;FLAVOR:Marlin
;TIME:6990
;Filament used: 11.4558m
;Layer height: 0.4
;MINX:78.2
;MINY:71.335
;MINZ:0.2
;MAXX:142.665
;MAXY:147.8
;MAXZ:35
;TARGET_MACHINE.NAME:Creality Ender-5
;Generated with Cura_SteamEngine 5.13.0
M140 S65
M105
M190 S65
M104 S205
M105
M109 S205
M201 X500.00 Y500.00 Z100.00 E5000.00 ;Setup machine max acceleration
M203 X500.00 Y500.00 Z10.00 E50.00 ;Setup machine max feedrate
M204 P500.00 R1000.00 T500.00 ;Setup Print/Retract/Travel acceleration
M205 X8.00 Y8.00 Z0.40 E5.00 ;Setup Jerk
M220 S100 ;Reset Feedrate
M221 S100 ;Reset Flowrate

G28 ;Home

G92 E0 ;Reset Extruder
G1 Z2.0 F3000 ;Move Z Axis up
G1 X10.1 Y20 Z0.28 F5000.0 ;Move to start position
G1 X10.1 Y200.0 Z0.28 F1500.0 E15 ;Draw the first line
G1 X10.4 Y200.0 Z0.28 F5000.0 ;Move to side a little
G1 X10.4 Y20 Z0.28 F1500.0 E30 ;Draw the second line
G92 E0 ;Reset Extruder
G1 Z2.0 F3000 ;Move Z Axis up

M82 ;absolute extrusion mode
G92 E0
G92 E0
G1 F2700 E-5
;LAYER_COUNT:88
;LAYER:0
M107
;MESH:tank_trainer_body.stl
G0 F6000 X110 Y125.38 Z0.2
;TYPE:WALL-INNER
G1 F2700 E0
G1 F600 X109.617 Y125.38 E0.01274
G1 X109.119 Y125.232 E0.03002
G1 X108.861 Y125.119 E0.03939
G1 X108.359 Y124.74 E0.06031
G1 X108.116 Y124.504 E0.07157
G1 X107.868 Y124.103 E0.08726
G1 X107.767 Y123.866 E0.09582
G1 X107.619 Y123.28 E0.11593
G1 X107.606 Y122.91 E0.12824
G1 X107.688 Y122.358 E0.1468
G1 X107.787 Y122.056 E0.15737
G1 X108.057 Y121.593 E0.1752
G1 X108.229 Y121.378 E0.18436
G1 X108.544 Y121.088 E0.1986
G1 X108.816 Y120.92 E0.20923
G1 X109.375 Y120.681 E0.22945
G1 X109.734 Y120.614 E0.2416
G1 X110.296 Y120.612 E0.26029
G1 X110.563 Y120.667 E0.26936
G1 X110.928 Y120.787 E0.28214
G1 X111.205 Y120.936 E0.2926
G1 X111.768 Y121.36 E0.31604
G1 X111.974 Y121.651 E0.3279
G1 X112.246 Y122.175 E0.34753
G1 X112.35 Y122.485 E0.35841
G1 X112.404 Y123.084 E0.37841
G1 X112.335 Y123.537 E0.39365
G1 X112.238 Y123.857 E0.40477
G1 X111.881 Y124.509 E0.4295
G1 X111.449 Y124.913 E0.44917
G1 X111.24 Y125.048 E0.45745
G1 X110.7 Y125.283 E0.47703
G1 X110.287 Y125.38 E0.49114
G1 X110 Y125.38 E0.50069
G0 F6000 X110 Y124.981
G1 F600 X109.695 Y124.981 E0.51083
G1 X109.146 Y124.827 E0.5298
G1 X108.478 Y124.325 E0.55759
G1 X108.166 Y123.827 E0.57714
G1 X108.013 Y123.214 E0.59815
G1 X108.004 Y122.949 E0.60697
G1 X108.08 Y122.425 E0.62458
G1 X108.152 Y122.221 E0.63178
G1 X108.458 Y121.708 E0.65164
G1 X108.868 Y121.332 E0.67015
G1 X109.467 Y121.077 E0.6918
G1 X109.709 Y121.012 E0.70013
G1 X110.205 Y121.012 E0.71663
G1 X110.452 Y121.051 E0.72495
G1 X110.89 Y121.198 E0.74031
G1 X111.481 Y121.645 E0.76496
G1 X111.629 Y121.852 E0.77342
G1 X111.891 Y122.353 E0.79223
G1 X111.955 Y122.555 E0.79927
G1 X112.002 Y123.069 E0.81644
G1 X111.919 Y123.609 E0.83461
G1 X111.569 Y124.254 E0.85902
G1 X111.139 Y124.657 E0.87862
G1 X110.48 Y124.943 E0.90252
G1 X110.256 Y124.981 E0.91007
G1 X110 Y124.981 E0.91859
G0 F6000 X110 Y124.583
G1 F600 X109.737 Y124.583 E0.92733
G1 X109.31 Y124.455 E0.94216
G1 X108.784 Y124.056 E0.96412
G1 X108.541 Y123.674 E0.97918
G1 X108.389 Y123.075 E0.99973
G1 X108.478 Y122.46 E1.0204
G1 X108.755 Y121.983 E1.03875
G1 X109.1 Y121.668 E1.05428
G1 X109.701 Y121.412 E1.07601
G1 X110.278 Y121.414 E1.0952
G1 X110.69 Y121.551 E1.10964
G1 X111.237 Y121.96 E1.13236
G1 X111.555 Y122.589 E1.1558
G1 X111.601 Y123.07 E1.17187
G1 X111.529 Y123.493 E1.18615
G1 X111.239 Y124.019 E1.20612
G1 X110.917 Y124.32 E1.22078
G1 X110.289 Y124.583 E1.24343
G1 X110 Y124.583 E1.25304
G1 F2700 E-3.74696
G0 F6000 X110 Y124.895
G0 X108.745 Y125.25
G0 X98.529 Y133.492
G0 X97.554 Y135
G0 X96.351 Y136.384
G1 F2700 E1.25304
G1 F600 X95.659 Y136.384 E1.27606
G1 X95.091 Y136.228 E1.29565
G1 X94.824 Y136.092 E1.30561
G1 X94.287 Y135.678 E1.32817
G1 X94.049 Y135.395 E1.34046
G1 X93.807 Y135.006 E1.3557
G1 X93.618 Y134.301 E1.37998
G1 X93.601 Y133.986 E1.39047
G1 X93.68 Y133.379 E1.41083
G1 X93.784 Y133.073 E1.42158
G1 X94.127 Y132.478 E1.44442
G1 X94.551 Y132.073 E1.46392
G1 X94.78 Y131.938 E1.47277
G1 X95.44 Y131.656 E1.49664
G1 X95.779 Y131.612 E1.50801
G1 X96.415 Y131.62 E1.52916
G1 X97.081 Y131.839 E1.55248
G1 X97.68 Y132.296 E1.57754
G1 X97.959 Y132.625 E1.59189
G1 X98.228 Y133.135 E1.61106
G1 X98.35 Y133.521 E1.62453
G1 X98.405 Y134.068 E1.64281
G1 X98.317 Y134.623 E1.6615
G1 X98.24 Y134.851 E1.66951
G1 X97.909 Y135.469 E1.69283
G1 X97.484 Y135.892 E1.71277
G1 X97.243 Y136.051 E1.72237
G1 X96.727 Y136.272 E1.74104
G1 X96.351 Y136.384 E1.75409
G0 F6000 X96.302 Y135.984
G1 F600 X95.705 Y135.984 E1.77395
G1 X95.152 Y135.828 E1.79306
G1 X94.486 Y135.33 E1.82072
G1 X94.175 Y134.843 E1.83994
G1 X94.011 Y134.202 E1.86194
G1 X94 Y134.003 E1.86857
G1 X94.084 Y133.421 E1.88813
G1 X94.147 Y133.241 E1.89447
G1 X94.455 Y132.707 E1.91498
G1 X94.887 Y132.326 E1.93413
G1 X95.49 Y132.069 E1.95593
G1 X95.792 Y132.012 E1.96616
G1 X96.346 Y132.018 E1.98458
G1 X96.881 Y132.193 E2.00331
G1 X97.418 Y132.599 E2.0257
G1 X97.618 Y132.834 E2.03596
G1 X97.868 Y133.31 E2.05384
G1 X97.954 Y133.551 E2.06235
G1 X98.004 Y134.071 E2.07973
G1 X97.919 Y134.609 E2.09784
G1 X97.565 Y135.249 E2.12217
G1 X97.173 Y135.637 E2.14052
G1 X96.569 Y135.904 E2.16248
G1 X96.302 Y135.984 E2.17175
G0 F6000 X96.301 Y135.578
G1 F600 X95.753 Y135.585 E2.18998
G1 X95.313 Y135.452 E2.20527
G1 X94.784 Y135.055 E2.22726
G1 X94.546 Y134.683 E2.24195
G1 X94.39 Y134.088 E2.26241
G1 X94.483 Y133.448 E2.28392
G1 X94.763 Y132.98 E2.30206
G1 X95.08 Y132.678 E2.31662
G1 X95.695 Y132.415 E2.33887
G1 X96.259 Y132.413 E2.35763
G1 X96.684 Y132.544 E2.37242
G1 X97.157 Y132.902 E2.39215
G1 X97.268 Y133.029 E2.39776
G1 X97.553 Y133.571 E2.41813
G1 X97.601 Y134.065 E2.43464
G1 X97.531 Y134.489 E2.44893
G1 X97.244 Y135.008 E2.46865
G1 X96.938 Y135.307 E2.48288
G1 X96.301 Y135.578 E2.50591
G1 F2700 E-2.49409
G0 F6000 X96.424 Y135.869
G0 X97.603 Y136.029
G0 X97.603 Y146.4
G0 X110 Y146.6
G1 F2700 E2.50591
G1 F600 X140.6 Y146.6 E3.52367
G1 X140.6 Y73.4 E5.95831
G1 X79.4 Y73.4 E7.99383
G1 X79.4 Y146.6 E10.42847
G1 X110 Y146.6 E11.44623
G0 F6000 X110 Y147
G1 F600 X141 Y147 E12.4773
G1 X141 Y73 E14.93855
G1 X79 Y73 E17.00068
G1 X79 Y147 E19.46193
G1 X110 Y147 E20.49299
G0 F6000 X110 Y147.4
G1 F600 X141.4 Y147.4 E21.53736
G1 X141.4 Y72.6 E24.02522
G1 X78.6 Y72.6 E26.11395
G1 X78.6 Y147.4 E28.60181
G1 X110 Y147.4 E29.64618
G1 F2700 E24.64618
G0 F6000 X110 Y147.09
G0 X123.659 Y146.4
G0 X123.828 Y136.565
G0 X123.659 Y136.384
G1 F2700 E29.64618
G1 F600 X123.091 Y136.228 E29.66577
G1 X122.824 Y136.092 E29.67574
G1 X122.287 Y135.678 E29.69829
G1 X122.117 Y135.492 E29.70667
G1 X121.917 Y135.187 E29.7188
G1 X121.777 Y134.92 E29.72883
G1 X121.618 Y134.273 E29.75099
G1 X121.604 Y133.933 E29.76231
G1 X121.676 Y133.422 E29.77947
G1 X121.782 Y133.078 E29.79144
G1 X122.126 Y132.478 E29.81444
G1 X122.476 Y132.146 E29.83049
G1 X122.728 Y131.956 E29.84099
G1 X123.366 Y131.688 E29.864
G1 X123.662 Y131.614 E29.87415
G1 X124.285 Y131.612 E29.89487
G1 X124.531 Y131.658 E29.9032
G1 X124.919 Y131.784 E29.91676
G1 X125.151 Y131.892 E29.92528
G1 X125.696 Y132.311 E29.94814
G1 X125.94 Y132.595 E29.96059
G1 X126.266 Y133.221 E29.98407
G1 X126.343 Y133.48 E29.99306
G1 X126.406 Y134.061 E30.01249
G1 X126.336 Y134.534 E30.0284
G1 X126.235 Y134.864 E30.03987
G1 X125.905 Y135.474 E30.06294
G1 X125.484 Y135.892 E30.08267
G1 X125.243 Y136.051 E30.09228
G1 X124.727 Y136.272 E30.11095
G1 X124.351 Y136.384 E30.124
G1 X123.659 Y136.384 E30.14701
G0 F6000 X123.705 Y135.984
G1 F600 X123.152 Y135.828 E30.16612
G1 X122.485 Y135.329 E30.19383
G1 X122.165 Y134.824 E30.21371
G1 X121.988 Y134.113 E30.23808
G1 X122.091 Y133.327 E30.26445
G1 X122.442 Y132.729 E30.28751
G1 X122.857 Y132.336 E30.30652
G1 X123.497 Y132.066 E30.32962
G1 X123.764 Y132.013 E30.33868
G1 X124.322 Y132.015 E30.35724
G1 X124.871 Y132.187 E30.37637
G1 X125.43 Y132.609 E30.39967
G1 X125.604 Y132.812 E30.40856
G1 X125.939 Y133.456 E30.43271
G1 X126.004 Y134.057 E30.45281
G1 X125.92 Y134.61 E30.47141
G1 X125.565 Y135.25 E30.49576
G1 X125.173 Y135.637 E30.51408
G1 X124.569 Y135.904 E30.53604
G1 X124.302 Y135.984 E30.54531
G1 X123.705 Y135.984 E30.56517
G0 F6000 X123.753 Y135.585
G1 F600 X123.313 Y135.452 E30.58046
G1 X122.784 Y135.055 E30.60246
G1 X122.541 Y134.678 E30.61737
G1 X122.392 Y134.087 E30.63765
G1 X122.481 Y133.461 E30.65868
G1 X122.759 Y132.974 E30.67733
G1 X123.086 Y132.676 E30.69204
G1 X123.692 Y132.416 E30.71397
G1 X124.282 Y132.415 E30.7336
G1 X124.699 Y132.557 E30.74825
G1 X125.238 Y132.964 E30.77071
G1 X125.556 Y133.582 E30.79383
G1 X125.6 Y134.055 E30.80963
G1 X125.534 Y134.49 E30.82426
G1 X125.243 Y135.008 E30.84402
G1 X124.938 Y135.306 E30.85821
G1 X124.301 Y135.578 E30.88124
G1 X123.753 Y135.585 E30.89947
G0 F6000 X123.793 Y135.182
;TYPE:WALL-OUTER
G1 F600 X123.507 Y135.096 E30.90941
G1 X123.083 Y134.783 E30.92693
G1 X122.915 Y134.515 E30.93745
G1 X122.796 Y134.059 E30.95313
G1 X122.863 Y133.592 E30.96882
G1 X123.073 Y133.23 E30.98274
G1 X123.292 Y133.027 E30.99267
G1 X123.781 Y132.812 E31.01044
G1 X124.204 Y132.814 E31.02451
G1 X124.517 Y132.919 E31.03549
G1 X124.922 Y133.224 E31.05235
G1 X125.165 Y133.693 E31.06992
G1 X125.196 Y134.06 E31.08217
G1 X125.149 Y134.358 E31.0922
G1 X124.925 Y134.764 E31.10763
G1 X124.709 Y134.968 E31.11751
G1 X124.204 Y135.183 E31.13576
G1 X123.793 Y135.182 E31.14943
G1 F2700 E26.14943
G0 F6000 X123.585 Y135.861
G0 X121.498 Y133.391
G0 X111.324 Y125.208
G0 X110 Y124.181
G1 F2700 E31.14943
G1 F600 X109.802 Y124.183 E31.15602
G1 X109.481 Y124.082 E31.16721
G1 X109.079 Y123.774 E31.18406
G1 X108.913 Y123.51 E31.19443
G1 X108.796 Y123.058 E31.20996
G1 X108.864 Y122.59 E31.22569
G1 X109.069 Y122.238 E31.23923
G1 X109.303 Y122.016 E31.24996
G1 X109.779 Y121.816 E31.26714
G1 X110.217 Y121.816 E31.2817
G1 X110.489 Y121.904 E31.29121
G1 X110.922 Y122.224 E31.30912
G1 X111.161 Y122.692 E31.3266
G1 X111.196 Y123.061 E31.33893
G1 X111.14 Y123.373 E31.34947
G1 X110.924 Y123.762 E31.36427
G1 X110.702 Y123.978 E31.37457
G1 X110.229 Y124.178 E31.39165
G1 X110 Y124.181 E31.39927
G1 F2700 E26.39927
G0 F6000 X110 Y124.895
G0 X108.745 Y125.25
G0 X98.425 Y133.134
G0 X96.204 Y135.183
G1 F2700 E31.39927
G1 F600 X95.793 Y135.182 E31.41294
G1 X95.507 Y135.096 E31.42287
G1 X95.083 Y134.783 E31.4404
G1 X94.917 Y134.519 E31.45077
G1 X94.797 Y134.06 E31.46655
G1 X94.864 Y133.589 E31.48237
G1 X95.075 Y133.23 E31.49622
G1 X95.31 Y133.015 E31.50682
G1 X95.785 Y132.812 E31.524
G1 X96.212 Y132.815 E31.5382
G1 X96.519 Y132.92 E31.54899
G1 X96.922 Y133.224 E31.56578
G1 X97.165 Y133.692 E31.58332
G1 X97.196 Y134.033 E31.59471
G1 X97.148 Y134.36 E31.6057
G1 X96.925 Y134.764 E31.62105
G1 X96.709 Y134.968 E31.63093
G1 X96.204 Y135.183 E31.64919
G1 F2700 E26.64919
G0 F6000 X96.204 Y135.895
G0 X97.603 Y136.029
G0 X97.603 Y146.4
G0 X110 Y147.8
G1 F2700 E31.64919
G1 F600 X141.8 Y147.8 E32.70686
G1 X141.8 Y72.2 E35.22133
G1 X78.2 Y72.2 E37.33667
G1 X78.2 Y147.8 E39.85114
G1 X110 Y147.8 E40.90881
G1 F2700 E35.90881
G0 F6000 X110 Y147.09
G0 X123.832 Y146.4
G0 X123.832 Y136.564
G0 X123.814 Y136.744
;TYPE:SKIN
G1 F2700 E40.90881
G1 F600 X124.355 Y136.741 E40.9268
G1 X124.702 Y136.668 E40.9386
G1 X125.4 Y136.372 E40.96381
G1 X125.698 Y136.18 E40.9756
G1 X126.198 Y135.683 E40.99905
G1 X126.599 Y134.942 E41.02708
G1 X126.69 Y134.591 E41.03914
G1 X126.75 Y134.186 E41.05275
G1 X126.747 Y133.869 E41.0633
G1 X126.688 Y133.382 E41.07961
G1 X126.573 Y133.013 E41.09247
G1 X126.199 Y132.323 E41.11857
G1 X125.956 Y132.056 E41.13058
G1 X125.33 Y131.577 E41.1568
G1 X125.049 Y131.445 E41.16712
G1 X124.619 Y131.309 E41.18212
G1 X124.285 Y131.252 E41.19339
G1 X123.651 Y131.257 E41.21448
G1 X123.26 Y131.34 E41.22777
G1 X122.582 Y131.633 E41.25234
G1 X122.316 Y131.799 E41.26277
G1 X121.839 Y132.255 E41.28472
G1 X121.415 Y132.999 E41.3132
G1 X121.322 Y133.344 E41.32508
G1 X121.221 Y134.044 E41.34861
G1 X121.294 Y134.492 E41.3637
G1 X121.472 Y135.149 E41.38634
G1 X121.825 Y135.706 E41.40828
G1 X122.057 Y135.955 E41.4196
G1 X122.521 Y136.315 E41.43913
G1 X122.938 Y136.553 E41.4551
G1 X123.501 Y136.713 E41.47457
G1 X123.814 Y136.744 E41.48503
G1 F2700 E36.48503
G0 F6000 X123.832 Y136.484
G0 X122.602 Y135.231
G0 X121.498 Y133.391
G0 X111.324 Y125.208
G0 X110 Y125.484
G0 X110 Y125.744
G1 F2700 E41.48503
G1 F600 X110.324 Y125.744 E41.4958
G1 X110.691 Y125.673 E41.50824
G1 X111.405 Y125.366 E41.53409
G1 X111.719 Y125.165 E41.54649
G1 X112.053 Y124.835 E41.5621
G1 X112.237 Y124.602 E41.57198
G1 X112.567 Y124.002 E41.59475
G1 X112.662 Y123.73 E41.60434
G1 X112.764 Y123.086 E41.62602
G1 X112.7 Y122.406 E41.64874
G1 X112.575 Y122.03 E41.66192
G1 X112.286 Y121.471 E41.68285
G1 X112.102 Y121.212 E41.69341
G1 X111.876 Y120.989 E41.70397
G1 X111.354 Y120.595 E41.72573
G1 X111.045 Y120.443 E41.73718
G1 X110.576 Y120.292 E41.75357
G1 X110.233 Y120.252 E41.76505
G1 X109.66 Y120.256 E41.78411
G1 X109.27 Y120.338 E41.79737
G1 X108.663 Y120.59 E41.81923
G1 X108.319 Y120.804 E41.8327
G1 X107.854 Y121.233 E41.85374
G1 X107.432 Y121.952 E41.88147
G1 X107.323 Y122.337 E41.89478
G1 X107.241 Y122.945 E41.91519
G1 X107.265 Y123.349 E41.92865
G1 X107.417 Y123.961 E41.94962
G1 X107.539 Y124.255 E41.96021
G1 X107.842 Y124.738 E41.97917
G1 X108.045 Y124.945 E41.98881
G1 X108.654 Y125.407 E42.01424
G1 X108.985 Y125.565 E42.02644
G1 X109.576 Y125.743 E42.04697
G1 X110 Y125.744 E42.06107
G1 F2700 E37.06107
G0 F6000 X110 Y125.484
G0 X109.059 Y125.402
G0 X98.529 Y133.492
G0 X97.554 Y135
G0 X96.319 Y136.484
G0 X96.355 Y136.741
G1 F2700 E42.06107
G1 F600 X96.702 Y136.668 E42.07286
G1 X97.4 Y136.372 E42.09808
G1 X97.698 Y136.18 E42.10987
G1 X98.198 Y135.683 E42.13332
G1 X98.561 Y135.011 E42.15872
G1 X98.667 Y134.701 E42.16962
G1 X98.742 Y134.262 E42.18443
G1 X98.752 Y133.902 E42.19641
G1 X98.705 Y133.455 E42.21136
G1 X98.594 Y133.074 E42.22456
G1 X98.219 Y132.341 E42.25194
G1 X97.919 Y132.027 E42.26639
G1 X97.367 Y131.609 E42.28942
G1 X97.071 Y131.458 E42.30047
G1 X96.434 Y131.258 E42.32268
G1 X95.774 Y131.252 E42.34463
G1 X95.355 Y131.3 E42.35866
G1 X94.574 Y131.631 E42.38687
G1 X94.306 Y131.815 E42.39768
G1 X93.837 Y132.258 E42.41914
G1 X93.462 Y132.903 E42.44395
G1 X93.334 Y133.267 E42.45679
G1 X93.241 Y133.958 E42.47998
G1 X93.258 Y134.356 E42.49323
G1 X93.434 Y135.013 E42.51585
G1 X93.557 Y135.286 E42.52581
G1 X93.819 Y135.696 E42.54199
G1 X94.057 Y135.955 E42.55369
G1 X94.521 Y136.315 E42.57322
G1 X94.938 Y136.553 E42.58919
G1 X95.501 Y136.713 E42.60866
G1 X95.814 Y136.744 E42.61912
G1 X96.355 Y136.741 E42.63711
G1 F2700 E37.63711
G0 F6000 X96.319 Y136.484
G0 X97.329 Y136.211
G0 X97.329 Y146.4
G0 X110 Y146.5
G0 X110 Y146.24
G1 F2700 E42.63711
G1 F600 X79.76 Y146.24 E43.6429
G1 X79.76 Y73.76 E46.0536
G1 X140.24 Y73.76 E48.06517
G1 X140.24 Y146.24 E50.47586
G1 X110 Y146.24 E51.48165
G1 F2700 E46.48165
G0 F6000 X110 Y146.5
G0 X79.572 Y146.428
G0 X79.5 Y145.579
G0 X79.96 Y145.579
G1 F2700 E51.48165
G1 F600 X80.421 Y146.04 E51.50333
G0 F6000 X80.986 Y146.04
G1 F600 X79.96 Y145.013 E51.55162
G0 F6000 X79.96 Y144.448
G1 F600 X81.552 Y146.04 E51.6265
G0 F6000 X82.118 Y146.04
G1 F600 X79.96 Y143.882 E51.72801
G0 F6000 X79.96 Y143.316
G1 F600 X82.683 Y146.04 E51.85611
G0 F6000 X83.249 Y146.04
G1 F600 X79.96 Y142.751 E52.01081
G0 F6000 X79.96 Y142.185
G1 F600 X83.815 Y146.04 E52.19214
G0 F6000 X84.38 Y146.04
G1 F600 X79.96 Y141.619 E52.40007
G0 F6000 X79.96 Y141.054
G1 F600 X84.946 Y146.04 E52.6346
G0 F6000 X85.512 Y146.04
G1 F600 X79.96 Y140.488 E52.89574
G0 F6000 X79.96 Y139.922
G1 F600 X86.078 Y146.04 E53.18352
G0 F6000 X86.643 Y146.04
G1 F600 X79.96 Y139.357 E53.49786
G0 F6000 X79.96 Y138.791
G1 F600 X87.209 Y146.04 E53.83883
G0 F6000 X87.775 Y146.04
G1 F600 X79.96 Y138.225 E54.20643
G0 F6000 X79.96 Y137.66
G1 F600 X88.34 Y146.04 E54.6006
G0 F6000 X88.906 Y146.04
G1 F600 X79.96 Y137.094 E55.02139
G0 F6000 X79.96 Y136.528
G1 F600 X89.472 Y146.04 E55.46881
G0 F6000 X90.037 Y146.04
G1 F600 X79.96 Y135.962 E55.94282
G0 F6000 X79.96 Y135.397
G1 F600 X90.603 Y146.04 E56.44343
G0 F6000 X91.169 Y146.04
G1 F600 X79.96 Y134.831 E56.97067
G0 F6000 X79.96 Y134.265
G1 F600 X91.734 Y146.04 E57.52451
G0 F6000 X92.3 Y146.04
G1 F600 X79.96 Y133.7 E58.10494
G0 F6000 X79.96 Y133.134
G1 F600 X92.866 Y146.04 E58.712
G0 F6000 X93.431 Y146.04
G1 F600 X79.96 Y132.568 E59.34566
G0 F6000 X79.96 Y132.003
G1 F600 X93.997 Y146.04 E60.00592
G0 F6000 X94.563 Y146.04
G1 F600 X79.96 Y131.437 E60.6928
G0 F6000 X79.96 Y130.871
G1 F600 X95.128 Y146.04 E61.40628
G0 F6000 X95.694 Y146.04
G1 F600 X79.96 Y130.306 E62.14636
G0 F6000 X79.96 Y129.74
G1 F600 X96.26 Y146.04 E62.91306
G0 F6000 X96.826 Y146.04
G1 F600 X79.96 Y129.174 E63.70638
G0 F6000 X79.96 Y128.609
G1 F600 X97.391 Y146.04 E64.52628
G0 F6000 X97.957 Y146.04
G1 F600 X79.96 Y128.043 E65.37281
G0 F6000 X79.96 Y127.477
G1 F600 X98.523 Y146.04 E66.24596
G0 F6000 X99.088 Y146.04
G1 F600 X79.96 Y126.912 E67.14568
G0 F6000 X79.96 Y126.346
G1 F600 X99.654 Y146.04 E68.07202
G0 F6000 X100.22 Y146.04
G1 F600 X79.96 Y125.78 E69.02499
G0 F6000 X79.96 Y125.214
G1 F600 X100.785 Y146.04 E70.00456
G0 F6000 X101.351 Y146.04
G1 F600 X79.96 Y124.649 E71.01073
G0 F6000 X79.96 Y124.083
G1 F600 X101.917 Y146.04 E72.04352
G0 F6000 X102.482 Y146.04
G1 F600 X79.96 Y123.517 E73.10291
G0 F6000 X79.96 Y122.952
G1 F600 X103.048 Y146.04 E74.18889
G0 F6000 X103.614 Y146.04
G1 F600 X79.96 Y122.386 E75.30151
G0 F6000 X79.96 Y121.82
G1 F600 X93.271 Y135.132 E75.92764
G0 F6000 X93.058 Y134.353
G1 F600 X79.96 Y121.255 E76.54373
G0 F6000 X79.96 Y120.689
G1 F600 X93.066 Y133.795 E77.16019
G0 F6000 X93.128 Y133.292
G1 F600 X79.96 Y120.123 E77.7796
G0 F6000 X79.96 Y119.558
G1 F600 X93.262 Y132.86 E78.40528
G0 F6000 X93.467 Y132.499
G1 F600 X79.96 Y118.992 E79.04061
G0 F6000 X79.96 Y118.426
G1 F600 X93.675 Y132.141 E79.68572
G0 F6000 X93.962 Y131.863
G1 F600 X79.96 Y117.861 E80.34434
G0 F6000 X79.96 Y117.295
G1 F600 X94.265 Y131.6 E81.0172
G0 F6000 X94.624 Y131.394
G1 F600 X79.96 Y116.729 E81.70697
G0 F6000 X79.96 Y116.164
G1 F600 X95.022 Y131.226 E82.41544
G0 F6000 X95.45 Y131.088
G1 F600 X79.96 Y115.598 E83.14404
G0 F6000 X79.96 Y115.032
G1 F600 X95.98 Y131.052 E83.89758
G0 F6000 X96.59 Y131.097
G1 F600 X79.96 Y114.466 E84.67982
G0 F6000 X79.96 Y113.901
G1 F600 X97.581 Y131.522 E85.50866
G0 F6000 X97.304 Y131.887
G0 X98.079 Y132.639
G0 X98.488 Y132.429
G1 F600 X112.099 Y146.04 E86.14888
G0 F6000 X111.533 Y146.04
G1 F600 X98.898 Y133.405 E86.74319
G0 F6000 X98.947 Y134.019
G1 F600 X110.968 Y146.04 E87.30862
G0 F6000 X110.402 Y146.04
G1 F600 X98.897 Y134.536 E87.84976
G0 F6000 X98.781 Y134.985
G1 F600 X109.836 Y146.04 E88.36975
G0 F6000 X109.271 Y146.04
G1 F600 X98.595 Y135.364 E88.87192
G0 F6000 X98.396 Y135.731
G1 F600 X108.705 Y146.04 E89.35682
G0 F6000 X108.139 Y146.04
G1 F600 X98.13 Y136.031 E89.82762
G0 F6000 X97.848 Y136.315
G1 F600 X107.574 Y146.04 E90.28507
G0 F6000 X107.008 Y146.04
G1 F600 X97.506 Y136.539 E90.732
G0 F6000 X97.115 Y136.713
G1 F600 X106.442 Y146.04 E91.17071
G0 F6000 X105.877 Y146.04
G1 F600 X96.708 Y136.872 E91.60197
G0 F6000 X96.211 Y136.94
G1 F600 X105.311 Y146.04 E92.03
G0 F6000 X104.745 Y146.04
G1 F600 X95.631 Y136.926 E92.4587
G0 F6000 X94.889 Y136.75
G1 F600 X104.179 Y146.04 E92.89567
G0 F6000 X104.179 Y146.5
G0 X112.665 Y146.5
G0 X112.665 Y146.04
G1 F600 X79.96 Y113.335 E94.43401
G0 F6000 X79.96 Y112.769
G1 F600 X113.23 Y146.04 E95.99896
G0 F6000 X113.796 Y146.04
G1 F600 X79.96 Y112.204 E97.5905
G0 F6000 X79.96 Y111.638
G1 F600 X114.362 Y146.04 E99.20866
G0 F6000 X114.927 Y146.04
G1 F600 X79.96 Y111.072 E100.85343
G0 F6000 X79.96 Y110.507
G1 F600 X115.493 Y146.04 E102.52479
G0 F6000 X116.059 Y146.04
G1 F600 X79.96 Y109.941 E104.22278
G0 F6000 X79.96 Y109.375
G1 F600 X116.625 Y146.04 E105.94739
G0 F6000 X117.19 Y146.04
G1 F600 X79.96 Y108.81 E107.69857
G0 F6000 X79.96 Y108.244
G1 F600 X117.756 Y146.04 E109.47638
G0 F6000 X118.322 Y146.04
G1 F600 X79.96 Y107.678 E111.28081
G0 F6000 X79.96 Y107.113
G1 F600 X118.887 Y146.04 E113.11182
G0 F6000 X119.453 Y146.04
G1 F600 X79.96 Y106.547 E114.96945
G0 F6000 X79.96 Y105.981
G1 F600 X120.019 Y146.04 E116.8537
G0 F6000 X120.584 Y146.04
G1 F600 X79.96 Y105.415 E118.76455
G0 F6000 X79.96 Y104.85
G1 F600 X121.15 Y146.04 E120.702
G0 F6000 X121.716 Y146.04
G1 F600 X79.96 Y104.284 E122.66608
G0 F6000 X79.96 Y103.718
G1 F600 X122.281 Y146.04 E124.65675
G0 F6000 X122.847 Y146.04
G1 F600 X79.96 Y103.153 E126.67402
G0 F6000 X79.96 Y102.587
G1 F600 X123.413 Y146.04 E128.71792
G0 F6000 X123.978 Y146.04
G1 F600 X79.96 Y102.021 E130.78841
G0 F6000 X79.96 Y101.456
G1 F600 X124.544 Y146.04 E132.88551
G0 F6000 X125.11 Y146.04
G1 F600 X79.96 Y100.89 E135.00923
G0 F6000 X79.96 Y100.324
G1 F600 X125.676 Y146.04 E137.15957
G0 F6000 X126.241 Y146.04
G1 F600 X79.96 Y99.759 E139.33648
G0 F6000 X79.96 Y99.193
G1 F600 X126.807 Y146.04 E141.54002
G0 F6000 X127.373 Y146.04
G1 F600 X79.96 Y98.627 E143.77018
G0 F6000 X79.96 Y98.062
G1 F600 X127.938 Y146.04 E146.02692
G0 F6000 X128.504 Y146.04
G1 F600 X79.96 Y97.496 E148.31028
G0 F6000 X79.96 Y96.93
G1 F600 X107.354 Y124.324 E149.59881
G0 F6000 X107.098 Y123.503
G1 F600 X79.96 Y96.365 E150.8753
G0 F6000 X79.96 Y95.799
G1 F600 X107.048 Y122.887 E152.14944
G0 F6000 X107.115 Y122.388
G1 F600 X79.96 Y95.233 E153.42673
G0 F6000 X79.96 Y94.667
G1 F600 X107.233 Y121.941 E154.70959
G0 F6000 X107.426 Y121.569
G1 F600 X79.96 Y94.102 E156.00153
G0 F6000 X79.96 Y93.536
G1 F600 X107.637 Y121.213 E157.30337
G0 F6000 X107.902 Y120.913
G1 F600 X79.96 Y92.97 E158.6177
G0 F6000 X79.96 Y92.405
G1 F600 X108.199 Y120.644 E159.94597
G0 F6000 X108.547 Y120.426
G1 F600 X79.96 Y91.839 E161.29062
G0 F6000 X79.96 Y91.273
G1 F600 X108.943 Y120.256 E162.65389
G0 F6000 X109.366 Y120.114
G1 F600 X79.96 Y90.708 E164.03706
G0 F6000 X79.96 Y90.142
G1 F600 X109.873 Y120.055 E165.44407
G0 F6000 X110.461 Y120.077
G1 F600 X79.96 Y89.576 E166.87875
G0 F6000 X79.96 Y89.011
G1 F600 X111.287 Y120.338 E168.35227
G0 F6000 X111.085 Y120.751
G0 X112.201 Y121.871
G0 X112.609 Y121.66
G1 F600 X122.439 Y131.49 E168.81465
G0 F6000 X122.106 Y131.723
G1 F600 X112.912 Y122.528 E169.24713
G0 F6000 X112.96 Y123.142
G1 F600 X121.816 Y131.998 E169.66369
G0 F6000 X121.571 Y132.319
G1 F600 X112.88 Y123.628 E170.07248
G0 F6000 X112.755 Y124.068
G1 F600 X121.368 Y132.682 E170.47764
G0 F6000 X121.19 Y133.07
G1 F600 X112.557 Y124.436 E170.88373
G0 F6000 X112.342 Y124.787
G1 F600 X121.092 Y133.537 E171.2953
G0 F6000 X121.021 Y134.031
G1 F600 X112.079 Y125.09 E171.71588
G0 F6000 X111.786 Y125.362
G1 F600 X121.152 Y134.729 E172.15646
G0 F6000 X121.597 Y134.612
G0 X122.022 Y135.528
G0 X121.632 Y135.774
G1 F600 X111.431 Y125.573 E172.63628
G0 F6000 X111.038 Y125.746
G1 F600 X131.332 Y146.04 E173.59085
G0 F6000 X130.767 Y146.04
G1 F600 X110.614 Y125.888 E174.53876
G0 F6000 X110.104 Y125.943
G1 F600 X130.201 Y146.04 E175.48406
G0 F6000 X129.635 Y146.04
G1 F600 X109.532 Y125.936 E176.42967
G0 F6000 X108.66 Y125.631
G1 F600 X129.07 Y146.04 E177.38967
G0 F6000 X129.07 Y146.5
G0 X131.898 Y146.5
G0 X131.898 Y146.04
G1 F600 X122.1 Y136.242 E177.85054
G0 F6000 X122.383 Y135.878
G0 X123.406 Y136.418
G0 X123.284 Y136.861
G1 F600 X132.464 Y146.04 E178.28231
G0 F6000 X133.029 Y146.04
G1 F600 X123.932 Y136.943 E178.71021
G0 F6000 X124.476 Y136.921
G1 F600 X133.595 Y146.04 E179.13914
G0 F6000 X134.161 Y146.04
G1 F600 X124.919 Y136.798 E179.57385
G0 F6000 X125.314 Y136.628
G1 F600 X134.726 Y146.04 E180.01656
G0 F6000 X135.292 Y146.04
G1 F600 X125.68 Y136.428 E180.46868
G0 F6000 X125.99 Y136.173
G1 F600 X135.858 Y146.04 E180.93282
G0 F6000 X136.424 Y146.04
G1 F600 X126.272 Y135.889 E181.41031
G0 F6000 X126.496 Y135.547
G1 F600 X136.989 Y146.04 E181.90387
G0 F6000 X137.555 Y146.04
G1 F600 X126.695 Y135.18 E182.41469
G0 F6000 X126.849 Y134.769
G1 F600 X138.121 Y146.04 E182.94487
G0 F6000 X138.686 Y146.04
G1 F600 X126.937 Y134.291 E183.49751
G0 F6000 X126.931 Y133.719
G1 F600 X139.252 Y146.04 E184.07705
G0 F6000 X139.818 Y146.04
G1 F600 X126.784 Y133.007 E184.69011
G0 F6000 X126.343 Y133.141
G0 X124.855 Y131.658
G0 X124.997 Y131.219
G1 F600 X79.96 Y86.182 E186.80851
G0 F6000 X79.96 Y86.748
G1 F600 X124.264 Y131.052 E188.89243
G0 F6000 X123.703 Y131.057
G1 F600 X79.96 Y87.314 E190.94997
G0 F6000 X79.96 Y87.879
G1 F600 X123.223 Y131.142 E192.98493
G0 F6000 X122.823 Y131.308
G1 F600 X79.96 Y88.445 E195.00107
G0 F6000 X79.5 Y88.445
G0 X79.5 Y85.616
G0 X79.96 Y85.616
G1 F600 X140.04 Y145.697 E197.82707
G0 F6000 X140.04 Y145.132
G1 F600 X79.96 Y85.051 E200.65308
G0 F6000 X79.96 Y84.485
G1 F600 X140.04 Y144.566 E203.47908
G0 F6000 X140.04 Y144
G1 F600 X79.96 Y83.919 E206.30508
G0 F6000 X79.96 Y83.354
G1 F600 X140.04 Y143.434 E209.13106
G0 F6000 X140.04 Y142.869
G1 F600 X79.96 Y82.788 E211.95706
G0 F6000 X79.96 Y82.222
G1 F600 X140.04 Y142.303 E214.78307
G0 F6000 X140.04 Y141.737
G1 F600 X79.96 Y81.657 E217.60905
G0 F6000 X79.96 Y81.091
G1 F600 X140.04 Y141.172 E220.43505
G0 F6000 X140.04 Y140.606
G1 F600 X79.96 Y80.525 E223.26105
G0 F6000 X79.96 Y79.96
G1 F600 X140.04 Y140.04 E226.08703
G0 F6000 X140.04 Y139.475
G1 F600 X79.96 Y79.394 E228.91303
G0 F6000 X79.96 Y78.828
G1 F600 X140.04 Y138.909 E231.73903
G0 F6000 X140.04 Y138.343
G1 F600 X79.96 Y78.263 E234.56501
G0 F6000 X79.96 Y77.697
G1 F600 X140.04 Y137.778 E237.39102
G0 F6000 X140.04 Y137.212
G1 F600 X79.96 Y77.131 E240.21702
G0 F6000 X79.96 Y76.566
G1 F600 X140.04 Y136.646 E243.043
G0 F6000 X140.04 Y136.081
G1 F600 X79.96 Y76 E245.869
G0 F6000 X79.96 Y75.434
G1 F600 X140.04 Y135.515 E248.695
G0 F6000 X140.04 Y134.949
G1 F600 X79.96 Y74.868 E251.521
G0 F6000 X79.96 Y74.303
G1 F600 X140.04 Y134.384 E254.34701
G0 F6000 X140.04 Y133.818
G1 F600 X80.182 Y73.96 E257.16254
G0 F6000 X80.748 Y73.96
G1 F600 X140.04 Y133.252 E259.95146
G0 F6000 X140.04 Y132.686
G1 F600 X81.314 Y73.96 E262.71375
G0 F6000 X81.879 Y73.96
G1 F600 X140.04 Y132.121 E265.44946
G0 F6000 X140.04 Y131.555
G1 F600 X82.445 Y73.96 E268.15856
G0 F6000 X83.011 Y73.96
G1 F600 X140.04 Y130.989 E270.84103
G0 F6000 X140.04 Y130.424
G1 F600 X83.576 Y73.96 E273.49692
G0 F6000 X84.142 Y73.96
G1 F600 X140.04 Y129.858 E276.12619
G0 F6000 X140.04 Y129.292
G1 F600 X84.708 Y73.96 E278.72884
G0 F6000 X85.274 Y73.96
G1 F600 X140.04 Y128.727 E281.30489
G0 F6000 X140.04 Y128.161
G1 F600 X85.839 Y73.96 E283.85433
G0 F6000 X86.405 Y73.96
G1 F600 X140.04 Y127.595 E286.37716
G0 F6000 X140.04 Y127.03
G1 F600 X86.971 Y73.96 E288.87339
G0 F6000 X87.536 Y73.96
G1 F600 X140.04 Y126.464 E291.34301
G0 F6000 X140.04 Y125.898
G1 F600 X88.102 Y73.96 E293.78602
G0 F6000 X88.668 Y73.96
G1 F600 X140.04 Y125.333 E296.20242
G0 F6000 X140.04 Y124.767
G1 F600 X89.233 Y73.96 E298.59223
G0 F6000 X89.799 Y73.96
G1 F600 X140.04 Y124.201 E300.95541
G0 F6000 X140.04 Y123.635
G1 F600 X90.365 Y73.96 E303.29197
G0 F6000 X90.93 Y73.96
G1 F600 X140.04 Y123.07 E305.60195
G0 F6000 X140.04 Y122.504
G1 F600 X91.496 Y73.96 E307.88532
G0 F6000 X92.062 Y73.96
G1 F600 X140.04 Y121.938 E310.14205
G0 F6000 X140.04 Y121.373
G1 F600 X92.627 Y73.96 E312.37222
G0 F6000 X93.193 Y73.96
G1 F600 X140.04 Y120.807 E314.57576
G0 F6000 X140.04 Y120.241
G1 F600 X93.759 Y73.96 E316.75267
G0 F6000 X94.325 Y73.96
G1 F600 X140.04 Y119.676 E318.90299
G0 F6000 X140.04 Y119.11
G1 F600 X94.89 Y73.96 E321.02671
G0 F6000 X95.456 Y73.96
G1 F600 X140.04 Y118.544 E323.1238
G0 F6000 X140.04 Y117.979
G1 F600 X96.022 Y73.96 E325.1943
G0 F6000 X96.587 Y73.96
G1 F600 X140.04 Y117.413 E327.23819
G0 F6000 X140.04 Y116.847
G1 F600 X97.153 Y73.96 E329.25546
G0 F6000 X97.719 Y73.96
G1 F600 X140.04 Y116.282 E331.24614
G0 F6000 X140.04 Y115.716
G1 F600 X98.284 Y73.96 E333.21021
G0 F6000 X98.85 Y73.96
G1 F600 X140.04 Y115.15 E335.14766
G0 F6000 X140.04 Y114.585
G1 F600 X99.416 Y73.96 E337.05852
G0 F6000 X99.981 Y73.96
G1 F600 X140.04 Y114.019 E338.94277
G0 F6000 X140.04 Y113.453
G1 F600 X100.547 Y73.96 E340.8004
G0 F6000 X101.113 Y73.96
G1 F600 X140.04 Y112.887 E342.6314
G0 F6000 X140.04 Y112.322
G1 F600 X101.678 Y73.96 E344.43584
G0 F6000 X102.244 Y73.96
G1 F600 X140.04 Y111.756 E346.21364
G0 F6000 X140.04 Y111.19
G1 F600 X102.81 Y73.96 E347.96483
G0 F6000 X103.375 Y73.96
G1 F600 X140.04 Y110.625 E349.68944
G0 F6000 X140.04 Y110.059
G1 F600 X103.941 Y73.96 E351.38742
G0 F6000 X104.507 Y73.96
G1 F600 X140.04 Y109.493 E353.05879
G0 F6000 X140.04 Y108.928
G1 F600 X105.073 Y73.96 E354.70355
G0 F6000 X105.638 Y73.96
G1 F600 X140.04 Y108.362 E356.32172
G0 F6000 X140.04 Y107.796
G1 F600 X106.204 Y73.96 E357.91326
G0 F6000 X106.77 Y73.96
G1 F600 X140.04 Y107.231 E359.4782
G0 F6000 X140.04 Y106.665
G1 F600 X107.335 Y73.96 E361.01654
G0 F6000 X107.901 Y73.96
G1 F600 X140.04 Y106.099 E362.52826
G0 F6000 X140.04 Y105.534
G1 F600 X108.467 Y73.96 E364.01338
G0 F6000 X109.032 Y73.96
G1 F600 X140.04 Y104.968 E365.47191
G0 F6000 X140.04 Y104.402
G1 F600 X109.598 Y73.96 E366.9038
G0 F6000 X110.164 Y73.96
G1 F600 X140.04 Y103.837 E368.3091
G0 F6000 X140.04 Y103.271
G1 F600 X110.729 Y73.96 E369.6878
G0 F6000 X111.295 Y73.96
G1 F600 X140.04 Y102.705 E371.03988
G0 F6000 X140.04 Y102.139
G1 F600 X111.861 Y73.96 E372.36533
G0 F6000 X112.426 Y73.96
G1 F600 X140.04 Y101.574 E373.66421
G0 F6000 X140.04 Y101.008
G1 F600 X112.992 Y73.96 E374.93647
G0 F6000 X113.558 Y73.96
G1 F600 X140.04 Y100.442 E376.1821
G0 F6000 X140.04 Y99.877
G1 F600 X114.123 Y73.96 E377.40115
G0 F6000 X114.689 Y73.96
G1 F600 X140.04 Y99.311 E378.59359
G0 F6000 X140.04 Y98.745
G1 F600 X115.255 Y73.96 E379.7594
G0 F6000 X115.821 Y73.96
G1 F600 X140.04 Y98.18 E380.89861
G0 F6000 X140.04 Y97.614
G1 F600 X116.386 Y73.96 E382.01122
G0 F6000 X116.952 Y73.96
G1 F600 X140.04 Y97.048 E383.09721
G0 F6000 X140.04 Y96.483
G1 F600 X117.518 Y73.96 E384.1566
G0 F6000 X118.083 Y73.96
G1 F600 X140.04 Y95.917 E385.18939
G0 F6000 X140.04 Y95.351
G1 F600 X118.649 Y73.96 E386.19556
G0 F6000 X119.215 Y73.96
G1 F600 X140.04 Y94.786 E387.17512
G0 F6000 X140.04 Y94.22
G1 F600 X119.78 Y73.96 E388.12809
G0 F6000 X120.346 Y73.96
G1 F600 X140.04 Y93.654 E389.05444
G0 F6000 X140.04 Y93.088
G1 F600 X120.912 Y73.96 E389.95416
G0 F6000 X121.477 Y73.96
G1 F600 X140.04 Y92.523 E390.82731
G0 F6000 X140.04 Y91.957
G1 F600 X122.043 Y73.96 E391.67383
G0 F6000 X122.609 Y73.96
G1 F600 X140.04 Y91.391 E392.49373
G0 F6000 X140.04 Y90.826
G1 F600 X123.174 Y73.96 E393.28705
G0 F6000 X123.74 Y73.96
G1 F600 X140.04 Y90.26 E394.05376
G0 F6000 X140.04 Y89.694
G1 F600 X124.306 Y73.96 E394.79384
G0 F6000 X124.872 Y73.96
G1 F600 X140.04 Y89.129 E395.50732
G0 F6000 X140.04 Y88.563
G1 F600 X125.437 Y73.96 E396.1942
G0 F6000 X126.003 Y73.96
G1 F600 X140.04 Y87.997 E396.85445
G0 F6000 X140.04 Y87.432
G1 F600 X126.569 Y73.96 E397.48811
G0 F6000 X127.134 Y73.96
G1 F600 X140.04 Y86.866 E398.09517
G0 F6000 X140.04 Y86.3
G1 F600 X127.7 Y73.96 E398.67561
G0 F6000 X128.266 Y73.96
G1 F600 X140.04 Y85.735 E399.22944
G0 F6000 X140.04 Y85.169
G1 F600 X128.831 Y73.96 E399.75668
G0 F6000 X129.397 Y73.96
G1 F600 X140.04 Y84.603 E400.25729
G0 F6000 X140.04 Y84.038
M104 S240
G1 F600 X129.963 Y73.96 E400.73131
G0 F6000 X130.528 Y73.96
G1 F600 X140.04 Y83.472 E401.17872
G0 F6000 X140.04 Y82.906
G1 F600 X131.094 Y73.96 E401.59952
G0 F6000 X131.66 Y73.96
G1 F600 X140.04 Y82.34 E401.99369
G0 F6000 X140.04 Y81.775
G1 F600 X132.225 Y73.96 E402.36128
G0 F6000 X132.791 Y73.96
G1 F600 X140.04 Y81.209 E402.70225
G0 F6000 X140.04 Y80.643
G1 F600 X133.357 Y73.96 E403.0166
G0 F6000 X133.922 Y73.96
G1 F600 X140.04 Y80.078 E403.30437
G0 F6000 X140.04 Y79.512
G1 F600 X134.488 Y73.96 E403.56552
G0 F6000 X135.054 Y73.96
G1 F600 X140.04 Y78.946 E403.80004
G0 F6000 X140.04 Y78.381
G1 F600 X135.62 Y73.96 E404.00797
G0 F6000 X136.185 Y73.96
G1 F600 X140.04 Y77.815 E404.1893
G0 F6000 X140.04 Y77.249
G1 F600 X136.751 Y73.96 E404.344
G0 F6000 X137.317 Y73.96
G1 F600 X140.04 Y76.684 E404.47211
G0 F6000 X140.04 Y76.118
G1 F600 X137.882 Y73.96 E404.57361
G0 F6000 X138.448 Y73.96
G1 F600 X140.04 Y75.552 E404.6485
G0 F6000 X140.04 Y74.987
G1 F600 X139.014 Y73.96 E404.69678
G0 F6000 X139.579 Y73.96
G1 F600 X140.04 Y74.421 E404.71846
G0 F6000 X140.79 Y74.421
G1 F2700 E399.71846
;MESH:NONMESH
G0 F300 Z0.6
G0 F6000 X140.4 Y125.37
G0 X111.922 Y124.717
G0 X110 Y125.37
;TIME_ELAPSED:1250.872006
;LAYER:1
M140 S55
M106 S42.5
;TYPE:WALL-INNER
;MESH:tank_trainer_body.stl
G1 F2700 E404.71846
G1 F1500 X109.658 Y125.371 E404.74121
G1 X109.349 Y125.307 E404.76221
G1 X108.857 Y125.106 E404.79756
G1 X108.637 Y124.975 E404.81459
G1 X108.192 Y124.592 E404.85365
G1 X107.831 Y124.059 E404.89647
G1 X107.606 Y123.314 E404.94824
G1 X107.605 Y122.717 E404.98795
G1 X107.757 Y122.152 E405.02687
G1 X107.855 Y121.919 E405.04369
G1 X108.111 Y121.499 E405.0764
G1 X108.58 Y121.059 E405.11918
G1 X108.798 Y120.923 E405.13627
G1 X109.314 Y120.693 E405.17385
G1 X109.723 Y120.624 E405.20145
G1 X110.302 Y120.626 E405.23996
G1 X110.604 Y120.679 E405.26036
G1 X111.176 Y120.896 E405.30105
G1 X111.423 Y121.068 E405.32108
G1 X111.825 Y121.426 E405.35688
G1 X112.161 Y121.939 E405.39768
G1 X112.38 Y122.634 E405.44615
G1 X112.39 Y122.981 E405.46924
G1 X112.316 Y123.581 E405.50946
G1 X112.227 Y123.884 E405.53046
G1 X112.019 Y124.289 E405.56075
G1 X111.823 Y124.554 E405.58267
G1 X111.445 Y124.912 E405.61731
G1 X111.183 Y125.085 E405.63819
G1 X110.677 Y125.3 E405.67476
G1 X110.336 Y125.369 E405.69791
G1 X110 Y125.37 E405.72026
G0 F9000 X110 Y124.972
G1 F1500 X109.706 Y124.974 E405.73981
G1 X109.49 Y124.938 E405.75438
G1 X108.936 Y124.706 E405.79433
G1 X108.491 Y124.323 E405.83339
G1 X108.195 Y123.885 E405.86855
G1 X108.003 Y123.249 E405.91275
G1 X108.013 Y122.742 E405.94648
G1 X108.162 Y122.181 E405.98509
G1 X108.42 Y121.756 E406.01816
G1 X108.906 Y121.312 E406.06195
G1 X109.458 Y121.072 E406.10199
G1 X109.704 Y121.025 E406.11865
G1 X110.42 Y121.029 E406.16628
G1 X111.08 Y121.299 E406.21372
G1 X111.521 Y121.688 E406.25283
G1 X111.811 Y122.14 E406.28856
G1 X111.976 Y122.689 E406.32669
G1 X111.99 Y122.954 E406.34434
G1 X111.922 Y123.513 E406.3818
G1 X111.858 Y123.729 E406.39679
G1 X111.614 Y124.203 E406.43225
G1 X111.096 Y124.684 E406.47927
G1 X110.55 Y124.921 E406.51887
G1 X110.306 Y124.97 E406.53542
G1 X110 Y124.972 E406.55578
G0 F9000 X110 Y124.571
G1 F1500 X109.656 Y124.572 E406.57866
G1 X109.124 Y124.346 E406.61711
G1 X108.784 Y124.045 E406.64732
G1 X108.549 Y123.688 E406.67575
G1 X108.402 Y123.186 E406.71054
G1 X108.412 Y122.808 E406.7357
G1 X108.538 Y122.33 E406.76858
G1 X108.732 Y122.011 E406.79342
G1 X109.126 Y121.649 E406.82901
G1 X109.64 Y121.426 E406.86628
G1 X110.336 Y121.426 E406.91258
G1 X110.858 Y121.636 E406.95
G1 X111.216 Y121.954 E406.98186
G1 X111.443 Y122.302 E407.0095
G1 X111.603 Y122.839 E407.04677
G1 X111.518 Y123.525 E407.09275
G1 X111.285 Y123.962 E407.12569
G1 X110.88 Y124.348 E407.16291
G1 X110.366 Y124.569 E407.20013
G1 X110 Y124.571 E407.22448
G1 F2700 E402.22448
G0 F9000 X110.001 Y124.885
G0 X108.779 Y125.27
G0 X98.53 Y133.522
G0 X97.59 Y134.959
G0 X96.37 Y136.371
G1 F2700 E407.22448
G1 F1500 X95.671 Y136.377 E407.27097
G1 X95.357 Y136.317 E407.29224
G1 X94.788 Y136.071 E407.33348
G1 X94.542 Y135.898 E407.35348
G1 X94.176 Y135.569 E407.38622
G1 X93.879 Y135.124 E407.42181
G1 X93.762 Y134.844 E407.44199
G1 X93.611 Y134.312 E407.47878
G1 X93.601 Y133.755 E407.51584
G1 X93.738 Y133.217 E407.55277
G1 X93.827 Y132.974 E407.56998
G1 X94.034 Y132.609 E407.5979
G1 X94.238 Y132.378 E407.6184
G1 X94.568 Y132.074 E407.64824
G1 X94.778 Y131.928 E407.66526
G1 X95.293 Y131.706 E407.70256
G1 X95.644 Y131.629 E407.72647
G1 X96.347 Y131.623 E407.77323
G1 X96.642 Y131.691 E407.79337
G1 X97.13 Y131.884 E407.82828
G1 X97.366 Y132.023 E407.8465
G1 X97.763 Y132.367 E407.88144
G1 X97.928 Y132.581 E407.89942
G1 X98.165 Y132.945 E407.92831
G1 X98.364 Y133.583 E407.97277
G1 X98.389 Y133.983 E407.99943
G1 X98.311 Y134.64 E408.04344
G1 X98.223 Y134.894 E408.06132
G1 X98.005 Y135.32 E408.09315
G1 X97.85 Y135.53 E408.11051
G1 X97.436 Y135.924 E408.14853
G1 X97.208 Y136.076 E408.16676
G1 X96.669 Y136.309 E408.20582
G1 X96.37 Y136.371 E408.22613
G0 F9000 X96.331 Y135.971
G1 F1500 X95.697 Y135.977 E408.26831
G1 X95.476 Y135.933 E408.2833
G1 X94.907 Y135.688 E408.32451
G1 X94.467 Y135.295 E408.36375
G1 X94.182 Y134.857 E408.39851
G1 X94.008 Y134.253 E408.44032
G1 X94.007 Y133.777 E408.47199
G1 X94.165 Y133.185 E408.51275
G1 X94.412 Y132.769 E408.54493
G1 X94.892 Y132.318 E408.58874
G1 X95.443 Y132.073 E408.62885
G1 X95.724 Y132.024 E408.64783
G1 X96.244 Y132.024 E408.68242
G1 X96.498 Y132.06 E408.69948
G1 X97.08 Y132.294 E408.74121
G1 X97.5 Y132.678 E408.77907
G1 X97.799 Y133.107 E408.81385
G1 X97.977 Y133.712 E408.8558
G1 X97.995 Y133.932 E408.87048
G1 X97.917 Y134.538 E408.91113
G1 X97.855 Y134.736 E408.92493
G1 X97.61 Y135.198 E408.95972
G1 X97.109 Y135.675 E409.00573
G1 X96.552 Y135.925 E409.04634
G1 X96.331 Y135.971 E409.06136
G0 F9000 X96.36 Y135.566
G1 F1500 X95.669 Y135.572 E409.10733
G1 X95.145 Y135.358 E409.14498
G1 X94.793 Y135.056 E409.17583
G1 X94.552 Y134.695 E409.2047
G1 X94.406 Y134.207 E409.23859
G1 X94.403 Y133.836 E409.26327
G1 X94.538 Y133.332 E409.29798
G1 X94.73 Y133.013 E409.32274
G1 X95.115 Y132.655 E409.35771
G1 X95.649 Y132.423 E409.39644
G1 X96.319 Y132.425 E409.44101
G1 X96.85 Y132.631 E409.4789
G1 X97.219 Y132.958 E409.5117
G1 X97.44 Y133.298 E409.53867
G1 X97.602 Y133.854 E409.5772
G1 X97.517 Y134.524 E409.62212
G1 X97.282 Y134.967 E409.65548
G1 X96.881 Y135.342 E409.692
G1 X96.36 Y135.566 E409.72972
G1 F2700 E404.72972
G0 F9000 X96.482 Y135.855
G0 X97.551 Y136.064
G0 X97.549 Y146.419
G0 X110 Y146.6
G1 F2700 E409.72972
G1 F1500 X140.6 Y146.6 E411.76525
G1 X140.6 Y73.4 E416.63453
G1 X79.4 Y73.4 E420.70557
G1 X79.401 Y146.599 E425.57479
G1 X110 Y146.6 E427.61024
G0 F9000 X110 Y147
G1 F1500 X141 Y147 E429.67237
G1 X141 Y73 E434.59487
G1 X79 Y73 E438.71913
G1 X79.001 Y146.999 E443.64156
G1 X110 Y147 E445.70362
G0 F9000 X110 Y147.4
G1 F1500 X141.4 Y147.4 E447.79236
G1 X141.4 Y72.6 E452.76807
G1 X78.6 Y72.6 E456.94555
G1 X78.601 Y147.399 E461.9212
G1 X110 Y147.4 E464.00987
G1 F2700 E459.00987
G0 F9000 X110 Y147.09
G0 X123.669 Y146.419
G0 X123.651 Y136.558
G0 X123.671 Y136.377
G1 F2700 E464.00987
G1 F1500 X123.357 Y136.317 E464.03113
G1 X122.788 Y136.071 E464.07237
G1 X122.542 Y135.898 E464.09237
G1 X122.176 Y135.569 E464.12511
G1 X121.825 Y135.042 E464.16723
G1 X121.604 Y134.305 E464.21841
G1 X121.608 Y133.71 E464.25799
G1 X121.787 Y133.044 E464.30387
G1 X122.087 Y132.522 E464.34392
G1 X122.522 Y132.113 E464.38363
G1 X122.759 Y131.936 E464.40331
G1 X123.363 Y131.676 E464.44705
G1 X123.66 Y131.624 E464.46711
G1 X124.288 Y131.625 E464.50889
G1 X124.621 Y131.678 E464.53132
G1 X125.134 Y131.885 E464.56811
G1 X125.386 Y132.038 E464.58773
G1 X125.807 Y132.406 E464.62492
G1 X126.168 Y132.958 E464.6688
G1 X126.361 Y133.573 E464.71167
G1 X126.394 Y133.97 E464.73817
G1 X126.316 Y134.582 E464.77921
G1 X126.229 Y134.879 E464.7998
G1 X126 Y135.328 E464.83333
G1 X125.847 Y135.533 E464.85034
G1 X125.436 Y135.925 E464.88812
G1 X125.207 Y136.077 E464.90641
G1 X124.668 Y136.309 E464.94544
G1 X124.37 Y136.371 E464.96569
G1 X123.671 Y136.377 E465.01219
G0 F9000 X123.697 Y135.977
G1 F1500 X123.476 Y135.933 E465.02718
G1 X122.907 Y135.688 E465.06839
G1 X122.467 Y135.295 E465.10763
G1 X122.188 Y134.866 E465.14167
G1 X122.004 Y134.245 E465.18476
G1 X122.006 Y133.763 E465.21682
G1 X122.176 Y133.159 E465.25856
G1 X122.406 Y132.771 E465.28856
G1 X122.893 Y132.313 E465.33303
G1 X123.422 Y132.085 E465.37135
G1 X123.652 Y132.026 E465.38715
G1 X124.413 Y132.029 E465.43777
G1 X125.078 Y132.292 E465.48534
G1 X125.535 Y132.708 E465.52645
G1 X125.805 Y133.133 E465.55994
G1 X125.976 Y133.681 E465.59813
G1 X125.992 Y133.907 E465.6132
G1 X125.903 Y134.643 E465.66252
G1 X125.609 Y135.199 E465.70435
G1 X125.109 Y135.675 E465.75028
G1 X124.552 Y135.925 E465.79089
G1 X124.331 Y135.971 E465.8059
G1 X123.697 Y135.977 E465.84808
G0 F9000 X123.669 Y135.572
G1 F1500 X123.145 Y135.358 E465.88573
G1 X122.793 Y135.056 E465.91658
G1 X122.551 Y134.694 E465.94555
G1 X122.404 Y134.192 E465.98034
G1 X122.405 Y133.828 E466.00456
G1 X122.534 Y133.344 E466.03788
G1 X122.727 Y133.024 E466.06274
G1 X123.096 Y132.67 E466.09675
G1 X123.649 Y132.424 E466.13701
G1 X124.318 Y132.424 E466.18151
G1 X124.863 Y132.641 E466.22054
G1 X125.207 Y132.944 E466.25103
G1 X125.44 Y133.302 E466.27944
G1 X125.6 Y133.836 E466.31653
G1 X125.519 Y134.522 E466.36248
G1 X125.297 Y134.946 E466.39431
G1 X124.882 Y135.342 E466.43247
G1 X124.36 Y135.566 E466.47026
G1 X123.669 Y135.572 E466.51622
G0 F9000 X123.732 Y135.17
;TYPE:WALL-OUTER
G1 F1500 X123.348 Y135.008 E466.54395
G1 X123.083 Y134.773 E466.56751
G1 X122.916 Y134.515 E466.58795
G1 X122.808 Y134.152 E466.61314
G1 X122.807 Y133.869 E466.63197
G1 X122.911 Y133.489 E466.65818
G1 X123.039 Y133.274 E466.67482
G1 X123.336 Y132.994 E466.70197
G1 X123.728 Y132.824 E466.7304
G1 X124.244 Y132.826 E466.76472
G1 X124.642 Y132.977 E466.79304
G1 X124.902 Y133.21 E466.81626
G1 X125.078 Y133.479 E466.83764
G1 X125.196 Y133.873 E466.865
G1 X125.129 Y134.405 E466.90067
G1 X124.958 Y134.721 E466.92457
G1 X124.669 Y134.996 E466.95111
G1 X124.271 Y135.172 E466.98006
G1 X123.732 Y135.17 E467.01591
G1 F2700 E462.01591
G0 F9000 X123.463 Y135.826
G0 X121.428 Y133.68
G0 X111.218 Y125.269
G0 X110 Y124.174
G1 F2700 E467.01591
G1 F1500 X109.742 Y124.176 E467.03308
G1 X109.345 Y124.006 E467.0618
G1 X109.092 Y123.784 E467.08419
G1 X108.925 Y123.536 E467.10408
G1 X108.808 Y123.153 E467.13072
G1 X108.806 Y122.874 E467.14928
G1 X108.907 Y122.498 E467.17518
G1 X109.034 Y122.281 E467.1919
G1 X109.329 Y122.002 E467.21891
G1 X109.728 Y121.824 E467.24798
G1 X110.257 Y121.828 E467.28317
G1 X110.645 Y121.98 E467.31089
G1 X110.908 Y122.216 E467.33439
G1 X111.077 Y122.478 E467.35513
G1 X111.196 Y122.871 E467.38245
G1 X111.131 Y123.399 E467.41784
G1 X110.97 Y123.704 E467.44078
G1 X110.661 Y124.006 E467.46952
G1 X110.273 Y124.172 E467.49759
G1 X110 Y124.174 E467.51575
G1 F2700 E462.51575
G0 F9000 X110.005 Y124.885
G0 X108.779 Y125.27
G0 X98.363 Y132.975
G0 X96.271 Y135.172
G1 F2700 E467.51575
G1 F1500 X95.732 Y135.17 E467.55161
G1 X95.348 Y135.008 E467.57933
G1 X95.083 Y134.773 E467.60289
G1 X94.919 Y134.522 E467.62284
G1 X94.804 Y134.128 E467.65014
G1 X94.804 Y133.89 E467.66597
G1 X94.905 Y133.498 E467.6929
G1 X95.034 Y133.281 E467.70969
G1 X95.333 Y132.999 E467.73703
G1 X95.728 Y132.823 E467.7658
G1 X96.249 Y132.827 E467.80045
G1 X96.64 Y132.98 E467.82838
G1 X96.909 Y133.215 E467.85214
G1 X97.079 Y133.482 E467.8732
G1 X97.191 Y133.86 E467.89943
G1 X97.131 Y134.4 E467.93557
G1 X96.958 Y134.721 E467.95982
G1 X96.669 Y134.996 E467.98636
G1 X96.271 Y135.172 E468.01531
G1 F2700 E463.01531
G0 F9000 X96.276 Y135.883
G0 X97.551 Y136.064
G0 X97.549 Y146.419
G0 X110 Y147.8
G1 F2700 E468.01531
G1 F1500 X141.8 Y147.8 E470.13065
G1 X141.8 Y72.2 E475.15959
G1 X78.2 Y72.2 E479.39028
G1 X78.201 Y147.799 E484.41914
G1 X110 Y147.8 E486.53442
G1 F2700 E481.53442
G0 F9000 X110 Y147.09
G0 X123.663 Y146.419
G0 X123.651 Y136.558
G0 X123.614 Y136.733
;TYPE:SKIN
G1 F2700 E486.53442
G1 F1500 X124.419 Y136.725 E486.58797
G1 X124.762 Y136.652 E486.6113
G1 X125.363 Y136.401 E486.65462
G1 X125.645 Y136.214 E486.67713
G1 X126.106 Y135.782 E486.71916
G1 X126.297 Y135.532 E486.74009
G1 X126.563 Y135.014 E486.77882
G1 X126.67 Y134.643 E486.80451
G1 X126.755 Y133.995 E486.84798
G1 X126.721 Y133.521 E486.87959
G1 X126.521 Y132.882 E486.92413
G1 X126.373 Y132.605 E486.94502
G1 X126.096 Y132.194 E486.97799
G1 X125.584 Y131.736 E487.02369
G1 X125.285 Y131.556 E487.0469
G1 X124.744 Y131.34 E487.08565
G1 X124.284 Y131.266 E487.11665
G1 X123.564 Y131.267 E487.16454
G1 X123.143 Y131.376 E487.19347
G1 X122.553 Y131.638 E487.23641
G1 X122.28 Y131.841 E487.25904
G1 X121.919 Y132.181 E487.29203
G1 X121.726 Y132.427 E487.31283
G1 X121.446 Y132.914 E487.3502
G1 X121.249 Y133.656 E487.40127
G1 X121.245 Y134.198 E487.43732
G1 X121.284 Y134.495 E487.45725
G1 X121.498 Y135.201 E487.50632
G1 X121.9 Y135.803 E487.55447
G1 X122.373 Y136.233 E487.597
G1 X122.659 Y136.411 E487.6194
G1 X123.242 Y136.657 E487.6615
G1 X123.614 Y136.733 E487.68675
G1 F2700 E482.68675
G0 F9000 X123.665 Y136.476
G0 X121.424 Y134.176
G0 X111.218 Y125.269
G0 X110 Y125.47
G0 X110 Y125.73
G1 F2700 E487.68675
G1 F1500 X110.359 Y125.728 E487.71064
G1 X110.797 Y125.638 E487.74038
G1 X111.278 Y125.437 E487.77506
G1 X111.675 Y125.187 E487.80627
G1 X112.139 Y124.751 E487.84862
G1 X112.319 Y124.483 E487.87009
G1 X112.559 Y124.014 E487.90514
G1 X112.669 Y123.652 E487.93031
G1 X112.764 Y122.841 E487.98462
G1 X112.698 Y122.454 E488.01074
G1 X112.545 Y121.947 E488.04597
G1 X112.413 Y121.672 E488.06626
G1 X112.172 Y121.3 E488.09574
G1 X111.988 Y121.088 E488.11442
G1 X111.589 Y120.739 E488.14968
G1 X111.244 Y120.539 E488.17621
G1 X110.647 Y120.304 E488.21888
G1 X110.274 Y120.264 E488.24384
G1 X109.593 Y120.265 E488.28914
G1 X109.181 Y120.363 E488.31731
G1 X108.633 Y120.599 E488.357
G1 X108.294 Y120.831 E488.38433
G1 X107.82 Y121.276 E488.42757
G1 X107.533 Y121.753 E488.4646
G1 X107.415 Y122.029 E488.48457
G1 X107.246 Y122.678 E488.52918
G1 X107.244 Y123.208 E488.56444
G1 X107.281 Y123.484 E488.58296
G1 X107.506 Y124.22 E488.63416
G1 X107.927 Y124.839 E488.68396
G1 X108.422 Y125.263 E488.72731
G1 X108.688 Y125.424 E488.74799
G1 X109.235 Y125.648 E488.78731
G1 X109.647 Y125.732 E488.81528
G1 X110 Y125.73 E488.83877
G1 F2700 E483.83877
G0 F9000 X110 Y125.47
G0 X108.779 Y125.27
G0 X98.53 Y133.522
G0 X97.684 Y134.815
G0 X96.382 Y136.471
G0 X96.419 Y136.725
G1 F2700 E488.83877
G1 F1500 X96.799 Y136.641 E488.86465
G1 X97.363 Y136.401 E488.90543
G1 X97.645 Y136.214 E488.92794
G1 X98.11 Y135.778 E488.97034
G1 X98.302 Y135.523 E488.99157
G1 X98.543 Y135.051 E489.02682
G1 X98.661 Y134.71 E489.05083
G1 X98.76 Y133.862 E489.10762
G1 X98.706 Y133.493 E489.13243
G1 X98.531 Y132.911 E489.17285
G1 X98.403 Y132.654 E489.19195
G1 X98.101 Y132.2 E489.22822
G1 X97.639 Y131.775 E489.26998
G1 X97.309 Y131.562 E489.29611
G1 X96.728 Y131.339 E489.33751
G1 X96.294 Y131.266 E489.36678
G1 X95.704 Y131.264 E489.40603
G1 X95.266 Y131.327 E489.43547
G1 X94.633 Y131.599 E489.4813
G1 X94.332 Y131.8 E489.50537
G1 X93.992 Y132.112 E489.53607
G1 X93.737 Y132.403 E489.56181
G1 X93.442 Y132.924 E489.60163
G1 X93.266 Y133.605 E489.64842
G1 X93.244 Y133.897 E489.6679
G1 X93.254 Y134.366 E489.69911
G1 X93.49 Y135.189 E489.75606
G1 X93.904 Y135.803 E489.80532
G1 X94.373 Y136.232 E489.8476
G1 X94.686 Y136.425 E489.87206
G1 X95.242 Y136.657 E489.91214
G1 X95.614 Y136.733 E489.93739
G1 X96.419 Y136.725 E489.99095
G1 F2700 E484.99095
G0 F9000 X96.382 Y136.471
G0 X97.294 Y136.236
G0 X97.292 Y146.419
G0 X109.999 Y146.499
G0 X110 Y146.238
G1 F2700 E489.99095
G1 F1500 X79.761 Y146.236 E492.00245
G1 X79.76 Y73.76 E496.82357
G1 X140.24 Y73.76 E500.84672
G1 X140.24 Y146.24 E505.66811
G1 X110 Y146.238 E507.67968
G1 F2700 E502.67968
G0 F9000 X109.999 Y146.499
G0 X139.63 Y146.499
G0 X139.631 Y146.04
G1 F2700 E507.67968
G1 F1500 X140.04 Y145.631 E507.71816
G0 F9000 X140.04 Y145.066
G1 F1500 X139.065 Y146.04 E507.80983
G0 F9000 X138.5 Y146.04
G1 F1500 X140.04 Y144.5 E507.95471
G0 F9000 X140.04 Y143.934
G1 F1500 X137.934 Y146.04 E508.15283
G0 F9000 X137.368 Y146.04
G1 F1500 X140.04 Y143.369 E508.40415
G0 F9000 X140.04 Y142.803
G1 F1500 X136.803 Y146.04 E508.70866
G0 F9000 X136.237 Y146.04
G1 F1500 X140.04 Y142.237 E509.06643
G0 F9000 X140.04 Y141.672
G1 F1500 X135.671 Y146.04 E509.47739
G0 F9000 X135.105 Y146.04
G1 F1500 X140.04 Y141.106 E509.9416
G0 F9000 X140.04 Y140.54
G1 F1500 X134.54 Y146.04 E510.459
G0 F9000 X133.974 Y146.04
G1 F1500 X140.04 Y139.975 E511.02961
G0 F9000 X140.04 Y139.409
G1 F1500 X133.408 Y146.04 E511.65346
G0 F9000 X132.843 Y146.04
G1 F1500 X140.04 Y138.843 E512.33051
G0 F9000 X140.04 Y138.278
G1 F1500 X132.277 Y146.04 E513.06076
G0 F9000 X131.711 Y146.04
G1 F1500 X140.04 Y137.712 E513.84425
G0 F9000 X140.04 Y137.146
G1 F1500 X131.146 Y146.04 E514.68094
G0 F9000 X130.58 Y146.04
G1 F1500 X140.04 Y136.581 E515.57083
G0 F9000 X140.04 Y136.015
G1 F1500 X130.015 Y146.039 E516.51388
G0 F9000 X129.449 Y146.039
G1 F1500 X140.04 Y135.449 E517.51017
G0 F9000 X140.04 Y134.883
G1 F1500 X128.884 Y146.039 E518.55966
G0 F9000 X128.318 Y146.039
G1 F1500 X140.04 Y134.318 E519.66234
G0 F9000 X140.04 Y133.752
G1 F1500 X127.752 Y146.039 E520.81827
G0 F9000 X127.187 Y146.039
G1 F1500 X140.04 Y133.186 E522.02741
G0 F9000 X140.04 Y132.621
G1 F1500 X126.621 Y146.039 E523.28974
G0 F9000 X126.055 Y146.039
G1 F1500 X140.04 Y132.055 E524.60531
G0 F9000 X140.04 Y131.489
G1 F1500 X125.49 Y146.039 E525.97409
G0 F9000 X124.924 Y146.039
G1 F1500 X140.04 Y130.924 E527.39606
G0 F9000 X140.04 Y130.358
G1 F1500 X124.358 Y146.039 E528.87128
G0 F9000 X123.792 Y146.039
G1 F1500 X140.04 Y129.792 E530.39975
G0 F9000 X140.04 Y129.227
G1 F1500 X123.227 Y146.039 E531.98136
G0 F9000 X122.661 Y146.039
G1 F1500 X140.04 Y128.661 E533.61622
G0 F9000 X140.04 Y128.095
G1 F1500 X122.095 Y146.039 E535.30433
G0 F9000 X121.53 Y146.039
G1 F1500 X140.04 Y127.53 E537.04559
G0 F9000 X140.04 Y126.964
G1 F1500 X120.964 Y146.039 E538.8401
G0 F9000 X120.398 Y146.039
G1 F1500 X140.04 Y126.398 E540.68785
G0 F9000 X140.04 Y125.832
G1 F1500 X119.833 Y146.039 E542.5888
G0 F9000 X119.268 Y146.039
G1 F1500 X140.04 Y125.267 E544.5429
G0 F9000 X140.04 Y124.701
G1 F1500 X118.702 Y146.039 E546.55025
G0 F9000 X118.136 Y146.039
G1 F1500 X140.04 Y124.135 E548.61085
G0 F9000 X140.04 Y123.57
G1 F1500 X117.571 Y146.039 E550.72459
G0 F9000 X117.005 Y146.039
G1 F1500 X140.04 Y123.004 E552.89158
G0 F9000 X140.04 Y122.438
G1 F1500 X116.439 Y146.039 E555.11182
G0 F9000 X115.874 Y146.039
G1 F1500 X125.248 Y136.664 E555.99372
G0 F9000 X124.425 Y136.922
G1 F1500 X115.308 Y146.039 E556.85139
G0 F9000 X114.742 Y146.039
G1 F1500 X123.848 Y136.933 E557.70803
G0 F9000 X123.334 Y136.882
G1 F1500 X114.177 Y146.039 E558.56946
G0 F9000 X113.611 Y146.039
G1 F1500 X122.914 Y136.736 E559.44463
G0 F9000 X122.525 Y136.559
G1 F1500 X113.045 Y146.039 E560.33645
G0 F9000 X112.479 Y146.039
G1 F1500 X122.186 Y136.332 E561.24962
G0 F9000 X121.89 Y136.062
G1 F1500 X111.914 Y146.039 E562.18815
G0 F9000 X111.348 Y146.039
G1 F1500 X121.63 Y135.757 E563.15542
G0 F9000 X121.403 Y135.418
G1 F1500 X110.782 Y146.039 E564.15458
G0 F9000 X110.217 Y146.039
G1 F1500 X121.232 Y135.023 E565.19085
G0 F9000 X121.102 Y134.588
G1 F1500 X109.652 Y146.038 E566.26799
G0 F9000 X109.086 Y146.038
G1 F1500 X121.045 Y134.079 E567.39302
G0 F9000 X121.091 Y133.468
G1 F1500 X108.52 Y146.038 E568.57558
G0 F9000 X107.955 Y146.038
G1 F1500 X121.395 Y132.598 E569.83993
G0 F9000 X121.795 Y132.828
G0 X122.777 Y131.823
G0 X122.592 Y131.401
G1 F1500 X140.04 Y113.953 E571.48133
G0 F9000 X140.04 Y114.519
G1 F1500 X123.474 Y131.084 E573.03971
G0 F9000 X124.058 Y131.066
G1 F1500 X140.04 Y115.084 E574.5432
G0 F9000 X140.04 Y115.65
G1 F1500 X124.577 Y131.112 E575.99782
G0 F9000 X125.019 Y131.236
G1 F1500 X140.04 Y116.216 E577.41086
G0 F9000 X140.04 Y116.782
G1 F1500 X125.417 Y131.404 E578.78645
G0 F9000 X125.758 Y131.629
G1 F1500 X140.04 Y117.347 E580.13001
G0 F9000 X140.04 Y117.913
G1 F1500 X126.059 Y131.894 E581.44526
G0 F9000 X126.33 Y132.189
G1 F1500 X140.04 Y118.479 E582.73501
G0 F9000 X140.04 Y119.044
G1 F1500 X126.558 Y132.526 E584.00332
G0 F9000 X126.739 Y132.911
G1 F1500 X140.04 Y119.61 E585.25459
G0 F9000 X140.04 Y120.176
G1 F1500 X126.873 Y133.342 E586.49322
G0 F9000 X126.945 Y133.836
G1 F1500 X140.04 Y120.741 E587.72511
G0 F9000 X140.04 Y121.307
G1 F1500 X126.896 Y134.451 E588.96162
G0 F9000 X126.672 Y135.241
G1 F1500 X140.04 Y121.873 E590.2192
G0 F9000 X140.5 Y121.873
G0 X140.5 Y113.387
G0 X140.04 Y113.387
G1 F1500 X107.389 Y146.038 E593.29081
G0 F9000 X106.823 Y146.038
G1 F1500 X140.04 Y112.822 E596.41561
G0 F9000 X140.04 Y112.256
G1 F1500 X106.258 Y146.038 E599.59362
G0 F9000 X105.692 Y146.038
G1 F1500 X140.04 Y111.69 E602.82486
G0 F9000 X140.04 Y111.125
G1 F1500 X105.126 Y146.038 E606.10931
G0 F9000 X104.561 Y146.038
G1 F1500 X140.04 Y110.559 E609.44696
G0 F9000 X140.04 Y109.993
G1 F1500 X103.995 Y146.038 E612.83785
G0 F9000 X103.429 Y146.038
G1 F1500 X140.04 Y109.428 E616.28194
G0 F9000 X140.04 Y108.862
G1 F1500 X102.864 Y146.038 E619.77923
G0 F9000 X102.298 Y146.038
G1 F1500 X140.04 Y108.296 E623.32977
G0 F9000 X140.04 Y107.731
G1 F1500 X101.732 Y146.038 E626.9335
G0 F9000 X101.166 Y146.038
G1 F1500 X140.04 Y107.165 E630.59048
G0 F9000 X140.04 Y106.599
G1 F1500 X100.601 Y146.038 E634.30066
G0 F9000 X100.035 Y146.038
G1 F1500 X140.04 Y106.033 E638.06409
G0 F9000 X140.04 Y105.468
G1 F1500 X99.47 Y146.037 E641.88062
G0 F9000 X98.904 Y146.037
G1 F1500 X140.04 Y104.902 E645.75039
G0 F9000 X140.04 Y104.336
G1 F1500 X98.339 Y146.037 E649.67337
G0 F9000 X97.773 Y146.037
G1 F1500 X140.04 Y103.771 E653.64954
G0 F9000 X140.04 Y103.205
G1 F1500 X97.207 Y146.037 E657.67896
G0 F9000 X96.642 Y146.037
G1 F1500 X140.04 Y102.639 E661.76158
G0 F9000 X140.04 Y102.074
G1 F1500 X96.076 Y146.037 E665.89739
G0 F9000 X95.51 Y146.037
G1 F1500 X140.04 Y101.508 E670.08646
G0 F9000 X140.04 Y100.942
G1 F1500 X94.945 Y146.037 E674.32872
G0 F9000 X94.379 Y146.037
G1 F1500 X140.04 Y100.377 E678.62418
G0 F9000 X140.04 Y99.811
G1 F1500 X93.813 Y146.037 E682.97288
G0 F9000 X93.248 Y146.037
G1 F1500 X140.04 Y99.245 E687.37479
G0 F9000 X140.04 Y98.68
G1 F1500 X92.682 Y146.037 E691.82989
G0 F9000 X92.116 Y146.037
G1 F1500 X140.04 Y98.114 E696.33824
G0 F9000 X140.04 Y97.548
G1 F1500 X91.551 Y146.037 E700.89979
G0 F9000 X90.985 Y146.037
G1 F1500 X111.478 Y125.545 E702.8276
G0 F9000 X110.568 Y125.888
G1 F1500 X90.419 Y146.037 E704.72309
G0 F9000 X89.854 Y146.037
G1 F1500 X109.963 Y125.928 E706.61482
G0 F9000 X109.434 Y125.891
G1 F1500 X89.288 Y146.037 E708.51003
G0 F9000 X88.723 Y146.037
G1 F1500 X108.994 Y125.765 E710.41705
G0 F9000 X108.597 Y125.597
G1 F1500 X88.157 Y146.037 E712.33992
G0 F9000 X87.591 Y146.037
G1 F1500 X96.774 Y136.854 E713.2038
G0 F9000 X96.135 Y136.928
G1 F1500 X87.026 Y146.037 E714.06072
G0 F9000 X86.46 Y146.037
G1 F1500 X95.569 Y136.928 E714.91764
G0 F9000 X95.112 Y136.82
G1 F1500 X85.894 Y146.037 E715.78477
G0 F9000 X85.329 Y146.037
G1 F1500 X94.713 Y136.653 E716.66756
G0 F9000 X94.346 Y136.453
G1 F1500 X84.763 Y146.037 E717.56911
G0 F9000 X84.197 Y146.037
G1 F1500 X94.039 Y136.195 E718.49499
G0 F9000 X93.745 Y135.923
G1 F1500 X83.632 Y146.037 E719.4464
G0 F9000 X83.066 Y146.037
G1 F1500 X93.517 Y135.586 E720.42957
G0 F9000 X93.294 Y135.243
G1 F1500 X82.5 Y146.037 E721.445
G0 F9000 X81.935 Y146.037
G1 F1500 X93.17 Y134.801 E722.50197
G0 F9000 X93.055 Y134.351
G1 F1500 X81.369 Y146.037 E723.60132
G0 F9000 X80.803 Y146.037
G1 F1500 X93.053 Y133.787 E724.75372
G0 F9000 X93.197 Y133.077
G1 F1500 X80.238 Y146.037 E725.97287
G0 F9000 X79.961 Y145.747
G1 F1500 X140.04 Y85.669 E731.62469
G0 F9000 X140.04 Y86.235
G1 F1500 X95.09 Y131.184 E735.85326
G0 F9000 X95.775 Y131.064
G1 F1500 X140.04 Y86.8 E740.0174
G0 F9000 X140.04 Y87.366
G1 F1500 X96.334 Y131.071 E744.12894
G0 F9000 X96.815 Y131.156
G1 F1500 X140.04 Y87.932 E748.19524
G0 F9000 X140.04 Y88.497
G1 F1500 X97.221 Y131.316 E752.22339
G0 F9000 X97.593 Y131.509
G1 F1500 X107.29 Y121.813 E753.13557
G0 F9000 X107.057 Y122.611
G1 F1500 X97.912 Y131.757 E753.99593
G0 F9000 X98.205 Y132.029
G1 F1500 X107.046 Y123.188 E754.82763
G0 F9000 X107.131 Y123.669
G1 F1500 X98.445 Y132.355 E755.64476
G0 F9000 X98.654 Y132.711
G1 F1500 X107.262 Y124.103 E756.45455
G0 F9000 X107.443 Y124.488
G1 F1500 X98.805 Y133.126 E757.26716
G0 F9000 X98.919 Y133.577
G1 F1500 X107.674 Y124.823 E758.09073
G0 F9000 X107.946 Y125.117
G1 F1500 X98.928 Y134.135 E758.93908
G0 F9000 X98.851 Y134.777
G1 F1500 X108.25 Y125.378 E759.82328
G0 F9000 X108.549 Y125.031
G0 X110.225 Y124.841
G0 X112.146 Y124.262
G0 X112.552 Y124.471
G1 F1500 X140.04 Y96.983 E762.40919
G0 F9000 X140.04 Y96.417
G1 F1500 X112.879 Y123.578 E764.96433
G0 F9000 X112.96 Y122.931
G1 F1500 X140.04 Y95.851 E767.51185
G0 F9000 X140.04 Y95.285
G1 F1500 X112.896 Y122.429 E770.06539
G0 F9000 X112.765 Y121.994
G1 F1500 X140.04 Y94.72 E772.63121
G0 F9000 X140.04 Y94.154
G1 F1500 X112.599 Y121.595 E775.21269
G0 F9000 X112.379 Y121.249
G1 F1500 X140.04 Y93.588 E777.81487
G0 F9000 X140.04 Y93.023
G1 F1500 X112.121 Y120.941 E780.44127
G0 F9000 X111.82 Y120.676
G1 F1500 X140.04 Y92.457 E783.09598
G0 F9000 X140.04 Y91.891
G1 F1500 X111.482 Y120.449 E785.78255
G0 F9000 X111.098 Y120.268
G1 F1500 X140.04 Y91.326 E788.50523
G0 F9000 X140.04 Y90.76
G1 F1500 X110.689 Y120.111 E791.26639
G0 F9000 X110.17 Y120.064
G1 F1500 X140.04 Y90.194 E794.07638
G0 F9000 X140.04 Y89.629
G1 F1500 X109.604 Y120.064 E796.93957
G0 F9000 X108.785 Y120.318
G1 F1500 X140.04 Y89.063 E799.87984
G0 F9000 X140.5 Y89.063
G0 X140.5 Y85.103
G0 X140.04 Y85.103
G1 F1500 X79.961 Y145.182 E805.53171
G0 F9000 X79.961 Y144.616
G1 F1500 X140.04 Y84.537 E811.18357
G0 F9000 X140.04 Y83.972
G1 F1500 X79.961 Y144.05 E816.83539
G0 F9000 X79.961 Y143.485
G1 F1500 X140.04 Y83.406 E822.48725
G0 F9000 X140.04 Y82.84
G1 F1500 X79.961 Y142.919 E828.13912
G0 F9000 X79.961 Y142.353
G1 F1500 X140.04 Y82.275 E833.79093
G0 F9000 X140.04 Y81.709
G1 F1500 X79.961 Y141.788 E839.4428
G0 F9000 X79.961 Y141.222
G1 F1500 X140.04 Y81.143 E845.09466
G0 F9000 X140.04 Y80.578
G1 F1500 X79.961 Y140.656 E850.74648
G0 F9000 X79.961 Y140.091
G1 F1500 X140.04 Y80.012 E856.39834
G0 F9000 X140.04 Y79.446
G1 F1500 X79.961 Y139.525 E862.05021
G0 F9000 X79.961 Y138.959
G1 F1500 X140.04 Y78.881 E867.70202
G0 F9000 X140.04 Y78.315
G1 F1500 X79.961 Y138.394 E873.35389
G0 F9000 X79.961 Y137.828
G1 F1500 X140.04 Y77.749 E879.00575
G0 F9000 X140.04 Y77.184
G1 F1500 X79.961 Y137.262 E884.65757
G0 F9000 X79.961 Y136.696
G1 F1500 X140.04 Y76.618 E890.30938
G0 F9000 X140.04 Y76.052
G1 F1500 X79.961 Y136.131 E895.96125
G0 F9000 X79.961 Y135.565
G1 F1500 X140.04 Y75.486 E901.61311
G0 F9000 X140.04 Y74.921
G1 F1500 X79.961 Y134.999 E907.26493
G0 F9000 X79.961 Y134.434
G1 F1500 X140.04 Y74.355 E912.91679
G0 F9000 X139.869 Y73.96
G1 F1500 X79.961 Y133.868 E918.55257
G0 F9000 X79.961 Y133.302
G1 F1500 X139.304 Y73.96 E924.13515
G0 F9000 X138.738 Y73.96
G1 F1500 X79.961 Y132.737 E929.66453
G0 F9000 X79.961 Y132.171
G1 F1500 X138.172 Y73.96 E935.14066
G0 F9000 X137.607 Y73.96
G1 F1500 X79.961 Y131.605 E940.5636
G0 F9000 X79.961 Y131.04
G1 F1500 X137.041 Y73.96 E945.93333
G0 F9000 X136.475 Y73.96
G1 F1500 X79.961 Y130.474 E951.24982
G0 F9000 X79.961 Y129.908
G1 F1500 X135.909 Y73.96 E956.51307
G0 F9000 X135.344 Y73.96
G1 F1500 X79.961 Y129.343 E961.72316
G0 F9000 X79.961 Y128.777
G1 F1500 X134.778 Y73.96 E966.88001
G0 F9000 X134.212 Y73.96
G1 F1500 X79.961 Y128.211 E971.98361
G0 F9000 X79.961 Y127.646
G1 F1500 X133.647 Y73.96 E977.03406
G0 F9000 X133.081 Y73.96
G1 F1500 X79.961 Y127.08 E982.03126
G0 F9000 X79.961 Y126.514
G1 F1500 X132.515 Y73.96 E986.97522
G0 F9000 X131.95 Y73.96
G1 F1500 X79.961 Y125.948 E991.86598
G0 F9000 X79.961 Y125.383
G1 F1500 X131.384 Y73.96 E996.70354
G0 F9000 X130.818 Y73.96
G1 F1500 X79.961 Y124.817 E1001.48786
G0 F9000 X79.961 Y124.251
G1 F1500 X130.253 Y73.96 E1006.21897
G0 F9000 X129.687 Y73.96
G1 F1500 X79.961 Y123.686 E1010.89689
G0 F9000 X79.961 Y123.12
G1 F1500 X129.121 Y73.96 E1015.52156
G0 F9000 X128.556 Y73.96
G1 F1500 X79.961 Y122.554 E1020.09303
G0 F9000 X79.961 Y121.989
G1 F1500 X127.99 Y73.96 E1024.61131
G0 F9000 X127.424 Y73.96
G1 F1500 X79.961 Y121.423 E1029.07634
G0 F9000 X79.961 Y120.857
G1 F1500 X126.858 Y73.96 E1033.48812
G0 F9000 X126.293 Y73.96
G1 F1500 X79.961 Y120.292 E1037.84675
G0 F9000 X79.961 Y119.726
G1 F1500 X125.727 Y73.96 E1042.15213
G0 F9000 X125.161 Y73.96
G1 F1500 X79.961 Y119.16 E1046.40427
G0 F9000 X79.961 Y118.595
G1 F1500 X124.596 Y73.96 E1050.60326
G0 F9000 X124.03 Y73.96
G1 F1500 X79.961 Y118.029 E1054.749
G0 F9000 X79.961 Y117.463
G1 F1500 X123.464 Y73.96 E1058.8415
G0 F9000 X122.899 Y73.96
G1 F1500 X79.961 Y116.897 E1062.88079
G0 F9000 X79.961 Y116.332
G1 F1500 X122.333 Y73.96 E1066.86689
G0 F9000 X121.767 Y73.96
G1 F1500 X79.961 Y115.766 E1070.79974
G0 F9000 X79.961 Y115.2
G1 F1500 X121.202 Y73.96 E1074.6794
G0 F9000 X120.636 Y73.96
G1 F1500 X79.961 Y114.635 E1078.50585
G0 F9000 X79.961 Y114.069
G1 F1500 X120.07 Y73.96 E1082.27906
G0 F9000 X119.505 Y73.96
G1 F1500 X79.961 Y113.503 E1085.99907
G0 F9000 X79.961 Y112.938
G1 F1500 X118.939 Y73.96 E1089.66588
G0 F9000 X118.373 Y73.96
G1 F1500 X79.961 Y112.372 E1093.27945
G0 F9000 X79.961 Y111.806
G1 F1500 X117.808 Y73.96 E1096.83981
G0 F9000 X117.242 Y73.96
G1 F1500 X79.961 Y111.241 E1100.34698
G0 F9000 X79.961 Y110.675
G1 F1500 X116.676 Y73.96 E1103.8009
G0 F9000 X116.11 Y73.96
G1 F1500 X79.961 Y110.109 E1107.20158
G0 F9000 X79.961 Y109.544
G1 F1500 X115.545 Y73.96 E1110.5491
G0 F9000 X114.979 Y73.96
G1 F1500 X79.961 Y108.978 E1113.84338
G0 F9000 X79.961 Y108.412
G1 F1500 X114.413 Y73.96 E1117.08442
G0 F9000 X113.848 Y73.96
G1 F1500 X79.961 Y107.847 E1120.2723
G0 F9000 X79.961 Y107.281
G1 F1500 X113.282 Y73.96 E1123.40693
G0 F9000 X112.716 Y73.96
G1 F1500 X79.961 Y106.715 E1126.48832
G0 F9000 X79.961 Y106.149
G1 F1500 X112.151 Y73.96 E1129.51651
G0 F9000 X111.585 Y73.96
G1 F1500 X79.961 Y105.584 E1132.4915
G0 F9000 X79.961 Y105.018
G1 F1500 X111.019 Y73.96 E1135.41325
G0 F9000 X110.454 Y73.96
G1 F1500 X79.961 Y104.452 E1138.2818
G0 F9000 X79.961 Y103.887
G1 F1500 X109.888 Y73.96 E1141.09715
G0 F9000 X109.322 Y73.96
G1 F1500 X79.961 Y103.321 E1143.85925
G0 F9000 X79.961 Y102.755
G1 F1500 X108.757 Y73.96 E1146.56815
G0 F9000 X108.191 Y73.96
G1 F1500 X79.961 Y102.19 E1149.22386
G0 F9000 X79.961 Y101.624
G1 F1500 X107.625 Y73.96 E1151.82632
G0 F9000 X107.06 Y73.96
G1 F1500 X79.961 Y101.058 E1154.37558
G0 F9000 X79.961 Y100.493
G1 F1500 X106.494 Y73.96 E1156.87164
G0 F9000 X105.928 Y73.96
G1 F1500 X79.961 Y99.927 E1159.31446
G0 F9000 X79.961 Y99.361
G1 F1500 X105.362 Y73.96 E1161.70403
G0 F9000 X104.797 Y73.96
G1 F1500 X79.961 Y98.796 E1164.04045
G0 F9000 X79.961 Y98.23
G1 F1500 X104.231 Y73.96 E1166.32362
G0 F9000 X103.665 Y73.96
G1 F1500 X79.961 Y97.664 E1168.55355
G0 F9000 X79.961 Y97.098
G1 F1500 X103.1 Y73.96 E1170.73027
G0 F9000 X102.534 Y73.96
G1 F1500 X79.961 Y96.533 E1172.8538
G0 F9000 X79.961 Y95.967
G1 F1500 X101.968 Y73.96 E1174.92409
G0 F9000 X101.403 Y73.96
G1 F1500 X79.961 Y95.401 E1176.94117
G0 F9000 X79.961 Y94.836
G1 F1500 X100.837 Y73.96 E1178.90506
G0 F9000 X100.271 Y73.96
G1 F1500 X79.961 Y94.27 E1180.8157
G0 F9000 X79.961 Y93.704
G1 F1500 X99.706 Y73.96 E1182.67314
G0 F9000 X99.14 Y73.96
G1 F1500 X79.961 Y93.139 E1184.47738
G0 F9000 X79.961 Y92.573
G1 F1500 X98.574 Y73.96 E1186.22838
G0 F9000 X98.009 Y73.96
G1 F1500 X79.961 Y92.007 E1187.92618
G0 F9000 X79.961 Y91.442
G1 F1500 X97.443 Y73.96 E1189.57078
G0 F9000 X96.877 Y73.96
G1 F1500 X79.961 Y90.876 E1191.16213
G0 F9000 X79.961 Y90.31
G1 F1500 X96.311 Y73.96 E1192.70024
G0 F9000 X95.746 Y73.96
G1 F1500 X79.961 Y89.745 E1194.18519
G0 F9000 X79.961 Y89.179
G1 F1500 X95.18 Y73.96 E1195.6169
G0 F9000 X94.614 Y73.96
G1 F1500 X79.961 Y88.613 E1196.99537
G0 F9000 X79.961 Y88.048
G1 F1500 X94.049 Y73.96 E1198.32068
G0 F9000 X93.483 Y73.96
G1 F1500 X79.961 Y87.482 E1199.59275
G0 F9000 X79.961 Y86.916
G1 F1500 X92.917 Y73.96 E1200.81157
G0 F9000 X92.352 Y73.96
G1 F1500 X79.961 Y86.35 E1201.97719
G0 F9000 X79.961 Y85.785
G1 F1500 X91.786 Y73.96 E1203.08961
G0 F9000 X91.22 Y73.96
G1 F1500 X79.961 Y85.219 E1204.14879
G0 F9000 X79.961 Y84.653
G1 F1500 X90.655 Y73.96 E1205.15477
G0 F9000 X90.089 Y73.96
G1 F1500 X79.961 Y84.088 E1206.10755
G0 F9000 X79.961 Y83.522
G1 F1500 X89.523 Y73.96 E1207.00709
G0 F9000 X88.958 Y73.96
G1 F1500 X79.961 Y82.956 E1207.85342
G0 F9000 X79.961 Y82.391
G1 F1500 X88.392 Y73.96 E1208.64656
G0 F9000 X87.826 Y73.96
G1 F1500 X79.961 Y81.825 E1209.38645
G0 F9000 X79.961 Y81.259
G1 F1500 X87.261 Y73.96 E1210.07314
G0 F9000 X86.695 Y73.96
G1 F1500 X79.961 Y80.694 E1210.70663
G0 F9000 X79.961 Y80.128
G1 F1500 X86.129 Y73.96 E1211.28688
G0 F9000 X85.563 Y73.96
G1 F1500 X79.961 Y79.562 E1211.81388
G0 F9000 X79.961 Y78.997
G1 F1500 X84.998 Y73.96 E1212.28773
G0 F9000 X84.432 Y73.96
G1 F1500 X79.961 Y78.431 E1212.70834
G0 F9000 X79.961 Y77.865
G1 F1500 X83.866 Y73.96 E1213.0757
G0 F9000 X83.301 Y73.96
G1 F1500 X79.961 Y77.299 E1213.38986
G0 F9000 X79.961 Y76.734
G1 F1500 X82.735 Y73.96 E1213.65082
G0 F9000 X82.169 Y73.96
G1 F1500 X79.961 Y76.168 E1213.85853
G0 F9000 X79.961 Y75.602
G1 F1500 X81.604 Y73.96 E1214.01305
G0 F9000 X81.038 Y73.96
G1 F1500 X79.961 Y75.037 E1214.11437
G0 F9000 X79.961 Y74.471
G1 F1500 X80.472 Y73.96 E1214.16244
G0 F9000 X80.472 Y73.21
G1 F2700 E1209.16244
;MESH:NONMESH
G0 F300 Z1
G0 F9000 X110 Y73.6
G0 X110 Y120.444
G0 X108.529 Y121.868
G0 X108.306 Y122.242
G0 X108.154 Y122.803
G0 X108.158 Y123.233
G0 X108.325 Y123.805
G0 X108.544 Y124.136
G0 X110 Y125.391
;TIME_ELAPSED:1773.739309
;LAYER:2
M106 S85
;TYPE:WALL-INNER
;MESH:tank_trainer_body.stl
G1 F2700 E1214.16244
G1 F2400 X109.821 Y125.386 E1214.17435
G1 X109.216 Y125.262 E1214.21543
G1 X108.847 Y125.107 E1214.24206
G1 X108.303 Y124.7 E1214.28725
G1 X108.09 Y124.462 E1214.3085
G1 X107.801 Y123.951 E1214.34755
G1 X107.703 Y123.703 E1214.36529
G1 X107.612 Y123.258 E1214.3955
G1 X107.605 Y122.942 E1214.41652
G1 X107.668 Y122.403 E1214.45262
G1 X107.762 Y122.137 E1214.47139
G1 X107.984 Y121.698 E1214.50411
G1 X108.138 Y121.478 E1214.52198
G1 X108.4 Y121.206 E1214.5471
G1 X108.618 Y121.045 E1214.56513
G1 X109.253 Y120.702 E1214.61314
G1 X109.773 Y120.61 E1214.64826
G1 X110.104 Y120.594 E1214.67031
G1 X110.829 Y120.746 E1214.71958
G1 X111.142 Y120.889 E1214.74247
G1 X111.687 Y121.291 E1214.78752
G1 X111.933 Y121.587 E1214.81313
G1 X112.214 Y122.075 E1214.85058
G1 X112.32 Y122.363 E1214.871
G1 X112.408 Y123.075 E1214.91872
G1 X112.329 Y123.569 E1214.952
G1 X112.238 Y123.87 E1214.97292
G1 X111.937 Y124.405 E1215.01375
G1 X111.764 Y124.621 E1215.03216
G1 X111.447 Y124.907 E1215.06056
G1 X111.205 Y125.073 E1215.08008
G1 X110.686 Y125.309 E1215.11801
G1 X110.153 Y125.395 E1215.15392
G1 X110 Y125.391 E1215.1641
G0 F12000 X110 Y125.015
G1 F2400 X109.322 Y124.877 E1215.21013
G1 X109.047 Y124.754 E1215.23017
G1 X108.481 Y124.334 E1215.27705
G1 X108.105 Y123.677 E1215.32741
G1 X108.018 Y123.262 E1215.35561
G1 X108.003 Y122.978 E1215.37453
G1 X108.073 Y122.398 E1215.41339
G1 X108.378 Y121.812 E1215.45734
G1 X108.71 Y121.453 E1215.48987
G1 X109.261 Y121.149 E1215.53173
G1 X109.495 Y121.066 E1215.54824
G1 X109.895 Y120.999 E1215.57522
G1 X110.122 Y121.006 E1215.59033
G1 X110.711 Y121.13 E1215.63037
G1 X110.935 Y121.237 E1215.64688
G1 X111.378 Y121.559 E1215.68331
G1 X111.596 Y121.802 E1215.70503
G1 X111.915 Y122.362 E1215.7479
G1 X112.005 Y123.068 E1215.79524
G1 X111.915 Y123.611 E1215.83186
G1 X111.618 Y124.162 E1215.87349
G1 X111.479 Y124.341 E1215.88857
G1 X111.101 Y124.681 E1215.92239
G1 X110.593 Y124.916 E1215.95962
G1 X110.016 Y125.018 E1215.9986
G1 X110 Y125.015 E1215.99968
G0 F12000 X110 Y124.604
G1 F2400 X109.35 Y124.475 E1216.04376
G1 X108.798 Y124.073 E1216.08919
G1 X108.481 Y123.531 E1216.13096
G1 X108.393 Y123.077 E1216.16172
G1 X108.468 Y122.51 E1216.19976
G1 X108.704 Y122.042 E1216.23463
G1 X108.975 Y121.763 E1216.2605
G1 X109.508 Y121.473 E1216.30087
G1 X109.983 Y121.385 E1216.333
G1 X110.642 Y121.523 E1216.37779
G1 X111.203 Y121.925 E1216.4237
G1 X111.524 Y122.48 E1216.46635
G1 X111.602 Y123.061 E1216.50534
G1 X111.534 Y123.479 E1216.53351
G1 X111.238 Y124.021 E1216.57459
G1 X110.868 Y124.349 E1216.60748
G1 X110.474 Y124.532 E1216.63638
G1 X110.023 Y124.609 E1216.66682
G1 X110 Y124.604 E1216.66838
G1 F2700 E1211.66838
G0 F12000 X109.936 Y124.91
G0 X108.765 Y125.272
G0 X98.487 Y133.279
G0 X97.439 Y135.182
G0 X96.086 Y136.399
G1 F2700 E1216.66838
G1 F2400 X95.782 Y136.38 E1216.68864
G1 X95.213 Y136.265 E1216.72726
G1 X94.875 Y136.118 E1216.75178
G1 X94.251 Y135.666 E1216.80303
G1 X94.027 Y135.35 E1216.8288
G1 X93.725 Y134.808 E1216.87007
G1 X93.607 Y134.248 E1216.90814
G1 X93.598 Y133.985 E1216.92565
G1 X93.674 Y133.41 E1216.96423
G1 X93.745 Y133.176 E1216.98049
G1 X94.029 Y132.602 E1217.02309
G1 X94.4 Y132.206 E1217.05919
G1 X94.662 Y132.02 E1217.08057
G1 X95.123 Y131.771 E1217.11542
G1 X95.38 Y131.682 E1217.13351
G1 X95.851 Y131.594 E1217.16538
G1 X96.185 Y131.611 E1217.18763
G1 X96.85 Y131.751 E1217.23284
G1 X97.125 Y131.885 E1217.25318
G1 X97.628 Y132.247 E1217.29441
G1 X97.899 Y132.523 E1217.32014
G1 X98.229 Y133.105 E1217.36464
G1 X98.305 Y133.335 E1217.38076
G1 X98.41 Y134.077 E1217.43061
G1 X98.295 Y134.75 E1217.47602
G1 X97.947 Y135.397 E1217.52489
G1 X97.774 Y135.619 E1217.54362
G1 X97.315 Y136.016 E1217.58398
G1 X96.772 Y136.277 E1217.62406
G1 X96.519 Y136.338 E1217.64137
G1 X96.086 Y136.399 E1217.67046
G0 F12000 X95.979 Y136.013
G1 F2400 X95.28 Y135.864 E1217.718
G1 X94.99 Y135.715 E1217.73969
G1 X94.562 Y135.388 E1217.77552
G1 X94.375 Y135.152 E1217.79555
G1 X94.091 Y134.646 E1217.83415
G1 X93.99 Y134.081 E1217.87233
G1 X94.076 Y133.404 E1217.91772
G1 X94.387 Y132.792 E1217.96339
G1 X94.724 Y132.445 E1217.99557
G1 X95.375 Y132.088 E1218.04496
G1 X95.876 Y132 E1218.07879
G1 X96.185 Y132.017 E1218.09938
G1 X96.724 Y132.133 E1218.13605
G1 X96.92 Y132.228 E1218.15054
G1 X97.378 Y132.559 E1218.18813
G1 X97.593 Y132.798 E1218.20952
G1 X97.837 Y133.224 E1218.24217
G1 X97.931 Y133.495 E1218.26125
G1 X98.003 Y134.056 E1218.29888
G1 X97.914 Y134.618 E1218.33673
G1 X97.544 Y135.286 E1218.38752
G1 X97.093 Y135.681 E1218.4274
G1 X96.585 Y135.923 E1218.46484
G1 X95.979 Y136.013 E1218.50559
G0 F12000 X96.014 Y135.606
G1 F2400 X95.336 Y135.475 E1218.55152
G1 X94.777 Y135.052 E1218.59816
G1 X94.479 Y134.522 E1218.6386
G1 X94.394 Y134.079 E1218.66861
G1 X94.462 Y133.524 E1218.7058
G1 X94.697 Y133.054 E1218.74076
G1 X94.967 Y132.767 E1218.76697
G1 X95.507 Y132.471 E1218.80793
G1 X95.989 Y132.385 E1218.8405
G1 X96.665 Y132.536 E1218.88658
G1 X97.198 Y132.921 E1218.93032
G1 X97.527 Y133.49 E1218.97404
G1 X97.601 Y134.052 E1219.01174
G1 X97.535 Y134.482 E1219.04068
G1 X97.232 Y135.028 E1219.08222
G1 X96.87 Y135.346 E1219.11427
G1 X96.466 Y135.53 E1219.1438
G1 X96.014 Y135.606 E1219.17429
G1 F2700 E1214.17429
G0 F12000 X95.95 Y135.913
G0 X97.415 Y136.168
G0 X97.413 Y146.419
G0 X110 Y146.6
G1 F2700 E1219.17429
G1 F2400 X140.6 Y146.6 E1221.20981
G1 X140.6 Y73.4 E1226.0791
G1 X79.4 Y73.4 E1230.15014
G1 X79.401 Y146.599 E1235.01935
G1 X110 Y146.6 E1237.05481
G0 F12000 X110 Y147
G1 F2400 X141 Y147 E1239.11694
G1 X141 Y73 E1244.03944
G1 X79 Y73 E1248.16369
G1 X79.001 Y146.999 E1253.08613
G1 X110 Y147 E1255.14819
G0 F12000 X110 Y147.4
G1 F2400 X141.4 Y147.4 E1257.23692
G1 X141.4 Y72.6 E1262.21264
G1 X78.6 Y72.6 E1266.39011
G1 X78.601 Y147.399 E1271.36576
G1 X110 Y147.4 E1273.45443
G1 F2700 E1268.45443
G0 F12000 X110 Y147.09
G0 X124.084 Y146.419
G0 X124.152 Y136.581
G0 X124.086 Y136.399
G1 F2700 E1273.45443
G1 F2400 X123.782 Y136.38 E1273.47469
G1 X123.213 Y136.265 E1273.51331
G1 X122.875 Y136.118 E1273.53783
G1 X122.319 Y135.716 E1273.58347
G1 X122.099 Y135.463 E1273.60577
G1 X121.775 Y134.896 E1273.64921
G1 X121.674 Y134.583 E1273.67109
G1 X121.617 Y134.291 E1273.69088
G1 X121.597 Y133.993 E1273.71075
G1 X121.67 Y133.427 E1273.74871
G1 X121.737 Y133.177 E1273.76593
G1 X122.05 Y132.574 E1273.81112
G1 X122.361 Y132.242 E1273.84138
G1 X122.569 Y132.071 E1273.85929
G1 X123.081 Y131.791 E1273.89811
G1 X123.321 Y131.698 E1273.91523
G1 X123.761 Y131.612 E1273.94506
G1 X124.082 Y131.592 E1273.96645
G1 X124.795 Y131.737 E1274.01485
G1 X125.158 Y131.905 E1274.04146
G1 X125.666 Y132.278 E1274.08338
G1 X125.902 Y132.54 E1274.10684
G1 X126.207 Y133.061 E1274.147
G1 X126.312 Y133.364 E1274.16833
G1 X126.405 Y134.067 E1274.2155
G1 X126.336 Y134.534 E1274.2469
G1 X126.235 Y134.864 E1274.26986
G1 X125.946 Y135.398 E1274.31025
G1 X125.774 Y135.618 E1274.32882
G1 X125.316 Y136.015 E1274.36914
G1 X124.772 Y136.277 E1274.40931
G1 X124.519 Y136.338 E1274.42662
G1 X124.086 Y136.399 E1274.45571
G0 F12000 X123.979 Y136.013
G1 F2400 X123.28 Y135.864 E1274.50325
G1 X122.99 Y135.715 E1274.52494
G1 X122.562 Y135.388 E1274.56077
G1 X122.426 Y135.232 E1274.57453
G1 X122.104 Y134.679 E1274.6171
G1 X121.988 Y134.115 E1274.6554
G1 X122.073 Y133.398 E1274.70343
G1 X122.38 Y132.805 E1274.74785
G1 X122.718 Y132.452 E1274.78036
G1 X123.365 Y132.09 E1274.82968
G1 X123.844 Y132.004 E1274.86205
G1 X124.101 Y132.003 E1274.87915
G1 X124.669 Y132.122 E1274.91775
G1 X124.944 Y132.243 E1274.93774
G1 X125.405 Y132.582 E1274.9758
G1 X125.574 Y132.769 E1274.99257
G1 X125.86 Y133.272 E1275.03106
G1 X125.94 Y133.553 E1275.05049
G1 X126.002 Y134.067 E1275.08493
G1 X125.913 Y134.623 E1275.12239
G1 X125.544 Y135.286 E1275.17286
G1 X125.093 Y135.681 E1275.21274
G1 X124.585 Y135.923 E1275.25017
G1 X123.979 Y136.013 E1275.29093
G0 F12000 X124.014 Y135.606
G1 F2400 X123.336 Y135.475 E1275.33686
G1 X122.777 Y135.052 E1275.38349
G1 X122.479 Y134.522 E1275.42394
G1 X122.393 Y134.089 E1275.45331
G1 X122.464 Y133.512 E1275.49198
G1 X122.712 Y133.042 E1275.52733
G1 X122.973 Y132.761 E1275.55284
G1 X123.506 Y132.47 E1275.59323
G1 X123.988 Y132.389 E1275.62575
G1 X124.565 Y132.508 E1275.66494
G1 X124.73 Y132.581 E1275.67694
G1 X125.211 Y132.931 E1275.71651
G1 X125.525 Y133.482 E1275.7587
G1 X125.601 Y134.07 E1275.79814
G1 X125.534 Y134.485 E1275.8261
G1 X125.232 Y135.028 E1275.86743
G1 X124.87 Y135.346 E1275.89948
G1 X124.466 Y135.53 E1275.92901
G1 X124.014 Y135.606 E1275.9595
G0 F12000 X124.008 Y135.2
;TYPE:WALL-OUTER
G1 F2400 X123.504 Y135.099 E1275.99369
G1 X123.092 Y134.788 E1276.02803
G1 X122.859 Y134.38 E1276.05929
G1 X122.797 Y134.078 E1276.07979
G1 X122.849 Y133.641 E1276.10907
G1 X123.032 Y133.282 E1276.13587
G1 X123.221 Y133.083 E1276.15413
G1 X123.652 Y132.851 E1276.18669
G1 X123.977 Y132.792 E1276.20866
G1 X124.493 Y132.901 E1276.24374
G1 X124.895 Y133.199 E1276.27703
G1 X125.142 Y133.62 E1276.3095
G1 X125.195 Y134.021 E1276.33641
G1 X125.15 Y134.356 E1276.35889
G1 X124.923 Y134.769 E1276.39024
G1 X124.642 Y135.013 E1276.415
G1 X124.348 Y135.148 E1276.43652
G1 X124.008 Y135.2 E1276.4594
G1 F2700 E1271.4594
G0 F12000 X123.865 Y135.895
G0 X123.593 Y135.631
G0 X121.484 Y133.439
G0 X111.291 Y125.232
G0 X110 Y124.2
G1 F2700 E1276.4594
G1 F2400 X109.512 Y124.098 E1276.49256
G1 X109.085 Y123.779 E1276.52802
G1 X108.855 Y123.368 E1276.55934
G1 X108.797 Y123.076 E1276.57915
G1 X108.85 Y122.639 E1276.60843
G1 X109.036 Y122.276 E1276.63556
G1 X109.214 Y122.088 E1276.65278
G1 X109.632 Y121.858 E1276.68452
G1 X109.981 Y121.792 E1276.70815
G1 X110.482 Y121.901 E1276.74225
G1 X110.9 Y122.199 E1276.7764
G1 X111.142 Y122.621 E1276.80876
G1 X111.196 Y123.068 E1276.83871
G1 X111.147 Y123.361 E1276.85847
G1 X110.932 Y123.75 E1276.88804
G1 X110.659 Y124.002 E1276.91275
G1 X110.347 Y124.148 E1276.93567
G1 X110.018 Y124.204 E1276.95787
G1 X110 Y124.2 E1276.9591
G1 F2700 E1271.9591
G0 F12000 X109.857 Y124.894
G0 X108.765 Y125.272
G0 X98.353 Y132.956
G0 X96.008 Y135.2
G1 F2700 E1276.9591
G1 F2400 X95.504 Y135.099 E1276.99329
G1 X95.092 Y134.788 E1277.02763
G1 X94.866 Y134.397 E1277.05767
G1 X94.8 Y134.086 E1277.07882
G1 X94.852 Y133.641 E1277.10862
G1 X95.042 Y133.268 E1277.13646
G1 X95.214 Y133.088 E1277.15303
G1 X95.649 Y132.852 E1277.18595
G1 X95.971 Y132.796 E1277.20769
G1 X96.496 Y132.904 E1277.24334
G1 X96.901 Y133.2 E1277.27671
G1 X97.134 Y133.608 E1277.30797
G1 X97.199 Y134.049 E1277.33762
G1 X97.148 Y134.361 E1277.35865
G1 X96.922 Y134.769 E1277.38967
G1 X96.642 Y135.013 E1277.41438
G1 X96.348 Y135.148 E1277.4359
G1 X96.008 Y135.2 E1277.45878
G1 F2700 E1272.45878
G0 F12000 X95.865 Y135.895
G0 X97.415 Y136.168
G0 X97.413 Y146.419
G0 X110 Y147.8
G1 F2700 E1277.45878
G1 F2400 X141.8 Y147.8 E1279.57412
G1 X141.8 Y72.2 E1284.60306
G1 X78.2 Y72.2 E1288.83374
G1 X78.201 Y147.799 E1293.86261
G1 X110 Y147.8 E1295.97789
G1 F2700 E1290.97789
G0 F12000 X110 Y147.09
G0 X124.145 Y146.419
G0 X124.152 Y136.581
G0 X124.181 Y136.758
;TYPE:SKIN
G1 F2700 E1295.97789
G1 F2400 X124.713 Y136.67 E1296.01376
G1 X125.029 Y136.556 E1296.03611
G1 X125.511 Y136.315 E1296.07195
G1 X126.037 Y135.867 E1296.11791
G1 X126.238 Y135.612 E1296.13951
G1 X126.557 Y135.023 E1296.18407
G1 X126.657 Y134.742 E1296.20391
G1 X126.749 Y134.252 E1296.23707
G1 X126.756 Y133.943 E1296.25763
G1 X126.644 Y133.183 E1296.30874
G1 X126.486 Y132.827 E1296.33464
G1 X126.201 Y132.337 E1296.37235
G1 X125.955 Y132.044 E1296.3978
G1 X125.236 Y131.52 E1296.45698
G1 X124.863 Y131.387 E1296.48333
G1 X124.112 Y131.228 E1296.53439
G1 X123.722 Y131.252 E1296.56038
G1 X123.307 Y131.325 E1296.58841
G1 X123.024 Y131.418 E1296.60823
G1 X122.28 Y131.816 E1296.66435
G1 X121.731 Y132.387 E1296.71705
G1 X121.42 Y133.011 E1296.76342
G1 X121.308 Y133.392 E1296.78984
G1 X121.244 Y133.969 E1296.82846
G1 X121.26 Y134.342 E1296.85329
G1 X121.347 Y134.765 E1296.88202
G1 X121.445 Y135.046 E1296.90182
G1 X121.709 Y135.522 E1296.93802
G1 X121.992 Y135.916 E1296.97029
G1 X122.664 Y136.41 E1297.02577
G1 X123.12 Y136.613 E1297.05898
G1 X123.796 Y136.749 E1297.10485
G1 X124.181 Y136.758 E1297.13046
G1 F2700 E1292.13046
G0 F12000 X124.147 Y136.5
G0 X122.6 Y135.235
G0 X121.484 Y133.439
G0 X111.291 Y125.232
G0 X109.989 Y125.499
G0 X110 Y125.757
G1 F2700 E1297.13046
G1 F2406 X110.236 Y125.744 E1297.14615
G1 F2400 X110.648 Y125.681 E1297.17387
G1 X110.933 Y125.591 E1297.19375
G1 X111.361 Y125.394 E1297.22509
G1 X111.602 Y125.247 E1297.24387
G1 X112.022 Y124.87 E1297.28142
G1 X112.229 Y124.612 E1297.30342
G1 X112.569 Y124.006 E1297.34964
G1 X112.68 Y123.639 E1297.37515
G1 X112.746 Y123.237 E1297.40225
G1 X112.752 Y122.929 E1297.42274
G1 X112.679 Y122.358 E1297.46103
G1 X112.572 Y121.988 E1297.48665
G1 X112.279 Y121.465 E1297.52653
G1 X112.09 Y121.196 E1297.5484
G1 X111.863 Y120.975 E1297.56947
G1 X111.275 Y120.547 E1297.61785
G1 X110.861 Y120.385 E1297.64742
G1 X110.136 Y120.232 E1297.69671
G1 X109.723 Y120.252 E1297.72422
G1 X109.268 Y120.335 E1297.75498
G1 X108.985 Y120.438 E1297.77502
G1 X108.342 Y120.78 E1297.82346
G1 X108.108 Y120.98 E1297.84394
G1 X107.718 Y121.412 E1297.88266
G1 X107.432 Y121.988 E1297.92543
G1 X107.309 Y122.404 E1297.95429
G1 X107.24 Y122.956 E1297.9913
G1 X107.255 Y123.324 E1298.0158
G1 X107.351 Y123.796 E1298.04784
G1 X107.474 Y124.1 E1298.06965
G1 X107.81 Y124.684 E1298.11447
G1 X108.05 Y124.954 E1298.1385
G1 X108.666 Y125.424 E1298.19004
G1 X109.118 Y125.609 E1298.22253
G1 X109.868 Y125.764 E1298.27347
G1 F2406 X110 Y125.757 E1298.28224
G1 F2700 E1293.28224
G0 F12000 X109.989 Y125.499
G0 X109.167 Y125.436
G0 X98.487 Y133.279
G0 X97.439 Y135.182
G0 X96.147 Y136.5
G0 X96.181 Y136.758
G1 F2700 E1298.28224
G1 F2400 X96.713 Y136.67 E1298.31811
G1 X97.007 Y136.564 E1298.3389
G1 X97.536 Y136.3 E1298.37823
G1 X98.02 Y135.88 E1298.42086
G1 X98.239 Y135.603 E1298.44435
G1 X98.568 Y135 E1298.49004
G1 X98.666 Y134.705 E1298.51072
G1 X98.745 Y134.263 E1298.54059
G1 X98.752 Y133.949 E1298.56148
G1 X98.658 Y133.219 E1298.61044
G1 X98.517 Y132.885 E1298.63456
G1 X98.23 Y132.385 E1298.67291
G1 X97.931 Y132.02 E1298.70429
G1 X97.31 Y131.575 E1298.75511
G1 X96.955 Y131.407 E1298.78124
G1 X96.168 Y131.24 E1298.83476
G1 X95.762 Y131.244 E1298.86177
G1 X95.297 Y131.329 E1298.89321
G1 X94.97 Y131.445 E1298.91629
G1 X94.272 Y131.823 E1298.96909
G1 X93.86 Y132.24 E1299.00809
G1 X93.688 Y132.48 E1299.02773
G1 X93.416 Y133.027 E1299.06837
G1 X93.324 Y133.317 E1299.0886
G1 X93.237 Y133.953 E1299.1313
G1 X93.251 Y134.299 E1299.15434
G1 X93.384 Y134.936 E1299.19763
G1 X93.709 Y135.522 E1299.2422
G1 X93.992 Y135.916 E1299.27447
G1 X94.664 Y136.41 E1299.32995
G1 X95.12 Y136.613 E1299.36315
G1 X95.796 Y136.749 E1299.40902
G1 X96.181 Y136.758 E1299.43464
G1 F2700 E1294.43464
G0 F12000 X96.147 Y136.5
G0 X96.683 Y136.494
G0 X96.681 Y146.419
G0 X109.999 Y146.499
G0 X110 Y146.237
G1 F2700 E1299.43464
G1 F2400 X79.76 Y146.236 E1301.44621
G1 X79.761 Y73.761 E1306.26727
G1 X140.24 Y73.76 E1310.29035
G1 X140.24 Y146.239 E1315.11167
G1 X110 Y146.237 E1317.12324
G1 F2700 E1312.12324
G0 F12000 X109.999 Y146.499
G0 X80.415 Y146.499
G0 X80.416 Y146.036
G1 F2700 E1317.12324
G1 F2400 X79.96 Y145.579 E1317.16619
G0 F12000 X79.96 Y145.013
G1 F2400 X80.982 Y146.036 E1317.26238
G0 F12000 X81.548 Y146.036
G1 F2400 X79.96 Y144.448 E1317.41177
G0 F12000 X79.96 Y143.882
G1 F2400 X82.113 Y146.036 E1317.61436
G0 F12000 X82.679 Y146.036
G1 F2400 X79.96 Y143.316 E1317.87019
G0 F12000 X79.96 Y142.751
G1 F2400 X83.245 Y146.036 E1318.17922
G0 F12000 X83.811 Y146.036
G1 F2400 X79.96 Y142.185 E1318.5415
G0 F12000 X79.96 Y141.619
G1 F2400 X84.376 Y146.036 E1318.95698
G0 F12000 X84.942 Y146.036
G1 F2400 X79.96 Y141.054 E1319.42566
G0 F12000 X79.96 Y140.488
G1 F2400 X85.508 Y146.036 E1319.94758
G0 F12000 X86.073 Y146.036
G1 F2400 X79.96 Y139.922 E1320.5227
G0 F12000 X79.96 Y139.357
G1 F2400 X86.639 Y146.036 E1321.15102
G0 F12000 X87.205 Y146.036
G1 F2400 X79.96 Y138.791 E1321.83258
G0 F12000 X79.96 Y138.225
G1 F2400 X87.77 Y146.036 E1322.56735
G0 F12000 X88.336 Y146.036
G1 F2400 X79.96 Y137.66 E1323.35531
G0 F12000 X79.96 Y137.094
G1 F2400 X88.902 Y146.036 E1324.19652
G0 F12000 X89.467 Y146.036
G1 F2400 X79.96 Y136.528 E1325.09093
G0 F12000 X79.96 Y135.962
G1 F2400 X90.033 Y146.036 E1326.03858
G0 F12000 X90.599 Y146.036
G1 F2400 X79.96 Y135.397 E1327.03943
G0 F12000 X79.96 Y134.831
G1 F2400 X91.164 Y146.036 E1328.09348
G0 F12000 X91.73 Y146.036
G1 F2400 X79.96 Y134.265 E1329.20078
G0 F12000 X79.96 Y133.7
G1 F2400 X92.296 Y146.036 E1330.36127
G0 F12000 X92.862 Y146.036
G1 F2400 X79.96 Y133.134 E1331.57501
G0 F12000 X79.96 Y132.568
G1 F2400 X93.427 Y146.036 E1332.84195
G0 F12000 X93.993 Y146.036
G1 F2400 X79.96 Y132.003 E1334.16209
G0 F12000 X79.96 Y131.437
G1 F2400 X94.559 Y146.036 E1335.53548
G0 F12000 X95.125 Y146.037
G1 F2400 X79.96 Y130.871 E1336.96215
G0 F12000 X79.96 Y130.306
G1 F2400 X95.691 Y146.037 E1338.44203
G0 F12000 X96.256 Y146.037
G1 F2400 X79.96 Y129.74 E1339.9751
G0 F12000 X79.96 Y129.174
G1 F2400 X96.822 Y146.037 E1341.56142
G0 F12000 X97.388 Y146.037
G1 F2400 X79.96 Y128.609 E1343.20094
G0 F12000 X79.96 Y128.043
G1 F2400 X97.953 Y146.037 E1344.89366
G0 F12000 X98.519 Y146.037
G1 F2400 X79.96 Y127.477 E1346.63963
G0 F12000 X79.96 Y126.912
G1 F2400 X99.085 Y146.037 E1348.43879
G0 F12000 X99.65 Y146.037
G1 F2400 X79.96 Y126.346 E1350.29115
G0 F12000 X79.96 Y125.78
G1 F2400 X100.216 Y146.037 E1352.19676
G0 F12000 X100.782 Y146.037
G1 F2400 X79.96 Y125.214 E1354.15561
G0 F12000 X79.96 Y124.649
G1 F2400 X101.347 Y146.037 E1356.16762
G0 F12000 X101.913 Y146.037
G1 F2400 X79.96 Y124.083 E1358.23287
G0 F12000 X79.96 Y123.517
G1 F2400 X102.479 Y146.037 E1360.35136
G0 F12000 X103.045 Y146.037
G1 F2400 X79.96 Y122.952 E1362.52306
G0 F12000 X79.96 Y122.386
G1 F2400 X103.61 Y146.037 E1364.74795
G0 F12000 X104.176 Y146.037
G1 F2400 X94.858 Y136.719 E1365.62453
G0 F12000 X95.623 Y136.918
G1 F2400 X104.742 Y146.037 E1366.48239
G0 F12000 X105.307 Y146.037
G1 F2400 X96.224 Y136.953 E1367.33691
G0 F12000 X96.71 Y136.874
G1 F2400 X105.873 Y146.037 E1368.19891
G0 F12000 X106.439 Y146.037
G1 F2400 X97.128 Y136.726 E1369.07483
G0 F12000 X97.508 Y136.54
G1 F2400 X107.004 Y146.037 E1369.96821
G0 F12000 X107.57 Y146.037
G1 F2400 X97.835 Y136.301 E1370.88406
G0 F12000 X98.138 Y136.039
G1 F2400 X108.136 Y146.037 E1371.82461
G0 F12000 X108.701 Y146.037
G1 F2400 X98.393 Y135.728 E1372.79437
G0 F12000 X98.595 Y135.364
G1 F2400 X109.267 Y146.037 E1373.79838
G0 F12000 X109.833 Y146.037
G1 F2400 X98.782 Y134.986 E1374.83799
G0 F12000 X98.898 Y134.536
G1 F2400 X110.399 Y146.037 E1375.91993
G0 F12000 X110.965 Y146.037
G1 F2400 X98.95 Y134.023 E1377.05018
G0 F12000 X98.884 Y133.391
G1 F2400 X111.531 Y146.037 E1378.23989
G0 F12000 X112.096 Y146.037
G1 F2400 X98.477 Y132.418 E1379.52108
G0 F12000 X98.081 Y132.644
G0 X97.317 Y131.9
G0 X97.586 Y131.527
G1 F2400 X79.96 Y113.901 E1381.17922
G0 F12000 X79.96 Y114.466
G1 F2400 X96.628 Y131.135 E1382.74729
G0 F12000 X95.97 Y131.042
G1 F2400 X79.96 Y115.032 E1384.25342
G0 F12000 X79.96 Y115.598
G1 F2400 X95.458 Y131.096 E1385.71137
G0 F12000 X95.013 Y131.217
G1 F2400 X79.96 Y116.164 E1387.12747
G0 F12000 X79.96 Y116.729
G1 F2400 X94.631 Y131.401 E1388.50767
G0 F12000 X94.264 Y131.6
G1 F2400 X79.96 Y117.295 E1389.85335
G0 F12000 X79.96 Y117.861
G1 F2400 X93.955 Y131.856 E1391.16992
G0 F12000 X93.682 Y132.149
G1 F2400 X79.96 Y118.426 E1392.46084
G0 F12000 X79.96 Y118.992
G1 F2400 X93.461 Y132.493 E1393.73094
G0 F12000 X93.273 Y132.871
G1 F2400 X79.96 Y119.558 E1394.98334
G0 F12000 X79.96 Y120.123
G1 F2400 X93.129 Y133.292 E1396.2222
G0 F12000 X93.059 Y133.788
G1 F2400 X79.96 Y120.689 E1397.45447
G0 F12000 X79.96 Y121.255
G1 F2400 X93.057 Y134.352 E1398.68656
G0 F12000 X93.257 Y135.118
G1 F2400 X79.96 Y121.82 E1399.93751
G0 F12000 X79.5 Y121.82
G0 X79.5 Y113.335
G0 X79.96 Y113.335
G1 F2400 X112.662 Y146.037 E1403.01391
G0 F12000 X113.228 Y146.037
G1 F2400 X79.96 Y112.769 E1406.14356
G0 F12000 X79.96 Y112.204
G1 F2400 X113.793 Y146.037 E1409.32636
G0 F12000 X114.359 Y146.037
G1 F2400 X79.96 Y111.638 E1412.56241
G0 F12000 X79.96 Y111.072
G1 F2400 X114.925 Y146.037 E1415.8517
G0 F12000 X115.49 Y146.037
G1 F2400 X79.96 Y110.507 E1419.19414
G0 F12000 X79.96 Y109.942
G1 F2400 X116.056 Y146.037 E1422.58979
G0 F12000 X116.622 Y146.037
G1 F2400 X79.96 Y109.376 E1426.03868
G0 F12000 X79.96 Y108.81
G1 F2400 X117.187 Y146.037 E1429.54076
G0 F12000 X117.753 Y146.037
G1 F2400 X79.96 Y108.245 E1433.09605
G0 F12000 X79.96 Y107.679
G1 F2400 X118.319 Y146.037 E1436.70458
G0 F12000 X118.884 Y146.037
G1 F2400 X79.96 Y107.113 E1440.36632
G0 F12000 X79.96 Y106.548
G1 F2400 X119.45 Y146.037 E1444.08125
G0 F12000 X120.016 Y146.037
G1 F2400 X79.96 Y105.982 E1447.84942
G0 F12000 X79.96 Y105.416
G1 F2400 X120.582 Y146.037 E1451.67084
G0 F12000 X121.147 Y146.037
G1 F2400 X79.96 Y104.851 E1455.54542
G0 F12000 X79.96 Y104.285
G1 F2400 X121.713 Y146.037 E1459.47324
G0 F12000 X122.279 Y146.037
G1 F2400 X79.96 Y103.719 E1463.4543
G0 F12000 X79.96 Y103.153
G1 F2400 X122.844 Y146.037 E1467.48856
G0 F12000 X123.41 Y146.037
G1 F2400 X79.96 Y102.588 E1471.57603
G0 F12000 X79.96 Y102.022
G1 F2400 X123.976 Y146.037 E1475.71673
G0 F12000 X124.541 Y146.037
G1 F2400 X79.96 Y101.456 E1479.91064
G0 F12000 X79.96 Y100.891
G1 F2400 X125.108 Y146.038 E1484.15784
G0 F12000 X125.673 Y146.038
G1 F2400 X79.96 Y100.325 E1488.45824
G0 F12000 X79.96 Y99.759
G1 F2400 X126.239 Y146.038 E1492.81189
G0 F12000 X126.805 Y146.038
G1 F2400 X79.96 Y99.194 E1497.21873
G0 F12000 X79.96 Y98.628
G1 F2400 X127.37 Y146.038 E1501.67877
G0 F12000 X127.936 Y146.038
G1 F2400 X79.96 Y98.062 E1506.19206
G0 F12000 X79.96 Y97.497
G1 F2400 X128.502 Y146.038 E1510.75854
G0 F12000 X129.067 Y146.038
G1 F2400 X108.669 Y125.639 E1512.67751
G0 F12000 X109.482 Y125.887
G1 F2400 X129.633 Y146.038 E1514.57319
G0 F12000 X130.199 Y146.038
G1 F2400 X110.112 Y125.951 E1516.46286
G0 F12000 X110.615 Y125.888
G1 F2400 X130.765 Y146.038 E1518.35844
G0 F12000 X131.33 Y146.038
G1 F2400 X111.05 Y125.758 E1520.26626
G0 F12000 X111.437 Y125.579
G1 F2400 X121.68 Y135.822 E1521.22986
G0 F12000 X122.107 Y136.249
G1 F2400 X131.896 Y146.038 E1522.15075
G0 F12000 X132.462 Y146.038
G1 F2400 X123.271 Y136.848 E1523.01534
G0 F12000 X123.942 Y136.952
G1 F2400 X133.027 Y146.038 E1523.87004
G0 F12000 X133.593 Y146.038
G1 F2400 X124.468 Y136.914 E1524.72842
G0 F12000 X124.926 Y136.805
G1 F2400 X134.159 Y146.038 E1525.597
G0 F12000 X134.724 Y146.038
G1 F2400 X125.319 Y136.633 E1526.48177
G0 F12000 X125.683 Y136.431
G1 F2400 X135.29 Y146.038 E1527.38554
G0 F12000 X135.856 Y146.038
G1 F2400 X125.988 Y136.17 E1528.31386
G0 F12000 X126.272 Y135.889
G1 F2400 X136.421 Y146.038 E1529.26861
G0 F12000 X136.987 Y146.038
G1 F2400 X126.499 Y135.55 E1530.25526
G0 F12000 X126.697 Y135.183
G1 F2400 X137.553 Y146.038 E1531.27648
G0 F12000 X138.118 Y146.038
G1 F2400 X126.853 Y134.772 E1532.33627
G0 F12000 X126.943 Y134.297
G1 F2400 X138.684 Y146.038 E1533.44079
G0 F12000 X139.25 Y146.038
G1 F2400 X126.926 Y133.714 E1534.60016
G0 F12000 X126.782 Y133.005
G1 F2400 X139.816 Y146.038 E1535.82627
G0 F12000 X140.04 Y145.697
G1 F2400 X79.96 Y85.617 E1541.47823
G0 F12000 X79.96 Y85.052
G1 F2400 X140.04 Y145.132 E1547.13018
G0 F12000 X140.04 Y144.566
G1 F2400 X79.96 Y84.486 E1552.78214
G0 F12000 X79.96 Y83.92
G1 F2400 X140.04 Y144 E1558.4341
G0 F12000 X140.04 Y143.434
G1 F2400 X79.96 Y83.354 E1564.08606
G0 F12000 X79.96 Y82.789
G1 F2400 X140.04 Y142.869 E1569.73802
G0 F12000 X140.04 Y142.303
G1 F2400 X79.96 Y82.223 E1575.38997
G0 F12000 X79.96 Y81.657
G1 F2400 X140.04 Y141.737 E1581.04193
G0 F12000 X140.04 Y141.172
G1 F2400 X79.96 Y81.092 E1586.69389
G0 F12000 X79.96 Y80.526
G1 F2400 X140.04 Y140.606 E1592.34585
G0 F12000 X140.04 Y140.04
G1 F2400 X79.96 Y79.96 E1597.99781
G0 F12000 X79.96 Y79.395
G1 F2400 X140.04 Y139.475 E1603.64976
G0 F12000 X140.04 Y138.909
G1 F2400 X79.96 Y78.829 E1609.30172
G0 F12000 X79.96 Y78.263
G1 F2400 X140.04 Y138.343 E1614.95368
G0 F12000 X140.04 Y137.778
G1 F2400 X79.96 Y77.698 E1620.60564
G0 F12000 X79.96 Y77.132
G1 F2400 X140.04 Y137.212 E1626.2576
G0 F12000 X140.04 Y136.646
G1 F2400 X79.96 Y76.566 E1631.90955
G0 F12000 X79.96 Y76.001
G1 F2400 X140.04 Y136.081 E1637.56151
G0 F12000 X140.04 Y135.515
G1 F2400 X79.96 Y75.435 E1643.21347
G0 F12000 X79.96 Y74.869
G1 F2400 X140.04 Y134.949 E1648.86543
G0 F12000 X140.04 Y134.384
G1 F2400 X79.96 Y74.303 E1654.51743
G0 F12000 X80.183 Y73.961
G1 F2400 X140.04 Y133.818 E1660.14841
G0 F12000 X140.04 Y133.252
G1 F2400 X80.749 Y73.961 E1665.72615
G0 F12000 X81.314 Y73.961
G1 F2400 X140.04 Y132.686 E1671.25068
G0 F12000 X140.04 Y132.121
G1 F2400 X81.88 Y73.961 E1676.72202
G0 F12000 X82.446 Y73.961
G1 F2400 X140.04 Y131.555 E1682.14011
G0 F12000 X140.04 Y130.989
G1 F2400 X83.012 Y73.961 E1687.50495
G0 F12000 X83.577 Y73.961
G1 F2400 X140.04 Y130.424 E1692.81664
G0 F12000 X140.04 Y129.858
G1 F2400 X84.143 Y73.961 E1698.07509
G0 F12000 X84.709 Y73.961
G1 F2400 X140.04 Y129.292 E1703.28029
G0 F12000 X140.04 Y128.727
G1 F2400 X85.274 Y73.961 E1708.43234
G0 F12000 X85.84 Y73.961
G1 F2400 X140.04 Y128.161 E1713.53115
G0 F12000 X140.04 Y127.595
G1 F2400 X86.406 Y73.961 E1718.5767
G0 F12000 X86.971 Y73.961
G1 F2400 X140.04 Y127.03 E1723.56911
G0 F12000 X140.04 Y126.464
G1 F2400 X87.537 Y73.961 E1728.50827
G0 F12000 X88.103 Y73.961
G1 F2400 X140.04 Y125.898 E1733.39418
G0 F12000 X140.04 Y125.333
G1 F2400 X88.668 Y73.961 E1738.22695
G0 F12000 X89.234 Y73.961
G1 F2400 X140.04 Y124.767 E1743.00646
G0 F12000 X140.04 Y124.201
G1 F2400 X89.8 Y73.961 E1747.73274
G0 F12000 X90.365 Y73.961
G1 F2400 X140.04 Y123.635 E1752.40581
G0 F12000 X140.04 Y123.07
G1 F2400 X90.931 Y73.961 E1757.02568
G0 F12000 X91.497 Y73.961
G1 F2400 X140.04 Y122.504 E1761.59231
G0 F12000 X140.04 Y121.938
G1 F2400 X92.062 Y73.961 E1766.10574
G0 F12000 X92.628 Y73.961
G1 F2400 X140.04 Y121.373 E1770.56597
G0 F12000 X140.04 Y120.807
G1 F2400 X93.194 Y73.961 E1774.97295
G0 F12000 X93.76 Y73.961
G1 F2400 X140.04 Y120.241 E1779.32669
G0 F12000 X140.04 Y119.676
G1 F2400 X94.325 Y73.961 E1783.62728
G0 F12000 X94.891 Y73.961
G1 F2400 X140.04 Y119.11 E1787.87462
G0 F12000 X140.04 Y118.544
G1 F2400 X95.457 Y73.961 E1792.06871
G0 F12000 X96.022 Y73.961
G1 F2400 X140.04 Y117.979 E1796.20966
G0 F12000 X140.04 Y117.413
G1 F2400 X96.588 Y73.961 E1800.29736
G0 F12000 X97.154 Y73.961
G1 F2400 X140.04 Y116.847 E1804.33181
G0 F12000 X140.04 Y116.282
G1 F2400 X97.719 Y73.961 E1808.31311
G0 F12000 X98.285 Y73.961
G1 F2400 X140.04 Y115.716 E1812.24116
G0 F12000 X140.04 Y115.15
G1 F2400 X98.851 Y73.961 E1816.11597
G0 F12000 X99.416 Y73.961
G1 F2400 X140.04 Y114.585 E1819.93763
G0 F12000 X140.04 Y114.019
G1 F2400 X99.982 Y73.961 E1823.70604
G0 F12000 X100.548 Y73.961
G1 F2400 X140.04 Y113.453 E1827.4212
G0 F12000 X140.04 Y112.887
G1 F2400 X101.113 Y73.961 E1831.08317
G0 F12000 X101.679 Y73.961
G1 F2400 X140.04 Y112.322 E1834.69194
G0 F12000 X140.04 Y111.756
G1 F2400 X102.245 Y73.961 E1838.24746
G0 F12000 X102.81 Y73.961
G1 F2400 X140.04 Y111.19 E1841.74978
G0 F12000 X140.04 Y110.625
G1 F2400 X103.376 Y73.961 E1845.19891
G0 F12000 X103.942 Y73.961
G1 F2400 X140.04 Y110.059 E1848.59479
G0 F12000 X140.04 Y109.493
G1 F2400 X104.508 Y73.961 E1851.93742
G0 F12000 X105.073 Y73.961
G1 F2400 X140.04 Y108.928 E1855.2269
G0 F12000 X140.04 Y108.362
G1 F2400 X105.639 Y73.961 E1858.46313
G0 F12000 X106.205 Y73.961
G1 F2400 X140.04 Y107.796 E1861.64612
G0 F12000 X140.04 Y107.231
G1 F2400 X106.77 Y73.961 E1864.77596
G0 F12000 X107.336 Y73.961
G1 F2400 X140.04 Y106.665 E1867.85255
G0 F12000 X140.04 Y106.099
G1 F2400 X107.902 Y73.961 E1870.8759
G0 F12000 X108.467 Y73.961
G1 F2400 X140.04 Y105.534 E1873.84609
G0 F12000 X140.04 Y104.968
G1 F2400 X109.033 Y73.961 E1876.76304
G0 F12000 X109.599 Y73.961
G1 F2400 X140.04 Y104.402 E1879.62674
G0 F12000 X140.04 Y103.837
G1 F2400 X110.164 Y73.961 E1882.4373
G0 F12000 X110.73 Y73.961
G1 F2400 X140.04 Y103.271 E1885.1946
G0 F12000 X140.04 Y102.705
G1 F2400 X111.296 Y73.961 E1887.89866
G0 F12000 X111.861 Y73.961
G1 F2400 X140.04 Y102.139 E1890.54952
G0 F12000 X140.04 Y101.574
G1 F2400 X112.427 Y73.961 E1893.14718
G0 F12000 X112.993 Y73.961
G1 F2400 X140.04 Y101.008 E1895.6916
G0 F12000 X140.04 Y100.442
G1 F2400 X113.559 Y73.961 E1898.18277
G0 F12000 X114.124 Y73.961
G1 F2400 X140.04 Y99.877 E1900.62079
G0 F12000 X140.04 Y99.311
G1 F2400 X114.69 Y73.961 E1903.00556
G0 F12000 X115.256 Y73.961
G1 F2400 X140.04 Y98.745 E1905.33709
G0 F12000 X140.04 Y98.18
G1 F2400 X115.821 Y73.961 E1907.61546
G0 F12000 X116.387 Y73.961
G1 F2400 X140.04 Y97.614 E1909.84059
G0 F12000 X140.04 Y97.048
G1 F2400 X116.953 Y73.961 E1912.01247
G0 F12000 X117.518 Y73.961
G1 F2400 X140.04 Y96.483 E1914.1312
G0 F12000 X140.04 Y95.917
G1 F2400 X118.084 Y73.961 E1916.19669
G0 F12000 X118.65 Y73.961
G1 F2400 X140.04 Y95.351 E1918.20893
G0 F12000 X140.04 Y94.786
G1 F2400 X119.215 Y73.961 E1920.16802
G0 F12000 X119.781 Y73.961
G1 F2400 X140.04 Y94.22 E1922.07386
G0 F12000 X140.04 Y93.654
G1 F2400 X120.347 Y73.961 E1923.92646
G0 F12000 X120.912 Y73.961
G1 F2400 X140.04 Y93.088 E1925.72586
G0 F12000 X140.04 Y92.523
G1 F2400 X121.478 Y73.961 E1927.47206
G0 F12000 X122.044 Y73.961
G1 F2400 X140.04 Y91.957 E1929.16501
G0 F12000 X140.04 Y91.391
G1 F2400 X122.609 Y73.961 E1930.80476
G0 F12000 X123.175 Y73.961
G1 F2400 X140.04 Y90.826 E1932.39132
G0 F12000 X140.04 Y90.26
G1 F2400 X123.741 Y73.961 E1933.92463
G0 F12000 X124.307 Y73.961
G1 F2400 X140.04 Y89.694 E1935.40469
G0 F12000 X140.04 Y89.129
G1 F2400 X124.872 Y73.961 E1936.83161
G0 F12000 X125.438 Y73.961
G1 F2400 X140.04 Y88.563 E1938.20527
G0 F12000 X140.04 Y87.997
G1 F2400 X126.004 Y73.961 E1939.52569
G0 F12000 X126.569 Y73.961
G1 F2400 X140.04 Y87.432 E1940.79296
G0 F12000 X140.04 Y86.866
G1 F2400 X127.135 Y73.961 E1942.00699
G0 F12000 X127.701 Y73.961
G1 F2400 X140.04 Y86.3 E1943.16776
G0 F12000 X140.04 Y85.735
G1 F2400 X128.266 Y73.961 E1944.27539
G0 F12000 X128.832 Y73.961
G1 F2400 X140.04 Y85.169 E1945.32977
G0 F12000 X140.04 Y84.603
G1 F2400 X129.398 Y73.961 E1946.3309
G0 F12000 X129.963 Y73.961
G1 F2400 X140.04 Y84.038 E1947.27888
G0 F12000 X140.04 Y83.472
G1 F2400 X130.529 Y73.961 E1948.17362
G0 F12000 X131.095 Y73.961
G1 F2400 X140.04 Y82.906 E1949.01511
G0 F12000 X140.04 Y82.34
G1 F2400 X131.66 Y73.961 E1949.8034
G0 F12000 X132.226 Y73.961
G1 F2400 X140.04 Y81.775 E1950.5385
G0 F12000 X140.04 Y81.209
G1 F2400 X132.792 Y73.961 E1951.22034
G0 F12000 X133.358 Y73.961
G1 F2400 X140.04 Y80.643 E1951.84895
G0 F12000 X140.04 Y80.078
G1 F2400 X133.923 Y73.961 E1952.4244
G0 F12000 X134.489 Y73.961
G1 F2400 X140.04 Y79.512 E1952.9466
G0 F12000 X140.04 Y78.946
G1 F2400 X135.055 Y73.961 E1953.41556
G0 F12000 X135.62 Y73.961
G1 F2400 X140.04 Y78.381 E1953.83137
G0 F12000 X140.04 Y77.815
G1 F2400 X136.186 Y73.961 E1954.19393
G0 F12000 X136.752 Y73.961
G1 F2400 X140.04 Y77.249 E1954.50324
G0 F12000 X140.04 Y76.684
G1 F2400 X137.317 Y73.961 E1954.7594
G0 F12000 X137.883 Y73.961
G1 F2400 X140.04 Y76.118 E1954.96232
G0 F12000 X140.04 Y75.552
G1 F2400 X138.449 Y73.961 E1955.11199
G0 F12000 X139.014 Y73.961
G1 F2400 X140.04 Y74.987 E1955.20851
G0 F12000 X140.04 Y74.421
G1 F2400 X139.58 Y73.961 E1955.25179
G1 F2700 E1950.25179
G0 F12000 X139.58 Y73.5
G0 X111.13 Y73.6
G0 X110.792 Y120.554
G0 X111.13 Y120.767
G0 X111.292 Y120.343
G1 F2700 E1955.25179
G1 F2400 X79.96 Y89.011 E1958.19931
G0 F12000 X79.96 Y88.446
G1 F2400 X122.817 Y131.302 E1962.23099
G0 F12000 X122.448 Y131.499
G1 F2400 X112.629 Y121.68 E1963.1547
G0 F12000 X112.899 Y122.515
G1 F2400 X122.098 Y131.715 E1964.02013
G0 F12000 X121.82 Y132.003
G1 F2400 X112.948 Y123.131 E1964.85475
G0 F12000 X112.884 Y123.632
G1 F2400 X121.55 Y132.298 E1965.67
G0 F12000 X121.364 Y132.678
G1 F2400 X112.757 Y124.07 E1966.47974
G0 F12000 X112.556 Y124.435
G1 F2400 X121.192 Y133.072 E1967.29221
G0 F12000 X121.092 Y133.537
G1 F2400 X112.343 Y124.788 E1968.11526
G0 F12000 X112.078 Y125.089
G1 F2400 X121.048 Y134.059 E1968.9591
G0 F12000 X121.132 Y134.708
G1 F2400 X111.782 Y125.358 E1969.83869
G0 F12000 X111.476 Y125.017
G0 X110.009 Y124.863
G0 X109.382 Y124.735
G0 X107.794 Y124.142
G0 X107.397 Y124.368
G1 F2400 X79.96 Y96.931 E1972.4198
G0 F12000 X79.96 Y96.365
G1 F2400 X107.086 Y123.491 E1974.97164
G0 F12000 X107.047 Y122.887
G1 F2400 X79.96 Y95.8 E1977.51982
G0 F12000 X79.96 Y95.234
G1 F2400 X107.11 Y122.384 E1980.07393
G0 F12000 X107.237 Y121.945
G1 F2400 X79.96 Y94.668 E1982.63998
G0 F12000 X79.96 Y94.102
G1 F2400 X107.421 Y121.563 E1985.22334
G0 F12000 X107.629 Y121.206
G1 F2400 X79.96 Y93.537 E1987.82627
G0 F12000 X79.96 Y92.971
G1 F2400 X107.901 Y120.912 E1990.45479
G0 F12000 X108.195 Y120.64
G1 F2400 X79.96 Y92.405 E1993.11097
G0 F12000 X79.96 Y91.84
G1 F2400 X108.559 Y120.438 E1995.80134
G0 F12000 X108.931 Y120.244
G1 F2400 X79.96 Y91.274 E1998.52671
G0 F12000 X79.96 Y90.708
G1 F2400 X109.365 Y120.113 E2001.29295
G0 F12000 X109.863 Y120.046
G1 F2400 X79.96 Y90.143 E2004.10604
G0 F12000 X79.96 Y89.577
G1 F2400 X110.485 Y120.101 E2006.9776
G1 F2700 E2001.9776
G0 F12000 X110.391 Y120.551
G0 X112.57 Y123.207
G0 X122.386 Y131.962
G0 X123.371 Y131.582
G0 X123.223 Y131.142
G1 F2700 E2006.9776
G1 F2400 X79.96 Y87.88 E2011.04747
G0 F12000 X79.96 Y87.314
G1 F2400 X123.699 Y131.053 E2015.16216
G0 F12000 X124.27 Y131.058
G1 F2400 X79.96 Y86.749 E2019.33053
G0 F12000 X79.96 Y86.183
G1 F2400 X125.003 Y131.226 E2023.5679
G0 F12000 X124.748 Y131.924
G1 F2700 E2018.5679
;MESH:NONMESH
G0 F300 Z1.4
G0 F12000 X122.386 Y131.962
G0 X111.291 Y125.232
G0 X110 Y125.398
;TIME_ELAPSED:2124.514605
;LAYER:3
M106 S127.5
;TYPE:WALL-INNER
;MESH:tank_trainer_body.stl
G1 F2700 E2023.5679
G1 F2400 X109.908 Y125.405 E2023.57404
G1 X109.232 Y125.267 E2023.61993
G1 X108.868 Y125.114 E2023.6462
G1 X108.488 Y124.863 E2023.67649
G1 X108.287 Y124.682 E2023.69449
G1 X107.916 Y124.181 E2023.73595
G1 X107.763 Y123.864 E2023.75937
G1 X107.619 Y123.263 E2023.80048
G1 X107.602 Y122.939 E2023.82206
G1 X107.687 Y122.377 E2023.85987
G1 X107.8 Y122.044 E2023.88326
G1 X108.058 Y121.57 E2023.91916
G1 X108.435 Y121.167 E2023.95587
G1 X108.884 Y120.877 E2023.99143
G1 X109.16 Y120.754 E2024.01153
G1 X109.78 Y120.609 E2024.05388
G1 X110.105 Y120.594 E2024.07552
G1 X110.748 Y120.725 E2024.11918
G1 X111.044 Y120.827 E2024.14
G1 X111.517 Y121.14 E2024.17773
G1 X111.694 Y121.303 E2024.19374
G1 X112.093 Y121.829 E2024.23765
G1 X112.24 Y122.155 E2024.26144
G1 X112.392 Y122.788 E2024.30475
G1 X112.392 Y123.087 E2024.32464
G1 X112.299 Y123.662 E2024.36338
G1 X112.218 Y123.904 E2024.38036
G1 X111.952 Y124.414 E2024.41862
G1 X111.553 Y124.834 E2024.45716
G1 X111.075 Y125.142 E2024.49498
G1 X110.826 Y125.246 E2024.51293
G1 X110.289 Y125.375 E2024.54967
G1 X110 Y125.398 E2024.56896
G0 F12000 X110 Y124.991
G1 F2400 X109.87 Y124.989 E2024.5776
G1 X109.333 Y124.88 E2024.61405
G1 X109.11 Y124.796 E2024.62991
G1 X108.73 Y124.544 E2024.66024
G1 X108.562 Y124.383 E2024.67572
G1 X108.254 Y123.967 E2024.71015
G1 X108.157 Y123.768 E2024.72487
G1 X108.003 Y123.167 E2024.76614
G1 X108.012 Y122.868 E2024.78604
G1 X108.101 Y122.326 E2024.82258
G1 X108.398 Y121.789 E2024.8634
G1 X108.721 Y121.451 E2024.8945
G1 X109.185 Y121.162 E2024.93086
G1 X109.826 Y121.002 E2024.97481
G1 X110.054 Y120.998 E2024.98998
G1 X110.651 Y121.113 E2025.03042
G1 X110.885 Y121.204 E2025.04712
G1 X111.346 Y121.504 E2025.08371
G1 X111.757 Y122.037 E2025.12848
G1 X111.849 Y122.246 E2025.14367
G1 X111.979 Y122.78 E2025.18023
G1 X112 Y123.033 E2025.19712
G1 X111.895 Y123.662 E2025.23954
G1 X111.622 Y124.182 E2025.27861
G1 X111.308 Y124.518 E2025.3092
G1 X110.885 Y124.79 E2025.34265
G1 X110.641 Y124.882 E2025.36
G1 X110.144 Y124.993 E2025.39387
G1 X110 Y124.991 E2025.40345
G0 F12000 X110 Y124.609
G1 F2406 X109.359 Y124.477 E2025.44688
G1 F2400 X108.926 Y124.196 E2025.48122
G1 X108.545 Y123.691 E2025.5233
G1 X108.39 Y123.036 E2025.56807
G1 X108.492 Y122.443 E2025.6081
G1 X108.692 Y122.078 E2025.63578
G1 X108.941 Y121.788 E2025.66121
G1 X109.353 Y121.527 E2025.69365
G1 X109.957 Y121.384 E2025.73494
G1 X110.628 Y121.515 E2025.78042
G1 X111.073 Y121.799 E2025.81553
G1 X111.454 Y122.302 E2025.85751
G1 X111.606 Y122.946 E2025.90153
G1 X111.511 Y123.539 E2025.94148
G1 X111.291 Y123.952 E2025.9726
G1 X111.049 Y124.211 E2025.99618
G1 X110.641 Y124.473 E2026.02844
G1 X110.021 Y124.613 E2026.07072
G1 F2406 X110 Y124.609 E2026.07214
G1 F2700 E2021.07214
G0 F12000 X109.939 Y124.911
G0 X108.774 Y125.268
G0 X98.557 Y133.713
G0 X97.347 Y135.236
G0 X96.142 Y136.408
G1 F2700 E2026.07214
G1 F2400 X95.778 Y136.38 E2026.09642
G1 X95.197 Y136.263 E2026.13584
G1 X94.921 Y136.149 E2026.15571
G1 X94.479 Y135.862 E2026.19077
G1 X94.314 Y135.706 E2026.20587
G1 X93.901 Y135.17 E2026.25088
G1 X93.776 Y134.89 E2026.27128
G1 X93.595 Y134.187 E2026.31957
G1 X93.617 Y133.805 E2026.34502
G1 X93.723 Y133.195 E2026.38621
G1 X94.042 Y132.594 E2026.43147
G1 X94.434 Y132.167 E2026.47003
G1 X94.925 Y131.854 E2026.50876
G1 X95.182 Y131.747 E2026.52728
G1 X95.839 Y131.591 E2026.5722
G1 X96.186 Y131.611 E2026.59532
G1 X96.767 Y131.73 E2026.63477
G1 X97.096 Y131.864 E2026.6584
G1 X97.506 Y132.131 E2026.69095
G1 X97.736 Y132.351 E2026.71212
G1 X98.148 Y132.899 E2026.75772
G1 X98.263 Y133.24 E2026.78166
G1 X98.401 Y133.842 E2026.82275
G1 X98.379 Y134.191 E2026.84601
G1 X98.277 Y134.79 E2026.88643
G1 X97.945 Y135.416 E2026.93356
G1 X97.561 Y135.838 E2026.97152
G1 X96.936 Y136.224 E2027.02038
G1 X96.142 Y136.408 E2027.0746
G0 F12000 X96.193 Y135.986
G1 F2400 X95.847 Y135.986 E2027.09761
G1 X95.226 Y135.86 E2027.13976
G1 X94.663 Y135.508 E2027.18393
G1 X94.246 Y134.963 E2027.22958
G1 X94.154 Y134.759 E2027.24447
G1 X94.029 Y134.269 E2027.27811
G1 X94.001 Y133.968 E2027.29822
G1 X94.104 Y133.327 E2027.3414
G1 X94.388 Y132.805 E2027.38093
G1 X94.692 Y132.476 E2027.41073
G1 X95.184 Y132.157 E2027.44973
G1 X95.959 Y131.973 E2027.50272
G1 X96.664 Y132.117 E2027.55059
G1 X96.927 Y132.228 E2027.56958
G1 X97.355 Y132.51 E2027.60367
G1 X97.765 Y133.048 E2027.64867
G1 X97.865 Y133.297 E2027.66652
G1 X97.984 Y133.807 E2027.70135
G1 X97.99 Y134.082 E2027.71965
G1 X97.895 Y134.659 E2027.75855
G1 X97.615 Y135.189 E2027.79842
G1 X97.275 Y135.544 E2027.83112
G1 X96.807 Y135.836 E2027.86781
G1 X96.193 Y135.986 E2027.90986
G0 F12000 X96.124 Y135.592
G1 F2400 X95.916 Y135.592 E2027.92369
G1 X95.37 Y135.481 E2027.96076
G1 X94.907 Y135.18 E2027.99749
G1 X94.546 Y134.685 E2028.03825
G1 X94.387 Y134.055 E2028.08147
G1 X94.483 Y133.458 E2028.12169
G1 X94.722 Y133.026 E2028.15453
G1 X94.972 Y132.77 E2028.17834
G1 X95.354 Y132.527 E2028.20845
G1 X95.978 Y132.384 E2028.25104
G1 X96.632 Y132.517 E2028.29543
G1 X97.078 Y132.804 E2028.33071
G1 X97.451 Y133.3 E2028.37199
G1 X97.608 Y133.948 E2028.41635
G1 X97.51 Y134.543 E2028.45646
G1 X97.281 Y134.966 E2028.48846
G1 X97.045 Y135.209 E2028.51099
G1 X96.64 Y135.472 E2028.54311
G1 X96.124 Y135.592 E2028.57835
G1 F2700 E2023.57835
G0 F12000 X96.192 Y135.896
G0 X97.621 Y136.01
G0 X97.619 Y146.419
G0 X110 Y146.6
G1 F2700 E2028.57835
G1 F2400 X140.6 Y146.6 E2030.61387
G1 X140.6 Y73.4 E2035.48316
G1 X79.4 Y73.4 E2039.5542
G1 X79.401 Y146.599 E2044.42341
G1 X110 Y146.6 E2046.45887
G0 F12000 X110 Y147
G1 F2400 X141 Y147 E2048.521
G1 X141 Y73 E2053.4435
G1 X79 Y73 E2057.56775
G1 X79.001 Y146.999 E2062.49019
G1 X110 Y147 E2064.55225
G0 F12000 X110 Y147.4
G1 F2400 X141.4 Y147.4 E2066.64098
G1 X141.4 Y72.6 E2071.6167
G1 X78.6 Y72.6 E2075.79417
G1 X78.601 Y147.399 E2080.76982
G1 X110 Y147.4 E2082.85849
G1 F2700 E2077.85849
G0 F12000 X110 Y147.09
G0 X124.14 Y146.419
G0 X123.916 Y136.593
G0 X124.142 Y136.408
G1 F2700 E2082.85849
G1 F2400 X123.778 Y136.38 E2082.88278
G1 X123.197 Y136.263 E2082.9222
G1 X122.921 Y136.149 E2082.94207
G1 X122.479 Y135.862 E2082.97712
G1 X122.274 Y135.669 E2082.99585
G1 X121.909 Y135.169 E2083.03703
G1 X121.768 Y134.865 E2083.05932
G1 X121.618 Y134.255 E2083.10111
G1 X121.604 Y133.911 E2083.12401
G1 X121.698 Y133.33 E2083.16316
G1 X121.783 Y133.08 E2083.18073
G1 X122.058 Y132.578 E2083.2188
G1 X122.416 Y132.178 E2083.25451
G1 X123.02 Y131.787 E2083.30237
G1 X123.652 Y131.633 E2083.34564
G1 X124.04 Y131.584 E2083.37166
G1 X124.764 Y131.729 E2083.42078
G1 X125.089 Y131.86 E2083.44409
G1 X125.517 Y132.14 E2083.47811
G1 X125.694 Y132.303 E2083.49411
G1 X126.079 Y132.808 E2083.53635
G1 X126.23 Y133.124 E2083.55965
G1 X126.376 Y133.726 E2083.60086
G1 X126.394 Y134.055 E2083.62278
G1 X126.316 Y134.582 E2083.65821
G1 X126.222 Y134.895 E2083.67995
G1 X125.945 Y135.417 E2083.71926
G1 X125.56 Y135.838 E2083.75721
G1 X124.936 Y136.224 E2083.80602
G1 X124.142 Y136.408 E2083.86024
G0 F12000 X123.847 Y135.986
G1 F2400 X123.226 Y135.86 E2083.90239
G1 X122.661 Y135.506 E2083.94674
G1 X122.249 Y134.958 E2083.99235
G1 X122.153 Y134.77 E2084.00639
G1 X121.982 Y134.077 E2084.05387
G1 X122.102 Y133.327 E2084.10439
G1 X122.388 Y132.807 E2084.14387
G1 X122.682 Y132.481 E2084.17307
G1 X123.185 Y132.157 E2084.21287
G1 X123.805 Y132.01 E2084.25526
G1 X124.101 Y132.003 E2084.27496
G1 X124.802 Y132.144 E2084.32252
G1 X125.349 Y132.507 E2084.36619
G1 X125.743 Y133.024 E2084.40943
G1 X125.849 Y133.225 E2084.42455
G1 X125.982 Y133.795 E2084.46348
G1 X125.995 Y134.03 E2084.47914
G1 X125.901 Y134.65 E2084.52085
G1 X125.615 Y135.189 E2084.56144
G1 X125.275 Y135.544 E2084.59414
G1 X124.807 Y135.836 E2084.63083
G1 X124.193 Y135.986 E2084.67288
G1 X123.847 Y135.986 E2084.69589
G0 F12000 X123.916 Y135.592
G1 F2400 X123.37 Y135.481 E2084.73296
G1 X122.909 Y135.181 E2084.76954
G1 X122.556 Y134.704 E2084.80902
G1 X122.385 Y134.053 E2084.85379
G1 X122.495 Y133.438 E2084.89535
G1 X122.702 Y133.062 E2084.9239
G1 X122.94 Y132.79 E2084.94794
G1 X123.355 Y132.527 E2084.98063
G1 X123.873 Y132.404 E2085.01604
G1 X124.051 Y132.4 E2085.02789
G1 X124.634 Y132.521 E2085.06749
G1 X125.07 Y132.8 E2085.10193
G1 X125.452 Y133.3 E2085.14378
G1 X125.608 Y133.947 E2085.18805
G1 X125.513 Y134.536 E2085.22774
G1 X125.282 Y134.966 E2085.26021
G1 X125.045 Y135.209 E2085.28279
G1 X124.64 Y135.472 E2085.31491
G1 X124.124 Y135.592 E2085.35015
G1 X123.916 Y135.592 E2085.36399
G0 F12000 X124.025 Y135.205
;TYPE:WALL-OUTER
G1 F2400 X123.523 Y135.102 E2085.39808
G1 X123.202 Y134.901 E2085.42327
G1 X122.915 Y134.52 E2085.455
G1 X122.797 Y134.044 E2085.48762
G1 X122.869 Y133.593 E2085.518
G1 X123.036 Y133.282 E2085.54149
G1 X123.205 Y133.096 E2085.5582
G1 X123.528 Y132.896 E2085.58348
G1 X123.971 Y132.791 E2085.61376
G1 X124.471 Y132.893 E2085.64771
G1 X124.783 Y133.089 E2085.67222
G1 X125.086 Y133.477 E2085.70496
G1 X125.2 Y133.962 E2085.7381
G1 X125.131 Y134.389 E2085.76688
G1 X124.965 Y134.713 E2085.79109
G1 X124.789 Y134.902 E2085.80827
G1 X124.481 Y135.097 E2085.83252
G1 X124.025 Y135.205 E2085.86369
G1 F2700 E2080.86369
G0 F12000 X123.884 Y135.9
G0 X123.027 Y135.084
G0 X121.619 Y133.005
G0 X111.16 Y125.302
G0 X110 Y124.2
G1 F2700 E2085.86369
G1 F2400 X109.512 Y124.098 E2085.89686
G1 X109.19 Y123.886 E2085.9225
G1 X108.914 Y123.517 E2085.95316
G1 X108.8 Y123.048 E2085.98526
G1 X108.868 Y122.596 E2086.01567
G1 X109.038 Y122.279 E2086.0396
G1 X109.201 Y122.099 E2086.05575
G1 X109.507 Y121.904 E2086.07989
G1 X109.969 Y121.791 E2086.11152
G1 X110.477 Y121.895 E2086.14602
G1 X110.799 Y122.099 E2086.17137
G1 X111.086 Y122.481 E2086.20316
G1 X111.2 Y122.961 E2086.23597
G1 X111.12 Y123.421 E2086.26703
G1 X110.953 Y123.73 E2086.2904
G1 X110.793 Y123.899 E2086.30588
G1 X110.472 Y124.1 E2086.33107
G1 X110.02 Y124.204 E2086.36193
G1 X110 Y124.2 E2086.36328
G1 F2700 E2081.36328
G0 F12000 X109.859 Y124.895
G0 X108.774 Y125.268
G0 X98.387 Y133
G0 X96.025 Y135.205
G1 F2700 E2086.36328
G1 F2400 X95.523 Y135.102 E2086.39737
G1 X95.202 Y134.901 E2086.42256
G1 X94.914 Y134.516 E2086.45455
G1 X94.796 Y134.041 E2086.48711
G1 X94.87 Y133.59 E2086.51751
G1 X95.036 Y133.282 E2086.54078
G1 X95.214 Y133.088 E2086.5583
G1 X95.493 Y132.911 E2086.58027
G1 X95.974 Y132.792 E2086.61324
G1 X96.487 Y132.895 E2086.64804
G1 X96.793 Y133.097 E2086.67243
G1 X97.077 Y133.469 E2086.70356
G1 X97.2 Y133.958 E2086.73711
G1 X97.121 Y134.418 E2086.76815
G1 X96.965 Y134.713 E2086.79035
G1 X96.789 Y134.902 E2086.80753
G1 X96.481 Y135.097 E2086.83178
G1 X96.025 Y135.205 E2086.86295
G1 F2700 E2081.86295
G0 F12000 X95.884 Y135.9
G0 X97.621 Y136.01
G0 X97.619 Y146.419
G0 X110 Y147.8
G1 F2700 E2086.86295
G1 F2400 X141.8 Y147.8 E2088.9783
G1 X141.8 Y72.2 E2094.00723
G1 X78.2 Y72.2 E2098.23792
G1 X78.201 Y147.799 E2103.26678
G1 X110 Y147.8 E2105.38206
G1 F2700 E2100.38206
G0 F12000 X110 Y147.09
G0 X95.919 Y146.419
G0 X95.916 Y136.593
G0 X95.901 Y136.772
;TYPE:SKIN
G1 F2700 E2105.38206
G1 F2400 X96.315 Y136.736 E2105.40971
G1 X96.926 Y136.595 E2105.45142
G1 X97.239 Y136.464 E2105.47399
G1 X97.81 Y136.101 E2105.519
G1 X98.24 Y135.623 E2105.56177
G1 X98.533 Y135.083 E2105.60263
G1 X98.647 Y134.748 E2105.62617
G1 X98.76 Y134.072 E2105.67177
G1 X98.736 Y133.698 E2105.6967
G1 X98.546 Y132.92 E2105.74997
G1 X98.38 Y132.612 E2105.77324
G1 X98.015 Y132.12 E2105.81399
G1 X97.734 Y131.85 E2105.83992
G1 X97.305 Y131.57 E2105.87399
G1 X96.855 Y131.378 E2105.90654
G1 X96.213 Y131.246 E2105.95014
G1 X95.774 Y131.236 E2105.97935
G1 X95.03 Y131.408 E2106.03015
G1 X94.749 Y131.535 E2106.05066
G1 X94.382 Y131.765 E2106.07947
G1 X94.107 Y131.977 E2106.10257
G1 X93.76 Y132.368 E2106.13734
G1 X93.448 Y132.935 E2106.18039
G1 X93.346 Y133.245 E2106.2021
G1 X93.221 Y133.968 E2106.25091
G1 X93.285 Y134.432 E2106.28207
G1 X93.435 Y135.011 E2106.32185
G1 X93.584 Y135.344 E2106.34612
G1 X94.019 Y135.923 E2106.39429
G1 X94.243 Y136.131 E2106.41463
G1 X94.742 Y136.46 E2106.45439
G1 X95.07 Y136.601 E2106.47814
G1 X95.901 Y136.772 E2106.53457
G1 F2700 E2101.53457
G0 F12000 X95.921 Y136.511
G0 X97.335 Y135.244
G0 X98.557 Y133.713
G0 X109.074 Y125.418
G0 X109.994 Y125.499
G0 X110 Y125.755
G1 F2700 E2106.53457
G1 F2400 X110.25 Y125.748 E2106.55121
G1 X111.085 Y125.561 E2106.60813
G1 X111.795 Y125.106 E2106.66423
G1 X112.251 Y124.609 E2106.70909
G1 X112.566 Y124.029 E2106.753
G1 X112.652 Y123.736 E2106.77331
G1 X112.76 Y123.087 E2106.81708
G1 X112.728 Y122.659 E2106.84563
G1 X112.561 Y121.981 E2106.89207
G1 X112.371 Y121.59 E2106.92099
G1 X111.946 Y121.038 E2106.96733
G1 X111.687 Y120.817 E2106.98998
G1 X111.231 Y120.527 E2107.02593
G1 X110.862 Y120.381 E2107.05233
G1 X110.126 Y120.232 E2107.10228
G1 X109.734 Y120.252 E2107.12839
G1 X109.037 Y120.407 E2107.17589
G1 X108.707 Y120.562 E2107.20014
G1 X108.221 Y120.869 E2107.23838
G1 X107.901 Y121.199 E2107.26896
G1 X107.705 Y121.464 E2107.29088
G1 X107.431 Y121.964 E2107.32881
G1 X107.335 Y122.292 E2107.35154
G1 X107.242 Y122.897 E2107.39226
G1 X107.246 Y123.289 E2107.41834
G1 X107.409 Y123.926 E2107.46208
G1 X107.617 Y124.38 E2107.49529
G1 X107.967 Y124.852 E2107.53438
G1 X108.216 Y125.117 E2107.55857
G1 X108.671 Y125.412 E2107.59464
G1 X109.009 Y125.582 E2107.61981
G1 X109.659 Y125.72 E2107.66401
G1 X109.964 Y125.756 E2107.68444
G1 X110 Y125.755 E2107.68684
G1 F2700 E2102.68684
G0 F12000 X109.994 Y125.499
G0 X111.16 Y125.302
G0 X121.522 Y133.287
G0 X122.317 Y134.807
G0 X122.669 Y135.273
G0 X123.921 Y136.511
G0 X123.901 Y136.772
G1 F2700 E2107.68684
G1 F2400 X124.315 Y136.736 E2107.71448
G1 X124.926 Y136.595 E2107.75619
G1 X125.269 Y136.449 E2107.78099
G1 X125.807 Y136.1 E2107.82365
G1 X126.241 Y135.619 E2107.86674
G1 X126.541 Y135.059 E2107.909
G1 X126.642 Y134.774 E2107.92912
G1 X126.734 Y134.25 E2107.96451
G1 X126.759 Y133.784 E2107.99555
G1 X126.551 Y132.932 E2108.05389
G1 X126.381 Y132.611 E2108.07805
G1 X125.909 Y131.997 E2108.12957
G1 X125.611 Y131.762 E2108.15481
G1 X125.259 Y131.541 E2108.18246
G1 X124.855 Y131.378 E2108.21144
G1 X124.183 Y131.248 E2108.25697
G1 X123.687 Y131.256 E2108.28997
G1 X123.064 Y131.405 E2108.33258
G1 X122.778 Y131.523 E2108.35316
G1 X122.385 Y131.766 E2108.3839
G1 X122.13 Y131.954 E2108.40497
G1 X121.739 Y132.392 E2108.44403
G1 X121.453 Y132.929 E2108.4845
G1 X121.344 Y133.248 E2108.50692
G1 X121.244 Y133.874 E2108.54909
G1 X121.256 Y134.312 E2108.57824
G1 X121.434 Y135.001 E2108.62558
G1 X121.59 Y135.337 E2108.65022
G1 X121.99 Y135.891 E2108.69567
G1 X122.243 Y136.131 E2108.71887
G1 X122.742 Y136.46 E2108.75863
G1 X123.07 Y136.601 E2108.78238
G1 X123.901 Y136.772 E2108.83882
G1 F2700 E2103.83882
G0 F12000 X123.921 Y136.511
G0 X122.838 Y136.31
G0 X122.836 Y146.419
G0 X109.999 Y146.499
G0 X110 Y146.238
G1 F2700 E2108.83882
G1 F2400 X79.76 Y146.236 E2110.85039
G1 X79.76 Y73.76 E2115.67151
G1 X140.24 Y73.76 E2119.69466
G1 X140.24 Y146.24 E2124.51605
G1 X110 Y146.238 E2126.52762
G1 F2700 E2121.52762
G0 F12000 X109.999 Y146.499
G0 X139.63 Y146.499
G0 X139.631 Y146.04
G1 F2700 E2126.52762
G1 F2400 X140.04 Y145.631 E2126.5661
G0 F12000 X140.04 Y145.066
G1 F2400 X139.065 Y146.04 E2126.65777
G0 F12000 X138.5 Y146.04
G1 F2400 X140.04 Y144.5 E2126.80265
G0 F12000 X140.04 Y143.934
G1 F2400 X137.934 Y146.04 E2127.00077
G0 F12000 X137.368 Y146.04
G1 F2400 X140.04 Y143.369 E2127.25208
G0 F12000 X140.04 Y142.803
G1 F2400 X136.803 Y146.04 E2127.5566
G0 F12000 X136.237 Y146.04
G1 F2400 X140.04 Y142.237 E2127.91436
G0 F12000 X140.04 Y141.672
G1 F2400 X135.671 Y146.04 E2128.32533
G0 F12000 X135.105 Y146.04
G1 F2400 X140.04 Y141.106 E2128.78953
G0 F12000 X140.04 Y140.54
G1 F2400 X134.54 Y146.04 E2129.30694
G0 F12000 X133.974 Y146.04
G1 F2400 X140.04 Y139.975 E2129.87754
G0 F12000 X140.04 Y139.409
G1 F2400 X133.408 Y146.04 E2130.5014
G0 F12000 X132.843 Y146.04
G1 F2400 X140.04 Y138.843 E2131.17844
G0 F12000 X140.04 Y138.278
G1 F2400 X132.277 Y146.04 E2131.90869
G0 F12000 X131.711 Y146.04
G1 F2400 X140.04 Y137.712 E2132.69219
G0 F12000 X140.04 Y137.146
G1 F2400 X131.146 Y146.04 E2133.52888
G0 F12000 X130.58 Y146.04
G1 F2400 X140.04 Y136.581 E2134.41877
G0 F12000 X140.04 Y136.015
G1 F2400 X130.015 Y146.039 E2135.36182
G0 F12000 X129.449 Y146.039
G1 F2400 X140.04 Y135.449 E2136.3581
G0 F12000 X140.04 Y134.883
G1 F2400 X128.884 Y146.039 E2137.40759
G0 F12000 X128.318 Y146.039
G1 F2400 X140.04 Y134.318 E2138.51028
G0 F12000 X140.04 Y133.752
G1 F2400 X127.752 Y146.039 E2139.66621
G0 F12000 X127.187 Y146.039
G1 F2400 X140.04 Y133.186 E2140.87534
G0 F12000 X140.04 Y132.621
G1 F2400 X126.621 Y146.039 E2142.13767
G0 F12000 X126.055 Y146.039
G1 F2400 X140.04 Y132.055 E2143.45325
G0 F12000 X140.04 Y131.489
G1 F2400 X125.49 Y146.039 E2144.82202
G0 F12000 X124.924 Y146.039
G1 F2400 X140.04 Y130.924 E2146.244
G0 F12000 X140.04 Y130.358
G1 F2400 X124.358 Y146.039 E2147.71922
G0 F12000 X123.792 Y146.039
G1 F2400 X140.04 Y129.792 E2149.24768
G0 F12000 X140.04 Y129.227
G1 F2400 X123.227 Y146.039 E2150.8293
G0 F12000 X122.661 Y146.039
G1 F2400 X140.04 Y128.661 E2152.46416
G0 F12000 X140.04 Y128.095
G1 F2400 X122.095 Y146.039 E2154.15227
G0 F12000 X121.53 Y146.039
G1 F2400 X140.04 Y127.53 E2155.89353
G0 F12000 X140.04 Y126.964
G1 F2400 X120.964 Y146.039 E2157.68804
G0 F12000 X120.398 Y146.039
G1 F2400 X140.04 Y126.398 E2159.53579
G0 F12000 X140.04 Y125.832
G1 F2400 X119.833 Y146.039 E2161.43674
G0 F12000 X119.268 Y146.039
G1 F2400 X140.04 Y125.267 E2163.39084
G0 F12000 X140.04 Y124.701
G1 F2400 X118.702 Y146.039 E2165.39819
G0 F12000 X118.136 Y146.039
G1 F2400 X140.04 Y124.135 E2167.45878
G0 F12000 X140.04 Y123.57
G1 F2400 X117.571 Y146.039 E2169.57253
G0 F12000 X117.005 Y146.039
G1 F2400 X140.04 Y123.004 E2171.73952
G0 F12000 X140.04 Y122.438
G1 F2400 X116.439 Y146.039 E2173.95976
G0 F12000 X115.874 Y146.039
G1 F2400 X125.23 Y136.682 E2174.83996
G0 F12000 X124.433 Y136.914
G1 F2400 X115.308 Y146.039 E2175.69839
G0 F12000 X114.742 Y146.039
G1 F2400 X123.823 Y136.958 E2176.55267
G0 F12000 X123.351 Y136.864
G1 F2400 X114.177 Y146.039 E2177.41575
G0 F12000 X113.611 Y146.039
G1 F2400 X122.906 Y136.744 E2178.29017
G0 F12000 X122.53 Y136.554
G1 F2400 X113.045 Y146.039 E2179.18246
G0 F12000 X112.479 Y146.039
G1 F2400 X122.184 Y136.334 E2180.09544
G0 F12000 X121.885 Y136.068
G1 F2400 X111.914 Y146.039 E2181.03346
G0 F12000 X111.348 Y146.039
G1 F2400 X121.639 Y135.748 E2182.00157
G0 F12000 X121.407 Y135.414
G1 F2400 X110.782 Y146.039 E2183.0011
G0 F12000 X110.217 Y146.039
G1 F2400 X121.231 Y135.025 E2184.03723
G0 F12000 X121.117 Y134.572
G1 F2400 X109.652 Y146.038 E2185.11584
G0 F12000 X109.086 Y146.038
G1 F2400 X121.05 Y134.074 E2186.24134
G0 F12000 X121.11 Y133.449
G1 F2400 X108.52 Y146.038 E2187.42568
G0 F12000 X107.955 Y146.038
G1 F2400 X121.412 Y132.58 E2188.69168
G0 F12000 X121.82 Y132.799
G0 X122.83 Y131.796
G0 X122.589 Y131.404
G1 F2400 X140.04 Y113.953 E2190.33336
G0 F12000 X140.04 Y114.519
G1 F2400 X123.454 Y131.105 E2191.89367
G0 F12000 X124.073 Y131.051
G1 F2400 X140.04 Y115.084 E2193.39575
G0 F12000 X140.04 Y115.65
G1 F2400 X124.57 Y131.12 E2194.85107
G0 F12000 X125.024 Y131.232
G1 F2400 X140.04 Y116.216 E2196.26369
G0 F12000 X140.04 Y116.782
G1 F2400 X125.416 Y131.405 E2197.63937
G0 F12000 X125.76 Y131.627
G1 F2400 X140.04 Y117.347 E2198.98275
G0 F12000 X140.04 Y117.913
G1 F2400 X126.07 Y131.882 E2200.29691
G0 F12000 X126.317 Y132.201
G1 F2400 X140.04 Y118.479 E2201.58784
G0 F12000 X140.04 Y119.044
G1 F2400 X126.56 Y132.524 E2202.85596
G0 F12000 X126.749 Y132.901
G1 F2400 X140.04 Y119.61 E2204.10629
G0 F12000 X140.04 Y120.176
G1 F2400 X126.861 Y133.355 E2205.34609
G0 F12000 X126.962 Y133.819
G1 F2400 X140.04 Y120.741 E2206.57639
G0 F12000 X140.04 Y121.307
G1 F2400 X126.904 Y134.442 E2207.8121
G0 F12000 X126.659 Y135.253
G1 F2400 X140.04 Y121.873 E2209.07085
G0 F12000 X140.5 Y121.873
G0 X140.5 Y113.387
G0 X140.04 Y113.387
G1 F2400 X107.389 Y146.038 E2212.14246
G0 F12000 X106.823 Y146.038
G1 F2400 X140.04 Y112.822 E2215.26727
G0 F12000 X140.04 Y112.256
G1 F2400 X106.258 Y146.038 E2218.44527
G0 F12000 X105.692 Y146.038
G1 F2400 X140.04 Y111.69 E2221.67652
G0 F12000 X140.04 Y111.125
G1 F2400 X105.126 Y146.038 E2224.96097
G0 F12000 X104.561 Y146.038
G1 F2400 X140.04 Y110.559 E2228.29861
G0 F12000 X140.04 Y109.993
G1 F2400 X103.995 Y146.038 E2231.68951
G0 F12000 X103.429 Y146.038
G1 F2400 X140.04 Y109.428 E2235.1336
G0 F12000 X140.04 Y108.862
G1 F2400 X102.864 Y146.038 E2238.63089
G0 F12000 X102.298 Y146.038
G1 F2400 X140.04 Y108.296 E2242.18142
G0 F12000 X140.04 Y107.731
G1 F2400 X101.732 Y146.038 E2245.78516
G0 F12000 X101.166 Y146.038
G1 F2400 X140.04 Y107.165 E2249.44214
G0 F12000 X140.04 Y106.599
G1 F2400 X100.601 Y146.038 E2253.15232
G0 F12000 X100.035 Y146.038
G1 F2400 X140.04 Y106.033 E2256.91574
G0 F12000 X140.04 Y105.468
G1 F2400 X99.47 Y146.037 E2260.73227
G0 F12000 X98.904 Y146.037
G1 F2400 X140.04 Y104.902 E2264.60205
G0 F12000 X140.04 Y104.336
G1 F2400 X98.339 Y146.037 E2268.52502
G0 F12000 X97.773 Y146.037
G1 F2400 X140.04 Y103.771 E2272.5012
G0 F12000 X140.04 Y103.205
G1 F2400 X97.207 Y146.037 E2276.53061
G0 F12000 X96.642 Y146.037
G1 F2400 X140.04 Y102.639 E2280.61323
G0 F12000 X140.04 Y102.074
G1 F2400 X96.076 Y146.037 E2284.74905
G0 F12000 X95.51 Y146.037
G1 F2400 X140.04 Y101.508 E2288.93811
G0 F12000 X140.04 Y100.942
G1 F2400 X94.945 Y146.037 E2293.18037
G0 F12000 X94.379 Y146.037
G1 F2400 X140.04 Y100.377 E2297.47583
G0 F12000 X140.04 Y99.811
G1 F2400 X93.813 Y146.037 E2301.82454
G0 F12000 X93.248 Y146.037
G1 F2400 X140.04 Y99.245 E2306.22644
G0 F12000 X140.04 Y98.68
G1 F2400 X92.682 Y146.037 E2310.68155
G0 F12000 X92.116 Y146.037
G1 F2400 X140.04 Y98.114 E2315.18989
G0 F12000 X140.04 Y97.548
G1 F2400 X91.551 Y146.037 E2319.75144
G0 F12000 X90.985 Y146.037
G1 F2400 X111.473 Y125.549 E2321.67883
G0 F12000 X110.579 Y125.878
G1 F2400 X90.419 Y146.037 E2323.57531
G0 F12000 X89.854 Y146.037
G1 F2400 X109.937 Y125.953 E2325.46464
G0 F12000 X109.447 Y125.878
G1 F2400 X89.288 Y146.037 E2327.36108
G0 F12000 X88.723 Y146.037
G1 F2400 X108.981 Y125.778 E2329.26687
G0 F12000 X108.595 Y125.598
G1 F2400 X88.157 Y146.037 E2331.1896
G0 F12000 X87.591 Y146.037
G1 F2400 X96.799 Y136.829 E2332.05583
G0 F12000 X96.11 Y136.952
G1 F2400 X87.026 Y146.037 E2332.91045
G0 F12000 X86.46 Y146.037
G1 F2400 X95.585 Y136.911 E2333.76892
G0 F12000 X95.113 Y136.818
G1 F2400 X85.894 Y146.037 E2334.63619
G0 F12000 X85.329 Y146.037
G1 F2400 X94.706 Y136.659 E2335.51836
G0 F12000 X94.354 Y136.445
G1 F2400 X84.763 Y146.037 E2336.42067
G0 F12000 X84.197 Y146.037
G1 F2400 X94.031 Y136.203 E2337.3458
G0 F12000 X93.76 Y135.908
G1 F2400 X83.632 Y146.037 E2338.29862
G0 F12000 X83.066 Y146.037
G1 F2400 X93.517 Y135.586 E2339.28179
G0 F12000 X93.312 Y135.225
G1 F2400 X82.5 Y146.037 E2340.29892
G0 F12000 X81.935 Y146.037
G1 F2400 X93.173 Y134.799 E2341.35612
G0 F12000 X93.069 Y134.336
G1 F2400 X81.369 Y146.037 E2342.45683
G0 F12000 X80.803 Y146.037
G1 F2400 X93.05 Y133.79 E2343.60895
G0 F12000 X93.19 Y133.084
G1 F2400 X80.238 Y146.037 E2344.82744
G0 F12000 X79.96 Y145.748
G1 F2400 X140.04 Y85.669 E2350.47935
G0 F12000 X140.04 Y86.235
G1 F2400 X95.085 Y131.189 E2354.7084
G0 F12000 X95.801 Y131.039
G1 F2400 X140.04 Y86.8 E2358.87013
G0 F12000 X140.04 Y87.366
G1 F2400 X96.336 Y131.07 E2362.98154
G0 F12000 X96.806 Y131.165
G1 F2400 X140.04 Y87.932 E2367.04868
G0 F12000 X140.04 Y88.497
G1 F2400 X97.217 Y131.32 E2371.0772
G0 F12000 X97.588 Y131.515
G1 F2400 X107.282 Y121.821 E2371.98916
G0 F12000 X107.088 Y122.58
G1 F2400 X97.915 Y131.753 E2372.8521
G0 F12000 X98.202 Y132.032
G1 F2400 X107.044 Y123.19 E2373.6839
G0 F12000 X107.138 Y123.662
G1 F2400 X98.442 Y132.358 E2374.50196
G0 F12000 X98.658 Y132.707
G1 F2400 X107.268 Y124.097 E2375.31194
G0 F12000 X107.447 Y124.484
G1 F2400 X98.804 Y133.127 E2376.12502
G0 F12000 X98.912 Y133.584
G1 F2400 X107.687 Y124.809 E2376.95052
G0 F12000 X107.942 Y125.12
G1 F2400 X98.957 Y134.106 E2377.79582
G0 F12000 X98.843 Y134.785
G1 F2400 X108.251 Y125.377 E2378.68087
G0 F12000 X108.505 Y124.994
G0 X110.036 Y124.868
G0 X112.151 Y124.252
G0 X112.554 Y124.468
G1 F2400 X140.04 Y96.983 E2381.26653
G0 F12000 X140.04 Y96.417
G1 F2400 X112.881 Y123.575 E2383.82144
G0 F12000 X112.948 Y122.943
G1 F2400 X140.04 Y95.851 E2386.37009
G0 F12000 X140.04 Y95.285
G1 F2400 X112.882 Y122.443 E2388.92494
G0 F12000 X112.767 Y121.992
G1 F2400 X140.04 Y94.72 E2391.49057
G0 F12000 X140.04 Y94.154
G1 F2400 X112.595 Y121.598 E2394.07238
G0 F12000 X112.37 Y121.258
G1 F2400 X140.04 Y93.588 E2396.67541
G0 F12000 X140.04 Y93.023
G1 F2400 X112.125 Y120.938 E2399.30148
G0 F12000 X111.823 Y120.673
G1 F2400 X140.04 Y92.457 E2401.95592
G0 F12000 X140.04 Y91.891
G1 F2400 X111.481 Y120.45 E2404.64257
G0 F12000 X111.102 Y120.263
G1 F2400 X140.04 Y91.326 E2407.36483
G0 F12000 X140.04 Y90.76
G1 F2400 X110.663 Y120.137 E2410.12844
G0 F12000 X110.19 Y120.044
G1 F2400 X140.04 Y90.194 E2412.93655
G0 F12000 X140.04 Y89.629
G1 F2400 X109.591 Y120.077 E2415.80096
G0 F12000 X108.81 Y120.292
G1 F2400 X140.04 Y89.063 E2418.73884
G0 F12000 X140.5 Y89.063
G0 X140.5 Y85.103
G0 X140.04 Y85.103
G1 F2400 X79.96 Y145.182 E2424.39075
G0 F12000 X79.96 Y144.617
G1 F2400 X140.04 Y84.537 E2430.0427
G0 F12000 X140.04 Y83.972
G1 F2400 X79.96 Y144.051 E2435.69462
G0 F12000 X79.96 Y143.485
G1 F2400 X140.04 Y83.406 E2441.34653
G0 F12000 X140.04 Y82.84
G1 F2400 X79.96 Y142.92 E2446.99848
G0 F12000 X79.96 Y142.354
G1 F2400 X140.04 Y82.275 E2452.6504
G0 F12000 X140.04 Y81.709
G1 F2400 X79.96 Y141.788 E2458.30231
G0 F12000 X79.96 Y141.223
G1 F2400 X140.04 Y81.143 E2463.95426
G0 F12000 X140.04 Y80.578
G1 F2400 X79.96 Y140.657 E2469.60617
G0 F12000 X79.96 Y140.091
G1 F2400 X140.04 Y80.012 E2475.25809
G0 F12000 X140.04 Y79.446
G1 F2400 X79.96 Y139.526 E2480.91004
G0 F12000 X79.96 Y138.96
G1 F2400 X140.04 Y78.881 E2486.56195
G0 F12000 X140.04 Y78.315
G1 F2400 X79.96 Y138.394 E2492.21387
G0 F12000 X79.96 Y137.829
G1 F2400 X140.04 Y77.749 E2497.86582
G0 F12000 X140.04 Y77.184
G1 F2400 X79.96 Y137.263 E2503.51773
G0 F12000 X79.96 Y136.697
G1 F2400 X140.04 Y76.618 E2509.16965
G0 F12000 X140.04 Y76.052
G1 F2400 X79.96 Y136.131 E2514.82156
G0 F12000 X79.96 Y135.566
G1 F2400 X140.04 Y75.486 E2520.47351
G0 F12000 X140.04 Y74.921
G1 F2400 X79.96 Y135 E2526.12543
G0 F12000 X79.96 Y134.434
G1 F2400 X140.04 Y74.355 E2531.77734
G0 F12000 X139.869 Y73.96
G1 F2400 X79.96 Y133.869 E2537.41321
G0 F12000 X79.96 Y133.303
G1 F2400 X139.304 Y73.96 E2542.99588
G0 F12000 X138.738 Y73.96
G1 F2400 X79.96 Y132.737 E2548.52531
G0 F12000 X79.96 Y132.172
G1 F2400 X138.172 Y73.96 E2554.00154
G0 F12000 X137.607 Y73.96
G1 F2400 X79.96 Y131.606 E2559.42456
G0 F12000 X79.96 Y131.04
G1 F2400 X137.041 Y73.96 E2564.79435
G0 F12000 X136.475 Y73.96
G1 F2400 X79.96 Y130.475 E2570.11093
G0 F12000 X79.96 Y129.909
G1 F2400 X135.909 Y73.96 E2575.37427
G0 F12000 X135.344 Y73.96
G1 F2400 X79.96 Y129.343 E2580.58441
G0 F12000 X79.96 Y128.778
G1 F2400 X134.778 Y73.96 E2585.74135
G0 F12000 X134.212 Y73.96
G1 F2400 X79.96 Y128.212 E2590.84505
G0 F12000 X79.96 Y127.646
G1 F2400 X133.647 Y73.96 E2595.89555
G0 F12000 X133.081 Y73.96
G1 F2400 X79.96 Y127.081 E2600.89284
G0 F12000 X79.96 Y126.515
G1 F2400 X132.515 Y73.96 E2605.8369
G0 F12000 X131.95 Y73.96
G1 F2400 X79.96 Y125.949 E2610.72775
G0 F12000 X79.96 Y125.383
G1 F2400 X131.384 Y73.96 E2615.56536
G0 F12000 X130.818 Y73.96
G1 F2400 X79.96 Y124.818 E2620.34976
G0 F12000 X79.96 Y124.252
G1 F2400 X130.253 Y73.96 E2625.08097
G0 F12000 X129.687 Y73.96
G1 F2400 X79.96 Y123.686 E2629.75894
G0 F12000 X79.96 Y123.121
G1 F2400 X129.121 Y73.96 E2634.3837
G0 F12000 X128.556 Y73.96
G1 F2400 X79.96 Y122.555 E2638.95527
G0 F12000 X79.96 Y121.989
G1 F2400 X127.99 Y73.96 E2643.47359
G0 F12000 X127.424 Y73.96
G1 F2400 X79.96 Y121.424 E2647.93871
G0 F12000 X79.96 Y120.858
G1 F2400 X126.858 Y73.96 E2652.35059
G0 F12000 X126.293 Y73.96
G1 F2400 X79.96 Y120.292 E2656.70927
G0 F12000 X79.96 Y119.727
G1 F2400 X125.727 Y73.96 E2661.01475
G0 F12000 X125.161 Y73.96
G1 F2400 X79.96 Y119.161 E2665.26698
G0 F12000 X79.96 Y118.595
G1 F2400 X124.596 Y73.96 E2669.46601
G0 F12000 X124.03 Y73.96
G1 F2400 X79.96 Y118.03 E2673.61185
G0 F12000 X79.96 Y117.464
G1 F2400 X123.464 Y73.96 E2677.70444
G0 F12000 X122.899 Y73.96
G1 F2400 X79.96 Y116.898 E2681.74383
G0 F12000 X79.96 Y116.333
G1 F2400 X122.333 Y73.96 E2685.73002
G0 F12000 X121.767 Y73.96
G1 F2400 X79.96 Y115.767 E2689.66297
G0 F12000 X79.96 Y115.201
G1 F2400 X121.202 Y73.96 E2693.54272
G0 F12000 X120.636 Y73.96
G1 F2400 X79.96 Y114.635 E2697.36922
G0 F12000 X79.96 Y114.07
G1 F2400 X120.07 Y73.96 E2701.14252
G0 F12000 X119.505 Y73.96
G1 F2400 X79.96 Y113.504 E2704.86262
G0 F12000 X79.96 Y112.938
G1 F2400 X118.939 Y73.96 E2708.52948
G0 F12000 X118.373 Y73.96
G1 F2400 X79.96 Y112.373 E2712.14314
G0 F12000 X79.96 Y111.807
G1 F2400 X117.808 Y73.96 E2715.7036
G0 F12000 X117.242 Y73.96
G1 F2400 X79.96 Y111.241 E2719.21082
G0 F12000 X79.96 Y110.676
G1 F2400 X116.676 Y73.96 E2722.66483
G0 F12000 X116.11 Y73.96
G1 F2400 X79.96 Y110.11 E2726.0656
G0 F12000 X79.96 Y109.544
G1 F2400 X115.545 Y73.96 E2729.41318
G0 F12000 X114.979 Y73.96
G1 F2400 X79.96 Y108.979 E2732.70755
G0 F12000 X79.96 Y108.413
G1 F2400 X114.413 Y73.96 E2735.94867
G0 F12000 X113.848 Y73.96
G1 F2400 X79.96 Y107.847 E2739.1366
G0 F12000 X79.96 Y107.282
G1 F2400 X113.282 Y73.96 E2742.27133
G0 F12000 X112.716 Y73.96
G1 F2400 X79.96 Y106.716 E2745.35282
G0 F12000 X79.96 Y106.15
G1 F2400 X112.151 Y73.96 E2748.3811
G0 F12000 X111.585 Y73.96
G1 F2400 X79.96 Y105.584 E2751.35614
G0 F12000 X79.96 Y105.019
G1 F2400 X111.019 Y73.96 E2754.27798
G0 F12000 X110.454 Y73.96
G1 F2400 X79.96 Y104.453 E2757.14662
G0 F12000 X79.96 Y103.887
G1 F2400 X109.888 Y73.96 E2759.96202
G0 F12000 X109.322 Y73.96
G1 F2400 X79.96 Y103.322 E2762.72421
G0 F12000 X79.96 Y102.756
G1 F2400 X108.757 Y73.96 E2765.43321
G0 F12000 X108.191 Y73.96
G1 F2400 X79.96 Y102.19 E2768.08896
G0 F12000 X79.96 Y101.625
G1 F2400 X107.625 Y73.96 E2770.69152
G0 F12000 X107.06 Y73.96
G1 F2400 X79.96 Y101.059 E2773.24087
G0 F12000 X79.96 Y100.493
G1 F2400 X106.494 Y73.96 E2775.73698
G0 F12000 X105.928 Y73.96
G1 F2400 X79.96 Y99.928 E2778.17989
G0 F12000 X79.96 Y99.362
G1 F2400 X105.362 Y73.96 E2780.56956
G0 F12000 X104.797 Y73.96
G1 F2400 X79.96 Y98.796 E2782.90602
G0 F12000 X79.96 Y98.231
G1 F2400 X104.231 Y73.96 E2785.18929
G0 F12000 X103.665 Y73.96
G1 F2400 X79.96 Y97.665 E2787.41931
G0 F12000 X79.96 Y97.099
G1 F2400 X103.1 Y73.96 E2789.59613
G0 F12000 X102.534 Y73.96
G1 F2400 X79.96 Y96.534 E2791.71976
G0 F12000 X79.96 Y95.968
G1 F2400 X101.968 Y73.96 E2793.79013
G0 F12000 X101.403 Y73.96
G1 F2400 X79.96 Y95.402 E2795.80731
G0 F12000 X79.96 Y94.836
G1 F2400 X100.837 Y73.96 E2797.77125
G0 F12000 X100.271 Y73.96
G1 F2400 X79.96 Y94.271 E2799.68198
G0 F12000 X79.96 Y93.705
G1 F2400 X99.706 Y73.96 E2801.53952
G0 F12000 X99.14 Y73.96
G1 F2400 X79.96 Y93.139 E2803.34381
G0 F12000 X79.96 Y92.574
G1 F2400 X98.574 Y73.96 E2805.0949
G0 F12000 X98.009 Y73.96
G1 F2400 X79.96 Y92.008 E2806.79279
G0 F12000 X79.96 Y91.442
G1 F2400 X97.443 Y73.96 E2808.43744
G0 F12000 X96.877 Y73.96
G1 F2400 X79.96 Y90.877 E2810.02888
G0 F12000 X79.96 Y90.311
G1 F2400 X96.311 Y73.96 E2811.56708
G0 F12000 X95.746 Y73.96
G1 F2400 X79.96 Y89.745 E2813.05209
G0 F12000 X79.96 Y89.18
G1 F2400 X95.18 Y73.96 E2814.48389
G0 F12000 X94.614 Y73.96
G1 F2400 X79.96 Y88.614 E2815.86245
G0 F12000 X79.96 Y88.048
G1 F2400 X94.049 Y73.96 E2817.18781
G0 F12000 X93.483 Y73.96
G1 F2400 X79.96 Y87.483 E2818.45997
G0 F12000 X79.96 Y86.917
G1 F2400 X92.917 Y73.96 E2819.67889
G0 F12000 X92.352 Y73.96
G1 F2400 X79.96 Y86.351 E2820.8446
G0 F12000 X79.96 Y85.785
G1 F2400 X91.786 Y73.96 E2821.95707
G0 F12000 X91.22 Y73.96
G1 F2400 X79.96 Y85.22 E2823.01634
G0 F12000 X79.96 Y84.654
G1 F2400 X90.655 Y73.96 E2824.02242
G0 F12000 X90.089 Y73.96
G1 F2400 X79.96 Y84.088 E2824.97524
G0 F12000 X79.96 Y83.523
G1 F2400 X89.523 Y73.96 E2825.87487
G0 F12000 X88.958 Y73.96
G1 F2400 X79.96 Y82.957 E2826.7213
G0 F12000 X79.96 Y82.391
G1 F2400 X88.392 Y73.96 E2827.51449
G0 F12000 X87.826 Y73.96
G1 F2400 X79.96 Y81.826 E2828.25447
G0 F12000 X79.96 Y81.26
G1 F2400 X87.261 Y73.96 E2828.94126
G0 F12000 X86.695 Y73.96
G1 F2400 X79.96 Y80.694 E2829.5748
G0 F12000 X79.96 Y80.129
G1 F2400 X86.129 Y73.96 E2830.15514
G0 F12000 X85.563 Y73.96
G1 F2400 X79.96 Y79.563 E2830.68224
G0 F12000 X79.96 Y78.997
G1 F2400 X84.998 Y73.96 E2831.15613
G0 F12000 X84.432 Y73.96
G1 F2400 X79.96 Y78.432 E2831.57683
G0 F12000 X79.96 Y77.866
G1 F2400 X83.866 Y73.96 E2831.94428
G0 F12000 X83.301 Y73.96
G1 F2400 X79.96 Y77.3 E2832.25854
G0 F12000 X79.96 Y76.735
G1 F2400 X82.735 Y73.96 E2832.51959
G0 F12000 X82.169 Y73.96
G1 F2400 X79.96 Y76.169 E2832.7274
G0 F12000 X79.96 Y75.603
G1 F2400 X81.604 Y73.96 E2832.88201
G0 F12000 X81.038 Y73.96
G1 F2400 X79.96 Y75.037 E2832.98338
G0 F12000 X79.96 Y74.472
G1 F2400 X80.472 Y73.96 E2833.03154
G0 F12000 X80.472 Y73.21
G1 F2700 E2828.03154
;MESH:NONMESH
G0 F300 Z1.8
G0 F12000 X110 Y73.6
G0 X110.112 Y120.413
G0 X111.248 Y121.617
G0 X111.683 Y122.193
G0 X111.865 Y122.935
G0 X111.754 Y123.619
G0 X111.492 Y124.103
G0 X110 Y125.396
;TIME_ELAPSED:2474.041484
;LAYER:4
;TYPE:WALL-INNER
;MESH:tank_trainer_body.stl
G1 F2700 E2833.03154
G1 F2400 X109.553 Y125.371 E2833.06132
G1 X108.808 Y125.095 E2833.11417
G1 X108.362 Y124.764 E2833.15112
G1 X108.184 Y124.563 E2833.16898
G1 X107.863 Y124.126 E2833.20505
G1 X107.666 Y123.51 E2833.24807
G1 X107.592 Y123.144 E2833.27291
G1 X107.658 Y122.503 E2833.31577
G1 X107.732 Y122.199 E2833.33659
G1 X107.939 Y121.772 E2833.36815
G1 X108.124 Y121.507 E2833.38965
G1 X108.453 Y121.167 E2833.42112
G1 X108.683 Y120.982 E2833.44076
G1 X109.213 Y120.733 E2833.47971
G1 X109.475 Y120.658 E2833.49784
G1 X109.9 Y120.601 E2833.52636
G1 X110.212 Y120.62 E2833.54715
G1 X110.748 Y120.721 E2833.58344
G1 X111.004 Y120.822 E2833.60174
G1 X111.485 Y121.116 E2833.63924
G1 X111.715 Y121.326 E2833.65996
G1 X112.01 Y121.697 E2833.69149
G1 X112.165 Y121.971 E2833.71243
G1 X112.354 Y122.482 E2833.74867
G1 X112.41 Y123.033 E2833.78552
G1 X112.304 Y123.73 E2833.83241
G1 X112.017 Y124.302 E2833.87498
G1 X111.779 Y124.605 E2833.90061
G1 X111.56 Y124.825 E2833.92126
G1 X111.036 Y125.162 E2833.96271
G1 X110.724 Y125.281 E2833.98492
G1 X110.138 Y125.404 E2834.02475
G1 X110 Y125.396 E2834.03394
G0 F12000 X110 Y124.996
G1 F2400 X109.62 Y124.969 E2834.05929
G1 X109.018 Y124.754 E2834.10181
G1 X108.585 Y124.432 E2834.1377
G1 X108.276 Y124.015 E2834.17223
G1 X108.168 Y123.78 E2834.18943
G1 X108.021 Y123.304 E2834.22257
G1 X107.999 Y123.084 E2834.23728
G1 X108.076 Y122.409 E2834.28247
G1 X108.35 Y121.847 E2834.32406
G1 X108.834 Y121.352 E2834.37011
G1 X109.431 Y121.072 E2834.41398
G1 X109.978 Y120.987 E2834.4508
G1 X110.572 Y121.089 E2834.49089
G1 X110.822 Y121.178 E2834.50854
G1 X111.32 Y121.479 E2834.54725
G1 X111.756 Y122.019 E2834.59342
G1 X111.959 Y122.562 E2834.63198
G1 X112.006 Y123.032 E2834.6634
G1 X111.919 Y123.603 E2834.70182
G1 X111.67 Y124.105 E2834.7391
G1 X111.362 Y124.474 E2834.77107
G1 X110.854 Y124.8 E2834.81122
G1 X110.621 Y124.895 E2834.82796
G1 X110.102 Y125.003 E2834.86323
G1 X110 Y124.996 E2834.87003
G0 F12000 X110 Y124.6
G1 F2412.1 X109.707 Y124.572 E2834.88951
G1 F2400 X109.204 Y124.397 E2834.92494
G1 X108.88 Y124.146 E2834.9522
G1 X108.579 Y123.757 E2834.98492
G1 X108.394 Y123.157 E2835.02668
G1 X108.459 Y122.535 E2835.06828
G1 X108.67 Y122.095 E2835.10074
G1 X109.059 Y121.688 E2835.1382
G1 X109.546 Y121.459 E2835.17399
G1 X109.979 Y121.394 E2835.20312
G1 X110.569 Y121.497 E2835.24296
G1 X111.066 Y121.793 E2835.28144
G1 X111.401 Y122.216 E2835.31733
G1 X111.57 Y122.668 E2835.34943
G1 X111.604 Y123.024 E2835.37322
G1 X111.53 Y123.483 E2835.40415
G1 X111.332 Y123.887 E2835.43408
G1 X111.097 Y124.172 E2835.45865
G1 X110.59 Y124.495 E2835.49864
G1 X110.046 Y124.604 E2835.53554
G1 F2412.1 X110 Y124.6 E2835.5386
G1 F2700 E2830.5386
G0 F12000 X109.977 Y124.908
G0 X108.878 Y125.319
G0 X98.528 Y133.436
G0 X97.545 Y135.027
G0 X96.172 Y136.399
G1 F2700 E2835.5386
G1 F2400 X95.903 Y136.396 E2835.5565
G1 X95.469 Y136.345 E2835.58556
G1 X94.822 Y136.102 E2835.63154
G1 X94.456 Y135.834 E2835.66171
G1 X94.263 Y135.658 E2835.67909
G1 X94.008 Y135.331 E2835.70667
G1 X93.835 Y135.032 E2835.72965
G1 X93.63 Y134.4 E2835.77385
G1 X93.6 Y134.05 E2835.79722
G1 X93.668 Y133.44 E2835.83805
G1 X93.734 Y133.209 E2835.85403
G1 X94.011 Y132.628 E2835.89684
G1 X94.488 Y132.135 E2835.94247
G1 X94.733 Y131.961 E2835.96246
G1 X95.307 Y131.685 E2836.00483
G1 X95.871 Y131.603 E2836.04274
G1 X96.161 Y131.612 E2836.06204
G1 X96.744 Y131.72 E2836.10148
G1 X96.979 Y131.801 E2836.11802
G1 X97.483 Y132.114 E2836.15748
G1 X97.666 Y132.273 E2836.17361
G1 X98.028 Y132.723 E2836.21203
G1 X98.159 Y132.959 E2836.22998
G1 X98.353 Y133.483 E2836.26715
G1 X98.409 Y134.07 E2836.30638
G1 X98.304 Y134.715 E2836.34985
G1 X97.994 Y135.347 E2836.39667
G1 X97.634 Y135.767 E2836.43347
G1 X97.03 Y136.166 E2836.48162
G1 X96.762 Y136.276 E2836.50089
G1 X96.172 Y136.399 E2836.54099
G0 F12000 X96.125 Y136.001
G1 F2400 X95.618 Y135.974 E2836.57476
G1 X95.013 Y135.747 E2836.61774
G1 X94.588 Y135.427 E2836.65313
G1 X94.228 Y134.955 E2836.69262
G1 X94.048 Y134.392 E2836.73194
G1 X94.004 Y134.095 E2836.75191
G1 X94.069 Y133.431 E2836.79629
G1 X94.341 Y132.861 E2836.8383
G1 X94.817 Y132.363 E2836.88413
G1 X95.42 Y132.076 E2836.92855
G1 X95.961 Y131.99 E2836.96499
G1 X96.584 Y132.092 E2837.00699
G1 X96.811 Y132.173 E2837.02302
G1 X97.323 Y132.484 E2837.06287
G1 X97.757 Y133.017 E2837.10859
G1 X97.959 Y133.561 E2837.14719
G1 X98.006 Y134.008 E2837.17709
G1 X97.921 Y134.59 E2837.21621
G1 X97.66 Y135.122 E2837.25563
G1 X97.365 Y135.469 E2837.28593
G1 X96.773 Y135.856 E2837.33298
G1 X96.125 Y136.001 E2837.37715
G0 F12000 X96.066 Y135.604
G1 F2400 X95.699 Y135.571 E2837.40166
G1 X95.207 Y135.395 E2837.43642
G1 X94.873 Y135.143 E2837.46425
G1 X94.588 Y134.773 E2837.49532
G1 X94.397 Y134.169 E2837.53746
G1 X94.459 Y133.539 E2837.57957
G1 X94.673 Y133.087 E2837.61284
G1 X95.053 Y132.698 E2837.64901
G1 X95.534 Y132.461 E2837.68468
G1 X95.967 Y132.394 E2837.71382
G1 X96.56 Y132.493 E2837.75382
G1 X97.058 Y132.789 E2837.79235
G1 X97.398 Y133.213 E2837.82851
G1 X97.565 Y133.663 E2837.86044
G1 X97.6 Y134.034 E2837.88522
G1 X97.535 Y134.471 E2837.91461
G1 X97.342 Y134.864 E2837.94374
G1 X97.1 Y135.167 E2837.96953
G1 X96.584 Y135.496 E2838.01024
G1 X96.066 Y135.604 E2838.04544
G1 F2700 E2833.04544
G0 F12000 X96.126 Y135.908
G0 X97.644 Y135.987
G0 X97.644 Y146.4
G0 X110 Y146.6
G1 F2700 E2838.04544
G1 F2400 X140.6 Y146.6 E2840.08096
G1 X140.6 Y73.4 E2844.95024
G1 X79.4 Y73.4 E2849.02128
G1 X79.4 Y146.6 E2853.89057
G1 X110 Y146.6 E2855.92609
G0 F12000 X110 Y147
G1 F2400 X141 Y147 E2857.98822
G1 X141 Y73 E2862.91072
G1 X79 Y73 E2867.03497
G1 X79 Y147 E2871.95747
G1 X110 Y147 E2874.0196
G0 F12000 X110 Y147.4
G1 F2400 X141.4 Y147.4 E2876.10834
G1 X141.4 Y72.6 E2881.08405
G1 X78.6 Y72.6 E2885.26153
G1 X78.6 Y147.4 E2890.23724
G1 X110 Y147.4 E2892.32598
G1 F2700 E2887.32598
G0 F12000 X110 Y147.09
G0 X123.903 Y146.4
G0 X124.033 Y136.577
G0 X123.903 Y136.396
G1 F2700 E2892.32598
G1 F2400 X123.469 Y136.345 E2892.35505
G1 X122.822 Y136.102 E2892.40102
G1 X122.456 Y135.834 E2892.4312
G1 X122.263 Y135.658 E2892.44857
G1 X121.933 Y135.222 E2892.48495
G1 X121.823 Y135.004 E2892.50119
G1 X121.639 Y134.411 E2892.54249
G1 X121.601 Y134.051 E2892.56657
G1 X121.659 Y133.494 E2892.60382
G1 X121.732 Y133.213 E2892.62314
G1 X121.96 Y132.72 E2892.65927
G1 X122.158 Y132.469 E2892.68053
G1 X122.449 Y132.171 E2892.70824
G1 X122.745 Y131.955 E2892.73262
G1 X123.195 Y131.741 E2892.76576
G1 X123.45 Y131.663 E2892.7835
G1 X123.885 Y131.602 E2892.81272
G1 X124.147 Y131.61 E2892.83016
G1 X124.68 Y131.703 E2892.86615
G1 X125.007 Y131.824 E2892.88934
G1 X125.465 Y132.102 E2892.92498
G1 X125.678 Y132.275 E2892.94323
G1 X126.108 Y132.828 E2892.98983
G1 X126.35 Y133.479 E2893.03603
G1 X126.41 Y134.017 E2893.07204
G1 X126.336 Y134.534 E2893.10678
G1 X126.268 Y134.783 E2893.12395
G1 X126.028 Y135.288 E2893.16115
G1 X125.671 Y135.743 E2893.19962
G1 X125.03 Y136.166 E2893.25071
G1 X124.762 Y136.276 E2893.26998
G1 X124.172 Y136.399 E2893.31007
G1 X123.903 Y136.396 E2893.32796
G0 F12000 X124.125 Y136.001
G1 F2400 X123.618 Y135.974 E2893.36174
G1 X123.013 Y135.747 E2893.40472
G1 X122.587 Y135.426 E2893.4402
G1 X122.222 Y134.944 E2893.48042
G1 X122.029 Y134.321 E2893.52381
G1 X122.004 Y134.052 E2893.54178
G1 X122.069 Y133.415 E2893.58437
G1 X122.358 Y132.84 E2893.62718
G1 X122.829 Y132.352 E2893.67229
G1 X123.457 Y132.065 E2893.71822
G1 X123.994 Y131.989 E2893.7543
G1 X124.59 Y132.093 E2893.79455
G1 X124.824 Y132.179 E2893.81113
G1 X125.339 Y132.492 E2893.85122
G1 X125.757 Y133.025 E2893.89628
G1 X125.959 Y133.575 E2893.93525
G1 X126.007 Y134.015 E2893.9647
G1 X125.926 Y134.573 E2894.0022
G1 X125.683 Y135.081 E2894.03966
G1 X125.39 Y135.452 E2894.07111
G1 X124.774 Y135.856 E2894.12011
G1 X124.125 Y136.001 E2894.16435
G0 F12000 X124.066 Y135.604
G1 F2400 X123.699 Y135.571 E2894.18886
G1 X123.207 Y135.395 E2894.22362
G1 X122.872 Y135.142 E2894.25154
G1 X122.577 Y134.753 E2894.28402
G1 X122.397 Y134.141 E2894.32646
G1 X122.457 Y133.542 E2894.3665
G1 X122.685 Y133.073 E2894.40119
G1 X123.073 Y132.681 E2894.43788
G1 X123.555 Y132.455 E2894.47329
G1 X123.981 Y132.393 E2894.50193
G1 X124.575 Y132.494 E2894.54201
G1 X125.048 Y132.782 E2894.57885
G1 X125.411 Y133.229 E2894.61715
G1 X125.571 Y133.69 E2894.64961
G1 X125.605 Y134.013 E2894.67121
G1 X125.538 Y134.463 E2894.70148
G1 X125.324 Y134.893 E2894.73343
G1 X125.099 Y135.167 E2894.75701
G1 X124.584 Y135.496 E2894.79766
G1 X124.066 Y135.604 E2894.83286
G0 F12000 X124.055 Y135.198
;TYPE:WALL-OUTER
G1 F2400 X123.785 Y135.18 E2894.85086
G1 X123.409 Y135.045 E2894.87744
G1 X123.151 Y134.851 E2894.89891
G1 X122.953 Y134.59 E2894.9207
G1 X122.801 Y134.123 E2894.95337
G1 X122.85 Y133.653 E2894.98481
G1 X123.005 Y133.319 E2895.0093
G1 X123.309 Y133.014 E2895.03795
G1 X123.688 Y132.839 E2895.06571
G1 X123.966 Y132.8 E2895.08439
G1 X124.433 Y132.879 E2895.11589
G1 X124.797 Y133.101 E2895.14426
G1 X125.058 Y133.435 E2895.17245
G1 X125.173 Y133.746 E2895.19451
G1 X125.2 Y134.023 E2895.21302
G1 X125.144 Y134.363 E2895.23594
G1 X125.001 Y134.655 E2895.25757
G1 X124.838 Y134.858 E2895.27489
G1 X124.452 Y135.109 E2895.30552
G1 X124.055 Y135.198 E2895.33258
G1 F2700 E2890.33258
G0 F12000 X124.195 Y135.894
G0 X122.981 Y135.036
G0 X121.552 Y133.161
G0 X111.119 Y125.323
G0 X110 Y124.197
G1 F2700 E2895.33258
G1 F2412.1 X109.809 Y124.184 E2895.34525
G1 F2400 X109.417 Y124.049 E2895.37283
G1 X109.16 Y123.86 E2895.39405
G1 X108.938 Y123.56 E2895.41888
G1 X108.804 Y123.116 E2895.44973
G1 X108.848 Y122.66 E2895.4802
G1 X109 Y122.332 E2895.50425
G1 X109.297 Y122.022 E2895.53281
G1 X109.672 Y121.843 E2895.56045
G1 X109.988 Y121.8 E2895.58167
G1 X110.437 Y121.881 E2895.61202
G1 X110.785 Y122.091 E2895.63905
G1 X111.061 Y122.441 E2895.6687
G1 X111.173 Y122.745 E2895.69025
G1 X111.2 Y123.025 E2895.70897
G1 X111.152 Y123.335 E2895.72983
G1 X110.986 Y123.679 E2895.75524
G1 X110.819 Y123.875 E2895.77237
G1 X110.453 Y124.108 E2895.80123
G1 X110.039 Y124.2 E2895.82944
G1 F2412.1 X110 Y124.197 E2895.83203
G1 F2700 E2890.83203
G0 F12000 X109.946 Y124.905
G0 X108.878 Y125.319
G0 X98.325 Y132.887
G0 X96.055 Y135.198
G1 F2700 E2895.83203
G1 F2400 X95.785 Y135.18 E2895.85003
G1 X95.409 Y135.045 E2895.87661
G1 X95.151 Y134.851 E2895.89808
G1 X94.948 Y134.581 E2895.92055
G1 X94.801 Y134.122 E2895.95261
G1 X94.856 Y133.633 E2895.98534
G1 X95.017 Y133.308 E2896.00947
G1 X95.294 Y133.024 E2896.03586
G1 X95.665 Y132.845 E2896.06326
G1 X95.983 Y132.8 E2896.08463
G1 X96.43 Y132.878 E2896.11481
G1 X96.804 Y133.108 E2896.14402
G1 X97.044 Y133.41 E2896.16968
G1 X97.178 Y133.765 E2896.19492
G1 X97.2 Y133.988 E2896.20982
G1 X97.143 Y134.366 E2896.23525
G1 X96.989 Y134.675 E2896.25822
G1 X96.838 Y134.858 E2896.274
G1 X96.452 Y135.109 E2896.30463
G1 X96.055 Y135.198 E2896.33169
G1 F2700 E2891.33169
G0 F12000 X96.195 Y135.894
G0 X97.644 Y135.987
G0 X97.644 Y146.4
G0 X110 Y147.8
G1 F2700 E2896.33169
G1 F2400 X141.8 Y147.8 E2898.44704
G1 X141.8 Y72.2 E2903.47597
G1 X78.2 Y72.2 E2907.70666
G1 X78.2 Y147.8 E2912.73559
G1 X110 Y147.8 E2914.85094
G1 F2700 E2909.85094
G0 F12000 X110 Y147.09
G0 X123.893 Y146.4
G0 X124.023 Y136.577
G0 X123.868 Y136.751
;TYPE:SKIN
G1 F2700 E2914.85094
G1 F2400 X124.223 Y136.753 E2914.87455
G1 X124.879 Y136.614 E2914.91916
G1 X125.167 Y136.498 E2914.93981
G1 X125.744 Y136.133 E2914.98523
G1 X126.002 Y135.904 E2915.00817
G1 X126.334 Y135.473 E2915.04437
G1 X126.598 Y134.937 E2915.08411
G1 X126.69 Y134.595 E2915.10767
G1 X126.755 Y134.137 E2915.13844
G1 X126.752 Y133.848 E2915.15767
G1 X126.703 Y133.402 E2915.18751
G1 X126.468 Y132.763 E2915.2328
G1 X126.266 Y132.438 E2915.25826
G1 X125.952 Y132.048 E2915.29156
G1 X125.671 Y131.806 E2915.31623
G1 X125.158 Y131.486 E2915.35645
G1 X124.789 Y131.352 E2915.38257
G1 X123.978 Y131.217 E2915.43726
G1 X123.202 Y131.337 E2915.48949
G1 X122.568 Y131.636 E2915.53612
G1 X122.252 Y131.852 E2915.56158
G1 X121.847 Y132.273 E2915.60044
G1 X121.661 Y132.525 E2915.62127
G1 X121.38 Y133.115 E2915.66475
G1 X121.301 Y133.444 E2915.68725
G1 X121.24 Y134.03 E2915.72644
G1 X121.288 Y134.491 E2915.75728
G1 X121.446 Y135.02 E2915.794
G1 X121.589 Y135.372 E2915.81927
G1 X121.99 Y135.888 E2915.86275
G1 X122.249 Y136.13 E2915.88632
G1 X122.647 Y136.422 E2915.91916
G1 X123.372 Y136.691 E2915.9706
G1 X123.868 Y136.751 E2916.00384
G1 F2700 E2911.00384
G0 F12000 X123.893 Y136.496
G0 X122.695 Y135.322
G0 X121.48 Y133.467
G0 X111.119 Y125.323
G0 X109.993 Y125.499
G0 X110 Y125.757
G1 F2700 E2916.00384
G1 F2406 X110.152 Y125.768 E2916.01395
G1 F2400 X110.842 Y125.623 E2916.06085
G1 X111.187 Y125.487 E2916.08552
G1 X111.778 Y125.11 E2916.13215
G1 X111.986 Y124.914 E2916.15116
G1 X112.319 Y124.506 E2916.18619
G1 X112.577 Y123.971 E2916.2257
G1 X112.676 Y123.689 E2916.24558
G1 X112.768 Y123.069 E2916.28728
G1 X112.704 Y122.399 E2916.33205
G1 X112.5 Y121.842 E2916.37151
G1 X112.343 Y121.538 E2916.39427
G1 X111.927 Y121.019 E2916.43851
G1 X111.697 Y120.826 E2916.45849
G1 X111.093 Y120.454 E2916.50567
G1 X110.746 Y120.348 E2916.52981
G1 X110.22 Y120.253 E2916.56536
G1 X109.86 Y120.232 E2916.58935
G1 X109.185 Y120.344 E2916.63487
G1 X108.595 Y120.622 E2916.67825
G1 X108.301 Y120.809 E2916.70143
G1 X107.85 Y121.27 E2916.74433
G1 X107.668 Y121.514 E2916.76458
G1 X107.452 Y121.947 E2916.79677
G1 X107.314 Y122.317 E2916.82304
G1 X107.24 Y123.06 E2916.87271
G1 X107.268 Y123.437 E2916.89785
G1 X107.497 Y124.16 E2916.9483
G1 X107.638 Y124.427 E2916.96839
G1 X107.91 Y124.799 E2916.99904
G1 X108.122 Y125.038 E2917.02029
G1 X108.53 Y125.334 E2917.05382
G1 X108.798 Y125.479 E2917.07409
G1 X109.467 Y125.718 E2917.12135
G1 F2406 X110 Y125.757 E2917.15681
G1 F2700 E2912.15681
G0 F12000 X109.993 Y125.499
G0 X108.878 Y125.319
G0 X98.528 Y133.436
G0 X97.545 Y135.027
G0 X96.183 Y136.499
G0 X96.223 Y136.753
G1 F2700 E2917.15681
G1 F2400 X96.879 Y136.614 E2917.20142
G1 X97.167 Y136.498 E2917.22207
G1 X97.74 Y136.137 E2917.26712
G1 X97.979 Y135.925 E2917.28837
G1 X98.314 Y135.511 E2917.3238
G1 X98.65 Y134.815 E2917.37521
G1 X98.76 Y134.151 E2917.41998
G1 X98.752 Y133.846 E2917.44028
G1 X98.702 Y133.389 E2917.47086
G1 X98.488 Y132.811 E2917.51186
G1 X98.335 Y132.537 E2917.53273
G1 X97.975 Y132.069 E2917.57201
G1 X97.695 Y131.822 E2917.59685
G1 X97.148 Y131.49 E2917.63941
G1 X96.744 Y131.349 E2917.66787
G1 X96.138 Y131.244 E2917.70879
G1 X95.777 Y131.248 E2917.7328
G1 X95.385 Y131.306 E2917.75916
G1 X95.088 Y131.386 E2917.77962
G1 X94.572 Y131.635 E2917.81773
G1 X94.25 Y131.859 E2917.84383
G1 X93.813 Y132.312 E2917.8857
G1 X93.639 Y132.565 E2917.90612
G1 X93.386 Y133.099 E2917.94543
G1 X93.318 Y133.351 E2917.96279
G1 X93.228 Y134.155 E2918.01661
G1 X93.315 Y134.596 E2918.04651
G1 X93.511 Y135.191 E2918.08818
G1 X93.65 Y135.447 E2918.10756
G1 X93.946 Y135.851 E2918.14087
G1 X94.233 Y136.117 E2918.1669
G1 X94.646 Y136.422 E2918.20106
G1 X95.372 Y136.691 E2918.25256
G1 X95.868 Y136.751 E2918.28579
G1 X96.223 Y136.753 E2918.30941
G1 F2700 E2913.30941
G0 F12000 X96.183 Y136.499
G0 X96.81 Y136.451
G0 X96.81 Y146.4
G0 X110 Y146.5
G0 X110 Y146.24
G1 F2700 E2918.30941
G1 F2400 X79.76 Y146.24 E2920.32098
G1 X79.76 Y73.76 E2925.14237
G1 X140.24 Y73.76 E2929.16552
G1 X140.24 Y146.24 E2933.98691
G1 X110 Y146.24 E2935.99848
G1 F2700 E2930.99848
G0 F12000 X110 Y146.5
G0 X79.572 Y146.428
G0 X79.5 Y145.579
G0 X79.96 Y145.579
G1 F2700 E2935.99848
G1 F2400 X80.421 Y146.04 E2936.04185
G0 F12000 X80.986 Y146.04
G1 F2400 X79.96 Y145.013 E2936.13841
G0 F12000 X79.96 Y144.448
G1 F2400 X81.552 Y146.04 E2936.28818
G0 F12000 X82.118 Y146.04
G1 F2400 X79.96 Y143.882 E2936.49119
G0 F12000 X79.96 Y143.316
G1 F2400 X82.683 Y146.04 E2936.7474
G0 F12000 X83.249 Y146.04
G1 F2400 X79.96 Y142.751 E2937.05681
G0 F12000 X79.96 Y142.185
G1 F2400 X83.815 Y146.04 E2937.41946
G0 F12000 X84.38 Y146.04
G1 F2400 X79.96 Y141.619 E2937.83532
G0 F12000 X79.96 Y141.054
G1 F2400 X84.946 Y146.04 E2938.30437
G0 F12000 X85.512 Y146.04
G1 F2400 X79.96 Y140.488 E2938.82667
G0 F12000 X79.96 Y139.922
G1 F2400 X86.078 Y146.04 E2939.40221
G0 F12000 X86.643 Y146.04
G1 F2400 X79.96 Y139.357 E2940.03091
G0 F12000 X79.96 Y138.791
G1 F2400 X87.209 Y146.04 E2940.71285
G0 F12000 X87.775 Y146.04
G1 F2400 X79.96 Y138.225 E2941.44804
G0 F12000 X79.96 Y137.66
G1 F2400 X88.34 Y146.04 E2942.23638
G0 F12000 X88.906 Y146.04
G1 F2400 X79.96 Y137.094 E2943.07796
G0 F12000 X79.96 Y136.528
G1 F2400 X89.472 Y146.04 E2943.97279
G0 F12000 X90.037 Y146.04
G1 F2400 X79.96 Y135.962 E2944.92082
G0 F12000 X79.96 Y135.397
G1 F2400 X90.603 Y146.04 E2945.92205
G0 F12000 X91.169 Y146.04
G1 F2400 X79.96 Y134.831 E2946.97652
G0 F12000 X79.96 Y134.265
G1 F2400 X91.734 Y146.04 E2948.08419
G0 F12000 X92.3 Y146.04
G1 F2400 X79.96 Y133.7 E2949.24507
G0 F12000 X79.96 Y133.134
G1 F2400 X92.866 Y146.04 E2950.45918
G0 F12000 X93.431 Y146.04
G1 F2400 X79.96 Y132.568 E2951.7265
G0 F12000 X79.96 Y132.003
G1 F2400 X93.997 Y146.04 E2953.04701
G0 F12000 X94.563 Y146.04
G1 F2400 X79.96 Y131.437 E2954.42078
G0 F12000 X79.96 Y130.871
G1 F2400 X95.128 Y146.04 E2955.84773
G0 F12000 X95.694 Y146.04
G1 F2400 X79.96 Y130.306 E2957.32789
G0 F12000 X79.96 Y129.74
G1 F2400 X96.26 Y146.04 E2958.8613
G0 F12000 X96.826 Y146.04
G1 F2400 X79.96 Y129.174 E2960.44795
G0 F12000 X79.96 Y128.609
G1 F2400 X97.391 Y146.04 E2962.08775
G0 F12000 X97.957 Y146.04
G1 F2400 X79.96 Y128.043 E2963.7808
G0 F12000 X79.96 Y127.477
G1 F2400 X98.523 Y146.04 E2965.52709
G0 F12000 X99.088 Y146.04
G1 F2400 X79.96 Y126.912 E2967.32653
G0 F12000 X79.96 Y126.346
G1 F2400 X99.654 Y146.04 E2969.17922
G0 F12000 X100.22 Y146.04
G1 F2400 X79.96 Y125.78 E2971.08516
G0 F12000 X79.96 Y125.214
G1 F2400 X100.785 Y146.04 E2973.0443
G0 F12000 X101.351 Y146.04
G1 F2400 X79.96 Y124.649 E2975.05663
G0 F12000 X79.96 Y124.083
G1 F2400 X101.917 Y146.04 E2977.12221
G0 F12000 X102.482 Y146.04
G1 F2400 X79.96 Y123.517 E2979.24099
G0 F12000 X79.96 Y122.952
G1 F2400 X103.048 Y146.04 E2981.41297
G0 F12000 X103.614 Y146.04
G1 F2400 X79.96 Y122.386 E2983.63819
G0 F12000 X79.96 Y121.82
G1 F2400 X93.285 Y135.146 E2984.89177
G0 F12000 X93.065 Y134.36
G1 F2400 X79.96 Y121.255 E2986.12461
G0 F12000 X79.96 Y120.689
G1 F2400 X93.066 Y133.795 E2987.35754
G0 F12000 X93.128 Y133.292
G1 F2400 X79.96 Y120.123 E2988.59635
G0 F12000 X79.96 Y119.558
G1 F2400 X93.272 Y132.87 E2989.84866
G0 F12000 X93.455 Y132.488
G1 F2400 X79.96 Y118.992 E2991.11824
G0 F12000 X79.96 Y118.426
G1 F2400 X93.689 Y132.155 E2992.40978
G0 F12000 X93.965 Y131.866
G1 F2400 X79.96 Y117.861 E2993.72728
G0 F12000 X79.96 Y117.295
G1 F2400 X94.267 Y131.602 E2995.0732
G0 F12000 X94.621 Y131.39
G1 F2400 X79.96 Y116.729 E2996.45242
G0 F12000 X79.96 Y116.164
G1 F2400 X95.003 Y131.207 E2997.86757
G0 F12000 X95.455 Y131.093
G1 F2400 X79.96 Y115.598 E2999.32524
G0 F12000 X79.96 Y115.032
G1 F2400 X95.973 Y131.045 E3000.83165
G0 F12000 X96.618 Y131.125
G1 F2400 X79.96 Y114.466 E3002.39878
G0 F12000 X79.96 Y113.901
G1 F2400 X97.575 Y131.516 E3004.05589
G0 F12000 X97.337 Y131.908
G0 X98.118 Y132.681
G0 X98.518 Y132.459
G1 F2400 X112.099 Y146.04 E3005.33351
G0 F12000 X111.533 Y146.04
G1 F2400 X98.906 Y133.413 E3006.52138
G0 F12000 X98.955 Y134.027
G1 F2400 X110.968 Y146.04 E3007.65149
G0 F12000 X110.402 Y146.04
G1 F2400 X98.898 Y134.536 E3008.73371
G0 F12000 X98.789 Y134.993
G1 F2400 X109.836 Y146.04 E3009.77295
G0 F12000 X109.271 Y146.04
G1 F2400 X98.603 Y135.372 E3010.77653
G0 F12000 X98.394 Y135.729
G1 F2400 X108.705 Y146.04 E3011.74652
G0 F12000 X108.139 Y146.04
G1 F2400 X98.141 Y136.042 E3012.68707
G0 F12000 X97.842 Y136.309
G1 F2400 X107.574 Y146.04 E3013.60255
G0 F12000 X107.008 Y146.04
G1 F2400 X97.494 Y136.527 E3014.49752
G0 F12000 X97.13 Y136.728
G1 F2400 X106.442 Y146.04 E3015.37354
G0 F12000 X105.877 Y146.04
G1 F2400 X96.696 Y136.86 E3016.23718
G0 F12000 X96.228 Y136.957
G1 F2400 X105.311 Y146.04 E3017.09166
G0 F12000 X104.745 Y146.04
G1 F2400 X95.63 Y136.925 E3017.94914
G0 F12000 X94.847 Y136.708
G1 F2400 X104.179 Y146.04 E3018.82704
G0 F12000 X104.179 Y146.5
G0 X112.665 Y146.5
G0 X112.665 Y146.04
G1 F2400 X79.96 Y113.335 E3021.90372
G0 F12000 X79.96 Y112.769
G1 F2400 X113.23 Y146.04 E3025.03361
G0 F12000 X113.796 Y146.04
G1 F2400 X79.96 Y112.204 E3028.21669
G0 F12000 X79.96 Y111.638
G1 F2400 X114.362 Y146.04 E3031.45302
G0 F12000 X114.927 Y146.04
G1 F2400 X79.96 Y111.072 E3034.74255
G0 F12000 X79.96 Y110.507
G1 F2400 X115.493 Y146.04 E3038.08528
G0 F12000 X116.059 Y146.04
G1 F2400 X79.96 Y109.941 E3041.48125
G0 F12000 X79.96 Y109.375
G1 F2400 X116.625 Y146.04 E3044.93047
G0 F12000 X117.19 Y146.04
G1 F2400 X79.96 Y108.81 E3048.43284
G0 F12000 X79.96 Y108.244
G1 F2400 X117.756 Y146.04 E3051.98845
G0 F12000 X118.322 Y146.04
G1 F2400 X79.96 Y107.678 E3055.59731
G0 F12000 X79.96 Y107.113
G1 F2400 X118.887 Y146.04 E3059.25933
G0 F12000 X119.453 Y146.04
G1 F2400 X79.96 Y106.547 E3062.97459
G0 F12000 X79.96 Y105.981
G1 F2400 X120.019 Y146.04 E3066.74309
G0 F12000 X120.584 Y146.04
G1 F2400 X79.96 Y105.415 E3070.5648
G0 F12000 X79.96 Y104.85
G1 F2400 X121.15 Y146.04 E3074.4397
G0 F12000 X121.716 Y146.04
G1 F2400 X79.96 Y104.284 E3078.36785
G0 F12000 X79.96 Y103.718
G1 F2400 X122.281 Y146.04 E3082.34919
G0 F12000 X122.847 Y146.04
G1 F2400 X79.96 Y103.153 E3086.38374
G0 F12000 X79.96 Y102.587
G1 F2400 X123.413 Y146.04 E3090.47153
G0 F12000 X123.978 Y146.04
G1 F2400 X79.96 Y102.021 E3094.61252
G0 F12000 X79.96 Y101.456
G1 F2400 X124.544 Y146.04 E3098.80671
G0 F12000 X125.11 Y146.04
G1 F2400 X79.96 Y100.89 E3103.05415
G0 F12000 X79.96 Y100.324
G1 F2400 X125.676 Y146.04 E3107.35483
G0 F12000 X126.241 Y146.04
G1 F2400 X79.96 Y99.759 E3111.70866
G0 F12000 X79.96 Y99.193
G1 F2400 X126.807 Y146.04 E3116.11574
G0 F12000 X127.373 Y146.04
G1 F2400 X79.96 Y98.627 E3120.57606
G0 F12000 X79.96 Y98.062
G1 F2400 X127.938 Y146.04 E3125.08954
G0 F12000 X128.504 Y146.04
G1 F2400 X79.96 Y97.496 E3129.65626
G0 F12000 X79.96 Y96.93
G1 F2400 X107.361 Y124.331 E3132.23398
G0 F12000 X107.075 Y123.48
G1 F2400 X79.96 Y96.365 E3134.78479
G0 F12000 X79.96 Y95.799
G1 F2400 X107.056 Y122.895 E3137.33382
G0 F12000 X107.108 Y122.382
G1 F2400 X79.96 Y95.233 E3139.88778
G0 F12000 X79.96 Y94.667
G1 F2400 X107.238 Y121.946 E3142.45398
G0 F12000 X107.42 Y121.562
G1 F2400 X79.96 Y94.102 E3145.03725
G0 F12000 X79.96 Y93.536
G1 F2400 X107.641 Y121.218 E3147.64135
G0 F12000 X107.912 Y120.922
G1 F2400 X79.96 Y92.97 E3150.2709
G0 F12000 X79.96 Y92.405
G1 F2400 X108.196 Y120.641 E3152.92717
G0 F12000 X108.545 Y120.425
G1 F2400 X79.96 Y91.839 E3155.61632
G0 F12000 X79.96 Y91.273
G1 F2400 X108.93 Y120.244 E3158.34169
G0 F12000 X109.362 Y120.11
G1 F2400 X79.96 Y90.708 E3161.10765
G0 F12000 X79.96 Y90.142
G1 F2400 X109.85 Y120.033 E3163.91956
G0 F12000 X110.48 Y120.097
G1 F2400 X79.96 Y89.576 E3166.79075
G0 F12000 X79.96 Y89.011
G1 F2400 X111.288 Y120.339 E3169.73789
G0 F12000 X111.047 Y120.73
G0 X112.244 Y121.907
G0 X112.65 Y121.701
G1 F2400 X122.436 Y131.487 E3170.6585
G0 F12000 X122.105 Y131.722
G1 F2400 X112.917 Y122.534 E3171.52285
G0 F12000 X112.959 Y123.141
G1 F2400 X121.826 Y132.008 E3172.357
G0 F12000 X121.57 Y132.318
G1 F2400 X112.885 Y123.633 E3173.17403
G0 F12000 X112.752 Y124.065
G1 F2400 X121.366 Y132.679 E3173.98439
G0 F12000 X121.19 Y133.07
G1 F2400 X112.569 Y124.448 E3174.79544
G0 F12000 X112.344 Y124.789
G1 F2400 X121.092 Y133.537 E3175.6184
G0 F12000 X121.044 Y134.055
G1 F2400 X112.084 Y125.095 E3176.4613
G0 F12000 X111.775 Y125.352
G1 F2400 X121.148 Y134.724 E3177.34301
G0 F12000 X121.589 Y134.592
G0 X122.06 Y135.561
G0 X121.699 Y135.842
G1 F2400 X111.429 Y125.572 E3178.30915
G0 F12000 X111.046 Y125.754
G1 F2400 X131.332 Y146.04 E3180.21753
G0 F12000 X130.767 Y146.04
G1 F2400 X110.605 Y125.878 E3182.11425
G0 F12000 X110.125 Y125.964
G1 F2400 X130.201 Y146.04 E3184.00288
G0 F12000 X129.635 Y146.04
G1 F2400 X109.517 Y125.922 E3185.89545
G0 F12000 X108.662 Y125.632
G1 F2400 X129.07 Y146.04 E3187.81531
G0 F12000 X129.07 Y146.5
G0 X131.898 Y146.5
G0 X131.898 Y146.04
G1 F2400 X122.186 Y136.328 E3188.72896
G0 F12000 X122.455 Y135.958
G0 X123.438 Y136.442
G0 X123.304 Y136.88
G1 F2400 X132.464 Y146.04 E3189.59068
G0 F12000 X133.029 Y146.04
G1 F2400 X123.941 Y136.952 E3190.44562
G0 F12000 X124.464 Y136.909
G1 F2400 X133.595 Y146.04 E3191.30461
G0 F12000 X134.161 Y146.04
G1 F2400 X124.926 Y136.805 E3192.17338
G0 F12000 X125.321 Y136.635
G1 F2400 X134.726 Y146.04 E3193.05814
G0 F12000 X135.292 Y146.04
G1 F2400 X125.666 Y136.414 E3193.9637
G0 F12000 X125.996 Y136.178
G1 F2400 X135.858 Y146.04 E3194.89146
G0 F12000 X136.424 Y146.04
G1 F2400 X126.269 Y135.885 E3195.84678
G0 F12000 X126.511 Y135.562
G1 F2400 X136.989 Y146.04 E3196.83248
G0 F12000 X137.555 Y146.04
G1 F2400 X126.7 Y135.185 E3197.85365
G0 F12000 X126.849 Y134.769
G1 F2400 X138.121 Y146.04 E3198.91401
G0 F12000 X138.686 Y146.04
G1 F2400 X126.935 Y134.289 E3200.01947
G0 F12000 X126.938 Y133.727
G1 F2400 X139.252 Y146.04 E3201.17785
G0 F12000 X139.818 Y146.04
G1 F2400 X126.761 Y132.983 E3202.40617
G0 F12000 X126.331 Y133.141
G0 X124.835 Y131.644
G0 X124.992 Y131.215
G1 F2400 X79.96 Y86.182 E3206.64255
G0 F12000 X79.96 Y86.748
G1 F2400 X124.278 Y131.066 E3210.81172
G0 F12000 X123.703 Y131.057
G1 F2400 X79.96 Y87.314 E3214.92679
G0 F12000 X79.96 Y87.879
G1 F2400 X123.211 Y131.13 E3218.99558
G0 F12000 X122.812 Y131.298
G1 F2400 X79.96 Y88.445 E3223.02688
G0 F12000 X79.5 Y88.445
G0 X79.5 Y85.616
G0 X79.96 Y85.616
G1 F2400 X140.04 Y145.697 E3228.67889
G0 F12000 X140.04 Y145.132
G1 F2400 X79.96 Y85.051 E3234.33089
G0 F12000 X79.96 Y84.485
G1 F2400 X140.04 Y144.566 E3239.9829
G0 F12000 X140.04 Y144
G1 F2400 X79.96 Y83.919 E3245.6349
G0 F12000 X79.96 Y83.354
G1 F2400 X140.04 Y143.434 E3251.28686
G0 F12000 X140.04 Y142.869
G1 F2400 X79.96 Y82.788 E3256.93886
G0 F12000 X79.96 Y82.222
G1 F2400 X140.04 Y142.303 E3262.59087
G0 F12000 X140.04 Y141.737
G1 F2400 X79.96 Y81.657 E3268.24283
G0 F12000 X79.96 Y81.091
G1 F2400 X140.04 Y141.172 E3273.89483
G0 F12000 X140.04 Y140.606
G1 F2400 X79.96 Y80.525 E3279.54684
G0 F12000 X79.96 Y79.96
G1 F2400 X140.04 Y140.04 E3285.1988
G0 F12000 X140.04 Y139.475
G1 F2400 X79.96 Y79.394 E3290.8508
G0 F12000 X79.96 Y78.828
G1 F2400 X140.04 Y138.909 E3296.50281
G0 F12000 X140.04 Y138.343
G1 F2400 X79.96 Y78.263 E3302.15476
G0 F12000 X79.96 Y77.697
G1 F2400 X140.04 Y137.778 E3307.80677
G0 F12000 X140.04 Y137.212
G1 F2400 X79.96 Y77.131 E3313.45877
G0 F12000 X79.96 Y76.566
G1 F2400 X140.04 Y136.646 E3319.11073
G0 F12000 X140.04 Y136.081
G1 F2400 X79.96 Y76 E3324.76274
G0 F12000 X79.96 Y75.434
G1 F2400 X140.04 Y135.515 E3330.41474
G0 F12000 X140.04 Y134.949
G1 F2400 X79.96 Y74.868 E3336.06675
G0 F12000 X79.96 Y74.303
G1 F2400 X140.04 Y134.384 E3341.71875
G0 F12000 X140.04 Y133.818
G1 F2400 X80.182 Y73.96 E3347.34982
G0 F12000 X80.748 Y73.96
G1 F2400 X140.04 Y133.252 E3352.92765
G0 F12000 X140.04 Y132.686
G1 F2400 X81.314 Y73.96 E3358.45223
G0 F12000 X81.879 Y73.96
G1 F2400 X140.04 Y132.121 E3363.92366
G0 F12000 X140.04 Y131.555
G1 F2400 X82.445 Y73.96 E3369.34185
G0 F12000 X83.011 Y73.96
G1 F2400 X140.04 Y130.989 E3374.70679
G0 F12000 X140.04 Y130.424
G1 F2400 X83.576 Y73.96 E3380.01857
G0 F12000 X84.142 Y73.96
G1 F2400 X140.04 Y129.858 E3385.27712
G0 F12000 X140.04 Y129.292
G1 F2400 X84.708 Y73.96 E3390.48241
G0 F12000 X85.274 Y73.96
G1 F2400 X140.04 Y128.727 E3395.63451
G0 F12000 X140.04 Y128.161
G1 F2400 X85.839 Y73.96 E3400.73341
G0 F12000 X86.405 Y73.96
G1 F2400 X140.04 Y127.595 E3405.77906
G0 F12000 X140.04 Y127.03
G1 F2400 X86.971 Y73.96 E3410.77151
G0 F12000 X87.536 Y73.96
G1 F2400 X140.04 Y126.464 E3415.71076
G0 F12000 X140.04 Y125.898
G1 F2400 X88.102 Y73.96 E3420.59677
G0 F12000 X88.668 Y73.96
G1 F2400 X140.04 Y125.333 E3425.42958
G0 F12000 X140.04 Y124.767
G1 F2400 X89.233 Y73.96 E3430.20919
G0 F12000 X89.799 Y73.96
G1 F2400 X140.04 Y124.201 E3434.93556
G0 F12000 X140.04 Y123.635
G1 F2400 X90.365 Y73.96 E3439.60868
G0 F12000 X90.93 Y73.96
G1 F2400 X140.04 Y123.07 E3444.22865
G0 F12000 X140.04 Y122.504
G1 F2400 X91.496 Y73.96 E3448.79537
G0 F12000 X92.062 Y73.96
G1 F2400 X140.04 Y121.938 E3453.30884
G0 F12000 X140.04 Y121.373
G1 F2400 X92.627 Y73.96 E3457.76917
G0 F12000 X93.193 Y73.96
G1 F2400 X140.04 Y120.807 E3462.17625
G0 F12000 X140.04 Y120.241
G1 F2400 X93.759 Y73.96 E3466.53008
G0 F12000 X94.325 Y73.96
G1 F2400 X140.04 Y119.676 E3470.83071
G0 F12000 X140.04 Y119.11
G1 F2400 X94.89 Y73.96 E3475.07815
G0 F12000 X95.456 Y73.96
G1 F2400 X140.04 Y118.544 E3479.27234
G0 F12000 X140.04 Y117.979
G1 F2400 X96.022 Y73.96 E3483.41333
G0 F12000 X96.587 Y73.96
G1 F2400 X140.04 Y117.413 E3487.50112
G0 F12000 X140.04 Y116.847
G1 F2400 X97.153 Y73.96 E3491.53567
G0 F12000 X97.719 Y73.96
G1 F2400 X140.04 Y116.282 E3495.51701
G0 F12000 X140.04 Y115.716
G1 F2400 X98.284 Y73.96 E3499.44516
G0 F12000 X98.85 Y73.96
G1 F2400 X140.04 Y115.15 E3503.32006
G0 F12000 X140.04 Y114.585
G1 F2400 X99.416 Y73.96 E3507.14177
G0 F12000 X99.981 Y73.96
G1 F2400 X140.04 Y114.019 E3510.91027
G0 F12000 X140.04 Y113.453
G1 F2400 X100.547 Y73.96 E3514.62553
G0 F12000 X101.113 Y73.96
G1 F2400 X140.04 Y112.887 E3518.28755
G0 F12000 X140.04 Y112.322
G1 F2400 X101.678 Y73.96 E3521.89641
G0 F12000 X102.244 Y73.96
G1 F2400 X140.04 Y111.756 E3525.45202
G0 F12000 X140.04 Y111.19
G1 F2400 X102.81 Y73.96 E3528.95439
G0 F12000 X103.375 Y73.96
G1 F2400 X140.04 Y110.625 E3532.40361
G0 F12000 X140.04 Y110.059
G1 F2400 X103.941 Y73.96 E3535.79959
G0 F12000 X104.507 Y73.96
G1 F2400 X140.04 Y109.493 E3539.14231
G0 F12000 X140.04 Y108.928
G1 F2400 X105.073 Y73.96 E3542.43184
G0 F12000 X105.638 Y73.96
G1 F2400 X140.04 Y108.362 E3545.66817
G0 F12000 X140.04 Y107.796
G1 F2400 X106.204 Y73.96 E3548.85125
G0 F12000 X106.77 Y73.96
G1 F2400 X140.04 Y107.231 E3551.98114
G0 F12000 X140.04 Y106.665
G1 F2400 X107.335 Y73.96 E3555.05782
G0 F12000 X107.901 Y73.96
G1 F2400 X140.04 Y106.099 E3558.08126
G0 F12000 X140.04 Y105.534
G1 F2400 X108.467 Y73.96 E3561.0515
G0 F12000 X109.032 Y73.96
G1 F2400 X140.04 Y104.968 E3563.96855
G0 F12000 X140.04 Y104.402
G1 F2400 X109.598 Y73.96 E3566.83234
G0 F12000 X110.164 Y73.96
G1 F2400 X140.04 Y103.837 E3569.64294
G0 F12000 X140.04 Y103.271
G1 F2400 X110.729 Y73.96 E3572.40034
G0 F12000 X111.295 Y73.96
G1 F2400 X140.04 Y102.705 E3575.10449
G0 F12000 X140.04 Y102.139
G1 F2400 X111.861 Y73.96 E3577.7554
G0 F12000 X112.426 Y73.96
G1 F2400 X140.04 Y101.574 E3580.35316
G0 F12000 X140.04 Y101.008
G1 F2400 X112.992 Y73.96 E3582.89767
G0 F12000 X113.558 Y73.96
G1 F2400 X140.04 Y100.442 E3585.38893
G0 F12000 X140.04 Y99.877
G1 F2400 X114.123 Y73.96 E3587.82704
G0 F12000 X114.689 Y73.96
G1 F2400 X140.04 Y99.311 E3590.21191
G0 F12000 X140.04 Y98.745
G1 F2400 X115.255 Y73.96 E3592.54353
G0 F12000 X115.821 Y73.96
G1 F2400 X140.04 Y98.18 E3594.82195
G0 F12000 X140.04 Y97.614
G1 F2400 X116.386 Y73.96 E3597.04718
G0 F12000 X116.952 Y73.96
G1 F2400 X140.04 Y97.048 E3599.21915
G0 F12000 X140.04 Y96.483
G1 F2400 X117.518 Y73.96 E3601.33793
G0 F12000 X118.083 Y73.96
G1 F2400 X140.04 Y95.917 E3603.40351
G0 F12000 X140.04 Y95.351
G1 F2400 X118.649 Y73.96 E3605.41585
G0 F12000 X119.215 Y73.96
G1 F2400 X140.04 Y94.786 E3607.37498
G0 F12000 X140.04 Y94.22
G1 F2400 X119.78 Y73.96 E3609.28092
G0 F12000 X120.346 Y73.96
G1 F2400 X140.04 Y93.654 E3611.13361
G0 F12000 X140.04 Y93.088
G1 F2400 X120.912 Y73.96 E3612.93305
G0 F12000 X121.477 Y73.96
G1 F2400 X140.04 Y92.523 E3614.67935
G0 F12000 X140.04 Y91.957
G1 F2400 X122.043 Y73.96 E3616.3724
G0 F12000 X122.609 Y73.96
G1 F2400 X140.04 Y91.391 E3618.0122
G0 F12000 X140.04 Y90.826
G1 F2400 X123.174 Y73.96 E3619.59885
G0 F12000 X123.74 Y73.96
G1 F2400 X140.04 Y90.26 E3621.13225
G0 F12000 X140.04 Y89.694
G1 F2400 X124.306 Y73.96 E3622.61241
G0 F12000 X124.872 Y73.96
G1 F2400 X140.04 Y89.129 E3624.03937
G0 F12000 X140.04 Y88.563
G1 F2400 X125.437 Y73.96 E3625.41313
G0 F12000 X126.003 Y73.96
G1 F2400 X140.04 Y87.997 E3626.73364
G0 F12000 X140.04 Y87.432
G1 F2400 X126.569 Y73.96 E3628.00096
G0 F12000 X127.134 Y73.96
G1 F2400 X140.04 Y86.866 E3629.21508
G0 F12000 X140.04 Y86.3
G1 F2400 X127.7 Y73.96 E3630.37595
G0 F12000 X128.266 Y73.96
G1 F2400 X140.04 Y85.735 E3631.48362
G0 F12000 X140.04 Y85.169
G1 F2400 X128.831 Y73.96 E3632.5381
G0 F12000 X129.397 Y73.96
G1 F2400 X140.04 Y84.603 E3633.53932
G0 F12000 X140.04 Y84.038
G1 F2400 X129.963 Y73.96 E3634.48735
G0 F12000 X130.528 Y73.96
G1 F2400 X140.04 Y83.472 E3635.38218
G0 F12000 X140.04 Y82.906
G1 F2400 X131.094 Y73.96 E3636.22377
G0 F12000 X131.66 Y73.96
G1 F2400 X140.04 Y82.34 E3637.01211
G0 F12000 X140.04 Y81.775
G1 F2400 X132.225 Y73.96 E3637.7473
G0 F12000 X132.791 Y73.96
G1 F2400 X140.04 Y81.209 E3638.42924
G0 F12000 X140.04 Y80.643
G1 F2400 X133.357 Y73.96 E3639.05793
G0 F12000 X133.922 Y73.96
G1 F2400 X140.04 Y80.078 E3639.63348
G0 F12000 X140.04 Y79.512
G1 F2400 X134.488 Y73.96 E3640.15577
G0 F12000 X135.054 Y73.96
G1 F2400 X140.04 Y78.946 E3640.62483
G0 F12000 X140.04 Y78.381
G1 F2400 X135.62 Y73.96 E3641.04068
G0 F12000 X136.185 Y73.96
G1 F2400 X140.04 Y77.815 E3641.40333
G0 F12000 X140.04 Y77.249
G1 F2400 X136.751 Y73.96 E3641.71274
G0 F12000 X137.317 Y73.96
G1 F2400 X140.04 Y76.684 E3641.96895
G0 F12000 X140.04 Y76.118
G1 F2400 X137.882 Y73.96 E3642.17197
G0 F12000 X138.448 Y73.96
G1 F2400 X140.04 Y75.552 E3642.32173
G0 F12000 X140.04 Y74.987
G1 F2400 X139.014 Y73.96 E3642.4183
G0 F12000 X139.579 Y73.96
G1 F2400 X140.04 Y74.421 E3642.46167
G0 F12000 X140.79 Y74.421
G1 F2700 E3637.46167
;MESH:NONMESH
G0 F300 Z2.2
G0 F12000 X140.4 Y79.596
G0 X142.665 Y79.596
G0 X142.653 Y71.347
G0 X87.827 Y71.335
G0 X87.827 Y79.596
;TIME_ELAPSED:2824.135158
;LAYER:5
;TYPE:WALL-INNER
;MESH:tank_trainer_body.stl
G1 F2700 E3642.46167
G1 F2400 X87.344 Y79.469 E3642.49489
G1 X86.961 Y79.217 E3642.52538
G1 X86.723 Y78.97 E3642.5482
G1 X86.489 Y78.545 E3642.58047
G1 X86.387 Y78.072 E3642.61266
G1 X86.485 Y77.451 E3642.65448
G1 X86.712 Y77.038 E3642.68583
G1 X86.969 Y76.766 E3642.71072
G1 X87.538 Y76.456 E3642.75383
G1 X87.98 Y76.392 E3642.78354
G1 X88.653 Y76.528 E3642.82921
G1 X89.051 Y76.791 E3642.86094
G1 X89.271 Y77.027 E3642.8824
G1 X89.514 Y77.458 E3642.91532
G1 X89.6 Y77.915 E3642.94625
G1 X89.575 Y78.313 E3642.97278
G1 X89.439 Y78.704 E3643.00032
G1 X89.078 Y79.191 E3643.04064
G1 X88.534 Y79.549 E3643.08396
G1 X87.827 Y79.596 E3643.13109
G0 F12000 X87.772 Y80
G1 F2330.1 X88.184 Y79.982 E3643.15935
G1 F2352.9 X88.631 Y79.924 E3643.18993
G1 F2388.1 X89.078 Y79.676 E3643.22411
G1 X89.392 Y79.432 E3643.25069
G1 F2358.7 X89.67 Y79.084 E3643.28084
G1 F2347.2 X89.803 Y78.857 E3643.29873
G1 F2388.1 X89.936 Y78.491 E3643.32477
G1 F2364.5 X89.997 Y78.05 E3643.35483
G1 F2358.7 X89.982 Y77.728 E3643.37664
G1 F2382.1 X89.897 Y77.361 E3643.40189
G1 F2364.5 X89.775 Y77.088 E3643.42208
G1 X89.62 Y76.823 E3643.44281
G1 F2400 X89.327 Y76.492 E3643.47221
G1 X88.911 Y76.221 E3643.50524
G1 F2324.5 X88.491 Y76.071 E3643.53587
G1 F2318.8 X87.951 Y75.985 E3643.57352
G1 F2388.1 X87.489 Y76.063 E3643.60484
G1 F2364.5 X87.188 Y76.168 E3643.62637
G1 X86.682 Y76.472 E3643.66622
G1 F2400 X86.352 Y76.867 E3643.70046
G1 F2406 X86.157 Y77.223 E3643.72739
G1 F2347.2 X86.043 Y77.617 E3643.75529
G1 F2358.7 X85.999 Y77.999 E3643.78132
G1 F2412.1 X86.015 Y78.279 E3643.79988
G1 F2388.1 X86.1 Y78.635 E3643.82435
G1 X86.284 Y79.049 E3643.85464
G1 X86.632 Y79.46 E3643.89064
G1 F2370.4 X86.875 Y79.646 E3643.91125
G1 F2364.5 X87.18 Y79.836 E3643.93551
G1 X87.772 Y80 E3643.97699
G0 F12000 X87.872 Y80.398
G1 F2400 X88.224 Y80.389 E3644.00041
G1 X88.602 Y80.324 E3644.02593
G1 X88.867 Y80.237 E3644.04448
G1 X89.297 Y80.015 E3644.07667
G1 X89.602 Y79.792 E3644.1018
G1 X89.838 Y79.535 E3644.12501
G1 X90.012 Y79.307 E3644.14409
G1 X90.163 Y79.032 E3644.16496
G1 X90.325 Y78.589 E3644.19634
G1 X90.373 Y78.339 E3644.21327
G1 X90.402 Y78.06 E3644.23193
G1 X90.381 Y77.64 E3644.2599
G1 X90.277 Y77.233 E3644.28785
G1 X90.136 Y76.903 E3644.31172
G1 X89.98 Y76.645 E3644.33178
G1 X89.677 Y76.283 E3644.36318
G1 X89.295 Y75.98 E3644.39561
G1 X88.868 Y75.764 E3644.42744
G1 X88.594 Y75.671 E3644.44669
G1 X88.312 Y75.621 E3644.46574
G1 X88.048 Y75.601 E3644.48335
G1 X87.766 Y75.607 E3644.50212
G1 X87.391 Y75.672 E3644.52743
G1 X87.129 Y75.759 E3644.5458
G1 X86.865 Y75.88 E3644.56512
G1 X86.546 Y76.085 E3644.59034
G1 X86.319 Y76.283 E3644.61038
G1 X86.022 Y76.643 E3644.64142
G1 X85.746 Y77.146 E3644.67959
G1 X85.622 Y77.614 E3644.71179
G1 X85.601 Y77.999 E3644.73744
G1 X85.62 Y78.376 E3644.76255
G1 X85.719 Y78.763 E3644.78912
G1 X85.859 Y79.091 E3644.81285
G1 X86.077 Y79.447 E3644.84062
G1 X86.358 Y79.754 E3644.8683
G1 X86.646 Y79.979 E3644.89261
G1 X86.91 Y80.139 E3644.91315
G1 X87.336 Y80.305 E3644.94356
G1 X87.582 Y80.361 E3644.96034
G1 X87.872 Y80.398 E3644.97979
G0 F12000 X87.851 Y80.799
;TYPE:WALL-OUTER
G1 F2400 X88.264 Y80.788 E3645.00727
G1 X88.699 Y80.713 E3645.03664
G1 X89.014 Y80.609 E3645.0587
G1 X89.272 Y80.49 E3645.0776
G1 X89.515 Y80.351 E3645.09622
G1 X89.751 Y80.179 E3645.11565
G1 X89.951 Y80.004 E3645.13333
G1 X90.146 Y79.791 E3645.15254
G1 X90.348 Y79.526 E3645.1747
G1 X90.523 Y79.208 E3645.19885
G1 X90.627 Y78.963 E3645.21655
G1 X90.713 Y78.687 E3645.23578
G1 X90.769 Y78.398 E3645.25536
G1 X90.803 Y78.07 E3645.2773
G1 X90.778 Y77.58 E3645.30994
G1 X90.657 Y77.105 E3645.34254
G1 X90.493 Y76.72 E3645.37038
G1 X90.31 Y76.418 E3645.39387
G1 X90.143 Y76.202 E3645.41203
G1 X89.956 Y75.996 E3645.43054
G1 X89.747 Y75.817 E3645.44884
G1 X89.514 Y75.644 E3645.46815
G1 X89.273 Y75.507 E3645.48659
G1 X89.014 Y75.391 E3645.50547
G1 X88.694 Y75.283 E3645.52793
G1 X88.362 Y75.223 E3645.55038
G1 X88.058 Y75.201 E3645.57065
G1 X87.728 Y75.208 E3645.59261
G1 X87.293 Y75.283 E3645.62197
G1 X86.982 Y75.387 E3645.64378
G1 X86.673 Y75.528 E3645.66638
G1 X86.305 Y75.765 E3645.69549
G1 X86.04 Y75.996 E3645.71888
G1 X85.854 Y76.2 E3645.73724
G1 X85.69 Y76.417 E3645.75534
G1 X85.541 Y76.664 E3645.77453
G1 X85.421 Y76.911 E3645.79279
G1 X85.324 Y77.176 E3645.81156
G1 X85.223 Y77.557 E3645.83778
G1 X85.201 Y77.999 E3645.86722
G1 X85.213 Y78.256 E3645.88434
G1 X85.249 Y78.537 E3645.90318
G1 X85.339 Y78.891 E3645.92748
G1 X85.503 Y79.275 E3645.95526
G1 X85.686 Y79.574 E3645.97857
G1 X85.858 Y79.8 E3645.99747
G1 X86.085 Y80.048 E3646.01983
G1 X86.418 Y80.31 E3646.04802
G1 X86.725 Y80.494 E3646.07183
G1 X86.981 Y80.609 E3646.09049
G1 X87.23 Y80.691 E3646.10793
G1 X87.512 Y80.755 E3646.12717
G1 X87.851 Y80.799 E3646.14991
G0 F12000 X87.882 Y80.091
G0 X87.703 Y79.88
G0 X87.849 Y79.191
G1 F2400 X87.489 Y79.087 E3646.17483
G1 X87.208 Y78.902 E3646.19721
G1 X87.028 Y78.708 E3646.21482
G1 X86.862 Y78.386 E3646.23892
G1 X86.793 Y78.058 E3646.26121
G1 X86.865 Y77.604 E3646.29179
G1 X87.03 Y77.29 E3646.31539
G1 X87.226 Y77.08 E3646.33449
G1 X87.664 Y76.846 E3646.36753
G1 X87.991 Y76.8 E3646.38949
G1 X88.493 Y76.901 E3646.42356
G1 X88.791 Y77.095 E3646.44721
G1 X88.955 Y77.273 E3646.46331
G1 X89.132 Y77.597 E3646.48787
G1 X89.196 Y77.941 E3646.51114
G1 X89.177 Y78.235 E3646.53074
G1 X89.072 Y78.533 E3646.55176
G1 X88.807 Y78.889 E3646.58128
G1 X88.413 Y79.15 E3646.61272
G1 X87.849 Y79.191 E3646.65034
G1 F2700 E3641.65034
G0 F12000 X87.703 Y79.88
G0 X87.863 Y80.571
G0 X87.889 Y81.665
G0 X88.038 Y105.337
G0 X88.064 Y106.43
G0 X86.837 Y108.131
G0 X86.63 Y108.512
G0 X86.544 Y109.058
G0 X86.632 Y109.494
G0 X86.797 Y109.797
G0 X87.848 Y110.906
G0 X87.827 Y110.596
;TYPE:WALL-INNER
G1 F2700 E3646.65034
G1 F2400 X87.344 Y110.469 E3646.68356
G1 X86.961 Y110.217 E3646.71405
G1 X86.723 Y109.97 E3646.73687
G1 X86.489 Y109.545 E3646.76914
G1 X86.388 Y109.072 E3646.80132
G1 X86.485 Y108.451 E3646.84313
G1 X86.712 Y108.038 E3646.87448
G1 X86.969 Y107.766 E3646.89937
G1 X87.538 Y107.456 E3646.94247
G1 X87.98 Y107.392 E3646.97218
G1 X88.653 Y107.528 E3647.01785
G1 X89.051 Y107.791 E3647.04959
G1 X89.271 Y108.027 E3647.07105
G1 X89.514 Y108.458 E3647.10396
G1 X89.6 Y108.915 E3647.1349
G1 X89.575 Y109.313 E3647.16142
G1 X89.439 Y109.704 E3647.18896
G1 X89.078 Y110.191 E3647.22929
G1 X88.534 Y110.549 E3647.27261
G1 X87.827 Y110.596 E3647.31974
G0 F12000 X87.772 Y111
G1 F2330.1 X88.184 Y110.982 E3647.34799
G1 F2352.9 X88.631 Y110.924 E3647.37858
G1 F2388.1 X89.078 Y110.676 E3647.41275
G1 X89.392 Y110.432 E3647.43934
G1 F2358.7 X89.67 Y110.084 E3647.46948
G1 F2347.2 X89.803 Y109.857 E3647.48738
G1 F2388.1 X89.936 Y109.491 E3647.51341
G1 F2364.5 X89.997 Y109.05 E3647.54347
G1 F2358.7 X89.982 Y108.728 E3647.56529
G1 F2382.1 X89.897 Y108.361 E3647.59054
G1 F2364.5 X89.775 Y108.088 E3647.61073
G1 X89.62 Y107.823 E3647.63145
G1 F2400 X89.327 Y107.492 E3647.66086
G1 X88.911 Y107.221 E3647.69389
G1 F2324.5 X88.491 Y107.071 E3647.72452
G1 F2318.8 X87.951 Y106.985 E3647.76216
G1 F2388.1 X87.489 Y107.063 E3647.79349
G1 F2364.5 X87.188 Y107.168 E3647.81501
G1 X86.682 Y107.472 E3647.85487
G1 F2400 X86.352 Y107.867 E3647.88911
G1 F2406 X86.157 Y108.223 E3647.91604
G1 F2347.2 X86.043 Y108.617 E3647.94394
G1 F2358.7 X85.999 Y108.999 E3647.96996
G1 F2412.1 X86.015 Y109.279 E3647.98853
G1 F2388.1 X86.1 Y109.635 E3648.01299
G1 X86.284 Y110.049 E3648.04328
G1 X86.632 Y110.46 E3648.07929
G1 F2370.4 X86.875 Y110.646 E3648.0999
G1 F2364.5 X87.18 Y110.836 E3648.12416
G1 X87.772 Y111 E3648.16563
G0 F12000 X87.872 Y111.398
G1 F2400 X88.224 Y111.389 E3648.18906
G1 X88.602 Y111.324 E3648.21457
G1 X88.867 Y111.237 E3648.23312
G1 X89.297 Y111.015 E3648.26531
G1 X89.602 Y110.792 E3648.29045
G1 X89.838 Y110.535 E3648.31366
G1 X90.012 Y110.307 E3648.33274
G1 X90.163 Y110.032 E3648.35361
G1 X90.325 Y109.589 E3648.38498
G1 X90.373 Y109.339 E3648.40192
G1 X90.402 Y109.06 E3648.42058
G1 X90.381 Y108.64 E3648.44855
G1 X90.277 Y108.233 E3648.47649
G1 X90.136 Y107.903 E3648.50036
G1 X89.98 Y107.645 E3648.52042
G1 X89.677 Y107.283 E3648.55182
G1 X89.295 Y106.98 E3648.58426
G1 X88.868 Y106.764 E3648.61609
G1 X88.594 Y106.671 E3648.63534
G1 X88.312 Y106.621 E3648.65439
G1 X88.048 Y106.601 E3648.672
G1 X87.766 Y106.607 E3648.69076
G1 X87.391 Y106.672 E3648.71608
G1 X87.129 Y106.759 E3648.73444
G1 X86.865 Y106.88 E3648.75376
G1 X86.546 Y107.085 E3648.77898
G1 X86.319 Y107.283 E3648.79902
G1 X86.022 Y107.643 E3648.83007
G1 X85.746 Y108.146 E3648.86823
G1 X85.622 Y108.614 E3648.90044
G1 X85.601 Y108.999 E3648.92609
G1 X85.62 Y109.376 E3648.9512
G1 X85.719 Y109.763 E3648.97777
G1 X85.859 Y110.091 E3649.00149
G1 X86.077 Y110.447 E3649.02926
G1 X86.358 Y110.754 E3649.05695
G1 X86.646 Y110.979 E3649.08126
G1 X86.91 Y111.139 E3649.10179
G1 X87.336 Y111.305 E3649.1322
G1 X87.582 Y111.361 E3649.14899
G1 X87.872 Y111.398 E3649.16843
G0 F12000 X87.851 Y111.799
;TYPE:WALL-OUTER
G1 F2400 X88.264 Y111.788 E3649.19592
G1 X88.699 Y111.713 E3649.22528
G1 X89.014 Y111.609 E3649.24735
G1 X89.272 Y111.49 E3649.26625
G1 X89.515 Y111.351 E3649.28487
G1 X89.751 Y111.179 E3649.30429
G1 X89.951 Y111.004 E3649.32197
G1 X90.146 Y110.791 E3649.34118
G1 X90.348 Y110.526 E3649.36335
G1 X90.523 Y110.208 E3649.38749
G1 X90.627 Y109.963 E3649.4052
G1 X90.713 Y109.687 E3649.42443
G1 X90.769 Y109.398 E3649.44401
G1 X90.803 Y109.07 E3649.46595
G1 X90.778 Y108.58 E3649.49858
G1 X90.657 Y108.105 E3649.53119
G1 X90.493 Y107.72 E3649.55903
G1 X90.31 Y107.418 E3649.58252
G1 X90.143 Y107.202 E3649.60068
G1 X89.956 Y106.996 E3649.61918
G1 X89.747 Y106.817 E3649.63749
G1 X89.514 Y106.644 E3649.65679
G1 X89.273 Y106.507 E3649.67523
G1 X89.014 Y106.391 E3649.69411
G1 X88.694 Y106.283 E3649.71658
G1 X88.362 Y106.223 E3649.73902
G1 X88.058 Y106.201 E3649.7593
G1 X87.728 Y106.208 E3649.78125
G1 X87.293 Y106.283 E3649.81062
G1 X86.982 Y106.387 E3649.83243
G1 X86.673 Y106.528 E3649.85502
G1 X86.305 Y106.765 E3649.88414
G1 X86.04 Y106.996 E3649.90753
G1 X85.854 Y107.2 E3649.92589
G1 X85.69 Y107.417 E3649.94398
G1 X85.541 Y107.664 E3649.96317
G1 X85.421 Y107.911 E3649.98144
G1 X85.324 Y108.176 E3650.00021
G1 X85.223 Y108.557 E3650.02643
G1 X85.201 Y108.999 E3650.05587
G1 X85.213 Y109.256 E3650.07298
G1 X85.249 Y109.537 E3650.09183
G1 X85.339 Y109.891 E3650.11612
G1 X85.503 Y110.275 E3650.1439
G1 X85.686 Y110.574 E3650.16722
G1 X85.858 Y110.8 E3650.18611
G1 X86.085 Y111.048 E3650.20848
G1 X86.418 Y111.31 E3650.23666
G1 X86.725 Y111.494 E3650.26047
G1 X86.981 Y111.609 E3650.27914
G1 X87.23 Y111.691 E3650.29658
G1 X87.512 Y111.755 E3650.31581
G1 X87.851 Y111.799 E3650.33855
G0 F12000 X87.882 Y111.091
G0 X87.703 Y110.88
G0 X87.849 Y110.191
G1 F2400 X87.489 Y110.087 E3650.36348
G1 X87.208 Y109.902 E3650.38586
G1 X87.028 Y109.708 E3650.40346
G1 X86.862 Y109.386 E3650.42756
G1 X86.793 Y109.058 E3650.44986
G1 X86.865 Y108.604 E3650.48044
G1 X87.03 Y108.29 E3650.50403
G1 X87.226 Y108.08 E3650.52314
G1 X87.664 Y107.846 E3650.55617
G1 X87.991 Y107.8 E3650.57814
G1 X88.493 Y107.901 E3650.6122
G1 X88.791 Y108.095 E3650.63585
G1 X88.955 Y108.273 E3650.65195
G1 X89.132 Y108.597 E3650.67651
G1 X89.196 Y108.941 E3650.69979
G1 X89.177 Y109.235 E3650.71939
G1 X89.072 Y109.533 E3650.7404
G1 X88.807 Y109.889 E3650.76993
G1 X88.413 Y110.15 E3650.80136
G1 X87.849 Y110.191 E3650.83898
G1 F2700 E3645.83898
G0 F12000 X87.703 Y110.88
G0 X90.316 Y110.115
G0 X91.325 Y110.537
G0 X130.699 Y110.594
G0 X131.707 Y110.172
G0 X133.772 Y111
;TYPE:WALL-INNER
G1 F2700 E3650.83898
G1 F2330.1 X134.184 Y110.982 E3650.86724
G1 F2352.9 X134.631 Y110.924 E3650.89782
G1 F2388.1 X135.078 Y110.676 E3650.93199
G1 X135.392 Y110.432 E3650.95858
G1 F2358.7 X135.67 Y110.084 E3650.98873
G1 F2347.2 X135.803 Y109.857 E3651.00662
G1 F2388.1 X135.936 Y109.491 E3651.03265
G1 F2364.5 X135.997 Y109.05 E3651.06271
G1 F2358.7 X135.982 Y108.728 E3651.08453
G1 F2382.1 X135.897 Y108.361 E3651.10978
G1 F2364.5 X135.775 Y108.088 E3651.12997
G1 X135.62 Y107.823 E3651.1507
G1 F2400 X135.327 Y107.492 E3651.1801
G1 X134.911 Y107.221 E3651.21313
G1 F2324.5 X134.491 Y107.071 E3651.24376
G1 F2318.8 X133.951 Y106.985 E3651.2814
G1 F2388.1 X133.489 Y107.063 E3651.31273
G1 F2364.5 X133.188 Y107.168 E3651.33425
G1 X132.682 Y107.472 E3651.37411
G1 F2400 X132.352 Y107.867 E3651.40835
G1 F2406 X132.157 Y108.223 E3651.43528
G1 F2347.2 X132.043 Y108.617 E3651.46318
G1 F2358.7 X131.999 Y108.999 E3651.4892
G1 F2412.1 X132.015 Y109.279 E3651.50777
G1 F2388.1 X132.1 Y109.635 E3651.53224
G1 X132.284 Y110.049 E3651.56252
G1 X132.632 Y110.46 E3651.59853
G1 F2370.4 X132.875 Y110.646 E3651.61914
G1 F2364.5 X133.18 Y110.836 E3651.6434
G1 X133.772 Y111 E3651.68487
G0 F12000 X133.872 Y111.398
G1 F2400 X134.224 Y111.389 E3651.7083
G1 X134.602 Y111.324 E3651.73381
G1 X134.867 Y111.237 E3651.75236
G1 X135.297 Y111.015 E3651.78456
G1 X135.602 Y110.792 E3651.80969
G1 X135.838 Y110.535 E3651.8329
G1 X136.012 Y110.307 E3651.85198
G1 X136.163 Y110.032 E3651.87285
G1 X136.325 Y109.589 E3651.90422
G1 X136.373 Y109.339 E3651.92116
G1 X136.402 Y109.06 E3651.93982
G1 X136.381 Y108.64 E3651.96779
G1 X136.277 Y108.233 E3651.99573
G1 X136.136 Y107.903 E3652.01961
G1 X135.98 Y107.645 E3652.03966
G1 X135.677 Y107.283 E3652.07106
G1 X135.295 Y106.98 E3652.1035
G1 X134.868 Y106.764 E3652.13533
G1 X134.594 Y106.671 E3652.15458
G1 X134.312 Y106.621 E3652.17363
G1 X134.048 Y106.601 E3652.19124
G1 X133.766 Y106.607 E3652.21
G1 X133.391 Y106.672 E3652.23532
G1 X133.129 Y106.759 E3652.25368
G1 X132.865 Y106.88 E3652.273
G1 X132.546 Y107.085 E3652.29823
G1 X132.319 Y107.283 E3652.31826
G1 X132.022 Y107.643 E3652.34931
G1 X131.746 Y108.146 E3652.38747
G1 X131.622 Y108.614 E3652.41968
G1 X131.601 Y108.999 E3652.44533
G1 X131.62 Y109.376 E3652.47044
G1 X131.719 Y109.763 E3652.49701
G1 X131.859 Y110.091 E3652.52073
G1 X132.077 Y110.447 E3652.5485
G1 X132.358 Y110.754 E3652.57619
G1 X132.646 Y110.979 E3652.6005
G1 X132.91 Y111.139 E3652.62103
G1 X133.336 Y111.305 E3652.65145
G1 X133.582 Y111.361 E3652.66823
G1 X133.872 Y111.398 E3652.68768
G0 F12000 X133.827 Y110.596
G1 F2400 X133.344 Y110.469 E3652.7209
G1 X132.961 Y110.217 E3652.75139
G1 X132.723 Y109.97 E3652.77421
G1 X132.489 Y109.545 E3652.80648
G1 X132.387 Y109.072 E3652.83867
G1 X132.485 Y108.451 E3652.88049
G1 X132.712 Y108.038 E3652.91184
G1 X132.969 Y107.766 E3652.93673
G1 X133.538 Y107.456 E3652.97984
G1 X133.98 Y107.392 E3653.00955
G1 X134.653 Y107.528 E3653.05522
G1 X135.051 Y107.791 E3653.08695
G1 X135.271 Y108.027 E3653.10841
G1 X135.514 Y108.458 E3653.14133
G1 X135.6 Y108.915 E3653.17226
G1 X135.575 Y109.313 E3653.19879
G1 X135.439 Y109.704 E3653.22633
G1 X135.078 Y110.191 E3653.26665
G1 X134.534 Y110.549 E3653.30997
G1 X133.827 Y110.596 E3653.3571
G0 F12000 X133.849 Y110.191
;TYPE:WALL-OUTER
G1 F2400 X133.489 Y110.087 E3653.38203
G1 X133.208 Y109.902 E3653.40441
G1 X133.028 Y109.708 E3653.42201
G1 X132.862 Y109.386 E3653.44611
G1 X132.793 Y109.058 E3653.46841
G1 X132.865 Y108.604 E3653.49899
G1 X133.03 Y108.29 E3653.52258
G1 X133.226 Y108.08 E3653.54169
G1 X133.664 Y107.846 E3653.57472
G1 X133.991 Y107.8 E3653.59669
G1 X134.493 Y107.901 E3653.63075
G1 X134.791 Y108.095 E3653.65441
G1 X134.955 Y108.273 E3653.67051
G1 X135.132 Y108.597 E3653.69506
G1 X135.196 Y108.941 E3653.71834
G1 X135.177 Y109.235 E3653.73794
G1 X135.072 Y109.533 E3653.75896
G1 X134.807 Y109.889 E3653.78848
G1 X134.413 Y110.15 E3653.81992
G1 X133.849 Y110.191 E3653.85753
G0 F12000 X133.703 Y110.88
G0 X133.882 Y111.091
G0 X133.851 Y111.799
G1 F2400 X134.264 Y111.788 E3653.88501
G1 X134.699 Y111.713 E3653.91438
G1 X135.014 Y111.609 E3653.93644
G1 X135.272 Y111.49 E3653.95534
G1 X135.515 Y111.351 E3653.97397
G1 X135.751 Y111.179 E3653.99339
G1 X135.951 Y111.004 E3654.01107
G1 X136.146 Y110.791 E3654.03028
G1 X136.348 Y110.526 E3654.05244
G1 X136.523 Y110.208 E3654.07659
G1 X136.627 Y109.963 E3654.09429
G1 X136.713 Y109.687 E3654.11353
G1 X136.769 Y109.398 E3654.13311
G1 X136.803 Y109.07 E3654.15504
G1 X136.778 Y108.58 E3654.18768
G1 X136.657 Y108.105 E3654.22029
G1 X136.493 Y107.72 E3654.24812
G1 X136.31 Y107.418 E3654.27161
G1 X136.143 Y107.202 E3654.28977
G1 X135.956 Y106.996 E3654.30828
G1 X135.747 Y106.817 E3654.32659
G1 X135.514 Y106.644 E3654.34589
G1 X135.273 Y106.507 E3654.36433
G1 X135.014 Y106.391 E3654.38321
G1 X134.694 Y106.283 E3654.40568
G1 X134.362 Y106.223 E3654.42812
G1 X134.058 Y106.201 E3654.44839
G1 X133.728 Y106.208 E3654.47035
G1 X133.293 Y106.283 E3654.49971
G1 X132.982 Y106.387 E3654.52153
G1 X132.673 Y106.528 E3654.54412
G1 X132.305 Y106.765 E3654.57324
G1 X132.04 Y106.996 E3654.59662
G1 X131.854 Y107.2 E3654.61499
G1 X131.69 Y107.417 E3654.63308
G1 X131.541 Y107.664 E3654.65227
G1 X131.421 Y107.911 E3654.67054
G1 X131.324 Y108.176 E3654.68931
G1 X131.223 Y108.557 E3654.71553
G1 X131.201 Y108.999 E3654.74497
G1 X131.213 Y109.256 E3654.76208
G1 X131.249 Y109.537 E3654.78092
G1 X131.339 Y109.891 E3654.80522
G1 X131.503 Y110.275 E3654.833
G1 X131.686 Y110.574 E3654.85632
G1 X131.858 Y110.8 E3654.87521
G1 X132.085 Y111.048 E3654.89757
G1 X132.418 Y111.31 E3654.92576
G1 X132.725 Y111.494 E3654.94957
G1 X132.981 Y111.609 E3654.96824
G1 X133.23 Y111.691 E3654.98567
G1 X133.512 Y111.755 E3655.00491
G1 X133.851 Y111.799 E3655.02765
G1 F2700 E3650.02765
G0 F12000 X133.882 Y111.091
G0 X132.835 Y109.868
G0 X132.632 Y109.494
G0 X132.544 Y109.058
G0 X132.63 Y108.512
G0 X134.064 Y106.43
G0 X134.038 Y105.337
G0 X133.889 Y81.665
G0 X133.863 Y80.571
G0 X133.772 Y80
;TYPE:WALL-INNER
G1 F2700 E3655.02765
G1 F2330.1 X134.184 Y79.982 E3655.05591
G1 F2352.9 X134.631 Y79.924 E3655.08649
G1 F2388.1 X135.078 Y79.676 E3655.12066
G1 X135.392 Y79.432 E3655.14725
G1 F2358.7 X135.67 Y79.084 E3655.1774
G1 F2347.2 X135.803 Y78.857 E3655.19529
G1 F2388.1 X135.936 Y78.491 E3655.22132
G1 F2364.5 X135.997 Y78.05 E3655.25138
G1 F2358.7 X135.982 Y77.728 E3655.2732
G1 F2382.1 X135.897 Y77.361 E3655.29845
G1 F2364.5 X135.775 Y77.088 E3655.31864
G1 X135.62 Y76.823 E3655.33936
G1 F2400 X135.327 Y76.492 E3655.36877
G1 X134.911 Y76.221 E3655.4018
G1 F2324.5 X134.491 Y76.071 E3655.43243
G1 F2318.8 X133.951 Y75.985 E3655.47007
G1 F2388.1 X133.489 Y76.063 E3655.5014
G1 F2364.5 X133.188 Y76.168 E3655.52292
G1 X132.682 Y76.472 E3655.56278
G1 F2400 X132.352 Y76.867 E3655.59702
G1 F2406 X132.157 Y77.223 E3655.62395
G1 F2347.2 X132.043 Y77.617 E3655.65185
G1 F2358.7 X131.999 Y77.999 E3655.67787
G1 F2412.1 X132.015 Y78.279 E3655.69644
G1 F2388.1 X132.1 Y78.635 E3655.72091
G1 X132.284 Y79.049 E3655.75119
G1 X132.632 Y79.46 E3655.7872
G1 F2370.4 X132.875 Y79.646 E3655.80781
G1 F2364.5 X133.18 Y79.836 E3655.83207
G1 X133.772 Y80 E3655.87354
G0 F12000 X133.872 Y80.398
G1 F2400 X134.224 Y80.389 E3655.89697
G1 X134.602 Y80.324 E3655.92248
G1 X134.867 Y80.237 E3655.94103
G1 X135.297 Y80.015 E3655.97323
G1 X135.602 Y79.792 E3655.99836
G1 X135.838 Y79.535 E3656.02157
G1 X136.012 Y79.307 E3656.04065
G1 X136.163 Y79.032 E3656.06152
G1 X136.325 Y78.589 E3656.09289
G1 X136.373 Y78.339 E3656.10983
G1 X136.402 Y78.06 E3656.12849
G1 X136.381 Y77.64 E3656.15646
G1 X136.277 Y77.233 E3656.1844
G1 X136.136 Y76.903 E3656.20828
G1 X135.98 Y76.645 E3656.22833
G1 X135.677 Y76.283 E3656.25973
G1 X135.295 Y75.98 E3656.29217
G1 X134.868 Y75.764 E3656.324
G1 X134.594 Y75.671 E3656.34325
G1 X134.312 Y75.621 E3656.3623
G1 X134.048 Y75.601 E3656.37991
G1 X133.766 Y75.607 E3656.39867
G1 X133.391 Y75.672 E3656.42399
G1 X133.129 Y75.759 E3656.44235
G1 X132.865 Y75.88 E3656.46167
G1 X132.546 Y76.085 E3656.4869
G1 X132.319 Y76.283 E3656.50693
G1 X132.022 Y76.643 E3656.53798
G1 X131.746 Y77.146 E3656.57614
G1 X131.622 Y77.614 E3656.60835
G1 X131.601 Y77.999 E3656.634
G1 X131.62 Y78.376 E3656.65911
G1 X131.719 Y78.763 E3656.68568
G1 X131.859 Y79.091 E3656.7094
G1 X132.077 Y79.447 E3656.73717
G1 X132.358 Y79.754 E3656.76486
G1 X132.646 Y79.979 E3656.78917
G1 X132.91 Y80.139 E3656.8097
G1 X133.336 Y80.305 E3656.84012
G1 X133.582 Y80.361 E3656.8569
G1 X133.872 Y80.398 E3656.87635
G0 F12000 X133.827 Y79.596
G1 F2400 X133.344 Y79.469 E3656.90957
G1 X132.961 Y79.217 E3656.94006
G1 X132.723 Y78.97 E3656.96288
G1 X132.489 Y78.545 E3656.99515
G1 X132.387 Y78.072 E3657.02734
G1 X132.485 Y77.451 E3657.06916
G1 X132.712 Y77.038 E3657.10051
G1 X132.969 Y76.766 E3657.1254
G1 X133.538 Y76.456 E3657.16851
G1 X133.98 Y76.392 E3657.19821
G1 X134.653 Y76.528 E3657.24389
G1 X135.051 Y76.791 E3657.27562
G1 X135.271 Y77.027 E3657.29708
G1 X135.514 Y77.458 E3657.33
G1 X135.6 Y77.915 E3657.36093
G1 X135.575 Y78.313 E3657.38746
G1 X135.439 Y78.704 E3657.41499
G1 X135.078 Y79.191 E3657.45532
G1 X134.534 Y79.549 E3657.49864
G1 X133.827 Y79.596 E3657.54577
G0 F12000 X133.849 Y79.191
;TYPE:WALL-OUTER
G1 F2400 X133.489 Y79.087 E3657.5707
G1 X133.208 Y78.902 E3657.59308
G1 X133.028 Y78.708 E3657.61068
G1 X132.862 Y78.386 E3657.63478
G1 X132.793 Y78.058 E3657.65708
G1 X132.865 Y77.604 E3657.68766
G1 X133.03 Y77.29 E3657.71125
G1 X133.226 Y77.08 E3657.73036
G1 X133.664 Y76.846 E3657.76339
G1 X133.991 Y76.8 E3657.78536
G1 X134.493 Y76.901 E3657.81942
G1 X134.791 Y77.095 E3657.84308
G1 X134.955 Y77.273 E3657.85918
G1 X135.132 Y77.597 E3657.88373
G1 X135.196 Y77.941 E3657.90701
G1 X135.177 Y78.235 E3657.92661
G1 X135.072 Y78.533 E3657.94763
G1 X134.807 Y78.889 E3657.97715
G1 X134.413 Y79.15 E3658.00858
G1 X133.849 Y79.191 E3658.0462
G0 F12000 X133.703 Y79.88
G0 X133.882 Y80.091
G0 X133.851 Y80.799
G1 F2400 X134.264 Y80.788 E3658.07368
G1 X134.699 Y80.713 E3658.10305
G1 X135.014 Y80.609 E3658.12511
G1 X135.272 Y80.49 E3658.14401
G1 X135.515 Y80.351 E3658.16264
G1 X135.751 Y80.179 E3658.18206
G1 X135.951 Y80.004 E3658.19974
G1 X136.146 Y79.791 E3658.21895
G1 X136.348 Y79.526 E3658.24111
G1 X136.523 Y79.208 E3658.26526
G1 X136.627 Y78.963 E3658.28296
G1 X136.713 Y78.687 E3658.30219
G1 X136.769 Y78.398 E3658.32178
G1 X136.803 Y78.07 E3658.34371
G1 X136.778 Y77.58 E3658.37635
G1 X136.657 Y77.105 E3658.40896
G1 X136.493 Y76.72 E3658.43679
G1 X136.31 Y76.418 E3658.46028
G1 X136.143 Y76.202 E3658.47844
G1 X135.956 Y75.996 E3658.49695
G1 X135.747 Y75.817 E3658.51526
G1 X135.514 Y75.644 E3658.53456
G1 X135.273 Y75.507 E3658.553
G1 X135.014 Y75.391 E3658.57188
G1 X134.694 Y75.283 E3658.59435
G1 X134.362 Y75.223 E3658.61679
G1 X134.058 Y75.201 E3658.63706
G1 X133.728 Y75.208 E3658.65902
G1 X133.293 Y75.283 E3658.68838
G1 X132.982 Y75.387 E3658.7102
G1 X132.673 Y75.528 E3658.73279
G1 X132.305 Y75.765 E3658.76191
G1 X132.04 Y75.996 E3658.78529
G1 X131.854 Y76.2 E3658.80366
G1 X131.69 Y76.417 E3658.82175
G1 X131.541 Y76.664 E3658.84094
G1 X131.421 Y76.911 E3658.8592
G1 X131.324 Y77.176 E3658.87798
G1 X131.223 Y77.557 E3658.9042
G1 X131.201 Y77.999 E3658.93363
G1 X131.213 Y78.256 E3658.95075
G1 X131.249 Y78.537 E3658.96959
G1 X131.339 Y78.891 E3658.99389
G1 X131.503 Y79.275 E3659.02167
G1 X131.686 Y79.574 E3659.04499
G1 X131.858 Y79.8 E3659.06388
G1 X132.085 Y80.048 E3659.08624
G1 X132.418 Y80.31 E3659.11443
G1 X132.725 Y80.494 E3659.13824
G1 X132.981 Y80.609 E3659.15691
G1 X133.23 Y80.691 E3659.17434
G1 X133.512 Y80.755 E3659.19358
G1 X133.851 Y80.799 E3659.21632
G1 F2700 E3654.21632
G0 F12000 X133.882 Y80.091
G0 X134.861 Y79.187
G0 X136.441 Y77.179
G0 X137.499 Y76.909
G0 X139.334 Y77.181
G0 X140.429 Y77.181
G0 X141 Y74
;TYPE:WALL-INNER
G1 F2700 E3659.21632
G1 F2487 X141.014 Y72.986 E3659.28142
G1 X140 Y73 E3659.34651
G1 X140.697 Y73.303 E3659.3953
G1 X141 Y74 E3659.44409
G1 F2394 X140.999 Y110 E3661.8448
G1 F2382.1 X140.998 Y146 E3664.25749
G1 F2335.8 X140.991 Y146.174 E3664.2694
G0 F12000 X140.837 Y146.838
G0 X140.17 Y146.993
G1 F2436.5 X141.014 Y147.014 E3664.32471
G1 F2424.2 X140.991 Y146.174 E3664.38005
G1 X140.695 Y146.696 E3664.41957
G1 F2436.5 X140.17 Y146.993 E3664.45909
G1 F2352.9 X139.996 Y147 E3664.47091
G1 F2394 X80 Y146.998 E3668.47184
G1 F2480.6 X79.304 Y146.696 E3668.52067
G1 F2436.5 X79.007 Y146.17 E3668.56024
G1 X78.987 Y147.013 E3668.6155
G1 F2480.6 X80 Y146.998 E3668.6807
G0 F12000 X79.162 Y146.837
G0 X79.007 Y146.17
G1 F2352.9 X79 Y145.996 E3668.69251
G1 F2400 X79 Y74 E3673.48171
G1 F2487 X79.303 Y73.303 E3673.53049
G1 F2436.5 X79.826 Y73.007 E3673.56987
G1 X78.986 Y72.986 E3673.62493
G1 F2487 X79 Y74 E3673.69002
G0 F12000 X79.163 Y73.162
G0 X79.826 Y73.007
G1 F2352.9 X80 Y73 E3673.70184
G1 F2400 X140 Y73 E3677.69305
G1 F2700 E3672.69305
G0 F12000 X140.838 Y73.163
G0 X140.837 Y146.838
G0 X110 Y147.09
G0 X110 Y147.4
G1 F2700 E3677.69305
G1 F2400 X141.4 Y147.4 E3679.78179
G1 X141.4 Y72.6 E3684.75751
G1 X78.601 Y72.601 E3688.93491
G1 X78.601 Y147.399 E3693.9105
G1 X110 Y147.4 E3695.99917
G0 F12000 X110 Y146.598
G1 F2400 X80 Y146.597 E3697.99477
G1 X79.576 Y146.422 E3698.02529
G1 X79.4 Y146.085 E3698.05058
G1 X79.4 Y74 E3702.84569
G1 X79.575 Y73.575 E3702.87627
G1 X79.911 Y73.4 E3702.90147
G1 X140 Y73.4 E3706.8986
G1 X140.424 Y73.576 E3706.92914
G1 X140.6 Y74 E3706.95968
G1 X140.596 Y146.089 E3711.75506
G1 X140.422 Y146.424 E3711.78017
G1 X140.085 Y146.6 E3711.80546
G1 X110 Y146.598 E3713.80672
G0 F12000 X110 Y146.198
;TYPE:WALL-OUTER
G1 F2400 X80 Y146.197 E3715.80233
G1 X79.858 Y146.138 E3715.81256
G1 X79.802 Y146.031 E3715.82059
G1 X79.8 Y74 E3720.61211
G1 X79.858 Y73.858 E3720.62232
G1 X79.965 Y73.802 E3720.63035
G1 X140 Y73.8 E3724.6239
G1 X140.142 Y73.858 E3724.6341
G1 X140.2 Y74 E3724.6443
G1 X140.194 Y146.035 E3729.43609
G1 X140.138 Y146.142 E3729.44412
G1 X140.031 Y146.198 E3729.45216
G1 X110 Y146.198 E3731.44983
G0 F12000 X109.999 Y146.909
G0 X110 Y147.8
G1 F2400 X141.8 Y147.8 E3733.56517
G1 X141.8 Y72.2 E3738.5941
G1 X78.201 Y72.201 E3742.82473
G1 X78.201 Y147.799 E3747.85353
G1 X110 Y147.8 E3749.9688
G1 F2700 E3744.9688
;MESH:NONMESH
G0 F300 Z2.6
G0 F12000 X110 Y147.09
G0 X87.703 Y146.429
G0 X87.703 Y145.334
G0 X84.334 Y109
G0 X87.889 Y81.665
G0 X87.863 Y80.571
G0 X87.706 Y79.887
G0 X87.745 Y79.588
;TIME_ELAPSED:2876.693462
;LAYER:6
;TYPE:WALL-INNER
;MESH:tank_trainer_body.stl
G1 F2700 E3749.9688
G1 F2400 X87.335 Y79.453 E3749.99752
G1 X86.943 Y79.202 E3750.02848
G1 X86.71 Y78.961 E3750.05078
G1 X86.469 Y78.485 E3750.08627
G1 X86.394 Y78.035 E3750.11662
G1 X86.476 Y77.464 E3750.15499
G1 X86.69 Y77.078 E3750.18435
G1 X86.949 Y76.782 E3750.21051
G1 X87.354 Y76.529 E3750.24228
G1 X87.919 Y76.393 E3750.28094
G1 X88.537 Y76.45 E3750.32222
G1 X89.083 Y76.809 E3750.36569
G1 X89.441 Y77.288 E3750.40547
G1 X89.585 Y77.759 E3750.43823
G1 X89.596 Y78.084 E3750.45986
G1 X89.513 Y78.537 E3750.4905
G1 X89.277 Y78.982 E3750.524
G1 X88.867 Y79.342 E3750.5603
G1 X88.436 Y79.548 E3750.59207
G1 X87.745 Y79.588 E3750.63812
G0 F12000 X87.81 Y79.987
G1 F2364.5 X88.404 Y79.967 E3750.67824
G1 F2358.7 X88.864 Y79.808 E3750.71119
G1 F2364.5 X89.16 Y79.623 E3750.73475
G1 F2388.1 X89.517 Y79.296 E3750.76712
G1 F2400 X89.715 Y79.039 E3750.7887
G1 F2388.1 X89.893 Y78.641 E3750.81785
G1 X89.983 Y78.269 E3750.84343
G1 X89.997 Y77.999 E3750.86151
G1 F2382.1 X89.961 Y77.618 E3750.88716
G1 F2347.2 X89.891 Y77.362 E3750.90521
G1 F2352.9 X89.785 Y77.097 E3750.92457
G1 F2370.4 X89.588 Y76.793 E3750.94897
G1 F2364.5 X89.37 Y76.542 E3750.97142
G1 F2376.2 X89.061 Y76.299 E3750.99783
G1 F2436.5 X88.742 Y76.131 E3751.02145
G1 F2500 X88.499 Y76.053 E3751.03775
G1 F2442.7 X88.068 Y76.001 E3751.06612
G1 F2394 X87.815 Y76.007 E3751.083
G1 F2341.5 X87.521 Y76.066 E3751.10345
G1 X87.229 Y76.154 E3751.12424
G1 F2382.1 X86.915 Y76.319 E3751.14801
G1 X86.639 Y76.53 E3751.1713
G1 X86.288 Y76.942 E3751.20757
G1 F2364.5 X86.086 Y77.391 E3751.24081
G1 F2370.4 X85.996 Y77.915 E3751.27662
G1 F2352.9 X86.04 Y78.385 E3751.30865
G1 F2347.2 X86.1 Y78.63 E3751.32581
G1 F2335.8 X86.218 Y78.894 E3751.34557
G1 F2364.5 X86.349 Y79.126 E3751.36356
G1 F2400 X86.656 Y79.496 E3751.39554
G1 F2376.2 X87.08 Y79.772 E3751.42953
G1 F2358.7 X87.494 Y79.931 E3751.45955
G1 F2352.9 X87.81 Y79.987 E3751.48132
G0 F12000 X88.036 Y80.396
G1 F2400 X88.297 Y80.379 E3751.49872
G1 X88.585 Y80.328 E3751.51818
G1 X88.89 Y80.228 E3751.53953
G1 X89.14 Y80.115 E3751.55778
G1 X89.383 Y79.959 E3751.57699
G1 X89.623 Y79.769 E3751.59735
G1 X89.822 Y79.555 E3751.61679
G1 X89.98 Y79.351 E3751.63395
G1 X90.136 Y79.093 E3751.65401
G1 X90.273 Y78.77 E3751.67735
G1 X90.38 Y78.356 E3751.70579
G1 X90.398 Y77.979 E3751.7309
G1 X90.355 Y77.539 E3751.76031
G1 X90.277 Y77.232 E3751.78138
G1 X90.141 Y76.913 E3751.80445
G1 X89.917 Y76.548 E3751.83293
G1 X89.645 Y76.248 E3751.85987
G1 X89.391 Y76.047 E3751.88142
G1 X89.158 Y75.894 E3751.89996
G1 X88.886 Y75.767 E3751.91993
G1 X88.595 Y75.672 E3751.94029
G1 X88.193 Y75.599 E3751.96747
G1 X87.777 Y75.607 E3751.99515
G1 X87.422 Y75.668 E3752.01911
G1 X87.074 Y75.784 E3752.04351
G1 X86.69 Y75.984 E3752.07231
G1 X86.369 Y76.233 E3752.09933
G1 X86.173 Y76.442 E3752.11839
G1 X86.02 Y76.64 E3752.13504
G1 X85.864 Y76.9 E3752.15521
G1 X85.727 Y77.218 E3752.17824
G1 X85.618 Y77.655 E3752.2082
G1 X85.602 Y77.981 E3752.22991
G1 X85.62 Y78.375 E3752.25615
G1 X85.718 Y78.759 E3752.28251
G1 X85.855 Y79.081 E3752.30579
G1 X86.019 Y79.348 E3752.32663
G1 X86.242 Y79.644 E3752.35129
G1 X86.602 Y79.954 E3752.38289
G1 X87.001 Y80.193 E3752.41383
G1 X87.395 Y80.324 E3752.44145
G1 X87.771 Y80.389 E3752.46683
G1 X88.036 Y80.396 E3752.48446
G0 F12000 X88.044 Y80.796
;TYPE:WALL-OUTER
G1 F2400 X88.344 Y80.777 E3752.50446
G1 X88.683 Y80.717 E3752.52736
G1 X89.035 Y80.601 E3752.55201
G1 X89.332 Y80.467 E3752.57369
G1 X89.615 Y80.285 E3752.59607
G1 X89.895 Y80.064 E3752.6198
G1 X90.127 Y79.814 E3752.64249
G1 X90.31 Y79.578 E3752.66235
G1 X90.493 Y79.276 E3752.68584
G1 X90.653 Y78.899 E3752.71308
G1 X90.747 Y78.536 E3752.73803
G1 X90.784 Y78.288 E3752.75471
G1 X90.799 Y77.999 E3752.77396
G1 X90.778 Y77.581 E3752.8018
G1 X90.657 Y77.104 E3752.83453
G1 X90.497 Y76.729 E3752.86165
G1 X90.31 Y76.425 E3752.8854
G1 X90.149 Y76.208 E3752.90337
G1 X89.919 Y75.955 E3752.92611
G1 X89.626 Y75.723 E3752.95098
G1 X89.354 Y75.544 E3752.97264
G1 X89.034 Y75.395 E3752.99612
G1 X88.694 Y75.283 E3753.01993
G1 X88.361 Y75.223 E3753.04244
G1 X88.096 Y75.201 E3753.06013
G1 X87.739 Y75.208 E3753.08388
G1 X87.325 Y75.279 E3753.11182
G1 X86.918 Y75.414 E3753.14034
G1 X86.484 Y75.638 E3753.17283
G1 X86.099 Y75.937 E3753.20526
G1 X85.869 Y76.182 E3753.22761
G1 X85.69 Y76.414 E3753.2471
G1 X85.507 Y76.716 E3753.27059
G1 X85.347 Y77.089 E3753.29759
G1 X85.257 Y77.445 E3753.32202
G1 X85.216 Y77.694 E3753.3388
G1 X85.201 Y77.981 E3753.35792
G1 X85.213 Y78.253 E3753.37603
G1 X85.249 Y78.538 E3753.39514
G1 X85.338 Y78.887 E3753.4191
G1 X85.499 Y79.264 E3753.44637
G1 X85.687 Y79.572 E3753.47037
G1 X85.847 Y79.788 E3753.48825
G1 X86.029 Y79.988 E3753.50624
G1 X86.254 Y80.183 E3753.52605
G1 X86.467 Y80.34 E3753.54365
G1 X86.706 Y80.482 E3753.56214
G1 X86.962 Y80.601 E3753.58092
G1 X87.297 Y80.713 E3753.60442
G1 X87.732 Y80.788 E3753.63378
G1 X88.044 Y80.796 E3753.65454
G0 F12000 X88.036 Y80.089
G0 X87.839 Y79.897
G0 X87.802 Y79.185
G1 F2400 X87.503 Y79.09 E3753.67541
G1 X87.219 Y78.911 E3753.69774
G1 X87.029 Y78.709 E3753.71619
G1 X86.859 Y78.371 E3753.74136
G1 X86.8 Y78.028 E3753.76451
G1 X86.865 Y77.593 E3753.79377
G1 X87.041 Y77.273 E3753.81806
G1 X87.196 Y77.104 E3753.83332
G1 X87.496 Y76.91 E3753.85708
G1 X87.956 Y76.793 E3753.88865
G1 X88.391 Y76.841 E3753.91777
G1 X88.802 Y77.102 E3753.95015
G1 X89.085 Y77.485 E3753.98183
G1 X89.183 Y77.808 E3754.00428
G1 X89.193 Y78.091 E3754.02312
G1 X89.125 Y78.415 E3754.04514
G1 X88.955 Y78.727 E3754.06878
G1 X88.649 Y79.005 E3754.09628
G1 X88.315 Y79.156 E3754.12066
G1 X87.802 Y79.185 E3754.15484
G1 F2700 E3749.15484
G0 F12000 X87.839 Y79.897
G0 X88.047 Y80.57
G0 X88.122 Y81.659
G0 X88.06 Y105.338
G0 X88.079 Y106.431
G0 X86.836 Y108.131
G0 X86.629 Y108.513
G0 X86.545 Y109.046
G0 X86.613 Y109.437
G0 X86.791 Y109.783
G0 X87.694 Y110.893
G0 X87.745 Y110.588
;TYPE:WALL-INNER
G1 F2700 E3754.15484
G1 F2400 X87.335 Y110.453 E3754.18355
G1 X86.943 Y110.202 E3754.21452
G1 X86.71 Y109.961 E3754.23682
G1 X86.469 Y109.485 E3754.27231
G1 X86.394 Y109.035 E3754.30265
G1 X86.476 Y108.464 E3754.34103
G1 X86.69 Y108.078 E3754.37039
G1 X86.949 Y107.782 E3754.39655
G1 X87.354 Y107.529 E3754.42832
G1 X87.919 Y107.393 E3754.46697
G1 X88.537 Y107.45 E3754.50826
G1 X89.083 Y107.809 E3754.55172
G1 X89.441 Y108.288 E3754.5915
G1 X89.585 Y108.759 E3754.62427
G1 X89.596 Y109.084 E3754.6459
G1 X89.513 Y109.537 E3754.67653
G1 X89.277 Y109.982 E3754.71004
G1 X88.867 Y110.342 E3754.74633
G1 X88.436 Y110.548 E3754.77811
G1 X87.745 Y110.588 E3754.82415
G0 F12000 X87.81 Y110.987
G1 F2364.5 X88.404 Y110.967 E3754.86428
G1 F2358.7 X88.864 Y110.808 E3754.89722
G1 F2364.5 X89.16 Y110.623 E3754.92079
G1 F2388.1 X89.517 Y110.296 E3754.95316
G1 F2400 X89.715 Y110.039 E3754.97474
G1 F2388.1 X89.893 Y109.641 E3755.00389
G1 X89.983 Y109.269 E3755.02947
G1 X89.997 Y108.999 E3755.04755
G1 F2382.1 X89.961 Y108.618 E3755.07319
G1 F2347.2 X89.891 Y108.362 E3755.09125
G1 F2352.9 X89.785 Y108.097 E3755.11061
G1 F2370.4 X89.588 Y107.793 E3755.13501
G1 F2364.5 X89.37 Y107.542 E3755.15746
G1 F2376.2 X89.061 Y107.299 E3755.18387
G1 F2436.5 X88.742 Y107.131 E3755.20749
G1 F2500 X88.499 Y107.053 E3755.22379
G1 F2442.7 X88.068 Y107.001 E3755.25216
G1 F2394 X87.815 Y107.007 E3755.26904
G1 F2341.5 X87.521 Y107.066 E3755.28948
G1 X87.229 Y107.154 E3755.31028
G1 F2382.1 X86.915 Y107.319 E3755.33405
G1 X86.639 Y107.53 E3755.35733
G1 X86.288 Y107.942 E3755.39361
G1 F2364.5 X86.086 Y108.391 E3755.42685
G1 F2370.4 X85.996 Y108.915 E3755.46266
G1 F2352.9 X86.04 Y109.385 E3755.49469
G1 F2347.2 X86.1 Y109.63 E3755.51184
G1 F2335.8 X86.218 Y109.894 E3755.53161
G1 F2364.5 X86.349 Y110.126 E3755.5496
G1 F2400 X86.656 Y110.496 E3755.58158
G1 F2376.2 X87.08 Y110.772 E3755.61557
G1 F2358.7 X87.494 Y110.931 E3755.64559
G1 F2352.9 X87.81 Y110.987 E3755.66736
G0 F12000 X88.036 Y111.396
G1 F2400 X88.297 Y111.379 E3755.68476
G1 X88.585 Y111.328 E3755.70422
G1 X88.89 Y111.228 E3755.72557
G1 X89.14 Y111.115 E3755.74382
G1 X89.383 Y110.959 E3755.76303
G1 X89.623 Y110.769 E3755.78339
G1 X89.822 Y110.555 E3755.80283
G1 X89.98 Y110.351 E3755.81999
G1 X90.136 Y110.093 E3755.84005
G1 X90.273 Y109.77 E3755.86339
G1 X90.38 Y109.356 E3755.89183
G1 X90.398 Y108.979 E3755.91694
G1 X90.355 Y108.539 E3755.94634
G1 X90.277 Y108.232 E3755.96742
G1 X90.141 Y107.913 E3755.99048
G1 X89.917 Y107.548 E3756.01897
G1 X89.645 Y107.248 E3756.04591
G1 X89.391 Y107.047 E3756.06745
G1 X89.158 Y106.894 E3756.086
G1 X88.886 Y106.767 E3756.10597
G1 X88.595 Y106.672 E3756.12633
G1 X88.193 Y106.599 E3756.15351
G1 X87.777 Y106.607 E3756.18118
G1 X87.422 Y106.668 E3756.20515
G1 X87.074 Y106.784 E3756.22955
G1 X86.69 Y106.984 E3756.25835
G1 X86.369 Y107.233 E3756.28537
G1 X86.173 Y107.442 E3756.30443
G1 X86.02 Y107.64 E3756.32108
G1 X85.864 Y107.9 E3756.34125
G1 X85.727 Y108.218 E3756.36428
G1 X85.618 Y108.655 E3756.39424
G1 X85.602 Y108.981 E3756.41595
G1 X85.62 Y109.375 E3756.44219
G1 X85.718 Y109.759 E3756.46855
G1 X85.855 Y110.081 E3756.49183
G1 X86.019 Y110.348 E3756.51267
G1 X86.242 Y110.644 E3756.53732
G1 X86.602 Y110.954 E3756.56893
G1 X87.001 Y111.193 E3756.59986
G1 X87.395 Y111.324 E3756.62748
G1 X87.771 Y111.389 E3756.65287
G1 X88.036 Y111.396 E3756.6705
G0 F12000 X88.044 Y111.796
;TYPE:WALL-OUTER
G1 F2400 X88.344 Y111.777 E3756.6905
G1 X88.683 Y111.717 E3756.7134
G1 X89.035 Y111.601 E3756.73805
G1 X89.332 Y111.467 E3756.75973
G1 X89.615 Y111.285 E3756.78211
G1 X89.895 Y111.064 E3756.80584
G1 X90.127 Y110.814 E3756.82852
G1 X90.31 Y110.578 E3756.84839
G1 X90.493 Y110.276 E3756.87188
G1 X90.653 Y109.899 E3756.89912
G1 X90.747 Y109.536 E3756.92407
G1 X90.784 Y109.288 E3756.94075
G1 X90.799 Y108.999 E3756.96
G1 X90.778 Y108.581 E3756.98784
G1 X90.657 Y108.104 E3757.02057
G1 X90.497 Y107.729 E3757.04769
G1 X90.31 Y107.425 E3757.07143
G1 X90.149 Y107.208 E3757.08941
G1 X89.919 Y106.955 E3757.11215
G1 X89.626 Y106.723 E3757.13701
G1 X89.354 Y106.544 E3757.15867
G1 X89.034 Y106.395 E3757.18215
G1 X88.694 Y106.283 E3757.20597
G1 X88.361 Y106.223 E3757.22847
G1 X88.096 Y106.201 E3757.24616
G1 X87.739 Y106.208 E3757.26991
G1 X87.325 Y106.279 E3757.29786
G1 X86.918 Y106.414 E3757.32638
G1 X86.484 Y106.638 E3757.35887
G1 X86.099 Y106.937 E3757.3913
G1 X85.869 Y107.182 E3757.41365
G1 X85.69 Y107.414 E3757.43314
G1 X85.507 Y107.716 E3757.45663
G1 X85.347 Y108.089 E3757.48363
G1 X85.257 Y108.445 E3757.50806
G1 X85.216 Y108.694 E3757.52484
G1 X85.201 Y108.981 E3757.54396
G1 X85.213 Y109.253 E3757.56207
G1 X85.249 Y109.538 E3757.58118
G1 X85.338 Y109.887 E3757.60514
G1 X85.499 Y110.264 E3757.63241
G1 X85.687 Y110.572 E3757.65641
G1 X85.847 Y110.788 E3757.67429
G1 X86.029 Y110.988 E3757.69228
G1 X86.254 Y111.183 E3757.71209
G1 X86.467 Y111.34 E3757.72969
G1 X86.706 Y111.482 E3757.74818
G1 X86.962 Y111.601 E3757.76696
G1 X87.297 Y111.713 E3757.79046
G1 X87.732 Y111.788 E3757.81982
G1 X88.044 Y111.796 E3757.84058
G0 F12000 X88.036 Y111.089
G0 X87.839 Y110.897
G0 X87.802 Y110.185
G1 F2400 X87.503 Y110.09 E3757.86145
G1 X87.219 Y109.911 E3757.88378
G1 X87.029 Y109.709 E3757.90223
G1 X86.859 Y109.371 E3757.9274
G1 X86.8 Y109.028 E3757.95055
G1 X86.865 Y108.593 E3757.9798
G1 X87.041 Y108.273 E3758.0041
G1 X87.196 Y108.104 E3758.01935
G1 X87.496 Y107.91 E3758.04312
G1 X87.956 Y107.793 E3758.07469
G1 X88.391 Y107.841 E3758.1038
G1 X88.802 Y108.102 E3758.13619
G1 X89.085 Y108.485 E3758.16787
G1 X89.183 Y108.808 E3758.19032
G1 X89.193 Y109.091 E3758.20916
G1 X89.125 Y109.415 E3758.23118
G1 X88.955 Y109.727 E3758.25482
G1 X88.649 Y110.005 E3758.28232
G1 X88.315 Y110.156 E3758.3067
G1 X87.802 Y110.185 E3758.34088
G1 F2700 E3753.34088
G0 F12000 X87.839 Y110.897
G0 X90.292 Y110.175
G0 X91.299 Y110.6
G0 X130.695 Y110.584
G0 X131.703 Y110.162
G0 X133.694 Y110.893
G0 X133.745 Y110.588
;TYPE:WALL-INNER
G1 F2700 E3758.34088
G1 F2400 X133.335 Y110.453 E3758.36959
G1 X132.943 Y110.202 E3758.40056
G1 X132.71 Y109.961 E3758.42285
G1 X132.469 Y109.485 E3758.45835
G1 X132.394 Y109.035 E3758.48869
G1 X132.476 Y108.464 E3758.52706
G1 X132.69 Y108.078 E3758.55642
G1 X132.949 Y107.782 E3758.58259
G1 X133.354 Y107.529 E3758.61435
G1 X133.919 Y107.393 E3758.65301
G1 X134.537 Y107.45 E3758.69429
G1 X135.083 Y107.809 E3758.73776
G1 X135.441 Y108.288 E3758.77754
G1 X135.585 Y108.759 E3758.8103
G1 X135.596 Y109.084 E3758.83193
G1 X135.513 Y109.537 E3758.86257
G1 X135.277 Y109.982 E3758.89608
G1 X134.867 Y110.342 E3758.93237
G1 X134.436 Y110.548 E3758.96415
G1 X133.745 Y110.588 E3759.01019
G0 F12000 X133.81 Y110.987
G1 F2364.5 X134.404 Y110.967 E3759.05032
G1 F2358.7 X134.864 Y110.808 E3759.08326
G1 F2364.5 X135.16 Y110.623 E3759.10683
G1 F2388.1 X135.517 Y110.296 E3759.13919
G1 F2400 X135.715 Y110.039 E3759.16078
G1 F2388.1 X135.893 Y109.641 E3759.18992
G1 X135.983 Y109.269 E3759.21551
G1 X135.997 Y108.999 E3759.23358
G1 F2382.1 X135.961 Y108.618 E3759.25923
G1 F2347.2 X135.891 Y108.362 E3759.27728
G1 F2352.9 X135.785 Y108.097 E3759.29665
G1 F2370.4 X135.588 Y107.793 E3759.32105
G1 F2364.5 X135.37 Y107.542 E3759.34349
G1 F2376.2 X135.061 Y107.299 E3759.3699
G1 F2436.5 X134.742 Y107.131 E3759.39353
G1 F2500 X134.499 Y107.053 E3759.40983
G1 F2442.7 X134.068 Y107.001 E3759.4382
G1 F2394 X133.815 Y107.007 E3759.45507
G1 F2341.5 X133.521 Y107.066 E3759.47552
G1 X133.229 Y107.154 E3759.49631
G1 F2382.1 X132.915 Y107.319 E3759.52009
G1 X132.639 Y107.53 E3759.54337
G1 X132.288 Y107.942 E3759.57964
G1 F2364.5 X132.086 Y108.391 E3759.61289
G1 F2370.4 X131.996 Y108.915 E3759.6487
G1 F2352.9 X132.04 Y109.385 E3759.68072
G1 F2347.2 X132.1 Y109.63 E3759.69788
G1 F2335.8 X132.218 Y109.894 E3759.71765
G1 F2364.5 X132.349 Y110.126 E3759.73563
G1 F2400 X132.656 Y110.496 E3759.76762
G1 F2376.2 X133.08 Y110.772 E3759.80161
G1 F2358.7 X133.494 Y110.931 E3759.83162
G1 F2352.9 X133.81 Y110.987 E3759.8534
G0 F12000 X134.036 Y111.396
G1 F2400 X134.297 Y111.379 E3759.8708
G1 X134.585 Y111.328 E3759.89025
G1 X134.89 Y111.228 E3759.9116
G1 X135.14 Y111.115 E3759.92985
G1 X135.383 Y110.959 E3759.94906
G1 X135.623 Y110.769 E3759.96943
G1 X135.822 Y110.555 E3759.98886
G1 X135.98 Y110.351 E3760.00603
G1 X136.136 Y110.093 E3760.02608
G1 X136.273 Y109.77 E3760.04942
G1 X136.38 Y109.356 E3760.07787
G1 X136.398 Y108.979 E3760.10297
G1 X136.355 Y108.539 E3760.13238
G1 X136.277 Y108.232 E3760.15345
G1 X136.141 Y107.913 E3760.17652
G1 X135.917 Y107.548 E3760.20501
G1 X135.645 Y107.248 E3760.23195
G1 X135.391 Y107.047 E3760.25349
G1 X135.158 Y106.894 E3760.27203
G1 X134.886 Y106.767 E3760.292
G1 X134.595 Y106.672 E3760.31237
G1 X134.193 Y106.599 E3760.33954
G1 X133.777 Y106.607 E3760.36722
G1 X133.422 Y106.668 E3760.39118
G1 X133.074 Y106.784 E3760.41558
G1 X132.69 Y106.984 E3760.44438
G1 X132.369 Y107.233 E3760.47141
G1 X132.173 Y107.442 E3760.49047
G1 X132.02 Y107.64 E3760.50711
G1 X131.864 Y107.9 E3760.52728
G1 X131.727 Y108.218 E3760.55032
G1 X131.618 Y108.655 E3760.58028
G1 X131.602 Y108.981 E3760.60199
G1 X131.62 Y109.375 E3760.62822
G1 X131.718 Y109.759 E3760.65459
G1 X131.855 Y110.081 E3760.67786
G1 X132.019 Y110.348 E3760.69871
G1 X132.242 Y110.644 E3760.72336
G1 X132.602 Y110.954 E3760.75496
G1 X133.001 Y111.193 E3760.7859
G1 X133.395 Y111.324 E3760.81352
G1 X133.771 Y111.389 E3760.8389
G1 X134.036 Y111.396 E3760.85654
G0 F12000 X134.044 Y111.796
;TYPE:WALL-OUTER
G1 F2400 X134.344 Y111.777 E3760.87653
G1 X134.683 Y111.717 E3760.89943
G1 X135.035 Y111.601 E3760.92409
G1 X135.332 Y111.467 E3760.94576
G1 X135.615 Y111.285 E3760.96815
G1 X135.895 Y111.064 E3760.99187
G1 X136.127 Y110.814 E3761.01456
G1 X136.31 Y110.578 E3761.03443
G1 X136.493 Y110.276 E3761.05792
G1 X136.653 Y109.899 E3761.08516
G1 X136.747 Y109.536 E3761.1101
G1 X136.784 Y109.288 E3761.12678
G1 X136.799 Y108.999 E3761.14603
G1 X136.778 Y108.581 E3761.17387
G1 X136.657 Y108.104 E3761.20661
G1 X136.497 Y107.729 E3761.23373
G1 X136.31 Y107.425 E3761.25747
G1 X136.149 Y107.208 E3761.27544
G1 X135.919 Y106.955 E3761.29819
G1 X135.626 Y106.723 E3761.32305
G1 X135.354 Y106.544 E3761.34471
G1 X135.034 Y106.395 E3761.36819
G1 X134.694 Y106.283 E3761.392
G1 X134.361 Y106.223 E3761.41451
G1 X134.096 Y106.201 E3761.4322
G1 X133.739 Y106.208 E3761.45595
G1 X133.325 Y106.279 E3761.48389
G1 X132.918 Y106.414 E3761.51242
G1 X132.484 Y106.638 E3761.54491
G1 X132.099 Y106.937 E3761.57733
G1 X131.869 Y107.182 E3761.59969
G1 X131.69 Y107.414 E3761.61918
G1 X131.507 Y107.716 E3761.64267
G1 X131.347 Y108.089 E3761.66967
G1 X131.257 Y108.445 E3761.69409
G1 X131.216 Y108.694 E3761.71088
G1 X131.201 Y108.981 E3761.73
G1 X131.213 Y109.253 E3761.74811
G1 X131.249 Y109.538 E3761.76722
G1 X131.338 Y109.887 E3761.79118
G1 X131.499 Y110.264 E3761.81844
G1 X131.687 Y110.572 E3761.84245
G1 X131.847 Y110.788 E3761.86033
G1 X132.029 Y110.988 E3761.87832
G1 X132.254 Y111.183 E3761.89812
G1 X132.467 Y111.34 E3761.91572
G1 X132.706 Y111.482 E3761.93422
G1 X132.962 Y111.601 E3761.953
G1 X133.297 Y111.713 E3761.97649
G1 X133.732 Y111.788 E3762.00586
G1 X134.044 Y111.796 E3762.02662
G0 F12000 X134.036 Y111.089
G0 X133.839 Y110.897
G0 X133.802 Y110.185
G1 F2400 X133.503 Y110.09 E3762.04749
G1 X133.219 Y109.911 E3762.06982
G1 X133.029 Y109.709 E3762.08827
G1 X132.859 Y109.371 E3762.11343
G1 X132.8 Y109.028 E3762.13658
G1 X132.865 Y108.593 E3762.16584
G1 X133.041 Y108.273 E3762.19014
G1 X133.196 Y108.104 E3762.20539
G1 X133.496 Y107.91 E3762.22915
G1 X133.956 Y107.793 E3762.26073
G1 X134.391 Y107.841 E3762.28984
G1 X134.802 Y108.102 E3762.32223
G1 X135.085 Y108.485 E3762.3539
G1 X135.183 Y108.808 E3762.37636
G1 X135.193 Y109.091 E3762.3952
G1 X135.125 Y109.415 E3762.41722
G1 X134.955 Y109.727 E3762.44085
G1 X134.649 Y110.005 E3762.46835
G1 X134.315 Y110.156 E3762.49274
G1 X133.802 Y110.185 E3762.52692
G1 F2700 E3757.52692
G0 F12000 X133.839 Y110.897
G0 X132.833 Y109.864
G0 X132.613 Y109.437
G0 X132.545 Y109.046
G0 X132.629 Y108.513
G0 X134.079 Y106.431
G0 X134.06 Y105.338
G0 X134.122 Y81.659
G0 X134.047 Y80.57
G0 X133.81 Y79.987
;TYPE:WALL-INNER
G1 F2700 E3762.52692
G1 F2364.5 X134.404 Y79.967 E3762.56704
G1 F2358.7 X134.864 Y79.808 E3762.59999
G1 F2364.5 X135.16 Y79.623 E3762.62355
G1 F2388.1 X135.517 Y79.296 E3762.65592
G1 F2400 X135.715 Y79.039 E3762.6775
G1 F2388.1 X135.893 Y78.641 E3762.70665
G1 X135.983 Y78.269 E3762.73223
G1 X135.997 Y77.999 E3762.75031
G1 F2382.1 X135.961 Y77.618 E3762.77596
G1 F2347.2 X135.891 Y77.362 E3762.79401
G1 F2352.9 X135.785 Y77.097 E3762.81337
G1 F2370.4 X135.588 Y76.793 E3762.83777
G1 F2364.5 X135.37 Y76.542 E3762.86022
G1 F2376.2 X135.061 Y76.299 E3762.88663
G1 F2436.5 X134.742 Y76.131 E3762.91025
G1 F2500 X134.499 Y76.053 E3762.92655
G1 F2442.7 X134.068 Y76.001 E3762.95492
G1 F2394 X133.815 Y76.007 E3762.9718
G1 F2341.5 X133.521 Y76.066 E3762.99225
G1 X133.229 Y76.154 E3763.01304
G1 F2382.1 X132.915 Y76.319 E3763.03681
G1 X132.639 Y76.53 E3763.0601
G1 X132.288 Y76.942 E3763.09637
G1 F2364.5 X132.086 Y77.391 E3763.12961
G1 F2370.4 X131.996 Y77.915 E3763.16542
G1 F2352.9 X132.04 Y78.385 E3763.19745
G1 F2347.2 X132.1 Y78.63 E3763.21461
G1 F2335.8 X132.218 Y78.894 E3763.23437
G1 F2364.5 X132.349 Y79.126 E3763.25236
G1 F2400 X132.656 Y79.496 E3763.28434
G1 F2376.2 X133.08 Y79.772 E3763.31833
G1 F2358.7 X133.494 Y79.931 E3763.34835
G1 F2352.9 X133.81 Y79.987 E3763.37012
G0 F12000 X134.036 Y80.396
G1 F2400 X134.297 Y80.379 E3763.38752
G1 X134.585 Y80.328 E3763.40698
G1 X134.89 Y80.228 E3763.42833
G1 X135.14 Y80.115 E3763.44658
G1 X135.383 Y79.959 E3763.46579
G1 X135.623 Y79.769 E3763.48615
G1 X135.822 Y79.555 E3763.50559
G1 X135.98 Y79.351 E3763.52275
G1 X136.136 Y79.093 E3763.54281
G1 X136.273 Y78.77 E3763.56615
G1 X136.38 Y78.356 E3763.59459
G1 X136.398 Y77.979 E3763.6197
G1 X136.355 Y77.539 E3763.64911
G1 X136.277 Y77.232 E3763.67018
G1 X136.141 Y76.913 E3763.69325
G1 X135.917 Y76.548 E3763.72173
G1 X135.645 Y76.248 E3763.74867
G1 X135.391 Y76.047 E3763.77022
G1 X135.158 Y75.894 E3763.78876
G1 X134.886 Y75.767 E3763.80873
G1 X134.595 Y75.672 E3763.82909
G1 X134.193 Y75.599 E3763.85627
G1 X133.777 Y75.607 E3763.88395
G1 X133.422 Y75.668 E3763.90791
G1 X133.074 Y75.784 E3763.93231
G1 X132.69 Y75.984 E3763.96111
G1 X132.369 Y76.233 E3763.98813
G1 X132.173 Y76.442 E3764.00719
G1 X132.02 Y76.64 E3764.02384
G1 X131.864 Y76.9 E3764.04401
G1 X131.727 Y77.218 E3764.06704
G1 X131.618 Y77.655 E3764.097
G1 X131.602 Y77.981 E3764.11871
G1 X131.62 Y78.375 E3764.14495
G1 X131.718 Y78.759 E3764.17131
G1 X131.855 Y79.081 E3764.19459
G1 X132.019 Y79.348 E3764.21543
G1 X132.242 Y79.644 E3764.24009
G1 X132.602 Y79.954 E3764.27169
G1 X133.001 Y80.193 E3764.30263
G1 X133.395 Y80.324 E3764.33025
G1 X133.771 Y80.389 E3764.35563
G1 X134.036 Y80.396 E3764.37326
G0 F12000 X133.745 Y79.588
G1 F2400 X133.335 Y79.453 E3764.40198
G1 X132.943 Y79.202 E3764.43294
G1 X132.71 Y78.961 E3764.45524
G1 X132.469 Y78.485 E3764.49073
G1 X132.394 Y78.035 E3764.52108
G1 X132.476 Y77.464 E3764.55945
G1 X132.69 Y77.078 E3764.58881
G1 X132.949 Y76.782 E3764.61497
G1 X133.354 Y76.529 E3764.64674
G1 X133.919 Y76.393 E3764.68539
G1 X134.537 Y76.45 E3764.72668
G1 X135.083 Y76.809 E3764.77015
G1 X135.441 Y77.288 E3764.80993
G1 X135.585 Y77.759 E3764.84269
G1 X135.596 Y78.084 E3764.86432
G1 X135.513 Y78.537 E3764.89495
G1 X135.277 Y78.982 E3764.92846
G1 X134.867 Y79.342 E3764.96476
G1 X134.436 Y79.548 E3764.99653
G1 X133.745 Y79.588 E3765.04258
G0 F12000 X133.802 Y79.185
;TYPE:WALL-OUTER
G1 F2400 X133.503 Y79.09 E3765.06344
G1 X133.219 Y78.911 E3765.08578
G1 X133.029 Y78.709 E3765.10422
G1 X132.859 Y78.371 E3765.12939
G1 X132.8 Y78.028 E3765.15254
G1 X132.865 Y77.593 E3765.1818
G1 X133.041 Y77.273 E3765.20609
G1 X133.196 Y77.104 E3765.22135
G1 X133.496 Y76.91 E3765.24511
G1 X133.956 Y76.793 E3765.27669
G1 X134.391 Y76.841 E3765.3058
G1 X134.802 Y77.102 E3765.33818
G1 X135.085 Y77.485 E3765.36986
G1 X135.183 Y77.808 E3765.39232
G1 X135.193 Y78.091 E3765.41115
G1 X135.125 Y78.415 E3765.43317
G1 X134.955 Y78.727 E3765.45681
G1 X134.649 Y79.005 E3765.48431
G1 X134.315 Y79.156 E3765.50869
G1 X133.802 Y79.185 E3765.54287
G0 F12000 X133.839 Y79.897
G0 X134.036 Y80.089
G0 X134.044 Y80.796
G1 F2400 X134.344 Y80.777 E3765.56287
G1 X134.683 Y80.717 E3765.58577
G1 X135.035 Y80.601 E3765.61042
G1 X135.332 Y80.467 E3765.6321
G1 X135.615 Y80.285 E3765.65448
G1 X135.895 Y80.064 E3765.67821
G1 X136.127 Y79.814 E3765.7009
G1 X136.31 Y79.578 E3765.72076
G1 X136.493 Y79.276 E3765.74425
G1 X136.653 Y78.899 E3765.77149
G1 X136.747 Y78.536 E3765.79644
G1 X136.784 Y78.288 E3765.81312
G1 X136.799 Y77.999 E3765.83237
G1 X136.778 Y77.581 E3765.86021
G1 X136.657 Y77.104 E3765.89294
G1 X136.497 Y76.729 E3765.92006
G1 X136.31 Y76.425 E3765.94381
G1 X136.149 Y76.208 E3765.96178
G1 X135.919 Y75.955 E3765.98452
G1 X135.626 Y75.723 E3766.00939
G1 X135.354 Y75.544 E3766.03105
G1 X135.034 Y75.395 E3766.05453
G1 X134.694 Y75.283 E3766.07834
G1 X134.361 Y75.223 E3766.10085
G1 X134.096 Y75.201 E3766.11853
G1 X133.739 Y75.208 E3766.14229
G1 X133.325 Y75.279 E3766.17023
G1 X132.918 Y75.414 E3766.19875
G1 X132.484 Y75.638 E3766.23124
G1 X132.099 Y75.937 E3766.26367
G1 X131.869 Y76.182 E3766.28602
G1 X131.69 Y76.414 E3766.30551
G1 X131.507 Y76.716 E3766.329
G1 X131.347 Y77.089 E3766.356
G1 X131.257 Y77.445 E3766.38043
G1 X131.216 Y77.694 E3766.39721
G1 X131.201 Y77.981 E3766.41633
G1 X131.213 Y78.253 E3766.43444
G1 X131.249 Y78.538 E3766.45355
G1 X131.338 Y78.887 E3766.47751
G1 X131.499 Y79.264 E3766.50478
G1 X131.687 Y79.572 E3766.52878
G1 X131.847 Y79.788 E3766.54666
G1 X132.029 Y79.988 E3766.56465
G1 X132.254 Y80.183 E3766.58446
G1 X132.467 Y80.34 E3766.60206
G1 X132.706 Y80.482 E3766.62055
G1 X132.962 Y80.601 E3766.63933
G1 X133.297 Y80.713 E3766.66283
G1 X133.732 Y80.788 E3766.69219
G1 X134.044 Y80.796 E3766.71295
G0 F12000 X134.049 Y80.187
G1 F2700 E3761.71295
G0 F12000 X134.045 Y80.088
G0 X134.944 Y79.112
G0 X136.441 Y77.179
G0 X137.499 Y76.909
G0 X139.335 Y77.179
G0 X140.41 Y77.179
G0 X141 Y74
;TYPE:WALL-INNER
G1 F2700 E3766.71295
G1 F2487 X141.014 Y72.986 E3766.77805
G1 X140 Y73 E3766.84315
G1 X140.697 Y73.303 E3766.89193
G1 X141 Y74 E3766.94072
G1 F2400 X141 Y146 E3771.73018
G1 F2358.7 X140.993 Y146.174 E3771.74197
G0 F12000 X140.838 Y146.838
G0 X140.174 Y146.993
G1 F2436.5 X141.014 Y147.014 E3771.79702
G1 F2442.7 X140.993 Y146.174 E3771.85194
G1 X140.697 Y146.697 E3771.89121
G1 F2436.5 X140.174 Y146.993 E3771.93059
G1 F2352.9 X140 Y147 E3771.94241
G1 F2400 X80 Y147 E3775.93362
G1 F2487 X79.303 Y146.697 E3775.98241
G1 F2436.5 X79.007 Y146.174 E3776.02179
G1 X78.986 Y147.014 E3776.07684
G1 F2487 X80 Y147 E3776.14194
G0 F12000 X79.162 Y146.838
G0 X79.007 Y146.174
G1 F2352.9 X79 Y146 E3776.15375
G1 F2400 X79 Y74 E3780.94321
G1 F2487 X79.303 Y73.303 E3780.992
G1 F2436.5 X79.826 Y73.007 E3781.03138
G1 X78.986 Y72.986 E3781.08643
G1 F2487 X79 Y74 E3781.15153
G0 F12000 X79.162 Y73.162
G0 X79.826 Y73.007
G1 F2352.9 X80 Y73 E3781.16334
G1 F2400 X140 Y73 E3785.15456
G1 F2700 E3780.15456
G0 F12000 X140.838 Y73.162
G0 X140.838 Y146.838
G0 X110 Y147.09
G0 X110 Y147.4
G1 F2700 E3785.15456
G1 F2400 X141.4 Y147.4 E3787.2433
G1 X141.4 Y72.6 E3792.21901
G1 X78.601 Y72.601 E3796.39642
G1 X78.601 Y147.399 E3801.372
G1 X110 Y147.4 E3803.46067
G0 F12000 X110 Y146.6
G1 F2400 X80 Y146.6 E3805.45628
G1 X79.575 Y146.425 E3805.48686
G1 X79.4 Y146.089 E3805.51206
G1 X79.4 Y74 E3810.30744
G1 X79.575 Y73.575 E3810.33801
G1 X79.911 Y73.4 E3810.36321
G1 X140 Y73.4 E3814.36035
G1 X140.424 Y73.576 E3814.39088
G1 X140.6 Y74 E3814.42142
G1 X140.6 Y146.089 E3819.2168
G1 X140.424 Y146.424 E3819.24197
G1 X140.089 Y146.6 E3819.26715
G1 X110 Y146.6 E3821.26868
G0 F12000 X110 Y146.199
;TYPE:WALL-OUTER
G1 F2400 X80 Y146.2 E3823.26428
G1 X79.858 Y146.142 E3823.27449
G1 X79.802 Y146.035 E3823.28252
G1 X79.8 Y74 E3828.07431
G1 X79.858 Y73.858 E3828.08451
G1 X79.965 Y73.802 E3828.09255
G1 X140 Y73.8 E3832.08609
G1 X140.142 Y73.858 E3832.09629
G1 X140.2 Y74 E3832.1065
G1 X140.198 Y146.035 E3836.89828
G1 X140.142 Y146.142 E3836.90632
G1 X140.035 Y146.198 E3836.91435
G1 X110 Y146.199 E3838.91229
G0 F12000 X110 Y146.91
G0 X110 Y147.8
G1 F2400 X141.8 Y147.8 E3841.02763
G1 X141.8 Y72.2 E3846.05656
G1 X78.201 Y72.201 E3850.28719
G1 X78.201 Y147.799 E3855.31599
G1 X110 Y147.8 E3857.43127
G1 F2700 E3852.43127
;MESH:NONMESH
G0 F300 Z3
G0 F12000 X110 Y147.09
G0 X88.322 Y146.41
G0 X88.322 Y145.335
G0 X91.666 Y109
G0 X88.122 Y81.659
G0 X88.047 Y80.57
G0 X88.322 Y79.871
G0 X88.308 Y79.583
;TIME_ELAPSED:2929.240398
;LAYER:7
;TYPE:WALL-INNER
;MESH:tank_trainer_body.stl
G1 F2700 E3857.43127
G1 F2400 X87.741 Y79.584 E3857.46898
G1 X87.316 Y79.451 E3857.49861
G1 X86.764 Y79.041 E3857.54435
G1 X86.468 Y78.476 E3857.58677
G1 X86.373 Y77.905 E3857.62528
G1 X86.551 Y77.295 E3857.66755
G1 X86.907 Y76.819 E3857.70709
G1 X87.296 Y76.552 E3857.73847
G1 X87.744 Y76.411 E3857.76972
G1 X88.366 Y76.433 E3857.81112
G1 X88.922 Y76.684 E3857.8517
G1 X89.223 Y76.961 E3857.87891
G1 X89.453 Y77.327 E3857.90766
G1 X89.586 Y77.746 E3857.93691
G1 X89.597 Y78.114 E3857.9614
G1 X89.499 Y78.574 E3857.99268
G1 X89.241 Y79.02 E3858.02696
G1 X88.845 Y79.364 E3858.06185
G1 X88.308 Y79.583 E3858.10043
G0 F12000 X88.256 Y79.982
G1 F2400 X88.505 Y79.934 E3858.1173
G1 F2376.2 X88.943 Y79.759 E3858.14898
G1 F2358.7 X89.315 Y79.52 E3858.17891
G1 F2352.9 X89.649 Y79.122 E3858.21417
G1 F2358.7 X89.888 Y78.688 E3858.2477
G1 F2382.1 X89.986 Y78.208 E3858.28053
G1 F2388.1 X89.987 Y77.785 E3858.30881
G1 F2352.9 X89.891 Y77.363 E3858.33818
G1 X89.78 Y77.088 E3858.3583
G1 F2400 X89.473 Y76.632 E3858.39486
G1 X89.128 Y76.348 E3858.42459
G1 F2376.2 X88.808 Y76.176 E3858.449
G1 F2352.9 X88.508 Y76.063 E3858.47075
G1 F2335.8 X88.195 Y76.014 E3858.4924
G1 F2347.2 X87.644 Y76.018 E3858.52988
G1 F2376.2 X87.125 Y76.188 E3858.56657
G1 F2370.4 X86.668 Y76.487 E3858.60336
G1 F2388.1 X86.279 Y76.969 E3858.64476
G1 F2406 X86.157 Y77.223 E3858.66346
G1 F2430.4 X86.008 Y77.719 E3858.69748
G1 F2474.2 X85.994 Y77.999 E3858.71557
G1 F2412.1 X86.04 Y78.385 E3858.7413
G1 F2347.2 X86.101 Y78.634 E3858.75874
G1 F2358.7 X86.285 Y79.034 E3858.78854
G1 F2341.5 X86.546 Y79.383 E3858.81825
G1 F2307.7 X86.877 Y79.639 E3858.8472
G1 F2318.8 X87.132 Y79.801 E3858.868
G1 F2370.4 X87.571 Y79.95 E3858.89922
G1 F2364.5 X87.808 Y79.988 E3858.91543
G1 F2376.2 X88.256 Y79.982 E3858.94553
G0 F12000 X88.048 Y80.396
G1 F2400 X88.305 Y80.379 E3858.96267
G1 X88.593 Y80.325 E3858.98216
G1 X88.874 Y80.232 E3859.00185
G1 X89.136 Y80.115 E3859.02093
G1 X89.449 Y79.912 E3859.04575
G1 X89.675 Y79.714 E3859.06574
G1 X90.057 Y79.265 E3859.10495
G1 X90.29 Y78.703 E3859.14542
G1 X90.38 Y78.357 E3859.1692
G1 X90.398 Y77.979 E3859.19438
G1 X90.355 Y77.539 E3859.22379
G1 X90.277 Y77.233 E3859.24479
G1 X90.137 Y76.904 E3859.26858
G1 X89.919 Y76.549 E3859.29629
G1 X89.636 Y76.244 E3859.32396
G1 X89.355 Y76.017 E3859.34799
G1 X88.984 Y75.803 E3859.37648
G1 X88.609 Y75.672 E3859.40291
G1 X88.234 Y75.607 E3859.42822
G1 X87.949 Y75.602 E3859.44719
G1 X87.695 Y75.621 E3859.46413
G1 X87.401 Y75.672 E3859.48398
G1 X87.127 Y75.764 E3859.5032
G1 X86.862 Y75.882 E3859.5225
G1 X86.546 Y76.085 E3859.54749
G1 X86.321 Y76.282 E3859.56738
G1 X86.021 Y76.642 E3859.59855
G1 X85.745 Y77.15 E3859.63701
G1 X85.619 Y77.623 E3859.66957
G1 X85.602 Y77.999 E3859.69461
G1 X85.642 Y78.462 E3859.72552
G1 X85.719 Y78.763 E3859.74619
G1 X85.859 Y79.092 E3859.76997
G1 X86.071 Y79.439 E3859.79702
G1 X86.358 Y79.755 E3859.82542
G1 X86.645 Y79.979 E3859.84964
G1 X86.957 Y80.165 E3859.8738
G1 X87.236 Y80.269 E3859.89361
G1 X87.48 Y80.342 E3859.91055
G1 X87.771 Y80.392 E3859.93019
G1 X88.048 Y80.396 E3859.94862
G0 F12000 X88.058 Y80.796
;TYPE:WALL-OUTER
G1 F2400 X88.355 Y80.777 E3859.96841
G1 X88.693 Y80.713 E3859.9913
G1 X89.019 Y80.605 E3860.01414
G1 X89.328 Y80.467 E3860.03665
G1 X89.691 Y80.232 E3860.06542
G1 X89.955 Y80 E3860.0888
G1 X90.143 Y79.794 E3860.10735
G1 X90.311 Y79.581 E3860.12539
G1 X90.459 Y79.337 E3860.14438
G1 X90.575 Y79.087 E3860.16271
G1 X90.672 Y78.823 E3860.18142
G1 X90.747 Y78.536 E3860.20115
G1 X90.784 Y78.288 E3860.21783
G1 X90.799 Y77.999 E3860.23708
G1 X90.778 Y77.581 E3860.26492
G1 X90.657 Y77.105 E3860.29759
G1 X90.493 Y76.72 E3860.32543
G1 X90.31 Y76.422 E3860.34869
G1 X90.138 Y76.197 E3860.36753
G1 X89.91 Y75.951 E3860.38984
G1 X89.582 Y75.686 E3860.41789
G1 X89.264 Y75.502 E3860.44233
G1 X89.029 Y75.394 E3860.45954
G1 X88.709 Y75.283 E3860.48207
G1 X88.272 Y75.208 E3860.51156
G1 X87.938 Y75.201 E3860.53378
G1 X87.645 Y75.223 E3860.55333
G1 X87.302 Y75.283 E3860.57649
G1 X86.981 Y75.391 E3860.59902
G1 X86.672 Y75.529 E3860.62153
G1 X86.305 Y75.765 E3860.65056
G1 X86.041 Y75.996 E3860.67389
G1 X85.854 Y76.2 E3860.6923
G1 X85.69 Y76.417 E3860.7104
G1 X85.54 Y76.664 E3860.72962
G1 X85.421 Y76.911 E3860.74786
G1 X85.324 Y77.176 E3860.76663
G1 X85.223 Y77.557 E3860.79285
G1 X85.201 Y77.999 E3860.82229
G1 X85.213 Y78.256 E3860.8394
G1 X85.249 Y78.538 E3860.85831
G1 X85.339 Y78.891 E3860.88254
G1 X85.503 Y79.276 E3860.91038
G1 X85.685 Y79.574 E3860.93361
G1 X85.858 Y79.799 E3860.95249
G1 X86.085 Y80.049 E3860.97495
G1 X86.418 Y80.31 E3861.0031
G1 X86.783 Y80.527 E3861.03134
G1 X87.108 Y80.649 E3861.05443
G1 X87.39 Y80.732 E3861.07399
G1 X87.735 Y80.792 E3861.09728
G1 X88.058 Y80.796 E3861.11877
G0 F12000 X88.047 Y80.089
G0 X88.234 Y79.893
G0 X88.227 Y79.184
G1 F2400 X87.802 Y79.182 E3861.14704
G1 X87.497 Y79.087 E3861.16829
G1 X87.079 Y78.77 E3861.20319
G1 X86.855 Y78.361 E3861.23421
G1 X86.78 Y77.927 E3861.26351
G1 X86.916 Y77.469 E3861.29529
G1 X87.204 Y77.097 E3861.32658
G1 X87.474 Y76.917 E3861.34817
G1 X87.82 Y76.812 E3861.37222
G1 X88.254 Y76.826 E3861.40111
G1 X88.698 Y77.018 E3861.43328
G1 X88.932 Y77.246 E3861.45502
G1 X89.085 Y77.485 E3861.47389
G1 X89.183 Y77.798 E3861.49571
G1 X89.197 Y78.044 E3861.5121
G1 X89.128 Y78.41 E3861.53688
G1 X88.913 Y78.779 E3861.56529
G1 X88.65 Y79.008 E3861.58848
G1 X88.227 Y79.184 E3861.61896
G1 F2700 E3856.61896
G0 F12000 X88.234 Y79.893
G0 X88.062 Y80.57
G0 X88.141 Y81.659
G0 X87.96 Y105.336
G0 X87.935 Y106.43
G0 X89.419 Y108.549
G0 X89.45 Y109.081
G0 X89.366 Y109.501
G0 X88.419 Y110.869
G0 X88.308 Y110.583
;TYPE:WALL-INNER
G1 F2700 E3861.61896
G1 F2400 X87.741 Y110.584 E3861.65668
G1 X87.316 Y110.451 E3861.6863
G1 X86.764 Y110.041 E3861.73204
G1 X86.468 Y109.477 E3861.77441
G1 X86.37 Y108.915 E3861.81236
G1 X86.551 Y108.295 E3861.85532
G1 X86.907 Y107.819 E3861.89486
G1 X87.296 Y107.552 E3861.92625
G1 X87.744 Y107.411 E3861.95749
G1 X88.366 Y107.433 E3861.99889
G1 X88.922 Y107.684 E3862.03947
G1 X89.223 Y107.961 E3862.06668
G1 X89.453 Y108.327 E3862.09544
G1 X89.586 Y108.746 E3862.12468
G1 X89.597 Y109.114 E3862.14917
G1 X89.499 Y109.574 E3862.18046
G1 X89.241 Y110.02 E3862.21473
G1 X88.845 Y110.364 E3862.24962
G1 X88.308 Y110.583 E3862.2882
G0 F12000 X88.256 Y110.982
G1 F2400 X88.505 Y110.934 E3862.30507
G1 F2376.2 X88.943 Y110.759 E3862.33676
G1 F2358.7 X89.315 Y110.52 E3862.36669
G1 F2352.9 X89.649 Y110.122 E3862.40194
G1 F2358.7 X89.888 Y109.688 E3862.43547
G1 F2382.1 X89.986 Y109.208 E3862.46831
G1 F2388.1 X89.987 Y108.785 E3862.49659
G1 F2352.9 X89.891 Y108.363 E3862.52595
G1 X89.78 Y108.088 E3862.54607
G1 F2400 X89.473 Y107.632 E3862.58264
G1 X89.128 Y107.348 E3862.61236
G1 F2376.2 X88.808 Y107.176 E3862.63677
G1 F2352.9 X88.508 Y107.063 E3862.65852
G1 F2335.8 X88.195 Y107.014 E3862.68018
G1 F2347.2 X87.644 Y107.018 E3862.71766
G1 F2376.2 X87.125 Y107.188 E3862.75435
G1 F2370.4 X86.668 Y107.487 E3862.79113
G1 F2388.1 X86.279 Y107.969 E3862.83254
G1 F2406 X86.157 Y108.223 E3862.85124
G1 F2430.4 X86.008 Y108.719 E3862.88526
G1 F2474.2 X85.994 Y108.999 E3862.90334
G1 F2412.1 X86.04 Y109.385 E3862.92907
G1 F2347.2 X86.101 Y109.634 E3862.94651
G1 F2358.7 X86.285 Y110.034 E3862.97631
G1 F2341.5 X86.546 Y110.383 E3863.00603
G1 F2307.7 X86.877 Y110.639 E3863.03497
G1 F2318.8 X87.132 Y110.801 E3863.05577
G1 F2370.4 X87.571 Y110.95 E3863.087
G1 F2364.5 X87.808 Y110.988 E3863.1032
G1 F2376.2 X88.256 Y110.982 E3863.13331
G0 F12000 X88.048 Y111.396
G1 F2400 X88.305 Y111.379 E3863.15044
G1 X88.593 Y111.325 E3863.16993
G1 X88.874 Y111.232 E3863.18962
G1 X89.136 Y111.115 E3863.20871
G1 X89.449 Y110.912 E3863.23352
G1 X89.675 Y110.714 E3863.25351
G1 X90.057 Y110.265 E3863.29273
G1 X90.29 Y109.703 E3863.3332
G1 X90.38 Y109.357 E3863.35698
G1 X90.398 Y108.979 E3863.38215
G1 X90.355 Y108.539 E3863.41156
G1 X90.277 Y108.233 E3863.43257
G1 X90.137 Y107.904 E3863.45635
G1 X89.919 Y107.549 E3863.48406
G1 X89.636 Y107.244 E3863.51174
G1 X89.355 Y107.017 E3863.53577
G1 X88.984 Y106.803 E3863.56426
G1 X88.609 Y106.672 E3863.59068
G1 X88.234 Y106.607 E3863.616
G1 X87.949 Y106.602 E3863.63496
G1 X87.695 Y106.621 E3863.6519
G1 X87.401 Y106.672 E3863.67175
G1 X87.127 Y106.764 E3863.69098
G1 X86.862 Y106.882 E3863.71028
G1 X86.546 Y107.085 E3863.73526
G1 X86.321 Y107.282 E3863.75515
G1 X86.021 Y107.642 E3863.78632
G1 X85.745 Y108.15 E3863.82478
G1 X85.619 Y108.623 E3863.85734
G1 X85.602 Y108.999 E3863.88238
G1 X85.642 Y109.462 E3863.91329
G1 X85.719 Y109.763 E3863.93396
G1 X85.859 Y110.092 E3863.95775
G1 X86.071 Y110.439 E3863.9848
G1 X86.358 Y110.755 E3864.01319
G1 X86.645 Y110.979 E3864.03741
G1 X86.957 Y111.165 E3864.06157
G1 X87.236 Y111.269 E3864.08138
G1 X87.48 Y111.342 E3864.09832
G1 X87.771 Y111.392 E3864.11796
G1 X88.048 Y111.396 E3864.13639
G0 F12000 X88.058 Y111.796
;TYPE:WALL-OUTER
G1 F2400 X88.355 Y111.777 E3864.15619
G1 X88.693 Y111.713 E3864.17907
G1 X89.019 Y111.605 E3864.20191
G1 X89.328 Y111.467 E3864.22443
G1 X89.691 Y111.232 E3864.25319
G1 X89.955 Y111 E3864.27657
G1 X90.143 Y110.794 E3864.29512
G1 X90.311 Y110.581 E3864.31317
G1 X90.459 Y110.337 E3864.33215
G1 X90.575 Y110.087 E3864.35048
G1 X90.672 Y109.823 E3864.36919
G1 X90.747 Y109.536 E3864.38893
G1 X90.784 Y109.288 E3864.40561
G1 X90.799 Y108.999 E3864.42486
G1 X90.778 Y108.581 E3864.4527
G1 X90.657 Y108.105 E3864.48537
G1 X90.493 Y107.72 E3864.5132
G1 X90.31 Y107.422 E3864.53647
G1 X90.138 Y107.197 E3864.55531
G1 X89.91 Y106.951 E3864.57762
G1 X89.582 Y106.686 E3864.60567
G1 X89.264 Y106.502 E3864.63011
G1 X89.029 Y106.394 E3864.64731
G1 X88.709 Y106.283 E3864.66984
G1 X88.272 Y106.208 E3864.69934
G1 X87.938 Y106.201 E3864.72156
G1 X87.645 Y106.223 E3864.7411
G1 X87.302 Y106.283 E3864.76427
G1 X86.981 Y106.391 E3864.7868
G1 X86.672 Y106.529 E3864.80931
G1 X86.305 Y106.765 E3864.83833
G1 X86.041 Y106.996 E3864.86167
G1 X85.854 Y107.2 E3864.88008
G1 X85.69 Y107.417 E3864.89817
G1 X85.54 Y107.664 E3864.91739
G1 X85.421 Y107.911 E3864.93563
G1 X85.324 Y108.176 E3864.9544
G1 X85.223 Y108.557 E3864.98062
G1 X85.201 Y108.999 E3865.01006
G1 X85.213 Y109.256 E3865.02717
G1 X85.249 Y109.538 E3865.04609
G1 X85.339 Y109.891 E3865.07032
G1 X85.503 Y110.276 E3865.09816
G1 X85.685 Y110.574 E3865.12138
G1 X85.858 Y110.799 E3865.14026
G1 X86.085 Y111.049 E3865.16273
G1 X86.418 Y111.31 E3865.19087
G1 X86.783 Y111.527 E3865.21912
G1 X87.108 Y111.649 E3865.24221
G1 X87.39 Y111.732 E3865.26176
G1 X87.735 Y111.792 E3865.28506
G1 X88.058 Y111.796 E3865.30654
G0 F12000 X88.047 Y111.089
G0 X88.234 Y110.893
G0 X88.227 Y110.184
G1 F2400 X87.802 Y110.182 E3865.33482
G1 X87.497 Y110.087 E3865.35607
G1 X87.079 Y109.77 E3865.39096
G1 X86.855 Y109.361 E3865.42198
G1 X86.778 Y108.931 E3865.45104
G1 X86.916 Y108.469 E3865.48312
G1 X87.204 Y108.097 E3865.51441
G1 X87.474 Y107.917 E3865.536
G1 X87.82 Y107.812 E3865.56005
G1 X88.254 Y107.826 E3865.58893
G1 X88.698 Y108.018 E3865.62111
G1 X88.932 Y108.246 E3865.64284
G1 X89.085 Y108.485 E3865.66172
G1 X89.183 Y108.798 E3865.68354
G1 X89.197 Y109.044 E3865.69993
G1 X89.128 Y109.41 E3865.72471
G1 X88.913 Y109.779 E3865.75311
G1 X88.65 Y110.008 E3865.77631
G1 X88.227 Y110.184 E3865.80679
G1 F2700 E3860.80679
G0 F12000 X88.234 Y110.893
G0 X90.256 Y110.233
G0 X91.243 Y110.705
G0 X130.699 Y110.594
G0 X131.707 Y110.172
G0 X133.652 Y110.879
G0 X133.741 Y110.584
;TYPE:WALL-INNER
G1 F2700 E3865.80679
G1 F2400 X133.316 Y110.451 E3865.83641
G1 X132.764 Y110.041 E3865.88215
G1 X132.468 Y109.477 E3865.92452
G1 X132.37 Y108.915 E3865.96247
G1 X132.551 Y108.295 E3866.00543
G1 X132.907 Y107.819 E3866.04497
G1 X133.296 Y107.552 E3866.07636
G1 X133.744 Y107.411 E3866.1076
G1 X134.366 Y107.433 E3866.149
G1 X134.922 Y107.684 E3866.18958
G1 X135.223 Y107.961 E3866.21679
G1 X135.453 Y108.327 E3866.24555
G1 X135.586 Y108.746 E3866.27479
G1 X135.597 Y109.114 E3866.29928
G1 X135.499 Y109.574 E3866.33057
G1 X135.241 Y110.02 E3866.36484
G1 X134.845 Y110.364 E3866.39973
G1 X134.308 Y110.583 E3866.43831
G1 X133.741 Y110.584 E3866.47603
G0 F12000 X133.808 Y110.988
G1 F2376.2 X134.256 Y110.982 E3866.50613
G1 F2400 X134.505 Y110.934 E3866.523
G1 F2376.2 X134.943 Y110.759 E3866.55469
G1 F2358.7 X135.315 Y110.52 E3866.58461
G1 F2352.9 X135.649 Y110.122 E3866.61987
G1 F2358.7 X135.888 Y109.688 E3866.6534
G1 F2382.1 X135.986 Y109.208 E3866.68624
G1 F2388.1 X135.987 Y108.785 E3866.71451
G1 F2352.9 X135.891 Y108.363 E3866.74388
G1 X135.78 Y108.088 E3866.764
G1 F2400 X135.473 Y107.632 E3866.80057
G1 X135.128 Y107.348 E3866.83029
G1 F2376.2 X134.808 Y107.176 E3866.8547
G1 F2352.9 X134.508 Y107.063 E3866.87645
G1 F2335.8 X134.195 Y107.014 E3866.89811
G1 F2347.2 X133.644 Y107.018 E3866.93559
G1 F2376.2 X133.125 Y107.188 E3866.97228
G1 F2370.4 X132.668 Y107.487 E3867.00906
G1 F2388.1 X132.279 Y107.969 E3867.05047
G1 F2406 X132.157 Y108.223 E3867.06916
G1 F2430.4 X132.008 Y108.719 E3867.10318
G1 F2474.2 X131.994 Y108.999 E3867.12127
G1 F2412.1 X132.04 Y109.385 E3867.147
G1 F2347.2 X132.101 Y109.634 E3867.16444
G1 F2358.7 X132.285 Y110.034 E3867.19424
G1 F2341.5 X132.546 Y110.383 E3867.22396
G1 F2307.7 X132.877 Y110.639 E3867.2529
G1 F2318.8 X133.132 Y110.801 E3867.2737
G1 F2370.4 X133.571 Y110.95 E3867.30493
G1 F2364.5 X133.808 Y110.988 E3867.32113
G0 F12000 X133.771 Y111.392
G1 F2400 X134.048 Y111.396 E3867.33956
G1 X134.305 Y111.379 E3867.3567
G1 X134.593 Y111.325 E3867.37619
G1 X134.874 Y111.232 E3867.39588
G1 X135.136 Y111.115 E3867.41496
G1 X135.449 Y110.912 E3867.43978
G1 X135.675 Y110.714 E3867.45977
G1 X136.057 Y110.265 E3867.49898
G1 X136.29 Y109.703 E3867.53945
G1 X136.38 Y109.357 E3867.56323
G1 X136.398 Y108.979 E3867.58841
G1 X136.355 Y108.539 E3867.61781
G1 X136.277 Y108.233 E3867.63882
G1 X136.137 Y107.904 E3867.66261
G1 X135.919 Y107.549 E3867.69032
G1 X135.636 Y107.244 E3867.71799
G1 X135.355 Y107.017 E3867.74202
G1 X134.984 Y106.803 E3867.77051
G1 X134.609 Y106.672 E3867.79694
G1 X134.234 Y106.607 E3867.82225
G1 X133.949 Y106.602 E3867.84122
G1 X133.695 Y106.621 E3867.85816
G1 X133.401 Y106.672 E3867.87801
G1 X133.127 Y106.764 E3867.89723
G1 X132.862 Y106.882 E3867.91653
G1 X132.546 Y107.085 E3867.94151
G1 X132.321 Y107.282 E3867.96141
G1 X132.021 Y107.642 E3867.99258
G1 X131.745 Y108.15 E3868.03104
G1 X131.619 Y108.623 E3868.0636
G1 X131.602 Y108.999 E3868.08864
G1 X131.642 Y109.462 E3868.11955
G1 X131.719 Y109.763 E3868.14022
G1 X131.859 Y110.092 E3868.164
G1 X132.071 Y110.439 E3868.19105
G1 X132.358 Y110.755 E3868.21945
G1 X132.645 Y110.979 E3868.24367
G1 X132.957 Y111.165 E3868.26783
G1 X133.236 Y111.269 E3868.28763
G1 X133.48 Y111.342 E3868.30458
G1 X133.771 Y111.392 E3868.32422
G0 F12000 X133.735 Y111.792
;TYPE:WALL-OUTER
G1 F2400 X134.058 Y111.796 E3868.34571
G1 X134.355 Y111.777 E3868.3655
G1 X134.693 Y111.713 E3868.38839
G1 X135.019 Y111.605 E3868.41123
G1 X135.328 Y111.467 E3868.43374
G1 X135.691 Y111.232 E3868.46251
G1 X135.955 Y111 E3868.48589
G1 X136.143 Y110.794 E3868.50444
G1 X136.311 Y110.581 E3868.52248
G1 X136.459 Y110.337 E3868.54147
G1 X136.575 Y110.087 E3868.5598
G1 X136.672 Y109.823 E3868.57851
G1 X136.747 Y109.536 E3868.59824
G1 X136.784 Y109.288 E3868.61492
G1 X136.799 Y108.999 E3868.63417
G1 X136.778 Y108.581 E3868.66201
G1 X136.657 Y108.105 E3868.69468
G1 X136.493 Y107.72 E3868.72252
G1 X136.31 Y107.422 E3868.74578
G1 X136.138 Y107.197 E3868.76462
G1 X135.91 Y106.951 E3868.78693
G1 X135.582 Y106.686 E3868.81498
G1 X135.264 Y106.502 E3868.83942
G1 X135.029 Y106.394 E3868.85663
G1 X134.709 Y106.283 E3868.87916
G1 X134.272 Y106.208 E3868.90865
G1 X133.938 Y106.201 E3868.93087
G1 X133.645 Y106.223 E3868.95042
G1 X133.302 Y106.283 E3868.97358
G1 X132.981 Y106.391 E3868.99611
G1 X132.672 Y106.529 E3869.01862
G1 X132.305 Y106.765 E3869.04765
G1 X132.041 Y106.996 E3869.07098
G1 X131.854 Y107.2 E3869.08939
G1 X131.69 Y107.417 E3869.10748
G1 X131.54 Y107.664 E3869.12671
G1 X131.421 Y107.911 E3869.14495
G1 X131.324 Y108.176 E3869.16372
G1 X131.223 Y108.557 E3869.18994
G1 X131.201 Y108.999 E3869.21938
G1 X131.213 Y109.256 E3869.23649
G1 X131.249 Y109.538 E3869.2554
G1 X131.339 Y109.891 E3869.27963
G1 X131.503 Y110.276 E3869.30747
G1 X131.685 Y110.574 E3869.3307
G1 X131.858 Y110.799 E3869.34958
G1 X132.085 Y111.049 E3869.37204
G1 X132.418 Y111.31 E3869.40019
G1 X132.783 Y111.527 E3869.42843
G1 X133.108 Y111.649 E3869.45152
G1 X133.39 Y111.732 E3869.47108
G1 X133.735 Y111.792 E3869.49437
G0 F12000 X133.803 Y111.086
G0 X133.598 Y110.863
G0 X133.802 Y110.182
G1 F2400 X133.497 Y110.087 E3869.51562
G1 X133.079 Y109.77 E3869.55052
G1 X132.855 Y109.361 E3869.58154
G1 X132.778 Y108.931 E3869.6106
G1 X132.916 Y108.469 E3869.64267
G1 X133.204 Y108.097 E3869.67397
G1 X133.474 Y107.917 E3869.69555
G1 X133.82 Y107.812 E3869.71961
G1 X134.254 Y107.826 E3869.74849
G1 X134.698 Y108.018 E3869.78067
G1 X134.932 Y108.246 E3869.8024
G1 X135.085 Y108.485 E3869.82128
G1 X135.183 Y108.798 E3869.8431
G1 X135.197 Y109.044 E3869.85949
G1 X135.128 Y109.41 E3869.88426
G1 X134.913 Y109.779 E3869.91267
G1 X134.65 Y110.008 E3869.93587
G1 X134.227 Y110.184 E3869.96634
G1 X133.802 Y110.182 E3869.99462
G1 F2700 E3864.99462
G0 F12000 X133.598 Y110.863
G0 X132.886 Y109.943
G0 X132.613 Y109.442
G0 X132.525 Y108.91
G0 X132.662 Y108.462
G0 X133.935 Y106.43
G0 X133.96 Y105.336
G0 X134.141 Y81.659
G0 X134.062 Y80.57
G0 X133.808 Y79.988
;TYPE:WALL-INNER
G1 F2700 E3869.99462
G1 F2376.2 X134.256 Y79.982 E3870.02472
G1 F2400 X134.505 Y79.934 E3870.04159
G1 F2376.2 X134.943 Y79.759 E3870.07327
G1 F2358.7 X135.315 Y79.52 E3870.1032
G1 F2352.9 X135.649 Y79.122 E3870.13846
G1 F2358.7 X135.888 Y78.688 E3870.17199
G1 F2382.1 X135.986 Y78.208 E3870.20482
G1 F2388.1 X135.987 Y77.785 E3870.2331
G1 F2352.9 X135.891 Y77.363 E3870.26247
G1 X135.78 Y77.088 E3870.28259
G1 F2400 X135.473 Y76.632 E3870.31916
G1 X135.128 Y76.348 E3870.34888
G1 F2376.2 X134.808 Y76.176 E3870.37329
G1 F2352.9 X134.508 Y76.063 E3870.39504
G1 F2335.8 X134.195 Y76.014 E3870.41669
G1 F2347.2 X133.644 Y76.018 E3870.45417
G1 F2376.2 X133.125 Y76.188 E3870.49086
G1 F2370.4 X132.668 Y76.487 E3870.52765
G1 F2388.1 X132.279 Y76.969 E3870.56905
G1 F2406 X132.157 Y77.223 E3870.58775
G1 F2430.4 X132.008 Y77.719 E3870.62177
G1 F2474.2 X131.994 Y77.999 E3870.63986
G1 F2412.1 X132.04 Y78.385 E3870.66559
G1 F2347.2 X132.101 Y78.634 E3870.68303
G1 F2358.7 X132.285 Y79.034 E3870.71283
G1 F2341.5 X132.546 Y79.383 E3870.74254
G1 F2307.7 X132.877 Y79.639 E3870.77149
G1 F2318.8 X133.132 Y79.801 E3870.79229
G1 F2370.4 X133.571 Y79.95 E3870.82351
G1 F2364.5 X133.808 Y79.988 E3870.83972
G0 F12000 X133.771 Y80.392
G1 F2400 X134.048 Y80.396 E3870.85815
G1 X134.305 Y80.379 E3870.87528
G1 X134.593 Y80.325 E3870.89477
G1 X134.874 Y80.232 E3870.91446
G1 X135.136 Y80.115 E3870.93355
G1 X135.449 Y79.912 E3870.95837
G1 X135.675 Y79.714 E3870.97835
G1 X136.057 Y79.265 E3871.01757
G1 X136.29 Y78.703 E3871.05804
G1 X136.38 Y78.357 E3871.08182
G1 X136.398 Y77.979 E3871.10699
G1 X136.355 Y77.539 E3871.1364
G1 X136.277 Y77.233 E3871.15741
G1 X136.137 Y76.904 E3871.18119
G1 X135.919 Y76.549 E3871.2089
G1 X135.636 Y76.244 E3871.23658
G1 X135.355 Y76.017 E3871.26061
G1 X134.984 Y75.803 E3871.2891
G1 X134.609 Y75.672 E3871.31552
G1 X134.234 Y75.607 E3871.34084
G1 X133.949 Y75.602 E3871.3598
G1 X133.695 Y75.621 E3871.37675
G1 X133.401 Y75.672 E3871.39659
G1 X133.127 Y75.764 E3871.41582
G1 X132.862 Y75.882 E3871.43512
G1 X132.546 Y76.085 E3871.4601
G1 X132.321 Y76.282 E3871.48
G1 X132.021 Y76.642 E3871.51117
G1 X131.745 Y77.15 E3871.54963
G1 X131.619 Y77.623 E3871.58219
G1 X131.602 Y77.999 E3871.60722
G1 X131.642 Y78.462 E3871.63814
G1 X131.719 Y78.763 E3871.6588
G1 X131.859 Y79.092 E3871.68259
G1 X132.071 Y79.439 E3871.70964
G1 X132.358 Y79.755 E3871.73803
G1 X132.645 Y79.979 E3871.76225
G1 X132.957 Y80.165 E3871.78641
G1 X133.236 Y80.269 E3871.80622
G1 X133.48 Y80.342 E3871.82316
G1 X133.771 Y80.392 E3871.8428
G0 F12000 X133.741 Y79.584
G1 F2400 X133.316 Y79.451 E3871.87243
G1 X132.764 Y79.041 E3871.91817
G1 X132.468 Y78.477 E3871.96054
G1 X132.37 Y77.915 E3871.99849
G1 X132.551 Y77.295 E3872.04145
G1 X132.907 Y76.819 E3872.08099
G1 X133.296 Y76.552 E3872.11238
G1 X133.744 Y76.411 E3872.14362
G1 X134.366 Y76.433 E3872.18502
G1 X134.922 Y76.684 E3872.2256
G1 X135.223 Y76.961 E3872.25281
G1 X135.453 Y77.327 E3872.28156
G1 X135.586 Y77.746 E3872.31081
G1 X135.597 Y78.114 E3872.3353
G1 X135.499 Y78.574 E3872.36658
G1 X135.241 Y79.02 E3872.40086
G1 X134.845 Y79.364 E3872.43575
G1 X134.308 Y79.583 E3872.47433
G1 X133.741 Y79.584 E3872.51205
G0 F12000 X133.802 Y79.182
;TYPE:WALL-OUTER
G1 F2400 X133.497 Y79.087 E3872.5333
G1 X133.079 Y78.77 E3872.56819
G1 X132.855 Y78.361 E3872.59921
G1 X132.778 Y77.931 E3872.62827
G1 X132.916 Y77.469 E3872.66034
G1 X133.204 Y77.097 E3872.69164
G1 X133.474 Y76.917 E3872.71323
G1 X133.82 Y76.812 E3872.73728
G1 X134.254 Y76.826 E3872.76616
G1 X134.698 Y77.018 E3872.79834
G1 X134.932 Y77.246 E3872.82007
G1 X135.085 Y77.485 E3872.83895
G1 X135.183 Y77.798 E3872.86077
G1 X135.197 Y78.044 E3872.87716
G1 X135.128 Y78.41 E3872.90193
G1 X134.913 Y78.779 E3872.93034
G1 X134.65 Y79.008 E3872.95354
G1 X134.227 Y79.184 E3872.98402
G1 X133.802 Y79.182 E3873.01229
G0 F12000 X133.598 Y79.863
G0 X133.803 Y80.086
G0 X133.735 Y80.792
G1 F2400 X134.058 Y80.796 E3873.03378
G1 X134.355 Y80.777 E3873.05357
G1 X134.693 Y80.713 E3873.07646
G1 X135.019 Y80.605 E3873.0993
G1 X135.328 Y80.467 E3873.12181
G1 X135.691 Y80.232 E3873.15058
G1 X135.955 Y80 E3873.17396
G1 X136.143 Y79.794 E3873.19251
G1 X136.311 Y79.581 E3873.21055
G1 X136.459 Y79.337 E3873.22954
G1 X136.575 Y79.087 E3873.24787
G1 X136.672 Y78.823 E3873.26658
G1 X136.747 Y78.536 E3873.28631
G1 X136.784 Y78.288 E3873.30299
G1 X136.799 Y77.999 E3873.32224
G1 X136.778 Y77.581 E3873.35008
G1 X136.657 Y77.105 E3873.38275
G1 X136.493 Y76.72 E3873.41059
G1 X136.31 Y76.422 E3873.43385
G1 X136.138 Y76.197 E3873.45269
G1 X135.91 Y75.951 E3873.475
G1 X135.582 Y75.686 E3873.50305
G1 X135.264 Y75.502 E3873.52749
G1 X135.029 Y75.394 E3873.5447
G1 X134.709 Y75.283 E3873.56723
G1 X134.272 Y75.208 E3873.59672
G1 X133.938 Y75.201 E3873.61894
G1 X133.645 Y75.223 E3873.63849
G1 X133.302 Y75.283 E3873.66165
G1 X132.981 Y75.391 E3873.68418
G1 X132.672 Y75.529 E3873.70669
G1 X132.305 Y75.765 E3873.73572
G1 X132.041 Y75.996 E3873.75905
G1 X131.854 Y76.2 E3873.77746
G1 X131.69 Y76.417 E3873.79556
G1 X131.54 Y76.664 E3873.81478
G1 X131.421 Y76.911 E3873.83302
G1 X131.324 Y77.176 E3873.85179
G1 X131.223 Y77.557 E3873.87801
G1 X131.201 Y77.999 E3873.90745
G1 X131.213 Y78.256 E3873.92456
G1 X131.249 Y78.538 E3873.94347
G1 X131.339 Y78.891 E3873.9677
G1 X131.503 Y79.276 E3873.99554
G1 X131.685 Y79.574 E3874.01877
G1 X131.858 Y79.799 E3874.03765
G1 X132.085 Y80.049 E3874.06011
G1 X132.418 Y80.31 E3874.08826
G1 X132.783 Y80.527 E3874.1165
G1 X133.108 Y80.649 E3874.13959
G1 X133.39 Y80.732 E3874.15915
G1 X133.735 Y80.792 E3874.18244
G1 F2700 E3869.18244
G0 F12000 X133.803 Y80.086
G0 X134.986 Y79.047
G0 X136.441 Y77.179
G0 X137.499 Y76.909
G0 X139.335 Y77.179
G0 X140.41 Y77.179
G0 X141 Y74
;TYPE:WALL-INNER
G1 F2700 E3874.18244
G1 F2487 X141.014 Y72.986 E3874.24754
G1 X140 Y73 E3874.31264
G1 X140.697 Y73.303 E3874.36142
G1 X141 Y74 E3874.41021
G1 F2400 X141 Y146 E3879.19967
G1 F2358.7 X140.993 Y146.174 E3879.21146
G0 F12000 X140.838 Y146.838
G0 X140.174 Y146.993
G1 F2436.5 X141.014 Y147.014 E3879.26651
G1 F2442.7 X140.993 Y146.174 E3879.32143
G1 X140.697 Y146.697 E3879.3607
G1 F2436.5 X140.174 Y146.993 E3879.40008
G1 F2352.9 X140 Y147 E3879.4119
G1 F2400 X80 Y147 E3883.40311
G1 F2487 X79.303 Y146.697 E3883.4519
G1 F2436.5 X79.007 Y146.174 E3883.49128
G1 X78.986 Y147.014 E3883.54633
G1 F2487 X80 Y147 E3883.61143
G0 F12000 X79.162 Y146.838
G0 X79.007 Y146.174
G1 F2352.9 X79 Y146 E3883.62324
G1 F2400 X79 Y74 E3888.4127
G1 F2487 X79.303 Y73.303 E3888.46149
G1 F2436.5 X79.826 Y73.007 E3888.50087
G1 X78.986 Y72.986 E3888.55592
G1 F2487 X79 Y74 E3888.62102
G0 F12000 X79.162 Y73.162
G0 X79.826 Y73.007
G1 F2352.9 X80 Y73 E3888.63283
G1 F2400 X140 Y73 E3892.62405
G1 F2700 E3887.62405
G0 F12000 X140.838 Y73.162
G0 X140.838 Y146.838
G0 X110 Y147.09
G0 X110 Y147.4
G1 F2700 E3892.62405
G1 F2400 X141.4 Y147.4 E3894.71279
G1 X141.4 Y72.6 E3899.6885
G1 X78.601 Y72.601 E3903.86591
G1 X78.601 Y147.399 E3908.84149
G1 X110 Y147.4 E3910.93016
G0 F12000 X110 Y146.6
G1 F2400 X80 Y146.6 E3912.92577
G1 X79.575 Y146.425 E3912.95635
G1 X79.4 Y146.089 E3912.98155
G1 X79.4 Y74 E3917.77693
G1 X79.575 Y73.575 E3917.8075
G1 X79.911 Y73.4 E3917.8327
G1 X140 Y73.4 E3921.82984
G1 X140.424 Y73.576 E3921.86037
G1 X140.6 Y74 E3921.89091
G1 X140.6 Y146.089 E3926.68629
G1 X140.424 Y146.424 E3926.71146
G1 X140.089 Y146.6 E3926.73664
G1 X110 Y146.6 E3928.73817
G0 F12000 X110 Y146.199
;TYPE:WALL-OUTER
G1 F2400 X80 Y146.2 E3930.73377
G1 X79.858 Y146.142 E3930.74398
G1 X79.802 Y146.035 E3930.75201
G1 X79.8 Y74 E3935.5438
G1 X79.858 Y73.858 E3935.554
G1 X79.965 Y73.802 E3935.56204
G1 X140 Y73.8 E3939.55558
G1 X140.142 Y73.858 E3939.56578
G1 X140.2 Y74 E3939.57599
G1 X140.198 Y146.035 E3944.36777
G1 X140.142 Y146.142 E3944.37581
G1 X140.035 Y146.198 E3944.38384
G1 X110 Y146.199 E3946.38178
G0 F12000 X110 Y146.91
G0 X110 Y147.8
G1 F2400 X141.8 Y147.8 E3948.49712
G1 X141.8 Y72.2 E3953.52605
G1 X78.201 Y72.201 E3957.75668
G1 X78.201 Y147.799 E3962.78548
G1 X110 Y147.8 E3964.90075
G1 F2700 E3959.90075
;MESH:NONMESH
G0 F300 Z3.4
G0 F12000 X110 Y147.09
G0 X87.947 Y146.41
G0 X87.947 Y145.335
G0 X91.666 Y109
G0 X88.141 Y81.659
G0 X88.062 Y80.57
G0 X87.947 Y79.896
G0 X87.944 Y79.596
;TIME_ELAPSED:2981.873726
;LAYER:8
;TYPE:WALL-INNER
;MESH:tank_trainer_body.stl
G1 F2700 E3964.90075
G1 F2400 X87.524 Y79.531 E3964.92903
G1 X87.029 Y79.276 E3964.96607
G1 X86.755 Y79.006 E3964.99165
G1 X86.481 Y78.537 E3965.02779
G1 X86.388 Y78.015 E3965.06306
G1 X86.488 Y77.452 E3965.10109
G1 X86.725 Y77.029 E3965.13335
G1 X86.941 Y76.796 E3965.15448
G1 X87.257 Y76.579 E3965.17998
G1 X87.599 Y76.441 E3965.20451
G1 X88.073 Y76.397 E3965.23618
G1 X88.603 Y76.513 E3965.27227
G1 X89.071 Y76.797 E3965.30869
G1 X89.364 Y77.161 E3965.33977
G1 X89.514 Y77.472 E3965.36274
G1 X89.605 Y78.075 E3965.4033
G1 X89.504 Y78.549 E3965.43554
G1 X89.171 Y79.139 E3965.48061
G1 X88.535 Y79.543 E3965.53073
G1 X87.944 Y79.596 E3965.5702
G0 F12000 X88.058 Y79.993
G1 F2412.1 X88.494 Y79.942 E3965.59926
G1 F2449 X88.82 Y79.84 E3965.62152
G1 F2461.5 X89.335 Y79.509 E3965.66123
G1 F2487 X89.538 Y79.282 E3965.68078
G1 F2467.9 X89.806 Y78.865 E3965.71284
G1 F2430.4 X89.909 Y78.584 E3965.7325
G1 F2406 X90.009 Y78.097 E3965.76549
G1 F2335.8 X89.952 Y77.62 E3965.79833
G1 F2318.8 X89.895 Y77.362 E3965.81652
G1 F2376.2 X89.722 Y76.959 E3965.84598
G1 F2400 X89.364 Y76.536 E3965.88285
G1 F2376.2 X89.124 Y76.351 E3965.9032
G1 F2347.2 X88.872 Y76.203 E3965.92308
G1 F2364.5 X88.58 Y76.084 E3965.94437
G1 F2376.2 X88.068 Y75.986 E3965.9794
G1 F2388.1 X87.499 Y76.06 E3966.01776
G1 F2400 X87.098 Y76.205 E3966.04612
G1 F2394 X86.669 Y76.487 E3966.08036
G1 F2388.1 X86.352 Y76.867 E3966.11344
G1 X86.158 Y77.223 E3966.14054
G1 F2341.5 X86.043 Y77.617 E3966.16853
G1 F2364.5 X85.999 Y77.999 E3966.19449
G1 F2412.1 X86.017 Y78.282 E3966.21326
G1 F2388.1 X86.099 Y78.635 E3966.23749
G1 F2352.9 X86.221 Y78.905 E3966.25759
G1 X86.53 Y79.377 E3966.29587
G1 F2376.2 X86.872 Y79.647 E3966.32514
G1 X87.277 Y79.871 E3966.35624
G1 F2364.5 X87.736 Y79.976 E3966.38803
G1 X88.058 Y79.993 E3966.4098
G0 F12000 X88.187 Y80.401
G1 F2400 X88.593 Y80.326 E3966.43726
G1 X88.874 Y80.231 E3966.457
G1 X89.136 Y80.115 E3966.47606
G1 X89.449 Y79.911 E3966.50091
G1 X89.675 Y79.714 E3966.52085
G1 X89.943 Y79.418 E3966.54741
G1 X90.105 Y79.149 E3966.5683
G1 X90.29 Y78.703 E3966.60042
G1 X90.38 Y78.357 E3966.6242
G1 X90.398 Y77.979 E3966.64938
G1 X90.355 Y77.539 E3966.67878
G1 X90.277 Y77.233 E3966.69979
G1 X90.137 Y76.904 E3966.72357
G1 X89.919 Y76.547 E3966.7514
G1 X89.637 Y76.244 E3966.77893
G1 X89.354 Y76.017 E3966.80307
G1 X89.045 Y75.837 E3966.82686
G1 X88.65 Y75.683 E3966.85506
G1 X88.232 Y75.607 E3966.88332
G1 X87.949 Y75.6 E3966.90215
G1 X87.695 Y75.62 E3966.9191
G1 X87.401 Y75.672 E3966.93896
G1 X87.127 Y75.764 E3966.95818
G1 X86.862 Y75.882 E3966.97748
G1 X86.546 Y76.085 E3967.00247
G1 X86.321 Y76.282 E3967.02236
G1 X86.021 Y76.642 E3967.05353
G1 X85.745 Y77.147 E3967.09181
G1 X85.619 Y77.625 E3967.1247
G1 X85.602 Y78.019 E3967.15093
G1 X85.642 Y78.462 E3967.18052
G1 X85.719 Y78.763 E3967.20119
G1 X85.859 Y79.092 E3967.22497
G1 X86.077 Y79.447 E3967.25268
G1 X86.358 Y79.755 E3967.28042
G1 X86.644 Y79.98 E3967.30462
G1 X86.958 Y80.164 E3967.32883
G1 X87.362 Y80.319 E3967.35762
G1 X87.691 Y80.378 E3967.37985
G1 X88.187 Y80.401 E3967.41288
G0 F12000 X88.066 Y80.795
;TYPE:WALL-OUTER
G1 F2400 X88.355 Y80.777 E3967.43214
G1 X88.693 Y80.714 E3967.45501
G1 X89.019 Y80.605 E3967.47788
G1 X89.328 Y80.467 E3967.50039
G1 X89.691 Y80.231 E3967.52919
G1 X89.955 Y80 E3967.55253
G1 X90.143 Y79.794 E3967.57108
G1 X90.311 Y79.581 E3967.58912
G1 X90.459 Y79.337 E3967.60811
G1 X90.575 Y79.087 E3967.62644
G1 X90.672 Y78.823 E3967.64515
G1 X90.747 Y78.536 E3967.66488
G1 X90.784 Y78.288 E3967.68156
G1 X90.799 Y77.999 E3967.70081
G1 X90.778 Y77.581 E3967.72865
G1 X90.657 Y77.105 E3967.76132
G1 X90.493 Y76.72 E3967.78916
G1 X90.311 Y76.422 E3967.81239
G1 X90.139 Y76.197 E3967.83123
G1 X89.911 Y75.951 E3967.85354
G1 X89.582 Y75.686 E3967.88164
G1 X89.217 Y75.474 E3967.90972
G1 X88.888 Y75.346 E3967.9332
G1 X88.626 Y75.272 E3967.95131
G1 X88.272 Y75.208 E3967.97524
G1 X87.938 Y75.2 E3967.99746
G1 X87.645 Y75.223 E3968.01702
G1 X87.302 Y75.283 E3968.04018
G1 X86.981 Y75.391 E3968.06271
G1 X86.672 Y75.529 E3968.08522
G1 X86.305 Y75.765 E3968.11424
G1 X86.041 Y75.996 E3968.13758
G1 X85.854 Y76.201 E3968.15604
G1 X85.69 Y76.417 E3968.17408
G1 X85.54 Y76.664 E3968.1933
G1 X85.421 Y76.911 E3968.21154
G1 X85.324 Y77.176 E3968.23031
G1 X85.223 Y77.557 E3968.25653
G1 X85.201 Y77.999 E3968.28597
G1 X85.213 Y78.257 E3968.30315
G1 X85.249 Y78.538 E3968.32199
G1 X85.339 Y78.891 E3968.34623
G1 X85.503 Y79.276 E3968.37406
G1 X85.686 Y79.574 E3968.39733
G1 X85.858 Y79.799 E3968.41617
G1 X86.085 Y80.049 E3968.43863
G1 X86.418 Y80.31 E3968.46677
G1 X86.784 Y80.526 E3968.49504
G1 X87.108 Y80.65 E3968.51812
G1 X87.382 Y80.729 E3968.53709
G1 X87.647 Y80.776 E3968.55499
G1 X88.066 Y80.795 E3968.58289
G0 F12000 X88.062 Y80.088
G0 X87.853 Y79.901
G0 X87.962 Y79.196
G1 F2400 X87.672 Y79.153 E3968.60239
G1 X87.252 Y78.938 E3968.63378
G1 X87.079 Y78.77 E3968.64982
G1 X86.864 Y78.399 E3968.67835
G1 X86.792 Y78.029 E3968.70342
G1 X86.865 Y77.608 E3968.73184
G1 X87.044 Y77.271 E3968.75723
G1 X87.204 Y77.097 E3968.77295
G1 X87.461 Y76.923 E3968.7936
G1 X87.683 Y76.838 E3968.80941
G1 X88.036 Y76.797 E3968.83305
G1 X88.436 Y76.879 E3968.86021
G1 X88.79 Y77.092 E3968.88769
G1 X89.023 Y77.371 E3968.91187
G1 X89.131 Y77.606 E3968.92908
G1 X89.196 Y78.038 E3968.95814
G1 X89.128 Y78.41 E3968.98329
G1 X88.879 Y78.847 E3969.01675
G1 X88.396 Y79.155 E3969.05485
G1 X87.962 Y79.196 E3969.08385
G1 F2700 E3964.08385
G0 F12000 X87.853 Y79.901
G0 X88.065 Y80.569
G0 X88.012 Y81.661
G0 X87.96 Y105.336
G0 X87.935 Y106.43
G0 X86.63 Y108.512
G0 X86.544 Y109.035
G0 X86.633 Y109.499
G0 X86.831 Y109.843
G0 X87.895 Y110.907
G0 X87.944 Y110.596
;TYPE:WALL-INNER
G1 F2700 E3969.08385
G1 F2400 X87.524 Y110.531 E3969.11212
G1 X87.029 Y110.276 E3969.14916
G1 X86.755 Y110.006 E3969.17475
G1 X86.481 Y109.537 E3969.21088
G1 X86.388 Y109.015 E3969.24615
G1 X86.488 Y108.452 E3969.28419
G1 X86.725 Y108.029 E3969.31645
G1 X86.941 Y107.796 E3969.33758
G1 X87.257 Y107.579 E3969.36308
G1 X87.599 Y107.441 E3969.38761
G1 X88.073 Y107.397 E3969.41928
G1 X88.603 Y107.513 E3969.45537
G1 X89.071 Y107.797 E3969.49178
G1 X89.364 Y108.161 E3969.52287
G1 X89.514 Y108.472 E3969.54584
G1 X89.605 Y109.075 E3969.5864
G1 X89.504 Y109.549 E3969.61864
G1 X89.171 Y110.139 E3969.66371
G1 X88.535 Y110.543 E3969.71383
G1 X87.944 Y110.596 E3969.7533
G0 F12000 X88.058 Y110.993
G1 F2412.1 X88.494 Y110.942 E3969.78235
G1 F2449 X88.82 Y110.84 E3969.80462
G1 F2461.5 X89.335 Y110.509 E3969.84433
G1 F2487 X89.538 Y110.282 E3969.86387
G1 F2467.9 X89.806 Y109.865 E3969.89594
G1 F2430.4 X89.909 Y109.584 E3969.9156
G1 F2406 X90.009 Y109.097 E3969.94859
G1 F2335.8 X89.952 Y108.62 E3969.98142
G1 F2318.8 X89.895 Y108.362 E3969.99962
G1 F2376.2 X89.722 Y107.959 E3970.02908
G1 F2400 X89.364 Y107.536 E3970.06594
G1 F2376.2 X89.124 Y107.351 E3970.0863
G1 F2347.2 X88.872 Y107.203 E3970.10618
G1 F2364.5 X88.58 Y107.084 E3970.12747
G1 F2376.2 X88.068 Y106.986 E3970.16249
G1 F2388.1 X87.499 Y107.06 E3970.20085
G1 F2400 X87.098 Y107.205 E3970.22922
G1 F2394 X86.669 Y107.487 E3970.26345
G1 F2388.1 X86.352 Y107.867 E3970.29654
G1 X86.158 Y108.223 E3970.32364
G1 F2341.5 X86.043 Y108.617 E3970.35163
G1 F2364.5 X85.999 Y108.999 E3970.37759
G1 F2412.1 X86.017 Y109.282 E3970.39636
G1 F2388.1 X86.099 Y109.635 E3970.42058
G1 F2352.9 X86.221 Y109.905 E3970.44069
G1 X86.53 Y110.377 E3970.47897
G1 F2376.2 X86.872 Y110.647 E3970.50824
G1 X87.277 Y110.871 E3970.53934
G1 F2364.5 X87.736 Y110.976 E3970.57113
G1 X88.058 Y110.993 E3970.5929
G0 F12000 X88.187 Y111.401
G1 F2400 X88.593 Y111.326 E3970.62036
G1 X88.874 Y111.231 E3970.64009
G1 X89.136 Y111.115 E3970.65915
G1 X89.449 Y110.911 E3970.68401
G1 X89.675 Y110.714 E3970.70395
G1 X89.943 Y110.418 E3970.73051
G1 X90.105 Y110.149 E3970.7514
G1 X90.29 Y109.703 E3970.78352
G1 X90.38 Y109.357 E3970.8073
G1 X90.398 Y108.979 E3970.83247
G1 X90.355 Y108.539 E3970.86188
G1 X90.277 Y108.233 E3970.88289
G1 X90.137 Y107.904 E3970.90667
G1 X89.919 Y107.547 E3970.9345
G1 X89.637 Y107.244 E3970.96203
G1 X89.354 Y107.017 E3970.98616
G1 X89.045 Y106.837 E3971.00995
G1 X88.65 Y106.683 E3971.03815
G1 X88.232 Y106.607 E3971.06642
G1 X87.949 Y106.6 E3971.08525
G1 X87.695 Y106.62 E3971.1022
G1 X87.401 Y106.672 E3971.12206
G1 X87.127 Y106.764 E3971.14128
G1 X86.862 Y106.882 E3971.16058
G1 X86.546 Y107.085 E3971.18556
G1 X86.321 Y107.282 E3971.20546
G1 X86.021 Y107.642 E3971.23663
G1 X85.745 Y108.147 E3971.27491
G1 X85.619 Y108.625 E3971.30779
G1 X85.602 Y109.019 E3971.33403
G1 X85.642 Y109.462 E3971.36362
G1 X85.719 Y109.763 E3971.38428
G1 X85.859 Y110.092 E3971.40807
G1 X86.077 Y110.447 E3971.43578
G1 X86.358 Y110.755 E3971.46351
G1 X86.644 Y110.98 E3971.48772
G1 X86.958 Y111.164 E3971.51193
G1 X87.362 Y111.319 E3971.54071
G1 X87.691 Y111.378 E3971.56295
G1 X88.187 Y111.401 E3971.59598
G0 F12000 X88.066 Y111.795
;TYPE:WALL-OUTER
G1 F2400 X88.355 Y111.777 E3971.61524
G1 X88.693 Y111.714 E3971.63811
G1 X89.019 Y111.605 E3971.66098
G1 X89.328 Y111.467 E3971.68349
G1 X89.691 Y111.231 E3971.71229
G1 X89.955 Y111 E3971.73562
G1 X90.143 Y110.794 E3971.75417
G1 X90.311 Y110.581 E3971.77222
G1 X90.459 Y110.337 E3971.7912
G1 X90.575 Y110.087 E3971.80954
G1 X90.672 Y109.823 E3971.82825
G1 X90.747 Y109.536 E3971.84798
G1 X90.784 Y109.288 E3971.86466
G1 X90.799 Y108.999 E3971.88391
G1 X90.778 Y108.581 E3971.91175
G1 X90.657 Y108.105 E3971.94442
G1 X90.493 Y107.72 E3971.97226
G1 X90.311 Y107.422 E3971.99548
G1 X90.139 Y107.197 E3972.01432
G1 X89.911 Y106.951 E3972.03664
G1 X89.582 Y106.686 E3972.06474
G1 X89.217 Y106.474 E3972.09282
G1 X88.888 Y106.346 E3972.1163
G1 X88.626 Y106.272 E3972.13441
G1 X88.272 Y106.208 E3972.15834
G1 X87.938 Y106.2 E3972.18056
G1 X87.645 Y106.223 E3972.20011
G1 X87.302 Y106.283 E3972.22328
G1 X86.981 Y106.391 E3972.24581
G1 X86.672 Y106.529 E3972.26832
G1 X86.305 Y106.765 E3972.29734
G1 X86.041 Y106.996 E3972.32068
G1 X85.854 Y107.201 E3972.33913
G1 X85.69 Y107.417 E3972.35717
G1 X85.54 Y107.664 E3972.3764
G1 X85.421 Y107.911 E3972.39464
G1 X85.324 Y108.176 E3972.41341
G1 X85.223 Y108.557 E3972.43963
G1 X85.201 Y108.999 E3972.46907
G1 X85.213 Y109.257 E3972.48625
G1 X85.249 Y109.538 E3972.50509
G1 X85.339 Y109.891 E3972.52932
G1 X85.503 Y110.276 E3972.55716
G1 X85.686 Y110.574 E3972.58042
G1 X85.858 Y110.799 E3972.59926
G1 X86.085 Y111.049 E3972.62173
G1 X86.418 Y111.31 E3972.64987
G1 X86.784 Y111.526 E3972.67814
G1 X87.108 Y111.65 E3972.70122
G1 X87.382 Y111.729 E3972.72019
G1 X87.647 Y111.776 E3972.73809
G1 X88.066 Y111.795 E3972.76599
G0 F12000 X88.062 Y111.088
G0 X87.853 Y110.901
G0 X87.962 Y110.196
G1 F2400 X87.672 Y110.153 E3972.78549
G1 X87.252 Y109.938 E3972.81688
G1 X87.079 Y109.77 E3972.83292
G1 X86.864 Y109.399 E3972.86144
G1 X86.792 Y109.029 E3972.88652
G1 X86.865 Y108.608 E3972.91494
G1 X87.044 Y108.271 E3972.94032
G1 X87.204 Y108.097 E3972.95605
G1 X87.461 Y107.923 E3972.97669
G1 X87.683 Y107.838 E3972.99251
G1 X88.036 Y107.797 E3973.01615
G1 X88.436 Y107.879 E3973.04331
G1 X88.79 Y108.092 E3973.07079
G1 X89.023 Y108.371 E3973.09497
G1 X89.131 Y108.606 E3973.11217
G1 X89.196 Y109.038 E3973.14123
G1 X89.128 Y109.41 E3973.16639
G1 X88.879 Y109.847 E3973.19985
G1 X88.396 Y110.155 E3973.23795
G1 X87.962 Y110.196 E3973.26695
G1 F2700 E3968.26695
G0 F12000 X87.853 Y110.901
G0 X90.256 Y110.233
G0 X91.243 Y110.705
G0 X130.699 Y110.594
G0 X131.707 Y110.172
G0 X133.895 Y110.907
G0 X133.944 Y110.596
;TYPE:WALL-INNER
G1 F2700 E3973.26695
G1 F2400 X133.524 Y110.531 E3973.29522
G1 X133.029 Y110.276 E3973.33226
G1 X132.755 Y110.006 E3973.35785
G1 X132.481 Y109.537 E3973.39398
G1 X132.388 Y109.015 E3973.42925
G1 X132.488 Y108.452 E3973.46729
G1 X132.725 Y108.029 E3973.49954
G1 X132.941 Y107.796 E3973.52068
G1 X133.257 Y107.579 E3973.54618
G1 X133.599 Y107.441 E3973.57071
G1 X134.073 Y107.397 E3973.60238
G1 X134.603 Y107.513 E3973.63847
G1 X135.071 Y107.797 E3973.67488
G1 X135.364 Y108.161 E3973.70596
G1 X135.514 Y108.472 E3973.72893
G1 X135.605 Y109.075 E3973.7695
G1 X135.504 Y109.549 E3973.80174
G1 X135.171 Y110.139 E3973.8468
G1 X134.535 Y110.543 E3973.89692
G1 X133.944 Y110.596 E3973.9364
G0 F12000 X134.058 Y110.993
G1 F2412.1 X134.494 Y110.942 E3973.96545
G1 F2449 X134.82 Y110.84 E3973.98772
G1 F2461.5 X135.335 Y110.509 E3974.02742
G1 F2487 X135.538 Y110.282 E3974.04697
G1 F2467.9 X135.806 Y109.865 E3974.07904
G1 F2430.4 X135.909 Y109.584 E3974.0987
G1 F2406 X136.009 Y109.097 E3974.13169
G1 F2335.8 X135.952 Y108.62 E3974.16452
G1 F2318.8 X135.895 Y108.362 E3974.18271
G1 F2376.2 X135.722 Y107.959 E3974.21218
G1 F2400 X135.364 Y107.536 E3974.24904
G1 F2376.2 X135.124 Y107.351 E3974.2694
G1 F2347.2 X134.872 Y107.203 E3974.28928
G1 F2364.5 X134.58 Y107.084 E3974.31057
G1 F2376.2 X134.068 Y106.986 E3974.34559
G1 F2388.1 X133.499 Y107.06 E3974.38395
G1 F2400 X133.098 Y107.205 E3974.41232
G1 F2394 X132.669 Y107.487 E3974.44655
G1 F2388.1 X132.352 Y107.867 E3974.47963
G1 X132.158 Y108.223 E3974.50674
G1 F2341.5 X132.043 Y108.617 E3974.53472
G1 F2364.5 X131.999 Y108.999 E3974.56069
G1 F2412.1 X132.017 Y109.282 E3974.57945
G1 F2388.1 X132.099 Y109.635 E3974.60368
G1 F2352.9 X132.221 Y109.905 E3974.62379
G1 X132.53 Y110.377 E3974.66206
G1 F2376.2 X132.872 Y110.647 E3974.69134
G1 X133.277 Y110.871 E3974.72243
G1 F2364.5 X133.736 Y110.976 E3974.75422
G1 X134.058 Y110.993 E3974.776
G0 F12000 X134.187 Y111.401
G1 F2400 X134.593 Y111.326 E3974.80346
G1 X134.874 Y111.231 E3974.82319
G1 X135.136 Y111.115 E3974.84225
G1 X135.449 Y110.911 E3974.8671
G1 X135.675 Y110.714 E3974.88705
G1 X135.943 Y110.418 E3974.91361
G1 X136.105 Y110.149 E3974.9345
G1 X136.29 Y109.703 E3974.96662
G1 X136.38 Y109.357 E3974.9904
G1 X136.398 Y108.979 E3975.01557
G1 X136.355 Y108.539 E3975.04498
G1 X136.277 Y108.233 E3975.06599
G1 X136.137 Y107.904 E3975.08977
G1 X135.919 Y107.547 E3975.1176
G1 X135.637 Y107.244 E3975.14513
G1 X135.354 Y107.017 E3975.16926
G1 X135.045 Y106.837 E3975.19305
G1 X134.65 Y106.683 E3975.22125
G1 X134.232 Y106.607 E3975.24951
G1 X133.949 Y106.6 E3975.26834
G1 X133.695 Y106.62 E3975.28529
G1 X133.401 Y106.672 E3975.30515
G1 X133.127 Y106.764 E3975.32438
G1 X132.862 Y106.882 E3975.34368
G1 X132.546 Y107.085 E3975.36866
G1 X132.321 Y107.282 E3975.38855
G1 X132.021 Y107.642 E3975.41973
G1 X131.745 Y108.147 E3975.45801
G1 X131.619 Y108.625 E3975.49089
G1 X131.602 Y109.019 E3975.51712
G1 X131.642 Y109.462 E3975.54671
G1 X131.719 Y109.763 E3975.56738
G1 X131.859 Y110.092 E3975.59116
G1 X132.077 Y110.447 E3975.61888
G1 X132.358 Y110.755 E3975.64661
G1 X132.644 Y110.98 E3975.67082
G1 X132.958 Y111.164 E3975.69503
G1 X133.362 Y111.319 E3975.72381
G1 X133.691 Y111.378 E3975.74604
G1 X134.187 Y111.401 E3975.77907
G0 F12000 X134.066 Y111.795
;TYPE:WALL-OUTER
G1 F2400 X134.355 Y111.777 E3975.79834
G1 X134.693 Y111.714 E3975.82121
G1 X135.019 Y111.605 E3975.84407
G1 X135.328 Y111.467 E3975.86658
G1 X135.691 Y111.231 E3975.89539
G1 X135.955 Y111 E3975.91872
G1 X136.143 Y110.794 E3975.93727
G1 X136.311 Y110.581 E3975.95532
G1 X136.459 Y110.337 E3975.9743
G1 X136.575 Y110.087 E3975.99263
G1 X136.672 Y109.823 E3976.01134
G1 X136.747 Y109.536 E3976.03108
G1 X136.784 Y109.288 E3976.04776
G1 X136.799 Y108.999 E3976.06701
G1 X136.778 Y108.581 E3976.09485
G1 X136.657 Y108.105 E3976.12752
G1 X136.493 Y107.72 E3976.15535
G1 X136.311 Y107.422 E3976.17858
G1 X136.139 Y107.197 E3976.19742
G1 X135.911 Y106.951 E3976.21973
G1 X135.582 Y106.686 E3976.24783
G1 X135.217 Y106.474 E3976.27591
G1 X134.888 Y106.346 E3976.2994
G1 X134.626 Y106.272 E3976.31751
G1 X134.272 Y106.208 E3976.34144
G1 X133.938 Y106.2 E3976.36366
G1 X133.645 Y106.223 E3976.38321
G1 X133.302 Y106.283 E3976.40637
G1 X132.981 Y106.391 E3976.4289
G1 X132.672 Y106.529 E3976.45141
G1 X132.305 Y106.765 E3976.48044
G1 X132.041 Y106.996 E3976.50377
G1 X131.854 Y107.201 E3976.52223
G1 X131.69 Y107.417 E3976.54027
G1 X131.54 Y107.664 E3976.5595
G1 X131.421 Y107.911 E3976.57773
G1 X131.324 Y108.176 E3976.59651
G1 X131.223 Y108.557 E3976.62272
G1 X131.201 Y108.999 E3976.65216
G1 X131.213 Y109.257 E3976.66934
G1 X131.249 Y109.538 E3976.68819
G1 X131.339 Y109.891 E3976.71242
G1 X131.503 Y110.276 E3976.74026
G1 X131.686 Y110.574 E3976.76352
G1 X131.858 Y110.799 E3976.78236
G1 X132.085 Y111.049 E3976.80482
G1 X132.418 Y111.31 E3976.83297
G1 X132.784 Y111.526 E3976.86124
G1 X133.108 Y111.65 E3976.88431
G1 X133.382 Y111.729 E3976.90328
G1 X133.647 Y111.776 E3976.92119
G1 X134.066 Y111.795 E3976.94909
G0 F12000 X134.062 Y111.088
G0 X133.853 Y110.901
G0 X133.962 Y110.196
G1 F2400 X133.672 Y110.153 E3976.96859
G1 X133.252 Y109.938 E3976.99998
G1 X133.079 Y109.77 E3977.01602
G1 X132.864 Y109.399 E3977.04454
G1 X132.792 Y109.029 E3977.06961
G1 X132.865 Y108.608 E3977.09804
G1 X133.044 Y108.271 E3977.12342
G1 X133.204 Y108.097 E3977.13915
G1 X133.461 Y107.923 E3977.15979
G1 X133.683 Y107.838 E3977.1756
G1 X134.036 Y107.797 E3977.19924
G1 X134.436 Y107.879 E3977.2264
G1 X134.79 Y108.092 E3977.25389
G1 X135.023 Y108.371 E3977.27807
G1 X135.131 Y108.606 E3977.29527
G1 X135.196 Y109.038 E3977.32433
G1 X135.128 Y109.41 E3977.34949
G1 X134.879 Y109.847 E3977.38294
G1 X134.396 Y110.155 E3977.42105
G1 X133.962 Y110.196 E3977.45005
G1 F2700 E3972.45005
G0 F12000 X133.853 Y110.901
G0 X132.878 Y109.923
G0 X132.633 Y109.499
G0 X132.544 Y109.035
G0 X132.63 Y108.512
G0 X133.935 Y106.43
G0 X133.96 Y105.336
G0 X134.012 Y81.661
G0 X134.065 Y80.569
G0 X134.058 Y79.993
;TYPE:WALL-INNER
G1 F2700 E3977.45005
G1 F2412.1 X134.494 Y79.942 E3977.4791
G1 F2449 X134.82 Y79.84 E3977.50137
G1 F2461.5 X135.335 Y79.509 E3977.54108
G1 F2487 X135.538 Y79.282 E3977.56062
G1 F2467.9 X135.806 Y78.865 E3977.59269
G1 F2430.4 X135.909 Y78.584 E3977.61235
G1 F2406 X136.009 Y78.097 E3977.64534
G1 F2335.8 X135.952 Y77.62 E3977.67817
G1 F2318.8 X135.895 Y77.362 E3977.69637
G1 F2376.2 X135.722 Y76.959 E3977.72583
G1 F2400 X135.364 Y76.536 E3977.76269
G1 F2376.2 X135.124 Y76.351 E3977.78305
G1 F2347.2 X134.872 Y76.203 E3977.80293
G1 F2364.5 X134.58 Y76.084 E3977.82422
G1 F2376.2 X134.068 Y75.986 E3977.85924
G1 F2388.1 X133.499 Y76.06 E3977.8976
G1 F2400 X133.098 Y76.205 E3977.92597
G1 F2394 X132.669 Y76.487 E3977.9602
G1 F2388.1 X132.352 Y76.867 E3977.99329
G1 X132.158 Y77.223 E3978.02039
G1 F2341.5 X132.043 Y77.617 E3978.04838
G1 F2364.5 X131.999 Y77.999 E3978.07434
G1 F2412.1 X132.017 Y78.282 E3978.09311
G1 F2388.1 X132.099 Y78.635 E3978.11733
G1 F2352.9 X132.221 Y78.905 E3978.13744
G1 X132.53 Y79.377 E3978.17572
G1 F2376.2 X132.872 Y79.647 E3978.20499
G1 X133.277 Y79.871 E3978.23608
G1 F2364.5 X133.736 Y79.976 E3978.26788
G1 X134.058 Y79.993 E3978.28965
G0 F12000 X134.187 Y80.401
G1 F2400 X134.593 Y80.326 E3978.31711
G1 X134.874 Y80.231 E3978.33684
G1 X135.136 Y80.115 E3978.3559
G1 X135.449 Y79.911 E3978.38076
G1 X135.675 Y79.714 E3978.4007
G1 X135.943 Y79.418 E3978.42726
G1 X136.105 Y79.149 E3978.44815
G1 X136.29 Y78.703 E3978.48027
G1 X136.38 Y78.357 E3978.50405
G1 X136.398 Y77.979 E3978.52922
G1 X136.355 Y77.539 E3978.55863
G1 X136.277 Y77.233 E3978.57964
G1 X136.137 Y76.904 E3978.60342
G1 X135.919 Y76.547 E3978.63125
G1 X135.637 Y76.244 E3978.65878
G1 X135.354 Y76.017 E3978.68291
G1 X135.045 Y75.837 E3978.7067
G1 X134.65 Y75.683 E3978.7349
G1 X134.232 Y75.607 E3978.76317
G1 X133.949 Y75.6 E3978.782
G1 X133.695 Y75.62 E3978.79894
G1 X133.401 Y75.672 E3978.81881
G1 X133.127 Y75.764 E3978.83803
G1 X132.862 Y75.882 E3978.85733
G1 X132.546 Y76.085 E3978.88231
G1 X132.321 Y76.282 E3978.90221
G1 X132.021 Y76.642 E3978.93338
G1 X131.745 Y77.147 E3978.97166
G1 X131.619 Y77.625 E3979.00454
G1 X131.602 Y78.019 E3979.03078
G1 X131.642 Y78.462 E3979.06037
G1 X131.719 Y78.763 E3979.08103
G1 X131.859 Y79.092 E3979.10482
G1 X132.077 Y79.447 E3979.13253
G1 X132.358 Y79.755 E3979.16026
G1 X132.644 Y79.98 E3979.18447
G1 X132.958 Y80.164 E3979.20868
G1 X133.362 Y80.319 E3979.23746
G1 X133.691 Y80.378 E3979.2597
G1 X134.187 Y80.401 E3979.29273
G0 F12000 X133.944 Y79.596
G1 F2400 X133.524 Y79.531 E3979.321
G1 X133.029 Y79.276 E3979.35804
G1 X132.755 Y79.006 E3979.38363
G1 X132.481 Y78.537 E3979.41976
G1 X132.388 Y78.015 E3979.45503
G1 X132.488 Y77.452 E3979.49307
G1 X132.725 Y77.029 E3979.52532
G1 X132.941 Y76.796 E3979.54645
G1 X133.257 Y76.579 E3979.57195
G1 X133.599 Y76.441 E3979.59649
G1 X134.073 Y76.397 E3979.62815
G1 X134.603 Y76.513 E3979.66424
G1 X135.071 Y76.797 E3979.70066
G1 X135.364 Y77.161 E3979.73174
G1 X135.514 Y77.472 E3979.75471
G1 X135.605 Y78.075 E3979.79527
G1 X135.504 Y78.549 E3979.82751
G1 X135.171 Y79.139 E3979.87258
G1 X134.535 Y79.543 E3979.9227
G1 X133.944 Y79.596 E3979.96217
G0 F12000 X133.962 Y79.196
;TYPE:WALL-OUTER
G1 F2400 X133.672 Y79.153 E3979.98167
G1 X133.252 Y78.938 E3980.01306
G1 X133.079 Y78.77 E3980.0291
G1 X132.864 Y78.399 E3980.05763
G1 X132.792 Y78.029 E3980.0827
G1 X132.865 Y77.608 E3980.11112
G1 X133.044 Y77.271 E3980.13651
G1 X133.204 Y77.097 E3980.15223
G1 X133.461 Y76.923 E3980.17288
G1 X133.683 Y76.838 E3980.18869
G1 X134.036 Y76.797 E3980.21233
G1 X134.436 Y76.879 E3980.23949
G1 X134.79 Y77.092 E3980.26697
G1 X135.023 Y77.371 E3980.29115
G1 X135.131 Y77.606 E3980.30836
G1 X135.196 Y78.038 E3980.33742
G1 X135.128 Y78.41 E3980.36257
G1 X134.879 Y78.847 E3980.39603
G1 X134.396 Y79.155 E3980.43413
G1 X133.962 Y79.196 E3980.46313
G0 F12000 X133.853 Y79.901
G0 X134.062 Y80.088
G0 X134.066 Y80.795
G1 F2400 X134.355 Y80.777 E3980.48239
G1 X134.693 Y80.714 E3980.50527
G1 X135.019 Y80.605 E3980.52813
G1 X135.328 Y80.467 E3980.55064
G1 X135.691 Y80.231 E3980.57944
G1 X135.955 Y80 E3980.60278
G1 X136.143 Y79.794 E3980.62133
G1 X136.311 Y79.581 E3980.63938
G1 X136.459 Y79.337 E3980.65836
G1 X136.575 Y79.087 E3980.67669
G1 X136.672 Y78.823 E3980.6954
G1 X136.747 Y78.536 E3980.71513
G1 X136.784 Y78.288 E3980.73181
G1 X136.799 Y77.999 E3980.75106
G1 X136.778 Y77.581 E3980.7789
G1 X136.657 Y77.105 E3980.81158
G1 X136.493 Y76.72 E3980.83941
G1 X136.311 Y76.422 E3980.86264
G1 X136.139 Y76.197 E3980.88148
G1 X135.911 Y75.951 E3980.90379
G1 X135.582 Y75.686 E3980.93189
G1 X135.217 Y75.474 E3980.95997
G1 X134.888 Y75.346 E3980.98345
G1 X134.626 Y75.272 E3981.00156
G1 X134.272 Y75.208 E3981.02549
G1 X133.938 Y75.2 E3981.04772
G1 X133.645 Y75.223 E3981.06727
G1 X133.302 Y75.283 E3981.09043
G1 X132.981 Y75.391 E3981.11296
G1 X132.672 Y75.529 E3981.13547
G1 X132.305 Y75.765 E3981.1645
G1 X132.041 Y75.996 E3981.18783
G1 X131.854 Y76.201 E3981.20629
G1 X131.69 Y76.417 E3981.22433
G1 X131.54 Y76.664 E3981.24355
G1 X131.421 Y76.911 E3981.26179
G1 X131.324 Y77.176 E3981.28056
G1 X131.223 Y77.557 E3981.30678
G1 X131.201 Y77.999 E3981.33622
G1 X131.213 Y78.257 E3981.3534
G1 X131.249 Y78.538 E3981.37225
G1 X131.339 Y78.891 E3981.39648
G1 X131.503 Y79.276 E3981.42432
G1 X131.686 Y79.574 E3981.44758
G1 X131.858 Y79.799 E3981.46642
G1 X132.085 Y80.049 E3981.48888
G1 X132.418 Y80.31 E3981.51703
G1 X132.784 Y80.526 E3981.5453
G1 X133.108 Y80.65 E3981.56837
G1 X133.382 Y80.729 E3981.58734
G1 X133.647 Y80.776 E3981.60524
G1 X134.066 Y80.795 E3981.63315
G1 F2700 E3976.63315
G0 F12000 X134.062 Y80.088
G0 X134.922 Y79.141
G0 X136.441 Y77.179
G0 X137.499 Y76.909
G0 X139.335 Y77.179
G0 X140.41 Y77.179
G0 X141 Y74
;TYPE:WALL-INNER
G1 F2700 E3981.63315
G1 F2487 X141.014 Y72.986 E3981.69824
G1 X140 Y73 E3981.76334
G1 X140.697 Y73.303 E3981.81213
G1 X141 Y74 E3981.86091
G1 F2400 X141 Y146 E3986.65037
G1 F2358.7 X140.993 Y146.174 E3986.66216
G0 F12000 X140.838 Y146.838
G0 X140.174 Y146.993
G1 F2436.5 X141.014 Y147.014 E3986.71721
G1 F2442.7 X140.993 Y146.174 E3986.77213
G1 X140.697 Y146.697 E3986.81141
G1 F2436.5 X140.174 Y146.993 E3986.85078
G1 F2352.9 X140 Y147 E3986.8626
G1 F2400 X80 Y147 E3990.85381
G1 F2487 X79.303 Y146.697 E3990.9026
G1 F2436.5 X79.007 Y146.174 E3990.94198
G1 X78.986 Y147.014 E3990.99703
G1 F2487 X80 Y147 E3991.06213
G0 F12000 X79.162 Y146.838
G0 X79.007 Y146.174
G1 F2352.9 X79 Y146 E3991.07395
G1 F2400 X79 Y74 E3995.86341
G1 F2487 X79.303 Y73.303 E3995.91219
G1 F2436.5 X79.826 Y73.007 E3995.95157
G1 X78.986 Y72.986 E3996.00662
G1 F2487 X79 Y74 E3996.07172
G0 F12000 X79.162 Y73.162
G0 X79.826 Y73.007
G1 F2352.9 X80 Y73 E3996.08354
G1 F2400 X140 Y73 E4000.07475
G1 F2700 E3995.07475
G0 F12000 X140.838 Y73.162
G0 X140.838 Y146.838
G0 X110 Y147.09
G0 X110 Y147.4
G1 F2700 E4000.07475
G1 F2400 X141.4 Y147.4 E4002.16349
G1 X141.4 Y72.6 E4007.13921
G1 X78.601 Y72.601 E4011.31661
G1 X78.601 Y147.399 E4016.2922
G1 X110 Y147.4 E4018.38087
G0 F12000 X110 Y146.6
G1 F2400 X80 Y146.6 E4020.37647
G1 X79.575 Y146.425 E4020.40705
G1 X79.4 Y146.089 E4020.43225
G1 X79.4 Y74 E4025.22763
G1 X79.575 Y73.575 E4025.2582
G1 X79.911 Y73.4 E4025.2834
G1 X140 Y73.4 E4029.28054
G1 X140.424 Y73.576 E4029.31108
G1 X140.6 Y74 E4029.34161
G1 X140.6 Y146.089 E4034.13699
G1 X140.424 Y146.424 E4034.16217
G1 X140.089 Y146.6 E4034.18734
G1 X110 Y146.6 E4036.18887
G0 F12000 X110 Y146.199
;TYPE:WALL-OUTER
G1 F2400 X80 Y146.2 E4038.18448
G1 X79.858 Y146.142 E4038.19468
G1 X79.802 Y146.035 E4038.20271
G1 X79.8 Y74 E4042.9945
G1 X79.858 Y73.858 E4043.0047
G1 X79.965 Y73.802 E4043.01274
G1 X140 Y73.8 E4047.00628
G1 X140.142 Y73.858 E4047.01649
G1 X140.2 Y74 E4047.02669
G1 X140.198 Y146.035 E4051.81848
G1 X140.142 Y146.142 E4051.82651
G1 X140.035 Y146.198 E4051.83454
G1 X110 Y146.199 E4053.83248
G0 F12000 X110 Y146.91
G0 X110 Y147.8
G1 F2400 X141.8 Y147.8 E4055.94782
G1 X141.8 Y72.2 E4060.97676
G1 X78.201 Y72.201 E4065.20738
G1 X78.201 Y147.799 E4070.23618
G1 X110 Y147.8 E4072.35146
G1 F2700 E4067.35146
;MESH:NONMESH
G0 F300 Z3.8
G0 F12000 X110 Y147.09
G0 X88.05 Y146.41
G0 X88.05 Y145.335
G0 X91.666 Y109
G0 X88.012 Y81.661
G0 X88.065 Y80.569
G0 X88.05 Y79.907
G0 X88.019 Y79.611
;TIME_ELAPSED:3034.480553
;LAYER:9
;TYPE:WALL-INNER
;MESH:tank_trainer_body.stl
G1 F2700 E4072.35146
G1 F2400 X87.365 Y79.48 E4072.39583
G1 X86.936 Y79.201 E4072.42987
G1 X86.702 Y78.947 E4072.45284
G1 X86.441 Y78.423 E4072.49178
G1 X86.405 Y77.765 E4072.53562
G1 X86.548 Y77.307 E4072.56753
G1 X86.764 Y76.966 E4072.59439
G1 X87.202 Y76.603 E4072.63223
G1 X87.541 Y76.458 E4072.65675
G1 X87.996 Y76.386 E4072.6874
G1 X88.638 Y76.518 E4072.731
G1 X89.037 Y76.78 E4072.76275
G1 X89.299 Y77.06 E4072.78826
G1 X89.557 Y77.569 E4072.82622
G1 X89.591 Y78.233 E4072.87044
G1 X89.442 Y78.71 E4072.90369
G1 X89.076 Y79.187 E4072.94368
G1 X88.611 Y79.505 E4072.98115
G1 X88.019 Y79.611 E4073.02116
G0 F12000 X87.959 Y80.01
G1 F2388.1 X88.493 Y79.937 E4073.05719
G1 F2412.1 X88.851 Y79.824 E4073.08204
G1 F2424.2 X89.327 Y79.51 E4073.11959
G1 F2400 X89.718 Y79.03 E4073.16077
G1 X89.837 Y78.78 E4073.17919
G1 F2412.1 X89.957 Y78.399 E4073.20563
G1 F2400 X90 Y78.125 E4073.22408
G1 F2376.2 X89.96 Y77.618 E4073.25825
G1 F2370.4 X89.896 Y77.361 E4073.27609
G1 F2376.2 X89.702 Y76.936 E4073.30748
G1 F2388.1 X89.363 Y76.537 E4073.34248
G1 F2364.5 X89.124 Y76.351 E4073.36293
G1 X88.87 Y76.197 E4073.38298
G1 F2376.2 X88.578 Y76.086 E4073.40397
G1 X88.074 Y75.992 E4073.43841
G1 F2400 X87.585 Y76.032 E4073.47105
G1 F2412.1 X87.12 Y76.188 E4073.50351
G1 F2352.9 X86.792 Y76.413 E4073.5305
G1 F2364.5 X86.468 Y76.711 E4073.56022
G1 F2424.2 X86.186 Y77.129 E4073.59343
G1 F2412.1 X86.035 Y77.616 E4073.62718
G1 F2400 X85.999 Y77.877 E4073.6447
G1 F2388.1 X86.037 Y78.386 E4073.67883
G1 F2376.2 X86.1 Y78.635 E4073.69608
G1 F2388.1 X86.292 Y79.058 E4073.72714
G1 X86.632 Y79.46 E4073.76234
G1 F2370.4 X86.873 Y79.645 E4073.7828
G1 X87.132 Y79.803 E4073.80323
G1 F2376.2 X87.421 Y79.911 E4073.82396
G1 X87.959 Y80.01 E4073.86071
G0 F12000 X88.051 Y80.396
G1 F2400 X88.305 Y80.379 E4073.87765
G1 X88.593 Y80.325 E4073.89714
G1 X88.874 Y80.232 E4073.91683
G1 X89.136 Y80.115 E4073.93592
G1 X89.449 Y79.912 E4073.96073
G1 X89.675 Y79.714 E4073.98072
G1 X89.942 Y79.418 E4074.00724
G1 X90.105 Y79.149 E4074.02816
G1 X90.29 Y78.703 E4074.06028
G1 X90.38 Y78.357 E4074.08406
G1 X90.398 Y77.979 E4074.10923
G1 X90.355 Y77.539 E4074.13864
G1 X90.277 Y77.233 E4074.15965
G1 X90.137 Y76.904 E4074.18343
G1 X89.92 Y76.55 E4074.21105
G1 X89.637 Y76.244 E4074.23878
G1 X89.354 Y76.017 E4074.26291
G1 X89.043 Y75.835 E4074.28688
G1 X88.645 Y75.682 E4074.31524
G1 X88.232 Y75.607 E4074.34317
G1 X87.949 Y75.6 E4074.362
G1 X87.695 Y75.62 E4074.37895
G1 X87.401 Y75.672 E4074.39881
G1 X87.127 Y75.764 E4074.41803
G1 X86.863 Y75.882 E4074.43727
G1 X86.546 Y76.086 E4074.46235
G1 X86.321 Y76.282 E4074.48219
G1 X86.021 Y76.642 E4074.51337
G1 X85.746 Y77.149 E4074.55173
G1 X85.622 Y77.612 E4074.58362
G1 X85.6 Y77.999 E4074.6094
G1 X85.621 Y78.38 E4074.63479
G1 X85.719 Y78.763 E4074.66108
G1 X85.858 Y79.092 E4074.68484
G1 X86.016 Y79.347 E4074.7048
G1 X86.179 Y79.558 E4074.72253
G1 X86.358 Y79.754 E4074.74019
G1 X86.645 Y79.979 E4074.76445
G1 X86.958 Y80.165 E4074.78867
G1 X87.354 Y80.315 E4074.81684
G1 X87.769 Y80.388 E4074.84487
G1 X88.051 Y80.396 E4074.86363
G0 F12000 X88.059 Y80.796
;TYPE:WALL-OUTER
G1 F2400 X88.355 Y80.777 E4074.88336
G1 X88.693 Y80.713 E4074.90625
G1 X89.019 Y80.605 E4074.92909
G1 X89.328 Y80.467 E4074.9516
G1 X89.691 Y80.232 E4074.98037
G1 X89.955 Y80 E4075.00375
G1 X90.143 Y79.794 E4075.0223
G1 X90.311 Y79.581 E4075.04035
G1 X90.459 Y79.337 E4075.05933
G1 X90.575 Y79.087 E4075.07766
G1 X90.672 Y78.823 E4075.09637
G1 X90.747 Y78.536 E4075.1161
G1 X90.784 Y78.288 E4075.13278
G1 X90.799 Y77.999 E4075.15203
G1 X90.778 Y77.581 E4075.17987
G1 X90.657 Y77.105 E4075.21254
G1 X90.493 Y76.72 E4075.24038
G1 X90.31 Y76.422 E4075.26364
G1 X90.138 Y76.197 E4075.28248
G1 X89.911 Y75.951 E4075.30475
G1 X89.582 Y75.686 E4075.33285
G1 X89.217 Y75.473 E4075.36096
G1 X88.888 Y75.346 E4075.38442
G1 X88.626 Y75.272 E4075.40253
G1 X88.272 Y75.208 E4075.42646
G1 X87.938 Y75.2 E4075.44869
G1 X87.645 Y75.223 E4075.46824
G1 X87.302 Y75.283 E4075.4914
G1 X86.981 Y75.391 E4075.51393
G1 X86.672 Y75.529 E4075.53644
G1 X86.305 Y75.765 E4075.56547
G1 X86.041 Y75.996 E4075.5888
G1 X85.854 Y76.201 E4075.60726
G1 X85.69 Y76.417 E4075.6253
G1 X85.54 Y76.664 E4075.64452
G1 X85.421 Y76.911 E4075.66276
G1 X85.324 Y77.177 E4075.68159
G1 X85.224 Y77.554 E4075.70754
G1 X85.2 Y77.999 E4075.73718
G1 X85.213 Y78.256 E4075.7543
G1 X85.249 Y78.538 E4075.77321
G1 X85.339 Y78.891 E4075.79744
G1 X85.502 Y79.276 E4075.82526
G1 X85.686 Y79.574 E4075.84855
G1 X85.859 Y79.8 E4075.86749
G1 X86.085 Y80.048 E4075.88981
G1 X86.418 Y80.31 E4075.91799
G1 X86.784 Y80.527 E4075.94629
G1 X87.107 Y80.649 E4075.96926
G1 X87.373 Y80.724 E4075.98765
G1 X87.729 Y80.788 E4076.01171
G1 X88.059 Y80.796 E4076.03367
G0 F12000 X88.054 Y80.089
G0 X87.879 Y79.897
G0 X88.019 Y79.205
G1 F2400 X87.496 Y79.091 E4076.06927
G1 X87.212 Y78.906 E4076.09182
G1 X87.028 Y78.708 E4076.1098
G1 X86.834 Y78.32 E4076.13866
G1 X86.809 Y77.82 E4076.17196
G1 X86.916 Y77.476 E4076.19592
G1 X87.067 Y77.237 E4076.21473
G1 X87.415 Y76.947 E4076.24486
G1 X87.639 Y76.85 E4076.2611
G1 X87.983 Y76.792 E4076.2843
G1 X88.487 Y76.895 E4076.31852
G1 X88.808 Y77.112 E4076.3443
G1 X88.967 Y77.291 E4076.36022
G1 X89.162 Y77.675 E4076.38887
G1 X89.189 Y78.18 E4076.42251
G1 X89.071 Y78.538 E4076.44759
G1 X88.807 Y78.884 E4076.47654
G1 X88.45 Y79.131 E4076.50542
G1 X88.019 Y79.205 E4076.53451
G1 F2700 E4071.53451
G0 F12000 X87.879 Y79.897
G0 X88.065 Y80.57
G0 X88.04 Y81.664
G0 X87.96 Y105.336
G0 X87.935 Y106.43
G0 X89.17 Y108.139
G0 X89.406 Y108.611
G0 X89.442 Y109.201
G0 X89.306 Y109.642
G0 X89.119 Y109.891
G0 X88.065 Y110.915
G0 X88.019 Y110.611
;TYPE:WALL-INNER
G1 F2700 E4076.53451
G1 F2400 X87.365 Y110.48 E4076.57887
G1 X86.936 Y110.201 E4076.61292
G1 X86.702 Y109.947 E4076.63589
G1 X86.441 Y109.423 E4076.67483
G1 X86.405 Y108.765 E4076.71867
G1 X86.548 Y108.307 E4076.75058
G1 X86.764 Y107.966 E4076.77743
G1 X87.202 Y107.603 E4076.81528
G1 X87.541 Y107.458 E4076.8398
G1 X87.996 Y107.386 E4076.87045
G1 X88.638 Y107.518 E4076.91404
G1 X89.037 Y107.78 E4076.9458
G1 X89.299 Y108.06 E4076.9713
G1 X89.557 Y108.569 E4077.00926
G1 X89.591 Y109.233 E4077.05349
G1 X89.442 Y109.71 E4077.08673
G1 X89.076 Y110.187 E4077.12673
G1 X88.611 Y110.505 E4077.1642
G1 X88.019 Y110.611 E4077.20421
G0 F12000 X87.959 Y111.01
G1 F2388.1 X88.493 Y110.937 E4077.24024
G1 F2412.1 X88.851 Y110.824 E4077.26509
G1 F2424.2 X89.327 Y110.51 E4077.30264
G1 F2400 X89.718 Y110.03 E4077.34382
G1 X89.837 Y109.78 E4077.36224
G1 F2412.1 X89.957 Y109.399 E4077.38868
G1 F2400 X90 Y109.125 E4077.40713
G1 F2376.2 X89.96 Y108.618 E4077.4413
G1 F2370.4 X89.896 Y108.361 E4077.45914
G1 F2376.2 X89.702 Y107.936 E4077.49052
G1 F2388.1 X89.363 Y107.537 E4077.52553
G1 F2364.5 X89.124 Y107.351 E4077.54597
G1 X88.87 Y107.197 E4077.56603
G1 F2376.2 X88.578 Y107.086 E4077.58702
G1 X88.074 Y106.992 E4077.62146
G1 F2400 X87.585 Y107.032 E4077.6541
G1 F2412.1 X87.12 Y107.188 E4077.68656
G1 F2352.9 X86.792 Y107.413 E4077.71355
G1 F2364.5 X86.468 Y107.711 E4077.74327
G1 F2424.2 X86.186 Y108.129 E4077.77648
G1 F2412.1 X86.035 Y108.616 E4077.81023
G1 F2400 X85.999 Y108.877 E4077.82775
G1 F2388.1 X86.037 Y109.386 E4077.86187
G1 F2376.2 X86.1 Y109.635 E4077.87913
G1 F2388.1 X86.292 Y110.058 E4077.91019
G1 X86.632 Y110.46 E4077.94538
G1 F2370.4 X86.873 Y110.645 E4077.96585
G1 X87.132 Y110.803 E4077.98628
G1 F2376.2 X87.421 Y110.911 E4078.00701
G1 X87.959 Y111.01 E4078.04376
G0 F12000 X88.051 Y111.396
G1 F2400 X88.305 Y111.379 E4078.0607
G1 X88.593 Y111.325 E4078.08019
G1 X88.874 Y111.232 E4078.09988
G1 X89.136 Y111.115 E4078.11896
G1 X89.449 Y110.912 E4078.14378
G1 X89.675 Y110.714 E4078.16377
G1 X89.942 Y110.418 E4078.19028
G1 X90.105 Y110.149 E4078.21121
G1 X90.29 Y109.703 E4078.24333
G1 X90.38 Y109.357 E4078.26711
G1 X90.398 Y108.979 E4078.29228
G1 X90.355 Y108.539 E4078.32169
G1 X90.277 Y108.233 E4078.3427
G1 X90.137 Y107.904 E4078.36648
G1 X89.92 Y107.55 E4078.3941
G1 X89.637 Y107.244 E4078.42183
G1 X89.354 Y107.017 E4078.44596
G1 X89.043 Y106.835 E4078.46993
G1 X88.645 Y106.682 E4078.49829
G1 X88.232 Y106.607 E4078.52622
G1 X87.949 Y106.6 E4078.54505
G1 X87.695 Y106.62 E4078.56199
G1 X87.401 Y106.672 E4078.58186
G1 X87.127 Y106.764 E4078.60108
G1 X86.863 Y106.882 E4078.62032
G1 X86.546 Y107.086 E4078.64539
G1 X86.321 Y107.282 E4078.66524
G1 X86.021 Y107.642 E4078.69642
G1 X85.746 Y108.149 E4078.73478
G1 X85.622 Y108.612 E4078.76667
G1 X85.6 Y108.999 E4078.79245
G1 X85.621 Y109.38 E4078.81783
G1 X85.719 Y109.763 E4078.84413
G1 X85.858 Y110.092 E4078.86789
G1 X86.016 Y110.347 E4078.88785
G1 X86.179 Y110.558 E4078.90558
G1 X86.358 Y110.754 E4078.92324
G1 X86.645 Y110.979 E4078.9475
G1 X86.958 Y111.165 E4078.97172
G1 X87.354 Y111.315 E4078.99989
G1 X87.769 Y111.388 E4079.02792
G1 X88.051 Y111.396 E4079.04668
G0 F12000 X88.059 Y111.796
;TYPE:WALL-OUTER
G1 F2400 X88.355 Y111.777 E4079.06641
G1 X88.693 Y111.713 E4079.0893
G1 X89.019 Y111.605 E4079.11214
G1 X89.328 Y111.467 E4079.13465
G1 X89.691 Y111.232 E4079.16342
G1 X89.955 Y111 E4079.1868
G1 X90.143 Y110.794 E4079.20535
G1 X90.311 Y110.581 E4079.22339
G1 X90.459 Y110.337 E4079.24238
G1 X90.575 Y110.087 E4079.26071
G1 X90.672 Y109.823 E4079.27942
G1 X90.747 Y109.536 E4079.29915
G1 X90.784 Y109.288 E4079.31583
G1 X90.799 Y108.999 E4079.33508
G1 X90.778 Y108.581 E4079.36292
G1 X90.657 Y108.105 E4079.39559
G1 X90.493 Y107.72 E4079.42343
G1 X90.31 Y107.422 E4079.44669
G1 X90.138 Y107.197 E4079.46553
G1 X89.911 Y106.951 E4079.4878
G1 X89.582 Y106.686 E4079.5159
G1 X89.217 Y106.473 E4079.54401
G1 X88.888 Y106.346 E4079.56747
G1 X88.626 Y106.272 E4079.58558
G1 X88.272 Y106.208 E4079.60951
G1 X87.938 Y106.2 E4079.63173
G1 X87.645 Y106.223 E4079.65129
G1 X87.302 Y106.283 E4079.67445
G1 X86.981 Y106.391 E4079.69698
G1 X86.672 Y106.529 E4079.71949
G1 X86.305 Y106.765 E4079.74851
G1 X86.041 Y106.996 E4079.77185
G1 X85.854 Y107.201 E4079.79031
G1 X85.69 Y107.417 E4079.80835
G1 X85.54 Y107.664 E4079.82757
G1 X85.421 Y107.911 E4079.84581
G1 X85.324 Y108.177 E4079.86464
G1 X85.224 Y108.554 E4079.89059
G1 X85.2 Y108.999 E4079.92023
G1 X85.213 Y109.256 E4079.93735
G1 X85.249 Y109.538 E4079.95626
G1 X85.339 Y109.891 E4079.98049
G1 X85.502 Y110.276 E4080.0083
G1 X85.686 Y110.574 E4080.0316
G1 X85.859 Y110.8 E4080.05053
G1 X86.085 Y111.048 E4080.07285
G1 X86.418 Y111.31 E4080.10104
G1 X86.784 Y111.527 E4080.12934
G1 X87.107 Y111.649 E4080.15231
G1 X87.373 Y111.724 E4080.1707
G1 X87.729 Y111.788 E4080.19476
G1 X88.059 Y111.796 E4080.21671
G0 F12000 X88.054 Y111.089
G0 X87.879 Y110.897
G0 X88.019 Y110.205
G1 F2400 X87.496 Y110.091 E4080.25232
G1 X87.212 Y109.906 E4080.27487
G1 X87.028 Y109.708 E4080.29285
G1 X86.834 Y109.32 E4080.3217
G1 X86.809 Y108.82 E4080.35501
G1 X86.916 Y108.476 E4080.37897
G1 X87.067 Y108.237 E4080.39778
G1 X87.415 Y107.947 E4080.42791
G1 X87.639 Y107.85 E4080.44415
G1 X87.983 Y107.792 E4080.46735
G1 X88.487 Y107.895 E4080.50157
G1 X88.808 Y108.112 E4080.52735
G1 X88.967 Y108.291 E4080.54327
G1 X89.162 Y108.675 E4080.57192
G1 X89.189 Y109.18 E4080.60556
G1 X89.071 Y109.538 E4080.63064
G1 X88.807 Y109.884 E4080.65959
G1 X88.45 Y110.131 E4080.68846
G1 X88.019 Y110.205 E4080.71755
G1 F2700 E4075.71755
G0 F12000 X87.879 Y110.897
G0 X90.256 Y110.233
G0 X91.243 Y110.705
G0 X130.699 Y110.594
G0 X131.707 Y110.172
G0 X133.959 Y111.01
;TYPE:WALL-INNER
G1 F2700 E4080.71755
G1 F2388.1 X134.493 Y110.937 E4080.75359
G1 F2412.1 X134.851 Y110.824 E4080.77843
G1 F2424.2 X135.327 Y110.51 E4080.81599
G1 F2400 X135.718 Y110.03 E4080.85717
G1 X135.837 Y109.78 E4080.87559
G1 F2412.1 X135.957 Y109.399 E4080.90203
G1 F2400 X136 Y109.125 E4080.92048
G1 F2376.2 X135.96 Y108.618 E4080.95464
G1 F2370.4 X135.896 Y108.361 E4080.97248
G1 F2376.2 X135.702 Y107.936 E4081.00387
G1 F2388.1 X135.363 Y107.537 E4081.03887
G1 F2364.5 X135.124 Y107.351 E4081.05932
G1 X134.87 Y107.197 E4081.07938
G1 F2376.2 X134.578 Y107.086 E4081.10036
G1 X134.074 Y106.992 E4081.13481
G1 F2400 X133.585 Y107.032 E4081.16745
G1 F2412.1 X133.12 Y107.188 E4081.19991
G1 F2352.9 X132.792 Y107.413 E4081.2269
G1 F2364.5 X132.468 Y107.711 E4081.25662
G1 F2424.2 X132.186 Y108.129 E4081.28982
G1 F2412.1 X132.035 Y108.616 E4081.32357
G1 F2400 X131.999 Y108.877 E4081.3411
G1 F2388.1 X132.037 Y109.386 E4081.37522
G1 F2376.2 X132.1 Y109.635 E4081.39248
G1 F2388.1 X132.292 Y110.058 E4081.42353
G1 X132.632 Y110.46 E4081.45873
G1 F2370.4 X132.873 Y110.645 E4081.47919
G1 X133.132 Y110.803 E4081.49963
G1 F2376.2 X133.421 Y110.911 E4081.52036
G1 X133.959 Y111.01 E4081.55711
G0 F12000 X134.051 Y111.396
G1 F2400 X134.305 Y111.379 E4081.57404
G1 X134.593 Y111.325 E4081.59353
G1 X134.874 Y111.232 E4081.61322
G1 X135.136 Y111.115 E4081.63231
G1 X135.449 Y110.912 E4081.65713
G1 X135.675 Y110.714 E4081.67711
G1 X135.942 Y110.418 E4081.70363
G1 X136.105 Y110.149 E4081.72455
G1 X136.29 Y109.703 E4081.75667
G1 X136.38 Y109.357 E4081.78045
G1 X136.398 Y108.979 E4081.80563
G1 X136.355 Y108.539 E4081.83504
G1 X136.277 Y108.233 E4081.85604
G1 X136.137 Y107.904 E4081.87983
G1 X135.92 Y107.55 E4081.90745
G1 X135.637 Y107.244 E4081.93517
G1 X135.354 Y107.017 E4081.95931
G1 X135.043 Y106.835 E4081.98328
G1 X134.645 Y106.682 E4082.01164
G1 X134.232 Y106.607 E4082.03956
G1 X133.949 Y106.6 E4082.05839
G1 X133.695 Y106.62 E4082.07534
G1 X133.401 Y106.672 E4082.0952
G1 X133.127 Y106.764 E4082.11443
G1 X132.863 Y106.882 E4082.13366
G1 X132.546 Y107.086 E4082.15874
G1 X132.321 Y107.282 E4082.17859
G1 X132.021 Y107.642 E4082.20976
G1 X131.746 Y108.149 E4082.24813
G1 X131.622 Y108.612 E4082.28001
G1 X131.6 Y108.999 E4082.3058
G1 X131.621 Y109.38 E4082.33118
G1 X131.719 Y109.763 E4082.35748
G1 X131.858 Y110.092 E4082.38124
G1 X132.016 Y110.347 E4082.40119
G1 X132.179 Y110.558 E4082.41893
G1 X132.358 Y110.754 E4082.43659
G1 X132.645 Y110.979 E4082.46084
G1 X132.958 Y111.165 E4082.48506
G1 X133.354 Y111.315 E4082.51323
G1 X133.769 Y111.388 E4082.54126
G1 X134.051 Y111.396 E4082.56003
G0 F12000 X134.019 Y110.611
G1 F2400 X133.365 Y110.48 E4082.6044
G1 X132.936 Y110.201 E4082.63844
G1 X132.702 Y109.947 E4082.66141
G1 X132.441 Y109.423 E4082.70035
G1 X132.405 Y108.765 E4082.74419
G1 X132.548 Y108.307 E4082.77611
G1 X132.764 Y107.966 E4082.80296
G1 X133.202 Y107.603 E4082.8408
G1 X133.541 Y107.458 E4082.86532
G1 X133.996 Y107.386 E4082.89597
G1 X134.638 Y107.518 E4082.93957
G1 X135.037 Y107.78 E4082.97132
G1 X135.299 Y108.06 E4082.99683
G1 X135.557 Y108.569 E4083.03479
G1 X135.591 Y109.233 E4083.07901
G1 X135.442 Y109.71 E4083.11226
G1 X135.076 Y110.187 E4083.15225
G1 X134.611 Y110.505 E4083.18972
G1 X134.019 Y110.611 E4083.22973
G0 F12000 X134.019 Y110.205
;TYPE:WALL-OUTER
G1 F2400 X133.496 Y110.091 E4083.26534
G1 X133.212 Y109.906 E4083.28788
G1 X133.028 Y109.708 E4083.30586
G1 X132.834 Y109.32 E4083.33472
G1 X132.809 Y108.82 E4083.36802
G1 X132.916 Y108.476 E4083.39199
G1 X133.067 Y108.237 E4083.41079
G1 X133.415 Y107.947 E4083.44093
G1 X133.639 Y107.85 E4083.45716
G1 X133.983 Y107.792 E4083.48037
G1 X134.487 Y107.895 E4083.51459
G1 X134.808 Y108.112 E4083.54036
G1 X134.967 Y108.291 E4083.55629
G1 X135.162 Y108.675 E4083.58494
G1 X135.189 Y109.18 E4083.61858
G1 X135.071 Y109.538 E4083.64365
G1 X134.807 Y109.884 E4083.6726
G1 X134.45 Y110.131 E4083.70148
G1 X134.019 Y110.205 E4083.73057
G0 F12000 X133.879 Y110.897
G0 X134.054 Y111.089
G0 X134.059 Y111.796
G1 F2400 X134.355 Y111.777 E4083.7503
G1 X134.693 Y111.713 E4083.77318
G1 X135.019 Y111.605 E4083.79603
G1 X135.328 Y111.467 E4083.81854
G1 X135.691 Y111.232 E4083.84731
G1 X135.955 Y111 E4083.87068
G1 X136.143 Y110.794 E4083.88924
G1 X136.311 Y110.581 E4083.90728
G1 X136.459 Y110.337 E4083.92627
G1 X136.575 Y110.087 E4083.9446
G1 X136.672 Y109.823 E4083.96331
G1 X136.747 Y109.536 E4083.98304
G1 X136.784 Y109.288 E4083.99972
G1 X136.799 Y108.999 E4084.01897
G1 X136.778 Y108.581 E4084.04681
G1 X136.657 Y108.105 E4084.07948
G1 X136.493 Y107.72 E4084.10732
G1 X136.31 Y107.422 E4084.13058
G1 X136.138 Y107.197 E4084.14942
G1 X135.911 Y106.951 E4084.17169
G1 X135.582 Y106.686 E4084.19979
G1 X135.217 Y106.473 E4084.2279
G1 X134.888 Y106.346 E4084.25136
G1 X134.626 Y106.272 E4084.26947
G1 X134.272 Y106.208 E4084.2934
G1 X133.938 Y106.2 E4084.31562
G1 X133.645 Y106.223 E4084.33517
G1 X133.302 Y106.283 E4084.35834
G1 X132.981 Y106.391 E4084.38087
G1 X132.672 Y106.529 E4084.40338
G1 X132.305 Y106.765 E4084.4324
G1 X132.041 Y106.996 E4084.45574
G1 X131.854 Y107.201 E4084.4742
G1 X131.69 Y107.417 E4084.49224
G1 X131.54 Y107.664 E4084.51146
G1 X131.421 Y107.911 E4084.5297
G1 X131.324 Y108.177 E4084.54853
G1 X131.224 Y108.554 E4084.57448
G1 X131.2 Y108.999 E4084.60412
G1 X131.213 Y109.256 E4084.62124
G1 X131.249 Y109.538 E4084.64015
G1 X131.339 Y109.891 E4084.66438
G1 X131.502 Y110.276 E4084.69219
G1 X131.686 Y110.574 E4084.71549
G1 X131.859 Y110.8 E4084.73442
G1 X132.085 Y111.048 E4084.75674
G1 X132.418 Y111.31 E4084.78493
G1 X132.784 Y111.527 E4084.81323
G1 X133.107 Y111.649 E4084.8362
G1 X133.373 Y111.724 E4084.85458
G1 X133.729 Y111.788 E4084.87864
G1 X134.059 Y111.796 E4084.9006
G1 F2700 E4079.9006
G0 F12000 X134.054 Y111.089
G0 X135.306 Y109.642
G0 X135.442 Y109.201
G0 X135.406 Y108.611
G0 X135.272 Y108.344
G0 X133.935 Y106.43
G0 X133.96 Y105.336
G0 X134.04 Y81.664
G0 X134.065 Y80.57
G0 X133.959 Y80.01
;TYPE:WALL-INNER
G1 F2700 E4084.9006
G1 F2388.1 X134.493 Y79.937 E4084.93663
G1 F2412.1 X134.851 Y79.824 E4084.96148
G1 F2424.2 X135.327 Y79.51 E4084.99904
G1 F2400 X135.718 Y79.03 E4085.04022
G1 X135.837 Y78.78 E4085.05864
G1 F2412.1 X135.957 Y78.399 E4085.08507
G1 F2400 X136 Y78.125 E4085.10352
G1 F2376.2 X135.96 Y77.618 E4085.13769
G1 F2370.4 X135.896 Y77.361 E4085.15553
G1 F2376.2 X135.702 Y76.936 E4085.18692
G1 F2388.1 X135.363 Y76.537 E4085.22192
G1 F2364.5 X135.124 Y76.351 E4085.24237
G1 X134.87 Y76.197 E4085.26242
G1 F2376.2 X134.578 Y76.086 E4085.28341
G1 X134.074 Y75.992 E4085.31786
G1 F2400 X133.585 Y76.032 E4085.35049
G1 F2412.1 X133.12 Y76.188 E4085.38296
G1 F2352.9 X132.792 Y76.413 E4085.40995
G1 F2364.5 X132.468 Y76.711 E4085.43967
G1 F2424.2 X132.186 Y77.129 E4085.47287
G1 F2412.1 X132.035 Y77.616 E4085.50662
G1 F2400 X131.999 Y77.877 E4085.52415
G1 F2388.1 X132.037 Y78.386 E4085.55827
G1 F2376.2 X132.1 Y78.635 E4085.57553
G1 F2388.1 X132.292 Y79.058 E4085.60658
G1 X132.632 Y79.46 E4085.64178
G1 F2370.4 X132.873 Y79.645 E4085.66224
G1 X133.132 Y79.803 E4085.68268
G1 F2376.2 X133.421 Y79.911 E4085.7034
G1 X133.959 Y80.01 E4085.74016
G0 F12000 X134.051 Y80.396
G1 F2400 X134.305 Y80.379 E4085.75709
G1 X134.593 Y80.325 E4085.77658
G1 X134.874 Y80.232 E4085.79627
G1 X135.136 Y80.115 E4085.81536
G1 X135.449 Y79.912 E4085.84018
G1 X135.675 Y79.714 E4085.86016
G1 X135.942 Y79.418 E4085.88668
G1 X136.105 Y79.149 E4085.9076
G1 X136.29 Y78.703 E4085.93972
G1 X136.38 Y78.357 E4085.9635
G1 X136.398 Y77.979 E4085.98868
G1 X136.355 Y77.539 E4086.01808
G1 X136.277 Y77.233 E4086.03909
G1 X136.137 Y76.904 E4086.06287
G1 X135.92 Y76.55 E4086.0905
G1 X135.637 Y76.244 E4086.11822
G1 X135.354 Y76.017 E4086.14235
G1 X135.043 Y75.835 E4086.16632
G1 X134.645 Y75.682 E4086.19469
G1 X134.232 Y75.607 E4086.22261
G1 X133.949 Y75.6 E4086.24144
G1 X133.695 Y75.62 E4086.25839
G1 X133.401 Y75.672 E4086.27825
G1 X133.127 Y75.764 E4086.29748
G1 X132.863 Y75.882 E4086.31671
G1 X132.546 Y76.086 E4086.34179
G1 X132.321 Y76.282 E4086.36164
G1 X132.021 Y76.642 E4086.39281
G1 X131.746 Y77.149 E4086.43118
G1 X131.622 Y77.612 E4086.46306
G1 X131.6 Y77.999 E4086.48885
G1 X131.621 Y78.38 E4086.51423
G1 X131.719 Y78.763 E4086.54053
G1 X131.858 Y79.092 E4086.56429
G1 X132.016 Y79.347 E4086.58424
G1 X132.179 Y79.558 E4086.60198
G1 X132.358 Y79.754 E4086.61963
G1 X132.645 Y79.979 E4086.64389
G1 X132.958 Y80.165 E4086.66811
G1 X133.354 Y80.315 E4086.69628
G1 X133.769 Y80.388 E4086.72431
G1 X134.051 Y80.396 E4086.74308
G0 F12000 X134.019 Y79.611
G1 F2400 X133.365 Y79.48 E4086.78745
G1 X132.936 Y79.201 E4086.82149
G1 X132.702 Y78.947 E4086.84446
G1 X132.441 Y78.423 E4086.8834
G1 X132.405 Y77.765 E4086.92724
G1 X132.548 Y77.307 E4086.95915
G1 X132.764 Y76.966 E4086.986
G1 X133.202 Y76.603 E4087.02385
G1 X133.541 Y76.458 E4087.04837
G1 X133.996 Y76.386 E4087.07902
G1 X134.638 Y76.518 E4087.12262
G1 X135.037 Y76.78 E4087.15437
G1 X135.299 Y77.06 E4087.17988
G1 X135.557 Y77.569 E4087.21784
G1 X135.591 Y78.233 E4087.26206
G1 X135.442 Y78.71 E4087.29531
G1 X135.076 Y79.187 E4087.3353
G1 X134.611 Y79.505 E4087.37277
G1 X134.019 Y79.611 E4087.41278
G0 F12000 X134.019 Y79.205
;TYPE:WALL-OUTER
G1 F2400 X133.496 Y79.091 E4087.44839
G1 X133.212 Y78.906 E4087.47093
G1 X133.028 Y78.708 E4087.48891
G1 X132.834 Y78.32 E4087.51777
G1 X132.809 Y77.82 E4087.55107
G1 X132.916 Y77.476 E4087.57504
G1 X133.067 Y77.237 E4087.59384
G1 X133.415 Y76.947 E4087.62397
G1 X133.639 Y76.85 E4087.64021
G1 X133.983 Y76.792 E4087.66342
G1 X134.487 Y76.895 E4087.69764
G1 X134.808 Y77.112 E4087.72341
G1 X134.967 Y77.291 E4087.73934
G1 X135.162 Y77.675 E4087.76799
G1 X135.189 Y78.18 E4087.80163
G1 X135.071 Y78.538 E4087.8267
G1 X134.807 Y78.884 E4087.85565
G1 X134.45 Y79.131 E4087.88453
G1 X134.019 Y79.205 E4087.91362
G0 F12000 X133.879 Y79.897
G0 X134.054 Y80.089
G0 X134.059 Y80.796
G1 F2400 X134.355 Y80.777 E4087.93335
G1 X134.693 Y80.713 E4087.95623
G1 X135.019 Y80.605 E4087.97908
G1 X135.328 Y80.467 E4088.00159
G1 X135.691 Y80.232 E4088.03035
G1 X135.955 Y80 E4088.05373
G1 X136.143 Y79.794 E4088.07229
G1 X136.311 Y79.581 E4088.09033
G1 X136.459 Y79.337 E4088.10931
G1 X136.575 Y79.087 E4088.12765
G1 X136.672 Y78.823 E4088.14636
G1 X136.747 Y78.536 E4088.16609
G1 X136.784 Y78.288 E4088.18277
G1 X136.799 Y77.999 E4088.20202
G1 X136.778 Y77.581 E4088.22986
G1 X136.657 Y77.105 E4088.26253
G1 X136.493 Y76.72 E4088.29037
G1 X136.31 Y76.422 E4088.31363
G1 X136.138 Y76.197 E4088.33247
G1 X135.911 Y75.951 E4088.35474
G1 X135.582 Y75.686 E4088.38284
G1 X135.217 Y75.473 E4088.41095
G1 X134.888 Y75.346 E4088.43441
G1 X134.626 Y75.272 E4088.45252
G1 X134.272 Y75.208 E4088.47645
G1 X133.938 Y75.2 E4088.49867
G1 X133.645 Y75.223 E4088.51822
G1 X133.302 Y75.283 E4088.54139
G1 X132.981 Y75.391 E4088.56391
G1 X132.672 Y75.529 E4088.58643
G1 X132.305 Y75.765 E4088.61545
G1 X132.041 Y75.996 E4088.63879
G1 X131.854 Y76.201 E4088.65724
G1 X131.69 Y76.417 E4088.67528
G1 X131.54 Y76.664 E4088.69451
G1 X131.421 Y76.911 E4088.71275
G1 X131.324 Y77.177 E4088.73158
G1 X131.224 Y77.554 E4088.75752
G1 X131.2 Y77.999 E4088.78717
G1 X131.213 Y78.256 E4088.80429
G1 X131.249 Y78.538 E4088.8232
G1 X131.339 Y78.891 E4088.84743
G1 X131.502 Y79.276 E4088.87524
G1 X131.686 Y79.574 E4088.89854
G1 X131.859 Y79.8 E4088.91747
G1 X132.085 Y80.048 E4088.93979
G1 X132.418 Y80.31 E4088.96798
G1 X132.784 Y80.527 E4088.99628
G1 X133.107 Y80.649 E4089.01925
G1 X133.373 Y80.724 E4089.03763
G1 X133.729 Y80.788 E4089.06169
G1 X134.059 Y80.796 E4089.08365
G1 F2700 E4084.08365
G0 F12000 X134.054 Y80.089
G0 X135.068 Y78.917
G0 X136.441 Y77.179
G0 X137.499 Y76.909
G0 X139.335 Y77.179
G0 X140.41 Y77.179
G0 X141 Y74
;TYPE:WALL-INNER
G1 F2700 E4089.08365
G1 F2487 X141.014 Y72.986 E4089.14875
G1 X140 Y73 E4089.21385
G1 X140.697 Y73.303 E4089.26263
G1 X141 Y74 E4089.31142
G1 F2400 X141 Y146 E4094.10088
G1 F2358.7 X140.993 Y146.174 E4094.11266
G0 F12000 X140.838 Y146.838
G0 X140.174 Y146.993
G1 F2436.5 X141.014 Y147.014 E4094.16772
G1 F2442.7 X140.993 Y146.174 E4094.22264
G1 X140.697 Y146.697 E4094.26191
G1 F2436.5 X140.174 Y146.993 E4094.30129
G1 F2352.9 X140 Y147 E4094.3131
G1 F2400 X80 Y147 E4098.30432
G1 F2487 X79.303 Y146.697 E4098.35311
G1 F2436.5 X79.007 Y146.174 E4098.39248
G1 X78.986 Y147.014 E4098.44754
G1 F2487 X80 Y147 E4098.51264
G0 F12000 X79.162 Y146.838
G0 X79.007 Y146.174
G1 F2352.9 X79 Y146 E4098.52445
G1 F2400 X79 Y74 E4103.31391
G1 F2487 X79.303 Y73.303 E4103.3627
G1 F2436.5 X79.826 Y73.007 E4103.40207
G1 X78.986 Y72.986 E4103.45713
G1 F2487 X79 Y74 E4103.52223
G0 F12000 X79.162 Y73.162
G0 X79.826 Y73.007
G1 F2352.9 X80 Y73 E4103.53404
G1 F2400 X140 Y73 E4107.52526
G1 F2700 E4102.52526
G0 F12000 X140.838 Y73.162
G0 X140.838 Y146.838
G0 X110 Y147.09
G0 X110 Y147.4
G1 F2700 E4107.52526
G1 F2400 X141.4 Y147.4 E4109.614
G1 X141.4 Y72.6 E4114.58971
G1 X78.601 Y72.601 E4118.76712
G1 X78.601 Y147.399 E4123.7427
G1 X110 Y147.4 E4125.83137
G0 F12000 X110 Y146.6
G1 F2400 X80 Y146.6 E4127.82698
G1 X79.575 Y146.425 E4127.85755
G1 X79.4 Y146.089 E4127.88275
G1 X79.4 Y74 E4132.67813
G1 X79.575 Y73.575 E4132.70871
G1 X79.911 Y73.4 E4132.73391
G1 X140 Y73.4 E4136.73105
G1 X140.424 Y73.576 E4136.76158
G1 X140.6 Y74 E4136.79212
G1 X140.6 Y146.089 E4141.5875
G1 X140.424 Y146.424 E4141.61267
G1 X140.089 Y146.6 E4141.63785
G1 X110 Y146.6 E4143.63937
G0 F12000 X110 Y146.199
;TYPE:WALL-OUTER
G1 F2400 X80 Y146.2 E4145.63498
G1 X79.858 Y146.142 E4145.64519
G1 X79.802 Y146.035 E4145.65322
G1 X79.8 Y74 E4150.44501
G1 X79.858 Y73.858 E4150.45521
G1 X79.965 Y73.802 E4150.46324
G1 X140 Y73.8 E4154.45679
G1 X140.142 Y73.858 E4154.46699
G1 X140.2 Y74 E4154.4772
G1 X140.198 Y146.035 E4159.26898
G92 E0
G1 X140.142 Y146.142 E0.00803
G1 X140.035 Y146.198 E0.01607
G1 X110 Y146.199 E2.014
G0 F12000 X110 Y146.91
G0 X110 Y147.8
G1 F2400 X141.8 Y147.8 E4.12935
G1 X141.8 Y72.2 E9.15828
G1 X78.201 Y72.201 E13.3889
G1 X78.201 Y147.799 E18.4177
G1 X110 Y147.8 E20.53298
G1 F2700 E15.53298
;MESH:NONMESH
G0 F300 Z4.2
G0 F12000 X110 Y147.09
G0 X88.069 Y146.41
G0 X88.069 Y145.335
G0 X91.666 Y109
G0 X88.04 Y81.664
G0 X88.065 Y80.57
G0 X88.069 Y79.914
G0 X88.022 Y79.605
;TIME_ELAPSED:3170.300752
;LAYER:10
;TYPE:WALL-INNER
;MESH:tank_trainer_body.stl
G1 F2700 E20.53298
G1 F2400 X87.562 Y79.545 E20.56384
G1 X87.074 Y79.311 E20.59984
G1 X86.767 Y79.022 E20.62789
G1 X86.491 Y78.555 E20.66397
G1 X86.402 Y78.173 E20.69006
G1 X86.445 Y77.562 E20.73081
G1 X86.737 Y76.996 E20.77317
G1 X87.241 Y76.576 E20.81681
G1 X87.844 Y76.395 E20.85869
G1 X88.441 Y76.451 E20.89858
G1 X89.031 Y76.764 E20.94301
G1 X89.357 Y77.149 E20.97657
G1 X89.516 Y77.467 E21.00022
G1 X89.603 Y78.065 E21.04042
G1 X89.53 Y78.495 E21.06943
G1 X89.247 Y79.021 E21.10916
G1 X88.762 Y79.409 E21.15048
G1 X88.44 Y79.539 E21.17358
G1 X88.022 Y79.605 E21.20173
G0 F12000 X87.961 Y80.009
G1 F2394 X88.492 Y79.936 E21.23747
G1 F2376.2 X88.944 Y79.761 E21.27003
G1 F2364.5 X89.33 Y79.496 E21.30165
G1 X89.65 Y79.123 E21.33483
G1 F2388.1 X89.904 Y78.642 E21.37119
G1 F2412.1 X90.007 Y78.091 E21.40829
G1 F2352.9 X89.954 Y77.62 E21.44045
G1 F2341.5 X89.897 Y77.361 E21.45854
G1 F2376.2 X89.778 Y77.089 E21.47848
G1 F2388.1 X89.637 Y76.856 E21.49669
G1 F2394 X89.362 Y76.538 E21.52473
G1 F2347.2 X89.124 Y76.353 E21.54523
G1 F2291.2 X88.864 Y76.207 E21.56601
G1 F2296.7 X88.547 Y76.066 E21.59012
G1 F2364.5 X88.052 Y75.996 E21.62388
G1 F2376.2 X87.637 Y76.026 E21.65183
G1 F2347.2 X87.113 Y76.196 E21.6893
G1 F2302.2 X86.793 Y76.414 E21.71615
G1 F2335.8 X86.409 Y76.763 E21.75162
G1 F2388.1 X86.15 Y77.248 E21.78838
G1 F2370.4 X86.038 Y77.616 E21.81429
G1 X86.005 Y78.031 E21.84232
G1 F2388.1 X86.013 Y78.285 E21.85931
G1 F2400 X86.099 Y78.635 E21.88329
G1 F2352.9 X86.221 Y78.905 E21.90339
G1 F2341.5 X86.443 Y79.266 E21.93229
G1 F2358.7 X86.634 Y79.458 E21.95062
G1 F2382.1 X86.87 Y79.649 E21.97096
G1 F2352.9 X87.135 Y79.795 E21.99149
G1 F2347.2 X87.552 Y79.944 E22.02161
G1 F2406 X87.961 Y80.009 E22.04909
G0 F12000 X88.051 Y80.396
G1 F2400 X88.305 Y80.379 E22.06603
G1 X88.593 Y80.325 E22.08552
G1 X88.874 Y80.232 E22.10521
G1 X89.136 Y80.115 E22.12429
G1 X89.449 Y79.912 E22.14911
G1 X89.675 Y79.714 E22.1691
G1 X90.047 Y79.275 E22.20737
G1 X90.261 Y78.81 E22.24143
G1 X90.38 Y78.356 E22.27265
G1 X90.398 Y77.979 E22.29775
G1 X90.355 Y77.539 E22.32716
G1 X90.277 Y77.233 E22.34817
G1 X90.137 Y76.904 E22.37195
G1 X89.922 Y76.552 E22.39939
G1 X89.637 Y76.244 E22.4273
G1 X89.355 Y76.017 E22.45138
G1 X89.043 Y75.835 E22.47541
G1 X88.648 Y75.682 E22.50359
G1 X88.232 Y75.607 E22.53171
G1 X87.949 Y75.602 E22.55054
G1 X87.695 Y75.62 E22.56747
G1 X87.4 Y75.671 E22.58739
G1 X87.109 Y75.772 E22.60788
G1 X86.863 Y75.882 E22.6258
G1 X86.546 Y76.085 E22.65084
G1 X86.321 Y76.282 E22.67074
G1 X86.021 Y76.642 E22.70191
G1 X85.745 Y77.15 E22.74037
G1 X85.621 Y77.616 E22.77244
G1 X85.602 Y77.999 E22.79795
G1 X85.642 Y78.462 E22.82887
G1 X85.719 Y78.763 E22.84953
G1 X85.859 Y79.092 E22.87332
G1 X86.07 Y79.435 E22.90011
G1 X86.358 Y79.754 E22.92869
G1 X86.644 Y79.979 E22.9529
G1 X86.958 Y80.165 E22.97718
G1 X87.354 Y80.315 E23.00535
G1 X87.768 Y80.388 E23.03331
G1 X88.051 Y80.396 E23.05214
G0 F12000 X88.059 Y80.796
;TYPE:WALL-OUTER
G1 F2400 X88.355 Y80.777 E23.07187
G1 X88.693 Y80.713 E23.09476
G1 X89.019 Y80.605 E23.1176
G1 X89.328 Y80.467 E23.14011
G1 X89.691 Y80.232 E23.16888
G1 X89.955 Y80 E23.19226
G1 X90.143 Y79.794 E23.21081
G1 X90.311 Y79.581 E23.22886
G1 X90.459 Y79.337 E23.24784
G1 X90.575 Y79.087 E23.26617
G1 X90.672 Y78.82 E23.28507
G1 X90.777 Y78.421 E23.31251
G1 X90.799 Y77.999 E23.34062
G1 X90.778 Y77.581 E23.36846
G1 X90.657 Y77.105 E23.40113
G1 X90.493 Y76.72 E23.42897
G1 X90.311 Y76.422 E23.4522
G1 X90.138 Y76.197 E23.47108
G1 X89.911 Y75.951 E23.49335
G1 X89.582 Y75.686 E23.52145
G1 X89.217 Y75.473 E23.54956
G1 X88.888 Y75.346 E23.57302
G1 X88.626 Y75.272 E23.59113
G1 X88.272 Y75.208 E23.61506
G1 X87.938 Y75.201 E23.63728
G1 X87.645 Y75.223 E23.65683
G1 X87.302 Y75.283 E23.67999
G1 X86.981 Y75.391 E23.70252
G1 X86.672 Y75.529 E23.72503
G1 X86.305 Y75.765 E23.75405
G1 X86.041 Y75.996 E23.77739
G1 X85.855 Y76.201 E23.7958
G1 X85.69 Y76.417 E23.81388
G1 X85.54 Y76.664 E23.83311
G1 X85.421 Y76.911 E23.85134
G1 X85.324 Y77.176 E23.87012
G1 X85.223 Y77.557 E23.89634
G1 X85.201 Y77.999 E23.92577
G1 X85.213 Y78.256 E23.94289
G1 X85.249 Y78.538 E23.9618
G1 X85.339 Y78.891 E23.98603
G1 X85.503 Y79.276 E24.01387
G1 X85.686 Y79.574 E24.03713
G1 X85.858 Y79.799 E24.05597
G1 X86.085 Y80.048 E24.07838
G1 X86.418 Y80.31 E24.10657
G1 X86.784 Y80.527 E24.13487
G1 X87.107 Y80.649 E24.15784
G1 X87.373 Y80.724 E24.17623
G1 X87.728 Y80.788 E24.20022
G1 X88.059 Y80.796 E24.22225
G0 F12000 X88.054 Y80.089
G0 X88.028 Y79.203
G1 F2400 X87.673 Y79.153 E24.24609
G1 X87.314 Y78.985 E24.27246
G1 X87.088 Y78.786 E24.29249
G1 X86.864 Y78.399 E24.32224
G1 X86.805 Y78.139 E24.33997
G1 X86.845 Y77.655 E24.37228
G1 X87.071 Y77.233 E24.40412
G1 X87.438 Y76.935 E24.43557
G1 X87.872 Y76.806 E24.46569
G1 X88.323 Y76.839 E24.49577
G1 X88.774 Y77.084 E24.52991
G1 X89.006 Y77.346 E24.55319
G1 X89.132 Y77.597 E24.57187
G1 X89.2 Y78.049 E24.60227
G1 X89.145 Y78.361 E24.62335
G1 X88.934 Y78.753 E24.65296
G1 X88.564 Y79.056 E24.68477
G1 X88.348 Y79.146 E24.70034
G1 X88.028 Y79.203 E24.72196
G1 F2700 E19.72196
G0 F12000 X87.94 Y79.906
G0 X88.065 Y80.57
G0 X88.04 Y81.664
G0 X87.96 Y105.336
G0 X87.935 Y106.43
G0 X86.869 Y108.08
G0 X86.601 Y108.593
G0 X86.553 Y109.147
G0 X86.638 Y109.509
G0 X86.844 Y109.861
G0 X87.983 Y110.911
G0 X88.022 Y110.605
;TYPE:WALL-INNER
G1 F2700 E24.72196
G1 F2400 X87.562 Y110.545 E24.75282
G1 X87.074 Y110.311 E24.78882
G1 X86.767 Y110.022 E24.81687
G1 X86.491 Y109.555 E24.85295
G1 X86.402 Y109.173 E24.87904
G1 X86.445 Y108.562 E24.91979
G1 X86.737 Y107.996 E24.96215
G1 X87.241 Y107.576 E25.0058
G1 X87.844 Y107.395 E25.04768
G1 X88.441 Y107.451 E25.08756
G1 X89.031 Y107.764 E25.13199
G1 X89.357 Y108.149 E25.16555
G1 X89.516 Y108.467 E25.1892
G1 X89.603 Y109.065 E25.2294
G1 X89.53 Y109.495 E25.25841
G1 X89.247 Y110.021 E25.29814
G1 X88.762 Y110.409 E25.33946
G1 X88.44 Y110.539 E25.36256
G1 X88.022 Y110.605 E25.39071
G0 F12000 X87.961 Y111.009
G1 F2394 X88.492 Y110.936 E25.42645
G1 F2376.2 X88.944 Y110.761 E25.45902
G1 F2364.5 X89.33 Y110.496 E25.49063
G1 X89.65 Y110.123 E25.52381
G1 F2388.1 X89.904 Y109.642 E25.56017
G1 F2412.1 X90.007 Y109.091 E25.59728
G1 F2352.9 X89.954 Y108.62 E25.62944
G1 F2341.5 X89.897 Y108.361 E25.64752
G1 F2376.2 X89.778 Y108.089 E25.66746
G1 F2388.1 X89.637 Y107.856 E25.68567
G1 F2394 X89.362 Y107.538 E25.71371
G1 F2347.2 X89.124 Y107.353 E25.73421
G1 F2291.2 X88.864 Y107.207 E25.75499
G1 F2296.7 X88.547 Y107.066 E25.77911
G1 F2364.5 X88.052 Y106.996 E25.81286
G1 F2376.2 X87.637 Y107.026 E25.84081
G1 F2347.2 X87.113 Y107.196 E25.87828
G1 F2302.2 X86.793 Y107.414 E25.90514
G1 F2335.8 X86.409 Y107.763 E25.9406
G1 F2388.1 X86.15 Y108.248 E25.97736
G1 F2370.4 X86.038 Y108.616 E26.00327
G1 X86.005 Y109.031 E26.03131
G1 F2388.1 X86.013 Y109.285 E26.0483
G1 F2400 X86.099 Y109.635 E26.07227
G1 F2352.9 X86.221 Y109.905 E26.09237
G1 F2341.5 X86.443 Y110.266 E26.12127
G1 F2358.7 X86.634 Y110.458 E26.1396
G1 F2382.1 X86.87 Y110.649 E26.15995
G1 F2352.9 X87.135 Y110.795 E26.18048
G1 F2347.2 X87.552 Y110.944 E26.21059
G1 F2406 X87.961 Y111.009 E26.23807
G0 F12000 X88.051 Y111.396
G1 F2400 X88.305 Y111.379 E26.25501
G1 X88.593 Y111.325 E26.2745
G1 X88.874 Y111.232 E26.29419
G1 X89.136 Y111.115 E26.31328
G1 X89.449 Y110.912 E26.33809
G1 X89.675 Y110.714 E26.35808
G1 X90.047 Y110.275 E26.39636
G1 X90.261 Y109.81 E26.43041
G1 X90.38 Y109.356 E26.46163
G1 X90.398 Y108.979 E26.48673
G1 X90.355 Y108.539 E26.51614
G1 X90.277 Y108.233 E26.53715
G1 X90.137 Y107.904 E26.56093
G1 X89.922 Y107.552 E26.58837
G1 X89.637 Y107.244 E26.61628
G1 X89.355 Y107.017 E26.64037
G1 X89.043 Y106.835 E26.66439
G1 X88.648 Y106.682 E26.69257
G1 X88.232 Y106.607 E26.72069
G1 X87.949 Y106.602 E26.73952
G1 X87.695 Y106.62 E26.75646
G1 X87.4 Y106.671 E26.77637
G1 X87.109 Y106.772 E26.79686
G1 X86.863 Y106.882 E26.81479
G1 X86.546 Y107.085 E26.83983
G1 X86.321 Y107.282 E26.85972
G1 X86.021 Y107.642 E26.89089
G1 X85.745 Y108.15 E26.92935
G1 X85.621 Y108.616 E26.96143
G1 X85.602 Y108.999 E26.98693
G1 X85.642 Y109.462 E27.01785
G1 X85.719 Y109.763 E27.03852
G1 X85.859 Y110.092 E27.0623
G1 X86.07 Y110.435 E27.08909
G1 X86.358 Y110.754 E27.11768
G1 X86.644 Y110.979 E27.14188
G1 X86.958 Y111.165 E27.16616
G1 X87.354 Y111.315 E27.19433
G1 X87.768 Y111.388 E27.22229
G1 X88.051 Y111.396 E27.24113
G0 F12000 X88.059 Y111.796
;TYPE:WALL-OUTER
G1 F2400 X88.355 Y111.777 E27.26086
G1 X88.693 Y111.713 E27.28374
G1 X89.019 Y111.605 E27.30658
G1 X89.328 Y111.467 E27.3291
G1 X89.691 Y111.232 E27.35786
G1 X89.955 Y111 E27.38124
G1 X90.143 Y110.794 E27.39979
G1 X90.311 Y110.581 E27.41784
G1 X90.459 Y110.337 E27.43682
G1 X90.575 Y110.087 E27.45515
G1 X90.672 Y109.82 E27.47405
G1 X90.777 Y109.421 E27.5015
G1 X90.799 Y108.999 E27.52961
G1 X90.778 Y108.581 E27.55745
G1 X90.657 Y108.105 E27.59012
G1 X90.493 Y107.72 E27.61795
G1 X90.311 Y107.422 E27.64118
G1 X90.138 Y107.197 E27.66006
G1 X89.911 Y106.951 E27.68233
G1 X89.582 Y106.686 E27.71043
G1 X89.217 Y106.473 E27.73854
G1 X88.888 Y106.346 E27.762
G1 X88.626 Y106.272 E27.78011
G1 X88.272 Y106.208 E27.80404
G1 X87.938 Y106.201 E27.82626
G1 X87.645 Y106.223 E27.84581
G1 X87.302 Y106.283 E27.86897
G1 X86.981 Y106.391 E27.8915
G1 X86.672 Y106.529 E27.91401
G1 X86.305 Y106.765 E27.94304
G1 X86.041 Y106.996 E27.96637
G1 X85.855 Y107.201 E27.98478
G1 X85.69 Y107.417 E28.00287
G1 X85.54 Y107.664 E28.02209
G1 X85.421 Y107.911 E28.04033
G1 X85.324 Y108.176 E28.0591
G1 X85.223 Y108.557 E28.08532
G1 X85.201 Y108.999 E28.11476
G1 X85.213 Y109.256 E28.13187
G1 X85.249 Y109.538 E28.15078
G1 X85.339 Y109.891 E28.17501
G1 X85.503 Y110.276 E28.20285
G1 X85.686 Y110.574 E28.22611
G1 X85.858 Y110.799 E28.24495
G1 X86.085 Y111.048 E28.26737
G1 X86.418 Y111.31 E28.29555
G1 X86.784 Y111.527 E28.32386
G1 X87.107 Y111.649 E28.34682
G1 X87.373 Y111.724 E28.36521
G1 X87.728 Y111.788 E28.3892
G1 X88.059 Y111.796 E28.41123
G0 F12000 X88.054 Y111.089
G0 X88.028 Y110.203
G1 F2400 X87.673 Y110.153 E28.43508
G1 X87.314 Y109.985 E28.46144
G1 X87.088 Y109.786 E28.48147
G1 X86.864 Y109.399 E28.51122
G1 X86.805 Y109.139 E28.52895
G1 X86.845 Y108.655 E28.56126
G1 X87.071 Y108.233 E28.5931
G1 X87.438 Y107.935 E28.62455
G1 X87.872 Y107.806 E28.65467
G1 X88.323 Y107.839 E28.68475
G1 X88.774 Y108.084 E28.71889
G1 X89.006 Y108.346 E28.74217
G1 X89.132 Y108.597 E28.76085
G1 X89.2 Y109.049 E28.79126
G1 X89.145 Y109.361 E28.81233
G1 X88.934 Y109.753 E28.84194
G1 X88.564 Y110.056 E28.87376
G1 X88.348 Y110.146 E28.88932
G1 X88.028 Y110.203 E28.91094
G1 F2700 E23.91094
G0 F12000 X87.94 Y110.906
G0 X90.257 Y110.23
G0 X91.245 Y110.702
G0 X130.699 Y110.594
G0 X131.707 Y110.172
G0 X133.961 Y111.009
;TYPE:WALL-INNER
G1 F2700 E28.91094
G1 F2394 X134.492 Y110.936 E28.94669
G1 F2376.2 X134.944 Y110.761 E28.97925
G1 F2364.5 X135.33 Y110.496 E29.01086
G1 X135.65 Y110.123 E29.04405
G1 F2388.1 X135.904 Y109.642 E29.08041
G1 F2412.1 X136.007 Y109.091 E29.11751
G1 F2352.9 X135.954 Y108.62 E29.14967
G1 F2341.5 X135.897 Y108.361 E29.16775
G1 F2376.2 X135.778 Y108.089 E29.1877
G1 F2388.1 X135.637 Y107.856 E29.20591
G1 F2394 X135.362 Y107.538 E29.23394
G1 F2347.2 X135.124 Y107.353 E29.25445
G1 F2291.2 X134.864 Y107.207 E29.27522
G1 F2296.7 X134.547 Y107.066 E29.29934
G1 F2364.5 X134.052 Y106.996 E29.3331
G1 F2376.2 X133.637 Y107.026 E29.36105
G1 F2347.2 X133.113 Y107.196 E29.39852
G1 F2302.2 X132.793 Y107.414 E29.42537
G1 F2335.8 X132.409 Y107.763 E29.46084
G1 F2388.1 X132.15 Y108.248 E29.4976
G1 F2370.4 X132.038 Y108.616 E29.5235
G1 X132.005 Y109.031 E29.55154
G1 F2388.1 X132.013 Y109.285 E29.56853
G1 F2400 X132.099 Y109.635 E29.59251
G1 F2352.9 X132.221 Y109.905 E29.61261
G1 F2341.5 X132.443 Y110.266 E29.64151
G1 F2358.7 X132.634 Y110.458 E29.65984
G1 F2382.1 X132.87 Y110.649 E29.68018
G1 F2352.9 X133.135 Y110.795 E29.70071
G1 F2347.2 X133.552 Y110.944 E29.73083
G1 F2406 X133.961 Y111.009 E29.75831
G0 F12000 X134.051 Y111.396
G1 F2400 X134.305 Y111.379 E29.77524
G1 X134.593 Y111.325 E29.79474
G1 X134.874 Y111.232 E29.81443
G1 X135.136 Y111.115 E29.83351
G1 X135.449 Y110.912 E29.85833
G1 X135.675 Y110.714 E29.87832
G1 X136.047 Y110.275 E29.91659
G1 X136.261 Y109.81 E29.95064
G1 X136.38 Y109.356 E29.98186
G1 X136.398 Y108.979 E30.00697
G1 X136.355 Y108.539 E30.03638
G1 X136.277 Y108.233 E30.05739
G1 X136.137 Y107.904 E30.08117
G1 X135.922 Y107.552 E30.10861
G1 X135.637 Y107.244 E30.13652
G1 X135.355 Y107.017 E30.1606
G1 X135.043 Y106.835 E30.18463
G1 X134.648 Y106.682 E30.21281
G1 X134.232 Y106.607 E30.24093
G1 X133.949 Y106.602 E30.25975
G1 X133.695 Y106.62 E30.27669
G1 X133.4 Y106.671 E30.29661
G1 X133.109 Y106.772 E30.3171
G1 X132.863 Y106.882 E30.33502
G1 X132.546 Y107.085 E30.36006
G1 X132.321 Y107.282 E30.37996
G1 X132.021 Y107.642 E30.41113
G1 X131.745 Y108.15 E30.44959
G1 X131.621 Y108.616 E30.48166
G1 X131.602 Y108.999 E30.50717
G1 X131.642 Y109.462 E30.53809
G1 X131.719 Y109.763 E30.55875
G1 X131.859 Y110.092 E30.58254
G1 X132.07 Y110.435 E30.60932
G1 X132.358 Y110.754 E30.63791
G1 X132.644 Y110.979 E30.66212
G1 X132.958 Y111.165 E30.6864
G1 X133.354 Y111.315 E30.71457
G1 X133.768 Y111.388 E30.74253
G1 X134.051 Y111.396 E30.76136
G0 F12000 X134.022 Y110.605
G1 F2400 X133.562 Y110.545 E30.79222
G1 X133.074 Y110.311 E30.82822
G1 X132.767 Y110.022 E30.85627
G1 X132.491 Y109.555 E30.89235
G1 X132.402 Y109.173 E30.91844
G1 X132.445 Y108.562 E30.95919
G1 X132.737 Y107.996 E31.00155
G1 X133.241 Y107.576 E31.0452
G1 X133.844 Y107.395 E31.08708
G1 X134.441 Y107.451 E31.12696
G1 X135.031 Y107.764 E31.17139
G1 X135.357 Y108.149 E31.20495
G1 X135.516 Y108.467 E31.2286
G1 X135.603 Y109.065 E31.2688
G1 X135.53 Y109.495 E31.29781
G1 X135.247 Y110.021 E31.33754
G1 X134.762 Y110.409 E31.37886
G1 X134.44 Y110.539 E31.40196
G1 X134.022 Y110.605 E31.43011
G0 F12000 X134.028 Y110.203
;TYPE:WALL-OUTER
G1 F2400 X133.673 Y110.153 E31.45396
G1 X133.314 Y109.985 E31.48032
G1 X133.088 Y109.786 E31.50035
G1 X132.864 Y109.399 E31.5301
G1 X132.805 Y109.139 E31.54783
G1 X132.845 Y108.655 E31.58014
G1 X133.071 Y108.233 E31.61198
G1 X133.438 Y107.935 E31.64343
G1 X133.872 Y107.806 E31.67355
G1 X134.323 Y107.839 E31.70363
G1 X134.774 Y108.084 E31.73777
G1 X135.006 Y108.346 E31.76105
G1 X135.132 Y108.597 E31.77973
G1 X135.2 Y109.049 E31.81014
G1 X135.145 Y109.361 E31.83121
G1 X134.934 Y109.753 E31.86082
G1 X134.564 Y110.056 E31.89264
G1 X134.348 Y110.146 E31.9082
G1 X134.028 Y110.203 E31.92982
G0 F12000 X133.94 Y110.906
G0 X134.059 Y111.796
G1 F2400 X134.355 Y111.777 E31.94955
G1 X134.693 Y111.713 E31.97244
G1 X135.019 Y111.605 E31.99528
G1 X135.328 Y111.467 E32.01779
G1 X135.691 Y111.232 E32.04656
G1 X135.955 Y111 E32.06994
G1 X136.143 Y110.794 E32.08849
G1 X136.311 Y110.581 E32.10654
G1 X136.459 Y110.337 E32.12552
G1 X136.575 Y110.087 E32.14385
G1 X136.672 Y109.82 E32.16275
G1 X136.777 Y109.421 E32.19019
G1 X136.799 Y108.999 E32.2183
G1 X136.778 Y108.581 E32.24614
G1 X136.657 Y108.105 E32.27881
G1 X136.493 Y107.72 E32.30665
G1 X136.311 Y107.422 E32.32988
G1 X136.138 Y107.197 E32.34876
G1 X135.911 Y106.951 E32.37103
G1 X135.582 Y106.686 E32.39913
G1 X135.217 Y106.473 E32.42724
G1 X134.888 Y106.346 E32.4507
G1 X134.626 Y106.272 E32.46881
G1 X134.272 Y106.208 E32.49274
G1 X133.938 Y106.201 E32.51496
G1 X133.645 Y106.223 E32.53451
G1 X133.302 Y106.283 E32.55767
G1 X132.981 Y106.391 E32.5802
G1 X132.672 Y106.529 E32.60271
G1 X132.305 Y106.765 E32.63173
G1 X132.041 Y106.996 E32.65507
G1 X131.855 Y107.201 E32.67348
G1 X131.69 Y107.417 E32.69156
G1 X131.54 Y107.664 E32.71079
G1 X131.421 Y107.911 E32.72902
G1 X131.324 Y108.176 E32.7478
G1 X131.223 Y108.557 E32.77402
G1 X131.201 Y108.999 E32.80345
G1 X131.213 Y109.256 E32.82057
G1 X131.249 Y109.538 E32.83948
G1 X131.339 Y109.891 E32.86371
G1 X131.503 Y110.276 E32.89155
G1 X131.686 Y110.574 E32.91481
G1 X131.858 Y110.799 E32.93365
G1 X132.085 Y111.048 E32.95606
G1 X132.418 Y111.31 E32.98425
G1 X132.784 Y111.527 E33.01255
G1 X133.107 Y111.649 E33.03552
G1 X133.373 Y111.724 E33.05391
G1 X133.728 Y111.788 E33.0779
G1 X134.059 Y111.796 E33.09993
G1 F2700 E28.09993
G0 F12000 X134.054 Y111.089
G0 X135.129 Y109.921
G0 X135.386 Y109.441
G0 X135.453 Y109.053
G0 X135.373 Y108.518
G0 X133.935 Y106.43
G0 X133.96 Y105.336
G0 X134.04 Y81.664
G0 X134.065 Y80.57
G0 X133.961 Y80.009
;TYPE:WALL-INNER
G1 F2700 E33.09993
G1 F2394 X134.492 Y79.936 E33.13567
G1 F2376.2 X134.944 Y79.761 E33.16823
G1 F2364.5 X135.33 Y79.496 E33.19985
G1 X135.65 Y79.123 E33.23303
G1 F2388.1 X135.904 Y78.642 E33.26939
G1 F2412.1 X136.007 Y78.091 E33.30649
G1 F2352.9 X135.954 Y77.62 E33.33865
G1 F2341.5 X135.897 Y77.361 E33.35674
G1 F2376.2 X135.778 Y77.089 E33.37668
G1 F2388.1 X135.637 Y76.856 E33.39489
G1 F2394 X135.362 Y76.538 E33.42293
G1 F2347.2 X135.124 Y76.353 E33.44343
G1 F2291.2 X134.864 Y76.207 E33.46421
G1 F2296.7 X134.547 Y76.066 E33.48832
G1 F2364.5 X134.052 Y75.996 E33.52208
G1 F2376.2 X133.637 Y76.026 E33.55003
G1 F2347.2 X133.113 Y76.196 E33.5875
G1 F2302.2 X132.793 Y76.414 E33.61435
G1 F2335.8 X132.409 Y76.763 E33.64982
G1 F2388.1 X132.15 Y77.248 E33.68658
G1 F2370.4 X132.038 Y77.616 E33.71249
G1 X132.005 Y78.031 E33.74052
G1 F2388.1 X132.013 Y78.285 E33.75751
G1 F2400 X132.099 Y78.635 E33.78149
G1 F2352.9 X132.221 Y78.905 E33.80159
G1 F2341.5 X132.443 Y79.266 E33.83049
G1 F2358.7 X132.634 Y79.458 E33.84882
G1 F2382.1 X132.87 Y79.649 E33.86916
G1 F2352.9 X133.135 Y79.795 E33.88969
G1 F2347.2 X133.552 Y79.944 E33.91981
G1 F2406 X133.961 Y80.009 E33.94729
G0 F12000 X134.051 Y80.396
G1 F2400 X134.305 Y80.379 E33.96423
G1 X134.593 Y80.325 E33.98372
G1 X134.874 Y80.232 E34.00341
G1 X135.136 Y80.115 E34.02249
G1 X135.449 Y79.912 E34.04731
G1 X135.675 Y79.714 E34.0673
G1 X136.047 Y79.275 E34.10557
G1 X136.261 Y78.81 E34.13963
G1 X136.38 Y78.356 E34.17085
G1 X136.398 Y77.979 E34.19595
G1 X136.355 Y77.539 E34.22536
G1 X136.277 Y77.233 E34.24637
G1 X136.137 Y76.904 E34.27015
G1 X135.922 Y76.552 E34.29759
G1 X135.637 Y76.244 E34.3255
G1 X135.355 Y76.017 E34.34958
G1 X135.043 Y75.835 E34.37361
G1 X134.648 Y75.682 E34.40179
G1 X134.232 Y75.607 E34.42991
G1 X133.949 Y75.602 E34.44874
G1 X133.695 Y75.62 E34.46567
G1 X133.4 Y75.671 E34.48559
G1 X133.109 Y75.772 E34.50608
G1 X132.863 Y75.882 E34.524
G1 X132.546 Y76.085 E34.54904
G1 X132.321 Y76.282 E34.56894
G1 X132.021 Y76.642 E34.60011
G1 X131.745 Y77.15 E34.63857
G1 X131.621 Y77.616 E34.67064
G1 X131.602 Y77.999 E34.69615
G1 X131.642 Y78.462 E34.72707
G1 X131.719 Y78.763 E34.74773
G1 X131.859 Y79.092 E34.77152
G1 X132.07 Y79.435 E34.79831
G1 X132.358 Y79.754 E34.8269
G1 X132.644 Y79.979 E34.8511
G1 X132.958 Y80.165 E34.87538
G1 X133.354 Y80.315 E34.90355
G1 X133.768 Y80.388 E34.93151
G1 X134.051 Y80.396 E34.95034
G0 F12000 X134.022 Y79.605
G1 F2400 X133.562 Y79.545 E34.9812
G1 X133.074 Y79.311 E35.0172
G1 X132.767 Y79.022 E35.04525
G1 X132.491 Y78.555 E35.08133
G1 X132.402 Y78.173 E35.10743
G1 X132.445 Y77.562 E35.14817
G1 X132.737 Y76.996 E35.19054
G1 X133.241 Y76.576 E35.23418
G1 X133.844 Y76.395 E35.27606
G1 X134.441 Y76.451 E35.31594
G1 X135.031 Y76.764 E35.36037
G1 X135.357 Y77.149 E35.39393
G1 X135.516 Y77.467 E35.41758
G1 X135.603 Y78.065 E35.45778
G1 X135.53 Y78.495 E35.48679
G1 X135.247 Y79.021 E35.52652
G1 X134.762 Y79.409 E35.56784
G1 X134.44 Y79.539 E35.59094
G1 X134.022 Y79.605 E35.61909
G0 F12000 X134.028 Y79.203
;TYPE:WALL-OUTER
G1 F2400 X133.673 Y79.153 E35.64294
G1 X133.314 Y78.985 E35.6693
G1 X133.088 Y78.786 E35.68933
G1 X132.864 Y78.399 E35.71908
G1 X132.805 Y78.139 E35.73681
G1 X132.845 Y77.655 E35.76912
G1 X133.071 Y77.233 E35.80096
G1 X133.438 Y76.935 E35.83241
G1 X133.872 Y76.806 E35.86253
G1 X134.323 Y76.839 E35.89261
G1 X134.774 Y77.084 E35.92675
G1 X135.006 Y77.346 E35.95003
G1 X135.132 Y77.597 E35.96871
G1 X135.2 Y78.049 E35.99912
G1 X135.145 Y78.361 E36.02019
G1 X134.934 Y78.753 E36.04981
G1 X134.564 Y79.056 E36.08162
G1 X134.348 Y79.146 E36.09718
G1 X134.028 Y79.203 E36.11881
G0 F12000 X133.94 Y79.906
G0 X134.059 Y80.796
G1 F2400 X134.355 Y80.777 E36.13854
G1 X134.693 Y80.713 E36.16142
G1 X135.019 Y80.605 E36.18426
G1 X135.328 Y80.467 E36.20678
G1 X135.691 Y80.232 E36.23554
G1 X135.955 Y80 E36.25892
G1 X136.143 Y79.794 E36.27747
G1 X136.311 Y79.581 E36.29552
G1 X136.459 Y79.337 E36.3145
G1 X136.575 Y79.087 E36.33283
G1 X136.672 Y78.82 E36.35173
G1 X136.777 Y78.421 E36.37918
G1 X136.799 Y77.999 E36.40728
G1 X136.778 Y77.581 E36.43513
G1 X136.657 Y77.105 E36.4678
G1 X136.493 Y76.72 E36.49563
G1 X136.311 Y76.422 E36.51886
G1 X136.138 Y76.197 E36.53774
G1 X135.911 Y75.951 E36.56001
G1 X135.582 Y75.686 E36.58811
G1 X135.217 Y75.473 E36.61622
G1 X134.888 Y75.346 E36.63968
G1 X134.626 Y75.272 E36.65779
G1 X134.272 Y75.208 E36.68172
G1 X133.938 Y75.201 E36.70394
G1 X133.645 Y75.223 E36.72349
G1 X133.302 Y75.283 E36.74665
G1 X132.981 Y75.391 E36.76918
G1 X132.672 Y75.529 E36.79169
G1 X132.305 Y75.765 E36.82072
G1 X132.041 Y75.996 E36.84405
G1 X131.855 Y76.201 E36.86246
G1 X131.69 Y76.417 E36.88055
G1 X131.54 Y76.664 E36.89977
G1 X131.421 Y76.911 E36.91801
G1 X131.324 Y77.176 E36.93678
G1 X131.223 Y77.557 E36.963
G1 X131.201 Y77.999 E36.99244
G1 X131.213 Y78.256 E37.00955
G1 X131.249 Y78.538 E37.02846
G1 X131.339 Y78.891 E37.05269
G1 X131.503 Y79.276 E37.08053
G1 X131.686 Y79.574 E37.10379
G1 X131.858 Y79.799 E37.12263
G1 X132.085 Y80.048 E37.14505
G1 X132.418 Y80.31 E37.17323
G1 X132.784 Y80.527 E37.20154
G1 X133.107 Y80.649 E37.2245
G1 X133.373 Y80.724 E37.24289
G1 X133.728 Y80.788 E37.26688
G1 X134.059 Y80.796 E37.28891
G1 F2700 E32.28891
G0 F12000 X134.054 Y80.089
G0 X134.925 Y79.143
G0 X136.441 Y77.179
G0 X137.499 Y76.909
G0 X139.335 Y77.179
G0 X140.41 Y77.179
G0 X141 Y74
;TYPE:WALL-INNER
G1 F2700 E37.28891
G1 F2487 X141.014 Y72.986 E37.354
G1 X140 Y73 E37.4191
G1 X140.697 Y73.303 E37.46789
G1 X141 Y74 E37.51667
G1 F2400 X141 Y146 E42.30613
G1 F2358.7 X140.993 Y146.174 E42.31792
G0 F12000 X140.838 Y146.838
G0 X140.174 Y146.993
G1 F2436.5 X141.014 Y147.014 E42.37298
G1 F2442.7 X140.993 Y146.174 E42.42789
G1 X140.697 Y146.697 E42.46717
G1 F2436.5 X140.174 Y146.993 E42.50655
G1 F2352.9 X140 Y147 E42.51836
G1 F2400 X80 Y147 E46.50958
G1 F2487 X79.303 Y146.697 E46.55836
G1 F2436.5 X79.007 Y146.174 E46.59774
G1 X78.986 Y147.014 E46.6528
G1 F2487 X80 Y147 E46.71789
G0 F12000 X79.162 Y146.838
G0 X79.007 Y146.174
G1 F2352.9 X79 Y146 E46.72971
G1 F2400 X79 Y74 E51.51917
G1 F2487 X79.303 Y73.303 E51.56795
G1 F2436.5 X79.826 Y73.007 E51.60733
G1 X78.986 Y72.986 E51.66239
G1 F2487 X79 Y74 E51.72748
G0 F12000 X79.162 Y73.162
G0 X79.826 Y73.007
G1 F2352.9 X80 Y73 E51.7393
G1 F2400 X140 Y73 E55.73052
G1 F2700 E50.73052
G0 F12000 X140.838 Y73.162
G0 X140.838 Y146.838
G0 X110 Y147.09
G0 X110 Y147.4
G1 F2700 E55.73052
G1 F2400 X141.4 Y147.4 E57.81925
G1 X141.4 Y72.6 E62.79497
G1 X78.601 Y72.601 E66.97237
G1 X78.601 Y147.399 E71.94796
G1 X110 Y147.4 E74.03663
G0 F12000 X110 Y146.6
G1 F2400 X80 Y146.6 E76.03224
G1 X79.575 Y146.425 E76.06281
G1 X79.4 Y146.089 E76.08801
G1 X79.4 Y74 E80.88339
G1 X79.575 Y73.575 E80.91396
G1 X79.911 Y73.4 E80.93916
G1 X140 Y73.4 E84.9363
G1 X140.424 Y73.576 E84.96684
G1 X140.6 Y74 E84.99738
G1 X140.6 Y146.089 E89.79276
G1 X140.424 Y146.424 E89.81793
G1 X140.089 Y146.6 E89.8431
G1 X110 Y146.6 E91.84463
G0 F12000 X110 Y146.199
;TYPE:WALL-OUTER
G1 F2400 X80 Y146.2 E93.84024
G1 X79.858 Y146.142 E93.85044
G1 X79.802 Y146.035 E93.85848
G1 X79.8 Y74 E98.65026
G1 X79.858 Y73.858 E98.66047
G1 X79.965 Y73.802 E98.6685
G1 X140 Y73.8 E102.66204
G1 X140.142 Y73.858 E102.67225
G1 X140.2 Y74 E102.68245
G1 X140.198 Y146.035 E107.47424
G1 X140.142 Y146.142 E107.48227
G1 X140.035 Y146.198 E107.49031
G1 X110 Y146.199 E109.48824
G0 F12000 X110 Y146.91
G0 X110 Y147.8
G1 F2400 X141.8 Y147.8 E111.60359
G1 X141.8 Y72.2 E116.63252
G1 X78.201 Y72.201 E120.86314
G1 X78.201 Y147.799 E125.89194
G1 X110 Y147.8 E128.00722
G1 F2700 E123.00722
;MESH:NONMESH
G0 F300 Z4.6
G0 F12000 X110 Y147.09
G0 X87.932 Y146.41
G0 X87.932 Y145.335
G0 X84.334 Y109
G0 X88.04 Y81.664
G0 X88.065 Y80.57
G0 X87.932 Y79.905
G0 X87.971 Y79.596
;TIME_ELAPSED:3222.835190
;LAYER:11
;TYPE:WALL-INNER
;MESH:tank_trainer_body.stl
G1 F2700 E128.00722
G1 F2400 X87.618 Y79.558 E128.03084
G1 X87.078 Y79.322 E128.07004
G1 X86.721 Y78.976 E128.10311
G1 X86.454 Y78.459 E128.14182
G1 X86.4 Y77.824 E128.18421
G1 X86.551 Y77.302 E128.22036
G1 X86.854 Y76.871 E128.2554
G1 X87.215 Y76.593 E128.28571
G1 X87.848 Y76.395 E128.32983
G1 X88.442 Y76.447 E128.36949
G1 X89.015 Y76.753 E128.41271
G1 X89.282 Y77.035 E128.43854
G1 X89.524 Y77.496 E128.47317
G1 X89.6 Y77.904 E128.50078
G1 X89.583 Y78.245 E128.52349
G1 X89.453 Y78.668 E128.55293
G1 X89.272 Y78.969 E128.57629
G1 X88.957 Y79.288 E128.60611
G1 X88.438 Y79.544 E128.64461
G1 X87.971 Y79.596 E128.67587
G0 F12000 X88.043 Y79.995
G1 F2388.1 X88.493 Y79.937 E128.7062
G1 F2347.2 X88.941 Y79.756 E128.73906
G1 F2352.9 X89.208 Y79.592 E128.76032
G1 F2400 X89.533 Y79.277 E128.79043
G1 F2394 X89.778 Y78.913 E128.81969
G1 F2358.7 X89.891 Y78.634 E128.84007
G1 F2370.4 X89.959 Y78.389 E128.85719
G1 F2400 X89.997 Y77.978 E128.88465
G1 F2382.1 X89.982 Y77.72 E128.90197
G1 F2376.2 X89.896 Y77.361 E128.92677
G1 X89.703 Y76.938 E128.95801
G1 X89.389 Y76.563 E128.99087
G1 F2352.9 X89.076 Y76.324 E129.01759
G1 X88.59 Y76.072 E129.05473
G1 F2388.1 X88.059 Y75.996 E129.09059
G1 F2376.2 X87.639 Y76.025 E129.11888
G1 F2341.5 X87.088 Y76.213 E129.15857
G1 F2330.1 X86.789 Y76.409 E129.18307
G1 F2341.5 X86.473 Y76.714 E129.21301
G1 F2364.5 X86.187 Y77.129 E129.24704
G1 F2382.1 X86.015 Y77.699 E129.28695
G1 F2364.5 X86.005 Y77.999 E129.30721
G1 F2352.9 X86.058 Y78.545 E129.34443
G1 F2376.2 X86.283 Y79.037 E129.38078
G1 F2370.4 X86.544 Y79.384 E129.41003
G1 F2388.1 X86.916 Y79.678 E129.44172
G1 F2406 X87.417 Y79.919 E129.47861
G1 F2370.4 X87.783 Y79.985 E129.50366
G1 F2364.5 X88.043 Y79.995 E129.52123
G0 F12000 X88.051 Y80.396
G1 F2400 X88.305 Y80.379 E129.53816
G1 X88.593 Y80.325 E129.55766
G1 X88.874 Y80.232 E129.57734
G1 X89.136 Y80.115 E129.59643
G1 X89.449 Y79.912 E129.62125
G1 X89.675 Y79.714 E129.64124
G1 X89.942 Y79.418 E129.66775
G1 X90.136 Y79.095 E129.69282
G1 X90.277 Y78.763 E129.71681
G1 X90.376 Y78.363 E129.74422
G1 X90.399 Y77.993 E129.76888
G1 X90.355 Y77.539 E129.79922
G1 X90.277 Y77.233 E129.82023
G1 X90.136 Y76.903 E129.8441
G1 X89.98 Y76.645 E129.86416
G1 X89.62 Y76.216 E129.90141
G1 X89.206 Y75.916 E129.93542
G1 X88.822 Y75.742 E129.96346
G1 X88.537 Y75.662 E129.98315
G1 X88.231 Y75.607 E130.00384
G1 X87.949 Y75.602 E130.0226
G1 X87.695 Y75.621 E130.03954
G1 X87.401 Y75.672 E130.05939
G1 X87.127 Y75.765 E130.07864
G1 X86.862 Y75.882 E130.09791
G1 X86.545 Y76.085 E130.12295
G1 X86.322 Y76.282 E130.14274
G1 X86.021 Y76.642 E130.17396
G1 X85.743 Y77.153 E130.21265
G1 X85.62 Y77.626 E130.24516
G1 X85.6 Y77.999 E130.27001
G1 X85.642 Y78.462 E130.30094
G1 X85.719 Y78.763 E130.3216
G1 X85.86 Y79.093 E130.34547
G1 X86.012 Y79.344 E130.36499
G1 X86.175 Y79.554 E130.38268
G1 X86.359 Y79.755 E130.4008
G1 X86.644 Y79.978 E130.42488
G1 X86.908 Y80.134 E130.44527
G1 X87.176 Y80.254 E130.46481
G1 X87.659 Y80.387 E130.49813
G1 X88.051 Y80.396 E130.52422
G0 F12000 X88.059 Y80.796
;TYPE:WALL-OUTER
G1 F2400 X88.355 Y80.777 E130.54395
G1 X88.693 Y80.713 E130.56683
G1 X89.019 Y80.605 E130.58967
G1 X89.328 Y80.467 E130.61219
G1 X89.691 Y80.232 E130.64095
G1 X89.955 Y80 E130.66433
G1 X90.143 Y79.794 E130.68288
G1 X90.311 Y79.582 E130.70087
G1 X90.493 Y79.277 E130.7245
G1 X90.657 Y78.891 E130.7524
G1 X90.773 Y78.429 E130.78409
G1 X90.799 Y77.995 E130.81301
G1 X90.778 Y77.581 E130.84058
G1 X90.657 Y77.105 E130.87325
G1 X90.493 Y76.72 E130.90109
G1 X90.31 Y76.418 E130.92458
G1 X90.142 Y76.201 E130.94283
G1 X89.955 Y75.996 E130.96129
G1 X89.751 Y75.817 E130.97935
G1 X89.515 Y75.645 E130.99877
G1 X89.273 Y75.507 E131.0173
G1 X88.959 Y75.365 E131.04023
G1 X88.627 Y75.272 E131.06316
G1 X88.271 Y75.208 E131.08722
G1 X87.938 Y75.201 E131.10938
G1 X87.645 Y75.223 E131.12892
G1 X87.302 Y75.283 E131.15209
G1 X86.981 Y75.391 E131.17462
G1 X86.672 Y75.529 E131.19713
G1 X86.305 Y75.765 E131.22615
G1 X86.041 Y75.996 E131.24949
G1 X85.854 Y76.2 E131.2679
G1 X85.69 Y76.417 E131.28599
G1 X85.54 Y76.664 E131.30521
G1 X85.421 Y76.911 E131.32345
G1 X85.324 Y77.176 E131.34222
G1 X85.224 Y77.555 E131.3683
G1 X85.2 Y77.999 E131.39787
G1 X85.213 Y78.257 E131.41506
G1 X85.249 Y78.538 E131.4339
G1 X85.339 Y78.891 E131.45814
G1 X85.503 Y79.276 E131.48597
G1 X85.682 Y79.57 E131.50887
G1 X85.858 Y79.799 E131.52808
G1 X86.085 Y80.049 E131.55055
G1 X86.418 Y80.31 E131.57869
G1 X86.724 Y80.49 E131.60231
G1 X87.038 Y80.631 E131.6252
G1 X87.39 Y80.732 E131.64956
G1 X87.704 Y80.788 E131.67078
G1 X88.059 Y80.796 E131.6944
G0 F12000 X88.054 Y80.089
G0 X87.996 Y79.196
G1 F2400 X87.741 Y79.17 E131.71145
G1 X87.31 Y78.988 E131.74257
G1 X87.049 Y78.735 E131.76675
G1 X86.848 Y78.363 E131.79488
G1 X86.804 Y77.889 E131.82654
G1 X86.911 Y77.495 E131.8537
G1 X87.164 Y77.137 E131.88286
G1 X87.41 Y76.953 E131.9033
G1 X87.878 Y76.806 E131.93593
G1 X88.329 Y76.839 E131.96601
G1 X88.773 Y77.08 E131.99962
G1 X88.965 Y77.293 E132.01869
G1 X89.137 Y77.617 E132.04309
G1 X89.194 Y77.909 E132.06288
G1 X89.187 Y78.183 E132.08112
G1 X89.085 Y78.511 E132.10397
G1 X88.958 Y78.721 E132.12029
G1 X88.716 Y78.962 E132.14301
G1 X88.34 Y79.15 E132.17097
G1 X87.996 Y79.196 E132.19406
G1 F2700 E127.19406
G0 F12000 X88.09 Y79.905
G0 X88.065 Y80.57
G0 X88.04 Y81.664
G0 X87.96 Y105.336
G0 X87.935 Y106.43
G0 X86.689 Y108.368
G0 X86.55 Y108.863
G0 X86.609 Y109.435
G0 X86.801 Y109.8
G0 X87.932 Y110.91
G0 X87.971 Y110.596
;TYPE:WALL-INNER
G1 F2700 E132.19406
G1 F2400 X87.618 Y110.558 E132.21768
G1 X87.078 Y110.322 E132.25688
G1 X86.721 Y109.976 E132.28995
G1 X86.454 Y109.459 E132.32866
G1 X86.4 Y108.824 E132.37105
G1 X86.551 Y108.302 E132.4072
G1 X86.854 Y107.871 E132.44224
G1 X87.215 Y107.593 E132.47255
G1 X87.848 Y107.395 E132.51667
G1 X88.442 Y107.447 E132.55633
G1 X89.015 Y107.753 E132.59955
G1 X89.282 Y108.035 E132.62538
G1 X89.524 Y108.496 E132.66001
G1 X89.6 Y108.904 E132.68762
G1 X89.583 Y109.245 E132.71033
G1 X89.453 Y109.668 E132.73977
G1 X89.272 Y109.969 E132.76313
G1 X88.957 Y110.288 E132.79295
G1 X88.438 Y110.544 E132.83145
G1 X87.971 Y110.596 E132.86271
G0 F12000 X88.043 Y110.995
G1 F2388.1 X88.493 Y110.937 E132.89304
G1 F2347.2 X88.941 Y110.756 E132.9259
G1 F2352.9 X89.208 Y110.592 E132.94716
G1 F2400 X89.533 Y110.277 E132.97727
G1 F2394 X89.778 Y109.913 E133.00653
G1 F2358.7 X89.891 Y109.634 E133.02691
G1 F2370.4 X89.959 Y109.389 E133.04403
G1 F2400 X89.997 Y108.978 E133.07149
G1 F2382.1 X89.982 Y108.72 E133.08881
G1 F2376.2 X89.896 Y108.361 E133.11361
G1 X89.703 Y107.938 E133.14485
G1 X89.389 Y107.563 E133.17771
G1 F2352.9 X89.076 Y107.324 E133.20443
G1 X88.59 Y107.072 E133.24157
G1 F2388.1 X88.059 Y106.996 E133.27743
G1 F2376.2 X87.639 Y107.025 E133.30572
G1 F2341.5 X87.088 Y107.213 E133.34541
G1 F2330.1 X86.789 Y107.409 E133.36991
G1 F2341.5 X86.473 Y107.714 E133.39986
G1 F2364.5 X86.187 Y108.129 E133.43388
G1 F2382.1 X86.015 Y108.699 E133.47379
G1 F2364.5 X86.005 Y108.999 E133.49405
G1 F2352.9 X86.058 Y109.545 E133.53127
G1 F2376.2 X86.283 Y110.037 E133.56762
G1 F2370.4 X86.544 Y110.384 E133.59687
G1 F2388.1 X86.916 Y110.678 E133.62856
G1 F2406 X87.417 Y110.919 E133.66545
G1 F2370.4 X87.783 Y110.985 E133.6905
G1 F2364.5 X88.043 Y110.995 E133.70807
G0 F12000 X88.051 Y111.396
G1 F2400 X88.305 Y111.379 E133.725
G1 X88.593 Y111.325 E133.7445
G1 X88.874 Y111.232 E133.76419
G1 X89.136 Y111.115 E133.78327
G1 X89.449 Y110.912 E133.80809
G1 X89.675 Y110.714 E133.82808
G1 X89.942 Y110.418 E133.85459
G1 X90.136 Y110.095 E133.87966
G1 X90.277 Y109.763 E133.90365
G1 X90.376 Y109.363 E133.93106
G1 X90.399 Y108.993 E133.95572
G1 X90.355 Y108.539 E133.98606
G1 X90.277 Y108.233 E134.00707
G1 X90.136 Y107.903 E134.03094
G1 X89.98 Y107.645 E134.051
G1 X89.62 Y107.216 E134.08825
G1 X89.206 Y106.916 E134.12226
G1 X88.822 Y106.742 E134.1503
G1 X88.537 Y106.662 E134.16999
G1 X88.231 Y106.607 E134.19068
G1 X87.949 Y106.602 E134.20944
G1 X87.695 Y106.621 E134.22638
G1 X87.401 Y106.672 E134.24623
G1 X87.127 Y106.765 E134.26548
G1 X86.862 Y106.882 E134.28475
G1 X86.545 Y107.085 E134.30979
G1 X86.322 Y107.282 E134.32958
G1 X86.021 Y107.642 E134.3608
G1 X85.743 Y108.153 E134.39949
G1 X85.62 Y108.626 E134.432
G1 X85.6 Y108.999 E134.45685
G1 X85.642 Y109.462 E134.48778
G1 X85.719 Y109.763 E134.50844
G1 X85.86 Y110.093 E134.53231
G1 X86.012 Y110.344 E134.55183
G1 X86.175 Y110.554 E134.56952
G1 X86.359 Y110.755 E134.58764
G1 X86.644 Y110.978 E134.61172
G1 X86.908 Y111.134 E134.63211
G1 X87.176 Y111.254 E134.65165
G1 X87.659 Y111.387 E134.68497
G1 X88.051 Y111.396 E134.71106
G0 F12000 X88.059 Y111.796
;TYPE:WALL-OUTER
G1 F2400 X88.355 Y111.777 E134.73079
G1 X88.693 Y111.713 E134.75367
G1 X89.019 Y111.605 E134.77651
G1 X89.328 Y111.467 E134.79903
G1 X89.691 Y111.232 E134.82779
G1 X89.955 Y111 E134.85117
G1 X90.143 Y110.794 E134.86972
G1 X90.311 Y110.582 E134.88772
G1 X90.493 Y110.277 E134.91134
G1 X90.657 Y109.891 E134.93924
G1 X90.773 Y109.429 E134.97093
G1 X90.799 Y108.995 E134.99985
G1 X90.778 Y108.581 E135.02742
G1 X90.657 Y108.105 E135.06009
G1 X90.493 Y107.72 E135.08793
G1 X90.31 Y107.418 E135.11142
G1 X90.142 Y107.201 E135.12967
G1 X89.955 Y106.996 E135.14813
G1 X89.751 Y106.817 E135.16619
G1 X89.515 Y106.645 E135.18561
G1 X89.273 Y106.507 E135.20414
G1 X88.959 Y106.365 E135.22707
G1 X88.627 Y106.272 E135.25
G1 X88.271 Y106.208 E135.27406
G1 X87.938 Y106.201 E135.29622
G1 X87.645 Y106.223 E135.31576
G1 X87.302 Y106.283 E135.33893
G1 X86.981 Y106.391 E135.36146
G1 X86.672 Y106.529 E135.38397
G1 X86.305 Y106.765 E135.41299
G1 X86.041 Y106.996 E135.43633
G1 X85.854 Y107.2 E135.45474
G1 X85.69 Y107.417 E135.47283
G1 X85.54 Y107.664 E135.49205
G1 X85.421 Y107.911 E135.51029
G1 X85.324 Y108.176 E135.52906
G1 X85.224 Y108.555 E135.55514
G1 X85.2 Y108.999 E135.58472
G1 X85.213 Y109.257 E135.6019
G1 X85.249 Y109.538 E135.62074
G1 X85.339 Y109.891 E135.64498
G1 X85.503 Y110.276 E135.67281
G1 X85.682 Y110.57 E135.69571
G1 X85.858 Y110.799 E135.71492
G1 X86.085 Y111.049 E135.73739
G1 X86.418 Y111.31 E135.76553
G1 X86.724 Y111.49 E135.78915
G1 X87.038 Y111.631 E135.81204
G1 X87.39 Y111.732 E135.8364
G1 X87.704 Y111.788 E135.85762
G1 X88.059 Y111.796 E135.88124
G0 F12000 X88.054 Y111.089
G0 X87.996 Y110.196
G1 F2400 X87.741 Y110.17 E135.89829
G1 X87.31 Y109.988 E135.92941
G1 X87.049 Y109.735 E135.95359
G1 X86.85 Y109.354 E135.98219
G1 X86.805 Y108.873 E136.01432
G1 X86.911 Y108.495 E136.04044
G1 X87.164 Y108.137 E136.0696
G1 X87.41 Y107.953 E136.09003
G1 X87.878 Y107.806 E136.12266
G1 X88.329 Y107.839 E136.15274
G1 X88.773 Y108.08 E136.18635
G1 X88.965 Y108.293 E136.20542
G1 X89.137 Y108.617 E136.22983
G1 X89.194 Y108.909 E136.24962
G1 X89.187 Y109.183 E136.26785
G1 X89.085 Y109.511 E136.2907
G1 X88.958 Y109.721 E136.30702
G1 X88.716 Y109.962 E136.32974
G1 X88.34 Y110.15 E136.35771
G1 X87.996 Y110.196 E136.38079
G1 F2700 E131.38079
G0 F12000 X88.09 Y110.905
G0 X90.292 Y110.174
G0 X91.301 Y110.596
G0 X130.699 Y110.594
G0 X131.707 Y110.172
G0 X133.932 Y110.91
G0 X133.971 Y110.596
;TYPE:WALL-INNER
G1 F2700 E136.38079
G1 F2400 X133.618 Y110.558 E136.40441
G1 X133.078 Y110.322 E136.44361
G1 X132.721 Y109.976 E136.47668
G1 X132.454 Y109.459 E136.51539
G1 X132.4 Y108.824 E136.55778
G1 X132.551 Y108.302 E136.59393
G1 X132.854 Y107.871 E136.62898
G1 X133.215 Y107.593 E136.65928
G1 X133.848 Y107.395 E136.7034
G1 X134.442 Y107.447 E136.74307
G1 X135.015 Y107.753 E136.78628
G1 X135.282 Y108.035 E136.81211
G1 X135.524 Y108.496 E136.84675
G1 X135.6 Y108.904 E136.87435
G1 X135.583 Y109.245 E136.89706
G1 X135.453 Y109.668 E136.9265
G1 X135.272 Y109.969 E136.94987
G1 X134.957 Y110.288 E136.97969
G1 X134.438 Y110.544 E137.01818
G1 X133.971 Y110.596 E137.04944
G0 F12000 X134.043 Y110.995
G1 F2388.1 X134.493 Y110.937 E137.07977
G1 F2347.2 X134.941 Y110.756 E137.11264
G1 F2352.9 X135.208 Y110.592 E137.1339
G1 F2400 X135.533 Y110.277 E137.164
G1 F2394 X135.778 Y109.913 E137.19326
G1 F2358.7 X135.891 Y109.634 E137.21364
G1 F2370.4 X135.959 Y109.389 E137.23076
G1 F2400 X135.997 Y108.978 E137.25822
G1 F2382.1 X135.982 Y108.72 E137.27554
G1 F2376.2 X135.896 Y108.361 E137.30034
G1 X135.703 Y107.938 E137.33158
G1 X135.389 Y107.563 E137.36444
G1 F2352.9 X135.076 Y107.324 E137.39116
G1 X134.59 Y107.072 E137.42831
G1 F2388.1 X134.059 Y106.996 E137.46417
G1 F2376.2 X133.639 Y107.025 E137.49245
G1 F2341.5 X133.088 Y107.213 E137.53215
G1 F2330.1 X132.789 Y107.409 E137.55664
G1 F2341.5 X132.473 Y107.714 E137.58659
G1 F2364.5 X132.187 Y108.129 E137.62062
G1 F2382.1 X132.015 Y108.699 E137.66052
G1 F2364.5 X132.005 Y108.999 E137.68079
G1 F2352.9 X132.058 Y109.545 E137.71801
G1 F2376.2 X132.283 Y110.037 E137.75435
G1 F2370.4 X132.544 Y110.384 E137.7836
G1 F2388.1 X132.916 Y110.678 E137.8153
G1 F2406 X133.417 Y110.919 E137.85219
G1 F2370.4 X133.783 Y110.985 E137.87724
G1 F2364.5 X134.043 Y110.995 E137.8948
G0 F12000 X134.051 Y111.396
G1 F2400 X134.305 Y111.379 E137.91174
G1 X134.593 Y111.325 E137.93123
G1 X134.874 Y111.232 E137.95092
G1 X135.136 Y111.115 E137.97001
G1 X135.449 Y110.912 E137.99482
G1 X135.675 Y110.714 E138.01481
G1 X135.942 Y110.418 E138.04133
G1 X136.136 Y110.095 E138.06639
G1 X136.277 Y109.763 E138.09038
G1 X136.376 Y109.363 E138.11779
G1 X136.399 Y108.993 E138.14245
G1 X136.355 Y108.539 E138.1728
G1 X136.277 Y108.233 E138.1938
G1 X136.136 Y107.903 E138.21767
G1 X135.98 Y107.645 E138.23773
G1 X135.62 Y107.216 E138.27498
G1 X135.206 Y106.916 E138.30899
G1 X134.822 Y106.742 E138.33704
G1 X134.537 Y106.662 E138.35673
G1 X134.231 Y106.607 E138.37741
G1 X133.949 Y106.602 E138.39617
G1 X133.695 Y106.621 E138.41311
G1 X133.401 Y106.672 E138.43296
G1 X133.127 Y106.765 E138.45221
G1 X132.862 Y106.882 E138.47148
G1 X132.545 Y107.085 E138.49652
G1 X132.322 Y107.282 E138.51631
G1 X132.021 Y107.642 E138.54753
G1 X131.743 Y108.153 E138.58623
G1 X131.62 Y108.626 E138.61874
G1 X131.6 Y108.999 E138.64358
G1 X131.642 Y109.462 E138.67451
G1 X131.719 Y109.763 E138.69518
G1 X131.86 Y110.093 E138.71905
G1 X132.012 Y110.344 E138.73857
G1 X132.175 Y110.554 E138.75625
G1 X132.359 Y110.755 E138.77438
G1 X132.644 Y110.978 E138.79845
G1 X132.908 Y111.134 E138.81885
G1 X133.176 Y111.254 E138.83838
G1 X133.659 Y111.387 E138.87171
G1 X134.051 Y111.396 E138.89779
G0 F12000 X134.059 Y111.796
;TYPE:WALL-OUTER
G1 F2400 X134.355 Y111.777 E138.91752
G1 X134.693 Y111.713 E138.9404
G1 X135.019 Y111.605 E138.96325
G1 X135.328 Y111.467 E138.98576
G1 X135.691 Y111.232 E139.01452
G1 X135.955 Y111 E139.0379
G1 X136.143 Y110.794 E139.05645
G1 X136.311 Y110.582 E139.07445
G1 X136.493 Y110.277 E139.09807
G1 X136.657 Y109.891 E139.12597
G1 X136.773 Y109.429 E139.15766
G1 X136.799 Y108.995 E139.18658
G1 X136.778 Y108.581 E139.21416
G1 X136.657 Y108.105 E139.24683
G1 X136.493 Y107.72 E139.27466
G1 X136.31 Y107.418 E139.29815
G1 X136.142 Y107.201 E139.31641
G1 X135.955 Y106.996 E139.33487
G1 X135.751 Y106.817 E139.35292
G1 X135.515 Y106.645 E139.37234
G1 X135.273 Y106.507 E139.39088
G1 X134.959 Y106.365 E139.4138
G1 X134.627 Y106.272 E139.43673
G1 X134.271 Y106.208 E139.4608
G1 X133.938 Y106.201 E139.48295
G1 X133.645 Y106.223 E139.5025
G1 X133.302 Y106.283 E139.52566
G1 X132.981 Y106.391 E139.54819
G1 X132.672 Y106.529 E139.5707
G1 X132.305 Y106.765 E139.59973
G1 X132.041 Y106.996 E139.62306
G1 X131.854 Y107.2 E139.64147
G1 X131.69 Y107.417 E139.65956
G1 X131.54 Y107.664 E139.67879
G1 X131.421 Y107.911 E139.69702
G1 X131.324 Y108.176 E139.7158
G1 X131.224 Y108.555 E139.74187
G1 X131.2 Y108.999 E139.77145
G1 X131.213 Y109.257 E139.78863
G1 X131.249 Y109.538 E139.80748
G1 X131.339 Y109.891 E139.83171
G1 X131.503 Y110.276 E139.85955
G1 X131.682 Y110.57 E139.88244
G1 X131.858 Y110.799 E139.90166
G1 X132.085 Y111.049 E139.92412
G1 X132.418 Y111.31 E139.95226
G1 X132.724 Y111.49 E139.97588
G1 X133.038 Y111.631 E139.99878
G1 X133.39 Y111.732 E140.02314
G1 X133.704 Y111.788 E140.04435
G1 X134.059 Y111.796 E140.06797
G0 F12000 X134.054 Y111.089
G0 X133.996 Y110.196
G1 F2400 X133.741 Y110.17 E140.08502
G1 X133.31 Y109.988 E140.11614
G1 X133.049 Y109.735 E140.14032
G1 X132.85 Y109.354 E140.16892
G1 X132.805 Y108.873 E140.20105
G1 X132.911 Y108.495 E140.22717
G1 X133.164 Y108.137 E140.25633
G1 X133.41 Y107.953 E140.27676
G1 X133.878 Y107.806 E140.3094
G1 X134.329 Y107.839 E140.33948
G1 X134.773 Y108.08 E140.37308
G1 X134.965 Y108.293 E140.39216
G1 X135.137 Y108.617 E140.41656
G1 X135.194 Y108.909 E140.43635
G1 X135.187 Y109.183 E140.45458
G1 X135.085 Y109.511 E140.47743
G1 X134.958 Y109.721 E140.49376
G1 X134.716 Y109.962 E140.51647
G1 X134.34 Y110.15 E140.54444
G1 X133.996 Y110.196 E140.56753
G1 F2700 E135.56753
G0 F12000 X134.09 Y110.905
G0 X135.156 Y109.878
G0 X135.314 Y109.618
G0 X135.435 Y109.225
G0 X135.45 Y108.911
G0 X135.384 Y108.549
G0 X135.257 Y108.308
G0 X133.935 Y106.43
G0 X133.96 Y105.336
G0 X134.04 Y81.664
G0 X134.065 Y80.57
G0 X134.043 Y79.995
;TYPE:WALL-INNER
G1 F2700 E140.56753
G1 F2388.1 X134.493 Y79.937 E140.59786
G1 F2347.2 X134.941 Y79.756 E140.63072
G1 F2352.9 X135.208 Y79.592 E140.65198
G1 F2400 X135.533 Y79.277 E140.68209
G1 F2394 X135.778 Y78.913 E140.71135
G1 F2358.7 X135.891 Y78.634 E140.73172
G1 F2370.4 X135.959 Y78.389 E140.74885
G1 F2400 X135.997 Y77.978 E140.77631
G1 F2382.1 X135.982 Y77.72 E140.79363
G1 F2376.2 X135.896 Y77.361 E140.81843
G1 X135.703 Y76.938 E140.84967
G1 X135.389 Y76.563 E140.88253
G1 F2352.9 X135.076 Y76.324 E140.90925
G1 X134.59 Y76.072 E140.94639
G1 F2388.1 X134.059 Y75.996 E140.98225
G1 F2376.2 X133.639 Y76.025 E141.01054
G1 F2341.5 X133.088 Y76.213 E141.05023
G1 F2330.1 X132.789 Y76.409 E141.07473
G1 F2341.5 X132.473 Y76.714 E141.10467
G1 F2364.5 X132.187 Y77.129 E141.1387
G1 F2382.1 X132.015 Y77.699 E141.17861
G1 F2364.5 X132.005 Y77.999 E141.19887
G1 F2352.9 X132.058 Y78.545 E141.23609
G1 F2376.2 X132.283 Y79.037 E141.27244
G1 F2370.4 X132.544 Y79.384 E141.30168
G1 F2388.1 X132.916 Y79.678 E141.33338
G1 F2406 X133.417 Y79.919 E141.37027
G1 F2370.4 X133.783 Y79.985 E141.39532
G1 F2364.5 X134.043 Y79.995 E141.41289
G0 F12000 X134.051 Y80.396
G1 F2400 X134.305 Y80.379 E141.42982
G1 X134.593 Y80.325 E141.44931
G1 X134.874 Y80.232 E141.469
G1 X135.136 Y80.115 E141.48809
G1 X135.449 Y79.912 E141.51291
G1 X135.675 Y79.714 E141.53289
G1 X135.942 Y79.418 E141.55941
G1 X136.136 Y79.095 E141.58447
G1 X136.277 Y78.763 E141.60847
G1 X136.376 Y78.363 E141.63588
G1 X136.399 Y77.993 E141.66054
G1 X136.355 Y77.539 E141.69088
G1 X136.277 Y77.233 E141.71189
G1 X136.136 Y76.903 E141.73576
G1 X135.98 Y76.645 E141.75581
G1 X135.62 Y76.216 E141.79307
G1 X135.206 Y75.916 E141.82708
G1 X134.822 Y75.742 E141.85512
G1 X134.537 Y75.662 E141.87481
G1 X134.231 Y75.607 E141.89549
G1 X133.949 Y75.602 E141.91426
G1 X133.695 Y75.621 E141.9312
G1 X133.401 Y75.672 E141.95105
G1 X133.127 Y75.765 E141.9703
G1 X132.862 Y75.882 E141.98957
G1 X132.545 Y76.085 E142.01461
G1 X132.322 Y76.282 E142.0344
G1 X132.021 Y76.642 E142.06561
G1 X131.743 Y77.153 E142.10431
G1 X131.62 Y77.626 E142.13682
G1 X131.6 Y77.999 E142.16167
G1 X131.642 Y78.462 E142.19259
G1 X131.719 Y78.763 E142.21326
G1 X131.86 Y79.093 E142.23713
G1 X132.012 Y79.344 E142.25665
G1 X132.175 Y79.554 E142.27434
G1 X132.359 Y79.755 E142.29246
G1 X132.644 Y79.978 E142.31654
G1 X132.908 Y80.134 E142.33693
G1 X133.176 Y80.254 E142.35647
G1 X133.659 Y80.387 E142.38979
G1 X134.051 Y80.396 E142.41587
G0 F12000 X133.971 Y79.596
G1 F2400 X133.618 Y79.558 E142.43949
G1 X133.078 Y79.322 E142.47869
G1 X132.721 Y78.976 E142.51176
G1 X132.454 Y78.459 E142.55047
G1 X132.4 Y77.824 E142.59286
G1 X132.551 Y77.302 E142.62901
G1 X132.854 Y76.871 E142.66406
G1 X133.215 Y76.593 E142.69437
G1 X133.848 Y76.395 E142.73849
G1 X134.442 Y76.447 E142.77815
G1 X135.015 Y76.753 E142.82136
G1 X135.282 Y77.035 E142.84719
G1 X135.524 Y77.496 E142.88183
G1 X135.6 Y77.904 E142.90943
G1 X135.583 Y78.245 E142.93215
G1 X135.453 Y78.668 E142.96158
G1 X135.272 Y78.969 E142.98495
G1 X134.957 Y79.288 E143.01477
G1 X134.438 Y79.544 E143.05326
G1 X133.971 Y79.596 E143.08452
G0 F12000 X133.996 Y79.196
;TYPE:WALL-OUTER
G1 F2400 X133.741 Y79.17 E143.10157
G1 X133.31 Y78.988 E143.13269
G1 X133.049 Y78.735 E143.15687
G1 X132.85 Y78.354 E143.18547
G1 X132.805 Y77.873 E143.2176
G1 X132.911 Y77.495 E143.24372
G1 X133.164 Y77.137 E143.27288
G1 X133.41 Y76.953 E143.29331
G1 X133.878 Y76.806 E143.32594
G1 X134.329 Y76.839 E143.35602
G1 X134.773 Y77.08 E143.38963
G1 X134.965 Y77.293 E143.40871
G1 X135.137 Y77.617 E143.43311
G1 X135.194 Y77.909 E143.4529
G1 X135.187 Y78.183 E143.47113
G1 X135.085 Y78.511 E143.49398
G1 X134.958 Y78.721 E143.5103
G1 X134.716 Y78.962 E143.53302
G1 X134.34 Y79.15 E143.56099
G1 X133.996 Y79.196 E143.58407
G0 F12000 X134.09 Y79.905
G0 X134.059 Y80.796
G1 F2400 X134.355 Y80.777 E143.6038
G1 X134.693 Y80.713 E143.62669
G1 X135.019 Y80.605 E143.64953
G1 X135.328 Y80.467 E143.67204
G1 X135.691 Y80.232 E143.70081
G1 X135.955 Y80 E143.72419
G1 X136.143 Y79.794 E143.74274
G1 X136.311 Y79.582 E143.76073
G1 X136.493 Y79.277 E143.78436
G1 X136.657 Y78.891 E143.81226
G1 X136.773 Y78.429 E143.84394
G1 X136.799 Y77.995 E143.87287
G1 X136.778 Y77.581 E143.90044
G1 X136.657 Y77.105 E143.93311
G1 X136.493 Y76.72 E143.96095
G1 X136.31 Y76.418 E143.98444
G1 X136.142 Y76.201 E144.00269
G1 X135.955 Y75.996 E144.02115
G1 X135.751 Y75.817 E144.0392
G1 X135.515 Y75.645 E144.05863
G1 X135.273 Y75.507 E144.07716
G1 X134.959 Y75.365 E144.10009
G1 X134.627 Y75.272 E144.12302
G1 X134.271 Y75.208 E144.14708
G1 X133.938 Y75.201 E144.16924
G1 X133.645 Y75.223 E144.18878
G1 X133.302 Y75.283 E144.21195
G1 X132.981 Y75.391 E144.23447
G1 X132.672 Y75.529 E144.25699
G1 X132.305 Y75.765 E144.28601
G1 X132.041 Y75.996 E144.30935
G1 X131.854 Y76.2 E144.32775
G1 X131.69 Y76.417 E144.34585
G1 X131.54 Y76.664 E144.36507
G1 X131.421 Y76.911 E144.38331
G1 X131.324 Y77.176 E144.40208
G1 X131.224 Y77.555 E144.42816
G1 X131.2 Y77.999 E144.45773
G1 X131.213 Y78.257 E144.47492
G1 X131.249 Y78.538 E144.49376
G1 X131.339 Y78.891 E144.518
G1 X131.503 Y79.276 E144.54583
G1 X131.682 Y79.57 E144.56873
G1 X131.858 Y79.799 E144.58794
G1 X132.085 Y80.049 E144.6104
G1 X132.418 Y80.31 E144.63855
G1 X132.724 Y80.49 E144.66216
G1 X133.038 Y80.631 E144.68506
G1 X133.39 Y80.732 E144.70942
G1 X133.704 Y80.788 E144.73064
G1 X134.059 Y80.796 E144.75426
G1 F2700 E139.75426
G0 F12000 X134.054 Y80.089
G0 X134.947 Y79.108
G0 X136.441 Y77.179
G0 X137.499 Y76.909
G0 X139.335 Y77.179
G0 X140.41 Y77.179
G0 X141 Y74
;TYPE:WALL-INNER
G1 F2700 E144.75426
G1 F2487 X141.014 Y72.986 E144.81936
G1 X140 Y73 E144.88445
G1 X140.697 Y73.303 E144.93324
G1 X141 Y74 E144.98203
G1 F2400 X141 Y146 E149.77148
G1 F2358.7 X140.993 Y146.174 E149.78327
G0 F12000 X140.838 Y146.838
G0 X140.174 Y146.993
G1 F2436.5 X141.014 Y147.014 E149.83833
G1 F2442.7 X140.993 Y146.174 E149.89324
G1 X140.697 Y146.697 E149.93252
G1 F2436.5 X140.174 Y146.993 E149.9719
G1 F2352.9 X140 Y147 E149.98371
G1 F2400 X80 Y147 E153.97493
G1 F2487 X79.303 Y146.697 E154.02371
G1 F2436.5 X79.007 Y146.174 E154.06309
G1 X78.986 Y147.014 E154.11815
G1 F2487 X80 Y147 E154.18324
G0 F12000 X79.162 Y146.838
G0 X79.007 Y146.174
G1 F2352.9 X79 Y146 E154.19506
G1 F2400 X79 Y74 E158.98452
G1 F2487 X79.303 Y73.303 E159.03331
G1 F2436.5 X79.826 Y73.007 E159.07268
G1 X78.986 Y72.986 E159.12774
G1 F2487 X79 Y74 E159.19283
G0 F12000 X79.162 Y73.162
G0 X79.826 Y73.007
G1 F2352.9 X80 Y73 E159.20465
G1 F2400 X140 Y73 E163.19587
G1 F2700 E158.19587
G0 F12000 X140.838 Y73.162
G0 X140.838 Y146.838
G0 X110 Y147.09
G0 X110 Y147.4
G1 F2700 E163.19587
G1 F2400 X141.4 Y147.4 E165.2846
G1 X141.4 Y72.6 E170.26032
G1 X78.601 Y72.601 E174.43773
G1 X78.601 Y147.399 E179.41331
G1 X110 Y147.4 E181.50198
G0 F12000 X110 Y146.6
G1 F2400 X80 Y146.6 E183.49759
G1 X79.575 Y146.425 E183.52816
G1 X79.4 Y146.089 E183.55336
G1 X79.4 Y74 E188.34874
G1 X79.575 Y73.575 E188.37931
G1 X79.911 Y73.4 E188.40452
G1 X140 Y73.4 E192.40165
G1 X140.424 Y73.576 E192.43219
G1 X140.6 Y74 E192.46273
G1 X140.6 Y146.089 E197.25811
G1 X140.424 Y146.424 E197.28328
G1 X140.089 Y146.6 E197.30845
G1 X110 Y146.6 E199.30998
G0 F12000 X110 Y146.199
;TYPE:WALL-OUTER
G1 F2400 X80 Y146.2 E201.30559
G1 X79.858 Y146.142 E201.31579
G1 X79.802 Y146.035 E201.32383
G1 X79.8 Y74 E206.11561
G1 X79.858 Y73.858 E206.12582
G1 X79.965 Y73.802 E206.13385
G1 X140 Y73.8 E210.1274
G1 X140.142 Y73.858 E210.1376
G1 X140.2 Y74 E210.1478
G1 X140.198 Y146.035 E214.93959
G1 X140.142 Y146.142 E214.94762
G1 X140.035 Y146.198 E214.95566
G1 X110 Y146.199 E216.95359
G0 F12000 X110 Y146.91
G0 X110 Y147.8
G1 F2400 X141.8 Y147.8 E219.06894
G1 X141.8 Y72.2 E224.09787
G1 X78.201 Y72.201 E228.32849
G1 X78.201 Y147.799 E233.35729
G1 X110 Y147.8 E235.47257
G1 F2700 E230.47257
;MESH:NONMESH
G0 F300 Z5
G0 F12000 X110 Y147.09
G0 X88.045 Y146.41
G0 X88.045 Y145.335
G0 X91.666 Y109.001
G0 X88.04 Y81.664
G0 X88.065 Y80.57
G0 X88.045 Y79.911
G0 X88.006 Y79.604
;TIME_ELAPSED:3275.282770
;LAYER:12
;TYPE:WALL-INNER
;MESH:tank_trainer_body.stl
G1 F2700 E235.47257
G1 F2400 X87.347 Y79.475 E235.51724
G1 X86.766 Y79.047 E235.56524
G1 X86.454 Y78.466 E235.60911
G1 X86.404 Y77.771 E235.65546
G1 X86.566 Y77.272 E235.69036
G1 X86.868 Y76.856 E235.72456
G1 X87.2 Y76.61 E235.75204
G1 X87.583 Y76.455 E235.77953
G1 X87.971 Y76.394 E235.80565
G1 X88.459 Y76.462 E235.83843
G1 X88.918 Y76.68 E235.87223
G1 X89.25 Y76.988 E235.90236
G1 X89.548 Y77.548 E235.94455
G1 X89.595 Y78.222 E235.9895
G1 X89.445 Y78.688 E236.02206
G1 X89.267 Y78.972 E236.04436
G1 X88.897 Y79.33 E236.0786
G1 X88.439 Y79.542 E236.11218
G1 X88.006 Y79.604 E236.14127
G0 F12000 X88.006 Y79.996
G1 F2400 X88.362 Y79.97 E236.16502
G1 F2412.1 X88.638 Y79.892 E236.184
G1 F2400 X89.106 Y79.681 E236.21815
G1 F2376.2 X89.484 Y79.339 E236.2524
G1 F2370.4 X89.648 Y79.127 E236.27045
G1 F2388.1 X89.838 Y78.777 E236.29707
G1 F2412.1 X89.958 Y78.395 E236.32358
G1 F2347.2 X89.989 Y77.99 E236.3512
G1 F2313.3 X89.958 Y77.616 E236.3771
G1 F2370.4 X89.898 Y77.365 E236.39449
G1 F2341.5 X89.771 Y77.089 E236.4152
G1 F2318.8 X89.625 Y76.836 E236.43531
G1 F2376.2 X89.455 Y76.627 E236.45341
G1 F2394 X89.133 Y76.349 E236.48178
G1 F2376.2 X88.758 Y76.146 E236.51043
G1 F2388.1 X88.445 Y76.051 E236.5323
G1 F2400 X88.045 Y75.99 E236.55921
G1 F2394 X87.518 Y76.05 E236.59458
G1 F2376.2 X87.054 Y76.236 E236.62817
G1 X86.697 Y76.469 E236.65681
G1 X86.472 Y76.713 E236.67911
G1 F2388.1 X86.187 Y77.126 E236.71266
G1 F2400 X86.037 Y77.613 E236.74655
G1 F2388.1 X85.999 Y77.878 E236.76445
G1 F2352.9 X86.042 Y78.385 E236.79897
G1 X86.123 Y78.69 E236.82039
G1 F2364.5 X86.349 Y79.121 E236.85324
G1 F2335.8 X86.636 Y79.456 E236.8834
G1 F2302.2 X86.874 Y79.639 E236.90422
G1 F2307.7 X87.2 Y79.848 E236.93101
G1 F2330.1 X87.713 Y79.974 E236.9672
G1 F2364.5 X88.006 Y79.996 E236.98704
G0 F12000 X88.051 Y80.396
G1 F2400 X88.406 Y80.374 E237.0107
G1 X88.895 Y80.232 E237.04457
G1 X89.198 Y80.076 E237.06724
G1 X89.445 Y79.916 E237.08682
G1 X89.675 Y79.715 E237.10713
G1 X90.054 Y79.267 E237.14617
G1 X90.29 Y78.703 E237.18684
G1 X90.373 Y78.384 E237.20877
G1 X90.399 Y77.992 E237.2349
G1 X90.355 Y77.536 E237.26537
G1 X90.278 Y77.237 E237.28591
G1 X90.136 Y76.902 E237.31011
G1 X89.954 Y76.602 E237.33346
G1 X89.694 Y76.289 E237.36052
G1 X89.36 Y76.017 E237.38918
G1 X89.083 Y75.86 E237.41036
G1 X88.829 Y75.745 E237.4289
G1 X88.535 Y75.661 E237.44924
G1 X88.235 Y75.608 E237.46951
G1 X87.949 Y75.6 E237.48854
G1 X87.695 Y75.62 E237.50549
G1 X87.401 Y75.672 E237.52535
G1 X87.127 Y75.764 E237.54458
G1 X86.862 Y75.881 E237.56385
G1 X86.546 Y76.085 E237.58887
G1 X86.322 Y76.282 E237.60871
G1 X86.022 Y76.642 E237.63988
G1 X85.831 Y76.957 E237.66439
G1 X85.706 Y77.294 E237.6883
G1 X85.62 Y77.635 E237.71169
G1 X85.601 Y77.996 E237.73574
G1 X85.62 Y78.371 E237.76071
G1 X85.719 Y78.763 E237.78761
G1 X85.86 Y79.092 E237.81142
G1 X86.08 Y79.449 E237.83931
G1 X86.358 Y79.755 E237.86681
G1 X86.643 Y79.978 E237.89089
G1 X86.909 Y80.134 E237.9114
G1 X87.175 Y80.254 E237.93081
G1 X87.471 Y80.338 E237.95128
G1 X87.756 Y80.388 E237.97053
G1 X88.051 Y80.396 E237.99016
G0 F12000 X88.059 Y80.796
;TYPE:WALL-OUTER
G1 F2400 X88.355 Y80.777 E238.00989
G1 X88.614 Y80.729 E238.02741
G1 X88.889 Y80.65 E238.04644
G1 X89.146 Y80.552 E238.06474
G1 X89.399 Y80.422 E238.08366
G1 X89.687 Y80.236 E238.10647
G1 X89.955 Y80.001 E238.13018
G1 X90.143 Y79.794 E238.14878
G1 X90.31 Y79.582 E238.16673
G1 X90.455 Y79.341 E238.18544
G1 X90.575 Y79.086 E238.20419
G1 X90.672 Y78.823 E238.22283
G1 X90.743 Y78.552 E238.24147
G1 X90.78 Y78.291 E238.259
G1 X90.799 Y77.994 E238.2788
G1 X90.784 Y77.704 E238.29812
G1 X90.747 Y77.456 E238.3148
G1 X90.658 Y77.109 E238.33863
G1 X90.493 Y76.72 E238.36674
G1 X90.28 Y76.369 E238.39405
G1 X89.976 Y76.003 E238.4257
G1 X89.586 Y75.686 E238.45913
G1 X89.265 Y75.503 E238.48371
G1 X88.967 Y75.369 E238.50544
G1 X88.626 Y75.271 E238.52904
G1 X88.275 Y75.208 E238.55277
G1 X87.938 Y75.2 E238.57519
G1 X87.645 Y75.223 E238.59474
G1 X87.302 Y75.283 E238.6179
G1 X86.981 Y75.391 E238.64043
G1 X86.672 Y75.529 E238.66294
G1 X86.305 Y75.765 E238.69197
G1 X86.041 Y75.996 E238.7153
G1 X85.854 Y76.2 E238.73371
G1 X85.69 Y76.417 E238.75181
G1 X85.54 Y76.664 E238.77103
G1 X85.421 Y76.911 E238.78927
G1 X85.324 Y77.176 E238.80804
G1 X85.253 Y77.456 E238.82725
G1 X85.216 Y77.705 E238.844
G1 X85.201 Y77.996 E238.86338
G1 X85.213 Y78.256 E238.8807
G1 X85.249 Y78.538 E238.89961
G1 X85.339 Y78.891 E238.92384
G1 X85.503 Y79.276 E238.95168
G1 X85.682 Y79.57 E238.97457
G1 X85.858 Y79.799 E238.99379
G1 X86.085 Y80.049 E239.01625
G1 X86.417 Y80.31 E239.04434
G1 X86.725 Y80.49 E239.06807
G1 X87.037 Y80.631 E239.09085
G1 X87.381 Y80.728 E239.11462
G1 X87.716 Y80.788 E239.13726
G1 X88.059 Y80.796 E239.16008
G0 F12000 X88.054 Y80.089
G0 X87.879 Y79.898
G0 X88.02 Y79.199
G1 F2400 X87.507 Y79.1 E239.19484
G1 X87.081 Y78.782 E239.2302
G1 X86.847 Y78.349 E239.26294
G1 X86.805 Y77.83 E239.29758
G1 X86.916 Y77.476 E239.32226
G1 X87.147 Y77.149 E239.34889
G1 X87.387 Y76.967 E239.36892
G1 X87.72 Y76.831 E239.39285
G1 X87.956 Y76.8 E239.40868
G1 X88.323 Y76.843 E239.43326
G1 X88.68 Y77.009 E239.45945
G1 X88.919 Y77.223 E239.48079
G1 X89.154 Y77.649 E239.51316
G1 X89.187 Y78.177 E239.54835
G1 X89.082 Y78.518 E239.57208
G1 X88.944 Y78.736 E239.58925
G1 X88.65 Y79.008 E239.61589
G1 X88.328 Y79.157 E239.63949
G1 X88.02 Y79.199 E239.66017
G1 F2700 E234.66017
G0 F12000 X87.879 Y79.898
G0 X88.065 Y80.57
G0 X88.04 Y81.664
G0 X87.96 Y105.336
G0 X87.935 Y106.43
G0 X86.691 Y108.366
G0 X86.557 Y108.806
G0 X86.604 Y109.426
G0 X86.834 Y109.847
G0 X87.944 Y110.911
G0 X88.006 Y110.604
;TYPE:WALL-INNER
G1 F2700 E239.66017
G1 F2400 X87.347 Y110.475 E239.70484
G1 X86.766 Y110.047 E239.75284
G1 X86.454 Y109.466 E239.79671
G1 X86.404 Y108.771 E239.84306
G1 X86.566 Y108.272 E239.87796
G1 X86.868 Y107.856 E239.91215
G1 X87.2 Y107.61 E239.93964
G1 X87.583 Y107.455 E239.96713
G1 X87.971 Y107.394 E239.99325
G1 X88.459 Y107.462 E240.02603
G1 X88.918 Y107.68 E240.05983
G1 X89.25 Y107.988 E240.08995
G1 X89.548 Y108.548 E240.13215
G1 X89.595 Y109.222 E240.17709
G1 X89.445 Y109.688 E240.20966
G1 X89.267 Y109.972 E240.23196
G1 X88.897 Y110.33 E240.2662
G1 X88.439 Y110.542 E240.29977
G1 X88.006 Y110.604 E240.32887
G0 F12000 X88.006 Y110.996
G1 F2400 X88.362 Y110.97 E240.35262
G1 F2412.1 X88.638 Y110.892 E240.3716
G1 F2400 X89.106 Y110.681 E240.40575
G1 F2376.2 X89.484 Y110.339 E240.44
G1 F2370.4 X89.648 Y110.127 E240.45805
G1 F2388.1 X89.838 Y109.777 E240.48467
G1 F2412.1 X89.958 Y109.395 E240.51117
G1 F2347.2 X89.989 Y108.99 E240.5388
G1 F2313.3 X89.958 Y108.616 E240.5647
G1 F2370.4 X89.898 Y108.365 E240.58208
G1 F2341.5 X89.771 Y108.089 E240.6028
G1 F2318.8 X89.625 Y107.836 E240.62291
G1 F2376.2 X89.455 Y107.627 E240.64101
G1 F2394 X89.133 Y107.349 E240.66938
G1 F2376.2 X88.758 Y107.146 E240.69803
G1 F2388.1 X88.445 Y107.051 E240.7199
G1 F2400 X88.045 Y106.99 E240.74681
G1 F2394 X87.518 Y107.05 E240.78218
G1 F2376.2 X87.054 Y107.236 E240.81577
G1 X86.697 Y107.469 E240.84441
G1 X86.472 Y107.713 E240.86671
G1 F2388.1 X86.187 Y108.126 E240.90025
G1 F2400 X86.037 Y108.613 E240.93415
G1 F2388.1 X85.999 Y108.878 E240.95205
G1 F2352.9 X86.042 Y109.385 E240.98657
G1 X86.123 Y109.69 E241.00798
G1 F2364.5 X86.349 Y110.121 E241.04084
G1 F2335.8 X86.636 Y110.456 E241.07099
G1 F2302.2 X86.874 Y110.639 E241.09181
G1 F2307.7 X87.2 Y110.848 E241.1186
G1 F2330.1 X87.713 Y110.974 E241.1548
G1 F2364.5 X88.006 Y110.996 E241.17464
G0 F12000 X88.051 Y111.396
G1 F2400 X88.406 Y111.374 E241.1983
G1 X88.895 Y111.232 E241.23217
G1 X89.198 Y111.076 E241.25484
G1 X89.445 Y110.916 E241.27441
G1 X89.675 Y110.715 E241.29473
G1 X90.054 Y110.267 E241.33377
G1 X90.29 Y109.703 E241.37444
G1 X90.373 Y109.384 E241.39636
G1 X90.399 Y108.992 E241.4225
G1 X90.355 Y108.536 E241.45297
G1 X90.278 Y108.237 E241.47351
G1 X90.136 Y107.902 E241.49771
G1 X89.954 Y107.602 E241.52105
G1 X89.694 Y107.289 E241.54812
G1 X89.36 Y107.017 E241.57677
G1 X89.083 Y106.86 E241.59795
G1 X88.829 Y106.745 E241.6165
G1 X88.535 Y106.661 E241.63684
G1 X88.235 Y106.608 E241.65711
G1 X87.949 Y106.6 E241.67614
G1 X87.695 Y106.62 E241.69309
G1 X87.401 Y106.672 E241.71295
G1 X87.127 Y106.764 E241.73217
G1 X86.862 Y106.881 E241.75144
G1 X86.546 Y107.085 E241.77646
G1 X86.322 Y107.282 E241.79631
G1 X86.022 Y107.642 E241.82748
G1 X85.831 Y107.957 E241.85198
G1 X85.706 Y108.294 E241.87589
G1 X85.62 Y108.635 E241.89929
G1 X85.601 Y108.996 E241.92334
G1 X85.62 Y109.371 E241.94831
G1 X85.719 Y109.763 E241.97521
G1 X85.86 Y110.092 E241.99902
G1 X86.08 Y110.449 E242.02691
G1 X86.358 Y110.755 E242.05441
G1 X86.643 Y110.978 E242.07849
G1 X86.909 Y111.134 E242.099
G1 X87.175 Y111.254 E242.11841
G1 X87.471 Y111.338 E242.13888
G1 X87.756 Y111.388 E242.15813
G1 X88.051 Y111.396 E242.17776
G0 F12000 X88.059 Y111.796
;TYPE:WALL-OUTER
G1 F2400 X88.355 Y111.777 E242.19749
G1 X88.614 Y111.729 E242.21501
G1 X88.889 Y111.65 E242.23404
G1 X89.146 Y111.552 E242.25234
G1 X89.399 Y111.422 E242.27126
G1 X89.687 Y111.236 E242.29407
G1 X89.955 Y111.001 E242.31778
G1 X90.143 Y110.794 E242.33638
G1 X90.31 Y110.582 E242.35433
G1 X90.455 Y110.341 E242.37304
G1 X90.575 Y110.086 E242.39179
G1 X90.672 Y109.823 E242.41043
G1 X90.743 Y109.552 E242.42907
G1 X90.78 Y109.291 E242.4466
G1 X90.799 Y108.994 E242.4664
G1 X90.784 Y108.704 E242.48572
G1 X90.747 Y108.456 E242.5024
G1 X90.658 Y108.109 E242.52623
G1 X90.493 Y107.72 E242.55433
G1 X90.28 Y107.369 E242.58165
G1 X89.976 Y107.003 E242.61329
G1 X89.586 Y106.686 E242.64673
G1 X89.265 Y106.503 E242.67131
G1 X88.967 Y106.369 E242.69304
G1 X88.626 Y106.271 E242.71664
G1 X88.275 Y106.208 E242.74036
G1 X87.938 Y106.2 E242.76279
G1 X87.645 Y106.223 E242.78234
G1 X87.302 Y106.283 E242.8055
G1 X86.981 Y106.391 E242.82803
G1 X86.672 Y106.529 E242.85054
G1 X86.305 Y106.765 E242.87957
G1 X86.041 Y106.996 E242.9029
G1 X85.854 Y107.2 E242.92131
G1 X85.69 Y107.417 E242.9394
G1 X85.54 Y107.664 E242.95863
G1 X85.421 Y107.911 E242.97686
G1 X85.324 Y108.176 E242.99564
G1 X85.253 Y108.456 E243.01485
G1 X85.216 Y108.705 E243.0316
G1 X85.201 Y108.996 E243.05098
G1 X85.213 Y109.256 E243.06829
G1 X85.249 Y109.538 E243.0872
G1 X85.339 Y109.891 E243.11144
G1 X85.503 Y110.276 E243.13927
G1 X85.682 Y110.57 E243.16217
G1 X85.858 Y110.799 E243.18138
G1 X86.085 Y111.049 E243.20385
G1 X86.417 Y111.31 E243.23194
G1 X86.725 Y111.49 E243.25567
G1 X87.037 Y111.631 E243.27844
G1 X87.381 Y111.728 E243.30222
G1 X87.716 Y111.788 E243.32486
G1 X88.059 Y111.796 E243.34768
G0 F12000 X88.054 Y111.089
G0 X87.879 Y110.898
G0 X88.02 Y110.199
G1 F2400 X87.507 Y110.1 E243.38244
G1 X87.081 Y109.782 E243.4178
G1 X86.847 Y109.349 E243.45054
G1 X86.805 Y108.83 E243.48517
G1 X86.916 Y108.476 E243.50985
G1 X87.147 Y108.149 E243.53649
G1 X87.387 Y107.967 E243.55652
G1 X87.72 Y107.831 E243.58045
G1 X87.956 Y107.8 E243.59628
G1 X88.323 Y107.843 E243.62086
G1 X88.68 Y108.009 E243.64705
G1 X88.919 Y108.223 E243.66839
G1 X89.154 Y108.649 E243.70076
G1 X89.187 Y109.177 E243.73595
G1 X89.082 Y109.518 E243.75968
G1 X88.944 Y109.736 E243.77684
G1 X88.65 Y110.008 E243.80349
G1 X88.328 Y110.157 E243.82709
G1 X88.02 Y110.199 E243.84777
G1 F2700 E238.84777
G0 F12000 X87.879 Y110.898
G0 X90.256 Y110.232
G0 X91.244 Y110.705
G0 X130.699 Y110.594
G0 X131.707 Y110.172
G0 X133.944 Y110.911
G0 X134.006 Y110.604
;TYPE:WALL-INNER
G1 F2700 E243.84777
G1 F2400 X133.347 Y110.475 E243.89244
G1 X132.766 Y110.047 E243.94044
G1 X132.454 Y109.466 E243.98431
G1 X132.404 Y108.771 E244.03066
G1 X132.566 Y108.272 E244.06556
G1 X132.868 Y107.856 E244.09975
G1 X133.2 Y107.61 E244.12724
G1 X133.583 Y107.455 E244.15472
G1 X133.971 Y107.394 E244.18085
G1 X134.459 Y107.462 E244.21363
G1 X134.918 Y107.68 E244.24743
G1 X135.25 Y107.988 E244.27755
G1 X135.548 Y108.548 E244.31975
G1 X135.595 Y109.222 E244.36469
G1 X135.445 Y109.688 E244.39726
G1 X135.267 Y109.972 E244.41955
G1 X134.897 Y110.33 E244.4538
G1 X134.439 Y110.542 E244.48737
G1 X134.006 Y110.604 E244.51647
G0 F12000 X134.006 Y110.996
G1 F2400 X134.362 Y110.97 E244.54021
G1 F2412.1 X134.638 Y110.892 E244.5592
G1 F2400 X135.106 Y110.681 E244.59335
G1 F2376.2 X135.484 Y110.339 E244.62759
G1 F2370.4 X135.648 Y110.127 E244.64565
G1 F2388.1 X135.838 Y109.777 E244.67227
G1 F2412.1 X135.958 Y109.395 E244.69877
G1 F2347.2 X135.989 Y108.99 E244.7264
G1 F2313.3 X135.958 Y108.616 E244.7523
G1 F2370.4 X135.898 Y108.365 E244.76968
G1 F2341.5 X135.771 Y108.089 E244.7904
G1 F2318.8 X135.625 Y107.836 E244.81051
G1 F2376.2 X135.455 Y107.627 E244.82861
G1 F2394 X135.133 Y107.349 E244.85698
G1 F2376.2 X134.758 Y107.146 E244.88563
G1 F2388.1 X134.445 Y107.051 E244.90749
G1 F2400 X134.045 Y106.99 E244.93441
G1 F2394 X133.518 Y107.05 E244.96978
G1 F2376.2 X133.054 Y107.236 E245.00337
G1 X132.697 Y107.469 E245.03201
G1 X132.472 Y107.713 E245.05431
G1 F2388.1 X132.187 Y108.126 E245.08785
G1 F2400 X132.037 Y108.613 E245.12175
G1 F2388.1 X131.999 Y108.878 E245.13965
G1 F2352.9 X132.042 Y109.385 E245.17417
G1 X132.123 Y109.69 E245.19558
G1 F2364.5 X132.349 Y110.121 E245.22844
G1 F2335.8 X132.636 Y110.456 E245.25859
G1 F2302.2 X132.874 Y110.639 E245.27941
G1 F2307.7 X133.2 Y110.848 E245.3062
G1 F2330.1 X133.713 Y110.974 E245.3424
G1 F2364.5 X134.006 Y110.996 E245.36223
G0 F12000 X134.051 Y111.396
G1 F2400 X134.406 Y111.374 E245.38589
G1 X134.895 Y111.232 E245.41977
G1 X135.198 Y111.076 E245.44244
G1 X135.445 Y110.916 E245.46201
G1 X135.675 Y110.715 E245.48233
G1 X136.054 Y110.267 E245.52137
G1 X136.29 Y109.703 E245.56204
G1 X136.373 Y109.384 E245.58396
G1 X136.399 Y108.992 E245.6101
G1 X136.355 Y108.536 E245.64057
G1 X136.278 Y108.237 E245.66111
G1 X136.136 Y107.902 E245.68531
G1 X135.954 Y107.602 E245.70865
G1 X135.694 Y107.289 E245.73572
G1 X135.36 Y107.017 E245.76437
G1 X135.083 Y106.86 E245.78555
G1 X134.829 Y106.745 E245.8041
G1 X134.535 Y106.661 E245.82444
G1 X134.235 Y106.608 E245.84471
G1 X133.949 Y106.6 E245.86374
G1 X133.695 Y106.62 E245.88069
G1 X133.401 Y106.672 E245.90055
G1 X133.127 Y106.764 E245.91977
G1 X132.862 Y106.881 E245.93904
G1 X132.546 Y107.085 E245.96406
G1 X132.322 Y107.282 E245.98391
G1 X132.022 Y107.642 E246.01508
G1 X131.831 Y107.957 E246.03958
G1 X131.706 Y108.294 E246.06349
G1 X131.62 Y108.635 E246.08689
G1 X131.601 Y108.996 E246.11093
G1 X131.62 Y109.371 E246.13591
G1 X131.719 Y109.763 E246.16281
G1 X131.86 Y110.092 E246.18662
G1 X132.08 Y110.449 E246.21451
G1 X132.358 Y110.755 E246.24201
G1 X132.643 Y110.978 E246.26608
G1 X132.909 Y111.134 E246.2866
G1 X133.175 Y111.254 E246.30601
G1 X133.471 Y111.338 E246.32648
G1 X133.756 Y111.388 E246.34572
G1 X134.051 Y111.396 E246.36535
G0 F12000 X134.059 Y111.796
;TYPE:WALL-OUTER
G1 F2400 X134.355 Y111.777 E246.38508
G1 X134.614 Y111.729 E246.40261
G1 X134.889 Y111.65 E246.42164
G1 X135.146 Y111.552 E246.43994
G1 X135.399 Y111.422 E246.45886
G1 X135.687 Y111.236 E246.48166
G1 X135.955 Y111.001 E246.50537
G1 X136.143 Y110.794 E246.52397
G1 X136.31 Y110.582 E246.54193
G1 X136.455 Y110.341 E246.56064
G1 X136.575 Y110.086 E246.57938
G1 X136.672 Y109.823 E246.59803
G1 X136.743 Y109.552 E246.61667
G1 X136.78 Y109.291 E246.6342
G1 X136.799 Y108.994 E246.654
G1 X136.784 Y108.704 E246.67331
G1 X136.747 Y108.456 E246.68999
G1 X136.658 Y108.109 E246.71382
G1 X136.493 Y107.72 E246.74193
G1 X136.28 Y107.369 E246.76924
G1 X135.976 Y107.003 E246.80089
G1 X135.586 Y106.686 E246.83432
G1 X135.265 Y106.503 E246.8589
G1 X134.967 Y106.369 E246.88064
G1 X134.626 Y106.271 E246.90424
G1 X134.275 Y106.208 E246.92796
G1 X133.938 Y106.2 E246.95039
G1 X133.645 Y106.223 E246.96994
G1 X133.302 Y106.283 E246.9931
G1 X132.981 Y106.391 E247.01563
G1 X132.672 Y106.529 E247.03814
G1 X132.305 Y106.765 E247.06716
G1 X132.041 Y106.996 E247.0905
G1 X131.854 Y107.2 E247.10891
G1 X131.69 Y107.417 E247.127
G1 X131.54 Y107.664 E247.14622
G1 X131.421 Y107.911 E247.16446
G1 X131.324 Y108.176 E247.18323
G1 X131.253 Y108.456 E247.20245
G1 X131.216 Y108.705 E247.2192
G1 X131.201 Y108.996 E247.23858
G1 X131.213 Y109.256 E247.25589
G1 X131.249 Y109.538 E247.2748
G1 X131.339 Y109.891 E247.29904
G1 X131.503 Y110.276 E247.32687
G1 X131.682 Y110.57 E247.34977
G1 X131.858 Y110.799 E247.36898
G1 X132.085 Y111.049 E247.39144
G1 X132.417 Y111.31 E247.41954
G1 X132.725 Y111.49 E247.44327
G1 X133.037 Y111.631 E247.46604
G1 X133.381 Y111.728 E247.48982
G1 X133.716 Y111.788 E247.51246
G1 X134.059 Y111.796 E247.53528
G0 F12000 X134.054 Y111.089
G0 X133.879 Y110.898
G0 X134.02 Y110.199
G1 F2400 X133.507 Y110.1 E247.57003
G1 X133.081 Y109.782 E247.6054
G1 X132.847 Y109.349 E247.63814
G1 X132.805 Y108.83 E247.67277
G1 X132.916 Y108.476 E247.69745
G1 X133.147 Y108.149 E247.72408
G1 X133.387 Y107.967 E247.74412
G1 X133.72 Y107.831 E247.76805
G1 X133.956 Y107.8 E247.78388
G1 X134.323 Y107.843 E247.80846
G1 X134.68 Y108.009 E247.83465
G1 X134.919 Y108.223 E247.85599
G1 X135.154 Y108.649 E247.88835
G1 X135.187 Y109.177 E247.92355
G1 X135.082 Y109.518 E247.94728
G1 X134.944 Y109.736 E247.96444
G1 X134.65 Y110.008 E247.99109
G1 X134.328 Y110.157 E248.01469
G1 X134.02 Y110.199 E248.03537
G1 F2700 E243.03537
G0 F12000 X133.879 Y110.898
G0 X132.888 Y109.946
G0 X132.604 Y109.426
G0 X132.557 Y108.806
G0 X132.666 Y108.45
G0 X133.935 Y106.43
G0 X133.96 Y105.336
G0 X134.04 Y81.664
G0 X134.065 Y80.57
G0 X134.006 Y79.996
;TYPE:WALL-INNER
G1 F2700 E248.03537
G1 F2400 X134.362 Y79.97 E248.05911
G1 F2412.1 X134.638 Y79.892 E248.07809
G1 F2400 X135.106 Y79.681 E248.11224
G1 F2376.2 X135.484 Y79.339 E248.14649
G1 F2370.4 X135.648 Y79.127 E248.16454
G1 F2388.1 X135.838 Y78.777 E248.19117
G1 F2412.1 X135.958 Y78.395 E248.21767
G1 F2347.2 X135.989 Y77.99 E248.2453
G1 F2313.3 X135.958 Y77.616 E248.2712
G1 F2370.4 X135.898 Y77.365 E248.28858
G1 F2341.5 X135.771 Y77.089 E248.30929
G1 F2318.8 X135.625 Y76.836 E248.3294
G1 F2376.2 X135.455 Y76.627 E248.3475
G1 F2394 X135.133 Y76.349 E248.37587
G1 F2376.2 X134.758 Y76.146 E248.40452
G1 F2388.1 X134.445 Y76.051 E248.42639
G1 F2400 X134.045 Y75.99 E248.4533
G1 F2394 X133.518 Y76.05 E248.48868
G1 F2376.2 X133.054 Y76.236 E248.52226
G1 X132.697 Y76.469 E248.5509
G1 X132.472 Y76.713 E248.5732
G1 F2388.1 X132.187 Y77.126 E248.60675
G1 F2400 X132.037 Y77.613 E248.64065
G1 F2388.1 X131.999 Y77.878 E248.65854
G1 F2352.9 X132.042 Y78.385 E248.69307
G1 X132.123 Y78.69 E248.71448
G1 F2364.5 X132.349 Y79.121 E248.74734
G1 F2335.8 X132.636 Y79.456 E248.77749
G1 F2302.2 X132.874 Y79.639 E248.79831
G1 F2307.7 X133.2 Y79.848 E248.8251
G1 F2330.1 X133.713 Y79.974 E248.86129
G1 F2364.5 X134.006 Y79.996 E248.88113
G0 F12000 X134.051 Y80.396
G1 F2400 X134.406 Y80.374 E248.90479
G1 X134.895 Y80.232 E248.93866
G1 X135.198 Y80.076 E248.96133
G1 X135.445 Y79.916 E248.98091
G1 X135.675 Y79.715 E249.00123
G1 X136.054 Y79.267 E249.04026
G1 X136.29 Y78.703 E249.08093
G1 X136.373 Y78.384 E249.10286
G1 X136.399 Y77.992 E249.12899
G1 X136.355 Y77.536 E249.15946
G1 X136.278 Y77.237 E249.18
G1 X136.136 Y76.902 E249.20421
G1 X135.954 Y76.602 E249.22755
G1 X135.694 Y76.289 E249.25461
G1 X135.36 Y76.017 E249.28327
G1 X135.083 Y75.86 E249.30445
G1 X134.829 Y75.745 E249.323
G1 X134.535 Y75.661 E249.34333
G1 X134.235 Y75.608 E249.3636
G1 X133.949 Y75.6 E249.38263
G1 X133.695 Y75.62 E249.39958
G1 X133.401 Y75.672 E249.41944
G1 X133.127 Y75.764 E249.43867
G1 X132.862 Y75.881 E249.45794
G1 X132.546 Y76.085 E249.48296
G1 X132.322 Y76.282 E249.5028
G1 X132.022 Y76.642 E249.53397
G1 X131.831 Y76.957 E249.55848
G1 X131.706 Y77.294 E249.58239
G1 X131.62 Y77.635 E249.60578
G1 X131.601 Y77.996 E249.62983
G1 X131.62 Y78.371 E249.65481
G1 X131.719 Y78.763 E249.6817
G1 X131.86 Y79.092 E249.70551
G1 X132.08 Y79.449 E249.73341
G1 X132.358 Y79.755 E249.76091
G1 X132.643 Y79.978 E249.78498
G1 X132.909 Y80.134 E249.80549
G1 X133.175 Y80.254 E249.8249
G1 X133.471 Y80.338 E249.84537
G1 X133.756 Y80.388 E249.86462
G1 X134.051 Y80.396 E249.88425
G0 F12000 X134.006 Y79.604
G1 F2400 X133.347 Y79.475 E249.92892
G1 X132.766 Y79.047 E249.97692
G1 X132.454 Y78.466 E250.02079
G1 X132.404 Y77.771 E250.06714
G1 X132.566 Y77.272 E250.10204
G1 X132.868 Y76.856 E250.13623
G1 X133.2 Y76.61 E250.16372
G1 X133.583 Y76.455 E250.19121
G1 X133.971 Y76.394 E250.21733
G1 X134.459 Y76.462 E250.25011
G1 X134.918 Y76.68 E250.28391
G1 X135.25 Y76.988 E250.31403
G1 X135.548 Y77.548 E250.35623
G1 X135.595 Y78.222 E250.40118
G1 X135.445 Y78.688 E250.43374
G1 X135.267 Y78.972 E250.45604
G1 X134.897 Y79.33 E250.49028
G1 X134.439 Y79.542 E250.52386
G1 X134.006 Y79.604 E250.55295
G0 F12000 X134.02 Y79.199
;TYPE:WALL-OUTER
G1 F2400 X133.507 Y79.1 E250.58771
G1 X133.081 Y78.782 E250.62307
G1 X132.847 Y78.349 E250.65581
G1 X132.805 Y77.83 E250.69045
G1 X132.916 Y77.476 E250.71512
G1 X133.147 Y77.149 E250.74176
G1 X133.387 Y76.967 E250.76179
G1 X133.72 Y76.831 E250.78572
G1 X133.956 Y76.8 E250.80155
G1 X134.323 Y76.843 E250.82613
G1 X134.68 Y77.009 E250.85232
G1 X134.919 Y77.223 E250.87366
G1 X135.154 Y77.649 E250.90603
G1 X135.187 Y78.177 E250.94122
G1 X135.082 Y78.518 E250.96495
G1 X134.944 Y78.736 E250.98212
G1 X134.65 Y79.008 E251.00876
G1 X134.328 Y79.157 E251.03236
G1 X134.02 Y79.199 E251.05304
G0 F12000 X133.879 Y79.898
G0 X134.054 Y80.089
G0 X134.059 Y80.796
G1 F2400 X134.355 Y80.777 E251.07277
G1 X134.614 Y80.729 E251.09029
G1 X134.889 Y80.65 E251.10932
G1 X135.146 Y80.552 E251.12762
G1 X135.399 Y80.422 E251.14654
G1 X135.687 Y80.236 E251.16935
G1 X135.955 Y80.001 E251.19306
G1 X136.143 Y79.794 E251.21166
G1 X136.31 Y79.582 E251.22961
G1 X136.455 Y79.341 E251.24832
G1 X136.575 Y79.086 E251.26707
G1 X136.672 Y78.823 E251.28571
G1 X136.743 Y78.552 E251.30435
G1 X136.78 Y78.291 E251.32189
G1 X136.799 Y77.994 E251.34168
G1 X136.784 Y77.704 E251.361
G1 X136.747 Y77.456 E251.37768
G1 X136.658 Y77.109 E251.40151
G1 X136.493 Y76.72 E251.42962
G1 X136.28 Y76.369 E251.45693
G1 X135.976 Y76.003 E251.48858
G1 X135.586 Y75.686 E251.52201
G1 X135.265 Y75.503 E251.54659
G1 X134.967 Y75.369 E251.56832
G1 X134.626 Y75.271 E251.59192
G1 X134.275 Y75.208 E251.61565
G1 X133.938 Y75.2 E251.63807
G1 X133.645 Y75.223 E251.65762
G1 X133.302 Y75.283 E251.68078
G1 X132.981 Y75.391 E251.70331
G1 X132.672 Y75.529 E251.72582
G1 X132.305 Y75.765 E251.75485
G1 X132.041 Y75.996 E251.77818
G1 X131.854 Y76.2 E251.79659
G1 X131.69 Y76.417 E251.81469
G1 X131.54 Y76.664 E251.83391
G1 X131.421 Y76.911 E251.85215
G1 X131.324 Y77.176 E251.87092
G1 X131.253 Y77.456 E251.89013
G1 X131.216 Y77.705 E251.90688
G1 X131.201 Y77.996 E251.92626
G1 X131.213 Y78.256 E251.94358
G1 X131.249 Y78.538 E251.96249
G1 X131.339 Y78.891 E251.98672
G1 X131.503 Y79.276 E252.01456
G1 X131.682 Y79.57 E252.03745
G1 X131.858 Y79.799 E252.05667
G1 X132.085 Y80.049 E252.07913
G1 X132.417 Y80.31 E252.10722
G1 X132.725 Y80.49 E252.13095
G1 X133.037 Y80.631 E252.15373
G1 X133.381 Y80.728 E252.1775
G1 X133.716 Y80.788 E252.20014
G1 X134.059 Y80.796 E252.22296
G1 F2700 E247.22296
G0 F12000 X134.054 Y80.089
G0 X134.941 Y79.117
G0 X136.442 Y77.183
G0 X137.5 Y76.914
G0 X139.335 Y77.183
G0 X140.41 Y77.183
G0 X141 Y74
;TYPE:WALL-INNER
G1 F2700 E252.22296
G1 F2487 X141.014 Y72.986 E252.28806
G1 X140 Y73 E252.35316
G1 X140.697 Y73.303 E252.40194
G1 X141 Y74 E252.45073
G1 F2400 X141 Y146 E257.24019
G1 F2358.7 X140.993 Y146.174 E257.25198
G0 F12000 X140.838 Y146.838
G0 X140.174 Y146.993
G1 F2436.5 X141.014 Y147.014 E257.30703
G1 F2442.7 X140.993 Y146.174 E257.36195
G1 X140.697 Y146.697 E257.40123
G1 F2436.5 X140.174 Y146.993 E257.4406
G1 F2352.9 X140 Y147 E257.45242
G1 F2400 X80 Y147 E261.44363
G1 F2487 X79.303 Y146.697 E261.49242
G1 F2436.5 X79.007 Y146.174 E261.5318
G1 X78.986 Y147.014 E261.58685
G1 F2487 X80 Y147 E261.65195
G0 F12000 X79.162 Y146.838
G0 X79.007 Y146.174
G1 F2352.9 X79 Y146 E261.66376
G1 F2400 X79 Y74 E266.45322
G1 F2487 X79.303 Y73.303 E266.50201
G1 F2436.5 X79.826 Y73.007 E266.54139
G1 X78.986 Y72.986 E266.59644
G1 F2487 X79 Y74 E266.66154
G0 F12000 X79.162 Y73.162
G0 X79.826 Y73.007
G1 F2352.9 X80 Y73 E266.67335
G1 F2400 X140 Y73 E270.66457
G1 F2700 E265.66457
G0 F12000 X140.838 Y73.162
G0 X140.838 Y146.838
G0 X110 Y147.09
G0 X110 Y147.4
G1 F2700 E270.66457
G1 F2400 X141.4 Y147.4 E272.75331
G1 X141.4 Y72.6 E277.72902
G1 X78.601 Y72.601 E281.90643
G1 X78.601 Y147.399 E286.88201
G1 X110 Y147.4 E288.97068
G0 F12000 X110 Y146.6
G1 F2400 X80 Y146.6 E290.96629
G1 X79.575 Y146.425 E290.99687
G1 X79.4 Y146.089 E291.02207
G1 X79.4 Y74 E295.81745
G1 X79.575 Y73.575 E295.84802
G1 X79.911 Y73.4 E295.87322
G1 X140 Y73.4 E299.87036
G1 X140.424 Y73.576 E299.90089
G1 X140.6 Y74 E299.93143
G1 X140.6 Y146.089 E304.72681
G1 X140.424 Y146.424 E304.75199
G1 X140.089 Y146.6 E304.77716
G1 X110 Y146.6 E306.77869
G0 F12000 X110 Y146.199
;TYPE:WALL-OUTER
G1 F2400 X80 Y146.2 E308.77429
G1 X79.858 Y146.142 E308.7845
G1 X79.802 Y146.035 E308.79253
G1 X79.8 Y74 E313.58432
G1 X79.858 Y73.858 E313.59452
G1 X79.965 Y73.802 E313.60256
G1 X140 Y73.8 E317.5961
G1 X140.142 Y73.858 E317.6063
G1 X140.2 Y74 E317.61651
G1 X140.198 Y146.035 E322.40829
G1 X140.142 Y146.142 E322.41633
G1 X140.035 Y146.198 E322.42436
G1 X110 Y146.199 E324.4223
G0 F12000 X110 Y146.91
G0 X110 Y147.8
G1 F2400 X141.8 Y147.8 E326.53764
G1 X141.8 Y72.2 E331.56658
G1 X78.201 Y72.201 E335.7972
G1 X78.201 Y147.799 E340.826
G1 X110 Y147.8 E342.94128
G1 F2700 E337.94128
;MESH:NONMESH
G0 F300 Z5.4
G0 F12000 X110 Y147.09
G0 X79.162 Y146.838
G0 X79.162 Y73.162
G0 X79.826 Y73.007
;TIME_ELAPSED:3327.874178
;LAYER:13
;TYPE:WALL-INNER
;MESH:tank_trainer_body.stl
G1 F2700 E342.94128
G1 F2352.9 X80 Y73 E342.95309
G1 F2400 X140 Y73 E346.94431
G0 F12000 X140.838 Y73.162
G0 X141 Y74
G1 F2487 X141.014 Y72.986 E347.0094
G1 X140 Y73 E347.0745
G1 X140.697 Y73.303 E347.12329
G1 X141 Y74 E347.17207
G1 F2400 X141 Y146 E351.96153
G1 F2358.7 X140.993 Y146.174 E351.97332
G0 F12000 X140.838 Y146.838
G0 X140.174 Y146.993
G1 F2436.5 X141.014 Y147.014 E352.02838
G1 F2442.7 X140.993 Y146.174 E352.08329
G1 X140.697 Y146.697 E352.12257
G1 F2436.5 X140.174 Y146.993 E352.16194
G1 F2352.9 X140 Y147 E352.17376
G1 F2400 X80 Y147 E356.16498
G1 F2487 X79.303 Y146.697 E356.21376
G1 F2436.5 X79.007 Y146.174 E356.25314
G1 X78.986 Y147.014 E356.3082
G1 F2487 X80 Y147 E356.37329
G0 F12000 X79.162 Y146.838
G0 X79.007 Y146.174
G1 F2352.9 X79 Y146 E356.38511
G1 F2400 X79 Y74 E361.17457
G1 F2487 X79.303 Y73.303 E361.22335
G1 F2436.5 X79.826 Y73.007 E361.26273
G1 X78.986 Y72.986 E361.31779
G1 F2487 X79 Y74 E361.38288
G1 F2700 E356.38288
G0 F12000 X79.162 Y146.838
G0 X110 Y147.09
G0 X110 Y147.4
G1 F2700 E361.38288
G1 F2400 X141.4 Y147.4 E363.47162
G1 X141.4 Y72.6 E368.44734
G1 X78.601 Y72.601 E372.62474
G1 X78.601 Y147.399 E377.60033
G1 X110 Y147.4 E379.689
G0 F12000 X110 Y146.6
G1 F2400 X80 Y146.6 E381.6846
G1 X79.575 Y146.425 E381.71518
G1 X79.4 Y146.089 E381.74038
G1 X79.4 Y74 E386.53576
G1 X79.575 Y73.575 E386.56633
G1 X79.911 Y73.4 E386.59153
G1 X140 Y73.4 E390.58867
G1 X140.424 Y73.576 E390.61921
G1 X140.6 Y74 E390.64974
G1 X140.6 Y146.089 E395.44512
G1 X140.424 Y146.424 E395.4703
G1 X140.089 Y146.6 E395.49547
G1 X110 Y146.6 E397.497
G0 F12000 X110 Y146.199
;TYPE:WALL-OUTER
G1 F2400 X80 Y146.2 E399.49261
G1 X79.858 Y146.142 E399.50281
G1 X79.802 Y146.035 E399.51084
G1 X79.8 Y74 E404.30263
G1 X79.858 Y73.858 E404.31283
G1 X79.965 Y73.802 E404.32087
G1 X140 Y73.8 E408.31441
G1 X140.142 Y73.858 E408.32462
G1 X140.2 Y74 E408.33482
G1 X140.198 Y146.035 E413.12661
G1 X140.142 Y146.142 E413.13464
G1 X140.035 Y146.198 E413.14267
G1 X110 Y146.199 E415.14061
G0 F12000 X110 Y146.91
G0 X110 Y147.8
G1 F2400 X141.8 Y147.8 E417.25595
G1 X141.8 Y72.2 E422.28489
G1 X78.201 Y72.201 E426.51551
G1 X78.201 Y147.799 E431.54431
G1 X110 Y147.8 E433.65959
G1 F2700 E428.65959
;MESH:NONMESH
G0 F300 Z5.8
G0 F12000 X110 Y147.09
G0 X79.162 Y146.838
G0 X79.162 Y73.162
G0 X79.826 Y73.007
;TIME_ELAPSED:3367.481482
;LAYER:14
;TYPE:WALL-INNER
;MESH:tank_trainer_body.stl
G1 F2700 E433.65959
G1 F2352.9 X80 Y73 E433.6714
G1 F2400 X140 Y73 E437.66262
G0 F12000 X140.838 Y73.162
G0 X141 Y74
G1 F2487 X141.014 Y72.986 E437.72772
G1 X140 Y73 E437.79281
G1 X140.697 Y73.303 E437.8416
G1 X141 Y74 E437.89039
G1 F2400 X141 Y146 E442.67985
G1 F2358.7 X140.993 Y146.174 E442.69163
G0 F12000 X140.838 Y146.838
G0 X140.174 Y146.993
G1 F2436.5 X141.014 Y147.014 E442.74669
G1 F2442.7 X140.993 Y146.174 E442.8016
G1 X140.697 Y146.697 E442.84088
G1 F2436.5 X140.174 Y146.993 E442.88026
G1 F2352.9 X140 Y147 E442.89207
G1 F2400 X80 Y147 E446.88329
G1 F2487 X79.303 Y146.697 E446.93208
G1 F2436.5 X79.007 Y146.174 E446.97145
G1 X78.986 Y147.014 E447.02651
G1 F2487 X80 Y147 E447.0916
G0 F12000 X79.162 Y146.838
G0 X79.007 Y146.174
G1 F2352.9 X79 Y146 E447.10342
G1 F2400 X79 Y74 E451.89288
G1 F2487 X79.303 Y73.303 E451.94167
G1 F2436.5 X79.826 Y73.007 E451.98104
G1 X78.986 Y72.986 E452.0361
G1 F2487 X79 Y74 E452.1012
G1 F2700 E447.1012
G0 F12000 X79.162 Y146.838
G0 X110 Y147.09
G0 X110 Y147.4
G1 F2700 E452.1012
G1 F2400 X141.4 Y147.4 E454.18993
G1 X141.4 Y72.6 E459.16565
G1 X78.601 Y72.601 E463.34305
G1 X78.601 Y147.399 E468.31864
G1 X110 Y147.4 E470.40731
G0 F12000 X110 Y146.6
G1 F2400 X80 Y146.6 E472.40292
G1 X79.575 Y146.425 E472.43349
G1 X79.4 Y146.089 E472.45869
G1 X79.4 Y74 E477.25407
G1 X79.575 Y73.575 E477.28464
G1 X79.911 Y73.4 E477.30984
G1 X140 Y73.4 E481.30698
G1 X140.424 Y73.576 E481.33752
G1 X140.6 Y74 E481.36806
G1 X140.6 Y146.089 E486.16344
G1 X140.424 Y146.424 E486.18861
G1 X140.089 Y146.6 E486.21378
G1 X110 Y146.6 E488.21531
G0 F12000 X110 Y146.199
;TYPE:WALL-OUTER
G1 F2400 X80 Y146.2 E490.21092
G1 X79.858 Y146.142 E490.22112
G1 X79.802 Y146.035 E490.22916
G1 X79.8 Y74 E495.02094
G1 X79.858 Y73.858 E495.03115
G1 X79.965 Y73.802 E495.03918
G1 X140 Y73.8 E499.03272
G1 X140.142 Y73.858 E499.04293
G1 X140.2 Y74 E499.05313
G1 X140.198 Y146.035 E503.84492
G1 X140.142 Y146.142 E503.85295
G1 X140.035 Y146.198 E503.86099
G1 X110 Y146.199 E505.85892
G0 F12000 X110 Y146.91
G0 X110 Y147.8
G1 F2400 X141.8 Y147.8 E507.97427
G1 X141.8 Y72.2 E513.0032
G1 X78.201 Y72.201 E517.23382
G1 X78.201 Y147.799 E522.26262
G1 X110 Y147.8 E524.3779
G1 F2700 E519.3779
;MESH:NONMESH
G0 F300 Z6.2
G0 F12000 X110 Y147.09
G0 X79.162 Y146.838
G0 X79.162 Y73.162
G0 X79.826 Y73.007
;TIME_ELAPSED:3407.088785
;LAYER:15
;TYPE:WALL-INNER
;MESH:tank_trainer_body.stl
G1 F2700 E524.3779
G1 F2352.9 X80 Y73 E524.38971
G1 F2400 X140 Y73 E528.38093
G0 F12000 X140.838 Y73.162
G0 X141 Y74
G1 F2487 X141.014 Y72.986 E528.44603
G1 X140 Y73 E528.51112
G1 X140.697 Y73.303 E528.55991
G1 X141 Y74 E528.6087
G1 F2400 X141 Y146 E533.39816
G1 F2358.7 X140.993 Y146.174 E533.40994
G0 F12000 X140.838 Y146.838
G0 X140.174 Y146.993
G1 F2436.5 X141.014 Y147.014 E533.465
G1 F2442.7 X140.993 Y146.174 E533.51992
G1 X140.697 Y146.697 E533.55919
G1 F2436.5 X140.174 Y146.993 E533.59857
G1 F2352.9 X140 Y147 E533.61038
G1 F2400 X80 Y147 E537.6016
G1 F2487 X79.303 Y146.697 E537.65039
G1 F2436.5 X79.007 Y146.174 E537.68976
G1 X78.986 Y147.014 E537.74482
G1 F2487 X80 Y147 E537.80992
G0 F12000 X79.162 Y146.838
G0 X79.007 Y146.174
G1 F2352.9 X79 Y146 E537.82173
G1 F2400 X79 Y74 E542.61119
G1 F2487 X79.303 Y73.303 E542.65998
G1 F2436.5 X79.826 Y73.007 E542.69935
G1 X78.986 Y72.986 E542.75441
G1 F2487 X79 Y74 E542.81951
G1 F2700 E537.81951
G0 F12000 X79.162 Y146.838
G0 X110 Y147.09
G0 X110 Y147.4
G1 F2700 E542.81951
G1 F2400 X141.4 Y147.4 E544.90824
G1 X141.4 Y72.6 E549.88396
G1 X78.601 Y72.601 E554.06137
G1 X78.601 Y147.399 E559.03695
G1 X110 Y147.4 E561.12562
G0 F12000 X110 Y146.6
G1 F2400 X80 Y146.6 E563.12123
G1 X79.575 Y146.425 E563.1518
G1 X79.4 Y146.089 E563.177
G1 X79.4 Y74 E567.97238
G1 X79.575 Y73.575 E568.00296
G1 X79.911 Y73.4 E568.02816
G1 X140 Y73.4 E572.02529
G1 X140.424 Y73.576 E572.05583
G1 X140.6 Y74 E572.08637
G1 X140.6 Y146.089 E576.88175
G1 X140.424 Y146.424 E576.90692
G1 X140.089 Y146.6 E576.93209
G1 X110 Y146.6 E578.93362
G0 F12000 X110 Y146.199
;TYPE:WALL-OUTER
G1 F2400 X80 Y146.2 E580.92923
G1 X79.858 Y146.142 E580.93943
G1 X79.802 Y146.035 E580.94747
G1 X79.8 Y74 E585.73925
G1 X79.858 Y73.858 E585.74946
G1 X79.965 Y73.802 E585.75749
G1 X140 Y73.8 E589.75104
G1 X140.142 Y73.858 E589.76124
G1 X140.2 Y74 E589.77144
G1 X140.198 Y146.035 E594.56323
G1 X140.142 Y146.142 E594.57126
G1 X140.035 Y146.198 E594.5793
G1 X110 Y146.199 E596.57723
G0 F12000 X110 Y146.91
G0 X110 Y147.8
G1 F2400 X141.8 Y147.8 E598.69258
G1 X141.8 Y72.2 E603.72151
G1 X78.201 Y72.201 E607.95213
G1 X78.201 Y147.799 E612.98093
G1 X110 Y147.8 E615.09621
G1 F2700 E610.09621
;MESH:NONMESH
G0 F300 Z6.6
G0 F12000 X110 Y147.09
G0 X79.162 Y146.838
G0 X79.162 Y73.162
G0 X79.826 Y73.007
;TIME_ELAPSED:3446.696089
;LAYER:16
;TYPE:WALL-INNER
;MESH:tank_trainer_body.stl
G1 F2700 E615.09621
G1 F2352.9 X80 Y73 E615.10803
G1 F2400 X140 Y73 E619.09924
G0 F12000 X140.838 Y73.162
G0 X141 Y74
G1 F2487 X141.014 Y72.986 E619.16434
G1 X140 Y73 E619.22944
G1 X140.697 Y73.303 E619.27822
G1 X141 Y74 E619.32701
G1 F2400 X141 Y146 E624.11647
G1 F2358.7 X140.993 Y146.174 E624.12826
G0 F12000 X140.838 Y146.838
G0 X140.174 Y146.993
G1 F2436.5 X141.014 Y147.014 E624.18331
G1 F2442.7 X140.993 Y146.174 E624.23823
G1 X140.697 Y146.697 E624.2775
G1 F2436.5 X140.174 Y146.993 E624.31688
G1 F2352.9 X140 Y147 E624.3287
G1 F2400 X80 Y147 E628.31991
G1 F2487 X79.303 Y146.697 E628.3687
G1 F2436.5 X79.007 Y146.174 E628.40808
G1 X78.986 Y147.014 E628.46313
G1 F2487 X80 Y147 E628.52823
G0 F12000 X79.162 Y146.838
G0 X79.007 Y146.174
G1 F2352.9 X79 Y146 E628.54004
G1 F2400 X79 Y74 E633.3295
G1 F2487 X79.303 Y73.303 E633.37829
G1 F2436.5 X79.826 Y73.007 E633.41767
G1 X78.986 Y72.986 E633.47272
G1 F2487 X79 Y74 E633.53782
G1 F2700 E628.53782
G0 F12000 X79.162 Y146.838
G0 X110 Y147.09
G0 X110 Y147.4
G1 F2700 E633.53782
G1 F2400 X141.4 Y147.4 E635.62656
G1 X141.4 Y72.6 E640.60227
G1 X78.601 Y72.601 E644.77968
G1 X78.601 Y147.399 E649.75526
G1 X110 Y147.4 E651.84393
G0 F12000 X110 Y146.6
G1 F2400 X80 Y146.6 E653.83954
G1 X79.575 Y146.425 E653.87011
G1 X79.4 Y146.089 E653.89531
G1 X79.4 Y74 E658.69069
G1 X79.575 Y73.575 E658.72127
G1 X79.911 Y73.4 E658.74647
G1 X140 Y73.4 E662.7436
G1 X140.424 Y73.576 E662.77414
G1 X140.6 Y74 E662.80468
G1 X140.6 Y146.089 E667.60006
G1 X140.424 Y146.424 E667.62523
G1 X140.089 Y146.6 E667.65041
G1 X110 Y146.6 E669.65193
G0 F12000 X110 Y146.199
;TYPE:WALL-OUTER
G1 F2400 X80 Y146.2 E671.64754
G1 X79.858 Y146.142 E671.65775
G1 X79.802 Y146.035 E671.66578
G1 X79.8 Y74 E676.45757
G1 X79.858 Y73.858 E676.46777
G1 X79.965 Y73.802 E676.4758
G1 X140 Y73.8 E680.46935
G1 X140.142 Y73.858 E680.47955
G1 X140.2 Y74 E680.48976
G1 X140.198 Y146.035 E685.28154
G1 X140.142 Y146.142 E685.28958
G1 X140.035 Y146.198 E685.29761
G1 X110 Y146.199 E687.29555
G0 F12000 X110 Y146.91
G0 X110 Y147.8
G1 F2400 X141.8 Y147.8 E689.41089
G1 X141.8 Y72.2 E694.43982
G1 X78.201 Y72.201 E698.67045
G1 X78.201 Y147.799 E703.69925
G1 X110 Y147.8 E705.81452
G1 F2700 E700.81452
;MESH:NONMESH
G0 F300 Z7
G0 F12000 X110 Y147.09
G0 X79.162 Y146.838
G0 X79.162 Y73.162
G0 X79.826 Y73.007
;TIME_ELAPSED:3486.303393
;LAYER:17
;TYPE:WALL-INNER
;MESH:tank_trainer_body.stl
G1 F2700 E705.81452
G1 F2352.9 X80 Y73 E705.82634
G1 F2400 X140 Y73 E709.81755
G0 F12000 X140.838 Y73.162
G0 X141 Y74
G1 F2487 X141.014 Y72.986 E709.88265
G1 X140 Y73 E709.94775
G1 X140.697 Y73.303 E709.99654
G1 X141 Y74 E710.04532
G1 F2400 X141 Y146 E714.83478
G1 F2358.7 X140.993 Y146.174 E714.84657
G0 F12000 X140.838 Y146.838
G0 X140.174 Y146.993
G1 F2436.5 X141.014 Y147.014 E714.90162
G1 F2442.7 X140.993 Y146.174 E714.95654
G1 X140.697 Y146.697 E714.99582
G1 F2436.5 X140.174 Y146.993 E715.03519
G1 F2352.9 X140 Y147 E715.04701
G1 F2400 X80 Y147 E719.03822
G1 F2487 X79.303 Y146.697 E719.08701
G1 F2436.5 X79.007 Y146.174 E719.12639
G1 X78.986 Y147.014 E719.18144
G1 F2487 X80 Y147 E719.24654
G0 F12000 X79.162 Y146.838
G0 X79.007 Y146.174
G1 F2352.9 X79 Y146 E719.25836
G1 F2400 X79 Y74 E724.04782
G1 F2487 X79.303 Y73.303 E724.0966
G1 F2436.5 X79.826 Y73.007 E724.13598
G1 X78.986 Y72.986 E724.19103
G1 F2487 X79 Y74 E724.25613
G1 F2700 E719.25613
G0 F12000 X79.162 Y146.838
G0 X110 Y147.09
G0 X110 Y147.4
G1 F2700 E724.25613
G1 F2400 X141.4 Y147.4 E726.34487
G1 X141.4 Y72.6 E731.32058
G1 X78.601 Y72.601 E735.49799
G1 X78.601 Y147.399 E740.47357
G1 X110 Y147.4 E742.56224
G0 F12000 X110 Y146.6
G1 F2400 X80 Y146.6 E744.55785
G1 X79.575 Y146.425 E744.58843
G1 X79.4 Y146.089 E744.61363
G1 X79.4 Y74 E749.40901
G1 X79.575 Y73.575 E749.43958
G1 X79.911 Y73.4 E749.46478
G1 X140 Y73.4 E753.46192
G1 X140.424 Y73.576 E753.49245
G1 X140.6 Y74 E753.52299
G1 X140.6 Y146.089 E758.31837
G1 X140.424 Y146.424 E758.34355
G1 X140.089 Y146.6 E758.36872
G1 X110 Y146.6 E760.37025
G0 F12000 X110 Y146.199
;TYPE:WALL-OUTER
G1 F2400 X80 Y146.2 E762.36585
G1 X79.858 Y146.142 E762.37606
G1 X79.802 Y146.035 E762.38409
G1 X79.8 Y74 E767.17588
G1 X79.858 Y73.858 E767.18608
G1 X79.965 Y73.802 E767.19412
G1 X140 Y73.8 E771.18766
G1 X140.142 Y73.858 E771.19786
G1 X140.2 Y74 E771.20807
G1 X140.198 Y146.035 E775.99985
G1 X140.142 Y146.142 E776.00789
G1 X140.035 Y146.198 E776.01592
G1 X110 Y146.199 E778.01386
G0 F12000 X110 Y146.91
G0 X110 Y147.8
G1 F2400 X141.8 Y147.8 E780.1292
G1 X141.8 Y72.2 E785.15814
G1 X78.201 Y72.201 E789.38876
G1 X78.201 Y147.799 E794.41756
G1 X110 Y147.8 E796.53284
G1 F2700 E791.53284
;MESH:NONMESH
G0 F300 Z7.4
G0 F12000 X110 Y147.09
G0 X79.162 Y146.838
G0 X79.162 Y73.162
G0 X79.826 Y73.007
;TIME_ELAPSED:3525.910697
;LAYER:18
;TYPE:WALL-INNER
;MESH:tank_trainer_body.stl
G1 F2700 E796.53284
G1 F2352.9 X80 Y73 E796.54465
G1 F2400 X96 Y73 E797.60898
G0 F12000 X79.162 Y73.162
G0 X79 Y74
G1 F2487 X79.303 Y73.303 E797.65776
G1 F2436.5 X79.826 Y73.007 E797.69714
G1 X78.986 Y72.986 E797.75219
G1 F2487 X79 Y74 E797.81729
G1 F2400 X79 Y146 E802.60675
G1 F2352.9 X79.007 Y146.174 E802.61857
G0 F12000 X79.162 Y146.838
G0 X80 Y147
G1 F2487 X79.303 Y146.697 E802.66735
G1 F2436.5 X79.007 Y146.174 E802.70673
G1 X78.986 Y147.014 E802.76178
G1 F2487 X80 Y147 E802.82688
G1 F2400 X140 Y147 E806.8181
G1 F2352.9 X140.174 Y146.993 E806.82991
G1 F2436.5 X141.014 Y147.014 E806.88497
G1 F2442.7 X140.993 Y146.174 E806.93989
G1 X140.697 Y146.697 E806.97916
G1 F2436.5 X140.174 Y146.993 E807.01854
G0 F12000 X140.838 Y146.838
G0 X140.993 Y146.174
G1 F2358.7 X141 Y146 E807.03032
G1 F2400 X141 Y74 E811.81978
G1 F2487 X141.014 Y72.986 E811.88488
G1 X140 Y73 E811.94998
G1 X140.697 Y73.303 E811.99876
G1 X141 Y74 E812.04755
G0 F12000 X140.838 Y73.162
G0 X140 Y73
G1 F2400 X118 Y73 E813.511
G1 F2700 E808.511
G0 F12000 X140.838 Y73.162
G0 X140.838 Y146.838
G0 X110 Y147.09
G0 X110 Y147.4
G1 F2700 E813.511
G1 F2400 X141.4 Y147.4 E815.59973
G1 X141.4 Y72.6 E820.57545
G1 X117.6 Y72.6 E822.15863
G1 X117.6 Y73.4 E822.21185
G1 X140 Y73.4 E823.7019
G1 X140.424 Y73.576 E823.73244
G1 X140.6 Y74 E823.76298
G1 X140.6 Y146.089 E828.55836
G1 X140.424 Y146.424 E828.58353
G1 X140.089 Y146.6 E828.6087
G1 X80 Y146.6 E832.60584
G1 X79.575 Y146.425 E832.63641
G1 X79.4 Y146.089 E832.66161
G1 X79.4 Y74 E837.45699
G1 X79.575 Y73.575 E837.48757
G1 X79.911 Y73.4 E837.51277
G1 X96.4 Y73.4 E838.60962
G1 X96.4 Y72.6 E838.66284
G1 X78.601 Y72.601 E839.84683
G1 X78.601 Y147.399 E844.82242
G1 X110 Y147.4 E846.91109
G0 F12000 X110 Y147.8
;TYPE:WALL-OUTER
G1 F2400 X141.8 Y147.8 E849.02643
G1 X141.8 Y72.2 E854.05536
G1 X117.2 Y72.2 E855.69176
G1 X117.2 Y73.8 E855.79819
G1 X140 Y73.8 E857.31486
G1 X140.142 Y73.858 E857.32506
G1 X140.2 Y74 E857.33526
G1 X140.198 Y146.035 E862.12705
G1 X140.142 Y146.142 E862.13508
G1 X140.035 Y146.198 E862.14312
G1 X80 Y146.2 E866.13666
G1 X79.858 Y146.142 E866.14686
G1 X79.802 Y146.035 E866.1549
G1 X79.8 Y74 E870.94669
G1 X79.858 Y73.858 E870.95689
G1 X79.965 Y73.802 E870.96492
G1 X96.8 Y73.8 E872.08479
G1 X96.8 Y72.2 E872.19122
G1 X78.201 Y72.201 E873.42843
G1 X78.201 Y147.799 E878.45723
G1 X110 Y147.8 E880.57251
G1 F2700 E875.57251
;MESH:NONMESH
G0 F300 Z7.8
G0 F12000 X110 Y147.09
G0 X79.162 Y146.838
G0 X79.162 Y73.162
G0 X79.826 Y73.007
;TIME_ELAPSED:3563.973203
;LAYER:19
;TYPE:WALL-INNER
;MESH:tank_trainer_body.stl
G1 F2700 E880.57251
G1 F2352.9 X80 Y73 E880.58433
G1 F2400 X96 Y73 E881.64865
G0 F12000 X79.162 Y73.162
G0 X79 Y74
G1 F2487 X79.303 Y73.303 E881.69744
G1 F2436.5 X79.826 Y73.007 E881.73681
G1 X78.986 Y72.986 E881.79187
G1 F2487 X79 Y74 E881.85697
G1 F2400 X79 Y146 E886.64643
G1 F2352.9 X79.007 Y146.174 E886.65824
G0 F12000 X79.162 Y146.838
G0 X80 Y147
G1 F2487 X79.303 Y146.697 E886.70703
G1 F2436.5 X79.007 Y146.174 E886.74641
G1 X78.986 Y147.014 E886.80146
G1 F2487 X80 Y147 E886.86656
G1 F2400 X140 Y147 E890.85777
G1 F2352.9 X140.174 Y146.993 E890.86959
G1 F2436.5 X141.014 Y147.014 E890.92465
G1 F2442.7 X140.993 Y146.174 E890.97956
G1 X140.697 Y146.697 E891.01884
G1 F2436.5 X140.174 Y146.993 E891.05821
G0 F12000 X140.838 Y146.838
G0 X140.993 Y146.174
G1 F2358.7 X141 Y146 E891.07
G1 F2400 X141 Y74 E895.85946
G1 F2487 X141.014 Y72.986 E895.92456
G1 X140 Y73 E895.98965
G1 X140.697 Y73.303 E896.03844
G1 X141 Y74 E896.08723
G0 F12000 X140.838 Y73.162
G0 X140 Y73
G1 F2400 X118 Y73 E897.55067
G1 F2700 E892.55067
G0 F12000 X140.838 Y73.162
G0 X140.838 Y146.838
G0 X110 Y147.09
G0 X110 Y147.4
G1 F2700 E897.55067
G1 F2400 X141.4 Y147.4 E899.63941
G1 X141.4 Y72.6 E904.61513
G1 X117.6 Y72.6 E906.19831
G1 X117.6 Y73.4 E906.25153
G1 X140 Y73.4 E907.74158
G1 X140.424 Y73.576 E907.77212
G1 X140.6 Y74 E907.80266
G1 X140.6 Y146.089 E912.59803
G1 X140.424 Y146.424 E912.62321
G1 X140.089 Y146.6 E912.64838
G1 X80 Y146.6 E916.64552
G1 X79.575 Y146.425 E916.67609
G1 X79.4 Y146.089 E916.70129
G1 X79.4 Y74 E921.49667
G1 X79.575 Y73.575 E921.52724
G1 X79.911 Y73.4 E921.55245
G1 X96.4 Y73.4 E922.6493
G1 X96.4 Y72.6 E922.70251
G1 X78.601 Y72.601 E923.88651
G1 X78.601 Y147.399 E928.86209
G1 X110 Y147.4 E930.95076
G0 F12000 X110 Y147.8
;TYPE:WALL-OUTER
G1 F2400 X141.8 Y147.8 E933.06611
G1 X141.8 Y72.2 E938.09504
G1 X117.2 Y72.2 E939.73144
G1 X117.2 Y73.8 E939.83787
G1 X140 Y73.8 E941.35453
G1 X140.142 Y73.858 E941.36474
G1 X140.2 Y74 E941.37494
G1 X140.198 Y146.035 E946.16673
G1 X140.142 Y146.142 E946.17476
G1 X140.035 Y146.198 E946.18279
G1 X80 Y146.2 E950.17634
G1 X79.858 Y146.142 E950.18654
G1 X79.802 Y146.035 E950.19458
G1 X79.8 Y74 E954.98636
G1 X79.858 Y73.858 E954.99657
G1 X79.965 Y73.802 E955.0046
G1 X96.8 Y73.8 E956.12447
G1 X96.8 Y72.2 E956.2309
G1 X78.201 Y72.201 E957.46811
G1 X78.201 Y147.799 E962.49691
G1 X110 Y147.8 E964.61219
G1 F2700 E959.61219
;MESH:NONMESH
G0 F300 Z8.2
G0 F12000 X110 Y147.09
G0 X79.162 Y146.838
G0 X79.162 Y73.162
G0 X79.826 Y73.007
;TIME_ELAPSED:3602.035709
;LAYER:20
;TYPE:WALL-INNER
;MESH:tank_trainer_body.stl
G1 F2700 E964.61219
G1 F2352.9 X80 Y73 E964.624
G1 F2400 X96 Y73 E965.68833
G0 F12000 X79.162 Y73.162
G0 X79 Y74
G1 F2487 X79.303 Y73.303 E965.73712
G1 F2436.5 X79.826 Y73.007 E965.77649
G1 X78.986 Y72.986 E965.83155
G1 F2487 X79 Y74 E965.89664
G1 F2400 X79 Y146 E970.6861
G1 F2352.9 X79.007 Y146.174 E970.69792
G0 F12000 X79.162 Y146.838
G0 X80 Y147
G1 F2487 X79.303 Y146.697 E970.74671
G1 F2436.5 X79.007 Y146.174 E970.78608
G1 X78.986 Y147.014 E970.84114
G1 F2487 X80 Y147 E970.90624
G1 F2400 X140 Y147 E974.89745
G1 F2352.9 X140.174 Y146.993 E974.90927
G1 F2436.5 X141.014 Y147.014 E974.96432
G1 F2442.7 X140.993 Y146.174 E975.01924
G1 X140.697 Y146.697 E975.05852
G1 F2436.5 X140.174 Y146.993 E975.09789
G0 F12000 X140.838 Y146.838
G0 X140.993 Y146.174
G1 F2358.7 X141 Y146 E975.10968
G1 F2400 X141 Y74 E979.89914
G1 F2487 X141.014 Y72.986 E979.96423
G1 X140 Y73 E980.02933
G1 X140.697 Y73.303 E980.07812
G1 X141 Y74 E980.1269
G0 F12000 X140.838 Y73.162
G0 X140 Y73
G1 F2400 X118 Y73 E981.59035
G1 F2700 E976.59035
G0 F12000 X140.838 Y73.162
G0 X140.838 Y146.838
G0 X110 Y147.09
G0 X110 Y147.4
G1 F2700 E981.59035
G1 F2400 X141.4 Y147.4 E983.67909
G1 X141.4 Y72.6 E988.6548
G1 X117.6 Y72.6 E990.23799
G1 X117.6 Y73.4 E990.2912
G1 X140 Y73.4 E991.78126
G1 X140.424 Y73.576 E991.81179
G1 X140.6 Y74 E991.84233
G1 X140.6 Y146.089 E996.63771
G1 X140.424 Y146.424 E996.66288
G1 X140.089 Y146.6 E996.68806
G1 X80 Y146.6 E1000.68519
G1 X79.575 Y146.425 E1000.71577
G1 X79.4 Y146.089 E1000.74097
G1 X79.4 Y74 E1005.53635
G1 X79.575 Y73.575 E1005.56692
G1 X79.911 Y73.4 E1005.59212
G1 X96.4 Y73.4 E1006.68898
G1 X96.4 Y72.6 E1006.74219
G1 X78.601 Y72.601 E1007.92619
G1 X78.601 Y147.399 E1012.90177
G1 X110 Y147.4 E1014.99044
G0 F12000 X110 Y147.8
;TYPE:WALL-OUTER
G1 F2400 X141.8 Y147.8 E1017.10578
G1 X141.8 Y72.2 E1022.13472
G1 X117.2 Y72.2 E1023.77111
G1 X117.2 Y73.8 E1023.87755
G1 X140 Y73.8 E1025.39421
G1 X140.142 Y73.858 E1025.40441
G1 X140.2 Y74 E1025.41462
G1 X140.198 Y146.035 E1030.2064
G1 X140.142 Y146.142 E1030.21444
G1 X140.035 Y146.198 E1030.22247
G1 X80 Y146.2 E1034.21602
G1 X79.858 Y146.142 E1034.22622
G1 X79.802 Y146.035 E1034.23425
G1 X79.8 Y74 E1039.02604
G1 X79.858 Y73.858 E1039.03624
G1 X79.965 Y73.802 E1039.04428
G1 X96.8 Y73.8 E1040.16415
G1 X96.8 Y72.2 E1040.27058
G1 X78.201 Y72.201 E1041.50779
G1 X78.201 Y147.799 E1046.53659
G1 X110 Y147.8 E1048.65187
G1 F2700 E1043.65187
;MESH:NONMESH
G0 F300 Z8.6
G0 F12000 X110 Y147.09
G0 X79.162 Y146.838
G0 X79.162 Y73.162
G0 X79.826 Y73.007
;TIME_ELAPSED:3640.098215
;LAYER:21
;TYPE:WALL-INNER
;MESH:tank_trainer_body.stl
G1 F2700 E1048.65187
G1 F2352.9 X80 Y73 E1048.66368
G1 F2400 X96 Y73 E1049.72801
G0 F12000 X79.162 Y73.162
G0 X79 Y74
G1 F2487 X79.303 Y73.303 E1049.77679
G1 F2436.5 X79.826 Y73.007 E1049.81617
G1 X78.986 Y72.986 E1049.87122
G1 F2487 X79 Y74 E1049.93632
G1 F2400 X79 Y146 E1054.72578
G1 F2352.9 X79.007 Y146.174 E1054.7376
G0 F12000 X79.162 Y146.838
G0 X80 Y147
G1 F2487 X79.303 Y146.697 E1054.78638
G1 F2436.5 X79.007 Y146.174 E1054.82576
G1 X78.986 Y147.014 E1054.88082
G1 F2487 X80 Y147 E1054.94591
G1 F2400 X140 Y147 E1058.93713
G1 F2352.9 X140.174 Y146.993 E1058.94894
G1 F2436.5 X141.014 Y147.014 E1059.004
G1 F2442.7 X140.993 Y146.174 E1059.05892
G1 X140.697 Y146.697 E1059.09819
G1 F2436.5 X140.174 Y146.993 E1059.13757
G0 F12000 X140.838 Y146.838
G0 X140.993 Y146.174
G1 F2358.7 X141 Y146 E1059.14935
G1 F2400 X141 Y74 E1063.93881
G1 F2487 X141.014 Y72.986 E1064.00391
G1 X140 Y73 E1064.06901
G1 X140.697 Y73.303 E1064.11779
G1 X141 Y74 E1064.16658
G0 F12000 X140.838 Y73.162
G0 X140 Y73
G1 F2400 X118 Y73 E1065.63003
G1 F2700 E1060.63003
G0 F12000 X140.838 Y73.162
G0 X140.838 Y146.838
G0 X110 Y147.09
G0 X110 Y147.4
G1 F2700 E1065.63003
G1 F2400 X141.4 Y147.4 E1067.71876
G1 X141.4 Y72.6 E1072.69448
G1 X117.6 Y72.6 E1074.27766
G1 X117.6 Y73.4 E1074.33088
G1 X140 Y73.4 E1075.82093
G1 X140.424 Y73.576 E1075.85147
G1 X140.6 Y74 E1075.88201
G1 X140.6 Y146.089 E1080.67739
G1 X140.424 Y146.424 E1080.70256
G1 X140.089 Y146.6 E1080.72773
G1 X80 Y146.6 E1084.72487
G1 X79.575 Y146.425 E1084.75544
G1 X79.4 Y146.089 E1084.78064
G1 X79.4 Y74 E1089.57602
G1 X79.575 Y73.575 E1089.6066
G1 X79.911 Y73.4 E1089.6318
G1 X96.4 Y73.4 E1090.72865
G1 X96.4 Y72.6 E1090.78187
G1 X78.601 Y72.601 E1091.96586
G1 X78.601 Y147.399 E1096.94145
G1 X110 Y147.4 E1099.03012
G0 F12000 X110 Y147.8
;TYPE:WALL-OUTER
G1 F2400 X141.8 Y147.8 E1101.14546
G1 X141.8 Y72.2 E1106.17439
G1 X117.2 Y72.2 E1107.81079
G1 X117.2 Y73.8 E1107.91722
G1 X140 Y73.8 E1109.43389
G1 X140.142 Y73.858 E1109.44409
G1 X140.2 Y74 E1109.45429
G1 X140.198 Y146.035 E1114.24608
G1 X140.142 Y146.142 E1114.25411
G1 X140.035 Y146.198 E1114.26215
G1 X80 Y146.2 E1118.25569
G1 X79.858 Y146.142 E1118.2659
G1 X79.802 Y146.035 E1118.27393
G1 X79.8 Y74 E1123.06572
G1 X79.858 Y73.858 E1123.07592
G1 X79.965 Y73.802 E1123.08395
G1 X96.8 Y73.8 E1124.20382
G1 X96.8 Y72.2 E1124.31025
G1 X78.201 Y72.201 E1125.54747
G1 X78.201 Y147.799 E1130.57626
G1 X110 Y147.8 E1132.69154
G1 F2700 E1127.69154
;MESH:NONMESH
G0 F300 Z9
G0 F12000 X110 Y147.09
G0 X79.162 Y146.838
G0 X79.162 Y73.162
G0 X79.826 Y73.007
;TIME_ELAPSED:3678.160721
;LAYER:22
;TYPE:WALL-INNER
;MESH:tank_trainer_body.stl
G1 F2700 E1132.69154
G1 F2352.9 X80 Y73 E1132.70336
G1 F2400 X96 Y73 E1133.76768
G0 F12000 X79.162 Y73.162
G0 X79 Y74
G1 F2487 X79.303 Y73.303 E1133.81647
G1 F2436.5 X79.826 Y73.007 E1133.85585
G1 X78.986 Y72.986 E1133.9109
G1 F2487 X79 Y74 E1133.976
G1 F2400 X79 Y146 E1138.76546
G1 F2352.9 X79.007 Y146.174 E1138.77727
G0 F12000 X79.162 Y146.838
G0 X80 Y147
G1 F2487 X79.303 Y146.697 E1138.82606
G1 F2436.5 X79.007 Y146.174 E1138.86544
G1 X78.986 Y147.014 E1138.92049
G1 F2487 X80 Y147 E1138.98559
G1 F2400 X140 Y147 E1142.97681
G1 F2352.9 X140.174 Y146.993 E1142.98862
G1 F2436.5 X141.014 Y147.014 E1143.04368
G1 F2442.7 X140.993 Y146.174 E1143.09859
G1 X140.697 Y146.697 E1143.13787
G1 F2436.5 X140.174 Y146.993 E1143.17725
G0 F12000 X140.838 Y146.838
G0 X140.993 Y146.174
G1 F2358.7 X141 Y146 E1143.18903
G1 F2400 X141 Y74 E1147.97849
G1 F2487 X141.014 Y72.986 E1148.04359
G1 X140 Y73 E1148.10869
G1 X140.697 Y73.303 E1148.15747
G1 X141 Y74 E1148.20626
G0 F12000 X140.838 Y73.162
G0 X140 Y73
G1 F2400 X118 Y73 E1149.6697
G1 F2700 E1144.6697
G0 F12000 X140.838 Y73.162
G0 X140.838 Y146.838
G0 X110 Y147.09
G0 X110 Y147.4
G1 F2700 E1149.6697
G1 F2400 X141.4 Y147.4 E1151.75844
G1 X141.4 Y72.6 E1156.73416
G1 X117.6 Y72.6 E1158.31734
G1 X117.6 Y73.4 E1158.37056
G1 X140 Y73.4 E1159.86061
G1 X140.424 Y73.576 E1159.89115
G1 X140.6 Y74 E1159.92169
G1 X140.6 Y146.089 E1164.71707
G1 X140.424 Y146.424 E1164.74224
G1 X140.089 Y146.6 E1164.76741
G1 X80 Y146.6 E1168.76455
G1 X79.575 Y146.425 E1168.79512
G1 X79.4 Y146.089 E1168.82032
G1 X79.4 Y74 E1173.6157
G1 X79.575 Y73.575 E1173.64628
G1 X79.911 Y73.4 E1173.67148
G1 X96.4 Y73.4 E1174.76833
G1 X96.4 Y72.6 E1174.82155
G1 X78.601 Y72.601 E1176.00554
G1 X78.601 Y147.399 E1180.98112
G1 X110 Y147.4 E1183.06979
G0 F12000 X110 Y147.8
;TYPE:WALL-OUTER
G1 F2400 X141.8 Y147.8 E1185.18514
G1 X141.8 Y72.2 E1190.21407
G1 X117.2 Y72.2 E1191.85047
G1 X117.2 Y73.8 E1191.9569
G1 X140 Y73.8 E1193.47356
G1 X140.142 Y73.858 E1193.48377
G1 X140.2 Y74 E1193.49397
G1 X140.198 Y146.035 E1198.28576
G1 X140.142 Y146.142 E1198.29379
G1 X140.035 Y146.198 E1198.30182
G1 X80 Y146.2 E1202.29537
G1 X79.858 Y146.142 E1202.30557
G1 X79.802 Y146.035 E1202.31361
G1 X79.8 Y74 E1207.10539
G1 X79.858 Y73.858 E1207.1156
G1 X79.965 Y73.802 E1207.12363
G1 X96.8 Y73.8 E1208.2435
G1 X96.8 Y72.2 E1208.34993
G1 X78.201 Y72.201 E1209.58714
G1 X78.201 Y147.799 E1214.61594
G1 X110 Y147.8 E1216.73122
G1 F2700 E1211.73122
;MESH:NONMESH
G0 F300 Z9.4
G0 F12000 X110 Y147.09
G0 X79.162 Y146.838
G0 X79.162 Y73.162
G0 X79.826 Y73.007
;TIME_ELAPSED:3716.223227
;LAYER:23
;TYPE:WALL-INNER
;MESH:tank_trainer_body.stl
G1 F2700 E1216.73122
G1 F2352.9 X80 Y73 E1216.74304
G1 F2400 X96 Y73 E1217.80736
G0 F12000 X79.162 Y73.162
G0 X79 Y74
G1 F2487 X79.303 Y73.303 E1217.85615
G1 F2436.5 X79.826 Y73.007 E1217.89552
G1 X78.986 Y72.986 E1217.95058
G1 F2487 X79 Y74 E1218.01568
G1 F2400 X79 Y146 E1222.80513
G1 F2352.9 X79.007 Y146.174 E1222.81695
G0 F12000 X79.162 Y146.838
G0 X80 Y147
G1 F2487 X79.303 Y146.697 E1222.86574
G1 F2436.5 X79.007 Y146.174 E1222.90511
G1 X78.986 Y147.014 E1222.96017
G1 F2487 X80 Y147 E1223.02527
G1 F2400 X140 Y147 E1227.01648
G1 F2352.9 X140.174 Y146.993 E1227.0283
G1 F2436.5 X141.014 Y147.014 E1227.08335
G1 F2442.7 X140.993 Y146.174 E1227.13827
G1 X140.697 Y146.697 E1227.17755
G1 F2436.5 X140.174 Y146.993 E1227.21692
G0 F12000 X140.838 Y146.838
G0 X140.993 Y146.174
G1 F2358.7 X141 Y146 E1227.22871
G1 F2400 X141 Y74 E1232.01817
G1 F2487 X141.014 Y72.986 E1232.08326
G1 X140 Y73 E1232.14836
G1 X140.697 Y73.303 E1232.19715
G1 X141 Y74 E1232.24594
G0 F12000 X140.838 Y73.162
G0 X140 Y73
G1 F2400 X118 Y73 E1233.70938
G1 F2700 E1228.70938
G0 F12000 X140.838 Y73.162
G0 X140.838 Y146.838
G0 X110 Y147.09
G0 X110 Y147.4
G1 F2700 E1233.70938
G1 F2400 X141.4 Y147.4 E1235.79812
G1 X141.4 Y72.6 E1240.77383
G1 X117.6 Y72.6 E1242.35702
G1 X117.6 Y73.4 E1242.41023
G1 X140 Y73.4 E1243.90029
G1 X140.424 Y73.576 E1243.93082
G1 X140.6 Y74 E1243.96136
G1 X140.6 Y146.089 E1248.75674
G1 X140.424 Y146.424 E1248.78191
G1 X140.089 Y146.6 E1248.80709
G1 X80 Y146.6 E1252.80422
G1 X79.575 Y146.425 E1252.8348
G1 X79.4 Y146.089 E1252.86
G1 X79.4 Y74 E1257.65538
G1 X79.575 Y73.575 E1257.68595
G1 X79.911 Y73.4 E1257.71115
G1 X96.4 Y73.4 E1258.80801
G1 X96.4 Y72.6 E1258.86122
G1 X78.601 Y72.601 E1260.04522
G1 X78.601 Y147.399 E1265.0208
G1 X110 Y147.4 E1267.10947
G0 F12000 X110 Y147.8
;TYPE:WALL-OUTER
G1 F2400 X141.8 Y147.8 E1269.22481
G1 X141.8 Y72.2 E1274.25375
G1 X117.2 Y72.2 E1275.89015
G1 X117.2 Y73.8 E1275.99658
G1 X140 Y73.8 E1277.51324
G1 X140.142 Y73.858 E1277.52344
G1 X140.2 Y74 E1277.53365
G1 X140.198 Y146.035 E1282.32543
G1 X140.142 Y146.142 E1282.33347
G1 X140.035 Y146.198 E1282.3415
G1 X80 Y146.2 E1286.33505
G1 X79.858 Y146.142 E1286.34525
G1 X79.802 Y146.035 E1286.35328
G1 X79.8 Y74 E1291.14507
G1 X79.858 Y73.858 E1291.15527
G1 X79.965 Y73.802 E1291.16331
G1 X96.8 Y73.8 E1292.28318
G1 X96.8 Y72.2 E1292.38961
G1 X78.201 Y72.201 E1293.62682
G1 X78.201 Y147.799 E1298.65562
G1 X110 Y147.8 E1300.7709
G1 F2700 E1295.7709
;MESH:NONMESH
G0 F300 Z9.8
G0 F12000 X110 Y147.09
G0 X79.162 Y146.838
G0 X79.162 Y73.162
G0 X79.826 Y73.007
;TIME_ELAPSED:3754.285734
;LAYER:24
;TYPE:WALL-INNER
;MESH:tank_trainer_body.stl
G1 F2700 E1300.7709
G1 F2352.9 X80 Y73 E1300.78271
G1 F2400 X96 Y73 E1301.84704
G0 F12000 X79.162 Y73.162
G0 X79 Y74
G1 F2487 X79.303 Y73.303 E1301.89582
G1 F2436.5 X79.826 Y73.007 E1301.9352
G1 X78.986 Y72.986 E1301.99026
G1 F2487 X79 Y74 E1302.05535
G1 F2400 X79 Y146 E1306.84481
G1 F2352.9 X79.007 Y146.174 E1306.85663
G0 F12000 X79.162 Y146.838
G0 X80 Y147
G1 F2487 X79.303 Y146.697 E1306.90541
G1 F2436.5 X79.007 Y146.174 E1306.94479
G1 X78.986 Y147.014 E1306.99985
G1 F2487 X80 Y147 E1307.06494
G1 F2400 X140 Y147 E1311.05616
G1 F2352.9 X140.174 Y146.993 E1311.06797
G1 F2436.5 X141.014 Y147.014 E1311.12303
G1 F2442.7 X140.993 Y146.174 E1311.17795
G1 X140.697 Y146.697 E1311.21722
G1 F2436.5 X140.174 Y146.993 E1311.2566
G0 F12000 X140.838 Y146.838
G0 X140.993 Y146.174
G1 F2358.7 X141 Y146 E1311.26839
G1 F2400 X141 Y74 E1316.05784
G1 F2487 X141.014 Y72.986 E1316.12294
G1 X140 Y73 E1316.18804
G1 X140.697 Y73.303 E1316.23683
G1 X141 Y74 E1316.28561
G0 F12000 X140.838 Y73.162
G0 X140 Y73
G1 F2400 X118 Y73 E1317.74906
G1 F2700 E1312.74906
G0 F12000 X140.838 Y73.162
G0 X140.838 Y146.838
G0 X110 Y147.09
G0 X110 Y147.4
G1 F2700 E1317.74906
G1 F2400 X141.4 Y147.4 E1319.83779
G1 X141.4 Y72.6 E1324.81351
G1 X117.6 Y72.6 E1326.39669
G1 X117.6 Y73.4 E1326.44991
G1 X140 Y73.4 E1327.93996
G1 X140.424 Y73.576 E1327.9705
G1 X140.6 Y74 E1328.00104
G1 X140.6 Y146.089 E1332.79642
G1 X140.424 Y146.424 E1332.82159
G1 X140.089 Y146.6 E1332.84676
G1 X80 Y146.6 E1336.8439
G1 X79.575 Y146.425 E1336.87447
G1 X79.4 Y146.089 E1336.89968
G1 X79.4 Y74 E1341.69506
G1 X79.575 Y73.575 E1341.72563
G1 X79.911 Y73.4 E1341.75083
G1 X96.4 Y73.4 E1342.84768
G1 X96.4 Y72.6 E1342.9009
G1 X78.601 Y72.601 E1344.08489
G1 X78.601 Y147.399 E1349.06048
G1 X110 Y147.4 E1351.14915
G0 F12000 X110 Y147.8
;TYPE:WALL-OUTER
G1 F2400 X141.8 Y147.8 E1353.26449
G1 X141.8 Y72.2 E1358.29342
G1 X117.2 Y72.2 E1359.92982
G1 X117.2 Y73.8 E1360.03625
G1 X140 Y73.8 E1361.55292
G1 X140.142 Y73.858 E1361.56312
G1 X140.2 Y74 E1361.57332
G1 X140.198 Y146.035 E1366.36511
G1 X140.142 Y146.142 E1366.37314
G1 X140.035 Y146.198 E1366.38118
G1 X80 Y146.2 E1370.37472
G1 X79.858 Y146.142 E1370.38493
G1 X79.802 Y146.035 E1370.39296
G1 X79.8 Y74 E1375.18475
G1 X79.858 Y73.858 E1375.19495
G1 X79.965 Y73.802 E1375.20298
G1 X96.8 Y73.8 E1376.32285
G1 X96.8 Y72.2 E1376.42929
G1 X78.201 Y72.201 E1377.6665
G1 X78.201 Y147.799 E1382.6953
G1 X110 Y147.8 E1384.81057
G1 F2700 E1379.81057
;MESH:NONMESH
G0 F300 Z10.2
G0 F12000 X110 Y147.09
G0 X79.162 Y146.838
G0 X79.162 Y73.162
G0 X79.826 Y73.007
;TIME_ELAPSED:3792.348240
;LAYER:25
;TYPE:WALL-INNER
;MESH:tank_trainer_body.stl
G1 F2700 E1384.81057
G1 F2352.9 X80 Y73 E1384.82239
G1 F2400 X96 Y73 E1385.88671
G0 F12000 X79.162 Y73.162
G0 X79 Y74
G1 F2487 X79.303 Y73.303 E1385.9355
G1 F2436.5 X79.826 Y73.007 E1385.97488
G1 X78.986 Y72.986 E1386.02993
G1 F2487 X79 Y74 E1386.09503
G1 F2400 X79 Y146 E1390.88449
G1 F2352.9 X79.007 Y146.174 E1390.8963
G0 F12000 X79.162 Y146.838
G0 X80 Y147
G1 F2487 X79.303 Y146.697 E1390.94509
G1 F2436.5 X79.007 Y146.174 E1390.98447
G1 X78.986 Y147.014 E1391.03952
G1 F2487 X80 Y147 E1391.10462
G1 F2400 X140 Y147 E1395.09584
G1 F2352.9 X140.174 Y146.993 E1395.10765
G1 F2436.5 X141.014 Y147.014 E1395.16271
G1 F2442.7 X140.993 Y146.174 E1395.21762
G1 X140.697 Y146.697 E1395.2569
G1 F2436.5 X140.174 Y146.993 E1395.29628
G0 F12000 X140.838 Y146.838
G0 X140.993 Y146.174
G1 F2358.7 X141 Y146 E1395.30806
G1 F2400 X141 Y74 E1400.09752
G1 F2487 X141.014 Y72.986 E1400.16262
G1 X140 Y73 E1400.22772
G1 X140.697 Y73.303 E1400.2765
G1 X141 Y74 E1400.32529
G0 F12000 X140.838 Y73.162
G0 X140 Y73
G1 F2400 X118 Y73 E1401.78874
G1 F2700 E1396.78874
G0 F12000 X140.838 Y73.162
G0 X140.838 Y146.838
G0 X110 Y147.09
G0 X110 Y147.4
G1 F2700 E1401.78874
G1 F2400 X141.4 Y147.4 E1403.87747
G1 X141.4 Y72.6 E1408.85319
G1 X117.6 Y72.6 E1410.43637
G1 X117.6 Y73.4 E1410.48959
G1 X140 Y73.4 E1411.97964
G1 X140.424 Y73.576 E1412.01018
G1 X140.6 Y74 E1412.04072
G1 X140.6 Y146.089 E1416.8361
G1 X140.424 Y146.424 E1416.86127
G1 X140.089 Y146.6 E1416.88644
G1 X80 Y146.6 E1420.88358
G1 X79.575 Y146.425 E1420.91415
G1 X79.4 Y146.089 E1420.93935
G1 X79.4 Y74 E1425.73473
G1 X79.575 Y73.575 E1425.76531
G1 X79.911 Y73.4 E1425.79051
G1 X96.4 Y73.4 E1426.88736
G1 X96.4 Y72.6 E1426.94058
G1 X78.601 Y72.601 E1428.12457
G1 X78.601 Y147.399 E1433.10015
G1 X110 Y147.4 E1435.18882
G0 F12000 X110 Y147.8
;TYPE:WALL-OUTER
G1 F2400 X141.8 Y147.8 E1437.30417
G1 X141.8 Y72.2 E1442.3331
G1 X117.2 Y72.2 E1443.9695
G1 X117.2 Y73.8 E1444.07593
G1 X140 Y73.8 E1445.59259
G1 X140.142 Y73.858 E1445.6028
G1 X140.2 Y74 E1445.613
G1 X140.198 Y146.035 E1450.40479
G1 X140.142 Y146.142 E1450.41282
G1 X140.035 Y146.198 E1450.42085
G1 X80 Y146.2 E1454.4144
G1 X79.858 Y146.142 E1454.4246
G1 X79.802 Y146.035 E1454.43264
G1 X79.8 Y74 E1459.22442
G1 X79.858 Y73.858 E1459.23463
G1 X79.965 Y73.802 E1459.24266
G1 X96.8 Y73.8 E1460.36253
G1 X96.8 Y72.2 E1460.46896
G1 X78.201 Y72.201 E1461.70617
G1 X78.201 Y147.799 E1466.73497
G1 X110 Y147.8 E1468.85025
G1 F2700 E1463.85025
;MESH:NONMESH
G0 F300 Z10.6
G0 F12000 X110 Y147.09
G0 X79.162 Y146.838
G0 X79.162 Y73.162
G0 X79.826 Y73.007
;TIME_ELAPSED:3830.410746
;LAYER:26
;TYPE:WALL-INNER
;MESH:tank_trainer_body.stl
G1 F2700 E1468.85025
G1 F2352.9 X80 Y73 E1468.86207
G1 F2400 X96 Y73 E1469.92639
G0 F12000 X79.162 Y73.162
G0 X79 Y74
G1 F2487 X79.303 Y73.303 E1469.97518
G1 F2436.5 X79.826 Y73.007 E1470.01455
G1 X78.986 Y72.986 E1470.06961
G1 F2487 X79 Y74 E1470.13471
G1 F2400 X79 Y146 E1474.92417
G1 F2352.9 X79.007 Y146.174 E1474.93598
G0 F12000 X79.162 Y146.838
G0 X80 Y147
G1 F2487 X79.303 Y146.697 E1474.98477
G1 F2436.5 X79.007 Y146.174 E1475.02414
G1 X78.986 Y147.014 E1475.0792
G1 F2487 X80 Y147 E1475.1443
G1 F2400 X140 Y147 E1479.13551
G1 F2352.9 X140.174 Y146.993 E1479.14733
G1 F2436.5 X141.014 Y147.014 E1479.20238
G1 F2442.7 X140.993 Y146.174 E1479.2573
G1 X140.697 Y146.697 E1479.29658
G1 F2436.5 X140.174 Y146.993 E1479.33595
G0 F12000 X140.838 Y146.838
G0 X140.993 Y146.174
G1 F2358.7 X141 Y146 E1479.34774
G1 F2400 X141 Y74 E1484.1372
G1 F2487 X141.014 Y72.986 E1484.2023
G1 X140 Y73 E1484.26739
G1 X140.697 Y73.303 E1484.31618
G1 X141 Y74 E1484.36497
G0 F12000 X140.838 Y73.162
G0 X140 Y73
G1 F2400 X118 Y73 E1485.82841
G1 F2700 E1480.82841
G0 F12000 X140.838 Y73.162
G0 X140.838 Y146.838
G0 X110 Y147.09
G0 X110 Y147.4
G1 F2700 E1485.82841
G1 F2400 X141.4 Y147.4 E1487.91715
G1 X141.4 Y72.6 E1492.89286
G1 X117.6 Y72.6 E1494.47605
G1 X117.6 Y73.4 E1494.52926
G1 X140 Y73.4 E1496.01932
G1 X140.424 Y73.576 E1496.04986
G1 X140.6 Y74 E1496.08039
G1 X140.6 Y146.089 E1500.87577
G1 X140.424 Y146.424 E1500.90095
G1 X140.089 Y146.6 E1500.92612
G1 X80 Y146.6 E1504.92325
G1 X79.575 Y146.425 E1504.95383
G1 X79.4 Y146.089 E1504.97903
G1 X79.4 Y74 E1509.77441
G1 X79.575 Y73.575 E1509.80498
G1 X79.911 Y73.4 E1509.83018
G1 X96.4 Y73.4 E1510.92704
G1 X96.4 Y72.6 E1510.98025
G1 X78.601 Y72.601 E1512.16425
G1 X78.601 Y147.399 E1517.13983
G1 X110 Y147.4 E1519.2285
G0 F12000 X110 Y147.8
;TYPE:WALL-OUTER
G1 F2400 X141.8 Y147.8 E1521.34384
G1 X141.8 Y72.2 E1526.37278
G1 X117.2 Y72.2 E1528.00918
G1 X117.2 Y73.8 E1528.11561
G1 X140 Y73.8 E1529.63227
G1 X140.142 Y73.858 E1529.64247
G1 X140.2 Y74 E1529.65268
G1 X140.198 Y146.035 E1534.44446
G1 X140.142 Y146.142 E1534.4525
G1 X140.035 Y146.198 E1534.46053
G1 X80 Y146.2 E1538.45408
G1 X79.858 Y146.142 E1538.46428
G1 X79.802 Y146.035 E1538.47231
G1 X79.8 Y74 E1543.2641
G1 X79.858 Y73.858 E1543.2743
G1 X79.965 Y73.802 E1543.28234
G1 X96.8 Y73.8 E1544.40221
G1 X96.8 Y72.2 E1544.50864
G1 X78.201 Y72.201 E1545.74585
G1 X78.201 Y147.799 E1550.77465
G1 X110 Y147.8 E1552.88993
G1 F2700 E1547.88993
;MESH:NONMESH
G0 F300 Z11
G0 F12000 X110 Y147.09
G0 X79.162 Y146.838
G0 X79.162 Y73.162
G0 X79.826 Y73.007
;TIME_ELAPSED:3868.473252
;LAYER:27
;TYPE:WALL-INNER
;MESH:tank_trainer_body.stl
G1 F2700 E1552.88993
G1 F2352.9 X80 Y73 E1552.90174
G1 F2400 X96 Y73 E1553.96607
G0 F12000 X79.162 Y73.162
G0 X79 Y74
G1 F2487 X79.303 Y73.303 E1554.01485
G1 F2436.5 X79.826 Y73.007 E1554.05423
G1 X78.986 Y72.986 E1554.10929
G1 F2487 X79 Y74 E1554.17438
G1 F2400 X79 Y146 E1558.96384
G1 F2352.9 X79.007 Y146.174 E1558.97566
G0 F12000 X79.162 Y146.838
G0 X80 Y147
G1 F2487 X79.303 Y146.697 E1559.02444
G1 F2436.5 X79.007 Y146.174 E1559.06382
G1 X78.986 Y147.014 E1559.11888
G1 F2487 X80 Y147 E1559.18397
G1 F2400 X140 Y147 E1563.17519
G1 F2352.9 X140.174 Y146.993 E1563.18701
G1 F2436.5 X141.014 Y147.014 E1563.24206
G1 F2442.7 X140.993 Y146.174 E1563.29698
G1 X140.697 Y146.697 E1563.33625
G1 F2436.5 X140.174 Y146.993 E1563.37563
G0 F12000 X140.838 Y146.838
G0 X140.993 Y146.174
G1 F2358.7 X141 Y146 E1563.38742
G1 F2400 X141 Y74 E1568.17688
G1 F2487 X141.014 Y72.986 E1568.24197
G1 X140 Y73 E1568.30707
G1 X140.697 Y73.303 E1568.35586
G1 X141 Y74 E1568.40464
G0 F12000 X140.838 Y73.162
G0 X140 Y73
G1 F2400 X118 Y73 E1569.86809
G1 F2700 E1564.86809
G0 F12000 X140.838 Y73.162
G0 X140.838 Y146.838
G0 X110 Y147.09
G0 X110 Y147.4
G1 F2700 E1569.86809
G1 F2400 X141.4 Y147.4 E1571.95683
G1 X141.4 Y72.6 E1576.93254
G1 X117.6 Y72.6 E1578.51572
G1 X117.6 Y73.4 E1578.56894
G1 X140 Y73.4 E1580.05899
G1 X140.424 Y73.576 E1580.08953
G1 X140.6 Y74 E1580.12007
G1 X140.6 Y146.089 E1584.91545
G1 X140.424 Y146.424 E1584.94062
G1 X140.089 Y146.6 E1584.96579
G1 X80 Y146.6 E1588.96293
G1 X79.575 Y146.425 E1588.99351
G1 X79.4 Y146.089 E1589.01871
G1 X79.4 Y74 E1593.81409
G1 X79.575 Y73.575 E1593.84466
G1 X79.911 Y73.4 E1593.86986
G1 X96.4 Y73.4 E1594.96671
G1 X96.4 Y72.6 E1595.01993
G1 X78.601 Y72.601 E1596.20392
G1 X78.601 Y147.399 E1601.17951
G1 X110 Y147.4 E1603.26818
G0 F12000 X110 Y147.8
;TYPE:WALL-OUTER
G1 F2400 X141.8 Y147.8 E1605.38352
G1 X141.8 Y72.2 E1610.41245
G1 X117.2 Y72.2 E1612.04885
G1 X117.2 Y73.8 E1612.15528
G1 X140 Y73.8 E1613.67195
G1 X140.142 Y73.858 E1613.68215
G1 X140.2 Y74 E1613.69235
G1 X140.198 Y146.035 E1618.48414
G1 X140.142 Y146.142 E1618.49218
G1 X140.035 Y146.198 E1618.50021
G1 X80 Y146.2 E1622.49375
G1 X79.858 Y146.142 E1622.50396
G1 X79.802 Y146.035 E1622.51199
G1 X79.8 Y74 E1627.30378
G1 X79.858 Y73.858 E1627.31398
G1 X79.965 Y73.802 E1627.32201
G1 X96.8 Y73.8 E1628.44188
G1 X96.8 Y72.2 E1628.54832
G1 X78.201 Y72.201 E1629.78553
G1 X78.201 Y147.799 E1634.81433
G1 X110 Y147.8 E1636.9296
G1 F2700 E1631.9296
;MESH:NONMESH
G0 F300 Z11.4
G0 F12000 X110 Y147.09
G0 X79.162 Y146.838
G0 X79.162 Y73.162
G0 X79.826 Y73.007
;TIME_ELAPSED:3906.535758
;LAYER:28
;TYPE:WALL-INNER
;MESH:tank_trainer_body.stl
G1 F2700 E1636.9296
G1 F2352.9 X80 Y73 E1636.94142
G1 F2400 X96 Y73 E1638.00574
G0 F12000 X79.162 Y73.162
G0 X79 Y74
G1 F2487 X79.303 Y73.303 E1638.05453
G1 F2436.5 X79.826 Y73.007 E1638.09391
G1 X78.986 Y72.986 E1638.14896
G1 F2487 X79 Y74 E1638.21406
G1 F2400 X79 Y146 E1643.00352
G1 F2352.9 X79.007 Y146.174 E1643.01533
G0 F12000 X79.162 Y146.838
G0 X80 Y147
G1 F2487 X79.303 Y146.697 E1643.06412
G1 F2436.5 X79.007 Y146.174 E1643.1035
G1 X78.986 Y147.014 E1643.15855
G1 F2487 X80 Y147 E1643.22365
G1 F2400 X140 Y147 E1647.21487
G1 F2352.9 X140.174 Y146.993 E1647.22668
G1 F2436.5 X141.014 Y147.014 E1647.28174
G1 F2442.7 X140.993 Y146.174 E1647.33665
G1 X140.697 Y146.697 E1647.37593
G1 F2436.5 X140.174 Y146.993 E1647.41531
G0 F12000 X140.838 Y146.838
G0 X140.993 Y146.174
G1 F2358.7 X141 Y146 E1647.42709
G1 F2400 X141 Y74 E1652.21655
G1 F2487 X141.014 Y72.986 E1652.28165
G1 X140 Y73 E1652.34675
G1 X140.697 Y73.303 E1652.39553
G1 X141 Y74 E1652.44432
G0 F12000 X140.838 Y73.162
G0 X140 Y73
G1 F2400 X118 Y73 E1653.90777
G1 F2700 E1648.90777
G0 F12000 X140.838 Y73.162
G0 X140.838 Y146.838
G0 X110 Y147.09
G0 X110 Y147.4
G1 F2700 E1653.90777
G1 F2400 X141.4 Y147.4 E1655.9965
G1 X141.4 Y72.6 E1660.97222
G1 X117.6 Y72.6 E1662.5554
G1 X117.6 Y73.4 E1662.60862
G1 X140 Y73.4 E1664.09867
G1 X140.424 Y73.576 E1664.12921
G1 X140.6 Y74 E1664.15975
G1 X140.6 Y146.089 E1668.95513
G1 X140.424 Y146.424 E1668.9803
G1 X140.089 Y146.6 E1669.00547
G1 X80 Y146.6 E1673.00261
G1 X79.575 Y146.425 E1673.03318
G1 X79.4 Y146.089 E1673.05838
G1 X79.4 Y74 E1677.85376
G1 X79.575 Y73.575 E1677.88434
G1 X79.911 Y73.4 E1677.90954
G1 X96.4 Y73.4 E1679.00639
G1 X96.4 Y72.6 E1679.05961
G1 X78.601 Y72.601 E1680.2436
G1 X78.601 Y147.399 E1685.21918
G1 X110 Y147.4 E1687.30785
G0 F12000 X110 Y147.8
;TYPE:WALL-OUTER
G1 F2400 X141.8 Y147.8 E1689.4232
G1 X141.8 Y72.2 E1694.45213
G1 X117.2 Y72.2 E1696.08853
G1 X117.2 Y73.8 E1696.19496
G1 X140 Y73.8 E1697.71162
G1 X140.142 Y73.858 E1697.72183
G1 X140.2 Y74 E1697.73203
G1 X140.198 Y146.035 E1702.52382
G1 X140.142 Y146.142 E1702.53185
G1 X140.035 Y146.198 E1702.53989
G1 X80 Y146.2 E1706.53343
G1 X79.858 Y146.142 E1706.54363
G1 X79.802 Y146.035 E1706.55167
G1 X79.8 Y74 E1711.34345
G1 X79.858 Y73.858 E1711.35366
G1 X79.965 Y73.802 E1711.36169
G1 X96.8 Y73.8 E1712.48156
G1 X96.8 Y72.2 E1712.58799
G1 X78.201 Y72.201 E1713.8252
G1 X78.201 Y147.799 E1718.854
G1 X110 Y147.8 E1720.96928
G1 F2700 E1715.96928
;MESH:NONMESH
G0 F300 Z11.8
G0 F12000 X110 Y147.09
G0 X79.162 Y146.838
G0 X79.162 Y73.162
G0 X79.826 Y73.007
;TIME_ELAPSED:3944.598264
;LAYER:29
;TYPE:WALL-INNER
;MESH:tank_trainer_body.stl
G1 F2700 E1720.96928
G1 F2352.9 X80 Y73 E1720.9811
G1 F2400 X96 Y73 E1722.04542
G0 F12000 X79.162 Y73.162
G0 X79 Y74
G1 F2487 X79.303 Y73.303 E1722.09421
G1 F2436.5 X79.826 Y73.007 E1722.13358
G1 X78.986 Y72.986 E1722.18864
G1 F2487 X79 Y74 E1722.25374
G1 F2400 X79 Y146 E1727.0432
G1 F2352.9 X79.007 Y146.174 E1727.05501
G0 F12000 X79.162 Y146.838
G0 X80 Y147
G1 F2487 X79.303 Y146.697 E1727.1038
G1 F2436.5 X79.007 Y146.174 E1727.14317
G1 X78.986 Y147.014 E1727.19823
G1 F2487 X80 Y147 E1727.26333
G1 F2400 X140 Y147 E1731.25454
G1 F2352.9 X140.174 Y146.993 E1731.26636
G1 F2436.5 X141.014 Y147.014 E1731.32141
G1 F2442.7 X140.993 Y146.174 E1731.37633
G1 X140.697 Y146.697 E1731.41561
G1 F2436.5 X140.174 Y146.993 E1731.45498
G0 F12000 X140.838 Y146.838
G0 X140.993 Y146.174
G1 F2358.7 X141 Y146 E1731.46677
G1 F2400 X141 Y74 E1736.25623
G1 F2487 X141.014 Y72.986 E1736.32133
G1 X140 Y73 E1736.38642
G1 X140.697 Y73.303 E1736.43521
G1 X141 Y74 E1736.484
G0 F12000 X140.838 Y73.162
G0 X140 Y73
G1 F2400 X118 Y73 E1737.94744
G1 F2700 E1732.94744
G0 F12000 X140.838 Y73.162
G0 X140.838 Y146.838
G0 X110 Y147.09
G0 X110 Y147.4
G1 F2700 E1737.94744
G1 F2400 X141.4 Y147.4 E1740.03618
G1 X141.4 Y72.6 E1745.0119
G1 X117.6 Y72.6 E1746.59508
G1 X117.6 Y73.4 E1746.64829
G1 X140 Y73.4 E1748.13835
G1 X140.424 Y73.576 E1748.16889
G1 X140.6 Y74 E1748.19942
G1 X140.6 Y146.089 E1752.9948
G1 X140.424 Y146.424 E1753.01998
G1 X140.089 Y146.6 E1753.04515
G1 X80 Y146.6 E1757.04229
G1 X79.575 Y146.425 E1757.07286
G1 X79.4 Y146.089 E1757.09806
G1 X79.4 Y74 E1761.89344
G1 X79.575 Y73.575 E1761.92401
G1 X79.911 Y73.4 E1761.94921
G1 X96.4 Y73.4 E1763.04607
G1 X96.4 Y72.6 E1763.09928
G1 X78.601 Y72.601 E1764.28328
G1 X78.601 Y147.399 E1769.25886
G1 X110 Y147.4 E1771.34753
G0 F12000 X110 Y147.8
;TYPE:WALL-OUTER
G1 F2400 X141.8 Y147.8 E1773.46288
G1 X141.8 Y72.2 E1778.49181
G1 X117.2 Y72.2 E1780.12821
G1 X117.2 Y73.8 E1780.23464
G1 X140 Y73.8 E1781.7513
G1 X140.142 Y73.858 E1781.7615
G1 X140.2 Y74 E1781.77171
G1 X140.198 Y146.035 E1786.5635
G1 X140.142 Y146.142 E1786.57153
G1 X140.035 Y146.198 E1786.57956
G1 X80 Y146.2 E1790.57311
G1 X79.858 Y146.142 E1790.58331
G1 X79.802 Y146.035 E1790.59134
G1 X79.8 Y74 E1795.38313
G1 X79.858 Y73.858 E1795.39333
G1 X79.965 Y73.802 E1795.40137
G1 X96.8 Y73.8 E1796.52124
G1 X96.8 Y72.2 E1796.62767
G1 X78.201 Y72.201 E1797.86488
G1 X78.201 Y147.799 E1802.89368
G1 X110 Y147.8 E1805.00896
G1 F2700 E1800.00896
;MESH:NONMESH
G0 F300 Z12.2
G0 F12000 X110 Y147.09
G0 X79.162 Y146.838
G0 X79.162 Y73.162
G0 X79.826 Y73.007
;TIME_ELAPSED:3982.660771
;LAYER:30
;TYPE:WALL-INNER
;MESH:tank_trainer_body.stl
G1 F2700 E1805.00896
G1 F2352.9 X80 Y73 E1805.02077
G1 F2400 X96 Y73 E1806.0851
G0 F12000 X79.162 Y73.162
G0 X79 Y74
G1 F2487 X79.303 Y73.303 E1806.13388
G1 F2436.5 X79.826 Y73.007 E1806.17326
G1 X78.986 Y72.986 E1806.22832
G1 F2487 X79 Y74 E1806.29341
G1 F2400 X79 Y146 E1811.08287
G1 F2352.9 X79.007 Y146.174 E1811.09469
G0 F12000 X79.162 Y146.838
G0 X80 Y147
G1 F2487 X79.303 Y146.697 E1811.14347
G1 F2436.5 X79.007 Y146.174 E1811.18285
G1 X78.986 Y147.014 E1811.23791
G1 F2487 X80 Y147 E1811.303
G1 F2400 X140 Y147 E1815.29422
G1 F2352.9 X140.174 Y146.993 E1815.30604
G1 F2436.5 X141.014 Y147.014 E1815.36109
G1 F2442.7 X140.993 Y146.174 E1815.41601
G1 X140.697 Y146.697 E1815.45528
G1 F2436.5 X140.174 Y146.993 E1815.49466
G0 F12000 X140.838 Y146.838
G0 X140.993 Y146.174
G1 F2358.7 X141 Y146 E1815.50645
G1 F2400 X141 Y74 E1820.29591
G1 F2487 X141.014 Y72.986 E1820.361
G1 X140 Y73 E1820.4261
G1 X140.697 Y73.303 E1820.47489
G1 X141 Y74 E1820.52367
G0 F12000 X140.838 Y73.162
G0 X140 Y73
G1 F2400 X118 Y73 E1821.98712
G1 F2700 E1816.98712
G0 F12000 X140.838 Y73.162
G0 X140.838 Y146.838
G0 X110 Y147.09
G0 X110 Y147.4
G1 F2700 E1821.98712
G1 F2400 X141.4 Y147.4 E1824.07586
G1 X141.4 Y72.6 E1829.05157
G1 X117.6 Y72.6 E1830.63475
G1 X117.6 Y73.4 E1830.68797
G1 X140 Y73.4 E1832.17802
G1 X140.424 Y73.576 E1832.20856
G1 X140.6 Y74 E1832.2391
G1 X140.6 Y146.089 E1837.03448
G1 X140.424 Y146.424 E1837.05965
G1 X140.089 Y146.6 E1837.08483
G1 X80 Y146.6 E1841.08196
G1 X79.575 Y146.425 E1841.11254
G1 X79.4 Y146.089 E1841.13774
G1 X79.4 Y74 E1845.93312
G1 X79.575 Y73.575 E1845.96369
G1 X79.911 Y73.4 E1845.98889
G1 X96.4 Y73.4 E1847.08574
G1 X96.4 Y72.6 E1847.13896
G1 X78.601 Y72.601 E1848.32295
G1 X78.601 Y147.399 E1853.29854
G1 X110 Y147.4 E1855.38721
G0 F12000 X110 Y147.8
;TYPE:WALL-OUTER
G1 F2400 X141.8 Y147.8 E1857.50255
G1 X141.8 Y72.2 E1862.53148
G1 X117.2 Y72.2 E1864.16788
G1 X117.2 Y73.8 E1864.27432
G1 X140 Y73.8 E1865.79098
G1 X140.142 Y73.858 E1865.80118
G1 X140.2 Y74 E1865.81138
G1 X140.198 Y146.035 E1870.60317
G1 X140.142 Y146.142 E1870.61121
G1 X140.035 Y146.198 E1870.61924
G1 X80 Y146.2 E1874.61278
G1 X79.858 Y146.142 E1874.62299
G1 X79.802 Y146.035 E1874.63102
G1 X79.8 Y74 E1879.42281
G1 X79.858 Y73.858 E1879.43301
G1 X79.965 Y73.802 E1879.44105
G1 X96.8 Y73.8 E1880.56091
G1 X96.8 Y72.2 E1880.66735
G1 X78.201 Y72.201 E1881.90456
G1 X78.201 Y147.799 E1886.93336
G1 X110 Y147.8 E1889.04863
G1 F2700 E1884.04863
;MESH:NONMESH
G0 F300 Z12.6
G0 F12000 X110 Y147.09
G0 X79.162 Y146.838
G0 X79.162 Y73.162
G0 X79.826 Y73.007
;TIME_ELAPSED:4020.723277
;LAYER:31
;TYPE:WALL-INNER
;MESH:tank_trainer_body.stl
G1 F2700 E1889.04863
G1 F2352.9 X80 Y73 E1889.06045
G1 F2400 X96 Y73 E1890.12477
G0 F12000 X79.162 Y73.162
G0 X79 Y74
G1 F2487 X79.303 Y73.303 E1890.17356
G1 F2436.5 X79.826 Y73.007 E1890.21294
G1 X78.986 Y72.986 E1890.26799
G1 F2487 X79 Y74 E1890.33309
G1 F2400 X79 Y127 E1893.85866
G0 F12000 X79.4 Y127.4
G1 F2400 X79.4 Y74 E1897.41085
G1 X79.575 Y73.575 E1897.44142
G1 X79.911 Y73.4 E1897.46662
G1 X96.4 Y73.4 E1898.56347
G1 X96.4 Y72.6 E1898.61669
G1 X78.601 Y72.601 E1899.80068
G1 X78.6 Y127.4 E1903.44593
G1 X79.4 Y127.4 E1903.49915
G0 F12000 X79.8 Y127.8
;TYPE:WALL-OUTER
G1 F2400 X79.8 Y74 E1907.07794
G1 X79.858 Y73.858 E1907.08814
G1 X79.965 Y73.802 E1907.09617
G1 X96.8 Y73.8 E1908.21604
G1 X96.8 Y72.2 E1908.32247
G1 X78.201 Y72.201 E1909.55968
G1 X78.2 Y127.8 E1913.25814
G1 X79.8 Y127.8 E1913.36458
G1 F2700 E1908.36458
G0 F12000 X79.52 Y127.52
G0 X79 Y127.57
G0 X79 Y128.665
G0 X79 Y138.835
G0 X79 Y139.93
G0 X79 Y140.5
;TYPE:WALL-INNER
G1 F2700 E1913.36458
G1 F2400 X79 Y146 E1913.73044
G1 F2352.9 X79.007 Y146.174 E1913.74225
G0 F12000 X79.162 Y146.838
G0 X80 Y147
G1 F2487 X79.303 Y146.697 E1913.79104
G1 F2436.5 X79.007 Y146.174 E1913.83042
G1 X78.986 Y147.014 E1913.88547
G1 F2487 X80 Y147 E1913.95057
G1 F2400 X140 Y147 E1917.94179
G1 F2352.9 X140.174 Y146.993 E1917.9536
G1 F2436.5 X141.014 Y147.014 E1918.00866
G1 F2442.7 X140.993 Y146.174 E1918.06357
G1 X140.697 Y146.697 E1918.10285
G1 F2436.5 X140.174 Y146.993 E1918.14223
G0 F12000 X140.838 Y146.838
G0 X140.993 Y146.174
G1 F2358.7 X141 Y146 E1918.15401
G1 F2400 X141 Y74 E1922.94347
G1 F2487 X141.014 Y72.986 E1923.00857
G1 X140 Y73 E1923.07367
G1 X140.697 Y73.303 E1923.12245
G1 X141 Y74 E1923.17124
G0 F12000 X140.838 Y73.162
G0 X140 Y73
G1 F2400 X118 Y73 E1924.63469
G1 F2700 E1919.63469
G0 F12000 X140.838 Y73.162
G0 X140.838 Y146.838
G0 X110 Y147.09
G0 X110 Y147.4
G1 F2700 E1924.63469
G1 F2400 X141.4 Y147.4 E1926.72342
G1 X141.4 Y72.6 E1931.69914
G1 X117.6 Y72.6 E1933.28232
G1 X117.6 Y73.4 E1933.33554
G1 X140 Y73.4 E1934.82559
G1 X140.424 Y73.576 E1934.85613
G1 X140.6 Y74 E1934.88667
G1 X140.6 Y146.089 E1939.68205
G1 X140.424 Y146.424 E1939.70722
G1 X140.089 Y146.6 E1939.73239
G1 X80 Y146.6 E1943.72953
G1 X79.575 Y146.425 E1943.7601
G1 X79.4 Y146.089 E1943.7853
G1 X79.4 Y140.1 E1944.18369
G1 X78.6 Y140.1 E1944.23691
G1 X78.601 Y147.399 E1944.72244
G1 X110 Y147.4 E1946.81111
G0 F12000 X110 Y147.8
;TYPE:WALL-OUTER
G1 F2400 X141.8 Y147.8 E1948.92646
G1 X141.8 Y72.2 E1953.95539
G1 X117.2 Y72.2 E1955.59179
G1 X117.2 Y73.8 E1955.69822
G1 X140 Y73.8 E1957.21488
G1 X140.142 Y73.858 E1957.22508
G1 X140.2 Y74 E1957.23529
G1 X140.198 Y146.035 E1962.02708
G1 X140.142 Y146.142 E1962.03511
G1 X140.035 Y146.198 E1962.04314
G1 X80 Y146.2 E1966.03669
G1 X79.858 Y146.142 E1966.04689
G1 X79.802 Y146.035 E1966.05492
G1 X79.8 Y139.7 E1966.47633
G1 X78.2 Y139.7 E1966.58276
G1 X78.201 Y147.799 E1967.12151
G1 X110 Y147.8 E1969.23679
G1 F2700 E1964.23679
;MESH:NONMESH
G0 F300 Z13
G0 F12000 X110 Y147.09
G0 X79.826 Y146.43
G0 X80.653 Y145.347
G0 X80.653 Y74.653
G0 X79.826 Y73.57
G0 X79.826 Y73.007
;TIME_ELAPSED:4058.691750
;LAYER:32
;TYPE:WALL-INNER
;MESH:tank_trainer_body.stl
G1 F2700 E1969.23679
G1 F2352.9 X80 Y73 E1969.2486
G1 F2400 X96 Y73 E1970.31293
G0 F12000 X79.162 Y73.162
G0 X79 Y74
G1 F2487 X79.303 Y73.303 E1970.36171
G1 F2436.5 X79.826 Y73.007 E1970.40109
G1 X78.986 Y72.986 E1970.45615
G1 F2487 X79 Y74 E1970.52124
G1 F2400 X79 Y127 E1974.04682
G0 F12000 X79.4 Y127.4
G1 F2400 X79.4 Y74 E1977.599
G1 X79.575 Y73.575 E1977.62957
G1 X79.911 Y73.4 E1977.65477
G1 X96.4 Y73.4 E1978.75163
G1 X96.4 Y72.6 E1978.80484
G1 X78.601 Y72.601 E1979.98884
G1 X78.6 Y127.4 E1983.63408
G1 X79.4 Y127.4 E1983.6873
G0 F12000 X79.8 Y127.8
;TYPE:WALL-OUTER
G1 F2400 X79.8 Y74 E1987.26609
G1 X79.858 Y73.858 E1987.27629
G1 X79.965 Y73.802 E1987.28433
G1 X96.8 Y73.8 E1988.40419
G1 X96.8 Y72.2 E1988.51063
G1 X78.201 Y72.201 E1989.74784
G1 X78.2 Y127.8 E1993.4463
G1 X79.8 Y127.8 E1993.55273
G1 F2700 E1988.55273
G0 F12000 X79.52 Y127.52
G0 X79 Y127.57
G0 X79 Y128.665
G0 X79 Y138.835
G0 X79 Y139.93
G0 X79 Y140.5
;TYPE:WALL-INNER
G1 F2700 E1993.55273
G1 F2400 X79 Y146 E1993.91859
G1 F2352.9 X79.007 Y146.174 E1993.93041
G0 F12000 X79.162 Y146.838
G0 X80 Y147
G1 F2487 X79.303 Y146.697 E1993.97919
G1 F2436.5 X79.007 Y146.174 E1994.01857
G1 X78.986 Y147.014 E1994.07363
G1 F2487 X80 Y147 E1994.13872
G1 F2400 X140 Y147 E1998.12994
G1 F2352.9 X140.174 Y146.993 E1998.14176
G1 F2436.5 X141.014 Y147.014 E1998.19681
G1 F2442.7 X140.993 Y146.174 E1998.25173
G1 X140.697 Y146.697 E1998.291
G1 F2436.5 X140.174 Y146.993 E1998.33038
G0 F12000 X140.838 Y146.838
G0 X140.993 Y146.174
G1 F2358.7 X141 Y146 E1998.34217
G1 F2400 X141 Y74 E2003.13163
G1 F2487 X141.014 Y72.986 E2003.19672
G1 X140 Y73 E2003.26182
G1 X140.697 Y73.303 E2003.31061
G1 X141 Y74 E2003.35939
G0 F12000 X140.838 Y73.162
G0 X140 Y73
G1 F2400 X118 Y73 E2004.82284
G1 F2700 E1999.82284
G0 F12000 X140.838 Y73.162
G0 X140.838 Y146.838
G0 X110 Y147.09
G0 X110 Y147.4
G1 F2700 E2004.82284
G1 F2400 X141.4 Y147.4 E2006.91158
G1 X141.4 Y72.6 E2011.88729
G1 X117.6 Y72.6 E2013.47047
G1 X117.6 Y73.4 E2013.52369
G1 X140 Y73.4 E2015.01374
G1 X140.424 Y73.576 E2015.04428
G1 X140.6 Y74 E2015.07482
G1 X140.6 Y146.089 E2019.8702
G1 X140.424 Y146.424 E2019.89537
G1 X140.089 Y146.6 E2019.92054
G1 X80 Y146.6 E2023.91768
G1 X79.575 Y146.425 E2023.94826
G1 X79.4 Y146.089 E2023.97346
G1 X79.4 Y140.1 E2024.37185
G1 X78.6 Y140.1 E2024.42506
G1 X78.601 Y147.399 E2024.91059
G1 X110 Y147.4 E2026.99926
G0 F12000 X110 Y147.8
;TYPE:WALL-OUTER
G1 F2400 X141.8 Y147.8 E2029.11461
G1 X141.8 Y72.2 E2034.14354
G1 X117.2 Y72.2 E2035.77994
G1 X117.2 Y73.8 E2035.88637
G1 X140 Y73.8 E2037.40303
G1 X140.142 Y73.858 E2037.41324
G1 X140.2 Y74 E2037.42344
G1 X140.198 Y146.035 E2042.21523
G1 X140.142 Y146.142 E2042.22326
G1 X140.035 Y146.198 E2042.2313
G1 X80 Y146.2 E2046.22484
G1 X79.858 Y146.142 E2046.23504
G1 X79.802 Y146.035 E2046.24308
G1 X79.8 Y139.7 E2046.66448
G1 X78.2 Y139.7 E2046.77092
G1 X78.201 Y147.799 E2047.30966
G1 X110 Y147.8 E2049.42494
G1 F2700 E2044.42494
;MESH:NONMESH
G0 F300 Z13.4
G0 F12000 X110 Y147.09
G0 X79.826 Y146.43
G0 X80.653 Y145.347
G0 X80.653 Y74.653
G0 X79.826 Y73.57
G0 X79.826 Y73.007
;TIME_ELAPSED:4096.660223
;LAYER:33
;TYPE:WALL-INNER
;MESH:tank_trainer_body.stl
G1 F2700 E2049.42494
G1 F2352.9 X80 Y73 E2049.43676
G1 F2400 X96 Y73 E2050.50108
G0 F12000 X79.162 Y73.162
G0 X79 Y74
G1 F2487 X79.303 Y73.303 E2050.54987
G1 F2436.5 X79.826 Y73.007 E2050.58924
G1 X78.986 Y72.986 E2050.6443
G1 F2487 X79 Y74 E2050.7094
G1 F2400 X79 Y127 E2054.23497
G0 F12000 X79.4 Y127.4
G1 F2400 X79.4 Y74 E2057.78715
G1 X79.575 Y73.575 E2057.81773
G1 X79.911 Y73.4 E2057.84293
G1 X96.4 Y73.4 E2058.93978
G1 X96.4 Y72.6 E2058.993
G1 X78.601 Y72.601 E2060.17699
G1 X78.6 Y127.4 E2063.82224
G1 X79.4 Y127.4 E2063.87545
G0 F12000 X79.8 Y127.8
;TYPE:WALL-OUTER
G1 F2400 X79.8 Y74 E2067.45424
G1 X79.858 Y73.858 E2067.46445
G1 X79.965 Y73.802 E2067.47248
G1 X96.8 Y73.8 E2068.59235
G1 X96.8 Y72.2 E2068.69878
G1 X78.201 Y72.201 E2069.93599
G1 X78.2 Y127.8 E2073.63445
G1 X79.8 Y127.8 E2073.74088
G1 F2700 E2068.74088
G0 F12000 X79.52 Y127.52
G0 X79 Y127.57
G0 X79 Y128.665
G0 X79 Y138.835
G0 X79 Y139.93
G0 X79 Y140.5
;TYPE:WALL-INNER
G1 F2700 E2073.74088
G1 F2400 X79 Y146 E2074.10675
G1 F2352.9 X79.007 Y146.174 E2074.11856
G0 F12000 X79.162 Y146.838
G0 X80 Y147
G1 F2487 X79.303 Y146.697 E2074.16735
G1 F2436.5 X79.007 Y146.174 E2074.20672
G1 X78.986 Y147.014 E2074.26178
G1 F2487 X80 Y147 E2074.32688
G1 F2400 X140 Y147 E2078.31809
G1 F2352.9 X140.174 Y146.993 E2078.32991
G1 F2436.5 X141.014 Y147.014 E2078.38496
G1 F2442.7 X140.993 Y146.174 E2078.43988
G1 X140.697 Y146.697 E2078.47916
G1 F2436.5 X140.174 Y146.993 E2078.51853
G0 F12000 X140.838 Y146.838
G0 X140.993 Y146.174
G1 F2358.7 X141 Y146 E2078.53032
G1 F2400 X141 Y74 E2083.31978
G1 F2487 X141.014 Y72.986 E2083.38488
G1 X140 Y73 E2083.44997
G1 X140.697 Y73.303 E2083.49876
G1 X141 Y74 E2083.54755
G0 F12000 X140.838 Y73.162
G0 X140 Y73
G1 F2400 X118 Y73 E2085.01099
G1 F2700 E2080.01099
G0 F12000 X140.838 Y73.162
G0 X140.838 Y146.838
G0 X110 Y147.09
G0 X110 Y147.4
G1 F2700 E2085.01099
G1 F2400 X141.4 Y147.4 E2087.09973
G1 X141.4 Y72.6 E2092.07544
G1 X117.6 Y72.6 E2093.65863
G1 X117.6 Y73.4 E2093.71184
G1 X140 Y73.4 E2095.2019
G1 X140.424 Y73.576 E2095.23244
G1 X140.6 Y74 E2095.26297
G1 X140.6 Y146.089 E2100.05835
G1 X140.424 Y146.424 E2100.08353
G1 X140.089 Y146.6 E2100.1087
G1 X80 Y146.6 E2104.10583
G1 X79.575 Y146.425 E2104.13641
G1 X79.4 Y146.089 E2104.16161
G1 X79.4 Y140.1 E2104.56
G1 X78.6 Y140.1 E2104.61322
G1 X78.601 Y147.399 E2105.09875
G1 X110 Y147.4 E2107.18742
G0 F12000 X110 Y147.8
;TYPE:WALL-OUTER
G1 F2400 X141.8 Y147.8 E2109.30276
G1 X141.8 Y72.2 E2114.33169
G1 X117.2 Y72.2 E2115.96809
G1 X117.2 Y73.8 E2116.07453
G1 X140 Y73.8 E2117.59119
G1 X140.142 Y73.858 E2117.60139
G1 X140.2 Y74 E2117.61159
G1 X140.198 Y146.035 E2122.40338
G1 X140.142 Y146.142 E2122.41142
G1 X140.035 Y146.198 E2122.41945
G1 X80 Y146.2 E2126.41299
G1 X79.858 Y146.142 E2126.4232
G1 X79.802 Y146.035 E2126.43123
G1 X79.8 Y139.7 E2126.85264
G1 X78.2 Y139.7 E2126.95907
G1 X78.201 Y147.799 E2127.49782
G1 X110 Y147.8 E2129.61309
G1 F2700 E2124.61309
;MESH:NONMESH
G0 F300 Z13.8
G0 F12000 X110 Y147.09
G0 X79.826 Y146.43
G0 X80.653 Y145.347
G0 X80.653 Y74.653
G0 X79.826 Y73.57
G0 X79.826 Y73.007
;TIME_ELAPSED:4134.628696
;LAYER:34
;TYPE:WALL-INNER
;MESH:tank_trainer_body.stl
G1 F2700 E2129.61309
G1 F2352.9 X80 Y73 E2129.62491
G1 F2400 X96 Y73 E2130.68923
G0 F12000 X79.162 Y73.162
G0 X79 Y74
G1 F2487 X79.303 Y73.303 E2130.73802
G1 F2436.5 X79.826 Y73.007 E2130.7774
G1 X78.986 Y72.986 E2130.83245
G1 F2487 X79 Y74 E2130.89755
G1 F2400 X79 Y127 E2134.42312
G0 F12000 X79.4 Y127.4
G1 F2400 X79.4 Y74 E2137.97531
G1 X79.575 Y73.575 E2138.00588
G1 X79.911 Y73.4 E2138.03108
G1 X96.4 Y73.4 E2139.12793
G1 X96.4 Y72.6 E2139.18115
G1 X78.601 Y72.601 E2140.36514
G1 X78.6 Y127.4 E2144.01039
G1 X79.4 Y127.4 E2144.06361
G0 F12000 X79.8 Y127.8
;TYPE:WALL-OUTER
G1 F2400 X79.8 Y74 E2147.6424
G1 X79.858 Y73.858 E2147.6526
G1 X79.965 Y73.802 E2147.66063
G1 X96.8 Y73.8 E2148.7805
G1 X96.8 Y72.2 E2148.88693
G1 X78.201 Y72.201 E2150.12414
G1 X78.2 Y127.8 E2153.8226
G1 X79.8 Y127.8 E2153.92904
G1 F2700 E2148.92904
G0 F12000 X79.52 Y127.52
G0 X79 Y127.57
G0 X79 Y128.665
G0 X79 Y138.835
G0 X79 Y139.93
G0 X79 Y140.5
;TYPE:WALL-INNER
G1 F2700 E2153.92904
G1 F2400 X79 Y146 E2154.2949
G1 F2352.9 X79.007 Y146.174 E2154.30671
G0 F12000 X79.162 Y146.838
G0 X80 Y147
G1 F2487 X79.303 Y146.697 E2154.3555
G1 F2436.5 X79.007 Y146.174 E2154.39488
G1 X78.986 Y147.014 E2154.44993
G1 F2487 X80 Y147 E2154.51503
G1 F2400 X140 Y147 E2158.50625
G1 F2352.9 X140.174 Y146.993 E2158.51806
G1 F2436.5 X141.014 Y147.014 E2158.57312
G1 F2442.7 X140.993 Y146.174 E2158.62803
G1 X140.697 Y146.697 E2158.66731
G1 F2436.5 X140.174 Y146.993 E2158.70669
G0 F12000 X140.838 Y146.838
G0 X140.993 Y146.174
G1 F2358.7 X141 Y146 E2158.71847
G1 F2400 X141 Y74 E2163.50793
G1 F2487 X141.014 Y72.986 E2163.57303
G1 X140 Y73 E2163.63813
G1 X140.697 Y73.303 E2163.68691
G1 X141 Y74 E2163.7357
G0 F12000 X140.838 Y73.162
G0 X140 Y73
G1 F2400 X118 Y73 E2165.19915
G1 F2700 E2160.19915
G0 F12000 X140.838 Y73.162
G0 X140.838 Y146.838
G0 X110 Y147.09
G0 X110 Y147.4
G1 F2700 E2165.19915
G1 F2400 X141.4 Y147.4 E2167.28788
G1 X141.4 Y72.6 E2172.2636
G1 X117.6 Y72.6 E2173.84678
G1 X117.6 Y73.4 E2173.9
G1 X140 Y73.4 E2175.39005
G1 X140.424 Y73.576 E2175.42059
G1 X140.6 Y74 E2175.45113
G1 X140.6 Y146.089 E2180.24651
G1 X140.424 Y146.424 E2180.27168
G1 X140.089 Y146.6 E2180.29685
G1 X80 Y146.6 E2184.29399
G1 X79.575 Y146.425 E2184.32456
G1 X79.4 Y146.089 E2184.34976
G1 X79.4 Y140.1 E2184.74815
G1 X78.6 Y140.1 E2184.80137
G1 X78.601 Y147.399 E2185.2869
G1 X110 Y147.4 E2187.37557
G0 F12000 X110 Y147.8
;TYPE:WALL-OUTER
G1 F2400 X141.8 Y147.8 E2189.49091
G1 X141.8 Y72.2 E2194.51985
G1 X117.2 Y72.2 E2196.15625
G1 X117.2 Y73.8 E2196.26268
G1 X140 Y73.8 E2197.77934
G1 X140.142 Y73.858 E2197.78954
G1 X140.2 Y74 E2197.79975
G1 X140.198 Y146.035 E2202.59153
G1 X140.142 Y146.142 E2202.59957
G1 X140.035 Y146.198 E2202.6076
G1 X80 Y146.2 E2206.60115
G1 X79.858 Y146.142 E2206.61135
G1 X79.802 Y146.035 E2206.61938
G1 X79.8 Y139.7 E2207.04079
G1 X78.2 Y139.7 E2207.14722
G1 X78.201 Y147.799 E2207.68597
G1 X110 Y147.8 E2209.80125
G1 F2700 E2204.80125
;MESH:NONMESH
G0 F300 Z14.2
G0 F12000 X110 Y147.09
G0 X79.826 Y146.43
G0 X80.653 Y145.347
G0 X80.653 Y74.653
G0 X79.826 Y73.57
G0 X79.826 Y73.007
;TIME_ELAPSED:4172.597169
;LAYER:35
;TYPE:WALL-INNER
;MESH:tank_trainer_body.stl
G1 F2700 E2209.80125
G1 F2352.9 X80 Y73 E2209.81306
G1 F2400 X96 Y73 E2210.87739
G0 F12000 X79.162 Y73.162
G0 X79 Y74
G1 F2487 X79.303 Y73.303 E2210.92617
G1 F2436.5 X79.826 Y73.007 E2210.96555
G1 X78.986 Y72.986 E2211.02061
G1 F2487 X79 Y74 E2211.0857
G1 F2400 X79 Y127 E2214.61128
G0 F12000 X79.4 Y127.4
G1 F2400 X79.4 Y74 E2218.16346
G1 X79.575 Y73.575 E2218.19403
G1 X79.911 Y73.4 E2218.21923
G1 X96.4 Y73.4 E2219.31609
G1 X96.4 Y72.6 E2219.3693
G1 X78.601 Y72.601 E2220.5533
G1 X78.6 Y127.4 E2224.19854
G1 X79.4 Y127.4 E2224.25176
G0 F12000 X79.8 Y127.8
;TYPE:WALL-OUTER
G1 F2400 X79.8 Y74 E2227.83055
G1 X79.858 Y73.858 E2227.84075
G1 X79.965 Y73.802 E2227.84879
G1 X96.8 Y73.8 E2228.96865
G1 X96.8 Y72.2 E2229.07509
G1 X78.201 Y72.201 E2230.3123
G1 X78.2 Y127.8 E2234.01076
G1 X79.8 Y127.8 E2234.11719
G1 F2700 E2229.11719
G0 F12000 X79.52 Y127.52
G0 X79 Y127.57
G0 X79 Y128.665
G0 X79 Y138.835
G0 X79 Y139.93
G0 X79 Y140.5
;TYPE:WALL-INNER
G1 F2700 E2234.11719
G1 F2400 X79 Y146 E2234.48305
G1 F2352.9 X79.007 Y146.174 E2234.49487
G0 F12000 X79.162 Y146.838
G0 X80 Y147
G1 F2487 X79.303 Y146.697 E2234.54365
G1 F2436.5 X79.007 Y146.174 E2234.58303
G1 X78.986 Y147.014 E2234.63809
G1 F2487 X80 Y147 E2234.70318
G1 F2400 X140 Y147 E2238.6944
G1 F2352.9 X140.174 Y146.993 E2238.70621
G1 F2436.5 X141.014 Y147.014 E2238.76127
G1 F2442.7 X140.993 Y146.174 E2238.81619
G1 X140.697 Y146.697 E2238.85546
G1 F2436.5 X140.174 Y146.993 E2238.89484
G0 F12000 X140.838 Y146.838
G0 X140.993 Y146.174
G1 F2358.7 X141 Y146 E2238.90663
G1 F2400 X141 Y74 E2243.69609
G1 F2487 X141.014 Y72.986 E2243.76118
G1 X140 Y73 E2243.82628
G1 X140.697 Y73.303 E2243.87507
G1 X141 Y74 E2243.92385
G0 F12000 X140.838 Y73.162
G0 X140 Y73
G1 F2400 X118 Y73 E2245.3873
G1 F2700 E2240.3873
G0 F12000 X140.838 Y73.162
G0 X140.838 Y146.838
G0 X110 Y147.09
G0 X110 Y147.4
G1 F2700 E2245.3873
G1 F2400 X141.4 Y147.4 E2247.47604
G1 X141.4 Y72.6 E2252.45175
G1 X117.6 Y72.6 E2254.03493
G1 X117.6 Y73.4 E2254.08815
G1 X140 Y73.4 E2255.5782
G1 X140.424 Y73.576 E2255.60874
G1 X140.6 Y74 E2255.63928
G1 X140.6 Y146.089 E2260.43466
G1 X140.424 Y146.424 E2260.45983
G1 X140.089 Y146.6 E2260.485
G1 X80 Y146.6 E2264.48214
G1 X79.575 Y146.425 E2264.51272
G1 X79.4 Y146.089 E2264.53792
G1 X79.4 Y140.1 E2264.93631
G1 X78.6 Y140.1 E2264.98952
G1 X78.601 Y147.399 E2265.47505
G1 X110 Y147.4 E2267.56372
G0 F12000 X110 Y147.8
;TYPE:WALL-OUTER
G1 F2400 X141.8 Y147.8 E2269.67907
G1 X141.8 Y72.2 E2274.708
G1 X117.2 Y72.2 E2276.3444
G1 X117.2 Y73.8 E2276.45083
G1 X140 Y73.8 E2277.96749
G1 X140.142 Y73.858 E2277.9777
G1 X140.2 Y74 E2277.9879
G1 X140.198 Y146.035 E2282.77969
G1 X140.142 Y146.142 E2282.78772
G1 X140.035 Y146.198 E2282.79576
G1 X80 Y146.2 E2286.7893
G1 X79.858 Y146.142 E2286.7995
G1 X79.802 Y146.035 E2286.80754
G1 X79.8 Y139.7 E2287.22894
G1 X78.2 Y139.7 E2287.33538
G1 X78.201 Y147.799 E2287.87412
G1 X110 Y147.8 E2289.9894
G1 F2700 E2284.9894
;MESH:NONMESH
G0 F300 Z14.6
G0 F12000 X110 Y147.09
G0 X79.826 Y146.43
G0 X80.653 Y145.347
G0 X80.653 Y74.653
G0 X79.826 Y73.57
G0 X79.826 Y73.007
;TIME_ELAPSED:4210.565642
;LAYER:36
;TYPE:WALL-INNER
;MESH:tank_trainer_body.stl
G1 F2700 E2289.9894
G1 F2352.9 X80 Y73 E2290.00122
G1 F2400 X96 Y73 E2291.06554
G0 F12000 X79.162 Y73.162
G0 X79 Y74
G1 F2487 X79.303 Y73.303 E2291.11433
G1 F2436.5 X79.826 Y73.007 E2291.1537
G1 X78.986 Y72.986 E2291.20876
G1 F2487 X79 Y74 E2291.27386
G1 F2400 X79 Y127 E2294.79943
G0 F12000 X79.4 Y127.4
G1 F2400 X79.4 Y74 E2298.35161
G1 X79.575 Y73.575 E2298.38219
G1 X79.911 Y73.4 E2298.40739
G1 X96.4 Y73.4 E2299.50424
G1 X96.4 Y72.6 E2299.55746
G1 X78.601 Y72.601 E2300.74145
G1 X78.6 Y127.4 E2304.3867
G1 X79.4 Y127.4 E2304.43991
G0 F12000 X79.8 Y127.8
;TYPE:WALL-OUTER
G1 F2400 X79.8 Y74 E2308.0187
G1 X79.858 Y73.858 E2308.02891
G1 X79.965 Y73.802 E2308.03694
G1 X96.8 Y73.8 E2309.15681
G1 X96.8 Y72.2 E2309.26324
G1 X78.201 Y72.201 E2310.50045
G1 X78.2 Y127.8 E2314.19891
G1 X79.8 Y127.8 E2314.30534
G1 F2700 E2309.30534
G0 F12000 X79.52 Y127.52
G0 X79 Y127.57
G0 X79 Y128.665
G0 X79 Y138.835
G0 X79 Y139.93
G0 X79 Y140.5
;TYPE:WALL-INNER
G1 F2700 E2314.30534
G1 F2400 X79 Y146 E2314.67121
G1 F2352.9 X79.007 Y146.174 E2314.68302
G0 F12000 X79.162 Y146.838
G0 X80 Y147
G1 F2487 X79.303 Y146.697 E2314.73181
G1 F2436.5 X79.007 Y146.174 E2314.77118
G1 X78.986 Y147.014 E2314.82624
G1 F2487 X80 Y147 E2314.89134
G1 F2400 X140 Y147 E2318.88255
G1 F2352.9 X140.174 Y146.993 E2318.89437
G1 F2436.5 X141.014 Y147.014 E2318.94942
G1 F2442.7 X140.993 Y146.174 E2319.00434
G1 X140.697 Y146.697 E2319.04362
G1 F2436.5 X140.174 Y146.993 E2319.08299
G0 F12000 X140.838 Y146.838
G0 X140.993 Y146.174
G1 F2358.7 X141 Y146 E2319.09478
G1 F2400 X141 Y74 E2323.88424
G1 F2487 X141.014 Y72.986 E2323.94934
G1 X140 Y73 E2324.01443
G1 X140.697 Y73.303 E2324.06322
G1 X141 Y74 E2324.11201
G0 F12000 X140.838 Y73.162
G0 X140 Y73
G1 F2400 X118 Y73 E2325.57545
G1 F2700 E2320.57545
G0 F12000 X140.838 Y73.162
G0 X140.838 Y146.838
G0 X110 Y147.09
G0 X110 Y147.4
G1 F2700 E2325.57545
G1 F2400 X141.4 Y147.4 E2327.66419
G1 X141.4 Y72.6 E2332.6399
G1 X117.6 Y72.6 E2334.22309
G1 X117.6 Y73.4 E2334.2763
G1 X140 Y73.4 E2335.76636
G1 X140.424 Y73.576 E2335.7969
G1 X140.6 Y74 E2335.82743
G1 X140.6 Y146.089 E2340.62281
G1 X140.424 Y146.424 E2340.64799
G1 X140.089 Y146.6 E2340.67316
G1 X80 Y146.6 E2344.67029
G1 X79.575 Y146.425 E2344.70087
G1 X79.4 Y146.089 E2344.72607
G1 X79.4 Y140.1 E2345.12446
G1 X78.6 Y140.1 E2345.17768
G1 X78.601 Y147.399 E2345.66321
G1 X110 Y147.4 E2347.75188
G0 F12000 X110 Y147.8
;TYPE:WALL-OUTER
G1 F2400 X141.8 Y147.8 E2349.86722
G1 X141.8 Y72.2 E2354.89615
G1 X117.2 Y72.2 E2356.53255
G1 X117.2 Y73.8 E2356.63898
G1 X140 Y73.8 E2358.15565
G1 X140.142 Y73.858 E2358.16585
G1 X140.2 Y74 E2358.17605
G1 X140.198 Y146.035 E2362.96784
G1 X140.142 Y146.142 E2362.97588
G1 X140.035 Y146.198 E2362.98391
G1 X80 Y146.2 E2366.97745
G1 X79.858 Y146.142 E2366.98766
G1 X79.802 Y146.035 E2366.99569
G1 X79.8 Y139.7 E2367.4171
G1 X78.2 Y139.7 E2367.52353
G1 X78.201 Y147.799 E2368.06228
G1 X110 Y147.8 E2370.17755
G1 F2700 E2365.17755
;MESH:NONMESH
G0 F300 Z15
G0 F12000 X110 Y147.09
G0 X79.826 Y146.43
G0 X80.653 Y145.347
G0 X80.653 Y74.653
G0 X79.826 Y73.57
G0 X79.826 Y73.007
;TIME_ELAPSED:4248.534116
;LAYER:37
;TYPE:WALL-INNER
;MESH:tank_trainer_body.stl
G1 F2700 E2370.17755
G1 F2352.9 X80 Y73 E2370.18937
G1 F2400 X96 Y73 E2371.25369
G0 F12000 X79.162 Y73.162
G0 X79 Y74
G1 F2487 X79.303 Y73.303 E2371.30248
G1 F2436.5 X79.826 Y73.007 E2371.34186
G1 X78.986 Y72.986 E2371.39691
G1 F2487 X79 Y74 E2371.46201
G1 F2400 X79 Y124.184 E2374.80026
G0 F12000 X79.4 Y124.584
G1 F2400 X79.4 Y74 E2378.16512
G1 X79.575 Y73.575 E2378.1957
G1 X79.911 Y73.4 E2378.2209
G1 X96.4 Y73.4 E2379.31775
G1 X96.4 Y72.6 E2379.37097
G1 X78.601 Y72.601 E2380.55496
G1 X78.6 Y124.584 E2384.01289
G1 X79.4 Y124.584 E2384.0661
G0 F12000 X79.8 Y124.984
;TYPE:WALL-OUTER
G1 F2400 X79.8 Y74 E2387.45757
G1 X79.858 Y73.858 E2387.46777
G1 X79.965 Y73.802 E2387.47581
G1 X96.8 Y73.8 E2388.59568
G1 X96.8 Y72.2 E2388.70211
G1 X78.201 Y72.201 E2389.93932
G1 X78.2 Y124.984 E2393.45046
G1 X79.8 Y124.984 E2393.55689
G1 F2700 E2388.55689
G0 F12000 X79.52 Y124.705
G0 X79.305 Y127.025
G0 X79.306 Y127.306
;TYPE:WALL-INNER
G1 F2700 E2393.55689
G1 F1632.7 X78.694 Y127.306 E2393.61674
G0 F12000 X79.52 Y127.52
G0 X79.8 Y127.8
;TYPE:WALL-OUTER
G1 F2400 X79.8 Y126.812 E2393.68246
G1 X78.2 Y126.812 E2393.78889
G1 X78.2 Y127.8 E2393.85461
G1 X79.8 Y127.8 E2393.96104
G1 F2700 E2388.96104
G0 F12000 X79.52 Y127.52
G0 X79.308 Y128.665
G0 X79.308 Y138.835
G0 X79.308 Y140.192
;TYPE:WALL-INNER
G1 F2700 E2393.96104
G1 F1643.8 X78.692 Y140.192 E2394.02087
G0 F12000 X79.52 Y140.405
G0 X79.8 Y140.684
;TYPE:WALL-OUTER
G1 F2400 X79.8 Y139.7 E2394.08633
G1 X78.2 Y139.7 E2394.19276
G1 X78.2 Y140.684 E2394.25821
G1 X79.8 Y140.684 E2394.36465
G1 F2700 E2389.36465
G0 F12000 X79.52 Y140.405
G0 X78.998 Y140.475
G0 X78.999 Y142.725
G0 X79 Y143.312
;TYPE:WALL-INNER
G1 F2700 E2394.36465
G1 F2400 X79 Y146 E2394.54345
G1 F2352.9 X79.007 Y146.174 E2394.55527
G0 F12000 X79.162 Y146.838
G0 X80 Y147
G1 F2487 X79.303 Y146.697 E2394.60406
G1 F2436.5 X79.007 Y146.174 E2394.64343
G1 X78.986 Y147.014 E2394.69849
G1 F2487 X80 Y147 E2394.76358
G1 F2400 X140 Y147 E2398.7548
G1 F2352.9 X140.174 Y146.993 E2398.76662
G1 F2436.5 X141.014 Y147.014 E2398.82167
G1 F2442.7 X140.993 Y146.174 E2398.87659
G1 X140.697 Y146.697 E2398.91587
G1 F2436.5 X140.174 Y146.993 E2398.95524
G0 F12000 X140.838 Y146.838
G0 X140.993 Y146.174
G1 F2358.7 X141 Y146 E2398.96703
G1 F2400 X141 Y74 E2403.75649
G1 F2487 X141.014 Y72.986 E2403.82158
G1 X140 Y73 E2403.88668
G1 X140.697 Y73.303 E2403.93547
G1 X141 Y74 E2403.98425
G0 F12000 X140.838 Y73.162
G0 X140 Y73
G1 F2400 X118 Y73 E2405.4477
G1 F2700 E2400.4477
G0 F12000 X140.838 Y73.162
G0 X140.838 Y146.838
G0 X110 Y147.09
G0 X110 Y147.4
G1 F2700 E2405.4477
G1 F2400 X141.4 Y147.4 E2407.53644
G1 X141.4 Y72.6 E2412.51215
G1 X117.6 Y72.6 E2414.09534
G1 X117.6 Y73.4 E2414.14855
G1 X140 Y73.4 E2415.63861
G1 X140.424 Y73.576 E2415.66914
G1 X140.6 Y74 E2415.69968
G1 X140.6 Y146.089 E2420.49506
G1 X140.424 Y146.424 E2420.52023
G1 X140.089 Y146.6 E2420.54541
G1 X80 Y146.6 E2424.54254
G1 X79.575 Y146.425 E2424.57312
G1 X79.4 Y146.089 E2424.59832
G1 X79.4 Y142.912 E2424.80965
G1 X78.6 Y142.912 E2424.86287
G1 X78.601 Y147.399 E2425.16135
G1 X110 Y147.4 E2427.25002
G0 F12000 X110 Y147.8
;TYPE:WALL-OUTER
G1 F2400 X141.8 Y147.8 E2429.36536
G1 X141.8 Y72.2 E2434.39429
G1 X117.2 Y72.2 E2436.03069
G1 X117.2 Y73.8 E2436.13712
G1 X140 Y73.8 E2437.65379
G1 X140.142 Y73.858 E2437.66399
G1 X140.2 Y74 E2437.67419
G1 X140.198 Y146.035 E2442.46598
G1 X140.142 Y146.142 E2442.47401
G1 X140.035 Y146.198 E2442.48205
G1 X80 Y146.2 E2446.47559
G1 X79.858 Y146.142 E2446.48579
G1 X79.802 Y146.035 E2446.49383
G1 X79.8 Y142.512 E2446.72818
G1 X78.2 Y142.512 E2446.83461
G1 X78.201 Y147.799 E2447.1863
G1 X110 Y147.8 E2449.30158
G1 F2700 E2444.30158
;MESH:NONMESH
G0 F300 Z15.4
G0 F12000 X110 Y147.09
G0 X79.826 Y146.43
G0 X80.653 Y145.347
G0 X80.653 Y74.653
G0 X79.826 Y73.57
G0 X79.826 Y73.007
;TIME_ELAPSED:4287.764343
;LAYER:38
;TYPE:WALL-INNER
;MESH:tank_trainer_body.stl
G1 F2700 E2449.30158
G1 F2352.9 X80 Y73 E2449.3134
G1 F2400 X96 Y73 E2450.37772
G0 F12000 X79.162 Y73.162
G0 X79 Y74
G1 F2487 X79.303 Y73.303 E2450.42651
G1 F2436.5 X79.826 Y73.007 E2450.46589
G1 X78.986 Y72.986 E2450.52094
G1 F2487 X79 Y74 E2450.58604
G1 F2400 X79 Y123.944 E2453.90833
G0 F12000 X79.4 Y124.344
G1 F2400 X79.4 Y74 E2457.25722
G1 X79.575 Y73.575 E2457.2878
G1 X79.911 Y73.4 E2457.313
G1 X96.4 Y73.4 E2458.40985
G1 X96.4 Y72.6 E2458.46307
G1 X78.601 Y72.601 E2459.64706
G1 X78.6 Y124.344 E2463.08902
G1 X79.4 Y124.344 E2463.14224
G0 F12000 X79.8 Y124.744
;TYPE:WALL-OUTER
G1 F2400 X79.8 Y74 E2466.51774
G1 X79.858 Y73.858 E2466.52794
G1 X79.965 Y73.802 E2466.53598
G1 X96.8 Y73.8 E2467.65585
G1 X96.8 Y72.2 E2467.76228
G1 X78.201 Y72.201 E2468.99949
G1 X78.2 Y124.744 E2472.49466
G1 X79.8 Y124.744 E2472.6011
G1 F2700 E2467.6011
G0 F12000 X79.52 Y124.467
G0 X79.426 Y125.612
G0 X79.427 Y126.189
G0 X79.426 Y127.426
;TYPE:WALL-INNER
G1 F2700 E2472.6011
G1 F2758.6 X78.574 Y127.426 E2472.6504
G0 F12000 X79.52 Y127.52
G0 X79.8 Y127.8
;TYPE:WALL-OUTER
G1 F2400 X79.8 Y127.052 E2472.70016
G1 X78.2 Y127.052 E2472.80659
G1 X78.2 Y127.8 E2472.85635
G1 X79.8 Y127.8 E2472.96278
G1 F2700 E2467.96278
G0 F12000 X79.52 Y127.52
G0 X79.428 Y128.665
G0 X79.428 Y138.835
G0 X79.428 Y140.072
;TYPE:WALL-INNER
G1 F2700 E2472.96278
G1 F2790.7 X78.572 Y140.072 E2473.01175
G0 F12000 X79.52 Y140.166
G0 X79.8 Y140.444
;TYPE:WALL-OUTER
G1 F2400 X79.8 Y139.7 E2473.06124
G1 X78.2 Y139.7 E2473.16768
G1 X78.2 Y140.444 E2473.21717
G1 X79.8 Y140.444 E2473.3236
G1 F2700 E2468.3236
G0 F12000 X79.52 Y140.166
G0 X78.998 Y140.236
G0 X78.999 Y141.311
G0 X78.999 Y141.889
G0 X79 Y142.964
G0 X79 Y143.552
;TYPE:WALL-INNER
G1 F2700 E2473.3236
G1 F2400 X79 Y146 E2473.48644
G1 F2352.9 X79.007 Y146.174 E2473.49826
G0 F12000 X79.162 Y146.838
G0 X80 Y147
G1 F2487 X79.303 Y146.697 E2473.54704
G1 F2436.5 X79.007 Y146.174 E2473.58642
G1 X78.986 Y147.014 E2473.64147
G1 F2487 X80 Y147 E2473.70657
G1 F2400 X140 Y147 E2477.69779
G1 F2352.9 X140.174 Y146.993 E2477.7096
G1 F2436.5 X141.014 Y147.014 E2477.76466
G1 F2442.7 X140.993 Y146.174 E2477.81958
G1 X140.697 Y146.697 E2477.85885
G1 F2436.5 X140.174 Y146.993 E2477.89823
G0 F12000 X140.838 Y146.838
G0 X140.993 Y146.174
G1 F2358.7 X141 Y146 E2477.91001
G1 F2400 X141 Y74 E2482.69947
G1 F2487 X141.014 Y72.986 E2482.76457
G1 X140 Y73 E2482.82967
G1 X140.697 Y73.303 E2482.87845
G1 X141 Y74 E2482.92724
G0 F12000 X140.838 Y73.162
G0 X140 Y73
G1 F2400 X118 Y73 E2484.39069
G1 F2700 E2479.39069
G0 F12000 X140.838 Y73.162
G0 X140.838 Y146.838
G0 X110 Y147.09
G0 X110 Y147.4
G1 F2700 E2484.39069
G1 F2400 X141.4 Y147.4 E2486.47942
G1 X141.4 Y72.6 E2491.45514
G1 X117.6 Y72.6 E2493.03832
G1 X117.6 Y73.4 E2493.09154
G1 X140 Y73.4 E2494.58159
G1 X140.424 Y73.576 E2494.61213
G1 X140.6 Y74 E2494.64267
G1 X140.6 Y146.089 E2499.43805
G1 X140.424 Y146.424 E2499.46322
G1 X140.089 Y146.6 E2499.48839
G1 X80 Y146.6 E2503.48553
G1 X79.575 Y146.425 E2503.5161
G1 X79.4 Y146.089 E2503.5413
G1 X79.4 Y143.152 E2503.73667
G1 X78.6 Y143.152 E2503.78989
G1 X78.601 Y147.399 E2504.0724
G1 X110 Y147.4 E2506.16107
G0 F12000 X110 Y147.8
;TYPE:WALL-OUTER
G1 F2400 X141.8 Y147.8 E2508.27642
G1 X141.8 Y72.2 E2513.30535
G1 X117.2 Y72.2 E2514.94175
G1 X117.2 Y73.8 E2515.04818
G1 X140 Y73.8 E2516.56484
G1 X140.142 Y73.858 E2516.57505
G1 X140.2 Y74 E2516.58525
G1 X140.198 Y146.035 E2521.37704
G1 X140.142 Y146.142 E2521.38507
G1 X140.035 Y146.198 E2521.3931
G1 X80 Y146.2 E2525.38665
G1 X79.858 Y146.142 E2525.39685
G1 X79.802 Y146.035 E2525.40489
G1 X79.8 Y142.752 E2525.62327
G1 X78.2 Y142.752 E2525.7297
G1 X78.201 Y147.799 E2526.06543
G1 X110 Y147.8 E2528.18071
G1 F2700 E2523.18071
;MESH:NONMESH
G0 F300 Z15.8
G0 F12000 X110 Y147.09
G0 X79.826 Y146.43
G0 X80.653 Y145.347
G0 X80.653 Y74.653
G0 X79.826 Y73.57
G0 X79.826 Y73.007
;TIME_ELAPSED:4326.936629
;LAYER:39
;TYPE:WALL-INNER
;MESH:tank_trainer_body.stl
G1 F2700 E2528.18071
G1 F2352.9 X80 Y73 E2528.19253
G1 F2400 X96 Y73 E2529.25685
G0 F12000 X79.162 Y73.162
G0 X79 Y74
G1 F2487 X79.303 Y73.303 E2529.30564
G1 F2436.5 X79.826 Y73.007 E2529.34501
G1 X78.986 Y72.986 E2529.40007
G1 F2487 X79 Y74 E2529.46517
G1 F2400 X79 Y123.904 E2532.78479
G0 F12000 X79.4 Y124.304
G1 F2400 X79.4 Y74 E2536.13103
G1 X79.575 Y73.575 E2536.1616
G1 X79.911 Y73.4 E2536.1868
G1 X96.4 Y73.4 E2537.28366
G1 X96.4 Y72.6 E2537.33687
G1 X78.601 Y72.601 E2538.52087
G1 X78.6 Y124.304 E2541.96016
G1 X79.4 Y124.304 E2542.01338
G0 F12000 X79.8 Y124.704
;TYPE:WALL-OUTER
G1 F2400 X79.8 Y74 E2545.38622
G1 X79.858 Y73.858 E2545.39643
G1 X79.965 Y73.802 E2545.40446
G1 X96.8 Y73.8 E2546.52433
G1 X96.8 Y72.2 E2546.63076
G1 X78.201 Y72.201 E2547.86797
G1 X78.2 Y124.704 E2551.36049
G1 X79.8 Y124.704 E2551.46692
G1 F2700 E2546.46692
G0 F12000 X79.52 Y124.425
G0 X79.52 Y125.57
G0 X79.52 Y126.23
G0 X79.723 Y127.723
G1 F2700 E2551.46692
G1 F1732.9 X78.277 Y127.723 E2551.60014
G1 X78.277 Y127.169 E2551.65118
G1 X79.723 Y127.169 E2551.7844
G1 X79.723 Y127.723 E2551.83544
G1 F2700 E2546.83544
G0 F12000 X79.52 Y127.52
G0 X79.52 Y128.665
G0 X79.52 Y138.835
G0 X79.724 Y140.328
G1 F2700 E2551.83544
G1 F1739.1 X78.276 Y140.328 E2551.96836
G1 X78.276 Y139.776 E2552.01904
G1 X79.724 Y139.776 E2552.15196
G1 X79.724 Y140.328 E2552.20263
G1 F2700 E2547.20263
G0 F12000 X79.52 Y140.125
G0 X79 Y140.175
G0 X79 Y141.27
G0 X79 Y141.93
G0 X79 Y143.025
G0 X79 Y143.592
;TYPE:WALL-INNER
G1 F2700 E2552.20263
G1 F2400 X79 Y146 E2552.36281
G1 F2352.9 X79.007 Y146.174 E2552.37463
G0 F12000 X79.162 Y146.838
G0 X80 Y147
G1 F2487 X79.303 Y146.697 E2552.42342
G1 F2436.5 X79.007 Y146.174 E2552.46279
G1 X78.986 Y147.014 E2552.51785
G1 F2487 X80 Y147 E2552.58295
G1 F2400 X140 Y147 E2556.57416
G1 F2352.9 X140.174 Y146.993 E2556.58598
G1 F2436.5 X141.014 Y147.014 E2556.64103
G1 F2442.7 X140.993 Y146.174 E2556.69595
G1 X140.697 Y146.697 E2556.73523
G1 F2436.5 X140.174 Y146.993 E2556.7746
G0 F12000 X140.838 Y146.838
G0 X140.993 Y146.174
G1 F2358.7 X141 Y146 E2556.78639
G1 F2400 X141 Y74 E2561.57585
G1 F2487 X141.014 Y72.986 E2561.64094
G1 X140 Y73 E2561.70604
G1 X140.697 Y73.303 E2561.75483
G1 X141 Y74 E2561.80362
G0 F12000 X140.838 Y73.162
G0 X140 Y73
G1 F2400 X118 Y73 E2563.26706
G1 F2700 E2558.26706
G0 F12000 X140.838 Y73.162
G0 X140.838 Y146.838
G0 X110 Y147.09
G0 X110 Y147.4
G1 F2700 E2563.26706
G1 F2400 X141.4 Y147.4 E2565.3558
G1 X141.4 Y72.6 E2570.33151
G1 X117.6 Y72.6 E2571.9147
G1 X117.6 Y73.4 E2571.96791
G1 X140 Y73.4 E2573.45797
G1 X140.424 Y73.576 E2573.4885
G1 X140.6 Y74 E2573.51904
G1 X140.6 Y146.089 E2578.31442
G1 X140.424 Y146.424 E2578.33959
G1 X140.089 Y146.6 E2578.36477
G1 X80 Y146.6 E2582.3619
G1 X79.575 Y146.425 E2582.39248
G1 X79.4 Y146.089 E2582.41768
G1 X79.4 Y143.192 E2582.61039
G1 X78.6 Y143.192 E2582.6636
G1 X78.601 Y147.399 E2582.94345
G1 X110 Y147.4 E2585.03212
G0 F12000 X110 Y147.8
;TYPE:WALL-OUTER
G1 F2400 X141.8 Y147.8 E2587.14747
G1 X141.8 Y72.2 E2592.1764
G1 X117.2 Y72.2 E2593.8128
G1 X117.2 Y73.8 E2593.91923
G1 X140 Y73.8 E2595.43589
G1 X140.142 Y73.858 E2595.4461
G1 X140.2 Y74 E2595.4563
G1 X140.198 Y146.035 E2600.24809
G1 X140.142 Y146.142 E2600.25612
G1 X140.035 Y146.198 E2600.26416
G1 X80 Y146.2 E2604.2577
G1 X79.858 Y146.142 E2604.2679
G1 X79.802 Y146.035 E2604.27594
G1 X79.8 Y142.792 E2604.49166
G1 X78.2 Y142.792 E2604.5981
G1 X78.201 Y147.799 E2604.93116
G1 X110 Y147.8 E2607.04644
G1 F2700 E2602.04644
;MESH:NONMESH
G0 F300 Z16.2
G0 F12000 X110 Y147.09
G0 X79.576 Y146.424
G0 X80.653 Y145.347
G0 X80.653 Y138.847
G0 X79.576 Y128.665
G0 X78.618 Y127.382
;TIME_ELAPSED:4365.344121
;LAYER:40
;TYPE:WALL-INNER
;MESH:tank_trainer_body.stl
G1 F2700 E2607.04644
G1 F2201.8 X79.38 Y127.382 E2607.10169
G0 F12000 X79.799 Y127.8
;TYPE:WALL-OUTER
G1 F2400 X79.796 Y126.964 E2607.1573
G1 X78.2 Y126.964 E2607.26347
G1 X78.2 Y127.8 E2607.31908
G1 X79.799 Y127.8 E2607.42545
G1 F2700 E2602.42545
G0 F12000 X79.52 Y127.52
G0 X79.384 Y128.665
G0 X79.384 Y138.835
G0 X79.384 Y140.116
;TYPE:WALL-INNER
G1 F2700 E2607.42545
G1 F2222.2 X78.616 Y140.116 E2607.48062
G0 F12000 X79.52 Y140.253
G0 X79.8 Y140.532
;TYPE:WALL-OUTER
G1 F2400 X79.8 Y139.7 E2607.53596
G1 X78.2 Y139.7 E2607.6424
G1 X78.2 Y140.532 E2607.69774
G1 X79.8 Y140.532 E2607.80417
G1 F2700 E2602.80417
G0 F12000 X79.52 Y140.253
G0 X78.994 Y140.324
G0 X78.996 Y141.399
G0 X78.996 Y141.802
G0 X78.998 Y142.877
G0 X78.999 Y143.463
;TYPE:WALL-INNER
G1 F2700 E2607.80417
G1 F2406 X79 Y146.001 E2607.97258
G1 F2352.9 X79.007 Y146.174 E2607.98433
G0 F12000 X79.162 Y146.838
G0 X80 Y147
G1 F2487 X79.303 Y146.697 E2608.03312
G1 F2436.5 X79.007 Y146.174 E2608.07249
G1 X78.986 Y147.014 E2608.12755
G1 F2487 X80 Y147 E2608.19264
G1 F2400 X140 Y147 E2612.18386
G1 F2352.9 X140.174 Y146.993 E2612.19568
G1 F2436.5 X141.014 Y147.014 E2612.25073
G1 F2442.7 X140.993 Y146.174 E2612.30565
G1 X140.697 Y146.697 E2612.34492
G1 F2436.5 X140.174 Y146.993 E2612.3843
G0 F12000 X140.838 Y146.838
G0 X140.993 Y146.174
G1 F2358.7 X141 Y146 E2612.39609
G1 F2400 X141 Y74 E2617.18555
G1 F2487 X141.014 Y72.986 E2617.25064
G1 X140 Y73 E2617.31574
G1 X140.697 Y73.303 E2617.36453
G1 X141 Y74 E2617.41331
G0 F12000 X140.838 Y73.162
G0 X140 Y73
G1 F2400 X80 Y73 E2621.40453
G1 F2352.9 X79.826 Y73.007 E2621.41635
G0 F12000 X79.162 Y73.162
G0 X79 Y74
G1 F2487 X79.303 Y73.303 E2621.46513
G1 F2436.5 X79.826 Y73.007 E2621.50451
G1 X78.986 Y72.986 E2621.55956
G1 F2487 X79 Y74 E2621.62466
G1 F2400 X79 Y124.032 E2624.9528
G1 F2700 E2619.9528
G0 F12000 X79.162 Y73.162
G0 X140.838 Y73.162
G0 X140.838 Y146.838
G0 X110 Y147.09
G0 X110 Y147.4
G1 F2700 E2624.9528
G1 F2400 X141.4 Y147.4 E2627.04154
G1 X141.4 Y72.6 E2632.01726
G1 X78.601 Y72.601 E2636.19466
G1 X78.6 Y124.432 E2639.64247
G1 X79.4 Y124.432 E2639.69569
G1 X79.4 Y74 E2643.05044
G1 X79.575 Y73.575 E2643.08102
G1 X79.911 Y73.4 E2643.10622
G1 X140 Y73.4 E2647.10335
G1 X140.424 Y73.576 E2647.13389
G1 X140.6 Y74 E2647.16443
G1 X140.6 Y146.089 E2651.95981
G1 X140.424 Y146.424 E2651.98498
G1 X140.089 Y146.6 E2652.01015
G1 X80 Y146.6 E2656.00729
G1 X79.575 Y146.425 E2656.03786
G1 X79.4 Y146.089 E2656.06306
G1 X79.397 Y143.064 E2656.26429
G1 X78.6 Y143.064 E2656.3173
G1 X78.601 Y147.399 E2656.60567
G1 X110 Y147.4 E2658.69434
G0 F12000 X110 Y147.8
;TYPE:WALL-OUTER
G1 F2400 X141.8 Y147.8 E2660.80968
G1 X141.8 Y72.2 E2665.83862
G1 X78.201 Y72.201 E2670.06924
G1 X78.2 Y124.832 E2673.57027
G1 X79.8 Y124.832 E2673.6767
G1 X79.8 Y74 E2677.05806
G1 X79.858 Y73.858 E2677.06826
G1 X79.965 Y73.802 E2677.0763
G1 X140 Y73.8 E2681.06984
G1 X140.142 Y73.858 E2681.08004
G1 X140.2 Y74 E2681.09025
G1 X140.198 Y146.035 E2685.88203
G1 X140.142 Y146.142 E2685.89007
G1 X140.035 Y146.198 E2685.8981
G1 X80 Y146.2 E2689.89165
G1 X79.858 Y146.142 E2689.90185
G1 X79.802 Y146.035 E2689.90988
G1 X79.796 Y142.664 E2690.13412
G1 X78.2 Y142.664 E2690.24029
G1 X78.201 Y147.799 E2690.58187
G1 X110 Y147.8 E2692.69715
G1 F2700 E2687.69715
;MESH:NONMESH
G0 F300 Z16.6
G0 F12000 X110 Y147.09
G0 X79.576 Y146.424
G0 X80.653 Y145.347
G0 X80.653 Y138.847
G0 X79.576 Y128.665
G0 X79.384 Y127.384
;TIME_ELAPSED:4406.073893
;LAYER:41
;TYPE:WALL-INNER
;MESH:tank_trainer_body.stl
G1 F2700 E2692.69715
G1 F2222.2 X79.384 Y126.952 E2692.72819
G1 X78.616 Y126.952 E2692.78336
G1 X78.616 Y127.384 E2692.8144
G1 X79.384 Y127.384 E2692.86957
G0 F12000 X79.8 Y127.8
;TYPE:WALL-OUTER
G1 F2400 X79.8 Y126.536 E2692.95365
G1 X78.2 Y126.536 E2693.06008
G1 X78.2 Y127.8 E2693.14417
G1 X79.8 Y127.8 E2693.2506
G1 F2700 E2688.2506
G0 F12000 X79.52 Y127.52
G0 X79.12 Y127.57
G0 X79.12 Y128.665
G0 X79.12 Y138.835
G0 X79.384 Y140.548
;TYPE:WALL-INNER
G1 F2700 E2693.2506
G1 F2222.2 X79.384 Y140.116 E2693.28163
G1 X78.616 Y140.116 E2693.33681
G1 X78.616 Y140.548 E2693.36784
G1 X79.384 Y140.548 E2693.42302
G0 F12000 X79.8 Y140.964
;TYPE:WALL-OUTER
G1 F2400 X79.8 Y139.7 E2693.5071
G1 X78.2 Y139.7 E2693.61353
G1 X78.2 Y140.964 E2693.69761
G1 X79.8 Y140.964 E2693.80405
G1 F2700 E2688.80405
G0 F12000 X79.52 Y140.684
G0 X79 Y140.734
G0 X79 Y142.466
G0 X79 Y143.036
;TYPE:WALL-INNER
G1 F2700 E2693.80405
G1 F2400 X79 Y146 E2694.00121
G1 F2352.9 X79.007 Y146.174 E2694.01303
G0 F12000 X79.162 Y146.838
G0 X80 Y147
G1 F2487 X79.303 Y146.697 E2694.06182
G1 F2436.5 X79.007 Y146.174 E2694.10119
G1 X78.986 Y147.014 E2694.15625
G1 F2487 X80 Y147 E2694.22134
G1 F2400 X140 Y147 E2698.21256
G1 F2352.9 X140.174 Y146.993 E2698.22438
G1 F2436.5 X141.014 Y147.014 E2698.27943
G1 F2442.7 X140.993 Y146.174 E2698.33435
G1 X140.697 Y146.697 E2698.37362
G1 F2436.5 X140.174 Y146.993 E2698.413
G0 F12000 X140.838 Y146.838
G0 X140.993 Y146.174
G1 F2358.7 X141 Y146 E2698.42479
G1 F2400 X141 Y74 E2703.21425
G1 F2487 X141.014 Y72.986 E2703.27934
G1 X140 Y73 E2703.34444
G1 X140.697 Y73.303 E2703.39323
G1 X141 Y74 E2703.44201
G0 F12000 X140.838 Y73.162
G0 X140 Y73
G1 F2400 X80 Y73 E2707.43323
G1 F2352.9 X79.826 Y73.007 E2707.44505
G0 F12000 X79.162 Y73.162
G0 X79 Y74
G1 F2487 X79.303 Y73.303 E2707.49383
G1 F2436.5 X79.826 Y73.007 E2707.53321
G1 X78.986 Y72.986 E2707.58826
G1 F2487 X79 Y74 E2707.65336
G1 F2400 X79 Y124.464 E2711.01024
G1 F2700 E2706.01024
G0 F12000 X79.162 Y73.162
G0 X140.838 Y73.162
G0 X140.838 Y146.838
G0 X110 Y147.09
G0 X110 Y147.4
G1 F2700 E2711.01024
G1 F2400 X141.4 Y147.4 E2713.09898
G1 X141.4 Y72.6 E2718.07469
G1 X78.601 Y72.601 E2722.2521
G1 X78.6 Y124.864 E2725.72865
G1 X79.4 Y124.864 E2725.78186
G1 X79.4 Y74 E2729.16535
G1 X79.575 Y73.575 E2729.19593
G1 X79.911 Y73.4 E2729.22113
G1 X140 Y73.4 E2733.21826
G1 X140.424 Y73.576 E2733.2488
G1 X140.6 Y74 E2733.27934
G1 X140.6 Y146.089 E2738.07472
G1 X140.424 Y146.424 E2738.09989
G1 X140.089 Y146.6 E2738.12506
G1 X80 Y146.6 E2742.1222
G1 X79.575 Y146.425 E2742.15277
G1 X79.4 Y146.089 E2742.17797
G1 X79.4 Y142.636 E2742.40767
G1 X78.6 Y142.636 E2742.46089
G1 X78.601 Y147.399 E2742.77772
G1 X110 Y147.4 E2744.86639
G0 F12000 X110 Y147.8
;TYPE:WALL-OUTER
G1 F2400 X141.8 Y147.8 E2746.98174
G1 X141.8 Y72.2 E2752.01067
G1 X78.201 Y72.201 E2756.24129
G1 X78.2 Y125.264 E2759.77106
G1 X79.8 Y125.264 E2759.87749
G1 X79.8 Y74 E2763.28758
G1 X79.858 Y73.858 E2763.29779
G1 X79.965 Y73.802 E2763.30582
G1 X140 Y73.8 E2767.29936
G1 X140.142 Y73.858 E2767.30957
G1 X140.2 Y74 E2767.31977
G1 X140.198 Y146.035 E2772.11156
G1 X140.142 Y146.142 E2772.11959
G1 X140.035 Y146.198 E2772.12763
G1 X80 Y146.2 E2776.12117
G1 X79.858 Y146.142 E2776.13137
G1 X79.802 Y146.035 E2776.13941
G1 X79.8 Y142.236 E2776.39212
G1 X78.2 Y142.236 E2776.49855
G1 X78.201 Y147.799 E2776.8686
G1 X110 Y147.8 E2778.98388
G1 F2700 E2773.98388
;MESH:NONMESH
G0 F300 Z17
G0 F12000 X110 Y147.09
G0 X140.838 Y146.838
G0 X140.838 Y73.162
G0 X79.826 Y73.007
;TIME_ELAPSED:4448.195565
;LAYER:42
;TYPE:WALL-INNER
;MESH:tank_trainer_body.stl
G1 F2700 E2778.98388
G1 F2352.9 X80 Y73 E2778.9957
G1 F2400 X140 Y73 E2782.98691
G0 F12000 X140.838 Y73.162
G0 X141 Y74
G1 F2487 X141.014 Y72.986 E2783.05201
G1 X140 Y73 E2783.11711
G1 X140.697 Y73.303 E2783.16589
G1 X141 Y74 E2783.21468
G1 F2400 X141 Y146 E2788.00414
G1 F2358.7 X140.993 Y146.174 E2788.01593
G0 F12000 X140.838 Y146.838
G0 X140.174 Y146.993
G1 F2436.5 X141.014 Y147.014 E2788.07098
G1 F2442.7 X140.993 Y146.174 E2788.1259
G1 X140.697 Y146.697 E2788.16517
G1 F2436.5 X140.174 Y146.993 E2788.20455
G1 F2352.9 X140 Y147 E2788.21637
G1 F2400 X80 Y147 E2792.20758
G1 F2487 X79.303 Y146.697 E2792.25637
G1 F2436.5 X79.007 Y146.174 E2792.29575
G1 X78.986 Y147.014 E2792.3508
G1 F2487 X80 Y147 E2792.4159
G0 F12000 X79.162 Y146.838
G0 X79.007 Y146.174
G1 F2352.9 X79 Y146 E2792.42771
G1 F2400 X79 Y140.5 E2792.79358
G1 F2700 E2787.79358
G0 F12000 X79.162 Y146.838
G0 X140.838 Y146.838
G0 X140.838 Y73.162
G0 X79.162 Y73.162
G0 X79 Y127
G1 F2700 E2792.79358
G1 F2400 X79 Y74 E2796.31915
G1 F2487 X79.303 Y73.303 E2796.36794
G1 F2436.5 X79.826 Y73.007 E2796.40731
G1 X78.986 Y72.986 E2796.46237
G1 F2487 X79 Y74 E2796.52747
G1 F2700 E2791.52747
G0 F12000 X79.162 Y73.162
G0 X140.838 Y73.162
G0 X140.838 Y146.838
G0 X110 Y147.09
G0 X110 Y147.4
G1 F2700 E2796.52747
G1 F2400 X141.4 Y147.4 E2798.6162
G1 X141.4 Y72.6 E2803.59192
G1 X78.601 Y72.601 E2807.76932
G1 X78.6 Y127.4 E2811.41457
G1 X79.4 Y127.4 E2811.46779
G1 X79.4 Y74 E2815.01997
G1 X79.575 Y73.575 E2815.05054
G1 X79.911 Y73.4 E2815.07574
G1 X140 Y73.4 E2819.07288
G1 X140.424 Y73.576 E2819.10342
G1 X140.6 Y74 E2819.13395
G1 X140.6 Y146.089 E2823.92933
G1 X140.424 Y146.424 E2823.95451
G1 X140.089 Y146.6 E2823.97968
G1 X80 Y146.6 E2827.97682
G1 X79.575 Y146.425 E2828.00739
G1 X79.4 Y146.089 E2828.03259
G1 X79.4 Y140.1 E2828.43098
G1 X78.6 Y140.1 E2828.4842
G1 X78.601 Y147.399 E2828.96973
G1 X110 Y147.4 E2831.0584
G0 F12000 X110 Y147.8
;TYPE:WALL-OUTER
G1 F2400 X141.8 Y147.8 E2833.17374
G1 X141.8 Y72.2 E2838.20268
G1 X78.201 Y72.201 E2842.4333
G1 X78.2 Y127.8 E2846.13176
G1 X79.8 Y127.8 E2846.23819
G1 X79.8 Y74 E2849.81698
G1 X79.858 Y73.858 E2849.82718
G1 X79.965 Y73.802 E2849.83522
G1 X140 Y73.8 E2853.82876
G1 X140.142 Y73.858 E2853.83897
G1 X140.2 Y74 E2853.84917
G1 X140.198 Y146.035 E2858.64096
G1 X140.142 Y146.142 E2858.64899
G1 X140.035 Y146.198 E2858.65702
G1 X80 Y146.2 E2862.65057
G1 X79.858 Y146.142 E2862.66077
G1 X79.802 Y146.035 E2862.66881
G1 X79.8 Y139.7 E2863.09021
G1 X78.2 Y139.7 E2863.19664
G1 X78.201 Y147.799 E2863.73539
G1 X110 Y147.8 E2865.85067
G1 F2700 E2860.85067
;MESH:NONMESH
G0 F300 Z17.4
G0 F12000 X110 Y147.09
G0 X140.838 Y146.838
G0 X140.838 Y73.162
G0 X79.826 Y73.007
;TIME_ELAPSED:4491.177745
;LAYER:43
;TYPE:WALL-INNER
;MESH:tank_trainer_body.stl
G1 F2700 E2865.85067
G1 F2352.9 X80 Y73 E2865.86249
G1 F2400 X140 Y73 E2869.8537
G0 F12000 X140.838 Y73.162
G0 X141 Y74
G1 F2487 X141.014 Y72.986 E2869.9188
G1 X140 Y73 E2869.9839
G1 X140.697 Y73.303 E2870.03268
G1 X141 Y74 E2870.08147
G1 F2400 X141 Y146 E2874.87093
G1 F2358.7 X140.993 Y146.174 E2874.88271
G0 F12000 X140.838 Y146.838
G0 X140.174 Y146.993
G1 F2436.5 X141.014 Y147.014 E2874.93777
G1 F2442.7 X140.993 Y146.174 E2874.99269
G1 X140.697 Y146.697 E2875.03196
G1 F2436.5 X140.174 Y146.993 E2875.07134
G1 F2352.9 X140 Y147 E2875.08315
G1 F2400 X80 Y147 E2879.07437
G1 F2487 X79.303 Y146.697 E2879.12316
G1 F2436.5 X79.007 Y146.174 E2879.16253
G1 X78.986 Y147.014 E2879.21759
G1 F2487 X80 Y147 E2879.28269
G0 F12000 X79.162 Y146.838
G0 X79.007 Y146.174
G1 F2352.9 X79 Y146 E2879.2945
G1 F2400 X79 Y140.5 E2879.66036
G1 F2700 E2874.66036
G0 F12000 X79.162 Y146.838
G0 X140.838 Y146.838
G0 X140.838 Y73.162
G0 X79.162 Y73.162
G0 X79 Y127
G1 F2700 E2879.66036
G1 F2400 X79 Y74 E2883.18594
G1 F2487 X79.303 Y73.303 E2883.23472
G1 F2436.5 X79.826 Y73.007 E2883.2741
G1 X78.986 Y72.986 E2883.32916
G1 F2487 X79 Y74 E2883.39425
G1 F2700 E2878.39425
G0 F12000 X79.162 Y73.162
G0 X140.838 Y73.162
G0 X140.838 Y146.838
G0 X110 Y147.09
G0 X110 Y147.4
G1 F2700 E2883.39425
G1 F2400 X141.4 Y147.4 E2885.48299
G1 X141.4 Y72.6 E2890.45871
G1 X78.601 Y72.601 E2894.63611
G1 X78.6 Y127.4 E2898.28136
G1 X79.4 Y127.4 E2898.33457
G1 X79.4 Y74 E2901.88676
G1 X79.575 Y73.575 E2901.91733
G1 X79.911 Y73.4 E2901.94253
G1 X140 Y73.4 E2905.93967
G1 X140.424 Y73.576 E2905.9702
G1 X140.6 Y74 E2906.00074
G1 X140.6 Y146.089 E2910.79612
G1 X140.424 Y146.424 E2910.8213
G1 X140.089 Y146.6 E2910.84647
G1 X80 Y146.6 E2914.8436
G1 X79.575 Y146.425 E2914.87418
G1 X79.4 Y146.089 E2914.89938
G1 X79.4 Y140.1 E2915.29777
G1 X78.6 Y140.1 E2915.35098
G1 X78.601 Y147.399 E2915.83652
G1 X110 Y147.4 E2917.92519
G0 F12000 X110 Y147.8
;TYPE:WALL-OUTER
G1 F2400 X141.8 Y147.8 E2920.04053
G1 X141.8 Y72.2 E2925.06946
G1 X78.201 Y72.201 E2929.30009
G1 X78.2 Y127.8 E2932.99855
G1 X79.8 Y127.8 E2933.10498
G1 X79.8 Y74 E2936.68377
G1 X79.858 Y73.858 E2936.69397
G1 X79.965 Y73.802 E2936.70201
G1 X140 Y73.8 E2940.69555
G1 X140.142 Y73.858 E2940.70575
G1 X140.2 Y74 E2940.71596
G1 X140.198 Y146.035 E2945.50775
G1 X140.142 Y146.142 E2945.51578
G1 X140.035 Y146.198 E2945.52381
G1 X80 Y146.2 E2949.51736
G1 X79.858 Y146.142 E2949.52756
G1 X79.802 Y146.035 E2949.53559
G1 X79.8 Y139.7 E2949.957
G1 X78.2 Y139.7 E2950.06343
G1 X78.201 Y147.799 E2950.60218
G1 X110 Y147.8 E2952.71746
G1 F2700 E2947.71746
;MESH:NONMESH
G0 F300 Z17.8
G0 F12000 X110 Y147.09
G0 X140.838 Y146.838
G0 X140.838 Y73.162
G0 X79.826 Y73.007
;TIME_ELAPSED:4534.159925
;LAYER:44
;TYPE:WALL-INNER
;MESH:tank_trainer_body.stl
G1 F2700 E2952.71746
G1 F2352.9 X80 Y73 E2952.72927
G1 F2400 X140 Y73 E2956.72049
G0 F12000 X140.838 Y73.162
G0 X141 Y74
G1 F2487 X141.014 Y72.986 E2956.78559
G1 X140 Y73 E2956.85068
G1 X140.697 Y73.303 E2956.89947
G1 X141 Y74 E2956.94826
G1 F2400 X141 Y146 E2961.73772
G1 F2358.7 X140.993 Y146.174 E2961.7495
G0 F12000 X140.838 Y146.838
G0 X140.174 Y146.993
G1 F2436.5 X141.014 Y147.014 E2961.80456
G1 F2442.7 X140.993 Y146.174 E2961.85948
G1 X140.697 Y146.697 E2961.89875
G1 F2436.5 X140.174 Y146.993 E2961.93813
G1 F2352.9 X140 Y147 E2961.94994
G1 F2400 X80 Y147 E2965.94116
G1 F2487 X79.303 Y146.697 E2965.98995
G1 F2436.5 X79.007 Y146.174 E2966.02932
G1 X78.986 Y147.014 E2966.08438
G1 F2487 X80 Y147 E2966.14948
G0 F12000 X79.162 Y146.838
G0 X79.007 Y146.174
G1 F2352.9 X79 Y146 E2966.16129
G1 F2400 X79 Y140.5 E2966.52715
G1 F2700 E2961.52715
G0 F12000 X79.162 Y146.838
G0 X140.838 Y146.838
G0 X140.838 Y73.162
G0 X79.162 Y73.162
G0 X79 Y127
G1 F2700 E2966.52715
G1 F2400 X79 Y74 E2970.05273
G1 F2487 X79.303 Y73.303 E2970.10151
G1 F2436.5 X79.826 Y73.007 E2970.14089
G1 X78.986 Y72.986 E2970.19595
G1 F2487 X79 Y74 E2970.26104
G1 F2700 E2965.26104
G0 F12000 X79.162 Y73.162
G0 X140.838 Y73.162
G0 X140.838 Y146.838
G0 X110 Y147.09
G0 X110 Y147.4
G1 F2700 E2970.26104
G1 F2400 X141.4 Y147.4 E2972.34978
G1 X141.4 Y72.6 E2977.32549
G1 X78.601 Y72.601 E2981.5029
G1 X78.6 Y127.4 E2985.14815
G1 X79.4 Y127.4 E2985.20136
G1 X79.4 Y74 E2988.75354
G1 X79.575 Y73.575 E2988.78412
G1 X79.911 Y73.4 E2988.80932
G1 X140 Y73.4 E2992.80646
G1 X140.424 Y73.576 E2992.83699
G1 X140.6 Y74 E2992.86753
G1 X140.6 Y146.089 E2997.66291
G1 X140.424 Y146.424 E2997.68808
G1 X140.089 Y146.6 E2997.71326
G1 X80 Y146.6 E3001.71039
G1 X79.575 Y146.425 E3001.74097
G1 X79.4 Y146.089 E3001.76617
G1 X79.4 Y140.1 E3002.16456
G1 X78.6 Y140.1 E3002.21777
G1 X78.601 Y147.399 E3002.7033
G1 X110 Y147.4 E3004.79197
G0 F12000 X110 Y147.8
;TYPE:WALL-OUTER
G1 F2400 X141.8 Y147.8 E3006.90732
G1 X141.8 Y72.2 E3011.93625
G1 X78.201 Y72.201 E3016.16687
G1 X78.2 Y127.8 E3019.86533
G1 X79.8 Y127.8 E3019.97177
G1 X79.8 Y74 E3023.55056
G1 X79.858 Y73.858 E3023.56076
G1 X79.965 Y73.802 E3023.56879
G1 X140 Y73.8 E3027.56234
G1 X140.142 Y73.858 E3027.57254
G1 X140.2 Y74 E3027.58275
G1 X140.198 Y146.035 E3032.37453
G1 X140.142 Y146.142 E3032.38257
G1 X140.035 Y146.198 E3032.3906
G1 X80 Y146.2 E3036.38415
G1 X79.858 Y146.142 E3036.39435
G1 X79.802 Y146.035 E3036.40238
G1 X79.8 Y139.7 E3036.82379
G1 X78.2 Y139.7 E3036.93022
G1 X78.201 Y147.799 E3037.46897
G1 X110 Y147.8 E3039.58425
G1 F2700 E3034.58425
;MESH:NONMESH
G0 F300 Z18.2
G0 F12000 X110 Y147.09
G0 X140.838 Y146.838
G0 X140.838 Y73.162
G0 X79.826 Y73.007
;TIME_ELAPSED:4577.142105
;LAYER:45
;TYPE:WALL-INNER
;MESH:tank_trainer_body.stl
G1 F2700 E3039.58425
G1 F2352.9 X80 Y73 E3039.59606
G1 F2400 X140 Y73 E3043.58728
G0 F12000 X140.838 Y73.162
G0 X141 Y74
G1 F2487 X141.014 Y72.986 E3043.65238
G1 X140 Y73 E3043.71747
G1 X140.697 Y73.303 E3043.76626
G1 X141 Y74 E3043.81505
G1 F2400 X141 Y146 E3048.6045
G1 F2358.7 X140.993 Y146.174 E3048.61629
G0 F12000 X140.838 Y146.838
G0 X140.174 Y146.993
G1 F2436.5 X141.014 Y147.014 E3048.67135
G1 F2442.7 X140.993 Y146.174 E3048.72626
G1 X140.697 Y146.697 E3048.76554
G1 F2436.5 X140.174 Y146.993 E3048.80492
G1 F2352.9 X140 Y147 E3048.81673
G1 F2400 X80 Y147 E3052.80795
G1 F2487 X79.303 Y146.697 E3052.85673
G1 F2436.5 X79.007 Y146.174 E3052.89611
G1 X78.986 Y147.014 E3052.95117
G1 F2487 X80 Y147 E3053.01626
G0 F12000 X79.162 Y146.838
G0 X79.007 Y146.174
G1 F2352.9 X79 Y146 E3053.02808
G1 F2400 X79 Y140.5 E3053.39394
G1 F2700 E3048.39394
G0 F12000 X79.162 Y146.838
G0 X140.838 Y146.838
G0 X140.838 Y73.162
G0 X79.162 Y73.162
G0 X79 Y127
G1 F2700 E3053.39394
G1 F2400 X79 Y74 E3056.91951
G1 F2487 X79.303 Y73.303 E3056.9683
G1 F2436.5 X79.826 Y73.007 E3057.00768
G1 X78.986 Y72.986 E3057.06273
G1 F2487 X79 Y74 E3057.12783
G1 F2700 E3052.12783
G0 F12000 X79.162 Y73.162
G0 X140.838 Y73.162
G0 X140.838 Y146.838
G0 X110 Y147.09
G0 X110 Y147.4
G1 F2700 E3057.12783
G1 F2400 X141.4 Y147.4 E3059.21657
G1 X141.4 Y72.6 E3064.19228
G1 X78.601 Y72.601 E3068.36969
G1 X78.6 Y127.4 E3072.01493
G1 X79.4 Y127.4 E3072.06815
G1 X79.4 Y74 E3075.62033
G1 X79.575 Y73.575 E3075.65091
G1 X79.911 Y73.4 E3075.67611
G1 X140 Y73.4 E3079.67324
G1 X140.424 Y73.576 E3079.70378
G1 X140.6 Y74 E3079.73432
G1 X140.6 Y146.089 E3084.5297
G1 X140.424 Y146.424 E3084.55487
G1 X140.089 Y146.6 E3084.58004
G1 X80 Y146.6 E3088.57718
G1 X79.575 Y146.425 E3088.60775
G1 X79.4 Y146.089 E3088.63296
G1 X79.4 Y140.1 E3089.03135
G1 X78.6 Y140.1 E3089.08456
G1 X78.601 Y147.399 E3089.57009
G1 X110 Y147.4 E3091.65876
G0 F12000 X110 Y147.8
;TYPE:WALL-OUTER
G1 F2400 X141.8 Y147.8 E3093.77411
G1 X141.8 Y72.2 E3098.80304
G1 X78.201 Y72.201 E3103.03366
G1 X78.2 Y127.8 E3106.73212
G1 X79.8 Y127.8 E3106.83856
G1 X79.8 Y74 E3110.41735
G1 X79.858 Y73.858 E3110.42755
G1 X79.965 Y73.802 E3110.43558
G1 X140 Y73.8 E3114.42913
G1 X140.142 Y73.858 E3114.43933
G1 X140.2 Y74 E3114.44953
G1 X140.198 Y146.035 E3119.24132
G1 X140.142 Y146.142 E3119.24936
G1 X140.035 Y146.198 E3119.25739
G1 X80 Y146.2 E3123.25093
G1 X79.858 Y146.142 E3123.26114
G1 X79.802 Y146.035 E3123.26917
G1 X79.8 Y139.7 E3123.69058
G1 X78.2 Y139.7 E3123.79701
G1 X78.201 Y147.799 E3124.33576
G1 X110 Y147.8 E3126.45103
G1 F2700 E3121.45103
;MESH:NONMESH
G0 F300 Z18.6
G0 F12000 X110 Y147.09
G0 X140.838 Y146.838
G0 X140.838 Y73.162
G0 X79.826 Y73.007
;TIME_ELAPSED:4620.124285
;LAYER:46
;TYPE:WALL-INNER
;MESH:tank_trainer_body.stl
G1 F2700 E3126.45103
G1 F2352.9 X80 Y73 E3126.46285
G1 F2400 X140 Y73 E3130.45407
G0 F12000 X140.838 Y73.162
G0 X141 Y74
G1 F2487 X141.014 Y72.986 E3130.51916
G1 X140 Y73 E3130.58426
G1 X140.697 Y73.303 E3130.63305
G1 X141 Y74 E3130.68183
G1 F2400 X141 Y146 E3135.47129
G1 F2358.7 X140.993 Y146.174 E3135.48308
G0 F12000 X140.838 Y146.838
G0 X140.174 Y146.993
G1 F2436.5 X141.014 Y147.014 E3135.53814
G1 F2442.7 X140.993 Y146.174 E3135.59305
G1 X140.697 Y146.697 E3135.63233
G1 F2436.5 X140.174 Y146.993 E3135.6717
G1 F2352.9 X140 Y147 E3135.68352
G1 F2400 X80 Y147 E3139.67474
G1 F2487 X79.303 Y146.697 E3139.72352
G1 F2436.5 X79.007 Y146.174 E3139.7629
G1 X78.986 Y147.014 E3139.81795
G1 F2487 X80 Y147 E3139.88305
G0 F12000 X79.162 Y146.838
G0 X79.007 Y146.174
G1 F2352.9 X79 Y146 E3139.89487
G1 F2400 X79 Y74 E3144.68433
G1 F2487 X79.303 Y73.303 E3144.73311
G1 F2436.5 X79.826 Y73.007 E3144.77249
G1 X78.986 Y72.986 E3144.82755
G1 F2487 X79 Y74 E3144.89264
G1 F2700 E3139.89264
G0 F12000 X79.162 Y146.838
G0 X110 Y147.09
G0 X110 Y147.4
G1 F2700 E3144.89264
G1 F2400 X141.4 Y147.4 E3146.98138
G1 X141.4 Y72.6 E3151.9571
G1 X78.601 Y72.601 E3156.1345
G1 X78.601 Y147.399 E3161.11008
G1 X110 Y147.4 E3163.19875
G0 F12000 X110 Y146.6
G1 F2400 X80 Y146.6 E3165.19436
G1 X79.575 Y146.425 E3165.22494
G1 X79.4 Y146.089 E3165.25014
G1 X79.4 Y74 E3170.04552
G1 X79.575 Y73.575 E3170.07609
G1 X79.911 Y73.4 E3170.10129
G1 X140 Y73.4 E3174.09843
G1 X140.424 Y73.576 E3174.12897
G1 X140.6 Y74 E3174.1595
G1 X140.6 Y146.089 E3178.95488
G1 X140.424 Y146.424 E3178.98006
G1 X140.089 Y146.6 E3179.00523
G1 X110 Y146.6 E3181.00676
G0 F12000 X110 Y146.199
;TYPE:WALL-OUTER
G1 F2400 X80 Y146.2 E3183.00237
G1 X79.858 Y146.142 E3183.01257
G1 X79.802 Y146.035 E3183.0206
G1 X79.8 Y74 E3187.81239
G1 X79.858 Y73.858 E3187.82259
G1 X79.965 Y73.802 E3187.83063
G1 X140 Y73.8 E3191.82417
G1 X140.142 Y73.858 E3191.83438
G1 X140.2 Y74 E3191.84458
G1 X140.198 Y146.035 E3196.63637
G1 X140.142 Y146.142 E3196.6444
G1 X140.035 Y146.198 E3196.65243
G1 X110 Y146.199 E3198.65037
G0 F12000 X110 Y146.91
G0 X110 Y147.8
G1 F2400 X141.8 Y147.8 E3200.76571
G1 X141.8 Y72.2 E3205.79465
G1 X78.201 Y72.201 E3210.02527
G1 X78.201 Y147.799 E3215.05407
G1 X110 Y147.8 E3217.16935
G1 F2700 E3212.16935
;MESH:NONMESH
G0 F300 Z19
G0 F12000 X110 Y147.09
G0 X79.162 Y146.838
G0 X79.162 Y73.162
G0 X79.826 Y73.007
;TIME_ELAPSED:4659.731589
;LAYER:47
;TYPE:WALL-INNER
;MESH:tank_trainer_body.stl
G1 F2700 E3217.16935
G1 F2352.9 X80 Y73 E3217.18116
G1 F2400 X140 Y73 E3221.17238
G0 F12000 X140.838 Y73.162
G0 X141 Y74
G1 F2487 X141.014 Y72.986 E3221.23748
G1 X140 Y73 E3221.30257
G1 X140.697 Y73.303 E3221.35136
G1 X141 Y74 E3221.40015
G1 F2400 X141 Y146 E3226.18961
G1 F2358.7 X140.993 Y146.174 E3226.20139
G0 F12000 X140.838 Y146.838
G0 X140.174 Y146.993
G1 F2436.5 X141.014 Y147.014 E3226.25645
G1 F2442.7 X140.993 Y146.174 E3226.31136
G1 X140.697 Y146.697 E3226.35064
G1 F2436.5 X140.174 Y146.993 E3226.39002
G1 F2352.9 X140 Y147 E3226.40183
G1 F2400 X80 Y147 E3230.39305
G1 F2487 X79.303 Y146.697 E3230.44183
G1 F2436.5 X79.007 Y146.174 E3230.48121
G1 X78.986 Y147.014 E3230.53627
G1 F2487 X80 Y147 E3230.60136
G0 F12000 X79.162 Y146.838
G0 X79.007 Y146.174
G1 F2352.9 X79 Y146 E3230.61318
G1 F2400 X79 Y74 E3235.40264
G1 F2487 X79.303 Y73.303 E3235.45143
G1 F2436.5 X79.826 Y73.007 E3235.4908
G1 X78.986 Y72.986 E3235.54586
G1 F2487 X79 Y74 E3235.61095
G1 F2700 E3230.61095
G0 F12000 X79.162 Y146.838
G0 X110 Y147.09
G0 X110 Y147.4
G1 F2700 E3235.61095
G1 F2400 X141.4 Y147.4 E3237.69969
G1 X141.4 Y72.6 E3242.67541
G1 X78.601 Y72.601 E3246.85281
G1 X78.601 Y147.399 E3251.8284
G1 X110 Y147.4 E3253.91707
G0 F12000 X110 Y146.6
G1 F2400 X80 Y146.6 E3255.91267
G1 X79.575 Y146.425 E3255.94325
G1 X79.4 Y146.089 E3255.96845
G1 X79.4 Y74 E3260.76383
G1 X79.575 Y73.575 E3260.7944
G1 X79.911 Y73.4 E3260.8196
G1 X140 Y73.4 E3264.81674
G1 X140.424 Y73.576 E3264.84728
G1 X140.6 Y74 E3264.87782
G1 X140.6 Y146.089 E3269.6732
G1 X140.424 Y146.424 E3269.69837
G1 X140.089 Y146.6 E3269.72354
G1 X110 Y146.6 E3271.72507
G0 F12000 X110 Y146.199
;TYPE:WALL-OUTER
G1 F2400 X80 Y146.2 E3273.72068
G1 X79.858 Y146.142 E3273.73088
G1 X79.802 Y146.035 E3273.73891
G1 X79.8 Y74 E3278.5307
G1 X79.858 Y73.858 E3278.54091
G1 X79.965 Y73.802 E3278.54894
G1 X140 Y73.8 E3282.54248
G1 X140.142 Y73.858 E3282.55269
G1 X140.2 Y74 E3282.56289
G1 X140.198 Y146.035 E3287.35468
G1 X140.142 Y146.142 E3287.36271
G1 X140.035 Y146.198 E3287.37075
G1 X110 Y146.199 E3289.36868
G0 F12000 X110 Y146.91
G0 X110 Y147.8
G1 F2400 X141.8 Y147.8 E3291.48403
G1 X141.8 Y72.2 E3296.51296
G1 X78.201 Y72.201 E3300.74358
G1 X78.201 Y147.799 E3305.77238
G1 X110 Y147.8 E3307.88766
G1 F2700 E3302.88766
;MESH:NONMESH
G0 F300 Z19.4
G0 F12000 X110 Y147.09
G0 X79.162 Y146.838
G0 X79.162 Y73.162
G0 X79.826 Y73.007
;TIME_ELAPSED:4699.338893
;LAYER:48
;TYPE:WALL-INNER
;MESH:tank_trainer_body.stl
G1 F2700 E3307.88766
G1 F2352.9 X80 Y73 E3307.89947
G1 F2400 X140 Y73 E3311.89069
G0 F12000 X140.838 Y73.162
G0 X141 Y74
G1 F2487 X141.014 Y72.986 E3311.95579
G1 X140 Y73 E3312.02088
G1 X140.697 Y73.303 E3312.06967
G1 X141 Y74 E3312.11846
G1 F2400 X141 Y146 E3316.90792
G1 F2358.7 X140.993 Y146.174 E3316.9197
G0 F12000 X140.838 Y146.838
G0 X140.174 Y146.993
G1 F2436.5 X141.014 Y147.014 E3316.97476
G1 F2442.7 X140.993 Y146.174 E3317.02968
G1 X140.697 Y146.697 E3317.06895
G1 F2436.5 X140.174 Y146.993 E3317.10833
G1 F2352.9 X140 Y147 E3317.12014
G1 F2400 X80 Y147 E3321.11136
G1 F2487 X79.303 Y146.697 E3321.16015
G1 F2436.5 X79.007 Y146.174 E3321.19952
G1 X78.986 Y147.014 E3321.25458
G1 F2487 X80 Y147 E3321.31968
G0 F12000 X79.162 Y146.838
G0 X79.007 Y146.174
G1 F2352.9 X79 Y146 E3321.33149
G1 F2400 X79 Y74 E3326.12095
G1 F2487 X79.303 Y73.303 E3326.16974
G1 F2436.5 X79.826 Y73.007 E3326.20911
G1 X78.986 Y72.986 E3326.26417
G1 F2487 X79 Y74 E3326.32927
G1 F2700 E3321.32927
G0 F12000 X79.162 Y146.838
G0 X110 Y147.09
G0 X110 Y147.4
G1 F2700 E3326.32927
G1 F2400 X141.4 Y147.4 E3328.418
G1 X141.4 Y72.6 E3333.39372
G1 X78.601 Y72.601 E3337.57113
G1 X78.601 Y147.399 E3342.54671
G1 X110 Y147.4 E3344.63538
G0 F12000 X110 Y146.6
G1 F2400 X80 Y146.6 E3346.63099
G1 X79.575 Y146.425 E3346.66156
G1 X79.4 Y146.089 E3346.68676
G1 X79.4 Y74 E3351.48214
G1 X79.575 Y73.575 E3351.51272
G1 X79.911 Y73.4 E3351.53792
G1 X140 Y73.4 E3355.53505
G1 X140.424 Y73.576 E3355.56559
G1 X140.6 Y74 E3355.59613
G1 X140.6 Y146.089 E3360.39151
G1 X140.424 Y146.424 E3360.41668
G1 X140.089 Y146.6 E3360.44185
G1 X110 Y146.6 E3362.44338
G0 F12000 X110 Y146.199
;TYPE:WALL-OUTER
G1 F2400 X80 Y146.2 E3364.43899
G1 X79.858 Y146.142 E3364.44919
G1 X79.802 Y146.035 E3364.45723
G1 X79.8 Y74 E3369.24901
G1 X79.858 Y73.858 E3369.25922
G1 X79.965 Y73.802 E3369.26725
G1 X140 Y73.8 E3373.2608
G1 X140.142 Y73.858 E3373.271
G1 X140.2 Y74 E3373.2812
G1 X140.198 Y146.035 E3378.07299
G1 X140.142 Y146.142 E3378.08102
G1 X140.035 Y146.198 E3378.08906
G1 X110 Y146.199 E3380.08699
G0 F12000 X110 Y146.91
G0 X110 Y147.8
G1 F2400 X141.8 Y147.8 E3382.20234
G1 X141.8 Y72.2 E3387.23127
G1 X78.201 Y72.201 E3391.46189
G1 X78.201 Y147.799 E3396.49069
G1 X110 Y147.8 E3398.60597
G1 F2700 E3393.60597
;MESH:NONMESH
G0 F300 Z19.8
G0 F12000 X110 Y147.09
G0 X79.162 Y146.838
G0 X79.162 Y73.162
G0 X79.826 Y73.007
;TIME_ELAPSED:4738.946196
;LAYER:49
;TYPE:WALL-INNER
;MESH:tank_trainer_body.stl
G1 F2700 E3398.60597
G1 F2352.9 X80 Y73 E3398.61779
G1 F2400 X140 Y73 E3402.609
G0 F12000 X140.838 Y73.162
G0 X141 Y74
G1 F2487 X141.014 Y72.986 E3402.6741
G1 X140 Y73 E3402.7392
G1 X140.697 Y73.303 E3402.78798
G1 X141 Y74 E3402.83677
G1 F2400 X141 Y146 E3407.62623
G1 F2358.7 X140.993 Y146.174 E3407.63802
G0 F12000 X140.838 Y146.838
G0 X140.174 Y146.993
G1 F2436.5 X141.014 Y147.014 E3407.69307
G1 F2442.7 X140.993 Y146.174 E3407.74799
G1 X140.697 Y146.697 E3407.78726
G1 F2436.5 X140.174 Y146.993 E3407.82664
G1 F2352.9 X140 Y147 E3407.83846
G1 F2400 X80 Y147 E3411.82967
G1 F2487 X79.303 Y146.697 E3411.87846
G1 F2436.5 X79.007 Y146.174 E3411.91783
G1 X78.986 Y147.014 E3411.97289
G1 F2487 X80 Y147 E3412.03799
G0 F12000 X79.162 Y146.838
G0 X79.007 Y146.174
G1 F2352.9 X79 Y146 E3412.0498
G1 F2400 X79 Y74 E3416.83926
G1 F2487 X79.303 Y73.303 E3416.88805
G1 F2436.5 X79.826 Y73.007 E3416.92743
G1 X78.986 Y72.986 E3416.98248
G1 F2487 X79 Y74 E3417.04758
G1 F2700 E3412.04758
G0 F12000 X79.162 Y146.838
G0 X110 Y147.09
G0 X110 Y147.4
G1 F2700 E3417.04758
G1 F2400 X141.4 Y147.4 E3419.13631
G1 X141.4 Y72.6 E3424.11203
G1 X78.601 Y72.601 E3428.28944
G1 X78.601 Y147.399 E3433.26502
G1 X110 Y147.4 E3435.35369
G0 F12000 X110 Y146.6
G1 F2400 X80 Y146.6 E3437.3493
G1 X79.575 Y146.425 E3437.37987
G1 X79.4 Y146.089 E3437.40507
G1 X79.4 Y74 E3442.20045
G1 X79.575 Y73.575 E3442.23103
G1 X79.911 Y73.4 E3442.25623
G1 X140 Y73.4 E3446.25336
G1 X140.424 Y73.576 E3446.2839
G1 X140.6 Y74 E3446.31444
G1 X140.6 Y146.089 E3451.10982
G1 X140.424 Y146.424 E3451.13499
G1 X140.089 Y146.6 E3451.16017
G1 X110 Y146.6 E3453.16169
G0 F12000 X110 Y146.199
;TYPE:WALL-OUTER
G1 F2400 X80 Y146.2 E3455.1573
G1 X79.858 Y146.142 E3455.16751
G1 X79.802 Y146.035 E3455.17554
G1 X79.8 Y74 E3459.96733
G1 X79.858 Y73.858 E3459.97753
G1 X79.965 Y73.802 E3459.98556
G1 X140 Y73.8 E3463.97911
G1 X140.142 Y73.858 E3463.98931
G1 X140.2 Y74 E3463.99951
G1 X140.198 Y146.035 E3468.7913
G1 X140.142 Y146.142 E3468.79934
G1 X140.035 Y146.198 E3468.80737
G1 X110 Y146.199 E3470.80531
G0 F12000 X110 Y146.91
G0 X110 Y147.8
G1 F2400 X141.8 Y147.8 E3472.92065
G1 X141.8 Y72.2 E3477.94958
G1 X78.201 Y72.201 E3482.18021
G1 X78.201 Y147.799 E3487.209
G1 X110 Y147.8 E3489.32428
G1 F2700 E3484.32428
;MESH:NONMESH
G0 F300 Z20.2
G0 F12000 X110 Y147.09
G0 X79.162 Y146.838
G0 X79.162 Y73.162
G0 X79.826 Y73.007
;TIME_ELAPSED:4778.553500
;LAYER:50
;TYPE:WALL-INNER
;MESH:tank_trainer_body.stl
G1 F2700 E3489.32428
G1 F2352.9 X80 Y73 E3489.3361
G1 F2400 X140 Y73 E3493.32731
G0 F12000 X140.838 Y73.162
G0 X141 Y74
G1 F2487 X141.014 Y72.986 E3493.39241
G1 X140 Y73 E3493.45751
G1 X140.697 Y73.303 E3493.5063
G1 X141 Y74 E3493.55508
G1 F2400 X141 Y146 E3498.34454
G1 F2358.7 X140.993 Y146.174 E3498.35633
G0 F12000 X140.838 Y146.838
G0 X140.174 Y146.993
G1 F2436.5 X141.014 Y147.014 E3498.41138
G1 F2442.7 X140.993 Y146.174 E3498.4663
G1 X140.697 Y146.697 E3498.50558
G1 F2436.5 X140.174 Y146.993 E3498.54495
G1 F2352.9 X140 Y147 E3498.55677
G1 F2400 X80 Y147 E3502.54798
G1 F2487 X79.303 Y146.697 E3502.59677
G1 F2436.5 X79.007 Y146.174 E3502.63615
G1 X78.986 Y147.014 E3502.6912
G1 F2487 X80 Y147 E3502.7563
G0 F12000 X79.162 Y146.838
G0 X79.007 Y146.174
G1 F2352.9 X79 Y146 E3502.76812
G1 F2400 X79 Y74 E3507.55757
G1 F2487 X79.303 Y73.303 E3507.60636
G1 F2436.5 X79.826 Y73.007 E3507.64574
G1 X78.986 Y72.986 E3507.70079
G1 F2487 X79 Y74 E3507.76589
G1 F2700 E3502.76589
G0 F12000 X79.162 Y146.838
G0 X110 Y147.09
G0 X110 Y147.4
G1 F2700 E3507.76589
G1 F2400 X141.4 Y147.4 E3509.85463
G1 X141.4 Y72.6 E3514.83034
G1 X78.601 Y72.601 E3519.00775
G1 X78.601 Y147.399 E3523.98333
G1 X110 Y147.4 E3526.072
G0 F12000 X110 Y146.6
G1 F2400 X80 Y146.6 E3528.06761
G1 X79.575 Y146.425 E3528.09818
G1 X79.4 Y146.089 E3528.12339
G1 X79.4 Y74 E3532.91877
G1 X79.575 Y73.575 E3532.94934
G1 X79.911 Y73.4 E3532.97454
G1 X140 Y73.4 E3536.97168
G1 X140.424 Y73.576 E3537.00221
G1 X140.6 Y74 E3537.03275
G1 X140.6 Y146.089 E3541.82813
G1 X140.424 Y146.424 E3541.8533
G1 X140.089 Y146.6 E3541.87848
G1 X110 Y146.6 E3543.88001
G0 F12000 X110 Y146.199
;TYPE:WALL-OUTER
G1 F2400 X80 Y146.2 E3545.87561
G1 X79.858 Y146.142 E3545.88582
G1 X79.802 Y146.035 E3545.89385
G1 X79.8 Y74 E3550.68564
G1 X79.858 Y73.858 E3550.69584
G1 X79.965 Y73.802 E3550.70388
G1 X140 Y73.8 E3554.69742
G1 X140.142 Y73.858 E3554.70762
G1 X140.2 Y74 E3554.71783
G1 X140.198 Y146.035 E3559.50961
G1 X140.142 Y146.142 E3559.51765
G1 X140.035 Y146.198 E3559.52568
G1 X110 Y146.199 E3561.52362
G0 F12000 X110 Y146.91
G0 X110 Y147.8
G1 F2400 X141.8 Y147.8 E3563.63896
G1 X141.8 Y72.2 E3568.66789
G1 X78.201 Y72.201 E3572.89852
G1 X78.201 Y147.799 E3577.92732
G1 X110 Y147.8 E3580.04259
G1 F2700 E3575.04259
;MESH:NONMESH
G0 F300 Z20.6
G0 F12000 X110 Y147.09
G0 X79.162 Y146.838
G0 X79.162 Y73.162
G0 X79.826 Y73.007
;TIME_ELAPSED:4818.160804
;LAYER:51
;TYPE:WALL-INNER
;MESH:tank_trainer_body.stl
G1 F2700 E3580.04259
G1 F2352.9 X80 Y73 E3580.05441
G1 F2400 X107.26 Y73 E3581.86775
G1 F2700 E3576.86775
G0 F12000 X79.162 Y73.162
G0 X79.162 Y146.838
G0 X140.838 Y146.838
G0 X140.838 Y73.162
G0 X112.74 Y73
G1 F2700 E3581.86775
G1 F2400 X140 Y73 E3583.6811
G0 F12000 X140.838 Y73.162
G0 X141 Y74
G1 F2487 X141.014 Y72.986 E3583.74619
G1 X140 Y73 E3583.81129
G1 X140.697 Y73.303 E3583.86008
G1 X141 Y74 E3583.90886
G1 F2400 X141 Y146 E3588.69832
G1 F2358.7 X140.993 Y146.174 E3588.71011
G0 F12000 X140.838 Y146.838
G0 X140.174 Y146.993
G1 F2436.5 X141.014 Y147.014 E3588.76516
G1 F2442.7 X140.993 Y146.174 E3588.82008
G1 X140.697 Y146.697 E3588.85936
G1 F2436.5 X140.174 Y146.993 E3588.89873
G1 F2352.9 X140 Y147 E3588.91055
G1 F2400 X80 Y147 E3592.90176
G1 F2487 X79.303 Y146.697 E3592.95055
G1 F2436.5 X79.007 Y146.174 E3592.98993
G1 X78.986 Y147.014 E3593.04498
G1 F2487 X80 Y147 E3593.11008
G0 F12000 X79.162 Y146.838
G0 X79.007 Y146.174
G1 F2352.9 X79 Y146 E3593.1219
G1 F2400 X79 Y74 E3597.91136
G1 F2487 X79.303 Y73.303 E3597.96014
G1 F2436.5 X79.826 Y73.007 E3597.99952
G1 X78.986 Y72.986 E3598.05457
G1 F2487 X79 Y74 E3598.11967
G1 F2700 E3593.11967
G0 F12000 X79.162 Y146.838
G0 X110 Y147.09
G0 X110 Y147.4
G1 F2700 E3598.11967
G1 F2400 X141.4 Y147.4 E3600.20841
G1 X141.4 Y72.6 E3605.18412
G1 X112.34 Y72.6 E3607.1172
G1 X112.34 Y73 E3607.14381
G1 X112.003 Y73.401 E3607.17865
G1 X140 Y73.4 E3609.04102
G1 X140.424 Y73.576 E3609.07156
G1 X140.6 Y74 E3609.1021
G1 X140.6 Y146.089 E3613.89748
G1 X140.424 Y146.424 E3613.92265
G1 X140.089 Y146.6 E3613.94782
G1 X80 Y146.6 E3617.94496
G1 X79.575 Y146.425 E3617.97553
G1 X79.4 Y146.089 E3618.00073
G1 X79.4 Y74 E3622.79611
G1 X79.575 Y73.575 E3622.82669
G1 X79.911 Y73.4 E3622.85189
G1 X108.059 Y73.4 E3624.7243
G1 X107.66 Y73.003 E3624.76174
G1 X107.658 Y72.6 E3624.78855
G1 X78.601 Y72.601 E3626.72143
G1 X78.601 Y147.399 E3631.69701
G1 X110 Y147.4 E3633.78568
G0 F12000 X110 Y147.8
;TYPE:WALL-OUTER
G1 F2400 X141.8 Y147.8 E3635.90103
G1 X141.8 Y72.2 E3640.92996
G1 X111.94 Y72.2 E3642.91626
G1 X111.94 Y73 E3642.96947
G1 F2123.9 X111.784 Y73.249 E3642.99156
G1 F1912.4 X108.26 Y73.25 E3643.28575
G1 F2133.3 X108.06 Y73.001 E3643.30965
G1 F2400 X108.056 Y72.2 E3643.36294
G1 X78.201 Y72.201 E3645.3489
G1 X78.201 Y147.799 E3650.3777
G1 X110 Y147.8 E3652.49298
G0 F12000 X110 Y147.09
G0 X110 Y146.199
G1 F2400 X80 Y146.2 E3654.48859
G1 X79.858 Y146.142 E3654.49879
G1 X79.802 Y146.035 E3654.50682
G1 X79.8 Y74 E3659.29861
G1 X79.858 Y73.858 E3659.30881
G1 X79.965 Y73.802 E3659.31685
G1 X107.264 Y73.8 E3661.13278
G1 F2133.3 X108.26 Y73.75 E3661.20741
G1 F1912.4 X111.827 Y73.748 E3661.5052
G1 F2123.9 X112.74 Y73.8 E3661.57394
G1 F2400 X140 Y73.8 E3663.38728
G1 X140.142 Y73.858 E3663.39748
G1 X140.2 Y74 E3663.40769
G1 X140.198 Y146.035 E3668.19947
G1 X140.142 Y146.142 E3668.20751
G1 X140.035 Y146.198 E3668.21554
G1 X110 Y146.199 E3670.21348
G1 F2700 E3665.21348
;MESH:NONMESH
G0 F300 Z21
G0 F12000 X110 Y146.91
G0 X79.162 Y146.838
G0 X79.162 Y73.162
G0 X79.826 Y73.007
;TIME_ELAPSED:4861.285847
;LAYER:52
;TYPE:WALL-INNER
;MESH:tank_trainer_body.stl
G1 F2700 E3670.21348
G1 F2352.9 X80 Y73 E3670.22529
G1 F2400 X106.6 Y73 E3671.99473
G1 F2700 E3666.99473
G0 F12000 X79.162 Y73.162
G0 X79.162 Y146.838
G0 X140.838 Y146.838
G0 X140.838 Y73.162
G0 X113.396 Y73
G1 F2700 E3671.99473
G1 F2400 X140 Y73 E3673.76444
G0 F12000 X140.838 Y73.162
G0 X141 Y74
G1 F2487 X141.014 Y72.986 E3673.82953
G1 X140 Y73 E3673.89463
G1 X140.697 Y73.303 E3673.94342
G1 X141 Y74 E3673.9922
G1 F2400 X141 Y146 E3678.78166
G1 F2358.7 X140.993 Y146.174 E3678.79345
G0 F12000 X140.838 Y146.838
G0 X140.174 Y146.993
G1 F2436.5 X141.014 Y147.014 E3678.84851
G1 F2442.7 X140.993 Y146.174 E3678.90342
G1 X140.697 Y146.697 E3678.9427
G1 F2436.5 X140.174 Y146.993 E3678.98207
G1 F2352.9 X140 Y147 E3678.99389
G1 F2400 X80 Y147 E3682.98511
G1 F2487 X79.303 Y146.697 E3683.03389
G1 F2436.5 X79.007 Y146.174 E3683.07327
G1 X78.986 Y147.014 E3683.12833
G1 F2487 X80 Y147 E3683.19342
G0 F12000 X79.162 Y146.838
G0 X79.007 Y146.174
G1 F2352.9 X79 Y146 E3683.20524
G1 F2400 X79 Y74 E3687.9947
G1 F2487 X79.303 Y73.303 E3688.04348
G1 F2436.5 X79.826 Y73.007 E3688.08286
G1 X78.986 Y72.986 E3688.13792
G1 F2487 X79 Y74 E3688.20301
G1 F2700 E3683.20301
G0 F12000 X79.162 Y146.838
G0 X110 Y147.09
G0 X110 Y147.4
G1 F2700 E3688.20301
G1 F2400 X141.4 Y147.4 E3690.29175
G1 X141.4 Y72.6 E3695.26747
G1 X112.996 Y72.6 E3697.15691
G1 X112.996 Y73 E3697.18352
G1 X112.659 Y73.401 E3697.21836
G1 X140 Y73.4 E3699.03709
G1 X140.424 Y73.576 E3699.06763
G1 X140.6 Y74 E3699.09817
G1 X140.6 Y146.089 E3703.89355
G1 X140.424 Y146.424 E3703.91872
G1 X140.089 Y146.6 E3703.94389
G1 X80 Y146.6 E3707.94103
G1 X79.575 Y146.425 E3707.9716
G1 X79.4 Y146.089 E3707.9968
G1 X79.4 Y74 E3712.79218
G1 X79.575 Y73.575 E3712.82276
G1 X79.911 Y73.4 E3712.84796
G1 X107.4 Y73.4 E3714.67653
G1 X107 Y73 E3714.71416
G1 X107 Y72.6 E3714.74077
G1 X78.601 Y72.601 E3716.62988
G1 X78.601 Y147.399 E3721.60546
G1 X110 Y147.4 E3723.69413
G0 F12000 X110 Y147.8
;TYPE:WALL-OUTER
G1 F2400 X141.8 Y147.8 E3725.80948
G1 X141.8 Y72.2 E3730.83841
G1 X112.596 Y72.2 E3732.78107
G1 X112.596 Y73 E3732.83428
G1 F2123.9 X112.44 Y73.249 E3732.85637
G1 F1912.4 X107.6 Y73.25 E3733.26043
G1 F2133.3 X107.4 Y73 E3733.28439
G1 F2400 X107.4 Y72.2 E3733.3376
G1 X78.201 Y72.201 E3735.27993
G1 X78.201 Y147.799 E3740.30873
G1 X110 Y147.8 E3742.42401
G0 F12000 X110 Y147.09
G0 X110 Y146.199
G1 F2400 X80 Y146.2 E3744.41961
G1 X79.858 Y146.142 E3744.42982
G1 X79.802 Y146.035 E3744.43785
G1 X79.8 Y74 E3749.22964
G1 X79.858 Y73.858 E3749.23984
G1 X79.965 Y73.802 E3749.24787
G1 X106.6 Y73.8 E3751.01964
G1 F2133.3 X107.6 Y73.75 E3751.09457
G1 F1912.4 X112.483 Y73.748 E3751.50222
G1 F2123.9 X113.396 Y73.8 E3751.57096
G1 F2400 X140 Y73.8 E3753.34066
G1 X140.142 Y73.858 E3753.35087
G1 X140.2 Y74 E3753.36107
G1 X140.198 Y146.035 E3758.15286
G1 X140.142 Y146.142 E3758.16089
G1 X140.035 Y146.198 E3758.16892
G1 X110 Y146.199 E3760.16686
G1 F2700 E3755.16686
;MESH:NONMESH
G0 F300 Z21.4
G0 F12000 X110 Y146.91
G0 X79.162 Y146.838
G0 X79.162 Y73.162
G0 X79.826 Y73.007
;TIME_ELAPSED:4904.318231
;LAYER:53
;TYPE:WALL-INNER
;MESH:tank_trainer_body.stl
G1 F2700 E3760.16686
G1 F2352.9 X80 Y73 E3760.17868
G1 F2400 X106.144 Y73 E3761.91778
G1 F2700 E3756.91778
G0 F12000 X79.162 Y73.162
G0 X79.162 Y146.838
G0 X140.838 Y146.838
G0 X140.838 Y73.162
G0 X113.852 Y73
G1 F2700 E3761.91778
G1 F2400 X140 Y73 E3763.65715
G0 F12000 X140.838 Y73.162
G0 X141 Y74
G1 F2487 X141.014 Y72.986 E3763.72225
G1 X140 Y73 E3763.78735
G1 X140.697 Y73.303 E3763.83614
G1 X141 Y74 E3763.88492
G1 F2400 X141 Y146 E3768.67438
G1 F2358.7 X140.993 Y146.174 E3768.68617
G0 F12000 X140.838 Y146.838
G0 X140.174 Y146.993
G1 F2436.5 X141.014 Y147.014 E3768.74122
G1 F2442.7 X140.993 Y146.174 E3768.79614
G1 X140.697 Y146.697 E3768.83542
G1 F2436.5 X140.174 Y146.993 E3768.87479
G1 F2352.9 X140 Y147 E3768.88661
G1 F2400 X80 Y147 E3772.87782
G1 F2487 X79.303 Y146.697 E3772.92661
G1 F2436.5 X79.007 Y146.174 E3772.96599
G1 X78.986 Y147.014 E3773.02104
G1 F2487 X80 Y147 E3773.08614
G0 F12000 X79.162 Y146.838
G0 X79.007 Y146.174
G1 F2352.9 X79 Y146 E3773.09796
G1 F2400 X79 Y74 E3777.88741
G1 F2487 X79.303 Y73.303 E3777.9362
G1 F2436.5 X79.826 Y73.007 E3777.97558
G1 X78.986 Y72.986 E3778.03063
G1 F2487 X79 Y74 E3778.09573
G1 F2700 E3773.09573
G0 F12000 X79.162 Y146.838
G0 X110 Y147.09
G0 X110 Y147.4
G1 F2700 E3778.09573
G1 F2400 X141.4 Y147.4 E3780.18447
G1 X141.4 Y72.6 E3785.16018
G1 X113.452 Y72.6 E3787.01929
G1 X113.452 Y73 E3787.0459
G1 X113.115 Y73.401 E3787.08074
G1 X140 Y73.4 E3788.86914
G1 X140.424 Y73.576 E3788.89968
G1 X140.6 Y74 E3788.93022
G1 X140.6 Y146.089 E3793.7256
G1 X140.424 Y146.424 E3793.75077
G1 X140.089 Y146.6 E3793.77594
G1 X80 Y146.6 E3797.77308
G1 X79.575 Y146.425 E3797.80365
G1 X79.4 Y146.089 E3797.82885
G1 X79.4 Y74 E3802.62423
G1 X79.575 Y73.575 E3802.65481
G1 X79.911 Y73.4 E3802.68001
G1 X106.944 Y73.4 E3804.47825
G1 X106.544 Y73 E3804.51588
G1 X106.544 Y72.6 E3804.54249
G1 X78.601 Y72.601 E3806.40126
G1 X78.601 Y147.399 E3811.37685
G1 X110 Y147.4 E3813.46552
G0 F12000 X110 Y147.8
;TYPE:WALL-OUTER
G1 F2400 X141.8 Y147.8 E3815.58086
G1 X141.8 Y72.2 E3820.60979
G1 X113.052 Y72.2 E3822.52212
G1 X113.052 Y73 E3822.57533
G1 F2123.9 X112.896 Y73.249 E3822.59742
G1 F1912.4 X107.144 Y73.25 E3823.07761
G1 F2133.3 X106.944 Y73 E3823.10157
G1 F2400 X106.944 Y72.2 E3823.15479
G1 X78.201 Y72.201 E3825.06678
G1 X78.201 Y147.799 E3830.09558
G1 X110 Y147.8 E3832.21086
G0 F12000 X110 Y147.09
G0 X110 Y146.199
G1 F2400 X80 Y146.2 E3834.20647
G1 X79.858 Y146.142 E3834.21667
G1 X79.802 Y146.035 E3834.2247
G1 X79.8 Y74 E3839.01649
G1 X79.858 Y73.858 E3839.0267
G1 X79.965 Y73.802 E3839.03473
G1 X106.144 Y73.8 E3840.77616
G1 F2133.3 X107.144 Y73.75 E3840.85109
G1 F1912.4 X112.939 Y73.748 E3841.33488
G1 F2123.9 X113.852 Y73.8 E3841.40362
G1 F2400 X140 Y73.8 E3843.14299
G1 X140.142 Y73.858 E3843.15319
G1 X140.2 Y74 E3843.16339
G1 X140.198 Y146.035 E3847.95518
G1 X140.142 Y146.142 E3847.96322
G1 X140.035 Y146.198 E3847.97125
G1 X110 Y146.199 E3849.96919
G1 F2700 E3844.96919
;MESH:NONMESH
G0 F300 Z21.8
G0 F12000 X110 Y146.91
G0 X79.162 Y146.838
G0 X79.162 Y73.162
G0 X79.826 Y73.007
;TIME_ELAPSED:4947.286036
;LAYER:54
;TYPE:WALL-INNER
;MESH:tank_trainer_body.stl
G1 F2700 E3849.96919
G1 F2352.9 X80 Y73 E3849.981
G1 F2400 X105.8 Y73 E3851.69722
G1 F2700 E3846.69722
G0 F12000 X79.162 Y73.162
G0 X79.162 Y146.838
G0 X140.838 Y146.838
G0 X140.838 Y73.162
G0 X114.196 Y73
G1 F2700 E3851.69722
G1 F2400 X140 Y73 E3853.41371
G0 F12000 X140.838 Y73.162
G0 X141 Y74
G1 F2487 X141.014 Y72.986 E3853.47881
G1 X140 Y73 E3853.54391
G1 X140.697 Y73.303 E3853.59269
G1 X141 Y74 E3853.64148
G1 F2400 X141 Y146 E3858.43094
G1 F2358.7 X140.993 Y146.174 E3858.44273
G0 F12000 X140.838 Y146.838
G0 X140.174 Y146.993
G1 F2436.5 X141.014 Y147.014 E3858.49778
G1 F2442.7 X140.993 Y146.174 E3858.5527
G1 X140.697 Y146.697 E3858.59197
G1 F2436.5 X140.174 Y146.993 E3858.63135
G1 F2352.9 X140 Y147 E3858.64317
G1 F2400 X80 Y147 E3862.63438
G1 F2487 X79.303 Y146.697 E3862.68317
G1 F2436.5 X79.007 Y146.174 E3862.72255
G1 X78.986 Y147.014 E3862.7776
G1 F2487 X80 Y147 E3862.8427
G0 F12000 X79.162 Y146.838
G0 X79.007 Y146.174
G1 F2352.9 X79 Y146 E3862.85451
G1 F2400 X79 Y74 E3867.64397
G1 F2487 X79.303 Y73.303 E3867.69276
G1 F2436.5 X79.826 Y73.007 E3867.73214
G1 X78.986 Y72.986 E3867.78719
G1 F2487 X79 Y74 E3867.85229
G1 F2700 E3862.85229
G0 F12000 X79.162 Y146.838
G0 X110 Y147.09
G0 X110 Y147.4
G1 F2700 E3867.85229
G1 F2400 X141.4 Y147.4 E3869.94103
G1 X141.4 Y72.6 E3874.91674
G1 X113.796 Y72.6 E3876.75297
G1 X113.796 Y73 E3876.77958
G1 X113.459 Y73.401 E3876.81442
G1 X140 Y73.4 E3878.57993
G1 X140.424 Y73.576 E3878.61047
G1 X140.6 Y74 E3878.64101
G1 X140.6 Y146.089 E3883.43639
G1 X140.424 Y146.424 E3883.46156
G1 X140.089 Y146.6 E3883.48673
G1 X80 Y146.6 E3887.48387
G1 X79.575 Y146.425 E3887.51444
G1 X79.4 Y146.089 E3887.53965
G1 X79.4 Y74 E3892.33502
G1 X79.575 Y73.575 E3892.3656
G1 X79.911 Y73.4 E3892.3908
G1 X106.6 Y73.4 E3894.16616
G1 X106.2 Y73 E3894.20379
G1 X106.2 Y72.6 E3894.2304
G1 X78.601 Y72.601 E3896.06629
G1 X78.601 Y147.399 E3901.04187
G1 X110 Y147.4 E3903.13054
G0 F12000 X110 Y147.8
;TYPE:WALL-OUTER
G1 F2400 X141.8 Y147.8 E3905.24589
G1 X141.8 Y72.2 E3910.27482
G1 X113.396 Y72.2 E3912.16426
G1 X113.396 Y73 E3912.21748
G1 F2123.9 X113.24 Y73.249 E3912.23956
G1 F1912.4 X111.59 Y73.25 E3912.37731
G1 F1920 X111.59 Y73.75 E3912.41889
G1 F1912.4 X113.283 Y73.748 E3912.56022
G1 F2123.9 X114.196 Y73.8 E3912.62896
G1 F2400 X140 Y73.8 E3914.34545
G1 X140.142 Y73.858 E3914.35566
G1 X140.2 Y74 E3914.36586
G1 X140.198 Y146.035 E3919.15765
G1 X140.142 Y146.142 E3919.16568
G1 X140.035 Y146.198 E3919.17371
G1 X80 Y146.2 E3923.16726
G1 X79.858 Y146.142 E3923.17746
G1 X79.802 Y146.035 E3923.18549
G1 X79.8 Y74 E3927.97728
G1 X79.858 Y73.858 E3927.98749
G1 X79.965 Y73.802 E3927.99552
G1 X105.8 Y73.8 E3929.71407
G1 F2133.3 X106.8 Y73.75 E3929.789
G1 F1920 X108.406 Y73.75 E3929.92254
G1 X108.406 Y73.25 E3929.96411
G1 X106.8 Y73.25 E3930.09765
G1 F2133.3 X106.6 Y73 E3930.12161
G1 F2400 X106.6 Y72.2 E3930.17483
G1 X78.201 Y72.201 E3932.06394
G1 X78.201 Y147.799 E3937.09274
G1 X110 Y147.8 E3939.20802
G1 F2700 E3934.20802
;MESH:NONMESH
G0 F300 Z22.2
G0 F12000 X110 Y147.09
G0 X79.162 Y146.838
G0 X79.162 Y73.162
G0 X79.826 Y73.007
;TIME_ELAPSED:4990.011626
;LAYER:55
;TYPE:WALL-INNER
;MESH:tank_trainer_body.stl
G1 F2700 E3939.20802
G1 F2352.9 X80 Y73 E3939.21983
G1 F2400 X105.536 Y73 E3940.91849
G1 F2700 E3935.91849
G0 F12000 X79.162 Y73.162
G0 X79.162 Y146.838
G0 X140.838 Y146.838
G0 X140.838 Y73.162
G0 X114.46 Y73
G1 F2700 E3940.91849
G1 F2400 X140 Y73 E3942.61742
G0 F12000 X140.838 Y73.162
G0 X141 Y74
G1 F2487 X141.014 Y72.986 E3942.68252
G1 X140 Y73 E3942.74761
G1 X140.697 Y73.303 E3942.7964
G1 X141 Y74 E3942.84519
G1 F2400 X141 Y146 E3947.63465
G1 F2358.7 X140.993 Y146.174 E3947.64643
G0 F12000 X140.838 Y146.838
G0 X140.174 Y146.993
G1 F2436.5 X141.014 Y147.014 E3947.70149
G1 F2442.7 X140.993 Y146.174 E3947.75641
G1 X140.697 Y146.697 E3947.79568
G1 F2436.5 X140.174 Y146.993 E3947.83506
G1 F2352.9 X140 Y147 E3947.84687
G1 F2400 X80 Y147 E3951.83809
G1 F2487 X79.303 Y146.697 E3951.88688
G1 F2436.5 X79.007 Y146.174 E3951.92625
G1 X78.986 Y147.014 E3951.98131
G1 F2487 X80 Y147 E3952.04641
G0 F12000 X79.162 Y146.838
G0 X79.007 Y146.174
G1 F2352.9 X79 Y146 E3952.05822
G1 F2400 X79 Y74 E3956.84768
G1 F2487 X79.303 Y73.303 E3956.89647
G1 F2436.5 X79.826 Y73.007 E3956.93584
G1 X78.986 Y72.986 E3956.9909
G1 F2487 X79 Y74 E3957.056
G1 F2700 E3952.056
G0 F12000 X79.162 Y146.838
G0 X110 Y147.09
G0 X110 Y147.4
G1 F2700 E3957.056
G1 F2400 X141.4 Y147.4 E3959.14473
G1 X141.4 Y72.6 E3964.12045
G1 X114.06 Y72.6 E3965.93911
G1 X114.06 Y73 E3965.96572
G1 X113.723 Y73.401 E3966.00056
G1 X140 Y73.4 E3967.74852
G1 X140.424 Y73.576 E3967.77906
G1 X140.6 Y74 E3967.80959
G1 X140.6 Y146.089 E3972.60497
G1 X140.424 Y146.424 E3972.63015
G1 X140.089 Y146.6 E3972.65532
G1 X80 Y146.6 E3976.65245
G1 X79.575 Y146.425 E3976.68303
G1 X79.4 Y146.089 E3976.70823
G1 X79.4 Y74 E3981.50361
G1 X79.575 Y73.575 E3981.53418
G1 X79.911 Y73.4 E3981.55938
G1 X106.336 Y73.4 E3983.31718
G1 X105.936 Y73 E3983.35481
G1 X105.936 Y72.6 E3983.38142
G1 X78.601 Y72.601 E3985.19975
G1 X78.601 Y147.399 E3990.17533
G1 X110 Y147.4 E3992.264
G0 F12000 X110 Y147.8
;TYPE:WALL-OUTER
G1 F2400 X141.8 Y147.8 E3994.37935
G1 X141.8 Y72.2 E3999.40828
G1 X113.66 Y72.2 E4001.28016
G1 X113.66 Y73 E4001.33338
G1 F2123.9 X113.504 Y73.249 E4001.35546
G1 F1912.4 X112.134 Y73.25 E4001.46984
G1 F1920 X112.134 Y73.75 E4001.51141
G1 F1912.4 X113.547 Y73.748 E4001.62937
G1 F2123.9 X114.46 Y73.8 E4001.69811
G1 F2400 X140 Y73.8 E4003.39704
G1 X140.142 Y73.858 E4003.40724
G1 X140.2 Y74 E4003.41745
G1 X140.198 Y146.035 E4008.20923
G1 X140.142 Y146.142 E4008.21727
G1 X140.035 Y146.198 E4008.2253
G1 X80 Y146.2 E4012.21885
G1 X79.858 Y146.142 E4012.22905
G1 X79.802 Y146.035 E4012.23708
G1 X79.8 Y74 E4017.02887
G1 X79.858 Y73.858 E4017.03907
G1 X79.965 Y73.802 E4017.04711
G1 X105.536 Y73.8 E4018.7481
G1 F2133.3 X106.536 Y73.75 E4018.82303
G1 F1920 X107.862 Y73.75 E4018.93328
G1 X107.862 Y73.25 E4018.97486
G1 X106.536 Y73.25 E4019.08512
G1 F2133.3 X106.336 Y73 E4019.10908
G1 F2400 X106.336 Y72.2 E4019.16229
G1 X78.201 Y72.201 E4021.03384
G1 X78.201 Y147.799 E4026.06264
G1 X110 Y147.8 E4028.17792
G1 F2700 E4023.17792
;MESH:NONMESH
G0 F300 Z22.6
G0 F12000 X110 Y147.09
G0 X79.162 Y146.838
G0 X79.162 Y73.162
G0 X79.826 Y73.007
;TIME_ELAPSED:5032.629637
;LAYER:56
;TYPE:WALL-INNER
;MESH:tank_trainer_body.stl
G1 F2700 E4028.17792
G1 F2352.9 X80 Y73 E4028.18973
G1 F2400 X105.332 Y73 E4029.87482
G1 F2700 E4024.87482
G0 F12000 X79.162 Y73.162
G0 X79.162 Y146.838
G0 X140.838 Y146.838
G0 X140.838 Y73.162
G0 X114.664 Y73
G1 F2700 E4029.87482
G1 F2400 X140 Y73 E4031.56018
G0 F12000 X140.838 Y73.162
G0 X141 Y74
G1 F2487 X141.014 Y72.986 E4031.62528
G1 X140 Y73 E4031.69038
G1 X140.697 Y73.303 E4031.73916
G1 X141 Y74 E4031.78795
G1 F2400 X141 Y146 E4036.57741
G1 F2358.7 X140.993 Y146.174 E4036.58919
G0 F12000 X140.838 Y146.838
G0 X140.174 Y146.993
G1 F2436.5 X141.014 Y147.014 E4036.64425
G1 F2442.7 X140.993 Y146.174 E4036.69917
G1 X140.697 Y146.697 E4036.73844
G1 F2436.5 X140.174 Y146.993 E4036.77782
G1 F2352.9 X140 Y147 E4036.78963
G1 F2400 X80 Y147 E4040.78085
G1 F2487 X79.303 Y146.697 E4040.82964
G1 F2436.5 X79.007 Y146.174 E4040.86901
G1 X78.986 Y147.014 E4040.92407
G1 F2487 X80 Y147 E4040.98917
G0 F12000 X79.162 Y146.838
G0 X79.007 Y146.174
G1 F2352.9 X79 Y146 E4041.00098
G1 F2400 X79 Y74 E4045.79044
G1 F2487 X79.303 Y73.303 E4045.83923
G1 F2436.5 X79.826 Y73.007 E4045.8786
G1 X78.986 Y72.986 E4045.93366
G1 F2487 X79 Y74 E4045.99876
G1 F2700 E4040.99876
G0 F12000 X79.162 Y146.838
G0 X110 Y147.09
G0 X110 Y147.4
G1 F2700 E4045.99876
G1 F2400 X141.4 Y147.4 E4048.08749
G1 X141.4 Y72.6 E4053.06321
G1 X114.264 Y72.6 E4054.8683
G1 X114.264 Y73 E4054.89491
G1 X113.927 Y73.401 E4054.92976
G1 X140 Y73.4 E4056.66414
G1 X140.424 Y73.576 E4056.69468
G1 X140.6 Y74 E4056.72521
G1 X140.6 Y146.089 E4061.52059
G1 X140.424 Y146.424 E4061.54577
G1 X140.089 Y146.6 E4061.57094
G1 X80 Y146.6 E4065.56808
G1 X79.575 Y146.425 E4065.59865
G1 X79.4 Y146.089 E4065.62385
G1 X79.4 Y74 E4070.41923
G1 X79.575 Y73.575 E4070.4498
G1 X79.911 Y73.4 E4070.47501
G1 X106.132 Y73.4 E4072.21923
G1 X105.732 Y73 E4072.25686
G1 X105.732 Y72.6 E4072.28347
G1 X78.601 Y72.601 E4074.08823
G1 X78.601 Y147.399 E4079.06382
G1 X110 Y147.4 E4081.15249
G0 F12000 X110 Y147.8
;TYPE:WALL-OUTER
G1 F2400 X141.8 Y147.8 E4083.26783
G1 X141.8 Y72.2 E4088.29676
G1 X113.864 Y72.2 E4090.15507
G1 X113.864 Y73 E4090.20829
G1 F2123.9 X113.708 Y73.249 E4090.23038
G1 F1912.4 X112.483 Y73.25 E4090.33264
G1 F1920 X112.485 Y73.75 E4090.37422
G1 F1912.4 X113.751 Y73.748 E4090.47991
G1 F2123.9 X114.664 Y73.8 E4090.54865
G1 F2400 X140 Y73.8 E4092.234
G1 X140.142 Y73.858 E4092.24421
G1 X140.2 Y74 E4092.25441
G1 X140.198 Y146.035 E4097.0462
G1 X140.142 Y146.142 E4097.05423
G1 X140.035 Y146.198 E4097.06227
G1 X80 Y146.2 E4101.05581
G1 X79.858 Y146.142 E4101.06601
G1 X79.802 Y146.035 E4101.07405
G1 X79.8 Y74 E4105.86584
G1 X79.858 Y73.858 E4105.87604
G1 X79.965 Y73.802 E4105.88407
G1 X105.332 Y73.8 E4107.57149
G1 F2133.3 X106.332 Y73.75 E4107.64642
G1 F1920 X107.514 Y73.75 E4107.7447
G1 X107.514 Y73.25 E4107.78628
G1 X106.332 Y73.25 E4107.88456
G1 F2133.3 X106.132 Y73 E4107.90852
G1 F2400 X106.132 Y72.2 E4107.96174
G1 X78.201 Y72.201 E4109.81972
G1 X78.201 Y147.799 E4114.84852
G1 X110 Y147.8 E4116.96379
G1 F2700 E4111.96379
;MESH:NONMESH
G0 F300 Z23
G0 F12000 X110 Y147.09
G0 X79.162 Y146.838
G0 X79.162 Y73.162
G0 X79.826 Y73.007
;TIME_ELAPSED:5075.173229
;LAYER:57
;TYPE:WALL-INNER
;MESH:tank_trainer_body.stl
G1 F2700 E4116.96379
G1 F2352.9 X80 Y73 E4116.97561
G1 F2400 X105.184 Y73 E4118.65086
G1 F2700 E4113.65086
G0 F12000 X79.162 Y73.162
G0 X79.162 Y146.838
G0 X140.838 Y146.838
G0 X140.838 Y73.162
G0 X114.812 Y73
G1 F2700 E4118.65086
G1 F2400 X140 Y73 E4120.32637
G0 F12000 X140.838 Y73.162
G0 X141 Y74
G1 F2487 X141.014 Y72.986 E4120.39146
G1 X140 Y73 E4120.45656
G1 X140.697 Y73.303 E4120.50535
G1 X141 Y74 E4120.55414
G1 F2400 X141 Y146 E4125.34359
G1 F2358.7 X140.993 Y146.174 E4125.35538
G0 F12000 X140.838 Y146.838
G0 X140.174 Y146.993
G1 F2436.5 X141.014 Y147.014 E4125.41044
G1 F2442.7 X140.993 Y146.174 E4125.46535
G1 X140.697 Y146.697 E4125.50463
G1 F2436.5 X140.174 Y146.993 E4125.54401
G1 F2352.9 X140 Y147 E4125.55582
G1 F2400 X80 Y147 E4129.54704
G1 F2487 X79.303 Y146.697 E4129.59582
G1 F2436.5 X79.007 Y146.174 E4129.6352
G1 X78.986 Y147.014 E4129.69026
G1 F2487 X80 Y147 E4129.75535
G0 F12000 X79.162 Y146.838
G0 X79.007 Y146.174
G1 F2352.9 X79 Y146 E4129.76717
G1 F2400 X79 Y74 E4134.55663
G1 F2487 X79.303 Y73.303 E4134.60542
G1 F2436.5 X79.826 Y73.007 E4134.64479
G1 X78.986 Y72.986 E4134.69985
G1 F2487 X79 Y74 E4134.76494
G1 F2700 E4129.76494
G0 F12000 X79.162 Y146.838
G0 X110 Y147.09
G0 X110 Y147.4
G1 F2700 E4134.76494
G1 F2400 X141.4 Y147.4 E4136.85368
G1 X141.4 Y72.6 E4141.8294
G1 X114.412 Y72.6 E4143.62465
G1 X114.412 Y73 E4143.65125
G1 X114.075 Y73.401 E4143.6861
G1 X140 Y73.4 E4145.41064
G1 X140.424 Y73.576 E4145.44117
G1 X140.6 Y74 E4145.47171
G1 X140.6 Y146.089 E4150.26709
G1 X140.424 Y146.424 E4150.29226
G1 X140.089 Y146.6 E4150.31744
G1 X80 Y146.6 E4154.31457
G1 X79.575 Y146.425 E4154.34515
G1 X79.4 Y146.089 E4154.37035
G1 X79.4 Y74 E4159.16573
G92 E0
G1 X79.575 Y73.575 E0.03057
G1 X79.911 Y73.4 E0.05577
G1 X105.984 Y73.4 E1.79016
G1 X105.584 Y73 E1.82779
G1 X105.584 Y72.6 E1.8544
G1 X78.601 Y72.601 E3.64931
G1 X78.601 Y147.399 E8.62489
G1 X110 Y147.4 E10.71356
G0 F12000 X110 Y147.8
;TYPE:WALL-OUTER
G1 F2400 X141.8 Y147.8 E12.82891
G1 X141.8 Y72.2 E17.85784
G1 X114.012 Y72.2 E19.70631
G1 X114.012 Y73 E19.75952
G1 F2123.9 X113.856 Y73.249 E19.78161
G1 F1912.4 X112.722 Y73.25 E19.87628
G1 F1920 X112.722 Y73.75 E19.91785
G1 F1912.4 X113.899 Y73.748 E20.01611
G1 F2123.9 X114.812 Y73.8 E20.08485
G1 F2400 X140 Y73.8 E21.76037
G1 X140.142 Y73.858 E21.77057
G1 X140.2 Y74 E21.78077
G1 X140.198 Y146.035 E26.57256
G1 X140.142 Y146.142 E26.58059
G1 X140.035 Y146.198 E26.58863
G1 X80 Y146.2 E30.58217
G1 X79.858 Y146.142 E30.59238
G1 X79.802 Y146.035 E30.60041
G1 X79.8 Y74 E35.3922
G1 X79.858 Y73.858 E35.4024
G1 X79.965 Y73.802 E35.41043
G1 X105.184 Y73.8 E37.08801
G1 F2133.3 X106.184 Y73.75 E37.16294
G1 F1920 X107.274 Y73.75 E37.25357
G1 X107.274 Y73.25 E37.29515
G1 X106.184 Y73.25 E37.38578
G1 F2133.3 X105.984 Y73 E37.40974
G1 F2400 X105.984 Y72.2 E37.46296
G1 X78.201 Y72.201 E39.31109
G1 X78.201 Y147.799 E44.33989
G1 X110 Y147.8 E46.45517
G1 F2700 E41.45517
;MESH:NONMESH
G0 F300 Z23.4
G0 F12000 X110 Y147.09
G0 X79.162 Y146.838
G0 X79.162 Y73.162
G0 X79.826 Y73.007
;TIME_ELAPSED:5200.880153
;LAYER:58
;TYPE:WALL-INNER
;MESH:tank_trainer_body.stl
G1 F2700 E46.45517
G1 F2352.9 X80 Y73 E46.46698
G1 F2400 X105.08 Y73 E48.13531
G1 F2700 E43.13531
G0 F12000 X79.162 Y73.162
G0 X79.162 Y146.838
G0 X140.838 Y146.838
G0 X140.838 Y73.162
G0 X114.916 Y73
G1 F2700 E48.13531
G1 F2400 X140 Y73 E49.8039
G0 F12000 X140.838 Y73.162
G0 X141 Y74
G1 F2487 X141.014 Y72.986 E49.869
G1 X140 Y73 E49.9341
G1 X140.697 Y73.303 E49.98288
G1 X141 Y74 E50.03167
G1 F2400 X141 Y146 E54.82113
G1 F2358.7 X140.993 Y146.174 E54.83292
G0 F12000 X140.838 Y146.838
G0 X140.174 Y146.993
G1 F2436.5 X141.014 Y147.014 E54.88797
G1 F2442.7 X140.993 Y146.174 E54.94289
G1 X140.697 Y146.697 E54.98217
G1 F2436.5 X140.174 Y146.993 E55.02154
G1 F2352.9 X140 Y147 E55.03336
G1 F2400 X80 Y147 E59.02457
G1 F2487 X79.303 Y146.697 E59.07336
G1 F2436.5 X79.007 Y146.174 E59.11274
G1 X78.986 Y147.014 E59.16779
G1 F2487 X80 Y147 E59.23289
G0 F12000 X79.162 Y146.838
G0 X79.007 Y146.174
G1 F2352.9 X79 Y146 E59.24471
G1 F2400 X79 Y74 E64.03416
G1 F2487 X79.303 Y73.303 E64.08295
G1 F2436.5 X79.826 Y73.007 E64.12233
G1 X78.986 Y72.986 E64.17738
G1 F2487 X79 Y74 E64.24248
G1 F2700 E59.24248
G0 F12000 X79.162 Y146.838
G0 X110 Y147.09
G0 X110 Y147.4
G1 F2700 E64.24248
G1 F2400 X141.4 Y147.4 E66.33122
G1 X141.4 Y72.6 E71.30693
G1 X114.516 Y72.6 E73.09526
G1 X114.516 Y73 E73.12187
G1 X114.179 Y73.401 E73.15672
G1 X140 Y73.4 E74.87434
G1 X140.424 Y73.576 E74.90487
G1 X140.6 Y74 E74.93541
G1 X140.6 Y146.089 E79.73079
G1 X140.424 Y146.424 E79.75596
G1 X140.089 Y146.6 E79.78114
G1 X80 Y146.6 E83.77827
G1 X79.575 Y146.425 E83.80885
G1 X79.4 Y146.089 E83.83405
G1 X79.4 Y74 E88.62943
G1 X79.575 Y73.575 E88.66
G1 X79.911 Y73.4 E88.6852
G1 X105.88 Y73.4 E90.41267
G1 X105.48 Y73 E90.4503
G1 X105.48 Y72.6 E90.4769
G1 X78.601 Y72.601 E92.2649
G1 X78.601 Y147.399 E97.24049
G1 X110 Y147.4 E99.32916
G0 F12000 X110 Y147.8
;TYPE:WALL-OUTER
G1 F2400 X141.8 Y147.8 E101.4445
G1 X141.8 Y72.2 E106.47343
G1 X114.116 Y72.2 E108.31498
G1 X114.116 Y73 E108.3682
G1 F2123.9 X113.96 Y73.249 E108.39028
G1 F1912.4 X112.882 Y73.25 E108.48028
G1 F1920 X112.882 Y73.75 E108.52185
G1 F1912.4 X114.003 Y73.748 E108.61544
G1 F2123.9 X114.916 Y73.8 E108.68418
G1 F2400 X140 Y73.8 E110.35277
G1 X140.142 Y73.858 E110.36297
G1 X140.2 Y74 E110.37318
G1 X140.198 Y146.035 E115.16497
G1 X140.142 Y146.142 E115.173
G1 X140.035 Y146.198 E115.18103
G1 X80 Y146.2 E119.17458
G1 X79.858 Y146.142 E119.18478
G1 X79.802 Y146.035 E119.19281
G1 X79.8 Y74 E123.9846
G1 X79.858 Y73.858 E123.99481
G1 X79.965 Y73.802 E124.00284
G1 X105.08 Y73.8 E125.6735
G1 F2133.3 X106.08 Y73.75 E125.74842
G1 F1920 X107.118 Y73.75 E125.83473
G1 X107.118 Y73.25 E125.87631
G1 X106.08 Y73.25 E125.96262
G1 F2133.3 X105.88 Y73 E125.98658
G1 F2400 X105.88 Y72.2 E126.03979
G1 X78.201 Y72.201 E127.88101
G1 X78.201 Y147.799 E132.90981
G1 X110 Y147.8 E135.02509
G1 F2700 E130.02509
;MESH:NONMESH
G0 F300 Z23.8
G0 F12000 X110 Y147.09
G0 X79.162 Y146.838
G0 X79.162 Y73.162
G0 X79.826 Y73.007
;TIME_ELAPSED:5243.335874
;LAYER:59
;TYPE:WALL-INNER
;MESH:tank_trainer_body.stl
G1 F2700 E135.02509
G1 F2352.9 X80 Y73 E135.0369
G1 F2400 X105.02 Y73 E136.70124
G1 F2700 E131.70124
G0 F12000 X79.162 Y73.162
G0 X79.162 Y146.838
G0 X140.838 Y146.838
G0 X140.838 Y73.162
G0 X114.976 Y73
G1 F2700 E136.70124
G1 F2400 X140 Y73 E138.36584
G0 F12000 X140.838 Y73.162
G0 X141 Y74
G1 F2487 X141.014 Y72.986 E138.43094
G1 X140 Y73 E138.49604
G1 X140.697 Y73.303 E138.54482
G1 X141 Y74 E138.59361
G1 F2400 X141 Y146 E143.38307
G1 F2358.7 X140.993 Y146.174 E143.39486
G0 F12000 X140.838 Y146.838
G0 X140.174 Y146.993
G1 F2436.5 X141.014 Y147.014 E143.44991
G1 F2442.7 X140.993 Y146.174 E143.50483
G1 X140.697 Y146.697 E143.5441
G1 F2436.5 X140.174 Y146.993 E143.58348
G1 F2352.9 X140 Y147 E143.5953
G1 F2400 X80 Y147 E147.58651
G1 F2487 X79.303 Y146.697 E147.6353
G1 F2436.5 X79.007 Y146.174 E147.67467
G1 X78.986 Y147.014 E147.72973
G1 F2487 X80 Y147 E147.79483
G0 F12000 X79.162 Y146.838
G0 X79.007 Y146.174
G1 F2352.9 X79 Y146 E147.80664
G1 F2400 X79 Y74 E152.5961
G1 F2487 X79.303 Y73.303 E152.64489
G1 F2436.5 X79.826 Y73.007 E152.68427
G1 X78.986 Y72.986 E152.73932
G1 F2487 X79 Y74 E152.80442
G1 F2700 E147.80442
G0 F12000 X79.162 Y146.838
G0 X110 Y147.09
G0 X110 Y147.4
G1 F2700 E152.80442
G1 F2400 X141.4 Y147.4 E154.89316
G1 X141.4 Y72.6 E159.86887
G1 X114.576 Y72.6 E161.65321
G1 X114.576 Y73 E161.67982
G1 X114.239 Y73.401 E161.71466
G1 X140 Y73.4 E163.42829
G1 X140.424 Y73.576 E163.45883
G1 X140.6 Y74 E163.48937
G1 X140.6 Y146.089 E168.28475
G1 X140.424 Y146.424 E168.30992
G1 X140.089 Y146.6 E168.33509
G1 X80 Y146.6 E172.33223
G1 X79.575 Y146.425 E172.3628
G1 X79.4 Y146.089 E172.388
G1 X79.4 Y74 E177.18338
G1 X79.575 Y73.575 E177.21396
G1 X79.911 Y73.4 E177.23916
G1 X105.82 Y73.4 E178.96263
G1 X105.42 Y73 E179.00026
G1 X105.42 Y72.6 E179.02687
G1 X78.601 Y72.601 E180.81088
G1 X78.601 Y147.399 E185.78646
G1 X110 Y147.4 E187.87513
G0 F12000 X110 Y147.8
;TYPE:WALL-OUTER
G1 F2400 X141.8 Y147.8 E189.99047
G1 X141.8 Y72.2 E195.01941
G1 X114.176 Y72.2 E196.85696
G1 X114.176 Y73 E196.91018
G1 F2123.9 X114.02 Y73.249 E196.93227
G1 F1912.4 X112.97 Y73.25 E197.01992
G1 F1920 X112.97 Y73.75 E197.0615
G1 F1912.4 X114.063 Y73.748 E197.15274
G1 F2123.9 X114.976 Y73.8 E197.22148
G1 F2400 X140 Y73.8 E198.88609
G1 X140.142 Y73.858 E198.89629
G1 X140.2 Y74 E198.90649
G1 X140.198 Y146.035 E203.69828
G1 X140.142 Y146.142 E203.70632
G1 X140.035 Y146.198 E203.71435
G1 X80 Y146.2 E207.70789
G1 X79.858 Y146.142 E207.7181
G1 X79.802 Y146.035 E207.72613
G1 X79.8 Y74 E212.51792
G1 X79.858 Y73.858 E212.52812
G1 X79.965 Y73.802 E212.53615
G1 X105.02 Y73.8 E214.20282
G1 F2133.3 X106.02 Y73.75 E214.27775
G1 F1920 X107.027 Y73.75 E214.36148
G1 F1923.8 X107.029 Y73.25 E214.40297
G1 F1920 X106.02 Y73.25 E214.48687
G1 F2133.3 X105.82 Y73 E214.51083
G1 F2400 X105.82 Y72.2 E214.56405
G1 X78.201 Y72.201 E216.40127
G1 X78.201 Y147.799 E221.43007
G1 X110 Y147.8 E223.54535
G1 F2700 E218.54535
;MESH:NONMESH
G0 F300 Z24.2
G0 F12000 X110 Y147.09
G0 X79.162 Y146.838
G0 X79.162 Y73.162
G0 X79.826 Y73.007
;TIME_ELAPSED:5285.771378
;LAYER:60
;TYPE:WALL-INNER
;MESH:tank_trainer_body.stl
G1 F2700 E223.54535
G1 F2352.9 X80 Y73 E223.55716
G1 F2412.1 X105.002 Y72.998 E225.21199
G1 F2700 E220.21199
G0 F12000 X79.162 Y73.162
G0 X79.162 Y146.838
G0 X140.838 Y146.838
G0 X140.838 Y73.162
G0 X114.996 Y73
G1 F2700 E225.21199
G1 F2400 X140 Y73 E226.87526
G0 F12000 X140.838 Y73.162
G0 X141 Y74
G1 F2487 X141.014 Y72.986 E226.94036
G1 X140 Y73 E227.00545
G1 X140.697 Y73.303 E227.05424
G1 X141 Y74 E227.10303
G1 F2400 X141 Y146 E231.89249
G1 F2358.7 X140.993 Y146.174 E231.90427
G0 F12000 X140.838 Y146.838
G0 X140.174 Y146.993
G1 F2436.5 X141.014 Y147.014 E231.95933
G1 F2442.7 X140.993 Y146.174 E232.01425
G1 X140.697 Y146.697 E232.05352
G1 F2436.5 X140.174 Y146.993 E232.0929
G1 F2352.9 X140 Y147 E232.10471
G1 F2400 X80 Y147 E236.09593
G1 F2487 X79.303 Y146.697 E236.14472
G1 F2436.5 X79.007 Y146.174 E236.18409
G1 X78.986 Y147.014 E236.23915
G1 F2487 X80 Y147 E236.30425
G0 F12000 X79.162 Y146.838
G0 X79.007 Y146.174
G1 F2352.9 X79 Y146 E236.31606
G1 F2400 X79 Y74 E241.10552
G1 F2487 X79.303 Y73.303 E241.15431
G1 F2436.5 X79.826 Y73.007 E241.19368
G1 X78.986 Y72.986 E241.24874
G1 F2487 X79 Y74 E241.31384
G1 F2700 E236.31384
G0 F12000 X79.162 Y146.838
G0 X110 Y147.09
G0 X110 Y147.4
G1 F2700 E241.31384
G1 F2400 X141.4 Y147.4 E243.40257
G1 X141.4 Y72.6 E248.37829
G1 X114.596 Y72.6 E250.1613
G1 X114.596 Y73 E250.18791
G1 X114.259 Y73.401 E250.22275
G1 X140 Y73.4 E251.93505
G1 X140.424 Y73.576 E251.96559
G1 X140.6 Y74 E251.99612
G1 X140.6 Y146.089 E256.7915
G1 X140.424 Y146.424 E256.81668
G1 X140.089 Y146.6 E256.84185
G1 X80 Y146.6 E260.83899
G1 X79.575 Y146.425 E260.86956
G1 X79.4 Y146.089 E260.89476
G1 X79.4 Y74 E265.69014
G1 X79.575 Y73.575 E265.72071
G1 X79.911 Y73.4 E265.74592
G1 X105.798 Y73.396 E267.46793
G1 X105.4 Y72.998 E267.50537
G1 X105.4 Y72.6 E267.53184
G1 X78.601 Y72.601 E269.31452
G1 X78.601 Y147.399 E274.2901
G1 X110 Y147.4 E276.37877
G0 F12000 X110 Y147.8
;TYPE:WALL-OUTER
G1 F2400 X141.8 Y147.8 E278.49412
G1 X141.8 Y72.2 E283.52305
G1 X114.196 Y72.2 E285.35927
G1 X114.196 Y73 E285.41249
G1 F2123.9 X114.04 Y73.249 E285.43458
G1 F1912.4 X112.998 Y73.25 E285.52157
G1 F1920 X112.998 Y73.75 E285.56314
G1 F1912.4 X114.083 Y73.748 E285.65372
G1 F2123.9 X114.996 Y73.8 E285.72246
G1 F2400 X140 Y73.8 E287.38573
G1 X140.142 Y73.858 E287.39594
G1 X140.2 Y74 E287.40614
G1 X140.198 Y146.035 E292.19793
G1 X140.142 Y146.142 E292.20596
G1 X140.035 Y146.198 E292.21399
G1 X80 Y146.2 E296.20754
G1 X79.858 Y146.142 E296.21774
G1 X79.802 Y146.035 E296.22578
G1 X79.8 Y74 E301.01756
G1 X79.858 Y73.858 E301.02777
G1 X79.965 Y73.802 E301.0358
G1 X105.002 Y73.796 E302.70127
G1 F2133.3 X105.998 Y73.746 E302.7759
G1 F1920 X107.002 Y73.747 E302.85938
G1 F1923.8 X106.999 Y73.249 E302.90071
G1 F1920 X105.999 Y73.246 E302.98386
G1 F2133.3 X105.8 Y72.997 E303.00771
G1 F2400 X105.8 Y72.2 E303.06073
G1 X78.201 Y72.201 E304.89662
G1 X78.201 Y147.799 E309.92542
G1 X110 Y147.8 E312.0407
G1 F2700 E307.0407
;MESH:NONMESH
G0 F300 Z24.6
G0 F12000 X110 Y147.09
G0 X79.162 Y146.838
G0 X79.162 Y73.162
G0 X79.826 Y73.007
;TIME_ELAPSED:5328.197033
;LAYER:61
;TYPE:WALL-INNER
;MESH:tank_trainer_body.stl
G1 F2700 E312.0407
G1 F2352.9 X80 Y73 E312.05252
G1 F2400 X105.02 Y73 E313.71685
G1 F2700 E308.71685
G0 F12000 X79.162 Y73.162
G0 X79.162 Y146.838
G0 X140.838 Y146.838
G0 X140.838 Y73.162
G0 X114.98 Y73
G1 F2700 E313.71685
G1 F2400 X140 Y73 E315.38119
G0 F12000 X140.838 Y73.162
G0 X141 Y74
G1 F2487 X141.014 Y72.986 E315.44629
G1 X140 Y73 E315.51138
G1 X140.697 Y73.303 E315.56017
G1 X141 Y74 E315.60896
G1 F2400 X141 Y146 E320.39842
G1 F2358.7 X140.993 Y146.174 E320.4102
G0 F12000 X140.838 Y146.838
G0 X140.174 Y146.993
G1 F2436.5 X141.014 Y147.014 E320.46526
G1 F2442.7 X140.993 Y146.174 E320.52018
G1 X140.697 Y146.697 E320.55945
G1 F2436.5 X140.174 Y146.993 E320.59883
G1 F2352.9 X140 Y147 E320.61064
G1 F2400 X80 Y147 E324.60186
G1 F2487 X79.303 Y146.697 E324.65065
G1 F2436.5 X79.007 Y146.174 E324.69002
G1 X78.986 Y147.014 E324.74508
G1 F2487 X80 Y147 E324.81018
G0 F12000 X79.162 Y146.838
G0 X79.007 Y146.174
G1 F2352.9 X79 Y146 E324.82199
G1 F2400 X79 Y74 E329.61145
G1 F2487 X79.303 Y73.303 E329.66024
G1 F2436.5 X79.826 Y73.007 E329.69961
G1 X78.986 Y72.986 E329.75467
G1 F2487 X79 Y74 E329.81977
G1 F2700 E324.81977
G0 F12000 X79.162 Y146.838
G0 X110 Y147.09
G0 X110 Y147.4
G1 F2700 E329.81977
G1 F2400 X141.4 Y147.4 E331.9085
G1 X141.4 Y72.6 E336.88422
G1 X114.58 Y72.6 E338.66829
G1 X114.58 Y73 E338.6949
G1 X114.243 Y73.401 E338.72974
G1 X140 Y73.4 E340.44311
G1 X140.424 Y73.576 E340.47364
G1 X140.6 Y74 E340.50418
G1 X140.6 Y146.089 E345.29956
G1 X140.424 Y146.424 E345.32473
G1 X140.089 Y146.6 E345.34991
G1 X80 Y146.6 E349.34704
G1 X79.575 Y146.425 E349.37762
G1 X79.4 Y146.089 E349.40282
G1 X79.4 Y74 E354.1982
G1 X79.575 Y73.575 E354.22877
G1 X79.911 Y73.4 E354.25397
G1 X105.82 Y73.4 E355.97745
G1 X105.42 Y73 E356.01508
G1 X105.42 Y72.6 E356.04168
G1 X78.601 Y72.601 E357.82569
G1 X78.601 Y147.399 E362.80127
G1 X110 Y147.4 E364.88994
G0 F12000 X110 Y147.8
;TYPE:WALL-OUTER
G1 F2400 X141.8 Y147.8 E367.00529
G1 X141.8 Y72.2 E372.03422
G1 X114.18 Y72.2 E373.87151
G1 X114.18 Y73 E373.92473
G1 F2123.9 X114.024 Y73.249 E373.94681
G1 F1912.4 X112.97 Y73.25 E374.03481
G1 F1920 X112.97 Y73.75 E374.07638
G1 F1912.4 X114.067 Y73.748 E374.16796
G1 F2123.9 X114.98 Y73.8 E374.2367
G1 F2400 X140 Y73.8 E375.90104
G1 X140.142 Y73.858 E375.91124
G1 X140.2 Y74 E375.92144
G1 X140.198 Y146.035 E380.71323
G1 X140.142 Y146.142 E380.72127
G1 X140.035 Y146.198 E380.7293
G1 X80 Y146.2 E384.72284
G1 X79.858 Y146.142 E384.73305
G1 X79.802 Y146.035 E384.74108
G1 X79.8 Y74 E389.53287
G1 X79.858 Y73.858 E389.54307
G1 X79.965 Y73.802 E389.55111
G1 X105.02 Y73.8 E391.21777
G1 F2133.3 X106.02 Y73.75 E391.2927
G1 F1920 X107.03 Y73.75 E391.37668
G1 X107.03 Y73.25 E391.41826
G1 X106.02 Y73.25 E391.50224
G1 F2133.3 X105.82 Y73 E391.5262
G1 F2400 X105.82 Y72.2 E391.57941
G1 X78.201 Y72.201 E393.41664
G1 X78.201 Y147.799 E398.44544
G1 X110 Y147.8 E400.56071
G1 F2700 E395.56071
;MESH:NONMESH
G0 F300 Z25
G0 F12000 X110 Y147.09
G0 X79.162 Y146.838
G0 X79.162 Y73.162
G0 X79.826 Y73.007
;TIME_ELAPSED:5370.632428
;LAYER:62
;TYPE:WALL-INNER
;MESH:tank_trainer_body.stl
G1 F2700 E400.56071
G1 F2352.9 X80 Y73 E400.57253
G1 F2400 X105.08 Y73 E402.24086
G1 F2700 E397.24086
G0 F12000 X79.162 Y73.162
G0 X79.162 Y146.838
G0 X140.838 Y146.838
G0 X140.838 Y73.162
G0 X114.916 Y73
G1 F2700 E402.24086
G1 F2400 X140 Y73 E403.90945
G0 F12000 X140.838 Y73.162
G0 X141 Y74
G1 F2487 X141.014 Y72.986 E403.97455
G1 X140 Y73 E404.03965
G1 X140.697 Y73.303 E404.08843
G1 X141 Y74 E404.13722
G1 F2400 X141 Y146 E408.92668
G1 F2358.7 X140.993 Y146.174 E408.93847
G0 F12000 X140.838 Y146.838
G0 X140.174 Y146.993
G1 F2436.5 X141.014 Y147.014 E408.99352
G1 F2442.7 X140.993 Y146.174 E409.04844
G1 X140.697 Y146.697 E409.08771
G1 F2436.5 X140.174 Y146.993 E409.12709
G1 F2352.9 X140 Y147 E409.13891
G1 F2400 X80 Y147 E413.13012
G1 F2487 X79.303 Y146.697 E413.17891
G1 F2436.5 X79.007 Y146.174 E413.21829
G1 X78.986 Y147.014 E413.27334
G1 F2487 X80 Y147 E413.33844
G0 F12000 X79.162 Y146.838
G0 X79.007 Y146.174
G1 F2352.9 X79 Y146 E413.35025
G1 F2400 X79 Y74 E418.13971
G1 F2487 X79.303 Y73.303 E418.1885
G1 F2436.5 X79.826 Y73.007 E418.22788
G1 X78.986 Y72.986 E418.28293
G1 F2487 X79 Y74 E418.34803
G1 F2700 E413.34803
G0 F12000 X79.162 Y146.838
G0 X110 Y147.09
G0 X110 Y147.4
G1 F2700 E418.34803
G1 F2400 X141.4 Y147.4 E420.43677
G1 X141.4 Y72.6 E425.41248
G1 X114.518 Y72.6 E427.20068
G1 X114.516 Y73.003 E427.22749
G1 X114.179 Y73.401 E427.26218
G1 X140 Y73.4 E428.9798
G1 X140.424 Y73.576 E429.01034
G1 X140.6 Y74 E429.04087
G1 X140.6 Y146.089 E433.83625
G1 X140.424 Y146.424 E433.86143
G1 X140.089 Y146.6 E433.8866
G1 X80 Y146.6 E437.88374
G1 X79.575 Y146.425 E437.91431
G1 X79.4 Y146.089 E437.93951
G1 X79.4 Y74 E442.73489
G1 X79.575 Y73.575 E442.76546
G1 X79.911 Y73.4 E442.79066
G1 X105.88 Y73.4 E444.51813
G1 X105.48 Y73 E444.55576
G1 X105.48 Y72.6 E444.58237
G1 X78.601 Y72.601 E446.37037
G1 X78.601 Y147.399 E451.34595
G1 X110 Y147.4 E453.43462
G0 F12000 X110 Y147.8
;TYPE:WALL-OUTER
G1 F2400 X141.8 Y147.8 E455.54996
G1 X141.8 Y72.2 E460.5789
G1 X114.12 Y72.2 E462.42018
G1 X114.116 Y73.001 E462.47346
G1 F2123.9 X113.96 Y73.249 E462.49548
G1 F1912.4 X112.878 Y73.25 E462.58581
G1 F1920 X112.878 Y73.75 E462.62739
G1 F1912.4 X114.003 Y73.748 E462.72131
G1 F2123.9 X114.916 Y73.8 E462.79004
G1 F2400 X140 Y73.8 E464.45864
G1 X140.142 Y73.858 E464.46884
G1 X140.2 Y74 E464.47905
G1 X140.198 Y146.035 E469.27083
G1 X140.142 Y146.142 E469.27887
G1 X140.035 Y146.198 E469.2869
G1 X80 Y146.2 E473.28045
G1 X79.858 Y146.142 E473.29065
G1 X79.802 Y146.035 E473.29868
G1 X79.8 Y74 E478.09047
G1 X79.858 Y73.858 E478.10067
G1 X79.965 Y73.802 E478.10871
G1 X105.08 Y73.8 E479.77936
G1 F2133.3 X106.08 Y73.75 E479.85429
G1 F1920 X107.118 Y73.75 E479.9406
G1 X107.118 Y73.25 E479.98218
G1 X106.08 Y73.25 E480.06849
G1 F2133.3 X105.88 Y73 E480.09245
G1 F2400 X105.88 Y72.2 E480.14566
G1 X78.201 Y72.201 E481.98688
G1 X78.201 Y147.799 E487.01568
G1 X110 Y147.8 E489.13095
G1 F2700 E484.13095
;MESH:NONMESH
G0 F300 Z25.4
G0 F12000 X110 Y147.09
G0 X79.162 Y146.838
G0 X79.162 Y73.162
G0 X79.826 Y73.007
;TIME_ELAPSED:5413.088115
;LAYER:63
;TYPE:WALL-INNER
;MESH:tank_trainer_body.stl
G1 F2700 E489.13095
G1 F2352.9 X80 Y73 E489.14277
G1 F2400 X105.184 Y73 E490.81802
G1 F2700 E485.81802
G0 F12000 X79.162 Y73.162
G0 X79.162 Y146.838
G0 X140.838 Y146.838
G0 X140.838 Y73.162
G0 X114.812 Y73
G1 F2700 E490.81802
G1 F2400 X140 Y73 E492.49353
G0 F12000 X140.838 Y73.162
G0 X141 Y74
G1 F2487 X141.014 Y72.986 E492.55863
G1 X140 Y73 E492.62372
G1 X140.697 Y73.303 E492.67251
G1 X141 Y74 E492.7213
G1 F2400 X141 Y146 E497.51076
G1 F2358.7 X140.993 Y146.174 E497.52254
G0 F12000 X140.838 Y146.838
G0 X140.174 Y146.993
G1 F2436.5 X141.014 Y147.014 E497.5776
G1 F2442.7 X140.993 Y146.174 E497.63252
G1 X140.697 Y146.697 E497.67179
G1 F2436.5 X140.174 Y146.993 E497.71117
G1 F2352.9 X140 Y147 E497.72298
G1 F2400 X80 Y147 E501.7142
G1 F2487 X79.303 Y146.697 E501.76299
G1 F2436.5 X79.007 Y146.174 E501.80236
G1 X78.986 Y147.014 E501.85742
G1 F2487 X80 Y147 E501.92251
G0 F12000 X79.162 Y146.838
G0 X79.007 Y146.174
G1 F2352.9 X79 Y146 E501.93433
G1 F2400 X79 Y74 E506.72379
G1 F2487 X79.303 Y73.303 E506.77258
G1 F2436.5 X79.826 Y73.007 E506.81195
G1 X78.986 Y72.986 E506.86701
G1 F2487 X79 Y74 E506.93211
G1 F2700 E501.93211
G0 F12000 X79.162 Y146.838
G0 X110 Y147.09
G0 X110 Y147.4
G1 F2700 E506.93211
G1 F2400 X141.4 Y147.4 E509.02084
G1 X141.4 Y72.6 E513.99656
G1 X114.412 Y72.6 E515.79181
G1 X114.412 Y73 E515.81842
G1 X114.075 Y73.401 E515.85326
G1 X140 Y73.4 E517.5778
G1 X140.424 Y73.576 E517.60833
G1 X140.6 Y74 E517.63887
G1 X140.6 Y146.089 E522.43425
G1 X140.424 Y146.424 E522.45943
G1 X140.089 Y146.6 E522.4846
G1 X80 Y146.6 E526.48173
G1 X79.575 Y146.425 E526.51231
G1 X79.4 Y146.089 E526.53751
G1 X79.4 Y74 E531.33289
G1 X79.575 Y73.575 E531.36346
G1 X79.911 Y73.4 E531.38866
G1 X105.984 Y73.4 E533.12305
G1 X105.584 Y73 E533.16068
G1 X105.584 Y72.6 E533.18728
G1 X78.601 Y72.601 E534.9822
G1 X78.601 Y147.399 E539.95778
G1 X110 Y147.4 E542.04645
G0 F12000 X110 Y147.8
;TYPE:WALL-OUTER
G1 F2400 X141.8 Y147.8 E544.1618
G1 X141.8 Y72.2 E549.19073
G1 X114.012 Y72.2 E551.0392
G1 X114.012 Y73 E551.09241
G1 F2123.9 X113.856 Y73.249 E551.1145
G1 F1912.4 X112.722 Y73.25 E551.20917
G1 F1920 X112.722 Y73.75 E551.25074
G1 F1912.4 X113.899 Y73.748 E551.349
G1 F2123.9 X114.812 Y73.8 E551.41774
G1 F2400 X140 Y73.8 E553.09326
G1 X140.142 Y73.858 E553.10346
G1 X140.2 Y74 E553.11366
G1 X140.198 Y146.035 E557.90545
G1 X140.142 Y146.142 E557.91348
G1 X140.035 Y146.198 E557.92152
G1 X80 Y146.2 E561.91506
G1 X79.858 Y146.142 E561.92526
G1 X79.802 Y146.035 E561.9333
G1 X79.8 Y74 E566.72509
G1 X79.858 Y73.858 E566.73529
G1 X79.965 Y73.802 E566.74332
G1 X105.184 Y73.8 E568.4209
G1 F2133.3 X106.184 Y73.75 E568.49583
G1 F1920 X107.274 Y73.75 E568.58646
G1 X107.274 Y73.25 E568.62804
G1 X106.184 Y73.25 E568.71867
G1 F2133.3 X105.984 Y73 E568.74263
G1 F2400 X105.984 Y72.2 E568.79584
G1 X78.201 Y72.201 E570.64398
G1 X78.201 Y147.799 E575.67278
G1 X110 Y147.8 E577.78805
G1 F2700 E572.78805
;MESH:NONMESH
G0 F300 Z25.8
G0 F12000 X110 Y147.09
G0 X79.162 Y146.838
G0 X79.162 Y73.162
G0 X79.826 Y73.007
;TIME_ELAPSED:5455.579351
;LAYER:64
;TYPE:WALL-INNER
;MESH:tank_trainer_body.stl
G1 F2700 E577.78805
G1 F2352.9 X80 Y73 E577.79987
G1 F2400 X105.332 Y73 E579.48496
G1 F2700 E574.48496
G0 F12000 X79.162 Y73.162
G0 X79.162 Y146.838
G0 X140.838 Y146.838
G0 X140.838 Y73.162
G0 X114.664 Y73
G1 F2700 E579.48496
G1 F2400 X140 Y73 E581.17032
G0 F12000 X140.838 Y73.162
G0 X141 Y74
G1 F2487 X141.014 Y72.986 E581.23542
G1 X140 Y73 E581.30051
G1 X140.697 Y73.303 E581.3493
G1 X141 Y74 E581.39809
G1 F2400 X141 Y146 E586.18755
G1 F2358.7 X140.993 Y146.174 E586.19933
G0 F12000 X140.838 Y146.838
G0 X140.174 Y146.993
G1 F2436.5 X141.014 Y147.014 E586.25439
G1 F2442.7 X140.993 Y146.174 E586.3093
G1 X140.697 Y146.697 E586.34858
G1 F2436.5 X140.174 Y146.993 E586.38796
G1 F2352.9 X140 Y147 E586.39977
G1 F2400 X80 Y147 E590.39099
G1 F2487 X79.303 Y146.697 E590.43978
G1 F2436.5 X79.007 Y146.174 E590.47915
G1 X78.986 Y147.014 E590.53421
G1 F2487 X80 Y147 E590.5993
G0 F12000 X79.162 Y146.838
G0 X79.007 Y146.174
G1 F2352.9 X79 Y146 E590.61112
G1 F2400 X79 Y74 E595.40058
G1 F2487 X79.303 Y73.303 E595.44937
G1 F2436.5 X79.826 Y73.007 E595.48874
G1 X78.986 Y72.986 E595.5438
G1 F2487 X79 Y74 E595.6089
G1 F2700 E590.6089
G0 F12000 X79.162 Y146.838
G0 X110 Y147.09
G0 X110 Y147.4
G1 F2700 E595.6089
G1 F2400 X141.4 Y147.4 E597.69763
G1 X141.4 Y72.6 E602.67335
G1 X114.264 Y72.6 E604.47844
G1 X114.264 Y73 E604.50505
G1 X113.927 Y73.401 E604.53989
G1 X140 Y73.4 E606.27428
G1 X140.424 Y73.576 E606.30481
G1 X140.6 Y74 E606.33535
G1 X140.6 Y146.089 E611.13073
G1 X140.424 Y146.424 E611.1559
G1 X140.089 Y146.6 E611.18108
G1 X80 Y146.6 E615.17821
G1 X79.575 Y146.425 E615.20879
G1 X79.4 Y146.089 E615.23399
G1 X79.4 Y74 E620.02937
G1 X79.575 Y73.575 E620.05994
G1 X79.911 Y73.4 E620.08514
G1 X106.132 Y73.4 E621.82937
G1 X105.732 Y73 E621.867
G1 X105.732 Y72.6 E621.89361
G1 X78.601 Y72.601 E623.69837
G1 X78.601 Y147.399 E628.67395
G1 X110 Y147.4 E630.76262
G0 F12000 X110 Y147.8
;TYPE:WALL-OUTER
G1 F2400 X141.8 Y147.8 E632.87797
G1 X141.8 Y72.2 E637.9069
G1 X113.864 Y72.2 E639.76521
G1 X113.864 Y73 E639.81843
G1 F2123.9 X113.708 Y73.249 E639.84051
G1 F1912.4 X112.482 Y73.25 E639.94286
G1 F1920 X112.482 Y73.75 E639.98444
G1 F1912.4 X113.751 Y73.748 E640.09038
G1 F2123.9 X114.664 Y73.8 E640.15912
G1 F2400 X140 Y73.8 E641.84448
G1 X140.142 Y73.858 E641.85468
G1 X140.2 Y74 E641.86488
G1 X140.198 Y146.035 E646.65667
G1 X140.142 Y146.142 E646.6647
G1 X140.035 Y146.198 E646.67274
G1 X80 Y146.2 E650.66628
G1 X79.858 Y146.142 E650.67648
G1 X79.802 Y146.035 E650.68452
G1 X79.8 Y74 E655.47631
G1 X79.858 Y73.858 E655.48651
G1 X79.965 Y73.802 E655.49454
G1 X105.332 Y73.8 E657.18196
G1 F2133.3 X106.332 Y73.75 E657.25689
G1 F1920 X107.514 Y73.75 E657.35518
G1 X107.514 Y73.25 E657.39675
G1 X106.332 Y73.25 E657.49503
G1 F2133.3 X106.132 Y73 E657.51899
G1 F2400 X106.132 Y72.2 E657.57221
G1 X78.201 Y72.201 E659.43019
G1 X78.201 Y147.799 E664.45899
G1 X110 Y147.8 E666.57426
G1 F2700 E661.57426
;MESH:NONMESH
G0 F300 Z26.2
G0 F12000 X110 Y147.09
G0 X79.162 Y146.838
G0 X79.162 Y73.162
G0 X82.826 Y73.007
;TIME_ELAPSED:5498.221504
;LAYER:65
;TYPE:WALL-INNER
;MESH:tank_trainer_body.stl
G1 F2700 E666.57426
G1 F2352.9 X83 Y73 E666.58608
G1 F2400 X105.536 Y73 E668.08518
G1 F2700 E663.08518
G0 F12000 X78.838 Y72.838
G0 X78.838 Y147.162
G0 X141.162 Y147.162
G0 X141.162 Y72.838
G0 X114.46 Y73
G1 F2700 E668.08518
G1 F2400 X136.996 Y73 E669.58428
G0 F12000 X137.837 Y73.163
G0 X138.571 Y80.428
G0 X140.6 Y80.754
G1 F2400 X140.6 Y73.4 E670.07347
G1 X138.197 Y73.4 E670.23332
G1 X138.396 Y73.999 E670.27531
G1 X138.399 Y80.6 E670.71441
G1 X140 Y80.6 E670.82091
G1 X140.54 Y80.706 E670.85751
G1 X140.6 Y80.754 E670.86262
G0 F12000 X140.793 Y81.084
G0 X141 Y82
G1 F2400 X141 Y73 E671.46131
G1 X136.996 Y73 E671.72765
G1 X137.796 Y73.4 E671.78715
G1 X137.996 Y73.999 E671.82916
G1 X138 Y81 E672.29487
G1 X140 Y81 E672.42791
G1 X140.386 Y81.076 E672.45408
G1 X140.801 Y81.399 E672.48906
G1 X141 Y82 E672.53117
G1 X141 Y106 E674.12766
G1 F2358.7 X140.993 Y106.174 E674.13945
G0 F12000 X140.6 Y112.754
G1 F2400 X140.6 Y107.246 E674.50584
G1 X140.54 Y107.293 E674.51091
G1 X140 Y107.4 E674.54753
G1 X138.398 Y107.4 E674.65409
G1 X138.399 Y112.6 E675
G1 X140 Y112.6 E675.1065
G1 X140.54 Y112.706 E675.14311
G1 X140.6 Y112.754 E675.14822
G0 F12000 X140.793 Y113.085
G0 X141 Y114
G1 F2400 X141 Y106.666 E675.63608
G1 F2358.7 X140.993 Y106.174 E675.66938
G1 X140.802 Y106.6 E675.70098
G1 F2400 X140.386 Y106.924 E675.73605
G1 X140 Y107 E675.76222
G1 X137.997 Y107 E675.89546
G1 X138 Y113 E676.29459
G1 X140 Y113 E676.42763
G1 X140.386 Y113.076 E676.4538
G1 X140.801 Y113.399 E676.48878
G1 X141 Y114 E676.53089
G1 X141 Y146 E678.65954
G1 F2358.7 X140.993 Y146.174 E678.67133
G0 F12000 X140.838 Y146.838
G0 X140.174 Y146.993
G1 F2436.5 X141.014 Y147.014 E678.72638
G1 F2442.7 X140.993 Y146.174 E678.7813
G1 X140.697 Y146.697 E678.82058
G1 F2436.5 X140.174 Y146.993 E678.85995
G1 F2352.9 X140 Y147 E678.87177
G1 F2400 X80 Y147 E682.86298
G1 F2487 X79.303 Y146.697 E682.91177
G1 F2436.5 X79.007 Y146.174 E682.95115
G1 X78.986 Y147.014 E683.0062
G1 F2487 X80 Y147 E683.0713
G0 F12000 X79.162 Y146.838
G0 X79.007 Y146.174
G1 F2352.9 X79 Y146 E683.08311
G1 F2400 X79 Y114 E685.21176
G0 F12000 X79.146 Y113.246
G0 X79.4 Y112.8
G1 F2400 X79.997 Y112.6 E685.25365
G1 X81.599 Y112.598 E685.36021
G1 X81.597 Y107.398 E685.70612
G1 X79.997 Y107.396 E685.81255
G1 X79.4 Y107.196 E685.85443
G1 X79.4 Y112.8 E686.22721
G0 F12000 X79.207 Y113.093
G0 X79 Y114
G1 F2400 X79.399 Y113.2 E686.28668
G1 X79.998 Y113 E686.32869
G1 X81.999 Y112.997 E686.46179
G1 X81.996 Y106.999 E686.86078
G1 X79.998 Y106.996 E686.99369
G1 X79.398 Y106.796 E687.03576
G1 F2352.9 X79.007 Y106.17 E687.08584
G1 X79 Y106.994 E687.14175
G1 F2400 X79 Y114 E687.60779
G0 F12000 X79.007 Y106.17
G1 F2352.9 X79 Y105.996 E687.61961
G1 F2400 X79 Y82 E689.21583
G0 F12000 X79.146 Y81.246
G0 X79.4 Y80.8
G1 F2400 X79.997 Y80.6 E689.25771
G1 X81.6 Y80.597 E689.36434
G1 X81.6 Y74 E689.80318
G1 X81.707 Y73.46 E689.83979
G1 X81.755 Y73.4 E689.84491
G1 X79.4 Y73.4 E690.00156
G1 X79.4 Y80.8 E690.49381
G0 F12000 X79.207 Y81.093
G0 X79 Y82
G1 F2400 X79.399 Y81.2 E690.55328
G1 X79.998 Y81 E690.59529
G1 X82 Y80.997 E690.72846
G1 X82 Y74 E691.1939
G1 X82.076 Y73.614 E691.22007
G1 X82.401 Y73.199 E691.25514
G1 F2352.9 X82.826 Y73.007 E691.28678
G1 X82.334 Y72.999 E691.32017
G1 F2400 X79 Y73 E691.54195
G1 X79 Y82 E692.14063
G1 F2700 E687.14063
G0 F12000 X79.162 Y106.837
G0 X79.162 Y146.838
G0 X110 Y147.09
G0 X110 Y147.4
G1 F2700 E692.14063
G1 F2400 X141.4 Y147.4 E694.22936
G1 X141.4 Y72.6 E699.20508
G1 X114.06 Y72.6 E701.02374
G1 X114.06 Y73 E701.05035
G1 X113.723 Y73.401 E701.0852
G1 X136.996 Y73.4 E702.63332
G1 X137.476 Y73.64 E702.66902
G1 X137.596 Y73.999 E702.6942
G1 X137.6 Y81.4 E703.18652
G1 X140 Y81.4 E703.34617
G1 X140.232 Y81.445 E703.36189
G1 X140.481 Y81.639 E703.38288
G1 X140.6 Y82 E703.40817
G1 X140.6 Y106.085 E705.01031
G1 X140.482 Y106.36 E705.03021
G1 X140.232 Y106.554 E705.05126
G1 X140 Y106.6 E705.067
G1 X137.597 Y106.6 E705.22685
G1 X137.6 Y113.4 E705.67918
G1 X140 Y113.4 E705.83883
G1 X140.232 Y113.445 E705.85455
G1 X140.481 Y113.639 E705.87555
G1 X140.6 Y114 E705.90084
G1 X140.6 Y146.089 E708.0354
G1 X140.424 Y146.424 E708.06058
G1 X140.089 Y146.6 E708.08575
G1 X80 Y146.6 E712.08289
G1 X79.575 Y146.425 E712.11346
G1 X79.4 Y146.089 E712.13866
G1 X79.4 Y114 E714.27323
G1 X79.639 Y113.52 E714.3089
G1 X79.999 Y113.4 E714.33414
G1 X82.399 Y113.396 E714.49379
G1 X82.396 Y106.6 E714.94586
G1 X79.999 Y106.596 E715.10531
G1 X79.639 Y106.476 E715.13055
G1 X79.4 Y106.087 E715.16092
G1 X79.4 Y82 E716.7632
G1 X79.639 Y81.52 E716.79887
G1 X79.999 Y81.4 E716.82411
G1 X82.4 Y81.396 E716.98382
G1 X82.4 Y74 E717.47581
G1 X82.446 Y73.768 E717.49154
G1 X82.64 Y73.519 E717.51254
G1 X82.914 Y73.4 E717.53241
G1 X106.336 Y73.4 E719.09045
G1 X105.936 Y73 E719.12808
G1 X105.936 Y72.6 E719.15469
G1 X78.6 Y72.6 E720.97308
G1 X78.601 Y147.399 E725.94873
G1 X110 Y147.4 E728.0374
G0 F12000 X110 Y147.8
;TYPE:WALL-OUTER
G1 F2400 X141.8 Y147.8 E730.15275
G1 X141.8 Y72.2 E735.18168
G1 X113.66 Y72.2 E737.05356
G1 X113.66 Y73 E737.10678
G1 F2123.9 X113.504 Y73.249 E737.12886
G1 F1912.4 X112.134 Y73.25 E737.24324
G1 F1920 X112.134 Y73.75 E737.28481
G1 F1912.4 X113.547 Y73.748 E737.40277
G1 F2123.9 X114.46 Y73.8 E737.47151
G1 F2400 X136.996 Y73.8 E738.97061
G1 X137.156 Y73.88 E738.98251
G1 X137.196 Y73.999 E738.99086
G1 X137.2 Y81.8 E739.50979
G1 X140.059 Y81.8 E739.69997
G1 X140.161 Y81.879 E739.70855
G1 X140.2 Y82 E739.71701
G1 X140.198 Y106.035 E741.31582
G1 X140.161 Y106.12 E741.32199
G1 X140.059 Y106.2 E741.33061
G1 X137.197 Y106.2 E741.52099
G1 X137.2 Y113.8 E742.02655
G1 X140.059 Y113.8 E742.21673
G1 X140.161 Y113.879 E742.22531
G1 X140.2 Y114 E742.23377
G1 X140.198 Y146.035 E744.36474
G1 X140.142 Y146.142 E744.37278
G1 X140.035 Y146.198 E744.38081
G1 X80 Y146.2 E748.37436
G1 X79.858 Y146.142 E748.38456
G1 X79.802 Y146.035 E748.39259
G1 X79.8 Y114 E750.52357
G1 X79.879 Y113.84 E750.53544
G1 X79.999 Y113.8 E750.54385
G1 X82.799 Y113.796 E750.73011
G1 X82.796 Y106.2 E751.2354
G1 X79.999 Y106.196 E751.42146
G1 X79.879 Y106.156 E751.42987
G1 X79.802 Y106.031 E751.43964
G1 X79.8 Y82 E753.03819
G1 X79.879 Y81.84 E753.05006
G1 X79.999 Y81.8 E753.05847
G1 X82.8 Y81.796 E753.24479
G1 X82.8 Y73.941 E753.76731
G1 X82.88 Y73.839 E753.77593
G1 X82.965 Y73.802 E753.7821
G1 X105.536 Y73.8 E755.28353
G1 F2133.3 X106.536 Y73.75 E755.35846
G1 F1920 X107.862 Y73.75 E755.46871
G1 X107.862 Y73.25 E755.51029
G1 X106.536 Y73.25 E755.62055
G1 F2133.3 X106.336 Y73 E755.64451
G1 F2400 X106.336 Y72.2 E755.69772
G1 X78.2 Y72.2 E757.56934
G1 X78.201 Y147.799 E762.5982
G1 X110 Y147.8 E764.71348
G1 F2700 E759.71348
G0 F12000 X110 Y147.09
G0 X140.838 Y146.838
G0 X140.838 Y113.163
G0 X140.5 Y112.284
G0 X140.24 Y112.284
;TYPE:SKIN
G1 F2700 E764.71348
G1 F2400 X140.031 Y112.243 E764.72765
G1 X138.756 Y112.24 E764.81246
G1 X138.756 Y107.76 E765.11047
G1 X140.031 Y107.757 E765.19529
G1 X140.24 Y107.716 E765.20945
G1 X140.24 Y112.284 E765.51332
G0 F12000 X139.687 Y112.043
G1 F2400 X140.04 Y111.69 E765.54653
G0 F12000 X140.04 Y111.125
G1 F2400 X139.123 Y112.041 E765.63275
G0 F12000 X138.956 Y111.643
G1 F2400 X140.04 Y110.559 E765.73472
G0 F12000 X140.04 Y109.993
G1 F2400 X138.956 Y111.077 E765.8367
G0 F12000 X138.956 Y110.512
G1 F2400 X140.04 Y109.428 E765.93867
G0 F12000 X140.04 Y108.862
G1 F2400 X138.956 Y109.946 E766.04065
G0 F12000 X138.956 Y109.38
G1 F2400 X140.04 Y108.296 E766.14263
G0 F12000 X139.813 Y107.957
G1 F2400 X138.956 Y108.815 E766.22329
G0 F12000 X138.956 Y108.249
G1 F2400 X139.246 Y107.959 E766.25058
G0 F12000 X139.246 Y107.5
G0 X140.838 Y106.838
G0 X140.838 Y81.162
G0 X140.5 Y80.284
G0 X140.24 Y80.284
G1 F2400 X140.031 Y80.243 E766.26474
G1 X138.756 Y80.24 E766.34956
G1 X138.756 Y74.004 E766.76438
G1 X138.686 Y73.76 E766.78126
G1 X140.24 Y73.76 E766.88464
G1 X140.24 Y80.284 E767.31861
G0 F12000 X139.444 Y80.042
G1 F2400 X140.04 Y79.446 E767.37468
G0 F12000 X140.04 Y78.88
G1 F2400 X138.956 Y79.964 E767.47666
G0 F12000 X138.956 Y79.398
G1 F2400 X140.04 Y78.314 E767.57863
G0 F12000 X140.04 Y77.749
G1 F2400 X138.956 Y78.833 E767.68061
G0 F12000 X138.955 Y78.268
G1 F2400 X140.04 Y77.183 E767.78268
G0 F12000 X140.04 Y76.617
G1 F2400 X138.954 Y77.703 E767.88484
G0 F12000 X138.954 Y77.138
G1 F2400 X140.04 Y76.051 E767.98706
G0 F12000 X140.04 Y75.486
G1 F2400 X138.953 Y76.573 E768.08931
G0 F12000 X138.953 Y76.008
G1 F2400 X140.04 Y74.92 E768.19162
G0 F12000 X140.04 Y74.354
G1 F2400 X138.952 Y75.443 E768.29402
G0 F12000 X138.951 Y74.878
G1 F2400 X139.869 Y73.96 E768.38038
G0 F12000 X139.304 Y73.96
G1 F2400 X138.951 Y74.313 E768.41359
G1 F2700 E763.41359
G0 F12000 X138.496 Y74.313
G0 X137.839 Y81.162
G0 X140.838 Y81.162
G0 X140.838 Y146.838
G0 X79.162 Y146.838
G0 X79.162 Y113.162
G0 X79.162 Y81.162
G0 X79.5 Y80.31
G0 X79.76 Y80.31
G1 F2700 E768.41359
G1 F2400 X79.76 Y73.76 E768.84929
G1 X81.284 Y73.76 E768.95067
G1 X81.243 Y73.965 E768.96458
G1 X81.24 Y80.236 E769.38173
G1 X80.003 Y80.24 E769.46401
G1 X79.76 Y80.31 E769.48083
G0 F12000 X79.5 Y80.31
G0 X79.577 Y80.565
G0 X81.428 Y80.425
G0 X81.5 Y79.615
G0 X81.04 Y79.615
G1 F2400 X80.614 Y80.041 E769.52091
G0 F12000 X80.043 Y80.046
G1 F2400 X81.04 Y79.049 E769.6147
G0 F12000 X81.041 Y78.482
G1 F2400 X79.96 Y79.563 E769.71639
G0 F12000 X79.96 Y78.997
G1 F2400 X81.041 Y77.917 E769.81804
G0 F12000 X81.042 Y77.35
G1 F2400 X79.96 Y78.432 E769.91983
G0 F12000 X79.96 Y77.866
G1 F2400 X81.042 Y76.785 E770.02157
G0 F12000 X81.042 Y76.218
G1 F2400 X79.96 Y77.3 E770.12336
G0 F12000 X79.96 Y76.735
G1 F2400 X81.042 Y75.653 E770.22515
G0 F12000 X81.043 Y75.086
G1 F2400 X79.96 Y76.169 E770.32703
G0 F12000 X79.96 Y75.603
G1 F2400 X81.043 Y74.521 E770.42886
G0 F12000 X81.038 Y73.96
G1 F2400 X79.96 Y75.037 E770.53023
G0 F12000 X79.96 Y74.472
G1 F2400 X80.472 Y73.96 E770.57839
G1 F2700 E765.57839
G0 F12000 X80.472 Y73.5
G0 X79.572 Y73.572
G0 X79.162 Y81.162
G0 X79.162 Y106.837
G0 X79.5 Y112.31
G0 X79.76 Y112.31
G1 F2700 E770.57839
G1 F2400 X79.76 Y107.684 E770.88612
G1 X79.967 Y107.756 E770.9007
G1 X81.236 Y107.756 E770.98511
G1 X81.236 Y112.236 E771.28312
G1 X80.003 Y112.24 E771.36514
G1 X79.76 Y112.31 E771.38196
G0 F12000 X79.5 Y112.31
G0 X79.577 Y112.565
G0 X81.427 Y112.426
G0 X81.499 Y111.863
G0 X81.036 Y111.863
G1 F2400 X80.86 Y112.039 E771.39852
G0 F12000 X80.289 Y112.044
G1 F2400 X81.036 Y111.297 E771.46879
G0 F12000 X81.036 Y110.732
G1 F2400 X79.96 Y111.807 E771.56997
G0 F12000 X79.96 Y111.241
G1 F2400 X81.036 Y110.166 E771.67115
G0 F12000 X81.036 Y109.6
G1 F2400 X79.96 Y110.676 E771.77237
G0 F12000 X79.96 Y110.11
G1 F2400 X81.036 Y109.034 E771.87359
G0 F12000 X81.036 Y108.469
G1 F2400 X79.96 Y109.544 E771.97477
G0 F12000 X79.96 Y108.979
G1 F2400 X80.983 Y107.956 E772.07101
G0 F12000 X80.417 Y107.956
G1 F2400 X79.96 Y108.413 E772.114
G0 F12000 X79.21 Y108.413
G1 F2700 E767.114
;MESH:NONMESH
G0 F300 Z26.6
G0 F12000 X79.162 Y106.837
G0 X79.162 Y81.162
G0 X82.163 Y81.161
G0 X82.163 Y73.162
G0 X83.226 Y73.007
;TIME_ELAPSED:5561.764105
;LAYER:66
;TYPE:WALL-INNER
;MESH:tank_trainer_body.stl
G1 F2700 E772.114
G1 F2352.9 X83.4 Y73 E772.12581
G1 F2400 X105.8 Y73 E773.61587
G1 F2700 E768.61587
G0 F12000 X78.838 Y72.838
G0 X78.838 Y147.162
G0 X141.162 Y147.162
G0 X141.162 Y72.838
G0 X114.196 Y73
G1 F2700 E773.61587
G1 F2400 X136.6 Y73 E775.10619
G0 F12000 X137.438 Y73.162
G0 X138.172 Y80.428
G0 X140.6 Y80.754
G1 F2400 X140.6 Y73.4 E775.59538
G1 X137.845 Y73.4 E775.77864
G1 X137.893 Y73.461 E775.7838
G1 X138 Y74 E775.82036
G1 X138 Y80.6 E776.25939
G1 X140 Y80.6 E776.39243
G1 X140.54 Y80.706 E776.42904
G1 X140.6 Y80.754 E776.43415
G0 F12000 X140.793 Y81.084
G0 X141 Y82
G1 F2400 X141 Y73 E777.03283
G1 X136.6 Y73 E777.32552
G1 X137.201 Y73.199 E777.36764
G1 X137.524 Y73.615 E777.40267
G1 X137.6 Y74 E777.42877
G1 X137.6 Y81 E777.89442
G1 X140 Y81 E778.05407
G1 X140.386 Y81.076 E778.08023
G1 X140.801 Y81.399 E778.11522
G1 X141 Y82 E778.15733
G1 X141 Y106 E779.75382
G1 F2358.7 X140.993 Y106.174 E779.7656
G0 F12000 X140.6 Y112.754
G1 F2400 X140.6 Y107.246 E780.132
G1 X140.54 Y107.293 E780.13707
G1 X140 Y107.4 E780.17369
G1 X138 Y107.4 E780.30673
G1 X138 Y112.6 E780.65263
G1 X140 Y112.6 E780.78567
G1 X140.54 Y112.706 E780.82228
G1 X140.6 Y112.754 E780.82739
G0 F12000 X140.793 Y113.084
G0 X141 Y114
G1 F2400 X141 Y106.666 E781.31525
G1 F2358.7 X140.993 Y106.174 E781.34855
G1 X140.802 Y106.6 E781.38015
G1 F2400 X140.386 Y106.924 E781.41523
G1 X140 Y107 E781.4414
G1 X137.6 Y107 E781.60105
G1 X137.6 Y113 E782.00017
G1 X140 Y113 E782.15982
G1 X140.386 Y113.076 E782.18599
G1 X140.801 Y113.399 E782.22097
G1 X141 Y114 E782.26308
G1 X141 Y146 E784.39173
G1 F2358.7 X140.993 Y146.174 E784.40352
G0 F12000 X140.838 Y146.838
G0 X140.174 Y146.993
G1 F2436.5 X141.014 Y147.014 E784.45857
G1 F2442.7 X140.993 Y146.174 E784.51349
G1 X140.697 Y146.697 E784.55277
G1 F2436.5 X140.174 Y146.993 E784.59214
G1 F2352.9 X140 Y147 E784.60396
G1 F2400 X80 Y147 E788.59517
G1 F2487 X79.303 Y146.697 E788.64396
G1 F2436.5 X79.007 Y146.174 E788.68334
G1 X78.986 Y147.014 E788.73839
G1 F2487 X80 Y147 E788.80349
G0 F12000 X79.162 Y146.838
G0 X79.007 Y146.174
G1 F2352.9 X79 Y146 E788.8153
G1 F2400 X79 Y114 E790.94395
G0 F12000 X79.146 Y113.246
G0 X79.4 Y112.755
G1 F2400 X79.461 Y112.707 E790.94912
G1 X80 Y112.6 E790.98567
G1 X82 Y112.6 E791.11871
G1 X82 Y107.4 E791.46462
G1 X80 Y107.4 E791.59766
G1 X79.46 Y107.293 E791.63428
G1 X79.4 Y107.245 E791.63939
G1 X79.4 Y112.755 E792.00591
G0 F12000 X79.207 Y113.084
G0 X79 Y114
G1 F2400 X79.199 Y113.399 E792.04803
G1 X79.615 Y113.076 E792.08306
G1 X80 Y113 E792.10917
G1 X82.4 Y113 E792.26882
G1 X82.4 Y107 E792.66794
G1 X80 Y107 E792.82759
G1 X79.614 Y106.924 E792.85376
G1 X79.199 Y106.599 E792.88882
G1 F2352.9 X79.007 Y106.174 E792.92046
G1 X78.999 Y106.666 E792.95385
G1 F2400 X79 Y114 E793.44171
G0 F12000 X79.007 Y106.174
G1 F2352.9 X79 Y106 E793.45352
G1 F2400 X79 Y82 E795.05001
G0 F12000 X79.146 Y81.246
G0 X79.4 Y80.755
G1 F2400 X79.461 Y80.707 E795.05517
G1 X80 Y80.6 E795.09173
G1 X82 Y80.6 E795.22477
G1 X82 Y74 E795.6638
G1 X82.107 Y73.46 E795.70042
G1 X82.155 Y73.4 E795.70553
G1 X79.4 Y73.4 E795.8888
G1 X79.4 Y80.755 E796.37805
G0 F12000 X79.207 Y81.084
G0 X79 Y82
G1 F2400 X79.199 Y81.399 E796.42017
G1 X79.615 Y81.076 E796.4552
G1 X80 Y81 E796.48131
G1 X82.4 Y81 E796.64095
G1 X82.4 Y74 E797.1066
G1 X82.476 Y73.614 E797.13277
G1 X82.801 Y73.199 E797.16783
G1 F2352.9 X83.226 Y73.007 E797.19947
G1 X82.734 Y72.999 E797.23286
G1 F2400 X79 Y73 E797.48125
G1 X79 Y82 E798.07993
G1 F2700 E793.07993
G0 F12000 X79.162 Y106.838
G0 X79.162 Y146.838
G0 X110 Y147.09
G0 X110 Y147.4
G1 F2700 E798.07993
G1 F2400 X141.4 Y147.4 E800.16866
G1 X141.4 Y72.6 E805.14438
G1 X113.798 Y72.6 E806.98047
G1 X113.796 Y73.003 E807.00728
G1 X113.459 Y73.401 E807.04197
G1 X136.6 Y73.4 E808.58132
G1 X136.961 Y73.519 E808.6066
G1 X137.154 Y73.769 E808.62761
G1 X137.2 Y74 E808.64328
G1 X137.2 Y81.4 E809.13553
G1 X140 Y81.4 E809.32179
G1 X140.232 Y81.445 E809.33751
G1 X140.481 Y81.639 E809.3585
G1 X140.6 Y82 E809.38379
G1 X140.6 Y106.085 E810.98593
G1 X140.482 Y106.36 E811.00584
G1 X140.232 Y106.554 E811.02689
G1 X140 Y106.6 E811.04262
G1 X137.2 Y106.6 E811.22888
G1 X137.2 Y113.4 E811.68121
G1 X140 Y113.4 E811.86747
G1 X140.232 Y113.445 E811.88319
G1 X140.481 Y113.639 E811.90419
G1 X140.6 Y114 E811.92947
G1 X140.6 Y146.089 E814.06404
G1 X140.424 Y146.424 E814.08921
G1 X140.089 Y146.6 E814.11439
G1 X80 Y146.6 E818.11152
G1 X79.575 Y146.425 E818.1421
G1 X79.4 Y146.089 E818.1673
G1 X79.4 Y114 E820.30187
G1 X79.519 Y113.639 E820.32715
G1 X79.769 Y113.446 E820.34816
G1 X80 Y113.4 E820.36383
G1 X82.8 Y113.4 E820.55009
G1 X82.8 Y106.6 E821.00242
G1 X80 Y106.6 E821.18868
G1 X79.768 Y106.554 E821.20441
G1 X79.519 Y106.36 E821.22541
G1 X79.4 Y106.086 E821.24528
G1 X79.4 Y82 E822.84749
G1 X79.519 Y81.639 E822.87277
G1 X79.769 Y81.446 E822.89378
G1 X80 Y81.4 E822.90945
G1 X82.8 Y81.4 E823.09571
G1 X82.8 Y74 E823.58796
G1 X82.846 Y73.768 E823.60369
G1 X83.04 Y73.519 E823.62469
G1 X83.314 Y73.4 E823.64456
G1 X106.6 Y73.4 E825.19355
G1 X106.2 Y73 E825.23118
G1 X106.2 Y72.6 E825.25779
G1 X78.6 Y72.6 E827.09375
G1 X78.601 Y147.399 E832.0694
G1 X110 Y147.4 E834.15807
G0 F12000 X110 Y147.8
;TYPE:WALL-OUTER
G1 F2400 X141.8 Y147.8 E836.27341
G1 X141.8 Y72.2 E841.30234
G1 X113.4 Y72.2 E843.19152
G1 X113.396 Y73.001 E843.2448
G1 F2123.9 X113.24 Y73.249 E843.26683
G1 F1912.4 X111.59 Y73.25 E843.40457
G1 F1920 X111.59 Y73.75 E843.44615
G1 F1912.4 X113.283 Y73.748 E843.58749
G1 F2123.9 X114.196 Y73.8 E843.65622
G1 F2400 X136.6 Y73.8 E845.14654
G1 X136.721 Y73.839 E845.155
G1 X136.8 Y73.943 E845.16369
G1 X136.8 Y81.8 E845.68634
G1 X140.059 Y81.8 E845.90313
G1 X140.161 Y81.879 E845.91171
G1 X140.2 Y82 E845.92017
G1 X140.198 Y106.035 E847.51898
G1 X140.161 Y106.12 E847.52515
G1 X140.059 Y106.2 E847.53377
G1 X136.8 Y106.2 E847.75056
G1 X136.8 Y113.8 E848.25612
G1 X140.059 Y113.8 E848.4729
G1 X140.161 Y113.879 E848.48149
G1 X140.2 Y114 E848.48994
G1 X140.198 Y146.035 E850.62092
G1 X140.142 Y146.142 E850.62895
G1 X140.035 Y146.198 E850.63699
G1 X80 Y146.2 E854.63053
G1 X79.858 Y146.142 E854.64074
G1 X79.802 Y146.035 E854.64877
G1 X79.8 Y114 E856.77975
G1 X79.839 Y113.879 E856.7882
G1 X79.943 Y113.8 E856.79689
G1 X83.2 Y113.8 E857.01355
G1 X83.2 Y106.2 E857.5191
G1 X79.941 Y106.2 E857.73589
G1 X79.839 Y106.12 E857.74451
G1 X79.802 Y106.035 E857.75068
G1 X79.8 Y82 E859.3495
G1 X79.839 Y81.879 E859.35795
G1 X79.943 Y81.8 E859.36664
G1 X83.2 Y81.8 E859.5833
G1 X83.2 Y73.941 E860.10608
G1 X83.28 Y73.839 E860.1147
G1 X83.365 Y73.802 E860.12087
G1 X105.8 Y73.8 E861.61325
G1 F2133.3 X106.8 Y73.75 E861.68818
G1 F1920 X108.406 Y73.75 E861.82172
G1 X108.406 Y73.25 E861.86329
G1 X106.8 Y73.25 E861.99683
G1 F2133.3 X106.6 Y73 E862.02079
G1 F2400 X106.6 Y72.2 E862.07401
G1 X78.2 Y72.2 E863.96318
G1 X78.201 Y147.799 E868.99205
G1 X110 Y147.8 E871.10733
G1 F2700 E866.10733
G0 F12000 X110 Y147.09
G0 X79.162 Y146.838
G0 X79.162 Y113.162
G0 X81.919 Y113.083
G0 X81.9 Y112.24
G0 X81.64 Y112.24
;TYPE:SKIN
G1 F2700 E871.10733
G1 F2400 X79.96 Y112.243 E871.21908
G1 X79.76 Y112.283 E871.23265
G1 X79.76 Y107.716 E871.53645
G1 X79.965 Y107.757 E871.55035
G1 X81.64 Y107.76 E871.66178
G1 X81.64 Y112.24 E871.95979
G0 F12000 X81.9 Y112.24
G0 X80.363 Y112.5
G0 X80.363 Y112.042
G1 F2400 X79.96 Y111.639 E871.9977
G0 F12000 X79.96 Y111.073
G1 F2400 X80.928 Y112.04 E872.08872
G0 F12000 X81.44 Y111.987
G1 F2400 X79.96 Y110.507 E872.22795
G0 F12000 X79.96 Y109.942
G1 F2400 X81.44 Y111.422 E872.36717
G0 F12000 X81.44 Y110.856
G1 F2400 X79.96 Y109.376 E872.5064
G0 F12000 X79.96 Y108.81
G1 F2400 X81.44 Y110.29 E872.64563
G0 F12000 X81.44 Y109.725
G1 F2400 X79.96 Y108.245 E872.78486
G0 F12000 X80.238 Y107.957
G1 F2400 X81.44 Y109.159 E872.89794
G0 F12000 X81.44 Y108.593
G1 F2400 X80.805 Y107.958 E872.95768
G0 F12000 X81.372 Y107.96
G1 F2400 X81.44 Y108.028 E872.96407
G1 F2700 E867.96407
G0 F12000 X81.9 Y108.028
G0 X81.626 Y106.849
G0 X79.162 Y106.838
G0 X79.162 Y81.162
G0 X81.38 Y81.152
G0 X81.9 Y80.24
G0 X81.64 Y80.24
G1 F2700 E872.96407
G1 F2400 X79.96 Y80.243 E873.07583
G1 X79.76 Y80.283 E873.08939
G1 X79.76 Y73.76 E873.52331
G1 X81.684 Y73.76 E873.65129
G1 X81.643 Y73.965 E873.6652
G1 X81.64 Y80.24 E874.08261
G0 F12000 X81.9 Y80.24
G0 X80.042 Y80.5
G0 X80.042 Y80.042
G1 F2400 X79.96 Y79.96 E874.09033
G0 F12000 X79.96 Y79.394
G1 F2400 X80.607 Y80.042 E874.15124
G0 F12000 X81.172 Y80.04
G1 F2400 X79.96 Y78.828 E874.26526
G0 F12000 X79.96 Y78.263
G1 F2400 X81.441 Y79.744 E874.40458
G0 F12000 X81.441 Y79.178
G1 F2400 X79.96 Y77.697 E874.5439
G0 F12000 X79.96 Y77.131
G1 F2400 X81.442 Y78.613 E874.68332
G0 F12000 X81.442 Y78.048
G1 F2400 X79.96 Y76.566 E874.82274
G0 F12000 X79.96 Y76
G1 F2400 X81.442 Y77.483 E874.9622
G0 F12000 X81.442 Y76.917
G1 F2400 X79.96 Y75.434 E875.10167
G0 F12000 X79.96 Y74.868
G1 F2400 X81.443 Y76.352 E875.24123
G0 F12000 X81.443 Y75.786
G1 F2400 X79.96 Y74.303 E875.38074
G0 F12000 X80.182 Y73.96
G1 F2400 X81.443 Y75.221 E875.49937
G0 F12000 X81.444 Y74.656
G1 F2400 X80.748 Y73.96 E875.56484
G0 F12000 X81.314 Y73.96
G1 F2400 X81.444 Y74.09 E875.57707
G1 F2700 E870.57707
G0 F12000 X81.9 Y74.09
G0 X82.562 Y81.162
G0 X79.162 Y81.162
G0 X79.162 Y146.838
G0 X140.838 Y146.838
G0 X140.838 Y113.162
G0 X140.838 Y81.162
G0 X138.084 Y81.162
G0 X138.1 Y80.24
G0 X138.36 Y80.24
G1 F2700 E875.57707
G1 F2400 X138.36 Y74 E875.99216
G1 X138.314 Y73.76 E876.00841
G1 X140.24 Y73.76 E876.13653
G1 X140.24 Y80.284 E876.57051
G1 X140.031 Y80.243 E876.58468
G1 X138.36 Y80.24 E876.69583
G0 F12000 X138.872 Y80.041
G1 F2400 X138.56 Y79.728 E876.72523
G0 F12000 X138.56 Y79.163
G1 F2400 X139.439 Y80.042 E876.80792
G0 F12000 X140.006 Y80.043
G1 F2400 X138.559 Y78.596 E876.94405
G0 F12000 X138.559 Y78.031
G1 F2400 X140.04 Y79.512 E877.08337
G0 F12000 X140.04 Y78.946
G1 F2400 X138.558 Y77.464 E877.22279
G0 F12000 X138.558 Y76.898
G1 F2400 X140.04 Y78.381 E877.36225
G0 F12000 X140.04 Y77.815
G1 F2400 X138.558 Y76.332 E877.50172
G0 F12000 X138.557 Y75.766
G1 F2400 X140.04 Y77.249 E877.64123
G0 F12000 X140.04 Y76.684
G1 F2400 X138.557 Y75.2 E877.78079
G0 F12000 X138.556 Y74.634
G1 F2400 X140.04 Y76.118 E877.92039
G0 F12000 X140.04 Y75.552
G1 F2400 X138.556 Y74.068 E878.06
G0 F12000 X139.014 Y73.961
G1 F2400 X140.04 Y74.987 E878.15652
G0 F12000 X140.04 Y74.421
G1 F2400 X139.58 Y73.961 E878.19979
G1 F2700 E873.19979
G0 F12000 X139.58 Y73.5
G0 X140.428 Y73.572
G0 X140.838 Y81.162
G0 X140.838 Y106.838
G0 X138.172 Y107.572
G0 X138.1 Y112.24
G0 X138.36 Y112.24
G1 F2700 E878.19979
G1 F2400 X138.36 Y107.76 E878.4978
G1 X140.031 Y107.757 E878.60896
G1 X140.24 Y107.716 E878.62313
G1 X140.24 Y112.284 E878.92699
G1 X140.031 Y112.243 E878.94116
G1 X138.36 Y112.24 E879.05231
G0 F12000 X138.56 Y111.972
G1 F2400 X138.628 Y112.04 E879.05871
G0 F12000 X139.195 Y112.042
G1 F2400 X138.56 Y111.407 E879.11845
G0 F12000 X138.56 Y110.841
G1 F2400 X139.762 Y112.043 E879.23152
G0 F12000 X140.04 Y111.756
G1 F2400 X138.56 Y110.275 E879.3708
G0 F12000 X138.56 Y109.71
G1 F2400 X140.04 Y111.19 E879.51003
G0 F12000 X140.04 Y110.625
G1 F2400 X138.56 Y109.144 E879.64931
G0 F12000 X138.56 Y108.578
G1 F2400 X140.04 Y110.059 E879.78858
G0 F12000 X140.04 Y109.493
G1 F2400 X138.56 Y108.013 E879.92781
G0 F12000 X139.072 Y107.959
G1 F2400 X140.04 Y108.928 E880.01892
G0 F12000 X140.04 Y108.362
G1 F2400 X139.636 Y107.958 E880.05693
G0 F12000 X139.636 Y107.21
G1 F2700 E875.05693
;MESH:NONMESH
G0 F300 Z27
G0 F12000 X137.438 Y106.838
G0 X137.438 Y113.162
G0 X140.838 Y113.162
G0 X140.838 Y146.838
G0 X79.162 Y146.838
G0 X79.162 Y81.162
G0 X82.562 Y81.162
G0 X82.563 Y73.162
G0 X83.626 Y73.007
;TIME_ELAPSED:5629.642317
;LAYER:67
;TYPE:WALL-INNER
;MESH:tank_trainer_body.stl
G1 F2700 E880.05693
G1 F2352.9 X83.8 Y73 E880.06874
G1 F2400 X106.144 Y73 E881.55507
G1 F2700 E876.55507
G0 F12000 X78.838 Y72.838
G0 X78.838 Y147.162
G0 X141.162 Y147.162
G0 X141.162 Y72.838
G0 X113.852 Y73
G1 F2700 E881.55507
G1 F2400 X136.2 Y73 E883.04167
G0 F12000 X137.038 Y73.162
G0 X137.772 Y80.428
G0 X140.6 Y80.754
G1 F2400 X140.6 Y73.4 E883.53086
G1 X137.445 Y73.4 E883.74073
G1 X137.493 Y73.461 E883.74589
G1 X137.6 Y74 E883.78245
G1 X137.6 Y80.6 E884.22148
G1 X140 Y80.6 E884.38113
G1 X140.54 Y80.706 E884.41774
G1 X140.6 Y80.754 E884.42285
G0 F12000 X140.793 Y81.084
G0 X141 Y82
G1 F2400 X141 Y73 E885.02153
G1 X136.2 Y73 E885.34083
G1 X136.801 Y73.199 E885.38294
G1 X137.124 Y73.615 E885.41797
G1 X137.2 Y74 E885.44408
G1 X137.2 Y81 E885.90972
G1 X140 Y81 E886.09598
G1 X140.386 Y81.076 E886.12215
G1 X140.801 Y81.399 E886.15713
G1 X141 Y82 E886.19924
G1 X141 Y106 E887.79573
G1 F2358.7 X140.993 Y106.174 E887.80752
G0 F12000 X140.6 Y112.754
G1 F2400 X140.6 Y107.246 E888.17391
G1 X140.54 Y107.293 E888.17898
G1 X140 Y107.4 E888.2156
G1 X137.6 Y107.4 E888.37525
G1 X137.6 Y112.6 E888.72115
G1 X140 Y112.6 E888.8808
G1 X140.54 Y112.706 E888.91741
G1 X140.6 Y112.754 E888.92252
G0 F12000 X140.793 Y113.084
G0 X141 Y114
G1 F2400 X141 Y106.666 E889.41038
G1 F2358.7 X140.993 Y106.174 E889.44368
G1 X140.802 Y106.6 E889.47528
G1 F2400 X140.386 Y106.924 E889.51036
G1 X140 Y107 E889.53653
G1 X137.2 Y107 E889.72278
G1 X137.2 Y113 E890.1219
G1 X140 Y113 E890.30816
G1 X140.386 Y113.076 E890.33433
G1 X140.801 Y113.399 E890.36931
G1 X141 Y114 E890.41143
G1 X141 Y146 E892.54008
G1 F2358.7 X140.993 Y146.174 E892.55186
G0 F12000 X140.838 Y146.838
G0 X140.174 Y146.993
G1 F2436.5 X141.014 Y147.014 E892.60692
G1 F2442.7 X140.993 Y146.174 E892.66183
G1 X140.697 Y146.697 E892.70111
G1 F2436.5 X140.174 Y146.993 E892.74049
G1 F2352.9 X140 Y147 E892.7523
G1 F2400 X80 Y147 E896.74352
G1 F2487 X79.303 Y146.697 E896.7923
G1 F2436.5 X79.007 Y146.174 E896.83168
G1 X78.986 Y147.014 E896.88674
G1 F2487 X80 Y147 E896.95183
G0 F12000 X79.162 Y146.838
G0 X79.007 Y146.174
G1 F2352.9 X79 Y146 E896.96365
G1 F2400 X79 Y114 E899.0923
G0 F12000 X79.146 Y113.246
G0 X79.4 Y112.755
G1 F2400 X79.461 Y112.707 E899.09746
G1 X80 Y112.6 E899.13402
G1 X82.4 Y112.6 E899.29366
G1 X82.4 Y107.4 E899.63957
G1 X80 Y107.4 E899.79922
G1 X79.46 Y107.293 E899.83584
G1 X79.4 Y107.245 E899.84095
G1 X79.4 Y112.755 E900.20748
G0 F12000 X79.207 Y113.084
G0 X79 Y114
G1 F2400 X79.199 Y113.399 E900.24959
G1 X79.615 Y113.076 E900.28462
G1 X80 Y113 E900.31073
G1 X82.8 Y113 E900.49698
G1 X82.8 Y107 E900.89611
G1 X80 Y107 E901.08236
G1 X79.614 Y106.924 E901.10853
G1 X79.199 Y106.599 E901.1436
G1 F2352.9 X79.007 Y106.174 E901.17524
G1 X78.999 Y106.666 E901.20863
G1 F2400 X79 Y114 E901.69649
G0 F12000 X79.007 Y106.174
G1 F2352.9 X79 Y106 E901.7083
G1 F2400 X79 Y82 E903.30479
G0 F12000 X79.146 Y81.246
G0 X79.4 Y80.755
G1 F2400 X79.461 Y80.707 E903.30995
G1 X80 Y80.6 E903.3465
G1 X82.4 Y80.6 E903.50615
G1 X82.4 Y74 E903.94519
G1 X82.507 Y73.46 E903.98181
G1 X82.555 Y73.4 E903.98692
G1 X79.4 Y73.4 E904.19679
G1 X79.4 Y80.755 E904.68605
G0 F12000 X79.207 Y81.084
G0 X79 Y82
G1 F2400 X79.199 Y81.399 E904.72816
G1 X79.615 Y81.076 E904.76319
G1 X80 Y81 E904.7893
G1 X82.8 Y81 E904.97555
G1 X82.8 Y74 E905.4412
G1 X82.876 Y73.614 E905.46737
G1 X83.201 Y73.199 E905.50243
G1 F2352.9 X83.626 Y73.007 E905.53407
G1 X83.134 Y72.999 E905.56746
G1 F2400 X79 Y73 E905.84245
G1 X79 Y82 E906.44114
G1 F2700 E901.44114
G0 F12000 X79.162 Y106.838
G0 X79.162 Y146.838
G0 X110 Y147.09
G0 X110 Y147.4
G1 F2700 E906.44114
G1 F2400 X141.4 Y147.4 E908.52987
G1 X141.4 Y72.6 E913.50559
G1 X113.452 Y72.6 E915.3647
G1 X113.452 Y73 E915.39131
G1 X113.115 Y73.401 E915.42615
G1 X136.2 Y73.4 E916.96177
G1 X136.561 Y73.519 E916.98706
G1 X136.754 Y73.769 E917.00806
G1 X136.8 Y74 E917.02373
G1 X136.8 Y81.4 E917.51598
G1 X140 Y81.4 E917.72885
G1 X140.232 Y81.445 E917.74457
G1 X140.481 Y81.639 E917.76557
G1 X140.6 Y82 E917.79085
G1 X140.6 Y106.085 E919.39299
G1 X140.482 Y106.36 E919.4129
G1 X140.232 Y106.554 E919.43395
G1 X140 Y106.6 E919.44968
G1 X136.8 Y106.6 E919.66254
G1 X136.8 Y113.4 E920.11488
G1 X140 Y113.4 E920.32775
G1 X140.232 Y113.445 E920.34347
G1 X140.481 Y113.639 E920.36446
G1 X140.6 Y114 E920.38975
G1 X140.6 Y146.089 E922.52432
G1 X140.424 Y146.424 E922.54949
G1 X140.089 Y146.6 E922.57466
G1 X80 Y146.6 E926.5718
G1 X79.575 Y146.425 E926.60237
G1 X79.4 Y146.089 E926.62757
G1 X79.4 Y114 E928.76214
G1 X79.519 Y113.639 E928.78743
G1 X79.769 Y113.446 E928.80844
G1 X80 Y113.4 E928.82411
G1 X83.2 Y113.4 E929.03697
G1 X83.2 Y106.6 E929.48931
G1 X80 Y106.6 E929.70217
G1 X79.768 Y106.554 E929.71791
G1 X79.519 Y106.36 E929.7389
G1 X79.4 Y106.086 E929.75878
G1 X79.4 Y82 E931.36098
G1 X79.519 Y81.639 E931.38627
G1 X79.769 Y81.446 E931.40728
G1 X80 Y81.4 E931.42294
G1 X83.2 Y81.4 E931.63581
G1 X83.2 Y74 E932.12806
G1 X83.246 Y73.768 E932.14379
G1 X83.44 Y73.519 E932.16479
G1 X83.714 Y73.4 E932.18466
G1 X106.944 Y73.4 E933.72993
G1 X106.544 Y73 E933.76756
G1 X106.544 Y72.6 E933.79416
G1 X78.6 Y72.6 E935.65301
G1 X78.601 Y147.399 E940.62866
G1 X110 Y147.4 E942.71733
G0 F12000 X110 Y147.8
;TYPE:WALL-OUTER
G1 F2400 X141.8 Y147.8 E944.83267
G1 X141.8 Y72.2 E949.8616
G1 X113.052 Y72.2 E951.77393
G1 X113.052 Y73 E951.82714
G1 F2123.9 X112.896 Y73.249 E951.84923
G1 F1912.4 X107.144 Y73.25 E952.32943
G1 F2133.3 X106.944 Y73 E952.35338
G1 F2400 X106.944 Y72.2 E952.4066
G1 X78.2 Y72.2 E954.31866
G1 X78.201 Y147.799 E959.34752
G1 X110 Y147.8 E961.4628
G0 F12000 X110 Y147.09
G0 X110 Y146.199
G1 F2400 X80 Y146.2 E963.45841
G1 X79.858 Y146.142 E963.46861
G1 X79.802 Y146.035 E963.47665
G1 X79.8 Y114 E965.60762
G1 X79.839 Y113.879 E965.61608
G1 X79.943 Y113.8 E965.62477
G1 X83.6 Y113.8 E965.86803
G1 X83.6 Y106.2 E966.37359
G1 X79.941 Y106.2 E966.61699
G1 X79.839 Y106.12 E966.62561
G1 X79.802 Y106.035 E966.63178
G1 X79.8 Y82 E968.23059
G1 X79.839 Y81.879 E968.23905
G1 X79.943 Y81.8 E968.24773
G1 X83.6 Y81.8 E968.491
G1 X83.6 Y73.941 E969.01378
G1 X83.68 Y73.839 E969.0224
G1 X83.765 Y73.802 E969.02857
G1 X106.144 Y73.8 E970.51723
G1 F2133.3 X107.144 Y73.75 E970.59216
G1 F1912.4 X112.939 Y73.748 E971.07594
G1 F2123.9 X113.852 Y73.8 E971.14468
G1 F2400 X136.2 Y73.8 E972.63128
G1 X136.321 Y73.839 E972.63973
G1 X136.4 Y73.943 E972.64842
G1 X136.4 Y81.8 E973.17107
G1 X140.059 Y81.8 E973.41447
G1 X140.161 Y81.879 E973.42305
G1 X140.2 Y82 E973.43151
G1 X140.198 Y106.035 E975.03032
G1 X140.161 Y106.12 E975.03649
G1 X140.059 Y106.2 E975.04511
G1 X136.4 Y106.2 E975.28851
G1 X136.4 Y113.8 E975.79406
G1 X140.059 Y113.8 E976.03746
G1 X140.161 Y113.879 E976.04604
G1 X140.2 Y114 E976.0545
G1 X140.198 Y146.035 E978.18548
G1 X140.142 Y146.142 E978.19351
G1 X140.035 Y146.198 E978.20154
G1 X110 Y146.199 E980.19948
G1 F2700 E975.19948
G0 F12000 X110 Y146.91
G0 X79.162 Y146.838
G0 X79.162 Y113.162
G0 X82.243 Y113.089
G0 X82.3 Y112.24
G0 X82.04 Y112.24
;TYPE:SKIN
G1 F2700 E980.19948
G1 F2400 X79.96 Y112.243 E980.33784
G1 X79.76 Y112.283 E980.35141
G1 X79.76 Y107.716 E980.65521
G1 X79.965 Y107.757 E980.66911
G1 X82.04 Y107.76 E980.80714
G1 X82.04 Y112.24 E981.10515
G0 F12000 X81.84 Y111.625
G1 F2400 X81.423 Y112.041 E981.14434
G0 F12000 X80.856 Y112.042
G1 F2400 X81.84 Y111.059 E981.23686
G0 F12000 X81.84 Y110.493
G1 F2400 X80.29 Y112.043 E981.38267
G0 F12000 X79.96 Y111.807
G1 F2400 X81.84 Y109.928 E981.55948
G0 F12000 X81.84 Y109.362
G1 F2400 X79.96 Y111.241 E981.7363
G0 F12000 X79.96 Y110.676
G1 F2400 X81.84 Y108.796 E981.91315
G0 F12000 X81.84 Y108.23
G1 F2400 X79.96 Y110.11 E982.09001
G0 F12000 X79.96 Y109.544
G1 F2400 X81.545 Y107.96 E982.23907
G0 F12000 X80.981 Y107.958
G1 F2400 X79.96 Y108.979 E982.33512
G0 F12000 X79.96 Y108.413
G1 F2400 X80.416 Y107.957 E982.37802
G1 F2700 E977.37802
G0 F12000 X80.416 Y107.5
G0 X79.162 Y106.838
G0 X79.162 Y81.162
G0 X81.93 Y81.151
G0 X82.3 Y80.24
G0 X82.04 Y80.24
G1 F2700 E982.37802
G1 F2400 X79.96 Y80.243 E982.51638
G1 X79.76 Y80.283 E982.52995
G1 X79.76 Y73.76 E982.96386
G1 X82.084 Y73.76 E983.11846
G1 X82.043 Y73.965 E983.13236
G1 X82.04 Y80.24 E983.54978
G0 F12000 X81.746 Y80.04
G1 F2400 X81.84 Y79.946 E983.55862
G0 F12000 X81.84 Y79.381
G1 F2400 X81.179 Y80.041 E983.62076
G0 F12000 X80.612 Y80.042
G1 F2400 X81.841 Y78.814 E983.73633
G0 F12000 X81.841 Y78.248
G1 F2400 X80.046 Y80.043 E983.90519
G0 F12000 X79.96 Y79.563
G1 F2400 X81.841 Y77.682 E984.08214
G0 F12000 X81.841 Y77.116
G1 F2400 X79.96 Y78.997 E984.25909
G0 F12000 X79.96 Y78.432
G1 F2400 X81.842 Y76.55 E984.43614
G0 F12000 X81.843 Y75.984
G1 F2400 X79.96 Y77.866 E984.61324
G0 F12000 X79.96 Y77.3
G1 F2400 X81.843 Y75.418 E984.79033
G0 F12000 X81.843 Y74.851
G1 F2400 X79.96 Y76.735 E984.96752
G0 F12000 X79.96 Y76.169
G1 F2400 X81.843 Y74.286 E985.14466
G0 F12000 X81.604 Y73.96
G1 F2400 X79.96 Y75.603 E985.29927
G0 F12000 X79.96 Y75.037
G1 F2400 X81.038 Y73.96 E985.40063
G0 F12000 X80.472 Y73.96
G1 F2400 X79.96 Y74.472 E985.4488
G1 F2700 E980.4488
G0 F12000 X79.5 Y74.472
G0 X79.572 Y73.572
G0 X79.162 Y81.162
G0 X79.162 Y146.838
G0 X140.838 Y146.838
G0 X140.838 Y113.162
G0 X140.838 Y81.162
G0 X137.76 Y81.162
G0 X137.7 Y80.24
G0 X137.96 Y80.24
G1 F2700 E985.4488
G1 F2400 X137.96 Y74 E985.86389
G1 X137.914 Y73.76 E985.88014
G1 X140.24 Y73.76 E986.03487
G1 X140.24 Y80.284 E986.46885
G1 X140.031 Y80.243 E986.48301
G1 X137.96 Y80.24 E986.62078
G0 F12000 X137.7 Y80.24
G0 X139.443 Y80.5
G0 X139.443 Y80.043
G1 F2400 X140.04 Y79.446 E986.67694
G0 F12000 X140.04 Y78.88
G1 F2400 X138.879 Y80.042 E986.78621
G0 F12000 X138.314 Y80.041
G1 F2400 X140.04 Y78.314 E986.94862
G0 F12000 X140.04 Y77.749
G1 F2400 X138.16 Y79.629 E987.12548
G0 F12000 X138.16 Y79.063
G1 F2400 X140.04 Y77.183 E987.30234
G0 F12000 X140.04 Y76.617
G1 F2400 X138.159 Y78.498 E987.4793
G0 F12000 X138.159 Y77.933
G1 F2400 X140.04 Y76.051 E987.6563
G0 F12000 X140.04 Y75.486
G1 F2400 X138.159 Y77.367 E987.83325
G0 F12000 X138.158 Y76.802
G1 F2400 X140.04 Y74.92 E988.0103
G0 F12000 X140.04 Y74.354
G1 F2400 X138.158 Y76.237 E988.18739
G0 F12000 X138.157 Y75.672
G1 F2400 X139.869 Y73.96 E988.34844
G0 F12000 X139.304 Y73.96
G1 F2400 X138.157 Y75.106 E988.4563
G0 F12000 X138.157 Y74.541
G1 F2400 X138.738 Y73.96 E988.51096
G1 F2700 E983.51096
G0 F12000 X138.738 Y73.5
G0 X137.69 Y73.575
G0 X137.772 Y80.428
G0 X140.838 Y81.162
G0 X140.838 Y106.838
G0 X137.772 Y107.572
G0 X137.7 Y112.24
G0 X137.96 Y112.24
G1 F2700 E988.51096
G1 F2400 X137.96 Y107.76 E988.80897
G1 X140.031 Y107.757 E988.94673
G1 X140.24 Y107.716 E988.9609
G1 X140.24 Y112.284 E989.26476
G1 X140.031 Y112.243 E989.27893
G1 X137.96 Y112.24 E989.41669
G0 F12000 X137.7 Y112.24
G0 X139.687 Y112.5
G0 X139.687 Y112.043
G1 F2400 X140.04 Y111.69 E989.4499
G0 F12000 X140.04 Y111.125
G1 F2400 X139.122 Y112.042 E989.53622
G0 F12000 X138.558 Y112.041
G1 F2400 X140.04 Y110.559 E989.67563
G0 F12000 X140.04 Y109.993
G1 F2400 X138.16 Y111.873 E989.85249
G0 F12000 X138.16 Y111.307
G1 F2400 X140.04 Y109.428 E990.0293
G0 F12000 X140.04 Y108.862
G1 F2400 X138.16 Y110.741 E990.20612
G0 F12000 X138.16 Y110.176
G1 F2400 X140.04 Y108.296 E990.38297
G0 F12000 X139.814 Y107.956
G1 F2400 X138.16 Y109.61 E990.53857
G0 F12000 X138.16 Y109.044
G1 F2400 X139.247 Y107.958 E990.64078
G0 F12000 X138.681 Y107.958
G1 F2400 X138.16 Y108.479 E990.6898
G0 F12000 X137.41 Y108.479
G1 F2700 E985.6898
;MESH:NONMESH
G0 F300 Z27.4
G0 F12000 X137.038 Y113.162
G0 X140.838 Y113.162
G0 X140.838 Y146.838
G0 X79.162 Y146.838
G0 X79.162 Y113.162
G0 X79.162 Y81.162
G0 X82.962 Y81.162
G0 X82.963 Y73.162
G0 X84.026 Y73.007
;TIME_ELAPSED:5698.623948
;LAYER:68
;TYPE:WALL-INNER
;MESH:tank_trainer_body.stl
G1 F2700 E990.6898
G1 F2352.9 X84.2 Y73 E990.70161
G1 F2400 X106.6 Y73 E992.19167
G1 F2700 E987.19167
G0 F12000 X78.838 Y72.838
G0 X78.838 Y147.162
G0 X141.162 Y147.162
G0 X141.162 Y72.838
G0 X113.396 Y73
G1 F2700 E992.19167
G1 F2400 X135.8 Y73 E993.68199
G0 F12000 X136.638 Y73.162
G0 X137.372 Y80.428
G0 X140.6 Y80.754
G1 F2400 X140.6 Y73.4 E994.17118
G1 X137.045 Y73.4 E994.40766
G1 X137.093 Y73.461 E994.41282
G1 X137.2 Y74 E994.44937
G1 X137.2 Y80.6 E994.88841
G1 X140 Y80.6 E995.07466
G1 X140.54 Y80.706 E995.11127
G1 X140.6 Y80.754 E995.11638
G0 F12000 X140.793 Y81.084
G0 X141 Y82
G1 F2400 X141 Y73 E995.71506
G1 X135.8 Y73 E996.06097
G1 X136.401 Y73.199 E996.10308
G1 X136.724 Y73.615 E996.13812
G1 X136.8 Y74 E996.16422
G1 X136.8 Y81 E996.62986
G1 X140 Y81 E996.84273
G1 X140.386 Y81.076 E996.8689
G1 X140.801 Y81.399 E996.90388
G1 X141 Y82 E996.94599
G1 X141 Y106 E998.54248
G1 F2358.7 X140.993 Y106.174 E998.55427
G0 F12000 X140.6 Y112.754
G1 F2400 X140.6 Y107.246 E998.92066
G1 X140.54 Y107.293 E998.92573
G1 X140 Y107.4 E998.96235
G1 X137.2 Y107.4 E999.14861
G1 X137.2 Y112.6 E999.49451
G1 X140 Y112.6 E999.68077
G1 X140.54 Y112.706 E999.71737
G1 X140.6 Y112.754 E999.72249
G0 F12000 X140.793 Y113.084
G0 X141 Y114
G1 F2400 X141 Y106.666 E1000.21035
G1 F2358.7 X140.993 Y106.174 E1000.24365
G1 X140.802 Y106.6 E1000.27525
G1 F2400 X140.386 Y106.924 E1000.31032
G1 X140 Y107 E1000.33649
G1 X136.8 Y107 E1000.54936
G1 X136.8 Y113 E1000.94848
G1 X140 Y113 E1001.16134
G1 X140.386 Y113.076 E1001.18751
G1 X140.801 Y113.399 E1001.2225
G1 X141 Y114 E1001.26461
G1 X141 Y146 E1003.39326
G1 F2358.7 X140.993 Y146.174 E1003.40505
G0 F12000 X140.838 Y146.838
G0 X140.174 Y146.993
G1 F2436.5 X141.014 Y147.014 E1003.4601
G1 F2442.7 X140.993 Y146.174 E1003.51502
G1 X140.697 Y146.697 E1003.55429
G1 F2436.5 X140.174 Y146.993 E1003.59367
G1 F2352.9 X140 Y147 E1003.60549
G1 F2400 X80 Y147 E1007.5967
G1 F2487 X79.303 Y146.697 E1007.64549
G1 F2436.5 X79.007 Y146.174 E1007.68486
G1 X78.986 Y147.014 E1007.73992
G1 F2487 X80 Y147 E1007.80502
G0 F12000 X79.162 Y146.838
G0 X79.007 Y146.174
G1 F2352.9 X79 Y146 E1007.81683
G1 F2400 X79 Y114 E1009.94548
G0 F12000 X79.146 Y113.246
G0 X79.4 Y112.755
G1 F2400 X79.461 Y112.707 E1009.95064
G1 X80 Y112.6 E1009.9872
G1 X82.8 Y112.6 E1010.17346
G1 X82.8 Y107.4 E1010.51936
G1 X80 Y107.4 E1010.70562
G1 X79.46 Y107.293 E1010.74224
G1 X79.4 Y107.245 E1010.74735
G1 X79.4 Y112.755 E1011.11387
G0 F12000 X79.207 Y113.084
G0 X79 Y114
G1 F2400 X79.199 Y113.399 E1011.15599
G1 X79.615 Y113.076 E1011.19102
G1 X80 Y113 E1011.21713
G1 X83.2 Y113 E1011.42999
G1 X83.2 Y107 E1011.82911
G1 X80 Y107 E1012.04198
G1 X79.614 Y106.924 E1012.06815
G1 X79.199 Y106.599 E1012.10321
G1 F2352.9 X79.007 Y106.174 E1012.13485
G1 X78.999 Y106.666 E1012.16824
G1 F2400 X79 Y114 E1012.6561
G0 F12000 X79.007 Y106.174
G1 F2352.9 X79 Y106 E1012.66792
G1 F2400 X79 Y82 E1014.2644
G0 F12000 X79.146 Y81.246
G0 X79.4 Y80.755
G1 F2400 X79.461 Y80.707 E1014.26957
G1 X80 Y80.6 E1014.30612
G1 X82.8 Y80.6 E1014.49238
G1 X82.8 Y74 E1014.93141
G1 X82.907 Y73.46 E1014.96803
G1 X82.955 Y73.4 E1014.97314
G1 X79.4 Y73.4 E1015.20962
G1 X79.4 Y80.755 E1015.69888
G0 F12000 X79.207 Y81.084
G0 X79 Y82
G1 F2400 X79.199 Y81.399 E1015.74099
G1 X79.615 Y81.076 E1015.77603
G1 X80 Y81 E1015.80213
G1 X83.2 Y81 E1016.015
G1 X83.2 Y74 E1016.48064
G1 X83.276 Y73.614 E1016.50681
G1 X83.601 Y73.199 E1016.54187
G1 F2352.9 X84.026 Y73.007 E1016.57351
G1 X83.534 Y72.999 E1016.6069
G1 F2400 X79 Y73 E1016.9085
G1 X79 Y82 E1017.50719
G1 F2700 E1012.50719
G0 F12000 X79.162 Y106.838
G0 X79.162 Y146.838
G0 X110 Y147.09
G0 X110 Y147.4
G1 F2700 E1017.50719
G1 F2400 X141.4 Y147.4 E1019.59592
G1 X141.4 Y72.6 E1024.57164
G1 X112.996 Y72.6 E1026.46108
G1 X112.996 Y73 E1026.48769
G1 X112.659 Y73.401 E1026.52253
G1 X135.8 Y73.4 E1028.06188
G1 X136.161 Y73.519 E1028.08716
G1 X136.354 Y73.769 E1028.10817
G1 X136.4 Y74 E1028.12384
G1 X136.4 Y81.4 E1028.61609
G1 X140 Y81.4 E1028.85556
G1 X140.232 Y81.445 E1028.87128
G1 X140.481 Y81.639 E1028.89228
G1 X140.6 Y82 E1028.91756
G1 X140.6 Y106.085 E1030.51971
G1 X140.482 Y106.36 E1030.53961
G1 X140.232 Y106.554 E1030.56066
G1 X140 Y106.6 E1030.57639
G1 X136.4 Y106.6 E1030.81587
G1 X136.4 Y113.4 E1031.26821
G1 X140 Y113.4 E1031.50768
G1 X140.232 Y113.445 E1031.5234
G1 X140.481 Y113.639 E1031.5444
G1 X140.6 Y114 E1031.56968
G1 X140.6 Y146.089 E1033.70425
G1 X140.424 Y146.424 E1033.72942
G1 X140.089 Y146.6 E1033.75459
G1 X80 Y146.6 E1037.75173
G1 X79.575 Y146.425 E1037.78231
G1 X79.4 Y146.089 E1037.80751
G1 X79.4 Y114 E1039.94207
G1 X79.519 Y113.639 E1039.96736
G1 X79.769 Y113.446 E1039.98837
G1 X80 Y113.4 E1040.00404
G1 X83.6 Y113.4 E1040.24351
G1 X83.6 Y106.6 E1040.69585
G1 X80 Y106.6 E1040.93532
G1 X79.768 Y106.554 E1040.95105
G1 X79.519 Y106.36 E1040.97205
G1 X79.4 Y106.086 E1040.99192
G1 X79.4 Y82 E1042.59413
G1 X79.519 Y81.639 E1042.61941
G1 X79.769 Y81.446 E1042.64042
G1 X80 Y81.4 E1042.65609
G1 X83.6 Y81.4 E1042.89556
G1 X83.6 Y74 E1043.38781
G1 X83.646 Y73.768 E1043.40355
G1 X83.84 Y73.519 E1043.42454
G1 X84.114 Y73.4 E1043.44442
G1 X107.4 Y73.4 E1044.99341
G1 X107 Y73 E1045.03104
G1 X107 Y72.6 E1045.05764
G1 X78.6 Y72.6 E1046.94682
G1 X78.601 Y147.399 E1051.92247
G1 X110 Y147.4 E1054.01114
G0 F12000 X110 Y147.8
;TYPE:WALL-OUTER
G1 F2400 X141.8 Y147.8 E1056.12648
G1 X141.8 Y72.2 E1061.15542
G1 X112.596 Y72.2 E1063.09808
G1 X112.596 Y73 E1063.15129
G1 F2123.9 X112.44 Y73.249 E1063.17338
G1 F1912.4 X107.6 Y73.25 E1063.57744
G1 F2133.3 X107.4 Y73 E1063.60139
G1 F2400 X107.4 Y72.2 E1063.65461
G1 X78.2 Y72.2 E1065.597
G1 X78.201 Y147.799 E1070.62587
G1 X110 Y147.8 E1072.74115
G0 F12000 X110 Y147.09
G0 X110 Y146.199
G1 F2400 X80 Y146.2 E1074.73675
G1 X79.858 Y146.142 E1074.74696
G1 X79.802 Y146.035 E1074.75499
G1 X79.8 Y114 E1076.88597
G1 X79.839 Y113.879 E1076.89443
G1 X79.943 Y113.8 E1076.90311
G1 X84 Y113.8 E1077.17299
G1 X84 Y106.2 E1077.67854
G1 X79.941 Y106.2 E1077.94855
G1 X79.839 Y106.12 E1077.95717
G1 X79.802 Y106.035 E1077.96334
G1 X79.8 Y82 E1079.56215
G1 X79.839 Y81.879 E1079.57061
G1 X79.943 Y81.8 E1079.57929
G1 X84 Y81.8 E1079.84917
G1 X84 Y73.941 E1080.37195
G1 X84.08 Y73.839 E1080.38057
G1 X84.165 Y73.802 E1080.38674
G1 X106.6 Y73.8 E1081.87912
G1 F2133.3 X107.6 Y73.75 E1081.95405
G1 F1912.4 X112.483 Y73.748 E1082.3617
G1 F2123.9 X113.396 Y73.8 E1082.43044
G1 F2400 X135.8 Y73.8 E1083.92076
G1 X135.921 Y73.839 E1083.92921
G1 X136 Y73.943 E1083.9379
G1 X136 Y81.8 E1084.46055
G1 X140.059 Y81.8 E1084.73056
G1 X140.161 Y81.879 E1084.73914
G1 X140.2 Y82 E1084.7476
G1 X140.198 Y106.035 E1086.34641
G1 X140.161 Y106.12 E1086.35258
G1 X140.059 Y106.2 E1086.3612
G1 X136 Y106.2 E1086.63121
G1 X136 Y113.8 E1087.13676
G1 X140.059 Y113.8 E1087.40677
G1 X140.161 Y113.879 E1087.41535
G1 X140.2 Y114 E1087.42381
G1 X140.198 Y146.035 E1089.55478
G1 X140.142 Y146.142 E1089.56282
G1 X140.035 Y146.198 E1089.57085
G1 X110 Y146.199 E1091.56879
G1 F2700 E1086.56879
G0 F12000 X110 Y146.91
G0 X79.162 Y146.838
G0 X79.162 Y113.162
G0 X82.567 Y113.099
G0 X82.7 Y112.24
G0 X82.44 Y112.24
;TYPE:SKIN
G1 F2700 E1091.56879
G1 F2400 X79.96 Y112.243 E1091.73376
G1 X79.76 Y112.283 E1091.74732
G1 X79.76 Y107.716 E1092.05112
G1 X79.965 Y107.757 E1092.06503
G1 X82.44 Y107.76 E1092.22967
G1 X82.44 Y112.24 E1092.52768
G0 F12000 X82.7 Y112.24
G0 X80.364 Y112.5
G0 X80.364 Y112.042
G1 F2400 X79.96 Y111.639 E1092.56564
G0 F12000 X79.96 Y111.073
G1 F2400 X80.929 Y112.042 E1092.65679
G0 F12000 X81.494 Y112.041
G1 F2400 X79.96 Y110.507 E1092.8011
G0 F12000 X79.96 Y109.942
G1 F2400 X82.059 Y112.04 E1092.99852
G0 F12000 X82.24 Y111.656
G1 F2400 X79.96 Y109.376 E1093.213
G0 F12000 X79.96 Y108.81
G1 F2400 X82.24 Y111.09 E1093.42749
G0 F12000 X82.24 Y110.524
G1 F2400 X79.96 Y108.245 E1093.64193
G0 F12000 X80.238 Y107.957
G1 F2400 X82.24 Y109.959 E1093.83027
G0 F12000 X82.24 Y109.393
G1 F2400 X80.805 Y107.958 E1093.96527
G0 F12000 X81.372 Y107.959
G1 F2400 X82.24 Y108.827 E1094.04692
G0 F12000 X82.24 Y108.262
G1 F2400 X81.939 Y107.96 E1094.07529
G1 F2700 E1089.07529
G0 F12000 X81.939 Y107.5
G0 X79.162 Y106.838
G0 X79.162 Y81.162
G0 X82.324 Y81.151
G0 X82.7 Y80.24
G0 X82.44 Y80.24
G1 F2700 E1094.07529
G1 F2400 X79.96 Y80.243 E1094.24026
G1 X79.76 Y80.283 E1094.25382
G1 X79.76 Y73.76 E1094.68774
G1 X82.484 Y73.76 E1094.86894
G1 X82.443 Y73.965 E1094.88284
G1 X82.44 Y80.24 E1095.30026
G0 F12000 X82.7 Y80.24
G0 X80.042 Y80.5
G0 X80.042 Y80.042
G1 F2400 X79.96 Y79.96 E1095.30797
G0 F12000 X79.96 Y79.394
G1 F2400 X80.607 Y80.042 E1095.36889
G0 F12000 X81.172 Y80.041
G1 F2400 X79.96 Y78.828 E1095.48295
G0 F12000 X79.96 Y78.263
G1 F2400 X81.737 Y80.04 E1095.65012
G0 F12000 X82.241 Y79.978
G1 F2400 X79.96 Y77.697 E1095.8647
G0 F12000 X79.96 Y77.131
G1 F2400 X82.241 Y79.412 E1096.07928
G0 F12000 X82.241 Y78.847
G1 F2400 X79.96 Y76.566 E1096.29387
G0 F12000 X79.96 Y76
G1 F2400 X82.241 Y78.282 E1096.5085
G0 F12000 X82.242 Y77.717
G1 F2400 X79.96 Y75.434 E1096.72322
G0 F12000 X79.96 Y74.868
G1 F2400 X82.242 Y77.151 E1096.93794
G0 F12000 X82.243 Y76.586
G1 F2400 X79.96 Y74.303 E1097.15271
G0 F12000 X80.182 Y73.96
G1 F2400 X82.243 Y76.02 E1097.34655
G0 F12000 X82.244 Y75.455
G1 F2400 X80.748 Y73.96 E1097.48724
G0 F12000 X81.314 Y73.96
G1 F2400 X82.244 Y74.89 E1097.57473
G0 F12000 X82.244 Y74.325
G1 F2400 X81.879 Y73.96 E1097.60907
G1 F2700 E1092.60907
G0 F12000 X81.879 Y73.5
G0 X83.351 Y73.679
G0 X83.362 Y81.162
G0 X79.162 Y81.162
G0 X79.162 Y146.838
G0 X140.838 Y146.838
G0 X140.838 Y81.162
G0 X137.436 Y81.162
G0 X137.3 Y80.24
G0 X137.56 Y80.24
G1 F2700 E1097.60907
G1 F2400 X137.56 Y74 E1098.02415
G1 X137.514 Y73.76 E1098.04041
G1 X140.24 Y73.76 E1098.22174
G1 X140.24 Y80.284 E1098.65572
G1 X140.031 Y80.243 E1098.66989
G1 X137.56 Y80.24 E1098.83426
G0 F12000 X137.759 Y79.494
G1 F2400 X138.307 Y80.041 E1098.88577
G0 F12000 X138.873 Y80.042
G1 F2400 X137.759 Y78.928 E1098.99056
G0 F12000 X137.759 Y78.362
G1 F2400 X139.439 Y80.042 E1099.14861
G0 F12000 X140.006 Y80.043
G1 F2400 X137.759 Y77.796 E1099.35999
G0 F12000 X137.758 Y77.229
G1 F2400 X140.04 Y79.512 E1099.57472
G0 F12000 X140.04 Y78.946
G1 F2400 X137.758 Y76.664 E1099.78939
G0 F12000 X137.757 Y76.097
G1 F2400 X140.04 Y78.381 E1100.00421
G0 F12000 X140.04 Y77.815
G1 F2400 X137.757 Y75.532 E1100.21898
G0 F12000 X137.756 Y74.965
G1 F2400 X140.04 Y77.249 E1100.43385
G0 F12000 X140.04 Y76.684
G1 F2400 X137.756 Y74.4 E1100.64871
G0 F12000 X137.882 Y73.96
G1 F2400 X140.04 Y76.118 E1100.85172
G0 F12000 X140.04 Y75.552
G1 F2400 X138.448 Y73.96 E1101.00149
G0 F12000 X139.014 Y73.96
G1 F2400 X140.04 Y74.987 E1101.09805
G0 F12000 X140.04 Y74.421
G1 F2400 X139.579 Y73.96 E1101.14142
G1 F2700 E1096.14142
G0 F12000 X139.579 Y73.5
G0 X140.428 Y73.572
G0 X140.838 Y81.162
G0 X140.838 Y106.838
G0 X137.372 Y107.572
G0 X137.3 Y112.24
G0 X137.56 Y112.24
G1 F2700 E1101.14142
G1 F2400 X137.56 Y107.76 E1101.43943
G1 X140.031 Y107.757 E1101.6038
G1 X140.24 Y107.716 E1101.61797
G1 X140.24 Y112.284 E1101.92184
G1 X140.031 Y112.243 E1101.936
G1 X137.56 Y112.24 E1102.10038
G0 F12000 X138.061 Y112.04
G1 F2400 X137.76 Y111.738 E1102.12874
G0 F12000 X137.76 Y111.173
G1 F2400 X138.628 Y112.041 E1102.2104
G0 F12000 X139.195 Y112.042
G1 F2400 X137.76 Y110.607 E1102.34539
G0 F12000 X137.76 Y110.041
G1 F2400 X139.762 Y112.043 E1102.53373
G0 F12000 X140.04 Y111.756
G1 F2400 X137.76 Y109.476 E1102.74822
G0 F12000 X137.76 Y108.91
G1 F2400 X140.04 Y111.19 E1102.9627
G0 F12000 X140.04 Y110.625
G1 F2400 X137.76 Y108.344 E1103.17724
G0 F12000 X137.941 Y107.96
G1 F2400 X140.04 Y110.059 E1103.3747
G0 F12000 X140.04 Y109.493
G1 F2400 X138.506 Y107.959 E1103.51901
G0 F12000 X139.071 Y107.958
G1 F2400 X140.04 Y108.928 E1103.61021
G0 F12000 X140.04 Y108.362
G1 F2400 X139.635 Y107.957 E1103.64831
G0 F12000 X139.635 Y107.21
G1 F2700 E1098.64831
;MESH:NONMESH
G0 F300 Z27.8
G0 F12000 X136.638 Y106.838
G0 X136.638 Y113.162
G0 X140.838 Y113.162
G0 X140.838 Y146.838
G0 X79.162 Y146.838
G0 X79.162 Y81.162
G0 X83.362 Y81.162
G0 X83.363 Y73.162
G0 X84.426 Y73.007
;TIME_ELAPSED:5769.280333
;LAYER:69
;TYPE:WALL-INNER
;MESH:tank_trainer_body.stl
G1 F2700 E1103.64831
G1 F2352.9 X84.6 Y73 E1103.66013
G1 F2400 X107.26 Y73 E1105.16748
G1 F2700 E1100.16748
G0 F12000 X78.838 Y72.838
G0 X78.838 Y147.162
G0 X141.162 Y147.162
G0 X141.162 Y72.838
G0 X112.736 Y73
G1 F2700 E1105.16748
G1 F2400 X135.4 Y73 E1106.67509
G0 F12000 X136.238 Y73.162
G0 X138.626 Y76.373
G0 X140.6 Y80.754
G1 F2400 X140.6 Y73.4 E1107.16429
G1 X136.645 Y73.4 E1107.42737
G1 X136.693 Y73.461 E1107.43254
G1 X136.8 Y74 E1107.46909
G1 X136.8 Y80.6 E1107.90812
G1 X140 Y80.6 E1108.12099
G1 X140.54 Y80.706 E1108.1576
G1 X140.6 Y80.754 E1108.16271
G0 F12000 X140.793 Y81.084
G0 X141 Y82
G1 F2400 X141 Y73 E1108.76139
G1 X135.4 Y73 E1109.1339
G1 X136.001 Y73.199 E1109.17602
G1 X136.324 Y73.615 E1109.21105
G1 X136.4 Y74 E1109.23715
G1 X136.4 Y81 E1109.7028
G1 X140 Y81 E1109.94227
G1 X140.386 Y81.076 E1109.96844
G1 X140.801 Y81.399 E1110.00342
G1 X141 Y82 E1110.04553
G1 X141 Y106 E1111.64202
G1 F2358.7 X140.993 Y106.174 E1111.65381
G0 F12000 X140.6 Y112.754
G1 F2400 X140.6 Y107.246 E1112.0202
G1 X140.54 Y107.293 E1112.02527
G1 X140 Y107.4 E1112.06189
G1 X136.8 Y107.4 E1112.27476
G1 X136.8 Y112.6 E1112.62066
G1 X140 Y112.6 E1112.83353
G1 X140.54 Y112.706 E1112.87013
G1 X140.6 Y112.754 E1112.87524
G0 F12000 X140.793 Y113.084
G0 X141 Y114
G1 F2400 X141 Y106.666 E1113.3631
G1 F2358.7 X140.993 Y106.174 E1113.39641
G1 X140.802 Y106.6 E1113.42801
G1 F2400 X140.386 Y106.924 E1113.46308
G1 X140 Y107 E1113.48925
G1 X136.4 Y107 E1113.72872
G1 X136.4 Y113 E1114.12785
G1 X140 Y113 E1114.36732
G1 X140.386 Y113.076 E1114.39349
G1 X140.801 Y113.399 E1114.42847
G1 X141 Y114 E1114.47058
G1 X141 Y146 E1116.59923
G1 F2358.7 X140.993 Y146.174 E1116.61102
G0 F12000 X140.838 Y146.838
G0 X140.174 Y146.993
G1 F2436.5 X141.014 Y147.014 E1116.66608
G1 F2442.7 X140.993 Y146.174 E1116.72099
G1 X140.697 Y146.697 E1116.76027
G1 F2436.5 X140.174 Y146.993 E1116.79964
G1 F2352.9 X140 Y147 E1116.81146
G1 F2400 X80 Y147 E1120.80268
G1 F2487 X79.303 Y146.697 E1120.85146
G1 F2436.5 X79.007 Y146.174 E1120.89084
G1 X78.986 Y147.014 E1120.94589
G1 F2487 X80 Y147 E1121.01099
G0 F12000 X79.162 Y146.838
G0 X79.007 Y146.174
G1 F2352.9 X79 Y146 E1121.02281
G1 F2400 X79 Y114 E1123.15146
G0 F12000 X79.146 Y113.246
G0 X79.4 Y112.755
G1 F2400 X79.461 Y112.707 E1123.15662
G1 X80 Y112.6 E1123.19317
G1 X83.2 Y112.6 E1123.40604
G1 X83.2 Y107.4 E1123.75194
G1 X80 Y107.4 E1123.96481
G1 X79.46 Y107.293 E1124.00143
G1 X79.4 Y107.245 E1124.00654
G1 X79.4 Y112.755 E1124.37307
G0 F12000 X79.207 Y113.084
G0 X79 Y114
G1 F2400 X79.199 Y113.399 E1124.41518
G1 X79.615 Y113.076 E1124.45021
G1 X80 Y113 E1124.47632
G1 X83.6 Y113 E1124.71579
G1 X83.6 Y107 E1125.11491
G1 X80 Y107 E1125.35438
G1 X79.614 Y106.924 E1125.38055
G1 X79.199 Y106.599 E1125.41562
G1 F2352.9 X79.007 Y106.174 E1125.44726
G1 X78.999 Y106.666 E1125.48065
G1 F2400 X79 Y114 E1125.96851
G0 F12000 X79.007 Y106.174
G1 F2352.9 X79 Y106 E1125.98032
G1 F2400 X79 Y82 E1127.57681
G0 F12000 X79.146 Y81.246
G0 X79.4 Y80.755
G1 F2400 X79.461 Y80.707 E1127.58197
G1 X80 Y80.6 E1127.61853
G1 X83.2 Y80.6 E1127.83139
G1 X83.2 Y74 E1128.27043
G1 X83.307 Y73.46 E1128.30705
G1 X83.355 Y73.4 E1128.31216
G1 X79.4 Y73.4 E1128.57524
G1 X79.4 Y80.755 E1129.0645
G0 F12000 X79.207 Y81.084
G0 X79 Y82
G1 F2400 X79.199 Y81.399 E1129.10661
G1 X79.615 Y81.076 E1129.14165
G1 X80 Y81 E1129.16775
G1 X83.6 Y81 E1129.40723
G1 X83.6 Y74 E1129.87287
G1 X83.676 Y73.614 E1129.89904
G1 X84.001 Y73.199 E1129.9341
G1 F2352.9 X84.426 Y73.007 E1129.96574
G1 X83.934 Y72.999 E1129.99913
G1 F2400 X79 Y73 E1130.32734
G1 X79 Y82 E1130.92602
G1 F2700 E1125.92602
G0 F12000 X79.162 Y106.838
G0 X79.162 Y146.838
G0 X110 Y147.09
G0 X110 Y147.4
G1 F2700 E1130.92602
G1 F2400 X141.4 Y147.4 E1133.01476
G1 X141.4 Y72.6 E1137.99048
G1 X112.338 Y72.6 E1139.92369
G1 X112.336 Y73.003 E1139.9505
G1 X111.999 Y73.401 E1139.98519
G1 X135.4 Y73.4 E1141.54183
G1 X135.761 Y73.519 E1141.56711
G1 X135.954 Y73.769 E1141.58812
G1 X136 Y74 E1141.60379
G1 X136 Y81.4 E1142.09604
G1 X140 Y81.4 E1142.36212
G1 X140.232 Y81.445 E1142.37784
G1 X140.481 Y81.639 E1142.39884
G1 X140.6 Y82 E1142.42412
G1 X140.6 Y106.085 E1144.02627
G1 X140.482 Y106.36 E1144.04617
G1 X140.232 Y106.554 E1144.06722
G1 X140 Y106.6 E1144.08295
G1 X136 Y106.6 E1144.34904
G1 X136 Y113.4 E1144.80137
G1 X140 Y113.4 E1145.06745
G1 X140.232 Y113.445 E1145.08317
G1 X140.481 Y113.639 E1145.10417
G1 X140.6 Y114 E1145.12946
G1 X140.6 Y146.089 E1147.26403
G1 X140.424 Y146.424 E1147.2892
G1 X140.089 Y146.6 E1147.31437
G1 X80 Y146.6 E1151.31151
G1 X79.575 Y146.425 E1151.34208
G1 X79.4 Y146.089 E1151.36728
G1 X79.4 Y114 E1153.50185
G1 X79.519 Y113.639 E1153.52714
G1 X79.769 Y113.446 E1153.54815
G1 X80 Y113.4 E1153.56381
G1 X84 Y113.4 E1153.82989
G1 X84 Y106.6 E1154.28223
G1 X80 Y106.6 E1154.54831
G1 X79.768 Y106.554 E1154.56405
G1 X79.519 Y106.36 E1154.58504
G1 X79.4 Y106.086 E1154.60491
G1 X79.4 Y82 E1156.20712
G1 X79.519 Y81.639 E1156.23241
G1 X79.769 Y81.446 E1156.25342
G1 X80 Y81.4 E1156.26908
G1 X84 Y81.4 E1156.53516
G1 X84 Y74 E1157.02741
G1 X84.046 Y73.768 E1157.04315
G1 X84.24 Y73.519 E1157.06415
G1 X84.514 Y73.4 E1157.08402
G1 X108.06 Y73.4 E1158.6503
G1 X107.66 Y73 E1158.68793
G1 X107.66 Y72.6 E1158.71454
G1 X78.6 Y72.6 E1160.64762
G1 X78.601 Y147.399 E1165.62327
G1 X110 Y147.4 E1167.71194
G0 F12000 X110 Y147.8
;TYPE:WALL-OUTER
G1 F2400 X141.8 Y147.8 E1169.82728
G1 X141.8 Y72.2 E1174.85622
G1 X111.94 Y72.2 E1176.84251
G1 X111.936 Y73.001 E1176.8958
G1 F2123.9 X111.78 Y73.249 E1176.91782
G1 F1912.4 X108.26 Y73.25 E1177.21168
G1 F2133.3 X108.06 Y73 E1177.23564
G1 F2400 X108.06 Y72.2 E1177.28885
G1 X78.2 Y72.2 E1179.27515
G1 X78.201 Y147.799 E1184.30401
G1 X110 Y147.8 E1186.41929
G0 F12000 X110 Y147.09
G0 X110 Y146.199
G1 F2400 X80 Y146.2 E1188.4149
G1 X79.858 Y146.142 E1188.4251
G1 X79.802 Y146.035 E1188.43314
G1 X79.8 Y114 E1190.56411
G1 X79.839 Y113.879 E1190.57257
G1 X79.943 Y113.8 E1190.58126
G1 X84.4 Y113.8 E1190.87774
G1 X84.4 Y106.2 E1191.38329
G1 X79.941 Y106.2 E1191.67991
G1 X79.839 Y106.12 E1191.68853
G1 X79.802 Y106.035 E1191.6947
G1 X79.8 Y82 E1193.29351
G1 X79.839 Y81.879 E1193.30197
G1 X79.943 Y81.8 E1193.31066
G1 X84.4 Y81.8 E1193.60714
G1 X84.4 Y73.941 E1194.12992
G1 X84.48 Y73.839 E1194.13854
G1 X84.565 Y73.802 E1194.14471
G1 X107.26 Y73.8 E1195.65439
G1 F2133.3 X108.26 Y73.75 E1195.72932
G1 F1912.4 X111.823 Y73.748 E1196.02677
G1 F2123.9 X112.736 Y73.8 E1196.09551
G1 F2400 X135.4 Y73.8 E1197.60312
G1 X135.521 Y73.839 E1197.61158
G1 X135.6 Y73.943 E1197.62027
G1 X135.6 Y81.8 E1198.14291
G1 X140.059 Y81.8 E1198.43953
G1 X140.161 Y81.879 E1198.44811
G1 X140.2 Y82 E1198.45657
G1 X140.198 Y106.035 E1200.05538
G1 X140.161 Y106.12 E1200.06155
G1 X140.059 Y106.2 E1200.07017
G1 X135.6 Y106.2 E1200.36679
G1 X135.6 Y113.8 E1200.87234
G1 X140.059 Y113.8 E1201.16895
G1 X140.161 Y113.879 E1201.17754
G1 X140.2 Y114 E1201.18599
G1 X140.198 Y146.035 E1203.31697
G1 X140.142 Y146.142 E1203.325
G1 X140.035 Y146.198 E1203.33304
G1 X110 Y146.199 E1205.33097
G1 F2700 E1200.33097
G0 F12000 X110 Y146.91
G0 X140.838 Y146.838
G0 X140.838 Y113.162
G0 X138.666 Y112.521
;TYPE:FILL
G1 F2700 E1205.33097
G1 F4800 X140.019 Y107.473 E1205.67862
G0 F12000 X140.519 Y109.749
G1 F4800 X138.983 Y110.16 E1205.78439
G0 F12000 X138.826 Y111.027
G1 F4800 X140.4 Y112.601 E1205.93246
G1 F2700 E1200.93246
G0 F12000 X140.838 Y106.838
G0 X140.838 Y81.162
G0 X139.194 Y79.122
G0 X138.984 Y79.102
G1 F2700 E1205.93246
G1 F4800 X140.52 Y78.69 E1206.03825
G1 X140.52 Y78.779
G1 X138.478 Y76.737 E1206.23035
G0 F12000 X138.261 Y76.521
G1 F4800 X136.88 Y75.14 E1206.36026
G1 F2700 E1201.36026
G0 F12000 X136.238 Y81.162
G0 X140.838 Y81.162
G0 X140.838 Y146.838
G0 X79.162 Y146.838
G0 X79.162 Y113.162
G0 X79.162 Y81.162
G0 X83.302 Y81.162
G0 X83.119 Y75.436
G1 F2700 E1206.36026
G1 F4800 X79.481 Y76.41 E1206.61079
G0 F12000 X79.48 Y77.137
G1 F4800 X81 Y78.657 E1206.75378
G0 F12000 X80.81 Y78.607
G0 X79.48 Y78.403
G1 F4800 X80.799 Y73.479 E1207.09287
G1 F2700 E1202.09287
G0 F12000 X79.162 Y81.162
G0 X79.162 Y106.838
G0 X79.683 Y107.415
G1 F2700 E1207.09287
G1 F4800 X79.48 Y107.469 E1207.10685
G0 F12000 X79.48 Y111.077
G1 F4800 X80.922 Y112.52 E1207.24255
G0 F12000 X83.028 Y112.428
G0 X82.84 Y112.24
;TYPE:SKIN
G1 F2400 X82.082 Y112.24 E1207.29297
G1 X81.981 Y112.134 E1207.30271
G1 X81.686 Y111.887 E1207.3283
G1 X81.149 Y110.887 E1207.40381
G1 X81.068 Y110.559 E1207.42628
G1 X81.067 Y110.19 E1207.45083
G1 X81.018 Y109.812 E1207.47618
G1 X81.064 Y109.458 E1207.49993
G1 X81.203 Y109.097 E1207.52566
G1 X81.239 Y108.958 E1207.53521
G1 X81.367 Y108.67 E1207.55618
G1 X81.554 Y108.337 E1207.58158
G1 X81.556 Y107.76 E1207.61997
G1 X82.84 Y107.76 E1207.70538
G1 X82.84 Y112.24 E1208.00339
G0 F12000 X82.64 Y111.956
G1 F2400 X82.555 Y112.04 E1208.01134
G0 F12000 X82.077 Y111.953
G1 F2400 X82.64 Y111.39 E1208.0643
G0 F12000 X82.64 Y110.824
G1 F2400 X81.797 Y111.668 E1208.14365
G0 F12000 X81.599 Y111.3
G1 F2400 X82.64 Y110.258 E1208.24163
G0 F12000 X82.64 Y109.693
G1 F2400 X81.401 Y110.932 E1208.35819
G0 F12000 X81.268 Y110.5
G1 F2400 X82.64 Y109.127 E1208.4873
G0 F12000 X82.64 Y108.561
G1 F2400 X81.239 Y109.962 E1208.6191
G0 F12000 X81.342 Y109.294
G1 F2400 X82.64 Y107.996 E1208.74121
G0 F12000 X82.111 Y107.96
G1 F2400 X81.751 Y108.319 E1208.77503
G1 F2700 E1203.77503
G0 F12000 X81.305 Y108.271
G0 X79.162 Y106.838
G0 X79.162 Y81.162
G0 X82.654 Y81.15
G0 X83.1 Y80.24
G0 X82.84 Y80.24
G1 F2700 E1208.77503
G1 F2400 X81.34 Y80.24 E1208.87481
G1 X81.149 Y79.887 E1208.90151
G1 X81.068 Y79.559 E1208.92398
G1 X81.067 Y79.19 E1208.94853
G1 X81.018 Y78.812 E1208.97388
G1 X81.064 Y78.458 E1208.99763
G1 X81.203 Y78.097 E1209.02336
G1 X81.238 Y77.958 E1209.0329
G1 X81.366 Y77.676 E1209.0535
G1 X81.634 Y77.216 E1209.08891
G1 X81.879 Y76.953 E1209.11282
G1 X81.987 Y76.86 E1209.1223
G1 X82.639 Y76.188 E1209.18459
G1 X82.84 Y76.268 E1209.19898
G1 X82.84 Y80.24 E1209.4632
G0 F12000 X82.64 Y79.712
G1 F2400 X82.311 Y80.04 E1209.4941
G0 F12000 X81.746 Y80.04
G1 F2400 X82.64 Y79.146 E1209.5782
G0 F12000 X82.64 Y78.581
G1 F2400 X81.362 Y79.859 E1209.69843
G0 F12000 X81.267 Y79.388
G1 F2400 X82.64 Y78.015 E1209.82759
G0 F12000 X82.64 Y77.449
G1 F2400 X81.227 Y78.861 E1209.96047
G0 F12000 X81.403 Y78.12
G1 F2400 X82.432 Y77.092 E1210.05723
G1 X82.432 Y77.091
G1 X82.64 Y76.884 E1210.07675
G1 F2700 E1205.07675
G0 F12000 X83.1 Y76.884
G0 X83.762 Y81.162
G0 X79.162 Y81.162
G0 X79.162 Y146.838
G0 X140.838 Y146.838
G0 X140.838 Y113.162
G0 X140.838 Y81.162
G0 X137.112 Y81.162
G0 X136.9 Y80.24
G0 X137.16 Y80.24
G1 F2700 E1210.07675
G1 F2400 X137.16 Y76.226 E1210.34376
G1 X137.57 Y76.523 E1210.37744
G1 X137.688 Y76.56 E1210.38566
G1 X138.436 Y76.56 E1210.43542
G1 X138.439 Y77.3 E1210.48464
G1 X138.871 Y78.214 E1210.55189
G1 X138.896 Y78.49 E1210.57033
G1 X138.932 Y78.705 E1210.58483
G1 X138.943 Y78.978 E1210.603
G1 X138.936 Y79.293 E1210.62396
G1 X138.889 Y79.59 E1210.64396
G1 X138.843 Y79.725 E1210.65345
G1 X138.767 Y80.114 E1210.67982
G1 X138.684 Y80.24 E1210.68985
G1 X137.16 Y80.24 E1210.79123
G0 F12000 X136.9 Y80.24
G0 X138.317 Y80.5
G0 X138.317 Y80.037
G1 F2400 X138.641 Y79.714 E1210.82166
G0 F12000 X138.741 Y79.048
G1 F2400 X137.749 Y80.04 E1210.91499
G0 F12000 X137.36 Y79.863
G1 F2400 X138.699 Y78.524 E1211.04095
G0 F12000 X138.583 Y78.074
G1 F2400 X137.36 Y79.297 E1211.156
G0 F12000 X137.36 Y78.731
G1 F2400 X138.401 Y77.691 E1211.25389
G0 F12000 X138.241 Y77.285
G1 F2400 X137.36 Y78.166 E1211.33677
G0 F12000 X137.36 Y77.6
G1 F2400 X138.2 Y76.76 E1211.41579
G0 F12000 X137.652 Y76.743
G1 F2400 X137.36 Y77.034 E1211.44321
G1 F2700 E1206.44321
G0 F12000 X136.9 Y77.034
G0 X136.9 Y81.15
G0 X140.838 Y81.162
G0 X140.838 Y106.838
G0 X136.9 Y106.85
G0 X136.9 Y112.239
G0 X137.161 Y112.239
G1 F2700 E1211.44321
G1 F2400 X137.16 Y107.76 E1211.74115
G1 X137.925 Y107.76 E1211.79204
G1 X138.168 Y108.004 E1211.81495
G1 X138.462 Y108.347 E1211.845
G1 X138.871 Y109.214 E1211.90877
G1 X138.896 Y109.49 E1211.9272
G1 X138.932 Y109.705 E1211.9417
G1 X138.943 Y109.978 E1211.95988
G1 X138.936 Y110.293 E1211.98084
G1 X138.889 Y110.59 E1212.00084
G1 X138.843 Y110.725 E1212.01033
G1 X138.767 Y111.118 E1212.03695
G1 X138.442 Y111.66 E1212.07899
G1 X138.44 Y112.24 E1212.11758
G1 X137.161 Y112.239 E1212.20265
G0 F12000 X137.993 Y112.04
G1 F2400 X138.242 Y111.791 E1212.22608
G0 F12000 X137.428 Y112.04
G1 F2400 X138.615 Y110.852 E1212.33779
G0 F12000 X138.739 Y110.163
G1 F2400 X137.36 Y111.541 E1212.46747
G0 F12000 X137.36 Y110.975
G1 F2400 X138.715 Y109.621 E1212.5949
G0 F12000 X138.62 Y109.15
G1 F2400 X137.36 Y110.41 E1212.71343
G0 F12000 X137.36 Y109.844
G1 F2400 X138.438 Y108.766 E1212.81484
G0 F12000 X138.234 Y108.404
G1 F2400 X137.36 Y109.278 E1212.89706
G0 F12000 X137.36 Y108.713
G1 F2400 X137.981 Y108.092 E1212.95548
G0 F12000 X137.548 Y107.96
G1 F2400 X137.36 Y108.147 E1212.97312
G0 F12000 X136.61 Y108.147
G1 F2700 E1207.97312
;MESH:NONMESH
G0 F300 Z28.2
G0 F12000 X136.238 Y113.162
G0 X140.838 Y113.162
G0 X140.838 Y146.838
G0 X79.162 Y146.838
G0 X79.162 Y113.162
G0 X79.162 Y81.162
G0 X83.763 Y73.162
G0 X84.826 Y73.007
;TIME_ELAPSED:5841.784710
;LAYER:70
;TYPE:WALL-INNER
;MESH:tank_trainer_body.stl
G1 F2700 E1212.97312
G1 F2352.9 X85 Y73 E1212.98494
G1 F2400 X134.996 Y73 E1216.31068
G0 F12000 X135.837 Y73.162
G0 X136.567 Y75.99
G0 X140.6 Y80.754
G1 F2400 X140.6 Y73.4 E1216.79987
G1 X136.196 Y73.4 E1217.09283
G1 X136.396 Y73.998 E1217.13477
G1 X136.397 Y76.124 E1217.2762
G1 X136.817 Y76.215 E1217.30478
G1 X137.375 Y76.437 E1217.34473
G1 X137.742 Y76.684 E1217.37416
G1 X137.997 Y76.906 E1217.39665
G1 X138.288 Y77.231 E1217.42567
G1 X138.501 Y77.541 E1217.45069
G1 X138.665 Y77.869 E1217.47508
G1 X138.779 Y78.189 E1217.49768
G1 X138.858 Y78.545 E1217.52193
G1 X138.892 Y78.852 E1217.54248
G1 X138.892 Y79.292 E1217.57175
G1 X138.78 Y79.839 E1217.60889
G1 X138.579 Y80.325 E1217.64388
G1 X138.398 Y80.6 E1217.66578
G1 X140 Y80.6 E1217.77234
G1 X140.54 Y80.706 E1217.80895
G1 X140.6 Y80.754 E1217.81406
G0 F12000 X140.793 Y81.084
G0 X141 Y82
G1 F2400 X141 Y73 E1218.41274
G1 X134.996 Y73 E1218.81213
G1 X135.796 Y73.399 E1218.8716
G1 X135.996 Y73.998 E1218.91361
G1 X135.998 Y76.498 E1219.07991
G1 X136.372 Y76.522 E1219.10484
G1 X136.672 Y76.588 E1219.12527
G1 X137.185 Y76.791 E1219.16197
G1 X137.617 Y77.083 E1219.19665
G1 X137.991 Y77.498 E1219.23382
G1 X138.143 Y77.72 E1219.25171
G1 X138.361 Y78.156 E1219.28414
G1 X138.492 Y78.739 E1219.32389
G1 X138.492 Y79.253 E1219.35808
G1 X138.388 Y79.758 E1219.39238
G1 X138.244 Y80.105 E1219.41737
G1 X137.893 Y80.641 E1219.45999
G1 X137.529 Y80.999 E1219.49395
G1 X140 Y81 E1219.65832
G1 X140.386 Y81.076 E1219.68449
G1 X140.801 Y81.399 E1219.71947
G1 X141 Y82 E1219.76159
G1 X141 Y106 E1221.35807
G1 F2358.7 X140.993 Y106.174 E1221.36986
G0 F12000 X140.6 Y112.754
G1 F2400 X140.6 Y107.246 E1221.73625
G1 X140.54 Y107.293 E1221.74132
G1 X140 Y107.4 E1221.77794
G1 X137.269 Y107.4 E1221.95961
G1 X137.494 Y107.516 E1221.97645
G1 X137.742 Y107.685 E1221.99641
G1 X137.996 Y107.906 E1222.01881
G1 X138.289 Y108.231 E1222.04792
G1 X138.501 Y108.541 E1222.0729
G1 X138.667 Y108.873 E1222.09759
G1 X138.779 Y109.189 E1222.11989
G1 X138.858 Y109.545 E1222.14415
G1 X138.892 Y109.852 E1222.16469
G1 X138.892 Y110.292 E1222.19396
G1 X138.78 Y110.839 E1222.23111
G1 X138.657 Y111.206 E1222.25685
G1 X138.227 Y111.861 E1222.30897
G1 X137.807 Y112.274 E1222.34816
G1 X137.297 Y112.599 E1222.38839
G1 X140 Y112.6 E1222.56819
G1 X140.54 Y112.706 E1222.6048
G1 X140.6 Y112.754 E1222.60991
G0 F12000 X140.793 Y113.084
G0 X141 Y114
G1 F2400 X141 Y106.666 E1223.09777
G1 F2358.7 X140.993 Y106.174 E1223.13107
G1 X140.802 Y106.6 E1223.16267
G1 F2400 X140.386 Y106.924 E1223.19775
G1 X140 Y107 E1223.22392
G1 X136.782 Y107.001 E1223.43798
G1 F2227.4 X136.388 Y107.031 E1223.4663
G1 F2087 X136.026 Y107.028 E1223.49399
G1 F2100.7 X136.027 Y107.471 E1223.52766
G1 F2087 X136.374 Y107.491 E1223.55425
G1 F2227.4 X136.672 Y107.588 E1223.57671
G1 F2400 X137.175 Y107.785 E1223.61265
G1 X137.616 Y108.082 E1223.64801
G1 X137.991 Y108.498 E1223.68527
G1 X138.143 Y108.72 E1223.70317
G1 X138.362 Y109.159 E1223.7358
G1 X138.492 Y109.739 E1223.77534
G1 X138.492 Y110.253 E1223.80953
G1 X138.388 Y110.758 E1223.84383
G1 X138.299 Y111.022 E1223.86236
G1 X137.892 Y111.642 E1223.9117
G1 X137.592 Y111.937 E1223.93969
G1 F2285.7 X137.101 Y112.249 E1223.98032
G1 F2096.1 X136.512 Y112.486 E1224.02868
G1 F2029.6 X136.026 Y112.535 E1224.0671
G1 F2069 X136.027 Y112.971 E1224.10074
G1 F2051.3 X136.544 Y112.961 E1224.14099
G1 F2133.3 X136.821 Y112.989 E1224.16182
G1 F2330.1 X137.111 Y113 E1224.18171
G1 F2400 X140 Y113 E1224.37388
G1 X140.386 Y113.076 E1224.40005
G1 X140.801 Y113.399 E1224.43503
G1 X141 Y114 E1224.47715
G1 X141 Y146 E1226.6058
G1 F2358.7 X140.993 Y146.174 E1226.61758
G0 F12000 X140.838 Y146.838
G0 X140.174 Y146.993
G1 F2436.5 X141.014 Y147.014 E1226.67264
G1 F2442.7 X140.993 Y146.174 E1226.72755
G1 X140.697 Y146.697 E1226.76683
G1 F2436.5 X140.174 Y146.993 E1226.80621
G1 F2352.9 X140 Y147 E1226.81802
G1 F2400 X80 Y147 E1230.80924
G1 F2487 X79.303 Y146.697 E1230.85803
G1 F2436.5 X79.007 Y146.174 E1230.8974
G1 X78.986 Y147.014 E1230.95246
G1 F2487 X80 Y147 E1231.01755
G0 F12000 X79.162 Y146.838
G0 X79.007 Y146.174
G1 F2352.9 X79 Y146 E1231.02937
G1 F2400 X79 Y114 E1233.15802
G0 F12000 X79.146 Y113.246
G0 X79.4 Y112.755
G1 F2400 X79.461 Y112.707 E1233.16318
G1 X80 Y112.6 E1233.19974
G1 X82.736 Y112.601 E1233.38174
G1 X82.478 Y112.473 E1233.40089
G1 X82.1 Y112.197 E1233.43203
G1 X81.816 Y111.905 E1233.45912
G1 X81.602 Y111.619 E1233.48288
G1 X81.336 Y111.144 E1233.5191
G1 X81.243 Y110.887 E1233.53728
G1 X81.106 Y110.335 E1233.57511
G1 X81.112 Y109.796 E1233.61097
G1 X81.155 Y109.465 E1233.63317
G1 X81.247 Y109.105 E1233.65789
G1 X81.338 Y108.853 E1233.67571
G1 X81.609 Y108.371 E1233.7125
G1 X81.841 Y108.07 E1233.73777
G1 X82.101 Y107.814 E1233.76205
G1 X82.328 Y107.633 E1233.78136
G1 X82.69 Y107.401 E1233.80996
G1 X80 Y107.4 E1233.9889
G1 X79.46 Y107.293 E1234.02552
G1 X79.4 Y107.245 E1234.03063
G1 X79.4 Y112.755 E1234.39716
G0 F12000 X79.207 Y113.084
G0 X79 Y114
G1 F2400 X79.199 Y113.399 E1234.43927
G1 X79.615 Y113.076 E1234.47431
G1 X80 Y113 E1234.50041
G1 X83.171 Y113 E1234.71135
G1 F2237.8 X83.66 Y112.97 E1234.7463
G1 F2114.5 X83.974 Y112.975 E1234.77001
G1 F2128.6 X83.973 Y112.528 E1234.80353
G1 F2114.5 X83.712 Y112.519 E1234.82325
G1 F2162.2 X83.096 Y112.335 E1234.87072
G1 F2318.8 X82.657 Y112.115 E1234.90453
G1 F2400 X82.387 Y111.918 E1234.92676
G1 X82.102 Y111.626 E1234.9539
G1 X81.95 Y111.422 E1234.97083
G1 X81.66 Y110.906 E1235.0102
G1 X81.507 Y110.292 E1235.05229
G1 X81.513 Y109.675 E1235.09334
G1 X81.667 Y109.081 E1235.13416
G1 X81.956 Y108.57 E1235.17321
G1 X82.122 Y108.355 E1235.19128
G1 X82.458 Y108.024 E1235.22265
G1 F2280.3 X82.858 Y107.768 E1235.2559
G1 F2073.4 X83.432 Y107.521 E1235.30402
G1 F2008.4 X83.97 Y107.465 E1235.34701
G1 F2060.1 X83.97 Y107.03 E1235.38072
G1 F2033.9 X83.391 Y107.042 E1235.42618
G1 F2091.5 X83.158 Y107.017 E1235.44407
G1 F2302.2 X82.869 Y107 E1235.46415
G1 F2400 X80 Y107 E1235.65499
G1 X79.614 Y106.924 E1235.68116
G1 X79.199 Y106.599 E1235.71623
G1 F2352.9 X79.007 Y106.174 E1235.74787
G1 X78.999 Y106.666 E1235.78126
G1 F2400 X79 Y114 E1236.26911
G0 F12000 X79.007 Y106.174
G1 F2352.9 X79 Y106 E1236.28093
G1 F2400 X79 Y82 E1237.87742
G0 F12000 X79.146 Y81.246
G0 X79.4 Y80.755
G1 F2400 X79.461 Y80.707 E1237.88258
G1 X80 Y80.6 E1237.91913
G1 X81.59 Y80.599 E1238.0249
G1 X81.382 Y80.231 E1238.05302
G1 X81.243 Y79.887 E1238.0777
G1 X81.106 Y79.335 E1238.11553
G1 X81.112 Y78.796 E1238.15139
G1 X81.155 Y78.465 E1238.17359
G1 X81.247 Y78.105 E1238.19831
G1 X81.389 Y77.756 E1238.22337
G1 X81.609 Y77.372 E1238.25281
G1 X81.841 Y77.07 E1238.27815
G1 X82.195 Y76.721 E1238.31121
G1 X82.677 Y76.409 E1238.34941
G1 X83.129 Y76.233 E1238.38167
G1 X83.6 Y76.118 E1238.41393
G1 X83.6 Y74 E1238.55482
G1 X83.707 Y73.46 E1238.59143
G1 X83.755 Y73.4 E1238.59655
G1 X79.401 Y73.401 E1238.88618
G1 X79.4 Y80.755 E1239.37537
G0 F12000 X79.207 Y81.084
G0 X79 Y82
G1 F2400 X79.199 Y81.399 E1239.41748
G1 X79.615 Y81.076 E1239.45251
G1 X80 Y81 E1239.47862
G1 X82.467 Y80.999 E1239.64272
G1 X82.103 Y80.625 E1239.67744
G1 X81.949 Y80.422 E1239.69439
G1 X81.73 Y80.034 E1239.72403
G1 X81.63 Y79.788 E1239.74169
G1 X81.507 Y79.291 E1239.77575
G1 X81.513 Y78.675 E1239.81673
G1 X81.635 Y78.204 E1239.84909
G1 X81.736 Y77.955 E1239.86697
G1 X81.956 Y77.57 E1239.89646
G1 X82.122 Y77.355 E1239.91453
G1 X82.454 Y77.028 E1239.94553
G1 X82.897 Y76.751 E1239.98029
G1 X83.365 Y76.571 E1240.01364
G1 X84 Y76.488 E1240.05624
G1 X84 Y74 E1240.22174
G1 X84.076 Y73.614 E1240.24791
G1 X84.401 Y73.199 E1240.28298
G1 F2352.9 X84.826 Y73.007 E1240.31462
G1 X84.334 Y72.999 E1240.34801
G1 F2400 X79.001 Y73.001 E1240.70276
G1 X79 Y82 E1241.30137
G1 F2700 E1236.30137
G0 F12000 X79.162 Y146.838
G0 X110 Y147.09
G0 X110 Y147.4
G1 F2700 E1241.30137
G1 F2400 X141.4 Y147.4 E1243.39011
G1 X141.4 Y72.6 E1248.36583
G1 X78.601 Y72.601 E1252.54323
G1 X78.601 Y147.399 E1257.51882
G1 X110 Y147.4 E1259.60749
G0 F12000 X110 Y146.6
G1 F2400 X80 Y146.6 E1261.60309
G1 X79.575 Y146.425 E1261.63367
G1 X79.4 Y146.089 E1261.65887
G1 X79.4 Y114 E1263.79344
G1 X79.519 Y113.639 E1263.81872
G1 X79.769 Y113.446 E1263.83973
G1 X80 Y113.4 E1263.8554
G1 X84.399 Y113.4 E1264.14802
G1 X84.398 Y112.051 E1264.23776
G1 X83.934 Y112.127 E1264.26903
G1 X83.269 Y111.974 E1264.31443
G1 X82.743 Y111.711 E1264.35355
G1 X82.338 Y111.294 E1264.39221
G1 X82.036 Y110.76 E1264.43302
G1 X81.907 Y110.249 E1264.46808
G1 X81.913 Y109.73 E1264.50261
G1 X82.04 Y109.231 E1264.53686
G1 X82.343 Y108.699 E1264.57759
G1 X82.709 Y108.339 E1264.61174
G1 X83.071 Y108.107 E1264.64034
G1 X83.465 Y107.962 E1264.66826
G1 X83.969 Y107.896 E1264.70208
G1 X84.4 Y107.931 E1264.73084
G1 X84.4 Y106.6 E1264.81938
G1 X80 Y106.6 E1265.11207
G1 X79.768 Y106.554 E1265.1278
G1 X79.519 Y106.36 E1265.1488
G1 X79.4 Y106.086 E1265.16867
G1 X79.4 Y82 E1266.77088
G1 X79.519 Y81.639 E1266.79616
G1 X79.769 Y81.446 E1266.81717
G1 X80 Y81.4 E1266.83284
G1 X83.287 Y81.399 E1267.05149
G1 F2587.6 X83.948 Y81.429 E1267.09232
G1 F2727.3 X84.419 Y81.42 E1267.11989
G1 F2696.6 X84.418 Y81.042 E1267.14227
G1 F2659.3 X83.897 Y81.092 E1267.17369
G1 F2487 X83.279 Y80.979 E1267.21402
G1 F2400 X82.742 Y80.711 E1267.25394
G1 X82.334 Y80.289 E1267.29299
G1 X82.037 Y79.763 E1267.33317
G1 X81.907 Y79.249 E1267.36844
G1 X81.913 Y78.73 E1267.40297
G1 X82.042 Y78.224 E1267.4377
G1 X82.346 Y77.695 E1267.47829
G1 X82.733 Y77.325 E1267.51391
G1 X83.071 Y77.106 E1267.5407
G1 X83.47 Y76.96 E1267.56896
G1 X83.97 Y76.896 E1267.60249
G1 X84.4 Y76.931 E1267.63119
G1 X84.4 Y74 E1267.82616
G1 X84.446 Y73.768 E1267.84189
G1 X84.64 Y73.519 E1267.86289
G1 X84.914 Y73.4 E1267.88276
G1 X134.996 Y73.4 E1271.21423
G1 X135.476 Y73.639 E1271.2499
G1 X135.596 Y73.999 E1271.27514
G1 X135.599 Y76.945 E1271.47111
G1 X135.97 Y76.897 E1271.49599
G1 X136.44 Y76.927 E1271.52732
G1 X136.964 Y77.133 E1271.56478
G1 X137.35 Y77.384 E1271.5954
G1 X137.749 Y77.827 E1271.63506
G1 X137.982 Y78.293 E1271.66972
G1 X138.093 Y78.788 E1271.70347
G1 X138.084 Y79.252 E1271.73434
G1 X137.996 Y79.678 E1271.76327
G1 X137.91 Y79.886 E1271.77825
G1 X137.558 Y80.422 E1271.8209
G1 X137.378 Y80.599 E1271.83769
G1 X136.898 Y80.903 E1271.87549
G1 F2436.5 X136.506 Y81.033 E1271.90255
G1 F2594.6 X136.057 Y81.072 E1271.93028
G1 F2696.6 X135.756 Y81.063 E1271.94811
G1 F2681.6 X135.577 Y81.027 E1271.95898
G1 X135.578 Y81.421 E1271.98244
G1 F2704.2 X136.08 Y81.424 E1272.01207
G1 F2553.2 X136.933 Y81.4 E1272.06543
G1 F2400 X140 Y81.4 E1272.26945
G1 X140.232 Y81.445 E1272.28517
G1 X140.481 Y81.639 E1272.30617
G1 X140.6 Y82 E1272.33145
G1 X140.6 Y106.085 E1273.93359
G1 X140.482 Y106.36 E1273.9535
G1 X140.232 Y106.554 E1273.97455
G1 X140 Y106.6 E1273.99028
G1 X135.597 Y106.6 E1274.28317
G1 X135.599 Y107.945 E1274.37264
G1 X135.971 Y107.897 E1274.39759
G1 X136.444 Y107.927 E1274.42912
G1 X136.992 Y108.143 E1274.4683
G1 X137.353 Y108.388 E1274.49732
G1 X137.749 Y108.827 E1274.53665
G1 X137.982 Y109.293 E1274.57131
G1 X138.093 Y109.788 E1274.60505
G1 X138.084 Y110.252 E1274.63592
G1 X137.976 Y110.774 E1274.67138
G1 X137.558 Y111.422 E1274.72268
G1 X137.378 Y111.599 E1274.73947
G1 X136.905 Y111.899 E1274.77673
G1 X136.511 Y112.043 E1274.80463
G1 X136.105 Y112.098 E1274.83189
G1 X135.597 Y112.078 E1274.86571
G1 X135.599 Y113.4 E1274.95365
G1 X140 Y113.4 E1275.2464
G1 X140.232 Y113.445 E1275.26212
G1 X140.481 Y113.639 E1275.28312
G1 X140.6 Y114 E1275.30841
G1 X140.6 Y146.089 E1277.44297
G1 X140.424 Y146.424 E1277.46815
G1 X140.089 Y146.6 E1277.49332
G1 X110 Y146.6 E1279.49485
G0 F12000 X110 Y146.199
;TYPE:WALL-OUTER
G1 F2400 X80 Y146.2 E1281.49046
G1 X79.858 Y146.142 E1281.50066
G1 X79.802 Y146.035 E1281.50869
G1 X79.8 Y114 E1283.63967
G1 X79.839 Y113.879 E1283.64813
G1 X79.943 Y113.8 E1283.65681
G1 X84.799 Y113.8 E1283.97984
G1 X84.796 Y111.486 E1284.13376
G1 X84.481 Y111.633 E1284.15689
G1 X83.942 Y111.72 E1284.19321
G1 X83.426 Y111.599 E1284.22846
G1 X82.984 Y111.384 E1284.26116
G1 X82.676 Y111.068 E1284.29051
G1 X82.419 Y110.627 E1284.32446
G1 X82.31 Y110.215 E1284.35281
G1 X82.318 Y109.762 E1284.38295
G1 X82.423 Y109.366 E1284.4102
G1 X82.664 Y108.944 E1284.44253
G1 X82.943 Y108.669 E1284.46859
G1 X83.271 Y108.46 E1284.49446
G1 X83.577 Y108.35 E1284.51609
G1 X83.996 Y108.3 E1284.54416
G1 X84.344 Y108.334 E1284.56742
G1 X84.8 Y108.493 E1284.59955
G1 X84.8 Y106.2 E1284.75208
G1 X79.941 Y106.2 E1285.0753
G1 X79.839 Y106.12 E1285.08392
G1 X79.802 Y106.035 E1285.09009
G1 X79.8 Y82 E1286.6889
G1 X79.839 Y81.879 E1286.69736
G1 X79.943 Y81.8 E1286.70605
G1 X84.799 Y81.8 E1287.02907
G1 X84.796 Y80.485 E1287.11654
G1 X84.477 Y80.634 E1287.13997
G1 X83.948 Y80.716 E1287.17557
G1 X83.426 Y80.599 E1287.21116
G1 X82.982 Y80.384 E1287.24398
G1 X82.645 Y80.027 E1287.27663
G1 X82.406 Y79.59 E1287.30977
G1 X82.31 Y79.215 E1287.33551
G1 X82.318 Y78.762 E1287.36565
G1 X82.417 Y78.375 E1287.39223
G1 X82.664 Y77.944 E1287.42527
G1 X82.943 Y77.669 E1287.45133
G1 X83.251 Y77.468 E1287.47579
G1 X83.586 Y77.349 E1287.49944
G1 X83.996 Y77.3 E1287.52691
G1 X84.344 Y77.334 E1287.55017
G1 X84.8 Y77.493 E1287.58229
G1 X84.8 Y73.941 E1287.81857
G1 X84.88 Y73.839 E1287.8272
G1 X84.965 Y73.802 E1287.83336
G1 X134.996 Y73.8 E1291.16144
G1 X135.156 Y73.879 E1291.17331
G1 X135.196 Y73.999 E1291.18172
G1 X135.2 Y77.507 E1291.41508
G1 X135.417 Y77.383 E1291.4317
G1 X135.945 Y77.296 E1291.4673
G1 X136.353 Y77.322 E1291.49449
G1 X136.794 Y77.495 E1291.52601
G1 X137.071 Y77.679 E1291.54813
G1 X137.415 Y78.054 E1291.58198
G1 X137.608 Y78.452 E1291.6114
G1 X137.688 Y78.808 E1291.63567
G1 X137.69 Y79.183 E1291.66062
G1 X137.596 Y79.636 E1291.69139
G1 X137.2 Y80.239 E1291.73938
G1 X136.71 Y80.544 E1291.77778
G1 X136.396 Y80.655 E1291.79993
G1 X136.072 Y80.696 E1291.82165
G1 X135.721 Y80.676 E1291.84504
G1 X135.305 Y80.548 E1291.87399
G1 X135.197 Y80.486 E1291.88228
G1 X135.2 Y81.8 E1291.96968
G1 X140.059 Y81.8 E1292.29291
G1 X140.161 Y81.879 E1292.30149
G1 X140.2 Y82 E1292.30995
G1 X140.198 Y106.035 E1293.90876
G1 X140.161 Y106.12 E1293.91493
G1 X140.059 Y106.2 E1293.92355
G1 X135.197 Y106.2 E1294.24697
G1 X135.2 Y108.507 E1294.40043
G1 X135.417 Y108.383 E1294.41706
G1 X135.945 Y108.296 E1294.45266
G1 X136.354 Y108.322 E1294.47992
G1 X136.821 Y108.51 E1294.51341
G1 X137.069 Y108.678 E1294.53333
G1 X137.415 Y109.054 E1294.56732
G1 X137.608 Y109.452 E1294.59674
G1 X137.688 Y109.808 E1294.62102
G1 X137.69 Y110.183 E1294.64596
G1 X137.589 Y110.642 E1294.67723
G1 X137.2 Y111.238 E1294.72457
G1 X136.71 Y111.544 E1294.763
G1 X136.396 Y111.655 E1294.78515
G1 X136.071 Y111.696 E1294.80694
G1 X135.721 Y111.676 E1294.83026
G1 X135.197 Y111.506 E1294.86691
G1 X135.2 Y113.8 E1295.0195
G1 X140.059 Y113.8 E1295.34273
G1 X140.161 Y113.879 E1295.35131
G1 X140.2 Y114 E1295.35977
G1 X140.198 Y146.035 E1297.49074
G1 X140.142 Y146.142 E1297.49878
G1 X140.035 Y146.198 E1297.50681
G1 X110 Y146.199 E1299.50475
G0 F12000 X110 Y146.91
G0 X110 Y147.8
G1 F2400 X141.8 Y147.8 E1301.62009
G1 X141.8 Y72.2 E1306.64902
G1 X78.201 Y72.201 E1310.87965
G1 X78.201 Y147.799 E1315.90844
G1 X110 Y147.8 E1318.02372
G1 F2700 E1313.02372
G0 F12000 X110 Y147.09
G0 X140.838 Y146.838
G0 X140.838 Y113.162
G0 X138.373 Y112.521
;TYPE:FILL
G1 F2700 E1318.02372
G1 F4800 X138.707 Y111.275 E1318.10953
G0 F12000 X138.891 Y110.691
G1 F4800 X140.521 Y112.321 E1318.26287
G0 F12000 X140.519 Y110.042
G1 F4800 X138.939 Y110.465 E1318.37168
G1 X138.955 Y110.352
G1 X139.724 Y107.48 E1318.56945
G0 F12000 X140.838 Y106.838
G0 X140.838 Y81.162
G0 X138.951 Y79.404
G1 F4800 X140.519 Y78.983 E1318.67745
G0 F12000 X140.52 Y78.379
G1 F4800 X138.08 Y75.94 E1318.90694
G1 F2700 E1313.90694
G0 F12000 X138.3 Y75.94
G0 X138.237 Y76.819
G0 X138.429 Y77.137
G0 X135.85 Y75.925
G0 X135.837 Y73.162
G0 X84.163 Y73.162
G0 X83.519 Y75.621
G1 F2700 E1318.90694
G1 F4800 X79.481 Y76.704 E1319.18505
G1 X79.48 Y76.737
G1 X81.1 Y78.357 E1319.33745
G0 F12000 X79.48 Y77.308
G1 F4800 X80.506 Y73.48 E1319.60107
G1 F2700 E1314.60107
G0 F12000 X79.162 Y81.162
G0 X79.162 Y106.838
G0 X80.531 Y107.48
G1 F2700 E1319.60107
G1 F4800 X79.48 Y107.762 E1319.67346
G0 F12000 X79.48 Y110.677
G1 F4800 X81.322 Y112.52 E1319.84679
G1 F2700 E1314.84679
G0 F12000 X79.162 Y106.838
G0 X79.162 Y81.162
G0 X84.163 Y73.162
G0 X135.837 Y73.162
G0 X136.496 Y76.683
G0 X138.429 Y77.137
G0 X138.3 Y76.451
G0 X138.04 Y76.451
;TYPE:SKIN
G1 F2700 E1319.84679
G1 F2400 X137.569 Y76.13 E1319.88471
G1 X136.951 Y75.878 E1319.9291
G1 X136.756 Y75.834 E1319.9424
G1 X136.756 Y74.004 E1320.06413
G1 X136.684 Y73.76 E1320.08105
G1 X138.04 Y73.76 E1320.17126
G1 X138.04 Y76.451 E1320.35026
G0 F12000 X138.3 Y76.451
G0 X138.237 Y76.819
G0 X138.429 Y77.137
G0 X136.567 Y75.99
G0 X136.497 Y75.298
G0 X136.958 Y75.298
G1 F2400 X137.57 Y75.911 E1320.40788
G0 F12000 X137.84 Y75.614
G1 F2400 X136.957 Y74.732 E1320.4909
G0 F12000 X136.956 Y74.165
G1 F2400 X137.84 Y75.049 E1320.57406
G0 F12000 X137.84 Y74.483
G1 F2400 X137.317 Y73.96 E1320.62326
G0 F12000 X137.317 Y73.21
G1 F2700 E1315.62326
;MESH:NONMESH
G0 F300 Z28.6
G0 F12000 X136.478 Y73.183
G0 X85.226 Y73.007
;TIME_ELAPSED:5900.461178
;LAYER:71
;TYPE:WALL-INNER
;MESH:tank_trainer_body.stl
G1 F2700 E1320.62326
G1 F2352.9 X85.4 Y73 E1320.63508
G1 F2400 X134.596 Y73 E1323.90761
G0 F12000 X135.437 Y73.162
G0 X136.169 Y75.924
G0 X136.635 Y76.021
G0 X140.6 Y80.754
G1 F2400 X140.6 Y73.4 E1324.3968
G1 X135.796 Y73.4 E1324.71636
G1 X135.996 Y73.998 E1324.75831
G1 X135.999 Y76.1 E1324.89813
G1 X136.303 Y76.118 E1324.91839
G1 X136.585 Y76.164 E1324.9374
G1 X137.014 Y76.282 E1324.967
G1 X137.248 Y76.383 E1324.98395
G1 X137.625 Y76.589 E1325.01253
G1 X138.029 Y76.934 E1325.04787
G1 X138.243 Y77.165 E1325.06881
G1 X138.411 Y77.393 E1325.08765
G1 X138.552 Y77.63 E1325.106
G1 X138.729 Y78.006 E1325.13364
G1 X138.853 Y78.462 E1325.16508
G1 X138.904 Y79.048 E1325.20421
G1 X138.839 Y79.618 E1325.24237
G1 X138.644 Y80.17 E1325.28131
G1 X138.422 Y80.599 E1325.31344
G1 X140 Y80.6 E1325.41841
G1 X140.54 Y80.706 E1325.45502
G1 X140.6 Y80.754 E1325.46013
G0 F12000 X140.793 Y81.084
G0 X141 Y82
G1 F2400 X141 Y73 E1326.05881
G1 X134.596 Y73 E1326.48481
G1 X135.396 Y73.399 E1326.54428
G1 X135.596 Y73.998 E1326.58628
G1 X135.599 Y76.529 E1326.75465
G1 X135.871 Y76.493 E1326.7729
G1 X136.383 Y76.523 E1326.80701
G1 X136.96 Y76.681 E1326.84681
G1 X137.4 Y76.922 E1326.88018
G1 X137.853 Y77.31 E1326.91986
G1 X138.147 Y77.709 E1326.95283
G1 X138.366 Y78.175 E1326.98708
G1 X138.455 Y78.501 E1327.00956
G1 X138.5 Y79.004 E1327.04315
G1 X138.453 Y79.509 E1327.07689
G1 X138.267 Y80.036 E1327.11406
G1 X138.145 Y80.273 E1327.13179
G1 X137.864 Y80.675 E1327.16442
G1 X137.493 Y81 E1327.19723
G1 X140 Y81 E1327.364
G1 X140.386 Y81.076 E1327.39017
G1 X140.801 Y81.399 E1327.42515
G1 X141 Y82 E1327.46726
G1 X141 Y106 E1329.06375
G1 F2358.7 X140.993 Y106.174 E1329.07553
G0 F12000 X140.6 Y112.754
G1 F2400 X140.6 Y107.246 E1329.44193
G1 X140.54 Y107.293 E1329.447
G1 X140 Y107.4 E1329.48362
G1 X137.276 Y107.4 E1329.66482
G1 X137.504 Y107.523 E1329.68205
G1 X137.745 Y107.69 E1329.70156
G1 X138.029 Y107.933 E1329.72642
G1 X138.243 Y108.165 E1329.74741
G1 X138.412 Y108.393 E1329.76629
G1 X138.552 Y108.63 E1329.7846
G1 X138.729 Y109.006 E1329.81225
G1 X138.853 Y109.462 E1329.84368
G1 X138.9 Y110.004 E1329.87987
G1 X138.845 Y110.607 E1329.92015
G1 X138.629 Y111.209 E1329.9627
G1 X138.473 Y111.502 E1329.98478
G1 X138.261 Y111.806 E1330.00943
G1 X138.034 Y112.058 E1330.03199
G1 X137.682 Y112.366 E1330.0631
G1 X137.281 Y112.6 E1330.09399
G1 X140 Y112.6 E1330.27486
G1 X140.54 Y112.706 E1330.31146
G1 X140.6 Y112.754 E1330.31657
G0 F12000 X140.793 Y113.084
G0 X141 Y114
G1 F2400 X141 Y106.666 E1330.80443
G1 F2358.7 X140.993 Y106.174 E1330.83774
G1 X140.802 Y106.6 E1330.86934
G1 F2400 X140.386 Y106.924 E1330.90441
G1 X140 Y107 E1330.93058
G1 F2388.1 X136.922 Y107.002 E1331.13636
G1 F2171.9 X136.553 Y107.04 E1331.16362
G1 F2042.6 X136.294 Y107.029 E1331.18388
G1 F2123.9 X135.621 Y107.023 E1331.23447
G1 F2152.5 X135.621 Y107.501 E1331.26993
G1 X135.839 Y107.469 E1331.28627
G1 F2114.5 X136.451 Y107.495 E1331.33252
G1 F2222.2 X137.056 Y107.734 E1331.37925
G1 F2400 X137.404 Y107.924 E1331.40563
G1 X137.853 Y108.31 E1331.44501
G1 X138.145 Y108.704 E1331.47764
G1 X138.366 Y109.175 E1331.51224
G1 X138.455 Y109.501 E1331.53472
G1 X138.5 Y110.004 E1331.56832
G1 X138.453 Y110.515 E1331.60245
G1 X138.219 Y111.167 E1331.64853
G1 X137.865 Y111.675 E1331.68972
G1 X137.419 Y112.065 E1331.72913
G1 X137.097 Y112.254 E1331.75397
G1 F2181.8 X136.528 Y112.48 E1331.79877
G1 F2025.3 X136.135 Y112.527 E1331.82997
G1 F2087 X135.628 Y112.503 E1331.86879
G1 F2109.9 X135.629 Y112.971 E1331.90421
G1 F2114.5 X136.084 Y112.974 E1331.93856
G1 F2060.1 X136.564 Y112.959 E1331.97578
G1 F2105.3 X136.809 Y112.985 E1331.99446
G1 F2313.3 X137.226 Y113 E1332.02326
G1 F2400 X140 Y113 E1332.20778
G1 X140.386 Y113.076 E1332.23395
G1 X140.801 Y113.399 E1332.26894
G1 X141 Y114 E1332.31105
G1 X141 Y146 E1334.4397
G1 F2358.7 X140.993 Y146.174 E1334.45148
G0 F12000 X140.838 Y146.838
G0 X140.174 Y146.993
G1 F2436.5 X141.014 Y147.014 E1334.50654
G1 F2442.7 X140.993 Y146.174 E1334.56146
G1 X140.697 Y146.697 E1334.60073
G1 F2436.5 X140.174 Y146.993 E1334.64011
G1 F2352.9 X140 Y147 E1334.65192
G1 F2400 X80 Y147 E1338.64314
G1 F2487 X79.303 Y146.697 E1338.69193
G1 F2436.5 X79.007 Y146.174 E1338.7313
G1 X78.986 Y147.014 E1338.78636
G1 F2487 X80 Y147 E1338.85146
G0 F12000 X79.162 Y146.838
G0 X79.007 Y146.174
G1 F2352.9 X79 Y146 E1338.86327
G1 F2400 X79 Y114 E1340.99192
G0 F12000 X79.146 Y113.246
G0 X79.4 Y112.755
G1 F2400 X79.461 Y112.707 E1340.99708
G1 X80 Y112.6 E1341.03364
G1 X82.711 Y112.599 E1341.21397
G1 X82.318 Y112.369 E1341.24426
G1 X81.913 Y112.021 E1341.27978
G1 X81.599 Y111.633 E1341.31299
G1 X81.312 Y111.107 E1341.35285
G1 X81.168 Y110.69 E1341.38219
G1 X81.079 Y109.964 E1341.43085
G1 X81.125 Y109.58 E1341.45657
G1 X81.241 Y109.116 E1341.48839
G1 X81.336 Y108.854 E1341.50693
G1 X81.483 Y108.562 E1341.52868
G1 X81.63 Y108.332 E1341.54683
G1 X81.817 Y108.092 E1341.56707
G1 X82.015 Y107.887 E1341.58603
G1 X82.327 Y107.623 E1341.61322
G1 X82.706 Y107.401 E1341.64244
G1 X80 Y107.4 E1341.82244
G1 X79.46 Y107.293 E1341.85906
G1 X79.4 Y107.245 E1341.86417
G1 X79.4 Y112.755 E1342.2307
G0 F12000 X79.207 Y113.084
G0 X79 Y114
G1 F2400 X79.199 Y113.399 E1342.27281
G1 X79.615 Y113.076 E1342.30784
G1 X80 Y113 E1342.33395
G1 X83.728 Y113 E1342.58194
G1 F2243 X83.739 Y112.972 E1342.58408
G1 F2096.1 X84.371 Y112.971 E1342.63221
G1 X84.371 Y112.512 E1342.66717
G1 F2100.7 X83.737 Y112.516 E1342.71536
G1 F2243 X83.728 Y112.488 E1342.71745
G1 F2400 X83.386 Y112.428 E1342.74055
G1 X82.89 Y112.249 E1342.77563
G1 X82.579 Y112.066 E1342.79963
G1 X82.175 Y111.718 E1342.8351
G1 X81.95 Y111.441 E1342.85884
G1 X81.665 Y110.919 E1342.8984
G1 X81.562 Y110.621 E1342.91937
G1 X81.48 Y109.952 E1342.96421
G1 X81.513 Y109.677 E1342.98263
G1 X81.655 Y109.109 E1343.02158
G1 X81.884 Y108.656 E1343.05535
G1 X82.191 Y108.263 E1343.08852
G1 X82.585 Y107.928 E1343.12292
G1 X82.877 Y107.756 E1343.14546
G1 F2171.9 X83.432 Y107.521 E1343.18977
G1 F2051.3 X84.03 Y107.471 E1343.23647
G1 F2114.5 X84.373 Y107.509 E1343.26252
G1 F2109.9 X84.373 Y107.027 E1343.299
G1 X83.818 Y107.027 E1343.34099
G1 F2042.6 X83.391 Y107.042 E1343.37439
G1 F2096.1 X83.145 Y107.015 E1343.39324
G1 F2307.7 X82.739 Y107 E1343.42134
G1 F2400 X80 Y107 E1343.60354
G1 X79.614 Y106.924 E1343.62971
G1 X79.199 Y106.599 E1343.66478
G1 F2352.9 X79.007 Y106.174 E1343.69642
G1 X78.999 Y106.666 E1343.72981
G1 F2400 X79 Y114 E1344.21766
G0 F12000 X79.007 Y106.174
G1 F2352.9 X79 Y106 E1344.22948
G1 F2400 X79 Y82 E1345.82597
G0 F12000 X79.146 Y81.246
G0 X79.4 Y80.755
G1 F2400 X79.461 Y80.707 E1345.83113
G1 X80 Y80.6 E1345.86768
G1 X81.582 Y80.6 E1345.97292
G1 X81.32 Y80.12 E1346.0093
G1 X81.157 Y79.613 E1346.04472
G1 X81.079 Y78.963 E1346.08827
G1 X81.125 Y78.58 E1346.11393
G1 X81.241 Y78.116 E1346.14575
G1 X81.351 Y77.822 E1346.16663
G1 X81.483 Y77.562 E1346.18602
G1 X81.63 Y77.332 E1346.20418
G1 X81.818 Y77.092 E1346.22446
G1 X82.015 Y76.887 E1346.24337
G1 X82.347 Y76.606 E1346.27231
G1 X82.736 Y76.382 E1346.30217
G1 X83.116 Y76.238 E1346.3292
G1 X83.43 Y76.16 E1346.35072
G1 X84 Y76.086 E1346.38896
G1 X84 Y74 E1346.52772
G1 X84.107 Y73.46 E1346.56434
G1 X84.155 Y73.4 E1346.56945
G1 X79.4 Y73.4 E1346.88575
G1 X79.4 Y80.755 E1347.37501
G0 F12000 X79.207 Y81.084
G0 X79 Y82
G1 F2400 X79.199 Y81.399 E1347.41712
G1 X79.615 Y81.076 E1347.45216
G1 X80 Y81 E1347.47826
G1 X82.501 Y80.999 E1347.64463
G1 X82.175 Y80.718 E1347.67326
G1 X81.95 Y80.44 E1347.69705
G1 X81.67 Y79.928 E1347.73587
G1 X81.555 Y79.569 E1347.76094
G1 X81.48 Y78.952 E1347.80229
G1 X81.513 Y78.677 E1347.82071
G1 X81.656 Y78.106 E1347.85987
G1 X81.885 Y77.654 E1347.89357
G1 X82.197 Y77.256 E1347.92721
G1 X82.6 Y76.916 E1347.96229
G1 X82.877 Y76.756 E1347.98357
G1 X83.364 Y76.571 E1348.01822
G1 X83.965 Y76.493 E1348.05853
G1 X84.4 Y76.539 E1348.08763
G1 X84.4 Y74 E1348.25653
G1 X84.476 Y73.614 E1348.2827
G1 X84.801 Y73.199 E1348.31776
G1 F2352.9 X85.226 Y73.007 E1348.3494
G1 X84.734 Y72.999 E1348.38279
G1 F2400 X79 Y73 E1348.76422
G1 X79 Y82 E1349.3629
G1 F2700 E1344.3629
G0 F12000 X79.162 Y146.838
G0 X110 Y147.09
G0 X110 Y147.4
G1 F2700 E1349.3629
G1 F2400 X141.4 Y147.4 E1351.45164
G1 X141.4 Y72.6 E1356.42735
G1 X78.6 Y72.6 E1360.60483
G1 X78.601 Y147.399 E1365.58048
G1 X110 Y147.4 E1367.66915
G0 F12000 X110 Y146.6
G1 F2400 X80 Y146.6 E1369.66475
G1 X79.575 Y146.425 E1369.69533
G1 X79.4 Y146.089 E1369.72053
G1 X79.4 Y114 E1371.8551
G1 X79.519 Y113.639 E1371.88038
G1 X79.769 Y113.446 E1371.90139
G1 X80 Y113.4 E1371.91706
G1 X84.8 Y113.4 E1372.23636
G1 X84.8 Y111.946 E1372.33308
G1 X84.287 Y112.083 E1372.3684
G1 X83.625 Y112.089 E1372.41244
G1 X83.027 Y111.873 E1372.45473
G1 X82.84 Y111.763 E1372.46916
G1 X82.436 Y111.415 E1372.50463
G1 X82.301 Y111.249 E1372.51887
G1 X81.965 Y110.635 E1372.56542
G1 X81.878 Y109.867 E1372.61684
G1 X82.032 Y109.249 E1372.65921
G1 X82.221 Y108.875 E1372.68708
G1 X82.481 Y108.541 E1372.71524
G1 X82.922 Y108.166 E1372.75374
G1 X83.467 Y107.961 E1372.79248
G1 X83.971 Y107.895 E1372.82629
G1 X84.476 Y107.95 E1372.86008
G1 X84.8 Y108.062 E1372.88288
G1 X84.8 Y106.6 E1372.98014
G1 X80 Y106.6 E1373.29943
G1 X79.768 Y106.554 E1373.31517
G1 X79.519 Y106.36 E1373.33617
G1 X79.4 Y106.086 E1373.35604
G1 X79.4 Y82 E1374.95824
G1 X79.519 Y81.639 E1374.98353
G1 X79.769 Y81.446 E1375.00454
G1 X80 Y81.4 E1375.02021
G1 F2442.7 X83.462 Y81.407 E1375.24647
G1 F2587.6 X83.734 Y81.422 E1375.26328
G1 F2666.7 X84.335 Y81.418 E1375.29926
G1 F2580.6 X84.802 Y81.39 E1375.3282
G1 F2474.2 X84.802 Y80.933 E1375.35769
G1 F2418.1 X84.552 Y81.011 E1375.37498
G1 F2526.3 X84.304 Y81.058 E1375.39093
G1 F2594.6 X83.589 Y81.068 E1375.43493
G1 F2474.2 X83.026 Y80.873 E1375.47337
G1 F2400 X82.84 Y80.763 E1375.48775
G1 X82.436 Y80.415 E1375.52322
G1 X82.301 Y80.248 E1375.5375
G1 X82.021 Y79.736 E1375.57632
G1 X81.952 Y79.521 E1375.59134
G1 X81.878 Y78.866 E1375.63519
G1 X82.032 Y78.249 E1375.67749
G1 X82.222 Y77.872 E1375.70557
G1 X82.484 Y77.537 E1375.73386
G1 X82.922 Y77.166 E1375.77205
G1 X83.461 Y76.963 E1375.81036
G1 X83.975 Y76.895 E1375.84485
G1 X84.476 Y76.95 E1375.87838
G1 X84.8 Y77.062 E1375.90118
G1 X84.8 Y74 E1376.10487
G1 X84.846 Y73.768 E1376.1206
G1 X85.04 Y73.519 E1376.1416
G1 X85.314 Y73.4 E1376.16147
G1 X134.596 Y73.4 E1379.43972
G1 X135.076 Y73.639 E1379.47539
G1 X135.196 Y73.999 E1379.50063
G1 X135.199 Y77.062 E1379.70438
G1 X135.623 Y76.922 E1379.73408
G1 X135.848 Y76.892 E1379.74918
G1 X136.323 Y76.921 E1379.78084
G1 X136.811 Y77.055 E1379.8145
G1 X137.199 Y77.276 E1379.84421
G1 X137.554 Y77.58 E1379.8753
G1 X137.805 Y77.919 E1379.90336
G1 X138.046 Y78.436 E1379.9413
G1 X138.104 Y79 E1379.97901
G1 X138.06 Y79.423 E1380.0073
G1 X137.863 Y79.978 E1380.04648
G1 X137.564 Y80.407 E1380.08126
G1 X137.156 Y80.764 E1380.11733
G1 X136.962 Y80.878 E1380.1323
G1 F2474.2 X136.516 Y81.028 E1380.16266
G1 F2594.6 X136.119 Y81.074 E1380.18725
G1 X135.496 Y81.052 E1380.22561
G1 F2526.3 X135.194 Y80.914 E1380.24659
G1 F2487 X135.194 Y81.406 E1380.27817
G1 F2566.8 X135.624 Y81.419 E1380.30493
G1 F2666.7 X136.2 Y81.422 E1380.33941
G1 F2539.7 X137.052 Y81.4 E1380.39299
G1 F2400 X140 Y81.4 E1380.58909
G1 X140.232 Y81.445 E1380.60481
G1 X140.481 Y81.639 E1380.62581
G1 X140.6 Y82 E1380.65109
G1 X140.6 Y106.085 E1382.25323
G1 X140.482 Y106.36 E1382.27314
G1 X140.232 Y106.554 E1382.29419
G1 X140 Y106.6 E1382.30992
G1 X135.197 Y106.6 E1382.62942
G1 X135.199 Y108.062 E1382.72667
G1 X135.73 Y107.887 E1382.76386
G1 X136.315 Y107.919 E1382.80284
G1 X136.8 Y108.05 E1382.83626
G1 X137.179 Y108.257 E1382.86498
G1 X137.554 Y108.58 E1382.8979
G1 X137.803 Y108.915 E1382.92567
G1 X138.046 Y109.435 E1382.96385
G1 X138.104 Y109.999 E1383.00157
G1 X138.06 Y110.424 E1383.02999
G1 X137.86 Y110.982 E1383.06942
G1 X137.564 Y111.407 E1383.10387
G1 X137.156 Y111.764 E1383.13993
G1 X136.962 Y111.877 E1383.15487
G1 X136.517 Y112.037 E1383.18633
G1 X136.112 Y112.099 E1383.21358
G1 X135.631 Y112.076 E1383.24561
G1 X135.201 Y111.925 E1383.27593
G1 X135.201 Y113.399 E1383.37398
G1 X140 Y113.4 E1383.69321
G1 X140.232 Y113.445 E1383.70893
G1 X140.481 Y113.639 E1383.72993
G1 X140.6 Y114 E1383.75521
G1 X140.6 Y146.089 E1385.88978
G1 X140.424 Y146.424 E1385.91496
G1 X140.089 Y146.6 E1385.94013
G1 X110 Y146.6 E1387.94166
G0 F12000 X110 Y146.199
;TYPE:WALL-OUTER
G1 F2400 X80 Y146.2 E1389.93726
G1 X79.858 Y146.142 E1389.94747
G1 X79.802 Y146.035 E1389.9555
G1 X79.8 Y114 E1392.08648
G1 X79.839 Y113.879 E1392.09493
G1 X79.943 Y113.8 E1392.10362
G1 X85.2 Y113.8 E1392.45332
G1 X85.2 Y111.192 E1392.6268
G1 X84.954 Y111.402 E1392.64832
G1 X84.659 Y111.565 E1392.67074
G1 X84.256 Y111.678 E1392.69858
G1 X83.694 Y111.689 E1392.73597
G1 X83.13 Y111.485 E1392.77587
G1 X82.669 Y111.088 E1392.81634
G1 X82.353 Y110.51 E1392.86016
G1 X82.282 Y109.899 E1392.90108
G1 X82.421 Y109.365 E1392.93778
G1 X82.574 Y109.072 E1392.95977
G1 X82.79 Y108.803 E1392.98272
G1 X83.13 Y108.516 E1393.01232
G1 X83.577 Y108.35 E1393.04403
G1 X83.98 Y108.3 E1393.07105
G1 X84.414 Y108.351 E1393.10012
G1 X84.835 Y108.498 E1393.12978
G1 X85.2 Y108.793 E1393.161
G1 X85.2 Y106.2 E1393.33348
G1 X79.941 Y106.2 E1393.68331
G1 X79.839 Y106.12 E1393.69194
G1 X79.802 Y106.035 E1393.6981
G1 X79.8 Y82 E1395.29692
G1 X79.839 Y81.879 E1395.30538
G1 X79.943 Y81.8 E1395.31406
G1 X85.2 Y81.8 E1395.66376
G1 X85.2 Y80.192 E1395.77072
G1 X84.954 Y80.402 E1395.79224
G1 X84.659 Y80.565 E1395.81466
G1 X84.239 Y80.682 E1395.84366
G1 X83.693 Y80.688 E1395.87998
G1 X83.13 Y80.485 E1395.9198
G1 X82.67 Y80.089 E1395.96017
G1 X82.353 Y79.51 E1396.00408
G1 X82.282 Y78.899 E1396.045
G1 X82.421 Y78.365 E1396.0817
G1 X82.574 Y78.072 E1396.10369
G1 X82.79 Y77.803 E1396.12664
G1 X83.128 Y77.517 E1396.15609
G1 X83.541 Y77.36 E1396.18548
G1 X83.954 Y77.301 E1396.21324
G1 X84.37 Y77.341 E1396.24104
G1 X84.834 Y77.498 E1396.27362
G1 X85.2 Y77.793 E1396.30489
G1 X85.2 Y73.941 E1396.56113
G1 X85.28 Y73.839 E1396.56975
G1 X85.365 Y73.802 E1396.57592
G1 X134.596 Y73.8 E1399.85078
G1 X134.756 Y73.879 E1399.86265
G1 X134.796 Y73.999 E1399.87106
G1 X134.799 Y77.756 E1400.12098
G1 X135.301 Y77.449 E1400.16012
G1 X135.787 Y77.29 E1400.19414
G1 X136.273 Y77.322 E1400.22653
G1 X136.629 Y77.418 E1400.25106
G1 X136.955 Y77.593 E1400.27567
G1 X137.277 Y77.877 E1400.30423
G1 X137.466 Y78.139 E1400.32572
G1 X137.655 Y78.543 E1400.35539
G1 X137.7 Y78.984 E1400.38488
G1 X137.669 Y79.322 E1400.40746
G1 X137.504 Y79.793 E1400.44066
G1 X137.277 Y80.119 E1400.46708
G1 X136.864 Y80.488 E1400.50392
G1 X136.436 Y80.641 E1400.53416
G1 X136.115 Y80.694 E1400.5558
G1 X135.612 Y80.675 E1400.58928
G1 X135.05 Y80.408 E1400.63067
G1 X134.801 Y80.203 E1400.65213
G1 X134.801 Y81.799 E1400.75829
G1 X140.059 Y81.8 E1401.10806
G1 X140.161 Y81.879 E1401.11664
G1 X140.2 Y82 E1401.1251
G1 X140.198 Y106.035 E1402.72391
G1 X140.161 Y106.12 E1402.73008
G1 X140.059 Y106.2 E1402.7387
G1 X134.797 Y106.2 E1403.08873
G1 X134.799 Y108.756 E1403.25876
G1 X135.301 Y108.449 E1403.2979
G1 X135.787 Y108.29 E1403.33191
G1 X136.273 Y108.322 E1403.36431
G1 X136.629 Y108.418 E1403.38884
G1 X136.963 Y108.6 E1403.41414
G1 X137.247 Y108.844 E1403.43905
G1 X137.446 Y109.105 E1403.46088
G1 X137.655 Y109.543 E1403.49316
G1 X137.7 Y109.984 E1403.52265
G1 X137.67 Y110.319 E1403.54503
G1 X137.511 Y110.773 E1403.57702
G1 X137.277 Y111.119 E1403.60481
G1 X136.864 Y111.488 E1403.64165
G1 X136.436 Y111.641 E1403.67189
G1 X136.115 Y111.694 E1403.69353
G1 X135.61 Y111.674 E1403.72715
G1 X135.05 Y111.408 E1403.76839
G1 X134.801 Y111.203 E1403.78984
G1 X134.801 Y113.799 E1403.96253
G1 X140.059 Y113.8 E1404.31229
G1 X140.161 Y113.879 E1404.32088
G1 X140.2 Y114 E1404.32933
G1 X140.198 Y146.035 E1406.46031
G1 X140.142 Y146.142 E1406.46834
G1 X140.035 Y146.198 E1406.47638
G1 X110 Y146.199 E1408.47431
G0 F12000 X110 Y146.91
G0 X110 Y147.8
G1 F2400 X141.8 Y147.8 E1410.58966
G1 X141.8 Y72.2 E1415.61859
G1 X78.2 Y72.2 E1419.84928
G1 X78.201 Y147.799 E1424.87814
G1 X110 Y147.8 E1426.99342
G1 F2700 E1421.99342
G0 F12000 X110 Y147.09
G0 X140.838 Y146.838
G0 X140.838 Y113.162
G0 X138.081 Y112.52
;TYPE:FILL
G1 F2700 E1426.99342
G1 F4800 X138.232 Y111.956 E1427.03226
G0 F12000 X138.869 Y110.777
G1 F4800 X140.52 Y110.334 E1427.14597
G0 F12000 X138.951 Y110.351
G1 F4800 X140.521 Y111.921 E1427.29367
G0 F12000 X138.916 Y109.402
G1 F4800 X139.431 Y107.48 E1427.42603
G0 F12000 X140.838 Y106.838
G0 X140.838 Y81.162
G0 X140.42 Y80.606
G1 F4800 X140.52 Y80.235 E1427.45159
G0 F12000 X140.52 Y79.276
G1 F4800 X138.885 Y79.714 E1427.56418
G0 F12000 X140.52 Y77.979
G1 F4800 X137.68 Y75.139 E1427.83135
G0 F12000 X137.9 Y75.139
G0 X137.9 Y73.825
G0 X137.681 Y73.825
G1 F4800 X138.971 Y73.479 E1427.9202
G1 F2700 E1422.9202
G0 F12000 X135.437 Y73.162
G0 X84.563 Y73.162
G0 X83.92 Y75.807
G1 F2700 E1427.9202
G1 F4800 X79.48 Y76.997 E1428.22597
G0 F12000 X79.48 Y76.336
G1 F4800 X81.185 Y78.041 E1428.38637
G0 F12000 X79.48 Y76.216
G1 F4800 X80.213 Y73.479 E1428.57485
G1 F2700 E1423.57485
G0 F12000 X79.162 Y81.162
G0 X79.162 Y106.838
G0 X81.623 Y107.481
G1 F2700 E1428.57485
G1 F4800 X79.48 Y108.055 E1428.72243
G0 F12000 X79.48 Y110.277
G1 F4800 X81.722 Y112.519 E1428.93334
G1 F2700 E1423.93334
G0 F12000 X79.162 Y106.838
G0 X79.162 Y81.162
G0 X84.563 Y73.162
G0 X135.437 Y73.162
G0 X136.363 Y76.675
G0 X138.141 Y76.816
G0 X137.968 Y76.614
G0 X137.9 Y76.186
G0 X137.64 Y76.186
;TYPE:SKIN
G1 F2700 E1428.93334
G1 F2400 X137.409 Y76.06 E1428.95085
G1 X137.117 Y75.934 E1428.972
G1 X136.677 Y75.814 E1429.00234
G1 X136.356 Y75.761 E1429.02398
G1 X136.356 Y74.004 E1429.14086
G1 X136.284 Y73.76 E1429.15778
G1 X137.64 Y73.76 E1429.24798
G1 X137.64 Y76.186 E1429.40936
G0 F12000 X137.002 Y75.696
G1 F2400 X137.44 Y75.258 E1429.45056
G0 F12000 X137.44 Y74.692
G1 F2400 X136.557 Y75.575 E1429.53363
G0 F12000 X136.556 Y75.01
G1 F2400 X137.44 Y74.127 E1429.61674
G0 F12000 X137.041 Y73.96
G1 F2400 X136.556 Y74.444 E1429.66232
G0 F12000 X135.81 Y74.445
G1 F2700 E1424.66232
;MESH:NONMESH
G0 F300 Z29
G0 F12000 X135.437 Y73.162
G0 X85.626 Y73.007
;TIME_ELAPSED:5959.918033
;LAYER:72
;TYPE:WALL-INNER
;MESH:tank_trainer_body.stl
G1 F2700 E1429.66232
G1 F2352.9 X85.8 Y73 E1429.67414
G1 F2400 X134.196 Y73 E1432.89345
G0 F12000 X135.037 Y73.162
G0 X135.768 Y75.918
G0 X136.504 Y75.986
G0 X140.6 Y80.754
G1 F2400 X140.6 Y73.4 E1433.38264
G1 X135.397 Y73.4 E1433.72875
G1 X135.596 Y73.999 E1433.77074
G1 X135.599 Y76.119 E1433.91176
G1 X136.007 Y76.101 E1433.93893
G1 X136.291 Y76.116 E1433.95784
G1 X136.747 Y76.192 E1433.9886
G1 X137.206 Y76.368 E1434.0213
G1 X137.477 Y76.508 E1434.04159
G1 X137.755 Y76.692 E1434.06376
G1 X137.993 Y76.902 E1434.08488
G1 X138.284 Y77.226 E1434.11385
G1 X138.494 Y77.531 E1434.13848
G1 X138.661 Y77.863 E1434.1632
G1 X138.779 Y78.189 E1434.18626
G1 X138.858 Y78.545 E1434.21052
G1 X138.892 Y78.852 E1434.23107
G1 X138.892 Y79.285 E1434.25987
G1 X138.81 Y79.699 E1434.28794
G1 X138.709 Y80.009 E1434.30963
G1 X138.525 Y80.41 E1434.33898
G1 X138.403 Y80.599 E1434.35395
G1 X140 Y80.6 E1434.46018
G1 X140.54 Y80.706 E1434.49678
G1 X140.6 Y80.754 E1434.5019
G0 F12000 X140.793 Y81.084
G0 X141 Y82
G1 F2400 X141 Y73 E1435.10058
G1 X134.196 Y73 E1435.55318
G1 X134.996 Y73.4 E1435.61268
G1 X135.196 Y73.999 E1435.65469
G1 X135.198 Y76.616 E1435.82877
G1 X135.618 Y76.521 E1435.85742
G1 X136.136 Y76.496 E1435.89191
G1 X136.633 Y76.577 E1435.92541
G1 X137.167 Y76.782 E1435.96346
G1 X137.613 Y77.078 E1435.99907
G1 X137.987 Y77.494 E1436.03628
G1 X138.137 Y77.712 E1436.05388
G1 X138.362 Y78.159 E1436.08717
G1 X138.492 Y78.739 E1436.12671
G1 X138.492 Y79.247 E1436.1605
G1 X138.394 Y79.735 E1436.19361
G1 X138.161 Y80.242 E1436.23073
G1 X138.012 Y80.475 E1436.24913
G1 X137.772 Y80.755 E1436.27366
G1 X137.48 Y80.999 E1436.29897
G1 X140 Y81 E1436.4666
G1 X140.386 Y81.076 E1436.49277
G1 X140.801 Y81.399 E1436.52775
G1 X141 Y82 E1436.56987
G1 X141 Y106 E1438.16635
G1 F2358.7 X140.993 Y106.174 E1438.17814
G0 F12000 X140.6 Y112.754
G1 F2400 X140.6 Y107.246 E1438.54453
G1 X140.54 Y107.293 E1438.5496
G1 X140 Y107.4 E1438.58622
G1 X137.314 Y107.4 E1438.7649
G1 X137.724 Y107.672 E1438.79762
G1 X137.993 Y107.902 E1438.82117
G1 X138.285 Y108.226 E1438.85018
G1 X138.494 Y108.532 E1438.87483
G1 X138.667 Y108.873 E1438.90027
G1 X138.779 Y109.189 E1438.92257
G1 X138.858 Y109.545 E1438.94683
G1 X138.892 Y109.852 E1438.96737
G1 X138.892 Y110.285 E1438.99618
G1 X138.81 Y110.699 E1439.02425
G1 X138.709 Y111.009 E1439.04594
G1 X138.524 Y111.409 E1439.07525
G1 X138.316 Y111.736 E1439.10103
G1 X138.076 Y112.016 E1439.12557
G1 X137.823 Y112.246 E1439.14831
G1 X137.519 Y112.462 E1439.17312
G1 X137.268 Y112.6 E1439.19217
G1 X140 Y112.6 E1439.3739
G1 X140.54 Y112.706 E1439.41051
G1 X140.6 Y112.754 E1439.41562
G0 F12000 X140.793 Y113.084
G0 X141 Y114
G1 F2400 X141 Y106.666 E1439.90348
G1 F2358.7 X140.993 Y106.174 E1439.93679
G1 X140.802 Y106.6 E1439.96838
G1 F2400 X140.386 Y106.924 E1440.00346
G1 X140 Y107 E1440.02963
G1 X137.2 Y107 E1440.21589
G1 F2330.1 X136.831 Y107.012 E1440.24118
G1 F2123.9 X136.556 Y107.04 E1440.26196
G1 F2069 X136.076 Y107.025 E1440.29902
G1 F2091.5 X135.231 Y107.034 E1440.36352
G1 F2051.3 X135.232 Y107.581 E1440.40609
G1 X135.502 Y107.499 E1440.42806
G1 F2060.1 X136.143 Y107.472 E1440.47777
G1 F2033.9 X136.52 Y107.517 E1440.50758
G1 F2091.5 X137.179 Y107.79 E1440.56202
G1 F2285.7 X137.504 Y108.005 E1440.58924
G1 F2400 X137.696 Y108.17 E1440.60608
G1 X137.988 Y108.494 E1440.6351
G1 X138.137 Y108.712 E1440.65266
G1 X138.361 Y109.156 E1440.68574
G1 X138.492 Y109.739 E1440.72549
G1 X138.492 Y110.247 E1440.75928
G1 X138.394 Y110.735 E1440.79239
G1 X138.161 Y111.242 E1440.82951
G1 X138.012 Y111.475 E1440.84791
G1 X137.695 Y111.846 E1440.88037
G1 X137.197 Y112.2 E1440.92101
G1 X136.826 Y112.355 E1440.94776
G1 F2253.5 X136.218 Y112.527 E1440.99252
G1 F2123.9 X135.867 Y112.527 E1441.01891
G1 F2060.1 X135.396 Y112.462 E1441.05575
G1 F2000 X135.239 Y112.413 E1441.06888
G1 F2042.6 X135.24 Y112.95 E1441.11085
G1 F2123.9 X136.04 Y112.979 E1441.17103
G1 F2147.7 X136.256 Y112.974 E1441.18709
G1 F2253.5 X136.707 Y113 E1441.21909
G1 F2400 X140 Y113 E1441.43814
G1 X140.386 Y113.076 E1441.46431
G1 X140.801 Y113.399 E1441.49929
G1 X141 Y114 E1441.54141
G1 X141 Y146 E1443.67006
G1 F2358.7 X140.993 Y146.174 E1443.68184
G0 F12000 X140.838 Y146.838
G0 X140.174 Y146.993
G1 F2436.5 X141.014 Y147.014 E1443.7369
G1 F2442.7 X140.993 Y146.174 E1443.79182
G1 X140.697 Y146.697 E1443.83109
G1 F2436.5 X140.174 Y146.993 E1443.87047
G1 F2352.9 X140 Y147 E1443.88228
G1 F2400 X80 Y147 E1447.8735
G1 F2487 X79.303 Y146.697 E1447.92229
G1 F2436.5 X79.007 Y146.174 E1447.96166
G1 X78.986 Y147.014 E1448.01672
G1 F2487 X80 Y147 E1448.08182
G0 F12000 X79.162 Y146.838
G0 X79.007 Y146.174
G1 F2352.9 X79 Y146 E1448.09363
G1 F2400 X79 Y114 E1450.22228
G0 F12000 X79.146 Y113.246
G0 X79.4 Y112.755
G1 F2400 X79.461 Y112.707 E1450.22744
G1 X80 Y112.6 E1450.264
G1 X82.702 Y112.6 E1450.44373
G1 X82.35 Y112.383 E1450.47124
G1 X82.085 Y112.17 E1450.49386
G1 X81.777 Y111.853 E1450.52326
G1 X81.575 Y111.589 E1450.54537
G1 X81.364 Y111.202 E1450.57469
G1 X81.195 Y110.715 E1450.60898
G1 X81.129 Y110.46 E1450.6265
G1 X81.1 Y109.968 E1450.65929
G1 X81.14 Y109.521 E1450.68914
G1 X81.215 Y109.193 E1450.71152
G1 X81.361 Y108.797 E1450.7396
G1 X81.483 Y108.561 E1450.75727
G1 X81.643 Y108.312 E1450.77696
G1 X81.802 Y108.11 E1450.79406
G1 X82.082 Y107.813 E1450.82121
G1 X82.478 Y107.521 E1450.85394
G1 X82.723 Y107.4 E1450.87212
G1 X80 Y107.4 E1451.05325
G1 X79.46 Y107.293 E1451.08987
G1 X79.4 Y107.245 E1451.09498
G1 X79.4 Y112.755 E1451.46151
G0 F12000 X79.207 Y113.084
G0 X79 Y114
G1 F2400 X79.199 Y113.399 E1451.50362
G1 X79.615 Y113.076 E1451.53866
G1 X80 Y113 E1451.56476
G1 X82.941 Y113 E1451.7604
G1 F2196.8 X83.485 Y112.963 E1451.80002
G1 F2087 X83.86 Y112.977 E1451.82873
G1 X84.764 Y112.964 E1451.89789
G1 F2029.6 X84.764 Y112.419 E1451.94076
G1 X84.496 Y112.492 E1451.96261
G1 F2087 X83.86 Y112.531 E1452.01136
G1 X83.554 Y112.5 E1452.03488
G1 F2196.8 X83.045 Y112.304 E1452.07452
G1 F2400 X82.813 Y112.199 E1452.09146
G1 X82.455 Y111.977 E1452.11948
G1 X81.97 Y111.479 E1452.16573
G1 X81.735 Y111.053 E1452.19809
G1 X81.538 Y110.483 E1452.23821
G1 X81.5 Y109.968 E1452.27256
G1 X81.548 Y109.448 E1452.30729
G1 X81.761 Y108.867 E1452.34846
G1 X82.026 Y108.456 E1452.38099
G1 X82.373 Y108.088 E1452.41463
G1 X82.656 Y107.879 E1452.43804
G1 F2176.9 X83.388 Y107.518 E1452.49789
G1 F2025.3 X84.031 Y107.471 E1452.54872
G1 F2029.6 X84.561 Y107.529 E1452.59065
G1 F1995.8 X84.76 Y107.582 E1452.60713
G1 X84.76 Y107.04 E1452.65048
G1 F2060.1 X83.98 Y107.025 E1452.71094
G1 X83.347 Y107.041 E1452.76001
G1 F2167 X82.972 Y107.002 E1452.78779
G1 F2388.1 X80 Y107 E1452.98647
G1 F2400 X79.614 Y106.924 E1453.01264
G1 X79.199 Y106.599 E1453.04771
G1 F2352.9 X79.007 Y106.174 E1453.07935
G1 X78.999 Y106.666 E1453.11274
G1 F2400 X79 Y114 E1453.6006
G0 F12000 X79.007 Y106.174
G1 F2352.9 X79 Y106 E1453.61241
G1 F2400 X79 Y82 E1455.2089
G0 F12000 X79.146 Y81.246
G0 X79.4 Y80.755
G1 F2400 X79.461 Y80.707 E1455.21406
G1 X80 Y80.6 E1455.25062
G1 X81.555 Y80.6 E1455.35405
G1 X81.339 Y80.134 E1455.38822
G1 X81.195 Y79.715 E1455.41769
G1 X81.129 Y79.46 E1455.43521
G1 X81.1 Y78.968 E1455.468
G1 X81.14 Y78.521 E1455.49785
G1 X81.215 Y78.193 E1455.52023
G1 X81.344 Y77.841 E1455.54517
G1 X81.483 Y77.56 E1455.56603
G1 X81.643 Y77.312 E1455.58566
G1 X81.803 Y77.109 E1455.60285
G1 X82.192 Y76.696 E1455.64059
G1 X82.478 Y76.521 E1455.6629
G1 X82.946 Y76.289 E1455.69764
G1 X83.284 Y76.173 E1455.72142
G1 X83.831 Y76.108 E1455.75806
G1 X84.17 Y76.113 E1455.78061
G1 X84.404 Y76.145 E1455.79632
G1 X84.4 Y74.003 E1455.93881
G1 X84.507 Y73.462 E1455.97549
G1 X84.556 Y73.4 E1455.98075
G1 X79.4 Y73.4 E1456.32373
G1 X79.4 Y80.755 E1456.81298
G0 F12000 X79.207 Y81.084
G0 X79 Y82
G1 F2400 X79.199 Y81.399 E1456.8551
G1 X79.615 Y81.076 E1456.89013
G1 X80 Y81 E1456.91624
G1 X82.478 Y81 E1457.08107
G1 X81.965 Y80.474 E1457.12995
G1 X81.718 Y80.005 E1457.16521
G1 X81.537 Y79.478 E1457.20228
G1 X81.5 Y78.968 E1457.23629
G1 X81.548 Y78.449 E1457.27096
G1 X81.76 Y77.868 E1457.3121
G1 X82.029 Y77.452 E1457.34506
G1 X82.494 Y76.96 E1457.39009
G1 X83.123 Y76.647 E1457.43682
G1 X83.365 Y76.565 E1457.45382
G1 X83.992 Y76.492 E1457.49581
G1 X84.556 Y76.569 E1457.53368
G1 X84.805 Y76.637 E1457.55085
G1 X84.8 Y74.002 E1457.72613
G1 X84.876 Y73.616 E1457.7523
G1 X85.199 Y73.199 E1457.78738
G1 F2352.9 X85.626 Y73.007 E1457.81915
G1 X85.133 Y73 E1457.8526
G1 F2400 X79 Y73 E1458.26057
G1 X79 Y82 E1458.85926
G1 F2700 E1453.85926
G0 F12000 X79.162 Y146.838
G0 X110 Y147.09
G0 X110 Y147.4
G1 F2700 E1458.85926
G1 F2400 X141.4 Y147.4 E1460.94799
G1 X141.4 Y72.6 E1465.92371
G1 X78.6 Y72.6 E1470.10118
G1 X78.601 Y147.399 E1475.07683
G1 X110 Y147.4 E1477.1655
G0 F12000 X110 Y146.6
G1 F2400 X80 Y146.6 E1479.16111
G1 X79.575 Y146.425 E1479.19168
G1 X79.4 Y146.089 E1479.21688
G1 X79.4 Y114 E1481.35145
G1 X79.519 Y113.639 E1481.37674
G1 X79.769 Y113.446 E1481.39775
G1 X80 Y113.4 E1481.41341
G1 X85.2 Y113.4 E1481.75932
G1 X85.2 Y111.706 E1481.872
G1 X84.92 Y111.884 E1481.89408
G1 X84.503 Y112.055 E1481.92406
G1 X83.787 Y112.114 E1481.97185
G1 X83.089 Y111.899 E1482.02043
G1 X82.713 Y111.667 E1482.04982
G1 X82.294 Y111.238 E1482.08971
G1 X82.107 Y110.904 E1482.11517
G1 X81.928 Y110.364 E1482.15302
G1 X81.9 Y109.968 E1482.17942
G1 X81.942 Y109.536 E1482.2083
G1 X82.12 Y109.048 E1482.24285
G1 X82.344 Y108.702 E1482.27027
G1 X82.737 Y108.285 E1482.30838
G1 X83.396 Y107.959 E1482.35729
G1 X83.98 Y107.9 E1482.39634
G1 X84.574 Y107.974 E1482.43616
G1 X84.984 Y108.138 E1482.46553
G1 X85.2 Y108.279 E1482.48269
G1 X85.2 Y106.6 E1482.59438
G1 X80 Y106.6 E1482.94028
G1 X79.768 Y106.554 E1482.95602
G1 X79.519 Y106.36 E1482.97701
G1 X79.4 Y106.086 E1482.99688
G1 X79.4 Y82 E1484.59909
G1 X79.519 Y81.639 E1484.62438
G1 X79.769 Y81.446 E1484.64539
G1 X80 Y81.4 E1484.66105
G1 X83.092 Y81.399 E1484.86673
G1 F2573.7 X83.86 Y81.427 E1484.9144
G1 F2666.7 X84.493 Y81.414 E1484.95231
G1 F2436.5 X85.171 Y81.352 E1484.99692
G1 F2212 X85.169 Y80.76 E1485.03965
G1 F2114.5 X84.859 Y80.938 E1485.06664
G1 F2212 X84.518 Y81.038 E1485.09228
G1 F2394 X83.773 Y81.087 E1485.14207
G1 F2436.5 X83.101 Y80.905 E1485.18769
G1 F2400 X82.712 Y80.666 E1485.21806
G1 X82.292 Y80.236 E1485.25804
G1 X82.096 Y79.875 E1485.28537
G1 X81.928 Y79.364 E1485.32115
G1 X81.9 Y78.968 E1485.34756
G1 X81.942 Y78.536 E1485.37643
G1 X82.121 Y78.046 E1485.41113
G1 X82.344 Y77.702 E1485.4384
G1 X82.737 Y77.286 E1485.47647
G1 X83.389 Y76.962 E1485.5249
G1 X83.988 Y76.895 E1485.565
G1 X84.572 Y76.975 E1485.60421
G1 X84.983 Y77.139 E1485.63364
G1 X85.206 Y77.285 E1485.65137
G1 X85.2 Y74.001 E1485.86983
G1 X85.246 Y73.769 E1485.88556
G1 X85.439 Y73.519 E1485.90657
G1 X85.715 Y73.4 E1485.92656
G1 X134.196 Y73.4 E1489.15153
G1 X134.676 Y73.64 E1489.18723
G1 X134.796 Y73.999 E1489.21241
G1 X134.798 Y77.283 E1489.43086
G1 X135.062 Y77.121 E1489.45147
G1 X135.534 Y76.925 E1489.48546
G1 X136.106 Y76.897 E1489.52356
G1 X136.498 Y76.96 E1489.54997
G1 X136.979 Y77.137 E1489.58406
G1 X137.348 Y77.383 E1489.61356
G1 X137.744 Y77.822 E1489.65289
G1 X137.982 Y78.292 E1489.68794
G1 X138.093 Y78.788 E1489.72175
G1 X138.084 Y79.248 E1489.75235
G1 X138.011 Y79.612 E1489.77705
G1 X137.763 Y80.151 E1489.81651
G1 X137.419 Y80.552 E1489.85166
G1 X137.003 Y80.848 E1489.88562
G1 X136.605 Y81.014 E1489.91431
G1 F2449 X136.048 Y81.095 E1489.951
G1 F2388.1 X135.285 Y80.998 E1490.00242
G1 F2191.8 X134.828 Y80.785 E1490.03914
G1 F2186.8 X134.828 Y81.352 E1490.08054
G1 F2376.2 X135.439 Y81.405 E1490.12174
G1 F2637.4 X136.04 Y81.429 E1490.15815
G1 F2587.6 X136.603 Y81.4 E1490.19294
G1 F2400 X140 Y81.4 E1490.4189
G1 X140.232 Y81.445 E1490.43462
G1 X140.481 Y81.639 E1490.45562
G1 X140.6 Y82 E1490.48091
G1 X140.6 Y106.085 E1492.08305
G1 X140.482 Y106.36 E1492.10295
G1 X140.232 Y106.554 E1492.124
G1 X140 Y106.6 E1492.13974
G1 X134.797 Y106.6 E1492.48584
G1 X134.798 Y108.283 E1492.5978
G1 X135.062 Y108.121 E1492.6184
G1 X135.522 Y107.93 E1492.65153
G1 X136.076 Y107.9 E1492.68844
G1 X136.513 Y107.959 E1492.71777
G1 X136.98 Y108.138 E1492.75104
G1 X137.347 Y108.382 E1492.78036
G1 X137.744 Y108.822 E1492.81978
G1 X137.982 Y109.292 E1492.85482
G1 X138.093 Y109.788 E1492.88863
G1 X138.084 Y110.248 E1492.91924
G1 X138.011 Y110.612 E1492.94393
G1 X137.763 Y111.151 E1492.9834
G1 X137.419 Y111.552 E1493.01855
G1 X137.003 Y111.848 E1493.05251
G1 X136.617 Y112.009 E1493.08033
G1 X136.049 Y112.127 E1493.11892
G1 X135.396 Y112.015 E1493.16299
G1 X134.799 Y111.742 E1493.20666
G1 X134.8 Y113.399 E1493.31688
G1 X140 Y113.4 E1493.66279
G1 X140.232 Y113.445 E1493.67851
G1 X140.481 Y113.639 E1493.69951
G1 X140.6 Y114 E1493.72479
G1 X140.6 Y146.089 E1495.85936
G1 X140.424 Y146.424 E1495.88453
G1 X140.089 Y146.6 E1495.90971
G1 X110 Y146.6 E1497.91123
G0 F12000 X110 Y146.199
;TYPE:WALL-OUTER
G1 F2400 X80 Y146.2 E1499.90684
G1 X79.858 Y146.142 E1499.91705
G1 X79.802 Y146.035 E1499.92508
G1 X79.8 Y114 E1502.05606
G1 X79.839 Y113.879 E1502.06451
G1 X79.943 Y113.8 E1502.0732
G1 X85.6 Y113.8 E1502.44951
G1 X85.6 Y110.629 E1502.66044
G1 X85.351 Y111.03 E1502.69184
G1 X85.137 Y111.259 E1502.71269
G1 X84.768 Y111.514 E1502.74253
G1 X84.387 Y111.663 E1502.76974
G1 X83.833 Y111.71 E1502.80672
G1 X83.234 Y111.519 E1502.84855
G1 X82.944 Y111.332 E1502.8715
G1 X82.607 Y110.978 E1502.90401
G1 X82.474 Y110.745 E1502.92186
G1 X82.322 Y110.295 E1502.95345
G1 X82.3 Y109.968 E1502.97526
G1 X82.343 Y109.603 E1502.9997
G1 X82.491 Y109.211 E1503.02758
G1 X82.651 Y108.963 E1503.04721
G1 X82.978 Y108.612 E1503.07912
G1 X83.511 Y108.348 E1503.11869
G1 X83.98 Y108.3 E1503.15005
G1 X84.447 Y108.361 E1503.18138
G1 X84.861 Y108.52 E1503.21088
G1 X85.294 Y108.865 E1503.2477
G1 X85.544 Y109.291 E1503.28056
G1 F2727.3 X85.643 Y109.77 E1503.30919
G1 F3157.9 X85.648 Y109.755 E1503.30999
G1 F2727.3 X85.6 Y109.283 E1503.33777
G1 F2400 X85.6 Y106.2 E1503.54285
G1 X79.941 Y106.2 E1503.91929
G1 X79.839 Y106.12 E1503.92791
G1 X79.802 Y106.035 E1503.93408
G1 X79.8 Y82 E1505.53289
G1 X79.839 Y81.879 E1505.54135
G1 X79.943 Y81.8 E1505.55003
G1 X85.599 Y81.8 E1505.92627
G1 X85.59 Y79.63 E1506.07062
G1 F2790.7 X85.648 Y79.116 E1506.10021
G1 X85.588 Y79.647 E1506.13078
G1 F2400 X85.325 Y80.063 E1506.16352
G1 X85.107 Y80.285 E1506.18422
G1 X84.768 Y80.514 E1506.21143
G1 X84.405 Y80.662 E1506.23751
G1 X83.834 Y80.71 E1506.27563
G1 X83.281 Y80.54 E1506.31411
G1 X82.982 Y80.363 E1506.33723
G1 X82.607 Y79.978 E1506.37298
G1 X82.474 Y79.745 E1506.39082
G1 X82.322 Y79.295 E1506.42242
G1 X82.3 Y78.968 E1506.44422
G1 X82.343 Y78.603 E1506.46867
G1 X82.491 Y78.211 E1506.49654
G1 X82.651 Y77.963 E1506.51617
G1 X82.978 Y77.612 E1506.54808
G1 X83.507 Y77.35 E1506.58735
G1 X84.008 Y77.301 E1506.62084
G1 X84.448 Y77.361 E1506.65038
G1 X84.859 Y77.519 E1506.67967
G1 X85.293 Y77.867 E1506.71667
G1 X85.542 Y78.291 E1506.74938
G1 F2711.9 X85.65 Y78.763 E1506.77789
G1 X85.608 Y78.281 E1506.80637
G1 F2400 X85.6 Y73.943 E1507.09494
G1 X85.679 Y73.839 E1507.10362
G1 X85.765 Y73.802 E1507.10985
G1 X134.196 Y73.8 E1510.33149
G1 X134.356 Y73.88 E1510.34339
G1 X134.396 Y73.999 E1510.35174
G1 X134.398 Y78.373 E1510.6427
G1 X134.66 Y77.952 E1510.67569
G1 X134.94 Y77.669 E1510.70217
G1 X135.215 Y77.491 E1510.72396
G1 X135.624 Y77.321 E1510.75343
G1 X136.107 Y77.302 E1510.78558
G1 X136.406 Y77.349 E1510.80571
G1 X136.815 Y77.509 E1510.83493
G1 X137.067 Y77.676 E1510.85504
G1 X137.412 Y78.051 E1510.88893
G1 X137.608 Y78.452 E1510.91862
G1 X137.688 Y78.808 E1510.9429
G1 X137.689 Y79.184 E1510.96791
G1 X137.633 Y79.464 E1510.9869
G1 X137.422 Y79.934 E1511.02117
G1 X137.128 Y80.268 E1511.05077
G1 X136.786 Y80.505 E1511.07845
G1 X136.482 Y80.628 E1511.10027
G1 X136.044 Y80.721 E1511.13005
G1 X135.538 Y80.634 E1511.1642
G1 X135.047 Y80.409 E1511.20013
G1 X134.826 Y80.229 E1511.21909
G1 X134.548 Y79.916 E1511.24694
G1 X134.398 Y79.55 E1511.27325
G1 X134.4 Y81.8 E1511.42292
G1 X140.059 Y81.8 E1511.79936
G1 X140.161 Y81.879 E1511.80794
G1 X140.2 Y82 E1511.8164
G1 X140.198 Y106.035 E1513.41521
G1 X140.161 Y106.12 E1513.42138
G1 X140.059 Y106.2 E1513.43
G1 X134.397 Y106.2 E1513.80664
G1 X134.398 Y109.373 E1514.01771
G1 X134.66 Y108.953 E1514.05064
G1 X134.94 Y108.669 E1514.07717
G1 X135.18 Y108.509 E1514.09636
G1 X135.635 Y108.322 E1514.12908
G1 X136.076 Y108.3 E1514.15845
G1 X136.391 Y108.346 E1514.17963
G1 X136.815 Y108.509 E1514.20984
G1 X137.101 Y108.706 E1514.23295
G1 X137.423 Y109.073 E1514.26542
G1 X137.608 Y109.452 E1514.29348
G1 X137.688 Y109.808 E1514.31775
G1 X137.689 Y110.184 E1514.34276
G1 X137.633 Y110.464 E1514.36176
G1 X137.422 Y110.934 E1514.39603
G1 X137.128 Y111.268 E1514.42562
G1 X136.786 Y111.505 E1514.4533
G1 X136.482 Y111.628 E1514.47512
G1 X136.041 Y111.72 E1514.50509
G1 X135.538 Y111.634 E1514.53903
G1 X135.047 Y111.409 E1514.57496
G1 X134.826 Y111.23 E1514.59388
G1 X134.548 Y110.916 E1514.62177
G1 X134.398 Y110.55 E1514.64809
G1 X134.4 Y113.799 E1514.86421
G1 X140.059 Y113.8 E1515.24065
G1 X140.161 Y113.879 E1515.24923
G1 X140.2 Y114 E1515.25769
G1 X140.198 Y146.035 E1517.38866
G1 X140.142 Y146.142 E1517.3967
G1 X140.035 Y146.198 E1517.40473
G1 X110 Y146.199 E1519.40267
G0 F12000 X110 Y146.91
G0 X110 Y147.8
G1 F2400 X141.8 Y147.8 E1521.51801
G1 X141.8 Y72.2 E1526.54694
G1 X78.2 Y72.2 E1530.77763
G1 X78.201 Y147.799 E1535.8065
G1 X110 Y147.8 E1537.92178
G1 F2700 E1532.92178
G0 F12000 X110 Y147.09
G0 X134.338 Y146.41
G0 X134.338 Y145.335
G0 X133.547 Y114.653
G0 X133.535 Y110.023
G0 X134.338 Y110.022
G1 F2700 E1537.92178
G1 F3404.3 X134.338 Y109.968 E1537.92431
G1 F2700 E1532.92431
G0 F12000 X133.535 Y109.969
G0 X133.535 Y79.028
G0 X134.339 Y79.027
G1 F2700 E1537.92431
G1 F3428.6 X134.339 Y78.972 E1537.92687
G1 F2700 E1532.92687
G0 F12000 X133.535 Y78.973
G0 X86.466 Y78.9
G0 X85.665 Y78.9
G1 F2700 E1537.92687
G1 F3490.9 X85.648 Y79.116 E1537.93678
G1 F2700 E1532.93678
G0 F12000 X86.466 Y79.116
G0 X86.465 Y109.906
G0 X85.656 Y109.907
G1 F2700 E1537.93678
G1 F3966.9 X85.66 Y109.96 E1537.93892
G1 F2700 E1532.93892
G0 F12000 X84.526 Y108.161
G0 X82.138 Y107.636
;TYPE:FILL
G1 F2700 E1537.93892
G1 F4800 X79.481 Y108.348 E1538.1219
G0 F12000 X79.48 Y109.877
G1 F4800 X82.113 Y112.511 E1538.36964
G0 F12000 X81.883 Y112.52
G1 F4800 X81.976 Y112.173 E1538.39354
G1 F2700 E1533.39354
G0 F12000 X79.162 Y106.838
G0 X79.162 Y81.162
G0 X81.299 Y77.755
G1 F2700 E1538.39354
G1 F4800 X79.48 Y75.936 E1538.56466
G0 F12000 X79.48 Y75.122
G1 F4800 X79.92 Y73.48 E1538.67774
G0 F12000 X79.48 Y77.29
G1 F4800 X82.308 Y76.532 E1538.8725
G1 F2700 E1533.8725
G0 F12000 X84.953 Y75.806
G0 X84.963 Y73.162
G0 X135.037 Y73.162
G0 X137.428 Y73.572
G0 X137.5 Y74.339
G0 X137.28 Y74.339
G1 F2700 E1538.8725
G1 F4800 X140.52 Y77.579 E1539.1773
G0 F12000 X140.52 Y79.142
G1 F4800 X140.142 Y80.551 E1539.27434
G0 F12000 X140.52 Y79.569
G1 F4800 X138.783 Y80.034 E1539.39395
G0 F12000 X137.5 Y74.225
G0 X137.281 Y74.225
G1 F4800 X140.064 Y73.479 E1539.58562
G1 F2700 E1534.58562
G0 F12000 X140.838 Y81.162
G0 X140.838 Y106.838
G0 X139.138 Y107.479
G1 F2700 E1539.58562
G1 F4800 X138.759 Y108.895 E1539.68312
G0 F12000 X138.972 Y109.972
G1 F4800 X140.521 Y111.521 E1539.82884
G0 F12000 X140.52 Y110.627
G1 F4800 X138.757 Y111.1 E1539.95027
G1 F2700 E1534.95027
G0 F12000 X140.838 Y106.838
G0 X140.838 Y81.162
G0 X137.147 Y76.238
G0 X137.24 Y75.996
;TYPE:SKIN
G1 F2700 E1539.95027
G1 F2400 X136.861 Y75.849 E1539.97731
G1 X136.354 Y75.758 E1540.01157
G1 X135.956 Y75.737 E1540.03808
G1 X135.956 Y74.004 E1540.15336
G1 X135.886 Y73.76 E1540.17025
G1 X137.24 Y73.76 E1540.26032
G1 X137.24 Y75.996 E1540.40906
G0 F12000 X137.147 Y76.238
G0 X135.768 Y75.918
G0 X135.696 Y75.06
G0 X136.154 Y75.06
G1 F2400 X136.709 Y75.615 E1540.46127
G0 F12000 X137.04 Y75.38
G1 F2400 X136.152 Y74.492 E1540.54481
G0 F12000 X136.186 Y73.961
G1 F2400 X137.04 Y74.815 E1540.62515
G0 F12000 X137.04 Y74.249
G1 F2400 X136.752 Y73.961 E1540.65224
G1 F2700 E1535.65224
G0 F12000 X136.752 Y73.5
G0 X135.037 Y73.162
G0 X84.963 Y73.162
G0 X84.232 Y75.944
G0 X82.58 Y76.27
G0 X82.501 Y75.976
G0 X82.76 Y75.976
G1 F2700 E1540.65224
G1 F2400 X82.76 Y73.76 E1540.79965
G1 X84.084 Y73.76 E1540.88772
G1 X84.043 Y73.969 E1540.90189
G1 X84.044 Y75.752 E1541.02049
G1 X83.812 Y75.748 E1541.03593
G1 X83.266 Y75.805 E1541.07245
G1 X82.76 Y75.976 E1541.10798
G0 F12000 X83.026 Y75.672
G1 F2400 X82.961 Y75.607 E1541.11409
G0 F12000 X83.497 Y75.578
G1 F2400 X82.961 Y75.041 E1541.16456
G0 F12000 X82.96 Y74.475
G1 F2400 X83.844 Y75.359 E1541.24772
G0 F12000 X83.844 Y74.794
G1 F2400 X83.011 Y73.96 E1541.32613
G0 F12000 X83.576 Y73.96
G1 F2400 X83.845 Y74.229 E1541.35144
G0 F12000 X84.591 Y74.229
;MESH:NONMESH
G0 F300 Z29.4
G0 F12000 X84.963 Y73.162
G0 X86.026 Y73.007
;TIME_ELAPSED:6024.644169
;LAYER:73
;TYPE:WALL-INNER
;MESH:tank_trainer_body.stl
G1 F2352.9 X86.2 Y73 E1541.36325
G1 F2400 X133.796 Y73 E1544.52935
G0 F12000 X134.637 Y73.162
G0 X135.371 Y75.992
G0 X136.383 Y75.949
G0 X140.6 Y80.754
G1 F2400 X140.6 Y73.4 E1545.01854
G1 X134.997 Y73.4 E1545.39126
G1 X135.196 Y73.999 E1545.43324
G1 X135.197 Y76.222 E1545.58112
G1 X135.376 Y76.163 E1545.59366
G1 X135.893 Y76.093 E1545.62836
G1 X136.448 Y76.125 E1545.66534
G1 X136.862 Y76.224 E1545.69366
G1 X137.234 Y76.376 E1545.72039
G1 X137.522 Y76.535 E1545.74227
G1 X137.823 Y76.751 E1545.76692
G1 X138.06 Y76.968 E1545.78829
G1 X138.304 Y77.248 E1545.813
G1 X138.498 Y77.535 E1545.83604
G1 X138.661 Y77.859 E1545.86017
G1 X138.769 Y78.148 E1545.88069
G1 X138.846 Y78.447 E1545.90123
G1 X138.888 Y78.775 E1545.92322
G1 X138.894 Y79.272 E1545.95629
G1 X138.786 Y79.781 E1545.9909
G1 X138.687 Y80.076 E1546.0116
G1 X138.563 Y80.345 E1546.0313
G1 X138.408 Y80.601 E1546.05121
G1 X140 Y80.6 E1546.15711
G1 X140.54 Y80.706 E1546.19372
G1 X140.6 Y80.754 E1546.19883
G0 F12000 X140.793 Y81.084
G0 X141 Y82
G1 F2400 X141 Y73 E1546.79751
G1 X133.796 Y73 E1547.27672
G1 X134.596 Y73.4 E1547.33622
G1 X134.796 Y73.999 E1547.37823
G1 X134.797 Y76.814 E1547.56548
G1 X135.042 Y76.694 E1547.58363
G1 X135.502 Y76.542 E1547.61586
G1 X135.871 Y76.493 E1547.64062
G1 X136.415 Y76.523 E1547.67686
G1 X136.711 Y76.594 E1547.69711
G1 X137.193 Y76.791 E1547.73175
G1 X137.682 Y77.143 E1547.77183
G1 X138.084 Y77.602 E1547.81241
G1 X138.356 Y78.143 E1547.85269
G1 X138.487 Y78.659 E1547.88811
G1 X138.493 Y79.234 E1547.92636
G1 X138.37 Y79.807 E1547.96534
G1 X138.156 Y80.273 E1547.99945
G1 X137.793 Y80.753 E1548.03949
G1 X137.489 Y81 E1548.06554
G1 X140 Y81 E1548.23257
G1 X140.386 Y81.076 E1548.25874
G1 X140.801 Y81.399 E1548.29373
G1 X141 Y82 E1548.33584
G1 X141 Y106 E1549.93232
G1 F2358.7 X140.993 Y106.174 E1549.94411
G0 F12000 X140.6 Y112.754
G1 F2400 X140.6 Y107.246 E1550.31051
G1 X140.54 Y107.293 E1550.31558
G1 X140 Y107.4 E1550.35219
G1 X137.279 Y107.401 E1550.5332
G1 X137.523 Y107.535 E1550.55171
G1 X137.823 Y107.752 E1550.57634
G1 X138.06 Y107.968 E1550.59767
G1 X138.304 Y108.248 E1550.62238
G1 X138.498 Y108.535 E1550.64542
G1 X138.668 Y108.87 E1550.67041
G1 X138.769 Y109.148 E1550.69009
G1 X138.846 Y109.447 E1550.71063
G1 X138.888 Y109.775 E1550.73262
G1 X138.894 Y110.273 E1550.76575
G1 X138.785 Y110.781 E1550.80031
G1 X138.687 Y111.076 E1550.82099
G1 X138.563 Y111.344 E1550.84063
G1 X138.409 Y111.601 E1550.86056
G1 X138.185 Y111.897 E1550.88526
G1 X137.957 Y112.134 E1550.90713
G1 X137.665 Y112.374 E1550.93228
G1 X137.28 Y112.599 E1550.96194
G1 X140 Y112.6 E1551.14287
G1 X140.54 Y112.706 E1551.17948
G1 X140.6 Y112.754 E1551.18459
G0 F12000 X140.793 Y113.084
G0 X141 Y114
G1 F2400 X141 Y106.666 E1551.67245
G1 F2358.7 X140.993 Y106.174 E1551.70576
G1 X140.802 Y106.6 E1551.73736
G1 F2400 X140.386 Y106.924 E1551.77243
G1 X140 Y107 E1551.7986
G1 X136.827 Y107.001 E1552.00967
G1 F2232.6 X136.4 Y107.03 E1552.04027
G1 F2096.1 X135.6 Y107.028 E1552.10121
G1 F1951.2 X135.122 Y107.062 E1552.14042
G1 F1821.6 X134.859 Y107.062 E1552.16347
G1 X134.86 Y107.711 E1552.22034
G1 F1853.3 X135.084 Y107.604 E1552.24173
G1 F1951.2 X135.661 Y107.463 E1552.29033
G1 F2051.3 X136.388 Y107.491 E1552.34695
G1 F2232.6 X136.711 Y107.594 E1552.37119
G1 F2400 X137.194 Y107.791 E1552.40589
G1 X137.68 Y108.142 E1552.44577
G1 X138.086 Y108.607 E1552.48684
G1 X138.355 Y109.138 E1552.52643
G1 X138.487 Y109.66 E1552.56225
G1 X138.493 Y110.234 E1552.60043
G1 X138.37 Y110.808 E1552.63948
G1 X138.154 Y111.275 E1552.67371
G1 X137.796 Y111.748 E1552.71317
G1 X137.411 Y112.065 E1552.74634
G1 X137.16 Y112.216 E1552.76583
G1 F2201.8 X136.511 Y112.497 E1552.81711
G1 F2087 X135.812 Y112.528 E1552.87063
G1 F2069 X135.491 Y112.493 E1552.89555
G1 F1959.2 X135.095 Y112.399 E1552.92871
G1 F1867.7 X134.863 Y112.289 E1552.95066
G1 F1825.1 X134.863 Y112.937 E1553.00734
G1 X135.125 Y112.937 E1553.03026
G1 F1912.4 X135.417 Y112.961 E1553.05472
G1 F2069 X135.812 Y112.976 E1553.08522
G1 F2087 X136.551 Y112.964 E1553.14176
G1 F2152.5 X136.834 Y112.99 E1553.16284
G1 F2341.5 X137.315 Y112.999 E1553.19564
G1 F2400 X140 Y113 E1553.37425
G1 X140.386 Y113.076 E1553.40042
G1 X140.801 Y113.399 E1553.4354
G1 X141 Y114 E1553.47752
G1 X141 Y146 E1555.60616
G1 F2358.7 X140.993 Y146.174 E1555.61795
G0 F12000 X140.838 Y146.838
G0 X140.174 Y146.993
G1 F2436.5 X141.014 Y147.014 E1555.67301
G1 F2442.7 X140.993 Y146.174 E1555.72792
G1 X140.697 Y146.697 E1555.7672
G1 F2436.5 X140.174 Y146.993 E1555.80658
G1 F2352.9 X140 Y147 E1555.81839
G1 F2400 X80 Y147 E1559.80961
G1 F2487 X79.303 Y146.697 E1559.85839
G1 F2436.5 X79.007 Y146.174 E1559.89777
G1 X78.986 Y147.014 E1559.95283
G1 F2487 X80 Y147 E1560.01792
G0 F12000 X79.162 Y146.838
G0 X79.007 Y146.174
G1 F2352.9 X79 Y146 E1560.02974
G1 F2400 X79 Y114 E1562.15839
G0 F12000 X79.146 Y113.246
G0 X79.4 Y112.755
G1 F2400 X79.461 Y112.707 E1562.16355
G1 X80 Y112.6 E1562.2001
G1 X82.725 Y112.599 E1562.38137
G1 X82.417 Y112.434 E1562.40462
G1 X82.045 Y112.135 E1562.43636
G1 X81.782 Y111.855 E1562.46192
G1 X81.518 Y111.483 E1562.49226
G1 X81.362 Y111.199 E1562.51381
G1 X81.205 Y110.795 E1562.54265
G1 X81.108 Y110.456 E1562.5661
G1 X81.108 Y109.712 E1562.61559
G1 X81.204 Y109.201 E1562.65018
G1 X81.361 Y108.799 E1562.67889
G1 X81.478 Y108.573 E1562.69582
G1 X81.638 Y108.321 E1562.71567
G1 X81.801 Y108.111 E1562.73336
G1 X82.001 Y107.899 E1562.75274
G1 X82.28 Y107.67 E1562.77675
G1 X82.714 Y107.4 E1562.81076
G1 X80 Y107.4 E1562.99129
G1 X79.46 Y107.293 E1563.02791
G1 X79.4 Y107.245 E1563.03302
G1 X79.4 Y112.755 E1563.39955
G0 F12000 X79.207 Y113.084
G0 X79 Y114
G1 F2400 X79.199 Y113.399 E1563.44166
G1 X79.615 Y113.076 E1563.4767
G1 X80 Y113 E1563.5028
G1 X82.89 Y112.999 E1563.69504
G1 F2352.9 X83.305 Y112.991 E1563.72321
G1 F2171.9 X83.597 Y112.966 E1563.74475
G1 F2069 X84.257 Y112.971 E1563.79568
G1 F1971.3 X84.887 Y112.944 E1563.84675
G1 F1871.3 X85.144 Y112.944 E1563.86867
G1 X85.144 Y112.298 E1563.92379
G1 X84.817 Y112.44 E1563.9542
G1 F1927.7 X84.124 Y112.525 E1564.01202
G1 F2025.3 X83.614 Y112.499 E1564.05228
G1 F2212 X82.997 Y112.3 E1564.09907
G1 F2400 X82.668 Y112.123 E1564.12392
G1 X82.296 Y111.823 E1564.15571
G1 X82.108 Y111.623 E1564.17397
G1 X81.772 Y111.149 E1564.21262
G1 X81.577 Y110.649 E1564.24832
G1 X81.508 Y110.408 E1564.26499
G1 X81.508 Y109.712 E1564.31129
G1 X81.576 Y109.347 E1564.33599
G1 X81.765 Y108.866 E1564.37036
G1 X82.032 Y108.448 E1564.40336
G1 X82.292 Y108.173 E1564.42853
G1 X82.491 Y108.01 E1564.44564
G1 X82.883 Y107.767 E1564.47632
G1 X83.16 Y107.648 E1564.49638
G1 F2243 X83.698 Y107.478 E1564.53654
G1 F2096.1 X84.222 Y107.478 E1564.57645
G1 F2021.1 X84.758 Y107.549 E1564.61916
G1 F1897.2 X85.14 Y107.724 E1564.65452
G1 F1846.2 X85.14 Y107.06 E1564.71194
G1 X84.88 Y107.06 E1564.73442
G1 F1975.3 X84.124 Y107.026 E1564.79558
G1 F2100.7 X83.627 Y107.031 E1564.83336
G1 F2227.4 X83.078 Y107 E1564.87277
G1 F2400 X80 Y107 E1565.07752
G1 X79.614 Y106.924 E1565.10369
G1 X79.199 Y106.599 E1565.13875
G1 F2352.9 X79.007 Y106.174 E1565.1704
G1 X78.999 Y106.666 E1565.20378
G1 F2400 X79 Y114 E1565.69164
G0 F12000 X79.007 Y106.174
G1 F2352.9 X79 Y106 E1565.70346
G1 F2400 X79 Y82 E1567.29994
G0 F12000 X79.146 Y81.246
G0 X79.4 Y80.755
G1 F2400 X79.461 Y80.707 E1567.30511
G1 X80 Y80.6 E1567.34166
G1 X81.582 Y80.6 E1567.4469
G1 X81.356 Y80.183 E1567.47845
G1 X81.205 Y79.795 E1567.50614
G1 X81.108 Y79.456 E1567.5296
G1 X81.108 Y78.712 E1567.57909
G1 X81.204 Y78.201 E1567.61368
G1 X81.356 Y77.813 E1567.6414
G1 X81.477 Y77.573 E1567.65927
G1 X81.638 Y77.321 E1567.67917
G1 X81.801 Y77.111 E1567.69685
G1 X82.001 Y76.899 E1567.71624
G1 X82.23 Y76.703 E1567.73629
G1 X82.672 Y76.427 E1567.77095
G1 X83.06 Y76.26 E1567.79905
G1 X83.697 Y76.104 E1567.84268
G1 X84.254 Y76.104 E1567.87973
G1 X84.8 Y76.203 E1567.91664
G1 X84.8 Y74 E1568.06318
G1 X84.907 Y73.46 E1568.0998
G1 X84.955 Y73.4 E1568.10492
G1 X79.401 Y73.401 E1568.47437
G1 X79.4 Y80.755 E1568.96356
G0 F12000 X79.207 Y81.084
G0 X79 Y82
G1 F2400 X79.199 Y81.399 E1569.00567
G1 X79.615 Y81.076 E1569.04071
G1 X80 Y81 E1569.06681
G1 X82.516 Y81 E1569.23418
G1 X82.296 Y80.823 E1569.25296
G1 X82.108 Y80.623 E1569.27122
G1 X81.772 Y80.149 E1569.30987
G1 X81.577 Y79.649 E1569.34557
G1 X81.508 Y79.408 E1569.36224
G1 X81.508 Y78.712 E1569.40854
G1 X81.576 Y78.347 E1569.43324
G1 X81.764 Y77.868 E1569.46747
G1 X82.025 Y77.456 E1569.49991
G1 X82.378 Y77.082 E1569.53412
G1 X82.883 Y76.767 E1569.57371
G1 X83.161 Y76.647 E1569.59385
G1 X83.735 Y76.504 E1569.6332
G1 X84.216 Y76.504 E1569.6652
G1 X84.592 Y76.571 E1569.69061
G1 X84.838 Y76.649 E1569.70777
G1 X85.2 Y76.818 E1569.73435
G1 X85.2 Y74 E1569.9218
G1 X85.276 Y73.614 E1569.94797
G1 X85.601 Y73.199 E1569.98304
G1 F2352.9 X86.026 Y73.007 E1570.01468
G1 X85.534 Y72.999 E1570.04807
G1 F2400 X79.001 Y73.001 E1570.48264
G1 X79 Y82 E1571.08126
G1 F2700 E1566.08126
G0 F12000 X79.162 Y146.838
G0 X110 Y147.09
G0 X110 Y147.4
G1 F2700 E1571.08126
G1 F2400 X141.4 Y147.4 E1573.17
G1 X141.4 Y72.6 E1578.14571
G1 X78.601 Y72.601 E1582.32312
G1 X78.601 Y147.399 E1587.2987
G1 X110 Y147.4 E1589.38737
G0 F12000 X110 Y146.6
G1 F2400 X80 Y146.6 E1591.38298
G1 X79.575 Y146.425 E1591.41355
G1 X79.4 Y146.089 E1591.43875
G1 X79.4 Y114 E1593.57332
G1 X79.519 Y113.639 E1593.59861
G1 X79.769 Y113.446 E1593.61962
G1 X80 Y113.4 E1593.63528
G1 X85.6 Y113.4 E1594.0078
G1 X85.6 Y111.351 E1594.1441
G1 X85.264 Y111.681 E1594.17543
G1 X84.748 Y111.993 E1594.21554
G1 X84.087 Y112.1 E1594.26008
G1 X83.579 Y112.062 E1594.29397
G1 X83.116 Y111.918 E1594.32622
G1 X82.919 Y111.812 E1594.3411
G1 X82.482 Y111.459 E1594.37847
G1 X82.127 Y110.959 E1594.41926
G1 X81.908 Y110.398 E1594.45932
G1 X81.908 Y109.712 E1594.50495
G1 X81.949 Y109.493 E1594.51978
G1 X82.122 Y109.052 E1594.55129
G1 X82.343 Y108.702 E1594.57882
G1 X82.638 Y108.39 E1594.60738
G1 X83.171 Y108.058 E1594.64916
G1 X83.775 Y107.904 E1594.69062
G1 X84.179 Y107.904 E1594.71749
G1 X84.591 Y107.977 E1594.74533
G1 X85.143 Y108.233 E1594.7858
G1 X85.6 Y108.604 E1594.82496
G1 X85.6 Y106.6 E1594.95827
G1 X80 Y106.6 E1595.33078
G1 X79.768 Y106.554 E1595.34651
G1 X79.519 Y106.36 E1595.36751
G1 X79.4 Y106.086 E1595.38738
G1 X79.4 Y82 E1596.98959
G1 X79.519 Y81.639 E1597.01487
G1 X79.769 Y81.446 E1597.03588
G1 X80 Y81.4 E1597.05155
G1 X83.043 Y81.4 E1597.25397
G1 F2553.2 X84.064 Y81.424 E1597.31783
G1 F2566.8 X84.665 Y81.404 E1597.35523
G1 F2274.9 X84.967 Y81.376 E1597.37652
G1 F1955.2 X85.267 Y81.334 E1597.40125
G1 F1801.1 X85.534 Y81.334 E1597.42492
G1 X85.534 Y80.508 E1597.49813
G1 X85.358 Y80.681 E1597.52001
G1 X85.13 Y80.839 E1597.5446
G1 F2046.9 X84.761 Y80.998 E1597.57593
G1 F2500 X84.092 Y81.075 E1597.61894
G1 F2623 X83.566 Y81.045 E1597.65101
G1 F2487 X83.116 Y80.918 E1597.68102
G1 F2400 X82.919 Y80.811 E1597.69593
G1 X82.482 Y80.46 E1597.73322
G1 X82.128 Y79.959 E1597.77403
G1 X81.908 Y79.398 E1597.81411
G1 X81.908 Y78.712 E1597.85974
G1 X81.949 Y78.493 E1597.87456
G1 X82.123 Y78.05 E1597.90622
G1 X82.344 Y77.702 E1597.93365
G1 X82.635 Y77.393 E1597.96188
G1 X83.173 Y77.057 E1598.00408
G1 X83.754 Y76.91 E1598.04394
G1 X84.175 Y76.903 E1598.07195
G1 X84.601 Y76.979 E1598.10074
G1 X85.144 Y77.233 E1598.14061
G1 X85.6 Y77.604 E1598.17972
G1 X85.6 Y74 E1598.41946
G1 X85.646 Y73.768 E1598.43519
G1 X85.84 Y73.519 E1598.45619
G1 X86.114 Y73.4 E1598.47606
G1 X133.796 Y73.4 E1601.64788
G1 X134.276 Y73.64 E1601.68358
G1 X134.396 Y73.999 E1601.70876
G1 X134.398 Y77.649 E1601.95155
G1 X134.657 Y77.374 E1601.97668
G1 X135.097 Y77.097 E1602.01127
G1 X135.627 Y76.922 E1602.0484
G1 X135.849 Y76.892 E1602.0633
G1 X136.468 Y76.927 E1602.10454
G1 X136.996 Y77.143 E1602.14249
G1 X137.413 Y77.443 E1602.17666
G1 X137.749 Y77.828 E1602.21065
G1 X137.978 Y78.28 E1602.24436
G1 X138.087 Y78.712 E1602.274
G1 X138.093 Y79.195 E1602.30613
G1 X137.989 Y79.679 E1602.33906
G1 X137.81 Y80.068 E1602.36754
G1 X137.502 Y80.474 E1602.40144
G1 X137.082 Y80.818 E1602.43756
G1 F2449 X136.484 Y81.05 E1602.47937
G1 F2487 X135.726 Y81.082 E1602.52807
G1 F2358.7 X135.068 Y80.925 E1602.57386
G1 F2000 X134.701 Y80.73 E1602.60703
G1 F1797.8 X134.467 Y80.514 E1602.63531
G1 X134.467 Y81.332 E1602.70795
G1 X134.734 Y81.332 E1602.73166
G1 F1971.3 X135.109 Y81.38 E1602.76228
G1 F2302.2 X135.713 Y81.428 E1602.8043
G1 F2418.1 X137.116 Y81.4 E1602.89695
G1 F2400 X140 Y81.4 E1603.08879
G1 X140.232 Y81.445 E1603.10451
G1 X140.481 Y81.639 E1603.12551
G1 X140.6 Y82 E1603.15079
G1 X140.6 Y106.085 E1604.75293
G1 X140.482 Y106.36 E1604.77284
G1 X140.232 Y106.554 E1604.79389
G1 X140 Y106.6 E1604.80962
G1 X134.396 Y106.6 E1605.1824
G1 X134.397 Y108.649 E1605.3187
G1 X134.66 Y108.372 E1605.34411
G1 X135.101 Y108.095 E1605.37875
G1 X135.751 Y107.889 E1605.42411
G1 X136.465 Y107.925 E1605.47167
G1 X136.995 Y108.142 E1605.50976
G1 X137.414 Y108.443 E1605.54408
G1 X137.751 Y108.83 E1605.57822
G1 X137.978 Y109.28 E1605.61175
G1 X138.087 Y109.712 E1605.64138
G1 X138.093 Y110.195 E1605.67351
G1 X137.989 Y110.68 E1605.70651
G1 X137.809 Y111.069 E1605.73502
G1 X137.506 Y111.469 E1605.7684
G1 X137.088 Y111.813 E1605.80441
G1 X136.479 Y112.066 E1605.84828
G1 X135.73 Y112.109 E1605.89819
G1 X135.109 Y111.907 E1605.94163
G1 X134.672 Y111.632 E1605.97597
G1 X134.399 Y111.345 E1606.00232
G1 X134.4 Y113.4 E1606.13902
G1 X140 Y113.4 E1606.51153
G1 X140.232 Y113.445 E1606.52725
G1 X140.481 Y113.639 E1606.54825
G1 X140.6 Y114 E1606.57354
G1 X140.6 Y146.089 E1608.70811
G1 X140.424 Y146.424 E1608.73328
G1 X140.089 Y146.6 E1608.75845
G1 X110 Y146.6 E1610.75998
G0 F12000 X110 Y146.199
;TYPE:WALL-OUTER
G1 F2400 X80 Y146.2 E1612.75559
G1 X79.858 Y146.142 E1612.76579
G1 X79.802 Y146.035 E1612.77382
G1 X79.8 Y114 E1614.9048
G1 X79.839 Y113.879 E1614.91326
G1 X79.943 Y113.8 E1614.92195
G1 X86 Y113.8 E1615.32486
G1 X86.001 Y110.603 E1615.53752
G1 F2539.7 X86.022 Y110.213 E1615.56208
G1 F2704.2 X86.023 Y109.74 E1615.59
G1 F2546.4 X86 Y109.204 E1615.62364
G1 F2400 X86 Y106.2 E1615.82346
G1 X79.941 Y106.2 E1616.22651
G1 X79.839 Y106.12 E1616.23513
G1 X79.802 Y106.035 E1616.2413
G1 X79.8 Y82 E1617.84011
G1 X79.839 Y81.879 E1617.84857
G1 X79.943 Y81.8 E1617.85726
G1 X86 Y81.8 E1618.26017
G1 X86.001 Y79.603 E1618.40632
G1 F2539.7 X86.022 Y79.213 E1618.43087
G1 F2704.2 X86.023 Y78.74 E1618.45879
G1 F2546.4 X86 Y78.204 E1618.49243
G1 F2400 X86 Y73.941 E1618.776
G1 X86.08 Y73.839 E1618.78463
G1 X86.165 Y73.802 E1618.79079
G1 X133.796 Y73.8 E1621.95922
G1 X133.956 Y73.88 E1621.97112
G1 X133.996 Y73.999 E1621.97947
G1 X133.998 Y78.364 E1622.26983
G1 F2539.7 X133.975 Y78.846 E1622.30017
G1 F2681.6 X133.978 Y79.274 E1622.32565
G1 F2526.3 X133.999 Y79.768 E1622.35689
G1 F2400 X134 Y81.799 E1622.492
G1 X140.059 Y81.8 E1622.89504
G1 X140.161 Y81.879 E1622.90363
G1 X140.2 Y82 E1622.91208
G1 X140.198 Y106.035 E1624.5109
G1 X140.161 Y106.12 E1624.51706
G1 X140.059 Y106.2 E1624.52569
G1 X133.996 Y106.2 E1624.929
G1 X133.998 Y109.364 E1625.13947
G1 F2539.7 X133.975 Y109.846 E1625.1698
G1 F2681.6 X133.978 Y110.274 E1625.19528
G1 F2526.3 X133.999 Y110.768 E1625.22653
G1 F2400 X134 Y113.8 E1625.42822
G1 X140.059 Y113.8 E1625.83127
G1 X140.161 Y113.879 E1625.83985
G1 X140.2 Y114 E1625.84831
G1 X140.198 Y146.035 E1627.97928
G1 X140.142 Y146.142 E1627.98732
G1 X140.035 Y146.198 E1627.99535
G1 X110 Y146.199 E1629.99329
G0 F12000 X110 Y146.91
G0 X110 Y147.8
G1 F2400 X141.8 Y147.8 E1632.10863
G1 X141.8 Y72.2 E1637.13756
G1 X78.201 Y72.201 E1641.36819
G1 X78.201 Y147.799 E1646.39698
G1 X110 Y147.8 E1648.51226
G1 F2700 E1643.51226
G0 F12000 X110 Y147.09
G0 X140.838 Y146.838
G0 X140.838 Y113.162
G0 X135.565 Y112.379
G0 X135.782 Y111.706
G1 F2700 E1648.51226
G1 F2400 X135.261 Y111.53 E1648.54884
G1 X134.911 Y111.303 E1648.57659
G1 X134.62 Y110.992 E1648.60493
G1 X134.449 Y110.698 E1648.62755
G1 F2513.1 X134.34 Y110.295 E1648.65407
G1 F2659.3 X134.332 Y109.8 E1648.68379
G1 F2533 X134.397 Y109.371 E1648.71114
G1 F2400 X134.659 Y108.953 E1648.74396
G1 X134.937 Y108.67 E1648.77034
G1 X135.249 Y108.474 E1648.79485
G1 X135.781 Y108.295 E1648.83219
G1 X136.377 Y108.322 E1648.87188
G1 X136.78 Y108.486 E1648.90082
G1 X137.121 Y108.725 E1648.92852
G1 X137.427 Y109.077 E1648.95955
G1 X137.592 Y109.403 E1648.98385
G1 X137.688 Y109.789 E1649.01031
G1 X137.69 Y110.167 E1649.03546
G1 X137.598 Y110.572 E1649.06308
G1 X137.452 Y110.877 E1649.08558
G1 X137.228 Y111.173 E1649.11027
G1 X136.881 Y111.466 E1649.14048
G1 X136.367 Y111.674 E1649.17737
G1 X135.782 Y111.706 E1649.21634
G1 F2700 E1644.21634
G0 F12000 X135.565 Y112.379
G0 X137.015 Y111.684
G0 X137.398 Y111.362
G0 X137.682 Y110.991
G0 X140.438 Y106.438
G0 X140.438 Y81.562
G0 X135.07 Y81.163
G0 X135.782 Y80.706
G1 F2700 E1649.21634
G1 F2400 X135.261 Y80.53 E1649.25292
G1 X134.911 Y80.303 E1649.28067
G1 X134.62 Y79.992 E1649.309
G1 X134.449 Y79.698 E1649.33163
G1 F2513.1 X134.34 Y79.295 E1649.35815
G1 F2659.3 X134.332 Y78.8 E1649.38787
G1 F2533 X134.397 Y78.372 E1649.41515
G1 F2400 X134.633 Y77.987 E1649.44519
G1 X134.937 Y77.67 E1649.47441
G1 X135.249 Y77.474 E1649.49892
G1 X135.788 Y77.29 E1649.5368
G1 X136.377 Y77.322 E1649.57604
G1 X136.78 Y77.486 E1649.60498
G1 X137.121 Y77.725 E1649.63269
G1 X137.427 Y78.077 E1649.66371
G1 X137.591 Y78.401 E1649.68787
G1 X137.688 Y78.789 E1649.71447
G1 X137.69 Y79.167 E1649.73962
G1 X137.598 Y79.572 E1649.76724
G1 X137.474 Y79.841 E1649.78695
G1 X137.196 Y80.207 E1649.81752
G1 X136.879 Y80.466 E1649.84475
G1 X136.367 Y80.674 E1649.88151
G1 X135.782 Y80.706 E1649.92048
G1 F2700 E1644.92048
G0 F12000 X135.07 Y81.163
G0 X136.429 Y80.924
G0 X137.015 Y80.684
G0 X137.398 Y80.362
G0 X137.682 Y79.991
G0 X137.845 Y79.635
G0 X137.944 Y79.174
G0 X137.935 Y78.736
G0 X137.837 Y78.339
G0 X137.624 Y77.915
G0 X137.309 Y77.553
G0 X136.922 Y77.278
G0 X136.435 Y77.079
G0 X135.761 Y77.04
G0 X134.237 Y73.562
G0 X85.763 Y73.562
G0 X82.257 Y78.122
G0 X82.061 Y78.629
G0 X82.06 Y79.368
G0 X82.259 Y79.886
G0 X82.596 Y80.359
G0 X83.035 Y80.708
G0 X84.022 Y81.006
G0 X84.048 Y80.696
G1 F2700 E1649.92048
G1 F2400 X83.676 Y80.668 E1649.9453
G1 X83.202 Y80.526 E1649.97822
G1 X82.775 Y80.181 E1650.01473
G1 X82.473 Y79.745 E1650.05001
G1 X82.31 Y79.319 E1650.08035
G1 X82.308 Y78.672 E1650.12339
G1 X82.491 Y78.216 E1650.15608
G1 X82.674 Y77.934 E1650.17844
G1 X82.907 Y77.694 E1650.20069
G1 X83.333 Y77.429 E1650.23406
G1 X83.814 Y77.306 E1650.26709
G1 X84.16 Y77.307 E1650.29011
G1 X84.501 Y77.374 E1650.31322
G1 X84.946 Y77.588 E1650.34607
G1 X85.29 Y77.867 E1650.37553
G1 X85.541 Y78.284 E1650.40791
G1 F2500 X85.665 Y78.677 E1650.43423
G1 F2644.6 X85.667 Y79.193 E1650.46538
G1 F2539.7 X85.603 Y79.558 E1650.48867
G1 F2406 X85.411 Y79.977 E1650.51925
G1 F2400 X84.996 Y80.376 E1650.55755
G1 X84.598 Y80.616 E1650.58846
G1 X84.048 Y80.696 E1650.62543
G1 F2700 E1645.62543
G0 F12000 X84.022 Y81.006
G0 X79.562 Y81.562
G0 X79.562 Y106.438
G0 X82.259 Y110.886
G0 X82.562 Y111.312
G0 X83.991 Y112.404
G0 X84.049 Y111.696
G1 F2700 E1650.62543
G1 F2400 X83.632 Y111.659 E1650.65328
G1 X83.201 Y111.525 E1650.68331
G1 X82.775 Y111.181 E1650.71973
G1 X82.473 Y110.745 E1650.75501
G1 X82.31 Y110.319 E1650.78535
G1 X82.308 Y109.672 E1650.82839
G1 X82.474 Y109.249 E1650.85862
G1 X82.674 Y108.934 E1650.88344
G1 X82.874 Y108.722 E1650.90283
G1 X83.332 Y108.429 E1650.93899
G1 X83.809 Y108.307 E1650.97174
G1 X84.124 Y108.304 E1650.9927
G1 X84.487 Y108.368 E1651.01722
G1 X84.946 Y108.588 E1651.05108
G1 X85.29 Y108.867 E1651.08054
G1 X85.541 Y109.284 E1651.11292
G1 F2500 X85.665 Y109.677 E1651.13923
G1 F2644.6 X85.667 Y110.193 E1651.17038
G1 F2539.7 X85.603 Y110.558 E1651.19368
G1 F2406 X85.411 Y110.977 E1651.22426
G1 F2400 X84.996 Y111.376 E1651.26256
G1 X84.602 Y111.614 E1651.29317
G1 X84.049 Y111.696 E1651.33036
G0 F12000 X83.991 Y112.404
G0 X81.748 Y111.934
;TYPE:FILL
G1 F4800 X81.59 Y112.521 E1651.3708
G0 F12000 X81.36 Y111.359
G1 F4800 X79.48 Y109.478 E1651.54771
G0 F12000 X79.48 Y108.64
G1 F4800 X81.771 Y108.026 E1651.70548
G1 F2700 E1646.70548
G0 F12000 X79.162 Y106.838
G0 X79.162 Y81.162
G0 X79.481 Y77.581
G1 F2700 E1651.70548
G1 F4800 X81.845 Y76.948 E1651.86828
G0 F12000 X81.435 Y77.492
G1 F4800 X79.48 Y75.537 E1652.05219
G0 F12000 X79.481 Y74.03
G1 F4800 X79.628 Y73.48 E1652.09006
G1 F2700 E1647.09006
G0 F12000 X85.363 Y73.162
G0 X134.637 Y73.162
G0 X136.88 Y73.5
G0 X136.88 Y73.54
G1 F2700 E1652.09006
G1 F4800 X140.52 Y77.18 E1652.43249
G0 F12000 X140.52 Y78.052
G1 F4800 X139.858 Y80.521 E1652.60253
G0 F12000 X140.52 Y79.861
G1 F4800 X138.643 Y80.364 E1652.73179
G0 F12000 X138.258 Y78.416
G0 X137.1 Y74.625
G0 X136.88 Y74.625
G1 F4800 X140.52 Y73.649 E1652.98248
G1 F2700 E1647.98248
G0 F12000 X140.838 Y81.162
G0 X140.838 Y106.838
G0 X138.846 Y107.479
G1 F2700 E1652.98248
G1 F4800 X138.572 Y108.504 E1653.05306
G0 F12000 X138.937 Y109.538
G1 F4800 X140.521 Y111.122 E1653.20207
G0 F12000 X140.519 Y110.919
G1 F4800 X138.601 Y111.433 E1653.33416
G1 F2700 E1648.33416
G0 F12000 X140.838 Y106.838
G0 X140.838 Y81.162
G0 X136.779 Y76.102
G0 X136.84 Y75.85
;TYPE:SKIN
G1 F2700 E1653.33416
G1 F2400 X136.503 Y75.769 E1653.35721
G1 X135.92 Y75.732 E1653.39607
G1 X135.556 Y75.776 E1653.42046
G1 X135.556 Y74.004 E1653.53834
G1 X135.486 Y73.76 E1653.55522
G1 X136.84 Y73.76 E1653.64529
G1 X136.84 Y75.85 E1653.78432
G0 F12000 X136.564 Y75.569
G1 F2400 X136.64 Y75.492 E1653.79152
G0 F12000 X136.64 Y74.926
G1 F2400 X136.028 Y75.538 E1653.84909
G0 F12000 X135.755 Y75.246
G1 F2400 X136.64 Y74.361 E1653.93234
G0 F12000 X136.475 Y73.96
G1 F2400 X135.752 Y74.682 E1654.00031
G0 F12000 X135.75 Y74.119
G1 F2400 X135.909 Y73.96 E1654.01527
G0 F12000 X135.909 Y73.21
G1 F2700 E1649.01527
;MESH:NONMESH
G0 F300 Z29.8
G0 F12000 X135.188 Y73.183
G0 X86.426 Y73.007
;TIME_ELAPSED:6088.650257
;LAYER:74
;TYPE:WALL-INNER
;MESH:tank_trainer_body.stl
G1 F2700 E1654.01527
G1 F2352.9 X86.6 Y73 E1654.02709
G1 F2400 X133.396 Y73 E1657.13997
G1 F2700 E1652.13997
G0 F12000 X133.837 Y73.562
G0 X134.078 Y79.342
G0 X134.485 Y80.971
G1 F2700 E1657.13997
G1 F2096.1 X134.456 Y80.922 E1657.14431
G1 X134.399 Y80.922 E1657.14865
G1 X134.371 Y80.971 E1657.15294
G1 X134.4 Y81.02 E1657.15728
G1 X134.457 Y81.02 E1657.16162
G1 X134.485 Y80.971 E1657.16592
G1 F2700 E1652.16592
G0 F12000 X140.6 Y80.754
G1 F2700 E1657.16592
G1 F2400 X140.6 Y73.4 E1657.65511
G1 X134.597 Y73.4 E1658.05443
G1 X134.796 Y73.999 E1658.09642
G1 X134.798 Y76.35 E1658.25281
G1 X135.181 Y76.217 E1658.27978
G1 X135.47 Y76.149 E1658.29953
G1 X135.776 Y76.112 E1658.32003
G1 X136.148 Y76.108 E1658.34478
G1 X136.437 Y76.138 E1658.36411
G1 X136.793 Y76.214 E1658.38832
G1 X137.096 Y76.316 E1658.40959
G1 X137.36 Y76.44 E1658.42899
G1 X137.596 Y76.581 E1658.44728
G1 X137.84 Y76.761 E1658.46745
G1 X138.055 Y76.957 E1658.4868
G1 X138.324 Y77.26 E1658.51375
G1 X138.611 Y77.724 E1658.55005
G1 X138.8 Y78.219 E1658.58529
G1 X138.892 Y78.744 E1658.62075
G1 X138.892 Y79.283 E1658.6566
G1 X138.787 Y79.823 E1658.69319
G1 X138.577 Y80.333 E1658.72988
G1 X138.4 Y80.599 E1658.75114
G1 X140 Y80.6 E1658.85757
G1 X140.54 Y80.706 E1658.89418
G1 X140.6 Y80.754 E1658.89929
G0 F12000 X140.793 Y81.084
G0 X141 Y82
G1 F2400 X141 Y73 E1659.49797
G1 X133.396 Y73 E1660.00379
G1 X134.196 Y73.4 E1660.06329
G1 X134.396 Y73.999 E1660.1053
G1 X134.398 Y77.071 E1660.30965
G1 X134.704 Y76.849 E1660.33479
G1 X135.173 Y76.63 E1660.36923
G1 X135.667 Y76.513 E1660.403
G1 X136.25 Y76.507 E1660.44178
G1 X136.821 Y76.629 E1660.48062
G1 X137.276 Y76.842 E1660.51404
G1 X137.688 Y77.147 E1660.54814
G1 X138.004 Y77.502 E1660.57975
G1 X138.271 Y77.934 E1660.61353
G1 X138.406 Y78.287 E1660.63867
G1 X138.492 Y78.779 E1660.6719
G1 X138.492 Y79.245 E1660.7029
G1 X138.394 Y79.747 E1660.73692
G1 X138.245 Y80.111 E1660.76308
G1 X137.866 Y80.68 E1660.80856
G1 X137.489 Y81 E1660.84146
G1 X140 Y81 E1661.00849
G1 X140.386 Y81.076 E1661.03466
G1 X140.801 Y81.399 E1661.06964
G1 X141 Y82 E1661.11175
G1 X141 Y106 E1662.70824
G1 F2358.7 X140.993 Y106.174 E1662.72003
G0 F12000 X140.838 Y106.838
G0 X134.829 Y107.387
G1 F2580.6 X134.76 Y107.347 E1662.72496
G1 X134.76 Y107.427 E1662.72991
G1 X134.829 Y107.387 E1662.73484
G0 F12000 X136.778 Y107.778
G0 X137.205 Y107.978
G0 X137.577 Y108.253
G0 X137.888 Y108.595
G0 X138.228 Y109.159
G0 X138.345 Y109.799
G0 X138.341 Y110.232
G0 X138.213 Y110.887
G0 X137.765 Y111.558
G0 X137.493 Y111.819
G0 X136.933 Y112.181
G0 X134.825 Y112.619
G1 F2666.7 X134.757 Y112.58 E1662.73954
G1 X134.758 Y112.658 E1662.74421
G1 X134.825 Y112.619 E1662.74885
G0 F12000 X140.6 Y112.754
G1 F2400 X140.6 Y107.246 E1663.11524
G1 X140.54 Y107.293 E1663.12031
G1 X140 Y107.4 E1663.15693
G1 X137.29 Y107.399 E1663.3372
G1 X137.596 Y107.581 E1663.36088
G1 X137.84 Y107.761 E1663.38105
G1 X138.055 Y107.957 E1663.40041
G1 X138.332 Y108.268 E1663.42811
G1 X138.681 Y108.85 E1663.47325
G1 X138.8 Y109.219 E1663.49904
G1 X138.892 Y109.744 E1663.5345
G1 X138.892 Y110.283 E1663.57035
G1 X138.787 Y110.823 E1663.60695
G1 X138.662 Y111.205 E1663.63368
G1 X138.273 Y111.789 E1663.68036
G1 X138.016 Y112.095 E1663.70694
G1 X137.726 Y112.323 E1663.73148
G1 X137.3 Y112.6 E1663.76528
G1 X140 Y112.6 E1663.94489
G1 X140.54 Y112.706 E1663.98149
G1 X140.6 Y112.754 E1663.98661
G0 F12000 X140.793 Y113.084
G0 X141 Y114
G1 F2400 X141 Y106.666 E1664.47447
G1 F2358.7 X140.993 Y106.174 E1664.50777
G1 X140.802 Y106.6 E1664.53937
G1 F2400 X140.386 Y106.924 E1664.57444
G1 X140 Y107 E1664.60061
G1 F2388.1 X136.773 Y107.002 E1664.81635
G1 F2201.8 X136.409 Y107.034 E1664.84284
G1 F2082.4 X136.13 Y107.027 E1664.86424
G1 F2087 X135.574 Y107.033 E1664.90677
G1 F2206.9 X135.204 Y107.002 E1664.93363
G1 F2388.1 X134.397 Y107.001 E1664.98758
G1 F2400 X134.397 Y108.073 E1665.05889
G1 X134.704 Y107.849 E1665.08417
G1 X135.08 Y107.674 E1665.11176
G1 F2217.1 X135.614 Y107.494 E1665.15234
G1 F2060.1 X136.303 Y107.477 E1665.20575
G1 F2212 X136.926 Y107.679 E1665.25302
G1 F2400 X137.277 Y107.843 E1665.27879
G1 X137.688 Y108.146 E1665.31276
G1 X138.007 Y108.505 E1665.3447
G1 X138.321 Y109.024 E1665.38506
G1 X138.406 Y109.287 E1665.40344
G1 X138.492 Y109.779 E1665.43667
G1 X138.492 Y110.245 E1665.46766
G1 X138.394 Y110.747 E1665.50169
G1 X138.304 Y111.023 E1665.521
G1 X137.864 Y111.68 E1665.5736
G1 X137.509 Y111.987 E1665.60482
G1 X137.133 Y112.232 E1665.63467
G1 X136.829 Y112.363 E1665.65669
G1 F2206.9 X136.411 Y112.5 E1665.68851
G1 F2091.5 X135.824 Y112.528 E1665.73337
G1 F2073.4 X135.51 Y112.495 E1665.75768
G1 F2186.8 X134.914 Y112.264 E1665.80435
G1 F2400 X134.637 Y112.105 E1665.82559
G1 X134.4 Y111.912 E1665.84592
G1 X134.4 Y112.999 E1665.91823
G1 X134.855 Y113 E1665.9485
G1 F2186.8 X135.438 Y112.961 E1665.99115
G1 F2073.4 X135.824 Y112.976 E1666.0209
G1 F2091.5 X136.451 Y112.965 E1666.06877
G1 F2206.9 X136.906 Y113 E1666.10178
G1 F2400 X140 Y113 E1666.30759
G1 X140.386 Y113.076 E1666.33376
G1 X140.801 Y113.399 E1666.36874
G1 X141 Y114 E1666.41086
G1 X141 Y146 E1668.53951
G1 F2358.7 X140.993 Y146.174 E1668.55129
G0 F12000 X140.838 Y146.838
G0 X140.174 Y146.993
G1 F2352.9 X140 Y147 E1668.56311
G1 F2400 X80 Y147 E1672.55432
G1 F2487 X79.303 Y146.697 E1672.60311
G1 F2436.5 X79.007 Y146.174 E1672.64249
G1 X78.986 Y147.014 E1672.69754
G1 F2487 X80 Y147 E1672.76264
G0 F12000 X79.162 Y146.838
G0 X79.007 Y146.174
G1 F2352.9 X79 Y146 E1672.77445
G1 F2400 X79 Y114 E1674.9031
G0 F12000 X79.146 Y113.246
G0 X79.4 Y112.755
G1 F2400 X79.461 Y112.707 E1674.90827
G1 X80 Y112.6 E1674.94482
G1 X82.722 Y112.6 E1675.12589
G1 X82.3 Y112.34 E1675.15886
G1 X82.033 Y112.125 E1675.18166
G1 X81.725 Y111.809 E1675.21102
G1 X81.42 Y111.333 E1675.24862
G1 X81.224 Y110.821 E1675.28509
G1 X81.152 Y110.562 E1675.30297
G1 X81.079 Y109.963 E1675.34311
G1 X81.124 Y109.585 E1675.36844
G1 X81.236 Y109.13 E1675.39961
G1 X81.333 Y108.857 E1675.41888
G1 X81.595 Y108.387 E1675.45467
G1 X81.807 Y108.101 E1675.47836
G1 X82.011 Y107.889 E1675.49793
G1 X82.276 Y107.674 E1675.52063
G1 X82.708 Y107.401 E1675.55462
G1 X80 Y107.4 E1675.73476
G1 X79.46 Y107.293 E1675.77138
G1 X79.4 Y107.245 E1675.77649
G1 X79.4 Y112.755 E1676.14301
G0 F12000 X85.262 Y112.616
G1 F2608.7 X85.193 Y112.576 E1676.1479
G1 X85.193 Y112.656 E1676.15279
G1 X85.262 Y112.616 E1676.15767
G0 F12000 X83.572 Y112.648
G0 X82.503 Y111.818
G0 X81.999 Y111.3
G0 X81.705 Y110.528
G0 X81.623 Y109.876
G0 X81.802 Y109.15
G0 X82.13 Y108.566
G0 X82.482 Y108.199
G0 X83.373 Y107.643
G0 X85.258 Y107.389
G1 F2539.7 X85.187 Y107.348 E1676.16283
G1 X85.188 Y107.43 E1676.16798
G1 X85.258 Y107.389 E1676.17308
G0 F12000 X83.373 Y107.643
G0 X82.482 Y108.199
G0 X82.13 Y108.566
G0 X79.162 Y113.162
G0 X79 Y114
G1 F2400 X79.199 Y113.399 E1676.21519
G1 X79.615 Y113.076 E1676.25023
G1 X80 Y113 E1676.27633
G1 F2388.1 X83.045 Y112.998 E1676.4799
G1 F2171.9 X83.424 Y112.958 E1676.50791
G1 F2060.1 X84.044 Y112.975 E1676.55598
G1 F2046.9 X84.621 Y112.956 E1676.60101
G1 F2162.2 X85.09 Y113 E1676.63579
G1 F2400 X85.6 Y113 E1676.66971
G1 X85.6 Y111.92 E1676.74156
G1 X85.104 Y112.247 E1676.78107
G1 F2162.2 X84.583 Y112.472 E1676.82298
G1 F2008.4 X84.109 Y112.528 E1676.86092
G1 F2033.9 X83.537 Y112.505 E1676.90585
G1 F2186.8 X83.136 Y112.343 E1676.93743
G1 F2388.1 X82.887 Y112.231 E1676.95568
G1 F2400 X82.408 Y111.937 E1676.99307
G1 X82.012 Y111.53 E1677.03084
G1 X81.794 Y111.19 E1677.05771
G1 X81.553 Y110.562 E1677.10245
G1 X81.475 Y109.837 E1677.15096
G1 X81.654 Y109.102 E1677.20128
G1 X81.943 Y108.582 E1677.24085
G1 X82.095 Y108.378 E1677.25778
G1 X82.382 Y108.08 E1677.2853
G1 X82.864 Y107.776 E1677.32321
G1 X83.12 Y107.662 E1677.34185
G1 F2212 X83.593 Y107.497 E1677.378
G1 F2060.1 X84.176 Y107.469 E1677.42323
G1 F2222.2 X84.671 Y107.596 E1677.45995
G1 F2400 X84.931 Y107.682 E1677.47817
G1 X85.263 Y107.847 E1677.50283
G1 X85.6 Y108.088 E1677.53039
G1 X85.6 Y107 E1677.60276
G1 X84.725 Y107 E1677.66097
G1 F2232.6 X84.286 Y107.031 E1677.69244
G1 F2109.9 X84.056 Y107.025 E1677.70985
G1 F2091.5 X83.553 Y107.034 E1677.74825
G1 F2212 X83.027 Y107 E1677.78629
G1 F2400 X80 Y107 E1677.98765
G1 X79.614 Y106.924 E1678.01382
G1 X79.199 Y106.599 E1678.04888
G1 F2352.9 X79.007 Y106.174 E1678.08052
G1 X78.999 Y106.666 E1678.11391
G1 F2400 X79 Y114 E1678.60177
G0 F12000 X79.007 Y106.174
G1 F2352.9 X79 Y106 E1678.61359
G1 F2400 X79 Y82 E1680.21007
G0 F12000 X79.146 Y81.246
G0 X79.4 Y80.755
G1 F2400 X79.461 Y80.707 E1680.21524
G1 X80 Y80.6 E1680.25179
G1 X81.591 Y80.599 E1680.35762
G1 X81.42 Y80.333 E1680.37866
G1 X81.224 Y79.821 E1680.41513
G1 X81.153 Y79.564 E1680.43286
G1 X81.079 Y78.964 E1680.47308
G1 X81.124 Y78.585 E1680.49847
G1 X81.236 Y78.13 E1680.52964
G1 X81.375 Y77.778 E1680.55481
G1 X81.595 Y77.386 E1680.58471
G1 X81.807 Y77.101 E1680.60834
G1 X82.011 Y76.889 E1680.62791
G1 X82.23 Y76.703 E1680.64703
G1 X82.651 Y76.438 E1680.68012
G1 X83.009 Y76.278 E1680.7062
G1 X83.535 Y76.127 E1680.7426
G1 X83.977 Y76.102 E1680.77205
G1 X84.312 Y76.123 E1680.79438
G1 X84.743 Y76.203 E1680.82354
G1 X85.2 Y76.356 E1680.8556
G1 X85.2 Y74 E1681.01232
G1 X85.307 Y73.46 E1681.04894
G1 X85.355 Y73.4 E1681.05405
G1 X79.401 Y73.401 E1681.45011
G1 X79.4 Y80.755 E1681.9393
G0 F12000 X79.207 Y81.084
G0 X79 Y82
G1 F2400 X79.199 Y81.399 E1681.98142
G1 X79.615 Y81.076 E1682.01645
G1 X80 Y81 E1682.04256
G1 X82.511 Y80.999 E1682.20959
G1 X82.319 Y80.847 E1682.22588
G1 X82.011 Y80.531 E1682.25523
G1 X81.794 Y80.19 E1682.28212
G1 X81.556 Y79.569 E1682.32636
G1 X81.48 Y78.952 E1682.36771
G1 X81.513 Y78.681 E1682.38587
G1 X81.624 Y78.225 E1682.41709
G1 X81.723 Y77.974 E1682.43504
G1 X81.943 Y77.582 E1682.46494
G1 X82.095 Y77.378 E1682.48186
G1 X82.382 Y77.08 E1682.50938
G1 X82.864 Y76.777 E1682.54726
G1 X83.119 Y76.663 E1682.56584
G1 X83.599 Y76.531 E1682.59895
G1 X84.112 Y76.492 E1682.63317
G1 X84.67 Y76.596 E1682.67093
G1 X84.931 Y76.683 E1682.68923
G1 X85.263 Y76.847 E1682.71387
G1 X85.6 Y77.088 E1682.74142
G1 X85.6 Y74 E1682.94684
G1 X85.676 Y73.614 E1682.97301
G1 X86.001 Y73.199 E1683.00807
G1 F2352.9 X86.426 Y73.007 E1683.03972
G1 X85.934 Y72.999 E1683.0731
G1 F2400 X79.001 Y73.001 E1683.53429
G1 X79 Y82 E1684.1329
G1 F2700 E1679.1329
G0 F12000 X79.562 Y81.562
G0 X85.629 Y80.972
G1 F2700 E1684.1329
G1 F2105.3 X85.6 Y80.923 E1684.13722
G1 X85.543 Y80.923 E1684.14154
G1 X85.515 Y80.972 E1684.14582
G1 X85.544 Y81.021 E1684.15014
G1 X85.601 Y81.021 E1684.15446
G1 X85.629 Y80.972 E1684.15874
G1 F2700 E1679.15874
G0 F12000 X79.562 Y81.562
G0 X79.562 Y146.438
G0 X110 Y146.91
G0 X110 Y146.6
G1 F2700 E1684.15874
G1 F2400 X80 Y146.6 E1686.15435
G1 X79.575 Y146.425 E1686.18493
G1 X79.4 Y146.089 E1686.21013
G1 X79.4 Y114 E1688.3447
G1 X79.519 Y113.639 E1688.36998
G1 X79.769 Y113.446 E1688.39099
G1 X80 Y113.4 E1688.40666
G1 X86 Y113.4 E1688.80578
G1 X86 Y110.616 E1688.99097
G1 X85.89 Y110.923 E1689.01266
G1 X85.661 Y111.285 E1689.04116
G1 X85.387 Y111.582 E1689.06804
G1 X84.881 Y111.907 E1689.10804
G1 X84.565 Y112.025 E1689.13048
G1 X84.044 Y112.1 E1689.16549
G1 X83.676 Y112.081 E1689.19001
G1 X83.17 Y111.936 E1689.22502
G1 X82.659 Y111.622 E1689.26492
G1 X82.298 Y111.251 E1689.29935
G1 X82.167 Y111.047 E1689.31548
G1 X81.945 Y110.466 E1689.35685
G1 X81.878 Y109.869 E1689.39681
G1 X82.031 Y109.247 E1689.43942
G1 X82.33 Y108.71 E1689.48031
G1 X82.639 Y108.39 E1689.5099
G1 X83.147 Y108.07 E1689.54984
G1 X83.668 Y107.924 E1689.58583
G1 X84.098 Y107.897 E1689.61449
G1 X84.683 Y108.006 E1689.65407
G1 X85.152 Y108.239 E1689.68891
G1 X85.486 Y108.511 E1689.71756
G1 X85.766 Y108.871 E1689.7479
G1 X86 Y109.312 E1689.78111
G1 X86 Y106.6 E1689.96151
G1 X80 Y106.6 E1690.36063
G1 X79.768 Y106.554 E1690.37637
G1 X79.519 Y106.36 E1690.39736
G1 X79.4 Y106.086 E1690.41724
G1 X79.4 Y82 E1692.01944
G1 X79.519 Y81.639 E1692.04473
G1 X79.769 Y81.446 E1692.06574
G1 X80 Y81.4 E1692.08141
G1 X83.185 Y81.399 E1692.29327
G1 F2533 X83.731 Y81.42 E1692.32771
G1 F2696.6 X84.164 Y81.423 E1692.35335
G1 F2546.4 X84.914 Y81.4 E1692.40039
G1 F2400 X86 Y81.4 E1692.47263
G1 X86 Y79.616 E1692.5913
G1 X85.89 Y79.923 E1692.613
G1 X85.661 Y80.285 E1692.64149
G1 X85.386 Y80.583 E1692.66846
G1 X84.887 Y80.91 E1692.70815
G1 F2449 X84.511 Y81.025 E1692.73378
G1 F2553.2 X84.064 Y81.079 E1692.76194
G1 F2587.6 X83.615 Y81.049 E1692.7897
G1 F2474.2 X83.177 Y80.941 E1692.81881
G1 F2400 X82.657 Y80.62 E1692.85946
G1 X82.298 Y80.251 E1692.8937
G1 X82.167 Y80.047 E1692.90983
G1 X81.946 Y79.47 E1692.95093
G1 X81.878 Y78.869 E1692.99117
G1 X82.033 Y78.24 E1693.03426
G1 X82.33 Y77.71 E1693.07467
G1 X82.635 Y77.393 E1693.10394
G1 X83.147 Y77.07 E1693.14421
G1 X83.668 Y76.925 E1693.18018
G1 X84.092 Y76.896 E1693.20845
G1 X84.679 Y77.005 E1693.24817
G1 X85.152 Y77.238 E1693.28324
G1 X85.486 Y77.511 E1693.31194
G1 X85.766 Y77.871 E1693.34227
G1 X86 Y78.312 E1693.37548
G1 X86 Y74 E1693.66232
G1 X86.046 Y73.768 E1693.67805
G1 X86.24 Y73.519 E1693.69905
G1 X86.514 Y73.4 E1693.71892
G1 X133.396 Y73.4 E1696.83752
G1 X133.876 Y73.64 E1696.87322
G1 X133.996 Y73.999 E1696.8984
G1 X133.999 Y78.265 E1697.18218
G1 X134.324 Y77.72 E1697.22439
G1 X134.698 Y77.336 E1697.26004
G1 X134.873 Y77.212 E1697.27431
G1 X135.304 Y77.01 E1697.30597
G1 X135.719 Y76.913 E1697.33432
G1 X136.206 Y76.907 E1697.36672
G1 X136.697 Y77.012 E1697.40012
G1 X137.07 Y77.188 E1697.42756
G1 X137.415 Y77.442 E1697.45606
G1 X137.684 Y77.745 E1697.48301
G1 X137.931 Y78.144 E1697.51422
G1 X138.012 Y78.356 E1697.52932
G1 X138.084 Y78.768 E1697.55714
G1 X138.093 Y79.201 E1697.58595
G1 X138.002 Y79.671 E1697.6178
G1 X137.912 Y79.889 E1697.63349
G1 X137.566 Y80.409 E1697.67503
G1 X137.291 Y80.652 E1697.69944
G1 X136.82 Y80.958 E1697.73681
G1 F2506.5 X136.333 Y81.055 E1697.76844
G1 F2623 X135.727 Y81.082 E1697.80536
G1 F2506.5 X135.087 Y80.9 E1697.84774
G1 F2400 X134.889 Y80.795 E1697.86265
G1 X134.466 Y80.45 E1697.89896
G1 X134.32 Y80.277 E1697.91401
G1 X133.999 Y79.702 E1697.95782
G1 X134 Y81.4 E1698.07077
G1 X135.01 Y81.4 E1698.13796
G1 F2566.8 X135.824 Y81.426 E1698.18861
G1 X136.784 Y81.4 E1698.24834
G1 F2400 X140 Y81.4 E1698.46227
G1 X140.232 Y81.445 E1698.47799
G1 X140.481 Y81.639 E1698.49899
G1 X140.6 Y82 E1698.52427
G1 X140.6 Y106.085 E1700.12641
G1 X140.482 Y106.36 E1700.14632
G1 X140.232 Y106.554 E1700.16737
G1 X140 Y106.6 E1700.1831
G1 X133.997 Y106.601 E1700.58242
G1 X133.999 Y109.263 E1700.7595
G1 X134.324 Y108.719 E1700.80165
G1 X134.698 Y108.336 E1700.83726
G1 X134.873 Y108.212 E1700.85153
G1 X135.303 Y108.01 E1700.88313
G1 X135.724 Y107.913 E1700.91187
G1 X136.206 Y107.907 E1700.94394
G1 X136.692 Y108.011 E1700.977
G1 X137.072 Y108.189 E1701.00491
G1 X137.416 Y108.442 E1701.03332
G1 X137.685 Y108.746 E1701.06032
G1 X137.994 Y109.252 E1701.09976
G1 X138.084 Y109.768 E1701.1346
G1 X138.093 Y110.201 E1701.16341
G1 X137.982 Y110.772 E1701.2021
G1 X137.566 Y111.409 E1701.25271
G1 X137.291 Y111.652 E1701.27712
G1 X136.83 Y111.951 E1701.31368
G1 X136.336 Y112.072 E1701.34751
G1 X135.746 Y112.109 E1701.38683
G1 X134.977 Y111.865 E1701.4405
G1 X134.465 Y111.45 E1701.48434
G1 X134.32 Y111.277 E1701.49936
G1 X133.999 Y110.702 E1701.54316
G1 X134 Y113.399 E1701.72257
G1 X140 Y113.4 E1702.12169
G1 X140.232 Y113.445 E1702.13741
G1 X140.481 Y113.639 E1702.15841
G1 X140.6 Y114 E1702.18369
G1 X140.6 Y146.089 E1704.31826
G1 X140.424 Y146.424 E1704.34343
G1 X140.089 Y146.6 E1704.36861
G1 X110 Y146.6 E1706.37013
G1 F2700 E1701.37013
G0 F12000 X110 Y146.91
G0 X140.174 Y146.993
G1 F2700 E1706.37013
G1 F2436.5 X141.014 Y147.014 E1706.42519
G1 F2442.7 X140.993 Y146.174 E1706.48011
G1 X140.697 Y146.697 E1706.51938
G1 F2436.5 X140.174 Y146.993 E1706.55876
G1 F2700 E1701.55876
G0 F12000 X110 Y147.09
G0 X110 Y147.4
G1 F2700 E1706.55876
G1 F2400 X141.4 Y147.4 E1708.6475
G1 X141.4 Y72.6 E1713.62321
G1 X78.601 Y72.601 E1717.80062
G1 X78.601 Y147.399 E1722.7762
G1 X110 Y147.4 E1724.86487
G0 F12000 X110 Y147.8
;TYPE:WALL-OUTER
G1 F2400 X141.8 Y147.8 E1726.98022
G1 X141.8 Y72.2 E1732.00915
G1 X78.201 Y72.201 E1736.23977
G1 X78.201 Y147.799 E1741.26857
G1 X110 Y147.8 E1743.38385
G0 F12000 X110 Y147.09
G0 X110 Y146.199
G1 F2400 X80 Y146.2 E1745.37946
G1 X79.858 Y146.142 E1745.38966
G1 X79.802 Y146.035 E1745.39769
G1 X79.8 Y114 E1747.52867
G1 X79.839 Y113.879 E1747.53713
G1 X79.943 Y113.8 E1747.54581
G1 X86.4 Y113.8 E1747.97534
G1 X86.4 Y110.874 E1748.16997
G1 F2004.2 X86.321 Y110.352 E1748.21203
G1 F1714.3 X86.319 Y109.709 E1748.27191
G1 F1995.8 X86.4 Y109.309 E1748.30456
G1 F2400 X86.4 Y106.2 E1748.51137
G1 X79.941 Y106.2 E1748.94102
G1 X79.839 Y106.12 E1748.94965
G1 X79.802 Y106.035 E1748.95581
G1 X79.8 Y82 E1750.55463
G1 X79.839 Y81.879 E1750.56308
G1 X79.943 Y81.8 E1750.57177
G1 X86.4 Y81.8 E1751.00129
G1 X86.4 Y79.874 E1751.12941
G1 F2004.2 X86.321 Y79.352 E1751.17147
G1 F1714.3 X86.319 Y78.709 E1751.23135
G1 F1995.8 X86.4 Y78.309 E1751.26399
G1 F2400 X86.4 Y73.941 E1751.55455
G1 X86.48 Y73.839 E1751.56318
G1 X86.565 Y73.802 E1751.56934
G1 X133.396 Y73.8 E1754.68455
G1 X133.556 Y73.88 E1754.69645
G1 X133.596 Y73.999 E1754.7048
G1 X133.598 Y78.327 E1754.9927
G1 F2000 X133.678 Y78.723 E1755.02495
G1 F1702.1 X133.681 Y79.373 E1755.08592
G1 F1983.5 X133.599 Y79.7 E1755.11306
G1 F2400 X133.6 Y81.8 E1755.25275
G1 X140.059 Y81.8 E1755.6824
G1 X140.161 Y81.879 E1755.69098
G1 X140.2 Y82 E1755.69944
G1 X140.198 Y106.035 E1757.29826
G1 X140.161 Y106.12 E1757.30442
G1 X140.059 Y106.2 E1757.31305
G1 X133.597 Y106.201 E1757.7429
G1 X133.598 Y109.327 E1757.95084
G1 F2000 X133.678 Y109.723 E1757.98309
G1 F1702.1 X133.681 Y110.373 E1758.04406
G1 F1983.5 X133.599 Y110.7 E1758.07119
G1 F2400 X133.6 Y113.799 E1758.27734
G1 X140.059 Y113.8 E1758.70699
G1 X140.161 Y113.879 E1758.71558
G1 X140.2 Y114 E1758.72403
G1 X140.198 Y146.035 E1760.85501
G1 X140.142 Y146.142 E1760.86304
G1 X140.035 Y146.198 E1760.87108
G1 X110 Y146.199 E1762.86901
G1 F2700 E1757.86901
G0 F12000 X110 Y146.91
G0 X140.838 Y146.838
G0 X140.838 Y113.162
G0 X135.58 Y112.384
G0 X135.797 Y111.706
G1 F2700 E1762.86901
G1 F2400 X135.17 Y111.507 E1762.91277
G1 F2285.7 X134.688 Y111.116 E1762.95612
G1 F2077.9 X134.244 Y110.31 E1763.02682
G1 F1839.1 X134.233 Y109.779 E1763.07293
G1 F2000 X134.416 Y109.345 E1763.11052
G1 F2400 X134.632 Y108.984 E1763.13851
G1 X135.009 Y108.59 E1763.17478
G1 X135.419 Y108.398 E1763.2049
G1 X135.757 Y108.315 E1763.22805
G1 X136.186 Y108.312 E1763.25659
G1 X136.586 Y108.403 E1763.28388
G1 X136.849 Y108.526 E1763.30319
G1 X137.158 Y108.755 E1763.32877
G1 X137.371 Y108.998 E1763.35027
G1 X137.612 Y109.39 E1763.38088
G1 X137.69 Y109.837 E1763.41106
G1 X137.689 Y110.183 E1763.43408
G1 X137.603 Y110.628 E1763.46423
G1 X137.196 Y111.232 E1763.51268
G1 X136.667 Y111.58 E1763.5548
G1 X136.267 Y111.678 E1763.58219
G1 X135.797 Y111.706 E1763.61351
G1 F2700 E1758.61351
G0 F12000 X135.58 Y112.384
G0 X134.422 Y111.147
G0 X134.179 Y110.709
G0 X134.078 Y110.342
G0 X134.058 Y109.804
G0 X134.164 Y109.282
G0 X135.509 Y106.45
G0 X140.438 Y106.438
G0 X140.438 Y81.562
G0 X135.203 Y81.175
G0 X135.797 Y80.706
G1 F2700 E1763.61351
G1 F2400 X135.169 Y80.507 E1763.65733
G1 X134.687 Y80.115 E1763.69866
G1 F2171.9 X134.244 Y79.31 E1763.7662
G1 F1839.1 X134.233 Y78.779 E1763.81231
G1 F2000 X134.416 Y78.345 E1763.8499
G1 F2400 X134.66 Y77.948 E1763.8809
G1 X135.011 Y77.589 E1763.9143
G1 X135.457 Y77.385 E1763.94692
G1 X135.789 Y77.312 E1763.96954
G1 X136.186 Y77.312 E1763.99595
G1 X136.586 Y77.402 E1764.02322
G1 X136.85 Y77.526 E1764.04262
G1 X137.158 Y77.755 E1764.06815
G1 X137.371 Y77.998 E1764.08965
G1 X137.611 Y78.387 E1764.12005
G1 X137.69 Y78.837 E1764.15044
G1 X137.689 Y79.183 E1764.17346
G1 X137.601 Y79.634 E1764.20403
G1 X137.196 Y80.233 E1764.25212
G1 X136.667 Y80.58 E1764.29421
G1 X136.267 Y80.678 E1764.3216
G1 X135.797 Y80.706 E1764.35292
G1 F2700 E1759.35292
G0 F12000 X135.203 Y81.175
G0 X133.848 Y79.729
G0 X133.837 Y73.562
G0 X86.163 Y73.562
G0 X86.153 Y79.727
G0 X84.829 Y81.173
G0 X84.076 Y80.698
G1 F2700 E1764.35292
G1 F2400 X83.721 Y80.677 E1764.37658
G1 X83.328 Y80.565 E1764.40376
G1 X82.892 Y80.288 E1764.43812
G1 X82.555 Y79.943 E1764.47021
G1 X82.333 Y79.344 E1764.5127
G1 X82.284 Y78.92 E1764.54109
G1 X82.407 Y78.39 E1764.57728
G1 X82.671 Y77.933 E1764.61239
G1 X82.913 Y77.69 E1764.63521
G1 X83.314 Y77.439 E1764.66667
G1 X83.716 Y77.323 E1764.69451
G1 X84.093 Y77.303 E1764.71962
G1 X84.554 Y77.388 E1764.7508
G1 X84.947 Y77.588 E1764.78014
G1 X85.21 Y77.808 E1764.80294
G1 X85.473 Y78.153 E1764.8318
G1 F1995.8 X85.765 Y78.776 E1764.88684
G1 F1846.2 X85.767 Y79.285 E1764.93086
G1 F2181.8 X85.518 Y79.763 E1764.97029
G1 F2400 X85.332 Y80.052 E1764.99315
G1 X85.106 Y80.288 E1765.01489
G1 X84.734 Y80.532 E1765.04448
G1 X84.448 Y80.638 E1765.06477
G1 X84.076 Y80.698 E1765.08984
G1 F2700 E1760.08984
G0 F12000 X84.829 Y81.173
G0 X79.562 Y81.562
G0 X79.562 Y106.438
G0 X84.632 Y108.153
G0 X85.064 Y108.363
G0 X85.375 Y108.613
G0 X85.677 Y109.001
G0 X85.825 Y109.306
G0 X85.942 Y109.791
G0 X85.942 Y110.337
G0 X85.756 Y110.853
G0 X85.49 Y111.202
G0 X84.353 Y112.438
G0 X84.076 Y111.698
G1 F2700 E1765.08984
G1 F2400 X83.721 Y111.677 E1765.1135
G1 X83.329 Y111.565 E1765.14061
G1 X82.892 Y111.288 E1765.17503
G1 X82.556 Y110.943 E1765.20707
G1 X82.334 Y110.355 E1765.24888
G1 X82.282 Y109.9 E1765.27934
G1 X82.415 Y109.377 E1765.31524
G1 X82.671 Y108.933 E1765.34933
G1 X82.913 Y108.69 E1765.37214
G1 X83.314 Y108.438 E1765.40365
G1 X83.737 Y108.318 E1765.4329
G1 X84.056 Y108.3 E1765.45415
G1 X84.553 Y108.388 E1765.48772
G1 X84.947 Y108.588 E1765.51712
G1 X85.21 Y108.808 E1765.53993
G1 X85.473 Y109.153 E1765.56878
G1 F1995.8 X85.765 Y109.776 E1765.62382
G1 F1846.2 X85.767 Y110.285 E1765.66784
G1 F2181.8 X85.518 Y110.763 E1765.70727
G1 F2400 X85.332 Y111.052 E1765.73013
G1 X85.106 Y111.288 E1765.75187
G1 X84.71 Y111.545 E1765.78327
G1 X84.448 Y111.638 E1765.80177
G1 X84.076 Y111.698 E1765.82683
G0 F12000 X84.353 Y112.438
G0 X83.572 Y112.648
G0 X81.531 Y111.648
;TYPE:FILL
G1 F4800 X81.298 Y112.52 E1765.88687
G0 F12000 X81.112 Y110.71
G1 F4800 X79.48 Y109.078 E1766.0404
G1 X79.48 Y108.933
G1 X81.5 Y108.392 E1766.17951
G1 F2700 E1761.17951
G0 F12000 X79.162 Y106.838
G0 X79.162 Y81.162
G0 X79.481 Y77.874
G1 F2700 E1766.17951
G1 F4800 X81.545 Y77.321 E1766.32165
G1 X81.597 Y77.254
G1 X79.48 Y75.137 E1766.5208
G0 F12000 X84.832 Y76.15
G1 F4800 X85.12 Y75.072 E1766.59503
G1 F2700 E1761.59503
G0 F12000 X85.763 Y73.162
G0 X134.237 Y73.162
G0 X134.974 Y76.085
G0 X136.472 Y75.982
G0 X136.7 Y75.025
G0 X136.479 Y75.025
G1 F2700 E1766.59503
G1 F4800 X140.52 Y73.942 E1766.87332
G0 F12000 X140.52 Y76.78
G1 F4800 X137.22 Y73.48 E1767.18377
G0 F12000 X140.52 Y76.958
G1 F4800 X139.566 Y80.52 E1767.42906
G0 F12000 X139.156 Y80.52
G1 F4800 X140.519 Y80.154 E1767.52294
G0 F12000 X140.838 Y81.162
G0 X140.838 Y106.838
G0 X138.553 Y107.48
G1 F4800 X138.362 Y108.194 E1767.57211
G0 F12000 X138.818 Y109.019
G1 F4800 X140.521 Y110.722 E1767.73231
G0 F12000 X140.519 Y111.212
G1 F4800 X138.371 Y111.788 E1767.88025
G1 F2700 E1762.88025
G0 F12000 X140.838 Y106.838
G0 X140.838 Y81.162
G0 X137.577 Y77.253
G0 X137.205 Y76.978
G0 X136.778 Y76.778
G0 X136.225 Y76.656
G0 X135.688 Y76.666
G0 X135.296 Y76.789
G0 X134.897 Y75.848
G0 X135.156 Y75.848
;TYPE:SKIN
G1 F2700 E1767.88025
G1 F2400 X135.156 Y74.004 E1768.00291
G1 X135.086 Y73.76 E1768.0198
G1 X136.436 Y73.76 E1768.1096
G1 X136.44 Y75.778 E1768.24384
G1 X136.165 Y75.749 E1768.26223
G1 X135.757 Y75.753 E1768.28937
G1 X135.397 Y75.793 E1768.31347
G1 X135.156 Y75.848 E1768.32991
G0 F12000 X135.539 Y75.576
G1 F2400 X135.356 Y75.393 E1768.34713
G0 F12000 X135.353 Y74.825
G1 F2400 X136.078 Y75.549 E1768.41528
G0 F12000 X136.239 Y75.145
G1 F2400 X135.351 Y74.257 E1768.49882
G0 F12000 X135.62 Y73.961
G1 F2400 X136.238 Y74.578 E1768.55691
G0 F12000 X137 Y74.578
G1 F2700 E1763.55691
;MESH:NONMESH
G0 F300 Z30.2
G0 F12000 X136.626 Y73.572
G0 X134.237 Y73.162
G0 X85.763 Y73.162
G0 X79.4 Y80.799
;TIME_ELAPSED:6159.203395
;LAYER:75
;TYPE:WALL-INNER
;MESH:tank_trainer_body.stl
G1 F2700 E1768.55691
G1 F2400 X79.999 Y80.6 E1768.5989
G1 X81.586 Y80.598 E1768.70447
G1 X81.372 Y80.214 E1768.73371
G1 X81.235 Y79.862 E1768.75884
G1 X81.108 Y79.326 E1768.79548
G1 X81.108 Y78.708 E1768.83659
G1 X81.213 Y78.174 E1768.87279
G1 X81.437 Y77.63 E1768.91192
G1 X81.715 Y77.2 E1768.94599
G1 X82.084 Y76.812 E1768.9816
G1 X82.331 Y76.594 E1769.00352
G1 X82.843 Y76.341 E1769.04151
G1 X83.162 Y76.228 E1769.06402
G1 X83.785 Y76.094 E1769.10641
G1 X84.36 Y76.126 E1769.14472
G1 X84.658 Y76.179 E1769.16485
G1 X85.058 Y76.295 E1769.19256
G1 X85.6 Y76.561 E1769.23272
G1 X85.6 Y74 E1769.40308
G1 X85.707 Y73.46 E1769.4397
G1 X85.755 Y73.4 E1769.44481
G1 X79.4 Y73.4 E1769.86754
G1 X79.4 Y80.799 E1770.35973
G0 F12000 X79.207 Y81.093
G0 X79 Y82
G1 F2400 X79.4 Y81.2 E1770.41922
G1 X79.999 Y81 E1770.46123
G1 X82.515 Y80.998 E1770.6286
G1 X82.305 Y80.833 E1770.64636
G1 X82.098 Y80.62 E1770.66612
G1 X81.937 Y80.407 E1770.68388
G1 X81.721 Y80.019 E1770.71342
G1 X81.624 Y79.768 E1770.73132
G1 X81.508 Y79.282 E1770.76456
G1 X81.508 Y78.708 E1770.80274
G1 X81.583 Y78.327 E1770.82857
G1 X81.807 Y77.783 E1770.86771
G1 X82.006 Y77.475 E1770.8921
G1 X82.497 Y76.957 E1770.93958
G1 X83.13 Y76.645 E1770.98652
G1 X83.818 Y76.495 E1771.03336
G1 X84.436 Y76.531 E1771.07454
G1 X84.947 Y76.679 E1771.10993
G1 X85.259 Y76.833 E1771.13307
G1 X85.677 Y77.137 E1771.16746
G1 X86 Y77.512 E1771.20038
G1 X86 Y74 E1771.434
G1 X86.076 Y73.614 E1771.46017
G1 X86.401 Y73.199 E1771.49523
G1 F2352.9 X86.826 Y73.007 E1771.52687
G1 X86.334 Y72.999 E1771.56026
G1 F2400 X79 Y73 E1772.04812
G1 X79 Y82 E1772.6468
G1 X79 Y106 E1774.24329
G1 F2352.9 X79.007 Y106.174 E1774.25511
G0 F12000 X79.4 Y112.799
G1 F2400 X79.999 Y112.6 E1774.29709
G1 X82.75 Y112.599 E1774.48009
G1 X82.544 Y112.501 E1774.49526
G1 X82.236 Y112.293 E1774.51999
G1 X82.02 Y112.113 E1774.53869
G1 X81.812 Y111.901 E1774.55845
G1 X81.589 Y111.602 E1774.58326
G1 X81.334 Y111.14 E1774.61836
G1 X81.235 Y110.862 E1774.63799
G1 X81.108 Y110.326 E1774.67463
G1 X81.108 Y109.708 E1774.71574
G1 X81.213 Y109.174 E1774.75195
G1 X81.437 Y108.631 E1774.79102
G1 X81.715 Y108.2 E1774.82514
G1 X82.084 Y107.812 E1774.86075
G1 X82.479 Y107.521 E1774.89339
G1 X82.724 Y107.4 E1774.91157
G1 X80 Y107.4 E1775.09277
G1 X79.46 Y107.293 E1775.12939
G1 X79.4 Y107.245 E1775.1345
G1 X79.4 Y112.799 E1775.50395
G0 F12000 X79.207 Y113.093
G0 X79 Y114
G1 F2400 X79 Y146 E1777.6326
G1 F2352.9 X79.007 Y146.174 E1777.64442
G0 F12000 X79.162 Y146.838
G0 X80 Y147
G1 F2400 X140 Y147 E1781.63563
G1 F2352.9 X140.174 Y146.993 E1781.64745
G1 F2436.5 X141.014 Y147.014 E1781.7025
G1 F2442.7 X140.993 Y146.174 E1781.75742
G1 X140.697 Y146.697 E1781.7967
G1 F2436.5 X140.174 Y146.993 E1781.83607
G0 F12000 X140.838 Y146.838
G0 X140.993 Y146.174
G1 F2358.7 X141 Y146 E1781.84786
G1 F2400 X141 Y114 E1783.97651
G0 F12000 X140.854 Y113.246
G0 X140.6 Y112.754
G1 F2400 X140.6 Y107.246 E1784.3429
G1 X140.54 Y107.293 E1784.34797
G1 X140 Y107.4 E1784.38459
G1 X137.301 Y107.401 E1784.56413
G1 X137.74 Y107.685 E1784.59891
G1 X138.019 Y107.925 E1784.62339
G1 X138.238 Y108.16 E1784.64476
G1 X138.413 Y108.4 E1784.66452
G1 X138.567 Y108.666 E1784.68496
G1 X138.763 Y109.115 E1784.71755
G1 X138.88 Y109.64 E1784.75333
G1 X138.895 Y110.274 E1784.79552
G1 X138.814 Y110.683 E1784.82325
G1 X138.727 Y110.96 E1784.84257
G1 X138.571 Y111.324 E1784.86891
G1 X138.405 Y111.612 E1784.89102
G1 X138.224 Y111.853 E1784.91107
G1 X138.023 Y112.069 E1784.9307
G1 X137.747 Y112.309 E1784.95503
G1 X137.322 Y112.6 E1784.98929
G1 X140 Y112.6 E1785.16743
G1 X140.54 Y112.706 E1785.20404
G1 X140.6 Y112.754 E1785.20915
G0 F12000 X136.178 Y112.405
G0 X136.13 Y112.097
G1 F2400 X135.645 Y112.08 E1785.24143
G1 X135.424 Y112.029 E1785.25652
G1 X134.925 Y111.801 E1785.29301
G1 X134.604 Y111.571 E1785.31928
G1 X134.326 Y111.282 E1785.34596
G1 F2406 X134.029 Y110.749 E1785.38644
G1 F2539.7 X133.932 Y110.262 E1785.41766
G1 F2666.7 X133.923 Y109.682 E1785.45239
G1 F2519.7 X134.064 Y109.177 E1785.48561
G1 F2400 X134.276 Y108.787 E1785.51514
G1 X134.648 Y108.378 E1785.55191
G1 X135.122 Y108.081 E1785.58912
G1 X135.721 Y107.913 E1785.63051
G1 X136.194 Y107.907 E1785.66197
G1 X136.611 Y107.983 E1785.69017
G1 X137.158 Y108.24 E1785.73037
G1 X137.55 Y108.576 E1785.76471
G1 X137.808 Y108.928 E1785.79375
G1 X138.03 Y109.435 E1785.83056
G1 X138.08 Y109.66 E1785.84589
G1 X138.093 Y110.205 E1785.88216
G1 X138.017 Y110.587 E1785.90807
G1 X137.808 Y111.075 E1785.94338
G1 X137.547 Y111.423 E1785.97232
G1 X137.168 Y111.752 E1786.0057
G1 X136.68 Y112.01 E1786.04242
G1 X136.13 Y112.097 E1786.07946
G0 F12000 X136.178 Y112.405
G0 X134.532 Y112.534
G1 F1804.5 X134.499 Y112.477 E1786.08529
G1 X134.433 Y112.477 E1786.09113
G1 X134.4 Y112.534 E1786.09696
G1 X134.433 Y112.591 E1786.10278
G1 X134.499 Y112.591 E1786.10862
G1 X134.532 Y112.534 E1786.11445
G0 F12000 X136.764 Y112.249
G0 X137.31 Y111.955
G0 X137.734 Y111.593
G0 X138.025 Y111.202
G0 X138.258 Y110.666
G0 X138.344 Y110.217
G0 X138.326 Y109.49
G0 X138.025 Y108.797
G0 X137.735 Y108.408
G0 X137.293 Y108.03
G0 X136.696 Y107.749
G0 X134.534 Y107.468
G1 F1797.8 X134.501 Y107.411 E1786.1203
G1 X134.435 Y107.411 E1786.12616
G1 X134.402 Y107.468 E1786.13201
G1 X134.435 Y107.525 E1786.13786
G1 X134.501 Y107.525 E1786.14372
G1 X134.534 Y107.468 E1786.14957
G0 F12000 X136.696 Y107.749
G0 X137.293 Y108.03
G0 X137.735 Y108.408
G0 X140.838 Y113.162
G0 X141 Y114
G1 F2400 X141 Y106.666 E1786.63743
G1 F2358.7 X140.993 Y106.174 E1786.67073
G1 X140.802 Y106.6 E1786.70233
G1 F2400 X140.386 Y106.924 E1786.73741
G1 X140 Y107 E1786.76358
G1 X137 Y107 E1786.96314
G1 F2352.9 X136.657 Y107.008 E1786.98642
G1 F2181.8 X136.365 Y107.032 E1787.00785
G1 F2064.5 X135.578 Y107.033 E1787.06871
G1 F2217.1 X134.994 Y107.001 E1787.11083
G1 F2400 X134.001 Y107.001 E1787.17688
G1 X134 Y108.506 E1787.277
G1 X134.294 Y108.173 E1787.30655
G1 X134.505 Y107.996 E1787.32487
G1 X134.836 Y107.788 E1787.35087
G1 X135.089 Y107.675 E1787.3693
G1 F2217.1 X135.618 Y107.494 E1787.40956
G1 F2060.1 X136.27 Y107.478 E1787.46011
G1 F2176.9 X136.607 Y107.567 E1787.48567
G1 F2352.9 X136.854 Y107.655 E1787.50346
G1 F2400 X137.254 Y107.843 E1787.53286
G1 X137.48 Y107.988 E1787.55072
G1 X137.848 Y108.304 E1787.58299
G1 X138.158 Y108.727 E1787.61787
G1 X138.397 Y109.275 E1787.65764
G1 X138.48 Y109.65 E1787.68319
G1 X138.494 Y110.24 E1787.72245
G1 X138.4 Y110.708 E1787.7542
G1 X138.157 Y111.277 E1787.79536
G1 X137.842 Y111.695 E1787.83018
G1 X137.395 Y112.086 E1787.86968
G1 F2152.5 X136.654 Y112.466 E1787.93145
G1 F1991.7 X136.149 Y112.525 E1787.9722
G1 F2060.1 X135.628 Y112.51 E1788.01259
G1 F2232.6 X135.262 Y112.395 E1788.04003
G1 F2400 X134.757 Y112.171 E1788.07678
G1 X134.346 Y111.88 E1788.11027
G1 X134 Y111.519 E1788.14354
G1 X134 Y113 E1788.24205
G1 X135.134 Y113 E1788.31749
G1 F2232.6 X135.62 Y112.97 E1788.35231
G1 F2105.3 X136.088 Y112.974 E1788.3878
G1 F2033.9 X136.692 Y112.954 E1788.43524
G1 F2152.5 X137.126 Y113 E1788.46761
G1 F2400 X140 Y113 E1788.65878
G1 X140.386 Y113.076 E1788.68495
G1 X140.801 Y113.399 E1788.71994
G1 X141 Y114 E1788.76205
G0 F12000 X140.993 Y106.174
G1 F2358.7 X141 Y106 E1788.77384
G1 F2400 X141 Y82 E1790.37032
G0 F12000 X140.854 Y81.246
G0 X140.6 Y80.754
G1 F2400 X140.6 Y73.4 E1790.85951
G1 X134.245 Y73.4 E1791.28225
G1 X134.293 Y73.461 E1791.28741
G1 X134.4 Y74 E1791.32397
G1 X134.4 Y76.59 E1791.49625
G1 X134.625 Y76.449 E1791.51392
G1 X134.977 Y76.291 E1791.53958
G1 X135.406 Y76.167 E1791.56929
G1 X135.779 Y76.112 E1791.59437
G1 X136.26 Y76.107 E1791.62637
G1 X136.677 Y76.182 E1791.65455
G1 X137.024 Y76.292 E1791.67877
G1 X137.424 Y76.48 E1791.70817
G1 X137.685 Y76.64 E1791.72853
G1 X138.02 Y76.924 E1791.75774
G1 X138.238 Y77.16 E1791.77912
G1 X138.413 Y77.4 E1791.79887
G1 X138.567 Y77.667 E1791.81938
G1 X138.763 Y78.115 E1791.85191
G1 X138.88 Y78.64 E1791.88769
G1 X138.895 Y79.276 E1791.93
G1 X138.813 Y79.683 E1791.95762
G1 X138.728 Y79.96 E1791.9769
G1 X138.571 Y80.324 E1792.00327
G1 X138.411 Y80.6 E1792.02449
G1 X140 Y80.6 E1792.13019
G1 X140.54 Y80.706 E1792.16679
G1 X140.6 Y80.754 E1792.17191
G0 F12000 X140.793 Y81.084
G0 X141 Y82
G1 F2400 X141 Y73 E1792.77059
G1 X133 Y73 E1793.30275
G1 X133.601 Y73.199 E1793.34486
G1 X133.924 Y73.615 E1793.3799
G1 X134 Y74 E1793.406
G1 X134 Y77.506 E1793.63922
G1 X134.294 Y77.173 E1793.66877
G1 X134.505 Y76.996 E1793.68709
G1 X134.837 Y76.788 E1793.71315
G1 X135.089 Y76.675 E1793.73152
G1 X135.517 Y76.551 E1793.76117
G1 X135.784 Y76.512 E1793.77912
G1 X136.231 Y76.507 E1793.80885
G1 X136.606 Y76.576 E1793.83422
G1 X136.854 Y76.654 E1793.85151
G1 X137.37 Y76.897 E1793.88945
G1 X137.844 Y77.299 E1793.93079
G1 X138.157 Y77.725 E1793.96596
G1 X138.397 Y78.275 E1794.00588
G1 X138.48 Y78.65 E1794.03142
G1 X138.494 Y79.24 E1794.07068
G1 X138.401 Y79.707 E1794.10236
G1 X138.158 Y80.274 E1794.14339
G1 X137.841 Y80.697 E1794.17855
G1 X137.491 Y81 E1794.20935
G1 X140 Y81 E1794.37625
G1 X140.386 Y81.076 E1794.40242
G1 X140.801 Y81.399 E1794.4374
G1 X141 Y82 E1794.47951
G0 F12000 X140.838 Y81.162
G0 X136.889 Y81.166
G0 X136.088 Y81.072
G1 F2659.3 X135.502 Y81.056 E1794.51471
G1 F2493.5 X134.945 Y80.818 E1794.55349
G1 F2400 X134.607 Y80.573 E1794.58126
G1 X134.326 Y80.282 E1794.60817
G1 F2406 X134.029 Y79.749 E1794.64865
G1 F2539.7 X133.932 Y79.262 E1794.67987
G1 F2666.7 X133.923 Y78.682 E1794.7146
G1 F2519.7 X134.064 Y78.177 E1794.74782
G1 F2400 X134.276 Y77.787 E1794.77735
G1 X134.648 Y77.378 E1794.81412
G1 X135.121 Y77.082 E1794.85124
G1 X135.704 Y76.913 E1794.89162
G1 X136.194 Y76.907 E1794.92421
G1 X136.615 Y76.984 E1794.95268
G1 X137.153 Y77.237 E1794.99223
G1 X137.55 Y77.575 E1795.02692
G1 X137.808 Y77.928 E1795.056
G1 X138.03 Y78.435 E1795.09282
G1 X138.08 Y78.66 E1795.10815
G1 X138.093 Y79.205 E1795.14441
G1 X138.017 Y79.587 E1795.17032
G1 X137.808 Y80.074 E1795.20557
G1 X137.547 Y80.423 E1795.23456
G1 X137.167 Y80.753 E1795.26804
G1 F2418.1 X136.676 Y81.009 E1795.3046
G1 F2573.7 X136.088 Y81.072 E1795.34128
G1 F2700 E1790.34128
G0 F12000 X136.889 Y81.166
G0 X134.222 Y80.862
G1 F2700 E1795.34128
G1 F1420.1 X134.18 Y80.789 E1795.35075
G1 X134.096 Y80.789 E1795.36019
G1 X134.054 Y80.862 E1795.36966
G1 X134.096 Y80.935 E1795.37913
G1 X134.18 Y80.935 E1795.38857
G1 X134.222 Y80.862 E1795.39804
G1 F2700 E1790.39804
G0 F12000 X133.438 Y73.562
G0 X133 Y73
G1 F2700 E1795.39804
G1 F2400 X87 Y73 E1798.45797
G1 F2352.9 X86.826 Y73.007 E1798.46979
G1 F2700 E1793.46979
G0 F12000 X86.588 Y73.507
G0 X86.029 Y81.025
G1 F2700 E1798.46979
G1 F2807 X86.029 Y80.395 E1798.50562
G1 X85.868 Y80.607 E1798.52076
G1 X85.441 Y81.027 E1798.55483
G1 X86.029 Y81.025 E1798.58827
G0 F12000 X84.847 Y81.169
G0 X84.076 Y81.078
G1 F2659.3 X83.648 Y81.054 E1798.614
G1 F2513.1 X83.075 Y80.893 E1798.65181
G1 F2400 X82.632 Y80.595 E1798.68733
G1 X82.325 Y80.281 E1798.71654
G1 X82.03 Y79.751 E1798.75689
G1 X81.908 Y79.238 E1798.79197
G1 X81.908 Y78.708 E1798.82722
G1 X81.953 Y78.479 E1798.84275
G1 X82.177 Y77.935 E1798.88188
G1 X82.296 Y77.751 E1798.89646
G1 X82.736 Y77.286 E1798.93904
G1 X83.269 Y77.023 E1798.97858
G1 X83.851 Y76.897 E1799.01819
G1 X84.374 Y76.929 E1799.05305
G1 X84.938 Y77.092 E1799.0921
G1 X85.404 Y77.434 E1799.13055
G1 F2424.2 X85.777 Y77.865 E1799.16809
G1 F2461.5 X85.998 Y78.346 E1799.20242
G1 F2533 X86.066 Y78.736 E1799.22737
G1 F2623 X86.064 Y79.252 E1799.25878
G1 F2526.3 X85.962 Y79.811 E1799.29469
G1 F2400 X85.653 Y80.297 E1799.333
G1 X85.262 Y80.683 E1799.36954
G1 X85.089 Y80.803 E1799.38355
G1 X84.657 Y80.998 E1799.41508
G1 F2526.3 X84.076 Y81.078 E1799.45214
G1 F2700 E1794.45214
G0 F12000 X84.847 Y81.169
G0 X79.562 Y81.562
G0 X79.562 Y106.438
G0 X85.596 Y107.461
G1 F2700 E1799.45214
G1 F1839.1 X85.563 Y107.405 E1799.45778
G1 X85.498 Y107.405 E1799.46343
G1 X85.466 Y107.461 E1799.46903
G1 X85.499 Y107.517 E1799.47467
G1 X85.564 Y107.517 E1799.48031
G1 X85.596 Y107.461 E1799.48591
G0 F12000 X83.835 Y107.649
G0 X83.181 Y107.792
G0 X82.589 Y108.086
G0 X82.009 Y108.695
G0 X81.661 Y109.543
G0 X81.66 Y110.274
G0 X81.799 Y110.846
G0 X82.127 Y111.43
G0 X82.47 Y111.79
G0 X82.908 Y112.082
G0 X84.066 Y112.412
G0 X84.086 Y112.103
G1 F2400 X83.673 Y112.075 E1799.51345
G1 X83.067 Y111.888 E1799.55563
G1 X82.632 Y111.595 E1799.59052
G1 X82.327 Y111.284 E1799.6195
G1 X82.029 Y110.747 E1799.66035
G1 X81.908 Y110.238 E1799.69515
G1 X81.908 Y109.708 E1799.73041
G1 X81.953 Y109.479 E1799.74593
G1 X82.177 Y108.935 E1799.78507
G1 X82.296 Y108.75 E1799.7997
G1 X82.737 Y108.286 E1799.84228
G1 X83.261 Y108.026 E1799.88119
G1 X83.851 Y107.897 E1799.92137
G1 X84.374 Y107.929 E1799.95622
G1 X84.939 Y108.093 E1799.99536
G1 X85.405 Y108.435 E1800.03381
G1 F2424.2 X85.777 Y108.866 E1800.0713
G1 F2487 X85.999 Y109.348 E1800.10537
G1 F2573.7 X86.057 Y109.683 E1800.12646
G1 F2651.9 X86.071 Y110.21 E1800.15819
G1 F2526.3 X85.96 Y110.816 E1800.19713
G1 F2400 X85.655 Y111.295 E1800.2349
G1 X85.189 Y111.755 E1800.27846
G1 X84.67 Y111.993 E1800.31644
G1 X84.086 Y112.103 E1800.35597
G0 F12000 X84.066 Y112.412
G0 X85.605 Y112.537
G1 F1846.2 X85.572 Y112.481 E1800.36159
G1 X85.507 Y112.481 E1800.36721
G1 X85.475 Y112.537 E1800.37279
G1 X85.508 Y112.593 E1800.37841
G1 X85.573 Y112.593 E1800.38403
G1 X85.605 Y112.537 E1800.38961
G0 F12000 X79.162 Y113.162
G0 X79 Y114
G1 F2400 X79.4 Y113.2 E1800.44911
G1 X79.999 Y113 E1800.49111
G1 X82.926 Y112.999 E1800.68582
G1 F2352.9 X83.399 Y112.99 E1800.71792
G1 F2191.8 X83.685 Y112.967 E1800.73882
G1 F2087 X84.262 Y112.969 E1800.78296
G1 F2232.6 X84.73 Y112.997 E1800.81648
G1 F2400 X86 Y112.996 E1800.90096
G1 X85.999 Y111.518 E1800.99928
G1 X85.543 Y111.967 E1801.04185
G1 X85.32 Y112.134 E1801.06038
G1 F2318.8 X84.829 Y112.359 E1801.09757
G1 F2162.2 X84.162 Y112.529 E1801.14839
G1 F2087 X83.702 Y112.508 E1801.18362
G1 F2232.6 X83.032 Y112.296 E1801.23387
G1 F2400 X82.768 Y112.169 E1801.25336
G1 X82.376 Y111.904 E1801.28483
G1 X82.098 Y111.621 E1801.31122
G1 X81.938 Y111.407 E1801.329
G1 X81.651 Y110.888 E1801.36845
G1 X81.508 Y110.282 E1801.40987
G1 X81.508 Y109.708 E1801.44805
G1 X81.583 Y109.327 E1801.47388
G1 X81.807 Y108.783 E1801.51301
G1 X82.006 Y108.475 E1801.53741
G1 X82.374 Y108.087 E1801.57298
G1 X82.656 Y107.879 E1801.59629
G1 F2313.3 X83.092 Y107.664 E1801.62984
G1 F2147.7 X83.776 Y107.47 E1801.68269
G1 F2060.1 X84.512 Y107.502 E1801.73978
G1 F2212 X84.947 Y107.679 E1801.77368
G1 F2400 X85.26 Y107.833 E1801.79688
G1 X85.68 Y108.141 E1801.83153
G1 X85.998 Y108.51 E1801.86393
G1 X85.993 Y107 E1801.96438
G1 X85.043 Y107.001 E1802.02757
G1 F2162.2 X84.627 Y107.044 E1802.05845
G1 F2046.9 X83.9 Y107.025 E1802.11517
G1 F2109.9 X83.683 Y107.03 E1802.1316
G1 F2232.6 X83.182 Y107 E1802.16749
G1 F2400 X80 Y107 E1802.37915
G1 X79.614 Y106.924 E1802.40532
G1 X79.199 Y106.599 E1802.44039
G1 F2352.9 X79.007 Y106.174 E1802.47203
G1 X78.999 Y106.666 E1802.50542
G1 F2400 X79 Y114 E1802.99328
G1 F2700 E1797.99328
G0 F12000 X79.162 Y146.838
G0 X80 Y147
G1 F2700 E1802.99328
G1 F2487 X79.303 Y146.697 E1803.04206
G1 F2436.5 X79.007 Y146.174 E1803.08144
G1 X78.986 Y147.014 E1803.1365
G1 F2487 X80 Y147 E1803.20159
G1 F2700 E1798.20159
G0 F12000 X110 Y147.09
G0 X110 Y147.4
G1 F2700 E1803.20159
G1 F2400 X141.4 Y147.4 E1805.29033
G1 X141.4 Y72.6 E1810.26605
G1 X78.6 Y72.6 E1814.44352
G1 X78.601 Y147.399 E1819.41917
G1 X110 Y147.4 E1821.50784
G0 F12000 X110 Y146.6
G1 F2400 X80 Y146.6 E1823.50345
G1 X79.575 Y146.425 E1823.53402
G1 X79.4 Y146.089 E1823.55922
G1 X79.4 Y114 E1825.69379
G1 X79.64 Y113.52 E1825.72949
G1 X79.999 Y113.4 E1825.75467
G1 X86.4 Y113.396 E1826.18046
G1 X86.399 Y110.77 E1826.35515
G1 F2526.3 X86.42 Y110.283 E1826.38595
G1 F2689.1 X86.421 Y109.799 E1826.41469
G1 F2539.7 X86.398 Y109.209 E1826.4518
G1 F2400 X86.394 Y106.6 E1826.62535
G1 X80 Y106.6 E1827.05068
G1 X79.768 Y106.554 E1827.06642
G1 X79.519 Y106.36 E1827.08741
G1 X79.4 Y106.086 E1827.10729
G1 X79.4 Y82 E1828.70949
G1 X79.64 Y81.52 E1828.74519
G1 X79.999 Y81.4 E1828.77037
G1 X83.077 Y81.398 E1828.97512
G1 F2566.8 X84.045 Y81.424 E1829.03535
G1 X84.636 Y81.398 E1829.07214
G1 F2400 X86.4 Y81.396 E1829.18948
G1 X86.4 Y79.77 E1829.29765
G1 F2526.3 X86.421 Y79.283 E1829.32845
G1 F2681.6 X86.422 Y78.799 E1829.35727
G1 F2539.7 X86.4 Y78.208 E1829.39444
G1 F2400 X86.4 Y74 E1829.67436
G1 X86.446 Y73.768 E1829.69009
G1 X86.64 Y73.519 E1829.71109
G1 X86.914 Y73.4 E1829.73096
G1 X133 Y73.4 E1832.79661
G1 X133.361 Y73.519 E1832.8219
G1 X133.554 Y73.769 E1832.84291
G1 X133.6 Y74 E1832.85858
G1 X133.6 Y78.148 E1833.1345
G1 F2553.2 X133.575 Y78.804 E1833.17555
G1 F2696.6 X133.58 Y79.299 E1833.20486
G1 F2539.7 X133.598 Y79.722 E1833.23147
G1 F2412.1 X133.6 Y81.4 E1833.34254
G1 F2436.5 X135.346 Y81.406 E1833.45694
G1 F2560 X135.639 Y81.42 E1833.47523
G1 F2674.1 X136.208 Y81.422 E1833.5092
G1 F2553.2 X136.877 Y81.402 E1833.55105
G1 F2412.1 X140 Y81.4 E1833.75776
G1 F2400 X140.232 Y81.445 E1833.77348
G1 X140.481 Y81.639 E1833.79448
G1 X140.6 Y82 E1833.81976
G1 X140.6 Y106.085 E1835.4219
G1 X140.482 Y106.36 E1835.44181
G1 X140.232 Y106.554 E1835.46286
G1 X140 Y106.6 E1835.47859
G1 X133.601 Y106.601 E1835.90425
G1 X133.6 Y109.148 E1836.07368
G1 F2553.2 X133.575 Y109.804 E1836.11473
G1 F2696.6 X133.58 Y110.299 E1836.14404
G1 F2539.7 X133.598 Y110.722 E1836.17065
G1 F2412.1 X133.6 Y113.4 E1836.3479
G1 F2400 X140 Y113.4 E1836.77363
G1 X140.232 Y113.445 E1836.78935
G1 X140.481 Y113.639 E1836.81035
G1 X140.6 Y114 E1836.83563
G1 X140.6 Y146.089 E1838.9702
G1 X140.424 Y146.424 E1838.99538
G1 X140.089 Y146.6 E1839.02055
G1 X110 Y146.6 E1841.02208
G0 F12000 X110 Y146.199
;TYPE:WALL-OUTER
G1 F2400 X80 Y146.2 E1843.01768
G1 X79.858 Y146.142 E1843.02789
G1 X79.802 Y146.035 E1843.03592
G1 X79.8 Y114 E1845.1669
G1 X79.88 Y113.84 E1845.1788
G1 X79.999 Y113.8 E1845.18715
G1 X86.8 Y113.796 E1845.63955
G1 X86.795 Y106.2 E1846.14484
G1 X79.941 Y106.2 E1846.60077
G1 X79.839 Y106.12 E1846.60939
G1 X79.802 Y106.035 E1846.61556
G1 X79.8 Y82 E1848.21438
G1 X79.88 Y81.84 E1848.22628
G1 X79.999 Y81.8 E1848.23463
G1 X86.8 Y81.796 E1848.68703
G1 X86.8 Y73.941 E1849.20955
G1 X86.88 Y73.839 E1849.21817
G1 X86.965 Y73.802 E1849.22434
G1 X133 Y73.8 E1852.2866
G1 X133.121 Y73.839 E1852.29505
G1 X133.2 Y73.943 E1852.30374
G1 X133.2 Y81.8 E1852.82639
G1 X140.059 Y81.8 E1853.28265
G1 X140.161 Y81.879 E1853.29124
G1 X140.2 Y82 E1853.29969
G1 X140.198 Y106.035 E1854.89851
G1 X140.161 Y106.12 E1854.90467
G1 X140.059 Y106.2 E1854.9133
G1 X133.201 Y106.201 E1855.36949
G1 X133.2 Y113.8 E1855.87498
G1 X140.059 Y113.8 E1856.33124
G1 X140.161 Y113.879 E1856.33983
G1 X140.2 Y114 E1856.34828
G1 X140.198 Y146.035 E1858.47926
G1 X140.142 Y146.142 E1858.48729
G1 X140.035 Y146.198 E1858.49533
G1 X110 Y146.199 E1860.49326
G0 F12000 X110 Y146.91
G0 X110 Y147.8
G1 F2400 X141.8 Y147.8 E1862.60861
G1 X141.8 Y72.2 E1867.63754
G1 X78.2 Y72.2 E1871.86823
G1 X78.201 Y147.799 E1876.89709
G1 X110 Y147.8 E1879.01237
G1 F2700 E1874.01237
G0 F12000 X110 Y147.09
G0 X79.162 Y146.838
G0 X79.162 Y113.162
G0 X83.983 Y112.407
G0 X84.028 Y111.7
G1 F2700 E1879.01237
G1 F2400 X83.764 Y111.68 E1879.02998
G1 X83.243 Y111.525 E1879.06614
G1 X82.877 Y111.273 E1879.0957
G1 X82.65 Y111.042 E1879.11725
G1 X82.415 Y110.619 E1879.14943
G1 X82.31 Y110.203 E1879.17798
G1 X82.308 Y109.668 E1879.21356
G1 X82.561 Y109.052 E1879.25786
G1 X82.98 Y108.611 E1879.29833
G1 X83.421 Y108.4 E1879.33085
G1 X83.865 Y108.303 E1879.36108
G1 X84.324 Y108.331 E1879.39167
G1 X84.757 Y108.457 E1879.42167
G1 X85.115 Y108.718 E1879.45114
G1 X85.438 Y109.086 E1879.48371
G1 X85.628 Y109.509 E1879.51455
G1 X85.684 Y109.765 E1879.53199
G1 X85.69 Y110.187 E1879.56006
G1 X85.578 Y110.671 E1879.59311
G1 X85.325 Y111.059 E1879.62392
G1 X84.957 Y111.423 E1879.65835
G1 X84.526 Y111.613 E1879.68968
G1 X84.028 Y111.7 E1879.72331
G1 F2700 E1874.72331
G0 F12000 X83.983 Y112.407
G0 X85.098 Y111.634
G0 X85.539 Y111.204
G0 X85.814 Y110.76
G0 X85.943 Y110.201
G0 X85.937 Y109.756
G0 X85.859 Y109.406
G0 X85.652 Y108.958
G0 X84.148 Y106.45
G0 X79.562 Y106.438
G0 X79.562 Y81.562
G0 X84.847 Y81.169
G0 X84.079 Y80.698
G1 F2700 E1879.72331
G1 F2400 X83.764 Y80.68 E1879.7443
G1 X83.243 Y80.525 E1879.78046
G1 X82.877 Y80.273 E1879.81002
G1 X82.637 Y80.018 E1879.83331
G1 X82.407 Y79.605 E1879.86476
G1 X82.31 Y79.203 E1879.89227
G1 X82.308 Y78.668 E1879.92786
G1 X82.561 Y78.052 E1879.97215
G1 X82.98 Y77.611 E1880.01262
G1 X83.42 Y77.4 E1880.04508
G1 X83.865 Y77.303 E1880.07538
G1 X84.324 Y77.331 E1880.10596
G1 X84.759 Y77.457 E1880.13609
G1 X85.148 Y77.749 E1880.16845
G1 X85.439 Y78.087 E1880.19811
G1 X85.628 Y78.509 E1880.22887
G1 X85.684 Y78.765 E1880.2463
G1 X85.69 Y79.187 E1880.27438
G1 X85.58 Y79.666 E1880.30707
G1 X85.325 Y80.059 E1880.33824
G1 X84.954 Y80.425 E1880.3729
G1 X84.526 Y80.613 E1880.404
G1 X84.079 Y80.698 E1880.43427
G1 F2700 E1875.43427
G0 F12000 X84.847 Y81.169
G0 X86.553 Y79.72
G0 X86.562 Y73.562
G0 X133.438 Y73.562
G0 X133.45 Y81.015
G0 X136.067 Y81.007
G0 X136.08 Y80.696
G1 F2700 E1880.43427
G1 F2400 X135.62 Y80.678 E1880.46489
G1 X135.126 Y80.455 E1880.50094
G1 X134.882 Y80.279 E1880.52096
G1 X134.667 Y80.059 E1880.54142
G1 X134.408 Y79.607 E1880.57607
G1 X134.31 Y79.203 E1880.60372
G1 X134.299 Y78.757 E1880.6334
G1 X134.433 Y78.342 E1880.66241
G1 X134.619 Y78.005 E1880.68802
G1 X134.905 Y77.689 E1880.71637
G1 X135.285 Y77.451 E1880.74619
G1 X135.764 Y77.312 E1880.77937
G1 X136.176 Y77.311 E1880.80678
G1 X136.514 Y77.378 E1880.8297
G1 X136.951 Y77.589 E1880.86198
G1 X137.27 Y77.869 E1880.89021
G1 X137.468 Y78.147 E1880.91292
G1 X137.679 Y78.63 E1880.94798
G1 X137.689 Y79.188 E1880.9851
G1 X137.637 Y79.448 E1881.00274
G1 X137.444 Y79.893 E1881.03501
G1 X137.236 Y80.163 E1881.05768
G1 X136.922 Y80.429 E1881.08505
G1 X136.551 Y80.625 E1881.11297
G1 X136.08 Y80.696 E1881.14465
G1 F2700 E1876.14465
G0 F12000 X136.067 Y81.007
G0 X140.438 Y81.562
G0 X140.438 Y106.438
G0 X137.44 Y111.318
G0 X136.05 Y112.406
G0 X136.08 Y111.696
G1 F2700 E1881.14465
G1 F2400 X135.62 Y111.678 E1881.17527
G1 X135.126 Y111.455 E1881.21133
G1 X134.882 Y111.279 E1881.23134
G1 X134.667 Y111.059 E1881.2518
G1 X134.408 Y110.607 E1881.28646
G1 X134.31 Y110.203 E1881.31411
G1 X134.299 Y109.757 E1881.34379
G1 X134.433 Y109.342 E1881.3728
G1 X134.619 Y109.005 E1881.3984
G1 X134.905 Y108.689 E1881.42675
G1 X135.286 Y108.45 E1881.45667
G1 X135.761 Y108.315 E1881.48952
G1 X136.176 Y108.311 E1881.51713
G1 X136.514 Y108.379 E1881.54006
G1 X136.94 Y108.579 E1881.57137
G1 X137.27 Y108.869 E1881.60059
G1 X137.468 Y109.147 E1881.62329
G1 X137.679 Y109.63 E1881.65835
G1 X137.689 Y110.188 E1881.69548
G1 X137.637 Y110.448 E1881.71312
G1 X137.445 Y110.892 E1881.74529
G1 X137.236 Y111.163 E1881.76806
G1 X136.922 Y111.429 E1881.79543
G1 X136.551 Y111.625 E1881.82335
G1 X136.08 Y111.696 E1881.85503
G0 F12000 X136.05 Y112.406
G0 X138.025 Y112.174
;TYPE:FILL
G1 F4800 X140.519 Y111.506 E1882.02678
G0 F12000 X140.521 Y110.321
G1 F4800 X138.164 Y107.965 E1882.24847
G1 X138.138 Y107.937
G1 X138.26 Y107.48 E1882.27993
G0 F12000 X138.014 Y107.815
G1 F4800 X137.814 Y107.615 E1882.29874
G1 F2700 E1877.29874
G0 F12000 X140.838 Y106.838
G0 X140.838 Y81.162
G0 X139.272 Y80.52
G1 F2700 E1882.29874
G1 F4800 X140.52 Y75.865 E1882.61933
G0 F12000 X140.52 Y76.38
G1 F4800 X137.621 Y73.48 E1882.8921
G0 F12000 X134.947 Y73.48
G1 F4800 X134.48 Y75.222 E1883.01207
G0 F12000 X134.481 Y75.853
G1 F4800 X140.52 Y74.235 E1883.42795
G0 F12000 X140.52 Y80.447
G1 F4800 X140.136 Y80.55 E1883.4544
G1 F2700 E1878.4544
G0 F12000 X137.735 Y77.408
G0 X133.838 Y73.162
G0 X86.162 Y73.162
G0 X85.254 Y73.479
G1 F2700 E1883.4544
G1 F4800 X84.557 Y76.081 E1883.63359
G0 F12000 X81.77 Y77.027
G1 F4800 X79.48 Y74.737 E1883.84902
G0 F12000 X79.48 Y78.167
G1 F4800 X81.334 Y77.671 E1883.97668
G1 F2700 E1878.97668
G0 F12000 X79.162 Y81.162
G0 X79.162 Y106.838
G0 X79.48 Y108.677
G1 F2700 E1883.97668
G1 F4800 X81.034 Y110.232 E1884.12292
G0 F12000 X81.331 Y111.302
G1 F4800 X81.005 Y112.52 E1884.20679
G0 F12000 X79.48 Y109.226
G1 F4800 X81.307 Y108.736 E1884.33262
;MESH:NONMESH
G0 F300 Z30.6
G0 F12000 X79.162 Y106.838
G0 X79.162 Y81.162
G0 X79.4 Y80.755
;TIME_ELAPSED:6228.329015
;LAYER:76
;TYPE:WALL-INNER
;MESH:tank_trainer_body.stl
G1 F2400 X79.461 Y80.707 E1884.33779
G1 X80 Y80.6 E1884.37434
G1 X81.589 Y80.599 E1884.48004
G1 X81.498 Y80.476 E1884.49022
G1 X81.277 Y80.017 E1884.52411
G1 X81.089 Y79.299 E1884.57348
G1 X81.122 Y78.67 E1884.61538
G1 X81.166 Y78.394 E1884.63397
G1 X81.242 Y78.106 E1884.65378
G1 X81.359 Y77.807 E1884.67514
G1 X81.531 Y77.483 E1884.69954
G1 X81.748 Y77.156 E1884.72565
G1 X82.033 Y76.873 E1884.75236
G1 X82.344 Y76.623 E1884.77891
G1 X82.608 Y76.456 E1884.79969
G1 X82.881 Y76.324 E1884.81986
G1 X83.157 Y76.224 E1884.83939
G1 X83.576 Y76.125 E1884.86803
G1 X84.24 Y76.1 E1884.91223
G1 X84.676 Y76.172 E1884.94162
G1 X85.068 Y76.304 E1884.96914
G1 X85.327 Y76.424 E1884.98812
G1 X85.6 Y76.586 E1885.00924
G1 X85.6 Y74 E1885.18126
G1 X85.707 Y73.46 E1885.21788
G1 X85.755 Y73.4 E1885.22299
G1 X79.4 Y73.4 E1885.64573
G1 X79.4 Y80.755 E1886.13499
G0 F12000 X79.207 Y81.084
G0 X79 Y82
G1 F2400 X79.199 Y81.399 E1886.1771
G1 X79.615 Y81.076 E1886.21213
G1 X80 Y81 E1886.23824
G1 X82.477 Y81 E1886.40301
G1 X82.161 Y80.704 E1886.43181
G1 X81.821 Y80.24 E1886.47008
G1 X81.663 Y79.912 E1886.49429
G1 X81.491 Y79.261 E1886.53908
G1 X81.526 Y78.6 E1886.58312
G1 X81.656 Y78.101 E1886.61742
G1 X81.884 Y77.671 E1886.64979
G1 X82.189 Y77.262 E1886.68373
G1 X82.679 Y76.867 E1886.7256
G1 X83.156 Y76.635 E1886.76088
G1 X83.63 Y76.523 E1886.79328
G1 X84.236 Y76.5 E1886.83362
G1 X84.548 Y76.551 E1886.85465
G1 X85.033 Y76.716 E1886.88873
G1 X85.486 Y76.978 E1886.92354
G1 X86 Y77.478 E1886.97124
G1 X86 Y74 E1887.2026
G1 X86.076 Y73.614 E1887.22877
G1 X86.401 Y73.199 E1887.26383
G1 F2352.9 X86.826 Y73.007 E1887.29547
G1 X86.334 Y72.999 E1887.32886
G1 F2400 X79 Y73 E1887.81672
G1 X79 Y82 E1888.4154
G1 X79 Y106 E1890.01189
G1 F2352.9 X79.007 Y106.174 E1890.02371
G0 F12000 X79.4 Y112.755
G1 F2400 X79.461 Y112.707 E1890.02887
G1 X80 Y112.6 E1890.06542
G1 X82.695 Y112.599 E1890.2447
G1 X82.216 Y112.294 E1890.28247
G1 X81.838 Y111.94 E1890.31692
G1 X81.498 Y111.476 E1890.35518
G1 X81.311 Y111.147 E1890.38036
G1 X81.089 Y110.299 E1890.43867
G1 X81.122 Y109.67 E1890.48057
G1 X81.166 Y109.394 E1890.49916
G1 X81.242 Y109.106 E1890.51897
G1 X81.333 Y108.857 E1890.53661
G1 X81.531 Y108.483 E1890.56476
G1 X81.748 Y108.156 E1890.59086
G1 X82.033 Y107.873 E1890.61758
G1 X82.341 Y107.625 E1890.64388
G1 X82.695 Y107.401 E1890.67175
G1 X80 Y107.4 E1890.85102
G1 X79.46 Y107.293 E1890.88764
G1 X79.4 Y107.245 E1890.89275
G1 X79.4 Y112.755 E1891.25928
G0 F12000 X79.207 Y113.084
G0 X79 Y114
G1 F2400 X79 Y146 E1893.38793
G1 F2352.9 X79.007 Y146.174 E1893.39974
G0 F12000 X79.162 Y146.838
G0 X80 Y147
G1 F2400 X140 Y147 E1897.39096
G1 F2352.9 X140.174 Y146.993 E1897.40278
G1 F2436.5 X141.014 Y147.014 E1897.45783
G1 F2442.7 X140.993 Y146.174 E1897.51275
G1 X140.697 Y146.697 E1897.55202
G1 F2436.5 X140.174 Y146.993 E1897.5914
G0 F12000 X140.838 Y146.838
G0 X140.993 Y146.174
G1 F2358.7 X141 Y146 E1897.60319
G1 F2400 X141 Y114 E1899.73184
G0 F12000 X140.854 Y113.246
G0 X140.6 Y112.754
G1 F2400 X140.6 Y107.246 E1900.09823
G1 X140.54 Y107.293 E1900.1033
G1 X140 Y107.4 E1900.13992
G1 X137.298 Y107.401 E1900.31966
G1 X137.791 Y107.714 E1900.3585
G1 X138.164 Y108.06 E1900.39235
G1 X138.408 Y108.388 E1900.41954
G1 X138.554 Y108.632 E1900.43845
G1 X138.69 Y108.924 E1900.45988
G1 X138.78 Y109.179 E1900.47787
G1 X138.868 Y109.535 E1900.50226
G1 X138.908 Y109.872 E1900.52484
G1 X138.852 Y110.506 E1900.56718
G1 X138.74 Y110.955 E1900.59796
G1 X138.641 Y111.245 E1900.61834
G1 X138.29 Y111.784 E1900.66113
G1 X137.987 Y112.117 E1900.69108
G1 X137.618 Y112.409 E1900.72238
G1 X137.286 Y112.6 E1900.74786
G1 X140 Y112.6 E1900.92839
G1 X140.54 Y112.706 E1900.965
G1 X140.6 Y112.754 E1900.97011
G0 F12000 X136.152 Y112.408
G0 X136.102 Y112.102
G1 F2400 X135.709 Y112.082 E1900.99629
G1 X135.315 Y111.987 E1901.02325
G1 X134.938 Y111.817 E1901.05076
G1 X134.609 Y111.586 E1901.0775
G1 X134.3 Y111.243 E1901.10821
G1 X134.066 Y110.832 E1901.13967
G1 F2526.3 X133.936 Y110.264 E1901.17649
G1 F2615.8 X133.937 Y109.509 E1901.22257
G1 F2500 X134.171 Y108.951 E1901.26121
G1 F2418.1 X134.48 Y108.532 E1901.29558
G1 F2400 X134.648 Y108.377 E1901.31079
G1 X135.117 Y108.087 E1901.34747
G1 X135.548 Y107.948 E1901.37759
G1 X135.948 Y107.896 E1901.40443
G1 X136.457 Y107.927 E1901.43835
G1 X136.931 Y108.115 E1901.47227
G1 X137.362 Y108.389 E1901.50624
G1 X137.522 Y108.537 E1901.52074
G1 X137.8 Y108.911 E1901.55174
G1 X137.988 Y109.312 E1901.5812
G1 X138.113 Y109.816 E1901.61574
G1 X138.064 Y110.368 E1901.6526
G1 X137.942 Y110.852 E1901.68581
G1 X137.564 Y111.433 E1901.73191
G1 X137.05 Y111.838 E1901.77544
G1 X136.581 Y112.023 E1901.80898
G1 X136.102 Y112.102 E1901.84128
G0 F12000 X136.152 Y112.408
G0 X134.53 Y112.536
G1 F1818.2 X134.497 Y112.479 E1901.84706
G1 X134.431 Y112.479 E1901.85285
G1 X134.398 Y112.536 E1901.85864
G1 X134.431 Y112.593 E1901.86442
G1 X134.497 Y112.593 E1901.87022
G1 X134.53 Y112.536 E1901.876
G0 F12000 X136.653 Y112.262
G0 X137.179 Y112.056
G0 X137.756 Y111.598
G0 X138.367 Y110.64
G0 X138.364 Y109.807
G0 X138.227 Y109.24
G0 X138.019 Y108.789
G0 X137.629 Y108.264
G0 X137.05 Y107.894
G0 X136.61 Y107.721
G0 X134.535 Y107.468
G1 F1784.4 X134.501 Y107.41 E1901.88201
G1 X134.434 Y107.41 E1901.88801
G1 X134.401 Y107.468 E1901.89398
G1 X134.435 Y107.526 E1901.89999
G1 X134.502 Y107.526 E1901.90599
G1 X134.535 Y107.468 E1901.91196
G0 F12000 X136.507 Y107.681
G0 X137.05 Y107.894
G0 X137.629 Y108.264
G0 X140.838 Y113.162
G0 X141 Y114
G1 F2400 X141 Y106.666 E1902.39982
G1 F2358.7 X140.993 Y106.174 E1902.43312
G1 X140.802 Y106.6 E1902.46472
G1 F2400 X140.386 Y106.924 E1902.4998
G1 X140 Y107 E1902.52597
G1 X136.807 Y107 E1902.73837
G1 F2227.4 X136.404 Y107.031 E1902.76734
G1 F2109.9 X135.948 Y107.024 E1902.80184
G1 F2077.9 X135.464 Y107.038 E1902.83905
G1 F2114.5 X135.229 Y107.015 E1902.85687
G1 F2307.7 X134.933 Y107.001 E1902.87737
G1 F2400 X134 Y107 E1902.93944
G1 X134 Y108.511 E1903.03995
G1 X134.158 Y108.295 E1903.05775
G1 X134.437 Y108.037 E1903.08303
G1 F2291.2 X134.919 Y107.739 E1903.12252
G1 F2096.1 X135.499 Y107.513 E1903.16993
G1 F2077.9 X135.948 Y107.472 E1903.20457
G1 F2109.9 X136.39 Y107.491 E1903.23804
G1 F2227.4 X136.694 Y107.591 E1903.26098
G1 F2400 X137.114 Y107.757 E1903.29102
G1 X137.576 Y108.051 E1903.32745
G1 X137.843 Y108.299 E1903.35169
G1 X138.148 Y108.71 E1903.38574
G1 X138.367 Y109.179 E1903.42017
G1 X138.516 Y109.777 E1903.46116
G1 X138.458 Y110.437 E1903.50524
G1 X138.313 Y111.015 E1903.54488
G1 X137.955 Y111.566 E1903.58859
G1 X137.738 Y111.804 E1903.61001
G1 X137.37 Y112.096 E1903.64126
G1 X137.116 Y112.242 E1903.66075
G1 F2162.2 X136.596 Y112.47 E1903.70267
G1 F2004.2 X136.132 Y112.528 E1903.73992
G1 F2042.6 X135.586 Y112.506 E1903.78263
G1 F2201.8 X135.093 Y112.326 E1903.82069
G1 F2400 X134.749 Y112.17 E1903.84581
G1 X134.34 Y111.887 E1903.8789
G1 X134 Y111.509 E1903.91272
G1 X134 Y113 E1904.0119
G1 X134.947 Y113 E1904.07489
G1 F2341.5 X135.203 Y112.991 E1904.09236
G1 F2147.7 X135.495 Y112.962 E1904.11417
G1 F2077.9 X136.064 Y112.975 E1904.1579
G1 F2042.6 X136.636 Y112.956 E1904.20263
G1 F2096.1 X136.911 Y112.987 E1904.22371
G1 F2318.8 X137.26 Y113 E1904.24776
G1 F2400 X140 Y113 E1904.43002
G1 X140.386 Y113.076 E1904.45619
G1 X140.801 Y113.399 E1904.49117
G1 X141 Y114 E1904.53329
G0 F12000 X140.993 Y106.174
G1 F2358.7 X141 Y106 E1904.54507
G1 F2400 X141 Y82 E1906.14156
G0 F12000 X140.854 Y81.246
G0 X140.6 Y80.754
G1 F2400 X140.6 Y73.4 E1906.63075
G1 X134.245 Y73.4 E1907.05349
G1 X134.293 Y73.461 E1907.05865
G1 X134.4 Y74 E1907.0952
G1 X134.4 Y76.59 E1907.26749
G1 X134.636 Y76.444 E1907.28595
G1 X134.917 Y76.311 E1907.30663
G1 X135.198 Y76.215 E1907.32638
G1 X135.446 Y76.155 E1907.34336
G1 X135.893 Y76.093 E1907.37338
G1 X136.414 Y76.123 E1907.40809
G1 X136.842 Y76.218 E1907.43726
G1 X137.174 Y76.35 E1907.46102
G1 X137.407 Y76.47 E1907.47846
G1 X137.805 Y76.722 E1907.50979
G1 X138.164 Y77.06 E1907.54259
G1 X138.407 Y77.388 E1907.56974
G1 X138.553 Y77.633 E1907.58872
G1 X138.69 Y77.924 E1907.61011
G1 X138.78 Y78.179 E1907.6281
G1 X138.868 Y78.535 E1907.65249
G1 X138.908 Y78.872 E1907.67507
G1 X138.858 Y79.493 E1907.71651
G1 X138.741 Y79.955 E1907.74821
G1 X138.558 Y80.372 E1907.77851
G1 X138.41 Y80.6 E1907.79659
G1 X140 Y80.6 E1907.90236
G1 X140.54 Y80.706 E1907.93896
G1 X140.6 Y80.754 E1907.94407
G0 F12000 X140.793 Y81.084
G0 X141 Y82
G1 F2400 X141 Y73 E1908.54276
G1 X133 Y73 E1909.07492
G1 X133.601 Y73.199 E1909.11703
G1 X133.924 Y73.615 E1909.15207
G1 X134 Y74 E1909.17817
G1 X134 Y77.511 E1909.41172
G1 X134.158 Y77.295 E1909.42953
G1 X134.437 Y77.037 E1909.4548
G1 X134.939 Y76.727 E1909.49405
G1 X135.415 Y76.562 E1909.52756
G1 X135.876 Y76.498 E1909.55852
G1 X136.388 Y76.522 E1909.59262
G1 X136.694 Y76.59 E1909.61347
G1 X137.115 Y76.758 E1909.64362
G1 X137.587 Y77.058 E1909.68083
G1 X137.843 Y77.298 E1909.70417
G1 X138.147 Y77.708 E1909.73812
G1 X138.367 Y78.178 E1909.77264
G1 X138.516 Y78.777 E1909.8137
G1 X138.458 Y79.437 E1909.85777
G1 X138.353 Y79.856 E1909.88651
G1 X138.223 Y80.154 E1909.90813
G1 X137.955 Y80.566 E1909.94083
G1 X137.738 Y80.804 E1909.96225
G1 X137.491 Y80.999 E1909.98319
G1 X140 Y81 E1910.15009
G1 X140.386 Y81.076 E1910.17626
G1 X140.801 Y81.399 E1910.21124
G1 X141 Y82 E1910.25335
G0 F12000 X140.838 Y81.162
G0 X136.828 Y81.172
G0 X136.09 Y81.079
G1 F2608.7 X135.655 Y81.053 E1910.28002
G1 F2553.2 X135.302 Y80.981 E1910.30255
G1 F2449 X134.942 Y80.819 E1910.32828
G1 F2400 X134.606 Y80.584 E1910.35556
G1 X134.3 Y80.242 E1910.38608
G1 X134.067 Y79.832 E1910.41745
G1 F2526.3 X133.936 Y79.264 E1910.45429
G1 F2615.8 X133.937 Y78.509 E1910.50037
G1 F2500 X134.171 Y77.951 E1910.53901
G1 F2418.1 X134.48 Y77.532 E1910.57338
G1 F2400 X134.648 Y77.377 E1910.58859
G1 X135.112 Y77.09 E1910.62488
G1 X135.511 Y76.953 E1910.65294
G1 X135.905 Y76.897 E1910.67941
G1 X136.455 Y76.926 E1910.71605
G1 X136.931 Y77.115 E1910.75012
G1 X137.368 Y77.393 E1910.78457
G1 X137.522 Y77.537 E1910.7986
G1 X137.8 Y77.911 E1910.8296
G1 X137.988 Y78.312 E1910.85906
G1 X138.113 Y78.816 E1910.8936
G1 X138.061 Y79.383 E1910.93147
G1 X137.941 Y79.854 E1910.96381
G1 X137.567 Y80.429 E1911.00943
G1 X137.045 Y80.842 E1911.05371
G1 F2424.2 X136.58 Y81.018 E1911.08645
G1 F2526.3 X136.09 Y81.079 E1911.11766
G1 F2700 E1906.11766
G0 F12000 X136.828 Y81.172
G0 X134.221 Y80.863
G1 F2700 E1911.11766
G1 F1428.6 X134.179 Y80.79 E1911.12707
G1 X134.095 Y80.79 E1911.13646
G1 X134.053 Y80.863 E1911.14587
G1 X134.095 Y80.936 E1911.15528
G1 X134.179 Y80.936 E1911.16467
G1 X134.221 Y80.863 E1911.17408
G1 F2700 E1906.17408
G0 F12000 X133.438 Y73.562
G0 X133 Y73
G1 F2700 E1911.17408
G1 F2400 X87 Y73 E1914.23401
G1 F2352.9 X86.826 Y73.007 E1914.24583
G1 F2700 E1909.24583
G0 F12000 X86.588 Y73.507
G0 X85.946 Y80.862
G1 F2700 E1914.24583
G1 F1420.1 X85.904 Y80.789 E1914.2553
G1 X85.82 Y80.789 E1914.26474
G1 X85.778 Y80.862 E1914.27421
G1 X85.82 Y80.935 E1914.28368
G1 X85.904 Y80.935 E1914.29312
G1 X85.946 Y80.862 E1914.30259
G0 F12000 X84.814 Y81.174
G0 X84.33 Y81.079
G1 F2594.6 X83.64 Y81.05 E1914.34508
G1 F2500 X83.175 Y80.956 E1914.37538
G1 F2400 X82.645 Y80.619 E1914.41716
G1 X82.483 Y80.467 E1914.43193
G1 X82.144 Y80.003 E1914.47016
G1 X82.049 Y79.806 E1914.48471
G1 X81.893 Y79.222 E1914.52492
G1 X81.925 Y78.653 E1914.56283
G1 X82.032 Y78.247 E1914.59076
G1 X82.238 Y77.858 E1914.62004
G1 X82.481 Y77.54 E1914.64666
G1 X82.895 Y77.206 E1914.68204
G1 X83.29 Y77.015 E1914.71123
G1 X83.648 Y76.929 E1914.73572
G1 X84.316 Y76.896 E1914.78021
G1 X84.868 Y77.082 E1914.81896
G1 X85.247 Y77.303 E1914.84814
G1 X85.611 Y77.658 E1914.88197
G1 F2461.5 X85.862 Y78.014 E1914.91022
G1 F2580.6 X86.041 Y78.54 E1914.94459
G1 F2608.7 X86.088 Y79.112 E1914.97971
G1 F2487 X85.984 Y79.705 E1915.01836
G1 F2400 X85.722 Y80.215 E1915.0565
G1 X85.586 Y80.39 E1915.07124
G1 X85.229 Y80.704 E1915.10287
G1 X84.863 Y80.917 E1915.13104
G1 F2500 X84.33 Y81.079 E1915.16661
G1 F2700 E1910.16661
G0 F12000 X85.016 Y81.14
G0 X79.562 Y81.562
G0 X79.562 Y106.438
G0 X85.599 Y107.467
G1 F2700 E1915.16661
G1 F1797.8 X85.566 Y107.41 E1915.17246
G1 X85.5 Y107.41 E1915.17832
G1 X85.467 Y107.467 E1915.18417
G1 X85.5 Y107.524 E1915.19002
G1 X85.566 Y107.524 E1915.19588
G1 X85.599 Y107.467 E1915.20173
G0 F12000 X83.63 Y107.675
G0 X83.201 Y107.786
G0 X82.772 Y107.991
G0 X82.309 Y108.362
G0 X82.059 Y108.669
G0 X81.801 Y109.158
G0 X81.677 Y109.623
G0 X81.643 Y110.255
G0 X81.849 Y111.022
G0 X82.385 Y111.749
G0 X83.066 Y112.181
G0 X84.304 Y112.413
G0 X84.315 Y112.105
G1 F2400 X83.692 Y112.077 E1915.24322
G1 X83.169 Y111.952 E1915.27899
G1 X82.645 Y111.619 E1915.32029
G1 X82.484 Y111.467 E1915.33501
G1 X82.087 Y110.927 E1915.3796
G1 X81.893 Y110.223 E1915.42817
G1 X81.925 Y109.653 E1915.46615
G1 X82.033 Y109.243 E1915.49435
G1 X82.237 Y108.858 E1915.52334
G1 X82.481 Y108.539 E1915.55005
G1 X82.895 Y108.206 E1915.5854
G1 X83.289 Y108.015 E1915.61452
G1 X83.648 Y107.928 E1915.63909
G1 X84.315 Y107.896 E1915.68351
G1 X84.868 Y108.082 E1915.72232
G1 X85.247 Y108.303 E1915.75151
G1 X85.611 Y108.658 E1915.78533
G1 F2461.5 X85.862 Y109.014 E1915.81358
G1 F2580.6 X86.041 Y109.54 E1915.84795
G1 F2608.7 X86.088 Y110.112 E1915.88308
G1 F2487 X85.984 Y110.705 E1915.92173
G1 F2400 X85.722 Y111.215 E1915.95987
G1 X85.586 Y111.39 E1915.97461
G1 X85.234 Y111.7 E1916.00581
G1 X84.877 Y111.91 E1916.03336
G1 X84.315 Y112.105 E1916.07293
G0 F12000 X84.304 Y112.413
G0 X85.599 Y112.532
G1 F1791 X85.565 Y112.474 E1916.07892
G1 X85.498 Y112.474 E1916.0849
G1 X85.465 Y112.532 E1916.09085
G1 X85.499 Y112.59 E1916.09684
G1 X85.566 Y112.59 E1916.10281
G1 X85.599 Y112.532 E1916.10876
G0 F12000 X79.162 Y113.162
G0 X79 Y114
G1 F2400 X79.199 Y113.399 E1916.15087
G1 X79.615 Y113.076 E1916.18591
G1 X80 Y113 E1916.21201
G1 F2388.1 X83.101 Y112.999 E1916.41932
G1 F2181.8 X83.479 Y112.961 E1916.44712
G1 F2069 X84.228 Y112.975 E1916.50493
G1 F2109.9 X84.445 Y112.97 E1916.52135
G1 F2232.6 X85.064 Y113 E1916.56567
G1 F2400 X86 Y113 E1916.62793
G1 X86 Y111.497 E1916.72791
G1 X85.851 Y111.69 E1916.74413
G1 X85.467 Y112.028 E1916.77816
G1 F2313.3 X85.058 Y112.267 E1916.81085
G1 F2152.5 X84.368 Y112.529 E1916.86559
G1 F2077.9 X83.579 Y112.505 E1916.92624
G1 F2217.1 X83.175 Y112.366 E1916.95701
G1 F2388.1 X82.871 Y112.236 E1916.97911
G1 F2400 X82.43 Y111.957 E1917.01382
G1 X82.161 Y111.704 E1917.03839
G1 X81.821 Y111.24 E1917.07665
G1 X81.687 Y111.005 E1917.09465
G1 X81.491 Y110.261 E1917.14583
G1 X81.526 Y109.6 E1917.18986
G1 X81.655 Y109.103 E1917.22401
G1 X81.884 Y108.671 E1917.25654
G1 X82.189 Y108.261 E1917.29053
G1 X82.681 Y107.866 E1917.3325
G1 X83.055 Y107.684 E1917.36017
G1 F2206.9 X83.573 Y107.5 E1917.39994
G1 F2087 X84.228 Y107.475 E1917.45008
G1 F2060.1 X84.561 Y107.513 E1917.47605
G1 F2171.9 X85.125 Y107.768 E1917.52155
G1 F2400 X85.487 Y107.98 E1917.54946
G1 X86 Y108.478 E1917.59702
G1 X86 Y107 E1917.69533
G1 X85.051 Y107 E1917.75846
G1 F2171.9 X84.638 Y107.042 E1917.78897
G1 F2060.1 X84.228 Y107.025 E1917.82077
G1 F2087 X83.533 Y107.035 E1917.87395
G1 F2191.8 X83.179 Y107.003 E1917.89984
G1 F2376.2 X80 Y107 E1918.11342
G1 F2400 X79.614 Y106.924 E1918.13959
G1 X79.199 Y106.599 E1918.17465
G1 F2352.9 X79.007 Y106.174 E1918.2063
G1 X78.999 Y106.666 E1918.23968
G1 F2400 X79 Y114 E1918.72754
G1 F2700 E1913.72754
G0 F12000 X79.162 Y146.838
G0 X80 Y147
G1 F2700 E1918.72754
G1 F2487 X79.303 Y146.697 E1918.77633
G1 F2436.5 X79.007 Y146.174 E1918.81571
G1 X78.986 Y147.014 E1918.87076
G1 F2487 X80 Y147 E1918.93586
G1 F2700 E1913.93586
G0 F12000 X110 Y147.09
G0 X110 Y147.4
G1 F2700 E1918.93586
G1 F2400 X141.4 Y147.4 E1921.02459
G1 X141.4 Y72.6 E1926.00031
G1 X78.6 Y72.6 E1930.17778
G1 X78.601 Y147.399 E1935.15343
G1 X110 Y147.4 E1937.2421
G0 F12000 X110 Y146.6
G1 F2400 X80 Y146.6 E1939.23771
G1 X79.575 Y146.425 E1939.26829
G1 X79.4 Y146.089 E1939.29349
G1 X79.4 Y114 E1941.42806
G1 X79.519 Y113.639 E1941.45334
G1 X79.769 Y113.446 E1941.47435
G1 X80 Y113.4 E1941.49002
G1 X86.4 Y113.4 E1941.91575
G1 X86.4 Y110.694 E1942.09575
G1 F2566.8 X86.426 Y110.193 E1942.12695
G1 X86.4 Y109 E1942.20117
G1 F2400 X86.4 Y106.6 E1942.36082
G1 X80 Y106.6 E1942.78655
G1 X79.768 Y106.554 E1942.80228
G1 X79.519 Y106.36 E1942.82328
G1 X79.4 Y106.086 E1942.84315
G1 X79.4 Y82 E1944.44536
G1 X79.519 Y81.639 E1944.47064
G1 X79.769 Y81.446 E1944.49165
G1 X80 Y81.4 E1944.50732
G1 F2406 X83.218 Y81.401 E1944.72085
G1 F2526.3 X83.742 Y81.42 E1944.75398
G1 F2696.6 X84.228 Y81.425 E1944.78276
G1 F2560 X84.896 Y81.4 E1944.82444
G1 F2400 X86.4 Y81.4 E1944.92449
G1 X86.4 Y79.694 E1945.03797
G1 F2566.8 X86.426 Y79.193 E1945.06918
G1 X86.4 Y78 E1945.1434
G1 F2400 X86.4 Y74 E1945.40948
G1 X86.446 Y73.768 E1945.42521
G1 X86.64 Y73.519 E1945.44621
G1 X86.914 Y73.4 E1945.46608
G1 X133 Y73.4 E1948.53173
G1 X133.361 Y73.519 E1948.55702
G1 X133.554 Y73.769 E1948.57803
G1 X133.6 Y74 E1948.59369
G1 F2436.5 X133.595 Y78.354 E1948.87898
G1 F2566.8 X133.579 Y78.656 E1948.89779
G1 F2696.6 X133.577 Y79.164 E1948.92786
G1 F2546.4 X133.6 Y79.834 E1948.96989
G1 F2400 X133.601 Y81.399 E1949.074
G1 X135.164 Y81.4 E1949.17797
G1 F2533 X135.747 Y81.42 E1949.21474
G1 F2696.6 X136.188 Y81.423 E1949.24085
G1 F2539.7 X137.069 Y81.399 E1949.29625
G1 F2400 X140 Y81.4 E1949.49122
G1 X140.232 Y81.445 E1949.50694
G1 X140.481 Y81.639 E1949.52794
G1 X140.6 Y82 E1949.55322
G1 X140.6 Y106.085 E1951.15536
G1 X140.482 Y106.36 E1951.17527
G1 X140.232 Y106.554 E1951.19632
G1 X140 Y106.6 E1951.21205
G1 X133.6 Y106.6 E1951.63778
G1 F2436.5 X133.595 Y109.354 E1951.81823
G1 F2566.8 X133.579 Y109.656 E1951.83704
G1 F2696.6 X133.577 Y110.164 E1951.86711
G1 F2546.4 X133.6 Y110.834 E1951.90914
G1 F2400 X133.6 Y113.4 E1952.07984
G1 X140 Y113.4 E1952.50557
G1 X140.232 Y113.445 E1952.52129
G1 X140.481 Y113.639 E1952.54228
G1 X140.6 Y114 E1952.56757
G1 X140.6 Y146.089 E1954.70214
G1 X140.424 Y146.424 E1954.72731
G1 X140.089 Y146.6 E1954.75248
G1 X110 Y146.6 E1956.75401
G0 F12000 X110 Y146.199
;TYPE:WALL-OUTER
G1 F2400 X80 Y146.2 E1958.74962
G1 X79.858 Y146.142 E1958.75982
G1 X79.802 Y146.035 E1958.76786
G1 X79.8 Y114 E1960.89883
G1 X79.839 Y113.879 E1960.90729
G1 X79.943 Y113.8 E1960.91598
G1 X86.8 Y113.8 E1961.37211
G1 X86.8 Y106.2 E1961.87766
G1 X79.941 Y106.2 E1962.33392
G1 X79.839 Y106.12 E1962.34255
G1 X79.802 Y106.035 E1962.34871
G1 X79.8 Y82 E1963.94753
G1 X79.839 Y81.879 E1963.95598
G1 X79.943 Y81.8 E1963.96467
G1 X86.8 Y81.8 E1964.4208
G1 X86.8 Y73.941 E1964.94358
G1 X86.88 Y73.839 E1964.95221
G1 X86.965 Y73.802 E1964.95837
G1 X133 Y73.8 E1968.02063
G1 X133.121 Y73.839 E1968.02909
G1 X133.2 Y73.943 E1968.03778
G1 X133.201 Y81.799 E1968.56036
G1 X140.059 Y81.8 E1969.01656
G1 X140.161 Y81.879 E1969.02514
G1 X140.2 Y82 E1969.0336
G1 X140.198 Y106.035 E1970.63241
G1 X140.161 Y106.12 E1970.63858
G1 X140.059 Y106.2 E1970.6472
G1 X133.2 Y106.2 E1971.10346
G1 X133.2 Y113.8 E1971.60902
G1 X140.059 Y113.8 E1972.06528
G1 X140.161 Y113.879 E1972.07386
G1 X140.2 Y114 E1972.08232
G1 X140.198 Y146.035 E1974.2133
G1 X140.142 Y146.142 E1974.22133
G1 X140.035 Y146.198 E1974.22936
G1 X110 Y146.199 E1976.2273
G0 F12000 X110 Y146.91
G0 X110 Y147.8
G1 F2400 X141.8 Y147.8 E1978.34264
G1 X141.8 Y72.2 E1983.37158
G1 X78.2 Y72.2 E1987.60227
G1 X78.201 Y147.799 E1992.63113
G1 X110 Y147.8 E1994.74641
G1 F2700 E1989.74641
G0 F12000 X110 Y147.09
G0 X79.162 Y146.838
G0 X79.162 Y113.162
G0 X84.237 Y112.41
G0 X84.263 Y111.697
G1 F2700 E1994.74641
G1 F2400 X83.729 Y111.675 E1994.78196
G1 X83.329 Y111.579 E1994.80933
G1 X82.827 Y111.26 E1994.84889
G1 X82.443 Y110.727 E1994.89259
G1 X82.299 Y110.199 E1994.92899
G1 X82.326 Y109.7 E1994.96224
G1 X82.415 Y109.377 E1994.98452
G1 X82.613 Y109.013 E1995.01209
G1 X82.786 Y108.808 E1995.02993
G1 X83.132 Y108.536 E1995.05921
G1 X83.444 Y108.389 E1995.08215
G1 X83.717 Y108.322 E1995.10085
G1 X84.259 Y108.299 E1995.13694
G1 X84.721 Y108.459 E1995.16946
G1 X85.02 Y108.64 E1995.19271
G1 X85.332 Y108.944 E1995.22169
G1 X85.492 Y109.183 E1995.24082
G1 X85.657 Y109.624 E1995.27214
G1 X85.71 Y110.099 E1995.30393
G1 X85.604 Y110.558 E1995.33527
G1 X85.349 Y111.066 E1995.37308
G1 X84.981 Y111.385 E1995.40548
G1 X84.686 Y111.553 E1995.42806
G1 X84.263 Y111.697 E1995.45778
G1 F2700 E1990.45778
G0 F12000 X84.237 Y112.41
G0 X85.552 Y111.218
G0 X85.836 Y110.667
G0 X85.968 Y110.087
G0 X85.908 Y109.591
G0 X85.728 Y109.092
G0 X84.347 Y106.451
G0 X79.562 Y106.438
G0 X79.562 Y81.562
G0 X84.814 Y81.174
G0 X84.263 Y80.698
G1 F2700 E1995.45778
G1 F2400 X83.729 Y80.675 E1995.49334
G1 X83.329 Y80.579 E1995.5207
G1 X82.828 Y80.26 E1995.56021
G1 X82.445 Y79.739 E1995.60322
G1 X82.294 Y79.186 E1995.64136
G1 X82.326 Y78.7 E1995.67375
G1 X82.419 Y78.37 E1995.69656
G1 X82.613 Y78.013 E1995.72359
G1 X82.786 Y77.808 E1995.74143
G1 X83.094 Y77.559 E1995.76778
G1 X83.444 Y77.389 E1995.79366
G1 X83.743 Y77.32 E1995.81407
G1 X84.26 Y77.299 E1995.84849
G1 X84.721 Y77.459 E1995.88095
G1 X85.02 Y77.64 E1995.9042
G1 X85.332 Y77.944 E1995.93318
G1 X85.492 Y78.183 E1995.95231
G1 X85.657 Y78.624 E1995.98363
G1 X85.71 Y79.099 E1996.01543
G1 X85.604 Y79.558 E1996.04676
G1 X85.349 Y80.066 E1996.08457
G1 X84.981 Y80.385 E1996.11697
G1 X84.686 Y80.553 E1996.13955
G1 X84.263 Y80.698 E1996.1693
G1 F2700 E1991.1693
G0 F12000 X84.814 Y81.174
G0 X86.552 Y79.728
G0 X86.562 Y73.562
G0 X133.438 Y73.562
G0 X133.449 Y80.411
G0 X136.828 Y81.172
G0 X136.052 Y80.7
G1 F2700 E1996.1693
G1 F2400 X135.745 Y80.679 E1996.18977
G1 X135.461 Y80.611 E1996.20919
G1 X135.153 Y80.475 E1996.23159
G1 X134.859 Y80.266 E1996.25559
G1 X134.618 Y79.992 E1996.27986
G1 X134.439 Y79.666 E1996.3046
G1 X134.31 Y79.199 E1996.33683
G1 X134.316 Y78.623 E1996.37515
G1 X134.534 Y78.133 E1996.41082
G1 X134.826 Y77.736 E1996.4436
G1 X135.307 Y77.446 E1996.48097
G1 X135.587 Y77.35 E1996.50066
G1 X135.933 Y77.296 E1996.52395
G1 X136.368 Y77.322 E1996.55294
G1 X136.764 Y77.483 E1996.58137
G1 X137.18 Y77.747 E1996.61415
G1 X137.466 Y78.139 E1996.64643
G1 X137.615 Y78.467 E1996.67039
G1 X137.711 Y78.856 E1996.69704
G1 X137.669 Y79.304 E1996.72698
G1 X137.569 Y79.691 E1996.75356
G1 X137.267 Y80.157 E1996.7905
G1 X136.847 Y80.489 E1996.82612
G1 X136.457 Y80.638 E1996.85389
G1 X136.052 Y80.7 E1996.88114
G1 F2700 E1991.88114
G0 F12000 X136.828 Y81.172
G0 X140.838 Y81.162
G0 X140.838 Y106.838
G0 X137.756 Y111.598
G0 X137.179 Y112.056
G0 X136.014 Y112.408
G0 X136.052 Y111.7
G1 F2700 E1996.88114
G1 F2400 X135.745 Y111.679 E1996.90161
G1 X135.461 Y111.611 E1996.92104
G1 X135.153 Y111.475 E1996.94343
G1 X134.859 Y111.266 E1996.96743
G1 X134.618 Y110.992 E1996.9917
G1 X134.439 Y110.666 E1997.01644
G1 X134.31 Y110.199 E1997.04867
G1 X134.316 Y109.623 E1997.08699
G1 X134.534 Y109.133 E1997.12266
G1 X134.826 Y108.736 E1997.15545
G1 X135.307 Y108.446 E1997.19281
G1 X135.617 Y108.342 E1997.21456
G1 X135.961 Y108.296 E1997.23765
G1 X136.369 Y108.322 E1997.26484
G1 X136.764 Y108.483 E1997.29322
G1 X137.18 Y108.747 E1997.32599
G1 X137.466 Y109.139 E1997.35827
G1 X137.615 Y109.467 E1997.38223
G1 X137.711 Y109.856 E1997.40889
G1 X137.67 Y110.299 E1997.43848
G1 X137.567 Y110.69 E1997.46538
G1 X137.267 Y111.156 E1997.50224
G1 X136.85 Y111.487 E1997.53766
G1 X136.457 Y111.638 E1997.56566
G1 X136.052 Y111.7 E1997.59292
G0 F12000 X136.014 Y112.408
G0 X137.862 Y112.51
;TYPE:FILL
G1 F4800 X140.52 Y111.798 E1997.77596
G0 F12000 X140.521 Y109.921
G1 F4800 X138.08 Y107.48 E1998.0056
G1 X137.968 Y107.479
G1 X137.904 Y107.716 E1998.02193
G1 F2700 E1993.02193
G0 F12000 X140.838 Y106.838
G0 X140.838 Y81.162
G0 X138.979 Y80.52
G1 F2700 E1998.02193
G1 F4800 X140.52 Y74.771 E1998.41785
G0 F12000 X140.519 Y74.528
G1 F4800 X134.48 Y76.147 E1998.83375
G0 F12000 X134.48 Y74.129
G1 F4800 X134.654 Y73.48 E1998.87845
G0 F12000 X138.021 Y73.48
G1 F4800 X140.52 Y75.979 E1999.11354
G1 F2700 E1994.11354
G0 F12000 X133.838 Y73.162
G0 X86.162 Y73.162
G0 X84.961 Y73.479
G1 F2700 E1999.11354
G1 F4800 X84.278 Y76.027 E1999.28902
G0 F12000 X81.969 Y76.825
G1 F4800 X79.48 Y74.337 E1999.52312
G0 F12000 X81.199 Y78
G1 F4800 X79.48 Y78.46 E1999.64149
G1 F2700 E1994.64149
G0 F12000 X79.162 Y81.162
G0 X79.162 Y106.838
G0 X82.063 Y107.479
G1 F2700 E1999.64149
G1 F4800 X81.97 Y107.824 E1999.66526
G0 F12000 X81.172 Y109.065
G1 F4800 X79.481 Y109.519 E1999.78173
G0 F12000 X79.48 Y108.277
G1 F4800 X81.034 Y109.831 E1999.92792
G0 F12000 X81.155 Y110.868
G1 F4800 X80.712 Y112.521 E2000.04176
G1 F2700 E1995.04176
;MESH:NONMESH
G0 F300 Z31
G0 F12000 X79.162 Y106.838
G0 X79.162 Y81.162
G0 X79.4 Y80.755
;TIME_ELAPSED:6297.167583
;LAYER:77
;TYPE:WALL-INNER
;MESH:tank_trainer_body.stl
G1 F2700 E2000.04176
G1 F2400 X79.461 Y80.707 E2000.04692
G1 X80 Y80.6 E2000.08348
G1 X81.587 Y80.6 E2000.18905
G1 X81.414 Y80.304 E2000.21185
G1 X81.27 Y79.961 E2000.2366
G1 X81.108 Y79.328 E2000.28006
G1 X81.108 Y78.832 E2000.31306
G1 X81.155 Y78.472 E2000.33721
G1 X81.271 Y78.035 E2000.36728
G1 X81.417 Y77.684 E2000.39257
G1 X81.602 Y77.372 E2000.4167
G1 X81.791 Y77.12 E2000.43765
G1 X82.195 Y76.694 E2000.47671
G1 X82.49 Y76.515 E2000.49966
G1 X82.97 Y76.283 E2000.53512
G1 X83.338 Y76.165 E2000.56083
G1 X84.001 Y76.086 E2000.60525
G1 X84.496 Y76.139 E2000.63836
G1 X84.87 Y76.233 E2000.66401
G1 X85.279 Y76.397 E2000.69333
G1 X85.6 Y76.581 E2000.71794
G1 X85.6 Y74 E2000.88963
G1 X85.707 Y73.46 E2000.92625
G1 X85.755 Y73.4 E2000.93136
G1 X79.4 Y73.4 E2001.3541
G1 X79.4 Y80.755 E2001.84335
G0 F12000 X79.207 Y81.084
G0 X79 Y82
G1 F2400 X79.199 Y81.399 E2001.88546
G1 X79.615 Y81.076 E2001.9205
G1 X80 Y81 E2001.9466
G1 X82.476 Y81 E2002.11131
G1 X82.1 Y80.624 E2002.14668
G1 X81.944 Y80.42 E2002.16376
G1 X81.759 Y80.103 E2002.18818
G1 X81.657 Y79.858 E2002.20583
G1 X81.508 Y79.283 E2002.24534
G1 X81.508 Y78.832 E2002.27534
G1 X81.541 Y78.575 E2002.29258
G1 X81.657 Y78.138 E2002.32266
G1 X81.762 Y77.887 E2002.34076
G1 X82.006 Y77.475 E2002.37261
G1 X82.503 Y76.953 E2002.42055
G1 X83.144 Y76.643 E2002.46792
G1 X83.407 Y76.559 E2002.48628
G1 X84.004 Y76.489 E2002.52627
G1 X84.454 Y76.537 E2002.55637
G1 X84.721 Y76.604 E2002.57468
G1 X85.13 Y76.768 E2002.604
G1 X85.37 Y76.905 E2002.62238
G1 X85.726 Y77.181 E2002.65234
G1 X86 Y77.516 E2002.68113
G1 X86 Y74 E2002.91502
G1 X86.076 Y73.614 E2002.94119
G1 X86.401 Y73.199 E2002.97625
G1 F2352.9 X86.826 Y73.007 E2003.00789
G1 X86.334 Y72.999 E2003.04128
G1 F2400 X79 Y73 E2003.52914
G1 X79 Y82 E2004.12782
G1 X79 Y106 E2005.72431
G1 F2352.9 X79.007 Y106.174 E2005.73612
G0 F12000 X79.4 Y112.755
G1 F2400 X79.461 Y112.707 E2005.74129
G1 X80 Y112.6 E2005.77784
G1 X82.666 Y112.599 E2005.95518
G1 X82.153 Y112.243 E2005.99672
G1 X81.818 Y111.906 E2006.02833
G1 X81.597 Y111.621 E2006.05232
G1 X81.308 Y111.103 E2006.09178
G1 X81.108 Y110.328 E2006.14502
G1 X81.108 Y109.832 E2006.17801
G1 X81.155 Y109.472 E2006.20216
G1 X81.271 Y109.035 E2006.23224
G1 X81.362 Y108.776 E2006.2505
G1 X81.602 Y108.373 E2006.2817
G1 X81.791 Y108.12 E2006.30271
G1 X82.084 Y107.812 E2006.33099
G1 X82.49 Y107.515 E2006.36445
G1 X82.73 Y107.4 E2006.38215
G1 X80 Y107.4 E2006.56375
G1 X79.46 Y107.293 E2006.60037
G1 X79.4 Y107.245 E2006.60548
G1 X79.4 Y112.755 E2006.97201
G0 F12000 X79.207 Y113.084
G0 X79 Y114
G1 F2400 X79 Y146 E2009.10066
G1 F2352.9 X79.007 Y146.174 E2009.11248
G0 F12000 X79.162 Y146.838
G0 X80 Y147
G1 F2400 X140 Y147 E2013.10369
G1 F2352.9 X140.174 Y146.993 E2013.11551
G1 F2436.5 X141.014 Y147.014 E2013.17056
G1 F2442.7 X140.993 Y146.174 E2013.22548
G1 X140.697 Y146.697 E2013.26476
G1 F2436.5 X140.174 Y146.993 E2013.30413
G0 F12000 X140.838 Y146.838
G0 X140.993 Y146.174
G1 F2358.7 X141 Y146 E2013.31592
G1 F2400 X141 Y114 E2015.44457
G0 F12000 X140.854 Y113.246
G0 X140.6 Y112.754
G1 F2400 X140.6 Y107.246 E2015.81096
G1 X140.54 Y107.293 E2015.81603
G1 X140 Y107.4 E2015.85265
G1 X137.308 Y107.401 E2016.03172
G1 X137.727 Y107.677 E2016.0651
G1 X138.007 Y107.913 E2016.08946
G1 X138.23 Y108.151 E2016.11115
G1 X138.458 Y108.459 E2016.13664
G1 X138.637 Y108.784 E2016.16132
G1 X138.775 Y109.175 E2016.18891
G1 X138.838 Y109.43 E2016.20638
G1 X138.906 Y109.89 E2016.23731
G1 X138.84 Y110.646 E2016.28779
G1 X138.725 Y111.003 E2016.31274
G1 X138.55 Y111.375 E2016.34009
G1 X138.398 Y111.625 E2016.35955
G1 X138.218 Y111.862 E2016.37935
G1 X138.014 Y112.078 E2016.39911
G1 X137.658 Y112.381 E2016.43021
G1 X137.28 Y112.6 E2016.45927
G1 X140 Y112.6 E2016.6402
G1 X140.54 Y112.706 E2016.67681
G1 X140.6 Y112.754 E2016.68192
G0 F12000 X136.225 Y112.478
G0 X136.089 Y112.102
G1 F2400 X135.522 Y112.061 E2016.71974
G1 X134.982 Y111.852 E2016.75825
G1 X134.599 Y111.566 E2016.79005
G1 X134.301 Y111.245 E2016.81919
G1 F2406 X134.031 Y110.75 E2016.8566
G1 F2513.1 X133.945 Y110.345 E2016.8829
G1 F2580.6 X133.93 Y109.787 E2016.91744
G1 F2474.2 X134.013 Y109.236 E2016.95339
G1 F2400 X134.327 Y108.721 E2016.99351
G1 X134.646 Y108.387 E2017.02424
G1 X135.062 Y108.111 E2017.05745
G1 X135.426 Y107.972 E2017.08336
G1 X135.926 Y107.895 E2017.11702
G1 X136.448 Y107.937 E2017.15185
G1 X136.669 Y107.999 E2017.16712
G1 X137.156 Y108.242 E2017.20332
G1 X137.546 Y108.571 E2017.23727
G1 X137.869 Y109.008 E2017.27341
G1 X138.039 Y109.496 E2017.30779
G1 X138.1 Y109.96 E2017.33892
G1 X138.047 Y110.569 E2017.37958
G1 X137.8 Y111.09 E2017.41794
G1 X137.543 Y111.427 E2017.44613
G1 X137.138 Y111.773 E2017.48156
G1 X136.953 Y111.881 E2017.49581
G1 X136.529 Y112.034 E2017.5258
G1 X136.089 Y112.102 E2017.55542
G0 F12000 X136.225 Y112.478
G0 X135.611 Y112.628
G0 X134.527 Y112.538
G1 F1825.1 X134.494 Y112.482 E2017.5611
G1 X134.429 Y112.482 E2017.56679
G1 X134.397 Y112.538 E2017.57243
G1 X134.43 Y112.594 E2017.57811
G1 X134.495 Y112.594 E2017.5838
G1 X134.527 Y112.538 E2017.58944
G0 F12000 X135.543 Y112.645
G0 X137.184 Y112.064
G0 X137.731 Y111.597
G0 X138.016 Y111.215
G0 X138.291 Y110.634
G0 X138.354 Y109.942
G0 X138.284 Y109.434
G0 X138.097 Y108.893
G0 X137.731 Y108.402
G0 X137.296 Y108.033
G0 X136.697 Y107.738
G0 X134.533 Y107.467
G1 F1797.8 X134.5 Y107.41 E2017.59529
G1 X134.434 Y107.41 E2017.60115
G1 X134.401 Y107.467 E2017.607
G1 X134.434 Y107.524 E2017.61285
G1 X134.5 Y107.524 E2017.61871
G1 X134.533 Y107.467 E2017.62456
G0 F12000 X136.63 Y107.705
G0 X137.296 Y108.033
G0 X137.731 Y108.402
G0 X140.838 Y113.162
G0 X141 Y114
G1 F2400 X141 Y106.666 E2018.11242
G1 F2358.7 X140.993 Y106.174 E2018.14572
G1 X140.802 Y106.6 E2018.17732
G1 F2400 X140.386 Y106.924 E2018.2124
G1 X140 Y107 E2018.23857
G1 X136.999 Y107 E2018.4382
G1 F2206.9 X136.501 Y107.035 E2018.47431
G1 F2087 X135.948 Y107.025 E2018.51662
G1 F2046.9 X135.358 Y107.044 E2018.56266
G1 F2087 X135.107 Y107.016 E2018.58198
G1 F2307.7 X134.85 Y107 E2018.5998
G1 F2400 X134 Y107 E2018.65634
G1 X134.001 Y108.484 E2018.75505
G1 X134.388 Y108.078 E2018.79237
G1 F2274.9 X134.85 Y107.773 E2018.83122
G1 F2060.1 X135.4 Y107.527 E2018.87791
G1 F2008.4 X135.892 Y107.472 E2018.91726
G1 F2042.6 X136.483 Y107.504 E2018.96352
G1 F2206.9 X136.848 Y107.642 E2018.99175
G1 F2400 X137.376 Y107.905 E2019.03099
G1 X137.837 Y108.293 E2019.07107
G1 X138.136 Y108.697 E2019.10451
G1 X138.265 Y108.929 E2019.12216
G1 X138.428 Y109.395 E2019.155
G1 X138.504 Y109.91 E2019.18963
G1 X138.446 Y110.577 E2019.23417
G1 X138.364 Y110.832 E2019.25199
G1 X138.141 Y111.303 E2019.28665
G1 X137.836 Y111.703 E2019.32011
G1 X137.398 Y112.077 E2019.35843
G1 X137.09 Y112.257 E2019.38216
G1 F2171.9 X136.548 Y112.478 E2019.42518
G1 F2016.8 X136.113 Y112.528 E2019.45984
G1 F2051.3 X135.57 Y112.499 E2019.50216
G1 F2201.8 X135.288 Y112.401 E2019.52381
G1 F2388.1 X134.791 Y112.207 E2019.55948
G1 F2400 X134.335 Y111.871 E2019.59715
G1 X134 Y111.508 E2019.63001
G1 X134 Y113 E2019.72926
G1 F2388.1 X135.176 Y112.999 E2019.80788
G1 F2201.8 X135.552 Y112.966 E2019.83525
G1 F2091.5 X136.056 Y112.975 E2019.87372
G1 F2055.7 X136.585 Y112.958 E2019.91483
G1 F2096.1 X136.832 Y112.985 E2019.93375
G1 F2307.7 X137.22 Y113 E2019.96062
G1 F2400 X140 Y113 E2020.14554
G1 X140.386 Y113.076 E2020.17171
G1 X140.801 Y113.399 E2020.20669
G1 X141 Y114 E2020.24881
G0 F12000 X140.993 Y106.174
G1 F2358.7 X141 Y106 E2020.26059
G1 F2400 X141 Y82 E2021.85708
G0 F12000 X140.854 Y81.246
G0 X140.6 Y80.754
G1 F2400 X140.6 Y73.4 E2022.34627
G1 X134.245 Y73.4 E2022.76901
G1 X134.293 Y73.461 E2022.77417
G1 X134.4 Y74 E2022.81073
G1 X134.401 Y76.566 E2022.98142
G1 X134.838 Y76.34 E2023.01414
G1 X135.078 Y76.248 E2023.03124
G1 X135.369 Y76.171 E2023.05126
G1 X135.92 Y76.093 E2023.08828
G1 X136.512 Y76.14 E2023.12779
G1 X137.027 Y76.283 E2023.16334
G1 X137.451 Y76.495 E2023.19487
G1 X137.682 Y76.641 E2023.21305
G1 X138.007 Y76.913 E2023.24124
G1 X138.23 Y77.15 E2023.26289
G1 X138.458 Y77.458 E2023.28838
G1 X138.654 Y77.83 E2023.31635
G1 X138.775 Y78.175 E2023.34067
G1 X138.838 Y78.43 E2023.35814
G1 X138.906 Y78.889 E2023.38901
G1 X138.847 Y79.598 E2023.43634
G1 X138.726 Y80.003 E2023.46445
G1 X138.55 Y80.375 E2023.49183
G1 X138.412 Y80.6 E2023.50939
G1 X140 Y80.6 E2023.61502
G1 X140.54 Y80.706 E2023.65163
G1 X140.6 Y80.754 E2023.65674
G0 F12000 X140.793 Y81.084
G0 X141 Y82
G1 F2400 X141 Y73 E2024.25542
G1 X133 Y73 E2024.78758
G1 X133.601 Y73.199 E2024.8297
G1 X133.924 Y73.615 E2024.86473
G1 X134 Y74 E2024.89084
G1 X134.001 Y77.484 E2025.12259
G1 X134.387 Y77.079 E2025.15981
G1 X134.875 Y76.755 E2025.19877
G1 X135.327 Y76.582 E2025.23097
G1 X135.926 Y76.495 E2025.27123
G1 X136.48 Y76.539 E2025.3082
G1 X136.848 Y76.641 E2025.3336
G1 X137.374 Y76.904 E2025.37272
G1 X137.839 Y77.294 E2025.41309
G1 X138.136 Y77.696 E2025.44634
G1 X138.277 Y77.962 E2025.46637
G1 X138.428 Y78.395 E2025.49687
G1 X138.504 Y78.909 E2025.53144
G1 X138.451 Y79.543 E2025.57376
G1 X138.364 Y79.832 E2025.59383
G1 X138.144 Y80.298 E2025.62811
G1 X137.836 Y80.703 E2025.66196
G1 X137.489 Y80.999 E2025.6923
G1 X140 Y81 E2025.85933
G1 X140.386 Y81.076 E2025.8855
G1 X140.801 Y81.399 E2025.92048
G1 X141 Y82 E2025.9626
G0 F12000 X140.838 Y81.162
G0 X136.823 Y81.173
G0 X136.056 Y81.075
G1 F2681.6 X135.503 Y81.044 E2025.99557
G1 F2500 X134.984 Y80.855 E2026.03084
G1 F2400 X134.598 Y80.566 E2026.06292
G1 X134.301 Y80.244 E2026.09206
G1 F2406 X134.031 Y79.751 E2026.12936
G1 F2513.1 X133.945 Y79.345 E2026.15572
G1 F2580.6 X133.93 Y78.787 E2026.19025
G1 F2474.2 X134.013 Y78.236 E2026.22621
G1 F2400 X134.327 Y77.721 E2026.26633
G1 X134.646 Y77.387 E2026.29705
G1 X135.062 Y77.111 E2026.33026
G1 X135.426 Y76.972 E2026.35618
G1 X135.926 Y76.895 E2026.38983
G1 X136.448 Y76.937 E2026.42467
G1 X136.669 Y76.999 E2026.43994
G1 X137.156 Y77.242 E2026.47614
G1 X137.548 Y77.573 E2026.51027
G1 X137.868 Y78.006 E2026.54609
G1 X138.039 Y78.496 E2026.58061
G1 X138.1 Y78.96 E2026.61174
G1 X138.048 Y79.565 E2026.65213
G1 X137.802 Y80.086 E2026.69046
G1 X137.544 Y80.427 E2026.7189
G1 X137.138 Y80.773 E2026.75439
G1 X136.953 Y80.881 E2026.76864
G1 F2430.4 X136.53 Y81.025 E2026.79799
G1 F2594.6 X136.056 Y81.075 E2026.82732
G1 F2700 E2021.82732
G0 F12000 X136.823 Y81.173
G0 X134.223 Y80.861
G1 F2700 E2026.82732
G1 F1420.1 X134.181 Y80.788 E2026.83679
G1 X134.097 Y80.788 E2026.84623
G1 X134.055 Y80.861 E2026.8557
G1 X134.097 Y80.934 E2026.86516
G1 X134.181 Y80.934 E2026.87461
G1 X134.223 Y80.861 E2026.88408
G1 F2700 E2021.88408
G0 F12000 X133.438 Y73.562
G0 X133 Y73
G1 F2700 E2026.88408
G1 F2400 X87 Y73 E2029.94401
G1 F2352.9 X86.826 Y73.007 E2029.95582
G1 F2700 E2024.95582
G0 F12000 X86.588 Y73.507
G0 X85.945 Y80.861
G1 F2700 E2029.95582
G1 F1415.9 X85.903 Y80.788 E2029.96532
G1 X85.819 Y80.788 E2029.97479
G1 X85.777 Y80.861 E2029.98429
G1 X85.819 Y80.934 E2029.99378
G1 X85.903 Y80.934 E2030.00325
G1 X85.945 Y80.861 E2030.01275
G0 F12000 X84.824 Y81.172
G0 X84.216 Y81.067
G1 F2674.1 X83.785 Y81.069 E2030.03848
G1 F2533 X83.303 Y80.987 E2030.0693
G1 F2412.1 X82.792 Y80.75 E2030.10658
G1 F2400 X82.329 Y80.287 E2030.15014
G1 X82.064 Y79.832 E2030.18516
G1 X81.908 Y79.238 E2030.22601
G1 X81.908 Y78.752 E2030.25834
G1 X82.065 Y78.163 E2030.29889
G1 X82.326 Y77.719 E2030.33315
G1 X82.74 Y77.282 E2030.3732
G1 X83.404 Y76.961 E2030.42226
G1 X84.003 Y76.892 E2030.46236
G1 X84.494 Y76.944 E2030.49521
G1 X85.059 Y77.171 E2030.53571
G1 X85.446 Y77.471 E2030.56828
G1 X85.778 Y77.875 E2030.60307
G1 F2461.5 X85.979 Y78.283 E2030.63257
G1 F2580.6 X86.066 Y78.736 E2030.6611
G1 F2666.7 X86.064 Y79.248 E2030.69176
G1 F2526.3 X85.981 Y79.719 E2030.72198
G1 F2400 X85.674 Y80.271 E2030.764
G1 X85.391 Y80.578 E2030.79177
G1 F2436.5 X84.976 Y80.859 E2030.82461
G1 F2500 X84.598 Y81.014 E2030.8507
G1 F2608.7 X84.216 Y81.067 E2030.8743
G1 F2700 E2025.8743
G0 F12000 X84.989 Y81.14
G0 X79.562 Y81.562
G0 X79.562 Y106.438
G0 X85.603 Y107.462
G1 F2700 E2030.8743
G1 F1832.1 X85.57 Y107.406 E2030.87997
G1 X85.505 Y107.406 E2030.88563
G1 X85.473 Y107.462 E2030.89125
G1 X85.506 Y107.518 E2030.89691
G1 X85.571 Y107.518 E2030.90258
G1 X85.603 Y107.462 E2030.9082
G0 F12000 X83.342 Y107.717
G0 X82.59 Y108.084
G0 X82.133 Y108.565
G0 X81.835 Y109.07
G0 X81.66 Y109.721
G0 X81.659 Y110.276
G0 X81.834 Y110.929
G0 X82.137 Y111.443
G0 X82.653 Y111.959
G0 X83.115 Y112.172
G0 X84.164 Y112.406
G0 X84.168 Y112.097
G1 F2400 X83.793 Y112.092 E2030.93315
G1 X83.301 Y111.986 E2030.96663
G1 X82.795 Y111.753 E2031.00368
G1 X82.328 Y111.286 E2031.04761
G1 X82.075 Y110.845 E2031.08143
G1 X81.908 Y110.239 E2031.12325
G1 X81.908 Y109.748 E2031.15591
G1 X82.075 Y109.152 E2031.19708
G1 X82.325 Y108.721 E2031.23023
G1 X82.664 Y108.363 E2031.26302
G1 X82.838 Y108.235 E2031.27739
G1 X83.411 Y107.959 E2031.3197
G1 X84.003 Y107.892 E2031.35933
G1 X84.494 Y107.944 E2031.39218
G1 X85.046 Y108.166 E2031.43175
G1 X85.444 Y108.469 E2031.46503
G1 X85.778 Y108.875 E2031.5
G1 F2461.5 X85.979 Y109.283 E2031.5295
G1 F2580.6 X86.066 Y109.736 E2031.55803
G1 F2666.7 X86.064 Y110.248 E2031.58869
G1 F2526.3 X85.981 Y110.719 E2031.61891
G1 F2400 X85.674 Y111.271 E2031.66093
G1 X85.39 Y111.579 E2031.68879
G1 X84.97 Y111.861 E2031.72245
G1 X84.58 Y112.019 E2031.75044
G1 X84.168 Y112.097 E2031.77833
G0 F12000 X84.164 Y112.406
G0 X85.598 Y112.531
G1 F1784.4 X85.564 Y112.473 E2031.78435
G1 X85.497 Y112.473 E2031.79034
G1 X85.464 Y112.531 E2031.79631
G1 X85.498 Y112.589 E2031.80233
G1 X85.565 Y112.589 E2031.80832
G1 X85.598 Y112.531 E2031.81429
G0 F12000 X79.162 Y113.162
G0 X79 Y114
G1 F2400 X79.199 Y113.399 E2031.8564
G1 X79.615 Y113.076 E2031.89144
G1 X80 Y113 E2031.91754
G1 F2388.1 X83.211 Y112.998 E2032.13221
G1 F2201.8 X83.584 Y112.966 E2032.15935
G1 F2060.1 X84.351 Y112.969 E2032.21879
G1 F2186.8 X84.652 Y112.993 E2032.24084
G1 F2352.9 X86 Y113 E2032.3323
G1 F2400 X86 Y111.509 E2032.43148
G1 X85.652 Y111.884 E2032.46551
G1 X85.162 Y112.215 E2032.50485
G1 F2376.2 X84.7 Y112.403 E2032.53836
G1 F2222.2 X84.25 Y112.524 E2032.57184
G1 F2087 X83.681 Y112.517 E2032.61537
G1 F2222.2 X83.074 Y112.321 E2032.66119
G1 F2400 X82.726 Y112.161 E2032.68667
G1 X82.436 Y111.96 E2032.71014
G1 X82.1 Y111.624 E2032.74175
G1 X81.943 Y111.42 E2032.75888
G1 X81.683 Y110.96 E2032.79402
G1 X81.508 Y110.283 E2032.84054
G1 X81.508 Y109.832 E2032.87054
G1 X81.541 Y109.575 E2032.88778
G1 X81.684 Y109.035 E2032.92493
G1 X82 Y108.481 E2032.96736
G1 X82.374 Y108.088 E2033.00345
G1 X82.664 Y107.875 E2033.02738
G1 F2176.9 X83.4 Y107.518 E2033.08738
G1 F2038.2 X84.009 Y107.466 E2033.13525
G1 F2069 X84.458 Y107.503 E2033.17002
G1 F2191.8 X84.723 Y107.601 E2033.1906
G1 F2370.4 X85.242 Y107.814 E2033.22838
G1 F2388.1 X85.722 Y108.177 E2033.26861
G1 F2400 X86 Y108.516 E2033.29778
G1 X86 Y107 E2033.39862
G1 F2376.2 X84.838 Y107.003 E2033.47669
G1 F2191.8 X84.482 Y107.035 E2033.50273
G1 F2096.1 X84.008 Y107.024 E2033.53884
G1 F2064.5 X83.359 Y107.041 E2033.58904
G1 F2162.2 X82.997 Y107.003 E2033.61592
G1 F2382.1 X80 Y107 E2033.81677
G1 F2400 X79.614 Y106.924 E2033.84294
G1 X79.199 Y106.599 E2033.87801
G1 F2352.9 X79.007 Y106.174 E2033.90965
G1 X78.999 Y106.666 E2033.94304
G1 F2400 X79 Y114 E2034.4309
G1 F2700 E2029.4309
G0 F12000 X79.162 Y146.838
G0 X80 Y147
G1 F2700 E2034.4309
G1 F2487 X79.303 Y146.697 E2034.47968
G1 F2436.5 X79.007 Y146.174 E2034.51906
G1 X78.986 Y147.014 E2034.57412
G1 F2487 X80 Y147 E2034.63921
G1 F2700 E2029.63921
G0 F12000 X110 Y147.09
G0 X110 Y147.4
G1 F2700 E2034.63921
G1 F2400 X141.4 Y147.4 E2036.72795
G1 X141.4 Y72.6 E2041.70367
G1 X78.6 Y72.6 E2045.88114
G1 X78.601 Y147.399 E2050.85679
G1 X110 Y147.4 E2052.94546
G0 F12000 X110 Y146.6
G1 F2400 X80 Y146.6 E2054.94107
G1 X79.575 Y146.425 E2054.97164
G1 X79.4 Y146.089 E2054.99684
G1 X79.4 Y114 E2057.13141
G1 X79.519 Y113.639 E2057.1567
G1 X79.769 Y113.446 E2057.1777
G1 X80 Y113.4 E2057.19337
G1 X86.4 Y113.4 E2057.6191
G1 X86.4 Y110.693 E2057.79917
G1 F2526.3 X86.421 Y110.279 E2057.82537
G1 F2681.6 X86.422 Y109.807 E2057.85347
G1 F2560 X86.403 Y109.308 E2057.88461
G1 F2418.1 X86.4 Y106.6 E2058.0634
G1 F2400 X80 Y106.6 E2058.48913
G1 X79.768 Y106.554 E2058.50486
G1 X79.519 Y106.36 E2058.52586
G1 X79.4 Y106.086 E2058.54573
G1 X79.4 Y82 E2060.14794
G1 X79.519 Y81.639 E2060.17322
G1 X79.769 Y81.446 E2060.19423
G1 X80 Y81.4 E2060.2099
G1 F2412.1 X83.32 Y81.402 E2060.42964
G1 F2553.2 X83.844 Y81.423 E2060.46243
G1 F2719.5 X84.116 Y81.424 E2060.4784
G1 F2553.2 X84.716 Y81.399 E2060.51595
G1 F2400 X86.4 Y81.4 E2060.62797
G1 X86.4 Y79.693 E2060.74152
G1 F2526.3 X86.421 Y79.279 E2060.76772
G1 F2681.6 X86.422 Y78.807 E2060.79582
G1 F2560 X86.403 Y78.308 E2060.82696
G1 F2418.1 X86.4 Y74 E2061.11138
G1 F2400 X86.446 Y73.768 E2061.12711
G1 X86.64 Y73.519 E2061.14811
G1 X86.914 Y73.4 E2061.16798
G1 X133 Y73.4 E2064.23363
G1 X133.361 Y73.519 E2064.25892
G1 X133.554 Y73.769 E2064.27993
G1 X133.6 Y74 E2064.2956
G1 X133.6 Y78.288 E2064.58083
G1 F2546.4 X133.577 Y78.862 E2064.61685
G1 F2689.1 X133.58 Y79.267 E2064.6409
G1 F2539.7 X133.598 Y79.739 E2064.67059
G1 F2412.1 X133.601 Y81.399 E2064.78046
G1 F2400 X134.956 Y81.399 E2064.87059
G1 F2560 X136.056 Y81.425 E2064.93921
G1 X137.044 Y81.4 E2065.00085
G1 F2400 X140 Y81.4 E2065.19748
G1 X140.232 Y81.445 E2065.2132
G1 X140.481 Y81.639 E2065.2342
G1 X140.6 Y82 E2065.25948
G1 X140.6 Y106.085 E2066.86162
G1 X140.482 Y106.36 E2066.88153
G1 X140.232 Y106.554 E2066.90258
G1 X140 Y106.6 E2066.91831
G1 X133.6 Y106.6 E2067.34404
G1 X133.6 Y109.288 E2067.52285
G1 F2546.4 X133.577 Y109.862 E2067.55887
G1 F2689.1 X133.58 Y110.267 E2067.58291
G1 F2539.7 X133.598 Y110.739 E2067.6126
G1 F2412.1 X133.6 Y113.4 E2067.78873
G1 F2400 X140 Y113.4 E2068.21446
G1 X140.232 Y113.445 E2068.23018
G1 X140.481 Y113.639 E2068.25118
G1 X140.6 Y114 E2068.27646
G1 X140.6 Y146.089 E2070.41103
G1 X140.424 Y146.424 E2070.4362
G1 X140.089 Y146.6 E2070.46137
G1 X110 Y146.6 E2072.4629
G0 F12000 X110 Y146.199
;TYPE:WALL-OUTER
G1 F2400 X80 Y146.2 E2074.45851
G1 X79.858 Y146.142 E2074.46871
G1 X79.802 Y146.035 E2074.47675
G1 X79.8 Y114 E2076.60772
G1 X79.839 Y113.879 E2076.61618
G1 X79.943 Y113.8 E2076.62487
G1 X86.8 Y113.8 E2077.081
G1 X86.8 Y106.2 E2077.58655
G1 X79.941 Y106.2 E2078.04282
G1 X79.839 Y106.12 E2078.05144
G1 X79.802 Y106.035 E2078.05761
G1 X79.8 Y82 E2079.65642
G1 X79.839 Y81.879 E2079.66488
G1 X79.943 Y81.8 E2079.67356
G1 X86.8 Y81.8 E2080.12969
G1 X86.8 Y73.941 E2080.65248
G1 X86.88 Y73.839 E2080.6611
G1 X86.965 Y73.802 E2080.66727
G1 X133 Y73.8 E2083.72953
G1 X133.121 Y73.839 E2083.73798
G1 X133.2 Y73.943 E2083.74667
G1 X133.201 Y81.799 E2084.26925
G1 X140.059 Y81.8 E2084.72545
G1 X140.161 Y81.879 E2084.73403
G1 X140.2 Y82 E2084.74249
G1 X140.198 Y106.035 E2086.3413
G1 X140.161 Y106.12 E2086.34747
G1 X140.059 Y106.2 E2086.35609
G1 X133.2 Y106.2 E2086.81236
G1 X133.2 Y113.8 E2087.31791
G1 X140.059 Y113.8 E2087.77417
G1 X140.161 Y113.879 E2087.78276
G1 X140.2 Y114 E2087.79121
G1 X140.198 Y146.035 E2089.92219
G1 X140.142 Y146.142 E2089.93022
G1 X140.035 Y146.198 E2089.93826
G1 X110 Y146.199 E2091.93619
G0 F12000 X110 Y146.91
G0 X110 Y147.8
G1 F2400 X141.8 Y147.8 E2094.05154
G1 X141.8 Y72.2 E2099.08047
G1 X78.2 Y72.2 E2103.31116
G1 X78.201 Y147.799 E2108.34002
G1 X110 Y147.8 E2110.4553
G1 F2700 E2105.4553
G0 F12000 X110 Y147.09
G0 X79.162 Y146.838
G0 X79.162 Y113.162
G0 X84.103 Y112.406
G0 X84.112 Y111.696
G1 F2700 E2110.4553
G1 F2400 X83.813 Y111.688 E2110.4752
G1 X83.449 Y111.608 E2110.49999
G1 X83.027 Y111.419 E2110.53075
G1 X82.666 Y111.058 E2110.56471
G1 X82.441 Y110.682 E2110.59386
G1 X82.31 Y110.199 E2110.62715
G1 X82.314 Y109.78 E2110.65502
G1 X82.437 Y109.317 E2110.68689
G1 X82.662 Y108.946 E2110.71575
G1 X82.98 Y108.61 E2110.74652
G1 X83.525 Y108.348 E2110.78675
G1 X84.008 Y108.296 E2110.81906
G1 X84.398 Y108.336 E2110.84514
G1 X84.859 Y108.521 E2110.87819
G1 X85.179 Y108.776 E2110.9054
G1 X85.448 Y109.111 E2110.93398
G1 X85.607 Y109.446 E2110.95865
G1 X85.688 Y109.813 E2110.98365
G1 X85.69 Y110.183 E2111.00826
G1 X85.597 Y110.587 E2111.03584
G1 X85.332 Y111.052 E2111.07144
G1 X85.144 Y111.256 E2111.0899
G1 X84.764 Y111.514 E2111.12045
G1 X84.45 Y111.637 E2111.14288
G1 X84.112 Y111.696 E2111.16571
G1 F2700 E2106.16571
G0 F12000 X84.103 Y112.406
G0 X85.292 Y111.464
G0 X85.553 Y111.185
G0 X85.834 Y110.673
G0 X85.942 Y110.201
G0 X85.939 Y109.763
G0 X85.838 Y109.341
G0 X84.241 Y106.45
G0 X79.562 Y106.438
G0 X79.562 Y81.562
G0 X84.824 Y81.172
G0 X84.151 Y80.694
G1 F2700 E2111.16571
G1 F2400 X83.813 Y80.688 E2111.18819
G1 X83.449 Y80.608 E2111.21299
G1 X83.027 Y80.419 E2111.24374
G1 X82.666 Y80.058 E2111.27771
G1 X82.437 Y79.677 E2111.30728
G1 X82.31 Y79.199 E2111.34017
G1 X82.314 Y78.78 E2111.36805
G1 X82.437 Y78.317 E2111.39992
G1 X82.662 Y77.946 E2111.42878
G1 X82.98 Y77.61 E2111.45955
G1 X83.52 Y77.35 E2111.49942
G1 X84.026 Y77.296 E2111.53327
G1 X84.398 Y77.336 E2111.55816
G1 X84.859 Y77.521 E2111.5912
G1 X85.179 Y77.776 E2111.61842
G1 X85.448 Y78.111 E2111.647
G1 X85.607 Y78.446 E2111.67167
G1 X85.688 Y78.813 E2111.69667
G1 X85.69 Y79.183 E2111.72128
G1 X85.597 Y79.587 E2111.74886
G1 X85.332 Y80.052 E2111.78446
G1 X85.144 Y80.256 E2111.80291
G1 X84.764 Y80.514 E2111.83347
G1 X84.45 Y80.637 E2111.8559
G1 X84.151 Y80.694 E2111.87615
G1 F2700 E2106.87615
G0 F12000 X84.824 Y81.172
G0 X86.551 Y79.726
G0 X86.562 Y73.562
G0 X133.438 Y73.562
G0 X133.45 Y81.173
G0 X136.823 Y81.173
G0 X136.04 Y80.7
G1 F2700 E2111.87615
G1 F2400 X135.606 Y80.666 E2111.9051
G1 X135.173 Y80.497 E2111.93602
G1 X134.857 Y80.257 E2111.96242
G1 X134.62 Y79.993 E2111.98602
G1 X134.42 Y79.629 E2112.01365
G1 X134.322 Y79.279 E2112.03782
G1 X134.311 Y78.8 E2112.0697
G1 X134.398 Y78.373 E2112.09868
G1 X134.658 Y77.954 E2112.13149
G1 X134.921 Y77.685 E2112.15651
G1 X135.268 Y77.461 E2112.18399
G1 X135.549 Y77.358 E2112.20389
G1 X135.933 Y77.3 E2112.22973
G1 X136.454 Y77.339 E2112.26448
G1 X136.947 Y77.589 E2112.30125
G1 X137.265 Y77.864 E2112.32922
G1 X137.511 Y78.196 E2112.3567
G1 X137.65 Y78.606 E2112.3855
G1 X137.7 Y78.978 E2112.41047
G1 X137.657 Y79.457 E2112.44246
G1 X137.465 Y79.862 E2112.47228
G1 X137.264 Y80.134 E2112.49477
G1 X136.85 Y80.493 E2112.53123
G1 X136.416 Y80.646 E2112.56184
G1 X136.04 Y80.7 E2112.58711
G1 F2700 E2107.58711
G0 F12000 X136.823 Y81.173
G0 X140.838 Y81.162
G0 X140.838 Y106.838
G0 X137.731 Y111.597
G0 X137.288 Y111.975
G0 X136.312 Y112.447
G0 X136.04 Y111.7
G1 F2700 E2112.58711
G1 F2400 X135.606 Y111.666 E2112.61606
G1 X135.173 Y111.497 E2112.64698
G1 X134.857 Y111.257 E2112.67338
G1 X134.62 Y110.993 E2112.69698
G1 X134.42 Y110.629 E2112.72461
G1 X134.322 Y110.279 E2112.74878
G1 X134.311 Y109.8 E2112.78066
G1 X134.398 Y109.373 E2112.80964
G1 X134.658 Y108.954 E2112.84244
G1 X134.921 Y108.685 E2112.86747
G1 X135.268 Y108.461 E2112.89494
G1 X135.545 Y108.358 E2112.9146
G1 X135.964 Y108.3 E2112.94274
G1 X136.454 Y108.339 E2112.97544
G1 X136.914 Y108.569 E2113.00965
G1 X137.233 Y108.831 E2113.03711
G1 X137.512 Y109.198 E2113.06778
G1 X137.65 Y109.606 E2113.09643
G1 X137.7 Y109.978 E2113.12139
G1 X137.656 Y110.458 E2113.15346
G1 X137.444 Y110.898 E2113.18595
G1 X137.264 Y111.134 E2113.20569
G1 X136.85 Y111.493 E2113.24214
G1 X136.416 Y111.646 E2113.27275
G1 X136.04 Y111.7 E2113.29802
G0 F12000 X136.312 Y112.447
G0 X138.921 Y112.52
;TYPE:FILL
G1 F4800 X140.519 Y112.091 E2113.40809
G0 F12000 X140.521 Y109.521
G1 F4800 X138.48 Y107.48 E2113.60009
G1 F2700 E2108.60009
G0 F12000 X140.838 Y106.838
G0 X140.838 Y81.162
G0 X138.686 Y80.52
G1 F2700 E2113.60009
G1 F4800 X140.52 Y73.678 E2114.07129
G0 F12000 X140.519 Y74.821
G1 F4800 X136.036 Y76.023 E2114.38003
G0 F12000 X138.421 Y73.48
G1 F4800 X140.52 Y75.579 E2114.57749
G1 F2700 E2109.57749
G0 F12000 X133.838 Y73.162
G0 X86.162 Y73.162
G0 X84.668 Y73.479
G1 F2700 E2114.57749
G1 F4800 X83.986 Y76.024 E2114.75276
G0 F12000 X82.172 Y76.628
G1 F4800 X79.48 Y73.936 E2115.00601
G0 F12000 X81.113 Y78.316
G1 F4800 X79.48 Y78.753 E2115.11846
G1 F2700 E2110.11846
G0 F12000 X79.162 Y81.162
G0 X79.162 Y106.838
G0 X81.769 Y107.481
G1 F2700 E2115.11846
G1 F4800 X81.545 Y108.318 E2115.1761
G0 F12000 X81.096 Y109.379
G1 F4800 X79.481 Y109.812 E2115.28732
G0 F12000 X81.034 Y110.226
G1 F4800 X80.419 Y112.52 E2115.44531
G0 F12000 X81.075 Y109.473
G1 F4800 X79.48 Y107.877 E2115.5954
;MESH:NONMESH
G0 F300 Z31.4
G0 F12000 X79.162 Y106.838
G0 X79.162 Y81.162
G0 X79.4 Y80.755
;TIME_ELAPSED:6365.816521
;LAYER:78
;TYPE:WALL-INNER
;MESH:tank_trainer_body.stl
G1 F2400 X79.461 Y80.707 E2115.60056
G1 X80 Y80.6 E2115.63712
G1 X81.574 Y80.6 E2115.74182
G1 X81.369 Y80.21 E2115.77113
G1 X81.205 Y79.794 E2115.80087
G1 X81.108 Y79.451 E2115.82459
G1 X81.108 Y78.716 E2115.87348
G1 X81.203 Y78.206 E2115.90799
G1 X81.368 Y77.786 E2115.938
G1 X81.512 Y77.511 E2115.95865
G1 X81.696 Y77.239 E2115.9805
G1 X81.943 Y76.961 E2116.00524
G1 X82.329 Y76.632 E2116.03897
G1 X82.583 Y76.473 E2116.05891
G1 X82.887 Y76.325 E2116.0814
G1 X83.209 Y76.214 E2116.10406
G1 X83.775 Y76.096 E2116.14252
G1 X84.363 Y76.117 E2116.18165
G1 X84.817 Y76.21 E2116.21248
G1 X85.197 Y76.358 E2116.23961
G1 X85.6 Y76.572 E2116.26996
G1 X85.6 Y74 E2116.44105
G1 X85.707 Y73.46 E2116.47767
G1 X85.755 Y73.4 E2116.48278
G1 X79.4 Y73.4 E2116.90552
G1 X79.4 Y80.755 E2117.39477
G0 F12000 X79.207 Y81.084
G0 X79 Y82
G1 F2400 X79.199 Y81.399 E2117.43689
G1 X79.615 Y81.076 E2117.47192
G1 X80 Y81 E2117.49803
G1 X82.507 Y81 E2117.66479
G1 X82.192 Y80.721 E2117.69278
G1 X82.023 Y80.528 E2117.70985
G1 X81.778 Y80.158 E2117.73937
G1 X81.577 Y79.647 E2117.7759
G1 X81.508 Y79.404 E2117.7927
G1 X81.508 Y78.716 E2117.83847
G1 X81.576 Y78.352 E2117.8631
G1 X81.781 Y77.826 E2117.90065
G1 X82.027 Y77.463 E2117.92982
G1 X82.204 Y77.265 E2117.94749
G1 X82.647 Y76.886 E2117.98627
G1 X83.174 Y76.63 E2118.02524
G1 X83.81 Y76.497 E2118.06846
G1 X84.347 Y76.516 E2118.10421
G1 X84.672 Y76.583 E2118.12628
G1 X85.158 Y76.772 E2118.16097
G1 X85.658 Y77.118 E2118.20142
G1 X86 Y77.489 E2118.23498
G1 X86 Y74 E2118.46707
G1 X86.076 Y73.614 E2118.49324
G1 X86.401 Y73.199 E2118.5283
G1 F2352.9 X86.826 Y73.007 E2118.55995
G1 X86.334 Y72.999 E2118.59333
G1 F2400 X79 Y73 E2119.08119
G1 X79 Y82 E2119.67987
G1 X79 Y106 E2121.27636
G1 F2352.9 X79.007 Y106.174 E2121.28818
G0 F12000 X79.4 Y112.755
G1 F2400 X79.461 Y112.707 E2121.29334
G1 X80 Y112.6 E2121.32989
G1 X82.716 Y112.599 E2121.51056
G1 X82.315 Y112.364 E2121.54148
G1 X81.927 Y112.02 E2121.57597
G1 X81.691 Y111.749 E2121.59988
G1 X81.507 Y111.473 E2121.62194
G1 X81.369 Y111.209 E2121.64176
G1 X81.205 Y110.794 E2121.67144
G1 X81.108 Y110.451 E2121.69515
G1 X81.108 Y109.716 E2121.74405
G1 X81.203 Y109.206 E2121.77856
G1 X81.366 Y108.787 E2121.80846
G1 X81.512 Y108.511 E2121.82923
G1 X81.696 Y108.239 E2121.85108
G1 X81.943 Y107.961 E2121.87581
G1 X82.284 Y107.669 E2121.90568
G1 X82.691 Y107.401 E2121.93809
G1 X80 Y107.4 E2122.1171
G1 X79.46 Y107.293 E2122.15372
G1 X79.4 Y107.245 E2122.15883
G1 X79.4 Y112.755 E2122.52536
G0 F12000 X79.207 Y113.084
G0 X79 Y114
G1 F2400 X79 Y146 E2124.65401
G1 F2352.9 X79.007 Y146.174 E2124.66582
G0 F12000 X79.162 Y146.838
G0 X80 Y147
G1 F2400 X140 Y147 E2128.65704
G1 F2352.9 X140.174 Y146.993 E2128.66885
G1 F2436.5 X141.014 Y147.014 E2128.72391
G1 F2442.7 X140.993 Y146.174 E2128.77883
G1 X140.697 Y146.697 E2128.8181
G1 F2436.5 X140.174 Y146.993 E2128.85748
G0 F12000 X140.838 Y146.838
G0 X140.993 Y146.174
G1 F2358.7 X141 Y146 E2128.86926
G1 F2400 X141 Y114 E2130.99791
G0 F12000 X140.854 Y113.246
G0 X140.6 Y112.754
G1 F2400 X140.6 Y107.246 E2131.36431
G1 X140.54 Y107.293 E2131.36938
G1 X140 Y107.4 E2131.406
G1 X137.287 Y107.401 E2131.58647
G1 X137.573 Y107.567 E2131.60846
G1 X137.864 Y107.775 E2131.63226
G1 X138.173 Y108.076 E2131.66095
G1 X138.4 Y108.379 E2131.68614
G1 X138.544 Y108.615 E2131.70453
G1 X138.719 Y108.983 E2131.73163
G1 X138.848 Y109.437 E2131.76303
G1 X138.912 Y110.025 E2131.80237
G1 X138.887 Y110.31 E2131.8214
G1 X138.78 Y110.807 E2131.85522
G1 X138.667 Y111.131 E2131.87805
G1 X138.48 Y111.507 E2131.90598
G1 X138.24 Y111.837 E2131.93313
G1 X138.005 Y112.088 E2131.956
G1 X137.717 Y112.328 E2131.98094
G1 X137.3 Y112.6 E2132.01405
G1 X140 Y112.6 E2132.19366
G1 X140.54 Y112.706 E2132.23027
G1 X140.6 Y112.754 E2132.23538
G0 F12000 X135.81 Y112.403
G0 X135.864 Y112.099
G1 F2400 X135.293 Y111.998 E2132.27395
G1 X134.707 Y111.679 E2132.31833
G1 X134.289 Y111.235 E2132.3589
G1 X134.177 Y111.064 E2132.37249
G1 F2487 X133.969 Y110.567 E2132.40708
G1 F2623 X133.919 Y110.021 E2132.44045
G1 F2637.4 X133.954 Y109.551 E2132.46898
G1 F2493.5 X134.111 Y109.065 E2132.50168
G1 F2400 X134.38 Y108.637 E2132.53531
G1 X134.866 Y108.204 E2132.57861
G1 X135.417 Y107.973 E2132.61835
G1 X135.927 Y107.895 E2132.65267
G1 X136.547 Y107.946 E2132.69405
G1 X137.064 Y108.187 E2132.73199
G1 X137.478 Y108.483 E2132.76585
G1 X137.798 Y108.91 E2132.80134
G1 X138.043 Y109.423 E2132.83916
G1 X138.113 Y110.115 E2132.88543
G1 X137.983 Y110.711 E2132.92601
G1 X137.798 Y111.085 E2132.95376
G1 X137.549 Y111.426 E2132.98185
G1 X137.155 Y111.756 E2133.01604
G1 X136.693 Y111.984 E2133.05031
G1 X136.348 Y112.068 E2133.07393
G1 X135.864 Y112.099 E2133.10619
G0 F12000 X135.81 Y112.403
G0 X134.532 Y112.534
G1 F1804.5 X134.499 Y112.477 E2133.11202
G1 X134.433 Y112.477 E2133.11786
G1 X134.4 Y112.534 E2133.12368
G1 X134.433 Y112.591 E2133.12951
G1 X134.499 Y112.591 E2133.13535
G1 X134.532 Y112.534 E2133.14118
G0 F12000 X136.368 Y112.324
G0 X136.787 Y112.219
G0 X137.293 Y111.969
G0 X137.73 Y111.599
G0 X138.014 Y111.217
G0 X138.217 Y110.792
G0 X138.37 Y110.116
G0 X138.286 Y109.348
G0 X138.013 Y108.781
G0 X137.655 Y108.304
G0 X137.191 Y107.971
G0 X136.724 Y107.754
G0 X134.521 Y107.457
G1 F1867.7 X134.489 Y107.402 E2133.14662
G1 X134.425 Y107.402 E2133.15209
G1 X134.393 Y107.457 E2133.15753
G1 X134.425 Y107.512 E2133.16296
G1 X134.489 Y107.512 E2133.16844
G1 X134.521 Y107.457 E2133.17387
G0 F12000 X136.614 Y107.703
G0 X137.191 Y107.971
G0 X137.655 Y108.304
G0 X140.838 Y113.162
G0 X141 Y114
G1 F2400 X141 Y106.666 E2133.66173
G1 F2358.7 X140.993 Y106.174 E2133.69504
G1 X140.802 Y106.6 E2133.72664
G1 F2400 X140.386 Y106.924 E2133.76171
G1 X140 Y107 E2133.78788
G1 X136.955 Y107.001 E2133.99044
G1 F2206.9 X136.495 Y107.035 E2134.0238
G1 F2087 X135.948 Y107.025 E2134.06566
G1 F2046.9 X135.358 Y107.044 E2134.1117
G1 F2100.7 X135.083 Y107.013 E2134.13273
G1 F2324.5 X134.677 Y107 E2134.16063
G1 F2400 X134 Y107 E2134.20566
G1 X133.999 Y108.495 E2134.30511
G1 X134.179 Y108.28 E2134.32376
G1 X134.636 Y107.874 E2134.36443
G1 F2162.2 X135.4 Y107.527 E2134.42638
G1 F2008.4 X135.892 Y107.472 E2134.46574
G1 F2042.6 X136.476 Y107.504 E2134.51145
G1 F2206.9 X136.816 Y107.629 E2134.53766
G1 F2400 X137.271 Y107.843 E2134.5711
G1 X137.632 Y108.101 E2134.60062
G1 X137.853 Y108.316 E2134.62113
G1 X138.141 Y108.701 E2134.65311
G1 X138.359 Y109.156 E2134.68668
G1 X138.45 Y109.48 E2134.70906
G1 X138.515 Y110.139 E2134.75311
G1 X138.362 Y110.847 E2134.80129
G1 X138.14 Y111.295 E2134.83455
G1 X137.845 Y111.701 E2134.86794
G1 X137.37 Y112.097 E2134.90908
G1 X136.931 Y112.313 E2134.94162
G1 F2201.8 X136.423 Y112.497 E2134.9808
G1 F2046.9 X135.79 Y112.527 E2135.03022
G1 F2217.1 X135.321 Y112.409 E2135.06505
G1 F2400 X135.018 Y112.303 E2135.0864
G1 X134.598 Y112.075 E2135.11819
G1 X134.346 Y111.88 E2135.13939
G1 X134.001 Y111.512 E2135.17294
G1 X134 Y113 E2135.27192
G1 X135.27 Y113 E2135.3564
G1 F2232.6 X135.685 Y112.969 E2135.38616
G1 F2105.3 X135.904 Y112.974 E2135.40277
G1 F2077.9 X136.463 Y112.964 E2135.44573
G1 F2176.9 X136.801 Y112.995 E2135.47062
G1 F2370.4 X140 Y113 E2135.68608
G1 F2400 X140.386 Y113.076 E2135.71225
G1 X140.801 Y113.399 E2135.74723
G1 X141 Y114 E2135.78935
G0 F12000 X140.993 Y106.174
G1 F2358.7 X141 Y106 E2135.80113
G1 F2400 X141 Y82 E2137.39762
G0 F12000 X140.854 Y81.246
G0 X140.6 Y80.754
G1 F2400 X140.6 Y73.4 E2137.88681
G1 X134.245 Y73.4 E2138.30955
G1 X134.293 Y73.461 E2138.31471
G1 X134.4 Y74 E2138.35126
G1 X134.4 Y76.584 E2138.52315
G1 X134.679 Y76.41 E2138.54502
G1 X135.055 Y76.258 E2138.572
G1 X135.369 Y76.171 E2138.59368
G1 X135.921 Y76.093 E2138.63076
G1 X136.506 Y76.14 E2138.6698
G1 X136.985 Y76.267 E2138.70276
G1 X137.353 Y76.439 E2138.72979
G1 X137.573 Y76.567 E2138.74672
G1 X137.865 Y76.775 E2138.77056
G1 X138.172 Y77.076 E2138.79916
G1 X138.401 Y77.38 E2138.82448
G1 X138.544 Y77.615 E2138.84278
G1 X138.719 Y77.983 E2138.86989
G1 X138.848 Y78.437 E2138.90128
G1 X138.912 Y79.025 E2138.94063
G1 X138.887 Y79.31 E2138.95966
G1 X138.78 Y79.807 E2138.99348
G1 X138.668 Y80.127 E2139.01603
G1 X138.438 Y80.6 E2139.05102
G1 X140 Y80.6 E2139.15492
G1 X140.54 Y80.706 E2139.19153
G1 X140.6 Y80.754 E2139.19664
G0 F12000 X140.793 Y81.084
G0 X141 Y82
G1 F2400 X141 Y73 E2139.79532
G1 X133 Y73 E2140.32748
G1 X133.601 Y73.199 E2140.3696
G1 X133.924 Y73.615 E2140.40463
G1 X134 Y74 E2140.43074
G1 X133.999 Y77.495 E2140.66322
G1 X134.179 Y77.28 E2140.68188
G1 X134.539 Y76.96 E2140.71392
G1 X134.829 Y76.78 E2140.73662
G1 X135.315 Y76.583 E2140.77151
G1 X135.927 Y76.495 E2140.81263
G1 X136.473 Y76.539 E2140.84907
G1 X136.816 Y76.63 E2140.87268
G1 X137.269 Y76.842 E2140.90595
G1 X137.633 Y77.101 E2140.93567
G1 X137.852 Y77.316 E2140.95608
G1 X138.14 Y77.699 E2140.98796
G1 X138.359 Y78.156 E2141.02167
G1 X138.45 Y78.48 E2141.04405
G1 X138.515 Y79.138 E2141.08804
G1 X138.366 Y79.834 E2141.13538
G1 X138.143 Y80.291 E2141.16921
G1 X137.849 Y80.696 E2141.2025
G1 X137.486 Y80.999 E2141.23395
G1 X140 Y81 E2141.40119
G1 X140.386 Y81.076 E2141.42736
G1 X140.801 Y81.399 E2141.46234
G1 X141 Y82 E2141.50445
G1 F2700 E2136.50445
G0 F12000 X140.438 Y81.562
G0 X135.114 Y81.166
G0 X135.904 Y81.072
G1 F2700 E2141.50445
G1 F2566.8 X135.307 Y81.002 E2141.54184
G1 F2412.1 X134.706 Y80.679 E2141.587
G1 F2400 X134.289 Y80.235 E2141.62752
G1 X134.177 Y80.064 E2141.64111
G1 F2487 X133.969 Y79.567 E2141.6757
G1 F2623 X133.919 Y79.021 E2141.70907
G1 F2637.4 X133.954 Y78.551 E2141.7376
G1 F2493.5 X134.111 Y78.065 E2141.7703
G1 F2400 X134.38 Y77.637 E2141.80393
G1 X134.882 Y77.19 E2141.84864
G1 X135.421 Y76.972 E2141.88732
G1 X135.927 Y76.895 E2141.92136
G1 X136.548 Y76.946 E2141.96281
G1 X137.064 Y77.187 E2142.00069
G1 X137.474 Y77.479 E2142.03418
G1 X137.797 Y77.908 E2142.0699
G1 X138.043 Y78.423 E2142.10786
G1 X138.112 Y79.11 E2142.15379
G1 X137.983 Y79.708 E2142.19449
G1 X137.795 Y80.09 E2142.22281
G1 X137.551 Y80.424 E2142.25032
G1 X137.149 Y80.76 E2142.28518
G1 F2449 X136.701 Y80.981 E2142.31774
G1 F2553.2 X136.345 Y81.052 E2142.34044
G1 F2666.7 X135.904 Y81.072 E2142.36687
G0 F12000 X135.114 Y81.166
G0 X134.223 Y80.861
G1 F1420.1 X134.181 Y80.788 E2142.37634
G1 X134.097 Y80.788 E2142.38578
G1 X134.055 Y80.861 E2142.39525
G1 X134.097 Y80.934 E2142.40472
G1 X134.181 Y80.934 E2142.41416
G1 X134.223 Y80.861 E2142.42363
G1 F2700 E2137.42363
G0 F12000 X133.438 Y73.562
G0 X133 Y73
G1 F2700 E2142.42363
G1 F2400 X87 Y73 E2145.48356
G1 F2352.9 X86.826 Y73.007 E2145.49537
G1 F2700 E2140.49537
G0 F12000 X86.588 Y73.507
G0 X85.947 Y80.863
G1 F2700 E2145.49537
G1 F1424.3 X85.905 Y80.79 E2145.50481
G1 X85.821 Y80.79 E2145.51423
G1 X85.779 Y80.863 E2145.52367
G1 X85.821 Y80.936 E2145.53311
G1 X85.905 Y80.936 E2145.54253
G1 X85.947 Y80.863 E2145.55197
G0 F12000 X84.823 Y81.172
G0 X84.059 Y81.086
G1 F2601.6 X83.529 Y81.04 E2145.58461
G1 F2513.1 X83.047 Y80.884 E2145.61679
G1 F2400 X82.845 Y80.766 E2145.63236
G1 X82.397 Y80.368 E2145.67222
G1 X82.135 Y79.974 E2145.70369
G1 X81.908 Y79.397 E2145.74494
G1 X81.908 Y78.716 E2145.79024
G1 X81.949 Y78.497 E2145.80506
G1 X82.137 Y78.015 E2145.83948
G1 X82.404 Y77.62 E2145.87119
G1 X82.864 Y77.225 E2145.91152
G1 X83.302 Y77.012 E2145.94392
G1 X83.844 Y76.898 E2145.98077
G1 X84.433 Y76.92 E2146.01997
G1 X84.973 Y77.13 E2146.05851
G1 X85.394 Y77.422 E2146.0926
G1 X85.722 Y77.777 E2146.12475
G1 X85.839 Y77.965 E2146.13948
G1 F2430.4 X86.024 Y78.455 E2146.17388
G1 F2526.3 X86.092 Y79.086 E2146.21399
G1 F2487 X85.971 Y79.725 E2146.25574
G1 F2400 X85.75 Y80.18 E2146.28938
G1 X85.418 Y80.556 E2146.32275
G1 X84.974 Y80.864 E2146.3587
G1 F2406 X84.57 Y81.024 E2146.38753
G1 F2487 X84.059 Y81.086 E2146.42057
G1 F2700 E2141.42057
G0 F12000 X84.823 Y81.172
G0 X79.562 Y81.562
G0 X79.562 Y106.438
G0 X85.6 Y107.466
G1 F2700 E2146.42057
G1 F1804.5 X85.567 Y107.409 E2146.4264
G1 X85.501 Y107.409 E2146.43224
G1 X85.468 Y107.466 E2146.43807
G1 X85.501 Y107.523 E2146.44389
G1 X85.567 Y107.523 E2146.44973
G1 X85.6 Y107.466 E2146.45556
G0 F12000 X83.826 Y107.651
G0 X83.222 Y107.776
G0 X82.726 Y108.019
G0 X82.22 Y108.458
G0 X81.918 Y108.903
G0 X81.66 Y109.554
G0 X81.659 Y110.442
G0 X81.916 Y111.095
G0 X82.214 Y111.538
G0 X82.813 Y112.067
G0 X83.194 Y112.197
G0 X84.133 Y112.418
G0 X84.079 Y112.112
G1 F2400 X83.545 Y112.055 E2146.49128
G1 X83.047 Y111.884 E2146.52631
G1 X82.846 Y111.766 E2146.54181
G1 X82.399 Y111.37 E2146.58154
G1 X82.138 Y110.978 E2146.61286
G1 X81.908 Y110.398 E2146.65437
G1 X81.908 Y109.716 E2146.69974
G1 X81.949 Y109.497 E2146.71456
G1 X82.136 Y109.017 E2146.74882
G1 X82.404 Y108.62 E2146.78069
G1 X82.863 Y108.226 E2146.82093
G1 X83.305 Y108.011 E2146.85362
G1 X83.838 Y107.898 E2146.88986
G1 X84.433 Y107.92 E2146.92947
G1 X84.973 Y108.13 E2146.96801
G1 X85.394 Y108.422 E2147.00209
G1 X85.722 Y108.777 E2147.03425
G1 X85.839 Y108.965 E2147.04898
G1 F2430.4 X86.024 Y109.455 E2147.08338
G1 F2526.3 X86.092 Y110.086 E2147.12349
G1 F2487 X85.971 Y110.725 E2147.16524
G1 F2400 X85.75 Y111.179 E2147.19882
G1 X85.42 Y111.555 E2147.2321
G1 X84.974 Y111.865 E2147.26823
G1 X84.578 Y112.02 E2147.29652
G1 X84.079 Y112.112 E2147.33027
G0 F12000 X84.133 Y112.418
G0 X85.599 Y112.532
G1 F1791 X85.565 Y112.474 E2147.33627
G1 X85.498 Y112.474 E2147.34224
G1 X85.465 Y112.532 E2147.34819
G1 X85.499 Y112.59 E2147.35418
G1 X85.566 Y112.59 E2147.36015
G1 X85.599 Y112.532 E2147.3661
G0 F12000 X79.162 Y113.162
G0 X79 Y114
G1 F2400 X79.199 Y113.399 E2147.40821
G1 X79.615 Y113.076 E2147.44325
G1 X80 Y113 E2147.46935
G1 X82.793 Y112.999 E2147.65514
G1 F2341.5 X83.246 Y112.99 E2147.68604
G1 F2152.5 X83.523 Y112.964 E2147.70667
G1 F2091.5 X84.044 Y112.977 E2147.74645
G1 F2123.9 X84.272 Y112.972 E2147.7636
G1 F2232.6 X84.647 Y112.999 E2147.79048
G1 F2388.1 X86 Y113 E2147.88093
G1 F2400 X86 Y111.5 E2147.98071
G1 X85.689 Y111.855 E2148.01211
G1 X85.164 Y112.22 E2148.05464
G1 X84.777 Y112.372 E2148.0823
G1 F2222.2 X84.153 Y112.539 E2148.12871
G1 F2051.3 X83.55 Y112.494 E2148.17577
G1 F2201.8 X82.916 Y112.262 E2148.22472
G1 F2400 X82.58 Y112.065 E2148.25063
G1 X82.192 Y111.721 E2148.28512
G1 X82.023 Y111.527 E2148.30224
G1 X81.78 Y111.16 E2148.33152
G1 X81.577 Y110.647 E2148.36822
G1 X81.508 Y110.404 E2148.38502
G1 X81.508 Y109.716 E2148.43078
G1 X81.576 Y109.352 E2148.45542
G1 X81.778 Y108.831 E2148.49259
G1 X82.027 Y108.463 E2148.52214
G1 X82.204 Y108.265 E2148.53981
G1 X82.544 Y107.973 E2148.56962
G1 X82.757 Y107.832 E2148.58662
G1 F2313.3 X83.129 Y107.651 E2148.61517
G1 F2162.2 X83.771 Y107.47 E2148.66442
G1 F2091.5 X84.349 Y107.487 E2148.70856
G1 F2232.6 X84.672 Y107.584 E2148.73267
G1 F2400 X85.163 Y107.776 E2148.76774
G1 X85.658 Y108.118 E2148.80777
G1 X86 Y108.489 E2148.84133
G1 X86 Y107 E2148.94038
G1 X84.781 Y107 E2149.02147
G1 F2232.6 X84.357 Y107.029 E2149.05186
G1 F2082.4 X83.634 Y107.032 E2149.10729
G1 F2222.2 X83.229 Y107 E2149.13647
G1 F2400 X80 Y107 E2149.35127
G1 X79.614 Y106.924 E2149.37744
G1 X79.199 Y106.599 E2149.4125
G1 F2352.9 X79.007 Y106.174 E2149.44414
G1 X78.999 Y106.666 E2149.47753
G1 F2400 X79 Y114 E2149.96539
G1 F2700 E2144.96539
G0 F12000 X79.162 Y146.838
G0 X80 Y147
G1 F2700 E2149.96539
G1 F2487 X79.303 Y146.697 E2150.01418
G1 F2436.5 X79.007 Y146.174 E2150.05355
G1 X78.986 Y147.014 E2150.10861
G1 F2487 X80 Y147 E2150.17371
G1 F2700 E2145.17371
G0 F12000 X110 Y147.09
G0 X110 Y147.4
G1 F2700 E2150.17371
G1 F2400 X141.4 Y147.4 E2152.26244
G1 X141.4 Y72.6 E2157.23816
G1 X78.6 Y72.6 E2161.41563
G1 X78.601 Y147.399 E2166.39128
G1 X110 Y147.4 E2168.47995
G0 F12000 X110 Y146.6
G1 F2400 X80 Y146.6 E2170.47556
G1 X79.575 Y146.425 E2170.50613
G1 X79.4 Y146.089 E2170.53133
G1 X79.4 Y114 E2172.6659
G1 X79.519 Y113.639 E2172.69119
G1 X79.769 Y113.446 E2172.7122
G1 X80 Y113.4 E2172.72787
G1 X86.4 Y113.4 E2173.1536
G1 X86.4 Y110.727 E2173.3314
G1 F2500 X86.432 Y110.066 E2173.37366
G1 F2539.7 X86.406 Y109.318 E2173.42071
G1 F2436.5 X86.4 Y106.6 E2173.5988
G1 F2400 X80 Y106.6 E2174.02453
G1 X79.768 Y106.554 E2174.04027
G1 X79.519 Y106.36 E2174.06126
G1 X79.4 Y106.086 E2174.08114
G1 X79.4 Y82 E2175.68334
G1 X79.519 Y81.639 E2175.70863
G1 X79.769 Y81.446 E2175.72964
G1 X80 Y81.4 E2175.7453
G1 X82.961 Y81.399 E2175.94227
G1 F2573.7 X84.044 Y81.427 E2176.00947
G1 F2580.6 X84.555 Y81.4 E2176.04113
G1 F2406 X86.4 Y81.4 E2176.16355
G1 F2400 X86.4 Y79.727 E2176.27484
G1 F2566.8 X86.427 Y79.169 E2176.30959
G1 X86.4 Y77.859 E2176.39108
G1 F2400 X86.4 Y74 E2176.64778
G1 X86.446 Y73.768 E2176.66352
G1 X86.64 Y73.519 E2176.68451
G1 X86.914 Y73.4 E2176.70438
G1 X133 Y73.4 E2179.77004
G1 X133.361 Y73.519 E2179.79532
G1 X133.554 Y73.769 E2179.81633
G1 X133.6 Y74 E2179.832
G1 X133.6 Y78.037 E2180.10054
G1 F2566.8 X133.574 Y79.012 E2180.16121
G1 X133.6 Y80.184 E2180.23412
G1 F2400 X133.601 Y81.399 E2180.31494
G1 F2418.1 X135.358 Y81.403 E2180.43094
G1 F2566.8 X135.948 Y81.424 E2180.46766
G1 F2553.2 X136.858 Y81.4 E2180.52458
G1 F2400 X140 Y81.4 E2180.73359
G1 X140.232 Y81.445 E2180.74931
G1 X140.481 Y81.639 E2180.7703
G1 X140.6 Y82 E2180.79559
G1 X140.6 Y106.085 E2182.39773
G1 X140.482 Y106.36 E2182.41764
G1 X140.232 Y106.554 E2182.43869
G1 X140 Y106.6 E2182.45442
G1 X133.6 Y106.6 E2182.88015
G1 X133.6 Y109.037 E2183.04226
G1 F2566.8 X133.574 Y110.012 E2183.10292
G1 F2608.7 X133.594 Y110.713 E2183.14584
G1 F2436.5 X133.6 Y113.4 E2183.3219
G1 F2400 X140 Y113.4 E2183.74763
G1 X140.232 Y113.445 E2183.76335
G1 X140.481 Y113.639 E2183.78435
G1 X140.6 Y114 E2183.80963
G1 X140.6 Y146.089 E2185.9442
G1 X140.424 Y146.424 E2185.96937
G1 X140.089 Y146.6 E2185.99454
G1 X110 Y146.6 E2187.99607
G0 F12000 X110 Y146.199
;TYPE:WALL-OUTER
G1 F2400 X80 Y146.2 E2189.99168
G1 X79.858 Y146.142 E2190.00188
G1 X79.802 Y146.035 E2190.00992
G1 X79.8 Y114 E2192.1409
G1 X79.839 Y113.879 E2192.14935
G1 X79.943 Y113.8 E2192.15804
G1 X86.8 Y113.8 E2192.61417
G1 X86.8 Y106.2 E2193.11972
G1 X79.941 Y106.2 E2193.57599
G1 X79.839 Y106.12 E2193.58461
G1 X79.802 Y106.035 E2193.59078
G1 X79.8 Y82 E2195.18959
G1 X79.839 Y81.879 E2195.19805
G1 X79.943 Y81.8 E2195.20673
G1 X86.8 Y81.8 E2195.66286
G1 X86.8 Y73.941 E2196.18565
G1 X86.88 Y73.839 E2196.19427
G1 X86.965 Y73.802 E2196.20044
G1 X133 Y73.8 E2199.2627
G1 X133.121 Y73.839 E2199.27115
G1 X133.2 Y73.943 E2199.27984
G1 X133.201 Y81.799 E2199.80242
G1 X140.059 Y81.8 E2200.25862
G1 X140.161 Y81.879 E2200.2672
G1 X140.2 Y82 E2200.27566
G1 X140.198 Y106.035 E2201.87447
G1 X140.161 Y106.12 E2201.88064
G1 X140.059 Y106.2 E2201.88926
G1 X133.2 Y106.2 E2202.34553
G1 X133.2 Y113.8 E2202.85108
G1 X140.059 Y113.8 E2203.30734
G1 X140.161 Y113.879 E2203.31593
G1 X140.2 Y114 E2203.32438
G1 X140.198 Y146.035 E2205.45536
G1 X140.142 Y146.142 E2205.46339
G1 X140.035 Y146.198 E2205.47143
G1 X110 Y146.199 E2207.46936
G0 F12000 X110 Y146.91
G0 X110 Y147.8
G1 F2400 X141.8 Y147.8 E2209.58471
G1 X141.8 Y72.2 E2214.61364
G1 X78.2 Y72.2 E2218.84433
G1 X78.201 Y147.799 E2223.87319
G1 X110 Y147.8 E2225.98847
G1 F2700 E2220.98847
G0 F12000 X110 Y147.09
G0 X140.838 Y146.838
G0 X140.838 Y113.162
G0 X135.94 Y112.407
G0 X135.904 Y111.696
G1 F2700 E2225.98847
G1 F2400 X135.429 Y111.615 E2226.02053
G1 X134.953 Y111.357 E2226.05654
G1 X134.558 Y110.937 E2226.09489
G1 X134.344 Y110.445 E2226.13058
G1 X134.297 Y110.035 E2226.15804
G1 X134.339 Y109.629 E2226.18519
G1 X134.49 Y109.213 E2226.21463
G1 X134.688 Y108.898 E2226.23938
G1 X135.098 Y108.534 E2226.27585
G1 X135.545 Y108.358 E2226.3078
G1 X135.965 Y108.3 E2226.33601
G1 X136.445 Y108.339 E2226.36804
G1 X136.845 Y108.526 E2226.39741
G1 X137.196 Y108.772 E2226.42593
G1 X137.461 Y109.133 E2226.45572
G1 X137.651 Y109.531 E2226.48505
G1 X137.708 Y110.068 E2226.52098
G1 X137.603 Y110.577 E2226.55555
G1 X137.442 Y110.894 E2226.5792
G1 X137.237 Y111.166 E2226.60185
G1 X136.949 Y111.406 E2226.62679
G1 X136.536 Y111.611 E2226.65746
G1 X136.279 Y111.674 E2226.67507
G1 X135.904 Y111.696 E2226.70005
G1 F2700 E2221.70005
G0 F12000 X135.94 Y112.407
G0 X134.798 Y111.56
G0 X134.346 Y111.071
G0 X134.101 Y110.51
G0 X134.048 Y110.017
G0 X134.088 Y109.6
G0 X134.254 Y109.126
G0 X135.936 Y106.449
G0 X140.438 Y106.438
G0 X140.438 Y81.562
G0 X135.92 Y81.007
G0 X135.904 Y80.696
G1 F2700 E2226.70005
G1 F2400 X135.429 Y80.616 E2226.7321
G1 X134.951 Y80.356 E2226.76829
G1 X134.558 Y79.937 E2226.80651
G1 X134.344 Y79.445 E2226.84219
G1 X134.297 Y79.035 E2226.86965
G1 X134.339 Y78.629 E2226.8968
G1 X134.49 Y78.213 E2226.92624
G1 X134.688 Y77.898 E2226.95099
G1 X135.098 Y77.534 E2226.98746
G1 X135.549 Y77.358 E2227.01966
G1 X135.933 Y77.3 E2227.0455
G1 X136.444 Y77.339 E2227.07959
G1 X136.845 Y77.526 E2227.10902
G1 X137.192 Y77.769 E2227.1372
G1 X137.461 Y78.133 E2227.16731
G1 X137.651 Y78.531 E2227.19664
G1 X137.708 Y79.068 E2227.23257
G1 X137.592 Y79.597 E2227.26859
G1 X137.442 Y79.894 E2227.29072
G1 X137.236 Y80.166 E2227.31342
G1 X136.949 Y80.406 E2227.33831
G1 X136.536 Y80.611 E2227.36898
G1 X136.279 Y80.674 E2227.38658
G1 X135.904 Y80.696 E2227.41157
G1 F2700 E2222.41157
G0 F12000 X135.92 Y81.007
G0 X133.448 Y80.269
G0 X133.438 Y73.562
G0 X86.562 Y73.562
G0 X86.553 Y79.722
G0 X84.823 Y81.172
G0 X84.052 Y80.711
G1 F2700 E2227.41157
G1 F2400 X83.606 Y80.654 E2227.44148
G1 X83.141 Y80.493 E2227.47421
G1 X82.689 Y80.084 E2227.51476
G1 X82.485 Y79.77 E2227.53967
G1 X82.31 Y79.315 E2227.5721
G1 X82.308 Y78.676 E2227.6146
G1 X82.506 Y78.183 E2227.64994
G1 X82.704 Y77.89 E2227.67347
G1 X83.072 Y77.574 E2227.70573
G1 X83.458 Y77.388 E2227.73424
G1 X83.861 Y77.303 E2227.76163
G1 X84.35 Y77.317 E2227.79418
G1 X84.761 Y77.477 E2227.82351
G1 X85.144 Y77.74 E2227.85442
G1 X85.454 Y78.076 E2227.88483
G1 X85.646 Y78.58 E2227.92071
G1 X85.716 Y79.04 E2227.95166
G1 X85.591 Y79.583 E2227.98872
G1 X85.416 Y79.953 E2228.01595
G1 X85.131 Y80.269 E2228.04426
G1 X84.761 Y80.519 E2228.07396
G1 X84.449 Y80.637 E2228.09615
G1 X84.052 Y80.711 E2228.12301
G1 F2700 E2223.12301
G0 F12000 X84.823 Y81.172
G0 X79.562 Y81.562
G0 X79.562 Y106.438
G0 X84.902 Y108.268
G0 X85.292 Y108.536
G0 X85.667 Y108.941
G0 X85.885 Y109.493
G0 X85.977 Y110.059
G0 X85.824 Y110.693
G0 X85.629 Y111.096
G0 X85.373 Y111.378
G0 X83.963 Y112.415
G0 X84.049 Y111.71
G1 F2700 E2228.12301
G1 F2400 X83.648 Y111.663 E2228.14987
G1 X83.143 Y111.494 E2228.18529
G1 X82.723 Y111.122 E2228.22262
G1 X82.505 Y110.807 E2228.2481
G1 X82.31 Y110.315 E2228.2833
G1 X82.308 Y109.676 E2228.32581
G1 X82.506 Y109.183 E2228.36115
G1 X82.704 Y108.89 E2228.38467
G1 X83.065 Y108.58 E2228.41633
G1 X83.458 Y108.388 E2228.44542
G1 X83.861 Y108.303 E2228.47282
G1 X84.35 Y108.317 E2228.50536
G1 X84.761 Y108.477 E2228.5347
G1 X85.144 Y108.74 E2228.56561
G1 X85.454 Y109.076 E2228.59602
G1 X85.646 Y109.58 E2228.63189
G1 X85.716 Y110.04 E2228.66284
G1 X85.591 Y110.583 E2228.69991
G1 X85.416 Y110.953 E2228.72714
G1 X85.131 Y111.269 E2228.75544
G1 X84.761 Y111.519 E2228.78515
G1 X84.449 Y111.637 E2228.80734
G1 X84.049 Y111.71 E2228.83438
G0 F12000 X83.963 Y112.415
G0 X82.813 Y112.067
G0 X82.274 Y111.591
G0 X81.036 Y109.688
;TYPE:FILL
G1 F4800 X79.48 Y110.105 E2228.94154
G0 F12000 X81.144 Y109.141
G1 F4800 X79.48 Y107.477 E2229.09808
G0 F12000 X81.476 Y107.48
G1 F4800 X80.126 Y112.521 E2229.44523
G1 F2700 E2224.44523
G0 F12000 X79.162 Y106.838
G0 X79.162 Y81.162
G0 X79.48 Y79.047
G1 F2700 E2229.44523
G1 F4800 X81.047 Y78.627 E2229.55314
G0 F12000 X82.423 Y76.479
G1 F4800 X79.48 Y73.536 E2229.83
G0 F12000 X84.375 Y73.48
G1 F4800 X83.689 Y76.039 E2230.00624
G1 F2700 E2225.00624
G0 F12000 X86.162 Y73.162
G0 X133.838 Y73.162
G0 X136.747 Y76.125
G1 F2700 E2230.00624
G1 F4800 X140.519 Y75.114 E2230.26601
G1 X140.52 Y75.179
G1 X138.821 Y73.48 E2230.42584
G0 F12000 X140.28 Y73.48
G1 F4800 X138.935 Y78.498 E2230.77142
G1 F2700 E2225.77142
G0 F12000 X140.838 Y81.162
G0 X140.838 Y106.838
G0 X138.88 Y107.48
G1 F2700 E2230.77142
G1 F4800 X140.521 Y109.121 E2230.9258
G0 F12000 X140.519 Y112.384
G1 F4800 X140.003 Y112.523 E2230.96134
G1 F2700 E2225.96134
;MESH:NONMESH
G0 F300 Z31.8
G0 F12000 X140.838 Y106.838
G0 X140.838 Y81.162
G0 X137.655 Y77.304
G0 X133.838 Y73.162
G0 X86.162 Y73.162
G0 X82.969 Y76.641
G0 X79.4 Y80.755
;TIME_ELAPSED:6435.395032
;LAYER:79
;TYPE:WALL-INNER
;MESH:tank_trainer_body.stl
G1 F2700 E2230.96134
G1 F2400 X79.461 Y80.707 E2230.96651
G1 X80 Y80.6 E2231.00306
G1 X81.59 Y80.599 E2231.10883
G1 X81.492 Y80.467 E2231.11977
G1 X81.265 Y79.989 E2231.15497
G1 X81.136 Y79.478 E2231.19002
G1 X81.095 Y78.909 E2231.22797
G1 X81.184 Y78.33 E2231.26694
G1 X81.284 Y77.985 E2231.29083
G1 X81.404 Y77.709 E2231.31085
G1 X81.559 Y77.44 E2231.33151
G1 X81.779 Y77.139 E2231.35631
G1 X82.033 Y76.874 E2231.38072
G1 X82.353 Y76.618 E2231.40798
G1 X82.639 Y76.441 E2231.43036
G1 X82.914 Y76.314 E2231.45051
G1 X83.239 Y76.209 E2231.47323
G1 X83.842 Y76.093 E2231.51407
G1 X84.482 Y76.136 E2231.55674
G1 X84.957 Y76.255 E2231.58932
G1 X85.328 Y76.424 E2231.61643
G1 X85.6 Y76.584 E2231.63743
G1 X85.6 Y74 E2231.80931
G1 X85.707 Y73.46 E2231.84593
G1 X85.755 Y73.4 E2231.85105
G1 X79.4 Y73.4 E2232.27378
G1 X79.4 Y80.755 E2232.76304
G0 F12000 X79.207 Y81.084
G0 X79 Y82
G1 F2400 X79.199 Y81.399 E2232.80515
G1 X79.615 Y81.076 E2232.84019
G1 X80 Y81 E2232.86629
G1 X82.478 Y80.999 E2233.03113
G1 X82.163 Y80.702 E2233.05993
G1 X81.814 Y80.23 E2233.09898
G1 X81.652 Y79.888 E2233.12415
G1 X81.53 Y79.409 E2233.15703
G1 X81.496 Y78.928 E2233.1891
G1 X81.579 Y78.391 E2233.22525
G1 X81.651 Y78.145 E2233.2423
G1 X81.814 Y77.768 E2233.26962
G1 X82.101 Y77.376 E2233.30194
G1 X82.283 Y77.187 E2233.31939
G1 X82.699 Y76.854 E2233.35484
G1 X83.192 Y76.626 E2233.39097
G1 X83.869 Y76.495 E2233.43684
G1 X84.453 Y76.534 E2233.47578
G1 X84.792 Y76.62 E2233.49904
G1 X85.261 Y76.833 E2233.53331
G1 X85.629 Y77.096 E2233.56339
G1 X86 Y77.489 E2233.59935
G1 X86 Y74 E2233.83143
G1 X86.076 Y73.614 E2233.8576
G1 X86.401 Y73.199 E2233.89267
G1 F2352.9 X86.826 Y73.007 E2233.92431
G1 X86.334 Y72.999 E2233.9577
G1 F2400 X79 Y73 E2234.44556
G1 X79 Y82 E2235.04424
G1 X79 Y106 E2236.64073
G1 F2352.9 X79.007 Y106.174 E2236.65254
G0 F12000 X79.4 Y112.755
G1 F2400 X79.461 Y112.707 E2236.65771
G1 X80 Y112.6 E2236.69426
G1 X82.694 Y112.6 E2236.87346
G1 X82.207 Y112.283 E2236.91212
G1 X81.841 Y111.939 E2236.94553
G1 X81.493 Y111.467 E2236.98454
G1 X81.302 Y111.137 E2237.0099
G1 X81.136 Y110.478 E2237.05511
G1 X81.095 Y109.909 E2237.09306
G1 X81.184 Y109.33 E2237.13203
G1 X81.284 Y108.985 E2237.15592
G1 X81.404 Y108.709 E2237.17594
G1 X81.558 Y108.44 E2237.19656
G1 X81.778 Y108.14 E2237.2213
G1 X82.033 Y107.874 E2237.24582
G1 X82.353 Y107.619 E2237.27304
G1 X82.705 Y107.4 E2237.30061
G1 X80 Y107.4 E2237.48055
G1 X79.46 Y107.293 E2237.51717
G1 X79.4 Y107.245 E2237.52228
G1 X79.4 Y112.755 E2237.88881
G0 F12000 X79.207 Y113.084
G0 X79 Y114
G1 F2400 X79 Y146 E2240.01746
G1 F2352.9 X79.007 Y146.174 E2240.02927
G0 F12000 X79.162 Y146.838
G0 X80 Y147
G1 F2400 X140 Y147 E2244.02049
G1 F2352.9 X140.174 Y146.993 E2244.0323
G1 F2436.5 X141.014 Y147.014 E2244.08736
G1 F2442.7 X140.993 Y146.174 E2244.14228
G1 X140.697 Y146.697 E2244.18155
G1 F2436.5 X140.174 Y146.993 E2244.22093
G0 F12000 X140.838 Y146.838
G0 X140.993 Y146.174
G1 F2358.7 X141 Y146 E2244.23271
G1 F2400 X141 Y114 E2246.36136
G0 F12000 X140.854 Y113.246
G0 X140.6 Y112.754
G1 F2400 X140.6 Y107.246 E2246.72776
G1 X140.54 Y107.293 E2246.73283
G1 X140 Y107.4 E2246.76945
G1 X137.306 Y107.399 E2246.94865
G1 X137.75 Y107.692 E2246.98404
G1 X138.012 Y107.918 E2247.00705
G1 X138.332 Y108.27 E2247.0387
G1 X138.605 Y108.713 E2247.07331
G1 X138.753 Y109.101 E2247.10094
G1 X138.824 Y109.36 E2247.1188
G1 X138.898 Y109.789 E2247.14776
G1 X138.885 Y110.461 E2247.19247
G1 X138.798 Y110.774 E2247.21408
G1 X138.632 Y111.218 E2247.24561
G1 X138.45 Y111.549 E2247.27074
G1 X138.178 Y111.917 E2247.30118
G1 X137.855 Y112.231 E2247.33114
G1 X137.495 Y112.483 E2247.36038
G1 X137.27 Y112.599 E2247.37722
G1 X140 Y112.6 E2247.55882
G1 X140.54 Y112.706 E2247.59542
G1 X140.6 Y112.754 E2247.60053
G0 F12000 X136.054 Y112.41
G0 X136.071 Y112.104
G1 F2400 X135.761 Y112.084 E2247.6212
G1 X135.363 Y112.005 E2247.64819
G1 X135.023 Y111.86 E2247.67278
G1 X134.544 Y111.541 E2247.71106
G1 X134.2 Y111.09 E2247.74879
G1 F2461.5 X133.972 Y110.547 E2247.78699
G1 F2553.2 X133.911 Y109.874 E2247.82924
G1 F2487 X134.024 Y109.267 E2247.86888
G1 F2400 X134.308 Y108.743 E2247.90852
G1 X134.715 Y108.307 E2247.9482
G1 X135.368 Y107.969 E2247.99711
G1 X136.071 Y107.884 E2248.04421
G1 X136.586 Y107.98 E2248.07906
G1 X136.948 Y108.12 E2248.10488
G1 X137.368 Y108.399 E2248.13842
G1 X137.74 Y108.808 E2248.1752
G1 X137.857 Y108.998 E2248.19004
G1 X138.027 Y109.443 E2248.22173
G1 X138.098 Y109.855 E2248.24954
G1 X138.079 Y110.415 E2248.28681
G1 X137.857 Y111.005 E2248.32875
G1 X137.478 Y111.519 E2248.37123
G1 X136.97 Y111.875 E2248.41249
G1 X136.489 Y112.046 E2248.44645
G1 X136.071 Y112.104 E2248.47452
G0 F12000 X136.054 Y112.41
G0 X134.535 Y112.532
G1 F1791 X134.501 Y112.474 E2248.48051
G1 X134.434 Y112.474 E2248.48649
G1 X134.401 Y112.532 E2248.49243
G1 X134.435 Y112.59 E2248.49843
G1 X134.502 Y112.59 E2248.5044
G1 X134.535 Y112.532 E2248.51035
G0 F12000 X136.547 Y112.29
G0 X137.085 Y112.104
G0 X137.653 Y111.7
G0 X138.08 Y111.128
G0 X138.268 Y110.624
G0 X138.347 Y109.832
G0 X138.271 Y109.379
G0 X138.033 Y108.763
G0 X137.538 Y108.215
G0 X137.065 Y107.9
G0 X136.654 Y107.74
G0 X134.53 Y107.464
G1 F1818.2 X134.497 Y107.407 E2248.51613
G1 X134.431 Y107.407 E2248.52193
G1 X134.398 Y107.464 E2248.52771
G1 X134.431 Y107.521 E2248.53349
G1 X134.497 Y107.521 E2248.53929
G1 X134.53 Y107.464 E2248.54507
G0 F12000 X136.654 Y107.74
G0 X137.065 Y107.9
G0 X137.538 Y108.215
G0 X138.033 Y108.763
G0 X140.838 Y113.162
G0 X141 Y114
G1 F2400 X141 Y106.666 E2249.03293
G1 F2358.7 X140.993 Y106.174 E2249.06623
G1 X140.802 Y106.6 E2249.09783
G1 F2400 X140.386 Y106.924 E2249.13291
G1 X140 Y107 E2249.15908
G1 X136.658 Y107 E2249.38139
G1 F2248.2 X136.267 Y107.028 E2249.40923
G1 F2138.1 X136.036 Y107.022 E2249.42648
G1 F2064.5 X135.326 Y107.043 E2249.48141
G1 F2167 X134.927 Y107.001 E2249.51097
G1 F2400 X134 Y107 E2249.57263
G1 X134 Y108.487 E2249.67155
G1 X134.353 Y108.109 E2249.70595
G1 X134.624 Y107.904 E2249.72855
G1 F2167 X135.367 Y107.524 E2249.79003
G1 F2008.4 X136.146 Y107.456 E2249.85219
G1 F2206.9 X136.782 Y107.627 E2249.89984
G1 F2400 X137.132 Y107.763 E2249.92482
G1 X137.631 Y108.094 E2249.96465
G1 X138.036 Y108.539 E2250.00467
G1 X138.231 Y108.855 E2250.02937
G1 X138.413 Y109.333 E2250.0634
G1 X138.498 Y109.819 E2250.09622
G1 X138.485 Y110.471 E2250.1396
G1 X138.258 Y111.075 E2250.18252
G1 X138.129 Y111.311 E2250.20041
G1 X137.857 Y111.679 E2250.23085
G1 X137.626 Y111.904 E2250.2523
G1 X137.266 Y112.156 E2250.28153
G1 X137.028 Y112.279 E2250.29935
G1 F2181.8 X136.524 Y112.485 E2250.33919
G1 F2064.5 X136.052 Y112.525 E2250.37582
G1 F2077.9 X135.581 Y112.497 E2250.41208
G1 F2142.9 X135.326 Y112.417 E2250.43199
G1 F2330.1 X134.833 Y112.215 E2250.46849
G1 F2400 X134.405 Y111.928 E2250.50277
G1 X134.166 Y111.705 E2250.52451
G1 X134 Y111.486 E2250.54279
G1 X134 Y113 E2250.64351
G1 X135.009 Y113 E2250.71062
G1 F2201.8 X135.532 Y112.964 E2250.74864
G1 F2077.9 X136.052 Y112.975 E2250.7886
G1 F2064.5 X136.565 Y112.96 E2250.82828
G1 F2096.1 X136.783 Y112.982 E2250.84497
G1 F2296.7 X137.152 Y112.999 E2250.87065
G1 F2400 X140 Y113 E2251.0601
G1 X140.386 Y113.076 E2251.08627
G1 X140.801 Y113.399 E2251.12125
G1 X141 Y114 E2251.16336
G0 F12000 X140.993 Y106.174
G1 F2358.7 X141 Y106 E2251.17515
G1 F2400 X141 Y82 E2252.77164
G0 F12000 X140.854 Y81.246
G0 X140.6 Y80.754
G1 F2400 X140.6 Y73.4 E2253.26083
G1 X134.245 Y73.4 E2253.68356
G1 X134.293 Y73.461 E2253.68873
G1 X134.4 Y74 E2253.72528
G1 X134.4 Y76.569 E2253.89617
G1 X134.904 Y76.308 E2253.93393
G1 X135.366 Y76.163 E2253.96614
G1 X135.982 Y76.083 E2254.00746
G1 X136.295 Y76.111 E2254.02836
G1 X136.679 Y76.183 E2254.05435
G1 X136.926 Y76.254 E2254.07145
G1 X137.174 Y76.35 E2254.08914
G1 X137.441 Y76.488 E2254.10913
G1 X137.767 Y76.705 E2254.13518
G1 X138.013 Y76.918 E2254.15683
G1 X138.332 Y77.27 E2254.18843
G1 X138.604 Y77.712 E2254.22295
G1 X138.753 Y78.101 E2254.25066
G1 X138.824 Y78.36 E2254.26852
G1 X138.898 Y78.789 E2254.29748
G1 X138.885 Y79.46 E2254.34212
G1 X138.799 Y79.773 E2254.36372
G1 X138.635 Y80.21 E2254.39477
G1 X138.423 Y80.599 E2254.42424
G1 X140 Y80.6 E2254.52914
G1 X140.54 Y80.706 E2254.56575
G1 X140.6 Y80.754 E2254.57086
G0 F12000 X140.793 Y81.084
G0 X141 Y82
G1 F2400 X141 Y73 E2255.16954
G1 X133 Y73 E2255.7017
G1 X133.601 Y73.199 E2255.74381
G1 X133.924 Y73.615 E2255.77885
G1 X134 Y74 E2255.80495
G1 X134 Y77.487 E2256.03691
G1 X134.353 Y77.109 E2256.07131
G1 X134.624 Y76.904 E2256.09392
G1 X135.088 Y76.663 E2256.1287
G1 X135.418 Y76.56 E2256.15169
G1 X136.071 Y76.475 E2256.1955
G1 X136.699 Y76.595 E2256.23803
G1 X137.131 Y76.762 E2256.26884
G1 X137.637 Y77.099 E2256.30928
G1 X138.036 Y77.539 E2256.34879
G1 X138.231 Y77.855 E2256.37349
G1 X138.413 Y78.333 E2256.40751
G1 X138.498 Y78.819 E2256.44033
G1 X138.485 Y79.469 E2256.48358
G1 X138.261 Y80.069 E2256.52618
G1 X138.129 Y80.311 E2256.54452
G1 X137.857 Y80.679 E2256.57496
G1 X137.527 Y81 E2256.60558
G1 X140 Y81 E2256.77009
G1 X140.386 Y81.076 E2256.79626
G1 X140.801 Y81.399 E2256.83124
G1 X141 Y82 E2256.87335
G0 F12000 X140.838 Y81.162
G0 X136.815 Y81.174
G0 X136.052 Y81.075
G1 F2681.6 X135.677 Y81.055 E2256.89571
G1 F2566.8 X135.347 Y80.998 E2256.91654
G1 F2480.6 X135.023 Y80.86 E2256.93921
G1 F2442.7 X134.552 Y80.546 E2256.9762
G1 F2424.2 X134.201 Y80.092 E2257.01399
G1 F2467.9 X133.972 Y79.548 E2257.05218
G1 F2553.2 X133.911 Y78.874 E2257.09449
G1 F2487 X134.024 Y78.267 E2257.13413
G1 F2400 X134.308 Y77.743 E2257.17377
G1 X134.715 Y77.307 E2257.21345
G1 X135.272 Y77.019 E2257.25516
G1 X135.47 Y76.957 E2257.26896
G1 X136.071 Y76.884 E2257.30924
G1 X136.586 Y76.98 E2257.34408
G1 X136.948 Y77.12 E2257.3699
G1 X137.371 Y77.401 E2257.40368
G1 X137.74 Y77.808 E2257.44023
G1 X137.857 Y77.998 E2257.45507
G1 X138.027 Y78.443 E2257.48676
G1 X138.098 Y78.855 E2257.51457
G1 X138.079 Y79.415 E2257.55184
G1 X137.857 Y80.006 E2257.59384
G1 X137.476 Y80.521 E2257.63645
G1 X136.967 Y80.877 E2257.67777
G1 F2506.5 X136.488 Y81.035 E2257.70989
G1 F2681.6 X136.052 Y81.075 E2257.73596
G1 F2700 E2252.73596
G0 F12000 X136.815 Y81.174
G0 X134.215 Y80.868
G1 F2700 E2257.73596
G1 F1445.8 X134.173 Y80.796 E2257.74517
G1 X134.09 Y80.796 E2257.75433
G1 X134.049 Y80.868 E2257.76348
G1 X134.091 Y80.94 E2257.77268
G1 X134.174 Y80.94 E2257.78185
G1 X134.215 Y80.868 E2257.791
G1 F2700 E2252.791
G0 F12000 X133.438 Y73.562
G0 X133 Y73
G1 F2700 E2257.791
G1 F2400 X87 Y73 E2260.85093
G1 F2352.9 X86.826 Y73.007 E2260.86275
G1 F2700 E2255.86275
G0 F12000 X86.588 Y73.507
G0 X86.03 Y81.03
G1 F2700 E2260.86275
G1 F2815.2 X86.03 Y80.406 E2260.89813
G1 X85.865 Y80.625 E2260.91368
G1 X85.416 Y81.03 E2260.94797
G1 X86.03 Y81.03 E2260.98279
G1 F2700 E2255.98279
G0 F12000 X83.182 Y81.172
G0 X83.96 Y81.081
G1 F2700 E2260.98279
G1 F2608.7 X83.447 Y81.021 E2261.0144
G1 F2424.2 X83.049 Y80.877 E2261.04227
G1 F2400 X82.641 Y80.612 E2261.07464
G1 X82.485 Y80.465 E2261.08889
G1 X82.136 Y79.993 E2261.12794
G1 X82.039 Y79.787 E2261.14309
G1 X81.924 Y79.34 E2261.17379
G1 X81.9 Y78.984 E2261.19753
G1 X81.986 Y78.376 E2261.23837
G1 X82.162 Y77.97 E2261.26781
G1 X82.472 Y77.548 E2261.30264
G1 X82.911 Y77.197 E2261.34003
G1 X83.318 Y77.008 E2261.36988
G1 X83.898 Y76.897 E2261.40916
G1 X84.528 Y76.94 E2261.45117
G1 X85.056 Y77.179 E2261.48972
G1 X85.371 Y77.403 E2261.51543
G1 X85.681 Y77.736 E2261.5457
G1 X85.946 Y78.185 E2261.58038
G1 F2513.1 X86.066 Y78.734 E2261.61608
G1 F2659.3 X86.064 Y79.248 E2261.64694
G1 F2526.3 X85.985 Y79.698 E2261.67581
G1 F2400 X85.755 Y80.168 E2261.71062
G1 X85.618 Y80.35 E2261.72577
G1 X85.205 Y80.722 E2261.76274
G1 X84.859 Y80.919 E2261.78923
G1 F2442.7 X84.47 Y81.037 E2261.8158
G1 F2623 X83.96 Y81.081 E2261.84695
G1 F2700 E2256.84695
G0 F12000 X83.182 Y81.172
G0 X79.162 Y81.162
G0 X79.162 Y106.838
G0 X85.602 Y107.464
G1 F2700 E2261.84695
G1 F1818.2 X85.569 Y107.407 E2261.85274
G1 X85.503 Y107.407 E2261.85853
G1 X85.47 Y107.464 E2261.86432
G1 X85.503 Y107.521 E2261.8701
G1 X85.569 Y107.521 E2261.87589
G1 X85.602 Y107.464 E2261.88168
G0 F12000 X83.892 Y107.645
G0 X83.238 Y107.77
G0 X82.783 Y107.984
G0 X82.29 Y108.378
G0 X81.946 Y108.85
G0 X81.75 Y109.305
G0 X81.646 Y109.95
G0 X81.677 Y110.375
G0 X81.844 Y111.011
G0 X82.378 Y111.743
G0 X82.832 Y112.033
G0 X83.871 Y112.419
G0 X83.927 Y112.112
G1 F2400 X83.443 Y112.027 E2261.91437
G1 X83.043 Y111.872 E2261.9429
G1 X82.641 Y111.612 E2261.97475
G1 X82.485 Y111.465 E2261.98901
G1 X82.068 Y110.899 E2262.03577
G1 X81.924 Y110.34 E2262.07417
G1 X81.9 Y109.984 E2262.09791
G1 X81.986 Y109.376 E2262.13875
G1 X82.162 Y108.97 E2262.16819
G1 X82.472 Y108.548 E2262.20302
G1 X82.911 Y108.197 E2262.24041
G1 X83.314 Y108.01 E2262.26996
G1 X83.898 Y107.897 E2262.30953
G1 X84.424 Y107.933 E2262.3446
G1 X84.627 Y107.985 E2262.35854
G1 X85.074 Y108.193 E2262.39134
G1 X85.37 Y108.402 E2262.41544
G1 X85.681 Y108.736 E2262.4458
G1 X85.946 Y109.185 E2262.48048
G1 F2513.1 X86.066 Y109.734 E2262.51618
G1 F2659.3 X86.064 Y110.248 E2262.54704
G1 F2526.3 X85.985 Y110.698 E2262.57591
G1 F2400 X85.755 Y111.168 E2262.61072
G1 X85.618 Y111.35 E2262.62587
G1 X85.205 Y111.722 E2262.66285
G1 X84.862 Y111.917 E2262.68909
G1 X84.44 Y112.052 E2262.71857
G1 X83.927 Y112.112 E2262.75292
G0 F12000 X83.871 Y112.419
G0 X85.599 Y112.533
G1 F1797.8 X85.566 Y112.476 E2262.75877
G1 X85.5 Y112.476 E2262.76463
G1 X85.467 Y112.533 E2262.77048
G1 X85.5 Y112.59 E2262.77633
G1 X85.566 Y112.59 E2262.78219
G1 X85.599 Y112.533 E2262.78804
G0 F12000 X79.162 Y113.162
G0 X79 Y114
G1 F2400 X79.199 Y113.399 E2262.83015
G1 X79.615 Y113.076 E2262.86519
G1 X80 Y113 E2262.89129
G1 F2388.1 X83.375 Y112.997 E2263.11692
G1 F2232.6 X83.74 Y112.972 E2263.14308
G1 F2133.3 X83.96 Y112.977 E2263.15955
G1 F2073.4 X84.557 Y112.96 E2263.20554
G1 F2181.8 X85.053 Y112.999 E2263.24194
G1 F2400 X86 Y113 E2263.30494
G1 X86 Y111.495 E2263.40505
G1 X85.885 Y111.647 E2263.41773
G1 X85.437 Y112.051 E2263.45786
G1 X85.115 Y112.234 E2263.4825
G1 F2181.8 X84.516 Y112.485 E2263.53002
G1 F2025.3 X83.854 Y112.54 E2263.58238
G1 F2212 X83.24 Y112.377 E2263.62823
G1 F2400 X82.865 Y112.234 E2263.65493
G1 X82.424 Y111.948 E2263.68989
G1 X82.163 Y111.702 E2263.71375
G1 X81.815 Y111.23 E2263.75276
G1 X81.679 Y110.996 E2263.77076
G1 X81.53 Y110.409 E2263.81105
G1 X81.496 Y109.928 E2263.84313
G1 X81.579 Y109.391 E2263.87927
G1 X81.651 Y109.145 E2263.89632
G1 X81.817 Y108.763 E2263.92403
G1 X82.101 Y108.376 E2263.95596
G1 X82.283 Y108.187 E2263.97341
G1 X82.699 Y107.854 E2264.00886
G1 F2313.3 X83.15 Y107.645 E2264.04316
G1 F2152.5 X83.823 Y107.469 E2264.09476
G1 F2064.5 X84.456 Y107.501 E2264.14377
G1 F2212 X84.792 Y107.62 E2264.1695
G1 F2400 X85.244 Y107.824 E2264.20249
G1 X85.627 Y108.094 E2264.23366
G1 X86 Y108.489 E2264.2698
G1 X86 Y107 E2264.36885
G1 X84.925 Y107.001 E2264.44036
G1 F2212 X84.472 Y107.034 E2264.47314
G1 F2096.1 X83.94 Y107.025 E2264.51366
G1 F2109.9 X83.723 Y107.03 E2264.53009
G1 F2232.6 X83.257 Y107 E2264.56348
G1 F2400 X80 Y107 E2264.78014
G1 X79.614 Y106.924 E2264.80631
G1 X79.199 Y106.599 E2264.84137
G1 F2352.9 X79.007 Y106.174 E2264.87301
G1 X78.999 Y106.666 E2264.9064
G1 F2400 X79 Y114 E2265.39426
G1 F2700 E2260.39426
G0 F12000 X79.162 Y146.838
G0 X80 Y147
G1 F2700 E2265.39426
G1 F2487 X79.303 Y146.697 E2265.44305
G1 F2436.5 X79.007 Y146.174 E2265.48242
G1 X78.986 Y147.014 E2265.53748
G1 F2487 X80 Y147 E2265.60257
G1 F2700 E2260.60257
G0 F12000 X110 Y147.09
G0 X110 Y147.4
G1 F2700 E2265.60257
G1 F2400 X141.4 Y147.4 E2267.69131
G1 X141.4 Y72.6 E2272.66703
G1 X78.6 Y72.6 E2276.8445
G1 X78.601 Y147.399 E2281.82015
G1 X110 Y147.4 E2283.90882
G0 F12000 X110 Y146.6
G1 F2400 X80 Y146.6 E2285.90443
G1 X79.575 Y146.425 E2285.935
G1 X79.4 Y146.089 E2285.9602
G1 X79.4 Y114 E2288.09477
G1 X79.519 Y113.639 E2288.12006
G1 X79.769 Y113.446 E2288.14107
G1 X80 Y113.4 E2288.15673
G1 X86.4 Y113.4 E2288.58246
G1 X86.4 Y110.693 E2288.76253
G1 F2526.3 X86.421 Y110.279 E2288.78873
G1 F2681.6 X86.422 Y109.815 E2288.81635
G1 F2539.7 X86.4 Y109.201 E2288.85498
G1 F2400 X86.4 Y106.6 E2289.028
G1 X80 Y106.6 E2289.45372
G1 X79.768 Y106.554 E2289.46946
G1 X79.519 Y106.36 E2289.49046
G1 X79.4 Y106.086 E2289.51033
G1 X79.4 Y82 E2291.11253
G1 X79.519 Y81.639 E2291.13782
G1 X79.769 Y81.446 E2291.15883
G1 X80 Y81.4 E2291.1745
G1 X83.01 Y81.4 E2291.37472
G1 F2573.7 X83.96 Y81.427 E2291.43367
G1 X84.889 Y81.4 E2291.49132
G1 F2400 X86.4 Y81.4 E2291.59184
G1 X86.4 Y79.693 E2291.70539
G1 F2526.3 X86.421 Y79.279 E2291.73158
G1 F2681.6 X86.422 Y78.815 E2291.75921
G1 F2539.7 X86.4 Y78.201 E2291.79783
G1 F2400 X86.4 Y74 E2292.07728
G1 X86.446 Y73.768 E2292.09301
G1 X86.64 Y73.519 E2292.11401
G1 X86.914 Y73.4 E2292.13388
G1 X133 Y73.4 E2295.19954
G1 X133.361 Y73.519 E2295.22482
G1 X133.554 Y73.769 E2295.24583
G1 X133.6 Y74 E2295.2615
G1 X133.6 Y78.284 E2295.54647
G1 F2580.6 X133.572 Y78.924 E2295.5861
G1 F2615.8 X133.595 Y79.7 E2295.63348
G1 F2430.4 X133.6 Y81.4 E2295.74515
G1 F2400 X135.216 Y81.4 E2295.85265
G1 F2533 X135.752 Y81.42 E2295.88646
G1 F2696.6 X136.154 Y81.424 E2295.91026
G1 F2539.7 X136.98 Y81.4 E2295.9622
G1 F2400 X140 Y81.4 E2296.1631
G1 X140.232 Y81.445 E2296.17882
G1 X140.481 Y81.639 E2296.19981
G1 X140.6 Y82 E2296.2251
G1 X140.6 Y106.085 E2297.82724
G1 X140.482 Y106.36 E2297.84714
G1 X140.232 Y106.554 E2297.86819
G1 X140 Y106.6 E2297.88393
G1 X133.6 Y106.6 E2298.30966
G1 X133.6 Y109.284 E2298.4882
G1 F2580.6 X133.572 Y109.924 E2298.52783
G1 F2615.8 X133.595 Y110.7 E2298.57521
G1 F2430.4 X133.6 Y113.4 E2298.75257
G1 F2400 X140 Y113.4 E2299.1783
G1 X140.232 Y113.445 E2299.19402
G1 X140.481 Y113.639 E2299.21502
G1 X140.6 Y114 E2299.2403
G1 X140.6 Y146.089 E2301.37487
G1 X140.424 Y146.424 E2301.40004
G1 X140.089 Y146.6 E2301.42522
G1 X110 Y146.6 E2303.42675
G0 F12000 X110 Y146.199
;TYPE:WALL-OUTER
G1 F2400 X80 Y146.2 E2305.42235
G1 X79.858 Y146.142 E2305.43256
G1 X79.802 Y146.035 E2305.44059
G1 X79.8 Y114 E2307.57157
G1 X79.839 Y113.879 E2307.58002
G1 X79.943 Y113.8 E2307.58871
G1 X86.8 Y113.8 E2308.04484
G1 X86.8 Y106.2 E2308.5504
G1 X79.941 Y106.2 E2309.00666
G1 X79.839 Y106.12 E2309.01528
G1 X79.802 Y106.035 E2309.02145
G1 X79.8 Y82 E2310.62026
G1 X79.839 Y81.879 E2310.62872
G1 X79.943 Y81.8 E2310.63741
G1 X86.8 Y81.8 E2311.09354
G1 X86.8 Y73.941 E2311.61632
G1 X86.88 Y73.839 E2311.62494
G1 X86.965 Y73.802 E2311.63111
G1 X133 Y73.8 E2314.69337
G1 X133.121 Y73.839 E2314.70183
G1 X133.2 Y73.943 E2314.71051
G1 X133.2 Y81.8 E2315.23316
G1 X140.059 Y81.8 E2315.68943
G1 X140.161 Y81.879 E2315.69801
G1 X140.2 Y82 E2315.70646
G1 X140.198 Y106.035 E2317.30528
G1 X140.161 Y106.12 E2317.31145
G1 X140.059 Y106.2 E2317.32007
G1 X133.2 Y106.2 E2317.77633
G1 X133.2 Y113.8 E2318.28189
G1 X140.059 Y113.8 E2318.73815
G1 X140.161 Y113.879 E2318.74673
G1 X140.2 Y114 E2318.75519
G1 X140.198 Y146.035 E2320.88616
G1 X140.142 Y146.142 E2320.8942
G1 X140.035 Y146.198 E2320.90223
G1 X110 Y146.199 E2322.90017
G0 F12000 X110 Y146.91
G0 X110 Y147.8
G1 F2400 X141.8 Y147.8 E2325.01551
G1 X141.8 Y72.2 E2330.04444
G1 X78.2 Y72.2 E2334.27513
G1 X78.201 Y147.799 E2339.304
G1 X110 Y147.8 E2341.41928
G1 F2700 E2336.41928
G0 F12000 X110 Y147.09
G0 X79.162 Y146.838
G0 X79.162 Y113.162
G0 X84.047 Y112.418
G0 X83.957 Y111.711
G1 F2700 E2341.41928
G1 F2400 X83.565 Y111.642 E2341.44575
G1 X83.248 Y111.523 E2341.46828
G1 X82.829 Y111.257 E2341.50129
G1 X82.436 Y110.716 E2341.54577
G1 X82.318 Y110.271 E2341.5764
G1 X82.3 Y109.997 E2341.59466
G1 X82.374 Y109.487 E2341.62894
G1 X82.526 Y109.149 E2341.6536
G1 X82.762 Y108.828 E2341.6801
G1 X83.143 Y108.53 E2341.71228
G1 X83.466 Y108.387 E2341.73577
G1 X83.955 Y108.3 E2341.76881
G1 X84.432 Y108.335 E2341.80063
G1 X84.868 Y108.536 E2341.83256
G1 X85.119 Y108.719 E2341.85323
G1 X85.369 Y108.994 E2341.87795
G1 X85.568 Y109.331 E2341.90398
G1 X85.688 Y109.821 E2341.93754
G1 X85.69 Y110.183 E2341.96162
G1 X85.604 Y110.557 E2341.98715
G1 X85.379 Y111.027 E2342.02181
G1 X84.951 Y111.406 E2342.05984
G1 X84.685 Y111.554 E2342.08009
G1 X84.371 Y111.658 E2342.10209
G1 X83.957 Y111.711 E2342.12986
G1 F2700 E2337.12986
G0 F12000 X84.047 Y112.418
G0 X83.371 Y112.267
G0 X82.939 Y112.101
G0 X82.378 Y111.743
G0 X81.844 Y111.011
G0 X79.162 Y106.838
G0 X79.162 Y81.162
G0 X83.182 Y81.172
G0 X83.956 Y80.711
G1 F2700 E2342.12986
G1 F2400 X83.527 Y80.631 E2342.15889
G1 X83.247 Y80.523 E2342.17885
G1 X82.829 Y80.257 E2342.21181
G1 X82.436 Y79.725 E2342.25581
G1 X82.318 Y79.271 E2342.28701
G1 X82.3 Y78.997 E2342.30528
G1 X82.374 Y78.487 E2342.33956
G1 X82.526 Y78.149 E2342.36421
G1 X82.762 Y77.828 E2342.39071
G1 X83.143 Y77.53 E2342.42289
G1 X83.466 Y77.387 E2342.44638
G1 X83.955 Y77.3 E2342.47942
G1 X84.432 Y77.335 E2342.51124
G1 X84.868 Y77.536 E2342.54318
G1 X85.119 Y77.719 E2342.56384
G1 X85.369 Y77.994 E2342.58856
G1 X85.568 Y78.331 E2342.6146
G1 X85.688 Y78.821 E2342.64815
G1 X85.69 Y79.183 E2342.67223
G1 X85.604 Y79.557 E2342.69776
G1 X85.379 Y80.027 E2342.73242
G1 X84.951 Y80.406 E2342.77045
G1 X84.685 Y80.554 E2342.7907
G1 X84.362 Y80.659 E2342.81329
G1 X83.956 Y80.711 E2342.84052
G1 F2700 E2337.84052
G0 F12000 X83.182 Y81.172
G0 X82.939 Y81.101
G0 X82.378 Y80.743
G0 X81.844 Y80.011
G0 X81.677 Y79.375
G0 X81.646 Y78.95
G0 X81.75 Y78.305
G0 X81.946 Y77.85
G0 X82.29 Y77.378
G0 X86.162 Y73.162
G0 X133.838 Y73.162
G0 X138.033 Y77.763
G0 X138.271 Y78.379
G0 X138.347 Y78.832
G0 X138.268 Y79.624
G0 X138.08 Y80.128
G0 X137.653 Y80.7
G0 X137.193 Y81.028
G0 X136.815 Y81.174
G0 X136.039 Y80.7
G1 F2700 E2342.84052
G1 F2400 X135.757 Y80.68 E2342.85933
G1 X135.46 Y80.612 E2342.8796
G1 X135.197 Y80.495 E2342.89874
G1 X134.813 Y80.233 E2342.92967
G1 X134.54 Y79.868 E2342.95999
G1 X134.353 Y79.434 E2342.99142
G1 X134.284 Y78.914 E2343.02632
G1 X134.401 Y78.425 E2343.05976
G1 X134.636 Y77.977 E2343.09342
G1 X134.96 Y77.631 E2343.12495
G1 X135.488 Y77.357 E2343.16452
G1 X136.036 Y77.288 E2343.20126
G1 X136.493 Y77.373 E2343.23218
G1 X136.741 Y77.469 E2343.24987
G1 X137.125 Y77.725 E2343.28057
G1 X137.47 Y78.106 E2343.31476
G1 X137.642 Y78.565 E2343.34737
G1 X137.694 Y78.865 E2343.36762
G1 X137.685 Y79.319 E2343.39783
G1 X137.504 Y79.81 E2343.43264
G1 X137.193 Y80.231 E2343.46745
G1 X136.76 Y80.525 E2343.50227
G1 X136.372 Y80.659 E2343.52957
G1 X136.039 Y80.7 E2343.55189
G1 F2700 E2338.55189
G0 F12000 X136.815 Y81.174
G0 X140.838 Y81.162
G0 X140.838 Y106.838
G0 X138.08 Y111.128
G0 X137.653 Y111.7
G0 X137.193 Y112.028
G0 X136.174 Y112.402
G0 X136.08 Y111.699
G1 F2700 E2343.55189
G1 F2400 X135.757 Y111.68 E2343.57342
G1 X135.46 Y111.612 E2343.59368
G1 X135.197 Y111.495 E2343.61283
G1 X134.82 Y111.244 E2343.64296
G1 X134.54 Y110.868 E2343.67414
G1 X134.353 Y110.434 E2343.70558
G1 X134.284 Y109.914 E2343.74047
G1 X134.401 Y109.425 E2343.77392
G1 X134.636 Y108.977 E2343.80757
G1 X134.96 Y108.631 E2343.8391
G1 X135.488 Y108.357 E2343.87867
G1 X136.042 Y108.285 E2343.91584
G1 X136.493 Y108.373 E2343.9464
G1 X136.741 Y108.469 E2343.96409
G1 X137.087 Y108.693 E2343.99151
G1 X137.47 Y109.105 E2344.02893
G1 X137.642 Y109.565 E2344.0616
G1 X137.694 Y109.865 E2344.08185
G1 X137.686 Y110.315 E2344.11179
G1 X137.502 Y110.812 E2344.14705
G1 X137.193 Y111.231 E2344.18168
G1 X136.76 Y111.525 E2344.21649
G1 X136.372 Y111.659 E2344.2438
G1 X136.08 Y111.699 E2344.2634
G0 F12000 X136.174 Y112.402
G0 X137.085 Y112.104
G0 X137.653 Y111.7
G0 X138.08 Y111.128
G0 X139.28 Y107.481
;TYPE:FILL
G1 F4800 X140.521 Y108.722 E2344.38015
G1 F2700 E2339.38015
G0 F12000 X140.838 Y106.838
G0 X140.838 Y81.162
G0 X138.786 Y77.964
G1 F2700 E2344.38015
G1 F4800 X139.988 Y73.479 E2344.68902
G0 F12000 X139.22 Y73.48
G1 F4800 X140.52 Y74.78 E2344.81132
G0 F12000 X140.52 Y75.406
G1 F4800 X137.226 Y76.289 E2345.03817
G1 F2700 E2340.03817
G0 F12000 X133.838 Y73.162
G0 X86.162 Y73.162
G0 X84.083 Y73.479
G1 F2700 E2345.03817
G1 F4800 X83.381 Y76.101 E2345.21873
G0 F12000 X82.678 Y76.335
G1 F4800 X79.822 Y73.48 E2345.48736
G0 F12000 X81.017 Y78.927
G1 F4800 X79.481 Y79.338 E2345.59313
G0 F12000 X79.162 Y81.162
G0 X79.162 Y106.838
G0 X79.85 Y107.448
G1 F4800 X81.254 Y108.853 E2345.72525
G0 F12000 X81.02 Y109.984
G1 F4800 X79.48 Y110.397 E2345.83132
G0 F12000 X79.824 Y112.558
G1 F4800 X81.184 Y107.48 E2346.18101
;MESH:NONMESH
G0 F300 Z32.2
G0 F12000 X79.162 Y106.838
G0 X79.162 Y81.162
G0 X79.4 Y80.755
;TIME_ELAPSED:6503.253980
;LAYER:80
;TYPE:WALL-INNER
;MESH:tank_trainer_body.stl
G1 F2400 X79.461 Y80.707 E2346.18617
G1 X80 Y80.6 E2346.22273
G1 X81.59 Y80.599 E2346.32849
G1 X81.366 Y80.196 E2346.35917
G1 X81.238 Y79.878 E2346.38197
G1 X81.105 Y79.354 E2346.41793
G1 X81.079 Y79.056 E2346.43783
G1 X81.171 Y78.341 E2346.48578
G1 X81.339 Y77.834 E2346.52131
G1 X81.575 Y77.414 E2346.55336
G1 X81.798 Y77.117 E2346.57806
G1 X82.173 Y76.736 E2346.61363
G1 X82.637 Y76.432 E2346.65053
G1 X83.109 Y76.235 E2346.68455
G1 X83.738 Y76.101 E2346.72733
G1 X84.231 Y76.112 E2346.76013
G1 X84.504 Y76.146 E2346.77843
G1 X84.788 Y76.21 E2346.7978
G1 X85.087 Y76.314 E2346.81885
G1 X85.6 Y76.56 E2346.8567
G1 X85.6 Y74 E2347.02699
G1 X85.707 Y73.46 E2347.06361
G1 X85.755 Y73.4 E2347.06872
G1 X79.401 Y73.401 E2347.49139
G1 X79.4 Y80.755 E2347.98058
G0 F12000 X79.207 Y81.084
G0 X79 Y82
G1 F2400 X79.199 Y81.399 E2348.0227
G1 X79.615 Y81.076 E2348.05773
G1 X80 Y81 E2348.08384
G1 X82.502 Y81 E2348.25027
G1 X82.361 Y80.896 E2348.26192
G1 X82.081 Y80.6 E2348.28903
G1 X81.932 Y80.395 E2348.30589
G1 X81.655 Y79.892 E2348.34408
G1 X81.499 Y79.285 E2348.38577
G1 X81.48 Y79.067 E2348.40033
G1 X81.568 Y78.392 E2348.44561
G1 X81.688 Y78.03 E2348.47098
G1 X81.924 Y77.61 E2348.50303
G1 X82.083 Y77.398 E2348.52065
G1 X82.426 Y77.048 E2348.55325
G1 X82.856 Y76.767 E2348.58742
G1 X83.193 Y76.626 E2348.61172
G1 X83.775 Y76.502 E2348.65131
G1 X84.319 Y76.514 E2348.6875
G1 X84.813 Y76.626 E2348.7212
G1 X85.347 Y76.882 E2348.76059
G1 X85.652 Y77.111 E2348.78596
G1 X86 Y77.492 E2348.82029
G1 X86 Y74 E2349.05258
G1 X86.076 Y73.614 E2349.07874
G1 X86.401 Y73.199 E2349.11381
G1 F2352.9 X86.826 Y73.007 E2349.14545
G1 X86.334 Y72.999 E2349.17884
G1 F2400 X79.001 Y73.001 E2349.66663
G1 X79 Y82 E2350.26525
G1 X79 Y106 E2351.86173
G1 F2352.9 X79.007 Y106.174 E2351.87355
G0 F12000 X79.4 Y112.755
G1 F2400 X79.461 Y112.707 E2351.87871
G1 X80 Y112.6 E2351.91527
G1 X82.74 Y112.599 E2352.09753
G1 X82.462 Y112.46 E2352.11821
G1 X82.071 Y112.17 E2352.15059
G1 X81.791 Y111.874 E2352.17769
G1 X81.582 Y111.588 E2352.20126
G1 X81.333 Y111.135 E2352.23564
G1 X81.238 Y110.878 E2352.25387
G1 X81.105 Y110.354 E2352.28983
G1 X81.079 Y110.056 E2352.30973
G1 X81.171 Y109.341 E2352.35768
G1 X81.315 Y108.878 E2352.38994
G1 X81.575 Y108.414 E2352.42532
G1 X81.799 Y108.117 E2352.45006
G1 X82.071 Y107.841 E2352.47584
G1 X82.301 Y107.652 E2352.49564
G1 X82.685 Y107.401 E2352.52616
G1 X80 Y107.4 E2352.70477
G1 X79.46 Y107.293 E2352.74139
G1 X79.4 Y107.245 E2352.7465
G1 X79.4 Y112.755 E2353.11302
G0 F12000 X79.207 Y113.084
G0 X79 Y114
G1 F2400 X79 Y146 E2355.24167
G1 F2352.9 X79.007 Y146.174 E2355.25349
G0 F12000 X79.162 Y146.838
G0 X80 Y147
G1 F2400 X140 Y147 E2359.24471
G1 F2352.9 X140.174 Y146.993 E2359.25652
G1 F2436.5 X141.014 Y147.014 E2359.31158
G1 F2442.7 X140.993 Y146.174 E2359.36649
G1 X140.697 Y146.697 E2359.40577
G1 F2436.5 X140.174 Y146.993 E2359.44514
G0 F12000 X140.838 Y146.838
G0 X140.993 Y146.174
G1 F2358.7 X141 Y146 E2359.45693
G1 F2400 X141 Y114 E2361.58558
G0 F12000 X140.854 Y113.246
G0 X140.6 Y112.754
G1 F2400 X140.6 Y107.246 E2361.95197
G1 X140.54 Y107.293 E2361.95704
G1 X140 Y107.4 E2361.99366
G1 X137.275 Y107.401 E2362.17493
G1 X137.574 Y107.557 E2362.19736
G1 X137.95 Y107.847 E2362.22895
G1 X138.23 Y108.151 E2362.25644
G1 X138.39 Y108.361 E2362.27401
G1 X138.604 Y108.708 E2362.30113
G1 X138.8 Y109.224 E2362.33784
G1 X138.888 Y109.702 E2362.37017
G1 X138.893 Y110.281 E2362.40869
G1 X138.825 Y110.645 E2362.43332
G1 X138.745 Y110.915 E2362.45205
G1 X138.574 Y111.339 E2362.48247
G1 X138.313 Y111.754 E2362.51508
G1 X137.957 Y112.146 E2362.5503
G1 X137.569 Y112.446 E2362.58293
G1 X137.271 Y112.6 E2362.60524
G1 X140 Y112.6 E2362.78678
G1 X140.54 Y112.706 E2362.82338
G1 X140.6 Y112.754 E2362.82849
G0 F12000 X136.049 Y112.41
G0 X136.065 Y112.103
G1 F2400 X135.709 Y112.081 E2362.85222
G1 X135.255 Y111.967 E2362.88336
G1 X134.864 Y111.77 E2362.91248
G1 X134.462 Y111.438 E2362.94716
G1 X134.199 Y111.089 E2362.97623
G1 F2500 X133.972 Y110.543 E2363.01399
G1 F2666.7 X133.925 Y110.008 E2363.04615
G1 F2689.1 X133.953 Y109.566 E2363.07244
G1 F2513.1 X134.078 Y109.119 E2363.10193
G1 F2400 X134.182 Y108.921 E2363.1168
G1 X134.547 Y108.465 E2363.15566
G1 X134.721 Y108.317 E2363.17085
G1 X135.161 Y108.07 E2363.20442
G1 X135.702 Y107.898 E2363.24218
G1 X136.283 Y107.914 E2363.28084
G1 X136.776 Y108.041 E2363.31471
G1 X137.293 Y108.314 E2363.3536
G1 X137.679 Y108.733 E2363.3915
G1 X137.885 Y109.065 E2363.41749
G1 X138.087 Y109.603 E2363.45571
G1 X138.093 Y110.21 E2363.49609
G1 X138.029 Y110.552 E2363.51924
G1 X137.833 Y111.038 E2363.5541
G1 X137.721 Y111.216 E2363.56809
G1 X137.365 Y111.608 E2363.60331
G1 X137.198 Y111.736 E2363.61731
G1 X136.643 Y112.025 E2363.65893
G1 X136.065 Y112.103 E2363.69773
G0 F12000 X136.049 Y112.41
G0 X134.531 Y112.535
G1 F1811.3 X134.498 Y112.478 E2363.70353
G1 X134.432 Y112.478 E2363.70935
G1 X134.399 Y112.535 E2363.71516
G1 X134.432 Y112.592 E2363.72096
G1 X134.498 Y112.592 E2363.72678
G1 X134.531 Y112.535 E2363.73258
G0 F12000 X136.719 Y112.265
G0 X137.444 Y111.889
G0 X138.008 Y111.277
G0 X138.268 Y110.63
G0 X138.343 Y110.222
G0 X138.338 Y109.556
G0 X138.108 Y108.956
G0 X137.879 Y108.583
G0 X137.446 Y108.114
G0 X136.867 Y107.811
G0 X136.557 Y107.73
G0 X134.533 Y107.467
G1 F1811.3 X134.5 Y107.41 E2363.73839
G1 X134.434 Y107.41 E2363.74421
G1 X134.401 Y107.467 E2363.75001
G1 X134.434 Y107.524 E2363.75582
G1 X134.5 Y107.524 E2363.76163
G1 X134.533 Y107.467 E2363.76744
G0 F12000 X136.32 Y107.668
G0 X136.867 Y107.811
G0 X137.446 Y108.114
G0 X137.879 Y108.583
G0 X140.838 Y113.162
G0 X141 Y114
G1 F2400 X141 Y106.666 E2364.2553
G1 F2358.7 X140.993 Y106.174 E2364.2886
G1 X140.802 Y106.6 E2364.3202
G1 F2400 X140.386 Y106.924 E2364.35528
G1 X140 Y107 E2364.38145
G1 F2388.1 X136.887 Y107.002 E2364.58956
G1 F2176.9 X136.519 Y107.038 E2364.61668
G1 F2060.1 X136.235 Y107.028 E2364.6387
G1 F2096.1 X135.555 Y107.03 E2364.69049
G1 F2232.6 X134.974 Y107.001 E2364.73209
G1 F2400 X134.002 Y107.002 E2364.79675
G1 X134.001 Y108.509 E2364.897
G1 X134.234 Y108.215 E2364.92195
G1 X134.525 Y107.968 E2364.94734
G1 F2313.3 X134.974 Y107.716 E2364.98287
G1 F2162.2 X135.628 Y107.472 E2365.03442
G1 F2077.9 X136.408 Y107.488 E2365.09436
G1 F2212 X137.023 Y107.719 E2365.14177
G1 F2400 X137.387 Y107.911 E2365.16915
G1 X137.656 Y108.118 E2365.19173
G1 X138.001 Y108.492 E2365.22557
G1 X138.243 Y108.884 E2365.25622
G1 X138.425 Y109.364 E2365.29036
G1 X138.488 Y109.706 E2365.3135
G1 X138.493 Y110.245 E2365.34935
G1 X138.414 Y110.666 E2365.37785
G1 X138.204 Y111.189 E2365.41534
G1 X138.017 Y111.485 E2365.43863
G1 X137.661 Y111.877 E2365.47385
G1 X137.383 Y112.091 E2365.49719
G1 F2162.2 X136.64 Y112.473 E2365.55888
G1 F2046.9 X136.052 Y112.525 E2365.60492
G1 F2105.3 X135.586 Y112.506 E2365.64028
G1 F2222.2 X135.016 Y112.295 E2365.68395
G1 F2400 X134.643 Y112.105 E2365.7118
G1 X134.262 Y111.791 E2365.74464
G1 X134.001 Y111.489 E2365.77119
G1 X134 Y113 E2365.8717
G1 F2376.2 X135.144 Y112.995 E2365.94856
G1 F2167 X135.49 Y112.962 E2365.97417
G1 F2069 X136.052 Y112.975 E2366.01755
G1 F2046.9 X136.682 Y112.956 E2366.0667
G1 F2162.2 X137.087 Y113 E2366.09679
G1 F2400 X140 Y113 E2366.29056
G1 X140.386 Y113.076 E2366.31673
G1 X140.801 Y113.399 E2366.35171
G1 X141 Y114 E2366.39382
G0 F12000 X140.993 Y106.174
G1 F2358.7 X141 Y106 E2366.40561
G1 F2400 X141 Y82 E2368.0021
G0 F12000 X140.854 Y81.246
G0 X140.6 Y80.754
G1 F2400 X140.6 Y73.4 E2368.49129
G1 X134.245 Y73.4 E2368.91402
G1 X134.293 Y73.461 E2368.91919
G1 X134.4 Y74 E2368.95574
G1 X134.4 Y76.58 E2369.12736
G1 X134.713 Y76.403 E2369.15128
G1 X134.957 Y76.296 E2369.16901
G1 X135.329 Y76.171 E2369.19511
G1 X135.76 Y76.1 E2369.22417
G1 X136.24 Y76.112 E2369.25611
G1 X136.551 Y76.156 E2369.277
G1 X136.907 Y76.248 E2369.30146
G1 X137.21 Y76.365 E2369.32307
G1 X137.7 Y76.623 E2369.3599
G1 X137.95 Y76.847 E2369.38223
G1 X138.23 Y77.151 E2369.40972
G1 X138.39 Y77.361 E2369.42729
G1 X138.534 Y77.593 E2369.44545
G1 X138.655 Y77.84 E2369.46375
G1 X138.8 Y78.224 E2369.49105
G1 X138.888 Y78.702 E2369.52338
G1 X138.893 Y79.281 E2369.5619
G1 X138.825 Y79.645 E2369.58653
G1 X138.746 Y79.915 E2369.60524
G1 X138.574 Y80.339 E2369.63568
G1 X138.409 Y80.6 E2369.65622
G1 X140 Y80.6 E2369.76206
G1 X140.54 Y80.706 E2369.79866
G1 X140.6 Y80.754 E2369.80377
G0 F12000 X140.793 Y81.084
G0 X141 Y82
G1 F2400 X141 Y73 E2370.40246
G1 X133 Y73 E2370.93462
G1 X133.601 Y73.199 E2370.97673
G1 X133.924 Y73.615 E2371.01177
G1 X134 Y74 E2371.03787
G1 X134.001 Y77.509 E2371.27129
G1 X134.234 Y77.215 E2371.29624
G1 X134.525 Y76.968 E2371.32163
G1 X134.992 Y76.705 E2371.35729
G1 X135.455 Y76.551 E2371.38974
G1 X135.764 Y76.5 E2371.41058
G1 X136.343 Y76.515 E2371.44911
G1 X136.919 Y76.664 E2371.48868
G1 X137.54 Y76.992 E2371.5354
G1 X138 Y77.492 E2371.58059
G1 X138.243 Y77.882 E2371.61116
G1 X138.425 Y78.364 E2371.64543
G1 X138.488 Y78.706 E2371.66857
G1 X138.493 Y79.245 E2371.70442
G1 X138.414 Y79.668 E2371.73305
G1 X138.204 Y80.189 E2371.77041
G1 X138.017 Y80.485 E2371.7937
G1 X137.661 Y80.877 E2371.82893
G1 X137.5 Y81 E2371.8424
G1 X140 Y81 E2372.00871
G1 X140.386 Y81.076 E2372.03488
G1 X140.801 Y81.399 E2372.06986
G1 X141 Y82 E2372.11197
G0 F12000 X140.838 Y81.162
G0 X136.875 Y81.167
G0 X136.052 Y81.075
G1 F2666.7 X135.657 Y81.052 E2372.13566
G1 F2500 X135.258 Y80.968 E2372.1617
G1 F2412.1 X134.868 Y80.774 E2372.19053
G1 F2400 X134.459 Y80.433 E2372.22595
G1 X134.199 Y80.089 E2372.25463
G1 F2500 X133.972 Y79.543 E2372.29239
G1 F2666.7 X133.925 Y79.008 E2372.32455
G1 F2689.1 X133.953 Y78.566 E2372.35084
G1 F2513.1 X134.078 Y78.119 E2372.38033
G1 F2400 X134.182 Y77.921 E2372.3952
G1 X134.547 Y77.465 E2372.43406
G1 X134.721 Y77.317 E2372.44925
G1 X135.157 Y77.072 E2372.48252
G1 X135.679 Y76.897 E2372.51914
G1 X136.284 Y76.914 E2372.5594
G1 X136.773 Y77.039 E2372.59298
G1 X137.304 Y77.327 E2372.63316
G1 X137.679 Y77.733 E2372.66993
G1 X137.885 Y78.065 E2372.69592
G1 X138.087 Y78.603 E2372.73414
G1 X138.093 Y79.211 E2372.77459
G1 X138.026 Y79.563 E2372.79843
G1 X137.833 Y80.038 E2372.83253
G1 X137.721 Y80.216 E2372.84652
G1 X137.365 Y80.608 E2372.88175
G1 X137.198 Y80.736 E2372.89574
G1 F2418.1 X136.737 Y80.973 E2372.92997
G1 F2474.2 X136.541 Y81.029 E2372.94312
G1 F2623 X136.052 Y81.075 E2372.97301
G1 F2700 E2367.97301
G0 F12000 X136.875 Y81.167
G0 X134.221 Y80.863
G1 F2700 E2372.97301
G1 F1424.3 X134.179 Y80.79 E2372.98245
G1 X134.095 Y80.79 E2372.99187
G1 X134.053 Y80.863 E2373.00131
G1 X134.095 Y80.936 E2373.01075
G1 X134.179 Y80.936 E2373.02016
G1 X134.221 Y80.863 E2373.0296
G1 F2700 E2368.0296
G0 F12000 X133.438 Y73.562
G0 X133 Y73
G1 F2700 E2373.0296
G1 F2400 X87 Y73 E2376.08954
G1 F2352.9 X86.826 Y73.007 E2376.10135
G1 F2700 E2371.10135
G0 F12000 X86.588 Y73.507
G0 X85.945 Y80.861
G1 F2700 E2376.10135
G1 F1415.9 X85.903 Y80.788 E2376.11085
G1 X85.819 Y80.788 E2376.12032
G1 X85.777 Y80.861 E2376.12981
G1 X85.819 Y80.934 E2376.13931
G1 X85.903 Y80.934 E2376.14878
G1 X85.945 Y80.861 E2376.15828
G0 F12000 X84.85 Y81.168
G0 X84.057 Y81.077
G1 F2587.6 X83.425 Y81.042 E2376.19733
G1 F2467.9 X82.724 Y80.699 E2376.24782
G1 F2400 X82.32 Y80.271 E2376.28697
G1 X82.031 Y79.746 E2376.32683
G1 X81.878 Y79.16 E2376.36712
G1 X81.964 Y78.443 E2376.41516
G1 X82.036 Y78.226 E2376.43037
G1 X82.312 Y77.735 E2376.46783
G1 X82.683 Y77.358 E2376.50302
G1 X83.075 Y77.101 E2376.5342
G1 X83.277 Y77.017 E2376.54875
G1 X83.812 Y76.903 E2376.58514
G1 X84.272 Y76.913 E2376.61574
G1 X84.679 Y77.005 E2376.6435
G1 X85.173 Y77.243 E2376.67998
G1 X85.356 Y77.38 E2376.69518
G1 X85.673 Y77.728 E2376.7265
G1 X85.883 Y78.067 E2376.75302
G1 F2430.4 X86.025 Y78.462 E2376.7806
G1 F2587.6 X86.072 Y78.912 E2376.80851
G1 F2681.6 X86.055 Y79.337 E2376.83383
G1 F2566.8 X85.972 Y79.729 E2376.85876
G1 F2487 X85.793 Y80.094 E2376.88485
G1 F2424.2 X85.458 Y80.505 E2376.91977
G1 F2412.1 X85.144 Y80.765 E2376.94675
G1 F2480.6 X84.597 Y81.026 E2376.98576
G1 F2587.6 X84.057 Y81.077 E2377.01922
G1 F2700 E2372.01922
G0 F12000 X84.85 Y81.168
G0 X79.562 Y81.562
G0 X79.562 Y106.438
G0 X85.603 Y107.462
G1 F2700 E2377.01922
G1 F1832.1 X85.57 Y107.406 E2377.02489
G1 X85.505 Y107.406 E2377.03055
G1 X85.473 Y107.462 E2377.03617
G1 X85.506 Y107.518 E2377.04184
G1 X85.571 Y107.518 E2377.0475
G1 X85.603 Y107.462 E2377.05312
G0 F12000 X83.793 Y107.654
G0 X83.073 Y107.808
G0 X82.53 Y108.161
G0 X82.111 Y108.592
G0 X81.741 Y109.251
G0 X81.625 Y110.169
G0 X81.797 Y110.838
G0 X82.118 Y111.418
G0 X82.573 Y111.902
G0 X83.301 Y112.262
G0 X84.035 Y112.411
G0 X84.058 Y112.104
G1 F2400 X83.563 Y112.067 E2377.08614
G1 X83.339 Y112.005 E2377.1016
G1 X82.725 Y111.698 E2377.14727
G1 X82.319 Y111.269 E2377.18656
G1 X82.03 Y110.745 E2377.22636
G1 X81.878 Y110.159 E2377.26663
G1 X81.964 Y109.443 E2377.31461
G1 X82.026 Y109.245 E2377.32841
G1 X82.312 Y108.735 E2377.3673
G1 X82.685 Y108.356 E2377.40268
G1 X83.075 Y108.102 E2377.43364
G1 X83.277 Y108.017 E2377.44821
G1 X83.812 Y107.903 E2377.4846
G1 X84.273 Y107.913 E2377.51527
G1 X84.678 Y108.005 E2377.5429
G1 X85.173 Y108.243 E2377.57944
G1 X85.356 Y108.38 E2377.59464
G1 X85.673 Y108.728 E2377.62596
G1 X85.883 Y109.067 E2377.65248
G1 F2430.4 X86.025 Y109.462 E2377.68006
G1 F2587.6 X86.072 Y109.912 E2377.70797
G1 F2681.6 X86.055 Y110.337 E2377.73329
G1 F2566.8 X85.972 Y110.729 E2377.75822
G1 F2487 X85.793 Y111.093 E2377.78425
G1 F2442.7 X85.429 Y111.544 E2377.82213
G1 F2412.1 X85.11 Y111.78 E2377.8484
G1 F2400 X84.592 Y112.035 E2377.8868
G1 X84.058 Y112.104 E2377.92262
G0 F12000 X84.035 Y112.411
G0 X85.6 Y112.534
G1 F1804.5 X85.567 Y112.477 E2377.92845
G1 X85.501 Y112.477 E2377.93429
G1 X85.468 Y112.534 E2377.94011
G1 X85.501 Y112.591 E2377.94594
G1 X85.567 Y112.591 E2377.95178
G1 X85.6 Y112.534 E2377.95761
G0 F12000 X79.162 Y113.162
G0 X79 Y114
G1 F2400 X79.199 Y113.399 E2377.99972
G1 X79.615 Y113.076 E2378.03475
G1 X80 Y113 E2378.06086
G1 X83.01 Y112.999 E2378.26108
G1 F2212 X83.514 Y112.966 E2378.29754
G1 F2096.1 X84.04 Y112.975 E2378.33761
G1 F2055.7 X84.637 Y112.958 E2378.38399
G1 F2162.2 X85.007 Y112.998 E2378.41147
G1 F2388.1 X86 Y113 E2378.47786
G1 F2400 X86 Y111.474 E2378.57937
G1 X85.703 Y111.84 E2378.61072
G1 X85.306 Y112.128 E2378.64334
G1 F2171.9 X84.596 Y112.479 E2378.70156
G1 F2055.7 X84.04 Y112.525 E2378.74489
G1 F2096.1 X83.531 Y112.499 E2378.78371
G1 F2212 X83.16 Y112.363 E2378.81223
G1 F2400 X82.64 Y112.103 E2378.8509
G1 X82.361 Y111.896 E2378.87401
G1 X82.081 Y111.6 E2378.90111
G1 X81.932 Y111.395 E2378.91797
G1 X81.653 Y110.887 E2378.95653
G1 X81.499 Y110.285 E2378.99786
G1 X81.48 Y110.067 E2379.01242
G1 X81.568 Y109.392 E2379.0577
G1 X81.671 Y109.061 E2379.08076
G1 X81.924 Y108.61 E2379.11516
G1 X82.084 Y108.398 E2379.13282
G1 X82.429 Y108.046 E2379.16561
G1 X82.856 Y107.767 E2379.19954
G1 X83.193 Y107.626 E2379.22384
G1 F2222.2 X83.711 Y107.475 E2379.2626
G1 F2077.9 X84.377 Y107.487 E2379.31378
G1 F2142.9 X84.818 Y107.628 E2379.34828
G1 F2296.7 X85.347 Y107.882 E2379.38907
G1 F2400 X85.652 Y108.111 E2379.41444
G1 X86 Y108.492 E2379.44876
G1 X86 Y107 E2379.54801
G1 X85.068 Y107 E2379.61001
G1 F2347.2 X84.767 Y107.009 E2379.63049
G1 F2162.2 X84.476 Y107.036 E2379.65207
G1 F2077.9 X83.868 Y107.026 E2379.69879
G1 F2091.5 X83.601 Y107.033 E2379.71918
G1 F2217.1 X83.127 Y107.001 E2379.75339
G1 F2400 X80 Y107 E2379.9614
G1 X79.614 Y106.924 E2379.98757
G1 X79.199 Y106.599 E2380.02263
G1 F2352.9 X79.007 Y106.174 E2380.05427
G1 X78.999 Y106.666 E2380.08766
G1 F2400 X79 Y114 E2380.57552
G1 F2700 E2375.57552
G0 F12000 X79.162 Y146.838
G0 X80 Y147
G1 F2700 E2380.57552
G1 F2487 X79.303 Y146.697 E2380.62431
G1 F2436.5 X79.007 Y146.174 E2380.66368
G1 X78.986 Y147.014 E2380.71874
G1 F2487 X80 Y147 E2380.78383
G1 F2700 E2375.78383
G0 F12000 X110 Y147.09
G0 X110 Y147.4
G1 F2700 E2380.78383
G1 F2400 X141.4 Y147.4 E2382.87257
G1 X141.4 Y72.6 E2387.84829
G1 X78.601 Y72.601 E2392.02569
G1 X78.601 Y147.399 E2397.00128
G1 X110 Y147.4 E2399.08995
G0 F12000 X110 Y146.6
G1 F2400 X80 Y146.6 E2401.08556
G1 X79.575 Y146.425 E2401.11613
G1 X79.4 Y146.089 E2401.14133
G1 X79.4 Y114 E2403.2759
G1 X79.519 Y113.639 E2403.30118
G1 X79.769 Y113.446 E2403.32219
G1 X80 Y113.4 E2403.33786
G1 X86.4 Y113.4 E2403.76359
G1 F2412.1 X86.403 Y110.717 E2403.94117
G1 F2526.3 X86.418 Y110.368 E2403.96325
G1 F2659.3 X86.422 Y109.791 E2403.99789
G1 F2539.7 X86.4 Y109.027 E2404.04593
G1 F2400 X86.4 Y106.6 E2404.20738
G1 X80 Y106.6 E2404.63311
G1 X79.768 Y106.554 E2404.64884
G1 X79.519 Y106.36 E2404.66984
G1 X79.4 Y106.086 E2404.68971
G1 X79.4 Y82 E2406.29192
G1 X79.519 Y81.639 E2406.3172
G1 X79.769 Y81.446 E2406.33821
G1 X80 Y81.4 E2406.35388
G1 F2424.2 X83.246 Y81.404 E2406.56765
G1 F2587.6 X84.04 Y81.425 E2406.61665
G1 X84.775 Y81.404 E2406.66202
G1 F2424.2 X86.4 Y81.4 E2406.76903
G1 F2412.1 X86.403 Y79.717 E2406.88043
G1 F2526.3 X86.418 Y79.368 E2406.9025
G1 F2659.3 X86.422 Y78.791 E2406.93714
G1 F2539.7 X86.4 Y78.027 E2406.98519
G1 F2400 X86.4 Y74 E2407.25306
G1 X86.446 Y73.768 E2407.2688
G1 X86.64 Y73.519 E2407.28979
G1 X86.914 Y73.4 E2407.30967
G1 X133 Y73.4 E2410.37532
G1 X133.361 Y73.519 E2410.4006
G1 X133.554 Y73.769 E2410.42161
G1 X133.6 Y74 E2410.43728
G1 X133.601 Y78.048 E2410.70656
G1 F2560 X133.575 Y79.008 E2410.76645
G1 F2594.6 X133.594 Y79.7 E2410.80904
G1 F2436.5 X133.6 Y81.4 E2410.92043
G1 F2412.1 X135.267 Y81.402 E2411.03077
G1 F2573.7 X136.052 Y81.425 E2411.07948
G1 F2580.6 X136.842 Y81.403 E2411.12837
G1 F2418.1 X140 Y81.4 E2411.33687
G1 F2400 X140.232 Y81.445 E2411.35259
G1 X140.481 Y81.639 E2411.37358
G1 X140.6 Y82 E2411.39887
G1 X140.6 Y106.085 E2413.00101
G1 X140.482 Y106.36 E2413.02092
G1 X140.232 Y106.554 E2413.04197
G1 X140 Y106.6 E2413.0577
G1 X133.601 Y106.601 E2413.48336
G1 X133.601 Y109.048 E2413.64614
G1 F2560 X133.575 Y110.008 E2413.70603
G1 X133.601 Y111.368 E2413.79086
G1 F2400 X133.6 Y113.4 E2413.92603
G1 X140 Y113.4 E2414.35176
G1 X140.232 Y113.445 E2414.36748
G1 X140.481 Y113.639 E2414.38847
G1 X140.6 Y114 E2414.41376
G1 X140.6 Y146.089 E2416.54833
G1 X140.424 Y146.424 E2416.5735
G1 X140.089 Y146.6 E2416.59867
G1 X110 Y146.6 E2418.6002
G0 F12000 X110 Y146.199
;TYPE:WALL-OUTER
G1 F2400 X80 Y146.2 E2420.59581
G1 X79.858 Y146.142 E2420.60601
G1 X79.802 Y146.035 E2420.61405
G1 X79.8 Y114 E2422.74502
G1 X79.839 Y113.879 E2422.75348
G1 X79.943 Y113.8 E2422.76217
G1 X86.8 Y113.8 E2423.2183
G1 X86.8 Y106.2 E2423.72385
G1 X79.941 Y106.2 E2424.18011
G1 X79.839 Y106.12 E2424.18874
G1 X79.802 Y106.035 E2424.1949
G1 X79.8 Y82 E2425.79372
G1 X79.839 Y81.879 E2425.80217
G1 X79.943 Y81.8 E2425.81086
G1 X86.8 Y81.8 E2426.26699
G1 X86.8 Y73.941 E2426.78977
G1 X86.88 Y73.839 E2426.7984
G1 X86.965 Y73.802 E2426.80456
G1 X133 Y73.8 E2429.86682
G1 X133.121 Y73.839 E2429.87528
G1 X133.2 Y73.943 E2429.88397
G1 X133.2 Y81.8 E2430.40662
G1 X140.059 Y81.8 E2430.86288
G1 X140.161 Y81.879 E2430.87146
G1 X140.2 Y82 E2430.87992
G1 X140.198 Y106.035 E2432.47873
G1 X140.161 Y106.12 E2432.4849
G1 X140.059 Y106.2 E2432.49352
G1 X133.201 Y106.201 E2432.94972
G1 X133.2 Y113.8 E2433.45521
G1 X140.059 Y113.8 E2433.91147
G1 X140.161 Y113.879 E2433.92005
G1 X140.2 Y114 E2433.92851
G1 X140.198 Y146.035 E2436.05949
G1 X140.142 Y146.142 E2436.06752
G1 X140.035 Y146.198 E2436.07555
G1 X110 Y146.199 E2438.07349
G0 F12000 X110 Y146.91
G0 X110 Y147.8
G1 F2400 X141.8 Y147.8 E2440.18883
G1 X141.8 Y72.2 E2445.21777
G1 X78.201 Y72.201 E2449.44839
G1 X78.201 Y147.799 E2454.47719
G1 X110 Y147.8 E2456.59247
G1 F2700 E2451.59247
G0 F12000 X110 Y147.09
G0 X79.162 Y146.838
G0 X79.162 Y113.162
G0 X83.972 Y112.406
G0 X84.025 Y111.7
G1 F2700 E2456.59247
G1 F2400 X83.554 Y111.665 E2456.62388
G1 X82.964 Y111.37 E2456.66776
G1 X82.632 Y111.009 E2456.70039
G1 X82.412 Y110.608 E2456.73081
G1 X82.28 Y110.127 E2456.76399
G1 X82.366 Y109.456 E2456.80899
G1 X82.635 Y108.977 E2456.84554
G1 X82.958 Y108.656 E2456.87583
G1 X83.325 Y108.416 E2456.905
G1 X83.833 Y108.307 E2456.93956
G1 X84.241 Y108.316 E2456.96671
G1 X84.567 Y108.395 E2456.98902
G1 X85.034 Y108.62 E2457.0235
G1 X85.363 Y108.986 E2457.05624
G1 X85.511 Y109.226 E2457.075
G1 X85.636 Y109.544 E2457.09773
G1 X85.694 Y109.88 E2457.12041
G1 X85.678 Y110.271 E2457.14644
G1 X85.588 Y110.605 E2457.16945
G1 X85.44 Y110.895 E2457.19111
G1 X85.131 Y111.267 E2457.22327
G1 X84.905 Y111.436 E2457.24205
G1 X84.474 Y111.647 E2457.27397
G1 X84.025 Y111.7 E2457.30404
G1 F2700 E2452.30404
G0 F12000 X83.972 Y112.406
G0 X82.816 Y111.576
G0 X82.444 Y111.18
G0 X79.562 Y106.438
G0 X79.562 Y81.562
G0 X84.002 Y81.007
G0 X84.025 Y80.7
G1 F2700 E2457.30404
G1 F2400 X83.554 Y80.665 E2457.33546
G1 X82.964 Y80.37 E2457.37934
G1 X82.632 Y80.009 E2457.41197
G1 X82.398 Y79.572 E2457.44494
G1 X82.28 Y79.122 E2457.47589
G1 X82.366 Y78.456 E2457.52056
G1 X82.635 Y77.977 E2457.5571
G1 X82.958 Y77.656 E2457.58739
G1 X83.325 Y77.416 E2457.61656
G1 X83.833 Y77.307 E2457.65112
G1 X84.24 Y77.316 E2457.6782
G1 X84.567 Y77.395 E2457.70058
G1 X85.034 Y77.62 E2457.73506
G1 X85.363 Y77.986 E2457.7678
G1 X85.511 Y78.226 E2457.78656
G1 X85.636 Y78.544 E2457.80929
G1 X85.694 Y78.88 E2457.83197
G1 X85.678 Y79.271 E2457.858
G1 X85.588 Y79.605 E2457.88101
G1 X85.44 Y79.895 E2457.90267
G1 X85.158 Y80.241 E2457.93236
G1 X84.939 Y80.415 E2457.95097
G1 X84.475 Y80.647 E2457.98547
G1 X84.025 Y80.7 E2458.01562
G1 F2700 E2453.01562
G0 F12000 X84.002 Y81.007
G0 X86.551 Y81.007
G0 X86.562 Y73.562
G0 X133.438 Y73.562
G0 X133.45 Y81.006
G0 X136.121 Y81.006
G0 X136.08 Y80.699
G1 F2700 E2458.01562
G1 F2400 X135.751 Y80.679 E2458.03754
G1 X135.415 Y80.595 E2458.06058
G1 X135.072 Y80.423 E2458.0861
G1 X134.765 Y80.169 E2458.11261
G1 X134.54 Y79.868 E2458.13761
G1 X134.353 Y79.433 E2458.1691
G1 X134.301 Y79.034 E2458.19587
G1 X134.336 Y78.641 E2458.22212
G1 X134.471 Y78.201 E2458.25273
G1 X134.884 Y77.683 E2458.2968
G1 X135.301 Y77.449 E2458.32861
G1 X135.741 Y77.299 E2458.35953
G1 X136.251 Y77.318 E2458.39348
G1 X136.607 Y77.41 E2458.41794
G1 X137.038 Y77.633 E2458.45022
G1 X137.348 Y77.964 E2458.48039
G1 X137.532 Y78.261 E2458.50363
G1 X137.688 Y78.677 E2458.53318
G1 X137.689 Y79.189 E2458.56724
G1 X137.634 Y79.464 E2458.5859
G1 X137.449 Y79.921 E2458.61869
G1 X137.045 Y80.365 E2458.65862
G1 X136.522 Y80.638 E2458.69787
G1 X136.08 Y80.699 E2458.72755
G1 F2700 E2453.72755
G0 F12000 X136.121 Y81.006
G0 X140.438 Y81.562
G0 X140.438 Y106.438
G0 X137.664 Y111.06
G0 X137.552 Y111.715
G0 X136.002 Y112.407
G0 X136.039 Y111.7
G1 F2700 E2458.72755
G1 F2400 X135.751 Y111.679 E2458.74676
G1 X135.415 Y111.595 E2458.7698
G1 X135.072 Y111.423 E2458.79532
G1 X134.772 Y111.175 E2458.82121
G1 X134.54 Y110.868 E2458.84681
G1 X134.353 Y110.433 E2458.87831
G1 X134.301 Y110.034 E2458.90507
G1 X134.336 Y109.641 E2458.93132
G1 X134.471 Y109.201 E2458.96193
G1 X134.884 Y108.683 E2459.006
G1 X135.301 Y108.449 E2459.03781
G1 X135.737 Y108.303 E2459.0684
G1 X136.25 Y108.318 E2459.10254
G1 X136.607 Y108.41 E2459.12706
G1 X137.045 Y108.635 E2459.15982
G1 X137.348 Y108.964 E2459.18957
G1 X137.532 Y109.261 E2459.21281
G1 X137.688 Y109.677 E2459.24236
G1 X137.689 Y110.189 E2459.27642
G1 X137.634 Y110.464 E2459.29508
G1 X137.449 Y110.921 E2459.32787
G1 X137.045 Y111.365 E2459.3678
G1 X136.521 Y111.639 E2459.40714
G1 X136.039 Y111.7 E2459.43946
G0 F12000 X136.002 Y112.407
G0 X138.226 Y112.32
M106 S255
;TYPE:FILL
G1 F1200 X140.32 Y110.227 E2459.55762
G0 F12000 X140.32 Y110.792
G1 F1200 X138.792 Y112.32 E2459.64387
G0 F12000 X139.357 Y112.32
G1 F1200 X140.32 Y111.358 E2459.6982
G0 F12000 X140.32 Y111.924
G1 F1200 X139.923 Y112.32 E2459.72058
G0 F12000 X139.026 Y110.955
G1 F1200 X140.32 Y109.661 E2459.79362
G0 F12000 X140.32 Y109.095
G1 F1200 X139.164 Y110.251 E2459.85887
G0 F12000 X139.166 Y109.683
G1 F1200 X140.32 Y108.53 E2459.92398
G0 F12000 X140.32 Y107.964
G1 F1200 X139.078 Y109.206 E2459.99408
G0 F12000 X138.933 Y108.785
G1 F1200 X140.045 Y107.673 E2460.05685
G0 F12000 X139.472 Y107.68
G1 F1200 X138.747 Y108.405 E2460.09777
G0 F12000 X138.518 Y108.069
G1 F1200 X138.906 Y107.68 E2460.1197
G0 F12000 X140.838 Y106.838
G0 X140.838 Y81.162
G0 X140.206 Y80.359
G1 F1200 X140.32 Y80.245 E2460.12613
G0 F12000 X140.32 Y79.679
G1 F1200 X139.679 Y80.32 E2460.16231
G0 F12000 X139.113 Y80.32
G1 F1200 X140.32 Y79.113 E2460.23044
G0 F12000 X140.32 Y78.548
G1 F1200 X139.072 Y79.796 E2460.30088
G0 F12000 X139.172 Y79.13
G1 F1200 X140.32 Y77.982 E2460.36568
G0 F12000 X140.32 Y77.416
G1 F1200 X139.149 Y78.588 E2460.4318
G0 F12000 X139.057 Y78.113
G1 F1200 X140.32 Y76.85 E2460.50309
G0 F12000 X140.32 Y76.285
G1 F1200 X138.901 Y77.705 E2460.58322
G0 F12000 X138.705 Y77.335
G1 F1200 X140.32 Y75.719 E2460.6744
G0 F12000 X140.32 Y75.153
G1 F1200 X138.47 Y77.004 E2460.77885
G0 F12000 X138.202 Y76.706
G1 F1200 X140.32 Y74.588 E2460.8984
G0 F12000 X140.32 Y74.022
G1 F1200 X137.907 Y76.435 E2461.0346
G0 F12000 X137.549 Y76.228
G1 F1200 X140.097 Y73.68 E2461.17842
G0 F12000 X139.531 Y73.68
G1 F1200 X137.162 Y76.049 E2461.31214
G0 F12000 X136.732 Y75.914
G1 F1200 X138.966 Y73.68 E2461.43824
G0 F12000 X138.4 Y73.68
G1 F1200 X136.247 Y75.832 E2461.55973
G0 F12000 X135.682 Y75.832
G1 F1200 X137.834 Y73.68 E2461.6812
G0 F12000 X137.269 Y73.68
G1 F1200 X134.944 Y76.005 E2461.81243
G0 F12000 X134.68 Y75.703
G1 F1200 X136.703 Y73.68 E2461.92662
G0 F12000 X136.137 Y73.68
G1 F1200 X134.68 Y75.137 E2462.00886
G0 F12000 X134.68 Y74.571
G1 F1200 X135.571 Y73.68 E2462.05915
G0 F12000 X135.006 Y73.68
G1 F1200 X134.68 Y74.006 E2462.07755
G1 F2700 E2457.07755
G0 F12000 X133.838 Y73.162
G0 X86.162 Y73.162
G0 X85.32 Y74.151
G1 F2700 E2462.07755
G1 F1200 X83.625 Y75.846 E2462.17322
G0 F12000 X84.206 Y75.831
G1 F1200 X85.32 Y74.717 E2462.2361
G0 F12000 X85.32 Y75.283
G1 F1200 X84.699 Y75.903 E2462.27113
G0 F12000 X85.132 Y76.036
G1 F1200 X85.32 Y75.849 E2462.28171
G0 F12000 X85.225 Y73.68
G1 F1200 X82.87 Y76.035 E2462.41464
G0 F12000 X82.963 Y73.68
G1 F1200 X79.681 Y76.962 E2462.59989
G0 F12000 X79.681 Y77.527
G1 F1200 X83.528 Y73.68 E2462.81703
G0 F12000 X84.094 Y73.68
G1 F1200 X79.681 Y78.093 E2463.06612
G0 F12000 X79.681 Y78.659
G1 F1200 X84.66 Y73.68 E2463.34715
G0 F12000 X82.397 Y73.68
G1 F1200 X79.681 Y76.396 E2463.50046
G0 F12000 X79.681 Y75.83
G1 F1200 X81.831 Y73.68 E2463.62181
G0 F12000 X81.266 Y73.68
G1 F1200 X79.681 Y75.264 E2463.71125
G0 F12000 X79.681 Y74.699
G1 F1200 X80.7 Y73.68 E2463.76876
G0 F12000 X80.134 Y73.68
G1 F1200 X79.681 Y74.133 E2463.79433
G0 F12000 X81.034 Y77.871
G1 F1200 X79.681 Y79.224 E2463.8707
G0 F12000 X79.681 Y79.79
G1 F1200 X80.853 Y78.618 E2463.93686
G0 F12000 X80.813 Y79.224
G1 F1200 X79.681 Y80.356 E2464.00075
G0 F12000 X80.282 Y80.32
G1 F1200 X80.904 Y79.699 E2464.03583
G0 F12000 X81.038 Y80.13
G1 F1200 X80.848 Y80.32 E2464.04656
G0 F12000 X79.162 Y81.162
G0 X79.162 Y106.838
G0 X80.641 Y107.68
G1 F1200 X79.68 Y108.641 E2464.1008
G0 F12000 X79.68 Y109.206
G1 F1200 X81.207 Y107.68 E2464.18696
G0 F12000 X81.773 Y107.68
G1 F1200 X79.68 Y109.772 E2464.30507
G0 F12000 X79.68 Y110.338
G1 F1200 X80.973 Y109.045 E2464.37805
G0 F12000 X80.836 Y109.747
G1 F1200 X79.68 Y110.903 E2464.4433
G0 F12000 X79.68 Y111.469
G1 F1200 X80.822 Y110.327 E2464.50776
G0 F12000 X80.926 Y110.789
G1 F1200 X79.68 Y112.035 E2464.57809
G0 F12000 X79.953 Y112.328
G1 F1200 X81.066 Y111.215 E2464.64091
G0 F12000 X81.261 Y111.586
G1 F1200 X80.526 Y112.32 E2464.68237
G0 F12000 X81.092 Y112.32
G1 F1200 X81.484 Y111.928 E2464.7045
G0 F12000 X79.68 Y108.075
G1 F1200 X80.076 Y107.68 E2464.72682
;MESH:NONMESH
G0 F300 Z32.6
G0 F12000 X79.162 Y106.838
G0 X79.162 Y81.162
G0 X79.4 Y80.755
;TIME_ELAPSED:6579.876611
;LAYER:81
M106 S127.5
;TYPE:WALL-INNER
;MESH:tank_trainer_body.stl
G1 F2400 X79.461 Y80.707 E2464.73199
G1 X80 Y80.6 E2464.76854
G1 X81.591 Y80.599 E2464.87437
G1 X81.362 Y80.186 E2464.90579
G1 X81.231 Y79.849 E2464.92984
G1 X81.102 Y79.306 E2464.96696
G1 X81.108 Y78.821 E2464.99923
G1 X81.143 Y78.525 E2465.01906
G1 X81.228 Y78.161 E2465.04392
G1 X81.349 Y77.83 E2465.06736
G1 X81.565 Y77.414 E2465.09854
G1 X81.895 Y76.997 E2465.13392
G1 X82.39 Y76.576 E2465.17715
G1 X82.784 Y76.367 E2465.20681
G1 X83.093 Y76.247 E2465.22886
G1 X83.636 Y76.114 E2465.26605
G1 X84.261 Y76.105 E2465.30763
G1 X84.732 Y76.198 E2465.33957
G1 X85.091 Y76.322 E2465.36483
G1 X85.6 Y76.577 E2465.4027
G1 X85.6 Y74 E2465.57413
G1 X85.707 Y73.46 E2465.61074
G1 X85.755 Y73.4 E2465.61586
G1 X79.4 Y73.4 E2466.03859
G1 X79.4 Y80.755 E2466.52785
G0 F12000 X79.207 Y81.084
G0 X79 Y82
G1 F2400 X79.199 Y81.399 E2466.56996
G1 X79.615 Y81.076 E2466.605
G1 X80 Y81 E2466.6311
G1 X82.502 Y81 E2466.79753
G1 X82.361 Y80.896 E2466.80919
G1 X82.081 Y80.6 E2466.83629
G1 X81.929 Y80.391 E2466.85348
G1 X81.714 Y79.995 E2466.88346
G1 X81.62 Y79.754 E2466.90067
G1 X81.502 Y79.264 E2466.93419
G1 X81.51 Y78.717 E2466.97058
G1 X81.617 Y78.251 E2467.00239
G1 X81.704 Y78.015 E2467.01912
G1 X81.92 Y77.599 E2467.0503
G1 X82.156 Y77.301 E2467.07559
G1 X82.618 Y76.907 E2467.11598
G1 X83.078 Y76.663 E2467.15061
G1 X83.681 Y76.514 E2467.19193
G1 X84.213 Y76.504 E2467.22733
G1 X84.655 Y76.59 E2467.25728
G1 X84.911 Y76.679 E2467.27531
G1 X85.332 Y76.89 E2467.30664
G1 X85.543 Y77.034 E2467.32363
G1 X85.751 Y77.219 E2467.34215
G1 X86 Y77.516 E2467.36793
G1 X86 Y74 E2467.60181
G1 X86.076 Y73.614 E2467.62798
G1 X86.401 Y73.199 E2467.66305
G1 F2352.9 X86.826 Y73.007 E2467.69469
G1 X86.334 Y72.999 E2467.72808
G1 F2400 X79 Y73 E2468.21593
G1 X79 Y82 E2468.81462
G1 X79 Y106 E2470.4111
G1 F2352.9 X79.007 Y106.174 E2470.42292
G0 F12000 X79.4 Y112.755
G1 F2400 X79.461 Y112.707 E2470.42808
G1 X80 Y112.6 E2470.46464
G1 X82.733 Y112.6 E2470.64644
G1 X82.449 Y112.455 E2470.66765
G1 X82.071 Y112.17 E2470.69914
G1 X81.791 Y111.874 E2470.72624
G1 X81.578 Y111.583 E2470.75023
G1 X81.334 Y111.133 E2470.78428
G1 X81.232 Y110.849 E2470.80436
G1 X81.102 Y110.307 E2470.84143
G1 X81.108 Y109.821 E2470.87376
G1 X81.143 Y109.525 E2470.89359
G1 X81.228 Y109.161 E2470.91846
G1 X81.333 Y108.863 E2470.93947
G1 X81.565 Y108.415 E2470.97303
G1 X81.895 Y107.997 E2471.00846
G1 X82.264 Y107.681 E2471.04078
G1 X82.674 Y107.401 E2471.0738
G1 X80 Y107.4 E2471.25168
G1 X79.46 Y107.293 E2471.2883
G1 X79.4 Y107.245 E2471.29341
G1 X79.4 Y112.755 E2471.65994
G0 F12000 X79.207 Y113.084
G0 X79 Y114
G1 F2400 X79 Y146 E2473.78858
G1 F2352.9 X79.007 Y146.174 E2473.8004
G0 F12000 X79.162 Y146.838
G0 X80 Y147
G1 F2400 X140 Y147 E2477.79162
G1 F2352.9 X140.174 Y146.993 E2477.80343
G1 F2436.5 X141.014 Y147.014 E2477.85849
G1 F2442.7 X140.993 Y146.174 E2477.9134
G1 X140.697 Y146.697 E2477.95268
G1 F2436.5 X140.174 Y146.993 E2477.99206
G0 F12000 X140.838 Y146.838
G0 X140.993 Y146.174
G1 F2358.7 X141 Y146 E2478.00384
G1 F2400 X141 Y114 E2480.13249
G0 F12000 X140.854 Y113.246
G0 X140.6 Y112.754
G1 F2400 X140.6 Y107.246 E2480.49888
G1 X140.54 Y107.293 E2480.50395
G1 X140 Y107.4 E2480.54057
G1 X137.289 Y107.401 E2480.72091
G1 X137.571 Y107.565 E2480.74261
G1 X137.794 Y107.724 E2480.76083
G1 X138.007 Y107.912 E2480.77973
G1 X138.211 Y108.132 E2480.79969
G1 X138.365 Y108.331 E2480.81642
G1 X138.64 Y108.763 E2480.85049
G1 X138.743 Y109.049 E2480.87071
G1 X138.835 Y109.401 E2480.89491
G1 X138.879 Y109.71 E2480.91567
G1 X138.896 Y110.252 E2480.95175
G1 X138.869 Y110.574 E2480.97324
G1 X138.616 Y111.266 E2481.02225
G1 X138.392 Y111.633 E2481.05085
G1 X138.224 Y111.856 E2481.06943
G1 X138.023 Y112.072 E2481.08905
G1 X137.815 Y112.256 E2481.10753
G1 X137.471 Y112.504 E2481.13574
G1 X137.264 Y112.599 E2481.15089
G1 X140 Y112.6 E2481.33289
G1 X140.54 Y112.706 E2481.36949
G1 X140.6 Y112.754 E2481.3746
G0 F12000 X136.163 Y112.408
G0 X136.179 Y112.099
G1 F2400 X135.629 Y112.073 E2481.41123
G1 X135.224 Y111.954 E2481.43931
G1 X134.815 Y111.749 E2481.46974
G1 X134.642 Y111.619 E2481.48414
G1 X134.249 Y111.191 E2481.52279
G1 X134.017 Y110.711 E2481.55825
G1 F2533 X133.933 Y110.252 E2481.58766
G1 F2630.1 X133.927 Y109.578 E2481.62858
G1 F2487 X134.162 Y108.966 E2481.67066
G1 F2400 X134.276 Y108.783 E2481.685
G1 X134.605 Y108.422 E2481.71749
G1 X134.926 Y108.193 E2481.74372
G1 X135.326 Y108.001 E2481.77324
G1 X135.776 Y107.913 E2481.80374
G1 X136.178 Y107.902 E2481.83049
G1 X136.668 Y108.005 E2481.8638
G1 X137.056 Y108.18 E2481.89211
G1 X137.376 Y108.408 E2481.91825
G1 X137.668 Y108.723 E2481.94682
G1 X137.951 Y109.183 E2481.98275
G1 X138.078 Y109.669 E2482.01616
G1 X138.099 Y110.351 E2482.06155
G1 X137.906 Y110.88 E2482.09901
G1 X137.682 Y111.264 E2482.12858
G1 X137.397 Y111.571 E2482.15644
G1 X137.003 Y111.855 E2482.18875
G1 X136.794 Y111.952 E2482.20408
G1 X136.179 Y112.099 E2482.24614
G0 F12000 X136.163 Y112.408
G0 X134.528 Y112.537
G1 F1825.1 X134.495 Y112.481 E2482.25183
G1 X134.43 Y112.481 E2482.25751
G1 X134.398 Y112.537 E2482.26315
G1 X134.431 Y112.593 E2482.26884
G1 X134.496 Y112.593 E2482.27453
G1 X134.528 Y112.537 E2482.28017
G0 F12000 X136.199 Y112.35
G0 X137.012 Y112.157
G0 X137.941 Y111.496
G0 X138.349 Y110.391
G0 X138.371 Y109.38
G0 X137.863 Y108.562
G0 X137.545 Y108.223
G0 X137.183 Y107.966
G0 X136.755 Y107.77
G0 X134.53 Y107.464
G1 F1818.2 X134.497 Y107.407 E2482.28595
G1 X134.431 Y107.407 E2482.29175
G1 X134.398 Y107.464 E2482.29753
G1 X134.431 Y107.521 E2482.30331
G1 X134.497 Y107.521 E2482.30911
G1 X134.53 Y107.464 E2482.31489
G0 F12000 X136.211 Y107.656
G0 X136.755 Y107.77
G0 X137.183 Y107.966
G0 X137.545 Y108.223
G0 X137.863 Y108.562
G0 X138.371 Y109.38
G0 X138.341 Y111.966
G0 X137.916 Y112.414
G0 X140.838 Y113.162
G0 X141 Y114
G1 F2400 X141 Y106.666 E2482.80275
G1 F2358.7 X140.993 Y106.174 E2482.83606
G1 X140.802 Y106.6 E2482.86765
G1 F2400 X140.386 Y106.924 E2482.90273
G1 X140 Y107 E2482.9289
G1 F2388.1 X136.75 Y107.003 E2483.14617
G1 F2206.9 X136.379 Y107.033 E2483.1731
G1 F2091.5 X136.12 Y107.026 E2483.19287
G1 F2096.1 X135.635 Y107.032 E2483.22982
G1 F2212 X135.264 Y107.002 E2483.25668
G1 F2388.1 X134 Y107 E2483.34118
G1 F2400 X134 Y108.493 E2483.4405
G1 X134.337 Y108.123 E2483.47379
G1 X134.712 Y107.855 E2483.50445
G1 F2307.7 X135.15 Y107.642 E2483.53815
G1 F2142.9 X135.679 Y107.491 E2483.57913
G1 F2069 X136.266 Y107.474 E2483.62445
G1 F2138.1 X136.834 Y107.641 E2483.66865
G1 F2307.7 X137.256 Y107.831 E2483.70067
G1 F2400 X137.645 Y108.109 E2483.73247
G1 X137.98 Y108.471 E2483.76528
G1 X138.316 Y108.997 E2483.8068
G1 X138.477 Y109.613 E2483.84916
G1 X138.501 Y110.417 E2483.90266
G1 X138.257 Y111.085 E2483.94997
G1 X137.999 Y111.51 E2483.98304
G1 X137.661 Y111.875 E2484.01613
G1 X137.237 Y112.18 E2484.05088
G1 X136.888 Y112.341 E2484.07644
G1 F2227.4 X136.253 Y112.526 E2484.12385
G1 F2077.9 X135.675 Y112.507 E2484.16828
G1 F2227.4 X135.075 Y112.325 E2484.21322
G1 F2400 X134.636 Y112.107 E2484.24583
G1 X134.348 Y111.89 E2484.26981
G1 X134.001 Y111.505 E2484.30429
G1 X134 Y113 E2484.40374
G1 F2352.9 X135.363 Y112.993 E2484.49622
G1 F2191.8 X135.664 Y112.968 E2484.51822
G1 F2077.9 X136.341 Y112.969 E2484.57024
G1 F2227.4 X136.966 Y112.999 E2484.61508
G1 F2400 X140 Y113 E2484.81691
G1 X140.386 Y113.076 E2484.84308
G1 X140.801 Y113.399 E2484.87806
G1 X141 Y114 E2484.92017
G0 F12000 X140.993 Y106.174
G1 F2358.7 X141 Y106 E2484.93196
G1 F2400 X141 Y82 E2486.52845
G0 F12000 X140.854 Y81.246
G0 X140.6 Y80.754
G1 F2400 X140.6 Y73.4 E2487.01764
G1 X134.245 Y73.4 E2487.44037
G1 X134.293 Y73.461 E2487.44554
G1 X134.4 Y74 E2487.48209
G1 X134.4 Y76.585 E2487.65404
G1 X134.659 Y76.429 E2487.67416
G1 X134.928 Y76.305 E2487.69386
G1 X135.244 Y76.202 E2487.71597
G1 X135.733 Y76.105 E2487.74913
G1 X136.12 Y76.104 E2487.77487
G1 X136.406 Y76.133 E2487.794
G1 X136.771 Y76.209 E2487.8188
G1 X137.065 Y76.306 E2487.83939
G1 X137.337 Y76.43 E2487.85928
G1 X137.57 Y76.564 E2487.87716
G1 X137.794 Y76.725 E2487.89551
G1 X138.007 Y76.912 E2487.91436
G1 X138.211 Y77.132 E2487.93432
G1 X138.365 Y77.331 E2487.95106
G1 X138.569 Y77.651 E2487.9763
G1 X138.743 Y78.049 E2488.0052
G1 X138.835 Y78.401 E2488.0294
G1 X138.879 Y78.71 E2488.05016
G1 X138.896 Y79.252 E2488.08623
G1 X138.869 Y79.573 E2488.10766
G1 X138.668 Y80.127 E2488.14686
G1 X138.548 Y80.377 E2488.16531
G1 X138.413 Y80.599 E2488.18259
G1 X140 Y80.6 E2488.28816
G1 X140.54 Y80.706 E2488.32477
G1 X140.6 Y80.754 E2488.32988
G0 F12000 X140.793 Y81.084
G0 X141 Y82
G1 F2400 X141 Y73 E2488.92856
G1 X133 Y73 E2489.46072
G1 X133.601 Y73.199 E2489.50284
G1 X133.924 Y73.615 E2489.53787
G1 X134 Y74 E2489.56398
G1 X134 Y77.493 E2489.79633
G1 X134.334 Y77.126 E2489.82934
G1 X134.737 Y76.833 E2489.86248
G1 X135.21 Y76.616 E2489.8971
G1 X135.776 Y76.505 E2489.93547
G1 X136.222 Y76.504 E2489.96514
G1 X136.792 Y76.621 E2490.00384
G1 X137.261 Y76.835 E2490.03814
G1 X137.645 Y77.11 E2490.06955
G1 X137.983 Y77.476 E2490.10269
G1 X138.232 Y77.866 E2490.13347
G1 X138.356 Y78.151 E2490.15415
G1 X138.477 Y78.613 E2490.18592
G1 X138.501 Y79.417 E2490.23942
G1 X138.258 Y80.083 E2490.28658
G1 X138.002 Y80.506 E2490.31947
G1 X137.73 Y80.801 E2490.34617
G1 X137.486 Y81 E2490.36711
G1 X140 Y81 E2490.53434
G1 X140.386 Y81.076 E2490.56051
G1 X140.801 Y81.399 E2490.59549
G1 X141 Y82 E2490.63761
G0 F12000 X140.838 Y81.162
G0 X136.804 Y81.179
G0 X136.183 Y81.075
G1 F2637.4 X135.608 Y81.054 E2490.67244
G1 F2533 X135.216 Y80.95 E2490.698
G1 F2436.5 X134.815 Y80.749 E2490.72739
G1 F2400 X134.642 Y80.619 E2490.74178
G1 X134.249 Y80.191 E2490.78044
G1 X134.017 Y79.711 E2490.8159
G1 F2533 X133.933 Y79.252 E2490.84531
G1 F2630.1 X133.927 Y78.578 E2490.88622
G1 F2487 X134.162 Y77.966 E2490.92831
G1 F2400 X134.276 Y77.783 E2490.94265
G1 X134.604 Y77.423 E2490.97504
G1 X134.943 Y77.179 E2491.00283
G1 X135.333 Y76.999 E2491.0314
G1 X135.852 Y76.904 E2491.0665
G1 X136.186 Y76.904 E2491.08872
G1 X136.669 Y77.005 E2491.12154
G1 X137.061 Y77.183 E2491.15018
G1 X137.38 Y77.411 E2491.17626
G1 X137.662 Y77.717 E2491.20394
G1 X137.945 Y78.162 E2491.23902
G1 X138.078 Y78.669 E2491.27389
G1 X138.099 Y79.352 E2491.31935
G1 X137.895 Y79.912 E2491.35899
G1 X137.679 Y80.267 E2491.38663
G1 X137.401 Y80.568 E2491.41389
G1 X137.003 Y80.855 E2491.44653
G1 X136.794 Y80.952 E2491.46186
G1 F2526.3 X136.183 Y81.075 E2491.50124
G1 F2700 E2486.50124
G0 F12000 X137.054 Y81.14
G0 X134.221 Y80.863
G1 F2700 E2491.50124
G1 F1424.3 X134.179 Y80.79 E2491.51068
G1 X134.095 Y80.79 E2491.5201
G1 X134.053 Y80.863 E2491.52954
G1 X134.095 Y80.936 E2491.53898
G1 X134.179 Y80.936 E2491.54839
G1 X134.221 Y80.863 E2491.55783
G1 F2700 E2486.55783
G0 F12000 X133.438 Y73.562
G0 X133 Y73
G1 F2700 E2491.55783
G1 F2400 X87 Y73 E2494.61777
G1 F2352.9 X86.826 Y73.007 E2494.62958
G1 F2700 E2489.62958
G0 F12000 X86.588 Y73.507
G0 X86.03 Y81.03
G1 F2700 E2494.62958
G1 F2823.5 X86.03 Y80.393 E2494.6656
G1 X85.821 Y80.662 E2494.68486
G1 X85.432 Y81.03 E2494.71514
G1 X86.03 Y81.03 E2494.74895
G0 F12000 X84.824 Y81.172
G0 X84.058 Y81.079
G1 F2594.6 X83.504 Y81.037 E2494.78314
G1 F2500 X83.291 Y80.983 E2494.79717
G1 F2424.2 X82.721 Y80.695 E2494.83923
G1 F2400 X82.319 Y80.271 E2494.87809
G1 X82.027 Y79.735 E2494.91869
G1 X81.903 Y79.223 E2494.95374
G1 X81.909 Y78.766 E2494.98414
G1 X82.024 Y78.266 E2495.01827
G1 X82.275 Y77.783 E2495.05448
G1 X82.417 Y77.604 E2495.06968
G1 X82.839 Y77.243 E2495.10662
G1 X83.221 Y77.039 E2495.13542
G1 X83.696 Y76.921 E2495.16798
G1 X84.145 Y76.904 E2495.19787
G1 X84.654 Y76.997 E2495.23229
G1 X85.221 Y77.283 E2495.27453
G1 X85.532 Y77.559 E2495.30219
G1 X85.858 Y77.991 E2495.33819
G1 F2455.2 X86.07 Y78.584 E2495.37914
G1 F2526.3 X86.064 Y79.418 E2495.43185
G1 F2461.5 X85.855 Y79.985 E2495.47104
G1 F2400 X85.62 Y80.344 E2495.49958
G1 X85.216 Y80.725 E2495.53652
G1 X85.024 Y80.847 E2495.55166
G1 F2424.2 X84.564 Y81.021 E2495.58404
G1 F2539.7 X84.058 Y81.079 E2495.61606
G1 F2700 E2490.61606
G0 F12000 X84.824 Y81.172
G0 X79.562 Y81.562
G0 X79.562 Y106.438
G0 X85.599 Y107.468
G1 F2700 E2495.61606
G1 F1791 X85.565 Y107.41 E2495.62205
G1 X85.498 Y107.41 E2495.62803
G1 X85.465 Y107.468 E2495.63397
G1 X85.499 Y107.526 E2495.63997
G1 X85.566 Y107.526 E2495.64594
G1 X85.599 Y107.468 E2495.65189
G0 F12000 X83.681 Y107.667
G0 X83.131 Y107.812
G0 X82.699 Y108.037
G0 X82.13 Y108.525
G0 X81.79 Y109.185
G0 X81.659 Y109.743
G0 X81.658 Y110.256
G0 X81.792 Y110.828
G0 X82.117 Y111.415
G0 X82.57 Y111.899
G0 X83.179 Y112.208
G0 X84.022 Y112.412
G0 X84.054 Y112.106
G1 F2400 X83.503 Y112.05 E2495.68873
G1 X83.29 Y111.987 E2495.7035
G1 X82.724 Y111.697 E2495.74581
G1 X82.318 Y111.268 E2495.7851
G1 X82.027 Y110.733 E2495.82561
G1 X81.903 Y110.223 E2495.86053
G1 X81.909 Y109.766 E2495.89093
G1 X82.024 Y109.267 E2495.92499
G1 X82.275 Y108.783 E2495.96126
G1 X82.416 Y108.604 E2495.97642
G1 X82.834 Y108.246 E2496.01303
G1 X83.221 Y108.04 E2496.04219
G1 X83.696 Y107.921 E2496.07476
G1 X84.167 Y107.902 E2496.10612
G1 X84.657 Y107.999 E2496.13935
G1 X85.221 Y108.283 E2496.18135
G1 X85.532 Y108.559 E2496.20901
G1 X85.858 Y108.991 E2496.24501
G1 F2455.2 X86.07 Y109.584 E2496.28596
G1 F2526.3 X86.064 Y110.418 E2496.33867
G1 F2461.5 X85.855 Y110.985 E2496.37786
G1 F2400 X85.62 Y111.344 E2496.4064
G1 X85.132 Y111.804 E2496.45101
G1 X84.56 Y112.029 E2496.4919
G1 X84.054 Y112.106 E2496.52595
G0 F12000 X84.022 Y112.412
G0 X85.607 Y112.543
G1 F1867.7 X85.575 Y112.488 E2496.53139
G1 X85.511 Y112.488 E2496.53686
G1 X85.479 Y112.543 E2496.5423
G1 X85.511 Y112.598 E2496.54774
G1 X85.575 Y112.598 E2496.55321
G1 X85.607 Y112.543 E2496.55864
G0 F12000 X79.162 Y113.162
G0 X79 Y114
G1 F2400 X79.199 Y113.399 E2496.60076
G1 X79.615 Y113.076 E2496.63579
G1 X80 Y113 E2496.6619
G1 X82.949 Y113 E2496.85807
G1 F2191.8 X83.436 Y112.962 E2496.89365
G1 F2069 X84.04 Y112.975 E2496.94026
G1 F2046.9 X84.63 Y112.956 E2496.9863
G1 F2096.1 X84.893 Y112.986 E2497.00647
G1 F2318.8 X85.319 Y113 E2497.03581
G1 F2400 X86 Y113 E2497.08111
G1 X85.996 Y111.538 E2497.17836
G1 X85.383 Y112.118 E2497.2345
G1 F2162.2 X84.588 Y112.473 E2497.29879
G1 F2008.4 X84.092 Y112.529 E2497.33847
G1 F2029.6 X83.459 Y112.486 E2497.38837
G1 F2191.8 X83.107 Y112.343 E2497.41605
G1 F2400 X82.631 Y112.099 E2497.45163
G1 X82.361 Y111.896 E2497.4741
G1 X82.081 Y111.6 E2497.5012
G1 X81.93 Y111.391 E2497.51836
G1 X81.649 Y110.874 E2497.5575
G1 X81.502 Y110.264 E2497.59924
G1 X81.51 Y109.717 E2497.63563
G1 X81.645 Y109.128 E2497.67582
G1 X81.92 Y108.599 E2497.71548
G1 X82.156 Y108.301 E2497.74077
G1 F2352.9 X82.609 Y107.912 E2497.78128
G1 F2264.2 X83.033 Y107.687 E2497.81513
G1 F2133.3 X83.622 Y107.494 E2497.86151
G1 F2060.1 X84.256 Y107.473 E2497.91067
G1 F2201.8 X84.655 Y107.588 E2497.94078
G1 F2376.2 X84.911 Y107.679 E2497.95904
G1 F2400 X85.332 Y107.89 E2497.99036
G1 X85.543 Y108.034 E2498.00735
G1 X85.751 Y108.219 E2498.02587
G1 X86 Y108.516 E2498.05165
G1 X86 Y107 E2498.1525
G1 F2376.2 X84.712 Y107.003 E2498.23903
G1 F2201.8 X84.361 Y107.032 E2498.26457
G1 F2096.1 X84.084 Y107.026 E2498.28567
G1 F2091.5 X83.582 Y107.033 E2498.32399
G1 F2217.1 X83.113 Y107.001 E2498.35784
G1 F2400 X80 Y107 E2498.56492
G1 X79.614 Y106.924 E2498.59109
G1 X79.199 Y106.599 E2498.62616
G1 F2352.9 X79.007 Y106.174 E2498.6578
G1 X78.999 Y106.666 E2498.69118
G1 F2400 X79 Y114 E2499.17904
G1 F2700 E2494.17904
G0 F12000 X79.162 Y146.838
G0 X80 Y147
G1 F2700 E2499.17904
G1 F2487 X79.303 Y146.697 E2499.22783
G1 F2436.5 X79.007 Y146.174 E2499.26721
G1 X78.986 Y147.014 E2499.32226
G1 F2487 X80 Y147 E2499.38736
G1 F2700 E2494.38736
G0 F12000 X110 Y147.09
G0 X110 Y147.4
G1 F2700 E2499.38736
G1 F2400 X141.4 Y147.4 E2501.4761
G1 X141.4 Y72.6 E2506.45181
G1 X78.6 Y72.6 E2510.62929
G1 X78.601 Y147.399 E2515.60494
G1 X110 Y147.4 E2517.69361
G0 F12000 X110 Y146.6
G1 F2400 X80 Y146.6 E2519.68921
G1 X79.575 Y146.425 E2519.71979
G1 X79.4 Y146.089 E2519.74499
G1 X79.4 Y114 E2521.87956
G1 X79.519 Y113.639 E2521.90484
G1 X79.769 Y113.446 E2521.92585
G1 X80 Y113.4 E2521.94152
G1 X86.4 Y113.4 E2522.36725
G1 X86.4 Y111.034 E2522.52464
G1 F2526.3 X86.421 Y110.399 E2522.56479
G1 F2696.6 X86.423 Y109.728 E2522.60451
G1 F2594.6 X86.408 Y109.455 E2522.62133
G1 F2449 X86.4 Y108.976 E2522.65257
G1 F2400 X86.4 Y106.6 E2522.81062
G1 X80 Y106.6 E2523.23635
G1 X79.768 Y106.554 E2523.25208
G1 X79.519 Y106.36 E2523.27308
G1 X79.4 Y106.086 E2523.29295
G1 X79.4 Y82 E2524.89516
G1 X79.519 Y81.639 E2524.92044
G1 X79.769 Y81.446 E2524.94145
G1 X80 Y81.4 E2524.95712
G1 F2424.2 X83.19 Y81.404 E2525.1672
G1 F2580.6 X84.04 Y81.425 E2525.2198
G1 F2594.6 X84.703 Y81.405 E2525.26061
G1 F2430.4 X86.4 Y81.4 E2525.37208
G1 F2400 X86.4 Y80.034 E2525.46295
G1 F2526.3 X86.421 Y79.399 E2525.5031
G1 F2696.6 X86.423 Y78.728 E2525.54283
G1 F2594.6 X86.408 Y78.455 E2525.55965
G1 F2449 X86.4 Y77.976 E2525.59088
G1 F2400 X86.4 Y74 E2525.85536
G1 X86.446 Y73.768 E2525.8711
G1 X86.64 Y73.519 E2525.8921
G1 X86.914 Y73.4 E2525.91197
G1 X133 Y73.4 E2528.97762
G1 X133.361 Y73.519 E2529.0029
G1 X133.554 Y73.769 E2529.02391
G1 X133.6 Y74 E2529.03958
G1 F2442.7 X133.594 Y78.444 E2529.33002
G1 F2601.6 X133.576 Y78.732 E2529.34773
G1 F2727.3 X133.576 Y79.152 E2529.37232
G1 F2553.2 X133.6 Y79.708 E2529.40712
G1 F2400 X133.6 Y81.4 E2529.51967
G1 X135.064 Y81.4 E2529.61705
G1 F2553.2 X136.124 Y81.424 E2529.68335
G1 X136.847 Y81.399 E2529.72859
G1 F2400 X140 Y81.4 E2529.93833
G1 X140.232 Y81.445 E2529.95405
G1 X140.481 Y81.639 E2529.97504
G1 X140.6 Y82 E2530.00033
G1 X140.6 Y106.085 E2531.60247
G1 X140.482 Y106.36 E2531.62238
G1 X140.232 Y106.554 E2531.64343
G1 X140 Y106.6 E2531.65916
G1 X133.6 Y106.6 E2532.08489
G1 F2442.7 X133.594 Y109.444 E2532.27076
G1 F2601.6 X133.576 Y109.732 E2532.28847
G1 F2727.3 X133.576 Y110.152 E2532.31306
G1 F2553.2 X133.6 Y110.708 E2532.34785
G1 F2400 X133.6 Y113.4 E2532.52693
G1 X140 Y113.4 E2532.95266
G1 X140.232 Y113.445 E2532.96838
G1 X140.481 Y113.639 E2532.98937
G1 X140.6 Y114 E2533.01466
G1 X140.6 Y146.089 E2535.14923
G1 X140.424 Y146.424 E2535.1744
G1 X140.089 Y146.6 E2535.19957
G1 X110 Y146.6 E2537.2011
G0 F12000 X110 Y146.199
;TYPE:WALL-OUTER
G1 F2400 X80 Y146.2 E2539.19671
G1 X79.858 Y146.142 E2539.20691
G1 X79.802 Y146.035 E2539.21495
G1 X79.8 Y114 E2541.34592
G1 X79.839 Y113.879 E2541.35438
G1 X79.943 Y113.8 E2541.36307
G1 X86.8 Y113.8 E2541.8192
G1 X86.8 Y106.2 E2542.32475
G1 X79.941 Y106.2 E2542.78101
G1 X79.839 Y106.12 E2542.78964
G1 X79.802 Y106.035 E2542.7958
G1 X79.8 Y82 E2544.39462
G1 X79.839 Y81.879 E2544.40307
G1 X79.943 Y81.8 E2544.41176
G1 X86.8 Y81.8 E2544.86789
G1 X86.8 Y73.941 E2545.39067
G1 X86.88 Y73.839 E2545.3993
G1 X86.965 Y73.802 E2545.40546
G1 X133 Y73.8 E2548.46772
G1 X133.121 Y73.839 E2548.47618
G1 X133.2 Y73.943 E2548.48487
G1 X133.2 Y81.8 E2549.00752
G1 X140.059 Y81.8 E2549.46378
G1 X140.161 Y81.879 E2549.47236
G1 X140.2 Y82 E2549.48082
G1 X140.198 Y106.035 E2551.07964
G1 X140.161 Y106.12 E2551.0858
G1 X140.059 Y106.2 E2551.09442
G1 X133.2 Y106.2 E2551.55069
G1 X133.2 Y113.8 E2552.05624
G1 X140.059 Y113.8 E2552.5125
G1 X140.161 Y113.879 E2552.52109
G1 X140.2 Y114 E2552.52954
G1 X140.198 Y146.035 E2554.66052
G1 X140.142 Y146.142 E2554.66855
G1 X140.035 Y146.198 E2554.67659
G1 X110 Y146.199 E2556.67452
G0 F12000 X110 Y146.91
G0 X110 Y147.8
G1 F2400 X141.8 Y147.8 E2558.78987
G1 X141.8 Y72.2 E2563.8188
G1 X78.2 Y72.2 E2568.04949
G1 X78.201 Y147.799 E2573.07836
G1 X110 Y147.8 E2575.19363
G1 F2700 E2570.19363
G0 F12000 X110 Y147.09
G0 X79.162 Y146.838
G0 X79.162 Y113.162
G0 X83.947 Y112.404
G0 X84.019 Y111.7
G1 F2700 E2575.19363
G1 F2400 X83.506 Y111.648 E2575.22793
G1 X82.966 Y111.372 E2575.26827
G1 X82.662 Y111.05 E2575.29773
G1 X82.412 Y110.605 E2575.33168
G1 X82.306 Y110.191 E2575.36011
G1 X82.313 Y109.795 E2575.38646
G1 X82.414 Y109.383 E2575.41468
G1 X82.648 Y108.932 E2575.44847
G1 X83.082 Y108.567 E2575.4862
G1 X83.39 Y108.41 E2575.50919
G1 X83.765 Y108.315 E2575.53493
G1 X84.155 Y108.307 E2575.56087
G1 X84.526 Y108.38 E2575.58603
G1 X84.971 Y108.605 E2575.6192
G1 X85.248 Y108.847 E2575.64366
G1 X85.502 Y109.183 E2575.67168
G1 X85.692 Y109.689 E2575.70764
G1 X85.69 Y110.303 E2575.74848
G1 X85.484 Y110.822 E2575.78563
G1 X85.294 Y111.102 E2575.80813
G1 X84.906 Y111.461 E2575.8433
G1 X84.443 Y111.642 E2575.87637
G1 X84.019 Y111.7 E2575.90483
G1 F2700 E2570.90483
G0 F12000 X83.947 Y112.404
G0 X85.047 Y111.674
G0 X85.502 Y111.246
G0 X85.719 Y110.923
G0 X85.942 Y110.354
G0 X85.941 Y109.648
G0 X85.726 Y109.06
G0 X84.114 Y106.451
G0 X79.562 Y106.438
G0 X79.562 Y81.562
G0 X84.824 Y81.172
G0 X84.04 Y80.7
G1 F2700 E2575.90483
G1 F2400 X83.503 Y80.647 E2575.94073
G1 X82.965 Y80.37 E2575.98098
G1 X82.662 Y80.05 E2576.0103
G1 X82.403 Y79.589 E2576.04547
G1 X82.306 Y79.191 E2576.07272
G1 X82.313 Y78.795 E2576.09907
G1 X82.414 Y78.383 E2576.12728
G1 X82.648 Y77.933 E2576.16102
G1 X83.053 Y77.586 E2576.1965
G1 X83.39 Y77.41 E2576.22179
G1 X83.765 Y77.315 E2576.24752
G1 X84.126 Y77.304 E2576.27155
G1 X84.525 Y77.38 E2576.29857
G1 X84.971 Y77.605 E2576.3318
G1 X85.248 Y77.847 E2576.35626
G1 X85.502 Y78.183 E2576.38428
G1 X85.692 Y78.689 E2576.42024
G1 X85.69 Y79.303 E2576.46108
G1 X85.484 Y79.822 E2576.49823
G1 X85.294 Y80.102 E2576.52073
G1 X84.913 Y80.461 E2576.55556
G1 X84.482 Y80.631 E2576.58638
G1 X84.04 Y80.7 E2576.61613
G1 F2700 E2571.61613
G0 F12000 X84.824 Y81.172
G0 X86.551 Y79.727
G0 X86.562 Y73.562
G0 X133.438 Y73.562
G0 X133.449 Y80.417
G0 X136.804 Y81.179
G0 X136.159 Y80.694
G1 F2700 E2576.61613
G1 F2400 X135.671 Y80.668 E2576.64864
G1 X135.354 Y80.571 E2576.67069
G1 X134.96 Y80.374 E2576.7
G1 X134.583 Y79.964 E2576.73705
G1 X134.411 Y79.607 E2576.76341
G1 X134.306 Y79.187 E2576.79221
G1 X134.304 Y78.694 E2576.825
G1 X134.548 Y78.079 E2576.86901
G1 X134.886 Y77.713 E2576.90215
G1 X135.163 Y77.518 E2576.92469
G1 X135.477 Y77.379 E2576.94753
G1 X135.841 Y77.307 E2576.97221
G1 X136.161 Y77.308 E2576.9935
G1 X136.567 Y77.398 E2577.02116
G1 X136.873 Y77.541 E2577.04363
G1 X137.127 Y77.728 E2577.06461
G1 X137.353 Y77.976 E2577.08693
G1 X137.575 Y78.324 E2577.11439
G1 X137.68 Y78.749 E2577.14351
G1 X137.694 Y79.287 E2577.17931
G1 X137.523 Y79.753 E2577.21233
G1 X137.367 Y80.009 E2577.23227
G1 X137.143 Y80.257 E2577.2545
G1 X136.738 Y80.554 E2577.28791
G1 X136.159 Y80.694 E2577.32754
G1 F2700 E2572.32754
G0 F12000 X136.804 Y81.179
G0 X140.838 Y81.162
G0 X140.838 Y106.838
G0 X136.755 Y107.77
G0 X137.183 Y107.966
G0 X137.545 Y108.223
G0 X137.863 Y108.562
G0 X138.371 Y109.38
G0 X138.349 Y110.391
G0 X137.941 Y111.496
G0 X137.105 Y112.091
G0 X136.106 Y112.405
G0 X136.143 Y111.698
G1 F2700 E2577.32754
G1 F2400 X135.671 Y111.668 E2577.359
G1 X135.354 Y111.571 E2577.38105
G1 X134.96 Y111.374 E2577.41035
G1 X134.583 Y110.964 E2577.4474
G1 X134.411 Y110.607 E2577.47376
G1 X134.306 Y110.187 E2577.50256
G1 X134.304 Y109.694 E2577.53535
G1 X134.548 Y109.079 E2577.57937
G1 X134.886 Y108.713 E2577.61251
G1 X135.14 Y108.531 E2577.63329
G1 X135.477 Y108.379 E2577.65789
G1 X135.845 Y108.307 E2577.68283
G1 X136.161 Y108.308 E2577.70385
G1 X136.525 Y108.384 E2577.72858
G1 X136.839 Y108.521 E2577.75137
G1 X137.097 Y108.701 E2577.7723
G1 X137.353 Y108.976 E2577.79729
G1 X137.571 Y109.321 E2577.82444
G1 X137.674 Y109.705 E2577.85089
G1 X137.694 Y110.287 E2577.88962
G1 X137.537 Y110.726 E2577.92064
G1 X137.367 Y111.009 E2577.9426
G1 X137.113 Y111.283 E2577.96745
G1 X136.737 Y111.554 E2577.99828
G1 X136.143 Y111.698 E2578.03894
G0 F12000 X136.106 Y112.405
G0 X137.012 Y112.157
G0 X137.941 Y111.496
G0 X138.931 Y109.37
G0 X139.71 Y109.247
;TYPE:SKIN
G1 F1726.6 X139.499 Y108.842 E2578.08117
G1 F2123.9 X139.334 Y108.388 E2578.11748
G1 X139.2 Y108.185 E2578.13576
G1 X139.814 Y108.183 E2578.18191
G1 X139.814 Y108.801 E2578.22837
G1 F1726.6 X139.71 Y109.247 E2578.27071
G1 F1521.4 X139.739 Y109.659 E2578.31405
G1 F1608 X139.744 Y110.299 E2578.37759
G1 F1584.2 X139.73 Y110.641 E2578.41209
G0 F12000 X138.975 Y110.512
G0 X138.618 Y111.456
G0 X139.201 Y111.81
G1 F2087 X139.327 Y111.597 E2578.43102
G1 F2055.7 X139.571 Y110.962 E2578.48385
G1 F1755 X139.73 Y110.641 E2578.51644
G1 X139.803 Y111.003 E2578.55003
G1 F2055.7 X139.81 Y111.813 E2578.61294
G1 F2087 X139.201 Y111.81 E2578.65953
G0 F12000 X138.384 Y112.239
G1 F2400 X138.696 Y111.824 E2578.69406
G1 X138.928 Y111.44 E2578.72391
G1 X139.154 Y110.836 E2578.76681
G1 X139.23 Y110.551 E2578.78643
G1 X139.252 Y110.263 E2578.80564
G1 X139.24 Y109.707 E2578.84264
G1 X139.186 Y109.319 E2578.86869
G1 X139.094 Y108.968 E2578.89283
G1 X138.953 Y108.583 E2578.92011
G1 X138.665 Y108.135 E2578.95553
G1 X138.38 Y107.76 E2578.98686
G1 X140.031 Y107.757 E2579.09669
G1 X140.24 Y107.716 E2579.11086
G1 X140.24 Y112.284 E2579.41472
G1 X140.031 Y112.243 E2579.42889
G1 X138.384 Y112.239 E2579.53845
G1 F2700 E2574.53845
G0 F12000 X138.384 Y112.5
G0 X137.916 Y112.414
G0 X138.425 Y111.882
G0 X138.327 Y108.021
G0 X137.917 Y107.586
G0 X140.838 Y106.838
G0 X140.838 Y81.162
G0 X140.5 Y80.284
G0 X140.24 Y80.284
G1 F2700 E2579.53845
G1 F2400 X140.031 Y80.243 E2579.55262
G1 X139.006 Y80.24 E2579.6208
G1 X139.145 Y79.857 E2579.6479
G1 X139.23 Y79.551 E2579.66903
G1 X139.252 Y79.263 E2579.68824
G1 X139.24 Y78.707 E2579.72524
G1 X139.186 Y78.319 E2579.7513
G1 X139.094 Y77.968 E2579.77543
G1 X138.884 Y77.48 E2579.81077
G1 X138.665 Y77.135 E2579.83796
G1 X138.448 Y76.856 E2579.86147
G1 X138.276 Y76.668 E2579.87842
G1 X138.019 Y76.444 E2579.9011
G1 X137.757 Y76.254 E2579.92262
G1 X137.501 Y76.106 E2579.94229
G1 X137.214 Y75.977 E2579.96323
G1 X136.836 Y75.851 E2579.98973
G1 X136.46 Y75.776 E2580.01524
G1 X136.136 Y75.745 E2580.03689
G1 X135.677 Y75.747 E2580.06742
G1 X135.173 Y75.847 E2580.1016
G1 X134.76 Y75.981 E2580.13048
G1 X134.76 Y74 E2580.26226
G1 X134.714 Y73.76 E2580.27851
G1 X140.24 Y73.76 E2580.6461
G1 X140.24 Y80.284 E2581.08008
G0 F12000 X139.445 Y80.041
G1 F2400 X140.04 Y79.446 E2581.13606
G0 F12000 X140.04 Y78.88
G1 F2400 X139.436 Y79.484 E2581.19288
G0 F12000 X139.444 Y78.91
G1 F2400 X140.04 Y78.314 E2581.24895
G0 F12000 X140.04 Y77.749
G1 F2400 X139.398 Y78.391 E2581.30934
G0 F12000 X139.289 Y77.934
G1 F2400 X140.04 Y77.183 E2581.37999
G0 F12000 X140.04 Y76.617
G1 F2400 X139.125 Y77.532 E2581.46607
G0 F12000 X138.923 Y77.169
G1 F2400 X140.04 Y76.051 E2581.5712
G0 F12000 X140.04 Y75.486
G1 F2400 X138.688 Y76.838 E2581.69838
G0 F12000 X138.426 Y76.534
G1 F2400 X140.04 Y74.92 E2581.85022
G0 F12000 X140.04 Y74.354
G1 F2400 X138.122 Y76.273 E2582.0307
G0 F12000 X137.788 Y76.042
G1 F2400 X139.869 Y73.96 E2582.22651
G0 F12000 X139.304 Y73.96
G1 F2400 X137.415 Y75.849 E2582.40422
G0 F12000 X137.001 Y75.696
G1 F2400 X138.738 Y73.96 E2582.56758
G0 F12000 X138.172 Y73.96
G1 F2400 X136.544 Y75.588 E2582.72073
G0 F12000 X136.02 Y75.546
G1 F2400 X137.607 Y73.96 E2582.86998
G0 F12000 X137.041 Y73.96
G1 F2400 X135.402 Y75.598 E2583.02412
G0 F12000 X134.961 Y75.474
G1 F2400 X136.475 Y73.96 E2583.16655
G0 F12000 X135.909 Y73.96
G1 F2400 X134.959 Y74.91 E2583.25592
G0 F12000 X134.958 Y74.346
G1 F2400 X135.344 Y73.96 E2583.29223
G1 F2700 E2578.29223
G0 F12000 X135.344 Y73.5
G0 X133.838 Y73.162
G0 X86.162 Y73.162
G0 X85.356 Y77.074
G0 X84.743 Y76.765
G0 X84.189 Y76.654
G0 X83.681 Y76.667
G0 X83.131 Y76.812
G0 X82.699 Y77.037
G0 X82.13 Y77.525
G0 X81.79 Y78.185
G0 X81.266 Y80.422
G0 X79.575 Y80.51
G0 X79.76 Y80.283
G1 F2700 E2583.29223
G1 F2400 X79.76 Y73.76 E2583.72614
G1 X85.284 Y73.76 E2584.0936
G1 X85.243 Y73.965 E2584.10751
G1 X85.24 Y75.995 E2584.24254
G1 X84.823 Y75.847 E2584.27198
G1 X84.31 Y75.747 E2584.30674
G1 X83.581 Y75.754 E2584.35524
G1 X83.007 Y75.897 E2584.39459
G1 X82.633 Y76.036 E2584.42113
G1 X82.351 Y76.188 E2584.44244
G1 X82.093 Y76.353 E2584.46281
G1 X81.665 Y76.72 E2584.50032
G1 X81.259 Y77.223 E2584.54332
G1 X81.034 Y77.652 E2584.57554
G1 X80.872 Y78.087 E2584.60642
G1 X80.792 Y78.435 E2584.63017
G1 X80.749 Y78.801 E2584.65468
G1 X80.744 Y79.17 E2584.67923
G1 X80.768 Y79.446 E2584.69766
G1 X80.876 Y79.929 E2584.73058
G1 X80.995 Y80.24 E2584.75274
G1 X79.96 Y80.243 E2584.82158
G1 X79.76 Y80.283 E2584.83515
G0 F12000 X79.5 Y80.283
G0 X79.5 Y74.472
G0 X79.96 Y74.472
G1 F2400 X80.472 Y73.96 E2584.88332
G0 F12000 X81.038 Y73.96
G1 F2400 X79.96 Y75.037 E2584.98468
G0 F12000 X79.96 Y75.603
G1 F2400 X81.604 Y73.96 E2585.13929
G0 F12000 X82.169 Y73.96
G1 F2400 X79.96 Y76.169 E2585.3471
G0 F12000 X79.96 Y76.735
G1 F2400 X82.735 Y73.96 E2585.60816
G0 F12000 X83.301 Y73.96
G1 F2400 X79.96 Y77.3 E2585.92241
G0 F12000 X79.96 Y77.866
G1 F2400 X83.866 Y73.96 E2586.28986
G0 F12000 X84.432 Y73.96
G1 F2400 X82.521 Y75.871 E2586.46964
G0 F12000 X83.352 Y75.605
G1 F2400 X84.998 Y73.96 E2586.62444
G0 F12000 X85.042 Y74.481
G1 F2400 X83.974 Y75.549 E2586.72491
G0 F12000 X84.508 Y75.581
G1 F2400 X85.041 Y75.048 E2586.77505
G0 F12000 X85.039 Y75.615
G1 F2400 X84.967 Y75.687 E2586.78182
G0 F12000 X84.817 Y76.122
G0 X83.102 Y76.864
G0 X81.293 Y77.72
G0 X80.885 Y77.507
G1 F2400 X79.96 Y78.432 E2586.86884
G0 F12000 X79.96 Y78.997
G1 F2400 X80.606 Y78.352 E2586.92957
G0 F12000 X80.547 Y78.976
G1 F2400 X79.96 Y79.563 E2586.98479
G0 F12000 X80.046 Y80.043
G1 F2400 X80.577 Y79.512 E2587.03474
G0 F12000 X80.686 Y79.969
G1 F2400 X80.614 Y80.04 E2587.04147
G1 F2700 E2582.04147
G0 F12000 X80.614 Y80.5
G0 X79.162 Y81.162
G0 X79.162 Y106.838
G0 X79.5 Y109.346
G0 X80.279 Y109.346
G1 F2700 E2587.04147
G1 F1758.2 X80.187 Y108.908 E2587.0821
G1 F2109.9 X80.187 Y108.184 E2587.13689
G1 X80.796 Y108.186 E2587.18297
G1 X80.621 Y108.508 E2587.2107
G1 X80.467 Y108.94 E2587.2454
G1 F1758.2 X80.279 Y109.346 E2587.28603
G0 F12000 X79.5 Y109.346
G0 X79.347 Y112.789
G0 X81.615 Y112.5
G0 X81.615 Y112.239
G1 F2400 X79.96 Y112.243 E2587.39612
G1 X79.76 Y112.283 E2587.40969
G1 X79.76 Y107.716 E2587.71348
G1 X79.965 Y107.757 E2587.72739
G1 X81.624 Y107.761 E2587.83775
G1 X81.262 Y108.22 E2587.87663
G1 X81.01 Y108.695 E2587.9124
G1 X80.872 Y109.083 E2587.9398
G1 X80.792 Y109.435 E2587.96381
G1 X80.749 Y109.801 E2587.98832
G1 X80.744 Y110.17 E2588.01287
G1 X80.768 Y110.446 E2588.0313
G1 X80.881 Y110.927 E2588.06417
G1 X81.011 Y111.295 E2588.09013
G1 X81.255 Y111.748 E2588.12436
G1 X81.615 Y112.239 E2588.16486
G0 F12000 X80.802 Y111.812
G1 F2091.5 X80.19 Y111.814 E2588.21157
G1 X80.189 Y111.054 E2588.26958
G1 F1791 X80.267 Y110.53 E2588.31681
G1 X80.461 Y111.022 E2588.36395
G1 F2091.5 X80.626 Y111.482 E2588.40125
G1 X80.802 Y111.812 E2588.4298
G0 F12000 X80.802 Y112.5
G0 X79.347 Y112.789
G0 X79.5 Y110.53
G0 X80.267 Y110.53
G1 F1605.4 X80.252 Y110.177 E2588.46494
G1 F1635.4 X80.255 Y109.744 E2588.50721
G1 F1563.5 X80.279 Y109.346 E2588.54792
G0 F12000 X79.21 Y109.346
;MESH:NONMESH
G0 F300 Z33
G0 F12000 X79.162 Y106.838
G0 X79.162 Y81.162
G0 X79.4 Y80.755
;TIME_ELAPSED:6657.712217
;LAYER:82
;TYPE:WALL-INNER
;MESH:tank_trainer_body.stl
G1 F2400 X79.461 Y80.707 E2588.55308
G1 X80 Y80.6 E2588.58964
G1 X81.589 Y80.6 E2588.69534
G1 X81.457 Y80.39 E2588.71184
G1 X81.337 Y80.144 E2588.73004
G1 X81.193 Y79.76 E2588.75732
G1 X81.104 Y79.438 E2588.77955
G1 X81.104 Y78.856 E2588.81826
G1 X81.139 Y78.541 E2588.83935
G1 X81.224 Y78.176 E2588.86427
G1 X81.323 Y77.889 E2588.88447
G1 X81.483 Y77.553 E2588.90923
G1 X81.715 Y77.209 E2588.93683
G1 X81.98 Y76.922 E2588.96281
G1 X82.19 Y76.733 E2588.9816
G1 X82.422 Y76.565 E2589.00066
G1 X82.692 Y76.413 E2589.02127
G1 X83.028 Y76.269 E2589.04559
G1 X83.337 Y76.177 E2589.06703
G1 X83.744 Y76.105 E2589.09453
G1 X84.123 Y76.09 E2589.11976
G1 X84.716 Y76.188 E2589.15974
G1 X85.116 Y76.319 E2589.18774
G1 X85.6 Y76.567 E2589.22391
G1 X85.6 Y74 E2589.39467
G1 X85.707 Y73.46 E2589.43129
G1 X85.755 Y73.4 E2589.4364
G1 X79.4 Y73.4 E2589.85914
G1 X79.4 Y80.755 E2590.3484
G0 F12000 X79.207 Y81.084
G0 X79 Y82
G1 F2400 X79.199 Y81.399 E2590.39051
G1 X79.615 Y81.076 E2590.42554
G1 X80 Y81 E2590.45165
G1 X82.511 Y80.999 E2590.61868
G1 X82.279 Y80.809 E2590.63863
G1 X82.003 Y80.512 E2590.6656
G1 X81.746 Y80.097 E2590.69807
G1 X81.504 Y79.452 E2590.7439
G1 X81.504 Y78.739 E2590.79132
G1 X81.637 Y78.163 E2590.83065
G1 X81.844 Y77.725 E2590.86287
G1 X82.01 Y77.48 E2590.88256
G1 X82.344 Y77.116 E2590.91542
G1 X82.746 Y76.825 E2590.94843
G1 X83.289 Y76.592 E2590.98774
G1 X83.814 Y76.499 E2591.02321
G1 X84.085 Y76.488 E2591.04125
G1 X84.649 Y76.582 E2591.07928
G1 X84.935 Y76.676 E2591.09931
G1 X85.367 Y76.896 E2591.13156
G1 X85.644 Y77.106 E2591.15468
G1 X86 Y77.486 E2591.18932
G1 X86 Y74 E2591.42121
G1 X86.076 Y73.614 E2591.44738
G1 X86.401 Y73.199 E2591.48244
G1 F2352.9 X86.826 Y73.007 E2591.51408
G1 X86.334 Y72.999 E2591.54747
G1 F2400 X79 Y73 E2592.03533
G1 X79 Y82 E2592.63401
G1 X79 Y106 E2594.2305
G1 F2352.9 X79.007 Y106.174 E2594.24232
G0 F12000 X79.4 Y112.755
G1 F2400 X79.461 Y112.707 E2594.24748
G1 X80 Y112.6 E2594.28403
G1 X82.727 Y112.599 E2594.46543
G1 X82.436 Y112.438 E2594.48756
G1 X82.196 Y112.266 E2594.5072
G1 X81.986 Y112.081 E2594.52581
G1 X81.778 Y111.857 E2594.54615
G1 X81.613 Y111.641 E2594.56423
G1 X81.387 Y111.277 E2594.59273
G1 X81.193 Y110.76 E2594.62946
G1 X81.104 Y110.438 E2594.65168
G1 X81.104 Y109.856 E2594.6904
G1 X81.139 Y109.541 E2594.71148
G1 X81.224 Y109.176 E2594.73641
G1 X81.323 Y108.889 E2594.75661
G1 X81.483 Y108.554 E2594.7813
G1 X81.716 Y108.209 E2594.809
G1 X81.979 Y107.921 E2594.83494
G1 X82.19 Y107.734 E2594.85369
G1 X82.422 Y107.566 E2594.87275
G1 X82.724 Y107.4 E2594.89567
G1 X80 Y107.4 E2595.07687
G1 X79.46 Y107.293 E2595.11349
G1 X79.4 Y107.245 E2595.1186
G1 X79.4 Y112.755 E2595.48513
G0 F12000 X79.207 Y113.084
G0 X79 Y114
G1 F2400 X79 Y146 E2597.61378
G1 F2352.9 X79.007 Y146.174 E2597.6256
G0 F12000 X79.162 Y146.838
G0 X80 Y147
G1 F2400 X140 Y147 E2601.61681
G1 F2352.9 X140.174 Y146.993 E2601.62863
G1 F2436.5 X141.014 Y147.014 E2601.68368
G1 F2442.7 X140.993 Y146.174 E2601.7386
G1 X140.697 Y146.697 E2601.77788
G1 F2436.5 X140.174 Y146.993 E2601.81725
G0 F12000 X140.838 Y146.838
G0 X140.993 Y146.174
G1 F2358.7 X141 Y146 E2601.82904
G1 F2400 X141 Y114 E2603.95769
G0 F12000 X140.854 Y113.246
G0 X140.6 Y112.754
G1 F2400 X140.6 Y107.246 E2604.32408
G1 X140.54 Y107.293 E2604.32915
G1 X140 Y107.4 E2604.36577
G1 X137.276 Y107.401 E2604.54697
G1 X137.558 Y107.556 E2604.56838
G1 X137.866 Y107.776 E2604.59355
G1 X138.164 Y108.065 E2604.62117
G1 X138.465 Y108.457 E2604.65404
G1 X138.674 Y108.828 E2604.68237
G1 X138.846 Y109.476 E2604.72697
G1 X138.892 Y109.836 E2604.75111
G1 X138.892 Y110.311 E2604.78271
G1 X138.693 Y111.097 E2604.83664
G1 X138.406 Y111.607 E2604.87557
G1 X138.232 Y111.843 E2604.89507
G1 X137.952 Y112.151 E2604.92276
G1 X137.529 Y112.468 E2604.95793
G1 X137.254 Y112.6 E2604.97822
G1 X140 Y112.6 E2605.16088
G1 X140.54 Y112.706 E2605.19749
G1 X140.6 Y112.754 E2605.2026
G0 F12000 X135.796 Y112.401
G0 X135.849 Y112.093
G1 F2400 X135.286 Y112 E2605.24056
G1 X134.727 Y111.682 E2605.28334
G1 X134.557 Y111.538 E2605.29816
G1 X134.211 Y111.11 E2605.33477
G1 X134.018 Y110.712 E2605.36419
G1 F2533 X133.933 Y110.252 E2605.39368
G1 F2630.1 X133.927 Y109.576 E2605.43471
G1 F2487 X134.148 Y108.997 E2605.47449
G1 F2400 X134.518 Y108.501 E2605.51566
G1 X134.947 Y108.163 E2605.55199
G1 X135.434 Y107.967 E2605.58691
G1 X135.88 Y107.904 E2605.61687
G1 X136.272 Y107.914 E2605.64295
G1 X136.674 Y108.008 E2605.67042
G1 X137.041 Y108.17 E2605.6971
G1 X137.474 Y108.479 E2605.73249
G1 X137.893 Y109.027 E2605.77838
G1 X138.092 Y109.751 E2605.82832
G1 X138.092 Y110.221 E2605.85959
G1 X137.94 Y110.81 E2605.90005
G1 X137.686 Y111.253 E2605.93402
G1 X137.36 Y111.612 E2605.96628
G1 X137.179 Y111.748 E2605.98134
G1 X136.684 Y111.989 E2606.01796
G1 X136.296 Y112.079 E2606.04446
G1 X135.849 Y112.093 E2606.07421
G0 F12000 X135.796 Y112.401
G0 X134.535 Y112.532
G1 F1791 X134.501 Y112.474 E2606.0802
G1 X134.434 Y112.474 E2606.08617
G1 X134.401 Y112.532 E2606.09212
G1 X134.435 Y112.59 E2606.09811
G1 X134.502 Y112.59 E2606.10408
G1 X134.535 Y112.532 E2606.11003
G0 F12000 X136.301 Y112.334
G0 X136.771 Y112.226
G0 X137.432 Y111.903
G0 X137.884 Y111.411
G0 X138.169 Y110.92
G0 X138.342 Y110.254
G0 X138.341 Y109.728
G0 X138.129 Y108.93
G0 X137.652 Y108.303
G0 X137.167 Y107.957
G0 X136.759 Y107.772
G0 X134.524 Y107.459
G1 F1846.2 X134.491 Y107.403 E2606.11565
G1 X134.426 Y107.403 E2606.12127
G1 X134.394 Y107.459 E2606.12685
G1 X134.427 Y107.515 E2606.13247
G1 X134.492 Y107.515 E2606.13809
G1 X134.524 Y107.459 E2606.14367
G0 F12000 X136.303 Y107.667
G0 X136.759 Y107.772
G0 X137.167 Y107.957
G0 X137.652 Y108.303
G0 X138.129 Y108.93
G0 X138.341 Y109.728
G0 X138.35 Y111.952
G0 X137.909 Y112.412
G0 X140.838 Y113.162
G0 X141 Y114
G1 F2400 X141 Y106.666 E2606.63153
G1 F2358.7 X140.993 Y106.174 E2606.66483
G1 X140.802 Y106.6 E2606.69643
G1 F2400 X140.386 Y106.924 E2606.73151
G1 X140 Y107 E2606.75768
G1 X137.033 Y107.001 E2606.95504
G1 F2352.9 X136.78 Y107.008 E2606.97222
G1 F2162.2 X136.481 Y107.037 E2606.9944
G1 F2077.9 X135.88 Y107.026 E2607.04058
G1 F2051.3 X135.38 Y107.043 E2607.07952
G1 F2114.5 X135.094 Y107.011 E2607.10125
G1 F2330.1 X134.719 Y107 E2607.12695
G1 F2400 X134 Y107 E2607.17478
G1 X134.001 Y108.526 E2607.27629
G1 X134.231 Y108.218 E2607.30186
G1 F2280.3 X134.741 Y107.819 E2607.34719
G1 F2073.4 X135.419 Y107.523 E2607.40416
G1 F2016.8 X135.798 Y107.477 E2607.43438
G1 F2046.9 X136.385 Y107.487 E2607.48017
G1 F2206.9 X136.892 Y107.666 E2607.51906
G1 F2400 X137.243 Y107.822 E2607.54461
G1 X137.634 Y108.102 E2607.5766
G1 X137.847 Y108.308 E2607.59632
G1 X138.147 Y108.7 E2607.62915
G1 X138.296 Y108.962 E2607.6492
G1 X138.459 Y109.579 E2607.69165
G1 X138.492 Y109.836 E2607.70889
G1 X138.492 Y110.266 E2607.73749
G1 X138.316 Y110.954 E2607.78473
G1 X138.012 Y111.489 E2607.82566
G1 X137.656 Y111.881 E2607.86089
G1 X137.354 Y112.108 E2607.88602
G1 X136.918 Y112.32 E2607.91827
G1 F2217.1 X136.37 Y112.506 E2607.95994
G1 F2042.6 X135.818 Y112.521 E2608.0031
G1 F1975.3 X135.314 Y112.459 E2608.04414
G1 F2142.9 X134.993 Y112.293 E2608.07107
G1 F2400 X134.529 Y112.03 E2608.10655
G1 X134.246 Y111.79 E2608.13123
G1 X134.001 Y111.486 E2608.1572
G1 X134 Y113 E2608.25791
G1 X134.806 Y113 E2608.31153
G1 F2142.9 X135.273 Y112.951 E2608.34651
G1 F2000 X135.682 Y112.969 E2608.37919
G1 F2069 X136.41 Y112.967 E2608.43537
G1 F2206.9 X136.78 Y112.998 E2608.46223
G1 F2388.1 X140 Y113 E2608.67749
G1 F2400 X140.386 Y113.076 E2608.70366
G1 X140.801 Y113.399 E2608.73865
G1 X141 Y114 E2608.78076
G0 F12000 X140.993 Y106.174
G1 F2358.7 X141 Y106 E2608.79255
G1 F2400 X141 Y82 E2610.38903
G0 F12000 X140.854 Y81.246
G0 X140.6 Y80.754
G1 F2400 X140.6 Y73.4 E2610.87822
G1 X134.245 Y73.4 E2611.30096
G1 X134.293 Y73.461 E2611.30612
G1 X134.4 Y74 E2611.34268
G1 X134.4 Y76.58 E2611.5143
G1 X134.717 Y76.393 E2611.53878
G1 X135.065 Y76.253 E2611.56373
G1 X135.36 Y76.17 E2611.58412
G1 X135.761 Y76.104 E2611.61115
G1 X136.229 Y76.112 E2611.64229
G1 X136.51 Y76.148 E2611.66113
G1 X136.802 Y76.216 E2611.68108
G1 X137.055 Y76.301 E2611.69883
G1 X137.315 Y76.417 E2611.71777
G1 X137.558 Y76.556 E2611.73639
G1 X137.866 Y76.776 E2611.76157
G1 X138.164 Y77.065 E2611.78918
G1 X138.464 Y77.457 E2611.82202
G1 X138.706 Y77.948 E2611.85843
G1 X138.846 Y78.476 E2611.89477
G1 X138.892 Y78.836 E2611.91891
G1 X138.892 Y79.311 E2611.95051
G1 X138.731 Y79.947 E2611.99415
G1 X138.585 Y80.299 E2612.0195
G1 X138.41 Y80.599 E2612.0426
G1 X140 Y80.6 E2612.14837
G1 X140.54 Y80.706 E2612.18498
G1 X140.6 Y80.754 E2612.19009
G0 F12000 X140.793 Y81.084
G0 X141 Y82
G1 F2400 X141 Y73 E2612.78877
G1 X133 Y73 E2613.32093
G1 X133.601 Y73.199 E2613.36304
G1 X133.924 Y73.615 E2613.39808
G1 X134 Y74 E2613.42418
G1 X134.001 Y77.526 E2613.65873
G1 X134.227 Y77.223 E2613.68388
G1 X134.612 Y76.913 E2613.71676
G1 X134.866 Y76.764 E2613.73635
G1 X135.324 Y76.58 E2613.76918
G1 X135.833 Y76.505 E2613.8034
G1 X136.315 Y76.514 E2613.83547
G1 X136.808 Y76.629 E2613.86915
G1 X137.242 Y76.822 E2613.90074
G1 X137.634 Y77.102 E2613.93279
G1 X137.847 Y77.308 E2613.9525
G1 X138.146 Y77.7 E2613.9853
G1 X138.319 Y78.051 E2614.01133
G1 X138.459 Y78.579 E2614.04766
G1 X138.492 Y78.836 E2614.0649
G1 X138.492 Y79.266 E2614.0935
G1 X138.344 Y79.845 E2614.13326
G1 X138.24 Y80.097 E2614.15139
G1 X138.008 Y80.493 E2614.18192
G1 X137.656 Y80.881 E2614.21677
G1 X137.496 Y81.001 E2614.23007
G1 X140 Y81 E2614.39664
G1 X140.386 Y81.076 E2614.42281
G1 X140.801 Y81.399 E2614.45779
G1 X141 Y82 E2614.4999
G1 F2700 E2609.4999
G0 F12000 X140.438 Y81.562
G0 X135.097 Y81.165
G0 X135.795 Y81.064
G1 F2700 E2614.4999
G1 F2553.2 X135.388 Y81.013 E2614.52555
G1 F2436.5 X135.192 Y80.944 E2614.53917
G1 F2412.1 X134.727 Y80.682 E2614.57449
G1 F2400 X134.55 Y80.53 E2614.59001
G1 X134.211 Y80.11 E2614.62592
G1 X134.018 Y79.712 E2614.65534
G1 F2533 X133.933 Y79.252 E2614.68483
G1 F2630.1 X133.927 Y78.576 E2614.72586
G1 F2487 X134.148 Y77.997 E2614.76564
G1 F2400 X134.516 Y77.503 E2614.80662
G1 X134.933 Y77.168 E2614.8422
G1 X135.432 Y76.968 E2614.87796
G1 X135.852 Y76.904 E2614.90622
G1 X136.269 Y76.913 E2614.93397
G1 X136.672 Y77.007 E2614.96149
G1 X137.041 Y77.17 E2614.98833
G1 X137.474 Y77.479 E2615.02371
G1 X137.829 Y77.943 E2615.06258
G1 X137.933 Y78.154 E2615.07823
G1 X138.092 Y78.754 E2615.11952
G1 X138.092 Y79.221 E2615.15058
G1 X137.937 Y79.821 E2615.1918
G1 X137.685 Y80.254 E2615.22513
G1 X137.36 Y80.612 E2615.25729
G1 X137.179 Y80.748 E2615.27235
G1 F2412.1 X136.68 Y80.991 E2615.30909
G1 F2526.3 X136.292 Y81.061 E2615.334
G1 F2659.3 X135.795 Y81.064 E2615.36384
G0 F12000 X135.097 Y81.165
G0 X134.218 Y80.865
G1 F1437.1 X134.176 Y80.793 E2615.3731
G1 X134.093 Y80.793 E2615.38232
G1 X134.052 Y80.865 E2615.39153
G1 X134.094 Y80.937 E2615.40079
G1 X134.177 Y80.937 E2615.41001
G1 X134.218 Y80.865 E2615.41921
G1 F2700 E2610.41921
G0 F12000 X133.438 Y73.562
G0 X133 Y73
G1 F2700 E2615.41921
G1 F2400 X87 Y73 E2618.47914
G1 F2352.9 X86.826 Y73.007 E2618.49096
G1 F2700 E2613.49096
G0 F12000 X86.588 Y73.507
G0 X85.945 Y80.861
G1 F2700 E2618.49096
G1 F1415.9 X85.903 Y80.788 E2618.50045
G1 X85.819 Y80.788 E2618.50993
G1 X85.777 Y80.861 E2618.51942
G1 X85.819 Y80.934 E2618.52892
G1 X85.903 Y80.934 E2618.53839
G1 X85.945 Y80.861 E2618.54788
G1 F2700 E2613.54788
G0 F12000 X83.118 Y81.182
G0 X83.836 Y81.074
G1 F2700 E2618.54788
G1 F2487 X83.341 Y80.998 E2618.58003
G1 F2406 X82.952 Y80.824 E2618.60831
G1 F2400 X82.612 Y80.58 E2618.63615
G1 X82.324 Y80.27 E2618.66429
G1 X82.108 Y79.92 E2618.69165
G1 X81.904 Y79.378 E2618.73018
G1 X81.904 Y78.786 E2618.76956
G1 X82.018 Y78.293 E2618.80322
G1 X82.244 Y77.816 E2618.83833
G1 X82.61 Y77.417 E2618.87434
G1 X82.945 Y77.174 E2618.90187
G1 X83.406 Y76.977 E2618.93522
G1 X83.983 Y76.875 E2618.9742
G1 X84.671 Y76.991 E2619.02061
G1 F2412.1 X85.276 Y77.3 E2619.06557
G1 F2449 X85.736 Y77.789 E2619.10934
G1 F2493.5 X85.977 Y78.272 E2619.1439
G1 F2594.6 X86.07 Y78.757 E2619.17429
G1 X86.064 Y79.396 E2619.21361
G1 F2461.5 X85.897 Y79.905 E2619.24835
G1 F2400 X85.68 Y80.26 E2619.27603
G1 X85.36 Y80.612 E2619.30767
G1 X85.179 Y80.748 E2619.32273
G1 F2449 X84.7 Y80.981 E2619.35746
G1 F2553.2 X84.365 Y81.052 E2619.37887
G1 F2587.6 X83.836 Y81.074 E2619.41154
G1 F2700 E2614.41154
G0 F12000 X83.16 Y81.17
G0 X79.162 Y81.162
G0 X79.162 Y106.838
G0 X85.602 Y107.464
G1 F2700 E2619.41154
G1 F1818.2 X85.569 Y107.407 E2619.41732
G1 X85.503 Y107.407 E2619.42311
G1 X85.47 Y107.464 E2619.4289
G1 X85.503 Y107.521 E2619.43468
G1 X85.569 Y107.521 E2619.44048
G1 X85.602 Y107.464 E2619.44626
G0 F12000 X83.983 Y107.621
G0 X83.337 Y107.74
G0 X82.824 Y107.961
G0 X82.445 Y108.233
G0 X82.037 Y108.675
G0 X81.781 Y109.215
G0 X81.658 Y109.766
G0 X81.658 Y110.422
G0 X82.066 Y111.503
G0 X82.832 Y112.042
G0 X83.779 Y112.401
G0 X83.839 Y112.099
G1 F2400 X83.339 Y111.997 E2619.4802
G1 X82.952 Y111.824 E2619.5084
G1 X82.612 Y111.58 E2619.53624
G1 X82.32 Y111.266 E2619.56476
G1 X82.094 Y110.884 E2619.59429
G1 X81.904 Y110.378 E2619.63024
G1 X81.904 Y109.786 E2619.66962
G1 X82.018 Y109.292 E2619.70335
G1 X82.246 Y108.815 E2619.73852
G1 X82.607 Y108.42 E2619.77411
G1 X82.949 Y108.173 E2619.80218
G1 X83.405 Y107.977 E2619.83519
G1 X83.988 Y107.875 E2619.87456
G1 X84.671 Y107.991 E2619.92065
G1 F2412.1 X85.276 Y108.3 E2619.96561
G1 F2449 X85.736 Y108.789 E2620.00938
G1 F2493.5 X85.977 Y109.272 E2620.04394
G1 F2594.6 X86.07 Y109.757 E2620.07432
G1 X86.064 Y110.396 E2620.11364
G1 F2461.5 X85.897 Y110.905 E2620.14839
G1 F2400 X85.68 Y111.26 E2620.17606
G1 X85.36 Y111.612 E2620.20771
G1 X85.179 Y111.748 E2620.22277
G1 X84.689 Y111.986 E2620.259
G1 X84.368 Y112.068 E2620.28104
G1 X83.839 Y112.099 E2620.31629
G0 F12000 X83.779 Y112.401
G0 X85.601 Y112.535
G1 F1811.3 X85.568 Y112.478 E2620.3221
G1 X85.502 Y112.478 E2620.32792
G1 X85.469 Y112.535 E2620.33372
G1 X85.502 Y112.592 E2620.33953
G1 X85.568 Y112.592 E2620.34534
G1 X85.601 Y112.535 E2620.35115
G0 F12000 X79.162 Y113.162
G0 X79 Y114
G1 F2400 X79.199 Y113.399 E2620.39326
G1 X79.615 Y113.076 E2620.4283
G1 X80 Y113 E2620.4544
G1 F2388.1 X83.256 Y112.999 E2620.67207
G1 F2212 X83.632 Y112.968 E2620.6993
G1 F2096.1 X83.888 Y112.974 E2620.71881
G1 F2077.9 X84.483 Y112.964 E2620.76453
G1 F2171.9 X84.809 Y112.994 E2620.78859
G1 F2364.5 X86 Y113 E2620.86901
G1 F2400 X86 Y111.503 E2620.96859
G1 X85.656 Y111.881 E2621.00259
G1 X85.354 Y112.108 E2621.02772
G1 X84.918 Y112.32 E2621.05997
G1 F2201.8 X84.443 Y112.497 E2621.09672
G1 F2042.6 X83.748 Y112.528 E2621.1511
G1 F2212 X83.111 Y112.333 E2621.19918
G1 F2400 X82.751 Y112.172 E2621.22541
G1 X82.346 Y111.882 E2621.25855
G1 X82.003 Y111.511 E2621.29216
G1 X81.746 Y111.096 E2621.32463
G1 X81.504 Y110.449 E2621.37058
G1 X81.504 Y109.739 E2621.41781
G1 X81.637 Y109.163 E2621.45713
G1 X81.844 Y108.726 E2621.4893
G1 X82.01 Y108.479 E2621.50909
G1 X82.342 Y108.118 E2621.54172
G1 X82.746 Y107.826 E2621.57488
G1 F2330.1 X83.253 Y107.608 E2621.61269
G1 F2191.8 X83.81 Y107.474 E2621.65442
G1 F2087 X84.051 Y107.459 E2621.67289
G1 F1995.8 X84.657 Y107.536 E2621.72175
G1 F2147.7 X85.367 Y107.896 E2621.78093
G1 F2400 X85.644 Y108.106 E2621.80405
G1 X86 Y108.486 E2621.83869
G1 X86 Y107 E2621.93754
G1 X85.096 Y107 E2621.99767
G1 F2147.7 X84.698 Y107.047 E2622.02747
G1 F2051.3 X83.988 Y107.021 E2622.08276
G1 F2152.5 X83.771 Y107.026 E2622.09886
G1 F2253.5 X83.356 Y107 E2622.12832
G1 F2400 X80 Y107 E2622.35156
G1 X79.614 Y106.924 E2622.37773
G1 X79.199 Y106.599 E2622.41279
G1 F2352.9 X79.007 Y106.174 E2622.44444
G1 X78.999 Y106.666 E2622.47782
G1 F2400 X79 Y114 E2622.96568
G1 F2700 E2617.96568
G0 F12000 X79.162 Y146.838
G0 X80 Y147
G1 F2700 E2622.96568
G1 F2487 X79.303 Y146.697 E2623.01447
G1 F2436.5 X79.007 Y146.174 E2623.05385
G1 X78.986 Y147.014 E2623.1089
G1 F2487 X80 Y147 E2623.174
G1 F2700 E2618.174
G0 F12000 X110 Y147.09
G0 X110 Y147.4
G1 F2700 E2623.174
G1 F2400 X141.4 Y147.4 E2625.26274
G1 X141.4 Y72.6 E2630.23845
G1 X78.6 Y72.6 E2634.41592
G1 X78.601 Y147.399 E2639.39157
G1 X110 Y147.4 E2641.48024
G0 F12000 X110 Y146.6
G1 F2400 X80 Y146.6 E2643.47585
G1 X79.575 Y146.425 E2643.50643
G1 X79.4 Y146.089 E2643.53163
G1 X79.4 Y114 E2645.6662
G1 X79.519 Y113.639 E2645.69148
G1 X79.769 Y113.446 E2645.71249
G1 X80 Y113.4 E2645.72816
G1 X86.4 Y113.4 E2646.15389
G1 X86.4 Y110.946 E2646.31713
G1 F2526.3 X86.421 Y110.391 E2646.35223
G1 F2696.6 X86.423 Y109.836 E2646.38508
G1 F2553.2 X86.402 Y109.295 E2646.41894
G1 F2412.1 X86.4 Y106.6 E2646.59731
G1 F2400 X80 Y106.6 E2647.02304
G1 X79.768 Y106.554 E2647.03878
G1 X79.519 Y106.36 E2647.05977
G1 X79.4 Y106.086 E2647.07965
G1 X79.4 Y82 E2648.68185
G1 X79.519 Y81.639 E2648.70714
G1 X79.769 Y81.446 E2648.72815
G1 X80 Y81.4 E2648.74381
G1 F2412.1 X83.359 Y81.402 E2648.96614
G1 F2560 X83.928 Y81.424 E2649.00165
G1 F2553.2 X84.844 Y81.4 E2649.05895
G1 F2400 X86.4 Y81.4 E2649.16245
G1 X86.4 Y79.946 E2649.25917
G1 F2526.3 X86.421 Y79.391 E2649.29427
G1 F2696.6 X86.423 Y78.836 E2649.32713
G1 F2553.2 X86.402 Y78.295 E2649.36098
G1 F2412.1 X86.4 Y74 E2649.64526
G1 F2400 X86.446 Y73.768 E2649.66099
G1 X86.64 Y73.519 E2649.68199
G1 X86.914 Y73.4 E2649.70186
G1 X133 Y73.4 E2652.76751
G1 X133.361 Y73.519 E2652.7928
G1 X133.554 Y73.769 E2652.81381
G1 X133.6 Y74 E2652.82947
G1 X133.6 Y77.964 E2653.09316
G1 F2442.7 X133.593 Y78.438 E2653.12414
G1 F2601.6 X133.576 Y78.728 E2653.14197
G1 F2727.3 X133.576 Y79.152 E2653.16679
G1 F2553.2 X133.6 Y79.708 E2653.20159
G1 F2400 X133.601 Y81.399 E2653.31407
G1 F2424.2 X135.356 Y81.402 E2653.42965
G1 F2573.7 X135.902 Y81.423 E2653.46354
G1 F2666.7 X136.368 Y81.417 E2653.49144
G1 F2526.3 X136.664 Y81.402 E2653.51017
G1 F2418.1 X140 Y81.4 E2653.73042
G1 F2400 X140.232 Y81.445 E2653.74614
G1 X140.481 Y81.639 E2653.76714
G1 X140.6 Y82 E2653.79242
G1 X140.6 Y106.085 E2655.39456
G1 X140.482 Y106.36 E2655.41447
G1 X140.232 Y106.554 E2655.43552
G1 X140 Y106.6 E2655.45125
G1 X133.6 Y106.6 E2655.87698
G1 F2442.7 X133.593 Y109.438 E2656.06246
G1 F2601.6 X133.576 Y109.728 E2656.08029
G1 F2727.3 X133.576 Y110.152 E2656.10511
G1 F2553.2 X133.6 Y110.708 E2656.13991
G1 F2400 X133.6 Y113.4 E2656.31898
G1 X140 Y113.4 E2656.74471
G1 X140.232 Y113.445 E2656.76043
G1 X140.481 Y113.639 E2656.78143
G1 X140.6 Y114 E2656.80671
G1 X140.6 Y146.089 E2658.94128
G1 X140.424 Y146.424 E2658.96646
G1 X140.089 Y146.6 E2658.99163
G1 X110 Y146.6 E2660.99316
G0 F12000 X110 Y146.199
;TYPE:WALL-OUTER
G1 F2400 X80 Y146.2 E2662.98876
G1 X79.858 Y146.142 E2662.99897
G1 X79.802 Y146.035 E2663.007
G1 X79.8 Y114 E2665.13798
G1 X79.839 Y113.879 E2665.14644
G1 X79.943 Y113.8 E2665.15512
G1 X86.8 Y113.8 E2665.61125
G1 X86.8 Y106.2 E2666.11681
G1 X79.941 Y106.2 E2666.57307
G1 X79.839 Y106.12 E2666.58169
G1 X79.802 Y106.035 E2666.58786
G1 X79.8 Y82 E2668.18667
G1 X79.839 Y81.879 E2668.19513
G1 X79.943 Y81.8 E2668.20382
G1 X86.8 Y81.8 E2668.65995
G1 X86.8 Y73.941 E2669.18273
G1 X86.88 Y73.839 E2669.19135
G1 X86.965 Y73.802 E2669.19752
G1 X133 Y73.8 E2672.25978
G1 X133.121 Y73.839 E2672.26824
G1 X133.2 Y73.943 E2672.27692
G1 X133.201 Y81.799 E2672.79951
G1 X140.059 Y81.8 E2673.2557
G1 X140.161 Y81.879 E2673.26429
G1 X140.2 Y82 E2673.27274
G1 X140.198 Y106.035 E2674.87156
G1 X140.161 Y106.12 E2674.87772
G1 X140.059 Y106.2 E2674.88635
G1 X133.2 Y106.2 E2675.34261
G1 X133.2 Y113.8 E2675.84816
G1 X140.059 Y113.8 E2676.30443
G1 X140.161 Y113.879 E2676.31301
G1 X140.2 Y114 E2676.32147
G1 X140.198 Y146.035 E2678.45244
G1 X140.142 Y146.142 E2678.46048
G1 X140.035 Y146.198 E2678.46851
G1 X110 Y146.199 E2680.46645
G0 F12000 X110 Y146.91
G0 X110 Y147.8
G1 F2400 X141.8 Y147.8 E2682.58179
G1 X141.8 Y72.2 E2687.61072
G1 X78.2 Y72.2 E2691.84141
G1 X78.201 Y147.799 E2696.87028
G1 X110 Y147.8 E2698.98556
G1 F2700 E2693.98556
G0 F12000 X110 Y147.09
G0 X140.838 Y146.838
G0 X140.838 Y113.162
G0 X135.738 Y112.391
G0 X135.858 Y111.69
G1 F2700 E2698.98556
G1 F2400 X135.422 Y111.617 E2699.01496
G1 X134.89 Y111.314 E2699.05569
G1 X134.54 Y110.872 E2699.09319
G1 X134.397 Y110.567 E2699.1156
G1 X134.306 Y110.187 E2699.14159
G1 X134.304 Y109.687 E2699.17485
G1 X134.519 Y109.168 E2699.21222
G1 X134.826 Y108.768 E2699.24576
G1 X135.133 Y108.523 E2699.27189
G1 X135.555 Y108.354 E2699.30213
G1 X135.847 Y108.306 E2699.32181
G1 X136.238 Y108.317 E2699.34783
G1 X136.566 Y108.397 E2699.37029
G1 X136.861 Y108.533 E2699.3919
G1 X137.192 Y108.77 E2699.41898
G1 X137.533 Y109.215 E2699.45627
G1 X137.686 Y109.784 E2699.49547
G1 X137.69 Y110.183 E2699.52201
G1 X137.559 Y110.674 E2699.55582
G1 X137.369 Y111.001 E2699.58097
G1 X137.038 Y111.372 E2699.61405
G1 X136.526 Y111.615 E2699.65175
G1 X136.227 Y111.685 E2699.67217
G1 X135.858 Y111.69 E2699.69672
G1 F2700 E2694.69672
G0 F12000 X135.738 Y112.391
G0 X134.729 Y111.51
G0 X134.34 Y111.028
G0 X134.167 Y110.673
G0 X134.058 Y110.205
G0 X134.058 Y109.647
G0 X134.286 Y109.064
G0 X135.616 Y106.45
G0 X140.438 Y106.438
G0 X140.438 Y81.562
G0 X135.097 Y81.165
G0 X135.858 Y80.69
G1 F2700 E2699.69672
G1 F2400 X135.422 Y80.617 E2699.72613
G1 X134.89 Y80.314 E2699.76685
G1 X134.54 Y79.872 E2699.80436
G1 X134.397 Y79.567 E2699.82677
G1 X134.306 Y79.187 E2699.85276
G1 X134.304 Y78.687 E2699.88602
G1 X134.519 Y78.168 E2699.92339
G1 X134.826 Y77.768 E2699.95693
G1 X135.138 Y77.516 E2699.98361
G1 X135.555 Y77.354 E2700.01337
G1 X135.847 Y77.306 E2700.03305
G1 X136.238 Y77.317 E2700.05907
G1 X136.566 Y77.397 E2700.08153
G1 X136.861 Y77.533 E2700.10314
G1 X137.192 Y77.77 E2700.13022
G1 X137.536 Y78.219 E2700.16784
G1 X137.686 Y78.784 E2700.20673
G1 X137.69 Y79.183 E2700.23327
G1 X137.563 Y79.669 E2700.26669
G1 X137.344 Y80.035 E2700.29506
G1 X137.038 Y80.372 E2700.32534
G1 X136.526 Y80.615 E2700.36304
G1 X136.227 Y80.686 E2700.38348
G1 X135.858 Y80.69 E2700.40803
G1 F2700 E2695.40803
G0 F12000 X135.097 Y81.165
G0 X133.448 Y79.721
G0 X133.438 Y73.562
G0 X86.562 Y73.562
G0 X86.552 Y80.409
G0 X83.16 Y81.17
G0 X83.888 Y80.696
G1 F2700 E2700.40803
G1 F2400 X83.438 Y80.603 E2700.4386
G1 X83.135 Y80.463 E2700.4608
G1 X82.865 Y80.265 E2700.48307
G1 X82.633 Y80.01 E2700.506
G1 X82.46 Y79.723 E2700.5283
G1 X82.306 Y79.303 E2700.55805
G1 X82.309 Y78.811 E2700.59078
G1 X82.407 Y78.405 E2700.61856
G1 X82.58 Y78.041 E2700.64537
G1 X82.894 Y77.705 E2700.67596
G1 X83.126 Y77.537 E2700.69502
G1 X83.501 Y77.372 E2700.72227
G1 X83.987 Y77.281 E2700.75516
G1 X84.543 Y77.375 E2700.79267
G1 X85.035 Y77.625 E2700.82938
G1 X85.407 Y78.024 E2700.86567
G1 X85.588 Y78.391 E2700.89289
G1 X85.687 Y78.789 E2700.92017
G1 X85.69 Y79.295 E2700.95383
G1 X85.519 Y79.757 E2700.9866
G1 X85.367 Y80.005 E2701.00595
G1 X85.038 Y80.372 E2701.03874
G1 X84.531 Y80.614 E2701.07611
G1 X84.299 Y80.674 E2701.09205
G1 X83.888 Y80.696 E2701.11943
G1 F2700 E2696.11943
G0 F12000 X83.16 Y81.17
G0 X79.162 Y81.162
G0 X79.162 Y106.838
G0 X83.337 Y107.74
G0 X82.824 Y107.961
G0 X82.445 Y108.233
G0 X82.037 Y108.675
G0 X81.781 Y109.215
G0 X81.658 Y109.766
G0 X81.658 Y110.422
G0 X82.066 Y111.503
G0 X82.832 Y112.042
G0 X83.923 Y112.405
G0 X83.888 Y111.696
G1 F2700 E2701.11943
G1 F2400 X83.479 Y111.617 E2701.14714
G1 X83.135 Y111.463 E2701.17221
G1 X82.865 Y111.265 E2701.19448
G1 X82.633 Y111.01 E2701.21741
G1 X82.46 Y110.723 E2701.23971
G1 X82.306 Y110.303 E2701.26946
G1 X82.309 Y109.811 E2701.30219
G1 X82.407 Y109.405 E2701.32998
G1 X82.581 Y109.041 E2701.35681
G1 X82.864 Y108.732 E2701.38469
G1 X83.165 Y108.516 E2701.40933
G1 X83.545 Y108.359 E2701.43668
G1 X83.988 Y108.284 E2701.46657
G1 X84.543 Y108.375 E2701.50398
G1 X85.035 Y108.625 E2701.54069
G1 X85.407 Y109.024 E2701.57698
G1 X85.588 Y109.391 E2701.6042
G1 X85.687 Y109.789 E2701.63148
G1 X85.69 Y110.295 E2701.66514
G1 X85.519 Y110.757 E2701.69791
G1 X85.367 Y111.005 E2701.71726
G1 X85.038 Y111.372 E2701.75005
G1 X84.531 Y111.614 E2701.78742
G1 X84.299 Y111.674 E2701.80336
G1 X83.888 Y111.696 E2701.83074
G0 F12000 X83.923 Y112.405
G0 X83.265 Y112.237
G0 X82.832 Y112.042
G0 X82.066 Y111.503
G0 X81.417 Y109.224
G0 X82.415 Y107.46
G0 X79.346 Y107.213
G0 X79.5 Y109.375
G0 X80.275 Y109.375
;TYPE:SKIN
G1 F1764.7 X80.189 Y108.925 E2701.87218
G1 F2096.1 X80.189 Y108.186 E2701.92847
G1 X80.783 Y108.188 E2701.97371
G1 X80.6 Y108.566 E2702.0057
G1 X80.461 Y108.957 E2702.03731
G1 F1764.7 X80.275 Y109.375 E2702.0787
G1 F1578.9 X80.253 Y109.789 E2702.12062
G1 F1641 X80.252 Y110.292 E2702.16955
G1 F1605.4 X80.266 Y110.652 E2702.20538
G0 F12000 X79.5 Y110.652
G0 X79.347 Y112.789
G0 X80.79 Y112.5
G0 X80.79 Y111.813
G1 F2105.3 X80.188 Y111.815 E2702.25103
G1 X80.188 Y111.057 E2702.30851
G1 F1797.8 X80.266 Y110.652 E2702.34514
G1 X80.445 Y111.011 E2702.38076
G1 F2105.3 X80.666 Y111.607 E2702.42897
G1 X80.79 Y111.813 E2702.4472
G0 F12000 X81.616 Y112.239
G1 F2400 X79.96 Y112.243 E2702.55736
G1 X79.76 Y112.283 E2702.57093
G1 X79.76 Y107.716 E2702.87472
G1 X79.965 Y107.757 E2702.88863
G1 X81.637 Y107.76 E2702.99985
G1 X81.448 Y107.964 E2703.01835
G1 X81.17 Y108.371 E2703.05114
G1 X80.999 Y108.726 E2703.07735
G1 X80.874 Y109.082 E2703.10245
G1 X80.785 Y109.453 E2703.12783
G1 X80.744 Y109.84 E2703.15371
G1 X80.744 Y110.279 E2703.18292
G1 X80.764 Y110.551 E2703.20106
G1 X80.851 Y110.875 E2703.22338
G1 X81.056 Y111.423 E2703.2623
G1 X81.316 Y111.845 E2703.29527
G1 X81.616 Y112.239 E2703.32821
G1 F2700 E2698.32821
G0 F12000 X81.616 Y112.5
G0 X82.086 Y112.414
G0 X81.575 Y111.883
G0 X81.599 Y108.098
G0 X82.078 Y107.587
G0 X79.162 Y106.838
G0 X79.162 Y81.162
G0 X79.5 Y80.283
G0 X79.76 Y80.283
G1 F2700 E2703.32821
G1 F2400 X79.761 Y73.761 E2703.76205
G1 X85.284 Y73.76 E2704.12945
G1 X85.243 Y73.965 E2704.14335
G1 X85.24 Y75.982 E2704.27752
G1 X84.773 Y75.83 E2704.31019
G1 X84.097 Y75.718 E2704.35577
G1 X83.693 Y75.748 E2704.38272
G1 X83.274 Y75.818 E2704.41098
G1 X82.902 Y75.928 E2704.43678
G1 X82.548 Y76.08 E2704.46241
G1 X82.202 Y76.277 E2704.4889
G1 X81.986 Y76.433 E2704.50662
G1 X81.716 Y76.672 E2704.53061
G1 X81.448 Y76.964 E2704.55697
G1 X81.17 Y77.371 E2704.58976
G1 X80.999 Y77.726 E2704.61597
G1 X80.874 Y78.082 E2704.64107
G1 X80.785 Y78.453 E2704.66645
G1 X80.744 Y78.84 E2704.69234
G1 X80.744 Y79.279 E2704.72154
G1 X80.764 Y79.551 E2704.73968
G1 X80.851 Y79.871 E2704.76174
G1 X80.988 Y80.24 E2704.78792
G1 X79.96 Y80.243 E2704.85631
G1 X79.76 Y80.283 E2704.86987
G0 F12000 X80.042 Y80.042
G1 F2400 X79.96 Y79.96 E2704.87759
G0 F12000 X79.96 Y79.394
G1 F2400 X80.605 Y80.04 E2704.93831
G0 F12000 X80.558 Y79.426
G1 F2400 X79.96 Y78.828 E2704.99457
G0 F12000 X79.96 Y78.263
G1 F2400 X80.545 Y78.848 E2705.0496
G0 F12000 X80.607 Y78.344
G1 F2400 X79.96 Y77.698 E2705.11042
G0 F12000 X79.96 Y77.132
G1 F2400 X80.728 Y77.899 E2705.18262
G0 F12000 X80.889 Y77.495
G1 F2400 X79.96 Y76.566 E2705.27002
G0 F12000 X79.96 Y76.001
G1 F2400 X81.091 Y77.131 E2705.37637
G0 F12000 X81.329 Y76.804
G1 F2400 X79.96 Y75.435 E2705.50515
G0 F12000 X79.96 Y74.869
G1 F2400 X81.6 Y76.509 E2705.65944
G0 F12000 X81.903 Y76.246
G1 F2400 X79.96 Y74.303 E2705.84222
G0 F12000 X80.183 Y73.961
G1 F2400 X82.245 Y76.022 E2706.03615
G0 F12000 X82.619 Y75.831
G1 F2400 X80.749 Y73.961 E2706.21207
G0 F12000 X81.314 Y73.961
G1 F2400 X83.035 Y75.681 E2706.37393
G0 F12000 X83.497 Y75.578
G1 F2400 X81.88 Y73.961 E2706.52604
G0 F12000 X82.446 Y73.961
G1 F2400 X84.006 Y75.52 E2706.67275
G0 F12000 X84.66 Y75.61
G1 F2400 X83.012 Y73.961 E2706.82783
G0 F12000 X83.577 Y73.961
G1 F2400 X85.041 Y75.424 E2706.96551
G0 F12000 X85.042 Y74.86
G1 F2400 X84.143 Y73.961 E2707.05008
G0 F12000 X84.709 Y73.961
G1 F2400 X85.044 Y74.296 E2707.0816
G1 F2700 E2702.0816
G0 F12000 X85.5 Y74.296
G0 X86.162 Y73.162
G0 X133.838 Y73.162
G0 X134.337 Y77.331
G0 X134.811 Y76.952
G0 X135.357 Y76.735
G0 X135.823 Y76.653
G0 X136.303 Y76.667
G0 X136.759 Y76.772
G0 X137.167 Y76.957
G0 X137.652 Y77.303
G0 X138.129 Y77.93
G0 X138.725 Y80.422
G0 X140.425 Y80.509
G0 X140.24 Y80.284
G1 F2700 E2707.0816
G1 F2400 X140.031 Y80.243 E2707.09576
G1 X138.995 Y80.24 E2707.16468
G1 X139.069 Y80.061 E2707.17756
G1 X139.226 Y79.451 E2707.21946
G1 X139.252 Y79.162 E2707.23877
G1 X139.251 Y78.808 E2707.26231
G1 X139.195 Y78.4 E2707.28971
G1 X139.054 Y77.86 E2707.32683
G1 X138.768 Y77.268 E2707.37057
G1 X138.431 Y76.823 E2707.4077
G1 X138.073 Y76.481 E2707.44064
G1 X137.773 Y76.265 E2707.46523
G1 X137.448 Y76.08 E2707.4901
G1 X137.2 Y75.972 E2707.5081
G1 X136.893 Y75.866 E2707.5297
G1 X136.574 Y75.793 E2707.55147
G1 X136.258 Y75.753 E2707.57266
G1 X135.716 Y75.746 E2707.60871
G1 X135.316 Y75.81 E2707.63566
G1 X134.76 Y75.965 E2707.67406
G1 X134.76 Y74 E2707.80477
G1 X134.714 Y73.76 E2707.82102
G1 X140.24 Y73.76 E2708.18862
G1 X140.24 Y80.284 E2708.62259
G0 F12000 X139.313 Y79.917
G1 F2400 X139.438 Y80.041 E2708.63431
G0 F12000 X140.006 Y80.043
G1 F2400 X139.424 Y79.462 E2708.68901
G0 F12000 X139.449 Y78.921
G1 F2400 X140.04 Y79.512 E2708.74461
G0 F12000 X140.04 Y78.946
G1 F2400 X139.367 Y78.273 E2708.80792
G0 F12000 X140.04 Y78.381
G1 F2400 X139.051 Y77.391 E2708.90101
G0 F12000 X140.04 Y77.249
G1 F2400 X136.751 Y73.96 E2709.21041
G0 F12000 X136.185 Y73.96
G1 F2400 X140.04 Y77.815 E2709.57307
G0 F12000 X140.5 Y77.815
G0 X140.5 Y76.684
G0 X140.04 Y76.684
G1 F2400 X137.317 Y73.96 E2709.82928
G0 F12000 X137.882 Y73.96
G1 F2400 X140.04 Y76.118 E2710.03229
G0 F12000 X140.04 Y75.552
G1 F2400 X138.448 Y73.96 E2710.18206
G0 F12000 X139.014 Y73.96
G1 F2400 X140.04 Y74.987 E2710.27862
G0 F12000 X140.04 Y74.421
G1 F2400 X139.579 Y73.96 E2710.32199
G0 F12000 X139.579 Y73.5
G0 X134.49 Y73.575
G0 X134.578 Y76.257
G0 X137.362 Y76.328
G0 X137.59 Y75.93
G1 F2400 X135.62 Y73.96 E2710.50732
G0 F12000 X135.054 Y73.96
G1 F2400 X136.714 Y75.62 E2710.66348
G0 F12000 X136.078 Y75.55
G1 F2400 X134.957 Y74.429 E2710.76894
G0 F12000 X134.958 Y74.996
G1 F2400 X135.539 Y75.576 E2710.82355
G0 F12000 X135.067 Y75.67
G1 F2400 X134.96 Y75.563 E2710.83361
G1 F2700 E2705.83361
G0 F12000 X134.5 Y75.563
G0 X134.717 Y77.031
G0 X135.357 Y76.735
G0 X135.823 Y76.653
G0 X136.303 Y76.667
G0 X136.759 Y76.772
G0 X137.167 Y76.957
G0 X137.652 Y77.303
G0 X138.129 Y77.93
G0 X138.341 Y78.728
G0 X138.342 Y79.254
G0 X138.169 Y79.92
G0 X137.884 Y80.411
G0 X140.838 Y81.162
G0 X140.838 Y106.838
G0 X137.593 Y107.453
G0 X138.941 Y109.444
G0 X139.711 Y109.289
G1 F2700 E2710.83361
G1 F1732.9 X139.393 Y108.514 E2710.91079
G1 F2133.3 X139.207 Y108.181 E2710.93933
G1 X139.814 Y108.181 E2710.98476
G1 X139.815 Y108.515 E2711.00975
G1 F1732.9 X139.711 Y109.289 E2711.0817
G0 F12000 X138.941 Y109.444
G0 X137.567 Y112.525
G0 X138.38 Y112.5
G0 X138.38 Y112.239
G1 F2400 X138.705 Y111.804 E2711.11782
G1 X138.954 Y111.377 E2711.15071
G1 X139.076 Y111.049 E2711.17398
G1 X139.226 Y110.451 E2711.215
G1 X139.252 Y110.162 E2711.2343
G1 X139.251 Y109.808 E2711.25785
G1 X139.195 Y109.4 E2711.28524
G1 X138.999 Y108.673 E2711.33533
G1 X138.763 Y108.257 E2711.36714
G1 X138.387 Y107.76 E2711.4086
G1 X140.031 Y107.757 E2711.51796
G1 X140.24 Y107.716 E2711.53213
G1 X140.24 Y112.284 E2711.83599
G1 X140.031 Y112.243 E2711.85016
G1 X138.38 Y112.239 E2711.95998
G0 F12000 X139.198 Y111.806
G1 F2087 X139.344 Y111.555 E2711.9822
G1 F1771.2 X139.728 Y110.541 E2712.07993
G1 X139.81 Y111.211 E2712.14077
G1 F2087 X139.81 Y111.809 E2712.18652
G1 X139.198 Y111.806 E2712.23333
G0 F12000 X138.607 Y111.461
G0 X138.971 Y110.409
G0 X139.728 Y110.541
G1 F1578.9 X139.744 Y110.176 E2712.27027
G1 F1618.9 X139.743 Y109.74 E2712.31327
G1 F1533.5 X139.711 Y109.289 E2712.36034
G0 F12000 X138.654 Y109.5
G1 F2700 E2707.36034
;MESH:NONMESH
G0 F300 Z33.4
G0 F12000 X137.652 Y108.303
G0 X137.167 Y107.957
G0 X136.759 Y107.772
G0 X140.838 Y106.838
G0 X140.838 Y81.162
G0 X137.884 Y80.411
G0 X138.169 Y79.92
G0 X138.342 Y79.254
G0 X138.341 Y78.728
G0 X138.129 Y77.93
G0 X137.652 Y77.303
G0 X137.167 Y76.957
G0 X136.759 Y76.772
G0 X136.303 Y76.667
G0 X135.823 Y76.653
G0 X135.357 Y76.735
G0 X134.811 Y76.952
G0 X134.337 Y77.331
G0 X133.838 Y73.162
G0 X86.162 Y73.162
G0 X85.437 Y77.105
G0 X84.753 Y76.757
G0 X83.983 Y76.621
G0 X83.337 Y76.74
G0 X82.824 Y76.961
G0 X82.445 Y77.233
G0 X82.037 Y77.675
G0 X81.781 Y78.215
G0 X81.658 Y78.766
G0 X81.658 Y79.422
G0 X81.988 Y80.298
G0 X79.4 Y80.755
;TIME_ELAPSED:6739.045648
;LAYER:83
;TYPE:WALL-INNER
;MESH:tank_trainer_body.stl
G1 F2700 E2712.36034
G1 F2400 X79.461 Y80.707 E2712.3655
G1 X80 Y80.6 E2712.40206
G1 X81.559 Y80.599 E2712.50576
G1 X81.332 Y80.135 E2712.54012
G1 X81.223 Y79.831 E2712.56161
G1 X81.104 Y79.306 E2712.59742
G1 X81.104 Y78.732 E2712.6356
G1 X81.194 Y78.235 E2712.6692
G1 X81.379 Y77.746 E2712.70397
G1 X81.596 Y77.381 E2712.73222
G1 X81.772 Y77.144 E2712.75186
G1 X81.972 Y76.929 E2712.77139
G1 X82.206 Y76.726 E2712.792
G1 X82.514 Y76.514 E2712.81687
G1 X82.781 Y76.37 E2712.83705
G1 X83.164 Y76.214 E2712.86456
G1 X83.513 Y76.115 E2712.88869
G1 X84.236 Y76.1 E2712.9368
G1 X84.657 Y76.169 E2712.96517
G1 X85.169 Y76.337 E2713.00102
G1 X85.6 Y76.579 E2713.0339
G1 X85.6 Y74 E2713.20546
G1 X85.707 Y73.46 E2713.24207
G1 X85.755 Y73.4 E2713.24719
G1 X79.401 Y73.401 E2713.66986
G1 X79.4 Y80.755 E2714.15905
G0 F12000 X79.207 Y81.084
G0 X79 Y82
G1 F2400 X79.199 Y81.399 E2714.20116
G1 X79.615 Y81.076 E2714.23619
G1 X80 Y81 E2714.2623
G1 X82.47 Y80.999 E2714.4266
G1 X82.151 Y80.69 E2714.45615
G1 X81.865 Y80.313 E2714.48762
G1 X81.638 Y79.849 E2714.52199
G1 X81.504 Y79.264 E2714.56191
G1 X81.504 Y78.732 E2714.5973
G1 X81.568 Y78.377 E2714.62129
G1 X81.741 Y77.92 E2714.6538
G1 X81.995 Y77.493 E2714.68685
G1 X82.342 Y77.118 E2714.72083
G1 X82.833 Y76.781 E2714.76045
G1 X83.315 Y76.585 E2714.79506
G1 X83.564 Y76.514 E2714.81228
G1 X84.231 Y76.5 E2714.85666
G1 X84.532 Y76.549 E2714.87695
G1 X85.044 Y76.717 E2714.91279
G1 X85.377 Y76.904 E2714.9382
G1 X85.737 Y77.208 E2714.96954
G1 X86 Y77.512 E2714.99628
G1 X86 Y74 E2715.2299
G1 X86.076 Y73.614 E2715.25607
G1 X86.401 Y73.199 E2715.29113
G1 F2352.9 X86.826 Y73.007 E2715.32278
G1 X86.334 Y72.999 E2715.35616
G1 F2400 X79.001 Y73.001 E2715.84396
G1 X79 Y82 E2716.44257
G1 X79 Y106 E2718.03906
G1 F2352.9 X79.007 Y106.174 E2718.05087
G0 F12000 X79.4 Y112.755
G1 F2400 X79.461 Y112.707 E2718.05604
G1 X80 Y112.6 E2718.09259
G1 X82.73 Y112.6 E2718.27419
G1 X82.44 Y112.442 E2718.29616
G1 X82.137 Y112.226 E2718.32091
G1 X81.833 Y111.932 E2718.34905
G1 X81.605 Y111.632 E2718.37411
G1 X81.464 Y111.403 E2718.392
G1 X81.332 Y111.135 E2718.41187
G1 X81.224 Y110.832 E2718.43327
G1 X81.104 Y110.306 E2718.46916
G1 X81.104 Y109.732 E2718.50734
G1 X81.194 Y109.235 E2718.54094
G1 X81.384 Y108.739 E2718.57627
G1 X81.596 Y108.381 E2718.60395
G1 X81.772 Y108.144 E2718.62358
G1 X81.973 Y107.928 E2718.64321
G1 X82.206 Y107.726 E2718.66373
G1 X82.68 Y107.4 E2718.70199
G1 X80 Y107.4 E2718.88027
G1 X79.46 Y107.293 E2718.91689
G1 X79.4 Y107.245 E2718.922
G1 X79.4 Y112.755 E2719.28852
G0 F12000 X79.207 Y113.084
G0 X79 Y114
G1 F2400 X79 Y146 E2721.41717
G1 F2352.9 X79.007 Y146.174 E2721.42899
G0 F12000 X79.162 Y146.838
G0 X80 Y147
G1 F2400 X140 Y147 E2725.42021
G1 F2352.9 X140.174 Y146.993 E2725.43202
G1 F2436.5 X141.014 Y147.014 E2725.48708
G1 F2442.7 X140.993 Y146.174 E2725.54199
G1 X140.697 Y146.697 E2725.58127
G1 F2436.5 X140.174 Y146.993 E2725.62065
G0 F12000 X140.838 Y146.838
G0 X140.993 Y146.174
G1 F2358.7 X141 Y146 E2725.63243
G1 F2400 X141 Y114 E2727.76108
G0 F12000 X140.854 Y113.246
G0 X140.6 Y112.754
G1 F2400 X140.6 Y107.246 E2728.12747
G1 X140.54 Y107.293 E2728.13254
G1 X140 Y107.4 E2728.16916
G1 X137.273 Y107.401 E2728.35056
G1 X137.626 Y107.594 E2728.37733
G1 X137.967 Y107.864 E2728.40626
G1 X138.271 Y108.192 E2728.43601
G1 X138.506 Y108.535 E2728.46367
G1 X138.666 Y108.868 E2728.48824
G1 X138.765 Y109.146 E2728.50787
G1 X138.853 Y109.511 E2728.53285
G1 X138.892 Y109.84 E2728.55489
G1 X138.892 Y110.429 E2728.59407
G1 X138.805 Y110.748 E2728.61606
G1 X138.616 Y111.255 E2728.65205
G1 X138.4 Y111.619 E2728.68021
G1 X138.223 Y111.856 E2728.69989
G1 X138.019 Y112.076 E2728.71984
G1 X137.808 Y112.262 E2728.73855
G1 X137.568 Y112.435 E2728.75823
G1 X137.285 Y112.599 E2728.77999
G1 X140 Y112.6 E2728.9606
G1 X140.54 Y112.706 E2728.9972
G1 X140.6 Y112.754 E2729.00231
G0 F12000 X136.126 Y112.409
G0 X136.072 Y112.099
G1 F2400 X135.548 Y112.052 E2729.03731
G1 X135.121 Y111.91 E2729.06724
G1 X134.624 Y111.593 E2729.10646
G1 X134.259 Y111.206 E2729.14184
G1 F2406 X134.013 Y110.707 E2729.17876
G1 F2539.7 X133.933 Y110.248 E2729.20805
G1 F2637.4 X133.927 Y109.593 E2729.2477
G1 F2487 X134.097 Y109.099 E2729.28123
G1 F2400 X134.317 Y108.738 E2729.30936
G1 X134.606 Y108.421 E2729.33789
G1 X134.926 Y108.193 E2729.36403
G1 X135.461 Y107.944 E2729.40328
G1 X136.036 Y107.9 E2729.44164
G1 X136.464 Y107.946 E2729.47028
G1 X136.86 Y108.082 E2729.49813
G1 X137.316 Y108.338 E2729.53292
G1 X137.745 Y108.801 E2729.5749
G1 X137.974 Y109.274 E2729.60986
G1 X138.092 Y109.766 E2729.64352
G1 X138.092 Y110.37 E2729.6837
G1 X137.902 Y110.88 E2729.7199
G1 X137.683 Y111.261 E2729.74913
G1 X137.389 Y111.578 E2729.77789
G1 X137.052 Y111.82 E2729.80549
G1 X136.653 Y112 E2729.83461
G1 X136.072 Y112.099 E2729.87381
G0 F12000 X136.126 Y112.409
G0 X134.538 Y112.529
G1 F1771.2 X134.504 Y112.471 E2729.87987
G1 X134.437 Y112.471 E2729.88591
G1 X134.404 Y112.529 E2729.89193
G1 X134.438 Y112.587 E2729.89799
G1 X134.505 Y112.587 E2729.90403
G1 X134.538 Y112.529 E2729.91004
G0 F12000 X136.737 Y112.238
G0 X137.18 Y112.037
G0 X137.937 Y111.497
G0 X138.342 Y110.417
G0 X138.342 Y109.743
G0 X138.212 Y109.191
G0 X137.951 Y108.66
G0 X137.46 Y108.025
G0 X136.707 Y107.769
G0 X134.53 Y107.464
G1 F1818.2 X134.497 Y107.407 E2729.91582
G1 X134.431 Y107.407 E2729.92162
G1 X134.398 Y107.464 E2729.9274
G1 X134.431 Y107.521 E2729.93318
G1 X134.497 Y107.521 E2729.93898
G1 X134.53 Y107.464 E2729.94476
G0 F12000 X136.53 Y107.708
G0 X137.46 Y108.025
G0 X137.951 Y108.66
G0 X138.212 Y109.191
G0 X138.608 Y111.583
G0 X137.914 Y112.414
G0 X140.838 Y113.162
G0 X141 Y114
G1 F2400 X141 Y106.666 E2730.43262
G1 F2358.7 X140.993 Y106.174 E2730.46593
G1 X140.802 Y106.6 E2730.49753
G1 F2400 X140.386 Y106.924 E2730.5326
G1 X140 Y107 E2730.55877
G1 X137.051 Y107.001 E2730.75494
G1 F2330.1 X136.755 Y107.011 E2730.77523
G1 F2142.9 X136.486 Y107.037 E2730.79537
G1 F2082.4 X136.036 Y107.025 E2730.82988
G1 F2073.4 X135.4 Y107.038 E2730.87886
G1 F2162.2 X135.075 Y107.007 E2730.90296
G1 F2364.5 X134 Y107 E2730.97555
G1 F2400 X134 Y108.493 E2731.07486
G1 X134.345 Y108.114 E2731.10895
G1 F2291.2 X134.752 Y107.827 E2731.14366
G1 F2100.7 X135.441 Y107.509 E2731.20133
G1 F2073.4 X136.036 Y107.475 E2731.24722
G1 F2082.4 X136.458 Y107.507 E2731.27966
G1 F2114.5 X137.029 Y107.719 E2731.32565
G1 F2296.7 X137.43 Y107.943 E2731.35758
G1 F2400 X137.674 Y108.136 E2731.37827
G1 X137.978 Y108.464 E2731.40802
G1 X138.146 Y108.709 E2731.42778
G1 X138.351 Y109.137 E2731.45935
G1 X138.492 Y109.716 E2731.49899
G1 X138.492 Y110.442 E2731.54728
G1 X138.272 Y111.034 E2731.5893
G1 X138.008 Y111.5 E2731.62492
G1 X137.658 Y111.877 E2731.65914
G1 X137.266 Y112.159 E2731.69126
G1 F2133.3 X136.661 Y112.455 E2731.74167
G1 F1967.2 X136.099 Y112.526 E2731.78764
G1 F2025.3 X135.57 Y112.492 E2731.82942
G1 F2201.8 X135.067 Y112.314 E2731.86811
G1 F2400 X134.84 Y112.206 E2731.88483
G1 X134.368 Y111.905 E2731.92207
G1 X134 Y111.513 E2731.95784
G1 X134 Y113 E2732.05675
G1 X134.958 Y113 E2732.12048
G1 F2341.5 X135.265 Y112.989 E2732.14143
G1 F2152.5 X135.547 Y112.963 E2732.16243
G1 F2077.9 X136.036 Y112.974 E2732.20001
G1 F2016.8 X136.704 Y112.95 E2732.25292
G1 F2096.1 X137.04 Y112.993 E2732.27872
G1 F2352.9 X140 Y113 E2732.47956
G1 F2400 X140.386 Y113.076 E2732.50573
G1 X140.801 Y113.399 E2732.54071
G1 X141 Y114 E2732.58283
G0 F12000 X140.993 Y106.174
G1 F2358.7 X141 Y106 E2732.59461
G1 F2400 X141 Y82 E2734.1911
G0 F12000 X140.854 Y81.246
G0 X140.6 Y80.754
G1 F2400 X140.6 Y73.4 E2734.68029
G1 X134.245 Y73.4 E2735.10303
G1 X134.293 Y73.461 E2735.10819
G1 X134.4 Y74 E2735.14474
G1 X134.401 Y76.585 E2735.3167
G1 X134.671 Y76.423 E2735.33764
G1 X135.043 Y76.255 E2735.3648
G1 X135.512 Y76.136 E2735.39698
G1 X136.091 Y76.096 E2735.43559
G1 X136.501 Y76.146 E2735.46307
G1 X136.787 Y76.211 E2735.48258
G1 X137.067 Y76.307 E2735.50227
G1 X137.297 Y76.411 E2735.51906
G1 X137.719 Y76.646 E2735.55119
G1 X137.967 Y76.864 E2735.57315
G1 X138.271 Y77.192 E2735.6029
G1 X138.506 Y77.536 E2735.63061
G1 X138.666 Y77.868 E2735.65513
G1 X138.765 Y78.146 E2735.67476
G1 X138.853 Y78.511 E2735.69973
G1 X138.892 Y78.84 E2735.72177
G1 X138.892 Y79.429 E2735.76095
G1 X138.805 Y79.747 E2735.78288
G1 X138.662 Y80.136 E2735.81045
G1 X138.552 Y80.363 E2735.82723
G1 X138.412 Y80.599 E2735.84549
G1 X140 Y80.6 E2735.95112
G1 X140.54 Y80.706 E2735.98773
G1 X140.6 Y80.754 E2735.99284
G0 F12000 X140.793 Y81.084
G0 X141 Y82
G1 F2400 X141 Y73 E2736.59152
G1 X133 Y73 E2737.12368
G1 X133.601 Y73.199 E2737.1658
G1 X133.924 Y73.615 E2737.20083
G1 X134 Y74 E2737.22694
G1 X134 Y77.493 E2737.45929
G1 X134.345 Y77.115 E2737.49333
G1 X134.752 Y76.826 E2737.52654
G1 X135.208 Y76.62 E2737.55982
G1 X135.543 Y76.534 E2737.58283
G1 X136.036 Y76.5 E2737.6157
G1 X136.548 Y76.553 E2737.64994
G1 X137.032 Y76.718 E2737.68396
G1 X137.58 Y77.035 E2737.72607
G1 X137.978 Y77.464 E2737.765
G1 X138.145 Y77.709 E2737.78472
G1 X138.35 Y78.135 E2737.81617
G1 X138.492 Y78.715 E2737.85589
G1 X138.492 Y79.439 E2737.90405
G1 X138.26 Y80.071 E2737.94884
G1 X138.005 Y80.503 E2737.98221
G1 X137.726 Y80.804 E2738.00951
G1 X137.487 Y81 E2738.03007
G1 X140 Y81 E2738.19723
G1 X140.386 Y81.076 E2738.2234
G1 X140.801 Y81.399 E2738.25838
G1 X141 Y82 E2738.3005
G0 F12000 X140.838 Y81.162
G0 X136.845 Y81.17
G0 X136.075 Y81.075
G1 F2553.2 X135.54 Y81.038 E2738.33403
G1 F2467.9 X135.128 Y80.915 E2738.36185
G1 F2400 X134.63 Y80.597 E2738.40115
G1 X134.26 Y80.207 E2738.43691
G1 F2406 X134.013 Y79.707 E2738.47392
G1 F2539.7 X133.933 Y79.248 E2738.5032
G1 F2637.4 X133.927 Y78.593 E2738.54285
G1 F2487 X134.097 Y78.099 E2738.57639
G1 F2400 X134.317 Y77.738 E2738.60451
G1 X134.605 Y77.422 E2738.63295
G1 X134.945 Y77.178 E2738.66079
G1 X135.472 Y76.94 E2738.69926
G1 X136.036 Y76.9 E2738.73687
G1 X136.464 Y76.946 E2738.7655
G1 X136.862 Y77.083 E2738.7935
G1 X137.324 Y77.347 E2738.8289
G1 X137.747 Y77.804 E2738.87032
G1 X137.974 Y78.274 E2738.90504
G1 X138.092 Y78.766 E2738.9387
G1 X138.092 Y79.369 E2738.97881
G1 X137.893 Y79.906 E2739.01691
G1 X137.684 Y80.26 E2739.04425
G1 X137.389 Y80.578 E2739.07311
G1 X137.052 Y80.82 E2739.1007
G1 F2406 X136.654 Y81 E2739.12969
G1 F2487 X136.075 Y81.075 E2739.16717
G1 F2700 E2734.16717
G0 F12000 X136.845 Y81.17
G0 X134.223 Y80.861
G1 F2700 E2739.16717
G1 F1420.1 X134.181 Y80.788 E2739.17663
G1 X134.097 Y80.788 E2739.18608
G1 X134.055 Y80.861 E2739.19554
G1 X134.097 Y80.934 E2739.20501
G1 X134.181 Y80.934 E2739.21446
G1 X134.223 Y80.861 E2739.22392
G1 F2700 E2734.22392
G0 F12000 X133.438 Y73.562
G0 X133 Y73
G1 F2700 E2739.22392
G1 F2400 X87 Y73 E2742.28386
G1 F2352.9 X86.826 Y73.007 E2742.29567
G1 F2700 E2737.29567
G0 F12000 X86.588 Y73.507
G0 X86.029 Y81.029
G1 F2700 E2742.29567
G1 F2807 X86.029 Y80.407 E2742.33105
G1 X85.871 Y80.617 E2742.34599
G1 X85.412 Y81.028 E2742.38104
G1 X86.029 Y81.029 E2742.41613
G1 F2700 E2737.41613
G0 F12000 X83.117 Y81.181
G0 X83.829 Y81.074
G1 F2700 E2742.41613
G1 F2487 X83.342 Y80.997 E2742.44778
G1 F2406 X82.955 Y80.826 E2742.47585
G1 F2400 X82.525 Y80.521 E2742.51092
G1 X82.206 Y80.1 E2742.54606
G1 X82.019 Y79.722 E2742.57411
G1 X81.904 Y79.221 E2742.6083
G1 X81.904 Y78.732 E2742.64083
G1 X81.942 Y78.519 E2742.65522
G1 X82.103 Y78.093 E2742.68552
G1 X82.317 Y77.733 E2742.71338
G1 X82.606 Y77.422 E2742.74162
G1 X83.017 Y77.138 E2742.77485
G1 X83.57 Y76.914 E2742.81454
G1 X84.314 Y76.898 E2742.86404
G1 X84.92 Y77.097 E2742.90647
G1 X85.119 Y77.209 E2742.92166
G1 X85.526 Y77.553 E2742.95711
G1 X85.786 Y77.889 E2742.98537
G1 F2406 X85.978 Y78.282 E2743.01439
G1 F2526.3 X86.07 Y78.762 E2743.04528
G1 F2666.7 X86.064 Y79.24 E2743.0739
G1 F2526.3 X85.99 Y79.688 E2743.10259
G1 F2400 X85.764 Y80.154 E2743.13705
G1 X85.624 Y80.34 E2743.15253
G1 F2424.2 X85.149 Y80.765 E2743.19451
G1 F2474.2 X84.699 Y80.981 E2743.22671
G1 F2553.2 X84.365 Y81.052 E2743.24806
G1 F2587.6 X83.829 Y81.074 E2743.28116
G1 F2700 E2738.28116
G0 F12000 X83.159 Y81.17
G0 X79.162 Y81.162
G0 X79.162 Y106.838
G0 X85.607 Y107.457
G1 F2700 E2743.28116
G1 F1867.7 X85.575 Y107.402 E2743.2866
G1 X85.511 Y107.402 E2743.29207
G1 X85.479 Y107.457 E2743.29751
G1 X85.511 Y107.512 E2743.30295
G1 X85.575 Y107.512 E2743.30842
G1 X85.607 Y107.457 E2743.31386
G0 F12000 X83.521 Y107.67
G0 X82.909 Y107.912
G0 X82.06 Y108.506
G0 X81.658 Y109.582
G0 X81.658 Y110.251
G0 X81.786 Y110.802
G0 X81.993 Y111.23
G0 X82.352 Y111.701
G0 X82.782 Y112.007
G0 X83.772 Y112.4
G0 X83.832 Y112.099
G1 F2400 X83.341 Y111.996 E2743.34723
G1 X82.951 Y111.823 E2743.37561
G1 X82.525 Y111.521 E2743.41035
G1 X82.206 Y111.1 E2743.44549
G1 X82.019 Y110.721 E2743.4736
G1 X81.904 Y110.221 E2743.50773
G1 X81.904 Y109.732 E2743.54026
G1 X81.942 Y109.519 E2743.55465
G1 X82.094 Y109.12 E2743.58305
G1 X82.314 Y108.736 E2743.61249
G1 X82.606 Y108.421 E2743.64106
G1 X83.021 Y108.137 E2743.67451
G1 X83.569 Y107.914 E2743.71387
G1 X84.313 Y107.898 E2743.76337
G1 X85.018 Y108.129 E2743.81272
G1 X85.525 Y108.551 E2743.8566
G1 X85.786 Y108.889 E2743.88501
G1 F2406 X85.978 Y109.282 E2743.91403
G1 F2526.3 X86.07 Y109.762 E2743.94492
G1 F2666.7 X86.064 Y110.24 E2743.97354
G1 F2526.3 X85.99 Y110.688 E2744.00223
G1 F2400 X85.764 Y111.154 E2744.03668
G1 X85.624 Y111.34 E2744.05217
G1 X85.15 Y111.763 E2744.09443
G1 X84.689 Y111.986 E2744.12849
G1 X84.368 Y112.068 E2744.15053
G1 X83.832 Y112.099 E2744.18625
G0 F12000 X83.772 Y112.4
G0 X85.601 Y112.535
G1 F1811.3 X85.568 Y112.478 E2744.19205
G1 X85.502 Y112.478 E2744.19787
G1 X85.469 Y112.535 E2744.20367
G1 X85.502 Y112.592 E2744.20948
G1 X85.568 Y112.592 E2744.2153
G1 X85.601 Y112.535 E2744.2211
G0 F12000 X79.162 Y113.162
G0 X79 Y114
G1 F2400 X79.199 Y113.399 E2744.26321
G1 X79.615 Y113.076 E2744.29825
G1 X80 Y113 E2744.32435
G1 F2388.1 X83.255 Y112.997 E2744.54196
G1 F2212 X83.623 Y112.967 E2744.56861
G1 F2096.1 X83.884 Y112.974 E2744.58849
G1 F2077.9 X84.483 Y112.964 E2744.63452
G1 F2171.9 X84.809 Y112.994 E2744.65859
G1 F2364.5 X86 Y113 E2744.739
G1 F2400 X86 Y111.493 E2744.83925
G1 X85.891 Y111.638 E2744.85131
G1 X85.378 Y112.096 E2744.89706
G1 X84.914 Y112.321 E2744.93136
G1 F2201.8 X84.443 Y112.497 E2744.96782
G1 F2042.6 X83.743 Y112.528 E2745.02259
G1 F2212 X83.12 Y112.335 E2745.06966
G1 F2400 X82.751 Y112.172 E2745.09649
G1 X82.368 Y111.9 E2745.12774
G1 X82.151 Y111.69 E2745.14783
G1 X81.868 Y111.318 E2745.17892
G1 X81.637 Y110.849 E2745.2137
G1 X81.504 Y110.264 E2745.25361
G1 X81.504 Y109.732 E2745.289
G1 X81.568 Y109.377 E2745.31299
G1 X81.744 Y108.915 E2745.34588
G1 X81.997 Y108.489 E2745.37884
G1 X82.341 Y108.119 E2745.41244
G1 X82.826 Y107.785 E2745.45162
G1 F2217.1 X83.514 Y107.494 E2745.50541
G1 F2096.1 X84.22 Y107.475 E2745.5592
G1 F2060.1 X84.545 Y107.51 E2745.58453
G1 F2176.9 X85.045 Y107.717 E2745.62422
G1 F2400 X85.289 Y107.836 E2745.64228
G1 X85.737 Y108.208 E2745.68101
G1 X86 Y108.512 E2745.70775
G1 X86 Y107 E2745.80833
G1 X85.159 Y107 E2745.86427
G1 F2176.9 X84.62 Y107.041 E2745.90392
G1 F2060.1 X84.22 Y107.025 E2745.93494
G1 F2096.1 X83.474 Y107.033 E2745.99176
G1 F2167 X83.201 Y107.01 E2746.01195
G1 F2341.5 X82.787 Y107 E2746.04018
G1 F2400 X80 Y107 E2746.22558
G1 X79.614 Y106.924 E2746.25175
G1 X79.199 Y106.599 E2746.28681
G1 F2352.9 X79.007 Y106.174 E2746.31845
G1 X78.999 Y106.666 E2746.35184
G1 F2400 X79 Y114 E2746.8397
G1 F2700 E2741.8397
G0 F12000 X79.162 Y146.838
G0 X80 Y147
G1 F2700 E2746.8397
G1 F2487 X79.303 Y146.697 E2746.88848
G1 F2436.5 X79.007 Y146.174 E2746.92786
G1 X78.986 Y147.014 E2746.98292
G1 F2487 X80 Y147 E2747.04801
G1 F2700 E2742.04801
G0 F12000 X110 Y147.09
G0 X110 Y147.4
G1 F2700 E2747.04801
G1 F2400 X141.4 Y147.4 E2749.13675
G1 X141.4 Y72.6 E2754.11247
G1 X78.601 Y72.601 E2758.28987
G1 X78.601 Y147.399 E2763.26546
G1 X110 Y147.4 E2765.35413
G0 F12000 X110 Y146.6
G1 F2400 X80 Y146.6 E2767.34973
G1 X79.575 Y146.425 E2767.38031
G1 X79.4 Y146.089 E2767.40551
G1 X79.4 Y114 E2769.54008
G1 X79.519 Y113.639 E2769.56536
G1 X79.769 Y113.446 E2769.58637
G1 X80 Y113.4 E2769.60204
G1 X86.4 Y113.4 E2770.02777
G1 X86.4 Y110.676 E2770.20897
G1 F2526.3 X86.421 Y110.271 E2770.2346
G1 F2696.6 X86.423 Y109.84 E2770.26012
G1 F2553.2 X86.402 Y109.299 E2770.29397
G1 F2412.1 X86.4 Y106.6 E2770.47261
G1 F2400 X80 Y106.6 E2770.89834
G1 X79.768 Y106.554 E2770.91407
G1 X79.519 Y106.36 E2770.93507
G1 X79.4 Y106.086 E2770.95494
G1 X79.4 Y82 E2772.55715
G1 X79.519 Y81.639 E2772.58243
G1 X79.769 Y81.446 E2772.60344
G1 X80 Y81.4 E2772.61911
G1 F2412.1 X83.359 Y81.4 E2772.84143
G1 F2560 X83.924 Y81.424 E2772.8767
G1 F2553.2 X84.841 Y81.4 E2772.93406
G1 F2400 X86.4 Y81.4 E2773.03777
G1 X86.4 Y79.676 E2773.15245
G1 F2526.3 X86.421 Y79.271 E2773.17807
G1 F2696.6 X86.423 Y78.84 E2773.20359
G1 F2553.2 X86.402 Y78.299 E2773.23744
G1 F2412.1 X86.4 Y74 E2773.52199
G1 F2400 X86.446 Y73.768 E2773.53772
G1 X86.64 Y73.519 E2773.55872
G1 X86.914 Y73.4 E2773.57859
G1 X133 Y73.4 E2776.64424
G1 X133.361 Y73.519 E2776.66953
G1 X133.554 Y73.769 E2776.69053
G1 X133.6 Y74 E2776.7062
G1 X133.6 Y78.063 E2776.97647
G1 F2449 X133.592 Y78.468 E2777.00288
G1 F2608.7 X133.576 Y78.736 E2777.01931
G1 F2727.3 X133.576 Y79.148 E2777.04343
G1 F2560 X133.599 Y79.695 E2777.07757
G1 F2406 X133.601 Y81.399 E2777.19064
G1 F2400 X135.118 Y81.4 E2777.29155
G1 F2553.2 X136.036 Y81.424 E2777.34897
G1 F2566.8 X136.617 Y81.403 E2777.38513
G1 F2412.1 X140 Y81.4 E2777.60904
G1 F2400 X140.232 Y81.445 E2777.62476
G1 X140.481 Y81.639 E2777.64576
G1 X140.6 Y82 E2777.67105
G1 X140.6 Y106.085 E2779.27319
G1 X140.482 Y106.36 E2779.29309
G1 X140.232 Y106.554 E2779.31414
G1 X140 Y106.6 E2779.32988
G1 X133.6 Y106.6 E2779.75561
G1 X133.6 Y109.063 E2779.91945
G1 F2449 X133.592 Y109.468 E2779.94585
G1 F2608.7 X133.576 Y109.736 E2779.96228
G1 F2727.3 X133.576 Y110.148 E2779.9864
G1 F2560 X133.599 Y110.695 E2780.02054
G1 F2406 X133.6 Y113.4 E2780.20003
G1 F2400 X140 Y113.4 E2780.62576
G1 X140.232 Y113.445 E2780.64148
G1 X140.481 Y113.639 E2780.66248
G1 X140.6 Y114 E2780.68776
G1 X140.6 Y146.089 E2782.82233
G1 X140.424 Y146.424 E2782.8475
G1 X140.089 Y146.6 E2782.87268
G1 X110 Y146.6 E2784.87421
G0 F12000 X110 Y146.199
;TYPE:WALL-OUTER
G1 F2400 X80 Y146.2 E2786.86981
G1 X79.858 Y146.142 E2786.88002
G1 X79.802 Y146.035 E2786.88805
G1 X79.8 Y114 E2789.01903
G1 X79.839 Y113.879 E2789.02748
G1 X79.943 Y113.8 E2789.03617
G1 X86.8 Y113.8 E2789.4923
G1 X86.8 Y106.2 E2789.99786
G1 X79.941 Y106.2 E2790.45412
G1 X79.839 Y106.12 E2790.46274
G1 X79.802 Y106.035 E2790.46891
G1 X79.8 Y82 E2792.06772
G1 X79.839 Y81.879 E2792.07618
G1 X79.943 Y81.8 E2792.08487
G1 X86.8 Y81.8 E2792.541
G1 X86.8 Y73.941 E2793.06378
G1 X86.88 Y73.839 E2793.0724
G1 X86.965 Y73.802 E2793.07857
G1 X133 Y73.8 E2796.14083
G1 X133.121 Y73.839 E2796.14929
G1 X133.2 Y73.943 E2796.15797
G1 X133.201 Y81.799 E2796.68056
G1 X140.059 Y81.8 E2797.13675
G1 X140.161 Y81.879 E2797.14534
G1 X140.2 Y82 E2797.15379
G1 X140.198 Y106.035 E2798.75261
G1 X140.161 Y106.12 E2798.75877
G1 X140.059 Y106.2 E2798.7674
G1 X133.2 Y106.2 E2799.22366
G1 X133.2 Y113.8 E2799.72921
G1 X140.059 Y113.8 E2800.18548
G1 X140.161 Y113.879 E2800.19406
G1 X140.2 Y114 E2800.20251
G1 X140.198 Y146.035 E2802.33349
G1 X140.142 Y146.142 E2802.34153
G1 X140.035 Y146.198 E2802.34956
G1 X110 Y146.199 E2804.34749
G0 F12000 X110 Y146.91
G0 X110 Y147.8
G1 F2400 X141.8 Y147.8 E2806.46284
G1 X141.8 Y72.2 E2811.49177
G1 X78.201 Y72.201 E2815.72239
G1 X78.201 Y147.799 E2820.75119
G1 X110 Y147.8 E2822.86647
G1 F2700 E2817.86647
G0 F12000 X110 Y147.09
G0 X140.838 Y146.838
G0 X140.838 Y113.162
G0 X135.972 Y112.406
G0 X136.042 Y111.699
G1 F2700 E2822.86647
G1 F2400 X135.609 Y111.651 E2822.89545
G1 X135.272 Y111.533 E2822.9192
G1 X134.866 Y111.266 E2822.95153
G1 X134.589 Y110.971 E2822.97845
G1 X134.392 Y110.561 E2823.0087
G1 X134.306 Y110.183 E2823.03449
G1 X134.304 Y109.698 E2823.06675
G1 X134.473 Y109.251 E2823.09854
G1 X134.629 Y108.995 E2823.11848
G1 X134.891 Y108.709 E2823.14429
G1 X135.165 Y108.517 E2823.16654
G1 X135.585 Y108.334 E2823.19702
G1 X136.061 Y108.301 E2823.22876
G1 X136.397 Y108.346 E2823.25131
G1 X136.677 Y108.442 E2823.271
G1 X137.064 Y108.656 E2823.30041
G1 X137.413 Y109.032 E2823.33454
G1 X137.599 Y109.428 E2823.36364
G1 X137.687 Y109.793 E2823.38862
G1 X137.69 Y110.295 E2823.42201
G1 X137.533 Y110.726 E2823.45253
G1 X137.368 Y111.007 E2823.4742
G1 X137.109 Y111.287 E2823.49957
G1 X136.835 Y111.479 E2823.52183
G1 X136.515 Y111.618 E2823.54504
G1 X136.042 Y111.699 E2823.57696
G1 F2700 E2818.57696
G0 F12000 X135.972 Y112.406
G0 X134.724 Y111.478
G0 X134.382 Y111.113
G0 X134.166 Y110.669
G0 X134.058 Y110.204
G0 X134.058 Y109.658
G0 X134.338 Y108.909
G0 X135.978 Y106.451
G0 X140.438 Y106.438
G0 X140.438 Y81.562
G0 X136.004 Y81.008
G0 X136.036 Y80.696
G1 F2700 E2823.57696
G1 F2400 X135.652 Y80.66 E2823.60262
G1 X135.272 Y80.533 E2823.62927
G1 X134.904 Y80.297 E2823.65835
G1 X134.589 Y79.973 E2823.68841
G1 X134.392 Y79.561 E2823.71879
G1 X134.306 Y79.183 E2823.74457
G1 X134.304 Y78.698 E2823.77684
G1 X134.473 Y78.251 E2823.80862
G1 X134.629 Y77.995 E2823.82857
G1 X134.891 Y77.709 E2823.85437
G1 X135.165 Y77.517 E2823.87662
G1 X135.569 Y77.334 E2823.90613
G1 X136.061 Y77.301 E2823.93893
G1 X136.397 Y77.346 E2823.96148
G1 X136.677 Y77.442 E2823.98117
G1 X137.056 Y77.652 E2824.00999
G1 X137.413 Y78.031 E2824.04463
G1 X137.599 Y78.428 E2824.07379
G1 X137.687 Y78.793 E2824.09876
G1 X137.69 Y79.295 E2824.13216
G1 X137.536 Y79.718 E2824.1621
G1 X137.369 Y80.007 E2824.18431
G1 X137.109 Y80.287 E2824.20972
G1 X136.835 Y80.479 E2824.23198
G1 X136.563 Y80.603 E2824.25186
G1 X136.036 Y80.696 E2824.28746
G1 F2700 E2819.28746
G0 F12000 X136.004 Y81.008
G0 X133.448 Y80.271
G0 X133.438 Y73.562
G0 X86.562 Y73.562
G0 X86.551 Y80.4
G0 X83.159 Y81.17
G0 X83.884 Y80.696
G1 F2700 E2824.28746
G1 F2400 X83.443 Y80.604 E2824.31743
G1 X83.136 Y80.464 E2824.33987
G1 X82.806 Y80.229 E2824.36682
G1 X82.56 Y79.906 E2824.39383
G1 X82.408 Y79.605 E2824.41626
G1 X82.306 Y79.187 E2824.44488
G1 X82.304 Y78.693 E2824.47774
G1 X82.46 Y78.281 E2824.50705
G1 X82.628 Y77.993 E2824.52923
G1 X82.886 Y77.715 E2824.55446
G1 X83.232 Y77.482 E2824.58221
G1 X83.648 Y77.313 E2824.61208
G1 X84.253 Y77.299 E2824.65233
G1 X84.83 Y77.489 E2824.69274
G1 X85.251 Y77.85 E2824.72963
G1 X85.456 Y78.124 E2824.75239
G1 X85.603 Y78.438 E2824.77546
G1 X85.687 Y78.793 E2824.79972
G1 X85.69 Y79.175 E2824.82514
G1 X85.608 Y79.547 E2824.85048
G1 X85.387 Y80.016 E2824.88496
G1 X84.925 Y80.429 E2824.92619
G1 X84.531 Y80.614 E2824.95514
G1 X84.299 Y80.674 E2824.97108
G1 X83.884 Y80.696 E2824.99872
G1 F2700 E2819.99872
G0 F12000 X83.159 Y81.17
G0 X79.162 Y81.162
G0 X79.162 Y106.838
G0 X83.521 Y107.67
G0 X82.909 Y107.912
G0 X82.06 Y108.506
G0 X81.658 Y109.582
G0 X81.658 Y110.251
G0 X81.786 Y110.802
G0 X81.993 Y111.23
G0 X82.352 Y111.701
G0 X82.83 Y112.041
G0 X83.919 Y112.405
G0 X83.884 Y111.696
G1 F2700 E2824.99872
G1 F2400 X83.482 Y111.616 E2825.02599
G1 X83.136 Y111.464 E2825.05113
G1 X82.806 Y111.229 E2825.07808
G1 X82.56 Y110.906 E2825.10509
G1 X82.408 Y110.605 E2825.12752
G1 X82.306 Y110.187 E2825.15614
G1 X82.304 Y109.693 E2825.189
G1 X82.463 Y109.274 E2825.21881
G1 X82.628 Y108.993 E2825.24049
G1 X82.886 Y108.715 E2825.26572
G1 X83.232 Y108.482 E2825.29347
G1 X83.648 Y108.313 E2825.32333
G1 X84.253 Y108.299 E2825.36359
G1 X84.829 Y108.488 E2825.40391
G1 X85.251 Y108.85 E2825.4409
G1 X85.456 Y109.124 E2825.46366
G1 X85.603 Y109.438 E2825.48673
G1 X85.687 Y109.793 E2825.51099
G1 X85.69 Y110.175 E2825.5364
G1 X85.608 Y110.547 E2825.56174
G1 X85.387 Y111.017 E2825.59629
G1 X84.911 Y111.435 E2825.63843
G1 X84.531 Y111.614 E2825.66637
G1 X84.299 Y111.674 E2825.68231
G1 X83.884 Y111.696 E2825.70996
G0 F12000 X83.919 Y112.405
G0 X79.347 Y112.789
G0 X79.5 Y109.608
G0 X80.256 Y109.608
;TYPE:SKIN
G1 F1825.1 X80.188 Y108.998 E2825.76365
G1 F2100.7 X80.188 Y108.184 E2825.82551
G1 X80.794 Y108.184 E2825.87157
G1 X80.669 Y108.402 E2825.89067
G1 X80.443 Y108.977 E2825.93762
G1 F1825.1 X80.256 Y109.608 E2825.99519
G1 F1629.9 X80.252 Y110.174 E2826.05063
G1 F1592 X80.272 Y110.566 E2826.08999
G0 F12000 X81.025 Y110.414
G0 X81.377 Y111.453
G0 X80.792 Y111.811
G1 F2091.5 X80.19 Y111.81 E2826.13594
G1 X80.189 Y111.02 E2826.19625
G1 F1777.8 X80.272 Y110.566 E2826.23769
G1 X80.448 Y110.993 E2826.27917
G1 F2091.5 X80.601 Y111.428 E2826.31436
G1 X80.792 Y111.811 E2826.34703
G0 F12000 X81.611 Y112.239
G1 F2400 X79.96 Y112.243 E2826.45686
G1 X79.76 Y112.283 E2826.47043
G1 X79.76 Y107.716 E2826.77422
G1 X79.965 Y107.757 E2826.78813
G1 X81.611 Y107.76 E2826.89762
G1 X81.279 Y108.202 E2826.9344
G1 X81.067 Y108.562 E2826.96219
G1 X80.857 Y109.1 E2827.00061
G1 X80.747 Y109.696 E2827.04092
G1 X80.744 Y110.166 E2827.07219
G1 X80.768 Y110.442 E2827.09061
G1 X80.868 Y110.904 E2827.12206
G1 X81.008 Y111.288 E2827.14925
G1 X81.149 Y111.577 E2827.17064
G1 X81.309 Y111.837 E2827.19095
G1 X81.611 Y112.239 E2827.22439
G1 F2700 E2822.22439
G0 F12000 X81.611 Y112.5
G0 X82.073 Y112.414
G0 X81.347 Y108.455
G0 X82.085 Y107.587
G0 X79.162 Y106.838
G0 X79.162 Y81.162
G0 X79.501 Y80.282
G0 X79.76 Y80.283
G1 F2700 E2827.22439
G1 F2400 X79.761 Y73.761 E2827.65824
G1 X85.284 Y73.76 E2828.02563
G1 X85.243 Y73.965 E2828.03954
G1 X85.24 Y75.98 E2828.17357
G1 X84.766 Y75.825 E2828.20675
G1 X84.268 Y75.742 E2828.24033
G1 X83.453 Y75.754 E2828.29455
G1 X83.047 Y75.871 E2828.32266
G1 X82.62 Y76.047 E2828.35338
G1 X82.324 Y76.207 E2828.37576
G1 X81.988 Y76.436 E2828.40281
G1 X81.716 Y76.672 E2828.42677
G1 X81.506 Y76.894 E2828.44709
G1 X81.287 Y77.19 E2828.47159
G1 X81.127 Y77.462 E2828.49258
G1 X81.004 Y77.711 E2828.51105
G1 X80.857 Y78.096 E2828.53847
G1 X80.747 Y78.697 E2828.57911
G1 X80.744 Y79.166 E2828.61031
G1 X80.768 Y79.438 E2828.62847
G1 X80.868 Y79.903 E2828.66011
G1 X80.987 Y80.239 E2828.68382
G1 X79.96 Y80.243 E2828.75214
G1 X79.76 Y80.283 E2828.76571
G0 F12000 X79.501 Y80.282
G0 X79.501 Y74.47
G0 X79.961 Y74.471
G1 F2400 X80.472 Y73.96 E2828.81378
G0 F12000 X81.038 Y73.96
G1 F2400 X79.961 Y75.037 E2828.9151
G0 F12000 X79.961 Y75.602
G1 F2400 X81.604 Y73.96 E2829.06961
G0 F12000 X82.169 Y73.96
G1 F2400 X79.961 Y76.168 E2829.27733
G0 F12000 X79.961 Y76.734
G1 F2400 X82.735 Y73.96 E2829.53829
G0 F12000 X83.301 Y73.96
G1 F2400 X79.961 Y77.299 E2829.85245
G0 F12000 X79.961 Y77.865
G1 F2400 X83.866 Y73.96 E2830.21981
G0 F12000 X84.432 Y73.96
G1 F2400 X82.515 Y75.877 E2830.40015
G0 F12000 X83.394 Y75.564
G1 F2400 X84.998 Y73.96 E2830.55104
G0 F12000 X85.042 Y74.481
G1 F2400 X83.978 Y75.545 E2830.65113
G0 F12000 X84.506 Y75.583
G1 F2400 X85.041 Y75.048 E2830.70146
G0 F12000 X85.039 Y75.615
G1 F2400 X84.972 Y75.683 E2830.70781
G0 F12000 X84.828 Y76.118
G0 X83.274 Y76.762
G0 X81.295 Y77.714
G0 X80.88 Y77.512
G1 F2400 X79.96 Y78.432 E2830.79436
G0 F12000 X79.96 Y78.997
G1 F2400 X80.605 Y78.353 E2830.85499
G0 F12000 X80.547 Y78.977
G1 F2400 X79.96 Y79.563 E2830.91017
G0 F12000 X80.046 Y80.043
G1 F2400 X80.577 Y79.512 E2830.96012
G0 F12000 X80.679 Y79.975
G1 F2400 X80.615 Y80.04 E2830.96619
G1 F2700 E2825.96619
G0 F12000 X80.615 Y80.5
G0 X82.052 Y80.305
G0 X81.786 Y79.802
G0 X81.658 Y79.251
G0 X81.658 Y78.582
G0 X82.06 Y77.506
G0 X82.909 Y76.912
G0 X83.521 Y76.67
G0 X84.346 Y76.648
G0 X85.149 Y76.916
G0 X85.71 Y77.382
G0 X86.162 Y73.162
G0 X133.838 Y73.162
G0 X134.44 Y77.237
G0 X134.822 Y76.962
G0 X135.407 Y76.698
G0 X136.055 Y76.647
G0 X136.53 Y76.708
G0 X137.46 Y77.025
G0 X137.951 Y77.66
G0 X138.212 Y78.191
G0 X138.745 Y80.421
G0 X140.425 Y80.509
G0 X140.24 Y80.284
G1 F2700 E2830.96619
G1 F2400 X140.031 Y80.243 E2830.98036
G1 X139.007 Y80.236 E2831.04847
G1 X139.15 Y79.848 E2831.07598
G1 X139.226 Y79.563 E2831.0956
G1 X139.252 Y79.274 E2831.1149
G1 X139.251 Y78.821 E2831.14504
G1 X139.207 Y78.44 E2831.17055
G1 X139.109 Y78.044 E2831.19769
G1 X138.993 Y77.72 E2831.22058
G1 X138.818 Y77.363 E2831.24703
G1 X138.546 Y76.963 E2831.2792
G1 X138.22 Y76.605 E2831.31141
G1 X137.933 Y76.355 E2831.33673
G1 X137.466 Y76.093 E2831.37235
G1 X137.181 Y75.962 E2831.39322
G1 X136.909 Y75.87 E2831.41232
G1 X136.541 Y75.785 E2831.43744
G1 X136.096 Y75.732 E2831.46725
G1 X135.494 Y75.772 E2831.50738
G1 X134.917 Y75.918 E2831.54698
G1 X134.76 Y75.987 E2831.55838
G1 X134.76 Y74 E2831.69056
G1 X134.714 Y73.76 E2831.70682
G1 X140.24 Y73.76 E2832.07441
G1 X140.24 Y80.284 E2832.50838
G0 F12000 X139.448 Y80.038
G1 F2400 X140.04 Y79.446 E2832.56408
G0 F12000 X140.04 Y78.88
G1 F2400 X139.434 Y79.487 E2832.62113
G0 F12000 X139.451 Y78.904
G1 F2400 X140.04 Y78.314 E2832.67659
G0 F12000 X140.04 Y77.749
G1 F2400 X139.4 Y78.389 E2832.7368
G0 F12000 X139.284 Y77.939
G1 F2400 X140.04 Y77.183 E2832.80792
G0 F12000 X140.04 Y76.617
G1 F2400 X139.124 Y77.534 E2832.89413
G0 F12000 X138.924 Y77.168
G1 F2400 X140.04 Y76.051 E2832.99917
G0 F12000 X140.04 Y75.486
G1 F2400 X138.695 Y76.831 E2833.1257
G0 F12000 X138.427 Y76.534
G1 F2400 X140.04 Y74.92 E2833.27749
G0 F12000 X140.04 Y74.354
G1 F2400 X138.13 Y76.264 E2833.45717
G0 F12000 X137.785 Y76.044
G1 F2400 X139.869 Y73.96 E2833.65322
G0 F12000 X139.304 Y73.96
G1 F2400 X137.414 Y75.849 E2833.83097
G0 F12000 X137.004 Y75.694
G1 F2400 X138.738 Y73.96 E2833.99409
G0 F12000 X138.172 Y73.96
G1 F2400 X136.548 Y75.584 E2834.14687
G0 F12000 X136.029 Y75.537
G1 F2400 X137.607 Y73.96 E2834.29527
G0 F12000 X137.041 Y73.96
G1 F2400 X135.412 Y75.589 E2834.44852
G0 F12000 X134.96 Y75.475
G1 F2400 X136.475 Y73.96 E2834.59104
G0 F12000 X135.909 Y73.96
G1 F2400 X134.958 Y74.911 E2834.6805
G0 F12000 X134.958 Y74.346
G1 F2400 X135.344 Y73.96 E2834.71682
G1 F2700 E2829.71682
G0 F12000 X135.344 Y73.5
G0 X134.211 Y73.347
G0 X134.385 Y76.572
G0 X136.53 Y76.708
G0 X137.46 Y77.025
G0 X137.951 Y77.66
G0 X138.212 Y78.191
G0 X138.342 Y78.743
G0 X138.342 Y79.417
G0 X137.937 Y80.497
G0 X140.838 Y81.162
G0 X140.838 Y106.838
G0 X137.573 Y107.47
G0 X138.95 Y109.481
G0 X139.721 Y109.376
G1 F2700 E2834.71682
G1 F1745.5 X139.52 Y108.923 E2834.76215
G1 F2077.9 X139.394 Y108.569 E2834.79102
G1 X139.215 Y108.19 E2834.82322
G1 X139.809 Y108.188 E2834.86886
G1 X139.809 Y108.888 E2834.92264
G1 F1745.5 X139.721 Y109.376 E2834.96799
G0 F12000 X138.95 Y109.481
G0 X137.577 Y112.541
G0 X138.382 Y112.5
G0 X138.382 Y112.24
G1 F2400 X138.701 Y111.816 E2835.00329
G1 X138.93 Y111.425 E2835.03343
G1 X139.132 Y110.904 E2835.0706
G1 X139.226 Y110.559 E2835.09439
G1 X139.252 Y110.274 E2835.11342
G1 X139.251 Y109.821 E2835.14356
G1 X139.207 Y109.44 E2835.16907
G1 X139.109 Y109.044 E2835.19621
G1 X138.993 Y108.72 E2835.2191
G1 X138.818 Y108.363 E2835.24555
G1 X138.546 Y107.963 E2835.27772
G1 X138.36 Y107.76 E2835.29604
G1 X140.031 Y107.757 E2835.40719
G1 X140.24 Y107.716 E2835.42136
G1 X140.24 Y112.284 E2835.72523
G1 X140.031 Y112.243 E2835.73939
G1 X138.382 Y112.24 E2835.84909
G0 F12000 X139.206 Y111.805
G1 F2077.9 X139.32 Y111.608 E2835.86657
G1 X139.539 Y111.037 E2835.91356
G1 F1768 X139.728 Y110.649 E2835.95253
G1 X139.809 Y111.073 E2835.99151
G1 F2077.9 X139.809 Y111.808 E2836.04798
G1 X139.206 Y111.805 E2836.09431
G0 F12000 X138.614 Y111.454
G0 X138.971 Y110.52
G0 X139.728 Y110.649
G1 F1576.4 X139.743 Y110.315 E2836.12817
G1 F1618.9 X139.744 Y109.796 E2836.17936
G1 F1561 X139.721 Y109.376 E2836.22238
G0 F12000 X138.663 Y109.533
G1 F2700 E2831.22238
;MESH:NONMESH
G0 F300 Z33.8
G0 F12000 X137.46 Y108.025
G0 X133.838 Y106.838
G0 X140.838 Y106.838
G0 X140.838 Y81.162
G0 X137.937 Y80.497
G0 X138.342 Y79.417
G0 X138.342 Y78.743
G0 X138.212 Y78.191
G0 X137.951 Y77.66
G0 X137.46 Y77.025
G0 X136.53 Y76.708
G0 X136.055 Y76.647
G0 X135.407 Y76.698
G0 X134.822 Y76.962
G0 X134.058 Y77.509
G0 X133.838 Y73.162
G0 X86.162 Y73.162
G0 X85.71 Y77.382
G0 X85.149 Y76.916
G0 X84.346 Y76.648
G0 X83.521 Y76.67
G0 X82.909 Y76.912
G0 X82.06 Y77.506
G0 X81.658 Y78.582
G0 X81.658 Y79.251
G0 X81.786 Y79.802
G0 X81.993 Y80.23
G0 X81.501 Y80.498
G0 X79.4 Y80.755
;TIME_ELAPSED:6820.968463
;LAYER:84
;TYPE:WALL-INNER
;MESH:tank_trainer_body.stl
G1 F2700 E2836.22238
G1 F2400 X79.461 Y80.707 E2836.22754
G1 X80 Y80.6 E2836.26409
G1 X81.591 Y80.599 E2836.36993
G1 X81.362 Y80.188 E2836.40122
G1 X81.223 Y79.828 E2836.42689
G1 X81.104 Y79.302 E2836.46277
G1 X81.104 Y78.732 E2836.50069
G1 X81.203 Y78.213 E2836.53583
G1 X81.423 Y77.661 E2836.57536
G1 X81.694 Y77.231 E2836.60917
G1 X81.974 Y76.927 E2836.63666
G1 X82.209 Y76.722 E2836.65741
G1 X82.518 Y76.511 E2836.6823
G1 X82.861 Y76.338 E2836.70785
G1 X83.285 Y76.194 E2836.73764
G1 X83.559 Y76.125 E2836.75643
G1 X84.232 Y76.104 E2836.80122
G1 X84.647 Y76.176 E2836.82924
G1 X84.912 Y76.251 E2836.84756
G1 X85.292 Y76.399 E2836.87469
G1 X85.6 Y76.587 E2836.89869
G1 X85.6 Y74 E2837.07078
G1 X85.707 Y73.46 E2837.1074
G1 X85.755 Y73.4 E2837.11251
G1 X79.4 Y73.4 E2837.53525
G1 X79.4 Y80.755 E2838.0245
G0 F12000 X79.207 Y81.084
G0 X79 Y82
G1 F2400 X79.199 Y81.399 E2838.06662
G1 X79.615 Y81.076 E2838.10165
G1 X80 Y81 E2838.12776
G1 X82.464 Y80.999 E2838.29166
G1 X82.08 Y80.595 E2838.32874
G1 X81.927 Y80.387 E2838.34592
G1 X81.712 Y79.995 E2838.37566
G1 X81.613 Y79.738 E2838.39398
G1 X81.504 Y79.26 E2838.42659
G1 X81.504 Y78.732 E2838.46171
G1 X81.575 Y78.361 E2838.48684
G1 X81.795 Y77.809 E2838.52637
G1 X81.988 Y77.502 E2838.55049
G1 X82.345 Y77.114 E2838.58556
G1 X82.745 Y76.84 E2838.61781
G1 X82.99 Y76.717 E2838.63605
G1 X83.553 Y76.526 E2838.6756
G1 X84.159 Y76.505 E2838.71593
G1 X84.662 Y76.583 E2838.74979
G1 X85.147 Y76.772 E2838.78442
G1 X85.447 Y76.955 E2838.80779
G1 X85.759 Y77.23 E2838.83546
G1 X86 Y77.514 E2838.86024
G1 X86 Y74 E2839.09399
G1 X86.076 Y73.614 E2839.12016
G1 X86.401 Y73.199 E2839.15522
G1 F2352.9 X86.826 Y73.007 E2839.18687
G1 X86.334 Y72.999 E2839.22025
G1 F2400 X79 Y73 E2839.70811
G1 X79 Y82 E2840.30679
G1 X79 Y106 E2841.90328
G1 F2352.9 X79.007 Y106.174 E2841.9151
G0 F12000 X79.4 Y112.755
G1 F2400 X79.461 Y112.707 E2841.92026
G1 X80 Y112.6 E2841.95681
G1 X82.695 Y112.6 E2842.13609
G1 X82.307 Y112.353 E2842.16668
G1 X82.047 Y112.139 E2842.18908
G1 X81.791 Y111.872 E2842.21369
G1 X81.577 Y111.58 E2842.23777
G1 X81.332 Y111.131 E2842.27179
G1 X81.224 Y110.828 E2842.29319
G1 X81.104 Y110.302 E2842.32908
G1 X81.104 Y109.732 E2842.367
G1 X81.203 Y109.213 E2842.40214
G1 X81.423 Y108.661 E2842.44167
G1 X81.694 Y108.231 E2842.47548
G1 X81.974 Y107.927 E2842.50297
G1 X82.21 Y107.722 E2842.52377
G1 X82.518 Y107.51 E2842.54864
G1 X82.739 Y107.4 E2842.56506
G1 X80 Y107.4 E2842.74726
G1 X79.46 Y107.293 E2842.78388
G1 X79.4 Y107.245 E2842.78899
G1 X79.4 Y112.755 E2843.15552
G0 F12000 X79.207 Y113.084
G0 X79 Y114
G1 F2400 X79 Y146 E2845.28417
G1 F2352.9 X79.007 Y146.174 E2845.29598
G0 F12000 X79.162 Y146.838
G0 X80 Y147
G1 F2400 X140 Y147 E2849.2872
G1 F2352.9 X140.174 Y146.993 E2849.29902
G1 F2436.5 X141.014 Y147.014 E2849.35407
G1 F2442.7 X140.993 Y146.174 E2849.40899
G1 X140.697 Y146.697 E2849.44826
G1 F2436.5 X140.174 Y146.993 E2849.48764
G0 F12000 X140.838 Y146.838
G0 X140.993 Y146.174
G1 F2358.7 X141 Y146 E2849.49943
G1 F2400 X141 Y114 E2851.62808
G0 F12000 X140.854 Y113.246
G0 X140.6 Y112.754
G1 F2400 X140.6 Y107.246 E2851.99447
G1 X140.54 Y107.293 E2851.99954
G1 X140 Y107.4 E2852.03616
G1 X137.309 Y107.4 E2852.21516
G1 X137.785 Y107.706 E2852.25281
G1 X138.145 Y108.039 E2852.28543
G1 X138.393 Y108.367 E2852.31278
G1 X138.533 Y108.593 E2852.33047
G1 X138.666 Y108.865 E2852.35061
G1 X138.774 Y109.168 E2852.372
G1 X138.857 Y109.536 E2852.3971
G1 X138.892 Y109.848 E2852.41798
G1 X138.892 Y110.303 E2852.44825
G1 X138.772 Y110.827 E2852.48401
G1 X138.672 Y111.116 E2852.50435
G1 X138.544 Y111.384 E2852.52411
G1 X138.392 Y111.632 E2852.54346
G1 X138.208 Y111.872 E2852.56357
G1 X138.025 Y112.069 E2852.58146
G1 X137.709 Y112.349 E2852.60954
G1 X137.277 Y112.599 E2852.64275
G1 X140 Y112.6 E2852.82388
G1 X140.54 Y112.706 E2852.86049
G1 X140.6 Y112.754 E2852.8656
G0 F12000 X135.794 Y112.403
G0 X135.849 Y112.098
G1 F2400 X135.424 Y112.025 E2852.89428
G1 X134.873 Y111.794 E2852.93403
G1 X134.461 Y111.434 E2852.97042
G1 X134.206 Y111.094 E2852.99869
G1 X134.012 Y110.701 E2853.02785
G1 F2533 X133.933 Y110.248 E2853.05683
G1 F2630.1 X133.927 Y109.579 E2853.09744
G1 F2487 X134.146 Y108.993 E2853.1376
G1 F2400 X134.457 Y108.569 E2853.17258
G1 X134.781 Y108.283 E2853.20132
G1 X135.303 Y108.012 E2853.24045
G1 X135.632 Y107.928 E2853.26304
G1 X136.159 Y107.901 E2853.29814
G1 X136.695 Y108.006 E2853.33447
G1 X136.905 Y108.091 E2853.34954
G1 X137.442 Y108.436 E2853.392
G1 X137.792 Y108.899 E2853.43061
G1 X137.98 Y109.283 E2853.45905
G1 X138.093 Y109.786 E2853.49334
G1 X138.084 Y110.252 E2853.52435
G1 X137.978 Y110.712 E2853.55575
G1 X137.794 Y111.098 E2853.58419
G1 X137.539 Y111.43 E2853.61204
G1 X137.178 Y111.75 E2853.64413
G1 X136.973 Y111.869 E2853.6599
G1 X136.364 Y112.068 E2853.70252
G1 X135.849 Y112.098 E2853.73683
G0 F12000 X135.794 Y112.403
G0 X134.523 Y112.541
G1 F1860.5 X134.491 Y112.486 E2853.74229
G1 X134.427 Y112.486 E2853.74778
G1 X134.395 Y112.541 E2853.75324
G1 X134.427 Y112.596 E2853.7587
G1 X134.491 Y112.596 E2853.7642
G1 X134.523 Y112.541 E2853.76966
G0 F12000 X136.422 Y112.319
G0 X137.215 Y112.052
G0 X137.727 Y111.599
G0 X138.009 Y111.226
G0 X138.216 Y110.797
G0 X138.342 Y110.243
G0 X138.342 Y109.749
G0 X138.214 Y109.198
G0 X138.007 Y108.769
G0 X137.612 Y108.252
G0 X136.909 Y107.799
G0 X134.535 Y107.468
G1 F1784.4 X134.501 Y107.41 E2853.77567
G1 X134.434 Y107.41 E2853.78167
G1 X134.401 Y107.468 E2853.78764
G1 X134.435 Y107.526 E2853.79365
G1 X134.502 Y107.526 E2853.79965
G1 X134.535 Y107.468 E2853.80562
G0 F12000 X136.173 Y107.651
G0 X136.909 Y107.799
G0 X137.612 Y108.252
G0 X138.007 Y108.769
G0 X138.214 Y109.198
G0 X138.609 Y111.584
G0 X137.915 Y112.414
G0 X140.838 Y113.162
G0 X141 Y114
G1 F2400 X141 Y106.666 E2854.29348
G1 F2358.7 X140.993 Y106.174 E2854.32678
G1 X140.802 Y106.6 E2854.35838
G1 F2400 X140.386 Y106.924 E2854.39345
G1 X140 Y107 E2854.41962
G1 X136.831 Y107 E2854.63043
G1 F2222.2 X136.35 Y107.032 E2854.66506
G1 F2096.1 X136.108 Y107.026 E2854.6835
G1 F2082.4 X135.517 Y107.035 E2854.72881
G1 F2176.9 X135.192 Y107.006 E2854.75274
G1 F2364.5 X134 Y107 E2854.83322
G1 F2400 X134 Y108.516 E2854.93407
G1 X134.234 Y108.233 E2854.9585
G1 X134.551 Y107.952 E2854.98667
G1 F2296.7 X135.132 Y107.649 E2855.03222
G1 F2123.9 X135.557 Y107.5 E2855.06608
G1 F2051.3 X136.237 Y107.473 E2855.11904
G1 F2217.1 X136.772 Y107.614 E2855.15888
G1 F2400 X137.121 Y107.754 E2855.1839
G1 X137.569 Y108.042 E2855.21932
G1 X137.826 Y108.28 E2855.24262
G1 X138.132 Y108.685 E2855.27639
G1 X138.359 Y109.147 E2855.31063
G1 X138.492 Y109.736 E2855.3508
G1 X138.492 Y110.26 E2855.38566
G1 X138.359 Y110.842 E2855.42537
G1 X138.139 Y111.304 E2855.45941
G1 X137.831 Y111.706 E2855.49309
G1 X137.444 Y112.049 E2855.52749
G1 X137.102 Y112.248 E2855.55381
G1 F2201.8 X136.439 Y112.497 E2855.60517
G1 F2042.6 X135.817 Y112.525 E2855.65383
G1 F2008.4 X135.411 Y112.472 E2855.68638
G1 F2114.5 X134.672 Y112.148 E2855.7473
G1 F2341.5 X134.242 Y111.774 E2855.78616
G1 F2400 X134.001 Y111.488 E2855.81104
G1 X134.001 Y112.999 E2855.91155
G1 X134.69 Y113 E2855.95738
G1 F2318.8 X135.1 Y112.987 E2855.98562
G1 F2100.7 X135.369 Y112.956 E2856.0062
G1 F2042.6 X135.888 Y112.974 E2856.04679
G1 F2077.9 X136.479 Y112.964 E2856.09221
G1 F2114.5 X136.676 Y112.982 E2856.10714
G1 F2296.7 X137.225 Y112.999 E2856.14532
G1 F2400 X140 Y113 E2856.32992
G1 X140.386 Y113.076 E2856.35609
G1 X140.801 Y113.399 E2856.39107
G1 X141 Y114 E2856.43318
G0 F12000 X140.993 Y106.174
G1 F2358.7 X141 Y106 E2856.44497
G1 F2400 X141 Y82 E2858.04145
G0 F12000 X140.854 Y81.246
G0 X140.6 Y80.754
G1 F2400 X140.6 Y73.4 E2858.53064
G1 X134.245 Y73.4 E2858.95338
G1 X134.293 Y73.461 E2858.95854
G1 X134.4 Y74 E2858.9951
G1 X134.401 Y76.579 E2859.16665
G1 X134.873 Y76.334 E2859.20203
G1 X135.275 Y76.18 E2859.23067
G1 X135.675 Y76.121 E2859.25756
G1 X136.108 Y76.104 E2859.28639
G1 X136.376 Y76.129 E2859.30429
G1 X136.848 Y76.221 E2859.33628
G1 X137.338 Y76.418 E2859.37141
G1 X137.799 Y76.715 E2859.40789
G1 X138.145 Y77.039 E2859.43942
G1 X138.393 Y77.367 E2859.46677
G1 X138.533 Y77.593 E2859.48446
G1 X138.664 Y77.861 E2859.5043
G1 X138.774 Y78.168 E2859.526
G1 X138.857 Y78.536 E2859.55109
G1 X138.892 Y78.848 E2859.57197
G1 X138.892 Y79.302 E2859.60217
G1 X138.773 Y79.828 E2859.63805
G1 X138.672 Y80.115 E2859.65829
G1 X138.543 Y80.384 E2859.67813
G1 X138.411 Y80.6 E2859.69497
G1 X140 Y80.6 E2859.80067
G1 X140.54 Y80.706 E2859.83728
G1 X140.6 Y80.754 E2859.84239
G0 F12000 X140.793 Y81.084
G0 X141 Y82
G1 F2400 X141 Y73 E2860.44107
G1 X133 Y73 E2860.97323
G1 X133.601 Y73.199 E2861.01535
G1 X133.924 Y73.615 E2861.05038
G1 X134 Y74 E2861.07649
G1 X134 Y77.516 E2861.31037
G1 X134.234 Y77.233 E2861.3348
G1 X134.552 Y76.951 E2861.36307
G1 X135.179 Y76.627 E2861.41002
G1 X135.692 Y76.52 E2861.44488
G1 X136.191 Y76.501 E2861.4781
G1 X136.772 Y76.614 E2861.51747
G1 X137.121 Y76.754 E2861.54248
G1 X137.579 Y77.049 E2861.57872
G1 X137.826 Y77.28 E2861.60122
G1 X138.133 Y77.686 E2861.63508
G1 X138.36 Y78.151 E2861.6695
G1 X138.492 Y78.736 E2861.70939
G1 X138.492 Y79.26 E2861.74425
G1 X138.359 Y79.841 E2861.7839
G1 X138.14 Y80.303 E2861.81791
G1 X137.833 Y80.704 E2861.8515
G1 X137.497 Y81.001 E2861.88133
G1 X140 Y81 E2862.04783
G1 X140.386 Y81.076 E2862.074
G1 X140.801 Y81.399 E2862.10898
G1 X141 Y82 E2862.1511
G1 F2700 E2857.1511
G0 F12000 X140.438 Y81.562
G0 X135.183 Y81.172
G0 X135.888 Y81.072
G1 F2700 E2862.1511
G1 F2580.6 X135.437 Y81.021 E2862.17917
G1 F2424.2 X134.898 Y80.816 E2862.21715
G1 F2400 X134.458 Y80.431 E2862.25604
G1 X134.206 Y80.094 E2862.28403
G1 X134.012 Y79.701 E2862.31319
G1 F2533 X133.933 Y79.248 E2862.34217
G1 F2630.1 X133.927 Y78.579 E2862.38278
G1 F2487 X134.146 Y77.993 E2862.42294
G1 F2400 X134.457 Y77.569 E2862.45792
G1 X134.78 Y77.284 E2862.48657
G1 X135.31 Y77.008 E2862.52632
G1 X135.71 Y76.92 E2862.55357
G1 X136.157 Y76.902 E2862.58332
G1 X136.695 Y77.007 E2862.61979
G1 X136.905 Y77.091 E2862.63483
G1 X137.443 Y77.437 E2862.67738
G1 X137.791 Y77.898 E2862.71581
G1 X137.979 Y78.278 E2862.74401
G1 X138.093 Y78.786 E2862.77864
G1 X138.084 Y79.252 E2862.80964
G1 X137.978 Y79.711 E2862.84098
G1 X137.794 Y80.098 E2862.86949
G1 X137.539 Y80.43 E2862.89733
G1 X137.178 Y80.749 E2862.92938
G1 X136.973 Y80.869 E2862.94518
G1 F2449 X136.393 Y81.051 E2862.98481
G1 F2608.7 X135.888 Y81.072 E2863.01574
G0 F12000 X135.183 Y81.172
G0 X134.221 Y80.863
G1 F1424.3 X134.179 Y80.79 E2863.02518
G1 X134.095 Y80.79 E2863.0346
G1 X134.053 Y80.863 E2863.04404
G1 X134.095 Y80.936 E2863.05348
G1 X134.179 Y80.936 E2863.06289
G1 X134.221 Y80.863 E2863.07233
G1 F2700 E2858.07233
G0 F12000 X133.438 Y73.562
G0 X133 Y73
G1 F2700 E2863.07233
G1 F2400 X87 Y73 E2866.13226
G1 F2352.9 X86.826 Y73.007 E2866.14408
G1 F2700 E2861.14408
G0 F12000 X86.588 Y73.507
G0 X86.03 Y81.03
G1 F2700 E2866.14408
G1 F2823.5 X86.03 Y80.428 E2866.17812
G1 X85.704 Y80.78 E2866.20524
G1 X85.384 Y81.029 E2866.22817
G1 X86.03 Y81.03 E2866.2647
G1 F2700 E2861.2647
G0 F12000 X83.149 Y81.179
G0 X83.877 Y81.088
G1 F2700 E2866.2647
G1 F2487 X83.188 Y80.966 E2866.30961
G1 F2400 X82.675 Y80.64 E2866.35004
G1 X82.315 Y80.261 E2866.38482
G1 X82.021 Y79.729 E2866.42525
G1 X81.904 Y79.217 E2866.46019
G1 X81.904 Y78.732 E2866.49245
G1 X81.946 Y78.509 E2866.50754
G1 X82.166 Y77.957 E2866.54707
G1 X82.282 Y77.773 E2866.56154
G1 X82.609 Y77.419 E2866.5936
G1 X83.039 Y77.122 E2866.62836
G1 X83.625 Y76.923 E2866.66953
G1 X84.139 Y76.904 E2866.70374
G1 X84.563 Y76.973 E2866.73232
G1 X85.101 Y77.183 E2866.77074
G1 X85.533 Y77.564 E2866.80905
G1 X85.787 Y77.89 E2866.83654
G1 F2406 X85.981 Y78.289 E2866.86598
G1 F2526.3 X86.07 Y78.775 E2866.89721
G1 F2594.6 X86.064 Y79.394 E2866.93529
G1 F2461.5 X85.899 Y79.902 E2866.96994
G1 F2400 X85.674 Y80.267 E2866.99846
G1 X85.391 Y80.574 E2867.02623
G1 X84.954 Y80.877 E2867.06161
G1 F2442.7 X84.472 Y81.036 E2867.09478
G1 F2533 X83.877 Y81.088 E2867.13242
G1 F2700 E2862.13242
G0 F12000 X83.149 Y81.179
G0 X79.162 Y81.162
G0 X79.162 Y106.838
G0 X85.606 Y107.458
G1 F2700 E2867.13242
G1 F1860.5 X85.574 Y107.403 E2867.13788
G1 X85.51 Y107.403 E2867.14338
G1 X85.478 Y107.458 E2867.14884
G1 X85.51 Y107.513 E2867.1543
G1 X85.574 Y107.513 E2867.15979
G1 X85.606 Y107.458 E2867.16525
G0 F12000 X83.576 Y107.681
G0 X82.935 Y107.898
G0 X82.447 Y108.228
G0 X81.991 Y108.721
G0 X81.658 Y109.571
G0 X81.658 Y110.248
G0 X81.788 Y110.816
G0 X82.114 Y111.416
G0 X82.522 Y111.834
G0 X82.973 Y112.123
G0 X83.813 Y112.42
G0 X83.882 Y112.117
G1 F2400 X83.179 Y111.959 E2867.21318
G1 X82.678 Y111.642 E2867.25262
G1 X82.315 Y111.262 E2867.28757
G1 X82.021 Y110.728 E2867.32812
G1 X81.904 Y110.217 E2867.36299
G1 X81.904 Y109.732 E2867.39526
G1 X81.946 Y109.509 E2867.41035
G1 X82.166 Y108.957 E2867.44988
G1 X82.282 Y108.773 E2867.46435
G1 X82.609 Y108.419 E2867.49641
G1 X83.042 Y108.12 E2867.53141
G1 X83.632 Y107.928 E2867.57268
G1 X84.148 Y107.902 E2867.60705
G1 X84.565 Y107.974 E2867.6352
G1 X85.101 Y108.183 E2867.67347
G1 X85.533 Y108.564 E2867.71179
G1 X85.787 Y108.89 E2867.73928
G1 F2406 X85.981 Y109.289 E2867.76872
G1 F2526.3 X86.07 Y109.775 E2867.79994
G1 F2594.6 X86.064 Y110.394 E2867.83803
G1 F2461.5 X85.899 Y110.902 E2867.87267
G1 F2400 X85.674 Y111.268 E2867.90125
G1 X85.388 Y111.577 E2867.92926
G1 X84.956 Y111.876 E2867.96421
G1 X84.473 Y112.048 E2867.99831
G1 X83.882 Y112.117 E2868.03789
G0 F12000 X83.813 Y112.42
G0 X85.599 Y112.532
G1 F1791 X85.565 Y112.474 E2868.04388
G1 X85.498 Y112.474 E2868.04986
G1 X85.465 Y112.532 E2868.0558
G1 X85.499 Y112.59 E2868.0618
G1 X85.566 Y112.59 E2868.06777
G1 X85.599 Y112.532 E2868.07372
G0 F12000 X79.162 Y113.162
G0 X79 Y114
G1 F2400 X79.199 Y113.399 E2868.11583
G1 X79.615 Y113.076 E2868.15087
G1 X80 Y113 E2868.17697
G1 X83.123 Y112.999 E2868.38471
G1 F2232.6 X83.652 Y112.97 E2868.4226
G1 F2123.9 X83.928 Y112.978 E2868.44335
G1 F2077.9 X84.553 Y112.96 E2868.49139
G1 F2096.1 X84.771 Y112.982 E2868.50808
G1 F2296.7 X85.14 Y112.999 E2868.53376
G1 F2400 X86 Y113 E2868.59097
G1 X86 Y111.504 E2868.69048
G1 X85.659 Y111.873 E2868.7239
G1 X85.25 Y112.159 E2868.7571
G1 X85.016 Y112.279 E2868.77459
G1 F2181.8 X84.512 Y112.485 E2868.81443
G1 F2021.1 X83.8 Y112.545 E2868.87088
G1 F2206.9 X83.192 Y112.373 E2868.91659
G1 F2400 X82.875 Y112.24 E2868.93945
G1 X82.421 Y111.952 E2868.97522
G1 X82.08 Y111.595 E2869.00806
G1 X81.928 Y111.387 E2869.0252
G1 X81.643 Y110.87 E2869.06447
G1 X81.504 Y110.26 E2869.10608
G1 X81.504 Y109.732 E2869.14121
G1 X81.575 Y109.361 E2869.16633
G1 X81.795 Y108.809 E2869.20586
G1 X81.988 Y108.502 E2869.22998
G1 X82.342 Y108.118 E2869.26472
G1 X82.744 Y107.84 E2869.29724
G1 X82.99 Y107.717 E2869.31553
G1 F2206.9 X83.557 Y107.5 E2869.35945
G1 F2042.6 X84.181 Y107.475 E2869.40826
G1 F2008.4 X84.585 Y107.528 E2869.44065
G1 F2114.5 X85.323 Y107.846 E2869.50133
G1 F2341.5 X85.759 Y108.23 E2869.54094
G1 F2400 X86 Y108.514 E2869.56572
G1 X86 Y107 E2869.66643
G1 X85.292 Y107.001 E2869.71352
G1 F2313.3 X84.884 Y107.015 E2869.7417
G1 F2096.1 X84.627 Y107.044 E2869.7614
G1 F2042.6 X84.108 Y107.026 E2869.80199
G1 F2082.4 X83.517 Y107.035 E2869.8473
G1 F2123.9 X83.32 Y107.017 E2869.86217
G1 F2296.7 X82.872 Y107 E2869.89334
G1 F2400 X80 Y107 E2870.08438
G1 X79.614 Y106.924 E2870.11055
G1 X79.199 Y106.599 E2870.14562
G1 F2352.9 X79.007 Y106.174 E2870.17726
G1 X78.999 Y106.666 E2870.21065
G1 F2400 X79 Y114 E2870.69851
G1 F2700 E2865.69851
G0 F12000 X79.162 Y146.838
G0 X80 Y147
G1 F2700 E2870.69851
G1 F2487 X79.303 Y146.697 E2870.74729
G1 F2436.5 X79.007 Y146.174 E2870.78667
G1 X78.986 Y147.014 E2870.84172
G1 F2487 X80 Y147 E2870.90682
G1 F2700 E2865.90682
G0 F12000 X110 Y147.09
G0 X110 Y147.4
G1 F2700 E2870.90682
G1 F2400 X141.4 Y147.4 E2872.99556
G1 X141.4 Y72.6 E2877.97127
G1 X78.6 Y72.6 E2882.14875
G1 X78.601 Y147.399 E2887.1244
G1 X110 Y147.4 E2889.21307
G0 F12000 X110 Y146.6
G1 F2400 X80 Y146.6 E2891.20867
G1 X79.575 Y146.425 E2891.23925
G1 X79.4 Y146.089 E2891.26445
G1 X79.4 Y114 E2893.39902
G1 X79.519 Y113.639 E2893.4243
G1 X79.769 Y113.446 E2893.44531
G1 X80 Y113.4 E2893.46098
G1 X86.4 Y113.4 E2893.88671
G1 X86.4 Y110.935 E2894.05068
G1 F2526.3 X86.421 Y110.391 E2894.08509
G1 F2696.6 X86.423 Y109.848 E2894.11723
G1 F2553.2 X86.402 Y109.303 E2894.15134
G1 F2412.1 X86.4 Y106.6 E2894.33024
G1 F2400 X80 Y106.6 E2894.75597
G1 X79.768 Y106.554 E2894.7717
G1 X79.519 Y106.36 E2894.7927
G1 X79.4 Y106.086 E2894.81257
G1 X79.4 Y82 E2896.41478
G1 X79.519 Y81.639 E2896.44007
G1 X79.769 Y81.446 E2896.46107
G1 X80 Y81.4 E2896.47674
G1 X83.234 Y81.399 E2896.69187
G1 F2580.6 X83.928 Y81.428 E2896.73484
G1 X84.968 Y81.4 E2896.7992
G1 F2400 X86.4 Y81.4 E2896.89446
G1 X86.4 Y79.935 E2896.99191
G1 F2526.3 X86.421 Y79.391 E2897.02631
G1 F2696.6 X86.423 Y78.848 E2897.05846
G1 F2553.2 X86.402 Y78.303 E2897.09257
G1 F2412.1 X86.4 Y74 E2897.37737
G1 F2400 X86.446 Y73.768 E2897.3931
G1 X86.64 Y73.519 E2897.4141
G1 X86.914 Y73.4 E2897.43397
G1 X133 Y73.4 E2900.49963
G1 X133.361 Y73.519 E2900.52491
G1 X133.554 Y73.769 E2900.54592
G1 X133.6 Y74 E2900.56159
G1 X133.6 Y77.962 E2900.82514
G1 F2442.7 X133.593 Y78.443 E2900.85658
G1 F2601.6 X133.576 Y78.728 E2900.8741
G1 F2727.3 X133.576 Y79.148 E2900.89869
G1 F2553.2 X133.6 Y79.693 E2900.9328
G1 F2400 X133.6 Y81.4 E2901.04635
G1 X134.883 Y81.399 E2901.13169
G1 F2553.2 X135.928 Y81.424 E2901.19706
G1 X137.06 Y81.4 E2901.26785
G1 F2400 X140 Y81.4 E2901.46342
G1 X140.232 Y81.445 E2901.47914
G1 X140.481 Y81.639 E2901.50014
G1 X140.6 Y82 E2901.52543
G1 X140.6 Y106.085 E2903.12757
G1 X140.482 Y106.36 E2903.14747
G1 X140.232 Y106.554 E2903.16852
G1 X140 Y106.6 E2903.18426
G1 X133.6 Y106.6 E2903.60999
G1 F2442.7 X133.593 Y109.443 E2903.79579
G1 F2601.6 X133.576 Y109.728 E2903.81331
G1 F2727.3 X133.576 Y110.148 E2903.8379
G1 F2553.2 X133.6 Y110.693 E2903.87201
G1 F2400 X133.601 Y113.399 E2904.05201
G1 X140 Y113.4 E2904.47768
G1 X140.232 Y113.445 E2904.4934
G1 X140.481 Y113.639 E2904.5144
G1 X140.6 Y114 E2904.53968
G1 X140.6 Y146.089 E2906.67425
G1 X140.424 Y146.424 E2906.69942
G1 X140.089 Y146.6 E2906.72459
G1 X110 Y146.6 E2908.72612
G0 F12000 X110 Y146.199
;TYPE:WALL-OUTER
G1 F2400 X80 Y146.2 E2910.72173
G1 X79.858 Y146.142 E2910.73193
G1 X79.802 Y146.035 E2910.73997
G1 X79.8 Y114 E2912.87095
G1 X79.839 Y113.879 E2912.8794
G1 X79.943 Y113.8 E2912.88809
G1 X86.8 Y113.8 E2913.34422
G1 X86.8 Y106.2 E2913.84977
G1 X79.941 Y106.2 E2914.30604
G1 X79.839 Y106.12 E2914.31466
G1 X79.802 Y106.035 E2914.32083
G1 X79.8 Y82 E2915.91964
G1 X79.839 Y81.879 E2915.9281
G1 X79.943 Y81.8 E2915.93678
G1 X86.8 Y81.8 E2916.39291
G1 X86.8 Y73.941 E2916.9157
G1 X86.88 Y73.839 E2916.92432
G1 X86.965 Y73.802 E2916.93049
G1 X133 Y73.8 E2919.99275
G1 X133.121 Y73.839 E2920.0012
G1 X133.2 Y73.943 E2920.00989
G1 X133.2 Y81.8 E2920.53254
G1 X140.059 Y81.8 E2920.9888
G1 X140.161 Y81.879 E2920.99739
G1 X140.2 Y82 E2921.00584
G1 X140.198 Y106.035 E2922.60466
G1 X140.161 Y106.12 E2922.61082
G1 X140.059 Y106.2 E2922.61945
G1 X133.2 Y106.2 E2923.07571
G1 X133.201 Y113.799 E2923.5812
G1 X140.059 Y113.8 E2924.03739
G1 X140.161 Y113.879 E2924.04598
G1 X140.2 Y114 E2924.05443
G1 X140.198 Y146.035 E2926.18541
G1 X140.142 Y146.142 E2926.19344
G1 X140.035 Y146.198 E2926.20148
G1 X110 Y146.199 E2928.19941
G0 F12000 X110 Y146.91
G0 X110 Y147.8
G1 F2400 X141.8 Y147.8 E2930.31476
G1 X141.8 Y72.2 E2935.34369
G1 X78.2 Y72.2 E2939.57438
G1 X78.201 Y147.799 E2944.60324
G1 X110 Y147.8 E2946.71852
G1 F2700 E2941.71852
G0 F12000 X110 Y147.09
G0 X140.838 Y146.838
G0 X140.838 Y113.162
G0 X135.924 Y112.405
G0 X135.888 Y111.696
G1 F2700 E2946.71852
G1 F2400 X135.557 Y111.642 E2946.74083
G1 X135.108 Y111.464 E2946.77296
G1 X134.768 Y111.171 E2946.80282
G1 X134.54 Y110.869 E2946.82799
G1 X134.408 Y110.601 E2946.84786
G1 X134.306 Y110.183 E2946.87648
G1 X134.304 Y109.687 E2946.90948
G1 X134.503 Y109.182 E2946.94558
G1 X134.766 Y108.83 E2946.97481
G1 X135.027 Y108.606 E2946.99769
G1 X135.469 Y108.382 E2947.03065
G1 X135.701 Y108.322 E2947.04659
G1 X136.147 Y108.307 E2947.07628
G1 X136.657 Y108.406 E2947.11084
G1 X137.166 Y108.734 E2947.15112
G1 X137.456 Y109.123 E2947.18339
G1 X137.604 Y109.435 E2947.20636
G1 X137.692 Y109.848 E2947.23445
G1 X137.69 Y110.183 E2947.25674
G1 X137.589 Y110.599 E2947.28522
G1 X137.461 Y110.867 E2947.30497
G1 X137.229 Y111.17 E2947.33036
G1 X136.882 Y111.478 E2947.36122
G1 X136.295 Y111.674 E2947.40239
G1 X135.888 Y111.696 E2947.4295
G1 F2700 E2942.4295
G0 F12000 X135.924 Y112.405
G0 X134.569 Y111.327
G0 X134.334 Y111.018
G0 X134.164 Y110.666
G0 X134.058 Y110.201
G0 X134.058 Y109.643
G0 X134.284 Y109.068
G0 X135.783 Y106.449
G0 X140.438 Y106.438
G0 X140.438 Y81.562
G0 X135.183 Y81.172
G0 X135.853 Y80.694
G1 F2700 E2947.4295
G1 F2400 X135.557 Y80.642 E2947.44949
G1 X135.107 Y80.466 E2947.48163
G1 X134.765 Y80.169 E2947.51177
G1 X134.54 Y79.869 E2947.53671
G1 X134.408 Y79.601 E2947.55658
G1 X134.306 Y79.183 E2947.5852
G1 X134.304 Y78.687 E2947.6182
G1 X134.503 Y78.182 E2947.65431
G1 X134.766 Y77.83 E2947.68353
G1 X135.027 Y77.606 E2947.70641
G1 X135.469 Y77.382 E2947.73938
G1 X135.727 Y77.32 E2947.75703
G1 X136.147 Y77.307 E2947.78498
G1 X136.657 Y77.406 E2947.81954
G1 X137.167 Y77.735 E2947.85991
G1 X137.456 Y78.123 E2947.89209
G1 X137.604 Y78.435 E2947.91506
G1 X137.692 Y78.848 E2947.94315
G1 X137.69 Y79.183 E2947.96544
G1 X137.589 Y79.599 E2947.99391
G1 X137.461 Y79.867 E2948.01367
G1 X137.229 Y80.17 E2948.03906
G1 X136.882 Y80.478 E2948.06992
G1 X136.295 Y80.674 E2948.11109
G1 X135.853 Y80.694 E2948.14052
G1 F2700 E2943.14052
G0 F12000 X135.183 Y81.172
G0 X133.448 Y79.726
G0 X133.438 Y73.562
G0 X86.562 Y73.562
G0 X86.552 Y80.416
G0 X83.149 Y81.179
G0 X83.928 Y80.712
G1 F2700 E2948.14052
G1 F2400 X83.334 Y80.585 E2948.18092
G1 X82.915 Y80.311 E2948.21423
G1 X82.628 Y80.001 E2948.24233
G1 X82.4 Y79.587 E2948.27377
G1 X82.306 Y79.183 E2948.30136
G1 X82.304 Y78.693 E2948.33395
G1 X82.552 Y78.069 E2948.37862
G1 X82.89 Y77.711 E2948.41137
G1 X83.222 Y77.483 E2948.43816
G1 X83.697 Y77.321 E2948.47155
G1 X84.119 Y77.304 E2948.49964
G1 X84.439 Y77.358 E2948.52123
G1 X84.889 Y77.529 E2948.55325
G1 X85.229 Y77.83 E2948.58346
G1 X85.435 Y78.089 E2948.60547
G1 X85.604 Y78.439 E2948.63133
G1 X85.692 Y78.848 E2948.65916
G1 X85.69 Y79.295 E2948.68889
G1 X85.523 Y79.749 E2948.72107
G1 X85.339 Y80.04 E2948.74397
G1 X85.139 Y80.257 E2948.7636
G1 X84.771 Y80.517 E2948.79358
G1 X84.358 Y80.659 E2948.82263
G1 X83.928 Y80.712 E2948.85145
G1 F2700 E2943.85145
G0 F12000 X83.149 Y81.179
G0 X79.162 Y81.162
G0 X79.162 Y106.838
G0 X83.576 Y107.681
G0 X82.935 Y107.898
G0 X82.447 Y108.228
G0 X81.991 Y108.721
G0 X81.658 Y109.571
G0 X81.658 Y110.248
G0 X81.788 Y110.816
G0 X82.114 Y111.416
G0 X82.522 Y111.834
G0 X82.973 Y112.123
G0 X84.018 Y112.421
G0 X83.928 Y111.712
G1 F2700 E2948.85145
G1 F2400 X83.334 Y111.585 E2948.89185
G1 X82.915 Y111.311 E2948.92516
G1 X82.628 Y111.001 E2948.95326
G1 X82.408 Y110.601 E2948.98362
G1 X82.306 Y110.183 E2949.01225
G1 X82.304 Y109.693 E2949.04484
G1 X82.552 Y109.069 E2949.08951
G1 X82.89 Y108.711 E2949.12226
G1 X83.222 Y108.482 E2949.14909
G1 X83.701 Y108.322 E2949.18268
G1 X84.108 Y108.304 E2949.20978
G1 X84.439 Y108.358 E2949.23209
G1 X84.889 Y108.529 E2949.26411
G1 X85.229 Y108.83 E2949.29432
G1 X85.435 Y109.089 E2949.31633
G1 X85.604 Y109.439 E2949.34219
G1 X85.692 Y109.848 E2949.37002
G1 X85.69 Y110.295 E2949.39975
G1 X85.523 Y110.749 E2949.43193
G1 X85.339 Y111.04 E2949.45483
G1 X85.106 Y111.285 E2949.47732
G1 X84.748 Y111.525 E2949.50599
G1 X84.367 Y111.658 E2949.53284
G1 X83.928 Y111.712 E2949.56226
G0 F12000 X84.018 Y112.421
G0 X81.619 Y112.5
G0 X81.619 Y112.24
;TYPE:SKIN
G1 F2400 X79.96 Y112.243 E2949.67262
G1 X79.76 Y112.283 E2949.68619
G1 X79.76 Y107.716 E2949.98998
G1 X79.965 Y107.757 E2950.00389
G1 X81.635 Y107.761 E2950.11498
G1 X81.428 Y107.984 E2950.13522
G1 X81.085 Y108.526 E2950.17789
G1 X80.865 Y109.082 E2950.21766
G1 X80.747 Y109.69 E2950.25886
G1 X80.744 Y110.162 E2950.29026
G1 X80.768 Y110.438 E2950.30869
G1 X80.868 Y110.903 E2950.34033
G1 X81.008 Y111.293 E2950.36789
G1 X81.271 Y111.772 E2950.40424
G1 X81.619 Y112.24 E2950.44304
G0 F12000 X81.619 Y112.5
G0 X80.363 Y112.5
G0 X80.363 Y112.042
G1 F2400 X79.96 Y111.639 E2950.48095
G0 F12000 X79.96 Y111.073
G1 F2400 X80.928 Y112.04 E2950.57196
G0 F12000 X80.832 Y111.379
G1 F2400 X79.96 Y110.507 E2950.654
G0 F12000 X79.96 Y109.942
G1 F2400 X80.59 Y110.572 E2950.71326
G0 F12000 X80.547 Y109.963
G1 F2400 X79.96 Y109.376 E2950.76848
G0 F12000 X79.96 Y108.81
G1 F2400 X80.59 Y109.44 E2950.82775
G0 F12000 X80.692 Y108.976
G1 F2400 X79.96 Y108.245 E2950.89657
G0 F12000 X80.239 Y107.958
G1 F2400 X80.852 Y108.571 E2950.95423
G0 F12000 X81.053 Y108.206
G1 F2400 X80.807 Y107.96 E2950.97738
G0 F12000 X80.807 Y107.5
G0 X79.162 Y106.838
G0 X79.162 Y81.162
G0 X79.5 Y80.283
G0 X79.76 Y80.283
G1 F2400 X79.76 Y73.76 E2951.41129
G1 X85.284 Y73.76 E2951.77875
G1 X85.243 Y73.965 E2951.79265
G1 X85.24 Y75.967 E2951.92583
G1 X84.702 Y75.818 E2951.96296
G1 X84.282 Y75.746 E2951.99131
G1 X83.662 Y75.76 E2952.03256
G1 X83.345 Y75.794 E2952.05377
G1 X82.717 Y76.005 E2952.09784
G1 X82.333 Y76.201 E2952.12652
G1 X81.988 Y76.436 E2952.15428
G1 X81.716 Y76.672 E2952.17824
G1 X81.429 Y76.979 E2952.20619
G1 X81.085 Y77.526 E2952.24918
G1 X80.865 Y78.082 E2952.28895
G1 X80.747 Y78.69 E2952.33015
G1 X80.744 Y79.162 E2952.36155
G1 X80.768 Y79.438 E2952.37998
G1 X80.868 Y79.903 E2952.41162
G1 X80.996 Y80.24 E2952.4356
G1 X79.96 Y80.243 E2952.50451
G1 X79.76 Y80.283 E2952.51808
G0 F12000 X80.042 Y80.042
G1 F2400 X79.96 Y79.96 E2952.5258
G0 F12000 X79.96 Y79.394
G1 F2400 X80.606 Y80.04 E2952.58657
G0 F12000 X80.57 Y79.438
G1 F2400 X79.96 Y78.828 E2952.64395
G0 F12000 X79.96 Y78.263
G1 F2400 X80.549 Y78.852 E2952.69936
G0 F12000 X80.609 Y78.346
G1 F2400 X79.96 Y77.697 E2952.76042
G0 F12000 X79.96 Y77.131
G1 F2400 X80.725 Y77.896 E2952.83238
G0 F12000 X80.885 Y77.49
G1 F2400 X79.96 Y76.566 E2952.91935
G0 F12000 X79.96 Y76
G1 F2400 X81.095 Y77.135 E2953.02613
G0 F12000 X81.328 Y76.802
G1 F2400 X79.96 Y75.434 E2953.15482
G0 F12000 X79.96 Y74.868
G1 F2400 X81.599 Y76.508 E2953.30905
G0 F12000 X81.907 Y76.25
G1 F2400 X79.96 Y74.303 E2953.49222
G0 F12000 X80.182 Y73.96
G1 F2400 X82.246 Y76.024 E2953.68638
G0 F12000 X82.621 Y75.833
G1 F2400 X80.748 Y73.96 E2953.86259
G0 F12000 X81.314 Y73.96
G1 F2400 X83.039 Y75.685 E2954.02486
G0 F12000 X83.497 Y75.577
G1 F2400 X81.879 Y73.96 E2954.17703
G0 F12000 X82.445 Y73.96
G1 F2400 X84.035 Y75.549 E2954.32656
G0 F12000 X84.66 Y75.609
G1 F2400 X83.011 Y73.96 E2954.48169
G0 F12000 X83.576 Y73.96
G1 F2400 X85.041 Y75.424 E2954.61946
G0 F12000 X85.042 Y74.86
G1 F2400 X84.142 Y73.96 E2954.70412
G0 F12000 X84.708 Y73.96
G1 F2400 X85.044 Y74.296 E2954.73573
G1 F2700 E2949.73573
G0 F12000 X85.5 Y74.296
G0 X86.162 Y73.162
G0 X133.838 Y73.162
G0 X134.641 Y77.076
G0 X135.22 Y76.778
G0 X135.614 Y76.679
G0 X136.173 Y76.651
G0 X136.909 Y76.799
G0 X137.612 Y77.252
G0 X138.007 Y77.769
G0 X138.214 Y78.198
G0 X138.75 Y80.423
G0 X140.425 Y80.509
G0 X140.24 Y80.284
G1 F2700 E2954.73573
G1 F2400 X140.031 Y80.243 E2954.7499
G1 X139.007 Y80.239 E2954.81802
G1 X139.117 Y79.927 E2954.84002
G1 X139.226 Y79.455 E2954.87225
G1 X139.252 Y79.157 E2954.89215
G1 X139.251 Y78.825 E2954.91423
G1 X139.211 Y78.469 E2954.93806
G1 X139.117 Y78.068 E2954.96546
G1 X138.981 Y77.688 E2954.99231
G1 X138.861 Y77.44 E2955.01063
G1 X138.682 Y77.153 E2955.03313
G1 X138.432 Y76.823 E2955.06067
G1 X137.995 Y76.413 E2955.10053
G1 X137.528 Y76.115 E2955.13738
G1 X136.953 Y75.875 E2955.17883
G1 X136.423 Y75.772 E2955.21475
G1 X136.127 Y75.744 E2955.23452
G1 X135.66 Y75.76 E2955.26561
G1 X135.193 Y75.83 E2955.29702
G1 X134.76 Y75.99 E2955.32773
G1 X134.76 Y74 E2955.4601
G1 X134.714 Y73.76 E2955.47636
G1 X140.24 Y73.76 E2955.84395
G1 X140.24 Y80.284 E2956.27793
G0 F12000 X140.5 Y80.284
G0 X140.428 Y73.572
G0 X139.579 Y73.5
G0 X139.579 Y73.96
G1 F2400 X140.04 Y74.421 E2956.32129
G0 F12000 X140.04 Y74.987
G1 F2400 X139.014 Y73.96 E2956.41786
G0 F12000 X138.448 Y73.96
G1 F2400 X140.04 Y75.552 E2956.56763
G0 F12000 X140.04 Y76.118
G1 F2400 X137.882 Y73.96 E2956.77064
G0 F12000 X137.317 Y73.96
G1 F2400 X140.04 Y76.684 E2957.02685
G0 F12000 X140.04 Y77.249
G1 F2400 X136.751 Y73.96 E2957.33626
G0 F12000 X136.185 Y73.96
G1 F2400 X140.04 Y77.815 E2957.69891
G0 F12000 X140.04 Y78.381
G1 F2400 X139.067 Y77.407 E2957.79049
G0 F12000 X139.369 Y78.275
G1 F2400 X140.04 Y78.946 E2957.85362
G0 F12000 X140.04 Y79.512
G1 F2400 X139.45 Y78.922 E2957.90912
G0 F12000 X139.425 Y79.463
G1 F2400 X140.006 Y80.044 E2957.96378
G0 F12000 X139.437 Y80.04
G1 F2400 X139.318 Y79.921 E2957.97497
G0 F12000 X138.878 Y79.821
G0 X137.401 Y76.338
G0 X137.584 Y75.924
G1 F2400 X135.62 Y73.96 E2958.15973
G0 F12000 X135.054 Y73.96
G1 F2400 X136.716 Y75.622 E2958.31608
G0 F12000 X136.075 Y75.547
G1 F2400 X134.957 Y74.429 E2958.42126
G0 F12000 X134.958 Y74.995
G1 F2400 X135.539 Y75.576 E2958.47592
G0 F12000 X135.062 Y75.665
G1 F2400 X134.959 Y75.562 E2958.48561
G1 F2700 E2953.48561
G0 F12000 X134.5 Y75.562
G0 X134.714 Y77.04
G0 X135.22 Y76.778
G0 X135.614 Y76.679
G0 X136.173 Y76.651
G0 X136.909 Y76.799
G0 X137.612 Y77.252
G0 X138.007 Y77.769
G0 X138.214 Y78.198
G0 X138.342 Y78.749
G0 X138.342 Y79.243
G0 X138.216 Y79.797
G0 X138.009 Y80.226
G0 X140.838 Y81.162
G0 X140.838 Y106.838
G0 X137.786 Y106.849
G0 X138.342 Y109.749
G0 X138.326 Y111.992
G0 X137.915 Y112.414
G0 X138.379 Y112.5
G0 X138.379 Y112.24
G1 F2700 E2958.48561
G1 F2400 X138.683 Y111.838 E2958.51913
G1 X138.869 Y111.536 E2958.54273
G1 X139.002 Y111.258 E2958.56323
G1 X139.118 Y110.922 E2958.58687
G1 X139.226 Y110.451 E2958.61901
G1 X139.252 Y110.158 E2958.63858
G1 X139.251 Y109.825 E2958.66073
G1 X139.208 Y109.446 E2958.68611
G1 X139.117 Y109.064 E2958.71223
G1 X138.993 Y108.716 E2958.7368
G1 X138.861 Y108.44 E2958.75715
G1 X138.682 Y108.153 E2958.77965
G1 X138.388 Y107.76 E2958.8123
G1 X140.031 Y107.757 E2958.9216
G1 X140.24 Y107.716 E2958.93576
G1 X140.24 Y112.284 E2959.23963
G1 X140.031 Y112.243 E2959.2538
G1 X138.379 Y112.24 E2959.36369
G0 F12000 X138.945 Y111.792
G1 F2400 X139.193 Y112.04 E2959.38702
G0 F12000 X139.761 Y112.042
G1 F2400 X139.142 Y111.424 E2959.4452
G0 F12000 X139.298 Y111.014
G1 F2400 X140.04 Y111.756 E2959.515
G0 F12000 X140.04 Y111.19
G1 F2400 X139.406 Y110.556 E2959.57465
G0 F12000 X139.45 Y110.034
G1 F2400 X140.04 Y110.625 E2959.6302
G0 F12000 X140.04 Y110.059
G1 F2400 X139.405 Y109.424 E2959.68994
G0 F12000 X140.04 Y109.493
G1 F2400 X139.169 Y108.622 E2959.77187
G0 F12000 X139.072 Y107.959
G1 F2400 X140.04 Y108.928 E2959.86298
G0 F12000 X140.04 Y108.362
G1 F2400 X139.635 Y107.957 E2959.90108
G0 F12000 X139.635 Y107.21
G1 F2700 E2954.90108
;MESH:NONMESH
G0 F300 Z34.2
G0 F12000 X140.838 Y106.838
G0 X140.838 Y81.162
G0 X138.009 Y80.226
G0 X138.216 Y79.797
G0 X138.342 Y79.243
G0 X138.342 Y78.749
G0 X138.214 Y78.198
G0 X138.007 Y77.769
G0 X137.612 Y77.252
G0 X136.909 Y76.799
G0 X136.173 Y76.651
G0 X135.614 Y76.679
G0 X135.22 Y76.778
G0 X134.641 Y77.076
G0 X133.838 Y73.162
G0 X79.826 Y73.007
;TIME_ELAPSED:6900.925788
;LAYER:85
;TYPE:WALL-INNER
;MESH:tank_trainer_body.stl
G1 F2700 E2959.90108
G1 F2352.9 X80 Y73 E2959.9129
G1 F2400 X140 Y73 E2963.90412
G0 F12000 X140.838 Y73.162
G0 X141 Y74
G1 F2487 X141.014 Y72.986 E2963.96921
G1 X140 Y73 E2964.03431
G1 X140.697 Y73.303 E2964.0831
G1 X141 Y74 E2964.13188
G1 F2400 X141 Y114 E2966.79269
G1 F2700 E2961.79269
G0 F12000 X140.838 Y73.162
G0 X79.162 Y73.162
G0 X79 Y114
G1 F2700 E2966.79269
G1 F2400 X79 Y74 E2969.4535
G1 F2487 X79.303 Y73.303 E2969.50229
G1 F2436.5 X79.826 Y73.007 E2969.54167
G1 X78.986 Y72.986 E2969.59672
G1 F2487 X79 Y74 E2969.66182
G1 F2700 E2964.66182
G0 F12000 X78.881 Y114.12
G0 X78.6 Y114.44
G1 F2700 E2969.66182
G1 F2400 X78.64 Y114.4 E2969.66558
G1 X79.4 Y114.4 E2969.71614
G1 X79.4 Y74 E2972.40356
G1 X79.575 Y73.575 E2972.43413
G1 X79.911 Y73.4 E2972.45933
G1 X140 Y73.4 E2976.45647
G1 X140.424 Y73.576 E2976.48701
G1 X140.6 Y74 E2976.51754
G1 X140.6 Y114.4 E2979.20496
G1 X141.36 Y114.4 E2979.25552
G1 X141.4 Y114.44 E2979.25928
G1 X141.4 Y72.6 E2982.04249
G1 X78.601 Y72.601 E2986.2199
G1 X78.6 Y114.44 E2989.00304
G0 F12000 X78.32 Y115
;TYPE:WALL-OUTER
G1 F1846.2 X78.64 Y114.8 E2989.03567
G1 F2400 X79.8 Y114.8 E2989.11283
G1 X79.8 Y74 E2991.82686
G1 X79.858 Y73.858 E2991.83706
G1 X79.965 Y73.802 E2991.8451
G1 X140 Y73.8 E2995.83864
G1 X140.142 Y73.858 E2995.84885
G1 X140.2 Y74 E2995.85905
G1 X140.2 Y114.8 E2998.57308
G1 X141.36 Y114.8 E2998.65024
G1 F1846.2 X141.68 Y115 E2998.68287
G1 X141.8 Y114.36 E2998.73918
G1 F2400 X141.8 Y72.2 E3001.54368
G1 X78.201 Y72.201 E3005.7743
G1 X78.2 Y114.36 E3008.57873
G1 F1846.2 X78.32 Y115 E3008.63504
G1 F1500 X78.32 Y145.678 E3011.90017
G1 F2700 E3006.90017
G0 F12000 X79.305 Y145.678
G0 X140.695 Y145.678
G0 X141.68 Y145.678
G1 F2700 E3011.90017
G1 F1500 X141.68 Y115 E3015.16531
G1 F2700 E3010.16531
;MESH:NONMESH
G0 F300 Z34.6
G0 F12000 X141.52 Y114.52
G0 X140.438 Y73.562
G0 X79.826 Y73.007
;TIME_ELAPSED:6928.860194
;LAYER:86
;TYPE:WALL-INNER
;MESH:tank_trainer_body.stl
G1 F2700 E3015.16531
G1 F2352.9 X80 Y73 E3015.17712
G1 F2400 X140 Y73 E3019.16834
G0 F12000 X140.838 Y73.162
G0 X141 Y74
G1 F2487 X141.014 Y72.986 E3019.23343
G1 X140 Y73 E3019.29853
G1 X140.697 Y73.303 E3019.34732
G1 X141 Y74 E3019.3961
G1 F2400 X141 Y114 E3022.05692
G1 F2700 E3017.05692
G0 F12000 X140.838 Y73.162
G0 X79.162 Y73.162
G0 X79 Y114
G1 F2700 E3022.05692
G1 F2400 X79 Y74 E3024.71773
G1 F2487 X79.303 Y73.303 E3024.76651
G1 F2436.5 X79.826 Y73.007 E3024.80589
G1 X78.986 Y72.986 E3024.86094
G1 F2487 X79 Y74 E3024.92604
G1 F2700 E3019.92604
G0 F12000 X79.162 Y73.162
G0 X140.838 Y73.162
G0 X141.12 Y114.12
G0 X141.4 Y114.803
G1 F2700 E3024.92604
G1 F2400 X141.4 Y72.6 E3027.7334
G1 X78.601 Y72.601 E3031.9108
G1 X78.6 Y114.8 E3034.71789
G1 X79 Y114.4 E3034.75552
G1 X79.4 Y114.4 E3034.78213
G1 X79.4 Y74 E3037.46955
G1 X79.575 Y73.575 E3037.50012
G1 X79.911 Y73.4 E3037.52532
G1 X140 Y73.4 E3041.52246
G1 X140.424 Y73.576 E3041.553
G1 X140.6 Y74 E3041.58354
G1 X140.6 Y114.4 E3044.27095
G1 X140.999 Y114.4 E3044.2975
G1 X141.4 Y114.803 E3044.33531
G1 F2700 E3039.33531
G0 F12000 X141.12 Y114.12
G0 X140.438 Y73.562
G0 X79.562 Y73.562
G0 X78.565 Y114.562
G0 X78.523 Y145.52
G0 X78.75 Y145.75
;TYPE:WALL-OUTER
G1 F2700 E3044.33531
G1 F1920 X78.75 Y115 E3046.89219
G1 F2133.3 X79 Y114.8 E3046.91615
G1 F2400 X79.8 Y114.8 E3046.96936
G1 X79.8 Y74 E3049.68339
G1 X79.858 Y73.858 E3049.69359
G1 X79.965 Y73.802 E3049.70163
G1 X140 Y73.8 E3053.69517
G1 X140.142 Y73.858 E3053.70537
G1 X140.2 Y74 E3053.71558
G1 X140.2 Y114.8 E3056.4296
G1 X140.997 Y114.8 E3056.48262
G1 F2128.6 X141.247 Y115 E3056.50663
G1 F1912.4 X141.247 Y145.749 E3059.07365
G1 X141.749 Y145.749 E3059.11556
G1 X141.749 Y115 E3061.68258
G1 F2128.6 X141.8 Y114 E3061.75767
G1 F2400 X141.8 Y72.2 E3064.53822
G1 X78.201 Y72.201 E3068.76884
G1 X78.2 Y114 E3071.54933
G1 F2133.3 X78.25 Y115 E3071.62425
G1 F1920 X78.25 Y145.75 E3074.18113
G1 X78.75 Y145.75 E3074.2227
G1 F2700 E3069.2227
;MESH:NONMESH
G0 F300 Z35
G0 F12000 X78.523 Y145.52
G0 X78.565 Y114.562
G0 X79.562 Y73.562
G0 X79.826 Y73.007
;TIME_ELAPSED:6959.791579
;LAYER:87
;TYPE:WALL-INNER
;MESH:tank_trainer_body.stl
G1 F2700 E3074.2227
G1 F2352.9 X80 Y73 E3074.23452
G1 F2400 X140 Y73 E3078.22573
G0 F12000 X140.838 Y73.162
G0 X141 Y74
G1 F2487 X141.014 Y72.986 E3078.29083
G1 X140 Y73 E3078.35593
G1 X140.697 Y73.303 E3078.40471
G1 X141 Y74 E3078.4535
G1 F2400 X141 Y114.085 E3081.11997
G0 F12000 X141.298 Y115
G1 F1589.4 X141.298 Y145.298 E3084.16327
G1 F2700 E3079.16327
G0 F12000 X141.035 Y114.562
G0 X140.438 Y73.562
G0 X79.562 Y73.562
G0 X79.025 Y110.462
G0 X78.7 Y145.3
G1 F2700 E3084.16327
G1 F1600 X78.7 Y115 E3087.18661
G0 F12000 X79 Y114.083
G1 F2400 X79 Y74 E3089.85295
G1 F2487 X79.303 Y73.303 E3089.90173
G1 F2436.5 X79.826 Y73.007 E3089.94111
G1 X78.986 Y72.986 E3089.99616
G1 F2487 X79 Y74 E3090.06126
G1 F2700 E3085.06126
G0 F12000 X79.162 Y73.162
G0 X140.838 Y73.162
G0 X141.12 Y114.12
G1 F2700 E3090.06126
G0 F12000 X141.298 Y115
G0 E3085.06126
G1 F2700 E3090.06126
G1 F1912.4 X141.4 Y114.085 E3090.13812
G1 F2400 X141.4 Y72.6 E3092.89771
G1 X78.601 Y72.601 E3097.07512
G1 X78.6 Y114.083 E3099.83451
G1 F1920 X78.7 Y115 E3099.91122
G1 X79.16 Y114.449 E3099.9709
G1 F2400 X79.4 Y114.4 E3099.98719
G1 X79.4 Y74 E3102.67461
G1 X79.575 Y73.575 E3102.70519
G1 X79.911 Y73.4 E3102.73039
G1 X140 Y73.4 E3106.72752
G1 X140.424 Y73.576 E3106.75806
G1 X140.6 Y74 E3106.7886
G1 X140.6 Y114.4 E3109.47602
G1 X140.839 Y114.451 E3109.49227
G1 F1912.4 X141.298 Y115 E3109.55201
G1 F2700 E3104.55201
G0 F12000 X141.12 Y114.12
G0 X141.078 Y145.52
G1 F2700 E3109.55201
G0 F12000 X140.796 Y145.8
G0 E3104.55201
;TYPE:WALL-OUTER
G1 F2700 E3109.55201
G1 F2400 X141.8 Y145.8 E3109.6188
G1 X141.8 Y72.2 E3114.51469
G1 X78.201 Y72.201 E3118.74532
G1 X78.2 Y145.8 E3123.64114
G1 X79.2 Y145.8 E3123.70766
G1 X79.2 Y115 E3125.75649
G1 X79.33 Y114.8 E3125.77235
G1 X79.8 Y114.8 E3125.80362
G1 X79.8 Y74 E3128.51764
G1 X79.858 Y73.858 E3128.52785
G1 X79.965 Y73.802 E3128.53588
G1 X140 Y73.8 E3132.52943
G1 X140.142 Y73.858 E3132.53963
G1 X140.2 Y74 E3132.54983
G1 X140.2 Y114.8 E3135.26386
G1 X140.666 Y114.8 E3135.29486
G1 X140.796 Y115 E3135.31073
G1 X140.796 Y145.8 E3137.35955
;TIME_ELAPSED:6990.458372
G1 F2700 E3132.35955
M140 S0
M107
G91 ;Relative positioning
G1 E-2 F2700 ;Retract a bit
G1 E-2 Z0.2 F2400 ;Retract and raise Z
G1 X5 Y5 F3000 ;Wipe out
G1 Z10 ;Raise Z more
G90 ;Absolute positioning

G28 X0 Y0 ;Present print
M106 S0 ;Turn-off fan
M104 S0 ;Turn-off hotend
M140 S0 ;Turn-off bed

M84 X Y E ;Disable all steppers but Z

M82 ;absolute extrusion mode
M104 S0
;End of Gcode
;SETTING_3 {"global_quality": "[general]\\nversion = 4\\nname = PLA - no adhesio
;SETTING_3 n\\ndefinition = creality_ender5\\n\\n[metadata]\\ntype = quality_cha
;SETTING_3 nges\\nquality_type = standard\\nsetting_version = 27\\n\\n[values]\\
;SETTING_3 nadhesion_type = none\\nlayer_height = 0.4\\nmaterial_bed_temperature
;SETTING_3  = 55\\nmaterial_bed_temperature_layer_0 = 65\\nsupport_enable = Fals
;SETTING_3 e\\nsupport_type = buildplate\\n\\n", "extruder_quality": ["[general]
;SETTING_3 \\nversion = 4\\nname = PLA - no adhesion\\ndefinition = creality_end
;SETTING_3 er5\\n\\n[metadata]\\ntype = quality_changes\\nquality_type = standar
;SETTING_3 d\\nintent_category = default\\nposition = 0\\nsetting_version = 27\\
;SETTING_3 n\\n[values]\\nmaterial_print_temperature_layer_0 = 205.0\\nspeed_lay
;SETTING_3 er_0 = 10\\nsupport_angle = 80\\n\\n"]}
