;FLAVOR:Marlin
;TIME:3085
;Filament used: 4.1221m
;Layer height: 0.4
;MINX:86.835
;MINY:36.672
;MINZ:0.2
;MAXX:117.665
;MAXY:148.994
;MAXZ:13.8
;TARGET_MACHINE.NAME:Creality Ender-5
;Generated with Cura_SteamEngine 5.12.0
M140 S65
M105
M190 S65
M104 S205
M105
M109 S205
M201 X500.00 Y500.00 Z100.00 E5000.00 ;Setup machine max acceleration
M203 X500.00 Y500.00 Z10.00 E50.00 ;Setup machine max feedrate
M204 P500.00 R1000.00 T500.00 ;Setup Print/Retract/Travel acceleration
M205 X8.00 Y8.00 Z0.40 E5.00 ;Setup Jerk
M220 S100 ;Reset Feedrate
M221 S100 ;Reset Flowrate

G28 ;Home

G92 E0 ;Reset Extruder
G1 Z2.0 F3000 ;Move Z Axis up
G1 X10.1 Y20 Z0.28 F5000.0 ;Move to start position
G1 X10.1 Y200.0 Z0.28 F1500.0 E15 ;Draw the first line
G1 X10.4 Y200.0 Z0.28 F5000.0 ;Move to side a little
G1 X10.4 Y20 Z0.28 F1500.0 E30 ;Draw the second line
G92 E0 ;Reset Extruder
G1 Z2.0 F3000 ;Move Z Axis up

M82 ;absolute extrusion mode
G92 E0
G92 E0
G1 F2700 E-5
;LAYER_COUNT:35
;LAYER:0
M107
;MESH:bump_plate.obj(1)
G0 F6000 X100.1 Y138.777 Z0.2
;TYPE:WALL-INNER
G1 F2700 E0
G1 F600 X100.1 Y41.913 E3.22171
G1 X96.916 Y38.732 E3.3714
G1 X92.08 Y38.732 E3.53225
G1 X88.9 Y41.912 E3.68183
G1 X88.9 Y143.752 E7.06904
G1 X92.08 Y146.932 E7.21862
G1 X96.916 Y146.932 E7.37946
G1 X100.1 Y143.751 E7.52916
G1 X100.1 Y138.777 E7.69459
G0 F6000 X100.5 Y142.059
G1 F600 X100.5 Y41.747 E11.03099
G1 X97.082 Y38.332 E11.19169
G1 X91.915 Y38.332 E11.36354
G1 X88.5 Y41.747 E11.52417
G1 X88.5 Y143.917 E14.92236
G1 X91.915 Y147.332 E15.08299
G1 X97.082 Y147.332 E15.25485
G1 X100.5 Y143.917 E15.41555
G1 X100.5 Y142.059 E15.47735
G0 F6000 X100.545 Y144.002
G0 X100.763 Y144.22
G1 F600 X100.9 Y144.083 E15.48379
G1 X100.9 Y41.581 E18.89302
G1 X97.247 Y37.932 E19.06475
G1 X91.749 Y37.932 E19.24762
G1 X88.1 Y41.581 E19.41926
G1 X88.1 Y144.083 E22.82849
G1 X91.749 Y147.732 E23.00012
G1 X97.247 Y147.732 E23.18299
G1 X100.763 Y144.22 E23.34828
G0 F6000 X100.825 Y144.724
;TYPE:WALL-OUTER
G1 F600 X101.3 Y144.249 E23.37062
G1 X101.3 Y41.415 E26.79089
G1 X97.413 Y37.532 E26.97363
G1 X91.583 Y37.532 E27.16754
G1 X87.7 Y41.415 E27.35018
G1 X87.7 Y144.249 E30.77045
G1 X91.583 Y148.132 E30.9531
G1 X97.413 Y148.132 E31.147
G1 X100.825 Y144.724 E31.3074
G0 F6000 X100.324 Y144.223
G0 X100 Y135.824
G0 X99.74 Y135.824
;TYPE:SKIN
G1 F600 X99.74 Y143.601 E31.56606
G1 X96.765 Y146.572 E31.7059
G1 X92.227 Y146.572 E31.85684
G1 X89.26 Y143.601 E31.99649
G1 X89.26 Y42.059 E35.37379
G1 X92.227 Y39.092 E35.51335
G1 X96.765 Y39.092 E35.66429
G1 X99.74 Y42.063 E35.80413
G1 X99.74 Y135.824 E38.92263
G0 F6000 X100 Y135.824
G0 X99.936 Y143.683
G0 X96.848 Y146.768
G0 X92.148 Y146.768
G0 X89.064 Y143.684
G0 X89 Y143.2
G0 X89.46 Y143.2
G1 F600 X92.632 Y146.372 E39.07183
G0 F6000 X93.197 Y146.372
G1 F600 X89.46 Y142.634 E39.24763
G0 F6000 X89.46 Y142.068
G1 F600 X93.763 Y146.372 E39.45005
G0 F6000 X94.329 Y146.372
G1 F600 X89.46 Y141.503 E39.67908
G0 F6000 X89.46 Y140.937
G1 F600 X94.894 Y146.372 E39.9347
G0 F6000 X95.46 Y146.372
G1 F600 X89.46 Y140.371 E40.21695
G0 F6000 X89.46 Y139.806
G1 F600 X96.026 Y146.372 E40.52579
G0 F6000 X96.591 Y146.372
G1 F600 X89.46 Y139.24 E40.86123
G0 F6000 X89.46 Y138.674
G1 F600 X96.92 Y146.134 E41.21213
G0 F6000 X97.202 Y145.851
G1 F600 X89.46 Y138.109 E41.57629
G0 F6000 X89.46 Y137.543
G1 F600 X97.485 Y145.569 E41.95378
G0 F6000 X97.769 Y145.286
G1 F600 X89.46 Y136.977 E42.34461
G0 F6000 X89.46 Y136.412
G1 F600 X98.052 Y145.004 E42.74876
G0 F6000 X98.335 Y144.721
G1 F600 X89.46 Y135.846 E43.16621
G0 F6000 X89.46 Y135.28
G1 F600 X98.618 Y144.439 E43.597
G0 F6000 X98.901 Y144.156
G1 F600 X89.46 Y134.714 E44.04109
G0 F6000 X89.46 Y134.149
G1 F600 X99.184 Y143.873 E44.49848
G0 F6000 X99.467 Y143.59
G1 F600 X89.46 Y133.583 E44.96918
G0 F6000 X89.46 Y133.017
G1 F600 X99.54 Y143.098 E45.44334
G0 F6000 X99.54 Y142.532
G1 F600 X89.46 Y132.452 E45.91747
G0 F6000 X89.46 Y131.886
G1 F600 X99.54 Y141.967 E46.39162
G0 F6000 X99.54 Y141.401
G1 F600 X89.46 Y131.32 E46.86578
G0 F6000 X89.46 Y130.755
G1 F600 X99.54 Y140.835 E47.33991
G0 F6000 X99.54 Y140.269
G1 F600 X89.46 Y130.189 E47.81405
G0 F6000 X89.46 Y129.623
G1 F600 X99.54 Y139.704 E48.2882
G0 F6000 X99.54 Y139.138
G1 F600 X89.46 Y129.058 E48.76233
G0 F6000 X89.46 Y128.492
G1 F600 X99.54 Y138.572 E49.23647
G0 F6000 X99.54 Y138.007
G1 F600 X89.46 Y127.926 E49.71062
G0 F6000 X89.46 Y127.361
G1 F600 X99.54 Y137.441 E50.18475
G0 F6000 X99.54 Y136.875
G1 F600 X89.46 Y126.795 E50.65889
G0 F6000 X89.46 Y126.229
G1 F600 X99.54 Y136.31 E51.13304
G0 F6000 X99.54 Y135.744
G1 F600 X89.46 Y125.663 E51.6072
G0 F6000 X89.46 Y125.098
G1 F600 X99.54 Y135.178 E52.08133
G0 F6000 X99.54 Y134.613
G1 F600 X89.46 Y124.532 E52.55549
G0 F6000 X89.46 Y123.966
G1 F600 X99.54 Y134.047 E53.02964
G0 F6000 X99.54 Y133.481
G1 F600 X89.46 Y123.401 E53.50377
G0 F6000 X89.46 Y122.835
G1 F600 X99.54 Y132.916 E53.97793
G0 F6000 X99.54 Y132.35
G1 F600 X89.46 Y122.269 E54.45209
G0 F6000 X89.46 Y121.704
G1 F600 X99.54 Y131.784 E54.92622
G0 F6000 X99.54 Y131.219
G1 F600 X89.46 Y121.138 E55.40037
G0 F6000 X89.46 Y120.572
G1 F600 X99.54 Y130.653 E55.87453
G0 F6000 X99.54 Y130.087
G1 F600 X89.46 Y120.007 E56.34866
G0 F6000 X89.46 Y119.441
G1 F600 X99.54 Y129.521 E56.82279
G0 F6000 X99.54 Y128.956
G1 F600 X89.46 Y118.875 E57.29695
G0 F6000 X89.46 Y118.31
G1 F600 X99.54 Y128.39 E57.77108
G0 F6000 X99.54 Y127.824
G1 F600 X89.46 Y117.744 E58.24521
G0 F6000 X89.46 Y117.178
G1 F600 X99.54 Y127.259 E58.71937
G0 F6000 X99.54 Y126.693
G1 F600 X89.46 Y116.613 E59.1935
G0 F6000 X89.46 Y116.047
G1 F600 X99.54 Y126.127 E59.66763
G0 F6000 X99.54 Y125.562
G1 F600 X89.46 Y115.481 E60.14179
G0 F6000 X89.46 Y114.915
G1 F600 X99.54 Y124.996 E60.61595
G0 F6000 X99.54 Y124.43
G1 F600 X89.46 Y114.35 E61.09008
G0 F6000 X89.46 Y113.784
G1 F600 X99.54 Y123.865 E61.56423
G0 F6000 X99.54 Y123.299
G1 F600 X89.46 Y113.218 E62.03839
G0 F6000 X89.46 Y112.653
G1 F600 X99.54 Y122.733 E62.51252
G0 F6000 X99.54 Y122.168
G1 F600 X89.46 Y112.087 E62.98668
G0 F6000 X89.46 Y111.521
G1 F600 X99.54 Y121.602 E63.46083
G0 F6000 X99.54 Y121.036
G1 F600 X89.46 Y110.956 E63.93497
G0 F6000 X89.46 Y110.39
G1 F600 X99.54 Y120.47 E64.4091
G0 F6000 X99.54 Y119.905
G1 F600 X89.46 Y109.824 E64.88325
G0 F6000 X89.46 Y109.259
G1 F600 X99.54 Y119.339 E65.35739
G0 F6000 X99.54 Y118.773
G1 F600 X89.46 Y108.693 E65.83152
G0 F6000 X89.46 Y108.127
G1 F600 X99.54 Y118.208 E66.30567
G0 F6000 X99.54 Y117.642
G1 F600 X89.46 Y107.562 E66.77981
G0 F6000 X89.46 Y106.996
G1 F600 X99.54 Y117.076 E67.25394
G0 F6000 X99.54 Y116.511
G1 F600 X89.46 Y106.43 E67.7281
G0 F6000 X89.46 Y105.864
G1 F600 X99.54 Y115.945 E68.20225
G0 F6000 X99.54 Y115.379
G1 F600 X89.46 Y105.299 E68.67638
G0 F6000 X89.46 Y104.733
G1 F600 X99.54 Y114.814 E69.15054
G0 F6000 X99.54 Y114.248
G1 F600 X89.46 Y104.167 E69.6247
G0 F6000 X89.46 Y103.602
G1 F600 X99.54 Y113.682 E70.09883
G0 F6000 X99.54 Y113.117
G1 F600 X89.46 Y103.036 E70.57298
G0 F6000 X89.46 Y102.47
G1 F600 X99.54 Y112.551 E71.04714
G0 F6000 X99.54 Y111.985
G1 F600 X89.46 Y101.905 E71.52127
G0 F6000 X89.46 Y101.339
G1 F600 X99.54 Y111.42 E71.99543
G0 F6000 X99.54 Y110.854
G1 F600 X89.46 Y100.773 E72.46958
G0 F6000 X89.46 Y100.208
G1 F600 X99.54 Y110.288 E72.94372
G0 F6000 X99.54 Y109.722
G1 F600 X89.46 Y99.642 E73.41785
G0 F6000 X89.46 Y99.076
G1 F600 X99.54 Y109.157 E73.892
G0 F6000 X99.54 Y108.591
G1 F600 X89.46 Y98.511 E74.36614
G0 F6000 X89.46 Y97.945
G1 F600 X99.54 Y108.025 E74.84027
G0 F6000 X99.54 Y107.46
G1 F600 X89.46 Y97.379 E75.31442
G0 F6000 X89.46 Y96.814
G1 F600 X99.54 Y106.894 E75.78856
G0 F6000 X99.54 Y106.328
G1 F600 X89.46 Y96.248 E76.26269
G0 F6000 X89.46 Y95.682
G1 F600 X99.54 Y105.763 E76.73684
G0 F6000 X99.54 Y105.197
G1 F600 X89.46 Y95.116 E77.211
G0 F6000 X89.46 Y94.551
G1 F600 X99.54 Y104.631 E77.68513
G0 F6000 X99.54 Y104.066
G1 F600 X89.46 Y93.985 E78.15929
G0 F6000 X89.46 Y93.419
G1 F600 X99.54 Y103.5 E78.63344
G0 F6000 X99.54 Y102.934
G1 F600 X89.46 Y92.854 E79.10758
G0 F6000 X89.46 Y92.288
G1 F600 X99.54 Y102.369 E79.58173
G0 F6000 X99.54 Y101.803
G1 F600 X89.46 Y91.722 E80.05589
G0 F6000 X89.46 Y91.157
G1 F600 X99.54 Y101.237 E80.53002
G0 F6000 X99.54 Y100.671
G1 F600 X89.46 Y90.591 E81.00415
G0 F6000 X89.46 Y90.025
G1 F600 X99.54 Y100.106 E81.47831
G0 F6000 X99.54 Y99.54
G1 F600 X89.46 Y89.46 E81.95244
G0 F6000 X89.46 Y88.894
G1 F600 X99.54 Y98.974 E82.42657
G0 F6000 X99.54 Y98.409
G1 F600 X89.46 Y88.328 E82.90073
G0 F6000 X89.46 Y87.763
G1 F600 X99.54 Y97.843 E83.37486
G0 F6000 X99.54 Y97.277
G1 F600 X89.46 Y87.197 E83.84899
G0 F6000 X89.46 Y86.631
G1 F600 X99.54 Y96.712 E84.32315
G0 F6000 X99.54 Y96.146
G1 F600 X89.46 Y86.066 E84.79728
G0 F6000 X89.46 Y85.5
G1 F600 X99.54 Y95.58 E85.27141
G0 F6000 X99.54 Y95.015
G1 F600 X89.46 Y84.934 E85.74557
G0 F6000 X89.46 Y84.368
G1 F600 X99.54 Y94.449 E86.21973
G0 F6000 X99.54 Y93.883
G1 F600 X89.46 Y83.803 E86.69386
G0 F6000 X89.46 Y83.237
G1 F600 X99.54 Y93.318 E87.16801
G0 F6000 X99.54 Y92.752
G1 F600 X89.46 Y82.671 E87.64217
G0 F6000 X89.46 Y82.106
G1 F600 X99.54 Y92.186 E88.1163
G0 F6000 X99.54 Y91.621
G1 F600 X89.46 Y81.54 E88.59046
G0 F6000 X89.46 Y80.974
G1 F600 X99.54 Y91.055 E89.06461
G0 F6000 X99.54 Y90.489
G1 F600 X89.46 Y80.409 E89.53875
G0 F6000 X89.46 Y79.843
G1 F600 X99.54 Y89.923 E90.01288
G0 F6000 X99.54 Y89.358
G1 F600 X89.46 Y79.277 E90.48703
G0 F6000 X89.46 Y78.712
G1 F600 X99.54 Y88.792 E90.96117
G0 F6000 X99.54 Y88.226
G1 F600 X89.46 Y78.146 E91.4353
G0 F6000 X89.46 Y77.58
G1 F600 X99.54 Y87.661 E91.90945
G0 F6000 X99.54 Y87.095
G1 F600 X89.46 Y77.015 E92.38359
G0 F6000 X89.46 Y76.449
G1 F600 X99.54 Y86.529 E92.85772
G0 F6000 X99.54 Y85.964
G1 F600 X89.46 Y75.883 E93.33187
G0 F6000 X89.46 Y75.317
G1 F600 X99.54 Y85.398 E93.80603
G0 F6000 X99.54 Y84.832
G1 F600 X89.46 Y74.752 E94.28016
G0 F6000 X89.46 Y74.186
G1 F600 X99.54 Y84.267 E94.75432
G0 F6000 X99.54 Y83.701
G1 F600 X89.46 Y73.62 E95.22847
G0 F6000 X89.46 Y73.055
G1 F600 X99.54 Y83.135 E95.70261
G0 F6000 X99.54 Y82.57
G1 F600 X89.46 Y72.489 E96.17676
G0 F6000 X89.46 Y71.923
G1 F600 X99.54 Y82.004 E96.65092
G0 F6000 X99.54 Y81.438
G1 F600 X89.46 Y71.358 E97.12505
G0 F6000 X89.46 Y70.792
G1 F600 X99.54 Y80.873 E97.59921
G0 F6000 X99.54 Y80.307
G1 F600 X89.46 Y70.226 E98.07336
G0 F6000 X89.46 Y69.661
G1 F600 X99.54 Y79.741 E98.54749
G0 F6000 X99.54 Y79.175
G1 F600 X89.46 Y69.095 E99.02163
G0 F6000 X89.46 Y68.529
G1 F600 X99.54 Y78.61 E99.49578
G0 F6000 X99.54 Y78.044
G1 F600 X89.46 Y67.964 E99.96991
G0 F6000 X89.46 Y67.398
G1 F600 X99.54 Y77.478 E100.44405
G0 F6000 X99.54 Y76.913
G1 F600 X89.46 Y66.832 E100.9182
G0 F6000 X89.46 Y66.267
G1 F600 X99.54 Y76.347 E101.39233
G0 F6000 X99.54 Y75.781
G1 F600 X89.46 Y65.701 E101.86647
G0 F6000 X89.46 Y65.135
G1 F600 X99.54 Y75.216 E102.34062
G0 F6000 X99.54 Y74.65
G1 F600 X89.46 Y64.569 E102.81478
G0 F6000 X89.46 Y64.004
G1 F600 X99.54 Y74.084 E103.28891
G0 F6000 X99.54 Y73.519
G1 F600 X89.46 Y63.438 E103.76307
G0 F6000 X89.46 Y62.872
G1 F600 X99.54 Y72.953 E104.23722
G0 F6000 X99.54 Y72.387
G1 F600 X89.46 Y62.307 E104.71136
G0 F6000 X89.46 Y61.741
G1 F600 X99.54 Y71.822 E105.18551
G0 F6000 X99.54 Y71.256
G1 F600 X89.46 Y61.175 E105.65967
G0 F6000 X89.46 Y60.61
G1 F600 X99.54 Y70.69 E106.1338
G0 F6000 X99.54 Y70.124
G1 F600 X89.46 Y60.044 E106.60793
G0 F6000 X89.46 Y59.478
G1 F600 X99.54 Y69.559 E107.08209
G0 F6000 X99.54 Y68.993
G1 F600 X89.46 Y58.913 E107.55622
G0 F6000 X89.46 Y58.347
G1 F600 X99.54 Y68.427 E108.03035
G0 F6000 X99.54 Y67.862
G1 F600 X89.46 Y57.781 E108.50451
G0 F6000 X89.46 Y57.216
G1 F600 X99.54 Y67.296 E108.97864
G0 F6000 X99.54 Y66.73
G1 F600 X89.46 Y56.65 E109.45277
G0 F6000 X89.46 Y56.084
G1 F600 X99.54 Y66.165 E109.92693
G0 F6000 X99.54 Y65.599
G1 F600 X89.46 Y55.518 E110.40108
G0 F6000 X89.46 Y54.953
G1 F600 X99.54 Y65.033 E110.87522
G0 F6000 X99.54 Y64.468
G1 F600 X89.46 Y54.387 E111.34937
G0 F6000 X89.46 Y53.821
G1 F600 X99.54 Y63.902 E111.82353
G0 F6000 X99.54 Y63.336
G1 F600 X89.46 Y53.256 E112.29766
G0 F6000 X89.46 Y52.69
G1 F600 X99.54 Y62.771 E112.77182
G0 F6000 X99.54 Y62.205
G1 F600 X89.46 Y52.124 E113.24597
G0 F6000 X89.46 Y51.559
G1 F600 X99.54 Y61.639 E113.7201
G0 F6000 X99.54 Y61.074
G1 F600 X89.46 Y50.993 E114.19426
G0 F6000 X89.46 Y50.427
G1 F600 X99.54 Y60.508 E114.66842
G0 F6000 X99.54 Y59.942
G1 F600 X89.46 Y49.862 E115.14255
G0 F6000 X89.46 Y49.296
G1 F600 X99.54 Y59.376 E115.61668
G0 F6000 X99.54 Y58.811
G1 F600 X89.46 Y48.73 E116.09084
G0 F6000 X89.46 Y48.165
G1 F600 X99.54 Y58.245 E116.56497
G0 F6000 X99.54 Y57.679
G1 F600 X89.46 Y47.599 E117.0391
G0 F6000 X89.46 Y47.033
G1 F600 X99.54 Y57.114 E117.51326
G0 F6000 X99.54 Y56.548
G1 F600 X89.46 Y46.468 E117.98739
G0 F6000 X89.46 Y45.902
G1 F600 X99.54 Y55.982 E118.46152
G0 F6000 X99.54 Y55.417
G1 F600 X89.46 Y45.336 E118.93568
G0 F6000 X89.46 Y44.77
G1 F600 X99.54 Y54.851 E119.40983
G0 F6000 X99.54 Y54.285
G1 F600 X89.46 Y44.205 E119.88396
G0 F6000 X89.46 Y43.639
G1 F600 X99.54 Y53.72 E120.35812
G0 F6000 X99.54 Y53.154
G1 F600 X89.46 Y43.073 E120.83228
G0 F6000 X89.46 Y42.508
G1 F600 X99.54 Y52.588 E121.30641
G0 F6000 X99.54 Y52.023
G1 F600 X89.56 Y42.042 E121.77586
G0 F6000 X89.843 Y41.76
G1 F600 X99.54 Y51.457 E122.23198
G0 F6000 X99.54 Y50.891
G1 F600 X90.126 Y41.477 E122.67478
G0 F6000 X90.409 Y41.194
G1 F600 X99.54 Y50.325 E123.10428
G0 F6000 X99.54 Y49.76
G1 F600 X90.691 Y40.911 E123.52051
G0 F6000 X90.974 Y40.628
G1 F600 X99.54 Y49.194 E123.92343
G0 F6000 X99.54 Y48.628
G1 F600 X91.257 Y40.345 E124.31303
G0 F6000 X91.54 Y40.063
G1 F600 X99.54 Y48.063 E124.68933
G0 F6000 X99.54 Y47.497
G1 F600 X91.823 Y39.78 E125.05231
G0 F6000 X92.106 Y39.497
G1 F600 X99.54 Y46.931 E125.40199
G0 F6000 X99.54 Y46.366
G1 F600 X92.467 Y39.293 E125.73468
G0 F6000 X93.033 Y39.293
G1 F600 X99.54 Y45.8 E126.04075
G0 F6000 X99.54 Y45.234
G1 F600 X93.598 Y39.293 E126.32022
G0 F6000 X94.164 Y39.293
G1 F600 X99.54 Y44.669 E126.57309
G0 F6000 X99.54 Y44.103
G1 F600 X94.73 Y39.293 E126.79933
G0 F6000 X95.295 Y39.293
G1 F600 X99.54 Y43.537 E126.99898
G0 F6000 X99.54 Y42.972
G1 F600 X95.861 Y39.293 E127.17203
G0 F6000 X96.427 Y39.293
G1 F600 X99.54 Y42.406 E127.31846
G0 F6000 X100.29 Y42.406
G1 F2700 E122.31846
;MESH:bump_plate.obj
G0 F6000 X101.072 Y144.156
G0 X103.428 Y144.156
G0 X107.648 Y146.768
G0 X110 Y146.932
;TYPE:WALL-INNER
G1 F2700 E127.31846
G1 F600 X112.416 Y146.932 E127.39881
G1 X115.6 Y143.751 E127.54851
G1 X115.6 Y41.913 E130.93566
G1 X112.416 Y38.732 E131.08535
G1 X107.58 Y38.732 E131.2462
G1 X104.4 Y41.912 E131.39577
G1 X104.4 Y143.752 E134.78299
G1 X107.58 Y146.932 E134.93256
G1 X110 Y146.932 E135.01305
G0 F6000 X110 Y147.332
G1 F600 X112.582 Y147.332 E135.09893
G1 X116 Y143.917 E135.25963
G1 X116 Y41.747 E138.65782
G1 X112.582 Y38.332 E138.81852
G1 X107.415 Y38.332 E138.99038
G1 X104 Y41.747 E139.15101
G1 X104 Y143.917 E142.5492
G1 X107.415 Y147.332 E142.70983
G1 X110 Y147.332 E142.7958
G0 F6000 X110 Y147.732
G1 F600 X112.747 Y147.732 E142.88717
G1 X116.4 Y144.083 E143.0589
G1 X116.4 Y41.581 E146.46813
G1 X112.747 Y37.932 E146.63986
G1 X107.249 Y37.932 E146.82273
G1 X103.6 Y41.581 E146.99437
G1 X103.6 Y144.083 E150.4036
G1 X107.249 Y147.732 E150.57523
G1 X110 Y147.732 E150.66673
G0 F6000 X110 Y148.132
;TYPE:WALL-OUTER
G1 F600 X112.913 Y148.132 E150.76362
G1 X116.8 Y144.249 E150.94636
G1 X116.8 Y41.415 E154.36663
G1 X112.913 Y37.532 E154.54937
G1 X107.083 Y37.532 E154.74328
G1 X103.2 Y41.415 E154.92592
G1 X103.2 Y144.249 E158.34619
G1 X107.083 Y148.132 E158.52884
G1 X110 Y148.132 E158.62586
G0 F6000 X110 Y147.423
G0 X110 Y146.832
G0 X110 Y146.572
;TYPE:SKIN
G1 F600 X107.727 Y146.572 E158.70146
G1 X104.76 Y143.601 E158.84111
G1 X104.76 Y42.059 E162.21841
G1 X107.727 Y39.092 E162.35797
G1 X112.265 Y39.092 E162.5089
G1 X115.24 Y42.063 E162.64875
G1 X115.24 Y143.601 E166.02591
G1 X112.265 Y146.572 E166.16575
G1 X110 Y146.572 E166.24109
G0 F6000 X110 Y146.832
G0 X107.648 Y146.768
G0 X104.564 Y143.684
G0 X104.5 Y143.426
G0 X104.959 Y143.426
G1 F600 X107.905 Y146.372 E166.37966
G0 F6000 X108.471 Y146.372
G1 F600 X104.959 Y142.86 E166.54485
G0 F6000 X104.959 Y142.295
G1 F600 X109.037 Y146.372 E166.73665
G0 F6000 X109.602 Y146.372
G1 F600 X104.959 Y141.729 E166.95504
G0 F6000 X104.959 Y141.163
G1 F600 X110.168 Y146.372 E167.20005
G0 F6000 X110.734 Y146.372
G1 F600 X104.959 Y140.598 E167.47167
G0 F6000 X104.959 Y140.032
G1 F600 X111.299 Y146.372 E167.76988
G0 F6000 X111.865 Y146.372
G1 F600 X104.959 Y139.466 E168.09472
G0 F6000 X104.959 Y138.901
G1 F600 X112.306 Y146.247 E168.44028
G0 F6000 X112.589 Y145.965
G1 F600 X104.959 Y138.335 E168.79917
G0 F6000 X104.959 Y137.769
G1 F600 X112.872 Y145.682 E169.17137
G0 F6000 X113.155 Y145.4
G1 F600 X104.959 Y137.203 E169.55691
G0 F6000 X104.959 Y136.638
G1 F600 X113.438 Y145.117 E169.95574
G0 F6000 X113.721 Y144.834
G1 F600 X104.959 Y136.072 E170.36787
G0 F6000 X104.959 Y135.506
G1 F600 X114.004 Y144.551 E170.79332
G0 F6000 X114.288 Y144.269
G1 F600 X104.959 Y134.941 E171.23211
G0 F6000 X104.959 Y134.375
G1 F600 X114.57 Y143.986 E171.68418
G0 F6000 X114.853 Y143.703
G1 F600 X104.959 Y133.809 E172.14956
G0 F6000 X104.959 Y133.244
G1 F600 X115.04 Y143.324 E172.62372
G0 F6000 X115.04 Y142.758
G1 F600 X104.959 Y132.678 E173.09787
G0 F6000 X104.959 Y132.112
G1 F600 X115.04 Y142.193 E173.57205
G0 F6000 X115.04 Y141.627
G1 F600 X104.959 Y131.547 E174.04621
G0 F6000 X104.959 Y130.981
G1 F600 X115.04 Y141.061 E174.52036
G0 F6000 X115.04 Y140.496
G1 F600 X104.959 Y130.415 E174.99454
G0 F6000 X104.959 Y129.85
G1 F600 X115.04 Y139.93 E175.4687
G0 F6000 X115.04 Y139.364
G1 F600 X104.959 Y129.284 E175.94286
G0 F6000 X104.959 Y128.718
G1 F600 X115.04 Y138.799 E176.41703
G0 F6000 X115.04 Y138.233
G1 F600 X104.959 Y128.152 E176.89121
G0 F6000 X104.959 Y127.587
G1 F600 X115.04 Y137.667 E177.36537
G0 F6000 X115.04 Y137.102
G1 F600 X104.959 Y127.021 E177.83955
G0 F6000 X104.959 Y126.455
G1 F600 X115.04 Y136.536 E178.31373
G0 F6000 X115.04 Y135.97
G1 F600 X104.959 Y125.89 E178.78788
G0 F6000 X104.959 Y125.324
G1 F600 X115.04 Y135.405 E179.26206
G0 F6000 X115.04 Y134.839
G1 F600 X104.959 Y124.758 E179.73624
G0 F6000 X104.959 Y124.193
G1 F600 X115.04 Y134.273 E180.2104
G0 F6000 X115.04 Y133.708
G1 F600 X104.959 Y123.627 E180.68458
G0 F6000 X104.959 Y123.061
G1 F600 X115.04 Y133.142 E181.15876
G0 F6000 X115.04 Y132.576
G1 F600 X104.959 Y122.496 E181.63291
G0 F6000 X104.959 Y121.93
G1 F600 X115.04 Y132.01 E182.10707
G0 F6000 X115.04 Y131.445
G1 F600 X104.959 Y121.364 E182.58125
G0 F6000 X104.959 Y120.799
G1 F600 X115.04 Y130.879 E183.0554
G0 F6000 X115.04 Y130.313
G1 F600 X104.959 Y120.233 E183.52956
G0 F6000 X104.959 Y119.667
G1 F600 X115.04 Y129.748 E184.00374
G0 F6000 X115.04 Y129.182
G1 F600 X104.959 Y119.102 E184.4779
G0 F6000 X104.959 Y118.536
G1 F600 X115.04 Y128.616 E184.95205
G0 F6000 X115.04 Y128.051
G1 F600 X104.959 Y117.97 E185.42623
G0 F6000 X104.959 Y117.404
G1 F600 X115.04 Y127.485 E185.90041
G0 F6000 X115.04 Y126.919
G1 F600 X104.959 Y116.839 E186.37457
G0 F6000 X104.959 Y116.273
G1 F600 X115.04 Y126.354 E186.84874
G0 F6000 X115.04 Y125.788
G1 F600 X104.959 Y115.707 E187.32292
G0 F6000 X104.959 Y115.142
G1 F600 X115.04 Y125.222 E187.79708
G0 F6000 X115.04 Y124.657
G1 F600 X104.959 Y114.576 E188.27126
G0 F6000 X104.959 Y114.01
G1 F600 X115.04 Y124.091 E188.74544
G0 F6000 X115.04 Y123.525
G1 F600 X104.959 Y113.445 E189.21959
G0 F6000 X104.959 Y112.879
G1 F600 X115.04 Y122.96 E189.69377
G0 F6000 X115.04 Y122.394
G1 F600 X104.959 Y112.313 E190.16795
G0 F6000 X104.959 Y111.748
G1 F600 X115.04 Y121.828 E190.64211
G0 F6000 X115.04 Y121.262
G1 F600 X104.959 Y111.182 E191.11626
G0 F6000 X104.959 Y110.616
G1 F600 X115.04 Y120.697 E191.59044
G0 F6000 X115.04 Y120.131
G1 F600 X104.959 Y110.051 E192.0646
G0 F6000 X104.959 Y109.485
G1 F600 X115.04 Y119.565 E192.53876
G0 F6000 X115.04 Y119
G1 F600 X104.959 Y108.919 E193.01294
G0 F6000 X104.959 Y108.354
G1 F600 X115.04 Y118.434 E193.48709
G0 F6000 X115.04 Y117.868
G1 F600 X104.959 Y107.788 E193.96125
G0 F6000 X104.959 Y107.222
G1 F600 X115.04 Y117.303 E194.43543
G0 F6000 X115.04 Y116.737
G1 F600 X104.959 Y106.656 E194.90961
G0 F6000 X104.959 Y106.091
G1 F600 X115.04 Y116.171 E195.38376
G0 F6000 X115.04 Y115.606
G1 F600 X104.959 Y105.525 E195.85794
G0 F6000 X104.959 Y104.959
G1 F600 X115.04 Y115.04 E196.33212
G0 F6000 X115.04 Y114.474
G1 F600 X104.959 Y104.394 E196.80628
G0 F6000 X104.959 Y103.828
G1 F600 X115.04 Y113.909 E197.28045
G0 F6000 X115.04 Y113.343
G1 F600 X104.959 Y103.262 E197.75463
G0 F6000 X104.959 Y102.697
G1 F600 X115.04 Y112.777 E198.22879
G0 F6000 X115.04 Y112.211
G1 F600 X104.959 Y102.131 E198.70295
G0 F6000 X104.959 Y101.565
G1 F600 X115.04 Y111.646 E199.17713
G0 F6000 X115.04 Y111.08
G1 F600 X104.959 Y101 E199.65128
G0 F6000 X104.959 Y100.434
G1 F600 X115.04 Y110.514 E200.12544
G0 F6000 X115.04 Y109.949
G1 F600 X104.959 Y99.868 E200.59962
G0 F6000 X104.959 Y99.303
G1 F600 X115.04 Y109.383 E201.07377
G0 F6000 X115.04 Y108.817
G1 F600 X104.959 Y98.737 E201.54793
G0 F6000 X104.959 Y98.171
G1 F600 X115.04 Y108.252 E202.02211
G0 F6000 X115.04 Y107.686
G1 F600 X104.959 Y97.605 E202.49629
G0 F6000 X104.959 Y97.04
G1 F600 X115.04 Y107.12 E202.97044
G0 F6000 X115.04 Y106.555
G1 F600 X104.959 Y96.474 E203.44462
G0 F6000 X104.959 Y95.908
G1 F600 X115.04 Y105.989 E203.9188
G0 F6000 X115.04 Y105.423
G1 F600 X104.959 Y95.343 E204.39296
G0 F6000 X104.959 Y94.777
G1 F600 X115.04 Y104.858 E204.86714
G0 F6000 X115.04 Y104.292
G1 F600 X104.959 Y94.211 E205.34132
G0 F6000 X104.959 Y93.646
G1 F600 X115.04 Y103.726 E205.81547
G0 F6000 X115.04 Y103.161
G1 F600 X104.959 Y93.08 E206.28965
G0 F6000 X104.959 Y92.514
G1 F600 X115.04 Y102.595 E206.76383
G0 F6000 X115.04 Y102.029
G1 F600 X104.959 Y91.949 E207.23799
G0 F6000 X104.959 Y91.383
G1 F600 X115.04 Y101.463 E207.71214
G0 F6000 X115.04 Y100.898
G1 F600 X104.959 Y90.817 E208.18632
G0 F6000 X104.959 Y90.252
G1 F600 X115.04 Y100.332 E208.66048
G0 F6000 X115.04 Y99.766
G1 F600 X104.959 Y89.686 E209.13463
G0 F6000 X104.959 Y89.12
G1 F600 X115.04 Y99.201 E209.60881
G0 F6000 X115.04 Y98.635
G1 F600 X104.959 Y88.555 E210.08297
G0 F6000 X104.959 Y87.989
G1 F600 X115.04 Y98.069 E210.55712
G0 F6000 X115.04 Y97.504
G1 F600 X104.959 Y87.423 E211.0313
G0 F6000 X104.959 Y86.857
G1 F600 X115.04 Y96.938 E211.50548
G0 F6000 X115.04 Y96.372
G1 F600 X104.959 Y86.292 E211.97964
G0 F6000 X104.959 Y85.726
G1 F600 X115.04 Y95.807 E212.45382
G0 F6000 X115.04 Y95.241
G1 F600 X104.959 Y85.16 E212.928
G0 F6000 X104.959 Y84.595
G1 F600 X115.04 Y94.675 E213.40215
G0 F6000 X115.04 Y94.11
G1 F600 X104.959 Y84.029 E213.87633
G0 F6000 X104.959 Y83.463
G1 F600 X115.04 Y93.544 E214.35051
G0 F6000 X115.04 Y92.978
G1 F600 X104.959 Y82.898 E214.82467
G0 F6000 X104.959 Y82.332
G1 F600 X115.04 Y92.412 E215.29882
G0 F6000 X115.04 Y91.847
G1 F600 X104.959 Y81.766 E215.773
G0 F6000 X104.959 Y81.201
G1 F600 X115.04 Y91.281 E216.24716
G0 F6000 X115.04 Y90.715
G1 F600 X104.959 Y80.635 E216.72131
G0 F6000 X104.959 Y80.069
G1 F600 X115.04 Y90.15 E217.19549
G0 F6000 X115.04 Y89.584
G1 F600 X104.959 Y79.504 E217.66965
G0 F6000 X104.959 Y78.938
G1 F600 X115.04 Y89.018 E218.1438
G0 F6000 X115.04 Y88.453
G1 F600 X104.959 Y78.372 E218.61798
G0 F6000 X104.959 Y77.806
G1 F600 X115.04 Y87.887 E219.09216
G0 F6000 X115.04 Y87.321
G1 F600 X104.959 Y77.241 E219.56632
G0 F6000 X104.959 Y76.675
G1 F600 X115.04 Y86.756 E220.0405
G0 F6000 X115.04 Y86.19
G1 F600 X104.959 Y76.109 E220.51468
G0 F6000 X104.959 Y75.544
G1 F600 X115.04 Y85.624 E220.98883
G0 F6000 X115.04 Y85.059
G1 F600 X104.959 Y74.978 E221.46301
G0 F6000 X104.959 Y74.412
G1 F600 X115.04 Y84.493 E221.93719
G0 F6000 X115.04 Y83.927
G1 F600 X104.959 Y73.847 E222.41135
G0 F6000 X104.959 Y73.281
G1 F600 X115.04 Y83.362 E222.88553
G0 F6000 X115.04 Y82.796
G1 F600 X104.959 Y72.715 E223.35971
G0 F6000 X104.959 Y72.15
G1 F600 X115.04 Y82.23 E223.83386
G0 F6000 X115.04 Y81.664
G1 F600 X104.959 Y71.584 E224.30802
G0 F6000 X104.959 Y71.018
G1 F600 X115.04 Y81.099 E224.7822
G0 F6000 X115.04 Y80.533
G1 F600 X104.959 Y70.453 E225.25635
G0 F6000 X104.959 Y69.887
G1 F600 X115.04 Y79.967 E225.73051
G0 F6000 X115.04 Y79.402
G1 F600 X104.959 Y69.321 E226.20469
G0 F6000 X104.959 Y68.756
G1 F600 X115.04 Y78.836 E226.67884
G0 F6000 X115.04 Y78.27
G1 F600 X104.959 Y68.19 E227.153
G0 F6000 X104.959 Y67.624
G1 F600 X115.04 Y77.705 E227.62718
G0 F6000 X115.04 Y77.139
G1 F600 X104.959 Y67.058 E228.10136
G0 F6000 X104.959 Y66.493
G1 F600 X115.04 Y76.573 E228.57551
G0 F6000 X115.04 Y76.008
G1 F600 X104.959 Y65.927 E229.04969
G0 F6000 X104.959 Y65.361
G1 F600 X115.04 Y75.442 E229.52387
G0 F6000 X115.04 Y74.876
G1 F600 X104.959 Y64.796 E229.99803
G0 F6000 X104.959 Y64.23
G1 F600 X115.04 Y74.311 E230.47221
G0 F6000 X115.04 Y73.745
G1 F600 X104.959 Y63.664 E230.94639
G0 F6000 X104.959 Y63.099
G1 F600 X115.04 Y73.179 E231.42054
G0 F6000 X115.04 Y72.614
G1 F600 X104.959 Y62.533 E231.89472
G0 F6000 X104.959 Y61.967
G1 F600 X115.04 Y72.048 E232.3689
G0 F6000 X115.04 Y71.482
G1 F600 X104.959 Y61.402 E232.84306
G0 F6000 X104.959 Y60.836
G1 F600 X115.04 Y70.916 E233.31721
G0 F6000 X115.04 Y70.351
G1 F600 X104.959 Y60.27 E233.79139
G0 F6000 X104.959 Y59.705
G1 F600 X115.04 Y69.785 E234.26555
G0 F6000 X115.04 Y69.219
G1 F600 X104.959 Y59.139 E234.73971
G0 F6000 X104.959 Y58.573
G1 F600 X115.04 Y68.654 E235.21388
G0 F6000 X115.04 Y68.088
G1 F600 X104.959 Y58.008 E235.68804
G0 F6000 X104.959 Y57.442
G1 F600 X115.04 Y67.522 E236.1622
G0 F6000 X115.04 Y66.957
G1 F600 X104.959 Y56.876 E236.63638
G0 F6000 X104.959 Y56.31
G1 F600 X115.04 Y66.391 E237.11055
G0 F6000 X115.04 Y65.825
G1 F600 X104.959 Y55.745 E237.58471
G0 F6000 X104.959 Y55.179
G1 F600 X115.04 Y65.26 E238.05889
G0 F6000 X115.04 Y64.694
G1 F600 X104.959 Y54.613 E238.53307
G0 F6000 X104.959 Y54.048
G1 F600 X115.04 Y64.128 E239.00722
G0 F6000 X115.04 Y63.563
G1 F600 X104.959 Y53.482 E239.4814
G0 F6000 X104.959 Y52.916
G1 F600 X115.04 Y62.997 E239.95558
G0 F6000 X115.04 Y62.431
G1 F600 X104.959 Y52.351 E240.42974
G0 F6000 X104.959 Y51.785
G1 F600 X115.04 Y61.865 E240.9039
G0 F6000 X115.04 Y61.3
G1 F600 X104.959 Y51.219 E241.37807
G0 F6000 X104.959 Y50.654
G1 F600 X115.04 Y60.734 E241.85223
G0 F6000 X115.04 Y60.168
G1 F600 X104.959 Y50.088 E242.32639
G0 F6000 X104.959 Y49.522
G1 F600 X115.04 Y59.603 E242.80057
G0 F6000 X115.04 Y59.037
G1 F600 X104.959 Y48.957 E243.27472
G0 F6000 X104.959 Y48.391
G1 F600 X115.04 Y58.471 E243.74888
G0 F6000 X115.04 Y57.906
G1 F600 X104.959 Y47.825 E244.22306
G0 F6000 X104.959 Y47.259
G1 F600 X115.04 Y57.34 E244.69724
G0 F6000 X115.04 Y56.774
G1 F600 X104.959 Y46.694 E245.17139
G0 F6000 X104.959 Y46.128
G1 F600 X115.04 Y56.209 E245.64557
G0 F6000 X115.04 Y55.643
G1 F600 X104.959 Y45.562 E246.11975
G0 F6000 X104.959 Y44.997
G1 F600 X115.04 Y55.077 E246.59391
G0 F6000 X115.04 Y54.512
G1 F600 X104.959 Y44.431 E247.06809
G0 F6000 X104.959 Y43.865
G1 F600 X115.04 Y53.946 E247.54226
G0 F6000 X115.04 Y53.38
G1 F600 X104.959 Y43.3 E248.01642
G0 F6000 X104.959 Y42.734
G1 F600 X115.04 Y52.815 E248.4906
G0 F6000 X115.04 Y52.249
G1 F600 X104.959 Y42.168 E248.96478
G0 F6000 X105.23 Y41.873
G1 F600 X115.04 Y51.683 E249.42621
G0 F6000 X115.04 Y51.117
G1 F600 X105.512 Y41.59 E249.87436
G0 F6000 X105.795 Y41.307
M104 S240
G1 F600 X115.04 Y50.552 E250.30921
G0 F6000 X115.04 Y49.986
G1 F600 X106.078 Y41.024 E250.73076
G0 F6000 X106.361 Y40.741
G1 F600 X115.04 Y49.42 E251.13899
G0 F6000 X115.04 Y48.855
G1 F600 X106.644 Y40.459 E251.53391
G0 F6000 X106.927 Y40.176
G1 F600 X115.04 Y48.289 E251.91552
G0 F6000 X115.04 Y47.723
G1 F600 X107.209 Y39.893 E252.28385
G0 F6000 X107.492 Y39.61
G1 F600 X115.04 Y47.158 E252.63888
G0 F6000 X115.04 Y46.592
G1 F600 X107.775 Y39.327 E252.9806
G0 F6000 X108.305 Y39.292
G1 F600 X115.04 Y46.026 E253.29737
G0 F6000 X115.04 Y45.461
G1 F600 X108.871 Y39.292 E253.58755
G0 F6000 X109.437 Y39.292
G1 F600 X115.04 Y44.895 E253.85109
G0 F6000 X115.04 Y44.329
G1 F600 X110.002 Y39.292 E254.08804
G0 F6000 X110.568 Y39.292
G1 F600 X115.04 Y43.764 E254.29839
G0 F6000 X115.04 Y43.198
G1 F600 X111.134 Y39.292 E254.48212
G0 F6000 X111.7 Y39.292
G1 F600 X115.04 Y42.632 E254.63922
G0 F6000 X115.79 Y42.632
G1 F2700 E249.63922
;MESH:NONMESH
G0 F300 Z0.6
G0 F6000 X115.436 Y41.981
G0 X112.348 Y38.896
G0 X107.648 Y38.896
G0 X104.564 Y41.98
G0 X103.43 Y138.777
G0 X101.07 Y138.777
G0 X100.1 Y138.777
;TIME_ELAPSED:799.160870
;LAYER:1
M140 S55
M106 S42.5
;TYPE:WALL-INNER
;MESH:bump_plate.obj(1)
G1 F2700 E254.63922
G1 F1500 X100.1 Y41.913 E261.08264
G1 X96.916 Y38.732 E261.38203
G1 X92.08 Y38.732 E261.70372
G1 X88.9 Y41.912 E262.00288
G1 X88.9 Y143.752 E268.7773
G1 X92.08 Y146.932 E269.07646
G1 X96.916 Y146.932 E269.39815
G1 X100.1 Y143.751 E269.69754
G1 X100.1 Y138.777 E270.02841
G0 F9000 X100.5 Y142.059
G1 F1500 X100.5 Y41.747 E276.70119
G1 X97.082 Y38.332 E277.0226
G1 X91.915 Y38.332 E277.36631
G1 X88.5 Y41.747 E277.68757
G1 X88.5 Y143.917 E284.48394
G1 X91.915 Y147.332 E284.80521
G1 X97.082 Y147.332 E285.14892
G1 X100.5 Y143.917 E285.47032
G1 X100.5 Y142.059 E285.59391
G0 F9000 X100.545 Y144.002
G0 X100.763 Y144.22
G1 F1500 X100.9 Y144.083 E285.6068
G1 X100.9 Y41.581 E292.42526
G1 X97.247 Y37.932 E292.76873
G1 X91.749 Y37.932 E293.13446
G1 X88.1 Y41.581 E293.47773
G1 X88.1 Y144.083 E300.29619
G1 X91.749 Y147.732 E300.63947
G1 X97.247 Y147.732 E301.0052
G1 X100.763 Y144.22 E301.33577
G0 F9000 X100.825 Y144.724
;TYPE:WALL-OUTER
G1 F1500 X101.3 Y144.249 E301.38046
G1 X101.3 Y41.415 E308.221
G1 X97.413 Y37.532 E308.58648
G1 X91.583 Y37.532 E308.97429
G1 X87.7 Y41.415 E309.33958
G1 X87.7 Y144.249 E316.18013
G1 X91.583 Y148.132 E316.54542
G1 X97.413 Y148.132 E316.93323
G1 X100.825 Y144.724 E317.25402
G0 F9000 X100.324 Y144.223
G0 X100 Y135.824
G0 X99.74 Y135.824
;TYPE:SKIN
G1 F1500 X99.74 Y143.601 E317.77135
G1 X96.765 Y146.572 E318.05103
G1 X92.227 Y146.572 E318.3529
G1 X89.26 Y143.601 E318.6322
G1 X89.26 Y42.059 E325.38681
G1 X92.227 Y39.092 E325.66592
G1 X96.765 Y39.092 E325.96779
G1 X99.74 Y42.063 E326.24747
G1 X99.74 Y135.824 E332.48448
G0 F9000 X100 Y135.824
G0 X100 Y143.139
G0 X99.54 Y143.139
G1 F1500 X96.307 Y146.373 E332.78867
G0 F9000 X95.741 Y146.373
G1 F1500 X99.54 Y142.573 E333.1461
G0 F9000 X99.54 Y142.008
G1 F1500 X95.175 Y146.373 E333.55673
G0 F9000 X94.609 Y146.373
G1 F1500 X99.54 Y141.442 E334.02061
G0 F9000 X99.54 Y140.876
G1 F1500 X94.044 Y146.373 E334.53769
G0 F9000 X93.478 Y146.373
G1 F1500 X99.54 Y140.31 E335.10801
G0 F9000 X99.54 Y139.745
G1 F1500 X92.912 Y146.373 E335.73153
G0 F9000 X92.347 Y146.373
G1 F1500 X99.54 Y139.179 E336.40825
G0 F9000 X99.54 Y138.613
G1 F1500 X92.046 Y146.107 E337.11324
G0 F9000 X91.763 Y145.825
G1 F1500 X99.54 Y138.048 E337.84486
G0 F9000 X99.54 Y137.482
G1 F1500 X91.481 Y145.542 E338.60304
G0 F9000 X91.198 Y145.258
G1 F1500 X99.54 Y136.916 E339.38781
G0 F9000 X99.54 Y136.351
G1 F1500 X90.916 Y144.975 E340.1991
G0 F9000 X90.633 Y144.692
G1 F1500 X99.54 Y135.785 E341.03702
G0 F9000 X99.54 Y135.219
G1 F1500 X90.351 Y144.409 E341.90151
G0 F9000 X90.068 Y144.126
G1 F1500 X99.54 Y134.654 E342.79258
G0 F9000 X99.54 Y134.088
G1 F1500 X89.785 Y143.843 E343.71027
G0 F9000 X89.502 Y143.56
G1 F1500 X99.54 Y133.522 E344.65458
G0 F9000 X99.54 Y132.957
G1 F1500 X89.46 Y143.036 E345.6028
G0 F9000 X89.46 Y142.471
G1 F1500 X99.54 Y132.391 E346.55106
G0 F9000 X99.54 Y131.825
G1 F1500 X89.46 Y141.905 E347.49933
G0 F9000 X89.46 Y141.339
G1 F1500 X99.54 Y131.26 E348.44755
G0 F9000 X99.54 Y130.694
G1 F1500 X89.46 Y140.774 E349.39581
G0 F9000 X89.46 Y140.208
G1 F1500 X99.54 Y130.128 E350.34408
G0 F9000 X99.54 Y129.562
G1 F1500 X89.46 Y139.642 E351.29234
G0 F9000 X89.46 Y139.077
G1 F1500 X99.54 Y128.997 E352.2406
G0 F9000 X99.54 Y128.431
G1 F1500 X89.46 Y138.511 E353.18887
G0 F9000 X89.46 Y137.945
G1 F1500 X99.54 Y127.865 E354.13713
G0 F9000 X99.54 Y127.3
G1 F1500 X89.46 Y137.38 E355.0854
G0 F9000 X89.46 Y136.814
G1 F1500 X99.54 Y126.734 E356.03366
G0 F9000 X99.54 Y126.168
G1 F1500 X89.46 Y136.248 E356.98193
G0 F9000 X89.46 Y135.682
G1 F1500 X99.54 Y125.603 E357.93014
G0 F9000 X99.54 Y125.037
G1 F1500 X89.46 Y135.117 E358.87841
G0 F9000 X89.46 Y134.551
G1 F1500 X99.54 Y124.471 E359.82667
G0 F9000 X99.54 Y123.906
G1 F1500 X89.46 Y133.985 E360.77489
G0 F9000 X89.46 Y133.42
G1 F1500 X99.54 Y123.34 E361.72316
G0 F9000 X99.54 Y122.774
G1 F1500 X89.46 Y132.854 E362.67142
G0 F9000 X89.46 Y132.288
G1 F1500 X99.54 Y122.209 E363.61964
G0 F9000 X99.54 Y121.643
G1 F1500 X89.46 Y131.723 E364.5679
G0 F9000 X89.46 Y131.157
G1 F1500 X99.54 Y121.077 E365.51617
G0 F9000 X99.54 Y120.512
G1 F1500 X89.46 Y130.591 E366.46439
G0 F9000 X89.46 Y130.026
G1 F1500 X99.54 Y119.946 E367.41265
G0 F9000 X99.54 Y119.38
G1 F1500 X89.46 Y129.46 E368.36091
G0 F9000 X89.46 Y128.894
G1 F1500 X99.54 Y118.814 E369.30918
G0 F9000 X99.54 Y118.249
G1 F1500 X89.46 Y128.329 E370.25744
G0 F9000 X89.46 Y127.763
G1 F1500 X99.54 Y117.683 E371.20571
G0 F9000 X99.54 Y117.117
G1 F1500 X89.46 Y127.197 E372.15397
G0 F9000 X89.46 Y126.632
G1 F1500 X99.54 Y116.552 E373.10224
G0 F9000 X99.54 Y115.986
G1 F1500 X89.46 Y126.066 E374.0505
G0 F9000 X89.46 Y125.5
G1 F1500 X99.54 Y115.42 E374.99877
G0 F9000 X99.54 Y114.855
G1 F1500 X89.46 Y124.934 E375.94698
G0 F9000 X89.46 Y124.369
G1 F1500 X99.54 Y114.289 E376.89525
G0 F9000 X99.54 Y113.723
G1 F1500 X89.46 Y123.803 E377.84351
G0 F9000 X89.46 Y123.237
G1 F1500 X99.54 Y113.158 E378.79173
G0 F9000 X99.54 Y112.592
G1 F1500 X89.46 Y122.672 E379.74
G0 F9000 X89.46 Y122.106
G1 F1500 X99.54 Y112.026 E380.68826
G0 F9000 X99.54 Y111.461
G1 F1500 X89.46 Y121.54 E381.63648
G0 F9000 X89.46 Y120.975
G1 F1500 X99.54 Y110.895 E382.58474
G0 F9000 X99.54 Y110.329
G1 F1500 X89.46 Y120.409 E383.53301
G0 F9000 X89.46 Y119.843
G1 F1500 X99.54 Y109.763 E384.48127
G0 F9000 X99.54 Y109.198
G1 F1500 X89.46 Y119.278 E385.42954
G0 F9000 X89.46 Y118.712
G1 F1500 X99.54 Y108.632 E386.3778
G0 F9000 X99.54 Y108.066
G1 F1500 X89.46 Y118.146 E387.32606
G0 F9000 X89.46 Y117.581
G1 F1500 X99.54 Y107.501 E388.27433
G0 F9000 X99.54 Y106.935
G1 F1500 X89.46 Y117.015 E389.22259
G0 F9000 X89.46 Y116.449
G1 F1500 X99.54 Y106.369 E390.17086
G0 F9000 X99.54 Y105.804
G1 F1500 X89.46 Y115.883 E391.11908
G0 F9000 X89.46 Y115.318
G1 F1500 X99.54 Y105.238 E392.06734
G0 F9000 X99.54 Y104.672
G1 F1500 X89.46 Y114.752 E393.01561
G0 F9000 X89.46 Y114.186
G1 F1500 X99.54 Y104.107 E393.96382
G0 F9000 X99.54 Y103.541
G1 F1500 X89.46 Y113.621 E394.91209
G0 F9000 X89.46 Y113.055
G1 F1500 X99.54 Y102.975 E395.86035
G0 F9000 X99.54 Y102.41
G1 F1500 X89.46 Y112.489 E396.80857
G0 F9000 X89.46 Y111.924
G1 F1500 X99.54 Y101.844 E397.75683
G0 F9000 X99.54 Y101.278
G1 F1500 X89.46 Y111.358 E398.7051
G0 F9000 X89.46 Y110.792
G1 F1500 X99.54 Y100.713 E399.65332
G0 F9000 X99.54 Y100.147
G1 F1500 X89.46 Y110.227 E400.60158
G0 F9000 X89.46 Y109.661
G1 F1500 X99.54 Y99.581 E401.54985
G0 F9000 X99.54 Y99.015
G1 F1500 X89.46 Y109.095 E402.49811
G0 F9000 X89.46 Y108.53
G1 F1500 X99.54 Y98.45 E403.44637
G0 F9000 X99.54 Y97.884
G1 F1500 X89.46 Y107.964 E404.39464
G0 F9000 X89.46 Y107.398
G1 F1500 X99.54 Y97.318 E405.3429
G0 F9000 X99.54 Y96.753
G1 F1500 X89.46 Y106.833 E406.29117
G0 F9000 X89.46 Y106.267
G1 F1500 X99.54 Y96.187 E407.23943
G0 F9000 X99.54 Y95.621
G1 F1500 X89.46 Y105.701 E408.1877
G0 F9000 X89.46 Y105.135
G1 F1500 X99.54 Y95.056 E409.13592
G0 F9000 X99.54 Y94.49
G1 F1500 X89.46 Y104.57 E410.08418
G0 F9000 X89.46 Y104.004
G1 F1500 X99.54 Y93.924 E411.03244
G0 F9000 X99.54 Y93.359
G1 F1500 X89.46 Y103.438 E411.98066
G0 F9000 X89.46 Y102.873
G1 F1500 X99.54 Y92.793 E412.92893
G0 F9000 X99.54 Y92.227
G1 F1500 X89.46 Y102.307 E413.87719
G0 F9000 X89.46 Y101.741
G1 F1500 X99.54 Y91.662 E414.82541
G0 F9000 X99.54 Y91.096
G1 F1500 X89.46 Y101.176 E415.77367
G0 F9000 X89.46 Y100.61
G1 F1500 X99.54 Y90.53 E416.72194
G0 F9000 X99.54 Y89.964
G1 F1500 X89.46 Y100.044 E417.6702
G0 F9000 X89.46 Y99.479
G1 F1500 X99.54 Y89.399 E418.61847
G0 F9000 X99.54 Y88.833
G1 F1500 X89.46 Y98.913 E419.56673
G0 F9000 X89.46 Y98.347
G1 F1500 X99.54 Y88.267 E420.515
G0 F9000 X99.54 Y87.702
G1 F1500 X89.46 Y97.782 E421.46326
G0 F9000 X89.46 Y97.216
G1 F1500 X99.54 Y87.136 E422.41153
G0 F9000 X99.54 Y86.57
G1 F1500 X89.46 Y96.65 E423.35979
G0 F9000 X89.46 Y96.084
G1 F1500 X99.54 Y86.005 E424.30801
G0 F9000 X99.54 Y85.439
G1 F1500 X89.46 Y95.519 E425.25627
G0 F9000 X89.46 Y94.953
G1 F1500 X99.54 Y84.873 E426.20454
G0 F9000 X99.54 Y84.308
G1 F1500 X89.46 Y94.387 E427.15275
G0 F9000 X89.46 Y93.822
G1 F1500 X99.54 Y83.742 E428.10102
G0 F9000 X99.54 Y83.176
G1 F1500 X89.46 Y93.256 E429.04928
G0 F9000 X89.46 Y92.69
G1 F1500 X99.54 Y82.611 E429.9975
G0 F9000 X99.54 Y82.045
G1 F1500 X89.46 Y92.125 E430.94577
G0 F9000 X89.46 Y91.559
G1 F1500 X99.54 Y81.479 E431.89403
G0 F9000 X99.54 Y80.914
G1 F1500 X89.46 Y90.993 E432.84225
G0 F9000 X89.46 Y90.428
G1 F1500 X99.54 Y80.348 E433.79051
G0 F9000 X99.54 Y79.782
G1 F1500 X89.46 Y89.862 E434.73878
G0 F9000 X89.46 Y89.296
G1 F1500 X99.54 Y79.216 E435.68704
G0 F9000 X99.54 Y78.651
G1 F1500 X89.46 Y88.731 E436.63531
G0 F9000 X89.46 Y88.165
G1 F1500 X99.54 Y78.085 E437.58357
G0 F9000 X99.54 Y77.519
G1 F1500 X89.46 Y87.599 E438.53184
G0 F9000 X89.46 Y87.034
G1 F1500 X99.54 Y76.954 E439.4801
G0 F9000 X99.54 Y76.388
G1 F1500 X89.46 Y86.468 E440.42836
G0 F9000 X89.46 Y85.902
G1 F1500 X99.54 Y75.822 E441.37663
G0 F9000 X99.54 Y75.257
G1 F1500 X89.46 Y85.336 E442.32485
G0 F9000 X89.46 Y84.771
G1 F1500 X99.54 Y74.691 E443.27311
G0 F9000 X99.54 Y74.125
G1 F1500 X89.46 Y84.205 E444.22138
G0 F9000 X89.46 Y83.639
G1 F1500 X99.54 Y73.56 E445.16959
G0 F9000 X99.54 Y72.994
G1 F1500 X89.46 Y83.074 E446.11786
G0 F9000 X89.46 Y82.508
G1 F1500 X99.54 Y72.428 E447.06612
G0 F9000 X99.54 Y71.863
G1 F1500 X89.46 Y81.942 E448.01434
G0 F9000 X89.46 Y81.377
G1 F1500 X99.54 Y71.297 E448.9626
G0 F9000 X99.54 Y70.731
G1 F1500 X89.46 Y80.811 E449.91087
G0 F9000 X89.46 Y80.245
G1 F1500 X99.54 Y70.165 E450.85913
G0 F9000 X99.54 Y69.6
G1 F1500 X89.46 Y79.68 E451.8074
G0 F9000 X89.46 Y79.114
G1 F1500 X99.54 Y69.034 E452.75566
G0 F9000 X99.54 Y68.468
G1 F1500 X89.46 Y78.548 E453.70393
G0 F9000 X89.46 Y77.983
G1 F1500 X99.54 Y67.903 E454.65219
G0 F9000 X99.54 Y67.337
G1 F1500 X89.46 Y77.417 E455.60046
G0 F9000 X89.46 Y76.851
G1 F1500 X99.54 Y66.771 E456.54872
G0 F9000 X99.54 Y66.206
G1 F1500 X89.46 Y76.286 E457.49699
G0 F9000 X89.46 Y75.72
G1 F1500 X99.54 Y65.64 E458.44525
G0 F9000 X99.54 Y65.074
G1 F1500 X89.46 Y75.154 E459.39352
G0 F9000 X89.46 Y74.588
G1 F1500 X99.54 Y64.509 E460.34173
G0 F9000 X99.54 Y63.943
G1 F1500 X89.46 Y74.023 E461.29
G0 F9000 X89.46 Y73.457
G1 F1500 X99.54 Y63.377 E462.23826
G0 F9000 X99.54 Y62.812
G1 F1500 X89.46 Y72.891 E463.18648
G0 F9000 X89.46 Y72.326
G1 F1500 X99.54 Y62.246 E464.13474
G0 F9000 X99.54 Y61.68
G1 F1500 X89.46 Y71.76 E465.08301
G0 F9000 X89.46 Y71.194
G1 F1500 X99.54 Y61.115 E466.03123
G0 F9000 X99.54 Y60.549
G1 F1500 X89.46 Y70.629 E466.97949
G0 F9000 X89.46 Y70.063
G1 F1500 X99.54 Y59.983 E467.92776
G0 F9000 X99.54 Y59.417
G1 F1500 X89.46 Y69.497 E468.87602
G0 F9000 X89.46 Y68.932
G1 F1500 X99.54 Y58.852 E469.82428
G0 F9000 X99.54 Y58.286
G1 F1500 X89.46 Y68.366 E470.77255
G0 F9000 X89.46 Y67.8
G1 F1500 X99.54 Y57.72 E471.72081
G0 F9000 X99.54 Y57.155
G1 F1500 X89.46 Y67.235 E472.66908
G0 F9000 X89.46 Y66.669
G1 F1500 X99.54 Y56.589 E473.61734
G0 F9000 X99.54 Y56.023
G1 F1500 X89.46 Y66.103 E474.56561
G0 F9000 X89.46 Y65.537
G1 F1500 X99.54 Y55.458 E475.51383
G0 F9000 X99.54 Y54.892
G1 F1500 X89.46 Y64.972 E476.46209
G0 F9000 X89.46 Y64.406
G1 F1500 X99.54 Y54.326 E477.41035
G0 F9000 X99.54 Y53.761
G1 F1500 X89.46 Y63.84 E478.35857
G0 F9000 X89.46 Y63.275
G1 F1500 X99.54 Y53.195 E479.30684
G0 F9000 X99.54 Y52.629
G1 F1500 X89.46 Y62.709 E480.2551
G0 F9000 X89.46 Y62.143
G1 F1500 X99.54 Y52.064 E481.20332
G0 F9000 X99.54 Y51.498
G1 F1500 X89.46 Y61.578 E482.15158
G0 F9000 X89.46 Y61.012
G1 F1500 X99.54 Y50.932 E483.09985
G0 F9000 X99.54 Y50.367
G1 F1500 X89.46 Y60.446 E484.04807
G0 F9000 X89.46 Y59.881
G1 F1500 X99.54 Y49.801 E484.99633
G0 F9000 X99.54 Y49.235
G1 F1500 X89.46 Y59.315 E485.94459
G0 F9000 X89.46 Y58.749
G1 F1500 X99.54 Y48.669 E486.89286
G0 F9000 X99.54 Y48.104
G1 F1500 X89.46 Y58.184 E487.84112
G0 F9000 X89.46 Y57.618
G1 F1500 X99.54 Y47.538 E488.78939
G0 F9000 X99.54 Y46.972
G1 F1500 X89.46 Y57.052 E489.73765
G0 F9000 X89.46 Y56.487
G1 F1500 X99.54 Y46.407 E490.68592
G0 F9000 X99.54 Y45.841
G1 F1500 X89.46 Y55.921 E491.63418
G0 F9000 X89.46 Y55.355
G1 F1500 X99.54 Y45.275 E492.58245
G0 F9000 X99.54 Y44.71
G1 F1500 X89.46 Y54.789 E493.53066
G0 F9000 X89.46 Y54.224
G1 F1500 X99.54 Y44.144 E494.47893
G0 F9000 X99.54 Y43.578
G1 F1500 X89.46 Y53.658 E495.42719
G0 F9000 X89.46 Y53.092
G1 F1500 X99.54 Y43.013 E496.37541
G0 F9000 X99.54 Y42.447
G1 F1500 X89.46 Y52.527 E497.32368
G0 F9000 X89.46 Y51.961
G1 F1500 X99.408 Y42.013 E498.25952
G0 F9000 X99.125 Y41.731
G1 F1500 X89.46 Y51.395 E499.1687
G0 F9000 X89.46 Y50.83
G1 F1500 X98.842 Y41.448 E500.0513
G0 F9000 X98.559 Y41.166
G1 F1500 X89.46 Y50.264 E500.90723
G0 F9000 X89.46 Y49.698
G1 F1500 X98.276 Y40.883 E501.73654
G0 F9000 X97.993 Y40.6
G1 F1500 X89.46 Y49.133 E502.53927
G0 F9000 X89.46 Y48.567
G1 F1500 X97.71 Y40.317 E503.31538
G0 F9000 X97.427 Y40.035
G1 F1500 X89.46 Y48.001 E504.06482
G0 F9000 X89.46 Y47.436
G1 F1500 X97.144 Y39.752 E504.78768
G0 F9000 X96.861 Y39.469
G1 F1500 X89.46 Y46.87 E505.48393
G0 F9000 X89.46 Y46.304
G1 F1500 X96.473 Y39.292 E506.14362
G0 F9000 X95.907 Y39.292
G1 F1500 X89.46 Y45.738 E506.75007
G0 F9000 X89.46 Y45.173
G1 F1500 X95.341 Y39.292 E507.30331
G0 F9000 X94.776 Y39.292
G1 F1500 X89.46 Y44.607 E507.80336
G0 F9000 X89.46 Y44.041
G1 F1500 X94.21 Y39.292 E508.25017
G0 F9000 X93.644 Y39.292
G1 F1500 X89.46 Y43.476 E508.64377
G0 F9000 X89.46 Y42.91
G1 F1500 X93.079 Y39.292 E508.98418
G0 F9000 X92.513 Y39.292
G1 F1500 X89.46 Y42.344 E509.27134
G0 F9000 X88.71 Y42.344
G1 F2700 E504.27134
;MESH:bump_plate.obj
G0 F9000 X92.148 Y38.896
G0 X96.848 Y38.896
G0 X99.936 Y41.981
G0 X101.072 Y144.156
G0 X103.428 Y144.156
G0 X107.648 Y146.768
G0 X110 Y146.932
;TYPE:WALL-INNER
G1 F2700 E509.27134
G1 F1500 X112.416 Y146.932 E509.43205
G1 X115.6 Y143.751 E509.73144
G1 X115.6 Y41.913 E516.50573
G1 X112.416 Y38.732 E516.80512
G1 X107.58 Y38.732 E517.12682
G1 X104.4 Y41.912 E517.42597
G1 X104.4 Y143.752 E524.20039
G1 X107.58 Y146.932 E524.49955
G1 X110 Y146.932 E524.66053
G0 F9000 X110 Y147.332
G1 F1500 X112.582 Y147.332 E524.83228
G1 X116 Y143.917 E525.15369
G1 X116 Y41.747 E531.95006
G1 X112.582 Y38.332 E532.27147
G1 X107.415 Y38.332 E532.61518
G1 X104 Y41.747 E532.93644
G1 X104 Y143.917 E539.73282
G1 X107.415 Y147.332 E540.05408
G1 X110 Y147.332 E540.22603
G0 F9000 X110 Y147.732
G1 F1500 X112.747 Y147.732 E540.40876
G1 X116.4 Y144.083 E540.75223
G1 X116.4 Y41.581 E547.57069
G1 X112.747 Y37.932 E547.91415
G1 X107.249 Y37.932 E548.27988
G1 X103.6 Y41.581 E548.62316
G1 X103.6 Y144.083 E555.44162
G1 X107.249 Y147.732 E555.78489
G1 X110 Y147.732 E555.96789
G0 F9000 X110 Y148.132
;TYPE:WALL-OUTER
G1 F1500 X112.913 Y148.132 E556.16166
G1 X116.8 Y144.249 E556.52714
G1 X116.8 Y41.415 E563.36769
G1 X112.913 Y37.532 E563.73316
G1 X107.083 Y37.532 E564.12098
G1 X103.2 Y41.415 E564.48626
G1 X103.2 Y144.249 E571.32681
G1 X107.083 Y148.132 E571.6921
G1 X110 Y148.132 E571.88614
G0 F9000 X110 Y147.423
G0 X110 Y146.832
G0 X110 Y146.572
;TYPE:SKIN
G1 F1500 X107.727 Y146.572 E572.03734
G1 X104.76 Y143.601 E572.31664
G1 X104.76 Y42.059 E579.07125
G1 X107.727 Y39.092 E579.35036
G1 X112.265 Y39.092 E579.65223
G1 X115.24 Y42.063 E579.93191
G1 X115.24 Y143.601 E586.68625
G1 X112.265 Y146.572 E586.96593
G1 X110 Y146.572 E587.1166
G0 F9000 X110 Y146.832
G0 X112.348 Y146.768
G0 X115.436 Y143.683
G0 X115.04 Y143.478
G1 F1500 X112.146 Y146.372 E587.38885
G0 F9000 X111.581 Y146.372
G1 F1500 X115.04 Y142.913 E587.71425
G0 F9000 X115.04 Y142.347
G1 F1500 X111.015 Y146.372 E588.0929
G0 F9000 X110.449 Y146.372
G1 F1500 X115.04 Y141.781 E588.52479
G0 F9000 X115.04 Y141.216
G1 F1500 X109.884 Y146.372 E589.00984
G0 F9000 X109.318 Y146.372
G1 F1500 X115.04 Y140.65 E589.54813
G0 F9000 X115.04 Y140.084
G1 F1500 X108.752 Y146.372 E590.13966
G0 F9000 X108.187 Y146.372
G1 F1500 X115.04 Y139.519 E590.78435
G0 F9000 X115.04 Y138.953
G1 F1500 X107.716 Y146.276 E591.4733
G0 F9000 X107.434 Y145.994
G1 F1500 X115.04 Y138.387 E592.18887
G0 F9000 X115.04 Y137.821
G1 F1500 X107.151 Y145.711 E592.93107
G0 F9000 X106.868 Y145.428
G1 F1500 X115.04 Y137.256 E593.69984
G0 F9000 X115.04 Y136.69
G1 F1500 X106.585 Y145.145 E594.49524
G0 F9000 X106.303 Y144.861
G1 F1500 X115.04 Y136.124 E595.31716
G0 F9000 X115.04 Y135.559
G1 F1500 X106.02 Y144.579 E596.16571
G0 F9000 X105.737 Y144.296
G1 F1500 X115.04 Y134.993 E597.04087
G0 F9000 X115.04 Y134.427
G1 F1500 X105.454 Y144.013 E597.94267
G0 F9000 X105.172 Y143.73
G1 F1500 X115.04 Y133.862 E598.87099
G0 F9000 X115.04 Y133.296
G1 F1500 X104.96 Y143.376 E599.81925
G0 F9000 X104.96 Y142.81
G1 F1500 X115.04 Y132.73 E600.76752
G0 F9000 X115.04 Y132.165
G1 F1500 X104.96 Y142.244 E601.71573
G0 F9000 X104.96 Y141.679
G1 F1500 X115.04 Y131.599 E602.664
G0 F9000 X115.04 Y131.033
G1 F1500 X104.96 Y141.113 E603.61226
G0 F9000 X104.96 Y140.547
G1 F1500 X115.04 Y130.468 E604.56048
G0 F9000 X115.04 Y129.902
G1 F1500 X104.96 Y139.982 E605.50875
G0 F9000 X104.96 Y139.416
G1 F1500 X115.04 Y129.336 E606.45701
G0 F9000 X115.04 Y128.771
G1 F1500 X104.96 Y138.85 E607.40523
G0 F9000 X104.96 Y138.285
G1 F1500 X115.04 Y128.205 E608.35349
G0 F9000 X115.04 Y127.639
G1 F1500 X104.96 Y137.719 E609.30176
G0 F9000 X104.96 Y137.153
G1 F1500 X115.04 Y127.073 E610.25002
G0 F9000 X115.04 Y126.508
G1 F1500 X104.96 Y136.588 E611.19829
G0 F9000 X104.96 Y136.022
G1 F1500 X115.04 Y125.942 E612.14655
G0 F9000 X115.04 Y125.376
G1 F1500 X104.96 Y135.456 E613.09482
G0 F9000 X104.96 Y134.891
G1 F1500 X115.04 Y124.811 E614.04308
G0 F9000 X115.04 Y124.245
G1 F1500 X104.96 Y134.325 E614.99134
G0 F9000 X104.96 Y133.759
G1 F1500 X115.04 Y123.679 E615.93961
G0 F9000 X115.04 Y123.114
G1 F1500 X104.96 Y133.193 E616.88783
G0 F9000 X104.96 Y132.628
G1 F1500 X115.04 Y122.548 E617.83609
G0 F9000 X115.04 Y121.982
G1 F1500 X104.96 Y132.062 E618.78436
G0 F9000 X104.96 Y131.496
G1 F1500 X115.04 Y121.417 E619.73257
G0 F9000 X115.04 Y120.851
G1 F1500 X104.96 Y130.931 E620.68084
G0 F9000 X104.96 Y130.365
G1 F1500 X115.04 Y120.285 E621.6291
G0 F9000 X115.04 Y119.72
G1 F1500 X104.96 Y129.799 E622.57732
G0 F9000 X104.96 Y129.234
G1 F1500 X115.04 Y119.154 E623.52558
G0 F9000 X115.04 Y118.588
G1 F1500 X104.96 Y128.668 E624.47385
G0 F9000 X104.96 Y128.102
G1 F1500 X115.04 Y118.022 E625.42211
G0 F9000 X115.04 Y117.457
G1 F1500 X104.96 Y127.537 E626.37038
G0 F9000 X104.96 Y126.971
G1 F1500 X115.04 Y116.891 E627.31864
G0 F9000 X115.04 Y116.325
G1 F1500 X104.96 Y126.405 E628.26691
G0 F9000 X104.96 Y125.84
G1 F1500 X115.04 Y115.76 E629.21517
G0 F9000 X115.04 Y115.194
G1 F1500 X104.96 Y125.274 E630.16344
G0 F9000 X104.96 Y124.708
G1 F1500 X115.04 Y114.628 E631.1117
G0 F9000 X115.04 Y114.063
G1 F1500 X104.96 Y124.142 E632.05992
G0 F9000 X104.96 Y123.577
G1 F1500 X115.04 Y113.497 E633.00818
G0 F9000 X115.04 Y112.931
G1 F1500 X104.96 Y123.011 E633.95645
G0 F9000 X104.96 Y122.445
G1 F1500 X115.04 Y112.366 E634.90467
G0 F9000 X115.04 Y111.8
G1 F1500 X104.96 Y121.88 E635.85293
G0 F9000 X104.96 Y121.314
G1 F1500 X115.04 Y111.234 E636.80119
G0 F9000 X115.04 Y110.669
G1 F1500 X104.96 Y120.748 E637.74941
G0 F9000 X104.96 Y120.183
G1 F1500 X115.04 Y110.103 E638.69768
G0 F9000 X115.04 Y109.537
G1 F1500 X104.96 Y119.617 E639.64594
G0 F9000 X104.96 Y119.051
G1 F1500 X115.04 Y108.972 E640.59416
G0 F9000 X115.04 Y108.406
G1 F1500 X104.96 Y118.486 E641.54242
G0 F9000 X104.96 Y117.92
G1 F1500 X115.04 Y107.84 E642.49069
G0 F9000 X115.04 Y107.274
G1 F1500 X104.96 Y117.354 E643.43895
G0 F9000 X104.96 Y116.789
G1 F1500 X115.04 Y106.709 E644.38722
G0 F9000 X115.04 Y106.143
G1 F1500 X104.96 Y116.223 E645.33548
G0 F9000 X104.96 Y115.657
G1 F1500 X115.04 Y105.577 E646.28375
G0 F9000 X115.04 Y105.012
G1 F1500 X104.96 Y115.092 E647.23201
G0 F9000 X104.96 Y114.526
G1 F1500 X115.04 Y104.446 E648.18028
G0 F9000 X115.04 Y103.88
G1 F1500 X104.96 Y113.96 E649.12854
G0 F9000 X104.96 Y113.394
G1 F1500 X115.04 Y103.315 E650.07676
G0 F9000 X115.04 Y102.749
G1 F1500 X104.96 Y112.829 E651.02502
G0 F9000 X104.96 Y112.263
G1 F1500 X115.04 Y102.183 E651.97329
G0 F9000 X115.04 Y101.618
G1 F1500 X104.96 Y111.697 E652.9215
G0 F9000 X104.96 Y111.132
G1 F1500 X115.04 Y101.052 E653.86977
G0 F9000 X115.04 Y100.486
G1 F1500 X104.96 Y110.566 E654.81803
G0 F9000 X104.96 Y110
G1 F1500 X115.04 Y99.921 E655.76625
G0 F9000 X115.04 Y99.355
G1 F1500 X104.96 Y109.435 E656.71452
G0 F9000 X104.96 Y108.869
G1 F1500 X115.04 Y98.789 E657.66278
G0 F9000 X115.04 Y98.223
G1 F1500 X104.96 Y108.303 E658.61105
G0 F9000 X104.96 Y107.738
G1 F1500 X115.04 Y97.658 E659.55931
G0 F9000 X115.04 Y97.092
G1 F1500 X104.96 Y107.172 E660.50757
G0 F9000 X104.96 Y106.606
G1 F1500 X115.04 Y96.526 E661.45584
G0 F9000 X115.04 Y95.961
G1 F1500 X104.96 Y106.041 E662.4041
G0 F9000 X104.96 Y105.475
G1 F1500 X115.04 Y95.395 E663.35237
G0 F9000 X115.04 Y94.829
G1 F1500 X104.96 Y104.909 E664.30063
G0 F9000 X104.96 Y104.344
G1 F1500 X115.04 Y94.264 E665.2489
G0 F9000 X115.04 Y93.698
G1 F1500 X104.96 Y103.778 E666.19716
G0 F9000 X104.96 Y103.212
G1 F1500 X115.04 Y93.132 E667.14543
G0 F9000 X115.04 Y92.567
G1 F1500 X104.96 Y102.646 E668.09364
G0 F9000 X104.96 Y102.081
G1 F1500 X115.04 Y92.001 E669.04191
G0 F9000 X115.04 Y91.435
G1 F1500 X104.96 Y101.515 E669.99017
G0 F9000 X104.96 Y100.949
G1 F1500 X115.04 Y90.87 E670.93839
G0 F9000 X115.04 Y90.304
G1 F1500 X104.96 Y100.384 E671.88666
G0 F9000 X104.96 Y99.818
G1 F1500 X115.04 Y89.738 E672.83492
G0 F9000 X115.04 Y89.173
G1 F1500 X104.96 Y99.252 E673.78314
G0 F9000 X104.96 Y98.687
G1 F1500 X115.04 Y88.607 E674.7314
G0 F9000 X115.04 Y88.041
G1 F1500 X104.96 Y98.121 E675.67967
G0 F9000 X104.96 Y97.555
G1 F1500 X115.04 Y87.475 E676.62793
G0 F9000 X115.04 Y86.91
G1 F1500 X104.96 Y96.99 E677.5762
G0 F9000 X104.96 Y96.424
G1 F1500 X115.04 Y86.344 E678.52446
G0 F9000 X115.04 Y85.778
G1 F1500 X104.96 Y95.858 E679.47273
G0 F9000 X104.96 Y95.293
G1 F1500 X115.04 Y85.213 E680.42099
G0 F9000 X115.04 Y84.647
G1 F1500 X104.96 Y94.727 E681.36925
G0 F9000 X104.96 Y94.161
G1 F1500 X115.04 Y84.081 E682.31752
G0 F9000 X115.04 Y83.516
G1 F1500 X104.96 Y93.595 E683.26574
G0 F9000 X104.96 Y93.03
G1 F1500 X115.04 Y82.95 E684.214
G0 F9000 X115.04 Y82.384
G1 F1500 X104.96 Y92.464 E685.16227
G0 F9000 X104.96 Y91.898
G1 F1500 X115.04 Y81.819 E686.11048
G0 F9000 X115.04 Y81.253
G1 F1500 X104.96 Y91.333 E687.05875
G0 F9000 X104.96 Y90.767
G1 F1500 X115.04 Y80.687 E688.00701
G0 F9000 X115.04 Y80.122
G1 F1500 X104.96 Y90.201 E688.95523
G0 F9000 X104.96 Y89.636
G1 F1500 X115.04 Y79.556 E689.90349
G0 F9000 X115.04 Y78.99
G1 F1500 X104.96 Y89.07 E690.85176
G0 F9000 X104.96 Y88.504
G1 F1500 X115.04 Y78.425 E691.79998
G0 F9000 X115.04 Y77.859
G1 F1500 X104.96 Y87.939 E692.74824
G0 F9000 X104.96 Y87.373
G1 F1500 X115.04 Y77.293 E693.69651
G0 F9000 X115.04 Y76.727
G1 F1500 X104.96 Y86.807 E694.64477
G0 F9000 X104.96 Y86.242
G1 F1500 X115.04 Y76.162 E695.59304
G0 F9000 X115.04 Y75.596
G1 F1500 X104.96 Y85.676 E696.5413
G0 F9000 X104.96 Y85.11
G1 F1500 X115.04 Y75.03 E697.48956
G0 F9000 X115.04 Y74.465
G1 F1500 X104.96 Y84.545 E698.43783
G0 F9000 X104.96 Y83.979
G1 F1500 X115.04 Y73.899 E699.38609
G0 F9000 X115.04 Y73.333
G1 F1500 X104.96 Y83.413 E700.33436
G0 F9000 X104.96 Y82.847
G1 F1500 X115.04 Y72.768 E701.28258
G0 F9000 X115.04 Y72.202
G1 F1500 X104.96 Y82.282 E702.23084
G0 F9000 X104.96 Y81.716
G1 F1500 X115.04 Y71.636 E703.1791
G0 F9000 X115.04 Y71.071
G1 F1500 X104.96 Y81.15 E704.12732
G0 F9000 X104.96 Y80.585
G1 F1500 X115.04 Y70.505 E705.07559
G0 F9000 X115.04 Y69.939
G1 F1500 X104.96 Y80.019 E706.02385
G0 F9000 X104.96 Y79.453
G1 F1500 X115.04 Y69.374 E706.97207
G0 F9000 X115.04 Y68.808
G1 F1500 X104.96 Y78.888 E707.92033
G0 F9000 X104.96 Y78.322
G1 F1500 X115.04 Y68.242 E708.8686
G0 F9000 X115.04 Y67.676
G1 F1500 X104.96 Y77.756 E709.81686
G0 F9000 X104.96 Y77.191
G1 F1500 X115.04 Y67.111 E710.76513
G0 F9000 X115.04 Y66.545
G1 F1500 X104.96 Y76.625 E711.71339
G0 F9000 X104.96 Y76.059
G1 F1500 X115.04 Y65.979 E712.66166
G0 F9000 X115.04 Y65.414
G1 F1500 X104.96 Y75.494 E713.60992
G0 F9000 X104.96 Y74.928
G1 F1500 X115.04 Y64.848 E714.55819
G0 F9000 X115.04 Y64.282
G1 F1500 X104.96 Y74.362 E715.50645
G0 F9000 X104.96 Y73.796
G1 F1500 X115.04 Y63.717 E716.45467
G0 F9000 X115.04 Y63.151
G1 F1500 X104.96 Y73.231 E717.40293
G0 F9000 X104.96 Y72.665
G1 F1500 X115.04 Y62.585 E718.3512
G0 F9000 X115.04 Y62.02
G1 F1500 X104.96 Y72.099 E719.29941
G0 F9000 X104.96 Y71.534
G1 F1500 X115.04 Y61.454 E720.24768
G0 F9000 X115.04 Y60.888
G1 F1500 X104.96 Y70.968 E721.19594
G0 F9000 X104.96 Y70.402
G1 F1500 X115.04 Y60.323 E722.14416
G0 F9000 X115.04 Y59.757
G1 F1500 X104.96 Y69.837 E723.09243
G0 F9000 X104.96 Y69.271
G1 F1500 X115.04 Y59.191 E724.04069
G0 F9000 X115.04 Y58.626
G1 F1500 X104.96 Y68.705 E724.98891
G0 F9000 X104.96 Y68.14
G1 F1500 X115.04 Y58.06 E725.93717
G0 F9000 X115.04 Y57.494
G1 F1500 X104.96 Y67.574 E726.88544
G0 F9000 X104.96 Y67.008
G1 F1500 X115.04 Y56.928 E727.8337
G0 F9000 X115.04 Y56.363
G1 F1500 X104.96 Y66.443 E728.78197
G0 F9000 X104.96 Y65.877
G1 F1500 X115.04 Y55.797 E729.73023
G0 F9000 X115.04 Y55.231
G1 F1500 X104.96 Y65.311 E730.6785
G0 F9000 X104.96 Y64.746
G1 F1500 X115.04 Y54.666 E731.62676
G0 F9000 X115.04 Y54.1
G1 F1500 X104.96 Y64.18 E732.57502
G0 F9000 X104.96 Y63.614
G1 F1500 X115.04 Y53.534 E733.52329
G0 F9000 X115.04 Y52.969
G1 F1500 X104.96 Y63.048 E734.47151
G0 F9000 X104.96 Y62.483
G1 F1500 X115.04 Y52.403 E735.41977
G0 F9000 X115.04 Y51.837
G1 F1500 X104.96 Y61.917 E736.36804
G0 F9000 X104.96 Y61.351
G1 F1500 X115.04 Y51.272 E737.31625
G0 F9000 X115.04 Y50.706
G1 F1500 X104.96 Y60.786 E738.26452
G0 F9000 X104.96 Y60.22
G1 F1500 X115.04 Y50.14 E739.21278
G0 F9000 X115.04 Y49.575
G1 F1500 X104.96 Y59.654 E740.161
G0 F9000 X104.96 Y59.089
G1 F1500 X115.04 Y49.009 E741.10927
G0 F9000 X115.04 Y48.443
G1 F1500 X104.96 Y58.523 E742.05753
G0 F9000 X104.96 Y57.957
G1 F1500 X115.04 Y47.877 E743.00579
G0 F9000 X115.04 Y47.312
G1 F1500 X104.96 Y57.392 E743.95406
G0 F9000 X104.96 Y56.826
G1 F1500 X115.04 Y46.746 E744.90232
G0 F9000 X115.04 Y46.18
G1 F1500 X104.96 Y56.26 E745.85059
G0 F9000 X104.96 Y55.695
G1 F1500 X115.04 Y45.615 E746.79885
G0 F9000 X115.04 Y45.049
G1 F1500 X104.96 Y55.129 E747.74712
G0 F9000 X104.96 Y54.563
G1 F1500 X115.04 Y44.483 E748.69538
G0 F9000 X115.04 Y43.918
G1 F1500 X104.96 Y53.998 E749.64365
G0 F9000 X104.96 Y53.432
G1 F1500 X115.04 Y43.352 E750.59191
G0 F9000 X115.04 Y42.786
G1 F1500 X104.96 Y52.866 E751.54018
G0 F9000 X104.96 Y52.3
G1 F1500 X115.04 Y42.221 E752.48839
G0 F9000 X114.795 Y41.9
G1 F1500 X104.96 Y51.735 E753.41361
G0 F9000 X104.96 Y51.169
G1 F1500 X114.512 Y41.617 E754.3122
G0 F9000 X114.229 Y41.335
G1 F1500 X104.96 Y50.603 E755.18413
G0 F9000 X104.96 Y50.038
G1 F1500 X113.945 Y41.052 E756.02943
G0 F9000 X113.662 Y40.77
G1 F1500 X104.96 Y49.472 E756.84806
G0 F9000 X104.96 Y48.906
G1 F1500 X113.38 Y40.487 E757.64011
G0 F9000 X113.096 Y40.205
G1 F1500 X104.96 Y48.341 E758.4055
G0 F9000 X104.96 Y47.775
G1 F1500 X112.813 Y39.922 E759.14426
G0 F9000 X112.53 Y39.639
G1 F1500 X104.96 Y47.209 E759.8564
G0 F9000 X104.96 Y46.644
G1 F1500 X112.248 Y39.356 E760.54201
G0 F9000 X111.746 Y39.292
G1 F1500 X104.96 Y46.078 E761.1804
G0 F9000 X104.96 Y45.512
G1 F1500 X111.181 Y39.292 E761.76558
G0 F9000 X110.615 Y39.292
G1 F1500 X104.96 Y44.947 E762.29757
G0 F9000 X104.96 Y44.381
G1 F1500 X110.049 Y39.292 E762.77631
G0 F9000 X109.483 Y39.292
G1 F1500 X104.96 Y43.815 E763.20181
G0 F9000 X104.96 Y43.249
G1 F1500 X108.918 Y39.292 E763.5741
G0 F9000 X108.352 Y39.292
G1 F1500 X104.96 Y42.684 E763.8932
G0 F9000 X104.21 Y42.684
G1 F2700 E758.8932
;MESH:NONMESH
G0 F300 Z1
G0 F9000 X103.43 Y138.777
G0 X101.07 Y138.777
G0 X100.1 Y138.777
;TIME_ELAPSED:1143.213231
;LAYER:2
M106 S85
;TYPE:WALL-INNER
;MESH:bump_plate.obj(1)
G1 F2700 E763.8932
G1 F2400 X100.1 Y41.913 E770.33662
G1 X96.916 Y38.732 E770.63601
G1 X92.08 Y38.732 E770.9577
G1 X88.9 Y41.912 E771.25686
G1 X88.9 Y143.752 E778.03128
G1 X92.08 Y146.932 E778.33044
G1 X96.916 Y146.932 E778.65213
G1 X100.1 Y143.751 E778.95152
G1 X100.1 Y138.777 E779.28239
G0 F12000 X100.5 Y142.059
G1 F2400 X100.5 Y41.747 E785.95517
G1 X97.082 Y38.332 E786.27658
G1 X91.915 Y38.332 E786.62029
G1 X88.5 Y41.747 E786.94155
G1 X88.5 Y143.917 E793.73793
G1 X91.915 Y147.332 E794.05919
G1 X97.082 Y147.332 E794.4029
G1 X100.5 Y143.917 E794.7243
G1 X100.5 Y142.059 E794.8479
G0 F12000 X100.545 Y144.002
G0 X100.763 Y144.22
G1 F2400 X100.9 Y144.083 E794.86078
G1 X100.9 Y41.581 E801.67925
G1 X97.247 Y37.932 E802.02271
G1 X91.749 Y37.932 E802.38844
G1 X88.1 Y41.581 E802.73171
G1 X88.1 Y144.083 E809.55017
G1 X91.749 Y147.732 E809.89345
G1 X97.247 Y147.732 E810.25918
G1 X100.763 Y144.22 E810.58975
G0 F12000 X100.825 Y144.724
;TYPE:WALL-OUTER
G1 F2400 X101.3 Y144.249 E810.63444
G1 X101.3 Y41.415 E817.47498
G1 X97.413 Y37.532 E817.84046
G1 X91.583 Y37.532 E818.22827
G1 X87.7 Y41.415 E818.59356
G1 X87.7 Y144.249 E825.43411
G1 X91.583 Y148.132 E825.7994
G1 X97.413 Y148.132 E826.18721
G1 X100.825 Y144.724 E826.508
G0 F12000 X100.324 Y144.223
G0 X100 Y135.824
G0 X99.74 Y135.824
;TYPE:SKIN
G1 F2400 X99.74 Y143.601 E827.02533
G1 X96.765 Y146.572 E827.30501
G1 X92.227 Y146.572 E827.60688
G1 X89.26 Y143.601 E827.88619
G1 X89.26 Y42.059 E834.64079
G1 X92.227 Y39.092 E834.91991
G1 X96.765 Y39.092 E835.22177
G1 X99.74 Y42.063 E835.50146
G1 X99.74 Y135.824 E841.73846
G0 F12000 X100 Y135.824
G0 X99.936 Y143.683
G0 X96.848 Y146.768
G0 X92.148 Y146.768
G0 X89.064 Y143.684
G0 X89 Y143.2
G0 X89.46 Y143.2
G1 F2400 X92.632 Y146.372 E842.03687
G0 F12000 X93.197 Y146.372
G1 F2400 X89.46 Y142.634 E842.38847
G0 F12000 X89.46 Y142.068
G1 F2400 X93.763 Y146.372 E842.79331
G0 F12000 X94.329 Y146.372
G1 F2400 X89.46 Y141.503 E843.25136
G0 F12000 X89.46 Y140.937
G1 F2400 X94.894 Y146.372 E843.7626
G0 F12000 X95.46 Y146.372
G1 F2400 X89.46 Y140.371 E844.32709
G0 F12000 X89.46 Y139.806
G1 F2400 X96.026 Y146.372 E844.94478
G0 F12000 X96.591 Y146.372
G1 F2400 X89.46 Y139.24 E845.61567
G0 F12000 X89.46 Y138.674
G1 F2400 X96.92 Y146.134 E846.31746
G0 F12000 X97.202 Y145.851
G1 F2400 X89.46 Y138.109 E847.04578
G0 F12000 X89.46 Y137.543
G1 F2400 X97.485 Y145.569 E847.80077
G0 F12000 X97.769 Y145.286
G1 F2400 X89.46 Y136.977 E848.58243
G0 F12000 X89.46 Y136.412
G1 F2400 X98.052 Y145.004 E849.39071
G0 F12000 X98.335 Y144.721
G1 F2400 X89.46 Y135.846 E850.22562
G0 F12000 X89.46 Y135.28
G1 F2400 X98.618 Y144.439 E851.08719
G0 F12000 X98.901 Y144.156
G1 F2400 X89.46 Y134.714 E851.97539
G0 F12000 X89.46 Y134.149
G1 F2400 X99.184 Y143.873 E852.89017
G0 F12000 X99.467 Y143.59
G1 F2400 X89.46 Y133.583 E853.83156
G0 F12000 X89.46 Y133.017
G1 F2400 X99.54 Y143.098 E854.77988
G0 F12000 X99.54 Y142.532
G1 F2400 X89.46 Y132.452 E855.72814
G0 F12000 X89.46 Y131.886
G1 F2400 X99.54 Y141.967 E856.67645
G0 F12000 X99.54 Y141.401
G1 F2400 X89.46 Y131.32 E857.62476
G0 F12000 X89.46 Y130.755
G1 F2400 X99.54 Y140.835 E858.57303
G0 F12000 X99.54 Y140.269
G1 F2400 X89.46 Y130.189 E859.52129
G0 F12000 X89.46 Y129.623
G1 F2400 X99.54 Y139.704 E860.46961
G0 F12000 X99.54 Y139.138
G1 F2400 X89.46 Y129.058 E861.41787
G0 F12000 X89.46 Y128.492
G1 F2400 X99.54 Y138.572 E862.36613
G0 F12000 X99.54 Y138.007
G1 F2400 X89.46 Y127.926 E863.31445
G0 F12000 X89.46 Y127.361
G1 F2400 X99.54 Y137.441 E864.26271
G0 F12000 X99.54 Y136.875
G1 F2400 X89.46 Y126.795 E865.21098
G0 F12000 X89.46 Y126.229
G1 F2400 X99.54 Y136.31 E866.15929
G0 F12000 X99.54 Y135.744
G1 F2400 X89.46 Y125.663 E867.1076
G0 F12000 X89.46 Y125.098
G1 F2400 X99.54 Y135.178 E868.05586
G0 F12000 X99.54 Y134.613
G1 F2400 X89.46 Y124.532 E869.00417
G0 F12000 X89.46 Y123.966
G1 F2400 X99.54 Y134.047 E869.95249
G0 F12000 X99.54 Y133.481
G1 F2400 X89.46 Y123.401 E870.90075
G0 F12000 X89.46 Y122.835
G1 F2400 X99.54 Y132.916 E871.84906
G0 F12000 X99.54 Y132.35
G1 F2400 X89.46 Y122.269 E872.79737
G0 F12000 X89.46 Y121.704
G1 F2400 X99.54 Y131.784 E873.74564
G0 F12000 X99.54 Y131.219
G1 F2400 X89.46 Y121.138 E874.69395
G0 F12000 X89.46 Y120.572
G1 F2400 X99.54 Y130.653 E875.64226
G0 F12000 X99.54 Y130.087
G1 F2400 X89.46 Y120.007 E876.59053
G0 F12000 X89.46 Y119.441
G1 F2400 X99.54 Y129.521 E877.53879
G0 F12000 X99.54 Y128.956
G1 F2400 X89.46 Y118.875 E878.4871
G0 F12000 X89.46 Y118.31
G1 F2400 X99.54 Y128.39 E879.43537
G0 F12000 X99.54 Y127.824
G1 F2400 X89.46 Y117.744 E880.38363
G0 F12000 X89.46 Y117.178
G1 F2400 X99.54 Y127.259 E881.33194
G0 F12000 X99.54 Y126.693
G1 F2400 X89.46 Y116.613 E882.28021
G0 F12000 X89.46 Y116.047
G1 F2400 X99.54 Y126.127 E883.22847
G0 F12000 X99.54 Y125.562
G1 F2400 X89.46 Y115.481 E884.17678
G0 F12000 X89.46 Y114.915
G1 F2400 X99.54 Y124.996 E885.1251
G0 F12000 X99.54 Y124.43
G1 F2400 X89.46 Y114.35 E886.07336
G0 F12000 X89.46 Y113.784
G1 F2400 X99.54 Y123.865 E887.02167
G0 F12000 X99.54 Y123.299
G1 F2400 X89.46 Y113.218 E887.96998
G0 F12000 X89.46 Y112.653
G1 F2400 X99.54 Y122.733 E888.91825
G0 F12000 X99.54 Y122.168
G1 F2400 X89.46 Y112.087 E889.86656
G0 F12000 X89.46 Y111.521
G1 F2400 X99.54 Y121.602 E890.81487
G0 F12000 X99.54 Y121.036
G1 F2400 X89.46 Y110.956 E891.76314
G0 F12000 X89.46 Y110.39
G1 F2400 X99.54 Y120.47 E892.7114
G0 F12000 X99.54 Y119.905
G1 F2400 X89.46 Y109.824 E893.65971
G0 F12000 X89.46 Y109.259
G1 F2400 X99.54 Y119.339 E894.60798
G0 F12000 X99.54 Y118.773
G1 F2400 X89.46 Y108.693 E895.55624
G0 F12000 X89.46 Y108.127
G1 F2400 X99.54 Y118.208 E896.50455
G0 F12000 X99.54 Y117.642
G1 F2400 X89.46 Y107.562 E897.45282
G0 F12000 X89.46 Y106.996
G1 F2400 X99.54 Y117.076 E898.40108
G0 F12000 X99.54 Y116.511
G1 F2400 X89.46 Y106.43 E899.34939
G0 F12000 X89.46 Y105.864
G1 F2400 X99.54 Y115.945 E900.29771
G0 F12000 X99.54 Y115.379
G1 F2400 X89.46 Y105.299 E901.24597
G0 F12000 X89.46 Y104.733
G1 F2400 X99.54 Y114.814 E902.19428
G0 F12000 X99.54 Y114.248
G1 F2400 X89.46 Y104.167 E903.14259
G0 F12000 X89.46 Y103.602
G1 F2400 X99.54 Y113.682 E904.09086
G0 F12000 X99.54 Y113.117
G1 F2400 X89.46 Y103.036 E905.03917
G0 F12000 X89.46 Y102.47
G1 F2400 X99.54 Y112.551 E905.98748
G0 F12000 X99.54 Y111.985
G1 F2400 X89.46 Y101.905 E906.93575
G0 F12000 X89.46 Y101.339
G1 F2400 X99.54 Y111.42 E907.88406
G0 F12000 X99.54 Y110.854
G1 F2400 X89.46 Y100.773 E908.83237
G0 F12000 X89.46 Y100.208
G1 F2400 X99.54 Y110.288 E909.78063
G0 F12000 X99.54 Y109.722
G1 F2400 X89.46 Y99.642 E910.7289
G0 F12000 X89.46 Y99.076
G1 F2400 X99.54 Y109.157 E911.67721
G0 F12000 X99.54 Y108.591
G1 F2400 X89.46 Y98.511 E912.62547
G0 F12000 X89.46 Y97.945
G1 F2400 X99.54 Y108.025 E913.57374
G0 F12000 X99.54 Y107.46
G1 F2400 X89.46 Y97.379 E914.52205
G0 F12000 X89.46 Y96.814
G1 F2400 X99.54 Y106.894 E915.47032
G0 F12000 X99.54 Y106.328
G1 F2400 X89.46 Y96.248 E916.41858
G0 F12000 X89.46 Y95.682
G1 F2400 X99.54 Y105.763 E917.36689
G0 F12000 X99.54 Y105.197
G1 F2400 X89.46 Y95.116 E918.3152
G0 F12000 X89.46 Y94.551
G1 F2400 X99.54 Y104.631 E919.26347
G0 F12000 X99.54 Y104.066
G1 F2400 X89.46 Y93.985 E920.21178
G0 F12000 X89.46 Y93.419
G1 F2400 X99.54 Y103.5 E921.16009
G0 F12000 X99.54 Y102.934
G1 F2400 X89.46 Y92.854 E922.10836
G0 F12000 X89.46 Y92.288
G1 F2400 X99.54 Y102.369 E923.05667
G0 F12000 X99.54 Y101.803
G1 F2400 X89.46 Y91.722 E924.00498
G0 F12000 X89.46 Y91.157
G1 F2400 X99.54 Y101.237 E924.95324
G0 F12000 X99.54 Y100.671
G1 F2400 X89.46 Y90.591 E925.90151
G0 F12000 X89.46 Y90.025
G1 F2400 X99.54 Y100.106 E926.84982
G0 F12000 X99.54 Y99.54
G1 F2400 X89.46 Y89.46 E927.79808
G0 F12000 X89.46 Y88.894
G1 F2400 X99.54 Y98.974 E928.74635
G0 F12000 X99.54 Y98.409
G1 F2400 X89.46 Y88.328 E929.69466
G0 F12000 X89.46 Y87.763
G1 F2400 X99.54 Y97.843 E930.64293
G0 F12000 X99.54 Y97.277
G1 F2400 X89.46 Y87.197 E931.59119
G0 F12000 X89.46 Y86.631
G1 F2400 X99.54 Y96.712 E932.5395
G0 F12000 X99.54 Y96.146
G1 F2400 X89.46 Y86.066 E933.48777
G0 F12000 X89.46 Y85.5
G1 F2400 X99.54 Y95.58 E934.43603
G0 F12000 X99.54 Y95.015
G1 F2400 X89.46 Y84.934 E935.38434
G0 F12000 X89.46 Y84.368
G1 F2400 X99.54 Y94.449 E936.33265
G0 F12000 X99.54 Y93.883
G1 F2400 X89.46 Y83.803 E937.28092
G0 F12000 X89.46 Y83.237
G1 F2400 X99.54 Y93.318 E938.22923
G0 F12000 X99.54 Y92.752
G1 F2400 X89.46 Y82.671 E939.17754
G0 F12000 X89.46 Y82.106
G1 F2400 X99.54 Y92.186 E940.12581
G0 F12000 X99.54 Y91.621
G1 F2400 X89.46 Y81.54 E941.07412
G0 F12000 X89.46 Y80.974
G1 F2400 X99.54 Y91.055 E942.02243
G0 F12000 X99.54 Y90.489
G1 F2400 X89.46 Y80.409 E942.97069
G0 F12000 X89.46 Y79.843
G1 F2400 X99.54 Y89.923 E943.91896
G0 F12000 X99.54 Y89.358
G1 F2400 X89.46 Y79.277 E944.86727
G0 F12000 X89.46 Y78.712
G1 F2400 X99.54 Y88.792 E945.81553
G0 F12000 X99.54 Y88.226
G1 F2400 X89.46 Y78.146 E946.7638
G0 F12000 X89.46 Y77.58
G1 F2400 X99.54 Y87.661 E947.71211
G0 F12000 X99.54 Y87.095
G1 F2400 X89.46 Y77.015 E948.66038
G0 F12000 X89.46 Y76.449
G1 F2400 X99.54 Y86.529 E949.60864
G0 F12000 X99.54 Y85.964
G1 F2400 X89.46 Y75.883 E950.55695
G0 F12000 X89.46 Y75.317
G1 F2400 X99.54 Y85.398 E951.50526
G0 F12000 X99.54 Y84.832
G1 F2400 X89.46 Y74.752 E952.45353
G0 F12000 X89.46 Y74.186
G1 F2400 X99.54 Y84.267 E953.40184
G0 F12000 X99.54 Y83.701
G1 F2400 X89.46 Y73.62 E954.35015
G0 F12000 X89.46 Y73.055
G1 F2400 X99.54 Y83.135 E955.29842
G0 F12000 X99.54 Y82.57
G1 F2400 X89.46 Y72.489 E956.24673
G0 F12000 X89.46 Y71.923
G1 F2400 X99.54 Y82.004 E957.19504
G0 F12000 X99.54 Y81.438
G1 F2400 X89.46 Y71.358 E958.1433
G0 F12000 X89.46 Y70.792
G1 F2400 X99.54 Y80.873 E959.09162
G0 F12000 X99.54 Y80.307
G1 F2400 X89.46 Y70.226 E960.03993
G0 F12000 X89.46 Y69.661
G1 F2400 X99.54 Y79.741 E960.98819
G0 F12000 X99.54 Y79.175
G1 F2400 X89.46 Y69.095 E961.93646
G0 F12000 X89.46 Y68.529
G1 F2400 X99.54 Y78.61 E962.88477
G0 F12000 X99.54 Y78.044
G1 F2400 X89.46 Y67.964 E963.83303
G0 F12000 X89.46 Y67.398
G1 F2400 X99.54 Y77.478 E964.7813
G0 F12000 X99.54 Y76.913
G1 F2400 X89.46 Y66.832 E965.72961
G0 F12000 X89.46 Y66.267
G1 F2400 X99.54 Y76.347 E966.67787
G0 F12000 X99.54 Y75.781
G1 F2400 X89.46 Y65.701 E967.62614
G0 F12000 X89.46 Y65.135
G1 F2400 X99.54 Y75.216 E968.57445
G0 F12000 X99.54 Y74.65
G1 F2400 X89.46 Y64.569 E969.52276
G0 F12000 X89.46 Y64.004
G1 F2400 X99.54 Y74.084 E970.47103
G0 F12000 X99.54 Y73.519
G1 F2400 X89.46 Y63.438 E971.41934
G0 F12000 X89.46 Y62.872
G1 F2400 X99.54 Y72.953 E972.36765
G0 F12000 X99.54 Y72.387
G1 F2400 X89.46 Y62.307 E973.31591
G0 F12000 X89.46 Y61.741
G1 F2400 X99.54 Y71.822 E974.26423
G0 F12000 X99.54 Y71.256
G1 F2400 X89.46 Y61.175 E975.21254
G0 F12000 X89.46 Y60.61
G1 F2400 X99.54 Y70.69 E976.1608
G0 F12000 X99.54 Y70.124
G1 F2400 X89.46 Y60.044 E977.10907
G0 F12000 X89.46 Y59.478
G1 F2400 X99.54 Y69.559 E978.05738
G0 F12000 X99.54 Y68.993
G1 F2400 X89.46 Y58.913 E979.00564
G0 F12000 X89.46 Y58.347
G1 F2400 X99.54 Y68.427 E979.95391
G0 F12000 X99.54 Y67.862
G1 F2400 X89.46 Y57.781 E980.90222
G0 F12000 X89.46 Y57.216
G1 F2400 X99.54 Y67.296 E981.85048
G0 F12000 X99.54 Y66.73
G1 F2400 X89.46 Y56.65 E982.79875
G0 F12000 X89.46 Y56.084
G1 F2400 X99.54 Y66.165 E983.74706
G0 F12000 X99.54 Y65.599
G1 F2400 X89.46 Y55.518 E984.69537
G0 F12000 X89.46 Y54.953
G1 F2400 X99.54 Y65.033 E985.64364
G0 F12000 X99.54 Y64.468
G1 F2400 X89.46 Y54.387 E986.59195
G0 F12000 X89.46 Y53.821
G1 F2400 X99.54 Y63.902 E987.54026
G0 F12000 X99.54 Y63.336
G1 F2400 X89.46 Y53.256 E988.48852
G0 F12000 X89.46 Y52.69
G1 F2400 X99.54 Y62.771 E989.43683
G0 F12000 X99.54 Y62.205
G1 F2400 X89.46 Y52.124 E990.38515
G0 F12000 X89.46 Y51.559
G1 F2400 X99.54 Y61.639 E991.33341
G0 F12000 X99.54 Y61.074
G1 F2400 X89.46 Y50.993 E992.28172
G0 F12000 X89.46 Y50.427
G1 F2400 X99.54 Y60.508 E993.23003
G0 F12000 X99.54 Y59.942
G1 F2400 X89.46 Y49.862 E994.1783
G0 F12000 X89.46 Y49.296
G1 F2400 X99.54 Y59.376 E995.12656
G0 F12000 X99.54 Y58.811
G1 F2400 X89.46 Y48.73 E996.07488
G0 F12000 X89.46 Y48.165
G1 F2400 X99.54 Y58.245 E997.02314
G0 F12000 X99.54 Y57.679
G1 F2400 X89.46 Y47.599 E997.9714
G0 F12000 X89.46 Y47.033
G1 F2400 X99.54 Y57.114 E998.91972
G0 F12000 X99.54 Y56.548
G1 F2400 X89.46 Y46.468 E999.86798
G0 F12000 X89.46 Y45.902
G1 F2400 X99.54 Y55.982 E1000.81625
G0 F12000 X99.54 Y55.417
G1 F2400 X89.46 Y45.336 E1001.76456
G0 F12000 X89.46 Y44.77
G1 F2400 X99.54 Y54.851 E1002.71287
G0 F12000 X99.54 Y54.285
G1 F2400 X89.46 Y44.205 E1003.66113
G0 F12000 X89.46 Y43.639
G1 F2400 X99.54 Y53.72 E1004.60944
G0 F12000 X99.54 Y53.154
G1 F2400 X89.46 Y43.073 E1005.55776
G0 F12000 X89.46 Y42.508
G1 F2400 X99.54 Y52.588 E1006.50602
G0 F12000 X99.54 Y52.023
G1 F2400 X89.56 Y42.042 E1007.44493
G0 F12000 X89.843 Y41.76
G1 F2400 X99.54 Y51.457 E1008.35716
G0 F12000 X99.54 Y50.891
G1 F2400 X90.126 Y41.477 E1009.24277
G0 F12000 X90.409 Y41.194
G1 F2400 X99.54 Y50.325 E1010.10176
G0 F12000 X99.54 Y49.76
G1 F2400 X90.691 Y40.911 E1010.93422
G0 F12000 X90.974 Y40.628
G1 F2400 X99.54 Y49.194 E1011.74006
G0 F12000 X99.54 Y48.628
G1 F2400 X91.257 Y40.345 E1012.51927
G0 F12000 X91.54 Y40.063
G1 F2400 X99.54 Y48.063 E1013.27186
G0 F12000 X99.54 Y47.497
G1 F2400 X91.823 Y39.78 E1013.99783
G0 F12000 X92.106 Y39.497
G1 F2400 X99.54 Y46.931 E1014.69717
G0 F12000 X99.54 Y46.366
G1 F2400 X92.467 Y39.293 E1015.36256
G0 F12000 X93.033 Y39.293
G1 F2400 X99.54 Y45.8 E1015.9747
G0 F12000 X99.54 Y45.234
G1 F2400 X93.598 Y39.293 E1016.53364
G0 F12000 X94.164 Y39.293
G1 F2400 X99.54 Y44.669 E1017.03938
G0 F12000 X99.54 Y44.103
G1 F2400 X94.73 Y39.293 E1017.49187
G0 F12000 X95.295 Y39.293
G1 F2400 X99.54 Y43.537 E1017.89117
G0 F12000 X99.54 Y42.972
G1 F2400 X95.861 Y39.293 E1018.23727
G0 F12000 X96.427 Y39.293
G1 F2400 X99.54 Y42.406 E1018.53012
G0 F12000 X100.29 Y42.406
G1 F2700 E1013.53012
;MESH:bump_plate.obj
G0 F12000 X101.072 Y144.156
G0 X103.428 Y144.156
G0 X107.648 Y146.768
G0 X110 Y146.932
;TYPE:WALL-INNER
G1 F2700 E1018.53012
G1 F2400 X112.416 Y146.932 E1018.69083
G1 X115.6 Y143.751 E1018.99022
G1 X115.6 Y41.913 E1025.76451
G1 X112.416 Y38.732 E1026.0639
G1 X107.58 Y38.732 E1026.3856
G1 X104.4 Y41.912 E1026.68475
G1 X104.4 Y143.752 E1033.45918
G1 X107.58 Y146.932 E1033.75833
G1 X110 Y146.932 E1033.91931
G0 F12000 X110 Y147.332
G1 F2400 X112.582 Y147.332 E1034.09106
G1 X116 Y143.917 E1034.41247
G1 X116 Y41.747 E1041.20884
G1 X112.582 Y38.332 E1041.53025
G1 X107.415 Y38.332 E1041.87396
G1 X104 Y41.747 E1042.19522
G1 X104 Y143.917 E1048.9916
G1 X107.415 Y147.332 E1049.31286
G1 X110 Y147.332 E1049.48481
G0 F12000 X110 Y147.732
G1 F2400 X112.747 Y147.732 E1049.66754
G1 X116.4 Y144.083 E1050.01101
G1 X116.4 Y41.581 E1056.82947
G1 X112.747 Y37.932 E1057.17293
G1 X107.249 Y37.932 E1057.53866
G1 X103.6 Y41.581 E1057.88194
G1 X103.6 Y144.083 E1064.7004
G1 X107.249 Y147.732 E1065.04367
G1 X110 Y147.732 E1065.22667
G0 F12000 X110 Y148.132
;TYPE:WALL-OUTER
G1 F2400 X112.913 Y148.132 E1065.42044
G1 X116.8 Y144.249 E1065.78592
G1 X116.8 Y41.415 E1072.62647
G1 X112.913 Y37.532 E1072.99194
G1 X107.083 Y37.532 E1073.37976
G1 X103.2 Y41.415 E1073.74504
G1 X103.2 Y144.249 E1080.58559
G1 X107.083 Y148.132 E1080.95088
G1 X110 Y148.132 E1081.14492
G0 F12000 X110 Y147.423
G0 X110 Y146.832
G0 X110 Y146.572
;TYPE:SKIN
G1 F2400 X107.727 Y146.572 E1081.29612
G1 X104.76 Y143.601 E1081.57542
G1 X104.76 Y42.059 E1088.33003
G1 X107.727 Y39.092 E1088.60914
G1 X112.265 Y39.092 E1088.91101
G1 X115.24 Y42.063 E1089.19069
G1 X115.24 Y143.601 E1095.94503
G1 X112.265 Y146.572 E1096.22471
G1 X110 Y146.572 E1096.37538
G0 F12000 X110 Y146.832
G0 X107.648 Y146.768
G0 X104.564 Y143.684
G0 X104.5 Y143.426
G0 X104.959 Y143.426
G1 F2400 X107.905 Y146.372 E1096.65252
G0 F12000 X108.471 Y146.372
G1 F2400 X104.959 Y142.86 E1096.98291
G0 F12000 X104.959 Y142.295
G1 F2400 X109.037 Y146.372 E1097.36649
G0 F12000 X109.602 Y146.372
G1 F2400 X104.959 Y141.729 E1097.80328
G0 F12000 X104.959 Y141.163
G1 F2400 X110.168 Y146.372 E1098.29331
G0 F12000 X110.734 Y146.372
G1 F2400 X104.959 Y140.598 E1098.83654
G0 F12000 X104.959 Y140.032
G1 F2400 X111.299 Y146.372 E1099.43297
G0 F12000 X111.865 Y146.372
G1 F2400 X104.959 Y139.466 E1100.08264
G0 F12000 X104.959 Y138.901
G1 F2400 X112.306 Y146.247 E1100.77376
G0 F12000 X112.589 Y145.965
G1 F2400 X104.959 Y138.335 E1101.49154
G0 F12000 X104.959 Y137.769
G1 F2400 X112.872 Y145.682 E1102.23595
G0 F12000 X113.155 Y145.4
G1 F2400 X104.959 Y137.203 E1103.00702
G0 F12000 X104.959 Y136.638
G1 F2400 X113.438 Y145.117 E1103.80467
G0 F12000 X113.721 Y144.834
G1 F2400 X104.959 Y136.072 E1104.62895
G0 F12000 X104.959 Y135.506
G1 F2400 X114.004 Y144.551 E1105.47985
G0 F12000 X114.288 Y144.269
G1 F2400 X104.959 Y134.941 E1106.35742
G0 F12000 X104.959 Y134.375
G1 F2400 X114.57 Y143.986 E1107.26156
G0 F12000 X114.853 Y143.703
G1 F2400 X104.959 Y133.809 E1108.19233
G0 F12000 X104.959 Y133.244
G1 F2400 X115.04 Y143.324 E1109.14064
G0 F12000 X115.04 Y142.758
G1 F2400 X104.959 Y132.678 E1110.08895
G0 F12000 X104.959 Y132.112
G1 F2400 X115.04 Y142.193 E1111.03731
G0 F12000 X115.04 Y141.627
G1 F2400 X104.959 Y131.547 E1111.98562
G0 F12000 X104.959 Y130.981
G1 F2400 X115.04 Y141.061 E1112.93393
G0 F12000 X115.04 Y140.496
G1 F2400 X104.959 Y130.415 E1113.88229
G0 F12000 X104.959 Y129.85
G1 F2400 X115.04 Y139.93 E1114.8306
G0 F12000 X115.04 Y139.364
G1 F2400 X104.959 Y129.284 E1115.77891
G0 F12000 X104.959 Y128.718
G1 F2400 X115.04 Y138.799 E1116.72727
G0 F12000 X115.04 Y138.233
G1 F2400 X104.959 Y128.152 E1117.67563
G0 F12000 X104.959 Y127.587
G1 F2400 X115.04 Y137.667 E1118.62394
G0 F12000 X115.04 Y137.102
G1 F2400 X104.959 Y127.021 E1119.5723
G0 F12000 X104.959 Y126.455
G1 F2400 X115.04 Y136.536 E1120.52066
G0 F12000 X115.04 Y135.97
G1 F2400 X104.959 Y125.89 E1121.46897
G0 F12000 X104.959 Y125.324
G1 F2400 X115.04 Y135.405 E1122.41733
G0 F12000 X115.04 Y134.839
G1 F2400 X104.959 Y124.758 E1123.36569
G0 F12000 X104.959 Y124.193
G1 F2400 X115.04 Y134.273 E1124.314
G0 F12000 X115.04 Y133.708
G1 F2400 X104.959 Y123.627 E1125.26236
G0 F12000 X104.959 Y123.061
G1 F2400 X115.04 Y133.142 E1126.21072
G0 F12000 X115.04 Y132.576
G1 F2400 X104.959 Y122.496 E1127.15903
G0 F12000 X104.959 Y121.93
G1 F2400 X115.04 Y132.01 E1128.10734
G0 F12000 X115.04 Y131.445
G1 F2400 X104.959 Y121.364 E1129.0557
G0 F12000 X104.959 Y120.799
G1 F2400 X115.04 Y130.879 E1130.00401
G0 F12000 X115.04 Y130.313
G1 F2400 X104.959 Y120.233 E1130.95232
G0 F12000 X104.959 Y119.667
G1 F2400 X115.04 Y129.748 E1131.90068
G0 F12000 X115.04 Y129.182
G1 F2400 X104.959 Y119.102 E1132.84899
G0 F12000 X104.959 Y118.536
G1 F2400 X115.04 Y128.616 E1133.79731
G0 F12000 X115.04 Y128.051
G1 F2400 X104.959 Y117.97 E1134.74566
G0 F12000 X104.959 Y117.404
G1 F2400 X115.04 Y127.485 E1135.69402
G0 F12000 X115.04 Y126.919
G1 F2400 X104.959 Y116.839 E1136.64233
G0 F12000 X104.959 Y116.273
G1 F2400 X115.04 Y126.354 E1137.59069
G0 F12000 X115.04 Y125.788
G1 F2400 X104.959 Y115.707 E1138.53905
G0 F12000 X104.959 Y115.142
G1 F2400 X115.04 Y125.222 E1139.48736
G0 F12000 X115.04 Y124.657
G1 F2400 X104.959 Y114.576 E1140.43572
G0 F12000 X104.959 Y114.01
G1 F2400 X115.04 Y124.091 E1141.38408
G0 F12000 X115.04 Y123.525
G1 F2400 X104.959 Y113.445 E1142.33239
G0 F12000 X104.959 Y112.879
G1 F2400 X115.04 Y122.96 E1143.28075
G0 F12000 X115.04 Y122.394
G1 F2400 X104.959 Y112.313 E1144.22911
G0 F12000 X104.959 Y111.748
G1 F2400 X115.04 Y121.828 E1145.17742
G0 F12000 X115.04 Y121.262
G1 F2400 X104.959 Y111.182 E1146.12573
G0 F12000 X104.959 Y110.616
G1 F2400 X115.04 Y120.697 E1147.07409
G0 F12000 X115.04 Y120.131
G1 F2400 X104.959 Y110.051 E1148.0224
G0 F12000 X104.959 Y109.485
G1 F2400 X115.04 Y119.565 E1148.97071
G0 F12000 X115.04 Y119
G1 F2400 X104.959 Y108.919 E1149.91907
G0 F12000 X104.959 Y108.354
G1 F2400 X115.04 Y118.434 E1150.86739
G0 F12000 X115.04 Y117.868
G1 F2400 X104.959 Y107.788 E1151.8157
G0 F12000 X104.959 Y107.222
G1 F2400 X115.04 Y117.303 E1152.76406
G0 F12000 X115.04 Y116.737
G1 F2400 X104.959 Y106.656 E1153.71241
G0 F12000 X104.959 Y106.091
G1 F2400 X115.04 Y116.171 E1154.66073
G0 F12000 X115.04 Y115.606
G1 F2400 X104.959 Y105.525 E1155.60908
G0 F12000 X104.959 Y104.959
G1 F2400 X115.04 Y115.04 E1156.55744
G0 F12000 X115.04 Y114.474
G1 F2400 X104.959 Y104.394 E1157.50575
G0 F12000 X104.959 Y103.828
G1 F2400 X115.04 Y113.909 E1158.45411
G0 F12000 X115.04 Y113.343
G1 F2400 X104.959 Y103.262 E1159.40247
G0 F12000 X104.959 Y102.697
G1 F2400 X115.04 Y112.777 E1160.35078
G0 F12000 X115.04 Y112.211
G1 F2400 X104.959 Y102.131 E1161.2991
G0 F12000 X104.959 Y101.565
G1 F2400 X115.04 Y111.646 E1162.24745
G0 F12000 X115.04 Y111.08
G1 F2400 X104.959 Y101 E1163.19577
G0 F12000 X104.959 Y100.434
G1 F2400 X115.04 Y110.514 E1164.14408
G0 F12000 X115.04 Y109.949
G1 F2400 X104.959 Y99.868 E1165.09244
G0 F12000 X104.959 Y99.303
G1 F2400 X115.04 Y109.383 E1166.04075
G0 F12000 X115.04 Y108.817
G1 F2400 X104.959 Y98.737 E1166.98906
G0 F12000 X104.959 Y98.171
G1 F2400 X115.04 Y108.252 E1167.93742
G0 F12000 X115.04 Y107.686
G1 F2400 X104.959 Y97.605 E1168.88578
G0 F12000 X104.959 Y97.04
G1 F2400 X115.04 Y107.12 E1169.83409
G0 F12000 X115.04 Y106.555
G1 F2400 X104.959 Y96.474 E1170.78245
G0 F12000 X104.959 Y95.908
G1 F2400 X115.04 Y105.989 E1171.73081
G0 F12000 X115.04 Y105.423
G1 F2400 X104.959 Y95.343 E1172.67912
G0 F12000 X104.959 Y94.777
G1 F2400 X115.04 Y104.858 E1173.62748
G0 F12000 X115.04 Y104.292
G1 F2400 X104.959 Y94.211 E1174.57583
G0 F12000 X104.959 Y93.646
G1 F2400 X115.04 Y103.726 E1175.52415
G0 F12000 X115.04 Y103.161
G1 F2400 X104.959 Y93.08 E1176.4725
G0 F12000 X104.959 Y92.514
G1 F2400 X115.04 Y102.595 E1177.42086
G0 F12000 X115.04 Y102.029
G1 F2400 X104.959 Y91.949 E1178.36917
G0 F12000 X104.959 Y91.383
G1 F2400 X115.04 Y101.463 E1179.31749
G0 F12000 X115.04 Y100.898
G1 F2400 X104.959 Y90.817 E1180.26585
G0 F12000 X104.959 Y90.252
G1 F2400 X115.04 Y100.332 E1181.21416
G0 F12000 X115.04 Y99.766
G1 F2400 X104.959 Y89.686 E1182.16247
G0 F12000 X104.959 Y89.12
G1 F2400 X115.04 Y99.201 E1183.11083
G0 F12000 X115.04 Y98.635
G1 F2400 X104.959 Y88.555 E1184.05914
G0 F12000 X104.959 Y87.989
G1 F2400 X115.04 Y98.069 E1185.00745
G0 F12000 X115.04 Y97.504
G1 F2400 X104.959 Y87.423 E1185.95581
G0 F12000 X104.959 Y86.857
G1 F2400 X115.04 Y96.938 E1186.90417
G0 F12000 X115.04 Y96.372
G1 F2400 X104.959 Y86.292 E1187.85248
G0 F12000 X104.959 Y85.726
G1 F2400 X115.04 Y95.807 E1188.80084
G0 F12000 X115.04 Y95.241
G1 F2400 X104.959 Y85.16 E1189.7492
G0 F12000 X104.959 Y84.595
G1 F2400 X115.04 Y94.675 E1190.69751
G0 F12000 X115.04 Y94.11
G1 F2400 X104.959 Y84.029 E1191.64587
G0 F12000 X104.959 Y83.463
G1 F2400 X115.04 Y93.544 E1192.59423
G0 F12000 X115.04 Y92.978
G1 F2400 X104.959 Y82.898 E1193.54254
G0 F12000 X104.959 Y82.332
G1 F2400 X115.04 Y92.412 E1194.49085
G0 F12000 X115.04 Y91.847
G1 F2400 X104.959 Y81.766 E1195.43921
G0 F12000 X104.959 Y81.201
G1 F2400 X115.04 Y91.281 E1196.38752
G0 F12000 X115.04 Y90.715
G1 F2400 X104.959 Y80.635 E1197.33583
G0 F12000 X104.959 Y80.069
G1 F2400 X115.04 Y90.15 E1198.28419
G0 F12000 X115.04 Y89.584
G1 F2400 X104.959 Y79.504 E1199.2325
G0 F12000 X104.959 Y78.938
G1 F2400 X115.04 Y89.018 E1200.18081
G0 F12000 X115.04 Y88.453
G1 F2400 X104.959 Y78.372 E1201.12917
G0 F12000 X104.959 Y77.806
G1 F2400 X115.04 Y87.887 E1202.07753
G0 F12000 X115.04 Y87.321
G1 F2400 X104.959 Y77.241 E1203.02584
G0 F12000 X104.959 Y76.675
G1 F2400 X115.04 Y86.756 E1203.9742
G0 F12000 X115.04 Y86.19
G1 F2400 X104.959 Y76.109 E1204.92256
G0 F12000 X104.959 Y75.544
G1 F2400 X115.04 Y85.624 E1205.87087
G0 F12000 X115.04 Y85.059
G1 F2400 X104.959 Y74.978 E1206.81923
G0 F12000 X104.959 Y74.412
G1 F2400 X115.04 Y84.493 E1207.76759
G0 F12000 X115.04 Y83.927
G1 F2400 X104.959 Y73.847 E1208.7159
G0 F12000 X104.959 Y73.281
G1 F2400 X115.04 Y83.362 E1209.66426
G0 F12000 X115.04 Y82.796
G1 F2400 X104.959 Y72.715 E1210.61262
G0 F12000 X104.959 Y72.15
G1 F2400 X115.04 Y82.23 E1211.56093
G0 F12000 X115.04 Y81.664
G1 F2400 X104.959 Y71.584 E1212.50924
G0 F12000 X104.959 Y71.018
G1 F2400 X115.04 Y81.099 E1213.4576
G0 F12000 X115.04 Y80.533
G1 F2400 X104.959 Y70.453 E1214.40591
G0 F12000 X104.959 Y69.887
G1 F2400 X115.04 Y79.967 E1215.35422
G0 F12000 X115.04 Y79.402
G1 F2400 X104.959 Y69.321 E1216.30258
G0 F12000 X104.959 Y68.756
G1 F2400 X115.04 Y78.836 E1217.25089
G0 F12000 X115.04 Y78.27
G1 F2400 X104.959 Y68.19 E1218.1992
G0 F12000 X104.959 Y67.624
G1 F2400 X115.04 Y77.705 E1219.14756
G0 F12000 X115.04 Y77.139
G1 F2400 X104.959 Y67.058 E1220.09592
G0 F12000 X104.959 Y66.493
G1 F2400 X115.04 Y76.573 E1221.04423
G0 F12000 X115.04 Y76.008
G1 F2400 X104.959 Y65.927 E1221.99259
G0 F12000 X104.959 Y65.361
G1 F2400 X115.04 Y75.442 E1222.94095
G0 F12000 X115.04 Y74.876
G1 F2400 X104.959 Y64.796 E1223.88926
G0 F12000 X104.959 Y64.23
G1 F2400 X115.04 Y74.311 E1224.83762
G0 F12000 X115.04 Y73.745
G1 F2400 X104.959 Y63.664 E1225.78598
G0 F12000 X104.959 Y63.099
G1 F2400 X115.04 Y73.179 E1226.73429
G0 F12000 X115.04 Y72.614
G1 F2400 X104.959 Y62.533 E1227.68265
G0 F12000 X104.959 Y61.967
G1 F2400 X115.04 Y72.048 E1228.63101
G0 F12000 X115.04 Y71.482
G1 F2400 X104.959 Y61.402 E1229.57932
G0 F12000 X104.959 Y60.836
G1 F2400 X115.04 Y70.916 E1230.52763
G0 F12000 X115.04 Y70.351
G1 F2400 X104.959 Y60.27 E1231.47599
G0 F12000 X104.959 Y59.705
G1 F2400 X115.04 Y69.785 E1232.4243
G0 F12000 X115.04 Y69.219
G1 F2400 X104.959 Y59.139 E1233.37261
G0 F12000 X104.959 Y58.573
G1 F2400 X115.04 Y68.654 E1234.32097
G0 F12000 X115.04 Y68.088
G1 F2400 X104.959 Y58.008 E1235.26928
G0 F12000 X104.959 Y57.442
G1 F2400 X115.04 Y67.522 E1236.2176
G0 F12000 X115.04 Y66.957
G1 F2400 X104.959 Y56.876 E1237.16595
G0 F12000 X104.959 Y56.31
G1 F2400 X115.04 Y66.391 E1238.11431
G0 F12000 X115.04 Y65.825
G1 F2400 X104.959 Y55.745 E1239.06262
G0 F12000 X104.959 Y55.179
G1 F2400 X115.04 Y65.26 E1240.01098
G0 F12000 X115.04 Y64.694
G1 F2400 X104.959 Y54.613 E1240.95934
G0 F12000 X104.959 Y54.048
G1 F2400 X115.04 Y64.128 E1241.90765
G0 F12000 X115.04 Y63.563
G1 F2400 X104.959 Y53.482 E1242.85601
G0 F12000 X104.959 Y52.916
G1 F2400 X115.04 Y62.997 E1243.80437
G0 F12000 X115.04 Y62.431
G1 F2400 X104.959 Y52.351 E1244.75268
G0 F12000 X104.959 Y51.785
G1 F2400 X115.04 Y61.865 E1245.70099
G0 F12000 X115.04 Y61.3
G1 F2400 X104.959 Y51.219 E1246.64935
G0 F12000 X104.959 Y50.654
G1 F2400 X115.04 Y60.734 E1247.59766
G0 F12000 X115.04 Y60.168
G1 F2400 X104.959 Y50.088 E1248.54598
G0 F12000 X104.959 Y49.522
G1 F2400 X115.04 Y59.603 E1249.49433
G0 F12000 X115.04 Y59.037
G1 F2400 X104.959 Y48.957 E1250.44265
G0 F12000 X104.959 Y48.391
G1 F2400 X115.04 Y58.471 E1251.39096
G0 F12000 X115.04 Y57.906
G1 F2400 X104.959 Y47.825 E1252.33932
G0 F12000 X104.959 Y47.259
G1 F2400 X115.04 Y57.34 E1253.28767
G0 F12000 X115.04 Y56.774
G1 F2400 X104.959 Y46.694 E1254.23599
G0 F12000 X104.959 Y46.128
G1 F2400 X115.04 Y56.209 E1255.18435
G0 F12000 X115.04 Y55.643
G1 F2400 X104.959 Y45.562 E1256.1327
G0 F12000 X104.959 Y44.997
G1 F2400 X115.04 Y55.077 E1257.08102
G0 F12000 X115.04 Y54.512
G1 F2400 X104.959 Y44.431 E1258.02937
G0 F12000 X104.959 Y43.865
G1 F2400 X115.04 Y53.946 E1258.97773
G0 F12000 X115.04 Y53.38
G1 F2400 X104.959 Y43.3 E1259.92604
G0 F12000 X104.959 Y42.734
G1 F2400 X115.04 Y52.815 E1260.8744
G0 F12000 X115.04 Y52.249
G1 F2400 X104.959 Y42.168 E1261.82276
G0 F12000 X105.23 Y41.873
G1 F2400 X115.04 Y51.683 E1262.74563
G0 F12000 X115.04 Y51.117
G1 F2400 X105.512 Y41.59 E1263.64192
G0 F12000 X105.795 Y41.307
G1 F2400 X115.04 Y50.552 E1264.51163
G0 F12000 X115.04 Y49.986
G1 F2400 X106.078 Y41.024 E1265.35472
G0 F12000 X106.361 Y40.741
G1 F2400 X115.04 Y49.42 E1266.17119
G0 F12000 X115.04 Y48.855
G1 F2400 X106.644 Y40.459 E1266.96103
G0 F12000 X106.927 Y40.176
G1 F2400 X115.04 Y48.289 E1267.72425
G0 F12000 X115.04 Y47.723
G1 F2400 X107.209 Y39.893 E1268.4609
G0 F12000 X107.492 Y39.61
G1 F2400 X115.04 Y47.158 E1269.17097
G0 F12000 X115.04 Y46.592
G1 F2400 X107.775 Y39.327 E1269.85441
G0 F12000 X108.305 Y39.292
G1 F2400 X115.04 Y46.026 E1270.48795
G0 F12000 X115.04 Y45.461
G1 F2400 X108.871 Y39.292 E1271.06829
G0 F12000 X109.437 Y39.292
G1 F2400 X115.04 Y44.895 E1271.59539
G0 F12000 X115.04 Y44.329
G1 F2400 X110.002 Y39.292 E1272.06929
G0 F12000 X110.568 Y39.292
G1 F2400 X115.04 Y43.764 E1272.48999
G0 F12000 X115.04 Y43.198
G1 F2400 X111.134 Y39.292 E1272.85744
G0 F12000 X111.7 Y39.292
G1 F2400 X115.04 Y42.632 E1273.17165
G0 F12000 X115.79 Y42.632
G1 F2700 E1268.17165
;MESH:NONMESH
G0 F300 Z1.4
G0 F12000 X115.436 Y41.981
G0 X112.348 Y38.896
G0 X107.648 Y38.896
G0 X104.564 Y41.98
G0 X103.43 Y138.777
G0 X101.07 Y138.777
G0 X100.1 Y138.777
;TIME_ELAPSED:1385.693697
;LAYER:3
M106 S127.5
;TYPE:WALL-INNER
;MESH:bump_plate.obj(1)
G1 F2700 E1273.17165
G1 F2400 X100.1 Y41.913 E1279.61506
G1 X96.916 Y38.732 E1279.91445
G1 X92.08 Y38.732 E1280.23615
G1 X88.9 Y41.912 E1280.5353
G1 X88.9 Y143.752 E1287.30973
G1 X92.08 Y146.932 E1287.60888
G1 X96.916 Y146.932 E1287.93057
G1 X100.1 Y143.751 E1288.22996
G1 X100.1 Y138.777 E1288.56083
G0 F12000 X100.5 Y142.059
G1 F2400 X100.5 Y41.747 E1295.23362
G1 X97.082 Y38.332 E1295.55502
G1 X91.915 Y38.332 E1295.89873
G1 X88.5 Y41.747 E1296.21999
G1 X88.5 Y143.917 E1303.01637
G1 X91.915 Y147.332 E1303.33763
G1 X97.082 Y147.332 E1303.68134
G1 X100.5 Y143.917 E1304.00274
G1 X100.5 Y142.059 E1304.12634
G0 F12000 X100.545 Y144.002
G0 X100.763 Y144.22
G1 F2400 X100.9 Y144.083 E1304.13923
G1 X100.9 Y41.581 E1310.95769
G1 X97.247 Y37.932 E1311.30115
G1 X91.749 Y37.932 E1311.66688
G1 X88.1 Y41.581 E1312.01016
G1 X88.1 Y144.083 E1318.82862
G1 X91.749 Y147.732 E1319.17189
G1 X97.247 Y147.732 E1319.53762
G1 X100.763 Y144.22 E1319.8682
G0 F12000 X100.825 Y144.724
;TYPE:WALL-OUTER
G1 F2400 X101.3 Y144.249 E1319.91288
G1 X101.3 Y41.415 E1326.75343
G1 X97.413 Y37.532 E1327.1189
G1 X91.583 Y37.532 E1327.50672
G1 X87.7 Y41.415 E1327.87201
G1 X87.7 Y144.249 E1334.71255
G1 X91.583 Y148.132 E1335.07784
G1 X97.413 Y148.132 E1335.46565
G1 X100.825 Y144.724 E1335.78644
G0 F12000 X100.324 Y144.223
G0 X100 Y135.824
G0 X99.74 Y135.824
;TYPE:SKIN
G1 F2400 X99.74 Y143.601 E1336.30377
G1 X96.765 Y146.572 E1336.58345
G1 X92.227 Y146.572 E1336.88532
G1 X89.26 Y143.601 E1337.16463
G1 X89.26 Y42.059 E1343.91923
G1 X92.227 Y39.092 E1344.19835
G1 X96.765 Y39.092 E1344.50022
G1 X99.74 Y42.063 E1344.7799
G1 X99.74 Y135.824 E1351.0169
G0 F12000 X100 Y135.824
G0 X100 Y143.139
G0 X99.54 Y143.139
G1 F2400 X96.307 Y146.373 E1351.32109
G0 F12000 X95.741 Y146.373
G1 F2400 X99.54 Y142.573 E1351.67853
G0 F12000 X99.54 Y142.008
G1 F2400 X95.175 Y146.373 E1352.08916
G0 F12000 X94.609 Y146.373
G1 F2400 X99.54 Y141.442 E1352.55304
G0 F12000 X99.54 Y140.876
G1 F2400 X94.044 Y146.373 E1353.07011
G0 F12000 X93.478 Y146.373
G1 F2400 X99.54 Y140.31 E1353.64044
G0 F12000 X99.54 Y139.745
G1 F2400 X92.912 Y146.373 E1354.26396
G0 F12000 X92.347 Y146.373
G1 F2400 X99.54 Y139.179 E1354.94068
G0 F12000 X99.54 Y138.613
G1 F2400 X92.046 Y146.107 E1355.64567
G0 F12000 X91.763 Y145.825
G1 F2400 X99.54 Y138.048 E1356.37728
G0 F12000 X99.54 Y137.482
G1 F2400 X91.481 Y145.542 E1357.13547
G0 F12000 X91.198 Y145.258
G1 F2400 X99.54 Y136.916 E1357.92023
G0 F12000 X99.54 Y136.351
G1 F2400 X90.916 Y144.975 E1358.73153
G0 F12000 X90.633 Y144.692
G1 F2400 X99.54 Y135.785 E1359.56944
G0 F12000 X99.54 Y135.219
G1 F2400 X90.351 Y144.409 E1360.43393
G0 F12000 X90.068 Y144.126
G1 F2400 X99.54 Y134.654 E1361.325
G0 F12000 X99.54 Y134.088
G1 F2400 X89.785 Y143.843 E1362.24269
G0 F12000 X89.502 Y143.56
G1 F2400 X99.54 Y133.522 E1363.18701
G0 F12000 X99.54 Y132.957
G1 F2400 X89.46 Y143.036 E1364.13522
G0 F12000 X89.46 Y142.471
G1 F2400 X99.54 Y132.391 E1365.08349
G0 F12000 X99.54 Y131.825
G1 F2400 X89.46 Y141.905 E1366.03175
G0 F12000 X89.46 Y141.339
G1 F2400 X99.54 Y131.26 E1366.97997
G0 F12000 X99.54 Y130.694
G1 F2400 X89.46 Y140.774 E1367.92823
G0 F12000 X89.46 Y140.208
G1 F2400 X99.54 Y130.128 E1368.8765
G0 F12000 X99.54 Y129.562
G1 F2400 X89.46 Y139.642 E1369.82476
G0 F12000 X89.46 Y139.077
G1 F2400 X99.54 Y128.997 E1370.77303
G0 F12000 X99.54 Y128.431
G1 F2400 X89.46 Y138.511 E1371.72129
G0 F12000 X89.46 Y137.945
G1 F2400 X99.54 Y127.865 E1372.66956
G0 F12000 X99.54 Y127.3
G1 F2400 X89.46 Y137.38 E1373.61782
G0 F12000 X89.46 Y136.814
G1 F2400 X99.54 Y126.734 E1374.56609
G0 F12000 X99.54 Y126.168
G1 F2400 X89.46 Y136.248 E1375.51435
G0 F12000 X89.46 Y135.682
G1 F2400 X99.54 Y125.603 E1376.46257
G0 F12000 X99.54 Y125.037
G1 F2400 X89.46 Y135.117 E1377.41083
G0 F12000 X89.46 Y134.551
G1 F2400 X99.54 Y124.471 E1378.3591
G0 F12000 X99.54 Y123.906
G1 F2400 X89.46 Y133.985 E1379.30732
G0 F12000 X89.46 Y133.42
G1 F2400 X99.54 Y123.34 E1380.25558
G0 F12000 X99.54 Y122.774
G1 F2400 X89.46 Y132.854 E1381.20385
G0 F12000 X89.46 Y132.288
G1 F2400 X99.54 Y122.209 E1382.15206
G0 F12000 X99.54 Y121.643
G1 F2400 X89.46 Y131.723 E1383.10033
G0 F12000 X89.46 Y131.157
G1 F2400 X99.54 Y121.077 E1384.04859
G0 F12000 X99.54 Y120.512
G1 F2400 X89.46 Y130.591 E1384.99681
G0 F12000 X89.46 Y130.026
G1 F2400 X99.54 Y119.946 E1385.94507
G0 F12000 X99.54 Y119.38
G1 F2400 X89.46 Y129.46 E1386.89334
G0 F12000 X89.46 Y128.894
G1 F2400 X99.54 Y118.814 E1387.8416
G0 F12000 X99.54 Y118.249
G1 F2400 X89.46 Y128.329 E1388.78987
G0 F12000 X89.46 Y127.763
G1 F2400 X99.54 Y117.683 E1389.73813
G0 F12000 X99.54 Y117.117
G1 F2400 X89.46 Y127.197 E1390.6864
G0 F12000 X89.46 Y126.632
G1 F2400 X99.54 Y116.552 E1391.63466
G0 F12000 X99.54 Y115.986
G1 F2400 X89.46 Y126.066 E1392.58293
G0 F12000 X89.46 Y125.5
G1 F2400 X99.54 Y115.42 E1393.53119
G0 F12000 X99.54 Y114.855
G1 F2400 X89.46 Y124.934 E1394.47941
G0 F12000 X89.46 Y124.369
G1 F2400 X99.54 Y114.289 E1395.42767
G0 F12000 X99.54 Y113.723
G1 F2400 X89.46 Y123.803 E1396.37594
G0 F12000 X89.46 Y123.237
G1 F2400 X99.54 Y113.158 E1397.32415
G0 F12000 X99.54 Y112.592
G1 F2400 X89.46 Y122.672 E1398.27242
G0 F12000 X89.46 Y122.106
G1 F2400 X99.54 Y112.026 E1399.22068
G0 F12000 X99.54 Y111.461
G1 F2400 X89.46 Y121.54 E1400.1689
G0 F12000 X89.46 Y120.975
G1 F2400 X99.54 Y110.895 E1401.11717
G0 F12000 X99.54 Y110.329
G1 F2400 X89.46 Y120.409 E1402.06543
G0 F12000 X89.46 Y119.843
G1 F2400 X99.54 Y109.763 E1403.0137
G0 F12000 X99.54 Y109.198
G1 F2400 X89.46 Y119.278 E1403.96196
G0 F12000 X89.46 Y118.712
G1 F2400 X99.54 Y108.632 E1404.91022
G0 F12000 X99.54 Y108.066
G1 F2400 X89.46 Y118.146 E1405.85849
G0 F12000 X89.46 Y117.581
G1 F2400 X99.54 Y107.501 E1406.80675
G0 F12000 X99.54 Y106.935
G1 F2400 X89.46 Y117.015 E1407.75502
G0 F12000 X89.46 Y116.449
G1 F2400 X99.54 Y106.369 E1408.70328
G0 F12000 X99.54 Y105.804
G1 F2400 X89.46 Y115.883 E1409.6515
G0 F12000 X89.46 Y115.318
G1 F2400 X99.54 Y105.238 E1410.59977
G0 F12000 X99.54 Y104.672
G1 F2400 X89.46 Y114.752 E1411.54803
G0 F12000 X89.46 Y114.186
G1 F2400 X99.54 Y104.107 E1412.49625
G0 F12000 X99.54 Y103.541
G1 F2400 X89.46 Y113.621 E1413.44451
G0 F12000 X89.46 Y113.055
G1 F2400 X99.54 Y102.975 E1414.39278
G0 F12000 X99.54 Y102.41
G1 F2400 X89.46 Y112.489 E1415.34099
G0 F12000 X89.46 Y111.924
G1 F2400 X99.54 Y101.844 E1416.28926
G0 F12000 X99.54 Y101.278
G1 F2400 X89.46 Y111.358 E1417.23752
G0 F12000 X89.46 Y110.792
G1 F2400 X99.54 Y100.713 E1418.18574
G0 F12000 X99.54 Y100.147
G1 F2400 X89.46 Y110.227 E1419.13401
G0 F12000 X89.46 Y109.661
G1 F2400 X99.54 Y99.581 E1420.08227
G0 F12000 X99.54 Y99.015
G1 F2400 X89.46 Y109.095 E1421.03053
G0 F12000 X89.46 Y108.53
G1 F2400 X99.54 Y98.45 E1421.9788
G0 F12000 X99.54 Y97.884
G1 F2400 X89.46 Y107.964 E1422.92706
G0 F12000 X89.46 Y107.398
G1 F2400 X99.54 Y97.318 E1423.87533
G0 F12000 X99.54 Y96.753
G1 F2400 X89.46 Y106.833 E1424.82359
G0 F12000 X89.46 Y106.267
G1 F2400 X99.54 Y96.187 E1425.77186
G0 F12000 X99.54 Y95.621
G1 F2400 X89.46 Y105.701 E1426.72012
G0 F12000 X89.46 Y105.135
G1 F2400 X99.54 Y95.056 E1427.66834
G0 F12000 X99.54 Y94.49
G1 F2400 X89.46 Y104.57 E1428.6166
G0 F12000 X89.46 Y104.004
G1 F2400 X99.54 Y93.924 E1429.56487
G0 F12000 X99.54 Y93.359
G1 F2400 X89.46 Y103.438 E1430.51309
G0 F12000 X89.46 Y102.873
G1 F2400 X99.54 Y92.793 E1431.46135
G0 F12000 X99.54 Y92.227
G1 F2400 X89.46 Y102.307 E1432.40962
G0 F12000 X89.46 Y101.741
G1 F2400 X99.54 Y91.662 E1433.35783
G0 F12000 X99.54 Y91.096
G1 F2400 X89.46 Y101.176 E1434.3061
G0 F12000 X89.46 Y100.61
G1 F2400 X99.54 Y90.53 E1435.25436
G0 F12000 X99.54 Y89.964
G1 F2400 X89.46 Y100.044 E1436.20263
G0 F12000 X89.46 Y99.479
G1 F2400 X99.54 Y89.399 E1437.15089
G0 F12000 X99.54 Y88.833
G1 F2400 X89.46 Y98.913 E1438.09916
G0 F12000 X89.46 Y98.347
G1 F2400 X99.54 Y88.267 E1439.04742
G0 F12000 X99.54 Y87.702
G1 F2400 X89.46 Y97.782 E1439.99569
G0 F12000 X89.46 Y97.216
G1 F2400 X99.54 Y87.136 E1440.94395
G0 F12000 X99.54 Y86.57
G1 F2400 X89.46 Y96.65 E1441.89221
G0 F12000 X89.46 Y96.084
G1 F2400 X99.54 Y86.005 E1442.84043
G0 F12000 X99.54 Y85.439
G1 F2400 X89.46 Y95.519 E1443.7887
G0 F12000 X89.46 Y94.953
G1 F2400 X99.54 Y84.873 E1444.73696
G0 F12000 X99.54 Y84.308
G1 F2400 X89.46 Y94.387 E1445.68518
G0 F12000 X89.46 Y93.822
G1 F2400 X99.54 Y83.742 E1446.63344
G0 F12000 X99.54 Y83.176
G1 F2400 X89.46 Y93.256 E1447.58171
G0 F12000 X89.46 Y92.69
G1 F2400 X99.54 Y82.611 E1448.52993
G0 F12000 X99.54 Y82.045
G1 F2400 X89.46 Y92.125 E1449.47819
G0 F12000 X89.46 Y91.559
G1 F2400 X99.54 Y81.479 E1450.42645
G0 F12000 X99.54 Y80.914
G1 F2400 X89.46 Y90.993 E1451.37467
G0 F12000 X89.46 Y90.428
G1 F2400 X99.54 Y80.348 E1452.32294
G0 F12000 X99.54 Y79.782
G1 F2400 X89.46 Y89.862 E1453.2712
G0 F12000 X89.46 Y89.296
G1 F2400 X99.54 Y79.216 E1454.21947
G0 F12000 X99.54 Y78.651
G1 F2400 X89.46 Y88.731 E1455.16773
G0 F12000 X89.46 Y88.165
G1 F2400 X99.54 Y78.085 E1456.116
G0 F12000 X99.54 Y77.519
G1 F2400 X89.46 Y87.599 E1457.06426
G0 F12000 X89.46 Y87.034
G1 F2400 X99.54 Y76.954 E1458.01252
G0 F12000 X99.54 Y76.388
G1 F2400 X89.46 Y86.468 E1458.96079
G0 F12000 X89.46 Y85.902
G1 F2400 X99.54 Y75.822 E1459.90905
G0 F12000 X99.54 Y75.257
G1 F2400 X89.46 Y85.336 E1460.85727
G0 F12000 X89.46 Y84.771
G1 F2400 X99.54 Y74.691 E1461.80554
G0 F12000 X99.54 Y74.125
G1 F2400 X89.46 Y84.205 E1462.7538
G0 F12000 X89.46 Y83.639
G1 F2400 X99.54 Y73.56 E1463.70202
G0 F12000 X99.54 Y72.994
G1 F2400 X89.46 Y83.074 E1464.65028
G0 F12000 X89.46 Y82.508
G1 F2400 X99.54 Y72.428 E1465.59855
G0 F12000 X99.54 Y71.863
G1 F2400 X89.46 Y81.942 E1466.54676
G0 F12000 X89.46 Y81.377
G1 F2400 X99.54 Y71.297 E1467.49503
G0 F12000 X99.54 Y70.731
G1 F2400 X89.46 Y80.811 E1468.44329
G0 F12000 X89.46 Y80.245
G1 F2400 X99.54 Y70.165 E1469.39156
G0 F12000 X99.54 Y69.6
G1 F2400 X89.46 Y79.68 E1470.33982
G0 F12000 X89.46 Y79.114
G1 F2400 X99.54 Y69.034 E1471.28809
G0 F12000 X99.54 Y68.468
G1 F2400 X89.46 Y78.548 E1472.23635
G0 F12000 X89.46 Y77.983
G1 F2400 X99.54 Y67.903 E1473.18462
G0 F12000 X99.54 Y67.337
G1 F2400 X89.46 Y77.417 E1474.13288
G0 F12000 X89.46 Y76.851
G1 F2400 X99.54 Y66.771 E1475.08115
G0 F12000 X99.54 Y66.206
G1 F2400 X89.46 Y76.286 E1476.02941
G0 F12000 X89.46 Y75.72
G1 F2400 X99.54 Y65.64 E1476.97768
G0 F12000 X99.54 Y65.074
G1 F2400 X89.46 Y75.154 E1477.92594
G0 F12000 X89.46 Y74.588
G1 F2400 X99.54 Y64.509 E1478.87416
G0 F12000 X99.54 Y63.943
G1 F2400 X89.46 Y74.023 E1479.82242
G0 F12000 X89.46 Y73.457
G1 F2400 X99.54 Y63.377 E1480.77069
G0 F12000 X99.54 Y62.812
G1 F2400 X89.46 Y72.891 E1481.7189
G0 F12000 X89.46 Y72.326
G1 F2400 X99.54 Y62.246 E1482.66717
G0 F12000 X99.54 Y61.68
G1 F2400 X89.46 Y71.76 E1483.61543
G0 F12000 X89.46 Y71.194
G1 F2400 X99.54 Y61.115 E1484.56365
G0 F12000 X99.54 Y60.549
G1 F2400 X89.46 Y70.629 E1485.51192
G0 F12000 X89.46 Y70.063
G1 F2400 X99.54 Y59.983 E1486.46018
G0 F12000 X99.54 Y59.417
G1 F2400 X89.46 Y69.497 E1487.40844
G0 F12000 X89.46 Y68.932
G1 F2400 X99.54 Y58.852 E1488.35671
G0 F12000 X99.54 Y58.286
G1 F2400 X89.46 Y68.366 E1489.30497
G0 F12000 X89.46 Y67.8
G1 F2400 X99.54 Y57.72 E1490.25324
G0 F12000 X99.54 Y57.155
G1 F2400 X89.46 Y67.235 E1491.2015
G0 F12000 X89.46 Y66.669
G1 F2400 X99.54 Y56.589 E1492.14977
G0 F12000 X99.54 Y56.023
G1 F2400 X89.46 Y66.103 E1493.09803
G0 F12000 X89.46 Y65.537
G1 F2400 X99.54 Y55.458 E1494.04625
G0 F12000 X99.54 Y54.892
G1 F2400 X89.46 Y64.972 E1494.99451
G0 F12000 X89.46 Y64.406
G1 F2400 X99.54 Y54.326 E1495.94278
G0 F12000 X99.54 Y53.761
G1 F2400 X89.46 Y63.84 E1496.891
G0 F12000 X89.46 Y63.275
G1 F2400 X99.54 Y53.195 E1497.83926
G0 F12000 X99.54 Y52.629
G1 F2400 X89.46 Y62.709 E1498.78753
G0 F12000 X89.46 Y62.143
G1 F2400 X99.54 Y52.064 E1499.73574
G0 F12000 X99.54 Y51.498
G1 F2400 X89.46 Y61.578 E1500.68401
G0 F12000 X89.46 Y61.012
G1 F2400 X99.54 Y50.932 E1501.63227
G0 F12000 X99.54 Y50.367
G1 F2400 X89.46 Y60.446 E1502.58049
G0 F12000 X89.46 Y59.881
G1 F2400 X99.54 Y49.801 E1503.52875
G0 F12000 X99.54 Y49.235
G1 F2400 X89.46 Y59.315 E1504.47702
G0 F12000 X89.46 Y58.749
G1 F2400 X99.54 Y48.669 E1505.42528
G0 F12000 X99.54 Y48.104
G1 F2400 X89.46 Y58.184 E1506.37355
G0 F12000 X89.46 Y57.618
G1 F2400 X99.54 Y47.538 E1507.32181
G0 F12000 X99.54 Y46.972
G1 F2400 X89.46 Y57.052 E1508.27008
G0 F12000 X89.46 Y56.487
G1 F2400 X99.54 Y46.407 E1509.21834
G0 F12000 X99.54 Y45.841
G1 F2400 X89.46 Y55.921 E1510.16661
G0 F12000 X89.46 Y55.355
G1 F2400 X99.54 Y45.275 E1511.11487
G0 F12000 X99.54 Y44.71
G1 F2400 X89.46 Y54.789 E1512.06309
G0 F12000 X89.46 Y54.224
G1 F2400 X99.54 Y44.144 E1513.01135
G0 F12000 X99.54 Y43.578
G1 F2400 X89.46 Y53.658 E1513.95962
G0 F12000 X89.46 Y53.092
G1 F2400 X99.54 Y43.013 E1514.90784
G0 F12000 X99.54 Y42.447
G1 F2400 X89.46 Y52.527 E1515.8561
G0 F12000 X89.46 Y51.961
G1 F2400 X99.408 Y42.013 E1516.79195
G0 F12000 X99.125 Y41.731
G1 F2400 X89.46 Y51.395 E1517.70112
G0 F12000 X89.46 Y50.83
G1 F2400 X98.842 Y41.448 E1518.58372
G0 F12000 X98.559 Y41.166
G1 F2400 X89.46 Y50.264 E1519.43966
G0 F12000 X89.46 Y49.698
G1 F2400 X98.276 Y40.883 E1520.26896
G0 F12000 X97.993 Y40.6
G1 F2400 X89.46 Y49.133 E1521.0717
G0 F12000 X89.46 Y48.567
G1 F2400 X97.71 Y40.317 E1521.84781
G0 F12000 X97.427 Y40.035
G1 F2400 X89.46 Y48.001 E1522.59725
G0 F12000 X89.46 Y47.436
G1 F2400 X97.144 Y39.752 E1523.32011
G0 F12000 X96.861 Y39.469
G1 F2400 X89.46 Y46.87 E1524.01635
G0 F12000 X89.46 Y46.304
G1 F2400 X96.473 Y39.292 E1524.67604
G0 F12000 X95.907 Y39.292
G1 F2400 X89.46 Y45.738 E1525.28249
G0 F12000 X89.46 Y45.173
G1 F2400 X95.341 Y39.292 E1525.83574
G0 F12000 X94.776 Y39.292
G1 F2400 X89.46 Y44.607 E1526.33579
G0 F12000 X89.46 Y44.041
G1 F2400 X94.21 Y39.292 E1526.78259
G0 F12000 X93.644 Y39.292
G1 F2400 X89.46 Y43.476 E1527.1762
G0 F12000 X89.46 Y42.91
G1 F2400 X93.079 Y39.292 E1527.5166
G0 F12000 X92.513 Y39.292
G1 F2400 X89.46 Y42.344 E1527.80376
G0 F12000 X88.71 Y42.344
G1 F2700 E1522.80376
;MESH:bump_plate.obj
G0 F12000 X92.148 Y38.896
G0 X96.848 Y38.896
G0 X99.936 Y41.981
G0 X101.072 Y144.156
G0 X103.428 Y144.156
G0 X107.648 Y146.768
G0 X110 Y146.932
;TYPE:WALL-INNER
G1 F2700 E1527.80376
G1 F2400 X112.416 Y146.932 E1527.96448
G1 X115.6 Y143.751 E1528.26387
G1 X115.6 Y41.913 E1535.03816
G1 X112.416 Y38.732 E1535.33755
G1 X107.58 Y38.732 E1535.65924
G1 X104.4 Y41.912 E1535.95839
G1 X104.4 Y143.752 E1542.73282
G1 X107.58 Y146.932 E1543.03197
G1 X110 Y146.932 E1543.19295
G0 F12000 X110 Y147.332
G1 F2400 X112.582 Y147.332 E1543.36471
G1 X116 Y143.917 E1543.68611
G1 X116 Y41.747 E1550.48249
G1 X112.582 Y38.332 E1550.80389
G1 X107.415 Y38.332 E1551.1476
G1 X104 Y41.747 E1551.46886
G1 X104 Y143.917 E1558.26524
G1 X107.415 Y147.332 E1558.5865
G1 X110 Y147.332 E1558.75846
G0 F12000 X110 Y147.732
G1 F2400 X112.747 Y147.732 E1558.94119
G1 X116.4 Y144.083 E1559.28465
G1 X116.4 Y41.581 E1566.10311
G1 X112.747 Y37.932 E1566.44658
G1 X107.249 Y37.932 E1566.8123
G1 X103.6 Y41.581 E1567.15558
G1 X103.6 Y144.083 E1573.97404
G1 X107.249 Y147.732 E1574.31732
G1 X110 Y147.732 E1574.50031
G0 F12000 X110 Y148.132
;TYPE:WALL-OUTER
G1 F2400 X112.913 Y148.132 E1574.69409
G1 X116.8 Y144.249 E1575.05956
G1 X116.8 Y41.415 E1581.90011
G1 X112.913 Y37.532 E1582.26559
G1 X107.083 Y37.532 E1582.6534
G1 X103.2 Y41.415 E1583.01869
G1 X103.2 Y144.249 E1589.85923
G1 X107.083 Y148.132 E1590.22452
G1 X110 Y148.132 E1590.41856
G0 F12000 X110 Y147.423
G0 X110 Y146.832
G0 X110 Y146.572
;TYPE:SKIN
G1 F2400 X107.727 Y146.572 E1590.56976
G1 X104.76 Y143.601 E1590.84907
G1 X104.76 Y42.059 E1597.60367
G1 X107.727 Y39.092 E1597.88279
G1 X112.265 Y39.092 E1598.18466
G1 X115.24 Y42.063 E1598.46434
G1 X115.24 Y143.601 E1605.21867
G1 X112.265 Y146.572 E1605.49835
G1 X110 Y146.572 E1605.64902
G0 F12000 X110 Y146.832
G0 X112.348 Y146.768
G0 X115.436 Y143.683
G0 X115.04 Y143.478
G1 F2400 X112.146 Y146.372 E1605.92127
G0 F12000 X111.581 Y146.372
G1 F2400 X115.04 Y142.913 E1606.24667
G0 F12000 X115.04 Y142.347
G1 F2400 X111.015 Y146.372 E1606.62532
G0 F12000 X110.449 Y146.372
G1 F2400 X115.04 Y141.781 E1607.05721
G0 F12000 X115.04 Y141.216
G1 F2400 X109.884 Y146.372 E1607.54226
G0 F12000 X109.318 Y146.372
G1 F2400 X115.04 Y140.65 E1608.08055
G0 F12000 X115.04 Y140.084
G1 F2400 X108.752 Y146.372 E1608.67209
G0 F12000 X108.187 Y146.372
G1 F2400 X115.04 Y139.519 E1609.31678
G0 F12000 X115.04 Y138.953
G1 F2400 X107.716 Y146.276 E1610.00573
G0 F12000 X107.434 Y145.994
G1 F2400 X115.04 Y138.387 E1610.7213
G0 F12000 X115.04 Y137.821
G1 F2400 X107.151 Y145.711 E1611.46349
G0 F12000 X106.868 Y145.428
G1 F2400 X115.04 Y137.256 E1612.23227
G0 F12000 X115.04 Y136.69
G1 F2400 X106.585 Y145.145 E1613.02766
G0 F12000 X106.303 Y144.861
G1 F2400 X115.04 Y136.124 E1613.84958
G0 F12000 X115.04 Y135.559
G1 F2400 X106.02 Y144.579 E1614.69813
G0 F12000 X105.737 Y144.296
G1 F2400 X115.04 Y134.993 E1615.5733
G0 F12000 X115.04 Y134.427
G1 F2400 X105.454 Y144.013 E1616.47509
G0 F12000 X105.172 Y143.73
G1 F2400 X115.04 Y133.862 E1617.40341
G0 F12000 X115.04 Y133.296
G1 F2400 X104.96 Y143.376 E1618.35168
G0 F12000 X104.96 Y142.81
G1 F2400 X115.04 Y132.73 E1619.29994
G0 F12000 X115.04 Y132.165
G1 F2400 X104.96 Y142.244 E1620.24816
G0 F12000 X104.96 Y141.679
G1 F2400 X115.04 Y131.599 E1621.19642
G0 F12000 X115.04 Y131.033
G1 F2400 X104.96 Y141.113 E1622.14469
G0 F12000 X104.96 Y140.547
G1 F2400 X115.04 Y130.468 E1623.09291
G0 F12000 X115.04 Y129.902
G1 F2400 X104.96 Y139.982 E1624.04117
G0 F12000 X104.96 Y139.416
G1 F2400 X115.04 Y129.336 E1624.98943
G0 F12000 X115.04 Y128.771
G1 F2400 X104.96 Y138.85 E1625.93765
G0 F12000 X104.96 Y138.285
G1 F2400 X115.04 Y128.205 E1626.88592
G0 F12000 X115.04 Y127.639
G1 F2400 X104.96 Y137.719 E1627.83418
G0 F12000 X104.96 Y137.153
G1 F2400 X115.04 Y127.073 E1628.78245
G0 F12000 X115.04 Y126.508
G1 F2400 X104.96 Y136.588 E1629.73071
G0 F12000 X104.96 Y136.022
G1 F2400 X115.04 Y125.942 E1630.67897
G0 F12000 X115.04 Y125.376
G1 F2400 X104.96 Y135.456 E1631.62724
G0 F12000 X104.96 Y134.891
G1 F2400 X115.04 Y124.811 E1632.5755
G0 F12000 X115.04 Y124.245
G1 F2400 X104.96 Y134.325 E1633.52377
G0 F12000 X104.96 Y133.759
G1 F2400 X115.04 Y123.679 E1634.47203
G0 F12000 X115.04 Y123.114
G1 F2400 X104.96 Y133.193 E1635.42025
G0 F12000 X104.96 Y132.628
G1 F2400 X115.04 Y122.548 E1636.36852
G0 F12000 X115.04 Y121.982
G1 F2400 X104.96 Y132.062 E1637.31678
G0 F12000 X104.96 Y131.496
G1 F2400 X115.04 Y121.417 E1638.265
G0 F12000 X115.04 Y120.851
G1 F2400 X104.96 Y130.931 E1639.21326
G0 F12000 X104.96 Y130.365
G1 F2400 X115.04 Y120.285 E1640.16153
G0 F12000 X115.04 Y119.72
G1 F2400 X104.96 Y129.799 E1641.10974
G0 F12000 X104.96 Y129.234
G1 F2400 X115.04 Y119.154 E1642.05801
G0 F12000 X115.04 Y118.588
G1 F2400 X104.96 Y128.668 E1643.00627
G0 F12000 X104.96 Y128.102
G1 F2400 X115.04 Y118.022 E1643.95454
G0 F12000 X115.04 Y117.457
G1 F2400 X104.96 Y127.537 E1644.9028
G0 F12000 X104.96 Y126.971
G1 F2400 X115.04 Y116.891 E1645.85107
G0 F12000 X115.04 Y116.325
G1 F2400 X104.96 Y126.405 E1646.79933
G0 F12000 X104.96 Y125.84
G1 F2400 X115.04 Y115.76 E1647.7476
G0 F12000 X115.04 Y115.194
G1 F2400 X104.96 Y125.274 E1648.69586
G0 F12000 X104.96 Y124.708
G1 F2400 X115.04 Y114.628 E1649.64413
G0 F12000 X115.04 Y114.063
G1 F2400 X104.96 Y124.142 E1650.59234
G0 F12000 X104.96 Y123.577
G1 F2400 X115.04 Y113.497 E1651.54061
G0 F12000 X115.04 Y112.931
G1 F2400 X104.96 Y123.011 E1652.48887
G0 F12000 X104.96 Y122.445
G1 F2400 X115.04 Y112.366 E1653.43709
G0 F12000 X115.04 Y111.8
G1 F2400 X104.96 Y121.88 E1654.38535
G0 F12000 X104.96 Y121.314
G1 F2400 X115.04 Y111.234 E1655.33362
G0 F12000 X115.04 Y110.669
G1 F2400 X104.96 Y120.748 E1656.28184
G0 F12000 X104.96 Y120.183
G1 F2400 X115.04 Y110.103 E1657.2301
G0 F12000 X115.04 Y109.537
G1 F2400 X104.96 Y119.617 E1658.17837
G0 F12000 X104.96 Y119.051
G1 F2400 X115.04 Y108.972 E1659.12658
G0 F12000 X115.04 Y108.406
G1 F2400 X104.96 Y118.486 E1660.07485
G0 F12000 X104.96 Y117.92
G1 F2400 X115.04 Y107.84 E1661.02311
G0 F12000 X115.04 Y107.274
G1 F2400 X104.96 Y117.354 E1661.97138
G0 F12000 X104.96 Y116.789
G1 F2400 X115.04 Y106.709 E1662.91964
G0 F12000 X115.04 Y106.143
G1 F2400 X104.96 Y116.223 E1663.86791
G0 F12000 X104.96 Y115.657
G1 F2400 X115.04 Y105.577 E1664.81617
G0 F12000 X115.04 Y105.012
G1 F2400 X104.96 Y115.092 E1665.76444
G0 F12000 X104.96 Y114.526
G1 F2400 X115.04 Y104.446 E1666.7127
G0 F12000 X115.04 Y103.88
G1 F2400 X104.96 Y113.96 E1667.66096
G0 F12000 X104.96 Y113.394
G1 F2400 X115.04 Y103.315 E1668.60918
G0 F12000 X115.04 Y102.749
G1 F2400 X104.96 Y112.829 E1669.55745
G0 F12000 X104.96 Y112.263
G1 F2400 X115.04 Y102.183 E1670.50571
G0 F12000 X115.04 Y101.618
G1 F2400 X104.96 Y111.697 E1671.45393
G0 F12000 X104.96 Y111.132
G1 F2400 X115.04 Y101.052 E1672.40219
G0 F12000 X115.04 Y100.486
G1 F2400 X104.96 Y110.566 E1673.35046
G0 F12000 X104.96 Y110
G1 F2400 X115.04 Y99.921 E1674.29868
G0 F12000 X115.04 Y99.355
G1 F2400 X104.96 Y109.435 E1675.24694
G0 F12000 X104.96 Y108.869
G1 F2400 X115.04 Y98.789 E1676.1952
G0 F12000 X115.04 Y98.223
G1 F2400 X104.96 Y108.303 E1677.14347
G0 F12000 X104.96 Y107.738
G1 F2400 X115.04 Y97.658 E1678.09173
G0 F12000 X115.04 Y97.092
G1 F2400 X104.96 Y107.172 E1679.04
G0 F12000 X104.96 Y106.606
G1 F2400 X115.04 Y96.526 E1679.98826
G0 F12000 X115.04 Y95.961
G1 F2400 X104.96 Y106.041 E1680.93653
G0 F12000 X104.96 Y105.475
G1 F2400 X115.04 Y95.395 E1681.88479
G0 F12000 X115.04 Y94.829
G1 F2400 X104.96 Y104.909 E1682.83306
G0 F12000 X104.96 Y104.344
G1 F2400 X115.04 Y94.264 E1683.78132
G0 F12000 X115.04 Y93.698
G1 F2400 X104.96 Y103.778 E1684.72959
G0 F12000 X104.96 Y103.212
G1 F2400 X115.04 Y93.132 E1685.67785
G0 F12000 X115.04 Y92.567
G1 F2400 X104.96 Y102.646 E1686.62607
G0 F12000 X104.96 Y102.081
G1 F2400 X115.04 Y92.001 E1687.57433
G0 F12000 X115.04 Y91.435
G1 F2400 X104.96 Y101.515 E1688.5226
G0 F12000 X104.96 Y100.949
G1 F2400 X115.04 Y90.87 E1689.47082
G0 F12000 X115.04 Y90.304
G1 F2400 X104.96 Y100.384 E1690.41908
G0 F12000 X104.96 Y99.818
G1 F2400 X115.04 Y89.738 E1691.36734
G0 F12000 X115.04 Y89.173
G1 F2400 X104.96 Y99.252 E1692.31556
G0 F12000 X104.96 Y98.687
G1 F2400 X115.04 Y88.607 E1693.26383
G0 F12000 X115.04 Y88.041
G1 F2400 X104.96 Y98.121 E1694.21209
G0 F12000 X104.96 Y97.555
G1 F2400 X115.04 Y87.475 E1695.16036
G0 F12000 X115.04 Y86.91
G1 F2400 X104.96 Y96.99 E1696.10862
G0 F12000 X104.96 Y96.424
G1 F2400 X115.04 Y86.344 E1697.05688
G0 F12000 X115.04 Y85.778
G1 F2400 X104.96 Y95.858 E1698.00515
G0 F12000 X104.96 Y95.293
G1 F2400 X115.04 Y85.213 E1698.95341
G0 F12000 X115.04 Y84.647
G1 F2400 X104.96 Y94.727 E1699.90168
G0 F12000 X104.96 Y94.161
G1 F2400 X115.04 Y84.081 E1700.84994
G0 F12000 X115.04 Y83.516
G1 F2400 X104.96 Y93.595 E1701.79816
G0 F12000 X104.96 Y93.03
G1 F2400 X115.04 Y82.95 E1702.74643
G0 F12000 X115.04 Y82.384
G1 F2400 X104.96 Y92.464 E1703.69469
G0 F12000 X104.96 Y91.898
G1 F2400 X115.04 Y81.819 E1704.64291
G0 F12000 X115.04 Y81.253
G1 F2400 X104.96 Y91.333 E1705.59117
G0 F12000 X104.96 Y90.767
G1 F2400 X115.04 Y80.687 E1706.53944
G0 F12000 X115.04 Y80.122
G1 F2400 X104.96 Y90.201 E1707.48765
G0 F12000 X104.96 Y89.636
G1 F2400 X115.04 Y79.556 E1708.43592
G0 F12000 X115.04 Y78.99
G1 F2400 X104.96 Y89.07 E1709.38418
G0 F12000 X104.96 Y88.504
G1 F2400 X115.04 Y78.425 E1710.3324
G0 F12000 X115.04 Y77.859
G1 F2400 X104.96 Y87.939 E1711.28067
G0 F12000 X104.96 Y87.373
G1 F2400 X115.04 Y77.293 E1712.22893
G0 F12000 X115.04 Y76.727
G1 F2400 X104.96 Y86.807 E1713.17719
G0 F12000 X104.96 Y86.242
G1 F2400 X115.04 Y76.162 E1714.12546
G0 F12000 X115.04 Y75.596
G1 F2400 X104.96 Y85.676 E1715.07372
G0 F12000 X104.96 Y85.11
G1 F2400 X115.04 Y75.03 E1716.02199
G0 F12000 X115.04 Y74.465
G1 F2400 X104.96 Y84.545 E1716.97025
G0 F12000 X104.96 Y83.979
G1 F2400 X115.04 Y73.899 E1717.91852
G0 F12000 X115.04 Y73.333
G1 F2400 X104.96 Y83.413 E1718.86678
G0 F12000 X104.96 Y82.847
G1 F2400 X115.04 Y72.768 E1719.815
G0 F12000 X115.04 Y72.202
G1 F2400 X104.96 Y82.282 E1720.76326
G0 F12000 X104.96 Y81.716
G1 F2400 X115.04 Y71.636 E1721.71153
G0 F12000 X115.04 Y71.071
G1 F2400 X104.96 Y81.15 E1722.65975
G0 F12000 X104.96 Y80.585
G1 F2400 X115.04 Y70.505 E1723.60801
G0 F12000 X115.04 Y69.939
G1 F2400 X104.96 Y80.019 E1724.55628
G0 F12000 X104.96 Y79.453
G1 F2400 X115.04 Y69.374 E1725.50449
G0 F12000 X115.04 Y68.808
G1 F2400 X104.96 Y78.888 E1726.45276
G0 F12000 X104.96 Y78.322
G1 F2400 X115.04 Y68.242 E1727.40102
G0 F12000 X115.04 Y67.676
G1 F2400 X104.96 Y77.756 E1728.34929
G0 F12000 X104.96 Y77.191
G1 F2400 X115.04 Y67.111 E1729.29755
G0 F12000 X115.04 Y66.545
G1 F2400 X104.96 Y76.625 E1730.24582
G0 F12000 X104.96 Y76.059
G1 F2400 X115.04 Y65.979 E1731.19408
G0 F12000 X115.04 Y65.414
G1 F2400 X104.96 Y75.494 E1732.14235
G0 F12000 X104.96 Y74.928
G1 F2400 X115.04 Y64.848 E1733.09061
G0 F12000 X115.04 Y64.282
G1 F2400 X104.96 Y74.362 E1734.03887
G0 F12000 X104.96 Y73.796
G1 F2400 X115.04 Y63.717 E1734.98709
G0 F12000 X115.04 Y63.151
G1 F2400 X104.96 Y73.231 E1735.93536
G0 F12000 X104.96 Y72.665
G1 F2400 X115.04 Y62.585 E1736.88362
G0 F12000 X115.04 Y62.02
G1 F2400 X104.96 Y72.099 E1737.83184
G0 F12000 X104.96 Y71.534
G1 F2400 X115.04 Y61.454 E1738.7801
G0 F12000 X115.04 Y60.888
G1 F2400 X104.96 Y70.968 E1739.72837
G0 F12000 X104.96 Y70.402
G1 F2400 X115.04 Y60.323 E1740.67659
G0 F12000 X115.04 Y59.757
G1 F2400 X104.96 Y69.837 E1741.62485
G0 F12000 X104.96 Y69.271
G1 F2400 X115.04 Y59.191 E1742.57311
G0 F12000 X115.04 Y58.626
G1 F2400 X104.96 Y68.705 E1743.52133
G0 F12000 X104.96 Y68.14
G1 F2400 X115.04 Y58.06 E1744.4696
G0 F12000 X115.04 Y57.494
G1 F2400 X104.96 Y67.574 E1745.41786
G0 F12000 X104.96 Y67.008
G1 F2400 X115.04 Y56.928 E1746.36613
G0 F12000 X115.04 Y56.363
G1 F2400 X104.96 Y66.443 E1747.31439
G0 F12000 X104.96 Y65.877
G1 F2400 X115.04 Y55.797 E1748.26266
G0 F12000 X115.04 Y55.231
G1 F2400 X104.96 Y65.311 E1749.21092
G0 F12000 X104.96 Y64.746
G1 F2400 X115.04 Y54.666 E1750.15918
G0 F12000 X115.04 Y54.1
G1 F2400 X104.96 Y64.18 E1751.10745
G0 F12000 X104.96 Y63.614
G1 F2400 X115.04 Y53.534 E1752.05571
G0 F12000 X115.04 Y52.969
G1 F2400 X104.96 Y63.048 E1753.00393
G0 F12000 X104.96 Y62.483
G1 F2400 X115.04 Y52.403 E1753.9522
G0 F12000 X115.04 Y51.837
G1 F2400 X104.96 Y61.917 E1754.90046
G0 F12000 X104.96 Y61.351
G1 F2400 X115.04 Y51.272 E1755.84868
G0 F12000 X115.04 Y50.706
G1 F2400 X104.96 Y60.786 E1756.79694
G0 F12000 X104.96 Y60.22
G1 F2400 X115.04 Y50.14 E1757.74521
G0 F12000 X115.04 Y49.575
G1 F2400 X104.96 Y59.654 E1758.69342
G0 F12000 X104.96 Y59.089
G1 F2400 X115.04 Y49.009 E1759.64169
G0 F12000 X115.04 Y48.443
G1 F2400 X104.96 Y58.523 E1760.58995
G0 F12000 X104.96 Y57.957
G1 F2400 X115.04 Y47.877 E1761.53822
G0 F12000 X115.04 Y47.312
G1 F2400 X104.96 Y57.392 E1762.48648
G0 F12000 X104.96 Y56.826
G1 F2400 X115.04 Y46.746 E1763.43475
G0 F12000 X115.04 Y46.18
G1 F2400 X104.96 Y56.26 E1764.38301
G0 F12000 X104.96 Y55.695
G1 F2400 X115.04 Y45.615 E1765.33128
G0 F12000 X115.04 Y45.049
G1 F2400 X104.96 Y55.129 E1766.27954
G0 F12000 X104.96 Y54.563
G1 F2400 X115.04 Y44.483 E1767.22781
G0 F12000 X115.04 Y43.918
G1 F2400 X104.96 Y53.998 E1768.17607
G0 F12000 X104.96 Y53.432
G1 F2400 X115.04 Y43.352 E1769.12434
G0 F12000 X115.04 Y42.786
G1 F2400 X104.96 Y52.866 E1770.0726
G0 F12000 X104.96 Y52.3
G1 F2400 X115.04 Y42.221 E1771.02082
G0 F12000 X114.795 Y41.9
G1 F2400 X104.96 Y51.735 E1771.94603
G0 F12000 X104.96 Y51.169
G1 F2400 X114.512 Y41.617 E1772.84463
G0 F12000 X114.229 Y41.335
G1 F2400 X104.96 Y50.603 E1773.71655
G0 F12000 X104.96 Y50.038
G1 F2400 X113.945 Y41.052 E1774.56185
G0 F12000 X113.662 Y40.77
G1 F2400 X104.96 Y49.472 E1775.38048
G0 F12000 X104.96 Y48.906
G1 F2400 X113.38 Y40.487 E1776.17254
G0 F12000 X113.096 Y40.205
G1 F2400 X104.96 Y48.341 E1776.93792
G0 F12000 X104.96 Y47.775
G1 F2400 X112.813 Y39.922 E1777.67668
G0 F12000 X112.53 Y39.639
G1 F2400 X104.96 Y47.209 E1778.38882
G0 F12000 X104.96 Y46.644
G1 F2400 X112.248 Y39.356 E1779.07443
G0 F12000 X111.746 Y39.292
G1 F2400 X104.96 Y46.078 E1779.71282
G0 F12000 X104.96 Y45.512
G1 F2400 X111.181 Y39.292 E1780.29801
G0 F12000 X110.615 Y39.292
G1 F2400 X104.96 Y44.947 E1780.82999
G0 F12000 X104.96 Y44.381
G1 F2400 X110.049 Y39.292 E1781.30874
G0 F12000 X109.483 Y39.292
G1 F2400 X104.96 Y43.815 E1781.73423
G0 F12000 X104.96 Y43.249
G1 F2400 X108.918 Y39.292 E1782.10653
G0 F12000 X108.352 Y39.292
G1 F2400 X104.96 Y42.684 E1782.42563
G0 F12000 X104.21 Y42.684
G1 F2700 E1777.42563
;MESH:NONMESH
G0 F300 Z1.8
G0 F12000 X103.43 Y138.777
G0 X101.07 Y138.777
G0 X100.1 Y138.777
;TIME_ELAPSED:1627.691655
;LAYER:4
;TYPE:WALL-INNER
;MESH:bump_plate.obj(1)
G1 F2700 E1782.42563
G1 F2400 X100.1 Y41.913 E1788.86905
G1 X96.916 Y38.732 E1789.16844
G1 X92.08 Y38.732 E1789.49013
G1 X88.9 Y41.912 E1789.78928
G1 X88.9 Y143.752 E1796.56371
G1 X92.08 Y146.932 E1796.86286
G1 X96.916 Y146.932 E1797.18456
G1 X100.1 Y143.751 E1797.48395
G1 X100.1 Y138.777 E1797.81482
G0 F12000 X100.5 Y142.059
G1 F2400 X100.5 Y41.747 E1804.4876
G1 X97.082 Y38.332 E1804.809
G1 X91.915 Y38.332 E1805.15271
G1 X88.5 Y41.747 E1805.47397
G1 X88.5 Y143.917 E1812.27035
G1 X91.915 Y147.332 E1812.59161
G1 X97.082 Y147.332 E1812.93532
G1 X100.5 Y143.917 E1813.25673
G1 X100.5 Y142.059 E1813.38032
G0 F12000 X100.545 Y144.002
G0 X100.763 Y144.22
G1 F2400 X100.9 Y144.083 E1813.39321
G1 X100.9 Y41.581 E1820.21167
G1 X97.247 Y37.932 E1820.55513
G1 X91.749 Y37.932 E1820.92086
G1 X88.1 Y41.581 E1821.26414
G1 X88.1 Y144.083 E1828.0826
G1 X91.749 Y147.732 E1828.42587
G1 X97.247 Y147.732 E1828.7916
G1 X100.763 Y144.22 E1829.12218
G0 F12000 X100.825 Y144.724
;TYPE:WALL-OUTER
G1 F2400 X101.3 Y144.249 E1829.16686
G1 X101.3 Y41.415 E1836.00741
G1 X97.413 Y37.532 E1836.37289
G1 X91.583 Y37.532 E1836.7607
G1 X87.7 Y41.415 E1837.12599
G1 X87.7 Y144.249 E1843.96653
G1 X91.583 Y148.132 E1844.33182
G1 X97.413 Y148.132 E1844.71964
G1 X100.825 Y144.724 E1845.04043
G1 F2700 E1840.04043
G0 F12000 X100.324 Y144.223
G0 X98.18 Y145.387
G0 X95.267 Y141.41
G0 X94.252 Y141.454
G0 X94.229 Y141.676
;TYPE:FILL
G1 F2700 E1845.04043
G1 F4800 X92.179 Y139.626 E1845.23328
G0 F12000 X92.395 Y139.601
G0 X92.909 Y140.75
G0 X92.732 Y140.877
G1 F4800 X93.743 Y137.106 E1845.49299
G0 F12000 X93.794 Y137.32
G0 X92.644 Y138.303
G0 X92.464 Y138.177
G1 F4800 X95.696 Y137.311 E1845.71556
G1 F2700 E1840.71556
G0 F12000 X95.593 Y137.504
G0 X95.336 Y137.279
G0 X102.165 Y137.279
G0 X102.165 Y48.537
G0 X94.756 Y48.537
G0 X94.567 Y48.676
G1 F2700 E1845.71556
G1 F4800 X92.15 Y46.259 E1845.94294
G0 F12000 X92.368 Y46.286
G0 X92.794 Y45.087
G0 X92.615 Y44.962
G1 F4800 X95.476 Y44.195 E1846.13997
G0 F12000 X95.374 Y44.389
G0 X93.873 Y44.299
G0 X93.821 Y44.086
G1 F4800 X92.786 Y47.948 E1846.40594
G1 F2700 E1841.40594
G0 F12000 X92.939 Y47.792
G0 X93.194 Y48.125
G0 X86.835 Y48.125
G0 X86.835 Y137.129
G0 X94.271 Y137.129
G0 X94.746 Y141.456
G0 X94.787 Y141.713
;TYPE:SKIN
G1 F2700 E1846.40594
G1 F2400 X95.362 Y141.566 E1846.44542
G1 X95.834 Y141.318 E1846.48089
G1 X96.35 Y140.85 E1846.52723
G1 X96.615 Y140.452 E1846.55903
G1 X96.834 Y139.871 E1846.60034
G1 X96.9 Y139.34 E1846.63593
G1 X96.835 Y138.795 E1846.67244
G1 X96.611 Y138.185 E1846.71567
G1 X96.318 Y137.778 E1846.74903
G1 X95.826 Y137.338 E1846.79293
G1 X95.378 Y137.102 E1846.82662
G1 X94.802 Y136.954 E1846.86618
G1 X94.187 Y136.953 E1846.90709
G1 X93.687 Y137.077 E1846.94136
G1 X93.075 Y137.401 E1846.98742
G1 X92.771 Y137.669 E1847.01438
G1 X92.367 Y138.241 E1847.06096
G1 X92.181 Y138.729 E1847.0957
G1 X92.102 Y139.331 E1847.13609
G1 X92.178 Y139.931 E1847.17632
G1 X92.344 Y140.383 E1847.20835
G1 X92.723 Y140.939 E1847.25311
G1 X93.092 Y141.272 E1847.28617
G1 X93.653 Y141.573 E1847.32852
G1 X94.179 Y141.711 E1847.3647
G1 X94.787 Y141.713 E1847.40514
G1 F2700 E1842.40514
G0 F12000 X94.746 Y141.456
G0 X96.474 Y138.333
G0 X99.9 Y138.333
G0 X100 Y135.824
G0 X99.74 Y135.824
G1 F2700 E1847.40514
G1 F2400 X99.74 Y143.601 E1847.92247
G1 X96.765 Y146.572 E1848.20215
G1 X92.227 Y146.571 E1848.50402
G1 X89.26 Y143.601 E1848.78328
G1 X89.26 Y42.059 E1855.53788
G1 X92.227 Y39.092 E1855.817
G1 X96.765 Y39.092 E1856.11887
G1 X99.74 Y42.063 E1856.39855
G1 X99.74 Y135.824 E1862.63556
G1 F2700 E1857.63556
G0 F12000 X100 Y135.824
G0 X99.9 Y48.456
G0 X96.2 Y47.754
G0 X94.746 Y48.456
G0 X94.802 Y48.71
G1 F2700 E1862.63556
G1 F2400 X95.406 Y48.55 E1862.67712
G1 X95.794 Y48.346 E1862.70628
G1 X96.35 Y47.85 E1862.75584
G1 X96.615 Y47.452 E1862.78765
G1 X96.834 Y46.871 E1862.82895
G1 X96.9 Y46.34 E1862.86455
G1 X96.835 Y45.795 E1862.90106
G1 X96.611 Y45.185 E1862.94428
G1 X96.318 Y44.778 E1862.97764
G1 X95.826 Y44.338 E1863.02155
G1 X95.378 Y44.102 E1863.05523
G1 X94.802 Y43.954 E1863.09479
G1 X94.179 Y43.953 E1863.13624
G1 X93.695 Y44.073 E1863.16941
G1 X93.114 Y44.375 E1863.21296
G1 X92.771 Y44.669 E1863.24302
G1 X92.367 Y45.241 E1863.2896
G1 X92.181 Y45.729 E1863.32434
G1 X92.102 Y46.331 E1863.36473
G1 X92.178 Y46.931 E1863.40496
G1 X92.344 Y47.383 E1863.43699
G1 X92.723 Y47.939 E1863.48175
G1 X93.113 Y48.285 E1863.51643
G1 X93.653 Y48.573 E1863.55714
G1 X94.179 Y48.711 E1863.59331
G1 X94.802 Y48.71 E1863.63476
G1 F2700 E1858.63476
G0 F12000 X94.746 Y48.456
G0 X96.474 Y45.333
G0 X99.9 Y45.333
G0 X100 Y42.406
G0 X99.54 Y42.406
G1 F2700 E1863.63476
G1 F2400 X96.427 Y39.293 E1863.92761
G0 F12000 X95.861 Y39.293
G1 F2400 X99.54 Y42.972 E1864.27371
G0 F12000 X99.54 Y43.537
G1 F2400 X95.295 Y39.293 E1864.673
G0 F12000 X94.73 Y39.293
G1 F2400 X99.54 Y44.103 E1865.1255
G0 F12000 X99.54 Y44.669
G1 F2400 X94.164 Y39.293 E1865.63124
G0 F12000 X93.598 Y39.293
G1 F2400 X99.54 Y45.234 E1866.19018
G0 F12000 X99.54 Y45.8
G1 F2400 X93.033 Y39.293 E1866.80232
G0 F12000 X92.467 Y39.293
G1 F2400 X99.54 Y46.366 E1867.4677
G0 F12000 X99.54 Y46.931
G1 F2400 X92.106 Y39.497 E1868.16705
G0 F12000 X91.823 Y39.78
G1 F2400 X99.54 Y47.497 E1868.89302
G0 F12000 X99.54 Y48.063
G1 F2400 X96.924 Y45.446 E1869.13916
G0 F12000 X97.083 Y46.171
G1 F2400 X99.54 Y48.628 E1869.3703
G0 F12000 X99.54 Y49.194
G1 F2400 X97.056 Y46.71 E1869.60398
G0 F12000 X96.94 Y47.16
G1 F2400 X99.54 Y49.76 E1869.84857
G0 F12000 X99.54 Y50.325
G1 F2400 X96.783 Y47.568 E1870.10793
G0 F12000 X96.554 Y47.905
G1 F2400 X99.54 Y50.891 E1870.38884
G0 F12000 X99.54 Y51.457
G1 F2400 X96.275 Y48.192 E1870.69599
G0 F12000 X95.976 Y48.459
G1 F2400 X99.54 Y52.023 E1871.03127
G0 F12000 X99.54 Y52.588
G1 F2400 X95.617 Y48.665 E1871.40032
G0 F12000 X95.201 Y48.815
G1 F2400 X99.54 Y53.154 E1871.80851
G0 F12000 X99.54 Y53.72
G1 F2400 X94.737 Y48.916 E1872.26039
G0 F12000 X94.17 Y48.916
G1 F2400 X99.54 Y54.285 E1872.76552
G0 F12000 X99.54 Y54.851
G1 F2400 X93.301 Y48.612 E1873.35245
G0 F12000 X93.514 Y48.206
G0 X92.587 Y47.286
G0 X92.166 Y47.477
G1 F2400 X89.46 Y44.77 E1873.60706
G0 F12000 X89.46 Y44.205
G1 F2400 X91.947 Y46.692 E1873.84102
G0 F12000 X91.93 Y46.109
G1 F2400 X89.46 Y43.639 E1874.07338
G0 F12000 X89.46 Y43.073
G1 F2400 X92.004 Y45.618 E1874.31275
G0 F12000 X92.16 Y45.208
G1 F2400 X89.46 Y42.508 E1874.56675
G0 F12000 X89.56 Y42.042
G1 F2400 X92.384 Y44.867 E1874.83246
G0 F12000 X92.619 Y44.536
G1 F2400 X89.843 Y41.76 E1875.09361
G0 F12000 X90.126 Y41.477
G1 F2400 X92.92 Y44.271 E1875.35645
G0 F12000 X93.276 Y44.061
G1 F2400 X90.409 Y41.194 E1875.62616
G0 F12000 X90.691 Y40.911
G1 F2400 X93.656 Y43.876 E1875.90509
G0 F12000 X94.112 Y43.766
G1 F2400 X90.974 Y40.628 E1876.2003
G0 F12000 X91.257 Y40.345
G1 F2400 X94.66 Y43.749 E1876.52048
G0 F12000 X95.37 Y43.892
G1 F2400 X91.54 Y40.063 E1876.88073
G0 F12000 X91.216 Y39.739
G0 X89.064 Y41.98
G0 X89 Y45.336
G0 X89.46 Y45.336
G1 F2400 X99.54 Y55.417 E1877.82905
G0 F12000 X99.54 Y55.982
G1 F2400 X89.46 Y45.902 E1878.77731
G0 F12000 X89.46 Y46.468
G1 F2400 X99.54 Y56.548 E1879.72557
G0 F12000 X99.54 Y57.114
G1 F2400 X89.46 Y47.033 E1880.67389
G0 F12000 X89.46 Y47.599
G1 F2400 X99.54 Y57.679 E1881.62215
G0 F12000 X99.54 Y58.245
G1 F2400 X89.46 Y48.165 E1882.57042
G0 F12000 X89.46 Y48.73
G1 F2400 X99.54 Y58.811 E1883.51873
G0 F12000 X99.54 Y59.376
G1 F2400 X89.46 Y49.296 E1884.46699
G0 F12000 X89.46 Y49.862
G1 F2400 X99.54 Y59.942 E1885.41526
G0 F12000 X99.54 Y60.508
G1 F2400 X89.46 Y50.427 E1886.36357
G0 F12000 X89.46 Y50.993
G1 F2400 X99.54 Y61.074 E1887.31188
G0 F12000 X99.54 Y61.639
G1 F2400 X89.46 Y51.559 E1888.26014
G0 F12000 X89.46 Y52.124
G1 F2400 X99.54 Y62.205 E1889.20846
G0 F12000 X99.54 Y62.771
G1 F2400 X89.46 Y52.69 E1890.15677
G0 F12000 X89.46 Y53.256
G1 F2400 X99.54 Y63.336 E1891.10503
G0 F12000 X99.54 Y63.902
G1 F2400 X89.46 Y53.821 E1892.05334
G0 F12000 X89.46 Y54.387
G1 F2400 X99.54 Y64.468 E1893.00166
G0 F12000 X99.54 Y65.033
G1 F2400 X89.46 Y54.953 E1893.94992
G0 F12000 X89.46 Y55.518
G1 F2400 X99.54 Y65.599 E1894.89823
G0 F12000 X99.54 Y66.165
G1 F2400 X89.46 Y56.084 E1895.84654
G0 F12000 X89.46 Y56.65
G1 F2400 X99.54 Y66.73 E1896.79481
G0 F12000 X99.54 Y67.296
G1 F2400 X89.46 Y57.216 E1897.74307
G0 F12000 X89.46 Y57.781
G1 F2400 X99.54 Y67.862 E1898.69138
G0 F12000 X99.54 Y68.427
G1 F2400 X89.46 Y58.347 E1899.63965
G0 F12000 X89.46 Y58.913
G1 F2400 X99.54 Y68.993 E1900.58791
G0 F12000 X99.54 Y69.559
G1 F2400 X89.46 Y59.478 E1901.53622
G0 F12000 X89.46 Y60.044
G1 F2400 X99.54 Y70.124 E1902.48449
G0 F12000 X99.54 Y70.69
G1 F2400 X89.46 Y60.61 E1903.43275
G0 F12000 X89.46 Y61.175
G1 F2400 X99.54 Y71.256 E1904.38107
G0 F12000 X99.54 Y71.822
G1 F2400 X89.46 Y61.741 E1905.32938
G0 F12000 X89.46 Y62.307
G1 F2400 X99.54 Y72.387 E1906.27764
G0 F12000 X99.54 Y72.953
G1 F2400 X89.46 Y62.872 E1907.22595
G0 F12000 X89.46 Y63.438
G1 F2400 X99.54 Y73.519 E1908.17426
G0 F12000 X99.54 Y74.084
G1 F2400 X89.46 Y64.004 E1909.12253
G0 F12000 X89.46 Y64.569
G1 F2400 X99.54 Y74.65 E1910.07084
G0 F12000 X99.54 Y75.216
G1 F2400 X89.46 Y65.135 E1911.01915
G0 F12000 X89.46 Y65.701
G1 F2400 X99.54 Y75.781 E1911.96742
G0 F12000 X99.54 Y76.347
G1 F2400 X89.46 Y66.267 E1912.91568
G0 F12000 X89.46 Y66.832
G1 F2400 X99.54 Y76.913 E1913.86399
G0 F12000 X99.54 Y77.478
G1 F2400 X89.46 Y67.398 E1914.81226
G0 F12000 X89.46 Y67.964
G1 F2400 X99.54 Y78.044 E1915.76052
G0 F12000 X99.54 Y78.61
G1 F2400 X89.46 Y68.529 E1916.70883
G0 F12000 X89.46 Y69.095
G1 F2400 X99.54 Y79.175 E1917.6571
G0 F12000 X99.54 Y79.741
G1 F2400 X89.46 Y69.661 E1918.60536
G0 F12000 X89.46 Y70.226
G1 F2400 X99.54 Y80.307 E1919.55368
G0 F12000 X99.54 Y80.873
G1 F2400 X89.46 Y70.792 E1920.50199
G0 F12000 X89.46 Y71.358
G1 F2400 X99.54 Y81.438 E1921.45025
G0 F12000 X99.54 Y82.004
G1 F2400 X89.46 Y71.923 E1922.39856
G0 F12000 X89.46 Y72.489
G1 F2400 X99.54 Y82.57 E1923.34687
G0 F12000 X99.54 Y83.135
G1 F2400 X89.46 Y73.055 E1924.29514
G0 F12000 X89.46 Y73.62
G1 F2400 X99.54 Y83.701 E1925.24345
G0 F12000 X99.54 Y84.267
G1 F2400 X89.46 Y74.186 E1926.19176
G0 F12000 X89.46 Y74.752
G1 F2400 X99.54 Y84.832 E1927.14003
G0 F12000 X99.54 Y85.398
G1 F2400 X89.46 Y75.317 E1928.08834
G0 F12000 X89.46 Y75.883
G1 F2400 X99.54 Y85.964 E1929.03665
G0 F12000 X99.54 Y86.529
G1 F2400 X89.46 Y76.449 E1929.98491
G0 F12000 X89.46 Y77.015
G1 F2400 X99.54 Y87.095 E1930.93318
G0 F12000 X99.54 Y87.661
G1 F2400 X89.46 Y77.58 E1931.88149
G0 F12000 X89.46 Y78.146
G1 F2400 X99.54 Y88.226 E1932.82976
G0 F12000 X99.54 Y88.792
G1 F2400 X89.46 Y78.712 E1933.77802
G0 F12000 X89.46 Y79.277
G1 F2400 X99.54 Y89.358 E1934.72633
G0 F12000 X99.54 Y89.923
G1 F2400 X89.46 Y79.843 E1935.6746
G0 F12000 X89.46 Y80.409
G1 F2400 X99.54 Y90.489 E1936.62286
G0 F12000 X99.54 Y91.055
G1 F2400 X89.46 Y80.974 E1937.57117
G0 F12000 X89.46 Y81.54
G1 F2400 X99.54 Y91.621 E1938.51948
G0 F12000 X99.54 Y92.186
G1 F2400 X89.46 Y82.106 E1939.46775
G0 F12000 X89.46 Y82.671
G1 F2400 X99.54 Y92.752 E1940.41606
G0 F12000 X99.54 Y93.318
G1 F2400 X89.46 Y83.237 E1941.36437
G0 F12000 X89.46 Y83.803
G1 F2400 X99.54 Y93.883 E1942.31264
G0 F12000 X99.54 Y94.449
G1 F2400 X89.46 Y84.368 E1943.26095
G0 F12000 X89.46 Y84.934
G1 F2400 X99.54 Y95.015 E1944.20926
G0 F12000 X99.54 Y95.58
G1 F2400 X89.46 Y85.5 E1945.15752
G0 F12000 X89.46 Y86.066
G1 F2400 X99.54 Y96.146 E1946.10579
G0 F12000 X99.54 Y96.712
G1 F2400 X89.46 Y86.631 E1947.0541
G0 F12000 X89.46 Y87.197
G1 F2400 X99.54 Y97.277 E1948.00237
G0 F12000 X99.54 Y97.843
G1 F2400 X89.46 Y87.763 E1948.95063
G0 F12000 X89.46 Y88.328
G1 F2400 X99.54 Y98.409 E1949.89894
G0 F12000 X99.54 Y98.974
G1 F2400 X89.46 Y88.894 E1950.84721
G0 F12000 X89.46 Y89.46
G1 F2400 X99.54 Y99.54 E1951.79547
G0 F12000 X99.54 Y100.106
G1 F2400 X89.46 Y90.025 E1952.74378
G0 F12000 X89.46 Y90.591
G1 F2400 X99.54 Y100.671 E1953.69205
G0 F12000 X99.54 Y101.237
G1 F2400 X89.46 Y91.157 E1954.64031
G0 F12000 X89.46 Y91.722
G1 F2400 X99.54 Y101.803 E1955.58862
G0 F12000 X99.54 Y102.369
G1 F2400 X89.46 Y92.288 E1956.53693
G0 F12000 X89.46 Y92.854
G1 F2400 X99.54 Y102.934 E1957.4852
G0 F12000 X99.54 Y103.5
G1 F2400 X89.46 Y93.419 E1958.43351
G0 F12000 X89.46 Y93.985
G1 F2400 X99.54 Y104.066 E1959.38182
G0 F12000 X99.54 Y104.631
G1 F2400 X89.46 Y94.551 E1960.33009
G0 F12000 X89.46 Y95.116
G1 F2400 X99.54 Y105.197 E1961.2784
G0 F12000 X99.54 Y105.763
G1 F2400 X89.46 Y95.682 E1962.22671
G0 F12000 X89.46 Y96.248
G1 F2400 X99.54 Y106.328 E1963.17498
G0 F12000 X99.54 Y106.894
G1 F2400 X89.46 Y96.814 E1964.12324
G0 F12000 X89.46 Y97.379
G1 F2400 X99.54 Y107.46 E1965.07155
G0 F12000 X99.54 Y108.025
G1 F2400 X89.46 Y97.945 E1966.01982
G0 F12000 X89.46 Y98.511
G1 F2400 X99.54 Y108.591 E1966.96808
G0 F12000 X99.54 Y109.157
G1 F2400 X89.46 Y99.076 E1967.91639
G0 F12000 X89.46 Y99.642
G1 F2400 X99.54 Y109.722 E1968.86466
G0 F12000 X99.54 Y110.288
G1 F2400 X89.46 Y100.208 E1969.81292
G0 F12000 X89.46 Y100.773
G1 F2400 X99.54 Y110.854 E1970.76123
G0 F12000 X99.54 Y111.42
G1 F2400 X89.46 Y101.339 E1971.70954
G0 F12000 X89.46 Y101.905
G1 F2400 X99.54 Y111.985 E1972.65781
G0 F12000 X99.54 Y112.551
G1 F2400 X89.46 Y102.47 E1973.60612
G0 F12000 X89.46 Y103.036
G1 F2400 X99.54 Y113.117 E1974.55443
G0 F12000 X99.54 Y113.682
G1 F2400 X89.46 Y103.602 E1975.5027
G0 F12000 X89.46 Y104.167
G1 F2400 X99.54 Y114.248 E1976.45101
G0 F12000 X99.54 Y114.814
G1 F2400 X89.46 Y104.733 E1977.39932
G0 F12000 X89.46 Y105.299
G1 F2400 X99.54 Y115.379 E1978.34759
G0 F12000 X99.54 Y115.945
G1 F2400 X89.46 Y105.864 E1979.2959
G0 F12000 X89.46 Y106.43
G1 F2400 X99.54 Y116.511 E1980.24421
G0 F12000 X99.54 Y117.076
G1 F2400 X89.46 Y106.996 E1981.19247
G0 F12000 X89.46 Y107.562
G1 F2400 X99.54 Y117.642 E1982.14074
G0 F12000 X99.54 Y118.208
G1 F2400 X89.46 Y108.127 E1983.08905
G0 F12000 X89.46 Y108.693
G1 F2400 X99.54 Y118.773 E1984.03731
G0 F12000 X99.54 Y119.339
G1 F2400 X89.46 Y109.259 E1984.98558
G0 F12000 X89.46 Y109.824
G1 F2400 X99.54 Y119.905 E1985.93389
G0 F12000 X99.54 Y120.47
G1 F2400 X89.46 Y110.39 E1986.88215
G0 F12000 X89.46 Y110.956
G1 F2400 X99.54 Y121.036 E1987.83042
G0 F12000 X99.54 Y121.602
G1 F2400 X89.46 Y111.521 E1988.77873
G0 F12000 X89.46 Y112.087
G1 F2400 X99.54 Y122.168 E1989.72704
G0 F12000 X99.54 Y122.733
G1 F2400 X89.46 Y112.653 E1990.67531
G0 F12000 X89.46 Y113.218
G1 F2400 X99.54 Y123.299 E1991.62362
G0 F12000 X99.54 Y123.865
G1 F2400 X89.46 Y113.784 E1992.57193
G0 F12000 X89.46 Y114.35
G1 F2400 X99.54 Y124.43 E1993.52019
G0 F12000 X99.54 Y124.996
G1 F2400 X89.46 Y114.915 E1994.46851
G0 F12000 X89.46 Y115.481
G1 F2400 X99.54 Y125.562 E1995.41682
G0 F12000 X99.54 Y126.127
G1 F2400 X89.46 Y116.047 E1996.36508
G0 F12000 X89.46 Y116.613
G1 F2400 X99.54 Y126.693 E1997.31335
G0 F12000 X99.54 Y127.259
G1 F2400 X89.46 Y117.178 E1998.26166
G0 F12000 X89.46 Y117.744
G1 F2400 X99.54 Y127.824 E1999.20992
G0 F12000 X99.54 Y128.39
G1 F2400 X89.46 Y118.31 E2000.15819
G0 F12000 X89.46 Y118.875
G1 F2400 X99.54 Y128.956 E2001.1065
G0 F12000 X99.54 Y129.521
G1 F2400 X89.46 Y119.441 E2002.05476
G0 F12000 X89.46 Y120.007
G1 F2400 X99.54 Y130.087 E2003.00303
G0 F12000 X99.54 Y130.653
G1 F2400 X89.46 Y120.572 E2003.95134
G0 F12000 X89.46 Y121.138
G1 F2400 X99.54 Y131.219 E2004.89965
G0 F12000 X99.54 Y131.784
G1 F2400 X89.46 Y121.704 E2005.84792
G0 F12000 X89.46 Y122.269
G1 F2400 X99.54 Y132.35 E2006.79623
G0 F12000 X99.54 Y132.916
G1 F2400 X89.46 Y122.835 E2007.74454
G0 F12000 X89.46 Y123.401
G1 F2400 X99.54 Y133.481 E2008.6928
G0 F12000 X99.54 Y134.047
G1 F2400 X89.46 Y123.966 E2009.64112
G0 F12000 X89.46 Y124.532
G1 F2400 X99.54 Y134.613 E2010.58943
G0 F12000 X99.54 Y135.178
G1 F2400 X89.46 Y125.098 E2011.53769
G0 F12000 X89.46 Y125.663
G1 F2400 X99.54 Y135.744 E2012.486
G0 F12000 X99.54 Y136.31
G1 F2400 X89.46 Y126.229 E2013.43432
G0 F12000 X89.46 Y126.795
G1 F2400 X99.54 Y136.875 E2014.38258
G0 F12000 X99.54 Y137.441
G1 F2400 X89.46 Y127.361 E2015.33084
G0 F12000 X89.46 Y127.926
G1 F2400 X99.54 Y138.007 E2016.27916
G0 F12000 X99.54 Y138.572
G1 F2400 X89.46 Y128.492 E2017.22742
G0 F12000 X89.46 Y129.058
G1 F2400 X99.54 Y139.138 E2018.17569
G0 F12000 X99.54 Y139.704
G1 F2400 X89.46 Y129.623 E2019.124
G0 F12000 X89.46 Y130.189
G1 F2400 X99.54 Y140.269 E2020.07226
G0 F12000 X99.54 Y140.835
G1 F2400 X96.775 Y138.07 E2020.33238
G0 F12000 X97.05 Y138.911
G1 F2400 X99.54 Y141.401 E2020.56662
G0 F12000 X99.54 Y141.967
G1 F2400 X97.082 Y139.508 E2020.7979
G0 F12000 X97.003 Y139.995
G1 F2400 X99.54 Y142.532 E2021.03657
G0 F12000 X99.54 Y143.098
G1 F2400 X96.847 Y140.405 E2021.28991
G0 F12000 X96.646 Y140.769
G1 F2400 X99.467 Y143.59 E2021.55529
G0 F12000 X99.184 Y143.873
G1 F2400 X96.396 Y141.085 E2021.81757
G0 F12000 X96.096 Y141.351
G1 F2400 X98.901 Y144.156 E2022.08144
G0 F12000 X98.618 Y144.439
G1 F2400 X95.765 Y141.585 E2022.34988
G0 F12000 X95.382 Y141.768
G1 F2400 X98.335 Y144.721 E2022.62768
G0 F12000 X98.052 Y145.004
G1 F2400 X94.931 Y141.883 E2022.92129
G0 F12000 X94.397 Y141.915
G1 F2400 X97.769 Y145.286 E2023.23846
G0 F12000 X97.485 Y145.569
G1 F2400 X93.719 Y141.802 E2023.59279
G0 F12000 X93.831 Y141.356
G0 X92.464 Y139.959
G0 X92.037 Y140.12
G1 F2400 X89.46 Y137.543 E2023.83522
G0 F12000 X89.46 Y138.109
G1 F2400 X97.202 Y145.851 E2024.56354
G0 F12000 X96.92 Y146.134
G1 F2400 X89.46 Y138.674 E2025.26533
G0 F12000 X89.46 Y139.24
G1 F2400 X96.591 Y146.371 E2025.93617
G0 F12000 X96.025 Y146.371
G1 F2400 X89.46 Y139.806 E2026.55376
G0 F12000 X89.46 Y140.371
G1 F2400 X95.459 Y146.371 E2027.11816
G0 F12000 X94.894 Y146.371
G1 F2400 X89.46 Y140.937 E2027.62936
G0 F12000 X89.46 Y141.503
G1 F2400 X94.328 Y146.371 E2028.08731
G0 F12000 X93.762 Y146.371
G1 F2400 X89.46 Y142.068 E2028.49206
G0 F12000 X89.46 Y142.634
G1 F2400 X93.197 Y146.371 E2028.84362
G0 F12000 X92.631 Y146.371
G1 F2400 X89.46 Y143.2 E2029.14192
G1 F2700 E2024.14192
G0 F12000 X89 Y143.2
G0 X89.1 Y139.384
G0 X92.282 Y139.333
G0 X91.917 Y139.434
G1 F2700 E2029.14192
G1 F2400 X89.46 Y136.977 E2029.37306
G0 F12000 X89.46 Y136.412
G1 F2400 X91.958 Y138.91 E2029.60806
G0 F12000 X92.067 Y138.454
G1 F2400 X89.46 Y135.846 E2029.85336
G0 F12000 X89.46 Y135.28
G1 F2400 X92.246 Y138.066 E2030.11545
G0 F12000 X92.478 Y137.732
G1 F2400 X89.46 Y134.714 E2030.39936
G0 F12000 X89.46 Y134.149
G1 F2400 X92.74 Y137.429 E2030.70792
G0 F12000 X93.056 Y137.179
G1 F2400 X89.46 Y133.583 E2031.04621
G0 F12000 X89.46 Y133.017
G1 F2400 X93.425 Y136.983 E2031.41926
G0 F12000 X93.841 Y136.833
G1 F2400 X89.46 Y132.452 E2031.8314
G0 F12000 X89.46 Y131.886
G1 F2400 X94.322 Y136.748 E2032.28879
G0 F12000 X94.915 Y136.776
G1 F2400 X89.46 Y131.32 E2032.80201
G0 F12000 X89.46 Y130.755
G1 F2400 X95.794 Y137.089 E2033.39787
G0 F12000 X95.441 Y137.763
G1 F2700 E2028.39787
;MESH:bump_plate.obj
G0 F12000 X96.716 Y139.292
G0 X102.165 Y139.292
G0 X103.43 Y139.292
G0 X104.564 Y143.684
G0 X107.648 Y146.768
G0 X110 Y146.932
;TYPE:WALL-INNER
G1 F2700 E2033.39787
G1 F2400 X112.416 Y146.932 E2033.55859
G1 X115.6 Y143.751 E2033.85798
G1 X115.6 Y41.913 E2040.63227
G1 X112.416 Y38.732 E2040.93166
G1 X107.58 Y38.732 E2041.25335
G1 X104.4 Y41.912 E2041.5525
G1 X104.4 Y143.752 E2048.32693
G1 X107.58 Y146.932 E2048.62608
G1 X110 Y146.932 E2048.78706
G0 F12000 X110 Y147.332
G1 F2400 X112.582 Y147.332 E2048.95882
G1 X116 Y143.917 E2049.28022
G1 X116 Y41.747 E2056.0766
G1 X112.582 Y38.332 E2056.398
G1 X107.415 Y38.332 E2056.74171
G1 X104 Y41.747 E2057.06297
G1 X104 Y143.917 E2063.85935
G1 X107.415 Y147.332 E2064.18061
G1 X110 Y147.332 E2064.35257
G0 F12000 X110 Y147.732
G1 F2400 X112.747 Y147.732 E2064.5353
G1 X116.4 Y144.083 E2064.87876
G1 X116.4 Y41.581 E2071.69722
G1 X112.747 Y37.932 E2072.04069
G1 X107.249 Y37.932 E2072.40641
G1 X103.6 Y41.581 E2072.74969
G1 X103.6 Y144.083 E2079.56815
G1 X107.249 Y147.732 E2079.91143
G1 X110 Y147.732 E2080.09442
G0 F12000 X110 Y148.132
;TYPE:WALL-OUTER
G1 F2400 X112.913 Y148.132 E2080.2882
G1 X116.8 Y144.249 E2080.65367
G1 X116.8 Y41.415 E2087.49422
G1 X112.913 Y37.532 E2087.8597
G1 X107.083 Y37.532 E2088.24751
G1 X103.2 Y41.415 E2088.6128
G1 X103.2 Y144.249 E2095.45334
G1 X107.083 Y148.132 E2095.81863
G1 X110 Y148.132 E2096.01267
G1 F2700 E2091.01267
G0 F12000 X110 Y147.423
G0 X109.752 Y146.732
G0 X109.764 Y141.537
G0 X109.729 Y141.676
;TYPE:FILL
G1 F2700 E2096.01267
G1 F4800 X107.68 Y139.627 E2096.20543
G0 F12000 X107.895 Y139.603
G0 X108.409 Y140.751
G0 X108.232 Y140.878
G1 F4800 X109.243 Y137.106 E2096.4652
G0 F12000 X109.294 Y137.32
G0 X108.144 Y138.302
G0 X107.964 Y138.176
G1 F4800 X111.195 Y137.31 E2096.68771
G1 F2700 E2091.68771
G0 F12000 X111.093 Y137.504
G0 X110.836 Y137.279
G0 X117.665 Y137.279
G0 X117.665 Y48.537
G0 X110.256 Y48.537
G0 X110.067 Y48.676
G1 F2700 E2096.68771
G1 F4800 X107.65 Y46.259 E2096.91509
G0 F12000 X107.868 Y46.286
G0 X108.295 Y45.086
G0 X108.116 Y44.961
G1 F4800 X110.975 Y44.195 E2097.11198
G0 F12000 X110.873 Y44.389
G0 X109.374 Y44.299
G0 X109.321 Y44.085
G1 F4800 X108.286 Y47.947 E2097.37795
G1 F2700 E2092.37795
G0 F12000 X108.435 Y47.786
G0 X108.694 Y48.125
G0 X102.335 Y48.125
G0 X102.339 Y144.607
G0 X106.577 Y148.85
G0 X108.694 Y146.732
G0 X110 Y146.832
G0 X110 Y146.571
;TYPE:SKIN
G1 F2700 E2097.37795
G1 F2400 X107.727 Y146.571 E2097.52915
G1 X104.76 Y143.601 E2097.8084
G1 X104.76 Y42.059 E2104.56301
G1 X107.727 Y39.092 E2104.84212
G1 X112.265 Y39.092 E2105.14399
G1 X115.24 Y42.063 E2105.42367
G1 X115.24 Y143.601 E2112.17801
G1 X112.265 Y146.572 E2112.45769
G1 X110 Y146.571 E2112.60836
G1 F2700 E2107.60836
G0 F12000 X110 Y146.832
G0 X110 Y141.536
G0 X110 Y141.712
G1 F2700 E2112.60836
G1 F2400 X110.287 Y141.713 E2112.62745
G1 X110.862 Y141.566 E2112.66693
G1 X111.334 Y141.318 E2112.7024
G1 X111.85 Y140.85 E2112.74874
G1 X112.115 Y140.452 E2112.78054
G1 X112.334 Y139.871 E2112.82185
G1 X112.4 Y139.34 E2112.85744
G1 X112.335 Y138.795 E2112.89395
G1 X112.111 Y138.185 E2112.93718
G1 X111.818 Y137.778 E2112.97054
G1 X111.326 Y137.338 E2113.01444
G1 X110.878 Y137.102 E2113.04813
G1 X110.302 Y136.954 E2113.08769
G1 X109.687 Y136.953 E2113.1286
G1 X109.187 Y137.077 E2113.16286
G1 X108.575 Y137.401 E2113.20893
G1 X108.271 Y137.669 E2113.23589
G1 X107.867 Y138.241 E2113.28247
G1 X107.681 Y138.729 E2113.31721
G1 X107.602 Y139.331 E2113.3576
G1 X107.678 Y139.931 E2113.39783
G1 X107.844 Y140.383 E2113.42986
G1 X108.223 Y140.939 E2113.47462
G1 X108.592 Y141.272 E2113.50768
G1 X109.153 Y141.573 E2113.55003
G1 X109.679 Y141.711 E2113.58621
G1 X110 Y141.712 E2113.60756
G1 F2700 E2108.60756
G0 F12000 X110 Y141.456
G0 X109.771 Y137.129
G0 X102.335 Y137.129
G0 X102.335 Y48.537
G0 X109.764 Y48.537
G0 X109.679 Y48.711
G1 F2700 E2113.60756
G1 F2400 X110.302 Y48.71 E2113.649
G1 X110.906 Y48.55 E2113.69057
G1 X111.294 Y48.346 E2113.71973
G1 X111.85 Y47.85 E2113.76929
G1 X112.115 Y47.452 E2113.8011
G1 X112.334 Y46.871 E2113.8424
G1 X112.4 Y46.34 E2113.87799
G1 X112.335 Y45.795 E2113.9145
G1 X112.111 Y45.185 E2113.95773
G1 X111.818 Y44.778 E2113.99109
G1 X111.326 Y44.338 E2114.035
G1 X110.878 Y44.102 E2114.06868
G1 X110.302 Y43.954 E2114.10824
G1 X109.679 Y43.953 E2114.14968
G1 X109.195 Y44.073 E2114.18285
G1 X108.614 Y44.375 E2114.22641
G1 X108.271 Y44.669 E2114.25646
G1 X107.867 Y45.241 E2114.30305
G1 X107.681 Y45.729 E2114.33779
G1 X107.602 Y46.331 E2114.37817
G1 X107.678 Y46.931 E2114.41841
G1 X107.844 Y47.383 E2114.45044
G1 X108.223 Y47.939 E2114.4952
G1 X108.613 Y48.285 E2114.52988
G1 X109.153 Y48.573 E2114.57059
G1 X109.679 Y48.711 E2114.60676
G1 F2700 E2109.60676
G0 F12000 X109.706 Y48.449
G0 X111.974 Y45.333
G0 X115.4 Y45.333
G0 X115.5 Y42.632
G0 X115.04 Y42.632
G1 F2700 E2114.60676
G1 F2400 X111.7 Y39.292 E2114.92097
G0 F12000 X111.134 Y39.292
G1 F2400 X115.04 Y43.198 E2115.28842
G0 F12000 X115.04 Y43.764
G1 F2400 X110.568 Y39.292 E2115.70912
G0 F12000 X110.002 Y39.292
G1 F2400 X115.04 Y44.329 E2116.18302
G0 F12000 X115.04 Y44.895
G1 F2400 X109.437 Y39.292 E2116.71011
G0 F12000 X108.871 Y39.292
G1 F2400 X115.04 Y45.461 E2117.29045
G0 F12000 X115.04 Y46.026
G1 F2400 X108.305 Y39.292 E2117.92399
G0 F12000 X107.775 Y39.327
G1 F2400 X115.04 Y46.592 E2118.60744
G0 F12000 X115.04 Y47.158
G1 F2400 X107.492 Y39.61 E2119.31751
G0 F12000 X107.209 Y39.893
G1 F2400 X111.903 Y44.587 E2119.75909
G1 X112.004 Y44.687
G1 X115.04 Y47.723 E2120.0447
G0 F12000 X115.04 Y48.289
G1 F2400 X112.535 Y45.784 E2120.28036
G0 F12000 X112.595 Y46.41
G1 F2400 X115.04 Y48.855 E2120.51037
G0 F12000 X115.04 Y49.42
G1 F2400 X112.53 Y46.91 E2120.74649
G0 F12000 X112.378 Y47.324
G1 F2400 X115.04 Y49.986 E2120.99692
G0 F12000 X115.04 Y50.552
G1 F2400 X112.191 Y47.703 E2121.26493
G0 F12000 X111.955 Y48.032
G1 F2400 X115.04 Y51.117 E2121.55515
G0 F12000 X115.04 Y51.683
G1 F2400 X111.656 Y48.299 E2121.8735
G0 F12000 X111.34 Y48.549
G1 F2400 X115.04 Y52.249 E2122.22157
G0 F12000 X115.04 Y52.815
G1 F2400 X110.969 Y48.744 E2122.60455
G0 F12000 X110.521 Y48.861
G1 F2400 X115.04 Y53.38 E2123.02967
G0 F12000 X115.04 Y53.946
G1 F2400 X110.01 Y48.916 E2123.50286
G0 F12000 X109.368 Y48.84
G1 F2400 X115.04 Y54.512 E2124.03644
G0 F12000 X115.04 Y55.077
G1 F2400 X104.959 Y44.997 E2124.98476
G0 F12000 X104.959 Y45.562
G1 F2400 X115.04 Y55.643 E2125.93311
G0 F12000 X115.04 Y56.209
G1 F2400 X104.959 Y46.128 E2126.88147
G0 F12000 X104.959 Y46.694
G1 F2400 X115.04 Y56.774 E2127.82978
G0 F12000 X115.04 Y57.34
G1 F2400 X104.959 Y47.259 E2128.77814
G0 F12000 X104.959 Y47.825
G1 F2400 X115.04 Y57.906 E2129.7265
G0 F12000 X115.04 Y58.471
G1 F2400 X104.959 Y48.391 E2130.67481
G0 F12000 X104.959 Y48.957
G1 F2400 X115.04 Y59.037 E2131.62313
G0 F12000 X115.04 Y59.603
G1 F2400 X104.959 Y49.522 E2132.57148
G0 F12000 X104.959 Y50.088
G1 F2400 X115.04 Y60.168 E2133.5198
G0 F12000 X115.04 Y60.734
G1 F2400 X104.959 Y50.654 E2134.46811
G0 F12000 X104.959 Y51.219
G1 F2400 X115.04 Y61.3 E2135.41647
G0 F12000 X115.04 Y61.865
G1 F2400 X104.959 Y51.785 E2136.36478
G0 F12000 X104.959 Y52.351
G1 F2400 X115.04 Y62.431 E2137.31309
G0 F12000 X115.04 Y62.997
G1 F2400 X104.959 Y52.916 E2138.26145
G0 F12000 X104.959 Y53.482
G1 F2400 X115.04 Y63.563 E2139.20981
G0 F12000 X115.04 Y64.128
G1 F2400 X104.959 Y54.048 E2140.15812
G0 F12000 X104.959 Y54.613
G1 F2400 X115.04 Y64.694 E2141.10648
G0 F12000 X115.04 Y65.26
G1 F2400 X104.959 Y55.179 E2142.05484
G0 F12000 X104.959 Y55.745
G1 F2400 X115.04 Y65.825 E2143.00315
G0 F12000 X115.04 Y66.391
G1 F2400 X104.959 Y56.31 E2143.95151
G0 F12000 X104.959 Y56.876
G1 F2400 X115.04 Y66.957 E2144.89986
G0 F12000 X115.04 Y67.522
G1 F2400 X104.959 Y57.442 E2145.84818
G0 F12000 X104.959 Y58.008
G1 F2400 X115.04 Y68.088 E2146.79649
G0 F12000 X115.04 Y68.654
G1 F2400 X104.959 Y58.573 E2147.74485
G0 F12000 X104.959 Y59.139
G1 F2400 X115.04 Y69.219 E2148.69316
G0 F12000 X115.04 Y69.785
G1 F2400 X104.959 Y59.705 E2149.64147
G0 F12000 X104.959 Y60.27
G1 F2400 X115.04 Y70.351 E2150.58983
G0 F12000 X115.04 Y70.916
G1 F2400 X104.959 Y60.836 E2151.53814
G0 F12000 X104.959 Y61.402
G1 F2400 X115.04 Y71.482 E2152.48645
G0 F12000 X115.04 Y72.048
G1 F2400 X104.959 Y61.967 E2153.43481
G0 F12000 X104.959 Y62.533
G1 F2400 X115.04 Y72.614 E2154.38317
G0 F12000 X115.04 Y73.179
G1 F2400 X104.959 Y63.099 E2155.33148
G0 F12000 X104.959 Y63.664
G1 F2400 X115.04 Y73.745 E2156.27984
G0 F12000 X115.04 Y74.311
G1 F2400 X104.959 Y64.23 E2157.2282
G0 F12000 X104.959 Y64.796
G1 F2400 X115.04 Y74.876 E2158.17651
G0 F12000 X115.04 Y75.442
G1 F2400 X104.959 Y65.361 E2159.12487
G0 F12000 X104.959 Y65.927
G1 F2400 X115.04 Y76.008 E2160.07323
G0 F12000 X115.04 Y76.573
G1 F2400 X104.959 Y66.493 E2161.02154
G0 F12000 X104.959 Y67.058
G1 F2400 X115.04 Y77.139 E2161.9699
G0 F12000 X115.04 Y77.705
G1 F2400 X104.959 Y67.624 E2162.91826
G0 F12000 X104.959 Y68.19
G1 F2400 X115.04 Y78.27 E2163.86657
G0 F12000 X115.04 Y78.836
G1 F2400 X104.959 Y68.756 E2164.81488
G0 F12000 X104.959 Y69.321
G1 F2400 X115.04 Y79.402 E2165.76324
G0 F12000 X115.04 Y79.967
G1 F2400 X104.959 Y69.887 E2166.71155
G0 F12000 X104.959 Y70.453
G1 F2400 X115.04 Y80.533 E2167.65986
G0 F12000 X115.04 Y81.099
G1 F2400 X104.959 Y71.018 E2168.60822
G0 F12000 X104.959 Y71.584
G1 F2400 X115.04 Y81.664 E2169.55653
G0 F12000 X115.04 Y82.23
G1 F2400 X104.959 Y72.15 E2170.50484
G0 F12000 X104.959 Y72.715
G1 F2400 X115.04 Y82.796 E2171.4532
G0 F12000 X115.04 Y83.362
G1 F2400 X104.959 Y73.281 E2172.40156
G0 F12000 X104.959 Y73.847
G1 F2400 X115.04 Y83.927 E2173.34987
G0 F12000 X115.04 Y84.493
G1 F2400 X104.959 Y74.412 E2174.29823
G0 F12000 X104.959 Y74.978
G1 F2400 X115.04 Y85.059 E2175.24659
G0 F12000 X115.04 Y85.624
G1 F2400 X104.959 Y75.544 E2176.1949
G0 F12000 X104.959 Y76.109
G1 F2400 X115.04 Y86.19 E2177.14326
G0 F12000 X115.04 Y86.756
G1 F2400 X104.959 Y76.675 E2178.09162
G0 F12000 X104.959 Y77.241
G1 F2400 X115.04 Y87.321 E2179.03993
G0 F12000 X115.04 Y87.887
G1 F2400 X104.959 Y77.806 E2179.98829
G0 F12000 X104.959 Y78.372
G1 F2400 X115.04 Y88.453 E2180.93665
G0 F12000 X115.04 Y89.018
G1 F2400 X104.959 Y78.938 E2181.88496
G0 F12000 X104.959 Y79.504
G1 F2400 X115.04 Y89.584 E2182.83327
G0 F12000 X115.04 Y90.15
G1 F2400 X104.959 Y80.069 E2183.78163
G0 F12000 X104.959 Y80.635
G1 F2400 X115.04 Y90.715 E2184.72994
G0 F12000 X115.04 Y91.281
G1 F2400 X104.959 Y81.201 E2185.67825
G0 F12000 X104.959 Y81.766
G1 F2400 X115.04 Y91.847 E2186.62661
G0 F12000 X115.04 Y92.412
G1 F2400 X104.959 Y82.332 E2187.57492
G0 F12000 X104.959 Y82.898
G1 F2400 X115.04 Y92.978 E2188.52323
G0 F12000 X115.04 Y93.544
G1 F2400 X104.959 Y83.463 E2189.47159
G0 F12000 X104.959 Y84.029
G1 F2400 X115.04 Y94.11 E2190.41995
G0 F12000 X115.04 Y94.675
G1 F2400 X104.959 Y84.595 E2191.36826
G0 F12000 X104.959 Y85.16
G1 F2400 X115.04 Y95.241 E2192.31662
G0 F12000 X115.04 Y95.807
G1 F2400 X104.959 Y85.726 E2193.26498
G0 F12000 X104.959 Y86.292
G1 F2400 X115.04 Y96.372 E2194.21329
G0 F12000 X115.04 Y96.938
G1 F2400 X104.959 Y86.857 E2195.16165
G0 F12000 X104.959 Y87.423
G1 F2400 X115.04 Y97.504 E2196.11001
G0 F12000 X115.04 Y98.069
G1 F2400 X104.959 Y87.989 E2197.05832
G0 F12000 X104.959 Y88.555
G1 F2400 X115.04 Y98.635 E2198.00663
G0 F12000 X115.04 Y99.201
G1 F2400 X104.959 Y89.12 E2198.95499
G0 F12000 X104.959 Y89.686
G1 F2400 X115.04 Y99.766 E2199.9033
G0 F12000 X115.04 Y100.332
G1 F2400 X104.959 Y90.252 E2200.85161
G0 F12000 X104.959 Y90.817
G1 F2400 X115.04 Y100.898 E2201.79997
G0 F12000 X115.04 Y101.463
G1 F2400 X104.959 Y91.383 E2202.74828
G0 F12000 X104.959 Y91.949
G1 F2400 X115.04 Y102.029 E2203.6966
G0 F12000 X115.04 Y102.595
G1 F2400 X104.959 Y92.514 E2204.64496
G0 F12000 X104.959 Y93.08
G1 F2400 X115.04 Y103.161 E2205.59331
G0 F12000 X115.04 Y103.726
G1 F2400 X104.959 Y93.646 E2206.54163
G0 F12000 X104.959 Y94.211
G1 F2400 X115.04 Y104.292 E2207.48998
G0 F12000 X115.04 Y104.858
G1 F2400 X104.959 Y94.777 E2208.43834
G0 F12000 X104.959 Y95.343
G1 F2400 X115.04 Y105.423 E2209.38665
G0 F12000 X115.04 Y105.989
G1 F2400 X104.959 Y95.908 E2210.33501
G0 F12000 X104.959 Y96.474
G1 F2400 X115.04 Y106.555 E2211.28337
G0 F12000 X115.04 Y107.12
G1 F2400 X104.959 Y97.04 E2212.23168
G0 F12000 X104.959 Y97.605
G1 F2400 X115.04 Y107.686 E2213.18004
G0 F12000 X115.04 Y108.252
G1 F2400 X104.959 Y98.171 E2214.1284
G0 F12000 X104.959 Y98.737
G1 F2400 X115.04 Y108.817 E2215.07671
G0 F12000 X115.04 Y109.383
G1 F2400 X104.959 Y99.303 E2216.02502
G0 F12000 X104.959 Y99.868
G1 F2400 X115.04 Y109.949 E2216.97338
G0 F12000 X115.04 Y110.514
G1 F2400 X104.959 Y100.434 E2217.92169
G0 F12000 X104.959 Y101
G1 F2400 X115.04 Y111.08 E2218.87001
G0 F12000 X115.04 Y111.646
G1 F2400 X104.959 Y101.565 E2219.81836
G0 F12000 X104.959 Y102.131
G1 F2400 X115.04 Y112.211 E2220.76668
G0 F12000 X115.04 Y112.777
G1 F2400 X104.959 Y102.697 E2221.71499
G0 F12000 X104.959 Y103.262
G1 F2400 X115.04 Y113.343 E2222.66335
G0 F12000 X115.04 Y113.909
G1 F2400 X104.959 Y103.828 E2223.61171
G0 F12000 X104.959 Y104.394
G1 F2400 X115.04 Y114.474 E2224.56002
G0 F12000 X115.04 Y115.04
G1 F2400 X104.959 Y104.959 E2225.50838
G0 F12000 X104.959 Y105.525
G1 F2400 X115.04 Y115.606 E2226.45673
G0 F12000 X115.04 Y116.171
G1 F2400 X104.959 Y106.091 E2227.40505
G0 F12000 X104.959 Y106.656
G1 F2400 X115.04 Y116.737 E2228.3534
G0 F12000 X115.04 Y117.303
G1 F2400 X104.959 Y107.222 E2229.30176
G0 F12000 X104.959 Y107.788
G1 F2400 X115.04 Y117.868 E2230.25007
G0 F12000 X115.04 Y118.434
G1 F2400 X104.959 Y108.354 E2231.19839
G0 F12000 X104.959 Y108.919
G1 F2400 X115.04 Y119 E2232.14674
G0 F12000 X115.04 Y119.565
G1 F2400 X104.959 Y109.485 E2233.09506
G0 F12000 X104.959 Y110.051
G1 F2400 X115.04 Y120.131 E2234.04337
G0 F12000 X115.04 Y120.697
G1 F2400 X104.959 Y110.616 E2234.99173
G0 F12000 X104.959 Y111.182
G1 F2400 X115.04 Y121.262 E2235.94004
G0 F12000 X115.04 Y121.828
G1 F2400 X104.959 Y111.748 E2236.88835
G0 F12000 X104.959 Y112.313
G1 F2400 X115.04 Y122.394 E2237.83671
G0 F12000 X115.04 Y122.96
G1 F2400 X104.959 Y112.879 E2238.78507
G0 F12000 X104.959 Y113.445
G1 F2400 X115.04 Y123.525 E2239.73338
G0 F12000 X115.04 Y124.091
G1 F2400 X104.959 Y114.01 E2240.68174
G0 F12000 X104.959 Y114.576
G1 F2400 X115.04 Y124.657 E2241.6301
G0 F12000 X115.04 Y125.222
G1 F2400 X104.959 Y115.142 E2242.57841
G0 F12000 X104.959 Y115.707
G1 F2400 X115.04 Y125.788 E2243.52677
G0 F12000 X115.04 Y126.354
G1 F2400 X104.959 Y116.273 E2244.47513
G0 F12000 X104.959 Y116.839
G1 F2400 X115.04 Y126.919 E2245.42344
G0 F12000 X115.04 Y127.485
G1 F2400 X104.959 Y117.404 E2246.3718
G0 F12000 X104.959 Y117.97
G1 F2400 X115.04 Y128.051 E2247.32015
G0 F12000 X115.04 Y128.616
G1 F2400 X104.959 Y118.536 E2248.26847
G0 F12000 X104.959 Y119.102
G1 F2400 X115.04 Y129.182 E2249.21678
G0 F12000 X115.04 Y129.748
G1 F2400 X104.959 Y119.667 E2250.16514
G0 F12000 X104.959 Y120.233
G1 F2400 X115.04 Y130.313 E2251.11345
G0 F12000 X115.04 Y130.879
G1 F2400 X104.959 Y120.799 E2252.06176
G0 F12000 X104.959 Y121.364
G1 F2400 X115.04 Y131.445 E2253.01012
G0 F12000 X115.04 Y132.01
G1 F2400 X104.959 Y121.93 E2253.95843
G0 F12000 X104.959 Y122.496
G1 F2400 X115.04 Y132.576 E2254.90674
G0 F12000 X115.04 Y133.142
G1 F2400 X104.959 Y123.061 E2255.8551
G0 F12000 X104.959 Y123.627
G1 F2400 X115.04 Y133.708 E2256.80346
G0 F12000 X115.04 Y134.273
G1 F2400 X104.959 Y124.193 E2257.75177
G0 F12000 X104.959 Y124.758
G1 F2400 X115.04 Y134.839 E2258.70013
G0 F12000 X115.04 Y135.405
G1 F2400 X104.959 Y125.324 E2259.64849
G0 F12000 X104.959 Y125.89
G1 F2400 X115.04 Y135.97 E2260.5968
G0 F12000 X115.04 Y136.536
G1 F2400 X104.959 Y126.455 E2261.54516
G0 F12000 X104.959 Y127.021
G1 F2400 X115.04 Y137.102 E2262.49352
G0 F12000 X115.04 Y137.667
G1 F2400 X104.959 Y127.587 E2263.44183
G0 F12000 X104.959 Y128.152
G1 F2400 X115.04 Y138.233 E2264.39019
G0 F12000 X115.04 Y138.799
G1 F2400 X104.959 Y128.718 E2265.33855
G0 F12000 X104.959 Y129.284
G1 F2400 X115.04 Y139.364 E2266.28686
G0 F12000 X115.04 Y139.93
G1 F2400 X104.959 Y129.85 E2267.23517
G0 F12000 X104.959 Y130.415
G1 F2400 X115.04 Y140.496 E2268.18353
G0 F12000 X115.04 Y141.061
G1 F2400 X112.422 Y138.444 E2268.42977
G0 F12000 X112.583 Y139.171
G1 F2400 X115.04 Y141.627 E2268.66086
G0 F12000 X115.04 Y142.193
G1 F2400 X112.556 Y139.709 E2268.89454
G0 F12000 X112.441 Y140.159
G1 F2400 X115.04 Y142.758 E2269.13904
G0 F12000 X115.04 Y143.324
G1 F2400 X112.284 Y140.568 E2269.3983
G0 F12000 X112.055 Y140.904
G1 F2400 X114.853 Y143.703 E2269.66157
G0 F12000 X114.57 Y143.986
G1 F2400 X111.776 Y141.192 E2269.92441
G0 F12000 X111.475 Y141.457
G1 F2400 X114.288 Y144.269 E2270.18899
G0 F12000 X114.004 Y144.551
G1 F2400 X111.117 Y141.664 E2270.46059
G0 F12000 X110.701 Y141.814
G1 F2400 X113.721 Y144.834 E2270.74469
G0 F12000 X113.438 Y145.117
G1 F2400 X110.233 Y141.911 E2271.04624
G0 F12000 X109.672 Y141.916
G1 F2400 X113.155 Y145.4 E2271.37395
G0 F12000 X112.872 Y145.682
G1 F2400 X108.8 Y141.61 E2271.75702
G0 F12000 X109.012 Y141.205
G0 X108.087 Y140.286
G0 X107.664 Y140.474
G1 F2400 X104.959 Y137.769 E2272.01149
G0 F12000 X104.959 Y138.335
G1 F2400 X112.589 Y145.965 E2272.72927
G0 F12000 X112.306 Y146.247
G1 F2400 X104.959 Y138.901 E2273.42038
G0 F12000 X104.959 Y139.466
G1 F2400 X111.865 Y146.372 E2274.07006
G0 F12000 X111.299 Y146.372
G1 F2400 X104.959 Y140.032 E2274.66649
G0 F12000 X104.959 Y140.598
G1 F2400 X110.734 Y146.372 E2275.20972
G0 F12000 X110.168 Y146.372
G1 F2400 X104.959 Y141.163 E2275.69975
G0 F12000 X104.959 Y141.729
G1 F2400 X109.602 Y146.371 E2276.13649
G0 F12000 X109.036 Y146.371
G1 F2400 X104.959 Y142.295 E2276.51998
G0 F12000 X104.959 Y142.86
G1 F2400 X108.47 Y146.371 E2276.85027
G0 F12000 X107.904 Y146.371
G1 F2400 X104.959 Y143.426 E2277.12732
G1 F2700 E2272.12732
G0 F12000 X104.5 Y143.426
G0 X104.6 Y139.64
G0 X107.782 Y139.333
G0 X107.9 Y139.64
G0 X107.446 Y139.69
G1 F2700 E2277.12732
G1 F2400 X104.959 Y137.203 E2277.36128
G0 F12000 X104.959 Y136.638
G1 F2400 X107.429 Y139.108 E2277.59364
G0 F12000 X107.505 Y138.618
G1 F2400 X104.959 Y136.072 E2277.83315
G0 F12000 X104.959 Y135.506
G1 F2400 X107.661 Y138.208 E2278.08734
G0 F12000 X107.885 Y137.867
G1 F2400 X104.959 Y134.941 E2278.3626
G0 F12000 X104.959 Y134.375
G1 F2400 X108.12 Y137.536 E2278.65997
G0 F12000 X108.421 Y137.271
G1 F2400 X104.959 Y133.809 E2278.98565
G0 F12000 X104.959 Y133.244
G1 F2400 X108.777 Y137.061 E2279.34478
G0 F12000 X109.16 Y136.878
G1 F2400 X104.959 Y132.678 E2279.73994
G0 F12000 X104.959 Y132.112
G1 F2400 X109.612 Y136.765 E2280.17766
G0 F12000 X110.161 Y136.748
G1 F2400 X104.959 Y131.547 E2280.66699
G0 F12000 X104.959 Y130.981
G1 F2400 X110.871 Y136.892 E2281.22311
G1 F2700 E2276.22311
G0 F12000 X110.734 Y137.331
G0 X110.255 Y137.13
G0 X117.665 Y137.13
G0 X117.661 Y41.059
G0 X113.274 Y36.672
G0 X106.726 Y36.672
G0 X102.339 Y41.059
G0 X102.335 Y47.781
G0 X108.332 Y47.781
G0 X107.929 Y46.855
G0 X107.48 Y46.951
G1 F2700 E2281.22311
G1 F2400 X104.959 Y44.431 E2281.46022
G0 F12000 X104.959 Y43.865
G1 F2400 X107.403 Y46.309 E2281.69014
G0 F12000 X107.469 Y45.809
G1 F2400 X104.959 Y43.3 E2281.92621
G0 F12000 X104.959 Y42.734
G1 F2400 X107.598 Y45.373 E2282.17448
G0 F12000 X107.791 Y45
G1 F2400 X104.959 Y42.168 E2282.44089
G0 F12000 X105.23 Y41.873
G1 F2400 X108.023 Y44.667 E2282.70369
G0 F12000 X108.3 Y44.377
G1 F2400 X105.512 Y41.59 E2282.96592
G0 F12000 X105.795 Y41.307
G1 F2400 X108.629 Y44.14 E2283.23248
G0 F12000 X108.998 Y43.944
G1 F2400 X106.078 Y41.024 E2283.50717
G0 F12000 X106.361 Y40.741
G1 F2400 X109.43 Y43.81 E2283.79589
G0 F12000 X109.936 Y43.751
G1 F2400 X106.644 Y40.459 E2284.10558
G0 F12000 X106.927 Y40.176
G1 F2400 X110.565 Y43.814 E2284.44782
G0 F12000 X110.383 Y44.553
G1 F2700 E2279.44782
;MESH:NONMESH
G0 F300 Z2.2
G0 F12000 X109.764 Y48.537
G0 X102.335 Y48.537
G0 X101.07 Y48.537
G0 X100.1 Y138.777
;TIME_ELAPSED:1891.520621
;LAYER:5
;TYPE:WALL-INNER
;MESH:bump_plate.obj(1)
G1 F2700 E2284.44782
G1 F2400 X100.1 Y41.913 E2290.89124
G1 X96.916 Y38.732 E2291.19063
G1 X92.08 Y38.732 E2291.51232
G1 X88.9 Y41.912 E2291.81147
G1 X88.9 Y143.752 E2298.5859
G1 X92.08 Y146.932 E2298.88505
G1 X96.916 Y146.932 E2299.20675
G1 X100.1 Y143.751 E2299.50614
G1 X100.1 Y138.777 E2299.83701
G0 F12000 X100.5 Y142.059
G1 F2400 X100.5 Y41.747 E2306.50979
G1 X97.082 Y38.332 E2306.83119
G1 X91.915 Y38.332 E2307.1749
G1 X88.5 Y41.747 E2307.49616
G1 X88.5 Y143.917 E2314.29254
G1 X91.915 Y147.332 E2314.6138
G1 X97.082 Y147.332 E2314.95751
G1 X100.5 Y143.917 E2315.27892
G1 X100.5 Y142.059 E2315.40251
G0 F12000 X100.545 Y144.002
G0 X100.763 Y144.22
G1 F2400 X100.9 Y144.083 E2315.4154
G1 X100.9 Y41.581 E2322.23386
G1 X97.247 Y37.932 E2322.57732
G1 X91.749 Y37.932 E2322.94305
G1 X88.1 Y41.581 E2323.28633
G1 X88.1 Y144.083 E2330.10479
G1 X91.749 Y147.732 E2330.44806
G1 X97.247 Y147.732 E2330.81379
G1 X100.763 Y144.22 E2331.14437
G0 F12000 X100.825 Y144.724
;TYPE:WALL-OUTER
G1 F2400 X101.3 Y144.249 E2331.18905
G1 X101.3 Y41.415 E2338.0296
G1 X97.413 Y37.532 E2338.39508
G1 X91.583 Y37.532 E2338.78289
G1 X87.7 Y41.415 E2339.14818
G1 X87.7 Y144.249 E2345.98872
G1 X91.583 Y148.132 E2346.35401
G1 X97.413 Y148.132 E2346.74182
G1 X100.825 Y144.724 E2347.06262
G1 F2700 E2342.06262
G0 F12000 X100.324 Y144.223
G0 X99.9 Y141.132
G0 X96.052 Y140.46
G0 X94.326 Y141.132
G0 X94.303 Y141.349
;TYPE:FILL
G1 F2700 E2347.06262
G1 F4800 X92.466 Y139.512 E2347.23543
G0 F12000 X92.626 Y140.18
G1 F4800 X93.291 Y137.697 E2347.40642
G0 F12000 X92.684 Y138.411
G1 F4800 X95.613 Y137.626 E2347.60814
G1 F2700 E2342.60814
G0 F12000 X95.465 Y137.788
G0 X94.816 Y137.456
G0 X102.165 Y137.456
G0 X102.165 Y48.241
G0 X94.702 Y48.241
G0 X94.68 Y48.389
G1 F2700 E2347.60814
G1 F4800 X92.463 Y46.171 E2347.81674
G0 F12000 X92.677 Y46.216
G0 X93.015 Y45.322
G0 X92.838 Y45.195
G1 F4800 X95.421 Y44.503 E2347.99463
G0 F12000 X95.354 Y44.712
G0 X93.486 Y44.837
G0 X93.377 Y44.648
G1 F4800 X92.679 Y47.254 E2348.17409
G1 F2700 E2343.17409
G0 F12000 X92.858 Y47.132
G0 X93.202 Y47.747
G0 X86.835 Y47.747
G0 X86.839 Y41.059
G0 X91.226 Y36.672
G0 X97.774 Y36.672
G0 X102.161 Y41.059
G0 X102.165 Y137.425
G0 X94.596 Y137.425
G0 X94.695 Y141.16
G0 X94.712 Y141.431
;TYPE:SKIN
G1 F2700 E2348.17409
G1 F2400 X95.522 Y141.172 E2348.23066
G1 X96.211 Y140.556 E2348.29214
G1 X96.566 Y139.751 E2348.35066
G1 X96.564 Y138.9 E2348.40727
G1 X96.21 Y138.103 E2348.46528
G1 X95.527 Y137.494 E2348.52615
G1 X94.712 Y137.233 E2348.58308
G1 X93.869 Y137.324 E2348.63948
G1 X93.094 Y137.76 E2348.69863
G1 X92.557 Y138.509 E2348.75994
G1 X92.387 Y139.339 E2348.8163
G1 X92.573 Y140.176 E2348.87333
G1 X93.096 Y140.903 E2348.93291
G1 X93.871 Y141.342 E2348.99215
G1 X94.712 Y141.431 E2349.04841
G1 F2700 E2344.04841
G0 F12000 X94.695 Y141.16
G0 X96.388 Y139.031
G0 X99.9 Y139.031
G0 X100 Y135.824
G0 X99.74 Y135.824
G1 F2700 E2349.04841
G1 F2400 X99.74 Y143.601 E2349.56574
G1 X96.765 Y146.572 E2349.84542
G1 X92.227 Y146.572 E2350.14729
G1 X89.26 Y143.601 E2350.42659
G1 X89.26 Y42.059 E2357.1812
G1 X92.227 Y39.092 E2357.46031
G1 X96.765 Y39.092 E2357.76218
G1 X99.74 Y42.063 E2358.04186
G1 X99.74 Y135.824 E2364.27887
G1 F2700 E2359.27887
G0 F12000 X100 Y135.824
G0 X99.9 Y48.16
G0 X96.052 Y47.46
G0 X94.695 Y48.16
G0 X94.722 Y48.427
G1 F2700 E2364.27887
G1 F2400 X95.522 Y48.167 E2364.33483
G1 X96.211 Y47.556 E2364.39609
G1 X96.566 Y46.751 E2364.45461
G1 X96.564 Y45.9 E2364.51122
G1 X96.21 Y45.103 E2364.56923
G1 X95.521 Y44.49 E2364.63058
G1 X94.709 Y44.229 E2364.68731
G1 X93.866 Y44.323 E2364.74374
G1 X93.095 Y44.758 E2364.80262
G1 X92.557 Y45.509 E2364.86408
G1 X92.387 Y46.339 E2364.92043
G1 X92.573 Y47.175 E2364.97741
G1 X93.09 Y47.905 E2365.03691
G1 X93.878 Y48.34 E2365.09678
G1 X94.722 Y48.427 E2365.15322
G1 F2700 E2360.15322
G0 F12000 X94.695 Y48.16
G0 X92.742 Y45.567
G0 X89.1 Y45.567
G0 X89 Y42.344
G0 X89.46 Y42.344
G1 F2700 E2365.15322
G1 F2400 X92.513 Y39.292 E2365.44039
G0 F12000 X93.079 Y39.292
G1 F2400 X89.46 Y42.91 E2365.78079
G0 F12000 X89.46 Y43.476
G1 F2400 X93.644 Y39.292 E2366.1744
G0 F12000 X94.21 Y39.292
G1 F2400 X89.46 Y44.041 E2366.6212
G0 F12000 X89.46 Y44.607
G1 F2400 X94.776 Y39.292 E2367.12125
G0 F12000 X95.341 Y39.292
G1 F2400 X89.46 Y45.173 E2367.6745
G0 F12000 X89.46 Y45.738
G1 F2400 X95.907 Y39.292 E2368.28095
G0 F12000 X96.473 Y39.292
G1 F2400 X89.46 Y46.304 E2368.94064
G0 F12000 X89.46 Y46.87
G1 F2400 X96.861 Y39.469 E2369.63688
G0 F12000 X97.144 Y39.752
G1 F2400 X89.46 Y47.436 E2370.35974
G0 F12000 X89.46 Y48.001
G1 F2400 X97.427 Y40.035 E2371.10918
G0 F12000 X97.71 Y40.317
G1 F2400 X93.909 Y44.118 E2371.46676
G0 F12000 X94.545 Y44.048
G1 F2400 X97.993 Y40.6 E2371.79112
G0 F12000 X98.276 Y40.883
G1 F2400 X95.034 Y44.125 E2372.09611
G0 F12000 X95.462 Y44.262
G1 F2400 X98.559 Y41.166 E2372.38741
G0 F12000 X98.842 Y41.448
G1 F2400 X95.81 Y44.48 E2372.67264
G0 F12000 X96.109 Y44.746
G1 F2400 X99.125 Y41.731 E2372.95632
G0 F12000 X99.408 Y42.013
G1 F2400 X96.389 Y45.032 E2373.24033
G0 F12000 X96.569 Y45.418
G1 F2400 X99.54 Y42.447 E2373.51983
G0 F12000 X99.54 Y43.013
G1 F2400 X96.737 Y45.816 E2373.78351
G0 F12000 X96.764 Y46.354
G1 F2400 X99.54 Y43.578 E2374.04466
G0 F12000 X99.54 Y44.144
G1 F2400 X96.675 Y47.009 E2374.31419
G0 F12000 X96.256 Y46.822
G0 X95.058 Y48.051
G0 X95.198 Y48.486
G1 F2400 X89.46 Y54.224 E2374.85398
G0 F12000 X89.46 Y54.789
G1 F2400 X99.54 Y44.71 E2375.8022
G0 F12000 X99.54 Y45.275
G1 F2400 X89.46 Y55.355 E2376.75046
G0 F12000 X89.46 Y55.921
G1 F2400 X99.54 Y45.841 E2377.69873
G0 F12000 X99.54 Y46.407
G1 F2400 X89.46 Y56.487 E2378.64699
G0 F12000 X89.46 Y57.052
G1 F2400 X99.54 Y46.972 E2379.59526
G0 F12000 X99.54 Y47.538
G1 F2400 X89.46 Y57.618 E2380.54352
G0 F12000 X89.46 Y58.184
G1 F2400 X99.54 Y48.104 E2381.49179
G0 F12000 X99.54 Y48.669
G1 F2400 X89.46 Y58.749 E2382.44005
G0 F12000 X89.46 Y59.315
G1 F2400 X99.54 Y49.235 E2383.38832
G0 F12000 X99.54 Y49.801
G1 F2400 X89.46 Y59.881 E2384.33658
G0 F12000 X89.46 Y60.446
G1 F2400 X99.54 Y50.367 E2385.2848
G0 F12000 X99.54 Y50.932
G1 F2400 X89.46 Y61.012 E2386.23306
G0 F12000 X89.46 Y61.578
G1 F2400 X99.54 Y51.498 E2387.18133
G0 F12000 X99.54 Y52.064
G1 F2400 X89.46 Y62.143 E2388.12954
G0 F12000 X89.46 Y62.709
G1 F2400 X99.54 Y52.629 E2389.07781
G0 F12000 X99.54 Y53.195
G1 F2400 X89.46 Y63.275 E2390.02607
G0 F12000 X89.46 Y63.84
G1 F2400 X99.54 Y53.761 E2390.97429
G0 F12000 X99.54 Y54.326
G1 F2400 X89.46 Y64.406 E2391.92256
G0 F12000 X89.46 Y64.972
G1 F2400 X99.54 Y54.892 E2392.87082
G0 F12000 X99.54 Y55.458
G1 F2400 X89.46 Y65.537 E2393.81904
G0 F12000 X89.46 Y66.103
G1 F2400 X99.54 Y56.023 E2394.7673
G0 F12000 X99.54 Y56.589
G1 F2400 X89.46 Y66.669 E2395.71557
G0 F12000 X89.46 Y67.235
G1 F2400 X99.54 Y57.155 E2396.66383
G0 F12000 X99.54 Y57.72
G1 F2400 X89.46 Y67.8 E2397.6121
G0 F12000 X89.46 Y68.366
G1 F2400 X99.54 Y58.286 E2398.56036
G0 F12000 X99.54 Y58.852
G1 F2400 X89.46 Y68.932 E2399.50863
G0 F12000 X89.46 Y69.497
G1 F2400 X99.54 Y59.417 E2400.45689
G0 F12000 X99.54 Y59.983
G1 F2400 X89.46 Y70.063 E2401.40515
G0 F12000 X89.46 Y70.629
G1 F2400 X99.54 Y60.549 E2402.35342
G0 F12000 X99.54 Y61.115
G1 F2400 X89.46 Y71.194 E2403.30164
G0 F12000 X89.46 Y71.76
G1 F2400 X99.54 Y61.68 E2404.2499
G0 F12000 X99.54 Y62.246
G1 F2400 X89.46 Y72.326 E2405.19817
G0 F12000 X89.46 Y72.891
G1 F2400 X99.54 Y62.812 E2406.14638
G0 F12000 X99.54 Y63.377
G1 F2400 X89.46 Y73.457 E2407.09465
G0 F12000 X89.46 Y74.023
G1 F2400 X99.54 Y63.943 E2408.04291
G0 F12000 X99.54 Y64.509
G1 F2400 X89.46 Y74.588 E2408.99113
G0 F12000 X89.46 Y75.154
G1 F2400 X99.54 Y65.074 E2409.93939
G0 F12000 X99.54 Y65.64
G1 F2400 X89.46 Y75.72 E2410.88766
G0 F12000 X89.46 Y76.286
G1 F2400 X99.54 Y66.206 E2411.83592
G0 F12000 X99.54 Y66.771
G1 F2400 X89.46 Y76.851 E2412.78419
G0 F12000 X89.46 Y77.417
G1 F2400 X99.54 Y67.337 E2413.73245
G0 F12000 X99.54 Y67.903
G1 F2400 X89.46 Y77.983 E2414.68072
G0 F12000 X89.46 Y78.548
G1 F2400 X99.54 Y68.468 E2415.62898
G0 F12000 X99.54 Y69.034
G1 F2400 X89.46 Y79.114 E2416.57725
G0 F12000 X89.46 Y79.68
G1 F2400 X99.54 Y69.6 E2417.52551
G0 F12000 X99.54 Y70.165
G1 F2400 X89.46 Y80.245 E2418.47378
G0 F12000 X89.46 Y80.811
G1 F2400 X99.54 Y70.731 E2419.42204
G0 F12000 X99.54 Y71.297
G1 F2400 X89.46 Y81.377 E2420.3703
G0 F12000 X89.46 Y81.942
G1 F2400 X99.54 Y71.863 E2421.31852
G0 F12000 X99.54 Y72.428
G1 F2400 X89.46 Y82.508 E2422.26679
G0 F12000 X89.46 Y83.074
G1 F2400 X99.54 Y72.994 E2423.21505
G0 F12000 X99.54 Y73.56
G1 F2400 X89.46 Y83.639 E2424.16327
G0 F12000 X89.46 Y84.205
G1 F2400 X99.54 Y74.125 E2425.11153
G0 F12000 X99.54 Y74.691
G1 F2400 X89.46 Y84.771 E2426.0598
G0 F12000 X89.46 Y85.336
G1 F2400 X99.54 Y75.257 E2427.00802
G0 F12000 X99.54 Y75.822
G1 F2400 X89.46 Y85.902 E2427.95628
G0 F12000 X89.46 Y86.468
G1 F2400 X99.54 Y76.388 E2428.90455
G0 F12000 X99.54 Y76.954
G1 F2400 X89.46 Y87.034 E2429.85281
G0 F12000 X89.46 Y87.599
G1 F2400 X99.54 Y77.519 E2430.80107
G0 F12000 X99.54 Y78.085
G1 F2400 X89.46 Y88.165 E2431.74934
G0 F12000 X89.46 Y88.731
G1 F2400 X99.54 Y78.651 E2432.6976
G0 F12000 X99.54 Y79.216
G1 F2400 X89.46 Y89.296 E2433.64587
G0 F12000 X89.46 Y89.862
G1 F2400 X99.54 Y79.782 E2434.59413
G0 F12000 X99.54 Y80.348
G1 F2400 X89.46 Y90.428 E2435.5424
G0 F12000 X89.46 Y90.993
G1 F2400 X99.54 Y80.914 E2436.49061
G0 F12000 X99.54 Y81.479
G1 F2400 X89.46 Y91.559 E2437.43888
G0 F12000 X89.46 Y92.125
G1 F2400 X99.54 Y82.045 E2438.38714
G0 F12000 X99.54 Y82.611
G1 F2400 X89.46 Y92.69 E2439.33536
G0 F12000 X89.46 Y93.256
G1 F2400 X99.54 Y83.176 E2440.28363
G0 F12000 X99.54 Y83.742
G1 F2400 X89.46 Y93.822 E2441.23189
G0 F12000 X89.46 Y94.387
G1 F2400 X99.54 Y84.308 E2442.18011
G0 F12000 X99.54 Y84.873
G1 F2400 X89.46 Y94.953 E2443.12837
G0 F12000 X89.46 Y95.519
G1 F2400 X99.54 Y85.439 E2444.07664
G0 F12000 X99.54 Y86.005
G1 F2400 X89.46 Y96.084 E2445.02486
G0 F12000 X89.46 Y96.65
G1 F2400 X99.54 Y86.57 E2445.97312
G0 F12000 X99.54 Y87.136
G1 F2400 X89.46 Y97.216 E2446.92138
G0 F12000 X89.46 Y97.782
G1 F2400 X99.54 Y87.702 E2447.86965
G0 F12000 X99.54 Y88.267
G1 F2400 X89.46 Y98.347 E2448.81791
G0 F12000 X89.46 Y98.913
G1 F2400 X99.54 Y88.833 E2449.76618
G0 F12000 X99.54 Y89.399
G1 F2400 X89.46 Y99.479 E2450.71444
G0 F12000 X89.46 Y100.044
G1 F2400 X99.54 Y89.964 E2451.66271
G0 F12000 X99.54 Y90.53
G1 F2400 X89.46 Y100.61 E2452.61097
G0 F12000 X89.46 Y101.176
G1 F2400 X99.54 Y91.096 E2453.55924
G0 F12000 X99.54 Y91.662
G1 F2400 X89.46 Y101.741 E2454.50745
G0 F12000 X89.46 Y102.307
G1 F2400 X99.54 Y92.227 E2455.45572
G0 F12000 X99.54 Y92.793
G1 F2400 X89.46 Y102.873 E2456.40398
G0 F12000 X89.46 Y103.438
G1 F2400 X99.54 Y93.359 E2457.3522
G0 F12000 X99.54 Y93.924
G1 F2400 X89.46 Y104.004 E2458.30047
G0 F12000 X89.46 Y104.57
G1 F2400 X99.54 Y94.49 E2459.24873
G0 F12000 X99.54 Y95.056
G1 F2400 X89.46 Y105.135 E2460.19695
G0 F12000 X89.46 Y105.701
G1 F2400 X99.54 Y95.621 E2461.14521
G0 F12000 X99.54 Y96.187
G1 F2400 X89.46 Y106.267 E2462.09348
G0 F12000 X89.46 Y106.833
G1 F2400 X99.54 Y96.753 E2463.04174
G0 F12000 X99.54 Y97.318
G1 F2400 X89.46 Y107.398 E2463.99001
G0 F12000 X89.46 Y107.964
G1 F2400 X99.54 Y97.884 E2464.93827
G0 F12000 X99.54 Y98.45
G1 F2400 X89.46 Y108.53 E2465.88653
G0 F12000 X89.46 Y109.095
G1 F2400 X99.54 Y99.015 E2466.8348
G0 F12000 X99.54 Y99.581
G1 F2400 X89.46 Y109.661 E2467.78306
G0 F12000 X89.46 Y110.227
G1 F2400 X99.54 Y100.147 E2468.73133
G0 F12000 X99.54 Y100.713
G1 F2400 X89.46 Y110.792 E2469.67955
G0 F12000 X89.46 Y111.358
G1 F2400 X99.54 Y101.278 E2470.62781
G0 F12000 X99.54 Y101.844
G1 F2400 X89.46 Y111.924 E2471.57608
G0 F12000 X89.46 Y112.489
G1 F2400 X99.54 Y102.41 E2472.52429
G0 F12000 X99.54 Y102.975
G1 F2400 X89.46 Y113.055 E2473.47256
G0 F12000 X89.46 Y113.621
G1 F2400 X99.54 Y103.541 E2474.42082
G0 F12000 X99.54 Y104.107
G1 F2400 X89.46 Y114.186 E2475.36904
G0 F12000 X89.46 Y114.752
G1 F2400 X99.54 Y104.672 E2476.3173
G0 F12000 X99.54 Y105.238
G1 F2400 X89.46 Y115.318 E2477.26557
G0 F12000 X89.46 Y115.883
G1 F2400 X99.54 Y105.804 E2478.21379
G0 F12000 X99.54 Y106.369
G1 F2400 X89.46 Y116.449 E2479.16205
G0 F12000 X89.46 Y117.015
G1 F2400 X99.54 Y106.935 E2480.11032
G0 F12000 X99.54 Y107.501
G1 F2400 X89.46 Y117.581 E2481.05858
G0 F12000 X89.46 Y118.146
G1 F2400 X99.54 Y108.066 E2482.00684
G0 F12000 X99.54 Y108.632
G1 F2400 X89.46 Y118.712 E2482.95511
G0 F12000 X89.46 Y119.278
G1 F2400 X99.54 Y109.198 E2483.90337
G0 F12000 X99.54 Y109.763
G1 F2400 X89.46 Y119.843 E2484.85164
G0 F12000 X89.46 Y120.409
G1 F2400 X99.54 Y110.329 E2485.7999
G0 F12000 X99.54 Y110.895
G1 F2400 X89.46 Y120.975 E2486.74817
G0 F12000 X89.46 Y121.54
G1 F2400 X99.54 Y111.461 E2487.69639
G0 F12000 X99.54 Y112.026
G1 F2400 X89.46 Y122.106 E2488.64465
G0 F12000 X89.46 Y122.672
G1 F2400 X99.54 Y112.592 E2489.59291
G0 F12000 X99.54 Y113.158
G1 F2400 X89.46 Y123.237 E2490.54113
G0 F12000 X89.46 Y123.803
G1 F2400 X99.54 Y113.723 E2491.4894
G0 F12000 X99.54 Y114.289
G1 F2400 X89.46 Y124.369 E2492.43766
G0 F12000 X89.46 Y124.934
G1 F2400 X99.54 Y114.855 E2493.38588
G0 F12000 X99.54 Y115.42
G1 F2400 X89.46 Y125.5 E2494.33414
G0 F12000 X89.46 Y126.066
G1 F2400 X99.54 Y115.986 E2495.28241
G0 F12000 X99.54 Y116.552
G1 F2400 X89.46 Y126.632 E2496.23067
G0 F12000 X89.46 Y127.197
G1 F2400 X99.54 Y117.117 E2497.17894
G0 F12000 X99.54 Y117.683
G1 F2400 X89.46 Y127.763 E2498.1272
G0 F12000 X89.46 Y128.329
G1 F2400 X99.54 Y118.249 E2499.07547
G0 F12000 X99.54 Y118.814
G1 F2400 X89.46 Y128.894 E2500.02373
G0 F12000 X89.46 Y129.46
G1 F2400 X99.54 Y119.38 E2500.972
G0 F12000 X99.54 Y119.946
G1 F2400 X89.46 Y130.026 E2501.92026
G0 F12000 X89.46 Y130.591
G1 F2400 X99.54 Y120.512 E2502.86848
G0 F12000 X99.54 Y121.077
G1 F2400 X89.46 Y131.157 E2503.81674
G0 F12000 X89.46 Y131.723
G1 F2400 X99.54 Y121.643 E2504.76501
G0 F12000 X99.54 Y122.209
G1 F2400 X89.46 Y132.288 E2505.71322
G0 F12000 X89.46 Y132.854
G1 F2400 X99.54 Y122.774 E2506.66149
G0 F12000 X99.54 Y123.34
G1 F2400 X89.46 Y133.42 E2507.60975
G0 F12000 X89.46 Y133.985
G1 F2400 X99.54 Y123.906 E2508.55797
G0 F12000 X99.54 Y124.471
G1 F2400 X89.46 Y134.551 E2509.50624
G0 F12000 X89.46 Y135.117
G1 F2400 X99.54 Y125.037 E2510.4545
G0 F12000 X99.54 Y125.603
G1 F2400 X89.46 Y135.682 E2511.40272
G0 F12000 X89.46 Y136.248
G1 F2400 X99.54 Y126.168 E2512.35098
G0 F12000 X99.54 Y126.734
G1 F2400 X89.46 Y136.814 E2513.29925
G0 F12000 X89.46 Y137.38
G1 F2400 X99.54 Y127.3 E2514.24751
G0 F12000 X99.54 Y127.865
G1 F2400 X89.46 Y137.945 E2515.19578
G0 F12000 X89.46 Y138.511
G1 F2400 X99.54 Y128.431 E2516.14404
G0 F12000 X99.54 Y128.997
G1 F2400 X89.46 Y139.077 E2517.09231
G0 F12000 X89.46 Y139.642
G1 F2400 X99.54 Y129.562 E2518.04057
G0 F12000 X99.54 Y130.128
G1 F2400 X89.46 Y140.208 E2518.98883
G0 F12000 X89.46 Y140.774
G1 F2400 X99.54 Y130.694 E2519.9371
G0 F12000 X99.54 Y131.26
G1 F2400 X93.502 Y137.298 E2520.50512
G0 F12000 X94.289 Y137.076
G1 F2400 X99.54 Y131.825 E2520.9991
G0 F12000 X99.54 Y132.391
G1 F2400 X94.86 Y137.071 E2521.43936
G0 F12000 X95.288 Y137.208
G1 F2400 X99.54 Y132.957 E2521.83932
G0 F12000 X99.54 Y133.522
G1 F2400 X95.689 Y137.373 E2522.2016
G0 F12000 X95.988 Y137.64
G1 F2400 X99.54 Y134.088 E2522.53575
G0 F12000 X99.54 Y134.654
G1 F2400 X96.288 Y137.906 E2522.84168
G0 F12000 X96.499 Y138.261
G1 F2400 X99.54 Y135.219 E2523.1278
G0 F12000 X99.54 Y135.785
G1 F2400 X96.673 Y138.652 E2523.39751
G0 F12000 X96.764 Y139.127
G1 F2400 X99.54 Y136.351 E2523.65866
G0 F12000 X99.54 Y136.916
G1 F2400 X96.763 Y139.693 E2523.9199
G0 F12000 X96.31 Y139.632
G0 X96.003 Y140.389
G0 X96.376 Y140.646
G1 F2400 X99.54 Y137.482 E2524.21755
G0 F12000 X99.54 Y138.048
G1 F2400 X91.763 Y145.825 E2524.94917
G0 F12000 X92.046 Y146.107
G1 F2400 X99.54 Y138.613 E2525.65416
G0 F12000 X99.54 Y139.179
G1 F2400 X92.347 Y146.373 E2526.33088
G0 F12000 X92.912 Y146.373
G1 F2400 X99.54 Y139.745 E2526.9544
G0 F12000 X99.54 Y140.31
G1 F2400 X93.478 Y146.373 E2527.52472
G0 F12000 X94.044 Y146.373
G1 F2400 X99.54 Y140.876 E2528.0418
G0 F12000 X99.54 Y141.442
G1 F2400 X94.609 Y146.373 E2528.50568
G0 F12000 X95.175 Y146.373
G1 F2400 X99.54 Y142.008 E2528.91631
G0 F12000 X99.54 Y142.573
G1 F2400 X95.741 Y146.373 E2529.27374
G0 F12000 X96.307 Y146.373
G1 F2400 X99.54 Y143.139 E2529.57793
G1 F2700 E2524.57793
G0 F12000 X100 Y143.139
G0 X99.9 Y140.587
G0 X96.333 Y139.846
G0 X95.792 Y140.587
G0 X96.094 Y140.928
G1 F2700 E2529.57793
G1 F2400 X91.481 Y145.542 E2530.01194
G0 F12000 X91.198 Y145.258
G1 F2400 X94.867 Y141.59 E2530.35705
G0 F12000 X94.305 Y141.586
G1 F2400 X90.916 Y144.975 E2530.67587
G0 F12000 X90.633 Y144.692
G1 F2400 X93.797 Y141.528 E2530.97352
G0 F12000 X93.434 Y141.326
G1 F2400 X90.351 Y144.409 E2531.26355
G0 F12000 X90.068 Y144.126
G1 F2400 X93.071 Y141.123 E2531.54605
G0 F12000 X92.794 Y140.834
G1 F2400 X89.785 Y143.843 E2531.82912
G0 F12000 X89.502 Y143.56
G1 F2400 X92.56 Y140.503 E2532.11675
G0 F12000 X92.359 Y140.137
G1 F2400 X89.46 Y143.036 E2532.38947
G0 F12000 X89.46 Y142.471
G1 F2400 X92.257 Y139.674 E2532.65259
G0 F12000 X92.222 Y139.143
G1 F2400 X89.46 Y141.905 E2532.91243
G0 F12000 X89.46 Y141.339
G1 F2400 X92.401 Y138.398 E2533.1891
G1 F2700 E2528.1891
G0 F12000 X92.813 Y138.606
G0 X93.206 Y137.916
G0 X89.1 Y137.916
G0 X89 Y53.658
G0 X89.46 Y53.658
G1 F2700 E2533.1891
G1 F2400 X94.509 Y48.609 E2533.66408
G0 F12000 X93.996 Y48.556
G1 F2400 X89.46 Y53.092 E2534.09079
G0 F12000 X89.46 Y52.527
G1 F2400 X93.579 Y48.408 E2534.47829
G0 F12000 X93.216 Y48.205
G1 F2400 X89.46 Y51.961 E2534.83163
G0 F12000 X89.46 Y51.395
G1 F2400 X92.888 Y47.967 E2535.15411
G0 F12000 X92.654 Y47.636
G1 F2400 X89.46 Y50.83 E2535.45458
G0 F12000 X89.46 Y50.264
G1 F2400 X92.423 Y47.301 E2535.73332
G0 F12000 X92.299 Y46.86
G1 F2400 X89.46 Y49.698 E2536.00035
G0 F12000 X89.46 Y49.133
G1 F2400 X92.195 Y46.398 E2536.25765
G0 F12000 X92.31 Y45.717
G1 F2400 X89.46 Y48.567 E2536.52576
G0 F12000 X88.71 Y48.567
G1 F2700 E2531.52576
;MESH:bump_plate.obj
G0 F12000 X89.064 Y143.684
G0 X92.148 Y146.768
G0 X96.848 Y146.768
G0 X101.072 Y144.156
G0 X103.428 Y144.156
G0 X107.648 Y146.768
G0 X110 Y146.932
;TYPE:WALL-INNER
G1 F2700 E2536.52576
G1 F2400 X112.416 Y146.932 E2536.68647
G1 X115.6 Y143.751 E2536.98586
G1 X115.6 Y41.913 E2543.76015
G1 X112.416 Y38.732 E2544.05954
G1 X107.58 Y38.732 E2544.38123
G1 X104.4 Y41.912 E2544.68039
G1 X104.4 Y143.752 E2551.45481
G1 X107.58 Y146.932 E2551.75397
G1 X110 Y146.932 E2551.91495
G0 F12000 X110 Y147.332
G1 F2400 X112.582 Y147.332 E2552.0867
G1 X116 Y143.917 E2552.4081
G1 X116 Y41.747 E2559.20448
G1 X112.582 Y38.332 E2559.52588
G1 X107.415 Y38.332 E2559.86959
G1 X104 Y41.747 E2560.19086
G1 X104 Y143.917 E2566.98723
G1 X107.415 Y147.332 E2567.30849
G1 X110 Y147.332 E2567.48045
G0 F12000 X110 Y147.732
G1 F2400 X112.747 Y147.732 E2567.66318
G1 X116.4 Y144.083 E2568.00664
G1 X116.4 Y41.581 E2574.82511
G1 X112.747 Y37.932 E2575.16857
G1 X107.249 Y37.932 E2575.5343
G1 X103.6 Y41.581 E2575.87757
G1 X103.6 Y144.083 E2582.69603
G1 X107.249 Y147.732 E2583.03931
G1 X110 Y147.732 E2583.22231
G0 F12000 X110 Y148.132
;TYPE:WALL-OUTER
G1 F2400 X112.913 Y148.132 E2583.41608
G1 X116.8 Y144.249 E2583.78156
G1 X116.8 Y41.415 E2590.6221
G1 X112.913 Y37.532 E2590.98758
G1 X107.083 Y37.532 E2591.37539
G1 X103.2 Y41.415 E2591.74068
G1 X103.2 Y144.249 E2598.58123
G1 X107.083 Y148.132 E2598.94652
G1 X110 Y148.132 E2599.14056
G1 F2700 E2594.14056
G0 F12000 X110 Y147.423
G0 X109.825 Y146.732
G0 X110.096 Y141.241
G0 X109.825 Y141.132
G0 X109.802 Y141.349
;TYPE:FILL
G1 F2700 E2599.14056
G1 F4800 X107.965 Y139.512 E2599.31337
G0 F12000 X108.126 Y140.182
G1 F4800 X108.791 Y137.697 E2599.48449
G0 F12000 X108.183 Y138.41
G1 F4800 X111.112 Y137.626 E2599.68619
G1 F2700 E2594.68619
G0 F12000 X110.965 Y137.788
G0 X110.316 Y137.456
G0 X117.665 Y137.456
G0 X117.665 Y48.241
G0 X110.202 Y48.241
G0 X110.18 Y48.389
G1 F2700 E2599.68619
G1 F4800 X107.962 Y46.171 E2599.89484
G0 F12000 X108.177 Y46.216
G0 X108.516 Y45.322
G0 X108.338 Y45.194
G1 F4800 X110.919 Y44.503 E2600.07258
G0 F12000 X110.852 Y44.711
G0 X108.986 Y44.837
G0 X108.877 Y44.648
G1 F4800 X108.179 Y47.255 E2600.2521
G1 F2700 E2595.2521
G0 F12000 X108.36 Y47.134
G0 X108.702 Y47.747
G0 X102.335 Y47.747
G0 X102.339 Y144.607
G0 X106.581 Y148.854
G0 X108.702 Y146.732
G0 X110 Y146.832
G0 X110 Y146.572
;TYPE:SKIN
G1 F2700 E2600.2521
G1 F2400 X107.727 Y146.572 E2600.4033
G1 X104.76 Y143.601 E2600.68261
G1 X104.76 Y42.059 E2607.43721
G1 X107.727 Y39.092 E2607.71633
G1 X112.265 Y39.092 E2608.0182
G1 X115.24 Y42.063 E2608.29788
G1 X115.24 Y143.601 E2615.05221
G1 X112.265 Y146.572 E2615.33189
G1 X110 Y146.572 E2615.48256
G1 F2700 E2610.48256
G0 F12000 X110 Y146.832
G0 X110.096 Y141.241
G0 X110 Y141.409
G1 F2700 E2615.48256
G1 F2400 X110.212 Y141.431 E2615.49674
G1 X111.022 Y141.172 E2615.55331
G1 X111.711 Y140.556 E2615.61479
G1 X112.066 Y139.751 E2615.67331
G1 X112.064 Y138.9 E2615.72992
G1 X111.71 Y138.103 E2615.78793
G1 X111.027 Y137.494 E2615.84881
G1 X110.212 Y137.233 E2615.90573
G1 X109.369 Y137.324 E2615.96213
G1 X108.594 Y137.76 E2616.02129
G1 X108.057 Y138.509 E2616.08259
G1 X107.887 Y139.339 E2616.13895
G1 X108.073 Y140.176 E2616.19598
G1 X108.596 Y140.903 E2616.25556
G1 X109.371 Y141.342 E2616.31481
G1 X110 Y141.409 E2616.35689
G1 F2700 E2611.35689
G0 F12000 X110.027 Y141.153
G0 X110.195 Y137.426
G0 X117.665 Y137.426
G0 X117.665 Y48.24
G0 X110.195 Y48.24
G0 X110.222 Y48.427
G1 F2700 E2616.35689
G1 F2400 X111.022 Y48.167 E2616.41284
G1 X111.711 Y47.556 E2616.4741
G1 X112.066 Y46.751 E2616.53263
G1 X112.064 Y45.9 E2616.58923
G1 X111.71 Y45.103 E2616.64725
G1 X111.021 Y44.49 E2616.70859
G1 X110.209 Y44.229 E2616.76533
G1 X109.366 Y44.323 E2616.82175
G1 X108.595 Y44.758 E2616.88064
G1 X108.057 Y45.509 E2616.94209
G1 X107.887 Y46.339 E2616.99845
G1 X108.073 Y47.175 E2617.05542
G1 X108.59 Y47.905 E2617.11492
G1 X109.378 Y48.34 E2617.1748
G1 X110.222 Y48.427 E2617.23124
G1 F2700 E2612.23124
G0 F12000 X110.195 Y48.16
G0 X108.242 Y45.567
G0 X104.6 Y45.567
G0 X104.5 Y42.684
G0 X104.96 Y42.684
G1 F2700 E2617.23124
G1 F2400 X108.352 Y39.292 E2617.55034
G0 F12000 X108.918 Y39.292
G1 F2400 X104.96 Y43.249 E2617.92264
G0 F12000 X104.96 Y43.815
G1 F2400 X109.483 Y39.292 E2618.34813
G0 F12000 X110.049 Y39.292
G1 F2400 X104.96 Y44.381 E2618.82687
G0 F12000 X104.96 Y44.947
G1 F2400 X110.615 Y39.292 E2619.35886
G0 F12000 X111.181 Y39.292
G1 F2400 X104.96 Y45.512 E2619.94405
G0 F12000 X104.96 Y46.078
G1 F2400 X111.746 Y39.292 E2620.58243
G0 F12000 X112.248 Y39.356
G1 F2400 X104.96 Y46.644 E2621.26804
G0 F12000 X104.96 Y47.209
G1 F2400 X112.53 Y39.639 E2621.98018
G0 F12000 X112.813 Y39.922
G1 F2400 X104.96 Y47.775 E2622.71895
G0 F12000 X104.96 Y48.341
G1 F2400 X107.9 Y45.4 E2622.99557
G0 F12000 X107.722 Y46.144
G1 F2400 X104.96 Y48.906 E2623.2554
G0 F12000 X104.96 Y49.472
G1 F2400 X107.757 Y46.675 E2623.51853
G0 F12000 X107.86 Y47.138
G1 F2400 X104.96 Y50.038 E2623.79134
G0 F12000 X104.96 Y50.603
G1 F2400 X108.06 Y47.503 E2624.08297
G0 F12000 X108.294 Y47.835
G1 F2400 X104.96 Y51.169 E2624.39661
G0 F12000 X104.96 Y51.735
G1 F2400 X108.571 Y48.124 E2624.73631
G0 F12000 X108.934 Y48.327
G1 F2400 X104.96 Y52.3 E2625.11011
G0 F12000 X104.96 Y52.866
G1 F2400 X109.297 Y48.529 E2625.51811
G0 F12000 X109.804 Y48.588
G1 F2400 X104.96 Y53.432 E2625.97381
G0 F12000 X104.96 Y53.998
G1 F2400 X110.363 Y48.594 E2626.48213
G0 F12000 X110.256 Y48.146
G0 X111.289 Y47.589
G0 X111.593 Y47.93
G1 F2400 X104.96 Y54.563 E2627.10613
G0 F12000 X104.96 Y55.129
G1 F2400 X115.04 Y45.049 E2628.05439
G0 F12000 X115.04 Y45.615
G1 F2400 X104.96 Y55.695 E2629.00266
G0 F12000 X104.96 Y56.26
G1 F2400 X115.04 Y46.18 E2629.95092
G0 F12000 X115.04 Y46.746
G1 F2400 X104.96 Y56.826 E2630.89919
G0 F12000 X104.96 Y57.392
G1 F2400 X115.04 Y47.312 E2631.84745
G0 F12000 X115.04 Y47.877
G1 F2400 X104.96 Y57.957 E2632.79571
G0 F12000 X104.96 Y58.523
G1 F2400 X115.04 Y48.443 E2633.74398
G0 F12000 X115.04 Y49.009
G1 F2400 X104.96 Y59.089 E2634.69224
G0 F12000 X104.96 Y59.654
G1 F2400 X115.04 Y49.575 E2635.64046
G0 F12000 X115.04 Y50.14
G1 F2400 X104.96 Y60.22 E2636.58873
G0 F12000 X104.96 Y60.786
G1 F2400 X115.04 Y50.706 E2637.53699
G0 F12000 X115.04 Y51.272
G1 F2400 X104.96 Y61.351 E2638.48521
G0 F12000 X104.96 Y61.917
G1 F2400 X115.04 Y51.837 E2639.43347
G0 F12000 X115.04 Y52.403
G1 F2400 X104.96 Y62.483 E2640.38174
G0 F12000 X104.96 Y63.048
G1 F2400 X115.04 Y52.969 E2641.32995
G0 F12000 X115.04 Y53.534
G1 F2400 X104.96 Y63.614 E2642.27822
G0 F12000 X104.96 Y64.18
G1 F2400 X115.04 Y54.1 E2643.22648
G0 F12000 X115.04 Y54.666
G1 F2400 X104.96 Y64.746 E2644.17475
G0 F12000 X104.96 Y65.311
G1 F2400 X115.04 Y55.231 E2645.12301
G0 F12000 X115.04 Y55.797
G1 F2400 X104.96 Y65.877 E2646.07128
G0 F12000 X104.96 Y66.443
G1 F2400 X115.04 Y56.363 E2647.01954
G0 F12000 X115.04 Y56.928
G1 F2400 X104.96 Y67.008 E2647.96781
G0 F12000 X104.96 Y67.574
G1 F2400 X115.04 Y57.494 E2648.91607
G0 F12000 X115.04 Y58.06
G1 F2400 X104.96 Y68.14 E2649.86434
G0 F12000 X104.96 Y68.705
G1 F2400 X115.04 Y58.626 E2650.81255
G0 F12000 X115.04 Y59.191
G1 F2400 X104.96 Y69.271 E2651.76082
G0 F12000 X104.96 Y69.837
G1 F2400 X115.04 Y59.757 E2652.70908
G0 F12000 X115.04 Y60.323
G1 F2400 X104.96 Y70.402 E2653.6573
G0 F12000 X104.96 Y70.968
G1 F2400 X115.04 Y60.888 E2654.60556
G0 F12000 X115.04 Y61.454
G1 F2400 X104.96 Y71.534 E2655.55383
G0 F12000 X104.96 Y72.099
G1 F2400 X115.04 Y62.02 E2656.50205
G0 F12000 X115.04 Y62.585
G1 F2400 X104.96 Y72.665 E2657.45031
G0 F12000 X104.96 Y73.231
G1 F2400 X115.04 Y63.151 E2658.39858
G0 F12000 X115.04 Y63.717
G1 F2400 X104.96 Y73.796 E2659.34679
G0 F12000 X104.96 Y74.362
G1 F2400 X115.04 Y64.282 E2660.29506
G0 F12000 X115.04 Y64.848
G1 F2400 X104.96 Y74.928 E2661.24332
G0 F12000 X104.96 Y75.494
G1 F2400 X115.04 Y65.414 E2662.19159
G0 F12000 X115.04 Y65.979
G1 F2400 X104.96 Y76.059 E2663.13985
G0 F12000 X104.96 Y76.625
G1 F2400 X115.04 Y66.545 E2664.08812
G0 F12000 X115.04 Y67.111
G1 F2400 X104.96 Y77.191 E2665.03638
G0 F12000 X104.96 Y77.756
G1 F2400 X115.04 Y67.676 E2665.98465
G0 F12000 X115.04 Y68.242
G1 F2400 X104.96 Y78.322 E2666.93291
G0 F12000 X104.96 Y78.888
G1 F2400 X115.04 Y68.808 E2667.88118
G0 F12000 X115.04 Y69.374
G1 F2400 X104.96 Y79.453 E2668.82939
G0 F12000 X104.96 Y80.019
G1 F2400 X115.04 Y69.939 E2669.77766
G0 F12000 X115.04 Y70.505
G1 F2400 X104.96 Y80.585 E2670.72592
G0 F12000 X104.96 Y81.15
G1 F2400 X115.04 Y71.071 E2671.67414
G0 F12000 X115.04 Y71.636
G1 F2400 X104.96 Y81.716 E2672.6224
G0 F12000 X104.96 Y82.282
G1 F2400 X115.04 Y72.202 E2673.57067
G0 F12000 X115.04 Y72.768
G1 F2400 X104.96 Y82.847 E2674.51889
G0 F12000 X104.96 Y83.413
G1 F2400 X115.04 Y73.333 E2675.46715
G0 F12000 X115.04 Y73.899
G1 F2400 X104.96 Y83.979 E2676.41542
G0 F12000 X104.96 Y84.545
G1 F2400 X115.04 Y74.465 E2677.36368
G0 F12000 X115.04 Y75.03
G1 F2400 X104.96 Y85.11 E2678.31194
G0 F12000 X104.96 Y85.676
G1 F2400 X115.04 Y75.596 E2679.26021
G0 F12000 X115.04 Y76.162
G1 F2400 X104.96 Y86.242 E2680.20847
G0 F12000 X104.96 Y86.807
G1 F2400 X115.04 Y76.727 E2681.15674
G0 F12000 X115.04 Y77.293
G1 F2400 X104.96 Y87.373 E2682.105
G0 F12000 X104.96 Y87.939
G1 F2400 X115.04 Y77.859 E2683.05327
G0 F12000 X115.04 Y78.425
G1 F2400 X104.96 Y88.504 E2684.00148
G0 F12000 X104.96 Y89.07
G1 F2400 X115.04 Y78.99 E2684.94975
G0 F12000 X115.04 Y79.556
G1 F2400 X104.96 Y89.636 E2685.89801
G0 F12000 X104.96 Y90.201
G1 F2400 X115.04 Y80.122 E2686.84623
G0 F12000 X115.04 Y80.687
G1 F2400 X104.96 Y90.767 E2687.7945
G0 F12000 X104.96 Y91.333
G1 F2400 X115.04 Y81.253 E2688.74276
G0 F12000 X115.04 Y81.819
G1 F2400 X104.96 Y91.898 E2689.69098
G0 F12000 X104.96 Y92.464
G1 F2400 X115.04 Y82.384 E2690.63924
G0 F12000 X115.04 Y82.95
G1 F2400 X104.96 Y93.03 E2691.58751
G0 F12000 X104.96 Y93.595
G1 F2400 X115.04 Y83.516 E2692.53573
G0 F12000 X115.04 Y84.081
G1 F2400 X104.96 Y94.161 E2693.48399
G0 F12000 X104.96 Y94.727
G1 F2400 X115.04 Y84.647 E2694.43225
G0 F12000 X115.04 Y85.213
G1 F2400 X104.96 Y95.293 E2695.38052
G0 F12000 X104.96 Y95.858
G1 F2400 X115.04 Y85.778 E2696.32878
G0 F12000 X115.04 Y86.344
G1 F2400 X104.96 Y96.424 E2697.27705
G0 F12000 X104.96 Y96.99
G1 F2400 X115.04 Y86.91 E2698.22531
G0 F12000 X115.04 Y87.475
G1 F2400 X104.96 Y97.555 E2699.17358
G0 F12000 X104.96 Y98.121
G1 F2400 X115.04 Y88.041 E2700.12184
G0 F12000 X115.04 Y88.607
G1 F2400 X104.96 Y98.687 E2701.07011
G0 F12000 X104.96 Y99.252
G1 F2400 X115.04 Y89.173 E2702.01832
G0 F12000 X115.04 Y89.738
G1 F2400 X104.96 Y99.818 E2702.96659
G0 F12000 X104.96 Y100.384
G1 F2400 X115.04 Y90.304 E2703.91485
G0 F12000 X115.04 Y90.87
G1 F2400 X104.96 Y100.949 E2704.86307
G0 F12000 X104.96 Y101.515
G1 F2400 X115.04 Y91.435 E2705.81134
G0 F12000 X115.04 Y92.001
G1 F2400 X104.96 Y102.081 E2706.7596
G0 F12000 X104.96 Y102.646
G1 F2400 X115.04 Y92.567 E2707.70782
G0 F12000 X115.04 Y93.132
G1 F2400 X104.96 Y103.212 E2708.65608
G0 F12000 X104.96 Y103.778
G1 F2400 X115.04 Y93.698 E2709.60435
G0 F12000 X115.04 Y94.264
G1 F2400 X104.96 Y104.344 E2710.55261
G0 F12000 X104.96 Y104.909
G1 F2400 X115.04 Y94.829 E2711.50088
G0 F12000 X115.04 Y95.395
G1 F2400 X104.96 Y105.475 E2712.44914
G0 F12000 X104.96 Y106.041
G1 F2400 X115.04 Y95.961 E2713.39741
G0 F12000 X115.04 Y96.526
G1 F2400 X104.96 Y106.606 E2714.34567
G0 F12000 X104.96 Y107.172
G1 F2400 X115.04 Y97.092 E2715.29393
G0 F12000 X115.04 Y97.658
G1 F2400 X104.96 Y107.738 E2716.2422
G0 F12000 X104.96 Y108.303
G1 F2400 X115.04 Y98.223 E2717.19046
G0 F12000 X115.04 Y98.789
G1 F2400 X104.96 Y108.869 E2718.13873
G0 F12000 X104.96 Y109.435
G1 F2400 X115.04 Y99.355 E2719.08699
G0 F12000 X115.04 Y99.921
G1 F2400 X104.96 Y110 E2720.03521
G0 F12000 X104.96 Y110.566
G1 F2400 X115.04 Y100.486 E2720.98347
G0 F12000 X115.04 Y101.052
G1 F2400 X104.96 Y111.132 E2721.93174
G0 F12000 X104.96 Y111.697
G1 F2400 X115.04 Y101.618 E2722.87996
G0 F12000 X115.04 Y102.183
G1 F2400 X104.96 Y112.263 E2723.82822
G0 F12000 X104.96 Y112.829
G1 F2400 X115.04 Y102.749 E2724.77649
G0 F12000 X115.04 Y103.315
G1 F2400 X104.96 Y113.394 E2725.7247
G0 F12000 X104.96 Y113.96
G1 F2400 X115.04 Y103.88 E2726.67297
G0 F12000 X115.04 Y104.446
G1 F2400 X104.96 Y114.526 E2727.62123
G0 F12000 X104.96 Y115.092
G1 F2400 X115.04 Y105.012 E2728.5695
G0 F12000 X115.04 Y105.577
G1 F2400 X104.96 Y115.657 E2729.51776
G0 F12000 X104.96 Y116.223
G1 F2400 X115.04 Y106.143 E2730.46603
G0 F12000 X115.04 Y106.709
G1 F2400 X104.96 Y116.789 E2731.41429
G0 F12000 X104.96 Y117.354
G1 F2400 X115.04 Y107.274 E2732.36256
G0 F12000 X115.04 Y107.84
G1 F2400 X104.96 Y117.92 E2733.31082
G0 F12000 X104.96 Y118.486
G1 F2400 X115.04 Y108.406 E2734.25908
G0 F12000 X115.04 Y108.972
G1 F2400 X104.96 Y119.051 E2735.2073
G0 F12000 X104.96 Y119.617
G1 F2400 X115.04 Y109.537 E2736.15557
G0 F12000 X115.04 Y110.103
G1 F2400 X104.96 Y120.183 E2737.10383
G0 F12000 X104.96 Y120.748
G1 F2400 X115.04 Y110.669 E2738.05205
G0 F12000 X115.04 Y111.234
G1 F2400 X104.96 Y121.314 E2739.00031
G0 F12000 X104.96 Y121.88
G1 F2400 X115.04 Y111.8 E2739.94858
G0 F12000 X115.04 Y112.366
G1 F2400 X104.96 Y122.445 E2740.8968
G0 F12000 X104.96 Y123.011
G1 F2400 X115.04 Y112.931 E2741.84506
G0 F12000 X115.04 Y113.497
G1 F2400 X104.96 Y123.577 E2742.79333
G0 F12000 X104.96 Y124.142
G1 F2400 X115.04 Y114.063 E2743.74154
G0 F12000 X115.04 Y114.628
G1 F2400 X104.96 Y124.708 E2744.68981
G0 F12000 X104.96 Y125.274
G1 F2400 X115.04 Y115.194 E2745.63807
G0 F12000 X115.04 Y115.76
G1 F2400 X104.96 Y125.84 E2746.58634
G0 F12000 X104.96 Y126.405
G1 F2400 X115.04 Y116.325 E2747.5346
G0 F12000 X115.04 Y116.891
G1 F2400 X104.96 Y126.971 E2748.48287
G0 F12000 X104.96 Y127.537
G1 F2400 X115.04 Y117.457 E2749.43113
G0 F12000 X115.04 Y118.022
G1 F2400 X104.96 Y128.102 E2750.37939
G0 F12000 X104.96 Y128.668
G1 F2400 X115.04 Y118.588 E2751.32766
G0 F12000 X115.04 Y119.154
G1 F2400 X104.96 Y129.234 E2752.27592
G0 F12000 X104.96 Y129.799
G1 F2400 X115.04 Y119.72 E2753.22414
G0 F12000 X115.04 Y120.285
G1 F2400 X104.96 Y130.365 E2754.17241
G0 F12000 X104.96 Y130.931
G1 F2400 X115.04 Y120.851 E2755.12067
G0 F12000 X115.04 Y121.417
G1 F2400 X104.96 Y131.496 E2756.06889
G0 F12000 X104.96 Y132.062
G1 F2400 X115.04 Y121.982 E2757.01715
G0 F12000 X115.04 Y122.548
G1 F2400 X104.96 Y132.628 E2757.96542
G0 F12000 X104.96 Y133.193
G1 F2400 X115.04 Y123.114 E2758.91364
G0 F12000 X115.04 Y123.679
G1 F2400 X104.96 Y133.759 E2759.8619
G0 F12000 X104.96 Y134.325
G1 F2400 X115.04 Y124.245 E2760.81016
G0 F12000 X115.04 Y124.811
G1 F2400 X104.96 Y134.891 E2761.75843
G0 F12000 X104.96 Y135.456
G1 F2400 X115.04 Y125.376 E2762.70669
G0 F12000 X115.04 Y125.942
G1 F2400 X104.96 Y136.022 E2763.65496
G0 F12000 X104.96 Y136.588
G1 F2400 X115.04 Y126.508 E2764.60322
G0 F12000 X115.04 Y127.073
G1 F2400 X104.96 Y137.153 E2765.55149
G0 F12000 X104.96 Y137.719
G1 F2400 X115.04 Y127.639 E2766.49975
G0 F12000 X115.04 Y128.205
G1 F2400 X104.96 Y138.285 E2767.44802
G0 F12000 X104.96 Y138.85
G1 F2400 X115.04 Y128.771 E2768.39623
G0 F12000 X115.04 Y129.336
G1 F2400 X104.96 Y139.416 E2769.3445
G0 F12000 X104.96 Y139.982
G1 F2400 X115.04 Y129.902 E2770.29276
G0 F12000 X115.04 Y130.468
G1 F2400 X104.96 Y140.547 E2771.24098
G0 F12000 X104.96 Y141.113
G1 F2400 X115.04 Y131.033 E2772.18925
G0 F12000 X115.04 Y131.599
G1 F2400 X109.536 Y137.103 E2772.70703
G0 F12000 X110.168 Y137.037
G1 F2400 X115.04 Y132.165 E2773.16536
G0 F12000 X115.04 Y132.73
G1 F2400 X110.617 Y137.153 E2773.58144
G0 F12000 X111.045 Y137.291
G1 F2400 X115.04 Y133.296 E2773.95727
G0 F12000 X115.04 Y133.862
G1 F2400 X111.369 Y137.532 E2774.30257
G0 F12000 X111.668 Y137.799
G1 F2400 X115.04 Y134.427 E2774.61978
G0 F12000 X115.04 Y134.993
G1 F2400 X111.929 Y138.104 E2774.91245
G0 F12000 X112.103 Y138.495
G1 F2400 X115.04 Y135.559 E2775.1887
G0 F12000 X115.04 Y136.124
G1 F2400 X112.257 Y138.907 E2775.4505
G0 F12000 X112.264 Y139.466
G1 F2400 X115.04 Y136.69 E2775.71165
G0 F12000 X115.04 Y137.256
G1 F2400 X112.085 Y140.211 E2775.98964
G0 F12000 X111.666 Y140.025
G0 X110.725 Y140.996
G0 X110.865 Y141.431
G1 F2400 X106.868 Y145.428 E2776.36565
G0 F12000 X107.151 Y145.711
G1 F2400 X115.04 Y137.821 E2777.10785
G0 F12000 X115.04 Y138.387
G1 F2400 X107.434 Y145.994 E2777.82342
G0 F12000 X107.716 Y146.276
G1 F2400 X115.04 Y138.953 E2778.51237
G0 F12000 X115.04 Y139.519
G1 F2400 X108.187 Y146.372 E2779.15706
G0 F12000 X108.752 Y146.372
G1 F2400 X115.04 Y140.084 E2779.7486
G0 F12000 X115.04 Y140.65
G1 F2400 X109.318 Y146.372 E2780.28689
G0 F12000 X109.884 Y146.372
G1 F2400 X115.04 Y141.216 E2780.77193
G0 F12000 X115.04 Y141.781
G1 F2400 X110.449 Y146.372 E2781.20383
G0 F12000 X111.015 Y146.372
G1 F2400 X115.04 Y142.347 E2781.58247
G0 F12000 X115.04 Y142.913
G1 F2400 X111.581 Y146.372 E2781.90788
G0 F12000 X112.146 Y146.372
G1 F2400 X115.04 Y143.478 E2782.18013
G1 F2700 E2777.18013
G0 F12000 X115.5 Y143.478
G0 X115.4 Y141.16
G0 X111.552 Y140.46
G0 X110.111 Y141.16
G0 X110.111 Y141.619
G1 F2700 E2782.18013
G1 F2400 X106.585 Y145.145 E2782.51183
G0 F12000 X106.303 Y144.861
G1 F2400 X109.599 Y141.565 E2782.8219
G0 F12000 X109.151 Y141.448
G1 F2400 X106.02 Y144.579 E2783.11644
G0 F12000 X105.737 Y144.296
G1 F2400 X108.788 Y141.245 E2783.40346
G0 F12000 X108.435 Y141.032
G1 F2400 X105.454 Y144.013 E2783.6839
G0 F12000 X105.172 Y143.73
G1 F2400 X108.2 Y140.702 E2783.96875
G0 F12000 X107.965 Y140.371
G1 F2400 X104.96 Y143.376 E2784.25144
G0 F12000 X104.96 Y142.81
G1 F2400 X107.819 Y139.951 E2784.5204
G0 F12000 X107.716 Y139.488
G1 F2400 X104.96 Y142.244 E2784.77967
G0 F12000 X104.96 Y141.679
G1 F2400 X107.781 Y138.857 E2785.0451
G1 F2700 E2780.0451
G0 F12000 X108.233 Y138.952
G0 X108.706 Y137.916
G0 X102.335 Y137.916
G0 X102.339 Y144.607
G0 X106.726 Y148.994
G0 X113.274 Y148.994
G0 X117.661 Y144.607
G0 X117.665 Y47.998
G0 X110.953 Y47.998
G0 X111.498 Y47.397
G0 X111.875 Y47.648
G1 F2700 E2785.0451
G1 F2400 X115.04 Y44.483 E2785.34284
G0 F12000 X115.04 Y43.918
G1 F2400 X112.263 Y46.695 E2785.60408
G0 F12000 X112.264 Y46.128
G1 F2400 X115.04 Y43.352 E2785.86523
G0 F12000 X115.04 Y42.786
G1 F2400 X112.174 Y45.652 E2786.13485
G0 F12000 X111.999 Y45.261
G1 F2400 X115.04 Y42.221 E2786.42088
G0 F12000 X114.795 Y41.9
G1 F2400 X111.789 Y44.906 E2786.70367
G0 F12000 X111.49 Y44.64
G1 F2400 X114.512 Y41.617 E2786.98801
G0 F12000 X114.229 Y41.335
G1 F2400 X111.19 Y44.373 E2787.27385
G0 F12000 X110.791 Y44.207
G1 F2400 X113.945 Y41.052 E2787.5706
G0 F12000 X113.662 Y40.77
G1 F2400 X110.362 Y44.07 E2787.88105
G0 F12000 X109.79 Y44.076
G1 F2400 X113.38 Y40.487 E2788.21873
G0 F12000 X113.096 Y40.205
G1 F2400 X109.001 Y44.3 E2788.60396
G0 F12000 X109.379 Y44.955
G1 F2700 E2783.60396
;MESH:NONMESH
G0 F300 Z2.6
G0 F12000 X109.273 Y48.086
G0 X102.335 Y48.086
G0 X101.07 Y48.086
G0 X100.1 Y138.777
;TIME_ELAPSED:2158.948245
;LAYER:6
;TYPE:WALL-INNER
;MESH:bump_plate.obj(1)
G1 F2700 E2788.60396
G1 F2400 X100.1 Y41.913 E2795.04738
G1 X96.916 Y38.732 E2795.34677
G1 X92.08 Y38.732 E2795.66846
G1 X88.9 Y41.912 E2795.96762
G1 X88.9 Y143.752 E2802.74204
G1 X92.08 Y146.932 E2803.0412
G1 X96.916 Y146.932 E2803.36289
G1 X100.1 Y143.751 E2803.66228
G1 X100.1 Y138.777 E2803.99315
G0 F12000 X100.5 Y142.059
G1 F2400 X100.5 Y41.747 E2810.66593
G1 X97.082 Y38.332 E2810.98733
G1 X91.915 Y38.332 E2811.33104
G1 X88.5 Y41.747 E2811.65231
G1 X88.5 Y143.917 E2818.44868
G1 X91.915 Y147.332 E2818.76994
G1 X97.082 Y147.332 E2819.11365
G1 X100.5 Y143.917 E2819.43506
G1 X100.5 Y142.059 E2819.55865
G0 F12000 X100.545 Y144.002
G0 X100.763 Y144.22
G1 F2400 X100.9 Y144.083 E2819.57154
G1 X100.9 Y41.581 E2826.39
G1 X97.247 Y37.932 E2826.73347
G1 X91.749 Y37.932 E2827.09919
G1 X88.1 Y41.581 E2827.44247
G1 X88.1 Y144.083 E2834.26093
G1 X91.749 Y147.732 E2834.60421
G1 X97.247 Y147.732 E2834.96993
G1 X100.763 Y144.22 E2835.30051
G0 F12000 X100.825 Y144.724
;TYPE:WALL-OUTER
G1 F2400 X101.3 Y144.249 E2835.34519
G1 X101.3 Y41.415 E2842.18574
G1 X97.413 Y37.532 E2842.55122
G1 X91.583 Y37.532 E2842.93903
G1 X87.7 Y41.415 E2843.30432
G1 X87.7 Y144.249 E2850.14486
G1 X91.583 Y148.132 E2850.51015
G1 X97.413 Y148.132 E2850.89797
G1 X100.825 Y144.724 E2851.21876
G1 F2700 E2846.21876
G0 F12000 X100.324 Y144.223
G0 X99.9 Y140.81
G0 X95.788 Y140.271
G0 X94.404 Y140.81
G0 X94.381 Y141.027
;TYPE:FILL
G1 F2700 E2851.21876
G1 F4800 X92.784 Y139.431 E2851.36895
G0 F12000 X92.912 Y138.643
G1 F4800 X95.499 Y137.95 E2851.5471
G1 F2700 E2846.5471
G0 F12000 X95.352 Y138.112
G0 X94.664 Y137.748
G0 X102.165 Y137.748
G0 X102.165 Y47.918
G0 X94.667 Y47.918
G0 X94.733 Y48.042
G1 F2700 E2851.5471
G1 F4800 X92.809 Y46.118 E2851.7281
G0 F12000 X93.059 Y45.429
G1 F4800 X95.332 Y44.819 E2851.88465
G1 F2700 E2846.88465
G0 F12000 X95.261 Y45.03
G0 X94.667 Y47.918
G0 X102.165 Y47.918
G0 X102.165 Y137.748
G0 X94.664 Y137.748
G0 X94.661 Y140.834
G0 X94.683 Y141.099
;TYPE:SKIN
G1 F2700 E2851.88465
G1 F2400 X95.383 Y140.87 E2851.93364
G1 X95.934 Y140.376 E2851.98287
G1 X96.234 Y139.691 E2852.03262
G1 X96.236 Y138.959 E2852.08131
G1 X95.933 Y138.29 E2852.13016
G1 X95.383 Y137.797 E2852.1793
G1 X94.686 Y137.565 E2852.22816
G1 X93.953 Y137.644 E2852.2772
G1 X93.308 Y138.011 E2852.32657
G1 X92.877 Y138.605 E2852.37539
G1 X92.723 Y139.333 E2852.42488
G1 X92.877 Y140.055 E2852.47399
G1 X93.305 Y140.651 E2852.5228
G1 X93.946 Y141.021 E2852.57204
G1 X94.683 Y141.099 E2852.62133
G1 F2700 E2847.62133
G0 F12000 X94.661 Y140.834
G0 X95.789 Y138.398
G0 X99.9 Y138.398
G0 X100 Y135.824
G0 X99.74 Y135.824
G1 F2700 E2852.62133
G1 F2400 X99.74 Y143.601 E2853.13866
G1 X96.765 Y146.572 E2853.41834
G1 X92.227 Y146.571 E2853.72021
G1 X89.261 Y143.601 E2853.99942
G1 X89.261 Y42.059 E2860.75403
G1 X92.227 Y39.093 E2861.03305
G1 X96.764 Y39.093 E2861.33485
G1 X99.74 Y42.063 E2861.61453
G1 X99.74 Y135.824 E2867.85154
G1 F2700 E2862.85154
G0 F12000 X100 Y135.824
G0 X99.9 Y47.834
G0 X95.788 Y47.271
G0 X94.661 Y47.834
G0 X94.691 Y48.095
G1 F2700 E2867.85154
G1 F2400 X95.383 Y47.867 E2867.90001
G1 X95.934 Y47.376 E2867.9491
G1 X96.234 Y46.691 E2867.99885
G1 X96.236 Y45.959 E2868.04754
G1 X95.934 Y45.291 E2868.0963
G1 X95.387 Y44.794 E2868.14547
G1 X94.695 Y44.57 E2868.19385
G1 X93.946 Y44.642 E2868.2439
G1 X93.308 Y45.01 E2868.2929
G1 X92.877 Y45.605 E2868.34177
G1 X92.723 Y46.333 E2868.39127
G1 X92.877 Y47.055 E2868.44038
G1 X93.307 Y47.653 E2868.48937
G1 X93.953 Y48.02 E2868.53879
G1 X94.691 Y48.095 E2868.58814
G1 F2700 E2863.58814
G0 F12000 X94.661 Y47.834
G0 X95.789 Y45.398
G0 X99.9 Y45.398
G0 X100 Y42.406
G0 X99.54 Y42.406
G1 F2700 E2868.58814
G1 F2400 X96.427 Y39.293 E2868.88099
G0 F12000 X95.862 Y39.293
G1 F2400 X99.54 Y42.972 E2869.22704
G0 F12000 X99.54 Y43.537
G1 F2400 X95.296 Y39.293 E2869.62629
G0 F12000 X94.73 Y39.293
G1 F2400 X99.54 Y44.103 E2870.07879
G0 F12000 X99.54 Y44.669
G1 F2400 X94.165 Y39.293 E2870.58448
G0 F12000 X93.599 Y39.293
G1 F2400 X99.54 Y45.234 E2871.14337
G0 F12000 X99.54 Y45.8
G1 F2400 X93.033 Y39.293 E2871.75551
G0 F12000 X92.468 Y39.293
G1 F2400 X99.54 Y46.366 E2872.42085
G0 F12000 X99.54 Y46.931
G1 F2400 X92.106 Y39.497 E2873.12019
G0 F12000 X91.823 Y39.78
G1 F2400 X99.54 Y47.497 E2873.84616
G0 F12000 X99.54 Y48.063
G1 F2400 X91.54 Y40.063 E2874.59875
G0 F12000 X91.257 Y40.345
G1 F2400 X95.911 Y45 E2875.03662
G0 F12000 X96.111 Y45.2
G1 F2400 X99.54 Y48.628 E2875.35915
G0 F12000 X99.54 Y49.194
G1 F2400 X96.435 Y46.089 E2875.65125
G0 F12000 X96.431 Y46.651
G1 F2400 X99.54 Y49.76 E2875.94373
G0 F12000 X99.54 Y50.325
G1 F2400 X96.288 Y47.074 E2876.24961
G0 F12000 X96.106 Y47.457
G1 F2400 X99.54 Y50.891 E2876.57266
G0 F12000 X99.54 Y51.457
G1 F2400 X95.826 Y47.743 E2876.92205
G0 F12000 X95.529 Y48.011
G1 F2400 X99.54 Y52.023 E2877.29943
G0 F12000 X99.54 Y52.588
G1 F2400 X95.118 Y48.166 E2877.71542
G0 F12000 X94.685 Y48.299
G1 F2400 X99.54 Y53.154 E2878.17215
G0 F12000 X99.54 Y53.72
G1 F2400 X94.055 Y48.235 E2878.68814
G0 F12000 X94.102 Y47.779
G0 X93.067 Y46.702
G0 X92.617 Y46.796
G1 F2400 X89.461 Y43.641 E2878.98499
G0 F12000 X89.461 Y44.206
G1 F2400 X99.54 Y54.285 E2879.93317
G0 F12000 X99.54 Y54.851
G1 F2400 X89.461 Y44.772 E2880.88134
G0 F12000 X89.461 Y45.338
G1 F2400 X99.54 Y55.417 E2881.82951
G0 F12000 X99.54 Y55.982
G1 F2400 X89.461 Y45.903 E2882.77768
G0 F12000 X89.461 Y46.469
G1 F2400 X99.54 Y56.548 E2883.72585
G0 F12000 X99.54 Y57.114
G1 F2400 X89.461 Y47.035 E2884.67402
G0 F12000 X89.461 Y47.6
G1 F2400 X99.54 Y57.679 E2885.62219
G0 F12000 X99.54 Y58.245
G1 F2400 X89.461 Y48.166 E2886.57036
G0 F12000 X89.461 Y48.732
G1 F2400 X99.54 Y58.811 E2887.51853
G0 F12000 X99.54 Y59.376
G1 F2400 X89.461 Y49.297 E2888.4667
G0 F12000 X89.461 Y49.863
G1 F2400 X99.54 Y59.942 E2889.41487
G0 F12000 X99.54 Y60.508
G1 F2400 X89.461 Y50.429 E2890.36304
G0 F12000 X89.461 Y50.994
G1 F2400 X99.54 Y61.074 E2891.31126
G0 F12000 X99.54 Y61.639
G1 F2400 X89.461 Y51.56 E2892.25943
G0 F12000 X89.461 Y52.126
G1 F2400 X99.54 Y62.205 E2893.2076
G0 F12000 X99.54 Y62.771
G1 F2400 X89.461 Y52.691 E2894.15582
G0 F12000 X89.461 Y53.257
G1 F2400 X99.54 Y63.336 E2895.10399
G0 F12000 X99.54 Y63.902
G1 F2400 X89.461 Y53.823 E2896.05216
G0 F12000 X89.461 Y54.389
G1 F2400 X99.54 Y64.468 E2897.00033
G0 F12000 X99.54 Y65.033
G1 F2400 X89.461 Y54.954 E2897.9485
G0 F12000 X89.461 Y55.52
G1 F2400 X99.54 Y65.599 E2898.89667
G0 F12000 X99.54 Y66.165
G1 F2400 X89.461 Y56.086 E2899.84484
G0 F12000 X89.461 Y56.651
G1 F2400 X99.54 Y66.73 E2900.79301
G0 F12000 X99.54 Y67.296
G1 F2400 X89.461 Y57.217 E2901.74118
G0 F12000 X89.461 Y57.783
G1 F2400 X99.54 Y67.862 E2902.68935
G0 F12000 X99.54 Y68.427
G1 F2400 X89.461 Y58.348 E2903.63752
G0 F12000 X89.461 Y58.914
G1 F2400 X99.54 Y68.993 E2904.58569
G0 F12000 X99.54 Y69.559
G1 F2400 X89.461 Y59.48 E2905.53386
G0 F12000 X89.461 Y60.045
G1 F2400 X99.54 Y70.124 E2906.48203
G0 F12000 X99.54 Y70.69
G1 F2400 X89.461 Y60.611 E2907.4302
G0 F12000 X89.461 Y61.177
G1 F2400 X99.54 Y71.256 E2908.37837
G0 F12000 X99.54 Y71.822
G1 F2400 X89.461 Y61.742 E2909.32659
G0 F12000 X89.461 Y62.308
G1 F2400 X99.54 Y72.387 E2910.27476
G0 F12000 X99.54 Y72.953
G1 F2400 X89.461 Y62.874 E2911.22293
G0 F12000 X89.461 Y63.439
G1 F2400 X99.54 Y73.519 E2912.17115
G0 F12000 X99.54 Y74.084
G1 F2400 X89.461 Y64.005 E2913.11932
G0 F12000 X89.461 Y64.571
G1 F2400 X99.54 Y74.65 E2914.06749
G0 F12000 X99.54 Y75.216
G1 F2400 X89.461 Y65.137 E2915.01566
G0 F12000 X89.461 Y65.702
G1 F2400 X99.54 Y75.781 E2915.96383
G0 F12000 X99.54 Y76.347
G1 F2400 X89.461 Y66.268 E2916.912
G0 F12000 X89.461 Y66.834
G1 F2400 X99.54 Y76.913 E2917.86017
G0 F12000 X99.54 Y77.478
G1 F2400 X89.461 Y67.399 E2918.80834
G0 F12000 X89.461 Y67.965
G1 F2400 X99.54 Y78.044 E2919.75652
G0 F12000 X99.54 Y78.61
G1 F2400 X89.461 Y68.531 E2920.70469
G0 F12000 X89.461 Y69.096
G1 F2400 X99.54 Y79.175 E2921.65286
G0 F12000 X99.54 Y79.741
G1 F2400 X89.461 Y69.662 E2922.60103
G0 F12000 X89.461 Y70.228
G1 F2400 X99.54 Y80.307 E2923.5492
G0 F12000 X99.54 Y80.873
G1 F2400 X89.461 Y70.793 E2924.49741
G0 F12000 X89.461 Y71.359
G1 F2400 X99.54 Y81.438 E2925.44559
G0 F12000 X99.54 Y82.004
G1 F2400 X89.461 Y71.925 E2926.39376
G0 F12000 X89.461 Y72.49
G1 F2400 X99.54 Y82.57 E2927.34197
G0 F12000 X99.54 Y83.135
G1 F2400 X89.461 Y73.056 E2928.29014
G0 F12000 X89.461 Y73.622
G1 F2400 X99.54 Y83.701 E2929.23831
G0 F12000 X99.54 Y84.267
G1 F2400 X89.461 Y74.188 E2930.18648
G0 F12000 X89.461 Y74.753
G1 F2400 X99.54 Y84.832 E2931.13466
G0 F12000 X99.54 Y85.398
G1 F2400 X89.461 Y75.319 E2932.08283
G0 F12000 X89.461 Y75.885
G1 F2400 X99.54 Y85.964 E2933.031
G0 F12000 X99.54 Y86.529
G1 F2400 X89.461 Y76.45 E2933.97917
G0 F12000 X89.461 Y77.016
G1 F2400 X99.54 Y87.095 E2934.92734
G0 F12000 X99.54 Y87.661
G1 F2400 X89.461 Y77.582 E2935.87551
G0 F12000 X89.461 Y78.147
G1 F2400 X99.54 Y88.226 E2936.82368
G0 F12000 X99.54 Y88.792
G1 F2400 X89.461 Y78.713 E2937.77185
G0 F12000 X89.461 Y79.279
G1 F2400 X99.54 Y89.358 E2938.72002
G0 F12000 X99.54 Y89.923
G1 F2400 X89.461 Y79.844 E2939.66819
G0 F12000 X89.461 Y80.41
G1 F2400 X99.54 Y90.489 E2940.61636
G0 F12000 X99.54 Y91.055
G1 F2400 X89.461 Y80.976 E2941.56453
G0 F12000 X89.461 Y81.541
G1 F2400 X99.54 Y91.621 E2942.51275
G0 F12000 X99.54 Y92.186
G1 F2400 X89.461 Y82.107 E2943.46092
G0 F12000 X89.461 Y82.673
G1 F2400 X99.54 Y92.752 E2944.40909
G0 F12000 X99.54 Y93.318
G1 F2400 X89.461 Y83.238 E2945.35731
G0 F12000 X89.461 Y83.804
G1 F2400 X99.54 Y93.883 E2946.30548
G0 F12000 X99.54 Y94.449
G1 F2400 X89.461 Y84.37 E2947.25365
G0 F12000 X89.461 Y84.936
G1 F2400 X99.54 Y95.015 E2948.20182
G0 F12000 X99.54 Y95.58
G1 F2400 X89.461 Y85.501 E2949.14999
G0 F12000 X89.461 Y86.067
G1 F2400 X99.54 Y96.146 E2950.09816
G0 F12000 X99.54 Y96.712
G1 F2400 X89.461 Y86.633 E2951.04633
G0 F12000 X89.461 Y87.198
G1 F2400 X99.54 Y97.277 E2951.9945
G0 F12000 X99.54 Y97.843
G1 F2400 X89.461 Y87.764 E2952.94267
G0 F12000 X89.461 Y88.33
G1 F2400 X99.54 Y98.409 E2953.89084
G0 F12000 X99.54 Y98.974
G1 F2400 X89.461 Y88.895 E2954.83901
G0 F12000 X89.461 Y89.461
G1 F2400 X99.54 Y99.54 E2955.78718
G0 F12000 X99.54 Y100.106
G1 F2400 X89.461 Y90.027 E2956.73535
G0 F12000 X89.461 Y90.592
G1 F2400 X99.54 Y100.671 E2957.68352
G0 F12000 X99.54 Y101.237
G1 F2400 X89.461 Y91.158 E2958.63169
G0 F12000 X89.461 Y91.724
G1 F2400 X99.54 Y101.803 E2959.57987
G0 F12000 X99.54 Y102.369
G1 F2400 X89.461 Y92.289 E2960.52808
G0 F12000 X89.461 Y92.855
G1 F2400 X99.54 Y102.934 E2961.47625
G0 F12000 X99.54 Y103.5
G1 F2400 X89.461 Y93.421 E2962.42442
G0 F12000 X89.461 Y93.987
G1 F2400 X99.54 Y104.066 E2963.37259
G0 F12000 X99.54 Y104.631
G1 F2400 X89.461 Y94.552 E2964.32076
G0 F12000 X89.461 Y95.118
G1 F2400 X99.54 Y105.197 E2965.26894
G0 F12000 X99.54 Y105.763
G1 F2400 X89.461 Y95.684 E2966.21711
G0 F12000 X89.461 Y96.249
G1 F2400 X99.54 Y106.328 E2967.16528
G0 F12000 X99.54 Y106.894
G1 F2400 X89.461 Y96.815 E2968.11345
G0 F12000 X89.461 Y97.381
G1 F2400 X99.54 Y107.46 E2969.06162
G0 F12000 X99.54 Y108.025
G1 F2400 X89.461 Y97.946 E2970.00979
G0 F12000 X89.461 Y98.512
G1 F2400 X99.54 Y108.591 E2970.95796
G0 F12000 X99.54 Y109.157
G1 F2400 X89.461 Y99.078 E2971.90613
G0 F12000 X89.461 Y99.643
G1 F2400 X99.54 Y109.722 E2972.8543
G0 F12000 X99.54 Y110.288
G1 F2400 X89.461 Y100.209 E2973.80247
G0 F12000 X89.461 Y100.775
G1 F2400 X99.54 Y110.854 E2974.75064
G0 F12000 X99.54 Y111.42
G1 F2400 X89.461 Y101.34 E2975.69886
G0 F12000 X89.461 Y101.906
G1 F2400 X99.54 Y111.985 E2976.64703
G0 F12000 X99.54 Y112.551
G1 F2400 X89.461 Y102.472 E2977.5952
G0 F12000 X89.461 Y103.037
G1 F2400 X99.54 Y113.117 E2978.54342
G0 F12000 X99.54 Y113.682
G1 F2400 X89.461 Y103.603 E2979.49159
G0 F12000 X89.461 Y104.169
G1 F2400 X99.54 Y114.248 E2980.43976
G0 F12000 X99.54 Y114.814
G1 F2400 X89.461 Y104.735 E2981.38793
G0 F12000 X89.461 Y105.3
G1 F2400 X99.54 Y115.379 E2982.3361
G0 F12000 X99.54 Y115.945
G1 F2400 X89.461 Y105.866 E2983.28427
G0 F12000 X89.461 Y106.432
G1 F2400 X99.54 Y116.511 E2984.23244
G0 F12000 X99.54 Y117.076
G1 F2400 X89.461 Y106.997 E2985.18061
G0 F12000 X89.461 Y107.563
G1 F2400 X99.54 Y117.642 E2986.12878
G0 F12000 X99.54 Y118.208
G1 F2400 X89.461 Y108.129 E2987.07695
G0 F12000 X89.461 Y108.694
G1 F2400 X99.54 Y118.773 E2988.02512
G0 F12000 X99.54 Y119.339
G1 F2400 X89.461 Y109.26 E2988.97329
G0 F12000 X89.461 Y109.826
G1 F2400 X99.54 Y119.905 E2989.92146
G0 F12000 X99.54 Y120.47
G1 F2400 X89.461 Y110.391 E2990.86963
G0 F12000 X89.461 Y110.957
G1 F2400 X99.54 Y121.036 E2991.8178
G0 F12000 X99.54 Y121.602
G1 F2400 X89.461 Y111.523 E2992.76597
G0 F12000 X89.461 Y112.088
G1 F2400 X99.54 Y122.168 E2993.71419
G0 F12000 X99.54 Y122.733
G1 F2400 X89.461 Y112.654 E2994.66236
G0 F12000 X89.461 Y113.22
G1 F2400 X99.54 Y123.299 E2995.61053
G0 F12000 X99.54 Y123.865
G1 F2400 X89.461 Y113.786 E2996.5587
G0 F12000 X89.461 Y114.351
G1 F2400 X99.54 Y124.43 E2997.50687
G0 F12000 X99.54 Y124.996
G1 F2400 X89.461 Y114.917 E2998.45504
G0 F12000 X89.461 Y115.483
G1 F2400 X99.54 Y125.562 E2999.40321
G0 F12000 X99.54 Y126.127
G1 F2400 X89.461 Y116.048 E3000.35139
G0 F12000 X89.461 Y116.614
G1 F2400 X99.54 Y126.693 E3001.29956
G0 F12000 X99.54 Y127.259
G1 F2400 X89.461 Y117.18 E3002.24773
G0 F12000 X89.461 Y117.745
G1 F2400 X99.54 Y127.824 E3003.1959
G0 F12000 X99.54 Y128.39
G1 F2400 X89.461 Y118.311 E3004.14407
G0 F12000 X89.461 Y118.877
G1 F2400 X99.54 Y128.956 E3005.09224
G0 F12000 X99.54 Y129.521
G1 F2400 X89.461 Y119.442 E3006.04041
G0 F12000 X89.461 Y120.008
G1 F2400 X99.54 Y130.087 E3006.98858
G0 F12000 X99.54 Y130.653
G1 F2400 X89.461 Y120.574 E3007.93675
G0 F12000 X89.461 Y121.139
G1 F2400 X99.54 Y131.219 E3008.88497
G0 F12000 X99.54 Y131.784
G1 F2400 X89.461 Y121.705 E3009.83314
G0 F12000 X89.461 Y122.271
G1 F2400 X99.54 Y132.35 E3010.78131
G0 F12000 X99.54 Y132.916
G1 F2400 X89.461 Y122.836 E3011.72953
G0 F12000 X89.461 Y123.402
G1 F2400 X99.54 Y133.481 E3012.6777
G0 F12000 X99.54 Y134.047
G1 F2400 X89.461 Y123.968 E3013.62587
G0 F12000 X89.461 Y124.534
G1 F2400 X99.54 Y134.613 E3014.57404
G0 F12000 X99.54 Y135.178
G1 F2400 X89.461 Y125.099 E3015.52221
G0 F12000 X89.461 Y125.665
G1 F2400 X99.54 Y135.744 E3016.47038
G0 F12000 X99.54 Y136.31
G1 F2400 X89.461 Y126.231 E3017.41855
G0 F12000 X89.461 Y126.796
G1 F2400 X99.54 Y136.875 E3018.36672
G0 F12000 X99.54 Y137.441
G1 F2400 X89.461 Y127.362 E3019.31489
G0 F12000 X89.461 Y127.928
G1 F2400 X99.54 Y138.007 E3020.26306
G0 F12000 X99.54 Y138.572
G1 F2400 X89.461 Y128.493 E3021.21123
G0 F12000 X89.461 Y129.059
G1 F2400 X99.54 Y139.138 E3022.1594
G0 F12000 X99.54 Y139.704
G1 F2400 X89.461 Y129.625 E3023.10757
G0 F12000 X89.461 Y130.19
G1 F2400 X99.54 Y140.269 E3024.05574
G0 F12000 X99.54 Y140.835
G1 F2400 X89.461 Y130.756 E3025.00391
G0 F12000 X89.461 Y131.322
G1 F2400 X99.54 Y141.401 E3025.95208
G0 F12000 X99.54 Y141.967
G1 F2400 X96.393 Y138.819 E3026.24818
G0 F12000 X96.433 Y139.425
G1 F2400 X99.54 Y142.532 E3026.54047
G0 F12000 X99.54 Y143.098
G1 F2400 X96.359 Y139.917 E3026.83972
G0 F12000 X96.184 Y140.308
G1 F2400 X99.467 Y143.59 E3027.14851
G0 F12000 X99.184 Y143.873
G1 F2400 X95.946 Y140.635 E3027.45313
G0 F12000 X95.648 Y140.902
G1 F2400 X98.901 Y144.156 E3027.7592
G0 F12000 X98.618 Y144.439
G1 F2400 X95.291 Y141.112 E3028.07218
G0 F12000 X94.863 Y141.25
G1 F2400 X98.335 Y144.721 E3028.39876
G0 F12000 X98.052 Y145.004
G1 F2400 X94.308 Y141.259 E3028.75102
G0 F12000 X93.437 Y140.955
G1 F2400 X97.769 Y145.286 E3029.1585
G0 F12000 X97.485 Y145.569
G1 F2400 X89.461 Y137.544 E3029.91339
G0 F12000 X89.461 Y136.979
G1 F2400 X92.871 Y140.388 E3030.23414
G0 F12000 X92.556 Y139.508
G1 F2400 X89.461 Y136.413 E3030.5253
G0 F12000 X89.461 Y135.847
G1 F2400 X92.594 Y138.98 E3030.82003
G0 F12000 X92.707 Y138.527
G1 F2400 X89.461 Y135.282 E3031.12535
G0 F12000 X89.461 Y134.716
G1 F2400 X92.933 Y138.188 E3031.45197
G0 F12000 X93.183 Y137.872
G1 F2400 X89.461 Y134.15 E3031.80211
G0 F12000 X89.461 Y133.584
G1 F2400 X93.528 Y137.652 E3032.18476
G0 F12000 X93.888 Y137.446
G1 F2400 X89.461 Y133.019 E3032.60122
G0 F12000 X89.461 Y132.453
G1 F2400 X94.401 Y137.393 E3033.06595
G0 F12000 X95.046 Y137.472
G1 F2400 X89.461 Y131.887 E3033.59135
G0 F12000 X89 Y131.887
G0 X89 Y138.11
G0 X89.461 Y138.11
G1 F2400 X97.202 Y145.851 E3034.31958
G0 F12000 X96.92 Y146.134
G1 F2400 X89.461 Y138.676 E3035.02123
G0 F12000 X89.461 Y139.241
G1 F2400 X96.591 Y146.371 E3035.69197
G0 F12000 X96.025 Y146.371
G1 F2400 X89.461 Y139.807 E3036.30948
G0 F12000 X89.461 Y140.373
G1 F2400 X95.459 Y146.371 E3036.87373
G0 F12000 X94.894 Y146.371
G1 F2400 X89.461 Y140.938 E3037.38483
G0 F12000 X89.461 Y141.504
G1 F2400 X94.328 Y146.371 E3037.84269
G0 F12000 X93.762 Y146.371
G1 F2400 X89.461 Y142.07 E3038.2473
G0 F12000 X89.461 Y142.635
G1 F2400 X93.197 Y146.371 E3038.59876
G0 F12000 X92.631 Y146.371
G1 F2400 X89.461 Y143.201 E3038.89698
G1 F2700 E3033.89698
G0 F12000 X89 Y143.201
G0 X89.1 Y46.263
G0 X92.907 Y46.332
G0 X92.553 Y46.167
G1 F2700 E3038.89698
G1 F2400 X89.461 Y43.075 E3039.18785
G0 F12000 X89.461 Y42.509
G1 F2400 X92.652 Y45.7 E3039.48804
G0 F12000 X92.837 Y45.32
G1 F2400 X89.56 Y42.042 E3039.79637
G0 F12000 X89.843 Y41.76
G1 F2400 X93.075 Y44.992 E3040.10042
G0 F12000 X93.387 Y44.738
G1 F2400 X90.126 Y41.477 E3040.40719
G0 F12000 X90.409 Y41.194
G1 F2400 X93.743 Y44.529 E3040.72088
G0 F12000 X94.196 Y44.415
G1 F2400 X90.691 Y40.911 E3041.05056
G0 F12000 X90.974 Y40.628
G1 F2400 X94.713 Y44.367 E3041.40231
G0 F12000 X94.624 Y45.135
G1 F2700 E3036.40231
;MESH:bump_plate.obj
G0 F12000 X94.667 Y47.918
G0 X102.165 Y47.918
G0 X103.43 Y47.918
G0 X104.564 Y143.684
G0 X107.648 Y146.768
G0 X110 Y146.932
;TYPE:WALL-INNER
G1 F2700 E3041.40231
G1 F2400 X112.416 Y146.932 E3041.56302
G1 X115.6 Y143.751 E3041.86241
G1 X115.6 Y41.913 E3048.6367
G1 X112.416 Y38.732 E3048.93609
G1 X107.58 Y38.732 E3049.25778
G1 X104.4 Y41.912 E3049.55694
G1 X104.4 Y143.752 E3056.33136
G1 X107.58 Y146.932 E3056.63052
G1 X110 Y146.932 E3056.79149
G0 F12000 X110 Y147.332
G1 F2400 X112.582 Y147.332 E3056.96325
G1 X116 Y143.917 E3057.28465
G1 X116 Y41.747 E3064.08103
G1 X112.582 Y38.332 E3064.40243
G1 X107.415 Y38.332 E3064.74614
G1 X104 Y41.747 E3065.06741
G1 X104 Y143.917 E3071.86378
G1 X107.415 Y147.332 E3072.18504
G1 X110 Y147.332 E3072.357
G0 F12000 X110 Y147.732
G1 F2400 X112.747 Y147.732 E3072.53973
G1 X116.4 Y144.083 E3072.88319
G1 X116.4 Y41.581 E3079.70165
G1 X112.747 Y37.932 E3080.04512
G1 X107.249 Y37.932 E3080.41085
G1 X103.6 Y41.581 E3080.75412
G1 X103.6 Y144.083 E3087.57258
G1 X107.249 Y147.732 E3087.91586
G1 X110 Y147.732 E3088.09886
G0 F12000 X110 Y148.132
;TYPE:WALL-OUTER
G1 F2400 X112.913 Y148.132 E3088.29263
G1 X116.8 Y144.249 E3088.65811
G1 X116.8 Y41.415 E3095.49865
G1 X112.913 Y37.532 E3095.86413
G1 X107.083 Y37.532 E3096.25194
G1 X103.2 Y41.415 E3096.61723
G1 X103.2 Y144.249 E3103.45778
G1 X107.083 Y148.132 E3103.82306
G1 X110 Y148.132 E3104.0171
G1 F2700 E3099.0171
G0 F12000 X110 Y147.423
G0 X109.904 Y146.732
G0 X110.167 Y140.918
G0 X109.904 Y140.81
G0 X109.881 Y141.027
;TYPE:FILL
G1 F2700 E3104.0171
G1 F4800 X108.286 Y139.432 E3104.16715
G0 F12000 X108.412 Y138.642
G1 F4800 X110.998 Y137.949 E3104.34524
G1 F2700 E3099.34524
G0 F12000 X110.851 Y138.111
G0 X110.164 Y137.748
G0 X117.665 Y137.748
G0 X117.665 Y47.918
G0 X110.167 Y47.918
G0 X110.233 Y48.042
G1 F2700 E3104.34524
G1 F4800 X108.31 Y46.118 E3104.52619
G0 F12000 X108.559 Y45.428
G1 F4800 X110.831 Y44.819 E3104.68266
G1 F2700 E3099.68266
G0 F12000 X110.761 Y45.03
G0 X110.167 Y47.918
G0 X117.665 Y47.918
G0 X117.661 Y144.607
G0 X113.274 Y148.994
G0 X106.726 Y148.994
G0 X110.167 Y146.732
G0 X110 Y146.571
;TYPE:SKIN
G1 F2700 E3104.68266
G1 F2400 X107.727 Y146.571 E3104.83386
G1 X104.761 Y143.601 E3105.11308
G1 X104.761 Y42.059 E3111.86768
G1 X107.727 Y39.093 E3112.1467
G1 X112.264 Y39.093 E3112.4485
G1 X115.24 Y42.063 E3112.72818
G1 X115.24 Y143.601 E3119.48252
G1 X112.265 Y146.572 E3119.7622
G1 X110 Y146.571 E3119.91287
G1 F2700 E3114.91287
G0 F12000 X110 Y146.832
G0 X110.167 Y140.918
G0 X110 Y141.08
G1 F2700 E3119.91287
G1 F2400 X110.183 Y141.099 E3119.92511
G1 X110.883 Y140.87 E3119.9741
G1 X111.434 Y140.376 E3120.02333
G1 X111.734 Y139.691 E3120.07307
G1 X111.736 Y138.959 E3120.12177
G1 X111.433 Y138.29 E3120.17062
G1 X110.883 Y137.797 E3120.21975
G1 X110.186 Y137.565 E3120.26862
G1 X109.453 Y137.644 E3120.31766
G1 X108.808 Y138.011 E3120.36702
G1 X108.377 Y138.605 E3120.41584
G1 X108.223 Y139.333 E3120.46534
G1 X108.377 Y140.055 E3120.51445
G1 X108.805 Y140.651 E3120.56326
G1 X109.446 Y141.021 E3120.61249
G1 X110 Y141.08 E3120.64955
G1 F2700 E3115.64955
G0 F12000 X110.027 Y140.823
G0 X110.164 Y137.748
G0 X117.665 Y137.748
G0 X117.665 Y47.918
G0 X110.167 Y47.918
G0 X110.191 Y48.095
G1 F2700 E3120.64955
G1 F2400 X110.883 Y47.867 E3120.69802
G1 X111.434 Y47.376 E3120.74711
G1 X111.734 Y46.691 E3120.79686
G1 X111.736 Y45.959 E3120.84555
G1 X111.434 Y45.291 E3120.89432
G1 X110.887 Y44.794 E3120.94348
G1 X110.195 Y44.57 E3120.99186
G1 X109.446 Y44.642 E3121.04192
G1 X108.808 Y45.01 E3121.09091
G1 X108.377 Y45.605 E3121.13978
G1 X108.223 Y46.333 E3121.18928
G1 X108.377 Y47.055 E3121.23839
G1 X108.807 Y47.653 E3121.28738
G1 X109.453 Y48.02 E3121.33681
G1 X110.191 Y48.095 E3121.38615
G1 F2700 E3116.38615
G0 F12000 X110.161 Y47.834
G0 X111.559 Y46.002
G0 X115.4 Y46.002
G0 X115.5 Y42.632
G0 X115.04 Y42.632
G1 F2700 E3121.38615
G1 F2400 X111.701 Y39.293 E3121.70026
G0 F12000 X111.135 Y39.293
G1 F2400 X115.04 Y43.198 E3122.06762
G0 F12000 X115.04 Y43.764
G1 F2400 X110.57 Y39.293 E3122.48818
G0 F12000 X110.004 Y39.293
G1 F2400 X115.04 Y44.329 E3122.96194
G0 F12000 X115.04 Y44.895
G1 F2400 X109.438 Y39.293 E3123.48894
G0 F12000 X108.873 Y39.293
G1 F2400 X115.04 Y45.461 E3124.06914
G0 F12000 X115.04 Y46.026
G1 F2400 X108.307 Y39.293 E3124.70254
G0 F12000 X107.776 Y39.328
G1 F2400 X115.04 Y46.592 E3125.38589
G0 F12000 X115.04 Y47.158
G1 F2400 X107.493 Y39.611 E3126.09587
G0 F12000 X107.21 Y39.894
G1 F2400 X115.04 Y47.723 E3126.83242
G0 F12000 X115.04 Y48.289
G1 F2400 X106.927 Y40.176 E3127.59564
G0 F12000 X106.644 Y40.459
G1 F2400 X110.713 Y44.528 E3127.97842
G0 F12000 X110.004 Y44.384
G1 F2400 X106.362 Y40.742 E3128.32104
G0 F12000 X106.079 Y41.025
G1 F2400 X109.491 Y44.437 E3128.64202
G0 F12000 X109.101 Y44.613
G1 F2400 X105.796 Y41.308 E3128.95294
G0 F12000 X105.513 Y41.591
G1 F2400 X108.745 Y44.822 E3129.25694
G0 F12000 X108.479 Y45.123
G1 F2400 X105.23 Y41.873 E3129.56263
G0 F12000 X104.961 Y42.17
G1 F2400 X108.242 Y45.451 E3129.87128
G0 F12000 X108.112 Y45.887
G1 F2400 X104.961 Y42.735 E3130.16776
G0 F12000 X104.961 Y43.301
G1 F2400 X108.026 Y46.366 E3130.45609
G0 F12000 X108.191 Y47.097
G1 F2400 X104.961 Y43.867 E3130.75995
G0 F12000 X104.961 Y44.432
G1 F2400 X115.04 Y54.512 E3131.70817
G0 F12000 X115.04 Y55.077
G1 F2400 X104.961 Y44.998 E3132.65634
G0 F12000 X104.961 Y45.564
G1 F2400 X115.04 Y55.643 E3133.60451
G0 F12000 X115.04 Y56.209
G1 F2400 X104.961 Y46.13 E3134.55268
G0 F12000 X104.961 Y46.695
G1 F2400 X115.04 Y56.774 E3135.50085
G0 F12000 X115.04 Y57.34
G1 F2400 X104.961 Y47.261 E3136.44902
G0 F12000 X104.961 Y47.827
G1 F2400 X115.04 Y57.906 E3137.39719
G0 F12000 X115.04 Y58.471
G1 F2400 X104.961 Y48.392 E3138.34536
G0 F12000 X104.961 Y48.958
G1 F2400 X115.04 Y59.037 E3139.29354
G0 F12000 X115.04 Y59.603
G1 F2400 X104.961 Y49.524 E3140.24171
G0 F12000 X104.961 Y50.089
G1 F2400 X115.04 Y60.168 E3141.18988
G0 F12000 X115.04 Y60.734
G1 F2400 X104.961 Y50.655 E3142.13805
G0 F12000 X104.961 Y51.221
G1 F2400 X115.04 Y61.3 E3143.08622
G0 F12000 X115.04 Y61.865
G1 F2400 X104.961 Y51.786 E3144.03439
G0 F12000 X104.961 Y52.352
G1 F2400 X115.04 Y62.431 E3144.98256
G0 F12000 X115.04 Y62.997
G1 F2400 X104.961 Y52.918 E3145.93073
G0 F12000 X104.961 Y53.483
G1 F2400 X115.04 Y63.563 E3146.87895
G0 F12000 X115.04 Y64.128
G1 F2400 X104.961 Y54.049 E3147.82712
G0 F12000 X104.961 Y54.615
G1 F2400 X115.04 Y64.694 E3148.77529
G0 F12000 X115.04 Y65.26
G1 F2400 X104.961 Y55.18 E3149.72351
G0 F12000 X104.961 Y55.746
G1 F2400 X115.04 Y65.825 E3150.67168
G0 F12000 X115.04 Y66.391
G1 F2400 X104.961 Y56.312 E3151.61985
G0 F12000 X104.961 Y56.878
G1 F2400 X115.04 Y66.957 E3152.56802
G0 F12000 X115.04 Y67.522
G1 F2400 X104.961 Y57.443 E3153.51619
G0 F12000 X104.961 Y58.009
G1 F2400 X115.04 Y68.088 E3154.46436
G0 F12000 X115.04 Y68.654
G1 F2400 X104.961 Y58.575 E3155.41253
G0 F12000 X104.961 Y59.14
G1 F2400 X115.04 Y69.219 E3156.3607
G0 F12000 X115.04 Y69.785
G1 F2400 X104.961 Y59.706 E3157.30887
G0 F12000 X104.961 Y60.272
G1 F2400 X115.04 Y70.351 E3158.25704
G0 F12000 X115.04 Y70.916
G1 F2400 X104.961 Y60.837 E3159.20521
G0 F12000 X104.961 Y61.403
G1 F2400 X115.04 Y71.482 E3160.15338
G0 F12000 X115.04 Y72.048
G1 F2400 X104.961 Y61.969 E3161.10155
G0 F12000 X104.961 Y62.534
G1 F2400 X115.04 Y72.614 E3162.04977
G0 F12000 X115.04 Y73.179
G1 F2400 X104.961 Y63.1 E3162.99794
G0 F12000 X104.961 Y63.666
G1 F2400 X115.04 Y73.745 E3163.94611
G0 F12000 X115.04 Y74.311
G1 F2400 X104.961 Y64.231 E3164.89433
G0 F12000 X104.961 Y64.797
G1 F2400 X115.04 Y74.876 E3165.8425
G0 F12000 X115.04 Y75.442
G1 F2400 X104.961 Y65.363 E3166.79067
G0 F12000 X104.961 Y65.929
G1 F2400 X115.04 Y76.008 E3167.73884
G0 F12000 X115.04 Y76.573
G1 F2400 X104.961 Y66.494 E3168.68701
G0 F12000 X104.961 Y67.06
G1 F2400 X115.04 Y77.139 E3169.63518
G0 F12000 X115.04 Y77.705
G1 F2400 X104.961 Y67.626 E3170.58335
G0 F12000 X104.961 Y68.191
G1 F2400 X115.04 Y78.27 E3171.53152
G0 F12000 X115.04 Y78.836
G1 F2400 X104.961 Y68.757 E3172.47969
G0 F12000 X104.961 Y69.323
G1 F2400 X115.04 Y79.402 E3173.42786
G0 F12000 X115.04 Y79.967
G1 F2400 X104.961 Y69.888 E3174.37603
G0 F12000 X104.961 Y70.454
G1 F2400 X115.04 Y80.533 E3175.3242
G0 F12000 X115.04 Y81.099
G1 F2400 X104.961 Y71.02 E3176.27237
G0 F12000 X104.961 Y71.585
G1 F2400 X115.04 Y81.664 E3177.22054
G0 F12000 X115.04 Y82.23
G1 F2400 X104.961 Y72.151 E3178.16871
G0 F12000 X104.961 Y72.717
G1 F2400 X115.04 Y82.796 E3179.11689
G0 F12000 X115.04 Y83.362
G1 F2400 X104.961 Y73.282 E3180.0651
G0 F12000 X104.961 Y73.848
G1 F2400 X115.04 Y83.927 E3181.01327
G0 F12000 X115.04 Y84.493
G1 F2400 X104.961 Y74.414 E3181.96144
G0 F12000 X104.961 Y74.979
G1 F2400 X115.04 Y85.059 E3182.90966
G0 F12000 X115.04 Y85.624
G1 F2400 X104.961 Y75.545 E3183.85783
G0 F12000 X104.961 Y76.111
G1 F2400 X115.04 Y86.19 E3184.806
G0 F12000 X115.04 Y86.756
G1 F2400 X104.961 Y76.677 E3185.75417
G0 F12000 X104.961 Y77.242
G1 F2400 X115.04 Y87.321 E3186.70234
G0 F12000 X115.04 Y87.887
G1 F2400 X104.961 Y77.808 E3187.65051
G0 F12000 X104.961 Y78.374
G1 F2400 X115.04 Y88.453 E3188.59868
G0 F12000 X115.04 Y89.018
G1 F2400 X104.961 Y78.939 E3189.54685
G0 F12000 X104.961 Y79.505
G1 F2400 X115.04 Y89.584 E3190.49503
G0 F12000 X115.04 Y90.15
G1 F2400 X104.961 Y80.071 E3191.4432
G0 F12000 X104.961 Y80.636
G1 F2400 X115.04 Y90.715 E3192.39137
G0 F12000 X115.04 Y91.281
G1 F2400 X104.961 Y81.202 E3193.33954
G0 F12000 X104.961 Y81.768
G1 F2400 X115.04 Y91.847 E3194.28771
G0 F12000 X115.04 Y92.412
G1 F2400 X104.961 Y82.333 E3195.23588
G0 F12000 X104.961 Y82.899
G1 F2400 X115.04 Y92.978 E3196.18405
G0 F12000 X115.04 Y93.544
G1 F2400 X104.961 Y83.465 E3197.13222
G0 F12000 X104.961 Y84.03
G1 F2400 X115.04 Y94.11 E3198.08044
G0 F12000 X115.04 Y94.675
G1 F2400 X104.961 Y84.596 E3199.02861
G0 F12000 X104.961 Y85.162
G1 F2400 X115.04 Y95.241 E3199.97678
G0 F12000 X115.04 Y95.807
G1 F2400 X104.961 Y85.728 E3200.92495
G0 F12000 X104.961 Y86.293
G1 F2400 X115.04 Y96.372 E3201.87312
G0 F12000 X115.04 Y96.938
G1 F2400 X104.961 Y86.859 E3202.82129
G0 F12000 X104.961 Y87.425
G1 F2400 X115.04 Y97.504 E3203.76946
G0 F12000 X115.04 Y98.069
G1 F2400 X104.961 Y87.99 E3204.71763
G0 F12000 X104.961 Y88.556
G1 F2400 X115.04 Y98.635 E3205.6658
G0 F12000 X115.04 Y99.201
G1 F2400 X104.961 Y89.122 E3206.61397
G0 F12000 X104.961 Y89.687
G1 F2400 X115.04 Y99.766 E3207.56214
G0 F12000 X115.04 Y100.332
G1 F2400 X104.961 Y90.253 E3208.51031
G0 F12000 X104.961 Y90.819
G1 F2400 X115.04 Y100.898 E3209.45848
G0 F12000 X115.04 Y101.463
G1 F2400 X104.961 Y91.384 E3210.40665
G0 F12000 X104.961 Y91.95
G1 F2400 X115.04 Y102.029 E3211.35482
G0 F12000 X115.04 Y102.595
G1 F2400 X104.961 Y92.516 E3212.30299
G0 F12000 X104.961 Y93.081
G1 F2400 X115.04 Y103.161 E3213.25121
G0 F12000 X115.04 Y103.726
G1 F2400 X104.961 Y93.647 E3214.19938
G0 F12000 X104.961 Y94.213
G1 F2400 X115.04 Y104.292 E3215.14755
G0 F12000 X115.04 Y104.858
G1 F2400 X104.961 Y94.778 E3216.09577
G0 F12000 X104.961 Y95.344
G1 F2400 X115.04 Y105.423 E3217.04394
G0 F12000 X115.04 Y105.989
G1 F2400 X104.961 Y95.91 E3217.99211
G0 F12000 X104.961 Y96.476
G1 F2400 X115.04 Y106.555 E3218.94028
G0 F12000 X115.04 Y107.12
G1 F2400 X104.961 Y97.041 E3219.88845
G0 F12000 X104.961 Y97.607
G1 F2400 X115.04 Y107.686 E3220.83662
G0 F12000 X115.04 Y108.252
G1 F2400 X104.961 Y98.173 E3221.78479
G0 F12000 X104.961 Y98.738
G1 F2400 X115.04 Y108.817 E3222.73296
G0 F12000 X115.04 Y109.383
G1 F2400 X104.961 Y99.304 E3223.68113
G0 F12000 X104.961 Y99.87
G1 F2400 X115.04 Y109.949 E3224.62931
G0 F12000 X115.04 Y110.514
G1 F2400 X104.961 Y100.435 E3225.57748
G0 F12000 X104.961 Y101.001
G1 F2400 X115.04 Y111.08 E3226.52565
G0 F12000 X115.04 Y111.646
G1 F2400 X104.961 Y101.567 E3227.47382
G0 F12000 X104.961 Y102.132
G1 F2400 X115.04 Y112.211 E3228.42199
G0 F12000 X115.04 Y112.777
G1 F2400 X104.961 Y102.698 E3229.37016
G0 F12000 X104.961 Y103.264
G1 F2400 X115.04 Y113.343 E3230.31833
G0 F12000 X115.04 Y113.909
G1 F2400 X104.961 Y103.829 E3231.26655
G0 F12000 X104.961 Y104.395
G1 F2400 X115.04 Y114.474 E3232.21472
G0 F12000 X115.04 Y115.04
G1 F2400 X104.961 Y104.961 E3233.16289
G0 F12000 X104.961 Y105.526
G1 F2400 X115.04 Y115.606 E3234.1111
G0 F12000 X115.04 Y116.171
G1 F2400 X104.961 Y106.092 E3235.05927
G0 F12000 X104.961 Y106.658
G1 F2400 X115.04 Y116.737 E3236.00745
G0 F12000 X115.04 Y117.303
G1 F2400 X104.961 Y107.224 E3236.95562
G0 F12000 X104.961 Y107.789
G1 F2400 X115.04 Y117.868 E3237.90379
G0 F12000 X115.04 Y118.434
G1 F2400 X104.961 Y108.355 E3238.85196
G0 F12000 X104.961 Y108.921
G1 F2400 X115.04 Y119 E3239.80013
G0 F12000 X115.04 Y119.565
G1 F2400 X104.961 Y109.486 E3240.7483
G0 F12000 X104.961 Y110.052
G1 F2400 X115.04 Y120.131 E3241.69647
G0 F12000 X115.04 Y120.697
G1 F2400 X104.961 Y110.618 E3242.64464
G0 F12000 X104.961 Y111.183
G1 F2400 X115.04 Y121.262 E3243.59281
G0 F12000 X115.04 Y121.828
G1 F2400 X104.961 Y111.749 E3244.54098
G0 F12000 X104.961 Y112.315
G1 F2400 X115.04 Y122.394 E3245.48915
G0 F12000 X115.04 Y122.96
G1 F2400 X104.961 Y112.88 E3246.43737
G0 F12000 X104.961 Y113.446
G1 F2400 X115.04 Y123.525 E3247.38554
G0 F12000 X115.04 Y124.091
G1 F2400 X104.961 Y114.012 E3248.33371
G0 F12000 X104.961 Y114.577
G1 F2400 X115.04 Y124.657 E3249.28193
G0 F12000 X115.04 Y125.222
G1 F2400 X104.961 Y115.143 E3250.2301
G0 F12000 X104.961 Y115.709
G1 F2400 X115.04 Y125.788 E3251.17827
G0 F12000 X115.04 Y126.354
G1 F2400 X104.961 Y116.275 E3252.12644
G0 F12000 X104.961 Y116.84
G1 F2400 X115.04 Y126.919 E3253.07461
G0 F12000 X115.04 Y127.485
G1 F2400 X104.961 Y117.406 E3254.02278
G0 F12000 X104.961 Y117.972
G1 F2400 X115.04 Y128.051 E3254.97095
G0 F12000 X115.04 Y128.616
G1 F2400 X104.961 Y118.537 E3255.91912
G0 F12000 X104.961 Y119.103
G1 F2400 X115.04 Y129.182 E3256.86729
G0 F12000 X115.04 Y129.748
G1 F2400 X104.961 Y119.669 E3257.81546
G0 F12000 X104.961 Y120.234
G1 F2400 X115.04 Y130.313 E3258.76363
G0 F12000 X115.04 Y130.879
G1 F2400 X104.961 Y120.8 E3259.7118
G0 F12000 X104.961 Y121.366
G1 F2400 X115.04 Y131.445 E3260.65997
G0 F12000 X115.04 Y132.01
G1 F2400 X104.961 Y121.931 E3261.60814
G0 F12000 X104.961 Y122.497
G1 F2400 X115.04 Y132.576 E3262.55631
G0 F12000 X115.04 Y133.142
G1 F2400 X104.961 Y123.063 E3263.50448
G0 F12000 X104.961 Y123.628
G1 F2400 X115.04 Y133.708 E3264.4527
G0 F12000 X115.04 Y134.273
G1 F2400 X104.961 Y124.194 E3265.40087
G0 F12000 X104.961 Y124.76
G1 F2400 X115.04 Y134.839 E3266.34904
G0 F12000 X115.04 Y135.405
G1 F2400 X104.961 Y125.325 E3267.29726
G0 F12000 X104.961 Y125.891
G1 F2400 X115.04 Y135.97 E3268.24543
G0 F12000 X115.04 Y136.536
G1 F2400 X104.961 Y126.457 E3269.1936
G0 F12000 X104.961 Y127.023
G1 F2400 X115.04 Y137.102 E3270.14177
G0 F12000 X115.04 Y137.667
G1 F2400 X104.961 Y127.588 E3271.08994
G0 F12000 X104.961 Y128.154
G1 F2400 X115.04 Y138.233 E3272.03811
G0 F12000 X115.04 Y138.799
G1 F2400 X104.961 Y128.72 E3272.98628
G0 F12000 X104.961 Y129.285
G1 F2400 X115.04 Y139.364 E3273.93445
G0 F12000 X115.04 Y139.93
G1 F2400 X104.961 Y129.851 E3274.88262
G0 F12000 X104.961 Y130.417
G1 F2400 X115.04 Y140.496 E3275.8308
G0 F12000 X115.04 Y141.061
G1 F2400 X104.961 Y130.982 E3276.77897
G0 F12000 X104.961 Y131.548
G1 F2400 X111.434 Y138.021 E3277.38791
G0 F12000 X111.61 Y138.198
G1 F2400 X115.04 Y141.627 E3277.71053
G0 F12000 X115.04 Y142.193
G1 F2400 X111.935 Y139.088 E3278.00263
G0 F12000 X111.931 Y139.65
G1 F2400 X115.04 Y142.758 E3278.29506
G0 F12000 X115.04 Y143.324
G1 F2400 X111.789 Y140.073 E3278.60089
G0 F12000 X111.607 Y140.457
G1 F2400 X114.853 Y143.703 E3278.90626
G0 F12000 X114.57 Y143.986
G1 F2400 X111.327 Y140.743 E3279.21134
G0 F12000 X111.028 Y141.009
G1 F2400 X114.288 Y144.269 E3279.51802
G0 F12000 X114.004 Y144.551
G1 F2400 X110.62 Y141.167 E3279.83637
G0 F12000 X110.186 Y141.298
G1 F2400 X113.721 Y144.834 E3280.16896
G0 F12000 X113.438 Y145.117
G1 F2400 X109.555 Y141.233 E3280.5343
G0 F12000 X109.602 Y140.779
G0 X108.567 Y139.702
G0 X108.117 Y139.796
G1 F2400 X104.961 Y136.639 E3280.83124
G0 F12000 X104.961 Y136.074
G1 F2400 X108.054 Y139.166 E3281.12217
G0 F12000 X108.153 Y138.7
G1 F2400 X104.961 Y135.508 E3281.42245
G0 F12000 X104.961 Y134.942
G1 F2400 X108.337 Y138.319 E3281.74009
G0 F12000 X108.575 Y137.99
G1 F2400 X104.961 Y134.376 E3282.08008
G0 F12000 X104.961 Y133.811
G1 F2400 X108.885 Y137.735 E3282.44922
G0 F12000 X109.243 Y137.527
G1 F2400 X104.961 Y133.245 E3282.85205
G0 F12000 X104.961 Y132.679
G1 F2400 X109.696 Y137.414 E3283.29749
G0 F12000 X110.209 Y137.362
G1 F2400 X104.961 Y132.114 E3283.79118
G0 F12000 X104.5 Y132.114
G0 X104.5 Y137.205
G0 X104.961 Y137.205
G1 F2400 X113.155 Y145.4 E3284.56207
G0 F12000 X112.872 Y145.682
G1 F2400 X104.961 Y137.771 E3285.30629
G0 F12000 X104.961 Y138.336
G1 F2400 X112.589 Y145.965 E3286.02393
G0 F12000 X112.306 Y146.247
G1 F2400 X104.961 Y138.902 E3286.71491
G0 F12000 X104.961 Y139.468
G1 F2400 X111.865 Y146.372 E3287.36439
G0 F12000 X111.299 Y146.372
G1 F2400 X104.961 Y140.033 E3287.96068
G0 F12000 X104.961 Y140.599
G1 F2400 X110.734 Y146.372 E3288.50377
G0 F12000 X110.168 Y146.372
G1 F2400 X104.961 Y141.165 E3288.99361
G0 F12000 X104.961 Y141.73
G1 F2400 X109.602 Y146.371 E3289.43021
G0 F12000 X109.036 Y146.371
G1 F2400 X104.961 Y142.296 E3289.81356
G0 F12000 X104.961 Y142.862
G1 F2400 X108.47 Y146.371 E3290.14366
G0 F12000 X107.904 Y146.371
G1 F2400 X104.961 Y143.427 E3290.42057
G1 F2700 E3285.42057
G0 F12000 X104.5 Y143.427
G0 X104.564 Y143.684
G0 X107.648 Y146.768
G0 X112.348 Y146.768
G0 X115.436 Y143.683
G0 X115.5 Y53.946
G0 X115.04 Y53.946
G1 F2700 E3290.42057
G1 F2400 X109.212 Y48.118 E3290.96883
G0 F12000 X109.933 Y48.273
G1 F2400 X115.04 Y53.38 E3291.44927
G0 F12000 X115.04 Y52.815
G1 F2400 X110.446 Y48.22 E3291.88149
G0 F12000 X110.876 Y48.085
G1 F2400 X115.04 Y52.249 E3292.27321
G0 F12000 X115.04 Y51.683
G1 F2400 X111.207 Y47.851 E3292.63375
G0 F12000 X111.505 Y47.583
G1 F2400 X115.04 Y51.117 E3292.96626
G0 F12000 X115.04 Y50.552
G1 F2400 X111.719 Y47.23 E3293.27872
G0 F12000 X111.893 Y46.839
G1 F2400 X115.04 Y49.986 E3293.57477
G0 F12000 X115.04 Y49.42
G1 F2400 X111.934 Y46.314 E3293.86697
G0 F12000 X111.8 Y45.615
G1 F2400 X115.04 Y48.855 E3294.17177
G0 F12000 X115.79 Y48.855
G1 F2700 E3289.17177
;MESH:NONMESH
G0 F300 Z3
G0 F12000 X115.436 Y41.981
G0 X112.348 Y38.896
G0 X107.648 Y38.896
G0 X104.564 Y41.98
G0 X103.43 Y138.777
G0 X101.07 Y138.777
G0 X100.1 Y138.777
;TIME_ELAPSED:2423.113869
;LAYER:7
;TYPE:WALL-INNER
;MESH:bump_plate.obj(1)
G1 F2700 E3294.17177
G1 F2400 X100.1 Y41.913 E3300.61519
G1 X96.916 Y38.732 E3300.91458
G1 X92.08 Y38.732 E3301.23627
G1 X88.9 Y41.912 E3301.53542
G1 X88.9 Y143.752 E3308.30985
G1 X92.08 Y146.932 E3308.609
G1 X96.916 Y146.932 E3308.93069
G1 X100.1 Y143.751 E3309.23008
G1 X100.1 Y138.777 E3309.56096
G0 F12000 X100.5 Y142.059
G1 F2400 X100.5 Y41.747 E3316.23374
G1 X97.082 Y38.332 E3316.55514
G1 X91.915 Y38.332 E3316.89885
G1 X88.5 Y41.747 E3317.22011
G1 X88.5 Y143.917 E3324.01649
G1 X91.915 Y147.332 E3324.33775
G1 X97.082 Y147.332 E3324.68146
G1 X100.5 Y143.917 E3325.00286
G1 X100.5 Y142.059 E3325.12646
G0 F12000 X100.545 Y144.002
G0 X100.763 Y144.22
G1 F2400 X100.9 Y144.083 E3325.13935
G1 X100.9 Y41.581 E3331.95781
G1 X97.247 Y37.932 E3332.30127
G1 X91.749 Y37.932 E3332.667
G1 X88.1 Y41.581 E3333.01028
G1 X88.1 Y144.083 E3339.82874
G1 X91.749 Y147.732 E3340.17201
G1 X97.247 Y147.732 E3340.53774
G1 X100.763 Y144.22 E3340.86832
G0 F12000 X100.825 Y144.724
;TYPE:WALL-OUTER
G1 F2400 X101.3 Y144.249 E3340.913
G1 X101.3 Y41.415 E3347.75355
G1 X97.413 Y37.532 E3348.11902
G1 X91.583 Y37.532 E3348.50684
G1 X87.7 Y41.415 E3348.87213
G1 X87.7 Y144.249 E3355.71267
G1 X91.583 Y148.132 E3356.07796
G1 X97.413 Y148.132 E3356.46577
G1 X100.825 Y144.724 E3356.78657
G1 F2700 E3351.78657
G0 F12000 X100.324 Y144.223
G0 X99.9 Y140.553
G0 X95.568 Y140.097
G0 X94.548 Y140.553
G0 X94.525 Y140.771
;TYPE:FILL
G1 F2700 E3356.78657
G1 F4800 X93.049 Y139.295 E3356.92542
G0 F12000 X93.14 Y138.875
G1 F4800 X95.429 Y138.261 E3357.08307
G1 F2700 E3352.08307
G0 F12000 X95.282 Y138.423
G0 X94.635 Y138.025
G0 X102.165 Y138.025
G0 X102.165 Y47.643
G0 X94.635 Y47.643
G0 X94.82 Y47.728
G1 F2700 E3357.08307
G1 F4800 X93.108 Y46.016 E3357.24412
G0 F12000 X93.225 Y45.677
G1 F4800 X95.279 Y45.127 E3357.38557
G1 F2700 E3352.38557
G0 F12000 X95.133 Y45.289
G0 X94.635 Y47.643
G0 X102.165 Y47.643
G0 X102.165 Y138.025
G0 X94.635 Y138.025
G0 X94.628 Y140.56
G0 X94.652 Y140.82
;TYPE:SKIN
G1 F2700 E3357.38557
G1 F2400 X95.227 Y140.634 E3357.42577
G1 X95.715 Y140.2 E3357.46921
G1 X95.962 Y139.635 E3357.51023
G1 X95.968 Y139.029 E3357.55054
G1 X95.718 Y138.467 E3357.59146
G1 X95.227 Y138.033 E3357.63505
G1 X94.659 Y137.845 E3357.67485
G1 X94.049 Y137.904 E3357.71562
G1 X93.502 Y138.216 E3357.7575
G1 X93.125 Y138.745 E3357.80072
G1 X92.999 Y139.328 E3357.84039
G1 X93.125 Y139.923 E3357.88085
G1 X93.5 Y140.441 E3357.92339
G1 X94.037 Y140.757 E3357.96484
G1 X94.652 Y140.82 E3358.00596
G1 F2700 E3353.00596
G0 F12000 X94.628 Y140.56
G0 X95.789 Y139.068
G0 X99.9 Y139.068
G0 X100 Y135.824
G0 X99.74 Y135.824
G1 F2700 E3358.00596
G1 F2400 X99.74 Y143.601 E3358.52329
G1 X96.765 Y146.572 E3358.80297
G1 X92.227 Y146.572 E3359.10484
G1 X89.261 Y143.601 E3359.3841
G1 X89.26 Y42.059 E3366.1387
G1 X92.227 Y39.093 E3366.41777
G1 X96.765 Y39.092 E3366.71964
G1 X99.74 Y42.063 E3366.99932
G1 X99.74 Y135.824 E3373.23633
G1 F2700 E3368.23633
G0 F12000 X100 Y135.824
G0 X99.9 Y47.56
G0 X95.568 Y47.097
G0 X94.628 Y47.56
G0 X94.659 Y47.819
G1 F2700 E3373.23633
G1 F2400 X95.227 Y47.631 E3373.27613
G1 X95.715 Y47.2 E3373.31944
G1 X95.962 Y46.635 E3373.36045
G1 X95.968 Y46.029 E3373.40077
G1 X95.718 Y45.467 E3373.44168
G1 X95.23 Y45.031 E3373.48522
G1 X94.652 Y44.844 E3373.52563
G1 X94.043 Y44.902 E3373.56632
G1 X93.499 Y45.22 E3373.60824
G1 X93.125 Y45.745 E3373.65111
G1 X92.999 Y46.328 E3373.69079
G1 X93.125 Y46.923 E3373.73125
G1 X93.504 Y47.445 E3373.77416
G1 X94.044 Y47.755 E3373.81558
G1 X94.659 Y47.819 E3373.85671
G1 F2700 E3368.85671
G0 F12000 X94.628 Y47.56
G0 X93.479 Y45.562
G0 X89.1 Y45.562
G0 X89 Y42.344
G0 X89.461 Y42.344
G1 F2700 E3373.85671
G1 F2400 X92.513 Y39.292 E3374.14382
G0 F12000 X93.079 Y39.292
G1 F2400 X89.461 Y42.909 E3374.48414
G0 F12000 X89.461 Y43.475
G1 F2400 X93.644 Y39.292 E3374.87765
G0 F12000 X94.21 Y39.292
G1 F2400 X89.461 Y44.041 E3375.3244
G0 F12000 X89.461 Y44.606
G1 F2400 X94.776 Y39.292 E3375.82436
G0 F12000 X95.341 Y39.292
G1 F2400 X89.461 Y45.172 E3376.37751
G0 F12000 X89.461 Y45.738
G1 F2400 X95.907 Y39.292 E3376.98391
G0 F12000 X96.473 Y39.292
G1 F2400 X89.461 Y46.303 E3377.64351
G0 F12000 X89.461 Y46.869
G1 F2400 X96.861 Y39.469 E3378.33966
G0 F12000 X97.144 Y39.752
G1 F2400 X89.461 Y47.435 E3379.06243
G0 F12000 X89.461 Y48.001
G1 F2400 X97.427 Y40.035 E3379.81182
G0 F12000 X97.71 Y40.317
G1 F2400 X89.461 Y48.566 E3380.58784
G0 F12000 X89.461 Y49.132
G1 F2400 X92.957 Y45.636 E3380.91672
G0 F12000 X92.801 Y46.358
G1 F2400 X89.461 Y49.698 E3381.23092
G0 F12000 X89.461 Y50.263
G1 F2400 X92.899 Y46.825 E3381.55435
G0 F12000 X93.083 Y47.207
G1 F2400 X89.461 Y50.829 E3381.89509
G0 F12000 X89.461 Y51.395
G1 F2400 X93.321 Y47.535 E3382.25821
G0 F12000 X93.656 Y47.766
G1 F2400 X89.461 Y51.96 E3382.6528
G0 F12000 X89.461 Y52.526
G1 F2400 X94.028 Y47.959 E3383.08244
G0 F12000 X94.542 Y48.011
G1 F2400 X89.461 Y53.092 E3383.56043
G0 F12000 X89.461 Y53.657
G1 F2400 X95.296 Y47.822 E3384.10935
G0 F12000 X95.946 Y47.173
G1 F2400 X99.54 Y43.578 E3384.4475
G0 F12000 X99.54 Y43.013
G1 F2400 X96.164 Y46.389 E3384.76509
G0 F12000 X96.117 Y45.87
G1 F2400 X99.54 Y42.447 E3385.08711
G0 F12000 X99.408 Y42.013
G1 F2400 X95.943 Y45.478 E3385.41307
G0 F12000 X95.685 Y45.171
G1 F2400 X99.125 Y41.731 E3385.73669
G0 F12000 X98.842 Y41.448
G1 F2400 X95.387 Y44.903 E3386.06171
G0 F12000 X94.985 Y44.739
G1 F2400 X98.559 Y41.166 E3386.39789
G0 F12000 X98.276 Y40.883
G1 F2400 X94.504 Y44.655 E3386.75273
G0 F12000 X93.752 Y44.84
G1 F2400 X97.993 Y40.6 E3387.15165
G0 F12000 X98.318 Y40.276
G0 X99.936 Y41.981
G0 X100 Y44.144
G0 X99.54 Y44.144
G1 F2400 X89.461 Y54.223 E3388.09982
G0 F12000 X89.461 Y54.789
G1 F2400 X99.54 Y44.71 E3389.04799
G0 F12000 X99.54 Y45.275
G1 F2400 X89.461 Y55.354 E3389.99616
G0 F12000 X89.461 Y55.92
G1 F2400 X99.54 Y45.841 E3390.94433
G0 F12000 X99.54 Y46.407
G1 F2400 X89.461 Y56.486 E3391.8925
G0 F12000 X89.461 Y57.051
G1 F2400 X99.54 Y46.972 E3392.84068
G0 F12000 X99.54 Y47.538
G1 F2400 X89.461 Y57.617 E3393.78885
G0 F12000 X89.461 Y58.183
G1 F2400 X99.54 Y48.104 E3394.73702
G0 F12000 X99.54 Y48.669
G1 F2400 X89.461 Y58.749 E3395.68523
G0 F12000 X89.461 Y59.314
G1 F2400 X99.54 Y49.235 E3396.6334
G0 F12000 X99.54 Y49.801
G1 F2400 X89.461 Y59.88 E3397.58157
G0 F12000 X89.461 Y60.446
G1 F2400 X99.54 Y50.367 E3398.52975
G0 F12000 X99.54 Y50.932
G1 F2400 X89.461 Y61.011 E3399.47792
G0 F12000 X89.461 Y61.577
G1 F2400 X99.54 Y51.498 E3400.42609
G0 F12000 X99.54 Y52.064
G1 F2400 X89.461 Y62.143 E3401.37426
G0 F12000 X89.461 Y62.708
G1 F2400 X99.54 Y52.629 E3402.32243
G0 F12000 X99.54 Y53.195
G1 F2400 X89.461 Y63.274 E3403.2706
G0 F12000 X89.461 Y63.84
G1 F2400 X99.54 Y53.761 E3404.21877
G0 F12000 X99.54 Y54.326
G1 F2400 X89.461 Y64.405 E3405.16694
G0 F12000 X89.461 Y64.971
G1 F2400 X99.54 Y54.892 E3406.11511
G0 F12000 X99.54 Y55.458
G1 F2400 X89.461 Y65.537 E3407.06328
G0 F12000 X89.461 Y66.102
G1 F2400 X99.54 Y56.023 E3408.01145
G0 F12000 X99.54 Y56.589
G1 F2400 X89.461 Y66.668 E3408.95962
G0 F12000 X89.461 Y67.234
G1 F2400 X99.54 Y57.155 E3409.90779
G0 F12000 X99.54 Y57.72
G1 F2400 X89.461 Y67.8 E3410.85601
G0 F12000 X89.461 Y68.365
G1 F2400 X99.54 Y58.286 E3411.80418
G0 F12000 X99.54 Y58.852
G1 F2400 X89.461 Y68.931 E3412.75235
G0 F12000 X89.461 Y69.497
G1 F2400 X99.54 Y59.417 E3413.70057
G0 F12000 X99.54 Y59.983
G1 F2400 X89.461 Y70.062 E3414.64874
G0 F12000 X89.461 Y70.628
G1 F2400 X99.54 Y60.549 E3415.59691
G0 F12000 X99.54 Y61.115
G1 F2400 X89.461 Y71.194 E3416.54508
G0 F12000 X89.461 Y71.759
G1 F2400 X99.54 Y61.68 E3417.49325
G0 F12000 X99.54 Y62.246
G1 F2400 X89.461 Y72.325 E3418.44142
G0 F12000 X89.461 Y72.891
G1 F2400 X99.54 Y62.812 E3419.38959
G0 F12000 X99.54 Y63.377
G1 F2400 X89.461 Y73.456 E3420.33776
G0 F12000 X89.461 Y74.022
G1 F2400 X99.54 Y63.943 E3421.28593
G0 F12000 X99.54 Y64.509
G1 F2400 X89.461 Y74.588 E3422.2341
G0 F12000 X89.461 Y75.153
G1 F2400 X99.54 Y65.074 E3423.18227
G0 F12000 X99.54 Y65.64
G1 F2400 X89.461 Y75.719 E3424.13044
G0 F12000 X89.461 Y76.285
G1 F2400 X99.54 Y66.206 E3425.07861
G0 F12000 X99.54 Y66.771
G1 F2400 X89.461 Y76.85 E3426.02678
G0 F12000 X89.461 Y77.416
G1 F2400 X99.54 Y67.337 E3426.97495
G0 F12000 X99.54 Y67.903
G1 F2400 X89.461 Y77.982 E3427.92313
G0 F12000 X89.461 Y78.548
G1 F2400 X99.54 Y68.468 E3428.87134
G0 F12000 X99.54 Y69.034
G1 F2400 X89.461 Y79.113 E3429.81951
G0 F12000 X89.461 Y79.679
G1 F2400 X99.54 Y69.6 E3430.76768
G0 F12000 X99.54 Y70.165
G1 F2400 X89.461 Y80.245 E3431.7159
G0 F12000 X89.461 Y80.81
G1 F2400 X99.54 Y70.731 E3432.66407
G0 F12000 X99.54 Y71.297
G1 F2400 X89.461 Y81.376 E3433.61224
G0 F12000 X89.461 Y81.942
G1 F2400 X99.54 Y71.863 E3434.56041
G0 F12000 X99.54 Y72.428
G1 F2400 X89.461 Y82.507 E3435.50858
G0 F12000 X89.461 Y83.073
G1 F2400 X99.54 Y72.994 E3436.45675
G0 F12000 X99.54 Y73.56
G1 F2400 X89.461 Y83.639 E3437.40492
G0 F12000 X89.461 Y84.204
G1 F2400 X99.54 Y74.125 E3438.3531
G0 F12000 X99.54 Y74.691
G1 F2400 X89.461 Y84.77 E3439.30127
G0 F12000 X89.461 Y85.336
G1 F2400 X99.54 Y75.257 E3440.24944
G0 F12000 X99.54 Y75.822
G1 F2400 X89.461 Y85.901 E3441.19761
G0 F12000 X89.461 Y86.467
G1 F2400 X99.54 Y76.388 E3442.14578
G0 F12000 X99.54 Y76.954
G1 F2400 X89.461 Y87.033 E3443.09395
G0 F12000 X89.461 Y87.599
G1 F2400 X99.54 Y77.519 E3444.04217
G0 F12000 X99.54 Y78.085
G1 F2400 X89.461 Y88.164 E3444.99034
G0 F12000 X89.461 Y88.73
G1 F2400 X99.54 Y78.651 E3445.93851
G0 F12000 X99.54 Y79.216
G1 F2400 X89.461 Y89.296 E3446.88672
G0 F12000 X89.461 Y89.861
G1 F2400 X99.54 Y79.782 E3447.83489
G0 F12000 X99.54 Y80.348
G1 F2400 X89.461 Y90.427 E3448.78306
G0 F12000 X89.461 Y90.993
G1 F2400 X99.54 Y80.914 E3449.73124
G0 F12000 X99.54 Y81.479
G1 F2400 X89.461 Y91.558 E3450.67941
G0 F12000 X89.461 Y92.124
G1 F2400 X99.54 Y82.045 E3451.62758
G0 F12000 X99.54 Y82.611
G1 F2400 X89.461 Y92.69 E3452.57575
G0 F12000 X89.461 Y93.255
G1 F2400 X99.54 Y83.176 E3453.52392
G0 F12000 X99.54 Y83.742
G1 F2400 X89.461 Y93.821 E3454.47209
G0 F12000 X89.461 Y94.387
G1 F2400 X99.54 Y84.308 E3455.42026
G0 F12000 X99.54 Y84.873
G1 F2400 X89.461 Y94.952 E3456.36843
G0 F12000 X89.461 Y95.518
G1 F2400 X99.54 Y85.439 E3457.3166
G0 F12000 X99.54 Y86.005
G1 F2400 X89.461 Y96.084 E3458.26477
G0 F12000 X89.461 Y96.649
G1 F2400 X99.54 Y86.57 E3459.21294
G0 F12000 X99.54 Y87.136
G1 F2400 X89.461 Y97.215 E3460.16111
G0 F12000 X89.461 Y97.781
G1 F2400 X99.54 Y87.702 E3461.10928
G0 F12000 X99.54 Y88.267
G1 F2400 X89.461 Y98.347 E3462.0575
G0 F12000 X89.461 Y98.912
G1 F2400 X99.54 Y88.833 E3463.00567
G0 F12000 X99.54 Y89.399
G1 F2400 X89.461 Y99.478 E3463.95384
G0 F12000 X89.461 Y100.044
G1 F2400 X99.54 Y89.964 E3464.90206
G0 F12000 X99.54 Y90.53
G1 F2400 X89.461 Y100.609 E3465.85023
G0 F12000 X89.461 Y101.175
G1 F2400 X99.54 Y91.096 E3466.7984
G0 F12000 X99.54 Y91.662
G1 F2400 X89.461 Y101.741 E3467.74657
G0 F12000 X89.461 Y102.306
G1 F2400 X99.54 Y92.227 E3468.69474
G0 F12000 X99.54 Y92.793
G1 F2400 X89.461 Y102.872 E3469.64291
G0 F12000 X89.461 Y103.438
G1 F2400 X99.54 Y93.359 E3470.59108
G0 F12000 X99.54 Y93.924
G1 F2400 X89.461 Y104.003 E3471.53925
G0 F12000 X89.461 Y104.569
G1 F2400 X99.54 Y94.49 E3472.48742
G0 F12000 X99.54 Y95.056
G1 F2400 X89.461 Y105.135 E3473.43559
G0 F12000 X89.461 Y105.7
G1 F2400 X99.54 Y95.621 E3474.38376
G0 F12000 X99.54 Y96.187
G1 F2400 X89.461 Y106.266 E3475.33193
G0 F12000 X89.461 Y106.832
G1 F2400 X99.54 Y96.753 E3476.2801
G0 F12000 X99.54 Y97.318
G1 F2400 X89.461 Y107.397 E3477.22827
G0 F12000 X89.461 Y107.963
G1 F2400 X99.54 Y97.884 E3478.17645
G0 F12000 X99.54 Y98.45
G1 F2400 X89.461 Y108.529 E3479.12462
G0 F12000 X89.461 Y109.095
G1 F2400 X99.54 Y99.015 E3480.07283
G0 F12000 X99.54 Y99.581
G1 F2400 X89.461 Y109.66 E3481.021
G0 F12000 X89.461 Y110.226
G1 F2400 X99.54 Y100.147 E3481.96917
G0 F12000 X99.54 Y100.713
G1 F2400 X89.461 Y110.792 E3482.91734
G0 F12000 X89.461 Y111.357
G1 F2400 X99.54 Y101.278 E3483.86552
G0 F12000 X99.54 Y101.844
G1 F2400 X89.461 Y111.923 E3484.81369
G0 F12000 X89.461 Y112.489
G1 F2400 X99.54 Y102.41 E3485.76186
G0 F12000 X99.54 Y102.975
G1 F2400 X89.461 Y113.054 E3486.71003
G0 F12000 X89.461 Y113.62
G1 F2400 X99.54 Y103.541 E3487.6582
G0 F12000 X99.54 Y104.107
G1 F2400 X89.461 Y114.186 E3488.60637
G0 F12000 X89.461 Y114.751
G1 F2400 X99.54 Y104.672 E3489.55454
G0 F12000 X99.54 Y105.238
G1 F2400 X89.461 Y115.317 E3490.50271
G0 F12000 X89.461 Y115.883
G1 F2400 X99.54 Y105.804 E3491.45088
G0 F12000 X99.54 Y106.369
G1 F2400 X89.461 Y116.448 E3492.39905
G0 F12000 X89.461 Y117.014
G1 F2400 X99.54 Y106.935 E3493.34722
G0 F12000 X99.54 Y107.501
G1 F2400 X89.461 Y117.58 E3494.29539
G0 F12000 X89.461 Y118.146
G1 F2400 X99.54 Y108.066 E3495.24361
G0 F12000 X99.54 Y108.632
G1 F2400 X89.461 Y118.711 E3496.19178
G0 F12000 X89.461 Y119.277
G1 F2400 X99.54 Y109.198 E3497.13995
G0 F12000 X99.54 Y109.763
G1 F2400 X89.461 Y119.843 E3498.08817
G0 F12000 X89.461 Y120.408
G1 F2400 X99.54 Y110.329 E3499.03634
G0 F12000 X99.54 Y110.895
G1 F2400 X89.461 Y120.974 E3499.98451
G0 F12000 X89.461 Y121.54
G1 F2400 X99.54 Y111.461 E3500.93268
G0 F12000 X99.54 Y112.026
G1 F2400 X89.461 Y122.105 E3501.88085
G0 F12000 X89.461 Y122.671
G1 F2400 X99.54 Y112.592 E3502.82902
G0 F12000 X99.54 Y113.158
G1 F2400 X89.461 Y123.237 E3503.77719
G0 F12000 X89.461 Y123.802
G1 F2400 X99.54 Y113.723 E3504.72536
G0 F12000 X99.54 Y114.289
G1 F2400 X89.461 Y124.368 E3505.67353
G0 F12000 X89.461 Y124.934
G1 F2400 X99.54 Y114.855 E3506.6217
G0 F12000 X99.54 Y115.42
G1 F2400 X89.461 Y125.499 E3507.56987
G0 F12000 X89.461 Y126.065
G1 F2400 X99.54 Y115.986 E3508.51804
G0 F12000 X99.54 Y116.552
G1 F2400 X89.461 Y126.631 E3509.46621
G0 F12000 X89.461 Y127.196
G1 F2400 X99.54 Y117.117 E3510.41438
G0 F12000 X99.54 Y117.683
G1 F2400 X89.461 Y127.762 E3511.36255
G0 F12000 X89.461 Y128.328
G1 F2400 X99.54 Y118.249 E3512.31072
G0 F12000 X99.54 Y118.814
G1 F2400 X89.461 Y128.894 E3513.25894
G0 F12000 X89.461 Y129.459
G1 F2400 X99.54 Y119.38 E3514.20711
G0 F12000 X99.54 Y119.946
G1 F2400 X89.461 Y130.025 E3515.15528
G0 F12000 X89.461 Y130.591
G1 F2400 X99.54 Y120.512 E3516.10345
G0 F12000 X99.54 Y121.077
G1 F2400 X89.461 Y131.156 E3517.05162
G0 F12000 X89.461 Y131.722
G1 F2400 X99.54 Y121.643 E3517.99979
G0 F12000 X99.54 Y122.209
G1 F2400 X89.461 Y132.288 E3518.94797
G0 F12000 X89.461 Y132.853
G1 F2400 X99.54 Y122.774 E3519.89614
G0 F12000 X99.54 Y123.34
G1 F2400 X89.461 Y133.419 E3520.84431
G0 F12000 X89.461 Y133.985
G1 F2400 X99.54 Y123.906 E3521.79248
G0 F12000 X99.54 Y124.471
G1 F2400 X89.461 Y134.55 E3522.74065
G0 F12000 X89.461 Y135.116
G1 F2400 X99.54 Y125.037 E3523.68882
G0 F12000 X99.54 Y125.603
G1 F2400 X89.461 Y135.682 E3524.63699
G0 F12000 X89.461 Y136.247
G1 F2400 X99.54 Y126.168 E3525.58516
G0 F12000 X99.54 Y126.734
G1 F2400 X89.461 Y136.813 E3526.53333
G0 F12000 X89.461 Y137.379
G1 F2400 X99.54 Y127.3 E3527.4815
G0 F12000 X99.54 Y127.865
G1 F2400 X89.461 Y137.945 E3528.42972
G0 F12000 X89.461 Y138.51
G1 F2400 X99.54 Y128.431 E3529.37789
G0 F12000 X99.54 Y128.997
G1 F2400 X89.461 Y139.076 E3530.32606
G0 F12000 X89.461 Y139.642
G1 F2400 X99.54 Y129.562 E3531.27428
G0 F12000 X99.54 Y130.128
G1 F2400 X89.461 Y140.207 E3532.22245
G0 F12000 X89.461 Y140.773
G1 F2400 X99.54 Y130.694 E3533.17062
G0 F12000 X99.54 Y131.26
G1 F2400 X89.461 Y141.339 E3534.11879
G0 F12000 X89.461 Y141.904
G1 F2400 X99.54 Y131.825 E3535.06696
G0 F12000 X99.54 Y132.391
G1 F2400 X94.251 Y137.68 E3535.56451
G0 F12000 X94.81 Y137.687
G1 F2400 X99.54 Y132.957 E3536.00948
G0 F12000 X99.54 Y133.522
G1 F2400 X95.239 Y137.824 E3536.41414
G0 F12000 X95.565 Y138.063
G1 F2400 X99.54 Y134.088 E3536.78809
G0 F12000 X99.54 Y134.654
G1 F2400 X95.855 Y138.338 E3537.1347
G0 F12000 X96.047 Y138.712
G1 F2400 X99.54 Y135.219 E3537.4633
G0 F12000 X99.54 Y135.785
G1 F2400 X96.167 Y139.158 E3537.78061
G0 F12000 X96.133 Y139.758
G1 F2400 X99.54 Y136.351 E3538.10112
G0 F12000 X99.54 Y136.916
G1 F2400 X91.198 Y145.258 E3538.88589
G0 F12000 X90.916 Y144.975
G1 F2400 X94.957 Y140.933 E3539.26609
G0 F12000 X94.336 Y140.989
G1 F2400 X90.633 Y144.692 E3539.61444
G0 F12000 X90.351 Y144.409
G1 F2400 X93.869 Y140.89 E3539.94544
G0 F12000 X93.515 Y140.679
G1 F2400 X90.068 Y144.125 E3540.26967
G0 F12000 X89.786 Y143.842
G1 F2400 X93.225 Y140.403 E3540.59319
G0 F12000 X92.987 Y140.075
G1 F2400 X89.503 Y143.56 E3540.92099
G0 F12000 X89.461 Y143.036
G1 F2400 X92.859 Y139.637 E3541.2407
G0 F12000 X92.846 Y139.085
G1 F2400 X89.461 Y142.47 E3541.55914
G0 F12000 X89 Y142.47
G0 X89.064 Y143.684
G0 X91.156 Y145.865
G0 X91.481 Y145.541
G1 F2400 X99.54 Y137.482 E3542.31728
G0 F12000 X99.54 Y138.048
G1 F2400 X91.763 Y145.825 E3543.04889
G0 F12000 X92.046 Y146.107
G1 F2400 X99.54 Y138.613 E3543.75388
G0 F12000 X99.54 Y139.179
G1 F2400 X92.347 Y146.373 E3544.4306
G0 F12000 X92.912 Y146.373
G1 F2400 X99.54 Y139.745 E3545.05412
G0 F12000 X99.54 Y140.31
G1 F2400 X93.478 Y146.373 E3545.62445
G0 F12000 X94.044 Y146.373
G1 F2400 X99.54 Y140.876 E3546.14152
G0 F12000 X99.54 Y141.442
G1 F2400 X94.609 Y146.373 E3546.6054
G0 F12000 X95.175 Y146.373
G1 F2400 X99.54 Y142.008 E3547.01603
G0 F12000 X99.54 Y142.573
G1 F2400 X95.741 Y146.373 E3547.37347
G0 F12000 X96.307 Y146.373
G1 F2400 X99.54 Y143.139 E3547.67765
G0 F12000 X100.29 Y143.139
G1 F2700 E3542.67765
;MESH:bump_plate.obj
G0 F12000 X101.072 Y144.156
G0 X103.428 Y144.156
G0 X107.648 Y146.768
G0 X110 Y146.932
;TYPE:WALL-INNER
G1 F2700 E3547.67765
G1 F2400 X112.416 Y146.932 E3547.83837
G1 X115.6 Y143.751 E3548.13776
G1 X115.6 Y41.913 E3554.91205
G1 X112.416 Y38.732 E3555.21144
G1 X107.58 Y38.732 E3555.53313
G1 X104.4 Y41.912 E3555.83229
G1 X104.4 Y143.752 E3562.60671
G1 X107.58 Y146.932 E3562.90587
G1 X110 Y146.932 E3563.06684
G0 F12000 X110 Y147.332
G1 F2400 X112.582 Y147.332 E3563.2386
G1 X116 Y143.917 E3563.56
G1 X116 Y41.747 E3570.35638
G1 X112.582 Y38.332 E3570.67778
G1 X107.415 Y38.332 E3571.02149
G1 X104 Y41.747 E3571.34275
G1 X104 Y143.917 E3578.13913
G1 X107.415 Y147.332 E3578.46039
G1 X110 Y147.332 E3578.63235
G0 F12000 X110 Y147.732
G1 F2400 X112.747 Y147.732 E3578.81508
G1 X116.4 Y144.083 E3579.15854
G1 X116.4 Y41.581 E3585.977
G1 X112.747 Y37.932 E3586.32047
G1 X107.249 Y37.932 E3586.6862
G1 X103.6 Y41.581 E3587.02947
G1 X103.6 Y144.083 E3593.84793
G1 X107.249 Y147.732 E3594.19121
G1 X110 Y147.732 E3594.3742
G0 F12000 X110 Y148.132
;TYPE:WALL-OUTER
G1 F2400 X112.913 Y148.132 E3594.56798
G1 X116.8 Y144.249 E3594.93346
G1 X116.8 Y41.415 E3601.774
G1 X112.913 Y37.532 E3602.13948
G1 X107.083 Y37.532 E3602.52729
G1 X103.2 Y41.415 E3602.89258
G1 X103.2 Y144.249 E3609.73313
G1 X107.083 Y148.132 E3610.09841
G1 X110 Y148.132 E3610.29245
G1 F2700 E3605.29245
G0 F12000 X110 Y147.423
G0 X110.047 Y146.732
G0 X110.135 Y140.643
G0 X110.024 Y140.771
;TYPE:FILL
G1 F2700 E3610.29245
G1 F4800 X108.549 Y139.295 E3610.43126
G0 F12000 X108.64 Y138.874
G1 F4800 X110.929 Y138.261 E3610.58889
G1 F2700 E3605.58889
G0 F12000 X110.782 Y138.423
G0 X110.135 Y138.025
G0 X117.665 Y138.025
G0 X117.665 Y47.643
G0 X110.135 Y47.643
G0 X110.32 Y47.728
G1 F2700 E3610.58889
G1 F4800 X108.608 Y46.016 E3610.74994
G0 F12000 X108.726 Y45.676
G1 F4800 X110.779 Y45.126 E3610.89133
G1 F2700 E3605.89133
G0 F12000 X110.632 Y45.288
G0 X110.135 Y47.643
G0 X117.665 Y47.643
G0 X117.661 Y144.607
G0 X113.274 Y148.994
G0 X106.726 Y148.994
G0 X110.135 Y146.732
G0 X110 Y146.572
;TYPE:SKIN
G1 F2700 E3610.89133
G1 F2400 X107.727 Y146.572 E3611.04253
G1 X104.761 Y143.601 E3611.32179
G1 X104.76 Y42.059 E3618.07639
G1 X107.727 Y39.093 E3618.35546
G1 X112.265 Y39.092 E3618.65733
G1 X115.24 Y42.063 E3618.93701
G1 X115.24 Y143.601 E3625.69134
G1 X112.265 Y146.572 E3625.97102
G1 X110 Y146.572 E3626.12169
G1 F2700 E3621.12169
G0 F12000 X110 Y146.832
G0 X110.135 Y140.643
G0 X110 Y140.804
G1 F2700 E3626.12169
G1 F2400 X110.152 Y140.82 E3626.13186
G1 X110.727 Y140.634 E3626.17206
G1 X111.215 Y140.2 E3626.2155
G1 X111.462 Y139.635 E3626.25652
G1 X111.468 Y139.029 E3626.29683
G1 X111.218 Y138.467 E3626.33775
G1 X110.727 Y138.033 E3626.38134
G1 X110.159 Y137.845 E3626.42114
G1 X109.549 Y137.904 E3626.46191
G1 X109.002 Y138.216 E3626.5038
G1 X108.625 Y138.745 E3626.54701
G1 X108.499 Y139.328 E3626.58669
G1 X108.625 Y139.923 E3626.62714
G1 X109 Y140.441 E3626.66968
G1 X109.537 Y140.757 E3626.71113
G1 X110 Y140.804 E3626.74209
G1 F2700 E3621.74209
G0 F12000 X110.027 Y140.551
G0 X110.135 Y138.025
G0 X117.665 Y138.025
G0 X117.665 Y47.643
G0 X110.135 Y47.643
G0 X110.159 Y47.819
G1 F2700 E3626.74209
G1 F2400 X110.727 Y47.631 E3626.78189
G1 X111.215 Y47.2 E3626.8252
G1 X111.462 Y46.635 E3626.86621
G1 X111.468 Y46.029 E3626.90653
G1 X111.218 Y45.467 E3626.94744
G1 X110.73 Y45.031 E3626.99098
G1 X110.152 Y44.844 E3627.03139
G1 X109.543 Y44.902 E3627.07208
G1 X108.999 Y45.22 E3627.114
G1 X108.625 Y45.745 E3627.15687
G1 X108.499 Y46.328 E3627.19655
G1 X108.625 Y46.923 E3627.23701
G1 X109.004 Y47.445 E3627.27992
G1 X109.544 Y47.755 E3627.32134
G1 X110.159 Y47.819 E3627.36247
G1 F2700 E3622.36247
G0 F12000 X110.128 Y47.56
G0 X108.794 Y45.819
G0 X104.6 Y45.819
G0 X104.5 Y42.683
G0 X104.961 Y42.683
G1 F2700 E3627.36247
G1 F2400 X108.351 Y39.293 E3627.68138
G0 F12000 X108.917 Y39.293
G1 F2400 X104.961 Y43.249 E3628.05354
G0 F12000 X104.961 Y43.814
G1 F2400 X109.483 Y39.293 E3628.47889
G0 F12000 X110.049 Y39.292
G1 F2400 X104.961 Y44.38 E3628.95754
G0 F12000 X104.961 Y44.946
G1 F2400 X110.615 Y39.292 E3629.48943
G0 F12000 X111.181 Y39.292
G1 F2400 X104.961 Y45.512 E3630.07457
G0 F12000 X104.961 Y46.077
G1 F2400 X111.746 Y39.292 E3630.71286
G0 F12000 X112.248 Y39.356
G1 F2400 X104.961 Y46.643 E3631.39838
G0 F12000 X104.961 Y47.209
G1 F2400 X112.53 Y39.639 E3632.11047
G0 F12000 X112.813 Y39.922
G1 F2400 X104.961 Y47.774 E3632.84914
G0 F12000 X104.961 Y48.34
G1 F2400 X113.096 Y40.205 E3633.61443
G0 F12000 X113.38 Y40.487
G1 F2400 X104.961 Y48.906 E3634.40644
G0 F12000 X104.961 Y49.471
G1 F2400 X108.346 Y46.086 E3634.72488
G0 F12000 X108.36 Y46.638
G1 F2400 X104.961 Y50.037 E3635.04464
G0 F12000 X104.961 Y50.603
G1 F2400 X108.489 Y47.075 E3635.37653
G0 F12000 X108.726 Y47.403
G1 F2400 X104.961 Y51.168 E3635.73072
G0 F12000 X104.961 Y51.734
G1 F2400 X109.013 Y47.682 E3636.1119
G0 F12000 X109.37 Y47.891
G1 F2400 X104.961 Y52.3 E3636.52668
G0 F12000 X104.961 Y52.865
G1 F2400 X109.836 Y47.99 E3636.98529
G0 F12000 X110.464 Y47.928
G1 F2400 X104.961 Y53.431 E3637.50297
G0 F12000 X104.961 Y53.997
G1 F2400 X115.04 Y43.918 E3638.45114
G0 F12000 X115.04 Y44.483
G1 F2400 X104.961 Y54.562 E3639.39932
G0 F12000 X104.961 Y55.128
G1 F2400 X115.04 Y45.049 E3640.34749
G0 F12000 X115.04 Y45.615
G1 F2400 X104.961 Y55.694 E3641.29566
G0 F12000 X104.961 Y56.26
G1 F2400 X115.04 Y46.18 E3642.24387
G0 F12000 X115.04 Y46.746
G1 F2400 X104.961 Y56.825 E3643.19204
G0 F12000 X104.961 Y57.391
G1 F2400 X115.04 Y47.312 E3644.14021
G0 F12000 X115.04 Y47.877
G1 F2400 X104.961 Y57.957 E3645.08843
G0 F12000 X104.961 Y58.522
G1 F2400 X115.04 Y48.443 E3646.0366
G0 F12000 X115.04 Y49.009
G1 F2400 X104.961 Y59.088 E3646.98477
G0 F12000 X104.961 Y59.654
G1 F2400 X115.04 Y49.575 E3647.93294
G0 F12000 X115.04 Y50.14
G1 F2400 X104.961 Y60.219 E3648.88111
G0 F12000 X104.961 Y60.785
G1 F2400 X115.04 Y50.706 E3649.82928
G0 F12000 X115.04 Y51.272
G1 F2400 X104.961 Y61.351 E3650.77746
G0 F12000 X104.961 Y61.916
G1 F2400 X115.04 Y51.837 E3651.72563
G0 F12000 X115.04 Y52.403
G1 F2400 X104.961 Y62.482 E3652.6738
G0 F12000 X104.961 Y63.048
G1 F2400 X115.04 Y52.969 E3653.62197
G0 F12000 X115.04 Y53.534
G1 F2400 X104.961 Y63.613 E3654.57014
G0 F12000 X104.961 Y64.179
G1 F2400 X115.04 Y54.1 E3655.51831
G0 F12000 X115.04 Y54.666
G1 F2400 X104.961 Y64.745 E3656.46648
G0 F12000 X104.961 Y65.311
G1 F2400 X115.04 Y55.231 E3657.4147
G0 F12000 X115.04 Y55.797
G1 F2400 X104.961 Y65.876 E3658.36287
G0 F12000 X104.961 Y66.442
G1 F2400 X115.04 Y56.363 E3659.31104
G0 F12000 X115.04 Y56.928
G1 F2400 X104.961 Y67.008 E3660.25925
G0 F12000 X104.961 Y67.573
G1 F2400 X115.04 Y57.494 E3661.20743
G0 F12000 X115.04 Y58.06
G1 F2400 X104.961 Y68.139 E3662.1556
G0 F12000 X104.961 Y68.705
G1 F2400 X115.04 Y58.626 E3663.10377
G0 F12000 X115.04 Y59.191
G1 F2400 X104.961 Y69.27 E3664.05194
G0 F12000 X104.961 Y69.836
G1 F2400 X115.04 Y59.757 E3665.00011
G0 F12000 X115.04 Y60.323
G1 F2400 X104.961 Y70.402 E3665.94828
G0 F12000 X104.961 Y70.967
G1 F2400 X115.04 Y60.888 E3666.89645
G0 F12000 X115.04 Y61.454
G1 F2400 X104.961 Y71.533 E3667.84462
G0 F12000 X104.961 Y72.099
G1 F2400 X115.04 Y62.02 E3668.79279
G0 F12000 X115.04 Y62.585
G1 F2400 X104.961 Y72.664 E3669.74096
G0 F12000 X104.961 Y73.23
G1 F2400 X115.04 Y63.151 E3670.68913
G0 F12000 X115.04 Y63.717
G1 F2400 X104.961 Y73.796 E3671.6373
G0 F12000 X104.961 Y74.361
G1 F2400 X115.04 Y64.282 E3672.58547
G0 F12000 X115.04 Y64.848
G1 F2400 X104.961 Y74.927 E3673.53364
G0 F12000 X104.961 Y75.493
G1 F2400 X115.04 Y65.414 E3674.48181
G0 F12000 X115.04 Y65.979
G1 F2400 X104.961 Y76.059 E3675.43003
G0 F12000 X104.961 Y76.624
G1 F2400 X115.04 Y66.545 E3676.3782
G0 F12000 X115.04 Y67.111
G1 F2400 X104.961 Y77.19 E3677.32637
G0 F12000 X104.961 Y77.756
G1 F2400 X115.04 Y67.676 E3678.27459
G0 F12000 X115.04 Y68.242
G1 F2400 X104.961 Y78.321 E3679.22276
G0 F12000 X104.961 Y78.887
G1 F2400 X115.04 Y68.808 E3680.17093
G0 F12000 X115.04 Y69.374
G1 F2400 X104.961 Y79.453 E3681.1191
G0 F12000 X104.961 Y80.018
G1 F2400 X115.04 Y69.939 E3682.06727
G0 F12000 X115.04 Y70.505
G1 F2400 X104.961 Y80.584 E3683.01544
G0 F12000 X104.961 Y81.15
G1 F2400 X115.04 Y71.071 E3683.96361
G0 F12000 X115.04 Y71.636
G1 F2400 X104.961 Y81.715 E3684.91178
G0 F12000 X104.961 Y82.281
G1 F2400 X115.04 Y72.202 E3685.85995
G0 F12000 X115.04 Y72.768
G1 F2400 X104.961 Y82.847 E3686.80812
G0 F12000 X104.961 Y83.412
G1 F2400 X115.04 Y73.333 E3687.75629
G0 F12000 X115.04 Y73.899
G1 F2400 X104.961 Y83.978 E3688.70446
G0 F12000 X104.961 Y84.544
G1 F2400 X115.04 Y74.465 E3689.65263
G0 F12000 X115.04 Y75.03
G1 F2400 X104.961 Y85.109 E3690.60081
G0 F12000 X104.961 Y85.675
G1 F2400 X115.04 Y75.596 E3691.54898
G0 F12000 X115.04 Y76.162
G1 F2400 X104.961 Y86.241 E3692.49715
G0 F12000 X104.961 Y86.807
G1 F2400 X115.04 Y76.727 E3693.44536
G0 F12000 X115.04 Y77.293
G1 F2400 X104.961 Y87.372 E3694.39353
G0 F12000 X104.961 Y87.938
G1 F2400 X115.04 Y77.859 E3695.3417
G0 F12000 X115.04 Y78.425
G1 F2400 X104.961 Y88.504 E3696.28988
G0 F12000 X104.961 Y89.069
G1 F2400 X115.04 Y78.99 E3697.23805
G0 F12000 X115.04 Y79.556
G1 F2400 X104.961 Y89.635 E3698.18622
G0 F12000 X104.961 Y90.201
G1 F2400 X115.04 Y80.122 E3699.13439
G0 F12000 X115.04 Y80.687
G1 F2400 X104.961 Y90.766 E3700.08256
G0 F12000 X104.961 Y91.332
G1 F2400 X115.04 Y81.253 E3701.03073
G0 F12000 X115.04 Y81.819
G1 F2400 X104.961 Y91.898 E3701.9789
G0 F12000 X104.961 Y92.463
G1 F2400 X115.04 Y82.384 E3702.92707
G0 F12000 X115.04 Y82.95
G1 F2400 X104.961 Y93.029 E3703.87524
G0 F12000 X104.961 Y93.595
G1 F2400 X115.04 Y83.516 E3704.82341
G0 F12000 X115.04 Y84.081
G1 F2400 X104.961 Y94.16 E3705.77158
G0 F12000 X104.961 Y94.726
G1 F2400 X115.04 Y84.647 E3706.71975
G0 F12000 X115.04 Y85.213
G1 F2400 X104.961 Y95.292 E3707.66792
G0 F12000 X104.961 Y95.858
G1 F2400 X115.04 Y85.778 E3708.61614
G0 F12000 X115.04 Y86.344
G1 F2400 X104.961 Y96.423 E3709.56431
G0 F12000 X104.961 Y96.989
G1 F2400 X115.04 Y86.91 E3710.51248
G0 F12000 X115.04 Y87.475
G1 F2400 X104.961 Y97.555 E3711.4607
G0 F12000 X104.961 Y98.12
G1 F2400 X115.04 Y88.041 E3712.40887
G0 F12000 X115.04 Y88.607
G1 F2400 X104.961 Y98.686 E3713.35704
G0 F12000 X104.961 Y99.252
G1 F2400 X115.04 Y89.173 E3714.30521
G0 F12000 X115.04 Y89.738
G1 F2400 X104.961 Y99.817 E3715.25338
G0 F12000 X104.961 Y100.383
G1 F2400 X115.04 Y90.304 E3716.20155
G0 F12000 X115.04 Y90.87
G1 F2400 X104.961 Y100.949 E3717.14972
G0 F12000 X104.961 Y101.514
G1 F2400 X115.04 Y91.435 E3718.09789
G0 F12000 X115.04 Y92.001
G1 F2400 X104.961 Y102.08 E3719.04606
G0 F12000 X104.961 Y102.646
G1 F2400 X115.04 Y92.567 E3719.99423
G0 F12000 X115.04 Y93.132
G1 F2400 X104.961 Y103.211 E3720.9424
G0 F12000 X104.961 Y103.777
G1 F2400 X115.04 Y93.698 E3721.89057
G0 F12000 X115.04 Y94.264
G1 F2400 X104.961 Y104.343 E3722.83874
G0 F12000 X104.961 Y104.908
G1 F2400 X115.04 Y94.829 E3723.78691
G0 F12000 X115.04 Y95.395
G1 F2400 X104.961 Y105.474 E3724.73509
G0 F12000 X104.961 Y106.04
G1 F2400 X115.04 Y95.961 E3725.68326
G0 F12000 X115.04 Y96.526
G1 F2400 X104.961 Y106.606 E3726.63147
G0 F12000 X104.961 Y107.171
G1 F2400 X115.04 Y97.092 E3727.57964
G0 F12000 X115.04 Y97.658
G1 F2400 X104.961 Y107.737 E3728.52781
G0 F12000 X104.961 Y108.303
G1 F2400 X115.04 Y98.223 E3729.47603
G0 F12000 X115.04 Y98.789
G1 F2400 X104.961 Y108.868 E3730.4242
G0 F12000 X104.961 Y109.434
G1 F2400 X115.04 Y99.355 E3731.37237
G0 F12000 X115.04 Y99.921
G1 F2400 X104.961 Y110 E3732.32054
G0 F12000 X104.961 Y110.565
G1 F2400 X115.04 Y100.486 E3733.26871
G0 F12000 X115.04 Y101.052
G1 F2400 X104.961 Y111.131 E3734.21688
G0 F12000 X104.961 Y111.697
G1 F2400 X115.04 Y101.618 E3735.16505
G0 F12000 X115.04 Y102.183
G1 F2400 X104.961 Y112.262 E3736.11323
G0 F12000 X104.961 Y112.828
G1 F2400 X115.04 Y102.749 E3737.0614
G0 F12000 X115.04 Y103.315
G1 F2400 X104.961 Y113.394 E3738.00957
G0 F12000 X104.961 Y113.959
G1 F2400 X115.04 Y103.88 E3738.95774
G0 F12000 X115.04 Y104.446
G1 F2400 X104.961 Y114.525 E3739.90591
G0 F12000 X104.961 Y115.091
G1 F2400 X115.04 Y105.012 E3740.85408
G0 F12000 X115.04 Y105.577
G1 F2400 X104.961 Y115.657 E3741.8023
G0 F12000 X104.961 Y116.222
G1 F2400 X115.04 Y106.143 E3742.75047
G0 F12000 X115.04 Y106.709
G1 F2400 X104.961 Y116.788 E3743.69864
G0 F12000 X104.961 Y117.354
G1 F2400 X115.04 Y107.274 E3744.64685
G0 F12000 X115.04 Y107.84
G1 F2400 X104.961 Y117.919 E3745.59502
G0 F12000 X104.961 Y118.485
G1 F2400 X115.04 Y108.406 E3746.5432
G0 F12000 X115.04 Y108.972
G1 F2400 X104.961 Y119.051 E3747.49137
G0 F12000 X104.961 Y119.616
G1 F2400 X115.04 Y109.537 E3748.43954
G0 F12000 X115.04 Y110.103
G1 F2400 X104.961 Y120.182 E3749.38771
G0 F12000 X104.961 Y120.748
G1 F2400 X115.04 Y110.669 E3750.33588
G0 F12000 X115.04 Y111.234
G1 F2400 X104.961 Y121.313 E3751.28405
G0 F12000 X104.961 Y121.879
G1 F2400 X115.04 Y111.8 E3752.23222
G0 F12000 X115.04 Y112.366
G1 F2400 X104.961 Y122.445 E3753.18039
G0 F12000 X104.961 Y123.01
G1 F2400 X115.04 Y112.931 E3754.12856
G0 F12000 X115.04 Y113.497
G1 F2400 X104.961 Y123.576 E3755.07673
G0 F12000 X104.961 Y124.142
G1 F2400 X115.04 Y114.063 E3756.0249
G0 F12000 X115.04 Y114.628
G1 F2400 X104.961 Y124.707 E3756.97307
G0 F12000 X104.961 Y125.273
G1 F2400 X115.04 Y115.194 E3757.92124
G0 F12000 X115.04 Y115.76
G1 F2400 X104.961 Y125.839 E3758.86941
G0 F12000 X104.961 Y126.405
G1 F2400 X115.04 Y116.325 E3759.81763
G0 F12000 X115.04 Y116.891
G1 F2400 X104.961 Y126.97 E3760.7658
G0 F12000 X104.961 Y127.536
G1 F2400 X115.04 Y117.457 E3761.71397
G0 F12000 X115.04 Y118.022
G1 F2400 X104.961 Y128.102 E3762.66219
G0 F12000 X104.961 Y128.667
G1 F2400 X115.04 Y118.588 E3763.61036
G0 F12000 X115.04 Y119.154
G1 F2400 X104.961 Y129.233 E3764.55853
G0 F12000 X104.961 Y129.799
G1 F2400 X115.04 Y119.72 E3765.5067
G0 F12000 X115.04 Y120.285
G1 F2400 X104.961 Y130.364 E3766.45487
G0 F12000 X104.961 Y130.93
G1 F2400 X115.04 Y120.851 E3767.40304
G0 F12000 X115.04 Y121.417
G1 F2400 X104.961 Y131.496 E3768.35121
G0 F12000 X104.961 Y132.061
G1 F2400 X115.04 Y121.982 E3769.29938
G0 F12000 X115.04 Y122.548
G1 F2400 X104.961 Y132.627 E3770.24755
G0 F12000 X104.961 Y133.193
G1 F2400 X115.04 Y123.114 E3771.19572
G0 F12000 X115.04 Y123.679
G1 F2400 X104.961 Y133.758 E3772.14389
G0 F12000 X104.961 Y134.324
G1 F2400 X115.04 Y124.245 E3773.09206
G0 F12000 X115.04 Y124.811
G1 F2400 X104.961 Y134.89 E3774.04023
G0 F12000 X104.961 Y135.455
G1 F2400 X115.04 Y125.376 E3774.9884
G0 F12000 X115.04 Y125.942
G1 F2400 X104.961 Y136.021 E3775.93658
G0 F12000 X104.961 Y136.587
G1 F2400 X115.04 Y126.508 E3776.88475
G0 F12000 X115.04 Y127.073
G1 F2400 X104.961 Y137.153 E3777.83296
G0 F12000 X104.961 Y137.718
G1 F2400 X115.04 Y127.639 E3778.78113
G0 F12000 X115.04 Y128.205
G1 F2400 X104.961 Y138.284 E3779.7293
G0 F12000 X104.961 Y138.85
G1 F2400 X115.04 Y128.771 E3780.67747
G0 F12000 X115.04 Y129.336
G1 F2400 X104.961 Y139.415 E3781.62565
G0 F12000 X104.961 Y139.981
G1 F2400 X115.04 Y129.902 E3782.57382
G0 F12000 X115.04 Y130.468
G1 F2400 X104.961 Y140.547 E3783.52199
G0 F12000 X104.961 Y141.112
G1 F2400 X115.04 Y131.033 E3784.47016
G0 F12000 X115.04 Y131.599
G1 F2400 X104.961 Y141.678 E3785.41833
G0 F12000 X104.961 Y142.244
G1 F2400 X108.408 Y138.797 E3785.7426
G0 F12000 X108.32 Y139.451
G1 F2400 X104.961 Y142.809 E3786.05855
G0 F12000 X104.961 Y143.375
G1 F2400 X108.419 Y139.917 E3786.38385
G0 F12000 X108.63 Y140.272
G1 F2400 X105.172 Y143.729 E3786.70911
G0 F12000 X105.455 Y144.012
G1 F2400 X108.873 Y140.595 E3787.03061
G0 F12000 X109.227 Y140.805
G1 F2400 X105.738 Y144.295 E3787.35888
G0 F12000 X106.02 Y144.579
G1 F2400 X109.632 Y140.967 E3787.69868
G0 F12000 X110.142 Y141.023
G1 F2400 X106.303 Y144.861 E3788.05978
G0 F12000 X106.586 Y145.144
G1 F2400 X115.04 Y136.69 E3788.85508
G0 F12000 X115.04 Y137.256
G1 F2400 X106.868 Y145.428 E3789.62385
G0 F12000 X107.151 Y145.711
G1 F2400 X115.04 Y137.821 E3790.36605
G0 F12000 X115.04 Y138.387
G1 F2400 X107.434 Y145.994 E3791.08162
G0 F12000 X107.716 Y146.276
G1 F2400 X115.04 Y138.953 E3791.77057
G0 F12000 X115.04 Y139.519
G1 F2400 X108.187 Y146.372 E3792.41526
G0 F12000 X108.752 Y146.372
G1 F2400 X115.04 Y140.084 E3793.0068
G0 F12000 X115.04 Y140.65
G1 F2400 X109.318 Y146.372 E3793.54509
G0 F12000 X109.884 Y146.372
G1 F2400 X115.04 Y141.216 E3794.03013
G0 F12000 X115.04 Y141.781
G1 F2400 X110.449 Y146.372 E3794.46202
G0 F12000 X111.015 Y146.372
G1 F2400 X115.04 Y142.347 E3794.84067
G0 F12000 X115.04 Y142.913
G1 F2400 X111.581 Y146.372 E3795.16607
G0 F12000 X112.146 Y146.372
G1 F2400 X115.04 Y143.478 E3795.43832
G1 F2700 E3790.43832
G0 F12000 X115.5 Y143.478
G0 X115.4 Y139.501
G0 X111.288 Y139.492
G0 X111.663 Y139.502
G1 F2700 E3795.43832
G1 F2400 X115.04 Y136.124 E3795.75606
G0 F12000 X115.04 Y135.559
G1 F2400 X111.644 Y138.955 E3796.07553
G0 F12000 X111.478 Y138.555
G1 F2400 X115.04 Y134.993 E3796.41062
G0 F12000 X115.04 Y134.427
G1 F2400 X111.244 Y138.223 E3796.76773
G0 F12000 X110.946 Y137.956
G1 F2400 X115.04 Y133.862 E3797.15287
G0 F12000 X115.04 Y133.296
G1 F2400 X110.567 Y137.768 E3797.57361
G0 F12000 X110.126 Y137.644
G1 F2400 X115.04 Y132.73 E3798.03589
G0 F12000 X115.04 Y132.165
G1 F2400 X109.5 Y137.704 E3798.55701
G1 F2700 E3793.55701
G0 F12000 X109.628 Y138.158
G0 X110.135 Y138.025
G0 X117.665 Y138.025
G0 X117.665 Y47.478
G0 X110.643 Y47.478
G0 X111.208 Y46.573
G0 X111.632 Y46.76
G1 F2700 E3798.55701
G1 F2400 X115.04 Y43.352 E3798.87762
G0 F12000 X115.04 Y42.786
G1 F2400 X111.668 Y46.159 E3799.19488
G0 F12000 X111.548 Y45.713
G1 F2400 X115.04 Y42.221 E3799.52339
G0 F12000 X114.795 Y41.9
G1 F2400 X111.356 Y45.339 E3799.84691
G0 F12000 X111.066 Y45.063
G1 F2400 X114.512 Y41.617 E3800.17109
G0 F12000 X114.229 Y41.335
G1 F2400 X110.74 Y44.823 E3800.49926
G0 F12000 X110.314 Y44.683
G1 F2400 X113.945 Y41.052 E3800.84084
G0 F12000 X113.662 Y40.77
G1 F2400 X109.751 Y44.681 E3801.20877
G0 F12000 X109.826 Y45.439
G1 F2700 E3796.20877
;MESH:NONMESH
G0 F300 Z3.4
G0 F12000 X108.684 Y46.331
G0 X102.335 Y46.331
G0 X102.165 Y48.756
G0 X94.78 Y48.756
;TIME_ELAPSED:2684.052528
;LAYER:8
;note -- min layer time used
;TYPE:WALL-INNER
;MESH:bump_plate.obj(1)
G1 F2700 E3801.20877
G1 F2400 X95.385 Y48.605 E3801.25025
G1 X95.837 Y48.367 E3801.28423
G1 X96.361 Y47.9 E3801.33092
G1 X96.632 Y47.511 E3801.36245
G1 X96.871 Y46.9 E3801.4061
G1 X96.939 Y46.346 E3801.44323
G1 X96.869 Y45.763 E3801.48229
G1 X96.633 Y45.151 E3801.52592
G1 X96.364 Y44.76 E3801.55749
G1 X95.839 Y44.297 E3801.60405
G1 X95.378 Y44.055 E3801.63869
G1 X94.783 Y43.908 E3801.67946
G1 X94.196 Y43.908 E3801.7185
G1 X93.663 Y44.042 E3801.75506
G1 X93.066 Y44.359 E3801.80003
G1 X92.721 Y44.666 E3801.83075
G1 X92.32 Y45.24 E3801.87732
G1 X92.133 Y45.732 E3801.91234
G1 X92.059 Y46.33 E3801.95242
G1 X92.144 Y46.965 E3801.99504
G1 X92.319 Y47.419 E3802.0274
G1 X92.723 Y47.999 E3802.07442
G1 X93.066 Y48.305 E3802.105
G1 X93.667 Y48.622 E3802.1502
G1 X94.201 Y48.756 E3802.18682
G1 X94.78 Y48.756 E3802.22533
G0 F12000 X94.829 Y49.156
G1 F2400 X95.524 Y48.983 E3802.27298
G1 X96.066 Y48.699 E3802.31368
G1 X96.663 Y48.167 E3802.36687
G1 X97.002 Y47.681 E3802.40629
G1 X97.262 Y46.997 E3802.45497
G1 X97.342 Y46.352 E3802.4982
G1 X97.261 Y45.667 E3802.54408
G1 X97.005 Y44.987 E3802.59242
G1 X96.665 Y44.493 E3802.63231
G1 X96.068 Y43.966 E3802.68528
G1 X95.523 Y43.678 E3802.72629
G1 X94.831 Y43.508 E3802.77369
G1 X94.147 Y43.508 E3802.81919
G1 X93.519 Y43.665 E3802.86225
G1 X92.832 Y44.032 E3802.91406
G1 X92.421 Y44.398 E3802.95067
G1 X91.963 Y45.052 E3803.00378
G1 X91.741 Y45.636 E3803.04534
G1 X91.656 Y46.331 E3803.09191
G1 X91.743 Y47.038 E3803.1393
G1 X91.963 Y47.608 E3803.17994
G1 X92.422 Y48.267 E3803.23336
G1 X92.832 Y48.633 E3803.26992
G1 X93.523 Y48.999 E3803.32194
G1 X94.151 Y49.156 E3803.365
G1 X94.829 Y49.156 E3803.4101
G0 F12000 X94.878 Y49.556
G1 F2400 X95.666 Y49.36 E3803.46411
G1 X96.296 Y49.03 E3803.51142
G1 X96.964 Y48.434 E3803.57097
G1 X97.356 Y47.874 E3803.61645
G1 X97.653 Y47.094 E3803.67197
G1 X97.745 Y46.35 E3803.72183
G1 X97.652 Y45.572 E3803.77395
G1 X97.362 Y44.799 E3803.82887
G1 X96.967 Y44.225 E3803.87522
G1 X96.297 Y43.634 E3803.93465
G1 X95.661 Y43.3 E3803.98244
G1 X94.879 Y43.108 E3804.036
G1 X94.097 Y43.108 E3804.08802
G1 X93.376 Y43.289 E3804.13747
G1 X92.597 Y43.706 E3804.19625
G1 X92.12 Y44.13 E3804.2387
G1 X91.607 Y44.863 E3804.29822
G1 X91.35 Y45.539 E3804.34632
G1 X91.253 Y46.331 E3804.3994
G1 X91.352 Y47.133 E3804.45316
G1 X91.607 Y47.797 E3804.50047
G1 X92.12 Y48.534 E3804.5602
G1 X92.599 Y48.96 E3804.60285
G1 X93.38 Y49.375 E3804.66168
G1 X94.101 Y49.556 E3804.71113
G1 X94.878 Y49.556 E3804.76281
G0 F12000 X94.927 Y49.956
;TYPE:WALL-OUTER
G1 F2400 X95.636 Y49.779 E3804.81142
G1 X95.881 Y49.699 E3804.82857
G1 X96.525 Y49.362 E3804.87692
G1 X97.265 Y48.702 E3804.94288
G1 X97.684 Y48.101 E3804.99161
G1 X97.786 Y47.868 E3805.00853
G1 X98.044 Y47.191 E3805.05672
G1 X98.148 Y46.348 E3805.11323
G1 X98.044 Y45.476 E3805.17164
G1 X97.786 Y44.792 E3805.22027
G1 X97.684 Y44.563 E3805.23695
G1 X97.269 Y43.958 E3805.28575
G1 X96.525 Y43.302 E3805.35173
G1 X95.877 Y42.961 E3805.40044
G1 X95.632 Y42.881 E3805.41759
G1 X94.927 Y42.708 E3805.46587
G1 X94.046 Y42.708 E3805.52448
G1 X93.232 Y42.913 E3805.58032
G1 X92.39 Y43.355 E3805.64357
G1 X91.819 Y43.862 E3805.69437
G1 X91.251 Y44.675 E3805.76034
G1 X90.993 Y45.353 E3805.8086
G1 X90.938 Y45.613 E3805.82628
G1 X90.85 Y46.331 E3805.87439
G1 X90.961 Y47.231 E3805.93472
G1 X91.251 Y47.985 E3805.98845
G1 X91.819 Y48.802 E3806.05465
G1 X92.365 Y49.288 E3806.10327
G1 X93.236 Y49.751 E3806.16889
G1 X94.05 Y49.956 E3806.22472
G1 X94.927 Y49.956 E3806.28306
G0 F12000 X94.844 Y49.247
G0 X95.792 Y48.3
;TYPE:FILL
G1 F2600.4 X92.547 Y45.055 E3806.58833
G0 F12000 X92.149 Y46.258
G1 F2600.4 X96.496 Y45.094 E3806.88768
G1 F2700 E3801.88768
G0 F12000 X95.792 Y49.49
G0 X96.136 Y50.527
G0 X94.902 Y134.845
G0 X94.901 Y135.94
G0 X94.78 Y141.756
;TYPE:WALL-INNER
G1 F2700 E3806.88768
G1 F2400 X95.385 Y141.605 E3806.92916
G1 X95.837 Y141.367 E3806.96314
G1 X96.361 Y140.9 E3807.00983
G1 X96.632 Y140.511 E3807.04137
G1 X96.871 Y139.9 E3807.08501
G1 X96.939 Y139.346 E3807.12214
G1 X96.869 Y138.763 E3807.1612
G1 X96.633 Y138.151 E3807.20483
G1 X96.364 Y137.76 E3807.2364
G1 X95.839 Y137.297 E3807.28297
G1 X95.377 Y137.054 E3807.31769
G1 X94.783 Y136.909 E3807.35837
G1 X94.21 Y136.908 E3807.39648
G1 X93.663 Y137.04 E3807.43391
G1 X93.067 Y137.359 E3807.47888
G1 X92.721 Y137.665 E3807.50961
G1 X92.32 Y138.24 E3807.55624
G1 X92.133 Y138.732 E3807.59125
G1 X92.059 Y139.33 E3807.63133
G1 X92.144 Y139.965 E3807.67395
G1 X92.319 Y140.419 E3807.70632
G1 X92.723 Y140.999 E3807.75334
G1 X93.066 Y141.305 E3807.78391
G1 X93.667 Y141.622 E3807.82911
G1 X94.201 Y141.756 E3807.86573
G1 X94.78 Y141.756 E3807.90425
G0 F12000 X94.829 Y142.156
G1 F2400 X95.524 Y141.983 E3807.95189
G1 X96.066 Y141.699 E3807.9926
G1 X96.663 Y141.167 E3808.04579
G1 X97.002 Y140.681 E3808.0852
G1 X97.262 Y139.997 E3808.13388
G1 X97.342 Y139.352 E3808.17711
G1 X97.261 Y138.667 E3808.223
G1 X97.005 Y137.987 E3808.27133
G1 X96.665 Y137.493 E3808.31122
G1 X96.068 Y136.966 E3808.3642
G1 X95.522 Y136.678 E3808.40526
G1 X94.831 Y136.509 E3808.45258
G1 X94.164 Y136.508 E3808.49695
G1 X93.521 Y136.663 E3808.54095
G1 X92.832 Y137.032 E3808.59294
G1 X92.42 Y137.398 E3808.6296
G1 X91.963 Y138.052 E3808.68267
G1 X91.741 Y138.636 E3808.72423
G1 X91.656 Y139.331 E3808.77081
G1 X91.743 Y140.038 E3808.81819
G1 X91.963 Y140.608 E3808.85883
G1 X92.422 Y141.267 E3808.91225
G1 X92.832 Y141.633 E3808.94881
G1 X93.523 Y141.999 E3809.00083
G1 X94.151 Y142.156 E3809.04389
G1 X94.829 Y142.156 E3809.08899
G0 F12000 X94.878 Y142.556
G1 F2400 X95.666 Y142.36 E3809.14301
G1 X96.296 Y142.03 E3809.19031
G1 X96.964 Y141.434 E3809.24987
G1 X97.356 Y140.874 E3809.29534
G1 X97.653 Y140.094 E3809.35086
G1 X97.745 Y139.35 E3809.40072
G1 X97.652 Y138.572 E3809.45285
G1 X97.362 Y137.799 E3809.50777
G1 X96.967 Y137.225 E3809.55412
G1 X96.297 Y136.634 E3809.61355
G1 X95.661 Y136.3 E3809.66133
G1 X94.879 Y136.109 E3809.71488
G1 X94.114 Y136.108 E3809.76577
G1 X93.378 Y136.286 E3809.81614
G1 X92.597 Y136.706 E3809.87513
G1 X92.12 Y137.13 E3809.91758
G1 X91.607 Y137.863 E3809.97709
G1 X91.35 Y138.539 E3810.0252
G1 X91.253 Y139.331 E3810.07828
G1 X91.352 Y140.133 E3810.13203
G1 X91.607 Y140.797 E3810.17935
G1 X92.12 Y141.534 E3810.23908
G1 X92.599 Y141.96 E3810.28172
G1 X93.38 Y142.375 E3810.34055
G1 X94.101 Y142.556 E3810.39
G1 X94.878 Y142.556 E3810.44169
G0 F12000 X94.927 Y142.956
;TYPE:WALL-OUTER
G1 F2400 X95.636 Y142.779 E3810.4903
G1 X95.881 Y142.699 E3810.50744
G1 X96.525 Y142.362 E3810.55579
G1 X97.265 Y141.702 E3810.62175
G1 X97.684 Y141.101 E3810.67049
G1 X97.786 Y140.868 E3810.68741
G1 X98.044 Y140.191 E3810.7356
G1 X98.148 Y139.348 E3810.7921
G1 X98.044 Y138.476 E3810.85052
G1 X97.786 Y137.792 E3810.89915
G1 X97.684 Y137.563 E3810.91582
G1 X97.269 Y136.958 E3810.96463
G1 X96.525 Y136.302 E3811.03061
G1 X95.877 Y135.961 E3811.07932
G1 X95.632 Y135.881 E3811.09646
G1 X94.927 Y135.709 E3811.14474
G1 X94.069 Y135.708 E3811.20181
G1 X93.236 Y135.909 E3811.25881
G1 X92.387 Y136.358 E3811.3227
G1 X91.819 Y136.862 E3811.37321
G1 X91.251 Y137.675 E3811.43918
G1 X90.993 Y138.353 E3811.48744
G1 X90.938 Y138.613 E3811.50512
G1 X90.85 Y139.331 E3811.55324
G1 X90.961 Y140.231 E3811.61356
G1 X91.251 Y140.985 E3811.6673
G1 X91.819 Y141.802 E3811.73349
G1 X92.365 Y142.288 E3811.78211
G1 X93.236 Y142.751 E3811.84773
G1 X94.05 Y142.956 E3811.90357
G1 X94.927 Y142.956 E3811.9619
G0 F12000 X94.844 Y142.247
G0 X95.57 Y141.416
;TYPE:FILL
G1 F2600.4 X92.408 Y138.254 E3812.25937
G0 F12000 X92.154 Y139.432
G1 F2600.4 X96.584 Y138.245 E3812.56445
G1 F2700 E3807.56445
;MESH:bump_plate.obj
G0 F12000 X97.906 Y139.224
G0 X99 Y139.22
G0 X105.644 Y140.474
G0 X106.713 Y140.244
G0 X110 Y141.756
;TYPE:WALL-INNER
G1 F2700 E3812.56445
G1 F2400 X110.28 Y141.756 E3812.58307
G1 X110.885 Y141.605 E3812.62455
G1 X111.337 Y141.367 E3812.65853
G1 X111.861 Y140.9 E3812.70522
G1 X112.132 Y140.511 E3812.73676
G1 X112.371 Y139.9 E3812.7804
G1 X112.439 Y139.346 E3812.81753
G1 X112.369 Y138.763 E3812.85659
G1 X112.133 Y138.151 E3812.90022
G1 X111.864 Y137.76 E3812.93179
G1 X111.339 Y137.297 E3812.97836
G1 X110.877 Y137.054 E3813.01308
G1 X110.283 Y136.909 E3813.05375
G1 X109.71 Y136.908 E3813.09187
G1 X109.163 Y137.04 E3813.1293
G1 X108.567 Y137.359 E3813.17427
G1 X108.221 Y137.665 E3813.205
G1 X107.82 Y138.24 E3813.25163
G1 X107.633 Y138.732 E3813.28664
G1 X107.559 Y139.33 E3813.32672
G1 X107.644 Y139.965 E3813.36934
G1 X107.819 Y140.419 E3813.4017
G1 X108.223 Y140.999 E3813.44872
G1 X108.566 Y141.305 E3813.4793
G1 X109.167 Y141.622 E3813.5245
G1 X109.701 Y141.756 E3813.56112
G1 X110 Y141.756 E3813.58101
G0 F12000 X110 Y142.156
G1 F2400 X110.329 Y142.156 E3813.6029
G1 X111.024 Y141.983 E3813.65054
G1 X111.566 Y141.699 E3813.69124
G1 X112.163 Y141.167 E3813.74444
G1 X112.502 Y140.681 E3813.78385
G1 X112.762 Y139.997 E3813.83253
G1 X112.842 Y139.352 E3813.87576
G1 X112.761 Y138.667 E3813.92165
G1 X112.505 Y137.987 E3813.96998
G1 X112.165 Y137.493 E3814.00987
G1 X111.568 Y136.966 E3814.06284
G1 X111.022 Y136.678 E3814.10391
G1 X110.331 Y136.509 E3814.15123
G1 X109.664 Y136.508 E3814.1956
G1 X109.021 Y136.663 E3814.23959
G1 X108.332 Y137.032 E3814.29159
G1 X107.92 Y137.398 E3814.32824
G1 X107.463 Y138.052 E3814.38132
G1 X107.241 Y138.636 E3814.42288
G1 X107.156 Y139.331 E3814.46945
G1 X107.243 Y140.038 E3814.51684
G1 X107.463 Y140.608 E3814.55748
G1 X107.922 Y141.267 E3814.6109
G1 X108.332 Y141.633 E3814.64746
G1 X109.023 Y141.999 E3814.69948
G1 X109.651 Y142.156 E3814.74254
G1 X110 Y142.156 E3814.76575
G0 F12000 X110 Y142.556
G1 F2400 X110.378 Y142.556 E3814.7909
G1 X111.166 Y142.36 E3814.84491
G1 X111.796 Y142.03 E3814.89222
G1 X112.464 Y141.434 E3814.95177
G1 X112.856 Y140.874 E3814.99724
G1 X113.153 Y140.094 E3815.05276
G1 X113.245 Y139.35 E3815.10263
G1 X113.152 Y138.572 E3815.15475
G1 X112.862 Y137.799 E3815.20967
G1 X112.467 Y137.225 E3815.25602
G1 X111.797 Y136.634 E3815.31545
G1 X111.161 Y136.3 E3815.36324
G1 X110.379 Y136.109 E3815.41679
G1 X109.614 Y136.108 E3815.46767
G1 X108.878 Y136.286 E3815.51805
G1 X108.097 Y136.706 E3815.57703
G1 X107.62 Y137.13 E3815.61949
G1 X107.107 Y137.863 E3815.679
G1 X106.85 Y138.539 E3815.72711
G1 X106.753 Y139.331 E3815.78019
G1 X106.852 Y140.133 E3815.83394
G1 X107.107 Y140.797 E3815.88126
G1 X107.62 Y141.534 E3815.94099
G1 X108.099 Y141.96 E3815.98363
G1 X108.88 Y142.375 E3816.04246
G1 X109.601 Y142.556 E3816.09191
G1 X110 Y142.556 E3816.11845
G0 F12000 X110 Y142.956
;TYPE:WALL-OUTER
G1 F2400 X110.427 Y142.956 E3816.14686
G1 X111.136 Y142.779 E3816.19547
G1 X111.381 Y142.699 E3816.21261
G1 X112.025 Y142.362 E3816.26096
G1 X112.765 Y141.702 E3816.32692
G1 X113.184 Y141.101 E3816.37566
G1 X113.286 Y140.868 E3816.39257
G1 X113.544 Y140.191 E3816.44077
G1 X113.648 Y139.348 E3816.49727
G1 X113.544 Y138.476 E3816.55569
G1 X113.286 Y137.792 E3816.60432
G1 X113.184 Y137.563 E3816.62099
G1 X112.769 Y136.958 E3816.66979
G1 X112.025 Y136.302 E3816.73578
G1 X111.377 Y135.961 E3816.78449
G1 X111.132 Y135.881 E3816.80163
G1 X110.427 Y135.709 E3816.8499
G1 X109.569 Y135.708 E3816.90698
G1 X108.736 Y135.909 E3816.96398
G1 X107.887 Y136.358 E3817.02787
G1 X107.319 Y136.862 E3817.07838
G1 X106.751 Y137.675 E3817.14435
G1 X106.493 Y138.353 E3817.19261
G1 X106.438 Y138.613 E3817.21029
G1 X106.35 Y139.331 E3817.2584
G1 X106.461 Y140.231 E3817.31873
G1 X106.751 Y140.985 E3817.37246
G1 X107.319 Y141.802 E3817.43865
G1 X107.865 Y142.288 E3817.48728
G1 X108.736 Y142.751 E3817.5529
G1 X109.55 Y142.956 E3817.60873
G1 X110 Y142.956 E3817.63867
G0 F12000 X110 Y142.246
G0 X111.071 Y141.417
;TYPE:FILL
G1 F2600.4 X107.907 Y138.254 E3817.93627
G0 F12000 X107.654 Y139.431
G1 F2600.4 X112.084 Y138.244 E3818.24135
G1 F2700 E3813.24135
G0 F12000 X111.295 Y136.177
G0 X111.633 Y135.135
G0 X110.402 Y50.821
G0 X110.402 Y49.727
G0 X110 Y48.756
;TYPE:WALL-INNER
G1 F2700 E3818.24135
G1 F2400 X110.28 Y48.756 E3818.25998
G1 X110.885 Y48.605 E3818.30146
G1 X111.337 Y48.367 E3818.33544
G1 X111.861 Y47.9 E3818.38213
G1 X112.132 Y47.511 E3818.41366
G1 X112.371 Y46.9 E3818.45731
G1 X112.439 Y46.346 E3818.49443
G1 X112.369 Y45.763 E3818.53349
G1 X112.133 Y45.151 E3818.57713
G1 X111.864 Y44.76 E3818.6087
G1 X111.339 Y44.297 E3818.65526
G1 X110.878 Y44.055 E3818.6899
G1 X110.283 Y43.908 E3818.73066
G1 X109.696 Y43.908 E3818.76971
G1 X109.163 Y44.042 E3818.80627
G1 X108.566 Y44.359 E3818.85123
G1 X108.221 Y44.666 E3818.88195
G1 X107.82 Y45.24 E3818.92853
G1 X107.633 Y45.732 E3818.96354
G1 X107.559 Y46.33 E3819.00363
G1 X107.644 Y46.965 E3819.04624
G1 X107.819 Y47.419 E3819.07861
G1 X108.223 Y47.999 E3819.12563
G1 X108.566 Y48.305 E3819.15621
G1 X109.167 Y48.622 E3819.2014
G1 X109.701 Y48.756 E3819.23803
G1 X110 Y48.756 E3819.25792
G0 F12000 X110 Y49.156
G1 F2400 X110.329 Y49.156 E3819.2798
G1 X111.024 Y48.983 E3819.32745
G1 X111.566 Y48.699 E3819.36815
G1 X112.163 Y48.167 E3819.42134
G1 X112.502 Y47.681 E3819.46076
G1 X112.762 Y46.997 E3819.50943
G1 X112.842 Y46.352 E3819.55267
G1 X112.761 Y45.667 E3819.59855
G1 X112.505 Y44.987 E3819.64689
G1 X112.165 Y44.493 E3819.68678
G1 X111.568 Y43.966 E3819.73975
G1 X111.023 Y43.678 E3819.78075
G1 X110.331 Y43.508 E3819.82815
G1 X109.647 Y43.508 E3819.87365
G1 X109.019 Y43.665 E3819.91671
G1 X108.332 Y44.032 E3819.96853
G1 X107.921 Y44.398 E3820.00513
G1 X107.463 Y45.052 E3820.05825
G1 X107.241 Y45.636 E3820.09981
G1 X107.156 Y46.331 E3820.14638
G1 X107.243 Y47.038 E3820.19377
G1 X107.463 Y47.608 E3820.23441
G1 X107.922 Y48.267 E3820.28783
G1 X108.332 Y48.633 E3820.32439
G1 X109.023 Y48.999 E3820.37641
G1 X109.651 Y49.156 E3820.41947
G1 X110 Y49.156 E3820.44268
G0 F12000 X110 Y49.556
G1 F2400 X110.378 Y49.556 E3820.46783
G1 X111.166 Y49.36 E3820.52184
G1 X111.796 Y49.03 E3820.56915
G1 X112.464 Y48.434 E3820.6287
G1 X112.856 Y47.874 E3820.67417
G1 X113.153 Y47.094 E3820.72969
G1 X113.245 Y46.35 E3820.77956
G1 X113.152 Y45.572 E3820.83168
G1 X112.862 Y44.799 E3820.8866
G1 X112.467 Y44.225 E3820.93295
G1 X111.797 Y43.634 E3820.99238
G1 X111.161 Y43.3 E3821.04017
G1 X110.379 Y43.108 E3821.09373
G1 X109.597 Y43.108 E3821.14575
G1 X108.876 Y43.289 E3821.1952
G1 X108.097 Y43.706 E3821.25398
G1 X107.62 Y44.13 E3821.29643
G1 X107.107 Y44.863 E3821.35594
G1 X106.85 Y45.539 E3821.40405
G1 X106.753 Y46.331 E3821.45713
G1 X106.852 Y47.133 E3821.51088
G1 X107.107 Y47.797 E3821.5582
G1 X107.62 Y48.534 E3821.61793
G1 X108.099 Y48.96 E3821.66057
G1 X108.88 Y49.375 E3821.7194
G1 X109.601 Y49.556 E3821.76885
G1 X110 Y49.556 E3821.79539
G0 F12000 X110 Y49.956
;TYPE:WALL-OUTER
G1 F2400 X110.427 Y49.956 E3821.8238
G1 X111.136 Y49.779 E3821.87241
G1 X111.381 Y49.699 E3821.88955
G1 X112.025 Y49.362 E3821.9379
G1 X112.765 Y48.702 E3822.00386
G1 X113.184 Y48.101 E3822.0526
G1 X113.286 Y47.868 E3822.06952
G1 X113.544 Y47.191 E3822.11771
G1 X113.648 Y46.348 E3822.17421
G1 X113.544 Y45.476 E3822.23263
G1 X113.286 Y44.792 E3822.28126
G1 X113.184 Y44.563 E3822.29793
G1 X112.769 Y43.958 E3822.34674
G1 X112.025 Y43.302 E3822.41272
G1 X111.377 Y42.961 E3822.46143
G1 X111.132 Y42.881 E3822.47857
G1 X110.427 Y42.708 E3822.52686
G1 X109.546 Y42.708 E3822.58547
G1 X108.732 Y42.913 E3822.6413
G1 X107.89 Y43.355 E3822.70456
G1 X107.319 Y43.862 E3822.75536
G1 X106.751 Y44.675 E3822.82133
G1 X106.493 Y45.353 E3822.86958
G1 X106.438 Y45.613 E3822.88726
G1 X106.35 Y46.331 E3822.93538
G1 X106.461 Y47.231 E3822.9957
G1 X106.751 Y47.985 E3823.04944
G1 X107.319 Y48.802 E3823.11563
G1 X107.865 Y49.288 E3823.16426
G1 X108.736 Y49.751 E3823.22987
G1 X109.55 Y49.956 E3823.28571
G1 X110 Y49.956 E3823.31565
G0 F12000 X110 Y49.246
G0 X111.292 Y48.3
;TYPE:FILL
G1 F2600.4 X108.047 Y45.055 E3823.62092
G0 F12000 X107.649 Y46.257
G1 F2600.4 X111.996 Y45.093 E3823.92027
G1 F2700 E3818.92027
;MESH:NONMESH
G0 F300 Z3.8
G0 F12000 X106.666 Y47.026
G0 X105.581 Y47.157
G0 X98.599 Y48.169
G0 X97.575 Y47.783
G0 X94.721 Y48.475
;TIME_ELAPSED:2699.688340
;LAYER:9
;note -- min layer time used
;TYPE:WALL-INNER
;MESH:bump_plate.obj(1)
G1 F2700 E3823.92027
G1 F2169.3 X95.543 Y48.205 E3823.97782
G1 X96.249 Y47.572 E3824.0409
G1 X96.609 Y46.758 E3824.1001
G1 X96.603 Y45.895 E3824.15751
G1 X96.247 Y45.086 E3824.21631
G1 X95.543 Y44.459 E3824.27902
G1 X94.711 Y44.191 E3824.33716
G1 X93.866 Y44.278 E3824.39367
G1 X93.063 Y44.735 E3824.45513
G1 X92.524 Y45.496 E3824.51716
G1 X92.345 Y46.329 E3824.57384
G1 X92.526 Y47.181 E3824.63178
G1 X93.068 Y47.933 E3824.69344
G1 X93.868 Y48.385 E3824.75456
G1 X94.721 Y48.475 E3824.81162
G0 F12000 X94.831 Y48.86
G1 F2169.3 X95.747 Y48.559 E3824.87576
G1 X96.52 Y47.867 E3824.94477
G1 X96.617 Y47.729 E3824.95599
G1 X96.973 Y46.922 E3825.01467
G1 X97.008 Y46.665 E3825.03192
G1 X97.004 Y45.993 E3825.07662
G1 X96.973 Y45.742 E3825.09345
G1 X96.616 Y44.932 E3825.15233
G1 X96.518 Y44.792 E3825.1637
G1 X95.747 Y44.105 E3825.23239
G1 X94.817 Y43.804 E3825.29741
G1 X94.56 Y43.804 E3825.31451
G1 X93.723 Y43.891 E3825.37049
G1 X92.87 Y44.385 E3825.43606
G1 X92.741 Y44.499 E3825.44751
G1 X92.151 Y45.331 E3825.51536
G1 X91.984 Y46.103 E3825.5679
G1 X91.948 Y46.392 E3825.58727
G1 X92.153 Y47.345 E3825.65211
G1 X92.741 Y48.163 E3825.71913
G1 X92.876 Y48.284 E3825.73119
G1 X93.468 Y48.624 E3825.7766
G1 X93.755 Y48.775 E3825.79817
G1 X94.561 Y48.86 E3825.85209
G1 X94.831 Y48.86 E3825.87005
G0 F12000 X94.824 Y49.26
G1 F2169.3 X95.095 Y49.194 E3825.8886
G1 X95.804 Y48.962 E3825.93822
G1 X96.034 Y48.84 E3825.95554
G1 X96.82 Y48.134 E3826.02582
G1 X96.967 Y47.927 E3826.04271
G1 X97.268 Y47.244 E3826.09236
G1 X97.37 Y46.976 E3826.11144
G1 X97.408 Y46.69 E3826.13063
G1 X97.404 Y45.967 E3826.17872
G1 X97.369 Y45.686 E3826.19756
G1 X97.268 Y45.42 E3826.21649
G1 X96.966 Y44.736 E3826.26622
G1 X96.82 Y44.525 E3826.28329
G1 X96.034 Y43.825 E3826.35331
G1 X95.805 Y43.703 E3826.37057
G1 X95.098 Y43.474 E3826.42
G1 X94.822 Y43.404 E3826.43894
G1 X94.54 Y43.404 E3826.4577
G1 X93.804 Y43.481 E3826.50693
G1 X93.544 Y43.545 E3826.52474
G1 X93.287 Y43.681 E3826.54408
G1 X92.636 Y44.058 E3826.59412
G1 X92.441 Y44.229 E3826.61137
G1 X91.838 Y45.082 E3826.68086
G1 X91.741 Y45.333 E3826.69876
G1 X91.589 Y46.036 E3826.74661
G1 X91.553 Y46.331 E3826.76638
G1 X91.589 Y46.624 E3826.78601
G1 X91.742 Y47.338 E3826.83459
G1 X91.836 Y47.588 E3826.85235
G1 X92.006 Y47.837 E3826.87241
G1 X92.443 Y48.434 E3826.92162
G1 X92.641 Y48.61 E3826.93925
G1 X93.274 Y48.974 E3826.98782
G1 X93.548 Y49.119 E3827.00844
G1 X93.808 Y49.183 E3827.02625
G1 X94.54 Y49.26 E3827.07521
G1 X94.824 Y49.26 E3827.09411
G0 F12000 X94.872 Y49.66
;TYPE:WALL-OUTER
G1 F2169.3 X95.205 Y49.579 E3827.1169
G1 X95.961 Y49.331 E3827.16983
G1 X96.264 Y49.17 E3827.19265
G1 X97.121 Y48.402 E3827.2692
G1 X97.317 Y48.125 E3827.29177
G1 X97.638 Y47.396 E3827.34476
G1 X97.76 Y47.074 E3827.36767
G1 X97.808 Y46.715 E3827.39176
G1 X97.804 Y45.941 E3827.44325
G1 X97.76 Y45.589 E3827.46684
G1 X97.638 Y45.268 E3827.48969
G1 X97.316 Y44.539 E3827.5427
G1 X97.121 Y44.258 E3827.56545
G1 X96.264 Y43.494 E3827.64182
G1 X95.961 Y43.333 E3827.66465
G1 X95.208 Y43.089 E3827.7173
G1 X94.871 Y43.004 E3827.74042
G1 X94.519 Y43.004 E3827.76384
G1 X93.735 Y43.086 E3827.81627
G1 X93.4 Y43.169 E3827.83923
G1 X93.093 Y43.331 E3827.86232
G1 X92.402 Y43.732 E3827.91547
G1 X92.142 Y43.959 E3827.93843
G1 X91.482 Y44.892 E3828.01445
G1 X91.357 Y45.218 E3828.03767
G1 X91.194 Y45.97 E3828.08886
G1 X91.15 Y46.331 E3828.11305
G1 X91.194 Y46.69 E3828.13711
G1 X91.357 Y47.451 E3828.18888
G1 X91.479 Y47.774 E3828.21185
G1 X91.701 Y48.097 E3828.23792
G1 X92.145 Y48.704 E3828.28795
G1 X92.406 Y48.936 E3828.31118
G1 X93.116 Y49.343 E3828.36561
G1 X93.404 Y49.495 E3828.38728
G1 X93.739 Y49.578 E3828.41023
G1 X94.519 Y49.66 E3828.46241
G1 X94.872 Y49.66 E3828.48589
G0 F12000 X94.789 Y48.951
G0 X95.778 Y47.886
;TYPE:FILL
G1 F2169.3 X92.94 Y45.048 E3828.75287
G0 F12000 X92.456 Y46.469
G1 F2169.3 X96.314 Y45.435 E3829.01856
G1 F2700 E3824.01856
G0 F12000 X95.873 Y49.121
G0 X96.213 Y50.161
G0 X94.845 Y135.141
G0 X94.843 Y136.236
G0 X94.721 Y141.475
;TYPE:WALL-INNER
G1 F2700 E3829.01856
G1 F2169.3 X95.543 Y141.205 E3829.07612
G1 X96.249 Y140.572 E3829.13919
G1 X96.609 Y139.758 E3829.1984
G1 X96.603 Y138.895 E3829.25581
G1 X96.247 Y138.086 E3829.3146
G1 X95.545 Y137.46 E3829.37717
G1 X94.718 Y137.19 E3829.43504
G1 X93.866 Y137.278 E3829.49202
G1 X93.063 Y137.735 E3829.55348
G1 X92.524 Y138.496 E3829.61551
G1 X92.345 Y139.329 E3829.67219
G1 X92.526 Y140.181 E3829.73013
G1 X93.068 Y140.933 E3829.79179
G1 X93.868 Y141.385 E3829.85291
G1 X94.721 Y141.475 E3829.90997
G0 F12000 X94.831 Y141.86
G1 F2169.3 X95.747 Y141.559 E3829.97411
G1 X96.52 Y140.867 E3830.04312
G1 X96.617 Y140.729 E3830.05434
G1 X96.973 Y139.922 E3830.11301
G1 X97.008 Y139.665 E3830.13027
G1 X97.004 Y138.993 E3830.17497
G1 X96.973 Y138.742 E3830.19179
G1 X96.616 Y137.932 E3830.25068
G1 X96.518 Y137.792 E3830.26204
G1 X95.748 Y137.106 E3830.33064
G1 X94.825 Y136.804 E3830.39524
G1 X94.56 Y136.804 E3830.41287
G1 X93.723 Y136.891 E3830.46885
G1 X92.87 Y137.385 E3830.53442
G1 X92.741 Y137.499 E3830.54587
G1 X92.151 Y138.331 E3830.61372
G1 X91.984 Y139.103 E3830.66626
G1 X91.948 Y139.392 E3830.68563
G1 X92.153 Y140.345 E3830.75048
G1 X92.741 Y141.163 E3830.81749
G1 X92.876 Y141.284 E3830.82955
G1 X93.468 Y141.624 E3830.87496
G1 X93.755 Y141.775 E3830.89654
G1 X94.561 Y141.86 E3830.95045
G1 X94.831 Y141.86 E3830.96841
G0 F12000 X94.824 Y142.26
G1 F2169.3 X95.095 Y142.194 E3830.98696
G1 X95.804 Y141.962 E3831.03659
G1 X96.034 Y141.84 E3831.05391
G1 X96.82 Y141.134 E3831.12419
G1 X96.967 Y140.927 E3831.14107
G1 X97.268 Y140.244 E3831.19072
G1 X97.37 Y139.976 E3831.2098
G1 X97.408 Y139.69 E3831.22899
G1 X97.404 Y138.967 E3831.27709
G1 X97.369 Y138.686 E3831.29592
G1 X97.268 Y138.42 E3831.31485
G1 X96.966 Y137.736 E3831.36459
G1 X96.82 Y137.525 E3831.38165
G1 X96.034 Y136.825 E3831.45167
G1 X95.804 Y136.703 E3831.46899
G1 X95.091 Y136.47 E3831.51888
G1 X94.823 Y136.404 E3831.53724
G1 X94.54 Y136.404 E3831.55607
G1 X93.804 Y136.481 E3831.6053
G1 X93.544 Y136.545 E3831.62311
G1 X93.287 Y136.681 E3831.64245
G1 X92.636 Y137.058 E3831.69249
G1 X92.441 Y137.229 E3831.70974
G1 X91.838 Y138.082 E3831.77923
G1 X91.741 Y138.333 E3831.79713
G1 X91.589 Y139.036 E3831.84498
G1 X91.553 Y139.331 E3831.86475
G1 X91.589 Y139.624 E3831.88438
G1 X91.742 Y140.338 E3831.93296
G1 X91.836 Y140.588 E3831.95072
G1 X92.006 Y140.837 E3831.97078
G1 X92.443 Y141.434 E3832.01999
G1 X92.641 Y141.61 E3832.03762
G1 X93.274 Y141.974 E3832.08619
G1 X93.548 Y142.119 E3832.10681
G1 X93.808 Y142.183 E3832.12462
G1 X94.54 Y142.26 E3832.17358
G1 X94.824 Y142.26 E3832.19248
G0 F12000 X94.872 Y142.66
;TYPE:WALL-OUTER
G1 F2169.3 X95.205 Y142.579 E3832.21527
G1 X95.961 Y142.331 E3832.2682
G1 X96.264 Y142.17 E3832.29102
G1 X97.121 Y141.402 E3832.36757
G1 X97.317 Y141.125 E3832.39014
G1 X97.638 Y140.396 E3832.44313
G1 X97.76 Y140.074 E3832.46604
G1 X97.808 Y139.715 E3832.49013
G1 X97.804 Y138.941 E3832.54162
G1 X97.76 Y138.589 E3832.56521
G1 X97.638 Y138.268 E3832.58806
G1 X97.316 Y137.539 E3832.64107
G1 X97.121 Y137.258 E3832.66382
G1 X96.264 Y136.494 E3832.74019
G1 X95.961 Y136.333 E3832.76302
G1 X95.201 Y136.085 E3832.8162
G1 X94.871 Y136.004 E3832.8388
G1 X94.519 Y136.004 E3832.86222
G1 X93.735 Y136.086 E3832.91465
G1 X93.4 Y136.169 E3832.93761
G1 X93.093 Y136.331 E3832.9607
G1 X92.402 Y136.732 E3833.01385
G1 X92.142 Y136.959 E3833.03681
G1 X91.482 Y137.892 E3833.11283
G1 X91.357 Y138.218 E3833.13605
G1 X91.194 Y138.97 E3833.18724
G1 X91.15 Y139.331 E3833.21143
G1 X91.194 Y139.69 E3833.23549
G1 X91.357 Y140.451 E3833.28726
G1 X91.479 Y140.774 E3833.31023
G1 X91.701 Y141.097 E3833.3363
G1 X92.145 Y141.704 E3833.38633
G1 X92.406 Y141.936 E3833.40955
G1 X93.116 Y142.343 E3833.46399
G1 X93.404 Y142.495 E3833.48566
G1 X93.739 Y142.578 E3833.50861
G1 X94.519 Y142.66 E3833.56079
G1 X94.872 Y142.66 E3833.58427
G0 F12000 X94.789 Y141.951
G0 X95.6 Y141.046
;TYPE:FILL
G1 F2169.3 X92.8 Y138.246 E3833.84767
G0 F12000 X92.493 Y139.634
G1 F2169.3 X96.383 Y138.592 E3834.11556
G1 F2700 E3829.11556
;MESH:bump_plate.obj
G0 F12000 X97.579 Y139.71
G0 X98.665 Y139.844
G0 X106.473 Y141.564
G0 X107.376 Y140.946
G0 X110 Y141.452
;TYPE:WALL-INNER
G1 F2700 E3834.11556
G1 F2169.3 X110.221 Y141.475 E3834.13034
G1 X111.043 Y141.205 E3834.18789
G1 X111.749 Y140.572 E3834.25097
G1 X112.109 Y139.758 E3834.31018
G1 X112.103 Y138.895 E3834.36759
G1 X111.747 Y138.086 E3834.42638
G1 X111.045 Y137.46 E3834.48895
G1 X110.218 Y137.19 E3834.54682
G1 X109.366 Y137.278 E3834.60379
G1 X108.563 Y137.735 E3834.66526
G1 X108.024 Y138.496 E3834.72729
G1 X107.845 Y139.329 E3834.78396
G1 X108.026 Y140.181 E3834.8419
G1 X108.568 Y140.933 E3834.90357
G1 X109.368 Y141.385 E3834.96469
G1 X110 Y141.452 E3835.00697
G0 F12000 X110 Y141.854
G1 F2169.3 X110.061 Y141.86 E3835.01104
G1 X110.331 Y141.86 E3835.029
G1 X111.247 Y141.559 E3835.09314
G1 X112.02 Y140.867 E3835.16216
G1 X112.117 Y140.729 E3835.17338
G1 X112.473 Y139.922 E3835.23205
G1 X112.508 Y139.665 E3835.2493
G1 X112.504 Y138.993 E3835.29401
G1 X112.473 Y138.742 E3835.31083
G1 X112.116 Y137.932 E3835.36971
G1 X112.018 Y137.792 E3835.38108
G1 X111.248 Y137.106 E3835.44968
G1 X110.325 Y136.804 E3835.51428
G1 X110.06 Y136.804 E3835.53191
G1 X109.223 Y136.891 E3835.58789
G1 X108.37 Y137.385 E3835.65346
G1 X108.241 Y137.499 E3835.66491
G1 X107.651 Y138.331 E3835.73276
G1 X107.484 Y139.103 E3835.7853
G1 X107.448 Y139.392 E3835.80467
G1 X107.653 Y140.345 E3835.86951
G1 X108.241 Y141.163 E3835.93653
G1 X108.376 Y141.284 E3835.94859
G1 X108.968 Y141.624 E3835.994
G1 X109.255 Y141.775 E3836.01557
G1 X110 Y141.854 E3836.06541
G0 F12000 X110 Y142.256
G1 F2169.3 X110.04 Y142.26 E3836.06808
G1 X110.324 Y142.26 E3836.08697
G1 X110.595 Y142.194 E3836.10553
G1 X111.304 Y141.962 E3836.15515
G1 X111.534 Y141.84 E3836.17247
G1 X112.32 Y141.134 E3836.24275
G1 X112.467 Y140.927 E3836.25964
G1 X112.768 Y140.244 E3836.30929
G1 X112.87 Y139.976 E3836.32836
G1 X112.908 Y139.69 E3836.34755
G1 X112.904 Y138.967 E3836.39565
G1 X112.869 Y138.686 E3836.41449
G1 X112.768 Y138.42 E3836.43341
G1 X112.466 Y137.736 E3836.48315
G1 X112.32 Y137.525 E3836.50022
G1 X111.534 Y136.825 E3836.57023
G1 X111.304 Y136.703 E3836.58755
G1 X110.591 Y136.47 E3836.63745
G1 X110.323 Y136.404 E3836.65581
G1 X110.04 Y136.404 E3836.67463
G1 X109.304 Y136.481 E3836.72386
G1 X109.044 Y136.545 E3836.74167
G1 X108.787 Y136.681 E3836.76101
G1 X108.136 Y137.058 E3836.81106
G1 X107.941 Y137.229 E3836.82831
G1 X107.338 Y138.082 E3836.8978
G1 X107.241 Y138.333 E3836.9157
G1 X107.089 Y139.036 E3836.96354
G1 X107.053 Y139.331 E3836.98331
G1 X107.089 Y139.624 E3837.00295
G1 X107.242 Y140.338 E3837.05152
G1 X107.336 Y140.588 E3837.06929
G1 X107.506 Y140.837 E3837.08934
G1 X107.943 Y141.434 E3837.13856
G1 X108.141 Y141.61 E3837.15618
G1 X108.774 Y141.974 E3837.20475
G1 X109.048 Y142.119 E3837.22537
G1 X109.308 Y142.183 E3837.24319
G1 X110 Y142.256 E3837.28947
G0 F12000 X110 Y142.658
;TYPE:WALL-OUTER
G1 F2169.3 X110.019 Y142.66 E3837.29074
G1 X110.372 Y142.66 E3837.31423
G1 X110.705 Y142.579 E3837.33702
G1 X111.461 Y142.331 E3837.38995
G1 X111.764 Y142.17 E3837.41277
G1 X112.621 Y141.402 E3837.48932
G1 X112.817 Y141.125 E3837.5119
G1 X113.138 Y140.396 E3837.56488
G1 X113.26 Y140.074 E3837.58779
G1 X113.308 Y139.715 E3837.61188
G1 X113.304 Y138.941 E3837.66337
G1 X113.26 Y138.589 E3837.68696
G1 X113.138 Y138.268 E3837.70981
G1 X112.816 Y137.539 E3837.76282
G1 X112.621 Y137.258 E3837.78557
G1 X111.764 Y136.494 E3837.86195
G1 X111.461 Y136.333 E3837.88477
G1 X110.701 Y136.085 E3837.93795
G1 X110.371 Y136.004 E3837.96055
G1 X110.019 Y136.004 E3837.98397
G1 X109.235 Y136.086 E3838.0364
G1 X108.9 Y136.169 E3838.05936
G1 X108.593 Y136.331 E3838.08245
G1 X107.902 Y136.732 E3838.1356
G1 X107.642 Y136.959 E3838.15856
G1 X106.982 Y137.892 E3838.23458
G1 X106.857 Y138.218 E3838.2578
G1 X106.694 Y138.97 E3838.30899
G1 X106.65 Y139.331 E3838.33318
G1 X106.694 Y139.69 E3838.35724
G1 X106.857 Y140.451 E3838.40901
G1 X106.979 Y140.774 E3838.43198
G1 X107.201 Y141.097 E3838.45805
G1 X107.645 Y141.704 E3838.50808
G1 X107.906 Y141.936 E3838.53131
G1 X108.616 Y142.343 E3838.58574
G1 X108.904 Y142.495 E3838.60741
G1 X109.239 Y142.578 E3838.63036
G1 X110 Y142.658 E3838.68127
G0 F12000 X110.063 Y141.951
G0 X111.1 Y141.046
;TYPE:FILL
G1 F2169.3 X108.3 Y138.246 E3838.94467
G0 F12000 X107.993 Y139.633
G1 F2169.3 X111.882 Y138.591 E3839.21249
G1 F2700 E3834.21249
G0 F12000 X111.376 Y136.546
G0 X111.712 Y135.504
G0 X110.347 Y50.525
G0 X110.347 Y49.431
G0 X110.221 Y48.475
;TYPE:WALL-INNER
G1 F2700 E3839.21249
G1 F2169.3 X111.043 Y48.205 E3839.27005
G1 X111.749 Y47.572 E3839.33312
G1 X112.109 Y46.758 E3839.39233
G1 X112.103 Y45.895 E3839.44974
G1 X111.747 Y45.086 E3839.50853
G1 X111.043 Y44.459 E3839.57125
G1 X110.211 Y44.191 E3839.62939
G1 X109.366 Y44.278 E3839.6859
G1 X108.563 Y44.735 E3839.74736
G1 X108.024 Y45.496 E3839.80939
G1 X107.845 Y46.329 E3839.86607
G1 X108.026 Y47.181 E3839.92401
G1 X108.568 Y47.933 E3839.98567
G1 X109.368 Y48.385 E3840.04679
G1 X110.221 Y48.475 E3840.10385
G0 F12000 X110.061 Y48.86
G1 F2169.3 X110.331 Y48.86 E3840.12181
G1 X111.247 Y48.559 E3840.18595
G1 X112.02 Y47.867 E3840.25496
G1 X112.117 Y47.729 E3840.26618
G1 X112.473 Y46.922 E3840.32486
G1 X112.508 Y46.665 E3840.34211
G1 X112.504 Y45.993 E3840.38681
G1 X112.473 Y45.742 E3840.40363
G1 X112.116 Y44.932 E3840.46252
G1 X112.018 Y44.792 E3840.47389
G1 X111.247 Y44.105 E3840.54258
G1 X110.317 Y43.804 E3840.6076
G1 X110.06 Y43.804 E3840.6247
G1 X109.223 Y43.891 E3840.68068
G1 X108.37 Y44.385 E3840.74625
G1 X108.241 Y44.499 E3840.7577
G1 X107.651 Y45.331 E3840.82555
G1 X107.484 Y46.103 E3840.87809
G1 X107.448 Y46.392 E3840.89746
G1 X107.653 Y47.345 E3840.9623
G1 X108.241 Y48.163 E3841.02932
G1 X108.376 Y48.284 E3841.04138
G1 X108.968 Y48.624 E3841.08679
G1 X109.255 Y48.775 E3841.10836
G1 X110.061 Y48.86 E3841.16227
G0 F12000 X110.04 Y49.26
G1 F2169.3 X110.324 Y49.26 E3841.18117
G1 X110.595 Y49.194 E3841.19972
G1 X111.304 Y48.962 E3841.24934
G1 X111.534 Y48.84 E3841.26666
G1 X112.32 Y48.134 E3841.33694
G1 X112.467 Y47.927 E3841.35383
G1 X112.768 Y47.244 E3841.40348
G1 X112.87 Y46.976 E3841.42256
G1 X112.908 Y46.69 E3841.44175
G1 X112.904 Y45.967 E3841.48984
G1 X112.869 Y45.686 E3841.50868
G1 X112.768 Y45.42 E3841.52761
G1 X112.466 Y44.736 E3841.57734
G1 X112.32 Y44.525 E3841.59441
G1 X111.534 Y43.825 E3841.66443
G1 X111.305 Y43.703 E3841.68169
G1 X110.598 Y43.474 E3841.73112
G1 X110.322 Y43.404 E3841.75006
G1 X110.04 Y43.404 E3841.76882
G1 X109.304 Y43.481 E3841.81805
G1 X109.044 Y43.545 E3841.83586
G1 X108.787 Y43.681 E3841.8552
G1 X108.136 Y44.058 E3841.90524
G1 X107.941 Y44.229 E3841.92249
G1 X107.338 Y45.082 E3841.99198
G1 X107.241 Y45.333 E3842.00988
G1 X107.089 Y46.036 E3842.05773
G1 X107.053 Y46.331 E3842.0775
G1 X107.089 Y46.624 E3842.09713
G1 X107.242 Y47.338 E3842.14571
G1 X107.336 Y47.588 E3842.16347
G1 X107.506 Y47.837 E3842.18353
G1 X107.943 Y48.434 E3842.23274
G1 X108.141 Y48.61 E3842.25037
G1 X108.774 Y48.974 E3842.29894
G1 X109.048 Y49.119 E3842.31956
G1 X109.308 Y49.183 E3842.33737
G1 X110.04 Y49.26 E3842.38633
G0 F12000 X110.019 Y49.66
;TYPE:WALL-OUTER
G1 F2169.3 X110.372 Y49.66 E3842.40982
G1 X110.705 Y49.579 E3842.43261
G1 X111.461 Y49.331 E3842.48554
G1 X111.764 Y49.17 E3842.50836
G1 X112.621 Y48.402 E3842.58491
G1 X112.817 Y48.125 E3842.60748
G1 X113.138 Y47.396 E3842.66047
G1 X113.26 Y47.074 E3842.68338
G1 X113.308 Y46.715 E3842.70747
G1 X113.304 Y45.941 E3842.75896
G1 X113.26 Y45.589 E3842.78255
G1 X113.138 Y45.268 E3842.8054
G1 X112.816 Y44.539 E3842.85841
G1 X112.621 Y44.258 E3842.88116
G1 X111.764 Y43.494 E3842.95754
G1 X111.461 Y43.333 E3842.98036
G1 X110.708 Y43.089 E3843.03301
G1 X110.371 Y43.004 E3843.05613
G1 X110.019 Y43.004 E3843.07955
G1 X109.235 Y43.086 E3843.13198
G1 X108.9 Y43.169 E3843.15494
G1 X108.593 Y43.331 E3843.17803
G1 X107.902 Y43.732 E3843.23118
G1 X107.642 Y43.959 E3843.25414
G1 X106.982 Y44.892 E3843.33016
G1 X106.857 Y45.218 E3843.35338
G1 X106.694 Y45.97 E3843.40457
G1 X106.65 Y46.331 E3843.42876
G1 X106.694 Y46.69 E3843.45282
G1 X106.857 Y47.451 E3843.50459
G1 X106.979 Y47.774 E3843.52756
G1 X107.201 Y48.097 E3843.55363
G1 X107.645 Y48.704 E3843.60366
G1 X107.906 Y48.936 E3843.62689
G1 X108.616 Y49.343 E3843.68132
G1 X108.904 Y49.495 E3843.70299
G1 X109.239 Y49.578 E3843.72595
G1 X110.019 Y49.66 E3843.77812
G0 F12000 X110.063 Y48.951
G0 X111.278 Y47.886
;TYPE:FILL
G1 F2169.3 X108.44 Y45.048 E3844.0451
G0 F12000 X107.956 Y46.468
G1 F2169.3 X111.814 Y45.434 E3844.31079
G1 F2700 E3839.31079
;MESH:NONMESH
G0 F300 Z4.2
G0 F12000 X106.919 Y46.642
G0 X105.834 Y46.769
G0 X98.452 Y47.697
G0 X97.43 Y47.308
G0 X94.688 Y48.141
;TIME_ELAPSED:2715.658482
;LAYER:10
;TYPE:WALL-INNER
;MESH:bump_plate.obj(1)
G1 F2700 E3844.31079
G1 F2400 X95.405 Y47.906 E3844.36098
G1 X95.967 Y47.401 E3844.41124
G1 X96.276 Y46.707 E3844.46178
G1 X96.276 Y45.956 E3844.51173
G1 X95.964 Y45.269 E3844.56192
G1 X95.405 Y44.763 E3844.61208
G1 X94.685 Y44.524 E3844.66255
G1 X93.938 Y44.602 E3844.71251
G1 X93.282 Y44.98 E3844.76287
G1 X92.836 Y45.594 E3844.81335
G1 X92.68 Y46.332 E3844.86353
G1 X92.836 Y47.07 E3844.9137
G1 X93.283 Y47.684 E3844.96423
G1 X93.938 Y48.062 E3845.01453
G1 X94.688 Y48.141 E3845.0647
G0 F12000 X94.731 Y48.547
G1 F2400 X95.611 Y48.259 E3845.12629
G1 X96.298 Y47.64 E3845.1878
G1 X96.676 Y46.792 E3845.24956
G1 X96.676 Y45.87 E3845.3109
G1 X96.296 Y45.028 E3845.37235
G1 X95.611 Y44.408 E3845.4338
G1 X94.728 Y44.118 E3845.49563
G1 X93.812 Y44.213 E3845.55689
G1 X93.009 Y44.676 E3845.61855
G1 X92.463 Y45.428 E3845.68036
G1 X92.271 Y46.332 E3845.74184
G1 X92.463 Y47.236 E3845.80332
G1 X93.009 Y47.988 E3845.86513
G1 X93.812 Y48.451 E3845.92679
G1 X94.731 Y48.547 E3845.98826
G0 F12000 X94.774 Y48.954
G1 F2400 X95.816 Y48.613 E3846.06119
G1 X96.63 Y47.88 E3846.13405
G1 X97.076 Y46.876 E3846.20713
G1 X97.076 Y45.785 E3846.27971
G1 X96.627 Y44.786 E3846.35257
G1 X95.816 Y44.053 E3846.42528
G1 X94.771 Y43.711 E3846.49842
G1 X93.686 Y43.824 E3846.57099
G1 X92.735 Y44.372 E3846.644
G1 X92.089 Y45.262 E3846.71716
G1 X91.862 Y46.332 E3846.78992
G1 X92.089 Y47.402 E3846.86268
G1 X92.735 Y48.292 E3846.93583
G1 X93.686 Y48.84 E3847.00884
G1 X94.774 Y48.954 E3847.08161
G0 F12000 X94.818 Y49.36
;TYPE:WALL-OUTER
G1 F2400 X96.021 Y48.967 E3847.1658
G1 X96.962 Y48.12 E3847.25002
G1 X97.476 Y46.961 E3847.33436
G1 X97.476 Y45.699 E3847.41831
G1 X96.958 Y44.545 E3847.50245
G1 X96.021 Y43.698 E3847.58647
G1 X94.814 Y43.304 E3847.67093
G1 X93.56 Y43.435 E3847.7548
G1 X92.461 Y44.068 E3847.83916
G1 X91.715 Y45.096 E3847.92366
G1 X91.453 Y46.332 E3848.0077
G1 X91.715 Y47.568 E3848.09175
G1 X92.461 Y48.596 E3848.17624
G1 X93.56 Y49.229 E3848.2606
G1 X94.818 Y49.36 E3848.34474
G0 F12000 X94.743 Y48.643
G0 X95.765 Y47.474
;TYPE:FILL
G1 F4800 X95.403 Y47.112 E3848.37879
G0 F12000 X95.795 Y45.866
G1 F4800 X96.11 Y45.782 E3848.40048
G0 F12000 X93.706 Y45.415
G1 F4800 X93.335 Y45.043 E3848.43543
G0 F12000 X93.14 Y46.578
G1 F4800 X92.832 Y46.66 E3848.45663
G0 F12000 X93.057 Y46.758
M106 S255
G1 F1200 X94.918 Y44.897 E3848.56167
G0 F12000 X95.318 Y45.063
G1 F1200 X93.236 Y47.144 E3848.67916
G0 F12000 X93.475 Y47.472
G1 F1200 X95.616 Y45.33 E3848.80004
G0 F12000 X95.839 Y45.673
G1 F1200 X93.832 Y47.68 E3848.91332
G0 F12000 X94.263 Y47.815
G1 F1200 X95.995 Y46.082 E3849.01111
G0 F12000 X95.995 Y46.648
G1 F1200 X94.853 Y47.79 E3849.07557
G0 F12000 X92.98 Y46.27
G1 F1200 X94.415 Y44.834 E3849.1566
G1 F2700 E3844.1566
G0 F12000 X94.797 Y49.129
G0 X94.683 Y50.217
G0 X94.681 Y135.452
G0 X94.795 Y136.538
G0 X94.688 Y141.141
M106 S127.5
;TYPE:WALL-INNER
G1 F2700 E3849.1566
G1 F2400 X95.405 Y140.906 E3849.20679
G1 X95.967 Y140.401 E3849.25705
G1 X96.276 Y139.707 E3849.30758
G1 X96.276 Y138.956 E3849.35754
G1 X95.964 Y138.269 E3849.40773
G1 X95.405 Y137.763 E3849.45789
G1 X94.685 Y137.524 E3849.50835
G1 X93.938 Y137.602 E3849.55831
G1 X93.282 Y137.98 E3849.60868
G1 X92.836 Y138.594 E3849.65916
G1 X92.68 Y139.332 E3849.70933
G1 X92.836 Y140.07 E3849.75951
G1 X93.283 Y140.684 E3849.81003
G1 X93.938 Y141.062 E3849.86034
G1 X94.688 Y141.141 E3849.9105
G0 F12000 X94.731 Y141.547
G1 F2400 X95.611 Y141.259 E3849.9721
G1 X96.298 Y140.64 E3850.03361
G1 X96.676 Y139.792 E3850.09537
G1 X96.676 Y138.87 E3850.1567
G1 X96.296 Y138.028 E3850.21815
G1 X95.611 Y137.408 E3850.27961
G1 X94.728 Y137.118 E3850.34143
G1 X93.812 Y137.213 E3850.40269
G1 X93.009 Y137.676 E3850.46435
G1 X92.463 Y138.428 E3850.52617
G1 X92.271 Y139.332 E3850.58765
G1 X92.463 Y140.236 E3850.64912
G1 X93.009 Y140.988 E3850.71094
G1 X93.812 Y141.451 E3850.7726
G1 X94.731 Y141.547 E3850.83406
G0 F12000 X94.774 Y141.954
G1 F2400 X95.816 Y141.613 E3850.90699
G1 X96.63 Y140.88 E3850.97986
G1 X97.076 Y139.876 E3851.05294
G1 X97.076 Y138.785 E3851.12551
G1 X96.627 Y137.786 E3851.19837
G1 X95.816 Y137.053 E3851.27109
G1 X94.771 Y136.711 E3851.34423
G1 X93.686 Y136.824 E3851.41679
G1 X92.735 Y137.372 E3851.48981
G1 X92.089 Y138.262 E3851.56296
G1 X91.862 Y139.332 E3851.63572
G1 X92.089 Y140.402 E3851.70848
G1 X92.735 Y141.292 E3851.78164
G1 X93.686 Y141.84 E3851.85465
G1 X94.774 Y141.954 E3851.92742
G0 F12000 X94.818 Y142.36
;TYPE:WALL-OUTER
G1 F2400 X96.021 Y141.967 E3852.01161
G1 X96.962 Y141.12 E3852.09582
G1 X97.476 Y139.961 E3852.18016
G1 X97.476 Y138.699 E3852.26411
G1 X96.958 Y137.545 E3852.34825
G1 X96.021 Y136.698 E3852.43227
G1 X94.814 Y136.304 E3852.51673
G1 X93.56 Y136.435 E3852.6006
G1 X92.461 Y137.068 E3852.68497
G1 X91.715 Y138.096 E3852.76946
G1 X91.453 Y139.332 E3852.85351
G1 X91.715 Y140.568 E3852.93755
G1 X92.461 Y141.596 E3853.02204
G1 X93.56 Y142.229 E3853.10641
G1 X94.818 Y142.36 E3853.19054
G0 F12000 X94.743 Y141.643
G0 X95.587 Y140.634
;TYPE:FILL
G1 F4800 X95.234 Y140.281 E3853.22375
G0 F12000 X95.866 Y139.022
G1 F4800 X96.181 Y138.938 E3853.24544
G0 F12000 X93.537 Y138.584
G1 F4800 X93.192 Y138.239 E3853.27789
G0 F12000 X93.176 Y139.743
G1 F4800 X92.867 Y139.826 E3853.29918
G0 F12000 X93.141 Y140.012
M106 S255
G1 F1200 X95.171 Y137.982 E3853.41376
G0 F12000 X95.496 Y138.222
G1 F1200 X93.378 Y140.34 E3853.53331
G0 F12000 X93.688 Y140.596
G1 F1200 X95.768 Y138.516 E3853.65071
G0 F12000 X95.945 Y138.905
G1 F1200 X94.057 Y140.793 E3853.75728
G0 F12000 X94.569 Y140.846
G1 F1200 X95.995 Y139.421 E3853.83774
G0 F12000 X94.747 Y137.841
G1 F1200 X93.12 Y139.467 E3853.92955
G0 F12000 X93.289 Y138.733
G1 F1200 X94.16 Y137.861 E3853.97874
G1 F2700 E3848.97874
;MESH:bump_plate.obj
G0 F12000 X97.249 Y139.916
G0 X98.343 Y139.916
G0 X106.12 Y139.562
G0 X107.191 Y139.334
G0 X110 Y141.121
M106 S127.5
;TYPE:WALL-INNER
G1 F2700 E3853.97874
G1 F2400 X110.188 Y141.141 E3853.99132
G1 X110.905 Y140.906 E3854.04151
G1 X111.467 Y140.401 E3854.09177
G1 X111.776 Y139.707 E3854.1423
G1 X111.776 Y138.956 E3854.19226
G1 X111.464 Y138.269 E3854.24245
G1 X110.905 Y137.763 E3854.29261
G1 X110.185 Y137.524 E3854.34307
G1 X109.438 Y137.602 E3854.39303
G1 X108.782 Y137.98 E3854.44339
G1 X108.336 Y138.594 E3854.49388
G1 X108.18 Y139.332 E3854.54405
G1 X108.336 Y140.07 E3854.59423
G1 X108.783 Y140.684 E3854.64475
G1 X109.438 Y141.062 E3854.69506
G1 X110 Y141.121 E3854.73264
G0 F12000 X110 Y141.523
G1 F2400 X110.231 Y141.547 E3854.74809
G1 X111.111 Y141.259 E3854.80969
G1 X111.798 Y140.64 E3854.8712
G1 X112.176 Y139.792 E3854.93296
G1 X112.176 Y138.87 E3854.99429
G1 X111.796 Y138.028 E3855.05574
G1 X111.111 Y137.408 E3855.1172
G1 X110.228 Y137.118 E3855.17902
G1 X109.312 Y137.213 E3855.24028
G1 X108.509 Y137.676 E3855.30194
G1 X107.963 Y138.428 E3855.36376
G1 X107.771 Y139.332 E3855.42524
G1 X107.963 Y140.236 E3855.48671
G1 X108.509 Y140.988 E3855.54853
G1 X109.312 Y141.451 E3855.61019
G1 X110 Y141.523 E3855.65621
G0 F12000 X110 Y141.925
G1 F2400 X110.274 Y141.954 E3855.67453
G1 X111.316 Y141.613 E3855.74747
G1 X112.13 Y140.88 E3855.82033
G1 X112.576 Y139.876 E3855.89341
G1 X112.576 Y138.785 E3855.96598
G1 X112.127 Y137.786 E3856.03884
G1 X111.316 Y137.053 E3856.11156
G1 X110.271 Y136.711 E3856.1847
G1 X109.186 Y136.824 E3856.25727
G1 X108.235 Y137.372 E3856.33028
G1 X107.589 Y138.262 E3856.40343
G1 X107.362 Y139.332 E3856.47619
G1 X107.589 Y140.402 E3856.54895
G1 X108.235 Y141.292 E3856.62211
G1 X109.186 Y141.84 E3856.69512
G1 X110 Y141.925 E3856.74956
G0 F12000 X110 Y142.327
;TYPE:WALL-OUTER
G1 F2400 X110.318 Y142.36 E3856.77083
G1 X111.521 Y141.967 E3856.85502
G1 X112.462 Y141.12 E3856.93923
G1 X112.976 Y139.961 E3857.02357
G1 X112.976 Y138.699 E3857.10752
G1 X112.458 Y137.545 E3857.19166
G1 X111.521 Y136.698 E3857.27568
G1 X110.314 Y136.304 E3857.36014
G1 X109.06 Y136.435 E3857.44401
G1 X107.961 Y137.068 E3857.52838
G1 X107.215 Y138.096 E3857.61287
G1 X106.953 Y139.332 E3857.69692
G1 X107.215 Y140.568 E3857.78096
G1 X107.961 Y141.596 E3857.86545
G1 X109.06 Y142.229 E3857.94982
G1 X110 Y142.327 E3858.01269
G0 F12000 X110.075 Y141.623
G0 X111.086 Y140.634
;TYPE:FILL
G1 F4800 X110.734 Y140.281 E3858.04585
G0 F12000 X111.366 Y139.021
G1 F4800 X111.68 Y138.937 E3858.06747
G0 F12000 X109.037 Y138.584
G1 F4800 X108.692 Y138.239 E3858.09993
G0 F12000 X108.676 Y139.742
G1 F4800 X108.367 Y139.825 E3858.12121
G0 F12000 X108.641 Y140.012
M106 S255
G1 F1200 X110.671 Y137.982 E3858.23579
G0 F12000 X110.996 Y138.222
G1 F1200 X108.879 Y140.339 E3858.35528
G0 F12000 X109.188 Y140.596
G1 F1200 X111.268 Y138.516 E3858.47269
G0 F12000 X111.445 Y138.905
G1 F1200 X109.556 Y140.793 E3858.57928
G0 F12000 X110.069 Y140.846
G1 F1200 X111.496 Y139.42 E3858.6598
G0 F12000 X110.246 Y137.841
G1 F1200 X108.622 Y139.465 E3858.75147
G0 F12000 X108.788 Y138.734
G1 F1200 X109.661 Y137.86 E3858.80077
G1 F2700 E3853.80077
G0 F12000 X110.295 Y136.538
G0 X110.181 Y135.452
G0 X110.183 Y50.217
G0 X110.297 Y49.129
G0 X110.188 Y48.141
M106 S127.5
;TYPE:WALL-INNER
G1 F2700 E3858.80077
G1 F2400 X110.905 Y47.906 E3858.85096
G1 X111.467 Y47.401 E3858.90122
G1 X111.776 Y46.707 E3858.95176
G1 X111.776 Y45.956 E3859.00171
G1 X111.464 Y45.269 E3859.0519
G1 X110.905 Y44.763 E3859.10206
G1 X110.185 Y44.524 E3859.15252
G1 X109.438 Y44.602 E3859.20249
G1 X108.782 Y44.98 E3859.25285
G1 X108.336 Y45.594 E3859.30333
G1 X108.18 Y46.332 E3859.35351
G1 X108.336 Y47.07 E3859.40368
G1 X108.783 Y47.684 E3859.4542
G1 X109.438 Y48.062 E3859.50451
G1 X110.188 Y48.141 E3859.55468
G0 F12000 X110.231 Y48.547
G1 F2400 X111.111 Y48.259 E3859.61627
G1 X111.798 Y47.64 E3859.67778
G1 X112.176 Y46.792 E3859.73954
G1 X112.176 Y45.87 E3859.80087
G1 X111.796 Y45.028 E3859.86232
G1 X111.111 Y44.408 E3859.92378
G1 X110.228 Y44.118 E3859.98561
G1 X109.312 Y44.213 E3860.04687
G1 X108.509 Y44.676 E3860.10853
G1 X107.963 Y45.428 E3860.17034
G1 X107.771 Y46.332 E3860.23182
G1 X107.963 Y47.236 E3860.29329
G1 X108.509 Y47.988 E3860.35511
G1 X109.312 Y48.451 E3860.41677
G1 X110.231 Y48.547 E3860.47824
G0 F12000 X110.274 Y48.954
G1 F2400 X111.316 Y48.613 E3860.55117
G1 X112.13 Y47.88 E3860.62403
G1 X112.576 Y46.876 E3860.69711
G1 X112.576 Y45.785 E3860.76969
G1 X112.127 Y44.786 E3860.84254
G1 X111.316 Y44.053 E3860.91526
G1 X110.271 Y43.711 E3860.9884
G1 X109.186 Y43.824 E3861.06097
G1 X108.235 Y44.372 E3861.13398
G1 X107.589 Y45.262 E3861.20713
G1 X107.362 Y46.332 E3861.2799
G1 X107.589 Y47.402 E3861.35266
G1 X108.235 Y48.292 E3861.42581
G1 X109.186 Y48.84 E3861.49882
G1 X110.274 Y48.954 E3861.57159
G0 F12000 X110.318 Y49.36
;TYPE:WALL-OUTER
G1 F2400 X111.521 Y48.967 E3861.65578
G1 X112.462 Y48.12 E3861.74
G1 X112.976 Y46.961 E3861.82434
G1 X112.976 Y45.699 E3861.90828
G1 X112.458 Y44.545 E3861.99243
G1 X111.521 Y43.698 E3862.07645
G1 X110.314 Y43.304 E3862.16091
G1 X109.06 Y43.435 E3862.24478
G1 X107.961 Y44.068 E3862.32914
G1 X107.215 Y45.096 E3862.41363
G1 X106.953 Y46.332 E3862.49768
G1 X107.215 Y47.568 E3862.58173
G1 X107.961 Y48.596 E3862.66622
G1 X109.06 Y49.229 E3862.75058
G1 X110.318 Y49.36 E3862.83472
G0 F12000 X110.243 Y48.643
G0 X111.265 Y47.474
;TYPE:FILL
G1 F4800 X110.903 Y47.112 E3862.86877
G0 F12000 X111.295 Y45.866
G1 F4800 X111.61 Y45.781 E3862.89048
G0 F12000 X109.206 Y45.415
G1 F4800 X108.834 Y45.043 E3862.92547
G0 F12000 X108.64 Y46.577
G1 F4800 X108.331 Y46.66 E3862.94675
G0 F12000 X108.556 Y46.758
M106 S255
G1 F1200 X110.418 Y44.897 E3863.05183
G0 F12000 X110.818 Y45.062
G1 F1200 X108.736 Y47.144 E3863.16934
G0 F12000 X108.974 Y47.472
G1 F1200 X111.115 Y45.33 E3863.29022
G0 F12000 X111.339 Y45.673
G1 F1200 X109.332 Y47.68 E3863.4035
G0 F12000 X109.762 Y47.815
G1 F1200 X111.496 Y46.081 E3863.50138
G0 F12000 X111.496 Y46.647
G1 F1200 X110.353 Y47.79 E3863.56589
G0 F12000 X108.481 Y46.267
G1 F1200 X109.915 Y44.834 E3863.64681
G1 F2700 E3858.64681
;MESH:NONMESH
G0 F300 Z4.6
G0 F12000 X107.191 Y46.334
G0 X106.12 Y46.562
G0 X98.343 Y46.916
G0 X97.249 Y46.916
G0 X94.654 Y47.864
;TIME_ELAPSED:2737.308161
;LAYER:11
;note -- min layer time used
M106 S127.5
;TYPE:WALL-INNER
;MESH:bump_plate.obj(1)
G1 F2700 E3863.64681
G1 F1940.4 X95.25 Y47.67 E3863.6885
G1 X95.748 Y47.224 E3863.73297
G1 X96.001 Y46.652 E3863.77457
G1 X96.006 Y46.026 E3863.81622
G1 X95.747 Y45.439 E3863.8589
G1 X95.253 Y44.997 E3863.90299
G1 X94.654 Y44.8 E3863.94494
G1 X94.032 Y44.865 E3863.98654
G1 X93.472 Y45.19 E3864.02961
G1 X93.086 Y45.727 E3864.0736
G1 X92.959 Y46.339 E3864.11518
G1 X93.083 Y46.931 E3864.15541
G1 X93.469 Y47.468 E3864.1994
G1 X94.035 Y47.799 E3864.24302
G1 X94.654 Y47.864 E3864.28442
G0 F12000 X94.697 Y48.271
G1 F1940.4 X95.463 Y48.016 E3864.33813
G1 X96.085 Y47.45 E3864.39407
G1 X96.404 Y46.736 E3864.44609
G1 X96.407 Y45.941 E3864.49897
G1 X96.069 Y45.19 E3864.55376
G1 X95.466 Y44.65 E3864.6076
G1 X94.699 Y44.393 E3864.66141
G1 X93.905 Y44.476 E3864.71452
G1 X93.189 Y44.898 E3864.7698
G1 X92.721 Y45.549 E3864.82313
G1 X92.548 Y46.333 E3864.87654
G1 X92.717 Y47.107 E3864.92924
G1 X93.186 Y47.76 E3864.98272
G1 X93.907 Y48.187 E3865.03846
G1 X94.697 Y48.271 E3865.09131
G0 F12000 X94.74 Y48.677
G1 F1940.4 X95.659 Y48.379 E3865.15557
G1 X96.409 Y47.705 E3865.22265
G1 X96.803 Y46.823 E3865.28691
G1 X96.808 Y45.859 E3865.35104
G1 X96.41 Y44.959 E3865.4165
G1 X95.663 Y44.289 E3865.48325
G1 X94.742 Y43.986 E3865.54774
G1 X93.778 Y44.088 E3865.61223
G1 X92.922 Y44.584 E3865.67804
G1 X92.338 Y45.398 E3865.74468
G1 X92.139 Y46.334 E3865.80833
G1 X92.336 Y47.261 E3865.87137
G1 X92.917 Y48.072 E3865.93774
G1 X93.781 Y48.577 E3866.00431
G1 X94.74 Y48.677 E3866.06845
G0 F12000 X94.844 Y49.064
;TYPE:WALL-OUTER
G1 F1940.4 X95.749 Y48.77 E3866.13174
G1 X95.924 Y48.678 E3866.1449
G1 X96.672 Y48.006 E3866.21178
G1 X96.785 Y47.845 E3866.22487
G1 X97.176 Y46.97 E3866.28862
G1 X97.204 Y46.72 E3866.30535
G1 X97.207 Y45.946 E3866.35684
G1 X97.173 Y45.696 E3866.37362
G1 X96.785 Y44.819 E3866.43742
G1 X96.673 Y44.658 E3866.45046
G1 X95.869 Y43.936 E3866.52234
G1 X94.848 Y43.6 E3866.59385
G1 X94.591 Y43.6 E3866.61094
G1 X93.652 Y43.699 E3866.67375
G1 X92.745 Y44.224 E3866.74346
G1 X92.593 Y44.356 E3866.75685
G1 X91.965 Y45.231 E3866.8285
G1 X91.778 Y46.11 E3866.88828
G1 X91.743 Y46.391 E3866.90711
G1 X91.937 Y47.306 E3866.96933
G1 X92.009 Y47.491 E3866.98254
G1 X92.593 Y48.307 E3867.04929
G1 X92.745 Y48.435 E3867.06251
G1 X93.653 Y48.966 E3867.13248
G1 X94.591 Y49.064 E3867.19521
G1 X94.844 Y49.064 E3867.21204
G0 F12000 X94.735 Y48.358
G0 X94.586 Y47.756
G0 X94.614 Y47.496
;TYPE:SKIN
G1 F1940.4 X94.148 Y47.449 E3867.2432
G1 X93.719 Y47.197 E3867.2763
G1 X93.42 Y46.777 E3867.31059
G1 X93.325 Y46.333 E3867.34079
G1 X93.423 Y45.875 E3867.37195
G1 X93.718 Y45.464 E3867.4056
G1 X94.144 Y45.215 E3867.43843
G1 X94.614 Y45.168 E3867.46985
G1 X95.069 Y45.314 E3867.50163
G1 X95.446 Y45.656 E3867.53549
G1 X95.644 Y46.103 E3867.56801
G1 X95.644 Y46.576 E3867.59948
G1 X95.447 Y47.003 E3867.63076
G1 X95.065 Y47.35 E3867.66509
G1 X94.614 Y47.496 E3867.69662
G0 F12000 X94.586 Y47.756
G0 X95.168 Y47.527
G0 X95.529 Y47.202
G0 X95.853 Y46.741
G0 X95.434 Y46.553
G1 F1940.4 X94.742 Y47.245 E3867.76172
G0 F12000 X94.183 Y47.238
G1 F1940.4 X95.392 Y46.029 E3867.87546
G0 F12000 X95.176 Y45.68
G1 F1940.4 X93.837 Y47.018 E3868.00138
G0 F12000 X93.605 Y46.685
G1 F1940.4 X94.84 Y45.45 E3868.11756
G0 F12000 X94.327 Y45.397
G1 F1940.4 X93.567 Y46.157 E3868.18905
G0 F12000 X92.836 Y46.003
G1 F2700 E3863.18905
G0 F12000 X93.672 Y48.712
G0 X93.415 Y49.776
G0 X94.605 Y135.737
G0 X94.608 Y136.831
G0 X95.614 Y138.536
G0 X95.845 Y139.06
G0 X95.843 Y139.617
G0 X95.614 Y140.126
G0 X94.654 Y140.864
;TYPE:WALL-INNER
G1 F2700 E3868.18905
G1 F1940.4 X95.25 Y140.67 E3868.23075
G1 X95.748 Y140.224 E3868.27522
G1 X96.001 Y139.652 E3868.31682
G1 X96.006 Y139.026 E3868.35846
G1 X95.747 Y138.439 E3868.40114
G1 X95.253 Y137.997 E3868.44524
G1 X94.654 Y137.8 E3868.48718
G1 X94.032 Y137.865 E3868.52878
G1 X93.472 Y138.19 E3868.57186
G1 X93.086 Y138.727 E3868.61585
G1 X92.959 Y139.339 E3868.65743
G1 X93.083 Y139.931 E3868.69766
G1 X93.469 Y140.468 E3868.74165
G1 X94.035 Y140.799 E3868.78527
G1 X94.654 Y140.864 E3868.82667
G0 F12000 X94.697 Y141.271
G1 F1940.4 X95.463 Y141.016 E3868.88037
G1 X96.085 Y140.45 E3868.93632
G1 X96.404 Y139.736 E3868.98834
G1 X96.407 Y138.941 E3869.04122
G1 X96.069 Y138.19 E3869.096
G1 X95.466 Y137.65 E3869.14985
G1 X94.699 Y137.393 E3869.20366
G1 X93.905 Y137.476 E3869.25676
G1 X93.189 Y137.898 E3869.31205
G1 X92.721 Y138.549 E3869.36538
G1 X92.548 Y139.333 E3869.41879
G1 X92.717 Y140.107 E3869.47149
G1 X93.186 Y140.76 E3869.52497
G1 X93.907 Y141.187 E3869.58071
G1 X94.697 Y141.271 E3869.63356
G0 F12000 X94.74 Y141.677
G1 F1940.4 X95.659 Y141.379 E3869.69782
G1 X96.409 Y140.705 E3869.7649
G1 X96.803 Y139.823 E3869.82916
G1 X96.808 Y138.859 E3869.89328
G1 X96.41 Y137.959 E3869.95874
G1 X95.663 Y137.289 E3870.02549
G1 X94.742 Y136.986 E3870.08999
G1 X93.778 Y137.088 E3870.15447
G1 X92.922 Y137.584 E3870.22028
G1 X92.338 Y138.398 E3870.28692
G1 X92.139 Y139.334 E3870.35058
G1 X92.336 Y140.261 E3870.41362
G1 X92.917 Y141.072 E3870.47998
G1 X93.781 Y141.577 E3870.54655
G1 X94.74 Y141.677 E3870.61069
G0 F12000 X94.844 Y142.064
;TYPE:WALL-OUTER
G1 F1940.4 X95.749 Y141.77 E3870.67399
G1 X95.924 Y141.678 E3870.68714
G1 X96.672 Y141.006 E3870.75403
G1 X96.785 Y140.845 E3870.76711
G1 X97.176 Y139.97 E3870.83087
G1 X97.204 Y139.72 E3870.8476
G1 X97.207 Y138.946 E3870.89909
G1 X97.173 Y138.696 E3870.91587
G1 X96.785 Y137.819 E3870.97966
G1 X96.673 Y137.658 E3870.99271
G1 X95.869 Y136.936 E3871.06459
G1 X94.848 Y136.6 E3871.13609
G1 X94.591 Y136.6 E3871.15319
G1 X93.652 Y136.699 E3871.216
G1 X92.745 Y137.224 E3871.28571
G1 X92.593 Y137.356 E3871.2991
G1 X91.965 Y138.231 E3871.37075
G1 X91.778 Y139.11 E3871.43053
G1 X91.743 Y139.391 E3871.44936
G1 X91.937 Y140.306 E3871.51158
G1 X92.009 Y140.491 E3871.52479
G1 X92.593 Y141.307 E3871.59154
G1 X92.745 Y141.435 E3871.60475
G1 X93.653 Y141.966 E3871.67473
G1 X94.591 Y142.064 E3871.73746
G1 X94.844 Y142.064 E3871.75429
G0 F12000 X94.735 Y141.358
G0 X94.586 Y140.756
G0 X94.614 Y140.496
;TYPE:SKIN
G1 F1940.4 X94.148 Y140.449 E3871.78545
G1 X93.719 Y140.197 E3871.81854
G1 X93.42 Y139.777 E3871.85284
G1 X93.325 Y139.333 E3871.88304
G1 X93.423 Y138.875 E3871.9142
G1 X93.718 Y138.464 E3871.94785
G1 X94.144 Y138.215 E3871.98067
G1 X94.614 Y138.168 E3872.01209
G1 X95.069 Y138.314 E3872.04388
G1 X95.446 Y138.656 E3872.07774
G1 X95.644 Y139.103 E3872.11026
G1 X95.644 Y139.576 E3872.14173
G1 X95.447 Y140.003 E3872.17301
G1 X95.065 Y140.35 E3872.20734
G1 X94.614 Y140.496 E3872.23887
G0 F12000 X94.586 Y140.756
G0 X95.168 Y140.527
G0 X95.614 Y140.126
G0 X95.905 Y139.318
G0 X95.444 Y139.316
G1 F1940.4 X94.478 Y140.282 E3872.32975
G0 F12000 X94.04 Y140.154
G1 F1940.4 X95.322 Y138.872 E3872.45035
G0 F12000 X95.056 Y138.572
G1 F1940.4 X93.743 Y139.886 E3872.57391
G0 F12000 X93.565 Y139.497
G1 F1940.4 X94.667 Y138.395 E3872.67758
G0 F12000 X93.918 Y138.579
G1 F1940.4 X93.791 Y138.705 E3872.68948
G0 F12000 X93.182 Y138.269
G1 F2700 E3867.68948
;MESH:bump_plate.obj
G0 F12000 X94.083 Y138.022
G0 X94.638 Y137.965
G0 X95.117 Y138.122
G0 X96.978 Y139.713
G0 X98.064 Y139.844
G0 X106.691 Y140.772
G0 X107.715 Y140.388
G0 X110 Y140.848
;TYPE:WALL-INNER
G1 F2700 E3872.68948
G1 F1940.4 X110.154 Y140.864 E3872.69978
G1 X110.75 Y140.67 E3872.74148
G1 X111.248 Y140.224 E3872.78595
G1 X111.501 Y139.652 E3872.82755
G1 X111.506 Y139.026 E3872.8692
G1 X111.247 Y138.439 E3872.91188
G1 X110.753 Y137.997 E3872.95597
G1 X110.154 Y137.8 E3872.99791
G1 X109.532 Y137.865 E3873.03952
G1 X108.972 Y138.19 E3873.08259
G1 X108.586 Y138.727 E3873.12658
G1 X108.459 Y139.339 E3873.16816
G1 X108.583 Y139.931 E3873.20839
G1 X108.969 Y140.468 E3873.25238
G1 X109.535 Y140.799 E3873.296
G1 X110 Y140.848 E3873.3271
G0 F12000 X110 Y141.25
G1 F1940.4 X110.197 Y141.271 E3873.34028
G1 X110.963 Y141.016 E3873.39398
G1 X111.585 Y140.45 E3873.44993
G1 X111.904 Y139.736 E3873.50195
G1 X111.907 Y138.941 E3873.55483
G1 X111.569 Y138.19 E3873.60961
G1 X110.966 Y137.65 E3873.66346
G1 X110.199 Y137.393 E3873.71727
G1 X109.405 Y137.476 E3873.77037
G1 X108.689 Y137.898 E3873.82566
G1 X108.221 Y138.549 E3873.87899
G1 X108.048 Y139.333 E3873.9324
G1 X108.217 Y140.107 E3873.9851
G1 X108.686 Y140.76 E3874.03858
G1 X109.407 Y141.187 E3874.09432
G1 X110 Y141.25 E3874.13399
G0 F12000 X110 Y141.652
G1 F1940.4 X110.24 Y141.677 E3874.15004
G1 X111.159 Y141.379 E3874.2143
G1 X111.909 Y140.705 E3874.28138
G1 X112.303 Y139.823 E3874.34564
G1 X112.308 Y138.859 E3874.40977
G1 X111.91 Y137.959 E3874.47523
G1 X111.163 Y137.289 E3874.54198
G1 X110.242 Y136.986 E3874.60647
G1 X109.278 Y137.088 E3874.67096
G1 X108.422 Y137.584 E3874.73677
G1 X107.838 Y138.398 E3874.80341
G1 X107.639 Y139.334 E3874.86706
G1 X107.836 Y140.261 E3874.9301
G1 X108.417 Y141.072 E3874.99647
G1 X109.281 Y141.577 E3875.06304
G1 X110 Y141.652 E3875.11112
G0 F12000 X110 Y142.054
;TYPE:WALL-OUTER
G1 F1940.4 X110.091 Y142.064 E3875.11721
G1 X110.344 Y142.064 E3875.13404
G1 X111.249 Y141.77 E3875.19734
G1 X111.424 Y141.678 E3875.21049
G1 X112.172 Y141.006 E3875.27738
G1 X112.285 Y140.845 E3875.29047
G1 X112.676 Y139.97 E3875.35422
G1 X112.704 Y139.72 E3875.37095
G1 X112.707 Y138.946 E3875.42244
G1 X112.673 Y138.696 E3875.43922
G1 X112.285 Y137.819 E3875.50301
G1 X112.173 Y137.658 E3875.51606
G1 X111.369 Y136.936 E3875.58794
G1 X110.348 Y136.6 E3875.65944
G1 X110.091 Y136.6 E3875.67654
G1 X109.152 Y136.699 E3875.73935
G1 X108.245 Y137.224 E3875.80906
G1 X108.093 Y137.356 E3875.82245
G1 X107.465 Y138.231 E3875.8941
G1 X107.278 Y139.11 E3875.95388
G1 X107.243 Y139.391 E3875.97271
G1 X107.437 Y140.306 E3876.03493
G1 X107.509 Y140.491 E3876.04814
G1 X108.093 Y141.307 E3876.11489
G1 X108.245 Y141.435 E3876.12811
G1 X109.153 Y141.966 E3876.19808
G1 X110 Y142.054 E3876.25472
G0 F12000 X110.075 Y141.351
G0 X109.972 Y140.744
G0 X110 Y140.485
;TYPE:SKIN
G1 F1940.4 X109.648 Y140.449 E3876.27826
G1 X109.219 Y140.197 E3876.31136
G1 X108.92 Y139.777 E3876.34565
G1 X108.825 Y139.333 E3876.37585
G1 X108.923 Y138.875 E3876.40701
G1 X109.218 Y138.464 E3876.44066
G1 X109.644 Y138.215 E3876.47349
G1 X110.114 Y138.168 E3876.50491
G1 X110.569 Y138.314 E3876.53669
G1 X110.946 Y138.656 E3876.57055
G1 X111.144 Y139.103 E3876.60308
G1 X111.144 Y139.576 E3876.63454
G1 X110.947 Y140.003 E3876.66582
G1 X110.565 Y140.35 E3876.70015
G1 X110.114 Y140.496 E3876.73168
G1 X110 Y140.485 E3876.7393
G0 F12000 X109.972 Y140.744
G0 X110.598 Y140.549
G0 X111.259 Y139.95
G0 X110.838 Y139.761
G1 F1940.4 X110.408 Y140.191 E3876.77975
G0 F12000 X109.773 Y140.26
G1 F1940.4 X110.927 Y139.106 E3876.88832
G0 F12000 X110.734 Y138.733
G1 F1940.4 X109.397 Y140.07 E3877.01409
G0 F12000 X109.149 Y139.753
G1 F1940.4 X110.425 Y138.477 E3877.13413
G0 F12000 X109.951 Y138.385
G1 F1940.4 X109.038 Y139.298 E3877.22002
G0 F12000 X108.305 Y139.144
G1 F2700 E3872.22002
G0 F12000 X109.173 Y136.954
G0 X108.913 Y135.892
G0 X110.11 Y49.931
G0 X110.11 Y48.837
G0 X110.154 Y47.864
;TYPE:WALL-INNER
G1 F2700 E3877.22002
G1 F1940.4 X110.75 Y47.67 E3877.26171
G1 X111.248 Y47.224 E3877.30618
G1 X111.501 Y46.652 E3877.34779
G1 X111.506 Y46.026 E3877.38943
G1 X111.247 Y45.439 E3877.43211
G1 X110.753 Y44.997 E3877.47621
G1 X110.154 Y44.8 E3877.51815
G1 X109.532 Y44.865 E3877.55975
G1 X108.972 Y45.19 E3877.60282
G1 X108.586 Y45.727 E3877.64681
G1 X108.459 Y46.339 E3877.68839
G1 X108.583 Y46.931 E3877.72863
G1 X108.969 Y47.468 E3877.77262
G1 X109.535 Y47.799 E3877.81623
G1 X110.154 Y47.864 E3877.85764
G0 F12000 X110.197 Y48.271
G1 F1940.4 X110.963 Y48.016 E3877.91134
G1 X111.585 Y47.45 E3877.96728
G1 X111.904 Y46.736 E3878.0193
G1 X111.907 Y45.941 E3878.07219
G1 X111.569 Y45.19 E3878.12697
G1 X110.966 Y44.65 E3878.18082
G1 X110.199 Y44.393 E3878.23462
G1 X109.405 Y44.476 E3878.28773
G1 X108.689 Y44.898 E3878.34301
G1 X108.221 Y45.549 E3878.39635
G1 X108.048 Y46.333 E3878.44975
G1 X108.217 Y47.107 E3878.50245
G1 X108.686 Y47.76 E3878.55593
G1 X109.407 Y48.187 E3878.61168
G1 X110.197 Y48.271 E3878.66452
G0 F12000 X110.24 Y48.677
G1 F1940.4 X111.159 Y48.379 E3878.72879
G1 X111.909 Y47.705 E3878.79586
G1 X112.303 Y46.823 E3878.86012
G1 X112.308 Y45.859 E3878.92425
G1 X111.91 Y44.959 E3878.98971
G1 X111.163 Y44.289 E3879.05646
G1 X110.242 Y43.986 E3879.12096
G1 X109.278 Y44.088 E3879.18544
G1 X108.422 Y44.584 E3879.25125
G1 X107.838 Y45.398 E3879.31789
G1 X107.639 Y46.334 E3879.38155
G1 X107.836 Y47.261 E3879.44459
G1 X108.417 Y48.072 E3879.51095
G1 X109.281 Y48.577 E3879.57752
G1 X110.24 Y48.677 E3879.64166
G0 F12000 X110.091 Y49.064
;TYPE:WALL-OUTER
G1 F1940.4 X110.344 Y49.064 E3879.65849
G1 X111.249 Y48.77 E3879.72179
G1 X111.424 Y48.678 E3879.73494
G1 X112.172 Y48.006 E3879.80183
G1 X112.285 Y47.845 E3879.81491
G1 X112.676 Y46.97 E3879.87866
G1 X112.704 Y46.72 E3879.8954
G1 X112.707 Y45.946 E3879.94688
G1 X112.673 Y45.696 E3879.96367
G1 X112.285 Y44.819 E3880.02746
G1 X112.173 Y44.658 E3880.04051
G1 X111.369 Y43.936 E3880.11239
G1 X110.348 Y43.6 E3880.18389
G1 X110.091 Y43.6 E3880.20098
G1 X109.152 Y43.699 E3880.26379
G1 X108.245 Y44.224 E3880.33351
G1 X108.093 Y44.356 E3880.3469
G1 X107.465 Y45.231 E3880.41854
G1 X107.278 Y46.11 E3880.47832
G1 X107.243 Y46.391 E3880.49716
G1 X107.437 Y47.306 E3880.55938
G1 X107.509 Y47.491 E3880.57258
G1 X108.093 Y48.307 E3880.63933
G1 X108.245 Y48.435 E3880.65255
G1 X109.153 Y48.966 E3880.72252
G1 X110.091 Y49.064 E3880.78526
G0 F12000 X110.128 Y48.357
G0 X110.086 Y47.756
G0 X110.114 Y47.496
;TYPE:SKIN
G1 F1940.4 X109.648 Y47.449 E3880.81641
G1 X109.219 Y47.197 E3880.84951
G1 X108.92 Y46.777 E3880.8838
G1 X108.825 Y46.333 E3880.91401
G1 X108.923 Y45.875 E3880.94516
G1 X109.218 Y45.464 E3880.97882
G1 X109.644 Y45.215 E3881.01164
G1 X110.114 Y45.168 E3881.04306
G1 X110.569 Y45.314 E3881.07485
G1 X110.946 Y45.656 E3881.10871
G1 X111.144 Y46.103 E3881.14123
G1 X111.144 Y46.576 E3881.17269
G1 X110.947 Y47.003 E3881.20397
G1 X110.565 Y47.35 E3881.2383
G1 X110.114 Y47.496 E3881.26984
G0 F12000 X110.086 Y47.756
G0 X110.668 Y47.527
G0 X111.114 Y47.126
G0 X111.405 Y46.319
G0 X110.944 Y46.317
G1 F1940.4 X109.979 Y47.281 E3881.36057
G0 F12000 X109.541 Y47.154
G1 F1940.4 X110.823 Y45.872 E3881.48117
G0 F12000 X110.557 Y45.572
G1 F1940.4 X109.244 Y46.885 E3881.60469
G0 F12000 X109.066 Y46.498
G1 F1940.4 X110.169 Y45.395 E3881.70846
G0 F12000 X109.421 Y45.577
G1 F1940.4 X109.289 Y45.709 E3881.72087
G0 F12000 X108.679 Y45.273
G1 F2700 E3876.72087
;MESH:NONMESH
G0 F300 Z5
G0 F12000 X107.502 Y46.168
G0 X106.416 Y46.037
G0 X98.039 Y47.043
G0 X96.953 Y46.912
G0 X94.693 Y47.747
G0 X94.635 Y47.564
;TIME_ELAPSED:2755.302109
;LAYER:12
;note -- min layer time used
;TYPE:WALL-INNER
;MESH:bump_plate.obj(1)
G1 F2700 E3881.72087
G1 F1562.1 X94.988 Y47.468 E3881.74521
G1 X95.156 Y47.38 E3881.75782
G1 X95.462 Y47.106 E3881.78515
G1 X95.568 Y46.953 E3881.79753
G1 X95.705 Y46.611 E3881.82204
G1 X95.734 Y46.277 E3881.84434
G1 X95.707 Y46.059 E3881.85895
G1 X95.568 Y45.711 E3881.88388
G1 X95.462 Y45.557 E3881.89631
G1 X95.154 Y45.281 E3881.92382
G1 X94.99 Y45.196 E3881.93611
G1 X94.64 Y45.101 E3881.96024
G1 X94.3 Y45.111 E3881.98286
G1 X94.091 Y45.162 E3881.99717
G1 X93.749 Y45.345 E3882.02298
G1 X93.623 Y45.459 E3882.03428
G1 X93.379 Y45.805 E3882.06244
G1 X93.296 Y46.028 E3882.07827
G1 X93.259 Y46.334 E3882.09877
G1 X93.327 Y46.788 E3882.12931
G1 X93.618 Y47.2 E3882.16286
G1 X93.754 Y47.32 E3882.17493
G1 X94.09 Y47.502 E3882.20035
G1 X94.295 Y47.553 E3882.2144
G1 X94.635 Y47.564 E3882.23703
G0 F12000 X94.684 Y47.964
G1 F1562.1 X95.107 Y47.857 E3882.26605
G1 X95.386 Y47.711 E3882.287
G1 X95.764 Y47.373 E3882.32073
G1 X95.919 Y47.149 E3882.33885
G1 X96.097 Y46.707 E3882.37055
G1 X96.141 Y46.315 E3882.39679
G1 X96.098 Y45.961 E3882.42051
G1 X95.919 Y45.515 E3882.45248
G1 X95.764 Y45.291 E3882.4706
G1 X95.383 Y44.95 E3882.50461
G1 X95.095 Y44.8 E3882.52621
G1 X94.688 Y44.701 E3882.55407
G1 X94.296 Y44.7 E3882.58015
G1 X93.947 Y44.786 E3882.60406
G1 X93.515 Y45.018 E3882.63668
G1 X93.322 Y45.192 E3882.65396
G1 X93.023 Y45.616 E3882.68848
G1 X92.905 Y45.928 E3882.71067
G1 X92.856 Y46.333 E3882.7378
G1 X92.905 Y46.745 E3882.7654
G1 X93.022 Y47.049 E3882.78707
G1 X93.318 Y47.468 E3882.8212
G1 X93.518 Y47.646 E3882.83901
G1 X93.947 Y47.878 E3882.87145
G1 X94.29 Y47.964 E3882.89497
G1 X94.684 Y47.964 E3882.92118
G0 F12000 X94.734 Y48.364
G1 F1562.1 X95.248 Y48.234 E3882.95645
G1 X95.615 Y48.042 E3882.984
G1 X96.066 Y47.64 E3883.02419
G1 X96.293 Y47.311 E3883.05078
G1 X96.488 Y46.803 E3883.08697
G1 X96.545 Y46.313 E3883.11979
G1 X96.489 Y45.863 E3883.14995
G1 X96.293 Y45.353 E3883.1863
G1 X96.066 Y45.024 E3883.21289
G1 X95.612 Y44.618 E3883.2534
G1 X95.233 Y44.421 E3883.28182
G1 X94.736 Y44.301 E3883.31583
G1 X94.247 Y44.3 E3883.34835
G1 X93.804 Y44.409 E3883.3787
G1 X93.28 Y44.691 E3883.41829
G1 X93.02 Y44.925 E3883.44155
G1 X92.667 Y45.428 E3883.48243
G1 X92.515 Y45.831 E3883.51108
G1 X92.453 Y46.333 E3883.54473
G1 X92.514 Y46.841 E3883.57876
G1 X92.666 Y47.239 E3883.6071
G1 X93.018 Y47.737 E3883.64767
G1 X93.282 Y47.971 E3883.67114
G1 X93.803 Y48.255 E3883.71061
G1 X94.24 Y48.364 E3883.74057
G1 X94.734 Y48.364 E3883.77343
G0 F12000 X94.783 Y48.764
;TYPE:WALL-OUTER
G1 F1562.1 X95.216 Y48.655 E3883.80313
G1 X95.454 Y48.578 E3883.81977
G1 X95.845 Y48.374 E3883.84911
G1 X96.368 Y47.906 E3883.89579
G1 X96.651 Y47.496 E3883.92893
G1 X96.88 Y46.899 E3883.97147
G1 X96.948 Y46.314 E3884.01064
G1 X96.88 Y45.765 E3884.04744
G1 X96.651 Y45.168 E3884.08998
G1 X96.368 Y44.758 E3884.12312
G1 X95.841 Y44.286 E3884.17018
G1 X95.461 Y44.089 E3884.19865
G1 X95.212 Y44.005 E3884.21613
G1 X94.784 Y43.901 E3884.24543
G1 X94.197 Y43.9 E3884.28448
G1 X93.66 Y44.033 E3884.32128
G1 X93.046 Y44.364 E3884.36768
G1 X92.719 Y44.658 E3884.39693
G1 X92.311 Y45.239 E3884.44416
G1 X92.123 Y45.736 E3884.4795
G1 X92.05 Y46.333 E3884.51951
G1 X92.102 Y46.763 E3884.54832
G1 X92.157 Y47.027 E3884.56626
G1 X92.31 Y47.429 E3884.59487
G1 X92.718 Y48.005 E3884.64183
G1 X93.046 Y48.297 E3884.67104
G1 X93.265 Y48.424 E3884.68788
G1 X93.66 Y48.631 E3884.71754
G1 X94.191 Y48.764 E3884.75396
G1 X94.783 Y48.764 E3884.79334
G0 F12000 X94.7 Y48.056
G0 X94.584 Y47.463
G0 X94.591 Y47.199
;TYPE:SKIN
G1 F1562.1 X94.273 Y47.192 E3884.8145
G1 X93.921 Y47.002 E3884.84111
G1 X93.667 Y46.643 E3884.87036
G1 X93.622 Y46.332 E3884.89126
G1 X93.667 Y46.021 E3884.91217
G1 X93.921 Y45.662 E3884.94142
G1 X94.281 Y45.467 E3884.96865
G1 X94.6 Y45.461 E3884.98988
G1 X94.906 Y45.542 E3885.01093
G1 X95.231 Y45.83 E3885.03982
G1 X95.38 Y46.206 E3885.06672
G1 X95.351 Y46.525 E3885.08803
G1 X95.231 Y46.83 E3885.10983
G1 X94.91 Y47.114 E3885.13834
G1 X94.591 Y47.199 E3885.1603
G0 F12000 X94.515 Y46.997
G1 F1562.1 X93.827 Y46.309 E3885.22503
G0 F12000 X93.991 Y45.908
G1 F1562.1 X94.921 Y46.837 E3885.31247
G0 F12000 X95.147 Y46.498
G1 F1562.1 X94.322 Y45.673 E3885.39008
G0 F12000 X93.969 Y45.012
G1 F2700 E3880.39008
G0 F12000 X93.478 Y45.946
G0 X93.42 Y46.334
G0 X93.469 Y46.65
G0 X94.353 Y48.536
G0 X94.353 Y49.63
G0 X94.755 Y136.038
G0 X94.757 Y137.131
G0 X95.581 Y139.177
G0 X95.547 Y139.572
G0 X95.412 Y139.91
G0 X94.635 Y140.564
;TYPE:WALL-INNER
G1 F2700 E3885.39008
G1 F1562.1 X94.988 Y140.468 E3885.41441
G1 X95.156 Y140.38 E3885.42703
G1 X95.462 Y140.106 E3885.45435
G1 X95.568 Y139.953 E3885.46673
G1 X95.705 Y139.611 E3885.49124
G1 X95.734 Y139.277 E3885.51354
G1 X95.707 Y139.059 E3885.52816
G1 X95.568 Y138.711 E3885.55308
G1 X95.462 Y138.557 E3885.56552
G1 X95.154 Y138.281 E3885.59303
G1 X94.99 Y138.196 E3885.60532
G1 X94.64 Y138.101 E3885.62944
G1 X94.3 Y138.111 E3885.65207
G1 X94.091 Y138.162 E3885.66638
G1 X93.749 Y138.345 E3885.69218
G1 X93.623 Y138.459 E3885.70348
G1 X93.379 Y138.805 E3885.73165
G1 X93.296 Y139.028 E3885.74748
G1 X93.259 Y139.334 E3885.76798
G1 X93.327 Y139.788 E3885.79852
G1 X93.618 Y140.2 E3885.83207
G1 X93.754 Y140.32 E3885.84413
G1 X94.09 Y140.502 E3885.86955
G1 X94.295 Y140.553 E3885.88361
G1 X94.635 Y140.564 E3885.90623
G0 F12000 X94.684 Y140.964
G1 F1562.1 X95.107 Y140.857 E3885.93526
G1 X95.386 Y140.711 E3885.95621
G1 X95.764 Y140.373 E3885.98994
G1 X95.919 Y140.149 E3886.00806
G1 X96.097 Y139.707 E3886.03975
G1 X96.141 Y139.315 E3886.06599
G1 X96.098 Y138.961 E3886.08971
G1 X95.919 Y138.515 E3886.12168
G1 X95.764 Y138.291 E3886.1398
G1 X95.383 Y137.95 E3886.17382
G1 X95.095 Y137.8 E3886.19542
G1 X94.688 Y137.701 E3886.22328
G1 X94.296 Y137.7 E3886.24936
G1 X93.947 Y137.786 E3886.27327
G1 X93.515 Y138.018 E3886.30588
G1 X93.322 Y138.192 E3886.32317
G1 X93.023 Y138.616 E3886.35768
G1 X92.905 Y138.928 E3886.37987
G1 X92.856 Y139.333 E3886.40701
G1 X92.905 Y139.745 E3886.43461
G1 X93.022 Y140.049 E3886.45628
G1 X93.318 Y140.468 E3886.4904
G1 X93.518 Y140.646 E3886.50821
G1 X93.947 Y140.878 E3886.54065
G1 X94.29 Y140.964 E3886.56418
G1 X94.684 Y140.964 E3886.59039
G0 F12000 X94.734 Y141.364
G1 F1562.1 X95.248 Y141.234 E3886.62565
G1 X95.615 Y141.042 E3886.65321
G1 X96.066 Y140.64 E3886.69339
G1 X96.293 Y140.311 E3886.71998
G1 X96.488 Y139.803 E3886.75618
G1 X96.545 Y139.313 E3886.78899
G1 X96.489 Y138.863 E3886.81916
G1 X96.293 Y138.353 E3886.8555
G1 X96.066 Y138.024 E3886.88209
G1 X95.612 Y137.618 E3886.92261
G1 X95.233 Y137.421 E3886.95102
G1 X94.736 Y137.301 E3886.98503
G1 X94.247 Y137.3 E3887.01756
G1 X93.804 Y137.409 E3887.04791
G1 X93.28 Y137.691 E3887.08749
G1 X93.02 Y137.925 E3887.11076
G1 X92.667 Y138.428 E3887.15164
G1 X92.515 Y138.831 E3887.18029
G1 X92.453 Y139.333 E3887.21393
G1 X92.514 Y139.841 E3887.24797
G1 X92.666 Y140.239 E3887.27631
G1 X93.018 Y140.737 E3887.31688
G1 X93.282 Y140.971 E3887.34034
G1 X93.803 Y141.255 E3887.37982
G1 X94.24 Y141.364 E3887.40978
G1 X94.734 Y141.364 E3887.44264
G0 F12000 X94.783 Y141.764
;TYPE:WALL-OUTER
G1 F1562.1 X95.216 Y141.655 E3887.47234
G1 X95.454 Y141.578 E3887.48898
G1 X95.845 Y141.374 E3887.51831
G1 X96.368 Y140.906 E3887.565
G1 X96.651 Y140.496 E3887.59814
G1 X96.88 Y139.899 E3887.64067
G1 X96.948 Y139.314 E3887.67985
G1 X96.88 Y138.765 E3887.71665
G1 X96.651 Y138.168 E3887.75918
G1 X96.368 Y137.758 E3887.79232
G1 X95.841 Y137.286 E3887.83938
G1 X95.461 Y137.089 E3887.86786
G1 X95.212 Y137.005 E3887.88534
G1 X94.784 Y136.901 E3887.91464
G1 X94.197 Y136.9 E3887.95368
G1 X93.66 Y137.033 E3887.99048
G1 X93.046 Y137.364 E3888.03688
G1 X92.719 Y137.658 E3888.06614
G1 X92.311 Y138.239 E3888.11336
G1 X92.123 Y138.736 E3888.14871
G1 X92.05 Y139.333 E3888.18872
G1 X92.102 Y139.763 E3888.21753
G1 X92.157 Y140.027 E3888.23547
G1 X92.31 Y140.429 E3888.26408
G1 X92.718 Y141.005 E3888.31103
G1 X93.046 Y141.297 E3888.34025
G1 X93.265 Y141.424 E3888.35709
G1 X93.66 Y141.631 E3888.38675
G1 X94.191 Y141.764 E3888.42316
G1 X94.783 Y141.764 E3888.46254
G0 F12000 X94.7 Y141.056
G0 X94.584 Y140.463
G0 X94.591 Y140.199
;TYPE:SKIN
G1 F1562.1 X94.273 Y140.192 E3888.4837
G1 X93.921 Y140.002 E3888.51031
G1 X93.667 Y139.643 E3888.53956
G1 X93.622 Y139.332 E3888.56047
G1 X93.667 Y139.021 E3888.58137
G1 X93.921 Y138.662 E3888.61062
G1 X94.281 Y138.467 E3888.63786
G1 X94.6 Y138.461 E3888.65908
G1 X94.906 Y138.542 E3888.68014
G1 X95.231 Y138.83 E3888.70903
G1 X95.38 Y139.206 E3888.73593
G1 X95.351 Y139.525 E3888.75724
G1 X95.231 Y139.83 E3888.77904
G1 X94.91 Y140.114 E3888.80755
G1 X94.591 Y140.199 E3888.82951
G0 F12000 X94.706 Y139.961
G1 F1562.1 X93.856 Y139.111 E3888.90947
G0 F12000 X94.102 Y138.792
G1 F1562.1 X95.041 Y139.73 E3888.99776
G0 F12000 X95.172 Y139.295
G1 F1562.1 X94.539 Y138.662 E3889.05731
G0 F12000 X94.521 Y137.913
G1 F2700 E3884.05731
;MESH:bump_plate.obj
G0 F12000 X96.658 Y138.821
G0 X97.743 Y138.689
G0 X106.749 Y139.883
G0 X107.833 Y139.749
G0 X110 Y140.56
;TYPE:WALL-INNER
G1 F2700 E3889.05731
G1 F1562.1 X110.135 Y140.564 E3889.06629
G1 X110.488 Y140.468 E3889.09063
G1 X110.656 Y140.38 E3889.10324
G1 X110.962 Y140.106 E3889.13057
G1 X111.068 Y139.953 E3889.14295
G1 X111.205 Y139.611 E3889.16746
G1 X111.234 Y139.277 E3889.18976
G1 X111.207 Y139.059 E3889.20437
G1 X111.068 Y138.711 E3889.2293
G1 X110.962 Y138.557 E3889.24173
G1 X110.654 Y138.281 E3889.26924
G1 X110.49 Y138.196 E3889.28153
G1 X110.14 Y138.101 E3889.30566
G1 X109.8 Y138.111 E3889.32828
G1 X109.591 Y138.162 E3889.34259
G1 X109.249 Y138.345 E3889.3684
G1 X109.123 Y138.459 E3889.3797
G1 X108.879 Y138.805 E3889.40786
G1 X108.796 Y139.028 E3889.42369
G1 X108.759 Y139.334 E3889.44419
G1 X108.827 Y139.788 E3889.47473
G1 X109.118 Y140.2 E3889.50828
G1 X109.254 Y140.32 E3889.52035
G1 X109.59 Y140.502 E3889.54577
G1 X109.795 Y140.553 E3889.55982
G1 X110 Y140.56 E3889.57346
G0 F12000 X110 Y140.964
G1 F1562.1 X110.184 Y140.964 E3889.5857
G1 X110.607 Y140.857 E3889.61473
G1 X110.886 Y140.711 E3889.63568
G1 X111.264 Y140.373 E3889.66941
G1 X111.419 Y140.149 E3889.68753
G1 X111.597 Y139.707 E3889.71922
G1 X111.641 Y139.315 E3889.74546
G1 X111.598 Y138.961 E3889.76918
G1 X111.419 Y138.515 E3889.80115
G1 X111.264 Y138.291 E3889.81927
G1 X110.883 Y137.95 E3889.85329
G1 X110.595 Y137.8 E3889.87489
G1 X110.188 Y137.701 E3889.90275
G1 X109.796 Y137.7 E3889.92883
G1 X109.447 Y137.786 E3889.95274
G1 X109.015 Y138.018 E3889.98535
G1 X108.822 Y138.192 E3890.00264
G1 X108.523 Y138.616 E3890.03715
G1 X108.405 Y138.928 E3890.05934
G1 X108.356 Y139.333 E3890.08648
G1 X108.405 Y139.745 E3890.11408
G1 X108.522 Y140.049 E3890.13575
G1 X108.818 Y140.468 E3890.16987
G1 X109.018 Y140.646 E3890.18768
G1 X109.447 Y140.878 E3890.22012
G1 X109.79 Y140.964 E3890.24365
G1 X110 Y140.964 E3890.25762
G0 F12000 X110 Y141.364
G1 F1562.1 X110.234 Y141.364 E3890.27318
G1 X110.748 Y141.234 E3890.30845
G1 X111.115 Y141.042 E3890.336
G1 X111.566 Y140.64 E3890.37619
G1 X111.793 Y140.311 E3890.40278
G1 X111.988 Y139.803 E3890.43898
G1 X112.045 Y139.313 E3890.47179
G1 X111.989 Y138.863 E3890.50196
G1 X111.793 Y138.353 E3890.5383
G1 X111.566 Y138.024 E3890.56489
G1 X111.112 Y137.618 E3890.6054
G1 X110.733 Y137.421 E3890.63382
G1 X110.236 Y137.301 E3890.66783
G1 X109.747 Y137.3 E3890.70036
G1 X109.304 Y137.409 E3890.7307
G1 X108.78 Y137.691 E3890.77029
G1 X108.52 Y137.925 E3890.79356
G1 X108.167 Y138.428 E3890.83443
G1 X108.015 Y138.831 E3890.86308
G1 X107.953 Y139.333 E3890.89673
G1 X108.014 Y139.841 E3890.93077
G1 X108.166 Y140.239 E3890.95911
G1 X108.518 Y140.737 E3890.99967
G1 X108.782 Y140.971 E3891.02314
G1 X109.303 Y141.255 E3891.06261
G1 X109.74 Y141.364 E3891.09257
G1 X110 Y141.364 E3891.10987
G0 F12000 X110 Y141.764
;TYPE:WALL-OUTER
G1 F1562.1 X110.283 Y141.764 E3891.12869
G1 X110.716 Y141.655 E3891.15839
G1 X110.954 Y141.578 E3891.17503
G1 X111.345 Y141.374 E3891.20437
G1 X111.868 Y140.906 E3891.25106
G1 X112.151 Y140.496 E3891.28419
G1 X112.38 Y139.899 E3891.32673
G1 X112.448 Y139.314 E3891.36591
G1 X112.38 Y138.765 E3891.4027
G1 X112.151 Y138.168 E3891.44524
G1 X111.868 Y137.758 E3891.47838
G1 X111.341 Y137.286 E3891.52544
G1 X110.961 Y137.089 E3891.55391
G1 X110.712 Y137.005 E3891.57139
G1 X110.284 Y136.901 E3891.60069
G1 X109.697 Y136.9 E3891.63974
G1 X109.16 Y137.033 E3891.67654
G1 X108.546 Y137.364 E3891.72294
G1 X108.219 Y137.658 E3891.75219
G1 X107.811 Y138.239 E3891.79942
G1 X107.623 Y138.736 E3891.83476
G1 X107.55 Y139.333 E3891.87477
G1 X107.602 Y139.763 E3891.90358
G1 X107.657 Y140.027 E3891.92152
G1 X107.81 Y140.429 E3891.95013
G1 X108.218 Y141.005 E3891.99709
G1 X108.546 Y141.297 E3892.0263
G1 X108.765 Y141.424 E3892.04314
G1 X109.16 Y141.631 E3892.07281
G1 X109.691 Y141.764 E3892.10922
G1 X110 Y141.764 E3892.12977
G0 F12000 X110 Y141.055
G0 X109.993 Y140.46
G0 X110 Y140.197
;TYPE:SKIN
G1 F1562.1 X109.773 Y140.192 E3892.14488
G1 X109.421 Y140.002 E3892.17149
G1 X109.167 Y139.643 E3892.20074
G1 X109.122 Y139.332 E3892.22164
G1 X109.167 Y139.021 E3892.24255
G1 X109.421 Y138.662 E3892.2718
G1 X109.781 Y138.467 E3892.29903
G1 X110.1 Y138.461 E3892.32026
G1 X110.406 Y138.542 E3892.34131
G1 X110.731 Y138.83 E3892.3702
G1 X110.88 Y139.206 E3892.3971
G1 X110.851 Y139.525 E3892.41841
G1 X110.731 Y139.83 E3892.44021
G1 X110.41 Y140.114 E3892.46872
G1 X110.091 Y140.199 E3892.49069
G1 X110 Y140.197 E3892.49674
G0 F12000 X110.015 Y139.997
G1 F1562.1 X109.326 Y139.308 E3892.56156
G0 F12000 X109.492 Y138.908
G1 F1562.1 X110.421 Y139.837 E3892.64895
G0 F12000 X110.647 Y139.497
G1 F1562.1 X109.822 Y138.672 E3892.72656
G0 F12000 X109.47 Y138.012
G1 F2700 E3887.72656
G0 F12000 X109.849 Y137.132
G0 X109.847 Y136.038
G0 X109.853 Y49.63
G0 X109.853 Y48.536
G0 X110.135 Y47.564
;TYPE:WALL-INNER
G1 F2700 E3892.72656
G1 F1562.1 X110.488 Y47.468 E3892.7509
G1 X110.656 Y47.38 E3892.76351
G1 X110.962 Y47.106 E3892.79084
G1 X111.068 Y46.953 E3892.80322
G1 X111.205 Y46.611 E3892.82772
G1 X111.234 Y46.277 E3892.85003
G1 X111.207 Y46.059 E3892.86464
G1 X111.068 Y45.711 E3892.88957
G1 X110.962 Y45.557 E3892.902
G1 X110.654 Y45.281 E3892.92951
G1 X110.49 Y45.196 E3892.9418
G1 X110.14 Y45.101 E3892.96592
G1 X109.8 Y45.111 E3892.98855
G1 X109.591 Y45.162 E3893.00286
G1 X109.249 Y45.345 E3893.02866
G1 X109.123 Y45.459 E3893.03997
G1 X108.879 Y45.805 E3893.06813
G1 X108.796 Y46.028 E3893.08396
G1 X108.759 Y46.334 E3893.10446
G1 X108.827 Y46.788 E3893.135
G1 X109.118 Y47.2 E3893.16855
G1 X109.254 Y47.32 E3893.18062
G1 X109.59 Y47.502 E3893.20604
G1 X109.795 Y47.553 E3893.22009
G1 X110.135 Y47.564 E3893.24272
G0 F12000 X110 Y47.964
G1 F1562.1 X110.184 Y47.964 E3893.25496
G1 X110.607 Y47.857 E3893.28398
G1 X110.886 Y47.711 E3893.30493
G1 X111.264 Y47.373 E3893.33866
G1 X111.419 Y47.149 E3893.35678
G1 X111.597 Y46.707 E3893.38848
G1 X111.641 Y46.315 E3893.41472
G1 X111.598 Y45.961 E3893.43844
G1 X111.419 Y45.515 E3893.47041
G1 X111.264 Y45.291 E3893.48853
G1 X110.883 Y44.95 E3893.52254
G1 X110.595 Y44.8 E3893.54414
G1 X110.188 Y44.701 E3893.572
G1 X109.796 Y44.7 E3893.59808
G1 X109.447 Y44.786 E3893.62199
G1 X109.015 Y45.018 E3893.65461
G1 X108.822 Y45.192 E3893.67189
G1 X108.523 Y45.616 E3893.7064
G1 X108.405 Y45.928 E3893.72859
G1 X108.356 Y46.333 E3893.75573
G1 X108.405 Y46.745 E3893.78333
G1 X108.522 Y47.049 E3893.805
G1 X108.818 Y47.468 E3893.83912
G1 X109.018 Y47.646 E3893.85693
G1 X109.447 Y47.878 E3893.88938
G1 X109.79 Y47.964 E3893.9129
G1 X110 Y47.964 E3893.92687
G0 F12000 X110 Y48.364
G1 F1562.1 X110.234 Y48.364 E3893.94243
G1 X110.748 Y48.234 E3893.9777
G1 X111.115 Y48.042 E3894.00525
G1 X111.566 Y47.64 E3894.04544
G1 X111.793 Y47.311 E3894.07203
G1 X111.988 Y46.803 E3894.10823
G1 X112.045 Y46.313 E3894.14104
G1 X111.989 Y45.863 E3894.17121
G1 X111.793 Y45.353 E3894.20755
G1 X111.566 Y45.024 E3894.23414
G1 X111.112 Y44.618 E3894.27466
G1 X110.733 Y44.421 E3894.30307
G1 X110.236 Y44.301 E3894.33708
G1 X109.747 Y44.3 E3894.36961
G1 X109.304 Y44.409 E3894.39996
G1 X108.78 Y44.691 E3894.43954
G1 X108.52 Y44.925 E3894.46281
G1 X108.167 Y45.428 E3894.50369
G1 X108.015 Y45.831 E3894.53234
G1 X107.953 Y46.333 E3894.56598
G1 X108.014 Y46.841 E3894.60002
G1 X108.166 Y47.239 E3894.62836
G1 X108.518 Y47.737 E3894.66893
G1 X108.782 Y47.971 E3894.69239
G1 X109.303 Y48.255 E3894.73186
G1 X109.74 Y48.364 E3894.76182
G1 X110 Y48.364 E3894.77912
G0 F12000 X110 Y48.764
;TYPE:WALL-OUTER
G1 F1562.1 X110.283 Y48.764 E3894.79794
G1 X110.716 Y48.655 E3894.82765
G1 X110.954 Y48.578 E3894.84429
G1 X111.345 Y48.374 E3894.87362
G1 X111.868 Y47.906 E3894.92031
G1 X112.151 Y47.496 E3894.95345
G1 X112.38 Y46.899 E3894.99598
G1 X112.448 Y46.314 E3895.03516
G1 X112.38 Y45.765 E3895.07196
G1 X112.151 Y45.168 E3895.11449
G1 X111.868 Y44.758 E3895.14763
G1 X111.341 Y44.286 E3895.19469
G1 X110.961 Y44.089 E3895.22316
G1 X110.712 Y44.005 E3895.24064
G1 X110.284 Y43.901 E3895.26994
G1 X109.697 Y43.9 E3895.30899
G1 X109.16 Y44.033 E3895.34579
G1 X108.546 Y44.364 E3895.39219
G1 X108.219 Y44.658 E3895.42144
G1 X107.811 Y45.239 E3895.46867
G1 X107.623 Y45.736 E3895.50402
G1 X107.55 Y46.333 E3895.54402
G1 X107.602 Y46.763 E3895.57284
G1 X107.657 Y47.027 E3895.59077
G1 X107.81 Y47.429 E3895.61939
G1 X108.218 Y48.005 E3895.66634
G1 X108.546 Y48.297 E3895.69555
G1 X108.765 Y48.424 E3895.71239
G1 X109.16 Y48.631 E3895.74206
G1 X109.691 Y48.764 E3895.77847
G1 X110 Y48.764 E3895.79903
G0 F12000 X110 Y48.055
G0 X110.084 Y47.463
G0 X110.091 Y47.199
;TYPE:SKIN
G1 F1562.1 X109.773 Y47.192 E3895.82019
G1 X109.421 Y47.002 E3895.84679
G1 X109.167 Y46.643 E3895.87605
G1 X109.122 Y46.332 E3895.89695
G1 X109.167 Y46.021 E3895.91785
G1 X109.421 Y45.662 E3895.94711
G1 X109.781 Y45.467 E3895.97434
G1 X110.1 Y45.461 E3895.99557
G1 X110.406 Y45.542 E3896.01662
G1 X110.731 Y45.83 E3896.04551
G1 X110.88 Y46.206 E3896.07241
G1 X110.851 Y46.525 E3896.09372
G1 X110.731 Y46.83 E3896.11552
G1 X110.41 Y47.114 E3896.14403
G1 X110.091 Y47.199 E3896.16599
G0 F12000 X109.734 Y46.943
G1 F1562.1 X109.358 Y46.567 E3896.20136
G0 F12000 X109.397 Y46.04
G1 F1562.1 X110.295 Y46.938 E3896.28584
G0 F12000 X110.583 Y46.661
G1 F1562.1 X109.674 Y45.752 E3896.37136
G0 F12000 X110.176 Y45.688
G1 F1562.1 X110.646 Y46.158 E3896.41557
G0 F12000 X111.343 Y45.879
G1 F2700 E3891.41557
;MESH:NONMESH
G0 F300 Z5.4
G0 F12000 X110.508 Y45.366
G0 X110.12 Y45.262
G0 X109.802 Y45.27
G0 X107.783 Y46.332
G0 X106.697 Y46.466
G0 X97.801 Y46.446
G0 X96.706 Y46.443
G0 X94.645 Y47.458
G0 X94.634 Y47.412
;TIME_ELAPSED:2770.908337
;LAYER:13
;note -- min layer time used
;TYPE:WALL-INNER
;MESH:bump_plate.obj(1)
G1 F2700 E3896.41557
G1 F1375.1 X94.885 Y47.351 E3896.43275
G1 X95.117 Y47.228 E3896.45022
G1 X95.312 Y47.055 E3896.46756
G1 X95.466 Y46.833 E3896.48553
G1 X95.555 Y46.597 E3896.50231
G1 X95.588 Y46.332 E3896.52008
G1 X95.555 Y46.067 E3896.53784
G1 X95.466 Y45.831 E3896.55462
G1 X95.313 Y45.608 E3896.57261
G1 X95.117 Y45.436 E3896.58995
G1 X94.885 Y45.313 E3896.60742
G1 X94.634 Y45.252 E3896.6246
G1 X94.362 Y45.252 E3896.6427
G1 X94.112 Y45.313 E3896.65982
G1 X93.882 Y45.434 E3896.6771
G1 X93.689 Y45.606 E3896.6943
G1 X93.532 Y45.835 E3896.71277
G1 X93.442 Y46.068 E3896.72939
G1 X93.411 Y46.332 E3896.74707
G1 X93.442 Y46.596 E3896.76475
G1 X93.531 Y46.829 E3896.78134
G1 X93.689 Y47.058 E3896.79985
G1 X93.882 Y47.23 E3896.81704
G1 X94.111 Y47.351 E3896.83427
G1 X94.361 Y47.411 E3896.85138
G1 X94.634 Y47.412 E3896.86954
G0 F12000 X94.681 Y47.812
G1 F1375.1 X95.027 Y47.729 E3896.8932
G1 X95.346 Y47.56 E3896.91722
G1 X95.614 Y47.323 E3896.94102
G1 X95.823 Y47.02 E3896.9655
G1 X95.946 Y46.693 E3896.98874
G1 X95.991 Y46.332 E3897.01294
G1 X95.946 Y45.97 E3897.03721
G1 X95.823 Y45.644 E3897.06039
G1 X95.614 Y45.341 E3897.08487
G1 X95.346 Y45.104 E3897.10867
G1 X95.027 Y44.935 E3897.13268
G1 X94.681 Y44.852 E3897.15635
G1 X94.315 Y44.852 E3897.1807
G1 X93.969 Y44.935 E3897.20437
G1 X93.652 Y45.104 E3897.22826
G1 X93.387 Y45.339 E3897.25183
G1 X93.175 Y45.647 E3897.2767
G1 X93.051 Y45.971 E3897.29977
G1 X93.008 Y46.332 E3897.32396
G1 X93.051 Y46.693 E3897.34814
G1 X93.175 Y47.017 E3897.37122
G1 X93.387 Y47.325 E3897.39609
G1 X93.652 Y47.56 E3897.41965
G1 X93.969 Y47.728 E3897.44352
G1 X94.314 Y47.811 E3897.46712
G1 X94.681 Y47.812 E3897.49153
G0 F12000 X94.729 Y48.212
G1 F1375.1 X95.17 Y48.106 E3897.52171
G1 X95.576 Y47.891 E3897.55227
G1 X95.915 Y47.59 E3897.58242
G1 X96.18 Y47.207 E3897.6134
G1 X96.337 Y46.79 E3897.64304
G1 X96.395 Y46.332 E3897.67375
G1 X96.337 Y45.874 E3897.70446
G1 X96.18 Y45.457 E3897.7341
G1 X95.915 Y45.074 E3897.76508
G1 X95.576 Y44.773 E3897.79524
G1 X95.17 Y44.558 E3897.8258
G1 X94.729 Y44.452 E3897.85597
G1 X94.267 Y44.452 E3897.8867
G1 X93.826 Y44.558 E3897.91688
G1 X93.422 Y44.773 E3897.94732
G1 X93.085 Y45.072 E3897.97729
G1 X92.819 Y45.459 E3898.00852
G1 X92.66 Y45.874 E3898.03809
G1 X92.605 Y46.332 E3898.06877
G1 X92.659 Y46.79 E3898.09945
G1 X92.819 Y47.205 E3898.12904
G1 X93.085 Y47.592 E3898.16027
G1 X93.422 Y47.891 E3898.19024
G1 X93.826 Y48.106 E3898.22069
G1 X94.267 Y48.211 E3898.25084
G1 X94.729 Y48.212 E3898.28157
G0 F12000 X94.776 Y48.612
;TYPE:WALL-OUTER
G1 F1375.1 X95.312 Y48.483 E3898.31825
G1 X95.805 Y48.222 E3898.35535
G1 X96.217 Y47.858 E3898.39192
G1 X96.537 Y47.394 E3898.42942
G1 X96.728 Y46.887 E3898.46546
G1 X96.798 Y46.332 E3898.50267
G1 X96.728 Y45.777 E3898.53988
G1 X96.537 Y45.27 E3898.57592
G1 X96.217 Y44.806 E3898.61341
G1 X95.805 Y44.442 E3898.64998
G1 X95.312 Y44.181 E3898.68709
G1 X94.776 Y44.052 E3898.72376
G1 X94.22 Y44.052 E3898.76075
G1 X93.684 Y44.181 E3898.79742
G1 X93.192 Y44.442 E3898.83447
G1 X92.783 Y44.806 E3898.87089
G1 X92.463 Y45.271 E3898.90844
G1 X92.268 Y45.777 E3898.94451
G1 X92.202 Y46.332 E3898.98169
G1 X92.268 Y46.887 E3899.01887
G1 X92.463 Y47.393 E3899.05494
G1 X92.783 Y47.858 E3899.09249
G1 X93.192 Y48.222 E3899.12891
G1 X93.684 Y48.483 E3899.16596
G1 X94.22 Y48.611 E3899.20262
G1 X94.776 Y48.612 E3899.2396
G0 F12000 X94.691 Y47.906
G0 X94.478 Y47.296
G0 X94.561 Y46.589
;TYPE:SKIN
G1 F1104.5 X94.403 Y46.571 E3899.25277
G1 X94.303 Y46.501 E3899.26288
G1 X94.233 Y46.372 E3899.27504
G1 X94.233 Y46.285 E3899.28224
G1 X94.307 Y46.154 E3899.2947
G1 X94.427 Y46.068 E3899.30693
G1 X94.585 Y46.09 E3899.32014
G1 X94.721 Y46.178 E3899.33356
G1 X94.758 Y46.327 E3899.34627
G1 X94.721 Y46.477 E3899.35907
G1 X94.561 Y46.589 E3899.37524
G0 F12000 X94.599 Y47.049
G1 F1375.1 X94.242 Y47.007 E3899.39915
G1 X93.962 Y46.811 E3899.42189
G1 X93.791 Y46.499 E3899.44555
G1 X93.791 Y46.161 E3899.46804
G1 X93.962 Y45.849 E3899.49171
G1 X94.249 Y45.646 E3899.51509
G1 X94.393 Y45.612 E3899.52493
G1 X94.751 Y45.654 E3899.54891
G1 X95.048 Y45.856 E3899.5728
G1 X95.138 Y45.987 E3899.58337
G1 X95.221 Y46.331 E3899.60691
G1 X95.138 Y46.671 E3899.6302
G1 X95.044 Y46.803 E3899.64097
G1 X94.744 Y47.014 E3899.66537
G1 X94.599 Y47.049 E3899.6753
G0 F12000 X94.534 Y47.605
G1 F2700 E3894.6753
G0 F12000 X94.634 Y48.385
G0 X94.634 Y49.48
G0 X94.634 Y136.187
G0 X94.634 Y137.282
G0 X95.324 Y138.908
G0 X95.427 Y139.332
G0 X95.323 Y139.756
G0 X94.634 Y140.412
;TYPE:WALL-INNER
G1 F2700 E3899.6753
G1 F1375.1 X94.885 Y140.351 E3899.69248
G1 X95.117 Y140.228 E3899.70995
G1 X95.312 Y140.055 E3899.72729
G1 X95.466 Y139.833 E3899.74526
G1 X95.555 Y139.597 E3899.76204
G1 X95.588 Y139.332 E3899.7798
G1 X95.555 Y139.067 E3899.79756
G1 X95.466 Y138.831 E3899.81434
G1 X95.313 Y138.608 E3899.83233
G1 X95.117 Y138.436 E3899.84968
G1 X94.885 Y138.313 E3899.86715
G1 X94.634 Y138.252 E3899.88433
G1 X94.362 Y138.252 E3899.90242
G1 X94.112 Y138.313 E3899.91954
G1 X93.882 Y138.434 E3899.93683
G1 X93.689 Y138.606 E3899.95402
G1 X93.532 Y138.835 E3899.97249
G1 X93.442 Y139.068 E3899.98911
G1 X93.411 Y139.332 E3900.00679
G1 X93.442 Y139.596 E3900.02447
G1 X93.531 Y139.829 E3900.04107
G1 X93.689 Y140.058 E3900.05957
G1 X93.882 Y140.23 E3900.07677
G1 X94.111 Y140.351 E3900.094
G1 X94.361 Y140.411 E3900.1111
G1 X94.634 Y140.412 E3900.12926
G0 F12000 X94.681 Y140.812
G1 F1375.1 X95.027 Y140.729 E3900.15293
G1 X95.346 Y140.56 E3900.17694
G1 X95.614 Y140.323 E3900.20074
G1 X95.823 Y140.02 E3900.22523
G1 X95.946 Y139.693 E3900.24847
G1 X95.991 Y139.332 E3900.27267
G1 X95.946 Y138.97 E3900.29693
G1 X95.823 Y138.644 E3900.32011
G1 X95.614 Y138.341 E3900.3446
G1 X95.346 Y138.104 E3900.36839
G1 X95.027 Y137.935 E3900.39241
G1 X94.681 Y137.852 E3900.41608
G1 X94.315 Y137.852 E3900.44042
G1 X93.969 Y137.935 E3900.46409
G1 X93.652 Y138.104 E3900.48799
G1 X93.387 Y138.339 E3900.51155
G1 X93.175 Y138.647 E3900.53642
G1 X93.051 Y138.971 E3900.5595
G1 X93.008 Y139.332 E3900.58368
G1 X93.051 Y139.693 E3900.60787
G1 X93.175 Y140.017 E3900.63094
G1 X93.387 Y140.325 E3900.65582
G1 X93.652 Y140.56 E3900.67938
G1 X93.969 Y140.728 E3900.70324
G1 X94.314 Y140.811 E3900.72685
G1 X94.681 Y140.812 E3900.75126
G0 F12000 X94.729 Y141.212
G1 F1375.1 X95.17 Y141.106 E3900.78143
G1 X95.576 Y140.891 E3900.81199
G1 X95.915 Y140.59 E3900.84215
G1 X96.18 Y140.207 E3900.87313
G1 X96.337 Y139.79 E3900.90277
G1 X96.395 Y139.332 E3900.93348
G1 X96.337 Y138.874 E3900.96419
G1 X96.18 Y138.457 E3900.99383
G1 X95.915 Y138.074 E3901.02481
G1 X95.576 Y137.773 E3901.05496
G1 X95.17 Y137.558 E3901.08553
G1 X94.729 Y137.452 E3901.1157
G1 X94.267 Y137.452 E3901.14643
G1 X93.826 Y137.558 E3901.1766
G1 X93.422 Y137.773 E3901.20704
G1 X93.085 Y138.072 E3901.23701
G1 X92.819 Y138.459 E3901.26825
G1 X92.66 Y138.874 E3901.29781
G1 X92.605 Y139.332 E3901.3285
G1 X92.659 Y139.79 E3901.35917
G1 X92.819 Y140.205 E3901.38876
G1 X93.085 Y140.592 E3901.42
G1 X93.422 Y140.891 E3901.44997
G1 X93.826 Y141.106 E3901.48041
G1 X94.267 Y141.211 E3901.51057
G1 X94.729 Y141.212 E3901.5413
G0 F12000 X94.776 Y141.612
;TYPE:WALL-OUTER
G1 F1375.1 X95.312 Y141.483 E3901.57797
G1 X95.805 Y141.222 E3901.61508
G1 X96.217 Y140.858 E3901.65165
G1 X96.537 Y140.394 E3901.68914
G1 X96.728 Y139.887 E3901.72518
G1 X96.798 Y139.332 E3901.76239
G1 X96.728 Y138.777 E3901.7996
G1 X96.537 Y138.27 E3901.83564
G1 X96.217 Y137.806 E3901.87314
G1 X95.805 Y137.442 E3901.90971
G1 X95.312 Y137.181 E3901.94682
G1 X94.776 Y137.052 E3901.98349
G1 X94.22 Y137.052 E3902.02047
G1 X93.684 Y137.181 E3902.05715
G1 X93.192 Y137.442 E3902.09419
G1 X92.783 Y137.806 E3902.13062
G1 X92.463 Y138.271 E3902.16816
G1 X92.268 Y138.777 E3902.20424
G1 X92.202 Y139.332 E3902.24142
G1 X92.268 Y139.887 E3902.27859
G1 X92.463 Y140.393 E3902.31467
G1 X92.783 Y140.858 E3902.35221
G1 X93.192 Y141.222 E3902.38864
G1 X93.684 Y141.483 E3902.42568
G1 X94.22 Y141.611 E3902.46234
G1 X94.776 Y141.612 E3902.49933
G0 F12000 X94.691 Y140.906
G0 X94.478 Y140.296
G0 X94.561 Y139.589
;TYPE:SKIN
G1 F1104.5 X94.403 Y139.571 E3902.5125
G1 X94.303 Y139.501 E3902.52261
G1 X94.233 Y139.372 E3902.53476
G1 X94.233 Y139.285 E3902.54197
G1 X94.307 Y139.154 E3902.55443
G1 X94.427 Y139.068 E3902.56665
G1 X94.585 Y139.09 E3902.57986
G1 X94.721 Y139.178 E3902.59328
G1 X94.758 Y139.327 E3902.60599
G1 X94.721 Y139.477 E3902.61879
G1 X94.561 Y139.589 E3902.63496
G0 F12000 X94.599 Y140.049
G1 F1375.1 X94.242 Y140.007 E3902.65888
G1 X93.962 Y139.811 E3902.68161
G1 X93.791 Y139.499 E3902.70528
G1 X93.791 Y139.161 E3902.72776
G1 X93.962 Y138.849 E3902.75143
G1 X94.249 Y138.646 E3902.77481
G1 X94.393 Y138.612 E3902.78466
G1 X94.751 Y138.654 E3902.80863
G1 X95.048 Y138.856 E3902.83253
G1 X95.138 Y138.987 E3902.8431
G1 X95.221 Y139.331 E3902.86664
G1 X95.138 Y139.671 E3902.88992
G1 X95.044 Y139.803 E3902.9007
G1 X94.744 Y140.014 E3902.9251
G1 X94.599 Y140.049 E3902.93502
G0 F12000 X94.534 Y140.605
G1 F2700 E3897.93502
;MESH:bump_plate.obj
G0 F12000 X96.331 Y140.293
G0 X97.356 Y140.679
G0 X106.847 Y139.466
G0 X107.933 Y139.333
G0 X110 Y140.412
;TYPE:WALL-INNER
G1 F2700 E3902.93502
G1 F1375.1 X110.134 Y140.412 E3902.94393
G1 X110.385 Y140.351 E3902.96112
G1 X110.617 Y140.228 E3902.97858
G1 X110.812 Y140.055 E3902.99592
G1 X110.966 Y139.833 E3903.0139
G1 X111.055 Y139.597 E3903.03067
G1 X111.088 Y139.332 E3903.04844
G1 X111.055 Y139.067 E3903.0662
G1 X110.966 Y138.831 E3903.08298
G1 X110.813 Y138.608 E3903.10097
G1 X110.617 Y138.436 E3903.11832
G1 X110.385 Y138.313 E3903.13578
G1 X110.134 Y138.252 E3903.15297
G1 X109.862 Y138.252 E3903.17106
G1 X109.612 Y138.313 E3903.18818
G1 X109.382 Y138.434 E3903.20547
G1 X109.189 Y138.606 E3903.22266
G1 X109.032 Y138.835 E3903.24113
G1 X108.942 Y139.068 E3903.25775
G1 X108.911 Y139.332 E3903.27543
G1 X108.942 Y139.596 E3903.29311
G1 X109.031 Y139.829 E3903.3097
G1 X109.189 Y140.058 E3903.32821
G1 X109.382 Y140.23 E3903.34541
G1 X109.611 Y140.351 E3903.36264
G1 X109.861 Y140.411 E3903.37974
G1 X110 Y140.412 E3903.38898
G0 F12000 X110 Y140.812
G1 F1375.1 X110.181 Y140.812 E3903.40103
G1 X110.527 Y140.729 E3903.42469
G1 X110.846 Y140.56 E3903.44871
G1 X111.114 Y140.323 E3903.47251
G1 X111.323 Y140.02 E3903.49699
G1 X111.446 Y139.693 E3903.52023
G1 X111.491 Y139.332 E3903.54443
G1 X111.446 Y138.97 E3903.5687
G1 X111.323 Y138.644 E3903.59187
G1 X111.114 Y138.341 E3903.61636
G1 X110.846 Y138.104 E3903.64016
G1 X110.527 Y137.935 E3903.66417
G1 X110.181 Y137.852 E3903.68784
G1 X109.815 Y137.852 E3903.71219
G1 X109.469 Y137.935 E3903.73586
G1 X109.152 Y138.104 E3903.75975
G1 X108.887 Y138.339 E3903.78331
G1 X108.675 Y138.647 E3903.80819
G1 X108.551 Y138.971 E3903.83126
G1 X108.508 Y139.332 E3903.85545
G1 X108.551 Y139.693 E3903.87963
G1 X108.675 Y140.017 E3903.90271
G1 X108.887 Y140.325 E3903.92758
G1 X109.152 Y140.56 E3903.95114
G1 X109.469 Y140.728 E3903.97501
G1 X109.814 Y140.811 E3903.99861
G1 X110 Y140.812 E3904.01098
G0 F12000 X110 Y141.211
G1 F1375.1 X110.229 Y141.212 E3904.02622
G1 X110.67 Y141.106 E3904.05639
G1 X111.076 Y140.891 E3904.08695
G1 X111.415 Y140.59 E3904.1171
G1 X111.68 Y140.207 E3904.14809
G1 X111.837 Y139.79 E3904.17773
G1 X111.895 Y139.332 E3904.20844
G1 X111.837 Y138.874 E3904.23915
G1 X111.68 Y138.457 E3904.26879
G1 X111.415 Y138.074 E3904.29977
G1 X111.076 Y137.773 E3904.32992
G1 X110.67 Y137.558 E3904.36048
G1 X110.229 Y137.452 E3904.39065
G1 X109.767 Y137.452 E3904.42139
G1 X109.326 Y137.558 E3904.45156
G1 X108.922 Y137.773 E3904.482
G1 X108.585 Y138.072 E3904.51197
G1 X108.319 Y138.459 E3904.54321
G1 X108.16 Y138.874 E3904.57277
G1 X108.105 Y139.332 E3904.60345
G1 X108.159 Y139.79 E3904.63413
G1 X108.319 Y140.205 E3904.66372
G1 X108.585 Y140.592 E3904.69496
G1 X108.922 Y140.891 E3904.72493
G1 X109.326 Y141.106 E3904.75537
G1 X109.767 Y141.211 E3904.78552
G1 X110 Y141.211 E3904.80102
G0 F12000 X110 Y141.612
;TYPE:WALL-OUTER
G1 F1375.1 X110.276 Y141.612 E3904.81938
G1 X110.812 Y141.483 E3904.85606
G1 X111.305 Y141.222 E3904.89316
G1 X111.717 Y140.858 E3904.92973
G1 X112.037 Y140.394 E3904.96723
G1 X112.228 Y139.887 E3905.00327
G1 X112.298 Y139.332 E3905.04048
G1 X112.228 Y138.777 E3905.07769
G1 X112.037 Y138.27 E3905.11373
G1 X111.717 Y137.806 E3905.15122
G1 X111.305 Y137.442 E3905.18779
G1 X110.812 Y137.181 E3905.2249
G1 X110.276 Y137.052 E3905.26157
G1 X109.72 Y137.052 E3905.29856
G1 X109.184 Y137.181 E3905.33523
G1 X108.692 Y137.442 E3905.37228
G1 X108.283 Y137.806 E3905.4087
G1 X107.963 Y138.271 E3905.44625
G1 X107.768 Y138.777 E3905.48232
G1 X107.702 Y139.332 E3905.5195
G1 X107.768 Y139.887 E3905.55668
G1 X107.963 Y140.393 E3905.59275
G1 X108.283 Y140.858 E3905.6303
G1 X108.692 Y141.222 E3905.66672
G1 X109.184 Y141.483 E3905.70377
G1 X109.72 Y141.611 E3905.74043
G1 X110 Y141.612 E3905.75905
G0 F12000 X110 Y140.905
G0 X109.917 Y140.289
G0 X110 Y139.582
;TYPE:SKIN
G1 F1104.5 X109.903 Y139.571 E3905.76714
G1 X109.803 Y139.501 E3905.77725
G1 X109.733 Y139.372 E3905.7894
G1 X109.733 Y139.285 E3905.79661
G1 X109.807 Y139.154 E3905.80907
G1 X109.927 Y139.068 E3905.82129
G1 X110.085 Y139.09 E3905.8345
G1 X110.221 Y139.178 E3905.84792
G1 X110.258 Y139.327 E3905.86063
G1 X110.221 Y139.477 E3905.87343
G1 X110.061 Y139.589 E3905.8896
G1 X110 Y139.582 E3905.89469
G0 F12000 X110 Y140.037
G1 F1375.1 X109.742 Y140.007 E3905.91197
G1 X109.462 Y139.811 E3905.9347
G1 X109.291 Y139.499 E3905.95837
G1 X109.291 Y139.161 E3905.98085
G1 X109.462 Y138.849 E3906.00452
G1 X109.749 Y138.646 E3906.0279
G1 X109.893 Y138.612 E3906.03775
G1 X110.251 Y138.654 E3906.06172
G1 X110.548 Y138.856 E3906.08562
G1 X110.638 Y138.987 E3906.09619
G1 X110.721 Y139.331 E3906.11973
G1 X110.638 Y139.671 E3906.14301
G1 X110.544 Y139.803 E3906.15379
G1 X110.244 Y140.014 E3906.17819
G1 X110.099 Y140.049 E3906.18811
G1 X110 Y140.037 E3906.19474
G0 F12000 X109.935 Y140.593
G1 F2700 E3901.19474
G0 F12000 X110.69 Y139.949
G0 X110.927 Y139.332
G0 X110.134 Y137.282
G0 X110.134 Y136.187
G0 X110.134 Y49.48
G0 X110.134 Y48.385
G0 X110.134 Y47.412
;TYPE:WALL-INNER
G1 F2700 E3906.19474
G1 F1375.1 X110.385 Y47.351 E3906.21193
G1 X110.617 Y47.228 E3906.22939
G1 X110.812 Y47.055 E3906.24673
G1 X110.966 Y46.833 E3906.26471
G1 X111.055 Y46.597 E3906.28149
G1 X111.088 Y46.332 E3906.29925
G1 X111.055 Y46.067 E3906.31701
G1 X110.966 Y45.831 E3906.33379
G1 X110.813 Y45.608 E3906.35178
G1 X110.617 Y45.436 E3906.36913
G1 X110.385 Y45.313 E3906.3866
G1 X110.134 Y45.252 E3906.40378
G1 X109.862 Y45.252 E3906.42187
G1 X109.612 Y45.313 E3906.43899
G1 X109.382 Y45.434 E3906.45628
G1 X109.189 Y45.606 E3906.47347
G1 X109.032 Y45.835 E3906.49194
G1 X108.942 Y46.068 E3906.50856
G1 X108.911 Y46.332 E3906.52624
G1 X108.942 Y46.596 E3906.54392
G1 X109.031 Y46.829 E3906.56051
G1 X109.189 Y47.058 E3906.57902
G1 X109.382 Y47.23 E3906.59622
G1 X109.611 Y47.351 E3906.61345
G1 X109.861 Y47.411 E3906.63055
G1 X110.134 Y47.412 E3906.64871
G0 F12000 X110.181 Y47.812
G1 F1375.1 X110.527 Y47.729 E3906.67238
G1 X110.846 Y47.56 E3906.69639
G1 X111.114 Y47.323 E3906.72019
G1 X111.323 Y47.02 E3906.74468
G1 X111.446 Y46.693 E3906.76792
G1 X111.491 Y46.332 E3906.79212
G1 X111.446 Y45.97 E3906.81638
G1 X111.323 Y45.644 E3906.83956
G1 X111.114 Y45.341 E3906.86404
G1 X110.846 Y45.104 E3906.88784
G1 X110.527 Y44.935 E3906.91186
G1 X110.181 Y44.852 E3906.93553
G1 X109.815 Y44.852 E3906.95987
G1 X109.469 Y44.935 E3906.98354
G1 X109.152 Y45.104 E3907.00744
G1 X108.887 Y45.339 E3907.031
G1 X108.675 Y45.647 E3907.05587
G1 X108.551 Y45.971 E3907.07895
G1 X108.508 Y46.332 E3907.10313
G1 X108.551 Y46.693 E3907.12732
G1 X108.675 Y47.017 E3907.15039
G1 X108.887 Y47.325 E3907.17527
G1 X109.152 Y47.56 E3907.19883
G1 X109.469 Y47.728 E3907.22269
G1 X109.814 Y47.811 E3907.2463
G1 X110.181 Y47.812 E3907.27071
G0 F12000 X110.229 Y48.212
G1 F1375.1 X110.67 Y48.106 E3907.30088
G1 X111.076 Y47.891 E3907.33144
G1 X111.415 Y47.59 E3907.3616
G1 X111.68 Y47.207 E3907.39258
G1 X111.837 Y46.79 E3907.42222
G1 X111.895 Y46.332 E3907.45293
G1 X111.837 Y45.874 E3907.48364
G1 X111.68 Y45.457 E3907.51328
G1 X111.415 Y45.074 E3907.54426
G1 X111.076 Y44.773 E3907.57441
G1 X110.67 Y44.558 E3907.60497
G1 X110.229 Y44.452 E3907.63515
G1 X109.767 Y44.452 E3907.66588
G1 X109.326 Y44.558 E3907.69605
G1 X108.922 Y44.773 E3907.72649
G1 X108.585 Y45.072 E3907.75646
G1 X108.319 Y45.459 E3907.7877
G1 X108.16 Y45.874 E3907.81726
G1 X108.105 Y46.332 E3907.84795
G1 X108.159 Y46.79 E3907.87862
G1 X108.319 Y47.205 E3907.90821
G1 X108.585 Y47.592 E3907.93945
G1 X108.922 Y47.891 E3907.96942
G1 X109.326 Y48.106 E3907.99986
G1 X109.767 Y48.211 E3908.03002
G1 X110.229 Y48.212 E3908.06075
G0 F12000 X110.276 Y48.612
;TYPE:WALL-OUTER
G1 F1375.1 X110.812 Y48.483 E3908.09742
G1 X111.305 Y48.222 E3908.13453
G1 X111.717 Y47.858 E3908.1711
G1 X112.037 Y47.394 E3908.20859
G1 X112.228 Y46.887 E3908.24463
G1 X112.298 Y46.332 E3908.28184
G1 X112.228 Y45.777 E3908.31905
G1 X112.037 Y45.27 E3908.35509
G1 X111.717 Y44.806 E3908.39259
G1 X111.305 Y44.442 E3908.42916
G1 X110.812 Y44.181 E3908.46626
G1 X110.276 Y44.052 E3908.50294
G1 X109.72 Y44.052 E3908.53992
G1 X109.184 Y44.181 E3908.5766
G1 X108.692 Y44.442 E3908.61364
G1 X108.283 Y44.806 E3908.65006
G1 X107.963 Y45.271 E3908.68761
G1 X107.768 Y45.777 E3908.72369
G1 X107.702 Y46.332 E3908.76086
G1 X107.768 Y46.887 E3908.79804
G1 X107.963 Y47.393 E3908.83412
G1 X108.283 Y47.858 E3908.87166
G1 X108.692 Y48.222 E3908.90809
G1 X109.184 Y48.483 E3908.94513
G1 X109.72 Y48.611 E3908.98179
G1 X110.276 Y48.612 E3909.01878
G0 F12000 X110.191 Y47.906
G0 X109.978 Y47.296
G0 X110.061 Y46.589
;TYPE:SKIN
G1 F1104.5 X109.903 Y46.571 E3909.03195
G1 X109.803 Y46.501 E3909.04205
G1 X109.733 Y46.372 E3909.05421
G1 X109.733 Y46.285 E3909.06142
G1 X109.807 Y46.154 E3909.07388
G1 X109.927 Y46.068 E3909.0861
G1 X110.085 Y46.09 E3909.09931
G1 X110.221 Y46.178 E3909.11273
G1 X110.258 Y46.327 E3909.12544
G1 X110.221 Y46.477 E3909.13824
G1 X110.061 Y46.589 E3909.15441
G0 F12000 X110.099 Y47.049
G1 F1375.1 X109.742 Y47.007 E3909.17833
G1 X109.462 Y46.811 E3909.20106
G1 X109.291 Y46.499 E3909.22473
G1 X109.291 Y46.161 E3909.24721
G1 X109.462 Y45.849 E3909.27088
G1 X109.749 Y45.646 E3909.29426
G1 X109.893 Y45.612 E3909.30411
G1 X110.251 Y45.654 E3909.32808
G1 X110.548 Y45.856 E3909.35198
G1 X110.638 Y45.987 E3909.36255
G1 X110.721 Y46.331 E3909.38609
G1 X110.638 Y46.671 E3909.40937
G1 X110.544 Y46.803 E3909.42015
G1 X110.244 Y47.014 E3909.44455
G1 X110.099 Y47.049 E3909.45447
G0 F12000 X110.034 Y47.605
G1 F2700 E3904.45447
;MESH:NONMESH
G0 F300 Z5.8
G0 F12000 X108.169 Y47.293
G0 X107.145 Y47.68
G0 X97.654 Y46.465
G0 X96.567 Y46.333
G0 X94.634 Y47.412
;TIME_ELAPSED:2785.839611
;LAYER:14
;note -- min layer time used
;TYPE:WALL-INNER
;MESH:bump_plate.obj(1)
G1 F2700 E3909.45447
G1 F1391.1 X94.885 Y47.351 E3909.47165
G1 X95.117 Y47.228 E3909.48912
G1 X95.312 Y47.055 E3909.50646
G1 X95.466 Y46.833 E3909.52443
G1 X95.555 Y46.597 E3909.54121
G1 X95.588 Y46.332 E3909.55897
G1 X95.555 Y46.067 E3909.57674
G1 X95.466 Y45.831 E3909.59352
G1 X95.313 Y45.608 E3909.61151
G1 X95.117 Y45.436 E3909.62885
G1 X94.885 Y45.313 E3909.64632
G1 X94.634 Y45.252 E3909.6635
G1 X94.362 Y45.252 E3909.6816
G1 X94.112 Y45.313 E3909.69871
G1 X93.882 Y45.434 E3909.716
G1 X93.689 Y45.606 E3909.7332
G1 X93.532 Y45.835 E3909.75167
G1 X93.442 Y46.068 E3909.76828
G1 X93.411 Y46.332 E3909.78597
G1 X93.442 Y46.596 E3909.80365
G1 X93.531 Y46.829 E3909.82024
G1 X93.689 Y47.058 E3909.83875
G1 X93.882 Y47.23 E3909.85594
G1 X94.111 Y47.351 E3909.87317
G1 X94.361 Y47.411 E3909.89027
G1 X94.634 Y47.412 E3909.90843
G0 F12000 X94.681 Y47.812
G1 F1391.1 X95.027 Y47.729 E3909.9321
G1 X95.346 Y47.56 E3909.95612
G1 X95.614 Y47.323 E3909.97992
G1 X95.823 Y47.02 E3910.0044
G1 X95.946 Y46.693 E3910.02764
G1 X95.991 Y46.332 E3910.05184
G1 X95.946 Y45.97 E3910.07611
G1 X95.823 Y45.644 E3910.09928
G1 X95.614 Y45.341 E3910.12377
G1 X95.346 Y45.104 E3910.14757
G1 X95.027 Y44.935 E3910.17158
G1 X94.681 Y44.852 E3910.19525
G1 X94.315 Y44.852 E3910.2196
G1 X93.969 Y44.935 E3910.24327
G1 X93.652 Y45.104 E3910.26716
G1 X93.387 Y45.339 E3910.29072
G1 X93.175 Y45.647 E3910.3156
G1 X93.051 Y45.971 E3910.33867
G1 X93.008 Y46.332 E3910.36286
G1 X93.051 Y46.693 E3910.38704
G1 X93.175 Y47.017 E3910.41012
G1 X93.387 Y47.325 E3910.43499
G1 X93.652 Y47.56 E3910.45855
G1 X93.969 Y47.728 E3910.48242
G1 X94.314 Y47.811 E3910.50602
G1 X94.681 Y47.812 E3910.53043
G0 F12000 X94.729 Y48.212
G1 F1391.1 X95.17 Y48.106 E3910.5606
G1 X95.576 Y47.891 E3910.59116
G1 X95.915 Y47.59 E3910.62132
G1 X96.18 Y47.207 E3910.6523
G1 X96.337 Y46.79 E3910.68194
G1 X96.395 Y46.332 E3910.71265
G1 X96.337 Y45.874 E3910.74336
G1 X96.18 Y45.457 E3910.773
G1 X95.915 Y45.074 E3910.80398
G1 X95.576 Y44.773 E3910.83414
G1 X95.17 Y44.558 E3910.8647
G1 X94.729 Y44.452 E3910.89487
G1 X94.267 Y44.452 E3910.9256
G1 X93.826 Y44.558 E3910.95577
G1 X93.422 Y44.773 E3910.98622
G1 X93.085 Y45.072 E3911.01618
G1 X92.819 Y45.459 E3911.04742
G1 X92.66 Y45.874 E3911.07699
G1 X92.605 Y46.332 E3911.10767
G1 X92.659 Y46.79 E3911.13835
G1 X92.819 Y47.205 E3911.16793
G1 X93.085 Y47.592 E3911.19917
G1 X93.422 Y47.891 E3911.22914
G1 X93.826 Y48.106 E3911.25958
G1 X94.267 Y48.211 E3911.28974
G1 X94.729 Y48.212 E3911.32047
G0 F12000 X94.776 Y48.612
;TYPE:WALL-OUTER
G1 F1391.1 X95.312 Y48.483 E3911.35715
G1 X95.805 Y48.222 E3911.39425
G1 X96.217 Y47.858 E3911.43082
G1 X96.537 Y47.394 E3911.46832
G1 X96.728 Y46.887 E3911.50436
G1 X96.798 Y46.332 E3911.54157
G1 X96.728 Y45.777 E3911.57878
G1 X96.537 Y45.27 E3911.61482
G1 X96.217 Y44.806 E3911.65231
G1 X95.805 Y44.442 E3911.68888
G1 X95.312 Y44.181 E3911.72599
G1 X94.776 Y44.052 E3911.76266
G1 X94.22 Y44.052 E3911.79965
G1 X93.684 Y44.181 E3911.83632
G1 X93.192 Y44.442 E3911.87337
G1 X92.783 Y44.806 E3911.90979
G1 X92.463 Y45.271 E3911.94734
G1 X92.268 Y45.777 E3911.98341
G1 X92.202 Y46.332 E3912.02059
G1 X92.268 Y46.887 E3912.05777
G1 X92.463 Y47.393 E3912.09384
G1 X92.783 Y47.858 E3912.13139
G1 X93.192 Y48.222 E3912.16781
G1 X93.684 Y48.483 E3912.20486
G1 X94.22 Y48.611 E3912.24151
G1 X94.776 Y48.612 E3912.2785
G0 F12000 X94.691 Y47.906
G0 X94.569 Y47.307
G0 X94.599 Y47.049
;TYPE:SKIN
G1 F1391.1 X94.242 Y47.007 E3912.30241
G1 X93.962 Y46.811 E3912.32515
G1 X93.791 Y46.499 E3912.34881
G1 X93.791 Y46.161 E3912.3713
G1 X93.962 Y45.849 E3912.39497
G1 X94.249 Y45.646 E3912.41835
G1 X94.393 Y45.612 E3912.42819
G1 X94.751 Y45.654 E3912.45217
G1 X95.048 Y45.856 E3912.47606
G1 X95.138 Y45.987 E3912.48664
G1 X95.221 Y46.331 E3912.51017
G1 X95.138 Y46.671 E3912.53346
G1 X95.044 Y46.803 E3912.54424
G1 X94.744 Y47.014 E3912.56863
G1 X94.599 Y47.049 E3912.57856
G0 F12000 X94.021 Y46.504
G1 F1391.1 X94.334 Y46.816 E3912.60795
G0 F12000 X94.807 Y46.724
G1 F1391.1 X94.099 Y46.016 E3912.67456
G0 F12000 X94.472 Y45.823
G1 F1391.1 X95.009 Y46.36 E3912.72508
G0 F12000 X95.747 Y46.541
G1 F2700 E3907.72508
G0 F12000 X95.234 Y48.266
G0 X95.495 Y49.328
G0 X94.749 Y136.187
G0 X94.749 Y137.281
G0 X95.427 Y139.332
G0 X95.323 Y139.756
G0 X94.634 Y140.412
;TYPE:WALL-INNER
G1 F2700 E3912.72508
G1 F1391.1 X94.885 Y140.351 E3912.74226
G1 X95.117 Y140.228 E3912.75973
G1 X95.312 Y140.055 E3912.77707
G1 X95.466 Y139.833 E3912.79504
G1 X95.555 Y139.597 E3912.81182
G1 X95.588 Y139.332 E3912.82958
G1 X95.555 Y139.067 E3912.84735
G1 X95.466 Y138.831 E3912.86412
G1 X95.313 Y138.608 E3912.88211
G1 X95.117 Y138.436 E3912.89946
G1 X94.885 Y138.313 E3912.91693
G1 X94.634 Y138.252 E3912.93411
G1 X94.362 Y138.252 E3912.9522
G1 X94.112 Y138.313 E3912.96932
G1 X93.882 Y138.434 E3912.98661
G1 X93.689 Y138.606 E3913.00381
G1 X93.532 Y138.835 E3913.02227
G1 X93.442 Y139.068 E3913.03889
G1 X93.411 Y139.332 E3913.05657
G1 X93.442 Y139.596 E3913.07425
G1 X93.531 Y139.829 E3913.09085
G1 X93.689 Y140.058 E3913.10935
G1 X93.882 Y140.23 E3913.12655
G1 X94.111 Y140.351 E3913.14378
G1 X94.361 Y140.411 E3913.16088
G1 X94.634 Y140.412 E3913.17904
G0 F12000 X94.681 Y140.812
G1 F1391.1 X95.027 Y140.729 E3913.20271
G1 X95.346 Y140.56 E3913.22672
G1 X95.614 Y140.323 E3913.25052
G1 X95.823 Y140.02 E3913.27501
G1 X95.946 Y139.693 E3913.29825
G1 X95.991 Y139.332 E3913.32245
G1 X95.946 Y138.97 E3913.34671
G1 X95.823 Y138.644 E3913.36989
G1 X95.614 Y138.341 E3913.39438
G1 X95.346 Y138.104 E3913.41817
G1 X95.027 Y137.935 E3913.44219
G1 X94.681 Y137.852 E3913.46586
G1 X94.315 Y137.852 E3913.4902
G1 X93.969 Y137.935 E3913.51387
G1 X93.652 Y138.104 E3913.53777
G1 X93.387 Y138.339 E3913.56133
G1 X93.175 Y138.647 E3913.5862
G1 X93.051 Y138.971 E3913.60928
G1 X93.008 Y139.332 E3913.63346
G1 X93.051 Y139.693 E3913.65765
G1 X93.175 Y140.017 E3913.68072
G1 X93.387 Y140.325 E3913.7056
G1 X93.652 Y140.56 E3913.72916
G1 X93.969 Y140.728 E3913.75302
G1 X94.314 Y140.811 E3913.77663
G1 X94.681 Y140.812 E3913.80104
G0 F12000 X94.729 Y141.212
G1 F1391.1 X95.17 Y141.106 E3913.83121
G1 X95.576 Y140.891 E3913.86177
G1 X95.915 Y140.59 E3913.89193
G1 X96.18 Y140.207 E3913.92291
G1 X96.337 Y139.79 E3913.95255
G1 X96.395 Y139.332 E3913.98326
G1 X96.337 Y138.874 E3914.01397
G1 X96.18 Y138.457 E3914.04361
G1 X95.915 Y138.074 E3914.07459
G1 X95.576 Y137.773 E3914.10475
G1 X95.17 Y137.558 E3914.13531
G1 X94.729 Y137.452 E3914.16548
G1 X94.267 Y137.452 E3914.19621
G1 X93.826 Y137.558 E3914.22638
G1 X93.422 Y137.773 E3914.25682
G1 X93.085 Y138.072 E3914.28679
G1 X92.819 Y138.459 E3914.31803
G1 X92.66 Y138.874 E3914.34759
G1 X92.605 Y139.332 E3914.37828
G1 X92.659 Y139.79 E3914.40895
G1 X92.819 Y140.205 E3914.43854
G1 X93.085 Y140.592 E3914.46978
G1 X93.422 Y140.891 E3914.49975
G1 X93.826 Y141.106 E3914.53019
G1 X94.267 Y141.211 E3914.56035
G1 X94.729 Y141.212 E3914.59108
G0 F12000 X94.776 Y141.612
;TYPE:WALL-OUTER
G1 F1391.1 X95.312 Y141.483 E3914.62775
G1 X95.805 Y141.222 E3914.66486
G1 X96.217 Y140.858 E3914.70143
G1 X96.537 Y140.394 E3914.73892
G1 X96.728 Y139.887 E3914.77496
G1 X96.798 Y139.332 E3914.81217
G1 X96.728 Y138.777 E3914.84939
G1 X96.537 Y138.27 E3914.88542
G1 X96.217 Y137.806 E3914.92292
G1 X95.805 Y137.442 E3914.95949
G1 X95.312 Y137.181 E3914.9966
G1 X94.776 Y137.052 E3915.03327
G1 X94.22 Y137.052 E3915.07025
G1 X93.684 Y137.181 E3915.10693
G1 X93.192 Y137.442 E3915.14397
G1 X92.783 Y137.806 E3915.1804
G1 X92.463 Y138.271 E3915.21794
G1 X92.268 Y138.777 E3915.25402
G1 X92.202 Y139.332 E3915.2912
G1 X92.268 Y139.887 E3915.32837
G1 X92.463 Y140.393 E3915.36445
G1 X92.783 Y140.858 E3915.402
G1 X93.192 Y141.222 E3915.43842
G1 X93.684 Y141.483 E3915.47546
G1 X94.22 Y141.611 E3915.51212
G1 X94.776 Y141.612 E3915.54911
G0 F12000 X94.691 Y140.906
G0 X94.569 Y140.307
G0 X94.599 Y140.049
;TYPE:SKIN
G1 F1391.1 X94.242 Y140.007 E3915.57302
G1 X93.962 Y139.811 E3915.59575
G1 X93.791 Y139.499 E3915.61942
G1 X93.791 Y139.161 E3915.64191
G1 X93.962 Y138.849 E3915.66557
G1 X94.249 Y138.646 E3915.68896
G1 X94.393 Y138.612 E3915.6988
G1 X94.751 Y138.654 E3915.72278
G1 X95.048 Y138.856 E3915.74667
G1 X95.138 Y138.987 E3915.75724
G1 X95.221 Y139.331 E3915.78078
G1 X95.138 Y139.671 E3915.80406
G1 X95.044 Y139.803 E3915.81484
G1 X94.744 Y140.014 E3915.83924
G1 X94.599 Y140.049 E3915.84916
G0 F12000 X94.569 Y140.307
G0 X94.169 Y140.199
G0 X93.811 Y139.951
G0 X93.691 Y139.729
G0 X93.53 Y139.186
G0 X93.985 Y139.24
G1 F1391.1 X94.591 Y139.846 E3915.90617
G0 F12000 X94.94 Y139.63
G1 F1391.1 X94.222 Y138.911 E3915.97376
G0 F12000 X94.818 Y138.942
G1 F1391.1 X94.956 Y139.079 E3915.9867
G0 F12000 X95.694 Y138.902
G1 F2700 E3910.9867
;MESH:bump_plate.obj
G0 F12000 X96.567 Y139.333
G0 X97.653 Y139.2
G0 X106.846 Y139.201
G0 X107.933 Y139.333
G0 X110 Y140.412
;TYPE:WALL-INNER
G1 F2700 E3915.9867
G1 F1391.1 X110.134 Y140.412 E3915.99561
G1 X110.385 Y140.351 E3916.01279
G1 X110.617 Y140.228 E3916.03026
G1 X110.812 Y140.055 E3916.0476
G1 X110.966 Y139.833 E3916.06558
G1 X111.055 Y139.597 E3916.08235
G1 X111.088 Y139.332 E3916.10012
G1 X111.055 Y139.067 E3916.11788
G1 X110.966 Y138.831 E3916.13466
G1 X110.813 Y138.608 E3916.15265
G1 X110.617 Y138.436 E3916.17
G1 X110.385 Y138.313 E3916.18746
G1 X110.134 Y138.252 E3916.20465
G1 X109.862 Y138.252 E3916.22274
G1 X109.612 Y138.313 E3916.23986
G1 X109.382 Y138.434 E3916.25715
G1 X109.189 Y138.606 E3916.27434
G1 X109.032 Y138.835 E3916.29281
G1 X108.942 Y139.068 E3916.30943
G1 X108.911 Y139.332 E3916.32711
G1 X108.942 Y139.596 E3916.34479
G1 X109.031 Y139.829 E3916.36138
G1 X109.189 Y140.058 E3916.37989
G1 X109.382 Y140.23 E3916.39709
G1 X109.611 Y140.351 E3916.41431
G1 X109.861 Y140.411 E3916.43142
G1 X110 Y140.412 E3916.44066
G0 F12000 X110 Y140.812
G1 F1391.1 X110.181 Y140.812 E3916.4527
G1 X110.527 Y140.729 E3916.47637
G1 X110.846 Y140.56 E3916.50039
G1 X111.114 Y140.323 E3916.52419
G1 X111.323 Y140.02 E3916.54867
G1 X111.446 Y139.693 E3916.57191
G1 X111.491 Y139.332 E3916.59611
G1 X111.446 Y138.97 E3916.62038
G1 X111.323 Y138.644 E3916.64355
G1 X111.114 Y138.341 E3916.66804
G1 X110.846 Y138.104 E3916.69184
G1 X110.527 Y137.935 E3916.71585
G1 X110.181 Y137.852 E3916.73952
G1 X109.815 Y137.852 E3916.76387
G1 X109.469 Y137.935 E3916.78754
G1 X109.152 Y138.104 E3916.81143
G1 X108.887 Y138.339 E3916.83499
G1 X108.675 Y138.647 E3916.85987
G1 X108.551 Y138.971 E3916.88294
G1 X108.508 Y139.332 E3916.90713
G1 X108.551 Y139.693 E3916.93131
G1 X108.675 Y140.017 E3916.95439
G1 X108.887 Y140.325 E3916.97926
G1 X109.152 Y140.56 E3917.00282
G1 X109.469 Y140.728 E3917.02669
G1 X109.814 Y140.811 E3917.05029
G1 X110 Y140.812 E3917.06266
G0 F12000 X110 Y141.211
G1 F1391.1 X110.229 Y141.212 E3917.0779
G1 X110.67 Y141.106 E3917.10807
G1 X111.076 Y140.891 E3917.13863
G1 X111.415 Y140.59 E3917.16878
G1 X111.68 Y140.207 E3917.19977
G1 X111.837 Y139.79 E3917.2294
G1 X111.895 Y139.332 E3917.26011
G1 X111.837 Y138.874 E3917.29082
G1 X111.68 Y138.457 E3917.32046
G1 X111.415 Y138.074 E3917.35145
G1 X111.076 Y137.773 E3917.3816
G1 X110.67 Y137.558 E3917.41216
G1 X110.229 Y137.452 E3917.44233
G1 X109.767 Y137.452 E3917.47307
G1 X109.326 Y137.558 E3917.50324
G1 X108.922 Y137.773 E3917.53368
G1 X108.585 Y138.072 E3917.56365
G1 X108.319 Y138.459 E3917.59489
G1 X108.16 Y138.874 E3917.62445
G1 X108.105 Y139.332 E3917.65513
G1 X108.159 Y139.79 E3917.68581
G1 X108.319 Y140.205 E3917.7154
G1 X108.585 Y140.592 E3917.74664
G1 X108.922 Y140.891 E3917.7766
G1 X109.326 Y141.106 E3917.80705
G1 X109.767 Y141.211 E3917.8372
G1 X110 Y141.211 E3917.8527
G0 F12000 X110 Y141.612
;TYPE:WALL-OUTER
G1 F1391.1 X110.276 Y141.612 E3917.87106
G1 X110.812 Y141.483 E3917.90773
G1 X111.305 Y141.222 E3917.94484
G1 X111.717 Y140.858 E3917.98141
G1 X112.037 Y140.394 E3918.01891
G1 X112.228 Y139.887 E3918.05495
G1 X112.298 Y139.332 E3918.09216
G1 X112.228 Y138.777 E3918.12937
G1 X112.037 Y138.27 E3918.16541
G1 X111.717 Y137.806 E3918.2029
G1 X111.305 Y137.442 E3918.23947
G1 X110.812 Y137.181 E3918.27658
G1 X110.276 Y137.052 E3918.31325
G1 X109.72 Y137.052 E3918.35024
G1 X109.184 Y137.181 E3918.38691
G1 X108.692 Y137.442 E3918.42396
G1 X108.283 Y137.806 E3918.46038
G1 X107.963 Y138.271 E3918.49793
G1 X107.768 Y138.777 E3918.534
G1 X107.702 Y139.332 E3918.57118
G1 X107.768 Y139.887 E3918.60836
G1 X107.963 Y140.393 E3918.64443
G1 X108.283 Y140.858 E3918.68198
G1 X108.692 Y141.222 E3918.7184
G1 X109.184 Y141.483 E3918.75545
G1 X109.72 Y141.611 E3918.7921
G1 X110 Y141.612 E3918.81073
G0 F12000 X110 Y140.905
G0 X109.97 Y140.295
G0 X110 Y140.037
;TYPE:SKIN
G1 F1391.1 X109.742 Y140.007 E3918.82801
G1 X109.462 Y139.811 E3918.85074
G1 X109.291 Y139.499 E3918.87441
G1 X109.291 Y139.161 E3918.89689
G1 X109.462 Y138.849 E3918.92056
G1 X109.749 Y138.646 E3918.94395
G1 X109.893 Y138.612 E3918.95379
G1 X110.251 Y138.654 E3918.97777
G1 X110.548 Y138.856 E3919.00166
G1 X110.638 Y138.987 E3919.01223
G1 X110.721 Y139.331 E3919.03577
G1 X110.638 Y139.671 E3919.05905
G1 X110.544 Y139.803 E3919.06983
G1 X110.244 Y140.014 E3919.09423
G1 X110.099 Y140.049 E3919.10415
G1 X110 Y140.037 E3919.11079
G0 F12000 X109.52 Y139.501
G1 F1391.1 X109.834 Y139.816 E3919.14037
G0 F12000 X110.309 Y139.724
G1 F1391.1 X109.599 Y139.015 E3919.20712
G0 F12000 X109.973 Y138.823
G1 F1391.1 X110.509 Y139.359 E3919.25754
G0 F12000 X111.247 Y139.54
G1 F2700 E3914.25754
G0 F12000 X110.734 Y137.401
G0 X110.994 Y136.338
G0 X110.249 Y49.48
G0 X110.249 Y48.386
G0 X110.134 Y47.412
;TYPE:WALL-INNER
G1 F2700 E3919.25754
G1 F1391.1 X110.385 Y47.351 E3919.27472
G1 X110.617 Y47.228 E3919.29219
G1 X110.812 Y47.055 E3919.30953
G1 X110.966 Y46.833 E3919.3275
G1 X111.055 Y46.597 E3919.34428
G1 X111.088 Y46.332 E3919.36205
G1 X111.055 Y46.067 E3919.37981
G1 X110.966 Y45.831 E3919.39659
G1 X110.813 Y45.608 E3919.41458
G1 X110.617 Y45.436 E3919.43192
G1 X110.385 Y45.313 E3919.44939
G1 X110.134 Y45.252 E3919.46657
G1 X109.862 Y45.252 E3919.48467
G1 X109.612 Y45.313 E3919.50179
G1 X109.382 Y45.434 E3919.51907
G1 X109.189 Y45.606 E3919.53627
G1 X109.032 Y45.835 E3919.55474
G1 X108.942 Y46.068 E3919.57136
G1 X108.911 Y46.332 E3919.58904
G1 X108.942 Y46.596 E3919.60672
G1 X109.031 Y46.829 E3919.62331
G1 X109.189 Y47.058 E3919.64182
G1 X109.382 Y47.23 E3919.65901
G1 X109.611 Y47.351 E3919.67624
G1 X109.861 Y47.411 E3919.69335
G1 X110.134 Y47.412 E3919.71151
G0 F12000 X110.181 Y47.812
G1 F1391.1 X110.527 Y47.729 E3919.73518
G1 X110.846 Y47.56 E3919.75919
G1 X111.114 Y47.323 E3919.78299
G1 X111.323 Y47.02 E3919.80747
G1 X111.446 Y46.693 E3919.83071
G1 X111.491 Y46.332 E3919.85491
G1 X111.446 Y45.97 E3919.87918
G1 X111.323 Y45.644 E3919.90236
G1 X111.114 Y45.341 E3919.92684
G1 X110.846 Y45.104 E3919.95064
G1 X110.527 Y44.935 E3919.97465
G1 X110.181 Y44.852 E3919.99832
G1 X109.815 Y44.852 E3920.02267
G1 X109.469 Y44.935 E3920.04634
G1 X109.152 Y45.104 E3920.07023
G1 X108.887 Y45.339 E3920.0938
G1 X108.675 Y45.647 E3920.11867
G1 X108.551 Y45.971 E3920.14174
G1 X108.508 Y46.332 E3920.16593
G1 X108.551 Y46.693 E3920.19011
G1 X108.675 Y47.017 E3920.21319
G1 X108.887 Y47.325 E3920.23806
G1 X109.152 Y47.56 E3920.26162
G1 X109.469 Y47.728 E3920.28549
G1 X109.814 Y47.811 E3920.30909
G1 X110.181 Y47.812 E3920.3335
G0 F12000 X110.229 Y48.212
G1 F1391.1 X110.67 Y48.106 E3920.36368
G1 X111.076 Y47.891 E3920.39424
G1 X111.415 Y47.59 E3920.42439
G1 X111.68 Y47.207 E3920.45537
G1 X111.837 Y46.79 E3920.48501
G1 X111.895 Y46.332 E3920.51572
G1 X111.837 Y45.874 E3920.54643
G1 X111.68 Y45.457 E3920.57607
G1 X111.415 Y45.074 E3920.60705
G1 X111.076 Y44.773 E3920.63721
G1 X110.67 Y44.558 E3920.66777
G1 X110.229 Y44.452 E3920.69794
G1 X109.767 Y44.452 E3920.72867
G1 X109.326 Y44.558 E3920.75885
G1 X108.922 Y44.773 E3920.78929
G1 X108.585 Y45.072 E3920.81926
G1 X108.319 Y45.459 E3920.85049
G1 X108.16 Y45.874 E3920.88006
G1 X108.105 Y46.332 E3920.91074
G1 X108.159 Y46.79 E3920.94142
G1 X108.319 Y47.205 E3920.97101
G1 X108.585 Y47.592 E3921.00224
G1 X108.922 Y47.891 E3921.03221
G1 X109.326 Y48.106 E3921.06266
G1 X109.767 Y48.211 E3921.09281
G1 X110.229 Y48.212 E3921.12354
G0 F12000 X110.276 Y48.612
;TYPE:WALL-OUTER
G1 F1391.1 X110.812 Y48.483 E3921.16022
G1 X111.305 Y48.222 E3921.19732
G1 X111.717 Y47.858 E3921.23389
G1 X112.037 Y47.394 E3921.27139
G1 X112.228 Y46.887 E3921.30743
G1 X112.298 Y46.332 E3921.34464
G1 X112.228 Y45.777 E3921.38185
G1 X112.037 Y45.27 E3921.41789
G1 X111.717 Y44.806 E3921.45538
G1 X111.305 Y44.442 E3921.49195
G1 X110.812 Y44.181 E3921.52906
G1 X110.276 Y44.052 E3921.56573
G1 X109.72 Y44.052 E3921.60272
G1 X109.184 Y44.181 E3921.63939
G1 X108.692 Y44.442 E3921.67644
G1 X108.283 Y44.806 E3921.71286
G1 X107.963 Y45.271 E3921.75041
G1 X107.768 Y45.777 E3921.78648
G1 X107.702 Y46.332 E3921.82366
G1 X107.768 Y46.887 E3921.86084
G1 X107.963 Y47.393 E3921.89691
G1 X108.283 Y47.858 E3921.93446
G1 X108.692 Y48.222 E3921.97088
G1 X109.184 Y48.483 E3922.00793
G1 X109.72 Y48.611 E3922.04459
G1 X110.276 Y48.612 E3922.08157
G0 F12000 X110.191 Y47.906
G0 X110.069 Y47.307
G0 X110.099 Y47.049
;TYPE:SKIN
G1 F1391.1 X109.742 Y47.007 E3922.10548
G1 X109.462 Y46.811 E3922.12822
G1 X109.291 Y46.499 E3922.15189
G1 X109.291 Y46.161 E3922.17437
G1 X109.462 Y45.849 E3922.19804
G1 X109.749 Y45.646 E3922.22142
G1 X109.893 Y45.612 E3922.23126
G1 X110.251 Y45.654 E3922.25524
G1 X110.548 Y45.856 E3922.27913
G1 X110.638 Y45.987 E3922.28971
G1 X110.721 Y46.331 E3922.31325
G1 X110.638 Y46.671 E3922.33653
G1 X110.544 Y46.803 E3922.34731
G1 X110.244 Y47.014 E3922.37171
G1 X110.099 Y47.049 E3922.38163
G0 F12000 X110.069 Y47.307
G0 X109.669 Y47.199
G0 X109.311 Y46.951
G0 X109.1 Y46.56
G0 X109.117 Y45.945
G0 X109.518 Y46.161
G1 F1391.1 X110.175 Y46.818 E3922.44343
G0 F12000 X110.464 Y46.542
G1 F1391.1 X109.788 Y45.865 E3922.50708
G0 F12000 X109.356 Y45.241
G1 F2700 E3917.50708
;MESH:NONMESH
G0 F300 Z6.2
G0 F12000 X107.993 Y45.839
G0 X106.907 Y45.707
G0 X97.356 Y47.679
G0 X96.331 Y47.293
G0 X94.692 Y47.905
G0 X94.724 Y48.166
;TIME_ELAPSED:2801.358411
;LAYER:15
;note -- min layer time used
;TYPE:WALL-INNER
;MESH:bump_plate.obj(1)
G1 F2700 E3922.50708
G1 F785.7 X95.152 Y48.059 E3922.54354
G1 F782.5 X95.549 Y47.852 E3922.58069
G1 F788.8 X95.88 Y47.559 E3922.61708
G1 X96.137 Y47.185 E3922.65444
G1 X96.291 Y46.779 E3922.69018
G1 F787.3 X96.345 Y46.332 E3922.72732
G1 F785.7 X96.291 Y45.885 E3922.76454
G1 X96.137 Y45.479 E3922.80042
G1 F787.3 X95.88 Y45.105 E3922.83786
G1 F790.4 X95.549 Y44.812 E3922.87417
G1 F788.8 X95.153 Y44.603 E3922.91103
G1 F792 X94.724 Y44.498 E3922.94724
G1 F793.7 X94.272 Y44.498 E3922.98422
G1 F790.4 X93.843 Y44.603 E3923.02051
G1 F788.8 X93.448 Y44.811 E3923.05726
G1 F790.4 X93.12 Y45.103 E3923.09333
G1 F793.7 X92.86 Y45.48 E3923.1308
G1 F788.8 X92.707 Y45.885 E3923.16644
G1 F785.7 X92.652 Y46.332 E3923.20367
G1 X92.707 Y46.779 E3923.24089
G1 X92.86 Y47.184 E3923.27667
G1 F790.4 X93.12 Y47.561 E3923.3143
G1 F792 X93.449 Y47.852 E3923.35031
G1 F788.8 X93.843 Y48.061 E3923.38702
G1 X94.272 Y48.166 E3923.42338
G1 F792 X94.724 Y48.166 E3923.46044
G0 F12000 X94.669 Y47.723
;TYPE:WALL-OUTER
G1 F976.2 X94.327 Y47.723 E3923.48319
G1 X94.004 Y47.643 E3923.50532
G1 X93.699 Y47.482 E3923.52826
G1 X93.451 Y47.263 E3923.55027
G1 X93.258 Y46.98 E3923.57306
G1 X93.137 Y46.645 E3923.59675
G1 X93.101 Y46.307 E3923.61936
G1 X93.148 Y45.975 E3923.64167
G1 X93.257 Y45.681 E3923.66252
G1 X93.451 Y45.401 E3923.68518
G1 X93.702 Y45.179 E3923.70747
G1 X94.001 Y45.02 E3923.73
G1 X94.327 Y44.941 E3923.75231
G1 X94.669 Y44.94 E3923.77506
G1 X95.019 Y45.03 E3923.7991
G1 X95.295 Y45.179 E3923.81997
G1 X95.546 Y45.402 E3923.8423
G1 X95.738 Y45.684 E3923.865
G1 X95.858 Y45.994 E3923.88711
G1 X95.896 Y46.354 E3923.91119
G1 X95.864 Y46.643 E3923.93053
G1 X95.739 Y46.98 E3923.95444
G1 X95.546 Y47.262 E3923.97717
G1 X95.297 Y47.482 E3923.99927
G1 X94.992 Y47.639 E3924.02209
G1 X94.669 Y47.723 E3924.04429
G0 F12000 X94.776 Y48.612
G1 F976.2 X95.312 Y48.483 E3924.08097
G1 X95.805 Y48.222 E3924.11807
G1 X96.217 Y47.858 E3924.15464
G1 X96.537 Y47.394 E3924.19214
G1 X96.728 Y46.887 E3924.22818
G1 X96.798 Y46.332 E3924.26539
G1 X96.728 Y45.777 E3924.3026
G1 X96.537 Y45.27 E3924.33864
G1 X96.217 Y44.806 E3924.37613
G1 X95.805 Y44.442 E3924.4127
G1 X95.312 Y44.181 E3924.44981
G1 X94.776 Y44.053 E3924.48647
G1 X94.22 Y44.052 E3924.52345
G1 X93.684 Y44.181 E3924.56013
G1 X93.191 Y44.442 E3924.59723
G1 X92.784 Y44.806 E3924.63355
G1 X92.463 Y45.271 E3924.67114
G1 X92.268 Y45.777 E3924.70721
G1 X92.202 Y46.332 E3924.74439
G1 X92.268 Y46.887 E3924.78157
G1 X92.462 Y47.394 E3924.81768
G1 X92.784 Y47.858 E3924.85525
G1 X93.192 Y48.222 E3924.89162
G1 X93.684 Y48.483 E3924.92867
G1 X94.22 Y48.612 E3924.96534
G1 X94.776 Y48.612 E3925.00233
G1 F2700 E3920.00233
G0 F12000 X94.739 Y48.306
G0 X94.724 Y49.48
G0 X94.724 Y136.187
G0 X94.724 Y141.166
;TYPE:WALL-INNER
G1 F2700 E3925.00233
G1 F785.7 X95.152 Y141.059 E3925.03879
G1 F782.5 X95.549 Y140.852 E3925.07595
G1 F788.8 X95.88 Y140.559 E3925.11234
G1 X96.137 Y140.185 E3925.14969
G1 X96.291 Y139.779 E3925.18544
G1 F787.3 X96.345 Y139.332 E3925.22257
G1 F785.7 X96.291 Y138.885 E3925.25979
G1 X96.137 Y138.479 E3925.29568
G1 F787.3 X95.88 Y138.105 E3925.33311
G1 F790.4 X95.549 Y137.812 E3925.36942
G1 F788.8 X95.153 Y137.603 E3925.40628
G1 F792 X94.724 Y137.498 E3925.44249
G1 F793.7 X94.272 Y137.498 E3925.47948
G1 F790.4 X93.843 Y137.603 E3925.51576
G1 F788.8 X93.448 Y137.811 E3925.55251
G1 F790.4 X93.12 Y138.103 E3925.58859
G1 F793.7 X92.86 Y138.48 E3925.62606
G1 F788.8 X92.707 Y138.885 E3925.6617
G1 F785.7 X92.652 Y139.332 E3925.69892
G1 X92.707 Y139.779 E3925.73614
G1 X92.86 Y140.184 E3925.77193
G1 F790.4 X93.12 Y140.561 E3925.80955
G1 F792 X93.449 Y140.852 E3925.84556
G1 F788.8 X93.843 Y141.061 E3925.88227
G1 X94.272 Y141.166 E3925.91863
G1 F792 X94.724 Y141.166 E3925.95569
G0 F12000 X94.669 Y140.723
;TYPE:WALL-OUTER
G1 F976.2 X94.327 Y140.723 E3925.97844
G1 X94.004 Y140.643 E3926.00057
G1 X93.699 Y140.482 E3926.02352
G1 X93.451 Y140.263 E3926.04552
G1 X93.258 Y139.98 E3926.06831
G1 X93.137 Y139.645 E3926.092
G1 X93.101 Y139.307 E3926.11462
G1 X93.148 Y138.975 E3926.13692
G1 X93.257 Y138.681 E3926.15778
G1 X93.451 Y138.401 E3926.18044
G1 X93.702 Y138.179 E3926.20273
G1 X94.001 Y138.02 E3926.22525
G1 X94.327 Y137.941 E3926.24757
G1 X94.669 Y137.94 E3926.27032
G1 X95.019 Y138.03 E3926.29436
G1 X95.295 Y138.179 E3926.31522
G1 X95.546 Y138.402 E3926.33756
G1 X95.738 Y138.684 E3926.36025
G1 X95.858 Y138.994 E3926.38236
G1 X95.896 Y139.354 E3926.40644
G1 X95.864 Y139.643 E3926.42578
G1 X95.739 Y139.98 E3926.44969
G1 X95.546 Y140.262 E3926.47243
G1 X95.297 Y140.482 E3926.49453
G1 X94.992 Y140.639 E3926.51735
G1 X94.669 Y140.723 E3926.53955
G0 F12000 X94.776 Y141.612
G1 F976.2 X95.312 Y141.483 E3926.57622
G1 X95.805 Y141.222 E3926.61333
G1 X96.217 Y140.858 E3926.6499
G1 X96.537 Y140.394 E3926.68739
G1 X96.728 Y139.887 E3926.72343
G1 X96.798 Y139.332 E3926.76064
G1 X96.728 Y138.777 E3926.79785
G1 X96.537 Y138.27 E3926.83389
G1 X96.217 Y137.806 E3926.87139
G1 X95.805 Y137.442 E3926.90796
G1 X95.312 Y137.181 E3926.94506
G1 X94.776 Y137.053 E3926.98172
G1 X94.22 Y137.052 E3927.01871
G1 X93.684 Y137.181 E3927.05538
G1 X93.191 Y137.442 E3927.09249
G1 X92.784 Y137.806 E3927.12881
G1 X92.463 Y138.271 E3927.16639
G1 X92.268 Y138.777 E3927.20247
G1 X92.202 Y139.332 E3927.23965
G1 X92.268 Y139.887 E3927.27682
G1 X92.462 Y140.394 E3927.31294
G1 X92.784 Y140.858 E3927.3505
G1 X93.192 Y141.222 E3927.38688
G1 X93.684 Y141.483 E3927.42392
G1 X94.22 Y141.612 E3927.4606
G1 X94.776 Y141.612 E3927.49758
G1 F2700 E3922.49758
;MESH:bump_plate.obj
G0 F12000 X94.739 Y141.306
G0 X96.045 Y140.708
G0 X96.944 Y141.33
G0 X107.557 Y141.331
G0 X110 Y141.166
;TYPE:WALL-INNER
G1 F2700 E3927.49758
G1 F793.7 X110.224 Y141.166 E3927.51591
G1 F785.7 X110.652 Y141.059 E3927.55237
G1 F782.5 X111.049 Y140.852 E3927.58953
G1 F788.8 X111.38 Y140.559 E3927.62592
G1 X111.637 Y140.185 E3927.66327
G1 X111.791 Y139.779 E3927.69902
G1 F787.3 X111.845 Y139.332 E3927.73616
G1 F785.7 X111.791 Y138.885 E3927.77337
G1 X111.637 Y138.479 E3927.80926
G1 F787.3 X111.38 Y138.105 E3927.84669
G1 F790.4 X111.049 Y137.812 E3927.88301
G1 F788.8 X110.653 Y137.603 E3927.91987
G1 F792 X110.224 Y137.498 E3927.95608
G1 F793.7 X109.772 Y137.498 E3927.99306
G1 F790.4 X109.343 Y137.603 E3928.02934
G1 F788.8 X108.948 Y137.811 E3928.06609
G1 F790.4 X108.62 Y138.103 E3928.10217
G1 F793.7 X108.36 Y138.48 E3928.13964
G1 F788.8 X108.207 Y138.885 E3928.17528
G1 F785.7 X108.152 Y139.332 E3928.2125
G1 X108.207 Y139.779 E3928.24972
G1 X108.36 Y140.184 E3928.28551
G1 F790.4 X108.62 Y140.561 E3928.32313
G1 F792 X108.949 Y140.852 E3928.35914
G1 F788.8 X109.343 Y141.061 E3928.39586
G1 X109.772 Y141.166 E3928.43221
G1 F792 X110 Y141.166 E3928.45091
G0 F12000 X110 Y140.723
;TYPE:WALL-OUTER
G1 F976.2 X109.827 Y140.723 E3928.46241
G1 X109.504 Y140.643 E3928.48455
G1 X109.199 Y140.482 E3928.50749
G1 X108.951 Y140.263 E3928.5295
G1 X108.758 Y139.98 E3928.55229
G1 X108.637 Y139.645 E3928.57598
G1 X108.601 Y139.307 E3928.59859
G1 X108.648 Y138.975 E3928.62089
G1 X108.757 Y138.681 E3928.64175
G1 X108.951 Y138.401 E3928.66441
G1 X109.202 Y138.179 E3928.6867
G1 X109.501 Y138.02 E3928.70923
G1 X109.827 Y137.941 E3928.73154
G1 X110.169 Y137.94 E3928.75429
G1 X110.519 Y138.03 E3928.77833
G1 X110.795 Y138.179 E3928.7992
G1 X111.046 Y138.402 E3928.82153
G1 X111.238 Y138.684 E3928.84422
G1 X111.358 Y138.994 E3928.86634
G1 X111.396 Y139.354 E3928.89042
G1 X111.364 Y139.643 E3928.90976
G1 X111.239 Y139.98 E3928.93367
G1 X111.046 Y140.262 E3928.9564
G1 X110.797 Y140.482 E3928.9785
G1 X110.492 Y140.639 E3929.00132
G1 X110.169 Y140.723 E3929.02352
G1 X110 Y140.723 E3929.03476
G0 F12000 X110 Y141.612
G1 F976.2 X110.276 Y141.612 E3929.05312
G1 X110.812 Y141.483 E3929.0898
G1 X111.305 Y141.222 E3929.1269
G1 X111.717 Y140.858 E3929.16347
G1 X112.037 Y140.394 E3929.20097
G1 X112.228 Y139.887 E3929.23701
G1 X112.298 Y139.332 E3929.27422
G1 X112.228 Y138.777 E3929.31143
G1 X112.037 Y138.27 E3929.34747
G1 X111.717 Y137.806 E3929.38496
G1 X111.305 Y137.442 E3929.42153
G1 X110.812 Y137.181 E3929.45864
G1 X110.276 Y137.053 E3929.4953
G1 X109.72 Y137.052 E3929.53228
G1 X109.184 Y137.181 E3929.56896
G1 X108.691 Y137.442 E3929.60606
G1 X108.284 Y137.806 E3929.64238
G1 X107.963 Y138.271 E3929.67997
G1 X107.768 Y138.777 E3929.71604
G1 X107.702 Y139.332 E3929.75322
G1 X107.768 Y139.887 E3929.7904
G1 X107.962 Y140.394 E3929.82651
G1 X108.284 Y140.858 E3929.86408
G1 X108.692 Y141.222 E3929.90045
G1 X109.184 Y141.483 E3929.9375
G1 X109.72 Y141.612 E3929.97417
G1 X110 Y141.612 E3929.9928
G1 F2700 E3924.9928
G0 F12000 X110 Y141.305
G0 X109.06 Y140.692
G0 X108.762 Y140.427
G0 X108.534 Y140.098
G0 X108.396 Y139.73
G0 X108.347 Y139.334
G0 X108.396 Y138.937
G0 X108.535 Y138.567
G0 X108.74 Y138.271
G0 X110 Y137.282
G0 X110 Y136.187
G0 X110 Y49.48
G0 X110 Y48.166
;TYPE:WALL-INNER
G1 F2700 E3929.9928
G1 F793.7 X110.224 Y48.166 E3930.01113
G1 F785.7 X110.652 Y48.059 E3930.04759
G1 F782.5 X111.049 Y47.852 E3930.08474
G1 F788.8 X111.38 Y47.559 E3930.12113
G1 X111.637 Y47.185 E3930.15849
G1 X111.791 Y46.779 E3930.19423
G1 F787.3 X111.845 Y46.332 E3930.23137
G1 F785.7 X111.791 Y45.885 E3930.26859
G1 X111.637 Y45.479 E3930.30448
G1 F787.3 X111.38 Y45.105 E3930.34191
G1 F790.4 X111.049 Y44.812 E3930.37822
G1 F788.8 X110.653 Y44.603 E3930.41508
G1 F792 X110.224 Y44.498 E3930.45129
G1 F793.7 X109.772 Y44.498 E3930.48827
G1 F790.4 X109.343 Y44.603 E3930.52456
G1 F788.8 X108.948 Y44.811 E3930.56131
G1 F790.4 X108.62 Y45.103 E3930.59738
G1 F793.7 X108.36 Y45.48 E3930.63485
G1 F788.8 X108.207 Y45.885 E3930.67049
G1 F785.7 X108.152 Y46.332 E3930.70772
G1 X108.207 Y46.779 E3930.74494
G1 X108.36 Y47.184 E3930.78072
G1 F790.4 X108.62 Y47.561 E3930.81835
G1 F792 X108.949 Y47.852 E3930.85436
G1 F788.8 X109.343 Y48.061 E3930.89107
G1 X109.772 Y48.166 E3930.92743
G1 F792 X110 Y48.166 E3930.94612
G0 F12000 X110 Y47.723
;TYPE:WALL-OUTER
G1 F976.2 X109.827 Y47.723 E3930.95763
G1 X109.504 Y47.643 E3930.97976
G1 X109.199 Y47.482 E3931.00271
G1 X108.951 Y47.263 E3931.02472
G1 X108.758 Y46.98 E3931.0475
G1 X108.637 Y46.645 E3931.07119
G1 X108.601 Y46.307 E3931.09381
G1 X108.648 Y45.975 E3931.11611
G1 X108.757 Y45.681 E3931.13697
G1 X108.951 Y45.401 E3931.15963
G1 X109.202 Y45.179 E3931.18192
G1 X109.501 Y45.02 E3931.20445
G1 X109.827 Y44.941 E3931.22676
G1 X110.169 Y44.94 E3931.24951
G1 X110.519 Y45.03 E3931.27355
G1 X110.795 Y45.179 E3931.29441
G1 X111.046 Y45.402 E3931.31675
G1 X111.238 Y45.684 E3931.33944
G1 X111.358 Y45.994 E3931.36155
G1 X111.396 Y46.354 E3931.38563
G1 X111.364 Y46.643 E3931.40497
G1 X111.239 Y46.98 E3931.42888
G1 X111.046 Y47.262 E3931.45162
G1 X110.797 Y47.482 E3931.47372
G1 X110.492 Y47.639 E3931.49654
G1 X110.169 Y47.723 E3931.51874
G1 X110 Y47.723 E3931.52998
G0 F12000 X110 Y48.612
G1 F976.2 X110.276 Y48.612 E3931.54834
G1 X110.812 Y48.483 E3931.58501
G1 X111.305 Y48.222 E3931.62212
G1 X111.717 Y47.858 E3931.65869
G1 X112.037 Y47.394 E3931.69618
G1 X112.228 Y46.887 E3931.73222
G1 X112.298 Y46.332 E3931.76943
G1 X112.228 Y45.777 E3931.80665
G1 X112.037 Y45.27 E3931.84269
G1 X111.717 Y44.806 E3931.88018
G1 X111.305 Y44.442 E3931.91675
G1 X110.812 Y44.181 E3931.95386
G1 X110.276 Y44.053 E3931.99051
G1 X109.72 Y44.052 E3932.0275
G1 X109.184 Y44.181 E3932.06417
G1 X108.691 Y44.442 E3932.10128
G1 X108.284 Y44.806 E3932.1376
G1 X107.963 Y45.271 E3932.17519
G1 X107.768 Y45.777 E3932.21126
G1 X107.702 Y46.332 E3932.24844
G1 X107.768 Y46.887 E3932.28562
G1 X107.962 Y47.394 E3932.32173
G1 X108.284 Y47.858 E3932.3593
G1 X108.692 Y48.222 E3932.39567
G1 X109.184 Y48.483 E3932.43272
G1 X109.72 Y48.612 E3932.46939
G1 X110 Y48.612 E3932.48802
G1 F2700 E3927.48802
;MESH:NONMESH
G0 F300 Z6.6
G0 F12000 X110 Y48.305
G0 X108.455 Y47.708
G0 X107.557 Y48.331
G0 X96.944 Y48.33
G0 X94.724 Y48.166
;TIME_ELAPSED:2815.622186
;LAYER:16
;note -- min layer time used
;TYPE:WALL-INNER
;MESH:bump_plate.obj(1)
G1 F2700 E3932.48802
G1 F785.8 X95.152 Y48.059 E3932.52448
G1 F782.7 X95.549 Y47.852 E3932.56163
G1 F789 X95.88 Y47.559 E3932.59802
G1 F790.6 X96.138 Y47.185 E3932.63535
G1 X96.291 Y46.779 E3932.67099
G1 F787.4 X96.345 Y46.332 E3932.70813
G1 F785.8 X96.291 Y45.885 E3932.74534
G1 F787.4 X96.138 Y45.479 E3932.78113
G1 F789 X95.88 Y45.105 E3932.81853
G1 F790.6 X95.549 Y44.812 E3932.85485
G1 F789 X95.153 Y44.603 E3932.89171
G1 F792.2 X94.724 Y44.498 E3932.92792
G1 F793.8 X94.272 Y44.498 E3932.9649
G1 F790.6 X93.843 Y44.603 E3933.00119
G1 F789 X93.448 Y44.811 E3933.03794
G1 F790.6 X93.12 Y45.103 E3933.07401
G1 F793.8 X92.86 Y45.48 E3933.11148
G1 F789 X92.707 Y45.885 E3933.14712
G1 F785.8 X92.652 Y46.332 E3933.18435
G1 X92.707 Y46.779 E3933.22157
G1 F789 X92.86 Y47.184 E3933.25721
G1 F793.8 X93.12 Y47.561 E3933.29468
G1 F792.2 X93.449 Y47.852 E3933.33069
G1 F785.8 X93.844 Y48.059 E3933.36755
G1 X94.272 Y48.166 E3933.40401
G1 F792.2 X94.724 Y48.166 E3933.44107
G0 F12000 X94.669 Y47.723
;TYPE:WALL-OUTER
G1 F976.4 X94.327 Y47.723 E3933.46382
G1 X94.004 Y47.639 E3933.48602
G1 X93.699 Y47.482 E3933.50884
G1 X93.451 Y47.263 E3933.53085
G1 X93.257 Y46.983 E3933.55351
G1 X93.137 Y46.645 E3933.57737
G1 X93.101 Y46.307 E3933.59998
G1 X93.148 Y45.975 E3933.62228
G1 X93.257 Y45.681 E3933.64314
G1 X93.451 Y45.401 E3933.6658
G1 X93.702 Y45.179 E3933.68809
G1 X94.001 Y45.02 E3933.71062
G1 X94.327 Y44.941 E3933.73293
G1 X94.669 Y44.94 E3933.75568
G1 X95.019 Y45.03 E3933.77972
G1 X95.295 Y45.179 E3933.80058
G1 X95.546 Y45.402 E3933.82292
G1 X95.739 Y45.681 E3933.84548
G1 X95.858 Y45.994 E3933.86776
G1 X95.896 Y46.354 E3933.89184
G1 X95.864 Y46.643 E3933.91118
G1 X95.739 Y46.983 E3933.93528
G1 X95.546 Y47.262 E3933.95785
G1 X95.297 Y47.482 E3933.97995
G1 X94.992 Y47.639 E3934.00277
G1 X94.669 Y47.723 E3934.02497
G0 F12000 X94.776 Y48.612
G1 F976.4 X95.312 Y48.483 E3934.06164
G1 X95.805 Y48.222 E3934.09875
G1 X96.217 Y47.858 E3934.13532
G1 X96.537 Y47.394 E3934.17281
G1 X96.728 Y46.887 E3934.20885
G1 X96.798 Y46.332 E3934.24606
G1 X96.728 Y45.777 E3934.28327
G1 X96.537 Y45.27 E3934.31931
G1 X96.217 Y44.806 E3934.35681
G1 X95.805 Y44.442 E3934.39338
G1 X95.312 Y44.181 E3934.43048
G1 X94.776 Y44.053 E3934.46714
G1 X94.22 Y44.052 E3934.50413
G1 X93.684 Y44.181 E3934.5408
G1 X93.191 Y44.442 E3934.57791
G1 X92.784 Y44.806 E3934.61423
G1 X92.463 Y45.271 E3934.65181
G1 X92.268 Y45.777 E3934.68789
G1 X92.202 Y46.332 E3934.72507
G1 X92.268 Y46.887 E3934.76224
G1 X92.463 Y47.393 E3934.79832
G1 X92.784 Y47.858 E3934.8359
G1 X93.192 Y48.222 E3934.87227
G1 X93.684 Y48.483 E3934.90932
G1 X94.22 Y48.612 E3934.946
G1 X94.776 Y48.612 E3934.98298
G1 F2700 E3929.98298
G0 F12000 X94.739 Y48.306
G0 X94.724 Y49.48
G0 X94.724 Y136.187
G0 X94.724 Y141.166
;TYPE:WALL-INNER
G1 F2700 E3934.98298
G1 F785.8 X95.152 Y141.059 E3935.01944
G1 F782.7 X95.549 Y140.852 E3935.0566
G1 F789 X95.88 Y140.559 E3935.09299
G1 F790.6 X96.138 Y140.185 E3935.13031
G1 X96.291 Y139.779 E3935.16596
G1 F787.4 X96.345 Y139.332 E3935.2031
G1 F785.8 X96.291 Y138.885 E3935.24031
G1 F787.4 X96.138 Y138.479 E3935.2761
G1 F789 X95.88 Y138.105 E3935.3135
G1 F790.6 X95.549 Y137.812 E3935.34982
G1 F789 X95.153 Y137.603 E3935.38668
G1 F792.2 X94.724 Y137.498 E3935.42289
G1 F793.8 X94.272 Y137.498 E3935.45987
G1 F790.6 X93.843 Y137.603 E3935.49615
G1 F789 X93.448 Y137.811 E3935.5329
G1 F790.6 X93.12 Y138.103 E3935.56898
G1 F793.8 X92.86 Y138.48 E3935.60645
G1 F789 X92.707 Y138.885 E3935.64209
G1 F785.8 X92.652 Y139.332 E3935.67931
G1 X92.707 Y139.779 E3935.71654
G1 F789 X92.86 Y140.184 E3935.75217
G1 F793.8 X93.12 Y140.561 E3935.78964
G1 F792.2 X93.449 Y140.852 E3935.82566
G1 F785.8 X93.844 Y141.059 E3935.86251
G1 X94.272 Y141.166 E3935.89898
G1 F792.2 X94.724 Y141.166 E3935.93603
G0 F12000 X94.669 Y140.723
;TYPE:WALL-OUTER
G1 F976.4 X94.327 Y140.723 E3935.95878
G1 X94.004 Y140.639 E3935.98099
G1 X93.699 Y140.482 E3936.0038
G1 X93.451 Y140.263 E3936.02581
G1 X93.257 Y139.983 E3936.04847
G1 X93.137 Y139.645 E3936.07233
G1 X93.101 Y139.307 E3936.09494
G1 X93.148 Y138.975 E3936.11725
G1 X93.257 Y138.681 E3936.13811
G1 X93.451 Y138.401 E3936.16076
G1 X93.702 Y138.179 E3936.18305
G1 X94.001 Y138.02 E3936.20558
G1 X94.327 Y137.941 E3936.2279
G1 X94.669 Y137.94 E3936.25065
G1 X95.019 Y138.03 E3936.27468
G1 X95.295 Y138.179 E3936.29555
G1 X95.546 Y138.402 E3936.31788
G1 X95.739 Y138.681 E3936.34045
G1 X95.858 Y138.994 E3936.36272
G1 X95.896 Y139.354 E3936.38681
G1 X95.864 Y139.643 E3936.40615
G1 X95.739 Y139.983 E3936.43024
G1 X95.546 Y140.262 E3936.45281
G1 X95.297 Y140.482 E3936.47491
G1 X94.992 Y140.639 E3936.49773
G1 X94.669 Y140.723 E3936.51993
G0 F12000 X94.776 Y141.612
G1 F976.4 X95.312 Y141.483 E3936.55661
G1 X95.805 Y141.222 E3936.59371
G1 X96.217 Y140.858 E3936.63028
G1 X96.537 Y140.394 E3936.66778
G1 X96.728 Y139.887 E3936.70382
G1 X96.798 Y139.332 E3936.74103
G1 X96.728 Y138.777 E3936.77824
G1 X96.537 Y138.27 E3936.81428
G1 X96.217 Y137.806 E3936.85177
G1 X95.805 Y137.442 E3936.88834
G1 X95.312 Y137.181 E3936.92545
G1 X94.776 Y137.053 E3936.96211
G1 X94.22 Y137.052 E3936.99909
G1 X93.684 Y137.181 E3937.03577
G1 X93.191 Y137.442 E3937.07287
G1 X92.784 Y137.806 E3937.10919
G1 X92.463 Y138.271 E3937.14678
G1 X92.268 Y138.777 E3937.18285
G1 X92.202 Y139.332 E3937.22003
G1 X92.268 Y139.887 E3937.25721
G1 X92.463 Y140.393 E3937.29328
G1 X92.784 Y140.858 E3937.33087
G1 X93.192 Y141.222 E3937.36724
G1 X93.684 Y141.483 E3937.40429
G1 X94.22 Y141.612 E3937.44096
G1 X94.776 Y141.612 E3937.47795
G1 F2700 E3932.47795
;MESH:bump_plate.obj
G0 F12000 X94.739 Y141.306
G0 X96.045 Y140.708
G0 X96.944 Y141.33
G0 X107.557 Y141.331
G0 X110 Y141.166
;TYPE:WALL-INNER
G1 F2700 E3937.47795
G1 F793.8 X110.224 Y141.166 E3937.49627
G1 F785.8 X110.652 Y141.059 E3937.53274
G1 F782.7 X111.049 Y140.852 E3937.56989
G1 F789 X111.38 Y140.559 E3937.60628
G1 F790.6 X111.638 Y140.185 E3937.64361
G1 X111.791 Y139.779 E3937.67925
G1 F787.4 X111.845 Y139.332 E3937.71639
G1 F785.8 X111.791 Y138.885 E3937.7536
G1 F787.4 X111.638 Y138.479 E3937.78939
G1 F789 X111.38 Y138.105 E3937.82679
G1 F790.6 X111.049 Y137.812 E3937.86311
G1 F789 X110.653 Y137.603 E3937.89997
G1 F792.2 X110.224 Y137.498 E3937.93618
G1 F793.8 X109.772 Y137.498 E3937.97316
G1 F790.6 X109.343 Y137.603 E3938.00945
G1 F789 X108.948 Y137.811 E3938.04619
G1 F790.6 X108.62 Y138.103 E3938.08227
G1 F793.8 X108.36 Y138.48 E3938.11974
G1 F789 X108.207 Y138.885 E3938.15538
G1 F785.8 X108.152 Y139.332 E3938.1926
G1 X108.207 Y139.779 E3938.22983
G1 F789 X108.36 Y140.184 E3938.26547
G1 F793.8 X108.62 Y140.561 E3938.30294
G1 F792.2 X108.949 Y140.852 E3938.33895
G1 F785.8 X109.344 Y141.059 E3938.37581
G1 X109.772 Y141.166 E3938.41227
G1 F792.2 X110 Y141.166 E3938.43096
G0 F12000 X110 Y140.723
;TYPE:WALL-OUTER
G1 F976.4 X109.827 Y140.723 E3938.44247
G1 X109.504 Y140.639 E3938.46467
G1 X109.199 Y140.482 E3938.48749
G1 X108.951 Y140.263 E3938.5095
G1 X108.757 Y139.983 E3938.53216
G1 X108.637 Y139.645 E3938.55602
G1 X108.6 Y139.332 E3938.57698
G1 X108.637 Y139.019 E3938.59795
G1 X108.757 Y138.681 E3938.62181
G1 X108.951 Y138.401 E3938.64447
G1 X109.202 Y138.179 E3938.66676
G1 X109.501 Y138.02 E3938.68929
G1 X109.827 Y137.941 E3938.7116
G1 X110.169 Y137.94 E3938.73435
G1 X110.519 Y138.03 E3938.75839
G1 X110.795 Y138.179 E3938.77925
G1 X111.046 Y138.402 E3938.80159
G1 X111.239 Y138.681 E3938.82415
G1 X111.358 Y138.994 E3938.84643
G1 X111.396 Y139.354 E3938.87051
G1 X111.364 Y139.643 E3938.88985
G1 X111.239 Y139.983 E3938.91395
G1 X111.046 Y140.262 E3938.93651
G1 X110.797 Y140.482 E3938.95862
G1 X110.492 Y140.639 E3938.98144
G1 X110.169 Y140.723 E3939.00364
G1 X110 Y140.723 E3939.01488
G0 F12000 X110 Y141.612
G1 F976.4 X110.276 Y141.612 E3939.03324
G1 X110.812 Y141.483 E3939.06991
G1 X111.305 Y141.222 E3939.10702
G1 X111.717 Y140.858 E3939.14359
G1 X112.037 Y140.394 E3939.18108
G1 X112.228 Y139.887 E3939.21712
G1 X112.298 Y139.332 E3939.25433
G1 X112.228 Y138.777 E3939.29154
G1 X112.037 Y138.27 E3939.32758
G1 X111.717 Y137.806 E3939.36508
G1 X111.305 Y137.442 E3939.40165
G1 X110.812 Y137.181 E3939.43875
G1 X110.276 Y137.053 E3939.47541
G1 X109.72 Y137.052 E3939.5124
G1 X109.184 Y137.181 E3939.54907
G1 X108.691 Y137.442 E3939.58618
G1 X108.284 Y137.806 E3939.6225
G1 X107.963 Y138.271 E3939.66009
G1 X107.768 Y138.777 E3939.69616
G1 X107.702 Y139.332 E3939.73334
G1 X107.768 Y139.887 E3939.77052
G1 X107.963 Y140.393 E3939.80659
G1 X108.284 Y140.858 E3939.84417
G1 X108.692 Y141.222 E3939.88055
G1 X109.184 Y141.483 E3939.91759
G1 X109.72 Y141.612 E3939.95427
G1 X110 Y141.612 E3939.97289
G1 F2700 E3934.97289
G0 F12000 X110 Y141.305
G0 X109.06 Y140.692
G0 X108.763 Y140.429
G0 X108.535 Y140.099
G0 X108.396 Y139.729
G0 X108.347 Y139.334
G0 X108.396 Y138.937
G0 X108.535 Y138.567
G0 X108.74 Y138.271
G0 X110 Y137.282
G0 X110 Y136.187
G0 X110 Y49.48
G0 X110 Y48.166
;TYPE:WALL-INNER
G1 F2700 E3939.97289
G1 F793.8 X110.224 Y48.166 E3939.99122
G1 F785.8 X110.652 Y48.059 E3940.02768
G1 F782.7 X111.049 Y47.852 E3940.06484
G1 F789 X111.38 Y47.559 E3940.10123
G1 F790.6 X111.638 Y47.185 E3940.13855
G1 X111.791 Y46.779 E3940.1742
G1 F787.4 X111.845 Y46.332 E3940.21134
G1 F785.8 X111.791 Y45.885 E3940.24855
G1 F787.4 X111.638 Y45.479 E3940.28434
G1 F789 X111.38 Y45.105 E3940.32174
G1 F790.6 X111.049 Y44.812 E3940.35806
G1 F789 X110.653 Y44.603 E3940.39491
G1 F792.2 X110.224 Y44.498 E3940.43113
G1 F793.8 X109.772 Y44.498 E3940.46811
G1 F790.6 X109.343 Y44.603 E3940.50439
G1 F789 X108.948 Y44.811 E3940.54114
G1 F790.6 X108.62 Y45.103 E3940.57722
G1 F793.8 X108.36 Y45.48 E3940.61469
G1 F789 X108.207 Y45.885 E3940.65033
G1 F785.8 X108.152 Y46.332 E3940.68755
G1 X108.207 Y46.779 E3940.72477
G1 F789 X108.36 Y47.184 E3940.76041
G1 F793.8 X108.62 Y47.561 E3940.79788
G1 F792.2 X108.949 Y47.852 E3940.83389
G1 F785.8 X109.344 Y48.059 E3940.87075
G1 X109.772 Y48.166 E3940.90722
G1 F792.2 X110 Y48.166 E3940.92591
G0 F12000 X110 Y47.723
;TYPE:WALL-OUTER
G1 F976.4 X109.827 Y47.723 E3940.93742
G1 X109.504 Y47.639 E3940.95962
G1 X109.199 Y47.482 E3940.98244
G1 X108.951 Y47.263 E3941.00444
G1 X108.757 Y46.983 E3941.0271
G1 X108.637 Y46.645 E3941.05096
G1 X108.601 Y46.307 E3941.07357
G1 X108.648 Y45.975 E3941.09588
G1 X108.757 Y45.681 E3941.11674
G1 X108.951 Y45.401 E3941.1394
G1 X109.202 Y45.179 E3941.16169
G1 X109.501 Y45.02 E3941.18421
G1 X109.827 Y44.941 E3941.20653
G1 X110.169 Y44.94 E3941.22928
G1 X110.519 Y45.03 E3941.25332
G1 X110.795 Y45.179 E3941.27418
G1 X111.046 Y45.402 E3941.29651
G1 X111.239 Y45.681 E3941.31908
G1 X111.358 Y45.994 E3941.34136
G1 X111.396 Y46.354 E3941.36544
G1 X111.364 Y46.643 E3941.38478
G1 X111.239 Y46.983 E3941.40888
G1 X111.046 Y47.262 E3941.43144
G1 X110.797 Y47.482 E3941.45355
G1 X110.492 Y47.639 E3941.47636
G1 X110.169 Y47.723 E3941.49856
G1 X110 Y47.723 E3941.50981
G0 F12000 X110 Y48.612
G1 F976.4 X110.276 Y48.612 E3941.52817
G1 X110.812 Y48.483 E3941.56484
G1 X111.305 Y48.222 E3941.60195
G1 X111.717 Y47.858 E3941.63852
G1 X112.037 Y47.394 E3941.67601
G1 X112.228 Y46.887 E3941.71205
G1 X112.298 Y46.332 E3941.74926
G1 X112.228 Y45.777 E3941.78647
G1 X112.037 Y45.27 E3941.82251
G1 X111.717 Y44.806 E3941.86001
G1 X111.305 Y44.442 E3941.89658
G1 X110.812 Y44.181 E3941.93368
G1 X110.276 Y44.053 E3941.97034
G1 X109.72 Y44.052 E3942.00733
G1 X109.184 Y44.181 E3942.044
G1 X108.691 Y44.442 E3942.08111
G1 X108.284 Y44.806 E3942.11743
G1 X107.963 Y45.271 E3942.15501
G1 X107.768 Y45.777 E3942.19109
G1 X107.702 Y46.332 E3942.22826
G1 X107.768 Y46.887 E3942.26544
G1 X107.963 Y47.393 E3942.30152
G1 X108.284 Y47.858 E3942.3391
G1 X108.692 Y48.222 E3942.37547
G1 X109.184 Y48.483 E3942.41252
G1 X109.72 Y48.612 E3942.44919
G1 X110 Y48.612 E3942.46782
G1 F2700 E3937.46782
;MESH:NONMESH
G0 F300 Z7
G0 F12000 X110 Y48.305
G0 X108.455 Y47.708
G0 X107.557 Y48.331
G0 X96.944 Y48.33
G0 X94.724 Y48.166
;TIME_ELAPSED:2829.882905
;LAYER:17
;note -- min layer time used
;TYPE:WALL-INNER
;MESH:bump_plate.obj(1)
G1 F2700 E3942.46782
G1 F785.8 X95.152 Y48.059 E3942.50428
G1 F782.7 X95.549 Y47.852 E3942.54144
G1 F789 X95.88 Y47.559 E3942.57783
G1 F790.6 X96.138 Y47.185 E3942.61515
G1 X96.291 Y46.779 E3942.6508
G1 F787.4 X96.345 Y46.332 E3942.68794
G1 F785.8 X96.291 Y45.885 E3942.72515
G1 F787.4 X96.138 Y45.479 E3942.76094
G1 F789 X95.88 Y45.105 E3942.79834
G1 F790.6 X95.549 Y44.812 E3942.83466
G1 F789 X95.153 Y44.603 E3942.87152
G1 F792.2 X94.724 Y44.498 E3942.90773
G1 F793.8 X94.272 Y44.498 E3942.94471
G1 F790.6 X93.843 Y44.603 E3942.98099
G1 F789 X93.448 Y44.811 E3943.01774
G1 F790.6 X93.12 Y45.103 E3943.05382
G1 F793.8 X92.86 Y45.48 E3943.09129
G1 F789 X92.707 Y45.885 E3943.12693
G1 F785.8 X92.652 Y46.332 E3943.16415
G1 X92.707 Y46.779 E3943.20137
G1 F789 X92.86 Y47.184 E3943.23701
G1 F793.8 X93.12 Y47.561 E3943.27448
G1 F792.2 X93.449 Y47.852 E3943.31049
G1 F785.8 X93.844 Y48.059 E3943.34735
G1 X94.272 Y48.166 E3943.38382
G1 F792.2 X94.724 Y48.166 E3943.42087
G0 F12000 X94.669 Y47.723
;TYPE:WALL-OUTER
G1 F976.4 X94.327 Y47.723 E3943.44362
G1 X94.004 Y47.639 E3943.46583
G1 X93.699 Y47.482 E3943.48864
G1 X93.451 Y47.263 E3943.51065
G1 X93.257 Y46.983 E3943.53331
G1 X93.137 Y46.645 E3943.55717
G1 X93.101 Y46.307 E3943.57978
G1 X93.148 Y45.975 E3943.60209
G1 X93.257 Y45.681 E3943.62294
G1 X93.451 Y45.401 E3943.6456
G1 X93.702 Y45.179 E3943.66789
G1 X94.001 Y45.02 E3943.69042
G1 X94.327 Y44.941 E3943.71273
G1 X94.669 Y44.94 E3943.73548
G1 X95.019 Y45.03 E3943.75952
G1 X95.295 Y45.179 E3943.78039
G1 X95.546 Y45.402 E3943.80272
G1 X95.739 Y45.681 E3943.82529
G1 X95.858 Y45.994 E3943.84756
G1 X95.896 Y46.354 E3943.87164
G1 X95.864 Y46.643 E3943.89099
G1 X95.739 Y46.983 E3943.91508
G1 X95.546 Y47.262 E3943.93765
G1 X95.297 Y47.482 E3943.95975
G1 X94.992 Y47.639 E3943.98257
G1 X94.669 Y47.723 E3944.00477
G0 F12000 X94.776 Y48.612
G1 F976.4 X95.312 Y48.483 E3944.04145
G1 X95.805 Y48.222 E3944.07855
G1 X96.217 Y47.858 E3944.11512
G1 X96.537 Y47.394 E3944.15262
G1 X96.728 Y46.887 E3944.18866
G1 X96.798 Y46.332 E3944.22587
G1 X96.728 Y45.777 E3944.26308
G1 X96.537 Y45.27 E3944.29912
G1 X96.217 Y44.806 E3944.33661
G1 X95.805 Y44.442 E3944.37318
G1 X95.312 Y44.181 E3944.41029
G1 X94.776 Y44.053 E3944.44695
G1 X94.22 Y44.052 E3944.48393
G1 X93.684 Y44.181 E3944.52061
G1 X93.191 Y44.442 E3944.55771
G1 X92.784 Y44.806 E3944.59403
G1 X92.463 Y45.271 E3944.63162
G1 X92.268 Y45.777 E3944.66769
G1 X92.202 Y46.332 E3944.70487
G1 X92.268 Y46.887 E3944.74205
G1 X92.463 Y47.393 E3944.77812
G1 X92.784 Y47.858 E3944.81571
G1 X93.192 Y48.222 E3944.85208
G1 X93.684 Y48.483 E3944.88913
G1 X94.22 Y48.612 E3944.9258
G1 X94.776 Y48.612 E3944.96279
G1 F2700 E3939.96279
G0 F12000 X94.739 Y48.306
G0 X94.724 Y49.48
G0 X94.724 Y136.187
G0 X94.724 Y141.166
;TYPE:WALL-INNER
G1 F2700 E3944.96279
G1 F785.8 X95.152 Y141.059 E3944.99925
G1 F782.7 X95.549 Y140.852 E3945.0364
G1 F789 X95.88 Y140.559 E3945.07279
G1 F790.6 X96.138 Y140.185 E3945.11012
G1 X96.291 Y139.779 E3945.14576
G1 F787.4 X96.345 Y139.332 E3945.1829
G1 F785.8 X96.291 Y138.885 E3945.22012
G1 F787.4 X96.138 Y138.479 E3945.2559
G1 F789 X95.88 Y138.105 E3945.29331
G1 F790.6 X95.549 Y137.812 E3945.32962
G1 F789 X95.153 Y137.603 E3945.36648
G1 F792.2 X94.724 Y137.498 E3945.40269
G1 F793.8 X94.272 Y137.498 E3945.43967
G1 F790.6 X93.843 Y137.603 E3945.47596
G1 F789 X93.448 Y137.811 E3945.51271
G1 F790.6 X93.12 Y138.103 E3945.54878
G1 F793.8 X92.86 Y138.48 E3945.58625
G1 F789 X92.707 Y138.885 E3945.62189
G1 F785.8 X92.652 Y139.332 E3945.65912
G1 X92.707 Y139.779 E3945.69634
G1 F789 X92.86 Y140.184 E3945.73198
G1 F793.8 X93.12 Y140.561 E3945.76945
G1 F792.2 X93.449 Y140.852 E3945.80546
G1 F785.8 X93.844 Y141.059 E3945.84232
G1 X94.272 Y141.166 E3945.87878
G1 F792.2 X94.724 Y141.166 E3945.91584
G0 F12000 X94.669 Y140.723
;TYPE:WALL-OUTER
G1 F976.4 X94.327 Y140.723 E3945.93859
G1 X94.004 Y140.639 E3945.96079
G1 X93.699 Y140.482 E3945.98361
G1 X93.451 Y140.263 E3946.00562
G1 X93.257 Y139.983 E3946.02828
G1 X93.137 Y139.645 E3946.05214
G1 X93.101 Y139.307 E3946.07475
G1 X93.148 Y138.975 E3946.09705
G1 X93.257 Y138.681 E3946.11791
G1 X93.451 Y138.401 E3946.14057
G1 X93.702 Y138.179 E3946.16286
G1 X94.001 Y138.02 E3946.18539
G1 X94.327 Y137.941 E3946.2077
G1 X94.669 Y137.94 E3946.23045
G1 X95.019 Y138.03 E3946.25449
G1 X95.295 Y138.179 E3946.27535
G1 X95.546 Y138.402 E3946.29769
G1 X95.739 Y138.681 E3946.32026
G1 X95.858 Y138.994 E3946.34253
G1 X95.896 Y139.354 E3946.36661
G1 X95.864 Y139.643 E3946.38595
G1 X95.739 Y139.983 E3946.41005
G1 X95.546 Y140.262 E3946.43262
G1 X95.297 Y140.482 E3946.45472
G1 X94.992 Y140.639 E3946.47754
G1 X94.669 Y140.723 E3946.49974
G0 F12000 X94.776 Y141.612
G1 F976.4 X95.312 Y141.483 E3946.53641
G1 X95.805 Y141.222 E3946.57352
G1 X96.217 Y140.858 E3946.61009
G1 X96.537 Y140.394 E3946.64758
G1 X96.728 Y139.887 E3946.68362
G1 X96.798 Y139.332 E3946.72083
G1 X96.728 Y138.777 E3946.75804
G1 X96.537 Y138.27 E3946.79408
G1 X96.217 Y137.806 E3946.83158
G1 X95.805 Y137.442 E3946.86815
G1 X95.312 Y137.181 E3946.90526
G1 X94.776 Y137.053 E3946.94191
G1 X94.22 Y137.052 E3946.9789
G1 X93.684 Y137.181 E3947.01557
G1 X93.191 Y137.442 E3947.05268
G1 X92.784 Y137.806 E3947.089
G1 X92.463 Y138.271 E3947.12659
G1 X92.268 Y138.777 E3947.16266
G1 X92.202 Y139.332 E3947.19984
G1 X92.268 Y139.887 E3947.23702
G1 X92.463 Y140.393 E3947.27309
G1 X92.784 Y140.858 E3947.31067
G1 X93.192 Y141.222 E3947.34705
G1 X93.684 Y141.483 E3947.38409
G1 X94.22 Y141.612 E3947.42077
G1 X94.776 Y141.612 E3947.45775
G1 F2700 E3942.45775
;MESH:bump_plate.obj
G0 F12000 X94.739 Y141.306
G0 X96.045 Y140.708
G0 X96.944 Y141.33
G0 X107.557 Y141.331
G0 X110 Y141.166
;TYPE:WALL-INNER
G1 F2700 E3947.45775
G1 F793.8 X110.224 Y141.166 E3947.47608
G1 F785.8 X110.652 Y141.059 E3947.51254
G1 F782.7 X111.049 Y140.852 E3947.5497
G1 F789 X111.38 Y140.559 E3947.58609
G1 F790.6 X111.638 Y140.185 E3947.62341
G1 X111.791 Y139.779 E3947.65906
G1 F787.4 X111.845 Y139.332 E3947.6962
G1 F785.8 X111.791 Y138.885 E3947.73341
G1 F787.4 X111.638 Y138.479 E3947.7692
G1 F789 X111.38 Y138.105 E3947.8066
G1 F790.6 X111.049 Y137.812 E3947.84292
G1 F789 X110.653 Y137.603 E3947.87977
G1 F792.2 X110.224 Y137.498 E3947.91599
G1 F793.8 X109.772 Y137.498 E3947.95297
G1 F790.6 X109.343 Y137.603 E3947.98925
G1 F789 X108.948 Y137.811 E3948.026
G1 F790.6 X108.62 Y138.103 E3948.06208
G1 F793.8 X108.36 Y138.48 E3948.09955
G1 F789 X108.207 Y138.885 E3948.13519
G1 F785.8 X108.152 Y139.332 E3948.17241
G1 X108.207 Y139.779 E3948.20963
G1 F789 X108.36 Y140.184 E3948.24527
G1 F793.8 X108.62 Y140.561 E3948.28274
G1 F792.2 X108.949 Y140.852 E3948.31875
G1 F785.8 X109.344 Y141.059 E3948.35561
G1 X109.772 Y141.166 E3948.39208
G1 F792.2 X110 Y141.166 E3948.41077
G0 F12000 X110 Y140.723
;TYPE:WALL-OUTER
G1 F976.4 X109.827 Y140.723 E3948.42228
G1 X109.504 Y140.639 E3948.44448
G1 X109.199 Y140.482 E3948.4673
G1 X108.951 Y140.263 E3948.48931
G1 X108.757 Y139.983 E3948.51196
G1 X108.637 Y139.645 E3948.53582
G1 X108.601 Y139.307 E3948.55843
G1 X108.648 Y138.975 E3948.58074
G1 X108.757 Y138.681 E3948.6016
G1 X108.951 Y138.401 E3948.62426
G1 X109.202 Y138.179 E3948.64655
G1 X109.501 Y138.02 E3948.66907
G1 X109.827 Y137.941 E3948.69139
G1 X110.169 Y137.94 E3948.71414
G1 X110.519 Y138.03 E3948.73818
G1 X110.795 Y138.179 E3948.75904
G1 X111.046 Y138.402 E3948.78138
G1 X111.239 Y138.681 E3948.80394
G1 X111.358 Y138.994 E3948.82622
G1 X111.396 Y139.354 E3948.8503
G1 X111.364 Y139.643 E3948.86964
G1 X111.239 Y139.983 E3948.89374
G1 X111.046 Y140.262 E3948.9163
G1 X110.797 Y140.482 E3948.93841
G1 X110.492 Y140.639 E3948.96122
G1 X110.169 Y140.723 E3948.98343
G1 X110 Y140.723 E3948.99467
G0 F12000 X110 Y141.612
G1 F976.4 X110.276 Y141.612 E3949.01303
G1 X110.812 Y141.483 E3949.0497
G1 X111.305 Y141.222 E3949.08681
G1 X111.717 Y140.858 E3949.12338
G1 X112.037 Y140.394 E3949.16087
G1 X112.228 Y139.887 E3949.19691
G1 X112.298 Y139.332 E3949.23412
G1 X112.228 Y138.777 E3949.27133
G1 X112.037 Y138.27 E3949.30737
G1 X111.717 Y137.806 E3949.34487
G1 X111.305 Y137.442 E3949.38144
G1 X110.812 Y137.181 E3949.41854
G1 X110.276 Y137.053 E3949.4552
G1 X109.72 Y137.052 E3949.49219
G1 X109.184 Y137.181 E3949.52886
G1 X108.691 Y137.442 E3949.56597
G1 X108.284 Y137.806 E3949.60229
G1 X107.963 Y138.271 E3949.63987
G1 X107.768 Y138.777 E3949.67595
G1 X107.702 Y139.332 E3949.71312
G1 X107.768 Y139.887 E3949.7503
G1 X107.963 Y140.393 E3949.78638
G1 X108.284 Y140.858 E3949.82396
G1 X108.692 Y141.222 E3949.86033
G1 X109.184 Y141.483 E3949.89738
G1 X109.72 Y141.612 E3949.93405
G1 X110 Y141.612 E3949.95268
G1 F2700 E3944.95268
G0 F12000 X110 Y141.305
G0 X109.06 Y140.692
G0 X108.763 Y140.429
G0 X108.535 Y140.099
G0 X108.396 Y139.729
G0 X108.347 Y139.334
G0 X108.396 Y138.937
G0 X108.535 Y138.567
G0 X108.74 Y138.271
G0 X110 Y137.282
G0 X110 Y136.187
G0 X110 Y49.48
G0 X110 Y48.166
;TYPE:WALL-INNER
G1 F2700 E3949.95268
G1 F793.8 X110.224 Y48.166 E3949.97101
G1 F785.8 X110.652 Y48.059 E3950.00747
G1 F782.7 X111.049 Y47.852 E3950.04463
G1 F789 X111.38 Y47.559 E3950.08101
G1 F790.6 X111.638 Y47.185 E3950.11834
G1 X111.791 Y46.779 E3950.15399
G1 F787.4 X111.845 Y46.332 E3950.19112
G1 F785.8 X111.791 Y45.885 E3950.22834
G1 F787.4 X111.638 Y45.479 E3950.26413
G1 F789 X111.38 Y45.105 E3950.30153
G1 F790.6 X111.049 Y44.812 E3950.33784
G1 F789 X110.653 Y44.603 E3950.3747
G1 F792.2 X110.224 Y44.498 E3950.41091
G1 F793.8 X109.772 Y44.498 E3950.4479
G1 F790.6 X109.343 Y44.603 E3950.48418
G1 F789 X108.948 Y44.811 E3950.52093
G1 F790.6 X108.62 Y45.103 E3950.55701
G1 F793.8 X108.36 Y45.48 E3950.59448
G1 F789 X108.207 Y45.885 E3950.63011
G1 F785.8 X108.152 Y46.332 E3950.66734
G1 X108.207 Y46.779 E3950.70456
G1 F789 X108.36 Y47.184 E3950.7402
G1 F793.8 X108.62 Y47.561 E3950.77767
G1 F792.2 X108.949 Y47.852 E3950.81368
G1 F785.8 X109.344 Y48.059 E3950.85054
G1 X109.772 Y48.166 E3950.887
G1 F792.2 X110 Y48.166 E3950.9057
G0 F12000 X110 Y47.723
;TYPE:WALL-OUTER
G1 F976.4 X109.827 Y47.723 E3950.91721
G1 X109.504 Y47.639 E3950.93941
G1 X109.199 Y47.482 E3950.96223
G1 X108.951 Y47.263 E3950.98423
G1 X108.757 Y46.983 E3951.00689
G1 X108.637 Y46.645 E3951.03075
G1 X108.601 Y46.307 E3951.05336
G1 X108.648 Y45.975 E3951.07567
G1 X108.757 Y45.681 E3951.09653
G1 X108.951 Y45.401 E3951.11919
G1 X109.202 Y45.179 E3951.14148
G1 X109.501 Y45.02 E3951.164
G1 X109.827 Y44.941 E3951.18632
G1 X110.169 Y44.94 E3951.20907
G1 X110.519 Y45.03 E3951.23311
G1 X110.795 Y45.179 E3951.25397
G1 X111.046 Y45.402 E3951.2763
G1 X111.239 Y45.681 E3951.29887
G1 X111.358 Y45.994 E3951.32115
G1 X111.396 Y46.354 E3951.34523
G1 X111.364 Y46.643 E3951.36457
G1 X111.239 Y46.983 E3951.38866
G1 X111.046 Y47.262 E3951.41123
G1 X110.797 Y47.482 E3951.43333
G1 X110.492 Y47.639 E3951.45615
G1 X110.169 Y47.723 E3951.47835
G1 X110 Y47.723 E3951.4896
G0 F12000 X110 Y48.612
G1 F976.4 X110.276 Y48.612 E3951.50796
G1 X110.812 Y48.483 E3951.54463
G1 X111.305 Y48.222 E3951.58173
G1 X111.717 Y47.858 E3951.61831
G1 X112.037 Y47.394 E3951.6558
G1 X112.228 Y46.887 E3951.69184
G1 X112.298 Y46.332 E3951.72905
G1 X112.228 Y45.777 E3951.76626
G1 X112.037 Y45.27 E3951.8023
G1 X111.717 Y44.806 E3951.83979
G1 X111.305 Y44.442 E3951.87637
G1 X110.812 Y44.181 E3951.91347
G1 X110.276 Y44.053 E3951.95013
G1 X109.72 Y44.052 E3951.98711
G1 X109.184 Y44.181 E3952.02379
G1 X108.691 Y44.442 E3952.06089
G1 X108.284 Y44.806 E3952.09722
G1 X107.963 Y45.271 E3952.1348
G1 X107.768 Y45.777 E3952.17087
G1 X107.702 Y46.332 E3952.20805
G1 X107.768 Y46.887 E3952.24523
G1 X107.963 Y47.393 E3952.2813
G1 X108.284 Y47.858 E3952.31889
G1 X108.692 Y48.222 E3952.35526
G1 X109.184 Y48.483 E3952.39231
G1 X109.72 Y48.612 E3952.42898
G1 X110 Y48.612 E3952.44761
G1 F2700 E3947.44761
;MESH:NONMESH
G0 F300 Z7.4
G0 F12000 X110 Y48.305
G0 X108.455 Y47.708
G0 X107.557 Y48.331
G0 X96.944 Y48.33
G0 X94.724 Y48.166
;TIME_ELAPSED:2844.143626
;LAYER:18
;note -- min layer time used
;TYPE:WALL-INNER
;MESH:bump_plate.obj(1)
G1 F2700 E3952.44761
G1 F785.8 X95.152 Y48.059 E3952.48407
G1 F782.7 X95.549 Y47.852 E3952.52123
G1 F789 X95.88 Y47.559 E3952.55762
G1 F790.6 X96.138 Y47.185 E3952.59494
G1 X96.291 Y46.779 E3952.63059
G1 F787.4 X96.345 Y46.332 E3952.66772
G1 F785.8 X96.291 Y45.885 E3952.70494
G1 F787.4 X96.138 Y45.479 E3952.74073
G1 F789 X95.88 Y45.105 E3952.77813
G1 F790.6 X95.549 Y44.812 E3952.81444
G1 F789 X95.153 Y44.603 E3952.8513
G1 F792.2 X94.724 Y44.498 E3952.88751
G1 F793.8 X94.272 Y44.498 E3952.9245
G1 F790.6 X93.843 Y44.603 E3952.96078
G1 F789 X93.448 Y44.811 E3952.99753
G1 F790.6 X93.12 Y45.103 E3953.03361
G1 F793.8 X92.86 Y45.48 E3953.07108
G1 F789 X92.707 Y45.885 E3953.10672
G1 F785.8 X92.652 Y46.332 E3953.14394
G1 X92.707 Y46.779 E3953.18116
G1 F789 X92.86 Y47.184 E3953.2168
G1 F793.8 X93.12 Y47.561 E3953.25427
G1 F792.2 X93.449 Y47.852 E3953.29028
G1 F785.8 X93.844 Y48.059 E3953.32714
G1 X94.272 Y48.166 E3953.36361
G1 F792.2 X94.724 Y48.166 E3953.40066
G0 F12000 X94.669 Y47.723
;TYPE:WALL-OUTER
G1 F976.4 X94.327 Y47.723 E3953.42341
G1 X94.004 Y47.639 E3953.44561
G1 X93.699 Y47.482 E3953.46843
G1 X93.451 Y47.263 E3953.49044
G1 X93.257 Y46.983 E3953.5131
G1 X93.137 Y46.645 E3953.53696
G1 X93.101 Y46.307 E3953.55957
G1 X93.148 Y45.975 E3953.58188
G1 X93.257 Y45.681 E3953.60273
G1 X93.451 Y45.401 E3953.62539
G1 X93.702 Y45.179 E3953.64768
G1 X94.001 Y45.02 E3953.67021
G1 X94.327 Y44.941 E3953.69252
G1 X94.669 Y44.94 E3953.71527
G1 X95.019 Y45.03 E3953.73931
G1 X95.295 Y45.179 E3953.76018
G1 X95.546 Y45.402 E3953.78251
G1 X95.739 Y45.681 E3953.80508
G1 X95.858 Y45.994 E3953.82735
G1 X95.896 Y46.354 E3953.85143
G1 X95.864 Y46.643 E3953.87078
G1 X95.739 Y46.983 E3953.89487
G1 X95.546 Y47.262 E3953.91744
G1 X95.297 Y47.482 E3953.93954
G1 X94.992 Y47.639 E3953.96236
G1 X94.669 Y47.723 E3953.98456
G0 F12000 X94.776 Y48.612
G1 F976.4 X95.312 Y48.483 E3954.02123
G1 X95.805 Y48.222 E3954.05834
G1 X96.217 Y47.858 E3954.09491
G1 X96.537 Y47.394 E3954.13241
G1 X96.728 Y46.887 E3954.16844
G1 X96.798 Y46.332 E3954.20566
G1 X96.728 Y45.777 E3954.24287
G1 X96.537 Y45.27 E3954.27891
G1 X96.217 Y44.806 E3954.3164
G1 X95.805 Y44.442 E3954.35297
G1 X95.312 Y44.181 E3954.39008
G1 X94.776 Y44.053 E3954.42674
G1 X94.22 Y44.052 E3954.46372
G1 X93.684 Y44.181 E3954.50039
G1 X93.191 Y44.442 E3954.5375
G1 X92.784 Y44.806 E3954.57382
G1 X92.463 Y45.271 E3954.61141
G1 X92.268 Y45.777 E3954.64748
G1 X92.202 Y46.332 E3954.68466
G1 X92.268 Y46.887 E3954.72184
G1 X92.463 Y47.393 E3954.75791
G1 X92.784 Y47.858 E3954.7955
G1 X93.192 Y48.222 E3954.83187
G1 X93.684 Y48.483 E3954.86892
G1 X94.22 Y48.612 E3954.90559
G1 X94.776 Y48.612 E3954.94257
G1 F2700 E3949.94257
G0 F12000 X94.739 Y48.306
G0 X94.724 Y49.48
G0 X94.724 Y136.187
G0 X94.724 Y141.166
;TYPE:WALL-INNER
G1 F2700 E3954.94257
G1 F785.8 X95.152 Y141.059 E3954.97904
G1 F782.7 X95.549 Y140.852 E3955.01619
G1 F789 X95.88 Y140.559 E3955.05258
G1 F790.6 X96.138 Y140.185 E3955.08991
G1 X96.291 Y139.779 E3955.12555
G1 F787.4 X96.345 Y139.332 E3955.16269
G1 F785.8 X96.291 Y138.885 E3955.1999
G1 F787.4 X96.138 Y138.479 E3955.23569
G1 F789 X95.88 Y138.105 E3955.27309
G1 F790.6 X95.549 Y137.812 E3955.30941
G1 F789 X95.153 Y137.603 E3955.34627
G1 F792.2 X94.724 Y137.498 E3955.38248
G1 F793.8 X94.272 Y137.498 E3955.41946
G1 F790.6 X93.843 Y137.603 E3955.45575
G1 F789 X93.448 Y137.811 E3955.4925
G1 F790.6 X93.12 Y138.103 E3955.52857
G1 F793.8 X92.86 Y138.48 E3955.56604
G1 F789 X92.707 Y138.885 E3955.60168
G1 F785.8 X92.652 Y139.332 E3955.63891
G1 X92.707 Y139.779 E3955.67613
G1 F789 X92.86 Y140.184 E3955.71177
G1 F793.8 X93.12 Y140.561 E3955.74924
G1 F792.2 X93.449 Y140.852 E3955.78525
G1 F785.8 X93.844 Y141.059 E3955.82211
G1 X94.272 Y141.166 E3955.85857
G1 F792.2 X94.724 Y141.166 E3955.89563
G0 F12000 X94.669 Y140.723
;TYPE:WALL-OUTER
G1 F976.4 X94.327 Y140.723 E3955.91838
G1 X94.004 Y140.639 E3955.94058
G1 X93.699 Y140.482 E3955.9634
G1 X93.451 Y140.263 E3955.98541
G1 X93.257 Y139.983 E3956.00807
G1 X93.137 Y139.645 E3956.03193
G1 X93.101 Y139.307 E3956.05454
G1 X93.148 Y138.975 E3956.07684
G1 X93.257 Y138.681 E3956.0977
G1 X93.451 Y138.401 E3956.12036
G1 X93.702 Y138.179 E3956.14265
G1 X94.001 Y138.02 E3956.16518
G1 X94.327 Y137.941 E3956.18749
G1 X94.669 Y137.94 E3956.21024
G1 X95.019 Y138.03 E3956.23428
G1 X95.295 Y138.179 E3956.25514
G1 X95.546 Y138.402 E3956.27748
G1 X95.739 Y138.681 E3956.30004
G1 X95.858 Y138.994 E3956.32232
G1 X95.896 Y139.354 E3956.3464
G1 X95.864 Y139.643 E3956.36574
G1 X95.739 Y139.983 E3956.38984
G1 X95.546 Y140.262 E3956.41241
G1 X95.297 Y140.482 E3956.43451
G1 X94.992 Y140.639 E3956.45733
G1 X94.669 Y140.723 E3956.47953
G0 F12000 X94.776 Y141.612
G1 F976.4 X95.312 Y141.483 E3956.5162
G1 X95.805 Y141.222 E3956.55331
G1 X96.217 Y140.858 E3956.58988
G1 X96.537 Y140.394 E3956.62737
G1 X96.728 Y139.887 E3956.66341
G1 X96.798 Y139.332 E3956.70062
G1 X96.728 Y138.777 E3956.73783
G1 X96.537 Y138.27 E3956.77387
G1 X96.217 Y137.806 E3956.81137
G1 X95.805 Y137.442 E3956.84794
G1 X95.312 Y137.181 E3956.88504
G1 X94.776 Y137.053 E3956.9217
G1 X94.22 Y137.052 E3956.95869
G1 X93.684 Y137.181 E3956.99536
G1 X93.191 Y137.442 E3957.03247
G1 X92.784 Y137.806 E3957.06879
G1 X92.463 Y138.271 E3957.10637
G1 X92.268 Y138.777 E3957.14245
G1 X92.202 Y139.332 E3957.17963
G1 X92.268 Y139.887 E3957.2168
G1 X92.463 Y140.393 E3957.25288
G1 X92.784 Y140.858 E3957.29046
G1 X93.192 Y141.222 E3957.32683
G1 X93.684 Y141.483 E3957.36388
G1 X94.22 Y141.612 E3957.40056
G1 X94.776 Y141.612 E3957.43754
G1 F2700 E3952.43754
;MESH:bump_plate.obj
G0 F12000 X94.739 Y141.306
G0 X96.045 Y140.708
G0 X96.944 Y141.33
G0 X107.557 Y141.331
G0 X110 Y141.166
;TYPE:WALL-INNER
G1 F2700 E3957.43754
G1 F793.8 X110.224 Y141.166 E3957.45587
G1 F785.8 X110.652 Y141.059 E3957.49233
G1 F782.7 X111.049 Y140.852 E3957.52949
G1 F789 X111.38 Y140.559 E3957.56588
G1 F790.6 X111.638 Y140.185 E3957.6032
G1 X111.791 Y139.779 E3957.63885
G1 F787.4 X111.845 Y139.332 E3957.67598
G1 F785.8 X111.791 Y138.885 E3957.7132
G1 F787.4 X111.638 Y138.479 E3957.74899
G1 F789 X111.38 Y138.105 E3957.78639
G1 F790.6 X111.049 Y137.812 E3957.8227
G1 F789 X110.653 Y137.603 E3957.85956
G1 F792.2 X110.224 Y137.498 E3957.89577
G1 F793.8 X109.772 Y137.498 E3957.93276
G1 F790.6 X109.343 Y137.603 E3957.96904
G1 F789 X108.948 Y137.811 E3958.00579
G1 F790.6 X108.62 Y138.103 E3958.04187
G1 F793.8 X108.36 Y138.48 E3958.07934
G1 F789 X108.207 Y138.885 E3958.11497
G1 F785.8 X108.152 Y139.332 E3958.1522
G1 X108.207 Y139.779 E3958.18942
G1 F789 X108.36 Y140.184 E3958.22506
G1 F793.8 X108.62 Y140.561 E3958.26253
G1 F792.2 X108.949 Y140.852 E3958.29854
G1 F785.8 X109.344 Y141.059 E3958.3354
G1 X109.772 Y141.166 E3958.37186
G1 F792.2 X110 Y141.166 E3958.39056
G0 F12000 X110 Y140.723
;TYPE:WALL-OUTER
G1 F976.4 X109.827 Y140.723 E3958.40207
G1 X109.504 Y140.639 E3958.42427
G1 X109.199 Y140.482 E3958.44709
G1 X108.951 Y140.263 E3958.46909
G1 X108.757 Y139.983 E3958.49175
G1 X108.637 Y139.645 E3958.51561
G1 X108.601 Y139.307 E3958.53822
G1 X108.648 Y138.975 E3958.56053
G1 X108.757 Y138.681 E3958.58139
G1 X108.951 Y138.401 E3958.60405
G1 X109.202 Y138.179 E3958.62634
G1 X109.501 Y138.02 E3958.64886
G1 X109.827 Y137.941 E3958.67118
G1 X110.169 Y137.94 E3958.69393
G1 X110.519 Y138.03 E3958.71797
G1 X110.795 Y138.179 E3958.73883
G1 X111.046 Y138.402 E3958.76116
G1 X111.239 Y138.681 E3958.78373
G1 X111.358 Y138.994 E3958.80601
G1 X111.396 Y139.354 E3958.83009
G1 X111.364 Y139.643 E3958.84943
G1 X111.239 Y139.983 E3958.87352
G1 X111.046 Y140.262 E3958.89609
G1 X110.797 Y140.482 E3958.91819
G1 X110.492 Y140.639 E3958.94101
G1 X110.169 Y140.723 E3958.96321
G1 X110 Y140.723 E3958.97446
G0 F12000 X110 Y141.612
G1 F976.4 X110.276 Y141.612 E3958.99282
G1 X110.812 Y141.483 E3959.02949
G1 X111.305 Y141.222 E3959.06659
G1 X111.717 Y140.858 E3959.10317
G1 X112.037 Y140.394 E3959.14066
G1 X112.228 Y139.887 E3959.1767
G1 X112.298 Y139.332 E3959.21391
G1 X112.228 Y138.777 E3959.25112
G1 X112.037 Y138.27 E3959.28716
G1 X111.717 Y137.806 E3959.32465
G1 X111.305 Y137.442 E3959.36123
G1 X110.812 Y137.181 E3959.39833
G1 X110.276 Y137.053 E3959.43499
G1 X109.72 Y137.052 E3959.47197
G1 X109.184 Y137.181 E3959.50865
G1 X108.691 Y137.442 E3959.54575
G1 X108.284 Y137.806 E3959.58208
G1 X107.963 Y138.271 E3959.61966
G1 X107.768 Y138.777 E3959.65573
G1 X107.702 Y139.332 E3959.69291
G1 X107.768 Y139.887 E3959.73009
G1 X107.963 Y140.393 E3959.76616
G1 X108.284 Y140.858 E3959.80375
G1 X108.692 Y141.222 E3959.84012
G1 X109.184 Y141.483 E3959.87717
G1 X109.72 Y141.612 E3959.91384
G1 X110 Y141.612 E3959.93247
G1 F2700 E3954.93247
G0 F12000 X110 Y141.305
G0 X109.06 Y140.692
G0 X108.763 Y140.429
G0 X108.535 Y140.099
G0 X108.396 Y139.729
G0 X108.347 Y139.334
G0 X108.396 Y138.937
G0 X108.535 Y138.567
G0 X108.74 Y138.271
G0 X110 Y137.282
G0 X110 Y136.187
G0 X110 Y49.48
G0 X110 Y48.166
;TYPE:WALL-INNER
G1 F2700 E3959.93247
G1 F793.8 X110.224 Y48.166 E3959.9508
G1 F785.8 X110.652 Y48.059 E3959.98726
G1 F782.7 X111.049 Y47.852 E3960.02441
G1 F789 X111.38 Y47.559 E3960.0608
G1 F790.6 X111.638 Y47.185 E3960.09813
G1 X111.791 Y46.779 E3960.13377
G1 F787.4 X111.845 Y46.332 E3960.17091
G1 F785.8 X111.791 Y45.885 E3960.20813
G1 F787.4 X111.638 Y45.479 E3960.24391
G1 F789 X111.38 Y45.105 E3960.28132
G1 F790.6 X111.049 Y44.812 E3960.31763
G1 F789 X110.653 Y44.603 E3960.35449
G1 F792.2 X110.224 Y44.498 E3960.3907
G1 F793.8 X109.772 Y44.498 E3960.42769
G1 F790.6 X109.343 Y44.603 E3960.46397
G1 F789 X108.948 Y44.811 E3960.50072
G1 F790.6 X108.62 Y45.103 E3960.53679
G1 F793.8 X108.36 Y45.48 E3960.57426
G1 F789 X108.207 Y45.885 E3960.6099
G1 F785.8 X108.152 Y46.332 E3960.64713
G1 X108.207 Y46.779 E3960.68435
G1 F789 X108.36 Y47.184 E3960.71999
G1 F793.8 X108.62 Y47.561 E3960.75746
G1 F792.2 X108.949 Y47.852 E3960.79347
G1 F785.8 X109.344 Y48.059 E3960.83033
G1 X109.772 Y48.166 E3960.86679
G1 F792.2 X110 Y48.166 E3960.88549
G0 F12000 X110 Y47.723
;TYPE:WALL-OUTER
G1 F976.4 X109.827 Y47.723 E3960.89699
G1 X109.504 Y47.639 E3960.91919
G1 X109.199 Y47.482 E3960.94201
G1 X108.951 Y47.263 E3960.96402
G1 X108.757 Y46.983 E3960.98668
G1 X108.637 Y46.645 E3961.01054
G1 X108.601 Y46.307 E3961.03315
G1 X108.648 Y45.975 E3961.05546
G1 X108.757 Y45.681 E3961.07631
G1 X108.951 Y45.401 E3961.09897
G1 X109.202 Y45.179 E3961.12126
G1 X109.501 Y45.02 E3961.14379
G1 X109.827 Y44.941 E3961.1661
G1 X110.169 Y44.94 E3961.18885
G1 X110.519 Y45.03 E3961.21289
G1 X110.795 Y45.179 E3961.23376
G1 X111.046 Y45.402 E3961.25609
G1 X111.239 Y45.681 E3961.27866
G1 X111.358 Y45.994 E3961.30093
G1 X111.396 Y46.354 E3961.32501
G1 X111.364 Y46.643 E3961.34436
G1 X111.239 Y46.983 E3961.36845
G1 X111.046 Y47.262 E3961.39102
G1 X110.797 Y47.482 E3961.41312
G1 X110.492 Y47.639 E3961.43594
G1 X110.169 Y47.723 E3961.45814
G1 X110 Y47.723 E3961.46938
G0 F12000 X110 Y48.612
G1 F976.4 X110.276 Y48.612 E3961.48774
G1 X110.812 Y48.483 E3961.52442
G1 X111.305 Y48.222 E3961.56152
G1 X111.717 Y47.858 E3961.59809
G1 X112.037 Y47.394 E3961.63559
G1 X112.228 Y46.887 E3961.67163
G1 X112.298 Y46.332 E3961.70884
G1 X112.228 Y45.777 E3961.74605
G1 X112.037 Y45.27 E3961.78209
G1 X111.717 Y44.806 E3961.81958
G1 X111.305 Y44.442 E3961.85615
G1 X110.812 Y44.181 E3961.89326
G1 X110.276 Y44.053 E3961.92992
G1 X109.72 Y44.052 E3961.9669
G1 X109.184 Y44.181 E3962.00358
G1 X108.691 Y44.442 E3962.04068
G1 X108.284 Y44.806 E3962.077
G1 X107.963 Y45.271 E3962.11459
G1 X107.768 Y45.777 E3962.15066
G1 X107.702 Y46.332 E3962.18784
G1 X107.768 Y46.887 E3962.22502
G1 X107.963 Y47.393 E3962.26109
G1 X108.284 Y47.858 E3962.29868
G1 X108.692 Y48.222 E3962.33505
G1 X109.184 Y48.483 E3962.3721
G1 X109.72 Y48.612 E3962.40877
G1 X110 Y48.612 E3962.4274
G1 F2700 E3957.4274
;MESH:NONMESH
G0 F300 Z7.8
G0 F12000 X110 Y48.305
G0 X108.455 Y47.708
G0 X107.557 Y48.331
G0 X96.944 Y48.33
G0 X94.724 Y48.166
;TIME_ELAPSED:2858.404346
;LAYER:19
;note -- min layer time used
;TYPE:WALL-INNER
;MESH:bump_plate.obj(1)
G1 F2700 E3962.4274
G1 F785.8 X95.152 Y48.059 E3962.46386
G1 F782.7 X95.549 Y47.852 E3962.50102
G1 F789 X95.88 Y47.559 E3962.5374
G1 F790.6 X96.138 Y47.185 E3962.57473
G1 X96.291 Y46.779 E3962.61037
G1 F787.4 X96.345 Y46.332 E3962.64751
G1 F785.8 X96.291 Y45.885 E3962.68473
G1 F787.4 X96.138 Y45.479 E3962.72052
G1 F789 X95.88 Y45.105 E3962.75792
G1 F790.6 X95.549 Y44.812 E3962.79423
G1 F789 X95.153 Y44.603 E3962.83109
G1 F792.2 X94.724 Y44.498 E3962.8673
G1 F793.8 X94.272 Y44.498 E3962.90429
G1 F790.6 X93.843 Y44.603 E3962.94057
G1 F789 X93.448 Y44.811 E3962.97732
G1 F790.6 X93.12 Y45.103 E3963.0134
G1 F793.8 X92.86 Y45.48 E3963.05087
G1 F789 X92.707 Y45.885 E3963.0865
G1 F785.8 X92.652 Y46.332 E3963.12373
G1 X92.707 Y46.779 E3963.16095
G1 F789 X92.86 Y47.184 E3963.19659
G1 F793.8 X93.12 Y47.561 E3963.23406
G1 F792.2 X93.449 Y47.852 E3963.27007
G1 F785.8 X93.844 Y48.059 E3963.30693
G1 X94.272 Y48.166 E3963.34339
G1 F792.2 X94.724 Y48.166 E3963.38045
G0 F12000 X94.669 Y47.723
;TYPE:WALL-OUTER
G1 F976.4 X94.327 Y47.723 E3963.4032
G1 X94.004 Y47.639 E3963.4254
G1 X93.699 Y47.482 E3963.44822
G1 X93.451 Y47.263 E3963.47023
G1 X93.257 Y46.983 E3963.49289
G1 X93.137 Y46.645 E3963.51675
G1 X93.101 Y46.307 E3963.53936
G1 X93.148 Y45.975 E3963.56166
G1 X93.257 Y45.681 E3963.58252
G1 X93.451 Y45.401 E3963.60518
G1 X93.702 Y45.179 E3963.62747
G1 X94.001 Y45.02 E3963.65
G1 X94.327 Y44.941 E3963.67231
G1 X94.669 Y44.94 E3963.69506
G1 X95.019 Y45.03 E3963.7191
G1 X95.295 Y45.179 E3963.73997
G1 X95.546 Y45.402 E3963.7623
G1 X95.739 Y45.681 E3963.78487
G1 X95.858 Y45.994 E3963.80714
G1 X95.896 Y46.354 E3963.83122
G1 X95.864 Y46.643 E3963.85056
G1 X95.739 Y46.983 E3963.87466
G1 X95.546 Y47.262 E3963.89723
G1 X95.297 Y47.482 E3963.91933
G1 X94.992 Y47.639 E3963.94215
G1 X94.669 Y47.723 E3963.96435
G0 F12000 X94.776 Y48.612
G1 F976.4 X95.312 Y48.483 E3964.00102
G1 X95.805 Y48.222 E3964.03813
G1 X96.217 Y47.858 E3964.0747
G1 X96.537 Y47.394 E3964.11219
G1 X96.728 Y46.887 E3964.14823
G1 X96.798 Y46.332 E3964.18544
G1 X96.728 Y45.777 E3964.22266
G1 X96.537 Y45.27 E3964.2587
G1 X96.217 Y44.806 E3964.29619
G1 X95.805 Y44.442 E3964.33276
G1 X95.312 Y44.181 E3964.36987
G1 X94.776 Y44.053 E3964.40652
G1 X94.22 Y44.052 E3964.44351
G1 X93.684 Y44.181 E3964.48018
G1 X93.191 Y44.442 E3964.51729
G1 X92.784 Y44.806 E3964.55361
G1 X92.463 Y45.271 E3964.5912
G1 X92.268 Y45.777 E3964.62727
G1 X92.202 Y46.332 E3964.66445
G1 X92.268 Y46.887 E3964.70163
G1 X92.463 Y47.393 E3964.7377
G1 X92.784 Y47.858 E3964.77529
G1 X93.192 Y48.222 E3964.81166
G1 X93.684 Y48.483 E3964.84871
G1 X94.22 Y48.612 E3964.88538
G1 X94.776 Y48.612 E3964.92236
G1 F2700 E3959.92236
G0 F12000 X94.739 Y48.306
G0 X94.724 Y49.48
G0 X94.724 Y136.187
G0 X94.724 Y141.166
;TYPE:WALL-INNER
G1 F2700 E3964.92236
G1 F785.8 X95.152 Y141.059 E3964.95883
G1 F782.7 X95.549 Y140.852 E3964.99598
G1 F789 X95.88 Y140.559 E3965.03237
G1 F790.6 X96.138 Y140.185 E3965.0697
G1 X96.291 Y139.779 E3965.10534
G1 F787.4 X96.345 Y139.332 E3965.14248
G1 F785.8 X96.291 Y138.885 E3965.17969
G1 F787.4 X96.138 Y138.479 E3965.21548
G1 F789 X95.88 Y138.105 E3965.25288
G1 F790.6 X95.549 Y137.812 E3965.2892
G1 F789 X95.153 Y137.603 E3965.32606
G1 F792.2 X94.724 Y137.498 E3965.36227
G1 F793.8 X94.272 Y137.498 E3965.39925
G1 F790.6 X93.843 Y137.603 E3965.43554
G1 F789 X93.448 Y137.811 E3965.47228
G1 F790.6 X93.12 Y138.103 E3965.50836
G1 F793.8 X92.86 Y138.48 E3965.54583
G1 F789 X92.707 Y138.885 E3965.58147
G1 F785.8 X92.652 Y139.332 E3965.61869
G1 X92.707 Y139.779 E3965.65592
G1 F789 X92.86 Y140.184 E3965.69156
G1 F793.8 X93.12 Y140.561 E3965.72903
G1 F792.2 X93.449 Y140.852 E3965.76504
G1 F785.8 X93.844 Y141.059 E3965.8019
G1 X94.272 Y141.166 E3965.83836
G1 F792.2 X94.724 Y141.166 E3965.87542
G0 F12000 X94.669 Y140.723
;TYPE:WALL-OUTER
G1 F976.4 X94.327 Y140.723 E3965.89817
G1 X94.004 Y140.639 E3965.92037
G1 X93.699 Y140.482 E3965.94319
G1 X93.451 Y140.263 E3965.9652
G1 X93.257 Y139.983 E3965.98786
G1 X93.137 Y139.645 E3966.01171
G1 X93.101 Y139.307 E3966.03433
G1 X93.148 Y138.975 E3966.05663
G1 X93.257 Y138.681 E3966.07749
G1 X93.451 Y138.401 E3966.10015
G1 X93.702 Y138.179 E3966.12244
G1 X94.001 Y138.02 E3966.14496
G1 X94.327 Y137.941 E3966.16728
G1 X94.669 Y137.94 E3966.19003
G1 X95.019 Y138.03 E3966.21407
G1 X95.295 Y138.179 E3966.23493
G1 X95.546 Y138.402 E3966.25727
G1 X95.739 Y138.681 E3966.27983
G1 X95.858 Y138.994 E3966.30211
G1 X95.896 Y139.354 E3966.32619
G1 X95.864 Y139.643 E3966.34553
G1 X95.739 Y139.983 E3966.36963
G1 X95.546 Y140.262 E3966.39219
G1 X95.297 Y140.482 E3966.4143
G1 X94.992 Y140.639 E3966.43712
G1 X94.669 Y140.723 E3966.45932
G0 F12000 X94.776 Y141.612
G1 F976.4 X95.312 Y141.483 E3966.49599
G1 X95.805 Y141.222 E3966.5331
G1 X96.217 Y140.858 E3966.56967
G1 X96.537 Y140.394 E3966.60716
G1 X96.728 Y139.887 E3966.6432
G1 X96.798 Y139.332 E3966.68041
G1 X96.728 Y138.777 E3966.71762
G1 X96.537 Y138.27 E3966.75366
G1 X96.217 Y137.806 E3966.79116
G1 X95.805 Y137.442 E3966.82773
G1 X95.312 Y137.181 E3966.86483
G1 X94.776 Y137.053 E3966.90149
G1 X94.22 Y137.052 E3966.93848
G1 X93.684 Y137.181 E3966.97515
G1 X93.191 Y137.442 E3967.01225
G1 X92.784 Y137.806 E3967.04858
G1 X92.463 Y138.271 E3967.08616
G1 X92.268 Y138.777 E3967.12224
G1 X92.202 Y139.332 E3967.15941
G1 X92.268 Y139.887 E3967.19659
G1 X92.463 Y140.393 E3967.23267
G1 X92.784 Y140.858 E3967.27025
G1 X93.192 Y141.222 E3967.30662
G1 X93.684 Y141.483 E3967.34367
G1 X94.22 Y141.612 E3967.38034
G1 X94.776 Y141.612 E3967.41733
G1 F2700 E3962.41733
;MESH:bump_plate.obj
G0 F12000 X94.739 Y141.306
G0 X96.045 Y140.708
G0 X96.944 Y141.33
G0 X107.557 Y141.331
G0 X110 Y141.166
;TYPE:WALL-INNER
G1 F2700 E3967.41733
G1 F793.8 X110.224 Y141.166 E3967.43566
G1 F785.8 X110.652 Y141.059 E3967.47212
G1 F782.7 X111.049 Y140.852 E3967.50927
G1 F789 X111.38 Y140.559 E3967.54566
G1 F790.6 X111.638 Y140.185 E3967.58299
G1 X111.791 Y139.779 E3967.61863
G1 F787.4 X111.845 Y139.332 E3967.65577
G1 F785.8 X111.791 Y138.885 E3967.69299
G1 F787.4 X111.638 Y138.479 E3967.72877
G1 F789 X111.38 Y138.105 E3967.76618
G1 F790.6 X111.049 Y137.812 E3967.80249
G1 F789 X110.653 Y137.603 E3967.83935
G1 F792.2 X110.224 Y137.498 E3967.87556
G1 F793.8 X109.772 Y137.498 E3967.91255
G1 F790.6 X109.343 Y137.603 E3967.94883
G1 F789 X108.948 Y137.811 E3967.98558
G1 F790.6 X108.62 Y138.103 E3968.02165
G1 F793.8 X108.36 Y138.48 E3968.05912
G1 F789 X108.207 Y138.885 E3968.09476
G1 F785.8 X108.152 Y139.332 E3968.13199
G1 X108.207 Y139.779 E3968.16921
G1 F789 X108.36 Y140.184 E3968.20485
G1 F793.8 X108.62 Y140.561 E3968.24232
G1 F792.2 X108.949 Y140.852 E3968.27833
G1 F785.8 X109.344 Y141.059 E3968.31519
G1 X109.772 Y141.166 E3968.35165
G1 F792.2 X110 Y141.166 E3968.37035
G0 F12000 X110 Y140.723
;TYPE:WALL-OUTER
G1 F976.4 X109.827 Y140.723 E3968.38185
G1 X109.504 Y140.639 E3968.40405
G1 X109.199 Y140.482 E3968.42687
G1 X108.951 Y140.263 E3968.44888
G1 X108.757 Y139.983 E3968.47154
G1 X108.637 Y139.645 E3968.4954
G1 X108.601 Y139.307 E3968.51801
G1 X108.648 Y138.975 E3968.54032
G1 X108.757 Y138.681 E3968.56117
G1 X108.951 Y138.401 E3968.58383
G1 X109.202 Y138.179 E3968.60612
G1 X109.501 Y138.02 E3968.62865
G1 X109.827 Y137.941 E3968.65096
G1 X110.169 Y137.94 E3968.67371
G1 X110.519 Y138.03 E3968.69775
G1 X110.795 Y138.179 E3968.71862
G1 X111.046 Y138.402 E3968.74095
G1 X111.239 Y138.681 E3968.76352
G1 X111.358 Y138.994 E3968.78579
G1 X111.396 Y139.354 E3968.80987
G1 X111.364 Y139.643 E3968.82922
G1 X111.239 Y139.983 E3968.85331
G1 X111.046 Y140.262 E3968.87588
G1 X110.797 Y140.482 E3968.89798
G1 X110.492 Y140.639 E3968.9208
G1 X110.169 Y140.723 E3968.943
G1 X110 Y140.723 E3968.95424
G0 F12000 X110 Y141.612
G1 F976.4 X110.276 Y141.612 E3968.9726
G1 X110.812 Y141.483 E3969.00928
G1 X111.305 Y141.222 E3969.04638
G1 X111.717 Y140.858 E3969.08295
G1 X112.037 Y140.394 E3969.12045
G1 X112.228 Y139.887 E3969.15649
G1 X112.298 Y139.332 E3969.1937
G1 X112.228 Y138.777 E3969.23091
G1 X112.037 Y138.27 E3969.26695
G1 X111.717 Y137.806 E3969.30444
G1 X111.305 Y137.442 E3969.34101
G1 X110.812 Y137.181 E3969.37812
G1 X110.276 Y137.053 E3969.41478
G1 X109.72 Y137.052 E3969.45176
G1 X109.184 Y137.181 E3969.48844
G1 X108.691 Y137.442 E3969.52554
G1 X108.284 Y137.806 E3969.56186
G1 X107.963 Y138.271 E3969.59945
G1 X107.768 Y138.777 E3969.63552
G1 X107.702 Y139.332 E3969.6727
G1 X107.768 Y139.887 E3969.70988
G1 X107.963 Y140.393 E3969.74595
G1 X108.284 Y140.858 E3969.78354
G1 X108.692 Y141.222 E3969.81991
G1 X109.184 Y141.483 E3969.85696
G1 X109.72 Y141.612 E3969.89363
G1 X110 Y141.612 E3969.91226
G1 F2700 E3964.91226
G0 F12000 X110 Y141.305
G0 X109.06 Y140.692
G0 X108.763 Y140.429
G0 X108.535 Y140.099
G0 X108.396 Y139.729
G0 X108.347 Y139.334
G0 X108.396 Y138.937
G0 X108.535 Y138.567
G0 X108.74 Y138.271
G0 X110 Y137.282
G0 X110 Y136.187
G0 X110 Y49.48
G0 X110 Y48.166
;TYPE:WALL-INNER
G1 F2700 E3969.91226
G1 F793.8 X110.224 Y48.166 E3969.93059
G1 F785.8 X110.652 Y48.059 E3969.96705
G1 F782.7 X111.049 Y47.852 E3970.0042
G1 F789 X111.38 Y47.559 E3970.04059
G1 F790.6 X111.638 Y47.185 E3970.07792
G1 X111.791 Y46.779 E3970.11356
G1 F787.4 X111.845 Y46.332 E3970.1507
G1 F785.8 X111.791 Y45.885 E3970.18792
G1 F787.4 X111.638 Y45.479 E3970.2237
G1 F789 X111.38 Y45.105 E3970.26111
G1 F790.6 X111.049 Y44.812 E3970.29742
G1 F789 X110.653 Y44.603 E3970.33428
G1 F792.2 X110.224 Y44.498 E3970.37049
G1 F793.8 X109.772 Y44.498 E3970.40747
G1 F790.6 X109.343 Y44.603 E3970.44376
G1 F789 X108.948 Y44.811 E3970.48051
G1 F790.6 X108.62 Y45.103 E3970.51658
G1 F793.8 X108.36 Y45.48 E3970.55405
G1 F789 X108.207 Y45.885 E3970.58969
G1 F785.8 X108.152 Y46.332 E3970.62692
G1 X108.207 Y46.779 E3970.66414
G1 F789 X108.36 Y47.184 E3970.69978
G1 F793.8 X108.62 Y47.561 E3970.73725
G1 F792.2 X108.949 Y47.852 E3970.77326
G1 F785.8 X109.344 Y48.059 E3970.81012
G1 X109.772 Y48.166 E3970.84658
G1 F792.2 X110 Y48.166 E3970.86527
G0 F12000 X110 Y47.723
;TYPE:WALL-OUTER
G1 F976.4 X109.827 Y47.723 E3970.87678
G1 X109.504 Y47.639 E3970.89898
G1 X109.199 Y47.482 E3970.9218
G1 X108.951 Y47.263 E3970.94381
G1 X108.757 Y46.983 E3970.96647
G1 X108.637 Y46.645 E3970.99033
G1 X108.601 Y46.307 E3971.01294
G1 X108.648 Y45.975 E3971.03525
G1 X108.757 Y45.681 E3971.0561
G1 X108.951 Y45.401 E3971.07876
G1 X109.202 Y45.179 E3971.10105
G1 X109.501 Y45.02 E3971.12358
G1 X109.827 Y44.941 E3971.14589
G1 X110.169 Y44.94 E3971.16864
G1 X110.519 Y45.03 E3971.19268
G1 X110.795 Y45.179 E3971.21355
G1 X111.046 Y45.402 E3971.23588
G1 X111.239 Y45.681 E3971.25845
G1 X111.358 Y45.994 E3971.28072
G1 X111.396 Y46.354 E3971.3048
G1 X111.364 Y46.643 E3971.32414
G1 X111.239 Y46.983 E3971.34824
G1 X111.046 Y47.262 E3971.37081
G1 X110.797 Y47.482 E3971.39291
G1 X110.492 Y47.639 E3971.41573
G1 X110.169 Y47.723 E3971.43793
G1 X110 Y47.723 E3971.44917
G0 F12000 X110 Y48.612
G1 F976.4 X110.276 Y48.612 E3971.46753
G1 X110.812 Y48.483 E3971.50421
G1 X111.305 Y48.222 E3971.54131
G1 X111.717 Y47.858 E3971.57788
G1 X112.037 Y47.394 E3971.61538
G1 X112.228 Y46.887 E3971.65142
G1 X112.298 Y46.332 E3971.68863
G1 X112.228 Y45.777 E3971.72584
G1 X112.037 Y45.27 E3971.76188
G1 X111.717 Y44.806 E3971.79937
G1 X111.305 Y44.442 E3971.83594
G1 X110.812 Y44.181 E3971.87305
G1 X110.276 Y44.053 E3971.90971
G1 X109.72 Y44.052 E3971.94669
G1 X109.184 Y44.181 E3971.98336
G1 X108.691 Y44.442 E3972.02047
G1 X108.284 Y44.806 E3972.05679
G1 X107.963 Y45.271 E3972.09438
G1 X107.768 Y45.777 E3972.13045
G1 X107.702 Y46.332 E3972.16763
G1 X107.768 Y46.887 E3972.20481
G1 X107.963 Y47.393 E3972.24088
G1 X108.284 Y47.858 E3972.27847
G1 X108.692 Y48.222 E3972.31484
G1 X109.184 Y48.483 E3972.35189
G1 X109.72 Y48.612 E3972.38856
G1 X110 Y48.612 E3972.40719
G1 F2700 E3967.40719
;MESH:NONMESH
G0 F300 Z8.2
G0 F12000 X110 Y48.305
G0 X108.455 Y47.708
G0 X107.557 Y48.331
G0 X96.944 Y48.33
G0 X94.724 Y48.166
;TIME_ELAPSED:2872.665067
;LAYER:20
;note -- min layer time used
;TYPE:WALL-INNER
;MESH:bump_plate.obj(1)
G1 F2700 E3972.40719
G1 F785.8 X95.152 Y48.059 E3972.44365
G1 F782.7 X95.549 Y47.852 E3972.4808
G1 F789 X95.88 Y47.559 E3972.51719
G1 F790.6 X96.138 Y47.185 E3972.55452
G1 X96.291 Y46.779 E3972.59016
G1 F787.4 X96.345 Y46.332 E3972.6273
G1 F785.8 X96.291 Y45.885 E3972.66452
G1 F787.4 X96.138 Y45.479 E3972.7003
G1 F789 X95.88 Y45.105 E3972.73771
G1 F790.6 X95.549 Y44.812 E3972.77402
G1 F789 X95.153 Y44.603 E3972.81088
G1 F792.2 X94.724 Y44.498 E3972.84709
G1 F793.8 X94.272 Y44.498 E3972.88407
G1 F790.6 X93.843 Y44.603 E3972.92036
G1 F789 X93.448 Y44.811 E3972.95711
G1 F790.6 X93.12 Y45.103 E3972.99318
G1 F793.8 X92.86 Y45.48 E3973.03065
G1 F789 X92.707 Y45.885 E3973.06629
G1 F785.8 X92.652 Y46.332 E3973.10352
G1 X92.707 Y46.779 E3973.14074
G1 F789 X92.86 Y47.184 E3973.17638
G1 F793.8 X93.12 Y47.561 E3973.21385
G1 F792.2 X93.449 Y47.852 E3973.24986
G1 F785.8 X93.844 Y48.059 E3973.28672
G1 X94.272 Y48.166 E3973.32318
G1 F792.2 X94.724 Y48.166 E3973.36024
G0 F12000 X94.669 Y47.723
;TYPE:WALL-OUTER
G1 F976.4 X94.327 Y47.723 E3973.38299
G1 X94.004 Y47.639 E3973.40519
G1 X93.699 Y47.482 E3973.42801
G1 X93.451 Y47.263 E3973.45002
G1 X93.257 Y46.983 E3973.47268
G1 X93.137 Y46.645 E3973.49654
G1 X93.101 Y46.307 E3973.51915
G1 X93.148 Y45.975 E3973.54145
G1 X93.257 Y45.681 E3973.56231
G1 X93.451 Y45.401 E3973.58497
G1 X93.702 Y45.179 E3973.60726
G1 X94.001 Y45.02 E3973.62979
G1 X94.327 Y44.941 E3973.6521
G1 X94.669 Y44.94 E3973.67485
G1 X95.019 Y45.03 E3973.69889
G1 X95.295 Y45.179 E3973.71975
G1 X95.546 Y45.402 E3973.74209
G1 X95.739 Y45.681 E3973.76466
G1 X95.858 Y45.994 E3973.78693
G1 X95.896 Y46.354 E3973.81101
G1 X95.864 Y46.643 E3973.83035
G1 X95.739 Y46.983 E3973.85445
G1 X95.546 Y47.262 E3973.87702
G1 X95.297 Y47.482 E3973.89912
G1 X94.992 Y47.639 E3973.92194
G1 X94.669 Y47.723 E3973.94414
G0 F12000 X94.776 Y48.612
G1 F976.4 X95.312 Y48.483 E3973.98081
G1 X95.805 Y48.222 E3974.01792
G1 X96.217 Y47.858 E3974.05449
G1 X96.537 Y47.394 E3974.09198
G1 X96.728 Y46.887 E3974.12802
G1 X96.798 Y46.332 E3974.16523
G1 X96.728 Y45.777 E3974.20244
G1 X96.537 Y45.27 E3974.23848
G1 X96.217 Y44.806 E3974.27598
G1 X95.805 Y44.442 E3974.31255
G1 X95.312 Y44.181 E3974.34966
G1 X94.776 Y44.053 E3974.38631
G1 X94.22 Y44.052 E3974.4233
G1 X93.684 Y44.181 E3974.45997
G1 X93.191 Y44.442 E3974.49708
G1 X92.784 Y44.806 E3974.5334
G1 X92.463 Y45.271 E3974.57099
G1 X92.268 Y45.777 E3974.60706
G1 X92.202 Y46.332 E3974.64424
G1 X92.268 Y46.887 E3974.68142
G1 X92.463 Y47.393 E3974.71749
G1 X92.784 Y47.858 E3974.75507
G1 X93.192 Y48.222 E3974.79145
G1 X93.684 Y48.483 E3974.82849
G1 X94.22 Y48.612 E3974.86517
G1 X94.776 Y48.612 E3974.90215
G1 F2700 E3969.90215
G0 F12000 X94.739 Y48.306
G0 X94.724 Y49.48
G0 X94.724 Y136.187
G0 X94.724 Y141.166
;TYPE:WALL-INNER
G1 F2700 E3974.90215
G1 F785.8 X95.152 Y141.059 E3974.93862
G1 F782.7 X95.549 Y140.852 E3974.97577
G1 F789 X95.88 Y140.559 E3975.01216
G1 F790.6 X96.138 Y140.185 E3975.04949
G1 X96.291 Y139.779 E3975.08513
G1 F787.4 X96.345 Y139.332 E3975.12227
G1 F785.8 X96.291 Y138.885 E3975.15948
G1 F787.4 X96.138 Y138.479 E3975.19527
G1 F789 X95.88 Y138.105 E3975.23267
G1 F790.6 X95.549 Y137.812 E3975.26899
G1 F789 X95.153 Y137.603 E3975.30585
G1 F792.2 X94.724 Y137.498 E3975.34206
G1 F793.8 X94.272 Y137.498 E3975.37904
G1 F790.6 X93.843 Y137.603 E3975.41532
G1 F789 X93.448 Y137.811 E3975.45207
G1 F790.6 X93.12 Y138.103 E3975.48815
G1 F793.8 X92.86 Y138.48 E3975.52562
G1 F789 X92.707 Y138.885 E3975.56126
G1 F785.8 X92.652 Y139.332 E3975.59848
G1 X92.707 Y139.779 E3975.63571
G1 F789 X92.86 Y140.184 E3975.67135
G1 F793.8 X93.12 Y140.561 E3975.70882
G1 F792.2 X93.449 Y140.852 E3975.74483
G1 F785.8 X93.844 Y141.059 E3975.78168
G1 X94.272 Y141.166 E3975.81815
G1 F792.2 X94.724 Y141.166 E3975.85521
G0 F12000 X94.669 Y140.723
;TYPE:WALL-OUTER
G1 F976.4 X94.327 Y140.723 E3975.87796
G1 X94.004 Y140.639 E3975.90016
G1 X93.699 Y140.482 E3975.92298
G1 X93.451 Y140.263 E3975.94498
G1 X93.257 Y139.983 E3975.96764
G1 X93.137 Y139.645 E3975.9915
G1 X93.101 Y139.307 E3976.01411
G1 X93.148 Y138.975 E3976.03642
G1 X93.257 Y138.681 E3976.05728
G1 X93.451 Y138.401 E3976.07994
G1 X93.702 Y138.179 E3976.10223
G1 X94.001 Y138.02 E3976.12475
G1 X94.327 Y137.941 E3976.14707
G1 X94.669 Y137.94 E3976.16982
G1 X95.019 Y138.03 E3976.19386
G1 X95.295 Y138.179 E3976.21472
G1 X95.546 Y138.402 E3976.23705
G1 X95.739 Y138.681 E3976.25962
G1 X95.858 Y138.994 E3976.2819
G1 X95.896 Y139.354 E3976.30598
G1 X95.864 Y139.643 E3976.32532
G1 X95.739 Y139.983 E3976.34942
G1 X95.546 Y140.262 E3976.37198
G1 X95.297 Y140.482 E3976.39408
G1 X94.992 Y140.639 E3976.4169
G1 X94.669 Y140.723 E3976.4391
G0 F12000 X94.776 Y141.612
G1 F976.4 X95.312 Y141.483 E3976.47578
G1 X95.805 Y141.222 E3976.51288
G1 X96.217 Y140.858 E3976.54945
G1 X96.537 Y140.394 E3976.58695
G1 X96.728 Y139.887 E3976.62299
G1 X96.798 Y139.332 E3976.6602
G1 X96.728 Y138.777 E3976.69741
G1 X96.537 Y138.27 E3976.73345
G1 X96.217 Y137.806 E3976.77094
G1 X95.805 Y137.442 E3976.80751
G1 X95.312 Y137.181 E3976.84462
G1 X94.776 Y137.053 E3976.88128
G1 X94.22 Y137.052 E3976.91826
G1 X93.684 Y137.181 E3976.95494
G1 X93.191 Y137.442 E3976.99204
G1 X92.784 Y137.806 E3977.02837
G1 X92.463 Y138.271 E3977.06595
G1 X92.268 Y138.777 E3977.10202
G1 X92.202 Y139.332 E3977.1392
G1 X92.268 Y139.887 E3977.17638
G1 X92.463 Y140.393 E3977.21245
G1 X92.784 Y140.858 E3977.25004
G1 X93.192 Y141.222 E3977.28641
G1 X93.684 Y141.483 E3977.32346
G1 X94.22 Y141.612 E3977.36013
G1 X94.776 Y141.612 E3977.39712
G1 F2700 E3972.39712
;MESH:bump_plate.obj
G0 F12000 X94.739 Y141.306
G0 X96.045 Y140.708
G0 X96.944 Y141.33
G0 X107.557 Y141.331
G0 X110 Y141.166
;TYPE:WALL-INNER
G1 F2700 E3977.39712
G1 F793.8 X110.224 Y141.166 E3977.41545
G1 F785.8 X110.652 Y141.059 E3977.45191
G1 F782.7 X111.049 Y140.852 E3977.48906
G1 F789 X111.38 Y140.559 E3977.52545
G1 F790.6 X111.638 Y140.185 E3977.56278
G1 X111.791 Y139.779 E3977.59842
G1 F787.4 X111.845 Y139.332 E3977.63556
G1 F785.8 X111.791 Y138.885 E3977.67278
G1 F787.4 X111.638 Y138.479 E3977.70856
G1 F789 X111.38 Y138.105 E3977.74597
G1 F790.6 X111.049 Y137.812 E3977.78228
G1 F789 X110.653 Y137.603 E3977.81914
G1 F792.2 X110.224 Y137.498 E3977.85535
G1 F793.8 X109.772 Y137.498 E3977.89233
G1 F790.6 X109.343 Y137.603 E3977.92862
G1 F789 X108.948 Y137.811 E3977.96537
G1 F790.6 X108.62 Y138.103 E3978.00144
G1 F793.8 X108.36 Y138.48 E3978.03891
G1 F789 X108.207 Y138.885 E3978.07455
G1 F785.8 X108.152 Y139.332 E3978.11178
G1 X108.207 Y139.779 E3978.149
G1 F789 X108.36 Y140.184 E3978.18464
G1 F793.8 X108.62 Y140.561 E3978.22211
G1 F792.2 X108.949 Y140.852 E3978.25812
G1 F785.8 X109.344 Y141.059 E3978.29498
G1 X109.772 Y141.166 E3978.33144
G1 F792.2 X110 Y141.166 E3978.35013
G0 F12000 X110 Y140.723
;TYPE:WALL-OUTER
G1 F976.4 X109.827 Y140.723 E3978.36164
G1 X109.504 Y140.639 E3978.38384
G1 X109.199 Y140.482 E3978.40666
G1 X108.951 Y140.263 E3978.42867
G1 X108.757 Y139.983 E3978.45133
G1 X108.637 Y139.645 E3978.47519
G1 X108.601 Y139.307 E3978.4978
G1 X108.648 Y138.975 E3978.52011
G1 X108.757 Y138.681 E3978.54096
G1 X108.951 Y138.401 E3978.56362
G1 X109.202 Y138.179 E3978.58591
G1 X109.501 Y138.02 E3978.60844
G1 X109.827 Y137.941 E3978.63075
G1 X110.169 Y137.94 E3978.6535
G1 X110.519 Y138.03 E3978.67754
G1 X110.795 Y138.179 E3978.69841
G1 X111.046 Y138.402 E3978.72074
G1 X111.239 Y138.681 E3978.74331
G1 X111.358 Y138.994 E3978.76558
G1 X111.396 Y139.354 E3978.78966
G1 X111.364 Y139.643 E3978.80901
G1 X111.239 Y139.983 E3978.8331
G1 X111.046 Y140.262 E3978.85567
G1 X110.797 Y140.482 E3978.87777
G1 X110.492 Y140.639 E3978.90059
G1 X110.169 Y140.723 E3978.92279
G1 X110 Y140.723 E3978.93403
G0 F12000 X110 Y141.612
G1 F976.4 X110.276 Y141.612 E3978.95239
G1 X110.812 Y141.483 E3978.98907
G1 X111.305 Y141.222 E3979.02617
G1 X111.717 Y140.858 E3979.06274
G1 X112.037 Y140.394 E3979.10024
G1 X112.228 Y139.887 E3979.13628
G1 X112.298 Y139.332 E3979.17349
G1 X112.228 Y138.777 E3979.2107
G1 X112.037 Y138.27 E3979.24674
G1 X111.717 Y137.806 E3979.28423
G1 X111.305 Y137.442 E3979.3208
G1 X110.812 Y137.181 E3979.35791
G1 X110.276 Y137.053 E3979.39457
G1 X109.72 Y137.052 E3979.43155
G1 X109.184 Y137.181 E3979.46822
G1 X108.691 Y137.442 E3979.50533
G1 X108.284 Y137.806 E3979.54165
G1 X107.963 Y138.271 E3979.57924
G1 X107.768 Y138.777 E3979.61531
G1 X107.702 Y139.332 E3979.65249
G1 X107.768 Y139.887 E3979.68967
G1 X107.963 Y140.393 E3979.72574
G1 X108.284 Y140.858 E3979.76333
G1 X108.692 Y141.222 E3979.7997
G1 X109.184 Y141.483 E3979.83675
G1 X109.72 Y141.612 E3979.87342
G1 X110 Y141.612 E3979.89205
G1 F2700 E3974.89205
G0 F12000 X110 Y141.305
G0 X109.06 Y140.692
G0 X108.763 Y140.429
G0 X108.535 Y140.099
G0 X108.396 Y139.729
G0 X108.347 Y139.334
G0 X108.396 Y138.937
G0 X108.535 Y138.567
G0 X108.74 Y138.271
G0 X110 Y137.282
G0 X110 Y136.187
G0 X110 Y49.48
G0 X110 Y48.166
;TYPE:WALL-INNER
G1 F2700 E3979.89205
G1 F793.8 X110.224 Y48.166 E3979.91037
G1 F785.8 X110.652 Y48.059 E3979.94684
G1 F782.7 X111.049 Y47.852 E3979.98399
G1 F789 X111.38 Y47.559 E3980.02038
G1 F790.6 X111.638 Y47.185 E3980.05771
G1 X111.791 Y46.779 E3980.09335
G1 F787.4 X111.845 Y46.332 E3980.13049
G1 F785.8 X111.791 Y45.885 E3980.1677
G1 F787.4 X111.638 Y45.479 E3980.20349
G1 F789 X111.38 Y45.105 E3980.24089
G1 F790.6 X111.049 Y44.812 E3980.27721
G1 F789 X110.653 Y44.603 E3980.31407
G1 F792.2 X110.224 Y44.498 E3980.35028
G1 F793.8 X109.772 Y44.498 E3980.38726
G1 F790.6 X109.343 Y44.603 E3980.42355
G1 F789 X108.948 Y44.811 E3980.46029
G1 F790.6 X108.62 Y45.103 E3980.49637
G1 F793.8 X108.36 Y45.48 E3980.53384
G1 F789 X108.207 Y45.885 E3980.56948
G1 F785.8 X108.152 Y46.332 E3980.6067
G1 X108.207 Y46.779 E3980.64393
G1 F789 X108.36 Y47.184 E3980.67957
G1 F793.8 X108.62 Y47.561 E3980.71704
G1 F792.2 X108.949 Y47.852 E3980.75305
G1 F785.8 X109.344 Y48.059 E3980.78991
G1 X109.772 Y48.166 E3980.82637
G1 F792.2 X110 Y48.166 E3980.84506
G0 F12000 X110 Y47.723
;TYPE:WALL-OUTER
G1 F976.4 X109.827 Y47.723 E3980.85657
G1 X109.504 Y47.639 E3980.87877
G1 X109.199 Y47.482 E3980.90159
G1 X108.951 Y47.263 E3980.9236
G1 X108.757 Y46.983 E3980.94626
G1 X108.637 Y46.645 E3980.97012
G1 X108.601 Y46.307 E3980.99273
G1 X108.648 Y45.975 E3981.01503
G1 X108.757 Y45.681 E3981.03589
G1 X108.951 Y45.401 E3981.05855
G1 X109.202 Y45.179 E3981.08084
G1 X109.501 Y45.02 E3981.10337
G1 X109.827 Y44.941 E3981.12568
G1 X110.169 Y44.94 E3981.14843
G1 X110.519 Y45.03 E3981.17247
G1 X110.795 Y45.179 E3981.19334
G1 X111.046 Y45.402 E3981.21567
G1 X111.239 Y45.681 E3981.23824
G1 X111.358 Y45.994 E3981.26051
G1 X111.396 Y46.354 E3981.28459
G1 X111.364 Y46.643 E3981.30393
G1 X111.239 Y46.983 E3981.32803
G1 X111.046 Y47.262 E3981.3506
G1 X110.797 Y47.482 E3981.3727
G1 X110.492 Y47.639 E3981.39552
G1 X110.169 Y47.723 E3981.41772
G1 X110 Y47.723 E3981.42896
G0 F12000 X110 Y48.612
G1 F976.4 X110.276 Y48.612 E3981.44732
G1 X110.812 Y48.483 E3981.48399
G1 X111.305 Y48.222 E3981.5211
G1 X111.717 Y47.858 E3981.55767
G1 X112.037 Y47.394 E3981.59517
G1 X112.228 Y46.887 E3981.6312
G1 X112.298 Y46.332 E3981.66842
G1 X112.228 Y45.777 E3981.70563
G1 X112.037 Y45.27 E3981.74167
G1 X111.717 Y44.806 E3981.77916
G1 X111.305 Y44.442 E3981.81573
G1 X110.812 Y44.181 E3981.85284
G1 X110.276 Y44.053 E3981.8895
G1 X109.72 Y44.052 E3981.92648
G1 X109.184 Y44.181 E3981.96315
G1 X108.691 Y44.442 E3982.00026
G1 X108.284 Y44.806 E3982.03658
G1 X107.963 Y45.271 E3982.07417
G1 X107.768 Y45.777 E3982.11024
G1 X107.702 Y46.332 E3982.14742
G1 X107.768 Y46.887 E3982.1846
G1 X107.963 Y47.393 E3982.22067
G1 X108.284 Y47.858 E3982.25826
G1 X108.692 Y48.222 E3982.29463
G1 X109.184 Y48.483 E3982.33168
G1 X109.72 Y48.612 E3982.36835
G1 X110 Y48.612 E3982.38697
G1 F2700 E3977.38697
;MESH:NONMESH
G0 F300 Z8.6
G0 F12000 X110 Y48.305
G0 X108.455 Y47.708
G0 X107.557 Y48.331
G0 X96.944 Y48.33
G0 X94.724 Y48.166
;TIME_ELAPSED:2886.925787
;LAYER:21
;note -- min layer time used
;TYPE:WALL-INNER
;MESH:bump_plate.obj(1)
G1 F2700 E3982.38697
G1 F785.8 X95.152 Y48.059 E3982.42344
G1 F782.7 X95.549 Y47.852 E3982.46059
G1 F789 X95.88 Y47.559 E3982.49698
G1 F790.6 X96.138 Y47.185 E3982.53431
G1 X96.291 Y46.779 E3982.56995
G1 F787.4 X96.345 Y46.332 E3982.60709
G1 F785.8 X96.291 Y45.885 E3982.6443
G1 F787.4 X96.138 Y45.479 E3982.68009
G1 F789 X95.88 Y45.105 E3982.71749
G1 F790.6 X95.549 Y44.812 E3982.75381
G1 F789 X95.153 Y44.603 E3982.79067
G1 F792.2 X94.724 Y44.498 E3982.82688
G1 F793.8 X94.272 Y44.498 E3982.86386
G1 F790.6 X93.843 Y44.603 E3982.90015
G1 F789 X93.448 Y44.811 E3982.9369
G1 F790.6 X93.12 Y45.103 E3982.97297
G1 F793.8 X92.86 Y45.48 E3983.01044
G1 F789 X92.707 Y45.885 E3983.04608
G1 F785.8 X92.652 Y46.332 E3983.08331
G1 X92.707 Y46.779 E3983.12053
G1 F789 X92.86 Y47.184 E3983.15617
G1 F793.8 X93.12 Y47.561 E3983.19364
G1 F792.2 X93.449 Y47.852 E3983.22965
G1 F785.8 X93.844 Y48.059 E3983.26651
G1 X94.272 Y48.166 E3983.30297
G1 F792.2 X94.724 Y48.166 E3983.34003
G0 F12000 X94.669 Y47.723
;TYPE:WALL-OUTER
G1 F976.4 X94.327 Y47.723 E3983.36278
G1 X94.004 Y47.639 E3983.38498
G1 X93.699 Y47.482 E3983.4078
G1 X93.451 Y47.263 E3983.42981
G1 X93.257 Y46.983 E3983.45247
G1 X93.137 Y46.645 E3983.47633
G1 X93.101 Y46.307 E3983.49894
G1 X93.148 Y45.975 E3983.52124
G1 X93.257 Y45.681 E3983.5421
G1 X93.451 Y45.401 E3983.56476
G1 X93.702 Y45.179 E3983.58705
G1 X94.001 Y45.02 E3983.60958
G1 X94.327 Y44.941 E3983.63189
G1 X94.669 Y44.94 E3983.65464
G1 X95.019 Y45.03 E3983.67868
G1 X95.295 Y45.179 E3983.69954
G1 X95.546 Y45.402 E3983.72188
G1 X95.739 Y45.681 E3983.74444
G1 X95.858 Y45.994 E3983.76672
G1 X95.896 Y46.354 E3983.7908
G1 X95.864 Y46.643 E3983.81014
G1 X95.739 Y46.983 E3983.83424
G1 X95.546 Y47.262 E3983.85681
G1 X95.297 Y47.482 E3983.87891
G1 X94.992 Y47.639 E3983.90173
G1 X94.669 Y47.723 E3983.92393
G0 F12000 X94.776 Y48.612
G1 F976.4 X95.312 Y48.483 E3983.9606
G1 X95.805 Y48.222 E3983.99771
G1 X96.217 Y47.858 E3984.03428
G1 X96.537 Y47.394 E3984.07177
G1 X96.728 Y46.887 E3984.10781
G1 X96.798 Y46.332 E3984.14502
G1 X96.728 Y45.777 E3984.18223
G1 X96.537 Y45.27 E3984.21827
G1 X96.217 Y44.806 E3984.25577
G1 X95.805 Y44.442 E3984.29234
G1 X95.312 Y44.181 E3984.32944
G1 X94.776 Y44.053 E3984.3661
G1 X94.22 Y44.052 E3984.40309
G1 X93.684 Y44.181 E3984.43976
G1 X93.191 Y44.442 E3984.47687
G1 X92.784 Y44.806 E3984.51319
G1 X92.463 Y45.271 E3984.55077
G1 X92.268 Y45.777 E3984.58685
G1 X92.202 Y46.332 E3984.62403
G1 X92.268 Y46.887 E3984.6612
G1 X92.463 Y47.393 E3984.69728
G1 X92.784 Y47.858 E3984.73486
G1 X93.192 Y48.222 E3984.77123
G1 X93.684 Y48.483 E3984.80828
G1 X94.22 Y48.612 E3984.84496
G1 X94.776 Y48.612 E3984.88194
G1 F2700 E3979.88194
G0 F12000 X94.739 Y48.306
G0 X94.724 Y49.48
G0 X94.724 Y136.187
G0 X94.724 Y141.166
;TYPE:WALL-INNER
G1 F2700 E3984.88194
G1 F785.8 X95.152 Y141.059 E3984.9184
G1 F782.7 X95.549 Y140.852 E3984.95556
G1 F789 X95.88 Y140.559 E3984.99195
G1 F790.6 X96.138 Y140.185 E3985.02927
G1 X96.291 Y139.779 E3985.06492
G1 F787.4 X96.345 Y139.332 E3985.10206
G1 F785.8 X96.291 Y138.885 E3985.13927
G1 F787.4 X96.138 Y138.479 E3985.17506
G1 F789 X95.88 Y138.105 E3985.21246
G1 F790.6 X95.549 Y137.812 E3985.24878
G1 F789 X95.153 Y137.603 E3985.28564
G1 F792.2 X94.724 Y137.498 E3985.32185
G1 F793.8 X94.272 Y137.498 E3985.35883
G1 F790.6 X93.843 Y137.603 E3985.39511
G1 F789 X93.448 Y137.811 E3985.43186
G1 F790.6 X93.12 Y138.103 E3985.46794
G1 F793.8 X92.86 Y138.48 E3985.50541
G1 F789 X92.707 Y138.885 E3985.54105
G1 F785.8 X92.652 Y139.332 E3985.57827
G1 X92.707 Y139.779 E3985.6155
G1 F789 X92.86 Y140.184 E3985.65113
G1 F793.8 X93.12 Y140.561 E3985.6886
G1 F792.2 X93.449 Y140.852 E3985.72462
G1 F785.8 X93.844 Y141.059 E3985.76147
G1 X94.272 Y141.166 E3985.79794
G1 F792.2 X94.724 Y141.166 E3985.83499
G0 F12000 X94.669 Y140.723
;TYPE:WALL-OUTER
G1 F976.4 X94.327 Y140.723 E3985.85774
G1 X94.004 Y140.639 E3985.87995
G1 X93.699 Y140.482 E3985.90276
G1 X93.451 Y140.263 E3985.92477
G1 X93.257 Y139.983 E3985.94743
G1 X93.137 Y139.645 E3985.97129
G1 X93.101 Y139.307 E3985.9939
G1 X93.148 Y138.975 E3986.01621
G1 X93.257 Y138.681 E3986.03707
G1 X93.451 Y138.401 E3986.05972
G1 X93.702 Y138.179 E3986.08201
G1 X94.001 Y138.02 E3986.10454
G1 X94.327 Y137.941 E3986.12686
G1 X94.669 Y137.94 E3986.14961
G1 X95.019 Y138.03 E3986.17364
G1 X95.295 Y138.179 E3986.19451
G1 X95.546 Y138.402 E3986.21684
G1 X95.739 Y138.681 E3986.23941
G1 X95.858 Y138.994 E3986.26168
G1 X95.896 Y139.354 E3986.28577
G1 X95.864 Y139.643 E3986.30511
G1 X95.739 Y139.983 E3986.3292
G1 X95.546 Y140.262 E3986.35177
G1 X95.297 Y140.482 E3986.37387
G1 X94.992 Y140.639 E3986.39669
G1 X94.669 Y140.723 E3986.41889
G0 F12000 X94.776 Y141.612
G1 F976.4 X95.312 Y141.483 E3986.45557
G1 X95.805 Y141.222 E3986.49267
G1 X96.217 Y140.858 E3986.52924
G1 X96.537 Y140.394 E3986.56674
G1 X96.728 Y139.887 E3986.60278
G1 X96.798 Y139.332 E3986.63999
G1 X96.728 Y138.777 E3986.6772
G1 X96.537 Y138.27 E3986.71324
G1 X96.217 Y137.806 E3986.75073
G1 X95.805 Y137.442 E3986.7873
G1 X95.312 Y137.181 E3986.82441
G1 X94.776 Y137.053 E3986.86107
G1 X94.22 Y137.052 E3986.89805
G1 X93.684 Y137.181 E3986.93473
G1 X93.191 Y137.442 E3986.97183
G1 X92.784 Y137.806 E3987.00815
G1 X92.463 Y138.271 E3987.04574
G1 X92.268 Y138.777 E3987.08181
G1 X92.202 Y139.332 E3987.11899
G1 X92.268 Y139.887 E3987.15617
G1 X92.463 Y140.393 E3987.19224
G1 X92.784 Y140.858 E3987.22983
G1 X93.192 Y141.222 E3987.2662
G1 X93.684 Y141.483 E3987.30325
G1 X94.22 Y141.612 E3987.33992
G1 X94.776 Y141.612 E3987.37691
G1 F2700 E3982.37691
;MESH:bump_plate.obj
G0 F12000 X94.739 Y141.306
G0 X96.045 Y140.708
G0 X96.944 Y141.33
G0 X107.557 Y141.331
G0 X110 Y141.166
;TYPE:WALL-INNER
G1 F2700 E3987.37691
G1 F793.8 X110.224 Y141.166 E3987.39523
G1 F785.8 X110.652 Y141.059 E3987.4317
G1 F782.7 X111.049 Y140.852 E3987.46885
G1 F789 X111.38 Y140.559 E3987.50524
G1 F790.6 X111.638 Y140.185 E3987.54257
G1 X111.791 Y139.779 E3987.57821
G1 F787.4 X111.845 Y139.332 E3987.61535
G1 F785.8 X111.791 Y138.885 E3987.65256
G1 F787.4 X111.638 Y138.479 E3987.68835
G1 F789 X111.38 Y138.105 E3987.72575
G1 F790.6 X111.049 Y137.812 E3987.76207
G1 F789 X110.653 Y137.603 E3987.79893
G1 F792.2 X110.224 Y137.498 E3987.83514
G1 F793.8 X109.772 Y137.498 E3987.87212
G1 F790.6 X109.343 Y137.603 E3987.90841
G1 F789 X108.948 Y137.811 E3987.94515
G1 F790.6 X108.62 Y138.103 E3987.98123
G1 F793.8 X108.36 Y138.48 E3988.0187
G1 F789 X108.207 Y138.885 E3988.05434
G1 F785.8 X108.152 Y139.332 E3988.09156
G1 X108.207 Y139.779 E3988.12879
G1 F789 X108.36 Y140.184 E3988.16443
G1 F793.8 X108.62 Y140.561 E3988.2019
G1 F792.2 X108.949 Y140.852 E3988.23791
G1 F785.8 X109.344 Y141.059 E3988.27477
G1 X109.772 Y141.166 E3988.31123
G1 F792.2 X110 Y141.166 E3988.32992
G0 F12000 X110 Y140.723
;TYPE:WALL-OUTER
G1 F976.4 X109.827 Y140.723 E3988.34143
G1 X109.504 Y140.639 E3988.36363
G1 X109.199 Y140.482 E3988.38645
G1 X108.951 Y140.263 E3988.40846
G1 X108.757 Y139.983 E3988.43112
G1 X108.637 Y139.645 E3988.45498
G1 X108.601 Y139.307 E3988.47759
G1 X108.648 Y138.975 E3988.49989
G1 X108.757 Y138.681 E3988.52075
G1 X108.951 Y138.401 E3988.54341
G1 X109.202 Y138.179 E3988.5657
G1 X109.501 Y138.02 E3988.58823
G1 X109.827 Y137.941 E3988.61054
G1 X110.169 Y137.94 E3988.63329
G1 X110.519 Y138.03 E3988.65733
G1 X110.795 Y138.179 E3988.6782
G1 X111.046 Y138.402 E3988.70053
G1 X111.239 Y138.681 E3988.7231
G1 X111.358 Y138.994 E3988.74537
G1 X111.396 Y139.354 E3988.76945
G1 X111.364 Y139.643 E3988.78879
G1 X111.239 Y139.983 E3988.81289
G1 X111.046 Y140.262 E3988.83546
G1 X110.797 Y140.482 E3988.85756
G1 X110.492 Y140.639 E3988.88038
G1 X110.169 Y140.723 E3988.90258
G1 X110 Y140.723 E3988.91382
G0 F12000 X110 Y141.612
G1 F976.4 X110.276 Y141.612 E3988.93218
G1 X110.812 Y141.483 E3988.96885
G1 X111.305 Y141.222 E3989.00596
G1 X111.717 Y140.858 E3989.04253
G1 X112.037 Y140.394 E3989.08003
G1 X112.228 Y139.887 E3989.11606
G1 X112.298 Y139.332 E3989.15328
G1 X112.228 Y138.777 E3989.19049
G1 X112.037 Y138.27 E3989.22653
G1 X111.717 Y137.806 E3989.26402
G1 X111.305 Y137.442 E3989.30059
G1 X110.812 Y137.181 E3989.3377
G1 X110.276 Y137.053 E3989.37436
G1 X109.72 Y137.052 E3989.41134
G1 X109.184 Y137.181 E3989.44801
G1 X108.691 Y137.442 E3989.48512
G1 X108.284 Y137.806 E3989.52144
G1 X107.963 Y138.271 E3989.55903
G1 X107.768 Y138.777 E3989.5951
G1 X107.702 Y139.332 E3989.63228
G1 X107.768 Y139.887 E3989.66946
G1 X107.963 Y140.393 E3989.70553
G1 X108.284 Y140.858 E3989.74312
G1 X108.692 Y141.222 E3989.77949
G1 X109.184 Y141.483 E3989.81654
G1 X109.72 Y141.612 E3989.85321
G1 X110 Y141.612 E3989.87184
G1 F2700 E3984.87184
G0 F12000 X110 Y141.305
G0 X109.06 Y140.692
G0 X108.763 Y140.429
G0 X108.535 Y140.099
G0 X108.396 Y139.729
G0 X108.347 Y139.334
G0 X108.396 Y138.937
G0 X108.535 Y138.567
G0 X108.74 Y138.271
G0 X110 Y137.282
G0 X110 Y136.187
G0 X110 Y49.48
G0 X110 Y48.166
;TYPE:WALL-INNER
G1 F2700 E3989.87184
G1 F793.8 X110.224 Y48.166 E3989.89016
G1 F785.8 X110.652 Y48.059 E3989.92663
G1 F782.7 X111.049 Y47.852 E3989.96378
G1 F789 X111.38 Y47.559 E3990.00017
G1 F790.6 X111.638 Y47.185 E3990.0375
G1 X111.791 Y46.779 E3990.07314
G1 F787.4 X111.845 Y46.332 E3990.11028
G1 F785.8 X111.791 Y45.885 E3990.14749
G1 F787.4 X111.638 Y45.479 E3990.18328
G1 F789 X111.38 Y45.105 E3990.22068
G1 F790.6 X111.049 Y44.812 E3990.257
G1 F789 X110.653 Y44.603 E3990.29386
G1 F792.2 X110.224 Y44.498 E3990.33007
G1 F793.8 X109.772 Y44.498 E3990.36705
G1 F790.6 X109.343 Y44.603 E3990.40333
G1 F789 X108.948 Y44.811 E3990.44008
G1 F790.6 X108.62 Y45.103 E3990.47616
G1 F793.8 X108.36 Y45.48 E3990.51363
G1 F789 X108.207 Y45.885 E3990.54927
G1 F785.8 X108.152 Y46.332 E3990.58649
G1 X108.207 Y46.779 E3990.62372
G1 F789 X108.36 Y47.184 E3990.65936
G1 F793.8 X108.62 Y47.561 E3990.69683
G1 F792.2 X108.949 Y47.852 E3990.73284
G1 F785.8 X109.344 Y48.059 E3990.7697
G1 X109.772 Y48.166 E3990.80616
G1 F792.2 X110 Y48.166 E3990.82485
G0 F12000 X110 Y47.723
;TYPE:WALL-OUTER
G1 F976.4 X109.827 Y47.723 E3990.83636
G1 X109.504 Y47.639 E3990.85856
G1 X109.199 Y47.482 E3990.88138
G1 X108.951 Y47.263 E3990.90339
G1 X108.757 Y46.983 E3990.92605
G1 X108.637 Y46.645 E3990.94991
G1 X108.601 Y46.307 E3990.97252
G1 X108.648 Y45.975 E3990.99482
G1 X108.757 Y45.681 E3991.01568
G1 X108.951 Y45.401 E3991.03834
G1 X109.202 Y45.179 E3991.06063
G1 X109.501 Y45.02 E3991.08316
G1 X109.827 Y44.941 E3991.10547
G1 X110.169 Y44.94 E3991.12822
G1 X110.519 Y45.03 E3991.15226
G1 X110.795 Y45.179 E3991.17312
G1 X111.046 Y45.402 E3991.19546
G1 X111.239 Y45.681 E3991.21803
G1 X111.358 Y45.994 E3991.2403
G1 X111.396 Y46.354 E3991.26438
G1 X111.364 Y46.643 E3991.28372
G1 X111.239 Y46.983 E3991.30782
G1 X111.046 Y47.262 E3991.33039
G1 X110.797 Y47.482 E3991.35249
G1 X110.492 Y47.639 E3991.37531
G1 X110.169 Y47.723 E3991.39751
G1 X110 Y47.723 E3991.40875
G0 F12000 X110 Y48.612
G1 F976.4 X110.276 Y48.612 E3991.42711
G1 X110.812 Y48.483 E3991.46378
G1 X111.305 Y48.222 E3991.50089
G1 X111.717 Y47.858 E3991.53746
G1 X112.037 Y47.394 E3991.57495
G1 X112.228 Y46.887 E3991.61099
G1 X112.298 Y46.332 E3991.6482
G1 X112.228 Y45.777 E3991.68542
G1 X112.037 Y45.27 E3991.72146
G1 X111.717 Y44.806 E3991.75895
G1 X111.305 Y44.442 E3991.79552
G1 X110.812 Y44.181 E3991.83263
G1 X110.276 Y44.053 E3991.86928
G1 X109.72 Y44.052 E3991.90627
G1 X109.184 Y44.181 E3991.94294
G1 X108.691 Y44.442 E3991.98005
G1 X108.284 Y44.806 E3992.01637
G1 X107.963 Y45.271 E3992.05396
G1 X107.768 Y45.777 E3992.09003
G1 X107.702 Y46.332 E3992.12721
G1 X107.768 Y46.887 E3992.16439
G1 X107.963 Y47.393 E3992.20046
G1 X108.284 Y47.858 E3992.23805
G1 X108.692 Y48.222 E3992.27442
G1 X109.184 Y48.483 E3992.31147
G1 X109.72 Y48.612 E3992.34814
G1 X110 Y48.612 E3992.36676
G1 F2700 E3987.36676
;MESH:NONMESH
G0 F300 Z9
G0 F12000 X110 Y48.305
G0 X108.455 Y47.708
G0 X107.557 Y48.331
G0 X96.944 Y48.33
G0 X94.724 Y48.166
;TIME_ELAPSED:2901.186508
;LAYER:22
;note -- min layer time used
;TYPE:WALL-INNER
;MESH:bump_plate.obj(1)
G1 F2700 E3992.36676
G1 F785.8 X95.152 Y48.059 E3992.40323
G1 F782.7 X95.549 Y47.852 E3992.44038
G1 F789 X95.88 Y47.559 E3992.47677
G1 F790.6 X96.138 Y47.185 E3992.5141
G1 X96.291 Y46.779 E3992.54974
G1 F787.4 X96.345 Y46.332 E3992.58688
G1 F785.8 X96.291 Y45.885 E3992.62409
G1 F787.4 X96.138 Y45.479 E3992.65988
G1 F789 X95.88 Y45.105 E3992.69728
G1 F790.6 X95.549 Y44.812 E3992.7336
G1 F789 X95.153 Y44.603 E3992.77046
G1 F792.2 X94.724 Y44.498 E3992.80667
G1 F793.8 X94.272 Y44.498 E3992.84365
G1 F790.6 X93.843 Y44.603 E3992.87994
G1 F789 X93.448 Y44.811 E3992.91668
G1 F790.6 X93.12 Y45.103 E3992.95276
G1 F793.8 X92.86 Y45.48 E3992.99023
G1 F789 X92.707 Y45.885 E3993.02587
G1 F785.8 X92.652 Y46.332 E3993.06309
G1 X92.707 Y46.779 E3993.10032
G1 F789 X92.86 Y47.184 E3993.13596
G1 F793.8 X93.12 Y47.561 E3993.17343
G1 F792.2 X93.449 Y47.852 E3993.20944
G1 F785.8 X93.844 Y48.059 E3993.2463
G1 X94.272 Y48.166 E3993.28276
G1 F792.2 X94.724 Y48.166 E3993.31982
G0 F12000 X94.669 Y47.723
;TYPE:WALL-OUTER
G1 F976.4 X94.327 Y47.723 E3993.34257
G1 X94.004 Y47.639 E3993.36477
G1 X93.699 Y47.482 E3993.38759
G1 X93.451 Y47.263 E3993.4096
G1 X93.257 Y46.983 E3993.43226
G1 X93.137 Y46.645 E3993.45611
G1 X93.101 Y46.307 E3993.47873
G1 X93.148 Y45.975 E3993.50103
G1 X93.257 Y45.681 E3993.52189
G1 X93.451 Y45.401 E3993.54455
G1 X93.702 Y45.179 E3993.56684
G1 X94.001 Y45.02 E3993.58936
G1 X94.327 Y44.941 E3993.61168
G1 X94.669 Y44.94 E3993.63443
G1 X95.019 Y45.03 E3993.65847
G1 X95.295 Y45.179 E3993.67933
G1 X95.546 Y45.402 E3993.70167
G1 X95.739 Y45.681 E3993.72423
G1 X95.858 Y45.994 E3993.74651
G1 X95.896 Y46.354 E3993.77059
G1 X95.864 Y46.643 E3993.78993
G1 X95.739 Y46.983 E3993.81403
G1 X95.546 Y47.262 E3993.83659
G1 X95.297 Y47.482 E3993.8587
G1 X94.992 Y47.639 E3993.88152
G1 X94.669 Y47.723 E3993.90372
G0 F12000 X94.776 Y48.612
G1 F976.4 X95.312 Y48.483 E3993.94039
G1 X95.805 Y48.222 E3993.9775
G1 X96.217 Y47.858 E3994.01407
G1 X96.537 Y47.394 E3994.05156
G1 X96.728 Y46.887 E3994.0876
G1 X96.798 Y46.332 E3994.12481
G1 X96.728 Y45.777 E3994.16202
G1 X96.537 Y45.27 E3994.19806
G1 X96.217 Y44.806 E3994.23556
G1 X95.805 Y44.442 E3994.27213
G1 X95.312 Y44.181 E3994.30923
G1 X94.776 Y44.053 E3994.34589
G1 X94.22 Y44.052 E3994.38288
G1 X93.684 Y44.181 E3994.41955
G1 X93.191 Y44.442 E3994.45666
G1 X92.784 Y44.806 E3994.49298
G1 X92.463 Y45.271 E3994.53056
G1 X92.268 Y45.777 E3994.56664
G1 X92.202 Y46.332 E3994.60381
G1 X92.268 Y46.887 E3994.64099
G1 X92.463 Y47.393 E3994.67707
G1 X92.784 Y47.858 E3994.71465
G1 X93.192 Y48.222 E3994.75102
G1 X93.684 Y48.483 E3994.78807
G1 X94.22 Y48.612 E3994.82474
G1 X94.776 Y48.612 E3994.86173
G1 F2700 E3989.86173
G0 F12000 X94.739 Y48.306
G0 X94.724 Y49.48
G0 X94.724 Y136.187
G0 X94.724 Y141.166
;TYPE:WALL-INNER
G1 F2700 E3994.86173
G1 F785.8 X95.152 Y141.059 E3994.89819
G1 F782.7 X95.549 Y140.852 E3994.93535
G1 F789 X95.88 Y140.559 E3994.97174
G1 F790.6 X96.138 Y140.185 E3995.00906
G1 X96.291 Y139.779 E3995.04471
G1 F787.4 X96.345 Y139.332 E3995.08185
G1 F785.8 X96.291 Y138.885 E3995.11906
G1 F787.4 X96.138 Y138.479 E3995.15485
G1 F789 X95.88 Y138.105 E3995.19225
G1 F790.6 X95.549 Y137.812 E3995.22857
G1 F789 X95.153 Y137.603 E3995.26542
G1 F792.2 X94.724 Y137.498 E3995.30164
G1 F793.8 X94.272 Y137.498 E3995.33862
G1 F790.6 X93.843 Y137.603 E3995.3749
G1 F789 X93.448 Y137.811 E3995.41165
G1 F790.6 X93.12 Y138.103 E3995.44773
G1 F793.8 X92.86 Y138.48 E3995.4852
G1 F789 X92.707 Y138.885 E3995.52084
G1 F785.8 X92.652 Y139.332 E3995.55806
G1 X92.707 Y139.779 E3995.59528
G1 F789 X92.86 Y140.184 E3995.63092
G1 F793.8 X93.12 Y140.561 E3995.66839
G1 F792.2 X93.449 Y140.852 E3995.7044
G1 F785.8 X93.844 Y141.059 E3995.74126
G1 X94.272 Y141.166 E3995.77773
G1 F792.2 X94.724 Y141.166 E3995.81478
G0 F12000 X94.669 Y140.723
;TYPE:WALL-OUTER
G1 F976.4 X94.327 Y140.723 E3995.83753
G1 X94.004 Y140.639 E3995.85973
G1 X93.699 Y140.482 E3995.88255
G1 X93.451 Y140.263 E3995.90456
G1 X93.257 Y139.983 E3995.92722
G1 X93.137 Y139.645 E3995.95108
G1 X93.101 Y139.307 E3995.97369
G1 X93.148 Y138.975 E3995.996
G1 X93.257 Y138.681 E3996.01685
G1 X93.451 Y138.401 E3996.03951
G1 X93.702 Y138.179 E3996.0618
G1 X94.001 Y138.02 E3996.08433
G1 X94.327 Y137.941 E3996.10664
G1 X94.669 Y137.94 E3996.12939
G1 X95.019 Y138.03 E3996.15343
G1 X95.295 Y138.179 E3996.1743
G1 X95.546 Y138.402 E3996.19663
G1 X95.739 Y138.681 E3996.2192
G1 X95.858 Y138.994 E3996.24147
G1 X95.896 Y139.354 E3996.26555
G1 X95.864 Y139.643 E3996.2849
G1 X95.739 Y139.983 E3996.30899
G1 X95.546 Y140.262 E3996.33156
G1 X95.297 Y140.482 E3996.35366
G1 X94.992 Y140.639 E3996.37648
G1 X94.669 Y140.723 E3996.39868
G0 F12000 X94.776 Y141.612
G1 F976.4 X95.312 Y141.483 E3996.43535
G1 X95.805 Y141.222 E3996.47246
G1 X96.217 Y140.858 E3996.50903
G1 X96.537 Y140.394 E3996.54653
G1 X96.728 Y139.887 E3996.58257
G1 X96.798 Y139.332 E3996.61978
G1 X96.728 Y138.777 E3996.65699
G1 X96.537 Y138.27 E3996.69303
G1 X96.217 Y137.806 E3996.73052
G1 X95.805 Y137.442 E3996.76709
G1 X95.312 Y137.181 E3996.8042
G1 X94.776 Y137.053 E3996.84086
G1 X94.22 Y137.052 E3996.87784
G1 X93.684 Y137.181 E3996.91451
G1 X93.191 Y137.442 E3996.95162
G1 X92.784 Y137.806 E3996.98794
G1 X92.463 Y138.271 E3997.02553
G1 X92.268 Y138.777 E3997.0616
G1 X92.202 Y139.332 E3997.09878
G1 X92.268 Y139.887 E3997.13596
G1 X92.463 Y140.393 E3997.17203
G1 X92.784 Y140.858 E3997.20962
G1 X93.192 Y141.222 E3997.24599
G1 X93.684 Y141.483 E3997.28304
G1 X94.22 Y141.612 E3997.31971
G1 X94.776 Y141.612 E3997.3567
G1 F2700 E3992.3567
;MESH:bump_plate.obj
G0 F12000 X94.739 Y141.306
G0 X96.045 Y140.708
G0 X96.944 Y141.33
G0 X107.557 Y141.331
G0 X110 Y141.166
;TYPE:WALL-INNER
G1 F2700 E3997.3567
G1 F793.8 X110.224 Y141.166 E3997.37502
G1 F785.8 X110.652 Y141.059 E3997.41149
G1 F782.7 X111.049 Y140.852 E3997.44864
G1 F789 X111.38 Y140.559 E3997.48503
G1 F790.6 X111.638 Y140.185 E3997.52236
G1 X111.791 Y139.779 E3997.558
G1 F787.4 X111.845 Y139.332 E3997.59514
G1 F785.8 X111.791 Y138.885 E3997.63235
G1 F787.4 X111.638 Y138.479 E3997.66814
G1 F789 X111.38 Y138.105 E3997.70554
G1 F790.6 X111.049 Y137.812 E3997.74186
G1 F789 X110.653 Y137.603 E3997.77872
G1 F792.2 X110.224 Y137.498 E3997.81493
G1 F793.8 X109.772 Y137.498 E3997.85191
G1 F790.6 X109.343 Y137.603 E3997.88819
G1 F789 X108.948 Y137.811 E3997.92494
G1 F790.6 X108.62 Y138.103 E3997.96102
G1 F793.8 X108.36 Y138.48 E3997.99849
G1 F789 X108.207 Y138.885 E3998.03413
G1 F785.8 X108.152 Y139.332 E3998.07135
G1 X108.207 Y139.779 E3998.10858
G1 F789 X108.36 Y140.184 E3998.14422
G1 F793.8 X108.62 Y140.561 E3998.18169
G1 F792.2 X108.949 Y140.852 E3998.2177
G1 F785.8 X109.344 Y141.059 E3998.25456
G1 X109.772 Y141.166 E3998.29102
G1 F792.2 X110 Y141.166 E3998.30971
G0 F12000 X110 Y140.723
;TYPE:WALL-OUTER
G1 F976.4 X109.827 Y140.723 E3998.32122
G1 X109.504 Y140.639 E3998.34342
G1 X109.199 Y140.482 E3998.36624
G1 X108.951 Y140.263 E3998.38825
G1 X108.757 Y139.983 E3998.41091
G1 X108.637 Y139.645 E3998.43477
G1 X108.601 Y139.307 E3998.45738
G1 X108.648 Y138.975 E3998.47968
G1 X108.757 Y138.681 E3998.50054
G1 X108.951 Y138.401 E3998.5232
G1 X109.202 Y138.179 E3998.54549
G1 X109.501 Y138.02 E3998.56802
G1 X109.827 Y137.941 E3998.59033
G1 X110.169 Y137.94 E3998.61308
G1 X110.519 Y138.03 E3998.63712
G1 X110.795 Y138.179 E3998.65798
G1 X111.046 Y138.402 E3998.68032
G1 X111.239 Y138.681 E3998.70289
G1 X111.358 Y138.994 E3998.72516
G1 X111.396 Y139.354 E3998.74924
G1 X111.364 Y139.643 E3998.76858
G1 X111.239 Y139.983 E3998.79268
G1 X111.046 Y140.262 E3998.81525
G1 X110.797 Y140.482 E3998.83735
G1 X110.492 Y140.639 E3998.86017
G1 X110.169 Y140.723 E3998.88237
G1 X110 Y140.723 E3998.89361
G0 F12000 X110 Y141.612
G1 F976.4 X110.276 Y141.612 E3998.91197
G1 X110.812 Y141.483 E3998.94864
G1 X111.305 Y141.222 E3998.98575
G1 X111.717 Y140.858 E3999.02232
G1 X112.037 Y140.394 E3999.05981
G1 X112.228 Y139.887 E3999.09585
G1 X112.298 Y139.332 E3999.13306
G1 X112.228 Y138.777 E3999.17028
G1 X112.037 Y138.27 E3999.20632
G1 X111.717 Y137.806 E3999.24381
G1 X111.305 Y137.442 E3999.28038
G1 X110.812 Y137.181 E3999.31749
G1 X110.276 Y137.053 E3999.35414
G1 X109.72 Y137.052 E3999.39113
G1 X109.184 Y137.181 E3999.4278
G1 X108.691 Y137.442 E3999.46491
G1 X108.284 Y137.806 E3999.50123
G1 X107.963 Y138.271 E3999.53882
G1 X107.768 Y138.777 E3999.57489
G1 X107.702 Y139.332 E3999.61207
G1 X107.768 Y139.887 E3999.64925
G1 X107.963 Y140.393 E3999.68532
G1 X108.284 Y140.858 E3999.72291
G1 X108.692 Y141.222 E3999.75928
G1 X109.184 Y141.483 E3999.79633
G1 X109.72 Y141.612 E3999.833
G1 X110 Y141.612 E3999.85162
G1 F2700 E3994.85162
G0 F12000 X110 Y141.305
G0 X109.06 Y140.692
G0 X108.763 Y140.429
G0 X108.535 Y140.099
G0 X108.396 Y139.729
G0 X108.347 Y139.334
G0 X108.396 Y138.937
G0 X108.535 Y138.567
G0 X108.74 Y138.271
G0 X110 Y137.282
G0 X110 Y136.187
G0 X110 Y49.48
G0 X110 Y48.166
;TYPE:WALL-INNER
G1 F2700 E3999.85162
G1 F793.8 X110.224 Y48.166 E3999.86995
G1 F785.8 X110.652 Y48.059 E3999.90641
G1 F782.7 X111.049 Y47.852 E3999.94357
G1 F789 X111.38 Y47.559 E3999.97996
G1 F790.6 X111.638 Y47.185 E4000.01728
G1 X111.791 Y46.779 E4000.05293
G1 F787.4 X111.845 Y46.332 E4000.09007
G1 F785.8 X111.791 Y45.885 E4000.12728
G1 F787.4 X111.638 Y45.479 E4000.16307
G1 F789 X111.38 Y45.105 E4000.20047
G1 F790.6 X111.049 Y44.812 E4000.23679
G1 F789 X110.653 Y44.603 E4000.27365
G1 F792.2 X110.224 Y44.498 E4000.30986
G1 F793.8 X109.772 Y44.498 E4000.34684
G1 F790.6 X109.343 Y44.603 E4000.38312
G1 F789 X108.948 Y44.811 E4000.41987
G1 F790.6 X108.62 Y45.103 E4000.45595
G1 F793.8 X108.36 Y45.48 E4000.49342
G1 F789 X108.207 Y45.885 E4000.52906
G1 F785.8 X108.152 Y46.332 E4000.56628
G1 X108.207 Y46.779 E4000.60351
G1 F789 X108.36 Y47.184 E4000.63914
G1 F793.8 X108.62 Y47.561 E4000.67661
G1 F792.2 X108.949 Y47.852 E4000.71263
G1 F785.8 X109.344 Y48.059 E4000.74948
G1 X109.772 Y48.166 E4000.78595
G1 F792.2 X110 Y48.166 E4000.80464
G0 F12000 X110 Y47.723
;TYPE:WALL-OUTER
G1 F976.4 X109.827 Y47.723 E4000.81615
G1 X109.504 Y47.639 E4000.83835
G1 X109.199 Y47.482 E4000.86117
G1 X108.951 Y47.263 E4000.88318
G1 X108.757 Y46.983 E4000.90584
G1 X108.637 Y46.645 E4000.9297
G1 X108.601 Y46.307 E4000.95231
G1 X108.648 Y45.975 E4000.97461
G1 X108.757 Y45.681 E4000.99547
G1 X108.951 Y45.401 E4001.01813
G1 X109.202 Y45.179 E4001.04042
G1 X109.501 Y45.02 E4001.06295
G1 X109.827 Y44.941 E4001.08526
G1 X110.169 Y44.94 E4001.10801
G1 X110.519 Y45.03 E4001.13205
G1 X110.795 Y45.179 E4001.15291
G1 X111.046 Y45.402 E4001.17525
G1 X111.239 Y45.681 E4001.19781
G1 X111.358 Y45.994 E4001.22009
G1 X111.396 Y46.354 E4001.24417
G1 X111.364 Y46.643 E4001.26351
G1 X111.239 Y46.983 E4001.28761
G1 X111.046 Y47.262 E4001.31017
G1 X110.797 Y47.482 E4001.33228
G1 X110.492 Y47.639 E4001.3551
G1 X110.169 Y47.723 E4001.3773
G1 X110 Y47.723 E4001.38854
G0 F12000 X110 Y48.612
G1 F976.4 X110.276 Y48.612 E4001.4069
G1 X110.812 Y48.483 E4001.44357
G1 X111.305 Y48.222 E4001.48068
G1 X111.717 Y47.858 E4001.51725
G1 X112.037 Y47.394 E4001.55474
G1 X112.228 Y46.887 E4001.59078
G1 X112.298 Y46.332 E4001.62799
G1 X112.228 Y45.777 E4001.6652
G1 X112.037 Y45.27 E4001.70124
G1 X111.717 Y44.806 E4001.73874
G1 X111.305 Y44.442 E4001.77531
G1 X110.812 Y44.181 E4001.81242
G1 X110.276 Y44.053 E4001.84907
G1 X109.72 Y44.052 E4001.88606
G1 X109.184 Y44.181 E4001.92273
G1 X108.691 Y44.442 E4001.95984
G1 X108.284 Y44.806 E4001.99616
G1 X107.963 Y45.271 E4002.03375
G1 X107.768 Y45.777 E4002.06982
G1 X107.702 Y46.332 E4002.107
G1 X107.768 Y46.887 E4002.14418
G1 X107.963 Y47.393 E4002.18025
G1 X108.284 Y47.858 E4002.21783
G1 X108.692 Y48.222 E4002.25421
G1 X109.184 Y48.483 E4002.29125
G1 X109.72 Y48.612 E4002.32793
G1 X110 Y48.612 E4002.34655
G1 F2700 E3997.34655
;MESH:NONMESH
G0 F300 Z9.4
G0 F12000 X110 Y48.305
G0 X108.455 Y47.708
G0 X107.557 Y48.331
G0 X96.944 Y48.33
G0 X94.724 Y48.166
;TIME_ELAPSED:2915.447228
;LAYER:23
;note -- min layer time used
;TYPE:WALL-INNER
;MESH:bump_plate.obj(1)
G1 F2700 E4002.34655
G1 F785.8 X95.152 Y48.059 E4002.38302
G1 F782.7 X95.549 Y47.852 E4002.42017
G1 F789 X95.88 Y47.559 E4002.45656
G1 F790.6 X96.138 Y47.185 E4002.49389
G1 X96.291 Y46.779 E4002.52953
G1 F787.4 X96.345 Y46.332 E4002.56667
G1 F785.8 X96.291 Y45.885 E4002.60388
G1 F787.4 X96.138 Y45.479 E4002.63967
G1 F789 X95.88 Y45.105 E4002.67707
G1 F790.6 X95.549 Y44.812 E4002.71339
G1 F789 X95.153 Y44.603 E4002.75025
G1 F792.2 X94.724 Y44.498 E4002.78646
G1 F793.8 X94.272 Y44.498 E4002.82344
G1 F790.6 X93.843 Y44.603 E4002.85972
G1 F789 X93.448 Y44.811 E4002.89647
G1 F790.6 X93.12 Y45.103 E4002.93255
G1 F793.8 X92.86 Y45.48 E4002.97002
G1 F789 X92.707 Y45.885 E4003.00566
G1 F785.8 X92.652 Y46.332 E4003.04288
G1 X92.707 Y46.779 E4003.08011
G1 F789 X92.86 Y47.184 E4003.11575
G1 F793.8 X93.12 Y47.561 E4003.15322
G1 F792.2 X93.449 Y47.852 E4003.18923
G1 F785.8 X93.844 Y48.059 E4003.22609
G1 X94.272 Y48.166 E4003.26255
G1 F792.2 X94.724 Y48.166 E4003.29961
G0 F12000 X94.669 Y47.723
;TYPE:WALL-OUTER
G1 F976.4 X94.327 Y47.723 E4003.32236
G1 X94.004 Y47.639 E4003.34456
G1 X93.699 Y47.482 E4003.36738
G1 X93.451 Y47.263 E4003.38938
G1 X93.257 Y46.983 E4003.41204
G1 X93.137 Y46.645 E4003.4359
G1 X93.101 Y46.307 E4003.45851
G1 X93.148 Y45.975 E4003.48082
G1 X93.257 Y45.681 E4003.50168
G1 X93.451 Y45.401 E4003.52434
G1 X93.702 Y45.179 E4003.54663
G1 X94.001 Y45.02 E4003.56915
G1 X94.327 Y44.941 E4003.59147
G1 X94.669 Y44.94 E4003.61422
G1 X95.019 Y45.03 E4003.63826
G1 X95.295 Y45.179 E4003.65912
G1 X95.546 Y45.402 E4003.68145
G1 X95.739 Y45.681 E4003.70402
G1 X95.858 Y45.994 E4003.7263
G1 X95.896 Y46.354 E4003.75038
G1 X95.864 Y46.643 E4003.76972
G1 X95.739 Y46.983 E4003.79382
G1 X95.546 Y47.262 E4003.81638
G1 X95.297 Y47.482 E4003.83848
G1 X94.992 Y47.639 E4003.8613
G1 X94.669 Y47.723 E4003.8835
G0 F12000 X94.776 Y48.612
G1 F976.4 X95.312 Y48.483 E4003.92018
G1 X95.805 Y48.222 E4003.95728
G1 X96.217 Y47.858 E4003.99385
G1 X96.537 Y47.394 E4004.03135
G1 X96.728 Y46.887 E4004.06739
G1 X96.798 Y46.332 E4004.1046
G1 X96.728 Y45.777 E4004.14181
G1 X96.537 Y45.27 E4004.17785
G1 X96.217 Y44.806 E4004.21534
G1 X95.805 Y44.442 E4004.25191
G1 X95.312 Y44.181 E4004.28902
G1 X94.776 Y44.053 E4004.32568
G1 X94.22 Y44.052 E4004.36266
G1 X93.684 Y44.181 E4004.39934
G1 X93.191 Y44.442 E4004.43644
G1 X92.784 Y44.806 E4004.47277
G1 X92.463 Y45.271 E4004.51035
G1 X92.268 Y45.777 E4004.54642
G1 X92.202 Y46.332 E4004.5836
G1 X92.268 Y46.887 E4004.62078
G1 X92.463 Y47.393 E4004.65685
G1 X92.784 Y47.858 E4004.69444
G1 X93.192 Y48.222 E4004.73081
G1 X93.684 Y48.483 E4004.76786
G1 X94.22 Y48.612 E4004.80453
G1 X94.776 Y48.612 E4004.84152
G1 F2700 E3999.84152
G0 F12000 X94.739 Y48.306
G0 X94.724 Y49.48
G0 X94.724 Y136.187
G0 X94.724 Y141.166
;TYPE:WALL-INNER
G1 F2700 E4004.84152
G1 F785.8 X95.152 Y141.059 E4004.87798
G1 F782.7 X95.549 Y140.852 E4004.91514
G1 F789 X95.88 Y140.559 E4004.95152
G1 F790.6 X96.138 Y140.185 E4004.98885
G1 X96.291 Y139.779 E4005.0245
G1 F787.4 X96.345 Y139.332 E4005.06163
G1 F785.8 X96.291 Y138.885 E4005.09885
G1 F787.4 X96.138 Y138.479 E4005.13464
G1 F789 X95.88 Y138.105 E4005.17204
G1 F790.6 X95.549 Y137.812 E4005.20835
G1 F789 X95.153 Y137.603 E4005.24521
G1 F792.2 X94.724 Y137.498 E4005.28142
G1 F793.8 X94.272 Y137.498 E4005.31841
G1 F790.6 X93.843 Y137.603 E4005.35469
G1 F789 X93.448 Y137.811 E4005.39144
G1 F790.6 X93.12 Y138.103 E4005.42752
G1 F793.8 X92.86 Y138.48 E4005.46499
G1 F789 X92.707 Y138.885 E4005.50062
G1 F785.8 X92.652 Y139.332 E4005.53785
G1 X92.707 Y139.779 E4005.57507
G1 F789 X92.86 Y140.184 E4005.61071
G1 F793.8 X93.12 Y140.561 E4005.64818
G1 F792.2 X93.449 Y140.852 E4005.68419
G1 F785.8 X93.844 Y141.059 E4005.72105
G1 X94.272 Y141.166 E4005.75751
G1 F792.2 X94.724 Y141.166 E4005.79457
G0 F12000 X94.669 Y140.723
;TYPE:WALL-OUTER
G1 F976.4 X94.327 Y140.723 E4005.81732
G1 X94.004 Y140.639 E4005.83952
G1 X93.699 Y140.482 E4005.86234
G1 X93.451 Y140.263 E4005.88435
G1 X93.257 Y139.983 E4005.90701
G1 X93.137 Y139.645 E4005.93087
G1 X93.101 Y139.307 E4005.95348
G1 X93.148 Y138.975 E4005.97578
G1 X93.257 Y138.681 E4005.99664
G1 X93.451 Y138.401 E4006.0193
G1 X93.702 Y138.179 E4006.04159
G1 X94.001 Y138.02 E4006.06412
G1 X94.327 Y137.941 E4006.08643
G1 X94.669 Y137.94 E4006.10918
G1 X95.019 Y138.03 E4006.13322
G1 X95.295 Y138.179 E4006.15409
G1 X95.546 Y138.402 E4006.17642
G1 X95.739 Y138.681 E4006.19899
G1 X95.858 Y138.994 E4006.22126
G1 X95.896 Y139.354 E4006.24534
G1 X95.864 Y139.643 E4006.26468
G1 X95.739 Y139.983 E4006.28878
G1 X95.546 Y140.262 E4006.31135
G1 X95.297 Y140.482 E4006.33345
G1 X94.992 Y140.639 E4006.35627
G1 X94.669 Y140.723 E4006.37847
G0 F12000 X94.776 Y141.612
G1 F976.4 X95.312 Y141.483 E4006.41514
G1 X95.805 Y141.222 E4006.45225
G1 X96.217 Y140.858 E4006.48882
G1 X96.537 Y140.394 E4006.52631
G1 X96.728 Y139.887 E4006.56235
G1 X96.798 Y139.332 E4006.59957
G1 X96.728 Y138.777 E4006.63678
G1 X96.537 Y138.27 E4006.67282
G1 X96.217 Y137.806 E4006.71031
G1 X95.805 Y137.442 E4006.74688
G1 X95.312 Y137.181 E4006.78399
G1 X94.776 Y137.053 E4006.82064
G1 X94.22 Y137.052 E4006.85763
G1 X93.684 Y137.181 E4006.8943
G1 X93.191 Y137.442 E4006.93141
G1 X92.784 Y137.806 E4006.96773
G1 X92.463 Y138.271 E4007.00532
G1 X92.268 Y138.777 E4007.04139
G1 X92.202 Y139.332 E4007.07857
G1 X92.268 Y139.887 E4007.11575
G1 X92.463 Y140.393 E4007.15182
G1 X92.784 Y140.858 E4007.18941
G1 X93.192 Y141.222 E4007.22578
G1 X93.684 Y141.483 E4007.26283
G1 X94.22 Y141.612 E4007.2995
G1 X94.776 Y141.612 E4007.33648
G1 F2700 E4002.33648
;MESH:bump_plate.obj
G0 F12000 X94.739 Y141.306
G0 X96.045 Y140.708
G0 X96.944 Y141.33
G0 X107.557 Y141.331
G0 X110 Y141.166
;TYPE:WALL-INNER
G1 F2700 E4007.33648
G1 F793.8 X110.224 Y141.166 E4007.35481
G1 F785.8 X110.652 Y141.059 E4007.39128
G1 F782.7 X111.049 Y140.852 E4007.42843
G1 F789 X111.38 Y140.559 E4007.46482
G1 F790.6 X111.638 Y140.185 E4007.50214
G1 X111.791 Y139.779 E4007.53779
G1 F787.4 X111.845 Y139.332 E4007.57493
G1 F785.8 X111.791 Y138.885 E4007.61214
G1 F787.4 X111.638 Y138.479 E4007.64793
G1 F789 X111.38 Y138.105 E4007.68533
G1 F790.6 X111.049 Y137.812 E4007.72165
G1 F789 X110.653 Y137.603 E4007.75851
G1 F792.2 X110.224 Y137.498 E4007.79472
G1 F793.8 X109.772 Y137.498 E4007.8317
G1 F790.6 X109.343 Y137.603 E4007.86798
G1 F789 X108.948 Y137.811 E4007.90473
G1 F790.6 X108.62 Y138.103 E4007.94081
G1 F793.8 X108.36 Y138.48 E4007.97828
G1 F789 X108.207 Y138.885 E4008.01392
G1 F785.8 X108.152 Y139.332 E4008.05114
G1 X108.207 Y139.779 E4008.08837
G1 F789 X108.36 Y140.184 E4008.124
G1 F793.8 X108.62 Y140.561 E4008.16148
G1 F792.2 X108.949 Y140.852 E4008.19749
G1 F785.8 X109.344 Y141.059 E4008.23434
G1 X109.772 Y141.166 E4008.27081
G1 F792.2 X110 Y141.166 E4008.2895
G0 F12000 X110 Y140.723
;TYPE:WALL-OUTER
G1 F976.4 X109.827 Y140.723 E4008.30101
G1 X109.504 Y140.639 E4008.32321
G1 X109.199 Y140.482 E4008.34603
G1 X108.951 Y140.263 E4008.36804
G1 X108.757 Y139.983 E4008.3907
G1 X108.637 Y139.645 E4008.41456
G1 X108.601 Y139.307 E4008.43717
G1 X108.648 Y138.975 E4008.45947
G1 X108.757 Y138.681 E4008.48033
G1 X108.951 Y138.401 E4008.50299
G1 X109.202 Y138.179 E4008.52528
G1 X109.501 Y138.02 E4008.54781
G1 X109.827 Y137.941 E4008.57012
G1 X110.169 Y137.94 E4008.59287
G1 X110.519 Y138.03 E4008.61691
G1 X110.795 Y138.179 E4008.63777
G1 X111.046 Y138.402 E4008.66011
G1 X111.239 Y138.681 E4008.68267
G1 X111.358 Y138.994 E4008.70495
G1 X111.396 Y139.354 E4008.72903
G1 X111.364 Y139.643 E4008.74837
G1 X111.239 Y139.983 E4008.77247
G1 X111.046 Y140.262 E4008.79503
G1 X110.797 Y140.482 E4008.81714
G1 X110.492 Y140.639 E4008.83996
G1 X110.169 Y140.723 E4008.86216
G1 X110 Y140.723 E4008.8734
G0 F12000 X110 Y141.612
G1 F976.4 X110.276 Y141.612 E4008.89176
G1 X110.812 Y141.483 E4008.92843
G1 X111.305 Y141.222 E4008.96554
G1 X111.717 Y140.858 E4009.00211
G1 X112.037 Y140.394 E4009.0396
G1 X112.228 Y139.887 E4009.07564
G1 X112.298 Y139.332 E4009.11285
G1 X112.228 Y138.777 E4009.15006
G1 X112.037 Y138.27 E4009.1861
G1 X111.717 Y137.806 E4009.2236
G1 X111.305 Y137.442 E4009.26017
G1 X110.812 Y137.181 E4009.29728
G1 X110.276 Y137.053 E4009.33393
G1 X109.72 Y137.052 E4009.37092
G1 X109.184 Y137.181 E4009.40759
G1 X108.691 Y137.442 E4009.4447
G1 X108.284 Y137.806 E4009.48102
G1 X107.963 Y138.271 E4009.51861
G1 X107.768 Y138.777 E4009.55468
G1 X107.702 Y139.332 E4009.59186
G1 X107.768 Y139.887 E4009.62904
G1 X107.963 Y140.393 E4009.66511
G1 X108.284 Y140.858 E4009.70269
G1 X108.692 Y141.222 E4009.73907
G1 X109.184 Y141.483 E4009.77611
G1 X109.72 Y141.612 E4009.81279
G1 X110 Y141.612 E4009.83141
G1 F2700 E4004.83141
G0 F12000 X110 Y141.305
G0 X109.06 Y140.692
G0 X108.763 Y140.429
G0 X108.535 Y140.099
G0 X108.396 Y139.729
G0 X108.347 Y139.334
G0 X108.396 Y138.937
G0 X108.535 Y138.567
G0 X108.74 Y138.271
G0 X110 Y137.282
G0 X110 Y136.187
G0 X110 Y49.48
G0 X110 Y48.166
;TYPE:WALL-INNER
G1 F2700 E4009.83141
G1 F793.8 X110.224 Y48.166 E4009.84974
G1 F785.8 X110.652 Y48.059 E4009.8862
G1 F782.7 X111.049 Y47.852 E4009.92336
G1 F789 X111.38 Y47.559 E4009.95975
G1 F790.6 X111.638 Y47.185 E4009.99707
G1 X111.791 Y46.779 E4010.03272
G1 F787.4 X111.845 Y46.332 E4010.06986
G1 F785.8 X111.791 Y45.885 E4010.10707
G1 F787.4 X111.638 Y45.479 E4010.14286
G1 F789 X111.38 Y45.105 E4010.18026
G1 F790.6 X111.049 Y44.812 E4010.21658
G1 F789 X110.653 Y44.603 E4010.25344
G1 F792.2 X110.224 Y44.498 E4010.28965
G1 F793.8 X109.772 Y44.498 E4010.32663
G1 F790.6 X109.343 Y44.603 E4010.36291
G1 F789 X108.948 Y44.811 E4010.39966
G1 F790.6 X108.62 Y45.103 E4010.43574
G1 F793.8 X108.36 Y45.48 E4010.47321
G1 F789 X108.207 Y45.885 E4010.50885
G1 F785.8 X108.152 Y46.332 E4010.54607
G1 X108.207 Y46.779 E4010.58329
G1 F789 X108.36 Y47.184 E4010.61893
G1 F793.8 X108.62 Y47.561 E4010.6564
G1 F792.2 X108.949 Y47.852 E4010.69241
G1 F785.8 X109.344 Y48.059 E4010.72927
G1 X109.772 Y48.166 E4010.76574
G1 F792.2 X110 Y48.166 E4010.78443
G0 F12000 X110 Y47.723
;TYPE:WALL-OUTER
G1 F976.4 X109.827 Y47.723 E4010.79594
G1 X109.504 Y47.639 E4010.81814
G1 X109.199 Y47.482 E4010.84096
G1 X108.951 Y47.263 E4010.86297
G1 X108.757 Y46.983 E4010.88563
G1 X108.637 Y46.645 E4010.90948
G1 X108.601 Y46.307 E4010.93209
G1 X108.648 Y45.975 E4010.9544
G1 X108.757 Y45.681 E4010.97526
G1 X108.951 Y45.401 E4010.99792
G1 X109.202 Y45.179 E4011.02021
G1 X109.501 Y45.02 E4011.04273
G1 X109.827 Y44.941 E4011.06505
G1 X110.169 Y44.94 E4011.0878
G1 X110.519 Y45.03 E4011.11184
G1 X110.795 Y45.179 E4011.1327
G1 X111.046 Y45.402 E4011.15504
G1 X111.239 Y45.681 E4011.1776
G1 X111.358 Y45.994 E4011.19988
G1 X111.396 Y46.354 E4011.22396
G1 X111.364 Y46.643 E4011.2433
G1 X111.239 Y46.983 E4011.2674
G1 X111.046 Y47.262 E4011.28996
G1 X110.797 Y47.482 E4011.31207
G1 X110.492 Y47.639 E4011.33488
G1 X110.169 Y47.723 E4011.35709
G1 X110 Y47.723 E4011.36833
G0 F12000 X110 Y48.612
G1 F976.4 X110.276 Y48.612 E4011.38669
G1 X110.812 Y48.483 E4011.42336
G1 X111.305 Y48.222 E4011.46047
G1 X111.717 Y47.858 E4011.49704
G1 X112.037 Y47.394 E4011.53453
G1 X112.228 Y46.887 E4011.57057
G1 X112.298 Y46.332 E4011.60778
G1 X112.228 Y45.777 E4011.64499
G1 X112.037 Y45.27 E4011.68103
G1 X111.717 Y44.806 E4011.71853
G1 X111.305 Y44.442 E4011.7551
G1 X110.812 Y44.181 E4011.7922
G1 X110.276 Y44.053 E4011.82886
G1 X109.72 Y44.052 E4011.86585
G1 X109.184 Y44.181 E4011.90252
G1 X108.691 Y44.442 E4011.93963
G1 X108.284 Y44.806 E4011.97595
G1 X107.963 Y45.271 E4012.01353
G1 X107.768 Y45.777 E4012.04961
G1 X107.702 Y46.332 E4012.08679
G1 X107.768 Y46.887 E4012.12396
G1 X107.963 Y47.393 E4012.16004
G1 X108.284 Y47.858 E4012.19762
G1 X108.692 Y48.222 E4012.23399
G1 X109.184 Y48.483 E4012.27104
G1 X109.72 Y48.612 E4012.30772
G1 X110 Y48.612 E4012.32634
G1 F2700 E4007.32634
;MESH:NONMESH
G0 F300 Z9.8
G0 F12000 X110 Y48.305
G0 X108.455 Y47.708
G0 X107.557 Y48.331
G0 X96.944 Y48.33
G0 X94.724 Y48.166
;TIME_ELAPSED:2929.707949
;LAYER:24
;note -- min layer time used
;TYPE:WALL-INNER
;MESH:bump_plate.obj(1)
G1 F2700 E4012.32634
G1 F785.8 X95.152 Y48.059 E4012.3628
G1 F782.7 X95.549 Y47.852 E4012.39996
G1 F789 X95.88 Y47.559 E4012.43635
G1 F790.6 X96.138 Y47.185 E4012.47367
G1 X96.291 Y46.779 E4012.50932
G1 F787.4 X96.345 Y46.332 E4012.54646
G1 F785.8 X96.291 Y45.885 E4012.58367
G1 F787.4 X96.138 Y45.479 E4012.61946
G1 F789 X95.88 Y45.105 E4012.65686
G1 F790.6 X95.549 Y44.812 E4012.69318
G1 F789 X95.153 Y44.603 E4012.73004
G1 F792.2 X94.724 Y44.498 E4012.76625
G1 F793.8 X94.272 Y44.498 E4012.80323
G1 F790.6 X93.843 Y44.603 E4012.83951
G1 F789 X93.448 Y44.811 E4012.87626
G1 F790.6 X93.12 Y45.103 E4012.91234
G1 F793.8 X92.86 Y45.48 E4012.94981
G1 F789 X92.707 Y45.885 E4012.98545
G1 F785.8 X92.652 Y46.332 E4013.02267
G1 X92.707 Y46.779 E4013.0599
G1 F789 X92.86 Y47.184 E4013.09553
G1 F793.8 X93.12 Y47.561 E4013.133
G1 F792.2 X93.449 Y47.852 E4013.16902
G1 F785.8 X93.844 Y48.059 E4013.20587
G1 X94.272 Y48.166 E4013.24234
G1 F792.2 X94.724 Y48.166 E4013.2794
G0 F12000 X94.669 Y47.723
;TYPE:WALL-OUTER
G1 F976.4 X94.327 Y47.723 E4013.30215
G1 X94.004 Y47.639 E4013.32435
G1 X93.699 Y47.482 E4013.34716
G1 X93.451 Y47.263 E4013.36917
G1 X93.257 Y46.983 E4013.39183
G1 X93.137 Y46.645 E4013.41569
G1 X93.101 Y46.307 E4013.4383
G1 X93.148 Y45.975 E4013.46061
G1 X93.257 Y45.681 E4013.48147
G1 X93.451 Y45.401 E4013.50412
G1 X93.702 Y45.179 E4013.52642
G1 X94.001 Y45.02 E4013.54894
G1 X94.327 Y44.941 E4013.57126
G1 X94.669 Y44.94 E4013.59401
G1 X95.019 Y45.03 E4013.61804
G1 X95.295 Y45.179 E4013.63891
G1 X95.546 Y45.402 E4013.66124
G1 X95.739 Y45.681 E4013.68381
G1 X95.858 Y45.994 E4013.70609
G1 X95.896 Y46.354 E4013.73017
G1 X95.864 Y46.643 E4013.74951
G1 X95.739 Y46.983 E4013.7736
G1 X95.546 Y47.262 E4013.79617
G1 X95.297 Y47.482 E4013.81827
G1 X94.992 Y47.639 E4013.84109
G1 X94.669 Y47.723 E4013.86329
G0 F12000 X94.776 Y48.612
G1 F976.4 X95.312 Y48.483 E4013.89997
G1 X95.805 Y48.222 E4013.93707
G1 X96.217 Y47.858 E4013.97364
G1 X96.537 Y47.394 E4014.01114
G1 X96.728 Y46.887 E4014.04718
G1 X96.798 Y46.332 E4014.08439
G1 X96.728 Y45.777 E4014.1216
G1 X96.537 Y45.27 E4014.15764
G1 X96.217 Y44.806 E4014.19513
G1 X95.805 Y44.442 E4014.2317
G1 X95.312 Y44.181 E4014.26881
G1 X94.776 Y44.053 E4014.30547
G1 X94.22 Y44.052 E4014.34245
G1 X93.684 Y44.181 E4014.37913
G1 X93.191 Y44.442 E4014.41623
G1 X92.784 Y44.806 E4014.45255
G1 X92.463 Y45.271 E4014.49014
G1 X92.268 Y45.777 E4014.52621
G1 X92.202 Y46.332 E4014.56339
G1 X92.268 Y46.887 E4014.60057
G1 X92.463 Y47.393 E4014.63664
G1 X92.784 Y47.858 E4014.67423
G1 X93.192 Y48.222 E4014.7106
G1 X93.684 Y48.483 E4014.74765
G1 X94.22 Y48.612 E4014.78432
G1 X94.776 Y48.612 E4014.82131
G1 F2700 E4009.82131
G0 F12000 X94.739 Y48.306
G0 X94.724 Y49.48
G0 X94.724 Y136.187
G0 X94.724 Y141.166
;TYPE:WALL-INNER
G1 F2700 E4014.82131
G1 F785.8 X95.152 Y141.059 E4014.85777
G1 F782.7 X95.549 Y140.852 E4014.89492
G1 F789 X95.88 Y140.559 E4014.93131
G1 F790.6 X96.138 Y140.185 E4014.96864
G1 X96.291 Y139.779 E4015.00428
G1 F787.4 X96.345 Y139.332 E4015.04142
G1 F785.8 X96.291 Y138.885 E4015.07864
G1 F787.4 X96.138 Y138.479 E4015.11442
G1 F789 X95.88 Y138.105 E4015.15183
G1 F790.6 X95.549 Y137.812 E4015.18814
G1 F789 X95.153 Y137.603 E4015.225
G1 F792.2 X94.724 Y137.498 E4015.26121
G1 F793.8 X94.272 Y137.498 E4015.2982
G1 F790.6 X93.843 Y137.603 E4015.33448
G1 F789 X93.448 Y137.811 E4015.37123
G1 F790.6 X93.12 Y138.103 E4015.4073
G1 F793.8 X92.86 Y138.48 E4015.44477
G1 F789 X92.707 Y138.885 E4015.48041
G1 F785.8 X92.652 Y139.332 E4015.51764
G1 X92.707 Y139.779 E4015.55486
G1 F789 X92.86 Y140.184 E4015.5905
G1 F793.8 X93.12 Y140.561 E4015.62797
G1 F792.2 X93.449 Y140.852 E4015.66398
G1 F785.8 X93.844 Y141.059 E4015.70084
G1 X94.272 Y141.166 E4015.7373
G1 F792.2 X94.724 Y141.166 E4015.77436
G0 F12000 X94.669 Y140.723
;TYPE:WALL-OUTER
G1 F976.4 X94.327 Y140.723 E4015.79711
G1 X94.004 Y140.639 E4015.81931
G1 X93.699 Y140.482 E4015.84213
G1 X93.451 Y140.263 E4015.86414
G1 X93.257 Y139.983 E4015.8868
G1 X93.137 Y139.645 E4015.91066
G1 X93.101 Y139.307 E4015.93327
G1 X93.148 Y138.975 E4015.95557
G1 X93.257 Y138.681 E4015.97643
G1 X93.451 Y138.401 E4015.99909
G1 X93.702 Y138.179 E4016.02138
G1 X94.001 Y138.02 E4016.04391
G1 X94.327 Y137.941 E4016.06622
G1 X94.669 Y137.94 E4016.08897
G1 X95.019 Y138.03 E4016.11301
G1 X95.295 Y138.179 E4016.13387
G1 X95.546 Y138.402 E4016.15621
G1 X95.739 Y138.681 E4016.17878
G1 X95.858 Y138.994 E4016.20105
G1 X95.896 Y139.354 E4016.22513
G1 X95.864 Y139.643 E4016.24447
G1 X95.739 Y139.983 E4016.26857
G1 X95.546 Y140.262 E4016.29114
G1 X95.297 Y140.482 E4016.31324
G1 X94.992 Y140.639 E4016.33606
G1 X94.669 Y140.723 E4016.35826
G0 F12000 X94.776 Y141.612
G1 F976.4 X95.312 Y141.483 E4016.39493
G1 X95.805 Y141.222 E4016.43204
G1 X96.217 Y140.858 E4016.46861
G1 X96.537 Y140.394 E4016.5061
G1 X96.728 Y139.887 E4016.54214
G1 X96.798 Y139.332 E4016.57935
G1 X96.728 Y138.777 E4016.61657
G1 X96.537 Y138.27 E4016.6526
G1 X96.217 Y137.806 E4016.6901
G1 X95.805 Y137.442 E4016.72667
G1 X95.312 Y137.181 E4016.76378
G1 X94.776 Y137.053 E4016.80043
G1 X94.22 Y137.052 E4016.83742
G1 X93.684 Y137.181 E4016.87409
G1 X93.191 Y137.442 E4016.9112
G1 X92.784 Y137.806 E4016.94752
G1 X92.463 Y138.271 E4016.98511
G1 X92.268 Y138.777 E4017.02118
G1 X92.202 Y139.332 E4017.05836
G1 X92.268 Y139.887 E4017.09554
G1 X92.463 Y140.393 E4017.13161
G1 X92.784 Y140.858 E4017.16919
G1 X93.192 Y141.222 E4017.20557
G1 X93.684 Y141.483 E4017.24261
G1 X94.22 Y141.612 E4017.27929
G1 X94.776 Y141.612 E4017.31627
G1 F2700 E4012.31627
;MESH:bump_plate.obj
G0 F12000 X94.739 Y141.306
G0 X96.045 Y140.708
G0 X96.944 Y141.33
G0 X107.557 Y141.331
G0 X110 Y141.166
;TYPE:WALL-INNER
G1 F2700 E4017.31627
G1 F793.8 X110.224 Y141.166 E4017.3346
G1 F785.8 X110.652 Y141.059 E4017.37106
G1 F782.7 X111.049 Y140.852 E4017.40822
G1 F789 X111.38 Y140.559 E4017.44461
G1 F790.6 X111.638 Y140.185 E4017.48193
G1 X111.791 Y139.779 E4017.51758
G1 F787.4 X111.845 Y139.332 E4017.55472
G1 F785.8 X111.791 Y138.885 E4017.59193
G1 F787.4 X111.638 Y138.479 E4017.62772
G1 F789 X111.38 Y138.105 E4017.66512
G1 F790.6 X111.049 Y137.812 E4017.70144
G1 F789 X110.653 Y137.603 E4017.7383
G1 F792.2 X110.224 Y137.498 E4017.77451
G1 F793.8 X109.772 Y137.498 E4017.81149
G1 F790.6 X109.343 Y137.603 E4017.84777
G1 F789 X108.948 Y137.811 E4017.88452
G1 F790.6 X108.62 Y138.103 E4017.9206
G1 F793.8 X108.36 Y138.48 E4017.95807
G1 F789 X108.207 Y138.885 E4017.99371
G1 F785.8 X108.152 Y139.332 E4018.03093
G1 X108.207 Y139.779 E4018.06815
G1 F789 X108.36 Y140.184 E4018.10379
G1 F793.8 X108.62 Y140.561 E4018.14126
G1 F792.2 X108.949 Y140.852 E4018.17727
G1 F785.8 X109.344 Y141.059 E4018.21413
G1 X109.772 Y141.166 E4018.2506
G1 F792.2 X110 Y141.166 E4018.26929
G0 F12000 X110 Y140.723
;TYPE:WALL-OUTER
G1 F976.4 X109.827 Y140.723 E4018.2808
G1 X109.504 Y140.639 E4018.303
G1 X109.199 Y140.482 E4018.32582
G1 X108.951 Y140.263 E4018.34783
G1 X108.757 Y139.983 E4018.37049
G1 X108.637 Y139.645 E4018.39434
G1 X108.6 Y139.332 E4018.41531
G1 X108.637 Y139.019 E4018.43628
G1 X108.757 Y138.681 E4018.46013
G1 X108.951 Y138.401 E4018.48279
G1 X109.202 Y138.179 E4018.50508
G1 X109.501 Y138.02 E4018.52761
G1 X109.827 Y137.941 E4018.54992
G1 X110.169 Y137.94 E4018.57267
G1 X110.519 Y138.03 E4018.59671
G1 X110.795 Y138.179 E4018.61758
G1 X111.046 Y138.402 E4018.63991
G1 X111.239 Y138.681 E4018.66248
G1 X111.358 Y138.994 E4018.68475
G1 X111.396 Y139.354 E4018.70883
G1 X111.364 Y139.643 E4018.72818
G1 X111.239 Y139.983 E4018.75227
G1 X111.046 Y140.262 E4018.77484
G1 X110.797 Y140.482 E4018.79694
G1 X110.492 Y140.639 E4018.81976
G1 X110.169 Y140.723 E4018.84196
G1 X110 Y140.723 E4018.8532
G0 F12000 X110 Y141.612
G1 F976.4 X110.276 Y141.612 E4018.87156
G1 X110.812 Y141.483 E4018.90824
G1 X111.305 Y141.222 E4018.94534
G1 X111.717 Y140.858 E4018.98191
G1 X112.037 Y140.394 E4019.01941
G1 X112.228 Y139.887 E4019.05545
G1 X112.298 Y139.332 E4019.09266
G1 X112.228 Y138.777 E4019.12987
G1 X112.037 Y138.27 E4019.16591
G1 X111.717 Y137.806 E4019.2034
G1 X111.305 Y137.442 E4019.23997
G1 X110.812 Y137.181 E4019.27708
G1 X110.276 Y137.053 E4019.31374
G1 X109.72 Y137.052 E4019.35072
G1 X109.184 Y137.181 E4019.3874
G1 X108.691 Y137.442 E4019.4245
G1 X108.284 Y137.806 E4019.46082
G1 X107.963 Y138.271 E4019.49841
G1 X107.768 Y138.777 E4019.53448
G1 X107.702 Y139.332 E4019.57166
G1 X107.768 Y139.887 E4019.60884
G1 X107.963 Y140.393 E4019.64491
G1 X108.284 Y140.858 E4019.6825
G1 X108.692 Y141.222 E4019.71887
G1 X109.184 Y141.483 E4019.75592
G1 X109.72 Y141.612 E4019.79259
G1 X110 Y141.612 E4019.81122
G1 F2700 E4014.81122
G0 F12000 X110 Y141.305
G0 X109.06 Y140.692
G0 X108.763 Y140.429
G0 X108.535 Y140.099
G0 X108.396 Y139.729
G0 X108.347 Y139.334
G0 X108.396 Y138.937
G0 X108.535 Y138.567
G0 X108.74 Y138.271
G0 X110 Y137.282
G0 X110 Y136.187
G0 X110 Y49.48
G0 X110 Y48.166
;TYPE:WALL-INNER
G1 F2700 E4019.81122
G1 F793.8 X110.224 Y48.166 E4019.82955
G1 F785.8 X110.652 Y48.059 E4019.86601
G1 F782.7 X111.049 Y47.852 E4019.90316
G1 F789 X111.38 Y47.559 E4019.93955
G1 F790.6 X111.638 Y47.185 E4019.97688
G1 X111.791 Y46.779 E4020.01252
G1 F787.4 X111.845 Y46.332 E4020.04966
G1 F785.8 X111.791 Y45.885 E4020.08688
G1 F787.4 X111.638 Y45.479 E4020.12266
G1 F789 X111.38 Y45.105 E4020.16007
G1 F790.6 X111.049 Y44.812 E4020.19638
G1 F789 X110.653 Y44.603 E4020.23324
G1 F792.2 X110.224 Y44.498 E4020.26945
G1 F793.8 X109.772 Y44.498 E4020.30643
G1 F790.6 X109.343 Y44.603 E4020.34272
G1 F789 X108.948 Y44.811 E4020.37947
G1 F790.6 X108.62 Y45.103 E4020.41554
G1 F793.8 X108.36 Y45.48 E4020.45301
G1 F789 X108.207 Y45.885 E4020.48865
G1 F785.8 X108.152 Y46.332 E4020.52588
G1 X108.207 Y46.779 E4020.5631
G1 F789 X108.36 Y47.184 E4020.59874
G1 F793.8 X108.62 Y47.561 E4020.63621
G1 F792.2 X108.949 Y47.852 E4020.67222
G1 F785.8 X109.344 Y48.059 E4020.70908
G1 X109.772 Y48.166 E4020.74554
G1 F792.2 X110 Y48.166 E4020.76423
G0 F12000 X110 Y47.723
;TYPE:WALL-OUTER
G1 F976.4 X109.827 Y47.723 E4020.77574
G1 X109.504 Y47.639 E4020.79794
G1 X109.199 Y47.482 E4020.82076
G1 X108.951 Y47.263 E4020.84277
G1 X108.757 Y46.983 E4020.86543
G1 X108.637 Y46.645 E4020.88929
G1 X108.601 Y46.307 E4020.9119
G1 X108.648 Y45.975 E4020.93421
G1 X108.757 Y45.681 E4020.95506
G1 X108.951 Y45.401 E4020.97772
G1 X109.202 Y45.179 E4021.00001
G1 X109.501 Y45.02 E4021.02254
G1 X109.827 Y44.941 E4021.04485
G1 X110.169 Y44.94 E4021.0676
G1 X110.519 Y45.03 E4021.09164
G1 X110.795 Y45.179 E4021.11251
G1 X111.046 Y45.402 E4021.13484
G1 X111.239 Y45.681 E4021.15741
G1 X111.358 Y45.994 E4021.17968
G1 X111.396 Y46.354 E4021.20376
G1 X111.364 Y46.643 E4021.2231
G1 X111.239 Y46.983 E4021.2472
G1 X111.046 Y47.262 E4021.26977
G1 X110.797 Y47.482 E4021.29187
G1 X110.492 Y47.639 E4021.31469
G1 X110.169 Y47.723 E4021.33689
G1 X110 Y47.723 E4021.34813
G0 F12000 X110 Y48.612
G1 F976.4 X110.276 Y48.612 E4021.36649
G1 X110.812 Y48.483 E4021.40317
G1 X111.305 Y48.222 E4021.44027
G1 X111.717 Y47.858 E4021.47684
G1 X112.037 Y47.394 E4021.51434
G1 X112.228 Y46.887 E4021.55038
G1 X112.298 Y46.332 E4021.58759
G1 X112.228 Y45.777 E4021.6248
G1 X112.037 Y45.27 E4021.66084
G1 X111.717 Y44.806 E4021.69833
G1 X111.305 Y44.442 E4021.7349
G1 X110.812 Y44.181 E4021.77201
G1 X110.276 Y44.053 E4021.80867
G1 X109.72 Y44.052 E4021.84565
G1 X109.184 Y44.181 E4021.88232
G1 X108.691 Y44.442 E4021.91943
G1 X108.284 Y44.806 E4021.95575
G1 X107.963 Y45.271 E4021.99334
G1 X107.768 Y45.777 E4022.02941
G1 X107.702 Y46.332 E4022.06659
G1 X107.768 Y46.887 E4022.10377
G1 X107.963 Y47.393 E4022.13984
G1 X108.284 Y47.858 E4022.17743
G1 X108.692 Y48.222 E4022.2138
G1 X109.184 Y48.483 E4022.25085
G1 X109.72 Y48.612 E4022.28752
G1 X110 Y48.612 E4022.30615
G1 F2700 E4017.30615
;MESH:NONMESH
G0 F300 Z10.2
G0 F12000 X110 Y48.305
G0 X108.455 Y47.708
G0 X107.557 Y48.331
G0 X96.944 Y48.33
G0 X94.724 Y48.166
;TIME_ELAPSED:2943.968668
;LAYER:25
;note -- min layer time used
;TYPE:WALL-INNER
;MESH:bump_plate.obj(1)
G1 F2700 E4022.30615
G1 F785.8 X95.152 Y48.059 E4022.34261
G1 F782.7 X95.549 Y47.852 E4022.37976
G1 F789 X95.88 Y47.559 E4022.41615
G1 F790.6 X96.138 Y47.185 E4022.45348
G1 X96.291 Y46.779 E4022.48912
G1 F787.4 X96.345 Y46.332 E4022.52626
G1 F785.8 X96.291 Y45.885 E4022.56348
G1 F787.4 X96.138 Y45.479 E4022.59926
G1 F789 X95.88 Y45.105 E4022.63667
G1 F790.6 X95.549 Y44.812 E4022.67298
G1 F789 X95.153 Y44.603 E4022.70984
G1 F792.2 X94.724 Y44.498 E4022.74605
G1 F793.8 X94.272 Y44.498 E4022.78303
G1 F790.6 X93.843 Y44.603 E4022.81932
G1 F789 X93.448 Y44.811 E4022.85607
G1 F790.6 X93.12 Y45.103 E4022.89214
G1 F793.8 X92.86 Y45.48 E4022.92961
G1 F789 X92.707 Y45.885 E4022.96525
G1 F785.8 X92.652 Y46.332 E4023.00248
G1 X92.707 Y46.779 E4023.0397
G1 F789 X92.86 Y47.184 E4023.07534
G1 F793.8 X93.12 Y47.561 E4023.11281
G1 F792.2 X93.449 Y47.852 E4023.14882
G1 F785.8 X93.844 Y48.059 E4023.18568
G1 X94.272 Y48.166 E4023.22214
G1 F792.2 X94.724 Y48.166 E4023.2592
G0 F12000 X94.669 Y47.723
;TYPE:WALL-OUTER
G1 F976.4 X94.327 Y47.723 E4023.28195
G1 X94.004 Y47.639 E4023.30415
G1 X93.699 Y47.482 E4023.32697
G1 X93.451 Y47.263 E4023.34898
G1 X93.257 Y46.983 E4023.37164
G1 X93.137 Y46.645 E4023.3955
G1 X93.101 Y46.307 E4023.41811
G1 X93.148 Y45.975 E4023.44041
G1 X93.257 Y45.681 E4023.46127
G1 X93.451 Y45.401 E4023.48393
G1 X93.702 Y45.179 E4023.50622
G1 X94.001 Y45.02 E4023.52875
G1 X94.327 Y44.941 E4023.55106
G1 X94.669 Y44.94 E4023.57381
G1 X95.019 Y45.03 E4023.59785
G1 X95.295 Y45.179 E4023.61871
G1 X95.546 Y45.402 E4023.64105
G1 X95.739 Y45.681 E4023.66362
G1 X95.858 Y45.994 E4023.68589
G1 X95.896 Y46.354 E4023.70997
G1 X95.864 Y46.643 E4023.72931
G1 X95.739 Y46.983 E4023.75341
G1 X95.546 Y47.262 E4023.77598
G1 X95.297 Y47.482 E4023.79808
G1 X94.992 Y47.639 E4023.8209
G1 X94.669 Y47.723 E4023.8431
G0 F12000 X94.776 Y48.612
G1 F976.4 X95.312 Y48.483 E4023.87977
G1 X95.805 Y48.222 E4023.91688
G1 X96.217 Y47.858 E4023.95345
G1 X96.537 Y47.394 E4023.99094
G1 X96.728 Y46.887 E4024.02698
G1 X96.798 Y46.332 E4024.06419
G1 X96.728 Y45.777 E4024.1014
G1 X96.537 Y45.27 E4024.13744
G1 X96.217 Y44.806 E4024.17494
G1 X95.805 Y44.442 E4024.21151
G1 X95.312 Y44.181 E4024.24862
G1 X94.776 Y44.053 E4024.28527
G1 X94.22 Y44.052 E4024.32226
G1 X93.684 Y44.181 E4024.35893
G1 X93.191 Y44.442 E4024.39604
G1 X92.784 Y44.806 E4024.43236
G1 X92.463 Y45.271 E4024.46995
G1 X92.268 Y45.777 E4024.50602
G1 X92.202 Y46.332 E4024.5432
G1 X92.268 Y46.887 E4024.58038
G1 X92.463 Y47.393 E4024.61645
G1 X92.784 Y47.858 E4024.65403
G1 X93.192 Y48.222 E4024.69041
G1 X93.684 Y48.483 E4024.72745
G1 X94.22 Y48.612 E4024.76413
G1 X94.776 Y48.612 E4024.80111
G1 F2700 E4019.80111
G0 F12000 X94.739 Y48.306
G0 X94.724 Y49.48
G0 X94.724 Y136.187
G0 X94.724 Y141.166
;TYPE:WALL-INNER
G1 F2700 E4024.80111
G1 F785.8 X95.152 Y141.059 E4024.83758
G1 F782.7 X95.549 Y140.852 E4024.87473
G1 F789 X95.88 Y140.559 E4024.91112
G1 F790.6 X96.138 Y140.185 E4024.94845
G1 X96.291 Y139.779 E4024.98409
G1 F787.4 X96.345 Y139.332 E4025.02123
G1 F785.8 X96.291 Y138.885 E4025.05844
G1 F787.4 X96.138 Y138.479 E4025.09423
G1 F789 X95.88 Y138.105 E4025.13163
G1 F790.6 X95.549 Y137.812 E4025.16795
G1 F789 X95.153 Y137.603 E4025.20481
G1 F792.2 X94.724 Y137.498 E4025.24102
G1 F793.8 X94.272 Y137.498 E4025.278
G1 F790.6 X93.843 Y137.603 E4025.31428
G1 F789 X93.448 Y137.811 E4025.35103
G1 F790.6 X93.12 Y138.103 E4025.38711
G1 F793.8 X92.86 Y138.48 E4025.42458
G1 F789 X92.707 Y138.885 E4025.46022
G1 F785.8 X92.652 Y139.332 E4025.49744
G1 X92.707 Y139.779 E4025.53467
G1 F789 X92.86 Y140.184 E4025.57031
G1 F793.8 X93.12 Y140.561 E4025.60778
G1 F792.2 X93.449 Y140.852 E4025.64379
G1 F785.8 X93.844 Y141.059 E4025.68064
G1 X94.272 Y141.166 E4025.71711
G1 F792.2 X94.724 Y141.166 E4025.75417
G0 F12000 X94.669 Y140.723
;TYPE:WALL-OUTER
G1 F976.4 X94.327 Y140.723 E4025.77692
G1 X94.004 Y140.639 E4025.79912
G1 X93.699 Y140.482 E4025.82194
G1 X93.451 Y140.263 E4025.84394
G1 X93.257 Y139.983 E4025.8666
G1 X93.137 Y139.645 E4025.89046
G1 X93.1 Y139.332 E4025.91143
G1 X93.137 Y139.019 E4025.93239
G1 X93.257 Y138.681 E4025.95625
G1 X93.451 Y138.401 E4025.97891
G1 X93.702 Y138.179 E4026.0012
G1 X94.001 Y138.02 E4026.02373
G1 X94.327 Y137.941 E4026.04604
G1 X94.669 Y137.94 E4026.06879
G1 X95.019 Y138.03 E4026.09283
G1 X95.295 Y138.179 E4026.1137
G1 X95.546 Y138.402 E4026.13603
G1 X95.739 Y138.681 E4026.1586
G1 X95.858 Y138.994 E4026.18087
G1 X95.896 Y139.354 E4026.20495
G1 X95.864 Y139.643 E4026.2243
G1 X95.739 Y139.983 E4026.24839
G1 X95.546 Y140.262 E4026.27096
G1 X95.297 Y140.482 E4026.29306
G1 X94.992 Y140.639 E4026.31588
G1 X94.669 Y140.723 E4026.33808
G0 F12000 X94.776 Y141.612
G1 F976.4 X95.312 Y141.483 E4026.37475
G1 X95.805 Y141.222 E4026.41186
G1 X96.217 Y140.858 E4026.44843
G1 X96.537 Y140.394 E4026.48593
G1 X96.728 Y139.887 E4026.52196
G1 X96.798 Y139.332 E4026.55918
G1 X96.728 Y138.777 E4026.59639
G1 X96.537 Y138.27 E4026.63243
G1 X96.217 Y137.806 E4026.66992
G1 X95.805 Y137.442 E4026.70649
G1 X95.312 Y137.181 E4026.7436
G1 X94.776 Y137.053 E4026.78026
G1 X94.22 Y137.052 E4026.81724
G1 X93.684 Y137.181 E4026.85391
G1 X93.191 Y137.442 E4026.89102
G1 X92.784 Y137.806 E4026.92734
G1 X92.463 Y138.271 E4026.96493
G1 X92.268 Y138.777 E4027.001
G1 X92.202 Y139.332 E4027.03818
G1 X92.268 Y139.887 E4027.07536
G1 X92.463 Y140.393 E4027.11143
G1 X92.784 Y140.858 E4027.14902
G1 X93.192 Y141.222 E4027.18539
G1 X93.684 Y141.483 E4027.22244
G1 X94.22 Y141.612 E4027.25911
G1 X94.776 Y141.612 E4027.29609
G1 F2700 E4022.29609
;MESH:bump_plate.obj
G0 F12000 X94.739 Y141.306
G0 X96.045 Y140.708
G0 X96.944 Y141.33
G0 X107.557 Y141.331
G0 X110 Y141.166
;TYPE:WALL-INNER
G1 F2700 E4027.29609
G1 F793.8 X110.224 Y141.166 E4027.31442
G1 F785.8 X110.652 Y141.059 E4027.35089
G1 F782.7 X111.049 Y140.852 E4027.38804
G1 F789 X111.38 Y140.559 E4027.42443
G1 F790.6 X111.638 Y140.185 E4027.46176
G1 X111.791 Y139.779 E4027.4974
G1 F787.4 X111.845 Y139.332 E4027.53454
G1 F785.8 X111.791 Y138.885 E4027.57175
G1 F787.4 X111.638 Y138.479 E4027.60754
G1 F789 X111.38 Y138.105 E4027.64494
G1 F790.6 X111.049 Y137.812 E4027.68126
G1 F789 X110.653 Y137.603 E4027.71812
G1 F792.2 X110.224 Y137.498 E4027.75433
G1 F793.8 X109.772 Y137.498 E4027.79131
G1 F790.6 X109.343 Y137.603 E4027.82759
G1 F789 X108.948 Y137.811 E4027.86434
G1 F790.6 X108.62 Y138.103 E4027.90042
G1 F793.8 X108.36 Y138.48 E4027.93789
G1 F789 X108.207 Y138.885 E4027.97353
G1 F785.8 X108.152 Y139.332 E4028.01075
G1 X108.207 Y139.779 E4028.04798
G1 F789 X108.36 Y140.184 E4028.08362
G1 F793.8 X108.62 Y140.561 E4028.12109
G1 F792.2 X108.949 Y140.852 E4028.1571
G1 F785.8 X109.344 Y141.059 E4028.19396
G1 X109.772 Y141.166 E4028.23042
G1 F792.2 X110 Y141.166 E4028.24911
G0 F12000 X110 Y140.723
;TYPE:WALL-OUTER
G1 F976.4 X109.827 Y140.723 E4028.26062
G1 X109.504 Y140.639 E4028.28282
G1 X109.199 Y140.482 E4028.30564
G1 X108.951 Y140.263 E4028.32765
G1 X108.757 Y139.983 E4028.35031
G1 X108.637 Y139.645 E4028.37417
G1 X108.601 Y139.307 E4028.39678
G1 X108.648 Y138.975 E4028.41908
G1 X108.757 Y138.681 E4028.43994
G1 X108.951 Y138.401 E4028.4626
G1 X109.202 Y138.179 E4028.48489
G1 X109.501 Y138.02 E4028.50742
G1 X109.827 Y137.941 E4028.52973
G1 X110.169 Y137.94 E4028.55248
G1 X110.519 Y138.03 E4028.57652
G1 X110.795 Y138.179 E4028.59738
G1 X111.046 Y138.402 E4028.61972
G1 X111.239 Y138.681 E4028.64228
G1 X111.358 Y138.994 E4028.66456
G1 X111.396 Y139.354 E4028.68864
G1 X111.364 Y139.643 E4028.70798
G1 X111.239 Y139.983 E4028.73208
G1 X111.046 Y140.262 E4028.75465
G1 X110.797 Y140.482 E4028.77675
G1 X110.492 Y140.639 E4028.79957
G1 X110.169 Y140.723 E4028.82177
G1 X110 Y140.723 E4028.83301
G0 F12000 X110 Y141.612
G1 F976.4 X110.276 Y141.612 E4028.85137
G1 X110.812 Y141.483 E4028.88804
G1 X111.305 Y141.222 E4028.92515
G1 X111.717 Y140.858 E4028.96172
G1 X112.037 Y140.394 E4028.99921
G1 X112.228 Y139.887 E4029.03525
G1 X112.298 Y139.332 E4029.07246
G1 X112.228 Y138.777 E4029.10968
G1 X112.037 Y138.27 E4029.14571
G1 X111.717 Y137.806 E4029.18321
G1 X111.305 Y137.442 E4029.21978
G1 X110.812 Y137.181 E4029.25689
G1 X110.276 Y137.053 E4029.29354
G1 X109.72 Y137.052 E4029.33053
G1 X109.184 Y137.181 E4029.3672
G1 X108.691 Y137.442 E4029.40431
G1 X108.284 Y137.806 E4029.44063
G1 X107.963 Y138.271 E4029.47822
G1 X107.768 Y138.777 E4029.51429
G1 X107.702 Y139.332 E4029.55147
G1 X107.768 Y139.887 E4029.58865
G1 X107.963 Y140.393 E4029.62472
G1 X108.284 Y140.858 E4029.66231
G1 X108.692 Y141.222 E4029.69868
G1 X109.184 Y141.483 E4029.73572
G1 X109.72 Y141.612 E4029.7724
G1 X110 Y141.612 E4029.79102
G1 F2700 E4024.79102
G0 F12000 X110 Y141.305
G0 X109.06 Y140.692
G0 X108.763 Y140.429
G0 X108.535 Y140.099
G0 X108.396 Y139.729
G0 X108.347 Y139.334
G0 X108.396 Y138.937
G0 X108.535 Y138.567
G0 X108.74 Y138.271
G0 X110 Y137.282
G0 X110 Y136.187
G0 X110 Y49.48
G0 X110 Y48.166
;TYPE:WALL-INNER
G1 F2700 E4029.79102
G1 F793.8 X110.224 Y48.166 E4029.80935
G1 F785.8 X110.652 Y48.059 E4029.84581
G1 F782.7 X111.049 Y47.852 E4029.88297
G1 F789 X111.38 Y47.559 E4029.91936
G1 F790.6 X111.638 Y47.185 E4029.95668
G1 X111.791 Y46.779 E4029.99233
G1 F787.4 X111.845 Y46.332 E4030.02947
G1 F785.8 X111.791 Y45.885 E4030.06668
G1 F787.4 X111.638 Y45.479 E4030.10247
G1 F789 X111.38 Y45.105 E4030.13987
G1 F790.6 X111.049 Y44.812 E4030.17619
G1 F789 X110.653 Y44.603 E4030.21305
G1 F792.2 X110.224 Y44.498 E4030.24926
G1 F793.8 X109.772 Y44.498 E4030.28624
G1 F790.6 X109.343 Y44.603 E4030.32252
G1 F789 X108.948 Y44.811 E4030.35927
G1 F790.6 X108.62 Y45.103 E4030.39535
G1 F793.8 X108.36 Y45.48 E4030.43282
G1 F789 X108.207 Y45.885 E4030.46846
G1 F785.8 X108.152 Y46.332 E4030.50568
G1 X108.207 Y46.779 E4030.54291
G1 F789 X108.36 Y47.184 E4030.57854
G1 F793.8 X108.62 Y47.561 E4030.61601
G1 F792.2 X108.949 Y47.852 E4030.65203
G1 F785.8 X109.344 Y48.059 E4030.68888
G1 X109.772 Y48.166 E4030.72535
G1 F792.2 X110 Y48.166 E4030.74404
G0 F12000 X110 Y47.723
;TYPE:WALL-OUTER
G1 F976.4 X109.827 Y47.723 E4030.75555
G1 X109.504 Y47.639 E4030.77775
G1 X109.199 Y47.482 E4030.80057
G1 X108.951 Y47.263 E4030.82258
G1 X108.757 Y46.983 E4030.84524
G1 X108.637 Y46.645 E4030.86909
G1 X108.601 Y46.307 E4030.89171
G1 X108.648 Y45.975 E4030.91401
G1 X108.757 Y45.681 E4030.93487
G1 X108.951 Y45.401 E4030.95753
G1 X109.202 Y45.179 E4030.97982
G1 X109.501 Y45.02 E4031.00234
G1 X109.827 Y44.941 E4031.02466
G1 X110.169 Y44.94 E4031.04741
G1 X110.519 Y45.03 E4031.07145
G1 X110.795 Y45.179 E4031.09231
G1 X111.046 Y45.402 E4031.11465
G1 X111.239 Y45.681 E4031.13721
G1 X111.358 Y45.994 E4031.15949
G1 X111.396 Y46.354 E4031.18357
G1 X111.364 Y46.643 E4031.20291
G1 X111.239 Y46.983 E4031.22701
G1 X111.046 Y47.262 E4031.24957
G1 X110.797 Y47.482 E4031.27168
G1 X110.492 Y47.639 E4031.2945
G1 X110.169 Y47.723 E4031.3167
G1 X110 Y47.723 E4031.32794
G0 F12000 X110 Y48.612
G1 F976.4 X110.276 Y48.612 E4031.3463
G1 X110.812 Y48.483 E4031.38297
G1 X111.305 Y48.222 E4031.42008
G1 X111.717 Y47.858 E4031.45665
G1 X112.037 Y47.394 E4031.49414
G1 X112.228 Y46.887 E4031.53018
G1 X112.298 Y46.332 E4031.56739
G1 X112.228 Y45.777 E4031.6046
G1 X112.037 Y45.27 E4031.64064
G1 X111.717 Y44.806 E4031.67814
G1 X111.305 Y44.442 E4031.71471
G1 X110.812 Y44.181 E4031.75181
G1 X110.276 Y44.053 E4031.78847
G1 X109.72 Y44.052 E4031.82546
G1 X109.184 Y44.181 E4031.86213
G1 X108.691 Y44.442 E4031.89924
G1 X108.284 Y44.806 E4031.93556
G1 X107.963 Y45.271 E4031.97315
G1 X107.768 Y45.777 E4032.00922
G1 X107.702 Y46.332 E4032.0464
G1 X107.768 Y46.887 E4032.08358
G1 X107.963 Y47.393 E4032.11965
G1 X108.284 Y47.858 E4032.15723
G1 X108.692 Y48.222 E4032.19361
G1 X109.184 Y48.483 E4032.23065
G1 X109.72 Y48.612 E4032.26733
G1 X110 Y48.612 E4032.28595
G1 F2700 E4027.28595
;MESH:NONMESH
G0 F300 Z10.6
G0 F12000 X110 Y48.305
G0 X108.455 Y47.708
G0 X107.557 Y48.331
G0 X96.944 Y48.33
G0 X94.724 Y48.166
;TIME_ELAPSED:2958.229388
;LAYER:26
;note -- min layer time used
;TYPE:WALL-INNER
;MESH:bump_plate.obj(1)
G1 F2700 E4032.28595
G1 F785.8 X95.152 Y48.059 E4032.32242
G1 F782.7 X95.549 Y47.852 E4032.35957
G1 F789 X95.88 Y47.559 E4032.39596
G1 F790.6 X96.138 Y47.185 E4032.43329
G1 X96.291 Y46.779 E4032.46893
G1 F787.4 X96.345 Y46.332 E4032.50607
G1 F785.8 X96.291 Y45.885 E4032.54328
G1 F787.4 X96.138 Y45.479 E4032.57907
G1 F789 X95.88 Y45.105 E4032.61647
G1 F790.6 X95.549 Y44.812 E4032.65279
G1 F789 X95.153 Y44.603 E4032.68965
G1 F792.2 X94.724 Y44.498 E4032.72586
G1 F793.8 X94.272 Y44.498 E4032.76284
G1 F790.6 X93.843 Y44.603 E4032.79912
G1 F789 X93.448 Y44.811 E4032.83587
G1 F790.6 X93.12 Y45.103 E4032.87195
G1 F793.8 X92.86 Y45.48 E4032.90942
G1 F789 X92.707 Y45.885 E4032.94506
G1 F785.8 X92.652 Y46.332 E4032.98228
G1 X92.707 Y46.779 E4033.01951
G1 F789 X92.86 Y47.184 E4033.05514
G1 F793.8 X93.12 Y47.561 E4033.09262
G1 F792.2 X93.449 Y47.852 E4033.12863
G1 F785.8 X93.844 Y48.059 E4033.16548
G1 X94.272 Y48.166 E4033.20195
G1 F792.2 X94.724 Y48.166 E4033.23901
G0 F12000 X94.669 Y47.723
;TYPE:WALL-OUTER
G1 F976.4 X94.327 Y47.723 E4033.26176
G1 X94.004 Y47.639 E4033.28396
G1 X93.699 Y47.482 E4033.30678
G1 X93.451 Y47.263 E4033.32878
G1 X93.257 Y46.983 E4033.35144
G1 X93.137 Y46.645 E4033.3753
G1 X93.101 Y46.307 E4033.39791
G1 X93.148 Y45.975 E4033.42022
G1 X93.257 Y45.681 E4033.44108
G1 X93.451 Y45.401 E4033.46374
G1 X93.702 Y45.179 E4033.48603
G1 X94.001 Y45.02 E4033.50855
G1 X94.327 Y44.941 E4033.53087
G1 X94.669 Y44.94 E4033.55362
G1 X95.019 Y45.03 E4033.57766
G1 X95.295 Y45.179 E4033.59852
G1 X95.546 Y45.402 E4033.62085
G1 X95.739 Y45.681 E4033.64342
G1 X95.858 Y45.994 E4033.6657
G1 X95.896 Y46.354 E4033.68978
G1 X95.864 Y46.643 E4033.70912
G1 X95.739 Y46.983 E4033.73321
G1 X95.546 Y47.262 E4033.75578
G1 X95.297 Y47.482 E4033.77788
G1 X94.992 Y47.639 E4033.8007
G1 X94.669 Y47.723 E4033.8229
G0 F12000 X94.776 Y48.612
G1 F976.4 X95.312 Y48.483 E4033.85958
G1 X95.805 Y48.222 E4033.89668
G1 X96.217 Y47.858 E4033.93325
G1 X96.537 Y47.394 E4033.97075
G1 X96.728 Y46.887 E4034.00679
G1 X96.798 Y46.332 E4034.044
G1 X96.728 Y45.777 E4034.08121
G1 X96.537 Y45.27 E4034.11725
G1 X96.217 Y44.806 E4034.15474
G1 X95.805 Y44.442 E4034.19131
G1 X95.312 Y44.181 E4034.22842
G1 X94.776 Y44.053 E4034.26508
G1 X94.22 Y44.052 E4034.30206
G1 X93.684 Y44.181 E4034.33874
G1 X93.191 Y44.442 E4034.37584
G1 X92.784 Y44.806 E4034.41216
G1 X92.463 Y45.271 E4034.44975
G1 X92.268 Y45.777 E4034.48582
G1 X92.202 Y46.332 E4034.523
G1 X92.268 Y46.887 E4034.56018
G1 X92.463 Y47.393 E4034.59625
G1 X92.784 Y47.858 E4034.63384
G1 X93.192 Y48.222 E4034.67021
G1 X93.684 Y48.483 E4034.70726
G1 X94.22 Y48.612 E4034.74393
G1 X94.776 Y48.612 E4034.78092
G1 F2700 E4029.78092
G0 F12000 X94.739 Y48.306
G0 X94.724 Y49.48
G0 X94.724 Y136.187
G0 X94.724 Y141.166
;TYPE:WALL-INNER
G1 F2700 E4034.78092
G1 F785.8 X95.152 Y141.059 E4034.81738
G1 F782.7 X95.549 Y140.852 E4034.85454
G1 F789 X95.88 Y140.559 E4034.89092
G1 F790.6 X96.138 Y140.185 E4034.92825
G1 X96.291 Y139.779 E4034.96389
G1 F787.4 X96.345 Y139.332 E4035.00103
G1 F785.8 X96.291 Y138.885 E4035.03825
G1 F787.4 X96.138 Y138.479 E4035.07404
G1 F789 X95.88 Y138.105 E4035.11144
G1 F790.6 X95.549 Y137.812 E4035.14775
G1 F789 X95.153 Y137.603 E4035.18461
G1 F792.2 X94.724 Y137.498 E4035.22082
G1 F793.8 X94.272 Y137.498 E4035.25781
G1 F790.6 X93.843 Y137.603 E4035.29409
G1 F789 X93.448 Y137.811 E4035.33084
G1 F790.6 X93.12 Y138.103 E4035.36691
G1 F793.8 X92.86 Y138.48 E4035.40439
G1 F789 X92.707 Y138.885 E4035.44002
G1 F785.8 X92.652 Y139.332 E4035.47725
G1 X92.707 Y139.779 E4035.51447
G1 F789 X92.86 Y140.184 E4035.55011
G1 F793.8 X93.12 Y140.561 E4035.58758
G1 F792.2 X93.449 Y140.852 E4035.62359
G1 F785.8 X93.844 Y141.059 E4035.66045
G1 X94.272 Y141.166 E4035.69691
G1 F792.2 X94.724 Y141.166 E4035.73397
G0 F12000 X94.669 Y140.723
;TYPE:WALL-OUTER
G1 F976.4 X94.327 Y140.723 E4035.75672
G1 X94.004 Y140.639 E4035.77892
G1 X93.699 Y140.482 E4035.80174
G1 X93.451 Y140.263 E4035.82375
G1 X93.257 Y139.983 E4035.84641
G1 X93.137 Y139.645 E4035.87027
G1 X93.101 Y139.307 E4035.89288
G1 X93.148 Y138.975 E4035.91518
G1 X93.257 Y138.681 E4035.93604
G1 X93.451 Y138.401 E4035.9587
G1 X93.702 Y138.179 E4035.98099
G1 X94.001 Y138.02 E4036.00352
G1 X94.327 Y137.941 E4036.02583
G1 X94.669 Y137.94 E4036.04858
G1 X95.019 Y138.03 E4036.07262
G1 X95.295 Y138.179 E4036.09349
G1 X95.546 Y138.402 E4036.11582
G1 X95.739 Y138.681 E4036.13839
G1 X95.858 Y138.994 E4036.16066
G1 X95.896 Y139.354 E4036.18474
G1 X95.864 Y139.643 E4036.20408
G1 X95.739 Y139.983 E4036.22818
G1 X95.546 Y140.262 E4036.25075
G1 X95.297 Y140.482 E4036.27285
G1 X94.992 Y140.639 E4036.29567
G1 X94.669 Y140.723 E4036.31787
G0 F12000 X94.776 Y141.612
G1 F976.4 X95.312 Y141.483 E4036.35454
G1 X95.805 Y141.222 E4036.39165
G1 X96.217 Y140.858 E4036.42822
G1 X96.537 Y140.394 E4036.46571
G1 X96.728 Y139.887 E4036.50175
G1 X96.798 Y139.332 E4036.53896
G1 X96.728 Y138.777 E4036.57618
G1 X96.537 Y138.27 E4036.61222
G1 X96.217 Y137.806 E4036.64971
G1 X95.805 Y137.442 E4036.68628
G1 X95.312 Y137.181 E4036.72339
G1 X94.776 Y137.053 E4036.76004
G1 X94.22 Y137.052 E4036.79703
G1 X93.684 Y137.181 E4036.8337
G1 X93.191 Y137.442 E4036.87081
G1 X92.784 Y137.806 E4036.90713
G1 X92.463 Y138.271 E4036.94472
G1 X92.268 Y138.777 E4036.98079
G1 X92.202 Y139.332 E4037.01797
G1 X92.268 Y139.887 E4037.05515
G1 X92.463 Y140.393 E4037.09122
G1 X92.784 Y140.858 E4037.12881
G1 X93.192 Y141.222 E4037.16518
G1 X93.684 Y141.483 E4037.20223
G1 X94.22 Y141.612 E4037.2389
G1 X94.776 Y141.612 E4037.27588
G1 F2700 E4032.27588
;MESH:bump_plate.obj
G0 F12000 X94.739 Y141.306
G0 X96.045 Y140.708
G0 X96.944 Y141.33
G0 X107.557 Y141.331
G0 X110 Y141.166
;TYPE:WALL-INNER
G1 F2700 E4037.27588
G1 F793.8 X110.224 Y141.166 E4037.29421
G1 F785.8 X110.652 Y141.059 E4037.33067
G1 F782.7 X111.049 Y140.852 E4037.36783
G1 F789 X111.38 Y140.559 E4037.40422
G1 F790.6 X111.638 Y140.185 E4037.44154
G1 X111.791 Y139.779 E4037.47719
G1 F787.4 X111.845 Y139.332 E4037.51433
G1 F785.8 X111.791 Y138.885 E4037.55154
G1 F787.4 X111.638 Y138.479 E4037.58733
G1 F789 X111.38 Y138.105 E4037.62473
G1 F790.6 X111.049 Y137.812 E4037.66105
G1 F789 X110.653 Y137.603 E4037.69791
G1 F792.2 X110.224 Y137.498 E4037.73412
G1 F793.8 X109.772 Y137.498 E4037.7711
G1 F790.6 X109.343 Y137.603 E4037.80738
G1 F789 X108.948 Y137.811 E4037.84413
G1 F790.6 X108.62 Y138.103 E4037.88021
G1 F793.8 X108.36 Y138.48 E4037.91768
G1 F789 X108.207 Y138.885 E4037.95332
G1 F785.8 X108.152 Y139.332 E4037.99054
G1 X108.207 Y139.779 E4038.02777
G1 F789 X108.36 Y140.184 E4038.0634
G1 F793.8 X108.62 Y140.561 E4038.10087
G1 F792.2 X108.949 Y140.852 E4038.13689
G1 F785.8 X109.344 Y141.059 E4038.17374
G1 X109.772 Y141.166 E4038.21021
G1 F792.2 X110 Y141.166 E4038.2289
G0 F12000 X110 Y140.723
;TYPE:WALL-OUTER
G1 F976.4 X109.827 Y140.723 E4038.24041
G1 X109.504 Y140.639 E4038.26261
G1 X109.199 Y140.482 E4038.28543
G1 X108.951 Y140.263 E4038.30744
G1 X108.757 Y139.983 E4038.3301
G1 X108.637 Y139.645 E4038.35395
G1 X108.6 Y139.332 E4038.37492
G1 X108.637 Y139.019 E4038.39589
G1 X108.757 Y138.681 E4038.41975
G1 X108.951 Y138.401 E4038.4424
G1 X109.202 Y138.179 E4038.46469
G1 X109.501 Y138.02 E4038.48722
G1 X109.827 Y137.941 E4038.50954
G1 X110.169 Y137.94 E4038.53229
G1 X110.519 Y138.03 E4038.55632
G1 X110.795 Y138.179 E4038.57719
G1 X111.046 Y138.402 E4038.59952
G1 X111.239 Y138.681 E4038.62209
G1 X111.358 Y138.994 E4038.64436
G1 X111.396 Y139.354 E4038.66845
G1 X111.364 Y139.643 E4038.68779
G1 X111.239 Y139.983 E4038.71188
G1 X111.046 Y140.262 E4038.73445
G1 X110.797 Y140.482 E4038.75655
G1 X110.492 Y140.639 E4038.77937
G1 X110.169 Y140.723 E4038.80157
G1 X110 Y140.723 E4038.81281
G0 F12000 X110 Y141.612
G1 F976.4 X110.276 Y141.612 E4038.83117
G1 X110.812 Y141.483 E4038.86785
G1 X111.305 Y141.222 E4038.90495
G1 X111.717 Y140.858 E4038.94152
G1 X112.037 Y140.394 E4038.97902
G1 X112.228 Y139.887 E4039.01506
G1 X112.298 Y139.332 E4039.05227
G1 X112.228 Y138.777 E4039.08948
G1 X112.037 Y138.27 E4039.12552
G1 X111.717 Y137.806 E4039.16301
G1 X111.305 Y137.442 E4039.19958
G1 X110.812 Y137.181 E4039.23669
G1 X110.276 Y137.053 E4039.27335
G1 X109.72 Y137.052 E4039.31033
G1 X109.184 Y137.181 E4039.34701
G1 X108.691 Y137.442 E4039.38411
G1 X108.284 Y137.806 E4039.42044
G1 X107.963 Y138.271 E4039.45802
G1 X107.768 Y138.777 E4039.49409
G1 X107.702 Y139.332 E4039.53127
G1 X107.768 Y139.887 E4039.56845
G1 X107.963 Y140.393 E4039.60452
G1 X108.284 Y140.858 E4039.64211
G1 X108.692 Y141.222 E4039.67848
G1 X109.184 Y141.483 E4039.71553
G1 X109.72 Y141.612 E4039.7522
G1 X110 Y141.612 E4039.77083
G1 F2700 E4034.77083
G0 F12000 X110 Y141.305
G0 X109.06 Y140.692
G0 X108.763 Y140.429
G0 X108.535 Y140.099
G0 X108.396 Y139.729
G0 X108.347 Y139.334
G0 X108.396 Y138.937
G0 X108.535 Y138.567
G0 X108.74 Y138.271
G0 X110 Y137.282
G0 X110 Y136.187
G0 X110 Y49.48
G0 X110 Y48.166
;TYPE:WALL-INNER
G1 F2700 E4039.77083
G1 F793.8 X110.224 Y48.166 E4039.78916
G1 F785.8 X110.652 Y48.059 E4039.82562
G1 F782.7 X111.049 Y47.852 E4039.86277
G1 F789 X111.38 Y47.559 E4039.89916
G1 F790.6 X111.638 Y47.185 E4039.93649
G1 X111.791 Y46.779 E4039.97213
G1 F787.4 X111.845 Y46.332 E4040.00927
G1 F785.8 X111.791 Y45.885 E4040.04649
G1 F787.4 X111.638 Y45.479 E4040.08227
G1 F789 X111.38 Y45.105 E4040.11968
G1 F790.6 X111.049 Y44.812 E4040.15599
G1 F789 X110.653 Y44.603 E4040.19285
G1 F792.2 X110.224 Y44.498 E4040.22906
G1 F793.8 X109.772 Y44.498 E4040.26604
G1 F790.6 X109.343 Y44.603 E4040.30233
G1 F789 X108.948 Y44.811 E4040.33908
G1 F790.6 X108.62 Y45.103 E4040.37515
G1 F793.8 X108.36 Y45.48 E4040.41262
G1 F789 X108.207 Y45.885 E4040.44826
G1 F785.8 X108.152 Y46.332 E4040.48549
G1 X108.207 Y46.779 E4040.52271
G1 F789 X108.36 Y47.184 E4040.55835
G1 F793.8 X108.62 Y47.561 E4040.59582
G1 F792.2 X108.949 Y47.852 E4040.63183
G1 F785.8 X109.344 Y48.059 E4040.66869
G1 X109.772 Y48.166 E4040.70515
G1 F792.2 X110 Y48.166 E4040.72385
G0 F12000 X110 Y47.723
;TYPE:WALL-OUTER
G1 F976.4 X109.827 Y47.723 E4040.73535
G1 X109.504 Y47.639 E4040.75755
G1 X109.199 Y47.482 E4040.78037
G1 X108.951 Y47.263 E4040.80238
G1 X108.757 Y46.983 E4040.82504
G1 X108.637 Y46.645 E4040.8489
G1 X108.601 Y46.307 E4040.87151
G1 X108.648 Y45.975 E4040.89382
G1 X108.757 Y45.681 E4040.91467
G1 X108.951 Y45.401 E4040.93733
G1 X109.202 Y45.179 E4040.95962
G1 X109.501 Y45.02 E4040.98215
G1 X109.827 Y44.941 E4041.00446
G1 X110.169 Y44.94 E4041.02721
G1 X110.519 Y45.03 E4041.05125
G1 X110.795 Y45.179 E4041.07212
G1 X111.046 Y45.402 E4041.09445
G1 X111.239 Y45.681 E4041.11702
G1 X111.358 Y45.994 E4041.13929
G1 X111.396 Y46.354 E4041.16337
G1 X111.364 Y46.643 E4041.18272
G1 X111.239 Y46.983 E4041.20681
G1 X111.046 Y47.262 E4041.22938
G1 X110.797 Y47.482 E4041.25148
G1 X110.492 Y47.639 E4041.2743
G1 X110.169 Y47.723 E4041.2965
G1 X110 Y47.723 E4041.30774
G0 F12000 X110 Y48.612
G1 F976.4 X110.276 Y48.612 E4041.3261
G1 X110.812 Y48.483 E4041.36278
G1 X111.305 Y48.222 E4041.39988
G1 X111.717 Y47.858 E4041.43645
G1 X112.037 Y47.394 E4041.47395
G1 X112.228 Y46.887 E4041.50999
G1 X112.298 Y46.332 E4041.5472
G1 X112.228 Y45.777 E4041.58441
G1 X112.037 Y45.27 E4041.62045
G1 X111.717 Y44.806 E4041.65794
G1 X111.305 Y44.442 E4041.69451
G1 X110.812 Y44.181 E4041.73162
G1 X110.276 Y44.053 E4041.76828
G1 X109.72 Y44.052 E4041.80526
G1 X109.184 Y44.181 E4041.84194
G1 X108.691 Y44.442 E4041.87904
G1 X108.284 Y44.806 E4041.91536
G1 X107.963 Y45.271 E4041.95295
G1 X107.768 Y45.777 E4041.98902
G1 X107.702 Y46.332 E4042.0262
G1 X107.768 Y46.887 E4042.06338
G1 X107.963 Y47.393 E4042.09945
G1 X108.284 Y47.858 E4042.13704
G1 X108.692 Y48.222 E4042.17341
G1 X109.184 Y48.483 E4042.21046
G1 X109.72 Y48.612 E4042.24713
G1 X110 Y48.612 E4042.26576
G1 F2700 E4037.26576
;MESH:NONMESH
G0 F300 Z11
G0 F12000 X110 Y48.305
G0 X108.455 Y47.708
G0 X107.557 Y48.331
G0 X96.944 Y48.33
G0 X94.724 Y48.166
;TIME_ELAPSED:2972.490108
;LAYER:27
;note -- min layer time used
;TYPE:WALL-INNER
;MESH:bump_plate.obj(1)
G1 F2700 E4042.26576
G1 F785.8 X95.152 Y48.059 E4042.30222
G1 F782.7 X95.549 Y47.852 E4042.33937
G1 F789 X95.88 Y47.559 E4042.37576
G1 F790.6 X96.138 Y47.185 E4042.41309
G1 X96.291 Y46.779 E4042.44873
G1 F787.4 X96.345 Y46.332 E4042.48587
G1 F785.8 X96.291 Y45.885 E4042.52309
G1 F787.4 X96.138 Y45.479 E4042.55887
G1 F789 X95.88 Y45.105 E4042.59628
G1 F790.6 X95.549 Y44.812 E4042.63259
G1 F789 X95.153 Y44.603 E4042.66945
G1 F792.2 X94.724 Y44.498 E4042.70566
G1 F793.8 X94.272 Y44.498 E4042.74265
G1 F790.6 X93.843 Y44.603 E4042.77893
G1 F789 X93.448 Y44.811 E4042.81568
G1 F790.6 X93.12 Y45.103 E4042.85175
G1 F793.8 X92.86 Y45.48 E4042.88922
G1 F789 X92.707 Y45.885 E4042.92486
G1 F785.8 X92.652 Y46.332 E4042.96209
G1 X92.707 Y46.779 E4042.99931
G1 F789 X92.86 Y47.184 E4043.03495
G1 F793.8 X93.12 Y47.561 E4043.07242
G1 F792.2 X93.449 Y47.852 E4043.10843
G1 F785.8 X93.844 Y48.059 E4043.14529
G1 X94.272 Y48.166 E4043.18175
G1 F792.2 X94.724 Y48.166 E4043.21881
G0 F12000 X94.669 Y47.723
;TYPE:WALL-OUTER
G1 F976.4 X94.327 Y47.723 E4043.24156
G1 X94.004 Y47.639 E4043.26376
G1 X93.699 Y47.482 E4043.28658
G1 X93.451 Y47.263 E4043.30859
G1 X93.257 Y46.983 E4043.33125
G1 X93.137 Y46.645 E4043.35511
G1 X93.101 Y46.307 E4043.37772
G1 X93.148 Y45.975 E4043.40002
G1 X93.257 Y45.681 E4043.42088
G1 X93.451 Y45.401 E4043.44354
G1 X93.702 Y45.179 E4043.46583
G1 X94.001 Y45.02 E4043.48836
G1 X94.327 Y44.941 E4043.51067
G1 X94.669 Y44.94 E4043.53342
G1 X95.019 Y45.03 E4043.55746
G1 X95.295 Y45.179 E4043.57832
G1 X95.546 Y45.402 E4043.60066
G1 X95.739 Y45.681 E4043.62323
G1 X95.858 Y45.994 E4043.6455
G1 X95.896 Y46.354 E4043.66958
G1 X95.864 Y46.643 E4043.68892
G1 X95.739 Y46.983 E4043.71302
G1 X95.546 Y47.262 E4043.73559
G1 X95.297 Y47.482 E4043.75769
G1 X94.992 Y47.639 E4043.78051
G1 X94.669 Y47.723 E4043.80271
G0 F12000 X94.776 Y48.612
G1 F976.4 X95.312 Y48.483 E4043.83938
G1 X95.805 Y48.222 E4043.87649
G1 X96.217 Y47.858 E4043.91306
G1 X96.537 Y47.394 E4043.95055
G1 X96.728 Y46.887 E4043.98659
G1 X96.798 Y46.332 E4044.0238
G1 X96.728 Y45.777 E4044.06102
G1 X96.537 Y45.27 E4044.09705
G1 X96.217 Y44.806 E4044.13455
G1 X95.805 Y44.442 E4044.17112
G1 X95.312 Y44.181 E4044.20823
G1 X94.776 Y44.053 E4044.24488
G1 X94.22 Y44.052 E4044.28187
G1 X93.684 Y44.181 E4044.31854
G1 X93.191 Y44.442 E4044.35565
G1 X92.784 Y44.806 E4044.39197
G1 X92.463 Y45.271 E4044.42956
G1 X92.268 Y45.777 E4044.46563
G1 X92.202 Y46.332 E4044.50281
G1 X92.268 Y46.887 E4044.53999
G1 X92.463 Y47.393 E4044.57606
G1 X92.784 Y47.858 E4044.61365
G1 X93.192 Y48.222 E4044.65002
G1 X93.684 Y48.483 E4044.68706
G1 X94.22 Y48.612 E4044.72374
G1 X94.776 Y48.612 E4044.76072
G1 F2700 E4039.76072
G0 F12000 X94.739 Y48.306
G0 X94.724 Y49.48
G0 X94.724 Y136.187
G0 X94.724 Y141.166
;TYPE:WALL-INNER
G1 F2700 E4044.76072
G1 F785.8 X95.152 Y141.059 E4044.79719
G1 F782.7 X95.549 Y140.852 E4044.83434
G1 F789 X95.88 Y140.559 E4044.87073
G1 F790.6 X96.138 Y140.185 E4044.90806
G1 X96.291 Y139.779 E4044.9437
G1 F787.4 X96.345 Y139.332 E4044.98084
G1 F785.8 X96.291 Y138.885 E4045.01805
G1 F787.4 X96.138 Y138.479 E4045.05384
G1 F789 X95.88 Y138.105 E4045.09124
G1 F790.6 X95.549 Y137.812 E4045.12756
G1 F789 X95.153 Y137.603 E4045.16442
G1 F792.2 X94.724 Y137.498 E4045.20063
G1 F793.8 X94.272 Y137.498 E4045.23761
G1 F790.6 X93.843 Y137.603 E4045.27389
G1 F789 X93.448 Y137.811 E4045.31064
G1 F790.6 X93.12 Y138.103 E4045.34672
G1 F793.8 X92.86 Y138.48 E4045.38419
G1 F789 X92.707 Y138.885 E4045.41983
G1 F785.8 X92.652 Y139.332 E4045.45705
G1 X92.707 Y139.779 E4045.49428
G1 F789 X92.86 Y140.184 E4045.52992
G1 F793.8 X93.12 Y140.561 E4045.56739
G1 F792.2 X93.449 Y140.852 E4045.6034
G1 F785.8 X93.844 Y141.059 E4045.64026
G1 X94.272 Y141.166 E4045.67672
G1 F792.2 X94.724 Y141.166 E4045.71378
G0 F12000 X94.669 Y140.723
;TYPE:WALL-OUTER
G1 F976.4 X94.327 Y140.723 E4045.73653
G1 X94.004 Y140.639 E4045.75873
G1 X93.699 Y140.482 E4045.78155
G1 X93.451 Y140.263 E4045.80356
G1 X93.257 Y139.983 E4045.82621
G1 X93.137 Y139.645 E4045.85007
G1 X93.101 Y139.307 E4045.87268
G1 X93.148 Y138.975 E4045.89499
G1 X93.257 Y138.681 E4045.91585
G1 X93.451 Y138.401 E4045.93851
G1 X93.702 Y138.179 E4045.9608
G1 X94.001 Y138.02 E4045.98332
G1 X94.327 Y137.941 E4046.00564
G1 X94.669 Y137.94 E4046.02839
G1 X95.019 Y138.03 E4046.05243
G1 X95.295 Y138.179 E4046.07329
G1 X95.546 Y138.402 E4046.09563
G1 X95.739 Y138.681 E4046.11819
G1 X95.858 Y138.994 E4046.14047
G1 X95.896 Y139.354 E4046.16455
G1 X95.864 Y139.643 E4046.18389
G1 X95.739 Y139.983 E4046.20799
G1 X95.546 Y140.262 E4046.23055
G1 X95.297 Y140.482 E4046.25266
G1 X94.992 Y140.639 E4046.27547
G1 X94.669 Y140.723 E4046.29768
G0 F12000 X94.776 Y141.612
G1 F976.4 X95.312 Y141.483 E4046.33435
G1 X95.805 Y141.222 E4046.37145
G1 X96.217 Y140.858 E4046.40803
G1 X96.537 Y140.394 E4046.44552
G1 X96.728 Y139.887 E4046.48156
G1 X96.798 Y139.332 E4046.51877
G1 X96.728 Y138.777 E4046.55598
G1 X96.537 Y138.27 E4046.59202
G1 X96.217 Y137.806 E4046.62951
G1 X95.805 Y137.442 E4046.66609
G1 X95.312 Y137.181 E4046.70319
G1 X94.776 Y137.053 E4046.73985
G1 X94.22 Y137.052 E4046.77683
G1 X93.684 Y137.181 E4046.81351
G1 X93.191 Y137.442 E4046.85061
G1 X92.784 Y137.806 E4046.88694
G1 X92.463 Y138.271 E4046.92452
G1 X92.268 Y138.777 E4046.96059
G1 X92.202 Y139.332 E4046.99777
G1 X92.268 Y139.887 E4047.03495
G1 X92.463 Y140.393 E4047.07102
G1 X92.784 Y140.858 E4047.10861
G1 X93.192 Y141.222 E4047.14498
G1 X93.684 Y141.483 E4047.18203
G1 X94.22 Y141.612 E4047.2187
G1 X94.776 Y141.612 E4047.25569
G1 F2700 E4042.25569
;MESH:bump_plate.obj
G0 F12000 X94.739 Y141.306
G0 X96.045 Y140.708
G0 X96.944 Y141.33
G0 X107.557 Y141.331
G0 X110 Y141.166
;TYPE:WALL-INNER
G1 F2700 E4047.25569
G1 F793.8 X110.224 Y141.166 E4047.27402
G1 F785.8 X110.652 Y141.059 E4047.31048
G1 F782.7 X111.049 Y140.852 E4047.34763
G1 F789 X111.38 Y140.559 E4047.38402
G1 F790.6 X111.638 Y140.185 E4047.42135
G1 X111.791 Y139.779 E4047.45699
G1 F787.4 X111.845 Y139.332 E4047.49413
G1 F785.8 X111.791 Y138.885 E4047.53135
G1 F787.4 X111.638 Y138.479 E4047.56713
G1 F789 X111.38 Y138.105 E4047.60454
G1 F790.6 X111.049 Y137.812 E4047.64085
G1 F789 X110.653 Y137.603 E4047.67771
G1 F792.2 X110.224 Y137.498 E4047.71392
G1 F793.8 X109.772 Y137.498 E4047.7509
G1 F790.6 X109.343 Y137.603 E4047.78719
G1 F789 X108.948 Y137.811 E4047.82394
G1 F790.6 X108.62 Y138.103 E4047.86001
G1 F793.8 X108.36 Y138.48 E4047.89748
G1 F789 X108.207 Y138.885 E4047.93312
G1 F785.8 X108.152 Y139.332 E4047.97035
G1 X108.207 Y139.779 E4048.00757
G1 F789 X108.36 Y140.184 E4048.04321
G1 F793.8 X108.62 Y140.561 E4048.08068
G1 F792.2 X108.949 Y140.852 E4048.11669
G1 F785.8 X109.344 Y141.059 E4048.15355
G1 X109.772 Y141.166 E4048.19001
G1 F792.2 X110 Y141.166 E4048.20871
G0 F12000 X110 Y140.723
;TYPE:WALL-OUTER
G1 F976.4 X109.827 Y140.723 E4048.22021
G1 X109.504 Y140.639 E4048.24241
G1 X109.199 Y140.482 E4048.26523
G1 X108.951 Y140.263 E4048.28724
G1 X108.757 Y139.983 E4048.3099
G1 X108.637 Y139.645 E4048.33376
G1 X108.601 Y139.307 E4048.35637
G1 X108.648 Y138.975 E4048.37868
G1 X108.757 Y138.681 E4048.39953
G1 X108.951 Y138.401 E4048.42219
G1 X109.202 Y138.179 E4048.44448
G1 X109.501 Y138.02 E4048.46701
G1 X109.827 Y137.941 E4048.48932
G1 X110.169 Y137.94 E4048.51207
G1 X110.519 Y138.03 E4048.53611
G1 X110.795 Y138.179 E4048.55698
G1 X111.046 Y138.402 E4048.57931
G1 X111.239 Y138.681 E4048.60188
G1 X111.358 Y138.994 E4048.62415
G1 X111.396 Y139.354 E4048.64823
G1 X111.364 Y139.643 E4048.66758
G1 X111.239 Y139.983 E4048.69167
G1 X111.046 Y140.262 E4048.71424
G1 X110.797 Y140.482 E4048.73634
G1 X110.492 Y140.639 E4048.75916
G1 X110.169 Y140.723 E4048.78136
G1 X110 Y140.723 E4048.7926
G0 F12000 X110 Y141.612
G1 F976.4 X110.276 Y141.612 E4048.81096
G1 X110.812 Y141.483 E4048.84764
G1 X111.305 Y141.222 E4048.88474
G1 X111.717 Y140.858 E4048.92131
G1 X112.037 Y140.394 E4048.95881
G1 X112.228 Y139.887 E4048.99485
G1 X112.298 Y139.332 E4049.03206
G1 X112.228 Y138.777 E4049.06927
G1 X112.037 Y138.27 E4049.10531
G1 X111.717 Y137.806 E4049.1428
G1 X111.305 Y137.442 E4049.17937
G1 X110.812 Y137.181 E4049.21648
G1 X110.276 Y137.053 E4049.25314
G1 X109.72 Y137.052 E4049.29012
G1 X109.184 Y137.181 E4049.3268
G1 X108.691 Y137.442 E4049.3639
G1 X108.284 Y137.806 E4049.40022
G1 X107.963 Y138.271 E4049.43781
G1 X107.768 Y138.777 E4049.47388
G1 X107.702 Y139.332 E4049.51106
G1 X107.768 Y139.887 E4049.54824
G1 X107.963 Y140.393 E4049.58431
G1 X108.284 Y140.858 E4049.6219
G1 X108.692 Y141.222 E4049.65827
G1 X109.184 Y141.483 E4049.69532
G1 X109.72 Y141.612 E4049.73199
G1 X110 Y141.612 E4049.75062
G1 F2700 E4044.75062
G0 F12000 X110 Y141.305
G0 X109.06 Y140.692
G0 X108.763 Y140.429
G0 X108.535 Y140.099
G0 X108.396 Y139.729
G0 X108.347 Y139.334
G0 X108.396 Y138.937
G0 X108.535 Y138.567
G0 X108.74 Y138.271
G0 X110 Y137.282
G0 X110 Y136.187
G0 X110 Y49.48
G0 X110 Y48.166
;TYPE:WALL-INNER
G1 F2700 E4049.75062
G1 F793.8 X110.224 Y48.166 E4049.76894
G1 F785.8 X110.652 Y48.059 E4049.80541
G1 F782.7 X111.049 Y47.852 E4049.84256
G1 F789 X111.38 Y47.559 E4049.87895
G1 F790.6 X111.638 Y47.185 E4049.91628
G1 X111.791 Y46.779 E4049.95192
G1 F787.4 X111.845 Y46.332 E4049.98906
G1 F785.8 X111.791 Y45.885 E4050.02627
G1 F787.4 X111.638 Y45.479 E4050.06206
G1 F789 X111.38 Y45.105 E4050.09946
G1 F790.6 X111.049 Y44.812 E4050.13578
G1 F789 X110.653 Y44.603 E4050.17264
G1 F792.2 X110.224 Y44.498 E4050.20885
G1 F793.8 X109.772 Y44.498 E4050.24583
G1 F790.6 X109.343 Y44.603 E4050.28212
G1 F789 X108.948 Y44.811 E4050.31887
G1 F790.6 X108.62 Y45.103 E4050.35494
G1 F793.8 X108.36 Y45.48 E4050.39241
G1 F789 X108.207 Y45.885 E4050.42805
G1 F785.8 X108.152 Y46.332 E4050.46528
G1 X108.207 Y46.779 E4050.5025
G1 F789 X108.36 Y47.184 E4050.53814
G1 F793.8 X108.62 Y47.561 E4050.57561
G1 F792.2 X108.949 Y47.852 E4050.61162
G1 F785.8 X109.344 Y48.059 E4050.64848
G1 X109.772 Y48.166 E4050.68494
G1 F792.2 X110 Y48.166 E4050.70363
G0 F12000 X110 Y47.723
;TYPE:WALL-OUTER
G1 F976.4 X109.827 Y47.723 E4050.71514
G1 X109.504 Y47.639 E4050.73734
G1 X109.199 Y47.482 E4050.76016
G1 X108.951 Y47.263 E4050.78217
G1 X108.757 Y46.983 E4050.80483
G1 X108.637 Y46.645 E4050.82869
G1 X108.601 Y46.307 E4050.8513
G1 X108.648 Y45.975 E4050.8736
G1 X108.757 Y45.681 E4050.89446
G1 X108.951 Y45.401 E4050.91712
G1 X109.202 Y45.179 E4050.93941
G1 X109.501 Y45.02 E4050.96194
G1 X109.827 Y44.941 E4050.98425
G1 X110.169 Y44.94 E4051.007
G1 X110.519 Y45.03 E4051.03104
G1 X110.795 Y45.179 E4051.05191
G1 X111.046 Y45.402 E4051.07424
G1 X111.239 Y45.681 E4051.09681
G1 X111.358 Y45.994 E4051.11908
G1 X111.396 Y46.354 E4051.14316
G1 X111.364 Y46.643 E4051.1625
G1 X111.239 Y46.983 E4051.1866
G1 X111.046 Y47.262 E4051.20917
G1 X110.797 Y47.482 E4051.23127
G1 X110.492 Y47.639 E4051.25409
G1 X110.169 Y47.723 E4051.27629
G1 X110 Y47.723 E4051.28753
G0 F12000 X110 Y48.612
G1 F976.4 X110.276 Y48.612 E4051.30589
G1 X110.812 Y48.483 E4051.34256
G1 X111.305 Y48.222 E4051.37967
G1 X111.717 Y47.858 E4051.41624
G1 X112.037 Y47.394 E4051.45374
G1 X112.228 Y46.887 E4051.48978
G1 X112.298 Y46.332 E4051.52699
G1 X112.228 Y45.777 E4051.5642
G1 X112.037 Y45.27 E4051.60024
G1 X111.717 Y44.806 E4051.63773
G1 X111.305 Y44.442 E4051.6743
G1 X110.812 Y44.181 E4051.71141
G1 X110.276 Y44.053 E4051.74807
G1 X109.72 Y44.052 E4051.78505
G1 X109.184 Y44.181 E4051.82172
G1 X108.691 Y44.442 E4051.85883
G1 X108.284 Y44.806 E4051.89515
G1 X107.963 Y45.271 E4051.93274
G1 X107.768 Y45.777 E4051.96881
G1 X107.702 Y46.332 E4052.00599
G1 X107.768 Y46.887 E4052.04317
G1 X107.963 Y47.393 E4052.07924
G1 X108.284 Y47.858 E4052.11683
G1 X108.692 Y48.222 E4052.1532
G1 X109.184 Y48.483 E4052.19025
G1 X109.72 Y48.612 E4052.22692
G1 X110 Y48.612 E4052.24555
G1 F2700 E4047.24555
;MESH:NONMESH
G0 F300 Z11.4
G0 F12000 X110 Y48.305
G0 X108.455 Y47.708
G0 X107.557 Y48.331
G0 X96.944 Y48.33
G0 X94.724 Y48.166
;TIME_ELAPSED:2986.750828
;LAYER:28
;note -- min layer time used
;TYPE:WALL-INNER
;MESH:bump_plate.obj(1)
G1 F2700 E4052.24555
G1 F785.8 X95.152 Y48.059 E4052.28201
G1 F782.7 X95.549 Y47.852 E4052.31916
G1 F789 X95.88 Y47.559 E4052.35555
G1 F790.6 X96.138 Y47.185 E4052.39288
G1 X96.291 Y46.779 E4052.42852
G1 F787.4 X96.345 Y46.332 E4052.46566
G1 F785.8 X96.291 Y45.885 E4052.50288
G1 F787.4 X96.138 Y45.479 E4052.53866
G1 F789 X95.88 Y45.105 E4052.57607
G1 F790.6 X95.549 Y44.812 E4052.61238
G1 F789 X95.153 Y44.603 E4052.64924
G1 F792.2 X94.724 Y44.498 E4052.68545
G1 F793.8 X94.272 Y44.498 E4052.72243
G1 F790.6 X93.843 Y44.603 E4052.75872
G1 F789 X93.448 Y44.811 E4052.79547
G1 F790.6 X93.12 Y45.103 E4052.83154
G1 F793.8 X92.86 Y45.48 E4052.86901
G1 F789 X92.707 Y45.885 E4052.90465
G1 F785.8 X92.652 Y46.332 E4052.94188
G1 X92.707 Y46.779 E4052.9791
G1 F789 X92.86 Y47.184 E4053.01474
G1 F793.8 X93.12 Y47.561 E4053.05221
G1 F792.2 X93.449 Y47.852 E4053.08822
G1 F785.8 X93.844 Y48.059 E4053.12508
G1 X94.272 Y48.166 E4053.16154
G1 F792.2 X94.724 Y48.166 E4053.1986
G0 F12000 X94.669 Y47.723
;TYPE:WALL-OUTER
G1 F976.4 X94.327 Y47.723 E4053.22135
G1 X94.004 Y47.639 E4053.24355
G1 X93.699 Y47.482 E4053.26637
G1 X93.451 Y47.263 E4053.28838
G1 X93.257 Y46.983 E4053.31104
G1 X93.137 Y46.645 E4053.3349
G1 X93.101 Y46.307 E4053.35751
G1 X93.148 Y45.975 E4053.37981
G1 X93.257 Y45.681 E4053.40067
G1 X93.451 Y45.401 E4053.42333
G1 X93.702 Y45.179 E4053.44562
G1 X94.001 Y45.02 E4053.46815
G1 X94.327 Y44.941 E4053.49046
G1 X94.669 Y44.94 E4053.51321
G1 X95.019 Y45.03 E4053.53725
G1 X95.295 Y45.179 E4053.55811
G1 X95.546 Y45.402 E4053.58045
G1 X95.739 Y45.681 E4053.60301
G1 X95.858 Y45.994 E4053.62529
G1 X95.896 Y46.354 E4053.64937
G1 X95.864 Y46.643 E4053.66871
G1 X95.739 Y46.983 E4053.69281
G1 X95.546 Y47.262 E4053.71538
G1 X95.297 Y47.482 E4053.73748
G1 X94.992 Y47.639 E4053.7603
G1 X94.669 Y47.723 E4053.7825
G0 F12000 X94.776 Y48.612
G1 F976.4 X95.312 Y48.483 E4053.81917
G1 X95.805 Y48.222 E4053.85628
G1 X96.217 Y47.858 E4053.89285
G1 X96.537 Y47.394 E4053.93034
G1 X96.728 Y46.887 E4053.96638
G1 X96.798 Y46.332 E4054.00359
G1 X96.728 Y45.777 E4054.0408
G1 X96.537 Y45.27 E4054.07684
G1 X96.217 Y44.806 E4054.11434
G1 X95.805 Y44.442 E4054.15091
G1 X95.312 Y44.181 E4054.18801
G1 X94.776 Y44.053 E4054.22467
G1 X94.22 Y44.052 E4054.26166
G1 X93.684 Y44.181 E4054.29833
G1 X93.191 Y44.442 E4054.33544
G1 X92.784 Y44.806 E4054.37176
G1 X92.463 Y45.271 E4054.40935
G1 X92.268 Y45.777 E4054.44542
G1 X92.202 Y46.332 E4054.4826
G1 X92.268 Y46.887 E4054.51978
G1 X92.463 Y47.393 E4054.55585
G1 X92.784 Y47.858 E4054.59343
G1 X93.192 Y48.222 E4054.62981
G1 X93.684 Y48.483 E4054.66685
G1 X94.22 Y48.612 E4054.70353
G1 X94.776 Y48.612 E4054.74051
G1 F2700 E4049.74051
G0 F12000 X94.739 Y48.306
G0 X94.724 Y49.48
G0 X94.724 Y136.187
G0 X94.724 Y141.166
;TYPE:WALL-INNER
G1 F2700 E4054.74051
G1 F785.8 X95.152 Y141.059 E4054.77698
G1 F782.7 X95.549 Y140.852 E4054.81413
G1 F789 X95.88 Y140.559 E4054.85052
G1 F790.6 X96.138 Y140.185 E4054.88784
G1 X96.291 Y139.779 E4054.92349
G1 F787.4 X96.345 Y139.332 E4054.96063
G1 F785.8 X96.291 Y138.885 E4054.99784
G1 F787.4 X96.138 Y138.479 E4055.03363
G1 F789 X95.88 Y138.105 E4055.07103
G1 F790.6 X95.549 Y137.812 E4055.10735
G1 F789 X95.153 Y137.603 E4055.14421
G1 F792.2 X94.724 Y137.498 E4055.18042
G1 F793.8 X94.272 Y137.498 E4055.2174
G1 F790.6 X93.843 Y137.603 E4055.25368
G1 F789 X93.448 Y137.811 E4055.29043
G1 F790.6 X93.12 Y138.103 E4055.32651
G1 F793.8 X92.86 Y138.48 E4055.36398
G1 F789 X92.707 Y138.885 E4055.39962
G1 F785.8 X92.652 Y139.332 E4055.43684
G1 X92.707 Y139.779 E4055.47407
G1 F789 X92.86 Y140.184 E4055.5097
G1 F793.8 X93.12 Y140.561 E4055.54717
G1 F792.2 X93.449 Y140.852 E4055.58319
G1 F785.8 X93.844 Y141.059 E4055.62004
G1 X94.272 Y141.166 E4055.65651
G1 F792.2 X94.724 Y141.166 E4055.69357
G0 F12000 X94.669 Y140.723
;TYPE:WALL-OUTER
G1 F976.4 X94.327 Y140.723 E4055.71632
G1 X94.004 Y140.639 E4055.73852
G1 X93.699 Y140.482 E4055.76134
G1 X93.451 Y140.263 E4055.78334
G1 X93.257 Y139.983 E4055.806
G1 X93.137 Y139.645 E4055.82986
G1 X93.101 Y139.307 E4055.85247
G1 X93.148 Y138.975 E4055.87478
G1 X93.257 Y138.681 E4055.89564
G1 X93.451 Y138.401 E4055.9183
G1 X93.702 Y138.179 E4055.94059
G1 X94.001 Y138.02 E4055.96311
G1 X94.327 Y137.941 E4055.98543
G1 X94.669 Y137.94 E4056.00818
G1 X95.019 Y138.03 E4056.03222
G1 X95.295 Y138.179 E4056.05308
G1 X95.546 Y138.402 E4056.07541
G1 X95.739 Y138.681 E4056.09798
G1 X95.858 Y138.994 E4056.12026
G1 X95.896 Y139.354 E4056.14434
G1 X95.864 Y139.643 E4056.16368
G1 X95.739 Y139.983 E4056.18777
G1 X95.546 Y140.262 E4056.21034
G1 X95.297 Y140.482 E4056.23244
G1 X94.992 Y140.639 E4056.25526
G1 X94.669 Y140.723 E4056.27746
G0 F12000 X94.776 Y141.612
G1 F976.4 X95.312 Y141.483 E4056.31414
G1 X95.805 Y141.222 E4056.35124
G1 X96.217 Y140.858 E4056.38781
G1 X96.537 Y140.394 E4056.42531
G1 X96.728 Y139.887 E4056.46135
G1 X96.798 Y139.332 E4056.49856
G1 X96.728 Y138.777 E4056.53577
G1 X96.537 Y138.27 E4056.57181
G1 X96.217 Y137.806 E4056.6093
G1 X95.805 Y137.442 E4056.64587
G1 X95.312 Y137.181 E4056.68298
G1 X94.776 Y137.053 E4056.71964
G1 X94.22 Y137.052 E4056.75662
G1 X93.684 Y137.181 E4056.7933
G1 X93.191 Y137.442 E4056.8304
G1 X92.784 Y137.806 E4056.86672
G1 X92.463 Y138.271 E4056.90431
G1 X92.268 Y138.777 E4056.94038
G1 X92.202 Y139.332 E4056.97756
G1 X92.268 Y139.887 E4057.01474
G1 X92.463 Y140.393 E4057.05081
G1 X92.784 Y140.858 E4057.0884
G1 X93.192 Y141.222 E4057.12477
G1 X93.684 Y141.483 E4057.16182
G1 X94.22 Y141.612 E4057.19849
G1 X94.776 Y141.612 E4057.23548
G1 F2700 E4052.23548
;MESH:bump_plate.obj
G0 F12000 X94.739 Y141.306
G0 X96.045 Y140.708
G0 X96.944 Y141.33
G0 X107.557 Y141.331
G0 X110 Y141.166
;TYPE:WALL-INNER
G1 F2700 E4057.23548
G1 F793.8 X110.224 Y141.166 E4057.2538
G1 F785.8 X110.652 Y141.059 E4057.29027
G1 F782.7 X111.049 Y140.852 E4057.32742
G1 F789 X111.38 Y140.559 E4057.36381
G1 F790.6 X111.638 Y140.185 E4057.40114
G1 X111.791 Y139.779 E4057.43678
G1 F787.4 X111.845 Y139.332 E4057.47392
G1 F785.8 X111.791 Y138.885 E4057.51113
G1 F787.4 X111.638 Y138.479 E4057.54692
G1 F789 X111.38 Y138.105 E4057.58432
G1 F790.6 X111.049 Y137.812 E4057.62064
G1 F789 X110.653 Y137.603 E4057.6575
G1 F792.2 X110.224 Y137.498 E4057.69371
G1 F793.8 X109.772 Y137.498 E4057.73069
G1 F790.6 X109.343 Y137.603 E4057.76698
G1 F789 X108.948 Y137.811 E4057.80373
G1 F790.6 X108.62 Y138.103 E4057.8398
G1 F793.8 X108.36 Y138.48 E4057.87727
G1 F789 X108.207 Y138.885 E4057.91291
G1 F785.8 X108.152 Y139.332 E4057.95014
G1 X108.207 Y139.779 E4057.98736
G1 F789 X108.36 Y140.184 E4058.023
G1 F793.8 X108.62 Y140.561 E4058.06047
G1 F792.2 X108.949 Y140.852 E4058.09648
G1 F785.8 X109.344 Y141.059 E4058.13334
G1 X109.772 Y141.166 E4058.1698
G1 F792.2 X110 Y141.166 E4058.18849
G0 F12000 X110 Y140.723
;TYPE:WALL-OUTER
G1 F976.4 X109.827 Y140.723 E4058.2
G1 X109.504 Y140.639 E4058.2222
G1 X109.199 Y140.482 E4058.24502
G1 X108.951 Y140.263 E4058.26703
G1 X108.757 Y139.983 E4058.28969
G1 X108.637 Y139.645 E4058.31355
G1 X108.601 Y139.307 E4058.33616
G1 X108.648 Y138.975 E4058.35846
G1 X108.757 Y138.681 E4058.37932
G1 X108.951 Y138.401 E4058.40198
G1 X109.202 Y138.179 E4058.42427
G1 X109.501 Y138.02 E4058.4468
G1 X109.827 Y137.941 E4058.46911
G1 X110.169 Y137.94 E4058.49186
G1 X110.519 Y138.03 E4058.5159
G1 X110.795 Y138.179 E4058.53677
G1 X111.046 Y138.402 E4058.5591
G1 X111.239 Y138.681 E4058.58167
G1 X111.358 Y138.994 E4058.60394
G1 X111.396 Y139.354 E4058.62802
G1 X111.364 Y139.643 E4058.64736
G1 X111.239 Y139.983 E4058.67146
G1 X111.046 Y140.262 E4058.69403
G1 X110.797 Y140.482 E4058.71613
G1 X110.492 Y140.639 E4058.73895
G1 X110.169 Y140.723 E4058.76115
G1 X110 Y140.723 E4058.77239
G0 F12000 X110 Y141.612
G1 F976.4 X110.276 Y141.612 E4058.79075
G1 X110.812 Y141.483 E4058.82742
G1 X111.305 Y141.222 E4058.86453
G1 X111.717 Y140.858 E4058.9011
G1 X112.037 Y140.394 E4058.9386
G1 X112.228 Y139.887 E4058.97464
G1 X112.298 Y139.332 E4059.01185
G1 X112.228 Y138.777 E4059.04906
G1 X112.037 Y138.27 E4059.0851
G1 X111.717 Y137.806 E4059.12259
G1 X111.305 Y137.442 E4059.15916
G1 X110.812 Y137.181 E4059.19627
G1 X110.276 Y137.053 E4059.23293
G1 X109.72 Y137.052 E4059.26991
G1 X109.184 Y137.181 E4059.30658
G1 X108.691 Y137.442 E4059.34369
G1 X108.284 Y137.806 E4059.38001
G1 X107.963 Y138.271 E4059.4176
G1 X107.768 Y138.777 E4059.45367
G1 X107.702 Y139.332 E4059.49085
G1 X107.768 Y139.887 E4059.52803
G1 X107.963 Y140.393 E4059.5641
G1 X108.284 Y140.858 E4059.60169
G1 X108.692 Y141.222 E4059.63806
G1 X109.184 Y141.483 E4059.67511
G1 X109.72 Y141.612 E4059.71178
G1 X110 Y141.612 E4059.73041
G1 F2700 E4054.73041
G0 F12000 X110 Y141.305
G0 X109.06 Y140.692
G0 X108.763 Y140.429
G0 X108.535 Y140.099
G0 X108.396 Y139.729
G0 X108.347 Y139.334
G0 X108.396 Y138.937
G0 X108.535 Y138.567
G0 X108.74 Y138.271
G0 X110 Y137.282
G0 X110 Y136.187
G0 X110 Y49.48
G0 X110 Y48.166
;TYPE:WALL-INNER
G1 F2700 E4059.73041
G1 F793.8 X110.224 Y48.166 E4059.74873
G1 F785.8 X110.652 Y48.059 E4059.7852
G1 F782.7 X111.049 Y47.852 E4059.82235
G1 F789 X111.38 Y47.559 E4059.85874
G1 F790.6 X111.638 Y47.185 E4059.89607
G1 X111.791 Y46.779 E4059.93171
G1 F787.4 X111.845 Y46.332 E4059.96885
G1 F785.8 X111.791 Y45.885 E4060.00606
G1 F787.4 X111.638 Y45.479 E4060.04185
G1 F789 X111.38 Y45.105 E4060.07925
G1 F790.6 X111.049 Y44.812 E4060.11557
G1 F789 X110.653 Y44.603 E4060.15243
G1 F792.2 X110.224 Y44.498 E4060.18864
G1 F793.8 X109.772 Y44.498 E4060.22562
G1 F790.6 X109.343 Y44.603 E4060.26191
G1 F789 X108.948 Y44.811 E4060.29865
G1 F790.6 X108.62 Y45.103 E4060.33473
G1 F793.8 X108.36 Y45.48 E4060.3722
G1 F789 X108.207 Y45.885 E4060.40784
G1 F785.8 X108.152 Y46.332 E4060.44506
G1 X108.207 Y46.779 E4060.48229
G1 F789 X108.36 Y47.184 E4060.51793
G1 F793.8 X108.62 Y47.561 E4060.5554
G1 F792.2 X108.949 Y47.852 E4060.59141
G1 F785.8 X109.344 Y48.059 E4060.62827
G1 X109.772 Y48.166 E4060.66473
G1 F792.2 X110 Y48.166 E4060.68342
G0 F12000 X110 Y47.723
;TYPE:WALL-OUTER
G1 F976.4 X109.827 Y47.723 E4060.69493
G1 X109.504 Y47.639 E4060.71713
G1 X109.199 Y47.482 E4060.73995
G1 X108.951 Y47.263 E4060.76196
G1 X108.757 Y46.983 E4060.78462
G1 X108.637 Y46.645 E4060.80848
G1 X108.601 Y46.307 E4060.83109
G1 X108.648 Y45.975 E4060.85339
G1 X108.757 Y45.681 E4060.87425
G1 X108.951 Y45.401 E4060.89691
G1 X109.202 Y45.179 E4060.9192
G1 X109.501 Y45.02 E4060.94173
G1 X109.827 Y44.941 E4060.96404
G1 X110.169 Y44.94 E4060.98679
G1 X110.519 Y45.03 E4061.01083
G1 X110.795 Y45.179 E4061.03169
G1 X111.046 Y45.402 E4061.05403
G1 X111.239 Y45.681 E4061.0766
G1 X111.358 Y45.994 E4061.09887
G1 X111.396 Y46.354 E4061.12295
G1 X111.364 Y46.643 E4061.14229
G1 X111.239 Y46.983 E4061.16639
G1 X111.046 Y47.262 E4061.18896
G1 X110.797 Y47.482 E4061.21106
G1 X110.492 Y47.639 E4061.23388
G1 X110.169 Y47.723 E4061.25608
G1 X110 Y47.723 E4061.26732
G0 F12000 X110 Y48.612
G1 F976.4 X110.276 Y48.612 E4061.28568
G1 X110.812 Y48.483 E4061.32235
G1 X111.305 Y48.222 E4061.35946
G1 X111.717 Y47.858 E4061.39603
G1 X112.037 Y47.394 E4061.43352
G1 X112.228 Y46.887 E4061.46956
G1 X112.298 Y46.332 E4061.50678
G1 X112.228 Y45.777 E4061.54399
G1 X112.037 Y45.27 E4061.58003
G1 X111.717 Y44.806 E4061.61752
G1 X111.305 Y44.442 E4061.65409
G1 X110.812 Y44.181 E4061.6912
G1 X110.276 Y44.053 E4061.72785
G1 X109.72 Y44.052 E4061.76484
G1 X109.184 Y44.181 E4061.80151
G1 X108.691 Y44.442 E4061.83862
G1 X108.284 Y44.806 E4061.87494
G1 X107.963 Y45.271 E4061.91253
G1 X107.768 Y45.777 E4061.9486
G1 X107.702 Y46.332 E4061.98578
G1 X107.768 Y46.887 E4062.02296
G1 X107.963 Y47.393 E4062.05903
G1 X108.284 Y47.858 E4062.09662
G1 X108.692 Y48.222 E4062.13299
G1 X109.184 Y48.483 E4062.17004
G1 X109.72 Y48.612 E4062.20671
G1 X110 Y48.612 E4062.22533
G1 F2700 E4057.22533
;MESH:NONMESH
G0 F300 Z11.8
G0 F12000 X110 Y48.305
G0 X108.455 Y47.708
G0 X107.557 Y48.331
G0 X96.944 Y48.33
G0 X94.724 Y48.166
;TIME_ELAPSED:3001.011549
;LAYER:29
;note -- min layer time used
;TYPE:WALL-INNER
;MESH:bump_plate.obj(1)
G1 F2700 E4062.22533
G1 F785.8 X95.152 Y48.059 E4062.2618
G1 F782.7 X95.549 Y47.852 E4062.29895
G1 F789 X95.88 Y47.559 E4062.33534
G1 F790.6 X96.138 Y47.185 E4062.37267
G1 X96.291 Y46.779 E4062.40831
G1 F787.4 X96.345 Y46.332 E4062.44545
G1 F785.8 X96.291 Y45.885 E4062.48266
G1 F787.4 X96.138 Y45.479 E4062.51845
G1 F789 X95.88 Y45.105 E4062.55585
G1 F790.6 X95.549 Y44.812 E4062.59217
G1 F789 X95.153 Y44.603 E4062.62903
G1 F792.2 X94.724 Y44.498 E4062.66524
G1 F793.8 X94.272 Y44.498 E4062.70222
G1 F790.6 X93.843 Y44.603 E4062.73851
G1 F789 X93.448 Y44.811 E4062.77525
G1 F790.6 X93.12 Y45.103 E4062.81133
G1 F793.8 X92.86 Y45.48 E4062.8488
G1 F789 X92.707 Y45.885 E4062.88444
G1 F785.8 X92.652 Y46.332 E4062.92166
G1 X92.707 Y46.779 E4062.95889
G1 F789 X92.86 Y47.184 E4062.99453
G1 F793.8 X93.12 Y47.561 E4063.032
G1 F792.2 X93.449 Y47.852 E4063.06801
G1 F785.8 X93.844 Y48.059 E4063.10487
G1 X94.272 Y48.166 E4063.14133
G1 F792.2 X94.724 Y48.166 E4063.17839
G0 F12000 X94.669 Y47.723
;TYPE:WALL-OUTER
G1 F976.4 X94.327 Y47.723 E4063.20114
G1 X94.004 Y47.639 E4063.22334
G1 X93.699 Y47.482 E4063.24616
G1 X93.451 Y47.263 E4063.26817
G1 X93.257 Y46.983 E4063.29083
G1 X93.137 Y46.645 E4063.31468
G1 X93.101 Y46.307 E4063.3373
G1 X93.148 Y45.975 E4063.3596
G1 X93.257 Y45.681 E4063.38046
G1 X93.451 Y45.401 E4063.40312
G1 X93.702 Y45.179 E4063.42541
G1 X94.001 Y45.02 E4063.44794
G1 X94.327 Y44.941 E4063.47025
G1 X94.669 Y44.94 E4063.493
G1 X95.019 Y45.03 E4063.51704
G1 X95.295 Y45.179 E4063.5379
G1 X95.546 Y45.402 E4063.56024
G1 X95.739 Y45.681 E4063.5828
G1 X95.858 Y45.994 E4063.60508
G1 X95.896 Y46.354 E4063.62916
G1 X95.864 Y46.643 E4063.6485
G1 X95.739 Y46.983 E4063.6726
G1 X95.546 Y47.262 E4063.69516
G1 X95.297 Y47.482 E4063.71727
G1 X94.992 Y47.639 E4063.74009
G1 X94.669 Y47.723 E4063.76229
G0 F12000 X94.776 Y48.612
G1 F976.4 X95.312 Y48.483 E4063.79896
G1 X95.805 Y48.222 E4063.83607
G1 X96.217 Y47.858 E4063.87264
G1 X96.537 Y47.394 E4063.91013
G1 X96.728 Y46.887 E4063.94617
G1 X96.798 Y46.332 E4063.98338
G1 X96.728 Y45.777 E4064.02059
G1 X96.537 Y45.27 E4064.05663
G1 X96.217 Y44.806 E4064.09413
G1 X95.805 Y44.442 E4064.1307
G1 X95.312 Y44.181 E4064.1678
G1 X94.776 Y44.053 E4064.20446
G1 X94.22 Y44.052 E4064.24145
G1 X93.684 Y44.181 E4064.27812
G1 X93.191 Y44.442 E4064.31523
G1 X92.784 Y44.806 E4064.35155
G1 X92.463 Y45.271 E4064.38913
G1 X92.268 Y45.777 E4064.42521
G1 X92.202 Y46.332 E4064.46239
G1 X92.268 Y46.887 E4064.49956
G1 X92.463 Y47.393 E4064.53564
G1 X92.784 Y47.858 E4064.57322
G1 X93.192 Y48.222 E4064.60959
G1 X93.684 Y48.483 E4064.64664
G1 X94.22 Y48.612 E4064.68331
G1 X94.776 Y48.612 E4064.7203
G1 F2700 E4059.7203
G0 F12000 X94.739 Y48.306
G0 X94.724 Y49.48
G0 X94.724 Y136.187
G0 X94.724 Y141.166
;TYPE:WALL-INNER
G1 F2700 E4064.7203
G1 F785.8 X95.152 Y141.059 E4064.75676
G1 F782.7 X95.549 Y140.852 E4064.79392
G1 F789 X95.88 Y140.559 E4064.83031
G1 F790.6 X96.138 Y140.185 E4064.86763
G1 X96.291 Y139.779 E4064.90328
G1 F787.4 X96.345 Y139.332 E4064.94042
G1 F785.8 X96.291 Y138.885 E4064.97763
G1 F787.4 X96.138 Y138.479 E4065.01342
G1 F789 X95.88 Y138.105 E4065.05082
G1 F790.6 X95.549 Y137.812 E4065.08714
G1 F789 X95.153 Y137.603 E4065.124
G1 F792.2 X94.724 Y137.498 E4065.16021
G1 F793.8 X94.272 Y137.498 E4065.19719
G1 F790.6 X93.843 Y137.603 E4065.23347
G1 F789 X93.448 Y137.811 E4065.27022
G1 F790.6 X93.12 Y138.103 E4065.3063
G1 F793.8 X92.86 Y138.48 E4065.34377
G1 F789 X92.707 Y138.885 E4065.37941
G1 F785.8 X92.652 Y139.332 E4065.41663
G1 X92.707 Y139.779 E4065.45385
G1 F789 X92.86 Y140.184 E4065.48949
G1 F793.8 X93.12 Y140.561 E4065.52696
G1 F792.2 X93.449 Y140.852 E4065.56297
G1 F785.8 X93.844 Y141.059 E4065.59983
G1 X94.272 Y141.166 E4065.6363
G1 F792.2 X94.724 Y141.166 E4065.67335
G0 F12000 X94.669 Y140.723
;TYPE:WALL-OUTER
G1 F976.4 X94.327 Y140.723 E4065.6961
G1 X94.004 Y140.639 E4065.7183
G1 X93.699 Y140.482 E4065.74112
G1 X93.451 Y140.263 E4065.76313
G1 X93.257 Y139.983 E4065.78579
G1 X93.137 Y139.645 E4065.80965
G1 X93.101 Y139.307 E4065.83226
G1 X93.148 Y138.975 E4065.85457
G1 X93.257 Y138.681 E4065.87542
G1 X93.451 Y138.401 E4065.89808
G1 X93.702 Y138.179 E4065.92037
G1 X94.001 Y138.02 E4065.9429
G1 X94.327 Y137.941 E4065.96521
G1 X94.669 Y137.94 E4065.98796
G1 X95.019 Y138.03 E4066.012
G1 X95.295 Y138.179 E4066.03287
G1 X95.546 Y138.402 E4066.0552
G1 X95.739 Y138.681 E4066.07777
G1 X95.858 Y138.994 E4066.10004
G1 X95.896 Y139.354 E4066.12412
G1 X95.864 Y139.643 E4066.14347
G1 X95.739 Y139.983 E4066.16756
G1 X95.546 Y140.262 E4066.19013
G1 X95.297 Y140.482 E4066.21223
G1 X94.992 Y140.639 E4066.23505
G1 X94.669 Y140.723 E4066.25725
G0 F12000 X94.776 Y141.612
G1 F976.4 X95.312 Y141.483 E4066.29393
G1 X95.805 Y141.222 E4066.33103
G1 X96.217 Y140.858 E4066.3676
G1 X96.537 Y140.394 E4066.4051
G1 X96.728 Y139.887 E4066.44114
G1 X96.798 Y139.332 E4066.47835
G1 X96.728 Y138.777 E4066.51556
G1 X96.537 Y138.27 E4066.5516
G1 X96.217 Y137.806 E4066.58909
G1 X95.805 Y137.442 E4066.62566
G1 X95.312 Y137.181 E4066.66277
G1 X94.776 Y137.053 E4066.69943
G1 X94.22 Y137.052 E4066.73641
G1 X93.684 Y137.181 E4066.77308
G1 X93.191 Y137.442 E4066.81019
G1 X92.784 Y137.806 E4066.84651
G1 X92.463 Y138.271 E4066.8841
G1 X92.268 Y138.777 E4066.92017
G1 X92.202 Y139.332 E4066.95735
G1 X92.268 Y139.887 E4066.99453
G1 X92.463 Y140.393 E4067.0306
G1 X92.784 Y140.858 E4067.06819
G1 X93.192 Y141.222 E4067.10456
G1 X93.684 Y141.483 E4067.14161
G1 X94.22 Y141.612 E4067.17828
G1 X94.776 Y141.612 E4067.21527
G1 F2700 E4062.21527
;MESH:bump_plate.obj
G0 F12000 X94.739 Y141.306
G0 X96.045 Y140.708
G0 X96.944 Y141.33
G0 X107.557 Y141.331
G0 X110 Y141.166
;TYPE:WALL-INNER
G1 F2700 E4067.21527
G1 F793.8 X110.224 Y141.166 E4067.23359
G1 F785.8 X110.652 Y141.059 E4067.27006
G1 F782.7 X111.049 Y140.852 E4067.30721
G1 F789 X111.38 Y140.559 E4067.3436
G1 F790.6 X111.638 Y140.185 E4067.38093
G1 X111.791 Y139.779 E4067.41657
G1 F787.4 X111.845 Y139.332 E4067.45371
G1 F785.8 X111.791 Y138.885 E4067.49092
G1 F787.4 X111.638 Y138.479 E4067.52671
G1 F789 X111.38 Y138.105 E4067.56411
G1 F790.6 X111.049 Y137.812 E4067.60043
G1 F789 X110.653 Y137.603 E4067.63729
G1 F792.2 X110.224 Y137.498 E4067.6735
G1 F793.8 X109.772 Y137.498 E4067.71048
G1 F790.6 X109.343 Y137.603 E4067.74677
G1 F789 X108.948 Y137.811 E4067.78351
G1 F790.6 X108.62 Y138.103 E4067.81959
G1 F793.8 X108.36 Y138.48 E4067.85706
G1 F789 X108.207 Y138.885 E4067.8927
G1 F785.8 X108.152 Y139.332 E4067.92992
G1 X108.207 Y139.779 E4067.96715
G1 F789 X108.36 Y140.184 E4068.00279
G1 F793.8 X108.62 Y140.561 E4068.04026
G1 F792.2 X108.949 Y140.852 E4068.07627
G1 F785.8 X109.344 Y141.059 E4068.11313
G1 X109.772 Y141.166 E4068.14959
G1 F792.2 X110 Y141.166 E4068.16828
G0 F12000 X110 Y140.723
;TYPE:WALL-OUTER
G1 F976.4 X109.827 Y140.723 E4068.17979
G1 X109.504 Y140.639 E4068.20199
G1 X109.199 Y140.482 E4068.22481
G1 X108.951 Y140.263 E4068.24682
G1 X108.757 Y139.983 E4068.26948
G1 X108.637 Y139.645 E4068.29334
G1 X108.601 Y139.307 E4068.31595
G1 X108.648 Y138.975 E4068.33825
G1 X108.757 Y138.681 E4068.35911
G1 X108.951 Y138.401 E4068.38177
G1 X109.202 Y138.179 E4068.40406
G1 X109.501 Y138.02 E4068.42659
G1 X109.827 Y137.941 E4068.4489
G1 X110.169 Y137.94 E4068.47165
G1 X110.519 Y138.03 E4068.49569
G1 X110.795 Y138.179 E4068.51655
G1 X111.046 Y138.402 E4068.53889
G1 X111.239 Y138.681 E4068.56146
G1 X111.358 Y138.994 E4068.58373
G1 X111.396 Y139.354 E4068.60781
G1 X111.364 Y139.643 E4068.62715
G1 X111.239 Y139.983 E4068.65125
G1 X111.046 Y140.262 E4068.67382
G1 X110.797 Y140.482 E4068.69592
G1 X110.492 Y140.639 E4068.71874
G1 X110.169 Y140.723 E4068.74094
G1 X110 Y140.723 E4068.75218
G0 F12000 X110 Y141.612
G1 F976.4 X110.276 Y141.612 E4068.77054
G1 X110.812 Y141.483 E4068.80721
G1 X111.305 Y141.222 E4068.84432
G1 X111.717 Y140.858 E4068.88089
G1 X112.037 Y140.394 E4068.91838
G1 X112.228 Y139.887 E4068.95442
G1 X112.298 Y139.332 E4068.99164
G1 X112.228 Y138.777 E4069.02885
G1 X112.037 Y138.27 E4069.06489
G1 X111.717 Y137.806 E4069.10238
G1 X111.305 Y137.442 E4069.13895
G1 X110.812 Y137.181 E4069.17606
G1 X110.276 Y137.053 E4069.21271
G1 X109.72 Y137.052 E4069.2497
G1 X109.184 Y137.181 E4069.28637
G1 X108.691 Y137.442 E4069.32348
G1 X108.284 Y137.806 E4069.3598
G1 X107.963 Y138.271 E4069.39739
G1 X107.768 Y138.777 E4069.43346
G1 X107.702 Y139.332 E4069.47064
G1 X107.768 Y139.887 E4069.50782
G1 X107.963 Y140.393 E4069.54389
G1 X108.284 Y140.858 E4069.58148
G1 X108.692 Y141.222 E4069.61785
G1 X109.184 Y141.483 E4069.6549
G1 X109.72 Y141.612 E4069.69157
G1 X110 Y141.612 E4069.71019
G1 F2700 E4064.71019
G0 F12000 X110 Y141.305
G0 X109.06 Y140.692
G0 X108.763 Y140.429
G0 X108.535 Y140.099
G0 X108.396 Y139.729
G0 X108.347 Y139.334
G0 X108.396 Y138.937
G0 X108.535 Y138.567
G0 X108.74 Y138.271
G0 X110 Y137.282
G0 X110 Y136.187
G0 X110 Y49.48
G0 X110 Y48.166
;TYPE:WALL-INNER
G1 F2700 E4069.71019
G1 F793.8 X110.224 Y48.166 E4069.72852
G1 F785.8 X110.652 Y48.059 E4069.76499
G1 F782.7 X111.049 Y47.852 E4069.80214
G1 F789 X111.38 Y47.559 E4069.83853
G1 F790.6 X111.638 Y47.185 E4069.87586
G1 X111.791 Y46.779 E4069.9115
G1 F787.4 X111.845 Y46.332 E4069.94864
G1 F785.8 X111.791 Y45.885 E4069.98585
G1 F787.4 X111.638 Y45.479 E4070.02164
G1 F789 X111.38 Y45.105 E4070.05904
G1 F790.6 X111.049 Y44.812 E4070.09536
G1 F789 X110.653 Y44.603 E4070.13222
G1 F792.2 X110.224 Y44.498 E4070.16843
G1 F793.8 X109.772 Y44.498 E4070.20541
G1 F790.6 X109.343 Y44.603 E4070.24169
G1 F789 X108.948 Y44.811 E4070.27844
G1 F790.6 X108.62 Y45.103 E4070.31452
G1 F793.8 X108.36 Y45.48 E4070.35199
G1 F789 X108.207 Y45.885 E4070.38763
G1 F785.8 X108.152 Y46.332 E4070.42485
G1 X108.207 Y46.779 E4070.46208
G1 F789 X108.36 Y47.184 E4070.49772
G1 F793.8 X108.62 Y47.561 E4070.53519
G1 F792.2 X108.949 Y47.852 E4070.5712
G1 F785.8 X109.344 Y48.059 E4070.60806
G1 X109.772 Y48.166 E4070.64452
G1 F792.2 X110 Y48.166 E4070.66321
G0 F12000 X110 Y47.723
;TYPE:WALL-OUTER
G1 F976.4 X109.827 Y47.723 E4070.67472
G1 X109.504 Y47.639 E4070.69692
G1 X109.199 Y47.482 E4070.71974
G1 X108.951 Y47.263 E4070.74175
G1 X108.757 Y46.983 E4070.76441
G1 X108.637 Y46.645 E4070.78827
G1 X108.601 Y46.307 E4070.81088
G1 X108.648 Y45.975 E4070.83318
G1 X108.757 Y45.681 E4070.85404
G1 X108.951 Y45.401 E4070.8767
G1 X109.202 Y45.179 E4070.89899
G1 X109.501 Y45.02 E4070.92152
G1 X109.827 Y44.941 E4070.94383
G1 X110.169 Y44.94 E4070.96658
G1 X110.519 Y45.03 E4070.99062
G1 X110.795 Y45.179 E4071.01148
G1 X111.046 Y45.402 E4071.03382
G1 X111.239 Y45.681 E4071.05638
G1 X111.358 Y45.994 E4071.07866
G1 X111.396 Y46.354 E4071.10274
G1 X111.364 Y46.643 E4071.12208
G1 X111.239 Y46.983 E4071.14618
G1 X111.046 Y47.262 E4071.16875
G1 X110.797 Y47.482 E4071.19085
G1 X110.492 Y47.639 E4071.21367
G1 X110.169 Y47.723 E4071.23587
G1 X110 Y47.723 E4071.24711
G0 F12000 X110 Y48.612
G1 F976.4 X110.276 Y48.612 E4071.26547
G1 X110.812 Y48.483 E4071.30214
G1 X111.305 Y48.222 E4071.33925
G1 X111.717 Y47.858 E4071.37582
G1 X112.037 Y47.394 E4071.41331
G1 X112.228 Y46.887 E4071.44935
G1 X112.298 Y46.332 E4071.48656
G1 X112.228 Y45.777 E4071.52378
G1 X112.037 Y45.27 E4071.55981
G1 X111.717 Y44.806 E4071.59731
G1 X111.305 Y44.442 E4071.63388
G1 X110.812 Y44.181 E4071.67099
G1 X110.276 Y44.053 E4071.70764
G1 X109.72 Y44.052 E4071.74463
G1 X109.184 Y44.181 E4071.7813
G1 X108.691 Y44.442 E4071.81841
G1 X108.284 Y44.806 E4071.85473
G1 X107.963 Y45.271 E4071.89232
G1 X107.768 Y45.777 E4071.92839
G1 X107.702 Y46.332 E4071.96557
G1 X107.768 Y46.887 E4072.00275
G1 X107.963 Y47.393 E4072.03882
G1 X108.284 Y47.858 E4072.0764
G1 X108.692 Y48.222 E4072.11278
G1 X109.184 Y48.483 E4072.14982
G1 X109.72 Y48.612 E4072.1865
G1 X110 Y48.612 E4072.20512
G1 F2700 E4067.20512
;MESH:NONMESH
G0 F300 Z12.2
G0 F12000 X110 Y48.305
G0 X108.455 Y47.708
G0 X107.557 Y48.331
G0 X96.944 Y48.33
G0 X94.724 Y48.166
;TIME_ELAPSED:3015.272269
;LAYER:30
;note -- min layer time used
;TYPE:WALL-INNER
;MESH:bump_plate.obj(1)
G1 F2700 E4072.20512
G1 F785.8 X95.152 Y48.059 E4072.24159
G1 F782.7 X95.549 Y47.852 E4072.27874
G1 F789 X95.88 Y47.559 E4072.31513
G1 F790.6 X96.138 Y47.185 E4072.35246
G1 X96.291 Y46.779 E4072.3881
G1 F787.4 X96.345 Y46.332 E4072.42524
G1 F785.8 X96.291 Y45.885 E4072.46245
G1 F787.4 X96.138 Y45.479 E4072.49824
G1 F789 X95.88 Y45.105 E4072.53564
G1 F790.6 X95.549 Y44.812 E4072.57196
G1 F789 X95.153 Y44.603 E4072.60882
G1 F792.2 X94.724 Y44.498 E4072.64503
G1 F793.8 X94.272 Y44.498 E4072.68201
G1 F790.6 X93.843 Y44.603 E4072.71829
G1 F789 X93.448 Y44.811 E4072.75504
G1 F790.6 X93.12 Y45.103 E4072.79112
G1 F793.8 X92.86 Y45.48 E4072.82859
G1 F789 X92.707 Y45.885 E4072.86423
G1 F785.8 X92.652 Y46.332 E4072.90145
G1 X92.707 Y46.779 E4072.93868
G1 F789 X92.86 Y47.184 E4072.97432
G1 F793.8 X93.12 Y47.561 E4073.01179
G1 F792.2 X93.449 Y47.852 E4073.0478
G1 F785.8 X93.844 Y48.059 E4073.08466
G1 X94.272 Y48.166 E4073.12112
G1 F792.2 X94.724 Y48.166 E4073.15818
G0 F12000 X94.669 Y47.723
;TYPE:WALL-OUTER
G1 F976.4 X94.327 Y47.723 E4073.18093
G1 X94.004 Y47.639 E4073.20313
G1 X93.699 Y47.482 E4073.22595
G1 X93.451 Y47.263 E4073.24796
G1 X93.257 Y46.983 E4073.27061
G1 X93.137 Y46.645 E4073.29447
G1 X93.101 Y46.307 E4073.31708
G1 X93.148 Y45.975 E4073.33939
G1 X93.257 Y45.681 E4073.36025
G1 X93.451 Y45.401 E4073.38291
G1 X93.702 Y45.179 E4073.4052
G1 X94.001 Y45.02 E4073.42772
G1 X94.327 Y44.941 E4073.45004
G1 X94.669 Y44.94 E4073.47279
G1 X95.019 Y45.03 E4073.49683
G1 X95.295 Y45.179 E4073.51769
G1 X95.546 Y45.402 E4073.54003
G1 X95.739 Y45.681 E4073.56259
G1 X95.858 Y45.994 E4073.58487
G1 X95.896 Y46.354 E4073.60895
G1 X95.864 Y46.643 E4073.62829
G1 X95.739 Y46.983 E4073.65239
G1 X95.546 Y47.262 E4073.67495
G1 X95.297 Y47.482 E4073.69706
G1 X94.992 Y47.639 E4073.71987
G1 X94.669 Y47.723 E4073.74208
G0 F12000 X94.776 Y48.612
G1 F976.4 X95.312 Y48.483 E4073.77875
G1 X95.805 Y48.222 E4073.81585
G1 X96.217 Y47.858 E4073.85243
G1 X96.537 Y47.394 E4073.88992
G1 X96.728 Y46.887 E4073.92596
G1 X96.798 Y46.332 E4073.96317
G1 X96.728 Y45.777 E4074.00038
G1 X96.537 Y45.27 E4074.03642
G1 X96.217 Y44.806 E4074.07391
G1 X95.805 Y44.442 E4074.11049
G1 X95.312 Y44.181 E4074.14759
G1 X94.776 Y44.053 E4074.18425
G1 X94.22 Y44.052 E4074.22123
G1 X93.684 Y44.181 E4074.25791
G1 X93.191 Y44.442 E4074.29501
G1 X92.784 Y44.806 E4074.33134
G1 X92.463 Y45.271 E4074.36892
G1 X92.268 Y45.777 E4074.40499
G1 X92.202 Y46.332 E4074.44217
G1 X92.268 Y46.887 E4074.47935
G1 X92.463 Y47.393 E4074.51542
G1 X92.784 Y47.858 E4074.55301
G1 X93.192 Y48.222 E4074.58938
G1 X93.684 Y48.483 E4074.62643
G1 X94.22 Y48.612 E4074.6631
G1 X94.776 Y48.612 E4074.70009
G1 F2700 E4069.70009
G0 F12000 X94.739 Y48.306
G0 X94.724 Y49.48
G0 X94.724 Y136.187
G0 X94.724 Y141.166
;TYPE:WALL-INNER
G1 F2700 E4074.70009
G1 F785.8 X95.152 Y141.059 E4074.73655
G1 F782.7 X95.549 Y140.852 E4074.77371
G1 F789 X95.88 Y140.559 E4074.8101
G1 F790.6 X96.138 Y140.185 E4074.84742
G1 X96.291 Y139.779 E4074.88307
G1 F787.4 X96.345 Y139.332 E4074.9202
G1 F785.8 X96.291 Y138.885 E4074.95742
G1 F787.4 X96.138 Y138.479 E4074.99321
G1 F789 X95.88 Y138.105 E4075.03061
G1 F790.6 X95.549 Y137.812 E4075.06692
G1 F789 X95.153 Y137.603 E4075.10378
G1 F792.2 X94.724 Y137.498 E4075.13999
G1 F793.8 X94.272 Y137.498 E4075.17698
G1 F790.6 X93.843 Y137.603 E4075.21326
G1 F789 X93.448 Y137.811 E4075.25001
G1 F790.6 X93.12 Y138.103 E4075.28609
G1 F793.8 X92.86 Y138.48 E4075.32356
G1 F789 X92.707 Y138.885 E4075.3592
G1 F785.8 X92.652 Y139.332 E4075.39642
G1 X92.707 Y139.779 E4075.43364
G1 F789 X92.86 Y140.184 E4075.46928
G1 F793.8 X93.12 Y140.561 E4075.50675
G1 F792.2 X93.449 Y140.852 E4075.54276
G1 F785.8 X93.844 Y141.059 E4075.57962
G1 X94.272 Y141.166 E4075.61609
G1 F792.2 X94.724 Y141.166 E4075.65314
G0 F12000 X94.669 Y140.723
;TYPE:WALL-OUTER
G1 F976.4 X94.327 Y140.723 E4075.67589
G1 X94.004 Y140.639 E4075.69809
G1 X93.699 Y140.482 E4075.72091
G1 X93.451 Y140.263 E4075.74292
G1 X93.257 Y139.983 E4075.76558
G1 X93.137 Y139.645 E4075.78944
G1 X93.101 Y139.307 E4075.81205
G1 X93.148 Y138.975 E4075.83436
G1 X93.257 Y138.681 E4075.85521
G1 X93.451 Y138.401 E4075.87787
G1 X93.702 Y138.179 E4075.90016
G1 X94.001 Y138.02 E4075.92269
G1 X94.327 Y137.941 E4075.945
G1 X94.669 Y137.94 E4075.96775
G1 X95.019 Y138.03 E4075.99179
G1 X95.295 Y138.179 E4076.01266
G1 X95.546 Y138.402 E4076.03499
G1 X95.739 Y138.681 E4076.05756
G1 X95.858 Y138.994 E4076.07983
G1 X95.896 Y139.354 E4076.10391
G1 X95.864 Y139.643 E4076.12326
G1 X95.739 Y139.983 E4076.14735
G1 X95.546 Y140.262 E4076.16992
G1 X95.297 Y140.482 E4076.19202
G1 X94.992 Y140.639 E4076.21484
G1 X94.669 Y140.723 E4076.23704
G0 F12000 X94.776 Y141.612
G1 F976.4 X95.312 Y141.483 E4076.27371
G1 X95.805 Y141.222 E4076.31082
G1 X96.217 Y140.858 E4076.34739
G1 X96.537 Y140.394 E4076.38489
G1 X96.728 Y139.887 E4076.42092
G1 X96.798 Y139.332 E4076.45814
G1 X96.728 Y138.777 E4076.49535
G1 X96.537 Y138.27 E4076.53139
G1 X96.217 Y137.806 E4076.56888
G1 X95.805 Y137.442 E4076.60545
G1 X95.312 Y137.181 E4076.64256
G1 X94.776 Y137.053 E4076.67922
G1 X94.22 Y137.052 E4076.7162
G1 X93.684 Y137.181 E4076.75287
G1 X93.191 Y137.442 E4076.78998
G1 X92.784 Y137.806 E4076.8263
G1 X92.463 Y138.271 E4076.86389
G1 X92.268 Y138.777 E4076.89996
G1 X92.202 Y139.332 E4076.93714
G1 X92.268 Y139.887 E4076.97432
G1 X92.463 Y140.393 E4077.01039
G1 X92.784 Y140.858 E4077.04798
G1 X93.192 Y141.222 E4077.08435
G1 X93.684 Y141.483 E4077.1214
G1 X94.22 Y141.612 E4077.15807
G1 X94.776 Y141.612 E4077.19505
G1 F2700 E4072.19505
;MESH:bump_plate.obj
G0 F12000 X94.739 Y141.306
G0 X96.045 Y140.708
G0 X96.944 Y141.33
G0 X107.557 Y141.331
G0 X110 Y141.166
;TYPE:WALL-INNER
G1 F2700 E4077.19505
G1 F793.8 X110.224 Y141.166 E4077.21338
G1 F785.8 X110.652 Y141.059 E4077.24985
G1 F782.7 X111.049 Y140.852 E4077.287
G1 F789 X111.38 Y140.559 E4077.32339
G1 F790.6 X111.638 Y140.185 E4077.36072
G1 X111.791 Y139.779 E4077.39636
G1 F787.4 X111.845 Y139.332 E4077.4335
G1 F785.8 X111.791 Y138.885 E4077.47071
G1 F787.4 X111.638 Y138.479 E4077.5065
G1 F789 X111.38 Y138.105 E4077.5439
G1 F790.6 X111.049 Y137.812 E4077.58022
G1 F789 X110.653 Y137.603 E4077.61708
G1 F792.2 X110.224 Y137.498 E4077.65329
G1 F793.8 X109.772 Y137.498 E4077.69027
G1 F790.6 X109.343 Y137.603 E4077.72655
G1 F789 X108.948 Y137.811 E4077.7633
G1 F790.6 X108.62 Y138.103 E4077.79938
G1 F793.8 X108.36 Y138.48 E4077.83685
G1 F789 X108.207 Y138.885 E4077.87249
G1 F785.8 X108.152 Y139.332 E4077.90971
G1 X108.207 Y139.779 E4077.94694
G1 F789 X108.36 Y140.184 E4077.98258
G1 F793.8 X108.62 Y140.561 E4078.02005
G1 F792.2 X108.949 Y140.852 E4078.05606
G1 F785.8 X109.344 Y141.059 E4078.09292
G1 X109.772 Y141.166 E4078.12938
G1 F792.2 X110 Y141.166 E4078.14807
G0 F12000 X110 Y140.723
;TYPE:WALL-OUTER
G1 F976.4 X109.827 Y140.723 E4078.15958
G1 X109.504 Y140.639 E4078.18178
G1 X109.199 Y140.482 E4078.2046
G1 X108.951 Y140.263 E4078.22661
G1 X108.757 Y139.983 E4078.24927
G1 X108.637 Y139.645 E4078.27313
G1 X108.601 Y139.307 E4078.29574
G1 X108.648 Y138.975 E4078.31804
G1 X108.757 Y138.681 E4078.3389
G1 X108.951 Y138.401 E4078.36156
G1 X109.202 Y138.179 E4078.38385
G1 X109.501 Y138.02 E4078.40638
G1 X109.827 Y137.941 E4078.42869
G1 X110.169 Y137.94 E4078.45144
G1 X110.519 Y138.03 E4078.47548
G1 X110.795 Y138.179 E4078.49634
G1 X111.046 Y138.402 E4078.51868
G1 X111.239 Y138.681 E4078.54124
G1 X111.358 Y138.994 E4078.56352
G1 X111.396 Y139.354 E4078.5876
G1 X111.364 Y139.643 E4078.60694
G1 X111.239 Y139.983 E4078.63104
G1 X111.046 Y140.262 E4078.65361
G1 X110.797 Y140.482 E4078.67571
G1 X110.492 Y140.639 E4078.69853
G1 X110.169 Y140.723 E4078.72073
G1 X110 Y140.723 E4078.73197
G0 F12000 X110 Y141.612
G1 F976.4 X110.276 Y141.612 E4078.75033
G1 X110.812 Y141.483 E4078.787
G1 X111.305 Y141.222 E4078.82411
G1 X111.717 Y140.858 E4078.86068
G1 X112.037 Y140.394 E4078.89817
G1 X112.228 Y139.887 E4078.93421
G1 X112.298 Y139.332 E4078.97142
G1 X112.228 Y138.777 E4079.00864
G1 X112.037 Y138.27 E4079.04467
G1 X111.717 Y137.806 E4079.08217
G1 X111.305 Y137.442 E4079.11874
G1 X110.812 Y137.181 E4079.15585
G1 X110.276 Y137.053 E4079.1925
G1 X109.72 Y137.052 E4079.22949
G1 X109.184 Y137.181 E4079.26616
G1 X108.691 Y137.442 E4079.30327
G1 X108.284 Y137.806 E4079.33959
G1 X107.963 Y138.271 E4079.37718
G1 X107.768 Y138.777 E4079.41325
G1 X107.702 Y139.332 E4079.45043
G1 X107.768 Y139.887 E4079.48761
G1 X107.963 Y140.393 E4079.52368
G1 X108.284 Y140.858 E4079.56127
G1 X108.692 Y141.222 E4079.59764
G1 X109.184 Y141.483 E4079.63468
G1 X109.72 Y141.612 E4079.67136
G1 X110 Y141.612 E4079.68998
G1 F2700 E4074.68998
G0 F12000 X110 Y141.305
G0 X109.06 Y140.692
G0 X108.763 Y140.429
G0 X108.535 Y140.099
G0 X108.396 Y139.729
G0 X108.347 Y139.334
G0 X108.396 Y138.937
G0 X108.535 Y138.567
G0 X108.74 Y138.271
G0 X110 Y137.282
G0 X110 Y136.187
G0 X110 Y49.48
G0 X110 Y48.166
;TYPE:WALL-INNER
G1 F2700 E4079.68998
G1 F793.8 X110.224 Y48.166 E4079.70831
G1 F785.8 X110.652 Y48.059 E4079.74477
G1 F782.7 X111.049 Y47.852 E4079.78193
G1 F789 X111.38 Y47.559 E4079.81832
G1 F790.6 X111.638 Y47.185 E4079.85564
G1 X111.791 Y46.779 E4079.89129
G1 F787.4 X111.845 Y46.332 E4079.92843
G1 F785.8 X111.791 Y45.885 E4079.96564
G1 F787.4 X111.638 Y45.479 E4080.00143
G1 F789 X111.38 Y45.105 E4080.03883
G1 F790.6 X111.049 Y44.812 E4080.07515
G1 F789 X110.653 Y44.603 E4080.11201
G1 F792.2 X110.224 Y44.498 E4080.14822
G1 F793.8 X109.772 Y44.498 E4080.1852
G1 F790.6 X109.343 Y44.603 E4080.22148
G1 F789 X108.948 Y44.811 E4080.25823
G1 F790.6 X108.62 Y45.103 E4080.29431
G1 F793.8 X108.36 Y45.48 E4080.33178
G1 F789 X108.207 Y45.885 E4080.36742
G1 F785.8 X108.152 Y46.332 E4080.40464
G1 X108.207 Y46.779 E4080.44187
G1 F789 X108.36 Y47.184 E4080.4775
G1 F793.8 X108.62 Y47.561 E4080.51497
G1 F792.2 X108.949 Y47.852 E4080.55099
G1 F785.8 X109.344 Y48.059 E4080.58784
G1 X109.772 Y48.166 E4080.62431
G1 F792.2 X110 Y48.166 E4080.643
G0 F12000 X110 Y47.723
;TYPE:WALL-OUTER
G1 F976.4 X109.827 Y47.723 E4080.65451
G1 X109.504 Y47.639 E4080.67671
G1 X109.199 Y47.482 E4080.69953
G1 X108.951 Y47.263 E4080.72154
G1 X108.757 Y46.983 E4080.7442
G1 X108.637 Y46.645 E4080.76805
G1 X108.601 Y46.307 E4080.79067
G1 X108.648 Y45.975 E4080.81297
G1 X108.757 Y45.681 E4080.83383
G1 X108.951 Y45.401 E4080.85649
G1 X109.202 Y45.179 E4080.87878
G1 X109.501 Y45.02 E4080.9013
G1 X109.827 Y44.941 E4080.92362
G1 X110.169 Y44.94 E4080.94637
G1 X110.519 Y45.03 E4080.97041
G1 X110.795 Y45.179 E4080.99127
G1 X111.046 Y45.402 E4081.01361
G1 X111.239 Y45.681 E4081.03617
G1 X111.358 Y45.994 E4081.05845
G1 X111.396 Y46.354 E4081.08253
G1 X111.364 Y46.643 E4081.10187
G1 X111.239 Y46.983 E4081.12597
G1 X111.046 Y47.262 E4081.14853
G1 X110.797 Y47.482 E4081.17064
G1 X110.492 Y47.639 E4081.19346
G1 X110.169 Y47.723 E4081.21566
G1 X110 Y47.723 E4081.2269
G0 F12000 X110 Y48.612
G1 F976.4 X110.276 Y48.612 E4081.24526
G1 X110.812 Y48.483 E4081.28193
G1 X111.305 Y48.222 E4081.31904
G1 X111.717 Y47.858 E4081.35561
G1 X112.037 Y47.394 E4081.3931
G1 X112.228 Y46.887 E4081.42914
G1 X112.298 Y46.332 E4081.46635
G1 X112.228 Y45.777 E4081.50356
G1 X112.037 Y45.27 E4081.5396
G1 X111.717 Y44.806 E4081.5771
G1 X111.305 Y44.442 E4081.61367
G1 X110.812 Y44.181 E4081.65077
G1 X110.276 Y44.053 E4081.68743
G1 X109.72 Y44.052 E4081.72442
G1 X109.184 Y44.181 E4081.76109
G1 X108.691 Y44.442 E4081.7982
G1 X108.284 Y44.806 E4081.83452
G1 X107.963 Y45.271 E4081.87211
G1 X107.768 Y45.777 E4081.90818
G1 X107.702 Y46.332 E4081.94536
G1 X107.768 Y46.887 E4081.98254
G1 X107.963 Y47.393 E4082.01861
G1 X108.284 Y47.858 E4082.05619
G1 X108.692 Y48.222 E4082.09257
G1 X109.184 Y48.483 E4082.12961
G1 X109.72 Y48.612 E4082.16629
G1 X110 Y48.612 E4082.18491
G1 F2700 E4077.18491
;MESH:NONMESH
G0 F300 Z12.6
G0 F12000 X110 Y48.305
G0 X108.455 Y47.708
G0 X107.557 Y48.331
G0 X96.944 Y48.33
G0 X94.724 Y48.166
;TIME_ELAPSED:3029.532989
;LAYER:31
;note -- min layer time used
;TYPE:WALL-INNER
;MESH:bump_plate.obj(1)
G1 F2700 E4082.18491
G1 F785.8 X95.152 Y48.059 E4082.22138
G1 F782.7 X95.549 Y47.852 E4082.25853
G1 F789 X95.88 Y47.559 E4082.29492
G1 F790.6 X96.138 Y47.185 E4082.33225
G1 X96.291 Y46.779 E4082.36789
G1 F787.4 X96.345 Y46.332 E4082.40503
G1 F785.8 X96.291 Y45.885 E4082.44224
G1 F787.4 X96.138 Y45.479 E4082.47803
G1 F789 X95.88 Y45.105 E4082.51543
G1 F790.6 X95.549 Y44.812 E4082.55175
G1 F789 X95.153 Y44.603 E4082.58861
G1 F792.2 X94.724 Y44.498 E4082.62482
G1 F793.8 X94.272 Y44.498 E4082.6618
G1 F790.6 X93.843 Y44.603 E4082.69808
G1 F789 X93.448 Y44.811 E4082.73483
G1 F790.6 X93.12 Y45.103 E4082.77091
G1 F793.8 X92.86 Y45.48 E4082.80838
G1 F789 X92.707 Y45.885 E4082.84402
G1 F785.8 X92.652 Y46.332 E4082.88124
G1 X92.707 Y46.779 E4082.91847
G1 F789 X92.86 Y47.184 E4082.9541
G1 F793.8 X93.12 Y47.561 E4082.99158
G1 F792.2 X93.449 Y47.852 E4083.02759
G1 F785.8 X93.844 Y48.059 E4083.06444
G1 X94.272 Y48.166 E4083.10091
G1 F792.2 X94.724 Y48.166 E4083.13797
G0 F12000 X94.669 Y47.723
;TYPE:WALL-OUTER
G1 F976.4 X94.327 Y47.723 E4083.16072
G1 X94.004 Y47.639 E4083.18292
G1 X93.699 Y47.482 E4083.20574
G1 X93.451 Y47.263 E4083.22774
G1 X93.257 Y46.983 E4083.2504
G1 X93.137 Y46.645 E4083.27426
G1 X93.101 Y46.307 E4083.29687
G1 X93.148 Y45.975 E4083.31918
G1 X93.257 Y45.681 E4083.34004
G1 X93.451 Y45.401 E4083.3627
G1 X93.702 Y45.179 E4083.38499
G1 X94.001 Y45.02 E4083.40751
G1 X94.327 Y44.941 E4083.42983
G1 X94.669 Y44.94 E4083.45258
G1 X95.019 Y45.03 E4083.47662
G1 X95.295 Y45.179 E4083.49748
G1 X95.546 Y45.402 E4083.51981
G1 X95.739 Y45.681 E4083.54238
G1 X95.858 Y45.994 E4083.56466
G1 X95.896 Y46.354 E4083.58874
G1 X95.864 Y46.643 E4083.60808
G1 X95.739 Y46.983 E4083.63217
G1 X95.546 Y47.262 E4083.65474
G1 X95.297 Y47.482 E4083.67684
G1 X94.992 Y47.639 E4083.69966
G1 X94.669 Y47.723 E4083.72186
G0 F12000 X94.776 Y48.612
G1 F976.4 X95.312 Y48.483 E4083.75854
G1 X95.805 Y48.222 E4083.79564
G1 X96.217 Y47.858 E4083.83221
G1 X96.537 Y47.394 E4083.86971
G1 X96.728 Y46.887 E4083.90575
G1 X96.798 Y46.332 E4083.94296
G1 X96.728 Y45.777 E4083.98017
G1 X96.537 Y45.27 E4084.01621
G1 X96.217 Y44.806 E4084.0537
G1 X95.805 Y44.442 E4084.09027
G1 X95.312 Y44.181 E4084.12738
G1 X94.776 Y44.053 E4084.16404
G1 X94.22 Y44.052 E4084.20102
G1 X93.684 Y44.181 E4084.2377
G1 X93.191 Y44.442 E4084.2748
G1 X92.784 Y44.806 E4084.31112
G1 X92.463 Y45.271 E4084.34871
G1 X92.268 Y45.777 E4084.38478
G1 X92.202 Y46.332 E4084.42196
G1 X92.268 Y46.887 E4084.45914
G1 X92.463 Y47.393 E4084.49521
G1 X92.784 Y47.858 E4084.5328
G1 X93.192 Y48.222 E4084.56917
G1 X93.684 Y48.483 E4084.60622
G1 X94.22 Y48.612 E4084.64289
G1 X94.776 Y48.612 E4084.67988
G1 F2700 E4079.67988
G0 F12000 X94.739 Y48.306
G0 X94.724 Y49.48
G0 X94.724 Y136.187
G0 X94.724 Y141.166
;TYPE:WALL-INNER
G1 F2700 E4084.67988
G1 F785.8 X95.152 Y141.059 E4084.71634
G1 F782.7 X95.549 Y140.852 E4084.7535
G1 F789 X95.88 Y140.559 E4084.78988
G1 F790.6 X96.138 Y140.185 E4084.82721
G1 X96.291 Y139.779 E4084.86285
G1 F787.4 X96.345 Y139.332 E4084.89999
G1 F785.8 X96.291 Y138.885 E4084.93721
G1 F787.4 X96.138 Y138.479 E4084.973
G1 F789 X95.88 Y138.105 E4085.0104
G1 F790.6 X95.549 Y137.812 E4085.04671
G1 F789 X95.153 Y137.603 E4085.08357
G1 F792.2 X94.724 Y137.498 E4085.11978
G1 F793.8 X94.272 Y137.498 E4085.15677
G1 F790.6 X93.843 Y137.603 E4085.19305
G1 F789 X93.448 Y137.811 E4085.2298
G1 F790.6 X93.12 Y138.103 E4085.26587
G1 F793.8 X92.86 Y138.48 E4085.30335
G1 F789 X92.707 Y138.885 E4085.33898
G1 F785.8 X92.652 Y139.332 E4085.37621
G1 X92.707 Y139.779 E4085.41343
G1 F789 X92.86 Y140.184 E4085.44907
G1 F793.8 X93.12 Y140.561 E4085.48654
G1 F792.2 X93.449 Y140.852 E4085.52255
G1 F785.8 X93.844 Y141.059 E4085.55941
G1 X94.272 Y141.166 E4085.59587
G1 F792.2 X94.724 Y141.166 E4085.63293
G0 F12000 X94.669 Y140.723
;TYPE:WALL-OUTER
G1 F976.4 X94.327 Y140.723 E4085.65568
G1 X94.004 Y140.639 E4085.67788
G1 X93.699 Y140.482 E4085.7007
G1 X93.451 Y140.263 E4085.72271
G1 X93.257 Y139.983 E4085.74537
G1 X93.137 Y139.645 E4085.76923
G1 X93.101 Y139.307 E4085.79184
G1 X93.148 Y138.975 E4085.81414
G1 X93.257 Y138.681 E4085.835
G1 X93.451 Y138.401 E4085.85766
G1 X93.702 Y138.179 E4085.87995
G1 X94.001 Y138.02 E4085.90248
G1 X94.327 Y137.941 E4085.92479
G1 X94.669 Y137.94 E4085.94754
G1 X95.019 Y138.03 E4085.97158
G1 X95.295 Y138.179 E4085.99245
G1 X95.546 Y138.402 E4086.01478
G1 X95.739 Y138.681 E4086.03735
G1 X95.858 Y138.994 E4086.05962
G1 X95.896 Y139.354 E4086.0837
G1 X95.864 Y139.643 E4086.10304
G1 X95.739 Y139.983 E4086.12714
G1 X95.546 Y140.262 E4086.14971
G1 X95.297 Y140.482 E4086.17181
G1 X94.992 Y140.639 E4086.19463
G1 X94.669 Y140.723 E4086.21683
G0 F12000 X94.776 Y141.612
G1 F976.4 X95.312 Y141.483 E4086.2535
G1 X95.805 Y141.222 E4086.29061
G1 X96.217 Y140.858 E4086.32718
G1 X96.537 Y140.394 E4086.36467
G1 X96.728 Y139.887 E4086.40071
G1 X96.798 Y139.332 E4086.43792
G1 X96.728 Y138.777 E4086.47514
G1 X96.537 Y138.27 E4086.51118
G1 X96.217 Y137.806 E4086.54867
G1 X95.805 Y137.442 E4086.58524
G1 X95.312 Y137.181 E4086.62235
G1 X94.776 Y137.053 E4086.659
G1 X94.22 Y137.052 E4086.69599
G1 X93.684 Y137.181 E4086.73266
G1 X93.191 Y137.442 E4086.76977
G1 X92.784 Y137.806 E4086.80609
G1 X92.463 Y138.271 E4086.84368
G1 X92.268 Y138.777 E4086.87975
G1 X92.202 Y139.332 E4086.91693
G1 X92.268 Y139.887 E4086.95411
G1 X92.463 Y140.393 E4086.99018
G1 X92.784 Y140.858 E4087.02777
G1 X93.192 Y141.222 E4087.06414
G1 X93.684 Y141.483 E4087.10119
G1 X94.22 Y141.612 E4087.13786
G1 X94.776 Y141.612 E4087.17484
G1 F2700 E4082.17484
;MESH:bump_plate.obj
G0 F12000 X94.739 Y141.306
G0 X96.045 Y140.708
G0 X96.944 Y141.33
G0 X107.557 Y141.331
G0 X110 Y141.166
;TYPE:WALL-INNER
G1 F2700 E4087.17484
G1 F793.8 X110.224 Y141.166 E4087.19317
G1 F785.8 X110.652 Y141.059 E4087.22963
G1 F782.7 X111.049 Y140.852 E4087.26679
G1 F789 X111.38 Y140.559 E4087.30318
G1 F790.6 X111.638 Y140.185 E4087.3405
G1 X111.791 Y139.779 E4087.37615
G1 F787.4 X111.845 Y139.332 E4087.41329
G1 F785.8 X111.791 Y138.885 E4087.4505
G1 F787.4 X111.638 Y138.479 E4087.48629
G1 F789 X111.38 Y138.105 E4087.52369
G1 F790.6 X111.049 Y137.812 E4087.56001
G1 F789 X110.653 Y137.603 E4087.59687
G1 F792.2 X110.224 Y137.498 E4087.63308
G1 F793.8 X109.772 Y137.498 E4087.67006
G1 F790.6 X109.343 Y137.603 E4087.70634
G1 F789 X108.948 Y137.811 E4087.74309
G1 F790.6 X108.62 Y138.103 E4087.77917
G1 F793.8 X108.36 Y138.48 E4087.81664
G1 F789 X108.207 Y138.885 E4087.85228
G1 F785.8 X108.152 Y139.332 E4087.8895
G1 X108.207 Y139.779 E4087.92673
G1 F789 X108.36 Y140.184 E4087.96236
G1 F793.8 X108.62 Y140.561 E4087.99983
G1 F792.2 X108.949 Y140.852 E4088.03585
G1 F785.8 X109.344 Y141.059 E4088.0727
G1 X109.772 Y141.166 E4088.10917
G1 F792.2 X110 Y141.166 E4088.12786
G0 F12000 X110 Y140.723
;TYPE:WALL-OUTER
G1 F976.4 X109.827 Y140.723 E4088.13937
G1 X109.504 Y140.639 E4088.16157
G1 X109.199 Y140.482 E4088.18439
G1 X108.951 Y140.263 E4088.2064
G1 X108.757 Y139.983 E4088.22906
G1 X108.637 Y139.645 E4088.25291
G1 X108.601 Y139.307 E4088.27553
G1 X108.648 Y138.975 E4088.29783
G1 X108.757 Y138.681 E4088.31869
G1 X108.951 Y138.401 E4088.34135
G1 X109.202 Y138.179 E4088.36364
G1 X109.501 Y138.02 E4088.38617
G1 X109.827 Y137.941 E4088.40848
G1 X110.169 Y137.94 E4088.43123
G1 X110.519 Y138.03 E4088.45527
G1 X110.795 Y138.179 E4088.47613
G1 X111.046 Y138.402 E4088.49847
G1 X111.239 Y138.681 E4088.52103
G1 X111.358 Y138.994 E4088.54331
G1 X111.396 Y139.354 E4088.56739
G1 X111.364 Y139.643 E4088.58673
G1 X111.239 Y139.983 E4088.61083
G1 X111.046 Y140.262 E4088.63339
G1 X110.797 Y140.482 E4088.6555
G1 X110.492 Y140.639 E4088.67832
G1 X110.169 Y140.723 E4088.70052
G1 X110 Y140.723 E4088.71176
G0 F12000 X110 Y141.612
G1 F976.4 X110.276 Y141.612 E4088.73012
G1 X110.812 Y141.483 E4088.76679
G1 X111.305 Y141.222 E4088.8039
G1 X111.717 Y140.858 E4088.84047
G1 X112.037 Y140.394 E4088.87796
G1 X112.228 Y139.887 E4088.914
G1 X112.298 Y139.332 E4088.95121
G1 X112.228 Y138.777 E4088.98842
G1 X112.037 Y138.27 E4089.02446
G1 X111.717 Y137.806 E4089.06196
G1 X111.305 Y137.442 E4089.09853
G1 X110.812 Y137.181 E4089.13563
G1 X110.276 Y137.053 E4089.17229
G1 X109.72 Y137.052 E4089.20928
G1 X109.184 Y137.181 E4089.24595
G1 X108.691 Y137.442 E4089.28306
G1 X108.284 Y137.806 E4089.31938
G1 X107.963 Y138.271 E4089.35697
G1 X107.768 Y138.777 E4089.39304
G1 X107.702 Y139.332 E4089.43022
G1 X107.768 Y139.887 E4089.4674
G1 X107.963 Y140.393 E4089.50347
G1 X108.284 Y140.858 E4089.54105
G1 X108.692 Y141.222 E4089.57743
G1 X109.184 Y141.483 E4089.61447
G1 X109.72 Y141.612 E4089.65115
G1 X110 Y141.612 E4089.66977
G1 F2700 E4084.66977
G0 F12000 X110 Y141.305
G0 X109.06 Y140.692
G0 X108.763 Y140.429
G0 X108.535 Y140.099
G0 X108.396 Y139.729
G0 X108.347 Y139.334
G0 X108.396 Y138.937
G0 X108.535 Y138.567
G0 X108.74 Y138.271
G0 X110 Y137.282
G0 X110 Y136.187
G0 X110 Y49.48
G0 X110 Y48.166
;TYPE:WALL-INNER
G1 F2700 E4089.66977
G1 F793.8 X110.224 Y48.166 E4089.6881
G1 F785.8 X110.652 Y48.059 E4089.72456
G1 F782.7 X111.049 Y47.852 E4089.76172
G1 F789 X111.38 Y47.559 E4089.79811
G1 F790.6 X111.638 Y47.185 E4089.83543
G1 X111.791 Y46.779 E4089.87108
G1 F787.4 X111.845 Y46.332 E4089.90822
G1 F785.8 X111.791 Y45.885 E4089.94543
G1 F787.4 X111.638 Y45.479 E4089.98122
G1 F789 X111.38 Y45.105 E4090.01862
G1 F790.6 X111.049 Y44.812 E4090.05494
G1 F789 X110.653 Y44.603 E4090.09179
G1 F792.2 X110.224 Y44.498 E4090.12801
G1 F793.8 X109.772 Y44.498 E4090.16499
G1 F790.6 X109.343 Y44.603 E4090.20127
G1 F789 X108.948 Y44.811 E4090.23802
G1 F790.6 X108.62 Y45.103 E4090.2741
G1 F793.8 X108.36 Y45.48 E4090.31157
G1 F789 X108.207 Y45.885 E4090.34721
G1 F785.8 X108.152 Y46.332 E4090.38443
G1 X108.207 Y46.779 E4090.42165
G1 F789 X108.36 Y47.184 E4090.45729
G1 F793.8 X108.62 Y47.561 E4090.49476
G1 F792.2 X108.949 Y47.852 E4090.53077
G1 F785.8 X109.344 Y48.059 E4090.56763
G1 X109.772 Y48.166 E4090.6041
G1 F792.2 X110 Y48.166 E4090.62279
G0 F12000 X110 Y47.723
;TYPE:WALL-OUTER
G1 F976.4 X109.827 Y47.723 E4090.6343
G1 X109.504 Y47.639 E4090.6565
G1 X109.199 Y47.482 E4090.67932
G1 X108.951 Y47.263 E4090.70132
G1 X108.757 Y46.983 E4090.72398
G1 X108.637 Y46.645 E4090.74784
G1 X108.601 Y46.307 E4090.77045
G1 X108.648 Y45.975 E4090.79276
G1 X108.757 Y45.681 E4090.81362
G1 X108.951 Y45.401 E4090.83628
G1 X109.202 Y45.179 E4090.85857
G1 X109.501 Y45.02 E4090.88109
G1 X109.827 Y44.941 E4090.90341
G1 X110.169 Y44.94 E4090.92616
G1 X110.519 Y45.03 E4090.9502
G1 X110.795 Y45.179 E4090.97106
G1 X111.046 Y45.402 E4090.99339
G1 X111.239 Y45.681 E4091.01596
G1 X111.358 Y45.994 E4091.03824
G1 X111.396 Y46.354 E4091.06232
G1 X111.364 Y46.643 E4091.08166
G1 X111.239 Y46.983 E4091.10576
G1 X111.046 Y47.262 E4091.12832
G1 X110.797 Y47.482 E4091.15043
G1 X110.492 Y47.639 E4091.17324
G1 X110.169 Y47.723 E4091.19544
G1 X110 Y47.723 E4091.20669
G0 F12000 X110 Y48.612
G1 F976.4 X110.276 Y48.612 E4091.22505
G1 X110.812 Y48.483 E4091.26172
G1 X111.305 Y48.222 E4091.29883
G1 X111.717 Y47.858 E4091.3354
G1 X112.037 Y47.394 E4091.37289
G1 X112.228 Y46.887 E4091.40893
G1 X112.298 Y46.332 E4091.44614
G1 X112.228 Y45.777 E4091.48335
G1 X112.037 Y45.27 E4091.51939
G1 X111.717 Y44.806 E4091.55689
G1 X111.305 Y44.442 E4091.59346
G1 X110.812 Y44.181 E4091.63056
G1 X110.276 Y44.053 E4091.66722
G1 X109.72 Y44.052 E4091.70421
G1 X109.184 Y44.181 E4091.74088
G1 X108.691 Y44.442 E4091.77799
G1 X108.284 Y44.806 E4091.81431
G1 X107.963 Y45.271 E4091.85189
G1 X107.768 Y45.777 E4091.88797
G1 X107.702 Y46.332 E4091.92514
G1 X107.768 Y46.887 E4091.96232
G1 X107.963 Y47.393 E4091.9984
G1 X108.284 Y47.858 E4092.03598
G1 X108.692 Y48.222 E4092.07235
G1 X109.184 Y48.483 E4092.1094
G1 X109.72 Y48.612 E4092.14607
G1 X110 Y48.612 E4092.1647
G1 F2700 E4087.1647
;MESH:NONMESH
G0 F300 Z13
G0 F12000 X110 Y48.305
G0 X108.455 Y47.708
G0 X107.557 Y48.331
G0 X96.944 Y48.33
G0 X94.724 Y48.166
;TIME_ELAPSED:3043.793710
;LAYER:32
;note -- min layer time used
;TYPE:WALL-INNER
;MESH:bump_plate.obj(1)
G1 F2700 E4092.1647
G1 F785.8 X95.152 Y48.059 E4092.20116
G1 F782.7 X95.549 Y47.852 E4092.23832
G1 F789 X95.88 Y47.559 E4092.27471
G1 F790.6 X96.138 Y47.185 E4092.31203
G1 X96.291 Y46.779 E4092.34768
G1 F787.4 X96.345 Y46.332 E4092.38482
G1 F785.8 X96.291 Y45.885 E4092.42203
G1 F787.4 X96.138 Y45.479 E4092.45782
G1 F789 X95.88 Y45.105 E4092.49522
G1 F790.6 X95.549 Y44.812 E4092.53154
G1 F789 X95.153 Y44.603 E4092.5684
G1 F792.2 X94.724 Y44.498 E4092.60461
G1 F793.8 X94.272 Y44.498 E4092.64159
G1 F790.6 X93.843 Y44.603 E4092.67787
G1 F789 X93.448 Y44.811 E4092.71462
G1 F790.6 X93.12 Y45.103 E4092.7507
G1 F793.8 X92.86 Y45.48 E4092.78817
G1 F789 X92.707 Y45.885 E4092.82381
G1 F785.8 X92.652 Y46.332 E4092.86103
G1 X92.707 Y46.779 E4092.89825
G1 F789 X92.86 Y47.184 E4092.93389
G1 F793.8 X93.12 Y47.561 E4092.97136
G1 F792.2 X93.449 Y47.852 E4093.00737
G1 F785.8 X93.844 Y48.059 E4093.04423
G1 X94.272 Y48.166 E4093.0807
G1 F792.2 X94.724 Y48.166 E4093.11775
G0 F12000 X94.669 Y47.723
;TYPE:WALL-OUTER
G1 F976.4 X94.327 Y47.723 E4093.1405
G1 X94.004 Y47.639 E4093.16271
G1 X93.699 Y47.482 E4093.18552
G1 X93.451 Y47.263 E4093.20753
G1 X93.257 Y46.983 E4093.23019
G1 X93.137 Y46.645 E4093.25405
G1 X93.1 Y46.332 E4093.27502
G1 X93.137 Y46.019 E4093.29598
G1 X93.257 Y45.681 E4093.31984
G1 X93.451 Y45.401 E4093.3425
G1 X93.702 Y45.179 E4093.36479
G1 X94.001 Y45.02 E4093.38732
G1 X94.327 Y44.941 E4093.40963
G1 X94.669 Y44.94 E4093.43238
G1 X95.019 Y45.03 E4093.45642
G1 X95.295 Y45.179 E4093.47728
G1 X95.546 Y45.402 E4093.49962
G1 X95.739 Y45.681 E4093.52219
G1 X95.858 Y45.994 E4093.54446
G1 X95.896 Y46.354 E4093.56854
G1 X95.864 Y46.643 E4093.58788
G1 X95.739 Y46.983 E4093.61198
G1 X95.546 Y47.262 E4093.63455
G1 X95.297 Y47.482 E4093.65665
G1 X94.992 Y47.639 E4093.67947
G1 X94.669 Y47.723 E4093.70167
G0 F12000 X94.776 Y48.612
G1 F976.4 X95.312 Y48.483 E4093.73834
G1 X95.805 Y48.222 E4093.77545
G1 X96.217 Y47.858 E4093.81202
G1 X96.537 Y47.394 E4093.84951
G1 X96.728 Y46.887 E4093.88555
G1 X96.798 Y46.332 E4093.92276
G1 X96.728 Y45.777 E4093.95998
G1 X96.537 Y45.27 E4093.99601
G1 X96.217 Y44.806 E4094.03351
G1 X95.805 Y44.442 E4094.07008
G1 X95.312 Y44.181 E4094.10719
G1 X94.776 Y44.053 E4094.14384
G1 X94.22 Y44.052 E4094.18083
G1 X93.684 Y44.181 E4094.2175
G1 X93.191 Y44.442 E4094.25461
G1 X92.784 Y44.806 E4094.29093
G1 X92.463 Y45.271 E4094.32852
G1 X92.268 Y45.777 E4094.36459
G1 X92.202 Y46.332 E4094.40177
G1 X92.268 Y46.887 E4094.43895
G1 X92.463 Y47.393 E4094.47502
G1 X92.784 Y47.858 E4094.51261
G1 X93.192 Y48.222 E4094.54898
G1 X93.684 Y48.483 E4094.58602
G1 X94.22 Y48.612 E4094.6227
G1 X94.776 Y48.612 E4094.65968
G1 F2700 E4089.65968
G0 F12000 X94.739 Y48.306
G0 X94.724 Y49.48
G0 X94.724 Y136.187
G0 X94.724 Y141.166
;TYPE:WALL-INNER
G1 F2700 E4094.65968
G1 F785.8 X95.152 Y141.059 E4094.69615
G1 F782.7 X95.549 Y140.852 E4094.7333
G1 F789 X95.88 Y140.559 E4094.76969
G1 F790.6 X96.138 Y140.185 E4094.80702
G1 X96.291 Y139.779 E4094.84266
G1 F787.4 X96.345 Y139.332 E4094.8798
G1 F785.8 X96.291 Y138.885 E4094.91701
G1 F787.4 X96.138 Y138.479 E4094.9528
G1 F789 X95.88 Y138.105 E4094.9902
G1 F790.6 X95.549 Y137.812 E4095.02652
G1 F789 X95.153 Y137.603 E4095.06338
G1 F792.2 X94.724 Y137.498 E4095.09959
G1 F793.8 X94.272 Y137.498 E4095.13657
G1 F790.6 X93.843 Y137.603 E4095.17285
G1 F789 X93.448 Y137.811 E4095.2096
G1 F790.6 X93.12 Y138.103 E4095.24568
G1 F793.8 X92.86 Y138.48 E4095.28315
G1 F789 X92.707 Y138.885 E4095.31879
G1 F785.8 X92.652 Y139.332 E4095.35601
G1 X92.707 Y139.779 E4095.39324
G1 F789 X92.86 Y140.184 E4095.42888
G1 F793.8 X93.12 Y140.561 E4095.46635
G1 F792.2 X93.449 Y140.852 E4095.50236
G1 F785.8 X93.844 Y141.059 E4095.53922
G1 X94.272 Y141.166 E4095.57568
G1 F792.2 X94.724 Y141.166 E4095.61274
G0 F12000 X94.669 Y140.723
;TYPE:WALL-OUTER
G1 F976.4 X94.327 Y140.723 E4095.63549
G1 X94.004 Y140.639 E4095.65769
G1 X93.699 Y140.482 E4095.68051
G1 X93.451 Y140.263 E4095.70252
G1 X93.257 Y139.983 E4095.72517
G1 X93.137 Y139.645 E4095.74903
G1 X93.101 Y139.307 E4095.77164
G1 X93.148 Y138.975 E4095.79395
G1 X93.257 Y138.681 E4095.81481
G1 X93.451 Y138.401 E4095.83747
G1 X93.702 Y138.179 E4095.85976
G1 X94.001 Y138.02 E4095.88228
G1 X94.327 Y137.941 E4095.9046
G1 X94.669 Y137.94 E4095.92735
G1 X95.019 Y138.03 E4095.95139
G1 X95.295 Y138.179 E4095.97225
G1 X95.546 Y138.402 E4095.99459
G1 X95.739 Y138.681 E4096.01715
G1 X95.858 Y138.994 E4096.03943
G1 X95.896 Y139.354 E4096.06351
G1 X95.864 Y139.643 E4096.08285
G1 X95.739 Y139.983 E4096.10695
G1 X95.546 Y140.262 E4096.12951
G1 X95.297 Y140.482 E4096.15162
G1 X94.992 Y140.639 E4096.17443
G1 X94.669 Y140.723 E4096.19664
G0 F12000 X94.776 Y141.612
G1 F976.4 X95.312 Y141.483 E4096.23331
G1 X95.805 Y141.222 E4096.27041
G1 X96.217 Y140.858 E4096.30699
G1 X96.537 Y140.394 E4096.34448
G1 X96.728 Y139.887 E4096.38052
G1 X96.798 Y139.332 E4096.41773
G1 X96.728 Y138.777 E4096.45494
G1 X96.537 Y138.27 E4096.49098
G1 X96.217 Y137.806 E4096.52847
G1 X95.805 Y137.442 E4096.56505
G1 X95.312 Y137.181 E4096.60215
G1 X94.776 Y137.053 E4096.63881
G1 X94.22 Y137.052 E4096.67579
G1 X93.684 Y137.181 E4096.71247
G1 X93.191 Y137.442 E4096.74957
G1 X92.784 Y137.806 E4096.7859
G1 X92.463 Y138.271 E4096.82348
G1 X92.268 Y138.777 E4096.85955
G1 X92.202 Y139.332 E4096.89673
G1 X92.268 Y139.887 E4096.93391
G1 X92.463 Y140.393 E4096.96998
G1 X92.784 Y140.858 E4097.00757
G1 X93.192 Y141.222 E4097.04394
G1 X93.684 Y141.483 E4097.08099
G1 X94.22 Y141.612 E4097.11766
G1 X94.776 Y141.612 E4097.15465
G1 F2700 E4092.15465
;MESH:bump_plate.obj
G0 F12000 X94.739 Y141.306
G0 X96.045 Y140.708
G0 X96.944 Y141.33
G0 X107.557 Y141.331
G0 X110 Y141.166
;TYPE:WALL-INNER
G1 F2700 E4097.15465
G1 F793.8 X110.224 Y141.166 E4097.17298
G1 F785.8 X110.652 Y141.059 E4097.20944
G1 F782.7 X111.049 Y140.852 E4097.24659
G1 F789 X111.38 Y140.559 E4097.28298
G1 F790.6 X111.638 Y140.185 E4097.32031
G1 X111.791 Y139.779 E4097.35595
G1 F787.4 X111.845 Y139.332 E4097.39309
G1 F785.8 X111.791 Y138.885 E4097.43031
G1 F787.4 X111.638 Y138.479 E4097.46609
G1 F789 X111.38 Y138.105 E4097.5035
G1 F790.6 X111.049 Y137.812 E4097.53981
G1 F789 X110.653 Y137.603 E4097.57667
G1 F792.2 X110.224 Y137.498 E4097.61288
G1 F793.8 X109.772 Y137.498 E4097.64986
G1 F790.6 X109.343 Y137.603 E4097.68615
G1 F789 X108.948 Y137.811 E4097.7229
G1 F790.6 X108.62 Y138.103 E4097.75897
G1 F793.8 X108.36 Y138.48 E4097.79644
G1 F789 X108.207 Y138.885 E4097.83208
G1 F785.8 X108.152 Y139.332 E4097.86931
G1 X108.207 Y139.779 E4097.90653
G1 F789 X108.36 Y140.184 E4097.94217
G1 F793.8 X108.62 Y140.561 E4097.97964
G1 F792.2 X108.949 Y140.852 E4098.01565
G1 F785.8 X109.344 Y141.059 E4098.05251
G1 X109.772 Y141.166 E4098.08897
G1 F792.2 X110 Y141.166 E4098.10767
G0 F12000 X110 Y140.723
;TYPE:WALL-OUTER
G1 F976.4 X109.827 Y140.723 E4098.11917
G1 X109.504 Y140.639 E4098.14137
G1 X109.199 Y140.482 E4098.16419
G1 X108.951 Y140.263 E4098.1862
G1 X108.757 Y139.983 E4098.20886
G1 X108.637 Y139.645 E4098.23272
G1 X108.601 Y139.307 E4098.25533
G1 X108.648 Y138.975 E4098.27764
G1 X108.757 Y138.681 E4098.29849
G1 X108.951 Y138.401 E4098.32115
G1 X109.202 Y138.179 E4098.34344
G1 X109.501 Y138.02 E4098.36597
G1 X109.827 Y137.941 E4098.38828
G1 X110.169 Y137.94 E4098.41103
G1 X110.519 Y138.03 E4098.43507
G1 X110.795 Y138.179 E4098.45594
G1 X111.046 Y138.402 E4098.47827
G1 X111.239 Y138.681 E4098.50084
G1 X111.358 Y138.994 E4098.52311
G1 X111.396 Y139.354 E4098.54719
G1 X111.364 Y139.643 E4098.56654
G1 X111.239 Y139.983 E4098.59063
G1 X111.046 Y140.262 E4098.6132
G1 X110.797 Y140.482 E4098.6353
G1 X110.492 Y140.639 E4098.65812
G1 X110.169 Y140.723 E4098.68032
G1 X110 Y140.723 E4098.69156
G0 F12000 X110 Y141.612
G1 F976.4 X110.276 Y141.612 E4098.70992
G1 X110.812 Y141.483 E4098.7466
G1 X111.305 Y141.222 E4098.7837
G1 X111.717 Y140.858 E4098.82027
G1 X112.037 Y140.394 E4098.85777
G1 X112.228 Y139.887 E4098.89381
G1 X112.298 Y139.332 E4098.93102
G1 X112.228 Y138.777 E4098.96823
G1 X112.037 Y138.27 E4099.00427
G1 X111.717 Y137.806 E4099.04176
G1 X111.305 Y137.442 E4099.07833
G1 X110.812 Y137.181 E4099.11544
G1 X110.276 Y137.053 E4099.1521
G1 X109.72 Y137.052 E4099.18908
G1 X109.184 Y137.181 E4099.22576
G1 X108.691 Y137.442 E4099.26286
G1 X108.284 Y137.806 E4099.29918
G1 X107.963 Y138.271 E4099.33677
G1 X107.768 Y138.777 E4099.37284
G1 X107.702 Y139.332 E4099.41002
G1 X107.768 Y139.887 E4099.4472
G1 X107.963 Y140.393 E4099.48327
G1 X108.284 Y140.858 E4099.52086
G1 X108.692 Y141.222 E4099.55723
G1 X109.184 Y141.483 E4099.59428
G1 X109.72 Y141.612 E4099.63095
G1 X110 Y141.612 E4099.64958
G1 F2700 E4094.64958
G0 F12000 X110 Y141.305
G0 X109.06 Y140.692
G0 X108.763 Y140.429
G0 X108.535 Y140.099
G0 X108.396 Y139.729
G0 X108.347 Y139.334
G0 X108.396 Y138.937
G0 X108.535 Y138.567
G0 X108.74 Y138.271
G0 X110 Y137.282
G0 X110 Y136.187
G0 X110 Y49.48
G0 X110 Y48.166
;TYPE:WALL-INNER
G1 F2700 E4099.64958
G1 F793.8 X110.224 Y48.166 E4099.6679
G1 F785.8 X110.652 Y48.059 E4099.70437
G1 F782.7 X111.049 Y47.852 E4099.74152
G1 F789 X111.38 Y47.559 E4099.77791
G1 F790.6 X111.638 Y47.185 E4099.81524
G1 X111.791 Y46.779 E4099.85088
G1 F787.4 X111.845 Y46.332 E4099.88802
G1 F785.8 X111.791 Y45.885 E4099.92523
G1 F787.4 X111.638 Y45.479 E4099.96102
G1 F789 X111.38 Y45.105 E4099.99842
G1 F790.6 X111.049 Y44.812 E4100.03474
G1 F789 X110.653 Y44.603 E4100.0716
G1 F792.2 X110.224 Y44.498 E4100.10781
G1 F793.8 X109.772 Y44.498 E4100.14479
G1 F790.6 X109.343 Y44.603 E4100.18108
G1 F789 X108.948 Y44.811 E4100.21783
G1 F790.6 X108.62 Y45.103 E4100.2539
G1 F793.8 X108.36 Y45.48 E4100.29137
G1 F789 X108.207 Y45.885 E4100.32701
G1 F785.8 X108.152 Y46.332 E4100.36424
G1 X108.207 Y46.779 E4100.40146
G1 F789 X108.36 Y47.184 E4100.4371
G1 F793.8 X108.62 Y47.561 E4100.47457
G1 F792.2 X108.949 Y47.852 E4100.51058
G1 F785.8 X109.344 Y48.059 E4100.54744
G1 X109.772 Y48.166 E4100.5839
G1 F792.2 X110 Y48.166 E4100.60259
G0 F12000 X110 Y47.723
;TYPE:WALL-OUTER
G1 F976.4 X109.827 Y47.723 E4100.6141
G1 X109.504 Y47.639 E4100.6363
G1 X109.199 Y47.482 E4100.65912
G1 X108.951 Y47.263 E4100.68113
G1 X108.757 Y46.983 E4100.70379
G1 X108.637 Y46.645 E4100.72765
G1 X108.601 Y46.307 E4100.75026
G1 X108.648 Y45.975 E4100.77256
G1 X108.757 Y45.681 E4100.79342
G1 X108.951 Y45.401 E4100.81608
G1 X109.202 Y45.179 E4100.83837
G1 X109.501 Y45.02 E4100.8609
G1 X109.827 Y44.941 E4100.88321
G1 X110.169 Y44.94 E4100.90596
G1 X110.519 Y45.03 E4100.93
G1 X110.795 Y45.179 E4100.95087
G1 X111.046 Y45.402 E4100.9732
G1 X111.239 Y45.681 E4100.99577
G1 X111.358 Y45.994 E4101.01804
G1 X111.396 Y46.354 E4101.04212
G1 X111.364 Y46.643 E4101.06146
G1 X111.239 Y46.983 E4101.08556
G1 X111.046 Y47.262 E4101.10813
G1 X110.797 Y47.482 E4101.13023
G1 X110.492 Y47.639 E4101.15305
G1 X110.169 Y47.723 E4101.17525
G1 X110 Y47.723 E4101.18649
G0 F12000 X110 Y48.612
G1 F976.4 X110.276 Y48.612 E4101.20485
G1 X110.812 Y48.483 E4101.24152
G1 X111.305 Y48.222 E4101.27863
G1 X111.717 Y47.858 E4101.3152
G1 X112.037 Y47.394 E4101.3527
G1 X112.228 Y46.887 E4101.38874
G1 X112.298 Y46.332 E4101.42595
G1 X112.228 Y45.777 E4101.46316
G1 X112.037 Y45.27 E4101.4992
G1 X111.717 Y44.806 E4101.53669
G1 X111.305 Y44.442 E4101.57326
G1 X110.812 Y44.181 E4101.61037
G1 X110.276 Y44.053 E4101.64703
G1 X109.72 Y44.052 E4101.68401
G1 X109.184 Y44.181 E4101.72068
G1 X108.691 Y44.442 E4101.75779
G1 X108.284 Y44.806 E4101.79411
G1 X107.963 Y45.271 E4101.8317
G1 X107.768 Y45.777 E4101.86777
G1 X107.702 Y46.332 E4101.90495
G1 X107.768 Y46.887 E4101.94213
G1 X107.963 Y47.393 E4101.9782
G1 X108.284 Y47.858 E4102.01579
G1 X108.692 Y48.222 E4102.05216
G1 X109.184 Y48.483 E4102.08921
G1 X109.72 Y48.612 E4102.12588
G1 X110 Y48.612 E4102.14451
G1 F2700 E4097.14451
;MESH:NONMESH
G0 F300 Z13.4
G0 F12000 X110 Y48.305
G0 X108.455 Y47.708
G0 X107.557 Y48.331
G0 X96.944 Y48.33
G0 X94.724 Y48.166
;TIME_ELAPSED:3058.054430
;LAYER:33
;note -- min layer time used
;TYPE:WALL-INNER
;MESH:bump_plate.obj(1)
G1 F2700 E4102.14451
G1 F785.8 X95.152 Y48.059 E4102.18097
G1 F782.7 X95.549 Y47.852 E4102.21812
G1 F789 X95.88 Y47.559 E4102.25451
G1 F790.6 X96.138 Y47.185 E4102.29184
G1 X96.291 Y46.779 E4102.32748
G1 F787.4 X96.345 Y46.332 E4102.36462
G1 F785.8 X96.291 Y45.885 E4102.40184
G1 F787.4 X96.138 Y45.479 E4102.43762
G1 F789 X95.88 Y45.105 E4102.47503
G1 F790.6 X95.549 Y44.812 E4102.51134
G1 F789 X95.153 Y44.603 E4102.5482
G1 F792.2 X94.724 Y44.498 E4102.58441
G1 F793.8 X94.272 Y44.498 E4102.62139
G1 F790.6 X93.843 Y44.603 E4102.65768
G1 F789 X93.448 Y44.811 E4102.69443
G1 F790.6 X93.12 Y45.103 E4102.7305
G1 F793.8 X92.86 Y45.48 E4102.76797
G1 F789 X92.707 Y45.885 E4102.80361
G1 F785.8 X92.652 Y46.332 E4102.84084
G1 X92.707 Y46.779 E4102.87806
G1 F789 X92.86 Y47.184 E4102.9137
G1 F793.8 X93.12 Y47.561 E4102.95117
G1 F792.2 X93.449 Y47.852 E4102.98718
G1 F785.8 X93.844 Y48.059 E4103.02404
G1 X94.272 Y48.166 E4103.0605
G1 F792.2 X94.724 Y48.166 E4103.09756
G0 F12000 X94.669 Y47.723
;TYPE:WALL-OUTER
G1 F976.4 X94.327 Y47.723 E4103.12031
G1 X94.004 Y47.639 E4103.14251
G1 X93.699 Y47.482 E4103.16533
G1 X93.451 Y47.263 E4103.18734
G1 X93.257 Y46.983 E4103.21
G1 X93.137 Y46.645 E4103.23386
G1 X93.1 Y46.332 E4103.25482
G1 X93.137 Y46.019 E4103.27579
G1 X93.257 Y45.681 E4103.29965
G1 X93.451 Y45.401 E4103.32231
G1 X93.702 Y45.179 E4103.3446
G1 X94.001 Y45.02 E4103.36712
G1 X94.327 Y44.941 E4103.38944
G1 X94.669 Y44.94 E4103.41219
G1 X95.019 Y45.03 E4103.43623
G1 X95.295 Y45.179 E4103.45709
G1 X95.546 Y45.402 E4103.47942
G1 X95.739 Y45.681 E4103.50199
G1 X95.858 Y45.994 E4103.52427
G1 X95.896 Y46.354 E4103.54835
G1 X95.864 Y46.643 E4103.56769
G1 X95.739 Y46.983 E4103.59179
G1 X95.546 Y47.262 E4103.61435
G1 X95.297 Y47.482 E4103.63646
G1 X94.992 Y47.639 E4103.65927
G1 X94.669 Y47.723 E4103.68147
G0 F12000 X94.776 Y48.612
G1 F976.4 X95.312 Y48.483 E4103.71815
G1 X95.805 Y48.222 E4103.75525
G1 X96.217 Y47.858 E4103.79182
G1 X96.537 Y47.394 E4103.82932
G1 X96.728 Y46.887 E4103.86536
G1 X96.798 Y46.332 E4103.90257
G1 X96.728 Y45.777 E4103.93978
G1 X96.537 Y45.27 E4103.97582
G1 X96.217 Y44.806 E4104.01331
G1 X95.805 Y44.442 E4104.04988
G1 X95.312 Y44.181 E4104.08699
G1 X94.776 Y44.053 E4104.12365
G1 X94.22 Y44.052 E4104.16063
G1 X93.684 Y44.181 E4104.19731
G1 X93.191 Y44.442 E4104.23441
G1 X92.784 Y44.806 E4104.27074
G1 X92.463 Y45.271 E4104.30832
G1 X92.268 Y45.777 E4104.34439
G1 X92.202 Y46.332 E4104.38157
G1 X92.268 Y46.887 E4104.41875
G1 X92.463 Y47.393 E4104.45482
G1 X92.784 Y47.858 E4104.49241
G1 X93.192 Y48.222 E4104.52878
G1 X93.684 Y48.483 E4104.56583
G1 X94.22 Y48.612 E4104.6025
G1 X94.776 Y48.612 E4104.63949
G1 F2700 E4099.63949
G0 F12000 X94.739 Y48.306
G0 X94.724 Y49.48
G0 X94.724 Y136.187
G0 X94.724 Y141.166
;TYPE:WALL-INNER
G1 F2700 E4104.63949
G1 F785.8 X95.152 Y141.059 E4104.67595
G1 F782.7 X95.549 Y140.852 E4104.71311
G1 F789 X95.88 Y140.559 E4104.74949
G1 F790.6 X96.138 Y140.185 E4104.78682
G1 X96.291 Y139.779 E4104.82247
G1 F787.4 X96.345 Y139.332 E4104.8596
G1 F785.8 X96.291 Y138.885 E4104.89682
G1 F787.4 X96.138 Y138.479 E4104.93261
G1 F789 X95.88 Y138.105 E4104.97001
G1 F790.6 X95.549 Y137.812 E4105.00632
G1 F789 X95.153 Y137.603 E4105.04318
G1 F792.2 X94.724 Y137.498 E4105.07939
G1 F793.8 X94.272 Y137.498 E4105.11638
G1 F790.6 X93.843 Y137.603 E4105.15266
G1 F789 X93.448 Y137.811 E4105.18941
G1 F790.6 X93.12 Y138.103 E4105.22549
G1 F793.8 X92.86 Y138.48 E4105.26296
G1 F789 X92.707 Y138.885 E4105.29859
G1 F785.8 X92.652 Y139.332 E4105.33582
G1 X92.707 Y139.779 E4105.37304
G1 F789 X92.86 Y140.184 E4105.40868
G1 F793.8 X93.12 Y140.561 E4105.44615
G1 F792.2 X93.449 Y140.852 E4105.48216
G1 F785.8 X93.844 Y141.059 E4105.51902
G1 X94.272 Y141.166 E4105.55548
G1 F792.2 X94.724 Y141.166 E4105.59254
G0 F12000 X94.669 Y140.723
;TYPE:WALL-OUTER
G1 F976.4 X94.327 Y140.723 E4105.61529
G1 X94.004 Y140.639 E4105.63749
G1 X93.699 Y140.482 E4105.66031
G1 X93.451 Y140.263 E4105.68232
G1 X93.257 Y139.983 E4105.70498
G1 X93.137 Y139.645 E4105.72884
G1 X93.101 Y139.307 E4105.75145
G1 X93.148 Y138.975 E4105.77375
G1 X93.257 Y138.681 E4105.79461
G1 X93.451 Y138.401 E4105.81727
G1 X93.702 Y138.179 E4105.83956
G1 X94.001 Y138.02 E4105.86209
G1 X94.327 Y137.941 E4105.8844
G1 X94.669 Y137.94 E4105.90715
G1 X95.019 Y138.03 E4105.93119
G1 X95.295 Y138.179 E4105.95206
G1 X95.546 Y138.402 E4105.97439
G1 X95.739 Y138.681 E4105.99696
G1 X95.858 Y138.994 E4106.01923
G1 X95.896 Y139.354 E4106.04331
G1 X95.864 Y139.643 E4106.06265
G1 X95.739 Y139.983 E4106.08675
G1 X95.546 Y140.262 E4106.10932
G1 X95.297 Y140.482 E4106.13142
G1 X94.992 Y140.639 E4106.15424
G1 X94.669 Y140.723 E4106.17644
G0 F12000 X94.776 Y141.612
G1 F976.4 X95.312 Y141.483 E4106.21311
G1 X95.805 Y141.222 E4106.25022
G1 X96.217 Y140.858 E4106.28679
G1 X96.537 Y140.394 E4106.32428
G1 X96.728 Y139.887 E4106.36032
G1 X96.798 Y139.332 E4106.39754
G1 X96.728 Y138.777 E4106.43475
G1 X96.537 Y138.27 E4106.47079
G1 X96.217 Y137.806 E4106.50828
G1 X95.805 Y137.442 E4106.54485
G1 X95.312 Y137.181 E4106.58196
G1 X94.776 Y137.053 E4106.61861
G1 X94.22 Y137.052 E4106.6556
G1 X93.684 Y137.181 E4106.69227
G1 X93.191 Y137.442 E4106.72938
G1 X92.784 Y137.806 E4106.7657
G1 X92.463 Y138.271 E4106.80329
G1 X92.268 Y138.777 E4106.83936
G1 X92.202 Y139.332 E4106.87654
G1 X92.268 Y139.887 E4106.91372
G1 X92.463 Y140.393 E4106.94979
G1 X92.784 Y140.858 E4106.98738
G1 X93.192 Y141.222 E4107.02375
G1 X93.684 Y141.483 E4107.0608
G1 X94.22 Y141.612 E4107.09747
G1 X94.776 Y141.612 E4107.13445
G1 F2700 E4102.13445
;MESH:bump_plate.obj
G0 F12000 X94.739 Y141.306
G0 X96.045 Y140.708
G0 X96.944 Y141.33
G0 X107.557 Y141.331
G0 X110 Y141.166
;TYPE:WALL-INNER
G1 F2700 E4107.13445
G1 F793.8 X110.224 Y141.166 E4107.15278
G1 F785.8 X110.652 Y141.059 E4107.18925
G1 F782.7 X111.049 Y140.852 E4107.2264
G1 F789 X111.38 Y140.559 E4107.26279
G1 F790.6 X111.638 Y140.185 E4107.30011
G1 X111.791 Y139.779 E4107.33576
G1 F787.4 X111.845 Y139.332 E4107.3729
G1 F785.8 X111.791 Y138.885 E4107.41011
G1 F787.4 X111.638 Y138.479 E4107.4459
G1 F789 X111.38 Y138.105 E4107.4833
G1 F790.6 X111.049 Y137.812 E4107.51962
G1 F789 X110.653 Y137.603 E4107.55648
G1 F792.2 X110.224 Y137.498 E4107.59269
G1 F793.8 X109.772 Y137.498 E4107.62967
G1 F790.6 X109.343 Y137.603 E4107.66595
G1 F789 X108.948 Y137.811 E4107.7027
G1 F790.6 X108.62 Y138.103 E4107.73878
G1 F793.8 X108.36 Y138.48 E4107.77625
G1 F789 X108.207 Y138.885 E4107.81189
G1 F785.8 X108.152 Y139.332 E4107.84911
G1 X108.207 Y139.779 E4107.88634
G1 F789 X108.36 Y140.184 E4107.92197
G1 F793.8 X108.62 Y140.561 E4107.95945
G1 F792.2 X108.949 Y140.852 E4107.99546
G1 F785.8 X109.344 Y141.059 E4108.03231
G1 X109.772 Y141.166 E4108.06878
G1 F792.2 X110 Y141.166 E4108.08747
G0 F12000 X110 Y140.723
;TYPE:WALL-OUTER
G1 F976.4 X109.827 Y140.723 E4108.09898
G1 X109.504 Y140.639 E4108.12118
G1 X109.199 Y140.482 E4108.144
G1 X108.951 Y140.263 E4108.16601
G1 X108.757 Y139.983 E4108.18867
G1 X108.637 Y139.645 E4108.21253
G1 X108.601 Y139.307 E4108.23514
G1 X108.648 Y138.975 E4108.25744
G1 X108.757 Y138.681 E4108.2783
G1 X108.951 Y138.401 E4108.30096
G1 X109.202 Y138.179 E4108.32325
G1 X109.501 Y138.02 E4108.34578
G1 X109.827 Y137.941 E4108.36809
G1 X110.169 Y137.94 E4108.39084
G1 X110.519 Y138.03 E4108.41488
G1 X110.795 Y138.179 E4108.43574
G1 X111.046 Y138.402 E4108.45808
G1 X111.239 Y138.681 E4108.48064
G1 X111.358 Y138.994 E4108.50292
G1 X111.396 Y139.354 E4108.527
G1 X111.364 Y139.643 E4108.54634
G1 X111.239 Y139.983 E4108.57044
G1 X111.046 Y140.262 E4108.593
G1 X110.797 Y140.482 E4108.61511
G1 X110.492 Y140.639 E4108.63793
G1 X110.169 Y140.723 E4108.66013
G1 X110 Y140.723 E4108.67137
G0 F12000 X110 Y141.612
G1 F976.4 X110.276 Y141.612 E4108.68973
G1 X110.812 Y141.483 E4108.7264
G1 X111.305 Y141.222 E4108.76351
G1 X111.717 Y140.858 E4108.80008
G1 X112.037 Y140.394 E4108.83757
G1 X112.228 Y139.887 E4108.87361
G1 X112.298 Y139.332 E4108.91082
G1 X112.228 Y138.777 E4108.94803
G1 X112.037 Y138.27 E4108.98407
G1 X111.717 Y137.806 E4109.02157
G1 X111.305 Y137.442 E4109.05814
G1 X110.812 Y137.181 E4109.09525
G1 X110.276 Y137.053 E4109.1319
G1 X109.72 Y137.052 E4109.16889
G1 X109.184 Y137.181 E4109.20556
G1 X108.691 Y137.442 E4109.24267
G1 X108.284 Y137.806 E4109.27899
G1 X107.963 Y138.271 E4109.31658
G1 X107.768 Y138.777 E4109.35265
G1 X107.702 Y139.332 E4109.38983
G1 X107.768 Y139.887 E4109.42701
G1 X107.963 Y140.393 E4109.46308
G1 X108.284 Y140.858 E4109.50066
G1 X108.692 Y141.222 E4109.53704
G1 X109.184 Y141.483 E4109.57408
G1 X109.72 Y141.612 E4109.61076
G1 X110 Y141.612 E4109.62938
G1 F2700 E4104.62938
G0 F12000 X110 Y141.305
G0 X109.06 Y140.692
G0 X108.763 Y140.429
G0 X108.535 Y140.099
G0 X108.396 Y139.729
G0 X108.347 Y139.334
G0 X108.396 Y138.937
G0 X108.535 Y138.567
G0 X108.74 Y138.271
G0 X110 Y137.282
G0 X110 Y136.187
G0 X110 Y49.48
G0 X110 Y48.166
;TYPE:WALL-INNER
G1 F2700 E4109.62938
G1 F793.8 X110.224 Y48.166 E4109.64771
G1 F785.8 X110.652 Y48.059 E4109.68417
G1 F782.7 X111.049 Y47.852 E4109.72133
G1 F789 X111.38 Y47.559 E4109.75772
G1 F790.6 X111.638 Y47.185 E4109.79504
G1 X111.791 Y46.779 E4109.83069
G1 F787.4 X111.845 Y46.332 E4109.86783
G1 F785.8 X111.791 Y45.885 E4109.90504
G1 F787.4 X111.638 Y45.479 E4109.94083
G1 F789 X111.38 Y45.105 E4109.97823
G1 F790.6 X111.049 Y44.812 E4110.01455
G1 F789 X110.653 Y44.603 E4110.05141
G1 F792.2 X110.224 Y44.498 E4110.08762
G1 F793.8 X109.772 Y44.498 E4110.1246
G1 F790.6 X109.343 Y44.603 E4110.16088
G1 F789 X108.948 Y44.811 E4110.19763
G1 F790.6 X108.62 Y45.103 E4110.23371
G1 F793.8 X108.36 Y45.48 E4110.27118
G1 F789 X108.207 Y45.885 E4110.30682
G1 F785.8 X108.152 Y46.332 E4110.34404
G1 X108.207 Y46.779 E4110.38126
G1 F789 X108.36 Y47.184 E4110.4169
G1 F793.8 X108.62 Y47.561 E4110.45437
G1 F792.2 X108.949 Y47.852 E4110.49038
G1 F785.8 X109.344 Y48.059 E4110.52724
G1 X109.772 Y48.166 E4110.56371
G1 F792.2 X110 Y48.166 E4110.5824
G0 F12000 X110 Y47.723
;TYPE:WALL-OUTER
G1 F976.4 X109.827 Y47.723 E4110.59391
G1 X109.504 Y47.639 E4110.61611
G1 X109.199 Y47.482 E4110.63893
G1 X108.951 Y47.263 E4110.66094
G1 X108.757 Y46.983 E4110.6836
G1 X108.637 Y46.645 E4110.70745
G1 X108.601 Y46.307 E4110.73006
G1 X108.648 Y45.975 E4110.75237
G1 X108.757 Y45.681 E4110.77323
G1 X108.951 Y45.401 E4110.79589
G1 X109.202 Y45.179 E4110.81818
G1 X109.501 Y45.02 E4110.8407
G1 X109.827 Y44.941 E4110.86302
G1 X110.169 Y44.94 E4110.88577
G1 X110.519 Y45.03 E4110.90981
G1 X110.795 Y45.179 E4110.93067
G1 X111.046 Y45.402 E4110.95301
G1 X111.239 Y45.681 E4110.97557
G1 X111.358 Y45.994 E4110.99785
G1 X111.396 Y46.354 E4111.02193
G1 X111.364 Y46.643 E4111.04127
G1 X111.239 Y46.983 E4111.06537
G1 X111.046 Y47.262 E4111.08793
G1 X110.797 Y47.482 E4111.11004
G1 X110.492 Y47.639 E4111.13285
G1 X110.169 Y47.723 E4111.15506
G1 X110 Y47.723 E4111.1663
G0 F12000 X110 Y48.612
G1 F976.4 X110.276 Y48.612 E4111.18466
G1 X110.812 Y48.483 E4111.22133
G1 X111.305 Y48.222 E4111.25844
G1 X111.717 Y47.858 E4111.29501
G1 X112.037 Y47.394 E4111.3325
G1 X112.228 Y46.887 E4111.36854
G1 X112.298 Y46.332 E4111.40575
G1 X112.228 Y45.777 E4111.44296
G1 X112.037 Y45.27 E4111.479
G1 X111.717 Y44.806 E4111.5165
G1 X111.305 Y44.442 E4111.55307
G1 X110.812 Y44.181 E4111.59017
G1 X110.276 Y44.053 E4111.62683
G1 X109.72 Y44.052 E4111.66382
G1 X109.184 Y44.181 E4111.70049
G1 X108.691 Y44.442 E4111.7376
G1 X108.284 Y44.806 E4111.77392
G1 X107.963 Y45.271 E4111.8115
G1 X107.768 Y45.777 E4111.84758
G1 X107.702 Y46.332 E4111.88476
G1 X107.768 Y46.887 E4111.92193
G1 X107.963 Y47.393 E4111.95801
G1 X108.284 Y47.858 E4111.99559
G1 X108.692 Y48.222 E4112.03196
G1 X109.184 Y48.483 E4112.06901
G1 X109.72 Y48.612 E4112.10569
G1 X110 Y48.612 E4112.12431
G1 F2700 E4107.12431
;MESH:NONMESH
G0 F300 Z13.8
G0 F12000 X110 Y48.305
G0 X108.455 Y47.708
G0 X107.557 Y48.331
G0 X96.944 Y48.33
G0 X94.724 Y48.166
;TIME_ELAPSED:3072.315149
;LAYER:34
;note -- min layer time used
;TYPE:WALL-INNER
;MESH:bump_plate.obj(1)
G1 F2700 E4112.12431
G1 F785.8 X95.152 Y48.059 E4112.16077
G1 F782.7 X95.549 Y47.852 E4112.19793
G1 F789 X95.88 Y47.559 E4112.23432
G1 F790.6 X96.138 Y47.185 E4112.27164
G1 X96.291 Y46.779 E4112.30729
G1 F787.4 X96.345 Y46.332 E4112.34443
G1 F785.8 X96.291 Y45.885 E4112.38164
G1 F787.4 X96.138 Y45.479 E4112.41743
G1 F789 X95.88 Y45.105 E4112.45483
G1 F790.6 X95.549 Y44.812 E4112.49115
G1 F789 X95.153 Y44.603 E4112.52801
G1 F792.2 X94.724 Y44.498 E4112.56422
G1 F793.8 X94.272 Y44.498 E4112.6012
G1 F790.6 X93.843 Y44.603 E4112.63748
G1 F789 X93.448 Y44.811 E4112.67423
G1 F790.6 X93.12 Y45.103 E4112.71031
G1 F793.8 X92.86 Y45.48 E4112.74778
G1 F789 X92.707 Y45.885 E4112.78342
G1 F785.8 X92.652 Y46.332 E4112.82064
G1 X92.707 Y46.779 E4112.85787
G1 F789 X92.86 Y47.184 E4112.8935
G1 F793.8 X93.12 Y47.561 E4112.93097
G1 F792.2 X93.449 Y47.852 E4112.96699
G1 F785.8 X93.844 Y48.059 E4113.00384
G1 X94.272 Y48.166 E4113.04031
G1 F792.2 X94.724 Y48.166 E4113.07737
G0 F12000 X94.669 Y47.723
;TYPE:WALL-OUTER
G1 F976.4 X94.327 Y47.723 E4113.10012
G1 X94.004 Y47.639 E4113.12232
G1 X93.699 Y47.482 E4113.14513
G1 X93.451 Y47.263 E4113.16714
G1 X93.257 Y46.983 E4113.1898
G1 X93.137 Y46.645 E4113.21366
G1 X93.101 Y46.307 E4113.23627
G1 X93.148 Y45.975 E4113.25858
G1 X93.257 Y45.681 E4113.27944
G1 X93.451 Y45.401 E4113.30209
G1 X93.702 Y45.179 E4113.32439
G1 X94.001 Y45.02 E4113.34691
G1 X94.327 Y44.941 E4113.36923
G1 X94.669 Y44.94 E4113.39198
G1 X95.019 Y45.03 E4113.41601
G1 X95.295 Y45.179 E4113.43688
G1 X95.546 Y45.402 E4113.45921
G1 X95.739 Y45.681 E4113.48178
G1 X95.858 Y45.994 E4113.50406
G1 X95.896 Y46.354 E4113.52814
G1 X95.864 Y46.643 E4113.54748
G1 X95.739 Y46.983 E4113.57157
G1 X95.546 Y47.262 E4113.59414
G1 X95.297 Y47.482 E4113.61624
G1 X94.992 Y47.639 E4113.63906
G1 X94.669 Y47.723 E4113.66126
G0 F12000 X94.776 Y48.612
G1 F976.4 X95.312 Y48.483 E4113.69794
G1 X95.805 Y48.222 E4113.73504
G1 X96.217 Y47.858 E4113.77161
G1 X96.537 Y47.394 E4113.80911
G1 X96.728 Y46.887 E4113.84515
G1 X96.798 Y46.332 E4113.88236
G1 X96.728 Y45.777 E4113.91957
G1 X96.537 Y45.27 E4113.95561
G1 X96.217 Y44.806 E4113.9931
G1 X95.805 Y44.442 E4114.02967
G1 X95.312 Y44.181 E4114.06678
G1 X94.776 Y44.053 E4114.10344
G1 X94.22 Y44.052 E4114.14042
G1 X93.684 Y44.181 E4114.1771
G1 X93.191 Y44.442 E4114.2142
G1 X92.784 Y44.806 E4114.25052
G1 X92.463 Y45.271 E4114.28811
G1 X92.268 Y45.777 E4114.32418
G1 X92.202 Y46.332 E4114.36136
G1 X92.268 Y46.887 E4114.39854
G1 X92.463 Y47.393 E4114.43461
G1 X92.784 Y47.858 E4114.4722
G1 X93.192 Y48.222 E4114.50857
G1 X93.684 Y48.483 E4114.54562
G1 X94.22 Y48.612 E4114.58229
G1 X94.776 Y48.612 E4114.61928
G1 F2700 E4109.61928
G0 F12000 X94.739 Y48.306
G0 X94.724 Y49.48
G0 X94.724 Y136.187
G0 X94.724 Y141.166
;TYPE:WALL-INNER
G1 F2700 E4114.61928
G1 F785.8 X95.152 Y141.059 E4114.65574
G1 F782.7 X95.549 Y140.852 E4114.69289
G1 F789 X95.88 Y140.559 E4114.72928
G1 F790.6 X96.138 Y140.185 E4114.76661
G1 X96.291 Y139.779 E4114.80225
G1 F787.4 X96.345 Y139.332 E4114.83939
G1 F785.8 X96.291 Y138.885 E4114.87661
G1 F787.4 X96.138 Y138.479 E4114.91239
G1 F789 X95.88 Y138.105 E4114.9498
G1 F790.6 X95.549 Y137.812 E4114.98611
G1 F789 X95.153 Y137.603 E4115.02297
G1 F792.2 X94.724 Y137.498 E4115.05918
G1 F793.8 X94.272 Y137.498 E4115.09617
G1 F790.6 X93.843 Y137.603 E4115.13245
G1 F789 X93.448 Y137.811 E4115.1692
G1 F790.6 X93.12 Y138.103 E4115.20527
G1 F793.8 X92.86 Y138.48 E4115.24274
G1 F789 X92.707 Y138.885 E4115.27838
G1 F785.8 X92.652 Y139.332 E4115.31561
G1 X92.707 Y139.779 E4115.35283
G1 F789 X92.86 Y140.184 E4115.38847
G1 F793.8 X93.12 Y140.561 E4115.42594
G1 F792.2 X93.449 Y140.852 E4115.46195
G1 F785.8 X93.844 Y141.059 E4115.49881
G1 X94.272 Y141.166 E4115.53527
G1 F792.2 X94.724 Y141.166 E4115.57233
G0 F12000 X94.669 Y140.723
;TYPE:WALL-OUTER
G1 F976.4 X94.327 Y140.723 E4115.59508
G1 X94.004 Y140.639 E4115.61728
G1 X93.699 Y140.482 E4115.6401
G1 X93.451 Y140.263 E4115.66211
G1 X93.257 Y139.983 E4115.68477
G1 X93.137 Y139.645 E4115.70863
G1 X93.101 Y139.307 E4115.73124
G1 X93.148 Y138.975 E4115.75354
G1 X93.257 Y138.681 E4115.7744
G1 X93.451 Y138.401 E4115.79706
G1 X93.702 Y138.179 E4115.81935
G1 X94.001 Y138.02 E4115.84188
G1 X94.327 Y137.941 E4115.86419
G1 X94.669 Y137.94 E4115.88694
G1 X95.019 Y138.03 E4115.91098
G1 X95.295 Y138.179 E4115.93184
G1 X95.546 Y138.402 E4115.95418
G1 X95.739 Y138.681 E4115.97675
G1 X95.858 Y138.994 E4115.99902
G1 X95.896 Y139.354 E4116.0231
G1 X95.864 Y139.643 E4116.04244
G1 X95.739 Y139.983 E4116.06654
G1 X95.546 Y140.262 E4116.08911
G1 X95.297 Y140.482 E4116.11121
G1 X94.992 Y140.639 E4116.13403
G1 X94.669 Y140.723 E4116.15623
G0 F12000 X94.776 Y141.612
G1 F976.4 X95.312 Y141.483 E4116.1929
G1 X95.805 Y141.222 E4116.23001
G1 X96.217 Y140.858 E4116.26658
G1 X96.537 Y140.394 E4116.30407
G1 X96.728 Y139.887 E4116.34011
G1 X96.798 Y139.332 E4116.37732
G1 X96.728 Y138.777 E4116.41454
G1 X96.537 Y138.27 E4116.45057
G1 X96.217 Y137.806 E4116.48807
G1 X95.805 Y137.442 E4116.52464
G1 X95.312 Y137.181 E4116.56175
G1 X94.776 Y137.053 E4116.5984
G1 X94.22 Y137.052 E4116.63539
G1 X93.684 Y137.181 E4116.67206
G1 X93.191 Y137.442 E4116.70917
G1 X92.784 Y137.806 E4116.74549
G1 X92.463 Y138.271 E4116.78308
G1 X92.268 Y138.777 E4116.81915
G1 X92.202 Y139.332 E4116.85633
G1 X92.268 Y139.887 E4116.89351
G1 X92.463 Y140.393 E4116.92958
G1 X92.784 Y140.858 E4116.96716
G1 X93.192 Y141.222 E4117.00354
G1 X93.684 Y141.483 E4117.04058
G1 X94.22 Y141.612 E4117.07726
G1 X94.776 Y141.612 E4117.11424
G1 F2700 E4112.11424
;MESH:bump_plate.obj
G0 F12000 X94.739 Y141.306
G0 X96.045 Y140.708
G0 X96.944 Y141.33
G0 X107.557 Y141.331
G0 X110 Y141.166
;TYPE:WALL-INNER
G1 F2700 E4117.11424
G1 F793.8 X110.224 Y141.166 E4117.13257
G1 F785.8 X110.652 Y141.059 E4117.16903
G1 F782.7 X111.049 Y140.852 E4117.20619
G1 F789 X111.38 Y140.559 E4117.24258
G1 F790.6 X111.638 Y140.185 E4117.2799
G1 X111.791 Y139.779 E4117.31555
G1 F787.4 X111.845 Y139.332 E4117.35269
G1 F785.8 X111.791 Y138.885 E4117.3899
G1 F787.4 X111.638 Y138.479 E4117.42569
G1 F789 X111.38 Y138.105 E4117.46309
G1 F790.6 X111.049 Y137.812 E4117.49941
G1 F789 X110.653 Y137.603 E4117.53627
G1 F792.2 X110.224 Y137.498 E4117.57248
G1 F793.8 X109.772 Y137.498 E4117.60946
G1 F790.6 X109.343 Y137.603 E4117.64574
G1 F789 X108.948 Y137.811 E4117.68249
G1 F790.6 X108.62 Y138.103 E4117.71857
G1 F793.8 X108.36 Y138.48 E4117.75604
G1 F789 X108.207 Y138.885 E4117.79168
G1 F785.8 X108.152 Y139.332 E4117.8289
G1 X108.207 Y139.779 E4117.86612
G1 F789 X108.36 Y140.184 E4117.90176
G1 F793.8 X108.62 Y140.561 E4117.93923
G1 F792.2 X108.949 Y140.852 E4117.97524
G1 F785.8 X109.344 Y141.059 E4118.0121
G1 X109.772 Y141.166 E4118.04857
G1 F792.2 X110 Y141.166 E4118.06726
G0 F12000 X110 Y140.723
;TYPE:WALL-OUTER
G1 F976.4 X109.827 Y140.723 E4118.07877
G1 X109.504 Y140.639 E4118.10097
G1 X109.199 Y140.482 E4118.12379
G1 X108.951 Y140.263 E4118.1458
G1 X108.757 Y139.983 E4118.16846
G1 X108.637 Y139.645 E4118.19231
G1 X108.601 Y139.307 E4118.21493
G1 X108.648 Y138.975 E4118.23723
G1 X108.757 Y138.681 E4118.25809
G1 X108.951 Y138.401 E4118.28075
G1 X109.202 Y138.179 E4118.30304
G1 X109.501 Y138.02 E4118.32556
G1 X109.827 Y137.941 E4118.34788
G1 X110.169 Y137.94 E4118.37063
G1 X110.519 Y138.03 E4118.39467
G1 X110.795 Y138.179 E4118.41553
G1 X111.046 Y138.402 E4118.43787
G1 X111.239 Y138.681 E4118.46043
G1 X111.358 Y138.994 E4118.48271
G1 X111.396 Y139.354 E4118.50679
G1 X111.364 Y139.643 E4118.52613
G1 X111.239 Y139.983 E4118.55023
G1 X111.046 Y140.262 E4118.57279
G1 X110.797 Y140.482 E4118.5949
G1 X110.492 Y140.639 E4118.61771
G1 X110.169 Y140.723 E4118.63992
G1 X110 Y140.723 E4118.65116
G0 F12000 X110 Y141.612
G1 F976.4 X110.276 Y141.612 E4118.66952
G1 X110.812 Y141.483 E4118.70619
G1 X111.305 Y141.222 E4118.7433
G1 X111.717 Y140.858 E4118.77987
G1 X112.037 Y140.394 E4118.81736
G1 X112.228 Y139.887 E4118.8534
G1 X112.298 Y139.332 E4118.89061
G1 X112.228 Y138.777 E4118.92782
G1 X112.037 Y138.27 E4118.96386
G1 X111.717 Y137.806 E4119.00136
G1 X111.305 Y137.442 E4119.03793
G1 X110.812 Y137.181 E4119.07503
G1 X110.276 Y137.053 E4119.11169
G1 X109.72 Y137.052 E4119.14868
G1 X109.184 Y137.181 E4119.18535
G1 X108.691 Y137.442 E4119.22246
G1 X108.284 Y137.806 E4119.25878
G1 X107.963 Y138.271 E4119.29636
G1 X107.768 Y138.777 E4119.33244
G1 X107.702 Y139.332 E4119.36962
G1 X107.768 Y139.887 E4119.40679
G1 X107.963 Y140.393 E4119.44287
G1 X108.284 Y140.858 E4119.48045
G1 X108.692 Y141.222 E4119.51682
G1 X109.184 Y141.483 E4119.55387
G1 X109.72 Y141.612 E4119.59055
G1 X110 Y141.612 E4119.60917
G1 F2700 E4114.60917
G0 F12000 X110 Y141.305
G0 X109.06 Y140.692
G0 X108.763 Y140.429
G0 X108.535 Y140.099
G0 X108.396 Y139.729
G0 X108.347 Y139.334
G0 X108.396 Y138.937
G0 X108.535 Y138.567
G0 X108.74 Y138.271
G0 X110 Y137.282
G0 X110 Y136.187
G0 X110 Y49.48
G0 X110 Y48.166
;TYPE:WALL-INNER
G1 F2700 E4119.60917
G1 F793.8 X110.224 Y48.166 E4119.6275
G1 F785.8 X110.652 Y48.059 E4119.66396
G1 F782.7 X111.049 Y47.852 E4119.70112
G1 F789 X111.38 Y47.559 E4119.73751
G1 F790.6 X111.638 Y47.185 E4119.77483
G1 X111.791 Y46.779 E4119.81048
G1 F787.4 X111.845 Y46.332 E4119.84761
G1 F785.8 X111.791 Y45.885 E4119.88483
G1 F787.4 X111.638 Y45.479 E4119.92062
G1 F789 X111.38 Y45.105 E4119.95802
G1 F790.6 X111.049 Y44.812 E4119.99433
G1 F789 X110.653 Y44.603 E4120.03119
G1 F792.2 X110.224 Y44.498 E4120.0674
G1 F793.8 X109.772 Y44.498 E4120.10439
G1 F790.6 X109.343 Y44.603 E4120.14067
G1 F789 X108.948 Y44.811 E4120.17742
G1 F790.6 X108.62 Y45.103 E4120.2135
G1 F793.8 X108.36 Y45.48 E4120.25097
G1 F789 X108.207 Y45.885 E4120.28661
G1 F785.8 X108.152 Y46.332 E4120.32383
G1 X108.207 Y46.779 E4120.36105
G1 F789 X108.36 Y47.184 E4120.39669
G1 F793.8 X108.62 Y47.561 E4120.43416
G1 F792.2 X108.949 Y47.852 E4120.47017
G1 F785.8 X109.344 Y48.059 E4120.50703
G1 X109.772 Y48.166 E4120.5435
G1 F792.2 X110 Y48.166 E4120.56219
G0 F12000 X110 Y47.723
;TYPE:WALL-OUTER
G1 F976.4 X109.827 Y47.723 E4120.5737
G1 X109.504 Y47.639 E4120.5959
G1 X109.199 Y47.482 E4120.61872
G1 X108.951 Y47.263 E4120.64072
G1 X108.757 Y46.983 E4120.66338
G1 X108.637 Y46.645 E4120.68724
G1 X108.601 Y46.307 E4120.70985
G1 X108.648 Y45.975 E4120.73216
G1 X108.757 Y45.681 E4120.75302
G1 X108.951 Y45.401 E4120.77568
G1 X109.202 Y45.179 E4120.79797
G1 X109.501 Y45.02 E4120.82049
G1 X109.827 Y44.941 E4120.84281
G1 X110.169 Y44.94 E4120.86556
G1 X110.519 Y45.03 E4120.8896
G1 X110.795 Y45.179 E4120.91046
G1 X111.046 Y45.402 E4120.93279
G1 X111.239 Y45.681 E4120.95536
G1 X111.358 Y45.994 E4120.97764
G1 X111.396 Y46.354 E4121.00172
G1 X111.364 Y46.643 E4121.02106
G1 X111.239 Y46.983 E4121.04516
G1 X111.046 Y47.262 E4121.06772
G1 X110.797 Y47.482 E4121.08982
G1 X110.492 Y47.639 E4121.11264
G1 X110.169 Y47.723 E4121.13484
G1 X110 Y47.723 E4121.14609
G0 F12000 X110 Y48.612
G1 F976.4 X110.276 Y48.612 E4121.16445
G1 X110.812 Y48.483 E4121.20112
G1 X111.305 Y48.222 E4121.23823
G1 X111.717 Y47.858 E4121.2748
G1 X112.037 Y47.394 E4121.31229
G1 X112.228 Y46.887 E4121.34833
G1 X112.298 Y46.332 E4121.38554
G1 X112.228 Y45.777 E4121.42275
G1 X112.037 Y45.27 E4121.45879
G1 X111.717 Y44.806 E4121.49629
G1 X111.305 Y44.442 E4121.53286
G1 X110.812 Y44.181 E4121.56996
G1 X110.276 Y44.053 E4121.60662
G1 X109.72 Y44.052 E4121.64361
G1 X109.184 Y44.181 E4121.68028
G1 X108.691 Y44.442 E4121.71738
G1 X108.284 Y44.806 E4121.75371
G1 X107.963 Y45.271 E4121.79129
G1 X107.768 Y45.777 E4121.82737
G1 X107.702 Y46.332 E4121.86454
G1 X107.768 Y46.887 E4121.90172
G1 X107.963 Y47.393 E4121.9378
G1 X108.284 Y47.858 E4121.97538
G1 X108.692 Y48.222 E4122.01175
G1 X109.184 Y48.483 E4122.0488
G1 X109.72 Y48.612 E4122.08547
G1 X110 Y48.612 E4122.1041
;TIME_ELAPSED:3085.835021
G1 F2700 E4117.1041
M140 S0
M107
G91 ;Relative positioning
G1 E-2 F2700 ;Retract a bit
G1 E-2 Z0.2 F2400 ;Retract and raise Z
G1 X5 Y5 F3000 ;Wipe out
G1 Z10 ;Raise Z more
G90 ;Absolute positioning

G28 X0 Y0 ;Present print
M106 S0 ;Turn-off fan
M104 S0 ;Turn-off hotend
M140 S0 ;Turn-off bed

M84 X Y E ;Disable all steppers but Z

M82 ;absolute extrusion mode
M104 S0
;End of Gcode
;SETTING_3 {"global_quality": "[general]\\nversion = 4\\nname = PLA - no adhesio
;SETTING_3 n\\ndefinition = creality_ender5\\n\\n[metadata]\\ntype = quality_cha
;SETTING_3 nges\\nquality_type = standard\\nsetting_version = 26\\n\\n[values]\\
;SETTING_3 nadhesion_type = none\\nlayer_height = 0.4\\nmaterial_bed_temperature
;SETTING_3  = 55\\nmaterial_bed_temperature_layer_0 = 65\\nsupport_enable = True
;SETTING_3 \\nsupport_type = buildplate\\n\\n", "extruder_quality": ["[general]\
;SETTING_3 \nversion = 4\\nname = PLA - no adhesion\\ndefinition = creality_ende
;SETTING_3 r5\\n\\n[metadata]\\ntype = quality_changes\\nquality_type = standard
;SETTING_3 \\nintent_category = default\\nposition = 0\\nsetting_version = 26\\n
;SETTING_3 \\n[values]\\nmaterial_print_temperature_layer_0 = 205.0\\nspeed_laye
;SETTING_3 r_0 = 10\\nsupport_angle = 80\\n\\n"]}
