;FLAVOR:Marlin
;TIME:1399
;Filament used: 1.58583m
;Layer height: 0.4
;MINX:95.2
;MINY:87.7
;MINZ:0.2
;MAXX:124.8
;MAXY:132.3
;MAXZ:18.2
;TARGET_MACHINE.NAME:Creality Ender-5
;Generated with Cura_SteamEngine 5.12.0
M140 S65
M105
M190 S65
M104 S205
M105
M109 S205
M201 X500.00 Y500.00 Z100.00 E5000.00 ;Setup machine max acceleration
M203 X500.00 Y500.00 Z10.00 E50.00 ;Setup machine max feedrate
M204 P500.00 R1000.00 T500.00 ;Setup Print/Retract/Travel acceleration
M205 X8.00 Y8.00 Z0.40 E5.00 ;Setup Jerk
M220 S100 ;Reset Feedrate
M221 S100 ;Reset Flowrate

G28 ;Home

G92 E0 ;Reset Extruder
G1 Z2.0 F3000 ;Move Z Axis up
G1 X10.1 Y20 Z0.28 F5000.0 ;Move to start position
G1 X10.1 Y200.0 Z0.28 F1500.0 E15 ;Draw the first line
G1 X10.4 Y200.0 Z0.28 F5000.0 ;Move to side a little
G1 X10.4 Y20 Z0.28 F1500.0 E30 ;Draw the second line
G92 E0 ;Reset Extruder
G1 Z2.0 F3000 ;Move Z Axis up

M82 ;absolute extrusion mode
G92 E0
G92 E0
G1 F2700 E-5
;LAYER_COUNT:46
;LAYER:0
M107
;MESH:9V_battery_holder.obj
G0 F6000 X114.877 Y99.393 Z0.2
;TYPE:WALL-INNER
G1 F2700 E0
G1 F600 X114.254 Y99.272 E0.02111
G1 X113.832 Y99.091 E0.03638
G1 X113.306 Y98.696 E0.05826
G1 X113.091 Y98.453 E0.06905
G1 X112.799 Y97.958 E0.08817
G1 X112.69 Y97.65 E0.09903
G1 X112.586 Y96.934 E0.1231
G1 X112.705 Y96.269 E0.14557
G1 X112.996 Y95.663 E0.16792
G1 X113.2 Y95.402 E0.17894
G1 X113.65 Y95.031 E0.19834
G1 X113.895 Y94.868 E0.20813
G1 X114.185 Y94.757 E0.21846
G1 X114.726 Y94.62 E0.23702
G1 X115.064 Y94.592 E0.2483
G1 X115.671 Y94.708 E0.26885
G1 X115.936 Y94.787 E0.27805
G1 X116.172 Y94.91 E0.2869
G1 X116.539 Y95.149 E0.30147
G1 X116.725 Y95.339 E0.31031
G1 X117.103 Y95.833 E0.331
G1 X117.222 Y96.11 E0.34103
G1 X117.372 Y96.601 E0.3581
G1 X117.392 Y97.29 E0.38103
G1 X117.298 Y97.68 E0.39437
G1 X117.169 Y98.011 E0.40619
G1 X116.929 Y98.452 E0.42289
G1 X116.552 Y98.828 E0.4406
G1 X116.172 Y99.085 E0.45585
G1 X115.875 Y99.23 E0.46685
G1 X115.242 Y99.387 E0.48854
G1 X114.877 Y99.393 E0.50068
G0 F6000 X115.142 Y98.993
G1 F600 X114.82 Y98.98 E0.5114
G1 X114.349 Y98.884 E0.52739
G1 X114.048 Y98.755 E0.53828
G1 X113.621 Y98.433 E0.55607
G1 X113.417 Y98.221 E0.56585
G1 X113.146 Y97.767 E0.58344
G1 X113.08 Y97.562 E0.5906
G1 X112.99 Y96.941 E0.61147
G1 X113.078 Y96.411 E0.62934
G1 X113.34 Y95.872 E0.64927
G1 X113.486 Y95.683 E0.65722
G1 X114.015 Y95.249 E0.67997
G1 X114.286 Y95.144 E0.68964
G1 X114.795 Y95.014 E0.70711
G1 X115.038 Y94.994 E0.71522
G1 X115.596 Y95.101 E0.73412
G1 X115.847 Y95.175 E0.74282
G1 X116.347 Y95.501 E0.76268
G1 X116.798 Y96.092 E0.7874
G1 X116.973 Y96.656 E0.80704
G1 X116.99 Y97.214 E0.82561
G1 X116.91 Y97.583 E0.83817
G1 X116.818 Y97.819 E0.84659
G1 X116.582 Y98.232 E0.86241
G1 X116.297 Y98.52 E0.87589
G1 X115.83 Y98.833 E0.89459
G1 X115.142 Y98.993 E0.91808
G0 F6000 X115.018 Y98.613
G1 F600 X114.323 Y98.465 E0.94172
G1 X113.778 Y98.05 E0.9645
G1 X113.479 Y97.533 E0.98437
G1 X113.394 Y96.943 E1.00419
G1 X113.471 Y96.513 E1.01872
G1 X113.73 Y96.001 E1.0378
G1 X114.259 Y95.564 E1.06063
G1 X114.864 Y95.408 E1.08141
G1 X115.072 Y95.408 E1.08833
G1 X115.642 Y95.517 E1.10763
G1 X116.087 Y95.818 E1.1255
G1 X116.444 Y96.302 E1.1455
G1 X116.567 Y96.687 E1.15894
G1 X116.591 Y97.209 E1.17632
G1 X116.502 Y97.566 E1.18856
G1 X116.281 Y97.958 E1.20353
G1 X116.043 Y98.211 E1.21508
G1 X115.636 Y98.474 E1.2312
G1 X115.018 Y98.613 E1.25226
G1 F2700 E-3.74774
G0 F6000 X114.956 Y98.915
G0 X113.735 Y99.244
G0 X106.844 Y109.199
G0 X106.841 Y111.241
G0 X106.738 Y111.653
G0 X106.491 Y112.104
G0 X104.864 Y113.392
G1 F2700 E1.25226
G1 F600 X104.221 Y113.267 E1.27405
G1 X103.829 Y113.095 E1.28829
G1 X103.291 Y112.683 E1.31083
G1 X103.086 Y112.455 E1.32103
G1 X102.848 Y112.049 E1.33668
G1 X102.698 Y111.728 E1.34846
G1 X102.614 Y111.147 E1.36799
G1 X102.595 Y110.842 E1.37815
G1 X102.69 Y110.323 E1.3957
G1 X102.791 Y110.077 E1.40455
G1 X103.006 Y109.647 E1.42054
G1 X103.215 Y109.388 E1.4316
G1 X103.734 Y108.961 E1.45396
G1 X104.1 Y108.778 E1.46757
G1 X104.838 Y108.592 E1.49288
G1 X105.231 Y108.624 E1.506
G1 X105.798 Y108.739 E1.52524
G1 X106.049 Y108.839 E1.53422
G1 X106.452 Y109.092 E1.55005
G1 X106.687 Y109.284 E1.56014
G1 X107.136 Y109.878 E1.58491
G1 X107.36 Y110.508 E1.60715
G1 X107.397 Y111.274 E1.63266
G1 X107.254 Y111.853 E1.65249
G1 X106.944 Y112.421 E1.67401
G1 X106.568 Y112.829 E1.69247
G1 X106.116 Y113.119 E1.71033
G1 X105.86 Y113.243 E1.71979
G1 X105.255 Y113.381 E1.74043
G1 X104.864 Y113.392 E1.75344
G0 F6000 X105.127 Y113.002
G1 F600 X104.909 Y112.994 E1.7607
G1 X104.29 Y112.867 E1.78171
G1 X104.084 Y112.777 E1.78919
G1 X103.563 Y112.39 E1.81078
G1 X103.413 Y112.222 E1.81827
G1 X103.095 Y111.679 E1.8392
G1 X102.985 Y110.914 E1.8649
G1 X103.103 Y110.348 E1.88413
G1 X103.347 Y109.86 E1.90228
G1 X103.494 Y109.677 E1.91009
G1 X104 Y109.269 E1.9317
G1 X104.193 Y109.173 E1.93887
G1 X104.796 Y109.014 E1.95962
G1 X105.045 Y109.002 E1.96791
G1 X105.782 Y109.141 E1.99285
G1 X106.226 Y109.422 E2.01033
G1 X106.409 Y109.584 E2.01846
G1 X106.797 Y110.092 E2.03972
G1 X106.966 Y110.618 E2.05809
G1 X106.989 Y111.263 E2.07956
G1 X106.871 Y111.721 E2.09529
G1 X106.615 Y112.19 E2.11306
G1 X106.301 Y112.517 E2.12814
G1 X105.811 Y112.842 E2.1477
G1 X105.127 Y113.002 E2.17106
G0 F6000 X104.953 Y112.597
G1 F600 X104.337 Y112.47 E2.19198
G1 X103.781 Y112.045 E2.21526
G1 X103.538 Y111.644 E2.23085
G1 X103.465 Y111.444 E2.23793
G1 X103.391 Y110.929 E2.25524
G1 X103.475 Y110.513 E2.26935
G1 X103.711 Y110.024 E2.28741
G1 X104.27 Y109.562 E2.31153
G1 X104.943 Y109.388 E2.33465
G1 X105.633 Y109.518 E2.35801
G1 X106.07 Y109.797 E2.37525
G1 X106.441 Y110.293 E2.39585
G1 X106.571 Y110.689 E2.40971
G1 X106.59 Y111.212 E2.42712
G1 X106.505 Y111.545 E2.43855
G1 X106.288 Y111.955 E2.45398
G1 X106.052 Y112.204 E2.46539
G1 X105.668 Y112.458 E2.4807
G1 X105.139 Y112.589 E2.49883
G1 X104.953 Y112.597 E2.50502
G1 F2700 E-2.49498
G0 F6000 X104.889 Y112.901
G0 X106.223 Y113.266
G0 X112.843 Y123.57
G0 X113.244 Y125.625
G0 X113.521 Y126.105
G0 X114.918 Y127.408
G1 F2700 E2.50502
G1 F600 X114.308 Y127.285 E2.52572
G1 X114.001 Y127.184 E2.53647
G1 X113.737 Y127.025 E2.54672
G1 X113.381 Y126.753 E2.56162
G1 X113.175 Y126.56 E2.57101
G1 X113.024 Y126.349 E2.57964
G1 X112.782 Y125.937 E2.59553
G1 X112.687 Y125.655 E2.60543
G1 X112.585 Y124.947 E2.62922
G1 X112.686 Y124.335 E2.64985
G1 X112.791 Y124.077 E2.65911
G1 X113.024 Y123.614 E2.67635
G1 X113.225 Y123.386 E2.68646
G1 X113.748 Y122.949 E2.70913
G1 X114.053 Y122.79 E2.72057
G1 X114.734 Y122.619 E2.74392
G1 X115.116 Y122.607 E2.75664
G1 X115.772 Y122.726 E2.77881
G1 X116.06 Y122.837 E2.78908
G1 X116.556 Y123.16 E2.80876
G1 X116.777 Y123.403 E2.81969
G1 X117.105 Y123.836 E2.83776
G1 X117.222 Y124.11 E2.84766
G1 X117.372 Y124.601 E2.86474
G1 X117.392 Y125.29 E2.88767
G1 X117.298 Y125.68 E2.90101
G1 X117.169 Y126.011 E2.91283
G1 X117.026 Y126.275 E2.92281
G1 X116.757 Y126.645 E2.93803
G1 X116.419 Y126.925 E2.95262
G1 X116.172 Y127.085 E2.96241
G1 X115.732 Y127.272 E2.97831
G1 X115.262 Y127.38 E2.99435
G1 X114.918 Y127.408 E3.00583
G0 F6000 X114.847 Y126.986
G1 F600 X114.388 Y126.893 E3.02141
G1 X114.096 Y126.796 E3.03164
G1 X113.624 Y126.435 E3.05141
G1 X113.432 Y126.255 E3.06016
G1 X113.104 Y125.694 E3.08177
G1 X112.988 Y124.952 E3.10675
G1 X113.082 Y124.386 E3.12584
G1 X113.36 Y123.848 E3.14598
G1 X113.504 Y123.673 E3.15352
G1 X113.982 Y123.274 E3.17423
G1 X114.216 Y123.165 E3.18281
G1 X114.801 Y123.013 E3.20291
G1 X115.074 Y123.005 E3.212
G1 X115.673 Y123.115 E3.23225
G1 X115.878 Y123.195 E3.23957
G1 X116.352 Y123.504 E3.25839
G1 X116.798 Y124.094 E3.28299
G1 X116.973 Y124.656 E3.30257
G1 X116.99 Y125.214 E3.32114
G1 X116.91 Y125.583 E3.3337
G1 X116.818 Y125.819 E3.34212
G1 X116.674 Y126.083 E3.35212
G1 X116.524 Y126.291 E3.36065
G1 X116.203 Y126.589 E3.37522
G1 X115.955 Y126.749 E3.38504
G1 X115.641 Y126.882 E3.39638
G1 X115.193 Y126.986 E3.41167
G1 X114.847 Y126.986 E3.42318
G0 F6000 X114.916 Y126.592
G1 F600 X114.333 Y126.474 E3.44297
G1 X113.771 Y126.043 E3.46652
G1 X113.482 Y125.536 E3.48593
G1 X113.394 Y124.918 E3.50669
G1 X113.478 Y124.494 E3.52107
G1 X113.722 Y124.006 E3.53922
G1 X114.276 Y123.559 E3.56289
G1 X114.964 Y123.387 E3.58648
G1 X115.645 Y123.522 E3.60957
G1 X116.08 Y123.804 E3.62681
G1 X116.444 Y124.302 E3.64733
G1 X116.567 Y124.687 E3.66077
G1 X116.591 Y125.209 E3.67815
G1 X116.503 Y125.562 E3.69025
G1 X116.323 Y125.892 E3.70276
G1 X116.06 Y126.206 E3.71638
G1 X115.65 Y126.47 E3.7326
G1 X115.124 Y126.592 E3.75056
G1 X114.916 Y126.592 E3.75748
G1 F2700 E-1.24252
G0 F6000 X114.854 Y126.894
G0 X113.627 Y127.168
G0 X113.627 Y130.9
G0 X110 Y131.1
G1 F2700 E3.75748
G1 F600 X123.6 Y131.1 E4.20981
G1 X123.6 Y88.9 E5.61339
G1 X96.4 Y88.9 E6.51807
G1 X96.4 Y131.1 E7.92164
G1 X110 Y131.1 E8.37398
G0 F6000 X110 Y131.5
G1 F600 X124 Y131.5 E8.83962
G1 X124 Y88.5 E10.26981
G1 X96 Y88.5 E11.20109
G1 X96 Y131.5 E12.63128
G1 X110 Y131.5 E13.09692
G0 F6000 X110 Y131.9
G1 F600 X124.4 Y131.9 E13.57587
G1 X124.4 Y88.1 E15.03266
G1 X95.6 Y88.1 E15.99055
G1 X95.6 Y131.9 E17.44735
G1 X110 Y131.9 E17.92629
G0 F6000 X110 Y132.3
;TYPE:WALL-OUTER
G1 F600 X124.8 Y132.3 E18.41854
G1 X124.8 Y87.7 E19.90195
G1 X95.2 Y87.7 E20.88645
G1 X95.2 Y132.3 E22.36985
G1 X110 Y132.3 E22.8621
G1 F2700 E17.8621
G0 F6000 X110 Y131.59
G0 X114.88 Y130.9
G0 X115.045 Y127.581
G0 X115.022 Y126.206
G1 F2700 E22.8621
G1 F600 X114.503 Y126.1 E22.87972
G1 X114.081 Y125.772 E22.89749
G1 X113.87 Y125.416 E22.91126
G1 X113.8 Y124.931 E22.92756
G1 X113.858 Y124.629 E22.93778
G1 X114.043 Y124.261 E22.95148
G1 X114.442 Y123.933 E22.96866
G1 X114.963 Y123.794 E22.9866
G1 X115.493 Y123.902 E23.00459
G1 X115.796 Y124.1 E23.01663
G1 X116.073 Y124.465 E23.03187
G1 X116.173 Y124.759 E23.04219
G1 X116.186 Y125.183 E23.0563
G1 X116.116 Y125.436 E23.06503
G1 X115.942 Y125.742 E23.07674
G1 X115.769 Y125.917 E23.08493
G1 X115.494 Y126.095 E23.09582
G1 X115.022 Y126.206 E23.11195
G1 F2700 E18.11195
G0 F6000 X114.88 Y126.899
G0 X113.892 Y125.947
G0 X113.743 Y125.689
G0 X112.843 Y123.57
G0 X106.223 Y113.266
G0 X105.024 Y112.204
G1 F2700 E23.11195
G1 F600 X104.504 Y112.098 E23.1296
G1 X104.074 Y111.764 E23.14771
G1 X103.867 Y111.407 E23.16143
G1 X103.797 Y110.944 E23.17701
G1 X103.854 Y110.64 E23.1873
G1 X104.038 Y110.267 E23.20113
G1 X104.45 Y109.928 E23.21888
G1 X104.959 Y109.795 E23.23637
G1 X105.482 Y109.894 E23.25408
G1 X105.798 Y110.097 E23.26657
G1 X106.071 Y110.461 E23.2817
G1 X106.172 Y110.751 E23.29192
G1 X106.186 Y111.183 E23.30629
G1 X106.121 Y111.427 E23.31469
G1 X105.967 Y111.71 E23.32541
G1 X105.789 Y111.902 E23.33411
G1 X105.501 Y112.088 E23.34552
G1 X105.024 Y112.204 E23.36185
G1 F2700 E18.36185
G0 F6000 X104.881 Y112.899
G0 X105.953 Y112.097
G0 X106.164 Y111.869
G0 X106.324 Y111.574
G0 X106.844 Y109.199
G0 X113.735 Y99.244
G0 X115.022 Y98.205
G1 F2700 E23.36185
G1 F600 X114.504 Y98.099 E23.37943
G1 X114.079 Y97.775 E23.39721
G1 X113.871 Y97.419 E23.41092
G1 X113.8 Y96.931 E23.42732
G1 X113.856 Y96.633 E23.43741
G1 X114.044 Y96.259 E23.45133
G1 X114.447 Y95.934 E23.46855
G1 X114.962 Y95.794 E23.4863
G1 X115.484 Y95.898 E23.504
G1 X115.798 Y96.098 E23.51638
G1 X116.073 Y96.465 E23.53164
G1 X116.173 Y96.759 E23.54197
G1 X116.186 Y97.183 E23.55607
G1 X116.116 Y97.436 E23.56481
G1 X115.958 Y97.722 E23.57567
G1 X115.788 Y97.903 E23.58393
G1 X115.5 Y98.089 E23.59534
G1 X115.022 Y98.205 E23.61169
G1 F2700 E18.61169
G0 F6000 X114.88 Y98.899
G0 X114.803 Y99.571
G0 X114.803 Y130.9
G0 X110 Y131
G0 X110 Y130.74
;TYPE:SKIN
G1 F2700 E23.61169
G1 F600 X96.76 Y130.74 E24.05206
G1 X96.76 Y89.26 E25.43169
G1 X123.24 Y89.26 E26.31242
G1 X123.24 Y130.74 E27.69205
G1 X110 Y130.74 E28.13241
G1 F2700 E23.13241
G0 F6000 X110 Y131
G0 X115.045 Y130.9
G0 X115.045 Y127.581
G0 X115.024 Y127.76
G1 F2700 E28.13241
G1 F600 X115.311 Y127.736 E28.14199
G1 X115.843 Y127.612 E28.16016
G1 X116.37 Y127.384 E28.17926
G1 X116.628 Y127.215 E28.18952
G1 X117 Y126.907 E28.20558
G1 X117.33 Y126.467 E28.22387
G1 X117.485 Y126.183 E28.23463
G1 X117.639 Y125.789 E28.2487
G1 X117.722 Y125.451 E28.26028
G1 X117.744 Y125.159 E28.27002
G1 X117.727 Y124.546 E28.29042
G1 X117.557 Y123.981 E28.31004
G1 X117.457 Y123.745 E28.31856
G1 X117.305 Y123.504 E28.32804
G1 X117.064 Y123.186 E28.34131
G1 X116.861 Y122.961 E28.35139
G1 X116.623 Y122.773 E28.36148
G1 X116.242 Y122.524 E28.37662
G1 X115.853 Y122.375 E28.39047
G1 X115.023 Y122.228 E28.41851
G1 X114.591 Y122.281 E28.43298
G1 X113.9 Y122.462 E28.45674
G1 X113.546 Y122.648 E28.47004
G1 X113.081 Y123.029 E28.49004
G1 X112.884 Y123.221 E28.49919
G1 X112.684 Y123.479 E28.51004
G1 X112.465 Y123.918 E28.52636
G1 X112.331 Y124.265 E28.53873
G1 X112.221 Y124.938 E28.56141
G1 X112.329 Y125.716 E28.58754
G1 X112.462 Y126.101 E28.60109
G1 X112.714 Y126.537 E28.61784
G1 X112.89 Y126.779 E28.62779
G1 X113.142 Y127.022 E28.63943
G1 X113.514 Y127.307 E28.65502
G1 X113.828 Y127.499 E28.66726
G1 X114.244 Y127.641 E28.68188
G1 X114.7 Y127.733 E28.69735
G1 X115.024 Y127.76 E28.70817
G1 F2700 E23.70817
G0 F6000 X115.045 Y127.5
G0 X113.586 Y126.217
G0 X113.278 Y125.684
G0 X112.843 Y123.57
G0 X105.944 Y113.404
G0 X105.189 Y113.501
G0 X105.232 Y113.757
G1 F2700 E28.70817
G1 F600 X106.012 Y113.566 E28.73488
G1 X106.293 Y113.428 E28.74529
G1 X106.802 Y113.101 E28.76541
G1 X107.227 Y112.644 E28.78617
G1 X107.588 Y111.991 E28.81098
G1 X107.742 Y111.363 E28.83249
G1 X107.73 Y110.613 E28.85744
G1 X107.674 Y110.323 E28.86726
G1 X107.507 Y109.846 E28.88407
G1 X107.341 Y109.554 E28.89524
G1 X106.975 Y109.076 E28.91527
G1 X106.74 Y108.848 E28.92616
G1 X106.273 Y108.542 E28.94473
G1 X105.858 Y108.377 E28.95958
G1 X105.196 Y108.252 E28.98199
G1 X104.67 Y108.261 E28.99948
G1 X103.974 Y108.436 E29.02335
G1 X103.549 Y108.649 E29.03917
G1 X102.968 Y109.121 E29.06406
G1 X102.712 Y109.434 E29.07751
G1 X102.466 Y109.916 E29.09551
G1 X102.35 Y110.2 E29.10571
G1 X102.232 Y110.828 E29.12697
G1 X102.252 Y111.169 E29.13833
G1 X102.322 Y111.647 E29.1544
G1 X102.39 Y111.91 E29.16343
G1 X102.536 Y112.235 E29.17528
G1 X102.806 Y112.682 E29.19265
G1 X103.038 Y112.942 E29.20424
G1 X103.615 Y113.384 E29.22841
G1 X104.02 Y113.594 E29.24359
G1 X104.806 Y113.745 E29.27021
G1 X105.232 Y113.757 E29.28438
G1 F2700 E24.28438
G0 F6000 X105.189 Y113.501
G0 X106.491 Y112.104
G0 X106.691 Y111.739
G0 X107.195 Y109.657
G0 X114.046 Y99.41
G0 X114.812 Y99.489
G0 X114.801 Y99.748
G1 F2700 E29.28438
G1 F600 X115.296 Y99.743 E29.30085
G1 X116.141 Y99.535 E29.32979
G1 X116.79 Y99.108 E29.35563
G1 X117.245 Y98.61 E29.37807
G1 X117.484 Y98.184 E29.39431
G1 X117.639 Y97.789 E29.40843
G1 X117.722 Y97.451 E29.42
G1 X117.744 Y97.159 E29.42974
G1 X117.727 Y96.546 E29.45014
G1 X117.564 Y96.002 E29.46903
G1 X117.456 Y95.748 E29.47821
G1 X117.296 Y95.494 E29.48819
G1 X117.004 Y95.11 E29.50424
G1 X116.783 Y94.883 E29.51477
G1 X116.37 Y94.608 E29.53128
G1 X116.052 Y94.443 E29.54319
G1 X115.748 Y94.355 E29.55372
G1 X115.279 Y94.263 E29.56961
G1 X114.789 Y94.23 E29.58595
G1 X114.091 Y94.405 E29.60988
G1 X113.747 Y94.537 E29.62214
G1 X113.417 Y94.752 E29.63524
G1 X112.965 Y95.12 E29.65462
G1 X112.675 Y95.497 E29.67044
G1 X112.361 Y96.154 E29.69466
G1 X112.244 Y96.749 E29.71483
G1 X112.245 Y97.087 E29.72607
G1 X112.345 Y97.798 E29.74995
G1 X112.512 Y98.184 E29.76394
G1 X112.796 Y98.664 E29.78249
G1 X113.051 Y98.955 E29.79536
G1 X113.641 Y99.398 E29.8199
G1 X114 Y99.582 E29.83332
G1 X114.801 Y99.748 E29.86052
G1 F2700 E24.86052
G0 F6000 X114.812 Y99.489
G0 X116.212 Y98.405
G0 X116.491 Y98.104
G0 X116.738 Y97.653
G0 X116.862 Y95.222
G0 X116.862 Y89.1
G0 X122.836 Y89
G0 X122.836 Y89.46
G1 F2700 E29.86052
G1 F600 X123.04 Y89.665 E29.87014
G0 F6000 X123.04 Y90.23
G1 F600 X122.27 Y89.46 E29.90636
G0 F6000 X121.704 Y89.46
G1 F600 X123.04 Y90.796 E29.9692
G0 F6000 X123.04 Y91.362
G1 F600 X121.139 Y89.46 E30.05864
G0 F6000 X120.573 Y89.46
G1 F600 X123.04 Y91.927 E30.17468
G0 F6000 X123.04 Y92.493
G1 F600 X120.007 Y89.46 E30.31735
G0 F6000 X119.442 Y89.46
G1 F600 X123.04 Y93.059 E30.48661
G0 F6000 X123.04 Y93.624
G1 F600 X118.876 Y89.46 E30.68247
G0 F6000 X118.31 Y89.46
G1 F600 X123.04 Y94.19 E30.90496
G0 F6000 X123.04 Y94.756
G1 F600 X117.745 Y89.46 E31.15404
G0 F6000 X117.179 Y89.46
G1 F600 X123.04 Y95.322 E31.42975
G0 F6000 X123.04 Y95.887
G1 F600 X116.613 Y89.46 E31.73205
G0 F6000 X116.048 Y89.46
G1 F600 X123.04 Y96.453 E32.06096
G0 F6000 X123.04 Y97.019
G1 F600 X115.482 Y89.46 E32.41649
G0 F6000 X114.916 Y89.46
G1 F600 X123.04 Y97.584 E32.79862
G0 F6000 X123.04 Y98.15
G1 F600 X114.35 Y89.46 E33.20737
G0 F6000 X113.785 Y89.46
G1 F600 X123.04 Y98.716 E33.64272
G0 F6000 X123.04 Y99.281
G1 F600 X113.219 Y89.46 E34.10467
G0 F6000 X112.653 Y89.46
G1 F600 X123.04 Y99.847 E34.59324
G0 F6000 X123.04 Y100.413
G1 F600 X112.088 Y89.46 E35.10841
G0 F6000 X111.522 Y89.46
G1 F600 X116.55 Y94.488 E35.34491
G0 F6000 X115.625 Y94.129
G1 F600 X110.956 Y89.46 E35.56453
G0 F6000 X110.391 Y89.46
G1 F600 X114.97 Y94.04 E35.77994
G0 F6000 X114.469 Y94.105
G1 F600 X109.825 Y89.46 E35.9984
G0 F6000 X109.259 Y89.46
G1 F600 X114.018 Y94.219 E36.22225
G0 F6000 X113.614 Y94.38
G1 F600 X108.694 Y89.46 E36.45367
G0 F6000 X108.128 Y89.46
G1 F600 X113.276 Y94.609 E36.69584
G0 F6000 X112.965 Y94.863
G1 F600 X107.562 Y89.46 E36.94998
G0 F6000 X106.997 Y89.46
G1 F600 X112.685 Y95.149 E37.21755
G0 F6000 X112.458 Y95.488
G1 F600 X106.431 Y89.46 E37.50106
G0 F6000 X105.865 Y89.46
G1 F600 X112.277 Y95.872 E37.80266
G0 F6000 X112.132 Y96.293
G1 F600 X105.3 Y89.46 E38.12404
G0 F6000 X104.734 Y89.46
G1 F600 X112.046 Y96.773 E38.468
G0 F6000 X112.085 Y97.377
G1 F600 X104.168 Y89.46 E38.84039
G0 F6000 X103.602 Y89.46
G1 F600 X112.272 Y98.13 E39.2482
G0 F6000 X112.694 Y97.95
G0 X114.074 Y99.335
G0 X113.904 Y99.762
G1 F600 X123.04 Y108.898 E39.67793
G0 F6000 X123.04 Y109.464
G1 F600 X103.037 Y89.46 E40.61884
G0 F6000 X102.471 Y89.46
G1 F600 X123.04 Y110.029 E41.58634
G0 F6000 X123.04 Y110.595
G1 F600 X101.905 Y89.46 E42.58046
G0 F6000 X101.34 Y89.46
G1 F600 X123.04 Y111.161 E43.60119
G0 F6000 X123.04 Y111.726
G1 F600 X100.774 Y89.46 E44.64851
G0 F6000 X100.208 Y89.46
G1 F600 X123.04 Y112.292 E45.72246
G0 F6000 X123.04 Y112.858
G1 F600 X99.643 Y89.46 E46.82301
G0 F6000 X99.077 Y89.46
G1 F600 X123.04 Y113.423 E47.95015
G0 F6000 X123.04 Y113.989
G1 F600 X98.511 Y89.46 E49.10392
G0 F6000 X97.946 Y89.46
G1 F600 X123.04 Y114.555 E50.28429
G0 F6000 X123.04 Y115.121
G1 F600 X97.38 Y89.46 E51.49128
G0 F6000 X96.96 Y89.606
G1 F600 X123.04 Y115.686 E52.71801
G0 F6000 X123.04 Y116.252
G1 F600 X96.96 Y90.172 E53.94473
G0 F6000 X96.96 Y90.737
G1 F600 X123.04 Y116.818 E55.17148
G0 F6000 X123.04 Y117.383
G1 F600 X96.96 Y91.303 E56.3982
G0 F6000 X96.96 Y91.869
G1 F600 X123.04 Y117.949 E57.62492
G0 F6000 X123.04 Y118.515
G1 F600 X96.96 Y92.434 E58.85167
G0 F6000 X96.96 Y93
G1 F600 X123.04 Y119.08 E60.07839
G0 F6000 X123.04 Y119.646
G1 F600 X96.96 Y93.566 E61.30512
G0 F6000 X96.96 Y94.131
G1 F600 X123.04 Y120.212 E62.53186
G0 F6000 X123.04 Y120.777
G1 F600 X96.96 Y94.697 E63.75859
G0 F6000 X96.96 Y95.263
G1 F600 X123.04 Y121.343 E64.98531
G0 F6000 X123.04 Y121.909
G1 F600 X96.96 Y95.829 E66.21203
G0 F6000 X96.96 Y96.394
G1 F600 X123.04 Y122.474 E67.43875
G0 F6000 X123.04 Y123.04
G1 F600 X96.96 Y96.96 E68.66548
G0 F6000 X96.96 Y97.526
G1 F600 X123.04 Y123.606 E69.8922
G0 F6000 X123.04 Y124.171
G1 F600 X96.96 Y98.091 E71.11892
G0 F6000 X96.96 Y98.657
G1 F600 X123.04 Y124.737 E72.34565
G0 F6000 X123.04 Y125.303
G1 F600 X107.791 Y110.053 E73.06294
G0 F6000 X107.93 Y110.758
G1 F600 X123.04 Y125.869 E73.77369
G0 F6000 X123.04 Y126.434
G1 F600 X107.943 Y111.337 E74.48381
G0 F6000 X107.839 Y111.799
G1 F600 X123.04 Y127 E75.19881
G0 F6000 X123.04 Y127.566
G1 F600 X107.692 Y112.217 E75.92076
G0 F6000 X107.489 Y112.58
G1 F600 X123.04 Y128.131 E76.65223
G0 F6000 X123.04 Y128.697
G1 F600 X107.252 Y112.909 E77.39485
G0 F6000 X106.977 Y113.2
G1 F600 X115.993 Y122.216 E77.81894
G0 F6000 X115.277 Y122.066
G1 F600 X106.649 Y113.438 E78.22477
G0 F6000 X106.296 Y113.65
G1 F600 X114.712 Y122.066 E78.62063
G0 F6000 X114.245 Y122.165
G1 F600 X105.883 Y113.802 E79.01398
G0 F6000 X105.429 Y113.914
G1 F600 X113.8 Y122.285 E79.40773
G0 F6000 X113.434 Y122.485
G1 F600 X104.896 Y113.947 E79.80933
G0 F6000 X104.218 Y113.835
G1 F600 X113.122 Y122.738 E80.22812
G0 F6000 X112.821 Y123.003
G1 F600 X102.943 Y113.125 E80.69275
G1 X102.855 Y113.037
G1 X96.96 Y107.142 E80.97003
G0 F6000 X96.96 Y106.577
G1 F600 X102.147 Y111.763 E81.21399
G0 F6000 X102.048 Y111.099
G1 F600 X96.96 Y106.011 E81.45332
G0 F6000 X96.96 Y105.445
G1 F600 X102.074 Y110.56 E81.69389
G0 F6000 X102.176 Y110.096
G1 F600 X96.96 Y104.879 E81.93925
G0 F6000 X96.96 Y104.314
G1 F600 X102.349 Y109.703 E82.19274
G0 F6000 X102.54 Y109.329
G1 F600 X96.96 Y103.748 E82.45523
G0 F6000 X96.96 Y103.182
G1 F600 X102.793 Y109.015 E82.72959
G0 F6000 X103.098 Y108.754
G1 F600 X96.96 Y102.617 E83.01828
G0 F6000 X96.96 Y102.051
G1 F600 X103.408 Y108.499 E83.32158
G0 F6000 X103.783 Y108.308
G1 F600 X96.96 Y101.485 E83.64251
G0 F6000 X96.96 Y100.92
G1 F600 X104.211 Y108.171 E83.98357
G0 F6000 X104.668 Y108.062
G1 F600 X96.96 Y100.354 E84.34613
G0 F6000 X96.96 Y99.788
G1 F600 X105.227 Y108.055 E84.73499
G0 F6000 X105.93 Y108.192
G1 F600 X96.96 Y99.223 E85.15689
G0 F6000 X96.5 Y99.223
G0 X96.5 Y107.708
G0 X96.96 Y107.708
G1 F600 X112.564 Y123.312 E85.89085
G0 F6000 X112.363 Y123.677
G1 F600 X96.96 Y108.274 E86.61536
G0 F6000 X96.96 Y108.839
G1 F600 X112.19 Y124.069 E87.33173
G0 F6000 X112.09 Y124.535
G1 F600 X96.96 Y109.405 E88.0434
G0 F6000 X96.96 Y109.971
G1 F600 X112.04 Y125.051 E88.75272
G0 F6000 X112.126 Y125.702
G1 F600 X96.96 Y110.536 E89.46608
G0 F6000 X96.96 Y111.102
G1 F600 X112.663 Y126.805 E90.2047
G0 F6000 X113.093 Y127.235
G1 F600 X116.398 Y130.54 E90.36016
G0 F6000 X116.963 Y130.54
G1 F600 X114.276 Y127.852 E90.48657
G0 F6000 X114.942 Y127.952
G1 F600 X117.529 Y130.54 E90.60828
G0 F6000 X118.095 Y130.54
G1 F600 X115.463 Y127.908 E90.73208
G0 F6000 X115.918 Y127.798
G1 F600 X118.66 Y130.54 E90.86106
G0 F6000 X119.226 Y130.54
G1 F600 X116.312 Y127.626 E90.99812
G0 F6000 X116.675 Y127.423
G1 F600 X119.792 Y130.54 E91.14473
G0 F6000 X120.357 Y130.54
G1 F600 X116.992 Y127.174 E91.30304
G0 F6000 X117.269 Y126.886
G1 F600 X120.923 Y130.54 E91.47491
G0 F6000 X121.489 Y130.54
G1 F600 X117.506 Y126.557 E91.66226
G0 F6000 X117.698 Y126.183
G1 F600 X122.054 Y130.54 E91.86718
G0 F6000 X122.62 Y130.54
G1 F600 X117.849 Y125.768 E92.09161
G0 F6000 X117.934 Y125.288
G1 F600 X123.04 Y130.394 E92.33178
G0 F6000 X123.04 Y129.828
G1 F600 X117.932 Y124.72 E92.57205
G0 F6000 X117.77 Y123.993
G1 F600 X123.04 Y129.263 E92.81993
G0 F6000 X123.5 Y129.263
G0 X123.428 Y130.928
G0 X115.832 Y131
G0 X115.832 Y130.54
G1 F600 X96.96 Y111.668 E93.70761
G0 F6000 X96.96 Y112.233
G1 F600 X115.266 Y130.54 E94.56869
G0 F6000 X114.7 Y130.54
G1 F600 X96.96 Y112.799 E95.40315
G0 F6000 X96.96 Y113.365
G1 F600 X114.135 Y130.54 E96.21101
G0 F6000 X113.569 Y130.54
G1 F600 X96.96 Y113.93 E96.99227
G0 F6000 X96.96 Y114.496
G1 F600 X113.003 Y130.54 E97.74691
G0 F6000 X112.438 Y130.54
G1 F600 X96.96 Y115.062 E98.47495
G0 F6000 X96.96 Y115.628
G1 F600 X111.872 Y130.54 E99.17636
G0 F6000 X111.306 Y130.54
G1 F600 X96.96 Y116.193 E99.85118
G0 F6000 X96.96 Y116.759
G1 F600 X110.741 Y130.54 E100.49939
G0 F6000 X110.175 Y130.54
G1 F600 X96.96 Y117.325 E101.12099
G0 F6000 X96.96 Y117.89
G1 F600 X109.609 Y130.54 E101.71598
G0 F6000 X109.044 Y130.54
G1 F600 X96.96 Y118.456 E102.28437
G0 F6000 X96.96 Y119.022
G1 F600 X108.478 Y130.54 E102.82615
G0 F6000 X107.912 Y130.54
G1 F600 X96.96 Y119.587 E103.34132
G0 F6000 X96.96 Y120.153
G1 F600 X107.347 Y130.54 E103.82989
G0 F6000 X106.781 Y130.54
G1 F600 X96.96 Y120.719 E104.29184
G0 F6000 X96.96 Y121.284
G1 F600 X106.215 Y130.54 E104.72719
G0 F6000 X105.65 Y130.54
G1 F600 X96.96 Y121.85 E105.13594
G0 F6000 X96.96 Y122.416
G1 F600 X105.084 Y130.54 E105.51807
G0 F6000 X104.518 Y130.54
G1 F600 X96.96 Y122.981 E105.8736
G0 F6000 X96.96 Y123.547
G1 F600 X103.952 Y130.54 E106.2025
G0 F6000 X103.387 Y130.54
G1 F600 X96.96 Y124.113 E106.50481
G0 F6000 X96.96 Y124.678
G1 F600 X102.821 Y130.54 E106.78052
G0 F6000 X102.255 Y130.54
G1 F600 X96.96 Y125.244 E107.0296
G0 F6000 X96.96 Y125.81
G1 F600 X101.69 Y130.54 E107.25209
G0 F6000 X101.124 Y130.54
G1 F600 X96.96 Y126.376 E107.44795
G0 F6000 X96.96 Y126.941
G1 F600 X100.558 Y130.54 E107.61721
G0 F6000 X99.993 Y130.54
G1 F600 X96.96 Y127.507 E107.75987
G0 F6000 X96.96 Y128.073
G1 F600 X99.427 Y130.54 E107.87591
G0 F6000 X98.861 Y130.54
M104 S240
G1 F600 X96.96 Y128.638 E107.96535
G0 F6000 X96.96 Y129.204
G1 F600 X98.296 Y130.54 E108.0282
G0 F6000 X97.73 Y130.54
G1 F600 X96.96 Y129.77 E108.06441
G0 F6000 X96.96 Y130.335
G1 F600 X97.164 Y130.54 E108.07403
G1 F2700 E103.07403
G0 F6000 X97.164 Y131
G0 X123.428 Y130.928
G0 X123.5 Y108.332
G0 X123.04 Y108.332
G1 F2700 E108.07403
G1 F600 X114.628 Y99.92 E108.46971
G0 F6000 X115.217 Y99.943
G1 F600 X123.04 Y107.767 E108.8377
G0 F6000 X123.04 Y107.201
G1 F600 X115.688 Y99.849 E109.18352
G0 F6000 X116.14 Y99.735
G1 F600 X123.04 Y106.635 E109.50807
G0 F6000 X123.04 Y106.07
G1 F600 X116.502 Y99.532 E109.8156
G0 F6000 X116.846 Y99.31
G1 F600 X123.04 Y105.504 E110.10695
G0 F6000 X123.04 Y104.938
G1 F600 X117.134 Y99.032 E110.38475
G0 F6000 X117.402 Y98.734
G1 F600 X123.04 Y104.372 E110.64994
G0 F6000 X123.04 Y103.807
G1 F600 X117.606 Y98.373 E110.90554
G0 F6000 X117.779 Y97.98
G1 F600 X123.04 Y103.241 E111.153
G0 F6000 X123.04 Y102.675
G1 F600 X117.905 Y97.54 E111.39453
G0 F6000 X117.939 Y97.009
G1 F600 X123.04 Y102.11 E111.63447
G0 F6000 X123.04 Y101.544
G1 F600 X117.891 Y96.395 E111.87666
G0 F6000 X117.452 Y96.525
G0 X117.103 Y95.671
G0 X117.488 Y95.426
G1 F600 X123.04 Y100.978 E112.13781
G0 F6000 X123.79 Y100.978
G1 F2700 E107.13781
;MESH:NONMESH
G0 F300 Z0.6
G0 F6000 X123.4 Y99.4
G0 X116.81 Y98.834
G0 X115.012 Y99.4
;TIME_ELAPSED:363.726042
;LAYER:1
M140 S55
M106 S42.5
;TYPE:WALL-INNER
;MESH:9V_battery_holder.obj
G1 F2700 E112.13781
G1 F1500 X114.698 Y99.374 E112.15877
G1 X114.165 Y99.256 E112.19509
G1 X113.676 Y99.007 E112.23159
G1 X113.155 Y98.561 E112.27721
G1 X112.848 Y98.049 E112.31692
G1 X112.711 Y97.758 E112.33832
G1 X112.589 Y97.069 E112.38486
G1 X112.607 Y96.685 E112.41043
G1 X112.782 Y96.064 E112.45335
G1 X112.917 Y95.799 E112.47313
G1 X113.344 Y95.251 E112.51935
G1 X113.608 Y95.049 E112.54146
G1 X113.844 Y94.901 E112.55999
G1 X114.122 Y94.767 E112.58052
G1 X114.615 Y94.616 E112.61482
G1 X115.172 Y94.616 E112.65187
G1 X115.462 Y94.64 E112.67123
G1 X115.909 Y94.778 E112.70235
G1 X116.186 Y94.897 E112.7224
G1 X116.418 Y95.062 E112.74134
G1 X116.769 Y95.369 E112.77236
G1 X116.962 Y95.635 E112.79422
G1 X117.21 Y96.061 E112.82701
G1 X117.292 Y96.304 E112.84407
G1 X117.394 Y96.72 E112.87256
G1 X117.386 Y97.315 E112.91214
G1 X117.298 Y97.68 E112.93712
G1 X117.169 Y98.011 E112.96075
G1 X116.969 Y98.381 E112.98873
G1 X116.595 Y98.813 E113.02674
G1 X116.105 Y99.134 E113.0657
G1 X115.585 Y99.341 E113.10294
G1 X115.012 Y99.4 E113.14125
G0 F9000 X114.908 Y99.01
G1 F1500 X114.302 Y98.878 E113.18251
G1 X113.879 Y98.662 E113.2141
G1 X113.441 Y98.27 E113.2532
G1 X113.103 Y97.683 E113.29826
G1 X112.979 Y97.008 E113.34391
G1 X113 Y96.758 E113.3606
G1 X113.157 Y96.207 E113.39871
G1 X113.254 Y96.016 E113.41296
G1 X113.671 Y95.482 E113.45803
G1 X114.16 Y95.175 E113.49644
G1 X114.667 Y95.016 E113.53179
G1 X115.297 Y95.016 E113.57369
G1 X115.791 Y95.16 E113.60792
G1 X116.056 Y95.274 E113.62711
G1 X116.549 Y95.719 E113.67129
G1 X116.87 Y96.27 E113.71371
G1 X116.994 Y96.762 E113.74746
G1 X116.986 Y97.27 E113.78126
G1 X116.91 Y97.583 E113.80268
G1 X116.818 Y97.819 E113.81953
G1 X116.609 Y98.188 E113.84774
G1 X116.319 Y98.518 E113.87697
G1 X115.879 Y98.795 E113.91155
G1 X115.489 Y98.949 E113.93945
G1 X114.908 Y99.01 E113.97831
G0 F9000 X114.933 Y98.607
G1 F1500 X114.437 Y98.495 E114.01213
G1 X114.11 Y98.333 E114.03641
G1 X113.756 Y98.017 E114.06797
G1 X113.482 Y97.542 E114.10445
G1 X113.386 Y96.996 E114.14133
G1 X113.393 Y96.83 E114.15238
G1 X113.546 Y96.301 E114.18901
G1 X113.941 Y95.785 E114.23224
G1 X114.33 Y95.541 E114.26278
G1 X114.715 Y95.416 E114.28971
G1 X115.249 Y95.416 E114.32523
G1 X115.797 Y95.579 E114.36326
G1 X116.231 Y95.968 E114.40203
G1 X116.491 Y96.426 E114.43706
G1 X116.594 Y96.806 E114.46325
G1 X116.58 Y97.252 E114.49294
G1 X116.467 Y97.628 E114.51905
G1 X116.284 Y97.955 E114.54398
G1 X116.052 Y98.207 E114.56677
G1 X115.701 Y98.437 E114.59468
G1 X115.385 Y98.553 E114.61707
G1 X114.933 Y98.607 E114.64735
G1 F2700 E109.64735
G0 F9000 X114.87 Y98.906
G0 X113.592 Y99.172
G0 X106.429 Y108.839
G0 X106.842 Y110.772
G0 X106.837 Y111.258
G0 X106.738 Y111.653
G0 X106.491 Y112.104
G0 X104.919 Y113.413
G1 F2700 E114.64735
G1 F1500 X104.238 Y113.277 E114.69355
G1 X103.998 Y113.175 E114.71089
G1 X103.628 Y112.972 E114.73897
G1 X103.198 Y112.596 E114.77697
G1 X103.024 Y112.349 E114.79706
G1 X102.765 Y111.908 E114.83108
G1 X102.678 Y111.589 E114.85308
G1 X102.58 Y111.043 E114.88998
G1 X102.6 Y110.681 E114.9141
G1 X102.754 Y110.164 E114.94998
G1 X102.854 Y109.917 E114.96771
G1 X102.992 Y109.702 E114.9847
G1 X103.248 Y109.374 E115.01238
G1 X103.484 Y109.123 E115.0353
G1 X104.026 Y108.799 E115.0773
G1 X104.565 Y108.62 E115.11508
G1 X105.391 Y108.621 E115.17003
G1 X106.04 Y108.825 E115.21528
G1 X106.322 Y108.985 E115.23685
G1 X106.727 Y109.334 E115.27241
G1 X106.9 Y109.526 E115.2896
G1 X107.251 Y110.136 E115.33642
G1 X107.39 Y110.707 E115.37551
G1 X107.382 Y111.33 E115.41696
G1 X107.276 Y111.776 E115.44745
G1 X107.17 Y112.011 E115.4646
G1 X106.924 Y112.451 E115.49813
G1 X106.52 Y112.865 E115.53661
G1 X106.06 Y113.152 E115.57268
G1 X105.607 Y113.329 E115.60503
G1 X104.919 Y113.413 E115.65114
G0 F9000 X104.933 Y113.009
G1 F1500 X104.287 Y112.877 E115.695
G1 X103.864 Y112.647 E115.72703
G1 X103.45 Y112.285 E115.76361
G1 X103.102 Y111.69 E115.80946
G1 X102.978 Y111.004 E115.85583
G1 X102.999 Y110.767 E115.87166
G1 X103.137 Y110.278 E115.90546
G1 X103.232 Y110.044 E115.92226
G1 X103.678 Y109.474 E115.9704
G1 X104.156 Y109.185 E116.00756
G1 X104.623 Y109.019 E116.04053
G1 X105.337 Y109.019 E116.08802
G1 X105.885 Y109.194 E116.12629
G1 X106.086 Y109.308 E116.14166
G1 X106.449 Y109.622 E116.17359
G1 X106.617 Y109.836 E116.19169
G1 X106.875 Y110.295 E116.22671
G1 X106.99 Y110.752 E116.25806
G1 X106.985 Y111.277 E116.29298
G1 X106.885 Y111.692 E116.32138
G1 X106.611 Y112.193 E116.35937
G1 X106.31 Y112.521 E116.38898
G1 X105.946 Y112.759 E116.41791
G1 X105.489 Y112.948 E116.45081
G1 X104.933 Y113.009 E116.48801
G0 F9000 X104.954 Y112.608
G1 F1500 X104.438 Y112.495 E116.52315
G1 X104.121 Y112.334 E116.5468
G1 X103.766 Y112.033 E116.57776
G1 X103.484 Y111.551 E116.61491
G1 X103.382 Y110.987 E116.65304
G1 X103.391 Y110.826 E116.66376
G1 X103.553 Y110.282 E116.70152
G1 X103.947 Y109.78 E116.74397
G1 X104.329 Y109.546 E116.77377
G1 X104.693 Y109.417 E116.79946
G1 X105.274 Y109.418 E116.83811
G1 X105.805 Y109.587 E116.87517
G1 X106.211 Y109.945 E116.91118
G1 X106.497 Y110.426 E116.94841
G1 X106.592 Y110.798 E116.97395
G1 X106.58 Y111.252 E117.00416
G1 X106.504 Y111.556 E117.025
G1 X106.283 Y111.963 E117.05581
G1 X106.049 Y112.214 E117.07864
G1 X105.702 Y112.437 E117.10607
G1 X105.375 Y112.555 E117.1292
G1 X104.954 Y112.608 E117.15743
G1 F2700 E112.15743
G0 F9000 X104.987 Y112.914
G0 X106.186 Y113.296
G0 X113.189 Y123.156
G0 X113.146 Y125.08
G0 X113.252 Y125.64
G0 X113.538 Y126.135
G0 X115.019 Y127.405
G1 F2700 E117.15743
G1 F1500 X114.678 Y127.369 E117.18024
G1 X114.342 Y127.298 E117.20308
G1 X113.902 Y127.14 E117.23418
G1 X113.534 Y126.89 E117.26377
G1 X113.192 Y126.591 E117.29399
G1 X113.024 Y126.349 E117.31359
G1 X112.848 Y126.049 E117.33672
G1 X112.703 Y125.739 E117.35949
G1 X112.586 Y125.031 E117.40722
G1 X112.597 Y124.687 E117.43012
G1 X112.784 Y124.073 E117.47282
G1 X112.908 Y123.822 E117.49144
G1 X113.32 Y123.281 E117.53667
G1 X113.563 Y123.078 E117.55774
G1 X113.995 Y122.811 E117.59152
G1 X114.433 Y122.662 E117.62229
G1 X114.693 Y122.619 E117.63982
G1 X115.374 Y122.622 E117.68512
G1 X116.022 Y122.811 E117.73003
G1 X116.316 Y122.972 E117.75232
G1 X116.79 Y123.388 E117.79428
G1 X116.962 Y123.635 E117.8143
G1 X117.21 Y124.061 E117.84709
G1 X117.292 Y124.304 E117.86415
G1 X117.394 Y124.72 E117.89264
G1 X117.386 Y125.315 E117.93222
G1 X117.298 Y125.68 E117.9572
G1 X117.169 Y126.011 E117.98083
G1 X117.026 Y126.275 E118.0008
G1 X116.765 Y126.637 E118.03049
G1 X116.432 Y126.92 E118.05956
G1 X116.2 Y127.071 E118.07797
G1 X115.841 Y127.253 E118.10475
G1 X115.49 Y127.348 E118.12893
G1 X115.019 Y127.405 E118.16049
G0 F9000 X114.901 Y127.007
G1 F1500 X114.426 Y126.907 E118.19278
G1 X114.084 Y126.784 E118.21696
G1 X113.797 Y126.589 E118.24004
G1 X113.451 Y126.287 E118.27059
G1 X113.103 Y125.692 E118.31644
G1 X112.974 Y124.981 E118.36451
G1 X113.006 Y124.727 E118.38154
G1 X113.195 Y124.091 E118.42568
G1 X113.675 Y123.477 E118.47752
G1 X114.17 Y123.173 E118.51616
G1 X114.628 Y123.018 E118.54832
G1 X115.318 Y123.02 E118.59422
G1 X115.873 Y123.184 E118.63272
G1 X116.079 Y123.297 E118.64835
G1 X116.535 Y123.695 E118.68861
G1 X116.87 Y124.27 E118.73288
G1 X116.994 Y124.762 E118.76663
G1 X116.986 Y125.27 E118.80043
G1 X116.91 Y125.583 E118.82185
G1 X116.818 Y125.819 E118.8387
G1 X116.674 Y126.083 E118.85871
G1 X116.34 Y126.502 E118.89435
G1 X115.87 Y126.81 E118.93173
G1 X115.421 Y126.954 E118.9631
G1 X114.901 Y127.007 E118.99787
G0 F9000 X114.928 Y126.605
G1 F1500 X114.419 Y126.495 E119.03251
G1 X114.06 Y126.288 E119.06007
G1 X113.782 Y126.045 E119.08463
G1 X113.485 Y125.557 E119.12264
G1 X113.393 Y125.047 E119.15711
G1 X113.397 Y124.812 E119.17274
G1 X113.569 Y124.261 E119.21114
G1 X113.958 Y123.772 E119.2527
G1 X114.355 Y123.534 E119.2835
G1 X114.69 Y123.417 E119.3071
G1 X115.274 Y123.418 E119.34595
G1 X115.788 Y123.583 E119.38186
G1 X116.221 Y123.95 E119.41962
G1 X116.491 Y124.426 E119.45602
G1 X116.594 Y124.806 E119.48221
G1 X116.58 Y125.252 E119.51189
G1 X116.467 Y125.628 E119.53801
G1 X116.323 Y125.892 E119.55801
G1 X116.069 Y126.201 E119.58462
G1 X115.696 Y126.444 E119.61423
G1 X115.352 Y126.56 E119.63838
G1 X114.928 Y126.605 E119.66674
G1 F2700 E114.66674
G0 F9000 X114.865 Y126.905
G0 X113.414 Y127.026
G0 X113.414 Y130.9
G0 X110 Y131.1
G1 F2700 E119.66674
G1 F1500 X123.6 Y131.1 E120.57142
G1 X123.6 Y88.9 E123.37857
G1 X96.4 Y88.9 E125.18793
G1 X96.4 Y131.1 E127.99508
G1 X110 Y131.1 E128.89976
G0 F9000 X110 Y131.5
G1 F1500 X124 Y131.5 E129.83104
G1 X124 Y88.5 E132.69141
G1 X96 Y88.5 E134.55398
G1 X96 Y131.5 E137.41435
G1 X110 Y131.5 E138.34564
G0 F9000 X110 Y131.9
G1 F1500 X124.4 Y131.9 E139.30353
G1 X124.4 Y88.1 E142.21712
G1 X95.6 Y88.1 E144.1329
G1 X95.6 Y131.9 E147.04649
G1 X110 Y131.9 E148.00438
G0 F9000 X110 Y132.3
;TYPE:WALL-OUTER
G1 F1500 X124.8 Y132.3 E148.98888
G1 X124.8 Y87.7 E151.95568
G1 X95.2 Y87.7 E153.92468
G1 X95.2 Y132.3 E156.89149
G1 X110 Y132.3 E157.87599
G1 F2700 E152.87599
G0 F9000 X110 Y131.59
G0 X115.05 Y130.9
G0 X115.022 Y127.586
G0 X114.972 Y126.2
G1 F2700 E157.87599
G1 F1500 X114.594 Y126.124 E157.90163
G1 X114.364 Y126.015 E157.91857
G1 X114.077 Y125.767 E157.9438
G1 X113.867 Y125.408 E157.97146
G1 X113.78 Y124.93 E158.00378
G1 X113.916 Y124.474 E158.03544
G1 X114.21 Y124.094 E158.0674
G1 X114.493 Y123.911 E158.08981
G1 X114.74 Y123.822 E158.10728
G1 X115.192 Y123.816 E158.13735
G1 X115.599 Y123.939 E158.16563
G1 X115.906 Y124.212 E158.19296
G1 X116.121 Y124.579 E158.22125
G1 X116.19 Y124.837 E158.23902
G1 X116.186 Y125.183 E158.26204
G1 X116.116 Y125.436 E158.2795
G1 X115.944 Y125.74 E158.30273
G1 X115.774 Y125.916 E158.31901
G1 X115.502 Y126.088 E158.34042
G1 X115.283 Y126.166 E158.35588
G1 X114.972 Y126.2 E158.37669
G1 F2700 E153.37669
G0 F9000 X115.05 Y126.907
G0 X113.884 Y125.933
G0 X113.681 Y125.581
G0 X113.189 Y123.156
G0 X106.186 Y113.296
G0 X104.949 Y112.199
G1 F2700 E158.37669
G1 F1500 X104.57 Y112.117 E158.40249
G1 X104.364 Y112.015 E158.41778
G1 X104.078 Y111.769 E158.44287
G1 X103.868 Y111.41 E158.47054
G1 X103.779 Y110.933 E158.50282
G1 X103.918 Y110.471 E158.53491
G1 X104.215 Y110.085 E158.56731
G1 X104.501 Y109.907 E158.58972
G1 X104.76 Y109.818 E158.60793
G1 X105.19 Y109.816 E158.63654
G1 X105.6 Y109.944 E158.66511
G1 X105.91 Y110.216 E158.69254
G1 X106.12 Y110.576 E158.72027
G1 X106.19 Y110.839 E158.73837
G1 X106.188 Y111.167 E158.76019
G1 X106.123 Y111.422 E158.7777
G1 X105.964 Y111.713 E158.79975
G1 X105.774 Y111.916 E158.81825
G1 X105.535 Y112.072 E158.83724
G1 X105.311 Y112.159 E158.85322
G1 X104.949 Y112.199 E158.87745
G1 F2700 E153.87745
G0 F9000 X104.807 Y112.893
G0 X105.956 Y112.094
G0 X106.164 Y111.869
G0 X106.362 Y111.505
G0 X106.429 Y108.839
G0 X113.592 Y99.172
G0 X114.956 Y98.2
G1 F2700 E158.87745
G1 F1500 X114.582 Y98.121 E158.90287
G1 X114.352 Y98.008 E158.91992
G1 X114.085 Y97.777 E158.94341
G1 X113.874 Y97.425 E158.97071
G1 X113.778 Y96.928 E159.00438
G1 X113.918 Y96.466 E159.03649
G1 X114.216 Y96.083 E159.06877
G1 X114.521 Y95.899 E159.09247
G1 X114.758 Y95.818 E159.10913
G1 X115.207 Y95.818 E159.13899
G1 X115.595 Y95.941 E159.16607
G1 X115.901 Y96.206 E159.193
G1 X116.121 Y96.579 E159.2218
G1 X116.19 Y96.837 E159.23957
G1 X116.186 Y97.183 E159.26259
G1 X116.116 Y97.436 E159.28005
G1 X115.959 Y97.721 E159.30169
G1 X115.794 Y97.901 E159.31794
G1 X115.502 Y98.088 E159.341
G1 X115.294 Y98.163 E159.35571
G1 X114.956 Y98.2 E159.37833
G1 F2700 E154.37833
G0 F9000 X114.813 Y98.894
G0 X114.768 Y99.575
G0 X114.768 Y130.9
G0 X110 Y131
G0 X110 Y130.74
;TYPE:SKIN
G1 F2700 E159.37833
G1 F1500 X96.76 Y130.74 E160.25906
G1 X96.76 Y89.26 E163.01832
G1 X123.24 Y89.26 E164.77977
G1 X123.24 Y130.74 E167.53903
G1 X110 Y130.74 E168.41976
G1 F2700 E163.41976
G0 F9000 X110 Y131
G0 X115.024 Y130.9
G0 X115.022 Y127.586
G0 X115.016 Y127.764
G1 F2700 E168.41976
G1 F1500 X115.54 Y127.703 E168.45485
G1 X115.987 Y127.579 E168.48571
G1 X116.383 Y127.379 E168.51522
G1 X116.627 Y127.219 E168.53463
G1 X117.014 Y126.893 E168.56829
G1 X117.327 Y126.47 E168.6033
G1 X117.495 Y126.161 E168.62669
G1 X117.639 Y125.789 E168.65323
G1 X117.722 Y125.455 E168.67612
G1 X117.748 Y125.183 E168.6943
G1 X117.752 Y124.854 E168.71618
G1 X117.728 Y124.578 E168.73461
G1 X117.643 Y124.22 E168.75909
G1 X117.541 Y123.926 E168.77979
G1 X117.273 Y123.459 E168.81561
G1 X117.113 Y123.226 E168.83441
G1 X116.921 Y123.021 E168.85309
G1 X116.536 Y122.685 E168.88708
G1 X116.171 Y122.483 E168.91483
G1 X115.389 Y122.252 E168.96907
G1 X114.666 Y122.256 E169.01717
G1 X114.349 Y122.299 E169.03845
G1 X113.778 Y122.517 E169.07911
G1 X113.295 Y122.826 E169.11725
G1 X113.052 Y123.037 E169.13866
G1 X112.628 Y123.583 E169.18464
G1 X112.451 Y123.91 E169.20938
G1 X112.264 Y124.561 E169.25443
G1 X112.205 Y125.002 E169.28403
G1 X112.323 Y125.662 E169.32863
G1 X112.395 Y125.922 E169.34657
G1 X112.535 Y126.23 E169.36908
G1 X112.795 Y126.67 E169.40308
G1 X113.064 Y126.956 E169.42919
G1 X113.294 Y127.162 E169.44973
G1 X113.716 Y127.447 E169.48361
G1 X114.245 Y127.641 E169.52109
G1 X114.601 Y127.72 E169.54535
G1 X115.016 Y127.764 E169.57311
G1 F2700 E164.57311
G0 F9000 X115.024 Y127.504
G0 X113.57 Y126.19
G0 X113.252 Y125.64
G0 X113.166 Y125.186
G0 X113.189 Y123.156
G0 X105.617 Y113.52
G0 X104.904 Y113.494
G0 X104.894 Y113.774
G1 F2700 E169.57311
G1 F1500 X105.66 Y113.696 E169.62432
G1 X106.277 Y113.449 E169.66853
G1 X106.826 Y113.078 E169.71261
G1 X107.225 Y112.654 E169.75134
G1 X107.537 Y112.071 E169.79532
G1 X107.647 Y111.775 E169.81633
G1 X107.738 Y111.387 E169.84284
G1 X107.746 Y110.647 E169.89207
G1 X107.613 Y110.12 E169.92822
G1 X107.514 Y109.876 E169.94574
G1 X107.213 Y109.358 E169.98559
G1 X107.004 Y109.092 E170.0081
G1 X106.535 Y108.694 E170.04901
G1 X106.199 Y108.502 E170.07476
G1 X105.634 Y108.313 E170.11439
G1 X105.325 Y108.26 E170.13524
G1 X104.637 Y108.262 E170.18101
G1 X104.381 Y108.302 E170.19824
G1 X103.827 Y108.486 E170.23708
G1 X103.409 Y108.746 E170.26982
G1 X103.192 Y108.907 E170.28779
G1 X102.978 Y109.131 E170.3084
G1 X102.69 Y109.501 E170.33959
G1 X102.542 Y109.737 E170.35812
G1 X102.41 Y110.052 E170.38084
G1 X102.248 Y110.586 E170.41796
G1 X102.219 Y111.092 E170.45168
G1 X102.322 Y111.661 E170.49014
G1 X102.398 Y111.941 E170.50944
G1 X102.528 Y112.213 E170.5295
G1 X102.715 Y112.533 E170.55415
G1 X102.943 Y112.85 E170.58012
G1 X103.395 Y113.25 E170.62027
G1 X103.845 Y113.501 E170.65455
G1 X104.109 Y113.613 E170.67363
G1 X104.894 Y113.774 E170.72693
G1 F2700 E165.72693
G0 F9000 X104.904 Y113.494
G0 X106.217 Y112.4
G0 X106.491 Y112.104
G0 X106.738 Y111.653
G0 X107.056 Y109.446
G0 X114.104 Y99.427
G0 X114.852 Y99.496
G0 X114.845 Y99.772
G1 F2700 E170.72693
G1 F1500 X115.576 Y99.705 E170.77576
G1 X115.849 Y99.619 E170.7948
G1 X116.29 Y99.44 E170.82646
G1 X116.738 Y99.148 E170.86203
G1 X116.955 Y98.945 E170.8818
G1 X117.248 Y98.607 E170.91156
G1 X117.488 Y98.176 E170.94437
G1 X117.647 Y97.76 E170.974
G1 X117.722 Y97.455 E170.99489
G1 X117.748 Y97.183 E171.01307
G1 X117.752 Y96.854 E171.03495
G1 X117.728 Y96.586 E171.05285
G1 X117.639 Y96.212 E171.07842
G1 X117.542 Y95.927 E171.09845
G1 X117.259 Y95.435 E171.13621
G1 X117.017 Y95.105 E171.16343
G1 X116.653 Y94.785 E171.19567
G1 X116.38 Y94.592 E171.21791
G1 X116.03 Y94.439 E171.24332
G1 X115.557 Y94.289 E171.27633
G1 X115.183 Y94.256 E171.3013
G1 X114.778 Y94.256 E171.32824
G1 X114.506 Y94.28 E171.34641
G1 X114.098 Y94.382 E171.37438
G1 X113.669 Y94.583 E171.4059
G1 X113.413 Y94.742 E171.42594
G1 X113.178 Y94.921 E171.44559
G1 X112.961 Y95.149 E171.46653
G1 X112.617 Y95.593 E171.50389
G1 X112.452 Y95.919 E171.5282
G1 X112.229 Y96.664 E171.57993
G1 X112.228 Y97.106 E171.60933
G1 X112.346 Y97.767 E171.65399
G1 X112.488 Y98.153 E171.68135
G1 X112.739 Y98.578 E171.71419
G1 X112.974 Y98.882 E171.73975
G1 X113.488 Y99.321 E171.78471
G1 X114.049 Y99.599 E171.82636
G1 X114.845 Y99.772 E171.88055
G1 F2700 E166.88055
G0 F9000 X114.852 Y99.496
G0 X112.521 Y97.718
G0 X96.6 Y97.718
G0 X96.5 Y89.716
G0 X96.96 Y89.716
G1 F2700 E171.88055
G1 F1500 X97.217 Y89.46 E171.90468
G0 F9000 X97.782 Y89.46
G1 F1500 X96.96 Y90.282 E171.98201
G0 F9000 X96.96 Y90.848
G1 F1500 X98.348 Y89.46 E172.11258
G0 F9000 X98.914 Y89.46
G1 F1500 X96.96 Y91.413 E172.29635
G0 F9000 X96.96 Y91.979
G1 F1500 X99.479 Y89.46 E172.53333
G0 F9000 X100.045 Y89.46
G1 F1500 X96.96 Y92.545 E172.82354
G0 F9000 X96.96 Y93.11
G1 F1500 X100.611 Y89.46 E173.16696
G0 F9000 X101.176 Y89.46
G1 F1500 X96.96 Y93.676 E173.56358
G0 F9000 X96.96 Y94.242
G1 F1500 X101.742 Y89.46 E174.01344
G0 F9000 X102.308 Y89.46
G1 F1500 X96.96 Y94.807 E174.5165
G0 F9000 X96.96 Y95.373
G1 F1500 X102.873 Y89.46 E175.07276
G0 F9000 X103.439 Y89.46
G1 F1500 X96.96 Y95.939 E175.68226
G0 F9000 X96.96 Y96.505
G1 F1500 X104.005 Y89.46 E176.34501
G0 F9000 X104.57 Y89.46
G1 F1500 X96.96 Y97.07 E177.06091
G0 F9000 X96.96 Y97.636
G1 F1500 X105.136 Y89.46 E177.83006
G0 F9000 X105.702 Y89.46
G1 F1500 X96.96 Y98.202 E178.65245
G0 F9000 X96.96 Y98.767
G1 F1500 X106.268 Y89.46 E179.52805
G0 F9000 X106.833 Y89.46
G1 F1500 X96.96 Y99.333 E180.45684
G0 F9000 X96.96 Y99.899
G1 F1500 X107.399 Y89.46 E181.43888
G0 F9000 X107.965 Y89.46
G1 F1500 X96.96 Y100.464 E182.47411
G0 F9000 X96.96 Y101.03
G1 F1500 X108.53 Y89.46 E183.56255
G0 F9000 X109.096 Y89.46
G1 F1500 X96.96 Y101.596 E184.70423
G0 F9000 X96.96 Y102.161
G1 F1500 X109.662 Y89.46 E185.89911
G0 F9000 X110.227 Y89.46
G1 F1500 X96.96 Y102.727 E187.14718
G0 F9000 X96.96 Y103.293
G1 F1500 X110.793 Y89.46 E188.44851
G0 F9000 X111.359 Y89.46
G1 F1500 X96.96 Y103.858 E189.80303
G0 F9000 X96.96 Y104.424
G1 F1500 X111.924 Y89.46 E191.21075
G0 F9000 X112.49 Y89.46
G1 F1500 X96.96 Y104.99 E192.67172
G0 F9000 X96.96 Y105.555
G1 F1500 X113.056 Y89.46 E194.18588
G0 F9000 X113.621 Y89.46
G1 F1500 X96.96 Y106.121 E195.75325
G0 F9000 X96.96 Y106.687
G1 F1500 X114.187 Y89.46 E197.37386
G0 F9000 X114.753 Y89.46
G1 F1500 X96.96 Y107.253 E199.04772
G0 F9000 X96.96 Y107.818
G1 F1500 X115.319 Y89.46 E200.77477
G0 F9000 X115.884 Y89.46
G1 F1500 X96.96 Y108.384 E202.55503
G0 F9000 X96.96 Y108.95
G1 F1500 X116.45 Y89.46 E204.38852
G0 F9000 X117.016 Y89.46
G1 F1500 X96.96 Y109.515 E206.27522
G0 F9000 X96.96 Y110.081
G1 F1500 X117.581 Y89.46 E208.21512
G0 F9000 X118.147 Y89.46
G1 F1500 X96.96 Y110.647 E210.20826
G0 F9000 X96.96 Y111.212
G1 F1500 X112.234 Y95.938 E211.64515
G0 F9000 X112.03 Y96.707
G1 F1500 X96.96 Y111.778 E213.06289
G0 F9000 X96.96 Y112.344
G1 F1500 X112.052 Y97.252 E214.48265
G0 F9000 X112.138 Y97.731
G1 F1500 X96.96 Y112.909 E215.9105
G0 F9000 X96.96 Y113.475
G1 F1500 X112.276 Y98.159 E217.35134
G0 F9000 X112.477 Y98.524
G1 F1500 X96.96 Y114.041 E218.81108
G0 F9000 X96.96 Y114.606
G1 F1500 X112.704 Y98.862 E220.29218
G0 F9000 X112.982 Y99.15
G1 F1500 X103.875 Y108.257 E221.14891
G0 F9000 X104.634 Y108.064
G1 F1500 X113.286 Y99.412 E221.96284
G0 F9000 X113.646 Y99.617
G1 F1500 X105.202 Y108.061 E222.7572
G0 F9000 X105.702 Y108.127
G1 F1500 X114.03 Y99.799 E223.54065
G0 F9000 X114.495 Y99.9
G1 F1500 X106.128 Y108.267 E224.32776
G0 F9000 X106.509 Y108.451
G1 F1500 X115 Y99.96 E225.12654
G0 F9000 X115.63 Y99.897
G1 F1500 X106.836 Y108.69 E225.95378
G0 F9000 X107.14 Y108.952
G1 F1500 X116.644 Y99.447 E226.84791
G0 F9000 X116.395 Y99.065
G0 X117.075 Y98.396
G0 X117.477 Y98.615
G1 F1500 X123.04 Y93.052 E227.37124
G0 F9000 X123.04 Y93.617
G1 F1500 X107.39 Y109.267 E228.8435
G0 F9000 X107.6 Y109.623
G1 F1500 X123.04 Y94.183 E230.296
G0 F9000 X123.04 Y94.749
G1 F1500 X107.782 Y110.007 E231.73138
G0 F9000 X107.903 Y110.451
G1 F1500 X123.04 Y95.314 E233.15537
G0 F9000 X123.04 Y95.88
G1 F1500 X107.941 Y110.98 E234.57584
G0 F9000 X107.894 Y111.592
G1 F1500 X123.04 Y96.446 E236.00068
G0 F9000 X123.04 Y97.012
G1 F1500 X107.508 Y112.544 E237.46184
G0 F9000 X107.108 Y112.326
G0 X106.284 Y113.134
G0 X106.536 Y113.516
G1 F1500 X96.96 Y123.092 E238.36269
G0 F9000 X96.96 Y123.657
G1 F1500 X123.04 Y97.577 E240.81614
G0 F9000 X123.04 Y98.143
G1 F1500 X96.96 Y124.223 E243.26958
G0 F9000 X96.96 Y124.789
G1 F1500 X123.04 Y98.709 E245.72303
G0 F9000 X123.04 Y99.274
G1 F1500 X96.96 Y125.354 E248.17648
G0 F9000 X96.96 Y125.92
G1 F1500 X123.04 Y99.84 E250.62992
G0 F9000 X123.04 Y100.406
G1 F1500 X96.96 Y126.486 E253.08337
G0 F9000 X96.96 Y127.052
G1 F1500 X123.04 Y100.971 E255.53686
G0 F9000 X123.04 Y101.537
G1 F1500 X96.96 Y127.617 E257.99031
G0 F9000 X96.96 Y128.183
G1 F1500 X123.04 Y102.103 E260.44376
G0 F9000 X123.04 Y102.668
G1 F1500 X96.96 Y128.749 E262.89725
G0 F9000 X96.96 Y129.314
G1 F1500 X123.04 Y103.234 E265.3507
G0 F9000 X123.04 Y103.8
G1 F1500 X96.96 Y129.88 E267.80414
G0 F9000 X96.96 Y130.446
G1 F1500 X123.04 Y104.365 E270.25764
G0 F9000 X123.04 Y104.931
G1 F1500 X97.431 Y130.54 E272.66677
G0 F9000 X97.997 Y130.54
G1 F1500 X123.04 Y105.497 E275.02267
G0 F9000 X123.04 Y106.062
G1 F1500 X98.562 Y130.54 E277.32541
G0 F9000 X99.128 Y130.54
G1 F1500 X123.04 Y106.628 E279.5749
G0 F9000 X123.04 Y107.194
G1 F1500 X99.694 Y130.54 E281.77115
G0 F9000 X100.259 Y130.54
G1 F1500 X123.04 Y107.76 E283.9142
G0 F9000 X123.04 Y108.325
G1 F1500 X100.825 Y130.54 E286.00405
G0 F9000 X101.391 Y130.54
G1 F1500 X123.04 Y108.891 E288.04065
G0 F9000 X123.04 Y109.457
G1 F1500 X101.956 Y130.54 E290.02406
G0 F9000 X102.522 Y130.54
G1 F1500 X123.04 Y110.022 E291.95427
G0 F9000 X123.04 Y110.588
G1 F1500 X103.088 Y130.54 E293.83123
G0 F9000 X103.653 Y130.54
G1 F1500 X123.04 Y111.154 E295.65499
G0 F9000 X123.04 Y111.719
G1 F1500 X104.219 Y130.54 E297.42556
G0 F9000 X104.785 Y130.54
G1 F1500 X123.04 Y112.285 E299.14288
G0 F9000 X123.04 Y112.851
G1 F1500 X113.31 Y122.58 E300.05817
G0 F9000 X112.61 Y123.281
G1 F1500 X105.35 Y130.54 E300.7411
G0 F9000 X105.916 Y130.54
G1 F1500 X112.12 Y124.336 E301.32473
G0 F9000 X112.004 Y125.018
G1 F1500 X106.482 Y130.54 E301.84421
G0 F9000 X107.047 Y130.54
G1 F1500 X112.09 Y125.498 E302.31857
G0 F9000 X112.197 Y125.957
G1 F1500 X107.613 Y130.54 E302.74976
G0 F9000 X108.179 Y130.54
G1 F1500 X112.373 Y126.347 E303.14426
G0 F9000 X112.582 Y126.703
G1 F1500 X108.745 Y130.54 E303.50522
G0 F9000 X109.31 Y130.54
G1 F1500 X112.839 Y127.012 E303.83716
G0 F9000 X113.131 Y127.285
G1 F1500 X109.876 Y130.54 E304.14337
G0 F9000 X110.442 Y130.54
G1 F1500 X113.464 Y127.518 E304.42766
G0 F9000 X113.839 Y127.708
G1 F1500 X111.007 Y130.54 E304.69408
G0 F9000 X111.573 Y130.54
G1 F1500 X114.261 Y127.852 E304.94695
G0 F9000 X114.743 Y127.936
G1 F1500 X112.139 Y130.54 E305.19192
G0 F9000 X112.704 Y130.54
G1 F1500 X115.315 Y127.93 E305.4375
G0 F9000 X116.033 Y127.777
G1 F1500 X113.27 Y130.54 E305.69743
G0 F9000 X113.836 Y130.54
G1 F1500 X123.04 Y121.336 E306.56328
G0 F9000 X123.04 Y121.902
G1 F1500 X114.401 Y130.54 E307.37594
G0 F9000 X114.967 Y130.54
G1 F1500 X123.04 Y122.467 E308.1354
G0 F9000 X123.04 Y123.033
G1 F1500 X115.533 Y130.54 E308.84161
G0 F9000 X116.098 Y130.54
G1 F1500 X123.04 Y123.599 E309.49462
G0 F9000 X123.04 Y124.164
G1 F1500 X116.664 Y130.54 E310.09444
G0 F9000 X117.23 Y130.54
G1 F1500 X123.04 Y124.73 E310.64101
G0 F9000 X123.04 Y125.296
G1 F1500 X117.796 Y130.54 E311.13433
G0 F9000 X118.361 Y130.54
G1 F1500 X123.04 Y125.861 E311.5745
G0 F9000 X123.04 Y126.427
G1 F1500 X118.927 Y130.54 E311.96143
G0 F9000 X119.493 Y130.54
G1 F1500 X123.04 Y126.993 E312.29511
G0 F9000 X123.04 Y127.559
G1 F1500 X120.058 Y130.54 E312.57559
G0 F9000 X120.624 Y130.54
G1 F1500 X123.04 Y128.124 E312.80287
G0 F9000 X123.04 Y128.69
G1 F1500 X121.19 Y130.54 E312.97691
G0 F9000 X121.755 Y130.54
G1 F1500 X123.04 Y129.256 E313.09775
G0 F9000 X123.04 Y129.821
G1 F1500 X122.321 Y130.54 E313.16539
G0 F9000 X122.887 Y130.54
G1 F1500 X123.04 Y130.387 E313.17978
G1 F2700 E308.17978
G0 F9000 X123.5 Y130.387
G0 X123.4 Y125.893
G0 X117.552 Y125.361
G0 X117.321 Y125.893
G0 X117.749 Y126.062
G1 F2700 E313.17978
G1 F1500 X123.04 Y120.77 E313.67757
G0 F9000 X123.04 Y120.205
G1 F1500 X117.937 Y125.308 E314.15763
G0 F9000 X117.943 Y124.736
G1 F1500 X123.04 Y119.639 E314.63712
G0 F9000 X123.04 Y119.073
G1 F1500 X117.857 Y124.256 E315.12471
G0 F9000 X117.719 Y123.829
G1 F1500 X123.04 Y118.508 E315.62528
G0 F9000 X123.04 Y117.942
G1 F1500 X117.511 Y123.471 E316.14541
G0 F9000 X117.289 Y123.127
G1 F1500 X123.04 Y117.376 E316.68643
G0 F9000 X123.04 Y116.811
G1 F1500 X117.013 Y122.837 E317.25337
G0 F9000 X116.712 Y122.573
G1 F1500 X123.04 Y116.245 E317.84867
G0 F9000 X123.04 Y115.679
G1 F1500 X116.361 Y122.358 E318.47698
G0 F9000 X115.948 Y122.206
G1 F1500 X123.04 Y115.113 E319.1442
G0 F9000 X123.04 Y114.548
G1 F1500 X115.51 Y122.078 E319.85258
G0 F9000 X114.965 Y122.057
G1 F1500 X123.04 Y113.982 E320.61223
G0 F9000 X123.04 Y113.416
G1 F1500 X114.359 Y122.098 E321.42893
G1 F2700 E316.42893
G0 F9000 X114.42 Y122.553
G0 X113.861 Y122.675
G0 X106.186 Y113.296
G0 X105.536 Y113.447
G0 X105.581 Y113.905
G1 F2700 E321.42893
G1 F1500 X96.96 Y122.526 E322.23994
G0 F9000 X96.96 Y121.96
G1 F1500 X104.952 Y113.969 E322.99173
G0 F9000 X104.464 Y113.891
G1 F1500 X96.96 Y121.395 E323.69766
G0 F9000 X96.96 Y120.829
G1 F1500 X104.004 Y113.785 E324.36032
G0 F9000 X103.618 Y113.605
G1 F1500 X96.96 Y120.263 E324.98666
G0 F9000 X96.96 Y119.698
G1 F1500 X103.26 Y113.397 E325.57937
G0 F9000 X102.96 Y113.132
G1 F1500 X96.96 Y119.132 E326.14382
G0 F9000 X96.96 Y118.566
G1 F1500 X102.685 Y112.841 E326.68239
G0 F9000 X102.463 Y112.498
G1 F1500 X96.96 Y118.001 E327.20008
G0 F9000 X96.96 Y117.435
G1 F1500 X102.267 Y112.127 E327.69938
G0 F9000 X102.127 Y111.702
G1 F1500 X96.96 Y116.869 E328.18545
G0 F9000 X96.96 Y116.304
G1 F1500 X102.039 Y111.224 E328.6633
G0 F9000 X102.038 Y110.66
G1 F1500 X96.96 Y115.738 E329.14101
G0 F9000 X96.96 Y115.172
G1 F1500 X102.272 Y109.86 E329.64073
G1 F2700 E324.64073
G0 F9000 X102.699 Y110.034
G0 X104.405 Y108.483
G0 X112.644 Y98.06
G0 X113.265 Y96.356
G0 X114.138 Y94.65
G0 X113.94 Y94.233
G1 F2700 E329.64073
G1 F1500 X118.713 Y89.46 E330.08975
G0 F9000 X119.278 Y89.46
G1 F1500 X114.673 Y94.065 E330.52296
G0 F9000 X115.243 Y94.061
G1 F1500 X119.844 Y89.46 E330.95579
G0 F9000 X120.41 Y89.46
G1 F1500 X115.734 Y94.136 E331.39568
G0 F9000 X116.158 Y94.277
G1 F1500 X120.975 Y89.46 E331.84883
G0 F9000 X121.541 Y89.46
G1 F1500 X116.54 Y94.46 E332.31925
G0 F9000 X116.861 Y94.706
G1 F1500 X122.107 Y89.46 E332.81276
G0 F9000 X122.672 Y89.46
G1 F1500 X117.161 Y94.972 E333.33125
G0 F9000 X117.403 Y95.295
G1 F1500 X123.04 Y89.658 E333.86154
G0 F9000 X123.04 Y90.223
G1 F1500 X117.616 Y95.648 E334.37185
G0 F9000 X117.791 Y96.038
G1 F1500 X123.04 Y90.789 E334.86564
G0 F9000 X123.04 Y91.355
G1 F1500 X117.909 Y96.486 E335.34833
G0 F9000 X117.95 Y97.011
G1 F1500 X123.04 Y91.92 E335.82722
G0 F9000 X123.04 Y92.486
G1 F1500 X117.878 Y97.648 E336.31283
G0 F9000 X117.154 Y97.474
;MESH:NONMESH
G0 F300 Z1
G0 F9000 X115.263 Y99.388
;TIME_ELAPSED:525.786392
;LAYER:2
M106 S85
;TYPE:WALL-INNER
;MESH:9V_battery_holder.obj
G1 F2400 X114.58 Y99.364 E336.35829
G1 X114.33 Y99.301 E336.37544
G1 X113.759 Y99.054 E336.41682
G1 X113.522 Y98.888 E336.43607
G1 X113.204 Y98.595 E336.46483
G1 X113.013 Y98.331 E336.48651
G1 X112.766 Y97.876 E336.52095
G1 X112.684 Y97.64 E336.53757
G1 X112.586 Y97.065 E336.57637
G1 X112.689 Y96.353 E336.62422
G1 X112.77 Y96.099 E336.64196
G1 X113.025 Y95.619 E336.67811
G1 X113.215 Y95.4 E336.6974
G1 X113.427 Y95.192 E336.71716
G1 X113.621 Y95.033 E336.73384
G1 X113.853 Y94.906 E336.75144
G1 X114.261 Y94.73 E336.78099
G1 X114.635 Y94.618 E336.80696
G1 X115.339 Y94.61 E336.8538
G1 X115.838 Y94.755 E336.88836
G1 X116.086 Y94.855 E336.90615
G1 X116.66 Y95.246 E336.95235
G1 X116.981 Y95.656 E336.98699
G1 X117.118 Y95.872 E337.004
G1 X117.217 Y96.122 E337.02189
G1 X117.376 Y96.698 E337.06164
G1 X117.401 Y96.996 E337.08153
G1 X117.332 Y97.538 E337.11788
G1 X117.271 Y97.789 E337.13506
G1 X117.05 Y98.229 E337.16781
G1 X116.891 Y98.488 E337.18803
G1 X116.483 Y98.889 E337.22608
G1 X116.252 Y99.042 E337.24451
G1 X115.646 Y99.309 E337.28856
G1 X115.263 Y99.388 E337.31458
G0 F12000 X115.241 Y98.987
G1 F2400 X114.677 Y98.968 E337.35212
G1 X114.392 Y98.898 E337.37164
G1 X113.875 Y98.66 E337.4095
G1 X113.439 Y98.271 E337.44837
G1 X113.089 Y97.637 E337.49654
G1 X112.989 Y97.062 E337.53536
G1 X113.099 Y96.351 E337.58322
G1 X113.376 Y95.803 E337.62407
G1 X113.842 Y95.346 E337.66748
G1 X114.419 Y95.097 E337.70929
G1 X114.685 Y95.017 E337.72777
G1 X115.294 Y95.011 E337.76828
G1 X115.843 Y95.174 E337.80637
G1 X116.387 Y95.544 E337.85014
G1 X116.739 Y95.998 E337.88835
G1 X116.833 Y96.233 E337.90519
G1 X116.982 Y96.767 E337.94207
G1 X116.999 Y96.981 E337.95635
G1 X116.938 Y97.469 E337.98906
G1 X116.845 Y97.748 E338.00862
G1 X116.617 Y98.2 E338.0423
G1 X116.131 Y98.659 E338.08677
G1 X115.476 Y98.94 E338.13418
G1 X115.241 Y98.987 E338.15012
G0 F12000 X115.3 Y98.583
G1 F2400 X114.635 Y98.568 E338.19437
G1 X114.087 Y98.32 E338.23438
G1 X113.757 Y98.02 E338.26405
G1 X113.47 Y97.503 E338.30338
G1 X113.394 Y97.058 E338.33341
G1 X113.485 Y96.467 E338.37319
G1 X113.726 Y96.019 E338.40703
G1 X114.065 Y95.686 E338.43864
G1 X114.671 Y95.425 E338.48253
G1 X115.244 Y95.41 E338.52066
G1 X115.675 Y95.541 E338.55062
G1 X116.12 Y95.853 E338.58678
G1 X116.419 Y96.238 E338.6192
G1 X116.602 Y96.886 E338.66399
G1 X116.536 Y97.474 E338.70335
G1 X116.289 Y97.96 E338.73962
G1 X115.925 Y98.308 E338.77312
G1 X115.3 Y98.583 E338.81854
G1 F2700 E333.81854
G0 F12000 X115.293 Y98.896
G0 X114.218 Y99.454
G0 X107.197 Y109.649
G0 X106.78 Y111.545
G0 X106.55 Y111.998
G0 X105.252 Y113.383
G1 F2700 E338.81854
G1 F2400 X104.609 Y113.363 E338.86133
G1 X104.342 Y113.305 E338.87951
G1 X103.851 Y113.094 E338.91506
G1 X103.604 Y112.961 E338.93372
G1 X103.187 Y112.589 E338.97089
G1 X103.013 Y112.331 E338.99159
G1 X102.821 Y111.987 E339.0178
G1 X102.692 Y111.702 E339.03861
G1 X102.621 Y111.301 E339.0657
G1 X102.594 Y110.987 E339.08666
G1 X102.675 Y110.448 E339.12292
G1 X102.749 Y110.139 E339.14405
G1 X103.028 Y109.612 E339.18372
G1 X103.215 Y109.4 E339.20252
G1 X103.511 Y109.11 E339.23009
G1 X103.751 Y108.95 E339.24928
G1 X104.368 Y108.684 E339.29397
G1 X104.678 Y108.622 E339.315
G1 X105.368 Y108.614 E339.3609
G1 X105.995 Y108.802 E339.40445
G1 X106.568 Y109.182 E339.45018
G1 X106.777 Y109.393 E339.46994
G1 X107.046 Y109.748 E339.49957
G1 X107.18 Y110.011 E339.5192
G1 X107.371 Y110.65 E339.56357
G1 X107.395 Y110.999 E339.58684
G1 X107.32 Y111.597 E339.62693
G1 X107.234 Y111.861 E339.6454
G1 X107.01 Y112.302 E339.6783
G1 X106.851 Y112.522 E339.69636
G1 X106.488 Y112.877 E339.73013
G1 X106.212 Y113.058 E339.75209
G1 X105.578 Y113.336 E339.79814
G1 X105.252 Y113.383 E339.82005
G0 F12000 X105.231 Y112.983
G1 F2400 X104.656 Y112.966 E339.85831
G1 X104.465 Y112.924 E339.87132
G1 X103.877 Y112.67 E339.91393
G1 X103.443 Y112.28 E339.95274
G1 X103.089 Y111.647 E340.00099
G1 X102.987 Y111.072 E340.03983
G1 X103.095 Y110.34 E340.08905
G1 X103.387 Y109.788 E340.13059
G1 X103.848 Y109.352 E340.1728
G1 X104.488 Y109.066 E340.21943
G1 X104.717 Y109.02 E340.23497
G1 X105.332 Y109.013 E340.27588
G1 X105.869 Y109.191 E340.31351
G1 X106.403 Y109.562 E340.35677
G1 X106.711 Y109.966 E340.39056
G1 X106.833 Y110.233 E340.41009
G1 X106.982 Y110.767 E340.44697
G1 X106.996 Y110.982 E340.4613
G1 X106.916 Y111.614 E340.50367
G1 X106.604 Y112.206 E340.54819
G1 X106.231 Y112.571 E340.5829
G1 X106.034 Y112.7 E340.59857
G1 X105.462 Y112.951 E340.64012
G1 X105.231 Y112.983 E340.65563
G0 F12000 X105.211 Y112.584
G1 F2400 X104.635 Y112.566 E340.69397
G1 X104.1 Y112.322 E340.73308
G1 X103.764 Y112.035 E340.76248
G1 X103.471 Y111.51 E340.80247
G1 X103.396 Y111.087 E340.83105
G1 X103.476 Y110.494 E340.87085
G1 X103.708 Y110.035 E340.90506
G1 X104.075 Y109.685 E340.9388
G1 X104.694 Y109.419 E340.98362
G1 X105.268 Y109.412 E341.0218
G1 X105.685 Y109.549 E341.051
G1 X106.12 Y109.85 E341.08619
G1 X106.408 Y110.227 E341.11774
G1 X106.605 Y110.893 E341.16394
G1 X106.532 Y111.479 E341.20323
G1 X106.289 Y111.959 E341.23902
G1 X105.939 Y112.301 E341.27157
G1 X105.387 Y112.548 E341.31179
G1 X105.211 Y112.584 E341.32374
G1 F2700 E336.32374
G0 F12000 X105.204 Y112.894
G0 X106.356 Y113.192
G0 X113.391 Y122.98
G0 X113.141 Y125.071
G0 X113.236 Y125.594
G0 X113.568 Y126.186
G0 X113.786 Y126.385
G0 X115.342 Y127.388
G1 F2700 E341.32374
G1 F2400 X114.73 Y127.372 E341.36447
G1 X114.456 Y127.337 E341.38284
G1 X114.199 Y127.25 E341.40089
G1 X113.851 Y127.094 E341.42626
G1 X113.491 Y126.86 E341.45482
G1 X113.184 Y126.587 E341.48215
G1 X113.013 Y126.331 E341.50263
G1 X112.821 Y125.987 E341.52884
G1 X112.691 Y125.697 E341.54998
G1 X112.585 Y125.099 E341.59038
G1 X112.683 Y124.398 E341.63746
G1 X112.77 Y124.111 E341.65741
G1 X112.998 Y123.674 E341.6902
G1 X113.152 Y123.466 E341.70741
G1 X113.508 Y123.119 E341.74048
G1 X113.725 Y122.963 E341.75826
G1 X114.349 Y122.695 E341.80343
G1 X114.729 Y122.618 E341.82923
G1 X115.351 Y122.61 E341.87061
G1 X115.838 Y122.755 E341.90441
G1 X116.084 Y122.854 E341.92205
G1 X116.484 Y123.126 E341.95422
G1 X116.712 Y123.308 E341.97363
G1 X116.981 Y123.656 E342.00289
G1 X117.118 Y123.872 E342.0199
G1 X117.217 Y124.122 E342.03779
G1 X117.376 Y124.698 E342.07754
G1 X117.401 Y124.996 E342.09743
G1 X117.332 Y125.538 E342.13378
G1 X117.271 Y125.791 E342.15109
G1 X116.982 Y126.361 E342.1936
G1 X116.781 Y126.596 E342.21417
G1 X116.451 Y126.92 E342.24493
G1 X116.154 Y127.086 E342.26757
G1 X115.746 Y127.266 E342.29723
G1 X115.342 Y127.388 E342.3253
G0 F12000 X115.296 Y126.987
G1 F2400 X114.742 Y126.972 E342.36217
G1 X114.484 Y126.939 E342.37947
G1 X114.014 Y126.729 E342.41371
G1 X113.757 Y126.562 E342.4341
G1 X113.443 Y126.282 E342.46209
G1 X113.084 Y125.638 E342.51113
G1 X112.993 Y125.06 E342.55006
G1 X113.097 Y124.333 E342.59891
G1 X113.386 Y123.796 E342.63947
G1 X113.849 Y123.343 E342.68256
G1 X114.506 Y123.06 E342.73015
G1 X114.754 Y123.017 E342.74689
G1 X115.319 Y123.016 E342.78448
G1 X115.845 Y123.175 E342.82103
G1 X116.393 Y123.548 E342.86512
G1 X116.74 Y124 E342.90303
G1 X116.833 Y124.233 E342.91972
G1 X116.982 Y124.767 E342.9566
G1 X116.999 Y124.981 E342.97088
G1 X116.938 Y125.469 E343.00359
G1 X116.845 Y125.748 E343.02316
G1 X116.618 Y126.195 E343.0565
G1 X116.159 Y126.646 E343.09931
G1 X115.584 Y126.9 E343.14112
G1 X115.296 Y126.987 E343.16114
G0 F12000 X115.302 Y126.587
G1 F2400 X114.635 Y126.569 E343.20552
G1 X114.093 Y126.326 E343.24503
G1 X113.779 Y126.045 E343.27306
G1 X113.47 Y125.511 E343.3141
G1 X113.395 Y125.059 E343.34458
G1 X113.481 Y124.472 E343.38405
G1 X113.708 Y124.039 E343.41657
G1 X114.056 Y123.694 E343.44916
G1 X114.686 Y123.42 E343.49486
G1 X115.279 Y123.414 E343.53431
G1 X115.669 Y123.547 E343.56172
G1 X116.09 Y123.824 E343.59525
G1 X116.418 Y124.234 E343.63017
G1 X116.602 Y124.886 E343.67524
G1 X116.535 Y125.479 E343.71494
G1 X116.274 Y125.973 E343.7521
G1 X115.93 Y126.31 E343.78414
G1 X115.302 Y126.587 E343.82979
G1 F2700 E338.82979
G0 F12000 X115.295 Y126.896
G0 X113.778 Y127.259
G0 X113.778 Y130.9
G0 X110 Y131.1
G1 F2700 E343.82979
G1 F2400 X123.6 Y131.1 E344.73447
G1 X123.6 Y88.9 E347.54162
G1 X96.4 Y88.9 E349.35098
G1 X96.4 Y131.1 E352.15813
G1 X110 Y131.1 E353.06281
G0 F12000 X110 Y131.5
G1 F2400 X124 Y131.5 E353.99409
G1 X124 Y88.5 E356.85446
G1 X96 Y88.5 E358.71703
G1 X96 Y131.5 E361.5774
G1 X110 Y131.5 E362.50869
G0 F12000 X110 Y131.9
G1 F2400 X124.4 Y131.9 E363.46658
G1 X124.4 Y88.1 E366.38016
G1 X95.6 Y88.1 E368.29595
G1 X95.6 Y131.9 E371.20954
G1 X110 Y131.9 E372.16743
G0 F12000 X110 Y132.3
;TYPE:WALL-OUTER
G1 F2400 X124.8 Y132.3 E373.15193
G1 X124.8 Y87.7 E376.11873
G1 X95.2 Y87.7 E378.08773
G1 X95.2 Y132.3 E381.05454
G1 X110 Y132.3 E382.03904
G1 F2700 E377.03904
G0 F12000 X110 Y131.59
G0 X115.199 Y130.9
G0 X115.18 Y127.565
G0 X115.215 Y126.182
G1 F2700 E382.03904
G1 F2400 X114.726 Y126.167 E382.07158
G1 X114.311 Y125.986 E382.1017
G1 X114.079 Y125.773 E382.12265
G1 X113.854 Y125.37 E382.15335
G1 X113.8 Y125.045 E382.17527
G1 X113.875 Y124.578 E382.20673
G1 X114.046 Y124.266 E382.2304
G1 X114.296 Y124.022 E382.25363
G1 X114.772 Y123.817 E382.28811
G1 X115.193 Y123.812 E382.31612
G1 X115.495 Y123.907 E382.33718
G1 X115.833 Y124.137 E382.36437
G1 X116.054 Y124.419 E382.3882
G1 X116.2 Y124.926 E382.4233
G1 X116.144 Y125.355 E382.45208
G1 X115.963 Y125.714 E382.47882
G1 X115.701 Y125.97 E382.50319
G1 X115.215 Y126.182 E382.53846
G1 F2700 E377.53846
G0 F12000 X115.199 Y126.894
G0 X114.175 Y126.198
G0 X113.885 Y125.934
G0 X113.617 Y125.456
G0 X113.391 Y122.98
G0 X106.356 Y113.192
G0 X105.208 Y112.183
G1 F2700 E382.53846
G1 F2400 X104.726 Y112.17 E382.57054
G1 X104.316 Y111.985 E382.60046
G1 X104.078 Y111.777 E382.62148
G1 X103.855 Y111.372 E382.65224
G1 X103.796 Y111.062 E382.67323
G1 X103.87 Y110.592 E382.70488
G1 X104.036 Y110.279 E382.72845
G1 X104.287 Y110.032 E382.75187
G1 X104.775 Y109.816 E382.78737
G1 X105.186 Y109.812 E382.81471
G1 X105.505 Y109.912 E382.83695
G1 X105.825 Y110.13 E382.86271
G1 X106.055 Y110.421 E382.88738
G1 X106.195 Y110.915 E382.92154
G1 X106.148 Y111.339 E382.94991
G1 X105.967 Y111.708 E382.97725
G1 X105.701 Y111.974 E383.00228
G1 X105.208 Y112.183 E383.0379
G1 F2700 E378.0379
G0 F12000 X105.192 Y112.894
G0 X106.169 Y111.865
G0 X107.197 Y109.649
G0 X114.218 Y99.454
G0 X115.221 Y98.185
G1 F2700 E383.0379
G1 F2400 X114.726 Y98.171 E383.07084
G1 X114.323 Y97.99 E383.10023
G1 X114.088 Y97.784 E383.12101
G1 X113.849 Y97.352 E383.15386
G1 X113.8 Y97.073 E383.1727
G1 X113.866 Y96.605 E383.20414
G1 X114.033 Y96.278 E383.22856
G1 X114.295 Y96.026 E383.25274
G1 X114.781 Y95.818 E383.28791
G1 X115.207 Y95.814 E383.31625
G1 X115.497 Y95.908 E383.33653
G1 X115.83 Y96.134 E383.3633
G1 X116.054 Y96.418 E383.38736
G1 X116.2 Y96.926 E383.42252
G1 X116.144 Y97.355 E383.4513
G1 X115.964 Y97.716 E383.47813
G1 X115.709 Y97.964 E383.50179
G1 X115.221 Y98.185 E383.53743
G1 F2700 E378.53743
G0 F12000 X115.205 Y98.894
G0 X114.622 Y99.546
G0 X114.622 Y130.9
G0 X110 Y131
G0 X110 Y130.74
;TYPE:SKIN
G1 F2700 E383.53743
G1 F2400 X96.76 Y130.74 E384.41816
G1 X96.76 Y89.26 E387.17742
G1 X123.24 Y89.26 E388.93888
G1 X123.24 Y130.74 E391.69814
G1 X110 Y130.74 E392.57886
G1 F2700 E387.57886
G0 F12000 X110 Y131
G0 X115.18 Y130.9
G0 X115.18 Y127.565
G0 X115.194 Y127.744
G1 F2700 E392.57886
G1 F2400 X115.466 Y127.72 E392.59703
G1 X115.888 Y127.592 E392.62636
G1 X116.296 Y127.416 E392.65592
G1 X116.596 Y127.247 E392.67883
G1 X116.804 Y127.075 E392.69678
G1 X117.037 Y126.847 E392.71846
G1 X117.213 Y126.642 E392.73644
G1 X117.372 Y126.389 E392.75631
G1 X117.524 Y126.081 E392.77916
G1 X117.67 Y125.711 E392.80562
G1 X117.759 Y125.026 E392.85157
G1 X117.724 Y124.589 E392.88073
G1 X117.565 Y124.024 E392.91978
G1 X117.442 Y123.72 E392.94159
G1 X117.279 Y123.451 E392.96251
G1 X117.084 Y123.206 E392.98334
G1 X116.853 Y122.949 E393.00633
G1 X116.265 Y122.542 E393.0539
G1 X115.938 Y122.408 E393.07741
G1 X115.389 Y122.248 E393.11545
G1 X114.589 Y122.26 E393.16867
G1 X114.224 Y122.355 E393.19376
G1 X113.571 Y122.634 E393.24099
G1 X113.285 Y122.831 E393.2641
G1 X112.878 Y123.227 E393.30187
G1 X112.685 Y123.49 E393.32357
G1 X112.435 Y123.97 E393.35957
G1 X112.335 Y124.308 E393.38302
G1 X112.242 Y124.888 E393.42209
G1 X112.243 Y125.244 E393.44577
G1 X112.339 Y125.78 E393.482
G1 X112.497 Y126.147 E393.50858
G1 X112.692 Y126.501 E393.53546
G1 X112.846 Y126.729 E393.55376
G1 X113.06 Y126.959 E393.57466
G1 X113.274 Y127.144 E393.59348
G1 X113.678 Y127.408 E393.62558
G1 X114.049 Y127.579 E393.65276
G1 X114.354 Y127.679 E393.67411
G1 X114.7 Y127.731 E393.69738
G1 X115.194 Y127.744 E393.73025
G1 F2700 E388.73025
G0 F12000 X115.18 Y127.484
G0 X113.568 Y126.186
G0 X113.269 Y125.653
G0 X112.843 Y123.58
G0 X106.356 Y113.192
G0 X105.259 Y113.482
G0 X105.283 Y113.739
G1 F2700 E393.73025
G1 F2400 X105.68 Y113.679 E393.75696
G1 X106.421 Y113.356 E393.81073
G1 X106.722 Y113.149 E393.83503
G1 X107.145 Y112.742 E393.87408
G1 X107.314 Y112.492 E393.89415
G1 X107.567 Y111.994 E393.93131
G1 X107.67 Y111.671 E393.95386
G1 X107.742 Y111.161 E393.98813
G1 X107.752 Y110.883 E394.00663
G1 X107.721 Y110.573 E394.02735
G1 X107.515 Y109.873 E394.07589
G1 X107.347 Y109.548 E394.10023
G1 X107.005 Y109.105 E394.13746
G1 X106.779 Y108.89 E394.15821
G1 X106.167 Y108.485 E394.20702
G1 X105.603 Y108.303 E394.24645
G1 X105.289 Y108.252 E394.26761
G1 X104.657 Y108.26 E394.30965
G1 X104.258 Y108.34 E394.33672
G1 X103.6 Y108.62 E394.38429
G1 X103.302 Y108.812 E394.40787
G1 X102.847 Y109.253 E394.45002
G1 X102.646 Y109.561 E394.47449
G1 X102.507 Y109.822 E394.49416
G1 X102.392 Y110.089 E394.5135
G1 X102.321 Y110.378 E394.53329
G1 X102.232 Y110.993 E394.57463
G1 X102.272 Y111.469 E394.6064
G1 X102.42 Y112.005 E394.64339
G1 X102.696 Y112.505 E394.68138
G1 X102.871 Y112.763 E394.70212
G1 X103.051 Y112.951 E394.71943
G1 X103.25 Y113.13 E394.73724
G1 X103.523 Y113.336 E394.75999
G1 X104.158 Y113.623 E394.80634
G1 X104.563 Y113.719 E394.83403
G1 X105.283 Y113.739 E394.88194
G1 F2700 E389.88194
G0 F12000 X105.259 Y113.482
G0 X106.496 Y112.104
G0 X106.657 Y111.787
G0 X107.349 Y109.946
G0 X114.218 Y99.454
G0 X115.189 Y99.484
G0 X115.21 Y99.74
G1 F2700 E394.88194
G1 F2400 X115.655 Y99.696 E394.91169
G1 X116.449 Y99.342 E394.96952
G1 X116.729 Y99.147 E394.99222
G1 X117.025 Y98.855 E395.01987
G1 X117.203 Y98.652 E395.03783
G1 X117.372 Y98.389 E395.05863
G1 X117.52 Y98.089 E395.08088
G1 X117.674 Y97.707 E395.10828
G1 X117.759 Y97.025 E395.154
G1 X117.724 Y96.589 E395.18309
G1 X117.565 Y96.024 E395.22214
G1 X117.447 Y95.722 E395.24371
G1 X117.272 Y95.447 E395.26539
G1 X117.02 Y95.121 E395.2928
G1 X116.796 Y94.898 E395.31382
G1 X116.243 Y94.53 E395.35801
G1 X115.955 Y94.414 E395.37866
G1 X115.459 Y94.272 E395.41298
G1 X115.183 Y94.252 E395.43139
G1 X114.801 Y94.256 E395.4568
G1 X114.524 Y94.276 E395.47528
G1 X114.138 Y94.388 E395.50201
G1 X113.712 Y94.572 E395.53288
G1 X113.429 Y94.723 E395.55422
G1 X113.179 Y94.929 E395.57577
G1 X112.951 Y95.153 E395.59703
G1 X112.715 Y95.43 E395.62124
G1 X112.429 Y95.978 E395.66235
G1 X112.333 Y96.284 E395.68369
G1 X112.245 Y96.912 E395.72587
G1 X112.244 Y97.21 E395.74569
G1 X112.334 Y97.722 E395.78027
G1 X112.436 Y98.021 E395.80129
G1 X112.741 Y98.582 E395.84377
G1 X112.969 Y98.877 E395.86857
G1 X113.341 Y99.205 E395.90156
G1 X113.585 Y99.371 E395.92119
G1 X114.166 Y99.624 E395.96334
G1 X114.584 Y99.721 E395.99189
G1 X115.21 Y99.74 E396.03355
G1 F2700 E391.03355
G0 F12000 X115.189 Y99.484
G0 X116.496 Y98.104
G0 X116.726 Y97.651
G0 X117.279 Y95.79
G0 X117.279 Y89.1
G0 X122.836 Y89
G0 X122.836 Y89.46
G1 F2700 E396.03355
G1 F2400 X123.04 Y89.665 E396.05279
G0 F12000 X123.04 Y90.23
G1 F2400 X122.27 Y89.46 E396.12522
G0 F12000 X121.704 Y89.46
G1 F2400 X123.04 Y90.796 E396.25091
G0 F12000 X123.04 Y91.362
G1 F2400 X121.139 Y89.46 E396.42979
G0 F12000 X120.573 Y89.46
G1 F2400 X123.04 Y91.927 E396.66187
G0 F12000 X123.04 Y92.493
G1 F2400 X120.007 Y89.46 E396.94719
G0 F12000 X119.442 Y89.46
G1 F2400 X123.04 Y93.059 E397.28572
G0 F12000 X123.04 Y93.624
G1 F2400 X118.876 Y89.46 E397.67744
G0 F12000 X118.31 Y89.46
G1 F2400 X123.04 Y94.19 E398.12241
G0 F12000 X123.04 Y94.756
G1 F2400 X117.745 Y89.46 E398.62058
G0 F12000 X117.179 Y89.46
G1 F2400 X123.04 Y95.322 E399.17199
G0 F12000 X123.04 Y95.887
G1 F2400 X116.613 Y89.46 E399.77661
G0 F12000 X116.048 Y89.46
G1 F2400 X123.04 Y96.453 E400.43442
G0 F12000 X123.04 Y97.019
G1 F2400 X115.482 Y89.46 E401.14547
G0 F12000 X114.916 Y89.46
G1 F2400 X123.04 Y97.584 E401.90973
G0 F12000 X123.04 Y98.15
G1 F2400 X114.35 Y89.46 E402.72723
G0 F12000 X113.785 Y89.46
G1 F2400 X123.04 Y98.716 E403.59793
G0 F12000 X123.04 Y99.281
G1 F2400 X113.219 Y89.46 E404.52183
G0 F12000 X112.653 Y89.46
G1 F2400 X123.04 Y99.847 E405.49898
G0 F12000 X123.04 Y100.413
G1 F2400 X112.088 Y89.46 E406.52932
G0 F12000 X111.522 Y89.46
G1 F2400 X116.557 Y94.495 E407.00298
G0 F12000 X116.297 Y94.877
G0 X115.468 Y94.544
G0 X115.596 Y94.1
G1 F2400 X110.956 Y89.46 E407.43949
G0 F12000 X110.391 Y89.46
G1 F2400 X114.984 Y94.054 E407.87162
G0 F12000 X114.452 Y94.088
G1 F2400 X109.825 Y89.46 E408.30694
G0 F12000 X109.259 Y89.46
G1 F2400 X114.021 Y94.222 E408.75492
G0 F12000 X113.626 Y94.392
G1 F2400 X108.694 Y89.46 E409.21889
G0 F12000 X108.128 Y89.46
G1 F2400 X113.263 Y94.595 E409.70196
G0 F12000 X112.962 Y94.86
G1 F2400 X107.562 Y89.46 E410.20996
G0 F12000 X106.997 Y89.46
G1 F2400 X112.687 Y95.151 E410.74529
G0 F12000 X112.46 Y95.489
G1 F2400 X106.431 Y89.46 E411.31246
G0 F12000 X105.865 Y89.46
G1 F2400 X112.267 Y95.862 E411.91472
G0 F12000 X112.131 Y96.292
G1 F2400 X105.3 Y89.46 E412.55739
G0 F12000 X104.734 Y89.46
G1 F2400 X112.062 Y96.788 E413.24676
G0 F12000 X112.069 Y97.361
G1 F2400 X104.168 Y89.46 E413.99004
G0 F12000 X103.602 Y89.46
G1 F2400 X112.263 Y98.121 E414.80481
G0 F12000 X112.674 Y97.918
G0 X114.027 Y99.282
G0 X113.842 Y99.7
G1 F2400 X123.04 Y108.898 E415.6701
G0 F12000 X123.04 Y109.464
G1 F2400 X103.037 Y89.46 E417.55191
G0 F12000 X102.471 Y89.46
G1 F2400 X123.04 Y110.029 E419.48692
G0 F12000 X123.04 Y110.595
G1 F2400 X101.905 Y89.46 E421.47517
G0 F12000 X101.34 Y89.46
G1 F2400 X123.04 Y111.161 E423.51662
G0 F12000 X123.04 Y111.726
G1 F2400 X100.774 Y89.46 E425.61127
G0 F12000 X100.208 Y89.46
G1 F2400 X123.04 Y112.292 E427.75916
G0 F12000 X123.04 Y112.858
G1 F2400 X99.643 Y89.46 E429.96025
G0 F12000 X99.077 Y89.46
G1 F2400 X123.04 Y113.423 E432.21455
G0 F12000 X123.04 Y113.989
G1 F2400 X98.511 Y89.46 E434.52208
G0 F12000 X97.946 Y89.46
G1 F2400 X123.04 Y114.555 E436.88282
G0 F12000 X123.04 Y115.121
G1 F2400 X97.38 Y89.46 E439.2968
G0 F12000 X96.96 Y89.606
G1 F2400 X123.04 Y115.686 E441.75025
G0 F12000 X123.04 Y116.252
G1 F2400 X96.96 Y90.172 E444.2037
G0 F12000 X96.96 Y90.737
G1 F2400 X123.04 Y116.818 E446.65719
G0 F12000 X123.04 Y117.383
G1 F2400 X96.96 Y91.303 E449.11064
G0 F12000 X96.96 Y91.869
G1 F2400 X123.04 Y117.949 E451.56408
G0 F12000 X123.04 Y118.515
G1 F2400 X96.96 Y92.434 E454.01758
G0 F12000 X96.96 Y93
G1 F2400 X123.04 Y119.08 E456.47102
G0 F12000 X123.04 Y119.646
G1 F2400 X96.96 Y93.566 E458.92447
G0 F12000 X96.96 Y94.131
G1 F2400 X123.04 Y120.212 E461.37796
G0 F12000 X123.04 Y120.777
G1 F2400 X96.96 Y94.697 E463.83141
G0 F12000 X96.96 Y95.263
G1 F2400 X123.04 Y121.343 E466.28486
G0 F12000 X123.04 Y121.909
G1 F2400 X96.96 Y95.829 E468.7383
G0 F12000 X96.96 Y96.394
G1 F2400 X123.04 Y122.474 E471.19175
G0 F12000 X123.04 Y123.04
G1 F2400 X96.96 Y96.96 E473.64519
G0 F12000 X96.96 Y97.526
G1 F2400 X123.04 Y123.606 E476.09864
G0 F12000 X123.04 Y124.171
G1 F2400 X96.96 Y98.091 E478.55209
G0 F12000 X96.96 Y98.657
G1 F2400 X123.04 Y124.737 E481.00553
G0 F12000 X123.04 Y125.303
G1 F2400 X107.768 Y110.031 E482.44223
G0 F12000 X107.94 Y110.768
G1 F2400 X123.04 Y125.869 E483.86279
G0 F12000 X123.04 Y126.434
G1 F2400 X107.922 Y111.316 E485.285
G0 F12000 X107.838 Y111.798
G1 F2400 X123.04 Y127 E486.71511
G0 F12000 X123.04 Y127.566
G1 F2400 X107.682 Y112.208 E488.1599
G0 F12000 X107.492 Y112.583
G1 F2400 X123.04 Y128.131 E489.62256
G0 F12000 X123.04 Y128.697
G1 F2400 X107.255 Y112.912 E491.10752
G0 F12000 X106.968 Y113.19
G1 F2400 X115.993 Y122.216 E491.95658
G0 F12000 X115.262 Y122.05
G1 F2400 X106.653 Y113.441 E492.76646
G0 F12000 X106.28 Y113.633
G1 F2400 X114.7 Y122.054 E493.55861
G0 F12000 X114.227 Y122.147
G1 F2400 X105.887 Y113.807 E494.34319
G0 F12000 X105.433 Y113.918
G1 F2400 X113.824 Y122.309 E495.13256
G0 F12000 X113.435 Y122.486
G1 F2400 X104.877 Y113.928 E495.93764
G0 F12000 X104.231 Y113.848
G1 F2400 X113.107 Y122.723 E496.7726
G0 F12000 X112.822 Y123.004
G1 F2400 X102.938 Y113.12 E497.70242
G1 X102.929 Y113.111
G1 X96.96 Y107.142 E498.26395
G0 F12000 X96.96 Y106.577
G1 F2400 X102.142 Y111.758 E498.75139
G0 F12000 X102.042 Y111.093
G1 F2400 X96.96 Y106.011 E499.22948
G0 F12000 X96.96 Y105.445
G1 F2400 X102.091 Y110.576 E499.71217
G0 F12000 X102.18 Y110.1
G1 F2400 X96.96 Y104.879 E500.20328
G0 F12000 X96.96 Y104.314
G1 F2400 X102.346 Y109.7 E500.70996
G0 F12000 X102.55 Y109.339
G1 F2400 X96.96 Y103.748 E501.23588
G0 F12000 X96.96 Y103.182
G1 F2400 X102.798 Y109.02 E501.78509
G0 F12000 X103.083 Y108.74
G1 F2400 X96.96 Y102.617 E502.3611
G0 F12000 X96.96 Y102.051
G1 F2400 X103.413 Y108.504 E502.96816
G0 F12000 X103.793 Y108.318
G1 F2400 X96.96 Y101.485 E503.61097
G0 F12000 X96.96 Y100.92
G1 F2400 X104.19 Y108.15 E504.29112
G0 F12000 X104.666 Y108.06
G1 F2400 X96.96 Y100.354 E505.01605
G0 F12000 X96.96 Y99.788
G1 F2400 X105.225 Y108.053 E505.79357
G0 F12000 X105.937 Y108.199
G1 F2400 X96.96 Y99.223 E506.63803
G0 F12000 X96.5 Y99.223
G0 X96.5 Y107.708
G0 X96.96 Y107.708
G1 F2400 X112.566 Y123.314 E508.10615
G0 F12000 X112.363 Y123.677
G1 F2400 X96.96 Y108.274 E509.55517
G0 F12000 X96.96 Y108.839
G1 F2400 X112.197 Y124.076 E510.98857
G0 F12000 X112.095 Y124.54
G1 F2400 X96.96 Y109.405 E512.41238
G0 F12000 X96.96 Y109.971
G1 F2400 X112.042 Y125.053 E513.8312
G0 F12000 X112.124 Y125.7
G1 F2400 X96.96 Y110.536 E515.25774
G0 F12000 X96.96 Y111.102
G1 F2400 X112.646 Y126.788 E516.73338
G0 F12000 X113.165 Y127.307
G1 F2400 X116.398 Y130.54 E517.03752
G0 F12000 X116.963 Y130.54
G1 F2400 X114.292 Y127.869 E517.28879
G0 F12000 X114.926 Y127.937
G1 F2400 X117.529 Y130.54 E517.53366
G0 F12000 X118.095 Y130.54
G1 F2400 X115.474 Y127.919 E517.78023
G0 F12000 X115.914 Y127.793
G1 F2400 X118.66 Y130.54 E518.03861
G0 F12000 X119.226 Y130.54
G1 F2400 X116.313 Y127.626 E518.31269
G0 F12000 X116.68 Y127.428
G1 F2400 X119.792 Y130.54 E518.60545
G0 F12000 X120.357 Y130.54
G1 F2400 X116.99 Y127.172 E518.92224
G0 F12000 X117.267 Y126.884
G1 F2400 X120.923 Y130.54 E519.26618
G0 F12000 X121.489 Y130.54
G1 F2400 X117.504 Y126.555 E519.64106
G0 F12000 X117.696 Y126.181
G1 F2400 X122.054 Y130.54 E520.05108
G0 F12000 X122.62 Y130.54
G1 F2400 X117.861 Y125.781 E520.49878
G0 F12000 X117.927 Y125.281
G1 F2400 X123.04 Y130.394 E520.97978
G0 F12000 X123.04 Y129.828
G1 F2400 X117.937 Y124.725 E521.45984
G0 F12000 X117.759 Y123.981
G1 F2400 X123.04 Y129.263 E521.95669
G0 F12000 X123.5 Y129.263
G0 X123.428 Y130.928
G0 X115.832 Y131
G0 X115.832 Y130.54
G1 F2400 X96.96 Y111.668 E523.73205
G0 F12000 X96.96 Y112.233
G1 F2400 X115.266 Y130.54 E525.45421
G0 F12000 X114.7 Y130.54
G1 F2400 X96.96 Y112.799 E527.12313
G0 F12000 X96.96 Y113.365
G1 F2400 X114.135 Y130.54 E528.73885
G0 F12000 X113.569 Y130.54
G1 F2400 X96.96 Y113.93 E530.30137
G0 F12000 X96.96 Y114.496
G1 F2400 X113.003 Y130.54 E531.81064
G0 F12000 X112.438 Y130.54
G1 F2400 X96.96 Y115.062 E533.26672
G0 F12000 X96.96 Y115.628
G1 F2400 X111.872 Y130.54 E534.66955
G0 F12000 X111.306 Y130.54
G1 F2400 X96.96 Y116.193 E536.01918
G0 F12000 X96.96 Y116.759
G1 F2400 X110.741 Y130.54 E537.31561
G0 F12000 X110.175 Y130.54
G1 F2400 X96.96 Y117.325 E538.5588
G0 F12000 X96.96 Y117.89
G1 F2400 X109.609 Y130.54 E539.74879
G0 F12000 X109.044 Y130.54
G1 F2400 X96.96 Y118.456 E540.88557
G0 F12000 X96.96 Y119.022
G1 F2400 X108.478 Y130.54 E541.96912
G0 F12000 X107.912 Y130.54
G1 F2400 X96.96 Y119.587 E542.99946
G0 F12000 X96.96 Y120.153
G1 F2400 X107.347 Y130.54 E543.97661
G0 F12000 X106.781 Y130.54
G1 F2400 X96.96 Y120.719 E544.90051
G0 F12000 X96.96 Y121.284
G1 F2400 X106.215 Y130.54 E545.77121
G0 F12000 X105.65 Y130.54
G1 F2400 X96.96 Y121.85 E546.58871
G0 F12000 X96.96 Y122.416
G1 F2400 X105.084 Y130.54 E547.35296
G0 F12000 X104.518 Y130.54
G1 F2400 X96.96 Y122.981 E548.06402
G0 F12000 X96.96 Y123.547
G1 F2400 X103.952 Y130.54 E548.72183
G0 F12000 X103.387 Y130.54
G1 F2400 X96.96 Y124.113 E549.32645
G0 F12000 X96.96 Y124.678
G1 F2400 X102.821 Y130.54 E549.87786
G0 F12000 X102.255 Y130.54
G1 F2400 X96.96 Y125.244 E550.37603
G0 F12000 X96.96 Y125.81
G1 F2400 X101.69 Y130.54 E550.821
G0 F12000 X101.124 Y130.54
G1 F2400 X96.96 Y126.376 E551.21272
G0 F12000 X96.96 Y126.941
G1 F2400 X100.558 Y130.54 E551.55125
G0 F12000 X99.993 Y130.54
G1 F2400 X96.96 Y127.507 E551.83657
G0 F12000 X96.96 Y128.073
G1 F2400 X99.427 Y130.54 E552.06865
G0 F12000 X98.861 Y130.54
G1 F2400 X96.96 Y128.638 E552.24753
G0 F12000 X96.96 Y129.204
G1 F2400 X98.296 Y130.54 E552.37322
G0 F12000 X97.73 Y130.54
G1 F2400 X96.96 Y129.77 E552.44565
G0 F12000 X96.96 Y130.335
G1 F2400 X97.164 Y130.54 E552.46489
G1 F2700 E547.46489
G0 F12000 X97.164 Y131
G0 X123.428 Y130.928
G0 X123.5 Y108.332
G0 X123.04 Y108.332
G1 F2700 E552.46489
G1 F2400 X114.628 Y99.921 E553.25619
G0 F12000 X115.212 Y99.938
G1 F2400 X123.04 Y107.767 E553.99265
G0 F12000 X123.04 Y107.201
G1 F2400 X115.722 Y99.883 E554.68108
G0 F12000 X116.115 Y99.711
G1 F2400 X123.04 Y106.635 E555.3325
G0 F12000 X123.04 Y106.07
G1 F2400 X116.508 Y99.537 E555.94704
G0 F12000 X116.843 Y99.307
G1 F2400 X123.04 Y105.504 E556.53001
G0 F12000 X123.04 Y104.938
G1 F2400 X117.131 Y99.029 E557.08589
G0 F12000 X117.392 Y98.725
G1 F2400 X123.04 Y104.372 E557.61718
G0 F12000 X123.04 Y103.807
G1 F2400 X117.602 Y98.369 E558.12875
G0 F12000 X117.781 Y97.982
G1 F2400 X123.04 Y103.241 E558.62348
G0 F12000 X123.04 Y102.675
G1 F2400 X117.897 Y97.533 E559.10726
G0 F12000 X117.96 Y97.03
G1 F2400 X123.04 Y102.11 E559.58515
G0 F12000 X123.04 Y101.544
G1 F2400 X117.875 Y96.379 E560.07105
G0 F12000 X117.513 Y95.452
G1 F2400 X123.04 Y100.978 E560.59094
G0 F12000 X123.79 Y100.978
G1 F2700 E555.59094
;MESH:NONMESH
G0 F300 Z1.4
G0 F12000 X123.4 Y100.895
G0 X115.149 Y100.895
;TIME_ELAPSED:642.398506
;LAYER:3
M106 S127.5
;TYPE:WALL-INNER
;MESH:9V_battery_holder.obj
G1 F2700 E560.59094
G1 F2400 X114.527 Y100.891 E560.63232
G1 X113.942 Y100.752 E560.67232
G1 X113.258 Y100.497 E560.72088
G1 X112.739 Y100.183 E560.76123
G1 X112.291 Y99.808 E560.80009
G1 X111.86 Y99.327 E560.84305
G1 X111.495 Y98.748 E560.88858
G1 X111.263 Y98.12 E560.93312
G1 X111.149 Y97.63 E560.96658
G1 X111.077 Y96.931 E561.01333
G1 X111.214 Y96.057 E561.07218
G1 X111.448 Y95.335 E561.12266
G1 X111.582 Y95.104 E561.14043
G1 X111.922 Y94.604 E561.18065
G1 X112.101 Y94.39 E561.19921
G1 X112.461 Y94.038 E561.2327
G1 X112.689 Y93.858 E561.25202
G1 X113.105 Y93.593 E561.28483
G1 X113.334 Y93.476 E561.30194
G1 X113.886 Y93.254 E561.34152
G1 X114.322 Y93.156 E561.37124
G1 X114.837 Y93.099 E561.40571
G1 X115.325 Y93.108 E561.43818
G1 X115.599 Y93.141 E561.45654
G1 X116.085 Y93.248 E561.48964
G1 X116.739 Y93.502 E561.53631
G1 X117.248 Y93.807 E561.57578
G1 X117.699 Y94.176 E561.61454
G1 X118.085 Y94.611 E561.65323
G1 X118.411 Y95.102 E561.69244
G1 X118.558 Y95.393 E561.71412
G1 X118.703 Y95.785 E561.74193
G1 X118.85 Y96.347 E561.78057
G1 X118.915 Y96.972 E561.82237
G1 X118.898 Y97.226 E561.8393
G1 X118.79 Y97.949 E561.88793
G1 X118.581 Y98.557 E561.9307
G1 X118.414 Y98.892 E561.9556
G1 X118.074 Y99.392 E561.99582
G1 X117.895 Y99.606 E562.01438
G1 X117.535 Y99.957 E562.04782
G1 X117.312 Y100.135 E562.0668
G1 X116.9 Y100.399 E562.09935
G1 X116.666 Y100.52 E562.11688
G1 X116.117 Y100.741 E562.15624
G1 X115.659 Y100.845 E562.18748
G1 X115.149 Y100.895 E562.22157
G0 F12000 X115.132 Y100.496
G1 F2400 X114.577 Y100.485 E562.2585
G1 X114.051 Y100.367 E562.29436
G1 X113.44 Y100.139 E562.33774
G1 X113.024 Y99.888 E562.37006
G1 X112.579 Y99.535 E562.40784
G1 X112.179 Y99.084 E562.44794
G1 X111.838 Y98.543 E562.49048
G1 X111.647 Y98.008 E562.52827
G1 X111.547 Y97.569 E562.55822
G1 X111.474 Y96.955 E562.59935
G1 X111.603 Y96.15 E562.65358
G1 X111.833 Y95.445 E562.70291
G1 X112.312 Y94.743 E562.75945
G1 X112.812 Y94.253 E562.80602
G1 X113.395 Y93.883 E562.85195
G1 X114.007 Y93.637 E562.89582
G1 X114.391 Y93.55 E562.92201
G1 X114.803 Y93.505 E562.94958
G1 X115.411 Y93.509 E562.99003
G1 X115.968 Y93.632 E563.02797
G1 X116.561 Y93.861 E563.07026
G1 X117.017 Y94.135 E563.10565
G1 X117.416 Y94.461 E563.13992
G1 X117.77 Y94.858 E563.1753
G1 X118.145 Y95.425 E563.22052
G1 X118.361 Y96.033 E563.26344
G1 X118.457 Y96.432 E563.29074
G1 X118.517 Y97.069 E563.3333
G1 X118.4 Y97.85 E563.38584
G1 X118.203 Y98.428 E563.42646
G1 X118.083 Y98.667 E563.44425
G1 X117.684 Y99.254 E563.49146
G1 X117.179 Y99.745 E563.53831
G1 X116.605 Y100.113 E563.58367
G1 X115.983 Y100.362 E563.62824
G1 X115.537 Y100.455 E563.65854
G1 X115.132 Y100.496 E563.68562
G0 F12000 X115.115 Y100.096
G1 F2400 X114.626 Y100.088 E563.71816
G1 X114.16 Y99.982 E563.74995
G1 X113.645 Y99.789 E563.78653
G1 X113.206 Y99.528 E563.8205
G1 X112.851 Y99.237 E563.85104
G1 X112.52 Y98.866 E563.88411
G1 X112.201 Y98.361 E563.92385
G1 X112.031 Y97.896 E563.95678
G1 X111.935 Y97.465 E563.98615
G1 X111.878 Y96.966 E564.01956
G1 X111.992 Y96.244 E564.06819
G1 X112.2 Y95.629 E564.11137
G1 X112.615 Y95.006 E564.16117
G1 X113.063 Y94.568 E564.20284
G1 X113.58 Y94.24 E564.24357
G1 X114.08 Y94.039 E564.27942
G1 X114.46 Y93.944 E564.30547
G1 X114.845 Y93.903 E564.33123
G1 X115.369 Y93.909 E564.36609
G1 X115.893 Y94.032 E564.40189
G1 X116.389 Y94.224 E564.43727
G1 X116.82 Y94.491 E564.471
G1 X117.173 Y94.789 E564.50173
G1 X117.425 Y95.073 E564.52699
G1 X117.785 Y95.604 E564.56966
G1 X117.972 Y96.127 E564.60661
G1 X118.065 Y96.537 E564.63457
G1 X118.115 Y97.049 E564.66879
G1 X118.016 Y97.716 E564.71365
G1 X117.799 Y98.375 E564.7598
G1 X117.379 Y98.992 E564.80945
G1 X116.93 Y99.43 E564.85118
G1 X116.42 Y99.757 E564.89148
G1 X115.829 Y99.986 E564.93364
G1 X115.495 Y100.057 E564.95635
G1 X115.115 Y100.096 E564.98176
G1 F2700 E559.98176
G0 F12000 X115.125 Y100.408
G0 X113.828 Y100.905
G0 X108.214 Y108.488
G0 X108.59 Y111.107
G0 X108.028 Y112.483
G0 X107.569 Y113.155
G0 X107.181 Y113.534
G0 X105.174 Y114.894
G1 F2700 E564.98176
G1 F2400 X104.51 Y114.886 E565.02593
G1 X103.915 Y114.747 E565.06658
G1 X103.384 Y114.546 E565.10435
G1 X103.155 Y114.434 E565.12131
G1 X102.744 Y114.185 E565.15327
G1 X102.298 Y113.821 E565.19157
G1 X101.863 Y113.332 E565.2351
G1 X101.56 Y112.852 E565.27286
G1 X101.427 Y112.581 E565.29294
G1 X101.259 Y112.117 E565.32577
G1 X101.14 Y111.555 E565.36398
G1 X101.08 Y111.023 E565.3996
G1 X101.1 Y110.761 E565.41707
G1 X101.21 Y110.051 E565.46487
G1 X101.411 Y109.449 E565.50709
G1 X101.582 Y109.104 E565.5327
G1 X101.922 Y108.604 E565.57292
G1 X102.101 Y108.391 E565.59143
G1 X102.461 Y108.039 E565.62492
G1 X102.689 Y107.858 E565.64429
G1 X103.105 Y107.593 E565.6771
G1 X103.334 Y107.476 E565.6942
G1 X103.89 Y107.254 E565.73403
G1 X104.335 Y107.151 E565.76441
G1 X104.843 Y107.101 E565.79837
G1 X105.495 Y107.117 E565.84175
G1 X106.098 Y107.256 E565.88291
G1 X106.741 Y107.503 E565.92873
G1 X107.249 Y107.808 E565.96815
G1 X107.702 Y108.179 E566.0071
G1 X108.072 Y108.6 E566.04438
G1 X108.434 Y109.138 E566.08752
G1 X108.559 Y109.393 E566.10641
G1 X108.732 Y109.872 E566.14029
G1 X108.853 Y110.372 E566.17451
G1 X108.918 Y111.054 E566.22008
G1 X108.792 Y111.936 E566.27935
G1 X108.525 Y112.72 E566.33444
G1 X107.983 Y113.518 E566.39861
G1 X107.443 Y114.048 E566.44894
G1 X106.78 Y114.472 E566.50129
G1 X106.1 Y114.746 E566.55006
G1 X105.658 Y114.842 E566.58015
G1 X105.174 Y114.894 E566.61253
G0 F12000 X105.15 Y114.495
G1 F2400 X104.563 Y114.487 E566.65158
G1 X104.029 Y114.362 E566.68806
G1 X103.441 Y114.14 E566.72987
G1 X102.977 Y113.859 E566.76595
G1 X102.576 Y113.532 E566.80037
G1 X102.184 Y113.09 E566.83967
G1 X101.84 Y112.548 E566.88237
G1 X101.645 Y112.009 E566.9205
G1 X101.538 Y111.51 E566.95445
G1 X101.479 Y110.926 E566.9935
G1 X101.599 Y110.15 E567.04573
G1 X101.791 Y109.575 E567.08605
G1 X101.913 Y109.329 E567.10432
G1 X102.309 Y108.746 E567.1512
G1 X102.816 Y108.251 E567.19834
G1 X103.395 Y107.883 E567.24397
G1 X104.014 Y107.635 E567.28833
G1 X104.459 Y107.541 E567.31859
G1 X104.861 Y107.501 E567.34546
G1 X105.41 Y107.514 E567.38199
G1 X105.969 Y107.631 E567.41998
G1 X106.574 Y107.872 E567.4633
G1 X106.972 Y108.108 E567.49408
G1 X107.42 Y108.463 E567.5321
G1 X107.786 Y108.884 E567.56921
G1 X108.133 Y109.406 E567.61091
G1 X108.348 Y109.985 E567.65199
G1 X108.457 Y110.428 E567.68234
G1 X108.517 Y111.046 E567.72364
G1 X108.401 Y111.85 E567.77768
G1 X108.162 Y112.545 E567.82657
G1 X107.687 Y113.249 E567.88306
G1 X107.183 Y113.741 E567.92991
G1 X106.604 Y114.113 E567.97569
G1 X106.03 Y114.343 E568.01682
G1 X105.654 Y114.436 E568.04259
G1 X105.15 Y114.495 E568.07634
G0 F12000 X105.125 Y114.095
G1 F2400 X104.615 Y114.09 E568.11027
G1 X104.111 Y113.966 E568.1448
G1 X103.617 Y113.779 E568.17993
G1 X103.245 Y113.554 E568.20885
G1 X102.857 Y113.245 E568.24185
G1 X102.501 Y112.845 E568.27747
G1 X102.201 Y112.369 E568.3149
G1 X102.043 Y111.933 E568.34575
G1 X101.935 Y111.465 E568.37769
G1 X101.881 Y110.947 E568.41234
G1 X101.991 Y110.239 E568.46
G1 X102.197 Y109.622 E568.50327
G1 X102.615 Y109.007 E568.55274
G1 X103.066 Y108.566 E568.5947
G1 X103.58 Y108.24 E568.63518
G1 X104.127 Y108.02 E568.6744
G1 X104.501 Y107.939 E568.69986
G1 X104.88 Y107.9 E568.7252
G1 X105.365 Y107.911 E568.75747
G1 X105.857 Y108.019 E568.79098
G1 X106.355 Y108.211 E568.82648
G1 X106.79 Y108.468 E568.86009
G1 X107.116 Y108.733 E568.88804
G1 X107.446 Y109.098 E568.92077
G1 X107.785 Y109.605 E568.96134
G1 X107.964 Y110.098 E568.99623
G1 X108.065 Y110.537 E569.0262
G1 X108.116 Y111.025 E569.05884
G1 X108.004 Y111.769 E569.10888
G1 X107.798 Y112.377 E569.15159
G1 X107.383 Y112.982 E569.20039
G1 X106.925 Y113.434 E569.24319
G1 X106.391 Y113.768 E569.28509
G1 X105.897 Y113.966 E569.32049
G1 X105.529 Y114.053 E569.34565
G1 X105.125 Y114.095 E569.37267
G1 F2700 E564.37267
G0 F12000 X105.125 Y114.408
G0 X105.688 Y115.02
G0 X105.686 Y130.919
G0 X110 Y131.099
G1 F2700 E569.37267
G1 F2400 X123.6 Y131.1 E570.27734
G1 X123.6 Y88.9 E573.0845
G1 X96.4 Y88.9 E574.89385
G1 X96.401 Y131.099 E577.70094
G1 X110 Y131.099 E578.60555
G0 F12000 X110 Y131.5
G1 F2400 X124 Y131.5 E579.53683
G1 X124 Y88.5 E582.3972
G1 X96 Y88.5 E584.25977
G1 X96.001 Y131.499 E587.12008
G1 X110 Y131.5 E588.05129
G0 F12000 X110 Y131.9
G1 F2400 X124.4 Y131.9 E589.00919
G1 X124.4 Y88.1 E591.92277
G1 X95.6 Y88.1 E593.83856
G1 X95.601 Y131.899 E596.75208
G1 X110 Y131.9 E597.7099
G1 F2700 E592.7099
G0 F12000 X110 Y131.59
G0 X115.151 Y130.919
G0 X115.165 Y129.078
G0 X115.153 Y128.897
G1 F2700 E597.7099
G1 F2400 X114.685 Y128.892 E597.74104
G1 X114.381 Y128.856 E597.7614
G1 X113.915 Y128.747 E597.79324
G1 X113.384 Y128.546 E597.831
G1 X113.155 Y128.435 E597.84793
G1 X112.748 Y128.189 E597.87957
G1 X112.297 Y127.82 E597.91833
G1 X111.86 Y127.328 E597.9621
G1 X111.56 Y126.852 E597.99953
G1 X111.427 Y126.581 E598.01961
G1 X111.259 Y126.117 E598.05244
G1 X111.14 Y125.555 E598.09065
G1 X111.071 Y124.946 E598.13142
G1 X111.208 Y124.062 E598.19093
G1 X111.483 Y123.248 E598.24808
G1 X112.015 Y122.476 E598.31045
G1 X112.558 Y121.945 E598.36097
G1 X113.223 Y121.522 E598.4134
G1 X113.89 Y121.258 E598.46111
G1 X114.33 Y121.151 E598.49124
G1 X114.869 Y121.1 E598.52725
G1 X115.485 Y121.114 E598.56824
G1 X116.087 Y121.249 E598.60928
G1 X116.739 Y121.502 E598.6558
G1 X117.248 Y121.807 E598.69527
G1 X117.69 Y122.168 E598.73323
G1 X118.084 Y122.609 E598.77257
G1 X118.411 Y123.102 E598.81192
G1 X118.558 Y123.393 E598.83361
G1 X118.703 Y123.785 E598.86141
G1 X118.85 Y124.347 E598.90006
G1 X118.915 Y124.972 E598.94186
G1 X118.898 Y125.226 E598.95879
G1 X118.79 Y125.949 E599.00742
G1 X118.581 Y126.557 E599.05018
G1 X118.446 Y126.843 E599.07122
G1 X118.074 Y127.392 E599.11534
G1 X117.895 Y127.606 E599.13389
G1 X117.535 Y127.958 E599.16739
G1 X117.312 Y128.135 E599.18633
G1 X116.9 Y128.399 E599.21888
G1 X116.667 Y128.52 E599.23634
G1 X116.104 Y128.744 E599.27665
G1 X115.674 Y128.84 E599.30595
G1 X115.153 Y128.897 E599.34082
G0 F12000 X114.585 Y128.492
G1 F2400 X114.037 Y128.365 E599.37824
G1 X113.443 Y128.141 E599.42047
G1 X112.977 Y127.859 E599.4567
G1 X112.576 Y127.532 E599.49112
G1 X112.183 Y127.089 E599.53051
G1 X111.839 Y126.545 E599.57333
G1 X111.645 Y126.009 E599.61125
G1 X111.538 Y125.51 E599.64519
G1 X111.474 Y124.949 E599.68275
G1 X111.611 Y124.119 E599.73871
G1 X111.833 Y123.446 E599.78585
G1 X112.311 Y122.745 E599.84229
G1 X112.819 Y122.251 E599.88943
G1 X113.372 Y121.9 E599.933
G1 X114.008 Y121.64 E599.9787
G1 X114.401 Y121.549 E600.00554
G1 X114.88 Y121.5 E600.03757
G1 X115.418 Y121.51 E600.07336
G1 X115.968 Y121.632 E600.11084
G1 X116.561 Y121.861 E600.15312
G1 X117.017 Y122.135 E600.18851
G1 X117.416 Y122.461 E600.22279
G1 X117.77 Y122.858 E600.25817
G1 X118.145 Y123.425 E600.30339
G1 X118.361 Y124.033 E600.34631
G1 X118.457 Y124.432 E600.37361
G1 X118.517 Y125.069 E600.41617
G1 X118.4 Y125.85 E600.4687
G1 X118.161 Y126.551 E600.51797
G1 X117.685 Y127.253 E600.57439
G1 X117.186 Y127.74 E600.62077
G1 X116.6 Y128.116 E600.66708
G1 X115.988 Y128.36 E600.71091
G1 X115.605 Y128.446 E600.73702
G1 X115.192 Y128.491 E600.76466
G1 X114.585 Y128.492 E600.80504
G0 F12000 X115.081 Y128.096
G1 F2400 X114.621 Y128.091 E600.83564
G1 X114.111 Y127.966 E600.87057
G1 X113.617 Y127.779 E600.9057
G1 X113.245 Y127.554 E600.93462
G1 X112.857 Y127.245 E600.96762
G1 X112.501 Y126.845 E601.00324
G1 X112.201 Y126.369 E601.04067
G1 X112.043 Y125.933 E601.07151
G1 X111.935 Y125.465 E601.10346
G1 X111.884 Y124.961 E601.13716
G1 X111.991 Y124.247 E601.18519
G1 X112.201 Y123.616 E601.22942
G1 X112.613 Y123.014 E601.27795
G1 X113.071 Y122.562 E601.32075
G1 X113.609 Y122.228 E601.36288
G1 X114.126 Y122.022 E601.3999
G1 X114.466 Y121.943 E601.42312
G1 X114.869 Y121.901 E601.45007
G1 X115.33 Y121.908 E601.48074
G1 X115.848 Y122.015 E601.51593
G1 X116.388 Y122.224 E601.55444
G1 X116.82 Y122.491 E601.58823
G1 X117.173 Y122.789 E601.61896
G1 X117.425 Y123.073 E601.64421
G1 X117.785 Y123.604 E601.68689
G1 X117.972 Y124.127 E601.72383
G1 X118.065 Y124.537 E601.7518
G1 X118.115 Y125.049 E601.78602
G1 X118.016 Y125.716 E601.83088
G1 X117.8 Y126.371 E601.87675
G1 X117.379 Y126.992 E601.92666
G1 X116.933 Y127.428 E601.96815
G1 X116.42 Y127.757 E602.00869
G1 X115.829 Y127.986 E602.05085
G1 X115.536 Y128.052 E602.07083
G1 X115.081 Y128.096 E602.10124
G0 F12000 X115.085 Y127.696
;TYPE:WALL-OUTER
G1 F2400 X114.654 Y127.687 E602.12992
G1 X114.253 Y127.592 E602.15733
G1 X113.776 Y127.408 E602.19134
G1 X113.452 Y127.212 E602.21653
G1 X113.122 Y126.941 E602.24493
G1 X112.814 Y126.591 E602.27594
G1 X112.555 Y126.173 E602.30866
G1 X112.419 Y125.797 E602.33525
G1 X112.333 Y125.419 E602.36104
G1 X112.282 Y124.971 E602.39103
G1 X112.386 Y124.32 E602.43489
G1 X112.556 Y123.812 E602.47052
G1 X112.924 Y123.266 E602.51432
G1 X113.309 Y122.888 E602.55021
G1 X113.759 Y122.6 E602.58575
G1 X114.244 Y122.404 E602.62055
G1 X114.531 Y122.338 E602.64014
G1 X114.902 Y122.3 E602.66495
G1 X115.314 Y122.308 E602.69236
G1 X115.72 Y122.396 E602.71999
G1 X116.193 Y122.577 E602.75368
G1 X116.543 Y122.784 E602.78073
G1 X116.874 Y123.055 E602.80919
G1 X117.143 Y123.361 E602.83629
G1 X117.411 Y123.765 E602.86854
G1 X117.583 Y124.221 E602.90096
G1 X117.663 Y124.553 E602.92368
G1 X117.712 Y125.02 E602.95491
G1 X117.622 Y125.647 E602.99705
G1 X117.437 Y126.195 E603.03552
G1 X117.056 Y126.748 E603.08019
G1 X116.696 Y127.1 E603.11368
G1 X116.219 Y127.406 E603.15138
G1 X115.741 Y127.596 E603.1856
G1 X115.467 Y127.658 E603.20429
G1 X115.085 Y127.696 E603.22982
G1 F2700 E598.22982
G0 F12000 X115.072 Y128.408
G0 X113.866 Y128.921
G0 X113.864 Y130.919
G0 X110 Y132.299
G1 F2700 E603.22982
G1 F2400 X124.8 Y132.3 E604.21432
G1 X124.8 Y87.7 E607.18113
G1 X95.2 Y87.7 E609.15013
G1 X95.201 Y132.299 E612.11686
G1 X110 Y132.299 E613.1013
G1 F2700 E608.1013
G0 F12000 X110 Y131.59
G0 X105.07 Y130.919
G0 X105.186 Y115.075
G0 X105.085 Y113.696
G1 F2700 E613.1013
G1 F2400 X104.682 Y113.692 E613.12811
G1 X104.253 Y113.592 E613.15741
G1 X103.776 Y113.408 E613.19142
G1 X103.452 Y113.212 E613.21661
G1 X103.122 Y112.941 E613.24501
G1 X102.814 Y112.591 E613.27603
G1 X102.555 Y112.173 E613.30874
G1 X102.419 Y111.797 E613.33533
G1 X102.333 Y111.419 E613.36112
G1 X102.284 Y110.976 E613.39077
G1 X102.386 Y110.32 E613.43493
G1 X102.559 Y109.801 E613.47132
G1 X102.914 Y109.279 E613.51331
G1 X103.332 Y108.871 E613.55217
G1 X103.781 Y108.59 E613.5874
G1 X104.229 Y108.41 E613.61952
G1 X104.543 Y108.337 E613.64097
G1 X104.898 Y108.3 E613.66471
G1 X105.319 Y108.309 E613.69272
G1 X105.725 Y108.397 E613.72035
G1 X106.199 Y108.579 E613.75413
G1 X106.557 Y108.793 E613.78187
G1 X106.855 Y109.036 E613.80745
G1 X107.143 Y109.361 E613.83634
G1 X107.425 Y109.789 E613.87043
G1 X107.583 Y110.221 E613.90103
G1 X107.663 Y110.553 E613.92375
G1 X107.712 Y111.02 E613.95498
G1 X107.622 Y111.647 E613.99712
G1 X107.431 Y112.203 E614.03623
G1 X107.072 Y112.73 E614.07864
G1 X106.687 Y113.108 E614.11453
G1 X106.241 Y113.396 E614.14985
G1 X105.755 Y113.592 E614.18471
G1 X105.465 Y113.658 E614.20449
G1 X105.085 Y113.696 E614.2299
G1 F2700 E609.2299
G0 F12000 X105.072 Y114.408
G0 X106.839 Y113.309
G0 X107.261 Y112.896
G0 X107.667 Y112.303
G0 X107.861 Y111.724
G0 X107.905 Y111.436
G0 X108.214 Y108.488
G0 X113.828 Y100.905
G0 X115.107 Y99.696
G1 F2700 E614.2299
G1 F2400 X114.675 Y99.691 E614.25864
G1 X114.269 Y99.597 E614.28636
G1 X113.801 Y99.421 E614.31962
G1 X113.439 Y99.203 E614.34773
G1 X113.131 Y98.951 E614.3742
G1 X112.829 Y98.612 E614.4044
G1 X112.563 Y98.19 E614.43758
G1 X112.415 Y97.784 E614.46633
G1 X112.333 Y97.419 E614.49121
G1 X112.284 Y96.959 E614.52199
G1 X112.381 Y96.337 E614.56386
G1 X112.56 Y95.804 E614.60126
G1 X112.94 Y95.248 E614.64606
G1 X113.3 Y94.896 E614.67955
G1 X113.781 Y94.59 E614.71748
G1 X114.229 Y94.41 E614.74959
G1 X114.529 Y94.338 E614.77011
G1 X114.913 Y94.3 E614.79578
G1 X115.34 Y94.312 E614.8242
G1 X115.72 Y94.396 E614.85009
G1 X116.193 Y94.577 E614.88378
G1 X116.543 Y94.784 E614.91082
G1 X116.874 Y95.055 E614.93928
G1 X117.143 Y95.361 E614.96638
G1 X117.411 Y95.765 E614.99863
G1 X117.583 Y96.221 E615.03105
G1 X117.663 Y96.553 E615.05377
G1 X117.712 Y97.02 E615.085
G1 X117.622 Y97.647 E615.12714
G1 X117.437 Y98.195 E615.16561
G1 X117.056 Y98.748 E615.21029
G1 X116.664 Y99.125 E615.24646
G1 X116.219 Y99.406 E615.28147
G1 X115.741 Y99.596 E615.31569
G1 X115.477 Y99.656 E615.3337
G1 X115.107 Y99.696 E615.35846
G1 F2700 E610.35846
G0 F12000 X115.18 Y100.403
G0 X115.158 Y101.076
G0 X114.864 Y120.919
G0 X116.93 Y122.261
G0 X117.652 Y122.95
G0 X118.01 Y123.493
G0 X118.59 Y125.107
G0 X118.028 Y126.483
G0 X117.569 Y127.155
G0 X117.181 Y127.534
G0 X115.163 Y128.997
G0 X115.158 Y129.256
;TYPE:SKIN
G1 F2700 E615.35846
G1 F2400 X115.726 Y129.195 E615.39646
G1 X116.209 Y129.087 E615.42938
G1 X116.803 Y128.85 E615.47192
G1 X117.085 Y128.705 E615.49301
G1 X117.508 Y128.433 E615.52647
G1 X117.784 Y128.212 E615.54999
G1 X118.157 Y127.846 E615.58475
G1 X118.361 Y127.606 E615.6057
G1 X118.746 Y127.045 E615.65096
G1 X118.914 Y126.689 E615.67715
G1 X119.134 Y126.049 E615.72217
G1 X119.25 Y125.282 E615.77377
G1 X119.276 Y124.981 E615.79386
G1 X119.207 Y124.314 E615.83847
G1 X119.075 Y123.757 E615.87655
G1 X118.896 Y123.27 E615.91106
G1 X118.719 Y122.917 E615.93733
G1 X118.379 Y122.401 E615.97844
G1 X118.041 Y122.022 E616.01222
G1 X117.831 Y121.817 E616.03174
G1 X117.439 Y121.5 E616.06527
G1 X117.008 Y121.243 E616.09865
G1 X116.768 Y121.127 E616.11639
G1 X116.165 Y120.896 E616.15934
G1 X115.521 Y120.752 E616.20324
G1 X114.852 Y120.74 E616.24775
G1 X114.277 Y120.798 E616.28619
G1 X113.781 Y120.907 E616.31997
G1 X113.042 Y121.209 E616.37308
G1 X112.348 Y121.651 E616.42781
G1 X111.716 Y122.263 E616.48633
G1 X111.252 Y122.948 E616.54137
G1 X111.096 Y123.259 E616.56451
G1 X110.878 Y123.908 E616.61005
G1 X110.742 Y124.686 E616.66259
G1 X110.717 Y125.036 E616.68593
G1 X110.793 Y125.684 E616.72933
G1 X110.919 Y126.236 E616.767
G1 X111.087 Y126.704 E616.80007
G1 X111.244 Y127.028 E616.82402
G1 X111.578 Y127.554 E616.86547
G1 X111.95 Y127.97 E616.90259
G1 X112.153 Y128.165 E616.92132
G1 X112.52 Y128.47 E616.95306
G1 X112.965 Y128.74 E616.98769
G1 X113.257 Y128.884 E617.00934
G1 X113.801 Y129.088 E617.04799
G1 X114.307 Y129.207 E617.08257
G1 X114.663 Y129.251 E617.10643
G1 X115.158 Y129.256 E617.13936
G1 F2700 E612.13936
G0 F12000 X115.163 Y128.997
G0 X113.866 Y128.921
G0 X113.864 Y130.919
G0 X109.999 Y130.999
G0 X110 Y130.738
G1 F2700 E617.13936
G1 F2400 X96.76 Y130.736 E618.02009
G1 X96.76 Y89.26 E620.77908
G1 X123.24 Y89.26 E622.54054
G1 X123.24 Y130.739 E625.29973
G1 X110 Y130.738 E626.18046
G1 F2700 E621.18046
G0 F12000 X109.999 Y130.999
G0 X105.185 Y130.919
G0 X105.186 Y115.075
G0 X105.181 Y115.252
G1 F2700 E626.18046
G1 F2400 X105.703 Y115.195 E626.21539
G1 X106.213 Y115.086 E626.25008
G1 X106.949 Y114.787 E626.30293
G1 X107.67 Y114.326 E626.35985
G1 X108.26 Y113.749 E626.41475
G1 X108.855 Y112.865 E626.48563
G1 X109.142 Y112.015 E626.54531
G1 X109.275 Y111.085 E626.6078
G1 X109.208 Y110.313 E626.65935
G1 X109.077 Y109.771 E626.69644
G1 X108.821 Y109.07 E626.74609
G1 X108.363 Y108.384 E626.80095
G1 X107.944 Y107.904 E626.84334
G1 X107.472 Y107.528 E626.88348
G1 X106.916 Y107.186 E626.9269
G1 X106.203 Y106.905 E626.97788
G1 X105.501 Y106.749 E627.02572
G1 X104.822 Y106.74 E627.07089
G1 X104.284 Y106.792 E627.10684
G1 X103.753 Y106.918 E627.14315
G1 X103.197 Y107.142 E627.18302
G1 X102.909 Y107.29 E627.20456
G1 X102.497 Y107.55 E627.23697
G1 X102.223 Y107.767 E627.26022
G1 X101.848 Y108.132 E627.29503
G1 X101.635 Y108.382 E627.31688
G1 X101.282 Y108.899 E627.35852
G1 X101.076 Y109.311 E627.38916
G1 X100.902 Y109.824 E627.42519
G1 X100.837 Y110.098 E627.44393
G1 X100.742 Y110.701 E627.48453
G1 X100.717 Y111.057 E627.50827
G1 X100.797 Y111.697 E627.55118
G1 X100.908 Y112.207 E627.5859
G1 X101.096 Y112.724 E627.62249
G1 X101.244 Y113.028 E627.64498
G1 X101.491 Y113.42 E627.6758
G1 X101.667 Y113.654 E627.69528
G1 X101.951 Y113.97 E627.72354
G1 X102.153 Y114.165 E627.74222
G1 X102.54 Y114.484 E627.77558
G1 X102.964 Y114.74 E627.80853
G1 X103.254 Y114.884 E627.83007
G1 X103.802 Y115.088 E627.86896
G1 X104.472 Y115.244 E627.91472
G1 X105.181 Y115.252 E627.96189
G1 F2700 E622.96189
G0 F12000 X105.187 Y114.993
G0 X107.09 Y113.623
G0 X107.569 Y113.155
G0 X108.028 Y112.483
G0 X108.59 Y111.107
G0 X108.214 Y108.488
G0 X113.828 Y100.905
G0 X114.665 Y100.993
G0 X114.632 Y101.251
G1 F2700 E627.96189
G1 F2400 X115.156 Y101.252 E627.99675
G1 X115.695 Y101.204 E628.03274
G1 X116.252 Y101.074 E628.07079
G1 X116.804 Y100.85 E628.11042
G1 X117.089 Y100.705 E628.13169
G1 X117.505 Y100.437 E628.16461
G1 X117.774 Y100.22 E628.1876
G1 X118.154 Y99.853 E628.22274
G1 X118.362 Y99.605 E628.24427
G1 X118.71 Y99.093 E628.28545
G1 X118.926 Y98.665 E628.31734
G1 X119.134 Y98.049 E628.36059
G1 X119.25 Y97.282 E628.41219
G1 X119.276 Y96.981 E628.43229
G1 X119.207 Y96.314 E628.4769
G1 X119.075 Y95.757 E628.51497
G1 X118.896 Y95.27 E628.54949
G1 X118.719 Y94.917 E628.57576
G1 X118.379 Y94.401 E628.61686
G1 X118.041 Y94.022 E628.65064
G1 X117.844 Y93.829 E628.66899
G1 X117.475 Y93.525 E628.70079
G1 X117.023 Y93.252 E628.73592
G1 X116.773 Y93.128 E628.75448
G1 X116.201 Y92.905 E628.79532
G1 X115.684 Y92.788 E628.83058
G1 X115.343 Y92.749 E628.85341
G1 X114.805 Y92.737 E628.88921
G1 X114.269 Y92.797 E628.92508
G1 X113.765 Y92.914 E628.9595
G1 X113.197 Y93.142 E629.00022
G1 X112.924 Y93.282 E629.02063
G1 X112.477 Y93.565 E629.05582
G1 X112.229 Y93.757 E629.07668
G1 X111.851 Y94.129 E629.11196
G1 X111.635 Y94.382 E629.13409
G1 X111.274 Y94.911 E629.17669
G1 X111.109 Y95.206 E629.19918
G1 X110.869 Y95.954 E629.25143
G1 X110.708 Y96.94 E629.31789
G1 X110.798 Y97.703 E629.369
G1 X110.912 Y98.205 E629.40324
G1 X111.18 Y98.927 E629.45447
G1 X111.584 Y99.559 E629.50437
G1 X112.036 Y100.064 E629.54945
G1 X112.529 Y100.478 E629.59227
G1 X113.093 Y100.815 E629.63598
G1 X113.773 Y101.076 E629.68443
G1 X114.285 Y101.201 E629.71949
G1 X114.632 Y101.251 E629.74281
G1 F2700 E624.74281
G0 F12000 X114.665 Y100.993
G0 X112.881 Y99.579
G0 X110.975 Y97.67
G0 X96.6 Y97.67
G0 X96.5 Y89.716
G0 X96.96 Y89.716
G1 F2700 E629.74281
G1 F2400 X97.217 Y89.46 E629.76694
G0 F12000 X97.782 Y89.46
G1 F2400 X96.96 Y90.282 E629.84427
G0 F12000 X96.96 Y90.848
G1 F2400 X98.348 Y89.46 E629.97484
G0 F12000 X98.914 Y89.46
G1 F2400 X96.96 Y91.413 E630.15861
G0 F12000 X96.96 Y91.979
G1 F2400 X99.479 Y89.46 E630.39559
G0 F12000 X100.045 Y89.46
G1 F2400 X96.96 Y92.545 E630.6858
G0 F12000 X96.96 Y93.11
G1 F2400 X100.611 Y89.46 E631.02922
G0 F12000 X101.176 Y89.46
G1 F2400 X96.96 Y93.676 E631.42584
G0 F12000 X96.96 Y94.242
G1 F2400 X101.742 Y89.46 E631.8757
G0 F12000 X102.308 Y89.46
G1 F2400 X96.96 Y94.807 E632.37876
G0 F12000 X96.96 Y95.373
G1 F2400 X102.873 Y89.46 E632.93502
G0 F12000 X103.439 Y89.46
G1 F2400 X96.96 Y95.939 E633.54452
G0 F12000 X96.96 Y96.505
G1 F2400 X104.005 Y89.46 E634.20727
G0 F12000 X104.57 Y89.46
G1 F2400 X96.96 Y97.07 E634.92317
G0 F12000 X96.96 Y97.636
G1 F2400 X105.136 Y89.46 E635.69232
G0 F12000 X105.702 Y89.46
G1 F2400 X96.96 Y98.202 E636.51472
G0 F12000 X96.96 Y98.767
G1 F2400 X106.268 Y89.46 E637.39031
G0 F12000 X106.833 Y89.46
G1 F2400 X96.96 Y99.333 E638.3191
G0 F12000 X96.96 Y99.899
G1 F2400 X107.399 Y89.46 E639.30114
G0 F12000 X107.965 Y89.46
G1 F2400 X96.96 Y100.464 E640.33637
G0 F12000 X96.96 Y101.03
G1 F2400 X108.53 Y89.46 E641.42481
G0 F12000 X109.096 Y89.46
G1 F2400 X96.96 Y101.596 E642.56649
G0 F12000 X96.96 Y102.161
G1 F2400 X109.662 Y89.46 E643.76137
G0 F12000 X110.227 Y89.46
G1 F2400 X96.96 Y102.727 E645.00944
G0 F12000 X96.96 Y103.293
G1 F2400 X110.793 Y89.46 E646.31077
G0 F12000 X111.359 Y89.46
G1 F2400 X96.96 Y103.858 E647.66529
G0 F12000 X96.96 Y104.424
G1 F2400 X111.924 Y89.46 E649.07301
G0 F12000 X112.49 Y89.46
G1 F2400 X96.96 Y104.99 E650.53398
G0 F12000 X96.96 Y105.555
G1 F2400 X113.056 Y89.46 E652.04815
G0 F12000 X113.621 Y89.46
G1 F2400 X96.96 Y106.121 E653.61551
G0 F12000 X96.96 Y106.687
G1 F2400 X114.187 Y89.46 E655.23612
G0 F12000 X114.753 Y89.46
G1 F2400 X96.96 Y107.253 E656.90998
G0 F12000 X96.96 Y107.818
G1 F2400 X115.319 Y89.46 E658.63703
G0 F12000 X115.884 Y89.46
G1 F2400 X96.96 Y108.384 E660.41729
G0 F12000 X96.96 Y108.95
G1 F2400 X111.108 Y94.802 E661.74824
G0 F12000 X111.5 Y95.045
G0 X111.162 Y95.893
G0 X110.724 Y95.751
G1 F2400 X96.96 Y109.515 E663.04308
G0 F12000 X96.96 Y110.081
G1 F2400 X110.586 Y96.455 E664.32493
G0 F12000 X110.521 Y97.086
G1 F2400 X96.96 Y110.647 E665.60066
G0 F12000 X96.96 Y111.212
G1 F2400 X110.583 Y97.589 E666.88223
G0 F12000 X110.674 Y98.064
G1 F2400 X96.96 Y111.778 E668.17236
G0 F12000 X96.96 Y112.344
G1 F2400 X110.806 Y98.497 E669.47495
G0 F12000 X110.958 Y98.912
G1 F2400 X102.654 Y107.216 E670.25614
G0 F12000 X102.9 Y107.605
G0 X103.848 Y107.162
G0 X103.71 Y106.725
G1 F2400 X111.164 Y99.271 E670.95737
G0 F12000 X111.384 Y99.616
G1 F2400 X104.423 Y106.577 E671.61222
G0 F12000 X105.022 Y106.545
G1 F2400 X111.643 Y99.923 E672.23513
G0 F12000 X111.912 Y100.22
G1 F2400 X105.571 Y106.561 E672.83165
G0 F12000 X106.033 Y106.664
G1 F2400 X112.221 Y100.477 E673.41373
G0 F12000 X112.544 Y100.72
G1 F2400 X106.468 Y106.796 E673.98532
G0 F12000 X106.874 Y106.956
G1 F2400 X112.9 Y100.929 E674.55226
G0 F12000 X113.291 Y101.104
G1 F2400 X107.243 Y107.152 E675.12122
G0 F12000 X107.592 Y107.369
G1 F2400 X113.7 Y101.261 E675.69582
G0 F12000 X114.153 Y101.373
G1 F2400 X107.907 Y107.62 E676.28346
G0 F12000 X108.199 Y107.893
G1 F2400 X114.641 Y101.451 E676.88948
G0 F12000 X115.21 Y101.448
G1 F2400 X108.463 Y108.194 E677.52415
G0 F12000 X108.696 Y108.527
G1 F2400 X115.852 Y101.372 E678.19729
G0 F12000 X116.672 Y101.117
G1 F2400 X108.922 Y108.867 E678.92637
G0 F12000 X109.102 Y109.253
G1 F2400 X123.039 Y95.315 E680.23752
G0 F12000 X123.039 Y95.881
G1 F2400 X109.252 Y109.668 E681.53452
G0 F12000 X109.366 Y110.12
G1 F2400 X123.039 Y96.447 E682.82079
G0 F12000 X123.039 Y97.012
G1 F2400 X109.438 Y110.614 E684.10034
G0 F12000 X109.469 Y111.149
G1 F2400 X123.039 Y97.578 E685.37696
G0 F12000 X123.039 Y98.144
G1 F2400 X109.374 Y111.809 E686.66248
G0 F12000 X109.158 Y112.59
G1 F2400 X123.039 Y98.709 E687.96832
G0 F12000 X123.039 Y99.275
G1 F2400 X96.96 Y125.354 E690.42168
G0 F12000 X96.96 Y124.789
G1 F2400 X106.604 Y115.145 E691.32892
G0 F12000 X105.804 Y115.379
G1 F2400 X96.96 Y124.223 E692.16091
G0 F12000 X96.96 Y123.657
G1 F2400 X105.167 Y115.451 E692.93293
G0 F12000 X104.607 Y115.444
G1 F2400 X96.96 Y123.092 E693.65236
G0 F12000 X96.96 Y122.526
G1 F2400 X104.119 Y115.367 E694.32584
G0 F12000 X103.671 Y115.249
G1 F2400 X96.96 Y121.96 E694.95717
G0 F12000 X96.96 Y121.395
G1 F2400 X103.259 Y115.096 E695.54974
G0 F12000 X102.872 Y114.917
G1 F2400 X96.96 Y120.829 E696.1059
G0 F12000 X96.96 Y120.263
G1 F2400 X102.519 Y114.704 E696.62886
G0 F12000 X102.198 Y114.459
G1 F2400 X96.96 Y119.698 E697.12166
G0 F12000 X96.96 Y119.132
G1 F2400 X101.897 Y114.195 E697.58611
G0 F12000 X101.622 Y113.904
G1 F2400 X96.96 Y118.566 E698.02468
G0 F12000 X96.96 Y118.001
G1 F2400 X101.369 Y113.591 E698.4395
G0 F12000 X101.147 Y113.248
G1 F2400 X96.96 Y117.435 E698.83338
G0 F12000 X96.96 Y116.869
G1 F2400 X100.949 Y112.88 E699.20865
G0 F12000 X100.792 Y112.471
G1 F2400 X96.96 Y116.304 E699.56918
G0 F12000 X96.96 Y115.738
G1 F2400 X100.664 Y112.033 E699.91768
G0 F12000 X100.578 Y111.554
G1 F2400 X96.96 Y115.172 E700.25804
G0 F12000 X96.96 Y114.606
G1 F2400 X100.515 Y111.051 E700.59247
G0 F12000 X100.583 Y110.418
G1 F2400 X96.96 Y114.041 E700.9333
G0 F12000 X96.96 Y113.475
G1 F2400 X100.73 Y109.705 E701.28796
G0 F12000 X101.17 Y109.853
G0 X101.579 Y108.929
G0 X101.2 Y108.669
G1 F2400 X96.96 Y112.909 E701.68683
G0 F12000 X96.5 Y112.909
G0 X96.5 Y125.92
G0 X96.96 Y125.92
G1 F2400 X123.039 Y99.841 E704.14019
G0 F12000 X123.039 Y100.406
G1 F2400 X96.96 Y126.486 E706.59359
G0 F12000 X96.96 Y127.052
G1 F2400 X123.039 Y100.972 E709.04698
G0 F12000 X123.039 Y101.538
G1 F2400 X96.96 Y127.617 E711.50034
G0 F12000 X96.96 Y128.183
G1 F2400 X123.039 Y102.103 E713.95374
G0 F12000 X123.039 Y102.669
G1 F2400 X96.96 Y128.749 E716.40714
G0 F12000 X96.96 Y129.314
G1 F2400 X123.039 Y103.235 E718.86049
G0 F12000 X123.039 Y103.8
G1 F2400 X96.96 Y129.88 E721.31389
G0 F12000 X96.96 Y130.446
G1 F2400 X123.039 Y104.366 E723.76729
G0 F12000 X123.039 Y104.932
G1 F2400 X97.434 Y130.537 E726.17605
G0 F12000 X98 Y130.537
G1 F2400 X123.039 Y105.498 E728.53156
G0 F12000 X123.039 Y106.063
G1 F2400 X98.566 Y130.537 E730.83388
G0 F12000 X99.131 Y130.537
G1 F2400 X123.039 Y106.629 E733.083
G0 F12000 X123.039 Y107.195
G1 F2400 X99.697 Y130.537 E735.27887
G0 F12000 X100.263 Y130.537
G1 F2400 X123.039 Y107.76 E737.42154
G0 F12000 X123.039 Y108.326
G1 F2400 X100.828 Y130.537 E739.51102
G0 F12000 X101.394 Y130.537
G1 F2400 X123.039 Y108.892 E741.54725
G0 F12000 X123.039 Y109.457
G1 F2400 X101.96 Y130.537 E743.53028
G0 F12000 X102.526 Y130.537
G1 F2400 X123.039 Y110.023 E745.46006
G0 F12000 X123.039 Y110.589
G1 F2400 X103.091 Y130.537 E747.33665
G0 F12000 X103.656 Y130.538
G1 F2400 X110.86 Y123.334 E748.01436
G0 F12000 X110.637 Y124.123
G1 F2400 X104.222 Y130.538 E748.61784
G0 F12000 X104.788 Y130.538
G1 F2400 X110.532 Y124.793 E749.15825
G0 F12000 X110.55 Y125.34
G1 F2400 X105.353 Y130.538 E749.6472
G0 F12000 X105.919 Y130.538
G1 F2400 X110.623 Y125.834 E750.08972
G0 F12000 X110.728 Y126.294
G1 F2400 X106.485 Y130.538 E750.48892
G0 F12000 X107.05 Y130.538
G1 F2400 X110.876 Y126.711 E750.8489
G0 F12000 X111.055 Y127.098
G1 F2400 X107.616 Y130.538 E751.17246
G0 F12000 X108.182 Y130.538
G1 F2400 X111.274 Y127.445 E751.46339
G0 F12000 X111.509 Y127.776
G1 F2400 X108.747 Y130.538 E751.72322
G0 F12000 X109.313 Y130.538
G1 F2400 X111.776 Y128.075 E751.95492
G0 F12000 X112.065 Y128.351
G1 F2400 X109.879 Y130.538 E752.16062
G0 F12000 X110.444 Y130.538
G1 F2400 X112.376 Y128.606 E752.34237
G0 F12000 X112.721 Y128.826
G1 F2400 X111.009 Y130.538 E752.50342
G0 F12000 X111.575 Y130.538
G1 F2400 X113.09 Y129.024 E752.6459
G0 F12000 X113.495 Y129.184
G1 F2400 X112.141 Y130.538 E752.77327
G0 F12000 X112.706 Y130.538
G1 F2400 X113.923 Y129.322 E752.88771
G0 F12000 X114.391 Y129.419
G1 F2400 X113.272 Y130.538 E752.99298
G0 F12000 X113.838 Y130.538
G1 F2400 X114.924 Y129.452 E753.09515
G0 F12000 X115.523 Y129.419
G1 F2400 X114.404 Y130.538 E753.20041
G0 F12000 X114.969 Y130.538
G1 F2400 X116.219 Y129.289 E753.31796
G0 F12000 X116.082 Y128.847
G0 X116.975 Y128.47
G0 X117.22 Y128.853
G1 F2400 X115.535 Y130.538 E753.47647
G0 F12000 X116.101 Y130.538
G1 F2400 X123.039 Y123.599 E754.12921
G0 F12000 X123.039 Y123.034
G1 F2400 X118.904 Y127.17 E754.51825
G0 F12000 X118.522 Y126.91
G0 X118.852 Y126.079
G0 X119.28 Y126.227
G1 F2400 X123.039 Y122.468 E754.87187
G0 F12000 X123.039 Y121.902
G1 F2400 X119.416 Y125.526 E755.21275
G0 F12000 X119.473 Y124.903
G1 F2400 X123.039 Y121.337 E755.54822
G0 F12000 X123.039 Y120.771
G1 F2400 X119.418 Y124.393 E755.8889
G0 F12000 X119.319 Y123.926
G1 F2400 X123.039 Y120.205 E756.23891
G0 F12000 X123.039 Y119.64
G1 F2400 X119.191 Y123.488 E756.6009
G0 F12000 X119.028 Y123.085
G1 F2400 X123.039 Y119.074 E756.97823
G0 F12000 X123.039 Y118.508
G1 F2400 X118.828 Y122.72 E757.37442
G0 F12000 X118.602 Y122.38
G1 F2400 X123.039 Y117.943 E757.79183
G0 F12000 X123.039 Y117.377
G1 F2400 X118.351 Y122.066 E758.2329
G0 F12000 X118.075 Y121.776
G1 F2400 X123.039 Y116.811 E758.69993
G0 F12000 X123.039 Y116.246
G1 F2400 X117.771 Y121.514 E759.19551
G0 F12000 X117.447 Y121.272
G1 F2400 X123.039 Y115.68 E759.72157
G0 F12000 X123.039 Y115.114
G1 F2400 X117.091 Y121.062 E760.28112
G0 F12000 X116.7 Y120.888
G1 F2400 X123.039 Y114.548 E760.8775
G0 F12000 X123.039 Y113.983
G1 F2400 X116.29 Y120.732 E761.5124
G0 F12000 X115.837 Y120.62
G1 F2400 X123.039 Y113.417 E762.18997
G0 F12000 X123.039 Y112.851
G1 F2400 X115.341 Y120.55 E762.9142
G0 F12000 X114.778 Y120.547
G1 F2400 X123.039 Y112.286 E763.69134
G0 F12000 X123.039 Y111.72
G1 F2400 X114.135 Y120.625 E764.52902
G0 F12000 X113.307 Y120.886
G1 F2400 X123.039 Y111.154 E765.44455
G0 F12000 X123.5 Y111.154
G0 X123.5 Y124.165
G0 X123.039 Y124.165
G1 F2400 X116.666 Y130.539 E766.04413
G0 F12000 X117.231 Y130.539
G1 F2400 X123.039 Y124.731 E766.59051
G0 F12000 X123.039 Y125.296
G1 F2400 X117.797 Y130.539 E767.08369
G0 F12000 X118.363 Y130.539
G1 F2400 X123.039 Y125.862 E767.52363
G0 F12000 X123.039 Y126.428
G1 F2400 X118.928 Y130.539 E767.91037
G0 F12000 X119.494 Y130.539
G1 F2400 X123.039 Y126.994 E768.24386
G0 F12000 X123.039 Y127.559
G1 F2400 X120.06 Y130.539 E768.52415
G0 F12000 X120.625 Y130.539
G1 F2400 X123.039 Y128.125 E768.75125
G0 F12000 X123.039 Y128.691
G1 F2400 X121.191 Y130.539 E768.9251
G0 F12000 X121.757 Y130.539
G1 F2400 X123.039 Y129.256 E769.04575
G0 F12000 X123.039 Y129.822
G1 F2400 X122.322 Y130.539 E769.1132
G0 F12000 X122.888 Y130.539
G1 F2400 X123.039 Y130.388 E769.1274
G1 F2700 E764.1274
G0 F12000 X123.5 Y130.388
G0 X123.4 Y98.494
G0 X118.966 Y97.992
G0 X118.709 Y98.494
G0 X119.145 Y98.644
G1 F2700 E769.1274
G1 F2400 X123.039 Y94.749 E769.49377
G0 F12000 X123.039 Y94.184
G1 F2400 X119.367 Y97.856 E769.83921
G0 F12000 X119.458 Y97.2
G1 F2400 X123.039 Y93.618 E770.17614
G0 F12000 X123.039 Y93.052
G1 F2400 X119.445 Y96.647 E770.51429
G0 F12000 X119.373 Y96.153
G1 F2400 X123.039 Y92.487 E770.85916
G0 F12000 X123.039 Y91.921
G1 F2400 X119.263 Y95.697 E771.21438
G0 F12000 X119.114 Y95.281
G1 F2400 X123.039 Y91.355 E771.58367
G0 F12000 X123.039 Y90.79
G1 F2400 X118.933 Y94.896 E771.96994
G0 F12000 X118.714 Y94.549
G1 F2400 X123.039 Y90.224 E772.37681
G0 F12000 X123.039 Y89.658
G1 F2400 X118.484 Y94.213 E772.80531
G0 F12000 X118.216 Y93.916
G1 F2400 X122.672 Y89.46 E773.22451
G0 F12000 X122.107 Y89.46
G1 F2400 X117.928 Y93.639 E773.61764
G0 F12000 X117.615 Y93.385
G1 F2400 X121.541 Y89.46 E773.98693
G0 F12000 X120.975 Y89.46
G1 F2400 X117.269 Y93.166 E774.33557
G0 F12000 X116.9 Y92.969
G1 F2400 X120.41 Y89.46 E774.66572
G0 F12000 X119.844 Y89.46
G1 F2400 X116.494 Y92.809 E774.98082
G0 F12000 X116.069 Y92.669
G1 F2400 X119.278 Y89.46 E775.2827
G0 F12000 X118.713 Y89.46
G1 F2400 X115.595 Y92.577 E775.57598
G0 F12000 X115.064 Y92.543
G1 F2400 X118.147 Y89.46 E775.86601
G0 F12000 X117.581 Y89.46
G1 F2400 X114.465 Y92.576 E776.15914
G0 F12000 X113.764 Y92.711
G1 F2400 X117.016 Y89.46 E776.46502
G0 F12000 X116.45 Y89.46
G1 F2400 X112.76 Y93.149 E776.81211
G0 F12000 X113.164 Y93.784
;MESH:NONMESH
G0 F300 Z1.8
G0 F12000 X111.972 Y95.517
G0 X111.411 Y96.893
G0 X111.979 Y98.477
G0 X112.303 Y98.999
G0 X112.645 Y99.38
G0 X114.684 Y100.893
;TIME_ELAPSED:758.636425
;LAYER:4
;TYPE:WALL-INNER
;MESH:9V_battery_holder.obj
G1 F2400 X113.967 Y100.763 E776.86058
G1 X113.407 Y100.565 E776.90009
G1 X112.88 Y100.282 E776.93988
G1 X112.282 Y99.799 E776.99102
G1 X111.906 Y99.377 E777.02861
G1 X111.562 Y98.855 E777.0702
G1 X111.266 Y98.155 E777.12076
G1 X111.141 Y97.563 E777.161
G1 X111.094 Y96.832 E777.20973
G1 X111.209 Y96.056 E777.26191
G1 X111.408 Y95.465 E777.3034
G1 X111.7 Y94.925 E777.34423
G1 X111.851 Y94.701 E777.3622
G1 X112.171 Y94.313 E777.39566
G1 X112.388 Y94.102 E777.41579
G1 X112.871 Y93.724 E777.45659
G1 X113.395 Y93.44 E777.49624
G1 X113.937 Y93.242 E777.53462
G1 X114.528 Y93.118 E777.57479
G1 X115.298 Y93.106 E777.62602
G1 X115.912 Y93.211 E777.66746
G1 X116.16 Y93.278 E777.68454
G1 X116.604 Y93.441 E777.71601
G1 X117.132 Y93.728 E777.75598
G1 X117.717 Y94.193 E777.80569
G1 X118.118 Y94.648 E777.84604
G1 X118.437 Y95.153 E777.88577
G1 X118.675 Y95.706 E777.92582
G1 X118.756 Y95.959 E777.94349
G1 X118.86 Y96.433 E777.97577
G1 X118.9 Y97.206 E778.02726
G1 X118.791 Y97.941 E778.07669
G1 X118.591 Y98.534 E778.11832
G1 X118.294 Y99.079 E778.1596
G1 X118.14 Y99.305 E778.17779
G1 X117.82 Y99.689 E778.21105
G1 X117.614 Y99.89 E778.23019
G1 X117.135 Y100.268 E778.27078
G1 X116.595 Y100.564 E778.31174
G1 X116.054 Y100.755 E778.34991
G1 X115.489 Y100.874 E778.38832
G1 X114.684 Y100.893 E778.44188
G0 F12000 X114.725 Y100.493
G1 F2400 X114.069 Y100.376 E778.48621
G1 X113.572 Y100.197 E778.52135
G1 X113.085 Y99.937 E778.55807
G1 X112.557 Y99.512 E778.60316
G1 X112.221 Y99.13 E778.637
G1 X111.919 Y98.672 E778.67349
G1 X111.648 Y98.02 E778.72046
G1 X111.537 Y97.508 E778.75531
G1 X111.496 Y96.843 E778.79963
G1 X111.603 Y96.149 E778.84634
G1 X111.774 Y95.628 E778.88282
G1 X112.098 Y95.03 E778.92806
G1 X112.549 Y94.483 E778.97522
G1 X113.09 Y94.06 E779.0209
G1 X113.556 Y93.807 E779.05617
G1 X114.051 Y93.627 E779.09121
G1 X114.57 Y93.518 E779.12649
G1 X115.263 Y93.507 E779.17259
G1 X115.936 Y93.622 E779.21801
G1 X116.439 Y93.806 E779.25364
G1 X116.909 Y94.061 E779.28921
G1 X117.442 Y94.485 E779.33451
G1 X117.796 Y94.886 E779.37009
G1 X118.08 Y95.338 E779.4056
G1 X118.344 Y95.95 E779.44994
G1 X118.463 Y96.491 E779.48679
G1 X118.499 Y97.182 E779.53281
G1 X118.401 Y97.846 E779.57746
G1 X118.225 Y98.368 E779.61411
G1 X117.893 Y98.977 E779.66025
G1 X117.447 Y99.512 E779.70658
G1 X116.918 Y99.931 E779.75147
G1 X116.429 Y100.199 E779.78856
G1 X115.939 Y100.371 E779.82311
G1 X115.399 Y100.477 E779.85971
G1 X114.725 Y100.493 E779.90456
G0 F12000 X114.786 Y100.092
G1 F2400 X114.171 Y99.986 E779.94607
G1 X113.709 Y99.82 E779.97873
G1 X113.28 Y99.581 E780.0114
G1 X112.815 Y99.201 E780.05134
G1 X112.503 Y98.838 E780.08318
G1 X112.259 Y98.449 E780.11373
G1 X112.043 Y97.941 E780.15045
G1 X111.933 Y97.454 E780.18366
G1 X111.901 Y96.83 E780.22522
G1 X111.992 Y96.243 E780.26474
G1 X112.143 Y95.789 E780.29657
G1 X112.431 Y95.256 E780.33687
G1 X112.833 Y94.769 E780.37887
G1 X113.309 Y94.395 E780.41914
G1 X113.766 Y94.156 E780.45345
G1 X114.2 Y94.004 E780.48404
G1 X114.58 Y93.924 E780.50987
G1 X115.231 Y93.907 E780.55319
G1 X115.835 Y94.01 E780.59395
G1 X116.232 Y94.156 E780.62208
G1 X116.687 Y94.396 E780.6563
G1 X117.167 Y94.778 E780.69711
G1 X117.5 Y95.167 E780.73117
G1 X117.744 Y95.567 E780.76234
G1 X117.96 Y96.068 E780.79863
G1 X118.066 Y96.542 E780.83094
G1 X118.098 Y97.164 E780.87237
G1 X118.016 Y97.716 E780.90949
G1 X117.858 Y98.206 E780.94374
G1 X117.563 Y98.747 E780.98473
G1 X117.165 Y99.225 E781.02611
G1 X116.692 Y99.599 E781.06622
G1 X116.271 Y99.83 E781.09816
G1 X115.796 Y99.992 E781.13155
G1 X115.346 Y100.08 E781.16205
G1 X114.786 Y100.092 E781.19931
G1 F2700 E776.19931
G0 F12000 X114.639 Y100.49
G0 X113.928 Y100.936
G0 X108.245 Y108.523
G0 X108.349 Y111.166
G0 X108.251 Y111.817
G0 X107.909 Y112.818
G0 X106.875 Y113.867
G0 X104.72 Y114.894
G1 F2700 E781.19931
G1 F2400 X103.964 Y114.759 E781.25039
G1 X103.403 Y114.565 E781.28988
G1 X102.972 Y114.331 E781.3225
G1 X102.761 Y114.19 E781.33938
G1 X102.275 Y113.798 E781.38092
G1 X101.886 Y113.358 E781.41998
G1 X101.561 Y112.854 E781.45988
G1 X101.32 Y112.285 E781.50098
G1 X101.24 Y112.037 E781.51832
G1 X101.135 Y111.549 E781.55152
G1 X101.096 Y110.787 E781.60228
G1 X101.21 Y110.051 E781.65182
G1 X101.408 Y109.464 E781.69303
G1 X101.7 Y108.925 E781.73381
G1 X101.851 Y108.701 E781.75178
G1 X102.172 Y108.313 E781.78527
G1 X102.388 Y108.101 E781.80541
G1 X102.866 Y107.726 E781.84582
G1 X103.395 Y107.44 E781.88582
G1 X103.937 Y107.242 E781.92421
G1 X104.527 Y107.118 E781.96431
G1 X105.305 Y107.108 E782.01607
G1 X106.031 Y107.231 E782.06505
G1 X106.582 Y107.435 E782.10413
G1 X107.127 Y107.724 E782.14517
G1 X107.713 Y108.19 E782.19497
G1 X108.102 Y108.633 E782.23419
G1 X108.435 Y109.147 E782.27493
G1 X108.726 Y109.834 E782.32456
G1 X108.856 Y110.433 E782.36533
G1 X108.9 Y111.154 E782.41338
G1 X108.794 Y111.928 E782.46535
G1 X108.577 Y112.552 E782.5093
G1 X108.224 Y113.205 E782.55868
G1 X107.719 Y113.806 E782.61089
G1 X107.12 Y114.278 E782.66162
G1 X106.619 Y114.548 E782.69948
G1 X106.051 Y114.757 E782.73974
G1 X105.429 Y114.876 E782.78187
G1 X104.72 Y114.894 E782.82905
G0 F12000 X104.715 Y114.492
G1 F2400 X104.065 Y114.372 E782.87302
G1 X103.561 Y114.196 E782.90853
G1 X103.085 Y113.937 E782.94457
G1 X102.555 Y113.511 E782.98981
G1 X102.205 Y113.114 E783.02501
G1 X101.916 Y112.667 E783.06042
G1 X101.65 Y112.037 E783.10591
G1 X101.533 Y111.497 E783.14267
G1 X101.497 Y110.81 E783.18843
G1 X101.6 Y110.148 E783.23299
G1 X101.775 Y109.628 E783.26949
G1 X102.099 Y109.029 E783.31479
G1 X102.549 Y108.483 E783.36186
G1 X103.09 Y108.06 E783.40754
G1 X103.556 Y107.807 E783.44281
G1 X104.057 Y107.625 E783.47827
G1 X104.597 Y107.519 E783.51488
G1 X105.289 Y107.513 E783.56091
G1 X105.938 Y107.622 E783.60469
G1 X106.423 Y107.802 E783.6391
G1 X106.907 Y108.06 E783.67558
G1 X107.442 Y108.485 E783.72103
G1 X107.785 Y108.877 E783.75568
G1 X108.082 Y109.346 E783.79261
G1 X108.341 Y109.946 E783.83608
G1 X108.463 Y110.493 E783.87336
G1 X108.496 Y111.175 E783.91878
G1 X108.402 Y111.842 E783.96359
G1 X108.214 Y112.385 E784.00181
G1 X107.892 Y112.978 E784.0467
G1 X107.449 Y113.51 E784.09275
G1 X106.901 Y113.941 E784.13913
G1 X106.449 Y114.186 E784.17333
G1 X105.941 Y114.368 E784.20923
G1 X105.419 Y114.478 E784.24471
G1 X104.715 Y114.492 E784.29155
G0 F12000 X104.778 Y114.092
G1 F2400 X104.167 Y113.985 E784.33281
G1 X103.77 Y113.846 E784.36079
G1 X103.309 Y113.605 E784.3954
G1 X102.832 Y113.221 E784.43613
G1 X102.503 Y112.838 E784.46972
G1 X102.27 Y112.478 E784.49824
G1 X102.034 Y111.92 E784.53855
G1 X101.937 Y111.476 E784.56878
G1 X101.898 Y110.838 E784.6113
G1 X101.991 Y110.239 E784.65162
G1 X102.143 Y109.788 E784.68328
G1 X102.431 Y109.256 E784.72352
G1 X102.833 Y108.769 E784.76553
G1 X103.311 Y108.394 E784.80594
G1 X103.766 Y108.156 E784.8401
G1 X104.2 Y108.004 E784.87069
G1 X104.652 Y107.916 E784.90132
G1 X105.208 Y107.908 E784.93831
G1 X105.857 Y108.019 E784.98211
G1 X106.287 Y108.18 E785.01265
G1 X106.691 Y108.399 E785.04322
G1 X107.181 Y108.795 E785.08513
G1 X107.468 Y109.121 E785.11402
G1 X107.726 Y109.529 E785.14613
G1 X107.963 Y110.078 E785.18591
G1 X108.06 Y110.52 E785.21601
G1 X108.096 Y111.156 E785.25838
G1 X108.002 Y111.776 E785.3001
G1 X107.85 Y112.219 E785.33125
G1 X107.557 Y112.752 E785.37171
G1 X107.159 Y113.227 E785.41293
G1 X106.706 Y113.587 E785.45142
G1 X106.279 Y113.824 E785.48391
G1 X105.834 Y113.982 E785.51532
G1 X105.4 Y114.074 E785.54483
G1 X104.778 Y114.092 E785.58623
G1 F2700 E780.58623
G0 F12000 X104.632 Y114.488
G0 X105.515 Y115.055
G0 X105.515 Y130.9
G0 X110 Y131.1
G1 F2700 E785.58623
G1 F2400 X123.6 Y131.1 E786.4909
G1 X123.6 Y88.9 E789.29806
G1 X96.401 Y88.901 E791.10734
G1 X96.4 Y131.1 E793.91443
G1 X110 Y131.1 E794.81911
G0 F12000 X110 Y131.5
G1 F2400 X124 Y131.5 E795.75039
G1 X124 Y88.5 E798.61076
G1 X96.001 Y88.501 E800.47326
G1 X96 Y131.5 E803.33357
G1 X110 Y131.5 E804.26485
G0 F12000 X110 Y131.9
G1 F2400 X124.4 Y131.9 E805.22274
G1 X124.4 Y88.1 E808.13633
G1 X95.601 Y88.101 E810.05205
G1 X95.6 Y131.9 E812.96557
G1 X110 Y131.9 E813.92346
G1 F2700 E808.92346
G0 F12000 X110 Y131.59
G0 X114.697 Y130.9
G0 X114.812 Y129.073
G0 X114.697 Y128.895
G1 F2700 E813.92346
G1 F2400 X113.961 Y128.763 E813.9732
G1 X113.397 Y128.562 E814.01303
G1 X112.972 Y128.331 E814.04521
G1 X112.761 Y128.19 E814.06209
G1 X112.275 Y127.798 E814.10362
G1 X111.886 Y127.358 E814.14269
G1 X111.561 Y126.854 E814.18258
G1 X111.32 Y126.285 E814.22369
G1 X111.24 Y126.037 E814.24102
G1 X111.135 Y125.559 E814.27358
G1 X111.099 Y124.766 E814.32638
G1 X111.209 Y124.058 E814.37404
G1 X111.413 Y123.454 E814.41645
G1 X111.772 Y122.795 E814.46637
G1 X112.284 Y122.182 E814.5195
G1 X112.879 Y121.719 E814.56965
G1 X113.376 Y121.452 E814.60718
G1 X113.941 Y121.245 E814.64721
G1 X114.522 Y121.121 E814.68673
G1 X115.279 Y121.106 E814.73709
G1 X116.033 Y121.238 E814.78801
G1 X116.597 Y121.437 E814.8278
G1 X117.132 Y121.728 E814.86831
G1 X117.717 Y122.193 E814.91802
G1 X118.118 Y122.648 E814.95836
G1 X118.437 Y123.153 E814.9981
G1 X118.675 Y123.706 E815.03814
G1 X118.756 Y123.959 E815.05581
G1 X118.86 Y124.433 E815.0881
G1 X118.9 Y125.206 E815.13958
G1 X118.791 Y125.941 E815.18901
G1 X118.591 Y126.534 E815.23064
G1 X118.294 Y127.079 E815.27193
G1 X118.14 Y127.305 E815.29012
G1 X117.82 Y127.689 E815.32337
G1 X117.613 Y127.89 E815.34256
G1 X117.137 Y128.267 E815.38296
G1 X116.594 Y128.565 E815.42416
G1 X116.049 Y128.756 E815.46257
G1 X115.466 Y128.877 E815.50218
G1 X114.697 Y128.895 E815.55335
G0 F12000 X114.73 Y128.494
G1 F2400 X114.06 Y128.374 E815.59863
G1 X113.557 Y128.194 E815.63417
G1 X113.084 Y127.937 E815.66997
G1 X112.555 Y127.511 E815.71515
G1 X112.205 Y127.114 E815.75036
G1 X111.915 Y126.665 E815.78592
G1 X111.65 Y126.039 E815.83114
G1 X111.533 Y125.504 E815.86756
G1 X111.5 Y124.829 E815.91252
G1 X111.598 Y124.156 E815.95776
G1 X111.779 Y123.62 E815.99539
G1 X112.103 Y123.024 E816.04052
G1 X112.557 Y122.477 E816.08781
G1 X113.069 Y122.079 E816.13094
G1 X113.546 Y121.814 E816.16724
G1 X114.05 Y121.629 E816.20295
G1 X114.603 Y121.519 E816.24046
G1 X115.241 Y121.509 E816.28291
G1 X115.931 Y121.624 E816.32944
G1 X116.435 Y121.804 E816.36504
G1 X116.909 Y122.061 E816.40091
G1 X117.442 Y122.485 E816.44621
G1 X117.796 Y122.886 E816.48179
G1 X118.08 Y123.338 E816.5173
G1 X118.344 Y123.95 E816.56164
G1 X118.463 Y124.491 E816.59849
G1 X118.499 Y125.182 E816.64451
G1 X118.401 Y125.846 E816.68916
G1 X118.225 Y126.368 E816.72581
G1 X117.893 Y126.977 E816.77195
G1 X117.447 Y127.512 E816.81828
G1 X116.914 Y127.934 E816.8635
G1 X116.434 Y128.197 E816.89991
G1 X115.944 Y128.369 E816.93446
G1 X115.423 Y128.478 E816.96986
G1 X114.73 Y128.494 E817.01597
G0 F12000 X114.766 Y128.094
G1 F2400 X114.162 Y127.986 E817.05679
G1 X113.77 Y127.846 E817.08448
G1 X113.309 Y127.605 E817.11908
G1 X112.871 Y127.252 E817.1565
G1 X112.558 Y126.91 E817.18734
G1 X112.272 Y126.482 E817.22158
G1 X112.033 Y125.917 E817.26239
G1 X111.928 Y125.406 E817.29709
G1 X111.9 Y124.846 E817.33439
G1 X111.991 Y124.247 E817.37469
G1 X112.137 Y123.809 E817.40541
G1 X112.417 Y123.283 E817.44504
G1 X112.836 Y122.765 E817.48936
G1 X113.337 Y122.381 E817.53135
G1 X113.716 Y122.176 E817.56002
G1 X114.16 Y122.014 E817.59146
G1 X114.635 Y121.917 E817.6237
G1 X115.219 Y121.908 E817.66256
G1 X115.829 Y122.011 E817.70371
G1 X116.232 Y122.156 E817.7322
G1 X116.687 Y122.396 E817.76642
G1 X117.167 Y122.778 E817.80723
G1 X117.5 Y123.167 E817.84129
G1 X117.744 Y123.567 E817.87246
G1 X117.96 Y124.068 E817.90875
G1 X118.066 Y124.542 E817.94106
G1 X118.098 Y125.164 E817.98249
G1 X118.016 Y125.716 E818.01961
G1 X117.858 Y126.206 E818.05386
G1 X117.563 Y126.747 E818.09485
G1 X117.165 Y127.225 E818.13622
G1 X116.692 Y127.599 E818.17633
G1 X116.271 Y127.83 E818.20828
G1 X115.796 Y127.991 E818.24164
G1 X115.416 Y128.071 E818.26747
G1 X114.766 Y128.094 E818.31074
G0 F12000 X114.776 Y127.689
;TYPE:WALL-OUTER
G1 F2400 X114.252 Y127.593 E818.34618
G1 X113.904 Y127.469 E818.37075
G1 X113.514 Y127.256 E818.40031
G1 X113.098 Y126.917 E818.43601
G1 X112.839 Y126.621 E818.46217
G1 X112.619 Y126.275 E818.48944
G1 X112.412 Y125.779 E818.5252
G1 X112.328 Y125.384 E818.55206
G1 X112.3 Y124.884 E818.58537
G1 X112.383 Y124.329 E818.6227
G1 X112.509 Y123.955 E818.64895
G1 X112.767 Y123.478 E818.68503
G1 X113.105 Y123.067 E818.72043
G1 X113.525 Y122.735 E818.75604
G1 X113.886 Y122.538 E818.7834
G1 X114.269 Y122.399 E818.8105
G1 X114.667 Y122.316 E818.83754
G1 X115.196 Y122.308 E818.87274
G1 X115.71 Y122.394 E818.9074
G1 X116.094 Y122.532 E818.93455
G1 X116.481 Y122.743 E818.96387
G1 X116.873 Y123.055 E818.99719
G1 X117.162 Y123.381 E819.02617
G1 X117.376 Y123.725 E819.05312
G1 X117.584 Y124.217 E819.08866
G1 X117.668 Y124.612 E819.11552
G1 X117.696 Y125.128 E819.14989
G1 X117.622 Y125.647 E819.18477
G1 X117.48 Y126.064 E819.21407
G1 X117.218 Y126.537 E819.25004
G1 X116.898 Y126.921 E819.28329
G1 X116.457 Y127.272 E819.32078
G1 X116.091 Y127.469 E819.34843
G1 X115.714 Y127.6 E819.37498
G1 X115.317 Y127.68 E819.40192
G1 X114.776 Y127.689 E819.43791
G1 F2700 E814.43791
G0 F12000 X114.501 Y128.44
G0 X113.327 Y128.728
G0 X113.327 Y130.9
G0 X110 Y132.3
G1 F2700 E819.43791
G1 F2400 X124.8 Y132.3 E820.42241
G1 X124.8 Y87.7 E823.38922
G1 X95.201 Y87.701 E825.35815
G1 X95.2 Y132.3 E828.32489
G1 X110 Y132.3 E829.30939
G1 F2700 E824.30939
G0 F12000 X110 Y131.59
G0 X104.524 Y130.9
G0 X104.655 Y115.072
G0 X104.8 Y113.692
G1 F2700 E829.30939
G1 F2400 X104.269 Y113.598 E829.34526
G1 X103.904 Y113.469 E829.37101
G1 X103.514 Y113.256 E829.40057
G1 X103.098 Y112.917 E829.43627
G1 X102.839 Y112.621 E829.46243
G1 X102.619 Y112.275 E829.48971
G1 X102.412 Y111.779 E829.52546
G1 X102.328 Y111.384 E829.55232
G1 X102.3 Y110.884 E829.58563
G1 X102.386 Y110.32 E829.62359
G1 X102.52 Y109.932 E829.65089
G1 X102.777 Y109.464 E829.68641
G1 X103.128 Y109.046 E829.72272
G1 X103.544 Y108.724 E829.75771
G1 X103.876 Y108.544 E829.78283
G1 X104.282 Y108.396 E829.81158
G1 X104.666 Y108.316 E829.83767
G1 X105.218 Y108.31 E829.87439
G1 X105.728 Y108.398 E829.90882
G1 X106.12 Y108.544 E829.93664
G1 X106.469 Y108.734 E829.96308
G1 X106.877 Y109.058 E829.99773
G1 X107.151 Y109.365 E830.02511
G1 X107.373 Y109.718 E830.05284
G1 X107.581 Y110.204 E830.08801
G1 X107.667 Y110.596 E830.11471
G1 X107.696 Y111.138 E830.15081
G1 X107.622 Y111.647 E830.18503
G1 X107.486 Y112.052 E830.21345
G1 X107.229 Y112.523 E830.24914
G1 X106.891 Y112.929 E830.28428
G1 X106.476 Y113.26 E830.31959
G1 X106.109 Y113.462 E830.34746
G1 X105.726 Y113.597 E830.37447
G1 X105.329 Y113.68 E830.40145
G1 X104.8 Y113.692 E830.43665
G1 F2700 E825.43665
G0 F12000 X104.524 Y114.448
G0 X106.475 Y113.587
G0 X107.062 Y113.112
G0 X107.621 Y112.418
G0 X107.837 Y111.793
G0 X108.245 Y108.523
G0 X113.341 Y100.735
G0 X114.803 Y99.692
G1 F2700 E830.43665
G1 F2400 X114.252 Y99.593 E830.47389
G1 X113.892 Y99.464 E830.49933
G1 X113.539 Y99.274 E830.52599
G1 X113.119 Y98.938 E830.56177
G1 X112.839 Y98.621 E830.58991
G1 X112.622 Y98.281 E830.61674
G1 X112.419 Y97.805 E830.65116
G1 X112.329 Y97.4 E830.67876
G1 X112.3 Y96.858 E830.71486
G1 X112.381 Y96.337 E830.74994
G1 X112.52 Y95.932 E830.77842
G1 X112.777 Y95.464 E830.81394
G1 X113.128 Y95.046 E830.85025
G1 X113.544 Y94.724 E830.88524
G1 X113.876 Y94.544 E830.91036
G1 X114.282 Y94.396 E830.93911
G1 X114.649 Y94.318 E830.96407
G1 X115.218 Y94.31 E831.00192
G1 X115.71 Y94.394 E831.03512
G1 X116.094 Y94.532 E831.06226
G1 X116.481 Y94.743 E831.09158
G1 X116.873 Y95.055 E831.12491
G1 X117.162 Y95.381 E831.15389
G1 X117.376 Y95.725 E831.18084
G1 X117.584 Y96.217 E831.21637
G1 X117.668 Y96.612 E831.24324
G1 X117.696 Y97.128 E831.27761
G1 X117.622 Y97.647 E831.31248
G1 X117.48 Y98.064 E831.34179
G1 X117.218 Y98.537 E831.37776
G1 X116.898 Y98.921 E831.41101
G1 X116.457 Y99.272 E831.4485
G1 X116.091 Y99.469 E831.47615
G1 X115.714 Y99.6 E831.5027
G1 X115.33 Y99.68 E831.52879
G1 X114.803 Y99.692 E831.56386
G1 F2700 E826.56386
G0 F12000 X114.526 Y100.449
G0 X114.691 Y101.073
G0 X115.09 Y120.911
G0 X113.125 Y122.133
G0 X112.091 Y123.182
G0 X111.749 Y124.183
G0 X111.651 Y124.834
G0 X111.684 Y125.489
G0 X111.799 Y125.999
G0 X112.05 Y126.594
G0 X112.666 Y127.407
G0 X113.038 Y127.78
G0 X114.817 Y128.991
G0 X114.794 Y129.252
;TYPE:SKIN
G1 F2700 E831.56386
G1 F2400 X115.519 Y129.234 E831.6121
G1 X116.16 Y129.097 E831.6557
G1 X116.608 Y128.937 E831.68735
G1 X116.857 Y128.827 E831.70545
G1 X117.22 Y128.631 E831.73289
G1 X117.44 Y128.482 E831.75057
G1 X117.837 Y128.169 E831.7842
G1 X118.081 Y127.931 E831.80687
G1 X118.43 Y127.517 E831.84289
G1 X118.613 Y127.247 E831.86459
G1 X118.841 Y126.819 E831.89685
G1 X118.971 Y126.53 E831.91793
G1 X119.134 Y126.048 E831.95177
G1 X119.26 Y125.216 E832.00775
G1 X119.212 Y124.348 E832.06558
G1 X119.108 Y123.884 E832.09721
G1 X119.004 Y123.555 E832.12016
G1 X118.808 Y123.107 E832.15269
G1 X118.681 Y122.869 E832.17063
G1 X118.418 Y122.446 E832.20377
G1 X118.066 Y122.043 E832.23936
G1 X117.857 Y121.846 E832.25847
G1 X117.45 Y121.516 E832.29332
G1 X117.211 Y121.357 E832.31242
G1 X116.732 Y121.103 E832.34848
G1 X116.107 Y120.882 E832.39258
G1 X115.302 Y120.744 E832.44691
G1 X114.471 Y120.761 E832.5022
G1 X113.844 Y120.895 E832.54485
G1 X113.234 Y121.12 E832.5881
G1 X112.67 Y121.421 E832.63063
G1 X112.021 Y121.932 E832.68557
G1 X111.461 Y122.607 E832.74392
G1 X111.066 Y123.346 E832.79966
G1 X110.865 Y123.962 E832.84276
G1 X110.736 Y124.737 E832.89502
G1 X110.768 Y125.469 E832.94376
G1 X110.806 Y125.737 E832.96177
G1 X110.889 Y126.13 E832.98849
G1 X110.977 Y126.402 E833.0075
G1 X111.192 Y126.904 E833.04383
G1 X111.32 Y127.14 E833.06169
G1 X111.591 Y127.564 E833.09516
G1 X111.921 Y127.944 E833.12864
G1 X112.145 Y128.156 E833.14916
G1 X112.529 Y128.468 E833.18207
G1 X112.805 Y128.653 E833.20417
G1 X113.229 Y128.881 E833.2362
G1 X113.732 Y129.065 E833.27182
G1 X114.002 Y129.134 E833.29036
G1 X114.514 Y129.228 E833.32499
G1 X114.794 Y129.252 E833.34368
G1 F2700 E828.34368
G0 F12000 X114.817 Y128.991
G0 X114.042 Y128.961
G0 X114.042 Y130.9
G0 X110 Y131
G0 X110 Y130.74
G1 F2700 E833.34368
G1 F2400 X96.76 Y130.74 E834.22441
G1 X96.76 Y89.26 E836.98367
G1 X123.24 Y89.26 E838.74513
G1 X123.24 Y130.74 E841.50439
G1 X110 Y130.74 E842.38512
G1 F2700 E837.38512
G0 F12000 X110 Y131
G0 X104.663 Y130.9
G0 X104.655 Y115.072
G0 X104.639 Y115.248
G1 F2700 E842.38512
G1 F2400 X105.526 Y115.232 E842.44413
G1 X106.131 Y115.104 E842.48527
G1 X106.717 Y114.904 E842.52645
G1 X107.331 Y114.571 E842.57292
G1 X107.978 Y114.053 E842.62805
G1 X108.524 Y113.4 E842.68467
G1 X108.922 Y112.675 E842.73969
G1 X109.146 Y112.003 E842.78681
G1 X109.264 Y111.206 E842.8404
G1 X109.216 Y110.368 E842.89624
G1 X109.063 Y109.698 E842.94195
G1 X108.744 Y108.962 E842.99531
G1 X108.388 Y108.418 E843.03856
G1 X107.984 Y107.945 E843.07994
G1 X107.348 Y107.438 E843.13404
G1 X106.734 Y107.103 E843.18057
G1 X106.135 Y106.892 E843.22282
G1 X105.351 Y106.749 E843.27583
G1 X104.441 Y106.764 E843.33637
G1 X103.849 Y106.892 E843.37666
G1 X103.256 Y107.103 E843.41853
G1 X102.8 Y107.348 E843.45296
G1 X102.569 Y107.501 E843.4714
G1 X102.143 Y107.833 E843.50732
G1 X101.903 Y108.069 E843.52971
G1 X101.577 Y108.465 E843.56383
G1 X101.391 Y108.734 E843.58559
G1 X101.151 Y109.186 E843.61963
G1 X101.033 Y109.445 E843.63856
G1 X100.906 Y109.82 E843.6649
G1 X100.837 Y110.105 E843.68441
G1 X100.732 Y110.796 E843.7309
G1 X100.778 Y111.603 E843.78467
G1 X100.889 Y112.134 E843.82075
G1 X100.977 Y112.406 E843.83977
G1 X101.184 Y112.888 E843.87467
G1 X101.32 Y113.14 E843.89371
G1 X101.591 Y113.564 E843.92719
G1 X101.921 Y113.944 E843.96067
G1 X102.145 Y114.156 E843.98118
G1 X102.533 Y114.472 E844.01447
G1 X102.782 Y114.636 E844.0343
G1 X103.247 Y114.892 E844.06961
G1 X103.859 Y115.102 E844.11265
G1 X104.639 Y115.248 E844.16544
G1 F2700 E839.16544
G0 F12000 X104.663 Y114.99
G0 X106.875 Y113.867
G0 X107.909 Y112.818
G0 X108.251 Y111.817
G0 X108.33 Y111.29
G0 X108.245 Y108.523
G0 X113.928 Y100.936
G0 X114.699 Y100.991
G0 X114.653 Y101.246
G1 F2700 E844.16544
G1 F2400 X115.512 Y101.232 E844.22259
G1 X116.164 Y101.097 E844.26688
G1 X116.6 Y100.941 E844.29768
G1 X116.877 Y100.82 E844.31779
G1 X117.205 Y100.64 E844.34268
G1 X117.447 Y100.479 E844.36201
G1 X117.833 Y100.173 E844.39478
G1 X118.095 Y99.92 E844.41901
G1 X118.415 Y99.532 E844.45246
G1 X118.613 Y99.243 E844.47577
G1 X118.841 Y98.819 E844.50779
G1 X118.971 Y98.53 E844.52887
G1 X119.134 Y98.048 E844.56272
G1 X119.26 Y97.216 E844.61869
G1 X119.212 Y96.348 E844.67652
G1 X119.108 Y95.884 E844.70815
G1 X119.004 Y95.555 E844.7311
G1 X118.808 Y95.107 E844.76363
G1 X118.678 Y94.857 E844.78238
G1 X118.418 Y94.445 E844.81478
G1 X118.066 Y94.043 E844.85033
G1 X117.857 Y93.846 E844.86943
G1 X117.45 Y93.516 E844.90429
G1 X117.195 Y93.347 E844.92464
G1 X116.767 Y93.119 E844.9569
G1 X116.268 Y92.934 E844.9923
G1 X115.98 Y92.858 E845.01211
G1 X115.467 Y92.768 E845.04676
G1 X115.195 Y92.748 E845.0649
G1 X114.645 Y92.756 E845.10149
G1 X114.385 Y92.78 E845.11886
G1 X113.855 Y92.888 E845.15484
G1 X113.229 Y93.115 E845.19913
G1 X112.797 Y93.347 E845.23175
G1 X112.567 Y93.502 E845.2502
G1 X112.165 Y93.813 E845.28401
G1 X111.899 Y94.073 E845.30875
G1 X111.566 Y94.479 E845.34368
G1 X111.379 Y94.757 E845.36597
G1 X111.147 Y95.189 E845.39859
G1 X111.033 Y95.441 E845.41699
G1 X110.869 Y95.951 E845.45262
G1 X110.732 Y96.808 E845.51036
G1 X110.78 Y97.593 E845.56267
G1 X110.922 Y98.272 E845.60882
G1 X111.243 Y99.023 E845.66314
G1 X111.626 Y99.606 E845.70955
G1 X112.022 Y100.05 E845.74912
G1 X112.641 Y100.559 E845.80243
G1 X113.261 Y100.899 E845.84947
G1 X113.867 Y101.106 E845.89207
G1 X114.653 Y101.246 E845.94517
G1 F2700 E840.94517
G0 F12000 X114.699 Y100.991
G0 X116.875 Y99.867
G0 X117.909 Y98.818
G0 X118.251 Y97.817
G0 X118.33 Y97.29
G0 X118.329 Y94.643
G0 X118.329 Y89.1
G0 X122.836 Y89
G0 X122.836 Y89.46
G1 F2700 E845.94517
G1 F2400 X123.04 Y89.665 E845.96441
G0 F12000 X123.04 Y90.23
G1 F2400 X122.27 Y89.46 E846.03685
G0 F12000 X121.704 Y89.46
G1 F2400 X123.04 Y90.796 E846.16253
G0 F12000 X123.04 Y91.362
G1 F2400 X121.139 Y89.46 E846.34141
G0 F12000 X120.573 Y89.46
G1 F2400 X123.04 Y91.927 E846.57349
G0 F12000 X123.04 Y92.493
G1 F2400 X120.007 Y89.46 E846.85882
G0 F12000 X119.442 Y89.46
G1 F2400 X123.04 Y93.059 E847.19734
G0 F12000 X123.04 Y93.624
G1 F2400 X118.876 Y89.46 E847.58907
G0 F12000 X118.31 Y89.46
G1 F2400 X123.04 Y94.19 E848.03404
G0 F12000 X123.04 Y94.756
G1 F2400 X117.745 Y89.46 E848.53221
G0 F12000 X117.179 Y89.46
G1 F2400 X123.04 Y95.322 E849.08362
G0 F12000 X123.04 Y95.887
G1 F2400 X116.613 Y89.46 E849.68823
G0 F12000 X116.048 Y89.46
G1 F2400 X123.04 Y96.453 E850.34604
G0 F12000 X123.04 Y97.019
G1 F2400 X115.482 Y89.46 E851.0571
G0 F12000 X114.916 Y89.46
G1 F2400 X123.04 Y97.584 E851.82136
G0 F12000 X123.04 Y98.15
G1 F2400 X114.35 Y89.46 E852.63886
G0 F12000 X113.785 Y89.46
G1 F2400 X123.04 Y98.716 E853.50956
G0 F12000 X123.04 Y99.281
G1 F2400 X119.147 Y95.388 E853.87579
G0 F12000 X119.376 Y96.183
G1 F2400 X123.04 Y99.847 E854.22048
G0 F12000 X123.04 Y100.413
G1 F2400 X119.439 Y96.811 E854.55928
G0 F12000 X119.437 Y97.375
G1 F2400 X123.04 Y100.978 E854.89823
G0 F12000 X123.04 Y101.544
G1 F2400 X119.365 Y97.869 E855.24395
G0 F12000 X119.251 Y98.32
G1 F2400 X123.04 Y102.11 E855.60045
G0 F12000 X123.04 Y102.675
G1 F2400 X119.097 Y98.733 E855.97133
G0 F12000 X118.91 Y99.111
G1 F2400 X123.04 Y103.241 E856.35986
G0 F12000 X123.04 Y103.807
G1 F2400 X118.7 Y99.467 E856.76814
G0 F12000 X118.459 Y99.791
G1 F2400 X123.04 Y104.372 E857.19909
G0 F12000 X123.04 Y104.938
G1 F2400 X118.199 Y100.097 E857.6545
G0 F12000 X117.905 Y100.369
G1 F2400 X123.04 Y105.504 E858.13757
G0 F12000 X123.04 Y106.07
G1 F2400 X117.592 Y100.621 E858.65013
G0 F12000 X117.249 Y100.844
G1 F2400 X123.04 Y106.635 E859.19491
G0 F12000 X123.04 Y107.201
G1 F2400 X116.878 Y101.038 E859.77464
G0 F12000 X116.472 Y101.198
G1 F2400 X123.04 Y107.767 E860.39257
G0 F12000 X123.04 Y108.332
G1 F2400 X116.037 Y101.329 E861.05137
G0 F12000 X115.567 Y101.425
G1 F2400 X123.04 Y108.898 E861.75438
G0 F12000 X123.04 Y109.464
G1 F2400 X115.015 Y101.439 E862.50932
G0 F12000 X114.419 Y101.408
G1 F2400 X123.04 Y110.029 E863.32034
G0 F12000 X123.04 Y110.595
G1 F2400 X113.702 Y101.257 E864.1988
G0 F12000 X113.85 Y100.825
G0 X112.914 Y100.414
G0 X112.696 Y100.816
G1 F2400 X123.04 Y111.161 E865.17194
G0 F12000 X123.04 Y111.726
G1 F2400 X100.774 Y89.46 E867.26659
G0 F12000 X100.208 Y89.46
G1 F2400 X123.04 Y112.292 E869.41449
G0 F12000 X123.04 Y112.858
G1 F2400 X99.643 Y89.46 E871.61558
G0 F12000 X99.077 Y89.46
G1 F2400 X123.04 Y113.423 E873.86987
G0 F12000 X123.04 Y113.989
G1 F2400 X98.511 Y89.46 E876.17741
G0 F12000 X97.946 Y89.46
G1 F2400 X123.04 Y114.555 E878.53815
G0 F12000 X123.04 Y115.121
G1 F2400 X97.38 Y89.46 E880.95213
G0 F12000 X96.96 Y89.606
G1 F2400 X123.04 Y115.686 E883.40558
G0 F12000 X123.04 Y116.252
G1 F2400 X96.96 Y90.172 E885.85902
G0 F12000 X96.96 Y90.737
G1 F2400 X123.04 Y116.818 E888.31252
G0 F12000 X123.04 Y117.383
G1 F2400 X96.96 Y91.303 E890.76596
G0 F12000 X96.96 Y91.869
G1 F2400 X123.04 Y117.949 E893.21941
G0 F12000 X123.04 Y118.515
G1 F2400 X96.96 Y92.434 E895.6729
G0 F12000 X96.96 Y93
G1 F2400 X123.04 Y119.08 E898.12635
G0 F12000 X123.04 Y119.646
G1 F2400 X96.96 Y93.566 E900.5798
G0 F12000 X96.96 Y94.131
G1 F2400 X123.04 Y120.212 E903.03329
G0 F12000 X123.04 Y120.777
G1 F2400 X96.96 Y94.697 E905.48674
G0 F12000 X96.96 Y95.263
G1 F2400 X123.04 Y121.343 E907.94018
G0 F12000 X123.04 Y121.909
G1 F2400 X96.96 Y95.829 E910.39363
G0 F12000 X96.96 Y96.394
G1 F2400 X123.04 Y122.474 E912.84708
G0 F12000 X123.04 Y123.04
G1 F2400 X108.966 Y108.966 E914.17107
G0 F12000 X109.303 Y109.869
G1 F2400 X123.04 Y123.606 E915.46336
G0 F12000 X123.04 Y124.171
G1 F2400 X109.429 Y110.56 E916.7438
G0 F12000 X109.461 Y111.158
G1 F2400 X123.04 Y124.737 E918.02123
G0 F12000 X123.04 Y125.303
G1 F2400 X109.398 Y111.661 E919.30459
G0 F12000 X109.31 Y112.138
G1 F2400 X123.04 Y125.869 E920.59627
G0 F12000 X123.04 Y126.434
G1 F2400 X109.168 Y112.562 E921.90126
G0 F12000 X108.996 Y112.955
G1 F2400 X117.121 Y121.081 E922.66566
G0 F12000 X116.9 Y121.487
G0 X116.059 Y121.14
G0 X116.169 Y120.695
G1 F2400 X108.794 Y113.32 E923.35945
G0 F12000 X108.568 Y113.66
G1 F2400 X115.48 Y120.572 E924.00969
G0 F12000 X114.895 Y120.552
G1 F2400 X108.31 Y113.967 E924.62917
G0 F12000 X108.041 Y114.264
G1 F2400 X114.358 Y120.58 E925.22339
G0 F12000 X113.892 Y120.68
G1 F2400 X107.723 Y114.512 E925.80368
G0 F12000 X107.406 Y114.76
G1 F2400 X113.468 Y120.822 E926.37396
G0 F12000 X113.066 Y120.985
G1 F2400 X107.039 Y114.959 E926.94089
G0 F12000 X106.652 Y115.137
G1 F2400 X112.697 Y121.183 E927.50962
G0 F12000 X112.36 Y121.411
G1 F2400 X106.231 Y115.282 E928.0862
G0 F12000 X105.768 Y115.384
G1 F2400 X112.044 Y121.661 E928.67665
G0 F12000 X111.757 Y121.939
G1 F2400 X105.255 Y115.437 E929.28832
G0 F12000 X104.7 Y115.448
G1 F2400 X111.501 Y122.249 E929.92811
G0 F12000 X111.255 Y122.569
G1 F2400 X104.025 Y115.339 E930.60827
G0 F12000 X103.207 Y115.087
G1 F2400 X111.058 Y122.938 E931.34684
G0 F12000 X110.868 Y123.313
G1 F2400 X96.96 Y109.405 E932.65522
G0 F12000 X96.96 Y109.971
G1 F2400 X110.729 Y123.74 E933.95052
G0 F12000 X110.623 Y124.199
G1 F2400 X96.96 Y110.536 E935.23586
G0 F12000 X96.96 Y111.102
G1 F2400 X110.543 Y124.685 E936.51366
G0 F12000 X110.56 Y125.268
G1 F2400 X96.96 Y111.668 E937.79307
G0 F12000 X96.96 Y112.233
G1 F2400 X110.637 Y125.911 E939.07976
G0 F12000 X110.907 Y126.746
G1 F2400 X96.96 Y112.799 E940.39181
G0 F12000 X96.96 Y113.365
G1 F2400 X114.135 Y130.54 E942.00753
G0 F12000 X114.7 Y130.54
G1 F2400 X113.267 Y129.106 E942.14238
G0 F12000 X114.079 Y129.352
G1 F2400 X115.266 Y130.54 E942.2541
G0 F12000 X115.832 Y130.54
G1 F2400 X114.74 Y129.448 E942.35682
G0 F12000 X115.296 Y129.438
G1 F2400 X116.398 Y130.54 E942.46049
G0 F12000 X116.963 Y130.54
G1 F2400 X115.802 Y129.379 E942.56971
G0 F12000 X116.26 Y129.27
G1 F2400 X117.529 Y130.54 E942.68914
G0 F12000 X118.095 Y130.54
G1 F2400 X116.679 Y129.124 E942.82235
G0 F12000 X117.064 Y128.944
G1 F2400 X118.66 Y130.54 E942.97249
G0 F12000 X119.226 Y130.54
G1 F2400 X117.422 Y128.736 E943.1422
G0 F12000 X117.747 Y128.495
G1 F2400 X119.792 Y130.54 E943.33458
G0 F12000 X120.357 Y130.54
G1 F2400 X118.055 Y128.237 E943.55119
G0 F12000 X118.329 Y127.945
G1 F2400 X120.923 Y130.54 E943.79526
G0 F12000 X121.489 Y130.54
G1 F2400 X118.587 Y127.638 E944.06826
G0 F12000 X118.812 Y127.298
G1 F2400 X122.054 Y130.54 E944.37325
G0 F12000 X122.62 Y130.54
G1 F2400 X119.009 Y126.928 E944.713
G0 F12000 X119.181 Y126.535
G1 F2400 X123.04 Y130.394 E945.07603
G0 F12000 X123.04 Y129.828
G1 F2400 X119.319 Y126.108 E945.42603
G0 F12000 X119.4 Y125.622
G1 F2400 X123.04 Y129.263 E945.76851
G0 F12000 X123.04 Y128.697
G1 F2400 X119.454 Y125.111 E946.10586
G0 F12000 X119.423 Y124.514
G1 F2400 X123.04 Y128.131 E946.44612
G0 F12000 X123.04 Y127.566
G1 F2400 X119.297 Y123.823 E946.79824
G0 F12000 X118.855 Y123.942
G0 X118.5 Y123.076
G0 X118.904 Y122.863
G1 F2400 X123.04 Y127 E947.18738
G0 F12000 X123.5 Y127
G0 X123.428 Y130.928
G0 X113.569 Y131
G0 X113.569 Y130.54
G1 F2400 X96.96 Y113.93 E948.7499
G0 F12000 X96.96 Y114.496
G1 F2400 X113.003 Y130.54 E950.25917
G0 F12000 X112.438 Y130.54
G1 F2400 X96.96 Y115.062 E951.71525
G0 F12000 X96.96 Y115.628
G1 F2400 X111.872 Y130.54 E953.11808
G0 F12000 X111.306 Y130.54
G1 F2400 X96.96 Y116.193 E954.46771
G0 F12000 X96.96 Y116.759
G1 F2400 X110.741 Y130.54 E955.76414
G0 F12000 X110.175 Y130.54
G1 F2400 X96.96 Y117.325 E957.00732
G0 F12000 X96.96 Y117.89
G1 F2400 X109.609 Y130.54 E958.19731
G0 F12000 X109.044 Y130.54
G1 F2400 X96.96 Y118.456 E959.3341
G0 F12000 X96.96 Y119.022
G1 F2400 X108.478 Y130.54 E960.41764
G0 F12000 X107.912 Y130.54
G1 F2400 X96.96 Y119.587 E961.44799
G0 F12000 X96.96 Y120.153
G1 F2400 X107.347 Y130.54 E962.42513
G0 F12000 X106.781 Y130.54
G1 F2400 X96.96 Y120.719 E963.34903
G0 F12000 X96.96 Y121.284
G1 F2400 X106.215 Y130.54 E964.21973
G0 F12000 X105.65 Y130.54
G1 F2400 X96.96 Y121.85 E965.03723
G0 F12000 X96.96 Y122.416
G1 F2400 X105.084 Y130.54 E965.80149
G0 F12000 X104.518 Y130.54
G1 F2400 X96.96 Y122.981 E966.51255
G0 F12000 X96.96 Y123.547
G1 F2400 X103.952 Y130.54 E967.17036
G0 F12000 X103.387 Y130.54
G1 F2400 X96.96 Y124.113 E967.77497
G0 F12000 X96.96 Y124.678
G1 F2400 X102.821 Y130.54 E968.32639
G0 F12000 X102.255 Y130.54
G1 F2400 X96.96 Y125.244 E968.82455
G0 F12000 X96.96 Y125.81
G1 F2400 X101.69 Y130.54 E969.26952
G0 F12000 X101.124 Y130.54
G1 F2400 X96.96 Y126.376 E969.66125
G0 F12000 X96.96 Y126.941
G1 F2400 X100.558 Y130.54 E969.99977
G0 F12000 X99.993 Y130.54
G1 F2400 X96.96 Y127.507 E970.2851
G0 F12000 X96.96 Y128.073
G1 F2400 X99.427 Y130.54 E970.51718
G0 F12000 X98.861 Y130.54
G1 F2400 X96.96 Y128.638 E970.69606
G0 F12000 X96.96 Y129.204
G1 F2400 X98.296 Y130.54 E970.82174
G0 F12000 X97.73 Y130.54
G1 F2400 X96.96 Y129.77 E970.89418
G0 F12000 X96.96 Y130.335
G1 F2400 X97.164 Y130.54 E970.91342
G1 F2700 E965.91342
G0 F12000 X97.164 Y131
G0 X96.572 Y130.928
G0 X96.581 Y112.634
G0 X101.064 Y112.075
G0 X101.36 Y112.636
G0 X100.935 Y112.815
G1 F2700 E970.91342
G1 F2400 X96.96 Y108.839 E971.28741
G0 F12000 X96.96 Y108.274
G1 F2400 X100.65 Y111.963 E971.63449
G0 F12000 X100.562 Y111.31
G1 F2400 X96.96 Y107.708 E971.97335
G0 F12000 X96.96 Y107.142
G1 F2400 X100.536 Y110.718 E972.30976
G0 F12000 X100.614 Y110.231
G1 F2400 X96.96 Y106.577 E972.6535
G0 F12000 X96.96 Y106.011
G1 F2400 X100.714 Y109.765 E973.00666
G0 F12000 X100.86 Y109.346
G1 F2400 X96.96 Y105.445 E973.37359
G0 F12000 X96.96 Y104.879
G1 F2400 X101.044 Y108.964 E973.75784
G0 F12000 X101.243 Y108.597
G1 F2400 X96.96 Y104.314 E974.16075
G0 F12000 X96.96 Y103.748
G1 F2400 X101.48 Y108.269 E974.58601
G0 F12000 X101.736 Y107.959
G1 F2400 X96.96 Y103.182 E975.03536
G0 F12000 X96.96 Y102.617
G1 F2400 X102.02 Y107.677 E975.51137
G0 F12000 X102.336 Y107.427
G1 F2400 X96.96 Y102.051 E976.01711
G0 F12000 X96.96 Y101.485
G1 F2400 X102.669 Y107.195 E976.55423
G0 F12000 X103.035 Y106.995
G1 F2400 X96.96 Y100.92 E977.12573
G0 F12000 X96.96 Y100.354
G1 F2400 X103.433 Y106.827 E977.73467
G0 F12000 X103.861 Y106.689
G1 F2400 X96.96 Y99.788 E978.38387
G0 F12000 X96.96 Y99.223
G1 F2400 X104.327 Y106.589 E979.07687
G0 F12000 X104.858 Y106.555
G1 F2400 X96.96 Y98.657 E979.81986
G0 F12000 X96.96 Y98.091
G1 F2400 X105.428 Y106.56 E980.61653
G0 F12000 X106.124 Y106.69
G1 F2400 X96.96 Y97.526 E981.47862
G0 F12000 X96.96 Y96.96
G1 F2400 X107.046 Y107.046 E982.42745
G1 F2700 E977.42745
G0 F12000 X106.828 Y107.45
G0 X111.764 Y99.488
G0 X111.587 Y99.074
G0 X111.205 Y99.326
G1 F2700 E982.42745
G1 F2400 X101.34 Y89.46 E983.35553
G0 F12000 X101.905 Y89.46
G1 F2400 X110.715 Y98.269 E984.18428
G0 F12000 X110.578 Y97.567
G1 F2400 X102.471 Y89.46 E984.94693
G0 F12000 X103.037 Y89.46
G1 F2400 X110.54 Y96.963 E985.65277
G0 F12000 X110.588 Y96.446
G1 F2400 X103.602 Y89.46 E986.30997
G0 F12000 X104.168 Y89.46
G1 F2400 X110.668 Y95.96 E986.92145
G0 F12000 X110.796 Y95.522
G1 F2400 X104.734 Y89.46 E987.49173
G0 F12000 X105.3 Y89.46
G1 F2400 X110.96 Y95.121 E988.02423
G0 F12000 X111.157 Y94.752
G1 F2400 X105.865 Y89.46 E988.52207
G0 F12000 X106.431 Y89.46
G1 F2400 X111.376 Y94.406 E988.98731
G0 F12000 X111.627 Y94.09
G1 F2400 X106.997 Y89.46 E989.42287
G0 F12000 X107.562 Y89.46
G1 F2400 X111.897 Y93.795 E989.83069
G0 F12000 X112.199 Y93.532
G1 F2400 X108.128 Y89.46 E990.21371
G0 F12000 X108.694 Y89.46
G1 F2400 X112.523 Y93.29 E990.57396
G0 F12000 X112.876 Y93.077
G1 F2400 X109.259 Y89.46 E990.91423
G0 F12000 X109.825 Y89.46
G1 F2400 X113.259 Y92.894 E991.23728
G0 F12000 X113.674 Y92.743
G1 F2400 X110.391 Y89.46 E991.54612
G0 F12000 X110.956 Y89.46
G1 F2400 X114.126 Y92.63 E991.84434
G0 F12000 X114.619 Y92.557
G1 F2400 X111.522 Y89.46 E992.13568
G0 F12000 X112.088 Y89.46
G1 F2400 X115.176 Y92.549 E992.42623
G0 F12000 X115.82 Y92.627
G1 F2400 X112.653 Y89.46 E992.72416
G0 F12000 X113.219 Y89.46
G1 F2400 X116.604 Y92.845 E993.0426
G0 F12000 X116.345 Y93.549
G1 F2700 E988.0426
;MESH:NONMESH
G0 F300 Z2.2
G0 F12000 X114.833 Y93.398
G0 X113.125 Y94.133
G0 X112.091 Y95.182
G0 X111.749 Y96.183
G0 X111.651 Y96.834
G0 X111.684 Y97.489
G0 X111.799 Y97.999
G0 X112.05 Y98.594
G0 X112.224 Y98.824
G0 X112.57 Y100.291
G0 X97.6 Y118.6
;TIME_ELAPSED:875.350564
;LAYER:5
;note -- min layer time used
;TYPE:WALL-INNER
;MESH:9V_battery_holder.obj
G1 F2700 E993.0426
G1 F2302.9 X97.596 Y101.4 E994.18675
G1 X96.4 Y101.4 E994.26631
G1 X96.4 Y118.6 E995.41046
G1 X97.6 Y118.6 E995.49028
G0 F12000 X98 Y119
G1 F2302.9 X97.996 Y101 E996.68765
G1 X96 Y101 E996.82042
G1 X96 Y119 E998.01779
G1 X98 Y119 E998.15083
G0 F12000 X98.4 Y119.4
G1 F2302.9 X98.396 Y100.6 E999.40141
G1 X95.6 Y100.6 E999.5874
G1 X95.6 Y119.4 E1000.83798
G1 X98.4 Y119.4 E1001.02424
G0 F12000 X98.8 Y119.8
;TYPE:WALL-OUTER
G1 F2302.9 X98.796 Y100.2 E1002.32803
G1 X95.2 Y100.2 E1002.56724
G1 X95.2 Y119.8 E1003.87104
G1 X98.8 Y119.8 E1004.11051
G1 F2700 E999.11051
G0 F12000 X98.52 Y119.52
G0 X97.519 Y114.953
;TYPE:FILL
G1 F2700 E1004.11051
G1 F2302.9 X96.481 Y115.231 E1004.18199
G0 F12000 X97.519 Y112.29
G1 F2302.9 X96.48 Y111.251 E1004.27974
G0 F12000 X96.481 Y109.02
G1 F2302.9 X97.517 Y108.742 E1004.35109
G0 F12000 X96.48 Y108.082
G1 F2302.9 X97.516 Y104.213 E1004.61752
G0 F12000 X97.516 Y103.803
G1 F2302.9 X96.48 Y102.766 E1004.71503
G1 X96.481 Y102.808
G1 X97.516 Y102.531 E1004.7863
G1 F2700 E999.7863
G0 F12000 X98.589 Y118.601
G0 X99.664 Y118.6
G0 X120.336 Y118.601
G0 X121.411 Y118.6
G0 X122.4 Y118.6
;TYPE:WALL-INNER
G1 F2700 E1004.7863
G1 F2302.9 X123.6 Y118.6 E1004.86613
G1 X123.596 Y101.4 E1006.01027
G1 X122.4 Y101.4 E1006.08983
G1 X122.4 Y118.6 E1007.23398
G0 F12000 X122 Y119
G1 F2302.9 X124 Y119 E1007.36702
G1 X123.996 Y101 E1008.56439
G1 X122 Y101 E1008.69716
G1 X122 Y119 E1009.89453
G0 F12000 X121.6 Y119.4
G1 F2302.9 X124.4 Y119.4 E1010.08078
G1 X124.396 Y100.6 E1011.33136
G1 X121.6 Y100.6 E1011.51735
G1 X121.6 Y119.4 E1012.76794
G0 F12000 X121.2 Y119.8
;TYPE:WALL-OUTER
G1 F2302.9 X124.8 Y119.8 E1013.00741
G1 X124.796 Y100.2 E1014.31121
G1 X121.2 Y100.2 E1014.55041
G1 X121.2 Y119.8 E1015.85421
G1 F2700 E1010.85421
G0 F12000 X121.481 Y119.52
G0 X122.48 Y114.477
;TYPE:FILL
G1 F2700 E1015.85421
G1 F2302.9 X123.518 Y114.198 E1015.92571
G0 F12000 X123.519 Y112.834
G1 F2302.9 X122.48 Y111.796 E1016.0234
G0 F12000 X122.48 Y108.265
G1 F2302.9 X123.517 Y107.987 E1016.09482
G0 F12000 X123.517 Y104.348
G1 F2302.9 X122.48 Y103.31 E1016.19242
G0 F12000 X122.481 Y103.774
G1 F2302.9 X123.096 Y101.479 E1016.35047
G0 F12000 X123.515 Y101.776
G1 F2302.9 X122.481 Y102.053 E1016.42168
G1 F2700 E1011.42168
;MESH:NONMESH
G0 F300 Z2.6
G0 F12000 X121.411 Y118.599
G0 X120.336 Y118.6
G0 X99.664 Y118.599
G0 X98.589 Y118.6
G0 X97.296 Y118.6
;TIME_ELAPSED:891.310629
;LAYER:6
;note -- min layer time used
;TYPE:WALL-INNER
;MESH:9V_battery_holder.obj
G1 F2700 E1016.42168
G1 F2360.7 X97.296 Y101.4 E1017.56583
G1 X96.4 Y101.4 E1017.62543
G1 X96.4 Y118.6 E1018.76958
G1 X97.296 Y118.6 E1018.82918
G0 F12000 X97.696 Y119
G1 F2360.7 X97.696 Y101 E1020.02655
G1 X96 Y101 E1020.13937
G1 X96 Y119 E1021.33673
G1 X97.696 Y119 E1021.44955
G0 F12000 X98.096 Y119.4
G1 F2360.7 X98.096 Y100.6 E1022.70013
G1 X95.6 Y100.6 E1022.86616
G1 X95.6 Y119.4 E1024.11675
G1 X98.096 Y119.4 E1024.28278
G0 F12000 X98.496 Y119.8
;TYPE:WALL-OUTER
G1 F2360.7 X98.496 Y100.2 E1025.58658
G1 X95.2 Y100.2 E1025.80583
G1 X95.2 Y119.8 E1027.10963
G1 X98.496 Y119.8 E1027.32888
G1 F2700 E1022.32888
G0 F12000 X98.219 Y119.52
G0 X97.378 Y101.318
G0 X96.848 Y101.5
G0 X96.848 Y101.848
;TYPE:SKIN
G1 F2700 E1027.32888
G1 F1639.4 X96.848 Y118.152 E1028.89062
G0 F12000 X96.21 Y118.152
G1 F2700 E1023.89062
G0 F12000 X96.536 Y118.4
G0 X98.269 Y118.6
G0 X99.364 Y118.6
G0 X120.636 Y118.6
G0 X121.711 Y118.599
G0 X122.7 Y118.6
;TYPE:WALL-INNER
G1 F2700 E1028.89062
G1 F2360.7 X123.6 Y118.6 E1028.95049
G1 X123.6 Y101.4 E1030.09464
G1 X122.7 Y101.4 E1030.15451
G1 X122.7 Y118.6 E1031.29866
G0 F12000 X122.3 Y119
G1 F2360.7 X124 Y119 E1031.41174
G1 X124 Y101 E1032.60911
G1 X122.3 Y101 E1032.72219
G1 X122.3 Y119 E1033.91956
G0 F12000 X121.9 Y119.4
G1 F2360.7 X124.4 Y119.4 E1034.08586
G1 X124.4 Y100.6 E1035.33644
G1 X121.9 Y100.6 E1035.50274
G1 X121.9 Y119.4 E1036.75332
G0 F12000 X121.5 Y119.8
;TYPE:WALL-OUTER
G1 F2360.7 X124.8 Y119.8 E1036.97284
G1 X124.8 Y100.2 E1038.27663
G1 X121.5 Y100.2 E1038.49615
G1 X121.5 Y119.8 E1039.79995
G1 F2700 E1034.79995
G0 F12000 X121.781 Y119.52
G0 X122.618 Y101.318
G0 X123.15 Y101.5
G0 X123.15 Y101.85
;TYPE:SKIN
G1 F2700 E1039.79995
G1 F1628.1 X123.15 Y118.15 E1041.37215
G0 F12000 X122.511 Y118.151
G1 F2700 E1036.37215
;MESH:NONMESH
G0 F300 Z3
G0 F12000 X121.711 Y118.575
G0 X120.636 Y118.576
G0 X99.364 Y118.575
G0 X98.269 Y118.575
G0 X96.872 Y118.576
;TIME_ELAPSED:906.342165
;LAYER:7
;note -- min layer time used
;TYPE:WALL-INNER
;MESH:9V_battery_holder.obj
G1 F2700 E1041.37215
G1 F1792.4 X96.872 Y101.424 E1042.65002
G1 X96.424 Y101.424 E1042.6834
G1 X96.424 Y118.576 E1043.96127
G1 X96.872 Y118.576 E1043.99465
G0 F12000 X97.296 Y119
G1 F2007.5 X97.296 Y101 E1045.19201
G1 X96 Y101 E1045.27822
G1 X96 Y119 E1046.47559
G1 X97.296 Y119 E1046.5618
G0 F12000 X97.696 Y119.4
G1 F2007.5 X97.696 Y100.6 E1047.81238
G1 X95.6 Y100.6 E1047.95181
G1 X95.6 Y119.4 E1049.20239
G1 X97.696 Y119.4 E1049.34181
G0 F12000 X98.096 Y119.8
;TYPE:WALL-OUTER
G1 F2007.5 X98.096 Y100.2 E1050.64561
G1 X95.2 Y100.2 E1050.83825
G1 X95.2 Y119.8 E1052.14205
G1 X98.096 Y119.8 E1052.33469
G0 F12000 X97.089 Y118.908
G1 F2700 E1047.33469
G0 F12000 X97.869 Y118.575
G0 X98.964 Y118.575
G0 X121.036 Y118.575
G0 X122.111 Y118.574
G0 X123.125 Y118.575
;TYPE:WALL-INNER
G1 F2700 E1052.33469
G1 F1784.4 X123.575 Y118.575 E1052.36837
G1 X123.575 Y101.425 E1053.6518
G1 X123.125 Y101.425 E1053.68547
G1 X123.125 Y118.575 E1054.9689
G0 F12000 X122.7 Y119
G1 F2007.5 X124 Y119 E1055.05537
G1 X124 Y101 E1056.25274
G1 X122.7 Y101 E1056.33922
G1 X122.7 Y119 E1057.53658
G0 F12000 X122.3 Y119.4
G1 F2007.5 X124.4 Y119.4 E1057.67627
G1 X124.4 Y100.6 E1058.92685
G1 X122.3 Y100.6 E1059.06655
G1 X122.3 Y119.4 E1060.31713
G0 F12000 X121.9 Y119.8
;TYPE:WALL-OUTER
G1 F2007.5 X124.8 Y119.8 E1060.51004
G1 X124.8 Y100.2 E1061.81383
G1 X121.9 Y100.2 E1062.00674
G1 X121.9 Y119.8 E1063.31054
G0 F12000 X122.793 Y118.79
G1 F2700 E1058.31054
;MESH:NONMESH
G0 F300 Z3.4
G0 F12000 X122.111 Y101.447
G0 X121.036 Y101.448
G0 X98.964 Y101.447
G0 X97.869 Y101.447
G0 X96.448 Y101.448
;TIME_ELAPSED:920.001534
;LAYER:8
;note -- min layer time used
;TYPE:WALL-INNER
;MESH:9V_battery_holder.obj
G1 F2700 E1063.31054
G1 F1430 X96.448 Y118.552 E1064.72137
G0 F12000 X96.896 Y119
G1 F1773.1 X96.896 Y101 E1065.91873
G1 X96 Y101 E1065.97833
G1 X96 Y119 E1067.1757
G1 X96.896 Y119 E1067.2353
G0 F12000 X97.296 Y119.4
G1 F1773.1 X97.296 Y100.6 E1068.48588
G1 X95.6 Y100.6 E1068.5987
G1 X95.6 Y119.4 E1069.84928
G1 X97.296 Y119.4 E1069.9621
G0 F12000 X97.696 Y119.8
;TYPE:WALL-OUTER
G1 F1773.1 X97.696 Y100.2 E1071.2659
G1 X95.2 Y100.2 E1071.43193
G1 X95.2 Y119.8 E1072.73573
G1 X97.696 Y119.8 E1072.90176
G0 F12000 X96.689 Y118.908
G1 F2700 E1067.90176
G0 F12000 X97.469 Y118.55
G0 X98.564 Y118.55
G0 X121.436 Y118.55
G0 X122.511 Y118.549
G0 X123.55 Y118.55
;TYPE:WALL-INNER
G1 F2700 E1072.90176
G1 F1418.5 X123.55 Y101.45 E1074.32363
G0 F12000 X123.1 Y119
G1 F1773.1 X124 Y119 E1074.3835
G1 X124 Y101 E1075.58087
G1 X123.1 Y101 E1075.64073
G1 X123.1 Y119 E1076.8381
G0 F12000 X122.7 Y119.4
G1 F1773.1 X124.4 Y119.4 E1076.95118
G1 X124.4 Y100.6 E1078.20176
G1 X122.7 Y100.6 E1078.31485
G1 X122.7 Y119.4 E1079.56543
G0 F12000 X122.3 Y119.8
;TYPE:WALL-OUTER
G1 F1773.1 X124.8 Y119.8 E1079.73173
G1 X124.8 Y100.2 E1081.03553
G1 X122.3 Y100.2 E1081.20183
G1 X122.3 Y119.8 E1082.50563
G0 F12000 X123.193 Y118.79
G1 F2700 E1077.50563
;MESH:NONMESH
G0 F300 Z3.8
G0 F12000 X122.511 Y118.975
G0 X121.436 Y118.976
G0 X98.564 Y118.975
G0 X97.469 Y118.975
G0 X96.472 Y118.976
;TIME_ELAPSED:933.196556
;LAYER:9
;note -- min layer time used
;TYPE:WALL-INNER
;MESH:9V_battery_holder.obj
G1 F2700 E1082.50563
G1 F1344.5 X96.472 Y101.024 E1083.8431
G1 X96.024 Y101.024 E1083.87648
G1 X96.024 Y118.976 E1085.21395
G1 X96.472 Y118.976 E1085.24733
G0 F12000 X96.896 Y119.4
G1 F1505.8 X96.896 Y100.6 E1086.49791
G1 X95.6 Y100.6 E1086.58412
G1 X95.6 Y119.4 E1087.8347
G1 X96.896 Y119.4 E1087.92091
G0 F12000 X97.296 Y119.8
;TYPE:WALL-OUTER
G1 F1505.8 X97.296 Y100.2 E1089.22471
G1 X95.2 Y100.2 E1089.36413
G1 X95.2 Y119.8 E1090.66793
G1 X97.296 Y119.8 E1090.80736
G0 F12000 X96.289 Y118.908
G1 F2700 E1085.80736
G0 F12000 X97.069 Y118.975
G0 X98.164 Y118.975
G0 X121.836 Y118.975
G0 X122.911 Y118.974
G0 X123.525 Y118.975
;TYPE:WALL-INNER
G1 F2700 E1090.80736
G1 F1338.5 X123.975 Y118.975 E1090.84103
G1 X123.975 Y101.025 E1092.18433
G1 X123.525 Y101.025 E1092.218
G1 X123.525 Y118.975 E1093.56129
G0 F12000 X123.1 Y119.4
G1 F1505.8 X124.4 Y119.4 E1093.64777
G1 X124.4 Y100.6 E1094.89835
G1 X123.1 Y100.6 E1094.98483
G1 X123.1 Y119.4 E1096.23541
G0 F12000 X122.7 Y119.8
;TYPE:WALL-OUTER
G1 F1505.8 X124.8 Y119.8 E1096.3751
G1 X124.8 Y100.2 E1097.6789
G1 X122.7 Y100.2 E1097.81859
G1 X122.7 Y119.8 E1099.12239
G0 F12000 X123.593 Y118.79
G1 F2700 E1094.12239
;MESH:NONMESH
G0 F300 Z4.2
G0 F12000 X122.911 Y100.997
G0 X121.836 Y100.998
G0 X98.164 Y100.997
G0 X97.069 Y100.997
G0 X95.998 Y100.998
;TIME_ELAPSED:946.227302
;LAYER:10
;note -- min layer time used
;TYPE:WALL-INNER
;MESH:9V_battery_holder.obj
G1 F2700 E1099.12239
G1 F1263.5 X96 Y118.998 E1100.31676
G0 F12000 X96.4 Y119.397
G1 F1260.4 X96.396 Y100.6 E1101.56714
G1 X95.6 Y100.6 E1101.62009
G1 X95.6 Y119.398 E1102.87054
G1 X96.4 Y119.397 E1102.92376
G0 F12000 X96.8 Y119.796
;TYPE:WALL-OUTER
G1 F1260.4 X96.796 Y100.2 E1104.22729
G1 X95.2 Y100.2 E1104.33345
G1 X95.2 Y119.799 E1105.63719
G1 X96.8 Y119.796 E1105.74362
G1 F2700 E1100.74362
G0 F12000 X96.52 Y119.519
G0 X96.589 Y119.001
G0 X97.664 Y119
G0 X122.336 Y119.001
G0 X123.411 Y119
G0 X124 Y119
;TYPE:WALL-INNER
G1 F2700 E1105.74362
G1 F1260.4 X124 Y101 E1106.94098
G0 F12000 X123.881 Y119.12
G0 X123.6 Y119.4
G1 F1260.4 X124.4 Y119.4 E1106.9942
G1 X124.4 Y100.6 E1108.24478
G1 X123.6 Y100.6 E1108.298
G1 X123.6 Y119.4 E1109.54858
G0 F12000 X123.2 Y119.8
;TYPE:WALL-OUTER
G1 F1260.4 X124.8 Y119.8 E1109.65501
G1 X124.8 Y100.2 E1110.95881
G1 X123.2 Y100.2 E1111.06524
G1 X123.2 Y119.8 E1112.36904
G1 F2700 E1107.36904
;MESH:NONMESH
G0 F300 Z4.6
G0 F12000 X123.481 Y119.52
G0 X123.411 Y100.999
G0 X122.336 Y101
G0 X97.664 Y100.999
G0 X96.589 Y101
G0 X96 Y101
;TIME_ELAPSED:958.813530
;LAYER:11
;note -- min layer time used
;TYPE:WALL-INNER
;MESH:9V_battery_holder.obj
G1 F2700 E1112.36904
G1 F1260.7 X96 Y119 E1113.5664
G0 F12000 X96.4 Y119.4
G1 F1260.7 X96.4 Y100.6 E1114.81698
G1 X95.6 Y100.6 E1114.8702
G1 X95.6 Y119.4 E1116.12078
G1 X96.4 Y119.4 E1116.174
G0 F12000 X96.8 Y119.8
;TYPE:WALL-OUTER
G1 F1260.7 X96.8 Y100.2 E1117.47779
G1 X95.2 Y100.2 E1117.58423
G1 X95.2 Y119.8 E1118.88802
G1 X96.8 Y119.8 E1118.99446
G1 F2700 E1113.99446
G0 F12000 X96.52 Y119.52
G0 X96.57 Y119
G0 X97.665 Y119
G0 X122.335 Y119
G0 X123.43 Y119
G0 X124 Y119
;TYPE:WALL-INNER
G1 F2700 E1118.99446
G1 F1260.7 X124 Y101 E1120.19182
G0 F12000 X123.88 Y119.12
G0 X123.6 Y119.4
G1 F1260.7 X124.4 Y119.4 E1120.24504
G1 X124.4 Y100.6 E1121.49562
G1 X123.6 Y100.6 E1121.54883
G1 X123.6 Y119.4 E1122.79942
G0 F12000 X123.2 Y119.8
;TYPE:WALL-OUTER
G1 F1260.7 X124.8 Y119.8 E1122.90585
G1 X124.8 Y100.2 E1124.20964
G1 X123.2 Y100.2 E1124.31608
G1 X123.2 Y119.8 E1125.61987
G1 F2700 E1120.61987
;MESH:NONMESH
G0 F300 Z5
G0 F12000 X123.48 Y119.52
G0 X123.43 Y101
G0 X122.335 Y101
G0 X97.665 Y101
G0 X96.57 Y101
G0 X96 Y101
;TIME_ELAPSED:971.400690
;LAYER:12
;note -- min layer time used
;TYPE:WALL-INNER
;MESH:9V_battery_holder.obj
G1 F2700 E1125.61987
G1 F1260.7 X96 Y119 E1126.81724
G0 F12000 X96.4 Y119.4
G1 F1260.7 X96.4 Y100.6 E1128.06782
G1 X95.6 Y100.6 E1128.12104
G1 X95.6 Y119.4 E1129.37162
G1 X96.4 Y119.4 E1129.42483
G0 F12000 X96.8 Y119.8
;TYPE:WALL-OUTER
G1 F1260.7 X96.8 Y100.2 E1130.72863
G1 X95.2 Y100.2 E1130.83506
G1 X95.2 Y119.8 E1132.13886
G1 X96.8 Y119.8 E1132.24529
G1 F2700 E1127.24529
G0 F12000 X96.52 Y119.52
G0 X96.57 Y119
G0 X97.665 Y119
G0 X122.335 Y119
G0 X123.43 Y119
G0 X124 Y119
;TYPE:WALL-INNER
G1 F2700 E1132.24529
G1 F1260.7 X124 Y101 E1133.44266
G0 F12000 X123.88 Y119.12
G0 X123.6 Y119.4
G1 F1260.7 X124.4 Y119.4 E1133.49587
G1 X124.4 Y100.6 E1134.74646
G1 X123.6 Y100.6 E1134.79967
G1 X123.6 Y119.4 E1136.05025
G0 F12000 X123.2 Y119.8
;TYPE:WALL-OUTER
G1 F1260.7 X124.8 Y119.8 E1136.15669
G1 X124.8 Y100.2 E1137.46048
G1 X123.2 Y100.2 E1137.56692
G1 X123.2 Y119.8 E1138.87071
G1 F2700 E1133.87071
;MESH:NONMESH
G0 F300 Z5.4
G0 F12000 X123.48 Y119.52
G0 X123.43 Y101
G0 X122.335 Y101
G0 X97.665 Y101
G0 X96.57 Y101
G0 X96 Y101
;TIME_ELAPSED:983.987849
;LAYER:13
;note -- min layer time used
;TYPE:WALL-INNER
;MESH:9V_battery_holder.obj
G1 F2700 E1138.87071
G1 F1260.7 X96 Y119 E1140.06808
G0 F12000 X96.4 Y119.4
G1 F1260.7 X96.4 Y100.6 E1141.31866
G1 X95.6 Y100.6 E1141.37187
G1 X95.6 Y119.4 E1142.62246
G1 X96.4 Y119.4 E1142.67567
G0 F12000 X96.8 Y119.8
;TYPE:WALL-OUTER
G1 F1260.7 X96.8 Y100.2 E1143.97947
G1 X95.2 Y100.2 E1144.0859
G1 X95.2 Y119.8 E1145.3897
G1 X96.8 Y119.8 E1145.49613
G1 F2700 E1140.49613
G0 F12000 X96.52 Y119.52
G0 X96.57 Y119
G0 X97.665 Y119
G0 X122.335 Y119
G0 X123.43 Y119
G0 X124 Y119
;TYPE:WALL-INNER
G1 F2700 E1145.49613
G1 F1260.7 X124 Y101 E1146.6935
G0 F12000 X123.88 Y119.12
G0 X123.6 Y119.4
G1 F1260.7 X124.4 Y119.4 E1146.74671
G1 X124.4 Y100.6 E1147.99729
G1 X123.6 Y100.6 E1148.05051
G1 X123.6 Y119.4 E1149.30109
G0 F12000 X123.2 Y119.8
;TYPE:WALL-OUTER
G1 F1260.7 X124.8 Y119.8 E1149.40752
G1 X124.8 Y100.2 E1150.71132
G1 X123.2 Y100.2 E1150.81775
G1 X123.2 Y119.8 E1152.12155
G1 F2700 E1147.12155
;MESH:NONMESH
G0 F300 Z5.8
G0 F12000 X123.48 Y119.52
G0 X123.43 Y101
G0 X122.335 Y101
G0 X97.665 Y101
G0 X96.57 Y101
G0 X96 Y101
;TIME_ELAPSED:996.575009
;LAYER:14
;note -- min layer time used
;TYPE:WALL-INNER
;MESH:9V_battery_holder.obj
G1 F2700 E1152.12155
G1 F1260.7 X96 Y119 E1153.31892
G0 F12000 X96.4 Y119.4
G1 F1260.7 X96.4 Y100.6 E1154.5695
G1 X95.6 Y100.6 E1154.62271
G1 X95.6 Y119.4 E1155.87329
G1 X96.4 Y119.4 E1155.92651
G0 F12000 X96.8 Y119.8
;TYPE:WALL-OUTER
G1 F1260.7 X96.8 Y100.2 E1157.23031
G1 X95.2 Y100.2 E1157.33674
G1 X95.2 Y119.8 E1158.64054
G1 X96.8 Y119.8 E1158.74697
G1 F2700 E1153.74697
G0 F12000 X96.52 Y119.52
G0 X96.57 Y119
G0 X97.665 Y119
G0 X122.335 Y119
G0 X123.43 Y119
G0 X124 Y119
;TYPE:WALL-INNER
G1 F2700 E1158.74697
G1 F1260.7 X124 Y101 E1159.94433
G0 F12000 X123.88 Y119.12
G0 X123.6 Y119.4
G1 F1260.7 X124.4 Y119.4 E1159.99755
G1 X124.4 Y100.6 E1161.24813
G1 X123.6 Y100.6 E1161.30135
G1 X123.6 Y119.4 E1162.55193
G0 F12000 X123.2 Y119.8
;TYPE:WALL-OUTER
G1 F1260.7 X124.8 Y119.8 E1162.65836
G1 X124.8 Y100.2 E1163.96216
G1 X123.2 Y100.2 E1164.06859
G1 X123.2 Y119.8 E1165.37239
G1 F2700 E1160.37239
;MESH:NONMESH
G0 F300 Z6.2
G0 F12000 X123.48 Y119.52
G0 X123.43 Y101
G0 X122.335 Y101
G0 X97.665 Y101
G0 X96.57 Y101
G0 X96 Y101
;TIME_ELAPSED:1009.162169
;LAYER:15
;note -- min layer time used
;TYPE:WALL-INNER
;MESH:9V_battery_holder.obj
G1 F2700 E1165.37239
G1 F1260.7 X96 Y119 E1166.56975
G0 F12000 X96.4 Y119.4
G1 F1260.7 X96.4 Y100.6 E1167.82033
G1 X95.6 Y100.6 E1167.87355
G1 X95.6 Y119.4 E1169.12413
G1 X96.4 Y119.4 E1169.17735
G0 F12000 X96.8 Y119.8
;TYPE:WALL-OUTER
G1 F1260.7 X96.8 Y100.2 E1170.48114
G1 X95.2 Y100.2 E1170.58758
G1 X95.2 Y119.8 E1171.89137
G1 X96.8 Y119.8 E1171.99781
G1 F2700 E1166.99781
G0 F12000 X96.52 Y119.52
G0 X96.57 Y119
G0 X97.665 Y119
G0 X122.335 Y119
G0 X123.43 Y119
G0 X124 Y119
;TYPE:WALL-INNER
G1 F2700 E1171.99781
G1 F1260.7 X124 Y101 E1173.19517
G0 F12000 X123.88 Y119.12
G0 X123.6 Y119.4
G1 F1260.7 X124.4 Y119.4 E1173.24839
G1 X124.4 Y100.6 E1174.49897
G1 X123.6 Y100.6 E1174.55219
G1 X123.6 Y119.4 E1175.80277
G0 F12000 X123.2 Y119.8
;TYPE:WALL-OUTER
G1 F1260.7 X124.8 Y119.8 E1175.9092
G1 X124.8 Y100.2 E1177.213
G1 X123.2 Y100.2 E1177.31943
G1 X123.2 Y119.8 E1178.62323
G1 F2700 E1173.62323
;MESH:NONMESH
G0 F300 Z6.6
G0 F12000 X123.48 Y119.52
G0 X123.43 Y101
G0 X122.335 Y101
G0 X97.665 Y101
G0 X96.57 Y101
G0 X96 Y101
;TIME_ELAPSED:1021.749329
;LAYER:16
;note -- min layer time used
;TYPE:WALL-INNER
;MESH:9V_battery_holder.obj
G1 F2700 E1178.62323
G1 F1260.7 X96 Y119 E1179.82059
G0 F12000 X96.4 Y119.4
G1 F1260.7 X96.4 Y100.6 E1181.07117
G1 X95.6 Y100.6 E1181.12439
G1 X95.6 Y119.4 E1182.37497
G1 X96.4 Y119.4 E1182.42819
G0 F12000 X96.8 Y119.8
;TYPE:WALL-OUTER
G1 F1260.7 X96.8 Y100.2 E1183.73198
G1 X95.2 Y100.2 E1183.83841
G1 X95.2 Y119.8 E1185.14221
G1 X96.8 Y119.8 E1185.24864
G1 F2700 E1180.24864
G0 F12000 X96.52 Y119.52
G0 X96.57 Y119
G0 X97.665 Y119
G0 X122.335 Y119
G0 X123.43 Y119
G0 X124 Y119
;TYPE:WALL-INNER
G1 F2700 E1185.24864
G1 F1260.7 X124 Y101 E1186.44601
G0 F12000 X123.88 Y119.12
G0 X123.6 Y119.4
G1 F1260.7 X124.4 Y119.4 E1186.49923
G1 X124.4 Y100.6 E1187.74981
G1 X123.6 Y100.6 E1187.80302
G1 X123.6 Y119.4 E1189.0536
G0 F12000 X123.2 Y119.8
;TYPE:WALL-OUTER
G1 F1260.7 X124.8 Y119.8 E1189.16004
G1 X124.8 Y100.2 E1190.46383
G1 X123.2 Y100.2 E1190.57027
G1 X123.2 Y119.8 E1191.87406
G1 F2700 E1186.87406
;MESH:NONMESH
G0 F300 Z7
G0 F12000 X123.48 Y119.52
G0 X123.43 Y101
G0 X122.335 Y101
G0 X97.665 Y101
G0 X96.57 Y101
G0 X96 Y101
;TIME_ELAPSED:1034.336489
;LAYER:17
;note -- min layer time used
;TYPE:WALL-INNER
;MESH:9V_battery_holder.obj
G1 F2700 E1191.87406
G1 F1260.7 X96 Y119 E1193.07143
G0 F12000 X96.4 Y119.4
G1 F1260.7 X96.4 Y100.6 E1194.32201
G1 X95.6 Y100.6 E1194.37523
G1 X95.6 Y119.4 E1195.62581
G1 X96.4 Y119.4 E1195.67902
G0 F12000 X96.8 Y119.8
;TYPE:WALL-OUTER
G1 F1260.7 X96.8 Y100.2 E1196.98282
G1 X95.2 Y100.2 E1197.08925
G1 X95.2 Y119.8 E1198.39305
G1 X96.8 Y119.8 E1198.49948
G1 F2700 E1193.49948
G0 F12000 X96.52 Y119.52
G0 X96.57 Y119
G0 X97.665 Y119
G0 X122.335 Y119
G0 X123.43 Y119
G0 X124 Y119
;TYPE:WALL-INNER
G1 F2700 E1198.49948
G1 F1260.7 X124 Y101 E1199.69685
G0 F12000 X123.88 Y119.12
G0 X123.6 Y119.4
G1 F1260.7 X124.4 Y119.4 E1199.75006
G1 X124.4 Y100.6 E1201.00064
G1 X123.6 Y100.6 E1201.05386
G1 X123.6 Y119.4 E1202.30444
G0 F12000 X123.2 Y119.8
;TYPE:WALL-OUTER
G1 F1260.7 X124.8 Y119.8 E1202.41087
G1 X124.8 Y100.2 E1203.71467
G1 X123.2 Y100.2 E1203.8211
G1 X123.2 Y119.8 E1205.1249
G1 F2700 E1200.1249
;MESH:NONMESH
G0 F300 Z7.4
G0 F12000 X123.48 Y119.52
G0 X123.43 Y101
G0 X122.335 Y101
G0 X97.665 Y101
G0 X96.57 Y101
G0 X96 Y101
;TIME_ELAPSED:1046.923649
;LAYER:18
;note -- min layer time used
;TYPE:WALL-INNER
;MESH:9V_battery_holder.obj
G1 F2700 E1205.1249
G1 F1260.7 X96 Y119 E1206.32227
G0 F12000 X96.4 Y119.4
G1 F1260.7 X96.4 Y100.6 E1207.57285
G1 X95.6 Y100.6 E1207.62606
G1 X95.6 Y119.4 E1208.87664
G1 X96.4 Y119.4 E1208.92986
G0 F12000 X96.8 Y119.8
;TYPE:WALL-OUTER
G1 F1260.7 X96.8 Y100.2 E1210.23366
G1 X95.2 Y100.2 E1210.34009
G1 X95.2 Y119.8 E1211.64389
G1 X96.8 Y119.8 E1211.75032
G1 F2700 E1206.75032
G0 F12000 X96.52 Y119.52
G0 X96.57 Y119
G0 X97.665 Y119
G0 X122.335 Y119
G0 X123.43 Y119
G0 X124 Y119
;TYPE:WALL-INNER
G1 F2700 E1211.75032
G1 F1260.7 X124 Y101 E1212.94769
G0 F12000 X123.88 Y119.12
G0 X123.6 Y119.4
G1 F1260.7 X124.4 Y119.4 E1213.0009
G1 X124.4 Y100.6 E1214.25148
G1 X123.6 Y100.6 E1214.3047
G1 X123.6 Y119.4 E1215.55528
G0 F12000 X123.2 Y119.8
;TYPE:WALL-OUTER
G1 F1260.7 X124.8 Y119.8 E1215.66171
G1 X124.8 Y100.2 E1216.96551
G1 X123.2 Y100.2 E1217.07194
G1 X123.2 Y119.8 E1218.37574
G1 F2700 E1213.37574
;MESH:NONMESH
G0 F300 Z7.8
G0 F12000 X123.48 Y119.52
G0 X123.43 Y101
G0 X122.335 Y101
G0 X97.665 Y101
G0 X96.57 Y101
G0 X96 Y101
;TIME_ELAPSED:1059.510809
;LAYER:19
;note -- min layer time used
;TYPE:WALL-INNER
;MESH:9V_battery_holder.obj
G1 F2700 E1218.37574
G1 F1260.7 X96 Y119 E1219.5731
G0 F12000 X96.4 Y119.4
G1 F1260.7 X96.4 Y100.6 E1220.82369
G1 X95.6 Y100.6 E1220.8769
G1 X95.6 Y119.4 E1222.12748
G1 X96.4 Y119.4 E1222.1807
G0 F12000 X96.8 Y119.8
;TYPE:WALL-OUTER
G1 F1260.7 X96.8 Y100.2 E1223.4845
G1 X95.2 Y100.2 E1223.59093
G1 X95.2 Y119.8 E1224.89473
G1 X96.8 Y119.8 E1225.00116
G1 F2700 E1220.00116
G0 F12000 X96.52 Y119.52
G0 X96.57 Y119
G0 X97.665 Y119
G0 X122.335 Y119
G0 X123.43 Y119
G0 X124 Y119
;TYPE:WALL-INNER
G1 F2700 E1225.00116
G1 F1260.7 X124 Y101 E1226.19852
G0 F12000 X123.88 Y119.12
G0 X123.6 Y119.4
G1 F1260.7 X124.4 Y119.4 E1226.25174
G1 X124.4 Y100.6 E1227.50232
G1 X123.6 Y100.6 E1227.55554
G1 X123.6 Y119.4 E1228.80612
G0 F12000 X123.2 Y119.8
;TYPE:WALL-OUTER
G1 F1260.7 X124.8 Y119.8 E1228.91255
G1 X124.8 Y100.2 E1230.21635
G1 X123.2 Y100.2 E1230.32278
G1 X123.2 Y119.8 E1231.62658
G1 F2700 E1226.62658
;MESH:NONMESH
G0 F300 Z8.2
G0 F12000 X123.48 Y119.52
G0 X123.43 Y101
G0 X122.335 Y101
G0 X97.665 Y101
G0 X96.57 Y101
G0 X96 Y101
;TIME_ELAPSED:1072.097969
;LAYER:20
;note -- min layer time used
;TYPE:WALL-INNER
;MESH:9V_battery_holder.obj
G1 F2700 E1231.62658
G1 F1260.7 X96 Y119 E1232.82394
G0 F12000 X96.4 Y119.4
G1 F1260.7 X96.4 Y100.6 E1234.07452
G1 X95.6 Y100.6 E1234.12774
G1 X95.6 Y119.4 E1235.37832
G1 X96.4 Y119.4 E1235.43154
G0 F12000 X96.8 Y119.8
;TYPE:WALL-OUTER
G1 F1260.7 X96.8 Y100.2 E1236.73533
G1 X95.2 Y100.2 E1236.84177
G1 X95.2 Y119.8 E1238.14556
G1 X96.8 Y119.8 E1238.252
G1 F2700 E1233.252
G0 F12000 X96.52 Y119.52
G0 X96.57 Y119
G0 X97.665 Y119
G0 X122.335 Y119
G0 X123.43 Y119
G0 X124 Y119
;TYPE:WALL-INNER
G1 F2700 E1238.252
G1 F1260.7 X124 Y101 E1239.44936
G0 F12000 X123.88 Y119.12
G0 X123.6 Y119.4
G1 F1260.7 X124.4 Y119.4 E1239.50258
G1 X124.4 Y100.6 E1240.75316
G1 X123.6 Y100.6 E1240.80637
G1 X123.6 Y119.4 E1242.05696
G0 F12000 X123.2 Y119.8
;TYPE:WALL-OUTER
G1 F1260.7 X124.8 Y119.8 E1242.16339
G1 X124.8 Y100.2 E1243.46719
G1 X123.2 Y100.2 E1243.57362
G1 X123.2 Y119.8 E1244.87741
G1 F2700 E1239.87741
;MESH:NONMESH
G0 F300 Z8.6
G0 F12000 X123.48 Y119.52
G0 X123.43 Y101
G0 X122.335 Y101
G0 X97.665 Y101
G0 X96.57 Y101
G0 X96 Y101
;TIME_ELAPSED:1084.685129
;LAYER:21
;note -- min layer time used
;TYPE:WALL-INNER
;MESH:9V_battery_holder.obj
G1 F2700 E1244.87741
G1 F1260.7 X96 Y119 E1246.07478
G0 F12000 X96.4 Y119.4
G1 F1260.7 X96.4 Y100.6 E1247.32536
G1 X95.6 Y100.6 E1247.37858
G1 X95.6 Y119.4 E1248.62916
G1 X96.4 Y119.4 E1248.68237
G0 F12000 X96.8 Y119.8
;TYPE:WALL-OUTER
G1 F1260.7 X96.8 Y100.2 E1249.98617
G1 X95.2 Y100.2 E1250.0926
G1 X95.2 Y119.8 E1251.3964
G1 X96.8 Y119.8 E1251.50283
G1 F2700 E1246.50283
G0 F12000 X96.52 Y119.52
G0 X96.57 Y119
G0 X97.665 Y119
G0 X122.335 Y119
G0 X123.43 Y119
G0 X124 Y119
;TYPE:WALL-INNER
G1 F2700 E1251.50283
G1 F1260.7 X124 Y101 E1252.7002
G0 F12000 X123.88 Y119.12
G0 X123.6 Y119.4
G1 F1260.7 X124.4 Y119.4 E1252.75341
G1 X124.4 Y100.6 E1254.004
G1 X123.6 Y100.6 E1254.05721
G1 X123.6 Y119.4 E1255.30779
G0 F12000 X123.2 Y119.8
;TYPE:WALL-OUTER
G1 F1260.7 X124.8 Y119.8 E1255.41423
G1 X124.8 Y100.2 E1256.71802
G1 X123.2 Y100.2 E1256.82446
G1 X123.2 Y119.8 E1258.12825
G1 F2700 E1253.12825
;MESH:NONMESH
G0 F300 Z9
G0 F12000 X123.48 Y119.52
G0 X123.43 Y101
G0 X122.335 Y101
G0 X97.665 Y101
G0 X96.57 Y101
G0 X96 Y101
;TIME_ELAPSED:1097.272289
;LAYER:22
;note -- min layer time used
;TYPE:WALL-INNER
;MESH:9V_battery_holder.obj
G1 F2700 E1258.12825
G1 F1260.7 X96 Y119 E1259.32562
G0 F12000 X96.4 Y119.4
G1 F1260.7 X96.4 Y100.6 E1260.5762
G1 X95.6 Y100.6 E1260.62941
G1 X95.6 Y119.4 E1261.88
G1 X96.4 Y119.4 E1261.93321
G0 F12000 X96.8 Y119.8
;TYPE:WALL-OUTER
G1 F1260.7 X96.8 Y100.2 E1263.23701
G1 X95.2 Y100.2 E1263.34344
G1 X95.2 Y119.8 E1264.64724
G1 X96.8 Y119.8 E1264.75367
G1 F2700 E1259.75367
G0 F12000 X96.52 Y119.52
G0 X96.57 Y119
G0 X97.665 Y119
G0 X122.335 Y119
G0 X123.43 Y119
G0 X124 Y119
;TYPE:WALL-INNER
G1 F2700 E1264.75367
G1 F1260.7 X124 Y101 E1265.95104
G0 F12000 X123.88 Y119.12
G0 X123.6 Y119.4
G1 F1260.7 X124.4 Y119.4 E1266.00425
G1 X124.4 Y100.6 E1267.25483
G1 X123.6 Y100.6 E1267.30805
G1 X123.6 Y119.4 E1268.55863
G0 F12000 X123.2 Y119.8
;TYPE:WALL-OUTER
G1 F1260.7 X124.8 Y119.8 E1268.66506
G1 X124.8 Y100.2 E1269.96886
G1 X123.2 Y100.2 E1270.07529
G1 X123.2 Y119.8 E1271.37909
G1 F2700 E1266.37909
;MESH:NONMESH
G0 F300 Z9.4
G0 F12000 X123.48 Y119.52
G0 X123.43 Y101
G0 X122.335 Y101
G0 X97.665 Y101
G0 X96.57 Y101
G0 X96 Y101
;TIME_ELAPSED:1109.859449
;LAYER:23
;note -- min layer time used
;TYPE:WALL-INNER
;MESH:9V_battery_holder.obj
G1 F2700 E1271.37909
G1 F1260.7 X96 Y119 E1272.57646
G0 F12000 X96.4 Y119.4
G1 F1260.7 X96.4 Y100.6 E1273.82704
G1 X95.6 Y100.6 E1273.88025
G1 X95.6 Y119.4 E1275.13083
G1 X96.4 Y119.4 E1275.18405
G0 F12000 X96.8 Y119.8
;TYPE:WALL-OUTER
G1 F1260.7 X96.8 Y100.2 E1276.48785
G1 X95.2 Y100.2 E1276.59428
G1 X95.2 Y119.8 E1277.89808
G1 X96.8 Y119.8 E1278.00451
G1 F2700 E1273.00451
G0 F12000 X96.52 Y119.52
G0 X96.57 Y119
G0 X97.665 Y119
G0 X122.335 Y119
G0 X123.43 Y119
G0 X124 Y119
;TYPE:WALL-INNER
G1 F2700 E1278.00451
G1 F1260.7 X124 Y101 E1279.20187
G0 F12000 X123.88 Y119.12
G0 X123.6 Y119.4
G1 F1260.7 X124.4 Y119.4 E1279.25509
G1 X124.4 Y100.6 E1280.50567
G1 X123.6 Y100.6 E1280.55889
G1 X123.6 Y119.4 E1281.80947
G0 F12000 X123.2 Y119.8
;TYPE:WALL-OUTER
G1 F1260.7 X124.8 Y119.8 E1281.9159
G1 X124.8 Y100.2 E1283.2197
G1 X123.2 Y100.2 E1283.32613
G1 X123.2 Y119.8 E1284.62993
G1 F2700 E1279.62993
;MESH:NONMESH
G0 F300 Z9.8
G0 F12000 X123.48 Y119.52
G0 X123.43 Y101
G0 X122.335 Y101
G0 X97.665 Y101
G0 X96.57 Y101
G0 X96 Y101
;TIME_ELAPSED:1122.446609
;LAYER:24
;note -- min layer time used
;TYPE:WALL-INNER
;MESH:9V_battery_holder.obj
G1 F2700 E1284.62993
G1 F1260.7 X96 Y119 E1285.82729
G0 F12000 X96.4 Y119.4
G1 F1260.7 X96.4 Y100.6 E1287.07787
G1 X95.6 Y100.6 E1287.13109
G1 X95.6 Y119.4 E1288.38167
G1 X96.4 Y119.4 E1288.43489
G0 F12000 X96.8 Y119.8
;TYPE:WALL-OUTER
G1 F1260.7 X96.8 Y100.2 E1289.73868
G1 X95.2 Y100.2 E1289.84512
G1 X95.2 Y119.8 E1291.14891
G1 X96.8 Y119.8 E1291.25535
G1 F2700 E1286.25535
G0 F12000 X96.52 Y119.52
G0 X96.57 Y119
G0 X97.665 Y119
G0 X122.335 Y119
G0 X123.43 Y119
G0 X124 Y119
;TYPE:WALL-INNER
G1 F2700 E1291.25535
G1 F1260.7 X124 Y101 E1292.45271
G0 F12000 X123.88 Y119.12
G0 X123.6 Y119.4
G1 F1260.7 X124.4 Y119.4 E1292.50593
G1 X124.4 Y100.6 E1293.75651
G1 X123.6 Y100.6 E1293.80973
G1 X123.6 Y119.4 E1295.06031
G0 F12000 X123.2 Y119.8
;TYPE:WALL-OUTER
G1 F1260.7 X124.8 Y119.8 E1295.16674
G1 X124.8 Y100.2 E1296.47054
G1 X123.2 Y100.2 E1296.57697
G1 X123.2 Y119.8 E1297.88077
G1 F2700 E1292.88077
;MESH:NONMESH
G0 F300 Z10.2
G0 F12000 X123.48 Y119.52
G0 X123.43 Y101
G0 X122.335 Y101
G0 X97.665 Y101
G0 X96.57 Y101
G0 X96 Y101
;TIME_ELAPSED:1135.033769
;LAYER:25
;note -- min layer time used
;TYPE:WALL-INNER
;MESH:9V_battery_holder.obj
G1 F2700 E1297.88077
G1 F1260.7 X96 Y119 E1299.07813
G0 F12000 X96.4 Y119.4
G1 F1260.7 X96.4 Y100.6 E1300.32871
G1 X95.6 Y100.6 E1300.38193
G1 X95.6 Y119.4 E1301.63251
G1 X96.4 Y119.4 E1301.68573
G0 F12000 X96.8 Y119.8
;TYPE:WALL-OUTER
G1 F1260.7 X96.8 Y100.2 E1302.98952
G1 X95.2 Y100.2 E1303.09596
G1 X95.2 Y119.8 E1304.39975
G1 X96.8 Y119.8 E1304.50618
G1 F2700 E1299.50618
G0 F12000 X96.52 Y119.52
G0 X96.57 Y119
G0 X97.665 Y119
G0 X122.335 Y119
G0 X123.43 Y119
G0 X124 Y119
;TYPE:WALL-INNER
G1 F2700 E1304.50618
G1 F1260.7 X124 Y101 E1305.70355
G0 F12000 X123.88 Y119.12
G0 X123.6 Y119.4
G1 F1260.7 X124.4 Y119.4 E1305.75677
G1 X124.4 Y100.6 E1307.00735
G1 X123.6 Y100.6 E1307.06056
G1 X123.6 Y119.4 E1308.31114
G0 F12000 X123.2 Y119.8
;TYPE:WALL-OUTER
G1 F1260.7 X124.8 Y119.8 E1308.41758
G1 X124.8 Y100.2 E1309.72137
G1 X123.2 Y100.2 E1309.82781
G1 X123.2 Y119.8 E1311.1316
G1 F2700 E1306.1316
;MESH:NONMESH
G0 F300 Z10.6
G0 F12000 X123.48 Y119.52
G0 X123.43 Y101
G0 X122.335 Y101
G0 X97.665 Y101
G0 X96.57 Y101
G0 X96 Y101
;TIME_ELAPSED:1147.620928
;LAYER:26
;note -- min layer time used
;TYPE:WALL-INNER
;MESH:9V_battery_holder.obj
G1 F2700 E1311.1316
G1 F1260.7 X96 Y119 E1312.32897
G0 F12000 X96.4 Y119.4
G1 F1260.7 X96.4 Y100.6 E1313.57955
G1 X95.6 Y100.6 E1313.63277
G1 X95.6 Y119.4 E1314.88335
G1 X96.4 Y119.4 E1314.93656
G0 F12000 X96.8 Y119.8
;TYPE:WALL-OUTER
G1 F1260.7 X96.8 Y100.2 E1316.24036
G1 X95.2 Y100.2 E1316.34679
G1 X95.2 Y119.8 E1317.65059
G1 X96.8 Y119.8 E1317.75702
G1 F2700 E1312.75702
G0 F12000 X96.52 Y119.52
G0 X96.57 Y119
G0 X97.665 Y119
G0 X122.335 Y119
G0 X123.43 Y119
G0 X124 Y119
;TYPE:WALL-INNER
G1 F2700 E1317.75702
G1 F1260.7 X124 Y101 E1318.95439
G0 F12000 X123.88 Y119.12
G0 X123.6 Y119.4
G1 F1260.7 X124.4 Y119.4 E1319.0076
G1 X124.4 Y100.6 E1320.25818
G1 X123.6 Y100.6 E1320.3114
G1 X123.6 Y119.4 E1321.56198
G0 F12000 X123.2 Y119.8
;TYPE:WALL-OUTER
G1 F1260.7 X124.8 Y119.8 E1321.66841
G1 X124.8 Y100.2 E1322.97221
G1 X123.2 Y100.2 E1323.07864
G1 X123.2 Y119.8 E1324.38244
G1 F2700 E1319.38244
;MESH:NONMESH
G0 F300 Z11
G0 F12000 X123.48 Y119.52
G0 X123.43 Y101
G0 X122.335 Y101
G0 X97.665 Y101
G0 X96.57 Y101
G0 X96 Y101
;TIME_ELAPSED:1160.208088
;LAYER:27
;note -- min layer time used
;TYPE:WALL-INNER
;MESH:9V_battery_holder.obj
G1 F2700 E1324.38244
G1 F1260.7 X96 Y119 E1325.57981
G0 F12000 X96.4 Y119.4
G1 F1260.7 X96.4 Y100.6 E1326.83039
G1 X95.6 Y100.6 E1326.8836
G1 X95.6 Y119.4 E1328.13418
G1 X96.4 Y119.4 E1328.1874
G0 F12000 X96.8 Y119.8
;TYPE:WALL-OUTER
G1 F1260.7 X96.8 Y100.2 E1329.4912
G1 X95.2 Y100.2 E1329.59763
G1 X95.2 Y119.8 E1330.90143
G1 X96.8 Y119.8 E1331.00786
G1 F2700 E1326.00786
G0 F12000 X96.52 Y119.52
G0 X96.57 Y119
G0 X97.665 Y119
G0 X122.335 Y119
G0 X123.43 Y119
G0 X124 Y119
;TYPE:WALL-INNER
G1 F2700 E1331.00786
G1 F1260.7 X124 Y101 E1332.20523
G0 F12000 X123.88 Y119.12
G0 X123.6 Y119.4
G1 F1260.7 X124.4 Y119.4 E1332.25844
G1 X124.4 Y100.6 E1333.50902
G1 X123.6 Y100.6 E1333.56224
G1 X123.6 Y119.4 E1334.81282
G0 F12000 X123.2 Y119.8
;TYPE:WALL-OUTER
G1 F1260.7 X124.8 Y119.8 E1334.91925
G1 X124.8 Y100.2 E1336.22305
G1 X123.2 Y100.2 E1336.32948
G1 X123.2 Y119.8 E1337.63328
G1 F2700 E1332.63328
;MESH:NONMESH
G0 F300 Z11.4
G0 F12000 X123.48 Y119.52
G0 X123.43 Y101
G0 X122.335 Y101
G0 X97.665 Y101
G0 X96.57 Y101
G0 X96 Y101
;TIME_ELAPSED:1172.795248
;LAYER:28
;note -- min layer time used
;TYPE:WALL-INNER
;MESH:9V_battery_holder.obj
G1 F2700 E1337.63328
G1 F1260.7 X96 Y119 E1338.83064
G0 F12000 X96.4 Y119.4
G1 F1260.7 X96.4 Y100.6 E1340.08123
G1 X95.6 Y100.6 E1340.13444
G1 X95.6 Y119.4 E1341.38502
G1 X96.4 Y119.4 E1341.43824
G0 F12000 X96.8 Y119.8
;TYPE:WALL-OUTER
G1 F1260.7 X96.8 Y100.2 E1342.74204
G1 X95.2 Y100.2 E1342.84847
G1 X95.2 Y119.8 E1344.15227
G1 X96.8 Y119.8 E1344.2587
G1 F2700 E1339.2587
G0 F12000 X96.52 Y119.52
G0 X96.57 Y119
G0 X97.665 Y119
G0 X122.335 Y119
G0 X123.43 Y119
G0 X124 Y119
;TYPE:WALL-INNER
G1 F2700 E1344.2587
G1 F1260.7 X124 Y101 E1345.45606
G0 F12000 X123.88 Y119.12
G0 X123.6 Y119.4
G1 F1260.7 X124.4 Y119.4 E1345.50928
G1 X124.4 Y100.6 E1346.75986
G1 X123.6 Y100.6 E1346.81308
G1 X123.6 Y119.4 E1348.06366
G0 F12000 X123.2 Y119.8
;TYPE:WALL-OUTER
G1 F1260.7 X124.8 Y119.8 E1348.17009
G1 X124.8 Y100.2 E1349.47389
G1 X123.2 Y100.2 E1349.58032
G1 X123.2 Y119.8 E1350.88412
G1 F2700 E1345.88412
;MESH:NONMESH
G0 F300 Z11.8
G0 F12000 X123.48 Y119.52
G0 X123.43 Y101
G0 X122.335 Y101
G0 X97.665 Y101
G0 X96.57 Y101
G0 X96 Y101
;TIME_ELAPSED:1185.382408
;LAYER:29
;note -- min layer time used
;TYPE:WALL-INNER
;MESH:9V_battery_holder.obj
G1 F2700 E1350.88412
G1 F1260.7 X96 Y119 E1352.08148
G0 F12000 X96.4 Y119.4
G1 F1260.7 X96.4 Y100.6 E1353.33206
G1 X95.6 Y100.6 E1353.38528
G1 X95.6 Y119.4 E1354.63586
G1 X96.4 Y119.4 E1354.68908
G0 F12000 X96.8 Y119.8
;TYPE:WALL-OUTER
G1 F1260.7 X96.8 Y100.2 E1355.99287
G1 X95.2 Y100.2 E1356.09931
G1 X95.2 Y119.8 E1357.4031
G1 X96.8 Y119.8 E1357.50954
G1 F2700 E1352.50954
G0 F12000 X96.52 Y119.52
G0 X96.57 Y119
G0 X97.665 Y119
G0 X122.335 Y119
G0 X123.43 Y119
G0 X124 Y119
;TYPE:WALL-INNER
G1 F2700 E1357.50954
G1 F1260.7 X124 Y101 E1358.7069
G0 F12000 X123.88 Y119.12
G0 X123.6 Y119.4
G1 F1260.7 X124.4 Y119.4 E1358.76012
G1 X124.4 Y100.6 E1360.0107
G1 X123.6 Y100.6 E1360.06391
G1 X123.6 Y119.4 E1361.3145
G0 F12000 X123.2 Y119.8
;TYPE:WALL-OUTER
G1 F1260.7 X124.8 Y119.8 E1361.42093
G1 X124.8 Y100.2 E1362.72473
G1 X123.2 Y100.2 E1362.83116
G1 X123.2 Y119.8 E1364.13496
G1 F2700 E1359.13496
;MESH:NONMESH
G0 F300 Z12.2
G0 F12000 X123.48 Y119.52
G0 X123.43 Y101
G0 X122.335 Y101
G0 X97.665 Y101
G0 X96.57 Y101
G0 X96 Y101
;TIME_ELAPSED:1197.969568
;LAYER:30
;note -- min layer time used
;TYPE:WALL-INNER
;MESH:9V_battery_holder.obj
G1 F2700 E1364.13496
G1 F1260.7 X96 Y119 E1365.33232
G0 F12000 X96.4 Y119.4
G1 F1260.7 X96.4 Y100.6 E1366.5829
G1 X95.6 Y100.6 E1366.63612
G1 X95.6 Y119.4 E1367.8867
G1 X96.4 Y119.4 E1367.93991
G0 F12000 X96.8 Y119.8
;TYPE:WALL-OUTER
G1 F1260.7 X96.8 Y100.2 E1369.24371
G1 X95.2 Y100.2 E1369.35014
G1 X95.2 Y119.8 E1370.65394
G1 X96.8 Y119.8 E1370.76037
G1 F2700 E1365.76037
G0 F12000 X96.52 Y119.52
G0 X96.57 Y119
G0 X97.665 Y119
G0 X122.335 Y119
G0 X123.43 Y119
G0 X124 Y119
;TYPE:WALL-INNER
G1 F2700 E1370.76037
G1 F1260.7 X124 Y101 E1371.95774
G0 F12000 X123.88 Y119.12
G0 X123.6 Y119.4
G1 F1260.7 X124.4 Y119.4 E1372.01096
G1 X124.4 Y100.6 E1373.26154
G1 X123.6 Y100.6 E1373.31475
G1 X123.6 Y119.4 E1374.56533
G0 F12000 X123.2 Y119.8
;TYPE:WALL-OUTER
G1 F1260.7 X124.8 Y119.8 E1374.67177
G1 X124.8 Y100.2 E1375.97556
G1 X123.2 Y100.2 E1376.082
G1 X123.2 Y119.8 E1377.38579
G1 F2700 E1372.38579
;MESH:NONMESH
G0 F300 Z12.6
G0 F12000 X123.48 Y119.52
G0 X123.43 Y101
G0 X122.335 Y101
G0 X97.665 Y101
G0 X96.57 Y101
G0 X96 Y101
;TIME_ELAPSED:1210.556728
;LAYER:31
;note -- min layer time used
;TYPE:WALL-INNER
;MESH:9V_battery_holder.obj
G1 F2700 E1377.38579
G1 F1260.7 X96 Y119 E1378.58316
G0 F12000 X96.4 Y119.4
G1 F1260.7 X96.4 Y100.6 E1379.83374
G1 X95.6 Y100.6 E1379.88695
G1 X95.6 Y119.4 E1381.13754
G1 X96.4 Y119.4 E1381.19075
G0 F12000 X96.8 Y119.8
;TYPE:WALL-OUTER
G1 F1260.7 X96.8 Y100.2 E1382.49455
G1 X95.2 Y100.2 E1382.60098
G1 X95.2 Y119.8 E1383.90478
G1 X96.8 Y119.8 E1384.01121
G1 F2700 E1379.01121
G0 F12000 X96.52 Y119.52
G0 X96.57 Y119
G0 X97.665 Y119
G0 X122.335 Y119
G0 X123.43 Y119
G0 X124 Y119
;TYPE:WALL-INNER
G1 F2700 E1384.01121
G1 F1260.7 X124 Y101 E1385.20858
G0 F12000 X123.88 Y119.12
G0 X123.6 Y119.4
G1 F1260.7 X124.4 Y119.4 E1385.26179
G1 X124.4 Y100.6 E1386.51237
G1 X123.6 Y100.6 E1386.56559
G1 X123.6 Y119.4 E1387.81617
G0 F12000 X123.2 Y119.8
;TYPE:WALL-OUTER
G1 F1260.7 X124.8 Y119.8 E1387.9226
G1 X124.8 Y100.2 E1389.2264
G1 X123.2 Y100.2 E1389.33283
G1 X123.2 Y119.8 E1390.63663
G1 F2700 E1385.63663
;MESH:NONMESH
G0 F300 Z13
G0 F12000 X123.48 Y119.52
G0 X123.43 Y101
G0 X122.335 Y101
G0 X97.665 Y101
G0 X96.57 Y101
G0 X96 Y101
;TIME_ELAPSED:1223.143888
;LAYER:32
;note -- min layer time used
;TYPE:WALL-INNER
;MESH:9V_battery_holder.obj
G1 F2700 E1390.63663
G1 F1260.7 X96 Y119 E1391.834
G0 F12000 X96.4 Y119.4
G1 F1260.7 X96.4 Y100.6 E1393.08458
G1 X95.6 Y100.6 E1393.13779
G1 X95.6 Y119.4 E1394.38837
G1 X96.4 Y119.4 E1394.44159
G0 F12000 X96.8 Y119.8
;TYPE:WALL-OUTER
G1 F1260.7 X96.8 Y100.2 E1395.74539
G1 X95.2 Y100.2 E1395.85182
G1 X95.2 Y119.8 E1397.15562
G1 X96.8 Y119.8 E1397.26205
G1 F2700 E1392.26205
G0 F12000 X96.52 Y119.52
G0 X96.57 Y119
G0 X97.665 Y119
G0 X122.335 Y119
G0 X123.43 Y119
G0 X124 Y119
;TYPE:WALL-INNER
G1 F2700 E1397.26205
G1 F1260.7 X124 Y101 E1398.45941
G0 F12000 X123.88 Y119.12
G0 X123.6 Y119.4
G1 F1260.7 X124.4 Y119.4 E1398.51263
G1 X124.4 Y100.6 E1399.76321
G1 X123.6 Y100.6 E1399.81643
G1 X123.6 Y119.4 E1401.06701
G0 F12000 X123.2 Y119.8
;TYPE:WALL-OUTER
G1 F1260.7 X124.8 Y119.8 E1401.17344
G1 X124.8 Y100.2 E1402.47724
G1 X123.2 Y100.2 E1402.58367
G1 X123.2 Y119.8 E1403.88747
G1 F2700 E1398.88747
;MESH:NONMESH
G0 F300 Z13.4
G0 F12000 X123.48 Y119.52
G0 X123.43 Y101
G0 X122.335 Y101
G0 X97.665 Y101
G0 X96.57 Y101
G0 X96 Y101
;TIME_ELAPSED:1235.731048
;LAYER:33
;note -- min layer time used
;TYPE:WALL-INNER
;MESH:9V_battery_holder.obj
G1 F2700 E1403.88747
G1 F1260.7 X96 Y119 E1405.08483
G0 F12000 X96.4 Y119.4
G1 F1260.7 X96.4 Y100.6 E1406.33541
G1 X95.6 Y100.6 E1406.38863
G1 X95.6 Y119.4 E1407.63921
G1 X96.4 Y119.4 E1407.69243
G0 F12000 X96.8 Y119.8
;TYPE:WALL-OUTER
G1 F1260.7 X96.8 Y100.2 E1408.99623
G1 X95.2 Y100.2 E1409.10266
G1 X95.2 Y119.8 E1410.40645
G1 X96.8 Y119.8 E1410.51289
G1 F2700 E1405.51289
G0 F12000 X96.52 Y119.52
G0 X96.57 Y119
G0 X97.665 Y119
G0 X122.335 Y119
G0 X123.43 Y119
G0 X124 Y119
;TYPE:WALL-INNER
G1 F2700 E1410.51289
G1 F1260.7 X124 Y101 E1411.71025
G0 F12000 X123.88 Y119.12
G0 X123.6 Y119.4
G1 F1260.7 X124.4 Y119.4 E1411.76347
G1 X124.4 Y100.6 E1413.01405
G1 X123.6 Y100.6 E1413.06727
G1 X123.6 Y119.4 E1414.31785
G0 F12000 X123.2 Y119.8
;TYPE:WALL-OUTER
G1 F1260.7 X124.8 Y119.8 E1414.42428
G1 X124.8 Y100.2 E1415.72808
G1 X123.2 Y100.2 E1415.83451
G1 X123.2 Y119.8 E1417.13831
G1 F2700 E1412.13831
;MESH:NONMESH
G0 F300 Z13.8
G0 F12000 X123.48 Y119.52
G0 X123.43 Y101
G0 X122.335 Y101
G0 X97.665 Y101
G0 X96.57 Y101
G0 X96 Y101
;TIME_ELAPSED:1248.318208
;LAYER:34
;note -- min layer time used
;TYPE:WALL-INNER
;MESH:9V_battery_holder.obj
G1 F2700 E1417.13831
G1 F1260.7 X96 Y119 E1418.33567
G0 F12000 X96.4 Y119.4
G1 F1260.7 X96.4 Y100.6 E1419.58625
G1 X95.6 Y100.6 E1419.63947
G1 X95.6 Y119.4 E1420.89005
G1 X96.4 Y119.4 E1420.94327
G0 F12000 X96.8 Y119.8
;TYPE:WALL-OUTER
G1 F1260.7 X96.8 Y100.2 E1422.24706
G1 X95.2 Y100.2 E1422.3535
G1 X95.2 Y119.8 E1423.65729
G1 X96.8 Y119.8 E1423.76373
G1 F2700 E1418.76373
G0 F12000 X96.52 Y119.52
G0 X96.57 Y119
G0 X97.665 Y119
G0 X122.335 Y119
G0 X123.43 Y119
G0 X124 Y119
;TYPE:WALL-INNER
G1 F2700 E1423.76373
G1 F1260.7 X124 Y101 E1424.96109
G0 F12000 X123.88 Y119.12
G0 X123.6 Y119.4
G1 F1260.7 X124.4 Y119.4 E1425.01431
G1 X124.4 Y100.6 E1426.26489
G1 X123.6 Y100.6 E1426.3181
G1 X123.6 Y119.4 E1427.56868
G0 F12000 X123.2 Y119.8
;TYPE:WALL-OUTER
G1 F1260.7 X124.8 Y119.8 E1427.67512
G1 X124.8 Y100.2 E1428.97891
G1 X123.2 Y100.2 E1429.08535
G1 X123.2 Y119.8 E1430.38914
G1 F2700 E1425.38914
;MESH:NONMESH
G0 F300 Z14.2
G0 F12000 X123.48 Y119.52
G0 X123.43 Y101
G0 X122.335 Y101
G0 X97.665 Y101
G0 X96.57 Y101
G0 X96 Y101
;TIME_ELAPSED:1260.905368
;LAYER:35
;note -- min layer time used
;TYPE:WALL-INNER
;MESH:9V_battery_holder.obj
G1 F2700 E1430.38914
G1 F1260.7 X96 Y119 E1431.58651
G0 F12000 X96.4 Y119.4
G1 F1260.7 X96.4 Y100.6 E1432.83709
G1 X95.6 Y100.6 E1432.89031
G1 X95.6 Y119.4 E1434.14089
G1 X96.4 Y119.4 E1434.1941
G0 F12000 X96.8 Y119.8
;TYPE:WALL-OUTER
G1 F1260.7 X96.8 Y100.2 E1435.4979
G1 X95.2 Y100.2 E1435.60433
G1 X95.2 Y119.8 E1436.90813
G1 X96.8 Y119.8 E1437.01456
G1 F2700 E1432.01456
G0 F12000 X96.52 Y119.52
G0 X96.57 Y119
G0 X97.665 Y119
G0 X122.335 Y119
G0 X123.43 Y119
G0 X124 Y119
;TYPE:WALL-INNER
G1 F2700 E1437.01456
G1 F1260.7 X124 Y101 E1438.21193
G0 F12000 X123.88 Y119.12
G0 X123.6 Y119.4
G1 F1260.7 X124.4 Y119.4 E1438.26514
G1 X124.4 Y100.6 E1439.51573
G1 X123.6 Y100.6 E1439.56894
G1 X123.6 Y119.4 E1440.81952
G0 F12000 X123.2 Y119.8
;TYPE:WALL-OUTER
G1 F1260.7 X124.8 Y119.8 E1440.92595
G1 X124.8 Y100.2 E1442.22975
G1 X123.2 Y100.2 E1442.33618
G1 X123.2 Y119.8 E1443.63998
G1 F2700 E1438.63998
;MESH:NONMESH
G0 F300 Z14.6
G0 F12000 X123.48 Y119.52
G0 X123.43 Y101
G0 X122.335 Y101
G0 X97.665 Y101
G0 X96.57 Y101
G0 X96 Y101
;TIME_ELAPSED:1273.492528
;LAYER:36
;note -- min layer time used
;TYPE:WALL-INNER
;MESH:9V_battery_holder.obj
G1 F2700 E1443.63998
G1 F1260.7 X96 Y119 E1444.83735
G0 F12000 X96.4 Y119.4
G1 F1260.7 X96.4 Y100.6 E1446.08793
G1 X95.6 Y100.6 E1446.14114
G1 X95.6 Y119.4 E1447.39173
G1 X96.4 Y119.4 E1447.44494
G0 F12000 X96.8 Y119.8
;TYPE:WALL-OUTER
G1 F1260.7 X96.8 Y100.2 E1448.74874
G1 X95.2 Y100.2 E1448.85517
G1 X95.2 Y119.8 E1450.15897
G1 X96.8 Y119.8 E1450.2654
G1 F2700 E1445.2654
G0 F12000 X96.52 Y119.52
G0 X96.57 Y119
G0 X97.665 Y119
G0 X122.335 Y119
G0 X123.43 Y119
G0 X124 Y119
;TYPE:WALL-INNER
G1 F2700 E1450.2654
G1 F1260.7 X124 Y101 E1451.46277
G0 F12000 X123.88 Y119.12
G0 X123.6 Y119.4
G1 F1260.7 X124.4 Y119.4 E1451.51598
G1 X124.4 Y100.6 E1452.76656
G1 X123.6 Y100.6 E1452.81978
G1 X123.6 Y119.4 E1454.07036
G0 F12000 X123.2 Y119.8
;TYPE:WALL-OUTER
G1 F1260.7 X124.8 Y119.8 E1454.17679
G1 X124.8 Y100.2 E1455.48059
G1 X123.2 Y100.2 E1455.58702
G1 X123.2 Y119.8 E1456.89082
G1 F2700 E1451.89082
;MESH:NONMESH
G0 F300 Z15
G0 F12000 X123.48 Y119.52
G0 X123.43 Y101
G0 X122.335 Y101
G0 X97.665 Y101
G0 X96.57 Y101
G0 X96 Y101
;TIME_ELAPSED:1286.079688
;LAYER:37
;note -- min layer time used
;TYPE:WALL-INNER
;MESH:9V_battery_holder.obj
G1 F2700 E1456.89082
G1 F1260.7 X96 Y119 E1458.08818
G0 F12000 X96.4 Y119.4
G1 F1260.7 X96.4 Y100.6 E1459.33877
G1 X95.6 Y100.6 E1459.39198
G1 X95.6 Y119.4 E1460.64256
G1 X96.4 Y119.4 E1460.69578
G0 F12000 X96.8 Y119.8
;TYPE:WALL-OUTER
G1 F1260.7 X96.8 Y100.2 E1461.99958
G1 X95.2 Y100.2 E1462.10601
G1 X95.2 Y119.8 E1463.40981
G1 X96.8 Y119.8 E1463.51624
G1 F2700 E1458.51624
G0 F12000 X96.52 Y119.52
G0 X96.57 Y119
G0 X97.665 Y119
G0 X122.335 Y119
G0 X123.43 Y119
G0 X124 Y119
;TYPE:WALL-INNER
G1 F2700 E1463.51624
G1 F1260.7 X124 Y101 E1464.7136
G0 F12000 X123.88 Y119.12
G0 X123.6 Y119.4
G1 F1260.7 X124.4 Y119.4 E1464.76682
G1 X124.4 Y100.6 E1466.0174
G1 X123.6 Y100.6 E1466.07062
G1 X123.6 Y119.4 E1467.3212
G0 F12000 X123.2 Y119.8
;TYPE:WALL-OUTER
G1 F1260.7 X124.8 Y119.8 E1467.42763
G1 X124.8 Y100.2 E1468.73143
G1 X123.2 Y100.2 E1468.83786
G1 X123.2 Y119.8 E1470.14166
G1 F2700 E1465.14166
;MESH:NONMESH
G0 F300 Z15.4
G0 F12000 X123.48 Y119.52
G0 X123.43 Y101
G0 X122.335 Y101
G0 X97.665 Y101
G0 X96.57 Y101
G0 X96 Y101
;TIME_ELAPSED:1298.666847
;LAYER:38
;note -- min layer time used
;TYPE:WALL-INNER
;MESH:9V_battery_holder.obj
G1 F2700 E1470.14166
G1 F1260.7 X96 Y119 E1471.33902
G0 F12000 X96.4 Y119.4
G1 F1260.7 X96.4 Y100.6 E1472.5896
G1 X95.6 Y100.6 E1472.64282
G1 X95.6 Y119.4 E1473.8934
G1 X96.4 Y119.4 E1473.94662
G0 F12000 X96.8 Y119.8
;TYPE:WALL-OUTER
G1 F1260.7 X96.8 Y100.2 E1475.25041
G1 X95.2 Y100.2 E1475.35685
G1 X95.2 Y119.8 E1476.66064
G1 X96.8 Y119.8 E1476.76708
G1 F2700 E1471.76708
G0 F12000 X96.52 Y119.52
G0 X96.57 Y119
G0 X97.665 Y119
G0 X122.335 Y119
G0 X123.43 Y119
G0 X124 Y119
;TYPE:WALL-INNER
G1 F2700 E1476.76708
G1 F1260.7 X124 Y101 E1477.96444
G0 F12000 X123.88 Y119.12
G0 X123.6 Y119.4
G1 F1260.7 X124.4 Y119.4 E1478.01766
G1 X124.4 Y100.6 E1479.26824
G1 X123.6 Y100.6 E1479.32145
G1 X123.6 Y119.4 E1480.57204
G0 F12000 X123.2 Y119.8
;TYPE:WALL-OUTER
G1 F1260.7 X124.8 Y119.8 E1480.67847
G1 X124.8 Y100.2 E1481.98227
G1 X123.2 Y100.2 E1482.0887
G1 X123.2 Y119.8 E1483.3925
G1 F2700 E1478.3925
;MESH:NONMESH
G0 F300 Z15.8
G0 F12000 X123.48 Y119.52
G0 X123.43 Y101
G0 X122.335 Y101
G0 X97.665 Y101
G0 X96.57 Y101
G0 X96 Y101
;TIME_ELAPSED:1311.254007
;LAYER:39
;note -- min layer time used
;TYPE:WALL-INNER
;MESH:9V_battery_holder.obj
G1 F2700 E1483.3925
G1 F1260.7 X96 Y119 E1484.58986
G0 F12000 X96.4 Y119.4
G1 F1260.7 X96.4 Y100.6 E1485.84044
G1 X95.6 Y100.6 E1485.89366
G1 X95.6 Y119.4 E1487.14424
G1 X96.4 Y119.4 E1487.19745
G0 F12000 X96.8 Y119.8
;TYPE:WALL-OUTER
G1 F1260.7 X96.8 Y100.2 E1488.50125
G1 X95.2 Y100.2 E1488.60768
G1 X95.2 Y119.8 E1489.91148
G1 X96.8 Y119.8 E1490.01791
G1 F2700 E1485.01791
G0 F12000 X96.52 Y119.52
G0 X96.57 Y119
G0 X97.665 Y119
G0 X122.335 Y119
G0 X123.43 Y119
G0 X124 Y119
;TYPE:WALL-INNER
G1 F2700 E1490.01791
G1 F1260.7 X124 Y101 E1491.21528
G0 F12000 X123.88 Y119.12
G0 X123.6 Y119.4
G1 F1260.7 X124.4 Y119.4 E1491.2685
G1 X124.4 Y100.6 E1492.51908
G1 X123.6 Y100.6 E1492.57229
G1 X123.6 Y119.4 E1493.82287
G0 F12000 X123.2 Y119.8
;TYPE:WALL-OUTER
G1 F1260.7 X124.8 Y119.8 E1493.92931
G1 X124.8 Y100.2 E1495.2331
G1 X123.2 Y100.2 E1495.33954
G1 X123.2 Y119.8 E1496.64333
G1 F2700 E1491.64333
;MESH:NONMESH
G0 F300 Z16.2
G0 F12000 X123.48 Y119.52
G0 X123.43 Y101
G0 X122.335 Y101
G0 X97.665 Y101
G0 X96.57 Y101
G0 X96 Y101
;TIME_ELAPSED:1323.841167
;LAYER:40
;note -- min layer time used
;TYPE:WALL-INNER
;MESH:9V_battery_holder.obj
G1 F2700 E1496.64333
G1 F1260.7 X96 Y119 E1497.8407
G0 F12000 X96.4 Y119.4
G1 F1260.7 X96.4 Y100.6 E1499.09128
G1 X95.6 Y100.6 E1499.1445
G1 X95.6 Y119.4 E1500.39508
G1 X96.4 Y119.4 E1500.44829
G0 F12000 X96.8 Y119.8
;TYPE:WALL-OUTER
G1 F1260.7 X96.8 Y100.2 E1501.75209
G1 X95.2 Y100.2 E1501.85852
G1 X95.2 Y119.8 E1503.16232
G1 X96.8 Y119.8 E1503.26875
G1 F2700 E1498.26875
G0 F12000 X96.52 Y119.52
G0 X96.57 Y119
G0 X97.665 Y119
G0 X122.335 Y119
G0 X123.43 Y119
G0 X124 Y119
;TYPE:WALL-INNER
G1 F2700 E1503.26875
G1 F1260.7 X124 Y101 E1504.46612
G0 F12000 X123.88 Y119.12
G0 X123.6 Y119.4
G1 F1260.7 X124.4 Y119.4 E1504.51933
G1 X124.4 Y100.6 E1505.76991
G1 X123.6 Y100.6 E1505.82313
G1 X123.6 Y119.4 E1507.07371
G0 F12000 X123.2 Y119.8
;TYPE:WALL-OUTER
G1 F1260.7 X124.8 Y119.8 E1507.18014
G1 X124.8 Y100.2 E1508.48394
G1 X123.2 Y100.2 E1508.59037
G1 X123.2 Y119.8 E1509.89417
G1 F2700 E1504.89417
;MESH:NONMESH
G0 F300 Z16.6
G0 F12000 X123.48 Y119.52
G0 X123.43 Y101
G0 X122.335 Y101
G0 X97.665 Y101
G0 X96.57 Y101
G0 X96 Y101
;TIME_ELAPSED:1336.428327
;LAYER:41
;note -- min layer time used
;TYPE:WALL-INNER
;MESH:9V_battery_holder.obj
G1 F2700 E1509.89417
G1 F1260.7 X96 Y119 E1511.09154
G0 F12000 X96.4 Y119.4
G1 F1260.7 X96.4 Y100.6 E1512.34212
G1 X95.6 Y100.6 E1512.39533
G1 X95.6 Y119.4 E1513.64591
G1 X96.4 Y119.4 E1513.69913
G0 F12000 X96.8 Y119.8
;TYPE:WALL-OUTER
G1 F1260.7 X96.8 Y100.2 E1515.00293
G1 X95.2 Y100.2 E1515.10936
G1 X95.2 Y119.8 E1516.41316
G1 X96.8 Y119.8 E1516.51959
G1 F2700 E1511.51959
G0 F12000 X96.52 Y119.52
G0 X96.57 Y119
G0 X97.665 Y119
G0 X122.335 Y119
G0 X123.43 Y119
G0 X124 Y119
;TYPE:WALL-INNER
G1 F2700 E1516.51959
G1 F1260.7 X124 Y101 E1517.71695
G0 F12000 X123.88 Y119.12
G0 X123.6 Y119.4
G1 F1260.7 X124.4 Y119.4 E1517.77017
G1 X124.4 Y100.6 E1519.02075
G1 X123.6 Y100.6 E1519.07397
G1 X123.6 Y119.4 E1520.32455
G0 F12000 X123.2 Y119.8
;TYPE:WALL-OUTER
G1 F1260.7 X124.8 Y119.8 E1520.43098
G1 X124.8 Y100.2 E1521.73478
G1 X123.2 Y100.2 E1521.84121
G1 X123.2 Y119.8 E1523.14501
G1 F2700 E1518.14501
;MESH:NONMESH
G0 F300 Z17
G0 F12000 X123.48 Y119.52
G0 X123.43 Y101
G0 X122.335 Y101
G0 X97.665 Y101
G0 X96.57 Y101
G0 X96 Y101
;TIME_ELAPSED:1349.015487
;LAYER:42
;note -- min layer time used
;TYPE:WALL-INNER
;MESH:9V_battery_holder.obj
G1 F2700 E1523.14501
G1 F1260.7 X96 Y119 E1524.34237
G0 F12000 X96.4 Y119.4
G1 F1260.7 X96.4 Y100.6 E1525.59295
G1 X95.6 Y100.6 E1525.64617
G1 X95.6 Y119.4 E1526.89675
G1 X96.4 Y119.4 E1526.94997
G0 F12000 X96.8 Y119.8
;TYPE:WALL-OUTER
G1 F1260.7 X96.8 Y100.2 E1528.25377
G1 X95.2 Y100.2 E1528.3602
G1 X95.2 Y119.8 E1529.664
G1 X96.8 Y119.8 E1529.77043
G1 F2700 E1524.77043
G0 F12000 X96.52 Y119.52
G0 X96.57 Y119
G0 X97.665 Y119
G0 X122.335 Y119
G0 X123.43 Y119
G0 X124 Y119
;TYPE:WALL-INNER
G1 F2700 E1529.77043
G1 F1260.7 X124 Y101 E1530.96779
G0 F12000 X123.88 Y119.12
G0 X123.6 Y119.4
G1 F1260.7 X124.4 Y119.4 E1531.02101
G1 X124.4 Y100.6 E1532.27159
G1 X123.6 Y100.6 E1532.32481
G1 X123.6 Y119.4 E1533.57539
G0 F12000 X123.2 Y119.8
;TYPE:WALL-OUTER
G1 F1260.7 X124.8 Y119.8 E1533.68182
G1 X124.8 Y100.2 E1534.98562
G1 X123.2 Y100.2 E1535.09205
G1 X123.2 Y119.8 E1536.39585
G1 F2700 E1531.39585
;MESH:NONMESH
G0 F300 Z17.4
G0 F12000 X123.48 Y119.52
G0 X123.43 Y101.014
G0 X122.335 Y101.014
G0 X97.665 Y101.014
G0 X96.57 Y101.014
G0 X96.014 Y101.014
;TIME_ELAPSED:1361.602383
;LAYER:43
;note -- min layer time used
;TYPE:WALL-INNER
;MESH:9V_battery_holder.obj
G1 F2700 E1536.39585
G1 F1183.4 X96.014 Y118.986 E1537.67503
G0 F12000 X96.428 Y119.4
G1 F1266.3 X96.428 Y100.6 E1538.92561
G1 X95.6 Y100.6 E1538.98069
G1 X95.6 Y119.4 E1540.23127
G1 X96.428 Y119.4 E1540.28635
G0 F12000 X96.828 Y119.8
;TYPE:WALL-OUTER
G1 F1266.3 X96.828 Y100.2 E1541.59015
G1 X95.2 Y100.2 E1541.69845
G1 X95.2 Y119.8 E1543.00224
G1 X96.828 Y119.8 E1543.11054
G0 F12000 X96.21 Y118.908
G1 F2700 E1538.11054
G0 F12000 X96.118 Y118.908
G0 X96.598 Y118.9
G0 X97.693 Y118.9
G0 X122.135 Y118.9
G0 X123.21 Y118.899
G0 X123.9 Y118.9
;TYPE:WALL-INNER
G1 F2700 E1543.11054
G1 F841.4 X123.898 Y101.102 E1544.89235
G0 F12000 X123.68 Y119.12
G0 X123.4 Y119.4
G1 F1266.3 X124.4 Y119.4 E1544.95887
G1 X124.4 Y100.6 E1546.20945
G1 X123.396 Y100.6 E1546.27624
G1 X123.4 Y119.4 E1547.52682
G0 F12000 X123 Y119.8
;TYPE:WALL-OUTER
G1 F1266.3 X124.8 Y119.8 E1547.64655
G1 X124.8 Y100.2 E1548.95035
G1 X122.996 Y100.2 E1549.07035
G1 X123 Y119.8 E1550.37415
G0 F12000 X123.892 Y118.79
G1 F2700 E1545.37415
;MESH:NONMESH
G0 F300 Z17.8
G0 F12000 X123.21 Y118.992
G0 X122.135 Y118.993
G0 X97.693 Y118.992
G0 X96.598 Y118.992
G0 X96.118 Y118.993
G0 X96.421 Y118.993
;TIME_ELAPSED:1374.425735
;LAYER:44
;note -- min layer time used
;TYPE:WALL-INNER
;MESH:9V_battery_holder.obj
G1 F2700 E1550.37415
G1 F1456.3 X96.421 Y101.007 E1551.61246
G1 X96.007 Y101.007 E1551.64096
G1 X96.007 Y118.993 E1552.87927
G1 X96.421 Y118.993 E1552.90778
G0 F12000 X96.828 Y119.4
G1 F1507.3 X96.828 Y100.6 E1554.15836
G1 X95.6 Y100.6 E1554.24004
G1 X95.6 Y119.4 E1555.49063
G1 X96.828 Y119.4 E1555.57231
G0 F12000 X97.228 Y119.8
;TYPE:WALL-OUTER
G1 F1507.3 X97.228 Y100.2 E1556.87611
G1 X95.2 Y100.2 E1557.01101
G1 X95.2 Y119.8 E1558.31481
G1 X97.228 Y119.8 E1558.44971
G0 F12000 X96.218 Y118.908
G1 F2700 E1553.44971
G0 F12000 X96.998 Y118.95
G0 X98.093 Y118.95
G0 X121.735 Y118.95
G0 X122.81 Y118.949
G0 X123.45 Y118.95
;TYPE:WALL-INNER
G1 F2700 E1558.44971
G1 F1205.8 X123.95 Y118.95 E1558.49129
G1 F1203.4 X123.949 Y101.051 E1559.98257
G1 F1201 X123.447 Y101.051 E1560.02448
G1 F1203.4 X123.45 Y118.95 E1561.51577
G0 F12000 X123 Y119.4
G1 F1507.3 X124.4 Y119.4 E1561.60889
G1 X124.4 Y100.6 E1562.85947
G1 X122.996 Y100.6 E1562.95287
G1 X123 Y119.4 E1564.20345
G0 F12000 X122.6 Y119.8
;TYPE:WALL-OUTER
G1 F1507.3 X124.8 Y119.8 E1564.3498
G1 X124.8 Y100.2 E1565.65359
G1 X122.596 Y100.2 E1565.8002
G1 X122.6 Y119.8 E1567.104
G0 F12000 X123.492 Y118.79
G1 F2700 E1562.104
;MESH:NONMESH
G0 F300 Z18.2
G0 F12000 X122.81 Y101.411
G0 X121.735 Y101.412
G0 X98.093 Y101.411
G0 X96.998 Y101.411
G0 X96.412 Y101.412
;TIME_ELAPSED:1387.504796
;LAYER:45
;note -- min layer time used
;TYPE:WALL-INNER
;MESH:9V_battery_holder.obj
G1 F2700 E1567.104
G1 F1668.8 X96.412 Y118.588 E1568.31511
G0 F12000 X96.824 Y119
G1 F1769 X96.824 Y101 E1569.51247
G1 X96 Y101 E1569.56728
G1 X96 Y119 E1570.76465
G1 X96.824 Y119 E1570.81946
G0 F12000 X97.224 Y119.4
G1 F1769 X97.224 Y100.6 E1572.07004
G1 X95.6 Y100.6 E1572.17807
G1 X95.6 Y119.4 E1573.42865
G1 X97.224 Y119.4 E1573.53668
G0 F12000 X97.624 Y119.8
;TYPE:WALL-OUTER
G1 F1769 X97.624 Y100.2 E1574.84048
G1 X95.2 Y100.2 E1575.00172
G1 X95.2 Y119.8 E1576.30552
G1 X97.624 Y119.8 E1576.46677
G0 F12000 X96.617 Y118.908
G1 F2700 E1571.46677
G0 F12000 X97.397 Y118.588
G0 X98.492 Y118.588
G0 X121.336 Y118.588
G0 X122.431 Y118.588
G0 X123.412 Y118.588
;TYPE:WALL-INNER
G1 F2700 E1576.46677
G1 F1668.8 X123.412 Y101.412 E1577.67787
G0 F12000 X123 Y119
G1 F1769 X123.824 Y119 E1577.73268
G1 X123.824 Y101 E1578.93005
G1 X123 Y101 E1578.98486
G1 X123 Y119 E1580.18223
G0 F12000 X122.6 Y119.4
G1 F1769 X124.224 Y119.4 E1580.29025
G1 X124.224 Y100.6 E1581.54084
G1 X122.6 Y100.6 E1581.64886
G1 X122.6 Y119.4 E1582.89945
G0 F12000 X122.2 Y119.8
;TYPE:WALL-OUTER
G1 F1769 X124.624 Y119.8 E1583.06069
G1 X124.624 Y100.2 E1584.36449
G1 X122.2 Y100.2 E1584.52573
G1 X122.2 Y119.8 E1585.82953
G0 F12000 X123.093 Y118.79
;TIME_ELAPSED:1399.735578
G1 F2700 E1580.82953
M140 S0
M107
G91 ;Relative positioning
G1 E-2 F2700 ;Retract a bit
G1 E-2 Z0.2 F2400 ;Retract and raise Z
G1 X5 Y5 F3000 ;Wipe out
G1 Z10 ;Raise Z more
G90 ;Absolute positioning

G28 X0 Y0 ;Present print
M106 S0 ;Turn-off fan
M104 S0 ;Turn-off hotend
M140 S0 ;Turn-off bed

M84 X Y E ;Disable all steppers but Z

M82 ;absolute extrusion mode
M104 S0
;End of Gcode
;SETTING_3 {"global_quality": "[general]\\nversion = 4\\nname = PLA - no adhesio
;SETTING_3 n\\ndefinition = creality_ender5\\n\\n[metadata]\\ntype = quality_cha
;SETTING_3 nges\\nquality_type = standard\\nsetting_version = 26\\n\\n[values]\\
;SETTING_3 nadhesion_type = none\\nlayer_height = 0.4\\nmaterial_bed_temperature
;SETTING_3  = 55\\nmaterial_bed_temperature_layer_0 = 65\\nsupport_enable = True
;SETTING_3 \\nsupport_type = buildplate\\n\\n", "extruder_quality": ["[general]\
;SETTING_3 \nversion = 4\\nname = PLA - no adhesion\\ndefinition = creality_ende
;SETTING_3 r5\\n\\n[metadata]\\ntype = quality_changes\\nquality_type = standard
;SETTING_3 \\nintent_category = default\\nposition = 0\\nsetting_version = 26\\n
;SETTING_3 \\n[values]\\nmaterial_print_temperature_layer_0 = 205.0\\nspeed_laye
;SETTING_3 r_0 = 10\\nsupport_angle = 80\\n\\n"]}
