;FLAVOR:Marlin
;TIME:1361
;Filament used: 1.53244m
;Layer height: 0.4
;MINX:94.347
;MINY:89.199
;MINZ:0.2
;MAXX:125.653
;MAXY:122.8
;MAXZ:25
;TARGET_MACHINE.NAME:Creality Ender-5
;Generated with Cura_SteamEngine 5.13.0
M140 S65
M105
M190 S65
M104 S205
M105
M109 S205
M201 X500.00 Y500.00 Z100.00 E5000.00 ;Setup machine max acceleration
M203 X500.00 Y500.00 Z10.00 E50.00 ;Setup machine max feedrate
M204 P500.00 R1000.00 T500.00 ;Setup Print/Retract/Travel acceleration
M205 X8.00 Y8.00 Z0.40 E5.00 ;Setup Jerk
M220 S100 ;Reset Feedrate
M221 S100 ;Reset Flowrate

G28 ;Home

G92 E0 ;Reset Extruder
G1 Z2.0 F3000 ;Move Z Axis up
G1 X10.1 Y20 Z0.28 F5000.0 ;Move to start position
G1 X10.1 Y200.0 Z0.28 F1500.0 E15 ;Draw the first line
G1 X10.4 Y200.0 Z0.28 F5000.0 ;Move to side a little
G1 X10.4 Y20 Z0.28 F1500.0 E30 ;Draw the second line
G92 E0 ;Reset Extruder
G1 Z2.0 F3000 ;Move Z Axis up

M82 ;absolute extrusion mode
G92 E0
G92 E0
G1 F2700 E-5
;LAYER_COUNT:63
;LAYER:0
M107
G0 F6000 X98 Y93.2 Z0.2
;TYPE:SKIRT
G1 F2700 E0
G1 F600 X106 Y93.2 E0.26608
G1 X106 Y118.8 E1.11754
G1 X98 Y118.801 E1.38362
G1 X98 Y93.2 E2.23511
G0 F6000 X98.4 Y93.6
G1 F600 X105.6 Y93.6 E2.47459
G1 X105.6 Y118.4 E3.29944
G1 X98.4 Y118.401 E3.53891
G1 X98.4 Y93.6 E4.3638
G0 F6000 X98.8 Y94
G1 F600 X105.2 Y94 E4.57666
G1 X105.2 Y118 E5.3749
G1 X98.8 Y118.001 E5.58777
G1 X98.8 Y94 E6.38605
G0 F6000 X99.2 Y94.4
G1 F600 X104.8 Y94.4 E6.5723
G1 X104.8 Y117.6 E7.34394
G1 X99.2 Y117.601 E7.53019
G1 X99.2 Y94.4 E8.30186
G0 F6000 X99.6 Y94.8
G1 F600 X104.4 Y94.8 E8.46151
G1 X104.4 Y117.2 E9.20654
G1 X99.6 Y117.201 E9.36619
G1 X99.6 Y94.8 E10.11125
G0 F6000 X100 Y95.2
G1 F600 X104 Y95.2 E10.24429
G1 X104 Y116.8 E10.96271
G1 X100 Y116.801 E11.09575
G1 X100 Y95.2 E11.8142
G0 F6000 X100.4 Y95.6
G1 F600 X103.6 Y95.6 E11.92063
G1 X103.6 Y116.4 E12.61244
G1 X100.4 Y116.401 E12.71888
G1 X100.4 Y95.6 E13.41072
G0 F6000 X100.8 Y96
G1 F600 X103.2 Y96 E13.49054
G1 X103.2 Y116 E14.15575
G1 X100.8 Y116.001 E14.23557
G1 X100.8 Y96 E14.90081
G0 F6000 X101.2 Y96.4
G1 F600 X102.8 Y96.4 E14.95402
G1 X102.8 Y115.6 E15.59262
G1 X101.2 Y115.601 E15.64583
G1 X101.2 Y96.4 E16.28446
G0 F6000 X101.6 Y96.8
G1 F600 X102.4 Y96.8 E16.31107
G1 X102.4 Y115.2 E16.92306
G1 X101.6 Y115.201 E16.94966
G1 X101.6 Y96.8 E17.56168
G1 F2700 E12.56168
G0 F6000 X101.135 Y96.8
G0 X101.135 Y114.798
G0 X102 Y114.798
;TYPE:SUPPORT
G1 F2700 E17.56168
G1 F600 X102 Y97.2 E18.147
G1 F2700 E13.147
;MESH:motor_cover.stl
G0 F6000 X101.135 Y97.2
G0 X97.665 Y97.2
G0 X96.57 Y97.2
G0 X96 Y95
;TYPE:WALL-INNER
G1 F2700 E18.147
G1 F600 X96 Y117 E18.87872
G0 F6000 X96.4 Y117.4
G1 F600 X96.4 Y94.6 E19.63705
G1 X95.6 Y94.6 E19.66366
G1 X95.6 Y117.4 E20.42199
G1 X96.4 Y117.4 E20.4486
G0 F6000 X96.8 Y117.8
;TYPE:WALL-OUTER
G1 F600 X96.8 Y94.2 E21.23354
G1 X95.2 Y94.2 E21.28675
G1 X95.2 Y117.8 E22.07169
G1 X96.8 Y117.8 E22.12491
G1 F2700 E17.12491
G0 F6000 X96.52 Y117.52
G0 X96.57 Y116.6
G0 X97.665 Y116.6
G0 X106.335 Y116.6
G0 X107.43 Y116.6
G0 X110 Y116.6
;TYPE:WALL-INNER
G1 F2700 E22.12491
G1 F600 X123.6 Y116.6 E22.57725
G1 X123.6 Y95.4 E23.28236
G1 X108.4 Y95.4 E23.78791
G1 X108.4 Y116.6 E24.49303
G1 X110 Y116.6 E24.54625
G0 F6000 X110 Y117
G1 F600 X124 Y117 E25.01189
G1 X124 Y95 E25.74361
G1 X108 Y95 E26.27577
G1 X108 Y117 E27.0075
G1 X110 Y117 E27.07402
G0 F6000 X110 Y117.4
G1 F600 X124.4 Y117.4 E27.55296
G1 X124.4 Y94.6 E28.31129
G1 X107.6 Y94.6 E28.87006
G1 X107.6 Y117.4 E29.62839
G1 X110 Y117.4 E29.70822
G0 F6000 X110 Y117.8
;TYPE:WALL-OUTER
G1 F600 X124.8 Y117.8 E30.20047
G1 X124.8 Y94.2 E30.98541
G1 X107.2 Y94.2 E31.57079
G1 X107.2 Y117.8 E32.35573
G1 X110 Y117.8 E32.44885
G0 F6000 X110 Y117.09
G0 X110 Y116.5
G0 X110 Y116.24
;TYPE:SKIN
G1 F600 X108.76 Y116.24 E32.4901
G1 X108.76 Y95.76 E33.17126
G1 X123.24 Y95.76 E33.65287
G1 X123.24 Y116.24 E34.33404
G1 X110 Y116.24 E34.7744
G0 F6000 X110 Y116.5
G0 X108.572 Y116.428
G0 X108.5 Y115.748
G0 X108.959 Y115.748
G1 F600 X109.252 Y116.04 E34.78816
G0 F6000 X109.817 Y116.04
G1 F600 X108.959 Y115.182 E34.82852
G0 F6000 X108.959 Y114.616
G1 F600 X110.383 Y116.04 E34.8955
G0 F6000 X110.949 Y116.04
G1 F600 X108.959 Y114.051 E34.98908
G0 F6000 X108.959 Y113.485
G1 F600 X111.514 Y116.04 E35.10926
G0 F6000 X112.08 Y116.04
G1 F600 X108.959 Y112.919 E35.25606
G0 F6000 X108.959 Y112.354
G1 F600 X112.646 Y116.04 E35.42946
G0 F6000 X113.211 Y116.04
G1 F600 X108.959 Y111.788 E35.62946
G0 F6000 X108.959 Y111.222
G1 F600 X113.777 Y116.04 E35.85609
G0 F6000 X114.343 Y116.04
G1 F600 X108.959 Y110.657 E36.10931
G0 F6000 X108.959 Y110.091
G1 F600 X114.908 Y116.04 E36.38913
G0 F6000 X115.474 Y116.04
G1 F600 X108.959 Y109.525 E36.69558
G0 F6000 X108.959 Y108.959
G1 F600 X116.04 Y116.04 E37.02865
G0 F6000 X116.605 Y116.04
G1 F600 X108.959 Y108.394 E37.38829
G0 F6000 X108.959 Y107.828
G1 F600 X117.171 Y116.04 E37.77456
G0 F6000 X117.737 Y116.04
G1 F600 X108.959 Y107.262 E38.18745
G0 F6000 X108.959 Y106.697
G1 F600 X118.303 Y116.04 E38.62694
G0 F6000 X118.868 Y116.04
G1 F600 X108.959 Y106.131 E39.09303
G0 F6000 X108.959 Y105.565
G1 F600 X119.434 Y116.04 E39.58574
G0 F6000 X120 Y116.04
G1 F600 X108.959 Y105 E40.10505
G0 F6000 X108.959 Y104.434
G1 F600 X120.565 Y116.04 E40.65096
G0 F6000 X121.131 Y116.04
G1 F600 X108.959 Y103.868 E41.2235
G0 F6000 X108.959 Y103.303
G1 F600 X121.697 Y116.04 E41.82263
G0 F6000 X122.262 Y116.04
G1 F600 X108.959 Y102.737 E42.44836
G0 F6000 X108.959 Y102.171
G1 F600 X122.828 Y116.04 E43.10072
G0 F6000 X123.04 Y115.686
G1 F600 X108.959 Y101.606 E43.76302
G0 F6000 X108.959 Y101.04
G1 F600 X123.04 Y115.121 E44.42535
G0 F6000 X123.04 Y114.555
G1 F600 X108.959 Y100.474 E45.08767
G0 F6000 X108.959 Y99.909
G1 F600 X123.04 Y113.989 E45.74998
G0 F6000 X123.04 Y113.423
G1 F600 X108.959 Y99.343 E46.41228
G0 F6000 X108.959 Y98.777
G1 F600 X123.04 Y112.858 E47.07461
G0 F6000 X123.04 Y112.292
G1 F600 X108.959 Y98.211 E47.73693
G0 F6000 X108.959 Y97.646
G1 F600 X123.04 Y111.726 E48.39924
G0 F6000 X123.04 Y111.161
G1 F600 X108.959 Y97.08 E49.06157
G0 F6000 X108.959 Y96.514
G1 F600 X123.04 Y110.595 E49.72389
G0 F6000 X123.04 Y110.029
G1 F600 X108.971 Y95.96 E50.38566
G0 F6000 X109.536 Y95.96
G1 F600 X123.04 Y109.464 E51.02084
G0 F6000 X123.04 Y108.898
G1 F600 X110.102 Y95.96 E51.62941
G0 F6000 X110.668 Y95.96
G1 F600 X123.04 Y108.332 E52.21135
G0 F6000 X123.04 Y107.767
G1 F600 X111.234 Y95.96 E52.76669
G0 F6000 X111.799 Y95.96
G1 F600 X123.04 Y107.201 E53.29543
G0 F6000 X123.04 Y106.635
G1 F600 X112.365 Y95.96 E53.79755
G0 F6000 X112.931 Y95.96
M104 S240
G1 F600 X123.04 Y106.07 E54.27307
G0 F6000 X123.04 Y105.504
G1 F600 X113.496 Y95.96 E54.72199
G0 F6000 X114.062 Y95.96
G1 F600 X123.04 Y104.938 E55.14429
G0 F6000 X123.04 Y104.372
G1 F600 X114.628 Y95.96 E55.53996
G0 F6000 X115.193 Y95.96
G1 F600 X123.04 Y103.807 E55.90906
G0 F6000 X123.04 Y103.241
G1 F600 X115.759 Y95.96 E56.25154
G0 F6000 X116.325 Y95.96
G1 F600 X123.04 Y102.675 E56.56739
G0 F6000 X123.04 Y102.11
G1 F600 X116.89 Y95.96 E56.85667
G0 F6000 X117.456 Y95.96
G1 F600 X123.04 Y101.544 E57.11932
G0 F6000 X123.04 Y100.978
G1 F600 X118.022 Y95.96 E57.35535
G0 F6000 X118.587 Y95.96
G1 F600 X123.04 Y100.413 E57.56481
G0 F6000 X123.04 Y99.847
G1 F600 X119.153 Y95.96 E57.74764
G0 F6000 X119.719 Y95.96
G1 F600 X123.04 Y99.281 E57.90385
G0 F6000 X123.04 Y98.716
G1 F600 X120.285 Y95.96 E58.03346
G0 F6000 X120.85 Y95.96
G1 F600 X123.04 Y98.15 E58.13647
G0 F6000 X123.04 Y97.584
G1 F600 X121.416 Y95.96 E58.21286
G0 F6000 X121.982 Y95.96
G1 F600 X123.04 Y97.019 E58.26265
G0 F6000 X123.04 Y96.453
G1 F600 X122.547 Y95.96 E58.28584
G0 F6000 X122.547 Y95.21
G1 F2700 E53.28584
;MESH:NONMESH
G0 F300 Z0.6
G0 F6000 X107.424 Y94.424
G0 X106.335 Y94.424
G0 X100 Y93.2
;TIME_ELAPSED:187.394231
;LAYER:1
M140 S55
M106 S42.5
;TYPE:SUPPORT
G1 F2700 E58.28584
G1 F1500 X98 Y93.2 E58.41888
G1 X98 Y118.801 E60.12186
G1 X100 Y118.801 E60.2549
G1 X100 Y93.2 E61.95789
G1 X102 Y93.2 E62.09093
G1 X102 Y118.801 E63.79392
G1 X104 Y118.801 E63.92696
G1 X104 Y93.2 E65.62994
G1 X106 Y93.2 E65.76298
G1 X106 Y118.8 E67.4659
G1 F2700 E62.4659
;MESH:motor_cover.stl
G0 F9000 X106.001 Y119.665
G0 X97.147 Y119.654
G0 X96.576 Y118.665
G0 X96.576 Y117.576
G0 X96 Y117
;TYPE:WALL-INNER
G1 F2700 E67.4659
G1 F1500 X96 Y95 E68.92935
G0 F9000 X96.12 Y117.12
G0 X96.4 Y117.4
G1 F1500 X96.4 Y94.6 E70.44601
G1 X95.6 Y94.6 E70.49923
G1 X95.6 Y117.4 E72.01589
G1 X96.4 Y117.4 E72.0691
G0 F9000 X96.8 Y117.8
;TYPE:WALL-OUTER
G1 F1500 X96.8 Y94.2 E73.63898
G1 X95.2 Y94.2 E73.74541
G1 X95.2 Y117.8 E75.31529
G1 X96.8 Y117.8 E75.42173
G1 F2700 E70.42173
G0 F9000 X96.52 Y117.52
G0 X96.59 Y118.665
G0 X97.147 Y119.654
G0 X106.853 Y119.653
G0 X107.41 Y118.665
G0 X107.438 Y117.562
G0 X110 Y116.6
;TYPE:WALL-INNER
G1 F2700 E75.42173
G1 F1500 X123.6 Y116.6 E76.3264
G1 X123.6 Y95.4 E77.73663
G1 X108.4 Y95.4 E78.74774
G1 X108.4 Y116.6 E80.15797
G1 X110 Y116.6 E80.2644
G0 F9000 X110 Y117
G1 F1500 X124 Y117 E81.19568
G1 X124 Y95 E82.65913
G1 X108 Y95 E83.72345
G1 X108 Y117 E85.1869
G1 X110 Y117 E85.31994
G0 F9000 X110 Y117.4
G1 F1500 X124.4 Y117.4 E86.27783
G1 X124.4 Y94.6 E87.7945
G1 X107.6 Y94.6 E88.91204
G1 X107.6 Y117.4 E90.4287
G1 X110 Y117.4 E90.58835
G0 F9000 X110 Y117.8
;TYPE:WALL-OUTER
G1 F1500 X124.8 Y117.8 E91.57285
G1 X124.8 Y94.2 E93.14273
G1 X107.2 Y94.2 E94.31348
G1 X107.2 Y117.8 E95.88336
G1 X110 Y117.8 E96.06962
G0 F9000 X110 Y117.09
G0 X110 Y116.5
G0 X110 Y116.24
;TYPE:SKIN
G1 F1500 X108.76 Y116.24 E96.1521
G1 X108.76 Y95.76 E97.51444
G1 X123.24 Y95.76 E98.47765
G1 X123.24 Y116.24 E99.83999
G1 X110 Y116.24 E100.72071
G0 F9000 X110 Y116.5
G0 X123.428 Y116.428
G0 X123.5 Y115.68
G0 X123.039 Y115.68
G1 F1500 X122.679 Y116.04 E100.75458
G0 F9000 X122.114 Y116.04
G1 F1500 X123.039 Y115.114 E100.84165
G0 F9000 X123.039 Y114.548
G1 F1500 X121.548 Y116.04 E100.98196
G0 F9000 X120.982 Y116.04
G1 F1500 X123.039 Y113.983 E101.17547
G0 F9000 X123.039 Y113.417
G1 F1500 X120.417 Y116.04 E101.42218
G0 F9000 X119.851 Y116.04
G1 F1500 X123.039 Y112.851 E101.72213
G0 F9000 X123.039 Y112.286
G1 F1500 X119.285 Y116.04 E102.07528
G0 F9000 X118.72 Y116.04
G1 F1500 X123.039 Y111.72 E102.48164
G0 F9000 X123.039 Y111.154
G1 F1500 X118.154 Y116.04 E102.94123
G0 F9000 X117.588 Y116.04
G1 F1500 X123.039 Y110.589 E103.45403
G0 F9000 X123.039 Y110.023
G1 F1500 X117.023 Y116.04 E104.02003
G0 F9000 X116.457 Y116.04
G1 F1500 X123.039 Y109.457 E104.63927
G0 F9000 X123.039 Y108.892
G1 F1500 X115.891 Y116.04 E105.31171
G0 F9000 X115.326 Y116.04
G1 F1500 X123.039 Y108.326 E106.03735
G0 F9000 X123.039 Y107.76
G1 F1500 X114.76 Y116.04 E106.81623
G0 F9000 X114.194 Y116.04
G1 F1500 X123.039 Y107.195 E107.64831
G0 F9000 X123.039 Y106.629
G1 F1500 X113.629 Y116.04 E108.5336
G0 F9000 X113.063 Y116.04
G1 F1500 X123.039 Y106.063 E109.47212
G0 F9000 X123.039 Y105.498
G1 F1500 X112.497 Y116.04 E110.46385
G0 F9000 X111.931 Y116.04
G1 F1500 X123.039 Y104.932 E111.50882
G0 F9000 X123.039 Y104.366
G1 F1500 X111.366 Y116.04 E112.60699
G0 F9000 X110.8 Y116.04
G1 F1500 X123.039 Y103.8 E113.75841
G0 F9000 X123.039 Y103.235
G1 F1500 X110.234 Y116.04 E114.96303
G0 F9000 X109.669 Y116.04
G1 F1500 X123.039 Y102.669 E116.22084
G0 F9000 X123.039 Y102.103
G1 F1500 X109.103 Y116.04 E117.5319
G0 F9000 X108.96 Y115.617
G1 F1500 X123.039 Y101.538 E118.85637
G0 F9000 X123.039 Y100.972
G1 F1500 X108.96 Y115.051 E120.18083
G0 F9000 X108.96 Y114.486
G1 F1500 X123.039 Y100.406 E121.50535
G0 F9000 X123.039 Y99.841
G1 F1500 X108.96 Y113.92 E122.82981
G0 F9000 X108.96 Y113.354
G1 F1500 X123.039 Y99.275 E124.15428
G0 F9000 X123.039 Y98.709
G1 F1500 X108.96 Y112.788 E125.47875
G0 F9000 X108.96 Y112.223
G1 F1500 X123.039 Y98.144 E126.80321
G0 F9000 X123.039 Y97.578
G1 F1500 X108.96 Y111.657 E128.12768
G0 F9000 X108.96 Y111.091
G1 F1500 X123.039 Y97.012 E129.45214
G0 F9000 X123.039 Y96.447
G1 F1500 X108.96 Y110.526 E130.77661
G0 F9000 X108.96 Y109.96
G1 F1500 X122.96 Y95.96 E132.09364
G0 F9000 X122.395 Y95.96
G1 F1500 X108.96 Y109.394 E133.35748
G0 F9000 X108.96 Y108.829
G1 F1500 X121.829 Y95.96 E134.56812
G0 F9000 X121.263 Y95.96
G1 F1500 X108.96 Y108.263 E135.72551
G0 F9000 X108.96 Y107.697
G1 F1500 X120.697 Y95.96 E136.82965
G0 F9000 X120.132 Y95.96
G1 F1500 X108.96 Y107.132 E137.88064
G0 F9000 X108.96 Y106.566
G1 F1500 X119.566 Y95.96 E138.87839
G0 F9000 X119 Y95.96
G1 F1500 X108.96 Y106 E139.82289
G0 F9000 X108.96 Y105.435
G1 F1500 X118.435 Y95.96 E140.71424
G0 F9000 X117.869 Y95.96
G1 F1500 X108.96 Y104.869 E141.55235
G0 F9000 X108.96 Y104.303
G1 F1500 X117.303 Y95.96 E142.33721
G0 F9000 X116.738 Y95.96
G1 F1500 X108.96 Y103.738 E143.06891
G0 F9000 X108.96 Y103.172
G1 F1500 X116.172 Y95.96 E143.74737
G0 F9000 X115.606 Y95.96
G1 F1500 X108.96 Y102.606 E144.37259
G0 F9000 X108.96 Y102.04
G1 F1500 X115.041 Y95.96 E144.9446
G0 F9000 X114.475 Y95.96
G1 F1500 X108.96 Y101.475 E145.46342
G0 F9000 X108.96 Y100.909
G1 F1500 X113.909 Y95.96 E145.92899
G0 F9000 X113.344 Y95.96
G1 F1500 X108.96 Y100.343 E146.34137
G0 F9000 X108.96 Y99.778
G1 F1500 X112.778 Y95.96 E146.70054
G0 F9000 X112.212 Y95.96
G1 F1500 X108.96 Y99.212 E147.00647
G0 F9000 X108.96 Y98.646
G1 F1500 X111.647 Y95.96 E147.2592
G0 F9000 X111.081 Y95.96
G1 F1500 X108.96 Y98.081 E147.45873
G0 F9000 X108.96 Y97.515
G1 F1500 X110.515 Y95.96 E147.60501
G0 F9000 X109.949 Y95.96
G1 F1500 X108.96 Y96.949 E147.69805
G0 F9000 X108.96 Y96.384
G1 F1500 X109.384 Y95.96 E147.73794
G0 F9000 X109.384 Y95.21
G1 F2700 E142.73794
;MESH:NONMESH
G0 F300 Z1
G0 F9000 X107.424 Y94.424
G0 X107.424 Y93.335
G0 X106.853 Y92.347
G0 X100 Y92.335
G0 X100 Y93.2
;TIME_ELAPSED:251.074339
;LAYER:2
M106 S85
;TYPE:SUPPORT
G1 F2700 E147.73794
G1 F2400 X98 Y93.2 E147.87098
G1 X98 Y118.801 E149.57397
G1 X100 Y118.801 E149.70701
G1 X100 Y93.2 E151.40999
G1 X102 Y93.2 E151.54303
G1 X102 Y118.801 E153.24602
G1 X104 Y118.801 E153.37906
G1 X104 Y93.2 E155.08204
G1 X106 Y93.2 E155.21508
G1 X106 Y118.8 E156.918
G1 F2700 E151.918
;MESH:motor_cover.stl
G0 F12000 X106.001 Y119.665
G0 X97.147 Y119.654
G0 X96.576 Y118.665
G0 X96.576 Y117.576
G0 X96 Y117
;TYPE:WALL-INNER
G1 F2700 E156.918
G1 F2400 X96 Y95 E158.38145
G0 F12000 X96.12 Y117.12
G0 X96.4 Y117.4
G1 F2400 X96.4 Y94.6 E159.89811
G1 X95.6 Y94.6 E159.95133
G1 X95.6 Y117.4 E161.46799
G1 X96.4 Y117.4 E161.52121
G0 F12000 X96.8 Y117.8
;TYPE:WALL-OUTER
G1 F2400 X96.8 Y94.2 E163.09108
G1 X95.2 Y94.2 E163.19752
G1 X95.2 Y117.8 E164.7674
G1 X96.8 Y117.8 E164.87383
G1 F2700 E159.87383
G0 F12000 X96.52 Y117.52
G0 X96.59 Y118.665
G0 X97.147 Y119.654
G0 X106.853 Y119.653
G0 X107.41 Y118.665
G0 X107.438 Y117.562
G0 X110 Y116.6
;TYPE:WALL-INNER
G1 F2700 E164.87383
G1 F2400 X123.6 Y116.6 E165.7785
G1 X123.6 Y95.4 E167.18873
G1 X108.4 Y95.4 E168.19984
G1 X108.4 Y116.6 E169.61007
G1 X110 Y116.6 E169.7165
G0 F12000 X110 Y117
G1 F2400 X124 Y117 E170.64779
G1 X124 Y95 E172.11123
G1 X108 Y95 E173.17556
G1 X108 Y117 E174.639
G1 X110 Y117 E174.77204
G0 F12000 X110 Y117.4
G1 F2400 X124.4 Y117.4 E175.72994
G1 X124.4 Y94.6 E177.2466
G1 X107.6 Y94.6 E178.36414
G1 X107.6 Y117.4 E179.8808
G1 X110 Y117.4 E180.04045
G0 F12000 X110 Y117.8
;TYPE:WALL-OUTER
G1 F2400 X124.8 Y117.8 E181.02495
G1 X124.8 Y94.2 E182.59483
G1 X107.2 Y94.2 E183.76558
G1 X107.2 Y117.8 E185.33546
G1 X110 Y117.8 E185.52172
G0 F12000 X110 Y117.09
G0 X110 Y116.5
G0 X110 Y116.24
;TYPE:SKIN
G1 F2400 X108.76 Y116.24 E185.6042
G1 X108.76 Y95.76 E186.96654
G1 X123.24 Y95.76 E187.92975
G1 X123.24 Y116.24 E189.29209
G1 X110 Y116.24 E190.17282
G0 F12000 X110 Y116.5
G0 X108.572 Y116.428
G0 X108.5 Y115.748
G0 X108.959 Y115.748
G1 F2400 X109.252 Y116.04 E190.20033
G0 F12000 X109.817 Y116.04
G1 F2400 X108.959 Y115.182 E190.28105
G0 F12000 X108.959 Y114.616
G1 F2400 X110.383 Y116.04 E190.41501
G0 F12000 X110.949 Y116.04
G1 F2400 X108.959 Y114.051 E190.60217
G0 F12000 X108.959 Y113.485
G1 F2400 X111.514 Y116.04 E190.84253
G0 F12000 X112.08 Y116.04
G1 F2400 X108.959 Y112.919 E191.13613
G0 F12000 X108.959 Y112.354
G1 F2400 X112.646 Y116.04 E191.48294
G0 F12000 X113.211 Y116.04
G1 F2400 X108.959 Y111.788 E191.88294
G0 F12000 X108.959 Y111.222
G1 F2400 X113.777 Y116.04 E192.33619
G0 F12000 X114.343 Y116.04
G1 F2400 X108.959 Y110.657 E192.84263
G0 F12000 X108.959 Y110.091
G1 F2400 X114.908 Y116.04 E193.40228
G0 F12000 X115.474 Y116.04
G1 F2400 X108.959 Y109.525 E194.01517
G0 F12000 X108.959 Y108.959
G1 F2400 X116.04 Y116.04 E194.68131
G0 F12000 X116.605 Y116.04
G1 F2400 X108.959 Y108.394 E195.4006
G0 F12000 X108.959 Y107.828
G1 F2400 X117.171 Y116.04 E196.17313
G0 F12000 X117.737 Y116.04
G1 F2400 X108.959 Y107.262 E196.99891
G0 F12000 X108.959 Y106.697
G1 F2400 X118.303 Y116.04 E197.87789
G0 F12000 X118.868 Y116.04
G1 F2400 X108.959 Y106.131 E198.81007
G0 F12000 X108.959 Y105.565
G1 F2400 X119.434 Y116.04 E199.79549
G0 F12000 X120 Y116.04
G1 F2400 X108.959 Y105 E200.83411
G0 F12000 X108.959 Y104.434
G1 F2400 X120.565 Y116.04 E201.92594
G0 F12000 X121.131 Y116.04
G1 F2400 X108.959 Y103.868 E203.071
G0 F12000 X108.959 Y103.303
G1 F2400 X121.697 Y116.04 E204.26927
G0 F12000 X122.262 Y116.04
G1 F2400 X108.959 Y102.737 E205.52073
G0 F12000 X108.959 Y102.171
G1 F2400 X122.828 Y116.04 E206.82544
G0 F12000 X123.04 Y115.686
G1 F2400 X108.959 Y101.606 E208.15005
G0 F12000 X108.959 Y101.04
G1 F2400 X123.04 Y115.121 E209.4747
G0 F12000 X123.04 Y114.555
G1 F2400 X108.959 Y100.474 E210.79936
G0 F12000 X108.959 Y99.909
G1 F2400 X123.04 Y113.989 E212.12397
G0 F12000 X123.04 Y113.423
G1 F2400 X108.959 Y99.343 E213.44857
G0 F12000 X108.959 Y98.777
G1 F2400 X123.04 Y112.858 E214.77323
G0 F12000 X123.04 Y112.292
G1 F2400 X108.959 Y98.211 E216.09788
G0 F12000 X108.959 Y97.646
G1 F2400 X123.04 Y111.726 E217.42249
G0 F12000 X123.04 Y111.161
G1 F2400 X108.959 Y97.08 E218.74714
G0 F12000 X108.959 Y96.514
G1 F2400 X123.04 Y110.595 E220.0718
G0 F12000 X123.04 Y110.029
G1 F2400 X108.971 Y95.96 E221.39532
G0 F12000 X109.536 Y95.96
G1 F2400 X123.04 Y109.464 E222.6657
G0 F12000 X123.04 Y108.898
G1 F2400 X110.102 Y95.96 E223.88282
G0 F12000 X110.668 Y95.96
G1 F2400 X123.04 Y108.332 E225.04671
G0 F12000 X123.04 Y107.767
G1 F2400 X111.234 Y95.96 E226.15739
G0 F12000 X111.799 Y95.96
G1 F2400 X123.04 Y107.201 E227.21487
G0 F12000 X123.04 Y106.635
G1 F2400 X112.365 Y95.96 E228.21911
G0 F12000 X112.931 Y95.96
G1 F2400 X123.04 Y106.07 E229.17015
G0 F12000 X123.04 Y105.504
G1 F2400 X113.496 Y95.96 E230.06799
G0 F12000 X114.062 Y95.96
G1 F2400 X123.04 Y104.938 E230.91259
G0 F12000 X123.04 Y104.372
G1 F2400 X114.628 Y95.96 E231.70394
G0 F12000 X115.193 Y95.96
G1 F2400 X123.04 Y103.807 E232.44213
G0 F12000 X123.04 Y103.241
G1 F2400 X115.759 Y95.96 E233.12709
G0 F12000 X116.325 Y95.96
G1 F2400 X123.04 Y102.675 E233.75879
G0 F12000 X123.04 Y102.11
G1 F2400 X116.89 Y95.96 E234.33735
G0 F12000 X117.456 Y95.96
G1 F2400 X123.04 Y101.544 E234.86265
G0 F12000 X123.04 Y100.978
G1 F2400 X118.022 Y95.96 E235.33472
G0 F12000 X118.587 Y95.96
G1 F2400 X123.04 Y100.413 E235.75363
G0 F12000 X123.04 Y99.847
G1 F2400 X119.153 Y95.96 E236.11929
G0 F12000 X119.719 Y95.96
G1 F2400 X123.04 Y99.281 E236.43171
G0 F12000 X123.04 Y98.716
G1 F2400 X120.285 Y95.96 E236.69093
G0 F12000 X120.85 Y95.96
G1 F2400 X123.04 Y98.15 E236.89696
G0 F12000 X123.04 Y97.584
G1 F2400 X121.416 Y95.96 E237.04973
G0 F12000 X121.982 Y95.96
G1 F2400 X123.04 Y97.019 E237.14931
G0 F12000 X123.04 Y96.453
G1 F2400 X122.547 Y95.96 E237.19569
G0 F12000 X122.547 Y95.21
G1 F2700 E232.19569
;MESH:NONMESH
G0 F300 Z1.4
G0 F12000 X107.424 Y94.424
G0 X107.424 Y93.335
G0 X106.853 Y92.347
G0 X100 Y92.335
G0 X100 Y93.2
;TIME_ELAPSED:297.310162
;LAYER:3
;note -- min layer time used
M106 S127.5
;TYPE:SUPPORT
G1 F2700 E237.19569
G1 F2381.7 X98 Y93.2 E237.32873
G1 X98 Y118.801 E239.03171
G1 X100 Y118.801 E239.16475
G1 X100 Y93.2 E240.86774
G1 X102 Y93.2 E241.00078
G1 X102 Y118.801 E242.70376
G1 X104 Y118.801 E242.83681
G1 X104 Y93.2 E244.53979
G1 X106 Y93.2 E244.67283
G1 X106 Y118.8 E246.37575
G1 F2700 E241.37575
;MESH:motor_cover.stl
G0 F12000 X106.001 Y119.665
G0 X97.147 Y119.654
G0 X96.576 Y118.665
G0 X96.576 Y117.576
G0 X96 Y117
;TYPE:WALL-INNER
G1 F2700 E246.37575
G1 F2381.7 X96 Y95 E247.8392
G0 F12000 X96.12 Y117.12
G0 X96.4 Y117.4
G1 F2381.7 X96.4 Y94.6 E249.35586
G1 X95.6 Y94.6 E249.40907
G1 X95.6 Y117.4 E250.92574
G1 X96.4 Y117.4 E250.97895
G0 F12000 X96.8 Y117.8
;TYPE:WALL-OUTER
G1 F2381.7 X96.8 Y94.2 E252.54883
G1 X95.2 Y94.2 E252.65526
G1 X95.2 Y117.8 E254.22514
G1 X96.8 Y117.8 E254.33157
G1 F2700 E249.33157
G0 F12000 X96.52 Y117.52
G0 X96.57 Y118.665
G0 X97.147 Y119.654
G0 X106.853 Y119.653
G0 X107.43 Y118.665
G0 X110 Y117.75
G1 F2700 E254.33157
G1 F1905.3 X108 Y117.75 E254.49788
G1 F1757.7 X107.586 Y117.707 E254.53539
G1 F1628.5 X107.293 Y117.707 E254.5639
G1 X107.293 Y117.414 E254.5924
G1 F1748 X107.252 Y117.087 E254.62227
G1 F1897.7 X107.25 Y95 E256.46616
G1 F1757.7 X107.293 Y94.586 E256.50367
G1 F1628.5 X107.293 Y94.293 E256.53218
G1 X107.586 Y94.293 E256.56068
G1 F1748 X107.913 Y94.252 E256.59055
G1 F1897.7 X124.75 Y94.25 E257.99616
G1 F1905.3 X124.75 Y94.75 E258.03773
G1 F1897.7 X107.956 Y94.751 E259.43974
G1 F1748 X107.793 Y94.793 E259.455
G1 F1757.7 X107.75 Y95 E259.47406
G1 F1897.7 X107.751 Y117.044 E261.31435
G1 F1748 X107.793 Y117.207 E261.32961
G1 F1757.7 X108 Y117.25 E261.34867
G1 F1905.3 X124.75 Y117.25 E262.74143
G1 X124.75 Y117.75 E262.78301
G1 X110 Y117.75 E264.00948
G1 F2700 E259.00948
;MESH:NONMESH
G0 F300 Z1.8
G0 F12000 X110 Y117.49
G0 X107.562 Y117.438
G0 X107.57 Y94.57
G0 X107.57 Y93.335
G0 X106.853 Y92.347
G0 X100 Y92.335
G0 X100 Y93.2
;TIME_ELAPSED:312.316236
;LAYER:4
;note -- min layer time used
;TYPE:SUPPORT
G1 F2700 E264.00948
G1 F2386.6 X98 Y93.2 E264.14252
G1 X98 Y118.801 E265.8455
G1 X100 Y118.801 E265.97854
G1 X100 Y93.2 E267.68153
G1 X102 Y93.2 E267.81457
G1 X102 Y118.801 E269.51755
G1 X104 Y118.801 E269.6506
G1 X104 Y93.2 E271.35358
G1 X106 Y93.2 E271.48662
G1 X106 Y118.8 E273.18954
G1 F2700 E268.18954
;MESH:motor_cover.stl
G0 F12000 X106.001 Y119.665
G0 X97.147 Y119.654
G0 X96.577 Y118.665
G0 X96.576 Y117.576
G0 X96 Y117
;TYPE:WALL-INNER
G1 F2700 E273.18954
G1 F2386.6 X96 Y95 E274.65299
G0 F12000 X96.12 Y117.12
G0 X96.4 Y117.4
G1 F2386.6 X96.4 Y94.6 E276.16965
G1 X95.6 Y94.6 E276.22286
G1 X95.6 Y117.4 E277.73953
G1 X96.4 Y117.4 E277.79274
G0 F12000 X96.8 Y117.8
;TYPE:WALL-OUTER
G1 F2386.6 X96.8 Y94.2 E279.36262
G1 X95.2 Y94.2 E279.46905
G1 X95.2 Y117.8 E281.03893
G1 X96.8 Y117.8 E281.14536
G1 F2700 E276.14536
G0 F12000 X96.52 Y117.52
G0 X96.571 Y118.665
G0 X97.147 Y119.654
G0 X106.853 Y119.653
G0 X107.43 Y118.665
G0 X110 Y117.75
G1 F2700 E281.14536
G1 F1909.3 X108 Y117.75 E281.31167
G1 F1761.3 X107.586 Y117.707 E281.34918
G1 F1631.9 X107.293 Y117.707 E281.37769
G1 X107.293 Y117.414 E281.40619
G1 F1751.6 X107.252 Y117.087 E281.43606
G1 F1901.7 X107.25 Y95 E283.27995
G1 F1761.3 X107.293 Y94.586 E283.31746
G1 F1631.9 X107.293 Y94.293 E283.34597
G1 X107.586 Y94.293 E283.37447
G1 F1751.6 X107.913 Y94.252 E283.40434
G1 F1901.7 X124.75 Y94.25 E284.80995
G1 F1909.3 X124.75 Y94.75 E284.85152
G1 F1901.7 X107.956 Y94.751 E286.25353
G1 F1751.6 X107.793 Y94.793 E286.26879
G1 F1761.3 X107.75 Y95 E286.28785
G1 F1901.7 X107.751 Y117.044 E288.12814
G1 F1751.6 X107.793 Y117.207 E288.1434
G1 F1761.3 X108 Y117.25 E288.16246
G1 F1909.3 X124.75 Y117.25 E289.55522
G1 X124.75 Y117.75 E289.5968
G1 X110 Y117.75 E290.82327
G1 F2700 E285.82327
;MESH:NONMESH
G0 F300 Z2.2
G0 F12000 X110 Y117.49
G0 X107.562 Y117.438
G0 X107.57 Y94.57
G0 X107.57 Y93.335
G0 X106.853 Y92.347
G0 X100 Y92.335
G0 X100 Y93.2
;TIME_ELAPSED:327.304436
;LAYER:5
;note -- min layer time used
;TYPE:SUPPORT
G1 F2700 E290.82327
G1 F2386.6 X98 Y93.2 E290.95631
G1 X98 Y118.801 E292.65929
G1 X100 Y118.801 E292.79233
G1 X100 Y93.2 E294.49532
G1 X102 Y93.2 E294.62836
G1 X102 Y118.801 E296.33134
G1 X104 Y118.801 E296.46438
G1 X104 Y93.2 E298.16737
G1 X106 Y93.2 E298.30041
G1 X106 Y118.8 E300.00333
G1 F2700 E295.00333
;MESH:motor_cover.stl
G0 F12000 X106.001 Y119.665
G0 X97.147 Y119.654
G0 X96.577 Y118.665
G0 X96.576 Y117.576
G0 X96 Y117
;TYPE:WALL-INNER
G1 F2700 E300.00333
G1 F2386.6 X96 Y95 E301.46678
G0 F12000 X96.12 Y117.12
G0 X96.4 Y117.4
G1 F2386.6 X96.4 Y94.6 E302.98344
G1 X95.6 Y94.6 E303.03665
G1 X95.6 Y117.4 E304.55332
G1 X96.4 Y117.4 E304.60653
G0 F12000 X96.8 Y117.8
;TYPE:WALL-OUTER
G1 F2386.6 X96.8 Y94.2 E306.17641
G1 X95.2 Y94.2 E306.28284
G1 X95.2 Y117.8 E307.85272
G1 X96.8 Y117.8 E307.95915
G1 F2700 E302.95915
G0 F12000 X96.52 Y117.52
G0 X96.571 Y118.665
G0 X97.147 Y119.654
G0 X106.853 Y119.653
G0 X107.43 Y118.665
G0 X110 Y117.75
G1 F2700 E307.95915
G1 F1909.3 X108 Y117.75 E308.12545
G1 F1761.3 X107.586 Y117.707 E308.16297
G1 F1631.9 X107.293 Y117.707 E308.19148
G1 X107.293 Y117.414 E308.21998
G1 F1751.6 X107.252 Y117.087 E308.24985
G1 F1901.7 X107.25 Y95 E310.09374
G1 F1761.3 X107.293 Y94.586 E310.13125
G1 F1631.9 X107.293 Y94.293 E310.15976
G1 X107.586 Y94.293 E310.18826
G1 F1751.6 X107.913 Y94.252 E310.21813
G1 F1901.7 X124.75 Y94.25 E311.62374
G1 F1909.3 X124.75 Y94.75 E311.66531
G1 F1901.7 X107.956 Y94.751 E313.06732
G1 F1751.6 X107.793 Y94.793 E313.08258
G1 F1761.3 X107.75 Y95 E313.10164
G1 F1901.7 X107.751 Y117.044 E314.94193
G1 F1751.6 X107.793 Y117.207 E314.95719
G1 F1761.3 X108 Y117.25 E314.97625
G1 F1909.3 X124.75 Y117.25 E316.36901
G1 X124.75 Y117.75 E316.41059
G1 X110 Y117.75 E317.63706
G1 F2700 E312.63706
;MESH:NONMESH
G0 F300 Z2.6
G0 F12000 X110 Y117.49
G0 X107.562 Y117.438
G0 X107.57 Y94.57
G0 X107.57 Y93.335
G0 X106.853 Y92.347
G0 X100 Y92.335
G0 X100 Y93.2
;TIME_ELAPSED:342.292636
;LAYER:6
;note -- min layer time used
;TYPE:SUPPORT
G1 F2700 E317.63706
G1 F2386.6 X98 Y93.2 E317.7701
G1 X98 Y118.801 E319.47308
G1 X100 Y118.801 E319.60612
G1 X100 Y93.2 E321.30911
G1 X102 Y93.2 E321.44215
G1 X102 Y118.801 E323.14513
G1 X104 Y118.801 E323.27817
G1 X104 Y93.2 E324.98116
G1 X106 Y93.2 E325.1142
G1 X106 Y118.8 E326.81712
G1 F2700 E321.81712
;MESH:motor_cover.stl
G0 F12000 X106.001 Y119.665
G0 X97.147 Y119.654
G0 X96.577 Y118.665
G0 X96.576 Y117.576
G0 X96 Y117
;TYPE:WALL-INNER
G1 F2700 E326.81712
G1 F2386.6 X96 Y95 E328.28057
G0 F12000 X96.12 Y117.12
G0 X96.4 Y117.4
G1 F2386.6 X96.4 Y94.6 E329.79723
G1 X95.6 Y94.6 E329.85044
G1 X95.6 Y117.4 E331.36711
G1 X96.4 Y117.4 E331.42032
G0 F12000 X96.8 Y117.8
;TYPE:WALL-OUTER
G1 F2386.6 X96.8 Y94.2 E332.9902
G1 X95.2 Y94.2 E333.09663
G1 X95.2 Y117.8 E334.66651
G1 X96.8 Y117.8 E334.77294
G1 F2700 E329.77294
G0 F12000 X96.52 Y117.52
G0 X96.571 Y118.665
G0 X97.147 Y119.654
G0 X106.853 Y119.653
G0 X107.43 Y118.665
G0 X110 Y117.75
G1 F2700 E334.77294
G1 F1909.3 X108 Y117.75 E334.93924
G1 F1761.3 X107.586 Y117.707 E334.97676
G1 F1631.9 X107.293 Y117.707 E335.00527
G1 X107.293 Y117.414 E335.03377
G1 F1751.6 X107.252 Y117.087 E335.06364
G1 F1901.7 X107.25 Y95 E336.90753
G1 F1761.3 X107.293 Y94.586 E336.94504
G1 F1631.9 X107.293 Y94.293 E336.97355
G1 X107.586 Y94.293 E337.00205
G1 F1751.6 X107.913 Y94.252 E337.03192
G1 F1901.7 X124.75 Y94.25 E338.43753
G1 F1909.3 X124.75 Y94.75 E338.4791
G1 F1901.7 X107.956 Y94.751 E339.88111
G1 F1751.6 X107.793 Y94.793 E339.89637
G1 F1761.3 X107.75 Y95 E339.91543
G1 F1901.7 X107.751 Y117.044 E341.75572
G1 F1751.6 X107.793 Y117.207 E341.77098
G1 F1761.3 X108 Y117.25 E341.79004
G1 F1909.3 X124.75 Y117.25 E343.1828
G1 X124.75 Y117.75 E343.22438
G1 X110 Y117.75 E344.45085
G1 F2700 E339.45085
;MESH:NONMESH
G0 F300 Z3
G0 F12000 X110 Y117.49
G0 X107.562 Y117.438
G0 X107.57 Y94.57
G0 X107.57 Y93.335
G0 X106.853 Y92.347
G0 X100 Y92.335
G0 X100 Y93.2
;TIME_ELAPSED:357.280836
;LAYER:7
;note -- min layer time used
;TYPE:SUPPORT
G1 F2700 E344.45085
G1 F2386.6 X98 Y93.2 E344.58389
G1 X98 Y118.801 E346.28687
G1 X100 Y118.801 E346.41991
G1 X100 Y93.2 E348.1229
G1 X102 Y93.2 E348.25594
G1 X102 Y118.801 E349.95892
G1 X104 Y118.801 E350.09196
G1 X104 Y93.2 E351.79495
G1 X106 Y93.2 E351.92799
G1 X106 Y118.8 E353.63091
G1 F2700 E348.63091
;MESH:motor_cover.stl
G0 F12000 X106.001 Y119.665
G0 X97.147 Y119.654
G0 X96.577 Y118.665
G0 X96.576 Y117.576
G0 X96 Y117
;TYPE:WALL-INNER
G1 F2700 E353.63091
G1 F2386.6 X96 Y95 E355.09436
G0 F12000 X96.12 Y117.12
G0 X96.4 Y117.4
G1 F2386.6 X96.4 Y94.6 E356.61102
G1 X95.6 Y94.6 E356.66423
G1 X95.6 Y117.4 E358.1809
G1 X96.4 Y117.4 E358.23411
G0 F12000 X96.8 Y117.8
;TYPE:WALL-OUTER
G1 F2386.6 X96.8 Y94.2 E359.80399
G1 X95.2 Y94.2 E359.91042
G1 X95.2 Y117.8 E361.4803
G1 X96.8 Y117.8 E361.58673
G1 F2700 E356.58673
G0 F12000 X96.52 Y117.52
G0 X96.571 Y118.665
G0 X97.147 Y119.654
G0 X106.853 Y119.653
G0 X107.43 Y118.665
G0 X110 Y117.75
G1 F2700 E361.58673
G1 F1909.3 X108 Y117.75 E361.75303
G1 F1761.3 X107.586 Y117.707 E361.79055
G1 F1631.9 X107.293 Y117.707 E361.81906
G1 X107.293 Y117.414 E361.84756
G1 F1751.6 X107.252 Y117.087 E361.87743
G1 F1901.7 X107.25 Y95 E363.72132
G1 F1761.3 X107.293 Y94.586 E363.75883
G1 F1631.9 X107.293 Y94.293 E363.78734
G1 X107.586 Y94.293 E363.81584
G1 F1751.6 X107.913 Y94.252 E363.84571
G1 F1901.7 X124.75 Y94.25 E365.25132
G1 F1909.3 X124.75 Y94.75 E365.29289
G1 F1901.7 X107.956 Y94.751 E366.6949
G1 F1751.6 X107.793 Y94.793 E366.71016
G1 F1761.3 X107.75 Y95 E366.72922
G1 F1901.7 X107.751 Y117.044 E368.56951
G1 F1751.6 X107.793 Y117.207 E368.58477
G1 F1761.3 X108 Y117.25 E368.60383
G1 F1909.3 X124.75 Y117.25 E369.99659
G1 X124.75 Y117.75 E370.03817
G1 X110 Y117.75 E371.26464
G1 F2700 E366.26464
;MESH:NONMESH
G0 F300 Z3.4
G0 F12000 X110 Y117.49
G0 X107.562 Y117.438
G0 X107.57 Y94.57
G0 X107.57 Y93.335
G0 X106.853 Y92.347
G0 X100 Y92.335
G0 X100 Y93.2
;TIME_ELAPSED:372.269035
;LAYER:8
;TYPE:SUPPORT
G1 F2700 E371.26464
G1 F2400 X98 Y93.2 E371.39768
G1 X98 Y118.801 E373.10066
G1 X100 Y118.801 E373.2337
G1 X100 Y93.2 E374.93669
G1 X102 Y93.2 E375.06973
G1 X102 Y118.801 E376.77271
G1 X104 Y118.801 E376.90575
G1 X104 Y93.2 E378.60874
G1 X106 Y93.2 E378.74178
G1 X106 Y118.8 E380.4447
G1 F2700 E375.4447
;MESH:motor_cover.stl
G0 F12000 X106.001 Y119.665
G0 X97.147 Y119.654
G0 X96.578 Y118.665
G0 X96.576 Y117.576
G0 X96 Y117
;TYPE:WALL-INNER
G1 F2700 E380.4447
G1 F2400 X96 Y95 E381.90815
G0 F12000 X96.12 Y117.121
G0 X96.4 Y117.4
G1 F2400 X96.4 Y94.6 E383.42481
G1 X95.6 Y94.6 E383.47802
G1 X95.6 Y117.4 E384.99469
G1 X96.4 Y117.4 E385.0479
G0 F12000 X96.8 Y117.8
;TYPE:WALL-OUTER
G1 F2400 X96.8 Y94.2 E386.61778
G1 X95.2 Y94.2 E386.72421
G1 X95.2 Y117.8 E388.29409
G1 X96.8 Y117.8 E388.40052
G1 F2700 E383.40052
G0 F12000 X96.52 Y117.52
G0 X96.578 Y118.665
G0 X97.147 Y119.654
G0 X106.853 Y119.653
G0 X107.43 Y118.665
G0 X115.447 Y117.6
;TYPE:WALL-INNER
G1 F2700 E388.40052
G1 F2400 X115.553 Y117.6 E388.40757
G1 F2700 E383.40757
G0 F12000 X115.49 Y117.6
G0 X110 Y117.49
G0 X110 Y117.75
;TYPE:WALL-OUTER
G1 F2700 E388.40757
G1 F1920 X115 Y117.75 E388.82333
G1 F2133.3 X115.149 Y117.866 E388.83746
G1 F2400 X115.2 Y118 E388.847
G1 X115.553 Y118 E388.87048
G1 F2133.3 X116 Y117.95 E388.90414
G1 F1920 X124.75 Y117.95 E389.6317
G1 X124.75 Y117.45 E389.67328
G1 X116 Y117.45 E390.40084
G1 F2133.3 X115.851 Y117.334 E390.41497
G1 F2400 X115.8 Y117.2 E390.42451
G1 X115.447 Y117.2 E390.44799
G1 F2133.3 X115 Y117.25 E390.48165
G1 F1920 X108 Y117.25 E391.06371
G1 F1771.2 X107.793 Y117.207 E391.08276
G1 F1761.5 X107.751 Y117.044 E391.09802
G1 F1912.4 X107.75 Y95 E392.93832
G1 F1771.2 X107.793 Y94.793 E392.95737
G1 F1761.5 X107.956 Y94.751 E392.97263
G1 F1901 X115.087 Y94.748 E393.5715
G1 F1736 X115.447 Y94.7 E393.6049
G1 F1600 X115.738 Y94.7 E393.63394
G1 X115.776 Y94.6 E393.64461
G1 F1739.1 X115.956 Y94.551 E393.66174
G1 F1912.4 X124.75 Y94.546 E394.39589
G1 F1920 X124.75 Y94.046 E394.43746
G1 F1912.4 X115.913 Y94.051 E395.1752
G1 F1739.1 X115.553 Y94.1 E395.20855
G1 F1600 X115.262 Y94.099 E395.23759
G1 F1597.3 X115.224 Y94.2 E395.24837
G1 F1736 X115.044 Y94.249 E395.26553
G1 F1901 X107.913 Y94.252 E395.8644
G1 F1761.5 X107.586 Y94.293 E395.89427
G1 F1641 X107.293 Y94.293 E395.92278
G1 X107.293 Y94.586 E395.95128
G1 F1771.2 X107.25 Y95 E395.9888
G1 F1912.4 X107.252 Y117.087 E397.83269
G1 F1761.5 X107.293 Y117.414 E397.86256
G1 F1641 X107.293 Y117.707 E397.89106
G1 X107.586 Y117.707 E397.91957
G1 F1771.2 X108 Y117.75 E397.95708
G1 F1920 X110 Y117.75 E398.12338
G1 F2700 E393.12338
;MESH:NONMESH
G0 F300 Z3.8
G0 F12000 X110 Y117.49
G0 X107.562 Y117.438
G0 X107.57 Y94.57
G0 X107.57 Y93.335
G0 X106.853 Y92.347
G0 X100 Y92.335
G0 X100 Y93.2
;TIME_ELAPSED:388.074673
;LAYER:9
;TYPE:SUPPORT
G1 F2700 E398.12338
G1 F2400 X98 Y93.2 E398.25642
G1 X98 Y118.801 E399.95941
G1 X100 Y118.801 E400.09245
G1 X100 Y93.2 E401.79544
G1 X102 Y93.2 E401.92848
G1 X102 Y118.801 E403.63146
G1 X104 Y118.801 E403.7645
G1 X104 Y93.2 E405.46749
G1 X106 Y93.2 E405.60053
G1 X106 Y118.8 E407.30345
G1 F2700 E402.30345
;MESH:motor_cover.stl
G0 F12000 X106.001 Y119.665
G0 X97.147 Y119.654
G0 X96.578 Y118.665
G0 X96.576 Y117.576
G0 X96 Y117
;TYPE:WALL-INNER
G1 F2700 E407.30345
G1 F2400 X96 Y95 E408.76689
G0 F12000 X96.12 Y117.121
G0 X96.4 Y117.4
G1 F2400 X96.4 Y94.6 E410.28356
G1 X95.6 Y94.6 E410.33677
G1 X95.6 Y117.4 E411.85343
G1 X96.4 Y117.4 E411.90665
G0 F12000 X96.8 Y117.8
;TYPE:WALL-OUTER
G1 F2400 X96.8 Y94.2 E413.47653
G1 X95.2 Y94.2 E413.58296
G1 X95.2 Y117.8 E415.15284
G1 X96.8 Y117.8 E415.25927
G1 F2700 E410.25927
G0 F12000 X96.52 Y117.52
G0 X96.572 Y118.665
G0 X97.147 Y119.654
G0 X106.853 Y119.653
G0 X107.43 Y118.665
G0 X110 Y117.75
G1 F2700 E415.25927
G1 F1920 X108 Y117.75 E415.42557
G1 F1771.2 X107.586 Y117.707 E415.46309
G1 F1641 X107.293 Y117.707 E415.49159
G1 X107.293 Y117.414 E415.5201
G1 F1761.5 X107.252 Y117.087 E415.54997
G1 F1912.4 X107.25 Y95 E417.39386
G1 F1771.2 X107.293 Y94.586 E417.43137
G1 F1641 X107.293 Y94.293 E417.45988
G1 X107.586 Y94.293 E417.48838
G1 F1761.5 X107.913 Y94.252 E417.51825
G1 F1901 X115.044 Y94.249 E418.11713
G1 F1758.2 X115.207 Y94.207 E418.13241
G1 F1646.7 X115.29 Y94 E418.15403
G1 F1649.5 X115.293 Y93.693 E418.18375
G1 F1641 X115.586 Y93.692 E418.21225
G1 F1761.5 X115.913 Y93.651 E418.24212
G1 F1912.4 X124.75 Y93.646 E418.97986
G1 F1920 X124.75 Y94.146 E419.02144
G1 F1912.4 X115.956 Y94.151 E419.75558
G1 F1761.5 X115.793 Y94.193 E419.77084
G1 F1649.5 X115.71 Y94.4 E419.79243
G1 F1646.7 X115.707 Y94.707 E419.82219
G1 F1638.2 X115.414 Y94.707 E419.85075
G1 F1758.2 X115.087 Y94.748 E419.88067
G1 F1901 X107.956 Y94.751 E420.47954
G1 F1761.5 X107.793 Y94.793 E420.4948
G1 F1771.2 X107.75 Y95 E420.51386
G1 F1912.4 X107.751 Y117.044 E422.35415
G1 F1761.5 X107.793 Y117.207 E422.36941
G1 F1771.2 X108 Y117.25 E422.38847
G1 F1920 X115 Y117.25 E422.97052
G1 F1768 X115.414 Y117.293 E423.0081
G1 F1638.2 X115.707 Y117.293 E423.03666
G1 X115.707 Y117.586 E423.06521
G1 X115.793 Y117.807 E423.08832
G1 F1771.2 X116 Y117.85 E423.10738
G1 F1920 X124.75 Y117.85 E423.83494
G1 X124.75 Y118.35 E423.87652
G1 X116 Y118.35 E424.60408
G1 F1771.2 X115.586 Y118.307 E424.6416
G1 F1641 X115.293 Y118.307 E424.67011
G1 X115.293 Y118.014 E424.69861
G1 F1638.2 X115.207 Y117.793 E424.72172
G1 F1768 X115 Y117.75 E424.74081
G1 F1920 X110 Y117.75 E425.15656
G1 F2700 E420.15656
;MESH:NONMESH
G0 F300 Z4.2
G0 F12000 X110 Y117.49
G0 X107.562 Y117.438
G0 X107.57 Y94.57
G0 X107.57 Y93.335
G0 X106.853 Y92.347
G0 X100 Y92.335
G0 X100 Y93.2
;TIME_ELAPSED:403.296408
;LAYER:10
;TYPE:SUPPORT
G1 F2700 E425.15656
G1 F2400 X98 Y93.2 E425.2896
G1 X98 Y118.801 E426.99259
G1 X100 Y118.801 E427.12563
G1 X100 Y93.2 E428.82862
G1 X102 Y93.2 E428.96166
G1 X102 Y118.801 E430.66464
G1 X104 Y118.801 E430.79768
G1 X104 Y93.2 E432.50067
G1 X106 Y93.2 E432.63371
G1 X106 Y118.8 E434.33663
G1 F2700 E429.33663
;MESH:motor_cover.stl
G0 F12000 X106.001 Y119.665
G0 X97.147 Y119.654
G0 X96.578 Y118.665
G0 X96.576 Y117.576
G0 X96 Y117
;TYPE:WALL-INNER
G1 F2700 E434.33663
G1 F2400 X96 Y95 E435.80007
G0 F12000 X96.12 Y117.121
G0 X96.4 Y117.4
G1 F2400 X96.4 Y94.6 E437.31673
G1 X95.6 Y94.6 E437.36995
G1 X95.6 Y117.4 E438.88661
G1 X96.4 Y117.4 E438.93983
G0 F12000 X96.8 Y117.8
;TYPE:WALL-OUTER
G1 F2400 X96.8 Y94.2 E440.50971
G1 X95.2 Y94.2 E440.61614
G1 X95.2 Y117.8 E442.18602
G1 X96.8 Y117.8 E442.29245
G1 F2700 E437.29245
G0 F12000 X96.52 Y117.52
G0 X96.572 Y118.665
G0 X97.147 Y119.654
G0 X106.853 Y119.653
G0 X107.43 Y118.665
G0 X115.46 Y117.586
;TYPE:WALL-INNER
G1 F2700 E442.29245
G1 F2580.6 X115.391 Y117.546 E442.29738
G1 X115.391 Y117.626 E442.30233
G1 X115.46 Y117.586 E442.30727
G1 F2700 E437.30727
G0 F12000 X115.48 Y117.52
G0 X110 Y117.49
G0 X110 Y117.75
;TYPE:WALL-OUTER
G1 F2700 E442.30727
G1 F1920 X115 Y117.75 E442.72302
G1 F1842.6 X115.239 Y117.986 E442.75212
G1 F1702.1 X115.293 Y118.414 E442.79258
G1 F1641 X115.293 Y118.707 E442.82109
G1 X115.586 Y118.707 E442.84959
G1 F1771.2 X116 Y118.75 E442.88711
G1 F1920 X124.75 Y118.75 E443.61467
G1 X124.75 Y118.25 E443.65625
G1 X116 Y118.25 E444.38382
G1 F1771.2 X115.793 Y118.207 E444.40287
G1 F1761.5 X115.751 Y118.044 E444.41813
G1 F2123.9 X115.8 Y117.586 E444.45275
G1 F2400 X115.8 Y117.2 E444.47843
G1 X115.414 Y117.2 E444.5041
G1 F2133.3 X115 Y117.25 E444.53531
G1 F1920 X108 Y117.25 E445.11736
G1 F1771.2 X107.793 Y117.207 E445.13642
G1 F1761.5 X107.751 Y117.044 E445.15168
G1 F1912.4 X107.75 Y95 E446.99197
G1 F1771.2 X107.793 Y94.793 E447.01103
G1 F1761.5 X107.956 Y94.751 E447.02629
G1 F1901 X115.087 Y94.748 E447.62516
G1 F1758.2 X115.414 Y94.707 E447.65508
G1 F1638.2 X115.707 Y94.707 E447.68364
G1 X115.707 Y94.414 E447.71219
G1 X115.793 Y93.793 E447.77329
G1 F1761.5 X115.956 Y93.751 E447.78854
G1 F1912.4 X124.75 Y93.746 E448.52269
G1 F1920 X124.75 Y93.246 E448.56427
G1 F1912.4 X115.913 Y93.251 E449.30201
G1 F1761.5 X115.586 Y93.292 E449.33188
G1 F1641 X115.293 Y93.293 E449.36038
G1 X115.293 Y93.586 E449.38889
G1 X115.234 Y94.2 E449.44889
G1 F1761.5 X115.044 Y94.249 E449.46668
G1 F1901 X107.913 Y94.252 E450.06555
G1 F1761.5 X107.586 Y94.293 E450.09542
G1 F1641 X107.293 Y94.293 E450.12393
G1 X107.293 Y94.586 E450.15243
G1 F1771.2 X107.25 Y95 E450.18995
G1 F1912.4 X107.252 Y117.087 E452.03384
G1 F1761.5 X107.293 Y117.414 E452.0637
G1 F1641 X107.293 Y117.707 E452.09221
G1 X107.586 Y117.707 E452.12071
G1 F1771.2 X108 Y117.75 E452.15823
G1 F1920 X110 Y117.75 E452.32453
G1 F2700 E447.32453
;MESH:NONMESH
G0 F300 Z4.6
G0 F12000 X110 Y117.49
G0 X107.562 Y117.438
G0 X107.57 Y94.57
G0 X107.57 Y93.335
G0 X106.853 Y92.347
G0 X100 Y92.335
G0 X100 Y93.2
;TIME_ELAPSED:419.344605
;LAYER:11
;TYPE:SUPPORT
G1 F2700 E452.32453
G1 F2400 X98 Y93.2 E452.45757
G1 X98 Y93.4 E452.47088
G1 X100 Y93.4 E452.60392
G1 X100 Y93.2 E452.61722
G1 X102 Y93.2 E452.75026
G1 X102 Y93.4 E452.76357
G1 X104 Y93.4 E452.89661
G1 X104 Y93.2 E452.90991
G1 X106 Y93.2 E453.04295
G1 X106 Y93.4 E453.05625
G1 F2700 E448.05625
G0 F12000 X106.853 Y93.347
G0 X106.853 Y92.347
G0 X97.147 Y92.347
G0 X94.347 Y93.347
G0 X94.347 Y118.656
G0 X97.147 Y119.654
G0 X106.853 Y119.653
G0 X106.853 Y118.653
G0 X106 Y118.8
G1 F2700 E453.05625
G1 F2400 X106 Y118.602 E453.06943
G1 X104 Y118.602 E453.20247
G1 X104 Y118.801 E453.2157
G1 X102 Y118.801 E453.34874
G1 X102 Y118.602 E453.36198
G1 X100 Y118.602 E453.49502
G1 X100 Y118.801 E453.50826
G1 X98 Y118.801 E453.6413
G1 X98 Y118.603 E453.65447
G1 X100 Y118.602 E453.78751
G0 F12000 X98.82 Y118.404
;TYPE:SUPPORT-INTERFACE
G1 F2400 X106.2 Y111.023 E454.48182
G0 F12000 X106.2 Y109.594
G1 F2400 X97.8 Y101.194 E455.27204
G0 F12000 X97.8 Y102.453
G1 F2400 X106.2 Y94.052 E456.06231
G1 F2700 E451.06231
G0 F12000 X106.2 Y96.018
G1 F2700 E456.06231
G1 F2400 X103.782 Y93.6 E456.28978
G0 F12000 X103.259 Y93.6
G1 F2400 X97.8 Y99.059 E456.80333
G0 F12000 X97.8 Y97.8
G1 F2400 X106.2 Y106.2 E457.59355
G0 F12000 X106.2 Y107.629
G1 F2400 X97.8 Y116.029 E458.38377
G0 F12000 X97.8 Y114.771
G1 F2400 X101.432 Y118.403 E458.72545
G0 F12000 X102.214 Y118.403
G1 F2400 X106.2 Y114.417 E459.10043
G0 F12000 X106.2 Y112.989
G1 F2400 X97.8 Y104.588 E459.8907
G0 F12000 X97.8 Y105.847
G1 F2400 X106.2 Y97.446 E460.68096
G1 F2700 E455.68096
G0 F12000 X106.2 Y99.412
G1 F2700 E460.68096
G1 F2400 X100.388 Y93.6 E461.22772
G0 F12000 X99.865 Y93.6
G1 F2400 X97.8 Y95.664 E461.42194
G0 F12000 X97.8 Y94.406
G1 F2400 X106.2 Y102.806 E462.21216
G0 F12000 X106.2 Y104.235
G1 F2400 X97.8 Y112.635 E463.00238
G0 F12000 X97.8 Y111.376
G1 F2400 X104.826 Y118.402 E463.66334
G0 F12000 X105.609 Y118.403
G1 F2400 X106.2 Y117.811 E463.71898
G0 F12000 X106.2 Y116.383
G1 F2400 X97.8 Y107.982 E464.50925
G0 F12000 X97.8 Y109.241
G1 F2400 X106.2 Y100.84 E465.29952
G1 F2700 E460.29952
G0 F12000 X108.665 Y100.84
G0 X125.653 Y117.748
G0 X125.653 Y120.053
G0 X114.347 Y120.053
G0 X97.147 Y119.654
G0 X97.147 Y118.653
G0 X97.8 Y118.165
G1 F2700 E465.29952
G1 F2400 X98.038 Y118.403 E465.32191
G1 F2700 E460.32191
;MESH:motor_cover.stl
G0 F12000 X96.576 Y117.576
G0 X96 Y117
;TYPE:WALL-INNER
G1 F2700 E465.32191
G1 F2400 X96 Y95 E466.78535
G0 F12000 X96.12 Y117.121
G0 X96.4 Y117.4
G1 F2400 X96.4 Y94.6 E468.30202
G1 X95.6 Y94.6 E468.35523
G1 X95.6 Y117.4 E469.8719
G1 X96.4 Y117.4 E469.92511
G0 F12000 X96.8 Y117.8
;TYPE:WALL-OUTER
G1 F2400 X96.8 Y94.2 E471.49499
G1 X95.2 Y94.2 E471.60142
G1 X95.2 Y117.8 E473.1713
G1 X96.8 Y117.8 E473.27773
G1 F2700 E468.27773
G0 F12000 X96.52 Y117.52
G0 X96.572 Y118.665
G0 X97.147 Y119.654
G0 X106.853 Y119.653
G0 X107.43 Y118.665
G0 X115.46 Y117.586
;TYPE:WALL-INNER
G1 F2700 E473.27773
G1 F2580.6 X115.391 Y117.546 E473.28267
G1 X115.391 Y117.626 E473.28762
G1 X115.46 Y117.586 E473.29255
G1 F2700 E468.29255
G0 F12000 X115.48 Y117.52
G0 X110 Y117.49
G0 X110 Y117.75
;TYPE:WALL-OUTER
G1 F2700 E473.29255
G1 F1920 X115 Y117.75 E473.7083
G1 X115.25 Y118 E473.7377
G1 F1912.4 X115.252 Y118.487 E473.77836
G1 F1761.5 X115.293 Y118.814 E473.80823
G1 F1641 X115.293 Y119.107 E473.83673
G1 X115.586 Y119.107 E473.86524
G1 F1771.2 X116 Y119.15 E473.90275
G1 F1920 X124.75 Y119.15 E474.63032
G1 X124.75 Y118.65 E474.67189
G1 X116 Y118.65 E475.39946
G1 F1771.2 X115.793 Y118.607 E475.41851
G1 F1761.5 X115.751 Y118.444 E475.43377
G1 F1912.4 X115.75 Y118 E475.47084
G1 F2133.3 X115.8 Y117.586 E475.50204
G1 F2400 X115.8 Y117.2 E475.52772
G1 X115.414 Y117.2 E475.5534
G1 F2133.3 X115 Y117.25 E475.5846
G1 F1920 X108 Y117.25 E476.16666
G1 F1771.2 X107.793 Y117.207 E476.18571
G1 F1761.5 X107.751 Y117.044 E476.20097
G1 F1912.4 X107.75 Y95 E478.04127
G1 F1771.2 X107.793 Y94.793 E478.06032
G1 F1761.5 X107.956 Y94.751 E478.07558
G1 F1901 X115.087 Y94.748 E478.67445
G1 F1758.2 X115.414 Y94.707 E478.70438
G1 F1638.2 X115.707 Y94.707 E478.73293
G1 X115.707 Y94.414 E478.76148
G1 F1764.7 X115.749 Y94.087 E478.79131
G1 F1912.4 X115.75 Y93.6 E478.83197
G1 F1771.2 X115.793 Y93.393 E478.85102
G1 F1761.5 X115.956 Y93.351 E478.86628
G1 F1912.4 X124.75 Y93.346 E479.60043
G1 F1920 X124.75 Y92.846 E479.642
G1 F1912.4 X115.913 Y92.851 E480.37974
G1 F1761.5 X115.586 Y92.892 E480.40961
G1 F1641 X115.293 Y92.893 E480.43812
G1 X115.293 Y93.186 E480.46662
G1 F1771.2 X115.25 Y93.6 E480.50414
G1 F1912.4 X115.249 Y94.044 E480.5412
G1 F1764.7 X115.207 Y94.207 E480.55643
G1 F1758.2 X115.044 Y94.249 E480.57172
G1 F1901 X107.913 Y94.252 E481.17059
G1 F1761.5 X107.586 Y94.293 E481.20046
G1 F1641 X107.293 Y94.293 E481.22896
G1 X107.293 Y94.586 E481.25747
G1 F1771.2 X107.25 Y95 E481.29499
G1 F1912.4 X107.252 Y117.087 E483.13887
G1 F1761.5 X107.293 Y117.414 E483.16874
G1 F1641 X107.293 Y117.707 E483.19725
G1 X107.586 Y117.707 E483.22575
G1 F1771.2 X108 Y117.75 E483.26327
G1 F1920 X110 Y117.75 E483.42957
G1 F2700 E478.42957
;MESH:NONMESH
G0 F300 Z5
G0 F12000 X110 Y117.49
G0 X107.562 Y117.438
G0 X107.57 Y94.57
G0 X107.57 Y93.335
G0 X106.853 Y92.347
G0 X100 Y92.335
G0 X100 Y93.2
;TIME_ELAPSED:443.249599
;LAYER:12
;TYPE:SUPPORT
G1 F2700 E483.42957
G1 F2400 X98 Y93.2 E483.56261
G1 X98 Y93.4 E483.57591
G1 X100 Y93.4 E483.70895
G1 X100 Y93.2 E483.72226
G1 X102 Y93.2 E483.8553
G1 X102 Y93.4 E483.8686
G1 X104 Y93.4 E484.00164
G1 X104 Y93.2 E484.01495
G1 X106 Y93.2 E484.14799
G1 X106 Y93.4 E484.16129
G1 F2700 E479.16129
G0 F12000 X106.853 Y93.347
G0 X106.853 Y92.347
G0 X97.147 Y92.347
G0 X94.347 Y93.347
G0 X94.347 Y118.657
G0 X97.147 Y119.654
G0 X106.853 Y119.653
G0 X106.853 Y118.653
G0 X106 Y118.8
G1 F2700 E484.16129
G1 F2400 X106 Y118.602 E484.17446
G1 X104 Y118.602 E484.3075
G1 X104 Y118.801 E484.32074
G1 X102 Y118.801 E484.45378
G1 X102 Y118.603 E484.46695
G1 X100 Y118.603 E484.59999
G1 X100 Y118.801 E484.61316
G1 X98 Y118.801 E484.74621
G1 X98 Y118.604 E484.75931
G1 X100 Y118.603 E484.89235
G0 F12000 X98.82 Y118.404
;TYPE:SUPPORT-INTERFACE
G1 F2400 X106.2 Y111.023 E485.58666
G0 F12000 X106.2 Y109.594
G1 F2400 X97.8 Y101.194 E486.37688
G0 F12000 X97.8 Y102.453
G1 F2400 X106.2 Y94.052 E487.16715
G1 F2700 E482.16715
G0 F12000 X106.2 Y96.018
G1 F2700 E487.16715
G1 F2400 X103.782 Y93.6 E487.39462
G0 F12000 X103.259 Y93.6
G1 F2400 X97.8 Y99.059 E487.90817
G0 F12000 X97.8 Y97.8
G1 F2400 X106.2 Y106.2 E488.69839
G0 F12000 X106.2 Y107.629
G1 F2400 X97.8 Y116.029 E489.48861
G0 F12000 X97.8 Y114.771
G1 F2400 X101.432 Y118.403 E489.83029
G0 F12000 X102.214 Y118.403
G1 F2400 X106.2 Y114.417 E490.20527
G0 F12000 X106.2 Y112.989
G1 F2400 X97.8 Y104.588 E490.99553
G0 F12000 X97.8 Y105.847
G1 F2400 X106.2 Y97.446 E491.7858
G1 F2700 E486.7858
G0 F12000 X106.2 Y99.412
G1 F2700 E491.7858
G1 F2400 X100.388 Y93.6 E492.33256
G0 F12000 X99.865 Y93.6
G1 F2400 X97.8 Y95.664 E492.52677
G0 F12000 X97.8 Y94.406
G1 F2400 X106.2 Y102.806 E493.31699
G0 F12000 X106.2 Y104.235
G1 F2400 X97.8 Y112.635 E494.10722
G0 F12000 X97.8 Y111.376
G1 F2400 X104.826 Y118.402 E494.76818
G0 F12000 X105.609 Y118.403
G1 F2400 X106.2 Y117.811 E494.82382
G0 F12000 X106.2 Y116.383
G1 F2400 X97.8 Y107.982 E495.61409
G0 F12000 X97.8 Y109.241
G1 F2400 X106.2 Y100.84 E496.40436
G1 F2700 E491.40436
G0 F12000 X108.665 Y100.84
G0 X125.653 Y118.148
G0 X125.653 Y120.453
G0 X114.347 Y120.453
G0 X97.147 Y119.654
G0 X97.147 Y118.653
G0 X97.8 Y118.165
G1 F2700 E496.40436
G1 F2400 X98.038 Y118.403 E496.42675
G1 F2700 E491.42675
;MESH:motor_cover.stl
G0 F12000 X96.576 Y117.577
G0 X96 Y117
;TYPE:WALL-INNER
G1 F2700 E496.42675
G1 F2400 X96 Y95 E497.89019
G0 F12000 X96.12 Y117.121
G0 X96.4 Y117.398
G1 F2400 X96.4 Y94.6 E499.40672
G1 X95.6 Y94.6 E499.45994
G1 X95.6 Y117.401 E500.97667
G1 X96.4 Y117.398 E501.02988
G0 F12000 X96.8 Y117.796
;TYPE:WALL-OUTER
G1 F2400 X96.8 Y94.2 E502.5995
G1 X95.2 Y94.2 E502.70593
G1 X95.2 Y117.803 E504.27601
G1 X96.8 Y117.796 E504.38244
G1 F2700 E499.38244
G0 F12000 X96.52 Y117.521
G0 X96.572 Y118.665
G0 X97.147 Y119.654
G0 X106.853 Y119.653
G0 X107.43 Y118.665
G0 X115.46 Y117.586
;TYPE:WALL-INNER
G1 F2700 E504.38244
G1 F2580.6 X115.391 Y117.546 E504.38737
G1 X115.391 Y117.626 E504.39232
G1 X115.46 Y117.586 E504.39726
G1 F2700 E499.39726
G0 F12000 X115.48 Y117.52
G0 X110 Y117.49
G0 X110 Y117.75
;TYPE:WALL-OUTER
G1 F2700 E504.39726
G1 F1920 X115 Y117.75 E504.81301
G1 X115.25 Y118 E504.84241
G1 F1912.4 X115.252 Y118.887 E504.91646
G1 F1761.5 X115.293 Y119.214 E504.94633
G1 F1641 X115.293 Y119.507 E504.97483
G1 X115.586 Y119.507 E505.00334
G1 F1771.2 X116 Y119.55 E505.04085
G1 F1920 X124.75 Y119.55 E505.76842
G1 X124.75 Y119.05 E505.80999
G1 X116 Y119.05 E506.53756
G1 F1771.2 X115.793 Y119.007 E506.55661
G1 F1761.5 X115.751 Y118.844 E506.57187
G1 F1912.4 X115.75 Y118 E506.64233
G1 F2133.3 X115.8 Y117.586 E506.67354
G1 F2400 X115.8 Y117.2 E506.69921
G1 X115.414 Y117.2 E506.72489
G1 F2133.3 X115 Y117.25 E506.7561
G1 F1920 X108 Y117.25 E507.33815
G1 F1771.2 X107.793 Y117.207 E507.35721
G1 F1761.5 X107.751 Y117.044 E507.37246
G1 F1912.4 X107.75 Y95 E509.21276
G1 F1771.2 X107.793 Y94.793 E509.23182
G1 F1761.5 X107.956 Y94.751 E509.24707
G1 F1901 X115.087 Y94.748 E509.84595
G1 F1758.2 X115.414 Y94.707 E509.87587
G1 F1638.2 X115.707 Y94.707 E509.90442
G1 X115.707 Y94.414 E509.93298
G1 F1764.7 X115.749 Y94.087 E509.9628
G1 F1912.4 X115.75 Y93.2 E510.03685
G1 F1771.2 X115.793 Y92.993 E510.05591
G1 F1761.5 X115.956 Y92.951 E510.07117
G1 F1912.4 X124.75 Y92.946 E510.80531
G1 F1920 X124.75 Y92.446 E510.84689
G1 F1912.4 X115.913 Y92.451 E511.58463
G1 F1761.5 X115.586 Y92.492 E511.6145
G1 F1641 X115.293 Y92.493 E511.643
G1 X115.293 Y92.786 E511.67151
G1 F1771.2 X115.25 Y93.2 E511.70902
G1 F1912.4 X115.249 Y94.044 E511.77948
G1 F1764.7 X115.207 Y94.207 E511.79471
G1 F1758.2 X115.044 Y94.249 E511.81
G1 F1901 X107.913 Y94.252 E512.40887
G1 F1761.5 X107.586 Y94.293 E512.43874
G1 F1641 X107.293 Y94.293 E512.46724
G1 X107.293 Y94.586 E512.49575
G1 F1771.2 X107.25 Y95 E512.53327
G1 F1912.4 X107.252 Y117.087 E514.37715
G1 F1761.5 X107.293 Y117.414 E514.40702
G1 F1641 X107.293 Y117.707 E514.43553
G1 X107.586 Y117.707 E514.46403
G1 F1771.2 X108 Y117.75 E514.50155
G1 F1920 X110 Y117.75 E514.66785
G1 F2700 E509.66785
;MESH:NONMESH
G0 F300 Z5.4
G0 F12000 X110 Y117.49
G0 X107.562 Y117.438
G0 X107.57 Y94.57
G0 X107.57 Y93.335
G0 X106.853 Y92.347
G0 X100 Y92.335
G0 X100 Y93.2
;TIME_ELAPSED:467.212285
;LAYER:13
;TYPE:SUPPORT
G1 F2700 E514.66785
G1 F2400 X98 Y93.2 E514.80089
G1 X98 Y93.4 E514.81419
G1 X100 Y93.4 E514.94723
G1 X100 Y93.2 E514.96054
G1 X102 Y93.2 E515.09358
G1 X102 Y93.4 E515.10688
G1 X104 Y93.4 E515.23992
G1 X104 Y93.2 E515.25323
G1 X106 Y93.2 E515.38627
G1 X106 Y93.4 E515.39957
G1 F2700 E510.39957
G0 F12000 X106.853 Y93.347
G0 X106.853 Y92.347
G0 X97.147 Y92.347
G0 X94.347 Y93.347
G0 X94.347 Y118.657
G0 X97.147 Y119.654
G0 X106.853 Y119.653
G0 X106.853 Y118.653
G0 X106 Y118.8
G1 F2700 E515.39957
G1 F2400 X106 Y118.602 E515.41274
G1 X104 Y118.602 E515.54578
G1 X104 Y118.801 E515.55902
G1 X102 Y118.801 E515.69206
G1 X102 Y118.603 E515.70523
G1 X100 Y118.603 E515.83827
G1 X100 Y118.801 E515.85144
G1 X98 Y118.801 E515.98448
G1 X98 Y118.604 E515.99759
G1 X100 Y118.603 E516.13063
G0 F12000 X98.82 Y118.404
;TYPE:SUPPORT-INTERFACE
G1 F2400 X106.2 Y111.023 E516.82494
G0 F12000 X106.2 Y109.594
G1 F2400 X97.8 Y101.194 E517.61516
G0 F12000 X97.8 Y102.453
G1 F2400 X106.2 Y94.052 E518.40543
G1 F2700 E513.40543
G0 F12000 X106.2 Y96.018
G1 F2700 E518.40543
G1 F2400 X103.782 Y93.6 E518.6329
G0 F12000 X103.259 Y93.6
G1 F2400 X97.8 Y99.059 E519.14645
G0 F12000 X97.8 Y97.8
G1 F2400 X106.2 Y106.2 E519.93667
G0 F12000 X106.2 Y107.629
G1 F2400 X97.8 Y116.029 E520.72689
G0 F12000 X97.8 Y114.771
G1 F2400 X101.432 Y118.403 E521.06857
G0 F12000 X102.214 Y118.403
G1 F2400 X106.2 Y114.417 E521.44355
G0 F12000 X106.2 Y112.989
G1 F2400 X97.8 Y104.588 E522.23381
G0 F12000 X97.8 Y105.847
G1 F2400 X106.2 Y97.446 E523.02408
G1 F2700 E518.02408
G0 F12000 X106.2 Y99.412
G1 F2700 E523.02408
G1 F2400 X100.388 Y93.6 E523.57084
G0 F12000 X99.865 Y93.6
G1 F2400 X97.8 Y95.664 E523.76505
G0 F12000 X97.8 Y94.406
G1 F2400 X106.2 Y102.806 E524.55527
G0 F12000 X106.2 Y104.235
G1 F2400 X97.8 Y112.635 E525.34549
G0 F12000 X97.8 Y111.376
G1 F2400 X104.826 Y118.402 E526.00646
G0 F12000 X105.609 Y118.403
G1 F2400 X106.2 Y117.811 E526.0621
G0 F12000 X106.2 Y116.383
G1 F2400 X97.8 Y107.982 E526.85237
G0 F12000 X97.8 Y109.241
G1 F2400 X106.2 Y100.84 E527.64264
G1 F2700 E522.64264
G0 F12000 X108.665 Y100.84
G0 X125.653 Y118.548
G0 X125.653 Y120.853
G0 X114.347 Y120.853
G0 X97.147 Y119.654
G0 X97.147 Y118.653
G0 X97.8 Y118.165
G1 F2700 E527.64264
G1 F2400 X98.038 Y118.403 E527.66503
G1 F2700 E522.66503
;MESH:motor_cover.stl
G0 F12000 X96.576 Y117.577
G0 X96 Y117
;TYPE:WALL-INNER
G1 F2700 E527.66503
G1 F2400 X96 Y95 E529.12847
G0 F12000 X96.12 Y117.121
G0 X96.4 Y117.398
G1 F2400 X96.4 Y94.6 E530.645
G1 X95.6 Y94.6 E530.69822
G1 X95.6 Y117.401 E532.21495
G1 X96.4 Y117.398 E532.26816
G0 F12000 X96.8 Y117.796
;TYPE:WALL-OUTER
G1 F2400 X96.8 Y94.2 E533.83778
G1 X95.2 Y94.2 E533.94421
G1 X95.2 Y117.803 E535.51429
G1 X96.8 Y117.796 E535.62072
G1 F2700 E530.62072
G0 F12000 X96.52 Y117.521
G0 X96.572 Y118.665
G0 X97.147 Y119.654
G0 X106.853 Y119.653
G0 X107.43 Y118.665
G0 X115.46 Y117.586
;TYPE:WALL-INNER
G1 F2700 E535.62072
G1 F2580.6 X115.391 Y117.546 E535.62565
G1 X115.391 Y117.626 E535.6306
G1 X115.46 Y117.586 E535.63554
G1 F2700 E530.63554
G0 F12000 X115.48 Y117.52
G0 X110 Y117.49
G0 X110 Y117.75
;TYPE:WALL-OUTER
G1 F2700 E535.63554
G1 F1920 X115 Y117.75 E536.05129
G1 X115.25 Y118 E536.08069
G1 F1912.4 X115.252 Y119.287 E536.18813
G1 F1761.5 X115.293 Y119.614 E536.218
G1 F1641 X115.293 Y119.907 E536.2465
G1 X115.586 Y119.907 E536.27501
G1 F1771.2 X116 Y119.95 E536.31252
G1 F1920 X124.75 Y119.95 E537.04009
G1 X124.75 Y119.45 E537.08167
G1 X116 Y119.45 E537.80923
G1 F1771.2 X115.793 Y119.407 E537.82829
G1 F1761.5 X115.751 Y119.244 E537.84354
G1 F1912.4 X115.75 Y118 E537.9474
G1 F2133.3 X115.8 Y117.586 E537.9786
G1 F2400 X115.8 Y117.2 E538.00428
G1 X115.414 Y117.2 E538.02996
G1 F2133.3 X115 Y117.25 E538.06116
G1 F1920 X108 Y117.25 E538.64322
G1 F1771.2 X107.793 Y117.207 E538.66227
G1 F1761.5 X107.751 Y117.044 E538.67753
G1 F1912.4 X107.75 Y95 E540.51783
G1 F1771.2 X107.793 Y94.793 E540.53688
G1 F1761.5 X107.956 Y94.751 E540.55214
G1 F1901 X115.087 Y94.748 E541.15101
G1 F1758.2 X115.414 Y94.707 E541.18094
G1 F1638.2 X115.707 Y94.707 E541.20949
G1 X115.707 Y94.414 E541.23804
G1 F1764.7 X115.749 Y94.087 E541.26787
G1 F1912.4 X115.75 Y92.8 E541.37531
G1 F1771.2 X115.793 Y92.593 E541.39437
G1 F1761.5 X115.956 Y92.551 E541.40962
G1 F1912.4 X124.75 Y92.546 E542.14377
G1 F1920 X124.75 Y92.046 E542.18535
G1 F1912.4 X115.913 Y92.051 E542.92309
G1 F1761.5 X115.586 Y92.092 E542.95296
G1 F1641 X115.293 Y92.093 E542.98146
G1 X115.293 Y92.386 E543.00997
G1 F1771.2 X115.25 Y92.8 E543.04748
G1 F1912.4 X115.249 Y94.044 E543.15134
G1 F1764.7 X115.207 Y94.207 E543.16656
G1 F1758.2 X115.044 Y94.249 E543.18185
G1 F1901 X107.913 Y94.252 E543.78072
G1 F1761.5 X107.586 Y94.293 E543.81059
G1 F1641 X107.293 Y94.293 E543.8391
G1 X107.293 Y94.586 E543.8676
G1 F1771.2 X107.25 Y95 E543.90512
G1 F1912.4 X107.252 Y117.087 E545.749
G1 F1761.5 X107.293 Y117.414 E545.77887
G1 F1641 X107.293 Y117.707 E545.80738
G1 X107.586 Y117.707 E545.83588
G1 F1771.2 X108 Y117.75 E545.8734
G1 F1920 X110 Y117.75 E546.0397
G1 F2700 E541.0397
;MESH:NONMESH
G0 F300 Z5.8
G0 F12000 X110 Y117.49
G0 X107.562 Y117.438
G0 X107.43 Y95
G0 X108.653 Y95.653
G0 X116.653 Y95.653
G0 X125.653 Y93.452
G0 X125.653 Y91.146
G0 X114.347 Y91.147
G0 X97.147 Y92.347
G0 X96.57 Y93.335
G0 X96.57 Y95
G0 X96 Y95
;TIME_ELAPSED:492.067139
;LAYER:14
;note -- min layer time used
;TYPE:WALL-INNER
;MESH:motor_cover.stl
G1 F2700 E546.0397
G1 F1547.9 X96 Y117 E547.50315
G0 F12000 X96.4 Y117.398
G1 F1547.9 X96.4 Y94.6 E549.01968
G1 X95.6 Y94.6 E549.07289
G1 X95.6 Y117.401 E550.58962
G1 X96.4 Y117.398 E550.64284
G0 F12000 X96.8 Y117.796
;TYPE:WALL-OUTER
G1 F1547.9 X96.8 Y94.2 E552.21245
G1 X95.2 Y94.2 E552.31888
G1 X95.2 Y117.803 E553.88896
G1 X96.8 Y117.796 E553.99539
G1 F2700 E548.99539
G0 F12000 X96.52 Y117.521
G0 X97.665 Y117.52
G0 X106.335 Y117.52
G0 X115.46 Y117.586
;TYPE:WALL-INNER
G1 F2700 E553.99539
G1 F1664.4 X115.391 Y117.546 E554.00033
G1 X115.391 Y117.626 E554.00528
G1 X115.46 Y117.586 E554.01021
G1 F2700 E549.01021
G0 F12000 X115.48 Y117.52
G0 X110 Y117.49
G0 X110 Y117.75
;TYPE:WALL-OUTER
G1 F2700 E554.01021
G1 F1238.3 X115 Y117.75 E554.42596
G1 X115.25 Y118 E554.45536
G1 F1233.4 X115.252 Y119.687 E554.5962
G1 F1136.1 X115.293 Y120.014 E554.62607
G1 F1058.4 X115.293 Y120.307 E554.65457
G1 X115.586 Y120.307 E554.68308
G1 F1142.3 X116 Y120.35 E554.72059
G1 F1238.3 X124.75 Y120.35 E555.44816
G1 X124.75 Y119.85 E555.48973
G1 X116 Y119.85 E556.2173
G1 F1142.3 X115.793 Y119.807 E556.23635
G1 F1136.1 X115.751 Y119.644 E556.25161
G1 F1233.4 X115.75 Y118 E556.38886
G1 F1375.9 X115.8 Y117.586 E556.42006
G1 F1547.9 X115.8 Y117.2 E556.44574
G1 X115.414 Y117.2 E556.47142
G1 F1375.9 X115 Y117.25 E556.50262
G1 F1238.3 X108 Y117.25 E557.08468
G1 F1142.3 X107.793 Y117.207 E557.10373
G1 F1136.1 X107.751 Y117.044 E557.11899
G1 F1233.4 X107.75 Y95 E558.95929
G1 F1142.3 X107.793 Y94.793 E558.97834
G1 F1136.1 X107.956 Y94.751 E558.9936
G1 F1226 X115.087 Y94.748 E559.59247
G1 F1134 X115.414 Y94.707 E559.6224
G1 F1056.6 X115.707 Y94.707 E559.65095
G1 X115.707 Y94.414 E559.6795
G1 F1138.1 X115.749 Y94.087 E559.70933
G1 F1233.4 X115.75 Y92.4 E559.85017
G1 F1142.3 X115.793 Y92.193 E559.86922
G1 F1136.1 X115.956 Y92.151 E559.88448
G1 F1233.4 X124.75 Y92.146 E560.61863
G1 F1238.3 X124.75 Y91.646 E560.6602
G1 F1233.4 X115.913 Y91.651 E561.39794
G1 F1136.1 X115.586 Y91.692 E561.42781
G1 F1058.4 X115.293 Y91.693 E561.45631
G1 X115.293 Y91.986 E561.48482
G1 F1142.3 X115.25 Y92.4 E561.52234
G1 F1233.4 X115.249 Y94.044 E561.65958
G1 F1138.1 X115.207 Y94.207 E561.67481
G1 F1134 X115.044 Y94.249 E561.69009
G1 F1226 X107.913 Y94.252 E562.28897
G1 F1136.1 X107.586 Y94.293 E562.31884
G1 F1058.4 X107.293 Y94.293 E562.34734
G1 X107.293 Y94.586 E562.37585
G1 F1142.3 X107.25 Y95 E562.41336
G1 F1233.4 X107.252 Y117.087 E564.25725
G1 F1136.1 X107.293 Y117.414 E564.28712
G1 F1058.4 X107.293 Y117.707 E564.31563
G1 X107.586 Y117.707 E564.34413
G1 F1142.3 X108 Y117.75 E564.38165
G1 F1238.3 X110 Y117.75 E564.54795
G1 F2700 E559.54795
;MESH:NONMESH
G0 F300 Z6.2
G0 F12000 X110 Y117.49
G0 X107.562 Y117.438
G0 X107.43 Y116.602
G0 X106.6 Y116.602
;TIME_ELAPSED:505.605685
;LAYER:15
;TYPE:WALL-INNER
;MESH:motor_cover.stl
G1 F2700 E564.54795
G1 F2400 X106.6 Y95.4 E565.95831
G1 X96.4 Y95.4 E566.63682
G1 X96.4 Y116.603 E568.04725
G1 X106.6 Y116.602 E568.72575
G0 F12000 X106.998 Y117
G1 F2400 X107 Y95 E570.1892
G1 X96 Y95 E570.92092
G1 X96 Y117.003 E572.38457
G1 X106.998 Y117 E573.11616
G0 F12000 X107.802 Y117.402
G1 F2400 X107.4 Y117 E573.15398
G1 X107.4 Y95 E574.61742
G1 X107.737 Y94.599 E574.65226
G1 X95.6 Y94.6 E575.45962
G1 X95.6 Y117.403 E576.97648
G1 X107.802 Y117.402 E577.78816
G1 F2700 E572.78816
G0 F12000 X107.12 Y117.122
G0 X107.562 Y117.438
G0 X115.48 Y117.52
G0 X115.46 Y117.586
G1 F2700 E577.78816
G1 F2580.6 X115.391 Y117.546 E577.7931
G1 X115.391 Y117.626 E577.79805
G1 X115.46 Y117.586 E577.80298
G1 F2700 E572.80298
G0 F12000 X115.48 Y117.52
G0 X110 Y117.491
G0 X110 Y117.751
;TYPE:WALL-OUTER
G1 F2700 E577.80298
G1 F1920 X115 Y117.75 E578.21873
G1 X115.25 Y118 E578.24813
G1 F1912.4 X115.252 Y120.083 E578.42203
G1 F1758.2 X115.293 Y120.413 E578.45222
G1 F1635.4 X115.293 Y120.707 E578.48092
G1 X115.587 Y120.707 E578.50962
G1 F1764.7 X116 Y120.749 E578.54718
G1 F1920 X124.75 Y120.75 E579.27474
G1 X124.75 Y120.25 E579.31632
G1 X116 Y120.247 E580.04388
G1 F1764.7 X115.793 Y120.205 E580.06299
G1 F1758.2 X115.751 Y120.04 E580.07845
G1 F1912.4 X115.75 Y118 E580.24875
G1 F2133.3 X115.8 Y117.586 E580.27996
G1 F2400 X115.8 Y117.2 E580.30564
G1 X115.414 Y117.2 E580.33132
G1 F2133.3 X115 Y117.25 E580.36252
G1 F1920 X108 Y117.25 E580.94457
G1 F2133.3 X107.8 Y117 E580.96853
G1 F2400 X107.8 Y95 E582.43198
G1 F2123.9 X107.956 Y94.751 E582.45407
G1 F1901 X115.087 Y94.748 E583.05294
G1 F1758.2 X115.414 Y94.707 E583.08287
G1 F1638.2 X115.707 Y94.707 E583.11142
G1 X115.707 Y94.414 E583.13997
G1 F1764.7 X115.749 Y94.087 E583.1698
G1 F1912.4 X115.75 Y92 E583.34403
G1 F1771.2 X115.793 Y91.793 E583.36308
G1 F1761.5 X115.956 Y91.751 E583.37834
G1 F1912.4 X124.751 Y91.747 E584.11257
G1 F1927.7 X124.751 Y91.249 E584.15381
G1 F1912.4 X115.913 Y91.252 E584.89164
G1 F1761.5 X115.586 Y91.293 E584.92151
G1 F1641 X115.293 Y91.293 E584.95001
G1 X115.293 Y91.586 E584.97852
G1 F1771.2 X115.25 Y92 E585.01603
G1 F1912.4 X115.249 Y94.044 E585.18667
G1 F1764.7 X115.207 Y94.207 E585.2019
G1 F1758.2 X115.044 Y94.249 E585.21718
G1 F1901 X107.913 Y94.252 E585.81606
G1 F2123.9 X107 Y94.2 E585.8848
G1 F2400 X95.2 Y94.2 E586.66974
G1 X95.2 Y117.803 E588.23981
G1 X106.998 Y117.802 E589.02462
G1 F2133.3 X108 Y117.752 E589.0997
G1 F1920 X110 Y117.751 E589.266
G1 F2700 E584.266
G0 F12000 X110 Y117.491
G0 X107.562 Y117.438
G0 X106.5 Y116.24
G0 X106.24 Y116.24
;TYPE:SKIN
G1 F2700 E589.266
G1 F2400 X96.76 Y116.24 E589.89661
G1 X96.76 Y95.76 E591.25895
G1 X106.24 Y95.76 E591.88956
G1 X106.24 Y116.24 E593.25189
G0 F12000 X106.04 Y115.709
G1 F2400 X105.708 Y116.04 E593.28308
G0 F12000 X105.143 Y116.04
G1 F2400 X106.04 Y115.143 E593.36746
G0 F12000 X106.04 Y114.577
G1 F2400 X104.577 Y116.04 E593.50509
G0 F12000 X104.011 Y116.04
G1 F2400 X106.04 Y114.012 E593.69592
G0 F12000 X106.04 Y113.446
G1 F2400 X103.445 Y116.04 E593.94
G0 F12000 X102.88 Y116.04
G1 F2400 X106.04 Y112.88 E594.23727
G0 F12000 X106.04 Y112.315
G1 F2400 X102.314 Y116.04 E594.58774
G0 F12000 X101.748 Y116.04
G1 F2400 X106.04 Y111.749 E594.99146
G0 F12000 X106.04 Y111.183
G1 F2400 X101.183 Y116.04 E595.44838
G0 F12000 X100.617 Y116.04
G1 F2400 X106.04 Y110.618 E595.95849
G0 F12000 X106.04 Y110.052
G1 F2400 X100.051 Y116.04 E596.52185
G0 F12000 X99.486 Y116.04
G1 F2400 X106.04 Y109.486 E597.13842
G0 F12000 X106.04 Y108.921
G1 F2400 X98.92 Y116.04 E597.80817
G0 F12000 X98.354 Y116.04
G1 F2400 X106.04 Y108.355 E598.53118
G0 F12000 X106.04 Y107.789
G1 F2400 X97.789 Y116.04 E599.30738
G0 F12000 X97.223 Y116.04
G1 F2400 X106.04 Y107.224 E600.13678
G0 F12000 X106.04 Y106.658
G1 F2400 X96.96 Y115.738 E600.99098
G0 F12000 X96.96 Y115.172
G1 F2400 X106.04 Y106.092 E601.84517
G0 F12000 X106.04 Y105.526
G1 F2400 X96.96 Y114.606 E602.69936
G0 F12000 X96.96 Y114.041
G1 F2400 X106.04 Y104.961 E603.55355
G0 F12000 X106.04 Y104.395
G1 F2400 X96.96 Y113.475 E604.40774
G0 F12000 X96.96 Y112.909
G1 F2400 X106.04 Y103.829 E605.26193
G0 F12000 X106.04 Y103.264
G1 F2400 X96.96 Y112.344 E606.11612
G0 F12000 X96.96 Y111.778
G1 F2400 X106.04 Y102.698 E606.97031
G0 F12000 X106.04 Y102.132
G1 F2400 X96.96 Y111.212 E607.8245
G0 F12000 X96.96 Y110.647
G1 F2400 X106.04 Y101.567 E608.67869
G0 F12000 X106.04 Y101.001
G1 F2400 X96.96 Y110.081 E609.53288
G0 F12000 X96.96 Y109.515
G1 F2400 X106.04 Y100.435 E610.38707
G0 F12000 X106.04 Y99.87
G1 F2400 X96.96 Y108.95 E611.24126
G0 F12000 X96.96 Y108.384
G1 F2400 X106.04 Y99.304 E612.09545
G0 F12000 X106.04 Y98.738
G1 F2400 X96.96 Y107.818 E612.94965
G0 F12000 X96.96 Y107.253
G1 F2400 X106.04 Y98.173 E613.80384
G0 F12000 X106.04 Y97.607
G1 F2400 X96.96 Y106.687 E614.65803
G0 F12000 X96.96 Y106.121
G1 F2400 X106.04 Y97.041 E615.51222
G0 F12000 X106.04 Y96.476
G1 F2400 X96.96 Y105.555 E616.36636
G0 F12000 X96.96 Y104.99
G1 F2400 X105.99 Y95.96 E617.21585
G0 F12000 X105.424 Y95.96
G1 F2400 X96.96 Y104.424 E618.01209
G0 F12000 X96.96 Y103.858
G1 F2400 X104.858 Y95.96 E618.75508
G0 F12000 X104.293 Y95.96
G1 F2400 X96.96 Y103.293 E619.44493
G0 F12000 X96.96 Y102.727
G1 F2400 X103.727 Y95.96 E620.08153
G0 F12000 X103.161 Y95.96
G1 F2400 X96.96 Y102.161 E620.66488
G0 F12000 X96.96 Y101.596
G1 F2400 X102.596 Y95.96 E621.19508
G0 F12000 X102.03 Y95.96
G1 F2400 X96.96 Y101.03 E621.67203
G0 F12000 X96.96 Y100.464
G1 F2400 X101.464 Y95.96 E622.09574
G0 F12000 X100.898 Y95.96
G1 F2400 X96.96 Y99.899 E622.46625
G0 F12000 X96.96 Y99.333
G1 F2400 X100.333 Y95.96 E622.78356
G0 F12000 X99.767 Y95.96
G1 F2400 X96.96 Y98.767 E623.04763
G0 F12000 X96.96 Y98.202
G1 F2400 X99.201 Y95.96 E623.25849
G0 F12000 X98.636 Y95.96
G1 F2400 X96.96 Y97.636 E623.41616
G0 F12000 X96.96 Y97.07
G1 F2400 X98.07 Y95.96 E623.52058
G0 F12000 X97.504 Y95.96
G1 F2400 X96.96 Y96.505 E623.57181
G0 F12000 X96.21 Y96.505
;MESH:NONMESH
G0 F300 Z6.6
G0 F12000 X96.572 Y116.431
G0 X106.6 Y116.602
;TIME_ELAPSED:537.763572
;LAYER:16
;TYPE:WALL-INNER
;MESH:motor_cover.stl
G1 F2400 X106.6 Y95.4 E624.98217
G1 X96.4 Y95.4 E625.66068
G1 X96.4 Y116.603 E627.07111
G1 X106.6 Y116.602 E627.74961
G0 F12000 X106.998 Y117
G1 F2400 X107 Y95 E629.21306
G1 X96 Y95 E629.94478
G1 X96 Y117.003 E631.40843
G1 X106.998 Y117 E632.14002
G0 F12000 X107.802 Y117.402
G1 F2400 X107.4 Y117 E632.17784
G1 X107.4 Y95 E633.64128
G1 X107.737 Y94.599 E633.67613
G1 X95.6 Y94.6 E634.48348
G1 X95.6 Y117.403 E636.00034
G1 X107.802 Y117.402 E636.81202
G1 F2700 E631.81202
G0 F12000 X107.12 Y117.122
G0 X107.562 Y117.438
G0 X115.48 Y117.52
G0 X115.46 Y117.586
G1 F2700 E636.81202
G1 F2580.6 X115.391 Y117.546 E636.81696
G1 X115.391 Y117.626 E636.82191
G1 X115.46 Y117.586 E636.82684
G1 F2700 E631.82684
G0 F12000 X115.48 Y117.52
G0 X110 Y117.491
G0 X110 Y117.751
;TYPE:WALL-OUTER
G1 F2700 E636.82684
G1 F1920 X115 Y117.75 E637.24259
G1 X115.25 Y118 E637.27199
G1 F1912.4 X115.252 Y120.087 E637.44622
G1 F1761.5 X115.293 Y120.414 E637.47609
G1 F1641 X115.293 Y120.707 E637.50459
G1 X115.586 Y120.707 E637.5331
G1 F1771.2 X116 Y120.75 E637.57061
G1 F1920 X124.75 Y120.75 E638.29818
G1 X124.75 Y120.25 E638.33976
G1 X116 Y120.25 E639.06732
G1 F1771.2 X115.793 Y120.207 E639.08638
G1 F1761.5 X115.751 Y120.044 E639.10163
G1 F1912.4 X115.75 Y118 E639.27227
G1 F2133.3 X115.8 Y117.586 E639.30348
G1 F2400 X115.8 Y117.2 E639.32916
G1 X115.414 Y117.2 E639.35483
G1 F2133.3 X115 Y117.25 E639.38604
G1 F1920 X108 Y117.25 E639.96809
G1 F2133.3 X107.8 Y117 E639.99205
G1 F2400 X107.8 Y95 E641.4555
G1 F2123.9 X107.956 Y94.751 E641.47758
G1 F1901 X115.087 Y94.748 E642.07646
G1 F1758.2 X115.414 Y94.707 E642.10638
G1 F1638.2 X115.707 Y94.707 E642.13494
G1 X115.707 Y94.414 E642.16349
G1 F1764.7 X115.749 Y94.087 E642.19332
G1 F1912.4 X115.75 Y92 E642.36754
G1 F1771.2 X115.793 Y91.793 E642.3866
G1 F1761.5 X115.956 Y91.751 E642.40186
G1 F1912.4 X124.75 Y91.75 E643.13601
G1 F1920 X124.75 Y91.25 E643.17758
G1 F1912.4 X115.913 Y91.252 E643.91532
G1 F1761.5 X115.586 Y91.293 E643.94519
G1 F1641 X115.293 Y91.293 E643.97369
G1 X115.293 Y91.586 E644.0022
G1 F1771.2 X115.25 Y92 E644.03971
G1 F1912.4 X115.249 Y94.044 E644.21035
G1 F1764.7 X115.207 Y94.207 E644.22558
G1 F1758.2 X115.044 Y94.249 E644.24087
G1 F1901 X107.913 Y94.252 E644.83974
G1 F2123.9 X107 Y94.2 E644.90848
G1 F2400 X95.2 Y94.2 E645.69342
G1 X95.2 Y117.803 E647.2635
G1 X106.998 Y117.802 E648.0483
G1 F2133.3 X108 Y117.752 E648.12338
G1 F1920 X110 Y117.751 E648.28968
G1 F2700 E643.28968
G0 F12000 X110 Y117.491
G0 X107.562 Y117.438
G0 X106.5 Y116.24
G0 X106.24 Y116.24
;TYPE:SKIN
G1 F2700 E648.28968
G1 F2400 X96.76 Y116.24 E648.92029
G1 X96.76 Y95.76 E650.28263
G1 X106.24 Y95.76 E650.91324
G1 X106.24 Y116.24 E652.27558
G0 F12000 X106.5 Y116.24
G0 X97.372 Y116.503
G0 X97.372 Y116.04
G1 F2400 X96.96 Y115.628 E652.31434
G0 F12000 X96.96 Y115.062
G1 F2400 X97.938 Y116.04 E652.40634
G0 F12000 X98.504 Y116.04
G1 F2400 X96.96 Y114.496 E652.55159
G0 F12000 X96.96 Y113.93
G1 F2400 X99.069 Y116.04 E652.75004
G0 F12000 X99.635 Y116.04
G1 F2400 X96.96 Y113.365 E653.00169
G0 F12000 X96.96 Y112.799
G1 F2400 X100.201 Y116.04 E653.30658
G0 F12000 X100.766 Y116.04
G1 F2400 X96.96 Y112.233 E653.66467
G0 F12000 X96.96 Y111.668
G1 F2400 X101.332 Y116.04 E654.07596
G0 F12000 X101.898 Y116.04
G1 F2400 X96.96 Y111.102 E654.5405
G0 F12000 X96.96 Y110.536
G1 F2400 X102.463 Y116.04 E655.05823
G0 F12000 X103.029 Y116.04
G1 F2400 X96.96 Y109.971 E655.62917
G0 F12000 X96.96 Y109.405
G1 F2400 X103.595 Y116.04 E656.25335
G0 F12000 X104.16 Y116.04
G1 F2400 X96.96 Y108.839 E656.93073
G0 F12000 X96.96 Y108.274
G1 F2400 X104.726 Y116.04 E657.66131
G0 F12000 X105.292 Y116.04
G1 F2400 X96.96 Y107.708 E658.44513
G0 F12000 X96.96 Y107.142
G1 F2400 X105.857 Y116.04 E659.28215
G0 F12000 X106.041 Y115.657
G1 F2400 X96.96 Y106.577 E660.13639
G0 F12000 X96.96 Y106.011
G1 F2400 X106.041 Y115.092 E660.99067
G0 F12000 X106.041 Y114.526
G1 F2400 X96.96 Y105.445 E661.84496
G0 F12000 X96.96 Y104.879
G1 F2400 X106.041 Y113.96 E662.69924
G0 F12000 X106.041 Y113.394
G1 F2400 X96.96 Y104.314 E663.55348
G0 F12000 X96.96 Y103.748
G1 F2400 X106.041 Y112.829 E664.40777
G0 F12000 X106.041 Y112.263
G1 F2400 X96.96 Y103.182 E665.26205
G0 F12000 X96.96 Y102.617
G1 F2400 X106.041 Y111.697 E666.11629
G0 F12000 X106.041 Y111.132
G1 F2400 X96.96 Y102.051 E666.97057
G0 F12000 X96.96 Y101.485
G1 F2400 X106.041 Y110.566 E667.82486
G0 F12000 X106.041 Y110
G1 F2400 X96.96 Y100.92 E668.6791
G0 F12000 X96.96 Y100.354
G1 F2400 X106.041 Y109.435 E669.53338
G0 F12000 X106.041 Y108.869
G1 F2400 X96.96 Y99.788 E670.38767
G0 F12000 X96.96 Y99.223
G1 F2400 X106.041 Y108.303 E671.2419
G0 F12000 X106.041 Y107.738
G1 F2400 X96.96 Y98.657 E672.09619
G0 F12000 X96.96 Y98.091
G1 F2400 X106.041 Y107.172 E672.95047
G0 F12000 X106.041 Y106.606
G1 F2400 X96.96 Y97.526 E673.80471
G0 F12000 X96.96 Y96.96
G1 F2400 X106.041 Y106.041 E674.659
G0 F12000 X106.041 Y105.475
G1 F2400 X96.96 Y96.394 E675.51328
G0 F12000 X97.091 Y95.96
G1 F2400 X106.041 Y104.909 E676.35519
G0 F12000 X106.041 Y104.344
G1 F2400 X97.657 Y95.96 E677.14391
G0 F12000 X98.223 Y95.96
G1 F2400 X106.041 Y103.778 E677.87938
G0 F12000 X106.041 Y103.212
G1 F2400 X98.788 Y95.96 E678.56165
G0 F12000 X99.354 Y95.96
G1 F2400 X106.041 Y102.646 E679.19067
G0 F12000 X106.041 Y102.081
G1 F2400 X99.92 Y95.96 E679.7665
G0 F12000 X100.486 Y95.96
G1 F2400 X106.041 Y101.515 E680.28908
G0 F12000 X106.041 Y100.949
G1 F2400 X101.051 Y95.96 E680.75846
G0 F12000 X101.617 Y95.96
G1 F2400 X106.041 Y100.384 E681.17465
G0 F12000 X106.041 Y99.818
G1 F2400 X102.183 Y95.96 E681.53758
G0 F12000 X102.748 Y95.96
G1 F2400 X106.041 Y99.252 E681.84732
G0 F12000 X106.041 Y98.687
G1 F2400 X103.314 Y95.96 E682.10386
G0 F12000 X103.88 Y95.96
G1 F2400 X106.041 Y98.121 E682.30715
G0 F12000 X106.041 Y97.555
G1 F2400 X104.445 Y95.96 E682.45725
G0 F12000 X105.011 Y95.96
G1 F2400 X106.041 Y96.99 E682.55414
G0 F12000 X106.041 Y96.424
G1 F2400 X105.577 Y95.96 E682.5978
G0 F12000 X105.577 Y95.21
;MESH:NONMESH
G0 F300 Z7
G0 F12000 X106.428 Y95.572
G0 X106.6 Y116.602
;TIME_ELAPSED:569.801108
;LAYER:17
;TYPE:WALL-INNER
;MESH:motor_cover.stl
G1 F2400 X106.6 Y95.4 E684.00816
G1 X96.4 Y95.4 E684.68666
G1 X96.4 Y116.603 E686.09709
G1 X106.6 Y116.602 E686.7756
G0 F12000 X106.998 Y117
G1 F2400 X107 Y95 E688.23905
G1 X96 Y95 E688.97077
G1 X96 Y117.003 E690.43442
G1 X106.998 Y117 E691.16601
G0 F12000 X107.802 Y117.402
G1 F2400 X107.4 Y117 E691.20382
G1 X107.4 Y95 E692.66727
G1 X107.737 Y94.599 E692.70211
G1 X95.6 Y94.6 E693.50947
G1 X95.6 Y117.403 E695.02633
G1 X107.802 Y117.402 E695.83801
G1 F2700 E690.83801
G0 F12000 X107.12 Y117.122
G0 X107.562 Y117.438
G0 X115.48 Y117.52
G0 X115.46 Y117.586
G1 F2700 E695.83801
G1 F2580.6 X115.391 Y117.546 E695.84294
G1 X115.391 Y117.626 E695.84789
G1 X115.46 Y117.586 E695.85283
G1 F2700 E690.85283
G0 F12000 X115.48 Y117.52
G0 X110 Y117.491
G0 X110 Y117.751
;TYPE:WALL-OUTER
G1 F2700 E695.85283
G1 F1920 X115 Y117.75 E696.26858
G1 X115.25 Y118 E696.29798
G1 F1912.4 X115.252 Y120.087 E696.47221
G1 F1761.5 X115.293 Y120.414 E696.50208
G1 F1641 X115.293 Y120.707 E696.53058
G1 X115.586 Y120.707 E696.55909
G1 F1771.2 X116 Y120.75 E696.5966
G1 F1920 X124.75 Y120.75 E697.32417
G1 X124.75 Y120.25 E697.36574
G1 X116 Y120.25 E698.09331
G1 F1771.2 X115.793 Y120.207 E698.11236
G1 F1761.5 X115.751 Y120.044 E698.12762
G1 F1912.4 X115.75 Y118 E698.29826
G1 F2133.3 X115.8 Y117.586 E698.32947
G1 F2400 X115.8 Y117.2 E698.35514
G1 X115.414 Y117.2 E698.38082
G1 F2133.3 X115 Y117.25 E698.41203
G1 F1920 X108 Y117.25 E698.99408
G1 F2133.3 X107.8 Y117 E699.01804
G1 F2400 X107.8 Y95 E700.48148
G1 F2123.9 X107.956 Y94.751 E700.50357
G1 F1901 X115.087 Y94.748 E701.10245
G1 F1758.2 X115.414 Y94.707 E701.13237
G1 F1638.2 X115.707 Y94.707 E701.16092
G1 X115.707 Y94.414 E701.18948
G1 F1764.7 X115.749 Y94.087 E701.2193
G1 F1912.4 X115.75 Y92 E701.39353
G1 F1771.2 X115.793 Y91.793 E701.41259
G1 F1761.5 X115.956 Y91.751 E701.42784
G1 F1912.4 X124.75 Y91.75 E702.16199
G1 F1920 X124.75 Y91.25 E702.20357
G1 F1912.4 X115.913 Y91.252 E702.94131
G1 F1761.5 X115.586 Y91.293 E702.97118
G1 F1641 X115.293 Y91.293 E702.99968
G1 X115.293 Y91.586 E703.02819
G1 F1771.2 X115.25 Y92 E703.0657
G1 F1912.4 X115.249 Y94.044 E703.23634
G1 F1764.7 X115.207 Y94.207 E703.25157
G1 F1758.2 X115.044 Y94.249 E703.26685
G1 F1901 X107.913 Y94.252 E703.86573
G1 F2123.9 X107 Y94.2 E703.93447
G1 F2400 X95.2 Y94.2 E704.71941
G1 X95.2 Y117.803 E706.28948
G1 X106.998 Y117.802 E707.07429
G1 F2133.3 X108 Y117.752 E707.14937
G1 F1920 X110 Y117.751 E707.31567
G1 F2700 E702.31567
G0 F12000 X110 Y117.491
G0 X107.562 Y117.438
G0 X106.5 Y116.24
G0 X106.24 Y116.24
;TYPE:SKIN
G1 F2700 E707.31567
G1 F2400 X96.76 Y116.24 E707.94628
G1 X96.76 Y95.76 E709.30862
G1 X106.24 Y95.76 E709.93923
G1 X106.24 Y116.24 E711.30156
G0 F12000 X106.04 Y115.709
G1 F2400 X105.708 Y116.04 E711.33275
G0 F12000 X105.143 Y116.04
G1 F2400 X106.04 Y115.143 E711.41713
G0 F12000 X106.04 Y114.577
G1 F2400 X104.577 Y116.04 E711.55476
G0 F12000 X104.011 Y116.04
G1 F2400 X106.04 Y114.012 E711.74559
G0 F12000 X106.04 Y113.446
G1 F2400 X103.445 Y116.04 E711.98967
G0 F12000 X102.88 Y116.04
G1 F2400 X106.04 Y112.88 E712.28694
G0 F12000 X106.04 Y112.315
G1 F2400 X102.314 Y116.04 E712.63741
G0 F12000 X101.748 Y116.04
G1 F2400 X106.04 Y111.749 E713.04113
G0 F12000 X106.04 Y111.183
G1 F2400 X101.183 Y116.04 E713.49805
G0 F12000 X100.617 Y116.04
G1 F2400 X106.04 Y110.618 E714.00816
G0 F12000 X106.04 Y110.052
G1 F2400 X100.051 Y116.04 E714.57152
G0 F12000 X99.486 Y116.04
G1 F2400 X106.04 Y109.486 E715.18808
G0 F12000 X106.04 Y108.921
G1 F2400 X98.92 Y116.04 E715.85784
G0 F12000 X98.354 Y116.04
G1 F2400 X106.04 Y108.355 E716.58085
G0 F12000 X106.04 Y107.789
G1 F2400 X97.789 Y116.04 E717.35705
G0 F12000 X97.223 Y116.04
G1 F2400 X106.04 Y107.224 E718.18645
G0 F12000 X106.04 Y106.658
G1 F2400 X96.96 Y115.738 E719.04064
G0 F12000 X96.96 Y115.172
G1 F2400 X106.04 Y106.092 E719.89484
G0 F12000 X106.04 Y105.526
G1 F2400 X96.96 Y114.606 E720.74903
G0 F12000 X96.96 Y114.041
G1 F2400 X106.04 Y104.961 E721.60322
G0 F12000 X106.04 Y104.395
G1 F2400 X96.96 Y113.475 E722.45741
G0 F12000 X96.96 Y112.909
G1 F2400 X106.04 Y103.829 E723.3116
G0 F12000 X106.04 Y103.264
G1 F2400 X96.96 Y112.344 E724.16579
G0 F12000 X96.96 Y111.778
G1 F2400 X106.04 Y102.698 E725.01998
G0 F12000 X106.04 Y102.132
G1 F2400 X96.96 Y111.212 E725.87417
G0 F12000 X96.96 Y110.647
G1 F2400 X106.04 Y101.567 E726.72836
G0 F12000 X106.04 Y101.001
G1 F2400 X96.96 Y110.081 E727.58255
G0 F12000 X96.96 Y109.515
G1 F2400 X106.04 Y100.435 E728.43674
G0 F12000 X106.04 Y99.87
G1 F2400 X96.96 Y108.95 E729.29093
G0 F12000 X96.96 Y108.384
G1 F2400 X106.04 Y99.304 E730.14512
G0 F12000 X106.04 Y98.738
G1 F2400 X96.96 Y107.818 E730.99931
G0 F12000 X96.96 Y107.253
G1 F2400 X106.04 Y98.173 E731.85351
G0 F12000 X106.04 Y97.607
G1 F2400 X96.96 Y106.687 E732.7077
G0 F12000 X96.96 Y106.121
G1 F2400 X106.04 Y97.041 E733.56189
G0 F12000 X106.04 Y96.476
G1 F2400 X96.96 Y105.555 E734.41603
G0 F12000 X96.96 Y104.99
G1 F2400 X105.99 Y95.96 E735.26552
G0 F12000 X105.424 Y95.96
G1 F2400 X96.96 Y104.424 E736.06176
G0 F12000 X96.96 Y103.858
G1 F2400 X104.858 Y95.96 E736.80475
G0 F12000 X104.293 Y95.96
G1 F2400 X96.96 Y103.293 E737.4946
G0 F12000 X96.96 Y102.727
G1 F2400 X103.727 Y95.96 E738.1312
G0 F12000 X103.161 Y95.96
G1 F2400 X96.96 Y102.161 E738.71455
G0 F12000 X96.96 Y101.596
G1 F2400 X102.596 Y95.96 E739.24475
G0 F12000 X102.03 Y95.96
G1 F2400 X96.96 Y101.03 E739.7217
G0 F12000 X96.96 Y100.464
G1 F2400 X101.464 Y95.96 E740.14541
G0 F12000 X100.898 Y95.96
G1 F2400 X96.96 Y99.899 E740.51592
G0 F12000 X96.96 Y99.333
G1 F2400 X100.333 Y95.96 E740.83323
G0 F12000 X99.767 Y95.96
G1 F2400 X96.96 Y98.767 E741.0973
G0 F12000 X96.96 Y98.202
G1 F2400 X99.201 Y95.96 E741.30816
G0 F12000 X98.636 Y95.96
G1 F2400 X96.96 Y97.636 E741.46583
G0 F12000 X96.96 Y97.07
G1 F2400 X98.07 Y95.96 E741.57025
G0 F12000 X97.504 Y95.96
G1 F2400 X96.96 Y96.505 E741.62148
G0 F12000 X96.21 Y96.505
;MESH:NONMESH
G0 F300 Z7.4
G0 F12000 X96.572 Y116.431
G0 X106.6 Y116.602
;TIME_ELAPSED:601.775738
;LAYER:18
;TYPE:WALL-INNER
;MESH:motor_cover.stl
G1 F2400 X106.6 Y95.4 E743.03184
G1 X96.4 Y95.4 E743.71035
G1 X96.4 Y116.603 E745.12078
G1 X106.6 Y116.602 E745.79928
G0 F12000 X106.998 Y117
G1 F2400 X107 Y95 E747.26273
G1 X96 Y95 E747.99445
G1 X96 Y117.003 E749.4581
G1 X106.998 Y117 E750.18969
G0 F12000 X107.802 Y117.402
G1 F2400 X107.4 Y117 E750.22751
G1 X107.4 Y95 E751.69095
G1 X107.737 Y94.599 E751.72579
G1 X95.6 Y94.6 E752.53315
G1 X95.6 Y117.403 E754.05001
G1 X107.802 Y117.402 E754.86169
G1 F2700 E749.86169
G0 F12000 X107.12 Y117.122
G0 X107.562 Y117.438
G0 X115.48 Y117.52
G0 X115.46 Y117.586
G1 F2700 E754.86169
G1 F2580.6 X115.391 Y117.546 E754.86663
G1 X115.391 Y117.626 E754.87158
G1 X115.46 Y117.586 E754.87651
G1 F2700 E749.87651
G0 F12000 X115.48 Y117.52
G0 X110 Y117.491
G0 X110 Y117.751
;TYPE:WALL-OUTER
G1 F2700 E754.87651
G1 F1920 X115 Y117.75 E755.29226
G1 X115.25 Y118 E755.32166
G1 F1912.4 X115.252 Y120.087 E755.49589
G1 F1761.5 X115.293 Y120.414 E755.52576
G1 F1641 X115.293 Y120.707 E755.55426
G1 X115.586 Y120.707 E755.58277
G1 F1771.2 X116 Y120.75 E755.62028
G1 F1920 X124.75 Y120.75 E756.34785
G1 X124.75 Y120.25 E756.38943
G1 X116 Y120.25 E757.11699
G1 F1771.2 X115.793 Y120.207 E757.13605
G1 F1761.5 X115.751 Y120.044 E757.1513
G1 F1912.4 X115.75 Y118 E757.32194
G1 F2133.3 X115.8 Y117.586 E757.35315
G1 F2400 X115.8 Y117.2 E757.37883
G1 X115.414 Y117.2 E757.4045
G1 F2133.3 X115 Y117.25 E757.43571
G1 F1920 X108 Y117.25 E758.01776
G1 F2133.3 X107.8 Y117 E758.04172
G1 F2400 X107.8 Y95 E759.50517
G1 F2123.9 X107.956 Y94.751 E759.52725
G1 F1901 X115.087 Y94.748 E760.12613
G1 F1758.2 X115.414 Y94.707 E760.15605
G1 F1638.2 X115.707 Y94.707 E760.18461
G1 X115.707 Y94.414 E760.21316
G1 F1764.7 X115.749 Y94.087 E760.24299
G1 F1912.4 X115.75 Y92 E760.41721
G1 F1771.2 X115.793 Y91.793 E760.43627
G1 F1761.5 X115.956 Y91.751 E760.45153
G1 F1912.4 X124.75 Y91.75 E761.18568
G1 F1920 X124.75 Y91.25 E761.22725
G1 F1912.4 X115.913 Y91.252 E761.96499
G1 F1761.5 X115.586 Y91.293 E761.99486
G1 F1641 X115.293 Y91.293 E762.02336
G1 X115.293 Y91.586 E762.05187
G1 F1771.2 X115.25 Y92 E762.08938
G1 F1912.4 X115.249 Y94.044 E762.26002
G1 F1764.7 X115.207 Y94.207 E762.27525
G1 F1758.2 X115.044 Y94.249 E762.29054
G1 F1901 X107.913 Y94.252 E762.88941
G1 F2123.9 X107 Y94.2 E762.95815
G1 F2400 X95.2 Y94.2 E763.74309
G1 X95.2 Y117.803 E765.31317
G1 X106.998 Y117.802 E766.09797
G1 F2133.3 X108 Y117.752 E766.17305
G1 F1920 X110 Y117.751 E766.33935
G1 F2700 E761.33935
G0 F12000 X110 Y117.491
G0 X107.562 Y117.438
G0 X106.5 Y116.24
G0 X106.24 Y116.24
;TYPE:SKIN
G1 F2700 E766.33935
G1 F2400 X96.76 Y116.24 E766.96996
G1 X96.76 Y95.76 E768.3323
G1 X106.24 Y95.76 E768.96291
G1 X106.24 Y116.24 E770.32525
G0 F12000 X106.5 Y116.24
G0 X97.372 Y116.503
G0 X97.372 Y116.04
G1 F2400 X96.96 Y115.628 E770.364
G0 F12000 X96.96 Y115.062
G1 F2400 X97.938 Y116.04 E770.45601
G0 F12000 X98.504 Y116.04
G1 F2400 X96.96 Y114.496 E770.60126
G0 F12000 X96.96 Y113.93
G1 F2400 X99.069 Y116.04 E770.79971
G0 F12000 X99.635 Y116.04
G1 F2400 X96.96 Y113.365 E771.05136
G0 F12000 X96.96 Y112.799
G1 F2400 X100.201 Y116.04 E771.35625
G0 F12000 X100.766 Y116.04
G1 F2400 X96.96 Y112.233 E771.71434
G0 F12000 X96.96 Y111.668
G1 F2400 X101.332 Y116.04 E772.12563
G0 F12000 X101.898 Y116.04
G1 F2400 X96.96 Y111.102 E772.59017
G0 F12000 X96.96 Y110.536
G1 F2400 X102.463 Y116.04 E773.1079
G0 F12000 X103.029 Y116.04
G1 F2400 X96.96 Y109.971 E773.67884
G0 F12000 X96.96 Y109.405
G1 F2400 X103.595 Y116.04 E774.30302
G0 F12000 X104.16 Y116.04
G1 F2400 X96.96 Y108.839 E774.9804
G0 F12000 X96.96 Y108.274
G1 F2400 X104.726 Y116.04 E775.71098
G0 F12000 X105.292 Y116.04
G1 F2400 X96.96 Y107.708 E776.4948
G0 F12000 X96.96 Y107.142
G1 F2400 X105.857 Y116.04 E777.33182
G0 F12000 X106.041 Y115.657
G1 F2400 X96.96 Y106.577 E778.18606
G0 F12000 X96.96 Y106.011
G1 F2400 X106.041 Y115.092 E779.04034
G0 F12000 X106.041 Y114.526
G1 F2400 X96.96 Y105.445 E779.89463
G0 F12000 X96.96 Y104.879
G1 F2400 X106.041 Y113.96 E780.74891
G0 F12000 X106.041 Y113.394
G1 F2400 X96.96 Y104.314 E781.60315
G0 F12000 X96.96 Y103.748
G1 F2400 X106.041 Y112.829 E782.45744
G0 F12000 X106.041 Y112.263
G1 F2400 X96.96 Y103.182 E783.31172
G0 F12000 X96.96 Y102.617
G1 F2400 X106.041 Y111.697 E784.16596
G0 F12000 X106.041 Y111.132
G1 F2400 X96.96 Y102.051 E785.02024
G0 F12000 X96.96 Y101.485
G1 F2400 X106.041 Y110.566 E785.87453
G0 F12000 X106.041 Y110
G1 F2400 X96.96 Y100.92 E786.72877
G0 F12000 X96.96 Y100.354
G1 F2400 X106.041 Y109.435 E787.58305
G0 F12000 X106.041 Y108.869
G1 F2400 X96.96 Y99.788 E788.43734
G0 F12000 X96.96 Y99.223
G1 F2400 X106.041 Y108.303 E789.29157
G0 F12000 X106.041 Y107.738
G1 F2400 X96.96 Y98.657 E790.14586
G0 F12000 X96.96 Y98.091
G1 F2400 X106.041 Y107.172 E791.00014
G0 F12000 X106.041 Y106.606
G1 F2400 X96.96 Y97.526 E791.85438
G0 F12000 X96.96 Y96.96
G1 F2400 X106.041 Y106.041 E792.70867
G0 F12000 X106.041 Y105.475
G1 F2400 X96.96 Y96.394 E793.56295
G0 F12000 X97.091 Y95.96
G1 F2400 X106.041 Y104.909 E794.40486
G0 F12000 X106.041 Y104.344
G1 F2400 X97.657 Y95.96 E795.19358
G0 F12000 X98.223 Y95.96
G1 F2400 X106.041 Y103.778 E795.92905
G0 F12000 X106.041 Y103.212
G1 F2400 X98.788 Y95.96 E796.61132
G0 F12000 X99.354 Y95.96
G1 F2400 X106.041 Y102.646 E797.24034
G0 F12000 X106.041 Y102.081
G1 F2400 X99.92 Y95.96 E797.81617
G0 F12000 X100.486 Y95.96
G1 F2400 X106.041 Y101.515 E798.33875
G0 F12000 X106.041 Y100.949
G1 F2400 X101.051 Y95.96 E798.80813
G0 F12000 X101.617 Y95.96
G1 F2400 X106.041 Y100.384 E799.22432
G0 F12000 X106.041 Y99.818
G1 F2400 X102.183 Y95.96 E799.58725
G0 F12000 X102.748 Y95.96
G1 F2400 X106.041 Y99.252 E799.89699
G0 F12000 X106.041 Y98.687
G1 F2400 X103.314 Y95.96 E800.15353
G0 F12000 X103.88 Y95.96
G1 F2400 X106.041 Y98.121 E800.35682
G0 F12000 X106.041 Y97.555
G1 F2400 X104.445 Y95.96 E800.50692
G0 F12000 X105.011 Y95.96
G1 F2400 X106.041 Y96.99 E800.60381
G0 F12000 X106.041 Y96.424
G1 F2400 X105.577 Y95.96 E800.64746
G0 F12000 X105.577 Y95.21
;MESH:NONMESH
G0 F300 Z7.8
G0 F12000 X106.428 Y95.572
G0 X106.6 Y116.602
;TIME_ELAPSED:633.813274
;LAYER:19
;TYPE:WALL-INNER
;MESH:motor_cover.stl
G1 F2400 X106.6 Y95.4 E802.05783
G1 X96.4 Y95.4 E802.73633
G1 X96.4 Y116.603 E804.14676
G1 X106.6 Y116.602 E804.82527
G0 F12000 X106.998 Y117
G1 F2400 X107 Y95 E806.28872
G1 X96 Y95 E807.02044
G1 X96 Y117.003 E808.48408
G1 X106.998 Y117 E809.21567
G0 F12000 X107.802 Y117.402
G1 F2400 X107.4 Y117 E809.25349
G1 X107.4 Y95 E810.71694
G1 X107.737 Y94.599 E810.75178
G1 X95.6 Y94.6 E811.55914
G1 X95.6 Y117.403 E813.076
G1 X107.802 Y117.402 E813.88768
G1 F2700 E808.88768
G0 F12000 X107.12 Y117.122
G0 X107.562 Y117.438
G0 X115.48 Y117.52
G0 X115.46 Y117.586
G1 F2700 E813.88768
G1 F2580.6 X115.391 Y117.546 E813.89261
G1 X115.391 Y117.626 E813.89756
G1 X115.46 Y117.586 E813.9025
G1 F2700 E808.9025
G0 F12000 X115.48 Y117.52
G0 X110 Y117.491
G0 X110 Y117.751
;TYPE:WALL-OUTER
G1 F2700 E813.9025
G1 F1920 X115 Y117.75 E814.31825
G1 X115.25 Y118 E814.34765
G1 F1912.4 X115.252 Y120.087 E814.52188
G1 F1761.5 X115.293 Y120.414 E814.55175
G1 F1641 X115.293 Y120.707 E814.58025
G1 X115.586 Y120.707 E814.60876
G1 F1771.2 X116 Y120.75 E814.64627
G1 F1920 X124.75 Y120.75 E815.37384
G1 X124.75 Y120.25 E815.41541
G1 X116 Y120.25 E816.14298
G1 F1771.2 X115.793 Y120.207 E816.16203
G1 F1761.5 X115.751 Y120.044 E816.17729
G1 F1912.4 X115.75 Y118 E816.34793
G1 F2133.3 X115.8 Y117.586 E816.37914
G1 F2400 X115.8 Y117.2 E816.40481
G1 X115.414 Y117.2 E816.43049
G1 F2133.3 X115 Y117.25 E816.4617
G1 F1920 X108 Y117.25 E817.04375
G1 F2133.3 X107.8 Y117 E817.06771
G1 F2400 X107.8 Y95 E818.53115
G1 F2123.9 X107.956 Y94.751 E818.55324
G1 F1901 X115.087 Y94.748 E819.15212
G1 F1758.2 X115.414 Y94.707 E819.18204
G1 F1638.2 X115.707 Y94.707 E819.21059
G1 X115.707 Y94.414 E819.23915
G1 F1764.7 X115.749 Y94.087 E819.26897
G1 F1912.4 X115.75 Y92 E819.4432
G1 F1771.2 X115.793 Y91.793 E819.46226
G1 F1761.5 X115.956 Y91.751 E819.47751
G1 F1912.4 X124.75 Y91.75 E820.21166
G1 F1920 X124.75 Y91.25 E820.25324
G1 F1912.4 X115.913 Y91.252 E820.99098
G1 F1761.5 X115.586 Y91.293 E821.02085
G1 F1641 X115.293 Y91.293 E821.04935
G1 X115.293 Y91.586 E821.07785
G1 F1771.2 X115.25 Y92 E821.11537
G1 F1912.4 X115.249 Y94.044 E821.28601
G1 F1764.7 X115.207 Y94.207 E821.30124
G1 F1758.2 X115.044 Y94.249 E821.31652
G1 F1901 X107.913 Y94.252 E821.9154
G1 F2123.9 X107 Y94.2 E821.98414
G1 F2400 X95.2 Y94.2 E822.76908
G1 X95.2 Y117.803 E824.33915
G1 X106.998 Y117.802 E825.12396
G1 F2133.3 X108 Y117.752 E825.19904
G1 F1920 X110 Y117.751 E825.36534
G1 F2700 E820.36534
G0 F12000 X110 Y117.491
G0 X107.562 Y117.438
G0 X106.5 Y116.24
G0 X106.24 Y116.24
;TYPE:SKIN
G1 F2700 E825.36534
G1 F2400 X96.76 Y116.24 E825.99595
G1 X96.76 Y95.76 E827.35829
G1 X106.24 Y95.76 E827.9889
G1 X106.24 Y116.24 E829.35123
G0 F12000 X106.04 Y115.709
G1 F2400 X105.708 Y116.04 E829.38242
G0 F12000 X105.143 Y116.04
G1 F2400 X106.04 Y115.143 E829.4668
G0 F12000 X106.04 Y114.577
G1 F2400 X104.577 Y116.04 E829.60443
G0 F12000 X104.011 Y116.04
G1 F2400 X106.04 Y114.012 E829.79526
G0 F12000 X106.04 Y113.446
G1 F2400 X103.445 Y116.04 E830.03934
G0 F12000 X102.88 Y116.04
G1 F2400 X106.04 Y112.88 E830.33661
G0 F12000 X106.04 Y112.315
G1 F2400 X102.314 Y116.04 E830.68708
G0 F12000 X101.748 Y116.04
G1 F2400 X106.04 Y111.749 E831.0908
G0 F12000 X106.04 Y111.183
G1 F2400 X101.183 Y116.04 E831.54772
G0 F12000 X100.617 Y116.04
G1 F2400 X106.04 Y110.618 E832.05783
G0 F12000 X106.04 Y110.052
G1 F2400 X100.051 Y116.04 E832.62119
G0 F12000 X99.486 Y116.04
G1 F2400 X106.04 Y109.486 E833.23775
G0 F12000 X106.04 Y108.921
G1 F2400 X98.92 Y116.04 E833.90751
G0 F12000 X98.354 Y116.04
G1 F2400 X106.04 Y108.355 E834.63052
G0 F12000 X106.04 Y107.789
G1 F2400 X97.789 Y116.04 E835.40672
G0 F12000 X97.223 Y116.04
G1 F2400 X106.04 Y107.224 E836.23612
G0 F12000 X106.04 Y106.658
G1 F2400 X96.96 Y115.738 E837.09031
G0 F12000 X96.96 Y115.172
G1 F2400 X106.04 Y106.092 E837.9445
G0 F12000 X106.04 Y105.526
G1 F2400 X96.96 Y114.606 E838.7987
G0 F12000 X96.96 Y114.041
G1 F2400 X106.04 Y104.961 E839.65289
G0 F12000 X106.04 Y104.395
G1 F2400 X96.96 Y113.475 E840.50708
G0 F12000 X96.96 Y112.909
G1 F2400 X106.04 Y103.829 E841.36127
G0 F12000 X106.04 Y103.264
G1 F2400 X96.96 Y112.344 E842.21546
G0 F12000 X96.96 Y111.778
G1 F2400 X106.04 Y102.698 E843.06965
G0 F12000 X106.04 Y102.132
G1 F2400 X96.96 Y111.212 E843.92384
G0 F12000 X96.96 Y110.647
G1 F2400 X106.04 Y101.567 E844.77803
G0 F12000 X106.04 Y101.001
G1 F2400 X96.96 Y110.081 E845.63222
G0 F12000 X96.96 Y109.515
G1 F2400 X106.04 Y100.435 E846.48641
G0 F12000 X106.04 Y99.87
G1 F2400 X96.96 Y108.95 E847.3406
G0 F12000 X96.96 Y108.384
G1 F2400 X106.04 Y99.304 E848.19479
G0 F12000 X106.04 Y98.738
G1 F2400 X96.96 Y107.818 E849.04898
G0 F12000 X96.96 Y107.253
G1 F2400 X106.04 Y98.173 E849.90318
G0 F12000 X106.04 Y97.607
G1 F2400 X96.96 Y106.687 E850.75737
G0 F12000 X96.96 Y106.121
G1 F2400 X106.04 Y97.041 E851.61156
G0 F12000 X106.04 Y96.476
G1 F2400 X96.96 Y105.555 E852.4657
G0 F12000 X96.96 Y104.99
G1 F2400 X105.99 Y95.96 E853.31519
G0 F12000 X105.424 Y95.96
G1 F2400 X96.96 Y104.424 E854.11143
G0 F12000 X96.96 Y103.858
G1 F2400 X104.858 Y95.96 E854.85442
G0 F12000 X104.293 Y95.96
G1 F2400 X96.96 Y103.293 E855.54427
G0 F12000 X96.96 Y102.727
G1 F2400 X103.727 Y95.96 E856.18087
G0 F12000 X103.161 Y95.96
G1 F2400 X96.96 Y102.161 E856.76422
G0 F12000 X96.96 Y101.596
G1 F2400 X102.596 Y95.96 E857.29442
G0 F12000 X102.03 Y95.96
G1 F2400 X96.96 Y101.03 E857.77137
G0 F12000 X96.96 Y100.464
G1 F2400 X101.464 Y95.96 E858.19508
G0 F12000 X100.898 Y95.96
G1 F2400 X96.96 Y99.899 E858.56559
G0 F12000 X96.96 Y99.333
G1 F2400 X100.333 Y95.96 E858.8829
G0 F12000 X99.767 Y95.96
G1 F2400 X96.96 Y98.767 E859.14697
G0 F12000 X96.96 Y98.202
G1 F2400 X99.201 Y95.96 E859.35783
G0 F12000 X98.636 Y95.96
G1 F2400 X96.96 Y97.636 E859.5155
G0 F12000 X96.96 Y97.07
G1 F2400 X98.07 Y95.96 E859.61992
G0 F12000 X97.504 Y95.96
G1 F2400 X96.96 Y96.505 E859.67115
G0 F12000 X96.21 Y96.505
;MESH:NONMESH
G0 F300 Z8.2
G0 F12000 X96.572 Y116.431
G0 X106.6 Y116.602
;TIME_ELAPSED:665.787905
;LAYER:20
;TYPE:WALL-INNER
;MESH:motor_cover.stl
G1 F2400 X106.6 Y95.4 E861.08151
G1 X96.4 Y95.4 E861.76002
G1 X96.4 Y116.603 E863.17045
G1 X106.6 Y116.602 E863.84895
G0 F12000 X106.998 Y117
G1 F2400 X107 Y95 E865.3124
G1 X96 Y95 E866.04412
G1 X96 Y117.003 E867.50777
G1 X106.998 Y117 E868.23936
G0 F12000 X107.802 Y117.402
G1 F2400 X107.4 Y117 E868.27717
G1 X107.4 Y95 E869.74062
G1 X107.737 Y94.599 E869.77546
G1 X95.6 Y94.6 E870.58282
G1 X95.6 Y117.403 E872.09968
G1 X107.802 Y117.402 E872.91136
G1 F2700 E867.91136
G0 F12000 X107.12 Y117.122
G0 X107.562 Y117.438
G0 X115.48 Y117.52
G0 X115.46 Y117.586
G1 F2700 E872.91136
G1 F2580.6 X115.391 Y117.546 E872.9163
G1 X115.391 Y117.626 E872.92125
G1 X115.46 Y117.586 E872.92618
G1 F2700 E867.92618
G0 F12000 X115.48 Y117.52
G0 X110 Y117.491
G0 X110 Y117.751
;TYPE:WALL-OUTER
G1 F2700 E872.92618
G1 F1920 X115 Y117.75 E873.34193
G1 X115.25 Y118 E873.37133
G1 F1912.4 X115.252 Y120.087 E873.54556
G1 F1761.5 X115.293 Y120.414 E873.57543
G1 F1641 X115.293 Y120.707 E873.60393
G1 X115.586 Y120.707 E873.63244
G1 F1771.2 X116 Y120.75 E873.66995
G1 F1920 X124.75 Y120.75 E874.39752
G1 X124.75 Y120.25 E874.43909
G1 X116 Y120.25 E875.16666
G1 F1771.2 X115.793 Y120.207 E875.18572
G1 F1761.5 X115.751 Y120.044 E875.20097
G1 F1912.4 X115.75 Y118 E875.37161
G1 F2133.3 X115.8 Y117.586 E875.40282
G1 F2400 X115.8 Y117.2 E875.4285
G1 X115.414 Y117.2 E875.45417
G1 F2133.3 X115 Y117.25 E875.48538
G1 F1920 X108 Y117.25 E876.06743
G1 F2133.3 X107.8 Y117 E876.09139
G1 F2400 X107.8 Y95 E877.55484
G1 F2123.9 X107.956 Y94.751 E877.57692
G1 F1901 X115.087 Y94.748 E878.1758
G1 F1758.2 X115.414 Y94.707 E878.20572
G1 F1638.2 X115.707 Y94.707 E878.23428
G1 X115.707 Y94.414 E878.26283
G1 F1764.7 X115.749 Y94.087 E878.29265
G1 F1912.4 X115.75 Y92 E878.46688
G1 F1771.2 X115.793 Y91.793 E878.48594
G1 F1761.5 X115.956 Y91.751 E878.5012
G1 F1912.4 X124.75 Y91.75 E879.23534
G1 F1920 X124.75 Y91.25 E879.27692
G1 F1912.4 X115.913 Y91.252 E880.01466
G1 F1761.5 X115.586 Y91.293 E880.04453
G1 F1641 X115.293 Y91.293 E880.07303
G1 X115.293 Y91.586 E880.10154
G1 F1771.2 X115.25 Y92 E880.13905
G1 F1912.4 X115.249 Y94.044 E880.30969
G1 F1764.7 X115.207 Y94.207 E880.32492
G1 F1758.2 X115.044 Y94.249 E880.3402
G1 F1901 X107.913 Y94.252 E880.93908
G1 F2123.9 X107 Y94.2 E881.00782
G1 F2400 X95.2 Y94.2 E881.79276
G1 X95.2 Y117.803 E883.36284
G1 X106.998 Y117.802 E884.14764
G1 F2133.3 X108 Y117.752 E884.22272
G1 F1920 X110 Y117.751 E884.38902
G1 F2700 E879.38902
G0 F12000 X110 Y117.491
G0 X107.562 Y117.438
G0 X106.5 Y116.24
G0 X106.24 Y116.24
;TYPE:SKIN
G1 F2700 E884.38902
G1 F2400 X96.76 Y116.24 E885.01963
G1 X96.76 Y95.76 E886.38197
G1 X106.24 Y95.76 E887.01258
G1 X106.24 Y116.24 E888.37492
G0 F12000 X106.5 Y116.24
G0 X97.372 Y116.503
G0 X97.372 Y116.04
G1 F2400 X96.96 Y115.628 E888.41367
G0 F12000 X96.96 Y115.062
G1 F2400 X97.938 Y116.04 E888.50568
G0 F12000 X98.504 Y116.04
G1 F2400 X96.96 Y114.496 E888.65093
G0 F12000 X96.96 Y113.93
G1 F2400 X99.069 Y116.04 E888.84938
G0 F12000 X99.635 Y116.04
G1 F2400 X96.96 Y113.365 E889.10102
G0 F12000 X96.96 Y112.799
G1 F2400 X100.201 Y116.04 E889.40592
G0 F12000 X100.766 Y116.04
G1 F2400 X96.96 Y112.233 E889.76401
G0 F12000 X96.96 Y111.668
G1 F2400 X101.332 Y116.04 E890.1753
G0 F12000 X101.898 Y116.04
G1 F2400 X96.96 Y111.102 E890.63984
G0 F12000 X96.96 Y110.536
G1 F2400 X102.463 Y116.04 E891.15757
G0 F12000 X103.029 Y116.04
G1 F2400 X96.96 Y109.971 E891.72851
G0 F12000 X96.96 Y109.405
G1 F2400 X103.595 Y116.04 E892.35269
G0 F12000 X104.16 Y116.04
G1 F2400 X96.96 Y108.839 E893.03007
G0 F12000 X96.96 Y108.274
G1 F2400 X104.726 Y116.04 E893.76064
G0 F12000 X105.292 Y116.04
G1 F2400 X96.96 Y107.708 E894.54447
G0 F12000 X96.96 Y107.142
G1 F2400 X105.857 Y116.04 E895.38149
G0 F12000 X106.041 Y115.657
G1 F2400 X96.96 Y106.577 E896.23573
G0 F12000 X96.96 Y106.011
G1 F2400 X106.041 Y115.092 E897.09001
G0 F12000 X106.041 Y114.526
G1 F2400 X96.96 Y105.445 E897.9443
G0 F12000 X96.96 Y104.879
G1 F2400 X106.041 Y113.96 E898.79858
G0 F12000 X106.041 Y113.394
G1 F2400 X96.96 Y104.314 E899.65282
G0 F12000 X96.96 Y103.748
G1 F2400 X106.041 Y112.829 E900.50711
G0 F12000 X106.041 Y112.263
G1 F2400 X96.96 Y103.182 E901.36139
G0 F12000 X96.96 Y102.617
G1 F2400 X106.041 Y111.697 E902.21563
G0 F12000 X106.041 Y111.132
G1 F2400 X96.96 Y102.051 E903.06991
G0 F12000 X96.96 Y101.485
G1 F2400 X106.041 Y110.566 E903.9242
G0 F12000 X106.041 Y110
G1 F2400 X96.96 Y100.92 E904.77844
G0 F12000 X96.96 Y100.354
G1 F2400 X106.041 Y109.435 E905.63272
G0 F12000 X106.041 Y108.869
G1 F2400 X96.96 Y99.788 E906.487
G0 F12000 X96.96 Y99.223
G1 F2400 X106.041 Y108.303 E907.34124
G0 F12000 X106.041 Y107.738
G1 F2400 X96.96 Y98.657 E908.19553
G0 F12000 X96.96 Y98.091
G1 F2400 X106.041 Y107.172 E909.04981
G0 F12000 X106.041 Y106.606
G1 F2400 X96.96 Y97.526 E909.90405
G0 F12000 X96.96 Y96.96
G1 F2400 X106.041 Y106.041 E910.75833
G0 F12000 X106.041 Y105.475
G1 F2400 X96.96 Y96.394 E911.61262
G0 F12000 X97.091 Y95.96
G1 F2400 X106.041 Y104.909 E912.45453
G0 F12000 X106.041 Y104.344
G1 F2400 X97.657 Y95.96 E913.24325
G0 F12000 X98.223 Y95.96
G1 F2400 X106.041 Y103.778 E913.97872
G0 F12000 X106.041 Y103.212
G1 F2400 X98.788 Y95.96 E914.66099
G0 F12000 X99.354 Y95.96
G1 F2400 X106.041 Y102.646 E915.29001
G0 F12000 X106.041 Y102.081
G1 F2400 X99.92 Y95.96 E915.86584
G0 F12000 X100.486 Y95.96
G1 F2400 X106.041 Y101.515 E916.38842
G0 F12000 X106.041 Y100.949
G1 F2400 X101.051 Y95.96 E916.8578
G0 F12000 X101.617 Y95.96
G1 F2400 X106.041 Y100.384 E917.27398
G0 F12000 X106.041 Y99.818
G1 F2400 X102.183 Y95.96 E917.63692
G0 F12000 X102.748 Y95.96
G1 F2400 X106.041 Y99.252 E917.94666
G0 F12000 X106.041 Y98.687
G1 F2400 X103.314 Y95.96 E918.2032
G0 F12000 X103.88 Y95.96
G1 F2400 X106.041 Y98.121 E918.40649
G0 F12000 X106.041 Y97.555
G1 F2400 X104.445 Y95.96 E918.55659
G0 F12000 X105.011 Y95.96
G1 F2400 X106.041 Y96.99 E918.65348
G0 F12000 X106.041 Y96.424
G1 F2400 X105.577 Y95.96 E918.69713
G0 F12000 X105.577 Y95.21
;MESH:NONMESH
G0 F300 Z8.6
G0 F12000 X106.428 Y95.572
G0 X106.6 Y116.602
;TIME_ELAPSED:697.825440
;LAYER:21
;TYPE:WALL-INNER
;MESH:motor_cover.stl
G1 F2400 X106.6 Y95.4 E920.1075
G1 X96.4 Y95.4 E920.786
G1 X96.4 Y116.603 E922.19643
G1 X106.6 Y116.602 E922.87494
G0 F12000 X106.998 Y117
G1 F2400 X107 Y95 E924.33839
G1 X96 Y95 E925.07011
G1 X96 Y117.003 E926.53375
G1 X106.998 Y117 E927.26534
G0 F12000 X107.802 Y117.402
G1 F2400 X107.4 Y117 E927.30316
G1 X107.4 Y95 E928.76661
G1 X107.737 Y94.599 E928.80145
G1 X95.6 Y94.6 E929.60881
G1 X95.6 Y117.403 E931.12567
G1 X107.802 Y117.402 E931.93735
G1 F2700 E926.93735
G0 F12000 X107.12 Y117.122
G0 X107.562 Y117.438
G0 X115.48 Y117.52
G0 X115.46 Y117.586
G1 F2700 E931.93735
G1 F2580.6 X115.391 Y117.546 E931.94228
G1 X115.391 Y117.626 E931.94723
G1 X115.46 Y117.586 E931.95217
G1 F2700 E926.95217
G0 F12000 X115.48 Y117.52
G0 X110 Y117.491
G0 X110 Y117.751
;TYPE:WALL-OUTER
G1 F2700 E931.95217
G1 F1920 X115 Y117.75 E932.36792
G1 X115.25 Y118 E932.39732
G1 F1912.4 X115.252 Y120.087 E932.57155
G1 F1761.5 X115.293 Y120.414 E932.60142
G1 F1641 X115.293 Y120.707 E932.62992
G1 X115.586 Y120.707 E932.65842
G1 F1771.2 X116 Y120.75 E932.69594
G1 F1920 X124.75 Y120.75 E933.42351
G1 X124.75 Y120.25 E933.46508
G1 X116 Y120.25 E934.19265
G1 F1771.2 X115.793 Y120.207 E934.2117
G1 F1761.5 X115.751 Y120.044 E934.22696
G1 F1912.4 X115.75 Y118 E934.3976
G1 F2133.3 X115.8 Y117.586 E934.42881
G1 F2400 X115.8 Y117.2 E934.45448
G1 X115.414 Y117.2 E934.48016
G1 F2133.3 X115 Y117.25 E934.51137
G1 F1920 X108 Y117.25 E935.09342
G1 F2133.3 X107.8 Y117 E935.11738
G1 F2400 X107.8 Y95 E936.58082
G1 F2123.9 X107.956 Y94.751 E936.60291
G1 F1901 X115.087 Y94.748 E937.20178
G1 F1758.2 X115.414 Y94.707 E937.23171
G1 F1638.2 X115.707 Y94.707 E937.26026
G1 X115.707 Y94.414 E937.28882
G1 F1764.7 X115.749 Y94.087 E937.31864
G1 F1912.4 X115.75 Y92 E937.49287
G1 F1771.2 X115.793 Y91.793 E937.51193
G1 F1761.5 X115.956 Y91.751 E937.52718
G1 F1912.4 X124.75 Y91.75 E938.26133
G1 F1920 X124.75 Y91.25 E938.30291
G1 F1912.4 X115.913 Y91.252 E939.04065
G1 F1761.5 X115.586 Y91.293 E939.07052
G1 F1641 X115.293 Y91.293 E939.09902
G1 X115.293 Y91.586 E939.12752
G1 F1771.2 X115.25 Y92 E939.16504
G1 F1912.4 X115.249 Y94.044 E939.33568
G1 F1764.7 X115.207 Y94.207 E939.35091
G1 F1758.2 X115.044 Y94.249 E939.36619
G1 F1901 X107.913 Y94.252 E939.96507
G1 F2123.9 X107 Y94.2 E940.03381
G1 F2400 X95.2 Y94.2 E940.81875
G1 X95.2 Y117.803 E942.38882
G1 X106.998 Y117.802 E943.17363
G1 F2133.3 X108 Y117.752 E943.24871
G1 F1920 X110 Y117.751 E943.41501
G1 F2700 E938.41501
G0 F12000 X110 Y117.491
G0 X107.562 Y117.438
G0 X106.5 Y116.24
G0 X106.24 Y116.24
;TYPE:SKIN
G1 F2700 E943.41501
G1 F2400 X96.76 Y116.24 E944.04562
G1 X96.76 Y95.76 E945.40796
G1 X106.24 Y95.76 E946.03857
G1 X106.24 Y116.24 E947.4009
G0 F12000 X106.04 Y115.709
G1 F2400 X105.708 Y116.04 E947.43209
G0 F12000 X105.143 Y116.04
G1 F2400 X106.04 Y115.143 E947.51647
G0 F12000 X106.04 Y114.577
G1 F2400 X104.577 Y116.04 E947.6541
G0 F12000 X104.011 Y116.04
G1 F2400 X106.04 Y114.012 E947.84493
G0 F12000 X106.04 Y113.446
G1 F2400 X103.445 Y116.04 E948.08901
G0 F12000 X102.88 Y116.04
G1 F2400 X106.04 Y112.88 E948.38628
G0 F12000 X106.04 Y112.315
G1 F2400 X102.314 Y116.04 E948.73675
G0 F12000 X101.748 Y116.04
G1 F2400 X106.04 Y111.749 E949.14047
G0 F12000 X106.04 Y111.183
G1 F2400 X101.183 Y116.04 E949.59739
G0 F12000 X100.617 Y116.04
G1 F2400 X106.04 Y110.618 E950.1075
G0 F12000 X106.04 Y110.052
G1 F2400 X100.051 Y116.04 E950.67086
G0 F12000 X99.486 Y116.04
G1 F2400 X106.04 Y109.486 E951.28742
G0 F12000 X106.04 Y108.921
G1 F2400 X98.92 Y116.04 E951.95718
G0 F12000 X98.354 Y116.04
G1 F2400 X106.04 Y108.355 E952.68019
G0 F12000 X106.04 Y107.789
G1 F2400 X97.789 Y116.04 E953.45639
G0 F12000 X97.223 Y116.04
G1 F2400 X106.04 Y107.224 E954.28579
G0 F12000 X106.04 Y106.658
G1 F2400 X96.96 Y115.738 E955.13998
G0 F12000 X96.96 Y115.172
G1 F2400 X106.04 Y106.092 E955.99417
G0 F12000 X106.04 Y105.526
G1 F2400 X96.96 Y114.606 E956.84837
G0 F12000 X96.96 Y114.041
G1 F2400 X106.04 Y104.961 E957.70256
G0 F12000 X106.04 Y104.395
G1 F2400 X96.96 Y113.475 E958.55675
G0 F12000 X96.96 Y112.909
G1 F2400 X106.04 Y103.829 E959.41094
G0 F12000 X106.04 Y103.264
G1 F2400 X96.96 Y112.344 E960.26513
G0 F12000 X96.96 Y111.778
G1 F2400 X106.04 Y102.698 E961.11932
G0 F12000 X106.04 Y102.132
G1 F2400 X96.96 Y111.212 E961.97351
G0 F12000 X96.96 Y110.647
G1 F2400 X106.04 Y101.567 E962.8277
G0 F12000 X106.04 Y101.001
G1 F2400 X96.96 Y110.081 E963.68189
G0 F12000 X96.96 Y109.515
G1 F2400 X106.04 Y100.435 E964.53608
G0 F12000 X106.04 Y99.87
G1 F2400 X96.96 Y108.95 E965.39027
G0 F12000 X96.96 Y108.384
G1 F2400 X106.04 Y99.304 E966.24446
G0 F12000 X106.04 Y98.738
G1 F2400 X96.96 Y107.818 E967.09865
G0 F12000 X96.96 Y107.253
G1 F2400 X106.04 Y98.173 E967.95284
G0 F12000 X106.04 Y97.607
G1 F2400 X96.96 Y106.687 E968.80704
G0 F12000 X96.96 Y106.121
G1 F2400 X106.04 Y97.041 E969.66123
G0 F12000 X106.04 Y96.476
G1 F2400 X96.96 Y105.555 E970.51537
G0 F12000 X96.96 Y104.99
G1 F2400 X105.99 Y95.96 E971.36486
G0 F12000 X105.424 Y95.96
G1 F2400 X96.96 Y104.424 E972.1611
G0 F12000 X96.96 Y103.858
G1 F2400 X104.858 Y95.96 E972.90409
G0 F12000 X104.293 Y95.96
G1 F2400 X96.96 Y103.293 E973.59394
G0 F12000 X96.96 Y102.727
G1 F2400 X103.727 Y95.96 E974.23054
G0 F12000 X103.161 Y95.96
G1 F2400 X96.96 Y102.161 E974.81389
G0 F12000 X96.96 Y101.596
G1 F2400 X102.596 Y95.96 E975.34409
G0 F12000 X102.03 Y95.96
G1 F2400 X96.96 Y101.03 E975.82104
G0 F12000 X96.96 Y100.464
G1 F2400 X101.464 Y95.96 E976.24475
G0 F12000 X100.898 Y95.96
G1 F2400 X96.96 Y99.899 E976.61526
G0 F12000 X96.96 Y99.333
G1 F2400 X100.333 Y95.96 E976.93257
G0 F12000 X99.767 Y95.96
G1 F2400 X96.96 Y98.767 E977.19664
G0 F12000 X96.96 Y98.202
G1 F2400 X99.201 Y95.96 E977.4075
G0 F12000 X98.636 Y95.96
G1 F2400 X96.96 Y97.636 E977.56517
G0 F12000 X96.96 Y97.07
G1 F2400 X98.07 Y95.96 E977.66959
G0 F12000 X97.504 Y95.96
G1 F2400 X96.96 Y96.505 E977.72082
G0 F12000 X96.21 Y96.505
G1 F2700 E972.72082
;MESH:NONMESH
G0 F300 Z9
G0 F12000 X96.318 Y95.318
G0 X107.562 Y94.562
G0 X109.883 Y94.49
G0 X109.883 Y94.749
;TIME_ELAPSED:729.758605
;LAYER:22
;note -- min layer time used
;TYPE:WALL-OUTER
;MESH:motor_cover.stl
G1 F2700 E977.72082
G1 F663.1 X95.25 Y94.75 E978.93756
G1 X95.25 Y94.25 E978.97913
G1 F660.5 X115.044 Y94.249 E980.63159
G1 F607.2 X115.207 Y94.207 E980.64688
G1 F609.5 X115.249 Y94.044 E980.6621
G1 F660.5 X115.25 Y92 E980.83274
G1 F611.7 X115.293 Y91.586 E980.87026
G1 F566.8 X115.293 Y91.293 E980.89876
G1 X115.586 Y91.293 E980.92727
G1 F608.3 X115.913 Y91.252 E980.95714
G1 F660.5 X124.75 Y91.25 E981.69488
G1 F663.1 X124.75 Y91.75 E981.73645
G1 F660.5 X115.956 Y91.751 E982.4706
G1 F608.3 X115.793 Y91.793 E982.48586
G1 F611.7 X115.75 Y92 E982.50491
G1 F660.5 X115.749 Y94.087 E982.67914
G1 F609.5 X115.707 Y94.414 E982.70897
G1 F565.8 X115.707 Y94.707 E982.73752
G1 X115.414 Y94.707 E982.76608
G1 F607.2 X115.087 Y94.748 E982.796
G1 F660.5 X109.883 Y94.749 E983.23044
G1 F2700 E978.23044
G0 F12000 X109.883 Y94.49
G0 X115.48 Y94.57
G0 X115.48 Y95.665
G0 X115.48 Y116.335
G0 X115.46 Y117.586
;TYPE:WALL-INNER
G1 F2700 E983.23044
G1 F891.3 X115.391 Y117.546 E983.23538
G1 X115.391 Y117.626 E983.24033
G1 X115.46 Y117.586 E983.24526
G1 F2700 E978.24526
G0 F12000 X115.48 Y117.52
G0 X110 Y117.491
G0 X110 Y117.751
;TYPE:WALL-OUTER
G1 F2700 E983.24526
G1 F663.1 X115 Y117.75 E983.66101
G1 X115.25 Y118 E983.69041
G1 F660.5 X115.252 Y120.087 E983.86464
G1 F608.3 X115.293 Y120.414 E983.89451
G1 F566.8 X115.293 Y120.707 E983.92301
G1 X115.586 Y120.707 E983.95152
G1 F611.7 X116 Y120.75 E983.98904
G1 F663.1 X124.75 Y120.75 E984.7166
G1 X124.75 Y120.25 E984.75818
G1 X116 Y120.25 E985.48574
G1 F611.7 X115.793 Y120.207 E985.5048
G1 F608.3 X115.751 Y120.044 E985.52005
G1 F660.5 X115.75 Y118 E985.69069
G1 F736.8 X115.8 Y117.586 E985.7219
G1 F828.9 X115.8 Y117.2 E985.74758
G1 X115.414 Y117.2 E985.77325
G1 F736.8 X115 Y117.25 E985.80446
G1 F661.8 X95.251 Y117.251 E987.44988
G1 F660.5 X95.251 Y117.753 E987.49179
G1 F661.8 X110 Y117.751 E988.72063
G1 F2700 E983.72063
;MESH:NONMESH
G0 F300 Z9.4
G0 F12000 X110 Y117.491
G0 X109.883 Y116.335
G0 X109.883 Y95.665
G0 X109.883 Y94.749
;TIME_ELAPSED:744.294507
;LAYER:23
;note -- min layer time used
;TYPE:WALL-OUTER
;MESH:motor_cover.stl
G1 F2700 E988.72063
G1 F666.3 X95.25 Y94.75 E989.93737
G1 X95.25 Y94.25 E989.97894
G1 F663.7 X115.044 Y94.249 E991.6314
G1 F610.2 X115.207 Y94.207 E991.64669
G1 F612.4 X115.249 Y94.044 E991.66191
G1 F663.7 X115.25 Y92 E991.83255
G1 F614.7 X115.293 Y91.586 E991.87007
G1 F569.5 X115.293 Y91.293 E991.89857
G1 X115.586 Y91.293 E991.92708
G1 F611.3 X115.913 Y91.252 E991.95695
G1 F663.7 X124.75 Y91.25 E992.69469
G1 F666.3 X124.75 Y91.75 E992.73626
G1 F663.7 X115.956 Y91.751 E993.47041
G1 F611.3 X115.793 Y91.793 E993.48567
G1 F614.7 X115.75 Y92 E993.50472
G1 F663.7 X115.749 Y94.087 E993.67895
G1 F612.4 X115.707 Y94.414 E993.70878
G1 F568.5 X115.707 Y94.707 E993.73733
G1 X115.414 Y94.707 E993.76589
G1 F610.2 X115.087 Y94.748 E993.79581
G1 F663.7 X109.883 Y94.749 E994.23025
G1 F2700 E989.23025
G0 F12000 X109.883 Y94.49
G0 X115.48 Y94.57
G0 X115.48 Y95.665
G0 X115.48 Y116.335
G0 X115.46 Y117.586
;TYPE:WALL-INNER
G1 F2700 E994.23025
G1 F895.6 X115.391 Y117.546 E994.23519
G1 X115.391 Y117.626 E994.24014
G1 X115.46 Y117.586 E994.24507
G1 F2700 E989.24507
G0 F12000 X115.48 Y117.52
G0 X110 Y117.491
G0 X110 Y117.751
;TYPE:WALL-OUTER
G1 F2700 E994.24507
G1 F666.3 X115 Y117.75 E994.66082
G1 X115.25 Y118 E994.69022
G1 F663.7 X115.252 Y120.087 E994.86445
G1 F611.3 X115.293 Y120.414 E994.89432
G1 F569.5 X115.293 Y120.707 E994.92282
G1 X115.586 Y120.707 E994.95133
G1 F614.7 X116 Y120.75 E994.98885
G1 F666.3 X124.75 Y120.75 E995.71641
G1 X124.75 Y120.25 E995.75799
G1 X116 Y120.25 E996.48555
G1 F614.7 X115.793 Y120.207 E996.50461
G1 F611.3 X115.751 Y120.044 E996.51986
G1 F663.7 X115.75 Y118 E996.6905
G1 F740.4 X115.8 Y117.586 E996.72171
G1 F832.9 X115.8 Y117.2 E996.74739
G1 X115.414 Y117.2 E996.77306
G1 F740.4 X115 Y117.25 E996.80427
G1 F665 X95.251 Y117.251 E998.44969
G1 F663.7 X95.251 Y117.753 E998.4916
G1 F665 X110 Y117.751 E999.72044
G1 F2700 E994.72044
;MESH:NONMESH
G0 F300 Z9.8
G0 F12000 X110 Y117.491
G0 X109.883 Y116.335
G0 X109.883 Y95.665
G0 X109.883 Y94.749
;TIME_ELAPSED:758.773526
;LAYER:24
;note -- min layer time used
;TYPE:WALL-OUTER
;MESH:motor_cover.stl
G1 F2700 E999.72044
G1 F666.3 X95.25 Y94.75 E1000.93718
G1 X95.25 Y94.25 E1000.97875
G1 F663.7 X115.044 Y94.249 E1002.63121
G1 F610.2 X115.207 Y94.207 E1002.6465
G1 F612.4 X115.249 Y94.044 E1002.66172
G1 F663.7 X115.25 Y92 E1002.83236
G1 F614.7 X115.293 Y91.586 E1002.86988
G1 F569.5 X115.293 Y91.293 E1002.89838
G1 X115.586 Y91.293 E1002.92689
G1 F611.3 X115.913 Y91.252 E1002.95676
G1 F663.7 X124.75 Y91.25 E1003.6945
G1 F666.3 X124.75 Y91.75 E1003.73607
G1 F663.7 X115.956 Y91.751 E1004.47022
G1 F611.3 X115.793 Y91.793 E1004.48548
G1 F614.7 X115.75 Y92 E1004.50453
G1 F663.7 X115.749 Y94.087 E1004.67876
G1 F612.4 X115.707 Y94.414 E1004.70859
G1 F568.5 X115.707 Y94.707 E1004.73714
G1 X115.414 Y94.707 E1004.7657
G1 F610.2 X115.087 Y94.748 E1004.79562
G1 F663.7 X109.883 Y94.749 E1005.23006
G1 F2700 E1000.23006
G0 F12000 X109.883 Y94.49
G0 X115.48 Y94.57
G0 X115.48 Y95.665
G0 X115.48 Y116.335
G0 X115.46 Y117.586
;TYPE:WALL-INNER
G1 F2700 E1005.23006
G1 F895.6 X115.391 Y117.546 E1005.235
G1 X115.391 Y117.626 E1005.23995
G1 X115.46 Y117.586 E1005.24488
G1 F2700 E1000.24488
G0 F12000 X115.48 Y117.52
G0 X110 Y117.491
G0 X110 Y117.751
;TYPE:WALL-OUTER
G1 F2700 E1005.24488
G1 F666.3 X115 Y117.75 E1005.66063
G1 X115.25 Y118 E1005.69003
G1 F663.7 X115.252 Y120.087 E1005.86426
G1 F611.3 X115.293 Y120.414 E1005.89413
G1 F569.5 X115.293 Y120.707 E1005.92263
G1 X115.586 Y120.707 E1005.95114
G1 F614.7 X116 Y120.75 E1005.98866
G1 F666.3 X124.75 Y120.75 E1006.71622
G1 X124.75 Y120.25 E1006.7578
G1 X116 Y120.25 E1007.48536
G1 F614.7 X115.793 Y120.207 E1007.50442
G1 F611.3 X115.751 Y120.044 E1007.51967
G1 F663.7 X115.75 Y118 E1007.69031
G1 F740.4 X115.8 Y117.586 E1007.72152
G1 F832.9 X115.8 Y117.2 E1007.7472
G1 X115.414 Y117.2 E1007.77287
G1 F740.4 X115 Y117.25 E1007.80408
G1 F665 X95.251 Y117.251 E1009.4495
G1 F663.7 X95.251 Y117.753 E1009.49141
G1 F665 X110 Y117.751 E1010.72025
G1 F2700 E1005.72025
;MESH:NONMESH
G0 F300 Z10.2
G0 F12000 X110 Y117.491
G0 X109.883 Y116.335
G0 X109.883 Y95.665
G0 X109.883 Y94.749
;TIME_ELAPSED:773.252546
;LAYER:25
;note -- min layer time used
;TYPE:WALL-OUTER
;MESH:motor_cover.stl
G1 F2700 E1010.72025
G1 F666.2 X95.25 Y94.75 E1011.93699
G1 X95.25 Y94.25 E1011.97856
G1 F663.6 X115.044 Y94.249 E1013.63102
G1 F610.1 X115.207 Y94.207 E1013.64631
G1 F612.4 X115.249 Y94.044 E1013.66153
G1 F663.6 X115.25 Y92 E1013.83217
G1 F614.6 X115.293 Y91.586 E1013.86969
G1 F569.4 X115.293 Y91.293 E1013.89819
G1 X115.586 Y91.293 E1013.9267
G1 F611.2 X115.913 Y91.252 E1013.95657
G1 F663.6 X124.747 Y91.25 E1014.69406
G1 F666.2 X124.749 Y91.75 E1014.73563
G1 F663.6 X115.956 Y91.751 E1015.4697
G1 F611.2 X115.793 Y91.793 E1015.48495
G1 F614.6 X115.75 Y92 E1015.50401
G1 F663.6 X115.749 Y94.087 E1015.67824
G1 F612.4 X115.707 Y94.414 E1015.70806
G1 F568.5 X115.707 Y94.707 E1015.73662
G1 X115.414 Y94.707 E1015.76517
G1 F610.1 X115.087 Y94.748 E1015.7951
G1 F663.6 X109.883 Y94.749 E1016.22954
G1 F2700 E1011.22954
G0 F12000 X109.883 Y94.49
G0 X115.48 Y94.57
G0 X115.48 Y95.665
G0 X115.48 Y116.335
G0 X115.46 Y117.586
;TYPE:WALL-INNER
G1 F2700 E1016.22954
G1 F895.5 X115.391 Y117.546 E1016.23447
G1 X115.391 Y117.626 E1016.23942
G1 X115.46 Y117.586 E1016.24436
G1 F2700 E1011.24436
G0 F12000 X115.48 Y117.52
G0 X110 Y117.491
G0 X110 Y117.751
;TYPE:WALL-OUTER
G1 F2700 E1016.24436
G1 F666.2 X115 Y117.75 E1016.66011
G1 X115.25 Y118 E1016.68951
G1 F663.6 X115.252 Y120.083 E1016.8634
G1 F611.2 X115.293 Y120.41 E1016.89327
G1 F569.4 X115.293 Y120.703 E1016.92178
G1 X115.586 Y120.703 E1016.95028
G1 F614.6 X116 Y120.746 E1016.9878
G1 F666.2 X124.749 Y120.746 E1017.71528
G1 X124.747 Y120.246 E1017.75686
G1 X116 Y120.246 E1018.48417
G1 F614.6 X115.793 Y120.203 E1018.50323
G1 F611.2 X115.751 Y120.04 E1018.51848
G1 F663.6 X115.75 Y118 E1018.68879
G1 F740.3 X115.8 Y117.586 E1018.72
G1 F832.8 X115.8 Y117.2 E1018.74567
G1 X115.414 Y117.2 E1018.77135
G1 F740.3 X115 Y117.25 E1018.80256
G1 F664.9 X95.251 Y117.251 E1020.44798
G1 F663.6 X95.251 Y117.753 E1020.48989
G1 F664.9 X110 Y117.751 E1021.71872
G1 F2700 E1016.71872
;MESH:NONMESH
G0 F300 Z10.6
G0 F12000 X110 Y117.491
G0 X109.883 Y116.335
G0 X109.883 Y95.665
G0 X109.883 Y94.749
;TIME_ELAPSED:787.731542
;LAYER:26
;note -- min layer time used
;TYPE:WALL-OUTER
;MESH:motor_cover.stl
G1 F2700 E1021.71872
G1 F658.2 X95.25 Y94.75 E1022.93546
G1 X95.25 Y94.25 E1022.97704
G1 F655.6 X115.044 Y94.249 E1024.6295
G1 F602.7 X115.207 Y94.207 E1024.64478
G1 F605 X115.249 Y94.044 E1024.66001
G1 F655.6 X115.25 Y92.4 E1024.79726
G1 F607.2 X115.293 Y91.986 E1024.83477
G1 F562.6 X115.293 Y91.693 E1024.86328
G1 X115.586 Y91.693 E1024.89178
G1 F603.8 X115.913 Y91.652 E1024.92165
G1 F655.6 X124.75 Y91.65 E1025.65939
G1 F658.2 X124.75 Y92.15 E1025.70097
G1 F655.6 X115.956 Y92.151 E1026.43511
G1 F603.8 X115.793 Y92.193 E1026.45037
G1 F607.2 X115.75 Y92.4 E1026.46943
G1 F655.6 X115.749 Y94.087 E1026.61026
G1 F605 X115.707 Y94.414 E1026.64009
G1 F561.6 X115.707 Y94.707 E1026.66864
G1 X115.414 Y94.707 E1026.69719
G1 F602.7 X115.087 Y94.748 E1026.72712
G1 F655.6 X109.883 Y94.749 E1027.16156
G1 F2700 E1022.16156
G0 F12000 X109.883 Y94.49
G0 X115.48 Y94.57
G0 X115.48 Y95.665
G0 X115.48 Y116.335
G0 X115.46 Y117.586
;TYPE:WALL-INNER
G1 F2700 E1027.16156
G1 F884.7 X115.391 Y117.546 E1027.1665
G1 X115.391 Y117.626 E1027.17145
G1 X115.46 Y117.586 E1027.17638
G1 F2700 E1022.17638
G0 F12000 X115.48 Y117.52
G0 X110 Y117.491
G0 X110 Y117.751
;TYPE:WALL-OUTER
G1 F2700 E1027.17638
G1 F658.2 X115 Y117.75 E1027.59213
G1 X115.25 Y118 E1027.62153
G1 F655.6 X115.252 Y119.683 E1027.76203
G1 F603.8 X115.293 Y120.01 E1027.7919
G1 F562.6 X115.293 Y120.303 E1027.82041
G1 X115.586 Y120.303 E1027.84891
G1 F607.2 X116 Y120.346 E1027.88643
G1 F660.8 X124.751 Y120.347 E1028.61117
G1 X124.751 Y119.849 E1028.65241
G1 X116 Y119.846 E1029.37715
G1 F607.2 X115.793 Y119.803 E1029.3962
G1 F603.8 X115.751 Y119.64 E1029.41146
G1 F655.6 X115.75 Y118 E1029.54837
G1 F731.3 X115.8 Y117.586 E1029.57958
G1 F822.7 X115.8 Y117.2 E1029.60526
G1 X115.414 Y117.2 E1029.63093
G1 F731.3 X115 Y117.25 E1029.66214
G1 F656.9 X95.251 Y117.251 E1031.30756
G1 F655.6 X95.251 Y117.753 E1031.34947
G1 F656.9 X110 Y117.751 E1032.57831
G1 F2700 E1027.57831
;MESH:NONMESH
G0 F300 Z11
G0 F12000 X110 Y117.491
G0 X109.883 Y116.335
G0 X109.883 Y95.665
G0 X109.883 Y94.749
;TIME_ELAPSED:802.201719
;LAYER:27
;note -- min layer time used
;TYPE:WALL-OUTER
;MESH:motor_cover.stl
G1 F2700 E1032.57831
G1 F650.1 X95.25 Y94.75 E1033.79504
G1 X95.25 Y94.25 E1033.83662
G1 F647.5 X115.044 Y94.249 E1035.48908
G1 F595.3 X115.207 Y94.207 E1035.50436
G1 F597.5 X115.249 Y94.044 E1035.51959
G1 F647.5 X115.25 Y92.8 E1035.62345
G1 F599.7 X115.293 Y92.386 E1035.66096
G1 F555.6 X115.293 Y92.093 E1035.68947
G1 X115.586 Y92.093 E1035.71797
G1 F596.4 X115.913 Y92.052 E1035.74784
G1 F647.5 X124.75 Y92.05 E1036.48558
G1 F650.1 X124.75 Y92.55 E1036.52715
G1 F647.5 X115.956 Y92.551 E1037.2613
G1 F596.4 X115.793 Y92.593 E1037.27656
G1 F599.7 X115.75 Y92.8 E1037.29562
G1 F647.5 X115.749 Y94.087 E1037.40306
G1 F597.5 X115.707 Y94.414 E1037.43288
G1 F554.7 X115.707 Y94.707 E1037.46144
G1 X115.414 Y94.707 E1037.48999
G1 F595.3 X115.087 Y94.748 E1037.51992
G1 F647.5 X109.883 Y94.749 E1037.95436
G1 F2700 E1032.95436
G0 F12000 X109.883 Y94.49
G0 X115.48 Y94.57
G0 X115.48 Y95.665
G0 X115.48 Y116.335
G0 X115.46 Y117.586
;TYPE:WALL-INNER
G1 F2700 E1037.95436
G1 F873.8 X115.391 Y117.546 E1037.95929
G1 X115.391 Y117.626 E1037.96424
G1 X115.46 Y117.586 E1037.96918
G1 F2700 E1032.96918
G0 F12000 X115.48 Y117.52
G0 X110 Y117.491
G0 X110 Y117.751
;TYPE:WALL-OUTER
G1 F2700 E1037.96918
G1 F650.1 X115 Y117.75 E1038.38493
G1 X115.25 Y118 E1038.41433
G1 F647.5 X115.252 Y119.283 E1038.52144
G1 F596.4 X115.293 Y119.61 E1038.55131
G1 F555.6 X115.293 Y119.903 E1038.57981
G1 X115.586 Y119.903 E1038.60832
G1 F599.7 X116 Y119.946 E1038.64583
G1 F652.7 X124.751 Y119.947 E1039.37057
G1 X124.751 Y119.449 E1039.41181
G1 X116 Y119.446 E1040.13655
G1 F599.7 X115.793 Y119.403 E1040.15561
G1 F596.4 X115.751 Y119.24 E1040.17086
G1 F647.5 X115.75 Y118 E1040.27438
G1 F722.3 X115.8 Y117.586 E1040.30559
G1 F812.6 X115.8 Y117.2 E1040.33127
G1 X115.414 Y117.2 E1040.35694
G1 F722.3 X115 Y117.25 E1040.38815
G1 F648.8 X95.251 Y117.251 E1042.03357
G1 F647.5 X95.251 Y117.753 E1042.07548
G1 F648.8 X110 Y117.751 E1043.30432
G1 F2700 E1038.30432
;MESH:NONMESH
G0 F300 Z11.4
G0 F12000 X110 Y117.491
G0 X109.883 Y116.335
G0 X109.883 Y95.665
G0 X109.883 Y94.749
;TIME_ELAPSED:816.669477
;LAYER:28
;note -- min layer time used
;TYPE:WALL-OUTER
;MESH:motor_cover.stl
G1 F2700 E1043.30432
G1 F642 X95.25 Y94.75 E1044.52105
G1 X95.25 Y94.25 E1044.56263
G1 F639.4 X115.044 Y94.249 E1046.21509
G1 F587.9 X115.207 Y94.207 E1046.23037
G1 F590.1 X115.249 Y94.044 E1046.2456
G1 F639.4 X115.25 Y93.2 E1046.31606
G1 F592.3 X115.293 Y92.786 E1046.35358
G1 F548.7 X115.293 Y92.493 E1046.38208
G1 X115.586 Y92.493 E1046.41059
G1 F589 X115.913 Y92.452 E1046.44046
G1 F639.4 X124.75 Y92.45 E1047.1782
G1 F642 X124.75 Y92.95 E1047.21977
G1 F639.4 X115.956 Y92.951 E1047.95392
G1 F589 X115.793 Y92.993 E1047.96918
G1 F592.3 X115.75 Y93.2 E1047.98823
G1 F639.4 X115.749 Y94.087 E1048.06228
G1 F590.1 X115.707 Y94.414 E1048.09211
G1 F547.8 X115.707 Y94.707 E1048.12066
G1 X115.414 Y94.707 E1048.14921
G1 F587.9 X115.087 Y94.748 E1048.17914
G1 F639.4 X109.883 Y94.749 E1048.61358
G1 F2700 E1043.61358
G0 F12000 X109.883 Y94.49
G0 X115.48 Y94.57
G0 X115.48 Y95.665
G0 X115.48 Y116.335
G0 X115.46 Y117.586
;TYPE:WALL-INNER
G1 F2700 E1048.61358
G1 F862.9 X115.391 Y117.546 E1048.61852
G1 X115.391 Y117.626 E1048.62347
G1 X115.46 Y117.586 E1048.6284
G1 F2700 E1043.6284
G0 F12000 X115.48 Y117.52
G0 X110 Y117.491
G0 X110 Y117.751
;TYPE:WALL-OUTER
G1 F2700 E1048.6284
G1 F642 X115 Y117.75 E1049.04415
G1 X115.25 Y118 E1049.07355
G1 F639.4 X115.252 Y118.883 E1049.14727
G1 F589 X115.293 Y119.21 E1049.17714
G1 F548.7 X115.293 Y119.503 E1049.20564
G1 X115.586 Y119.503 E1049.23415
G1 F592.3 X116 Y119.546 E1049.27166
G1 F644.6 X124.751 Y119.547 E1049.9964
G1 X124.751 Y119.049 E1050.03764
G1 X116 Y119.046 E1050.76238
G1 F592.3 X115.793 Y119.003 E1050.78144
G1 F589 X115.751 Y118.84 E1050.79669
G1 F639.4 X115.75 Y118 E1050.86682
G1 F713.3 X115.8 Y117.586 E1050.89803
G1 F802.5 X115.8 Y117.2 E1050.9237
G1 X115.414 Y117.2 E1050.94938
G1 F713.3 X115 Y117.25 E1050.98059
G1 F640.7 X95.251 Y117.251 E1052.62601
G1 F639.4 X95.251 Y117.753 E1052.66792
G1 F640.7 X110 Y117.751 E1053.89675
G1 F2700 E1048.89675
;MESH:NONMESH
G0 F300 Z11.8
G0 F12000 X110 Y117.491
G0 X109.883 Y116.335
G0 X109.883 Y95.665
G0 X109.883 Y94.749
;TIME_ELAPSED:831.134864
;LAYER:29
;note -- min layer time used
;TYPE:WALL-OUTER
;MESH:motor_cover.stl
G1 F2700 E1053.89675
G1 F633.9 X95.25 Y94.75 E1055.11349
G1 X95.25 Y94.25 E1055.15507
G1 F631.4 X115.044 Y94.249 E1056.80753
G1 F580.5 X115.207 Y94.207 E1056.82281
G1 F582.6 X115.249 Y94.044 E1056.83804
G1 F631.4 X115.25 Y93.6 E1056.87511
G1 F584.8 X115.293 Y93.186 E1056.91262
G1 F541.8 X115.293 Y92.893 E1056.94113
G1 X115.586 Y92.893 E1056.96963
G1 F581.6 X115.913 Y92.852 E1056.9995
G1 F631.4 X124.75 Y92.85 E1057.73724
G1 F633.9 X124.75 Y93.35 E1057.77882
G1 F631.4 X115.956 Y93.351 E1058.51296
G1 F581.6 X115.793 Y93.393 E1058.52822
G1 F584.8 X115.75 Y93.6 E1058.54728
G1 F631.4 X115.749 Y94.087 E1058.58793
G1 F582.6 X115.707 Y94.414 E1058.61776
G1 F540.9 X115.707 Y94.707 E1058.64631
G1 X115.414 Y94.707 E1058.67487
G1 F580.5 X115.087 Y94.748 E1058.70479
G1 F631.4 X109.883 Y94.749 E1059.13924
G1 F2700 E1054.13924
G0 F12000 X109.883 Y94.49
G0 X115.48 Y94.57
G0 X115.48 Y95.665
G0 X115.48 Y116.335
G0 X115.46 Y117.586
;TYPE:WALL-INNER
G1 F2700 E1059.13924
G1 F852 X115.391 Y117.546 E1059.14417
G1 X115.391 Y117.626 E1059.14912
G1 X115.46 Y117.586 E1059.15405
G1 F2700 E1054.15405
G0 F12000 X115.48 Y117.52
G0 X110 Y117.49
G0 X110 Y117.752
;TYPE:WALL-OUTER
G1 F2700 E1059.15405
G1 F632.6 X115 Y117.75 E1059.57064
G1 F633.9 X115.25 Y118 E1059.60003
G1 F631.4 X115.252 Y118.483 E1059.64036
G1 F581.6 X115.293 Y118.81 E1059.67023
G1 F541.8 X115.293 Y119.103 E1059.69873
G1 X115.586 Y119.103 E1059.72724
G1 F584.8 X116 Y119.146 E1059.76475
G1 F636.5 X124.751 Y119.147 E1060.48949
G1 X124.751 Y118.649 E1060.53073
G1 X116 Y118.646 E1061.25547
G1 F584.8 X115.793 Y118.603 E1061.27453
G1 F581.6 X115.751 Y118.44 E1061.28978
G1 F631.4 X115.75 Y118 E1061.32652
G1 F704.3 X115.8 Y117.586 E1061.35772
G1 F792.4 X115.8 Y117.2 E1061.3834
G1 X115.414 Y117.2 E1061.40908
G1 F704.3 X115 Y117.25 E1061.44028
G1 F631.4 X95.252 Y117.252 E1063.0889
G1 F628.9 X95.252 Y117.756 E1063.13115
G1 F630.1 X110 Y117.752 E1064.36481
G1 F2700 E1059.36481
;MESH:NONMESH
G0 F300 Z12.2
G0 F12000 X110 Y117.49
G0 X109.883 Y116.335
G0 X109.883 Y95.665
G0 X109.883 Y94.749
;TIME_ELAPSED:845.608430
;LAYER:30
;note -- min layer time used
;TYPE:WALL-OUTER
;MESH:motor_cover.stl
G1 F2700 E1064.36481
G1 F625.9 X95.25 Y94.75 E1065.58155
G1 X95.25 Y94.25 E1065.62312
G1 F623.4 X115.044 Y94.249 E1067.27558
G1 F574.2 X115.234 Y94.2 E1067.29337
G1 F534.9 X115.293 Y93.586 E1067.35337
G1 X115.293 Y93.293 E1067.38188
G1 X115.586 Y93.293 E1067.41038
G1 F574.2 X115.913 Y93.252 E1067.44025
G1 F623.4 X124.75 Y93.25 E1068.17799
G1 F625.9 X124.75 Y93.75 E1068.21957
G1 F623.4 X115.956 Y93.751 E1068.95372
G1 F574.2 X115.793 Y93.793 E1068.96897
G1 F534 X115.707 Y94.414 E1069.03007
G1 X115.707 Y94.707 E1069.05862
G1 X115.414 Y94.707 E1069.08717
G1 F573.1 X115.087 Y94.748 E1069.1171
G1 F623.4 X109.883 Y94.749 E1069.55154
G1 F2700 E1064.55154
G0 F12000 X109.883 Y94.49
G0 X115.48 Y94.57
G0 X115.48 Y95.665
G0 X115.48 Y116.335
G0 X115.46 Y117.586
;TYPE:WALL-INNER
G1 F2700 E1069.55154
G1 F841.2 X115.391 Y117.546 E1069.55648
G1 X115.391 Y117.626 E1069.56143
G1 X115.46 Y117.586 E1069.56636
G1 F2700 E1064.56636
G0 F12000 X115.48 Y117.52
G0 X110 Y117.49
G0 X110 Y117.752
;TYPE:WALL-OUTER
G1 F2700 E1069.56636
G1 F624.6 X115 Y117.75 E1069.98294
G1 F600.6 X115.24 Y117.987 E1070.01217
G1 F554.9 X115.293 Y118.41 E1070.05215
G1 F534.9 X115.293 Y118.703 E1070.08066
G1 X115.586 Y118.703 E1070.10916
G1 F577.4 X116 Y118.746 E1070.14668
G1 F628.4 X124.751 Y118.747 E1070.87142
G1 X124.751 Y118.249 E1070.91266
G1 X116 Y118.246 E1071.6374
G1 F577.4 X115.793 Y118.203 E1071.65645
G1 F574.2 X115.751 Y118.04 E1071.67171
G1 F692.3 X115.8 Y117.586 E1071.70604
G1 F782.3 X115.8 Y117.2 E1071.73171
G1 X115.414 Y117.2 E1071.75739
G1 F695.4 X115 Y117.25 E1071.7886
G1 F623.4 X95.252 Y117.252 E1073.43722
G1 F620.9 X95.252 Y117.756 E1073.47946
G1 F622.1 X110 Y117.752 E1074.71312
G1 F2700 E1069.71312
;MESH:NONMESH
G0 F300 Z12.6
G0 F12000 X110 Y117.49
G0 X109.883 Y116.335
G0 X109.883 Y95.665
G0 X109.883 Y94.749
;TIME_ELAPSED:860.094707
;LAYER:31
;note -- min layer time used
;TYPE:WALL-OUTER
;MESH:motor_cover.stl
G1 F2700 E1074.71312
G1 F605.4 X95.25 Y94.75 E1075.92986
G1 X95.25 Y94.25 E1075.97143
G1 F603 X115.044 Y94.249 E1077.62389
G1 F554.4 X115.207 Y94.207 E1077.63918
G1 F519.2 X115.29 Y94 E1077.6608
G1 F520.1 X115.293 Y93.693 E1077.69052
G1 F517.5 X115.586 Y93.693 E1077.71902
G1 F555.5 X115.913 Y93.652 E1077.74889
G1 F603 X124.75 Y93.65 E1078.48663
G1 F605.4 X124.75 Y94.15 E1078.5282
G1 F603 X115.956 Y94.151 E1079.26235
G1 F555.5 X115.793 Y94.193 E1079.27761
G1 F520.1 X115.71 Y94.4 E1079.29919
G1 F519.2 X115.707 Y94.707 E1079.32896
G1 F516.6 X115.414 Y94.707 E1079.35751
G1 F554.4 X115.087 Y94.748 E1079.38744
G1 F603 X109.883 Y94.749 E1079.82188
G1 F2700 E1074.82188
G0 F12000 X109.883 Y94.49
G0 X110 Y95.665
G0 X110 Y116.335
G0 X110 Y117.752
G1 F2700 E1079.82188
G1 F601.8 X95.252 Y117.756 E1081.05554
G1 F600.6 X95.252 Y117.252 E1081.09779
G1 F603 X115 Y117.25 E1082.74641
G1 F557.5 X115.414 Y117.293 E1082.78399
G1 F516.6 X115.707 Y117.293 E1082.81255
G1 X115.707 Y117.586 E1082.8411
G1 X115.793 Y117.803 E1082.86385
G1 F558.5 X116 Y117.846 E1082.8829
G1 F607.9 X124.751 Y117.849 E1083.60764
G1 X124.751 Y118.347 E1083.64888
G1 X116 Y118.346 E1084.37362
G1 F558.5 X115.586 Y118.303 E1084.41114
G1 F517.5 X115.293 Y118.303 E1084.43964
G1 X115.293 Y118.01 E1084.46815
G1 F516.6 X115.207 Y117.793 E1084.4909
G1 F557.5 X115 Y117.75 E1084.50999
G1 F604.2 X110 Y117.752 E1084.92657
G1 F2700 E1079.92657
;MESH:NONMESH
G0 F300 Z13
G0 F12000 X110 Y117.49
G0 X109.883 Y116.335
G0 X109.883 Y95.665
G0 X109.883 Y94.749
;TIME_ELAPSED:874.022460
;LAYER:32
;note -- min layer time used
;TYPE:WALL-OUTER
;MESH:motor_cover.stl
G1 F2700 E1084.92657
G1 F609.7 X95.25 Y94.75 E1086.14331
G1 X95.25 Y94.25 E1086.18488
G1 F607.3 X115.044 Y94.249 E1087.83735
G1 F552.3 X115.224 Y94.2 E1087.85447
G1 F508.1 X115.262 Y94.1 E1087.86514
G1 X115.553 Y94.1 E1087.89418
G1 F552.3 X115.913 Y94.052 E1087.92752
G1 F607.3 X124.75 Y94.05 E1088.66526
G1 F609.7 X124.75 Y94.55 E1088.70683
G1 F607.3 X115.956 Y94.551 E1089.44098
G1 F552.3 X115.776 Y94.6 E1089.45811
G1 F508.1 X115.738 Y94.7 E1089.46878
G1 X115.447 Y94.7 E1089.49782
G1 F552.3 X115.087 Y94.748 E1089.53116
G1 F607.3 X109.883 Y94.749 E1089.9656
G1 F2700 E1084.9656
G0 F12000 X109.883 Y94.49
G0 X115.51 Y94.57
G0 X115.51 Y95.665
G0 X115.51 Y116.335
G0 X115.443 Y117.598
;TYPE:WALL-INNER
G1 F2700 E1089.9656
G1 F769.9 X115.557 Y117.598 E1089.97311
G1 F2700 E1084.97311
G0 F12000 X115.49 Y117.598
G0 X110 Y117.492
G0 X110 Y117.752
;TYPE:WALL-OUTER
G1 F2700 E1089.97311
G1 F608.5 X115 Y117.75 E1090.38969
G1 F677.5 X115.149 Y117.865 E1090.40378
G1 F762.2 X115.199 Y117.996 E1090.41311
G1 X115.557 Y117.996 E1090.43692
G1 F677.5 X116 Y117.946 E1090.47028
G1 F612.2 X124.751 Y117.947 E1091.19502
G1 X124.751 Y117.449 E1091.23626
G1 X116 Y117.446 E1091.961
G1 F677.5 X115.851 Y117.331 E1091.97509
G1 F762.2 X115.801 Y117.2 E1091.98442
G1 X115.443 Y117.2 E1092.00823
G1 F677.5 X115 Y117.25 E1092.04159
G1 F607.3 X95.252 Y117.252 E1093.69021
G1 F604.9 X95.252 Y117.756 E1093.73246
G1 F606.1 X110 Y117.752 E1094.96612
G1 F2700 E1089.96612
;MESH:NONMESH
G0 F300 Z13.4
G0 F12000 X110 Y117.492
G0 X110 Y116.335
G0 X110 Y95.665
G0 X110 Y94.75
;TIME_ELAPSED:888.431314
;LAYER:33
;note -- min layer time used
;TYPE:WALL-OUTER
;MESH:motor_cover.stl
G1 F2700 E1094.96612
G1 F596.5 X95.25 Y94.75 E1096.19258
G1 X95.25 Y94.25 E1096.23416
G1 X124.75 Y94.25 E1098.68709
G1 X124.75 Y94.75 E1098.72867
G1 X110 Y94.75 E1099.95514
G1 F2700 E1094.95514
G0 F12000 X110 Y94.49
G0 X110 Y95.665
G0 X110 Y116.335
G0 X110 Y117.753
G1 F2700 E1099.95514
G1 F594.1 X95.252 Y117.756 E1101.18634
G1 F591.8 X95.252 Y117.252 E1101.22859
G1 F594.1 X124.75 Y117.25 E1103.69116
G1 F596.5 X124.75 Y117.75 E1103.73274
G1 X110 Y117.753 E1104.95921
G1 F2700 E1099.95921
;MESH:NONMESH
G0 F300 Z13.8
G0 F12000 X110 Y117.49
G0 X110 Y116.335
G0 X110 Y95.665
G0 X110 Y94.75
;TIME_ELAPSED:902.270227
;LAYER:34
;note -- min layer time used
;TYPE:WALL-OUTER
;MESH:motor_cover.stl
G1 F2700 E1104.95921
G1 F596.5 X95.25 Y94.75 E1106.18567
G1 X95.25 Y94.25 E1106.22725
G1 X124.75 Y94.25 E1108.68019
G1 X124.75 Y94.75 E1108.72176
G1 X110 Y94.75 E1109.94823
G1 F2700 E1104.94823
G0 F12000 X110 Y94.49
G0 X110 Y95.665
G0 X110 Y116.335
G0 X110 Y117.753
G1 F2700 E1109.94823
G1 F594.1 X95.252 Y117.756 E1111.17943
G1 F591.8 X95.252 Y117.252 E1111.22168
G1 F594.1 X124.75 Y117.25 E1113.68426
G1 F596.5 X124.75 Y117.75 E1113.72583
G1 X110 Y117.753 E1114.9523
G1 F2700 E1109.9523
;MESH:NONMESH
G0 F300 Z14.2
G0 F12000 X110 Y117.49
G0 X110 Y116.335
G0 X110 Y95.665
G0 X110 Y94.75
;TIME_ELAPSED:916.109133
;LAYER:35
;note -- min layer time used
;TYPE:WALL-OUTER
;MESH:motor_cover.stl
G1 F2700 E1114.9523
G1 F596.5 X95.25 Y94.75 E1116.17877
G1 X95.25 Y94.25 E1116.22034
G1 X124.75 Y94.25 E1118.67328
G1 X124.75 Y94.75 E1118.71485
G1 X110 Y94.75 E1119.94132
G1 F2700 E1114.94132
G0 F12000 X110 Y94.49
G0 X110 Y95.665
G0 X110 Y116.335
G0 X110 Y117.753
G1 F2700 E1119.94132
G1 F594.1 X95.252 Y117.756 E1121.17253
G1 F591.8 X95.252 Y117.252 E1121.21477
G1 F594.1 X124.75 Y117.25 E1123.67735
G1 F596.5 X124.75 Y117.75 E1123.71892
G1 X110 Y117.753 E1124.94539
G1 F2700 E1119.94539
;MESH:NONMESH
G0 F300 Z14.6
G0 F12000 X110 Y117.49
G0 X110 Y116.335
G0 X110 Y95.665
G0 X110 Y94.75
;TIME_ELAPSED:929.948040
;LAYER:36
;note -- min layer time used
;TYPE:WALL-OUTER
;MESH:motor_cover.stl
G1 F2700 E1124.94539
G1 F596.5 X95.25 Y94.75 E1126.17186
G1 X95.25 Y94.25 E1126.21343
G1 X124.75 Y94.25 E1128.66637
G1 X124.75 Y94.75 E1128.70794
G1 X110 Y94.75 E1129.93441
G1 F2700 E1124.93441
G0 F12000 X110 Y94.49
G0 X110 Y95.665
G0 X110 Y116.335
G0 X110 Y117.753
G1 F2700 E1129.93441
G1 F594.1 X95.252 Y117.756 E1131.16562
G1 F591.8 X95.252 Y117.252 E1131.20786
G1 F594.1 X124.75 Y117.25 E1133.67044
G1 F596.5 X124.75 Y117.75 E1133.71202
G1 X110 Y117.753 E1134.93848
G1 F2700 E1129.93848
;MESH:NONMESH
G0 F300 Z15
G0 F12000 X110 Y117.49
G0 X110 Y116.335
G0 X110 Y95.665
G0 X110 Y94.75
;TIME_ELAPSED:943.786946
;LAYER:37
;note -- min layer time used
;TYPE:WALL-OUTER
;MESH:motor_cover.stl
G1 F2700 E1134.93848
G1 F596.5 X95.25 Y94.75 E1136.16495
G1 X95.25 Y94.25 E1136.20653
G1 X124.75 Y94.25 E1138.65946
G1 X124.75 Y94.75 E1138.70104
G1 X110 Y94.75 E1139.9275
G1 F2700 E1134.9275
G0 F12000 X110 Y94.49
G0 X110 Y95.665
G0 X110 Y116.335
G0 X110 Y117.753
G1 F2700 E1139.9275
G1 F594.1 X95.252 Y117.756 E1141.15871
G1 F591.8 X95.252 Y117.252 E1141.20095
G1 F594.1 X124.75 Y117.25 E1143.66353
G1 F596.5 X124.75 Y117.75 E1143.70511
G1 X110 Y117.753 E1144.93158
G1 F2700 E1139.93158
;MESH:NONMESH
G0 F300 Z15.4
G0 F12000 X110 Y117.49
G0 X110 Y116.335
G0 X110 Y95.665
G0 X110 Y94.75
;TIME_ELAPSED:957.625853
;LAYER:38
;note -- min layer time used
;TYPE:WALL-OUTER
;MESH:motor_cover.stl
G1 F2700 E1144.93158
G1 F596.5 X95.25 Y94.75 E1146.15804
G1 X95.25 Y94.25 E1146.19962
G1 X124.75 Y94.25 E1148.65255
G1 X124.75 Y94.75 E1148.69413
G1 X110 Y94.75 E1149.9206
G1 F2700 E1144.9206
G0 F12000 X110 Y94.49
G0 X110 Y95.665
G0 X110 Y116.335
G0 X110 Y117.753
G1 F2700 E1149.9206
G1 F594.1 X95.252 Y117.756 E1151.1518
G1 F591.8 X95.252 Y117.252 E1151.19405
G1 F594.1 X124.75 Y117.25 E1153.65663
G1 F596.5 X124.75 Y117.75 E1153.6982
G1 X110 Y117.753 E1154.92467
G1 F2700 E1149.92467
;MESH:NONMESH
G0 F300 Z15.8
G0 F12000 X110 Y117.49
G0 X110 Y116.335
G0 X110 Y95.665
G0 X110 Y94.75
;TIME_ELAPSED:971.464760
;LAYER:39
;note -- min layer time used
;TYPE:WALL-OUTER
;MESH:motor_cover.stl
G1 F2700 E1154.92467
G1 F596.5 X95.25 Y94.75 E1156.15114
G1 X95.25 Y94.25 E1156.19271
G1 X124.75 Y94.25 E1158.64565
G1 X124.75 Y94.75 E1158.68722
G1 X110 Y94.75 E1159.91369
G1 F2700 E1154.91369
G0 F12000 X110 Y94.49
G0 X110 Y95.665
G0 X110 Y116.335
G0 X110 Y117.753
G1 F2700 E1159.91369
G1 F594.1 X95.252 Y117.756 E1161.14489
G1 F591.8 X95.252 Y117.252 E1161.18714
G1 F594.1 X124.75 Y117.25 E1163.64972
G1 F596.5 X124.75 Y117.75 E1163.69129
G1 X110 Y117.753 E1164.91776
G1 F2700 E1159.91776
;MESH:NONMESH
G0 F300 Z16.2
G0 F12000 X110 Y117.49
G0 X110 Y116.335
G0 X110 Y95.665
G0 X110 Y94.75
;TIME_ELAPSED:985.303666
;LAYER:40
;note -- min layer time used
;TYPE:WALL-OUTER
;MESH:motor_cover.stl
G1 F2700 E1164.91776
G1 F596.5 X95.25 Y94.75 E1166.14423
G1 X95.25 Y94.25 E1166.1858
G1 X124.75 Y94.25 E1168.63874
G1 X124.75 Y94.75 E1168.68031
G1 X110 Y94.75 E1169.90678
G1 F2700 E1164.90678
G0 F12000 X110 Y94.49
G0 X110 Y95.665
G0 X110 Y116.335
G0 X110 Y117.753
G1 F2700 E1169.90678
G1 F594.1 X95.252 Y117.756 E1171.13799
G1 F591.8 X95.252 Y117.252 E1171.18023
G1 F594.1 X124.75 Y117.25 E1173.64281
G1 F596.5 X124.75 Y117.75 E1173.68438
G1 X110 Y117.753 E1174.91085
G1 F2700 E1169.91085
;MESH:NONMESH
G0 F300 Z16.6
G0 F12000 X110 Y117.49
G0 X109.883 Y116.335
G0 X109.883 Y95.665
G0 X109.883 Y94.749
;TIME_ELAPSED:999.142637
;LAYER:41
;note -- min layer time used
;TYPE:WALL-OUTER
;MESH:motor_cover.stl
G1 F2700 E1174.91085
G1 F599.7 X95.25 Y94.75 E1176.12759
G1 X95.25 Y94.25 E1176.16917
G1 F597.3 X115.044 Y94.249 E1177.82163
G1 F539.3 X115.23 Y94.197 E1177.83949
G1 F494.8 X115.27 Y94.091 E1177.8509
G1 X115.73 Y94.091 E1177.89726
G1 X115.77 Y94.197 E1177.90868
G1 F542.2 X116 Y94.25 E1177.93038
G1 F597.3 X122.044 Y94.249 E1178.43496
G1 F539.3 X122.23 Y94.197 E1178.45281
G1 F494.8 X122.27 Y94.091 E1178.46423
G1 X122.73 Y94.091 E1178.51059
G1 X122.77 Y94.197 E1178.52201
G1 F542.2 X123 Y94.25 E1178.54371
G1 F599.7 X124.75 Y94.25 E1178.68923
G1 X124.75 Y94.75 E1178.7308
G1 X123 Y94.75 E1178.87631
G1 F570.1 X122.497 Y94.692 E1178.92061
G1 F566.8 X122.087 Y94.748 E1178.95701
G1 F597.3 X116 Y94.75 E1179.46517
G1 F570.1 X115.497 Y94.692 E1179.50946
G1 F566.8 X115.087 Y94.748 E1179.54586
G1 F597.3 X109.883 Y94.749 E1179.98031
G1 F2700 E1174.98031
G0 F12000 X109.883 Y94.49
G0 X110 Y95.665
G0 X110 Y116.335
G0 X110 Y117.752
G1 F2700 E1179.98031
G1 F596.1 X95.252 Y117.756 E1181.21397
G1 F595 X95.252 Y117.252 E1181.25621
G1 F597.3 X115 Y117.25 E1182.90483
G1 F571.2 X115.505 Y117.306 E1182.94919
G1 F567.9 X115.913 Y117.252 E1182.98533
G1 F597.3 X122 Y117.25 E1183.49349
G1 F571.2 X122.505 Y117.306 E1183.53785
G1 F567.9 X122.913 Y117.252 E1183.57399
G1 F597.3 X124.75 Y117.25 E1183.72735
G1 F599.7 X124.75 Y117.75 E1183.76892
G1 F597.3 X122.956 Y117.751 E1183.91869
G1 F543.2 X122.776 Y117.8 E1183.93582
G1 F499.8 X122.738 Y117.9 E1183.94649
G1 X122.262 Y117.9 E1183.99399
G1 X122.224 Y117.8 E1184.00466
G1 F545.2 X122 Y117.75 E1184.02565
G1 F597.3 X115.956 Y117.751 E1184.53022
G1 F543.2 X115.776 Y117.8 E1184.54735
G1 F499.8 X115.738 Y117.9 E1184.55802
G1 X115.262 Y117.9 E1184.60552
G1 X115.224 Y117.8 E1184.61619
G1 F545.2 X115 Y117.75 E1184.63719
G1 F598.5 X110 Y117.752 E1185.05377
G1 F2700 E1180.05377
;MESH:NONMESH
G0 F300 Z17
G0 F12000 X110 Y117.49
G0 X109.883 Y116.335
G0 X109.883 Y95.665
G0 X109.883 Y94.749
;TIME_ELAPSED:1013.098808
;LAYER:42
;note -- min layer time used
;TYPE:WALL-OUTER
;MESH:motor_cover.stl
G1 F2700 E1185.05377
G1 F618.6 X95.25 Y94.75 E1186.27051
G1 X95.25 Y94.25 E1186.31208
G1 F616.2 X115.044 Y94.249 E1187.96454
G1 F547.5 X115.25 Y94.188 E1187.98473
G1 F550.4 X115.25 Y93.638 E1188.03613
G1 F618.6 X115.75 Y93.638 E1188.07771
G1 F550.4 X115.75 Y94.188 E1188.12911
G1 X116 Y94.25 E1188.15319
G1 F616.2 X122.044 Y94.249 E1188.65776
G1 F547.5 X122.25 Y94.188 E1188.67794
G1 F550.4 X122.25 Y93.638 E1188.72935
G1 F618.6 X122.75 Y93.638 E1188.77092
G1 F550.4 X122.75 Y94.188 E1188.82233
G1 X123 Y94.25 E1188.8464
G1 F618.6 X124.75 Y94.25 E1188.99191
G1 X124.75 Y94.75 E1189.03349
G1 X123 Y94.75 E1189.179
G1 F550.4 X122.5 Y94.688 E1189.22609
G1 F547.5 X122.087 Y94.748 E1189.2653
G1 F616.2 X116 Y94.75 E1189.77346
G1 F550.4 X115.5 Y94.688 E1189.82055
G1 F547.5 X115.087 Y94.748 E1189.85976
G1 F616.2 X109.883 Y94.749 E1190.29421
G1 F2700 E1185.29421
G0 F12000 X109.883 Y94.49
G0 X110 Y95.665
G0 X110 Y116.335
G0 X110 Y117.752
G1 F2700 E1190.29421
G1 F614.9 X95.252 Y117.756 E1191.52787
G1 F613.7 X95.252 Y117.252 E1191.57011
G1 F616.2 X115 Y117.25 E1193.21873
G1 F550.4 X115.5 Y117.312 E1193.26582
G1 F547.5 X115.913 Y117.252 E1193.30503
G1 F616.2 X122 Y117.25 E1193.81319
G1 F550.4 X122.5 Y117.312 E1193.86028
G1 F547.5 X122.913 Y117.252 E1193.89949
G1 F616.2 X124.75 Y117.25 E1194.05285
G1 F618.6 X124.75 Y117.75 E1194.09443
G1 F616.2 X122.956 Y117.751 E1194.2442
G1 F547.5 X122.75 Y117.812 E1194.26438
G1 F550.4 X122.75 Y118.35 E1194.31466
G1 F618.6 X122.25 Y118.35 E1194.35624
G1 F550.4 X122.25 Y117.812 E1194.40652
G1 X122 Y117.75 E1194.4306
G1 F616.2 X115.956 Y117.751 E1194.93517
G1 F547.5 X115.75 Y117.812 E1194.95535
G1 F550.4 X115.75 Y118.35 E1195.00563
G1 F618.6 X115.25 Y118.35 E1195.04721
G1 F550.4 X115.25 Y117.812 E1195.09749
G1 X115 Y117.75 E1195.12156
G1 F617.4 X110 Y117.752 E1195.53815
G1 F2700 E1190.53815
;MESH:NONMESH
G0 F300 Z17.4
G0 F12000 X110 Y117.49
G0 X95.632 Y117.43
G0 X95.632 Y116.335
G0 X95.632 Y95.665
G0 X95.632 Y94.414
;TIME_ELAPSED:1027.434006
;LAYER:43
;note -- min layer time used
;TYPE:WALL-INNER
;MESH:motor_cover.stl
G1 F2700 E1195.53815
G1 F884.6 X95.563 Y94.374 E1195.54306
G1 X95.563 Y94.454 E1195.54798
G1 X95.632 Y94.414 E1195.55289
G1 F2700 E1190.55289
G0 F12000 X95.632 Y94.51
G0 X109.809 Y94.49
G0 X109.809 Y94.749
;TYPE:WALL-OUTER
G1 F2700 E1195.55289
G1 F650.7 X115.087 Y94.748 E1195.99439
G1 F579.3 X115.5 Y94.688 E1196.0336
G1 F582.4 X116 Y94.75 E1196.08069
G1 F652 X122.087 Y94.748 E1196.58885
G1 F579.3 X122.5 Y94.688 E1196.62806
G1 F582.4 X123 Y94.75 E1196.67515
G1 F654.6 X124.75 Y94.75 E1196.82066
G1 X124.75 Y94.25 E1196.86224
G1 X123 Y94.25 E1197.00775
G1 F582.4 X122.75 Y94.188 E1197.03182
G1 X122.75 Y93.238 E1197.12061
G1 F654.6 X122.25 Y93.238 E1197.16219
G1 F582.4 X122.25 Y94.188 E1197.25097
G1 F579.3 X122.044 Y94.249 E1197.27116
G1 F652 X116 Y94.25 E1197.77573
G1 F582.4 X115.75 Y94.188 E1197.7998
G1 X115.75 Y93.238 E1197.88859
G1 F654.6 X115.25 Y93.238 E1197.93017
G1 F582.4 X115.25 Y94.188 E1198.01896
G1 F579.3 X115.044 Y94.249 E1198.03914
G1 F652 X103 Y94.25 E1199.04461
G1 F591.9 X102.77 Y94.197 E1199.06632
G1 F540.1 X102.73 Y94.091 E1199.07773
G1 X102.27 Y94.091 E1199.12409
G1 X102.23 Y94.197 E1199.13551
G1 F588.7 X102.044 Y94.249 E1199.15337
G1 F652 X96 Y94.25 E1199.65794
G1 F727.3 X95.843 Y94.125 E1199.67296
G1 F818.3 X95.8 Y93.988 E1199.68251
G1 X95.2 Y93.988 E1199.72242
G1 X95.201 Y94.799 E1199.77637
G1 X95.586 Y94.799 E1199.80198
G1 F727.3 X96 Y94.75 E1199.83318
G1 F652 X102.087 Y94.748 E1200.34134
G1 F618.7 X102.497 Y94.692 E1200.37774
G1 F622.2 X103 Y94.75 E1200.42203
G1 F654.6 X109.809 Y94.749 E1200.9882
G1 F2700 E1195.9882
G0 F12000 X109.809 Y94.49
G0 X110 Y95.665
G0 X110 Y116.335
G0 X110 Y117.75
G1 F2700 E1200.9882
G1 F649.4 X102.956 Y117.751 E1201.5786
G1 F592.9 X102.776 Y117.8 E1201.59573
G1 F545.5 X102.738 Y117.9 E1201.6064
G1 X102.262 Y117.9 E1201.65389
G1 X102.224 Y117.8 E1201.66457
G1 F595.1 X101.999 Y117.75 E1201.68565
G1 F649.4 X95.956 Y117.757 E1202.19215
G1 F597.3 X95.794 Y117.798 E1202.20738
G1 F556.6 X95.74 Y117.913 E1202.2198
G1 X95.295 Y117.913 E1202.26332
G1 X95.294 Y117.294 E1202.32384
G1 X95.588 Y117.294 E1202.35259
G1 F597.3 X95.913 Y117.254 E1202.38243
G1 F649.4 X101.999 Y117.25 E1202.89254
G1 F623.4 X102.505 Y117.306 E1202.93698
G1 F619.9 X102.913 Y117.252 E1202.97312
G1 F652 X115 Y117.25 E1203.98218
G1 F582.4 X115.5 Y117.312 E1204.02927
G1 F579.3 X115.913 Y117.252 E1204.06848
G1 F652 X122 Y117.25 E1204.57664
G1 F582.4 X122.5 Y117.312 E1204.62373
G1 F579.3 X122.913 Y117.252 E1204.66294
G1 F652 X124.75 Y117.25 E1204.8163
G1 F654.6 X124.75 Y117.75 E1204.85788
G1 F652 X122.956 Y117.751 E1205.00764
G1 F579.3 X122.75 Y117.812 E1205.02783
G1 F582.4 X122.75 Y118.75 E1205.1155
G1 F654.6 X122.25 Y118.75 E1205.15707
G1 F582.4 X122.25 Y117.812 E1205.24474
G1 X122 Y117.75 E1205.26881
G1 F652 X115.956 Y117.751 E1205.77338
G1 F579.3 X115.75 Y117.812 E1205.79357
G1 F582.4 X115.75 Y118.75 E1205.88124
G1 F654.6 X115.25 Y118.75 E1205.92281
G1 F582.4 X115.25 Y117.812 E1206.01048
G1 X115 Y117.75 E1206.03455
G1 F653.3 X110 Y117.75 E1206.45113
G1 F2700 E1201.45113
;MESH:NONMESH
G0 F300 Z17.8
G0 F12000 X110 Y117.49
G0 X109.809 Y116.335
G0 X109.809 Y95.665
G0 X109.809 Y94.749
;TIME_ELAPSED:1041.998303
;LAYER:44
;note -- min layer time used
;TYPE:WALL-OUTER
;MESH:motor_cover.stl
G1 F2700 E1206.45113
G1 F672.1 X103 Y94.75 E1207.0173
G1 F597.9 X102.5 Y94.688 E1207.06439
G1 F594.7 X102.087 Y94.748 E1207.10361
G1 F669.4 X96 Y94.75 E1207.61177
G1 F620 X95.586 Y94.707 E1207.64928
G1 F574.4 X95.293 Y94.707 E1207.67779
G1 X95.293 Y94.414 E1207.70629
G1 F616.6 X95.252 Y94.087 E1207.73616
G1 F669.4 X95.25 Y93.638 E1207.77365
G1 F672.1 X95.75 Y93.638 E1207.81522
G1 F669.4 X95.751 Y94.044 E1207.84911
G1 F616.6 X95.793 Y94.207 E1207.86437
G1 F620 X96 Y94.25 E1207.88343
G1 F669.4 X102.044 Y94.249 E1208.388
G1 F594.7 X102.25 Y94.188 E1208.40818
G1 F597.9 X102.25 Y93.638 E1208.45959
G1 F672.1 X102.75 Y93.638 E1208.50116
G1 F597.9 X102.75 Y94.188 E1208.55257
G1 X103 Y94.25 E1208.57664
G1 F669.4 X115.044 Y94.249 E1209.58211
G1 F594.7 X115.25 Y94.188 E1209.60229
G1 F597.9 X115.25 Y92.838 E1209.72847
G1 F672.1 X115.75 Y92.838 E1209.77004
G1 F597.9 X115.75 Y94.188 E1209.89621
G1 X116 Y94.25 E1209.92029
G1 F669.4 X122.044 Y94.249 E1210.42486
G1 F594.7 X122.25 Y94.188 E1210.44504
G1 F597.9 X122.25 Y92.838 E1210.57122
G1 F672.1 X122.75 Y92.838 E1210.61279
G1 F597.9 X122.75 Y94.188 E1210.73896
G1 X123 Y94.25 E1210.76304
G1 F672.1 X124.75 Y94.25 E1210.90855
G1 X124.75 Y94.75 E1210.95013
G1 X123 Y94.75 E1211.09564
G1 F597.9 X122.5 Y94.688 E1211.14273
G1 F594.7 X122.087 Y94.748 E1211.18194
G1 F669.4 X116 Y94.75 E1211.6901
G1 F597.9 X115.5 Y94.688 E1211.73719
G1 F594.7 X115.087 Y94.748 E1211.7764
G1 F668.1 X109.809 Y94.749 E1212.2179
G1 F2700 E1207.2179
G0 F12000 X109.809 Y94.49
G0 X110 Y95.665
G0 X110 Y116.335
G0 X110 Y117.75
G1 F2700 E1212.2179
G1 F666.7 X102.956 Y117.751 E1212.8083
G1 F594.7 X102.75 Y117.812 E1212.82849
G1 F597.9 X102.75 Y118.35 E1212.87877
G1 F672.1 X102.25 Y118.35 E1212.92034
G1 F597.9 X102.25 Y117.812 E1212.97063
G1 X101.999 Y117.75 E1212.99479
G1 F666.7 X95.956 Y117.757 E1213.50129
G1 F613.2 X95.794 Y117.798 E1213.51652
G1 F617.7 X95.75 Y118.008 E1213.53593
G1 F672.1 X95.75 Y118.358 E1213.56503
G1 X95.25 Y118.358 E1213.6066
G1 X95.25 Y118.008 E1213.63571
G1 F617.7 X95.294 Y117.588 E1213.67391
G1 F571.5 X95.294 Y117.294 E1213.70266
G1 X95.588 Y117.294 E1213.73141
G1 F613.2 X95.913 Y117.254 E1213.76125
G1 F666.7 X101.999 Y117.25 E1214.27135
G1 F597.9 X102.5 Y117.312 E1214.31853
G1 F594.7 X102.913 Y117.252 E1214.35775
G1 F669.4 X115 Y117.25 E1215.3668
G1 F597.9 X115.5 Y117.312 E1215.41389
G1 F594.7 X115.913 Y117.252 E1215.45311
G1 F669.4 X122 Y117.25 E1215.96127
G1 F597.9 X122.5 Y117.312 E1216.00835
G1 F594.7 X122.913 Y117.252 E1216.04757
G1 F669.4 X124.75 Y117.25 E1216.20093
G1 F672.1 X124.75 Y117.75 E1216.2425
G1 F669.4 X122.956 Y117.751 E1216.39227
G1 F594.7 X122.75 Y117.812 E1216.41246
G1 F597.9 X122.75 Y119.151 E1216.5376
G1 F672.1 X122.25 Y119.153 E1216.57917
G1 F597.9 X122.25 Y117.812 E1216.70451
G1 X122 Y117.75 E1216.72858
G1 F669.4 X115.956 Y117.751 E1217.23315
G1 F594.7 X115.75 Y117.812 E1217.25334
G1 F597.9 X115.75 Y119.151 E1217.37848
G1 F672.1 X115.25 Y119.153 E1217.42006
G1 F597.9 X115.25 Y117.812 E1217.54539
G1 X115 Y117.75 E1217.56946
G1 F670.7 X110 Y117.75 E1217.98604
G1 F2700 E1212.98604
;MESH:NONMESH
G0 F300 Z18.2
G0 F12000 X110 Y117.49
G0 X109.809 Y116.335
G0 X109.809 Y95.665
G0 X109.809 Y94.749
;TIME_ELAPSED:1056.190880
;LAYER:45
;note -- min layer time used
;TYPE:WALL-OUTER
;MESH:motor_cover.stl
G1 F2700 E1217.98604
G1 F703.9 X103 Y94.75 E1218.55221
G1 F626.2 X102.5 Y94.688 E1218.5993
G1 F622.9 X102.087 Y94.748 E1218.63852
G1 F701.1 X96 Y94.75 E1219.14668
G1 F649.4 X95.586 Y94.707 E1219.18419
G1 F601.6 X95.293 Y94.707 E1219.2127
G1 X95.293 Y94.414 E1219.2412
G1 F645.8 X95.252 Y94.087 E1219.27107
G1 F701.1 X95.25 Y93.238 E1219.34195
G1 F703.9 X95.75 Y93.238 E1219.38352
G1 F701.1 X95.751 Y94.044 E1219.45081
G1 F645.8 X95.793 Y94.207 E1219.46607
G1 F649.4 X96 Y94.25 E1219.48512
G1 F701.1 X102.044 Y94.249 E1219.98969
G1 F622.9 X102.25 Y94.188 E1220.00988
G1 F626.2 X102.25 Y93.238 E1220.09867
G1 F703.9 X102.75 Y93.238 E1220.14024
G1 F626.2 X102.75 Y94.188 E1220.22903
G1 X103 Y94.25 E1220.25311
G1 F701.1 X115.044 Y94.249 E1221.25857
G1 F622.9 X115.25 Y94.188 E1221.27876
G1 F592.5 X115.25 Y93.313 E1221.36519
G1 F662.8 X115.25 Y92.438 E1221.44246
G1 F703.9 X115.75 Y92.438 E1221.48404
G1 F662.8 X115.75 Y93.313 E1221.5613
G1 F592.5 X115.75 Y94.188 E1221.64774
G1 F626.2 X116 Y94.25 E1221.67181
G1 F701.1 X122.044 Y94.249 E1222.17638
G1 F622.9 X122.25 Y94.188 E1222.19657
G1 F592.5 X122.25 Y93.313 E1222.283
G1 F662.8 X122.25 Y92.438 E1222.36027
G1 F703.9 X122.75 Y92.438 E1222.40185
G1 F662.8 X122.75 Y93.313 E1222.47911
G1 F592.5 X122.75 Y94.188 E1222.56555
G1 F626.2 X123 Y94.25 E1222.58962
G1 F703.9 X124.75 Y94.25 E1222.73514
G1 X124.75 Y94.75 E1222.77671
G1 X123 Y94.75 E1222.92222
G1 F626.2 X122.5 Y94.688 E1222.96931
G1 F622.9 X122.087 Y94.748 E1223.00853
G1 F701.1 X116 Y94.75 E1223.51669
G1 F626.2 X115.5 Y94.688 E1223.56377
G1 F622.9 X115.087 Y94.748 E1223.60299
G1 F699.7 X109.809 Y94.749 E1224.04449
G1 F2700 E1219.04449
G0 F12000 X109.809 Y94.49
G0 X110 Y95.665
G0 X110 Y116.335
G0 X110 Y117.75
G1 F2700 E1224.04449
G1 F698.3 X102.956 Y117.751 E1224.63488
G1 F622.9 X102.75 Y117.812 E1224.65507
G1 F626.2 X102.75 Y118.75 E1224.74274
G1 F703.9 X102.25 Y118.75 E1224.78431
G1 F626.2 X102.25 Y117.812 E1224.87198
G1 X101.999 Y117.75 E1224.89614
G1 F698.3 X95.956 Y117.757 E1225.40264
G1 F642.2 X95.794 Y117.798 E1225.41787
G1 F647 X95.75 Y118.008 E1225.43728
G1 F703.9 X95.75 Y118.758 E1225.49964
G1 X95.25 Y118.758 E1225.54122
G1 X95.25 Y118.008 E1225.60358
G1 F647 X95.294 Y117.588 E1225.64179
G1 F598.6 X95.294 Y117.294 E1225.67053
G1 X95.588 Y117.294 E1225.69928
G1 F642.2 X95.913 Y117.254 E1225.72912
G1 F698.3 X101.999 Y117.25 E1226.23923
G1 F626.2 X102.5 Y117.312 E1226.28641
G1 F622.9 X102.913 Y117.252 E1226.32562
G1 F701.1 X115 Y117.25 E1227.33468
G1 F626.2 X115.5 Y117.312 E1227.38177
G1 F622.9 X115.913 Y117.252 E1227.42098
G1 F701.1 X122 Y117.25 E1227.92914
G1 F626.2 X122.5 Y117.312 E1227.97623
G1 F622.9 X122.913 Y117.252 E1228.01544
G1 F701.1 X124.75 Y117.25 E1228.1688
G1 F703.9 X124.75 Y117.75 E1228.21037
G1 F701.1 X122.956 Y117.751 E1228.36014
G1 F622.9 X122.75 Y117.812 E1228.38033
G1 F592.5 X122.75 Y118.682 E1228.46627
G1 F662.8 X122.75 Y119.552 E1228.5431
G1 F703.9 X122.25 Y119.553 E1228.58467
G1 F662.8 X122.25 Y118.682 E1228.66159
G1 F592.5 X122.25 Y117.811 E1228.74763
G1 F626.2 X122 Y117.75 E1228.77168
G1 F701.1 X115.956 Y117.751 E1229.27625
G1 F622.9 X115.75 Y117.812 E1229.29643
G1 F592.5 X115.75 Y118.682 E1229.38237
G1 F662.8 X115.75 Y119.552 E1229.4592
G1 F703.9 X115.25 Y119.553 E1229.50078
G1 F662.8 X115.25 Y118.682 E1229.57769
G1 F592.5 X115.25 Y117.811 E1229.66373
G1 F626.2 X115 Y117.75 E1229.68778
G1 F702.5 X110 Y117.75 E1230.10436
G1 F2700 E1225.10436
;MESH:NONMESH
G0 F300 Z18.6
G0 F12000 X110 Y117.49
G0 X109.809 Y116.335
G0 X109.809 Y95.665
G0 X109.809 Y94.749
;TIME_ELAPSED:1070.442381
;LAYER:46
;note -- min layer time used
;TYPE:WALL-OUTER
;MESH:motor_cover.stl
G1 F2700 E1230.10436
G1 F735.8 X103 Y94.75 E1230.67053
G1 F654.6 X102.5 Y94.688 E1230.71762
G1 F651.1 X102.087 Y94.748 E1230.75684
G1 F732.8 X96 Y94.75 E1231.265
G1 F678.7 X95.586 Y94.707 E1231.30251
G1 F628.8 X95.293 Y94.707 E1231.33102
G1 X95.293 Y94.414 E1231.35952
G1 F675 X95.252 Y94.087 E1231.38939
G1 F732.8 X95.25 Y92.838 E1231.49366
G1 F735.8 X95.75 Y92.838 E1231.53524
G1 F732.8 X95.751 Y94.044 E1231.63592
G1 F675 X95.793 Y94.207 E1231.65117
G1 F678.7 X96 Y94.25 E1231.67023
G1 F732.8 X102.044 Y94.249 E1232.1748
G1 F651.1 X102.25 Y94.188 E1232.19499
G1 F654.6 X102.25 Y92.838 E1232.32116
G1 F735.8 X102.75 Y92.838 E1232.36273
G1 F654.6 X102.75 Y94.188 E1232.48891
G1 X103 Y94.25 E1232.51298
G1 F732.8 X115.044 Y94.249 E1233.51845
G1 F651.1 X115.25 Y94.188 E1233.53863
G1 F619.3 X115.25 Y93.113 E1233.64483
G1 F692.8 X115.25 Y92.038 E1233.73975
G1 F735.8 X115.75 Y92.038 E1233.78133
G1 F692.8 X115.75 Y93.113 E1233.87626
G1 F619.3 X115.75 Y94.188 E1233.98245
G1 F654.6 X116 Y94.25 E1234.00652
G1 F732.8 X122.044 Y94.249 E1234.51109
G1 F651.1 X122.25 Y94.188 E1234.53128
G1 F619.3 X122.25 Y93.113 E1234.63747
G1 F692.8 X122.25 Y92.038 E1234.7324
G1 F735.8 X122.75 Y92.038 E1234.77398
G1 F692.8 X122.75 Y93.113 E1234.8689
G1 F619.3 X122.75 Y94.188 E1234.97509
G1 F654.6 X123 Y94.25 E1234.99917
G1 F735.8 X124.75 Y94.25 E1235.14468
G1 X124.75 Y94.75 E1235.18626
G1 X123 Y94.75 E1235.33177
G1 F654.6 X122.5 Y94.688 E1235.37886
G1 F651.1 X122.087 Y94.748 E1235.41807
G1 F732.8 X116 Y94.75 E1235.92623
G1 F654.6 X115.5 Y94.688 E1235.97332
G1 F651.1 X115.087 Y94.748 E1236.01253
G1 F731.4 X109.809 Y94.749 E1236.45403
G1 F2700 E1231.45403
G0 F12000 X109.809 Y94.49
G0 X110 Y95.665
G0 X110 Y116.335
G0 X110 Y117.75
G1 F2700 E1236.45403
G1 F729.9 X102.956 Y117.751 E1237.04443
G1 F651.1 X102.75 Y117.812 E1237.06462
G1 F654.6 X102.75 Y119.151 E1237.18976
G1 F735.8 X102.25 Y119.153 E1237.23134
G1 F654.6 X102.25 Y117.812 E1237.35667
G1 X101.999 Y117.75 E1237.38083
G1 F729.9 X95.956 Y117.757 E1237.88733
G1 F671.3 X95.794 Y117.798 E1237.90256
G1 F676.2 X95.75 Y118.008 E1237.92197
G1 F735.8 X95.75 Y119.158 E1238.01759
G1 X95.25 Y119.158 E1238.05917
G1 X95.25 Y118.008 E1238.15479
G1 F676.2 X95.294 Y117.588 E1238.19299
G1 F625.6 X95.294 Y117.294 E1238.22174
G1 X95.588 Y117.294 E1238.25049
G1 F671.3 X95.913 Y117.254 E1238.28033
G1 F729.9 X101.999 Y117.25 E1238.79043
G1 F654.6 X102.5 Y117.312 E1238.83762
G1 F651.1 X102.913 Y117.252 E1238.87683
G1 F732.8 X115 Y117.25 E1239.88589
G1 F654.6 X115.5 Y117.312 E1239.93297
G1 F651.1 X115.913 Y117.252 E1239.97219
G1 F732.8 X122 Y117.25 E1240.48035
G1 F654.6 X122.5 Y117.312 E1240.52744
G1 F651.1 X122.913 Y117.252 E1240.56665
G1 F732.8 X124.75 Y117.25 E1240.72001
G1 F735.8 X124.75 Y117.75 E1240.76158
G1 F732.8 X122.956 Y117.751 E1240.91135
G1 F651.1 X122.75 Y117.812 E1240.93154
G1 F619.3 X122.75 Y118.883 E1241.03733
G1 F692.8 X122.75 Y119.954 E1241.13191
G1 F735.8 X122.25 Y119.954 E1241.17348
G1 F692.8 X122.25 Y118.883 E1241.26806
G1 F619.3 X122.25 Y117.812 E1241.37386
G1 F654.6 X122 Y117.75 E1241.39793
G1 F732.8 X115.956 Y117.751 E1241.9025
G1 F651.1 X115.75 Y117.812 E1241.92269
G1 F619.3 X115.75 Y118.883 E1242.02848
G1 F692.8 X115.75 Y119.954 E1242.12306
G1 F735.8 X115.25 Y119.954 E1242.16463
G1 F692.8 X115.25 Y118.883 E1242.25921
G1 F619.3 X115.25 Y117.812 E1242.365
G1 F654.6 X115 Y117.75 E1242.38908
G1 F734.3 X110 Y117.75 E1242.80566
G1 F2700 E1237.80566
;MESH:NONMESH
G0 F300 Z19
G0 F12000 X110 Y117.49
G0 X109.809 Y116.335
G0 X109.809 Y95.665
G0 X109.809 Y94.749
;TIME_ELAPSED:1084.748309
;LAYER:47
;note -- min layer time used
;TYPE:WALL-OUTER
;MESH:motor_cover.stl
G1 F2700 E1242.80566
G1 F767.6 X103 Y94.75 E1243.37183
G1 F682.9 X102.5 Y94.688 E1243.41892
G1 F679.3 X102.087 Y94.748 E1243.45813
G1 F764.5 X96 Y94.75 E1243.96629
G1 F708.1 X95.586 Y94.707 E1244.00381
G1 F656.1 X95.293 Y94.707 E1244.03231
G1 X95.293 Y94.414 E1244.06082
G1 F704.2 X95.252 Y94.087 E1244.09069
G1 F764.5 X95.25 Y92.438 E1244.22835
G1 F767.6 X95.75 Y92.438 E1244.26993
G1 F764.5 X95.751 Y94.044 E1244.404
G1 F704.2 X95.793 Y94.207 E1244.41926
G1 F708.1 X96 Y94.25 E1244.43831
G1 F764.5 X102.044 Y94.249 E1244.94288
G1 F679.3 X102.25 Y94.188 E1244.96307
G1 F646.1 X102.25 Y93.313 E1245.04951
G1 F722.8 X102.25 Y92.438 E1245.12677
G1 F767.6 X102.75 Y92.438 E1245.16835
G1 F722.8 X102.75 Y93.313 E1245.24562
G1 F646.1 X102.75 Y94.188 E1245.33205
G1 F682.9 X103 Y94.25 E1245.35612
G1 F764.5 X115.044 Y94.249 E1246.36159
G1 F679.3 X115.25 Y94.188 E1246.38178
G1 F646.1 X115.25 Y92.913 E1246.50773
G1 F722.8 X115.25 Y91.638 E1246.62032
G1 F767.6 X115.75 Y91.638 E1246.66189
G1 F722.8 X115.75 Y92.913 E1246.77448
G1 F646.1 X115.75 Y94.188 E1246.90043
G1 F682.9 X116 Y94.25 E1246.9245
G1 F764.5 X122.044 Y94.249 E1247.42907
G1 F679.3 X122.25 Y94.188 E1247.44926
G1 F646.1 X122.25 Y92.913 E1247.57521
G1 F722.8 X122.25 Y91.638 E1247.6878
G1 F767.6 X122.75 Y91.638 E1247.72937
G1 F722.8 X122.75 Y92.913 E1247.84196
G1 F646.1 X122.75 Y94.188 E1247.96791
G1 F682.9 X123 Y94.25 E1247.99198
G1 F767.6 X124.75 Y94.25 E1248.1375
G1 X124.75 Y94.75 E1248.17907
G1 X123 Y94.75 E1248.32458
G1 F682.9 X122.5 Y94.688 E1248.37167
G1 F679.3 X122.087 Y94.748 E1248.41088
G1 F764.5 X116 Y94.75 E1248.91905
G1 F682.9 X115.5 Y94.688 E1248.96613
G1 F679.3 X115.087 Y94.748 E1249.00535
G1 F763 X109.809 Y94.749 E1249.44685
G1 F2700 E1244.44685
G0 F12000 X109.809 Y94.49
G0 X110 Y95.665
G0 X110 Y116.335
G0 X110 Y117.75
G1 F2700 E1249.44685
G1 F761.5 X102.956 Y117.751 E1250.03724
G1 F679.3 X102.75 Y117.812 E1250.05743
G1 F646.1 X102.75 Y118.682 E1250.14337
G1 F722.8 X102.75 Y119.552 E1250.2202
G1 F767.6 X102.25 Y119.553 E1250.26177
G1 F722.8 X102.25 Y118.682 E1250.33869
G1 F646.1 X102.25 Y117.811 E1250.42473
G1 F682.9 X102 Y117.75 E1250.44878
G1 F761.5 X95.956 Y117.754 E1250.95536
G1 F701.7 X95.793 Y117.795 E1250.97065
G1 F705.5 X95.75 Y118.004 E1250.98995
G1 F767.6 X95.75 Y119.558 E1251.11917
G1 X95.25 Y119.558 E1251.16074
G1 X95.25 Y118.004 E1251.28996
G1 F705.5 X95.293 Y117.587 E1251.32788
G1 F653.8 X95.293 Y117.293 E1251.35658
G1 X95.587 Y117.293 E1251.38528
G1 F701.7 X95.913 Y117.253 E1251.41516
G1 F761.5 X102 Y117.25 E1251.92535
G1 F682.9 X102.5 Y117.312 E1251.97243
G1 F679.3 X102.913 Y117.252 E1252.01165
G1 F764.5 X115 Y117.25 E1253.0207
G1 F682.9 X115.5 Y117.312 E1253.06779
G1 F679.3 X115.913 Y117.252 E1253.10701
G1 F764.5 X122 Y117.25 E1253.61517
G1 F682.9 X122.5 Y117.312 E1253.66226
G1 F679.3 X122.913 Y117.252 E1253.70147
G1 F764.5 X124.75 Y117.25 E1253.85483
G1 F767.6 X124.75 Y117.75 E1253.8964
G1 F764.5 X122.956 Y117.751 E1254.04617
G1 F679.3 X122.75 Y117.812 E1254.06636
G1 F646.1 X122.75 Y119.083 E1254.19191
G1 F722.8 X122.75 Y120.354 E1254.30415
G1 F767.6 X122.25 Y120.354 E1254.34572
G1 F722.8 X122.25 Y119.083 E1254.45796
G1 F646.1 X122.25 Y117.812 E1254.58351
G1 F682.9 X122 Y117.75 E1254.60758
G1 F764.5 X115.956 Y117.751 E1255.11215
G1 F679.3 X115.75 Y117.812 E1255.13234
G1 F646.1 X115.75 Y119.083 E1255.25789
G1 F722.8 X115.75 Y120.354 E1255.37013
G1 F767.6 X115.25 Y120.354 E1255.4117
G1 F722.8 X115.25 Y119.083 E1255.52394
G1 F646.1 X115.25 Y117.812 E1255.64949
G1 F682.9 X115 Y117.75 E1255.67357
G1 F766.1 X110 Y117.75 E1256.09015
G1 F2700 E1251.09015
;MESH:NONMESH
G0 F300 Z19.4
G0 F12000 X110 Y117.49
G0 X109.809 Y116.335
G0 X109.809 Y95.665
G0 X109.809 Y94.749
;TIME_ELAPSED:1099.108657
;LAYER:48
;note -- min layer time used
;TYPE:WALL-OUTER
;MESH:motor_cover.stl
G1 F2700 E1256.09015
G1 F799.4 X103 Y94.75 E1256.65632
G1 F711.2 X102.5 Y94.688 E1256.70341
G1 F707.5 X102.087 Y94.748 E1256.74262
G1 F796.2 X96 Y94.75 E1257.25078
G1 F737.5 X95.586 Y94.707 E1257.2883
G1 F683.3 X95.293 Y94.707 E1257.3168
G1 X95.293 Y94.414 E1257.34531
G1 F733.4 X95.252 Y94.087 E1257.37518
G1 F796.2 X95.25 Y92.038 E1257.54623
G1 F799.4 X95.75 Y92.038 E1257.58781
G1 F796.2 X95.751 Y94.044 E1257.75528
G1 F733.4 X95.793 Y94.207 E1257.77053
G1 F737.5 X96 Y94.25 E1257.78959
G1 F796.2 X102.044 Y94.249 E1258.29416
G1 F707.5 X102.25 Y94.188 E1258.31435
G1 F672.9 X102.25 Y93.113 E1258.42054
G1 F752.8 X102.25 Y92.038 E1258.51547
G1 F799.4 X102.75 Y92.038 E1258.55704
G1 F752.8 X102.75 Y93.113 E1258.65197
G1 F672.9 X102.75 Y94.188 E1258.75816
G1 F711.2 X103 Y94.25 E1258.78223
G1 F796.2 X115.044 Y94.249 E1259.7877
G1 F707.5 X115.25 Y94.188 E1259.80789
G1 F672.9 X115.25 Y92.713 E1259.95359
G1 F752.8 X115.25 Y91.238 E1260.08384
G1 F799.4 X115.75 Y91.238 E1260.12542
G1 F752.8 X115.75 Y92.713 E1260.25567
G1 F672.9 X115.75 Y94.188 E1260.40137
G1 F711.2 X116 Y94.25 E1260.42545
G1 F796.2 X122.044 Y94.249 E1260.93002
G1 F707.5 X122.25 Y94.188 E1260.95021
G1 F672.9 X122.25 Y92.713 E1261.09591
G1 F752.8 X122.25 Y91.238 E1261.22616
G1 F799.4 X122.75 Y91.238 E1261.26774
G1 F752.8 X122.75 Y92.713 E1261.39799
G1 F672.9 X122.75 Y94.188 E1261.54369
G1 F711.2 X123 Y94.25 E1261.56776
G1 F799.4 X124.75 Y94.25 E1261.71328
G1 X124.75 Y94.75 E1261.75485
G1 X123 Y94.75 E1261.90037
G1 F711.2 X122.5 Y94.688 E1261.94745
G1 F707.5 X122.087 Y94.748 E1261.98667
G1 F796.2 X116 Y94.75 E1262.49483
G1 F711.2 X115.5 Y94.688 E1262.54192
G1 F707.5 X115.087 Y94.748 E1262.58113
G1 F794.7 X109.809 Y94.749 E1263.02263
G1 F2700 E1258.02263
G0 F12000 X109.809 Y94.49
G0 X110 Y95.665
G0 X110 Y116.335
G0 X110 Y117.75
G1 F2700 E1263.02263
G1 F793.1 X102.956 Y117.751 E1263.61303
G1 F707.5 X102.75 Y117.812 E1263.63321
G1 F672.9 X102.75 Y118.883 E1263.73901
G1 F752.8 X102.75 Y119.954 E1263.83358
G1 F799.4 X102.25 Y119.954 E1263.87516
G1 F752.8 X102.25 Y118.883 E1263.96973
G1 F672.9 X102.25 Y117.812 E1264.07553
G1 F711.2 X102 Y117.75 E1264.0996
G1 F793.1 X95.956 Y117.754 E1264.60618
G1 F730.7 X95.793 Y117.795 E1264.62147
G1 F734.8 X95.75 Y118.004 E1264.64078
G1 F799.4 X95.75 Y119.958 E1264.80325
G1 X95.25 Y119.958 E1264.84483
G1 X95.25 Y118.004 E1265.0073
G1 F734.8 X95.293 Y117.587 E1265.04523
G1 F680.9 X95.293 Y117.293 E1265.07393
G1 X95.587 Y117.293 E1265.10263
G1 F730.7 X95.913 Y117.253 E1265.13251
G1 F793.1 X102 Y117.25 E1265.64269
G1 F711.2 X102.5 Y117.312 E1265.68978
G1 F707.5 X102.913 Y117.252 E1265.72899
G1 F796.2 X115 Y117.25 E1266.73805
G1 F711.2 X115.5 Y117.312 E1266.78514
G1 F707.5 X115.913 Y117.252 E1266.82435
G1 F796.2 X122 Y117.25 E1267.33251
G1 F711.2 X122.5 Y117.312 E1267.3796
G1 F707.5 X122.913 Y117.252 E1267.41881
G1 F796.2 X124.75 Y117.25 E1267.57217
G1 F799.4 X124.75 Y117.75 E1267.61375
G1 F796.2 X122.956 Y117.751 E1267.76352
G1 F707.5 X122.75 Y117.812 E1267.7837
G1 F672.9 X122.75 Y119.283 E1267.92901
G1 F752.8 X122.75 Y120.754 E1268.05891
G1 F799.4 X122.25 Y120.754 E1268.10048
G1 F752.8 X122.25 Y119.283 E1268.23038
G1 F672.9 X122.25 Y117.812 E1268.37569
G1 F711.2 X122 Y117.75 E1268.39976
G1 F796.2 X115.956 Y117.751 E1268.90434
G1 F707.5 X115.75 Y117.812 E1268.92452
G1 F672.9 X115.75 Y119.283 E1269.06983
G1 F752.8 X115.75 Y120.754 E1269.19973
G1 F799.4 X115.25 Y120.754 E1269.2413
G1 F752.8 X115.25 Y119.283 E1269.3712
G1 F672.9 X115.25 Y117.812 E1269.51651
G1 F711.2 X115 Y117.75 E1269.54058
G1 F797.8 X110 Y117.75 E1269.95717
G1 F2700 E1264.95717
;MESH:NONMESH
G0 F300 Z19.8
G0 F12000 X110 Y117.49
G0 X109.809 Y116.335
G0 X109.809 Y95.665
G0 X109.809 Y94.749
;TIME_ELAPSED:1113.520871
;LAYER:49
;note -- min layer time used
;TYPE:WALL-OUTER
;MESH:motor_cover.stl
G1 F2700 E1269.95717
G1 F831.3 X103 Y94.75 E1270.52334
G1 F739.6 X102.5 Y94.688 E1270.57043
G1 F735.7 X102.087 Y94.748 E1270.60964
G1 F828 X96 Y94.75 E1271.1178
G1 F766.9 X95.586 Y94.707 E1271.15532
G1 F710.5 X95.293 Y94.707 E1271.18382
G1 X95.293 Y94.414 E1271.21233
G1 F762.7 X95.252 Y94.087 E1271.2422
G1 F828 X95.25 Y91.638 E1271.44664
G1 F831.3 X95.75 Y91.638 E1271.48822
G1 F828 X95.751 Y94.044 E1271.68908
G1 F762.7 X95.793 Y94.207 E1271.70434
G1 F766.9 X96 Y94.25 E1271.72339
G1 F828 X102.044 Y94.249 E1272.22796
G1 F735.7 X102.25 Y94.188 E1272.24815
G1 F699.7 X102.25 Y92.913 E1272.3741
G1 F782.8 X102.25 Y91.638 E1272.48669
G1 F831.3 X102.75 Y91.638 E1272.52826
G1 F782.8 X102.75 Y92.913 E1272.64085
G1 F699.7 X102.75 Y94.188 E1272.7668
G1 F739.6 X103 Y94.25 E1272.79087
G1 F828 X115.044 Y94.249 E1273.79634
G1 F735.7 X115.25 Y94.188 E1273.81653
G1 F688.2 X115.25 Y93.071 E1273.92873
G1 F739.6 X115.25 Y91.954 E1274.03312
G1 F797.8 X115.25 Y90.837 E1274.1299
G1 F831.3 X115.75 Y90.838 E1274.17148
G1 F797.8 X115.75 Y91.955 E1274.26826
G1 F739.6 X115.75 Y93.072 E1274.37265
G1 F688.2 X115.75 Y94.189 E1274.48485
G1 F739.6 X116 Y94.25 E1274.5089
G1 F828 X122.044 Y94.249 E1275.01347
G1 F735.7 X122.25 Y94.188 E1275.03366
G1 F688.2 X122.25 Y93.071 E1275.14586
G1 F739.6 X122.25 Y91.954 E1275.25025
G1 F797.8 X122.25 Y90.837 E1275.34703
G1 F831.3 X122.75 Y90.838 E1275.38861
G1 F797.8 X122.75 Y91.955 E1275.48539
G1 F739.6 X122.75 Y93.072 E1275.58978
G1 F688.2 X122.75 Y94.189 E1275.70198
G1 F739.6 X123 Y94.25 E1275.72603
G1 F831.3 X124.75 Y94.25 E1275.87154
G1 X124.75 Y94.75 E1275.91312
G1 X123 Y94.75 E1276.05863
G1 F739.6 X122.5 Y94.688 E1276.10572
G1 F735.7 X122.087 Y94.748 E1276.14493
G1 F828 X116 Y94.75 E1276.65309
G1 F739.6 X115.5 Y94.688 E1276.70018
G1 F735.7 X115.087 Y94.748 E1276.7394
G1 F826.3 X109.809 Y94.749 E1277.1809
G1 F2700 E1272.1809
G0 F12000 X109.809 Y94.49
G0 X110 Y95.665
G0 X110 Y116.335
G0 X110 Y117.75
G1 F2700 E1277.1809
G1 F824.7 X102.956 Y117.751 E1277.77129
G1 F735.7 X102.75 Y117.812 E1277.79148
G1 F699.7 X102.75 Y119.083 E1277.91703
G1 F782.8 X102.75 Y120.354 E1278.02927
G1 F831.3 X102.25 Y120.354 E1278.07084
G1 F782.8 X102.25 Y119.083 E1278.18308
G1 F699.7 X102.25 Y117.812 E1278.30863
G1 F739.6 X102 Y117.75 E1278.33271
G1 F824.7 X95.956 Y117.754 E1278.83929
G1 F759.9 X95.793 Y117.795 E1278.85458
G1 F764.1 X95.75 Y118.004 E1278.87388
G1 F831.3 X95.75 Y120.358 E1279.06962
G1 X95.25 Y120.358 E1279.11119
G1 X95.25 Y118.004 E1279.30693
G1 F764.1 X95.293 Y117.587 E1279.34485
G1 F708.1 X95.293 Y117.293 E1279.37355
G1 X95.587 Y117.293 E1279.40225
G1 F759.9 X95.913 Y117.253 E1279.43213
G1 F824.7 X102 Y117.25 E1279.94231
G1 F739.6 X102.5 Y117.312 E1279.9894
G1 F735.7 X102.913 Y117.252 E1280.02862
G1 F828 X115 Y117.25 E1281.03767
G1 F739.6 X115.5 Y117.312 E1281.08476
G1 F735.7 X115.913 Y117.252 E1281.12398
G1 F828 X122 Y117.25 E1281.63214
G1 F739.6 X122.5 Y117.312 E1281.67922
G1 F735.7 X122.913 Y117.252 E1281.71844
G1 F828 X124.75 Y117.25 E1281.8718
G1 F831.3 X124.75 Y117.75 E1281.91337
G1 F828 X122.956 Y117.751 E1282.06314
G1 F735.7 X122.75 Y117.812 E1282.08333
G1 F688.2 X122.75 Y118.926 E1282.19522
G1 F739.6 X122.75 Y120.04 E1282.29934
G1 F797.8 X122.75 Y121.154 E1282.39586
G1 F831.3 X122.25 Y121.157 E1282.43743
G1 F797.8 X122.25 Y120.042 E1282.53404
G1 F739.6 X122.25 Y118.927 E1282.63825
G1 F688.2 X122.25 Y117.812 E1282.75025
G1 F739.6 X122 Y117.75 E1282.77432
G1 F828 X115.956 Y117.751 E1283.27889
G1 F735.7 X115.75 Y117.812 E1283.29908
G1 F688.2 X115.75 Y118.926 E1283.41097
G1 F739.6 X115.75 Y120.04 E1283.51509
G1 F797.8 X115.75 Y121.154 E1283.61161
G1 F831.3 X115.25 Y121.157 E1283.65318
G1 F797.8 X115.25 Y120.042 E1283.74979
G1 F739.6 X115.25 Y118.927 E1283.854
G1 F688.2 X115.25 Y117.812 E1283.966
G1 F739.6 X115 Y117.75 E1283.99007
G1 F829.6 X110 Y117.75 E1284.40665
G1 F2700 E1279.40665
;MESH:NONMESH
G0 F300 Z20.2
G0 F12000 X110 Y117.49
G0 X109.809 Y116.335
G0 X109.809 Y95.665
G0 X109.809 Y94.749
;TIME_ELAPSED:1127.983896
;LAYER:50
;note -- min layer time used
;TYPE:WALL-OUTER
;MESH:motor_cover.stl
G1 F2700 E1284.40665
G1 F863.1 X103 Y94.75 E1284.97282
G1 F767.9 X102.5 Y94.688 E1285.01991
G1 F763.8 X102.087 Y94.748 E1285.05912
G1 F859.7 X96 Y94.75 E1285.56729
G1 F796.2 X95.586 Y94.707 E1285.6048
G1 F737.7 X95.293 Y94.707 E1285.63331
G1 X95.293 Y94.414 E1285.66181
G1 F791.8 X95.252 Y94.087 E1285.69168
G1 F859.7 X95.25 Y91.238 E1285.92952
G1 F863.1 X95.75 Y91.238 E1285.9711
G1 F859.7 X95.751 Y94.044 E1286.20535
G1 F791.8 X95.793 Y94.207 E1286.22061
G1 F796.2 X96 Y94.25 E1286.23966
G1 F859.7 X102.044 Y94.249 E1286.74423
G1 F763.8 X102.25 Y94.188 E1286.76442
G1 F726.5 X102.25 Y92.713 E1286.91013
G1 F812.7 X102.25 Y91.238 E1287.04038
G1 F863.1 X102.75 Y91.238 E1287.08195
G1 F812.7 X102.75 Y92.713 E1287.2122
G1 F726.5 X102.75 Y94.188 E1287.35791
G1 F767.9 X103 Y94.25 E1287.38198
G1 F859.7 X115.044 Y94.249 E1288.38745
G1 F763.8 X115.25 Y94.188 E1288.40764
G1 F714.5 X115.25 Y92.938 E1288.53319
G1 F767.9 X115.25 Y91.688 E1288.65002
G1 F828.3 X115.25 Y90.438 E1288.75832
G1 F863.1 X115.75 Y90.438 E1288.7999
G1 F828.3 X115.75 Y91.688 E1288.9082
G1 F767.9 X115.75 Y92.938 E1289.02503
G1 F714.5 X115.75 Y94.188 E1289.15058
G1 F767.9 X116 Y94.25 E1289.17466
G1 F859.7 X122.044 Y94.249 E1289.67923
G1 F763.8 X122.25 Y94.188 E1289.69941
G1 F714.5 X122.25 Y92.938 E1289.82497
G1 F767.9 X122.25 Y91.688 E1289.9418
G1 F828.3 X122.25 Y90.438 E1290.0501
G1 F863.1 X122.75 Y90.438 E1290.09168
G1 F828.3 X122.75 Y91.688 E1290.19998
G1 F767.9 X122.75 Y92.938 E1290.31681
G1 F714.5 X122.75 Y94.188 E1290.44236
G1 F767.9 X123 Y94.25 E1290.46644
G1 F863.1 X124.75 Y94.25 E1290.61195
G1 X124.75 Y94.75 E1290.65352
G1 X123 Y94.75 E1290.79904
G1 F767.9 X122.5 Y94.688 E1290.84612
G1 F763.8 X122.087 Y94.748 E1290.88534
G1 F859.7 X116 Y94.75 E1291.3935
G1 F767.9 X115.5 Y94.688 E1291.44059
G1 F763.8 X115.087 Y94.748 E1291.4798
G1 F858 X109.809 Y94.749 E1291.9213
G1 F2700 E1286.9213
G0 F12000 X109.809 Y94.49
G0 X110 Y95.665
G0 X110 Y116.335
G0 X110 Y117.75
G1 F2700 E1291.9213
G1 F856.2 X102.956 Y117.751 E1292.5117
G1 F763.8 X102.75 Y117.812 E1292.53188
G1 F726.5 X102.75 Y119.283 E1292.67719
G1 F812.7 X102.75 Y120.754 E1292.80709
G1 F863.1 X102.25 Y120.754 E1292.84867
G1 F812.7 X102.25 Y119.283 E1292.97856
G1 F726.5 X102.25 Y117.812 E1293.12387
G1 F767.9 X102 Y117.75 E1293.14795
G1 F856.2 X95.956 Y117.754 E1293.65453
G1 F788.9 X95.793 Y117.795 E1293.66982
G1 F793.3 X95.75 Y118.004 E1293.68912
G1 F863.1 X95.75 Y120.758 E1293.91812
G1 X95.25 Y120.758 E1293.95969
G1 X95.25 Y118.004 E1294.18869
G1 F793.3 X95.293 Y117.587 E1294.22661
G1 F735.2 X95.293 Y117.293 E1294.25531
G1 X95.587 Y117.293 E1294.28401
G1 F788.9 X95.913 Y117.253 E1294.31389
G1 F856.2 X102 Y117.25 E1294.82407
G1 F767.9 X102.5 Y117.312 E1294.87116
G1 F763.8 X102.913 Y117.252 E1294.91038
G1 F859.7 X115 Y117.25 E1295.91943
G1 F767.9 X115.5 Y117.312 E1295.96652
G1 F763.8 X115.913 Y117.252 E1296.00573
G1 F859.7 X122 Y117.25 E1296.5139
G1 F767.9 X122.5 Y117.312 E1296.56098
G1 F763.8 X122.913 Y117.252 E1296.6002
G1 F859.7 X124.75 Y117.25 E1296.75356
G1 F863.1 X124.75 Y117.75 E1296.79513
G1 F859.7 X122.956 Y117.751 E1296.9449
G1 F763.8 X122.75 Y117.812 E1296.96509
G1 F714.5 X122.75 Y119.06 E1297.09044
G1 F767.9 X122.75 Y120.308 E1297.20708
G1 F828.3 X122.75 Y121.556 E1297.31521
G1 F863.1 X122.25 Y121.557 E1297.35679
G1 F828.3 X122.25 Y120.309 E1297.46492
G1 F767.9 X122.25 Y119.061 E1297.58156
G1 F714.5 X122.25 Y117.813 E1297.70691
G1 F767.9 X122 Y117.75 E1297.73101
G1 F859.7 X115.956 Y117.751 E1298.23558
G1 F763.8 X115.75 Y117.812 E1298.25576
G1 F714.5 X115.75 Y119.06 E1298.38112
G1 F767.9 X115.75 Y120.308 E1298.49776
G1 F828.3 X115.75 Y121.556 E1298.60589
G1 F863.1 X115.25 Y121.557 E1298.64747
G1 F828.3 X115.25 Y120.309 E1298.7556
G1 F767.9 X115.25 Y119.061 E1298.87223
G1 F714.5 X115.25 Y117.813 E1298.99759
G1 F767.9 X115 Y117.75 E1299.02169
G1 F861.4 X110 Y117.75 E1299.43827
G1 F2700 E1294.43827
;MESH:NONMESH
G0 F300 Z20.6
G0 F12000 X110 Y117.49
G0 X109.809 Y116.335
G0 X109.809 Y95.665
G0 X109.809 Y94.749
;TIME_ELAPSED:1142.496556
;LAYER:51
;note -- min layer time used
;TYPE:WALL-OUTER
;MESH:motor_cover.stl
G1 F2700 E1299.43827
G1 F895 X103 Y94.75 E1300.00444
G1 F796.2 X102.5 Y94.688 E1300.05153
G1 F792 X102.087 Y94.748 E1300.09074
G1 F891.4 X96 Y94.75 E1300.5989
G1 F825.6 X95.586 Y94.707 E1300.63642
G1 F764.9 X95.293 Y94.707 E1300.66492
G1 X95.293 Y94.414 E1300.69343
G1 F821.1 X95.252 Y94.087 E1300.7233
G1 F891.4 X95.25 Y90.838 E1300.99453
G1 F895 X95.75 Y90.838 E1301.03611
G1 F891.4 X95.751 Y94.044 E1301.30376
G1 F821.1 X95.793 Y94.207 E1301.31901
G1 F825.6 X96 Y94.25 E1301.33807
G1 F891.4 X102.044 Y94.249 E1301.84264
G1 F792 X102.25 Y94.188 E1301.86282
G1 F740.9 X102.25 Y93.071 E1301.97502
G1 F796.2 X102.25 Y91.954 E1302.07942
G1 F858.9 X102.25 Y90.837 E1302.1762
G1 F895 X102.75 Y90.838 E1302.21777
G1 F858.9 X102.75 Y91.955 E1302.31455
G1 F796.2 X102.75 Y93.072 E1302.41895
G1 F740.9 X102.75 Y94.189 E1302.53115
G1 F796.2 X103 Y94.25 E1302.5552
G1 F891.4 X115.044 Y94.249 E1303.56067
G1 F792 X115.25 Y94.188 E1303.58085
G1 F740.9 X115.25 Y92.805 E1303.71977
G1 F796.2 X115.25 Y91.422 E1303.84903
G1 F858.9 X115.25 Y90.039 E1303.96885
G1 F895 X115.75 Y90.038 E1304.01043
G1 F858.9 X115.75 Y91.421 E1304.13025
G1 F796.2 X115.75 Y92.804 E1304.25951
G1 F740.9 X115.75 Y94.187 E1304.39843
G1 F796.2 X116 Y94.25 E1304.42252
G1 F891.4 X122.044 Y94.249 E1304.92709
G1 F792 X122.25 Y94.188 E1304.94728
G1 F740.9 X122.25 Y92.805 E1305.0862
G1 F796.2 X122.25 Y91.422 E1305.21545
G1 F858.9 X122.25 Y90.039 E1305.33528
G1 F895 X122.75 Y90.038 E1305.37686
G1 F858.9 X122.75 Y91.421 E1305.49668
G1 F796.2 X122.75 Y92.804 E1305.62594
G1 F740.9 X122.75 Y94.187 E1305.76485
G1 F796.2 X123 Y94.25 E1305.78895
G1 F895 X124.75 Y94.25 E1305.93446
G1 X124.75 Y94.75 E1305.97604
G1 X123 Y94.75 E1306.12155
G1 F796.2 X122.5 Y94.688 E1306.16864
G1 F792 X122.087 Y94.748 E1306.20785
G1 F891.4 X116 Y94.75 E1306.71601
G1 F796.2 X115.5 Y94.688 E1306.7631
G1 F792 X115.087 Y94.748 E1306.80231
G1 F889.6 X109.809 Y94.749 E1307.24382
G1 F2700 E1302.24382
G0 F12000 X109.809 Y94.49
G0 X110 Y95.665
G0 X110 Y116.335
G0 X110 Y117.75
G1 F2700 E1307.24382
G1 F887.9 X102.956 Y117.751 E1307.83421
G1 F792 X102.75 Y117.812 E1307.8544
G1 F740.9 X102.75 Y118.926 E1307.9663
G1 F796.2 X102.75 Y120.04 E1308.07041
G1 F858.9 X102.75 Y121.154 E1308.16693
G1 F895 X102.25 Y121.157 E1308.20851
G1 F858.9 X102.25 Y120.042 E1308.30511
G1 F796.2 X102.25 Y118.927 E1308.40932
G1 F740.9 X102.25 Y117.812 E1308.52132
G1 F796.2 X102 Y117.75 E1308.54539
G1 F887.9 X95.956 Y117.754 E1309.05197
G1 F818.1 X95.793 Y117.795 E1309.06726
G1 F822.6 X95.75 Y118.004 E1309.08657
G1 F895 X95.75 Y121.158 E1309.34882
G1 X95.25 Y121.158 E1309.3904
G1 X95.25 Y118.004 E1309.65265
G1 F822.6 X95.293 Y117.587 E1309.69058
G1 F762.3 X95.293 Y117.293 E1309.71928
G1 X95.587 Y117.293 E1309.74798
G1 F818.1 X95.913 Y117.253 E1309.77786
G1 F887.9 X102 Y117.25 E1310.28804
G1 F796.2 X102.5 Y117.312 E1310.33513
G1 F792 X102.913 Y117.252 E1310.37434
G1 F891.4 X115 Y117.25 E1311.3834
G1 F796.2 X115.5 Y117.312 E1311.43049
G1 F792 X115.913 Y117.252 E1311.4697
G1 F891.4 X122 Y117.25 E1311.97786
G1 F796.2 X122.5 Y117.312 E1312.02495
G1 F792 X122.913 Y117.252 E1312.06416
G1 F891.4 X124.75 Y117.25 E1312.21752
G1 F895 X124.75 Y117.75 E1312.2591
G1 F891.4 X122.956 Y117.751 E1312.40887
G1 F792 X122.75 Y117.812 E1312.42905
G1 F740.9 X122.75 Y119.194 E1312.56787
G1 F796.2 X122.75 Y120.576 E1312.69703
G1 F858.9 X122.75 Y121.958 E1312.81677
G1 F895 X122.25 Y121.958 E1312.85835
G1 F858.9 X122.25 Y120.576 E1312.97809
G1 F796.2 X122.25 Y119.194 E1313.10725
G1 F740.9 X122.25 Y117.812 E1313.24607
G1 F796.2 X122 Y117.75 E1313.27014
G1 F891.4 X115.956 Y117.751 E1313.77471
G1 F792 X115.75 Y117.812 E1313.7949
G1 F740.9 X115.75 Y119.194 E1313.93371
G1 F796.2 X115.75 Y120.576 E1314.06287
G1 F858.9 X115.75 Y121.958 E1314.18261
G1 F895 X115.25 Y121.958 E1314.22419
G1 F858.9 X115.25 Y120.576 E1314.34393
G1 F796.2 X115.25 Y119.194 E1314.47309
G1 F740.9 X115.25 Y117.812 E1314.61191
G1 F796.2 X115 Y117.75 E1314.63598
G1 F893.2 X110 Y117.75 E1315.05257
G1 F2700 E1310.05257
;MESH:NONMESH
G0 F300 Z21
G0 F12000 X110 Y117.49
G0 X109.809 Y116.335
G0 X109.809 Y95.665
G0 X109.809 Y94.749
;TIME_ELAPSED:1157.058180
;LAYER:52
;note -- min layer time used
;TYPE:WALL-OUTER
;MESH:motor_cover.stl
G1 F2700 E1315.05257
G1 F926.8 X103 Y94.75 E1315.61874
G1 F824.5 X102.5 Y94.688 E1315.66582
G1 F820.2 X102.087 Y94.748 E1315.70504
G1 F923.1 X96 Y94.75 E1316.2132
G1 F855 X95.586 Y94.707 E1316.25071
G1 F792.1 X95.293 Y94.707 E1316.27922
G1 X95.293 Y94.414 E1316.30772
G1 F850.3 X95.252 Y94.087 E1316.33759
G1 F923.1 X95.25 Y90.438 E1316.64222
G1 F926.8 X95.75 Y90.438 E1316.6838
G1 F923.1 X95.751 Y94.044 E1316.98484
G1 F850.3 X95.793 Y94.207 E1317.00009
G1 F855 X96 Y94.25 E1317.01915
G1 F923.1 X102.044 Y94.249 E1317.52372
G1 F820.2 X102.25 Y94.188 E1317.54391
G1 F767.2 X102.25 Y92.938 E1317.66946
G1 F824.5 X102.25 Y91.688 E1317.78629
G1 F889.4 X102.25 Y90.438 E1317.89459
G1 F926.8 X102.75 Y90.438 E1317.93617
G1 F889.4 X102.75 Y91.688 E1318.04447
G1 F824.5 X102.75 Y92.938 E1318.1613
G1 F767.2 X102.75 Y94.188 E1318.28686
G1 F824.5 X103 Y94.25 E1318.31093
G1 F923.1 X115.044 Y94.249 E1319.3164
G1 F820.2 X115.25 Y94.188 E1319.33658
G1 F767.2 X115.25 Y92.671 E1319.48896
G1 F824.5 X115.25 Y91.154 E1319.63074
G1 F889.4 X115.25 Y89.637 E1319.76218
G1 F926.8 X115.75 Y89.638 E1319.80375
G1 F889.4 X115.75 Y91.155 E1319.93519
G1 F824.5 X115.75 Y92.672 E1320.07697
G1 F767.2 X115.75 Y94.189 E1320.22934
G1 F824.5 X116 Y94.25 E1320.2534
G1 F923.1 X122.044 Y94.249 E1320.75797
G1 F820.2 X122.25 Y94.188 E1320.77815
G1 F767.2 X122.25 Y92.671 E1320.93053
G1 F824.5 X122.25 Y91.154 E1321.07231
G1 F889.4 X122.25 Y89.637 E1321.20375
G1 F926.8 X122.75 Y89.638 E1321.24532
G1 F889.4 X122.75 Y91.155 E1321.37676
G1 F824.5 X122.75 Y92.672 E1321.51854
G1 F767.2 X122.75 Y94.189 E1321.67091
G1 F824.5 X123 Y94.25 E1321.69497
G1 F926.8 X124.75 Y94.25 E1321.84048
G1 X124.75 Y94.75 E1321.88205
G1 X123 Y94.75 E1322.02757
G1 F824.5 X122.5 Y94.688 E1322.07465
G1 F820.2 X122.087 Y94.748 E1322.11387
G1 F923.1 X116 Y94.75 E1322.62203
G1 F824.5 X115.5 Y94.688 E1322.66912
G1 F820.2 X115.087 Y94.748 E1322.70833
G1 F921.3 X109.809 Y94.749 E1323.14983
G1 F2700 E1318.14983
G0 F12000 X109.809 Y94.49
G0 X110 Y95.665
G0 X110 Y116.335
G0 X110 Y117.75
G1 F2700 E1323.14983
G1 F919.4 X102.956 Y117.751 E1323.74023
G1 F820.2 X102.75 Y117.812 E1323.76041
G1 F767.2 X102.75 Y119.06 E1323.88577
G1 F824.5 X102.75 Y120.308 E1324.00241
G1 F889.4 X102.75 Y121.556 E1324.11054
G1 F926.8 X102.25 Y121.557 E1324.15211
G1 F889.4 X102.25 Y120.309 E1324.26024
G1 F824.5 X102.25 Y119.061 E1324.37688
G1 F767.2 X102.25 Y117.813 E1324.50224
G1 F824.5 X102 Y117.75 E1324.52634
G1 F919.4 X95.956 Y117.754 E1325.03292
G1 F847.2 X95.793 Y117.795 E1325.04821
G1 F851.8 X95.75 Y118.004 E1325.06751
G1 F926.8 X95.75 Y121.558 E1325.36303
G1 X95.25 Y121.558 E1325.4046
G1 X95.25 Y118.004 E1325.70012
G1 F851.8 X95.293 Y117.587 E1325.73804
G1 F789.4 X95.293 Y117.293 E1325.76674
G1 X95.587 Y117.293 E1325.79544
G1 F847.2 X95.913 Y117.253 E1325.82532
G1 F919.4 X102 Y117.25 E1326.3355
G1 F824.5 X102.5 Y117.312 E1326.38259
G1 F820.2 X102.913 Y117.252 E1326.42181
G1 F923.1 X115 Y117.25 E1327.43086
G1 F824.5 X115.5 Y117.312 E1327.47795
G1 F820.2 X115.913 Y117.252 E1327.51717
G1 F923.1 X122 Y117.25 E1328.02533
G1 F824.5 X122.5 Y117.312 E1328.07241
G1 F820.2 X122.913 Y117.252 E1328.11163
G1 F923.1 X124.75 Y117.25 E1328.26499
G1 F926.8 X124.75 Y117.75 E1328.30656
G1 F923.1 X122.956 Y117.751 E1328.45633
G1 F820.2 X122.75 Y117.812 E1328.47652
G1 F767.2 X122.75 Y119.327 E1328.62869
G1 F824.5 X122.75 Y120.842 E1328.77028
G1 F889.4 X122.75 Y122.357 E1328.90155
G1 F926.8 X122.25 Y122.358 E1328.94312
G1 F889.4 X122.25 Y120.843 E1329.07439
G1 F824.5 X122.25 Y119.328 E1329.21598
G1 F767.2 X122.25 Y117.813 E1329.36816
G1 F824.5 X122 Y117.75 E1329.39225
G1 F923.1 X115.956 Y117.751 E1329.89682
G1 F820.2 X115.75 Y117.812 E1329.91701
G1 F767.2 X115.75 Y119.327 E1330.06918
G1 F824.5 X115.75 Y120.842 E1330.21078
G1 F889.4 X115.75 Y122.357 E1330.34204
G1 F926.8 X115.25 Y122.358 E1330.38362
G1 F889.4 X115.25 Y120.843 E1330.51488
G1 F824.5 X115.25 Y119.328 E1330.65647
G1 F767.2 X115.25 Y117.813 E1330.80865
G1 F824.5 X115 Y117.75 E1330.83274
G1 F924.9 X110 Y117.75 E1331.24933
G1 F2700 E1326.24933
;MESH:NONMESH
G0 F300 Z21.4
G0 F12000 X110 Y117.49
G0 X109.809 Y116.335
G0 X109.809 Y95.665
G0 X109.809 Y94.749
;TIME_ELAPSED:1171.667904
;LAYER:53
;note -- min layer time used
;TYPE:WALL-OUTER
;MESH:motor_cover.stl
G1 F2700 E1331.24933
G1 F958.3 X103 Y94.75 E1331.8155
G1 F852.6 X102.5 Y94.688 E1331.86259
G1 F848 X102.087 Y94.748 E1331.9018
G1 F954.5 X96 Y94.75 E1332.40996
G1 F884 X95.586 Y94.707 E1332.44748
G1 F819.1 X95.293 Y94.707 E1332.47598
G1 X95.293 Y94.414 E1332.50449
G1 F879.2 X95.252 Y94.087 E1332.53435
G1 F954.5 X95.25 Y90.038 E1332.87238
G1 F958.3 X95.75 Y90.038 E1332.91395
G1 F954.5 X95.751 Y94.044 E1333.24839
G1 F879.2 X95.793 Y94.207 E1333.26364
G1 F884 X96 Y94.25 E1333.2827
G1 F954.5 X102.044 Y94.249 E1333.78727
G1 F848 X102.25 Y94.188 E1333.80745
G1 F793.3 X102.25 Y92.805 E1333.94637
G1 F852.6 X102.25 Y91.422 E1334.07563
G1 F919.7 X102.25 Y90.039 E1334.19545
G1 F958.3 X102.75 Y90.038 E1334.23703
G1 F919.7 X102.75 Y91.421 E1334.35686
G1 F852.6 X102.75 Y92.804 E1334.48611
G1 F793.3 X102.75 Y94.187 E1334.62503
G1 F852.6 X103 Y94.25 E1334.64912
G1 F954.5 X115.044 Y94.249 E1335.65459
G1 F848 X115.25 Y94.188 E1335.67478
G1 F786.8 X115.25 Y92.953 E1335.79986
G1 F829 X115.25 Y91.718 E1335.91857
G1 F876 X115.25 Y90.483 E1336.03091
G1 F928.6 X115.25 Y89.248 E1336.13689
G1 F958.3 X115.75 Y89.25 E1336.17846
G1 F928.6 X115.75 Y90.485 E1336.28444
G1 F876 X115.75 Y91.72 E1336.39678
G1 F829 X115.75 Y92.955 E1336.51549
G1 F786.8 X115.75 Y94.19 E1336.64057
G1 F852.6 X116 Y94.25 E1336.6646
G1 F954.5 X122.044 Y94.249 E1337.16917
G1 F848 X122.25 Y94.188 E1337.18936
G1 F786.8 X122.25 Y92.953 E1337.31443
G1 F829 X122.25 Y91.718 E1337.43315
G1 F876 X122.25 Y90.483 E1337.54549
G1 F928.6 X122.25 Y89.248 E1337.65147
G1 F958.3 X122.75 Y89.25 E1337.69304
G1 F928.6 X122.75 Y90.485 E1337.79902
G1 F876 X122.75 Y91.72 E1337.91136
G1 F829 X122.75 Y92.955 E1338.03007
G1 F786.8 X122.75 Y94.19 E1338.15515
G1 F852.6 X123 Y94.25 E1338.17918
G1 F958.3 X124.75 Y94.25 E1338.32469
G1 X124.75 Y94.75 E1338.36627
G1 X123 Y94.75 E1338.51178
G1 F852.6 X122.5 Y94.688 E1338.55887
G1 F848 X122.087 Y94.748 E1338.59808
G1 F954.5 X116 Y94.75 E1339.10624
G1 F852.6 X115.5 Y94.688 E1339.15333
G1 F848 X115.087 Y94.748 E1339.19254
G1 F952.6 X109.809 Y94.749 E1339.63404
G1 F2700 E1334.63404
G0 F12000 X109.809 Y94.49
G0 X110 Y95.665
G0 X110 Y116.335
G0 X110 Y117.75
G1 F2700 E1339.63404
G1 F950.7 X102.956 Y117.751 E1340.22444
G1 F848 X102.75 Y117.812 E1340.24463
G1 F793.3 X102.75 Y119.194 E1340.38344
G1 F852.6 X102.75 Y120.576 E1340.5126
G1 F919.7 X102.75 Y121.958 E1340.63234
G1 F958.3 X102.25 Y121.958 E1340.67392
G1 F919.7 X102.25 Y120.576 E1340.79366
G1 F852.6 X102.25 Y119.194 E1340.92282
G1 F793.3 X102.25 Y117.812 E1341.06164
G1 F852.6 X102 Y117.75 E1341.08571
G1 F954.5 X95.956 Y117.751 E1341.59028
G1 F879.2 X95.793 Y117.793 E1341.60554
G1 F884 X95.75 Y118 E1341.6246
G1 F958.3 X95.75 Y121.958 E1341.9537
G1 X95.25 Y121.958 E1341.99528
G1 X95.25 Y118 E1342.32439
G1 F884 X95.293 Y117.586 E1342.36191
G1 F819.1 X95.293 Y117.293 E1342.39041
G1 X95.586 Y117.293 E1342.41891
G1 F879.2 X95.913 Y117.252 E1342.44878
G1 F954.5 X102 Y117.25 E1342.95694
G1 F852.6 X102.5 Y117.312 E1343.00403
G1 F848 X102.913 Y117.252 E1343.04325
G1 F954.5 X115 Y117.25 E1344.0523
G1 F852.6 X115.5 Y117.312 E1344.09939
G1 F848 X115.913 Y117.252 E1344.13861
G1 F954.5 X122 Y117.25 E1344.64677
G1 F852.6 X122.5 Y117.312 E1344.69385
G1 F848 X122.913 Y117.252 E1344.73307
G1 F954.5 X124.75 Y117.25 E1344.88643
G1 F958.3 X124.75 Y117.75 E1344.928
G1 F954.5 X122.956 Y117.751 E1345.07777
G1 F848 X122.75 Y117.812 E1345.09796
G1 F786.8 X122.75 Y119.047 E1345.22303
G1 F829 X122.75 Y120.282 E1345.34174
G1 F876 X122.75 Y121.517 E1345.45409
G1 F928.6 X122.75 Y122.752 E1345.56006
G1 F958.3 X122.25 Y122.75 E1345.60164
G1 F928.6 X122.25 Y121.515 E1345.70762
G1 F876 X122.25 Y120.28 E1345.81996
G1 F829 X122.25 Y119.045 E1345.93867
G1 F786.8 X122.25 Y117.81 E1346.06375
G1 F852.6 X122 Y117.75 E1346.08778
G1 F954.5 X115.956 Y117.751 E1346.59235
G1 F848 X115.75 Y117.812 E1346.61253
G1 F786.8 X115.75 Y119.047 E1346.73761
G1 F829 X115.75 Y120.282 E1346.85632
G1 F876 X115.75 Y121.517 E1346.96866
G1 F928.6 X115.75 Y122.752 E1347.07464
G1 F958.3 X115.25 Y122.75 E1347.11622
G1 F928.6 X115.25 Y121.515 E1347.22219
G1 F876 X115.25 Y120.28 E1347.33454
G1 F829 X115.25 Y119.045 E1347.45325
G1 F786.8 X115.25 Y117.81 E1347.57832
G1 F852.6 X115 Y117.75 E1347.60235
G1 F956.4 X110 Y117.75 E1348.01894
G1 F2700 E1343.01894
;MESH:NONMESH
G0 F300 Z21.8
G0 F12000 X110 Y117.49
G0 X109.809 Y116.335
G0 X109.809 Y95.665
G0 X109.809 Y94.749
;TIME_ELAPSED:1186.322289
;LAYER:54
;note -- min layer time used
;TYPE:WALL-OUTER
;MESH:motor_cover.stl
G1 F2700 E1348.01894
G1 F974.2 X103 Y94.75 E1348.58511
G1 F866.7 X102.5 Y94.688 E1348.6322
G1 F862.1 X102.087 Y94.748 E1348.67141
G1 F970.3 X96 Y94.75 E1349.17957
G1 F898.7 X95.586 Y94.707 E1349.21709
G1 F832.7 X95.293 Y94.707 E1349.24559
G1 X95.293 Y94.414 E1349.2741
G1 F893.8 X95.252 Y94.087 E1349.30396
G1 F970.3 X95.25 Y89.638 E1349.67538
G1 F974.2 X95.75 Y89.638 E1349.71696
G1 F970.3 X95.751 Y94.044 E1350.08478
G1 F893.8 X95.793 Y94.207 E1350.10004
G1 F898.7 X96 Y94.25 E1350.11909
G1 F970.3 X102.044 Y94.249 E1350.62366
G1 F862.1 X102.25 Y94.188 E1350.64385
G1 F806.5 X102.25 Y92.671 E1350.79623
G1 F866.7 X102.25 Y91.154 E1350.93801
G1 F934.9 X102.25 Y89.637 E1351.06944
G1 F974.2 X102.75 Y89.638 E1351.11102
G1 F934.9 X102.75 Y91.155 E1351.24246
G1 F866.7 X102.75 Y92.672 E1351.38424
G1 F806.5 X102.75 Y94.189 E1351.53661
G1 F866.7 X103 Y94.25 E1351.56066
G1 F970.3 X115.044 Y94.249 E1352.56613
G1 F862.1 X115.25 Y94.188 E1352.58632
G1 F799.8 X115.25 Y92.953 E1352.7114
G1 F842.7 X115.25 Y91.718 E1352.83011
G1 F890.5 X115.25 Y90.483 E1352.94245
G1 F944 X115.25 Y89.248 E1353.04843
G1 F974.2 X115.75 Y89.25 E1353.09
G1 F944 X115.75 Y90.485 E1353.19598
G1 F890.5 X115.75 Y91.72 E1353.30832
G1 F842.7 X115.75 Y92.955 E1353.42703
G1 F799.8 X115.75 Y94.19 E1353.55211
G1 F866.7 X116 Y94.25 E1353.57614
G1 F970.3 X122.044 Y94.249 E1354.08071
G1 F862.1 X122.25 Y94.188 E1354.1009
G1 F799.8 X122.25 Y92.953 E1354.22597
G1 F842.7 X122.25 Y91.718 E1354.34468
G1 F890.5 X122.25 Y90.483 E1354.45703
G1 F944 X122.25 Y89.248 E1354.563
G1 F974.2 X122.75 Y89.25 E1354.60458
G1 F944 X122.75 Y90.485 E1354.71056
G1 F890.5 X122.75 Y91.72 E1354.8229
G1 F842.7 X122.75 Y92.955 E1354.94161
G1 F799.8 X122.75 Y94.19 E1355.06669
G1 F866.7 X123 Y94.25 E1355.09072
G1 F974.2 X124.75 Y94.25 E1355.23623
G1 X124.75 Y94.75 E1355.2778
G1 X123 Y94.75 E1355.42332
G1 F866.7 X122.5 Y94.688 E1355.47041
G1 F862.1 X122.087 Y94.748 E1355.50962
G1 F970.3 X116 Y94.75 E1356.01778
G1 F866.7 X115.5 Y94.688 E1356.06487
G1 F862.1 X115.087 Y94.748 E1356.10408
G1 F968.4 X109.809 Y94.749 E1356.54558
G1 F2700 E1351.54558
G0 F12000 X109.809 Y94.49
G0 X110 Y95.665
G0 X110 Y116.335
G0 X110 Y117.75
G1 F2700 E1356.54558
G1 F966.5 X102.956 Y117.751 E1357.13598
G1 F862.1 X102.75 Y117.812 E1357.15616
G1 F806.5 X102.75 Y119.327 E1357.30834
G1 F866.7 X102.75 Y120.842 E1357.44993
G1 F934.9 X102.75 Y122.357 E1357.5812
G1 F974.2 X102.25 Y122.358 E1357.62277
G1 F934.9 X102.25 Y120.843 E1357.75404
G1 F866.7 X102.25 Y119.328 E1357.89563
G1 F806.5 X102.25 Y117.813 E1358.0478
G1 F866.7 X102 Y117.75 E1358.0719
G1 F970.3 X95.956 Y117.751 E1358.57647
G1 F893.8 X95.793 Y117.793 E1358.59173
G1 F898.7 X95.75 Y118 E1358.61078
G1 F974.2 X95.75 Y122.358 E1358.97315
G1 X95.25 Y122.358 E1359.01473
G1 X95.25 Y118 E1359.3771
G1 F898.7 X95.293 Y117.586 E1359.41461
G1 F832.7 X95.293 Y117.293 E1359.44312
G1 X95.586 Y117.293 E1359.47162
G1 F893.8 X95.913 Y117.252 E1359.50149
G1 F970.3 X102 Y117.25 E1360.00965
G1 F866.7 X102.5 Y117.312 E1360.05674
G1 F862.1 X102.913 Y117.252 E1360.09595
G1 F970.3 X115 Y117.25 E1361.10501
G1 F866.7 X115.5 Y117.312 E1361.1521
G1 F862.1 X115.913 Y117.252 E1361.19131
G1 F970.3 X122 Y117.25 E1361.69947
G1 F866.7 X122.5 Y117.312 E1361.74656
G1 F862.1 X122.913 Y117.252 E1361.78577
G1 F970.3 X124.75 Y117.25 E1361.93913
G1 F974.2 X124.75 Y117.75 E1361.98071
G1 F970.3 X122.956 Y117.751 E1362.13048
G1 F862.1 X122.75 Y117.812 E1362.15066
G1 F799.8 X122.75 Y119.047 E1362.27574
G1 F842.7 X122.75 Y120.282 E1362.39445
G1 F890.5 X122.75 Y121.517 E1362.50679
G1 F944 X122.75 Y122.752 E1362.61277
G1 F974.2 X122.25 Y122.75 E1362.65435
G1 F944 X122.25 Y121.515 E1362.76032
G1 F890.5 X122.25 Y120.28 E1362.87267
G1 F842.7 X122.25 Y119.045 E1362.99138
G1 F799.8 X122.25 Y117.81 E1363.11645
G1 F866.7 X122 Y117.75 E1363.14048
G1 F970.3 X115.956 Y117.751 E1363.64505
G1 F862.1 X115.75 Y117.812 E1363.66524
G1 F799.8 X115.75 Y119.047 E1363.79032
G1 F842.7 X115.75 Y120.282 E1363.90903
G1 F890.5 X115.75 Y121.517 E1364.02137
G1 F944 X115.75 Y122.752 E1364.12735
G1 F974.2 X115.25 Y122.75 E1364.16892
G1 F944 X115.25 Y121.515 E1364.2749
G1 F890.5 X115.25 Y120.28 E1364.38724
G1 F842.7 X115.25 Y119.045 E1364.50595
G1 F799.8 X115.25 Y117.81 E1364.63103
G1 F866.7 X115 Y117.75 E1364.65506
G1 F972.3 X110 Y117.75 E1365.07164
G1 F2700 E1360.07164
;MESH:NONMESH
G0 F300 Z22.2
G0 F12000 X110 Y117.49
G0 X109.809 Y116.335
G0 X109.809 Y95.665
G0 X109.809 Y94.749
;TIME_ELAPSED:1200.994181
;LAYER:55
;note -- min layer time used
;TYPE:WALL-OUTER
;MESH:motor_cover.stl
G1 F2700 E1365.07164
G1 F989.8 X103 Y94.75 E1365.63781
G1 F880.6 X102.5 Y94.688 E1365.6849
G1 F875.9 X102.087 Y94.748 E1365.72412
G1 F985.8 X96 Y94.75 E1366.23228
G1 F913.1 X95.586 Y94.707 E1366.26979
G1 F845.9 X95.293 Y94.707 E1366.2983
G1 X95.293 Y94.414 E1366.3268
G1 F908 X95.252 Y94.087 E1366.35667
G1 F985.8 X95.25 Y89.25 E1366.76048
G1 F989.8 X95.75 Y89.25 E1366.80205
G1 F985.8 X95.751 Y94.044 E1367.20227
G1 F908 X95.793 Y94.207 E1367.21753
G1 F913.1 X96 Y94.25 E1367.23658
G1 F985.8 X102.044 Y94.249 E1367.74115
G1 F875.9 X102.25 Y94.188 E1367.76134
G1 F812.6 X102.25 Y92.953 E1367.88642
G1 F856.2 X102.25 Y91.718 E1368.00513
G1 F904.7 X102.25 Y90.483 E1368.11747
G1 F959.1 X102.25 Y89.248 E1368.22345
G1 F989.8 X102.75 Y89.25 E1368.26502
G1 F959.1 X102.75 Y90.485 E1368.371
G1 F904.7 X102.75 Y91.72 E1368.48334
G1 F856.2 X102.75 Y92.955 E1368.60206
G1 F812.6 X102.75 Y94.19 E1368.72713
G1 F880.6 X103 Y94.25 E1368.75116
G1 F985.8 X115.044 Y94.249 E1369.75663
G1 F875.9 X115.25 Y94.188 E1369.77682
G1 F812.6 X115.25 Y92.953 E1369.90189
G1 F856.2 X115.25 Y91.718 E1370.0206
G1 F904.7 X115.25 Y90.483 E1370.13295
G1 F959.1 X115.25 Y89.248 E1370.23892
G1 F989.8 X115.75 Y89.25 E1370.2805
G1 F959.1 X115.75 Y90.485 E1370.38648
G1 F904.7 X115.75 Y91.72 E1370.49882
G1 F856.2 X115.75 Y92.955 E1370.61753
G1 F812.6 X115.75 Y94.19 E1370.74261
G1 F880.6 X116 Y94.25 E1370.76664
G1 F985.8 X122.044 Y94.249 E1371.27121
G1 F875.9 X122.25 Y94.188 E1371.29139
G1 F812.6 X122.25 Y92.953 E1371.41647
G1 F856.2 X122.25 Y91.718 E1371.53518
G1 F904.7 X122.25 Y90.483 E1371.64753
G1 F959.1 X122.25 Y89.248 E1371.7535
G1 F989.8 X122.75 Y89.25 E1371.79508
G1 F959.1 X122.75 Y90.485 E1371.90105
G1 F904.7 X122.75 Y91.72 E1372.0134
G1 F856.2 X122.75 Y92.955 E1372.13211
G1 F812.6 X122.75 Y94.19 E1372.25719
G1 F880.6 X123 Y94.25 E1372.28121
G1 F989.8 X124.75 Y94.25 E1372.42673
G1 X124.75 Y94.75 E1372.4683
G1 X123 Y94.75 E1372.61382
G1 F880.6 X122.5 Y94.688 E1372.6609
G1 F875.9 X122.087 Y94.748 E1372.70012
G1 F985.8 X116 Y94.75 E1373.20828
G1 F880.6 X115.5 Y94.688 E1373.25537
G1 F875.9 X115.087 Y94.748 E1373.29458
G1 F983.9 X109.809 Y94.749 E1373.73608
G1 F2700 E1368.73608
G0 F12000 X109.809 Y94.49
G0 X110 Y95.665
G0 X110 Y116.335
G0 X110 Y117.75
G1 F2700 E1373.73608
G1 F981.9 X102.956 Y117.751 E1374.32648
G1 F875.9 X102.75 Y117.812 E1374.34666
G1 F812.6 X102.75 Y119.047 E1374.47174
G1 F856.2 X102.75 Y120.282 E1374.59045
G1 F904.7 X102.75 Y121.517 E1374.70279
G1 F959.1 X102.75 Y122.752 E1374.80877
G1 F989.8 X102.25 Y122.75 E1374.85035
G1 F959.1 X102.25 Y121.515 E1374.95632
G1 F904.7 X102.25 Y120.28 E1375.06867
G1 F856.2 X102.25 Y119.045 E1375.18738
G1 F812.6 X102.25 Y117.81 E1375.31245
G1 F880.6 X102 Y117.75 E1375.33648
G1 F985.8 X95.956 Y117.751 E1375.84105
G1 F908 X95.793 Y117.793 E1375.85631
G1 F913.1 X95.75 Y118 E1375.87537
G1 F989.8 X95.75 Y122.75 E1376.27033
G1 X95.25 Y122.75 E1376.3119
G1 X95.25 Y118 E1376.70687
G1 F913.1 X95.293 Y117.586 E1376.74439
G1 F845.9 X95.293 Y117.293 E1376.77289
G1 X95.586 Y117.293 E1376.8014
G1 F908 X95.913 Y117.252 E1376.83126
G1 F985.8 X102 Y117.25 E1377.33943
G1 F880.6 X102.5 Y117.312 E1377.38651
G1 F875.9 X102.913 Y117.252 E1377.42573
G1 F985.8 X115 Y117.25 E1378.43478
G1 F880.6 X115.5 Y117.312 E1378.48187
G1 F875.9 X115.913 Y117.252 E1378.52109
G1 F985.8 X122 Y117.25 E1379.02925
G1 F880.6 X122.5 Y117.312 E1379.07633
G1 F875.9 X122.913 Y117.252 E1379.11555
G1 F985.8 X124.75 Y117.25 E1379.26891
G1 F989.8 X124.75 Y117.75 E1379.31048
G1 F985.8 X122.956 Y117.751 E1379.46025
G1 F875.9 X122.75 Y117.812 E1379.48044
G1 F812.6 X122.75 Y119.047 E1379.60551
G1 F856.2 X122.75 Y120.282 E1379.72422
G1 F904.7 X122.75 Y121.517 E1379.83657
G1 F959.1 X122.75 Y122.752 E1379.94254
G1 F989.8 X122.25 Y122.75 E1379.98412
G1 F959.1 X122.25 Y121.515 E1380.0901
G1 F904.7 X122.25 Y120.28 E1380.20244
G1 F856.2 X122.25 Y119.045 E1380.32115
G1 F812.6 X122.25 Y117.81 E1380.44623
G1 F880.6 X122 Y117.75 E1380.47026
G1 F985.8 X115.956 Y117.751 E1380.97483
G1 F875.9 X115.75 Y117.812 E1380.99501
G1 F812.6 X115.75 Y119.047 E1381.12009
G1 F856.2 X115.75 Y120.282 E1381.2388
G1 F904.7 X115.75 Y121.517 E1381.35115
G1 F959.1 X115.75 Y122.752 E1381.45712
G1 F989.8 X115.25 Y122.75 E1381.4987
G1 F959.1 X115.25 Y121.515 E1381.60467
G1 F904.7 X115.25 Y120.28 E1381.71702
G1 F856.2 X115.25 Y119.045 E1381.83573
G1 F812.6 X115.25 Y117.81 E1381.96081
G1 F880.6 X115 Y117.75 E1381.98483
G1 F987.8 X110 Y117.75 E1382.40142
G1 F2700 E1377.40142
;MESH:NONMESH
G0 F300 Z22.6
G0 F12000 X110 Y117.49
G0 X115.49 Y117.43
G0 X115.49 Y116.335
G0 X115.49 Y95.665
G0 X115.692 Y89.634
;TIME_ELAPSED:1215.932965
;LAYER:56
;note -- min layer time used
;TYPE:WALL-INNER
;MESH:motor_cover.stl
G1 F2700 E1382.40142
G1 F1478.7 X115.663 Y89.584 E1382.40592
G1 X115.605 Y89.584 E1382.41043
G1 X115.576 Y89.634 E1382.41493
G1 X115.605 Y89.684 E1382.41943
G1 X115.663 Y89.684 E1382.42394
G1 X115.692 Y89.634 E1382.42844
G1 F2700 E1377.42844
G0 F12000 X115.546 Y90.924
G0 X115.604 Y91.53
G0 X116.176 Y93.899
G1 F2700 E1382.42844
G1 F1145.7 X116.138 Y93.834 E1382.436
G1 X116.063 Y93.834 E1382.44354
G1 X116.026 Y93.899 E1382.45105
G1 X116.064 Y93.964 E1382.45861
G1 X116.139 Y93.964 E1382.46614
G1 X116.176 Y93.899 E1382.47366
G0 F12000 X115.88 Y94.12
G0 X115.263 Y94.401
G1 F1730.1 X117.817 Y94.4 E1382.64355
G1 X117.446 Y94.244 E1382.67032
G1 X117.119 Y94.07 E1382.69496
G1 X116.83 Y93.871 E1382.7183
G1 X116.555 Y93.645 E1382.74198
G1 X116.308 Y93.393 E1382.76545
G1 X116.124 Y93.165 E1382.78494
G1 X115.892 Y92.819 E1382.81265
G1 X115.734 Y92.513 E1382.83556
G1 X115.6 Y92.189 E1382.85889
G1 X115.6 Y94 E1382.97935
G1 X115.263 Y94.401 E1383.0142
G1 F2700 E1378.0142
G0 F12000 X115.91 Y94.12
G0 X118.434 Y94.479
G0 X119.437 Y94.402
G0 X121.973 Y93.898
G1 F2700 E1383.0142
G1 F1145.7 X121.935 Y93.833 E1383.02176
G1 X121.86 Y93.833 E1383.02929
G1 X121.823 Y93.898 E1383.03681
G1 X121.861 Y93.963 E1383.04437
G1 X121.936 Y93.963 E1383.0519
G1 X121.973 Y93.898 E1383.05942
G1 F2700 E1378.05942
G0 F12000 X120.168 Y94.4
G1 F2700 E1383.05942
G1 F1730.1 X122.8 Y94.4 E1383.2345
G1 X122.4 Y94 E1383.27213
G1 X122.4 Y92.216 E1383.3908
G1 X122.206 Y92.636 E1383.42157
G1 X121.979 Y93.02 E1383.45125
G1 X121.649 Y93.437 E1383.48662
G1 X121.323 Y93.754 E1383.51687
G1 X120.994 Y93.994 E1383.54396
G1 X120.671 Y94.186 E1383.56895
G1 X120.403 Y94.314 E1383.58871
G1 X120.168 Y94.4 E1383.60536
G1 F2700 E1378.60536
G0 F12000 X121.26 Y93.614
G0 X121.839 Y92.968
G0 X122.094 Y92.57
G0 X122.515 Y91.346
G0 X122.423 Y89.635
G1 F2700 E1383.60536
G1 F1472.4 X122.394 Y89.585 E1383.60987
G1 X122.336 Y89.585 E1383.61441
G1 X122.307 Y89.635 E1383.61892
G1 X122.336 Y89.685 E1383.62344
G1 X122.394 Y89.685 E1383.62798
G1 X122.423 Y89.635 E1383.63249
G1 F2700 E1378.63249
G0 F12000 X122.515 Y91.346
G0 X122.057 Y92.598
G0 X121.555 Y93.318
G0 X120.942 Y93.851
G0 X120.001 Y94.303
G0 X119 Y94.451
G0 X118.542 Y94.473
G0 X116 Y94.09
G0 X116 Y94.8
;TYPE:WALL-OUTER
G1 F2700 E1383.63249
G1 F1721.5 X118.149 Y94.797 E1383.77616
G1 F1504.4 X118.529 Y94.743 E1383.80552
G1 F1359.6 X119.02 Y94.749 E1383.84709
G1 F1336 X119.664 Y94.733 E1383.90258
G1 F1481.9 X120.059 Y94.8 E1383.9337
G1 F1730.1 X122 Y94.8 E1384.06281
G1 F1537.8 X123 Y94.75 E1384.13774
G1 F1384 X124.75 Y94.75 E1384.28325
G1 X124.75 Y94.25 E1384.32483
G1 X123 Y94.25 E1384.47034
G1 F1537.8 X122.8 Y94 E1384.4943
G1 F1730.1 X122.8 Y91.89 E1384.63466
G1 F1517.6 X122.745 Y91.428 E1384.66994
G1 F1354.3 X122.745 Y90.625 E1384.73818
G1 F1318.1 X122.731 Y90.261 E1384.76998
G1 F1472.4 X122.8 Y89.833 E1384.80387
G1 F1730.1 X122.8 Y89.2 E1384.84598
G1 X121.662 Y89.2 E1384.92168
G1 X121.893 Y89.631 E1384.9542
G1 X122.02 Y89.944 E1384.97667
G1 F1472.4 X122.195 Y90.302 E1385.00782
G1 F1318.1 X122.237 Y90.664 E1385.03964
G1 F1367.6 X122.247 Y90.98 E1385.06624
G1 X122.237 Y91.384 E1385.10025
G1 F1517.6 X122.089 Y91.856 E1385.13776
G1 F1730.1 X121.969 Y92.192 E1385.16149
G1 X121.832 Y92.487 E1385.18313
G1 X121.636 Y92.815 E1385.20855
G1 X121.366 Y93.154 E1385.23737
G1 X121.084 Y93.433 E1385.26376
G1 X120.788 Y93.652 E1385.28826
G1 X120.516 Y93.816 E1385.30938
G1 X120.212 Y93.961 E1385.33179
G1 X119.932 Y94.061 E1385.35157
G1 F1687.9 X119.913 Y94.077 E1385.35326
G1 F1447.7 X119.622 Y94.204 E1385.3785
G1 F1320.7 X119.368 Y94.234 E1385.40079
G1 F1362.3 X118.985 Y94.247 E1385.43316
G1 X118.58 Y94.233 E1385.4674
G1 F1511 X118.204 Y94.097 E1385.49785
G1 F1730.1 X117.904 Y94.008 E1385.51867
G1 X117.631 Y93.89 E1385.53845
G1 X117.343 Y93.738 E1385.56011
G1 X117.082 Y93.56 E1385.58113
G1 X116.838 Y93.362 E1385.60203
G1 X116.634 Y93.158 E1385.62122
G1 X116.426 Y92.901 E1385.64321
G1 X116.246 Y92.633 E1385.66469
G1 X116.103 Y92.358 E1385.68531
G1 F1485 X115.793 Y91.622 E1385.7472
G1 F1325.7 X115.763 Y91.368 E1385.7694
G1 F1367.6 X115.747 Y90.899 E1385.80889
G1 F1356.9 X115.776 Y90.519 E1385.84121
G1 F1481.9 X115.889 Y90.217 E1385.86625
G1 F1700.3 X115.987 Y89.915 E1385.88774
G1 F1730.1 X116.102 Y89.639 E1385.90763
G1 X116.332 Y89.199 E1385.94066
G1 X115.2 Y89.2 E1386.01596
G1 F1700.3 X115.207 Y90.118 E1386.0781
G1 F1481.9 X115.261 Y90.47 E1386.10575
G1 F1356.9 X115.249 Y90.949 E1386.14639
G1 F1341.1 X115.266 Y91.663 E1386.20768
G1 F1485 X115.2 Y92.064 E1386.23917
G1 F1730.1 X115.2 Y94 E1386.36796
G1 F1531 X115.044 Y94.249 E1386.39004
G1 F1378.5 X103 Y94.25 E1387.39551
G1 F1231.4 X102.75 Y94.188 E1387.41959
G1 F1136.3 X102.75 Y92.953 E1387.54466
G1 F1197.3 X102.75 Y91.718 E1387.66337
G1 F1265.1 X102.75 Y90.483 E1387.77572
G1 F1341.1 X102.75 Y89.248 E1387.88169
G1 F1384 X102.25 Y89.25 E1387.92327
G1 F1341.1 X102.25 Y90.485 E1388.02925
G1 F1265.1 X102.25 Y91.72 E1388.14159
G1 F1197.3 X102.25 Y92.955 E1388.2603
G1 F1136.3 X102.25 Y94.19 E1388.38538
G1 F1224.8 X102.044 Y94.249 E1388.40551
G1 F1378.5 X96 Y94.25 E1388.91008
G1 F1276.8 X95.793 Y94.207 E1388.92914
G1 F1269.8 X95.751 Y94.044 E1388.94439
G1 F1378.5 X95.75 Y89.25 E1389.34461
G1 F1384 X95.25 Y89.25 E1389.38619
G1 F1378.5 X95.252 Y94.087 E1389.78999
G1 F1269.8 X95.293 Y94.414 E1389.81986
G1 F1182.9 X95.293 Y94.707 E1389.84837
G1 X95.586 Y94.707 E1389.87687
G1 F1276.8 X96 Y94.75 E1389.91439
G1 F1378.5 X102.087 Y94.748 E1390.42255
G1 F1224.8 X102.5 Y94.688 E1390.46176
G1 F1231.4 X103 Y94.75 E1390.50885
G1 F1378.5 X115.087 Y94.748 E1391.51791
G1 F1531 X116 Y94.8 E1391.58665
G0 F12000 X116.21 Y93.79
G1 F2700 E1386.58665
G0 F12000 X116.175 Y94.57
G0 X116.175 Y95.665
G0 X116.175 Y116.335
G0 X116.175 Y117.43
G0 X116.175 Y118.1
;TYPE:WALL-INNER
G1 F2700 E1391.58665
G1 F1153.4 X116.137 Y118.035 E1391.59416
G1 X116.062 Y118.035 E1391.60164
G1 X116.025 Y118.1 E1391.60911
G1 X116.063 Y118.165 E1391.61662
G1 X116.138 Y118.165 E1391.6241
G1 X116.175 Y118.1 E1391.63157
G1 F2700 E1386.63157
G0 F12000 X115.6 Y119.806
G1 F2700 E1391.63157
G1 F1730.1 X115.751 Y119.446 E1391.65754
G1 X115.927 Y119.119 E1391.68224
G1 X116.124 Y118.831 E1391.70545
G1 X116.351 Y118.555 E1391.72922
G1 X116.603 Y118.308 E1391.75269
G1 X116.831 Y118.124 E1391.77218
G1 X117.174 Y117.893 E1391.79969
G1 X117.485 Y117.732 E1391.82299
G1 X117.81 Y117.6 E1391.84632
G1 X115.2 Y117.6 E1392.01994
G1 X115.6 Y118 E1392.05757
G1 X115.6 Y119.806 E1392.1777
G1 F2700 E1387.1777
G0 F12000 X115.529 Y120.371
G0 X115.693 Y122.365
G1 F2700 E1392.1777
G1 F1472.4 X115.664 Y122.315 E1392.18222
G1 X115.606 Y122.315 E1392.18675
G1 X115.577 Y122.365 E1392.19127
G1 X115.606 Y122.415 E1392.19579
G1 X115.664 Y122.415 E1392.20032
G1 X115.693 Y122.365 E1392.20484
G1 F2700 E1387.20484
G0 F12000 X115.521 Y120.434
G0 X116.04 Y119.228
G0 X116.683 Y118.444
G0 X117.524 Y117.881
G0 X117.946 Y117.707
G0 X118.865 Y117.553
G0 X119.837 Y117.654
G0 X120.772 Y118.041
G0 X121.555 Y118.682
G0 X122.042 Y119.374
G0 X122.512 Y120.641
G0 X122.423 Y122.365
G1 F2700 E1392.20484
G1 F1472.4 X122.394 Y122.315 E1392.20936
G1 X122.336 Y122.315 E1392.21389
G1 X122.307 Y122.365 E1392.21841
G1 X122.336 Y122.415 E1392.22293
G1 X122.394 Y122.415 E1392.22746
G1 X122.423 Y122.365 E1392.23198
G1 F2700 E1387.23198
G0 F12000 X122.512 Y120.641
G0 X121.974 Y118.101
G1 F2700 E1392.23198
G1 F1149.5 X121.936 Y118.036 E1392.23952
G1 X121.861 Y118.036 E1392.24703
G1 X121.824 Y118.101 E1392.25451
G1 X121.862 Y118.166 E1392.26205
G1 X121.937 Y118.166 E1392.26956
G1 X121.974 Y118.101 E1392.27705
G1 F2700 E1387.27705
G0 F12000 X122.4 Y119.782
G1 F2700 E1392.27705
G1 F1730.1 X122.4 Y118 E1392.39559
G1 X122.737 Y117.599 E1392.43043
G1 X120.189 Y117.601 E1392.59992
G1 X120.558 Y117.753 E1392.62647
G1 X120.821 Y117.893 E1392.64629
G1 X121.165 Y118.124 E1392.67385
G1 X121.441 Y118.351 E1392.69763
G1 X121.687 Y118.603 E1392.72105
G1 X121.983 Y118.978 E1392.75283
G1 X122.187 Y119.322 E1392.77944
G1 X122.4 Y119.782 E1392.81316
G1 F2700 E1387.81316
G0 F12000 X121.315 Y118.442
G0 X120.474 Y117.881
G0 X119.504 Y117.587
G0 X110 Y117.49
G0 X110 Y117.75
;TYPE:WALL-OUTER
G1 F2700 E1392.81316
G1 F1381.3 X115 Y117.75 E1393.22974
G1 F1537.8 X115.2 Y118 E1393.2537
G1 F1708.7 X115.205 Y120.105 E1393.39547
G1 F1485 X115.26 Y120.468 E1393.42393
G1 F1354.3 X115.25 Y121.155 E1393.48231
G1 F1356.9 X115.26 Y121.542 E1393.51515
G1 F1478.7 X115.208 Y121.884 E1393.54207
G1 F1696.1 X115.2 Y122.8 E1393.60422
G1 F1730.1 X116.333 Y122.8 E1393.67959
G1 X116.102 Y122.357 E1393.71283
G1 X115.98 Y122.062 E1393.73406
G1 F1696.1 X115.888 Y121.784 E1393.75393
G1 F1478.7 X115.773 Y121.489 E1393.77857
G1 F1356.9 X115.75 Y121.134 E1393.80874
G1 F1378.5 X115.753 Y120.823 E1393.83471
G1 F1351.6 X115.776 Y120.518 E1393.86075
G1 F1485 X115.895 Y120.202 E1393.88692
G1 F1708.7 X115.988 Y119.904 E1393.90794
G1 F1730.1 X116.106 Y119.631 E1393.92773
G1 X116.258 Y119.343 E1393.94939
G1 X116.436 Y119.082 E1393.97041
G1 X116.634 Y118.838 E1393.99131
G1 X116.838 Y118.634 E1394.0105
G1 X117.095 Y118.426 E1394.03249
G1 X117.343 Y118.258 E1394.05242
G1 X117.636 Y118.102 E1394.0745
G1 X118.008 Y117.95 E1394.10123
G1 F1501.1 X118.495 Y117.777 E1394.14085
G1 F1351.6 X118.864 Y117.75 E1394.17236
G1 F1378.5 X119.178 Y117.753 E1394.19857
G1 F1351.6 X119.478 Y117.776 E1394.22419
G1 F1485 X119.794 Y117.895 E1394.25036
G1 F1708.7 X120.086 Y117.987 E1394.27098
G1 F1730.1 X120.354 Y118.099 E1394.2903
G1 X120.653 Y118.258 E1394.31282
G1 X120.914 Y118.436 E1394.33384
G1 X121.158 Y118.634 E1394.35474
G1 X121.362 Y118.838 E1394.37393
G1 X121.64 Y119.184 E1394.40346
G1 X121.816 Y119.476 E1394.42614
G1 X121.974 Y119.811 E1394.45078
G1 X122.082 Y120.132 E1394.47331
G1 F1497.9 X122.221 Y120.491 E1394.50288
G1 F1349 X122.247 Y120.86 E1394.53444
G1 F1375.8 X122.247 Y121.173 E1394.56062
G1 F1354.3 X122.225 Y121.473 E1394.58619
G1 F1488.2 X122.105 Y121.782 E1394.61182
G1 F1704.5 X122.013 Y122.076 E1394.63262
G1 F1730.1 X121.906 Y122.34 E1394.65157
G1 X121.661 Y122.8 E1394.68624
G1 X122.8 Y122.8 E1394.762
G1 F1704.5 X122.795 Y121.879 E1394.82419
G1 F1488.2 X122.741 Y121.517 E1394.85249
G1 F1354.3 X122.749 Y120.837 E1394.91028
G1 F1349 X122.739 Y120.438 E1394.94433
G1 F1497.9 X122.8 Y120.014 E1394.97724
G1 F1730.1 X122.8 Y118 E1395.11122
G1 F1531 X122.956 Y117.751 E1395.1333
G1 F1378.5 X124.75 Y117.75 E1395.28307
G1 F1384 X124.75 Y117.25 E1395.32465
G1 F1378.5 X122.913 Y117.252 E1395.478
G1 F1531 X122 Y117.2 E1395.54674
G1 F1708.7 X119.893 Y117.205 E1395.68865
G1 F1485 X119.528 Y117.26 E1395.71726
G1 F1354.3 X118.84 Y117.25 E1395.77573
G1 F1351.6 X118.439 Y117.261 E1395.80989
G1 F1501.1 X117.959 Y117.2 E1395.84698
G1 F1730.1 X116 Y117.2 E1395.9773
G1 F1537.8 X115 Y117.25 E1396.05222
G1 F1378.5 X102.913 Y117.252 E1397.06128
G1 F1224.8 X102.5 Y117.312 E1397.1005
G1 F1231.4 X102 Y117.25 E1397.14758
G1 F1378.5 X95.913 Y117.252 E1397.65575
G1 F1269.8 X95.586 Y117.293 E1397.68561
G1 F1182.9 X95.293 Y117.293 E1397.71412
G1 X95.293 Y117.586 E1397.74262
G1 F1276.8 X95.25 Y118 E1397.78014
G1 F1384 X95.25 Y122.75 E1398.1751
G1 X95.75 Y122.75 E1398.21668
G1 X95.75 Y118 E1398.61164
G1 F1276.8 X95.793 Y117.793 E1398.6307
G1 F1269.8 X95.956 Y117.751 E1398.64596
G1 F1378.5 X102 Y117.75 E1399.15053
G1 F1231.4 X102.25 Y117.812 E1399.1746
G1 F1136.3 X102.25 Y119.047 E1399.29968
G1 F1197.3 X102.25 Y120.282 E1399.41839
G1 F1265.1 X102.25 Y121.517 E1399.53073
G1 F1341.1 X102.25 Y122.752 E1399.63671
G1 F1384 X102.75 Y122.75 E1399.67828
G1 F1341.1 X102.75 Y121.515 E1399.78426
G1 F1265.1 X102.75 Y120.28 E1399.8966
G1 F1197.3 X102.75 Y119.045 E1400.01531
G1 F1136.3 X102.75 Y117.81 E1400.14039
G1 F1224.8 X102.956 Y117.751 E1400.16053
G1 F1373.1 X110 Y117.75 E1400.75092
G1 F2700 E1395.75092
;MESH:NONMESH
G0 F300 Z23
G0 F12000 X110 Y117.49
G0 X115.692 Y117.43
G0 X115.692 Y116.335
G0 X115.692 Y95.665
G0 X115.692 Y89.634
;TIME_ELAPSED:1235.483434
;LAYER:57
;note -- min layer time used
;TYPE:WALL-INNER
;MESH:motor_cover.stl
G1 F2700 E1400.75092
G1 F1479.6 X115.663 Y89.584 E1400.75542
G1 X115.605 Y89.584 E1400.75993
G1 X115.576 Y89.634 E1400.76443
G1 X115.605 Y89.684 E1400.76893
G1 X115.663 Y89.684 E1400.77345
G1 X115.692 Y89.634 E1400.77794
G1 F2700 E1395.77794
G0 F12000 X115.547 Y90.919
G0 X115.633 Y91.663
G0 X116.176 Y93.899
G1 F2700 E1400.77794
G1 F1146.4 X116.138 Y93.834 E1400.78551
G1 X116.063 Y93.834 E1400.79304
G1 X116.026 Y93.899 E1400.80055
G1 X116.064 Y93.964 E1400.80812
G1 X116.139 Y93.964 E1400.81565
G1 X116.176 Y93.899 E1400.82316
G0 F12000 X115.88 Y94.12
G0 X115.263 Y94.401
G1 F1731.1 X117.817 Y94.4 E1400.99306
G1 X117.446 Y94.244 E1401.01983
G1 X117.119 Y94.07 E1401.04447
G1 X116.83 Y93.871 E1401.06781
G1 X116.555 Y93.645 E1401.09149
G1 X116.308 Y93.393 E1401.11496
G1 X116.124 Y93.165 E1401.13445
G1 X115.892 Y92.819 E1401.16216
G1 X115.751 Y92.55 E1401.18236
G1 X115.6 Y92.191 E1401.20827
G1 X115.6 Y94 E1401.3286
G1 X115.263 Y94.401 E1401.36345
G1 F2700 E1396.36345
G0 F12000 X115.91 Y94.12
G0 X118.434 Y94.479
G0 X119.437 Y94.402
G0 X121.972 Y93.897
G1 F2700 E1401.36345
G1 F1142.6 X121.934 Y93.832 E1401.37104
G1 X121.859 Y93.832 E1401.37859
G1 X121.822 Y93.897 E1401.38613
G1 X121.86 Y93.962 E1401.39372
G1 X121.935 Y93.962 E1401.40128
G1 X121.972 Y93.897 E1401.40882
G1 F2700 E1396.40882
G0 F12000 X120.17 Y94.4
G1 F2700 E1401.40882
G1 F1731.1 X122.8 Y94.4 E1401.58376
G1 X122.4 Y94 E1401.62139
G1 X122.4 Y92.175 E1401.74279
G1 X122.237 Y92.573 E1401.7714
G1 X122.068 Y92.879 E1401.79466
G1 X121.896 Y93.131 E1401.81495
G1 X121.681 Y93.398 E1401.83775
G1 X121.441 Y93.645 E1401.86066
G1 X121.166 Y93.875 E1401.88451
G1 X120.865 Y94.08 E1401.90874
G1 X120.5 Y94.276 E1401.9363
G1 X120.17 Y94.4 E1401.95975
G1 F2700 E1396.95975
G0 F12000 X121.313 Y93.559
G0 X121.956 Y92.779
G0 X122.496 Y91.488
G0 X122.423 Y89.635
G1 F2700 E1401.95975
G1 F1473.3 X122.394 Y89.585 E1401.96426
G1 X122.336 Y89.585 E1401.9688
G1 X122.307 Y89.635 E1401.97332
G1 X122.336 Y89.685 E1401.97783
G1 X122.394 Y89.685 E1401.98237
G1 X122.423 Y89.635 E1401.98688
G1 F2700 E1396.98688
G0 F12000 X122.496 Y91.488
G0 X121.956 Y92.779
G0 X121.313 Y93.559
G0 X120.666 Y94.059
G0 X119.672 Y94.384
G0 X118.558 Y94.47
G0 X116 Y94.09
G0 X116 Y94.8
;TYPE:WALL-OUTER
G1 F2700 E1401.98688
G1 F1722.5 X118.149 Y94.797 E1402.13055
G1 F1505.3 X118.529 Y94.743 E1402.15991
G1 F1349.8 X119.367 Y94.745 E1402.2314
G1 F1321.4 X119.717 Y94.731 E1402.26193
G1 F1448.6 X120.061 Y94.791 E1402.28969
G1 F1693 X120.439 Y94.8 E1402.3154
G1 F1731.1 X122 Y94.8 E1402.41924
G1 F1538.7 X123 Y94.75 E1402.49417
G1 F1384.9 X124.75 Y94.75 E1402.63968
G1 X124.75 Y94.25 E1402.68126
G1 X123 Y94.25 E1402.82677
G1 F1538.7 X122.8 Y94 E1402.85073
G1 F1731.1 X122.8 Y92.081 E1402.97838
G1 F1498.8 X122.738 Y91.634 E1403.01306
G1 F1347.1 X122.749 Y91.212 E1403.04914
G1 F1352.4 X122.74 Y90.47 E1403.11232
G1 F1482.7 X122.794 Y90.114 E1403.14029
G1 F1705.5 X122.8 Y89.2 E1403.202
G1 F1731.1 X121.65 Y89.2 E1403.2785
G1 X121.861 Y89.558 E1403.30614
G1 X122.02 Y89.941 E1403.33373
G1 F1505.3 X122.224 Y90.519 E1403.38062
G1 F1352.4 X122.247 Y90.84 E1403.40802
G1 F1376.6 X122.247 Y91.186 E1403.43696
G1 F1347.1 X122.216 Y91.589 E1403.47151
G1 F1498.8 X121.885 Y92.383 E1403.5376
G1 F1731.1 X121.738 Y92.653 E1403.55805
G1 X121.566 Y92.905 E1403.57835
G1 X121.371 Y93.144 E1403.59887
G1 X121.14 Y93.379 E1403.62079
G1 X120.912 Y93.567 E1403.64044
G1 X120.625 Y93.758 E1403.66338
G1 X120.314 Y93.922 E1403.68676
G1 F1693 X119.935 Y94.069 E1403.71441
G1 F1617.8 X119.917 Y94.085 E1403.71613
G1 F1418.9 X119.653 Y94.201 E1403.73953
G1 F1321.4 X119.33 Y94.237 E1403.76785
G1 F1368.4 X118.989 Y94.247 E1403.79656
G1 F1363.1 X118.58 Y94.233 E1403.83113
G1 F1511.9 X118.204 Y94.097 E1403.86159
G1 F1731.1 X117.904 Y94.008 E1403.8824
G1 X117.631 Y93.89 E1403.90218
G1 X117.343 Y93.738 E1403.92385
G1 X117.082 Y93.56 E1403.94486
G1 X116.838 Y93.362 E1403.96576
G1 X116.634 Y93.158 E1403.98496
G1 X116.426 Y92.901 E1404.00695
G1 X116.246 Y92.633 E1404.02842
G1 X116.1 Y92.352 E1404.04949
G1 X115.988 Y92.092 E1404.06832
G1 X115.895 Y91.78 E1404.08998
G1 F1518.5 X115.764 Y91.424 E1404.11874
G1 F1368.4 X115.747 Y90.894 E1404.16337
G1 F1357.7 X115.776 Y90.521 E1404.1951
G1 F1296.7 X115.818 Y90.214 E1404.22261
G1 F1460.8 X115.987 Y89.915 E1404.24969
G1 F1731.1 X116.102 Y89.639 E1404.26958
G1 X116.332 Y89.199 E1404.3026
G1 X115.2 Y89.2 E1404.3779
G1 X115.2 Y89.758 E1404.41502
G1 F1460.8 X115.275 Y90.165 E1404.44764
G1 F1324 X115.249 Y90.942 E1404.51526
G1 F1368.4 X115.256 Y91.475 E1404.56012
G1 F1518.5 X115.2 Y91.879 E1404.59105
G1 F1731.1 X115.2 Y94 E1404.73214
G1 F1531.9 X115.044 Y94.249 E1404.75422
G1 F1379.4 X103 Y94.25 E1405.75969
G1 F1232.1 X102.75 Y94.188 E1405.78376
G1 F1137 X102.75 Y92.953 E1405.90884
G1 F1198 X102.75 Y91.718 E1406.02755
G1 F1265.9 X102.75 Y90.483 E1406.1399
G1 F1341.9 X102.75 Y89.248 E1406.24587
G1 F1384.9 X102.25 Y89.25 E1406.28745
G1 F1341.9 X102.25 Y90.485 E1406.39342
G1 F1265.9 X102.25 Y91.72 E1406.50577
G1 F1198 X102.25 Y92.955 E1406.62448
G1 F1137 X102.25 Y94.19 E1406.74956
G1 F1225.5 X102.044 Y94.249 E1406.76969
G1 F1379.4 X96 Y94.25 E1407.27426
G1 F1277.6 X95.793 Y94.207 E1407.29332
G1 F1270.5 X95.751 Y94.044 E1407.30857
G1 F1379.4 X95.75 Y89.25 E1407.70879
G1 F1384.9 X95.25 Y89.25 E1407.75036
G1 F1379.4 X95.252 Y94.087 E1408.15417
G1 F1270.5 X95.293 Y94.414 E1408.18404
G1 F1183.6 X95.293 Y94.707 E1408.21255
G1 X95.586 Y94.707 E1408.24105
G1 F1277.6 X96 Y94.75 E1408.27857
G1 F1379.4 X102.087 Y94.748 E1408.78673
G1 F1225.5 X102.5 Y94.688 E1408.82594
G1 F1232.1 X103 Y94.75 E1408.87303
G1 F1379.4 X115.087 Y94.748 E1409.88209
G1 F1531.9 X116 Y94.8 E1409.95083
G0 F12000 X116.21 Y93.79
G1 F2700 E1404.95083
G0 F12000 X116.175 Y94.57
G0 X116.175 Y95.665
G0 X116.175 Y116.335
G0 X116.175 Y117.43
G0 X116.175 Y118.1
;TYPE:WALL-INNER
G1 F2700 E1409.95083
G1 F1154.1 X116.137 Y118.035 E1409.95834
G1 X116.062 Y118.035 E1409.96582
G1 X116.025 Y118.1 E1409.97329
G1 X116.063 Y118.165 E1409.9808
G1 X116.138 Y118.165 E1409.98828
G1 X116.175 Y118.1 E1409.99575
G1 F2700 E1404.99575
G0 F12000 X115.6 Y119.806
G1 F2700 E1409.99575
G1 F1731.1 X115.751 Y119.446 E1410.02171
G1 X115.927 Y119.119 E1410.04642
G1 X116.124 Y118.831 E1410.06963
G1 X116.351 Y118.555 E1410.0934
G1 X116.598 Y118.313 E1410.1164
G1 X116.89 Y118.077 E1410.14138
G1 X117.333 Y117.804 E1410.17599
G1 X117.768 Y117.6 E1410.20795
G1 X115.2 Y117.6 E1410.37878
G1 X115.6 Y118 E1410.4164
G1 X115.6 Y119.806 E1410.53654
G1 F2700 E1405.53654
G0 F12000 X115.578 Y121.098
G0 X115.693 Y122.365
G1 F2700 E1410.53654
G1 F1473.3 X115.664 Y122.315 E1410.54106
G1 X115.606 Y122.315 E1410.54559
G1 X115.577 Y122.365 E1410.55011
G1 X115.606 Y122.415 E1410.55463
G1 X115.664 Y122.415 E1410.55916
G1 X115.693 Y122.365 E1410.56368
G1 F2700 E1405.56368
G0 F12000 X115.549 Y121.002
G0 X115.654 Y120.163
G0 X116.04 Y119.228
G0 X116.682 Y118.445
G0 X117.374 Y117.957
G0 X117.998 Y117.698
G0 X118.478 Y117.58
G0 X119.422 Y117.571
G0 X120.471 Y117.878
G0 X121.312 Y118.44
G0 X121.956 Y119.221
G0 X122.497 Y120.513
G0 X122.424 Y122.366
G1 F2700 E1410.56368
G1 F1479.6 X122.395 Y122.316 E1410.56818
G1 X122.337 Y122.316 E1410.57269
G1 X122.308 Y122.366 E1410.57719
G1 X122.337 Y122.416 E1410.58169
G1 X122.395 Y122.416 E1410.5862
G1 X122.424 Y122.366 E1410.5907
G1 F2700 E1405.5907
G0 F12000 X122.497 Y120.513
G0 X121.973 Y118.102
G1 F2700 E1410.5907
G1 F1146.4 X121.935 Y118.037 E1410.59826
G1 X121.86 Y118.037 E1410.6058
G1 X121.823 Y118.102 E1410.61331
G1 X121.861 Y118.167 E1410.62087
G1 X121.936 Y118.167 E1410.62841
G1 X121.973 Y118.102 E1410.63592
G1 F2700 E1405.63592
G0 F12000 X122.4 Y119.826
G1 F2700 E1410.63592
G1 F1731.1 X122.4 Y118 E1410.75738
G1 X122.737 Y117.599 E1410.79223
G1 X120.187 Y117.601 E1410.96186
G1 X120.508 Y117.73 E1410.98487
G1 X120.862 Y117.919 E1411.01156
G1 X121.171 Y118.124 E1411.03623
G1 X121.437 Y118.351 E1411.05949
G1 X121.641 Y118.555 E1411.07868
G1 X121.904 Y118.871 E1411.10603
G1 X122.072 Y119.123 E1411.12618
G1 X122.267 Y119.487 E1411.15365
G1 X122.4 Y119.826 E1411.17787
G1 F2700 E1406.17787
G0 F12000 X121.552 Y118.679
G0 X120.77 Y118.038
G0 X119.837 Y117.654
G0 X119.158 Y117.569
G0 X110 Y117.49
G0 X110 Y117.75
;TYPE:WALL-OUTER
G1 F2700 E1411.17787
G1 F1382.1 X115 Y117.75 E1411.59445
G1 F1538.7 X115.2 Y118 E1411.61841
G1 F1722.5 X115.203 Y120.15 E1411.76215
G1 F1508.6 X115.256 Y120.529 E1411.79136
G1 F1365.7 X115.25 Y121.032 E1411.83377
G1 X115.256 Y121.429 E1411.86725
G1 F1518.5 X115.201 Y121.824 E1411.89749
G1 F1731.1 X115.2 Y122.8 E1411.96241
G1 X116.333 Y122.8 E1412.03778
G1 X116.102 Y122.357 E1412.07102
G1 X115.98 Y122.062 E1412.09225
G1 X115.891 Y121.761 E1412.11313
G1 F1518.5 X115.763 Y121.38 E1412.14361
G1 F1368.4 X115.75 Y120.997 E1412.17586
G1 X115.764 Y120.58 E1412.21097
G1 F1518.5 X115.899 Y120.204 E1412.24126
G1 F1731.1 X115.988 Y119.904 E1412.26208
G1 X116.106 Y119.631 E1412.28186
G1 X116.258 Y119.343 E1412.30352
G1 X116.436 Y119.082 E1412.32454
G1 X116.634 Y118.838 E1412.34544
G1 X116.834 Y118.638 E1412.36426
G1 X117.163 Y118.373 E1412.39236
G1 X117.503 Y118.166 E1412.41884
G1 X117.759 Y118.046 E1412.43764
G1 X118.083 Y117.933 E1412.46047
G1 F1505.3 X118.48 Y117.772 E1412.49324
G1 F1357.7 X118.999 Y117.75 E1412.5373
G1 F1365.7 X119.416 Y117.764 E1412.57248
G1 F1515.2 X119.788 Y117.899 E1412.60255
G1 F1731.1 X120.086 Y117.987 E1412.62322
G1 X120.354 Y118.099 E1412.64254
G1 X120.645 Y118.255 E1412.66451
G1 X120.913 Y118.43 E1412.6858
G1 X121.154 Y118.634 E1412.7068
G1 X121.37 Y118.851 E1412.72717
G1 X121.558 Y119.075 E1412.74662
G1 X121.739 Y119.345 E1412.76825
G1 X121.895 Y119.634 E1412.79009
G1 X122.046 Y120.018 E1412.81754
G1 F1489.1 X122.215 Y120.393 E1412.84935
G1 F1341.9 X122.247 Y120.999 E1412.90142
G1 F1363.1 X122.234 Y121.408 E1412.93599
G1 F1518.5 X121.957 Y122.223 E1413.00127
G1 F1731.1 X121.833 Y122.483 E1413.02043
G1 X121.645 Y122.8 E1413.04495
G1 X122.8 Y122.8 E1413.12178
G1 X122.8 Y121.888 E1413.18244
G1 F1518.5 X122.744 Y121.452 E1413.21578
G1 F1363.1 X122.749 Y120.954 E1413.25785
G1 F1341.9 X122.735 Y120.323 E1413.31201
G1 F1489.1 X122.8 Y119.917 E1413.34381
G1 F1731.1 X122.8 Y118 E1413.47133
G1 F1531.9 X122.956 Y117.751 E1413.49341
G1 F1379.4 X124.75 Y117.75 E1413.64318
G1 F1384.9 X124.75 Y117.25 E1413.68476
G1 F1379.4 X122.913 Y117.252 E1413.83812
G1 F1531.9 X122 Y117.2 E1413.90686
G1 F1731.1 X119.887 Y117.2 E1414.04741
G1 F1515.2 X119.468 Y117.257 E1414.07955
G1 F1363.1 X118.961 Y117.25 E1414.12239
G1 F1357.7 X118.417 Y117.26 E1414.16853
G1 F1505.3 X117.992 Y117.201 E1414.20136
G1 F1731.1 X116 Y117.2 E1414.33386
G1 F1538.7 X115 Y117.25 E1414.40879
G1 F1379.4 X102.913 Y117.252 E1415.41785
G1 F1225.5 X102.5 Y117.312 E1415.45706
G1 F1232.1 X102 Y117.25 E1415.50415
G1 F1379.4 X95.913 Y117.252 E1416.01231
G1 F1270.5 X95.586 Y117.293 E1416.04218
G1 F1183.6 X95.293 Y117.293 E1416.07069
G1 X95.293 Y117.586 E1416.09919
G1 F1277.6 X95.25 Y118 E1416.13671
G1 F1384.9 X95.25 Y122.75 E1416.53167
G1 X95.75 Y122.75 E1416.57325
G1 X95.75 Y118 E1416.96821
G1 F1277.6 X95.793 Y117.793 E1416.98727
G1 F1270.5 X95.956 Y117.751 E1417.00252
G1 F1379.4 X102 Y117.75 E1417.50709
G1 F1232.1 X102.25 Y117.812 E1417.53117
G1 F1137 X102.25 Y119.047 E1417.65624
G1 F1198 X102.25 Y120.282 E1417.77496
G1 F1265.9 X102.25 Y121.517 E1417.8873
G1 F1341.9 X102.25 Y122.752 E1417.99328
G1 F1384.9 X102.75 Y122.75 E1418.03485
G1 F1341.9 X102.75 Y121.515 E1418.14083
G1 F1265.9 X102.75 Y120.28 E1418.25317
G1 F1198 X102.75 Y119.045 E1418.37188
G1 F1137 X102.75 Y117.81 E1418.49696
G1 F1225.5 X102.956 Y117.751 E1418.51709
G1 F1373.9 X110 Y117.75 E1419.10749
G1 F2700 E1414.10749
;MESH:NONMESH
G0 F300 Z23.4
G0 F12000 X110 Y117.49
G0 X95.49 Y117.43
G0 X95.49 Y116.335
G0 X95.49 Y95.665
G0 X95.692 Y89.634
;TIME_ELAPSED:1255.155714
;LAYER:58
;TYPE:WALL-INNER
;MESH:motor_cover.stl
G1 F2700 E1419.10749
G1 F2051.3 X95.663 Y89.584 E1419.11199
G1 X95.605 Y89.584 E1419.1165
G1 X95.576 Y89.634 E1419.121
G1 X95.605 Y89.684 E1419.1255
G1 X95.663 Y89.684 E1419.13001
G1 X95.692 Y89.634 E1419.13451
G1 F2700 E1414.13451
G0 F12000 X95.546 Y90.924
G0 X95.632 Y91.661
G0 X96.176 Y93.899
G1 F2700 E1419.13451
G1 F1589.4 X96.138 Y93.834 E1419.14208
G1 X96.063 Y93.834 E1419.14961
G1 X96.026 Y93.899 E1419.15712
G1 X96.064 Y93.964 E1419.16468
G1 X96.139 Y93.964 E1419.17222
G1 X96.176 Y93.899 E1419.17973
G1 F2700 E1414.17973
G0 F12000 X97.817 Y94.4
G1 F2700 E1419.17973
G1 F2400 X97.446 Y94.244 E1419.2065
G1 X97.119 Y94.07 E1419.23114
G1 X96.83 Y93.871 E1419.25448
G1 X96.555 Y93.645 E1419.27816
G1 X96.308 Y93.393 E1419.30163
G1 X96.124 Y93.165 E1419.32112
G1 X95.895 Y92.825 E1419.34839
G1 X95.728 Y92.508 E1419.37223
G1 X95.601 Y92.183 E1419.39544
G1 X95.6 Y94.4 E1419.54291
G1 X97.817 Y94.4 E1419.69039
G1 F2700 E1414.69039
G0 F12000 X99.369 Y94.43
G0 X101.973 Y93.898
G1 F2700 E1419.69039
G1 F1589.4 X101.935 Y93.833 E1419.69795
G1 X101.86 Y93.833 E1419.70548
G1 X101.823 Y93.898 E1419.713
G1 X101.861 Y93.963 E1419.72056
G1 X101.936 Y93.963 E1419.72809
G1 X101.973 Y93.898 E1419.73561
G0 F12000 X102.8 Y94.4
G1 F2400 X102.4 Y94 E1419.77323
G1 X102.4 Y92.217 E1419.89184
G1 X102.204 Y92.636 E1419.92261
G1 X101.982 Y93.018 E1419.952
G1 X101.649 Y93.437 E1419.9876
G1 X101.323 Y93.754 E1420.01785
G1 X100.994 Y93.994 E1420.04494
G1 X100.671 Y94.186 E1420.06994
G1 X100.403 Y94.314 E1420.08969
G1 X100.168 Y94.4 E1420.10634
G1 X102.8 Y94.4 E1420.28142
G1 F2700 E1415.28142
G0 F12000 X102.12 Y94.12
G0 X102.515 Y91.346
G0 X102.423 Y89.635
G1 F2700 E1420.28142
G1 F2042.6 X102.394 Y89.585 E1420.28594
G1 X102.336 Y89.585 E1420.29047
G1 X102.307 Y89.635 E1420.29499
G1 X102.336 Y89.685 E1420.29951
G1 X102.394 Y89.685 E1420.30404
G1 X102.423 Y89.635 E1420.30856
G1 F2700 E1415.30856
G0 F12000 X102.559 Y93.086
G0 X102.562 Y94.438
G0 X115.438 Y94.438
G0 X116.409 Y93.591
G1 F2700 E1420.30856
G1 F2296.7 X117.172 Y93.59 E1420.3616
G1 X116.767 Y93.237 E1420.39894
G1 X116.409 Y92.816 E1420.43736
G1 X116.409 Y93.591 E1420.49123
G0 F12000 X116 Y94
G1 F2347.2 X118.273 Y94 E1420.64583
G1 F1761.5 X118.67 Y93.863 E1420.6839
G1 F1732.9 X118.35 Y93.687 E1420.71755
G1 F2296.7 X117.855 Y93.503 E1420.75425
G1 F2400 X117.396 Y93.241 E1420.78941
G1 X117.06 Y92.951 E1420.81894
G1 X116.723 Y92.554 E1420.85358
G1 X116.457 Y92.065 E1420.89061
G1 F2526.3 X116.344 Y91.681 E1420.9159
G1 F2735 X116.286 Y91.128 E1420.94836
G1 F2790.7 X116.304 Y90.592 E1420.97904
G1 F2637.4 X116.382 Y90.166 E1421.00525
G1 F2513.1 X116.448 Y89.991 E1421.01714
G1 F2594.6 X116 Y89.991 E1421.0447
G1 F2774.6 X115.968 Y90.684 E1421.08462
G1 F2909.1 X115.963 Y91.088 E1421.10679
G1 F2644.6 X116 Y92.069 E1421.16605
G1 F2400 X116 Y94 E1421.29451
G0 F12000 X118.697 Y93.939
G0 X118.67 Y93.863
G1 F1445.8 X118.868 Y93.872 E1421.31639
G1 F1435 X119.413 Y93.86 E1421.37704
G0 F12000 X119.405 Y93.931
G0 X120.816 Y93.591
G1 F2307.7 X121.592 Y93.592 E1421.43073
G1 X121.592 Y92.792 E1421.48607
G1 X121.438 Y93.01 E1421.50454
G1 X121.243 Y93.232 E1421.52498
G1 X120.816 Y93.591 E1421.56357
G0 F12000 X119.814 Y94
G1 F1897.2 X120.907 Y94 E1421.65554
G1 F2206.9 X122 Y94 E1421.73461
G1 F2400 X122 Y91.874 E1421.87603
G1 F2580.6 X122.028 Y91.457 E1421.90189
G1 F2865.7 X122.037 Y90.908 E1421.93248
G1 F2711.9 X122.009 Y89.996 E1421.98619
G1 F2506.5 X121.546 Y89.991 E1422.01569
G1 X121.636 Y90.249 E1422.03309
G1 F2608.7 X121.714 Y90.845 E1422.06988
G1 F2750.7 X121.687 Y91.428 E1422.10375
G1 F2580.6 X121.608 Y91.924 E1422.13482
G1 F2400 X121.349 Y92.429 E1422.17257
G1 X121.034 Y92.876 E1422.20895
G1 X120.596 Y93.243 E1422.24696
G1 X120.144 Y93.502 E1422.28161
G1 X119.82 Y93.622 E1422.3046
G1 F1774.5 X119.413 Y93.86 E1422.34702
G1 F1568.6 X119.814 Y94 E1422.39024
G0 F12000 X115.88 Y94.12
G0 X115.263 Y94.401
G1 F2400 X122.8 Y94.4 E1422.89161
G1 X122.4 Y94 E1422.92924
G1 X122.4 Y89.603 E1423.22173
G1 X120.903 Y89.6 E1423.32131
G1 X121.164 Y90.076 E1423.35742
G1 X121.282 Y90.425 E1423.38193
G1 X121.348 Y90.908 E1423.41435
G1 X121.32 Y91.364 E1423.44474
G1 X121.217 Y91.809 E1423.47513
G1 X121.026 Y92.183 E1423.50306
G1 X120.737 Y92.603 E1423.53698
G1 X120.365 Y92.915 E1423.56927
G1 X119.972 Y93.14 E1423.5994
G1 X119.592 Y93.273 E1423.62618
G1 X119.32 Y93.328 E1423.64464
G1 X118.817 Y93.346 E1423.67812
G1 X118.37 Y93.265 E1423.70834
G1 X118.021 Y93.138 E1423.73304
G1 X117.626 Y92.912 E1423.76331
G1 X117.346 Y92.672 E1423.78785
G1 X117.054 Y92.325 E1423.81801
G1 X116.829 Y91.912 E1423.8493
G1 X116.708 Y91.532 E1423.87583
G1 X116.649 Y91.118 E1423.90365
G1 X116.67 Y90.656 E1423.93441
G1 X116.781 Y90.173 E1423.96738
G1 X117.091 Y89.601 E1424.01065
G1 X115.6 Y89.6 E1424.10984
G1 X115.6 Y94 E1424.40253
G1 X115.263 Y94.401 E1424.43737
G0 F12000 X116 Y94.8
;TYPE:WALL-OUTER
G1 F2400 X122 Y94.8 E1424.83649
G1 F2133.3 X123 Y94.75 E1424.91142
G1 F1920 X124.75 Y94.75 E1425.05693
G1 X124.75 Y94.25 E1425.09851
G1 X123 Y94.25 E1425.24402
G1 F2133.3 X122.8 Y94 E1425.26798
G1 F2400 X122.8 Y89.201 E1425.58721
G1 X119.739 Y89.2 E1425.79083
G1 X119.928 Y89.276 E1425.80438
G1 X120.3 Y89.544 E1425.83488
G1 X120.568 Y89.821 E1425.86052
G1 X120.802 Y90.255 E1425.89332
G1 X120.894 Y90.537 E1425.91305
G1 X120.948 Y90.92 E1425.93878
G1 X120.926 Y91.295 E1425.96376
G1 X120.826 Y91.696 E1425.99126
G1 X120.656 Y92.024 E1426.01583
G1 X120.424 Y92.344 E1426.04212
G1 X120.12 Y92.594 E1426.06831
G1 X119.79 Y92.78 E1426.0935
G1 X119.512 Y92.881 E1426.11318
G1 X119.251 Y92.934 E1426.1309
G1 X118.833 Y92.942 E1426.15871
G1 X118.459 Y92.872 E1426.18402
G1 X118.176 Y92.766 E1426.20412
G1 X117.847 Y92.574 E1426.22946
G1 X117.632 Y92.392 E1426.2482
G1 X117.376 Y92.08 E1426.27504
G1 X117.194 Y91.741 E1426.30064
G1 X117.101 Y91.457 E1426.32052
G1 X117.053 Y91.116 E1426.34342
G1 X117.068 Y90.726 E1426.36939
G1 X117.159 Y90.315 E1426.39739
G1 X117.398 Y89.883 E1426.43023
G1 X117.647 Y89.59 E1426.45581
G1 X117.876 Y89.402 E1426.47552
G1 X118.234 Y89.2 E1426.50286
G1 X115.2 Y89.2 E1426.70468
G1 X115.2 Y94 E1427.02398
G1 F2123.9 X115.044 Y94.249 E1427.04607
G1 F1912.4 X103 Y94.25 E1428.05153
G1 F2133.3 X102.8 Y94 E1428.07549
G1 F2400 X102.8 Y91.89 E1428.21585
G1 F2105.3 X102.745 Y91.428 E1428.25113
G1 F1878.7 X102.745 Y90.616 E1428.32014
G1 F1828.6 X102.731 Y90.259 E1428.35133
G1 F2042.6 X102.8 Y89.833 E1428.38506
G1 F2400 X102.8 Y89.2 E1428.42717
G1 X101.662 Y89.2 E1428.50287
G1 X101.893 Y89.631 E1428.5354
G1 X102.02 Y89.944 E1428.55787
G1 F2042.6 X102.195 Y90.301 E1428.58894
G1 F1828.6 X102.237 Y90.656 E1428.62015
G1 F1897.2 X102.247 Y90.98 E1428.64743
G1 X102.237 Y91.384 E1428.68144
G1 F2105.3 X102.089 Y91.855 E1428.71887
G1 F2400 X101.966 Y92.201 E1428.7433
G1 X101.842 Y92.466 E1428.76276
G1 X101.637 Y92.814 E1428.78963
G1 X101.366 Y93.154 E1428.81855
G1 X101.084 Y93.433 E1428.84494
G1 X100.788 Y93.652 E1428.86943
G1 X100.516 Y93.816 E1428.89056
G1 X100.212 Y93.961 E1428.91297
G1 X99.932 Y94.061 E1428.93275
G1 F2341.5 X99.913 Y94.077 E1428.93444
G1 F2008.4 X99.622 Y94.204 E1428.95968
G1 F1832.1 X99.368 Y94.234 E1428.98197
G1 F1889.8 X98.985 Y94.247 E1429.01434
G1 X98.58 Y94.233 E1429.04858
G1 F2096.1 X98.204 Y94.097 E1429.07903
G1 F2400 X97.904 Y94.008 E1429.09985
G1 X97.631 Y93.89 E1429.11963
G1 X97.343 Y93.738 E1429.14129
G1 X97.082 Y93.56 E1429.16231
G1 X96.838 Y93.362 E1429.18321
G1 X96.634 Y93.158 E1429.2024
G1 X96.426 Y92.901 E1429.22439
G1 X96.247 Y92.635 E1429.24572
G1 X96.098 Y92.356 E1429.26676
G1 X95.992 Y92.096 E1429.28544
G1 F2105.3 X95.764 Y91.369 E1429.34322
G1 F1897.2 X95.747 Y90.899 E1429.38279
G1 F1882.4 X95.776 Y90.519 E1429.41512
G1 F2055.7 X95.889 Y90.217 E1429.44016
G1 F2358.7 X95.987 Y89.915 E1429.46165
G1 F2400 X96.102 Y89.639 E1429.48154
G1 X96.332 Y89.199 E1429.51456
G1 X95.2 Y89.2 E1429.58986
G1 F2358.7 X95.207 Y90.118 E1429.652
G1 F2055.7 X95.261 Y90.47 E1429.67966
G1 F1882.4 X95.249 Y90.949 E1429.7203
G1 F1897.2 X95.256 Y91.414 E1429.75943
G1 F2105.3 X95.2 Y91.824 E1429.79081
G1 F2400 X95.2 Y94.8 E1429.98877
G1 F2388.1 X98.149 Y94.797 E1430.18592
G1 F2087 X98.529 Y94.743 E1430.21528
G1 F1886.1 X99.02 Y94.749 E1430.25685
G1 F1853.3 X99.664 Y94.733 E1430.31234
G1 F2055.7 X100.059 Y94.8 E1430.34346
G1 F2400 X102 Y94.8 E1430.47257
G1 F2133.3 X103 Y94.75 E1430.5475
G1 F1912.4 X115.087 Y94.748 E1431.55656
G1 F2123.9 X116 Y94.8 E1431.6253
G0 F12000 X116.21 Y93.79
G1 F2700 E1426.6253
G0 F12000 X116.408 Y94.57
G0 X116.408 Y95.665
G0 X116.408 Y116.335
G0 X116.408 Y117.43
G0 X116.408 Y119.183
;TYPE:WALL-INNER
G1 F2700 E1431.6253
G1 F2302.2 X116.766 Y118.762 E1431.66362
G1 X117.174 Y118.408 E1431.70108
G1 X116.408 Y118.408 E1431.7542
G1 X116.408 Y119.183 E1431.80795
G0 F12000 X116.149 Y120.479
G1 F1407.6 X116.135 Y120.684 E1431.83125
G1 F1454.5 X116.126 Y121.088 E1431.87561
G1 F1461.2 X116.132 Y121.246 E1431.89288
G0 F12000 X115.991 Y122.009
G1 F2506.5 X116.451 Y122.009 E1431.92218
G1 F2513.1 X116.361 Y121.746 E1431.93984
G1 F2152.5 X116.342 Y121.64 E1431.94783
G1 F1638.2 X116.132 Y121.246 E1431.99134
G1 F1875 X115.98 Y121.653 E1432.02833
G1 F2580.6 X115.991 Y122.009 E1432.05036
G0 F12000 X116.547 Y120.087
G0 X116.848 Y119.534
G0 X117.433 Y118.817
G0 X118.63 Y118.116
G0 X120.212 Y118.681
G0 X121.22 Y119.473
G0 X121.524 Y120.368
G0 X121.567 Y120.653
G0 X121.548 Y122.009
G1 F2493.5 X122.008 Y122.008 E1432.07981
G1 F2553.2 X122.017 Y121.66 E1432.10158
G1 F1853.3 X121.865 Y121.261 E1432.13836
G1 X121.654 Y121.619 E1432.17416
G1 F2553.2 X121.548 Y122.009 E1432.19943
G0 F12000 X121.865 Y121.261
G1 F1452.3 X121.874 Y120.908 E1432.23825
G1 F1401.5 X121.841 Y120.393 E1432.29703
G0 F12000 X121.59 Y119.194
G1 F2285.7 X121.59 Y118.41 E1432.35179
G1 X120.831 Y118.411 E1432.40481
G1 X121.169 Y118.703 E1432.436
G1 X121.417 Y118.959 E1432.4609
G1 X121.59 Y119.194 E1432.48128
G0 F12000 X118.63 Y118.116
G0 X117.433 Y118.817
G0 X116.149 Y120.479
G1 F1705.2 X116.358 Y120.16 E1432.51699
G1 F2313.3 X116.468 Y119.91 E1432.53584
G1 F2400 X116.724 Y119.442 E1432.57132
G1 X117.065 Y119.034 E1432.60669
G1 X117.405 Y118.75 E1432.63616
G1 X117.861 Y118.488 E1432.67115
G1 F2474.2 X118.346 Y118.329 E1432.70408
G1 F2681.6 X119.114 Y118.276 E1432.74991
G1 F2727.3 X119.753 Y118.359 E1432.78763
G1 F2513.1 X120.165 Y118.504 E1432.81538
G1 F2400 X120.391 Y118.623 E1432.83237
G1 X120.812 Y118.923 E1432.86676
G1 X121.123 Y119.244 E1432.89649
G1 X121.282 Y119.459 E1432.91428
G1 X121.49 Y119.839 E1432.94309
G1 X121.56 Y119.999 E1432.95471
G1 F1717.4 X121.841 Y120.393 E1432.9997
G1 F1509.4 X121.923 Y120.188 E1433.02305
G1 F2012.6 X122 Y119.927 E1433.04464
G1 F2400 X122 Y118 E1433.17282
G1 X120.256 Y118 E1433.28883
G1 F2666.7 X119.052 Y117.96 E1433.36095
G1 F2857.1 X118.406 Y117.975 E1433.39706
G1 F2553.2 X117.85 Y118 E1433.43186
G1 F2400 X116 Y118 E1433.55492
G1 X116.001 Y119.792 E1433.67413
G1 F2313.3 X116.015 Y120.122 E1433.69692
G1 F1705.2 X116.149 Y120.479 E1433.73262
G0 F12000 X115.88 Y122.12
G0 X115.6 Y122.4
G1 F2400 X117.095 Y122.4 E1433.83207
G1 X116.829 Y121.913 E1433.86899
G1 X116.711 Y121.545 E1433.89469
G1 X116.649 Y121.119 E1433.92333
G1 X116.67 Y120.656 E1433.95416
G1 X116.782 Y120.171 E1433.98727
G1 X117.052 Y119.673 E1434.02495
G1 X117.345 Y119.325 E1434.05521
G1 X117.63 Y119.082 E1434.08013
G1 X118.022 Y118.857 E1434.11019
G1 X118.464 Y118.695 E1434.14151
G1 X119.088 Y118.637 E1434.1832
G1 X119.629 Y118.729 E1434.2197
G1 X120.098 Y118.906 E1434.25305
G1 X120.546 Y119.224 E1434.28959
G1 X120.893 Y119.582 E1434.32276
G1 X121.164 Y120.076 E1434.36024
G1 X121.282 Y120.425 E1434.38474
G1 X121.348 Y120.908 E1434.41717
G1 X121.32 Y121.364 E1434.44756
G1 X121.216 Y121.812 E1434.47816
G1 X121.027 Y122.182 E1434.50579
G1 X120.88 Y122.399 E1434.52323
G1 X122.4 Y122.4 E1434.62434
G1 X122.4 Y118 E1434.91703
G1 X122.737 Y117.599 E1434.95187
G1 X115.2 Y117.6 E1435.45324
G1 X115.6 Y118 E1435.49087
G1 X115.6 Y122.4 E1435.78355
G1 F2700 E1430.78355
G0 F12000 X115.91 Y122.12
G0 X115.438 Y117.562
G0 X102.562 Y117.562
G0 X102.559 Y118.923
G0 X102.423 Y122.365
G1 F2700 E1435.78355
G1 F2042.6 X102.394 Y122.315 E1435.78807
G1 X102.336 Y122.315 E1435.79261
G1 X102.307 Y122.365 E1435.79712
G1 X102.336 Y122.415 E1435.80164
G1 X102.394 Y122.415 E1435.80618
G1 X102.423 Y122.365 E1435.81069
G1 F2700 E1430.81069
G0 F12000 X102.512 Y120.641
G0 X101.974 Y118.101
G1 F2700 E1435.81069
G1 F1594.7 X101.936 Y118.036 E1435.81823
G1 X101.861 Y118.036 E1435.82574
G1 X101.824 Y118.101 E1435.83323
G1 X101.862 Y118.166 E1435.84076
G1 X101.937 Y118.166 E1435.84827
G1 X101.974 Y118.101 E1435.85576
G1 F2700 E1430.85576
G0 F12000 X102.4 Y119.782
G1 F2700 E1435.85576
G1 F2400 X102.4 Y118 E1435.9743
G1 X102.737 Y117.599 E1436.00914
G1 X100.189 Y117.601 E1436.17864
G1 X100.558 Y117.753 E1436.20518
G1 X100.821 Y117.893 E1436.225
G1 X101.165 Y118.124 E1436.25257
G1 X101.441 Y118.351 E1436.27634
G1 X101.687 Y118.603 E1436.29976
G1 X101.983 Y118.978 E1436.33154
G1 X102.187 Y119.322 E1436.35815
G1 X102.4 Y119.782 E1436.39187
G1 F2700 E1431.39187
G0 F12000 X101.315 Y118.442
G0 X100.474 Y117.881
G0 X99.504 Y117.587
G0 X98.683 Y117.587
G0 X96.175 Y118.1
G1 F2700 E1436.39187
G1 F1600 X96.137 Y118.035 E1436.39938
G1 X96.062 Y118.035 E1436.40687
G1 X96.025 Y118.1 E1436.41433
G1 X96.063 Y118.165 E1436.42184
G1 X96.138 Y118.165 E1436.42932
G1 X96.175 Y118.1 E1436.43679
G1 F2700 E1431.43679
G0 F12000 X95.6 Y119.806
G1 F2700 E1436.43679
G1 F2400 X95.756 Y119.432 E1436.46374
G1 X95.927 Y119.125 E1436.48712
G1 X96.124 Y118.831 E1436.51066
G1 X96.351 Y118.555 E1436.53443
G1 X96.603 Y118.308 E1436.55791
G1 X96.831 Y118.124 E1436.57739
G1 X97.174 Y117.893 E1436.6049
G1 X97.485 Y117.732 E1436.6282
G1 X97.81 Y117.6 E1436.65153
G1 X95.6 Y117.6 E1436.79854
G1 X95.6 Y119.806 E1436.94529
G1 F2700 E1431.94529
G0 F12000 X95.521 Y120.434
G0 X95.693 Y122.365
G1 F2700 E1436.94529
G1 F2042.6 X95.664 Y122.315 E1436.9498
G1 X95.606 Y122.315 E1436.95434
G1 X95.577 Y122.365 E1436.95886
G1 X95.606 Y122.415 E1436.96337
G1 X95.664 Y122.415 E1436.96791
G1 X95.693 Y122.365 E1436.97242
G1 F2700 E1431.97242
G0 F12000 X95.521 Y120.434
G0 X96.04 Y119.228
G0 X96.683 Y118.444
G0 X97.524 Y117.881
G0 X97.946 Y117.707
G0 X98.69 Y117.582
G0 X110 Y117.49
G0 X110 Y117.75
;TYPE:WALL-OUTER
G1 F2700 E1436.97242
G1 F1916.2 X115 Y117.75 E1437.38901
G1 F2133.3 X115.2 Y118 E1437.41297
G1 F2400 X115.2 Y122.8 E1437.73226
G1 X118.233 Y122.799 E1437.93402
G1 X117.847 Y122.574 E1437.96374
G1 X117.622 Y122.381 E1437.98346
G1 X117.376 Y122.08 E1438.00932
G1 X117.194 Y121.741 E1438.03491
G1 X117.103 Y121.467 E1438.05412
G1 X117.053 Y121.116 E1438.0777
G1 X117.068 Y120.726 E1438.10366
G1 X117.159 Y120.315 E1438.13167
G1 X117.398 Y119.883 E1438.16451
G1 X117.632 Y119.604 E1438.18873
G1 X117.847 Y119.422 E1438.20747
G1 X118.176 Y119.23 E1438.23281
G1 X118.569 Y119.086 E1438.26065
G1 X119.06 Y119.037 E1438.29347
G1 X119.543 Y119.124 E1438.32612
G1 X119.928 Y119.276 E1438.35365
G1 X120.3 Y119.544 E1438.38415
G1 X120.568 Y119.821 E1438.40979
G1 X120.802 Y120.255 E1438.44259
G1 X120.894 Y120.537 E1438.46232
G1 X120.948 Y120.92 E1438.48805
G1 X120.926 Y121.295 E1438.51304
G1 X120.826 Y121.696 E1438.54053
G1 X120.671 Y122 E1438.56323
G1 X120.437 Y122.334 E1438.59036
G1 X120.12 Y122.594 E1438.61763
G1 X119.757 Y122.799 E1438.64536
G1 X122.8 Y122.8 E1438.84778
G1 X122.8 Y118 E1439.16708
G1 F2123.9 X122.956 Y117.751 E1439.18917
G1 F1912.4 X124.75 Y117.75 E1439.33894
G1 F1920 X124.75 Y117.25 E1439.38051
G1 F1912.4 X122.913 Y117.252 E1439.53387
G1 F2123.9 X122 Y117.2 E1439.60261
G1 F2400 X116 Y117.2 E1440.00173
G1 F2133.3 X115 Y117.25 E1440.07666
G1 F1912.4 X102.913 Y117.252 E1441.08572
G1 F2123.9 X102 Y117.2 E1441.15446
G1 F2370.4 X99.893 Y117.205 E1441.29637
G1 F2060.1 X99.528 Y117.26 E1441.32497
G1 F1878.7 X98.84 Y117.25 E1441.38344
G1 F1875 X98.439 Y117.261 E1441.4176
G1 F2082.4 X97.959 Y117.2 E1441.4547
G1 F2400 X95.2 Y117.2 E1441.63823
G1 F2388.1 X95.203 Y120.15 E1441.83544
G1 F2091.5 X95.256 Y120.529 E1441.86465
G1 F1893.5 X95.25 Y121.02 E1441.90605
G1 F1897.2 X95.256 Y121.416 E1441.93938
G1 F2105.3 X95.2 Y121.818 E1441.97016
G1 F2400 X95.2 Y122.8 E1442.03548
G1 X96.333 Y122.8 E1442.11085
G1 X96.102 Y122.357 E1442.14408
G1 X95.987 Y122.081 E1442.16397
G1 F2105.3 X95.764 Y121.37 E1442.22048
G1 F1897.2 X95.75 Y120.985 E1442.2529
G1 X95.764 Y120.58 E1442.287
G1 F2105.3 X95.899 Y120.204 E1442.3173
G1 F2400 X95.987 Y119.905 E1442.33803
G1 X96.099 Y119.641 E1442.3571
G1 X96.261 Y119.345 E1442.37955
G1 X96.436 Y119.082 E1442.40056
G1 X96.634 Y118.838 E1442.42147
G1 X96.838 Y118.634 E1442.44066
G1 X97.095 Y118.426 E1442.46265
G1 X97.343 Y118.258 E1442.48258
G1 X97.636 Y118.102 E1442.50466
G1 X98.008 Y117.95 E1442.53139
G1 F2082.4 X98.495 Y117.777 E1442.57101
G1 F1875 X98.864 Y117.75 E1442.60251
G1 F1912.4 X99.178 Y117.753 E1442.62873
G1 F1875 X99.478 Y117.776 E1442.65435
G1 F2060.1 X99.794 Y117.895 E1442.68052
G1 F2370.4 X100.086 Y117.987 E1442.70114
G1 F2400 X100.354 Y118.099 E1442.72046
G1 X100.653 Y118.258 E1442.74298
G1 X100.914 Y118.436 E1442.764
G1 X101.158 Y118.634 E1442.7849
G1 X101.362 Y118.838 E1442.80409
G1 X101.64 Y119.184 E1442.83362
G1 X101.816 Y119.476 E1442.8563
G1 X101.974 Y119.811 E1442.88094
G1 F2077.9 X102.221 Y120.495 E1442.93681
G1 F1871.3 X102.247 Y120.86 E1442.96803
G1 F1908.5 X102.247 Y121.173 E1442.99421
G1 F1878.7 X102.225 Y121.473 E1443.01977
G1 F2064.5 X102.105 Y121.782 E1443.0454
G1 F2364.5 X102.013 Y122.076 E1443.0662
G1 F2400 X101.906 Y122.34 E1443.08515
G1 X101.661 Y122.8 E1443.11982
G1 X102.8 Y122.8 E1443.19559
G1 F2364.5 X102.795 Y121.879 E1443.25777
G1 F2064.5 X102.741 Y121.517 E1443.28608
G1 F1878.7 X102.749 Y120.836 E1443.34395
G1 F1871.3 X102.739 Y120.443 E1443.37749
G1 F2077.9 X102.8 Y120.014 E1443.41078
G1 F2400 X102.8 Y118 E1443.54475
G1 F2123.9 X102.956 Y117.751 E1443.56684
G1 F1904.8 X110 Y117.75 E1444.15724
G1 F2700 E1439.15724
;MESH:NONMESH
G0 F300 Z23.8
G0 F12000 X110 Y117.49
G0 X95.692 Y117.43
G0 X95.692 Y116.335
G0 X95.692 Y95.665
G0 X95.692 Y89.634
;TIME_ELAPSED:1280.376190
;LAYER:59
;TYPE:WALL-INNER
;MESH:motor_cover.stl
G1 F2700 E1444.15724
G1 F2051.3 X95.663 Y89.584 E1444.16174
G1 X95.605 Y89.584 E1444.16625
G1 X95.576 Y89.634 E1444.17075
G1 X95.605 Y89.684 E1444.17525
G1 X95.663 Y89.684 E1444.17976
G1 X95.692 Y89.634 E1444.18426
G1 F2700 E1439.18426
G0 F12000 X95.547 Y90.919
G0 X95.633 Y91.663
G0 X96.176 Y93.899
G1 F2700 E1444.18426
G1 F1589.4 X96.138 Y93.834 E1444.19182
G1 X96.063 Y93.834 E1444.19936
G1 X96.026 Y93.899 E1444.20687
G1 X96.064 Y93.964 E1444.21443
G1 X96.139 Y93.964 E1444.22197
G1 X96.176 Y93.899 E1444.22948
G1 F2700 E1439.22948
G0 F12000 X97.817 Y94.4
G1 F2700 E1444.22948
G1 F2400 X97.446 Y94.244 E1444.25625
G1 X97.119 Y94.07 E1444.28089
G1 X96.83 Y93.871 E1444.30423
G1 X96.555 Y93.645 E1444.32791
G1 X96.308 Y93.393 E1444.35138
G1 X96.124 Y93.165 E1444.37087
G1 X95.892 Y92.819 E1444.39858
G1 X95.751 Y92.55 E1444.41879
G1 X95.6 Y92.191 E1444.44469
G1 X95.6 Y94.4 E1444.59164
G1 X97.817 Y94.4 E1444.73911
G1 F2700 E1439.73911
G0 F12000 X98.434 Y94.479
G0 X99.437 Y94.402
G0 X101.972 Y93.897
G1 F2700 E1444.73911
G1 F1584.2 X101.934 Y93.832 E1444.7467
G1 X101.859 Y93.832 E1444.75426
G1 X101.822 Y93.897 E1444.7618
G1 X101.86 Y93.962 E1444.76938
G1 X101.935 Y93.962 E1444.77694
G1 X101.972 Y93.897 E1444.78448
G0 F12000 X102.8 Y94.4
G1 F2400 X102.4 Y94 E1444.82211
G1 X102.4 Y92.175 E1444.94351
G1 X102.237 Y92.573 E1444.97212
G1 X102.068 Y92.879 E1444.99537
G1 X101.896 Y93.131 E1445.01567
G1 X101.681 Y93.398 E1445.03847
G1 X101.441 Y93.645 E1445.06138
G1 X101.166 Y93.875 E1445.08523
G1 X100.865 Y94.08 E1445.10945
G1 X100.5 Y94.276 E1445.13701
G1 X100.17 Y94.4 E1445.16046
G1 X102.8 Y94.4 E1445.33541
G1 F2700 E1440.33541
G0 F12000 X102.12 Y94.12
G0 X102.496 Y91.488
G0 X102.423 Y89.635
G1 F2700 E1445.33541
G1 F2042.6 X102.394 Y89.585 E1445.33993
G1 X102.336 Y89.585 E1445.34446
G1 X102.307 Y89.635 E1445.34898
G1 X102.336 Y89.685 E1445.3535
G1 X102.394 Y89.685 E1445.35803
G1 X102.423 Y89.635 E1445.36255
G1 F2700 E1440.36255
G0 F12000 X102.562 Y94.438
G0 X115.438 Y94.438
G0 X116.41 Y93.59
G1 F2700 E1445.36255
G1 F2291.2 X117.173 Y93.591 E1445.41571
G1 X116.828 Y93.293 E1445.44748
G1 X116.58 Y93.038 E1445.47227
G1 X116.409 Y92.803 E1445.49252
G1 X116.41 Y93.59 E1445.54735
G0 F12000 X116 Y94
G1 F2352.9 X118.128 Y94 E1445.69174
G1 F1729.7 X118.524 Y93.853 E1445.73073
G1 F1702.1 X118.209 Y93.646 E1445.76608
G1 F2307.7 X117.63 Y93.392 E1445.80982
G1 F2400 X117.191 Y93.078 E1445.84572
G1 X116.873 Y92.753 E1445.87597
G1 X116.713 Y92.533 E1445.89407
G1 X116.451 Y92.05 E1445.93062
G1 F2493.5 X116.342 Y91.629 E1445.95846
G1 F2681.6 X116.284 Y91.148 E1445.98731
G1 F2807 X116.306 Y90.584 E1446.01941
G1 F2674.1 X116.382 Y90.166 E1446.04477
G1 F2513.1 X116.448 Y89.991 E1446.05665
G1 F2594.6 X116 Y89.991 E1446.08422
G1 F2774.6 X115.967 Y90.672 E1446.12345
G1 F2909.1 X115.962 Y91.088 E1446.14628
G1 F2651.9 X116.001 Y92.037 E1446.20346
G1 F2400 X116 Y94 E1446.33404
G0 F12000 X118.544 Y93.922
G0 X118.524 Y93.853
G1 F1415.9 X118.758 Y93.868 E1446.36048
G1 F1456.8 X119.102 Y93.872 E1446.39818
G1 F1397.4 X119.608 Y93.84 E1446.45611
G0 F12000 X120.824 Y93.59
G1 F2291.2 X121.591 Y93.591 E1446.50955
G1 X121.591 Y92.813 E1446.56376
G1 X121.231 Y93.235 E1446.60241
G1 X120.824 Y93.59 E1446.64004
G0 F12000 X120.126 Y94
G1 F2400 X122 Y94 E1446.7647
G1 X122 Y91.876 E1446.90599
G1 F2580.6 X122.028 Y91.457 E1446.93197
G1 F2865.7 X122.037 Y90.908 E1446.96256
G1 F2857.1 X122.027 Y90.512 E1446.9847
G1 F2689.1 X121.995 Y89.993 E1447.01557
G1 F2546.4 X121.548 Y89.994 E1447.04359
G1 F2601.6 X121.668 Y90.369 E1447.06775
G1 F2840.2 X121.711 Y90.908 E1447.09815
G1 F2831.9 X121.681 Y91.477 E1447.13027
G1 F2553.2 X121.623 Y91.834 E1447.15288
G1 F2400 X121.526 Y92.094 E1447.17134
G1 X121.27 Y92.558 E1447.20659
G1 X120.938 Y92.95 E1447.24077
G1 X120.6 Y93.241 E1447.27044
G1 X120.217 Y93.46 E1447.29978
G1 X120.048 Y93.538 E1447.31216
G1 F2000 X119.589 Y93.832 E1447.35568
G1 F1720.4 X119.808 Y93.922 E1447.37765
G1 F2008.4 X120.126 Y94 E1447.40367
G0 F12000 X115.88 Y94.12
G0 X115.263 Y94.401
G1 F2400 X122.8 Y94.4 E1447.90504
G1 X122.4 Y94 E1447.94267
G1 X122.4 Y89.6 E1448.23536
G1 X120.904 Y89.6 E1448.33487
G1 X121.17 Y90.09 E1448.37196
G1 X121.305 Y90.526 E1448.40232
G1 X121.348 Y90.908 E1448.42789
G1 X121.32 Y91.364 E1448.45828
G1 X121.213 Y91.832 E1448.49022
G1 X120.938 Y92.331 E1448.52812
G1 X120.651 Y92.671 E1448.55771
G1 X120.37 Y92.912 E1448.58234
G1 X119.963 Y93.145 E1448.61354
G1 X119.518 Y93.289 E1448.64465
G1 X119.128 Y93.344 E1448.67085
G1 X118.71 Y93.336 E1448.69866
G1 X118.25 Y93.228 E1448.73009
G1 X117.822 Y93.04 E1448.76119
G1 X117.446 Y92.768 E1448.79206
G1 X117.102 Y92.413 E1448.82494
G1 X116.831 Y91.914 E1448.86271
G1 X116.692 Y91.444 E1448.89532
G1 X116.648 Y91.088 E1448.91918
G1 X116.672 Y90.649 E1448.94842
G1 X116.781 Y90.174 E1448.98084
G1 X117.091 Y89.601 E1449.02418
G1 X115.6 Y89.6 E1449.12336
G1 X115.6 Y94 E1449.41605
G1 X115.263 Y94.401 E1449.45089
G0 F12000 X116 Y94.8
;TYPE:WALL-OUTER
G1 F2400 X122 Y94.8 E1449.85001
G1 F2133.3 X123 Y94.75 E1449.92494
G1 F1920 X124.75 Y94.75 E1450.07046
G1 X124.75 Y94.25 E1450.11203
G1 X123 Y94.25 E1450.25754
G1 F2133.3 X122.8 Y94 E1450.2815
G1 F2400 X122.8 Y89.2 E1450.6008
G1 X119.735 Y89.2 E1450.80469
G1 X119.994 Y89.322 E1450.82373
G1 X120.302 Y89.551 E1450.84926
G1 X120.62 Y89.916 E1450.88146
G1 X120.804 Y90.26 E1450.90741
G1 X120.908 Y90.596 E1450.93081
G1 X120.947 Y90.882 E1450.95001
G1 X120.926 Y91.295 E1450.97752
G1 X120.836 Y91.688 E1451.00434
G1 X120.598 Y92.113 E1451.03674
G1 X120.364 Y92.392 E1451.06096
G1 X120.149 Y92.574 E1451.0797
G1 X119.786 Y92.782 E1451.10753
G1 X119.453 Y92.894 E1451.1309
G1 X119.161 Y92.942 E1451.15059
G1 X118.779 Y92.937 E1451.176
G1 X118.394 Y92.851 E1451.20224
G1 X118.007 Y92.679 E1451.23041
G1 X117.696 Y92.452 E1451.25603
G1 X117.429 Y92.176 E1451.28157
G1 X117.196 Y91.739 E1451.31451
G1 X117.085 Y91.369 E1451.34021
G1 X117.048 Y91.076 E1451.35985
G1 X117.073 Y90.691 E1451.38552
G1 X117.16 Y90.315 E1451.41119
G1 X117.398 Y89.883 E1451.444
G1 X117.647 Y89.59 E1451.46958
G1 X117.876 Y89.402 E1451.48929
G1 X118.231 Y89.199 E1451.51649
G1 X115.2 Y89.2 E1451.71811
G1 X115.2 Y94 E1452.03741
G1 F2123.9 X115.044 Y94.249 E1452.0595
G1 F1912.4 X103 Y94.25 E1453.06497
G1 F2133.3 X102.8 Y94 E1453.08892
G1 F2400 X102.8 Y92.081 E1453.21658
G1 F2077.9 X102.738 Y91.634 E1453.25125
G1 F1867.7 X102.749 Y91.212 E1453.28733
G1 F1875 X102.74 Y90.47 E1453.35052
G1 F2055.7 X102.794 Y90.114 E1453.37848
G1 F2364.5 X102.8 Y89.2 E1453.44019
G1 F2400 X101.65 Y89.2 E1453.51669
G1 X101.861 Y89.558 E1453.54433
G1 X102.02 Y89.941 E1453.57192
G1 F2087 X102.224 Y90.519 E1453.61881
G1 F1875 X102.247 Y90.84 E1453.64621
G1 F1908.5 X102.247 Y91.186 E1453.67515
G1 F1867.7 X102.216 Y91.589 E1453.7097
G1 F2077.9 X101.885 Y92.383 E1453.7758
G1 F2400 X101.738 Y92.653 E1453.79625
G1 X101.566 Y92.905 E1453.81654
G1 X101.371 Y93.144 E1453.83706
G1 X101.14 Y93.379 E1453.85898
G1 X100.912 Y93.567 E1453.87864
G1 X100.625 Y93.758 E1453.90157
G1 X100.314 Y93.922 E1453.92496
G1 F2347.2 X99.935 Y94.069 E1453.95261
G1 F2243 X99.917 Y94.085 E1453.95432
G1 F1967.2 X99.653 Y94.201 E1453.97772
G1 F1832.1 X99.33 Y94.237 E1454.00604
G1 F1897.2 X98.989 Y94.247 E1454.03475
G1 F1889.8 X98.58 Y94.233 E1454.06932
G1 F2096.1 X98.204 Y94.097 E1454.09978
G1 F2400 X97.904 Y94.008 E1454.12059
G1 X97.631 Y93.89 E1454.14038
G1 X97.343 Y93.738 E1454.16204
G1 X97.082 Y93.56 E1454.18306
G1 X96.838 Y93.362 E1454.20396
G1 X96.634 Y93.158 E1454.22315
G1 X96.426 Y92.901 E1454.24514
G1 X96.246 Y92.633 E1454.26662
G1 X96.1 Y92.352 E1454.28768
G1 X95.988 Y92.092 E1454.30651
G1 X95.895 Y91.78 E1454.32817
G1 F2105.3 X95.764 Y91.424 E1454.35694
G1 F1897.2 X95.747 Y90.894 E1454.40156
G1 F1882.4 X95.776 Y90.521 E1454.43329
G1 F1797.8 X95.818 Y90.214 E1454.46081
G1 F2025.3 X95.987 Y89.915 E1454.48788
G1 F2400 X96.102 Y89.639 E1454.50777
G1 X96.332 Y89.199 E1454.5408
G1 X95.2 Y89.2 E1454.6161
G1 X95.2 Y89.758 E1454.65322
G1 F2025.3 X95.275 Y90.165 E1454.68584
G1 F1835.6 X95.249 Y90.942 E1454.75346
G1 F1897.2 X95.256 Y91.475 E1454.79831
G1 F2105.3 X95.2 Y91.879 E1454.82924
G1 F2400 X95.2 Y94.8 E1455.02355
G1 F2388.1 X98.149 Y94.797 E1455.22069
G1 F2087 X98.529 Y94.743 E1455.25006
G1 F1871.3 X99.367 Y94.745 E1455.32155
G1 F1832.1 X99.717 Y94.731 E1455.35207
G1 F2008.4 X100.061 Y94.791 E1455.37983
G1 F2347.2 X100.439 Y94.8 E1455.40555
G1 F2400 X102 Y94.8 E1455.50939
G1 F2133.3 X103 Y94.75 E1455.58431
G1 F1912.4 X115.087 Y94.748 E1456.59337
G1 F2123.9 X116 Y94.8 E1456.66211
G0 F12000 X116.21 Y93.79
G1 F2700 E1451.66211
G0 F12000 X118.636 Y94.57
G0 X118.636 Y95.665
G0 X118.636 Y116.335
G0 X118.636 Y117.43
G0 X118.636 Y118.136
;TYPE:WALL-INNER
G1 F2700 E1456.66211
G1 F1443.6 X118.832 Y118.128 E1456.68381
G1 F1459 X119.228 Y118.13 E1456.72714
G1 F1422.2 X119.475 Y118.145 E1456.75492
G0 F12000 X121.589 Y119.174
G1 F2274.9 X121.589 Y118.411 E1456.80846
G1 X120.837 Y118.412 E1456.86124
G1 X121.206 Y118.745 E1456.89612
G1 X121.589 Y119.174 E1456.93648
G0 F12000 X121.846 Y120.53
G1 F1758.2 X121.928 Y120.311 E1456.95771
G1 F2033.9 X122 Y119.959 E1456.98591
G1 F2400 X122 Y118 E1457.11623
G1 F2352.9 X119.87 Y118 E1457.26075
G1 F1739.1 X119.475 Y118.145 E1457.29938
G1 F1714.3 X119.791 Y118.351 E1457.3345
G1 F2307.7 X120.379 Y118.613 E1457.37904
G1 F2400 X120.828 Y118.939 E1457.41595
G1 X121.269 Y119.432 E1457.45995
G1 X121.49 Y119.841 E1457.49087
G1 X121.568 Y120.024 E1457.50411
G1 F2025.3 X121.846 Y120.53 E1457.54962
G0 F12000 X121.853 Y120.512
G1 F1426.4 X121.874 Y120.908 E1457.594
G1 F1452.3 X121.865 Y121.261 E1457.63282
G0 F12000 X121.548 Y122.008
G1 F2500 X122.008 Y122.008 E1457.66219
G1 F2560 X122.017 Y121.66 E1457.6839
G1 F1853.3 X121.865 Y121.261 E1457.72068
G1 X121.656 Y121.62 E1457.75647
G1 F2560 X121.548 Y122.008 E1457.78158
G0 F12000 X121.6 Y120.88
G0 X121.399 Y119.988
G0 X121.145 Y119.523
G0 X120.731 Y119.054
G0 X120.3 Y118.744
G0 X119.828 Y118.532
G0 X119.318 Y118.416
G0 X118.759 Y118.408
G0 X118.078 Y118.542
G0 X117.489 Y118.881
G0 X117.174 Y119.145
G0 X116.848 Y119.534
G0 X116.677 Y119.848
G0 X116.132 Y121.277
G1 F1463.4 X116.124 Y121.088 E1457.80222
G1 F1456.8 X116.135 Y120.672 E1457.84783
G1 F1405.6 X116.149 Y120.479 E1457.8698
G0 F12000 X116.408 Y119.183
G1 F2302.2 X116.766 Y118.762 E1457.90813
G1 X117.173 Y118.409 E1457.94549
G1 X116.408 Y118.408 E1457.99854
G1 X116.408 Y119.183 E1458.05228
G0 F12000 X116.149 Y120.479
G1 F1705.2 X116.358 Y120.16 E1458.08799
G1 F2313.3 X116.468 Y119.91 E1458.10684
G1 F2400 X116.724 Y119.442 E1458.14233
G1 X117.064 Y119.035 E1458.1776
G1 X117.407 Y118.748 E1458.20735
G1 X117.882 Y118.476 E1458.24376
G1 X118.188 Y118.362 E1458.26549
G1 F1787.7 X118.636 Y118.136 E1458.3103
G1 X118.154 Y118 E1458.35502
G1 F2400 X116 Y118 E1458.49831
G1 X116.001 Y119.792 E1458.61751
G1 F2313.3 X116.015 Y120.122 E1458.64031
G1 F1705.2 X116.149 Y120.479 E1458.67601
G0 F12000 X115.993 Y122.007
G1 F2480.6 X116.454 Y122.007 E1458.70568
G1 X116.372 Y121.757 E1458.72261
G1 F2539.7 X116.343 Y121.629 E1458.73086
G1 F2285.7 X116.263 Y121.519 E1458.74036
G1 F1690.1 X116.132 Y121.277 E1458.76635
G1 F1860.5 X115.984 Y121.682 E1458.80336
G1 F2539.7 X115.993 Y122.007 E1458.82379
G0 F12000 X115.6 Y122.4
G1 F2400 X117.095 Y122.4 E1458.92324
G1 X116.83 Y121.911 E1458.96024
G1 X116.692 Y121.444 E1458.99263
G1 X116.648 Y121.088 E1459.01649
G1 X116.672 Y120.649 E1459.04574
G1 X116.782 Y120.172 E1459.0783
G1 X117.052 Y119.673 E1459.11604
G1 X117.345 Y119.325 E1459.1463
G1 X117.63 Y119.082 E1459.17122
G1 X118.165 Y118.775 E1459.21225
G1 X118.772 Y118.655 E1459.25341
G1 X119.291 Y118.661 E1459.28794
G1 X119.756 Y118.769 E1459.31969
G1 X120.183 Y118.965 E1459.35094
G1 X120.562 Y119.24 E1459.38209
G1 X120.937 Y119.661 E1459.4196
G1 X121.169 Y120.087 E1459.45186
G1 X121.305 Y120.526 E1459.48244
G1 X121.348 Y120.908 E1459.50801
G1 X121.32 Y121.364 E1459.5384
G1 X121.217 Y121.824 E1459.56975
G1 X120.9 Y122.4 E1459.61349
G1 X122.4 Y122.4 E1459.71327
G1 X122.4 Y118 E1460.00596
G1 X122.737 Y117.599 E1460.0408
G1 X115.2 Y117.6 E1460.54217
G1 X115.6 Y118 E1460.5798
G1 X115.6 Y122.4 E1460.87248
G1 F2700 E1455.87248
G0 F12000 X115.91 Y122.12
G0 X115.438 Y117.562
G0 X102.562 Y117.562
G0 X102.424 Y122.366
G1 F2700 E1460.87248
G1 F2051.3 X102.395 Y122.316 E1460.87698
G1 X102.337 Y122.316 E1460.8815
G1 X102.308 Y122.366 E1460.886
G1 X102.337 Y122.416 E1460.89049
G1 X102.395 Y122.416 E1460.89501
G1 X102.424 Y122.366 E1460.89951
G1 F2700 E1455.89951
G0 F12000 X102.497 Y120.513
G0 X101.973 Y118.102
G1 F2700 E1460.89951
G1 F1589.4 X101.935 Y118.037 E1460.90707
G1 X101.86 Y118.037 E1460.9146
G1 X101.823 Y118.102 E1460.92212
G1 X101.861 Y118.167 E1460.92968
G1 X101.936 Y118.167 E1460.93721
G1 X101.973 Y118.102 E1460.94473
G1 F2700 E1455.94473
G0 F12000 X102.4 Y119.826
G1 F2700 E1460.94473
G1 F2400 X102.4 Y118 E1461.06619
G1 X102.737 Y117.599 E1461.10103
G1 X100.187 Y117.601 E1461.27066
G1 X100.508 Y117.73 E1461.29367
G1 X100.862 Y117.919 E1461.32037
G1 X101.171 Y118.124 E1461.34504
G1 X101.437 Y118.351 E1461.3683
G1 X101.641 Y118.555 E1461.38749
G1 X101.904 Y118.871 E1461.41484
G1 X102.072 Y119.123 E1461.43498
G1 X102.267 Y119.487 E1461.46245
G1 X102.4 Y119.826 E1461.48668
G1 F2700 E1456.48668
G0 F12000 X101.552 Y118.679
G0 X100.77 Y118.038
G0 X99.837 Y117.654
G0 X98.999 Y117.549
G0 X98.704 Y117.567
G0 X96.176 Y118.101
G1 F2700 E1461.48668
G1 F1600 X96.138 Y118.036 E1461.49419
G1 X96.063 Y118.036 E1461.50167
G1 X96.026 Y118.101 E1461.50913
G1 X96.064 Y118.166 E1461.51665
G1 X96.139 Y118.166 E1461.52413
G1 X96.176 Y118.101 E1461.53159
G1 F2700 E1456.53159
G0 F12000 X95.6 Y119.806
G1 F2700 E1461.53159
G1 F2400 X95.751 Y119.446 E1461.55756
G1 X95.892 Y119.177 E1461.57777
G1 X96.095 Y118.871 E1461.60219
G1 X96.316 Y118.598 E1461.62556
G1 X96.598 Y118.313 E1461.65223
G1 X96.89 Y118.077 E1461.6772
G1 X97.333 Y117.804 E1461.71182
G1 X97.768 Y117.6 E1461.74378
G1 X95.601 Y117.601 E1461.88793
G1 X95.6 Y119.806 E1462.0346
G1 F2700 E1457.0346
G0 F12000 X95.573 Y121.044
G0 X95.692 Y122.366
G1 F2700 E1462.0346
G1 F2042.6 X95.663 Y122.316 E1462.03912
G1 X95.605 Y122.316 E1462.04366
G1 X95.576 Y122.366 E1462.04817
G1 X95.605 Y122.416 E1462.05269
G1 X95.663 Y122.416 E1462.05722
G1 X95.692 Y122.366 E1462.06174
G1 F2700 E1457.06174
G0 F12000 X95.55 Y121
G0 X95.654 Y120.163
G0 X96.04 Y119.228
G0 X96.682 Y118.445
G0 X97.374 Y117.957
G0 X97.998 Y117.698
G0 X98.43 Y117.592
G0 X110 Y117.49
G0 X110 Y117.75
;TYPE:WALL-OUTER
G1 F2700 E1462.06174
G1 F1916.2 X115 Y117.75 E1462.47833
G1 F2133.3 X115.2 Y118 E1462.50228
G1 F2400 X115.2 Y122.8 E1462.82158
G1 X118.271 Y122.799 E1463.02587
G1 X118.043 Y122.7 E1463.0424
G1 X117.696 Y122.452 E1463.07077
G1 X117.416 Y122.152 E1463.09807
G1 X117.196 Y121.739 E1463.1292
G1 X117.085 Y121.369 E1463.15489
G1 X117.048 Y121.076 E1463.17454
G1 X117.073 Y120.691 E1463.2002
G1 X117.16 Y120.315 E1463.22588
G1 X117.398 Y119.883 E1463.25868
G1 X117.632 Y119.604 E1463.28291
G1 X117.847 Y119.422 E1463.30165
G1 X118.309 Y119.153 E1463.33721
G1 X118.797 Y119.058 E1463.37028
G1 X119.262 Y119.065 E1463.40121
G1 X119.643 Y119.157 E1463.42729
G1 X119.994 Y119.322 E1463.45309
G1 X120.302 Y119.55 E1463.47858
G1 X120.594 Y119.878 E1463.50779
G1 X120.804 Y120.26 E1463.53679
G1 X120.908 Y120.596 E1463.56018
G1 X120.947 Y120.882 E1463.57938
G1 X120.926 Y121.295 E1463.60689
G1 X120.838 Y121.684 E1463.63342
G1 X120.598 Y122.113 E1463.66612
G1 X120.349 Y122.406 E1463.6917
G1 X120.12 Y122.594 E1463.71141
G1 X119.761 Y122.8 E1463.73894
G1 X122.8 Y122.8 E1463.9411
G1 X122.8 Y118 E1464.2604
G1 F2123.9 X122.956 Y117.751 E1464.28248
G1 F1912.4 X124.75 Y117.75 E1464.43225
G1 F1920 X124.75 Y117.25 E1464.47383
G1 F1912.4 X122.913 Y117.252 E1464.62718
G1 F2123.9 X122 Y117.2 E1464.69592
G1 F2400 X116 Y117.2 E1465.09504
G1 F2133.3 X115 Y117.25 E1465.16997
G1 F1912.4 X102.913 Y117.252 E1466.17903
G1 F2123.9 X102 Y117.2 E1466.24777
G1 F2400 X99.887 Y117.2 E1466.38833
G1 F2100.7 X99.468 Y117.257 E1466.42047
G1 F1889.8 X98.961 Y117.25 E1466.4633
G1 F1882.4 X98.417 Y117.26 E1466.50945
G1 F2087 X97.992 Y117.201 E1466.54227
G1 F2400 X95.201 Y117.201 E1466.72793
G1 F2388.1 X95.203 Y120.15 E1466.92508
G1 F2091.5 X95.256 Y120.529 E1466.95429
G1 F1893.5 X95.25 Y121.027 E1466.99628
G1 F1849.7 X95.268 Y121.733 E1467.05724
G1 F2051.3 X95.2 Y122.166 E1467.09135
G1 F2400 X95.2 Y122.8 E1467.13352
G1 X96.333 Y122.8 E1467.20889
G1 X96.095 Y122.343 E1467.24317
G1 X95.976 Y122.056 E1467.26383
G1 F2051.3 X95.802 Y121.695 E1467.29502
G1 F1832.1 X95.763 Y121.333 E1467.32675
G1 F1897.2 X95.75 Y120.989 E1467.35572
G1 X95.764 Y120.58 E1467.39015
G1 F2105.3 X95.899 Y120.204 E1467.42045
G1 F2400 X95.988 Y119.904 E1467.44127
G1 X96.106 Y119.631 E1467.46105
G1 X96.258 Y119.343 E1467.48271
G1 X96.437 Y119.08 E1467.50387
G1 X96.625 Y118.852 E1467.52353
G1 X96.833 Y118.639 E1467.54334
G1 X97.163 Y118.373 E1467.57153
G1 X97.503 Y118.166 E1467.59801
G1 X97.759 Y118.046 E1467.61682
G1 X98.083 Y117.933 E1467.63964
G1 F2087 X98.48 Y117.772 E1467.67242
G1 F1882.4 X98.999 Y117.75 E1467.71647
G1 F1893.5 X99.416 Y117.764 E1467.75165
G1 F2100.7 X99.788 Y117.899 E1467.78173
G1 F2400 X100.086 Y117.987 E1467.8024
G1 X100.354 Y118.099 E1467.82172
G1 X100.645 Y118.255 E1467.84368
G1 X100.913 Y118.43 E1467.86497
G1 X101.154 Y118.634 E1467.88598
G1 X101.37 Y118.851 E1467.90634
G1 X101.558 Y119.075 E1467.9258
G1 X101.739 Y119.345 E1467.94742
G1 X101.895 Y119.634 E1467.96927
G1 X102.046 Y120.018 E1467.99671
G1 F2064.5 X102.215 Y120.393 E1468.02852
G1 F1860.5 X102.247 Y120.999 E1468.0806
G1 F1889.8 X102.234 Y121.408 E1468.11517
G1 F2105.3 X101.957 Y122.223 E1468.18044
G1 F2400 X101.833 Y122.483 E1468.1996
G1 X101.645 Y122.8 E1468.22412
G1 X102.8 Y122.8 E1468.30095
G1 X102.8 Y121.888 E1468.36162
G1 F2105.3 X102.744 Y121.452 E1468.39495
G1 F1889.8 X102.749 Y120.954 E1468.43703
G1 F1860.5 X102.735 Y120.323 E1468.49119
G1 F2064.5 X102.8 Y119.917 E1468.52298
G1 F2400 X102.8 Y118 E1468.6505
G1 F2123.9 X102.956 Y117.751 E1468.67259
G1 F1904.8 X110 Y117.75 E1469.26298
G1 F2700 E1464.26298
;MESH:NONMESH
G0 F300 Z24.2
G0 F12000 X110 Y117.49
G0 X96.775 Y117.43
G0 X96.775 Y116.335
G0 X96.775 Y95.665
G0 X97.19 Y93.59
;TIME_ELAPSED:1305.573356
;LAYER:60
;TYPE:WALL-INNER
;MESH:motor_cover.stl
G1 F2700 E1469.26298
G1 F2280.3 X96.895 Y93.362 E1469.28909
G1 X96.643 Y93.102 E1469.31444
G1 X96.411 Y92.804 E1469.34088
G1 X96.41 Y93.59 E1469.39591
G1 X97.19 Y93.59 E1469.45052
G0 F12000 X98.273 Y94
G1 F1761.5 X98.67 Y93.863 E1469.48858
G1 F1732.9 X98.35 Y93.687 E1469.52223
G1 F2296.7 X97.859 Y93.504 E1469.55865
G1 F2400 X97.412 Y93.249 E1469.59289
G1 X97.19 Y93.076 E1469.61161
G1 X96.882 Y92.758 E1469.64106
G1 X96.639 Y92.42 E1469.66875
G1 X96.515 Y92.186 E1469.68637
G1 F2519.7 X96.346 Y91.704 E1469.71873
G1 F2727.3 X96.286 Y91.128 E1469.75263
G1 F2790.7 X96.304 Y90.592 E1469.78331
G1 F2637.4 X96.382 Y90.166 E1469.80952
G1 F2513.1 X96.448 Y89.991 E1469.82141
G1 F2594.6 X96 Y89.991 E1469.84897
G1 F2774.6 X95.968 Y90.684 E1469.88889
G1 F2909.1 X95.963 Y91.088 E1469.91106
G1 F2644.6 X96 Y92.278 E1469.98293
G1 F2400 X96 Y94 E1470.09748
G1 F2347.2 X98.273 Y94 E1470.25208
G0 F12000 X98.67 Y93.863
G1 F1445.8 X98.868 Y93.872 E1470.27397
G1 F1461.2 X99.238 Y93.868 E1470.3144
G0 F12000 X99.222 Y93.909
G0 X101.592 Y93.592
G1 F2307.7 X101.592 Y92.792 E1470.36974
G1 X101.438 Y93.01 E1470.38821
G1 X101.243 Y93.232 E1470.40865
G1 X100.816 Y93.591 E1470.44724
G1 X101.592 Y93.592 E1470.50093
G0 F12000 X99.637 Y94.02
G1 F2513.1 X100.152 Y94 E1470.53367
G1 F2400 X102 Y94 E1470.6566
G1 X102 Y91.874 E1470.79802
G1 F2580.6 X102.028 Y91.457 E1470.82388
G1 F2865.7 X102.037 Y90.908 E1470.85447
G1 F2711.9 X102.009 Y89.996 E1470.90818
G1 F2506.5 X101.546 Y89.991 E1470.93767
G1 X101.636 Y90.249 E1470.95508
G1 F2608.7 X101.714 Y90.845 E1470.99186
G1 F2750.7 X101.687 Y91.428 E1471.02574
G1 F2580.6 X101.608 Y91.924 E1471.05681
G1 F2400 X101.349 Y92.429 E1471.09456
G1 X101.034 Y92.876 E1471.13094
G1 X100.595 Y93.244 E1471.16904
G1 X100.132 Y93.508 E1471.2045
G1 F2449 X99.818 Y93.614 E1471.2261
G1 F2566.8 X99.606 Y93.658 E1471.23957
G1 F1875 X99.238 Y93.868 E1471.27564
G1 X99.637 Y94.02 E1471.312
G0 F12000 X102.12 Y94.12
G0 X102.8 Y94.4
G1 F2400 X102.4 Y94 E1471.34963
G1 X102.4 Y89.603 E1471.64212
G1 X100.903 Y89.6 E1471.7417
G1 X101.164 Y90.076 E1471.77781
G1 X101.282 Y90.425 E1471.80232
G1 X101.348 Y90.908 E1471.83474
G1 X101.32 Y91.364 E1471.86513
G1 X101.217 Y91.809 E1471.89552
G1 X101.026 Y92.183 E1471.92345
G1 X100.737 Y92.603 E1471.95737
G1 X100.365 Y92.915 E1471.98966
G1 X100.019 Y93.113 E1472.01618
G1 X99.632 Y93.267 E1472.04389
G1 X99.187 Y93.342 E1472.07391
G1 X98.81 Y93.344 E1472.09899
G1 X98.363 Y93.264 E1472.12919
G1 X97.982 Y93.114 E1472.15643
G1 X97.535 Y92.859 E1472.19066
G1 X97.168 Y92.471 E1472.22619
G1 X96.916 Y92.12 E1472.25493
G1 X96.714 Y91.577 E1472.29347
G1 X96.649 Y91.118 E1472.32431
G1 X96.67 Y90.656 E1472.35507
G1 X96.781 Y90.173 E1472.38804
G1 X97.091 Y89.601 E1472.43132
G1 X95.6 Y89.6 E1472.5305
G1 X95.6 Y94.4 E1472.8498
G1 X102.8 Y94.4 E1473.32874
G1 F2700 E1468.32874
G0 F12000 X102.12 Y94.12
G0 X102.562 Y94.438
G0 X115.438 Y94.438
G0 X116.41 Y93.59
G1 F2700 E1473.32874
G1 F2291.2 X117.169 Y93.59 E1473.38163
G1 X116.678 Y93.151 E1473.42752
G1 X116.409 Y92.799 E1473.45839
G1 X116.41 Y93.59 E1473.51351
G0 F12000 X116 Y94
G1 F2400 X117.885 Y94 E1473.6389
G1 F2060.1 X118.239 Y93.935 E1473.66679
G1 F1553.4 X118.465 Y93.847 E1473.69172
G1 X118.275 Y93.714 E1473.71556
G1 F2060.1 X117.959 Y93.541 E1473.74347
G1 F2400 X117.779 Y93.46 E1473.7566
G1 X117.384 Y93.234 E1473.78688
G1 X116.987 Y92.878 E1473.82235
G1 X116.716 Y92.542 E1473.85106
G1 X116.451 Y92.053 E1473.88806
G1 F2487 X116.321 Y91.584 E1473.9193
G1 F2758.6 X116.286 Y90.996 E1473.95339
G1 F2874.3 X116.317 Y90.55 E1473.97822
G1 F2623 X116.37 Y90.242 E1473.99725
G1 F2487 X116.451 Y89.993 E1474.01405
G1 F2553.2 X116.005 Y89.993 E1474.04194
G1 F2704.2 X115.972 Y90.533 E1474.07388
G1 F2874.3 X115.962 Y90.996 E1474.0996
G1 F2857.1 X115.973 Y91.546 E1474.13034
G1 F2566.8 X116.001 Y92.058 E1474.16223
G1 F2400 X116 Y94 E1474.29142
G0 F12000 X118.465 Y93.847
G1 F1428.6 X119.048 Y93.88 E1474.35667
G1 F1479.2 X119.247 Y93.871 E1474.37817
G0 F12000 X120.824 Y93.59
G1 F2291.2 X121.591 Y93.591 E1474.43162
G1 X121.591 Y92.813 E1474.48583
G1 X121.231 Y93.235 E1474.52448
G1 X120.824 Y93.59 E1474.56211
G0 F12000 X119.678 Y94
G1 F2400 X122 Y94 E1474.71657
G1 X122 Y92.031 E1474.84755
G1 F2594.6 X122.03 Y91.465 E1474.88243
G1 F2874.3 X122.036 Y90.908 E1474.91337
G1 F2696.6 X122.009 Y89.996 E1474.96738
G1 F2506.5 X121.546 Y89.991 E1474.99687
G1 F2594.6 X121.65 Y90.289 E1475.0163
G1 F2742.9 X121.71 Y90.859 E1475.04966
G1 F2696.6 X121.692 Y91.483 E1475.08661
G1 F2493.5 X121.551 Y92.042 E1475.12353
G1 F2400 X121.277 Y92.549 E1475.16186
G1 X120.938 Y92.95 E1475.19679
G1 X120.6 Y93.241 E1475.22646
G1 X120.144 Y93.502 E1475.26141
G1 X119.82 Y93.622 E1475.28439
G1 X119.649 Y93.669 E1475.29619
G1 F1814.7 X119.247 Y93.871 E1475.33577
G1 X119.678 Y94 E1475.37535
G0 F12000 X115.88 Y94.12
G0 X115.263 Y94.401
G1 F2400 X122.8 Y94.4 E1475.87671
G1 X122.4 Y94 E1475.91434
G1 X122.4 Y89.603 E1476.20683
G1 X120.903 Y89.6 E1476.30641
G1 X121.164 Y90.076 E1476.34252
G1 X121.281 Y90.424 E1476.36694
G1 X121.346 Y90.878 E1476.39745
G1 X121.328 Y91.372 E1476.43034
G1 X121.171 Y91.905 E1476.4673
G1 X120.941 Y92.328 E1476.49933
G1 X120.651 Y92.671 E1476.5292
G1 X120.37 Y92.912 E1476.55383
G1 X120.019 Y93.113 E1476.58074
G1 X119.637 Y93.264 E1476.60806
G1 X119.081 Y93.364 E1476.64564
G1 X118.486 Y93.294 E1476.68549
G1 X118.026 Y93.141 E1476.71774
G1 X117.624 Y92.91 E1476.74858
G1 X117.309 Y92.63 E1476.77661
G1 X117.052 Y92.322 E1476.8033
G1 X116.827 Y91.909 E1476.83458
G1 X116.684 Y91.452 E1476.86644
G1 X116.648 Y90.996 E1476.89686
G1 X116.692 Y90.536 E1476.9276
G1 X116.829 Y90.088 E1476.95877
G1 X117.091 Y89.601 E1476.99555
G1 X115.6 Y89.6 E1477.09474
G1 X115.6 Y94 E1477.38742
G1 X115.263 Y94.401 E1477.42227
G0 F12000 X116 Y94.8
;TYPE:WALL-OUTER
G1 F2400 X122 Y94.8 E1477.82139
G1 F2133.3 X123 Y94.75 E1477.89632
G1 F1920 X124.75 Y94.75 E1478.04183
G1 X124.75 Y94.25 E1478.08341
G1 X123 Y94.25 E1478.22892
G1 F2133.3 X122.8 Y94 E1478.25288
G1 F2400 X122.8 Y89.201 E1478.57211
G1 X119.737 Y89.2 E1478.77586
G1 X119.989 Y89.317 E1478.79434
G1 X120.3 Y89.544 E1478.81996
G1 X120.568 Y89.821 E1478.84559
G1 X120.802 Y90.255 E1478.87839
G1 X120.886 Y90.503 E1478.89581
G1 X120.944 Y90.913 E1478.92335
G1 X120.934 Y91.303 E1478.94931
G1 X120.804 Y91.735 E1478.97932
G1 X120.598 Y92.113 E1479.00795
G1 X120.364 Y92.392 E1479.03217
G1 X120.149 Y92.574 E1479.05091
G1 X119.79 Y92.78 E1479.07845
G1 X119.508 Y92.881 E1479.09837
G1 X119.05 Y92.963 E1479.12932
G1 X118.548 Y92.894 E1479.16303
G1 X118.176 Y92.766 E1479.1892
G1 X117.842 Y92.57 E1479.21496
G1 X117.58 Y92.336 E1479.23833
G1 X117.396 Y92.11 E1479.25771
G1 X117.193 Y91.739 E1479.28585
G1 X117.078 Y91.383 E1479.31073
G1 X117.048 Y91.012 E1479.33549
G1 X117.092 Y90.593 E1479.36352
G1 X117.207 Y90.229 E1479.38891
G1 X117.398 Y89.883 E1479.4152
G1 X117.647 Y89.59 E1479.44078
G1 X117.876 Y89.402 E1479.46049
G1 X118.234 Y89.2 E1479.48783
G1 X115.2 Y89.2 E1479.68965
G1 X115.2 Y94 E1480.00895
G1 F2123.9 X115.044 Y94.249 E1480.03104
G1 F1912.4 X103 Y94.25 E1481.0365
G1 F2133.3 X102.8 Y94 E1481.06046
G1 F2400 X102.8 Y89.201 E1481.37969
G1 X99.739 Y89.2 E1481.58331
G1 X99.928 Y89.276 E1481.59686
G1 X100.3 Y89.544 E1481.62736
G1 X100.568 Y89.821 E1481.653
G1 X100.802 Y90.255 E1481.6858
G1 X100.894 Y90.537 E1481.70553
G1 X100.948 Y90.92 E1481.73126
G1 X100.926 Y91.295 E1481.75625
G1 X100.826 Y91.696 E1481.78374
G1 X100.656 Y92.024 E1481.80832
G1 X100.424 Y92.344 E1481.83461
G1 X100.12 Y92.594 E1481.86079
G1 X99.79 Y92.78 E1481.88599
G1 X99.507 Y92.882 E1481.906
G1 X99.148 Y92.944 E1481.93023
G1 X98.833 Y92.942 E1481.95119
G1 X98.458 Y92.872 E1481.97656
G1 X98.18 Y92.766 E1481.99635
G1 X97.783 Y92.54 E1482.02674
G1 X97.512 Y92.26 E1482.05266
G1 X97.273 Y91.931 E1482.07971
G1 X97.101 Y91.457 E1482.11326
G1 X97.053 Y91.116 E1482.13616
G1 X97.068 Y90.726 E1482.16212
G1 X97.159 Y90.315 E1482.19013
G1 X97.398 Y89.883 E1482.22297
G1 X97.647 Y89.59 E1482.24855
G1 X97.876 Y89.402 E1482.26825
G1 X98.234 Y89.2 E1482.2956
G1 X95.2 Y89.2 E1482.49742
G1 X95.2 Y94.8 E1482.86993
G1 X102 Y94.8 E1483.32227
G1 F2133.3 X103 Y94.75 E1483.3972
G1 F1912.4 X115.087 Y94.748 E1484.40626
G1 F2123.9 X116 Y94.8 E1484.475
G0 F12000 X116.21 Y93.79
G1 F2700 E1479.475
G0 F12000 X118.742 Y94.57
G0 X118.742 Y95.665
G0 X118.742 Y116.335
G0 X118.742 Y117.43
G0 X118.742 Y118.133
;TYPE:WALL-INNER
G1 F2700 E1484.475
G1 F1454.5 X119.229 Y118.13 E1484.52845
G1 F1422.2 X119.475 Y118.145 E1484.55612
G0 F12000 X121.59 Y119.194
G1 F2285.7 X121.59 Y118.41 E1484.61088
G1 X120.833 Y118.411 E1484.66375
G1 X121.169 Y118.703 E1484.69484
G1 X121.417 Y118.959 E1484.71974
G1 X121.59 Y119.194 E1484.74012
G0 F12000 X121.842 Y120.406
G1 F1526.2 X121.929 Y120.188 E1484.76467
G1 F2038.2 X122 Y119.927 E1484.78586
G1 F2400 X122 Y118 E1484.91404
G1 F2352.9 X119.867 Y118.001 E1485.05877
G1 F1739.1 X119.475 Y118.145 E1485.09711
G1 F1714.3 X119.791 Y118.351 E1485.13223
G1 F2307.7 X120.372 Y118.606 E1485.17613
G1 F2400 X120.811 Y118.922 E1485.21211
G1 X121.123 Y119.244 E1485.24194
G1 X121.282 Y119.459 E1485.25972
G1 X121.49 Y119.839 E1485.28854
G1 X121.56 Y119.999 E1485.30016
G1 F1720.4 X121.842 Y120.406 E1485.34611
G1 F1399.4 X121.872 Y120.908 E1485.40348
G1 F1450.2 X121.866 Y121.345 E1485.45159
G0 F12000 X121.547 Y122.005
G1 F2474.2 X122.006 Y122.006 E1485.48121
G1 F2513.1 X122.012 Y121.742 E1485.49798
G1 F2133.3 X121.874 Y121.368 E1485.52782
G1 X121.643 Y121.688 E1485.55735
G1 F2513.1 X121.547 Y122.005 E1485.57839
G0 F12000 X121.599 Y120.861
G0 X121.524 Y120.368
G0 X121.22 Y119.473
G0 X120.301 Y118.744
G0 X119.37 Y118.118
G0 X117.433 Y118.818
G0 X116.848 Y119.534
G0 X116.707 Y119.793
G0 X116.135 Y121.318
G1 F1454.5 X116.124 Y120.996 E1485.61376
G1 F1435 X116.145 Y120.533 E1485.66532
G0 F12000 X116.408 Y119.183
G1 F2302.2 X116.766 Y118.762 E1485.70364
G1 X117.174 Y118.408 E1485.7411
G1 X116.408 Y118.408 E1485.79422
G1 X116.408 Y119.183 E1485.84797
G0 F12000 X116.145 Y120.533
G1 F1573.8 X116.266 Y120.342 E1485.8709
G1 F2069 X116.427 Y120.032 E1485.89786
G1 F2400 X116.503 Y119.85 E1485.91098
G1 X116.721 Y119.446 E1485.94151
G1 X117.065 Y119.034 E1485.97722
G1 X117.405 Y118.75 E1486.00669
G1 X117.865 Y118.486 E1486.04197
G1 F2449 X118.187 Y118.38 E1486.06407
G1 F2573.7 X118.368 Y118.343 E1486.07553
G1 F1875 X118.742 Y118.133 E1486.11205
G1 X118.339 Y117.982 E1486.14869
G1 F2513.1 X117.851 Y118.001 E1486.17972
G1 F2400 X116 Y118 E1486.30285
G1 X116 Y119.969 E1486.43382
G1 F2069 X116.064 Y120.312 E1486.46075
G1 F1573.8 X116.145 Y120.533 E1486.48462
G0 F12000 X115.992 Y122.008
G1 F2500 X116.45 Y122.007 E1486.51387
G1 F2539.7 X116.34 Y121.656 E1486.53699
G1 F1839.1 X116.135 Y121.318 E1486.57131
G1 F1846.2 X115.984 Y121.716 E1486.60812
G1 F2553.2 X115.992 Y122.008 E1486.62639
G0 F12000 X115.6 Y122.4
G1 F2400 X117.095 Y122.4 E1486.72584
G1 X116.827 Y121.909 E1486.76305
G1 X116.684 Y121.452 E1486.7949
G1 X116.648 Y120.996 E1486.82533
G1 X116.692 Y120.536 E1486.85607
G1 X116.829 Y120.088 E1486.88723
G1 X117.052 Y119.674 E1486.91851
G1 X117.345 Y119.325 E1486.94882
G1 X117.63 Y119.082 E1486.97374
G1 X118.02 Y118.858 E1487.00365
G1 X118.379 Y118.727 E1487.02907
G1 X118.801 Y118.659 E1487.05751
G1 X119.288 Y118.66 E1487.0899
G1 X119.752 Y118.768 E1487.12159
G1 X120.172 Y118.956 E1487.1522
G1 X120.547 Y119.224 E1487.18286
G1 X120.893 Y119.582 E1487.21598
G1 X121.164 Y120.076 E1487.25346
G1 X121.281 Y120.424 E1487.27789
G1 X121.346 Y120.878 E1487.30839
G1 X121.328 Y121.372 E1487.34128
G1 X121.171 Y121.905 E1487.37824
G1 X120.901 Y122.4 E1487.41575
G1 X122.4 Y122.4 E1487.51546
G1 X122.4 Y118 E1487.80815
G1 X122.737 Y117.599 E1487.84299
G1 X115.2 Y117.6 E1488.34436
G1 X115.6 Y118 E1488.38199
G1 X115.6 Y122.4 E1488.67467
G1 F2700 E1483.67467
G0 F12000 X115.91 Y122.12
G0 X115.438 Y117.562
G0 X102.562 Y117.562
G0 X102.008 Y122.008
G1 F2700 E1488.67467
G1 F2553.2 X102.017 Y121.66 E1488.69644
G1 F1853.3 X101.865 Y121.261 E1488.73322
G1 X101.654 Y121.619 E1488.76902
G1 F2553.2 X101.548 Y122.009 E1488.79429
G1 F2493.5 X102.008 Y122.008 E1488.82374
G0 F12000 X101.865 Y121.261
G1 F1452.3 X101.874 Y120.908 E1488.86256
G1 F1401.5 X101.841 Y120.393 E1488.92135
G0 F12000 X101.59 Y119.194
G1 F2285.7 X101.59 Y118.41 E1488.97611
G1 X100.831 Y118.411 E1489.02912
G1 X101.169 Y118.703 E1489.06032
G1 X101.417 Y118.959 E1489.08521
G1 X101.59 Y119.194 E1489.10559
G0 F12000 X98.63 Y118.116
G0 X96.408 Y119.183
G1 F2302.2 X96.766 Y118.762 E1489.14392
G1 X97.174 Y118.408 E1489.18138
G1 X96.408 Y118.408 E1489.2345
G1 X96.408 Y119.183 E1489.28824
G0 F12000 X96.149 Y120.479
G1 F1705.2 X96.358 Y120.16 E1489.32395
G1 F2313.3 X96.468 Y119.91 E1489.3428
G1 F2400 X96.724 Y119.442 E1489.37828
G1 X97.065 Y119.034 E1489.41365
G1 X97.405 Y118.75 E1489.44312
G1 X97.861 Y118.488 E1489.47811
G1 F2474.2 X98.346 Y118.329 E1489.51104
G1 F2681.6 X99.114 Y118.276 E1489.55687
G1 F2727.3 X99.753 Y118.359 E1489.59459
G1 F2513.1 X100.165 Y118.504 E1489.62234
G1 F2400 X100.391 Y118.623 E1489.63933
G1 X100.812 Y118.923 E1489.67372
G1 X101.123 Y119.244 E1489.70345
G1 X101.282 Y119.459 E1489.72124
G1 X101.49 Y119.839 E1489.75005
G1 X101.56 Y119.999 E1489.76167
G1 F1717.4 X101.841 Y120.393 E1489.80666
G1 F1509.4 X101.923 Y120.188 E1489.83001
G1 F2012.6 X102 Y119.927 E1489.8516
G1 F2400 X102 Y118 E1489.97978
G1 X100.256 Y118 E1490.09579
G1 F2666.7 X99.052 Y117.96 E1490.16791
G1 F2857.1 X98.406 Y117.975 E1490.20402
G1 F2553.2 X97.85 Y118 E1490.23882
G1 F2400 X96 Y118 E1490.36188
G1 X96.001 Y119.792 E1490.48109
G1 F2313.3 X96.015 Y120.122 E1490.50388
G1 F1705.2 X96.149 Y120.479 E1490.53959
G1 F1407.6 X96.135 Y120.684 E1490.56289
G1 F1454.5 X96.126 Y121.088 E1490.60724
G1 F1461.2 X96.132 Y121.246 E1490.62452
G0 F12000 X96.458 Y122.009
G1 F2506.5 X96.364 Y121.754 E1490.64183
G1 F2147.7 X96.342 Y121.641 E1490.65039
G1 F1638.2 X96.132 Y121.246 E1490.69398
G1 F1875 X95.98 Y121.653 E1490.73097
G1 F2580.6 X95.991 Y122.009 E1490.75301
G1 F2506.5 X96.458 Y122.009 E1490.78275
G0 F12000 X96.426 Y120.623
G0 X96.547 Y120.087
G0 X96.848 Y119.534
G0 X97.433 Y118.817
G0 X98.63 Y118.116
G0 X100.212 Y118.681
G0 X101.22 Y119.473
G0 X102.12 Y122.12
G0 X102.4 Y122.4
G1 F2400 X102.4 Y118 E1491.07544
G1 X102.737 Y117.599 E1491.11029
G1 X95.6 Y117.6 E1491.58504
G1 X95.6 Y122.4 E1491.90434
G1 X97.117 Y122.399 E1492.00525
G1 X96.917 Y122.123 E1492.02792
G1 X96.716 Y121.581 E1492.06638
G1 X96.649 Y121.119 E1492.09743
G1 X96.67 Y120.656 E1492.12826
G1 X96.782 Y120.171 E1492.16137
G1 X97.052 Y119.673 E1492.19905
G1 X97.345 Y119.325 E1492.22932
G1 X97.63 Y119.082 E1492.25423
G1 X98.022 Y118.857 E1492.2843
G1 X98.464 Y118.695 E1492.31561
G1 X99.088 Y118.637 E1492.3573
G1 X99.629 Y118.729 E1492.3938
G1 X100.098 Y118.906 E1492.42715
G1 X100.546 Y119.224 E1492.46369
G1 X100.893 Y119.582 E1492.49686
G1 X101.164 Y120.076 E1492.53434
G1 X101.282 Y120.425 E1492.55885
G1 X101.348 Y120.908 E1492.59127
G1 X101.32 Y121.364 E1492.62166
G1 X101.216 Y121.812 E1492.65226
G1 X101.027 Y122.182 E1492.6799
G1 X100.88 Y122.399 E1492.69733
G1 X102.4 Y122.4 E1492.79844
G1 F2700 E1487.79844
G0 F12000 X102.09 Y122.12
G0 X102.562 Y117.562
G0 X110 Y117.49
G0 X110 Y117.75
;TYPE:WALL-OUTER
G1 F2700 E1492.79844
G1 F1916.2 X115 Y117.75 E1493.21503
G1 F2133.3 X115.2 Y118 E1493.23898
G1 F2400 X115.2 Y122.8 E1493.55828
G1 X118.24 Y122.799 E1493.7605
G1 X117.842 Y122.57 E1493.79105
G1 X117.582 Y122.338 E1493.81423
G1 X117.396 Y122.11 E1493.8338
G1 X117.193 Y121.739 E1493.86193
G1 X117.078 Y121.383 E1493.88682
G1 X117.048 Y121.012 E1493.91158
G1 X117.092 Y120.593 E1493.9396
G1 X117.207 Y120.229 E1493.965
G1 X117.398 Y119.883 E1493.99129
G1 X117.632 Y119.604 E1494.01551
G1 X117.847 Y119.422 E1494.03425
G1 X118.176 Y119.23 E1494.05959
G1 X118.495 Y119.114 E1494.08217
G1 X118.845 Y119.057 E1494.10575
G1 X119.262 Y119.065 E1494.1335
G1 X119.642 Y119.157 E1494.15951
G1 X119.989 Y119.317 E1494.18492
G1 X120.3 Y119.544 E1494.21054
G1 X120.568 Y119.821 E1494.23618
G1 X120.802 Y120.255 E1494.26897
G1 X120.886 Y120.503 E1494.28639
G1 X120.944 Y120.913 E1494.31394
G1 X120.934 Y121.303 E1494.33989
G1 X120.804 Y121.735 E1494.3699
G1 X120.598 Y122.113 E1494.39853
G1 X120.349 Y122.406 E1494.42411
G1 X120.12 Y122.594 E1494.44382
G1 X119.757 Y122.799 E1494.47155
G1 X122.8 Y122.8 E1494.67397
G1 X122.8 Y118 E1494.99327
G1 F2123.9 X122.956 Y117.751 E1495.01536
G1 F1912.4 X124.75 Y117.75 E1495.16513
G1 F1920 X124.75 Y117.25 E1495.2067
G1 F1912.4 X122.913 Y117.252 E1495.36006
G1 F2123.9 X122 Y117.2 E1495.4288
G1 F2400 X116 Y117.2 E1495.82792
G1 F2133.3 X115 Y117.25 E1495.90285
G1 F1912.4 X102.913 Y117.252 E1496.91191
G1 F2123.9 X102 Y117.2 E1496.98065
G1 F2400 X95.2 Y117.2 E1497.43299
G1 X95.2 Y122.8 E1497.8055
G1 X98.243 Y122.799 E1498.00792
G1 X97.808 Y122.555 E1498.0411
G1 X97.512 Y122.26 E1498.0689
G1 X97.273 Y121.931 E1498.09595
G1 X97.103 Y121.467 E1498.12882
G1 X97.053 Y121.116 E1498.1524
G1 X97.068 Y120.726 E1498.17836
G1 X97.159 Y120.315 E1498.20637
G1 X97.398 Y119.883 E1498.23921
G1 X97.632 Y119.604 E1498.26343
G1 X97.847 Y119.422 E1498.28217
G1 X98.176 Y119.23 E1498.30751
G1 X98.569 Y119.086 E1498.33535
G1 X99.06 Y119.037 E1498.36817
G1 X99.543 Y119.124 E1498.40082
G1 X99.928 Y119.276 E1498.42835
G1 X100.3 Y119.544 E1498.45885
G1 X100.568 Y119.821 E1498.48449
G1 X100.802 Y120.255 E1498.51729
G1 X100.894 Y120.537 E1498.53702
G1 X100.948 Y120.92 E1498.56275
G1 X100.926 Y121.295 E1498.58774
G1 X100.826 Y121.696 E1498.61523
G1 X100.671 Y122 E1498.63793
G1 X100.437 Y122.334 E1498.66506
G1 X100.12 Y122.594 E1498.69233
G1 X99.757 Y122.799 E1498.72006
G1 X102.8 Y122.8 E1498.92248
G1 X102.8 Y118 E1499.24178
G1 F2123.9 X102.956 Y117.751 E1499.26387
G1 F1904.8 X110 Y117.75 E1499.85426
G1 F2700 E1494.85426
;MESH:NONMESH
G0 F300 Z24.6
G0 F12000 X110 Y117.49
G0 X97.16 Y117.43
G0 X97.16 Y116.335
G0 X97.16 Y95.665
G0 X97.16 Y94.57
G0 X97.16 Y93.589
;TIME_ELAPSED:1330.688417
;LAYER:61
;note -- min layer time used
;TYPE:WALL-INNER
;MESH:motor_cover.stl
G1 F2700 E1499.85426
G1 F1409.1 X96.779 Y93.238 E1499.89053
G1 X96.41 Y92.822 E1499.92946
G1 X96.411 Y93.589 E1499.98316
G1 X97.16 Y93.589 E1500.0356
G0 F12000 X98.119 Y94
G1 F1065 X98.517 Y93.853 E1500.0749
G1 F1048.1 X98.206 Y93.647 E1500.11002
G1 F1389.3 X97.61 Y93.384 E1500.15628
G1 F1450.4 X97.166 Y93.055 E1500.19386
G1 F1483.1 X96.725 Y92.559 E1500.23801
G1 X96.451 Y92.052 E1500.27635
G1 F1540.9 X96.342 Y91.629 E1500.30432
G1 F1657.1 X96.284 Y91.148 E1500.33316
G1 F1734.6 X96.306 Y90.584 E1500.36526
G1 F1652.4 X96.382 Y90.166 E1500.39063
G1 F1553 X96.448 Y89.991 E1500.40251
G1 F1603.3 X96 Y89.991 E1500.43007
G1 F1714.5 X95.967 Y90.672 E1500.46931
G1 F1797.7 X95.962 Y91.088 E1500.49214
G1 F1638.8 X96.001 Y92.037 E1500.54932
G1 F1483.1 X96.001 Y93.999 E1500.67983
G1 F1450.4 X98.119 Y94 E1500.82389
G0 F12000 X98.517 Y93.853
G1 F872.4 X98.768 Y93.868 E1500.85232
G1 F884.1 X99.36 Y93.862 E1500.91839
G0 F12000 X101.591 Y93.591
G1 F1415.8 X101.591 Y92.813 E1500.9726
G1 X101.231 Y93.235 E1501.01125
G1 X100.823 Y93.591 E1501.04898
G1 X101.591 Y93.591 E1501.10249
G0 F12000 X102 Y94
G1 F1483.1 X102 Y91.876 E1501.24378
G1 F1594.7 X102.028 Y91.457 E1501.26976
G1 F1770.8 X102.037 Y90.908 E1501.30035
G1 F1765.6 X102.027 Y90.512 E1501.32248
G1 F1661.7 X101.995 Y89.993 E1501.35336
G1 F1573.6 X101.548 Y89.994 E1501.38138
G1 F1607.7 X101.668 Y90.369 E1501.40554
G1 F1755.1 X101.711 Y90.908 E1501.43594
G1 F1749.9 X101.681 Y91.477 E1501.46806
G1 F1577.7 X101.623 Y91.834 E1501.49067
G1 F1483.1 X101.526 Y92.094 E1501.50913
G1 X101.27 Y92.558 E1501.54438
G1 X100.938 Y92.95 E1501.57856
G1 X100.605 Y93.237 E1501.6078
G1 X100.122 Y93.517 E1501.64494
G1 X99.81 Y93.635 E1501.66713
G1 F1100.6 X99.36 Y93.862 E1501.7123
G1 X99.844 Y93.999 E1501.75739
G1 F1483.1 X102 Y94 E1501.90081
G0 F12000 X102.8 Y94.4
G1 F1483.1 X102.4 Y94 E1501.93844
G1 X102.4 Y89.6 E1502.23113
G1 X100.904 Y89.6 E1502.33064
G1 X101.17 Y90.09 E1502.36773
G1 X101.305 Y90.526 E1502.39809
G1 X101.348 Y90.908 E1502.42366
G1 X101.32 Y91.364 E1502.45405
G1 X101.213 Y91.832 E1502.48599
G1 X100.938 Y92.331 E1502.52389
G1 X100.651 Y92.671 E1502.55349
G1 X100.374 Y92.908 E1502.57774
G1 X99.833 Y93.223 E1502.61938
G1 X99.223 Y93.341 E1502.66071
G1 X98.707 Y93.335 E1502.69504
G1 X98.247 Y93.227 E1502.72647
G1 X97.817 Y93.039 E1502.75769
G1 X97.434 Y92.756 E1502.78936
G1 X97.056 Y92.33 E1502.82725
G1 X96.831 Y91.913 E1502.85877
G1 X96.692 Y91.444 E1502.89131
G1 X96.648 Y91.088 E1502.91517
G1 X96.672 Y90.649 E1502.94441
G1 X96.781 Y90.174 E1502.97683
G1 X97.091 Y89.601 E1503.02017
G1 X95.6 Y89.6 E1503.11935
G1 X95.601 Y94.399 E1503.43858
G1 X102.8 Y94.4 E1503.91746
G0 F12000 X102 Y94.8
;TYPE:WALL-OUTER
G1 F1318.3 X103 Y94.75 E1503.99239
G1 F1186.5 X112.75 Y94.75 E1504.80311
G1 X112.75 Y94.25 E1504.84468
G1 X103 Y94.25 E1505.6554
G1 F1318.3 X102.8 Y94 E1505.67936
G1 F1483.1 X102.8 Y89.2 E1505.99865
G1 X99.735 Y89.2 E1506.20254
G1 X99.994 Y89.322 E1506.22158
G1 X100.302 Y89.551 E1506.24711
G1 X100.62 Y89.916 E1506.27931
G1 X100.804 Y90.26 E1506.30527
G1 X100.908 Y90.596 E1506.32866
G1 X100.947 Y90.882 E1506.34786
G1 X100.926 Y91.295 E1506.37537
G1 X100.836 Y91.688 E1506.40219
G1 X100.598 Y92.113 E1506.43459
G1 X100.364 Y92.392 E1506.45882
G1 X100.149 Y92.574 E1506.47755
G1 X99.691 Y92.843 E1506.51289
G1 X99.199 Y92.938 E1506.54622
G1 X98.734 Y92.931 E1506.57715
G1 X98.359 Y92.84 E1506.60282
G1 X98.039 Y92.7 E1506.62606
G1 X97.694 Y92.446 E1506.65456
G1 X97.375 Y92.079 E1506.6869
G1 X97.196 Y91.739 E1506.71246
G1 X97.085 Y91.369 E1506.73816
G1 X97.048 Y91.076 E1506.7578
G1 X97.073 Y90.691 E1506.78347
G1 X97.16 Y90.315 E1506.80914
G1 X97.398 Y89.883 E1506.84195
G1 X97.647 Y89.59 E1506.86753
G1 X97.876 Y89.402 E1506.88724
G1 X98.231 Y89.199 E1506.91444
G1 X95.2 Y89.2 E1507.11606
G1 X95.201 Y94.799 E1507.48851
G1 X102 Y94.8 E1507.94078
G0 F12000 X101.79 Y93.79
G1 F2700 E1502.94078
G0 F12000 X99.475 Y94.57
G0 X99.475 Y95.665
G0 X99.475 Y116.335
G0 X99.475 Y117.43
G0 X99.475 Y118.145
;TYPE:WALL-INNER
G1 F2700 E1507.94078
G1 F878.9 X99.228 Y118.13 E1507.96856
G1 F901.6 X98.832 Y118.128 E1508.01189
G1 F892.1 X98.636 Y118.136 E1508.03359
G0 F12000 X96.408 Y119.183
G1 F1422.6 X96.766 Y118.762 E1508.07191
G1 X97.173 Y118.409 E1508.10927
G1 X96.408 Y118.408 E1508.16232
G1 X96.408 Y119.183 E1508.21607
G0 F12000 X96.149 Y120.479
G1 F1053.7 X96.358 Y120.16 E1508.25177
G1 F1429.5 X96.468 Y119.91 E1508.27062
G1 F1483.1 X96.724 Y119.442 E1508.30611
G1 X97.064 Y119.035 E1508.34138
G1 X97.407 Y118.748 E1508.37113
G1 X97.882 Y118.476 E1508.40755
G1 X98.188 Y118.362 E1508.42927
G1 F1104.7 X98.636 Y118.136 E1508.47408
G1 X98.154 Y118 E1508.5188
G1 F1483.1 X96 Y118 E1508.66209
G1 X96.001 Y119.792 E1508.78129
G1 F1429.5 X96.015 Y120.122 E1508.80409
G1 F1053.7 X96.149 Y120.479 E1508.83979
G1 F868.6 X96.135 Y120.672 E1508.86177
G1 F900.2 X96.124 Y121.088 E1508.90737
G1 F904.3 X96.132 Y121.277 E1508.92801
G0 F12000 X96.454 Y122.007
G1 F1532.9 X96.372 Y121.757 E1508.94494
G1 F1569.4 X96.343 Y121.629 E1508.95319
G1 F1412.5 X96.263 Y121.519 E1508.96269
G1 F1044.4 X96.132 Y121.277 E1508.98869
G1 F1149.7 X95.984 Y121.682 E1509.02569
G1 F1569.4 X95.993 Y122.007 E1509.04613
G1 F1532.9 X96.454 Y122.007 E1509.0758
G0 F12000 X96.426 Y120.623
G0 X96.547 Y120.087
G0 X96.848 Y119.534
G0 X97.174 Y119.145
G0 X97.489 Y118.881
G0 X98.078 Y118.542
G0 X98.759 Y118.408
G0 X99.318 Y118.416
G0 X99.828 Y118.532
G0 X100.3 Y118.744
G0 X100.731 Y119.054
G0 X101.145 Y119.523
G0 X101.289 Y119.786
G0 X101.865 Y121.261
G1 F897.5 X101.874 Y120.908 E1509.11461
G1 F881.5 X101.853 Y120.512 E1509.159
G0 F12000 X101.589 Y119.174
G1 F1405.8 X101.589 Y118.411 E1509.21254
G1 X100.837 Y118.412 E1509.26532
G1 X101.206 Y118.745 E1509.3002
G1 X101.589 Y119.174 E1509.34056
G0 F12000 X101.846 Y120.53
G1 F1086.5 X101.928 Y120.311 E1509.36179
G1 F1256.8 X102 Y119.959 E1509.38999
G1 F1483.1 X102 Y118 E1509.52031
G1 F1454 X99.87 Y118 E1509.66483
G1 F1074.7 X99.475 Y118.145 E1509.70345
G1 F1059.3 X99.791 Y118.351 E1509.73858
G1 F1426 X100.379 Y118.613 E1509.78312
G1 F1483.1 X100.828 Y118.939 E1509.82003
G1 X101.269 Y119.432 E1509.86403
G1 X101.49 Y119.841 E1509.89495
G1 X101.568 Y120.024 E1509.90819
G1 F1251.5 X101.846 Y120.53 E1509.95369
G0 F12000 X102.008 Y122.008
G1 F1581.9 X102.017 Y121.66 E1509.9754
G1 F1145.2 X101.865 Y121.261 E1510.01219
G1 X101.656 Y121.62 E1510.04797
G1 F1581.9 X101.548 Y122.008 E1510.07309
G1 F1544.9 X102.008 Y122.008 E1510.10246
G0 F12000 X102.4 Y122.4
G1 F1483.1 X102.4 Y118 E1510.39515
G1 X102.737 Y117.599 E1510.42999
G1 X95.6 Y117.6 E1510.90475
G1 X95.6 Y122.4 E1511.22405
G1 X97.096 Y122.401 E1511.32356
G1 X96.831 Y121.913 E1511.3605
G1 X96.692 Y121.444 E1511.39304
G1 X96.648 Y121.088 E1511.4169
G1 X96.672 Y120.649 E1511.44615
G1 X96.782 Y120.172 E1511.47871
G1 X97.052 Y119.673 E1511.51645
G1 X97.345 Y119.325 E1511.54671
G1 X97.63 Y119.082 E1511.57163
G1 X98.165 Y118.775 E1511.61266
G1 X98.772 Y118.655 E1511.65382
G1 X99.291 Y118.661 E1511.68834
G1 X99.756 Y118.769 E1511.7201
G1 X100.183 Y118.965 E1511.75135
G1 X100.562 Y119.24 E1511.7825
G1 X100.937 Y119.661 E1511.82001
G1 X101.169 Y120.087 E1511.85227
G1 X101.305 Y120.526 E1511.88284
G1 X101.348 Y120.908 E1511.90842
G1 X101.32 Y121.364 E1511.93881
G1 X101.217 Y121.824 E1511.97016
G1 X100.9 Y122.4 E1512.0139
G1 X102.4 Y122.4 E1512.11368
G1 F2700 E1507.11368
G0 F12000 X102.09 Y122.12
G0 X102.562 Y117.562
G0 X110 Y117.49
G0 X110 Y117.75
;TYPE:WALL-OUTER
G1 F2700 E1512.11368
G1 F1181.7 X112.75 Y117.75 E1512.34326
G1 F1186.5 X112.75 Y117.25 E1512.38483
G1 F1181.7 X102.913 Y117.252 E1513.20605
G1 F1312.5 X102 Y117.2 E1513.27479
G1 F1483.1 X95.2 Y117.2 E1513.72713
G1 X95.2 Y122.8 E1514.09964
G1 X98.267 Y122.799 E1514.30366
G1 X98.001 Y122.678 E1514.3231
G1 X97.694 Y122.445 E1514.34874
G1 X97.402 Y122.117 E1514.37795
G1 X97.196 Y121.739 E1514.40659
G1 X97.085 Y121.369 E1514.43228
G1 X97.048 Y121.076 E1514.45193
G1 X97.073 Y120.691 E1514.47759
G1 X97.16 Y120.315 E1514.50326
G1 X97.398 Y119.883 E1514.53607
G1 X97.632 Y119.604 E1514.5603
G1 X97.847 Y119.422 E1514.57903
G1 X98.309 Y119.153 E1514.6146
G1 X98.797 Y119.058 E1514.64767
G1 X99.262 Y119.065 E1514.6786
G1 X99.643 Y119.157 E1514.70468
G1 X99.994 Y119.322 E1514.73048
G1 X100.302 Y119.55 E1514.75597
G1 X100.594 Y119.878 E1514.78518
G1 X100.804 Y120.26 E1514.81418
G1 X100.908 Y120.596 E1514.83757
G1 X100.947 Y120.882 E1514.85677
G1 X100.926 Y121.295 E1514.88428
G1 X100.838 Y121.684 E1514.91081
G1 X100.598 Y122.113 E1514.94351
G1 X100.349 Y122.406 E1514.96909
G1 X100.149 Y122.574 E1514.98647
G1 X99.766 Y122.799 E1515.01601
G1 X102.8 Y122.8 E1515.21784
G1 X102.8 Y118 E1515.53713
G1 F1312.5 X102.956 Y117.751 E1515.55922
G1 F1177 X110 Y117.75 E1516.14962
G1 F2700 E1511.14962
;MESH:NONMESH
G0 F300 Z25
G0 F12000 X110 Y117.49
G0 X97.205 Y117.43
G0 X97.205 Y116.335
G0 X97.205 Y95.665
G0 X97.205 Y94.57
G0 X97.205 Y93.59
;TIME_ELAPSED:1346.510542
;LAYER:62
;note -- min layer time used
;TYPE:WALL-INNER
;MESH:motor_cover.stl
G1 F2700 E1516.14962
G1 F1420.6 X96.829 Y93.294 E1516.18296
G1 X96.565 Y93.024 E1516.20927
G1 X96.41 Y92.802 E1516.22814
G1 X96.41 Y93.59 E1516.28305
G1 X97.205 Y93.59 E1516.33844
G0 F12000 X98.132 Y94
G1 F1068.6 X98.53 Y93.852 E1516.37778
G1 F1051.6 X98.217 Y93.65 E1516.41284
G1 F1424 X97.626 Y93.391 E1516.45769
G1 F1488 X97.181 Y93.069 E1516.49423
G1 X96.88 Y92.762 E1516.52283
G1 X96.619 Y92.376 E1516.55383
G1 X96.448 Y92.044 E1516.57867
G1 F1542 X96.321 Y91.584 E1516.6093
G1 F1710.4 X96.286 Y90.996 E1516.64339
G1 F1782.1 X96.317 Y90.55 E1516.66823
G1 F1626.3 X96.37 Y90.242 E1516.68725
G1 F1542 X96.451 Y89.993 E1516.70406
G1 F1583 X96.005 Y89.993 E1516.73194
G1 F1676.7 X95.972 Y90.533 E1516.76388
G1 F1782.1 X95.962 Y90.996 E1516.78961
G1 F1771.5 X95.973 Y91.546 E1516.82034
G1 F1591.5 X96.001 Y92.058 E1516.85224
G1 F1488 X96.001 Y93.999 E1516.98135
G1 F1455.3 X98.132 Y94 E1517.1263
G0 F12000 X98.53 Y93.852
G1 F883.1 X99.064 Y93.874 E1517.1862
G1 F907.3 X99.21 Y93.869 E1517.20214
G0 F12000 X101.591 Y93.591
G1 F1420.6 X101.591 Y92.813 E1517.25635
G1 X101.231 Y93.235 E1517.295
G1 X100.824 Y93.59 E1517.33263
G1 X101.591 Y93.591 E1517.38608
G0 F12000 X99.609 Y94.02
G1 F1558.1 X100.146 Y93.999 E1517.42022
G1 F1488 X102 Y94 E1517.54355
G1 X102 Y92.031 E1517.67452
G1 F1608.7 X102.03 Y91.465 E1517.7094
G1 F1782.1 X102.036 Y90.908 E1517.74034
G1 F1671.9 X102.009 Y89.996 E1517.79436
G1 F1554.1 X101.546 Y89.991 E1517.82385
G1 F1608.7 X101.65 Y90.289 E1517.84327
G1 F1700.6 X101.71 Y90.859 E1517.87663
G1 F1671.9 X101.692 Y91.483 E1517.91359
G1 F1546 X101.551 Y92.042 E1517.9505
G1 F1488 X101.277 Y92.549 E1517.98883
G1 X100.938 Y92.95 E1518.02376
G1 X100.6 Y93.241 E1518.05343
G1 X100.128 Y93.511 E1518.0896
G1 F1518.4 X99.809 Y93.616 E1518.1115
G1 F1591.5 X99.581 Y93.66 E1518.12594
G1 F1162.5 X99.21 Y93.869 E1518.1622
G1 X99.609 Y94.02 E1518.19852
G0 F12000 X102.12 Y94.12
G0 X102.8 Y94.4
G1 F1488 X102.4 Y94 E1518.23615
G1 X102.4 Y89.603 E1518.52864
G1 X100.903 Y89.6 E1518.62822
G1 X101.164 Y90.076 E1518.66433
G1 X101.281 Y90.424 E1518.68876
G1 X101.346 Y90.878 E1518.71926
G1 X101.328 Y91.372 E1518.75215
G1 X101.171 Y91.905 E1518.78911
G1 X100.941 Y92.328 E1518.82114
G1 X100.651 Y92.671 E1518.85101
G1 X100.37 Y92.912 E1518.87564
G1 X99.975 Y93.138 E1518.90591
G1 X99.617 Y93.269 E1518.93127
G1 X99.1 Y93.351 E1518.96609
G1 X98.649 Y93.318 E1518.99617
G1 X98.252 Y93.229 E1519.02324
G1 X97.823 Y93.04 E1519.05442
G1 X97.484 Y92.795 E1519.08224
G1 X97.195 Y92.513 E1519.1091
G1 X96.974 Y92.192 E1519.13503
G1 X96.813 Y91.864 E1519.15933
G1 X96.684 Y91.452 E1519.18805
G1 X96.648 Y90.996 E1519.21848
G1 X96.692 Y90.536 E1519.24922
G1 X96.829 Y90.088 E1519.28038
G1 X97.091 Y89.601 E1519.31717
G1 X95.6 Y89.6 E1519.41635
G1 X95.601 Y94.399 E1519.73558
G1 X102.8 Y94.4 E1520.21446
G0 F12000 X102 Y94.8
;TYPE:WALL-OUTER
G1 F1322.7 X103 Y94.75 E1520.28939
G1 F1190.4 X112.75 Y94.75 E1521.1001
G1 X112.75 Y94.25 E1521.14168
G1 X103 Y94.25 E1521.9524
G1 F1322.7 X102.8 Y94 E1521.97635
G1 F1488 X102.8 Y89.201 E1522.29559
G1 X99.737 Y89.2 E1522.49934
G1 X99.989 Y89.317 E1522.51782
G1 X100.3 Y89.544 E1522.54343
G1 X100.568 Y89.821 E1522.56907
G1 X100.802 Y90.255 E1522.60187
G1 X100.886 Y90.503 E1522.61929
G1 X100.944 Y90.913 E1522.64683
G1 X100.934 Y91.303 E1522.67278
G1 X100.804 Y91.735 E1522.70279
G1 X100.598 Y92.113 E1522.73143
G1 X100.364 Y92.392 E1522.75565
G1 X100.149 Y92.574 E1522.77439
G1 X99.82 Y92.766 E1522.79973
G1 X99.5 Y92.882 E1522.82237
G1 X99.09 Y92.947 E1522.84998
G1 X98.736 Y92.928 E1522.87357
G1 X98.396 Y92.852 E1522.89674
G1 X98.006 Y92.679 E1522.92512
G1 X97.718 Y92.471 E1522.94875
G1 X97.493 Y92.24 E1522.9702
G1 X97.33 Y92.008 E1522.98907
G1 X97.193 Y91.739 E1523.00915
G1 X97.078 Y91.383 E1523.03403
G1 X97.048 Y91.012 E1523.05879
G1 X97.092 Y90.593 E1523.08682
G1 X97.207 Y90.229 E1523.11221
G1 X97.398 Y89.883 E1523.1385
G1 X97.647 Y89.59 E1523.16408
G1 X97.876 Y89.402 E1523.18379
G1 X98.234 Y89.2 E1523.21113
G1 X95.2 Y89.2 E1523.41295
G1 X95.201 Y94.799 E1523.7854
G1 X102 Y94.8 E1524.23767
G0 F12000 X101.79 Y93.79
G1 F2700 E1519.23767
G0 F12000 X99.475 Y94.57
G0 X99.475 Y95.665
G0 X99.475 Y116.335
G0 X99.475 Y117.43
G0 X99.475 Y118.145
;TYPE:WALL-INNER
G1 F2700 E1524.23767
G1 F881.8 X99.229 Y118.13 E1524.26534
G1 F901.8 X98.742 Y118.133 E1524.31879
G0 F12000 X96.408 Y119.183
G1 F1427.4 X96.766 Y118.762 E1524.35711
G1 X97.174 Y118.408 E1524.39457
G1 X96.408 Y118.408 E1524.44769
G1 X96.408 Y119.183 E1524.50144
G0 F12000 X96.145 Y120.533
G1 F975.8 X96.266 Y120.342 E1524.52437
G1 F1282.8 X96.427 Y120.032 E1524.55133
G1 F1488 X96.503 Y119.85 E1524.56445
G1 X96.721 Y119.446 E1524.59499
G1 X97.065 Y119.034 E1524.63069
G1 X97.405 Y118.75 E1524.66016
G1 X97.865 Y118.486 E1524.69544
G1 F1518.4 X98.187 Y118.38 E1524.71754
G1 F1595.7 X98.368 Y118.343 E1524.729
G1 F1162.5 X98.742 Y118.133 E1524.76552
G1 X98.339 Y117.982 E1524.80216
G1 F1558.1 X97.851 Y118.001 E1524.83319
G1 F1488 X96 Y118 E1524.95632
G1 X96 Y119.969 E1525.08729
G1 F1282.8 X96.064 Y120.312 E1525.11422
G1 F975.8 X96.145 Y120.533 E1525.1381
G1 F889.7 X96.124 Y120.996 E1525.18966
G1 F901.8 X96.135 Y121.318 E1525.22502
G0 F12000 X96.45 Y122.007
G1 F1574.6 X96.34 Y121.656 E1525.24814
G1 F1140.3 X96.135 Y121.318 E1525.28246
G1 F1144.6 X95.984 Y121.716 E1525.31927
G1 F1583 X95.992 Y122.008 E1525.33754
G1 F1550 X96.45 Y122.007 E1525.36679
G0 F12000 X96.398 Y120.991
G0 X96.448 Y120.486
G0 X96.6 Y119.991
G0 X96.848 Y119.534
G0 X97.433 Y118.818
G0 X99.37 Y118.118
G0 X100.713 Y119.041
G0 X101.22 Y119.473
G0 X101.866 Y121.345
G1 F899.1 X101.872 Y120.908 E1525.4149
G1 F867.7 X101.842 Y120.406 E1525.47227
G0 F12000 X101.59 Y119.194
G1 F1417.2 X101.59 Y118.41 E1525.52703
G1 X100.833 Y118.411 E1525.5799
G1 X101.169 Y118.703 E1525.611
G1 X101.417 Y118.959 E1525.63589
G1 X101.59 Y119.194 E1525.65627
G0 F12000 X101.842 Y120.406
G1 F946.3 X101.929 Y120.188 E1525.68083
G1 F1263.7 X102 Y119.927 E1525.70201
G1 F1488 X102 Y118 E1525.8302
G1 F1458.9 X99.867 Y118.001 E1525.97492
G1 F1078.3 X99.475 Y118.145 E1526.01326
G1 F1062.9 X99.791 Y118.351 E1526.04839
G1 F1430.8 X100.372 Y118.606 E1526.09228
G1 F1488 X100.811 Y118.922 E1526.12826
G1 X101.123 Y119.244 E1526.15809
G1 X101.282 Y119.459 E1526.17588
G1 X101.49 Y119.839 E1526.20469
G1 X101.56 Y119.999 E1526.21631
G1 F1066.7 X101.842 Y120.406 E1526.26226
G0 F12000 X102.006 Y122.006
G1 F1558.1 X102.012 Y121.742 E1526.27903
G1 F1322.7 X101.874 Y121.368 E1526.30887
G1 X101.643 Y121.688 E1526.3384
G1 F1558.1 X101.547 Y122.005 E1526.35944
G1 F1534.1 X102.006 Y122.006 E1526.38906
G0 F12000 X102.4 Y122.4
G1 F1488 X102.4 Y118 E1526.68175
G1 X102.737 Y117.599 E1526.71659
G1 X95.6 Y117.6 E1527.19135
G1 X95.6 Y122.4 E1527.51065
G1 X97.115 Y122.399 E1527.61142
G1 X96.975 Y122.192 E1527.62805
G1 X96.813 Y121.864 E1527.65238
G1 X96.684 Y121.452 E1527.6811
G1 X96.648 Y120.996 E1527.71153
G1 X96.692 Y120.536 E1527.74227
G1 X96.829 Y120.088 E1527.77343
G1 X97.052 Y119.674 E1527.80471
G1 X97.345 Y119.325 E1527.83502
G1 X97.63 Y119.082 E1527.85994
G1 X98.02 Y118.858 E1527.88985
G1 X98.379 Y118.727 E1527.91528
G1 X98.801 Y118.659 E1527.94371
G1 X99.288 Y118.66 E1527.9761
G1 X99.752 Y118.768 E1528.0078
G1 X100.172 Y118.956 E1528.03841
G1 X100.547 Y119.224 E1528.06907
G1 X100.893 Y119.582 E1528.10218
G1 X101.164 Y120.076 E1528.13967
G1 X101.281 Y120.424 E1528.16409
G1 X101.346 Y120.878 E1528.1946
G1 X101.328 Y121.372 E1528.22748
G1 X101.171 Y121.905 E1528.26444
G1 X100.901 Y122.4 E1528.30195
G1 X102.4 Y122.4 E1528.40166
G1 F2700 E1523.40166
G0 F12000 X102.09 Y122.12
G0 X102.562 Y117.562
G0 X110 Y117.49
G1 F2700 E1528.40166
G0 F12000 X110 Y117.75
G0 E1523.40166
;TYPE:WALL-OUTER
G1 F2700 E1528.40166
G1 F1185.7 X112.75 Y117.75 E1528.63124
G1 F1190.4 X112.75 Y117.25 E1528.67281
G1 F1185.7 X102.913 Y117.252 E1529.49404
G1 F1316.8 X102 Y117.2 E1529.56278
G1 F1488 X95.2 Y117.2 E1530.01511
G1 X95.2 Y122.8 E1530.38763
G1 X98.271 Y122.799 E1530.59191
G1 X98.043 Y122.7 E1530.60845
G1 X97.693 Y122.449 E1530.6371
G1 X97.492 Y122.24 E1530.65638
G1 X97.345 Y122.033 E1530.67327
G1 X97.193 Y121.739 E1530.69529
G1 X97.078 Y121.383 E1530.72018
G1 X97.048 Y121.012 E1530.74494
G1 X97.092 Y120.593 E1530.77296
G1 X97.207 Y120.229 E1530.79835
G1 X97.398 Y119.883 E1530.82464
G1 X97.632 Y119.604 E1530.84887
G1 X97.847 Y119.422 E1530.8676
G1 X98.176 Y119.23 E1530.89294
G1 X98.495 Y119.114 E1530.91552
G1 X98.845 Y119.057 E1530.93911
G1 X99.262 Y119.065 E1530.96686
G1 X99.642 Y119.157 E1530.99286
G1 X99.989 Y119.317 E1531.01828
G1 X100.3 Y119.544 E1531.04389
G1 X100.568 Y119.821 E1531.06953
G1 X100.802 Y120.255 E1531.10233
G1 X100.886 Y120.503 E1531.11975
G1 X100.944 Y120.913 E1531.14729
G1 X100.934 Y121.303 E1531.17325
G1 X100.804 Y121.735 E1531.20326
G1 X100.598 Y122.113 E1531.23189
G1 X100.349 Y122.406 E1531.25747
G1 X100.12 Y122.594 E1531.27718
G1 X99.757 Y122.799 E1531.30491
G1 X102.8 Y122.8 E1531.50733
G1 X102.8 Y118 E1531.82663
G1 F1316.8 X102.956 Y117.751 E1531.84871
G1 F1181 X110 Y117.75 E1532.43911
;TIME_ELAPSED:1361.533725
G1 F2700 E1527.43911
M140 S0
M107
G91 ;Relative positioning
G1 E-2 F2700 ;Retract a bit
G1 E-2 Z0.2 F2400 ;Retract and raise Z
G1 X5 Y5 F3000 ;Wipe out
G1 Z10 ;Raise Z more
G90 ;Absolute positioning

G28 X0 Y0 ;Present print
M106 S0 ;Turn-off fan
M104 S0 ;Turn-off hotend
M140 S0 ;Turn-off bed

M84 X Y E ;Disable all steppers but Z

M82 ;absolute extrusion mode
M104 S0
;End of Gcode
;SETTING_3 {"global_quality": "[general]\\nversion = 4\\nname = PLA - no adhesio
;SETTING_3 n\\ndefinition = creality_ender5\\n\\n[metadata]\\ntype = quality_cha
;SETTING_3 nges\\nquality_type = standard\\nsetting_version = 27\\n\\n[values]\\
;SETTING_3 nadhesion_type = none\\nlayer_height = 0.4\\nmaterial_bed_temperature
;SETTING_3  = 55\\nmaterial_bed_temperature_layer_0 = 65\\nsupport_enable = True
;SETTING_3 \\nsupport_type = buildplate\\n\\n", "extruder_quality": ["[general]\
;SETTING_3 \nversion = 4\\nname = PLA - no adhesion\\ndefinition = creality_ende
;SETTING_3 r5\\n\\n[metadata]\\ntype = quality_changes\\nquality_type = standard
;SETTING_3 \\nintent_category = default\\nposition = 0\\nsetting_version = 27\\n
;SETTING_3 \\n[values]\\nmaterial_print_temperature_layer_0 = 205.0\\nspeed_laye
;SETTING_3 r_0 = 10\\nsupport_angle = 80\\nsupport_interface_height = 1\\n\\n"]}
