;FLAVOR:Marlin
;TIME:1738
;Filament used: 1.68835m
;Layer height: 0.4
;MINX:87.2
;MINY:70.557
;MINZ:0.2
;MAXX:132.8
;MAXY:151.157
;MAXZ:9.8
;TARGET_MACHINE.NAME:Creality Ender-5
;Generated with Cura_SteamEngine 5.10.0
M140 S55
M105
M190 S55
M104 S205
M105
M109 S205
M201 X500.00 Y500.00 Z100.00 E5000.00 ;Setup machine max acceleration
M203 X500.00 Y500.00 Z10.00 E50.00 ;Setup machine max feedrate
M204 P500.00 R1000.00 T500.00 ;Setup Print/Retract/Travel acceleration
M205 X8.00 Y8.00 Z0.40 E5.00 ;Setup Jerk
M220 S100 ;Reset Feedrate
M221 S100 ;Reset Flowrate

G28 ;Home

G92 E0 ;Reset Extruder
G1 Z2.0 F3000 ;Move Z Axis up
G1 X10.1 Y20 Z0.28 F5000.0 ;Move to start position
G1 X10.1 Y200.0 Z0.28 F1500.0 E15 ;Draw the first line
G1 X10.4 Y200.0 Z0.28 F5000.0 ;Move to side a little
G1 X10.4 Y20 Z0.28 F1500.0 E30 ;Draw the second line
G92 E0 ;Reset Extruder
G1 Z2.0 F3000 ;Move Z Axis up

M82 ;absolute extrusion mode
G92 E0
G92 E0
G1 F2700 E-5
;LAYER_COUNT:25
;LAYER:0
M107
G0 F6000 X88.719 Y73.58 Z0.2
;TYPE:SKIRT
G1 F2700 E0
G1 F900 X90.28 Y72.121 E0.07107
G1 X92.303 Y70.914 E0.14942
G1 X94.021 Y70.632 E0.20732
G1 X125.853 Y70.557 E1.26606
G1 X127.749 Y71.023 E1.331
G1 X129.777 Y72.076 E1.407
G1 X131.236 Y73.637 E1.47807
G1 X132.443 Y75.66 E1.55642
G1 X132.725 Y77.378 E1.61433
G1 X132.8 Y144.21 E3.83717
G1 X132.334 Y146.106 E3.90211
G1 X131.281 Y148.134 E3.97811
G1 X129.72 Y149.593 E4.04918
G1 X127.697 Y150.8 E4.12753
G1 X125.979 Y151.082 E4.18543
G1 X94.147 Y151.157 E5.24417
G1 X92.251 Y150.691 E5.30911
G1 X90.223 Y149.638 E5.38511
G1 X88.764 Y148.077 E5.45618
G1 X87.557 Y146.054 E5.53453
G1 X87.275 Y144.336 E5.59243
G1 X87.2 Y77.504 E7.81528
G1 X87.666 Y75.608 E7.88022
G1 X88.719 Y73.58 E7.95622
G0 F6000 X89.042 Y73.825
G1 F900 X90.519 Y72.445 E8.02345
G1 X92.443 Y71.297 E8.09797
G1 X94.086 Y71.027 E8.15335
G1 X125.807 Y70.957 E9.20839
G1 X127.606 Y71.399 E9.27001
G1 X129.532 Y72.399 E9.34219
G1 X130.912 Y73.876 E9.40942
G1 X132.06 Y75.8 E9.48394
G1 X132.33 Y77.443 E9.53932
G1 X132.4 Y144.164 E11.75847
G1 X131.958 Y145.963 E11.82008
G1 X130.958 Y147.889 E11.89226
G1 X129.481 Y149.269 E11.95949
G1 X127.557 Y150.417 E12.03401
G1 X125.914 Y150.687 E12.08939
G1 X94.193 Y150.757 E13.14444
G1 X92.394 Y150.315 E13.20605
G1 X90.468 Y149.315 E13.27823
G1 X89.088 Y147.838 E13.34546
G1 X87.94 Y145.914 E13.41998
G1 X87.67 Y144.271 E13.47536
G1 X87.6 Y77.55 E15.69451
G1 X88.042 Y75.751 E15.75612
G1 X89.042 Y73.825 E15.8283
G0 F6000 X89.365 Y74.07
G1 F900 X90.761 Y72.766 E15.89184
G1 X92.581 Y71.68 E15.96233
G1 X94.151 Y71.422 E16.01525
G1 X125.76 Y71.357 E17.06657
G1 X127.464 Y71.776 E17.12493
G1 X129.287 Y72.722 E17.19324
G1 X130.591 Y74.118 E17.25678
G1 X131.677 Y75.938 E17.32727
G1 X131.935 Y77.508 E17.38019
G1 X132 Y144.117 E19.59562
G1 X131.581 Y145.821 E19.65398
G1 X130.635 Y147.644 E19.72229
G1 X129.239 Y148.948 E19.78583
G1 X127.419 Y150.034 E19.85632
G1 X125.849 Y150.292 E19.90924
G1 X94.24 Y150.357 E20.96056
G1 X92.536 Y149.938 E21.01892
G1 X90.713 Y148.992 E21.08723
G1 X89.409 Y147.596 E21.15077
G1 X88.323 Y145.776 E21.22126
G1 X88.065 Y144.206 E21.27418
G1 X88 Y77.597 E23.4896
G1 X88.419 Y75.893 E23.54797
G1 X89.365 Y74.07 E23.61628
G0 F6000 X89.688 Y74.315
G1 F900 X91.003 Y73.087 E23.67612
G1 X92.719 Y72.063 E23.74259
G1 X94.216 Y71.817 E23.79304
G1 X125.714 Y71.757 E24.84067
G1 X127.321 Y72.152 E24.89571
G1 X129.042 Y73.045 E24.9602
G1 X130.27 Y74.36 E25.02004
G1 X131.294 Y76.076 E25.08651
G1 X131.54 Y77.573 E25.13697
G1 X131.6 Y144.071 E27.3487
G1 X131.205 Y145.678 E27.40374
G1 X130.312 Y147.399 E27.46823
G1 X128.997 Y148.627 E27.52807
G1 X127.281 Y149.651 E27.59453
G1 X125.784 Y149.897 E27.64499
G1 X94.286 Y149.957 E28.69262
G1 X92.679 Y149.562 E28.74766
G1 X90.958 Y148.669 E28.81215
G1 X89.73 Y147.354 E28.87199
G1 X88.706 Y145.638 E28.93846
G1 X88.46 Y144.141 E28.98891
G1 X88.4 Y77.643 E31.20065
G1 X88.795 Y76.036 E31.25569
G1 X89.688 Y74.315 E31.32017
G0 F6000 X90.011 Y74.56
G1 F900 X91.245 Y73.408 E31.37632
G1 X92.857 Y72.446 E31.43876
G1 X94.281 Y72.212 E31.48676
G1 X125.668 Y72.157 E32.53069
G1 X127.178 Y72.528 E32.58241
G1 X128.797 Y73.368 E32.64308
G1 X129.949 Y74.602 E32.69922
G1 X130.911 Y76.214 E32.76166
G1 X131.145 Y77.638 E32.80966
G1 X131.2 Y144.025 E35.0177
G1 X130.829 Y145.535 E35.06942
G1 X129.989 Y147.154 E35.13008
G1 X128.755 Y148.306 E35.18623
G1 X127.143 Y149.268 E35.24867
G1 X125.719 Y149.502 E35.29666
G1 X94.332 Y149.557 E36.3406
G1 X92.822 Y149.186 E36.39232
G1 X91.203 Y148.346 E36.45298
G1 X90.051 Y147.112 E36.50913
G1 X89.089 Y145.5 E36.57157
G1 X88.855 Y144.076 E36.61956
G1 X88.8 Y77.689 E38.82761
G1 X89.171 Y76.179 E38.87932
G1 X90.011 Y74.56 E38.93999
G0 F6000 X90.334 Y74.805
G1 F900 X91.487 Y73.729 E38.99244
G1 X92.995 Y72.829 E39.05085
G1 X94.346 Y72.607 E39.09639
G1 X125.621 Y72.557 E40.1366
G1 X127.036 Y72.905 E40.18507
G1 X128.552 Y73.691 E40.24186
G1 X129.628 Y74.844 E40.29432
G1 X130.528 Y76.352 E40.35273
G1 X130.75 Y77.703 E40.39826
G1 X130.8 Y143.978 E42.60258
G1 X130.452 Y145.393 E42.65104
G1 X129.666 Y146.909 E42.70784
G1 X128.513 Y147.985 E42.76029
G1 X127.005 Y148.885 E42.8187
G1 X125.654 Y149.107 E42.86424
G1 X94.379 Y149.157 E43.90445
G1 X92.964 Y148.809 E43.95292
G1 X91.448 Y148.023 E44.00972
G1 X90.372 Y146.87 E44.06217
G1 X89.472 Y145.362 E44.12058
G1 X89.25 Y144.011 E44.16612
G1 X89.2 Y77.736 E46.37043
G1 X89.548 Y76.321 E46.4189
G1 X90.334 Y74.805 E46.47569
G0 F6000 X90.657 Y75.05
G1 F900 X91.729 Y74.05 E46.52445
G1 X93.133 Y73.212 E46.57884
G1 X94.411 Y73.002 E46.62191
G1 X125.575 Y72.957 E47.65843
G1 X126.893 Y73.281 E47.70358
G1 X128.307 Y74.014 E47.75655
G1 X129.307 Y75.086 E47.80531
G1 X130.145 Y76.49 E47.85969
G1 X130.355 Y77.768 E47.90277
G1 X130.4 Y143.932 E50.10339
G1 X130.076 Y145.25 E50.14853
G1 X129.343 Y146.664 E50.20151
G1 X128.271 Y147.664 E50.25027
G1 X126.867 Y148.502 E50.30465
G1 X125.589 Y148.712 E50.34773
G1 X94.425 Y148.757 E51.38425
G1 X93.107 Y148.433 E51.42939
G1 X91.693 Y147.7 E51.48236
G1 X90.693 Y146.628 E51.53112
G1 X89.855 Y145.224 E51.5855
G1 X89.645 Y143.946 E51.62858
G1 X89.6 Y77.782 E53.8292
G1 X89.924 Y76.464 E53.87435
G1 X90.657 Y75.05 E53.92732
G0 F6000 X90.979 Y75.297
G1 F900 X91.974 Y74.369 E53.97257
G1 X93.271 Y73.595 E54.02281
G1 X94.476 Y73.397 E54.06342
G1 X125.529 Y73.357 E55.09625
G1 X126.75 Y73.657 E55.13807
G1 X128.06 Y74.336 E55.18715
G1 X128.988 Y75.331 E55.2324
G1 X129.762 Y76.628 E55.28264
G1 X129.96 Y77.833 E55.32325
G1 X130 Y143.886 E57.52018
G1 X129.7 Y145.107 E57.562
G1 X129.021 Y146.417 E57.61108
G1 X128.026 Y147.345 E57.65633
G1 X126.729 Y148.119 E57.70657
G1 X125.524 Y148.317 E57.74718
G1 X94.471 Y148.357 E58.78001
G1 X93.25 Y148.057 E58.82183
G1 X91.94 Y147.378 E58.87091
G1 X91.012 Y146.383 E58.91616
G1 X90.238 Y145.086 E58.96639
G1 X90.04 Y143.881 E59.00701
G1 X90 Y77.828 E61.20394
G1 X90.3 Y76.607 E61.24576
G1 X90.979 Y75.297 E61.29484
G0 F6000 X91.301 Y75.544
G1 F900 X92.216 Y74.691 E61.33644
G1 X93.411 Y73.978 E61.38273
G1 X94.541 Y73.792 E61.42082
G1 X125.483 Y73.757 E62.44995
G1 X126.607 Y74.033 E62.48845
G1 X127.813 Y74.658 E62.53362
G1 X128.666 Y75.573 E62.57523
G1 X129.379 Y76.768 E62.62151
G1 X129.565 Y77.898 E62.6596
G1 X129.6 Y143.84 E64.85284
G1 X129.324 Y144.964 E64.89134
G1 X128.699 Y146.17 E64.93652
G1 X127.784 Y147.023 E64.97812
G1 X126.589 Y147.736 E65.02441
G1 X125.459 Y147.922 E65.0625
G1 X94.517 Y147.957 E66.09163
G1 X93.393 Y147.681 E66.13013
G1 X92.187 Y147.056 E66.1753
G1 X91.334 Y146.141 E66.21691
G1 X90.621 Y144.946 E66.26319
G1 X90.435 Y143.816 E66.30128
G1 X90.4 Y77.874 E68.49452
G1 X90.676 Y76.75 E68.53302
G1 X91.301 Y75.544 E68.5782
G0 F6000 X91.623 Y75.791
G1 F900 X92.458 Y75.013 E68.61616
G1 X93.551 Y74.361 E68.65849
G1 X94.606 Y74.187 E68.69405
G1 X125.436 Y74.157 E69.71946
G1 X126.465 Y74.41 E69.7547
G1 X127.566 Y74.98 E69.79594
G1 X128.344 Y75.815 E69.8339
G1 X128.996 Y76.908 E69.87623
G1 X129.17 Y77.963 E69.91179
G1 X129.2 Y143.793 E72.10131
G1 X128.947 Y144.822 E72.13655
G1 X128.377 Y145.923 E72.17779
G1 X127.542 Y146.701 E72.21575
G1 X126.449 Y147.353 E72.25808
G1 X125.394 Y147.527 E72.29364
G1 X94.564 Y147.557 E73.31905
G1 X93.535 Y147.304 E73.35429
G1 X92.434 Y146.734 E73.39553
G1 X91.656 Y145.899 E73.43349
G1 X91.004 Y144.806 E73.47582
G1 X90.83 Y143.751 E73.51138
G1 X90.8 Y77.921 E75.7009
G1 X91.053 Y76.892 E75.73614
G1 X91.623 Y75.791 E75.77738
G0 F6000 X91.945 Y76.038
G1 F900 X92.7 Y75.335 E75.81169
G1 X93.691 Y74.744 E75.85007
G1 X94.671 Y74.582 E75.8831
G1 X125.39 Y74.557 E76.90482
G1 X126.322 Y74.786 E76.93674
G1 X127.319 Y75.302 E76.97408
G1 X128.022 Y76.057 E77.00839
G1 X128.613 Y77.048 E77.04677
G1 X128.775 Y78.028 E77.07981
G1 X128.8 Y143.747 E79.26563
G1 X128.571 Y144.679 E79.29755
G1 X128.055 Y145.676 E79.33489
G1 X127.3 Y146.379 E79.3692
G1 X126.309 Y146.97 E79.40758
G1 X125.329 Y147.132 E79.44061
G1 X94.61 Y147.157 E80.46233
G1 X93.678 Y146.928 E80.49425
G1 X92.681 Y146.412 E80.53159
G1 X91.978 Y145.657 E80.5659
G1 X91.387 Y144.666 E80.60428
G1 X91.225 Y143.686 E80.63732
G1 X91.2 Y77.967 E82.82314
G1 X91.429 Y77.035 E82.85506
G1 X91.945 Y76.038 E82.8924
G0 F6000 X92.268 Y76.283
G1 F900 X92.939 Y75.659 E82.92288
G1 X93.831 Y75.127 E82.95742
G1 X94.736 Y74.977 E82.98793
G1 X125.344 Y74.957 E84.00596
G1 X126.179 Y75.162 E84.03455
G1 X127.074 Y75.625 E84.06807
G1 X127.698 Y76.296 E84.09855
G1 X128.23 Y77.188 E84.13309
G1 X128.38 Y78.093 E84.1636
G1 X128.4 Y143.701 E86.34573
G1 X128.195 Y144.536 E86.37433
G1 X127.732 Y145.431 E86.40784
G1 X127.061 Y146.055 E86.43832
G1 X126.169 Y146.587 E86.47286
G1 X125.264 Y146.737 E86.50338
G1 X94.656 Y146.757 E87.5214
G1 X93.821 Y146.552 E87.55
G1 X92.926 Y146.089 E87.58351
G1 X92.302 Y145.418 E87.61399
G1 X91.77 Y144.526 E87.64853
G1 X91.62 Y143.621 E87.67905
G1 X91.6 Y78.013 E89.86118
G1 X91.805 Y77.178 E89.88977
G1 X92.268 Y76.283 E89.92329
G0 F6000 X92.591 Y76.528
G1 F900 X93.178 Y75.983 E89.94993
G1 X93.971 Y75.51 E89.98064
G1 X94.802 Y75.372 E90.00866
G1 X125.298 Y75.357 E91.02296
G1 X126.036 Y75.538 E91.04823
G1 X126.829 Y75.948 E91.07792
G1 X127.374 Y76.535 E91.10457
G1 X127.847 Y77.328 E91.13528
G1 X127.985 Y78.159 E91.16329
G1 X128 Y143.655 E93.3417
G1 X127.819 Y144.393 E93.36697
G1 X127.409 Y145.186 E93.39667
G1 X126.822 Y145.731 E93.42331
G1 X126.029 Y146.204 E93.45402
G1 X125.198 Y146.342 E93.48204
G1 X94.702 Y146.357 E94.49634
G1 X93.964 Y146.176 E94.52161
G1 X93.171 Y145.766 E94.5513
G1 X92.626 Y145.179 E94.57794
G1 X92.153 Y144.386 E94.60865
G1 X92.015 Y143.555 E94.63667
G1 X92 Y78.059 E96.81508
G1 X92.181 Y77.321 E96.84035
G1 X92.591 Y76.528 E96.87004
G0 F6000 X92.914 Y76.773
G1 F900 X93.417 Y76.307 E96.89285
G1 X94.111 Y75.893 E96.91973
G1 X94.868 Y75.767 E96.94525
G1 X125.248 Y75.757 E97.95569
G1 X125.897 Y75.916 E97.97792
G1 X126.584 Y76.271 E98.00364
G1 X127.05 Y76.774 E98.02644
G1 X127.464 Y77.468 E98.05332
G1 X127.59 Y78.225 E98.07885
G1 X127.6 Y143.605 E100.25339
G1 X127.441 Y144.254 E100.27562
G1 X127.086 Y144.941 E100.30134
G1 X126.583 Y145.407 E100.32414
G1 X125.889 Y145.821 E100.35102
G1 X125.132 Y145.947 E100.37655
G1 X94.752 Y145.957 E101.38699
G1 X94.103 Y145.798 E101.40921
G1 X93.416 Y145.443 E101.43493
G1 X92.95 Y144.94 E101.45774
G1 X92.536 Y144.246 E101.48462
G1 X92.41 Y143.489 E101.51014
G1 X92.4 Y78.109 E103.68469
G1 X92.559 Y77.46 E103.70691
G1 X92.914 Y76.773 E103.73263
G0 F6000 X93.237 Y77.019
G1 F900 X93.656 Y76.631 E103.75163
G1 X94.251 Y76.276 E103.77467
G1 X94.934 Y76.162 E103.7977
G1 X125.198 Y76.157 E104.80429
G1 X125.758 Y76.294 E104.82346
G1 X126.338 Y76.594 E104.84518
G1 X126.726 Y77.013 E104.86417
G1 X127.081 Y77.608 E104.88722
G1 X127.195 Y78.291 E104.91025
G1 X127.2 Y143.555 E107.08094
G1 X127.063 Y144.115 E107.10011
G1 X126.763 Y144.695 E107.12183
G1 X126.344 Y145.083 E107.14083
G1 X125.749 Y145.438 E107.16387
G1 X125.066 Y145.552 E107.1869
G1 X94.802 Y145.557 E108.19349
G1 X94.242 Y145.42 E108.21266
G1 X93.662 Y145.12 E108.23438
G1 X93.274 Y144.701 E108.25337
G1 X92.919 Y144.106 E108.27642
G1 X92.805 Y143.423 E108.29945
G1 X92.8 Y78.159 E110.47014
G1 X92.937 Y77.599 E110.48931
G1 X93.237 Y77.019 E110.51103
G0 F6000 X93.56 Y77.265
G1 F900 X93.898 Y76.952 E110.52635
G1 X94.389 Y76.659 E110.54537
G1 X95 Y76.557 E110.56597
G1 X125.148 Y76.557 E111.5687
G1 X125.619 Y76.672 E111.58483
G1 X126.092 Y76.917 E111.60254
G1 X126.405 Y77.255 E111.61787
G1 X126.698 Y77.746 E111.63688
G1 X126.8 Y78.357 E111.65749
G1 X126.8 Y143.505 E113.82432
G1 X126.685 Y143.976 E113.84044
G1 X126.44 Y144.449 E113.85816
G1 X126.102 Y144.762 E113.87348
G1 X125.611 Y145.055 E113.8925
G1 X125 Y145.157 E113.9131
G1 X94.852 Y145.157 E114.91583
G1 X94.381 Y145.042 E114.93195
G1 X93.908 Y144.797 E114.94967
G1 X93.595 Y144.459 E114.96499
G1 X93.302 Y143.968 E114.98401
G1 X93.2 Y143.357 E115.00461
G1 X93.2 Y78.209 E117.17145
G1 X93.315 Y77.738 E117.18757
G1 X93.56 Y77.265 E117.20529
G0 F6000 X93.883 Y77.511
G1 F900 X94.14 Y77.273 E117.21694
G1 X94.527 Y77.042 E117.23193
G1 X95 Y76.957 E117.24791
G1 X125.098 Y76.957 E118.24898
G1 X125.48 Y77.05 E118.26205
G1 X125.846 Y77.24 E118.27577
G1 X126.084 Y77.497 E118.28742
G1 X126.315 Y77.884 E118.30241
G1 X126.4 Y78.357 E118.31839
G1 X126.4 Y143.455 E120.48356
G1 X126.307 Y143.837 E120.49664
G1 X126.117 Y144.203 E120.51035
G1 X125.86 Y144.441 E120.522
G1 X125.473 Y144.672 E120.53699
G1 X125 Y144.757 E120.55298
G1 X94.902 Y144.757 E121.55404
G1 X94.52 Y144.664 E121.56712
G1 X94.154 Y144.474 E121.58083
G1 X93.916 Y144.217 E121.59248
G1 X93.685 Y143.83 E121.60747
G1 X93.6 Y143.357 E121.62346
G1 X93.6 Y78.259 E123.78863
G1 X93.693 Y77.877 E123.8017
G1 X93.883 Y77.511 E123.81542
G0 F6000 X94.207 Y77.756
G1 F900 X94.345 Y77.617 E123.82193
G1 X94.672 Y77.422 E123.8346
G1 X95 Y77.357 E123.84572
G1 X125.049 Y77.357 E124.84515
G1 X125.338 Y77.427 E124.85504
G1 X125.601 Y77.564 E124.86491
G1 X125.74 Y77.702 E124.87142
G1 X125.935 Y78.029 E124.88408
G1 X126 Y78.357 E124.8952
G1 X126 Y143.406 E127.05874
G1 X125.93 Y143.695 E127.06863
G1 X125.793 Y143.958 E127.0785
G1 X125.655 Y144.097 E127.08501
G1 X125.328 Y144.292 E127.09767
G1 X125 Y144.357 E127.1088
G1 X94.951 Y144.357 E128.10823
G1 X94.662 Y144.287 E128.11812
G1 X94.399 Y144.15 E128.12798
G1 X94.26 Y144.012 E128.1345
G1 X94.065 Y143.685 E128.14716
G1 X94 Y143.357 E128.15828
G1 X94 Y78.308 E130.32182
G1 X94.07 Y78.019 E130.33171
G1 X94.207 Y77.756 E130.34157
G0 F6000 X94.839 Y78.238
G1 F900 X95 Y78.157 E130.34757
G1 X125 Y78.157 E131.34537
G1 X125.119 Y78.196 E131.34954
G1 X125.2 Y78.357 E131.35553
G1 X125.2 Y143.357 E133.51744
G1 X125.161 Y143.476 E133.52161
G1 X125 Y143.557 E133.5276
G1 X95 Y143.557 E134.5254
G1 X94.881 Y143.518 E134.52957
G1 X94.8 Y143.357 E134.53556
G1 X94.8 Y78.357 E136.69747
G1 X94.839 Y78.238 E136.70164
G0 F6000 X94.459 Y78.113
G1 F900 X94.55 Y77.961 E136.70753
G1 X94.82 Y77.8 E136.71798
G1 X95 Y77.757 E136.72414
G1 X125 Y77.757 E137.72194
G1 X125.244 Y77.816 E137.73029
G1 X125.396 Y77.907 E137.73619
G1 X125.557 Y78.177 E137.74664
G1 X125.6 Y78.357 E137.7528
G1 X125.6 Y143.357 E139.91471
G1 X125.541 Y143.601 E139.92305
G1 X125.45 Y143.753 E139.92895
G1 X125.18 Y143.914 E139.9394
G1 X125 Y143.957 E139.94556
G1 X95 Y143.957 E140.94336
G1 X94.756 Y143.898 E140.95171
G1 X94.604 Y143.807 E140.9576
G1 X94.443 Y143.537 E140.96806
G1 X94.4 Y143.357 E140.97421
G1 X94.4 Y78.357 E143.13612
G1 X94.459 Y78.113 E143.14447
G1 F2700 E138.14447
;MESH:hull_rear_plate.obj
G0 F6000 X95.424 Y78.781
G0 X98.748 Y79.816
;TYPE:WALL-INNER
G1 F2700 E143.14447
G1 F703.1 X99 Y79.806 E143.15521
G1 F720 X115 Y79.806 E143.82041
G0 F6000 X115.838 Y80.419
G0 X116.722 Y83.516
G0 X117.158 Y83.622
G0 X117.553 Y83.83
G0 X117.89 Y84.128
G0 X118.143 Y84.497
G0 X118.301 Y84.913
G0 X118.356 Y85.357
G0 X118.301 Y85.802
G0 X118.143 Y86.218
G0 X117.889 Y86.588
G0 X117.552 Y86.884
G0 X117.159 Y87.092
G0 X116.724 Y87.199
G0 X115.838 Y90.295
G0 X109.863 Y90.367
G0 X109.863 Y90.054
G1 F900 X98.906 Y90.056 E144.18484
G1 X98.717 Y89.986 E144.19155
G1 X98.565 Y89.87 E144.19791
G1 X98.446 Y89.687 E144.20517
G1 X98.4 Y89.533 E144.21051
G1 X98.4 Y86.672 E144.30567
G1 X98.133 Y86.821 E144.31584
G1 X97.7 Y86.95 E144.33087
G1 X97.263 Y86.938 E144.34541
G1 X96.993 Y86.87 E144.35467
G1 X96.659 Y86.715 E144.36691
G1 X96.353 Y86.473 E144.37989
G1 F918.4 X96.075 Y86.105 E144.39492
G1 F962.6 X95.954 Y85.744 E144.40676
G1 F1005.6 X95.925 Y85.356 E144.41835
G1 X95.954 Y84.968 E144.42993
G1 F939.9 X96.05 Y84.681 E144.43957
G1 F900 X96.298 Y84.283 E144.45516
G1 X96.648 Y84.005 E144.47003
G1 X96.939 Y83.851 E144.48098
G1 X97.263 Y83.774 E144.49206
G1 X97.62 Y83.764 E144.50393
G1 X98.061 Y83.849 E144.51887
G1 X98.4 Y84.036 E144.53175
G1 X98.4 Y81.256 E144.62421
G1 X98.448 Y81.02 E144.63222
G1 X98.642 Y80.773 E144.64267
G1 X98.917 Y80.656 E144.65261
G1 X115 Y80.656 E145.18753
G1 X115.283 Y80.726 E145.19723
G1 X115.48 Y80.895 E145.20586
G1 X115.6 Y81.135 E145.21478
G1 X115.6 Y84.038 E145.31134
G1 X115.951 Y83.844 E145.32468
G1 X116.376 Y83.764 E145.33906
G1 X116.759 Y83.78 E145.35181
G1 X117.106 Y83.874 E145.36377
G1 X117.349 Y84.001 E145.37289
G1 X117.643 Y84.238 E145.38545
G1 X117.879 Y84.552 E145.39851
G1 X118.056 Y84.965 E145.41346
G1 X118.096 Y85.356 E145.42653
G1 X118.06 Y85.7 E145.43803
G1 X117.946 Y86.031 E145.44968
G1 X117.708 Y86.418 E145.46479
G1 X117.381 Y86.69 E145.47894
G1 X117.133 Y86.821 E145.48826
G1 X116.768 Y86.93 E145.50093
G1 X116.3 Y86.951 E145.51652
G1 X115.871 Y86.823 E145.53141
G1 X115.601 Y86.676 E145.54163
G1 X115.6 Y89.529 E145.63652
G1 X115.53 Y89.739 E145.64388
G1 X115.296 Y89.979 E145.65503
G1 X115.053 Y90.054 E145.66349
G1 X109.863 Y90.054 E145.83611
G1 F2700 E140.83611
G0 F6000 X109.863 Y90.367
G0 X115.838 Y90.295
G0 X116.724 Y87.199
G0 X117.159 Y87.092
G0 X117.552 Y86.884
G0 X117.889 Y86.588
G0 X118.143 Y86.218
G0 X118.301 Y85.802
G0 X118.356 Y85.357
G0 X118.301 Y84.913
G0 X118.143 Y84.497
G0 X117.89 Y84.128
G0 X117.553 Y83.83
G0 X117.158 Y83.622
G0 X116.722 Y83.516
G0 X115.838 Y80.419
G0 X98.162 Y80.419
G0 X97.447 Y82.927
G0 X96.4 Y83.215
G1 F2700 E145.83611
G1 F900 X96.834 Y83.053 E145.85152
G1 X97.112 Y82.989 E145.86101
G1 X97.6 Y82.943 E145.87731
G1 X97.6 Y81.256 E145.93342
G1 X97.712 Y80.707 E145.95206
G1 X98.165 Y80.131 E145.97643
G1 F779.2 X98.748 Y79.816 E146.00188
G1 X98.042 Y79.756 E146.0291
G1 F900 X96.4 Y79.756 E146.08372
G1 X96.4 Y83.215 E146.19876
G1 F2700 E141.19876
G0 F6000 X98.17 Y83.649
G0 X98.162 Y80.419
G0 X115.838 Y80.419
G0 X116.722 Y83.516
G0 X117.158 Y83.622
G0 X117.553 Y83.83
G0 X117.89 Y84.128
G0 X118.143 Y84.497
G0 X118.301 Y84.913
G0 X118.356 Y85.357
G0 X118.301 Y85.802
G0 X118.143 Y86.218
G0 X117.889 Y86.588
G0 X117.552 Y86.884
G0 X117.159 Y87.092
G0 X116.724 Y87.199
G0 X115.838 Y90.295
G0 X110.68 Y90.292
G0 X107.856 Y91.053
G0 X108.203 Y108.504
G0 X107.862 Y111.67
G1 F2700 E146.19876
G1 F584.4 X107.998 Y111.857 E146.21061
G0 F6000 X107.998 Y113.239
G1 F867.5 X107.998 Y113.443 E146.21765
G0 F6000 X107.999 Y115.272
G1 F913.7 X108.282 Y115.026 E146.22993
G1 X108.153 Y114.888 E146.23612
G1 X107.998 Y114.666 E146.24499
G1 X107.845 Y114.888 E146.25382
G1 X107.715 Y115.026 E146.26003
G1 X107.999 Y115.272 E146.27234
G0 F6000 X108 Y115.874
G1 F900 X108.212 Y115.614 E146.2835
G1 X108.601 Y115.276 E146.30064
G1 X108.988 Y115.076 E146.31513
G1 X108.775 Y114.935 E146.32363
G1 X108.488 Y114.676 E146.33648
G1 X108.204 Y114.266 E146.35307
G1 F895.5 X108.033 Y113.712 E146.37245
G1 F882.4 X107.998 Y113.443 E146.38166
G1 X107.963 Y113.712 E146.39086
G1 F895.5 X107.792 Y114.264 E146.41018
G1 F900 X107.533 Y114.642 E146.42542
G1 X107.221 Y114.935 E146.43965
G1 X107.008 Y115.076 E146.44815
G1 X107.397 Y115.278 E146.46273
G1 X107.788 Y115.614 E146.47987
G1 X108 Y115.874 E146.49103
G0 F6000 X107.337 Y115.419
G0 X107.053 Y115.269
G0 X106.556 Y115.102
G0 X106.166 Y114.927
G1 F997.2 X105.83 Y114.927 E146.50112
G1 F947.4 X105.493 Y114.869 E146.51192
G1 F902.3 X105.099 Y114.688 E146.52631
G1 F900 X104.807 Y114.428 E146.53931
G1 X104.577 Y114.102 E146.55258
G1 X104.438 Y113.73 E146.56579
G1 X104.4 Y113.334 E146.57902
G1 X104.447 Y112.963 E146.59146
G1 X104.58 Y112.613 E146.60391
G1 X104.803 Y112.289 E146.61699
G1 X105.09 Y112.036 E146.62972
G1 X105.421 Y111.858 E146.64222
G1 X105.823 Y111.766 E146.65594
G1 X106.203 Y111.769 E146.66857
G1 X106.569 Y111.859 E146.68111
G1 X106.905 Y112.035 E146.69373
G1 X107.188 Y112.284 E146.70626
G1 X107.379 Y112.552 E146.71721
G1 X107.558 Y112.97 E146.73233
G1 X107.594 Y113.408 E146.74695
G1 X107.554 Y113.75 E146.7584
G1 X107.38 Y114.158 E146.77316
G1 X107.219 Y114.393 E146.78263
G1 X106.958 Y114.633 E146.79442
G1 F923.1 X106.567 Y114.858 E146.80905
G1 F973 X106.166 Y114.927 E146.82157
G0 F6000 X106.556 Y115.102
G0 X109.444 Y115.102
G0 X110 Y114.927
G1 F1000 X109.83 Y114.927 E146.82666
G1 F947.4 X109.493 Y114.869 E146.83746
G1 F902.3 X109.099 Y114.688 E146.85185
G1 F900 X108.807 Y114.428 E146.86485
G1 X108.616 Y114.158 E146.87585
G1 X108.442 Y113.75 E146.89061
G1 X108.402 Y113.408 E146.90206
G1 X108.438 Y112.97 E146.91668
G1 X108.617 Y112.552 E146.9318
G1 X108.795 Y112.298 E146.94212
G1 X109.087 Y112.029 E146.95532
G1 X109.453 Y111.854 E146.96881
G1 X109.099 Y111.688 E146.98182
G1 X108.793 Y111.412 E146.99552
G1 X108.582 Y111.103 E147.00797
G1 X108.446 Y110.744 E147.02074
G1 X108.4 Y110.348 E147.034
G1 X108.442 Y109.969 E147.04668
G1 X108.568 Y109.637 E147.05849
G1 X108.788 Y109.302 E147.07182
G1 X109.11 Y109.022 E147.08601
G1 X109.452 Y108.851 E147.09873
G1 X109.833 Y108.765 E147.11172
G1 X110.167 Y108.765 E147.12283
G1 X110.583 Y108.859 E147.13702
G1 X110.928 Y109.051 E147.15015
G1 X111.187 Y109.282 E147.16169
G1 X111.416 Y109.605 E147.17486
G1 X111.554 Y109.968 E147.18778
G1 X111.599 Y110.378 E147.20149
G1 X111.551 Y110.74 E147.21364
G1 X111.414 Y111.103 E147.22654
G1 X111.203 Y111.412 E147.23899
G1 X110.901 Y111.684 E147.25251
G1 X110.545 Y111.854 E147.26563
G1 X110.913 Y112.032 E147.27923
G1 X111.201 Y112.298 E147.29226
G1 X111.379 Y112.552 E147.30258
G1 X111.558 Y112.97 E147.3177
G1 X111.594 Y113.408 E147.33232
G1 X111.554 Y113.75 E147.34377
G1 X111.38 Y114.158 E147.35853
G1 X111.219 Y114.393 E147.368
G1 X110.958 Y114.633 E147.37979
G1 F923.1 X110.567 Y114.858 E147.39442
G1 F973 X110.166 Y114.927 E147.40694
G1 F1000 X110 Y114.927 E147.41191
G0 F6000 X109.444 Y115.102
G0 X108.948 Y114.884
G0 X108.611 Y114.588
G0 X108.357 Y114.218
G0 X108.199 Y113.802
G0 X108.144 Y113.357
G0 X108.144 Y110.357
G0 X108.199 Y109.913
G0 X108.357 Y109.497
G0 X108.61 Y109.128
G0 X108.947 Y108.83
G0 X109.342 Y108.622
G0 X109.778 Y108.516
G0 X110.222 Y108.516
G0 X110.658 Y108.622
G0 X111.053 Y108.83
G0 X111.39 Y109.128
G0 X111.643 Y109.497
G0 X111.801 Y109.913
G0 X111.999 Y115.272
G1 F913.7 X112.282 Y115.026 E147.4242
G1 X112.153 Y114.888 E147.43038
G1 X111.998 Y114.666 E147.43925
G1 X111.845 Y114.888 E147.44809
G1 X111.715 Y115.026 E147.4543
G1 X111.999 Y115.272 E147.46661
G0 F6000 X112 Y115.874
G1 F900 X112.212 Y115.614 E147.47777
G1 X112.601 Y115.276 E147.49491
G1 X112.988 Y115.076 E147.50939
G1 X112.775 Y114.935 E147.51789
G1 X112.488 Y114.676 E147.53075
G1 X112.204 Y114.266 E147.54734
G1 F895.5 X112.033 Y113.712 E147.56672
G1 F882.4 X111.998 Y113.443 E147.57592
G1 X111.963 Y113.712 E147.58512
G1 F895.5 X111.792 Y114.264 E147.60444
G1 F900 X111.533 Y114.642 E147.61968
G1 X111.221 Y114.935 E147.63392
G1 X111.008 Y115.076 E147.64241
G1 X111.397 Y115.278 E147.65699
G1 X111.788 Y115.614 E147.67414
G1 X112 Y115.874 E147.6853
G0 F6000 X112.663 Y115.419
G0 X113.069 Y115.205
G0 X113.444 Y115.102
G0 X113.83 Y114.927
G1 F947.4 X113.493 Y114.869 E147.6961
G1 F902.3 X113.099 Y114.688 E147.71049
G1 F900 X112.807 Y114.428 E147.72349
G1 X112.616 Y114.158 E147.73449
G1 X112.442 Y113.75 E147.74924
G1 X112.402 Y113.408 E147.76069
G1 X112.438 Y112.97 E147.77531
G1 X112.617 Y112.552 E147.79044
G1 X112.808 Y112.284 E147.80138
G1 X113.091 Y112.035 E147.81392
G1 X113.431 Y111.859 E147.82665
G1 X113.796 Y111.769 E147.83916
G1 X114.176 Y111.766 E147.85179
G1 X114.573 Y111.854 E147.86532
G1 X114.908 Y112.037 E147.87802
G1 X115.193 Y112.289 E147.89067
G1 X115.416 Y112.613 E147.90375
G1 X115.549 Y112.962 E147.91617
G1 X115.601 Y113.371 E147.92989
G1 X115.544 Y113.766 E147.94316
G1 X115.433 Y114.065 E147.95377
G1 X115.2 Y114.428 E147.96811
G1 X114.841 Y114.713 E147.98336
G1 F902.3 X114.504 Y114.869 E147.99568
G1 F947.4 X114.166 Y114.927 E148.00652
G1 F997.2 X113.83 Y114.927 E148.0166
G0 F6000 X113.444 Y115.102
G0 X112.948 Y114.884
G0 X112.611 Y114.588
G0 X112.467 Y114.378
G0 X111.998 Y113.443
G1 F867.5 X111.998 Y113.239 E148.02364
G0 F6000 X111.998 Y111.857
G1 F584.4 X112.134 Y111.67 E148.03549
G0 F6000 X112 Y119.75
G1 F672.9 X112.178 Y119.555 E148.04723
G1 X112.401 Y119.356 E148.06053
G1 X112.168 Y119.148 E148.07442
G1 X112 Y118.962 E148.08557
G1 X111.832 Y119.148 E148.09672
G1 X111.595 Y119.356 E148.11075
G1 X111.832 Y119.564 E148.12478
G1 X112 Y119.75 E148.13593
G0 F6000 X111.999 Y120.742
G1 F900 X112.136 Y120.38 E148.1488
G1 X112.43 Y119.956 E148.16596
G1 X112.802 Y119.623 E148.18257
G1 X113.314 Y119.357 E148.20176
G1 X112.801 Y119.088 E148.22102
G1 X112.43 Y118.756 E148.23758
G1 X112.135 Y118.331 E148.25479
G1 X111.999 Y117.967 E148.26771
G1 X111.866 Y118.33 E148.28057
G1 X111.571 Y118.754 E148.29775
G1 X111.191 Y119.09 E148.31462
G1 X110.808 Y119.293 E148.32904
G1 X110.612 Y119.358 E148.33591
G1 X110.815 Y119.426 E148.34303
G1 X111.188 Y119.62 E148.35701
G1 X111.568 Y119.953 E148.37382
G1 X111.867 Y120.385 E148.39129
G1 X111.999 Y120.742 E148.40395
G0 F6000 X112 Y120.107
G0 X112 Y123.75
G1 F672.9 X112.178 Y123.555 E148.41569
G1 X112.401 Y123.356 E148.42899
G1 X112.168 Y123.148 E148.44288
G1 X112 Y122.962 E148.45403
G1 X111.832 Y123.148 E148.46518
G1 X111.595 Y123.356 E148.47921
G1 X111.832 Y123.564 E148.49324
G1 X112 Y123.75 E148.50439
G0 F6000 X111.999 Y124.742
G1 F900 X112.136 Y124.38 E148.51726
G1 X112.43 Y123.956 E148.53442
G1 X112.802 Y123.623 E148.55103
G1 X113.314 Y123.357 E148.57022
G1 X112.801 Y123.088 E148.58949
G1 X112.43 Y122.756 E148.60604
G1 X112.135 Y122.331 E148.62325
G1 X111.999 Y121.967 E148.63618
G1 X111.866 Y122.33 E148.64903
G1 X111.571 Y122.754 E148.66621
G1 X111.191 Y123.09 E148.68309
G1 X110.808 Y123.293 E148.6975
G1 X110.612 Y123.358 E148.70437
G1 X110.815 Y123.426 E148.71149
G1 X111.188 Y123.62 E148.72547
G1 X111.568 Y123.953 E148.74228
G1 X111.867 Y124.385 E148.75975
G1 X111.999 Y124.742 E148.77241
G0 F6000 X112 Y124.107
G0 X112 Y127.75
G1 F672.9 X112.178 Y127.555 E148.78416
G1 X112.401 Y127.356 E148.79745
G1 X112.168 Y127.148 E148.81135
G1 X112 Y126.962 E148.8225
G1 X111.832 Y127.148 E148.83365
G1 X111.595 Y127.356 E148.84768
G1 X111.832 Y127.564 E148.8617
G1 X112 Y127.75 E148.87285
G0 F6000 X111.999 Y128.742
G1 F900 X112.136 Y128.38 E148.88573
G1 X112.43 Y127.956 E148.90289
G1 X112.802 Y127.623 E148.91949
G1 X113.314 Y127.357 E148.93868
G1 X112.801 Y127.088 E148.95795
G1 X112.43 Y126.756 E148.97451
G1 X112.135 Y126.331 E148.99172
G1 X111.999 Y125.967 E149.00464
G1 X111.866 Y126.33 E149.0175
G1 X111.571 Y126.754 E149.03468
G1 X111.191 Y127.09 E149.05155
G1 X110.808 Y127.293 E149.06597
G1 X110.612 Y127.358 E149.07283
G1 X110.815 Y127.426 E149.07996
G1 X111.188 Y127.62 E149.09394
G1 X111.568 Y127.953 E149.11074
G1 X111.867 Y128.385 E149.12822
G1 X111.999 Y128.742 E149.14088
G0 F6000 X112 Y128.107
G0 X111.998 Y132.045
G1 F911.4 X112.262 Y131.67 E149.15594
G1 X111.999 Y131.439 E149.16744
G1 X111.734 Y131.67 E149.17898
G1 X111.998 Y132.045 E149.19405
G0 F6000 X111.998 Y133.239
G1 F873.8 X112.031 Y132.999 E149.20235
G1 F891.1 X112.208 Y132.433 E149.22227
G1 F900 X112.514 Y132.012 E149.23958
G1 X112.764 Y131.783 E149.25085
G1 X112.983 Y131.636 E149.25963
G1 X112.595 Y131.431 E149.27422
G1 X112.212 Y131.098 E149.2911
G1 X112 Y130.838 E149.30226
G1 X111.788 Y131.098 E149.31342
G1 X111.398 Y131.434 E149.33054
G1 X111.014 Y131.636 E149.34497
G1 X111.231 Y131.783 E149.35369
G1 X111.505 Y132.032 E149.366
G1 X111.79 Y132.441 E149.38258
G1 F891.1 X111.965 Y132.999 E149.40223
G1 F873.8 X111.998 Y133.239 E149.41053
G1 F867.5 X111.998 Y133.443 E149.41757
G0 F6000 X111.998 Y134.857
G1 F582.5 X112.147 Y135.058 E149.43042
G0 F6000 X114.176 Y135.26
G0 X114.176 Y134.946
G1 F900 X113.793 Y134.943 E149.44316
G1 X113.432 Y134.85 E149.45556
G1 X113.094 Y134.676 E149.46821
G1 X112.804 Y134.424 E149.48098
G1 X112.616 Y134.158 E149.49182
G1 X112.442 Y133.75 E149.50657
G1 X112.402 Y133.408 E149.51802
G1 X112.438 Y132.97 E149.53264
G1 X112.617 Y132.552 E149.54776
G1 X112.809 Y132.282 E149.55878
G1 X113.082 Y132.035 E149.57103
G1 F920.7 X113.433 Y131.852 E149.5839
G1 F965.1 X113.806 Y131.786 E149.59565
G1 F989 X114.193 Y131.786 E149.60736
G1 F967.7 X114.565 Y131.851 E149.61904
G1 F923.1 X114.911 Y132.034 E149.63173
G1 F900 X115.184 Y132.279 E149.64393
G1 X115.427 Y132.624 E149.65797
G1 X115.556 Y132.994 E149.671
G1 X115.6 Y133.342 E149.68267
G1 X115.555 Y133.74 E149.69599
G1 X115.417 Y134.097 E149.70872
G1 X115.218 Y134.394 E149.72061
G1 X114.958 Y134.633 E149.73236
G1 X114.578 Y134.853 E149.74696
G1 X114.176 Y134.946 E149.76069
G0 F6000 X114.176 Y135.26
G0 X112.389 Y135.38
G0 X111.643 Y137.218
G0 X111.389 Y137.588
G0 X111.052 Y137.884
G0 X110.829 Y138.002
G0 X110 Y138.26
G0 X110 Y137.945
G1 F900 X109.876 Y137.948 E149.76481
G1 X109.493 Y137.87 E149.77781
G1 X109.159 Y137.715 E149.79006
G1 X108.796 Y137.427 E149.80547
G1 X108.572 Y137.084 E149.8191
G1 X108.442 Y136.746 E149.83114
G1 X108.395 Y136.349 E149.84444
G1 X108.445 Y135.973 E149.85705
G1 X108.58 Y135.612 E149.86987
G1 X108.795 Y135.298 E149.88253
G1 X109.087 Y135.029 E149.89573
G1 X109.453 Y134.854 E149.90923
G1 X109.099 Y134.688 E149.92223
G1 X108.793 Y134.412 E149.93594
G1 X108.616 Y134.158 E149.94623
G1 X108.442 Y133.75 E149.96099
G1 X108.402 Y133.408 E149.97244
G1 X108.438 Y132.97 E149.98706
G1 X108.617 Y132.552 E150.00218
G1 X108.809 Y132.282 E150.0132
G1 X109.082 Y132.035 E150.02544
G1 F920.7 X109.433 Y131.852 E150.03831
G1 F965.1 X109.806 Y131.786 E150.05006
G1 F989 X110.193 Y131.786 E150.06178
G1 F967.7 X110.565 Y131.851 E150.07346
G1 F923.1 X110.911 Y132.034 E150.08615
G1 F900 X111.184 Y132.279 E150.09835
G1 X111.379 Y132.552 E150.10951
G1 X111.558 Y132.97 E150.12463
G1 X111.594 Y133.408 E150.13925
G1 X111.554 Y133.75 E150.1507
G1 X111.38 Y134.158 E150.16545
G1 X111.203 Y134.412 E150.17575
G1 X110.901 Y134.684 E150.18927
G1 X110.545 Y134.854 E150.20239
G1 X110.913 Y135.032 E150.21599
G1 X111.201 Y135.298 E150.22903
G1 X111.415 Y135.612 E150.24166
G1 X111.553 Y135.977 E150.25464
G1 X111.597 Y136.35 E150.26714
G1 X111.553 Y136.748 E150.28045
G1 X111.424 Y137.084 E150.29242
G1 X111.2 Y137.427 E150.30605
G1 X110.841 Y137.713 E150.32132
G1 X110.504 Y137.87 E150.33368
G1 X110.224 Y137.94 E150.34328
G1 X110 Y137.945 E150.35073
G0 F6000 X110 Y138.26
G0 X109.341 Y138.092
G0 X108.948 Y137.884
G0 X108.611 Y137.588
G0 X108.357 Y137.218
G0 X108.267 Y136.982
G0 X107.866 Y135.037
G1 F585.4 X107.998 Y134.857 E150.36215
G1 F2700 E145.36215
G0 F6000 X108.199 Y136.802
G0 X108.357 Y137.218
G0 X108.501 Y137.428
G0 X109.974 Y138.941
G0 X109.974 Y141.756
G0 X110 Y141.956
G1 F2700 E150.36215
G1 F900 X123.6 Y141.956 E150.81449
G1 X123.6 Y79.756 E152.88327
G1 X115.725 Y79.756 E153.14519
G1 F800 X115 Y79.806 E153.17238
G1 X115.659 Y80.02 E153.19831
G1 F900 X116.12 Y80.415 E153.2185
G1 X116.344 Y80.863 E153.23516
G1 X116.4 Y81.256 E153.24836
G1 X116.4 Y82.939 E153.30434
G1 X117.053 Y83.013 E153.3262
G1 X117.439 Y83.146 E153.33978
G1 X117.722 Y83.294 E153.3504
G1 X118.094 Y83.551 E153.36544
G1 X118.481 Y83.987 E153.38483
G1 X118.749 Y84.502 E153.40414
G1 X118.859 Y84.953 E153.41958
G1 X118.901 Y85.407 E153.43474
G1 X118.848 Y85.838 E153.44918
G1 X118.741 Y86.225 E153.46254
G1 X118.483 Y86.721 E153.48113
G1 X118.167 Y87.077 E153.49697
G1 X117.843 Y87.349 E153.51104
G1 X117.502 Y87.531 E153.52389
G1 X117.082 Y87.691 E153.53884
G1 X116.62 Y87.748 E153.55432
G1 X116.4 Y87.748 E153.56164
G1 X116.4 Y89.502 E153.61998
G1 X116.325 Y89.912 E153.63384
G1 X116.12 Y90.297 E153.64835
G1 X115.84 Y90.577 E153.66152
G1 X115.539 Y90.749 E153.67305
G1 X115.196 Y90.851 E153.68495
G1 X99 Y90.856 E154.22363
G1 X98.692 Y90.822 E154.23394
G1 X98.341 Y90.692 E154.24639
G1 X97.986 Y90.422 E154.26122
G1 X97.707 Y89.995 E154.27819
G1 X97.6 Y89.63 E154.29084
G1 X97.6 Y87.769 E154.35274
G1 X97.112 Y87.723 E154.36904
G1 X96.793 Y87.644 E154.37997
G1 X96.401 Y87.495 E154.39392
G1 X96.4 Y141.956 E156.2053
G1 X110 Y141.956 E156.65764
G0 F6000 X110 Y142.356
G1 F900 X124 Y142.356 E157.12328
G1 X124 Y79.356 E159.21867
G1 X96 Y79.356 E160.14995
G1 X96 Y84.041 E160.30577
G1 X96.34 Y83.716 E160.32142
G1 X96.69 Y83.53 E160.3346
G1 X96.926 Y83.442 E160.34298
G1 X97.188 Y83.382 E160.35192
G1 X97.62 Y83.364 E160.3663
G1 X98 Y83.426 E160.3791
G1 X98 Y81.256 E160.45128
G1 X98.08 Y80.863 E160.46462
G1 X98.404 Y80.452 E160.48202
G1 X98.862 Y80.256 E160.49859
G1 X115 Y80.256 E161.03535
G1 X115.471 Y80.373 E161.05149
G1 X115.8 Y80.655 E161.0659
G1 X115.96 Y80.975 E161.0778
G1 X116 Y81.256 E161.08724
G1 X116 Y83.425 E161.15938
G1 X116.376 Y83.364 E161.17205
G1 X116.851 Y83.391 E161.18787
G1 X117.272 Y83.51 E161.20242
G1 X117.536 Y83.647 E161.21232
G1 X117.908 Y83.939 E161.22805
G1 X118.209 Y84.326 E161.24435
G1 X118.449 Y84.862 E161.26389
G1 X118.496 Y85.356 E161.28039
G1 X118.454 Y85.769 E161.2942
G1 X118.321 Y86.172 E161.30831
G1 X118.076 Y86.583 E161.32423
G1 X117.905 Y86.775 E161.33278
G1 X117.641 Y86.998 E161.34427
G1 X117.317 Y87.176 E161.35657
G1 X116.867 Y87.317 E161.37225
G1 X116.376 Y87.348 E161.38862
G1 X116.001 Y87.302 E161.40118
G1 X116 Y89.489 E161.47392
G1 X115.931 Y89.864 E161.4866
G1 X115.704 Y90.167 E161.4992
G1 X115.493 Y90.327 E161.508
G1 X115.087 Y90.453 E161.52214
G1 X98.845 Y90.456 E162.06235
G1 X98.529 Y90.339 E162.07356
G1 X98.275 Y90.146 E162.08417
G1 X98.076 Y89.841 E162.09628
G1 X98 Y89.581 E162.10529
G1 X98 Y87.284 E162.18169
G1 X97.62 Y87.348 E162.19451
G1 X97.188 Y87.33 E162.20889
G1 X96.893 Y87.257 E162.219
G1 X96.367 Y87.023 E162.23815
G1 X96 Y86.672 E162.25504
G1 X96 Y142.356 E164.10709
G1 X110 Y142.356 E164.57274
G0 F6000 X110 Y142.756
G1 F900 X124.4 Y142.756 E165.05168
G1 X124.4 Y78.956 E167.17368
G1 X95.6 Y78.956 E168.13157
G1 X95.601 Y84.6 E168.31929
G1 F960 X95.575 Y85.356 E168.34288
G1 X95.601 Y86.112 E168.36646
G1 F900 X95.6 Y142.756 E170.25045
G1 X110 Y142.756 E170.7294
G1 F2700 E165.7294
G0 F6000 X110 Y142.447
G0 X105.82 Y141.756
G0 X105.877 Y135.924
G0 X105.82 Y135.26
G0 X105.82 Y134.946
G1 F2700 E170.7294
G1 F900 X105.43 Y134.854 E170.74272
G1 X105.095 Y134.677 E170.75533
G1 X104.799 Y134.426 E170.76823
G1 X104.579 Y134.097 E170.7814
G1 X104.442 Y133.729 E170.79446
G1 X104.396 Y133.344 E170.80735
G1 X104.439 Y132.997 E170.81898
G1 X104.576 Y132.612 E170.83258
G1 X104.809 Y132.282 E170.84601
G1 X105.082 Y132.035 E170.85826
G1 F920.7 X105.433 Y131.852 E170.87113
G1 F965.1 X105.806 Y131.786 E170.88287
G1 F989 X106.193 Y131.786 E170.89459
G1 F967.7 X106.565 Y131.851 E170.90627
G1 F923.1 X106.911 Y132.034 E170.91896
G1 F900 X107.184 Y132.279 E170.93116
G1 X107.379 Y132.552 E170.94232
G1 X107.558 Y132.97 E170.95744
G1 X107.594 Y133.408 E170.97206
G1 X107.554 Y133.75 E170.98351
G1 X107.38 Y134.158 E170.99827
G1 X107.143 Y134.474 E171.0114
G1 X106.902 Y134.676 E171.02186
G1 X106.573 Y134.853 E171.03429
G1 X106.203 Y134.943 E171.04695
G1 X105.82 Y134.946 E171.05969
G0 F6000 X105.82 Y135.26
G0 X106.659 Y135.092
G0 X107.052 Y134.884
G0 X107.389 Y134.588
G0 X107.533 Y134.378
G0 X107.998 Y133.443
G1 F867.5 X107.998 Y133.239 E171.06673
G0 F6000 X107.998 Y132.045
G1 F911.4 X108.262 Y131.67 E171.0818
G1 X107.999 Y131.439 E171.09329
G1 X107.734 Y131.67 E171.10484
G1 X107.998 Y132.045 E171.1199
G0 F6000 X107.998 Y133.239
G1 F873.8 X108.031 Y132.999 E171.1282
G1 F891.1 X108.208 Y132.433 E171.14812
G1 F900 X108.514 Y132.012 E171.16543
G1 X108.764 Y131.783 E171.17671
G1 X108.983 Y131.636 E171.18548
G1 X108.595 Y131.431 E171.20008
G1 X108.212 Y131.098 E171.21696
G1 X108 Y130.838 E171.22812
G1 X107.788 Y131.098 E171.23927
G1 X107.398 Y131.434 E171.25639
G1 X107.014 Y131.636 E171.27083
G1 X107.231 Y131.783 E171.27954
G1 X107.505 Y132.032 E171.29186
G1 X107.79 Y132.441 E171.30844
G1 F891.1 X107.965 Y132.999 E171.32808
G1 F873.8 X107.998 Y133.239 E171.33638
G0 F6000 X108 Y127.75
G1 F672.9 X108.178 Y127.555 E171.34813
G1 X108.401 Y127.356 E171.36142
G1 X108.168 Y127.148 E171.37532
G1 X108 Y126.962 E171.38647
G1 X107.832 Y127.148 E171.39762
G1 X107.595 Y127.356 E171.41165
G1 X107.832 Y127.564 E171.42567
G1 X108 Y127.75 E171.43682
G0 F6000 X107.999 Y128.742
G1 F900 X108.136 Y128.38 E171.4497
G1 X108.43 Y127.956 E171.46686
G1 X108.802 Y127.623 E171.48346
G1 X109.314 Y127.357 E171.50265
G1 X108.801 Y127.088 E171.52192
G1 X108.43 Y126.756 E171.53848
G1 X108.135 Y126.331 E171.55568
G1 X107.999 Y125.967 E171.56861
G1 X107.866 Y126.33 E171.58147
G1 X107.571 Y126.754 E171.59865
G1 X107.191 Y127.09 E171.61552
G1 X106.808 Y127.293 E171.62994
G1 X106.612 Y127.358 E171.6368
G1 X106.815 Y127.426 E171.64392
G1 X107.188 Y127.62 E171.65791
G1 X107.568 Y127.953 E171.67471
G1 X107.867 Y128.385 E171.69219
G1 X107.999 Y128.742 E171.70485
G0 F6000 X108 Y128.107
G0 X106.693 Y127.532
G0 X106.235 Y127.419
G0 X103.674 Y127.648
G1 F916 X103.914 Y127.356 E171.7172
G1 X103.674 Y127.063 E171.72957
G1 X103.481 Y127.234 E171.738
G1 X103.305 Y127.354 E171.74496
G1 X103.481 Y127.475 E171.75194
G1 X103.674 Y127.648 E171.76041
G0 F6000 X103.72 Y128.348
G1 F900 X103.831 Y128.118 E171.76891
G1 X104.134 Y127.684 E171.78651
G1 X104.507 Y127.356 E171.80303
G1 X104.134 Y127.028 E171.81955
G1 X103.826 Y126.587 E171.83744
G1 X103.72 Y126.362 E171.84571
G1 X103.552 Y126.618 E171.8559
G1 X103.221 Y126.935 E171.87114
G1 X102.818 Y127.176 E171.88676
G1 F895.5 X102.367 Y127.321 E171.9026
G1 F878 X102.12 Y127.356 E171.9111
G1 F873.8 X102.506 Y127.412 E171.92446
G1 F891.1 X102.823 Y127.536 E171.9359
G1 F900 X103.222 Y127.774 E171.95135
G1 X103.55 Y128.094 E171.96659
G1 X103.72 Y128.348 E171.97676
G0 F6000 X103.18 Y127.929
G0 X102.12 Y127.356
G1 F857.1 X101.79 Y127.356 E171.98828
G0 F6000 X102.21 Y126.949
G1 F900 X101.825 Y126.946 E172.00109
G1 X101.431 Y126.856 E172.01453
G1 X101.089 Y126.673 E172.02743
G1 X100.792 Y126.411 E172.0406
G1 X100.583 Y126.104 E172.05295
G1 X100.443 Y125.748 E172.06568
G1 X100.404 Y125.426 E172.07647
G1 X100.436 Y124.982 E172.09127
G1 X100.583 Y124.608 E172.10464
G1 X100.795 Y124.298 E172.11713
G1 X101.086 Y124.038 E172.13011
G1 X101.435 Y123.85 E172.14329
G1 X101.826 Y123.766 E172.15659
G1 X102.189 Y123.764 E172.16867
G1 X102.58 Y123.856 E172.18203
G1 X102.961 Y124.077 E172.19668
G1 X103.228 Y124.332 E172.20896
G1 X103.424 Y124.616 E172.22043
G1 F904.5 X103.544 Y124.954 E172.2323
G1 F930.2 X103.576 Y125.349 E172.24506
G1 F927.8 X103.545 Y125.759 E172.25832
G1 F900 X103.423 Y126.095 E172.27021
G1 X103.23 Y126.379 E172.28163
G1 X102.958 Y126.633 E172.29401
G1 X102.633 Y126.821 E172.3065
G1 X102.21 Y126.949 E172.3212
G0 F6000 X102.282 Y127.248
G0 X101.341 Y127.092
G0 X100.948 Y126.884
G0 X100.611 Y126.588
G0 X100.357 Y126.218
G0 X100.199 Y125.802
G0 X100.144 Y125.357
G0 X100.199 Y124.913
G0 X100.357 Y124.497
G0 X100.61 Y124.128
G0 X100.947 Y123.83
G0 X102.12 Y123.356
G1 F857.1 X101.79 Y123.356 E172.33272
G0 F6000 X102.21 Y122.949
G1 F900 X101.825 Y122.946 E172.34553
G1 X101.431 Y122.856 E172.35897
G1 X101.089 Y122.673 E172.37187
G1 X100.792 Y122.411 E172.38504
G1 X100.583 Y122.104 E172.39739
G1 X100.443 Y121.748 E172.41012
G1 X100.404 Y121.426 E172.42091
G1 X100.436 Y120.982 E172.43571
G1 X100.583 Y120.608 E172.44908
G1 X100.795 Y120.298 E172.46157
G1 X101.086 Y120.038 E172.47455
G1 X101.435 Y119.85 E172.48773
G1 X101.826 Y119.766 E172.50103
G1 X102.189 Y119.764 E172.51311
G1 X102.58 Y119.856 E172.52647
G1 X102.961 Y120.077 E172.54112
G1 X103.228 Y120.332 E172.5534
G1 X103.424 Y120.616 E172.56487
G1 F904.5 X103.544 Y120.954 E172.57674
G1 F930.2 X103.576 Y121.349 E172.5895
G1 F927.8 X103.545 Y121.759 E172.60276
G1 F900 X103.423 Y122.095 E172.61465
G1 X103.23 Y122.379 E172.62607
G1 X102.958 Y122.633 E172.63845
G1 X102.633 Y122.821 E172.65094
G1 X102.21 Y122.949 E172.66564
G0 F6000 X102.282 Y123.248
G0 X103.674 Y123.648
G1 F916 X103.914 Y123.356 E172.67799
G1 X103.674 Y123.063 E172.69036
G1 X103.481 Y123.234 E172.69879
G1 X103.305 Y123.354 E172.70575
G1 X103.481 Y123.475 E172.71273
G1 X103.674 Y123.648 E172.7212
G0 F6000 X103.72 Y124.348
G1 F900 X103.831 Y124.118 E172.72969
G1 X104.134 Y123.684 E172.7473
G1 X104.507 Y123.356 E172.76382
G1 X104.134 Y123.028 E172.78034
G1 X103.826 Y122.587 E172.79823
G1 X103.72 Y122.362 E172.8065
G1 X103.552 Y122.618 E172.81669
G1 X103.221 Y122.935 E172.83193
G1 X102.818 Y123.176 E172.84755
G1 F895.5 X102.367 Y123.321 E172.86338
G1 F878 X102.12 Y123.356 E172.87189
G1 F873.8 X102.506 Y123.412 E172.88525
G1 F891.1 X102.823 Y123.536 E172.89669
G1 F900 X103.222 Y123.774 E172.91214
G1 X103.55 Y124.094 E172.92738
G1 X103.72 Y124.348 E172.93754
G0 F6000 X105.307 Y123.532
G0 X105.765 Y123.419
G0 X106.032 Y123.419
G0 X108 Y123.75
G1 F672.9 X108.178 Y123.555 E172.94929
G1 X108.401 Y123.356 E172.96259
G1 X108.168 Y123.148 E172.97648
G1 X108 Y122.962 E172.98763
G1 X107.832 Y123.148 E172.99878
G1 X107.595 Y123.356 E173.01281
G1 X107.832 Y123.564 E173.02683
G1 X108 Y123.75 E173.03798
G0 F6000 X107.999 Y124.742
G1 F900 X108.136 Y124.38 E173.05086
G1 X108.43 Y123.956 E173.06802
G1 X108.802 Y123.623 E173.08462
G1 X109.314 Y123.357 E173.10381
G1 X108.801 Y123.088 E173.12308
G1 X108.43 Y122.756 E173.13964
G1 X108.135 Y122.331 E173.15685
G1 X107.999 Y121.967 E173.16977
G1 X107.866 Y122.33 E173.18263
G1 X107.571 Y122.754 E173.19981
G1 X107.191 Y123.09 E173.21668
G1 X106.808 Y123.293 E173.2311
G1 X106.612 Y123.358 E173.23797
G1 X106.815 Y123.426 E173.24509
G1 X107.188 Y123.62 E173.25907
G1 X107.568 Y123.953 E173.27587
G1 X107.867 Y124.385 E173.29335
G1 X107.999 Y124.742 E173.30601
G0 F6000 X108 Y124.107
G0 X108 Y119.75
G1 F672.9 X108.178 Y119.555 E173.31775
G1 X108.401 Y119.356 E173.33105
G1 X108.168 Y119.148 E173.34494
G1 X108 Y118.962 E173.35609
G1 X107.832 Y119.148 E173.36724
G1 X107.595 Y119.356 E173.38127
G1 X107.832 Y119.564 E173.3953
G1 X108 Y119.75 E173.40645
G0 F6000 X107.999 Y120.742
G1 F900 X108.136 Y120.38 E173.41932
G1 X108.43 Y119.956 E173.43648
G1 X108.802 Y119.623 E173.45309
G1 X109.314 Y119.357 E173.47228
G1 X108.801 Y119.088 E173.49154
G1 X108.43 Y118.756 E173.5081
G1 X108.135 Y118.331 E173.52531
G1 X107.999 Y117.967 E173.53823
G1 X107.866 Y118.33 E173.55109
G1 X107.571 Y118.754 E173.56827
G1 X107.191 Y119.09 E173.58514
G1 X106.808 Y119.293 E173.59956
G1 X106.612 Y119.358 E173.60643
G1 X106.815 Y119.426 E173.61355
G1 X107.188 Y119.62 E173.62753
G1 X107.568 Y119.953 E173.64434
G1 X107.867 Y120.385 E173.66181
G1 X107.999 Y120.742 E173.67447
G0 F6000 X108 Y120.107
G0 X108.047 Y129.357
G0 X108.105 Y129.824
G0 X108.271 Y130.265
G0 X108.423 Y130.484
G0 X109.445 Y131.613
G0 X110 Y131.423
G1 F973 X109.729 Y131.423 E173.68281
G1 F932.6 X109.259 Y131.331 E173.69818
G1 F900 X108.796 Y131.079 E173.71571
G1 X108.432 Y130.758 E173.73186
G1 X108.136 Y130.331 E173.74914
G1 X107.999 Y129.967 E173.76207
G1 X107.866 Y130.33 E173.77493
G1 X107.57 Y130.755 E173.79216
G1 X107.2 Y131.079 E173.80851
G1 X106.744 Y131.328 E173.82579
G1 F935.1 X106.27 Y131.422 E173.84126
G1 F973 X105.729 Y131.423 E173.85791
G1 F932.6 X105.259 Y131.331 E173.87328
G1 F900 X104.796 Y131.079 E173.89081
G1 X104.423 Y130.742 E173.90753
G1 X104.137 Y130.335 E173.92408
G1 X103.952 Y129.848 E173.9414
G1 F952.4 X103.925 Y129.288 E173.95903
G1 X103.959 Y128.845 E173.97299
G1 F900 X104.137 Y128.378 E173.98961
G1 X104.414 Y127.981 E174.00571
G1 X104.797 Y127.625 E174.02311
G1 X105.314 Y127.357 E174.04247
G1 X104.797 Y127.086 E174.06189
G1 X104.414 Y126.731 E174.07926
G1 X104.137 Y126.334 E174.09536
G1 X103.952 Y125.848 E174.11265
G1 F952.4 X103.925 Y125.288 E174.13028
G1 X103.959 Y124.845 E174.14424
G1 F900 X104.137 Y124.378 E174.16086
G1 X104.414 Y123.981 E174.17696
G1 X104.797 Y123.625 E174.19436
G1 X105.314 Y123.357 E174.21372
G1 X104.797 Y123.086 E174.23314
G1 X104.414 Y122.731 E174.25051
G1 X104.137 Y122.334 E174.26661
G1 X103.952 Y121.848 E174.28391
G1 F952.4 X103.925 Y121.288 E174.30153
G1 X103.959 Y120.845 E174.31549
G1 F900 X104.137 Y120.378 E174.33211
G1 X104.414 Y119.981 E174.34821
G1 X104.797 Y119.625 E174.36561
G1 X105.314 Y119.357 E174.38498
G1 X104.797 Y119.086 E174.40439
G1 X104.414 Y118.731 E174.42176
G1 X104.137 Y118.334 E174.43786
G1 X103.952 Y117.848 E174.45516
G1 F952.4 X103.925 Y117.288 E174.47278
G1 X103.959 Y116.845 E174.48674
G1 F900 X104.137 Y116.378 E174.50336
G1 X104.419 Y115.974 E174.51975
G1 X104.798 Y115.625 E174.53689
G1 X105.256 Y115.387 E174.55405
G1 F932.6 X105.714 Y115.29 E174.56908
G1 F965.1 X106.28 Y115.29 E174.58664
G1 F932.6 X106.744 Y115.388 E174.60186
G1 F900 X107.198 Y115.632 E174.619
G1 X107.567 Y115.952 E174.63524
G1 X107.867 Y116.384 E174.65274
G1 X107.999 Y116.742 E174.66543
G1 X108.136 Y116.38 E174.6783
G1 X108.43 Y115.956 E174.69546
G1 X108.802 Y115.623 E174.71207
G1 X109.256 Y115.387 E174.72909
G1 F932.6 X109.714 Y115.29 E174.74411
G1 F965.1 X110.28 Y115.29 E174.76167
G1 F932.6 X110.744 Y115.388 E174.77689
G1 F900 X111.198 Y115.632 E174.79403
G1 X111.567 Y115.952 E174.81028
G1 X111.867 Y116.384 E174.82777
G1 X111.999 Y116.742 E174.84046
G1 X112.136 Y116.38 E174.85333
G1 X112.43 Y115.956 E174.87049
G1 X112.802 Y115.623 E174.8871
G1 X113.256 Y115.387 E174.90412
G1 F932.6 X113.714 Y115.29 E174.91914
G1 F965.1 X114.28 Y115.29 E174.9367
G1 F932.6 X114.744 Y115.388 E174.95192
G1 F900 X115.198 Y115.632 E174.96906
G1 X115.581 Y115.974 E174.98614
G1 X115.871 Y116.391 E175.00304
G1 X116.039 Y116.872 E175.01998
G1 F952.4 X116.071 Y117.288 E175.03309
G1 X116.044 Y117.843 E175.05056
G1 F902.3 X115.869 Y118.324 E175.06754
G1 F900 X115.566 Y118.76 E175.0852
G1 X115.191 Y119.09 E175.10181
G1 X114.808 Y119.293 E175.11623
G1 X114.612 Y119.358 E175.1231
G1 X114.815 Y119.426 E175.13022
G1 X115.189 Y119.621 E175.14425
G1 X115.566 Y119.952 E175.16094
G1 X115.871 Y120.391 E175.17871
G1 X116.039 Y120.872 E175.19566
G1 F952.4 X116.071 Y121.288 E175.20877
G1 X116.044 Y121.843 E175.22624
G1 F902.3 X115.869 Y122.324 E175.24322
G1 F900 X115.566 Y122.76 E175.26088
G1 X115.191 Y123.09 E175.27749
G1 X114.808 Y123.293 E175.29191
G1 X114.612 Y123.358 E175.29878
G1 X114.815 Y123.426 E175.3059
G1 X115.189 Y123.621 E175.31993
G1 X115.566 Y123.952 E175.33662
G1 X115.871 Y124.391 E175.35439
G1 X116.039 Y124.872 E175.37134
G1 F952.4 X116.071 Y125.288 E175.38445
G1 X116.044 Y125.843 E175.40192
G1 F902.3 X115.869 Y126.324 E175.4189
G1 F900 X115.566 Y126.76 E175.43656
G1 X115.191 Y127.09 E175.45317
G1 X114.808 Y127.293 E175.46759
G1 X114.612 Y127.358 E175.47446
G1 X114.815 Y127.426 E175.48158
G1 X115.189 Y127.621 E175.49561
G1 X115.566 Y127.952 E175.51229
G1 X115.871 Y128.391 E175.53007
G1 X116.039 Y128.872 E175.54702
G1 F952.4 X116.071 Y129.288 E175.56013
G1 X116.044 Y129.843 E175.5776
G1 F902.3 X115.869 Y130.325 E175.59461
G1 F900 X115.577 Y130.742 E175.61154
G1 X115.2 Y131.079 E175.62836
G1 X114.744 Y131.328 E175.64564
G1 F935.1 X114.27 Y131.422 E175.66111
G1 F973 X113.729 Y131.423 E175.67776
G1 F932.6 X113.259 Y131.331 E175.69313
G1 F900 X112.796 Y131.079 E175.71066
G1 X112.432 Y130.758 E175.7268
G1 X112.136 Y130.331 E175.74408
G1 X111.999 Y129.967 E175.75702
G1 X111.866 Y130.33 E175.76988
G1 X111.57 Y130.755 E175.7871
G1 X111.2 Y131.079 E175.80346
G1 X110.744 Y131.328 E175.82074
G1 F935.1 X110.27 Y131.422 E175.83621
G1 F973 X110 Y131.423 E175.84452
G1 F2700 E170.84452
G0 F6000 X109.445 Y131.613
G0 X108.947 Y131.83
G0 X108.61 Y132.128
G0 X108.357 Y132.497
G0 X108.199 Y132.913
G0 X108.144 Y133.357
G0 X108.144 Y136.357
G0 X108.199 Y136.802
G0 X108.357 Y137.218
G0 X108.611 Y137.588
G0 X108.948 Y137.884
G0 X109.341 Y138.092
G0 X109.776 Y138.199
G0 X110.224 Y138.199
G0 X110.659 Y138.092
G0 X111.052 Y137.884
G0 X111.389 Y137.588
G0 X111.643 Y137.218
G0 X112.611 Y134.588
G0 X112.948 Y134.884
G0 X113.341 Y135.092
G0 X113.776 Y135.199
G0 X114.224 Y135.199
G0 X114.659 Y135.092
G0 X115.052 Y134.884
G0 X115.389 Y134.588
G0 X115.643 Y134.218
G0 X115.801 Y133.802
G0 X116.086 Y130.452
G0 X117.341 Y131.092
G0 X117.776 Y131.199
G0 X118.224 Y131.199
G0 X118.659 Y131.092
G0 X119.052 Y130.884
G0 X119.389 Y130.588
G0 X119.643 Y130.218
G0 X119.801 Y129.802
G0 X119.856 Y129.357
G0 X119.801 Y128.913
G0 X119.643 Y128.497
G0 X119.39 Y128.128
G0 X119.053 Y127.83
G0 X118.658 Y127.622
G0 X118.222 Y127.516
G0 X116.324 Y127.641
G1 F2700 E175.84452
G1 F918.4 X116.674 Y127.348 E175.85939
G1 X116.324 Y127.066 E175.87405
G1 X116.085 Y127.356 E175.88629
G1 X116.324 Y127.641 E175.89842
G0 F6000 X116.278 Y128.345
G1 F900 X116.502 Y128.012 E175.91177
G1 X116.859 Y127.708 E175.92736
G1 X117.285 Y127.476 E175.9435
G1 F873.8 X117.79 Y127.356 E175.96128
G1 F861.2 X117.282 Y127.231 E175.97946
G1 F886.7 X116.86 Y127.001 E175.99569
G1 F900 X116.499 Y126.698 E176.01136
G1 X116.278 Y126.368 E176.02457
G1 X116.173 Y126.587 E176.03265
G1 X115.86 Y127.034 E176.0508
G1 X115.489 Y127.356 E176.06714
G1 X115.86 Y127.678 E176.08348
G1 X116.168 Y128.118 E176.10134
G1 X116.278 Y128.345 E176.10973
G0 F6000 X116.657 Y128.052
G0 X117.79 Y127.356
G1 F857.1 X118.12 Y127.356 E176.12125
G0 F6000 X118.21 Y126.949
G1 F900 X117.825 Y126.946 E176.13406
G1 X117.431 Y126.856 E176.1475
G1 X117.089 Y126.673 E176.1604
G1 X116.797 Y126.424 E176.17317
G1 X116.573 Y126.096 E176.18638
G1 X116.451 Y125.759 E176.1983
G1 F927.8 X116.42 Y125.349 E176.21156
G1 F930.2 X116.452 Y124.954 E176.22432
G1 F906.8 X116.574 Y124.615 E176.23621
G1 F902.3 X116.802 Y124.283 E176.24957
G1 F900 X117.086 Y124.038 E176.26205
G1 X117.435 Y123.85 E176.27523
G1 X117.826 Y123.766 E176.28853
G1 X118.189 Y123.764 E176.30061
G1 X118.58 Y123.856 E176.31397
G1 X118.961 Y124.077 E176.32862
G1 X119.201 Y124.298 E176.33947
G1 X119.381 Y124.554 E176.34988
G1 X119.557 Y124.969 E176.36487
G1 X119.596 Y125.356 E176.37781
G1 X119.556 Y125.742 E176.39071
G1 X119.413 Y126.104 E176.40366
G1 X119.204 Y126.411 E176.41601
G1 X118.958 Y126.633 E176.42703
G1 X118.633 Y126.821 E176.43952
G1 X118.21 Y126.949 E176.45422
G0 F6000 X118.282 Y127.248
G0 X119.052 Y126.884
G0 X119.389 Y126.588
G0 X119.643 Y126.218
G0 X119.801 Y125.802
G0 X119.856 Y125.357
G0 X119.801 Y124.913
G0 X119.643 Y124.497
G0 X119.39 Y124.128
G0 X119.117 Y123.887
G0 X118.12 Y123.356
G1 F857.1 X117.79 Y123.356 E176.46574
G0 F6000 X118.21 Y122.949
G1 F900 X117.825 Y122.946 E176.47855
G1 X117.431 Y122.856 E176.49199
G1 X117.089 Y122.673 E176.50489
G1 X116.797 Y122.424 E176.51766
G1 X116.573 Y122.096 E176.53087
G1 X116.451 Y121.759 E176.54279
G1 F927.8 X116.42 Y121.349 E176.55605
G1 F930.2 X116.452 Y120.954 E176.5688
G1 F906.8 X116.574 Y120.615 E176.5807
G1 F902.3 X116.802 Y120.283 E176.59406
G1 F900 X117.086 Y120.038 E176.60653
G1 X117.435 Y119.85 E176.61972
G1 X117.826 Y119.766 E176.63302
G1 X118.189 Y119.764 E176.64509
G1 X118.58 Y119.856 E176.65845
G1 X118.961 Y120.077 E176.6731
G1 X119.201 Y120.298 E176.68396
G1 X119.381 Y120.554 E176.69436
G1 X119.557 Y120.969 E176.70936
G1 X119.596 Y121.356 E176.72229
G1 X119.556 Y121.742 E176.7352
G1 X119.413 Y122.104 E176.74815
G1 X119.204 Y122.411 E176.7605
G1 X118.958 Y122.633 E176.77152
G1 X118.633 Y122.821 E176.78401
G1 X118.21 Y122.949 E176.79871
G0 F6000 X118.282 Y123.248
G0 X116.324 Y123.641
G1 F918.4 X116.674 Y123.348 E176.81358
G1 X116.324 Y123.066 E176.82824
G1 X116.085 Y123.356 E176.84048
G1 X116.324 Y123.641 E176.85261
G0 F6000 X116.278 Y124.345
G1 F900 X116.502 Y124.012 E176.86596
G1 X116.859 Y123.708 E176.88155
G1 X117.285 Y123.476 E176.89769
G1 F873.8 X117.79 Y123.356 E176.91547
G1 F861.2 X117.282 Y123.231 E176.93365
G1 F886.7 X116.86 Y123.001 E176.94988
G1 F900 X116.499 Y122.698 E176.96555
G1 X116.278 Y122.368 E176.97876
G1 X116.173 Y122.587 E176.98684
G1 X115.86 Y123.034 E177.00499
G1 X115.489 Y123.356 E177.02133
G1 X115.86 Y123.678 E177.03767
G1 X116.168 Y124.118 E177.05553
G1 X116.278 Y124.345 E177.06392
G0 F6000 X117.776 Y123.199
G0 X118.224 Y123.199
G0 X118.659 Y123.092
G0 X119.052 Y122.884
G0 X119.389 Y122.588
G0 X119.643 Y122.218
G0 X119.801 Y121.802
G0 X119.856 Y121.357
G0 X119.801 Y120.913
G0 X119.643 Y120.497
G0 X119.39 Y120.128
G0 X119.053 Y119.83
G0 X118.658 Y119.622
G0 X118.222 Y119.516
G0 X116.324 Y119.641
G1 F918.4 X116.674 Y119.348 E177.0788
G1 X116.324 Y119.066 E177.09345
G1 X116.085 Y119.356 E177.1057
G1 X116.324 Y119.641 E177.11782
G0 F6000 X116.278 Y120.345
G1 F900 X116.502 Y120.012 E177.13117
G1 X116.859 Y119.708 E177.14676
G1 X117.285 Y119.476 E177.1629
G1 F873.8 X117.79 Y119.356 E177.18068
G1 F861.2 X117.282 Y119.231 E177.19886
G1 F886.7 X116.86 Y119.001 E177.21509
G1 F900 X116.499 Y118.698 E177.23076
G1 X116.278 Y118.368 E177.24397
G1 X116.173 Y118.587 E177.25205
G1 X115.86 Y119.034 E177.2702
G1 X115.489 Y119.356 E177.28654
G1 X115.86 Y119.678 E177.30288
G1 X116.168 Y120.118 E177.32074
G1 X116.278 Y120.345 E177.32913
G0 F6000 X116.657 Y120.052
G0 X117.79 Y119.356
G1 F857.1 X118.12 Y119.356 E177.34066
G0 F6000 X118.21 Y118.949
G1 F900 X117.825 Y118.946 E177.35346
G1 X117.431 Y118.856 E177.36691
G1 X117.089 Y118.673 E177.37981
G1 X116.797 Y118.424 E177.39257
G1 X116.573 Y118.096 E177.40578
G1 X116.451 Y117.759 E177.4177
G1 F927.8 X116.42 Y117.349 E177.43097
G1 F930.2 X116.452 Y116.954 E177.44372
G1 F904.5 X116.574 Y116.615 E177.45564
G1 F900 X116.803 Y116.282 E177.46908
G1 X117.095 Y116.032 E177.48187
G1 X117.433 Y115.854 E177.49457
G1 X117.835 Y115.765 E177.50827
G1 X118.167 Y115.765 E177.51931
G1 X118.531 Y115.845 E177.53171
G1 X118.849 Y116.001 E177.54349
G1 X119.143 Y116.238 E177.55605
G1 X119.379 Y116.552 E177.56911
G1 X119.557 Y116.969 E177.58419
G1 X119.596 Y117.356 E177.59713
G1 X119.556 Y117.742 E177.61004
G1 X119.413 Y118.104 E177.62298
G1 X119.204 Y118.411 E177.63533
G1 X118.958 Y118.633 E177.64636
G1 X118.633 Y118.821 E177.65884
G1 X118.21 Y118.949 E177.67354
G0 F6000 X118.282 Y119.248
G0 X119.39 Y120.128
G0 X119.643 Y120.497
G0 X119.801 Y120.913
G0 X119.856 Y121.357
G0 X119.39 Y124.128
G0 X119.643 Y124.497
G0 X119.801 Y124.913
G0 X119.856 Y125.357
G0 X119.39 Y128.128
G0 X119.643 Y128.497
G0 X119.801 Y128.913
G0 X119.856 Y129.357
G0 X119.801 Y129.802
G0 X119.643 Y130.218
G0 X119.389 Y130.588
G0 X119.052 Y130.884
G0 X118.733 Y131.052
G0 X117.832 Y131.26
G0 X117.832 Y130.947
G1 F900 X117.427 Y130.852 E177.68738
G1 X117.099 Y130.68 E177.6997
G1 X116.797 Y130.425 E177.71284
G1 X116.573 Y130.095 E177.72611
G1 X116.451 Y129.759 E177.738
G1 F927.8 X116.42 Y129.349 E177.75126
G1 F930.2 X116.452 Y128.954 E177.76402
G1 F906.8 X116.574 Y128.615 E177.77591
G1 F902.3 X116.802 Y128.283 E177.78927
G1 F900 X117.086 Y128.038 E177.80175
G1 X117.435 Y127.85 E177.81493
G1 X117.826 Y127.766 E177.82823
G1 X118.189 Y127.764 E177.84031
G1 X118.58 Y127.856 E177.85367
G1 X118.961 Y128.077 E177.86832
G1 X119.201 Y128.298 E177.87917
G1 X119.381 Y128.554 E177.88958
G1 X119.557 Y128.969 E177.90457
G1 X119.596 Y129.356 E177.91751
G1 X119.56 Y129.7 E177.92901
G1 X119.446 Y130.031 E177.94065
G1 X119.205 Y130.422 E177.95593
G1 X118.841 Y130.713 E177.97143
G1 X118.531 Y130.862 E177.98287
G1 X118.202 Y130.947 E177.99417
G1 X117.832 Y130.947 E178.00648
G0 F6000 X117.832 Y131.26
G0 X115.337 Y131.296
G0 X115.801 Y132.913
G0 X115.856 Y133.357
G0 X115.801 Y133.802
G0 X115.643 Y134.218
G0 X115.389 Y134.588
G0 X115.052 Y134.884
G0 X114.659 Y135.092
G0 X114.224 Y135.199
G0 X111.643 Y135.497
G0 X111.801 Y135.913
G0 X111.856 Y136.357
G0 X111.801 Y136.802
G0 X111.643 Y137.218
G0 X111.389 Y137.588
G0 X111.052 Y137.884
G0 X110.659 Y138.092
G0 X110.224 Y138.199
G0 X109.776 Y138.199
G0 X109.341 Y138.092
G0 X108.948 Y137.884
G0 X108.611 Y137.588
G0 X108.357 Y137.218
G0 X107.389 Y134.588
G0 X107.052 Y134.884
G0 X106.659 Y135.092
G0 X106.224 Y135.199
G0 X105.776 Y135.199
G0 X105.341 Y135.092
G0 X104.948 Y134.884
G0 X104.611 Y134.588
G0 X104.357 Y134.218
G0 X104.199 Y133.802
G0 X104.144 Y133.357
G0 X104.199 Y132.913
G0 X104.586 Y131.416
G0 X102.28 Y131.248
G0 X102.207 Y130.947
G1 F900 X101.797 Y130.947 E178.02011
G1 X101.48 Y130.866 E178.031
G1 X101.159 Y130.715 E178.0428
G1 X100.791 Y130.423 E178.05842
G1 X100.55 Y130.031 E178.07372
G1 X100.437 Y129.7 E178.08536
G1 X100.404 Y129.426 E178.09454
G1 X100.436 Y128.982 E178.10934
G1 X100.583 Y128.608 E178.12271
G1 X100.795 Y128.298 E178.1352
G1 X101.086 Y128.038 E178.14818
G1 X101.435 Y127.85 E178.16136
G1 X101.826 Y127.766 E178.17466
G1 X102.189 Y127.764 E178.18674
G1 X102.58 Y127.856 E178.2001
G1 X102.961 Y128.077 E178.21475
G1 X103.228 Y128.332 E178.22703
G1 X103.424 Y128.616 E178.23851
G1 F904.5 X103.544 Y128.954 E178.25037
G1 F930.2 X103.576 Y129.349 E178.26313
G1 F927.8 X103.545 Y129.759 E178.27639
G1 F900 X103.423 Y130.095 E178.28828
G1 X103.199 Y130.425 E178.30155
G1 X102.898 Y130.68 E178.31467
G1 X102.599 Y130.837 E178.3259
G1 X102.207 Y130.947 E178.33944
G0 F6000 X102.28 Y131.248
G0 X101.341 Y131.092
G0 X100.948 Y130.884
G0 X100.611 Y130.588
G0 X100.357 Y130.218
G0 X100.199 Y129.802
G0 X100.144 Y129.357
G0 X100.611 Y126.588
G0 X100.357 Y126.218
G0 X100.199 Y125.802
G0 X100.144 Y125.357
G0 X100.611 Y122.588
G0 X100.357 Y122.218
G0 X100.199 Y121.802
G0 X100.144 Y121.357
G0 X100.199 Y120.913
G0 X100.357 Y120.497
G0 X100.61 Y120.128
G0 X100.947 Y119.83
G0 X101.342 Y119.622
G0 X101.778 Y119.516
G0 X103.674 Y119.648
G1 F916 X103.914 Y119.356 E178.35179
G1 X103.674 Y119.063 E178.36417
G1 X103.481 Y119.234 E178.3726
G1 X103.305 Y119.354 E178.37956
G1 X103.481 Y119.475 E178.38654
G1 X103.674 Y119.648 E178.39501
G0 F6000 X103.72 Y120.348
G1 F900 X103.831 Y120.118 E178.4035
G1 X104.134 Y119.684 E178.42111
G1 X104.507 Y119.356 E178.43763
G1 X104.134 Y119.028 E178.45415
G1 X103.826 Y118.587 E178.47204
G1 X103.72 Y118.362 E178.48031
G1 X103.552 Y118.618 E178.49049
G1 X103.221 Y118.935 E178.50574
G1 X102.818 Y119.176 E178.52136
G1 F895.5 X102.367 Y119.321 E178.53719
G1 F878 X102.12 Y119.356 E178.5457
G1 F873.8 X102.506 Y119.412 E178.55906
G1 F891.1 X102.823 Y119.536 E178.57049
G1 F900 X103.222 Y119.774 E178.58594
G1 X103.55 Y120.094 E178.60119
G1 X103.72 Y120.348 E178.61135
G0 F6000 X103.18 Y119.929
G0 X102.12 Y119.356
G1 F857.1 X101.79 Y119.356 E178.62288
G0 F6000 X100.947 Y119.83
G0 X100.61 Y120.128
G0 X100.357 Y120.497
G0 X100.199 Y120.913
G0 X100.144 Y121.357
G0 X100.61 Y124.128
G0 X100.357 Y124.497
G0 X100.199 Y124.913
G0 X100.144 Y125.357
G0 X100.61 Y128.128
G0 X100.357 Y128.497
G0 X100.199 Y128.913
G0 X100.144 Y129.357
G0 X100.199 Y129.802
G0 X100.357 Y130.218
G0 X100.611 Y130.588
G0 X100.948 Y130.884
G0 X101.341 Y131.092
G0 X101.776 Y131.199
G0 X104.663 Y131.296
G0 X104.199 Y132.913
G0 X104.144 Y133.357
G0 X104.199 Y133.802
G0 X104.357 Y134.218
G0 X104.611 Y134.588
G0 X104.948 Y134.884
G0 X105.341 Y135.092
G0 X105.776 Y135.199
G0 X108.357 Y135.497
G0 X108.199 Y135.913
G0 X108.144 Y136.357
G0 X108.199 Y136.802
G0 X108.357 Y137.218
G0 X108.563 Y137.518
G0 X110 Y138.743
G1 F900 X109.876 Y138.748 E178.627
G1 X109.415 Y138.69 E178.64246
G1 X108.89 Y138.491 E178.66113
G1 X108.408 Y138.166 E178.68047
G1 X108.09 Y137.807 E178.69642
G1 X107.853 Y137.434 E178.71112
G1 X107.664 Y136.952 E178.72834
G1 X107.595 Y136.405 E178.74667
G1 X107.647 Y135.842 E178.76548
G1 F886.7 X107.796 Y135.398 E178.78129
G1 F697.7 X107.866 Y135.037 E178.79707
G1 X107.523 Y135.209 E178.81353
G1 F886.7 X107.21 Y135.423 E178.82633
G1 F900 X106.798 Y135.624 E178.84158
G1 X106.264 Y135.746 E178.8598
G1 X105.689 Y135.743 E178.87892
G1 X105.293 Y135.644 E178.8925
G1 X105.008 Y135.536 E178.90263
G1 X104.646 Y135.339 E178.91634
G1 X104.329 Y135.077 E178.93002
G1 X104.153 Y134.893 E178.93849
G1 X103.861 Y134.475 E178.95545
G1 X103.689 Y134.008 E178.972
G1 X103.637 Y133.759 E178.98046
G1 X103.594 Y133.353 E178.99404
G1 X103.663 Y132.771 E179.01353
G1 X103.863 Y132.241 E179.03237
G1 X104.098 Y131.896 E179.04626
G1 X104.277 Y131.686 E179.05544
G1 X103.856 Y131.318 E179.07403
G1 X103.674 Y131.069 E179.08429
G1 X103.366 Y131.34 E179.09794
G1 X102.849 Y131.606 E179.11727
G1 X102.29 Y131.745 E179.13643
G1 X101.677 Y131.744 E179.15682
G1 X101.235 Y131.628 E179.17202
G1 X100.796 Y131.428 E179.18807
G1 X100.408 Y131.166 E179.20364
G1 X100.012 Y130.72 E179.22347
G1 X99.752 Y130.218 E179.24228
G1 X99.649 Y129.838 E179.25537
G1 X99.595 Y129.409 E179.26975
G1 X99.637 Y128.953 E179.28498
G1 X99.717 Y128.624 E179.29625
G1 X99.898 Y128.182 E179.31213
G1 X100.23 Y127.719 E179.33108
G1 X100.654 Y127.36 E179.34956
G1 X100.182 Y126.949 E179.37038
G1 X99.878 Y126.482 E179.38891
G1 X99.717 Y126.088 E179.40307
G1 X99.649 Y125.838 E179.41168
G1 X99.595 Y125.409 E179.42606
G1 X99.637 Y124.953 E179.44129
G1 X99.717 Y124.624 E179.45256
G1 X99.898 Y124.182 E179.46844
G1 X100.23 Y123.719 E179.48739
G1 X100.654 Y123.36 E179.50587
G1 X100.182 Y122.949 E179.52669
G1 X99.878 Y122.482 E179.54522
G1 X99.717 Y122.088 E179.55938
G1 X99.649 Y121.838 E179.56799
G1 X99.595 Y121.409 E179.58237
G1 X99.637 Y120.953 E179.5976
G1 X99.717 Y120.624 E179.60887
G1 X99.898 Y120.182 E179.62475
G1 X100.23 Y119.719 E179.6437
G1 X100.654 Y119.36 E179.66218
G1 X100.182 Y118.949 E179.683
G1 X99.878 Y118.482 E179.70153
G1 X99.717 Y118.088 E179.71569
G1 X99.649 Y117.838 E179.7243
G1 X99.595 Y117.409 E179.73868
G1 X99.637 Y116.953 E179.75391
G1 X99.745 Y116.507 E179.76918
G1 X100.015 Y115.988 E179.78864
G1 X100.402 Y115.55 E179.80808
G1 X100.867 Y115.231 E179.82683
G1 X101.235 Y115.08 E179.84006
G1 X101.686 Y114.969 E179.85551
G1 X102.269 Y114.962 E179.8749
G1 X102.859 Y115.105 E179.89509
G1 X103.346 Y115.367 E179.91349
G1 X103.674 Y115.639 E179.92766
G1 X103.856 Y115.394 E179.93781
G1 X104.277 Y115.026 E179.95641
G1 X104.09 Y114.808 E179.96596
G1 X103.863 Y114.47 E179.9795
G1 X103.66 Y113.927 E179.99878
G1 X103.594 Y113.357 E180.01787
G1 X103.655 Y112.811 E180.03614
G1 X103.84 Y112.291 E180.0545
G1 X104.157 Y111.803 E180.07385
G1 X104.586 Y111.403 E180.09336
G1 X105.146 Y111.096 E180.1146
G1 X105.73 Y110.963 E180.13452
G1 X106.27 Y110.967 E180.15248
G1 X106.68 Y111.057 E180.16645
G1 X107.015 Y111.184 E180.17836
G1 X107.354 Y111.373 E180.19127
G1 X107.496 Y111.485 E180.19729
G1 F703.1 X107.862 Y111.67 E180.21475
G1 X107.791 Y111.283 E180.2315
G1 F900 X107.671 Y110.941 E180.24355
G1 X107.586 Y110.366 E180.26288
G1 X107.665 Y109.761 E180.28318
G1 X107.87 Y109.227 E180.3022
G1 X108.203 Y108.743 E180.32174
G1 X108.637 Y108.369 E180.3408
G1 X109.077 Y108.139 E180.35731
G1 X109.32 Y108.057 E180.36584
G1 X109.715 Y107.968 E180.37931
G1 X110.289 Y107.968 E180.3984
G1 X110.863 Y108.107 E180.41804
G1 X111.368 Y108.375 E180.43706
G1 X111.816 Y108.776 E180.45705
G1 X112.121 Y109.218 E180.47492
G1 X112.33 Y109.753 E180.49402
G1 X112.41 Y110.362 E180.51445
G1 X112.328 Y110.93 E180.53354
G1 X112.207 Y111.283 E180.54595
G1 F703.1 X112.134 Y111.67 E180.56271
G1 X112.499 Y111.483 E180.58017
G1 F900 X112.641 Y111.373 E180.58615
G1 X113.151 Y111.094 E180.60548
G1 X113.732 Y110.967 E180.62526
G1 X114.295 Y110.969 E180.64399
G1 X114.858 Y111.098 E180.6632
G1 X115.361 Y111.377 E180.68233
G1 X115.756 Y111.71 E180.69951
G1 X116.135 Y112.23 E180.72092
G1 X116.334 Y112.779 E180.74034
G1 X116.402 Y113.354 E180.7596
G1 X116.337 Y113.923 E180.77864
G1 X116.134 Y114.468 E180.79799
G1 X115.907 Y114.808 E180.81159
G1 X115.719 Y115.026 E180.82116
G1 X116.15 Y115.4 E180.84014
G1 X116.31 Y115.622 E180.84924
G1 X116.716 Y115.326 E180.86595
G1 X117.149 Y115.102 E180.88217
G1 X117.715 Y114.967 E180.90152
G1 X118.302 Y114.968 E180.92104
G1 X118.764 Y115.08 E180.93686
G1 X119.138 Y115.235 E180.95032
G1 X119.595 Y115.552 E180.96882
G1 X119.982 Y115.988 E180.98821
G1 X120.253 Y116.512 E181.00783
G1 X120.359 Y116.953 E181.02292
G1 X120.401 Y117.407 E181.03808
G1 X120.348 Y117.838 E181.05252
G1 X120.28 Y118.088 E181.06114
G1 X120.118 Y118.482 E181.07531
G1 X119.85 Y118.893 E181.09163
G1 X119.561 Y119.184 E181.10527
G1 X119.334 Y119.339 E181.11441
G1 X119.775 Y119.731 E181.13404
G1 X120.099 Y120.183 E181.15253
G1 X120.28 Y120.624 E181.16839
G1 X120.359 Y120.953 E181.17964
G1 X120.401 Y121.407 E181.19481
G1 X120.348 Y121.838 E181.20925
G1 X120.28 Y122.088 E181.21787
G1 X120.118 Y122.482 E181.23204
G1 X119.85 Y122.893 E181.24836
G1 X119.561 Y123.184 E181.262
G1 X119.334 Y123.339 E181.27114
G1 X119.775 Y123.731 E181.29076
G1 X120.099 Y124.183 E181.30926
G1 X120.28 Y124.624 E181.32512
G1 X120.359 Y124.953 E181.33637
G1 X120.401 Y125.407 E181.35153
G1 X120.348 Y125.838 E181.36598
G1 X120.28 Y126.088 E181.37459
G1 X120.118 Y126.482 E181.38876
G1 X119.85 Y126.893 E181.40508
G1 X119.561 Y127.184 E181.41872
G1 X119.334 Y127.339 E181.42787
G1 X119.775 Y127.731 E181.44749
G1 X120.099 Y128.183 E181.46599
G1 X120.28 Y128.624 E181.48184
G1 X120.359 Y128.953 E181.4931
G1 X120.401 Y129.407 E181.50826
G1 X120.348 Y129.838 E181.5227
G1 X120.246 Y130.214 E181.53566
G1 X119.982 Y130.722 E181.5547
G1 X119.589 Y131.165 E181.5744
G1 X119.125 Y131.481 E181.59307
G1 X118.764 Y131.628 E181.60604
G1 X118.306 Y131.744 E181.62175
G1 X117.706 Y131.745 E181.64171
G1 X117.149 Y131.606 E181.6608
G1 X116.631 Y131.34 E181.68017
G1 X116.325 Y131.072 E181.6937
G1 X116.141 Y131.32 E181.70397
G1 X115.719 Y131.687 E181.72257
G1 X115.899 Y131.895 E181.73172
G1 X116.148 Y132.268 E181.74663
G1 X116.333 Y132.771 E181.76446
G1 X116.402 Y133.355 E181.78402
G1 X116.337 Y133.929 E181.80323
G1 X116.137 Y134.472 E181.82248
G1 X115.844 Y134.893 E181.83954
G1 X115.57 Y135.178 E181.85269
G1 X115.114 Y135.489 E181.87104
G1 X114.702 Y135.645 E181.8857
G1 X114.28 Y135.749 E181.90015
G1 X113.723 Y135.744 E181.91868
G1 X113.201 Y135.623 E181.9365
G1 X112.702 Y135.383 E181.95492
G1 X112.513 Y135.237 E181.96286
G1 F701.8 X112.147 Y135.058 E181.98024
G1 X112.212 Y135.445 E181.99698
G1 F900 X112.348 Y135.844 E182.011
G1 X112.402 Y136.394 E182.02938
G1 X112.331 Y136.96 E182.04835
G1 X112.143 Y137.434 E182.06531
G1 X111.906 Y137.808 E182.08004
G1 X111.589 Y138.165 E182.09592
G1 X111.113 Y138.489 E182.11507
G1 X110.701 Y138.645 E182.12972
G1 X110.362 Y138.728 E182.14133
G1 X110 Y138.743 E182.15338
G0 F6000 X110 Y138.344
G1 F900 X109.876 Y138.348 E182.15751
G1 X109.49 Y138.3 E182.17045
G1 X108.978 Y138.072 E182.18909
G1 X108.591 Y137.775 E182.20531
G1 X108.421 Y137.583 E182.21384
G1 X108.213 Y137.259 E182.22665
G1 X108.052 Y136.846 E182.24139
G1 X107.996 Y136.389 E182.25671
G1 X108.042 Y135.918 E182.27245
G1 X108.214 Y135.429 E182.28969
G1 X108.491 Y135.038 E182.30562
G1 X108.683 Y134.855 E182.31445
G1 X108.49 Y134.673 E182.32327
G1 X108.205 Y134.27 E182.33969
G1 F895.5 X108.033 Y133.712 E182.3592
G1 F882.4 X107.998 Y133.443 E182.36841
G1 X107.963 Y133.712 E182.37761
G1 F895.5 X107.79 Y134.273 E182.39723
G1 F900 X107.465 Y134.726 E182.41578
G1 X107.094 Y135.035 E182.43184
G1 X106.672 Y135.242 E182.44747
G1 X106.225 Y135.347 E182.46274
G1 X105.775 Y135.348 E182.47771
G1 X105.29 Y135.232 E182.49429
G1 X104.87 Y135.008 E182.51013
G1 X104.506 Y134.704 E182.5259
G1 X104.204 Y134.252 E182.54398
G1 X104.045 Y133.813 E182.55951
G1 X103.994 Y133.336 E182.57547
G1 X104.053 Y132.872 E182.59102
G1 X104.219 Y132.427 E182.60682
G1 X104.482 Y132.041 E182.62235
G1 X104.764 Y131.783 E182.63507
G1 X104.983 Y131.636 E182.64384
G1 X104.595 Y131.432 E182.65842
G1 X104.147 Y131.041 E182.6782
G1 X103.826 Y130.587 E182.69669
G1 X103.72 Y130.362 E182.70496
G1 X103.502 Y130.694 E182.71817
G1 X103.121 Y131.012 E182.73468
G1 X102.711 Y131.229 E182.75011
G1 X102.24 Y131.346 E182.76625
G1 X101.731 Y131.345 E182.78318
G1 X101.352 Y131.245 E182.79622
G1 X100.978 Y131.072 E182.80992
G1 X100.591 Y130.775 E182.82615
G1 X100.421 Y130.583 E182.83468
G1 X100.175 Y130.171 E182.85064
G1 X100.043 Y129.769 E182.86471
G1 X99.996 Y129.394 E182.87728
G1 X100.046 Y128.876 E182.89459
G1 X100.23 Y128.419 E182.91097
G1 X100.518 Y127.999 E182.92791
G1 X100.859 Y127.708 E182.94282
G1 X101.285 Y127.476 E182.95896
G1 F873.8 X101.79 Y127.356 E182.97674
G1 F861.2 X101.282 Y127.231 E182.99492
G1 F886.7 X100.86 Y127.001 E183.01115
G1 F900 X100.517 Y126.713 E183.02604
G1 X100.23 Y126.293 E183.04296
G1 X100.054 Y125.856 E183.05863
G1 X99.996 Y125.394 E183.07412
G1 X100.046 Y124.876 E183.09143
G1 X100.23 Y124.419 E183.10781
G1 X100.518 Y123.999 E183.12475
G1 X100.859 Y123.708 E183.13966
G1 X101.285 Y123.476 E183.15579
G1 F873.8 X101.79 Y123.356 E183.17358
G1 F861.2 X101.282 Y123.231 E183.19176
G1 F886.7 X100.86 Y123.001 E183.20798
G1 F900 X100.517 Y122.713 E183.22288
G1 X100.23 Y122.293 E183.2398
G1 X100.054 Y121.856 E183.25547
G1 X99.996 Y121.394 E183.27096
G1 X100.046 Y120.876 E183.28826
G1 X100.23 Y120.419 E183.30465
G1 X100.518 Y119.999 E183.32159
G1 X100.859 Y119.708 E183.3365
G1 X101.285 Y119.476 E183.35263
G1 F873.8 X101.79 Y119.356 E183.37041
G1 F861.2 X101.282 Y119.231 E183.3886
G1 F886.7 X100.86 Y119.001 E183.40482
G1 F900 X100.517 Y118.713 E183.41972
G1 X100.23 Y118.293 E183.43664
G1 X100.054 Y117.856 E183.45231
G1 X99.996 Y117.394 E183.46779
G1 X100.034 Y117 E183.48096
G1 X100.175 Y116.541 E183.49693
G1 X100.427 Y116.122 E183.51319
G1 X100.845 Y115.701 E183.53292
G1 X101.352 Y115.463 E183.55155
G1 X101.754 Y115.366 E183.56531
G1 X102.255 Y115.366 E183.58197
G1 X102.715 Y115.481 E183.59774
G1 X103.077 Y115.67 E183.61132
G1 X103.492 Y116.007 E183.6291
G1 X103.72 Y116.348 E183.64275
G1 X103.831 Y116.118 E183.65124
G1 X104.146 Y115.672 E183.6694
G1 X104.601 Y115.276 E183.68946
G1 X104.988 Y115.076 E183.70395
G1 X104.775 Y114.935 E183.71245
G1 X104.478 Y114.668 E183.72573
G1 X104.219 Y114.284 E183.74114
G1 X104.05 Y113.829 E183.75728
G1 X103.996 Y113.356 E183.77311
G1 X104.044 Y112.906 E183.78817
G1 X104.203 Y112.461 E183.80388
G1 X104.474 Y112.05 E183.82026
G1 X104.825 Y111.727 E183.83612
G1 X105.28 Y111.479 E183.85336
G1 X105.774 Y111.362 E183.87024
G1 X106.259 Y111.373 E183.88638
G1 X106.714 Y111.475 E183.90189
G1 X107.17 Y111.726 E183.9192
G1 X107.484 Y112.014 E183.93337
G1 X107.788 Y112.434 E183.95062
G1 F891.1 X107.965 Y112.999 E183.97051
G1 F873.8 X107.998 Y113.239 E183.9788
G1 X108.031 Y112.999 E183.9871
G1 F891.1 X108.207 Y112.437 E184.00689
G1 F900 X108.491 Y112.038 E184.02318
G1 X108.683 Y111.855 E184.032
G1 X108.49 Y111.673 E184.04082
G1 X108.206 Y111.257 E184.05757
G1 X108.058 Y110.843 E184.0722
G1 X107.995 Y110.387 E184.08751
G1 X108.054 Y109.856 E184.10528
G1 X108.233 Y109.414 E184.12114
G1 X108.497 Y109.018 E184.13697
G1 X108.875 Y108.691 E184.15359
G1 X109.308 Y108.47 E184.16976
G1 X109.764 Y108.367 E184.18531
G1 X110.244 Y108.367 E184.20128
G1 X110.733 Y108.486 E184.21801
G1 X111.158 Y108.715 E184.23407
G1 X111.516 Y109.043 E184.25022
G1 X111.772 Y109.42 E184.26538
G1 X111.944 Y109.867 E184.28131
G1 X112.001 Y110.392 E184.29887
G1 X111.939 Y110.835 E184.31375
G1 X111.793 Y111.252 E184.32844
G1 X111.535 Y111.646 E184.34411
G1 X111.312 Y111.855 E184.35427
G1 X111.505 Y112.038 E184.36312
G1 X111.789 Y112.437 E184.37941
G1 F891.1 X111.965 Y112.999 E184.39919
G1 F873.8 X111.998 Y113.239 E184.40749
G1 X112.031 Y112.999 E184.41579
G1 F891.1 X112.208 Y112.434 E184.43568
G1 F900 X112.512 Y112.014 E184.45292
G1 X112.827 Y111.725 E184.46714
G1 X113.293 Y111.473 E184.48476
G1 X113.74 Y111.373 E184.5
G1 X114.229 Y111.362 E184.51627
G1 X114.747 Y111.492 E184.53403
G1 X115.135 Y111.707 E184.54878
G1 X115.469 Y111.991 E184.56336
G1 X115.757 Y112.394 E184.57984
G1 X115.942 Y112.861 E184.59655
G1 X116.002 Y113.372 E184.61366
G1 X115.945 Y113.833 E184.62911
G1 X115.777 Y114.283 E184.64508
G1 X115.521 Y114.666 E184.66041
G1 X115.221 Y114.935 E184.67381
G1 X115.008 Y115.076 E184.6823
G1 X115.398 Y115.278 E184.69691
G1 X115.862 Y115.68 E184.71733
G1 X116.168 Y116.118 E184.7351
G1 X116.278 Y116.345 E184.74349
G1 X116.503 Y116.01 E184.75691
G1 X116.873 Y115.699 E184.77299
G1 X117.287 Y115.479 E184.78858
G1 X117.759 Y115.366 E184.80473
G1 X118.246 Y115.366 E184.82092
G1 X118.647 Y115.463 E184.83465
G1 X119.036 Y115.647 E184.84896
G1 X119.408 Y115.939 E184.86469
G1 X119.709 Y116.326 E184.88099
G1 X119.949 Y116.862 E184.90053
G1 X119.996 Y117.356 E184.91703
G1 X119.954 Y117.769 E184.93084
G1 X119.79 Y118.266 E184.94825
G1 X119.507 Y118.672 E184.96471
G1 X119.221 Y118.935 E184.97763
G1 X118.818 Y119.176 E184.99325
G1 F895.5 X118.367 Y119.321 E185.00908
G1 F878 X118.12 Y119.356 E185.01759
G1 F873.8 X118.506 Y119.412 E185.03095
G1 F891.1 X118.823 Y119.536 E185.04238
G1 F900 X119.222 Y119.774 E185.05784
G1 X119.505 Y120.038 E185.07071
G1 X119.766 Y120.419 E185.08607
G1 X119.95 Y120.876 E185.10246
G1 X119.996 Y121.356 E185.11849
G1 X119.954 Y121.769 E185.1323
G1 X119.79 Y122.266 E185.14971
G1 X119.507 Y122.672 E185.16617
G1 X119.221 Y122.935 E185.17909
G1 X118.818 Y123.176 E185.19471
G1 F895.5 X118.367 Y123.321 E185.21054
G1 F878 X118.12 Y123.356 E185.21905
G1 F873.8 X118.506 Y123.412 E185.23241
G1 F891.1 X118.823 Y123.536 E185.24385
G1 F900 X119.222 Y123.774 E185.2593
G1 X119.505 Y124.038 E185.27217
G1 X119.766 Y124.419 E185.28753
G1 X119.95 Y124.876 E185.30392
G1 X119.996 Y125.356 E185.31995
G1 X119.954 Y125.769 E185.33376
G1 X119.79 Y126.266 E185.35117
G1 X119.507 Y126.672 E185.36763
G1 X119.221 Y126.935 E185.38055
G1 X118.818 Y127.176 E185.39617
G1 F895.5 X118.367 Y127.321 E185.412
G1 F878 X118.12 Y127.356 E185.42051
G1 F873.8 X118.506 Y127.412 E185.43387
G1 F891.1 X118.823 Y127.536 E185.44531
G1 F900 X119.222 Y127.774 E185.46076
G1 X119.505 Y128.038 E185.47363
G1 X119.766 Y128.419 E185.48899
G1 X119.95 Y128.876 E185.50538
G1 X119.996 Y129.356 E185.52141
G1 X119.954 Y129.769 E185.53522
G1 X119.821 Y130.172 E185.54934
G1 X119.576 Y130.583 E185.56525
G1 X119.405 Y130.775 E185.5738
G1 X119.025 Y131.068 E185.58976
G1 X118.648 Y131.245 E185.60361
G1 X118.249 Y131.346 E185.6173
G1 X117.734 Y131.346 E185.63443
G1 X117.289 Y131.228 E185.64975
G1 X116.918 Y131.039 E185.66359
G1 X116.504 Y130.705 E185.68129
G1 X116.278 Y130.368 E185.69478
G1 X116.173 Y130.587 E185.70286
G1 X115.853 Y131.04 E185.72131
G1 X115.399 Y131.434 E185.7413
G1 X115.014 Y131.636 E185.75576
G1 X115.231 Y131.783 E185.76448
G1 X115.517 Y132.043 E185.77733
G1 X115.778 Y132.432 E185.79291
G1 X115.942 Y132.864 E185.80828
G1 X116.002 Y133.337 E185.82414
G1 X115.947 Y133.834 E185.84077
G1 X115.772 Y134.282 E185.85677
G1 X115.531 Y134.644 E185.87123
G1 X115.221 Y134.935 E185.88538
G1 X114.734 Y135.226 E185.90424
G1 X114.236 Y135.349 E185.92131
G1 X113.727 Y135.345 E185.93824
G1 X113.291 Y135.224 E185.95329
G1 X112.906 Y135.037 E185.96752
G1 X112.535 Y134.729 E185.98356
G1 X112.207 Y134.275 E186.00219
G1 F895.5 X112.033 Y133.712 E186.02188
G1 F882.4 X111.998 Y133.443 E186.03109
G1 X111.963 Y133.712 E186.04029
G1 F895.5 X111.791 Y134.27 E186.05981
G1 F900 X111.506 Y134.673 E186.07623
G1 X111.312 Y134.855 E186.08507
G1 X111.505 Y135.038 E186.09392
G1 X111.784 Y135.432 E186.10998
G1 X111.956 Y135.924 E186.12731
G1 X111.997 Y136.347 E186.14145
G1 X111.944 Y136.847 E186.15817
G1 X111.802 Y137.219 E186.17141
G1 X111.576 Y137.583 E186.18566
G1 X111.31 Y137.882 E186.19897
G1 X110.733 Y138.226 E186.22132
G1 X110.293 Y138.334 E186.23639
G1 X110 Y138.344 E186.24614
G0 F6000 X108.948 Y137.884
G0 X108.611 Y137.588
G0 X108.357 Y137.218
G0 X107.389 Y134.588
G0 X107.052 Y134.884
G0 X106.659 Y135.092
G0 X106.224 Y135.199
G0 X105.776 Y135.199
G0 X105.341 Y135.092
G0 X104.948 Y134.884
G0 X104.611 Y134.588
G0 X104.357 Y134.218
G0 X104.199 Y133.802
G0 X103.914 Y130.452
G0 X102.659 Y131.092
G0 X102.224 Y131.199
G0 X101.776 Y131.199
G0 X101.341 Y131.092
G0 X100.948 Y130.884
G0 X100.611 Y130.588
G0 X100.357 Y130.218
G0 X100.199 Y129.802
G0 X100.144 Y129.357
G0 X100.611 Y126.588
G0 X100.357 Y126.218
G0 X100.199 Y125.802
G0 X100.144 Y125.357
G0 X100.611 Y122.588
G0 X100.357 Y122.218
G0 X100.199 Y121.802
G0 X100.144 Y121.357
G0 X100.199 Y120.913
G0 X100.357 Y120.497
G0 X100.61 Y120.128
G0 X100.947 Y119.83
G0 X102.282 Y119.248
G0 X102.21 Y118.949
G1 F900 X101.825 Y118.946 E186.25894
G1 X101.431 Y118.856 E186.27238
G1 X101.089 Y118.673 E186.28529
G1 X100.792 Y118.411 E186.29846
G1 X100.583 Y118.104 E186.31081
G1 X100.442 Y117.746 E186.32361
G1 X100.4 Y117.356 E186.33665
G1 X100.431 Y117.046 E186.34702
G1 X100.55 Y116.681 E186.35979
G1 X100.757 Y116.348 E186.37283
G1 X101.08 Y116.033 E186.38783
G1 X101.469 Y115.846 E186.40219
G1 X101.832 Y115.765 E186.41456
G1 X102.164 Y115.765 E186.4256
G1 X102.567 Y115.854 E186.43933
G1 X102.902 Y116.033 E186.45196
G1 X103.194 Y116.282 E186.46472
G1 X103.425 Y116.617 E186.47826
G1 F904.5 X103.544 Y116.954 E186.49009
G1 F930.2 X103.576 Y117.349 E186.50284
G1 F927.8 X103.545 Y117.759 E186.5161
G1 F900 X103.423 Y118.095 E186.52799
G1 X103.23 Y118.379 E186.53941
G1 X102.958 Y118.633 E186.55179
G1 X102.633 Y118.821 E186.56428
G1 X102.21 Y118.949 E186.57898
G0 F6000 X101.859 Y118.548
;TYPE:WALL-OUTER
G1 F900 X101.593 Y118.482 E186.58809
G1 X101.317 Y118.345 E186.59834
G1 X101.115 Y118.171 E186.60721
G1 X100.935 Y117.915 E186.61762
G1 X100.84 Y117.667 E186.62645
G1 X100.8 Y117.356 E186.63688
G1 X100.84 Y117.045 E186.64731
G1 X100.924 Y116.821 E186.65527
G1 X101.087 Y116.574 E186.66511
G1 X101.335 Y116.354 E186.67614
G1 X101.585 Y116.228 E186.68545
G1 X101.864 Y116.164 E186.69497
G1 X102.135 Y116.164 E186.70398
G1 X102.416 Y116.229 E186.71357
G1 X102.68 Y116.365 E186.72345
G1 X102.906 Y116.569 E186.73358
G1 X103.05 Y116.778 E186.74202
G1 X103.161 Y117.061 E186.75213
G1 X103.196 Y117.374 E186.76261
G1 X103.161 Y117.651 E186.77189
G1 X103.072 Y117.891 E186.78041
G1 X102.909 Y118.14 E186.7903
G1 X102.696 Y118.331 E186.79982
G1 X102.449 Y118.466 E186.80918
G1 X102.167 Y118.543 E186.8189
G1 X101.859 Y118.548 E186.82915
G1 F2700 E181.82915
G0 F6000 X101.859 Y118.86
G0 X100.714 Y120.684
G0 X100.59 Y121.01
G0 X100.547 Y121.357
G0 X100.59 Y121.705
G0 X100.714 Y122.031
G0 X100.913 Y122.321
G0 X101.126 Y122.508
G0 X101.859 Y122.86
G0 X101.859 Y122.548
G1 F2700 E186.82915
G1 F900 X101.593 Y122.482 E186.83826
G1 X101.317 Y122.345 E186.84851
G1 X101.115 Y122.171 E186.85738
G1 X100.935 Y121.915 E186.86779
G1 X100.84 Y121.667 E186.87662
G1 X100.801 Y121.38 E186.88626
G1 X100.84 Y121.045 E186.89747
G1 X100.924 Y120.821 E186.90543
G1 X101.099 Y120.558 E186.91594
G1 X101.314 Y120.367 E186.9255
G1 X101.553 Y120.241 E186.93449
G1 X101.862 Y120.164 E186.94508
G1 X102.167 Y120.169 E186.95523
G1 X102.406 Y120.226 E186.9634
G1 X102.701 Y120.382 E186.9745
G1 X102.906 Y120.569 E186.98373
G1 X103.05 Y120.778 E186.99217
G1 X103.161 Y121.061 E187.00228
G1 X103.196 Y121.374 E187.01275
G1 X103.161 Y121.651 E187.02204
G1 X103.072 Y121.891 E187.03055
G1 X102.909 Y122.14 E187.04045
G1 X102.696 Y122.331 E187.04997
G1 X102.449 Y122.466 E187.05933
G1 X102.167 Y122.543 E187.06905
G1 X101.859 Y122.548 E187.0793
G1 F2700 E182.0793
G0 F6000 X101.859 Y122.86
G0 X100.714 Y124.684
G0 X100.59 Y125.01
G0 X100.547 Y125.357
G0 X100.59 Y125.705
G0 X100.714 Y126.031
G0 X100.913 Y126.321
G0 X101.126 Y126.508
G0 X101.859 Y126.86
G0 X101.859 Y126.548
G1 F2700 E187.0793
G1 F900 X101.593 Y126.482 E187.08841
G1 X101.317 Y126.345 E187.09866
G1 X101.115 Y126.171 E187.10753
G1 X100.935 Y125.915 E187.11794
G1 X100.84 Y125.667 E187.12677
G1 X100.801 Y125.38 E187.1364
G1 X100.84 Y125.045 E187.14762
G1 X100.924 Y124.821 E187.15558
G1 X101.099 Y124.558 E187.16609
G1 X101.314 Y124.367 E187.17565
G1 X101.553 Y124.241 E187.18464
G1 X101.862 Y124.164 E187.19523
G1 X102.167 Y124.169 E187.20537
G1 X102.406 Y124.226 E187.21355
G1 X102.701 Y124.382 E187.22465
G1 X102.906 Y124.569 E187.23387
G1 X103.05 Y124.778 E187.24232
G1 X103.161 Y125.061 E187.25243
G1 X103.196 Y125.374 E187.2629
G1 X103.161 Y125.651 E187.27219
G1 X103.072 Y125.891 E187.2807
G1 X102.909 Y126.14 E187.2906
G1 X102.696 Y126.331 E187.30012
G1 X102.449 Y126.466 E187.30948
G1 X102.167 Y126.543 E187.3192
G1 X101.859 Y126.548 E187.32945
G1 F2700 E182.32945
G0 F6000 X101.859 Y126.86
G0 X103.286 Y128.684
G0 X103.41 Y129.01
G0 X103.453 Y129.357
G0 X103.41 Y129.705
G0 X103.286 Y130.031
G0 X103.087 Y130.321
G0 X102.227 Y130.849
G0 X102.153 Y130.546
G1 F2700 E187.32945
G1 F900 X101.86 Y130.548 E187.33919
G1 X101.585 Y130.48 E187.34861
G1 X101.341 Y130.359 E187.35767
G1 X101.096 Y130.154 E187.3683
G1 X100.924 Y129.891 E187.37875
G1 X100.84 Y129.667 E187.38671
G1 X100.801 Y129.38 E187.39634
G1 X100.84 Y129.045 E187.40756
G1 X100.924 Y128.821 E187.41551
G1 X101.099 Y128.558 E187.42602
G1 X101.314 Y128.367 E187.43559
G1 X101.553 Y128.241 E187.44457
G1 X101.862 Y128.164 E187.45516
G1 X102.167 Y128.169 E187.46531
G1 X102.406 Y128.226 E187.47348
G1 X102.701 Y128.382 E187.48458
G1 X102.906 Y128.569 E187.49381
G1 X103.05 Y128.778 E187.50225
G1 X103.161 Y129.061 E187.51236
G1 X103.196 Y129.374 E187.52284
G1 X103.161 Y129.651 E187.53212
G1 X103.072 Y129.891 E187.54064
G1 X102.909 Y130.14 E187.55054
G1 X102.676 Y130.347 E187.5609
G1 X102.406 Y130.482 E187.57094
G1 X102.153 Y130.546 E187.57962
G1 F2700 E182.57962
G0 F6000 X102.227 Y130.849
G0 X105.807 Y131.356
G0 X105.807 Y131.044
G1 F2700 E187.57962
G1 F900 X105.374 Y130.938 E187.59445
G1 X105.03 Y130.755 E187.60741
G1 X104.727 Y130.482 E187.62097
G1 X104.502 Y130.159 E187.63407
G1 X104.348 Y129.758 E187.64835
G1 X104.3 Y129.374 E187.66123
G1 X104.348 Y128.954 E187.67529
G1 X104.503 Y128.551 E187.68965
G1 X104.724 Y128.233 E187.70253
G1 X105.014 Y127.97 E187.71555
G1 X105.371 Y127.778 E187.72903
G1 F787.7 X105.794 Y127.612 E187.7463
G1 F701.8 X106.18 Y127.612 E187.76276
G1 F789.5 X106.63 Y127.78 E187.78098
G1 F900 X106.942 Y127.943 E187.79268
G1 X107.254 Y128.21 E187.80634
G1 X107.493 Y128.546 E187.82006
G1 F891.1 X107.655 Y128.971 E187.83533
G1 F833.3 X107.754 Y129.352 E187.84947
G1 F841.1 X107.638 Y129.791 E187.86563
G1 F900 X107.493 Y130.166 E187.87901
G1 X107.253 Y130.502 E187.89274
G1 X106.966 Y130.755 E187.90547
G1 X106.587 Y130.953 E187.91969
G1 X106.211 Y131.042 E187.93254
G1 X105.807 Y131.044 E187.94598
G1 F2700 E182.94598
G0 F6000 X105.807 Y131.356
G0 X107.089 Y132.395
G0 X107.286 Y132.684
G0 X107.41 Y133.01
G0 X107.453 Y133.357
G0 X107.41 Y133.705
G0 X107.286 Y134.031
G0 X107.087 Y134.321
G0 X106.874 Y134.508
G0 X106.148 Y134.86
G0 X106.148 Y134.547
G1 F2700 E187.94598
G1 F900 X105.857 Y134.548 E187.95566
G1 X105.553 Y134.467 E187.96612
G1 X105.319 Y134.346 E187.97488
G1 X105.091 Y134.145 E187.98499
G1 X104.934 Y133.913 E187.99431
G1 X104.832 Y133.641 E188.00397
G1 X104.8 Y133.347 E188.01381
G1 X104.831 Y133.076 E188.02288
G1 X104.94 Y132.788 E188.03312
G1 X105.104 Y132.552 E188.04268
G1 X105.335 Y132.354 E188.0528
G1 X105.557 Y132.239 E188.06111
G1 X105.854 Y132.165 E188.07129
G1 X106.136 Y132.164 E188.08067
G1 X106.443 Y132.239 E188.09118
G1 X106.701 Y132.382 E188.101
G1 X106.891 Y132.551 E188.10945
G1 X107.072 Y132.821 E188.12026
G1 X107.167 Y133.092 E188.12982
G1 X107.196 Y133.374 E188.13924
G1 X107.156 Y133.667 E188.14908
G1 X107.05 Y133.933 E188.1586
G1 X106.88 Y134.172 E188.16836
G1 X106.677 Y134.346 E188.17725
G1 X106.427 Y134.476 E188.18662
G1 X106.148 Y134.547 E188.1962
G1 F2700 E183.1962
G0 F6000 X106.148 Y134.86
G0 X110 Y134.86
G0 X110 Y134.602
G1 F2700 E188.1962
G1 F705.9 X109.855 Y134.602 E188.20235
G1 F775.9 X109.592 Y134.49 E188.21338
G1 F882.4 X109.3 Y134.331 E188.22466
G1 F900 X109.096 Y134.151 E188.2337
G1 X108.924 Y133.891 E188.24407
G1 X108.84 Y133.667 E188.25203
G1 X108.8 Y133.374 E188.26187
G1 X108.84 Y133.045 E188.27289
G1 X108.924 Y132.821 E188.28085
G1 X109.104 Y132.552 E188.29161
G1 X109.335 Y132.354 E188.30173
G1 X109.557 Y132.239 E188.31005
G1 X109.854 Y132.165 E188.32023
G1 X110.136 Y132.164 E188.32961
G1 X110.443 Y132.239 E188.34012
G1 X110.701 Y132.382 E188.34993
G1 X110.891 Y132.551 E188.35839
G1 X111.072 Y132.821 E188.3692
G1 X111.167 Y133.092 E188.37875
G1 X111.196 Y133.374 E188.38818
G1 X111.156 Y133.667 E188.39801
G1 X111.05 Y133.933 E188.40754
G1 X110.9 Y134.151 E188.41634
G1 F843.1 X110.609 Y134.399 E188.42991
G1 F748.4 X110.12 Y134.602 E188.45109
G1 F708.7 X110 Y134.602 E188.45616
G1 F2700 E183.45616
G0 F6000 X110 Y134.86
G0 X110.515 Y134.999
G0 X110.825 Y135.162
G0 X111.089 Y135.395
G0 X111.286 Y135.684
G0 X111.41 Y136.01
G0 X111.453 Y136.357
G0 X111.41 Y136.705
G0 X111.286 Y137.031
G0 X111.087 Y137.321
G0 X110.824 Y137.552
G0 X110 Y137.86
G0 X110 Y137.544
G1 F2700 E188.45616
G1 F900 X109.825 Y137.542 E188.46198
G1 X109.553 Y137.467 E188.47136
G1 X109.341 Y137.359 E188.47928
G1 X109.096 Y137.154 E188.4899
G1 X108.924 Y136.891 E188.50035
G1 X108.838 Y136.662 E188.50849
G1 X108.801 Y136.38 E188.51795
G1 X108.833 Y136.068 E188.52838
G1 X108.934 Y135.798 E188.53797
G1 X109.099 Y135.558 E188.54766
G1 X109.297 Y135.38 E188.55651
G1 F878 X109.595 Y135.216 E188.56811
G1 F774.2 X109.857 Y135.11 E188.57903
G1 F707.3 X110.12 Y135.11 E188.59017
G1 F793 X110.45 Y135.243 E188.6036
G1 F900 X110.701 Y135.382 E188.61314
G1 X110.897 Y135.558 E188.6219
G1 X111.072 Y135.821 E188.63241
G1 X111.163 Y136.069 E188.64119
G1 X111.197 Y136.354 E188.65074
G1 X111.165 Y136.634 E188.66011
G1 X111.064 Y136.908 E188.66983
G1 X110.9 Y137.155 E188.67969
G1 X110.657 Y137.358 E188.69022
G1 X110.406 Y137.482 E188.69953
G1 X110.155 Y137.546 E188.70815
G1 X110 Y137.544 E188.7133
G1 F2700 E183.7133
G0 F6000 X110 Y137.86
G0 X110.516 Y137.715
G0 X110.824 Y137.552
G0 X112.151 Y135.854
G0 X112.171 Y135.094
G0 X113.773 Y134.849
G0 X113.848 Y134.547
G1 F2700 E188.7133
G1 F900 X113.573 Y134.476 E188.72275
G1 X113.319 Y134.346 E188.73224
G1 X113.1 Y134.155 E188.7419
G1 X112.924 Y133.891 E188.75246
G1 X112.84 Y133.667 E188.76041
G1 X112.8 Y133.374 E188.77025
G1 X112.84 Y133.045 E188.78127
G1 X112.924 Y132.821 E188.78923
G1 X113.104 Y132.552 E188.8
G1 X113.335 Y132.354 E188.81011
G1 X113.557 Y132.239 E188.81843
G1 X113.854 Y132.165 E188.82861
G1 X114.136 Y132.164 E188.83799
G1 X114.443 Y132.239 E188.8485
G1 X114.701 Y132.382 E188.85831
G1 X114.891 Y132.551 E188.86677
G1 X115.057 Y132.79 E188.87645
G1 X115.159 Y133.055 E188.88589
G1 X115.196 Y133.347 E188.89568
G1 X115.164 Y133.64 E188.90549
G1 X115.062 Y133.913 E188.91518
G1 X114.905 Y134.145 E188.9245
G1 X114.657 Y134.358 E188.93537
G1 X114.406 Y134.482 E188.94468
G1 X114.139 Y134.548 E188.95383
G1 X113.848 Y134.547 E188.96351
G1 F2700 E183.96351
G0 F6000 X113.773 Y134.849
G0 X113.176 Y134.552
G0 X112.913 Y134.321
G0 X112.714 Y134.031
G0 X112.59 Y133.705
G0 X112.547 Y133.357
G0 X112.59 Y133.01
G0 X112.714 Y132.684
G0 X113.807 Y131.356
G0 X113.807 Y131.044
G1 F2700 E188.96351
G1 F900 X113.374 Y130.938 E188.97833
G1 X113.03 Y130.755 E188.99129
G1 X112.746 Y130.502 E189.00394
G1 X112.507 Y130.166 E189.01766
G1 X112.356 Y129.786 E189.03126
G1 F845.1 X112.242 Y129.352 E189.04715
G1 F835.3 X112.341 Y128.971 E189.06126
G1 F891.1 X112.507 Y128.546 E189.07659
G1 F900 X112.715 Y128.246 E189.08873
G1 X113.014 Y127.97 E189.10226
G1 X113.371 Y127.778 E189.11575
G1 F787.7 X113.794 Y127.612 E189.13301
G1 F701.8 X114.18 Y127.612 E189.14948
G1 F789.5 X114.63 Y127.78 E189.16769
G1 F900 X114.981 Y127.97 E189.18097
G1 X115.276 Y128.233 E189.19411
G1 X115.496 Y128.551 E189.20697
G1 X115.648 Y128.954 E189.2213
G1 X115.696 Y129.374 E189.23536
G1 X115.648 Y129.758 E189.24823
G1 X115.493 Y130.166 E189.26275
G1 X115.273 Y130.482 E189.27555
G1 X114.966 Y130.755 E189.28922
G1 X114.587 Y130.953 E189.30344
G1 X114.211 Y131.042 E189.31629
G1 X113.807 Y131.044 E189.32973
G1 F2700 E184.32973
G0 F6000 X113.807 Y131.356
G0 X110 Y131.356
G0 X110 Y131.043
G1 F2700 E189.32973
G1 F900 X109.807 Y131.044 E189.33615
G1 X109.374 Y130.938 E189.35097
G1 X109.03 Y130.755 E189.36393
G1 X108.746 Y130.502 E189.37658
G1 X108.507 Y130.166 E189.3903
G1 X108.356 Y129.786 E189.4039
G1 F845.1 X108.242 Y129.352 E189.41979
G1 F835.3 X108.341 Y128.971 E189.4339
G1 F891.1 X108.507 Y128.546 E189.44923
G1 F900 X108.715 Y128.246 E189.46137
G1 X109.014 Y127.97 E189.4749
G1 X109.371 Y127.778 E189.48838
G1 F787.7 X109.794 Y127.612 E189.50565
G1 F701.8 X110.18 Y127.612 E189.52212
G1 F789.5 X110.63 Y127.78 E189.54033
G1 F900 X110.942 Y127.943 E189.55204
G1 X111.254 Y128.21 E189.5657
G1 X111.493 Y128.546 E189.57941
G1 F891.1 X111.655 Y128.971 E189.59469
G1 F833.3 X111.754 Y129.352 E189.60883
G1 F841.1 X111.638 Y129.791 E189.62499
G1 F900 X111.493 Y130.166 E189.63836
G1 X111.253 Y130.502 E189.6521
G1 X110.966 Y130.755 E189.66482
G1 X110.587 Y130.953 E189.67904
G1 X110.211 Y131.042 E189.69189
G1 X110 Y131.043 E189.69891
G1 F2700 E184.69891
G0 F6000 X110 Y131.356
G0 X109.308 Y131.183
G0 X108.891 Y130.964
G0 X108.539 Y130.652
G0 X108.271 Y130.265
G0 X108.105 Y129.824
G0 X108.047 Y129.357
G0 X108.105 Y128.89
G0 X108.271 Y128.45
G0 X108.539 Y128.063
G0 X108.891 Y127.751
G0 X109.127 Y127.627
G0 X110 Y127.356
G0 X110 Y127.1
G1 F2700 E189.69891
G1 F701.8 X109.794 Y127.1 E189.7077
G1 F787.7 X109.374 Y126.937 E189.72482
G1 F900 X109.014 Y126.742 E189.73844
G1 X108.746 Y126.502 E189.7504
G1 X108.507 Y126.166 E189.76412
G1 X108.356 Y125.786 E189.77772
G1 F845.1 X108.242 Y125.352 E189.79361
G1 F835.3 X108.341 Y124.971 E189.80772
G1 F891.1 X108.507 Y124.546 E189.82305
G1 F900 X108.715 Y124.246 E189.83519
G1 X109.014 Y123.97 E189.84872
G1 X109.371 Y123.778 E189.8622
G1 F787.7 X109.794 Y123.612 E189.87947
G1 F701.8 X110.18 Y123.612 E189.89594
G1 F789.5 X110.63 Y123.78 E189.91415
G1 F900 X110.942 Y123.943 E189.92586
G1 X111.254 Y124.21 E189.93951
G1 X111.493 Y124.546 E189.95323
G1 F891.1 X111.655 Y124.971 E189.96851
G1 F833.3 X111.754 Y125.352 E189.98265
G1 F841.1 X111.638 Y125.791 E189.99881
G1 F900 X111.493 Y126.166 E190.01218
G1 X111.251 Y126.505 E190.02603
G1 X110.942 Y126.769 E190.03955
G1 X110.624 Y126.938 E190.05153
G1 F789.5 X110.18 Y127.1 E190.06945
G1 F703.1 X110 Y127.1 E190.07711
G1 F2700 E185.07711
G0 F6000 X110 Y127.356
G0 X113.794 Y127.356
G0 X113.794 Y127.1
G1 F2700 E190.07711
G1 F787.7 X113.374 Y126.937 E190.09423
G1 F900 X113.014 Y126.742 E190.10785
G1 X112.746 Y126.502 E190.11981
G1 X112.507 Y126.166 E190.13353
G1 X112.356 Y125.786 E190.14713
G1 F845.1 X112.242 Y125.352 E190.16302
G1 F835.3 X112.341 Y124.971 E190.17713
G1 F891.1 X112.507 Y124.546 E190.19246
G1 F900 X112.715 Y124.246 E190.2046
G1 X113.014 Y123.97 E190.21813
G1 X113.371 Y123.778 E190.23162
G1 F787.7 X113.794 Y123.612 E190.24888
G1 F701.8 X114.18 Y123.612 E190.26535
G1 F789.5 X114.63 Y123.78 E190.28356
G1 F900 X114.981 Y123.97 E190.29684
G1 X115.276 Y124.233 E190.30998
G1 X115.496 Y124.551 E190.32284
G1 X115.648 Y124.954 E190.33717
G1 X115.696 Y125.374 E190.35123
G1 X115.648 Y125.758 E190.3641
G1 X115.493 Y126.166 E190.37862
G1 X115.276 Y126.479 E190.39128
G1 X114.981 Y126.742 E190.40443
G1 X114.624 Y126.938 E190.41797
G1 F789.5 X114.18 Y127.1 E190.4359
G1 F701.8 X113.794 Y127.1 E190.45236
G1 F2700 E185.45236
G0 F6000 X113.794 Y127.356
G0 X112.891 Y126.964
G0 X112.539 Y126.652
G0 X112.271 Y126.265
G0 X112.105 Y125.824
G0 X112.047 Y125.357
G0 X112.105 Y124.89
G0 X112.271 Y124.45
G0 X112.539 Y124.063
G0 X112.891 Y123.751
G0 X113.794 Y123.356
G0 X113.794 Y123.1
G1 F2700 E190.45236
G1 F787.7 X113.374 Y122.937 E190.46948
G1 F900 X113.014 Y122.742 E190.4831
G1 X112.746 Y122.502 E190.49506
G1 X112.507 Y122.166 E190.50878
G1 X112.356 Y121.786 E190.52238
G1 F845.1 X112.242 Y121.352 E190.53827
G1 F835.3 X112.341 Y120.971 E190.55238
G1 F891.1 X112.507 Y120.546 E190.56771
G1 F900 X112.715 Y120.246 E190.57985
G1 X113.014 Y119.97 E190.59338
G1 X113.371 Y119.778 E190.60686
G1 F787.7 X113.794 Y119.612 E190.62413
G1 F701.8 X114.18 Y119.612 E190.6406
G1 F789.5 X114.63 Y119.78 E190.65881
G1 F900 X114.981 Y119.97 E190.67209
G1 X115.276 Y120.233 E190.68523
G1 X115.496 Y120.551 E190.69809
G1 X115.648 Y120.954 E190.71242
G1 X115.696 Y121.374 E190.72648
G1 X115.648 Y121.758 E190.73935
G1 X115.493 Y122.166 E190.75386
G1 X115.276 Y122.479 E190.76653
G1 X114.981 Y122.742 E190.77968
G1 X114.624 Y122.938 E190.79322
G1 F789.5 X114.18 Y123.1 E190.81114
G1 F701.8 X113.794 Y123.1 E190.82761
G1 F2700 E185.82761
G0 F6000 X113.794 Y123.356
G0 X110 Y123.356
G0 X110 Y123.1
G1 F2700 E190.82761
G1 F701.8 X109.794 Y123.1 E190.8364
G1 F787.7 X109.374 Y122.937 E190.85352
G1 F900 X109.014 Y122.742 E190.86713
G1 X108.746 Y122.502 E190.8791
G1 X108.507 Y122.166 E190.89281
G1 X108.356 Y121.786 E190.90641
G1 F845.1 X108.242 Y121.352 E190.92231
G1 F835.3 X108.341 Y120.971 E190.93641
G1 F891.1 X108.507 Y120.546 E190.95174
G1 F900 X108.715 Y120.246 E190.96388
G1 X109.014 Y119.97 E190.97742
G1 X109.371 Y119.778 E190.9909
G1 F787.7 X109.794 Y119.612 E191.00817
G1 F701.8 X110.18 Y119.612 E191.02463
G1 F789.5 X110.63 Y119.78 E191.04285
G1 F900 X110.942 Y119.943 E191.05455
G1 X111.254 Y120.21 E191.06821
G1 X111.493 Y120.546 E191.08193
G1 F891.1 X111.655 Y120.971 E191.0972
G1 F833.3 X111.754 Y121.352 E191.11134
G1 F841.1 X111.638 Y121.791 E191.1275
G1 F900 X111.493 Y122.166 E191.14088
G1 X111.251 Y122.505 E191.15473
G1 X110.942 Y122.769 E191.16825
G1 X110.624 Y122.938 E191.18023
G1 F789.5 X110.18 Y123.1 E191.19815
G1 F703.1 X110 Y123.1 E191.20581
G1 F2700 E186.20581
G0 F6000 X110 Y123.356
G0 X106.18 Y123.356
G0 X106.18 Y123.1
G1 F2700 E191.20581
G1 F701.8 X105.794 Y123.1 E191.22227
G1 F787.7 X105.374 Y122.937 E191.23939
G1 F900 X105.014 Y122.742 E191.25301
G1 X104.724 Y122.479 E191.26603
G1 X104.502 Y122.159 E191.27899
G1 X104.348 Y121.758 E191.29327
G1 X104.3 Y121.374 E191.30614
G1 X104.348 Y120.954 E191.3202
G1 X104.503 Y120.551 E191.33457
G1 X104.724 Y120.233 E191.34745
G1 X105.014 Y119.97 E191.36047
G1 X105.371 Y119.778 E191.37395
G1 F787.7 X105.794 Y119.612 E191.39122
G1 F701.8 X106.18 Y119.612 E191.40768
G1 F789.5 X106.63 Y119.78 E191.42589
G1 F900 X106.942 Y119.943 E191.4376
G1 X107.254 Y120.21 E191.45126
G1 X107.493 Y120.546 E191.46498
G1 F891.1 X107.655 Y120.971 E191.48025
G1 F833.3 X107.754 Y121.352 E191.49439
G1 F841.1 X107.638 Y121.791 E191.51055
G1 F900 X107.493 Y122.166 E191.52393
G1 X107.251 Y122.505 E191.53778
G1 X106.942 Y122.769 E191.5513
G1 X106.624 Y122.938 E191.56327
G1 F789.5 X106.18 Y123.1 E191.5812
G1 F2700 E186.5812
G0 F6000 X106.18 Y123.356
G0 X107.109 Y123.751
G0 X107.461 Y124.063
G0 X107.729 Y124.45
G0 X107.895 Y124.89
G0 X107.953 Y125.357
G0 X107.895 Y125.824
G0 X107.729 Y126.265
G0 X107.461 Y126.652
G0 X107.109 Y126.964
G0 X106.18 Y127.356
G0 X106.18 Y127.1
G1 F2700 E191.5812
G1 F701.8 X105.794 Y127.1 E191.59766
G1 F787.7 X105.374 Y126.937 E191.61478
G1 F900 X105.014 Y126.742 E191.6284
G1 X104.724 Y126.479 E191.64142
G1 X104.502 Y126.159 E191.65437
G1 X104.348 Y125.758 E191.66866
G1 X104.3 Y125.374 E191.68153
G1 X104.348 Y124.954 E191.69559
G1 X104.503 Y124.551 E191.70995
G1 X104.724 Y124.233 E191.72283
G1 X105.014 Y123.97 E191.73585
G1 X105.371 Y123.778 E191.74934
G1 F787.7 X105.794 Y123.612 E191.7666
G1 F701.8 X106.18 Y123.612 E191.78307
G1 F789.5 X106.63 Y123.78 E191.80128
G1 F900 X106.942 Y123.943 E191.81299
G1 X107.254 Y124.21 E191.82665
G1 X107.493 Y124.546 E191.84036
G1 F891.1 X107.655 Y124.971 E191.85564
G1 F833.3 X107.754 Y125.352 E191.86978
G1 F841.1 X107.638 Y125.791 E191.88594
G1 F900 X107.493 Y126.166 E191.89931
G1 X107.251 Y126.505 E191.91317
G1 X106.942 Y126.769 E191.92668
G1 X106.624 Y126.938 E191.93866
G1 F789.5 X106.18 Y127.1 E191.95658
G1 F2700 E186.95658
G0 F6000 X106.18 Y127.356
G0 X106.692 Y127.183
G0 X107.109 Y126.964
G0 X107.461 Y126.652
G0 X107.729 Y126.265
G0 X107.895 Y125.824
G0 X107.953 Y125.357
G0 X107.953 Y121.357
G0 X107.895 Y120.89
G0 X107.729 Y120.45
G0 X107.461 Y120.063
G0 X107.109 Y119.751
G0 X106.18 Y119.356
G0 X106.18 Y119.1
G1 F2700 E191.95658
G1 F701.8 X105.794 Y119.1 E191.97305
G1 F787.7 X105.374 Y118.937 E191.99017
G1 F900 X105.014 Y118.742 E192.00378
G1 X104.724 Y118.479 E192.01681
G1 X104.502 Y118.159 E192.02976
G1 X104.348 Y117.758 E192.04405
G1 X104.3 Y117.374 E192.05692
G1 X104.348 Y116.954 E192.07098
G1 X104.503 Y116.551 E192.08534
G1 X104.726 Y116.231 E192.09831
G1 X105.031 Y115.957 E192.11195
G1 X105.371 Y115.778 E192.12473
G1 X105.781 Y115.67 E192.13883
G1 X106.214 Y115.67 E192.15323
G1 X106.625 Y115.778 E192.16737
G1 X106.981 Y115.969 E192.1808
G1 X107.254 Y116.21 E192.19291
G1 X107.493 Y116.546 E192.20663
G1 F891.1 X107.655 Y116.971 E192.22191
G1 F833.3 X107.754 Y117.352 E192.23605
G1 F841.1 X107.638 Y117.791 E192.25221
G1 F900 X107.493 Y118.166 E192.26558
G1 X107.251 Y118.505 E192.27943
G1 X106.942 Y118.769 E192.29295
G1 X106.624 Y118.938 E192.30493
G1 F789.5 X106.18 Y119.1 E192.32285
G1 F2700 E187.32285
G0 F6000 X106.18 Y119.356
G0 X110 Y119.356
G0 X110 Y119.1
G1 F2700 E192.32285
G1 F701.8 X109.794 Y119.1 E192.33164
G1 F787.7 X109.374 Y118.937 E192.34876
G1 F900 X109.014 Y118.742 E192.36237
G1 X108.746 Y118.502 E192.37434
G1 X108.507 Y118.166 E192.38805
G1 X108.356 Y117.786 E192.40165
G1 F845.1 X108.242 Y117.352 E192.41755
G1 F835.3 X108.341 Y116.971 E192.43166
G1 F891.1 X108.507 Y116.546 E192.44698
G1 F900 X108.752 Y116.204 E192.46097
G1 X109.031 Y115.957 E192.47337
G1 X109.371 Y115.778 E192.48615
G1 X109.781 Y115.67 E192.50025
G1 X110.214 Y115.67 E192.51465
G1 X110.625 Y115.778 E192.52879
G1 X110.981 Y115.969 E192.54222
G1 X111.254 Y116.21 E192.55433
G1 X111.493 Y116.546 E192.56805
G1 F891.1 X111.655 Y116.971 E192.58333
G1 F833.3 X111.754 Y117.352 E192.59747
G1 F841.1 X111.638 Y117.791 E192.61363
G1 F900 X111.493 Y118.166 E192.627
G1 X111.251 Y118.505 E192.64085
G1 X110.942 Y118.769 E192.65437
G1 X110.624 Y118.938 E192.66635
G1 F789.5 X110.18 Y119.1 E192.68427
G1 F703.1 X110 Y119.1 E192.69193
G1 F2700 E187.69193
G0 F6000 X110 Y119.356
G0 X113.794 Y119.356
G0 X113.794 Y119.1
G1 F2700 E192.69193
G1 F787.7 X113.374 Y118.937 E192.70905
G1 F900 X113.014 Y118.742 E192.72267
G1 X112.746 Y118.502 E192.73464
G1 X112.507 Y118.166 E192.74835
G1 X112.356 Y117.786 E192.76195
G1 F845.1 X112.242 Y117.352 E192.77784
G1 F835.3 X112.341 Y116.971 E192.79195
G1 F891.1 X112.507 Y116.546 E192.80728
G1 F900 X112.752 Y116.204 E192.82127
G1 X113.031 Y115.957 E192.83367
G1 X113.371 Y115.778 E192.84645
G1 X113.781 Y115.67 E192.86055
G1 X114.214 Y115.67 E192.87495
G1 X114.625 Y115.778 E192.88908
G1 X114.981 Y115.969 E192.90252
G1 X115.274 Y116.231 E192.91559
G1 X115.496 Y116.551 E192.92855
G1 X115.648 Y116.954 E192.94287
G1 X115.696 Y117.374 E192.95693
G1 X115.648 Y117.758 E192.9698
G1 X115.493 Y118.166 E192.98432
G1 X115.276 Y118.479 E192.99699
G1 X114.981 Y118.742 E193.01013
G1 X114.624 Y118.938 E193.02368
G1 F789.5 X114.18 Y119.1 E193.0416
G1 F701.8 X113.794 Y119.1 E193.05806
G1 F2700 E188.05806
G0 F6000 X113.794 Y119.356
G0 X117.859 Y118.86
G0 X117.859 Y118.548
G1 F2700 E193.05806
G1 F900 X117.593 Y118.482 E193.06718
G1 X117.317 Y118.345 E193.07743
G1 X117.082 Y118.133 E193.08795
G1 X116.924 Y117.891 E193.09757
G1 X116.835 Y117.651 E193.10608
G1 X116.8 Y117.374 E193.11537
G1 X116.835 Y117.061 E193.12584
G1 X116.924 Y116.821 E193.13436
G1 X117.091 Y116.569 E193.14441
G1 X117.326 Y116.359 E193.15489
G1 X117.562 Y116.237 E193.16373
G1 X117.846 Y116.166 E193.17347
G1 X118.136 Y116.164 E193.18311
G1 X118.415 Y116.228 E193.19263
G1 X118.662 Y116.355 E193.20187
G1 X118.909 Y116.574 E193.21285
G1 X119.072 Y116.821 E193.22269
G1 X119.156 Y117.045 E193.23065
G1 X119.196 Y117.356 E193.24108
G1 X119.166 Y117.631 E193.25028
G1 X119.072 Y117.891 E193.25947
G1 X118.9 Y118.151 E193.26984
G1 X118.657 Y118.358 E193.28046
G1 X118.406 Y118.482 E193.28977
G1 X118.167 Y118.543 E193.29798
G1 X117.859 Y118.548 E193.30822
G1 F2700 E188.30822
G0 F6000 X117.859 Y118.86
G0 X116.714 Y120.684
G0 X116.59 Y121.01
G0 X116.547 Y121.357
G0 X116.59 Y121.705
G0 X116.714 Y122.031
G0 X116.913 Y122.321
G0 X117.126 Y122.508
G0 X117.859 Y122.86
G0 X117.859 Y122.548
G1 F2700 E193.30822
G1 F900 X117.593 Y122.482 E193.31734
G1 X117.317 Y122.345 E193.32758
G1 X117.082 Y122.133 E193.33811
G1 X116.924 Y121.891 E193.34772
G1 X116.835 Y121.651 E193.35624
G1 X116.8 Y121.374 E193.36552
G1 X116.835 Y121.061 E193.376
G1 X116.924 Y120.821 E193.38451
G1 X117.091 Y120.569 E193.39457
G1 X117.314 Y120.367 E193.40458
G1 X117.553 Y120.241 E193.41356
G1 X117.862 Y120.164 E193.42415
G1 X118.167 Y120.169 E193.4343
G1 X118.406 Y120.226 E193.44247
G1 X118.701 Y120.382 E193.45357
G1 X118.897 Y120.558 E193.46233
G1 X119.061 Y120.797 E193.47197
G1 X119.156 Y121.045 E193.48081
G1 X119.196 Y121.356 E193.49123
G1 X119.166 Y121.631 E193.50044
G1 X119.072 Y121.891 E193.50963
G1 X118.9 Y122.151 E193.52
G1 X118.657 Y122.358 E193.53062
G1 X118.406 Y122.482 E193.53993
G1 X118.167 Y122.543 E193.54813
G1 X117.859 Y122.548 E193.55838
G1 F2700 E188.55838
G0 F6000 X117.859 Y122.86
G0 X116.714 Y124.684
G0 X116.59 Y125.01
G0 X116.547 Y125.357
G0 X116.59 Y125.705
G0 X116.714 Y126.031
G0 X116.913 Y126.321
G0 X117.126 Y126.508
G0 X117.859 Y126.86
G0 X117.859 Y126.548
G1 F2700 E193.55838
G1 F900 X117.593 Y126.482 E193.56749
G1 X117.317 Y126.345 E193.57774
G1 X117.082 Y126.133 E193.58827
G1 X116.924 Y125.891 E193.59788
G1 X116.835 Y125.651 E193.60639
G1 X116.8 Y125.374 E193.61568
G1 X116.835 Y125.061 E193.62616
G1 X116.924 Y124.821 E193.63467
G1 X117.091 Y124.569 E193.64472
G1 X117.314 Y124.367 E193.65473
G1 X117.553 Y124.241 E193.66372
G1 X117.862 Y124.164 E193.67431
G1 X118.167 Y124.169 E193.68446
G1 X118.406 Y124.226 E193.69263
G1 X118.701 Y124.382 E193.70373
G1 X118.897 Y124.558 E193.71249
G1 X119.061 Y124.797 E193.72213
G1 X119.156 Y125.045 E193.73096
G1 X119.196 Y125.356 E193.74139
G1 X119.166 Y125.631 E193.75059
G1 X119.072 Y125.891 E193.75979
G1 X118.9 Y126.151 E193.77016
G1 X118.657 Y126.358 E193.78077
G1 X118.406 Y126.482 E193.79008
G1 X118.167 Y126.543 E193.79829
G1 X117.859 Y126.548 E193.80853
G1 F2700 E188.80853
G0 F6000 X117.859 Y126.86
G0 X116.714 Y128.684
G0 X116.59 Y129.01
G0 X116.547 Y129.357
G0 X116.59 Y129.705
G0 X116.714 Y130.031
G0 X116.913 Y130.321
G0 X117.768 Y130.847
G0 X117.843 Y130.546
G1 F2700 E193.80853
G1 F900 X117.553 Y130.467 E193.81853
G1 X117.321 Y130.347 E193.82722
G1 X117.082 Y130.133 E193.83789
G1 X116.924 Y129.891 E193.8475
G1 X116.835 Y129.651 E193.85601
G1 X116.8 Y129.374 E193.8653
G1 X116.835 Y129.061 E193.87578
G1 X116.924 Y128.821 E193.88429
G1 X117.091 Y128.569 E193.89435
G1 X117.314 Y128.367 E193.90435
G1 X117.553 Y128.241 E193.91334
G1 X117.862 Y128.164 E193.92393
G1 X118.167 Y128.169 E193.93408
G1 X118.406 Y128.226 E193.94225
G1 X118.701 Y128.382 E193.95335
G1 X118.897 Y128.558 E193.96211
G1 X119.061 Y128.797 E193.97175
G1 X119.156 Y129.045 E193.98058
G1 X119.196 Y129.356 E193.99101
G1 X119.166 Y129.631 E194.00021
G1 X119.072 Y129.891 E194.00941
G1 X118.9 Y130.154 E194.01986
G1 X118.657 Y130.358 E194.03041
G1 X118.406 Y130.482 E194.03972
G1 X118.136 Y130.548 E194.04897
G1 X117.843 Y130.546 E194.05871
G1 F2700 E189.05871
G0 F6000 X117.768 Y130.847
G0 X116.355 Y131.326
G0 X115.971 Y131.697
G0 X115.286 Y134.031
G0 X113.707 Y135.925
G0 X113.707 Y141.756
G0 X110 Y143.156
G1 F2700 E194.05871
G1 F900 X124.8 Y143.156 E194.55096
G1 X124.8 Y78.556 E196.69957
G1 X95.2 Y78.556 E197.68407
G1 X95.2 Y143.156 E199.83267
G1 X110 Y143.156 E200.32492
G1 F2700 E195.32492
G0 F6000 X110 Y142.847
G0 X110 Y141.756
G0 X109.974 Y138.941
G0 X110 Y114.548
G1 F2700 E200.32492
G1 F900 X109.86 Y114.548 E200.32958
G1 X109.553 Y114.467 E200.34014
G1 X109.3 Y114.331 E200.34969
G1 X109.091 Y114.145 E200.359
G1 X108.924 Y113.891 E200.36911
G1 X108.84 Y113.667 E200.37707
G1 X108.8 Y113.374 E200.3869
G1 X108.84 Y113.045 E200.39793
G1 X108.924 Y112.821 E200.40588
G1 X109.099 Y112.558 E200.41639
G1 X109.297 Y112.38 E200.42524
G1 F878 X109.595 Y112.216 E200.43684
G1 F774.2 X109.857 Y112.11 E200.44777
G1 F707.3 X110.12 Y112.11 E200.4589
G1 F793 X110.45 Y112.243 E200.47233
G1 F900 X110.701 Y112.382 E200.48187
G1 X110.897 Y112.558 E200.49064
G1 X111.072 Y112.821 E200.50114
G1 X111.167 Y113.092 E200.51069
G1 X111.196 Y113.374 E200.52012
G1 X111.156 Y113.667 E200.52996
G1 X111.05 Y113.933 E200.53948
G1 X110.905 Y114.145 E200.54802
G1 X110.657 Y114.358 E200.5589
G1 X110.445 Y114.468 E200.56684
G1 X110.136 Y114.548 E200.57746
G1 X110 Y114.548 E200.58198
G1 F2700 E195.58198
G0 F6000 X110 Y114.86
G0 X109.484 Y114.715
G0 X109.176 Y114.552
G0 X108.913 Y114.321
G0 X108.714 Y114.031
G0 X108.59 Y113.705
G0 X108.547 Y113.357
G0 X108.59 Y113.01
G0 X108.714 Y112.684
G0 X108.911 Y112.395
G0 X109.175 Y112.162
G0 X110 Y111.86
G0 X110 Y111.602
G1 F2700 E200.58198
G1 F705.9 X109.855 Y111.602 E200.58813
G1 F775.9 X109.592 Y111.49 E200.59916
G1 F882.4 X109.3 Y111.331 E200.61044
G1 F900 X109.096 Y111.151 E200.61949
G1 X108.935 Y110.915 E200.62899
G1 X108.834 Y110.646 E200.63855
G1 X108.801 Y110.38 E200.64746
G1 X108.831 Y110.078 E200.65756
G1 X108.93 Y109.807 E200.66715
G1 X109.09 Y109.569 E200.67669
G1 X109.308 Y109.371 E200.68649
G1 X109.58 Y109.23 E200.69668
G1 X109.864 Y109.164 E200.70637
G1 X110.136 Y109.164 E200.71542
G1 X110.42 Y109.23 E200.72512
G1 X110.675 Y109.362 E200.73467
G1 X110.892 Y109.552 E200.74426
G1 X111.056 Y109.788 E200.75382
G1 X111.165 Y110.077 E200.76409
G1 X111.196 Y110.353 E200.77333
G1 X111.163 Y110.644 E200.78307
G1 X111.061 Y110.915 E200.7927
G1 X110.9 Y111.151 E200.8022
G1 F843.1 X110.609 Y111.399 E200.81578
G1 F748.4 X110.12 Y111.602 E200.83695
G1 F708.7 X110 Y111.602 E200.84202
G1 F2700 E195.84202
G0 F6000 X110 Y111.86
G0 X110.515 Y111.999
G0 X110.825 Y112.162
G0 X113.176 Y114.552
G0 X113.86 Y114.86
G0 X113.86 Y114.548
G1 F2700 E200.84202
G1 F900 X113.553 Y114.467 E200.85258
G1 X113.3 Y114.331 E200.86214
G1 X113.091 Y114.145 E200.87144
G1 X112.924 Y113.891 E200.88155
G1 X112.84 Y113.667 E200.88951
G1 X112.8 Y113.374 E200.89935
G1 X112.84 Y113.045 E200.91037
G1 X112.924 Y112.821 E200.91833
G1 X113.104 Y112.553 E200.92906
G1 X113.315 Y112.366 E200.93844
G1 X113.597 Y112.225 E200.94893
G1 X113.852 Y112.165 E200.95764
G1 X114.139 Y112.164 E200.96719
G1 X114.426 Y112.232 E200.977
G1 X114.682 Y112.367 E200.98662
G1 X114.894 Y112.555 E200.99605
G1 X115.062 Y112.799 E201.0059
G1 X115.162 Y113.064 E201.01532
G1 X115.196 Y113.348 E201.02483
G1 X115.165 Y113.633 E201.03437
G1 X115.067 Y113.902 E201.04389
G1 X114.88 Y114.172 E201.05481
G1 X114.657 Y114.358 E201.06447
G1 X114.445 Y114.468 E201.07242
G1 X114.136 Y114.548 E201.08303
G1 X113.86 Y114.548 E201.09221
G1 F2700 E196.09221
G0 F6000 X113.86 Y114.86
G0 X106.136 Y114.86
G0 X106.136 Y114.548
G1 F2700 E201.09221
G1 F900 X105.86 Y114.548 E201.10139
G1 X105.553 Y114.467 E201.11195
G1 X105.3 Y114.331 E201.12151
G1 X105.101 Y114.156 E201.13032
G1 X104.941 Y113.925 E201.13967
G1 X104.831 Y113.633 E201.15004
G1 X104.8 Y113.348 E201.15958
G1 X104.83 Y113.083 E201.16845
G1 X104.934 Y112.799 E201.17851
G1 X105.102 Y112.555 E201.18836
G1 X105.315 Y112.366 E201.19783
G1 X105.591 Y112.226 E201.20813
G1 X105.845 Y112.166 E201.21681
G1 X106.148 Y112.165 E201.22688
G1 X106.403 Y112.225 E201.2356
G1 X106.681 Y112.366 E201.24597
G1 X106.892 Y112.553 E201.25534
G1 X107.072 Y112.821 E201.26608
G1 X107.167 Y113.092 E201.27563
G1 X107.196 Y113.374 E201.28506
G1 X107.156 Y113.667 E201.2949
G1 X107.05 Y113.933 E201.30442
G1 X106.905 Y114.145 E201.31296
G1 X106.657 Y114.358 E201.32384
G1 X106.445 Y114.468 E201.33178
G1 X106.136 Y114.548 E201.3424
G1 F2700 E196.3424
G0 F6000 X106.136 Y114.86
G0 X106.824 Y114.552
G0 X107.087 Y114.321
G0 X107.286 Y114.031
G0 X107.41 Y113.705
G0 X107.597 Y111.298
G0 X107.49 Y109.712
G0 X107.485 Y91.053
G0 X110.277 Y89.655
G1 F2700 E201.3424
G1 F900 X98.956 Y89.652 E201.71893
G1 X98.855 Y89.594 E201.72281
G1 X98.802 Y89.491 E201.72666
G1 F891.1 X98.796 Y86.01 E201.8436
G1 F764.3 X98.733 Y85.642 E201.85822
G1 F743.8 X98.588 Y85.897 E201.87002
G1 F863.3 X98.38 Y86.172 E201.88198
G1 F900 X98.157 Y86.358 E201.89164
G1 X97.906 Y86.482 E201.90095
G1 X97.62 Y86.548 E201.91071
G1 X97.338 Y86.545 E201.92009
G1 X97.053 Y86.467 E201.92992
G1 X96.841 Y86.359 E201.93783
G1 X96.596 Y86.154 E201.94846
G1 X96.424 Y85.891 E201.95891
G1 X96.34 Y85.667 E201.96687
G1 X96.3 Y85.356 E201.9773
G1 X96.34 Y85.045 E201.98772
G1 X96.424 Y84.821 E201.99568
G1 X96.601 Y84.552 E202.00639
G1 X96.834 Y84.359 E202.01645
G1 X97.062 Y84.238 E202.02504
G1 X97.338 Y84.167 E202.03452
G1 X97.667 Y84.169 E202.04546
G1 X97.903 Y84.225 E202.05353
G1 X98.162 Y84.354 E202.06315
G1 X98.41 Y84.574 E202.07418
G1 F867.5 X98.585 Y84.816 E202.08448
G1 F746.9 X98.733 Y85.085 E202.09679
G1 F769.2 X98.799 Y84.701 E202.11195
G1 F895.5 X98.8 Y81.197 E202.22908
G1 F900 X98.88 Y81.095 E202.23339
G1 X98.965 Y81.059 E202.23646
G1 X115.077 Y81.056 E202.77235
G1 X115.2 Y81.215 E202.77903
G1 F895.5 X115.201 Y84.702 E202.89559
G1 F772.5 X115.265 Y85.085 E202.91064
G1 F750 X115.411 Y84.816 E202.92285
G1 F869.6 X115.586 Y84.574 E202.93313
G1 F900 X115.797 Y84.384 E202.94258
G1 X116.085 Y84.226 E202.9535
G1 X116.376 Y84.164 E202.9634
G1 X116.667 Y84.169 E202.97308
G1 X116.94 Y84.238 E202.98244
G1 X117.201 Y84.382 E202.99236
G1 X117.409 Y84.574 E203.00177
G1 X117.572 Y84.821 E203.01162
G1 X117.656 Y85.045 E203.01957
G1 X117.696 Y85.356 E203.03
G1 X117.666 Y85.631 E203.0392
G1 X117.572 Y85.891 E203.0484
G1 X117.414 Y86.133 E203.05801
G1 X117.18 Y86.344 E203.06849
G1 X116.949 Y86.466 E203.07718
G1 X116.67 Y86.542 E203.0868
G1 X116.349 Y86.549 E203.09748
G1 X116.053 Y86.467 E203.10769
G1 X115.841 Y86.359 E203.11561
G1 X115.616 Y86.172 E203.12534
G1 F869.6 X115.411 Y85.896 E203.13717
G1 F751.6 X115.265 Y85.627 E203.14936
G1 F772.5 X115.201 Y86.008 E203.16433
G1 F895.5 X115.198 Y89.491 E203.28076
G1 F900 X115.081 Y89.656 E203.28748
G1 X110.277 Y89.655 E203.44727
G1 F2700 E198.44727
G0 F6000 X110.277 Y89.967
G0 X115.265 Y89.867
G0 X114.347 Y88.804
G0 X114.335 Y85.627
G0 X115.265 Y85.627
G1 F2700 E203.44727
G1 F699 X115.25 Y85.356 E203.45889
G1 X115.265 Y85.085 E203.47051
G1 F2700 E198.47051
G0 F6000 X114.335 Y85.085
G0 X99.665 Y85.085
G0 X98.733 Y85.085
G1 F2700 E203.47051
G1 F693.6 X98.748 Y85.356 E203.48222
G1 X98.733 Y85.642 E203.49458
G1 F2700 E198.49458
G0 F6000 X99.665 Y85.642
G0 X99.653 Y88.804
G0 X99 Y91.056
G0 X97.462 Y89.726
G0 X97.429 Y87.921
G0 X96.577 Y87.772
G0 X96.572 Y141.784
G0 X110 Y141.856
G0 X110 Y141.596
;TYPE:SKIN
G1 F2700 E203.49458
G1 F900 X96.76 Y141.596 E203.93495
G1 X96.76 Y90.201 E205.64435
G1 F847.1 X96.786 Y89.757 E205.66007
G1 F809 X96.78 Y88.03 E205.72397
G1 F818.2 X97.038 Y88.093 E205.73369
G1 X97.22 Y88.11 E205.74038
G1 X97.22 Y89.452 E205.78948
G1 F809 X97.235 Y89.741 E205.80018
G1 F847.1 X97.392 Y90.161 E205.81603
G1 F900 X97.722 Y90.669 E205.83618
G1 X98.167 Y91.01 E205.85482
G1 X98.582 Y91.164 E205.86955
G1 X98.981 Y91.215 E205.88292
G1 X115.153 Y91.208 E206.42081
G1 X115.489 Y91.148 E206.43216
G1 X115.869 Y90.986 E206.4459
G1 X116.256 Y90.682 E206.46227
G1 X116.536 Y90.314 E206.47765
G1 X116.66 Y90.04 E206.48765
G1 X116.759 Y89.665 E206.50055
G1 X116.76 Y88.09 E206.55293
G1 X117.191 Y88.032 E206.5674
G1 X117.647 Y87.86 E206.58361
G1 X118.073 Y87.619 E206.59989
G1 X118.4 Y87.351 E206.61395
G1 X118.766 Y86.941 E206.63223
G1 X119.066 Y86.377 E206.65348
G1 X119.202 Y85.899 E206.67001
G1 X119.26 Y85.389 E206.68708
G1 X119.216 Y84.913 E206.70298
G1 X119.091 Y84.392 E206.7208
G1 X118.79 Y83.806 E206.74271
G1 X118.351 Y83.299 E206.76502
G1 X117.907 Y82.983 E206.78314
G1 X117.569 Y82.81 E206.79577
G1 X117.149 Y82.666 E206.81054
G1 X116.76 Y82.62 E206.82357
G1 X116.758 Y81.231 E206.86976
G1 X116.689 Y80.754 E206.88579
G1 X116.423 Y80.226 E206.90546
G1 X116.316 Y80.113 E206.91063
G1 X123.24 Y80.116 E207.14093
G1 X123.24 Y141.596 E209.18576
G1 X110 Y141.596 E209.62612
G1 F2700 E204.62612
G0 F6000 X110 Y141.856
G0 X109.974 Y138.941
G0 X110 Y139.115
G1 F2700 E209.62612
G1 F900 X110.423 Y139.082 E209.64024
G1 X110.792 Y138.991 E209.65288
G1 X111.251 Y138.82 E209.66917
G1 X111.809 Y138.446 E209.69151
G1 X112.191 Y138.02 E209.71054
G1 X112.468 Y137.588 E209.72761
G1 X112.671 Y137.064 E209.7463
G1 X112.76 Y136.384 E209.76911
G1 X112.699 Y135.782 E209.78924
G1 X113.061 Y135.957 E209.80261
G1 X113.663 Y136.099 E209.82318
G1 X114.302 Y136.106 E209.84444
G1 X114.812 Y135.987 E209.86185
G1 X115.302 Y135.793 E209.87938
G1 X115.786 Y135.461 E209.8989
G1 X116.125 Y135.117 E209.91497
G1 X116.441 Y134.663 E209.93336
G1 X116.679 Y134.038 E209.95561
G1 X116.743 Y133.57 E209.97132
G1 X116.751 Y133.268 E209.98137
G1 X116.672 Y132.649 E210.00212
G1 X116.468 Y132.105 E210.02145
G1 X116.216 Y131.721 E210.03672
G1 X116.368 Y131.575 E210.04373
G1 X116.507 Y131.681 E210.04955
G1 X117.038 Y131.947 E210.0693
G1 X117.634 Y132.098 E210.08975
G1 X118.334 Y132.104 E210.11303
G1 X118.892 Y131.962 E210.13218
G1 X119.308 Y131.786 E210.14721
G1 X119.838 Y131.422 E210.16859
G1 X120.262 Y130.946 E210.18979
G1 X120.574 Y130.361 E210.21184
G1 X120.702 Y129.895 E210.22792
G1 X120.759 Y129.442 E210.2431
G1 X120.716 Y128.913 E210.26076
G1 X120.61 Y128.48 E210.27558
G1 X120.437 Y128.057 E210.29078
G1 X120.139 Y127.605 E210.30879
G1 X119.884 Y127.355 E210.32067
G1 X120.109 Y127.147 E210.33086
G1 X120.433 Y126.65 E210.35059
G1 X120.613 Y126.217 E210.36619
G1 X120.702 Y125.895 E210.3773
G1 X120.759 Y125.442 E210.39249
G1 X120.716 Y124.913 E210.41014
G1 X120.61 Y124.48 E210.42496
G1 X120.437 Y124.057 E210.44016
G1 X120.139 Y123.605 E210.45817
G1 X119.884 Y123.355 E210.47005
G1 X120.109 Y123.147 E210.48024
G1 X120.433 Y122.65 E210.49997
G1 X120.613 Y122.217 E210.51557
G1 X120.702 Y121.895 E210.52668
G1 X120.759 Y121.442 E210.54187
G1 X120.716 Y120.913 E210.55952
G1 X120.61 Y120.48 E210.57435
G1 X120.437 Y120.057 E210.58955
G1 X120.139 Y119.605 E210.60755
G1 X119.884 Y119.355 E210.61943
G1 X120.109 Y119.147 E210.62962
G1 X120.433 Y118.65 E210.64935
G1 X120.613 Y118.217 E210.66495
G1 X120.702 Y117.895 E210.67606
G1 X120.759 Y117.442 E210.69125
G1 X120.716 Y116.913 E210.7089
G1 X120.595 Y116.408 E210.72617
G1 X120.263 Y115.763 E210.7503
G1 X119.855 Y115.299 E210.77085
G1 X119.28 Y114.902 E210.79409
G1 X118.888 Y114.742 E210.80817
G1 X118.364 Y114.613 E210.82612
G1 X117.646 Y114.613 E210.85
G1 X117 Y114.769 E210.87211
G1 X116.484 Y115.038 E210.89146
G1 X116.367 Y115.131 E210.89643
G1 X116.219 Y114.987 E210.9033
G1 X116.464 Y114.61 E210.91825
G1 X116.68 Y114.03 E210.93884
G1 X116.763 Y113.414 E210.95951
G1 X116.687 Y112.714 E210.98293
G1 X116.493 Y112.161 E211.00242
G1 X116.344 Y111.905 E211.01227
G1 X116.044 Y111.496 E211.02915
G1 X115.652 Y111.136 E211.04685
G1 X115.001 Y110.764 E211.07179
G1 X114.328 Y110.603 E211.0948
G1 X113.669 Y110.612 E211.11672
G1 X113.114 Y110.732 E211.13561
G1 X112.685 Y110.937 E211.15142
G1 X112.742 Y110.562 E211.16404
G1 X112.759 Y110.249 E211.17446
G1 X112.683 Y109.689 E211.19326
G1 X112.45 Y109.071 E211.21523
G1 X112.06 Y108.497 E211.23831
G1 X111.583 Y108.084 E211.25929
G1 X110.985 Y107.766 E211.28182
G1 X110.324 Y107.609 E211.30442
G1 X109.672 Y107.609 E211.3261
G1 X108.993 Y107.773 E211.34934
G1 X108.455 Y108.054 E211.36952
G1 X108.089 Y108.364 E211.38548
G1 X107.843 Y108.633 E211.3976
G1 X107.543 Y109.069 E211.4152
G1 X107.321 Y109.639 E211.43555
G1 X107.233 Y110.253 E211.45618
G1 X107.288 Y110.909 E211.47807
G1 X106.904 Y110.74 E211.49203
G1 X106.335 Y110.612 E211.51143
G1 X105.674 Y110.602 E211.53341
G1 X104.989 Y110.773 E211.5569
G1 X104.363 Y111.117 E211.58065
G1 X103.895 Y111.549 E211.60184
G1 X103.523 Y112.115 E211.62436
G1 X103.301 Y112.733 E211.6462
G1 X103.233 Y113.338 E211.66645
G1 X103.312 Y114.034 E211.68975
G1 X103.551 Y114.659 E211.71201
G1 X103.778 Y114.986 E211.72525
G1 X103.63 Y115.13 E211.73211
G1 X103.496 Y115.03 E211.73768
G1 X102.996 Y114.773 E211.75637
G1 X102.356 Y114.613 E211.77832
G1 X101.68 Y114.607 E211.8008
G1 X101.14 Y114.733 E211.81924
G1 X100.682 Y114.919 E211.83568
G1 X100.141 Y115.299 E211.85767
G1 X99.729 Y115.767 E211.87841
G1 X99.397 Y116.397 E211.9021
G1 X99.276 Y116.913 E211.91973
G1 X99.233 Y117.442 E211.93738
G1 X99.29 Y117.891 E211.95243
G1 X99.402 Y118.312 E211.96692
G1 X99.597 Y118.723 E211.98205
G1 X99.854 Y119.104 E211.99734
G1 X100.095 Y119.353 E212.00886
G1 X99.877 Y119.575 E212.01921
G1 X99.597 Y119.985 E212.03572
G1 X99.397 Y120.415 E212.0515
G1 X99.281 Y120.883 E212.06753
G1 X99.232 Y121.397 E212.08471
G1 X99.29 Y121.891 E212.10125
G1 X99.402 Y122.312 E212.11574
G1 X99.597 Y122.723 E212.13087
G1 X99.854 Y123.104 E212.14616
G1 X100.095 Y123.353 E212.15768
G1 X99.877 Y123.575 E212.16803
G1 X99.597 Y123.985 E212.18454
G1 X99.397 Y124.415 E212.20032
G1 X99.281 Y124.883 E212.21635
G1 X99.232 Y125.397 E212.23353
G1 X99.29 Y125.891 E212.25007
G1 X99.402 Y126.312 E212.26456
G1 X99.597 Y126.723 E212.27969
G1 X99.854 Y127.104 E212.29498
G1 X100.095 Y127.353 E212.3065
G1 X99.877 Y127.575 E212.31685
G1 X99.597 Y127.985 E212.33336
G1 X99.397 Y128.415 E212.34914
G1 X99.281 Y128.883 E212.36517
G1 X99.232 Y129.397 E212.38235
G1 X99.29 Y129.891 E212.39889
G1 X99.406 Y130.325 E212.41383
G1 X99.698 Y130.897 E212.43519
G1 X100.158 Y131.422 E212.45841
G1 X100.691 Y131.79 E212.47995
G1 X101.125 Y131.968 E212.49555
G1 X101.687 Y132.106 E212.5148
G1 X102.36 Y132.095 E212.53719
G1 X102.948 Y131.951 E212.55732
G1 X103.478 Y131.692 E212.57694
G1 X103.628 Y131.575 E212.58327
G1 X103.779 Y131.72 E212.59023
G1 X103.55 Y132.055 E212.60373
G1 X103.309 Y132.703 E212.62672
G1 X103.232 Y133.369 E212.64902
G1 X103.279 Y133.812 E212.66384
G1 X103.34 Y134.092 E212.67337
G1 X103.536 Y134.642 E212.69279
G1 X103.859 Y135.106 E212.71159
G1 X104.104 Y135.359 E212.72331
G1 X104.424 Y135.623 E212.73711
G1 X104.835 Y135.852 E212.75275
G1 X105.181 Y135.984 E212.76507
G1 X105.645 Y136.099 E212.78097
G1 X106.33 Y136.099 E212.80375
G1 X106.882 Y135.972 E212.82259
G1 X107.289 Y135.798 E212.83732
G1 X107.232 Y136.393 E212.8572
G1 X107.321 Y137.061 E212.87961
G1 X107.528 Y137.589 E212.89847
G1 X107.782 Y137.998 E212.91449
G1 X108.187 Y138.45 E212.93467
G1 X108.699 Y138.798 E212.95526
G1 X109.296 Y139.031 E212.97658
G1 X109.947 Y139.119 E212.99843
G1 X110 Y139.115 E213.00019
G1 F2700 E208.00019
G0 F6000 X109.977 Y138.86
G0 X108.287 Y138.3
G0 X108.287 Y141.756
G0 X97.272 Y141.856
G0 X97.272 Y141.396
G1 F2700 E213.00019
G1 F900 X96.96 Y141.083 E213.01489
G0 F6000 X96.96 Y140.518
G1 F900 X97.838 Y141.396 E213.05619
G0 F6000 X98.404 Y141.396
G1 F900 X96.96 Y139.952 E213.12411
G0 F6000 X96.96 Y139.386
G1 F900 X98.969 Y141.396 E213.21863
G0 F6000 X99.535 Y141.396
G1 F900 X96.96 Y138.821 E213.33975
G0 F6000 X96.96 Y138.255
G1 F900 X100.101 Y141.396 E213.4875
G0 F6000 X100.667 Y141.396
G1 F900 X96.96 Y137.689 E213.66186
G0 F6000 X96.96 Y137.124
G1 F900 X101.232 Y141.396 E213.8628
G0 F6000 X101.798 Y141.396
G1 F900 X96.96 Y136.558 E214.09037
G0 F6000 X96.96 Y135.992
G1 F900 X102.364 Y141.396 E214.34456
G0 F6000 X102.929 Y141.396
G1 F900 X96.96 Y135.427 E214.62532
G0 F6000 X96.96 Y134.861
G1 F900 X103.495 Y141.396 E214.93271
G0 F6000 X104.061 Y141.396
G1 F900 X96.96 Y134.295 E215.26672
G0 F6000 X96.96 Y133.729
G1 F900 X104.626 Y141.396 E215.62732
G0 F6000 X105.192 Y141.396
G1 F900 X96.96 Y133.164 E216.01453
G0 F6000 X96.96 Y132.598
G1 F900 X105.758 Y141.396 E216.42836
G0 F6000 X106.323 Y141.396
G1 F900 X96.96 Y132.032 E216.86879
G0 F6000 X96.96 Y131.467
G1 F900 X106.889 Y141.396 E217.33582
G0 F6000 X107.455 Y141.396
G1 F900 X96.96 Y130.901 E217.82948
G0 F6000 X96.96 Y130.335
G1 F900 X108.02 Y141.396 E218.34973
G0 F6000 X108.586 Y141.396
G1 F900 X96.96 Y129.77 E218.89658
G0 F6000 X96.96 Y129.204
G1 F900 X109.152 Y141.396 E219.47005
G0 F6000 X109.718 Y141.396
G1 F900 X96.96 Y128.638 E220.07015
G0 F6000 X96.96 Y128.073
G1 F900 X99.195 Y130.308 E220.17528
G0 F6000 X99.052 Y129.599
G1 F900 X96.96 Y127.507 E220.27368
G0 F6000 X96.96 Y126.941
G1 F900 X99.066 Y129.048 E220.37276
G0 F6000 X99.153 Y128.569
G1 F900 X96.96 Y126.376 E220.47591
G0 F6000 X96.96 Y125.81
G1 F900 X99.298 Y128.148 E220.58589
G0 F6000 X99.497 Y127.781
G1 F900 X96.96 Y125.244 E220.70522
G0 F6000 X96.96 Y124.678
G1 F900 X99.73 Y127.448 E220.83551
G0 F6000 X100.072 Y127.752
G0 X100.362 Y127.355
G0 X99.652 Y126.236
G0 X99.208 Y126.361
G1 F900 X96.96 Y124.113 E220.94125
G0 F6000 X96.96 Y123.547
G1 F900 X99.058 Y125.645 E221.03993
G0 F6000 X99.063 Y125.084
G1 F900 X96.96 Y122.981 E221.13885
G0 F6000 X96.96 Y122.416
G1 F900 X99.145 Y124.601 E221.24163
G0 F6000 X99.285 Y124.175
G1 F900 X96.96 Y121.85 E221.35099
G0 F6000 X96.96 Y121.284
G1 F900 X99.481 Y123.805 E221.46957
G0 F6000 X99.71 Y123.469
G1 F900 X96.96 Y120.719 E221.59892
G0 F6000 X96.96 Y120.153
G1 F900 X99.227 Y122.42 E221.70555
G0 F6000 X99.064 Y121.691
G1 F900 X96.96 Y119.587 E221.80452
G0 F6000 X96.96 Y119.022
G1 F900 X99.059 Y121.12 E221.90323
G0 F6000 X99.137 Y120.633
G1 F900 X96.96 Y118.456 E222.00563
G0 F6000 X96.96 Y117.89
G1 F900 X99.272 Y120.202 E222.11438
G0 F6000 X99.465 Y119.83
G1 F900 X96.96 Y117.325 E222.2322
G0 F6000 X96.96 Y116.759
G1 F900 X99.691 Y119.49 E222.36066
G0 F6000 X100.072 Y119.752
G0 X100.362 Y119.355
G0 X99.684 Y118.3
G0 X99.266 Y118.5
G1 F900 X96.96 Y116.193 E222.46915
G0 F6000 X96.96 Y115.628
G1 F900 X99.07 Y117.738 E222.5684
G0 F6000 X99.056 Y117.158
G1 F900 X96.96 Y115.062 E222.66699
G0 F6000 X96.96 Y114.496
G1 F900 X99.128 Y116.664 E222.76897
G0 F6000 X99.255 Y116.226
G1 F900 X96.96 Y113.93 E222.87694
G0 F6000 X96.96 Y113.365
G1 F900 X99.45 Y115.855 E222.99406
G0 F6000 X99.681 Y115.52
G1 F900 X96.96 Y112.799 E223.12205
G0 F6000 X96.96 Y112.233
G1 F900 X99.946 Y115.22 E223.26252
G0 F6000 X100.259 Y114.967
G1 F900 X96.96 Y111.668 E223.4177
G0 F6000 X96.96 Y111.102
G1 F900 X100.593 Y114.735 E223.58858
G0 F6000 X100.999 Y114.575
G1 F900 X96.96 Y110.536 E223.77857
G0 F6000 X96.96 Y109.971
G1 F900 X101.442 Y114.453 E223.98939
G0 F6000 X101.962 Y114.407
G1 F900 X96.96 Y109.405 E224.22466
G0 F6000 X96.96 Y108.839
G1 F900 X102.584 Y114.463 E224.4892
G0 F6000 X103.323 Y114.637
G1 F900 X96.96 Y108.274 E224.7885
G0 F6000 X96.96 Y107.708
G1 F900 X103.081 Y113.829 E225.07641
G0 F6000 X103.044 Y113.226
G1 F900 X96.96 Y107.142 E225.36258
G0 F6000 X96.96 Y106.577
G1 F900 X103.098 Y112.715 E225.65129
G0 F6000 X103.244 Y112.295
G1 F900 X96.96 Y106.011 E225.94687
G0 F6000 X96.96 Y105.445
G1 F900 X103.421 Y111.907 E226.2508
G0 F6000 X103.643 Y111.562
G1 F900 X96.96 Y104.879 E226.56515
G0 F6000 X96.96 Y104.314
G1 F900 X103.909 Y111.263 E226.89201
G0 F6000 X104.202 Y110.99
G1 F900 X96.96 Y103.748 E227.23265
G0 F6000 X96.96 Y103.182
G1 F900 X104.556 Y110.779 E227.58997
G0 F6000 X104.925 Y110.582
G1 F900 X96.96 Y102.617 E227.96462
G0 F6000 X96.96 Y102.051
G1 F900 X105.379 Y110.47 E228.36062
G0 F6000 X105.881 Y110.406
G1 F900 X96.96 Y101.485 E228.78024
G0 F6000 X96.96 Y100.92
G1 F900 X106.477 Y110.437 E229.22789
G0 F6000 X107.045 Y110.439
G1 F900 X96.96 Y100.354 E229.70226
G0 F6000 X96.96 Y99.788
G1 F900 X107.078 Y109.906 E230.17818
G0 F6000 X107.183 Y109.445
G1 F900 X96.96 Y99.223 E230.65901
G0 F6000 X96.96 Y98.657
G1 F900 X107.342 Y109.039 E231.14735
G0 F6000 X107.562 Y108.693
G1 F900 X96.96 Y98.091 E231.64603
G0 F6000 X96.96 Y97.526
G1 F900 X107.81 Y108.375 E232.15636
G0 F6000 X108.095 Y108.095
G1 F900 X96.96 Y96.96 E232.68012
G0 F6000 X96.96 Y96.394
G1 F900 X108.416 Y107.851 E233.219
G0 F6000 X108.787 Y107.656
G1 F900 X96.96 Y95.829 E233.7753
G0 F6000 X96.96 Y95.263
G1 F900 X109.209 Y107.512 E234.35146
G0 F6000 X109.672 Y107.41
G1 F900 X96.96 Y94.697 E234.94941
G0 F6000 X96.96 Y94.131
G1 F900 X110.238 Y107.41 E235.57399
G0 F6000 X110.946 Y107.552
G1 F900 X96.96 Y93.566 E236.23185
G0 F6000 X96.96 Y93
G1 F900 X114.366 Y110.406 E237.05058
G0 F6000 X113.8 Y110.406
G1 F900 X112.789 Y109.395 E237.09813
G0 F6000 X112.942 Y110.113
G1 F900 X113.312 Y110.483 E237.11554
G0 F6000 X113.41 Y110.935
G0 X114.946 Y111.043
G0 X115.14 Y110.615
G1 F900 X96.96 Y92.434 E237.97069
G0 F6000 X96.96 Y91.869
G1 F900 X123.039 Y117.948 E239.19737
G0 F6000 X123.039 Y117.383
G1 F900 X96.96 Y91.303 E240.42407
G0 F6000 X96.96 Y90.737
G1 F900 X123.039 Y116.817 E241.65077
G0 F6000 X123.039 Y116.251
G1 F900 X97.67 Y90.882 E242.84405
G1 X97.531 Y90.743
G1 X96.963 Y90.174 E242.87079
G0 F6000 X96.501 Y90.173
G0 X96.577 Y87.772
G0 X97.429 Y87.921
G0 X97.902 Y90.152
G0 X98.795 Y90.934
G0 X98.744 Y91.39
G1 F900 X123.039 Y115.685 E244.01355
G0 F6000 X123.039 Y115.12
G1 F900 X99.334 Y91.414 E245.12858
G0 F6000 X99.899 Y91.414
G1 F900 X123.039 Y114.554 E246.21702
G0 F6000 X123.039 Y113.988
G1 F900 X100.465 Y91.414 E247.27883
G0 F6000 X101.03 Y91.413
G1 F900 X123.039 Y113.423 E248.31409
G0 F6000 X123.039 Y112.857
G1 F900 X101.596 Y91.413 E249.32273
G0 F6000 X102.161 Y91.413
G1 F900 X123.039 Y112.291 E250.30476
G0 F6000 X123.039 Y111.726
G1 F900 X102.726 Y91.413 E251.26022
G0 F6000 X103.292 Y91.413
G1 F900 X123.039 Y111.16 E252.18906
G0 F6000 X123.039 Y110.594
G1 F900 X103.857 Y91.412 E253.09132
G0 F6000 X104.423 Y91.412
G1 F900 X123.039 Y110.029 E253.96699
G0 F6000 X123.039 Y109.463
G1 F900 X104.988 Y91.412 E254.81605
G0 F6000 X105.553 Y91.411
G1 F900 X123.039 Y108.897 E255.63854
G0 F6000 X123.039 Y108.332
G1 F900 X106.119 Y91.411 E256.43443
G0 F6000 X106.685 Y91.411
G1 F900 X123.039 Y107.766 E257.20369
G0 F6000 X123.039 Y107.2
G1 F900 X107.25 Y91.411 E257.94636
G0 F6000 X107.815 Y91.411
G1 F900 X123.039 Y106.635 E258.66245
G0 F6000 X123.039 Y106.069
G1 F900 X108.381 Y91.411 E259.35192
G0 F6000 X108.946 Y91.41
G1 F900 X123.039 Y105.503 E260.01481
G0 F6000 X123.039 Y104.937
G1 F900 X109.512 Y91.41 E260.65108
G0 F6000 X110.077 Y91.41
G1 F900 X123.039 Y104.372 E261.26077
G0 F6000 X123.039 Y103.806
G1 F900 X110.642 Y91.409 E261.84389
G0 F6000 X111.208 Y91.409
G1 F900 X123.039 Y103.24 E262.40038
G0 F6000 X123.039 Y102.675
G1 F900 X111.774 Y91.409 E262.93028
G0 F6000 X112.339 Y91.408
G1 F900 X123.039 Y102.109 E263.43359
G0 F6000 X123.039 Y101.543
G1 F900 X112.904 Y91.408 E263.91031
G0 F6000 X113.47 Y91.408
G1 F900 X123.039 Y100.978 E264.36043
G0 F6000 X123.039 Y100.412
G1 F900 X114.035 Y91.408 E264.78395
G0 F6000 X114.601 Y91.408
G1 F900 X123.039 Y99.846 E265.18085
G0 F6000 X123.039 Y99.281
G1 F900 X115.166 Y91.408 E265.55117
G0 F6000 X115.629 Y91.304
G1 F900 X123.039 Y98.715 E265.89974
G0 F6000 X123.039 Y98.149
G1 F900 X116.015 Y91.125 E266.23013
G0 F6000 X116.337 Y90.881
G1 F900 X123.039 Y97.584 E266.54539
G0 F6000 X123.039 Y97.018
G1 F900 X116.591 Y90.57 E266.84869
G0 F6000 X116.801 Y90.213
G1 F900 X123.039 Y96.452 E267.14213
G0 F6000 X123.039 Y95.887
G1 F900 X116.935 Y89.782 E267.42926
G0 F6000 X116.955 Y89.237
G1 F900 X123.039 Y95.321 E267.71544
G0 F6000 X123.039 Y94.755
G1 F900 X116.958 Y88.673 E268.00149
G0 F6000 X117.095 Y88.246
G1 F900 X123.039 Y94.189 E268.28106
G0 F6000 X123.039 Y93.624
G1 F900 X117.532 Y88.117 E268.54009
G0 F6000 X117.917 Y87.936
G1 F900 X123.039 Y93.058 E268.78101
G0 F6000 X123.039 Y92.492
G1 F900 X118.266 Y87.719 E269.00552
G0 F6000 X118.57 Y87.457
G1 F900 X123.039 Y91.927 E269.21575
G0 F6000 X123.039 Y91.361
G1 F900 X118.838 Y87.16 E269.41335
G0 F6000 X119.062 Y86.818
G1 F900 X123.039 Y90.795 E269.60042
G0 F6000 X123.039 Y90.23
G1 F900 X119.255 Y86.445 E269.77843
G0 F6000 X119.379 Y86.003
G1 F900 X123.039 Y89.664 E269.95061
G0 F6000 X123.039 Y89.098
G1 F900 X119.451 Y85.51 E270.11938
G0 F6000 X119.415 Y84.909
G1 F900 X123.039 Y88.533 E270.28984
G0 F6000 X123.039 Y87.967
G1 F900 X119.166 Y84.093 E270.47204
G0 F6000 X118.758 Y84.305
G0 X117.544 Y83.087
G0 X117.755 Y82.683
G1 F900 X116.96 Y81.887 E270.50945
G0 F6000 X116.96 Y81.322
G1 F900 X123.039 Y87.401 E270.79539
G0 F6000 X123.039 Y86.836
G1 F900 X116.866 Y80.662 E271.08577
G0 F6000 X117.083 Y80.314
G1 F900 X123.039 Y86.27 E271.36593
G0 F6000 X123.039 Y85.704
G1 F900 X117.649 Y80.314 E271.61946
G0 F6000 X118.215 Y80.314
G1 F900 X123.039 Y85.138 E271.84636
G0 F6000 X123.039 Y84.573
G1 F900 X118.781 Y80.315 E272.04664
G0 F6000 X119.347 Y80.315
G1 F900 X123.039 Y84.007 E272.22031
G0 F6000 X123.039 Y83.441
G1 F900 X119.913 Y80.315 E272.36734
G0 F6000 X120.479 Y80.315
G1 F900 X123.039 Y82.876 E272.48778
G0 F6000 X123.039 Y82.31
G1 F900 X121.045 Y80.315 E272.5816
G0 F6000 X121.611 Y80.316
G1 F900 X123.039 Y81.744 E272.64876
G0 F6000 X123.039 Y81.179
G1 F900 X122.177 Y80.316 E272.68933
G0 F6000 X122.742 Y80.316
G1 F900 X123.039 Y80.613 E272.7033
G1 F2700 E267.7033
G0 F6000 X123.5 Y80.613
G0 X123.4 Y112.34
G0 X116.571 Y113.085
G0 X116.281 Y112.34
G0 X116.714 Y112.189
G1 F2700 E272.7033
G1 F900 X119.167 Y114.641 E272.81866
G0 F6000 X118.368 Y114.408
G1 F900 X116.919 Y112.959 E272.88682
G0 F6000 X116.946 Y113.552
G1 F900 X117.803 Y114.408 E272.92711
G0 F6000 X117.313 Y114.485
G1 F900 X116.883 Y114.055 E272.94733
G0 F6000 X116.73 Y114.467
G1 F900 X116.872 Y114.609 E272.95401
G0 F6000 X117.083 Y115.023
G0 X118.359 Y115.508
G0 X120.304 Y116.394
G0 X120.711 Y116.185
G1 F900 X123.039 Y118.514 E273.06354
G0 F6000 X123.039 Y119.08
G1 F900 X120.921 Y116.961 E273.16318
G0 F6000 X120.946 Y117.552
G1 F900 X123.039 Y119.645 E273.26163
G0 F6000 X123.039 Y120.211
G1 F900 X120.868 Y118.039 E273.36377
G0 F6000 X120.726 Y118.464
G1 F900 X123.039 Y120.777 E273.47257
G0 F6000 X123.039 Y121.342
G1 F900 X120.544 Y118.847 E273.58993
G0 F6000 X120.323 Y119.192
G1 F900 X123.039 Y121.908 E273.71768
G0 F6000 X123.039 Y122.474
G1 F900 X120.67 Y120.104 E273.82913
G0 F6000 X120.916 Y120.916
G1 F900 X123.039 Y123.039 E273.92899
G0 F6000 X123.039 Y123.605
G1 F900 X120.951 Y121.516 E274.02723
G0 F6000 X120.876 Y122.008
G1 F900 X123.039 Y124.171 E274.12897
G0 F6000 X123.039 Y124.736
G1 F900 X120.738 Y122.435 E274.2372
G0 F6000 X120.56 Y122.822
G1 F900 X123.039 Y125.302 E274.35383
G0 F6000 X123.039 Y125.868
G1 F900 X120.34 Y123.168 E274.48081
G0 F6000 X120.643 Y124.037
G1 F900 X123.039 Y126.434 E274.59353
G0 F6000 X123.039 Y126.999
G1 F900 X120.909 Y124.869 E274.69372
G0 F6000 X120.956 Y125.481
G1 F900 X123.039 Y127.565 E274.79172
G0 F6000 X123.039 Y128.131
G1 F900 X120.886 Y125.977 E274.89301
G0 F6000 X120.751 Y126.407
G1 F900 X123.039 Y128.696 E275.00066
G0 F6000 X123.039 Y129.262
G1 F900 X120.575 Y126.798 E275.11656
G0 F6000 X120.355 Y127.143
G1 F900 X123.039 Y129.828 E275.24283
G0 F6000 X123.039 Y130.393
G1 F900 X120.615 Y127.969 E275.35685
G0 F6000 X120.895 Y128.815
G1 F900 X123.039 Y130.959 E275.45769
G0 F6000 X123.039 Y131.525
G1 F900 X120.959 Y129.444 E275.55555
G0 F6000 X120.894 Y129.945
G1 F900 X123.039 Y132.09 E275.65645
G0 F6000 X123.039 Y132.656
G1 F900 X120.777 Y130.393 E275.76287
G0 F6000 X120.586 Y130.769
G1 F900 X123.039 Y133.222 E275.87825
G0 F6000 X123.039 Y133.787
G1 F900 X120.373 Y131.121 E276.00365
G0 F6000 X120.106 Y131.42
G1 F900 X123.039 Y134.353 E276.14161
G0 F6000 X123.039 Y134.919
G1 F900 X119.81 Y131.689 E276.29352
G0 F6000 X119.472 Y131.917
G1 F900 X123.039 Y135.484 E276.4613
G0 F6000 X123.039 Y136.05
G1 F900 X119.085 Y132.096 E276.64728
G0 F6000 X118.655 Y132.232
G1 F900 X123.039 Y136.616 E276.85349
G0 F6000 X123.039 Y137.182
G1 F900 X118.162 Y132.304 E277.08291
G0 F6000 X117.584 Y132.292
G1 F900 X123.039 Y137.747 E277.3395
G0 F6000 X123.039 Y138.313
G1 F900 X116.763 Y132.037 E277.6347
G0 F6000 X116.888 Y132.727
M104 S240
G1 F900 X123.039 Y138.879 E277.92405
G0 F6000 X123.039 Y139.444
G1 F900 X116.947 Y133.352 E278.2106
G0 F6000 X116.905 Y133.875
G1 F900 X123.039 Y140.01 E278.49915
G0 F6000 X123.039 Y140.576
G1 F900 X116.786 Y134.323 E278.79327
G0 F6000 X116.634 Y134.736
G1 F900 X123.039 Y141.141 E279.09454
G0 F6000 X122.728 Y141.396
G1 F900 X116.401 Y135.069 E279.39214
G0 F6000 X116.147 Y135.381
G1 F900 X122.163 Y141.396 E279.67509
G0 F6000 X121.597 Y141.396
G1 F900 X115.857 Y135.656 E279.94509
G0 F6000 X115.521 Y135.885
G1 F900 X121.031 Y141.396 E280.20428
G0 F6000 X120.466 Y141.396
G1 F900 X115.142 Y136.073 E280.45469
G0 F6000 X114.72 Y136.216
G1 F900 X119.9 Y141.396 E280.69834
G0 F6000 X119.334 Y141.396
G1 F900 X114.242 Y136.304 E280.93785
G0 F6000 X113.677 Y136.304
G1 F900 X118.768 Y141.396 E281.17734
G0 F6000 X118.203 Y141.396
G1 F900 X112.95 Y136.143 E281.42442
G0 F6000 X112.928 Y136.687
G1 F900 X117.637 Y141.396 E281.64592
G0 F6000 X117.071 Y141.396
G1 F900 X112.844 Y137.169 E281.84474
G0 F6000 X112.687 Y137.577
G1 F900 X116.506 Y141.396 E282.02438
G0 F6000 X115.94 Y141.396
G1 F900 X112.482 Y137.938 E282.18703
G0 F6000 X112.24 Y138.262
G1 F900 X115.374 Y141.396 E282.33445
G0 F6000 X114.809 Y141.396
G1 F900 X111.978 Y138.565 E282.46761
G0 F6000 X111.647 Y138.799
G1 F900 X114.243 Y141.396 E282.58974
G0 F6000 X113.677 Y141.396
G1 F900 X111.297 Y139.016 E282.70169
G0 F6000 X110.884 Y139.169
G1 F900 X113.112 Y141.396 E282.80646
G0 F6000 X112.546 Y141.396
G1 F900 X110.432 Y139.282 E282.9059
G0 F6000 X109.896 Y139.311
G1 F900 X111.98 Y141.396 E283.00395
G0 F6000 X111.415 Y141.396
G1 F900 X109.245 Y139.226 E283.10602
G0 F6000 X109.388 Y138.787
G0 X108.339 Y138.24
G0 X108.054 Y138.601
G1 F900 X110.849 Y141.396 E283.23748
G0 F6000 X110.283 Y141.396
G1 F900 X105.026 Y136.139 E283.48476
G0 F6000 X105.752 Y136.299
G1 F900 X107.976 Y138.523 E283.58937
G0 F6000 X108.321 Y138.218
G0 X107.565 Y136.975
G0 X107.124 Y137.105
G1 F900 X106.323 Y136.305 E283.62702
G0 F6000 X106.784 Y136.2
G1 F900 X107.034 Y136.45 E283.63878
G0 F6000 X107.493 Y136.411
G0 X107.597 Y135.414
G0 X106.651 Y135.814
G0 X103.64 Y134.164
G0 X103.209 Y134.321
G1 F900 X101.033 Y132.146 E283.74111
G0 F6000 X101.756 Y132.303
G1 F900 X103.057 Y133.604 E283.8023
G0 F6000 X103.066 Y133.047
G1 F900 X102.319 Y132.3 E283.83744
G0 F6000 X102.782 Y132.198
G1 F900 X103.144 Y132.56 E283.85447
G0 F6000 X103.297 Y132.147
G1 F900 X103.203 Y132.053 E283.85889
G1 F2700 E278.85889
G0 F6000 X102.999 Y131.642
G0 X101.341 Y131.092
G0 X100.948 Y130.884
G0 X100.611 Y130.588
G0 X100.357 Y130.218
G0 X100.199 Y129.802
G0 X100.144 Y129.357
G0 X100.611 Y126.588
G0 X100.357 Y126.218
G0 X100.199 Y125.802
G0 X100.144 Y125.357
G0 X100.611 Y122.588
G0 X100.357 Y122.218
G0 X100.199 Y121.802
G0 X100.144 Y121.357
G0 X100.611 Y118.588
G0 X100.357 Y118.218
G0 X100.199 Y117.802
G0 X100.144 Y117.357
G0 X100.199 Y116.913
G0 X100.341 Y116.539
G0 X101.678 Y114.787
G0 X98.648 Y91.017
G0 X97.562 Y86.798
G0 X96.984 Y86.715
G0 X96.676 Y86.552
G0 X96.413 Y86.321
G0 X96.214 Y86.031
G0 X96.09 Y85.705
G0 X96.055 Y85.423
G0 X96.5 Y82.672
G0 X96.781 Y82.672
G1 F2700 E283.85889
G1 F814.5 X96.782 Y81.168 E283.91416
G1 F743.8 X96.821 Y80.439 E283.94355
G1 F688.3 X96.821 Y80.177 E283.95494
G1 X97.599 Y80.177 E283.98877
G1 X97.326 Y80.523 E284.00794
G1 F743.8 X97.222 Y81.212 E284.03598
G1 F814.5 X97.22 Y82.575 E284.08608
G1 F818.2 X96.781 Y82.672 E284.10252
G0 F6000 X96.21 Y82.672
;MESH:NONMESH
G0 F300 X96.21 Y82.672 Z0.6
G0 F6000 X96.578 Y82.961
G0 X97.429 Y82.791
G0 X97.426 Y81.304
G0 X98.748 Y79.816
;TIME_ELAPSED:639.367172
;LAYER:1
M140 S50
M106 S42.5
;TYPE:WALL-INNER
;MESH:hull_rear_plate.obj
G1 F1289.1 X99 Y79.806 E284.124
G1 F1320 X115 Y79.806 E285.4544
G0 F9000 X115.838 Y80.419
G0 X116.722 Y83.516
G0 X117.158 Y83.622
G0 X117.553 Y83.83
G0 X117.89 Y84.128
G0 X118.143 Y84.497
G0 X118.301 Y84.913
G0 X118.356 Y85.357
G0 X118.301 Y85.802
G0 X118.143 Y86.218
G0 X117.889 Y86.588
G0 X117.552 Y86.884
G0 X117.159 Y87.092
G0 X116.724 Y87.199
G0 X115.838 Y90.295
G0 X109.863 Y90.367
G0 X109.863 Y90.054
G1 F1650 X98.906 Y90.056 E286.18327
G1 X98.717 Y89.986 E286.19667
G1 X98.565 Y89.87 E286.20939
G1 X98.446 Y89.687 E286.22391
G1 X98.4 Y89.533 E286.2346
G1 X98.4 Y86.672 E286.42492
G1 X98.133 Y86.821 E286.44526
G1 X97.7 Y86.95 E286.47531
G1 X97.263 Y86.938 E286.50439
G1 X96.993 Y86.87 E286.52291
G1 X96.659 Y86.715 E286.54741
G1 X96.353 Y86.473 E286.57336
G1 F1683.7 X96.075 Y86.105 E286.60342
G1 F1764.7 X95.954 Y85.744 E286.6271
G1 F1843.6 X95.925 Y85.356 E286.65027
G1 X95.954 Y84.968 E286.67343
G1 F1764.7 X96.074 Y84.609 E286.69698
G1 F1683.7 X96.353 Y84.238 E286.72724
G1 F1650 X96.651 Y83.999 E286.75265
G1 X97.005 Y83.836 E286.77857
G1 X97.266 Y83.774 E286.79642
G1 X97.62 Y83.764 E286.81998
G1 X98.061 Y83.849 E286.84985
G1 X98.4 Y84.036 E286.8756
G1 X98.4 Y81.256 E287.06053
G1 X98.448 Y81.02 E287.07655
G1 X98.642 Y80.773 E287.09744
G1 X98.917 Y80.656 E287.11732
G1 X115 Y80.656 E288.18717
G1 X115.283 Y80.726 E288.20656
G1 X115.48 Y80.895 E288.22383
G1 X115.6 Y81.135 E288.24168
G1 X115.6 Y84.035 E288.43459
G1 X115.935 Y83.85 E288.46004
G1 X116.38 Y83.764 E288.49019
G1 X116.759 Y83.78 E288.51542
G1 X117.106 Y83.874 E288.53934
G1 X117.349 Y84.001 E288.55758
G1 X117.643 Y84.238 E288.5827
G1 X117.879 Y84.552 E288.60883
G1 X118.056 Y84.965 E288.63872
G1 X118.096 Y85.356 E288.66486
G1 X118.06 Y85.7 E288.68787
G1 X117.946 Y86.031 E288.71116
G1 X117.708 Y86.418 E288.74138
G1 X117.381 Y86.69 E288.76967
G1 X117.133 Y86.821 E288.78833
G1 X116.768 Y86.93 E288.81367
G1 X116.3 Y86.951 E288.84483
G1 X115.871 Y86.823 E288.87461
G1 X115.601 Y86.676 E288.89506
G1 X115.6 Y89.529 E289.08485
G1 X115.53 Y89.739 E289.09957
G1 X115.296 Y89.979 E289.12187
G1 X115.053 Y90.054 E289.13878
G1 X109.863 Y90.054 E289.48402
G1 F2700 E284.48402
G0 F9000 X109.863 Y90.367
G0 X115.838 Y90.295
G0 X116.724 Y87.199
G0 X117.159 Y87.092
G0 X117.552 Y86.884
G0 X117.889 Y86.588
G0 X118.143 Y86.218
G0 X118.301 Y85.802
G0 X118.356 Y85.357
G0 X118.301 Y84.913
G0 X118.143 Y84.497
G0 X117.89 Y84.128
G0 X117.553 Y83.83
G0 X117.158 Y83.622
G0 X116.722 Y83.516
G0 X115.838 Y80.419
G0 X98.162 Y80.419
G0 X97.446 Y82.927
G0 X96.4 Y83.214
G1 F2700 E289.48402
G1 F1650 X96.82 Y83.057 E289.51385
G1 X97.114 Y82.989 E289.53392
G1 X97.6 Y82.943 E289.5664
G1 X97.6 Y81.256 E289.67862
G1 X97.712 Y80.707 E289.71589
G1 X98.165 Y80.131 E289.76463
G1 F1428.6 X98.748 Y79.816 E289.81555
G1 X98.042 Y79.756 E289.86999
G1 F1650 X96.4 Y79.756 E289.97921
G1 X96.4 Y83.214 E290.20924
G1 F2700 E285.20924
G0 F9000 X98.17 Y83.649
G0 X98.162 Y80.419
G0 X115.838 Y80.419
G0 X116.722 Y83.516
G0 X117.158 Y83.622
G0 X117.553 Y83.83
G0 X117.89 Y84.128
G0 X118.143 Y84.497
G0 X118.301 Y84.913
G0 X118.356 Y85.357
G0 X118.301 Y85.802
G0 X118.143 Y86.218
G0 X117.889 Y86.588
G0 X117.552 Y86.884
G0 X117.159 Y87.092
G0 X116.724 Y87.199
G0 X115.838 Y90.295
G0 X106.74 Y90.289
G0 X107.856 Y91.053
G0 X108.203 Y108.504
G0 X107.862 Y111.67
G1 F2700 E290.20924
G1 F1071.4 X107.998 Y111.857 E290.23293
G0 F9000 X107.998 Y113.239
G1 F1590.4 X107.998 Y113.443 E290.247
G0 F9000 X107.999 Y115.272
G1 F1675.1 X108.282 Y115.026 E290.27157
G1 X108.153 Y114.888 E290.28395
G1 X107.998 Y114.666 E290.30169
G1 X107.845 Y114.888 E290.31936
G1 X107.715 Y115.026 E290.33178
G1 X107.999 Y115.272 E290.3564
G0 F9000 X108 Y115.874
G1 F1650 X108.212 Y115.614 E290.37871
G1 X108.601 Y115.276 E290.41299
G1 X108.988 Y115.076 E290.44197
G1 X108.775 Y114.935 E290.45896
G1 X108.488 Y114.676 E290.48468
G1 X108.204 Y114.266 E290.51786
G1 F1641.8 X108.033 Y113.712 E290.55662
G1 F1617.6 X107.998 Y113.443 E290.57502
G1 X107.963 Y113.712 E290.59343
G1 F1641.8 X107.792 Y114.264 E290.63206
G1 F1650 X107.533 Y114.642 E290.66254
G1 X107.221 Y114.935 E290.69102
G1 X107.008 Y115.076 E290.70801
G1 X107.397 Y115.278 E290.73716
G1 X107.788 Y115.614 E290.77146
G1 X108 Y115.874 E290.79377
G0 F9000 X107.337 Y115.419
G0 X107.053 Y115.269
G0 X106.556 Y115.102
G0 X106.166 Y114.927
G1 F1828.3 X105.83 Y114.927 E290.81395
G1 F1736.8 X105.493 Y114.869 E290.83555
G1 F1654.1 X105.099 Y114.688 E290.86433
G1 F1650 X104.807 Y114.428 E290.89033
G1 X104.577 Y114.102 E290.91687
G1 X104.438 Y113.73 E290.94329
G1 X104.4 Y113.334 E290.96975
G1 X104.447 Y112.963 E290.99463
G1 X104.58 Y112.613 E291.01953
G1 X104.803 Y112.289 E291.0457
G1 X105.09 Y112.036 E291.07115
G1 X105.421 Y111.858 E291.09615
G1 X105.823 Y111.766 E291.12358
G1 X106.203 Y111.769 E291.14886
G1 X106.569 Y111.859 E291.17393
G1 X106.905 Y112.035 E291.19916
G1 X107.188 Y112.284 E291.22424
G1 X107.379 Y112.552 E291.24613
G1 X107.558 Y112.97 E291.27638
G1 X107.594 Y113.408 E291.30561
G1 X107.554 Y113.75 E291.32852
G1 X107.38 Y114.158 E291.35802
G1 X107.219 Y114.393 E291.37697
G1 X106.958 Y114.633 E291.40056
G1 F1692.3 X106.567 Y114.858 E291.42982
G1 F1783.8 X106.166 Y114.927 E291.45485
G0 F9000 X106.556 Y115.102
G0 X109.444 Y115.102
G0 X110 Y114.927
G1 F1833.3 X109.83 Y114.927 E291.46503
G1 F1736.8 X109.493 Y114.869 E291.48664
G1 F1654.1 X109.099 Y114.688 E291.51541
G1 F1650 X108.807 Y114.428 E291.54142
G1 X108.616 Y114.158 E291.56342
G1 X108.442 Y113.75 E291.59292
G1 X108.402 Y113.408 E291.61583
G1 X108.438 Y112.97 E291.64506
G1 X108.617 Y112.552 E291.67531
G1 X108.795 Y112.298 E291.69594
G1 X109.087 Y112.029 E291.72235
G1 X109.453 Y111.854 E291.74934
G1 X109.099 Y111.688 E291.77535
G1 X108.793 Y111.412 E291.80276
G1 X108.582 Y111.103 E291.82765
G1 X108.446 Y110.744 E291.85319
G1 X108.4 Y110.348 E291.8797
G1 X108.442 Y109.969 E291.90507
G1 X108.568 Y109.637 E291.92869
G1 X108.788 Y109.302 E291.95535
G1 X109.11 Y109.022 E291.98374
G1 X109.452 Y108.851 E292.00917
G1 X109.833 Y108.765 E292.03515
G1 X110.167 Y108.765 E292.05737
G1 X110.583 Y108.859 E292.08574
G1 X110.928 Y109.051 E292.11201
G1 X111.187 Y109.282 E292.13509
G1 X111.416 Y109.605 E292.16143
G1 X111.554 Y109.968 E292.18726
G1 X111.599 Y110.378 E292.2147
G1 X111.551 Y110.74 E292.23899
G1 X111.414 Y111.103 E292.2648
G1 X111.203 Y111.412 E292.28969
G1 X110.901 Y111.684 E292.31673
G1 X110.545 Y111.854 E292.34297
G1 X110.913 Y112.032 E292.37016
G1 X111.201 Y112.298 E292.39624
G1 X111.379 Y112.552 E292.41687
G1 X111.558 Y112.97 E292.44712
G1 X111.594 Y113.408 E292.47635
G1 X111.554 Y113.75 E292.49926
G1 X111.38 Y114.158 E292.52876
G1 X111.219 Y114.393 E292.54771
G1 X110.958 Y114.633 E292.5713
G1 F1692.3 X110.567 Y114.858 E292.60056
G1 F1783.8 X110.166 Y114.927 E292.62559
G1 F1833.3 X110 Y114.927 E292.63553
G0 F9000 X109.444 Y115.102
G0 X108.948 Y114.884
G0 X108.611 Y114.588
G0 X108.357 Y114.218
G0 X108.199 Y113.802
G0 X108.144 Y113.357
G0 X108.144 Y110.357
G0 X108.199 Y109.913
G0 X108.357 Y109.497
G0 X108.61 Y109.128
G0 X108.947 Y108.83
G0 X109.342 Y108.622
G0 X109.778 Y108.516
G0 X110.222 Y108.516
G0 X110.658 Y108.622
G0 X111.053 Y108.83
G0 X111.39 Y109.128
G0 X111.643 Y109.497
G0 X111.801 Y109.913
G0 X111.999 Y115.272
G1 F1675.1 X112.282 Y115.026 E292.6601
G1 X112.153 Y114.888 E292.67248
G1 X111.998 Y114.666 E292.69022
G1 X111.845 Y114.888 E292.70789
G1 X111.715 Y115.026 E292.72031
G1 X111.999 Y115.272 E292.74493
G0 F9000 X112 Y115.874
G1 F1650 X112.212 Y115.614 E292.76724
G1 X112.601 Y115.276 E292.80152
G1 X112.988 Y115.076 E292.8305
G1 X112.775 Y114.935 E292.84749
G1 X112.488 Y114.676 E292.87321
G1 X112.204 Y114.266 E292.90639
G1 F1641.8 X112.033 Y113.712 E292.94515
G1 F1617.6 X111.998 Y113.443 E292.96355
G1 X111.963 Y113.712 E292.98196
G1 F1641.8 X111.792 Y114.264 E293.02059
G1 F1650 X111.533 Y114.642 E293.05107
G1 X111.221 Y114.935 E293.07954
G1 X111.008 Y115.076 E293.09653
G1 X111.397 Y115.278 E293.12569
G1 X111.788 Y115.614 E293.15999
G1 X112 Y115.874 E293.1823
G0 F9000 X112.663 Y115.419
G0 X113.069 Y115.205
G0 X113.444 Y115.102
G0 X113.83 Y114.927
G1 F1736.8 X113.493 Y114.869 E293.20391
G1 F1654.1 X113.099 Y114.688 E293.23268
G1 F1650 X112.807 Y114.428 E293.25869
G1 X112.616 Y114.158 E293.28069
G1 X112.442 Y113.75 E293.31019
G1 X112.402 Y113.408 E293.3331
G1 X112.438 Y112.97 E293.36233
G1 X112.617 Y112.552 E293.39258
G1 X112.808 Y112.284 E293.41447
G1 X113.091 Y112.035 E293.43955
G1 X113.431 Y111.859 E293.46502
G1 X113.796 Y111.769 E293.49002
G1 X114.176 Y111.766 E293.5153
G1 X114.573 Y111.854 E293.54235
G1 X114.908 Y112.037 E293.56774
G1 X115.193 Y112.289 E293.59305
G1 X115.416 Y112.613 E293.61921
G1 X115.549 Y112.962 E293.64406
G1 X115.601 Y113.371 E293.67148
G1 X115.544 Y113.766 E293.69803
G1 X115.433 Y114.065 E293.71925
G1 X115.2 Y114.428 E293.74794
G1 X114.841 Y114.713 E293.77843
G1 F1654.1 X114.504 Y114.869 E293.80307
G1 F1736.8 X114.166 Y114.927 E293.82474
G1 F1828.3 X113.83 Y114.927 E293.84492
G0 F9000 X113.444 Y115.102
G0 X112.948 Y114.884
G0 X112.611 Y114.588
G0 X112.467 Y114.378
G0 X111.998 Y113.443
G1 F1590.4 X111.998 Y113.239 E293.85899
G0 F9000 X111.998 Y111.857
G1 F1071.4 X112.134 Y111.67 E293.88268
G0 F9000 X112 Y119.75
G1 F1233.6 X112.178 Y119.555 E293.90617
G1 X112.401 Y119.356 E293.93276
G1 X112.168 Y119.148 E293.96055
G1 X112 Y118.962 E293.98285
G1 X111.832 Y119.148 E294.00515
G1 X111.595 Y119.356 E294.03321
G1 X111.832 Y119.564 E294.06126
G1 X112 Y119.75 E294.08356
G0 F9000 X111.999 Y120.742
G1 F1650 X112.136 Y120.38 E294.10931
G1 X112.43 Y119.956 E294.14363
G1 X112.802 Y119.623 E294.17684
G1 X113.314 Y119.357 E294.21522
G1 X112.801 Y119.088 E294.25375
G1 X112.43 Y118.756 E294.28687
G1 X112.135 Y118.331 E294.32129
G1 X111.999 Y117.967 E294.34713
G1 X111.866 Y118.33 E294.37285
G1 X111.571 Y118.754 E294.40721
G1 X111.191 Y119.09 E294.44095
G1 X110.808 Y119.293 E294.46979
G1 X110.612 Y119.358 E294.48352
G1 X110.815 Y119.426 E294.49777
G1 X111.188 Y119.62 E294.52573
G1 X111.568 Y119.953 E294.55934
G1 X111.867 Y120.385 E294.59429
G1 X111.999 Y120.742 E294.61961
G0 F9000 X112 Y120.107
G0 X112 Y123.75
G1 F1233.6 X112.178 Y123.555 E294.6431
G1 X112.401 Y123.356 E294.66969
G1 X112.168 Y123.148 E294.69748
G1 X112 Y122.962 E294.71978
G1 X111.832 Y123.148 E294.74208
G1 X111.595 Y123.356 E294.77014
G1 X111.832 Y123.564 E294.79819
G1 X112 Y123.75 E294.82049
G0 F9000 X111.999 Y124.742
G1 F1650 X112.136 Y124.38 E294.84624
G1 X112.43 Y123.956 E294.88056
G1 X112.802 Y123.623 E294.91377
G1 X113.314 Y123.357 E294.95215
G1 X112.801 Y123.088 E294.99068
G1 X112.43 Y122.756 E295.0238
G1 X112.135 Y122.331 E295.05821
G1 X111.999 Y121.967 E295.08406
G1 X111.866 Y122.33 E295.10978
G1 X111.571 Y122.754 E295.14414
G1 X111.191 Y123.09 E295.17788
G1 X110.808 Y123.293 E295.20672
G1 X110.612 Y123.358 E295.22045
G1 X110.815 Y123.426 E295.23469
G1 X111.188 Y123.62 E295.26266
G1 X111.568 Y123.953 E295.29627
G1 X111.867 Y124.385 E295.33122
G1 X111.999 Y124.742 E295.35654
G0 F9000 X112 Y124.107
G0 X112 Y127.75
G1 F1233.6 X112.178 Y127.555 E295.38003
G1 X112.401 Y127.356 E295.40662
G1 X112.168 Y127.148 E295.43441
G1 X112 Y126.962 E295.45671
G1 X111.832 Y127.148 E295.47901
G1 X111.595 Y127.356 E295.50706
G1 X111.832 Y127.564 E295.53512
G1 X112 Y127.75 E295.55742
G0 F9000 X111.999 Y128.742
G1 F1650 X112.136 Y128.38 E295.58317
G1 X112.43 Y127.956 E295.61749
G1 X112.802 Y127.623 E295.6507
G1 X113.314 Y127.357 E295.68908
G1 X112.801 Y127.088 E295.72761
G1 X112.43 Y126.756 E295.76073
G1 X112.135 Y126.331 E295.79514
G1 X111.999 Y125.967 E295.82099
G1 X111.866 Y126.33 E295.84671
G1 X111.571 Y126.754 E295.88107
G1 X111.191 Y127.09 E295.91481
G1 X110.808 Y127.293 E295.94364
G1 X110.612 Y127.358 E295.95738
G1 X110.815 Y127.426 E295.97162
G1 X111.188 Y127.62 E295.99959
G1 X111.568 Y127.953 E296.0332
G1 X111.867 Y128.385 E296.06815
G1 X111.999 Y128.742 E296.09347
G0 F9000 X112 Y128.107
G0 X111.998 Y132.045
G1 F1670.9 X112.262 Y131.67 E296.12359
G1 X111.999 Y131.439 E296.14659
G1 X111.734 Y131.67 E296.16968
G1 X111.998 Y132.045 E296.1998
G0 F9000 X111.998 Y133.239
G1 F1601.9 X112.031 Y132.999 E296.2164
G1 F1633.7 X112.208 Y132.433 E296.25625
G1 F1650 X112.514 Y132.012 E296.29087
G1 X112.764 Y131.783 E296.31342
G1 X112.983 Y131.636 E296.33096
G1 X112.595 Y131.431 E296.36016
G1 X112.212 Y131.098 E296.39392
G1 X112 Y130.838 E296.41623
G1 X111.788 Y131.098 E296.43855
G1 X111.398 Y131.434 E296.47279
G1 X111.014 Y131.636 E296.50165
G1 X111.231 Y131.783 E296.51909
G1 X111.505 Y132.032 E296.54372
G1 X111.79 Y132.441 E296.57688
G1 F1633.7 X111.965 Y132.999 E296.61617
G1 F1601.9 X111.998 Y133.239 E296.63277
G1 F1590.4 X111.998 Y133.443 E296.64684
G0 F9000 X111.998 Y134.857
G1 F1068 X112.147 Y135.058 E296.67256
G0 F9000 X114.176 Y135.26
G0 X114.176 Y134.946
G1 F1650 X113.793 Y134.943 E296.69804
G1 X113.432 Y134.85 E296.72284
G1 X113.094 Y134.676 E296.74812
G1 X112.804 Y134.424 E296.77368
G1 X112.616 Y134.158 E296.79535
G1 X112.442 Y133.75 E296.82485
G1 X112.402 Y133.408 E296.84776
G1 X112.438 Y132.97 E296.87699
G1 X112.617 Y132.552 E296.90724
G1 X112.809 Y132.282 E296.92928
G1 X113.082 Y132.035 E296.95377
G1 F1688 X113.433 Y131.852 E296.97951
G1 F1769.4 X113.806 Y131.786 E297.003
G1 F1813.2 X114.193 Y131.786 E297.02643
G1 F1774.2 X114.565 Y131.851 E297.04979
G1 F1692.3 X114.911 Y132.034 E297.07518
G1 F1650 X115.184 Y132.279 E297.09958
G1 X115.427 Y132.624 E297.12765
G1 X115.556 Y132.994 E297.15372
G1 X115.6 Y133.342 E297.17705
G1 X115.555 Y133.74 E297.20369
G1 X115.417 Y134.097 E297.22915
G1 X115.218 Y134.394 E297.25293
G1 X114.958 Y134.633 E297.27643
G1 X114.578 Y134.853 E297.30563
G1 X114.176 Y134.946 E297.33308
G0 F9000 X114.176 Y135.26
G0 X112.389 Y135.38
G0 X111.643 Y137.218
G0 X111.389 Y137.588
G0 X111.052 Y137.884
G0 X110.829 Y138.002
G0 X110 Y138.26
G0 X110 Y137.945
G1 F1650 X109.876 Y137.948 E297.34133
G1 X109.493 Y137.87 E297.36733
G1 X109.159 Y137.715 E297.39183
G1 X108.796 Y137.427 E297.42265
G1 X108.572 Y137.084 E297.4499
G1 X108.442 Y136.746 E297.47399
G1 X108.395 Y136.349 E297.50058
G1 X108.445 Y135.973 E297.52582
G1 X108.58 Y135.612 E297.55145
G1 X108.795 Y135.298 E297.57677
G1 X109.087 Y135.029 E297.60318
G1 X109.453 Y134.854 E297.63016
G1 X109.099 Y134.688 E297.65617
G1 X108.793 Y134.412 E297.68359
G1 X108.616 Y134.158 E297.70418
G1 X108.442 Y133.75 E297.73368
G1 X108.402 Y133.408 E297.75659
G1 X108.438 Y132.97 E297.78582
G1 X108.617 Y132.552 E297.81607
G1 X108.809 Y132.282 E297.83811
G1 X109.082 Y132.035 E297.8626
G1 F1688 X109.433 Y131.852 E297.88834
G1 F1769.4 X109.806 Y131.786 E297.91184
G1 F1813.2 X110.193 Y131.786 E297.93526
G1 F1774.2 X110.565 Y131.851 E297.95862
G1 F1692.3 X110.911 Y132.034 E297.98401
G1 F1650 X111.184 Y132.279 E298.00841
G1 X111.379 Y132.552 E298.03073
G1 X111.558 Y132.97 E298.06097
G1 X111.594 Y133.408 E298.09021
G1 X111.554 Y133.75 E298.11311
G1 X111.38 Y134.158 E298.14262
G1 X111.203 Y134.412 E298.16321
G1 X110.901 Y134.684 E298.19025
G1 X110.545 Y134.854 E298.21649
G1 X110.913 Y135.032 E298.24368
G1 X111.201 Y135.298 E298.26976
G1 X111.415 Y135.612 E298.29504
G1 X111.553 Y135.977 E298.321
G1 X111.597 Y136.35 E298.34598
G1 X111.553 Y136.748 E298.37262
G1 X111.424 Y137.084 E298.39656
G1 X111.2 Y137.427 E298.42381
G1 X110.841 Y137.713 E298.45434
G1 X110.504 Y137.87 E298.47907
G1 X110.224 Y137.94 E298.49827
G1 X110 Y137.945 E298.51318
G0 F9000 X110 Y138.26
G0 X109.341 Y138.092
G0 X108.948 Y137.884
G0 X108.611 Y137.588
G0 X108.357 Y137.218
G0 X108.267 Y136.982
G0 X107.866 Y135.037
G1 F1073.2 X107.998 Y134.857 E298.53601
G1 F2700 E293.53601
G0 F9000 X108.199 Y136.802
G0 X108.357 Y137.218
G0 X108.501 Y137.428
G0 X109.974 Y138.941
G0 X109.974 Y141.756
G0 X110 Y141.956
G1 F2700 E298.53601
G1 F1650 X123.6 Y141.956 E299.44068
G1 X123.6 Y79.756 E303.57824
G1 X115.725 Y79.756 E304.10209
G1 F1466.7 X115 Y79.806 E304.15647
G1 X115.659 Y80.02 E304.20833
G1 F1650 X116.12 Y80.415 E304.24871
G1 X116.344 Y80.863 E304.28203
G1 X116.4 Y81.256 E304.30843
G1 X116.4 Y82.939 E304.42039
G1 X117.053 Y83.013 E304.4641
G1 X117.439 Y83.146 E304.49126
G1 X117.722 Y83.294 E304.51251
G1 X118.094 Y83.551 E304.54258
G1 X118.481 Y83.987 E304.58136
G1 X118.749 Y84.502 E304.61998
G1 X118.859 Y84.953 E304.65086
G1 X118.901 Y85.407 E304.68119
G1 X118.848 Y85.838 E304.71008
G1 X118.741 Y86.225 E304.73679
G1 X118.483 Y86.721 E304.77398
G1 X118.167 Y87.077 E304.80564
G1 X117.843 Y87.349 E304.83378
G1 X117.502 Y87.531 E304.85949
G1 X117.082 Y87.691 E304.88939
G1 X116.62 Y87.748 E304.92036
G1 X116.4 Y87.748 E304.93499
G1 X116.4 Y89.502 E305.05167
G1 X116.325 Y89.912 E305.07939
G1 X116.12 Y90.297 E305.10841
G1 X115.84 Y90.577 E305.13475
G1 X115.539 Y90.749 E305.15781
G1 X115.196 Y90.851 E305.18161
G1 X99 Y90.856 E306.25898
G1 X98.692 Y90.822 E306.27959
G1 X98.341 Y90.692 E306.30449
G1 X97.986 Y90.422 E306.33416
G1 X97.707 Y89.995 E306.36809
G1 X97.6 Y89.63 E306.39339
G1 X97.6 Y87.769 E306.51718
G1 X97.112 Y87.723 E306.54979
G1 X96.793 Y87.644 E306.57165
G1 X96.401 Y87.495 E306.59955
G1 X96.4 Y141.956 E310.22231
G1 X110 Y141.956 E311.12698
G0 F9000 X110 Y142.356
G1 F1650 X124 Y142.356 E312.05827
G1 X124 Y79.356 E316.24904
G1 X96 Y79.356 E318.11161
G1 X96 Y84.039 E318.42312
G1 X96.264 Y83.783 E318.44759
G1 X96.772 Y83.479 E318.48697
G1 X97.19 Y83.382 E318.51551
G1 X97.62 Y83.364 E318.54414
G1 X98 Y83.426 E318.56975
G1 X98 Y81.256 E318.7141
G1 X98.08 Y80.863 E318.74078
G1 X98.404 Y80.452 E318.77559
G1 X98.862 Y80.256 E318.80873
G1 X115 Y80.256 E319.88224
G1 X115.471 Y80.373 E319.91452
G1 X115.8 Y80.655 E319.94334
G1 X115.96 Y80.975 E319.96714
G1 X116 Y81.256 E319.98602
G1 X116 Y83.426 E320.13037
G1 X116.38 Y83.364 E320.15598
G1 X116.851 Y83.391 E320.18737
G1 X117.272 Y83.51 E320.21647
G1 X117.536 Y83.647 E320.23625
G1 X117.908 Y83.939 E320.26771
G1 X118.209 Y84.326 E320.30033
G1 X118.449 Y84.862 E320.33939
G1 X118.496 Y85.356 E320.3724
G1 X118.454 Y85.769 E320.40002
G1 X118.321 Y86.172 E320.42825
G1 X118.076 Y86.583 E320.46007
G1 X117.905 Y86.775 E320.47718
G1 X117.641 Y86.998 E320.50017
G1 X117.317 Y87.176 E320.52476
G1 X116.867 Y87.317 E320.55613
G1 X116.376 Y87.348 E320.58885
G1 X116.001 Y87.302 E320.61398
G1 X116 Y89.489 E320.75946
G1 X115.931 Y89.864 E320.78483
G1 X115.704 Y90.167 E320.81001
G1 X115.493 Y90.327 E320.82763
G1 X115.087 Y90.453 E320.85591
G1 X98.845 Y90.456 E321.93633
G1 X98.529 Y90.339 E321.95874
G1 X98.275 Y90.146 E321.97996
G1 X98.076 Y89.841 E322.00419
G1 X98 Y89.581 E322.02221
G1 X98 Y87.284 E322.175
G1 X97.62 Y87.348 E322.20064
G1 X97.188 Y87.33 E322.2294
G1 X96.893 Y87.257 E322.24961
G1 X96.367 Y87.023 E322.28791
G1 X96 Y86.672 E322.32169
G1 X96 Y142.356 E326.02581
G1 X110 Y142.356 E326.95709
G0 F9000 X110 Y142.756
G1 F1650 X124.4 Y142.756 E327.91498
G1 X124.4 Y78.956 E332.15898
G1 X95.6 Y78.956 E334.07476
G1 X95.601 Y84.6 E334.4502
G1 F1760 X95.575 Y85.356 E334.49737
G1 X95.601 Y86.112 E334.54455
G1 F1650 X95.6 Y142.756 E338.31252
G1 X110 Y142.756 E339.27041
G1 F2700 E334.27041
G0 F9000 X110 Y142.447
G0 X105.82 Y141.756
G0 X105.877 Y135.924
G0 X105.82 Y135.26
G0 X105.82 Y134.946
G1 F2700 E339.27041
G1 F1650 X105.43 Y134.854 E339.29707
G1 X105.095 Y134.677 E339.32227
G1 X104.799 Y134.426 E339.34809
G1 X104.579 Y134.097 E339.37442
G1 X104.442 Y133.729 E339.40054
G1 X104.396 Y133.344 E339.42633
G1 X104.439 Y132.997 E339.44959
G1 X104.576 Y132.612 E339.47677
G1 X104.809 Y132.282 E339.50364
G1 X105.082 Y132.035 E339.52813
G1 F1688 X105.433 Y131.852 E339.55387
G1 F1769.4 X105.806 Y131.786 E339.57737
G1 F1813.2 X106.193 Y131.786 E339.6008
G1 F1774.2 X106.565 Y131.851 E339.62416
G1 F1692.3 X106.911 Y132.034 E339.64954
G1 F1650 X107.184 Y132.279 E339.67394
G1 X107.379 Y132.552 E339.69626
G1 X107.558 Y132.97 E339.72651
G1 X107.594 Y133.408 E339.75574
G1 X107.554 Y133.75 E339.77865
G1 X107.38 Y134.158 E339.80815
G1 X107.143 Y134.474 E339.83443
G1 X106.902 Y134.676 E339.85535
G1 X106.573 Y134.853 E339.8802
G1 X106.203 Y134.943 E339.90553
G1 X105.82 Y134.946 E339.93101
G0 F9000 X105.82 Y135.26
G0 X106.659 Y135.092
G0 X107.052 Y134.884
G0 X107.389 Y134.588
G0 X107.533 Y134.378
G0 X107.998 Y133.443
G1 F1590.4 X107.998 Y133.239 E339.94509
G0 F9000 X107.998 Y132.045
G1 F1670.9 X108.262 Y131.67 E339.97521
G1 X107.999 Y131.439 E339.9982
G1 X107.734 Y131.67 E340.0213
G1 X107.998 Y132.045 E340.05142
G0 F9000 X107.998 Y133.239
G1 F1601.9 X108.031 Y132.999 E340.06802
G1 F1633.7 X108.208 Y132.433 E340.10786
G1 F1650 X108.514 Y132.012 E340.14249
G1 X108.764 Y131.783 E340.16504
G1 X108.983 Y131.636 E340.18258
G1 X108.595 Y131.431 E340.21177
G1 X108.212 Y131.098 E340.24553
G1 X108 Y130.838 E340.26785
G1 X107.788 Y131.098 E340.29017
G1 X107.398 Y131.434 E340.32441
G1 X107.014 Y131.636 E340.35327
G1 X107.231 Y131.783 E340.37071
G1 X107.505 Y132.032 E340.39534
G1 X107.79 Y132.441 E340.4285
G1 F1633.7 X107.965 Y132.999 E340.46779
G1 F1601.9 X107.998 Y133.239 E340.48438
G0 F9000 X108 Y127.75
G1 F1233.6 X108.178 Y127.555 E340.50787
G1 X108.401 Y127.356 E340.53447
G1 X108.168 Y127.148 E340.56226
G1 X108 Y126.962 E340.58455
G1 X107.832 Y127.148 E340.60685
G1 X107.595 Y127.356 E340.63491
G1 X107.832 Y127.564 E340.66296
G1 X108 Y127.75 E340.68526
G0 F9000 X107.999 Y128.742
G1 F1650 X108.136 Y128.38 E340.71101
G1 X108.43 Y127.956 E340.74533
G1 X108.802 Y127.623 E340.77854
G1 X109.314 Y127.357 E340.81693
G1 X108.801 Y127.088 E340.85546
G1 X108.43 Y126.756 E340.88858
G1 X108.135 Y126.331 E340.92299
G1 X107.999 Y125.967 E340.94884
G1 X107.866 Y126.33 E340.97455
G1 X107.571 Y126.754 E341.00891
G1 X107.191 Y127.09 E341.04266
G1 X106.808 Y127.293 E341.07149
G1 X106.612 Y127.358 E341.08523
G1 X106.815 Y127.426 E341.09947
G1 X107.188 Y127.62 E341.12744
G1 X107.568 Y127.953 E341.16105
G1 X107.867 Y128.385 E341.19599
G1 X107.999 Y128.742 E341.22131
G0 F9000 X108 Y128.107
G0 X106.693 Y127.532
G0 X106.235 Y127.419
G0 X103.674 Y127.648
G1 F1679.4 X103.914 Y127.356 E341.24602
G1 X103.674 Y127.063 E341.27077
G1 X103.481 Y127.234 E341.28762
G1 X103.305 Y127.354 E341.30154
G1 X103.481 Y127.475 E341.3155
G1 X103.674 Y127.648 E341.33244
G0 F9000 X103.72 Y128.348
G1 F1650 X103.831 Y128.118 E341.34943
G1 X104.134 Y127.684 E341.38464
G1 X104.507 Y127.356 E341.41768
G1 X104.134 Y127.028 E341.45072
G1 X103.826 Y126.587 E341.4865
G1 X103.72 Y126.362 E341.50305
G1 X103.552 Y126.618 E341.52342
G1 X103.221 Y126.935 E341.5539
G1 X102.818 Y127.176 E341.58514
G1 F1641.8 X102.367 Y127.321 E341.61681
G1 F1609.8 X102.12 Y127.356 E341.63382
G1 F1601.9 X102.506 Y127.412 E341.66054
G1 F1633.7 X102.823 Y127.536 E341.68341
G1 F1650 X103.222 Y127.774 E341.71432
G1 X103.55 Y128.094 E341.7448
G1 X103.72 Y128.348 E341.76513
G0 F9000 X103.18 Y127.929
G0 X102.12 Y127.356
G1 F1571.4 X101.79 Y127.356 E341.78818
G0 F9000 X102.21 Y126.949
G1 F1650 X101.825 Y126.946 E341.81379
G1 X101.431 Y126.856 E341.84068
G1 X101.089 Y126.673 E341.86648
G1 X100.792 Y126.411 E341.89282
G1 X100.583 Y126.104 E341.91753
G1 X100.442 Y125.746 E341.94312
G1 X100.4 Y125.356 E341.96921
G1 X100.438 Y124.976 E341.99462
G1 X100.583 Y124.608 E342.02093
G1 X100.795 Y124.298 E342.04591
G1 X101.086 Y124.038 E342.07187
G1 X101.435 Y123.85 E342.09824
G1 X101.826 Y123.766 E342.12484
G1 X102.189 Y123.764 E342.14899
G1 X102.58 Y123.856 E342.17571
G1 X102.961 Y124.077 E342.20501
G1 X103.228 Y124.332 E342.22957
G1 X103.424 Y124.616 E342.25252
G1 F1658.3 X103.544 Y124.954 E342.27626
G1 F1705.4 X103.576 Y125.349 E342.30177
G1 F1701 X103.545 Y125.759 E342.3283
G1 F1650 X103.423 Y126.095 E342.35208
G1 X103.23 Y126.379 E342.37492
G1 X102.958 Y126.633 E342.39967
G1 X102.633 Y126.821 E342.42465
G1 X102.21 Y126.949 E342.45405
G0 F9000 X102.282 Y127.248
G0 X101.341 Y127.092
G0 X100.948 Y126.884
G0 X100.611 Y126.588
G0 X100.357 Y126.218
G0 X100.199 Y125.802
G0 X100.144 Y125.357
G0 X100.199 Y124.913
G0 X100.357 Y124.497
G0 X100.61 Y124.128
G0 X100.947 Y123.83
G0 X102.12 Y123.356
G1 F1571.4 X101.79 Y123.356 E342.4771
G0 F9000 X102.21 Y122.949
G1 F1650 X101.825 Y122.946 E342.50271
G1 X101.431 Y122.856 E342.52959
G1 X101.089 Y122.673 E342.55539
G1 X100.792 Y122.411 E342.58174
G1 X100.583 Y122.104 E342.60644
G1 X100.443 Y121.748 E342.63189
G1 X100.404 Y121.426 E342.65347
G1 X100.436 Y120.982 E342.68308
G1 X100.583 Y120.608 E342.70981
G1 X100.795 Y120.298 E342.73479
G1 X101.086 Y120.038 E342.76075
G1 X101.435 Y119.85 E342.78712
G1 X101.826 Y119.766 E342.81372
G1 X102.189 Y119.764 E342.83787
G1 X102.58 Y119.856 E342.86459
G1 X102.961 Y120.077 E342.89389
G1 X103.228 Y120.332 E342.91845
G1 X103.424 Y120.616 E342.9414
G1 F1658.3 X103.544 Y120.954 E342.96514
G1 F1705.4 X103.576 Y121.349 E342.99065
G1 F1701 X103.545 Y121.759 E343.01718
G1 F1650 X103.423 Y122.095 E343.04096
G1 X103.23 Y122.379 E343.0638
G1 X102.958 Y122.633 E343.08855
G1 X102.633 Y122.821 E343.11353
G1 X102.21 Y122.949 E343.14293
G0 F9000 X102.282 Y123.248
G0 X103.674 Y123.648
G1 F1679.4 X103.914 Y123.356 E343.16763
G1 X103.674 Y123.063 E343.19238
G1 X103.481 Y123.234 E343.20924
G1 X103.305 Y123.354 E343.22316
G1 X103.481 Y123.475 E343.23712
G1 X103.674 Y123.648 E343.25406
G0 F9000 X103.72 Y124.348
G1 F1650 X103.831 Y124.118 E343.27104
G1 X104.134 Y123.684 E343.30625
G1 X104.507 Y123.356 E343.33929
G1 X104.134 Y123.028 E343.37234
G1 X103.826 Y122.587 E343.40812
G1 X103.72 Y122.362 E343.42466
G1 X103.552 Y122.618 E343.44503
G1 X103.221 Y122.935 E343.47552
G1 X102.818 Y123.176 E343.50675
G1 F1641.8 X102.367 Y123.321 E343.53842
G1 F1609.8 X102.12 Y123.356 E343.55543
G1 F1601.9 X102.506 Y123.412 E343.58216
G1 F1633.7 X102.823 Y123.536 E343.60503
G1 F1650 X103.222 Y123.774 E343.63593
G1 X103.55 Y124.094 E343.66641
G1 X103.72 Y124.348 E343.68674
G0 F9000 X105.307 Y123.532
G0 X105.765 Y123.419
G0 X106.032 Y123.419
G0 X108 Y123.75
G1 F1233.6 X108.178 Y123.555 E343.71024
G1 X108.401 Y123.356 E343.73683
G1 X108.168 Y123.148 E343.76462
G1 X108 Y122.962 E343.78692
G1 X107.832 Y123.148 E343.80921
G1 X107.595 Y123.356 E343.83727
G1 X107.832 Y123.564 E343.86533
G1 X108 Y123.75 E343.88762
G0 F9000 X107.999 Y124.742
G1 F1650 X108.136 Y124.38 E343.91337
G1 X108.43 Y123.956 E343.94769
G1 X108.802 Y123.623 E343.98091
G1 X109.314 Y123.357 E344.01929
G1 X108.801 Y123.088 E344.05782
G1 X108.43 Y122.756 E344.09094
G1 X108.135 Y122.331 E344.12535
G1 X107.999 Y121.967 E344.1512
G1 X107.866 Y122.33 E344.17691
G1 X107.571 Y122.754 E344.21127
G1 X107.191 Y123.09 E344.24502
G1 X106.808 Y123.293 E344.27385
G1 X106.612 Y123.358 E344.28759
G1 X106.815 Y123.426 E344.30183
G1 X107.188 Y123.62 E344.3298
G1 X107.568 Y123.953 E344.36341
G1 X107.867 Y124.385 E344.39835
G1 X107.999 Y124.742 E344.42367
G0 F9000 X108 Y124.107
G0 X108 Y119.75
G1 F1233.6 X108.178 Y119.555 E344.44716
G1 X108.401 Y119.356 E344.47376
G1 X108.168 Y119.148 E344.50154
G1 X108 Y118.962 E344.52384
G1 X107.832 Y119.148 E344.54614
G1 X107.595 Y119.356 E344.5742
G1 X107.832 Y119.564 E344.60225
G1 X108 Y119.75 E344.62455
G0 F9000 X107.999 Y120.742
G1 F1650 X108.136 Y120.38 E344.6503
G1 X108.43 Y119.956 E344.68462
G1 X108.802 Y119.623 E344.71783
G1 X109.314 Y119.357 E344.75621
G1 X108.801 Y119.088 E344.79475
G1 X108.43 Y118.756 E344.82786
G1 X108.135 Y118.331 E344.86228
G1 X107.999 Y117.967 E344.88813
G1 X107.866 Y118.33 E344.91384
G1 X107.571 Y118.754 E344.9482
G1 X107.191 Y119.09 E344.98194
G1 X106.808 Y119.293 E345.01078
G1 X106.612 Y119.358 E345.02452
G1 X106.815 Y119.426 E345.03876
G1 X107.188 Y119.62 E345.06672
G1 X107.568 Y119.953 E345.10033
G1 X107.867 Y120.385 E345.13528
G1 X107.999 Y120.742 E345.1606
G0 F9000 X108 Y120.107
G0 X108.047 Y129.357
G0 X108.105 Y129.824
G0 X108.271 Y130.265
G0 X108.423 Y130.484
G0 X109.445 Y131.613
G0 X110 Y131.423
G1 F1783.8 X109.729 Y131.423 E345.17728
G1 F1709.8 X109.259 Y131.331 E345.20802
G1 F1650 X108.796 Y131.079 E345.24308
G1 X108.432 Y130.758 E345.27537
G1 X108.136 Y130.331 E345.30993
G1 X107.999 Y129.967 E345.3358
G1 X107.866 Y130.33 E345.36152
G1 X107.57 Y130.755 E345.39597
G1 X107.2 Y131.079 E345.42869
G1 X106.744 Y131.328 E345.46325
G1 F1714.3 X106.27 Y131.422 E345.49419
G1 F1783.8 X105.729 Y131.423 E345.52747
G1 F1709.8 X105.259 Y131.331 E345.55822
G1 F1650 X104.796 Y131.079 E345.59328
G1 X104.423 Y130.742 E345.62672
G1 X104.137 Y130.335 E345.65981
G1 X103.952 Y129.848 E345.69447
G1 F1746 X103.925 Y129.288 E345.72971
G1 X103.959 Y128.845 E345.75764
G1 F1650 X104.137 Y128.378 E345.79088
G1 X104.414 Y127.981 E345.82308
G1 X104.797 Y127.625 E345.85787
G1 X105.314 Y127.357 E345.89661
G1 X104.797 Y127.086 E345.93543
G1 X104.414 Y126.731 E345.97017
G1 X104.137 Y126.334 E346.00237
G1 X103.952 Y125.848 E346.03697
G1 F1746 X103.925 Y125.288 E346.07221
G1 X103.959 Y124.845 E346.10014
G1 F1650 X104.137 Y124.378 E346.13338
G1 X104.414 Y123.981 E346.16559
G1 X104.797 Y123.625 E346.20037
G1 X105.314 Y123.357 E346.23911
G1 X104.797 Y123.086 E346.27794
G1 X104.414 Y122.731 E346.31267
G1 X104.137 Y122.334 E346.34487
G1 X103.952 Y121.848 E346.37947
G1 F1746 X103.925 Y121.288 E346.41471
G1 X103.959 Y120.845 E346.44264
G1 F1650 X104.137 Y120.378 E346.47588
G1 X104.414 Y119.981 E346.50809
G1 X104.797 Y119.625 E346.54287
G1 X105.314 Y119.357 E346.58161
G1 X104.797 Y119.086 E346.62044
G1 X104.414 Y118.731 E346.65517
G1 X104.137 Y118.334 E346.68738
G1 X103.952 Y117.848 E346.72197
G1 F1746 X103.925 Y117.288 E346.75721
G1 X103.959 Y116.845 E346.78514
G1 F1650 X104.137 Y116.378 E346.81839
G1 X104.419 Y115.974 E346.85116
G1 X104.798 Y115.625 E346.88543
G1 X105.256 Y115.387 E346.91977
G1 F1709.8 X105.714 Y115.29 E346.94982
G1 F1769.4 X106.28 Y115.29 E346.98493
G1 F1709.8 X106.744 Y115.388 E347.01537
G1 F1650 X107.198 Y115.632 E347.04965
G1 X107.567 Y115.952 E347.08214
G1 X107.867 Y116.384 E347.11713
G1 X107.999 Y116.742 E347.14251
G1 X108.136 Y116.38 E347.16826
G1 X108.43 Y115.956 E347.20258
G1 X108.802 Y115.623 E347.23579
G1 X109.256 Y115.387 E347.26983
G1 F1709.8 X109.714 Y115.29 E347.29988
G1 F1769.4 X110.28 Y115.29 E347.33499
G1 F1709.8 X110.744 Y115.388 E347.36543
G1 F1650 X111.198 Y115.632 E347.39972
G1 X111.567 Y115.952 E347.43221
G1 X111.867 Y116.384 E347.4672
G1 X111.999 Y116.742 E347.49258
G1 X112.136 Y116.38 E347.51832
G1 X112.43 Y115.956 E347.55265
G1 X112.802 Y115.623 E347.58586
G1 X113.256 Y115.387 E347.61989
G1 F1709.8 X113.714 Y115.29 E347.64995
G1 F1769.4 X114.28 Y115.29 E347.68506
G1 F1709.8 X114.744 Y115.388 E347.7155
G1 F1650 X115.198 Y115.632 E347.74978
G1 X115.581 Y115.974 E347.78394
G1 X115.871 Y116.391 E347.81773
G1 X116.039 Y116.872 E347.85162
G1 F1746 X116.071 Y117.288 E347.87785
G1 X116.044 Y117.843 E347.91278
G1 F1654.1 X115.869 Y118.324 E347.94674
G1 F1650 X115.566 Y118.76 E347.98206
G1 X115.191 Y119.09 E348.01529
G1 X114.808 Y119.293 E348.04412
G1 X114.612 Y119.358 E348.05786
G1 X114.815 Y119.426 E348.0721
G1 X115.189 Y119.621 E348.10015
G1 X115.566 Y119.952 E348.13353
G1 X115.871 Y120.391 E348.16909
G1 X116.039 Y120.872 E348.20298
G1 F1746 X116.071 Y121.288 E348.22921
G1 X116.044 Y121.843 E348.26413
G1 F1654.1 X115.869 Y122.324 E348.2981
G1 F1650 X115.566 Y122.76 E348.33342
G1 X115.191 Y123.09 E348.36665
G1 X114.808 Y123.293 E348.39548
G1 X114.612 Y123.358 E348.40922
G1 X114.815 Y123.426 E348.42346
G1 X115.189 Y123.621 E348.45151
G1 X115.566 Y123.952 E348.48489
G1 X115.871 Y124.391 E348.52045
G1 X116.039 Y124.872 E348.55434
G1 F1746 X116.071 Y125.288 E348.58056
G1 X116.044 Y125.843 E348.61549
G1 F1654.1 X115.869 Y126.324 E348.64946
G1 F1650 X115.566 Y126.76 E348.68478
G1 X115.191 Y127.09 E348.718
G1 X114.808 Y127.293 E348.74684
G1 X114.612 Y127.358 E348.76058
G1 X114.815 Y127.426 E348.77482
G1 X115.189 Y127.621 E348.80287
G1 X115.566 Y127.952 E348.83625
G1 X115.871 Y128.391 E348.8718
G1 X116.039 Y128.872 E348.9057
G1 F1746 X116.071 Y129.288 E348.93192
G1 X116.044 Y129.843 E348.96685
G1 F1654.1 X115.869 Y130.325 E349.00088
G1 F1650 X115.577 Y130.742 E349.03474
G1 X115.2 Y131.079 E349.06838
G1 X114.744 Y131.328 E349.10294
G1 F1714.3 X114.27 Y131.422 E349.13388
G1 F1783.8 X113.729 Y131.423 E349.16717
G1 F1709.8 X113.259 Y131.331 E349.19791
G1 F1650 X112.796 Y131.079 E349.23298
G1 X112.432 Y130.758 E349.26526
G1 X112.136 Y130.331 E349.29982
G1 X111.999 Y129.967 E349.32569
G1 X111.866 Y130.33 E349.35141
G1 X111.57 Y130.755 E349.38586
G1 X111.2 Y131.079 E349.41858
G1 X110.744 Y131.328 E349.45314
G1 F1714.3 X110.27 Y131.422 E349.48408
G1 F1783.8 X110 Y131.423 E349.50069
G1 F2700 E344.50069
G0 F9000 X109.445 Y131.613
G0 X108.947 Y131.83
G0 X108.61 Y132.128
G0 X108.357 Y132.497
G0 X108.199 Y132.913
G0 X108.144 Y133.357
G0 X108.144 Y136.357
G0 X108.199 Y136.802
G0 X108.357 Y137.218
G0 X108.611 Y137.588
G0 X108.948 Y137.884
G0 X109.341 Y138.092
G0 X109.776 Y138.199
G0 X110.224 Y138.199
G0 X110.659 Y138.092
G0 X111.052 Y137.884
G0 X111.389 Y137.588
G0 X111.643 Y137.218
G0 X112.611 Y134.588
G0 X112.948 Y134.884
G0 X113.341 Y135.092
G0 X113.776 Y135.199
G0 X114.224 Y135.199
G0 X114.659 Y135.092
G0 X115.052 Y134.884
G0 X115.389 Y134.588
G0 X115.643 Y134.218
G0 X115.801 Y133.802
G0 X116.086 Y130.452
G0 X117.341 Y131.092
G0 X117.776 Y131.199
G0 X118.224 Y131.199
G0 X118.659 Y131.092
G0 X119.052 Y130.884
G0 X119.389 Y130.588
G0 X119.643 Y130.218
G0 X119.801 Y129.802
G0 X119.856 Y129.357
G0 X119.801 Y128.913
G0 X119.643 Y128.497
G0 X119.39 Y128.128
G0 X119.053 Y127.83
G0 X118.658 Y127.622
G0 X118.222 Y127.516
G0 X116.324 Y127.641
G1 F2700 E349.50069
G1 F1683.7 X116.674 Y127.348 E349.53045
G1 X116.324 Y127.066 E349.55975
G1 X116.085 Y127.356 E349.58425
G1 X116.324 Y127.641 E349.60849
G0 F9000 X116.278 Y128.345
G1 F1650 X116.502 Y128.012 E349.63519
G1 X116.859 Y127.708 E349.66638
G1 X117.285 Y127.476 E349.69865
G1 F1601.9 X117.79 Y127.356 E349.73421
G1 F1578.9 X117.282 Y127.231 E349.77058
G1 F1625.6 X116.86 Y127.001 E349.80303
G1 F1650 X116.499 Y126.698 E349.83438
G1 X116.278 Y126.368 E349.8608
G1 X116.173 Y126.587 E349.87695
G1 X115.86 Y127.034 E349.91325
G1 X115.489 Y127.356 E349.94593
G1 X115.86 Y127.678 E349.97861
G1 X116.168 Y128.118 E350.01434
G1 X116.278 Y128.345 E350.03112
G0 F9000 X116.657 Y128.052
G0 X117.79 Y127.356
G1 F1571.4 X118.12 Y127.356 E350.05417
G0 F9000 X118.21 Y126.949
G1 F1650 X117.825 Y126.946 E350.07978
G1 X117.431 Y126.856 E350.10666
G1 X117.089 Y126.673 E350.13246
G1 X116.797 Y126.424 E350.15799
G1 X116.573 Y126.096 E350.18441
G1 X116.451 Y125.759 E350.20825
G1 F1701 X116.42 Y125.349 E350.23478
G1 F1705.4 X116.452 Y124.954 E350.26029
G1 F1662.5 X116.574 Y124.615 E350.28407
G1 F1654.1 X116.802 Y124.283 E350.3108
G1 F1650 X117.086 Y124.038 E350.33575
G1 X117.435 Y123.85 E350.36212
G1 X117.826 Y123.766 E350.38872
G1 X118.189 Y123.764 E350.41287
G1 X118.58 Y123.856 E350.43959
G1 X118.961 Y124.077 E350.46889
G1 X119.201 Y124.298 E350.49059
G1 X119.381 Y124.554 E350.51141
G1 X119.557 Y124.969 E350.54139
G1 X119.596 Y125.356 E350.56727
G1 X119.556 Y125.742 E350.59308
G1 X119.413 Y126.104 E350.61897
G1 X119.204 Y126.411 E350.64368
G1 X118.958 Y126.633 E350.66572
G1 X118.633 Y126.821 E350.6907
G1 X118.21 Y126.949 E350.72009
G0 F9000 X118.282 Y127.248
G0 X119.052 Y126.884
G0 X119.389 Y126.588
G0 X119.643 Y126.218
G0 X119.801 Y125.802
G0 X119.856 Y125.357
G0 X119.801 Y124.913
G0 X119.643 Y124.497
G0 X119.39 Y124.128
G0 X119.117 Y123.887
G0 X118.12 Y123.356
G1 F1571.4 X117.79 Y123.356 E350.74314
G0 F9000 X118.21 Y122.949
G1 F1650 X117.825 Y122.946 E350.76875
G1 X117.431 Y122.856 E350.79564
G1 X117.089 Y122.673 E350.82144
G1 X116.797 Y122.424 E350.84697
G1 X116.573 Y122.096 E350.87339
G1 X116.451 Y121.759 E350.89723
G1 F1701 X116.42 Y121.349 E350.92376
G1 F1705.4 X116.452 Y120.954 E350.94926
G1 F1662.5 X116.574 Y120.615 E350.97305
G1 F1654.1 X116.802 Y120.283 E350.99978
G1 F1650 X117.086 Y120.038 E351.02473
G1 X117.435 Y119.85 E351.0511
G1 X117.826 Y119.766 E351.0777
G1 X118.189 Y119.764 E351.10185
G1 X118.58 Y119.856 E351.12856
G1 X118.961 Y120.077 E351.15786
G1 X119.201 Y120.298 E351.17957
G1 X119.381 Y120.554 E351.20038
G1 X119.557 Y120.969 E351.23037
G1 X119.596 Y121.356 E351.25624
G1 X119.556 Y121.742 E351.28206
G1 X119.413 Y122.104 E351.30795
G1 X119.204 Y122.411 E351.33265
G1 X118.958 Y122.633 E351.3547
G1 X118.633 Y122.821 E351.37967
G1 X118.21 Y122.949 E351.40907
G0 F9000 X118.282 Y123.248
G0 X116.324 Y123.641
G1 F1683.7 X116.674 Y123.348 E351.43883
G1 X116.324 Y123.066 E351.46813
G1 X116.085 Y123.356 E351.49262
G1 X116.324 Y123.641 E351.51687
G0 F9000 X116.278 Y124.345
G1 F1650 X116.502 Y124.012 E351.54357
G1 X116.859 Y123.708 E351.57476
G1 X117.285 Y123.476 E351.60703
G1 F1601.9 X117.79 Y123.356 E351.64259
G1 F1578.9 X117.282 Y123.231 E351.67896
G1 F1625.6 X116.86 Y123.001 E351.71141
G1 F1650 X116.499 Y122.698 E351.74276
G1 X116.278 Y122.368 E351.76918
G1 X116.173 Y122.587 E351.78533
G1 X115.86 Y123.034 E351.82163
G1 X115.489 Y123.356 E351.85431
G1 X115.86 Y123.678 E351.88699
G1 X116.168 Y124.118 E351.92272
G1 X116.278 Y124.345 E351.9395
G0 F9000 X117.776 Y123.199
G0 X118.224 Y123.199
G0 X118.659 Y123.092
G0 X119.052 Y122.884
G0 X119.389 Y122.588
G0 X119.643 Y122.218
G0 X119.801 Y121.802
G0 X119.856 Y121.357
G0 X119.801 Y120.913
G0 X119.643 Y120.497
G0 X119.39 Y120.128
G0 X119.053 Y119.83
G0 X118.658 Y119.622
G0 X118.222 Y119.516
G0 X116.324 Y119.641
G1 F1683.7 X116.674 Y119.348 E351.96925
G1 X116.324 Y119.066 E351.99855
G1 X116.085 Y119.356 E352.02305
G1 X116.324 Y119.641 E352.0473
G0 F9000 X116.278 Y120.345
G1 F1650 X116.502 Y120.012 E352.074
G1 X116.859 Y119.708 E352.10519
G1 X117.285 Y119.476 E352.13745
G1 F1601.9 X117.79 Y119.356 E352.17302
G1 F1578.9 X117.282 Y119.231 E352.20938
G1 F1625.6 X116.86 Y119.001 E352.24183
G1 F1650 X116.499 Y118.698 E352.27319
G1 X116.278 Y118.368 E352.2996
G1 X116.173 Y118.587 E352.31576
G1 X115.86 Y119.034 E352.35206
G1 X115.489 Y119.356 E352.38474
G1 X115.86 Y119.678 E352.41742
G1 X116.168 Y120.118 E352.45314
G1 X116.278 Y120.345 E352.46992
G0 F9000 X116.657 Y120.052
G0 X117.79 Y119.356
G1 F1571.4 X118.12 Y119.356 E352.49297
G0 F9000 X118.21 Y118.949
G1 F1650 X117.825 Y118.946 E352.51858
G1 X117.431 Y118.856 E352.54547
G1 X117.089 Y118.673 E352.57127
G1 X116.797 Y118.424 E352.5968
G1 X116.573 Y118.096 E352.62322
G1 X116.451 Y117.759 E352.64706
G1 F1701 X116.42 Y117.349 E352.67359
G1 F1705.4 X116.452 Y116.954 E352.69909
G1 F1658.3 X116.574 Y116.615 E352.72294
G1 F1650 X116.803 Y116.282 E352.74982
G1 X117.095 Y116.032 E352.77539
G1 X117.433 Y115.854 E352.80081
G1 X117.835 Y115.765 E352.82819
G1 X118.167 Y115.765 E352.85028
G1 X118.531 Y115.845 E352.87507
G1 X118.849 Y116.001 E352.89863
G1 X119.143 Y116.238 E352.92375
G1 X119.379 Y116.552 E352.94988
G1 X119.557 Y116.969 E352.98004
G1 X119.596 Y117.356 E353.00592
G1 X119.556 Y117.742 E353.03173
G1 X119.413 Y118.104 E353.05762
G1 X119.204 Y118.411 E353.08233
G1 X118.958 Y118.633 E353.10437
G1 X118.633 Y118.821 E353.12934
G1 X118.21 Y118.949 E353.15874
G0 F9000 X118.282 Y119.248
G0 X119.39 Y120.128
G0 X119.643 Y120.497
G0 X119.801 Y120.913
G0 X119.856 Y121.357
G0 X119.39 Y124.128
G0 X119.643 Y124.497
G0 X119.801 Y124.913
G0 X119.856 Y125.357
G0 X119.39 Y128.128
G0 X119.643 Y128.497
G0 X119.801 Y128.913
G0 X119.856 Y129.357
G0 X119.801 Y129.802
G0 X119.643 Y130.218
G0 X119.389 Y130.588
G0 X119.052 Y130.884
G0 X118.733 Y131.052
G0 X117.832 Y131.26
G0 X117.832 Y130.947
G1 F1650 X117.427 Y130.852 E353.18641
G1 X117.099 Y130.68 E353.21105
G1 X116.797 Y130.425 E353.23734
G1 X116.573 Y130.095 E353.26387
G1 X116.451 Y129.759 E353.28765
G1 F1701 X116.42 Y129.349 E353.31418
G1 F1705.4 X116.452 Y128.954 E353.33969
G1 F1662.5 X116.574 Y128.615 E353.36347
G1 F1654.1 X116.802 Y128.283 E353.3902
G1 F1650 X117.086 Y128.038 E353.41515
G1 X117.435 Y127.85 E353.44152
G1 X117.826 Y127.766 E353.46812
G1 X118.189 Y127.764 E353.49227
G1 X118.58 Y127.856 E353.51899
G1 X118.961 Y128.077 E353.54829
G1 X119.201 Y128.298 E353.56999
G1 X119.381 Y128.554 E353.59081
G1 X119.557 Y128.969 E353.62079
G1 X119.596 Y129.356 E353.64667
G1 X119.56 Y129.7 E353.66968
G1 X119.446 Y130.031 E353.69296
G1 X119.205 Y130.422 E353.72352
G1 X118.841 Y130.713 E353.75452
G1 X118.531 Y130.862 E353.7774
G1 X118.202 Y130.947 E353.8
G1 X117.832 Y130.947 E353.82461
G0 F9000 X117.832 Y131.26
G0 X115.337 Y131.296
G0 X115.801 Y132.913
G0 X115.856 Y133.357
G0 X115.801 Y133.802
G0 X115.643 Y134.218
G0 X115.389 Y134.588
G0 X115.052 Y134.884
G0 X114.659 Y135.092
G0 X114.224 Y135.199
G0 X111.643 Y135.497
G0 X111.801 Y135.913
G0 X111.856 Y136.357
G0 X111.801 Y136.802
G0 X111.643 Y137.218
G0 X111.389 Y137.588
G0 X111.052 Y137.884
G0 X110.659 Y138.092
G0 X110.224 Y138.199
G0 X109.776 Y138.199
G0 X109.341 Y138.092
G0 X108.948 Y137.884
G0 X108.611 Y137.588
G0 X108.357 Y137.218
G0 X107.389 Y134.588
G0 X107.052 Y134.884
G0 X106.659 Y135.092
G0 X106.224 Y135.199
G0 X105.776 Y135.199
G0 X105.341 Y135.092
G0 X104.948 Y134.884
G0 X104.611 Y134.588
G0 X104.357 Y134.218
G0 X104.199 Y133.802
G0 X104.144 Y133.357
G0 X104.199 Y132.913
G0 X104.586 Y131.416
G0 X102.28 Y131.248
G0 X102.207 Y130.947
G1 F1650 X101.797 Y130.947 E353.85188
G1 X101.48 Y130.866 E353.87365
G1 X101.159 Y130.715 E353.89725
G1 X100.791 Y130.423 E353.9285
G1 X100.55 Y130.031 E353.95911
G1 X100.437 Y129.7 E353.98237
G1 X100.404 Y129.426 E354.00073
G1 X100.436 Y128.982 E354.03034
G1 X100.583 Y128.608 E354.05707
G1 X100.795 Y128.298 E354.08206
G1 X101.086 Y128.038 E354.10801
G1 X101.435 Y127.85 E354.13438
G1 X101.826 Y127.766 E354.16099
G1 X102.189 Y127.764 E354.18513
G1 X102.58 Y127.856 E354.21185
G1 X102.961 Y128.077 E354.24115
G1 X103.228 Y128.332 E354.26571
G1 X103.424 Y128.616 E354.28867
G1 F1658.3 X103.544 Y128.954 E354.31241
G1 F1705.4 X103.576 Y129.349 E354.33791
G1 F1701 X103.545 Y129.759 E354.36444
G1 F1650 X103.423 Y130.095 E354.38822
G1 X103.199 Y130.425 E354.41475
G1 X102.898 Y130.68 E354.44099
G1 X102.599 Y130.837 E354.46346
G1 X102.207 Y130.947 E354.49054
G0 F9000 X102.28 Y131.248
G0 X101.341 Y131.092
G0 X100.948 Y130.884
G0 X100.611 Y130.588
G0 X100.357 Y130.218
G0 X100.199 Y129.802
G0 X100.144 Y129.357
G0 X100.611 Y126.588
G0 X100.357 Y126.218
G0 X100.199 Y125.802
G0 X100.144 Y125.357
G0 X100.611 Y122.588
G0 X100.357 Y122.218
G0 X100.199 Y121.802
G0 X100.144 Y121.357
G0 X100.199 Y120.913
G0 X100.357 Y120.497
G0 X100.61 Y120.128
G0 X100.947 Y119.83
G0 X101.342 Y119.622
G0 X101.778 Y119.516
G0 X103.674 Y119.648
G1 F1679.4 X103.914 Y119.356 E354.51524
G1 X103.674 Y119.063 E354.54
G1 X103.481 Y119.234 E354.55685
G1 X103.305 Y119.354 E354.57077
G1 X103.481 Y119.475 E354.58473
G1 X103.674 Y119.648 E354.60167
G0 F9000 X103.72 Y120.348
G1 F1650 X103.831 Y120.118 E354.61866
G1 X104.134 Y119.684 E354.65387
G1 X104.507 Y119.356 E354.68691
G1 X104.134 Y119.028 E354.71995
G1 X103.826 Y118.587 E354.75573
G1 X103.72 Y118.362 E354.77228
G1 X103.552 Y118.618 E354.79264
G1 X103.221 Y118.935 E354.82313
G1 X102.818 Y119.176 E354.85437
G1 F1641.8 X102.367 Y119.321 E354.88604
G1 F1609.8 X102.12 Y119.356 E354.90305
G1 F1601.9 X102.506 Y119.412 E354.92977
G1 F1633.7 X102.823 Y119.536 E354.95264
G1 F1650 X103.222 Y119.774 E354.98355
G1 X103.55 Y120.094 E355.01403
G1 X103.72 Y120.348 E355.03436
G0 F9000 X103.18 Y119.929
G0 X102.12 Y119.356
G1 F1571.4 X101.79 Y119.356 E355.05741
G0 F9000 X100.947 Y119.83
G0 X100.61 Y120.128
G0 X100.357 Y120.497
G0 X100.199 Y120.913
G0 X100.144 Y121.357
G0 X100.61 Y124.128
G0 X100.357 Y124.497
G0 X100.199 Y124.913
G0 X100.144 Y125.357
G0 X100.61 Y128.128
G0 X100.357 Y128.497
G0 X100.199 Y128.913
G0 X100.144 Y129.357
G0 X100.199 Y129.802
G0 X100.357 Y130.218
G0 X100.611 Y130.588
G0 X100.948 Y130.884
G0 X101.341 Y131.092
G0 X101.776 Y131.199
G0 X104.663 Y131.296
G0 X104.199 Y132.913
G0 X104.144 Y133.357
G0 X104.199 Y133.802
G0 X104.357 Y134.218
G0 X104.611 Y134.588
G0 X104.948 Y134.884
G0 X105.341 Y135.092
G0 X105.776 Y135.199
G0 X108.357 Y135.497
G0 X108.199 Y135.913
G0 X108.144 Y136.357
G0 X108.199 Y136.802
G0 X108.357 Y137.218
G0 X108.563 Y137.518
G0 X110 Y138.743
G1 F1650 X109.876 Y138.748 E355.06566
G1 X109.415 Y138.69 E355.09657
G1 X108.89 Y138.491 E355.13392
G1 X108.408 Y138.166 E355.17259
G1 X108.09 Y137.807 E355.20449
G1 X107.853 Y137.434 E355.23389
G1 X107.664 Y136.952 E355.26833
G1 X107.595 Y136.405 E355.305
G1 X107.647 Y135.842 E355.34261
G1 F1625.6 X107.796 Y135.398 E355.37423
G1 F1279.1 X107.866 Y135.037 E355.40579
G1 X107.523 Y135.209 E355.43872
G1 F1625.6 X107.21 Y135.423 E355.46432
G1 F1650 X106.798 Y135.624 E355.49481
G1 X106.264 Y135.746 E355.53125
G1 X105.689 Y135.743 E355.5695
G1 X105.293 Y135.644 E355.59665
G1 X105.008 Y135.536 E355.61692
G1 X104.646 Y135.339 E355.64434
G1 X104.329 Y135.077 E355.6717
G1 X104.153 Y134.893 E355.68863
G1 X103.861 Y134.475 E355.72255
G1 X103.689 Y134.008 E355.75566
G1 X103.637 Y133.759 E355.77258
G1 X103.594 Y133.353 E355.79974
G1 X103.663 Y132.771 E355.83872
G1 X103.863 Y132.241 E355.8764
G1 X104.098 Y131.896 E355.90417
G1 X104.277 Y131.686 E355.92253
G1 X103.856 Y131.318 E355.95972
G1 X103.674 Y131.069 E355.98024
G1 X103.366 Y131.34 E356.00753
G1 X102.849 Y131.606 E356.0462
G1 X102.29 Y131.745 E356.08452
G1 X101.677 Y131.744 E356.1253
G1 X101.235 Y131.628 E356.1557
G1 X100.796 Y131.428 E356.18779
G1 X100.408 Y131.166 E356.21893
G1 X100.012 Y130.72 E356.2586
G1 X99.752 Y130.218 E356.29621
G1 X99.649 Y129.838 E356.3224
G1 X99.595 Y129.409 E356.35116
G1 X99.637 Y128.953 E356.38162
G1 X99.717 Y128.624 E356.40415
G1 X99.898 Y128.182 E356.43592
G1 X100.23 Y127.719 E356.47382
G1 X100.654 Y127.36 E356.51077
G1 X100.182 Y126.949 E356.55241
G1 X99.878 Y126.482 E356.58947
G1 X99.717 Y126.088 E356.61779
G1 X99.649 Y125.838 E356.63502
G1 X99.595 Y125.409 E356.66378
G1 X99.637 Y124.953 E356.69425
G1 X99.717 Y124.624 E356.71677
G1 X99.898 Y124.182 E356.74854
G1 X100.23 Y123.719 E356.78644
G1 X100.654 Y123.36 E356.8234
G1 X100.182 Y122.949 E356.86503
G1 X99.878 Y122.482 E356.90209
G1 X99.717 Y122.088 E356.93041
G1 X99.649 Y121.838 E356.94764
G1 X99.595 Y121.409 E356.9764
G1 X99.637 Y120.953 E357.00687
G1 X99.717 Y120.624 E357.02939
G1 X99.898 Y120.182 E357.06116
G1 X100.23 Y119.719 E357.09906
G1 X100.654 Y119.36 E357.13602
G1 X100.182 Y118.949 E357.17765
G1 X99.878 Y118.482 E357.21472
G1 X99.717 Y118.088 E357.24303
G1 X99.649 Y117.838 E357.26026
G1 X99.595 Y117.409 E357.28902
G1 X99.637 Y116.953 E357.31949
G1 X99.745 Y116.507 E357.35001
G1 X100.015 Y115.988 E357.38893
G1 X100.402 Y115.55 E357.42781
G1 X100.867 Y115.231 E357.46532
G1 X101.235 Y115.08 E357.49178
G1 X101.686 Y114.969 E357.52267
G1 X102.269 Y114.962 E357.56146
G1 X102.859 Y115.105 E357.60184
G1 X103.346 Y115.367 E357.63863
G1 X103.674 Y115.639 E357.66697
G1 X103.856 Y115.394 E357.68728
G1 X104.277 Y115.026 E357.72447
G1 X104.09 Y114.808 E357.74358
G1 X103.863 Y114.47 E357.77066
G1 X103.66 Y113.927 E357.80922
G1 X103.594 Y113.357 E357.84739
G1 X103.655 Y112.811 E357.88394
G1 X103.84 Y112.291 E357.92065
G1 X104.157 Y111.803 E357.95936
G1 X104.586 Y111.403 E357.99838
G1 X105.146 Y111.096 E358.04086
G1 X105.73 Y110.963 E358.0807
G1 X106.27 Y110.967 E358.11663
G1 X106.68 Y111.057 E358.14455
G1 X107.015 Y111.184 E358.16838
G1 X107.354 Y111.373 E358.1942
G1 X107.496 Y111.485 E358.20623
G1 F1289.1 X107.862 Y111.67 E358.24115
G1 X107.791 Y111.283 E358.27465
G1 F1650 X107.671 Y110.941 E358.29876
G1 X107.586 Y110.366 E358.33742
G1 X107.665 Y109.761 E358.37801
G1 X107.87 Y109.227 E358.41606
G1 X108.203 Y108.743 E358.45514
G1 X108.637 Y108.369 E358.49325
G1 X109.077 Y108.139 E358.52628
G1 X109.32 Y108.057 E358.54334
G1 X109.715 Y107.968 E358.57027
G1 X110.289 Y107.968 E358.60845
G1 X110.863 Y108.107 E358.64774
G1 X111.368 Y108.375 E358.68577
G1 X111.816 Y108.776 E358.72577
G1 X112.121 Y109.218 E358.76149
G1 X112.33 Y109.753 E358.7997
G1 X112.41 Y110.362 E358.84055
G1 X112.328 Y110.93 E358.87873
G1 X112.207 Y111.283 E358.90355
G1 F1289.1 X112.134 Y111.67 E358.93709
G1 X112.499 Y111.483 E358.972
G1 F1650 X112.641 Y111.373 E358.98395
G1 X113.151 Y111.094 E359.02262
G1 X113.732 Y110.967 E359.06218
G1 X114.295 Y110.969 E359.09964
G1 X114.858 Y111.098 E359.13806
G1 X115.361 Y111.377 E359.17632
G1 X115.756 Y111.71 E359.21069
G1 X116.135 Y112.23 E359.25349
G1 X116.334 Y112.779 E359.29233
G1 X116.402 Y113.354 E359.33085
G1 X116.337 Y113.923 E359.36895
G1 X116.134 Y114.468 E359.40763
G1 X115.907 Y114.808 E359.43483
G1 X115.719 Y115.026 E359.45398
G1 X116.15 Y115.4 E359.49194
G1 X116.31 Y115.622 E359.51014
G1 X116.716 Y115.326 E359.54356
G1 X117.149 Y115.102 E359.57599
G1 X117.715 Y114.967 E359.6147
G1 X118.302 Y114.968 E359.65374
G1 X118.764 Y115.08 E359.68537
G1 X119.138 Y115.235 E359.7123
G1 X119.595 Y115.552 E359.7493
G1 X119.982 Y115.988 E359.78808
G1 X120.253 Y116.512 E359.82732
G1 X120.359 Y116.953 E359.85749
G1 X120.401 Y117.407 E359.88782
G1 X120.348 Y117.838 E359.9167
G1 X120.28 Y118.088 E359.93394
G1 X120.118 Y118.482 E359.96228
G1 X119.85 Y118.893 E359.99491
G1 X119.561 Y119.184 E360.0222
G1 X119.334 Y119.339 E360.04048
G1 X119.775 Y119.731 E360.07973
G1 X120.099 Y120.183 E360.11672
G1 X120.28 Y120.624 E360.14843
G1 X120.359 Y120.953 E360.17094
G1 X120.401 Y121.407 E360.20127
G1 X120.348 Y121.838 E360.23016
G1 X120.28 Y122.088 E360.24739
G1 X120.118 Y122.482 E360.27573
G1 X119.85 Y122.893 E360.30837
G1 X119.561 Y123.184 E360.33565
G1 X119.334 Y123.339 E360.35393
G1 X119.775 Y123.731 E360.39318
G1 X120.099 Y124.183 E360.43018
G1 X120.28 Y124.624 E360.46189
G1 X120.359 Y124.953 E360.48439
G1 X120.401 Y125.407 E360.51472
G1 X120.348 Y125.838 E360.54361
G1 X120.28 Y126.088 E360.56084
G1 X120.118 Y126.482 E360.58918
G1 X119.85 Y126.893 E360.62182
G1 X119.561 Y127.184 E360.6491
G1 X119.334 Y127.339 E360.66739
G1 X119.775 Y127.731 E360.70664
G1 X120.099 Y128.183 E360.74363
G1 X120.28 Y128.624 E360.77534
G1 X120.359 Y128.953 E360.79785
G1 X120.401 Y129.407 E360.82818
G1 X120.348 Y129.838 E360.85706
G1 X120.246 Y130.214 E360.88298
G1 X119.982 Y130.722 E360.92106
G1 X119.589 Y131.165 E360.96045
G1 X119.125 Y131.481 E360.9978
G1 X118.764 Y131.628 E361.02373
G1 X118.306 Y131.744 E361.05515
G1 X117.706 Y131.745 E361.09507
G1 X117.149 Y131.606 E361.13326
G1 X116.631 Y131.34 E361.17199
G1 X116.325 Y131.072 E361.19905
G1 X116.141 Y131.32 E361.21959
G1 X115.719 Y131.687 E361.25679
G1 X115.899 Y131.895 E361.27509
G1 X116.148 Y132.268 E361.30492
G1 X116.333 Y132.771 E361.34057
G1 X116.402 Y133.355 E361.37969
G1 X116.337 Y133.929 E361.41812
G1 X116.137 Y134.472 E361.45661
G1 X115.844 Y134.893 E361.49073
G1 X115.57 Y135.178 E361.51703
G1 X115.114 Y135.489 E361.55375
G1 X114.702 Y135.645 E361.58305
G1 X114.28 Y135.749 E361.61196
G1 X113.723 Y135.744 E361.64902
G1 X113.201 Y135.623 E361.68466
G1 X112.702 Y135.383 E361.72149
G1 X112.513 Y135.237 E361.73738
G1 F1286.5 X112.147 Y135.058 E361.77214
G1 X112.212 Y135.445 E361.80562
G1 F1650 X112.348 Y135.844 E361.83366
G1 X112.402 Y136.394 E361.87042
G1 X112.331 Y136.96 E361.90837
G1 X112.143 Y137.434 E361.94229
G1 X111.906 Y137.808 E361.97174
G1 X111.589 Y138.165 E362.0035
G1 X111.113 Y138.489 E362.0418
G1 X110.701 Y138.645 E362.07111
G1 X110.362 Y138.728 E362.09432
G1 X110 Y138.743 E362.11842
G0 F9000 X110 Y138.344
G1 F1650 X109.876 Y138.348 E362.12668
G1 X109.49 Y138.3 E362.15255
G1 X108.978 Y138.072 E362.18983
G1 X108.591 Y137.775 E362.22228
G1 X108.421 Y137.583 E362.23934
G1 X108.213 Y137.259 E362.26495
G1 X108.052 Y136.846 E362.29444
G1 X107.996 Y136.389 E362.32507
G1 X108.042 Y135.918 E362.35655
G1 X108.214 Y135.429 E362.39103
G1 X108.491 Y135.038 E362.42291
G1 X108.683 Y134.855 E362.44055
G1 X108.49 Y134.673 E362.4582
G1 X108.205 Y134.27 E362.49103
G1 F1641.8 X108.033 Y133.712 E362.53007
G1 F1617.6 X107.998 Y133.443 E362.54847
G1 X107.963 Y133.712 E362.56688
G1 F1641.8 X107.79 Y134.273 E362.60612
G1 F1650 X107.465 Y134.726 E362.64321
G1 X107.094 Y135.035 E362.67533
G1 X106.672 Y135.242 E362.7066
G1 X106.225 Y135.347 E362.73714
G1 X105.775 Y135.348 E362.76707
G1 X105.29 Y135.232 E362.80025
G1 X104.87 Y135.008 E362.83191
G1 X104.506 Y134.704 E362.86346
G1 X104.204 Y134.252 E362.89962
G1 X104.045 Y133.813 E362.93068
G1 X103.994 Y133.336 E362.96259
G1 X104.053 Y132.872 E362.9937
G1 X104.219 Y132.427 E363.02529
G1 X104.482 Y132.041 E363.05637
G1 X104.764 Y131.783 E363.08179
G1 X104.983 Y131.636 E363.09934
G1 X104.595 Y131.432 E363.1285
G1 X104.147 Y131.041 E363.16805
G1 X103.826 Y130.587 E363.20504
G1 X103.72 Y130.362 E363.22158
G1 X103.502 Y130.694 E363.248
G1 X103.121 Y131.012 E363.28101
G1 X102.711 Y131.229 E363.31187
G1 X102.24 Y131.346 E363.34416
G1 X101.731 Y131.345 E363.37801
G1 X101.352 Y131.245 E363.40409
G1 X100.978 Y131.072 E363.4315
G1 X100.591 Y130.775 E363.46395
G1 X100.421 Y130.583 E363.48101
G1 X100.175 Y130.171 E363.51293
G1 X100.043 Y129.769 E363.54107
G1 X99.996 Y129.394 E363.56621
G1 X100.046 Y128.876 E363.60083
G1 X100.23 Y128.419 E363.6336
G1 X100.518 Y127.999 E363.66748
G1 X100.859 Y127.708 E363.6973
G1 X101.285 Y127.476 E363.72957
G1 F1601.9 X101.79 Y127.356 E363.76513
G1 F1578.9 X101.282 Y127.231 E363.8015
G1 F1625.6 X100.86 Y127.001 E363.83395
G1 F1650 X100.517 Y126.713 E363.86374
G1 X100.23 Y126.293 E363.89758
G1 X100.054 Y125.856 E363.92892
G1 X99.996 Y125.394 E363.95989
G1 X100.046 Y124.876 E363.99451
G1 X100.23 Y124.419 E364.02728
G1 X100.518 Y123.999 E364.06116
G1 X100.859 Y123.708 E364.09098
G1 X101.285 Y123.476 E364.12324
G1 F1601.9 X101.79 Y123.356 E364.15881
G1 F1578.9 X101.282 Y123.231 E364.19517
G1 F1625.6 X100.86 Y123.001 E364.22762
G1 F1650 X100.517 Y122.713 E364.25742
G1 X100.23 Y122.293 E364.29125
G1 X100.054 Y121.856 E364.32259
G1 X99.996 Y121.394 E364.35357
G1 X100.046 Y120.876 E364.38818
G1 X100.23 Y120.419 E364.42096
G1 X100.518 Y119.999 E364.45483
G1 X100.859 Y119.708 E364.48465
G1 X101.285 Y119.476 E364.51692
G1 F1601.9 X101.79 Y119.356 E364.55248
G1 F1578.9 X101.282 Y119.231 E364.58885
G1 F1625.6 X100.86 Y119.001 E364.6213
G1 F1650 X100.517 Y118.713 E364.65109
G1 X100.23 Y118.293 E364.68493
G1 X100.054 Y117.856 E364.71627
G1 X99.996 Y117.394 E364.74724
G1 X100.034 Y117 E364.77357
G1 X100.175 Y116.541 E364.80551
G1 X100.427 Y116.122 E364.83804
G1 X100.845 Y115.701 E364.8775
G1 X101.352 Y115.463 E364.91476
G1 X101.754 Y115.366 E364.94227
G1 X102.255 Y115.366 E364.9756
G1 X102.715 Y115.481 E365.00714
G1 X103.077 Y115.67 E365.0343
G1 X103.492 Y116.007 E365.06986
G1 X103.72 Y116.348 E365.09715
G1 X103.831 Y116.118 E365.11414
G1 X104.146 Y115.672 E365.15046
G1 X104.601 Y115.276 E365.19058
G1 X104.988 Y115.076 E365.21956
G1 X104.775 Y114.935 E365.23655
G1 X104.478 Y114.668 E365.26312
G1 X104.219 Y114.284 E365.29393
G1 X104.05 Y113.829 E365.32622
G1 X103.996 Y113.356 E365.35789
G1 X104.044 Y112.906 E365.38799
G1 X104.203 Y112.461 E365.41942
G1 X104.474 Y112.05 E365.45217
G1 X104.825 Y111.727 E365.4839
G1 X105.28 Y111.479 E365.51837
G1 X105.774 Y111.362 E365.55214
G1 X106.259 Y111.373 E365.58441
G1 X106.714 Y111.475 E365.61543
G1 X107.17 Y111.726 E365.65006
G1 X107.484 Y112.014 E365.6784
G1 X107.788 Y112.434 E365.71289
G1 F1633.7 X107.965 Y112.999 E365.75267
G1 F1601.9 X107.998 Y113.239 E365.76927
G1 X108.031 Y112.999 E365.78586
G1 F1633.7 X108.207 Y112.437 E365.82543
G1 F1650 X108.491 Y112.038 E365.85801
G1 X108.683 Y111.855 E365.87565
G1 X108.49 Y111.673 E365.8933
G1 X108.206 Y111.257 E365.92681
G1 X108.058 Y110.843 E365.95605
G1 X107.995 Y110.387 E365.98667
G1 X108.054 Y109.856 E366.02221
G1 X108.233 Y109.414 E366.05393
G1 X108.497 Y109.018 E366.08559
G1 X108.875 Y108.691 E366.11884
G1 X109.308 Y108.47 E366.15118
G1 X109.764 Y108.367 E366.18228
G1 X110.244 Y108.367 E366.21421
G1 X110.733 Y108.486 E366.24768
G1 X111.158 Y108.715 E366.2798
G1 X111.516 Y109.043 E366.3121
G1 X111.772 Y109.42 E366.34241
G1 X111.944 Y109.867 E366.37427
G1 X112.001 Y110.392 E366.4094
G1 X111.939 Y110.835 E366.43915
G1 X111.793 Y111.252 E366.46854
G1 X111.535 Y111.646 E366.49987
G1 X111.312 Y111.855 E366.5202
G1 X111.505 Y112.038 E366.5379
G1 X111.789 Y112.437 E366.57047
G1 F1633.7 X111.965 Y112.999 E366.61004
G1 F1601.9 X111.998 Y113.239 E366.62664
G1 X112.031 Y112.999 E366.64324
G1 F1633.7 X112.208 Y112.434 E366.68302
G1 F1650 X112.512 Y112.014 E366.7175
G1 X112.827 Y111.725 E366.74594
G1 X113.293 Y111.473 E366.78118
G1 X113.74 Y111.373 E366.81165
G1 X114.229 Y111.362 E366.84419
G1 X114.747 Y111.492 E366.87971
G1 X115.135 Y111.707 E366.90922
G1 X115.469 Y111.991 E366.93839
G1 X115.757 Y112.394 E366.97134
G1 X115.942 Y112.861 E367.00475
G1 X116.002 Y113.372 E367.03897
G1 X115.945 Y113.833 E367.06987
G1 X115.777 Y114.283 E367.10183
G1 X115.521 Y114.666 E367.13247
G1 X115.221 Y114.935 E367.15927
G1 X115.008 Y115.076 E367.17627
G1 X115.398 Y115.278 E367.20548
G1 X115.862 Y115.68 E367.24632
G1 X116.168 Y116.118 E367.28186
G1 X116.278 Y116.345 E367.29864
G1 X116.503 Y116.01 E367.32549
G1 X116.873 Y115.699 E367.35764
G1 X117.287 Y115.479 E367.38882
G1 X117.759 Y115.366 E367.42111
G1 X118.246 Y115.366 E367.4535
G1 X118.647 Y115.463 E367.48095
G1 X119.036 Y115.647 E367.50957
G1 X119.408 Y115.939 E367.54103
G1 X119.709 Y116.326 E367.57365
G1 X119.949 Y116.862 E367.61271
G1 X119.996 Y117.356 E367.64572
G1 X119.954 Y117.769 E367.67334
G1 X119.79 Y118.266 E367.70815
G1 X119.507 Y118.672 E367.74107
G1 X119.221 Y118.935 E367.76692
G1 X118.818 Y119.176 E367.79815
G1 F1641.8 X118.367 Y119.321 E367.82982
G1 F1609.8 X118.12 Y119.356 E367.84683
G1 F1601.9 X118.506 Y119.412 E367.87356
G1 F1633.7 X118.823 Y119.536 E367.89643
G1 F1650 X119.222 Y119.774 E367.92733
G1 X119.505 Y120.038 E367.95307
G1 X119.766 Y120.419 E367.9838
G1 X119.95 Y120.876 E368.01657
G1 X119.996 Y121.356 E368.04864
G1 X119.954 Y121.769 E368.07626
G1 X119.79 Y122.266 E368.11107
G1 X119.507 Y122.672 E368.14399
G1 X119.221 Y122.935 E368.16984
G1 X118.818 Y123.176 E368.20107
G1 F1641.8 X118.367 Y123.321 E368.23274
G1 F1609.8 X118.12 Y123.356 E368.24975
G1 F1601.9 X118.506 Y123.412 E368.27648
G1 F1633.7 X118.823 Y123.536 E368.29935
G1 F1650 X119.222 Y123.774 E368.33025
G1 X119.505 Y124.038 E368.356
G1 X119.766 Y124.419 E368.38672
G1 X119.95 Y124.876 E368.41949
G1 X119.996 Y125.356 E368.45156
G1 X119.954 Y125.769 E368.47918
G1 X119.79 Y126.266 E368.51399
G1 X119.507 Y126.672 E368.54691
G1 X119.221 Y126.935 E368.57276
G1 X118.818 Y127.176 E368.604
G1 F1641.8 X118.367 Y127.321 E368.63567
G1 F1609.8 X118.12 Y127.356 E368.65268
G1 F1601.9 X118.506 Y127.412 E368.6794
G1 F1633.7 X118.823 Y127.536 E368.70227
G1 F1650 X119.222 Y127.774 E368.73317
G1 X119.505 Y128.038 E368.75892
G1 X119.766 Y128.419 E368.78964
G1 X119.95 Y128.876 E368.82241
G1 X119.996 Y129.356 E368.85449
G1 X119.954 Y129.769 E368.8821
G1 X119.821 Y130.172 E368.91033
G1 X119.576 Y130.583 E368.94216
G1 X119.405 Y130.775 E368.95926
G1 X119.025 Y131.068 E368.99118
G1 X118.648 Y131.245 E369.01889
G1 X118.249 Y131.346 E369.04626
G1 X117.734 Y131.346 E369.08052
G1 X117.289 Y131.228 E369.11115
G1 X116.918 Y131.039 E369.13884
G1 X116.504 Y130.705 E369.17423
G1 X116.278 Y130.368 E369.20122
G1 X116.173 Y130.587 E369.21738
G1 X115.853 Y131.04 E369.25427
G1 X115.399 Y131.434 E369.29426
G1 X115.014 Y131.636 E369.32318
G1 X115.231 Y131.783 E369.34061
G1 X115.517 Y132.043 E369.36632
G1 X115.778 Y132.432 E369.39749
G1 X115.942 Y132.864 E369.42822
G1 X116.002 Y133.337 E369.45994
G1 X115.947 Y133.834 E369.4932
G1 X115.772 Y134.282 E369.5252
G1 X115.531 Y134.644 E369.55412
G1 X115.221 Y134.935 E369.58241
G1 X114.734 Y135.226 E369.62015
G1 X114.236 Y135.349 E369.65427
G1 X113.727 Y135.345 E369.68813
G1 X113.291 Y135.224 E369.71823
G1 X112.906 Y135.037 E369.7467
G1 X112.535 Y134.729 E369.77877
G1 X112.207 Y134.275 E369.81603
G1 F1641.8 X112.033 Y133.712 E369.85543
G1 F1617.6 X111.998 Y133.443 E369.87383
G1 X111.963 Y133.712 E369.89224
G1 F1641.8 X111.791 Y134.27 E369.93127
G1 F1650 X111.506 Y134.673 E369.96411
G1 X111.312 Y134.855 E369.9818
G1 X111.505 Y135.038 E369.99949
G1 X111.784 Y135.432 E370.03161
G1 X111.956 Y135.924 E370.06628
G1 X111.997 Y136.347 E370.09455
G1 X111.944 Y136.847 E370.128
G1 X111.802 Y137.219 E370.15448
G1 X111.576 Y137.583 E370.18298
G1 X111.31 Y137.882 E370.2096
G1 X110.733 Y138.226 E370.25429
G1 X110.293 Y138.334 E370.28443
G1 X110 Y138.344 E370.30393
G0 F9000 X108.948 Y137.884
G0 X108.611 Y137.588
G0 X108.357 Y137.218
G0 X107.389 Y134.588
G0 X107.052 Y134.884
G0 X106.659 Y135.092
G0 X106.224 Y135.199
G0 X105.776 Y135.199
G0 X105.341 Y135.092
G0 X104.948 Y134.884
G0 X104.611 Y134.588
G0 X104.357 Y134.218
G0 X104.199 Y133.802
G0 X103.914 Y130.452
G0 X102.659 Y131.092
G0 X102.224 Y131.199
G0 X101.776 Y131.199
G0 X101.341 Y131.092
G0 X100.948 Y130.884
G0 X100.611 Y130.588
G0 X100.357 Y130.218
G0 X100.199 Y129.802
G0 X100.144 Y129.357
G0 X100.611 Y126.588
G0 X100.357 Y126.218
G0 X100.199 Y125.802
G0 X100.144 Y125.357
G0 X100.611 Y122.588
G0 X100.357 Y122.218
G0 X100.199 Y121.802
G0 X100.144 Y121.357
G0 X100.199 Y120.913
G0 X100.357 Y120.497
G0 X100.61 Y120.128
G0 X100.947 Y119.83
G0 X102.282 Y119.248
G0 X102.21 Y118.949
G1 F1650 X101.825 Y118.946 E370.32954
G1 X101.431 Y118.856 E370.35643
G1 X101.089 Y118.673 E370.38223
G1 X100.792 Y118.411 E370.40857
G1 X100.583 Y118.104 E370.43328
G1 X100.443 Y117.748 E370.45872
G1 X100.404 Y117.426 E370.4803
G1 X100.431 Y117.046 E370.50564
G1 X100.55 Y116.681 E370.53118
G1 X100.757 Y116.348 E370.55726
G1 X101.08 Y116.033 E370.58727
G1 X101.469 Y115.846 E370.61598
G1 X101.832 Y115.765 E370.64073
G1 X102.164 Y115.765 E370.66281
G1 X102.567 Y115.854 E370.69026
G1 X102.902 Y116.033 E370.71553
G1 X103.194 Y116.282 E370.74106
G1 X103.425 Y116.617 E370.76813
G1 F1658.3 X103.544 Y116.954 E370.79178
G1 F1705.4 X103.576 Y117.349 E370.81729
G1 F1701 X103.545 Y117.759 E370.84382
G1 F1650 X103.423 Y118.095 E370.86759
G1 X103.23 Y118.379 E370.89044
G1 X102.958 Y118.633 E370.91519
G1 X102.633 Y118.821 E370.94017
G1 X102.21 Y118.949 E370.96957
G0 F9000 X101.859 Y118.548
;TYPE:WALL-OUTER
G1 F1650 X101.593 Y118.482 E370.9878
G1 X101.317 Y118.345 E371.00829
G1 X101.115 Y118.171 E371.02603
G1 X100.935 Y117.915 E371.04685
G1 X100.84 Y117.667 E371.06451
G1 X100.801 Y117.38 E371.08378
G1 X100.84 Y117.045 E371.10621
G1 X100.924 Y116.821 E371.12213
G1 X101.087 Y116.574 E371.14181
G1 X101.335 Y116.354 E371.16387
G1 X101.585 Y116.228 E371.18249
G1 X101.864 Y116.164 E371.20153
G1 X102.135 Y116.164 E371.21956
G1 X102.416 Y116.229 E371.23874
G1 X102.68 Y116.365 E371.2585
G1 X102.906 Y116.569 E371.27875
G1 X103.05 Y116.778 E371.29563
G1 X103.161 Y117.061 E371.31585
G1 X103.196 Y117.374 E371.3368
G1 X103.161 Y117.651 E371.35538
G1 X103.072 Y117.891 E371.3724
G1 X102.909 Y118.14 E371.3922
G1 X102.696 Y118.331 E371.41123
G1 X102.449 Y118.466 E371.42996
G1 X102.167 Y118.543 E371.4494
G1 X101.859 Y118.548 E371.46989
G1 F2700 E366.46989
G0 F9000 X101.859 Y118.86
G0 X100.714 Y120.684
G0 X100.59 Y121.01
G0 X100.547 Y121.357
G0 X100.59 Y121.705
G0 X100.714 Y122.031
G0 X100.913 Y122.321
G0 X101.126 Y122.508
G0 X101.859 Y122.86
G0 X101.859 Y122.548
G1 F2700 E371.46989
G1 F1650 X101.593 Y122.482 E371.48812
G1 X101.317 Y122.345 E371.50862
G1 X101.115 Y122.171 E371.52636
G1 X100.935 Y121.915 E371.54717
G1 X100.84 Y121.667 E371.56484
G1 X100.801 Y121.38 E371.58411
G1 X100.84 Y121.045 E371.60654
G1 X100.924 Y120.821 E371.62245
G1 X101.099 Y120.558 E371.64347
G1 X101.314 Y120.367 E371.6626
G1 X101.553 Y120.241 E371.68057
G1 X101.862 Y120.164 E371.70175
G1 X102.167 Y120.169 E371.72205
G1 X102.406 Y120.226 E371.73839
G1 X102.701 Y120.382 E371.76059
G1 X102.906 Y120.569 E371.77905
G1 X103.05 Y120.778 E371.79593
G1 X103.161 Y121.061 E371.81615
G1 X103.196 Y121.374 E371.8371
G1 X103.161 Y121.651 E371.85567
G1 X103.072 Y121.891 E371.8727
G1 X102.909 Y122.14 E371.8925
G1 X102.696 Y122.331 E371.91153
G1 X102.449 Y122.466 E371.93025
G1 X102.167 Y122.543 E371.9497
G1 X101.859 Y122.548 E371.97019
G1 F2700 E366.97019
G0 F9000 X101.859 Y122.86
G0 X100.714 Y124.684
G0 X100.59 Y125.01
G0 X100.547 Y125.357
G0 X100.59 Y125.705
G0 X100.714 Y126.031
G0 X100.913 Y126.321
G0 X101.126 Y126.508
G0 X101.859 Y126.86
G0 X101.859 Y126.548
G1 F2700 E371.97019
G1 F1650 X101.593 Y126.482 E371.98842
G1 X101.317 Y126.345 E372.00892
G1 X101.115 Y126.171 E372.02665
G1 X100.935 Y125.915 E372.04747
G1 X100.84 Y125.667 E372.06514
G1 X100.8 Y125.356 E372.08599
G1 X100.84 Y125.045 E372.10685
G1 X100.924 Y124.821 E372.12277
G1 X101.099 Y124.558 E372.14378
G1 X101.314 Y124.367 E372.16291
G1 X101.553 Y124.241 E372.18088
G1 X101.862 Y124.164 E372.20207
G1 X102.167 Y124.169 E372.22236
G1 X102.406 Y124.226 E372.2387
G1 X102.701 Y124.382 E372.2609
G1 X102.906 Y124.569 E372.27936
G1 X103.05 Y124.778 E372.29624
G1 X103.161 Y125.061 E372.31646
G1 X103.196 Y125.374 E372.33741
G1 X103.161 Y125.651 E372.35599
G1 X103.072 Y125.891 E372.37301
G1 X102.909 Y126.14 E372.39281
G1 X102.696 Y126.331 E372.41184
G1 X102.449 Y126.466 E372.43057
G1 X102.167 Y126.543 E372.45001
G1 X101.859 Y126.548 E372.4705
G1 F2700 E367.4705
G0 F9000 X101.859 Y126.86
G0 X103.286 Y128.684
G0 X103.41 Y129.01
G0 X103.453 Y129.357
G0 X103.41 Y129.705
G0 X103.286 Y130.031
G0 X103.087 Y130.321
G0 X102.227 Y130.849
G0 X102.153 Y130.546
G1 F2700 E372.4705
G1 F1650 X101.86 Y130.548 E372.48999
G1 X101.585 Y130.48 E372.50884
G1 X101.341 Y130.359 E372.52695
G1 X101.096 Y130.154 E372.5482
G1 X100.924 Y129.891 E372.56911
G1 X100.84 Y129.667 E372.58502
G1 X100.801 Y129.38 E372.60429
G1 X100.84 Y129.045 E372.62672
G1 X100.924 Y128.821 E372.64264
G1 X101.099 Y128.558 E372.66365
G1 X101.314 Y128.367 E372.68278
G1 X101.553 Y128.241 E372.70075
G1 X101.862 Y128.164 E372.72194
G1 X102.167 Y128.169 E372.74223
G1 X102.406 Y128.226 E372.75857
G1 X102.701 Y128.382 E372.78077
G1 X102.906 Y128.569 E372.79923
G1 X103.05 Y128.778 E372.81611
G1 X103.161 Y129.061 E372.83633
G1 X103.196 Y129.374 E372.85728
G1 X103.161 Y129.651 E372.87586
G1 X103.072 Y129.891 E372.89288
G1 X102.909 Y130.14 E372.91268
G1 X102.676 Y130.347 E372.93341
G1 X102.406 Y130.482 E372.95349
G1 X102.153 Y130.546 E372.97085
G1 F2700 E367.97085
G0 F9000 X102.227 Y130.849
G0 X105.807 Y131.356
G0 X105.807 Y131.044
G1 F2700 E372.97085
G1 F1650 X105.374 Y130.938 E373.00051
G1 X105.03 Y130.755 E373.02643
G1 X104.727 Y130.482 E373.05356
G1 X104.502 Y130.159 E373.07974
G1 X104.348 Y129.758 E373.10832
G1 X104.3 Y129.374 E373.13406
G1 X104.348 Y128.954 E373.16218
G1 X104.503 Y128.551 E373.1909
G1 X104.724 Y128.233 E373.21666
G1 X105.014 Y127.97 E373.2427
G1 X105.371 Y127.778 E373.26967
G1 F1444.2 X105.794 Y127.612 E373.3042
G1 F1286.5 X106.18 Y127.612 E373.33713
G1 F1447.4 X106.63 Y127.78 E373.37356
G1 F1650 X106.942 Y127.943 E373.39698
G1 X107.254 Y128.21 E373.42429
G1 X107.493 Y128.546 E373.45172
G1 F1633.7 X107.655 Y128.971 E373.48228
G1 F1527.8 X107.754 Y129.352 E373.51056
G1 F1542.1 X107.638 Y129.791 E373.54288
G1 F1650 X107.493 Y130.166 E373.56962
G1 X107.253 Y130.502 E373.59709
G1 X106.966 Y130.755 E373.62254
G1 X106.587 Y130.953 E373.65098
G1 X106.211 Y131.042 E373.67669
G1 X105.807 Y131.044 E373.70356
G1 F2700 E368.70356
G0 F9000 X105.807 Y131.356
G0 X107.089 Y132.395
G0 X107.286 Y132.684
G0 X107.41 Y133.01
G0 X107.453 Y133.357
G0 X107.41 Y133.705
G0 X107.286 Y134.031
G0 X107.087 Y134.321
G0 X106.874 Y134.508
G0 X106.148 Y134.86
G0 X106.148 Y134.547
G1 F2700 E373.70356
G1 F1650 X105.857 Y134.548 E373.72292
G1 X105.553 Y134.467 E373.74385
G1 X105.319 Y134.346 E373.76137
G1 X105.091 Y134.145 E373.78159
G1 X104.934 Y133.913 E373.80022
G1 X104.832 Y133.641 E373.81955
G1 X104.8 Y133.347 E373.83922
G1 X104.831 Y133.076 E373.85736
G1 X104.94 Y132.788 E373.87785
G1 X105.104 Y132.552 E373.89697
G1 X105.335 Y132.354 E373.9172
G1 X105.557 Y132.239 E373.93384
G1 X105.854 Y132.165 E373.9542
G1 X106.136 Y132.164 E373.97295
G1 X106.443 Y132.239 E373.99398
G1 X106.701 Y132.382 E374.0136
G1 X106.891 Y132.551 E374.03051
G1 X107.072 Y132.821 E374.05214
G1 X107.167 Y133.092 E374.07124
G1 X107.196 Y133.374 E374.0901
G1 X107.156 Y133.667 E374.10977
G1 X107.05 Y133.933 E374.12882
G1 X106.88 Y134.172 E374.14833
G1 X106.677 Y134.346 E374.16611
G1 X106.427 Y134.476 E374.18486
G1 X106.148 Y134.547 E374.20401
G1 F2700 E369.20401
G0 F9000 X106.148 Y134.86
G0 X110 Y134.86
G0 X110 Y134.602
G1 F2700 E374.20401
G1 F1294.1 X109.855 Y134.602 E374.2163
G1 F1422.4 X109.592 Y134.49 E374.23836
G1 F1617.6 X109.3 Y134.331 E374.26092
G1 F1650 X109.096 Y134.151 E374.27902
G1 X108.924 Y133.891 E374.29976
G1 X108.84 Y133.667 E374.31567
G1 X108.8 Y133.374 E374.33534
G1 X108.84 Y133.045 E374.35739
G1 X108.924 Y132.821 E374.3733
G1 X109.104 Y132.552 E374.39483
G1 X109.335 Y132.354 E374.41507
G1 X109.557 Y132.239 E374.4317
G1 X109.854 Y132.165 E374.45206
G1 X110.136 Y132.164 E374.47082
G1 X110.443 Y132.239 E374.49184
G1 X110.701 Y132.382 E374.51146
G1 X110.891 Y132.551 E374.52838
G1 X111.072 Y132.821 E374.55
G1 X111.167 Y133.092 E374.5691
G1 X111.196 Y133.374 E374.58796
G1 X111.156 Y133.667 E374.60763
G1 X111.05 Y133.933 E374.62668
G1 X110.9 Y134.151 E374.64428
G1 F1545.7 X110.609 Y134.399 E374.67143
G1 F1372.1 X110.12 Y134.602 E374.71379
G1 F1299.2 X110 Y134.602 E374.72392
G1 F2700 E369.72392
G0 F9000 X110 Y134.86
G0 X110.515 Y134.999
G0 X110.825 Y135.162
G0 X111.089 Y135.395
G0 X111.286 Y135.684
G0 X111.41 Y136.01
G0 X111.453 Y136.357
G0 X111.41 Y136.705
G0 X111.286 Y137.031
G0 X111.087 Y137.321
G0 X110.824 Y137.552
G0 X110 Y137.86
G0 X110 Y137.544
G1 F2700 E374.72392
G1 F1650 X109.825 Y137.542 E374.73557
G1 X109.553 Y137.467 E374.75433
G1 X109.341 Y137.359 E374.77016
G1 X109.096 Y137.154 E374.79141
G1 X108.924 Y136.891 E374.81232
G1 X108.838 Y136.662 E374.82859
G1 X108.801 Y136.38 E374.84751
G1 X108.833 Y136.068 E374.86837
G1 X108.934 Y135.798 E374.88755
G1 X109.099 Y135.558 E374.90692
G1 X109.297 Y135.38 E374.92463
G1 F1609.8 X109.595 Y135.216 E374.94782
G1 F1419.4 X109.857 Y135.11 E374.96968
G1 F1296.7 X110.12 Y135.11 E374.99194
G1 F1453.7 X110.45 Y135.243 E375.0188
G1 F1650 X110.701 Y135.382 E375.03789
G1 X110.897 Y135.558 E375.05541
G1 X111.072 Y135.821 E375.07643
G1 X111.163 Y136.069 E375.094
G1 X111.197 Y136.354 E375.11309
G1 X111.165 Y136.634 E375.13184
G1 X111.064 Y136.908 E375.15126
G1 X110.9 Y137.155 E375.17099
G1 X110.657 Y137.358 E375.19205
G1 X110.406 Y137.482 E375.21067
G1 X110.155 Y137.546 E375.2279
G1 X110 Y137.544 E375.23821
G1 F2700 E370.23821
G0 F9000 X110 Y137.86
G0 X110.516 Y137.715
G0 X110.824 Y137.552
G0 X112.151 Y135.854
G0 X112.171 Y135.094
G0 X113.773 Y134.849
G0 X113.848 Y134.547
G1 F2700 E375.23821
G1 F1650 X113.573 Y134.476 E375.25711
G1 X113.319 Y134.346 E375.27609
G1 X113.1 Y134.155 E375.29542
G1 X112.924 Y133.891 E375.31652
G1 X112.84 Y133.667 E375.33244
G1 X112.8 Y133.374 E375.35211
G1 X112.84 Y133.045 E375.37416
G1 X112.924 Y132.821 E375.39007
G1 X113.104 Y132.552 E375.4116
G1 X113.335 Y132.354 E375.43184
G1 X113.557 Y132.239 E375.44847
G1 X113.854 Y132.165 E375.46883
G1 X114.136 Y132.164 E375.48759
G1 X114.443 Y132.239 E375.50861
G1 X114.701 Y132.382 E375.52823
G1 X114.891 Y132.551 E375.54515
G1 X115.057 Y132.79 E375.5645
G1 X115.159 Y133.055 E375.58339
G1 X115.196 Y133.347 E375.60297
G1 X115.164 Y133.64 E375.62258
G1 X115.062 Y133.913 E375.64197
G1 X114.905 Y134.145 E375.6606
G1 X114.657 Y134.358 E375.68235
G1 X114.406 Y134.482 E375.70097
G1 X114.139 Y134.548 E375.71926
G1 X113.848 Y134.547 E375.73862
G1 F2700 E370.73862
G0 F9000 X113.773 Y134.849
G0 X113.176 Y134.552
G0 X112.913 Y134.321
G0 X112.714 Y134.031
G0 X112.59 Y133.705
G0 X112.547 Y133.357
G0 X112.59 Y133.01
G0 X112.714 Y132.684
G0 X113.807 Y131.356
G0 X113.807 Y131.044
G1 F2700 E375.73862
G1 F1650 X113.374 Y130.938 E375.76828
G1 X113.03 Y130.755 E375.7942
G1 X112.746 Y130.502 E375.8195
G1 X112.507 Y130.166 E375.84692
G1 X112.356 Y129.786 E375.87412
G1 F1549.3 X112.242 Y129.352 E375.90591
G1 F1531.3 X112.341 Y128.971 E375.93413
G1 F1633.7 X112.507 Y128.546 E375.96478
G1 F1650 X112.715 Y128.246 E375.98907
G1 X113.014 Y127.97 E376.01614
G1 X113.371 Y127.778 E376.0431
G1 F1444.2 X113.794 Y127.612 E376.07763
G1 F1286.5 X114.18 Y127.612 E376.11056
G1 F1447.4 X114.63 Y127.78 E376.14699
G1 F1650 X114.981 Y127.97 E376.17354
G1 X115.276 Y128.233 E376.19983
G1 X115.496 Y128.551 E376.22555
G1 X115.648 Y128.954 E376.2542
G1 X115.696 Y129.374 E376.28232
G1 X115.648 Y129.758 E376.30807
G1 X115.493 Y130.166 E376.3371
G1 X115.273 Y130.482 E376.36271
G1 X114.966 Y130.755 E376.39004
G1 X114.587 Y130.953 E376.41848
G1 X114.211 Y131.042 E376.44419
G1 X113.807 Y131.044 E376.47106
G1 F2700 E371.47106
G0 F9000 X113.807 Y131.356
G0 X110 Y131.356
G0 X110 Y131.043
G1 F2700 E376.47106
G1 F1650 X109.807 Y131.044 E376.4839
G1 X109.374 Y130.938 E376.51355
G1 X109.03 Y130.755 E376.53947
G1 X108.746 Y130.502 E376.56477
G1 X108.507 Y130.166 E376.5922
G1 X108.356 Y129.786 E376.6194
G1 F1549.3 X108.242 Y129.352 E376.65119
G1 F1531.3 X108.341 Y128.971 E376.67941
G1 F1633.7 X108.507 Y128.546 E376.71006
G1 F1650 X108.715 Y128.246 E376.73435
G1 X109.014 Y127.97 E376.76141
G1 X109.371 Y127.778 E376.78838
G1 F1444.2 X109.794 Y127.612 E376.82291
G1 F1286.5 X110.18 Y127.612 E376.85584
G1 F1447.4 X110.63 Y127.78 E376.89227
G1 F1650 X110.942 Y127.943 E376.91568
G1 X111.254 Y128.21 E376.943
G1 X111.493 Y128.546 E376.97043
G1 F1633.7 X111.655 Y128.971 E377.00099
G1 F1527.8 X111.754 Y129.352 E377.02927
G1 F1542.1 X111.638 Y129.791 E377.06159
G1 F1650 X111.493 Y130.166 E377.08833
G1 X111.253 Y130.502 E377.1158
G1 X110.966 Y130.755 E377.14125
G1 X110.587 Y130.953 E377.16969
G1 X110.211 Y131.042 E377.1954
G1 X110 Y131.043 E377.20943
G1 F2700 E372.20943
G0 F9000 X110 Y131.356
G0 X109.308 Y131.183
G0 X108.891 Y130.964
G0 X108.539 Y130.652
G0 X108.271 Y130.265
G0 X108.105 Y129.824
G0 X108.047 Y129.357
G0 X108.105 Y128.89
G0 X108.271 Y128.45
G0 X108.539 Y128.063
G0 X108.891 Y127.751
G0 X109.127 Y127.627
G0 X110 Y127.356
G0 X110 Y127.1
G1 F2700 E377.20943
G1 F1286.5 X109.794 Y127.1 E377.22701
G1 F1444.2 X109.374 Y126.937 E377.26125
G1 F1650 X109.014 Y126.742 E377.28848
G1 X108.746 Y126.502 E377.31241
G1 X108.507 Y126.166 E377.33984
G1 X108.356 Y125.786 E377.36704
G1 F1549.3 X108.242 Y125.352 E377.39883
G1 F1531.3 X108.341 Y124.971 E377.42705
G1 F1633.7 X108.507 Y124.546 E377.4577
G1 F1650 X108.715 Y124.246 E377.48198
G1 X109.014 Y123.97 E377.50905
G1 X109.371 Y123.778 E377.53602
G1 F1444.2 X109.794 Y123.612 E377.57055
G1 F1286.5 X110.18 Y123.612 E377.60348
G1 F1447.4 X110.63 Y123.78 E377.63991
G1 F1650 X110.942 Y123.943 E377.66332
G1 X111.254 Y124.21 E377.69064
G1 X111.493 Y124.546 E377.71807
G1 F1633.7 X111.655 Y124.971 E377.74862
G1 F1527.8 X111.754 Y125.352 E377.77691
G1 F1542.1 X111.638 Y125.791 E377.80922
G1 F1650 X111.493 Y126.166 E377.83597
G1 X111.251 Y126.505 E377.86368
G1 X110.942 Y126.769 E377.89071
G1 X110.624 Y126.938 E377.91467
G1 F1447.4 X110.18 Y127.1 E377.95051
G1 F1289.1 X110 Y127.1 E377.96583
G1 F2700 E372.96583
G0 F9000 X110 Y127.356
G0 X113.794 Y127.356
G0 X113.794 Y127.1
G1 F2700 E377.96583
G1 F1444.2 X113.374 Y126.937 E378.00007
G1 F1650 X113.014 Y126.742 E378.02731
G1 X112.746 Y126.502 E378.05124
G1 X112.507 Y126.166 E378.07867
G1 X112.356 Y125.786 E378.10587
G1 F1549.3 X112.242 Y125.352 E378.13766
G1 F1531.3 X112.341 Y124.971 E378.16587
G1 F1633.7 X112.507 Y124.546 E378.19653
G1 F1650 X112.715 Y124.246 E378.22081
G1 X113.014 Y123.97 E378.24788
G1 X113.371 Y123.778 E378.27484
G1 F1444.2 X113.794 Y123.612 E378.30938
G1 F1286.5 X114.18 Y123.612 E378.34231
G1 F1447.4 X114.63 Y123.78 E378.37873
G1 F1650 X114.981 Y123.97 E378.40528
G1 X115.276 Y124.233 E378.43157
G1 X115.496 Y124.551 E378.45729
G1 X115.648 Y124.954 E378.48595
G1 X115.696 Y125.374 E378.51407
G1 X115.648 Y125.758 E378.53981
G1 X115.493 Y126.166 E378.56884
G1 X115.276 Y126.479 E378.59418
G1 X114.981 Y126.742 E378.62047
G1 X114.624 Y126.938 E378.64756
G1 F1447.4 X114.18 Y127.1 E378.6834
G1 F1286.5 X113.794 Y127.1 E378.71633
G1 F2700 E373.71633
G0 F9000 X113.794 Y127.356
G0 X112.891 Y126.964
G0 X112.539 Y126.652
G0 X112.271 Y126.265
G0 X112.105 Y125.824
G0 X112.047 Y125.357
G0 X112.105 Y124.89
G0 X112.271 Y124.45
G0 X112.539 Y124.063
G0 X112.891 Y123.751
G0 X113.794 Y123.356
G0 X113.794 Y123.1
G1 F2700 E378.71633
G1 F1444.2 X113.374 Y122.937 E378.75057
G1 F1650 X113.014 Y122.742 E378.7778
G1 X112.746 Y122.502 E378.80173
G1 X112.507 Y122.166 E378.82916
G1 X112.356 Y121.786 E378.85636
G1 F1549.3 X112.242 Y121.352 E378.88815
G1 F1531.3 X112.341 Y120.971 E378.91637
G1 F1633.7 X112.507 Y120.546 E378.94702
G1 F1650 X112.715 Y120.246 E378.97131
G1 X113.014 Y119.97 E378.99837
G1 X113.371 Y119.778 E379.02534
G1 F1444.2 X113.794 Y119.612 E379.05987
G1 F1286.5 X114.18 Y119.612 E379.0928
G1 F1447.4 X114.63 Y119.78 E379.12923
G1 F1650 X114.981 Y119.97 E379.15578
G1 X115.276 Y120.233 E379.18207
G1 X115.496 Y120.551 E379.20779
G1 X115.648 Y120.954 E379.23644
G1 X115.696 Y121.374 E379.26456
G1 X115.648 Y121.758 E379.2903
G1 X115.493 Y122.166 E379.31934
G1 X115.276 Y122.479 E379.34467
G1 X114.981 Y122.742 E379.37096
G1 X114.624 Y122.938 E379.39805
G1 F1447.4 X114.18 Y123.1 E379.4339
G1 F1286.5 X113.794 Y123.1 E379.46683
G1 F2700 E374.46683
G0 F9000 X113.794 Y123.356
G0 X110 Y123.356
G0 X110 Y123.1
G1 F2700 E379.46683
G1 F1286.5 X109.794 Y123.1 E379.4844
G1 F1444.2 X109.374 Y122.937 E379.51864
G1 F1650 X109.014 Y122.742 E379.54587
G1 X108.746 Y122.502 E379.56981
G1 X108.507 Y122.166 E379.59723
G1 X108.356 Y121.786 E379.62443
G1 F1549.3 X108.242 Y121.352 E379.65622
G1 F1531.3 X108.341 Y120.971 E379.68444
G1 F1633.7 X108.507 Y120.546 E379.71509
G1 F1650 X108.715 Y120.246 E379.73938
G1 X109.014 Y119.97 E379.76644
G1 X109.371 Y119.778 E379.79341
G1 F1444.2 X109.794 Y119.612 E379.82794
G1 F1286.5 X110.18 Y119.612 E379.86087
G1 F1447.4 X110.63 Y119.78 E379.8973
G1 F1650 X110.942 Y119.943 E379.92072
G1 X111.254 Y120.21 E379.94803
G1 X111.493 Y120.546 E379.97546
G1 F1633.7 X111.655 Y120.971 E380.00602
G1 F1527.8 X111.754 Y121.352 E380.0343
G1 F1542.1 X111.638 Y121.791 E380.06662
G1 F1650 X111.493 Y122.166 E380.09336
G1 X111.251 Y122.505 E380.12107
G1 X110.942 Y122.769 E380.1481
G1 X110.624 Y122.938 E380.17206
G1 F1447.4 X110.18 Y123.1 E380.2079
G1 F1289.1 X110 Y123.1 E380.22323
G1 F2700 E375.22323
G0 F9000 X110 Y123.356
G0 X106.18 Y123.356
G0 X106.18 Y123.1
G1 F2700 E380.22323
G1 F1286.5 X105.794 Y123.1 E380.25616
G1 F1444.2 X105.374 Y122.937 E380.2904
G1 F1650 X105.014 Y122.742 E380.31763
G1 X104.724 Y122.479 E380.34367
G1 X104.502 Y122.159 E380.36958
G1 X104.348 Y121.758 E380.39816
G1 X104.3 Y121.374 E380.4239
G1 X104.348 Y120.954 E380.45202
G1 X104.503 Y120.551 E380.48074
G1 X104.724 Y120.233 E380.5065
G1 X105.014 Y119.97 E380.53254
G1 X105.371 Y119.778 E380.55951
G1 F1444.2 X105.794 Y119.612 E380.59404
G1 F1286.5 X106.18 Y119.612 E380.62697
G1 F1447.4 X106.63 Y119.78 E380.6634
G1 F1650 X106.942 Y119.943 E380.68681
G1 X107.254 Y120.21 E380.71413
G1 X107.493 Y120.546 E380.74156
G1 F1633.7 X107.655 Y120.971 E380.77212
G1 F1527.8 X107.754 Y121.352 E380.8004
G1 F1542.1 X107.638 Y121.791 E380.83272
G1 F1650 X107.493 Y122.166 E380.85946
G1 X107.251 Y122.505 E380.88717
G1 X106.942 Y122.769 E380.9142
G1 X106.624 Y122.938 E380.93816
G1 F1447.4 X106.18 Y123.1 E380.974
G1 F2700 E375.974
G0 F9000 X106.18 Y123.356
G0 X107.109 Y123.751
G0 X107.461 Y124.063
G0 X107.729 Y124.45
G0 X107.895 Y124.89
G0 X107.953 Y125.357
G0 X107.895 Y125.824
G0 X107.729 Y126.265
G0 X107.461 Y126.652
G0 X107.109 Y126.964
G0 X106.18 Y127.356
G0 X106.18 Y127.1
G1 F2700 E380.974
G1 F1286.5 X105.794 Y127.1 E381.00693
G1 F1444.2 X105.374 Y126.937 E381.04117
G1 F1650 X105.014 Y126.742 E381.0684
G1 X104.724 Y126.479 E381.09445
G1 X104.502 Y126.159 E381.12035
G1 X104.348 Y125.758 E381.14893
G1 X104.3 Y125.374 E381.17467
G1 X104.348 Y124.954 E381.20279
G1 X104.503 Y124.551 E381.23151
G1 X104.724 Y124.233 E381.25727
G1 X105.014 Y123.97 E381.28332
G1 X105.371 Y123.778 E381.31028
G1 F1444.2 X105.794 Y123.612 E381.34481
G1 F1286.5 X106.18 Y123.612 E381.37775
G1 F1447.4 X106.63 Y123.78 E381.41417
G1 F1650 X106.942 Y123.943 E381.43759
G1 X107.254 Y124.21 E381.4649
G1 X107.493 Y124.546 E381.49233
G1 F1633.7 X107.655 Y124.971 E381.52289
G1 F1527.8 X107.754 Y125.352 E381.55117
G1 F1542.1 X107.638 Y125.791 E381.58349
G1 F1650 X107.493 Y126.166 E381.61023
G1 X107.251 Y126.505 E381.63794
G1 X106.942 Y126.769 E381.66498
G1 X106.624 Y126.938 E381.68893
G1 F1447.4 X106.18 Y127.1 E381.72477
G1 F2700 E376.72477
G0 F9000 X106.18 Y127.356
G0 X106.692 Y127.183
G0 X107.109 Y126.964
G0 X107.461 Y126.652
G0 X107.729 Y126.265
G0 X107.895 Y125.824
G0 X107.953 Y125.357
G0 X107.953 Y121.357
G0 X107.895 Y120.89
G0 X107.729 Y120.45
G0 X107.461 Y120.063
G0 X107.109 Y119.751
G0 X106.18 Y119.356
G0 X106.18 Y119.1
G1 F2700 E381.72477
G1 F1286.5 X105.794 Y119.1 E381.7577
G1 F1444.2 X105.374 Y118.937 E381.79194
G1 F1650 X105.014 Y118.742 E381.81918
G1 X104.724 Y118.479 E381.84522
G1 X104.502 Y118.159 E381.87113
G1 X104.348 Y117.758 E381.8997
G1 X104.3 Y117.374 E381.92544
G1 X104.348 Y116.954 E381.95356
G1 X104.503 Y116.551 E381.98229
G1 X104.726 Y116.231 E382.00823
G1 X105.031 Y115.957 E382.0355
G1 X105.371 Y115.778 E382.06106
G1 X105.781 Y115.67 E382.08927
G1 X106.214 Y115.67 E382.11807
G1 X106.625 Y115.778 E382.14634
G1 X106.981 Y115.969 E382.17321
G1 X107.254 Y116.21 E382.19744
G1 X107.493 Y116.546 E382.22487
G1 F1633.7 X107.655 Y116.971 E382.25542
G1 F1527.8 X107.754 Y117.352 E382.2837
G1 F1542.1 X107.638 Y117.791 E382.31602
G1 F1650 X107.493 Y118.166 E382.34277
G1 X107.251 Y118.505 E382.37047
G1 X106.942 Y118.769 E382.39751
G1 X106.624 Y118.938 E382.42147
G1 F1447.4 X106.18 Y119.1 E382.45731
G1 F2700 E377.45731
G0 F9000 X106.18 Y119.356
G0 X110 Y119.356
G0 X110 Y119.1
G1 F2700 E382.45731
G1 F1286.5 X109.794 Y119.1 E382.47488
G1 F1444.2 X109.374 Y118.937 E382.50912
G1 F1650 X109.014 Y118.742 E382.53635
G1 X108.746 Y118.502 E382.56029
G1 X108.507 Y118.166 E382.58771
G1 X108.356 Y117.786 E382.61491
G1 F1549.3 X108.242 Y117.352 E382.6467
G1 F1531.3 X108.341 Y116.971 E382.67492
G1 F1633.7 X108.507 Y116.546 E382.70557
G1 F1650 X108.752 Y116.204 E382.73356
G1 X109.031 Y115.957 E382.75835
G1 X109.371 Y115.778 E382.78391
G1 X109.781 Y115.67 E382.81211
G1 X110.214 Y115.67 E382.84091
G1 X110.625 Y115.778 E382.86918
G1 X110.981 Y115.969 E382.89605
G1 X111.254 Y116.21 E382.92028
G1 X111.493 Y116.546 E382.94771
G1 F1633.7 X111.655 Y116.971 E382.97826
G1 F1527.8 X111.754 Y117.352 E383.00655
G1 F1542.1 X111.638 Y117.791 E383.03886
G1 F1650 X111.493 Y118.166 E383.06561
G1 X111.251 Y118.505 E383.09332
G1 X110.942 Y118.769 E383.12035
G1 X110.624 Y118.938 E383.14431
G1 F1447.4 X110.18 Y119.1 E383.18015
G1 F1289.1 X110 Y119.1 E383.19547
G1 F2700 E378.19547
G0 F9000 X110 Y119.356
G0 X113.794 Y119.356
G0 X113.794 Y119.1
G1 F2700 E383.19547
G1 F1444.2 X113.374 Y118.937 E383.22971
G1 F1650 X113.014 Y118.742 E383.25695
G1 X112.746 Y118.502 E383.28088
G1 X112.507 Y118.166 E383.30831
G1 X112.356 Y117.786 E383.33551
G1 F1549.3 X112.242 Y117.352 E383.3673
G1 F1531.3 X112.341 Y116.971 E383.39551
G1 F1633.7 X112.507 Y116.546 E383.42617
G1 F1650 X112.752 Y116.204 E383.45415
G1 X113.031 Y115.957 E383.47894
G1 X113.371 Y115.778 E383.5045
G1 X113.781 Y115.67 E383.5327
G1 X114.214 Y115.67 E383.56151
G1 X114.625 Y115.778 E383.58977
G1 X114.981 Y115.969 E383.61665
G1 X115.274 Y116.231 E383.64279
G1 X115.496 Y116.551 E383.6687
G1 X115.648 Y116.954 E383.69735
G1 X115.696 Y117.374 E383.72547
G1 X115.648 Y117.758 E383.75122
G1 X115.493 Y118.166 E383.78025
G1 X115.276 Y118.479 E383.80558
G1 X114.981 Y118.742 E383.83187
G1 X114.624 Y118.938 E383.85896
G1 F1447.4 X114.18 Y119.1 E383.89481
G1 F1286.5 X113.794 Y119.1 E383.92774
G1 F2700 E378.92774
G0 F9000 X113.794 Y119.356
G0 X117.859 Y118.86
G0 X117.859 Y118.548
G1 F2700 E383.92774
G1 F1650 X117.593 Y118.482 E383.94597
G1 X117.317 Y118.345 E383.96646
G1 X117.082 Y118.133 E383.98752
G1 X116.924 Y117.891 E384.00674
G1 X116.835 Y117.651 E384.02377
G1 X116.8 Y117.374 E384.04234
G1 X116.835 Y117.061 E384.06329
G1 X116.924 Y116.821 E384.08032
G1 X117.091 Y116.569 E384.10043
G1 X117.326 Y116.359 E384.1214
G1 X117.562 Y116.237 E384.13907
G1 X117.846 Y116.166 E384.15854
G1 X118.136 Y116.164 E384.17783
G1 X118.415 Y116.228 E384.19687
G1 X118.662 Y116.355 E384.21535
G1 X118.909 Y116.574 E384.23731
G1 X119.072 Y116.821 E384.25699
G1 X119.156 Y117.045 E384.27291
G1 X119.196 Y117.356 E384.29376
G1 X119.166 Y117.631 E384.31217
G1 X119.072 Y117.891 E384.33056
G1 X118.9 Y118.151 E384.35129
G1 X118.657 Y118.358 E384.37253
G1 X118.406 Y118.482 E384.39115
G1 X118.167 Y118.543 E384.40756
G1 X117.859 Y118.548 E384.42805
G1 F2700 E379.42805
G0 F9000 X117.859 Y118.86
G0 X116.714 Y120.684
G0 X116.59 Y121.01
G0 X116.547 Y121.357
G0 X116.59 Y121.705
G0 X116.714 Y122.031
G0 X116.913 Y122.321
G0 X117.126 Y122.508
G0 X117.859 Y122.86
G0 X117.859 Y122.548
G1 F2700 E384.42805
G1 F1650 X117.593 Y122.482 E384.44628
G1 X117.317 Y122.345 E384.46678
G1 X117.082 Y122.133 E384.48783
G1 X116.924 Y121.891 E384.50706
G1 X116.835 Y121.651 E384.52408
G1 X116.8 Y121.374 E384.54266
G1 X116.835 Y121.061 E384.56361
G1 X116.924 Y120.821 E384.58063
G1 X117.091 Y120.569 E384.60074
G1 X117.314 Y120.367 E384.62076
G1 X117.553 Y120.241 E384.63873
G1 X117.862 Y120.164 E384.65992
G1 X118.167 Y120.169 E384.68021
G1 X118.406 Y120.226 E384.69655
G1 X118.701 Y120.382 E384.71875
G1 X118.897 Y120.558 E384.73627
G1 X119.061 Y120.797 E384.75555
G1 X119.156 Y121.045 E384.77322
G1 X119.196 Y121.356 E384.79408
G1 X119.166 Y121.631 E384.81248
G1 X119.072 Y121.891 E384.83087
G1 X118.9 Y122.151 E384.85161
G1 X118.657 Y122.358 E384.87284
G1 X118.406 Y122.482 E384.89147
G1 X118.167 Y122.543 E384.90787
G1 X117.859 Y122.548 E384.92836
G1 F2700 E379.92836
G0 F9000 X117.859 Y122.86
G0 X116.714 Y124.684
G0 X116.59 Y125.01
G0 X116.547 Y125.357
G0 X116.59 Y125.705
G0 X116.714 Y126.031
G0 X116.913 Y126.321
G0 X117.126 Y126.508
G0 X117.859 Y126.86
G0 X117.859 Y126.548
G1 F2700 E384.92836
G1 F1650 X117.593 Y126.482 E384.94659
G1 X117.317 Y126.345 E384.96709
G1 X117.082 Y126.133 E384.98815
G1 X116.924 Y125.891 E385.00737
G1 X116.835 Y125.651 E385.0244
G1 X116.8 Y125.374 E385.04297
G1 X116.835 Y125.061 E385.06392
G1 X116.924 Y124.821 E385.08095
G1 X117.091 Y124.569 E385.10106
G1 X117.314 Y124.367 E385.12107
G1 X117.553 Y124.241 E385.13905
G1 X117.862 Y124.164 E385.16023
G1 X118.167 Y124.169 E385.18052
G1 X118.406 Y124.226 E385.19686
G1 X118.701 Y124.382 E385.21906
G1 X118.897 Y124.558 E385.23659
G1 X119.061 Y124.797 E385.25587
G1 X119.156 Y125.045 E385.27353
G1 X119.196 Y125.356 E385.29439
G1 X119.166 Y125.631 E385.31279
G1 X119.072 Y125.891 E385.33118
G1 X118.9 Y126.151 E385.35192
G1 X118.657 Y126.358 E385.37316
G1 X118.406 Y126.482 E385.39178
G1 X118.167 Y126.543 E385.40819
G1 X117.859 Y126.548 E385.42868
G1 F2700 E380.42868
G0 F9000 X117.859 Y126.86
G0 X116.714 Y128.684
G0 X116.59 Y129.01
G0 X116.547 Y129.357
G0 X116.59 Y129.705
G0 X116.714 Y130.031
G0 X116.913 Y130.321
G0 X117.768 Y130.847
G0 X117.843 Y130.546
G1 F2700 E385.42868
G1 F1650 X117.553 Y130.467 E385.44867
G1 X117.321 Y130.347 E385.46605
G1 X117.082 Y130.133 E385.48739
G1 X116.924 Y129.891 E385.50661
G1 X116.835 Y129.651 E385.52364
G1 X116.8 Y129.374 E385.54221
G1 X116.835 Y129.061 E385.56316
G1 X116.924 Y128.821 E385.58019
G1 X117.091 Y128.569 E385.6003
G1 X117.314 Y128.367 E385.62031
G1 X117.553 Y128.241 E385.63829
G1 X117.862 Y128.164 E385.65947
G1 X118.167 Y128.169 E385.67976
G1 X118.406 Y128.226 E385.69611
G1 X118.701 Y128.382 E385.7183
G1 X118.897 Y128.558 E385.73583
G1 X119.061 Y128.797 E385.75511
G1 X119.156 Y129.045 E385.77277
G1 X119.196 Y129.356 E385.79363
G1 X119.166 Y129.631 E385.81203
G1 X119.072 Y129.891 E385.83042
G1 X118.9 Y130.154 E385.85133
G1 X118.657 Y130.358 E385.87243
G1 X118.406 Y130.482 E385.89106
G1 X118.136 Y130.548 E385.90955
G1 X117.843 Y130.546 E385.92904
G1 F2700 E380.92904
G0 F9000 X117.768 Y130.847
G0 X116.355 Y131.326
G0 X115.971 Y131.697
G0 X115.286 Y134.031
G0 X113.707 Y135.925
G0 X113.707 Y141.756
G0 X110 Y143.156
G1 F2700 E385.92904
G1 F1650 X124.8 Y143.156 E386.91354
G1 X124.8 Y78.556 E391.21075
G1 X95.2 Y78.556 E393.17975
G1 X95.2 Y143.156 E397.47696
G1 X110 Y143.156 E398.46146
G1 F2700 E393.46146
G0 F9000 X110 Y142.847
G0 X110 Y141.756
G0 X109.974 Y138.941
G0 X110 Y114.548
G1 F2700 E398.46146
G1 F1650 X109.86 Y114.548 E398.47077
G1 X109.553 Y114.467 E398.49189
G1 X109.3 Y114.331 E398.511
G1 X109.091 Y114.145 E398.52961
G1 X108.924 Y113.891 E398.54983
G1 X108.84 Y113.667 E398.56574
G1 X108.8 Y113.374 E398.58541
G1 X108.84 Y113.045 E398.60746
G1 X108.924 Y112.821 E398.62337
G1 X109.099 Y112.558 E398.64439
G1 X109.297 Y112.38 E398.6621
G1 F1609.8 X109.595 Y112.216 E398.68529
G1 F1419.4 X109.857 Y112.11 E398.70715
G1 F1296.7 X110.12 Y112.11 E398.72941
G1 F1453.7 X110.45 Y112.243 E398.75627
G1 F1650 X110.701 Y112.382 E398.77536
G1 X110.897 Y112.558 E398.79288
G1 X111.072 Y112.821 E398.81389
G1 X111.167 Y113.092 E398.833
G1 X111.196 Y113.374 E398.85185
G1 X111.156 Y113.667 E398.87153
G1 X111.05 Y113.933 E398.89057
G1 X110.905 Y114.145 E398.90766
G1 X110.657 Y114.358 E398.92941
G1 X110.445 Y114.468 E398.94529
G1 X110.136 Y114.548 E398.96653
G1 X110 Y114.548 E398.97557
G1 F2700 E393.97557
G0 F9000 X110 Y114.86
G0 X109.484 Y114.715
G0 X109.176 Y114.552
G0 X108.913 Y114.321
G0 X108.714 Y114.031
G0 X108.59 Y113.705
G0 X108.547 Y113.357
G0 X108.59 Y113.01
G0 X108.714 Y112.684
G0 X108.911 Y112.395
G0 X109.175 Y112.162
G0 X110 Y111.86
G0 X110 Y111.602
G1 F2700 E398.97557
G1 F1294.1 X109.855 Y111.602 E398.98787
G1 F1422.4 X109.592 Y111.49 E399.00993
G1 F1617.6 X109.3 Y111.331 E399.03249
G1 F1650 X109.096 Y111.151 E399.05058
G1 X108.935 Y110.915 E399.06959
G1 X108.834 Y110.646 E399.0887
G1 X108.801 Y110.38 E399.10653
G1 X108.831 Y110.078 E399.12672
G1 X108.93 Y109.807 E399.14591
G1 X109.09 Y109.569 E399.16499
G1 X109.308 Y109.371 E399.18458
G1 X109.58 Y109.23 E399.20496
G1 X109.864 Y109.164 E399.22435
G1 X110.136 Y109.164 E399.24245
G1 X110.42 Y109.23 E399.26184
G1 X110.675 Y109.362 E399.28094
G1 X110.892 Y109.552 E399.30013
G1 X111.056 Y109.788 E399.31925
G1 X111.165 Y110.077 E399.33979
G1 X111.196 Y110.353 E399.35827
G1 X111.163 Y110.644 E399.37775
G1 X111.061 Y110.915 E399.39701
G1 X110.9 Y111.151 E399.41601
G1 F1545.7 X110.609 Y111.399 E399.44317
G1 F1372.1 X110.12 Y111.602 E399.48552
G1 F1299.2 X110 Y111.602 E399.49565
G1 F2700 E394.49565
G0 F9000 X110 Y111.86
G0 X110.515 Y111.999
G0 X110.825 Y112.162
G0 X113.176 Y114.552
G0 X113.86 Y114.86
G0 X113.86 Y114.548
G1 F2700 E399.49565
G1 F1650 X113.553 Y114.467 E399.51678
G1 X113.3 Y114.331 E399.53588
G1 X113.091 Y114.145 E399.55449
G1 X112.924 Y113.891 E399.57471
G1 X112.84 Y113.667 E399.59063
G1 X112.8 Y113.374 E399.6103
G1 X112.84 Y113.045 E399.63235
G1 X112.924 Y112.821 E399.64826
G1 X113.104 Y112.553 E399.66973
G1 X113.315 Y112.366 E399.68849
G1 X113.597 Y112.225 E399.70946
G1 X113.852 Y112.165 E399.72689
G1 X114.139 Y112.164 E399.74598
G1 X114.426 Y112.232 E399.7656
G1 X114.682 Y112.367 E399.78485
G1 X114.894 Y112.555 E399.8037
G1 X115.062 Y112.799 E399.82341
G1 X115.162 Y113.064 E399.84225
G1 X115.196 Y113.348 E399.86127
G1 X115.165 Y113.633 E399.88034
G1 X115.067 Y113.902 E399.89939
G1 X114.88 Y114.172 E399.92124
G1 X114.657 Y114.358 E399.94055
G1 X114.445 Y114.468 E399.95644
G1 X114.136 Y114.548 E399.97767
G1 X113.86 Y114.548 E399.99603
G1 F2700 E394.99603
G0 F9000 X113.86 Y114.86
G0 X106.136 Y114.86
G0 X106.136 Y114.548
G1 F2700 E399.99603
G1 F1650 X105.86 Y114.548 E400.01439
G1 X105.553 Y114.467 E400.03551
G1 X105.3 Y114.331 E400.05462
G1 X105.101 Y114.156 E400.07225
G1 X104.941 Y113.925 E400.09094
G1 X104.831 Y113.633 E400.1117
G1 X104.8 Y113.348 E400.13077
G1 X104.83 Y113.083 E400.14851
G1 X104.934 Y112.799 E400.16863
G1 X105.102 Y112.555 E400.18833
G1 X105.315 Y112.366 E400.20727
G1 X105.591 Y112.226 E400.22786
G1 X105.845 Y112.166 E400.24522
G1 X106.148 Y112.165 E400.26538
G1 X106.403 Y112.225 E400.2828
G1 X106.681 Y112.366 E400.30354
G1 X106.892 Y112.553 E400.32229
G1 X107.072 Y112.821 E400.34377
G1 X107.167 Y113.092 E400.36287
G1 X107.196 Y113.374 E400.38173
G1 X107.156 Y113.667 E400.4014
G1 X107.05 Y113.933 E400.42045
G1 X106.905 Y114.145 E400.43753
G1 X106.657 Y114.358 E400.45928
G1 X106.445 Y114.468 E400.47517
G1 X106.136 Y114.548 E400.4964
G1 F2700 E395.4964
G0 F9000 X106.136 Y114.86
G0 X106.824 Y114.552
G0 X107.087 Y114.321
G0 X107.286 Y114.031
G0 X107.41 Y113.705
G0 X107.597 Y111.298
G0 X107.49 Y109.712
G0 X107.485 Y91.053
G0 X110.277 Y89.655
G1 F2700 E400.4964
G1 F1650 X98.956 Y89.652 E401.24948
G1 X98.855 Y89.594 E401.25722
G1 X98.802 Y89.491 E401.26493
G1 F1633.7 X98.796 Y86.01 E401.4988
G1 F1401.3 X98.733 Y85.642 E401.52805
G1 F1363.6 X98.588 Y85.897 E401.55166
G1 F1582.7 X98.38 Y86.172 E401.57557
G1 F1650 X98.157 Y86.358 E401.59488
G1 X97.906 Y86.482 E401.61351
G1 X97.62 Y86.548 E401.63303
G1 X97.338 Y86.545 E401.65179
G1 X97.053 Y86.467 E401.67145
G1 X96.841 Y86.359 E401.68727
G1 X96.596 Y86.154 E401.70852
G1 X96.424 Y85.891 E401.72943
G1 X96.34 Y85.667 E401.74534
G1 X96.301 Y85.38 E401.76461
G1 X96.34 Y85.045 E401.78704
G1 X96.424 Y84.821 E401.80296
G1 X96.587 Y84.574 E401.82264
G1 X96.835 Y84.354 E401.8447
G1 X97.051 Y84.242 E401.86088
G1 X97.342 Y84.167 E401.88087
G1 X97.667 Y84.169 E401.90249
G1 X97.903 Y84.225 E401.91863
G1 X98.162 Y84.354 E401.93787
G1 X98.41 Y84.574 E401.95993
G1 F1590.4 X98.585 Y84.816 E401.98054
G1 F1369.3 X98.733 Y85.085 E402.00515
G1 F1410.3 X98.799 Y84.701 E402.03547
G1 F1641.8 X98.8 Y81.197 E402.26972
G1 F1650 X98.88 Y81.095 E402.27835
G1 X98.965 Y81.059 E402.28449
G1 X115.077 Y81.056 E403.35626
G1 X115.2 Y81.215 E403.36963
G1 F1641.8 X115.201 Y84.702 E403.60275
G1 F1416.3 X115.265 Y85.085 E403.63284
G1 F1375 X115.411 Y84.816 E403.65727
G1 F1594.2 X115.586 Y84.574 E403.67784
G1 F1650 X115.835 Y84.354 E403.69994
G1 X116.051 Y84.242 E403.71612
G1 X116.333 Y84.169 E403.7355
G1 X116.667 Y84.169 E403.75772
G1 X116.94 Y84.238 E403.77645
G1 X117.201 Y84.382 E403.79628
G1 X117.409 Y84.574 E403.81511
G1 X117.572 Y84.821 E403.83479
G1 X117.656 Y85.045 E403.85071
G1 X117.696 Y85.356 E403.87156
G1 X117.666 Y85.631 E403.88997
G1 X117.572 Y85.891 E403.90836
G1 X117.414 Y86.133 E403.92758
G1 X117.18 Y86.344 E403.94854
G1 X116.949 Y86.466 E403.96592
G1 X116.67 Y86.542 E403.98516
G1 X116.349 Y86.549 E404.00651
G1 X116.053 Y86.467 E404.02694
G1 X115.841 Y86.359 E404.04277
G1 X115.616 Y86.172 E404.06223
G1 F1594.2 X115.411 Y85.896 E404.0859
G1 F1377.9 X115.265 Y85.627 E404.11028
G1 F1416.3 X115.201 Y86.008 E404.14022
G1 F1641.8 X115.198 Y89.491 E404.37307
G1 F1650 X115.081 Y89.656 E404.38653
G1 X110.277 Y89.655 E404.70609
G1 F2700 E399.70609
G0 F9000 X110.277 Y89.967
G0 X115.265 Y89.867
G0 X114.347 Y88.804
G0 X114.335 Y85.627
G0 X115.265 Y85.627
G1 F2700 E404.70609
G1 F1281.6 X115.25 Y85.356 E404.72934
G1 X115.265 Y85.085 E404.75258
G1 F2700 E399.75258
G0 F9000 X114.335 Y85.085
G0 X99.665 Y85.085
G0 X98.733 Y85.085
G1 F2700 E404.75258
G1 F1271.7 X98.748 Y85.356 E404.77601
G1 X98.733 Y85.642 E404.80073
G1 F2700 E399.80073
G0 F9000 X99.665 Y85.642
G0 X99.653 Y88.804
G0 X99 Y91.056
G0 X97.462 Y89.726
G0 X97.429 Y87.921
G0 X96.577 Y87.772
G0 X96.572 Y141.784
G0 X110 Y141.856
G0 X110 Y141.596
;TYPE:SKIN
G1 F2700 E404.80073
G1 F1650 X96.76 Y141.596 E405.68145
G1 X96.76 Y90.201 E409.10026
G1 F1552.9 X96.786 Y89.757 E409.1317
G1 F1483.1 X96.78 Y88.03 E409.2595
G1 F1500 X97.038 Y88.093 E409.27894
G1 X97.22 Y88.11 E409.29231
G1 X97.22 Y89.452 E409.39051
G1 F1483.1 X97.235 Y89.741 E409.41193
G1 F1552.9 X97.392 Y90.161 E409.44362
G1 F1650 X97.722 Y90.669 E409.48391
G1 X98.167 Y91.01 E409.52121
G1 X98.582 Y91.164 E409.55065
G1 X98.981 Y91.215 E409.57741
G1 X115.153 Y91.208 E410.65317
G1 X115.489 Y91.148 E410.67588
G1 X115.869 Y90.986 E410.70336
G1 X116.256 Y90.682 E410.73609
G1 X116.536 Y90.314 E410.76685
G1 X116.66 Y90.04 E410.78686
G1 X116.759 Y89.665 E410.81266
G1 X116.76 Y88.09 E410.91743
G1 X117.191 Y88.032 E410.94636
G1 X117.647 Y87.86 E410.97878
G1 X118.073 Y87.619 E411.01133
G1 X118.4 Y87.351 E411.03946
G1 X118.766 Y86.941 E411.07602
G1 X119.066 Y86.377 E411.11851
G1 X119.202 Y85.899 E411.15157
G1 X119.26 Y85.389 E411.18572
G1 X119.216 Y84.913 E411.21751
G1 X119.091 Y84.392 E411.25316
G1 X118.79 Y83.806 E411.29698
G1 X118.351 Y83.299 E411.34159
G1 X117.907 Y82.983 E411.37784
G1 X117.569 Y82.81 E411.4031
G1 X117.149 Y82.666 E411.43263
G1 X116.76 Y82.62 E411.45869
G1 X116.758 Y81.231 E411.55109
G1 X116.689 Y80.754 E411.58315
G1 X116.423 Y80.226 E411.62248
G1 X116.316 Y80.113 E411.63283
G1 X123.24 Y80.116 E412.09341
G1 X123.24 Y141.596 E416.18308
G1 X110 Y141.596 E417.06381
G1 F2700 E412.06381
G0 F9000 X110 Y141.856
G0 X109.974 Y138.941
G0 X110 Y139.115
G1 F2700 E417.06381
G1 F1650 X110.423 Y139.082 E417.09203
G1 X110.792 Y138.991 E417.11731
G1 X111.251 Y138.82 E417.1499
G1 X111.809 Y138.446 E417.19458
G1 X112.191 Y138.02 E417.23264
G1 X112.468 Y137.588 E417.26678
G1 X112.671 Y137.064 E417.30416
G1 X112.76 Y136.384 E417.34978
G1 X112.699 Y135.782 E417.39003
G1 X113.061 Y135.957 E417.41678
G1 X113.663 Y136.099 E417.45792
G1 X114.302 Y136.106 E417.50043
G1 X114.812 Y135.987 E417.53527
G1 X115.302 Y135.793 E417.57032
G1 X115.786 Y135.461 E417.60937
G1 X116.125 Y135.117 E417.64149
G1 X116.441 Y134.663 E417.67829
G1 X116.679 Y134.038 E417.72278
G1 X116.743 Y133.57 E417.7542
G1 X116.751 Y133.268 E417.77429
G1 X116.672 Y132.649 E417.8158
G1 X116.468 Y132.105 E417.85445
G1 X116.216 Y131.721 E417.885
G1 X116.368 Y131.575 E417.89902
G1 X116.507 Y131.681 E417.91065
G1 X117.038 Y131.947 E417.95016
G1 X117.634 Y132.098 E417.99106
G1 X118.334 Y132.104 E418.03762
G1 X118.892 Y131.962 E418.07592
G1 X119.308 Y131.786 E418.10597
G1 X119.838 Y131.422 E418.14874
G1 X120.262 Y130.946 E418.19115
G1 X120.574 Y130.361 E418.23525
G1 X120.702 Y129.895 E418.26739
G1 X120.759 Y129.442 E418.29777
G1 X120.716 Y128.913 E418.33307
G1 X120.61 Y128.48 E418.36273
G1 X120.437 Y128.057 E418.39313
G1 X120.139 Y127.605 E418.42914
G1 X119.884 Y127.355 E418.45289
G1 X120.109 Y127.147 E418.47328
G1 X120.433 Y126.65 E418.51274
G1 X120.613 Y126.217 E418.54394
G1 X120.702 Y125.895 E418.56616
G1 X120.759 Y125.442 E418.59653
G1 X120.716 Y124.913 E418.63183
G1 X120.61 Y124.48 E418.66149
G1 X120.437 Y124.057 E418.69189
G1 X120.139 Y123.605 E418.7279
G1 X119.884 Y123.355 E418.75166
G1 X120.109 Y123.147 E418.77204
G1 X120.433 Y122.65 E418.81151
G1 X120.613 Y122.217 E418.8427
G1 X120.702 Y121.895 E418.86492
G1 X120.759 Y121.442 E418.89529
G1 X120.716 Y120.913 E418.9306
G1 X120.61 Y120.48 E418.96025
G1 X120.437 Y120.057 E418.99065
G1 X120.139 Y119.605 E419.02667
G1 X119.884 Y119.355 E419.05042
G1 X120.109 Y119.147 E419.0708
G1 X120.433 Y118.65 E419.11027
G1 X120.613 Y118.217 E419.14146
G1 X120.702 Y117.895 E419.16368
G1 X120.759 Y117.442 E419.19405
G1 X120.716 Y116.913 E419.22936
G1 X120.595 Y116.408 E419.2639
G1 X120.263 Y115.763 E419.31216
G1 X119.855 Y115.299 E419.35326
G1 X119.28 Y114.902 E419.39974
G1 X118.888 Y114.742 E419.4279
G1 X118.364 Y114.613 E419.4638
G1 X117.646 Y114.613 E419.51156
G1 X117 Y114.769 E419.55577
G1 X116.484 Y115.038 E419.59448
G1 X116.367 Y115.131 E419.60442
G1 X116.219 Y114.987 E419.61816
G1 X116.464 Y114.61 E419.64807
G1 X116.68 Y114.03 E419.68924
G1 X116.763 Y113.414 E419.73058
G1 X116.687 Y112.714 E419.77742
G1 X116.493 Y112.161 E419.81641
G1 X116.344 Y111.905 E419.83611
G1 X116.044 Y111.496 E419.86985
G1 X115.652 Y111.136 E419.90525
G1 X115.001 Y110.764 E419.95513
G1 X114.328 Y110.603 E420.00116
G1 X113.669 Y110.612 E420.045
G1 X113.114 Y110.732 E420.08277
G1 X112.685 Y110.937 E420.1144
G1 X112.742 Y110.562 E420.13963
G1 X112.759 Y110.249 E420.16048
G1 X112.683 Y109.689 E420.19808
G1 X112.45 Y109.071 E420.24201
G1 X112.06 Y108.497 E420.28817
G1 X111.583 Y108.084 E420.33015
G1 X110.985 Y107.766 E420.3752
G1 X110.324 Y107.609 E420.42039
G1 X109.672 Y107.609 E420.46376
G1 X108.993 Y107.773 E420.51023
G1 X108.455 Y108.054 E420.5506
G1 X108.089 Y108.364 E420.58251
G1 X107.843 Y108.633 E420.60676
G1 X107.543 Y109.069 E420.64196
G1 X107.321 Y109.639 E420.68266
G1 X107.233 Y110.253 E420.72392
G1 X107.288 Y110.909 E420.76771
G1 X106.904 Y110.74 E420.79561
G1 X106.335 Y110.612 E420.83441
G1 X105.674 Y110.602 E420.87839
G1 X104.989 Y110.773 E420.92535
G1 X104.363 Y111.117 E420.97286
G1 X103.895 Y111.549 E421.01523
G1 X103.523 Y112.115 E421.06029
G1 X103.301 Y112.733 E421.10397
G1 X103.233 Y113.338 E421.14447
G1 X103.312 Y114.034 E421.19106
G1 X103.551 Y114.659 E421.23557
G1 X103.778 Y114.986 E421.26205
G1 X103.63 Y115.13 E421.27579
G1 X103.496 Y115.03 E421.28691
G1 X102.996 Y114.773 E421.32431
G1 X102.356 Y114.613 E421.36819
G1 X101.68 Y114.607 E421.41316
G1 X101.14 Y114.733 E421.45005
G1 X100.682 Y114.919 E421.48293
G1 X100.141 Y115.299 E421.52691
G1 X99.729 Y115.767 E421.56838
G1 X99.397 Y116.397 E421.61575
G1 X99.276 Y116.913 E421.65101
G1 X99.233 Y117.442 E421.68631
G1 X99.29 Y117.891 E421.71642
G1 X99.402 Y118.312 E421.7454
G1 X99.597 Y118.723 E421.77566
G1 X99.854 Y119.104 E421.80623
G1 X100.095 Y119.353 E421.82928
G1 X99.877 Y119.575 E421.84998
G1 X99.597 Y119.985 E421.88301
G1 X99.397 Y120.415 E421.91455
G1 X99.281 Y120.883 E421.94663
G1 X99.232 Y121.397 E421.98097
G1 X99.29 Y121.891 E422.01406
G1 X99.402 Y122.312 E422.04304
G1 X99.597 Y122.723 E422.0733
G1 X99.854 Y123.104 E422.10387
G1 X100.095 Y123.353 E422.12692
G1 X99.877 Y123.575 E422.14762
G1 X99.597 Y123.985 E422.18065
G1 X99.397 Y124.415 E422.21219
G1 X99.281 Y124.883 E422.24427
G1 X99.232 Y125.397 E422.27861
G1 X99.29 Y125.891 E422.3117
G1 X99.402 Y126.312 E422.34068
G1 X99.597 Y126.723 E422.37094
G1 X99.854 Y127.104 E422.40151
G1 X100.095 Y127.353 E422.42456
G1 X99.877 Y127.575 E422.44526
G1 X99.597 Y127.985 E422.47829
G1 X99.397 Y128.415 E422.50983
G1 X99.281 Y128.883 E422.54191
G1 X99.232 Y129.397 E422.57625
G1 X99.29 Y129.891 E422.60934
G1 X99.406 Y130.325 E422.63922
G1 X99.698 Y130.897 E422.68194
G1 X100.158 Y131.422 E422.72837
G1 X100.691 Y131.79 E422.77146
G1 X101.125 Y131.968 E422.80266
G1 X101.687 Y132.106 E422.84116
G1 X102.36 Y132.095 E422.88593
G1 X102.948 Y131.951 E422.9262
G1 X103.478 Y131.692 E422.96544
G1 X103.628 Y131.575 E422.9781
G1 X103.779 Y131.72 E422.99202
G1 X103.55 Y132.055 E423.01902
G1 X103.309 Y132.703 E423.06501
G1 X103.232 Y133.369 E423.1096
G1 X103.279 Y133.812 E423.13924
G1 X103.34 Y134.092 E423.1583
G1 X103.536 Y134.642 E423.19714
G1 X103.859 Y135.106 E423.23475
G1 X104.104 Y135.359 E423.25817
G1 X104.424 Y135.623 E423.28577
G1 X104.835 Y135.852 E423.31707
G1 X105.181 Y135.984 E423.3417
G1 X105.645 Y136.099 E423.3735
G1 X106.33 Y136.099 E423.41907
G1 X106.882 Y135.972 E423.45675
G1 X107.289 Y135.798 E423.48619
G1 X107.232 Y136.393 E423.52595
G1 X107.321 Y137.061 E423.57078
G1 X107.528 Y137.589 E423.6085
G1 X107.782 Y137.998 E423.64053
G1 X108.187 Y138.45 E423.6809
G1 X108.699 Y138.798 E423.72208
G1 X109.296 Y139.031 E423.76471
G1 X109.947 Y139.119 E423.80841
G1 X110 Y139.115 E423.81195
G1 F2700 E418.81195
G0 F9000 X109.977 Y138.86
G0 X111.71 Y138.298
G0 X123.4 Y138.298
G0 X123.5 Y141.136
G0 X123.039 Y141.136
G1 F2700 E423.81195
G1 F1650 X122.779 Y141.396 E423.83641
G0 F9000 X122.214 Y141.396
G1 F1650 X123.039 Y140.57 E423.91406
G0 F9000 X123.039 Y140.004
G1 F1650 X121.648 Y141.396 E424.04497
G0 F9000 X121.082 Y141.396
G1 F1650 X123.039 Y139.439 E424.22907
G0 F9000 X123.039 Y138.873
G1 F1650 X120.516 Y141.396 E424.46642
G0 F9000 X119.951 Y141.396
G1 F1650 X123.039 Y138.307 E424.75697
G0 F9000 X123.039 Y137.742
G1 F1650 X119.385 Y141.396 E425.10071
G0 F9000 X118.819 Y141.396
G1 F1650 X123.039 Y137.176 E425.4977
G0 F9000 X123.039 Y136.61
G1 F1650 X118.254 Y141.396 E425.94789
G0 F9000 X117.688 Y141.396
G1 F1650 X123.039 Y136.045 E426.45128
G0 F9000 X123.039 Y135.479
G1 F1650 X117.122 Y141.396 E427.00792
G0 F9000 X116.557 Y141.396
G1 F1650 X123.039 Y134.913 E427.61775
G0 F9000 X123.039 Y134.347
G1 F1650 X115.991 Y141.396 E428.28083
G0 F9000 X115.425 Y141.396
G1 F1650 X123.039 Y133.782 E428.99711
G0 F9000 X123.039 Y133.216
G1 F1650 X114.86 Y141.396 E429.76659
G0 F9000 X114.294 Y141.396
G1 F1650 X123.039 Y132.65 E430.58931
G0 F9000 X123.039 Y132.085
G1 F1650 X113.728 Y141.396 E431.46523
G0 F9000 X113.163 Y141.396
G1 F1650 X123.039 Y131.519 E432.39435
G0 F9000 X123.039 Y130.953
G1 F1650 X112.597 Y141.396 E433.37672
G0 F9000 X112.031 Y141.396
G1 F1650 X123.039 Y130.388 E434.41228
G0 F9000 X123.039 Y129.822
G1 F1650 X111.465 Y141.396 E435.50109
G0 F9000 X110.9 Y141.396
G1 F1650 X123.039 Y129.256 E436.6431
G0 F9000 X123.039 Y128.691
G1 F1650 X110.334 Y141.396 E437.83831
G0 F9000 X109.768 Y141.396
G1 F1650 X115.061 Y136.103 E438.33625
G0 F9000 X114.295 Y136.304
G1 F1650 X109.203 Y141.396 E438.81527
G0 F9000 X108.637 Y141.396
G1 F1650 X110.854 Y139.179 E439.02383
G0 F9000 X110.164 Y139.303
G1 F1650 X108.071 Y141.396 E439.22073
G0 F9000 X107.506 Y141.396
G1 F1650 X109.623 Y139.278 E439.41993
G0 F9000 X109.148 Y139.188
G1 F1650 X106.94 Y141.396 E439.62765
G0 F9000 X106.374 Y141.396
G1 F1650 X108.737 Y139.033 E439.84994
G0 F9000 X108.381 Y138.823
G1 F1650 X105.809 Y141.396 E440.09195
G0 F9000 X105.243 Y141.396
G1 F1650 X108.045 Y138.594 E440.35554
G0 F9000 X107.775 Y138.298
G1 F1650 X104.677 Y141.396 E440.64698
G0 F9000 X104.112 Y141.396
G1 F1650 X107.535 Y137.973 E440.969
G0 F9000 X107.324 Y137.618
G1 F1650 X103.546 Y141.396 E441.32441
G0 F9000 X102.98 Y141.396
G1 F1650 X107.165 Y137.211 E441.71811
G0 F9000 X107.072 Y136.738
G1 F1650 X102.415 Y141.396 E442.15626
G0 F9000 X101.849 Y141.396
G1 F1650 X107.049 Y136.196 E442.64544
G0 F9000 X106.388 Y136.291
G1 F1650 X101.283 Y141.396 E443.12569
G0 F9000 X100.717 Y141.396
G1 F1650 X105.814 Y136.299 E443.60518
G0 F9000 X105.324 Y136.223
G1 F1650 X100.152 Y141.396 E444.09178
G0 F9000 X99.586 Y141.396
G1 F1650 X104.895 Y136.087 E444.59122
G0 F9000 X104.513 Y135.903
G1 F1650 X99.02 Y141.396 E445.10797
G0 F9000 X98.455 Y141.396
G1 F1650 X104.175 Y135.675 E445.64611
G0 F9000 X103.874 Y135.411
G1 F1650 X97.889 Y141.396 E446.20915
G0 F9000 X97.323 Y141.396
G1 F1650 X103.614 Y135.105 E446.80097
G0 F9000 X103.383 Y134.771
G1 F1650 X96.96 Y141.194 E447.4052
G0 F9000 X96.96 Y140.628
G1 F1650 X103.223 Y134.364 E447.99443
G0 F9000 X103.098 Y133.924
G1 F1650 X96.96 Y140.062 E448.57186
G0 F9000 X96.96 Y139.497
G1 F1650 X103.036 Y133.42 E449.1435
G0 F9000 X103.096 Y132.795
G1 F1650 X96.96 Y138.931 E449.72074
G0 F9000 X96.96 Y138.365
G1 F1650 X103.345 Y131.98 E450.3214
G0 F9000 X102.49 Y132.269
G1 F1650 X96.96 Y137.8 E450.84167
G0 F9000 X96.96 Y137.234
G1 F1650 X101.893 Y132.301 E451.30574
G0 F9000 X101.391 Y132.237
G1 F1650 X96.96 Y136.668 E451.72258
G0 F9000 X96.96 Y136.102
G1 F1650 X100.949 Y132.113 E452.09784
G0 F9000 X100.556 Y131.94
G1 F1650 X96.96 Y135.537 E452.43618
G0 F9000 X96.96 Y134.971
G1 F1650 X100.22 Y131.711 E452.74286
G0 F9000 X99.915 Y131.45
G1 F1650 X96.96 Y134.405 E453.02085
G0 F9000 X96.96 Y133.84
G1 F1650 X99.648 Y131.151 E453.27377
G0 F9000 X99.426 Y130.808
G1 F1650 X96.96 Y133.274 E453.50575
G0 F9000 X96.96 Y132.708
G1 F1650 X99.233 Y130.436 E453.71953
G0 F9000 X99.11 Y129.992
G1 F1650 X96.96 Y132.143 E453.92184
G0 F9000 X96.96 Y131.577
G1 F1650 X99.039 Y129.498 E454.11742
G0 F9000 X99.081 Y128.89
G1 F1650 X96.96 Y131.011 E454.31695
G0 F9000 X96.96 Y130.446
G1 F1650 X99.334 Y128.072 E454.54028
G0 F9000 X99.662 Y127.178
G1 F1650 X96.96 Y129.88 E454.79447
G0 F9000 X96.96 Y129.314
G1 F1650 X99.435 Y126.839 E455.0273
G0 F9000 X99.247 Y126.461
G1 F1650 X96.96 Y128.749 E455.2425
G0 F9000 X96.96 Y128.183
G1 F1650 X99.119 Y126.024 E455.4456
G0 F9000 X99.043 Y125.534
G1 F1650 X96.96 Y127.617 E455.64156
G0 F9000 X96.96 Y127.052
G1 F1650 X99.077 Y124.934 E455.84076
G0 F9000 X99.295 Y124.15
G1 F1650 X96.96 Y126.486 E456.06047
G0 F9000 X96.96 Y125.92
G1 F1650 X99.678 Y123.202 E456.31616
G0 F9000 X99.451 Y122.863
G1 F1650 X96.96 Y125.354 E456.5505
G0 F9000 X96.96 Y124.789
G1 F1650 X99.26 Y122.489 E456.76687
G0 F9000 X99.127 Y122.056
G1 F1650 X96.96 Y124.223 E456.97073
G0 F9000 X96.96 Y123.657
G1 F1650 X99.048 Y121.569 E457.16715
G0 F9000 X99.072 Y120.98
G1 F1650 X96.96 Y123.092 E457.36584
G0 F9000 X96.96 Y122.526
G1 F1650 X99.261 Y120.225 E457.5823
G0 F9000 X99.678 Y120.426
G0 X100.362 Y119.355
G0 X100.068 Y118.957
G0 X99.694 Y119.226
G1 F1650 X96.96 Y121.96 E457.8395
G0 F9000 X96.96 Y121.395
G1 F1650 X99.467 Y118.887 E458.07539
G0 F9000 X99.274 Y118.515
G1 F1650 X96.96 Y120.829 E458.29308
G0 F9000 X96.96 Y120.263
G1 F1650 X99.136 Y118.088 E458.49773
G0 F9000 X99.053 Y117.605
G1 F1650 X96.96 Y119.698 E458.69463
G0 F9000 X96.96 Y119.132
G1 F1650 X99.068 Y117.024 E458.89294
G0 F9000 X99.211 Y116.316
G1 F1650 X96.96 Y118.566 E459.10465
G0 F9000 X96.96 Y118.001
G1 F1650 X123.039 Y91.921 E461.55805
G0 F9000 X123.039 Y92.487
G1 F1650 X104.949 Y110.577 E463.25985
G0 F9000 X105.686 Y110.406
G1 F1650 X123.039 Y93.052 E464.89236
G0 F9000 X123.039 Y93.618
G1 F1650 X109.125 Y107.533 E466.20135
G0 F9000 X109.813 Y107.41
G1 F1650 X123.039 Y94.184 E467.44557
G0 F9000 X123.039 Y94.749
G1 F1650 X110.373 Y107.416 E468.63716
G0 F9000 X110.83 Y107.525
G1 F1650 X123.039 Y95.315 E469.78575
G0 F9000 X123.039 Y95.881
G1 F1650 X111.242 Y107.678 E470.89554
G0 F9000 X111.613 Y107.873
G1 F1650 X123.039 Y96.447 E471.97043
G0 F9000 X123.039 Y97.012
G1 F1650 X111.929 Y108.122 E473.01559
G0 F9000 X112.228 Y108.39
G1 F1650 X123.039 Y97.578 E474.03267
G0 F9000 X123.039 Y98.144
G1 F1650 X112.456 Y108.727 E475.02825
G0 F9000 X112.668 Y109.08
G1 F1650 X123.039 Y98.709 E476.00389
G0 F9000 X123.039 Y99.275
G1 F1650 X112.827 Y109.488 E476.96462
G0 F9000 X112.921 Y109.959
G1 F1650 X123.039 Y99.841 E477.91646
G0 F9000 X123.039 Y100.406
G1 F1650 X112.989 Y110.456 E478.8619
G0 F9000 X113.587 Y110.425
G1 F1650 X123.039 Y100.972 E479.75114
G0 F9000 X123.039 Y101.538
G1 F1650 X114.175 Y110.402 E480.58501
G0 F9000 X114.664 Y110.478
G1 F1650 X123.039 Y102.103 E481.37288
G0 F9000 X123.039 Y102.669
G1 F1650 X115.11 Y110.599 E482.11884
G0 F9000 X115.473 Y110.802
G1 F1650 X123.039 Y103.235 E482.83065
G0 F9000 X123.039 Y103.8
G1 F1650 X115.82 Y111.02 E483.50981
G0 F9000 X116.115 Y111.291
G1 F1650 X123.039 Y104.366 E484.16123
G0 F9000 X123.039 Y104.932
G1 F1650 X116.371 Y111.601 E484.78856
G0 F9000 X116.595 Y111.942
G1 F1650 X123.039 Y105.498 E485.39477
G0 F9000 X123.039 Y106.063
G1 F1650 X116.767 Y112.336 E485.98485
G0 F9000 X116.899 Y112.769
G1 F1650 X123.039 Y106.629 E486.56246
G0 F9000 X123.039 Y107.195
G1 F1650 X116.955 Y113.279 E487.13481
G0 F9000 X116.904 Y113.896
G1 F1650 X123.039 Y107.76 E487.712
G0 F9000 X123.039 Y108.326
G1 F1650 X116.629 Y114.736 E488.31501
G0 F9000 X117.486 Y114.445
G1 F1650 X123.039 Y108.892 E488.8374
G0 F9000 X123.039 Y109.457
G1 F1650 X118.088 Y114.408 E489.30316
G0 F9000 X118.597 Y114.465
G1 F1650 X123.039 Y110.023 E489.72104
G0 F9000 X123.039 Y110.589
G1 F1650 X119.038 Y114.59 E490.09743
G0 F9000 X119.434 Y114.76
G1 F1650 X123.039 Y111.154 E490.43661
G0 F9000 X123.039 Y111.72
G1 F1650 X119.769 Y114.99 E490.74423
G0 F9000 X120.077 Y115.248
G1 F1650 X123.039 Y112.286 E491.02288
G0 F9000 X123.039 Y112.851
G1 F1650 X120.343 Y115.548 E491.27655
G0 F9000 X120.562 Y115.894
G1 F1650 X123.039 Y113.417 E491.50957
G0 F9000 X123.039 Y113.983
G1 F1650 X120.754 Y116.268 E491.72453
G0 F9000 X120.873 Y116.715
G1 F1650 X123.039 Y114.548 E491.92834
G0 F9000 X123.039 Y115.114
G1 F1650 X120.944 Y117.209 E492.12543
G0 F9000 X120.915 Y117.804
G1 F1650 X123.039 Y115.68 E492.32524
G0 F9000 X123.039 Y116.246
G1 F1650 X120.66 Y118.625 E492.54904
G0 F9000 X120.326 Y119.525
G1 F1650 X123.039 Y116.811 E492.80431
G0 F9000 X123.039 Y117.377
G1 F1650 X120.55 Y119.866 E493.03846
G0 F9000 X120.73 Y120.252
G1 F1650 X123.039 Y117.943 E493.25568
G0 F9000 X123.039 Y118.508
G1 F1650 X120.866 Y120.682 E493.46015
G0 F9000 X120.941 Y121.173
G1 F1650 X123.039 Y119.074 E493.65756
G0 F9000 X123.039 Y119.64
G1 F1650 X120.921 Y121.758 E493.85681
G0 F9000 X120.688 Y122.556
G1 F1650 X123.039 Y120.205 E494.07798
G0 F9000 X123.039 Y120.771
G1 F1650 X120.31 Y123.5 E494.3347
G0 F9000 X120.535 Y123.841
G1 F1650 X123.039 Y121.337 E494.57026
G0 F9000 X123.039 Y121.902
G1 F1650 X120.719 Y124.223 E494.78856
G0 F9000 X120.858 Y124.649
G1 F1650 X123.039 Y122.468 E494.99374
G0 F9000 X123.039 Y123.034
G1 F1650 X120.938 Y125.135 E495.19139
G0 F9000 X120.927 Y125.712
G1 F1650 X123.039 Y123.599 E495.39012
G0 F9000 X123.039 Y124.165
G1 F1650 X120.718 Y126.487 E495.60851
G0 F9000 X120.296 Y126.313
G0 X119.612 Y127.355
G0 X119.926 Y127.751
G0 X120.292 Y127.479
G1 F1650 X123.039 Y124.731 E495.86698
G0 F9000 X123.039 Y125.296
G1 F1650 X120.519 Y127.817 E496.10409
G0 F9000 X120.707 Y128.195
G1 F1650 X123.039 Y125.862 E496.32352
G0 F9000 X123.039 Y126.428
G1 F1650 X120.85 Y128.617 E496.52945
G0 F9000 X120.934 Y129.099
G1 F1650 X123.039 Y126.994 E496.72747
G0 F9000 X123.039 Y127.559
G1 F1650 X120.932 Y129.666 E496.92569
G0 F9000 X120.78 Y130.384
G1 F1650 X123.039 Y128.125 E497.1382
G1 F2700 E492.1382
G0 F9000 X123.5 Y128.125
G0 X123.4 Y131.685
G0 X119.707 Y131.301
G0 X118.888 Y131.685
G0 X119.058 Y132.107
G1 F2700 E497.1382
G1 F1650 X116.756 Y134.408 E497.35471
G0 F9000 X116.931 Y133.667
G1 F1650 X118.295 Y132.304 E497.48298
G0 F9000 X117.729 Y132.304
G1 F1650 X116.933 Y133.1 E497.55786
G0 F9000 X116.868 Y132.599
G1 F1650 X117.259 Y132.208 E497.59465
G0 F9000 X116.831 Y132.071
G1 F1650 X116.714 Y132.188 E497.60565
G0 F9000 X116.282 Y132.35
G0 X115.643 Y134.218
G0 X115.389 Y134.588
G0 X113.733 Y135.845
G0 X113.729 Y136.304
G1 F1650 X112.834 Y137.199 E497.68985
G0 F9000 X112.95 Y136.518
G1 F1650 X113.257 Y136.211 E497.71873
G1 F2700 E492.71873
G0 F9000 X113.36 Y135.763
G0 X111.061 Y134.857
G0 X111.39 Y135.128
G0 X111.643 Y135.497
G0 X111.801 Y135.913
G0 X111.856 Y136.357
G0 X111.801 Y136.802
G0 X111.643 Y137.218
G0 X111.389 Y137.588
G0 X111.052 Y137.884
G0 X110.659 Y138.092
G0 X110.224 Y138.199
G0 X109.776 Y138.199
G0 X109.341 Y138.092
G0 X108.948 Y137.884
G0 X108.611 Y137.588
G0 X108.357 Y137.218
G0 X107.389 Y134.588
G0 X107.052 Y134.884
G0 X106.659 Y135.092
G0 X106.224 Y135.199
G0 X105.776 Y135.199
G0 X105.341 Y135.092
G0 X104.948 Y134.884
G0 X104.611 Y134.588
G0 X104.357 Y134.218
G0 X104.199 Y133.802
G0 X103.914 Y130.452
G0 X102.659 Y131.092
G0 X102.224 Y131.199
G0 X101.776 Y131.199
G0 X101.341 Y131.092
G0 X100.948 Y130.884
G0 X100.611 Y130.588
G0 X100.357 Y130.218
G0 X100.199 Y129.802
G0 X100.144 Y129.357
G0 X100.611 Y126.588
G0 X100.357 Y126.218
G0 X100.199 Y125.802
G0 X100.144 Y125.357
G0 X100.611 Y122.588
G0 X100.357 Y122.218
G0 X100.199 Y121.802
G0 X100.144 Y121.357
G0 X100.611 Y118.588
G0 X100.357 Y118.218
G0 X100.199 Y117.802
G0 X100.144 Y117.357
G0 X100.199 Y116.913
G0 X100.357 Y116.497
G0 X100.61 Y116.128
G0 X100.947 Y115.83
G0 X102.947 Y115.039
G0 X103.158 Y114.631
G1 F2700 E497.71873
G1 F1650 X103.276 Y114.512 E497.72988
G0 F9000 X103.122 Y114.101
G1 F1650 X102.726 Y114.498 E497.76718
G0 F9000 X102.249 Y114.408
G1 F1650 X103.055 Y113.602 E497.843
G0 F9000 X103.064 Y113.027
G1 F1650 X101.684 Y114.408 E497.97287
G0 F9000 X100.92 Y114.606
G1 F1650 X103.25 Y112.277 E498.19202
G0 F9000 X103.684 Y112.431
G0 X106.246 Y110.867
G0 X106.25 Y110.408
G1 F1650 X107.163 Y109.495 E498.2779
G0 F9000 X107.043 Y110.181
G1 F1650 X106.73 Y110.493 E498.3073
G1 F2700 E493.3073
G0 F9000 X106.63 Y110.943
G0 X104.471 Y111.262
G0 X96.581 Y111.26
G0 X96.501 Y110.646
G0 X96.96 Y110.647
G1 F2700 E498.3073
G1 F1650 X123.039 Y84.567 E500.7607
G0 F9000 X123.039 Y85.133
G1 F1650 X96.96 Y111.212 E503.21405
G0 F9000 X96.96 Y111.778
G1 F1650 X123.039 Y85.699 E505.66741
G0 F9000 X123.039 Y86.264
G1 F1650 X96.96 Y112.344 E508.12081
G0 F9000 X96.96 Y112.909
G1 F1650 X123.039 Y86.83 E510.57416
G0 F9000 X123.039 Y87.396
G1 F1650 X96.96 Y113.475 E513.02751
G0 F9000 X96.96 Y114.041
G1 F1650 X123.039 Y87.961 E515.48091
G0 F9000 X123.039 Y88.527
G1 F1650 X96.96 Y114.606 E517.93426
G0 F9000 X96.96 Y115.172
G1 F1650 X123.039 Y89.093 E520.38762
G0 F9000 X123.039 Y89.658
G1 F1650 X96.96 Y115.738 E522.84101
G0 F9000 X96.96 Y116.304
G1 F1650 X123.039 Y90.224 E525.29441
G0 F9000 X123.039 Y90.79
G1 F1650 X96.96 Y116.869 E527.74777
G0 F9000 X96.96 Y117.435
G1 F1650 X123.039 Y91.355 E530.20117
G0 F9000 X123.5 Y91.355
G0 X123.428 Y79.928
G0 X115.846 Y79.942
G0 X116.571 Y82.79
G0 X118.589 Y84.912
G0 X118.624 Y86.666
G0 X119.031 Y86.879
G1 F1650 X123.039 Y82.87 E530.57826
G0 F9000 X123.039 Y83.436
G1 F1650 X116.955 Y89.52 E531.15061
G0 F9000 X116.958 Y88.952
G1 F1650 X118.049 Y87.86 E531.25329
G0 F9000 X117.826 Y87.463
G0 X117.048 Y87.795
G0 X117.1 Y88.244
G1 F1650 X116.96 Y88.384 E531.26646
G0 F9000 X116.5 Y88.384
G0 X116.364 Y90.074
G0 X116.783 Y90.258
G1 F1650 X123.039 Y84.001 E531.85503
G0 F9000 X123.5 Y84.001
G0 X123.5 Y82.304
G0 X123.039 Y82.304
G1 F1650 X119.394 Y85.95 E532.19798
G0 F9000 X119.455 Y85.323
G1 F1650 X123.039 Y81.739 E532.53514
G0 F9000 X123.039 Y81.173
G1 F1650 X119.396 Y84.816 E532.87785
G0 F9000 X119.288 Y84.359
G1 F1650 X123.039 Y80.607 E533.23077
G0 F9000 X122.766 Y80.315
G1 F1650 X119.105 Y83.976 E533.57517
G0 F9000 X118.898 Y83.617
G1 F1650 X122.2 Y80.315 E533.8858
G0 F9000 X121.634 Y80.315
G1 F1650 X118.633 Y83.316 E534.16812
G0 F9000 X118.341 Y83.043
G1 F1650 X121.069 Y80.315 E534.42475
G0 F9000 X120.504 Y80.315
G1 F1650 X118.007 Y82.811 E534.65961
G0 F9000 X117.632 Y82.62
G1 F1650 X119.938 Y80.315 E534.8765
G0 F9000 X119.373 Y80.314
G1 F1650 X117.21 Y82.477 E535.07998
G0 F9000 X116.96 Y82.162
G1 F1650 X118.807 Y80.314 E535.25378
G0 F9000 X118.242 Y80.313
G1 F1650 X116.96 Y81.596 E535.37443
G0 F9000 X116.933 Y81.057
G1 F1650 X117.677 Y80.313 E535.44442
G0 F9000 X117.111 Y80.313
G1 F1650 X116.832 Y80.592 E535.47067
G0 F9000 X116.42 Y80.797
G0 X116.278 Y83.516
G0 X116.722 Y83.516
G0 X117.158 Y83.622
G0 X117.553 Y83.83
G0 X117.89 Y84.128
G0 X118.143 Y84.497
G0 X118.301 Y84.913
G0 X118.356 Y85.357
G0 X118.301 Y85.802
G0 X118.143 Y86.218
G0 X117.889 Y86.588
G0 X115.813 Y88.59
G0 X115.838 Y90.295
G0 X115.641 Y90.803
G0 X115.817 Y91.224
G1 F1650 X96.96 Y110.081 E537.24462
G0 F9000 X96.96 Y109.515
G1 F1650 X115.068 Y91.407 E538.94811
G0 F9000 X114.503 Y91.407
G1 F1650 X96.96 Y108.95 E540.59845
G0 F9000 X96.96 Y108.384
G1 F1650 X113.937 Y91.407 E542.19554
G0 F9000 X113.37 Y91.408
G1 F1650 X96.96 Y107.818 E543.73929
G0 F9000 X96.96 Y107.253
G1 F1650 X112.805 Y91.408 E545.22989
G0 F9000 X112.239 Y91.408
G1 F1650 X96.96 Y106.687 E546.66724
G0 F9000 X96.96 Y106.121
G1 F1650 X111.673 Y91.408 E548.05135
G0 F9000 X111.107 Y91.408
G1 F1650 X96.96 Y105.555 E549.38222
G0 F9000 X96.96 Y104.99
G1 F1650 X110.541 Y91.408 E550.65988
G0 F9000 X109.975 Y91.409
G1 F1650 X96.96 Y104.424 E551.88425
G0 F9000 X96.96 Y103.858
G1 F1650 X109.409 Y91.409 E553.05538
G0 F9000 X108.844 Y91.409
G1 F1650 X96.96 Y103.293 E554.17335
G0 F9000 X96.96 Y102.727
G1 F1650 X108.277 Y91.41 E555.23799
G0 F9000 X107.711 Y91.41
G1 F1650 X96.96 Y102.161 E556.24937
G0 F9000 X96.96 Y101.596
G1 F1650 X107.146 Y91.41 E557.20761
G0 F9000 X106.579 Y91.411
G1 F1650 X96.96 Y101.03 E558.11251
G0 F9000 X96.96 Y100.464
G1 F1650 X106.014 Y91.411 E558.9642
G0 F9000 X105.448 Y91.411
G1 F1650 X96.96 Y99.899 E559.7627
G0 F9000 X96.96 Y99.333
G1 F1650 X104.882 Y91.411 E560.50796
G0 F9000 X104.316 Y91.411
G1 F1650 X96.96 Y98.767 E561.19996
G0 F9000 X96.96 Y98.202
G1 F1650 X103.75 Y91.412 E561.83873
G0 F9000 X103.184 Y91.412
G1 F1650 X96.96 Y97.636 E562.42424
G0 F9000 X96.96 Y97.07
G1 F1650 X102.618 Y91.412 E562.95651
G0 F9000 X102.052 Y91.413
G1 F1650 X96.96 Y96.505 E563.43554
G0 F9000 X96.96 Y95.939
G1 F1650 X101.486 Y91.413 E563.86131
G0 F9000 X100.92 Y91.413
G1 F1650 X96.96 Y95.373 E564.23385
G0 F9000 X96.96 Y94.807
G1 F1650 X100.354 Y91.413 E564.55313
G0 F9000 X99.788 Y91.413
G1 F1650 X96.96 Y94.242 E564.81922
G0 F9000 X96.96 Y93.676
G1 F1650 X99.223 Y91.413 E565.03211
G0 F9000 X98.687 Y91.383
G1 F1650 X96.96 Y93.11 E565.19458
G0 F9000 X96.96 Y92.545
G1 F1650 X98.25 Y91.254 E565.31598
G0 F9000 X97.89 Y91.049
G1 F1650 X96.96 Y91.979 E565.40347
G0 F9000 X96.96 Y91.413
G1 F1650 X97.57 Y90.803 E565.46085
G0 F9000 X97.347 Y90.461
G1 F1650 X96.96 Y90.848 E565.49726
G0 F9000 X96.96 Y90.282
G1 F1650 X97.148 Y90.094 E565.51494
G1 F2700 E560.51494
G0 F9000 X97.595 Y89.963
G0 X98.162 Y90.295
G0 X115.838 Y90.295
G0 X116.724 Y87.199
G0 X117.159 Y87.092
G0 X117.552 Y86.884
G0 X117.889 Y86.588
G0 X118.143 Y86.218
G0 X118.301 Y85.802
G0 X118.356 Y85.357
G0 X118.301 Y84.913
G0 X118.143 Y84.497
G0 X117.89 Y84.128
G0 X117.553 Y83.83
G0 X117.158 Y83.622
G0 X116.722 Y83.516
G0 X115.838 Y80.419
G0 X98.162 Y80.419
G0 X97.278 Y83.516
G0 X96.775 Y83.682
G0 X96.5 Y82.675
G0 X96.78 Y82.675
G1 F2700 E565.51494
G1 F1493.2 X96.782 Y81.168 E565.62572
G1 F1363.6 X96.821 Y80.439 E565.68448
G1 F1262 X96.821 Y80.177 E565.70726
G1 X97.599 Y80.177 E565.77493
G1 X97.326 Y80.523 E565.81326
G1 F1363.6 X97.222 Y81.212 E565.86935
G1 F1493.2 X97.22 Y82.573 E565.96939
G1 F1500 X96.78 Y82.675 E566.00244
G0 F9000 X96.21 Y82.675
;MESH:NONMESH
G0 F300 X96.21 Y82.675 Z1
G0 F9000 X96.576 Y82.935
G0 X97.429 Y82.791
G0 X97.426 Y81.305
G0 X98.748 Y79.816
;TIME_ELAPSED:871.425395
;LAYER:2
M106 S85
;TYPE:WALL-INNER
;MESH:hull_rear_plate.obj
G1 F1875 X99 Y79.806 E566.02391
G1 F1920 X115 Y79.806 E567.35432
G0 F12000 X115.838 Y80.419
G0 X116.722 Y83.516
G0 X117.158 Y83.622
G0 X117.553 Y83.83
G0 X117.89 Y84.128
G0 X118.143 Y84.497
G0 X118.301 Y84.913
G0 X118.356 Y85.357
G0 X118.301 Y85.802
G0 X118.143 Y86.218
G0 X117.889 Y86.588
G0 X117.552 Y86.884
G0 X117.159 Y87.092
G0 X116.724 Y87.199
G0 X115.838 Y90.295
G0 X109.863 Y90.367
G0 X109.863 Y90.054
G1 F2400 X98.906 Y90.056 E568.08318
G1 X98.717 Y89.986 E568.09659
G1 X98.565 Y89.87 E568.10931
G1 X98.446 Y89.687 E568.12383
G1 X98.4 Y89.533 E568.13452
G1 X98.4 Y86.672 E568.32483
G1 X98.133 Y86.821 E568.34517
G1 X97.7 Y86.95 E568.37523
G1 X97.263 Y86.938 E568.40431
G1 X96.993 Y86.87 E568.42283
G1 X96.659 Y86.715 E568.44732
G1 X96.353 Y86.473 E568.47327
G1 F2449 X96.075 Y86.105 E568.50334
G1 F2566.8 X95.954 Y85.744 E568.52702
G1 F2681.6 X95.925 Y85.356 E568.55018
G1 X95.954 Y84.968 E568.57335
G1 F2566.8 X96.074 Y84.609 E568.59689
G1 F2449 X96.353 Y84.238 E568.62715
G1 F2400 X96.651 Y83.999 E568.65256
G1 X97.005 Y83.836 E568.67849
G1 X97.266 Y83.774 E568.69633
G1 X97.62 Y83.764 E568.71989
G1 X98.061 Y83.849 E568.74977
G1 X98.4 Y84.036 E568.77552
G1 X98.4 Y81.256 E568.96045
G1 X98.448 Y81.02 E568.97647
G1 X98.642 Y80.773 E568.99736
G1 X98.917 Y80.656 E569.01724
G1 X115 Y80.656 E570.08708
G1 X115.283 Y80.726 E570.10648
G1 X115.48 Y80.895 E570.12374
G1 X115.6 Y81.135 E570.14159
G1 X115.6 Y84.035 E570.3345
G1 X115.935 Y83.85 E570.35996
G1 X116.38 Y83.764 E570.39011
G1 X116.759 Y83.78 E570.41534
G1 X117.106 Y83.874 E570.43925
G1 X117.349 Y84.001 E570.45749
G1 X117.643 Y84.238 E570.48261
G1 X117.879 Y84.552 E570.50874
G1 X118.056 Y84.965 E570.53863
G1 X118.096 Y85.356 E570.56478
G1 X118.06 Y85.7 E570.58779
G1 X117.946 Y86.031 E570.61107
G1 X117.708 Y86.418 E570.64129
G1 X117.381 Y86.69 E570.66959
G1 X117.133 Y86.821 E570.68825
G1 X116.768 Y86.93 E570.71359
G1 X116.3 Y86.951 E570.74475
G1 X115.871 Y86.823 E570.77453
G1 X115.601 Y86.676 E570.79498
G1 X115.6 Y89.529 E570.98476
G1 X115.53 Y89.739 E570.99949
G1 X115.296 Y89.979 E571.02178
G1 X115.053 Y90.054 E571.0387
G1 X109.863 Y90.054 E571.38394
G1 F2700 E566.38394
G0 F12000 X109.863 Y90.367
G0 X115.838 Y90.295
G0 X116.724 Y87.199
G0 X117.159 Y87.092
G0 X117.552 Y86.884
G0 X117.889 Y86.588
G0 X118.143 Y86.218
G0 X118.301 Y85.802
G0 X118.356 Y85.357
G0 X118.301 Y84.913
G0 X118.143 Y84.497
G0 X117.89 Y84.128
G0 X117.553 Y83.83
G0 X117.158 Y83.622
G0 X116.722 Y83.516
G0 X115.838 Y80.419
G0 X98.162 Y80.419
G0 X97.446 Y82.927
G0 X96.4 Y83.214
G1 F2700 E571.38394
G1 F2400 X96.82 Y83.057 E571.41377
G1 X97.114 Y82.989 E571.43384
G1 X97.6 Y82.943 E571.46631
G1 X97.6 Y81.256 E571.57853
G1 X97.712 Y80.707 E571.6158
G1 X98.165 Y80.131 E571.66455
G1 F2077.9 X98.748 Y79.816 E571.71546
G1 X98.042 Y79.756 E571.7699
G1 F2400 X96.4 Y79.756 E571.87913
G1 X96.4 Y83.214 E572.10915
G1 F2700 E567.10915
G0 F12000 X98.17 Y83.649
G0 X98.162 Y80.419
G0 X115.838 Y80.419
G0 X116.722 Y83.516
G0 X117.158 Y83.622
G0 X117.553 Y83.83
G0 X117.89 Y84.128
G0 X118.143 Y84.497
G0 X118.301 Y84.913
G0 X118.356 Y85.357
G0 X118.301 Y85.802
G0 X118.143 Y86.218
G0 X117.889 Y86.588
G0 X117.552 Y86.884
G0 X117.159 Y87.092
G0 X116.724 Y87.199
G0 X115.838 Y90.295
G0 X106.74 Y90.289
G0 X107.856 Y91.053
G0 X108.203 Y108.504
G0 X107.862 Y111.67
G1 F2700 E572.10915
G1 F1558.4 X107.998 Y111.857 E572.13284
G0 F12000 X107.998 Y113.239
G1 F2313.3 X107.998 Y113.443 E572.14692
G0 F12000 X107.999 Y115.272
G1 F2436.5 X108.282 Y115.026 E572.17149
G1 X108.153 Y114.888 E572.18387
G1 X107.998 Y114.666 E572.20161
G1 X107.845 Y114.888 E572.21927
G1 X107.715 Y115.026 E572.2317
G1 X107.999 Y115.272 E572.25631
G0 F12000 X108 Y115.874
G1 F2400 X108.212 Y115.614 E572.27863
G1 X108.601 Y115.276 E572.31291
G1 X108.988 Y115.076 E572.34189
G1 X108.775 Y114.935 E572.35888
G1 X108.488 Y114.676 E572.3846
G1 X108.204 Y114.266 E572.41777
G1 F2388.1 X108.033 Y113.712 E572.45653
G1 F2352.9 X107.998 Y113.443 E572.47494
G1 X107.963 Y113.712 E572.49335
G1 F2388.1 X107.792 Y114.264 E572.53198
G1 F2400 X107.533 Y114.642 E572.56246
G1 X107.221 Y114.935 E572.59093
G1 X107.008 Y115.076 E572.60792
G1 X107.397 Y115.278 E572.63708
G1 X107.788 Y115.614 E572.67137
G1 X108 Y115.874 E572.69369
G0 F12000 X107.337 Y115.419
G0 X107.053 Y115.269
G0 X106.556 Y115.102
G0 X106.166 Y114.927
G1 F2659.3 X105.83 Y114.927 E572.71386
G1 F2526.3 X105.493 Y114.869 E572.73547
G1 F2406 X105.099 Y114.688 E572.76424
G1 F2400 X104.807 Y114.428 E572.79025
G1 X104.577 Y114.102 E572.81679
G1 X104.438 Y113.73 E572.8432
G1 X104.4 Y113.334 E572.86967
G1 X104.447 Y112.963 E572.89454
G1 X104.58 Y112.613 E572.91945
G1 X104.803 Y112.289 E572.94561
G1 X105.09 Y112.036 E572.97106
G1 X105.421 Y111.858 E572.99606
G1 X105.823 Y111.766 E573.0235
G1 X106.203 Y111.769 E573.04878
G1 X106.569 Y111.859 E573.07385
G1 X106.905 Y112.035 E573.09908
G1 X107.188 Y112.284 E573.12415
G1 X107.379 Y112.552 E573.14605
G1 X107.558 Y112.97 E573.17629
G1 X107.594 Y113.408 E573.20553
G1 X107.554 Y113.75 E573.22843
G1 X107.38 Y114.158 E573.25794
G1 X107.219 Y114.393 E573.27689
G1 X106.958 Y114.633 E573.30047
G1 F2461.5 X106.567 Y114.858 E573.32973
G1 F2594.6 X106.166 Y114.927 E573.35477
G0 F12000 X106.556 Y115.102
G0 X109.444 Y115.102
G0 X110 Y114.927
G1 F2666.7 X109.83 Y114.927 E573.36494
G1 F2526.3 X109.493 Y114.869 E573.38655
G1 F2406 X109.099 Y114.688 E573.41532
G1 F2400 X108.807 Y114.428 E573.44133
G1 X108.616 Y114.158 E573.46333
G1 X108.442 Y113.75 E573.49284
G1 X108.402 Y113.408 E573.51574
G1 X108.438 Y112.97 E573.54498
G1 X108.617 Y112.552 E573.57522
G1 X108.795 Y112.298 E573.59586
G1 X109.087 Y112.029 E573.62227
G1 X109.453 Y111.854 E573.64925
G1 X109.099 Y111.688 E573.67526
G1 X108.793 Y111.412 E573.70267
G1 X108.582 Y111.103 E573.72756
G1 X108.446 Y110.744 E573.7531
G1 X108.4 Y110.348 E573.77962
G1 X108.442 Y109.969 E573.80499
G1 X108.568 Y109.637 E573.82861
G1 X108.788 Y109.302 E573.85527
G1 X109.11 Y109.022 E573.88365
G1 X109.452 Y108.851 E573.90909
G1 X109.833 Y108.765 E573.93507
G1 X110.167 Y108.765 E573.95729
G1 X110.583 Y108.859 E573.98566
G1 X110.928 Y109.051 E574.01192
G1 X111.187 Y109.282 E574.03501
G1 X111.416 Y109.605 E574.06134
G1 X111.554 Y109.968 E574.08718
G1 X111.599 Y110.378 E574.11461
G1 X111.551 Y110.74 E574.13891
G1 X111.414 Y111.103 E574.16472
G1 X111.203 Y111.412 E574.1896
G1 X110.901 Y111.684 E574.21664
G1 X110.545 Y111.854 E574.24288
G1 X110.913 Y112.032 E574.27008
G1 X111.201 Y112.298 E574.29616
G1 X111.379 Y112.552 E574.31679
G1 X111.558 Y112.97 E574.34704
G1 X111.594 Y113.408 E574.37627
G1 X111.554 Y113.75 E574.39917
G1 X111.38 Y114.158 E574.42868
G1 X111.219 Y114.393 E574.44763
G1 X110.958 Y114.633 E574.47121
G1 F2461.5 X110.567 Y114.858 E574.50047
G1 F2594.6 X110.166 Y114.927 E574.52551
G1 F2666.7 X110 Y114.927 E574.53545
G0 F12000 X109.444 Y115.102
G0 X108.948 Y114.884
G0 X108.611 Y114.588
G0 X108.357 Y114.218
G0 X108.199 Y113.802
G0 X108.144 Y113.357
G0 X108.144 Y110.357
G0 X108.199 Y109.913
G0 X108.357 Y109.497
G0 X108.61 Y109.128
G0 X108.947 Y108.83
G0 X109.342 Y108.622
G0 X109.778 Y108.516
G0 X110.222 Y108.516
G0 X110.658 Y108.622
G0 X111.053 Y108.83
G0 X111.39 Y109.128
G0 X111.643 Y109.497
G0 X111.801 Y109.913
G0 X111.999 Y115.272
G1 F2436.5 X112.282 Y115.026 E574.56002
G1 X112.153 Y114.888 E574.57239
G1 X111.998 Y114.666 E574.59014
G1 X111.845 Y114.888 E574.6078
G1 X111.715 Y115.026 E574.62022
G1 X111.999 Y115.272 E574.64484
G0 F12000 X112 Y115.874
G1 F2400 X112.212 Y115.614 E574.66716
G1 X112.601 Y115.276 E574.70144
G1 X112.988 Y115.076 E574.73042
G1 X112.775 Y114.935 E574.74741
G1 X112.488 Y114.676 E574.77312
G1 X112.204 Y114.266 E574.8063
G1 F2388.1 X112.033 Y113.712 E574.84506
G1 F2352.9 X111.998 Y113.443 E574.86347
G1 X111.963 Y113.712 E574.88187
G1 F2388.1 X111.792 Y114.264 E574.92051
G1 F2400 X111.533 Y114.642 E574.95099
G1 X111.221 Y114.935 E574.97946
G1 X111.008 Y115.076 E574.99645
G1 X111.397 Y115.278 E575.02561
G1 X111.788 Y115.614 E575.0599
G1 X112 Y115.874 E575.08222
G0 F12000 X112.663 Y115.419
G0 X113.069 Y115.205
G0 X113.444 Y115.102
G0 X113.83 Y114.927
G1 F2526.3 X113.493 Y114.869 E575.10383
G1 F2406 X113.099 Y114.688 E575.1326
G1 F2400 X112.807 Y114.428 E575.1586
G1 X112.616 Y114.158 E575.1806
G1 X112.442 Y113.75 E575.21011
G1 X112.402 Y113.408 E575.23302
G1 X112.438 Y112.97 E575.26225
G1 X112.617 Y112.552 E575.2925
G1 X112.808 Y112.284 E575.31439
G1 X113.091 Y112.035 E575.33946
G1 X113.431 Y111.859 E575.36493
G1 X113.796 Y111.769 E575.38994
G1 X114.176 Y111.766 E575.41522
G1 X114.573 Y111.854 E575.44227
G1 X114.908 Y112.037 E575.46766
G1 X115.193 Y112.289 E575.49296
G1 X115.416 Y112.613 E575.51913
G1 X115.549 Y112.962 E575.54397
G1 X115.601 Y113.371 E575.5714
G1 X115.544 Y113.766 E575.59795
G1 X115.433 Y114.065 E575.61916
G1 X115.2 Y114.428 E575.64786
G1 X114.841 Y114.713 E575.67835
G1 F2406 X114.504 Y114.869 E575.70299
G1 F2526.3 X114.166 Y114.927 E575.72466
G1 F2659.3 X113.83 Y114.927 E575.74483
G0 F12000 X113.444 Y115.102
G0 X112.948 Y114.884
G0 X112.611 Y114.588
G0 X112.467 Y114.378
G0 X111.998 Y113.443
G1 F2313.3 X111.998 Y113.239 E575.75891
G0 F12000 X111.998 Y111.857
G1 F1558.4 X112.134 Y111.67 E575.7826
G0 F12000 X112 Y119.75
G1 F1794.4 X112.178 Y119.555 E575.80609
G1 X112.401 Y119.356 E575.83268
G1 X112.168 Y119.148 E575.86047
G1 X112 Y118.962 E575.88277
G1 X111.832 Y119.148 E575.90507
G1 X111.595 Y119.356 E575.93312
G1 X111.832 Y119.564 E575.96118
G1 X112 Y119.75 E575.98348
G0 F12000 X111.999 Y120.742
G1 F2400 X112.136 Y120.38 E576.00922
G1 X112.43 Y119.956 E576.04355
G1 X112.802 Y119.623 E576.07676
G1 X113.314 Y119.357 E576.11514
G1 X112.801 Y119.088 E576.15367
G1 X112.43 Y118.756 E576.18679
G1 X112.135 Y118.331 E576.2212
G1 X111.999 Y117.967 E576.24705
G1 X111.866 Y118.33 E576.27277
G1 X111.571 Y118.754 E576.30713
G1 X111.191 Y119.09 E576.34087
G1 X110.808 Y119.293 E576.3697
G1 X110.612 Y119.358 E576.38344
G1 X110.815 Y119.426 E576.39768
G1 X111.188 Y119.62 E576.42565
G1 X111.568 Y119.953 E576.45926
G1 X111.867 Y120.385 E576.49421
G1 X111.999 Y120.742 E576.51953
G0 F12000 X112 Y120.107
G0 X112 Y123.75
G1 F1794.4 X112.178 Y123.555 E576.54302
G1 X112.401 Y123.356 E576.56961
G1 X112.168 Y123.148 E576.5974
G1 X112 Y122.962 E576.6197
G1 X111.832 Y123.148 E576.642
G1 X111.595 Y123.356 E576.67005
G1 X111.832 Y123.564 E576.69811
G1 X112 Y123.75 E576.72041
G0 F12000 X111.999 Y124.742
G1 F2400 X112.136 Y124.38 E576.74615
G1 X112.43 Y123.956 E576.78047
G1 X112.802 Y123.623 E576.81369
G1 X113.314 Y123.357 E576.85207
G1 X112.801 Y123.088 E576.8906
G1 X112.43 Y122.756 E576.92372
G1 X112.135 Y122.331 E576.95813
G1 X111.999 Y121.967 E576.98398
G1 X111.866 Y122.33 E577.0097
G1 X111.571 Y122.754 E577.04405
G1 X111.191 Y123.09 E577.0778
G1 X110.808 Y123.293 E577.10663
G1 X110.612 Y123.358 E577.12037
G1 X110.815 Y123.426 E577.13461
G1 X111.188 Y123.62 E577.16258
G1 X111.568 Y123.953 E577.19619
G1 X111.867 Y124.385 E577.23113
G1 X111.999 Y124.742 E577.25645
G0 F12000 X112 Y124.107
G0 X112 Y127.75
G1 F1794.4 X112.178 Y127.555 E577.27994
G1 X112.401 Y127.356 E577.30654
G1 X112.168 Y127.148 E577.33432
G1 X112 Y126.962 E577.35662
G1 X111.832 Y127.148 E577.37892
G1 X111.595 Y127.356 E577.40698
G1 X111.832 Y127.564 E577.43503
G1 X112 Y127.75 E577.45733
G0 F12000 X111.999 Y128.742
G1 F2400 X112.136 Y128.38 E577.48308
G1 X112.43 Y127.956 E577.5174
G1 X112.802 Y127.623 E577.55061
G1 X113.314 Y127.357 E577.58899
G1 X112.801 Y127.088 E577.62753
G1 X112.43 Y126.756 E577.66064
G1 X112.135 Y126.331 E577.69506
G1 X111.999 Y125.967 E577.72091
G1 X111.866 Y126.33 E577.74662
G1 X111.571 Y126.754 E577.78098
G1 X111.191 Y127.09 E577.81473
G1 X110.808 Y127.293 E577.84356
G1 X110.612 Y127.358 E577.8573
G1 X110.815 Y127.426 E577.87154
G1 X111.188 Y127.62 E577.8995
G1 X111.568 Y127.953 E577.93311
G1 X111.867 Y128.385 E577.96806
G1 X111.999 Y128.742 E577.99338
G0 F12000 X112 Y128.107
G0 X111.998 Y132.045
G1 F2430.4 X112.262 Y131.67 E578.02351
G1 X111.999 Y131.439 E578.0465
G1 X111.734 Y131.67 E578.06959
G1 X111.998 Y132.045 E578.09972
G0 F12000 X111.998 Y133.239
G1 F2330.1 X112.031 Y132.999 E578.11632
G1 F2376.2 X112.208 Y132.433 E578.15616
G1 F2400 X112.514 Y132.012 E578.19078
G1 X112.764 Y131.783 E578.21333
G1 X112.983 Y131.636 E578.23088
G1 X112.595 Y131.431 E578.26007
G1 X112.212 Y131.098 E578.29383
G1 X112 Y130.838 E578.31615
G1 X111.788 Y131.098 E578.33846
G1 X111.398 Y131.434 E578.37271
G1 X111.014 Y131.636 E578.40157
G1 X111.231 Y131.783 E578.419
G1 X111.505 Y132.032 E578.44363
G1 X111.79 Y132.441 E578.47679
G1 F2376.2 X111.965 Y132.999 E578.51608
G1 F2330.1 X111.998 Y133.239 E578.53268
G1 F2313.3 X111.998 Y133.443 E578.54676
G0 F12000 X111.998 Y134.857
G1 F1553.4 X112.147 Y135.058 E578.57247
G0 F12000 X114.176 Y135.26
G0 X114.176 Y134.946
G1 F2400 X113.793 Y134.943 E578.59795
G1 X113.432 Y134.85 E578.62275
G1 X113.094 Y134.676 E578.64804
G1 X112.804 Y134.424 E578.6736
G1 X112.616 Y134.158 E578.69526
G1 X112.442 Y133.75 E578.72477
G1 X112.402 Y133.408 E578.74767
G1 X112.438 Y132.97 E578.77691
G1 X112.617 Y132.552 E578.80716
G1 X112.809 Y132.282 E578.82919
G1 X113.082 Y132.035 E578.85368
G1 F2455.2 X113.433 Y131.852 E578.87942
G1 F2573.7 X113.806 Y131.786 E578.90292
G1 F2637.4 X114.193 Y131.786 E578.92635
G1 F2580.6 X114.565 Y131.851 E578.94971
G1 F2461.5 X114.911 Y132.034 E578.97509
G1 F2400 X115.184 Y132.279 E578.99949
G1 X115.427 Y132.624 E579.02757
G1 X115.556 Y132.994 E579.05363
G1 X115.6 Y133.342 E579.07696
G1 X115.555 Y133.74 E579.10361
G1 X115.417 Y134.097 E579.12907
G1 X115.218 Y134.394 E579.15285
G1 X114.958 Y134.633 E579.17634
G1 X114.578 Y134.853 E579.20555
G1 X114.176 Y134.946 E579.233
G0 F12000 X114.176 Y135.26
G0 X112.389 Y135.38
G0 X111.643 Y137.218
G0 X111.389 Y137.588
G0 X111.052 Y137.884
G0 X110.829 Y138.002
G0 X110 Y138.26
G0 X110 Y137.945
G1 F2400 X109.876 Y137.948 E579.24125
G1 X109.493 Y137.87 E579.26725
G1 X109.159 Y137.715 E579.29174
G1 X108.796 Y137.427 E579.32257
G1 X108.572 Y137.084 E579.34982
G1 X108.442 Y136.746 E579.37391
G1 X108.395 Y136.349 E579.4005
G1 X108.445 Y135.973 E579.42573
G1 X108.58 Y135.612 E579.45137
G1 X108.795 Y135.298 E579.47668
G1 X109.087 Y135.029 E579.50309
G1 X109.453 Y134.854 E579.53008
G1 X109.099 Y134.688 E579.55609
G1 X108.793 Y134.412 E579.5835
G1 X108.616 Y134.158 E579.60409
G1 X108.442 Y133.75 E579.6336
G1 X108.402 Y133.408 E579.6565
G1 X108.438 Y132.97 E579.68574
G1 X108.617 Y132.552 E579.71599
G1 X108.809 Y132.282 E579.73803
G1 X109.082 Y132.035 E579.76251
G1 F2455.2 X109.433 Y131.852 E579.78825
G1 F2573.7 X109.806 Y131.786 E579.81175
G1 F2637.4 X110.193 Y131.786 E579.83518
G1 F2580.6 X110.565 Y131.851 E579.85854
G1 F2461.5 X110.911 Y132.034 E579.88392
G1 F2400 X111.184 Y132.279 E579.90833
G1 X111.379 Y132.552 E579.93064
G1 X111.558 Y132.97 E579.96089
G1 X111.594 Y133.408 E579.99012
G1 X111.554 Y133.75 E580.01303
G1 X111.38 Y134.158 E580.04253
G1 X111.203 Y134.412 E580.06313
G1 X110.901 Y134.684 E580.09016
G1 X110.545 Y134.854 E580.11641
G1 X110.913 Y135.032 E580.1436
G1 X111.201 Y135.298 E580.16968
G1 X111.415 Y135.612 E580.19496
G1 X111.553 Y135.977 E580.22091
G1 X111.597 Y136.35 E580.2459
G1 X111.553 Y136.748 E580.27253
G1 X111.424 Y137.084 E580.29648
G1 X111.2 Y137.427 E580.32373
G1 X110.841 Y137.713 E580.35426
G1 X110.504 Y137.87 E580.37899
G1 X110.224 Y137.94 E580.39819
G1 X110 Y137.945 E580.41309
G0 F12000 X110 Y138.26
G0 X109.341 Y138.092
G0 X108.948 Y137.884
G0 X108.611 Y137.588
G0 X108.357 Y137.218
G0 X108.267 Y136.982
G0 X107.866 Y135.037
G1 F1561 X107.998 Y134.857 E580.43592
G1 F2700 E575.43592
G0 F12000 X108.199 Y136.802
G0 X108.357 Y137.218
G0 X108.501 Y137.428
G0 X109.974 Y138.941
G0 X109.974 Y141.756
G0 X110 Y141.956
G1 F2700 E580.43592
G1 F2400 X123.6 Y141.956 E581.3406
G1 X123.6 Y79.756 E585.47816
G1 X115.725 Y79.756 E586.00201
G1 F2133.3 X115 Y79.806 E586.05639
G1 X115.659 Y80.02 E586.10824
G1 F2400 X116.12 Y80.415 E586.14862
G1 X116.344 Y80.863 E586.18194
G1 X116.4 Y81.256 E586.20835
G1 X116.4 Y82.939 E586.3203
G1 X117.053 Y83.013 E586.36402
G1 X117.439 Y83.146 E586.39118
G1 X117.722 Y83.294 E586.41242
G1 X118.094 Y83.551 E586.4425
G1 X118.481 Y83.987 E586.48128
G1 X118.749 Y84.502 E586.5199
G1 X118.859 Y84.953 E586.55078
G1 X118.901 Y85.407 E586.58111
G1 X118.848 Y85.838 E586.60999
G1 X118.741 Y86.225 E586.6367
G1 X118.483 Y86.721 E586.67389
G1 X118.167 Y87.077 E586.70556
G1 X117.843 Y87.349 E586.7337
G1 X117.502 Y87.531 E586.75941
G1 X117.082 Y87.691 E586.78931
G1 X116.62 Y87.748 E586.82027
G1 X116.4 Y87.748 E586.83491
G1 X116.4 Y89.502 E586.95158
G1 X116.325 Y89.912 E586.97931
G1 X116.12 Y90.297 E587.00832
G1 X115.84 Y90.577 E587.03466
G1 X115.539 Y90.749 E587.05773
G1 X115.196 Y90.851 E587.08153
G1 X99 Y90.856 E588.15889
G1 X98.692 Y90.822 E588.1795
G1 X98.341 Y90.692 E588.2044
G1 X97.986 Y90.422 E588.23407
G1 X97.707 Y89.995 E588.268
G1 X97.6 Y89.63 E588.2933
G1 X97.6 Y87.769 E588.4171
G1 X97.112 Y87.723 E588.4497
G1 X96.793 Y87.644 E588.47156
G1 X96.401 Y87.495 E588.49946
G1 X96.4 Y141.956 E592.12222
G1 X110 Y141.956 E593.0269
G0 F12000 X110 Y142.356
G1 F2400 X124 Y142.356 E593.95818
G1 X124 Y79.356 E598.14896
G1 X96 Y79.356 E600.01153
G1 X96 Y84.039 E600.32304
G1 X96.264 Y83.783 E600.3475
G1 X96.772 Y83.479 E600.38688
G1 X97.19 Y83.382 E600.41543
G1 X97.62 Y83.364 E600.44406
G1 X98 Y83.426 E600.46967
G1 X98 Y81.256 E600.61402
G1 X98.08 Y80.863 E600.6407
G1 X98.404 Y80.452 E600.67551
G1 X98.862 Y80.256 E600.70865
G1 X115 Y80.256 E601.78215
G1 X115.471 Y80.373 E601.81443
G1 X115.8 Y80.655 E601.84326
G1 X115.96 Y80.975 E601.86706
G1 X116 Y81.256 E601.88594
G1 X116 Y83.426 E602.03029
G1 X116.38 Y83.364 E602.0559
G1 X116.851 Y83.391 E602.08728
G1 X117.272 Y83.51 E602.11638
G1 X117.536 Y83.647 E602.13617
G1 X117.908 Y83.939 E602.16763
G1 X118.209 Y84.326 E602.20024
G1 X118.449 Y84.862 E602.23931
G1 X118.496 Y85.356 E602.27232
G1 X118.454 Y85.769 E602.29993
G1 X118.321 Y86.172 E602.32816
G1 X118.076 Y86.583 E602.35999
G1 X117.905 Y86.775 E602.37709
G1 X117.641 Y86.998 E602.40008
G1 X117.317 Y87.176 E602.42467
G1 X116.867 Y87.317 E602.45604
G1 X116.376 Y87.348 E602.48877
G1 X116.001 Y87.302 E602.5139
G1 X116 Y89.489 E602.65938
G1 X115.931 Y89.864 E602.68474
G1 X115.704 Y90.167 E602.70993
G1 X115.493 Y90.327 E602.72754
G1 X115.087 Y90.453 E602.75582
G1 X98.845 Y90.456 E603.83624
G1 X98.529 Y90.339 E603.85866
G1 X98.275 Y90.146 E603.87988
G1 X98.076 Y89.841 E603.9041
G1 X98 Y89.581 E603.92212
G1 X98 Y87.284 E604.07492
G1 X97.62 Y87.348 E604.10055
G1 X97.188 Y87.33 E604.12931
G1 X96.893 Y87.257 E604.14953
G1 X96.367 Y87.023 E604.18783
G1 X96 Y86.672 E604.22161
G1 X96 Y142.356 E607.92572
G1 X110 Y142.356 E608.85701
G0 F12000 X110 Y142.756
G1 F2400 X124.4 Y142.756 E609.8149
G1 X124.4 Y78.956 E614.05889
G1 X95.6 Y78.956 E615.97467
G1 X95.601 Y84.6 E616.35011
G1 F2560 X95.575 Y85.356 E616.39729
G1 X95.601 Y86.112 E616.44446
G1 F2400 X95.6 Y142.756 E620.21244
G1 X110 Y142.756 E621.17033
G1 F2700 E616.17033
G0 F12000 X110 Y142.447
G0 X105.82 Y141.756
G0 X105.877 Y135.924
G0 X105.82 Y135.26
G0 X105.82 Y134.946
G1 F2700 E621.17033
G1 F2400 X105.43 Y134.854 E621.19698
G1 X105.095 Y134.677 E621.22219
G1 X104.799 Y134.426 E621.248
G1 X104.579 Y134.097 E621.27433
G1 X104.442 Y133.729 E621.30045
G1 X104.396 Y133.344 E621.32624
G1 X104.439 Y132.997 E621.3495
G1 X104.576 Y132.612 E621.37669
G1 X104.809 Y132.282 E621.40356
G1 X105.082 Y132.035 E621.42805
G1 F2455.2 X105.433 Y131.852 E621.45379
G1 F2573.7 X105.806 Y131.786 E621.47728
G1 F2637.4 X106.193 Y131.786 E621.50071
G1 F2580.6 X106.565 Y131.851 E621.52407
G1 F2461.5 X106.911 Y132.034 E621.54946
G1 F2400 X107.184 Y132.279 E621.57386
G1 X107.379 Y132.552 E621.59618
G1 X107.558 Y132.97 E621.62642
G1 X107.594 Y133.408 E621.65566
G1 X107.554 Y133.75 E621.67856
G1 X107.38 Y134.158 E621.70807
G1 X107.143 Y134.474 E621.73434
G1 X106.902 Y134.676 E621.75526
G1 X106.573 Y134.853 E621.78011
G1 X106.203 Y134.943 E621.80544
G1 X105.82 Y134.946 E621.83092
G0 F12000 X105.82 Y135.26
G0 X106.659 Y135.092
G0 X107.052 Y134.884
G0 X107.389 Y134.588
G0 X107.533 Y134.378
G0 X107.998 Y133.443
G1 F2313.3 X107.998 Y133.239 E621.845
G0 F12000 X107.998 Y132.045
G1 F2430.4 X108.262 Y131.67 E621.87513
G1 X107.999 Y131.439 E621.89812
G1 X107.734 Y131.67 E621.92121
G1 X107.998 Y132.045 E621.95134
G0 F12000 X107.998 Y133.239
G1 F2330.1 X108.031 Y132.999 E621.96794
G1 F2376.2 X108.208 Y132.433 E622.00778
G1 F2400 X108.514 Y132.012 E622.0424
G1 X108.764 Y131.783 E622.06495
G1 X108.983 Y131.636 E622.0825
G1 X108.595 Y131.431 E622.11169
G1 X108.212 Y131.098 E622.14545
G1 X108 Y130.838 E622.16777
G1 X107.788 Y131.098 E622.19008
G1 X107.398 Y131.434 E622.22432
G1 X107.014 Y131.636 E622.25319
G1 X107.231 Y131.783 E622.27062
G1 X107.505 Y132.032 E622.29525
G1 X107.79 Y132.441 E622.32841
G1 F2376.2 X107.965 Y132.999 E622.3677
G1 F2330.1 X107.998 Y133.239 E622.3843
G0 F12000 X108 Y127.75
G1 F1794.4 X108.178 Y127.555 E622.40779
G1 X108.401 Y127.356 E622.43438
G1 X108.168 Y127.148 E622.46217
G1 X108 Y126.962 E622.48447
G1 X107.832 Y127.148 E622.50677
G1 X107.595 Y127.356 E622.53483
G1 X107.832 Y127.564 E622.56288
G1 X108 Y127.75 E622.58518
G0 F12000 X107.999 Y128.742
G1 F2400 X108.136 Y128.38 E622.61093
G1 X108.43 Y127.956 E622.64525
G1 X108.802 Y127.623 E622.67846
G1 X109.314 Y127.357 E622.71684
G1 X108.801 Y127.088 E622.75537
G1 X108.43 Y126.756 E622.78849
G1 X108.135 Y126.331 E622.8229
G1 X107.999 Y125.967 E622.84875
G1 X107.866 Y126.33 E622.87447
G1 X107.571 Y126.754 E622.90883
G1 X107.191 Y127.09 E622.94257
G1 X106.808 Y127.293 E622.97141
G1 X106.612 Y127.358 E622.98514
G1 X106.815 Y127.426 E622.99938
G1 X107.188 Y127.62 E623.02735
G1 X107.568 Y127.953 E623.06096
G1 X107.867 Y128.385 E623.09591
G1 X107.999 Y128.742 E623.12123
G0 F12000 X108 Y128.107
G0 X106.693 Y127.532
G0 X106.235 Y127.419
G0 X103.674 Y127.648
G1 F2442.7 X103.914 Y127.356 E623.14593
G1 X103.674 Y127.063 E623.17068
G1 X103.481 Y127.234 E623.18754
G1 X103.305 Y127.354 E623.20146
G1 X103.481 Y127.475 E623.21542
G1 X103.674 Y127.648 E623.23236
G0 F12000 X103.72 Y128.348
G1 F2400 X103.831 Y128.118 E623.24935
G1 X104.134 Y127.684 E623.28456
G1 X104.507 Y127.356 E623.3176
G1 X104.134 Y127.028 E623.35064
G1 X103.826 Y126.587 E623.38642
G1 X103.72 Y126.362 E623.40296
G1 X103.552 Y126.618 E623.42333
G1 X103.221 Y126.935 E623.45382
G1 X102.818 Y127.176 E623.48505
G1 F2388.1 X102.367 Y127.321 E623.51673
G1 F2341.5 X102.12 Y127.356 E623.53373
G1 F2330.1 X102.506 Y127.412 E623.56046
G1 F2376.2 X102.823 Y127.536 E623.58333
G1 F2400 X103.222 Y127.774 E623.61423
G1 X103.55 Y128.094 E623.64471
G1 X103.72 Y128.348 E623.66505
G0 F12000 X103.18 Y127.929
G0 X102.12 Y127.356
G1 F2285.7 X101.79 Y127.356 E623.6881
G0 F12000 X102.21 Y126.949
G1 F2400 X101.825 Y126.946 E623.71371
G1 X101.431 Y126.856 E623.74059
G1 X101.089 Y126.673 E623.76639
G1 X100.792 Y126.411 E623.79274
G1 X100.583 Y126.104 E623.81744
G1 X100.443 Y125.748 E623.84289
G1 X100.404 Y125.426 E623.86447
G1 X100.436 Y124.982 E623.89408
G1 X100.583 Y124.608 E623.92081
G1 X100.795 Y124.298 E623.94579
G1 X101.086 Y124.038 E623.97175
G1 X101.435 Y123.85 E623.99812
G1 X101.826 Y123.766 E624.02472
G1 X102.189 Y123.764 E624.04887
G1 X102.58 Y123.856 E624.07559
G1 X102.961 Y124.077 E624.10489
G1 X103.228 Y124.332 E624.12945
G1 X103.424 Y124.616 E624.1524
G1 F2412.1 X103.544 Y124.954 E624.17614
G1 F2480.6 X103.576 Y125.349 E624.20165
G1 F2474.2 X103.545 Y125.759 E624.22818
G1 F2400 X103.423 Y126.095 E624.25195
G1 X103.23 Y126.379 E624.2748
G1 X102.958 Y126.633 E624.29955
G1 X102.633 Y126.821 E624.32453
G1 X102.21 Y126.949 E624.35393
G0 F12000 X102.282 Y127.248
G0 X101.341 Y127.092
G0 X100.948 Y126.884
G0 X100.611 Y126.588
G0 X100.357 Y126.218
G0 X100.199 Y125.802
G0 X100.144 Y125.357
G0 X100.199 Y124.913
G0 X100.357 Y124.497
G0 X100.61 Y124.128
G0 X100.947 Y123.83
G0 X102.12 Y123.356
G1 F2285.7 X101.79 Y123.356 E624.37697
G0 F12000 X102.21 Y122.949
G1 F2400 X101.825 Y122.946 E624.40259
G1 X101.431 Y122.856 E624.42947
G1 X101.089 Y122.673 E624.45527
G1 X100.792 Y122.411 E624.48162
G1 X100.583 Y122.104 E624.50632
G1 X100.443 Y121.748 E624.53177
G1 X100.404 Y121.426 E624.55334
G1 X100.436 Y120.982 E624.58296
G1 X100.583 Y120.608 E624.60969
G1 X100.795 Y120.298 E624.63467
G1 X101.086 Y120.038 E624.66063
G1 X101.435 Y119.85 E624.687
G1 X101.826 Y119.766 E624.7136
G1 X102.189 Y119.764 E624.73775
G1 X102.58 Y119.856 E624.76447
G1 X102.961 Y120.077 E624.79377
G1 X103.228 Y120.332 E624.81833
G1 X103.424 Y120.616 E624.84128
G1 F2412.1 X103.544 Y120.954 E624.86502
G1 F2480.6 X103.576 Y121.349 E624.89053
G1 F2474.2 X103.545 Y121.759 E624.91706
G1 F2400 X103.423 Y122.095 E624.94083
G1 X103.23 Y122.379 E624.96368
G1 X102.958 Y122.633 E624.98843
G1 X102.633 Y122.821 E625.01341
G1 X102.21 Y122.949 E625.04281
G0 F12000 X102.282 Y123.248
G0 X103.674 Y123.648
G1 F2442.7 X103.914 Y123.356 E625.06751
G1 X103.674 Y123.063 E625.09226
G1 X103.481 Y123.234 E625.10911
G1 X103.305 Y123.354 E625.12304
G1 X103.481 Y123.475 E625.13699
G1 X103.674 Y123.648 E625.15393
G0 F12000 X103.72 Y124.348
G1 F2400 X103.831 Y124.118 E625.17092
G1 X104.134 Y123.684 E625.20613
G1 X104.507 Y123.356 E625.23917
G1 X104.134 Y123.028 E625.27221
G1 X103.826 Y122.587 E625.308
G1 X103.72 Y122.362 E625.32454
G1 X103.552 Y122.618 E625.34491
G1 X103.221 Y122.935 E625.3754
G1 X102.818 Y123.176 E625.40663
G1 F2388.1 X102.367 Y123.321 E625.4383
G1 F2341.5 X102.12 Y123.356 E625.45531
G1 F2330.1 X102.506 Y123.412 E625.48204
G1 F2376.2 X102.823 Y123.536 E625.5049
G1 F2400 X103.222 Y123.774 E625.53581
G1 X103.55 Y124.094 E625.56629
G1 X103.72 Y124.348 E625.58662
G0 F12000 X105.307 Y123.532
G0 X105.765 Y123.419
G0 X106.032 Y123.419
G0 X108 Y123.75
G1 F1794.4 X108.178 Y123.555 E625.61011
G1 X108.401 Y123.356 E625.63671
G1 X108.168 Y123.148 E625.66449
G1 X108 Y122.962 E625.68679
G1 X107.832 Y123.148 E625.70909
G1 X107.595 Y123.356 E625.73715
G1 X107.832 Y123.564 E625.7652
G1 X108 Y123.75 E625.7875
G0 F12000 X107.999 Y124.742
G1 F2400 X108.136 Y124.38 E625.81325
G1 X108.43 Y123.956 E625.84757
G1 X108.802 Y123.623 E625.88078
G1 X109.314 Y123.357 E625.91916
G1 X108.801 Y123.088 E625.9577
G1 X108.43 Y122.756 E625.99081
G1 X108.135 Y122.331 E626.02523
G1 X107.999 Y121.967 E626.05108
G1 X107.866 Y122.33 E626.07679
G1 X107.571 Y122.754 E626.11115
G1 X107.191 Y123.09 E626.14489
G1 X106.808 Y123.293 E626.17373
G1 X106.612 Y123.358 E626.18747
G1 X106.815 Y123.426 E626.20171
G1 X107.188 Y123.62 E626.22967
G1 X107.568 Y123.953 E626.26328
G1 X107.867 Y124.385 E626.29823
G1 X107.999 Y124.742 E626.32355
G0 F12000 X108 Y124.107
G0 X108 Y119.75
G1 F1794.4 X108.178 Y119.555 E626.34704
G1 X108.401 Y119.356 E626.37363
G1 X108.168 Y119.148 E626.40142
G1 X108 Y118.962 E626.42372
G1 X107.832 Y119.148 E626.44602
G1 X107.595 Y119.356 E626.47408
G1 X107.832 Y119.564 E626.50213
G1 X108 Y119.75 E626.52443
G0 F12000 X107.999 Y120.742
G1 F2400 X108.136 Y120.38 E626.55018
G1 X108.43 Y119.956 E626.5845
G1 X108.802 Y119.623 E626.61771
G1 X109.314 Y119.357 E626.65609
G1 X108.801 Y119.088 E626.69462
G1 X108.43 Y118.756 E626.72774
G1 X108.135 Y118.331 E626.76216
G1 X107.999 Y117.967 E626.788
G1 X107.866 Y118.33 E626.81372
G1 X107.571 Y118.754 E626.84808
G1 X107.191 Y119.09 E626.88182
G1 X106.808 Y119.293 E626.91066
G1 X106.612 Y119.358 E626.92439
G1 X106.815 Y119.426 E626.93863
G1 X107.188 Y119.62 E626.9666
G1 X107.568 Y119.953 E627.00021
G1 X107.867 Y120.385 E627.03516
G1 X107.999 Y120.742 E627.06048
G0 F12000 X108 Y120.107
G0 X108.047 Y129.357
G0 X108.105 Y129.824
G0 X108.271 Y130.265
G0 X108.423 Y130.484
G0 X109.445 Y131.613
G0 X110 Y131.423
G1 F2594.6 X109.729 Y131.423 E627.07715
G1 F2487 X109.259 Y131.331 E627.1079
G1 F2400 X108.796 Y131.079 E627.14296
G1 X108.432 Y130.758 E627.17525
G1 X108.136 Y130.331 E627.20981
G1 X107.999 Y129.967 E627.23568
G1 X107.866 Y130.33 E627.2614
G1 X107.57 Y130.755 E627.29585
G1 X107.2 Y131.079 E627.32856
G1 X106.744 Y131.328 E627.36312
G1 F2493.5 X106.27 Y131.422 E627.39406
G1 F2594.6 X105.729 Y131.423 E627.42735
G1 F2487 X105.259 Y131.331 E627.4581
G1 F2400 X104.796 Y131.079 E627.49316
G1 X104.423 Y130.742 E627.5266
G1 X104.137 Y130.335 E627.55969
G1 X103.952 Y129.848 E627.59434
G1 F2539.7 X103.925 Y129.288 E627.62959
G1 X103.959 Y128.845 E627.65752
G1 F2400 X104.137 Y128.378 E627.69076
G1 X104.414 Y127.981 E627.72296
G1 X104.797 Y127.625 E627.75775
G1 X105.314 Y127.357 E627.79648
G1 X104.797 Y127.086 E627.83531
G1 X104.414 Y126.731 E627.87005
G1 X104.137 Y126.334 E627.90225
G1 X103.952 Y125.848 E627.93684
G1 F2539.7 X103.925 Y125.288 E627.97209
G1 X103.959 Y124.845 E628.00002
G1 F2400 X104.137 Y124.378 E628.03326
G1 X104.414 Y123.981 E628.06546
G1 X104.797 Y123.625 E628.10025
G1 X105.314 Y123.357 E628.13898
G1 X104.797 Y123.086 E628.17781
G1 X104.414 Y122.731 E628.21255
G1 X104.137 Y122.334 E628.24475
G1 X103.952 Y121.848 E628.27935
G1 F2539.7 X103.925 Y121.288 E628.31459
G1 X103.959 Y120.845 E628.34252
G1 F2400 X104.137 Y120.378 E628.37576
G1 X104.414 Y119.981 E628.40796
G1 X104.797 Y119.625 E628.44275
G1 X105.314 Y119.357 E628.48149
G1 X104.797 Y119.086 E628.52031
G1 X104.414 Y118.731 E628.55505
G1 X104.137 Y118.334 E628.58725
G1 X103.952 Y117.848 E628.62185
G1 F2539.7 X103.925 Y117.288 E628.65709
G1 X103.959 Y116.845 E628.68502
G1 F2400 X104.137 Y116.378 E628.71826
G1 X104.419 Y115.974 E628.75104
G1 X104.798 Y115.625 E628.78531
G1 X105.256 Y115.387 E628.81964
G1 F2487 X105.714 Y115.29 E628.8497
G1 F2573.7 X106.28 Y115.29 E628.8848
G1 F2487 X106.744 Y115.388 E628.91525
G1 F2400 X107.198 Y115.632 E628.94953
G1 X107.567 Y115.952 E628.98202
G1 X107.867 Y116.384 E629.01701
G1 X107.999 Y116.742 E629.04239
G1 X108.136 Y116.38 E629.06814
G1 X108.43 Y115.956 E629.10246
G1 X108.802 Y115.623 E629.13567
G1 X109.256 Y115.387 E629.16971
G1 F2487 X109.714 Y115.29 E629.19976
G1 F2573.7 X110.28 Y115.29 E629.23487
G1 F2487 X110.744 Y115.388 E629.26531
G1 F2400 X111.198 Y115.632 E629.2996
G1 X111.567 Y115.952 E629.33209
G1 X111.867 Y116.384 E629.36707
G1 X111.999 Y116.742 E629.39246
G1 X112.136 Y116.38 E629.4182
G1 X112.43 Y115.956 E629.45252
G1 X112.802 Y115.623 E629.48574
G1 X113.256 Y115.387 E629.51977
G1 F2487 X113.714 Y115.29 E629.54982
G1 F2573.7 X114.28 Y115.29 E629.58493
G1 F2487 X114.744 Y115.388 E629.61538
G1 F2400 X115.198 Y115.632 E629.64966
G1 X115.581 Y115.974 E629.68382
G1 X115.871 Y116.391 E629.7176
G1 X116.039 Y116.872 E629.7515
G1 F2539.7 X116.071 Y117.288 E629.77772
G1 X116.044 Y117.843 E629.81265
G1 F2406 X115.869 Y118.324 E629.84662
G1 F2400 X115.566 Y118.76 E629.88194
G1 X115.191 Y119.09 E629.91516
G1 X114.808 Y119.293 E629.944
G1 X114.612 Y119.358 E629.95774
G1 X114.815 Y119.426 E629.97198
G1 X115.189 Y119.621 E630.00003
G1 X115.566 Y119.952 E630.03341
G1 X115.871 Y120.391 E630.06896
G1 X116.039 Y120.872 E630.10286
G1 F2539.7 X116.071 Y121.288 E630.12908
G1 X116.044 Y121.843 E630.16401
G1 F2406 X115.869 Y122.324 E630.19798
G1 F2400 X115.566 Y122.76 E630.23329
G1 X115.191 Y123.09 E630.26652
G1 X114.808 Y123.293 E630.29536
G1 X114.612 Y123.358 E630.30909
G1 X114.815 Y123.426 E630.32334
G1 X115.189 Y123.621 E630.35139
G1 X115.566 Y123.952 E630.38476
G1 X115.871 Y124.391 E630.42032
G1 X116.039 Y124.872 E630.45422
G1 F2539.7 X116.071 Y125.288 E630.48044
G1 X116.044 Y125.843 E630.51537
G1 F2406 X115.869 Y126.324 E630.54934
G1 F2400 X115.566 Y126.76 E630.58465
G1 X115.191 Y127.09 E630.61788
G1 X114.808 Y127.293 E630.64672
G1 X114.612 Y127.358 E630.66045
G1 X114.815 Y127.426 E630.67469
G1 X115.189 Y127.621 E630.70275
G1 X115.566 Y127.952 E630.73612
G1 X115.871 Y128.391 E630.77168
G1 X116.039 Y128.872 E630.80557
G1 F2539.7 X116.071 Y129.288 E630.8318
G1 X116.044 Y129.843 E630.86673
G1 F2406 X115.869 Y130.325 E630.90076
G1 F2400 X115.577 Y130.742 E630.93462
G1 X115.2 Y131.079 E630.96826
G1 X114.744 Y131.328 E631.00282
G1 F2493.5 X114.27 Y131.422 E631.03376
G1 F2594.6 X113.729 Y131.423 E631.06705
G1 F2487 X113.259 Y131.331 E631.09779
G1 F2400 X112.796 Y131.079 E631.13285
G1 X112.432 Y130.758 E631.16514
G1 X112.136 Y130.331 E631.1997
G1 X111.999 Y129.967 E631.22557
G1 X111.866 Y130.33 E631.25129
G1 X111.57 Y130.755 E631.28574
G1 X111.2 Y131.079 E631.31845
G1 X110.744 Y131.328 E631.35302
G1 F2493.5 X110.27 Y131.422 E631.38396
G1 F2594.6 X110 Y131.423 E631.40057
G1 F2700 E626.40057
G0 F12000 X109.445 Y131.613
G0 X108.947 Y131.83
G0 X108.61 Y132.128
G0 X108.357 Y132.497
G0 X108.199 Y132.913
G0 X108.144 Y133.357
G0 X108.144 Y136.357
G0 X108.199 Y136.802
G0 X108.357 Y137.218
G0 X108.611 Y137.588
G0 X108.948 Y137.884
G0 X109.341 Y138.092
G0 X109.776 Y138.199
G0 X110.224 Y138.199
G0 X110.659 Y138.092
G0 X111.052 Y137.884
G0 X111.389 Y137.588
G0 X111.643 Y137.218
G0 X112.611 Y134.588
G0 X112.948 Y134.884
G0 X113.341 Y135.092
G0 X113.776 Y135.199
G0 X114.224 Y135.199
G0 X114.659 Y135.092
G0 X115.052 Y134.884
G0 X115.389 Y134.588
G0 X115.643 Y134.218
G0 X115.801 Y133.802
G0 X116.086 Y130.452
G0 X117.341 Y131.092
G0 X117.776 Y131.199
G0 X118.224 Y131.199
G0 X118.659 Y131.092
G0 X119.052 Y130.884
G0 X119.389 Y130.588
G0 X119.643 Y130.218
G0 X119.801 Y129.802
G0 X119.856 Y129.357
G0 X119.801 Y128.913
G0 X119.643 Y128.497
G0 X119.39 Y128.128
G0 X119.053 Y127.83
G0 X118.658 Y127.622
G0 X118.222 Y127.516
G0 X116.324 Y127.641
G1 F2700 E631.40057
G1 F2449 X116.674 Y127.348 E631.43032
G1 X116.324 Y127.066 E631.45963
G1 X116.085 Y127.356 E631.48412
G1 X116.324 Y127.641 E631.50837
G0 F12000 X116.278 Y128.345
G1 F2400 X116.502 Y128.012 E631.53507
G1 X116.859 Y127.708 E631.56626
G1 X117.285 Y127.476 E631.59853
G1 F2330.1 X117.79 Y127.356 E631.63409
G1 F2296.7 X117.282 Y127.231 E631.67046
G1 F2364.5 X116.86 Y127.001 E631.70291
G1 F2400 X116.499 Y126.698 E631.73426
G1 X116.278 Y126.368 E631.76068
G1 X116.173 Y126.587 E631.77683
G1 X115.86 Y127.034 E631.81313
G1 X115.489 Y127.356 E631.84581
G1 X115.86 Y127.678 E631.87849
G1 X116.168 Y128.118 E631.91422
G1 X116.278 Y128.345 E631.931
G0 F12000 X116.657 Y128.052
G0 X117.79 Y127.356
G1 F2285.7 X118.12 Y127.356 E631.95404
G0 F12000 X118.21 Y126.949
G1 F2400 X117.825 Y126.946 E631.97966
G1 X117.431 Y126.856 E632.00654
G1 X117.089 Y126.673 E632.03234
G1 X116.797 Y126.424 E632.05787
G1 X116.573 Y126.096 E632.08429
G1 X116.451 Y125.759 E632.10813
G1 F2474.2 X116.42 Y125.349 E632.13466
G1 F2480.6 X116.452 Y124.954 E632.16017
G1 F2418.1 X116.574 Y124.615 E632.18395
G1 F2406 X116.802 Y124.283 E632.21068
G1 F2400 X117.086 Y124.038 E632.23563
G1 X117.435 Y123.85 E632.262
G1 X117.826 Y123.766 E632.2886
G1 X118.189 Y123.764 E632.31275
G1 X118.58 Y123.856 E632.33947
G1 X118.961 Y124.077 E632.36877
G1 X119.201 Y124.298 E632.39047
G1 X119.381 Y124.554 E632.41129
G1 X119.557 Y124.969 E632.44127
G1 X119.596 Y125.356 E632.46715
G1 X119.556 Y125.742 E632.49296
G1 X119.413 Y126.104 E632.51885
G1 X119.204 Y126.411 E632.54356
G1 X118.958 Y126.633 E632.5656
G1 X118.633 Y126.821 E632.59057
G1 X118.21 Y126.949 E632.61997
G0 F12000 X118.282 Y127.248
G0 X119.052 Y126.884
G0 X119.389 Y126.588
G0 X119.643 Y126.218
G0 X119.801 Y125.802
G0 X119.856 Y125.357
G0 X119.801 Y124.913
G0 X119.643 Y124.497
G0 X119.39 Y124.128
G0 X119.117 Y123.887
G0 X118.12 Y123.356
G1 F2285.7 X117.79 Y123.356 E632.64302
G0 F12000 X118.21 Y122.949
G1 F2400 X117.825 Y122.946 E632.66863
G1 X117.431 Y122.856 E632.69552
G1 X117.089 Y122.673 E632.72132
G1 X116.797 Y122.424 E632.74685
G1 X116.573 Y122.096 E632.77327
G1 X116.451 Y121.759 E632.79711
G1 F2474.2 X116.42 Y121.349 E632.82364
G1 F2480.6 X116.452 Y120.954 E632.84914
G1 F2418.1 X116.574 Y120.615 E632.87293
G1 F2406 X116.802 Y120.283 E632.89965
G1 F2400 X117.086 Y120.038 E632.9246
G1 X117.435 Y119.85 E632.95097
G1 X117.826 Y119.766 E632.97758
G1 X118.189 Y119.764 E633.00172
G1 X118.58 Y119.856 E633.02844
G1 X118.961 Y120.077 E633.05774
G1 X119.201 Y120.298 E633.07944
G1 X119.381 Y120.554 E633.10026
G1 X119.557 Y120.969 E633.13025
G1 X119.596 Y121.356 E633.15612
G1 X119.556 Y121.742 E633.18194
G1 X119.413 Y122.104 E633.20783
G1 X119.204 Y122.411 E633.23253
G1 X118.958 Y122.633 E633.25457
G1 X118.633 Y122.821 E633.27955
G1 X118.21 Y122.949 E633.30895
G0 F12000 X118.282 Y123.248
G0 X116.324 Y123.641
G1 F2449 X116.674 Y123.348 E633.3387
G1 X116.324 Y123.066 E633.36801
G1 X116.085 Y123.356 E633.3925
G1 X116.324 Y123.641 E633.41675
G0 F12000 X116.278 Y124.345
G1 F2400 X116.502 Y124.012 E633.44345
G1 X116.859 Y123.708 E633.47464
G1 X117.285 Y123.476 E633.50691
G1 F2330.1 X117.79 Y123.356 E633.54247
G1 F2296.7 X117.282 Y123.231 E633.57884
G1 F2364.5 X116.86 Y123.001 E633.61129
G1 F2400 X116.499 Y122.698 E633.64264
G1 X116.278 Y122.368 E633.66906
G1 X116.173 Y122.587 E633.68521
G1 X115.86 Y123.034 E633.72151
G1 X115.489 Y123.356 E633.75419
G1 X115.86 Y123.678 E633.78687
G1 X116.168 Y124.118 E633.8226
G1 X116.278 Y124.345 E633.83937
G0 F12000 X117.776 Y123.199
G0 X118.224 Y123.199
G0 X118.659 Y123.092
G0 X119.052 Y122.884
G0 X119.389 Y122.588
G0 X119.643 Y122.218
G0 X119.801 Y121.802
G0 X119.856 Y121.357
G0 X119.801 Y120.913
G0 X119.643 Y120.497
G0 X119.39 Y120.128
G0 X119.053 Y119.83
G0 X118.658 Y119.622
G0 X118.222 Y119.516
G0 X116.324 Y119.641
G1 F2449 X116.674 Y119.348 E633.86913
G1 X116.324 Y119.066 E633.89843
G1 X116.085 Y119.356 E633.92293
G1 X116.324 Y119.641 E633.94718
G0 F12000 X116.278 Y120.345
G1 F2400 X116.502 Y120.012 E633.97387
G1 X116.859 Y119.708 E634.00506
G1 X117.285 Y119.476 E634.03733
G1 F2330.1 X117.79 Y119.356 E634.0729
G1 F2296.7 X117.282 Y119.231 E634.10926
G1 F2364.5 X116.86 Y119.001 E634.14171
G1 F2400 X116.499 Y118.698 E634.17306
G1 X116.278 Y118.368 E634.19948
G1 X116.173 Y118.587 E634.21564
G1 X115.86 Y119.034 E634.25194
G1 X115.489 Y119.356 E634.28462
G1 X115.86 Y119.678 E634.31729
G1 X116.168 Y120.118 E634.35302
G1 X116.278 Y120.345 E634.3698
G0 F12000 X116.657 Y120.052
G0 X117.79 Y119.356
G1 F2285.7 X118.12 Y119.356 E634.39285
G0 F12000 X118.21 Y118.949
G1 F2400 X117.825 Y118.946 E634.41846
G1 X117.431 Y118.856 E634.44535
G1 X117.089 Y118.673 E634.47115
G1 X116.797 Y118.424 E634.49668
G1 X116.573 Y118.096 E634.5231
G1 X116.451 Y117.759 E634.54694
G1 F2474.2 X116.42 Y117.349 E634.57347
G1 F2480.6 X116.452 Y116.954 E634.59897
G1 F2412.1 X116.574 Y116.615 E634.62282
G1 F2400 X116.803 Y116.282 E634.6497
G1 X117.095 Y116.032 E634.67527
G1 X117.433 Y115.854 E634.70068
G1 X117.835 Y115.765 E634.72807
G1 X118.167 Y115.765 E634.75016
G1 X118.531 Y115.845 E634.77495
G1 X118.849 Y116.001 E634.79851
G1 X119.143 Y116.238 E634.82363
G1 X119.379 Y116.552 E634.84976
G1 X119.557 Y116.969 E634.87992
G1 X119.596 Y117.356 E634.90579
G1 X119.556 Y117.742 E634.93161
G1 X119.413 Y118.104 E634.9575
G1 X119.204 Y118.411 E634.9822
G1 X118.958 Y118.633 E635.00425
G1 X118.633 Y118.821 E635.02922
G1 X118.21 Y118.949 E635.05862
G0 F12000 X118.282 Y119.248
G0 X119.39 Y120.128
G0 X119.643 Y120.497
G0 X119.801 Y120.913
G0 X119.856 Y121.357
G0 X119.39 Y124.128
G0 X119.643 Y124.497
G0 X119.801 Y124.913
G0 X119.856 Y125.357
G0 X119.39 Y128.128
G0 X119.643 Y128.497
G0 X119.801 Y128.913
G0 X119.856 Y129.357
G0 X119.801 Y129.802
G0 X119.643 Y130.218
G0 X119.389 Y130.588
G0 X119.052 Y130.884
G0 X118.733 Y131.052
G0 X117.832 Y131.26
G0 X117.832 Y130.947
G1 F2400 X117.427 Y130.852 E635.08629
G1 X117.099 Y130.68 E635.11093
G1 X116.797 Y130.425 E635.13722
G1 X116.573 Y130.095 E635.16375
G1 X116.451 Y129.759 E635.18753
G1 F2474.2 X116.42 Y129.349 E635.21406
G1 F2480.6 X116.452 Y128.954 E635.23957
G1 F2418.1 X116.574 Y128.615 E635.26335
G1 F2406 X116.802 Y128.283 E635.29008
G1 F2400 X117.086 Y128.038 E635.31503
G1 X117.435 Y127.85 E635.3414
G1 X117.826 Y127.766 E635.368
G1 X118.189 Y127.764 E635.39215
G1 X118.58 Y127.856 E635.41887
G1 X118.961 Y128.077 E635.44817
G1 X119.201 Y128.298 E635.46987
G1 X119.381 Y128.554 E635.49069
G1 X119.557 Y128.969 E635.52067
G1 X119.596 Y129.356 E635.54655
G1 X119.56 Y129.7 E635.56955
G1 X119.446 Y130.031 E635.59284
G1 X119.205 Y130.422 E635.62339
G1 X118.841 Y130.713 E635.65439
G1 X118.531 Y130.862 E635.67727
G1 X118.202 Y130.947 E635.69988
G1 X117.832 Y130.947 E635.72449
G0 F12000 X117.832 Y131.26
G0 X115.337 Y131.296
G0 X115.801 Y132.913
G0 X115.856 Y133.357
G0 X115.801 Y133.802
G0 X115.643 Y134.218
G0 X115.389 Y134.588
G0 X115.052 Y134.884
G0 X114.659 Y135.092
G0 X114.224 Y135.199
G0 X111.643 Y135.497
G0 X111.801 Y135.913
G0 X111.856 Y136.357
G0 X111.801 Y136.802
G0 X111.643 Y137.218
G0 X111.389 Y137.588
G0 X111.052 Y137.884
G0 X110.659 Y138.092
G0 X110.224 Y138.199
G0 X109.776 Y138.199
G0 X109.341 Y138.092
G0 X108.948 Y137.884
G0 X108.611 Y137.588
G0 X108.357 Y137.218
G0 X107.389 Y134.588
G0 X107.052 Y134.884
G0 X106.659 Y135.092
G0 X106.224 Y135.199
G0 X105.776 Y135.199
G0 X105.341 Y135.092
G0 X104.948 Y134.884
G0 X104.611 Y134.588
G0 X104.357 Y134.218
G0 X104.199 Y133.802
G0 X104.144 Y133.357
G0 X104.199 Y132.913
G0 X104.586 Y131.416
G0 X102.28 Y131.248
G0 X102.207 Y130.947
G1 F2400 X101.797 Y130.947 E635.75176
G1 X101.48 Y130.866 E635.77353
G1 X101.159 Y130.715 E635.79713
G1 X100.791 Y130.423 E635.82837
G1 X100.55 Y130.031 E635.85898
G1 X100.437 Y129.7 E635.88225
G1 X100.404 Y129.426 E635.90061
G1 X100.436 Y128.982 E635.93022
G1 X100.583 Y128.608 E635.95695
G1 X100.795 Y128.298 E635.98193
G1 X101.086 Y128.038 E636.00789
G1 X101.435 Y127.85 E636.03426
G1 X101.826 Y127.766 E636.06086
G1 X102.189 Y127.764 E636.08501
G1 X102.58 Y127.856 E636.11173
G1 X102.961 Y128.077 E636.14103
G1 X103.228 Y128.332 E636.16559
G1 X103.424 Y128.616 E636.18854
G1 F2412.1 X103.544 Y128.954 E636.21228
G1 F2480.6 X103.576 Y129.349 E636.23779
G1 F2474.2 X103.545 Y129.759 E636.26432
G1 F2400 X103.423 Y130.095 E636.2881
G1 X103.199 Y130.425 E636.31463
G1 X102.898 Y130.68 E636.34087
G1 X102.599 Y130.837 E636.36334
G1 X102.207 Y130.947 E636.39042
G0 F12000 X102.28 Y131.248
G0 X101.341 Y131.092
G0 X100.948 Y130.884
G0 X100.611 Y130.588
G0 X100.357 Y130.218
G0 X100.199 Y129.802
G0 X100.144 Y129.357
G0 X100.611 Y126.588
G0 X100.357 Y126.218
G0 X100.199 Y125.802
G0 X100.144 Y125.357
G0 X100.611 Y122.588
G0 X100.357 Y122.218
G0 X100.199 Y121.802
G0 X100.144 Y121.357
G0 X100.199 Y120.913
G0 X100.357 Y120.497
G0 X100.61 Y120.128
G0 X100.947 Y119.83
G0 X101.342 Y119.622
G0 X101.778 Y119.516
G0 X103.674 Y119.648
G1 F2442.7 X103.914 Y119.356 E636.41512
G1 X103.674 Y119.063 E636.43988
G1 X103.481 Y119.234 E636.45673
G1 X103.305 Y119.354 E636.47065
G1 X103.481 Y119.475 E636.48461
G1 X103.674 Y119.648 E636.50155
G0 F12000 X103.72 Y120.348
G1 F2400 X103.831 Y120.118 E636.51854
G1 X104.134 Y119.684 E636.55375
G1 X104.507 Y119.356 E636.58679
G1 X104.134 Y119.028 E636.61983
G1 X103.826 Y118.587 E636.65561
G1 X103.72 Y118.362 E636.67215
G1 X103.552 Y118.618 E636.69252
G1 X103.221 Y118.935 E636.72301
G1 X102.818 Y119.176 E636.75425
G1 F2388.1 X102.367 Y119.321 E636.78592
G1 F2341.5 X102.12 Y119.356 E636.80293
G1 F2330.1 X102.506 Y119.412 E636.82965
G1 F2376.2 X102.823 Y119.536 E636.85252
G1 F2400 X103.222 Y119.774 E636.88342
G1 X103.55 Y120.094 E636.91391
G1 X103.72 Y120.348 E636.93424
G0 F12000 X103.18 Y119.929
G0 X102.12 Y119.356
G1 F2285.7 X101.79 Y119.356 E636.95729
G0 F12000 X100.947 Y119.83
G0 X100.61 Y120.128
G0 X100.357 Y120.497
G0 X100.199 Y120.913
G0 X100.144 Y121.357
G0 X100.61 Y124.128
G0 X100.357 Y124.497
G0 X100.199 Y124.913
G0 X100.144 Y125.357
G0 X100.61 Y128.128
G0 X100.357 Y128.497
G0 X100.199 Y128.913
G0 X100.144 Y129.357
G0 X100.199 Y129.802
G0 X100.357 Y130.218
G0 X100.611 Y130.588
G0 X100.948 Y130.884
G0 X101.341 Y131.092
G0 X101.776 Y131.199
G0 X104.663 Y131.296
G0 X104.199 Y132.913
G0 X104.144 Y133.357
G0 X104.199 Y133.802
G0 X104.357 Y134.218
G0 X104.611 Y134.588
G0 X104.948 Y134.884
G0 X105.341 Y135.092
G0 X105.776 Y135.199
G0 X108.357 Y135.497
G0 X108.199 Y135.913
G0 X108.144 Y136.357
G0 X108.199 Y136.802
G0 X108.357 Y137.218
G0 X108.563 Y137.518
G0 X110 Y138.743
G1 F2400 X109.876 Y138.748 E636.96554
G1 X109.415 Y138.69 E636.99645
G1 X108.89 Y138.491 E637.0338
G1 X108.408 Y138.166 E637.07247
G1 X108.09 Y137.807 E637.10437
G1 X107.853 Y137.434 E637.13377
G1 X107.664 Y136.952 E637.16821
G1 X107.595 Y136.405 E637.20488
G1 X107.647 Y135.842 E637.24249
G1 F2364.5 X107.796 Y135.398 E637.27411
G1 F1860.5 X107.866 Y135.037 E637.30567
G1 X107.523 Y135.209 E637.33859
G1 F2364.5 X107.21 Y135.423 E637.36419
G1 F2400 X106.798 Y135.624 E637.39469
G1 X106.264 Y135.746 E637.43113
G1 X105.689 Y135.743 E637.46938
G1 X105.293 Y135.644 E637.49653
G1 X105.008 Y135.536 E637.5168
G1 X104.646 Y135.339 E637.54422
G1 X104.329 Y135.077 E637.57157
G1 X104.153 Y134.893 E637.58851
G1 X103.861 Y134.475 E637.62243
G1 X103.689 Y134.008 E637.65553
G1 X103.637 Y133.759 E637.67246
G1 X103.594 Y133.353 E637.69961
G1 X103.663 Y132.771 E637.7386
G1 X103.863 Y132.241 E637.77628
G1 X104.098 Y131.896 E637.80405
G1 X104.277 Y131.686 E637.82241
G1 X103.856 Y131.318 E637.8596
G1 X103.674 Y131.069 E637.88012
G1 X103.366 Y131.34 E637.90741
G1 X102.849 Y131.606 E637.94608
G1 X102.29 Y131.745 E637.9844
G1 X101.677 Y131.744 E638.02518
G1 X101.235 Y131.628 E638.05557
G1 X100.796 Y131.428 E638.08767
G1 X100.408 Y131.166 E638.11881
G1 X100.012 Y130.72 E638.15848
G1 X99.752 Y130.218 E638.19609
G1 X99.649 Y129.838 E638.22228
G1 X99.595 Y129.409 E638.25104
G1 X99.637 Y128.953 E638.2815
G1 X99.717 Y128.624 E638.30403
G1 X99.898 Y128.182 E638.3358
G1 X100.23 Y127.719 E638.3737
G1 X100.654 Y127.36 E638.41065
G1 X100.182 Y126.949 E638.45229
G1 X99.878 Y126.482 E638.48935
G1 X99.717 Y126.088 E638.51767
G1 X99.649 Y125.838 E638.5349
G1 X99.595 Y125.409 E638.56366
G1 X99.637 Y124.953 E638.59412
G1 X99.717 Y124.624 E638.61665
G1 X99.898 Y124.182 E638.64842
G1 X100.23 Y123.719 E638.68632
G1 X100.654 Y123.36 E638.72327
G1 X100.182 Y122.949 E638.76491
G1 X99.878 Y122.482 E638.80197
G1 X99.717 Y122.088 E638.83029
G1 X99.649 Y121.838 E638.84752
G1 X99.595 Y121.409 E638.87628
G1 X99.637 Y120.953 E638.90674
G1 X99.717 Y120.624 E638.92927
G1 X99.898 Y120.182 E638.96104
G1 X100.23 Y119.719 E638.99894
G1 X100.654 Y119.36 E639.03589
G1 X100.182 Y118.949 E639.07753
G1 X99.878 Y118.482 E639.11459
G1 X99.717 Y118.088 E639.14291
G1 X99.649 Y117.838 E639.16014
G1 X99.595 Y117.409 E639.1889
G1 X99.637 Y116.953 E639.21936
G1 X99.745 Y116.507 E639.24989
G1 X100.015 Y115.988 E639.28881
G1 X100.402 Y115.55 E639.32769
G1 X100.867 Y115.231 E639.3652
G1 X101.235 Y115.08 E639.39166
G1 X101.686 Y114.969 E639.42255
G1 X102.269 Y114.962 E639.46134
G1 X102.859 Y115.105 E639.50172
G1 X103.346 Y115.367 E639.53851
G1 X103.674 Y115.639 E639.56685
G1 X103.856 Y115.394 E639.58715
G1 X104.277 Y115.026 E639.62435
G1 X104.09 Y114.808 E639.64345
G1 X103.863 Y114.47 E639.67054
G1 X103.66 Y113.927 E639.7091
G1 X103.594 Y113.357 E639.74727
G1 X103.655 Y112.811 E639.78382
G1 X103.84 Y112.291 E639.82053
G1 X104.157 Y111.803 E639.85924
G1 X104.586 Y111.403 E639.89826
G1 X105.146 Y111.096 E639.94074
G1 X105.73 Y110.963 E639.98058
G1 X106.27 Y110.967 E640.0165
G1 X106.68 Y111.057 E640.04443
G1 X107.015 Y111.184 E640.06826
G1 X107.354 Y111.373 E640.09408
G1 X107.496 Y111.485 E640.10611
G1 F1875 X107.862 Y111.67 E640.14103
G1 X107.791 Y111.283 E640.17453
G1 F2400 X107.671 Y110.941 E640.19864
G1 X107.586 Y110.366 E640.2373
G1 X107.665 Y109.761 E640.27789
G1 X107.87 Y109.227 E640.31594
G1 X108.203 Y108.743 E640.35502
G1 X108.637 Y108.369 E640.39313
G1 X109.077 Y108.139 E640.42616
G1 X109.32 Y108.057 E640.44322
G1 X109.715 Y107.968 E640.47015
G1 X110.289 Y107.968 E640.50833
G1 X110.863 Y108.107 E640.54762
G1 X111.368 Y108.375 E640.58565
G1 X111.816 Y108.776 E640.62564
G1 X112.121 Y109.218 E640.66137
G1 X112.33 Y109.753 E640.69957
G1 X112.41 Y110.362 E640.74043
G1 X112.328 Y110.93 E640.77861
G1 X112.207 Y111.283 E640.80343
G1 F1875 X112.134 Y111.67 E640.83696
G1 X112.499 Y111.483 E640.87188
G1 F2400 X112.641 Y111.373 E640.88383
G1 X113.151 Y111.094 E640.9225
G1 X113.732 Y110.967 E640.96206
G1 X114.295 Y110.969 E640.99951
G1 X114.858 Y111.098 E641.03793
G1 X115.361 Y111.377 E641.0762
G1 X115.756 Y111.71 E641.11056
G1 X116.135 Y112.23 E641.15337
G1 X116.334 Y112.779 E641.19221
G1 X116.402 Y113.354 E641.23073
G1 X116.337 Y113.923 E641.26882
G1 X116.134 Y114.468 E641.30751
G1 X115.907 Y114.808 E641.3347
G1 X115.719 Y115.026 E641.35385
G1 X116.15 Y115.4 E641.39181
G1 X116.31 Y115.622 E641.41002
G1 X116.716 Y115.326 E641.44344
G1 X117.149 Y115.102 E641.47587
G1 X117.715 Y114.967 E641.51458
G1 X118.302 Y114.968 E641.55362
G1 X118.764 Y115.08 E641.58525
G1 X119.138 Y115.235 E641.61218
G1 X119.595 Y115.552 E641.64917
G1 X119.982 Y115.988 E641.68795
G1 X120.253 Y116.512 E641.7272
G1 X120.359 Y116.953 E641.75737
G1 X120.401 Y117.407 E641.7877
G1 X120.348 Y117.838 E641.81658
G1 X120.28 Y118.088 E641.83382
G1 X120.118 Y118.482 E641.86215
G1 X119.85 Y118.893 E641.89479
G1 X119.561 Y119.184 E641.92207
G1 X119.334 Y119.339 E641.94036
G1 X119.775 Y119.731 E641.97961
G1 X120.099 Y120.183 E642.0166
G1 X120.28 Y120.624 E642.04831
G1 X120.359 Y120.953 E642.07082
G1 X120.401 Y121.407 E642.10115
G1 X120.348 Y121.838 E642.13004
G1 X120.28 Y122.088 E642.14727
G1 X120.118 Y122.482 E642.17561
G1 X119.85 Y122.893 E642.20825
G1 X119.561 Y123.184 E642.23553
G1 X119.334 Y123.339 E642.25381
G1 X119.775 Y123.731 E642.29306
G1 X120.099 Y124.183 E642.33006
G1 X120.28 Y124.624 E642.36177
G1 X120.359 Y124.953 E642.38427
G1 X120.401 Y125.407 E642.4146
G1 X120.348 Y125.838 E642.44349
G1 X120.28 Y126.088 E642.46072
G1 X120.118 Y126.482 E642.48906
G1 X119.85 Y126.893 E642.5217
G1 X119.561 Y127.184 E642.54898
G1 X119.334 Y127.339 E642.56727
G1 X119.775 Y127.731 E642.60651
G1 X120.099 Y128.183 E642.64351
G1 X120.28 Y128.624 E642.67522
G1 X120.359 Y128.953 E642.69773
G1 X120.401 Y129.407 E642.72806
G1 X120.348 Y129.838 E642.75694
G1 X120.246 Y130.214 E642.78286
G1 X119.982 Y130.722 E642.82094
G1 X119.589 Y131.165 E642.86033
G1 X119.125 Y131.481 E642.89768
G1 X118.764 Y131.628 E642.9236
G1 X118.306 Y131.744 E642.95503
G1 X117.706 Y131.745 E642.99495
G1 X117.149 Y131.606 E643.03313
G1 X116.631 Y131.34 E643.07187
G1 X116.325 Y131.072 E643.09893
G1 X116.141 Y131.32 E643.11947
G1 X115.719 Y131.687 E643.15667
G1 X115.899 Y131.895 E643.17497
G1 X116.148 Y132.268 E643.2048
G1 X116.333 Y132.771 E643.24045
G1 X116.402 Y133.355 E643.27957
G1 X116.337 Y133.929 E643.318
G1 X116.137 Y134.472 E643.35649
G1 X115.844 Y134.893 E643.39061
G1 X115.57 Y135.178 E643.41691
G1 X115.114 Y135.489 E643.45362
G1 X114.702 Y135.645 E643.48293
G1 X114.28 Y135.749 E643.51184
G1 X113.723 Y135.744 E643.54889
G1 X113.201 Y135.623 E643.58454
G1 X112.702 Y135.383 E643.62137
G1 X112.513 Y135.237 E643.63726
G1 F1871.3 X112.147 Y135.058 E643.67202
G1 X112.212 Y135.445 E643.7055
G1 F2400 X112.348 Y135.844 E643.73354
G1 X112.402 Y136.394 E643.7703
G1 X112.331 Y136.96 E643.80824
G1 X112.143 Y137.434 E643.84216
G1 X111.906 Y137.808 E643.87162
G1 X111.589 Y138.165 E643.90338
G1 X111.113 Y138.489 E643.94168
G1 X110.701 Y138.645 E643.97098
G1 X110.362 Y138.728 E643.9942
G1 X110 Y138.743 E644.0183
G0 F12000 X110 Y138.344
G1 F2400 X109.876 Y138.348 E644.02655
G1 X109.49 Y138.3 E644.05243
G1 X108.978 Y138.072 E644.08971
G1 X108.591 Y137.775 E644.12216
G1 X108.421 Y137.583 E644.13922
G1 X108.213 Y137.259 E644.16483
G1 X108.052 Y136.846 E644.19432
G1 X107.996 Y136.389 E644.22495
G1 X108.042 Y135.918 E644.25643
G1 X108.214 Y135.429 E644.29091
G1 X108.491 Y135.038 E644.32278
G1 X108.683 Y134.855 E644.34043
G1 X108.49 Y134.673 E644.35807
G1 X108.205 Y134.27 E644.39091
G1 F2388.1 X108.033 Y133.712 E644.42994
G1 F2352.9 X107.998 Y133.443 E644.44835
G1 X107.963 Y133.712 E644.46675
G1 F2388.1 X107.79 Y134.273 E644.506
G1 F2400 X107.465 Y134.726 E644.54309
G1 X107.094 Y135.035 E644.57521
G1 X106.672 Y135.242 E644.60647
G1 X106.225 Y135.347 E644.63702
G1 X105.775 Y135.348 E644.66695
G1 X105.29 Y135.232 E644.70012
G1 X104.87 Y135.008 E644.73179
G1 X104.506 Y134.704 E644.76333
G1 X104.204 Y134.252 E644.7995
G1 X104.045 Y133.813 E644.83055
G1 X103.994 Y133.336 E644.86247
G1 X104.053 Y132.872 E644.89358
G1 X104.219 Y132.427 E644.92517
G1 X104.482 Y132.041 E644.95624
G1 X104.764 Y131.783 E644.98167
G1 X104.983 Y131.636 E644.99921
G1 X104.595 Y131.432 E645.02837
G1 X104.147 Y131.041 E645.06793
G1 X103.826 Y130.587 E645.10492
G1 X103.72 Y130.362 E645.12146
G1 X103.502 Y130.694 E645.14788
G1 X103.121 Y131.012 E645.18089
G1 X102.711 Y131.229 E645.21175
G1 X102.24 Y131.346 E645.24403
G1 X101.731 Y131.345 E645.27789
G1 X101.352 Y131.245 E645.30397
G1 X100.978 Y131.072 E645.33138
G1 X100.591 Y130.775 E645.36383
G1 X100.421 Y130.583 E645.38089
G1 X100.175 Y130.171 E645.41281
G1 X100.043 Y129.769 E645.44095
G1 X99.996 Y129.394 E645.46609
G1 X100.046 Y128.876 E645.50071
G1 X100.23 Y128.419 E645.53348
G1 X100.518 Y127.999 E645.56736
G1 X100.859 Y127.708 E645.59718
G1 X101.285 Y127.476 E645.62945
G1 F2330.1 X101.79 Y127.356 E645.66501
G1 F2296.7 X101.282 Y127.231 E645.70138
G1 F2364.5 X100.86 Y127.001 E645.73383
G1 F2400 X100.517 Y126.713 E645.76362
G1 X100.23 Y126.293 E645.79746
G1 X100.054 Y125.856 E645.8288
G1 X99.996 Y125.394 E645.85977
G1 X100.046 Y124.876 E645.89439
G1 X100.23 Y124.419 E645.92716
G1 X100.518 Y123.999 E645.96103
G1 X100.859 Y123.708 E645.99085
G1 X101.285 Y123.476 E646.02312
G1 F2330.1 X101.79 Y123.356 E646.05869
G1 F2296.7 X101.282 Y123.231 E646.09505
G1 F2364.5 X100.86 Y123.001 E646.1275
G1 F2400 X100.517 Y122.713 E646.15729
G1 X100.23 Y122.293 E646.19113
G1 X100.054 Y121.856 E646.22247
G1 X99.996 Y121.394 E646.25344
G1 X100.046 Y120.876 E646.28806
G1 X100.23 Y120.419 E646.32083
G1 X100.518 Y119.999 E646.35471
G1 X100.859 Y119.708 E646.38453
G1 X101.285 Y119.476 E646.4168
G1 F2330.1 X101.79 Y119.356 E646.45236
G1 F2296.7 X101.282 Y119.231 E646.48873
G1 F2364.5 X100.86 Y119.001 E646.52118
G1 F2400 X100.517 Y118.713 E646.55097
G1 X100.23 Y118.293 E646.58481
G1 X100.054 Y117.856 E646.61615
G1 X99.996 Y117.394 E646.64712
G1 X100.034 Y117 E646.67345
G1 X100.175 Y116.541 E646.70539
G1 X100.427 Y116.122 E646.73792
G1 X100.845 Y115.701 E646.77738
G1 X101.352 Y115.463 E646.81464
G1 X101.754 Y115.366 E646.84215
G1 X102.255 Y115.366 E646.87547
G1 X102.715 Y115.481 E646.90701
G1 X103.077 Y115.67 E646.93418
G1 X103.492 Y116.007 E646.96974
G1 X103.72 Y116.348 E646.99703
G1 X103.831 Y116.118 E647.01402
G1 X104.146 Y115.672 E647.05034
G1 X104.601 Y115.276 E647.09046
G1 X104.988 Y115.076 E647.11944
G1 X104.775 Y114.935 E647.13643
G1 X104.478 Y114.668 E647.163
G1 X104.219 Y114.284 E647.19381
G1 X104.05 Y113.829 E647.2261
G1 X103.996 Y113.356 E647.25776
G1 X104.044 Y112.906 E647.28787
G1 X104.203 Y112.461 E647.3193
G1 X104.474 Y112.05 E647.35205
G1 X104.825 Y111.727 E647.38378
G1 X105.28 Y111.479 E647.41825
G1 X105.774 Y111.362 E647.45202
G1 X106.259 Y111.373 E647.48429
G1 X106.714 Y111.475 E647.51531
G1 X107.17 Y111.726 E647.54994
G1 X107.484 Y112.014 E647.57828
G1 X107.788 Y112.434 E647.61277
G1 F2376.2 X107.965 Y112.999 E647.65255
G1 F2330.1 X107.998 Y113.239 E647.66914
G1 X108.031 Y112.999 E647.68574
G1 F2376.2 X108.207 Y112.437 E647.72531
G1 F2400 X108.491 Y112.038 E647.75789
G1 X108.683 Y111.855 E647.77553
G1 X108.49 Y111.673 E647.79318
G1 X108.206 Y111.257 E647.82668
G1 X108.058 Y110.843 E647.85593
G1 X107.995 Y110.387 E647.88655
G1 X108.054 Y109.856 E647.92209
G1 X108.233 Y109.414 E647.95381
G1 X108.497 Y109.018 E647.98547
G1 X108.875 Y108.691 E648.01872
G1 X109.308 Y108.47 E648.05106
G1 X109.764 Y108.367 E648.08216
G1 X110.244 Y108.367 E648.11409
G1 X110.733 Y108.486 E648.14756
G1 X111.158 Y108.715 E648.17968
G1 X111.516 Y109.043 E648.21197
G1 X111.772 Y109.42 E648.24229
G1 X111.944 Y109.867 E648.27415
G1 X112.001 Y110.392 E648.30928
G1 X111.939 Y110.835 E648.33903
G1 X111.793 Y111.252 E648.36842
G1 X111.535 Y111.646 E648.39975
G1 X111.312 Y111.855 E648.42008
G1 X111.505 Y112.038 E648.43777
G1 X111.789 Y112.437 E648.47035
G1 F2376.2 X111.965 Y112.999 E648.50992
G1 F2330.1 X111.998 Y113.239 E648.52652
G1 X112.031 Y112.999 E648.54312
G1 F2376.2 X112.208 Y112.434 E648.58289
G1 F2400 X112.512 Y112.014 E648.61738
G1 X112.827 Y111.725 E648.64582
G1 X113.293 Y111.473 E648.68106
G1 X113.74 Y111.373 E648.71153
G1 X114.229 Y111.362 E648.74407
G1 X114.747 Y111.492 E648.77959
G1 X115.135 Y111.707 E648.8091
G1 X115.469 Y111.991 E648.83826
G1 X115.757 Y112.394 E648.87121
G1 X115.942 Y112.861 E648.90463
G1 X116.002 Y113.372 E648.93885
G1 X115.945 Y113.833 E648.96975
G1 X115.777 Y114.283 E649.0017
G1 X115.521 Y114.666 E649.03235
G1 X115.221 Y114.935 E649.05915
G1 X115.008 Y115.076 E649.07614
G1 X115.398 Y115.278 E649.10536
G1 X115.862 Y115.68 E649.1462
G1 X116.168 Y116.118 E649.18174
G1 X116.278 Y116.345 E649.19852
G1 X116.503 Y116.01 E649.22536
G1 X116.873 Y115.699 E649.25752
G1 X117.287 Y115.479 E649.2887
G1 X117.759 Y115.366 E649.32099
G1 X118.246 Y115.366 E649.35338
G1 X118.647 Y115.463 E649.38083
G1 X119.036 Y115.647 E649.40945
G1 X119.408 Y115.939 E649.44091
G1 X119.709 Y116.326 E649.47352
G1 X119.949 Y116.862 E649.51259
G1 X119.996 Y117.356 E649.5456
G1 X119.954 Y117.769 E649.57321
G1 X119.79 Y118.266 E649.60803
G1 X119.507 Y118.672 E649.64095
G1 X119.221 Y118.935 E649.66679
G1 X118.818 Y119.176 E649.69803
G1 F2388.1 X118.367 Y119.321 E649.7297
G1 F2341.5 X118.12 Y119.356 E649.74671
G1 F2330.1 X118.506 Y119.412 E649.77343
G1 F2376.2 X118.823 Y119.536 E649.7963
G1 F2400 X119.222 Y119.774 E649.82721
G1 X119.505 Y120.038 E649.85295
G1 X119.766 Y120.419 E649.88367
G1 X119.95 Y120.876 E649.91644
G1 X119.996 Y121.356 E649.94852
G1 X119.954 Y121.769 E649.97614
G1 X119.79 Y122.266 E650.01095
G1 X119.507 Y122.672 E650.04387
G1 X119.221 Y122.935 E650.06972
G1 X118.818 Y123.176 E650.10095
G1 F2388.1 X118.367 Y123.321 E650.13262
G1 F2341.5 X118.12 Y123.356 E650.14963
G1 F2330.1 X118.506 Y123.412 E650.17636
G1 F2376.2 X118.823 Y123.536 E650.19923
G1 F2400 X119.222 Y123.774 E650.23013
G1 X119.505 Y124.038 E650.25587
G1 X119.766 Y124.419 E650.2866
G1 X119.95 Y124.876 E650.31937
G1 X119.996 Y125.356 E650.35144
G1 X119.954 Y125.769 E650.37906
G1 X119.79 Y126.266 E650.41387
G1 X119.507 Y126.672 E650.44679
G1 X119.221 Y126.935 E650.47264
G1 X118.818 Y127.176 E650.50387
G1 F2388.1 X118.367 Y127.321 E650.53554
G1 F2341.5 X118.12 Y127.356 E650.55255
G1 F2330.1 X118.506 Y127.412 E650.57928
G1 F2376.2 X118.823 Y127.536 E650.60215
G1 F2400 X119.222 Y127.774 E650.63305
G1 X119.505 Y128.038 E650.6588
G1 X119.766 Y128.419 E650.68952
G1 X119.95 Y128.876 E650.72229
G1 X119.996 Y129.356 E650.75436
G1 X119.954 Y129.769 E650.78198
G1 X119.821 Y130.172 E650.81021
G1 X119.576 Y130.583 E650.84204
G1 X119.405 Y130.775 E650.85914
G1 X119.025 Y131.068 E650.89106
G1 X118.648 Y131.245 E650.91876
G1 X118.249 Y131.346 E650.94614
G1 X117.734 Y131.346 E650.9804
G1 X117.289 Y131.228 E651.01103
G1 X116.918 Y131.039 E651.03872
G1 X116.504 Y130.705 E651.07411
G1 X116.278 Y130.368 E651.1011
G1 X116.173 Y130.587 E651.11725
G1 X115.853 Y131.04 E651.15415
G1 X115.399 Y131.434 E651.19413
G1 X115.014 Y131.636 E651.22306
G1 X115.231 Y131.783 E651.24049
G1 X115.517 Y132.043 E651.2662
G1 X115.778 Y132.432 E651.29736
G1 X115.942 Y132.864 E651.3281
G1 X116.002 Y133.337 E651.35982
G1 X115.947 Y133.834 E651.39308
G1 X115.772 Y134.282 E651.42507
G1 X115.531 Y134.644 E651.454
G1 X115.221 Y134.935 E651.48229
G1 X114.734 Y135.226 E651.52002
G1 X114.236 Y135.349 E651.55415
G1 X113.727 Y135.345 E651.58801
G1 X113.291 Y135.224 E651.61811
G1 X112.906 Y135.037 E651.64658
G1 X112.535 Y134.729 E651.67865
G1 X112.207 Y134.275 E651.71591
G1 F2388.1 X112.033 Y133.712 E651.7553
G1 F2352.9 X111.998 Y133.443 E651.77371
G1 X111.963 Y133.712 E651.79212
G1 F2388.1 X111.791 Y134.27 E651.83115
G1 F2400 X111.506 Y134.673 E651.86399
G1 X111.312 Y134.855 E651.88168
G1 X111.505 Y135.038 E651.89937
G1 X111.784 Y135.432 E651.93149
G1 X111.956 Y135.924 E651.96616
G1 X111.997 Y136.347 E651.99443
G1 X111.944 Y136.847 E652.02787
G1 X111.802 Y137.219 E652.05436
G1 X111.576 Y137.583 E652.08286
G1 X111.31 Y137.882 E652.10948
G1 X110.733 Y138.226 E652.15417
G1 X110.293 Y138.334 E652.18431
G1 X110 Y138.344 E652.20381
G0 F12000 X108.948 Y137.884
G0 X108.611 Y137.588
G0 X108.357 Y137.218
G0 X107.389 Y134.588
G0 X107.052 Y134.884
G0 X106.659 Y135.092
G0 X106.224 Y135.199
G0 X105.776 Y135.199
G0 X105.341 Y135.092
G0 X104.948 Y134.884
G0 X104.611 Y134.588
G0 X104.357 Y134.218
G0 X104.199 Y133.802
G0 X103.914 Y130.452
G0 X102.659 Y131.092
G0 X102.224 Y131.199
G0 X101.776 Y131.199
G0 X101.341 Y131.092
G0 X100.948 Y130.884
G0 X100.611 Y130.588
G0 X100.357 Y130.218
G0 X100.199 Y129.802
G0 X100.144 Y129.357
G0 X100.611 Y126.588
G0 X100.357 Y126.218
G0 X100.199 Y125.802
G0 X100.144 Y125.357
G0 X100.611 Y122.588
G0 X100.357 Y122.218
G0 X100.199 Y121.802
G0 X100.144 Y121.357
G0 X100.199 Y120.913
G0 X100.357 Y120.497
G0 X100.61 Y120.128
G0 X100.947 Y119.83
G0 X102.282 Y119.248
G0 X102.21 Y118.949
G1 F2400 X101.825 Y118.946 E652.22942
G1 X101.431 Y118.856 E652.2563
G1 X101.089 Y118.673 E652.28211
G1 X100.792 Y118.411 E652.30845
G1 X100.583 Y118.104 E652.33316
G1 X100.443 Y117.748 E652.3586
G1 X100.404 Y117.426 E652.38018
G1 X100.431 Y117.046 E652.40552
G1 X100.55 Y116.681 E652.43106
G1 X100.757 Y116.348 E652.45714
G1 X101.08 Y116.033 E652.48715
G1 X101.469 Y115.846 E652.51586
G1 X101.832 Y115.765 E652.5406
G1 X102.164 Y115.765 E652.56269
G1 X102.567 Y115.854 E652.59014
G1 X102.902 Y116.033 E652.61541
G1 X103.194 Y116.282 E652.64094
G1 X103.425 Y116.617 E652.668
G1 F2412.1 X103.544 Y116.954 E652.69166
G1 F2480.6 X103.576 Y117.349 E652.71716
G1 F2474.2 X103.545 Y117.759 E652.74369
G1 F2400 X103.423 Y118.095 E652.76747
G1 X103.23 Y118.379 E652.79031
G1 X102.958 Y118.633 E652.81507
G1 X102.633 Y118.821 E652.84005
G1 X102.21 Y118.949 E652.86944
G0 F12000 X101.859 Y118.548
;TYPE:WALL-OUTER
G1 F2400 X101.593 Y118.482 E652.88767
G1 X101.317 Y118.345 E652.90817
G1 X101.115 Y118.171 E652.92591
G1 X100.935 Y117.915 E652.94672
G1 X100.84 Y117.667 E652.96439
G1 X100.801 Y117.38 E652.98366
G1 X100.84 Y117.045 E653.00609
G1 X100.924 Y116.821 E653.02201
G1 X101.087 Y116.574 E653.04169
G1 X101.335 Y116.354 E653.06374
G1 X101.585 Y116.228 E653.08237
G1 X101.864 Y116.164 E653.10141
G1 X102.135 Y116.164 E653.11943
G1 X102.416 Y116.229 E653.13862
G1 X102.68 Y116.365 E653.15837
G1 X102.906 Y116.569 E653.17863
G1 X103.05 Y116.778 E653.19551
G1 X103.161 Y117.061 E653.21573
G1 X103.196 Y117.374 E653.23668
G1 X103.161 Y117.651 E653.25526
G1 X103.072 Y117.891 E653.27228
G1 X102.909 Y118.14 E653.29208
G1 X102.696 Y118.331 E653.31111
G1 X102.449 Y118.466 E653.32983
G1 X102.167 Y118.543 E653.34928
G1 X101.859 Y118.548 E653.36977
G1 F2700 E648.36977
G0 F12000 X101.859 Y118.86
G0 X100.714 Y120.684
G0 X100.59 Y121.01
G0 X100.547 Y121.357
G0 X100.59 Y121.705
G0 X100.714 Y122.031
G0 X100.913 Y122.321
G0 X101.126 Y122.508
G0 X101.859 Y122.86
G0 X101.859 Y122.548
G1 F2700 E653.36977
G1 F2400 X101.593 Y122.482 E653.388
G1 X101.317 Y122.345 E653.4085
G1 X101.115 Y122.171 E653.42623
G1 X100.935 Y121.915 E653.44705
G1 X100.84 Y121.667 E653.46472
G1 X100.801 Y121.38 E653.48398
G1 X100.84 Y121.045 E653.50642
G1 X100.924 Y120.821 E653.52233
G1 X101.099 Y120.558 E653.54335
G1 X101.314 Y120.367 E653.56248
G1 X101.553 Y120.241 E653.58045
G1 X101.862 Y120.164 E653.60163
G1 X102.167 Y120.169 E653.62192
G1 X102.406 Y120.226 E653.63827
G1 X102.701 Y120.382 E653.66047
G1 X102.906 Y120.569 E653.67892
G1 X103.05 Y120.778 E653.69581
G1 X103.161 Y121.061 E653.71603
G1 X103.196 Y121.374 E653.73698
G1 X103.161 Y121.651 E653.75555
G1 X103.072 Y121.891 E653.77258
G1 X102.909 Y122.14 E653.79238
G1 X102.696 Y122.331 E653.81141
G1 X102.449 Y122.466 E653.83013
G1 X102.167 Y122.543 E653.84958
G1 X101.859 Y122.548 E653.87007
G1 F2700 E648.87007
G0 F12000 X101.859 Y122.86
G0 X100.714 Y124.684
G0 X100.59 Y125.01
G0 X100.547 Y125.357
G0 X100.59 Y125.705
G0 X100.714 Y126.031
G0 X100.913 Y126.321
G0 X101.126 Y126.508
G0 X101.859 Y126.86
G0 X101.859 Y126.548
G1 F2700 E653.87007
G1 F2400 X101.593 Y126.482 E653.8883
G1 X101.317 Y126.345 E653.9088
G1 X101.115 Y126.171 E653.92653
G1 X100.935 Y125.915 E653.94735
G1 X100.84 Y125.667 E653.96501
G1 X100.801 Y125.38 E653.98428
G1 X100.84 Y125.045 E654.00672
G1 X100.924 Y124.821 E654.02263
G1 X101.099 Y124.558 E654.04364
G1 X101.314 Y124.367 E654.06277
G1 X101.553 Y124.241 E654.08075
G1 X101.862 Y124.164 E654.10193
G1 X102.167 Y124.169 E654.12222
G1 X102.406 Y124.226 E654.13857
G1 X102.701 Y124.382 E654.16076
G1 X102.906 Y124.569 E654.17922
G1 X103.05 Y124.778 E654.1961
G1 X103.161 Y125.061 E654.21633
G1 X103.196 Y125.374 E654.23728
G1 X103.161 Y125.651 E654.25585
G1 X103.072 Y125.891 E654.27288
G1 X102.909 Y126.14 E654.29267
G1 X102.696 Y126.331 E654.3117
G1 X102.449 Y126.466 E654.33043
G1 X102.167 Y126.543 E654.34987
G1 X101.859 Y126.548 E654.37037
G1 F2700 E649.37037
G0 F12000 X101.859 Y126.86
G0 X103.286 Y128.684
G0 X103.41 Y129.01
G0 X103.453 Y129.357
G0 X103.41 Y129.705
G0 X103.286 Y130.031
G0 X103.087 Y130.321
G0 X102.227 Y130.849
G0 X102.153 Y130.546
G1 F2700 E654.37037
G1 F2400 X101.86 Y130.548 E654.38986
G1 X101.585 Y130.48 E654.4087
G1 X101.341 Y130.359 E654.42682
G1 X101.096 Y130.154 E654.44807
G1 X100.924 Y129.891 E654.46897
G1 X100.84 Y129.667 E654.48489
G1 X100.801 Y129.38 E654.50415
G1 X100.84 Y129.045 E654.52659
G1 X100.924 Y128.821 E654.5425
G1 X101.099 Y128.558 E654.56351
G1 X101.314 Y128.367 E654.58265
G1 X101.553 Y128.241 E654.60062
G1 X101.862 Y128.164 E654.6218
G1 X102.167 Y128.169 E654.64209
G1 X102.406 Y128.226 E654.65844
G1 X102.701 Y128.382 E654.68063
G1 X102.906 Y128.569 E654.69909
G1 X103.05 Y128.778 E654.71598
G1 X103.161 Y129.061 E654.7362
G1 X103.196 Y129.374 E654.75715
G1 X103.161 Y129.651 E654.77572
G1 X103.072 Y129.891 E654.79275
G1 X102.909 Y130.14 E654.81254
G1 X102.676 Y130.347 E654.83328
G1 X102.406 Y130.482 E654.85336
G1 X102.153 Y130.546 E654.87072
G1 F2700 E649.87072
G0 F12000 X102.227 Y130.849
G0 X105.807 Y131.356
G0 X105.807 Y131.044
G1 F2700 E654.87072
G1 F2400 X105.374 Y130.938 E654.90037
G1 X105.03 Y130.755 E654.92629
G1 X104.727 Y130.482 E654.95342
G1 X104.502 Y130.159 E654.97961
G1 X104.348 Y129.758 E655.00818
G1 X104.3 Y129.374 E655.03392
G1 X104.348 Y128.954 E655.06204
G1 X104.503 Y128.551 E655.09076
G1 X104.724 Y128.233 E655.11653
G1 X105.014 Y127.97 E655.14257
G1 X105.371 Y127.778 E655.16953
G1 F2100.7 X105.794 Y127.612 E655.20407
G1 F1871.3 X106.18 Y127.612 E655.237
G1 F2105.3 X106.63 Y127.78 E655.27342
G1 F2400 X106.942 Y127.943 E655.29684
G1 X107.254 Y128.21 E655.32416
G1 X107.493 Y128.546 E655.35158
G1 F2376.2 X107.655 Y128.971 E655.38214
G1 F2222.2 X107.754 Y129.352 E655.41042
G1 F2243 X107.638 Y129.791 E655.44274
G1 F2400 X107.493 Y130.166 E655.46949
G1 X107.253 Y130.502 E655.49695
G1 X106.966 Y130.755 E655.5224
G1 X106.587 Y130.953 E655.55085
G1 X106.211 Y131.042 E655.57655
G1 X105.807 Y131.044 E655.60342
G1 F2700 E650.60342
G0 F12000 X105.807 Y131.356
G0 X107.089 Y132.395
G0 X107.286 Y132.684
G0 X107.41 Y133.01
G0 X107.453 Y133.357
G0 X107.41 Y133.705
G0 X107.286 Y134.031
G0 X107.087 Y134.321
G0 X106.874 Y134.508
G0 X106.148 Y134.86
G0 X106.148 Y134.547
G1 F2700 E655.60342
G1 F2400 X105.857 Y134.548 E655.62278
G1 X105.553 Y134.467 E655.64371
G1 X105.319 Y134.346 E655.66123
G1 X105.091 Y134.145 E655.68145
G1 X104.934 Y133.913 E655.70009
G1 X104.832 Y133.641 E655.71941
G1 X104.8 Y133.347 E655.73908
G1 X104.831 Y133.076 E655.75723
G1 X104.94 Y132.788 E655.77771
G1 X105.104 Y132.552 E655.79683
G1 X105.335 Y132.354 E655.81707
G1 X105.557 Y132.239 E655.8337
G1 X105.854 Y132.165 E655.85406
G1 X106.136 Y132.164 E655.87282
G1 X106.443 Y132.239 E655.89384
G1 X106.701 Y132.382 E655.91346
G1 X106.891 Y132.551 E655.93038
G1 X107.072 Y132.821 E655.952
G1 X107.167 Y133.092 E655.9711
G1 X107.196 Y133.374 E655.98996
G1 X107.156 Y133.667 E656.00963
G1 X107.05 Y133.933 E656.02868
G1 X106.88 Y134.172 E656.04819
G1 X106.677 Y134.346 E656.06597
G1 X106.427 Y134.476 E656.08472
G1 X106.148 Y134.547 E656.10387
G1 F2700 E651.10387
G0 F12000 X106.148 Y134.86
G0 X110 Y134.86
G0 X110 Y134.602
G1 F2700 E656.10387
G1 F1882.4 X109.855 Y134.602 E656.11617
G1 F2069 X109.592 Y134.49 E656.13822
G1 F2352.9 X109.3 Y134.331 E656.16078
G1 F2400 X109.096 Y134.151 E656.17888
G1 X108.924 Y133.891 E656.19962
G1 X108.84 Y133.667 E656.21553
G1 X108.8 Y133.374 E656.2352
G1 X108.84 Y133.045 E656.25725
G1 X108.924 Y132.821 E656.27316
G1 X109.104 Y132.552 E656.29469
G1 X109.335 Y132.354 E656.31493
G1 X109.557 Y132.239 E656.33156
G1 X109.854 Y132.165 E656.35192
G1 X110.136 Y132.164 E656.37068
G1 X110.443 Y132.239 E656.39171
G1 X110.701 Y132.382 E656.41133
G1 X110.891 Y132.551 E656.42824
G1 X111.072 Y132.821 E656.44987
G1 X111.167 Y133.092 E656.46897
G1 X111.196 Y133.374 E656.48783
G1 X111.156 Y133.667 E656.5075
G1 X111.05 Y133.933 E656.52654
G1 X110.9 Y134.151 E656.54415
G1 F2248.2 X110.609 Y134.399 E656.5713
G1 F1995.8 X110.12 Y134.602 E656.61365
G1 F1889.8 X110 Y134.602 E656.62379
G1 F2700 E651.62379
G0 F12000 X110 Y134.86
G0 X110.515 Y134.999
G0 X110.825 Y135.162
G0 X111.089 Y135.395
G0 X111.286 Y135.684
G0 X111.41 Y136.01
G0 X111.453 Y136.357
G0 X111.41 Y136.705
G0 X111.286 Y137.031
G0 X111.087 Y137.321
G0 X110.824 Y137.552
G0 X110 Y137.86
G0 X110 Y137.544
G1 F2700 E656.62379
G1 F2400 X109.825 Y137.542 E656.63543
G1 X109.553 Y137.467 E656.6542
G1 X109.341 Y137.359 E656.67002
G1 X109.096 Y137.154 E656.69127
G1 X108.924 Y136.891 E656.71218
G1 X108.838 Y136.662 E656.72845
G1 X108.801 Y136.38 E656.74737
G1 X108.833 Y136.068 E656.76823
G1 X108.934 Y135.798 E656.78741
G1 X109.099 Y135.558 E656.80678
G1 X109.297 Y135.38 E656.82449
G1 F2341.5 X109.595 Y135.216 E656.84769
G1 F2064.5 X109.857 Y135.11 E656.86954
G1 F1886.1 X110.12 Y135.11 E656.8918
G1 F2114.5 X110.45 Y135.243 E656.91867
G1 F2400 X110.701 Y135.382 E656.93775
G1 X110.897 Y135.558 E656.95528
G1 X111.072 Y135.821 E656.97629
G1 X111.163 Y136.069 E656.99386
G1 X111.197 Y136.354 E657.01295
G1 X111.165 Y136.634 E657.0317
G1 X111.064 Y136.908 E657.05113
G1 X110.9 Y137.155 E657.07085
G1 X110.657 Y137.358 E657.09191
G1 X110.406 Y137.482 E657.11054
G1 X110.155 Y137.546 E657.12777
G1 X110 Y137.544 E657.13808
G1 F2700 E652.13808
G0 F12000 X110 Y137.86
G0 X110.516 Y137.715
G0 X110.824 Y137.552
G0 X112.151 Y135.854
G0 X112.171 Y135.094
G0 X113.773 Y134.849
G0 X113.848 Y134.547
G1 F2700 E657.13808
G1 F2400 X113.573 Y134.476 E657.15697
G1 X113.319 Y134.346 E657.17595
G1 X113.1 Y134.155 E657.19528
G1 X112.924 Y133.891 E657.21639
G1 X112.84 Y133.667 E657.2323
G1 X112.8 Y133.374 E657.25197
G1 X112.84 Y133.045 E657.27402
G1 X112.924 Y132.821 E657.28993
G1 X113.104 Y132.552 E657.31146
G1 X113.335 Y132.354 E657.3317
G1 X113.557 Y132.239 E657.34833
G1 X113.854 Y132.165 E657.36869
G1 X114.136 Y132.164 E657.38745
G1 X114.443 Y132.239 E657.40847
G1 X114.701 Y132.382 E657.4281
G1 X114.891 Y132.551 E657.44501
G1 X115.057 Y132.79 E657.46437
G1 X115.159 Y133.055 E657.48326
G1 X115.196 Y133.347 E657.50284
G1 X115.164 Y133.64 E657.52244
G1 X115.062 Y133.913 E657.54183
G1 X114.905 Y134.145 E657.56046
G1 X114.657 Y134.358 E657.58221
G1 X114.406 Y134.482 E657.60083
G1 X114.139 Y134.548 E657.61913
G1 X113.848 Y134.547 E657.63849
G1 F2700 E652.63849
G0 F12000 X113.773 Y134.849
G0 X113.176 Y134.552
G0 X112.913 Y134.321
G0 X112.714 Y134.031
G0 X112.59 Y133.705
G0 X112.547 Y133.357
G0 X112.59 Y133.01
G0 X112.714 Y132.684
G0 X113.807 Y131.356
G0 X113.807 Y131.044
G1 F2700 E657.63849
G1 F2400 X113.374 Y130.938 E657.66814
G1 X113.03 Y130.755 E657.69406
G1 X112.746 Y130.502 E657.71936
G1 X112.507 Y130.166 E657.74679
G1 X112.356 Y129.786 E657.77399
G1 F2253.5 X112.242 Y129.352 E657.80578
G1 F2227.4 X112.341 Y128.971 E657.83399
G1 F2376.2 X112.507 Y128.546 E657.86465
G1 F2400 X112.715 Y128.246 E657.88893
G1 X113.014 Y127.97 E657.916
G1 X113.371 Y127.778 E657.94296
G1 F2100.7 X113.794 Y127.612 E657.9775
G1 F1871.3 X114.18 Y127.612 E658.01043
G1 F2105.3 X114.63 Y127.78 E658.04685
G1 F2400 X114.981 Y127.97 E658.0734
G1 X115.276 Y128.233 E658.09969
G1 X115.496 Y128.551 E658.12542
G1 X115.648 Y128.954 E658.15407
G1 X115.696 Y129.374 E658.18219
G1 X115.648 Y129.758 E658.20793
G1 X115.493 Y130.166 E658.23696
G1 X115.273 Y130.482 E658.26258
G1 X114.966 Y130.755 E658.2899
G1 X114.587 Y130.953 E658.31835
G1 X114.211 Y131.042 E658.34405
G1 X113.807 Y131.044 E658.37093
G1 F2700 E653.37093
G0 F12000 X113.807 Y131.356
G0 X110 Y131.356
G0 X110 Y131.043
G1 F2700 E658.37093
G1 F2400 X109.807 Y131.044 E658.38376
G1 X109.374 Y130.938 E658.41342
G1 X109.03 Y130.755 E658.43934
G1 X108.746 Y130.502 E658.46464
G1 X108.507 Y130.166 E658.49207
G1 X108.356 Y129.786 E658.51927
G1 F2253.5 X108.242 Y129.352 E658.55106
G1 F2227.4 X108.341 Y128.971 E658.57927
G1 F2376.2 X108.507 Y128.546 E658.60993
G1 F2400 X108.715 Y128.246 E658.63421
G1 X109.014 Y127.97 E658.66128
G1 X109.371 Y127.778 E658.68824
G1 F2100.7 X109.794 Y127.612 E658.72278
G1 F1871.3 X110.18 Y127.612 E658.75571
G1 F2105.3 X110.63 Y127.78 E658.79213
G1 F2400 X110.942 Y127.943 E658.81555
G1 X111.254 Y128.21 E658.84286
G1 X111.493 Y128.546 E658.87029
G1 F2376.2 X111.655 Y128.971 E658.90085
G1 F2222.2 X111.754 Y129.352 E658.92913
G1 F2243 X111.638 Y129.791 E658.96145
G1 F2400 X111.493 Y130.166 E658.9882
G1 X111.253 Y130.502 E659.01566
G1 X110.966 Y130.755 E659.04111
G1 X110.587 Y130.953 E659.06956
G1 X110.211 Y131.042 E659.09526
G1 X110 Y131.043 E659.1093
G1 F2700 E654.1093
G0 F12000 X110 Y131.356
G0 X109.308 Y131.183
G0 X108.891 Y130.964
G0 X108.539 Y130.652
G0 X108.271 Y130.265
G0 X108.105 Y129.824
G0 X108.047 Y129.357
G0 X108.105 Y128.89
G0 X108.271 Y128.45
G0 X108.539 Y128.063
G0 X108.891 Y127.751
G0 X109.127 Y127.627
G0 X110 Y127.356
G0 X110 Y127.1
G1 F2700 E659.1093
G1 F1871.3 X109.794 Y127.1 E659.12687
G1 F2100.7 X109.374 Y126.937 E659.16111
G1 F2400 X109.014 Y126.742 E659.18834
G1 X108.746 Y126.502 E659.21228
G1 X108.507 Y126.166 E659.2397
G1 X108.356 Y125.786 E659.2669
G1 F2253.5 X108.242 Y125.352 E659.29869
G1 F2227.4 X108.341 Y124.971 E659.32691
G1 F2376.2 X108.507 Y124.546 E659.35756
G1 F2400 X108.715 Y124.246 E659.38185
G1 X109.014 Y123.97 E659.40891
G1 X109.371 Y123.778 E659.43588
G1 F2100.7 X109.794 Y123.612 E659.47041
G1 F1871.3 X110.18 Y123.612 E659.50334
G1 F2105.3 X110.63 Y123.78 E659.53977
G1 F2400 X110.942 Y123.943 E659.56319
G1 X111.254 Y124.21 E659.5905
G1 X111.493 Y124.546 E659.61793
G1 F2376.2 X111.655 Y124.971 E659.64849
G1 F2222.2 X111.754 Y125.352 E659.67677
G1 F2243 X111.638 Y125.791 E659.70909
G1 F2400 X111.493 Y126.166 E659.73583
G1 X111.251 Y126.505 E659.76354
G1 X110.942 Y126.769 E659.79057
G1 X110.624 Y126.938 E659.81453
G1 F2105.3 X110.18 Y127.1 E659.85037
G1 F1875 X110 Y127.1 E659.8657
G1 F2700 E654.8657
G0 F12000 X110 Y127.356
G0 X113.794 Y127.356
G0 X113.794 Y127.1
G1 F2700 E659.8657
G1 F2100.7 X113.374 Y126.937 E659.89994
G1 F2400 X113.014 Y126.742 E659.92717
G1 X112.746 Y126.502 E659.9511
G1 X112.507 Y126.166 E659.97853
G1 X112.356 Y125.786 E660.00573
G1 F2253.5 X112.242 Y125.352 E660.03752
G1 F2227.4 X112.341 Y124.971 E660.06574
G1 F2376.2 X112.507 Y124.546 E660.09639
G1 F2400 X112.715 Y124.246 E660.12067
G1 X113.014 Y123.97 E660.14774
G1 X113.371 Y123.778 E660.17471
G1 F2100.7 X113.794 Y123.612 E660.20924
G1 F1871.3 X114.18 Y123.612 E660.24217
G1 F2105.3 X114.63 Y123.78 E660.2786
G1 F2400 X114.981 Y123.97 E660.30515
G1 X115.276 Y124.233 E660.33144
G1 X115.496 Y124.551 E660.35716
G1 X115.648 Y124.954 E660.38581
G1 X115.696 Y125.374 E660.41393
G1 X115.648 Y125.758 E660.43967
G1 X115.493 Y126.166 E660.46871
G1 X115.276 Y126.479 E660.49404
G1 X114.981 Y126.742 E660.52033
G1 X114.624 Y126.938 E660.54742
G1 F2105.3 X114.18 Y127.1 E660.58326
G1 F1871.3 X113.794 Y127.1 E660.61619
G1 F2700 E655.61619
G0 F12000 X113.794 Y127.356
G0 X112.891 Y126.964
G0 X112.539 Y126.652
G0 X112.271 Y126.265
G0 X112.105 Y125.824
G0 X112.047 Y125.357
G0 X112.105 Y124.89
G0 X112.271 Y124.45
G0 X112.539 Y124.063
G0 X112.891 Y123.751
G0 X113.794 Y123.356
G0 X113.794 Y123.1
G1 F2700 E660.61619
G1 F2100.7 X113.374 Y122.937 E660.65043
G1 F2400 X113.014 Y122.742 E660.67767
G1 X112.746 Y122.502 E660.7016
G1 X112.507 Y122.166 E660.72903
G1 X112.356 Y121.786 E660.75623
G1 F2253.5 X112.242 Y121.352 E660.78802
G1 F2227.4 X112.341 Y120.971 E660.81623
G1 F2376.2 X112.507 Y120.546 E660.84689
G1 F2400 X112.715 Y120.246 E660.87117
G1 X113.014 Y119.97 E660.89824
G1 X113.371 Y119.778 E660.9252
G1 F2100.7 X113.794 Y119.612 E660.95974
G1 F1871.3 X114.18 Y119.612 E660.99267
G1 F2105.3 X114.63 Y119.78 E661.02909
G1 F2400 X114.981 Y119.97 E661.05564
G1 X115.276 Y120.233 E661.08193
G1 X115.496 Y120.551 E661.10765
G1 X115.648 Y120.954 E661.13631
G1 X115.696 Y121.374 E661.16443
G1 X115.648 Y121.758 E661.19017
G1 X115.493 Y122.166 E661.2192
G1 X115.276 Y122.479 E661.24454
G1 X114.981 Y122.742 E661.27083
G1 X114.624 Y122.938 E661.29792
G1 F2105.3 X114.18 Y123.1 E661.33376
G1 F1871.3 X113.794 Y123.1 E661.36669
G1 F2700 E656.36669
G0 F12000 X113.794 Y123.356
G0 X110 Y123.356
G0 X110 Y123.1
G1 F2700 E661.36669
G1 F1871.3 X109.794 Y123.1 E661.38426
G1 F2100.7 X109.374 Y122.937 E661.4185
G1 F2400 X109.014 Y122.742 E661.44574
G1 X108.746 Y122.502 E661.46967
G1 X108.507 Y122.166 E661.4971
G1 X108.356 Y121.786 E661.5243
G1 F2253.5 X108.242 Y121.352 E661.55609
G1 F2227.4 X108.341 Y120.971 E661.5843
G1 F2376.2 X108.507 Y120.546 E661.61496
G1 F2400 X108.715 Y120.246 E661.63924
G1 X109.014 Y119.97 E661.66631
G1 X109.371 Y119.778 E661.69327
G1 F2100.7 X109.794 Y119.612 E661.72781
G1 F1871.3 X110.18 Y119.612 E661.76074
G1 F2105.3 X110.63 Y119.78 E661.79716
G1 F2400 X110.942 Y119.943 E661.82058
G1 X111.254 Y120.21 E661.8479
G1 X111.493 Y120.546 E661.87532
G1 F2376.2 X111.655 Y120.971 E661.90588
G1 F2222.2 X111.754 Y121.352 E661.93416
G1 F2243 X111.638 Y121.791 E661.96648
G1 F2400 X111.493 Y122.166 E661.99323
G1 X111.251 Y122.505 E662.02093
G1 X110.942 Y122.769 E662.04797
G1 X110.624 Y122.938 E662.07192
G1 F2105.3 X110.18 Y123.1 E662.10776
G1 F1875 X110 Y123.1 E662.12309
G1 F2700 E657.12309
G0 F12000 X110 Y123.356
G0 X106.18 Y123.356
G0 X106.18 Y123.1
G1 F2700 E662.12309
G1 F1871.3 X105.794 Y123.1 E662.15602
G1 F2100.7 X105.374 Y122.937 E662.19026
G1 F2400 X105.014 Y122.742 E662.2175
G1 X104.724 Y122.479 E662.24354
G1 X104.502 Y122.159 E662.26944
G1 X104.348 Y121.758 E662.29802
G1 X104.3 Y121.374 E662.32376
G1 X104.348 Y120.954 E662.35188
G1 X104.503 Y120.551 E662.3806
G1 X104.724 Y120.233 E662.40636
G1 X105.014 Y119.97 E662.43241
G1 X105.371 Y119.778 E662.45937
G1 F2100.7 X105.794 Y119.612 E662.49391
G1 F1871.3 X106.18 Y119.612 E662.52684
G1 F2105.3 X106.63 Y119.78 E662.56326
G1 F2400 X106.942 Y119.943 E662.58668
G1 X107.254 Y120.21 E662.61399
G1 X107.493 Y120.546 E662.64142
G1 F2376.2 X107.655 Y120.971 E662.67198
G1 F2222.2 X107.754 Y121.352 E662.70026
G1 F2243 X107.638 Y121.791 E662.73258
G1 F2400 X107.493 Y122.166 E662.75932
G1 X107.251 Y122.505 E662.78703
G1 X106.942 Y122.769 E662.81407
G1 X106.624 Y122.938 E662.83802
G1 F2105.3 X106.18 Y123.1 E662.87386
G1 F2700 E657.87386
G0 F12000 X106.18 Y123.356
G0 X107.109 Y123.751
G0 X107.461 Y124.063
G0 X107.729 Y124.45
G0 X107.895 Y124.89
G0 X107.953 Y125.357
G0 X107.895 Y125.824
G0 X107.729 Y126.265
G0 X107.461 Y126.652
G0 X107.109 Y126.964
G0 X106.18 Y127.356
G0 X106.18 Y127.1
G1 F2700 E662.87386
G1 F1871.3 X105.794 Y127.1 E662.90679
G1 F2100.7 X105.374 Y126.937 E662.94103
G1 F2400 X105.014 Y126.742 E662.96827
G1 X104.724 Y126.479 E662.99431
G1 X104.502 Y126.159 E663.02022
G1 X104.348 Y125.758 E663.04879
G1 X104.3 Y125.374 E663.07453
G1 X104.348 Y124.954 E663.10265
G1 X104.503 Y124.551 E663.13138
G1 X104.724 Y124.233 E663.15714
G1 X105.014 Y123.97 E663.18318
G1 X105.371 Y123.778 E663.21014
G1 F2100.7 X105.794 Y123.612 E663.24468
G1 F1871.3 X106.18 Y123.612 E663.27761
G1 F2105.3 X106.63 Y123.78 E663.31403
G1 F2400 X106.942 Y123.943 E663.33745
G1 X107.254 Y124.21 E663.36477
G1 X107.493 Y124.546 E663.3922
G1 F2376.2 X107.655 Y124.971 E663.42275
G1 F2222.2 X107.754 Y125.352 E663.45103
G1 F2243 X107.638 Y125.791 E663.48335
G1 F2400 X107.493 Y126.166 E663.5101
G1 X107.251 Y126.505 E663.5378
G1 X106.942 Y126.769 E663.56484
G1 X106.624 Y126.938 E663.58879
G1 F2105.3 X106.18 Y127.1 E663.62464
G1 F2700 E658.62464
G0 F12000 X106.18 Y127.356
G0 X106.692 Y127.183
G0 X107.109 Y126.964
G0 X107.461 Y126.652
G0 X107.729 Y126.265
G0 X107.895 Y125.824
G0 X107.953 Y125.357
G0 X107.953 Y121.357
G0 X107.895 Y120.89
G0 X107.729 Y120.45
G0 X107.461 Y120.063
G0 X107.109 Y119.751
G0 X106.18 Y119.356
G0 X106.18 Y119.1
G1 F2700 E663.62464
G1 F1871.3 X105.794 Y119.1 E663.65757
G1 F2100.7 X105.374 Y118.937 E663.69181
G1 F2400 X105.014 Y118.742 E663.71904
G1 X104.724 Y118.479 E663.74508
G1 X104.502 Y118.159 E663.77099
G1 X104.348 Y117.758 E663.79956
G1 X104.3 Y117.374 E663.82531
G1 X104.348 Y116.954 E663.85343
G1 X104.503 Y116.551 E663.88215
G1 X104.726 Y116.231 E663.90809
G1 X105.031 Y115.957 E663.93537
G1 X105.371 Y115.778 E663.96093
G1 X105.781 Y115.67 E663.98913
G1 X106.214 Y115.67 E664.01793
G1 X106.625 Y115.778 E664.0462
G1 X106.981 Y115.969 E664.07308
G1 X107.254 Y116.21 E664.0973
G1 X107.493 Y116.546 E664.12473
G1 F2376.2 X107.655 Y116.971 E664.15529
G1 F2222.2 X107.754 Y117.352 E664.18357
G1 F2243 X107.638 Y117.791 E664.21589
G1 F2400 X107.493 Y118.166 E664.24263
G1 X107.251 Y118.505 E664.27034
G1 X106.942 Y118.769 E664.29737
G1 X106.624 Y118.938 E664.32133
G1 F2105.3 X106.18 Y119.1 E664.35717
G1 F2700 E659.35717
G0 F12000 X106.18 Y119.356
G0 X110 Y119.356
G0 X110 Y119.1
G1 F2700 E664.35717
G1 F1871.3 X109.794 Y119.1 E664.37474
G1 F2100.7 X109.374 Y118.937 E664.40898
G1 F2400 X109.014 Y118.742 E664.43622
G1 X108.746 Y118.502 E664.46015
G1 X108.507 Y118.166 E664.48758
G1 X108.356 Y117.786 E664.51478
G1 F2253.5 X108.242 Y117.352 E664.54657
G1 F2227.4 X108.341 Y116.971 E664.57478
G1 F2376.2 X108.507 Y116.546 E664.60544
G1 F2400 X108.752 Y116.204 E664.63342
G1 X109.031 Y115.957 E664.65821
G1 X109.371 Y115.778 E664.68377
G1 X109.781 Y115.67 E664.71197
G1 X110.214 Y115.67 E664.74078
G1 X110.625 Y115.778 E664.76904
G1 X110.981 Y115.969 E664.79592
G1 X111.254 Y116.21 E664.82014
G1 X111.493 Y116.546 E664.84757
G1 F2376.2 X111.655 Y116.971 E664.87813
G1 F2222.2 X111.754 Y117.352 E664.90641
G1 F2243 X111.638 Y117.791 E664.93873
G1 F2400 X111.493 Y118.166 E664.96547
G1 X111.251 Y118.505 E664.99318
G1 X110.942 Y118.769 E665.02021
G1 X110.624 Y118.938 E665.04417
G1 F2105.3 X110.18 Y119.1 E665.08001
G1 F1875 X110 Y119.1 E665.09534
G1 F2700 E660.09534
G0 F12000 X110 Y119.356
G0 X113.794 Y119.356
G0 X113.794 Y119.1
G1 F2700 E665.09534
G1 F2100.7 X113.374 Y118.937 E665.12958
G1 F2400 X113.014 Y118.742 E665.15681
G1 X112.746 Y118.502 E665.18074
G1 X112.507 Y118.166 E665.20817
G1 X112.356 Y117.786 E665.23537
G1 F2253.5 X112.242 Y117.352 E665.26716
G1 F2227.4 X112.341 Y116.971 E665.29538
G1 F2376.2 X112.507 Y116.546 E665.32603
G1 F2400 X112.752 Y116.204 E665.35402
G1 X113.031 Y115.957 E665.3788
G1 X113.371 Y115.778 E665.40436
G1 X113.781 Y115.67 E665.43257
G1 X114.214 Y115.67 E665.46137
G1 X114.625 Y115.778 E665.48964
G1 X114.981 Y115.969 E665.51651
G1 X115.274 Y116.231 E665.54266
G1 X115.496 Y116.551 E665.56857
G1 X115.648 Y116.954 E665.59722
G1 X115.696 Y117.374 E665.62534
G1 X115.648 Y117.758 E665.65108
G1 X115.493 Y118.166 E665.68011
G1 X115.276 Y118.479 E665.70545
G1 X114.981 Y118.742 E665.73174
G1 X114.624 Y118.938 E665.75883
G1 F2105.3 X114.18 Y119.1 E665.79467
G1 F1871.3 X113.794 Y119.1 E665.8276
G1 F2700 E660.8276
G0 F12000 X113.794 Y119.356
G0 X117.859 Y118.86
G0 X117.859 Y118.548
G1 F2700 E665.8276
G1 F2400 X117.593 Y118.482 E665.84583
G1 X117.317 Y118.345 E665.86633
G1 X117.082 Y118.133 E665.88738
G1 X116.924 Y117.891 E665.90661
G1 X116.835 Y117.651 E665.92363
G1 X116.8 Y117.374 E665.94221
G1 X116.835 Y117.061 E665.96316
G1 X116.924 Y116.821 E665.98018
G1 X117.091 Y116.569 E666.00029
G1 X117.326 Y116.359 E666.02126
G1 X117.562 Y116.237 E666.03893
G1 X117.846 Y116.166 E666.0584
G1 X118.136 Y116.164 E666.0777
G1 X118.415 Y116.228 E666.09674
G1 X118.662 Y116.355 E666.11521
G1 X118.909 Y116.574 E666.13717
G1 X119.072 Y116.821 E666.15686
G1 X119.156 Y117.045 E666.17277
G1 X119.196 Y117.356 E666.19363
G1 X119.166 Y117.631 E666.21203
G1 X119.072 Y117.891 E666.23042
G1 X118.9 Y118.151 E666.25116
G1 X118.657 Y118.358 E666.27239
G1 X118.406 Y118.482 E666.29102
G1 X118.167 Y118.543 E666.30742
G1 X117.859 Y118.548 E666.32791
G1 F2700 E661.32791
G0 F12000 X117.859 Y118.86
G0 X116.714 Y120.684
G0 X116.59 Y121.01
G0 X116.547 Y121.357
G0 X116.59 Y121.705
G0 X116.714 Y122.031
G0 X116.913 Y122.321
G0 X117.126 Y122.508
G0 X117.859 Y122.86
G0 X117.859 Y122.548
G1 F2700 E666.32791
G1 F2400 X117.593 Y122.482 E666.34615
G1 X117.317 Y122.345 E666.36664
G1 X117.082 Y122.133 E666.3877
G1 X116.924 Y121.891 E666.40692
G1 X116.835 Y121.651 E666.42395
G1 X116.8 Y121.374 E666.44252
G1 X116.835 Y121.061 E666.46347
G1 X116.924 Y120.821 E666.4805
G1 X117.091 Y120.569 E666.50061
G1 X117.314 Y120.367 E666.52062
G1 X117.553 Y120.241 E666.5386
G1 X117.862 Y120.164 E666.55978
G1 X118.167 Y120.169 E666.58007
G1 X118.406 Y120.226 E666.59641
G1 X118.701 Y120.382 E666.61861
G1 X118.897 Y120.558 E666.63614
G1 X119.061 Y120.797 E666.65542
G1 X119.156 Y121.045 E666.67308
G1 X119.196 Y121.356 E666.69394
G1 X119.166 Y121.631 E666.71234
G1 X119.072 Y121.891 E666.73073
G1 X118.9 Y122.151 E666.75147
G1 X118.657 Y122.358 E666.77271
G1 X118.406 Y122.482 E666.79133
G1 X118.167 Y122.543 E666.80774
G1 X117.859 Y122.548 E666.82823
G1 F2700 E661.82823
G0 F12000 X117.859 Y122.86
G0 X116.714 Y124.684
G0 X116.59 Y125.01
G0 X116.547 Y125.357
G0 X116.59 Y125.705
G0 X116.714 Y126.031
G0 X116.913 Y126.321
G0 X117.126 Y126.508
G0 X117.859 Y126.86
G0 X117.859 Y126.548
G1 F2700 E666.82823
G1 F2400 X117.593 Y126.482 E666.84646
G1 X117.317 Y126.345 E666.86696
G1 X117.082 Y126.133 E666.88801
G1 X116.924 Y125.891 E666.90723
G1 X116.835 Y125.651 E666.92426
G1 X116.8 Y125.374 E666.94283
G1 X116.835 Y125.061 E666.96378
G1 X116.924 Y124.821 E666.98081
G1 X117.091 Y124.569 E667.00092
G1 X117.314 Y124.367 E667.02094
G1 X117.553 Y124.241 E667.03891
G1 X117.862 Y124.164 E667.06009
G1 X118.167 Y124.169 E667.08038
G1 X118.406 Y124.226 E667.09673
G1 X118.701 Y124.382 E667.11893
G1 X118.897 Y124.558 E667.13645
G1 X119.061 Y124.797 E667.15573
G1 X119.156 Y125.045 E667.1734
G1 X119.196 Y125.356 E667.19425
G1 X119.166 Y125.631 E667.21266
G1 X119.072 Y125.891 E667.23105
G1 X118.9 Y126.151 E667.25178
G1 X118.657 Y126.358 E667.27302
G1 X118.406 Y126.482 E667.29164
G1 X118.167 Y126.543 E667.30805
G1 X117.859 Y126.548 E667.32854
G1 F2700 E662.32854
G0 F12000 X117.859 Y126.86
G0 X116.714 Y128.684
G0 X116.59 Y129.01
G0 X116.547 Y129.357
G0 X116.59 Y129.705
G0 X116.714 Y130.031
G0 X116.913 Y130.321
G0 X117.768 Y130.847
G0 X117.843 Y130.546
G1 F2700 E667.32854
G1 F2400 X117.553 Y130.467 E667.34853
G1 X117.321 Y130.347 E667.36591
G1 X117.082 Y130.133 E667.38725
G1 X116.924 Y129.891 E667.40647
G1 X116.835 Y129.651 E667.4235
G1 X116.8 Y129.374 E667.44207
G1 X116.835 Y129.061 E667.46303
G1 X116.924 Y128.821 E667.48005
G1 X117.091 Y128.569 E667.50016
G1 X117.314 Y128.367 E667.52018
G1 X117.553 Y128.241 E667.53815
G1 X117.862 Y128.164 E667.55933
G1 X118.167 Y128.169 E667.57962
G1 X118.406 Y128.226 E667.59597
G1 X118.701 Y128.382 E667.61817
G1 X118.897 Y128.558 E667.63569
G1 X119.061 Y128.797 E667.65497
G1 X119.156 Y129.045 E667.67264
G1 X119.196 Y129.356 E667.6935
G1 X119.166 Y129.631 E667.7119
G1 X119.072 Y129.891 E667.73029
G1 X118.9 Y130.154 E667.75119
G1 X118.657 Y130.358 E667.7723
G1 X118.406 Y130.482 E667.79092
G1 X118.136 Y130.548 E667.80941
G1 X117.843 Y130.546 E667.8289
G1 F2700 E662.8289
G0 F12000 X117.768 Y130.847
G0 X116.355 Y131.326
G0 X115.971 Y131.697
G0 X115.286 Y134.031
G0 X113.707 Y135.925
G0 X113.707 Y141.756
G0 X110 Y143.156
G1 F2700 E667.8289
G1 F2400 X124.8 Y143.156 E668.8134
G1 X124.8 Y78.556 E673.11061
G1 X95.2 Y78.556 E675.07961
G1 X95.2 Y143.156 E679.37682
G1 X110 Y143.156 E680.36132
G1 F2700 E675.36132
G0 F12000 X110 Y142.847
G0 X110 Y141.756
G0 X109.974 Y138.941
G0 X110 Y114.548
G1 F2700 E680.36132
G1 F2400 X109.86 Y114.548 E680.37063
G1 X109.553 Y114.467 E680.39175
G1 X109.3 Y114.331 E680.41086
G1 X109.091 Y114.145 E680.42947
G1 X108.924 Y113.891 E680.44969
G1 X108.84 Y113.667 E680.46561
G1 X108.8 Y113.374 E680.48528
G1 X108.84 Y113.045 E680.50732
G1 X108.924 Y112.821 E680.52324
G1 X109.099 Y112.558 E680.54425
G1 X109.297 Y112.38 E680.56196
G1 F2341.5 X109.595 Y112.216 E680.58515
G1 F2064.5 X109.857 Y112.11 E680.60701
G1 F1886.1 X110.12 Y112.11 E680.62927
G1 F2114.5 X110.45 Y112.243 E680.65614
G1 F2400 X110.701 Y112.382 E680.67522
G1 X110.897 Y112.558 E680.69274
G1 X111.072 Y112.821 E680.71376
G1 X111.167 Y113.092 E680.73286
G1 X111.196 Y113.374 E680.75172
G1 X111.156 Y113.667 E680.77139
G1 X111.05 Y113.933 E680.79044
G1 X110.905 Y114.145 E680.80752
G1 X110.657 Y114.358 E680.82927
G1 X110.445 Y114.468 E680.84516
G1 X110.136 Y114.548 E680.86639
G1 X110 Y114.548 E680.87544
G1 F2700 E675.87544
G0 F12000 X110 Y114.86
G0 X109.484 Y114.715
G0 X109.176 Y114.552
G0 X108.913 Y114.321
G0 X108.714 Y114.031
G0 X108.59 Y113.705
G0 X108.547 Y113.357
G0 X108.59 Y113.01
G0 X108.714 Y112.684
G0 X108.911 Y112.395
G0 X109.175 Y112.162
G0 X110 Y111.86
G0 X110 Y111.602
G1 F2700 E680.87544
G1 F1882.4 X109.855 Y111.602 E680.88773
G1 F2069 X109.592 Y111.49 E680.90979
G1 F2352.9 X109.3 Y111.331 E680.93235
G1 F2400 X109.096 Y111.151 E680.95045
G1 X108.935 Y110.915 E680.96945
G1 X108.834 Y110.646 E680.98857
G1 X108.801 Y110.38 E681.0064
G1 X108.831 Y110.078 E681.02658
G1 X108.93 Y109.807 E681.04578
G1 X109.09 Y109.569 E681.06485
G1 X109.308 Y109.371 E681.08444
G1 X109.58 Y109.23 E681.10482
G1 X109.864 Y109.164 E681.12422
G1 X110.136 Y109.164 E681.14231
G1 X110.42 Y109.23 E681.16171
G1 X110.675 Y109.362 E681.18081
G1 X110.892 Y109.552 E681.19999
G1 X111.056 Y109.788 E681.21911
G1 X111.165 Y110.077 E681.23966
G1 X111.196 Y110.353 E681.25813
G1 X111.163 Y110.644 E681.27761
G1 X111.061 Y110.915 E681.29687
G1 X110.9 Y111.151 E681.31588
G1 F2248.2 X110.609 Y111.399 E681.34303
G1 F1995.8 X110.12 Y111.602 E681.38538
G1 F1889.8 X110 Y111.602 E681.39552
G1 F2700 E676.39552
G0 F12000 X110 Y111.86
G0 X110.515 Y111.999
G0 X110.825 Y112.162
G0 X113.176 Y114.552
G0 X113.86 Y114.86
G0 X113.86 Y114.548
G1 F2700 E681.39552
G1 F2400 X113.553 Y114.467 E681.41664
G1 X113.3 Y114.331 E681.43575
G1 X113.091 Y114.145 E681.45436
G1 X112.924 Y113.891 E681.47458
G1 X112.84 Y113.667 E681.49049
G1 X112.8 Y113.374 E681.51016
G1 X112.84 Y113.045 E681.53221
G1 X112.924 Y112.821 E681.54812
G1 X113.104 Y112.553 E681.5696
G1 X113.315 Y112.366 E681.58835
G1 X113.597 Y112.225 E681.60933
G1 X113.852 Y112.165 E681.62675
G1 X114.139 Y112.164 E681.64584
G1 X114.426 Y112.232 E681.66546
G1 X114.682 Y112.367 E681.68472
G1 X114.894 Y112.555 E681.70356
G1 X115.062 Y112.799 E681.72327
G1 X115.162 Y113.064 E681.74211
G1 X115.196 Y113.348 E681.76114
G1 X115.165 Y113.633 E681.78021
G1 X115.067 Y113.902 E681.79925
G1 X114.88 Y114.172 E681.8211
G1 X114.657 Y114.358 E681.84042
G1 X114.445 Y114.468 E681.8563
G1 X114.136 Y114.548 E681.87754
G1 X113.86 Y114.548 E681.8959
G1 F2700 E676.8959
G0 F12000 X113.86 Y114.86
G0 X106.136 Y114.86
G0 X106.136 Y114.548
G1 F2700 E681.8959
G1 F2400 X105.86 Y114.548 E681.91426
G1 X105.553 Y114.467 E681.93538
G1 X105.3 Y114.331 E681.95448
G1 X105.101 Y114.156 E681.97211
G1 X104.941 Y113.925 E681.9908
G1 X104.831 Y113.633 E682.01156
G1 X104.8 Y113.348 E682.03063
G1 X104.83 Y113.083 E682.04837
G1 X104.934 Y112.799 E682.06849
G1 X105.102 Y112.555 E682.0882
G1 X105.315 Y112.366 E682.10714
G1 X105.591 Y112.226 E682.12772
G1 X105.845 Y112.166 E682.14509
G1 X106.148 Y112.165 E682.16524
G1 X106.403 Y112.225 E682.18267
G1 X106.681 Y112.366 E682.2034
G1 X106.892 Y112.553 E682.22216
G1 X107.072 Y112.821 E682.24363
G1 X107.167 Y113.092 E682.26273
G1 X107.196 Y113.374 E682.28159
G1 X107.156 Y113.667 E682.30126
G1 X107.05 Y113.933 E682.32031
G1 X106.905 Y114.145 E682.3374
G1 X106.657 Y114.358 E682.35914
G1 X106.445 Y114.468 E682.37503
G1 X106.136 Y114.548 E682.39626
G1 F2700 E677.39626
G0 F12000 X106.136 Y114.86
G0 X106.824 Y114.552
G0 X107.087 Y114.321
G0 X107.286 Y114.031
G0 X107.41 Y113.705
G0 X107.597 Y111.298
G0 X107.49 Y109.712
G0 X107.485 Y91.053
G0 X110.277 Y89.655
G1 F2700 E682.39626
G1 F2400 X98.956 Y89.652 E683.14934
G1 X98.855 Y89.594 E683.15709
G1 X98.802 Y89.491 E683.16479
G1 F2376.2 X98.796 Y86.01 E683.39867
G1 F2038.2 X98.733 Y85.642 E683.42791
G1 F1983.5 X98.588 Y85.897 E683.45152
G1 F2302.2 X98.38 Y86.172 E683.47543
G1 F2400 X98.157 Y86.358 E683.49475
G1 X97.906 Y86.482 E683.51337
G1 X97.62 Y86.548 E683.5329
G1 X97.338 Y86.545 E683.55166
G1 X97.053 Y86.467 E683.57131
G1 X96.841 Y86.359 E683.58714
G1 X96.596 Y86.154 E683.60839
G1 X96.424 Y85.891 E683.62929
G1 X96.34 Y85.667 E683.64521
G1 X96.301 Y85.38 E683.66447
G1 X96.34 Y85.045 E683.68691
G1 X96.424 Y84.821 E683.70282
G1 X96.587 Y84.574 E683.72251
G1 X96.835 Y84.354 E683.74456
G1 X97.051 Y84.242 E683.76074
G1 X97.342 Y84.167 E683.78073
G1 X97.667 Y84.169 E683.80235
G1 X97.903 Y84.225 E683.81849
G1 X98.162 Y84.354 E683.83774
G1 X98.41 Y84.574 E683.85979
G1 F2313.3 X98.585 Y84.816 E683.8804
G1 F1991.7 X98.733 Y85.085 E683.90501
G1 F2051.3 X98.799 Y84.701 E683.93533
G1 F2388.1 X98.8 Y81.197 E684.16959
G1 F2400 X98.88 Y81.095 E684.17821
G1 X98.965 Y81.059 E684.18435
G1 X115.077 Y81.056 E685.25612
G1 X115.2 Y81.215 E685.2695
G1 F2388.1 X115.201 Y84.702 E685.50261
G1 F2060.1 X115.265 Y85.085 E685.53271
G1 F2000 X115.411 Y84.816 E685.55714
G1 F2318.8 X115.586 Y84.574 E685.5777
G1 F2400 X115.835 Y84.354 E685.5998
G1 X116.051 Y84.242 E685.61599
G1 X116.333 Y84.169 E685.63536
G1 X116.667 Y84.169 E685.65758
G1 X116.94 Y84.238 E685.67631
G1 X117.201 Y84.382 E685.69614
G1 X117.409 Y84.574 E685.71497
G1 X117.572 Y84.821 E685.73466
G1 X117.656 Y85.045 E685.75057
G1 X117.696 Y85.356 E685.77143
G1 X117.666 Y85.631 E685.78983
G1 X117.572 Y85.891 E685.80822
G1 X117.414 Y86.133 E685.82745
G1 X117.18 Y86.344 E685.84841
G1 X116.949 Y86.466 E685.86578
G1 X116.67 Y86.542 E685.88502
G1 X116.349 Y86.549 E685.90638
G1 X116.053 Y86.467 E685.92681
G1 X115.841 Y86.359 E685.94263
G1 X115.616 Y86.172 E685.9621
G1 F2318.8 X115.411 Y85.896 E685.98577
G1 F2004.2 X115.265 Y85.627 E686.01015
G1 F2060.1 X115.201 Y86.008 E686.04009
G1 F2388.1 X115.198 Y89.491 E686.27294
G1 F2400 X115.081 Y89.656 E686.28639
G1 X110.277 Y89.655 E686.60595
G1 F2700 E681.60595
G0 F12000 X110.277 Y89.967
G0 X115.265 Y89.867
G0 X114.347 Y88.804
G0 X114.335 Y85.627
G0 X115.265 Y85.627
G1 F2700 E686.60595
G1 F1864.1 X115.25 Y85.356 E686.6292
G1 X115.265 Y85.085 E686.65244
G1 F2700 E681.65244
G0 F12000 X114.335 Y85.085
G0 X99.665 Y85.085
G0 X98.733 Y85.085
G1 F2700 E686.65244
G1 F1849.7 X98.748 Y85.356 E686.67587
G1 X98.733 Y85.642 E686.70059
G1 F2700 E681.70059
G0 F12000 X99.665 Y85.642
G0 X99.653 Y88.804
G0 X99 Y91.056
G0 X97.462 Y89.726
G0 X97.429 Y87.921
G0 X96.577 Y87.772
G0 X96.572 Y141.784
G0 X110 Y141.856
G0 X110 Y141.596
;TYPE:SKIN
G1 F2700 E686.70059
G1 F2400 X96.76 Y141.596 E687.58132
G1 X96.76 Y90.201 E691.00013
G1 F2258.8 X96.786 Y89.757 E691.03156
G1 F2157.3 X96.78 Y88.03 E691.15937
G1 F2181.8 X97.038 Y88.093 E691.1788
G1 X97.22 Y88.11 E691.19218
G1 X97.22 Y89.452 E691.29037
G1 F2157.3 X97.235 Y89.741 E691.31179
G1 F2258.8 X97.392 Y90.161 E691.34348
G1 F2400 X97.722 Y90.669 E691.38378
G1 X98.167 Y91.01 E691.42107
G1 X98.582 Y91.164 E691.45051
G1 X98.981 Y91.215 E691.47727
G1 X115.153 Y91.208 E692.55304
G1 X115.489 Y91.148 E692.57574
G1 X115.869 Y90.986 E692.60322
G1 X116.256 Y90.682 E692.63596
G1 X116.536 Y90.314 E692.66672
G1 X116.66 Y90.04 E692.68672
G1 X116.759 Y89.665 E692.71252
G1 X116.76 Y88.09 E692.81729
G1 X117.191 Y88.032 E692.84622
G1 X117.647 Y87.86 E692.87864
G1 X118.073 Y87.619 E692.9112
G1 X118.4 Y87.351 E692.93932
G1 X118.766 Y86.941 E692.97588
G1 X119.066 Y86.377 E693.01838
G1 X119.202 Y85.899 E693.05144
G1 X119.26 Y85.389 E693.08558
G1 X119.216 Y84.913 E693.11738
G1 X119.091 Y84.392 E693.15302
G1 X118.79 Y83.806 E693.19684
G1 X118.351 Y83.299 E693.24145
G1 X117.907 Y82.983 E693.2777
G1 X117.569 Y82.81 E693.30296
G1 X117.149 Y82.666 E693.3325
G1 X116.76 Y82.62 E693.35855
G1 X116.758 Y81.231 E693.45095
G1 X116.689 Y80.754 E693.48301
G1 X116.423 Y80.226 E693.52234
G1 X116.316 Y80.113 E693.53269
G1 X123.24 Y80.116 E693.99328
G1 X123.24 Y141.596 E698.08294
G1 X110 Y141.596 E698.96367
G1 F2700 E693.96367
G0 F12000 X110 Y141.856
G0 X109.974 Y138.941
G0 X110 Y139.115
G1 F2700 E698.96367
G1 F2400 X110.423 Y139.082 E698.9919
G1 X110.792 Y138.991 E699.01718
G1 X111.251 Y138.82 E699.04976
G1 X111.809 Y138.446 E699.09444
G1 X112.191 Y138.02 E699.13251
G1 X112.468 Y137.588 E699.16664
G1 X112.671 Y137.064 E699.20402
G1 X112.76 Y136.384 E699.24964
G1 X112.699 Y135.782 E699.28989
G1 X113.061 Y135.957 E699.31664
G1 X113.663 Y136.099 E699.35778
G1 X114.302 Y136.106 E699.40029
G1 X114.812 Y135.987 E699.43513
G1 X115.302 Y135.793 E699.47019
G1 X115.786 Y135.461 E699.50923
G1 X116.125 Y135.117 E699.54136
G1 X116.441 Y134.663 E699.57815
G1 X116.679 Y134.038 E699.62264
G1 X116.743 Y133.57 E699.65406
G1 X116.751 Y133.268 E699.67416
G1 X116.672 Y132.649 E699.71567
G1 X116.468 Y132.105 E699.75431
G1 X116.216 Y131.721 E699.78487
G1 X116.368 Y131.575 E699.79889
G1 X116.507 Y131.681 E699.81052
G1 X117.038 Y131.947 E699.85002
G1 X117.634 Y132.098 E699.89092
G1 X118.334 Y132.104 E699.93749
G1 X118.892 Y131.962 E699.97579
G1 X119.308 Y131.786 E700.00584
G1 X119.838 Y131.422 E700.0486
G1 X120.262 Y130.946 E700.09101
G1 X120.574 Y130.361 E700.13511
G1 X120.702 Y129.895 E700.16726
G1 X120.759 Y129.442 E700.19763
G1 X120.716 Y128.913 E700.23293
G1 X120.61 Y128.48 E700.26259
G1 X120.437 Y128.057 E700.29299
G1 X120.139 Y127.605 E700.329
G1 X119.884 Y127.355 E700.35276
G1 X120.109 Y127.147 E700.37314
G1 X120.433 Y126.65 E700.41261
G1 X120.613 Y126.217 E700.4438
G1 X120.702 Y125.895 E700.46602
G1 X120.759 Y125.442 E700.49639
G1 X120.716 Y124.913 E700.5317
G1 X120.61 Y124.48 E700.56135
G1 X120.437 Y124.057 E700.59175
G1 X120.139 Y123.605 E700.62777
G1 X119.884 Y123.355 E700.65152
G1 X120.109 Y123.147 E700.6719
G1 X120.433 Y122.65 E700.71137
G1 X120.613 Y122.217 E700.74256
G1 X120.702 Y121.895 E700.76478
G1 X120.759 Y121.442 E700.79516
G1 X120.716 Y120.913 E700.83046
G1 X120.61 Y120.48 E700.86011
G1 X120.437 Y120.057 E700.89051
G1 X120.139 Y119.605 E700.92653
G1 X119.884 Y119.355 E700.95028
G1 X120.109 Y119.147 E700.97067
G1 X120.433 Y118.65 E701.01013
G1 X120.613 Y118.217 E701.04132
G1 X120.702 Y117.895 E701.06355
G1 X120.759 Y117.442 E701.09392
G1 X120.716 Y116.913 E701.12922
G1 X120.595 Y116.408 E701.16377
G1 X120.263 Y115.763 E701.21202
G1 X119.855 Y115.299 E701.25312
G1 X119.28 Y114.902 E701.2996
G1 X118.888 Y114.742 E701.32777
G1 X118.364 Y114.613 E701.36367
G1 X117.646 Y114.613 E701.41143
G1 X117 Y114.769 E701.45563
G1 X116.484 Y115.038 E701.49434
G1 X116.367 Y115.131 E701.50429
G1 X116.219 Y114.987 E701.51802
G1 X116.464 Y114.61 E701.54793
G1 X116.68 Y114.03 E701.5891
G1 X116.763 Y113.414 E701.63045
G1 X116.687 Y112.714 E701.67728
G1 X116.493 Y112.161 E701.71627
G1 X116.344 Y111.905 E701.73597
G1 X116.044 Y111.496 E701.76971
G1 X115.652 Y111.136 E701.80512
G1 X115.001 Y110.764 E701.85499
G1 X114.328 Y110.603 E701.90102
G1 X113.669 Y110.612 E701.94487
G1 X113.114 Y110.732 E701.98264
G1 X112.685 Y110.937 E702.01427
G1 X112.742 Y110.562 E702.0395
G1 X112.759 Y110.249 E702.06035
G1 X112.683 Y109.689 E702.09794
G1 X112.45 Y109.071 E702.14188
G1 X112.06 Y108.497 E702.18804
G1 X111.583 Y108.084 E702.23001
G1 X110.985 Y107.766 E702.27506
G1 X110.324 Y107.609 E702.32026
G1 X109.672 Y107.609 E702.36363
G1 X108.993 Y107.773 E702.41009
G1 X108.455 Y108.054 E702.45047
G1 X108.089 Y108.364 E702.48237
G1 X107.843 Y108.633 E702.50662
G1 X107.543 Y109.069 E702.54183
G1 X107.321 Y109.639 E702.58252
G1 X107.233 Y110.253 E702.62378
G1 X107.288 Y110.909 E702.66757
G1 X106.904 Y110.74 E702.69548
G1 X106.335 Y110.612 E702.73427
G1 X105.674 Y110.602 E702.77825
G1 X104.989 Y110.773 E702.82521
G1 X104.363 Y111.117 E702.87273
G1 X103.895 Y111.549 E702.9151
G1 X103.523 Y112.115 E702.96015
G1 X103.301 Y112.733 E703.00383
G1 X103.233 Y113.338 E703.04433
G1 X103.312 Y114.034 E703.09092
G1 X103.551 Y114.659 E703.13544
G1 X103.778 Y114.986 E703.16192
G1 X103.63 Y115.13 E703.17565
G1 X103.496 Y115.03 E703.18677
G1 X102.996 Y114.773 E703.22417
G1 X102.356 Y114.613 E703.26805
G1 X101.68 Y114.607 E703.31302
G1 X101.14 Y114.733 E703.34991
G1 X100.682 Y114.919 E703.38279
G1 X100.141 Y115.299 E703.42677
G1 X99.729 Y115.767 E703.46825
G1 X99.397 Y116.397 E703.51562
G1 X99.276 Y116.913 E703.55087
G1 X99.233 Y117.442 E703.58618
G1 X99.29 Y117.891 E703.61628
G1 X99.402 Y118.312 E703.64526
G1 X99.597 Y118.723 E703.67553
G1 X99.854 Y119.104 E703.7061
G1 X100.095 Y119.353 E703.72915
G1 X99.877 Y119.575 E703.74984
G1 X99.597 Y119.985 E703.78287
G1 X99.397 Y120.415 E703.81442
G1 X99.281 Y120.883 E703.84649
G1 X99.232 Y121.397 E703.88084
G1 X99.29 Y121.891 E703.91392
G1 X99.402 Y122.312 E703.9429
G1 X99.597 Y122.723 E703.97316
G1 X99.854 Y123.104 E704.00374
G1 X100.095 Y123.353 E704.02679
G1 X99.877 Y123.575 E704.04748
G1 X99.597 Y123.985 E704.08051
G1 X99.397 Y124.415 E704.11206
G1 X99.281 Y124.883 E704.14413
G1 X99.232 Y125.397 E704.17848
G1 X99.29 Y125.891 E704.21156
G1 X99.402 Y126.312 E704.24054
G1 X99.597 Y126.723 E704.2708
G1 X99.854 Y127.104 E704.30137
G1 X100.095 Y127.353 E704.32443
G1 X99.877 Y127.575 E704.34512
G1 X99.597 Y127.985 E704.37815
G1 X99.397 Y128.415 E704.4097
G1 X99.281 Y128.883 E704.44177
G1 X99.232 Y129.397 E704.47612
G1 X99.29 Y129.891 E704.5092
G1 X99.406 Y130.325 E704.53909
G1 X99.698 Y130.897 E704.58181
G1 X100.158 Y131.422 E704.62824
G1 X100.691 Y131.79 E704.67132
G1 X101.125 Y131.968 E704.70253
G1 X101.687 Y132.106 E704.74102
G1 X102.36 Y132.095 E704.7858
G1 X102.948 Y131.951 E704.82607
G1 X103.478 Y131.692 E704.86531
G1 X103.628 Y131.575 E704.87796
G1 X103.779 Y131.72 E704.89189
G1 X103.55 Y132.055 E704.91888
G1 X103.309 Y132.703 E704.96487
G1 X103.232 Y133.369 E705.00947
G1 X103.279 Y133.812 E705.0391
G1 X103.34 Y134.092 E705.05816
G1 X103.536 Y134.642 E705.097
G1 X103.859 Y135.106 E705.13461
G1 X104.104 Y135.359 E705.15804
G1 X104.424 Y135.623 E705.18563
G1 X104.835 Y135.852 E705.21693
G1 X105.181 Y135.984 E705.24156
G1 X105.645 Y136.099 E705.27336
G1 X106.33 Y136.099 E705.31893
G1 X106.882 Y135.972 E705.35661
G1 X107.289 Y135.798 E705.38605
G1 X107.232 Y136.393 E705.42581
G1 X107.321 Y137.061 E705.47064
G1 X107.528 Y137.589 E705.50837
G1 X107.782 Y137.998 E705.54039
G1 X108.187 Y138.45 E705.58076
G1 X108.699 Y138.798 E705.62195
G1 X109.296 Y139.031 E705.66458
G1 X109.947 Y139.119 E705.70827
G1 X110 Y139.115 E705.71181
G1 F2700 E700.71181
G0 F12000 X109.977 Y138.86
G0 X108.287 Y138.3
G0 X108.287 Y141.756
G0 X97.272 Y141.856
G0 X97.272 Y141.396
G1 F2700 E705.71181
G1 F2400 X96.96 Y141.083 E705.74121
G0 F12000 X96.96 Y140.518
G1 F2400 X97.838 Y141.396 E705.8238
G0 F12000 X98.404 Y141.396
G1 F2400 X96.96 Y139.952 E705.95965
G0 F12000 X96.96 Y139.386
G1 F2400 X98.969 Y141.396 E706.14869
G0 F12000 X99.535 Y141.396
G1 F2400 X96.96 Y138.821 E706.39093
G0 F12000 X96.96 Y138.255
G1 F2400 X100.101 Y141.396 E706.68642
G0 F12000 X100.667 Y141.396
G1 F2400 X96.96 Y137.689 E707.03515
G0 F12000 X96.96 Y137.124
G1 F2400 X101.232 Y141.396 E707.43703
G0 F12000 X101.798 Y141.396
G1 F2400 X96.96 Y136.558 E707.89216
G0 F12000 X96.96 Y135.992
G1 F2400 X102.364 Y141.396 E708.40054
G0 F12000 X102.929 Y141.396
G1 F2400 X96.96 Y135.427 E708.96206
G0 F12000 X96.96 Y134.861
G1 F2400 X103.495 Y141.396 E709.57683
G0 F12000 X104.061 Y141.396
G1 F2400 X96.96 Y134.295 E710.24485
G0 F12000 X96.96 Y133.729
G1 F2400 X104.626 Y141.396 E710.96607
G0 F12000 X105.192 Y141.396
G1 F2400 X96.96 Y133.164 E711.74049
G0 F12000 X96.96 Y132.598
G1 F2400 X105.758 Y141.396 E712.56815
G0 F12000 X106.323 Y141.396
G1 F2400 X96.96 Y132.032 E713.44901
G0 F12000 X96.96 Y131.467
G1 F2400 X106.889 Y141.396 E714.38307
G0 F12000 X107.455 Y141.396
G1 F2400 X96.96 Y130.901 E715.37037
G0 F12000 X96.96 Y130.335
G1 F2400 X108.02 Y141.396 E716.41088
G0 F12000 X108.586 Y141.396
G1 F2400 X96.96 Y129.77 E717.50458
G0 F12000 X96.96 Y129.204
G1 F2400 X109.152 Y141.396 E718.65153
G0 F12000 X109.718 Y141.396
G1 F2400 X96.96 Y128.638 E719.85172
G0 F12000 X96.96 Y128.073
G1 F2400 X99.195 Y130.308 E720.06198
G0 F12000 X99.052 Y129.599
G1 F2400 X96.96 Y127.507 E720.25878
G0 F12000 X96.96 Y126.941
G1 F2400 X99.066 Y129.048 E720.45695
G0 F12000 X99.153 Y128.569
G1 F2400 X96.96 Y126.376 E720.66325
G0 F12000 X96.96 Y125.81
G1 F2400 X99.297 Y128.147 E720.8831
G0 F12000 X99.497 Y127.781
G1 F2400 X96.96 Y125.244 E721.12177
G0 F12000 X96.96 Y124.678
G1 F2400 X99.73 Y127.448 E721.38235
G0 F12000 X100.072 Y127.752
G0 X100.362 Y127.355
G0 X99.652 Y126.236
G0 X99.208 Y126.361
G1 F2400 X96.96 Y124.113 E721.59383
G0 F12000 X96.96 Y123.547
G1 F2400 X99.058 Y125.645 E721.7912
G0 F12000 X99.063 Y125.084
G1 F2400 X96.96 Y122.981 E721.98903
G0 F12000 X96.96 Y122.416
G1 F2400 X99.145 Y124.601 E722.19459
G0 F12000 X99.283 Y124.174
G1 F2400 X96.96 Y121.85 E722.41317
G0 F12000 X96.96 Y121.284
G1 F2400 X99.481 Y123.806 E722.65037
G0 F12000 X99.71 Y123.469
G1 F2400 X96.96 Y120.719 E722.90908
G0 F12000 X96.96 Y120.153
G1 F2400 X99.227 Y122.42 E723.12234
G0 F12000 X99.064 Y121.692
G1 F2400 X96.96 Y119.587 E723.32032
G0 F12000 X96.96 Y119.022
G1 F2400 X99.059 Y121.12 E723.51774
G0 F12000 X99.137 Y120.633
G1 F2400 X96.96 Y118.456 E723.72253
G0 F12000 X96.96 Y117.89
G1 F2400 X99.271 Y120.202 E723.93999
G0 F12000 X99.464 Y119.829
G1 F2400 X96.96 Y117.325 E724.17555
G0 F12000 X96.96 Y116.759
G1 F2400 X99.691 Y119.49 E724.43246
G0 F12000 X100.072 Y119.752
G0 X100.362 Y119.355
G0 X99.684 Y118.3
G0 X99.266 Y118.5
G1 F2400 X96.96 Y116.193 E724.64944
G0 F12000 X96.96 Y115.628
G1 F2400 X99.07 Y117.738 E724.84794
G0 F12000 X99.056 Y117.158
G1 F2400 X96.96 Y115.062 E725.04512
G0 F12000 X96.96 Y114.496
G1 F2400 X99.128 Y116.664 E725.24907
G0 F12000 X99.255 Y116.226
G1 F2400 X96.96 Y113.93 E725.46502
G0 F12000 X96.96 Y113.365
G1 F2400 X99.45 Y115.855 E725.69926
G0 F12000 X99.681 Y115.52
G1 F2400 X96.96 Y112.799 E725.95524
G0 F12000 X96.96 Y112.233
G1 F2400 X99.946 Y115.22 E726.23619
G0 F12000 X100.259 Y114.967
G1 F2400 X96.96 Y111.668 E726.54654
G0 F12000 X96.96 Y111.102
G1 F2400 X100.593 Y114.735 E726.88831
G0 F12000 X100.999 Y114.575
G1 F2400 X96.96 Y110.536 E727.26827
G0 F12000 X96.96 Y109.971
G1 F2400 X101.442 Y114.453 E727.68991
G0 F12000 X101.962 Y114.407
G1 F2400 X96.96 Y109.405 E728.16047
G0 F12000 X96.96 Y108.839
G1 F2400 X102.583 Y114.462 E728.68945
G0 F12000 X103.323 Y114.637
G1 F2400 X96.96 Y108.274 E729.28804
G0 F12000 X96.96 Y107.708
G1 F2400 X103.081 Y113.829 E729.86386
G0 F12000 X103.044 Y113.226
G1 F2400 X96.96 Y107.142 E730.43621
G0 F12000 X96.96 Y106.577
G1 F2400 X103.098 Y112.715 E731.01364
G0 F12000 X103.244 Y112.295
G1 F2400 X96.96 Y106.011 E731.6048
G0 F12000 X96.96 Y105.445
G1 F2400 X103.421 Y111.907 E732.21265
G0 F12000 X103.643 Y111.562
G1 F2400 X96.96 Y104.879 E732.84135
G0 F12000 X96.96 Y104.314
G1 F2400 X103.909 Y111.263 E733.49507
G0 F12000 X104.202 Y110.99
G1 F2400 X96.96 Y103.748 E734.17635
G0 F12000 X96.96 Y103.182
G1 F2400 X104.556 Y110.779 E734.89098
G0 F12000 X104.925 Y110.582
G1 F2400 X96.96 Y102.617 E735.64028
G0 F12000 X96.96 Y102.051
G1 F2400 X105.379 Y110.47 E736.43229
G0 F12000 X105.881 Y110.406
G1 F2400 X96.96 Y101.485 E737.27152
G0 F12000 X96.96 Y100.92
G1 F2400 X106.477 Y110.437 E738.16682
G0 F12000 X107.013 Y110.407
G1 F2400 X96.96 Y100.354 E739.11255
G0 F12000 X96.96 Y99.788
G1 F2400 X107.079 Y109.907 E740.06448
G0 F12000 X107.183 Y109.445
G1 F2400 X96.96 Y99.223 E741.02615
G0 F12000 X96.96 Y98.657
G1 F2400 X107.342 Y109.039 E742.00283
G0 F12000 X107.562 Y108.693
G1 F2400 X96.96 Y98.091 E743.0002
G0 F12000 X96.96 Y97.526
G1 F2400 X107.81 Y108.375 E744.02085
G0 F12000 X108.095 Y108.095
G1 F2400 X96.96 Y96.96 E745.06837
G0 F12000 X96.96 Y96.394
G1 F2400 X108.416 Y107.851 E746.14612
G0 F12000 X108.787 Y107.656
G1 F2400 X96.96 Y95.829 E747.25873
G0 F12000 X96.96 Y95.263
G1 F2400 X109.209 Y107.512 E748.41104
G0 F12000 X109.672 Y107.41
G1 F2400 X96.96 Y94.697 E749.60696
G0 F12000 X96.96 Y94.131
G1 F2400 X110.238 Y107.41 E750.85612
G0 F12000 X110.946 Y107.552
G1 F2400 X96.96 Y93.566 E752.17184
G0 F12000 X96.96 Y93
G1 F2400 X114.366 Y110.406 E753.80929
G0 F12000 X113.8 Y110.406
G1 F2400 X112.79 Y109.396 E753.9043
G0 F12000 X112.942 Y110.113
G1 F2400 X113.312 Y110.483 E753.93911
G0 F12000 X113.41 Y110.935
G0 X114.946 Y111.043
G0 X115.14 Y110.615
G1 F2400 X96.96 Y92.434 E755.64942
G0 F12000 X96.96 Y91.869
G1 F2400 X123.039 Y117.948 E758.10277
G0 F12000 X123.039 Y117.383
G1 F2400 X96.96 Y91.303 E760.55617
G0 F12000 X96.96 Y90.737
G1 F2400 X123.039 Y116.817 E763.00957
G0 F12000 X123.039 Y116.251
G1 F2400 X97.67 Y90.882 E765.39613
G1 X97.531 Y90.743
G1 X96.963 Y90.174 E765.44961
G0 F12000 X96.501 Y90.173
G0 X96.577 Y87.772
G0 X97.429 Y87.921
G0 X97.902 Y90.152
G0 X98.795 Y90.934
G0 X98.744 Y91.39
G1 F2400 X123.039 Y115.685 E767.73513
G0 F12000 X123.039 Y115.12
G1 F2400 X99.334 Y91.414 E769.9652
G0 F12000 X99.899 Y91.414
G1 F2400 X123.039 Y114.554 E772.14207
G0 F12000 X123.039 Y113.988
G1 F2400 X100.465 Y91.414 E774.2657
G0 F12000 X101.03 Y91.413
G1 F2400 X123.039 Y113.423 E776.33621
G0 F12000 X123.039 Y112.857
G1 F2400 X101.596 Y91.413 E778.35349
G0 F12000 X102.161 Y91.413
G1 F2400 X123.039 Y112.291 E780.31756
G0 F12000 X123.039 Y111.726
G1 F2400 X102.726 Y91.413 E782.22848
G0 F12000 X103.292 Y91.413
G1 F2400 X123.039 Y111.16 E784.08616
G0 F12000 X123.039 Y110.594
G1 F2400 X103.857 Y91.412 E785.89069
G0 F12000 X104.423 Y91.412
G1 F2400 X123.039 Y110.029 E787.64201
G0 F12000 X123.039 Y109.463
G1 F2400 X104.988 Y91.412 E789.34014
G0 F12000 X105.553 Y91.411
G1 F2400 X123.039 Y108.897 E790.98511
G0 F12000 X123.039 Y108.332
G1 F2400 X106.119 Y91.411 E792.57689
G0 F12000 X106.685 Y91.411
G1 F2400 X123.039 Y107.766 E794.11542
G0 F12000 X123.039 Y107.2
G1 F2400 X107.25 Y91.411 E795.60076
G0 F12000 X107.815 Y91.411
G1 F2400 X123.039 Y106.635 E797.03294
G0 F12000 X123.039 Y106.069
G1 F2400 X108.381 Y91.411 E798.41187
G0 F12000 X108.946 Y91.41
G1 F2400 X123.039 Y105.503 E799.73765
G0 F12000 X123.039 Y104.937
G1 F2400 X109.512 Y91.41 E801.01019
G0 F12000 X110.077 Y91.41
G1 F2400 X123.039 Y104.372 E802.22958
G0 F12000 X123.039 Y103.806
G1 F2400 X110.642 Y91.409 E803.39581
G0 F12000 X111.208 Y91.409
G1 F2400 X123.039 Y103.24 E804.5088
G0 F12000 X123.039 Y102.675
G1 F2400 X111.774 Y91.409 E805.56859
G0 F12000 X112.339 Y91.408
G1 F2400 X123.039 Y102.109 E806.57522
G0 F12000 X123.039 Y101.543
G1 F2400 X112.904 Y91.408 E807.52866
G0 F12000 X113.47 Y91.408
G1 F2400 X123.039 Y100.978 E808.4289
G0 F12000 X123.039 Y100.412
G1 F2400 X114.035 Y91.408 E809.27594
G0 F12000 X114.601 Y91.408
G1 F2400 X123.039 Y99.846 E810.06974
G0 F12000 X123.039 Y99.281
G1 F2400 X115.166 Y91.408 E810.81038
G0 F12000 X115.629 Y91.304
G1 F2400 X123.039 Y98.715 E811.50752
G0 F12000 X123.039 Y98.149
G1 F2400 X116.015 Y91.125 E812.16829
G0 F12000 X116.337 Y90.881
G1 F2400 X123.039 Y97.584 E812.79882
G0 F12000 X123.039 Y97.018
G1 F2400 X116.591 Y90.57 E813.40541
G0 F12000 X116.801 Y90.213
G1 F2400 X123.039 Y96.452 E813.99229
G0 F12000 X123.039 Y95.887
G1 F2400 X116.935 Y89.782 E814.56656
G0 F12000 X116.955 Y89.237
G1 F2400 X123.039 Y95.321 E815.13891
G0 F12000 X123.039 Y94.755
G1 F2400 X116.958 Y88.673 E815.71102
G0 F12000 X117.095 Y88.246
G1 F2400 X123.039 Y94.189 E816.27015
G0 F12000 X123.039 Y93.624
G1 F2400 X117.532 Y88.117 E816.78821
G0 F12000 X117.917 Y87.936
G1 F2400 X123.039 Y93.058 E817.27006
G0 F12000 X123.039 Y92.492
G1 F2400 X118.266 Y87.719 E817.71907
G0 F12000 X118.57 Y87.457
G1 F2400 X123.039 Y91.927 E818.13954
G0 F12000 X123.039 Y91.361
G1 F2400 X118.838 Y87.16 E818.53474
G0 F12000 X119.062 Y86.818
G1 F2400 X123.039 Y90.795 E818.90887
G0 F12000 X123.039 Y90.23
G1 F2400 X119.255 Y86.445 E819.2649
G0 F12000 X119.379 Y86.003
G1 F2400 X123.039 Y89.664 E819.60925
G0 F12000 X123.039 Y89.098
G1 F2400 X119.451 Y85.51 E819.94679
G0 F12000 X119.415 Y84.909
G1 F2400 X123.039 Y88.533 E820.28771
G0 F12000 X123.039 Y87.967
G1 F2400 X119.166 Y84.093 E820.65211
G0 F12000 X118.758 Y84.305
G0 X117.544 Y83.087
G0 X117.755 Y82.683
G1 F2400 X116.96 Y81.887 E820.72694
G0 F12000 X116.96 Y81.322
G1 F2400 X123.039 Y87.401 E821.29882
G0 F12000 X123.039 Y86.836
G1 F2400 X116.867 Y80.663 E821.87949
G0 F12000 X117.083 Y80.314
G1 F2400 X123.039 Y86.27 E822.43979
G0 F12000 X123.039 Y85.704
G1 F2400 X117.649 Y80.314 E822.94685
G0 F12000 X118.215 Y80.314
G1 F2400 X123.039 Y85.138 E823.40066
G0 F12000 X123.039 Y84.573
G1 F2400 X118.781 Y80.315 E823.80123
G0 F12000 X119.347 Y80.315
G1 F2400 X123.039 Y84.007 E824.14855
G0 F12000 X123.039 Y83.441
G1 F2400 X119.913 Y80.315 E824.44263
G0 F12000 X120.479 Y80.315
G1 F2400 X123.039 Y82.876 E824.6835
G0 F12000 X123.039 Y82.31
G1 F2400 X121.045 Y80.315 E824.87113
G0 F12000 X121.611 Y80.316
G1 F2400 X123.039 Y81.744 E825.00547
G0 F12000 X123.039 Y81.179
G1 F2400 X122.177 Y80.316 E825.08661
G0 F12000 X122.742 Y80.316
G1 F2400 X123.039 Y80.613 E825.11455
G1 F2700 E820.11455
G0 F12000 X123.5 Y80.613
G0 X123.4 Y112.34
G0 X116.571 Y113.085
G0 X116.281 Y112.34
G0 X116.714 Y112.189
G1 F2700 E825.11455
G1 F2400 X119.167 Y114.641 E825.34527
G0 F12000 X118.368 Y114.408
G1 F2400 X116.919 Y112.959 E825.48158
G0 F12000 X116.947 Y113.553
G1 F2400 X117.803 Y114.408 E825.56206
G0 F12000 X117.313 Y114.485
G1 F2400 X116.883 Y114.055 E825.60251
G0 F12000 X116.73 Y114.467
G1 F2400 X116.872 Y114.609 E825.61587
G0 F12000 X117.083 Y115.023
G0 X118.359 Y115.508
G0 X120.304 Y116.394
G0 X120.711 Y116.185
G1 F2400 X123.039 Y118.514 E825.83492
G0 F12000 X123.039 Y119.08
G1 F2400 X120.921 Y116.961 E826.03422
G0 F12000 X120.946 Y117.552
G1 F2400 X123.039 Y119.645 E826.23111
G0 F12000 X123.039 Y120.211
G1 F2400 X120.868 Y118.039 E826.43539
G0 F12000 X120.726 Y118.464
G1 F2400 X123.039 Y120.777 E826.65299
G0 F12000 X123.039 Y121.342
G1 F2400 X120.544 Y118.847 E826.8877
G0 F12000 X120.323 Y119.192
G1 F2400 X123.039 Y121.908 E827.14321
G0 F12000 X123.039 Y122.474
G1 F2400 X120.67 Y120.104 E827.36611
G0 F12000 X120.916 Y120.916
G1 F2400 X123.039 Y123.039 E827.56583
G0 F12000 X123.039 Y123.605
G1 F2400 X120.951 Y121.516 E827.76231
G0 F12000 X120.876 Y122.008
G1 F2400 X123.039 Y124.171 E827.96579
G0 F12000 X123.039 Y124.736
G1 F2400 X120.738 Y122.435 E828.18225
G0 F12000 X120.56 Y122.822
G1 F2400 X123.039 Y125.302 E828.41551
G0 F12000 X123.039 Y125.868
G1 F2400 X120.34 Y123.168 E828.66946
G0 F12000 X120.643 Y124.037
G1 F2400 X123.039 Y126.434 E828.89491
G0 F12000 X123.039 Y126.999
G1 F2400 X120.909 Y124.869 E829.09529
G0 F12000 X120.956 Y125.481
G1 F2400 X123.039 Y127.565 E829.29129
G0 F12000 X123.039 Y128.131
G1 F2400 X120.886 Y125.977 E829.49388
G0 F12000 X120.751 Y126.407
G1 F2400 X123.039 Y128.696 E829.70916
G0 F12000 X123.039 Y129.262
G1 F2400 X120.575 Y126.798 E829.94096
G0 F12000 X120.355 Y127.143
G1 F2400 X123.039 Y129.828 E830.1935
G0 F12000 X123.039 Y130.393
G1 F2400 X120.615 Y127.969 E830.42154
G0 F12000 X120.895 Y128.815
G1 F2400 X123.039 Y130.959 E830.62323
G0 F12000 X123.039 Y131.525
G1 F2400 X120.959 Y129.444 E830.81895
G0 F12000 X120.894 Y129.945
G1 F2400 X123.039 Y132.09 E831.02074
G0 F12000 X123.039 Y132.656
G1 F2400 X120.777 Y130.393 E831.23358
G0 F12000 X120.586 Y130.769
G1 F2400 X123.039 Y133.222 E831.46435
G0 F12000 X123.039 Y133.787
G1 F2400 X120.373 Y131.121 E831.71515
G0 F12000 X120.106 Y131.42
G1 F2400 X123.039 Y134.353 E831.99107
G0 F12000 X123.039 Y134.919
G1 F2400 X119.81 Y131.689 E832.29488
G0 F12000 X119.472 Y131.917
G1 F2400 X123.039 Y135.484 E832.63044
G0 F12000 X123.039 Y136.05
G1 F2400 X119.085 Y132.096 E833.00241
G0 F12000 X118.655 Y132.232
G1 F2400 X123.039 Y136.616 E833.41483
G0 F12000 X123.039 Y137.182
G1 F2400 X118.162 Y132.304 E833.87367
G0 F12000 X117.584 Y132.292
G1 F2400 X123.039 Y137.747 E834.38685
G0 F12000 X123.039 Y138.313
G1 F2400 X116.763 Y132.037 E834.97725
G0 F12000 X116.887 Y132.726
G1 F2400 X123.039 Y138.879 E835.55604
G0 F12000 X123.039 Y139.444
G1 F2400 X116.947 Y133.352 E836.12914
G0 F12000 X116.905 Y133.875
G1 F2400 X123.039 Y140.01 E836.70624
G0 F12000 X123.039 Y140.576
G1 F2400 X116.787 Y134.323 E837.29443
G0 F12000 X116.634 Y134.736
G1 F2400 X123.039 Y141.141 E837.89698
G0 F12000 X122.728 Y141.396
G1 F2400 X116.401 Y135.069 E838.49218
G0 F12000 X116.147 Y135.381
G1 F2400 X122.163 Y141.396 E839.05808
G0 F12000 X121.597 Y141.396
G1 F2400 X115.857 Y135.656 E839.59807
G0 F12000 X115.521 Y135.885
G1 F2400 X121.031 Y141.396 E840.11646
G0 F12000 X120.466 Y141.396
G1 F2400 X115.142 Y136.073 E840.61726
G0 F12000 X114.72 Y136.216
G1 F2400 X119.9 Y141.396 E841.10457
G0 F12000 X119.334 Y141.396
G1 F2400 X114.242 Y136.304 E841.58359
G0 F12000 X113.677 Y136.304
G1 F2400 X118.768 Y141.396 E842.06257
G0 F12000 X118.203 Y141.396
G1 F2400 X112.949 Y136.142 E842.55683
G0 F12000 X112.928 Y136.687
G1 F2400 X117.637 Y141.396 E842.99983
G0 F12000 X117.071 Y141.396
G1 F2400 X112.844 Y137.169 E843.39748
G0 F12000 X112.687 Y137.577
G1 F2400 X116.506 Y141.396 E843.75674
G0 F12000 X115.94 Y141.396
G1 F2400 X112.482 Y137.938 E844.08205
G0 F12000 X112.24 Y138.262
G1 F2400 X115.374 Y141.396 E844.37688
G0 F12000 X114.809 Y141.396
G1 F2400 X111.978 Y138.565 E844.6432
G0 F12000 X111.647 Y138.799
G1 F2400 X114.243 Y141.396 E844.88747
G0 F12000 X113.677 Y141.396
G1 F2400 X111.297 Y139.016 E845.11136
G0 F12000 X110.884 Y139.169
G1 F2400 X113.112 Y141.396 E845.32091
G0 F12000 X112.546 Y141.396
G1 F2400 X110.431 Y139.281 E845.51988
G0 F12000 X109.896 Y139.311
G1 F2400 X111.98 Y141.396 E845.71597
G0 F12000 X111.415 Y141.396
G1 F2400 X109.245 Y139.226 E845.92011
G0 F12000 X109.388 Y138.787
G0 X108.339 Y138.24
G0 X108.054 Y138.601
G1 F2400 X110.849 Y141.396 E846.18305
G0 F12000 X110.283 Y141.396
G1 F2400 X105.026 Y136.139 E846.6776
G0 F12000 X105.752 Y136.299
G1 F2400 X107.976 Y138.523 E846.88682
G0 F12000 X108.321 Y138.218
G0 X107.565 Y136.975
G0 X107.124 Y137.105
G1 F2400 X106.323 Y136.305 E846.96212
G0 F12000 X106.784 Y136.2
G1 F2400 X107.035 Y136.451 E846.98574
G0 F12000 X107.493 Y136.411
G0 X107.597 Y135.414
G0 X106.651 Y135.814
G0 X103.64 Y134.164
G0 X103.209 Y134.321
G1 F2400 X101.034 Y132.146 E847.19035
G0 F12000 X101.755 Y132.303
G1 F2400 X103.057 Y133.604 E847.31278
G0 F12000 X103.066 Y133.047
G1 F2400 X102.319 Y132.3 E847.38306
G0 F12000 X102.782 Y132.198
G1 F2400 X103.144 Y132.56 E847.41711
G0 F12000 X103.297 Y132.147
G1 F2400 X103.203 Y132.053 E847.42596
G1 F2700 E842.42596
G0 F12000 X102.999 Y131.642
G0 X101.341 Y131.092
G0 X100.948 Y130.884
G0 X100.611 Y130.588
G0 X100.357 Y130.218
G0 X100.199 Y129.802
G0 X100.144 Y129.357
G0 X100.611 Y126.588
G0 X100.357 Y126.218
G0 X100.199 Y125.802
G0 X100.144 Y125.357
G0 X100.611 Y122.588
G0 X100.357 Y122.218
G0 X100.199 Y121.802
G0 X100.144 Y121.357
G0 X100.611 Y118.588
G0 X100.357 Y118.218
G0 X100.199 Y117.802
G0 X100.144 Y117.357
G0 X100.199 Y116.913
G0 X100.341 Y116.539
G0 X101.678 Y114.787
G0 X98.648 Y91.017
G0 X97.562 Y86.798
G0 X96.984 Y86.715
G0 X96.676 Y86.552
G0 X96.413 Y86.321
G0 X96.214 Y86.031
G0 X96.09 Y85.705
G0 X96.055 Y85.423
G0 X96.5 Y82.675
G0 X96.78 Y82.675
G1 F2700 E847.42596
G1 F2171.9 X96.782 Y81.168 E847.53673
G1 F1983.5 X96.821 Y80.439 E847.59549
G1 F1835.6 X96.821 Y80.177 E847.61828
G1 X97.599 Y80.177 E847.68594
G1 X97.326 Y80.523 E847.72427
G1 F1983.5 X97.222 Y81.212 E847.78036
G1 F2171.9 X97.22 Y82.573 E847.8804
G1 F2181.8 X96.78 Y82.675 E847.91345
G0 F12000 X96.21 Y82.675
;MESH:NONMESH
G0 F300 X96.21 Y82.675 Z1.4
G0 F12000 X96.576 Y82.935
G0 X97.429 Y82.791
G0 X97.426 Y81.305
G0 X98.748 Y79.816
;TIME_ELAPSED:1063.955517
;LAYER:3
M106 S127.5
;TYPE:WALL-INNER
;MESH:hull_rear_plate.obj
G1 F1875 X99 Y79.806 E847.93492
G1 F1920 X115 Y79.806 E849.26533
G0 F12000 X115.838 Y80.419
G0 X116.722 Y83.516
G0 X117.158 Y83.622
G0 X117.553 Y83.83
G0 X117.89 Y84.128
G0 X118.143 Y84.497
G0 X118.301 Y84.913
G0 X118.356 Y85.357
G0 X118.301 Y85.802
G0 X118.143 Y86.218
G0 X117.889 Y86.588
G0 X117.552 Y86.884
G0 X117.159 Y87.092
G0 X116.724 Y87.199
G0 X115.838 Y90.295
G0 X109.863 Y90.367
G0 X109.863 Y90.054
G1 F2400 X98.906 Y90.056 E849.99419
G1 X98.717 Y89.986 E850.0076
G1 X98.565 Y89.87 E850.02032
G1 X98.446 Y89.687 E850.03484
G1 X98.4 Y89.533 E850.04553
G1 X98.4 Y86.672 E850.23584
G1 X98.133 Y86.821 E850.25618
G1 X97.7 Y86.95 E850.28624
G1 X97.263 Y86.938 E850.31532
G1 X96.993 Y86.87 E850.33384
G1 X96.659 Y86.715 E850.35833
G1 X96.353 Y86.473 E850.38428
G1 F2449 X96.075 Y86.105 E850.41435
G1 F2566.8 X95.954 Y85.744 E850.43803
G1 F2681.6 X95.925 Y85.356 E850.4612
G1 X95.954 Y84.968 E850.48436
G1 F2566.8 X96.074 Y84.609 E850.5079
G1 F2449 X96.353 Y84.238 E850.53816
G1 F2400 X96.651 Y83.999 E850.56357
G1 X97.005 Y83.836 E850.5895
G1 X97.266 Y83.774 E850.60734
G1 X97.62 Y83.764 E850.6309
G1 X98.061 Y83.849 E850.66078
G1 X98.4 Y84.036 E850.68653
G1 X98.4 Y81.256 E850.87146
G1 X98.448 Y81.02 E850.88748
G1 X98.642 Y80.773 E850.90837
G1 X98.917 Y80.656 E850.92825
G1 X115 Y80.656 E851.9981
G1 X115.283 Y80.726 E852.01749
G1 X115.48 Y80.895 E852.03475
G1 X115.6 Y81.135 E852.0526
G1 X115.6 Y84.035 E852.24551
G1 X115.935 Y83.85 E852.27097
G1 X116.38 Y83.764 E852.30112
G1 X116.759 Y83.78 E852.32635
G1 X117.106 Y83.874 E852.35027
G1 X117.349 Y84.001 E852.3685
G1 X117.643 Y84.238 E852.39362
G1 X117.879 Y84.552 E852.41975
G1 X118.056 Y84.965 E852.44964
G1 X118.096 Y85.356 E852.47579
G1 X118.06 Y85.7 E852.4988
G1 X117.946 Y86.031 E852.52208
G1 X117.708 Y86.418 E852.55231
G1 X117.381 Y86.69 E852.5806
G1 X117.133 Y86.821 E852.59926
G1 X116.768 Y86.93 E852.6246
G1 X116.3 Y86.951 E852.65576
G1 X115.871 Y86.823 E852.68554
G1 X115.601 Y86.676 E852.70599
G1 X115.6 Y89.529 E852.89577
G1 X115.53 Y89.739 E852.9105
G1 X115.296 Y89.979 E852.93279
G1 X115.053 Y90.054 E852.94971
G1 X109.863 Y90.054 E853.29495
G1 F2700 E848.29495
G0 F12000 X109.863 Y90.367
G0 X115.838 Y90.295
G0 X116.724 Y87.199
G0 X117.159 Y87.092
G0 X117.552 Y86.884
G0 X117.889 Y86.588
G0 X118.143 Y86.218
G0 X118.301 Y85.802
G0 X118.356 Y85.357
G0 X118.301 Y84.913
G0 X118.143 Y84.497
G0 X117.89 Y84.128
G0 X117.553 Y83.83
G0 X117.158 Y83.622
G0 X116.722 Y83.516
G0 X115.838 Y80.419
G0 X98.162 Y80.419
G0 X97.446 Y82.927
G0 X96.4 Y83.214
G1 F2700 E853.29495
G1 F2400 X96.82 Y83.057 E853.32478
G1 X97.114 Y82.989 E853.34485
G1 X97.6 Y82.943 E853.37732
G1 X97.6 Y81.256 E853.48954
G1 X97.712 Y80.707 E853.52682
G1 X98.165 Y80.131 E853.57556
G1 F2077.9 X98.748 Y79.816 E853.62647
G1 X98.042 Y79.756 E853.68091
G1 F2400 X96.4 Y79.756 E853.79014
G1 X96.4 Y83.214 E854.02017
G1 F2700 E849.02017
G0 F12000 X98.17 Y83.649
G0 X98.162 Y80.419
G0 X115.838 Y80.419
G0 X116.722 Y83.516
G0 X117.158 Y83.622
G0 X117.553 Y83.83
G0 X117.89 Y84.128
G0 X118.143 Y84.497
G0 X118.301 Y84.913
G0 X118.356 Y85.357
G0 X118.301 Y85.802
G0 X118.143 Y86.218
G0 X117.889 Y86.588
G0 X117.552 Y86.884
G0 X117.159 Y87.092
G0 X116.724 Y87.199
G0 X115.838 Y90.295
G0 X106.74 Y90.289
G0 X107.856 Y91.053
G0 X108.203 Y108.504
G0 X107.862 Y111.67
G1 F2700 E854.02017
G1 F1558.4 X107.998 Y111.857 E854.04385
G0 F12000 X107.998 Y113.239
G1 F2313.3 X107.998 Y113.443 E854.05793
G0 F12000 X107.999 Y115.272
G1 F2436.5 X108.282 Y115.026 E854.0825
G1 X108.153 Y114.888 E854.09488
G1 X107.998 Y114.666 E854.11262
G1 X107.845 Y114.888 E854.13028
G1 X107.715 Y115.026 E854.14271
G1 X107.999 Y115.272 E854.16733
G0 F12000 X108 Y115.874
G1 F2400 X108.212 Y115.614 E854.18964
G1 X108.601 Y115.276 E854.22392
G1 X108.988 Y115.076 E854.2529
G1 X108.775 Y114.935 E854.26989
G1 X108.488 Y114.676 E854.29561
G1 X108.204 Y114.266 E854.32878
G1 F2388.1 X108.033 Y113.712 E854.36754
G1 F2352.9 X107.998 Y113.443 E854.38595
G1 X107.963 Y113.712 E854.40436
G1 F2388.1 X107.792 Y114.264 E854.44299
G1 F2400 X107.533 Y114.642 E854.47347
G1 X107.221 Y114.935 E854.50194
G1 X107.008 Y115.076 E854.51893
G1 X107.397 Y115.278 E854.54809
G1 X107.788 Y115.614 E854.58238
G1 X108 Y115.874 E854.6047
G0 F12000 X107.337 Y115.419
G0 X107.053 Y115.269
G0 X106.556 Y115.102
G0 X106.166 Y114.927
G1 F2659.3 X105.83 Y114.927 E854.62487
G1 F2526.3 X105.493 Y114.869 E854.64648
G1 F2406 X105.099 Y114.688 E854.67525
G1 F2400 X104.807 Y114.428 E854.70126
G1 X104.577 Y114.102 E854.7278
G1 X104.438 Y113.73 E854.75422
G1 X104.4 Y113.334 E854.78068
G1 X104.447 Y112.963 E854.80555
G1 X104.58 Y112.613 E854.83046
G1 X104.803 Y112.289 E854.85663
G1 X105.09 Y112.036 E854.88208
G1 X105.421 Y111.858 E854.90708
G1 X105.823 Y111.766 E854.93451
G1 X106.203 Y111.769 E854.95979
G1 X106.569 Y111.859 E854.98486
G1 X106.905 Y112.035 E855.01009
G1 X107.188 Y112.284 E855.03516
G1 X107.379 Y112.552 E855.05706
G1 X107.558 Y112.97 E855.0873
G1 X107.594 Y113.408 E855.11654
G1 X107.554 Y113.75 E855.13944
G1 X107.38 Y114.158 E855.16895
G1 X107.219 Y114.393 E855.1879
G1 X106.958 Y114.633 E855.21148
G1 F2461.5 X106.567 Y114.858 E855.24074
G1 F2594.6 X106.166 Y114.927 E855.26578
G0 F12000 X106.556 Y115.102
G0 X109.444 Y115.102
G0 X110 Y114.927
G1 F2666.7 X109.83 Y114.927 E855.27596
G1 F2526.3 X109.493 Y114.869 E855.29757
G1 F2406 X109.099 Y114.688 E855.32634
G1 F2400 X108.807 Y114.428 E855.35234
G1 X108.616 Y114.158 E855.37434
G1 X108.442 Y113.75 E855.40385
G1 X108.402 Y113.408 E855.42675
G1 X108.438 Y112.97 E855.45599
G1 X108.617 Y112.552 E855.48624
G1 X108.795 Y112.298 E855.50687
G1 X109.087 Y112.029 E855.53328
G1 X109.453 Y111.854 E855.56026
G1 X109.099 Y111.688 E855.58627
G1 X108.793 Y111.412 E855.61368
G1 X108.582 Y111.103 E855.63857
G1 X108.446 Y110.744 E855.66411
G1 X108.4 Y110.348 E855.69063
G1 X108.442 Y109.969 E855.716
G1 X108.568 Y109.637 E855.73962
G1 X108.788 Y109.302 E855.76628
G1 X109.11 Y109.022 E855.79466
G1 X109.452 Y108.851 E855.8201
G1 X109.833 Y108.765 E855.84608
G1 X110.167 Y108.765 E855.8683
G1 X110.583 Y108.859 E855.89667
G1 X110.928 Y109.051 E855.92293
G1 X111.187 Y109.282 E855.94602
G1 X111.416 Y109.605 E855.97236
G1 X111.554 Y109.968 E855.99819
G1 X111.599 Y110.378 E856.02563
G1 X111.551 Y110.74 E856.04992
G1 X111.414 Y111.103 E856.07573
G1 X111.203 Y111.412 E856.10062
G1 X110.901 Y111.684 E856.12765
G1 X110.545 Y111.854 E856.15389
G1 X110.913 Y112.032 E856.18109
G1 X111.201 Y112.298 E856.20717
G1 X111.379 Y112.552 E856.2278
G1 X111.558 Y112.97 E856.25805
G1 X111.594 Y113.408 E856.28728
G1 X111.554 Y113.75 E856.31019
G1 X111.38 Y114.158 E856.33969
G1 X111.219 Y114.393 E856.35864
G1 X110.958 Y114.633 E856.38223
G1 F2461.5 X110.567 Y114.858 E856.41148
G1 F2594.6 X110.166 Y114.927 E856.43652
G1 F2666.7 X110 Y114.927 E856.44646
G0 F12000 X109.444 Y115.102
G0 X108.948 Y114.884
G0 X108.611 Y114.588
G0 X108.357 Y114.218
G0 X108.199 Y113.802
G0 X108.144 Y113.357
G0 X108.144 Y110.357
G0 X108.199 Y109.913
G0 X108.357 Y109.497
G0 X108.61 Y109.128
G0 X108.947 Y108.83
G0 X109.342 Y108.622
G0 X109.778 Y108.516
G0 X110.222 Y108.516
G0 X110.658 Y108.622
G0 X111.053 Y108.83
G0 X111.39 Y109.128
G0 X111.643 Y109.497
G0 X111.801 Y109.913
G0 X111.999 Y115.272
G1 F2436.5 X112.282 Y115.026 E856.47103
G1 X112.153 Y114.888 E856.48341
G1 X111.998 Y114.666 E856.50115
G1 X111.845 Y114.888 E856.51881
G1 X111.715 Y115.026 E856.53123
G1 X111.999 Y115.272 E856.55585
G0 F12000 X112 Y115.874
G1 F2400 X112.212 Y115.614 E856.57817
G1 X112.601 Y115.276 E856.61245
G1 X112.988 Y115.076 E856.64143
G1 X112.775 Y114.935 E856.65842
G1 X112.488 Y114.676 E856.68413
G1 X112.204 Y114.266 E856.71731
G1 F2388.1 X112.033 Y113.712 E856.75607
G1 F2352.9 X111.998 Y113.443 E856.77448
G1 X111.963 Y113.712 E856.79288
G1 F2388.1 X111.792 Y114.264 E856.83152
G1 F2400 X111.533 Y114.642 E856.862
G1 X111.221 Y114.935 E856.89047
G1 X111.008 Y115.076 E856.90746
G1 X111.397 Y115.278 E856.93662
G1 X111.788 Y115.614 E856.97091
G1 X112 Y115.874 E856.99323
G0 F12000 X112.663 Y115.419
G0 X113.069 Y115.205
G0 X113.444 Y115.102
G0 X113.83 Y114.927
G1 F2526.3 X113.493 Y114.869 E857.01484
G1 F2406 X113.099 Y114.688 E857.04361
G1 F2400 X112.807 Y114.428 E857.06962
G1 X112.616 Y114.158 E857.09162
G1 X112.442 Y113.75 E857.12112
G1 X112.402 Y113.408 E857.14403
G1 X112.438 Y112.97 E857.17326
G1 X112.617 Y112.552 E857.20351
G1 X112.808 Y112.284 E857.2254
G1 X113.091 Y112.035 E857.25047
G1 X113.431 Y111.859 E857.27594
G1 X113.796 Y111.769 E857.30095
G1 X114.176 Y111.766 E857.32623
G1 X114.573 Y111.854 E857.35328
G1 X114.908 Y112.037 E857.37867
G1 X115.193 Y112.289 E857.40398
G1 X115.416 Y112.613 E857.43014
G1 X115.549 Y112.962 E857.45498
G1 X115.601 Y113.371 E857.48241
G1 X115.544 Y113.766 E857.50896
G1 X115.433 Y114.065 E857.53017
G1 X115.2 Y114.428 E857.55887
G1 X114.841 Y114.713 E857.58936
G1 F2406 X114.504 Y114.869 E857.614
G1 F2526.3 X114.166 Y114.927 E857.63567
G1 F2659.3 X113.83 Y114.927 E857.65584
G0 F12000 X113.444 Y115.102
G0 X112.948 Y114.884
G0 X112.611 Y114.588
G0 X112.467 Y114.378
G0 X111.998 Y113.443
G1 F2313.3 X111.998 Y113.239 E857.66992
G0 F12000 X111.998 Y111.857
G1 F1558.4 X112.134 Y111.67 E857.69361
G0 F12000 X112 Y119.75
G1 F1794.4 X112.178 Y119.555 E857.7171
G1 X112.401 Y119.356 E857.74369
G1 X112.168 Y119.148 E857.77148
G1 X112 Y118.962 E857.79378
G1 X111.832 Y119.148 E857.81608
G1 X111.595 Y119.356 E857.84413
G1 X111.832 Y119.564 E857.87219
G1 X112 Y119.75 E857.89449
G0 F12000 X111.999 Y120.742
G1 F2400 X112.136 Y120.38 E857.92024
G1 X112.43 Y119.956 E857.95456
G1 X112.802 Y119.623 E857.98777
G1 X113.314 Y119.357 E858.02615
G1 X112.801 Y119.088 E858.06468
G1 X112.43 Y118.756 E858.0978
G1 X112.135 Y118.331 E858.13221
G1 X111.999 Y117.967 E858.15806
G1 X111.866 Y118.33 E858.18378
G1 X111.571 Y118.754 E858.21814
G1 X111.191 Y119.09 E858.25188
G1 X110.808 Y119.293 E858.28071
G1 X110.612 Y119.358 E858.29445
G1 X110.815 Y119.426 E858.30869
G1 X111.188 Y119.62 E858.33666
G1 X111.568 Y119.953 E858.37027
G1 X111.867 Y120.385 E858.40522
G1 X111.999 Y120.742 E858.43054
G0 F12000 X112 Y120.107
G0 X112 Y123.75
G1 F1794.4 X112.178 Y123.555 E858.45403
G1 X112.401 Y123.356 E858.48062
G1 X112.168 Y123.148 E858.50841
G1 X112 Y122.962 E858.53071
G1 X111.832 Y123.148 E858.55301
G1 X111.595 Y123.356 E858.58106
G1 X111.832 Y123.564 E858.60912
G1 X112 Y123.75 E858.63142
G0 F12000 X111.999 Y124.742
G1 F2400 X112.136 Y124.38 E858.65716
G1 X112.43 Y123.956 E858.69149
G1 X112.802 Y123.623 E858.7247
G1 X113.314 Y123.357 E858.76308
G1 X112.801 Y123.088 E858.80161
G1 X112.43 Y122.756 E858.83473
G1 X112.135 Y122.331 E858.86914
G1 X111.999 Y121.967 E858.89499
G1 X111.866 Y122.33 E858.92071
G1 X111.571 Y122.754 E858.95507
G1 X111.191 Y123.09 E858.98881
G1 X110.808 Y123.293 E859.01764
G1 X110.612 Y123.358 E859.03138
G1 X110.815 Y123.426 E859.04562
G1 X111.188 Y123.62 E859.07359
G1 X111.568 Y123.953 E859.1072
G1 X111.867 Y124.385 E859.14215
G1 X111.999 Y124.742 E859.16746
G0 F12000 X112 Y124.107
G0 X112 Y127.75
G1 F1794.4 X112.178 Y127.555 E859.19096
G1 X112.401 Y127.356 E859.21755
G1 X112.168 Y127.148 E859.24534
G1 X112 Y126.962 E859.26764
G1 X111.832 Y127.148 E859.28993
G1 X111.595 Y127.356 E859.31799
G1 X111.832 Y127.564 E859.34605
G1 X112 Y127.75 E859.36834
G0 F12000 X111.999 Y128.742
G1 F2400 X112.136 Y128.38 E859.39409
G1 X112.43 Y127.956 E859.42841
G1 X112.802 Y127.623 E859.46163
G1 X113.314 Y127.357 E859.50001
G1 X112.801 Y127.088 E859.53854
G1 X112.43 Y126.756 E859.57166
G1 X112.135 Y126.331 E859.60607
G1 X111.999 Y125.967 E859.63192
G1 X111.866 Y126.33 E859.65763
G1 X111.571 Y126.754 E859.69199
G1 X111.191 Y127.09 E859.72574
G1 X110.808 Y127.293 E859.75457
G1 X110.612 Y127.358 E859.76831
G1 X110.815 Y127.426 E859.78255
G1 X111.188 Y127.62 E859.81052
G1 X111.568 Y127.953 E859.84413
G1 X111.867 Y128.385 E859.87907
G1 X111.999 Y128.742 E859.90439
G0 F12000 X112 Y128.107
G0 X111.998 Y132.045
G1 F2430.4 X112.262 Y131.67 E859.93452
G1 X111.999 Y131.439 E859.95751
G1 X111.734 Y131.67 E859.98061
G1 X111.998 Y132.045 E860.01073
G0 F12000 X111.998 Y133.239
G1 F2330.1 X112.031 Y132.999 E860.02733
G1 F2376.2 X112.208 Y132.433 E860.06717
G1 F2400 X112.514 Y132.012 E860.10179
G1 X112.764 Y131.783 E860.12435
G1 X112.983 Y131.636 E860.14189
G1 X112.595 Y131.431 E860.17108
G1 X112.212 Y131.098 E860.20484
G1 X112 Y130.838 E860.22716
G1 X111.788 Y131.098 E860.24947
G1 X111.398 Y131.434 E860.28372
G1 X111.014 Y131.636 E860.31258
G1 X111.231 Y131.783 E860.33001
G1 X111.505 Y132.032 E860.35464
G1 X111.79 Y132.441 E860.3878
G1 F2376.2 X111.965 Y132.999 E860.42709
G1 F2330.1 X111.998 Y133.239 E860.44369
G1 F2313.3 X111.998 Y133.443 E860.45777
G0 F12000 X111.998 Y134.857
G1 F1553.4 X112.147 Y135.058 E860.48349
G0 F12000 X114.176 Y135.26
G0 X114.176 Y134.946
G1 F2400 X113.793 Y134.943 E860.50896
G1 X113.432 Y134.85 E860.53376
G1 X113.094 Y134.676 E860.55905
G1 X112.804 Y134.424 E860.58461
G1 X112.616 Y134.158 E860.60627
G1 X112.442 Y133.75 E860.63578
G1 X112.402 Y133.408 E860.65868
G1 X112.438 Y132.97 E860.68792
G1 X112.617 Y132.552 E860.71817
G1 X112.809 Y132.282 E860.7402
G1 X113.082 Y132.035 E860.76469
G1 F2455.2 X113.433 Y131.852 E860.79043
G1 F2573.7 X113.806 Y131.786 E860.81393
G1 F2637.4 X114.193 Y131.786 E860.83736
G1 F2580.6 X114.565 Y131.851 E860.86072
G1 F2461.5 X114.911 Y132.034 E860.8861
G1 F2400 X115.184 Y132.279 E860.91051
G1 X115.427 Y132.624 E860.93858
G1 X115.556 Y132.994 E860.96464
G1 X115.6 Y133.342 E860.98798
G1 X115.555 Y133.74 E861.01462
G1 X115.417 Y134.097 E861.04008
G1 X115.218 Y134.394 E861.06386
G1 X114.958 Y134.633 E861.08735
G1 X114.578 Y134.853 E861.11656
G1 X114.176 Y134.946 E861.14401
G0 F12000 X114.176 Y135.26
G0 X112.389 Y135.38
G0 X111.643 Y137.218
G0 X111.389 Y137.588
G0 X111.052 Y137.884
G0 X110.829 Y138.002
G0 X110 Y138.26
G0 X110 Y137.945
G1 F2400 X109.876 Y137.948 E861.15226
G1 X109.493 Y137.87 E861.17826
G1 X109.159 Y137.715 E861.20275
G1 X108.796 Y137.427 E861.23358
G1 X108.572 Y137.084 E861.26083
G1 X108.442 Y136.746 E861.28492
G1 X108.395 Y136.349 E861.31151
G1 X108.445 Y135.973 E861.33674
G1 X108.58 Y135.612 E861.36238
G1 X108.795 Y135.298 E861.38769
G1 X109.087 Y135.029 E861.4141
G1 X109.453 Y134.854 E861.44109
G1 X109.099 Y134.688 E861.4671
G1 X108.793 Y134.412 E861.49451
G1 X108.616 Y134.158 E861.51511
G1 X108.442 Y133.75 E861.54461
G1 X108.402 Y133.408 E861.56752
G1 X108.438 Y132.97 E861.59675
G1 X108.617 Y132.552 E861.627
G1 X108.809 Y132.282 E861.64904
G1 X109.082 Y132.035 E861.67353
G1 F2455.2 X109.433 Y131.852 E861.69926
G1 F2573.7 X109.806 Y131.786 E861.72276
G1 F2637.4 X110.193 Y131.786 E861.74619
G1 F2580.6 X110.565 Y131.851 E861.76955
G1 F2461.5 X110.911 Y132.034 E861.79494
G1 F2400 X111.184 Y132.279 E861.81934
G1 X111.379 Y132.552 E861.84165
G1 X111.558 Y132.97 E861.8719
G1 X111.594 Y133.408 E861.90114
G1 X111.554 Y133.75 E861.92404
G1 X111.38 Y134.158 E861.95355
G1 X111.203 Y134.412 E861.97414
G1 X110.901 Y134.684 E862.00118
G1 X110.545 Y134.854 E862.02742
G1 X110.913 Y135.032 E862.05461
G1 X111.201 Y135.298 E862.08069
G1 X111.415 Y135.612 E862.10597
G1 X111.553 Y135.977 E862.13192
G1 X111.597 Y136.35 E862.15691
G1 X111.553 Y136.748 E862.18355
G1 X111.424 Y137.084 E862.20749
G1 X111.2 Y137.427 E862.23474
G1 X110.841 Y137.713 E862.26527
G1 X110.504 Y137.87 E862.29
G1 X110.224 Y137.94 E862.3092
G1 X110 Y137.945 E862.3241
G0 F12000 X110 Y138.26
G0 X109.341 Y138.092
G0 X108.948 Y137.884
G0 X108.611 Y137.588
G0 X108.357 Y137.218
G0 X108.267 Y136.982
G0 X107.866 Y135.037
G1 F1561 X107.998 Y134.857 E862.34693
G1 F2700 E857.34693
G0 F12000 X108.199 Y136.802
G0 X108.357 Y137.218
G0 X108.501 Y137.428
G0 X109.974 Y138.941
G0 X109.974 Y141.756
G0 X110 Y141.956
G1 F2700 E862.34693
G1 F2400 X123.6 Y141.956 E863.25161
G1 X123.6 Y79.756 E867.38917
G1 X115.725 Y79.756 E867.91302
G1 F2133.3 X115 Y79.806 E867.9674
G1 X115.659 Y80.02 E868.01925
G1 F2400 X116.12 Y80.415 E868.05964
G1 X116.344 Y80.863 E868.09295
G1 X116.4 Y81.256 E868.11936
G1 X116.4 Y82.939 E868.23131
G1 X117.053 Y83.013 E868.27503
G1 X117.439 Y83.146 E868.30219
G1 X117.722 Y83.294 E868.32343
G1 X118.094 Y83.551 E868.35351
G1 X118.481 Y83.987 E868.39229
G1 X118.749 Y84.502 E868.43091
G1 X118.859 Y84.953 E868.46179
G1 X118.901 Y85.407 E868.49212
G1 X118.848 Y85.838 E868.521
G1 X118.741 Y86.225 E868.54771
G1 X118.483 Y86.721 E868.5849
G1 X118.167 Y87.077 E868.61657
G1 X117.843 Y87.349 E868.64471
G1 X117.502 Y87.531 E868.67042
G1 X117.082 Y87.691 E868.70032
G1 X116.62 Y87.748 E868.73128
G1 X116.4 Y87.748 E868.74592
G1 X116.4 Y89.502 E868.86259
G1 X116.325 Y89.912 E868.89032
G1 X116.12 Y90.297 E868.91933
G1 X115.84 Y90.577 E868.94568
G1 X115.539 Y90.749 E868.96874
G1 X115.196 Y90.851 E868.99254
G1 X99 Y90.856 E870.0699
G1 X98.692 Y90.822 E870.09052
G1 X98.341 Y90.692 E870.11541
G1 X97.986 Y90.422 E870.14508
G1 X97.707 Y89.995 E870.17901
G1 X97.6 Y89.63 E870.20431
G1 X97.6 Y87.769 E870.32811
G1 X97.112 Y87.723 E870.36071
G1 X96.793 Y87.644 E870.38258
G1 X96.401 Y87.495 E870.41047
G1 X96.4 Y141.956 E874.03323
G1 X110 Y141.956 E874.93791
G0 F12000 X110 Y142.356
G1 F2400 X124 Y142.356 E875.86919
G1 X124 Y79.356 E880.05997
G1 X96 Y79.356 E881.92254
G1 X96 Y84.039 E882.23405
G1 X96.264 Y83.783 E882.25851
G1 X96.772 Y83.479 E882.29789
G1 X97.19 Y83.382 E882.32644
G1 X97.62 Y83.364 E882.35507
G1 X98 Y83.426 E882.38068
G1 X98 Y81.256 E882.52503
G1 X98.08 Y80.863 E882.55171
G1 X98.404 Y80.452 E882.58652
G1 X98.862 Y80.256 E882.61966
G1 X115 Y80.256 E883.69316
G1 X115.471 Y80.373 E883.72545
G1 X115.8 Y80.655 E883.75427
G1 X115.96 Y80.975 E883.77807
G1 X116 Y81.256 E883.79695
G1 X116 Y83.426 E883.9413
G1 X116.38 Y83.364 E883.96691
G1 X116.851 Y83.391 E883.99829
G1 X117.272 Y83.51 E884.0274
G1 X117.536 Y83.647 E884.04718
G1 X117.908 Y83.939 E884.07864
G1 X118.209 Y84.326 E884.11125
G1 X118.449 Y84.862 E884.15032
G1 X118.496 Y85.356 E884.18333
G1 X118.454 Y85.769 E884.21094
G1 X118.321 Y86.172 E884.23917
G1 X118.076 Y86.583 E884.271
G1 X117.905 Y86.775 E884.2881
G1 X117.641 Y86.998 E884.31109
G1 X117.317 Y87.176 E884.33568
G1 X116.867 Y87.317 E884.36705
G1 X116.376 Y87.348 E884.39978
G1 X116.001 Y87.302 E884.42491
G1 X116 Y89.489 E884.57039
G1 X115.931 Y89.864 E884.59575
G1 X115.704 Y90.167 E884.62094
G1 X115.493 Y90.327 E884.63855
G1 X115.087 Y90.453 E884.66683
G1 X98.845 Y90.456 E885.74725
G1 X98.529 Y90.339 E885.76967
G1 X98.275 Y90.146 E885.79089
G1 X98.076 Y89.841 E885.81511
G1 X98 Y89.581 E885.83313
G1 X98 Y87.284 E885.98593
G1 X97.62 Y87.348 E886.01156
G1 X97.188 Y87.33 E886.04033
G1 X96.893 Y87.257 E886.06054
G1 X96.367 Y87.023 E886.09884
G1 X96 Y86.672 E886.13262
G1 X96 Y142.356 E889.83673
G1 X110 Y142.356 E890.76802
G0 F12000 X110 Y142.756
G1 F2400 X124.4 Y142.756 E891.72591
G1 X124.4 Y78.956 E895.9699
G1 X95.6 Y78.956 E897.88569
G1 X95.601 Y84.6 E898.26113
G1 F2560 X95.575 Y85.356 E898.3083
G1 X95.601 Y86.112 E898.35547
G1 F2400 X95.6 Y142.756 E902.12345
G1 X110 Y142.756 E903.08134
G1 F2700 E898.08134
G0 F12000 X110 Y142.447
G0 X105.82 Y141.756
G0 X105.877 Y135.924
G0 X105.82 Y135.26
G0 X105.82 Y134.946
G1 F2700 E903.08134
G1 F2400 X105.43 Y134.854 E903.108
G1 X105.095 Y134.677 E903.1332
G1 X104.799 Y134.426 E903.15901
G1 X104.579 Y134.097 E903.18534
G1 X104.442 Y133.729 E903.21146
G1 X104.396 Y133.344 E903.23726
G1 X104.439 Y132.997 E903.26051
G1 X104.576 Y132.612 E903.2877
G1 X104.809 Y132.282 E903.31457
G1 X105.082 Y132.035 E903.33906
G1 F2455.2 X105.433 Y131.852 E903.3648
G1 F2573.7 X105.806 Y131.786 E903.3883
G1 F2637.4 X106.193 Y131.786 E903.41172
G1 F2580.6 X106.565 Y131.851 E903.43508
G1 F2461.5 X106.911 Y132.034 E903.46047
G1 F2400 X107.184 Y132.279 E903.48487
G1 X107.379 Y132.552 E903.50719
G1 X107.558 Y132.97 E903.53744
G1 X107.594 Y133.408 E903.56667
G1 X107.554 Y133.75 E903.58957
G1 X107.38 Y134.158 E903.61908
G1 X107.143 Y134.474 E903.64536
G1 X106.902 Y134.676 E903.66627
G1 X106.573 Y134.853 E903.69112
G1 X106.203 Y134.943 E903.71645
G1 X105.82 Y134.946 E903.74193
G0 F12000 X105.82 Y135.26
G0 X106.659 Y135.092
G0 X107.052 Y134.884
G0 X107.389 Y134.588
G0 X107.533 Y134.378
G0 X107.998 Y133.443
G1 F2313.3 X107.998 Y133.239 E903.75601
G0 F12000 X107.998 Y132.045
G1 F2430.4 X108.262 Y131.67 E903.78614
G1 X107.999 Y131.439 E903.80913
G1 X107.734 Y131.67 E903.83222
G1 X107.998 Y132.045 E903.86235
G0 F12000 X107.998 Y133.239
G1 F2330.1 X108.031 Y132.999 E903.87895
G1 F2376.2 X108.208 Y132.433 E903.91879
G1 F2400 X108.514 Y132.012 E903.95341
G1 X108.764 Y131.783 E903.97596
G1 X108.983 Y131.636 E903.99351
G1 X108.595 Y131.431 E904.0227
G1 X108.212 Y131.098 E904.05646
G1 X108 Y130.838 E904.07878
G1 X107.788 Y131.098 E904.10109
G1 X107.398 Y131.434 E904.13534
G1 X107.014 Y131.636 E904.1642
G1 X107.231 Y131.783 E904.18163
G1 X107.505 Y132.032 E904.20626
G1 X107.79 Y132.441 E904.23942
G1 F2376.2 X107.965 Y132.999 E904.27871
G1 F2330.1 X107.998 Y133.239 E904.29531
G0 F12000 X108 Y127.75
G1 F1794.4 X108.178 Y127.555 E904.3188
G1 X108.401 Y127.356 E904.34539
G1 X108.168 Y127.148 E904.37318
G1 X108 Y126.962 E904.39548
G1 X107.832 Y127.148 E904.41778
G1 X107.595 Y127.356 E904.44584
G1 X107.832 Y127.564 E904.47389
G1 X108 Y127.75 E904.49619
G0 F12000 X107.999 Y128.742
G1 F2400 X108.136 Y128.38 E904.52194
G1 X108.43 Y127.956 E904.55626
G1 X108.802 Y127.623 E904.58947
G1 X109.314 Y127.357 E904.62785
G1 X108.801 Y127.088 E904.66638
G1 X108.43 Y126.756 E904.6995
G1 X108.135 Y126.331 E904.73392
G1 X107.999 Y125.967 E904.75976
G1 X107.866 Y126.33 E904.78548
G1 X107.571 Y126.754 E904.81984
G1 X107.191 Y127.09 E904.85358
G1 X106.808 Y127.293 E904.88242
G1 X106.612 Y127.358 E904.89615
G1 X106.815 Y127.426 E904.91039
G1 X107.188 Y127.62 E904.93836
G1 X107.568 Y127.953 E904.97197
G1 X107.867 Y128.385 E905.00692
G1 X107.999 Y128.742 E905.03224
G0 F12000 X108 Y128.107
G0 X106.693 Y127.532
G0 X106.235 Y127.419
G0 X103.674 Y127.648
G1 F2442.7 X103.914 Y127.356 E905.05694
G1 X103.674 Y127.063 E905.0817
G1 X103.481 Y127.234 E905.09855
G1 X103.305 Y127.354 E905.11247
G1 X103.481 Y127.475 E905.12643
G1 X103.674 Y127.648 E905.14337
G0 F12000 X103.72 Y128.348
G1 F2400 X103.831 Y128.118 E905.16036
G1 X104.134 Y127.684 E905.19557
G1 X104.507 Y127.356 E905.22861
G1 X104.134 Y127.028 E905.26165
G1 X103.826 Y126.587 E905.29743
G1 X103.72 Y126.362 E905.31397
G1 X103.552 Y126.618 E905.33434
G1 X103.221 Y126.935 E905.36483
G1 X102.818 Y127.176 E905.39607
G1 F2388.1 X102.367 Y127.321 E905.42774
G1 F2341.5 X102.12 Y127.356 E905.44475
G1 F2330.1 X102.506 Y127.412 E905.47147
G1 F2376.2 X102.823 Y127.536 E905.49434
G1 F2400 X103.222 Y127.774 E905.52524
G1 X103.55 Y128.094 E905.55573
G1 X103.72 Y128.348 E905.57606
G0 F12000 X103.18 Y127.929
G0 X102.12 Y127.356
G1 F2285.7 X101.79 Y127.356 E905.59911
G0 F12000 X102.21 Y126.949
G1 F2400 X101.825 Y126.946 E905.62472
G1 X101.431 Y126.856 E905.6516
G1 X101.089 Y126.673 E905.6774
G1 X100.792 Y126.411 E905.70375
G1 X100.583 Y126.104 E905.72845
G1 X100.443 Y125.748 E905.7539
G1 X100.404 Y125.426 E905.77548
G1 X100.436 Y124.982 E905.80509
G1 X100.583 Y124.608 E905.83182
G1 X100.795 Y124.298 E905.8568
G1 X101.086 Y124.038 E905.88276
G1 X101.435 Y123.85 E905.90913
G1 X101.826 Y123.766 E905.93573
G1 X102.189 Y123.764 E905.95988
G1 X102.58 Y123.856 E905.9866
G1 X102.961 Y124.077 E906.0159
G1 X103.228 Y124.332 E906.04046
G1 X103.424 Y124.616 E906.06341
G1 F2412.1 X103.544 Y124.954 E906.08715
G1 F2480.6 X103.576 Y125.349 E906.11266
G1 F2474.2 X103.545 Y125.759 E906.13919
G1 F2400 X103.423 Y126.095 E906.16297
G1 X103.23 Y126.379 E906.18581
G1 X102.958 Y126.633 E906.21056
G1 X102.633 Y126.821 E906.23554
G1 X102.21 Y126.949 E906.26494
G0 F12000 X102.282 Y127.248
G0 X101.341 Y127.092
G0 X100.948 Y126.884
G0 X100.611 Y126.588
G0 X100.357 Y126.218
G0 X100.199 Y125.802
G0 X100.144 Y125.357
G0 X100.199 Y124.913
G0 X100.357 Y124.497
G0 X100.61 Y124.128
G0 X100.947 Y123.83
G0 X102.12 Y123.356
G1 F2285.7 X101.79 Y123.356 E906.28799
G0 F12000 X102.21 Y122.949
G1 F2400 X101.825 Y122.946 E906.3136
G1 X101.431 Y122.856 E906.34048
G1 X101.089 Y122.673 E906.36628
G1 X100.792 Y122.411 E906.39263
G1 X100.583 Y122.104 E906.41733
G1 X100.443 Y121.748 E906.44278
G1 X100.404 Y121.426 E906.46436
G1 X100.436 Y120.982 E906.49397
G1 X100.583 Y120.608 E906.5207
G1 X100.795 Y120.298 E906.54568
G1 X101.086 Y120.038 E906.57164
G1 X101.435 Y119.85 E906.59801
G1 X101.826 Y119.766 E906.62461
G1 X102.189 Y119.764 E906.64876
G1 X102.58 Y119.856 E906.67548
G1 X102.961 Y120.077 E906.70478
G1 X103.228 Y120.332 E906.72934
G1 X103.424 Y120.616 E906.75229
G1 F2412.1 X103.544 Y120.954 E906.77603
G1 F2480.6 X103.576 Y121.349 E906.80154
G1 F2474.2 X103.545 Y121.759 E906.82807
G1 F2400 X103.423 Y122.095 E906.85185
G1 X103.23 Y122.379 E906.87469
G1 X102.958 Y122.633 E906.89944
G1 X102.633 Y122.821 E906.92442
G1 X102.21 Y122.949 E906.95382
G0 F12000 X102.282 Y123.248
G0 X103.674 Y123.648
G1 F2442.7 X103.914 Y123.356 E906.97852
G1 X103.674 Y123.063 E907.00327
G1 X103.481 Y123.234 E907.02013
G1 X103.305 Y123.354 E907.03405
G1 X103.481 Y123.475 E907.04801
G1 X103.674 Y123.648 E907.06495
G0 F12000 X103.72 Y124.348
G1 F2400 X103.831 Y124.118 E907.08193
G1 X104.134 Y123.684 E907.11714
G1 X104.507 Y123.356 E907.15018
G1 X104.134 Y123.028 E907.18322
G1 X103.826 Y122.587 E907.21901
G1 X103.72 Y122.362 E907.23555
G1 X103.552 Y122.618 E907.25592
G1 X103.221 Y122.935 E907.28641
G1 X102.818 Y123.176 E907.31764
G1 F2388.1 X102.367 Y123.321 E907.34931
G1 F2341.5 X102.12 Y123.356 E907.36632
G1 F2330.1 X102.506 Y123.412 E907.39305
G1 F2376.2 X102.823 Y123.536 E907.41592
G1 F2400 X103.222 Y123.774 E907.44682
G1 X103.55 Y124.094 E907.4773
G1 X103.72 Y124.348 E907.49763
G0 F12000 X105.307 Y123.532
G0 X105.765 Y123.419
G0 X106.032 Y123.419
G0 X108 Y123.75
G1 F1794.4 X108.178 Y123.555 E907.52112
G1 X108.401 Y123.356 E907.54772
G1 X108.168 Y123.148 E907.57551
G1 X108 Y122.962 E907.5978
G1 X107.832 Y123.148 E907.6201
G1 X107.595 Y123.356 E907.64816
G1 X107.832 Y123.564 E907.67621
G1 X108 Y123.75 E907.69851
G0 F12000 X107.999 Y124.742
G1 F2400 X108.136 Y124.38 E907.72426
G1 X108.43 Y123.956 E907.75858
G1 X108.802 Y123.623 E907.79179
G1 X109.314 Y123.357 E907.83018
G1 X108.801 Y123.088 E907.86871
G1 X108.43 Y122.756 E907.90182
G1 X108.135 Y122.331 E907.93624
G1 X107.999 Y121.967 E907.96209
G1 X107.866 Y122.33 E907.9878
G1 X107.571 Y122.754 E908.02216
G1 X107.191 Y123.09 E908.05591
G1 X106.808 Y123.293 E908.08474
G1 X106.612 Y123.358 E908.09848
G1 X106.815 Y123.426 E908.11272
G1 X107.188 Y123.62 E908.14068
G1 X107.568 Y123.953 E908.1743
G1 X107.867 Y124.385 E908.20924
G1 X107.999 Y124.742 E908.23456
G0 F12000 X108 Y124.107
G0 X108 Y119.75
G1 F1794.4 X108.178 Y119.555 E908.25805
G1 X108.401 Y119.356 E908.28464
G1 X108.168 Y119.148 E908.31243
G1 X108 Y118.962 E908.33473
G1 X107.832 Y119.148 E908.35703
G1 X107.595 Y119.356 E908.38509
G1 X107.832 Y119.564 E908.41314
G1 X108 Y119.75 E908.43544
G0 F12000 X107.999 Y120.742
G1 F2400 X108.136 Y120.38 E908.46119
G1 X108.43 Y119.956 E908.49551
G1 X108.802 Y119.623 E908.52872
G1 X109.314 Y119.357 E908.5671
G1 X108.801 Y119.088 E908.60564
G1 X108.43 Y118.756 E908.63875
G1 X108.135 Y118.331 E908.67317
G1 X107.999 Y117.967 E908.69902
G1 X107.866 Y118.33 E908.72473
G1 X107.571 Y118.754 E908.75909
G1 X107.191 Y119.09 E908.79283
G1 X106.808 Y119.293 E908.82167
G1 X106.612 Y119.358 E908.8354
G1 X106.815 Y119.426 E908.84965
G1 X107.188 Y119.62 E908.87761
G1 X107.568 Y119.953 E908.91122
G1 X107.867 Y120.385 E908.94617
G1 X107.999 Y120.742 E908.97149
G0 F12000 X108 Y120.107
G0 X108.047 Y129.357
G0 X108.105 Y129.824
G0 X108.271 Y130.265
G0 X108.423 Y130.484
G0 X109.445 Y131.613
G0 X110 Y131.423
G1 F2594.6 X109.729 Y131.423 E908.98817
G1 F2487 X109.259 Y131.331 E909.01891
G1 F2400 X108.796 Y131.079 E909.05397
G1 X108.432 Y130.758 E909.08626
G1 X108.136 Y130.331 E909.12082
G1 X107.999 Y129.967 E909.14669
G1 X107.866 Y130.33 E909.17241
G1 X107.57 Y130.755 E909.20686
G1 X107.2 Y131.079 E909.23957
G1 X106.744 Y131.328 E909.27414
G1 F2493.5 X106.27 Y131.422 E909.30507
G1 F2594.6 X105.729 Y131.423 E909.33836
G1 F2487 X105.259 Y131.331 E909.36911
G1 F2400 X104.796 Y131.079 E909.40417
G1 X104.423 Y130.742 E909.43761
G1 X104.137 Y130.335 E909.4707
G1 X103.952 Y129.848 E909.50535
G1 F2539.7 X103.925 Y129.288 E909.5406
G1 X103.959 Y128.845 E909.56853
G1 F2400 X104.137 Y128.378 E909.60177
G1 X104.414 Y127.981 E909.63397
G1 X104.797 Y127.625 E909.66876
G1 X105.314 Y127.357 E909.70749
G1 X104.797 Y127.086 E909.74632
G1 X104.414 Y126.731 E909.78106
G1 X104.137 Y126.334 E909.81326
G1 X103.952 Y125.848 E909.84786
G1 F2539.7 X103.925 Y125.288 E909.8831
G1 X103.959 Y124.845 E909.91103
G1 F2400 X104.137 Y124.378 E909.94427
G1 X104.414 Y123.981 E909.97647
G1 X104.797 Y123.625 E910.01126
G1 X105.314 Y123.357 E910.05
G1 X104.797 Y123.086 E910.08882
G1 X104.414 Y122.731 E910.12356
G1 X104.137 Y122.334 E910.15576
G1 X103.952 Y121.848 E910.19036
G1 F2539.7 X103.925 Y121.288 E910.2256
G1 X103.959 Y120.845 E910.25353
G1 F2400 X104.137 Y120.378 E910.28677
G1 X104.414 Y119.981 E910.31898
G1 X104.797 Y119.625 E910.35376
G1 X105.314 Y119.357 E910.3925
G1 X104.797 Y119.086 E910.43133
G1 X104.414 Y118.731 E910.46606
G1 X104.137 Y118.334 E910.49827
G1 X103.952 Y117.848 E910.53286
G1 F2539.7 X103.925 Y117.288 E910.5681
G1 X103.959 Y116.845 E910.59603
G1 F2400 X104.137 Y116.378 E910.62928
G1 X104.419 Y115.974 E910.66205
G1 X104.798 Y115.625 E910.69632
G1 X105.256 Y115.387 E910.73065
G1 F2487 X105.714 Y115.29 E910.76071
G1 F2573.7 X106.28 Y115.29 E910.79582
G1 F2487 X106.744 Y115.388 E910.82626
G1 F2400 X107.198 Y115.632 E910.86054
G1 X107.567 Y115.952 E910.89303
G1 X107.867 Y116.384 E910.92802
G1 X107.999 Y116.742 E910.9534
G1 X108.136 Y116.38 E910.97915
G1 X108.43 Y115.956 E911.01347
G1 X108.802 Y115.623 E911.04668
G1 X109.256 Y115.387 E911.08072
G1 F2487 X109.714 Y115.29 E911.11077
G1 F2573.7 X110.28 Y115.29 E911.14588
G1 F2487 X110.744 Y115.388 E911.17632
G1 F2400 X111.198 Y115.632 E911.21061
G1 X111.567 Y115.952 E911.2431
G1 X111.867 Y116.384 E911.27808
G1 X111.999 Y116.742 E911.30347
G1 X112.136 Y116.38 E911.32921
G1 X112.43 Y115.956 E911.36353
G1 X112.802 Y115.623 E911.39675
G1 X113.256 Y115.387 E911.43078
G1 F2487 X113.714 Y115.29 E911.46084
G1 F2573.7 X114.28 Y115.29 E911.49594
G1 F2487 X114.744 Y115.388 E911.52639
G1 F2400 X115.198 Y115.632 E911.56067
G1 X115.581 Y115.974 E911.59483
G1 X115.871 Y116.391 E911.62862
G1 X116.039 Y116.872 E911.66251
G1 F2539.7 X116.071 Y117.288 E911.68874
G1 X116.044 Y117.843 E911.72366
G1 F2406 X115.869 Y118.324 E911.75763
G1 F2400 X115.566 Y118.76 E911.79295
G1 X115.191 Y119.09 E911.82618
G1 X114.808 Y119.293 E911.85501
G1 X114.612 Y119.358 E911.86875
G1 X114.815 Y119.426 E911.88299
G1 X115.189 Y119.621 E911.91104
G1 X115.566 Y119.952 E911.94442
G1 X115.871 Y120.391 E911.97998
G1 X116.039 Y120.872 E912.01387
G1 F2539.7 X116.071 Y121.288 E912.04009
G1 X116.044 Y121.843 E912.07502
G1 F2406 X115.869 Y122.324 E912.10899
G1 F2400 X115.566 Y122.76 E912.14431
G1 X115.191 Y123.09 E912.17753
G1 X114.808 Y123.293 E912.20637
G1 X114.612 Y123.358 E912.22011
G1 X114.815 Y123.426 E912.23435
G1 X115.189 Y123.621 E912.2624
G1 X115.566 Y123.952 E912.29578
G1 X115.871 Y124.391 E912.33133
G1 X116.039 Y124.872 E912.36523
G1 F2539.7 X116.071 Y125.288 E912.39145
G1 X116.044 Y125.843 E912.42638
G1 F2406 X115.869 Y126.324 E912.46035
G1 F2400 X115.566 Y126.76 E912.49567
G1 X115.191 Y127.09 E912.52889
G1 X114.808 Y127.293 E912.55773
G1 X114.612 Y127.358 E912.57146
G1 X114.815 Y127.426 E912.58571
G1 X115.189 Y127.621 E912.61376
G1 X115.566 Y127.952 E912.64714
G1 X115.871 Y128.391 E912.68269
G1 X116.039 Y128.872 E912.71659
G1 F2539.7 X116.071 Y129.288 E912.74281
G1 X116.044 Y129.843 E912.77774
G1 F2406 X115.869 Y130.325 E912.81177
G1 F2400 X115.577 Y130.742 E912.84563
G1 X115.2 Y131.079 E912.87927
G1 X114.744 Y131.328 E912.91383
G1 F2493.5 X114.27 Y131.422 E912.94477
G1 F2594.6 X113.729 Y131.423 E912.97806
G1 F2487 X113.259 Y131.331 E913.0088
G1 F2400 X112.796 Y131.079 E913.04387
G1 X112.432 Y130.758 E913.07615
G1 X112.136 Y130.331 E913.11071
G1 X111.999 Y129.967 E913.13658
G1 X111.866 Y130.33 E913.1623
G1 X111.57 Y130.755 E913.19675
G1 X111.2 Y131.079 E913.22947
G1 X110.744 Y131.328 E913.26403
G1 F2493.5 X110.27 Y131.422 E913.29497
G1 F2594.6 X110 Y131.423 E913.31158
G1 F2700 E908.31158
G0 F12000 X109.445 Y131.613
G0 X108.947 Y131.83
G0 X108.61 Y132.128
G0 X108.357 Y132.497
G0 X108.199 Y132.913
G0 X108.144 Y133.357
G0 X108.144 Y136.357
G0 X108.199 Y136.802
G0 X108.357 Y137.218
G0 X108.611 Y137.588
G0 X108.948 Y137.884
G0 X109.341 Y138.092
G0 X109.776 Y138.199
G0 X110.224 Y138.199
G0 X110.659 Y138.092
G0 X111.052 Y137.884
G0 X111.389 Y137.588
G0 X111.643 Y137.218
G0 X112.611 Y134.588
G0 X112.948 Y134.884
G0 X113.341 Y135.092
G0 X113.776 Y135.199
G0 X114.224 Y135.199
G0 X114.659 Y135.092
G0 X115.052 Y134.884
G0 X115.389 Y134.588
G0 X115.643 Y134.218
G0 X115.801 Y133.802
G0 X116.086 Y130.452
G0 X117.341 Y131.092
G0 X117.776 Y131.199
G0 X118.224 Y131.199
G0 X118.659 Y131.092
G0 X119.052 Y130.884
G0 X119.389 Y130.588
G0 X119.643 Y130.218
G0 X119.801 Y129.802
G0 X119.856 Y129.357
G0 X119.801 Y128.913
G0 X119.643 Y128.497
G0 X119.39 Y128.128
G0 X119.053 Y127.83
G0 X118.658 Y127.622
G0 X118.222 Y127.516
G0 X116.324 Y127.641
G1 F2700 E913.31158
G1 F2449 X116.674 Y127.348 E913.34134
G1 X116.324 Y127.066 E913.37064
G1 X116.085 Y127.356 E913.39513
G1 X116.324 Y127.641 E913.41938
G0 F12000 X116.278 Y128.345
G1 F2400 X116.502 Y128.012 E913.44608
G1 X116.859 Y127.708 E913.47727
G1 X117.285 Y127.476 E913.50954
G1 F2330.1 X117.79 Y127.356 E913.5451
G1 F2296.7 X117.282 Y127.231 E913.58147
G1 F2364.5 X116.86 Y127.001 E913.61392
G1 F2400 X116.499 Y126.698 E913.64527
G1 X116.278 Y126.368 E913.67169
G1 X116.173 Y126.587 E913.68784
G1 X115.86 Y127.034 E913.72414
G1 X115.489 Y127.356 E913.75682
G1 X115.86 Y127.678 E913.7895
G1 X116.168 Y128.118 E913.82523
G1 X116.278 Y128.345 E913.84201
G0 F12000 X116.657 Y128.052
G0 X117.79 Y127.356
G1 F2285.7 X118.12 Y127.356 E913.86506
G0 F12000 X118.21 Y126.949
G1 F2400 X117.825 Y126.946 E913.89067
G1 X117.431 Y126.856 E913.91755
G1 X117.089 Y126.673 E913.94335
G1 X116.797 Y126.424 E913.96888
G1 X116.573 Y126.096 E913.9953
G1 X116.451 Y125.759 E914.01914
G1 F2474.2 X116.42 Y125.349 E914.04567
G1 F2480.6 X116.452 Y124.954 E914.07118
G1 F2418.1 X116.574 Y124.615 E914.09496
G1 F2406 X116.802 Y124.283 E914.12169
G1 F2400 X117.086 Y124.038 E914.14664
G1 X117.435 Y123.85 E914.17301
G1 X117.826 Y123.766 E914.19961
G1 X118.189 Y123.764 E914.22376
G1 X118.58 Y123.856 E914.25048
G1 X118.961 Y124.077 E914.27978
G1 X119.201 Y124.298 E914.30148
G1 X119.381 Y124.554 E914.3223
G1 X119.557 Y124.969 E914.35228
G1 X119.596 Y125.356 E914.37816
G1 X119.556 Y125.742 E914.40397
G1 X119.413 Y126.104 E914.42986
G1 X119.204 Y126.411 E914.45457
G1 X118.958 Y126.633 E914.47661
G1 X118.633 Y126.821 E914.50158
G1 X118.21 Y126.949 E914.53098
G0 F12000 X118.282 Y127.248
G0 X119.052 Y126.884
G0 X119.389 Y126.588
G0 X119.643 Y126.218
G0 X119.801 Y125.802
G0 X119.856 Y125.357
G0 X119.801 Y124.913
G0 X119.643 Y124.497
G0 X119.39 Y124.128
G0 X119.117 Y123.887
G0 X118.12 Y123.356
G1 F2285.7 X117.79 Y123.356 E914.55403
G0 F12000 X118.21 Y122.949
G1 F2400 X117.825 Y122.946 E914.57964
G1 X117.431 Y122.856 E914.60653
G1 X117.089 Y122.673 E914.63233
G1 X116.797 Y122.424 E914.65786
G1 X116.573 Y122.096 E914.68428
G1 X116.451 Y121.759 E914.70812
G1 F2474.2 X116.42 Y121.349 E914.73465
G1 F2480.6 X116.452 Y120.954 E914.76015
G1 F2418.1 X116.574 Y120.615 E914.78394
G1 F2406 X116.802 Y120.283 E914.81066
G1 F2400 X117.086 Y120.038 E914.83561
G1 X117.435 Y119.85 E914.86198
G1 X117.826 Y119.766 E914.88859
G1 X118.189 Y119.764 E914.91273
G1 X118.58 Y119.856 E914.93945
G1 X118.961 Y120.077 E914.96875
G1 X119.201 Y120.298 E914.99046
G1 X119.381 Y120.554 E915.01127
G1 X119.557 Y120.969 E915.04126
G1 X119.596 Y121.356 E915.06713
G1 X119.556 Y121.742 E915.09295
G1 X119.413 Y122.104 E915.11884
G1 X119.204 Y122.411 E915.14354
G1 X118.958 Y122.633 E915.16559
G1 X118.633 Y122.821 E915.19056
G1 X118.21 Y122.949 E915.21996
G0 F12000 X118.282 Y123.248
G0 X116.324 Y123.641
G1 F2449 X116.674 Y123.348 E915.24972
G1 X116.324 Y123.066 E915.27902
G1 X116.085 Y123.356 E915.30351
G1 X116.324 Y123.641 E915.32776
G0 F12000 X116.278 Y124.345
G1 F2400 X116.502 Y124.012 E915.35446
G1 X116.859 Y123.708 E915.38565
G1 X117.285 Y123.476 E915.41792
G1 F2330.1 X117.79 Y123.356 E915.45348
G1 F2296.7 X117.282 Y123.231 E915.48985
G1 F2364.5 X116.86 Y123.001 E915.5223
G1 F2400 X116.499 Y122.698 E915.55365
G1 X116.278 Y122.368 E915.58007
G1 X116.173 Y122.587 E915.59622
G1 X115.86 Y123.034 E915.63252
G1 X115.489 Y123.356 E915.6652
G1 X115.86 Y123.678 E915.69788
G1 X116.168 Y124.118 E915.73361
G1 X116.278 Y124.345 E915.75039
G0 F12000 X117.776 Y123.199
G0 X118.224 Y123.199
G0 X118.659 Y123.092
G0 X119.052 Y122.884
G0 X119.389 Y122.588
G0 X119.643 Y122.218
G0 X119.801 Y121.802
G0 X119.856 Y121.357
G0 X119.801 Y120.913
G0 X119.643 Y120.497
G0 X119.39 Y120.128
G0 X119.053 Y119.83
G0 X118.658 Y119.622
G0 X118.222 Y119.516
G0 X116.324 Y119.641
G1 F2449 X116.674 Y119.348 E915.78014
G1 X116.324 Y119.066 E915.80944
G1 X116.085 Y119.356 E915.83394
G1 X116.324 Y119.641 E915.85819
G0 F12000 X116.278 Y120.345
G1 F2400 X116.502 Y120.012 E915.88488
G1 X116.859 Y119.708 E915.91608
G1 X117.285 Y119.476 E915.94834
G1 F2330.1 X117.79 Y119.356 E915.98391
G1 F2296.7 X117.282 Y119.231 E916.02027
G1 F2364.5 X116.86 Y119.001 E916.05272
G1 F2400 X116.499 Y118.698 E916.08407
G1 X116.278 Y118.368 E916.11049
G1 X116.173 Y118.587 E916.12665
G1 X115.86 Y119.034 E916.16295
G1 X115.489 Y119.356 E916.19563
G1 X115.86 Y119.678 E916.22831
G1 X116.168 Y120.118 E916.26403
G1 X116.278 Y120.345 E916.28081
G0 F12000 X116.657 Y120.052
G0 X117.79 Y119.356
G1 F2285.7 X118.12 Y119.356 E916.30386
G0 F12000 X118.21 Y118.949
G1 F2400 X117.825 Y118.946 E916.32947
G1 X117.431 Y118.856 E916.35636
G1 X117.089 Y118.673 E916.38216
G1 X116.797 Y118.424 E916.40769
G1 X116.573 Y118.096 E916.43411
G1 X116.451 Y117.759 E916.45795
G1 F2474.2 X116.42 Y117.349 E916.48448
G1 F2480.6 X116.452 Y116.954 E916.50998
G1 F2412.1 X116.574 Y116.615 E916.53383
G1 F2400 X116.803 Y116.282 E916.56071
G1 X117.095 Y116.032 E916.58628
G1 X117.433 Y115.854 E916.6117
G1 X117.835 Y115.765 E916.63908
G1 X118.167 Y115.765 E916.66117
G1 X118.531 Y115.845 E916.68596
G1 X118.849 Y116.001 E916.70952
G1 X119.143 Y116.238 E916.73464
G1 X119.379 Y116.552 E916.76077
G1 X119.557 Y116.969 E916.79093
G1 X119.596 Y117.356 E916.81681
G1 X119.556 Y117.742 E916.84262
G1 X119.413 Y118.104 E916.86851
G1 X119.204 Y118.411 E916.89322
G1 X118.958 Y118.633 E916.91526
G1 X118.633 Y118.821 E916.94023
G1 X118.21 Y118.949 E916.96963
G0 F12000 X118.282 Y119.248
G0 X119.39 Y120.128
G0 X119.643 Y120.497
G0 X119.801 Y120.913
G0 X119.856 Y121.357
G0 X119.39 Y124.128
G0 X119.643 Y124.497
G0 X119.801 Y124.913
G0 X119.856 Y125.357
G0 X119.39 Y128.128
G0 X119.643 Y128.497
G0 X119.801 Y128.913
G0 X119.856 Y129.357
G0 X119.801 Y129.802
G0 X119.643 Y130.218
G0 X119.389 Y130.588
G0 X119.052 Y130.884
G0 X118.733 Y131.052
G0 X117.832 Y131.26
G0 X117.832 Y130.947
G1 F2400 X117.427 Y130.852 E916.9973
G1 X117.099 Y130.68 E917.02194
G1 X116.797 Y130.425 E917.04823
G1 X116.573 Y130.095 E917.07476
G1 X116.451 Y129.759 E917.09854
G1 F2474.2 X116.42 Y129.349 E917.12507
G1 F2480.6 X116.452 Y128.954 E917.15058
G1 F2418.1 X116.574 Y128.615 E917.17436
G1 F2406 X116.802 Y128.283 E917.20109
G1 F2400 X117.086 Y128.038 E917.22604
G1 X117.435 Y127.85 E917.25241
G1 X117.826 Y127.766 E917.27901
G1 X118.189 Y127.764 E917.30316
G1 X118.58 Y127.856 E917.32988
G1 X118.961 Y128.077 E917.35918
G1 X119.201 Y128.298 E917.38088
G1 X119.381 Y128.554 E917.4017
G1 X119.557 Y128.969 E917.43168
G1 X119.596 Y129.356 E917.45756
G1 X119.56 Y129.7 E917.48056
G1 X119.446 Y130.031 E917.50385
G1 X119.205 Y130.422 E917.53441
G1 X118.841 Y130.713 E917.56541
G1 X118.531 Y130.862 E917.58828
G1 X118.202 Y130.947 E917.61089
G1 X117.832 Y130.947 E917.6355
G0 F12000 X117.832 Y131.26
G0 X115.337 Y131.296
G0 X115.801 Y132.913
G0 X115.856 Y133.357
G0 X115.801 Y133.802
G0 X115.643 Y134.218
G0 X115.389 Y134.588
G0 X115.052 Y134.884
G0 X114.659 Y135.092
G0 X114.224 Y135.199
G0 X111.643 Y135.497
G0 X111.801 Y135.913
G0 X111.856 Y136.357
G0 X111.801 Y136.802
G0 X111.643 Y137.218
G0 X111.389 Y137.588
G0 X111.052 Y137.884
G0 X110.659 Y138.092
G0 X110.224 Y138.199
G0 X109.776 Y138.199
G0 X109.341 Y138.092
G0 X108.948 Y137.884
G0 X108.611 Y137.588
G0 X108.357 Y137.218
G0 X107.389 Y134.588
G0 X107.052 Y134.884
G0 X106.659 Y135.092
G0 X106.224 Y135.199
G0 X105.776 Y135.199
G0 X105.341 Y135.092
G0 X104.948 Y134.884
G0 X104.611 Y134.588
G0 X104.357 Y134.218
G0 X104.199 Y133.802
G0 X104.144 Y133.357
G0 X104.199 Y132.913
G0 X104.586 Y131.416
G0 X102.28 Y131.248
G0 X102.207 Y130.947
G1 F2400 X101.797 Y130.947 E917.66277
G1 X101.48 Y130.866 E917.68454
G1 X101.159 Y130.715 E917.70814
G1 X100.791 Y130.423 E917.73939
G1 X100.55 Y130.031 E917.77
G1 X100.437 Y129.7 E917.79326
G1 X100.404 Y129.426 E917.81162
G1 X100.436 Y128.982 E917.84123
G1 X100.583 Y128.608 E917.86796
G1 X100.795 Y128.298 E917.89294
G1 X101.086 Y128.038 E917.9189
G1 X101.435 Y127.85 E917.94527
G1 X101.826 Y127.766 E917.97188
G1 X102.189 Y127.764 E917.99602
G1 X102.58 Y127.856 E918.02274
G1 X102.961 Y128.077 E918.05204
G1 X103.228 Y128.332 E918.0766
G1 X103.424 Y128.616 E918.09956
G1 F2412.1 X103.544 Y128.954 E918.1233
G1 F2480.6 X103.576 Y129.349 E918.1488
G1 F2474.2 X103.545 Y129.759 E918.17533
G1 F2400 X103.423 Y130.095 E918.19911
G1 X103.199 Y130.425 E918.22564
G1 X102.898 Y130.68 E918.25188
G1 X102.599 Y130.837 E918.27435
G1 X102.207 Y130.947 E918.30143
G0 F12000 X102.28 Y131.248
G0 X101.341 Y131.092
G0 X100.948 Y130.884
G0 X100.611 Y130.588
G0 X100.357 Y130.218
G0 X100.199 Y129.802
G0 X100.144 Y129.357
G0 X100.611 Y126.588
G0 X100.357 Y126.218
G0 X100.199 Y125.802
G0 X100.144 Y125.357
G0 X100.611 Y122.588
G0 X100.357 Y122.218
G0 X100.199 Y121.802
G0 X100.144 Y121.357
G0 X100.199 Y120.913
G0 X100.357 Y120.497
G0 X100.61 Y120.128
G0 X100.947 Y119.83
G0 X101.342 Y119.622
G0 X101.778 Y119.516
G0 X103.674 Y119.648
G1 F2442.7 X103.914 Y119.356 E918.32613
G1 X103.674 Y119.063 E918.35089
G1 X103.481 Y119.234 E918.36774
G1 X103.305 Y119.354 E918.38166
G1 X103.481 Y119.475 E918.39562
G1 X103.674 Y119.648 E918.41256
G0 F12000 X103.72 Y120.348
G1 F2400 X103.831 Y120.118 E918.42955
G1 X104.134 Y119.684 E918.46476
G1 X104.507 Y119.356 E918.4978
G1 X104.134 Y119.028 E918.53084
G1 X103.826 Y118.587 E918.56662
G1 X103.72 Y118.362 E918.58317
G1 X103.552 Y118.618 E918.60353
G1 X103.221 Y118.935 E918.63402
G1 X102.818 Y119.176 E918.66526
G1 F2388.1 X102.367 Y119.321 E918.69693
G1 F2341.5 X102.12 Y119.356 E918.71394
G1 F2330.1 X102.506 Y119.412 E918.74066
G1 F2376.2 X102.823 Y119.536 E918.76353
G1 F2400 X103.222 Y119.774 E918.79443
G1 X103.55 Y120.094 E918.82492
G1 X103.72 Y120.348 E918.84525
G0 F12000 X103.18 Y119.929
G0 X102.12 Y119.356
G1 F2285.7 X101.79 Y119.356 E918.8683
G0 F12000 X100.947 Y119.83
G0 X100.61 Y120.128
G0 X100.357 Y120.497
G0 X100.199 Y120.913
G0 X100.144 Y121.357
G0 X100.61 Y124.128
G0 X100.357 Y124.497
G0 X100.199 Y124.913
G0 X100.144 Y125.357
G0 X100.61 Y128.128
G0 X100.357 Y128.497
G0 X100.199 Y128.913
G0 X100.144 Y129.357
G0 X100.199 Y129.802
G0 X100.357 Y130.218
G0 X100.611 Y130.588
G0 X100.948 Y130.884
G0 X101.341 Y131.092
G0 X101.776 Y131.199
G0 X104.663 Y131.296
G0 X104.199 Y132.913
G0 X104.144 Y133.357
G0 X104.199 Y133.802
G0 X104.357 Y134.218
G0 X104.611 Y134.588
G0 X104.948 Y134.884
G0 X105.341 Y135.092
G0 X105.776 Y135.199
G0 X108.357 Y135.497
G0 X108.199 Y135.913
G0 X108.144 Y136.357
G0 X108.199 Y136.802
G0 X108.357 Y137.218
G0 X108.563 Y137.518
G0 X110 Y138.743
G1 F2400 X109.876 Y138.748 E918.87655
G1 X109.415 Y138.69 E918.90746
G1 X108.89 Y138.491 E918.94481
G1 X108.408 Y138.166 E918.98348
G1 X108.09 Y137.807 E919.01538
G1 X107.853 Y137.434 E919.04478
G1 X107.664 Y136.952 E919.07922
G1 X107.595 Y136.405 E919.11589
G1 X107.647 Y135.842 E919.1535
G1 F2364.5 X107.796 Y135.398 E919.18512
G1 F1860.5 X107.866 Y135.037 E919.21668
G1 X107.523 Y135.209 E919.24961
G1 F2364.5 X107.21 Y135.423 E919.27521
G1 F2400 X106.798 Y135.624 E919.3057
G1 X106.264 Y135.746 E919.34214
G1 X105.689 Y135.743 E919.38039
G1 X105.293 Y135.644 E919.40754
G1 X105.008 Y135.536 E919.42781
G1 X104.646 Y135.339 E919.45523
G1 X104.329 Y135.077 E919.48259
G1 X104.153 Y134.893 E919.49952
G1 X103.861 Y134.475 E919.53344
G1 X103.689 Y134.008 E919.56655
G1 X103.637 Y133.759 E919.58347
G1 X103.594 Y133.353 E919.61062
G1 X103.663 Y132.771 E919.64961
G1 X103.863 Y132.241 E919.68729
G1 X104.098 Y131.896 E919.71506
G1 X104.277 Y131.686 E919.73342
G1 X103.856 Y131.318 E919.77061
G1 X103.674 Y131.069 E919.79113
G1 X103.366 Y131.34 E919.81842
G1 X102.849 Y131.606 E919.85709
G1 X102.29 Y131.745 E919.89541
G1 X101.677 Y131.744 E919.93619
G1 X101.235 Y131.628 E919.96659
G1 X100.796 Y131.428 E919.99868
G1 X100.408 Y131.166 E920.02982
G1 X100.012 Y130.72 E920.06949
G1 X99.752 Y130.218 E920.1071
G1 X99.649 Y129.838 E920.13329
G1 X99.595 Y129.409 E920.16205
G1 X99.637 Y128.953 E920.19251
G1 X99.717 Y128.624 E920.21504
G1 X99.898 Y128.182 E920.24681
G1 X100.23 Y127.719 E920.28471
G1 X100.654 Y127.36 E920.32166
G1 X100.182 Y126.949 E920.3633
G1 X99.878 Y126.482 E920.40036
G1 X99.717 Y126.088 E920.42868
G1 X99.649 Y125.838 E920.44591
G1 X99.595 Y125.409 E920.47467
G1 X99.637 Y124.953 E920.50513
G1 X99.717 Y124.624 E920.52766
G1 X99.898 Y124.182 E920.55943
G1 X100.23 Y123.719 E920.59733
G1 X100.654 Y123.36 E920.63428
G1 X100.182 Y122.949 E920.67592
G1 X99.878 Y122.482 E920.71298
G1 X99.717 Y122.088 E920.7413
G1 X99.649 Y121.838 E920.75853
G1 X99.595 Y121.409 E920.78729
G1 X99.637 Y120.953 E920.81776
G1 X99.717 Y120.624 E920.84028
G1 X99.898 Y120.182 E920.87205
G1 X100.23 Y119.719 E920.90995
G1 X100.654 Y119.36 E920.94691
G1 X100.182 Y118.949 E920.98854
G1 X99.878 Y118.482 E921.0256
G1 X99.717 Y118.088 E921.05392
G1 X99.649 Y117.838 E921.07115
G1 X99.595 Y117.409 E921.09991
G1 X99.637 Y116.953 E921.13038
G1 X99.745 Y116.507 E921.1609
G1 X100.015 Y115.988 E921.19982
G1 X100.402 Y115.55 E921.2387
G1 X100.867 Y115.231 E921.27621
G1 X101.235 Y115.08 E921.30267
G1 X101.686 Y114.969 E921.33356
G1 X102.269 Y114.962 E921.37235
G1 X102.859 Y115.105 E921.41273
G1 X103.346 Y115.367 E921.44952
G1 X103.674 Y115.639 E921.47786
G1 X103.856 Y115.394 E921.49816
G1 X104.277 Y115.026 E921.53536
G1 X104.09 Y114.808 E921.55447
G1 X103.863 Y114.47 E921.58155
G1 X103.66 Y113.927 E921.62011
G1 X103.594 Y113.357 E921.65828
G1 X103.655 Y112.811 E921.69483
G1 X103.84 Y112.291 E921.73154
G1 X104.157 Y111.803 E921.77025
G1 X104.586 Y111.403 E921.80927
G1 X105.146 Y111.096 E921.85175
G1 X105.73 Y110.963 E921.89159
G1 X106.27 Y110.967 E921.92752
G1 X106.68 Y111.057 E921.95544
G1 X107.015 Y111.184 E921.97927
G1 X107.354 Y111.373 E922.00509
G1 X107.496 Y111.485 E922.01712
G1 F1875 X107.862 Y111.67 E922.05204
G1 X107.791 Y111.283 E922.08554
G1 F2400 X107.671 Y110.941 E922.10965
G1 X107.586 Y110.366 E922.14831
G1 X107.665 Y109.761 E922.1889
G1 X107.87 Y109.227 E922.22695
G1 X108.203 Y108.743 E922.26603
G1 X108.637 Y108.369 E922.30414
G1 X109.077 Y108.139 E922.33717
G1 X109.32 Y108.057 E922.35423
G1 X109.715 Y107.968 E922.38116
G1 X110.289 Y107.968 E922.41934
G1 X110.863 Y108.107 E922.45863
G1 X111.368 Y108.375 E922.49666
G1 X111.816 Y108.776 E922.53665
G1 X112.121 Y109.218 E922.57238
G1 X112.33 Y109.753 E922.61058
G1 X112.41 Y110.362 E922.65144
G1 X112.328 Y110.93 E922.68962
G1 X112.207 Y111.283 E922.71444
G1 F1875 X112.134 Y111.67 E922.74797
G1 X112.499 Y111.483 E922.78289
G1 F2400 X112.641 Y111.373 E922.79484
G1 X113.151 Y111.094 E922.83351
G1 X113.732 Y110.967 E922.87307
G1 X114.295 Y110.969 E922.91052
G1 X114.858 Y111.098 E922.94895
G1 X115.361 Y111.377 E922.98721
G1 X115.756 Y111.71 E923.02158
G1 X116.135 Y112.23 E923.06438
G1 X116.334 Y112.779 E923.10322
G1 X116.402 Y113.354 E923.14174
G1 X116.337 Y113.923 E923.17983
G1 X116.134 Y114.468 E923.21852
G1 X115.907 Y114.808 E923.24572
G1 X115.719 Y115.026 E923.26487
G1 X116.15 Y115.4 E923.30282
G1 X116.31 Y115.622 E923.32103
G1 X116.716 Y115.326 E923.35445
G1 X117.149 Y115.102 E923.38688
G1 X117.715 Y114.967 E923.42559
G1 X118.302 Y114.968 E923.46463
G1 X118.764 Y115.08 E923.49626
G1 X119.138 Y115.235 E923.52319
G1 X119.595 Y115.552 E923.56018
G1 X119.982 Y115.988 E923.59896
G1 X120.253 Y116.512 E923.63821
G1 X120.359 Y116.953 E923.66838
G1 X120.401 Y117.407 E923.69871
G1 X120.348 Y117.838 E923.72759
G1 X120.28 Y118.088 E923.74483
G1 X120.118 Y118.482 E923.77317
G1 X119.85 Y118.893 E923.8058
G1 X119.561 Y119.184 E923.83309
G1 X119.334 Y119.339 E923.85137
G1 X119.775 Y119.731 E923.89062
G1 X120.099 Y120.183 E923.92761
G1 X120.28 Y120.624 E923.95932
G1 X120.359 Y120.953 E923.98183
G1 X120.401 Y121.407 E924.01216
G1 X120.348 Y121.838 E924.04105
G1 X120.28 Y122.088 E924.05828
G1 X120.118 Y122.482 E924.08662
G1 X119.85 Y122.893 E924.11926
G1 X119.561 Y123.184 E924.14654
G1 X119.334 Y123.339 E924.16482
G1 X119.775 Y123.731 E924.20407
G1 X120.099 Y124.183 E924.24107
G1 X120.28 Y124.624 E924.27278
G1 X120.359 Y124.953 E924.29528
G1 X120.401 Y125.407 E924.32561
G1 X120.348 Y125.838 E924.3545
G1 X120.28 Y126.088 E924.37173
G1 X120.118 Y126.482 E924.40007
G1 X119.85 Y126.893 E924.43271
G1 X119.561 Y127.184 E924.45999
G1 X119.334 Y127.339 E924.47828
G1 X119.775 Y127.731 E924.51753
G1 X120.099 Y128.183 E924.55452
G1 X120.28 Y128.624 E924.58623
G1 X120.359 Y128.953 E924.60874
G1 X120.401 Y129.407 E924.63907
G1 X120.348 Y129.838 E924.66795
G1 X120.246 Y130.214 E924.69387
G1 X119.982 Y130.722 E924.73195
G1 X119.589 Y131.165 E924.77134
G1 X119.125 Y131.481 E924.80869
G1 X118.764 Y131.628 E924.83462
G1 X118.306 Y131.744 E924.86604
G1 X117.706 Y131.745 E924.90596
G1 X117.149 Y131.606 E924.94414
G1 X116.631 Y131.34 E924.98288
G1 X116.325 Y131.072 E925.00994
G1 X116.141 Y131.32 E925.03048
G1 X115.719 Y131.687 E925.06768
G1 X115.899 Y131.895 E925.08598
G1 X116.148 Y132.268 E925.11581
G1 X116.333 Y132.771 E925.15146
G1 X116.402 Y133.355 E925.19058
G1 X116.337 Y133.929 E925.22901
G1 X116.137 Y134.472 E925.2675
G1 X115.844 Y134.893 E925.30162
G1 X115.57 Y135.178 E925.32792
G1 X115.114 Y135.489 E925.36464
G1 X114.702 Y135.645 E925.39394
G1 X114.28 Y135.749 E925.42285
G1 X113.723 Y135.744 E925.45991
G1 X113.201 Y135.623 E925.49555
G1 X112.702 Y135.383 E925.53238
G1 X112.513 Y135.237 E925.54827
G1 F1871.3 X112.147 Y135.058 E925.58303
G1 X112.212 Y135.445 E925.61651
G1 F2400 X112.348 Y135.844 E925.64455
G1 X112.402 Y136.394 E925.68131
G1 X112.331 Y136.96 E925.71926
G1 X112.143 Y137.434 E925.75318
G1 X111.906 Y137.808 E925.78263
G1 X111.589 Y138.165 E925.81439
G1 X111.113 Y138.489 E925.85269
G1 X110.701 Y138.645 E925.882
G1 X110.362 Y138.728 E925.90521
G1 X110 Y138.743 E925.92931
G0 F12000 X110 Y138.344
G1 F2400 X109.876 Y138.348 E925.93757
G1 X109.49 Y138.3 E925.96344
G1 X108.978 Y138.072 E926.00072
G1 X108.591 Y137.775 E926.03317
G1 X108.421 Y137.583 E926.05023
G1 X108.213 Y137.259 E926.07584
G1 X108.052 Y136.846 E926.10533
G1 X107.996 Y136.389 E926.13596
G1 X108.042 Y135.918 E926.16744
G1 X108.214 Y135.429 E926.20192
G1 X108.491 Y135.038 E926.23379
G1 X108.683 Y134.855 E926.25144
G1 X108.49 Y134.673 E926.26908
G1 X108.205 Y134.27 E926.30192
G1 F2388.1 X108.033 Y133.712 E926.34095
G1 F2352.9 X107.998 Y133.443 E926.35936
G1 X107.963 Y133.712 E926.37777
G1 F2388.1 X107.79 Y134.273 E926.41701
G1 F2400 X107.465 Y134.726 E926.4541
G1 X107.094 Y135.035 E926.48622
G1 X106.672 Y135.242 E926.51748
G1 X106.225 Y135.347 E926.54803
G1 X105.775 Y135.348 E926.57796
G1 X105.29 Y135.232 E926.61113
G1 X104.87 Y135.008 E926.6428
G1 X104.506 Y134.704 E926.67435
G1 X104.204 Y134.252 E926.71051
G1 X104.045 Y133.813 E926.74157
G1 X103.994 Y133.336 E926.77348
G1 X104.053 Y132.872 E926.80459
G1 X104.219 Y132.427 E926.83618
G1 X104.482 Y132.041 E926.86725
G1 X104.764 Y131.783 E926.89268
G1 X104.983 Y131.636 E926.91023
G1 X104.595 Y131.432 E926.93939
G1 X104.147 Y131.041 E926.97894
G1 X103.826 Y130.587 E927.01593
G1 X103.72 Y130.362 E927.03247
G1 X103.502 Y130.694 E927.05889
G1 X103.121 Y131.012 E927.0919
G1 X102.711 Y131.229 E927.12276
G1 X102.24 Y131.346 E927.15504
G1 X101.731 Y131.345 E927.1889
G1 X101.352 Y131.245 E927.21498
G1 X100.978 Y131.072 E927.24239
G1 X100.591 Y130.775 E927.27484
G1 X100.421 Y130.583 E927.2919
G1 X100.175 Y130.171 E927.32382
G1 X100.043 Y129.769 E927.35196
G1 X99.996 Y129.394 E927.3771
G1 X100.046 Y128.876 E927.41172
G1 X100.23 Y128.419 E927.44449
G1 X100.518 Y127.999 E927.47837
G1 X100.859 Y127.708 E927.50819
G1 X101.285 Y127.476 E927.54046
G1 F2330.1 X101.79 Y127.356 E927.57602
G1 F2296.7 X101.282 Y127.231 E927.61239
G1 F2364.5 X100.86 Y127.001 E927.64484
G1 F2400 X100.517 Y126.713 E927.67463
G1 X100.23 Y126.293 E927.70847
G1 X100.054 Y125.856 E927.73981
G1 X99.996 Y125.394 E927.77078
G1 X100.046 Y124.876 E927.8054
G1 X100.23 Y124.419 E927.83817
G1 X100.518 Y123.999 E927.87205
G1 X100.859 Y123.708 E927.90187
G1 X101.285 Y123.476 E927.93413
G1 F2330.1 X101.79 Y123.356 E927.9697
G1 F2296.7 X101.282 Y123.231 E928.00606
G1 F2364.5 X100.86 Y123.001 E928.03851
G1 F2400 X100.517 Y122.713 E928.06831
G1 X100.23 Y122.293 E928.10214
G1 X100.054 Y121.856 E928.13348
G1 X99.996 Y121.394 E928.16446
G1 X100.046 Y120.876 E928.19907
G1 X100.23 Y120.419 E928.23184
G1 X100.518 Y119.999 E928.26572
G1 X100.859 Y119.708 E928.29554
G1 X101.285 Y119.476 E928.32781
G1 F2330.1 X101.79 Y119.356 E928.36337
G1 F2296.7 X101.282 Y119.231 E928.39974
G1 F2364.5 X100.86 Y119.001 E928.43219
G1 F2400 X100.517 Y118.713 E928.46198
G1 X100.23 Y118.293 E928.49582
G1 X100.054 Y117.856 E928.52716
G1 X99.996 Y117.394 E928.55813
G1 X100.034 Y117 E928.58446
G1 X100.175 Y116.541 E928.6164
G1 X100.427 Y116.122 E928.64893
G1 X100.845 Y115.701 E928.68839
G1 X101.352 Y115.463 E928.72565
G1 X101.754 Y115.366 E928.75316
G1 X102.255 Y115.366 E928.78648
G1 X102.715 Y115.481 E928.81803
G1 X103.077 Y115.67 E928.84519
G1 X103.492 Y116.007 E928.88075
G1 X103.72 Y116.348 E928.90804
G1 X103.831 Y116.118 E928.92503
G1 X104.146 Y115.672 E928.96135
G1 X104.601 Y115.276 E929.00147
G1 X104.988 Y115.076 E929.03045
G1 X104.775 Y114.935 E929.04744
G1 X104.478 Y114.668 E929.07401
G1 X104.219 Y114.284 E929.10482
G1 X104.05 Y113.829 E929.13711
G1 X103.996 Y113.356 E929.16878
G1 X104.044 Y112.906 E929.19888
G1 X104.203 Y112.461 E929.23031
G1 X104.474 Y112.05 E929.26306
G1 X104.825 Y111.727 E929.29479
G1 X105.28 Y111.479 E929.32926
G1 X105.774 Y111.362 E929.36303
G1 X106.259 Y111.373 E929.3953
G1 X106.714 Y111.475 E929.42632
G1 X107.17 Y111.726 E929.46095
G1 X107.484 Y112.014 E929.48929
G1 X107.788 Y112.434 E929.52378
G1 F2376.2 X107.965 Y112.999 E929.56356
G1 F2330.1 X107.998 Y113.239 E929.58016
G1 X108.031 Y112.999 E929.59675
G1 F2376.2 X108.207 Y112.437 E929.63632
G1 F2400 X108.491 Y112.038 E929.6689
G1 X108.683 Y111.855 E929.68654
G1 X108.49 Y111.673 E929.70419
G1 X108.206 Y111.257 E929.7377
G1 X108.058 Y110.843 E929.76694
G1 X107.995 Y110.387 E929.79756
G1 X108.054 Y109.856 E929.8331
G1 X108.233 Y109.414 E929.86482
G1 X108.497 Y109.018 E929.89648
G1 X108.875 Y108.691 E929.92973
G1 X109.308 Y108.47 E929.96207
G1 X109.764 Y108.367 E929.99317
G1 X110.244 Y108.367 E930.0251
G1 X110.733 Y108.486 E930.05857
G1 X111.158 Y108.715 E930.09069
G1 X111.516 Y109.043 E930.12299
G1 X111.772 Y109.42 E930.1533
G1 X111.944 Y109.867 E930.18516
G1 X112.001 Y110.392 E930.22029
G1 X111.939 Y110.835 E930.25004
G1 X111.793 Y111.252 E930.27943
G1 X111.535 Y111.646 E930.31076
G1 X111.312 Y111.855 E930.33109
G1 X111.505 Y112.038 E930.34878
G1 X111.789 Y112.437 E930.38136
G1 F2376.2 X111.965 Y112.999 E930.42093
G1 F2330.1 X111.998 Y113.239 E930.43753
G1 X112.031 Y112.999 E930.45413
G1 F2376.2 X112.208 Y112.434 E930.49391
G1 F2400 X112.512 Y112.014 E930.52839
G1 X112.827 Y111.725 E930.55683
G1 X113.293 Y111.473 E930.59207
G1 X113.74 Y111.373 E930.62254
G1 X114.229 Y111.362 E930.65508
G1 X114.747 Y111.492 E930.6906
G1 X115.135 Y111.707 E930.72011
G1 X115.469 Y111.991 E930.74928
G1 X115.757 Y112.394 E930.78222
G1 X115.942 Y112.861 E930.81564
G1 X116.002 Y113.372 E930.84986
G1 X115.945 Y113.833 E930.88076
G1 X115.777 Y114.283 E930.91272
G1 X115.521 Y114.666 E930.94336
G1 X115.221 Y114.935 E930.97016
G1 X115.008 Y115.076 E930.98716
G1 X115.398 Y115.278 E931.01637
G1 X115.862 Y115.68 E931.05721
G1 X116.168 Y116.118 E931.09275
G1 X116.278 Y116.345 E931.10953
G1 X116.503 Y116.01 E931.13638
G1 X116.873 Y115.699 E931.16853
G1 X117.287 Y115.479 E931.19971
G1 X117.759 Y115.366 E931.232
G1 X118.246 Y115.366 E931.26439
G1 X118.647 Y115.463 E931.29184
G1 X119.036 Y115.647 E931.32046
G1 X119.408 Y115.939 E931.35192
G1 X119.709 Y116.326 E931.38454
G1 X119.949 Y116.862 E931.4236
G1 X119.996 Y117.356 E931.45661
G1 X119.954 Y117.769 E931.48422
G1 X119.79 Y118.266 E931.51904
G1 X119.507 Y118.672 E931.55196
G1 X119.221 Y118.935 E931.57781
G1 X118.818 Y119.176 E931.60904
G1 F2388.1 X118.367 Y119.321 E931.64071
G1 F2341.5 X118.12 Y119.356 E931.65772
G1 F2330.1 X118.506 Y119.412 E931.68445
G1 F2376.2 X118.823 Y119.536 E931.70731
G1 F2400 X119.222 Y119.774 E931.73822
G1 X119.505 Y120.038 E931.76396
G1 X119.766 Y120.419 E931.79468
G1 X119.95 Y120.876 E931.82746
G1 X119.996 Y121.356 E931.85953
G1 X119.954 Y121.769 E931.88715
G1 X119.79 Y122.266 E931.92196
G1 X119.507 Y122.672 E931.95488
G1 X119.221 Y122.935 E931.98073
G1 X118.818 Y123.176 E932.01196
G1 F2388.1 X118.367 Y123.321 E932.04363
G1 F2341.5 X118.12 Y123.356 E932.06064
G1 F2330.1 X118.506 Y123.412 E932.08737
G1 F2376.2 X118.823 Y123.536 E932.11024
G1 F2400 X119.222 Y123.774 E932.14114
G1 X119.505 Y124.038 E932.16689
G1 X119.766 Y124.419 E932.19761
G1 X119.95 Y124.876 E932.23038
G1 X119.996 Y125.356 E932.26245
G1 X119.954 Y125.769 E932.29007
G1 X119.79 Y126.266 E932.32488
G1 X119.507 Y126.672 E932.3578
G1 X119.221 Y126.935 E932.38365
G1 X118.818 Y127.176 E932.41488
G1 F2388.1 X118.367 Y127.321 E932.44656
G1 F2341.5 X118.12 Y127.356 E932.46356
G1 F2330.1 X118.506 Y127.412 E932.49029
G1 F2376.2 X118.823 Y127.536 E932.51316
G1 F2400 X119.222 Y127.774 E932.54406
G1 X119.505 Y128.038 E932.56981
G1 X119.766 Y128.419 E932.60053
G1 X119.95 Y128.876 E932.6333
G1 X119.996 Y129.356 E932.66538
G1 X119.954 Y129.769 E932.69299
G1 X119.821 Y130.172 E932.72122
G1 X119.576 Y130.583 E932.75305
G1 X119.405 Y130.775 E932.77015
G1 X119.025 Y131.068 E932.80207
G1 X118.648 Y131.245 E932.82978
G1 X118.249 Y131.346 E932.85715
G1 X117.734 Y131.346 E932.89141
G1 X117.289 Y131.228 E932.92204
G1 X116.918 Y131.039 E932.94973
G1 X116.504 Y130.705 E932.98512
G1 X116.278 Y130.368 E933.01211
G1 X116.173 Y130.587 E933.02827
G1 X115.853 Y131.04 E933.06516
G1 X115.399 Y131.434 E933.10515
G1 X115.014 Y131.636 E933.13407
G1 X115.231 Y131.783 E933.1515
G1 X115.517 Y132.043 E933.17721
G1 X115.778 Y132.432 E933.20837
G1 X115.942 Y132.864 E933.23911
G1 X116.002 Y133.337 E933.27083
G1 X115.947 Y133.834 E933.30409
G1 X115.772 Y134.282 E933.33609
G1 X115.531 Y134.644 E933.36501
G1 X115.221 Y134.935 E933.3933
G1 X114.734 Y135.226 E933.43104
G1 X114.236 Y135.349 E933.46516
G1 X113.727 Y135.345 E933.49902
G1 X113.291 Y135.224 E933.52912
G1 X112.906 Y135.037 E933.55759
G1 X112.535 Y134.729 E933.58966
G1 X112.207 Y134.275 E933.62692
G1 F2388.1 X112.033 Y133.712 E933.66632
G1 F2352.9 X111.998 Y133.443 E933.68472
G1 X111.963 Y133.712 E933.70313
G1 F2388.1 X111.791 Y134.27 E933.74216
G1 F2400 X111.506 Y134.673 E933.775
G1 X111.312 Y134.855 E933.79269
G1 X111.505 Y135.038 E933.81038
G1 X111.784 Y135.432 E933.8425
G1 X111.956 Y135.924 E933.87717
G1 X111.997 Y136.347 E933.90544
G1 X111.944 Y136.847 E933.93889
G1 X111.802 Y137.219 E933.96537
G1 X111.576 Y137.583 E933.99387
G1 X111.31 Y137.882 E934.02049
G1 X110.733 Y138.226 E934.06518
G1 X110.293 Y138.334 E934.09532
G1 X110 Y138.344 E934.11482
G0 F12000 X108.948 Y137.884
G0 X108.611 Y137.588
G0 X108.357 Y137.218
G0 X107.389 Y134.588
G0 X107.052 Y134.884
G0 X106.659 Y135.092
G0 X106.224 Y135.199
G0 X105.776 Y135.199
G0 X105.341 Y135.092
G0 X104.948 Y134.884
G0 X104.611 Y134.588
G0 X104.357 Y134.218
G0 X104.199 Y133.802
G0 X103.914 Y130.452
G0 X102.659 Y131.092
G0 X102.224 Y131.199
G0 X101.776 Y131.199
G0 X101.341 Y131.092
G0 X100.948 Y130.884
G0 X100.611 Y130.588
G0 X100.357 Y130.218
G0 X100.199 Y129.802
G0 X100.144 Y129.357
G0 X100.611 Y126.588
G0 X100.357 Y126.218
G0 X100.199 Y125.802
G0 X100.144 Y125.357
G0 X100.611 Y122.588
G0 X100.357 Y122.218
G0 X100.199 Y121.802
G0 X100.144 Y121.357
G0 X100.199 Y120.913
G0 X100.357 Y120.497
G0 X100.61 Y120.128
G0 X100.947 Y119.83
G0 X102.282 Y119.248
G0 X102.21 Y118.949
G1 F2400 X101.825 Y118.946 E934.14043
G1 X101.431 Y118.856 E934.16731
G1 X101.089 Y118.673 E934.19312
G1 X100.792 Y118.411 E934.21946
G1 X100.583 Y118.104 E934.24417
G1 X100.443 Y117.748 E934.26961
G1 X100.404 Y117.426 E934.29119
G1 X100.431 Y117.046 E934.31653
G1 X100.55 Y116.681 E934.34207
G1 X100.757 Y116.348 E934.36815
G1 X101.08 Y116.033 E934.39816
G1 X101.469 Y115.846 E934.42687
G1 X101.832 Y115.765 E934.45161
G1 X102.164 Y115.765 E934.4737
G1 X102.567 Y115.854 E934.50115
G1 X102.902 Y116.033 E934.52642
G1 X103.194 Y116.282 E934.55195
G1 X103.425 Y116.617 E934.57901
G1 F2412.1 X103.544 Y116.954 E934.60267
G1 F2480.6 X103.576 Y117.349 E934.62817
G1 F2474.2 X103.545 Y117.759 E934.65471
G1 F2400 X103.423 Y118.095 E934.67848
G1 X103.23 Y118.379 E934.70133
G1 X102.958 Y118.633 E934.72608
G1 X102.633 Y118.821 E934.75106
G1 X102.21 Y118.949 E934.78045
G0 F12000 X101.859 Y118.548
;TYPE:WALL-OUTER
G1 F2400 X101.593 Y118.482 E934.79869
G1 X101.317 Y118.345 E934.81918
G1 X101.115 Y118.171 E934.83692
G1 X100.935 Y117.915 E934.85773
G1 X100.84 Y117.667 E934.8754
G1 X100.801 Y117.38 E934.89467
G1 X100.84 Y117.045 E934.9171
G1 X100.924 Y116.821 E934.93302
G1 X101.087 Y116.574 E934.9527
G1 X101.335 Y116.354 E934.97475
G1 X101.585 Y116.228 E934.99338
G1 X101.864 Y116.164 E935.01242
G1 X102.135 Y116.164 E935.03045
G1 X102.416 Y116.229 E935.04963
G1 X102.68 Y116.365 E935.06939
G1 X102.906 Y116.569 E935.08964
G1 X103.05 Y116.778 E935.10652
G1 X103.161 Y117.061 E935.12674
G1 X103.196 Y117.374 E935.14769
G1 X103.161 Y117.651 E935.16627
G1 X103.072 Y117.891 E935.18329
G1 X102.909 Y118.14 E935.20309
G1 X102.696 Y118.331 E935.22212
G1 X102.449 Y118.466 E935.24085
G1 X102.167 Y118.543 E935.26029
G1 X101.859 Y118.548 E935.28078
G1 F2700 E930.28078
G0 F12000 X101.859 Y118.86
G0 X100.714 Y120.684
G0 X100.59 Y121.01
G0 X100.547 Y121.357
G0 X100.59 Y121.705
G0 X100.714 Y122.031
G0 X100.913 Y122.321
G0 X101.126 Y122.508
G0 X101.859 Y122.86
G0 X101.859 Y122.548
G1 F2700 E935.28078
G1 F2400 X101.593 Y122.482 E935.29901
G1 X101.317 Y122.345 E935.31951
G1 X101.115 Y122.171 E935.33724
G1 X100.935 Y121.915 E935.35806
G1 X100.84 Y121.667 E935.37573
G1 X100.801 Y121.38 E935.395
G1 X100.84 Y121.045 E935.41743
G1 X100.924 Y120.821 E935.43334
G1 X101.099 Y120.558 E935.45436
G1 X101.314 Y120.367 E935.47349
G1 X101.553 Y120.241 E935.49146
G1 X101.862 Y120.164 E935.51264
G1 X102.167 Y120.169 E935.53294
G1 X102.406 Y120.226 E935.54928
G1 X102.701 Y120.382 E935.57148
G1 X102.906 Y120.569 E935.58994
G1 X103.05 Y120.778 E935.60682
G1 X103.161 Y121.061 E935.62704
G1 X103.196 Y121.374 E935.64799
G1 X103.161 Y121.651 E935.66656
G1 X103.072 Y121.891 E935.68359
G1 X102.909 Y122.14 E935.70339
G1 X102.696 Y122.331 E935.72242
G1 X102.449 Y122.466 E935.74114
G1 X102.167 Y122.543 E935.76059
G1 X101.859 Y122.548 E935.78108
G1 F2700 E930.78108
G0 F12000 X101.859 Y122.86
G0 X100.714 Y124.684
G0 X100.59 Y125.01
G0 X100.547 Y125.357
G0 X100.59 Y125.705
G0 X100.714 Y126.031
G0 X100.913 Y126.321
G0 X101.126 Y126.508
G0 X101.859 Y126.86
G0 X101.859 Y126.548
G1 F2700 E935.78108
G1 F2400 X101.593 Y126.482 E935.79931
G1 X101.317 Y126.345 E935.81981
G1 X101.115 Y126.171 E935.83754
G1 X100.935 Y125.915 E935.85836
G1 X100.84 Y125.667 E935.87603
G1 X100.801 Y125.38 E935.89529
G1 X100.84 Y125.045 E935.91773
G1 X100.924 Y124.821 E935.93364
G1 X101.099 Y124.558 E935.95465
G1 X101.314 Y124.367 E935.97379
G1 X101.553 Y124.241 E935.99176
G1 X101.862 Y124.164 E936.01294
G1 X102.167 Y124.169 E936.03323
G1 X102.406 Y124.226 E936.04958
G1 X102.701 Y124.382 E936.07177
G1 X102.906 Y124.569 E936.09023
G1 X103.05 Y124.778 E936.10712
G1 X103.161 Y125.061 E936.12734
G1 X103.196 Y125.374 E936.14829
G1 X103.161 Y125.651 E936.16686
G1 X103.072 Y125.891 E936.18389
G1 X102.909 Y126.14 E936.20368
G1 X102.696 Y126.331 E936.22272
G1 X102.449 Y126.466 E936.24144
G1 X102.167 Y126.543 E936.26089
G1 X101.859 Y126.548 E936.28138
G1 F2700 E931.28138
G0 F12000 X101.859 Y126.86
G0 X103.286 Y128.684
G0 X103.41 Y129.01
G0 X103.453 Y129.357
G0 X103.41 Y129.705
G0 X103.286 Y130.031
G0 X103.087 Y130.321
G0 X102.227 Y130.849
G0 X102.153 Y130.546
G1 F2700 E936.28138
G1 F2400 X101.86 Y130.548 E936.30087
G1 X101.585 Y130.48 E936.31971
G1 X101.341 Y130.359 E936.33783
G1 X101.096 Y130.154 E936.35908
G1 X100.924 Y129.891 E936.37998
G1 X100.84 Y129.667 E936.3959
G1 X100.801 Y129.38 E936.41516
G1 X100.84 Y129.045 E936.4376
G1 X100.924 Y128.821 E936.45351
G1 X101.099 Y128.558 E936.47453
G1 X101.314 Y128.367 E936.49366
G1 X101.553 Y128.241 E936.51163
G1 X101.862 Y128.164 E936.53281
G1 X102.167 Y128.169 E936.5531
G1 X102.406 Y128.226 E936.56945
G1 X102.701 Y128.382 E936.59165
G1 X102.906 Y128.569 E936.6101
G1 X103.05 Y128.778 E936.62699
G1 X103.161 Y129.061 E936.64721
G1 X103.196 Y129.374 E936.66816
G1 X103.161 Y129.651 E936.68673
G1 X103.072 Y129.891 E936.70376
G1 X102.909 Y130.14 E936.72356
G1 X102.676 Y130.347 E936.74429
G1 X102.406 Y130.482 E936.76437
G1 X102.153 Y130.546 E936.78173
G1 F2700 E931.78173
G0 F12000 X102.227 Y130.849
G0 X105.807 Y131.356
G0 X105.807 Y131.044
G1 F2700 E936.78173
G1 F2400 X105.374 Y130.938 E936.81138
G1 X105.03 Y130.755 E936.8373
G1 X104.727 Y130.482 E936.86443
G1 X104.502 Y130.159 E936.89062
G1 X104.348 Y129.758 E936.91919
G1 X104.3 Y129.374 E936.94493
G1 X104.348 Y128.954 E936.97305
G1 X104.503 Y128.551 E937.00178
G1 X104.724 Y128.233 E937.02754
G1 X105.014 Y127.97 E937.05358
G1 X105.371 Y127.778 E937.08054
G1 F2100.7 X105.794 Y127.612 E937.11508
G1 F1871.3 X106.18 Y127.612 E937.14801
G1 F2105.3 X106.63 Y127.78 E937.18443
G1 F2400 X106.942 Y127.943 E937.20785
G1 X107.254 Y128.21 E937.23517
G1 X107.493 Y128.546 E937.26259
G1 F2376.2 X107.655 Y128.971 E937.29315
G1 F2222.2 X107.754 Y129.352 E937.32143
G1 F2243 X107.638 Y129.791 E937.35375
G1 F2400 X107.493 Y130.166 E937.3805
G1 X107.253 Y130.502 E937.40796
G1 X106.966 Y130.755 E937.43341
G1 X106.587 Y130.953 E937.46186
G1 X106.211 Y131.042 E937.48756
G1 X105.807 Y131.044 E937.51444
G1 F2700 E932.51444
G0 F12000 X105.807 Y131.356
G0 X107.089 Y132.395
G0 X107.286 Y132.684
G0 X107.41 Y133.01
G0 X107.453 Y133.357
G0 X107.41 Y133.705
G0 X107.286 Y134.031
G0 X107.087 Y134.321
G0 X106.874 Y134.508
G0 X106.148 Y134.86
G0 X106.148 Y134.547
G1 F2700 E937.51444
G1 F2400 X105.857 Y134.548 E937.53379
G1 X105.553 Y134.467 E937.55472
G1 X105.319 Y134.346 E937.57224
G1 X105.091 Y134.145 E937.59246
G1 X104.934 Y133.913 E937.6111
G1 X104.832 Y133.641 E937.63042
G1 X104.8 Y133.347 E937.65009
G1 X104.831 Y133.076 E937.66824
G1 X104.94 Y132.788 E937.68872
G1 X105.104 Y132.552 E937.70784
G1 X105.335 Y132.354 E937.72808
G1 X105.557 Y132.239 E937.74471
G1 X105.854 Y132.165 E937.76507
G1 X106.136 Y132.164 E937.78383
G1 X106.443 Y132.239 E937.80485
G1 X106.701 Y132.382 E937.82447
G1 X106.891 Y132.551 E937.84139
G1 X107.072 Y132.821 E937.86301
G1 X107.167 Y133.092 E937.88211
G1 X107.196 Y133.374 E937.90097
G1 X107.156 Y133.667 E937.92064
G1 X107.05 Y133.933 E937.93969
G1 X106.88 Y134.172 E937.9592
G1 X106.677 Y134.346 E937.97699
G1 X106.427 Y134.476 E937.99573
G1 X106.148 Y134.547 E938.01488
G1 F2700 E933.01488
G0 F12000 X106.148 Y134.86
G0 X110 Y134.86
G0 X110 Y134.602
G1 F2700 E938.01488
G1 F1882.4 X109.855 Y134.602 E938.02718
G1 F2069 X109.592 Y134.49 E938.04924
G1 F2352.9 X109.3 Y134.331 E938.07179
G1 F2400 X109.096 Y134.151 E938.08989
G1 X108.924 Y133.891 E938.11063
G1 X108.84 Y133.667 E938.12654
G1 X108.8 Y133.374 E938.14621
G1 X108.84 Y133.045 E938.16826
G1 X108.924 Y132.821 E938.18417
G1 X109.104 Y132.552 E938.20571
G1 X109.335 Y132.354 E938.22594
G1 X109.557 Y132.239 E938.24258
G1 X109.854 Y132.165 E938.26294
G1 X110.136 Y132.164 E938.28169
G1 X110.443 Y132.239 E938.30272
G1 X110.701 Y132.382 E938.32234
G1 X110.891 Y132.551 E938.33925
G1 X111.072 Y132.821 E938.36088
G1 X111.167 Y133.092 E938.37998
G1 X111.196 Y133.374 E938.39884
G1 X111.156 Y133.667 E938.41851
G1 X111.05 Y133.933 E938.43756
G1 X110.9 Y134.151 E938.45516
G1 F2248.2 X110.609 Y134.399 E938.48231
G1 F1995.8 X110.12 Y134.602 E938.52466
G1 F1889.8 X110 Y134.602 E938.5348
G1 F2700 E933.5348
G0 F12000 X110 Y134.86
G0 X110.515 Y134.999
G0 X110.825 Y135.162
G0 X111.089 Y135.395
G0 X111.286 Y135.684
G0 X111.41 Y136.01
G0 X111.453 Y136.357
G0 X111.41 Y136.705
G0 X111.286 Y137.031
G0 X111.087 Y137.321
G0 X110.824 Y137.552
G0 X110 Y137.86
G0 X110 Y137.544
G1 F2700 E938.5348
G1 F2400 X109.825 Y137.542 E938.54644
G1 X109.553 Y137.467 E938.56521
G1 X109.341 Y137.359 E938.58104
G1 X109.096 Y137.154 E938.60229
G1 X108.924 Y136.891 E938.62319
G1 X108.838 Y136.662 E938.63946
G1 X108.801 Y136.38 E938.65838
G1 X108.833 Y136.068 E938.67924
G1 X108.934 Y135.798 E938.69842
G1 X109.099 Y135.558 E938.71779
G1 X109.297 Y135.38 E938.7355
G1 F2341.5 X109.595 Y135.216 E938.7587
G1 F2064.5 X109.857 Y135.11 E938.78055
G1 F1886.1 X110.12 Y135.11 E938.80282
G1 F2114.5 X110.45 Y135.243 E938.82968
G1 F2400 X110.701 Y135.382 E938.84876
G1 X110.897 Y135.558 E938.86629
G1 X111.072 Y135.821 E938.8873
G1 X111.163 Y136.069 E938.90487
G1 X111.197 Y136.354 E938.92397
G1 X111.165 Y136.634 E938.94271
G1 X111.064 Y136.908 E938.96214
G1 X110.9 Y137.155 E938.98186
G1 X110.657 Y137.358 E939.00292
G1 X110.406 Y137.482 E939.02155
G1 X110.155 Y137.546 E939.03878
G1 X110 Y137.544 E939.04909
G1 F2700 E934.04909
G0 F12000 X110 Y137.86
G0 X110.516 Y137.715
G0 X110.824 Y137.552
G0 X112.151 Y135.854
G0 X112.171 Y135.094
G0 X113.773 Y134.849
G0 X113.848 Y134.547
G1 F2700 E939.04909
G1 F2400 X113.573 Y134.476 E939.06798
G1 X113.319 Y134.346 E939.08696
G1 X113.1 Y134.155 E939.10629
G1 X112.924 Y133.891 E939.1274
G1 X112.84 Y133.667 E939.14331
G1 X112.8 Y133.374 E939.16298
G1 X112.84 Y133.045 E939.18503
G1 X112.924 Y132.821 E939.20094
G1 X113.104 Y132.552 E939.22247
G1 X113.335 Y132.354 E939.24271
G1 X113.557 Y132.239 E939.25934
G1 X113.854 Y132.165 E939.2797
G1 X114.136 Y132.164 E939.29846
G1 X114.443 Y132.239 E939.31949
G1 X114.701 Y132.382 E939.33911
G1 X114.891 Y132.551 E939.35602
G1 X115.057 Y132.79 E939.37538
G1 X115.159 Y133.055 E939.39427
G1 X115.196 Y133.347 E939.41385
G1 X115.164 Y133.64 E939.43345
G1 X115.062 Y133.913 E939.45284
G1 X114.905 Y134.145 E939.47147
G1 X114.657 Y134.358 E939.49322
G1 X114.406 Y134.482 E939.51184
G1 X114.139 Y134.548 E939.53014
G1 X113.848 Y134.547 E939.5495
G1 F2700 E934.5495
G0 F12000 X113.773 Y134.849
G0 X113.176 Y134.552
G0 X112.913 Y134.321
G0 X112.714 Y134.031
G0 X112.59 Y133.705
G0 X112.547 Y133.357
G0 X112.59 Y133.01
G0 X112.714 Y132.684
G0 X113.807 Y131.356
G0 X113.807 Y131.044
G1 F2700 E939.5495
G1 F2400 X113.374 Y130.938 E939.57915
G1 X113.03 Y130.755 E939.60507
G1 X112.746 Y130.502 E939.63037
G1 X112.507 Y130.166 E939.6578
G1 X112.356 Y129.786 E939.685
G1 F2253.5 X112.242 Y129.352 E939.71679
G1 F2227.4 X112.341 Y128.971 E939.745
G1 F2376.2 X112.507 Y128.546 E939.77566
G1 F2400 X112.715 Y128.246 E939.79994
G1 X113.014 Y127.97 E939.82701
G1 X113.371 Y127.778 E939.85397
G1 F2100.7 X113.794 Y127.612 E939.88851
G1 F1871.3 X114.18 Y127.612 E939.92144
G1 F2105.3 X114.63 Y127.78 E939.95786
G1 F2400 X114.981 Y127.97 E939.98441
G1 X115.276 Y128.233 E940.0107
G1 X115.496 Y128.551 E940.03643
G1 X115.648 Y128.954 E940.06508
G1 X115.696 Y129.374 E940.0932
G1 X115.648 Y129.758 E940.11894
G1 X115.493 Y130.166 E940.14797
G1 X115.273 Y130.482 E940.17359
G1 X114.966 Y130.755 E940.20091
G1 X114.587 Y130.953 E940.22936
G1 X114.211 Y131.042 E940.25506
G1 X113.807 Y131.044 E940.28194
G1 F2700 E935.28194
G0 F12000 X113.807 Y131.356
G0 X110 Y131.356
G0 X110 Y131.043
G1 F2700 E940.28194
G1 F2400 X109.807 Y131.044 E940.29477
G1 X109.374 Y130.938 E940.32443
G1 X109.03 Y130.755 E940.35035
G1 X108.746 Y130.502 E940.37565
G1 X108.507 Y130.166 E940.40308
G1 X108.356 Y129.786 E940.43028
G1 F2253.5 X108.242 Y129.352 E940.46207
G1 F2227.4 X108.341 Y128.971 E940.49028
G1 F2376.2 X108.507 Y128.546 E940.52094
G1 F2400 X108.715 Y128.246 E940.54522
G1 X109.014 Y127.97 E940.57229
G1 X109.371 Y127.778 E940.59925
G1 F2100.7 X109.794 Y127.612 E940.63379
G1 F1871.3 X110.18 Y127.612 E940.66672
G1 F2105.3 X110.63 Y127.78 E940.70314
G1 F2400 X110.942 Y127.943 E940.72656
G1 X111.254 Y128.21 E940.75388
G1 X111.493 Y128.546 E940.7813
G1 F2376.2 X111.655 Y128.971 E940.81186
G1 F2222.2 X111.754 Y129.352 E940.84014
G1 F2243 X111.638 Y129.791 E940.87246
G1 F2400 X111.493 Y130.166 E940.89921
G1 X111.253 Y130.502 E940.92667
G1 X110.966 Y130.755 E940.95212
G1 X110.587 Y130.953 E940.98057
G1 X110.211 Y131.042 E941.00627
G1 X110 Y131.043 E941.02031
G1 F2700 E936.02031
G0 F12000 X110 Y131.356
G0 X109.308 Y131.183
G0 X108.891 Y130.964
G0 X108.539 Y130.652
G0 X108.271 Y130.265
G0 X108.105 Y129.824
G0 X108.047 Y129.357
G0 X108.105 Y128.89
G0 X108.271 Y128.45
G0 X108.539 Y128.063
G0 X108.891 Y127.751
G0 X109.127 Y127.627
G0 X110 Y127.356
G0 X110 Y127.1
G1 F2700 E941.02031
G1 F1871.3 X109.794 Y127.1 E941.03788
G1 F2100.7 X109.374 Y126.937 E941.07212
G1 F2400 X109.014 Y126.742 E941.09936
G1 X108.746 Y126.502 E941.12329
G1 X108.507 Y126.166 E941.15071
G1 X108.356 Y125.786 E941.17791
G1 F2253.5 X108.242 Y125.352 E941.2097
G1 F2227.4 X108.341 Y124.971 E941.23792
G1 F2376.2 X108.507 Y124.546 E941.26857
G1 F2400 X108.715 Y124.246 E941.29286
G1 X109.014 Y123.97 E941.31993
G1 X109.371 Y123.778 E941.34689
G1 F2100.7 X109.794 Y123.612 E941.38142
G1 F1871.3 X110.18 Y123.612 E941.41435
G1 F2105.3 X110.63 Y123.78 E941.45078
G1 F2400 X110.942 Y123.943 E941.4742
G1 X111.254 Y124.21 E941.50151
G1 X111.493 Y124.546 E941.52894
G1 F2376.2 X111.655 Y124.971 E941.5595
G1 F2222.2 X111.754 Y125.352 E941.58778
G1 F2243 X111.638 Y125.791 E941.6201
G1 F2400 X111.493 Y126.166 E941.64684
G1 X111.251 Y126.505 E941.67455
G1 X110.942 Y126.769 E941.70159
G1 X110.624 Y126.938 E941.72554
G1 F2105.3 X110.18 Y127.1 E941.76138
G1 F1875 X110 Y127.1 E941.77671
G1 F2700 E936.77671
G0 F12000 X110 Y127.356
G0 X113.794 Y127.356
G0 X113.794 Y127.1
G1 F2700 E941.77671
G1 F2100.7 X113.374 Y126.937 E941.81095
G1 F2400 X113.014 Y126.742 E941.83818
G1 X112.746 Y126.502 E941.86211
G1 X112.507 Y126.166 E941.88954
G1 X112.356 Y125.786 E941.91674
G1 F2253.5 X112.242 Y125.352 E941.94853
G1 F2227.4 X112.341 Y124.971 E941.97675
G1 F2376.2 X112.507 Y124.546 E942.0074
G1 F2400 X112.715 Y124.246 E942.03168
G1 X113.014 Y123.97 E942.05875
G1 X113.371 Y123.778 E942.08572
G1 F2100.7 X113.794 Y123.612 E942.12025
G1 F1871.3 X114.18 Y123.612 E942.15318
G1 F2105.3 X114.63 Y123.78 E942.18961
G1 F2400 X114.981 Y123.97 E942.21616
G1 X115.276 Y124.233 E942.24245
G1 X115.496 Y124.551 E942.26817
G1 X115.648 Y124.954 E942.29682
G1 X115.696 Y125.374 E942.32494
G1 X115.648 Y125.758 E942.35068
G1 X115.493 Y126.166 E942.37972
G1 X115.276 Y126.479 E942.40505
G1 X114.981 Y126.742 E942.43134
G1 X114.624 Y126.938 E942.45843
G1 F2105.3 X114.18 Y127.1 E942.49427
G1 F1871.3 X113.794 Y127.1 E942.5272
G1 F2700 E937.5272
G0 F12000 X113.794 Y127.356
G0 X112.891 Y126.964
G0 X112.539 Y126.652
G0 X112.271 Y126.265
G0 X112.105 Y125.824
G0 X112.047 Y125.357
G0 X112.105 Y124.89
G0 X112.271 Y124.45
G0 X112.539 Y124.063
G0 X112.891 Y123.751
G0 X113.794 Y123.356
G0 X113.794 Y123.1
G1 F2700 E942.5272
G1 F2100.7 X113.374 Y122.937 E942.56144
G1 F2400 X113.014 Y122.742 E942.58868
G1 X112.746 Y122.502 E942.61261
G1 X112.507 Y122.166 E942.64004
G1 X112.356 Y121.786 E942.66724
G1 F2253.5 X112.242 Y121.352 E942.69903
G1 F2227.4 X112.341 Y120.971 E942.72724
G1 F2376.2 X112.507 Y120.546 E942.7579
G1 F2400 X112.715 Y120.246 E942.78218
G1 X113.014 Y119.97 E942.80925
G1 X113.371 Y119.778 E942.83621
G1 F2100.7 X113.794 Y119.612 E942.87075
G1 F1871.3 X114.18 Y119.612 E942.90368
G1 F2105.3 X114.63 Y119.78 E942.9401
G1 F2400 X114.981 Y119.97 E942.96665
G1 X115.276 Y120.233 E942.99294
G1 X115.496 Y120.551 E943.01867
G1 X115.648 Y120.954 E943.04732
G1 X115.696 Y121.374 E943.07544
G1 X115.648 Y121.758 E943.10118
G1 X115.493 Y122.166 E943.13021
G1 X115.276 Y122.479 E943.15555
G1 X114.981 Y122.742 E943.18184
G1 X114.624 Y122.938 E943.20893
G1 F2105.3 X114.18 Y123.1 E943.24477
G1 F1871.3 X113.794 Y123.1 E943.2777
G1 F2700 E938.2777
G0 F12000 X113.794 Y123.356
G0 X110 Y123.356
G0 X110 Y123.1
G1 F2700 E943.2777
G1 F1871.3 X109.794 Y123.1 E943.29527
G1 F2100.7 X109.374 Y122.937 E943.32951
G1 F2400 X109.014 Y122.742 E943.35675
G1 X108.746 Y122.502 E943.38068
G1 X108.507 Y122.166 E943.40811
G1 X108.356 Y121.786 E943.43531
G1 F2253.5 X108.242 Y121.352 E943.4671
G1 F2227.4 X108.341 Y120.971 E943.49531
G1 F2376.2 X108.507 Y120.546 E943.52597
G1 F2400 X108.715 Y120.246 E943.55025
G1 X109.014 Y119.97 E943.57732
G1 X109.371 Y119.778 E943.60428
G1 F2100.7 X109.794 Y119.612 E943.63882
G1 F1871.3 X110.18 Y119.612 E943.67175
G1 F2105.3 X110.63 Y119.78 E943.70817
G1 F2400 X110.942 Y119.943 E943.73159
G1 X111.254 Y120.21 E943.75891
G1 X111.493 Y120.546 E943.78633
G1 F2376.2 X111.655 Y120.971 E943.81689
G1 F2222.2 X111.754 Y121.352 E943.84517
G1 F2243 X111.638 Y121.791 E943.87749
G1 F2400 X111.493 Y122.166 E943.90424
G1 X111.251 Y122.505 E943.93194
G1 X110.942 Y122.769 E943.95898
G1 X110.624 Y122.938 E943.98293
G1 F2105.3 X110.18 Y123.1 E944.01878
G1 F1875 X110 Y123.1 E944.0341
G1 F2700 E939.0341
G0 F12000 X110 Y123.356
G0 X106.18 Y123.356
G0 X106.18 Y123.1
G1 F2700 E944.0341
G1 F1871.3 X105.794 Y123.1 E944.06703
G1 F2100.7 X105.374 Y122.937 E944.10127
G1 F2400 X105.014 Y122.742 E944.12851
G1 X104.724 Y122.479 E944.15455
G1 X104.502 Y122.159 E944.18046
G1 X104.348 Y121.758 E944.20903
G1 X104.3 Y121.374 E944.23477
G1 X104.348 Y120.954 E944.26289
G1 X104.503 Y120.551 E944.29162
G1 X104.724 Y120.233 E944.31738
G1 X105.014 Y119.97 E944.34342
G1 X105.371 Y119.778 E944.37038
G1 F2100.7 X105.794 Y119.612 E944.40492
G1 F1871.3 X106.18 Y119.612 E944.43785
G1 F2105.3 X106.63 Y119.78 E944.47427
G1 F2400 X106.942 Y119.943 E944.49769
G1 X107.254 Y120.21 E944.52501
G1 X107.493 Y120.546 E944.55243
G1 F2376.2 X107.655 Y120.971 E944.58299
G1 F2222.2 X107.754 Y121.352 E944.61127
G1 F2243 X107.638 Y121.791 E944.64359
G1 F2400 X107.493 Y122.166 E944.67034
G1 X107.251 Y122.505 E944.69804
G1 X106.942 Y122.769 E944.72508
G1 X106.624 Y122.938 E944.74903
G1 F2105.3 X106.18 Y123.1 E944.78487
G1 F2700 E939.78487
G0 F12000 X106.18 Y123.356
G0 X107.109 Y123.751
G0 X107.461 Y124.063
G0 X107.729 Y124.45
G0 X107.895 Y124.89
G0 X107.953 Y125.357
G0 X107.895 Y125.824
G0 X107.729 Y126.265
G0 X107.461 Y126.652
G0 X107.109 Y126.964
G0 X106.18 Y127.356
G0 X106.18 Y127.1
G1 F2700 E944.78487
G1 F1871.3 X105.794 Y127.1 E944.8178
G1 F2100.7 X105.374 Y126.937 E944.85204
G1 F2400 X105.014 Y126.742 E944.87928
G1 X104.724 Y126.479 E944.90532
G1 X104.502 Y126.159 E944.93123
G1 X104.348 Y125.758 E944.9598
G1 X104.3 Y125.374 E944.98555
G1 X104.348 Y124.954 E945.01367
G1 X104.503 Y124.551 E945.04239
G1 X104.724 Y124.233 E945.06815
G1 X105.014 Y123.97 E945.09419
G1 X105.371 Y123.778 E945.12115
G1 F2100.7 X105.794 Y123.612 E945.15569
G1 F1871.3 X106.18 Y123.612 E945.18862
G1 F2105.3 X106.63 Y123.78 E945.22505
G1 F2400 X106.942 Y123.943 E945.24846
G1 X107.254 Y124.21 E945.27578
G1 X107.493 Y124.546 E945.30321
G1 F2376.2 X107.655 Y124.971 E945.33376
G1 F2222.2 X107.754 Y125.352 E945.36204
G1 F2243 X107.638 Y125.791 E945.39436
G1 F2400 X107.493 Y126.166 E945.42111
G1 X107.251 Y126.505 E945.44882
G1 X106.942 Y126.769 E945.47585
G1 X106.624 Y126.938 E945.49981
G1 F2105.3 X106.18 Y127.1 E945.53565
G1 F2700 E940.53565
G0 F12000 X106.18 Y127.356
G0 X106.692 Y127.183
G0 X107.109 Y126.964
G0 X107.461 Y126.652
G0 X107.729 Y126.265
G0 X107.895 Y125.824
G0 X107.953 Y125.357
G0 X107.953 Y121.357
G0 X107.895 Y120.89
G0 X107.729 Y120.45
G0 X107.461 Y120.063
G0 X107.109 Y119.751
G0 X106.18 Y119.356
G0 X106.18 Y119.1
G1 F2700 E945.53565
G1 F1871.3 X105.794 Y119.1 E945.56858
G1 F2100.7 X105.374 Y118.937 E945.60282
G1 F2400 X105.014 Y118.742 E945.63005
G1 X104.724 Y118.479 E945.65609
G1 X104.502 Y118.159 E945.682
G1 X104.348 Y117.758 E945.71058
G1 X104.3 Y117.374 E945.73632
G1 X104.348 Y116.954 E945.76444
G1 X104.503 Y116.551 E945.79316
G1 X104.726 Y116.231 E945.81911
G1 X105.031 Y115.957 E945.84638
G1 X105.371 Y115.778 E945.87194
G1 X105.781 Y115.67 E945.90014
G1 X106.214 Y115.67 E945.92895
G1 X106.625 Y115.778 E945.95721
G1 X106.981 Y115.969 E945.98409
G1 X107.254 Y116.21 E946.00831
G1 X107.493 Y116.546 E946.03574
G1 F2376.2 X107.655 Y116.971 E946.0663
G1 F2222.2 X107.754 Y117.352 E946.09458
G1 F2243 X107.638 Y117.791 E946.1269
G1 F2400 X107.493 Y118.166 E946.15364
G1 X107.251 Y118.505 E946.18135
G1 X106.942 Y118.769 E946.20838
G1 X106.624 Y118.938 E946.23234
G1 F2105.3 X106.18 Y119.1 E946.26818
G1 F2700 E941.26818
G0 F12000 X106.18 Y119.356
G0 X110 Y119.356
G0 X110 Y119.1
G1 F2700 E946.26818
G1 F1871.3 X109.794 Y119.1 E946.28576
G1 F2100.7 X109.374 Y118.937 E946.31999
G1 F2400 X109.014 Y118.742 E946.34723
G1 X108.746 Y118.502 E946.37116
G1 X108.507 Y118.166 E946.39859
G1 X108.356 Y117.786 E946.42579
G1 F2253.5 X108.242 Y117.352 E946.45758
G1 F2227.4 X108.341 Y116.971 E946.48579
G1 F2376.2 X108.507 Y116.546 E946.51645
G1 F2400 X108.752 Y116.204 E946.54443
G1 X109.031 Y115.957 E946.56922
G1 X109.371 Y115.778 E946.59478
G1 X109.781 Y115.67 E946.62298
G1 X110.214 Y115.67 E946.65179
G1 X110.625 Y115.778 E946.68006
G1 X110.981 Y115.969 E946.70693
G1 X111.254 Y116.21 E946.73115
G1 X111.493 Y116.546 E946.75858
G1 F2376.2 X111.655 Y116.971 E946.78914
G1 F2222.2 X111.754 Y117.352 E946.81742
G1 F2243 X111.638 Y117.791 E946.84974
G1 F2400 X111.493 Y118.166 E946.87648
G1 X111.251 Y118.505 E946.90419
G1 X110.942 Y118.769 E946.93123
G1 X110.624 Y118.938 E946.95518
G1 F2105.3 X110.18 Y119.1 E946.99102
G1 F1875 X110 Y119.1 E947.00635
G1 F2700 E942.00635
G0 F12000 X110 Y119.356
G0 X113.794 Y119.356
G0 X113.794 Y119.1
G1 F2700 E947.00635
G1 F2100.7 X113.374 Y118.937 E947.04059
G1 F2400 X113.014 Y118.742 E947.06782
G1 X112.746 Y118.502 E947.09175
G1 X112.507 Y118.166 E947.11918
G1 X112.356 Y117.786 E947.14638
G1 F2253.5 X112.242 Y117.352 E947.17817
G1 F2227.4 X112.341 Y116.971 E947.20639
G1 F2376.2 X112.507 Y116.546 E947.23704
G1 F2400 X112.752 Y116.204 E947.26503
G1 X113.031 Y115.957 E947.28981
G1 X113.371 Y115.778 E947.31537
G1 X113.781 Y115.67 E947.34358
G1 X114.214 Y115.67 E947.37238
G1 X114.625 Y115.778 E947.40065
G1 X114.981 Y115.969 E947.42752
G1 X115.274 Y116.231 E947.45367
G1 X115.496 Y116.551 E947.47958
G1 X115.648 Y116.954 E947.50823
G1 X115.696 Y117.374 E947.53635
G1 X115.648 Y117.758 E947.56209
G1 X115.493 Y118.166 E947.59112
G1 X115.276 Y118.479 E947.61646
G1 X114.981 Y118.742 E947.64275
G1 X114.624 Y118.938 E947.66984
G1 F2105.3 X114.18 Y119.1 E947.70568
G1 F1871.3 X113.794 Y119.1 E947.73861
G1 F2700 E942.73861
G0 F12000 X113.794 Y119.356
G0 X117.859 Y118.86
G0 X117.859 Y118.548
G1 F2700 E947.73861
G1 F2400 X117.593 Y118.482 E947.75684
G1 X117.317 Y118.345 E947.77734
G1 X117.082 Y118.133 E947.79839
G1 X116.924 Y117.891 E947.81762
G1 X116.835 Y117.651 E947.83464
G1 X116.8 Y117.374 E947.85322
G1 X116.835 Y117.061 E947.87417
G1 X116.924 Y116.821 E947.8912
G1 X117.091 Y116.569 E947.91131
G1 X117.326 Y116.359 E947.93227
G1 X117.562 Y116.237 E947.94994
G1 X117.846 Y116.166 E947.96942
G1 X118.136 Y116.164 E947.98871
G1 X118.415 Y116.228 E948.00775
G1 X118.662 Y116.355 E948.02622
G1 X118.909 Y116.574 E948.04818
G1 X119.072 Y116.821 E948.06787
G1 X119.156 Y117.045 E948.08378
G1 X119.196 Y117.356 E948.10464
G1 X119.166 Y117.631 E948.12304
G1 X119.072 Y117.891 E948.14143
G1 X118.9 Y118.151 E948.16217
G1 X118.657 Y118.358 E948.1834
G1 X118.406 Y118.482 E948.20203
G1 X118.167 Y118.543 E948.21843
G1 X117.859 Y118.548 E948.23893
G1 F2700 E943.23893
G0 F12000 X117.859 Y118.86
G0 X116.714 Y120.684
G0 X116.59 Y121.01
G0 X116.547 Y121.357
G0 X116.59 Y121.705
G0 X116.714 Y122.031
G0 X116.913 Y122.321
G0 X117.126 Y122.508
G0 X117.859 Y122.86
G0 X117.859 Y122.548
G1 F2700 E948.23893
G1 F2400 X117.593 Y122.482 E948.25716
G1 X117.317 Y122.345 E948.27765
G1 X117.082 Y122.133 E948.29871
G1 X116.924 Y121.891 E948.31793
G1 X116.835 Y121.651 E948.33496
G1 X116.8 Y121.374 E948.35353
G1 X116.835 Y121.061 E948.37448
G1 X116.924 Y120.821 E948.39151
G1 X117.091 Y120.569 E948.41162
G1 X117.314 Y120.367 E948.43163
G1 X117.553 Y120.241 E948.44961
G1 X117.862 Y120.164 E948.47079
G1 X118.167 Y120.169 E948.49108
G1 X118.406 Y120.226 E948.50743
G1 X118.701 Y120.382 E948.52962
G1 X118.897 Y120.558 E948.54715
G1 X119.061 Y120.797 E948.56643
G1 X119.156 Y121.045 E948.58409
G1 X119.196 Y121.356 E948.60495
G1 X119.166 Y121.631 E948.62335
G1 X119.072 Y121.891 E948.64175
G1 X118.9 Y122.151 E948.66248
G1 X118.657 Y122.358 E948.68372
G1 X118.406 Y122.482 E948.70234
G1 X118.167 Y122.543 E948.71875
G1 X117.859 Y122.548 E948.73924
G1 F2700 E943.73924
G0 F12000 X117.859 Y122.86
G0 X116.714 Y124.684
G0 X116.59 Y125.01
G0 X116.547 Y125.357
G0 X116.59 Y125.705
G0 X116.714 Y126.031
G0 X116.913 Y126.321
G0 X117.126 Y126.508
G0 X117.859 Y126.86
G0 X117.859 Y126.548
G1 F2700 E948.73924
G1 F2400 X117.593 Y126.482 E948.75747
G1 X117.317 Y126.345 E948.77797
G1 X117.082 Y126.133 E948.79902
G1 X116.924 Y125.891 E948.81824
G1 X116.835 Y125.651 E948.83527
G1 X116.8 Y125.374 E948.85384
G1 X116.835 Y125.061 E948.8748
G1 X116.924 Y124.821 E948.89182
G1 X117.091 Y124.569 E948.91193
G1 X117.314 Y124.367 E948.93195
G1 X117.553 Y124.241 E948.94992
G1 X117.862 Y124.164 E948.9711
G1 X118.167 Y124.169 E948.99139
G1 X118.406 Y124.226 E949.00774
G1 X118.701 Y124.382 E949.02994
G1 X118.897 Y124.558 E949.04746
G1 X119.061 Y124.797 E949.06674
G1 X119.156 Y125.045 E949.08441
G1 X119.196 Y125.356 E949.10527
G1 X119.166 Y125.631 E949.12367
G1 X119.072 Y125.891 E949.14206
G1 X118.9 Y126.151 E949.1628
G1 X118.657 Y126.358 E949.18403
G1 X118.406 Y126.482 E949.20265
G1 X118.167 Y126.543 E949.21906
G1 X117.859 Y126.548 E949.23955
G1 F2700 E944.23955
G0 F12000 X117.859 Y126.86
G0 X116.714 Y128.684
G0 X116.59 Y129.01
G0 X116.547 Y129.357
G0 X116.59 Y129.705
G0 X116.714 Y130.031
G0 X116.913 Y130.321
G0 X117.768 Y130.847
G0 X117.843 Y130.546
G1 F2700 E949.23955
G1 F2400 X117.553 Y130.467 E949.25955
G1 X117.321 Y130.347 E949.27692
G1 X117.082 Y130.133 E949.29826
G1 X116.924 Y129.891 E949.31749
G1 X116.835 Y129.651 E949.33451
G1 X116.8 Y129.374 E949.35309
G1 X116.835 Y129.061 E949.37404
G1 X116.924 Y128.821 E949.39106
G1 X117.091 Y128.569 E949.41117
G1 X117.314 Y128.367 E949.43119
G1 X117.553 Y128.241 E949.44916
G1 X117.862 Y128.164 E949.47034
G1 X118.167 Y128.169 E949.49064
G1 X118.406 Y128.226 E949.50698
G1 X118.701 Y128.382 E949.52918
G1 X118.897 Y128.558 E949.5467
G1 X119.061 Y128.797 E949.56598
G1 X119.156 Y129.045 E949.58365
G1 X119.196 Y129.356 E949.60451
G1 X119.166 Y129.631 E949.62291
G1 X119.072 Y129.891 E949.6413
G1 X118.9 Y130.154 E949.6622
G1 X118.657 Y130.358 E949.68331
G1 X118.406 Y130.482 E949.70193
G1 X118.136 Y130.548 E949.72042
G1 X117.843 Y130.546 E949.73991
G1 F2700 E944.73991
G0 F12000 X117.768 Y130.847
G0 X116.355 Y131.326
G0 X115.971 Y131.697
G0 X115.286 Y134.031
G0 X113.707 Y135.925
G0 X113.707 Y141.756
G0 X110 Y143.156
G1 F2700 E949.73991
G1 F2400 X124.8 Y143.156 E950.72441
G1 X124.8 Y78.556 E955.02162
G1 X95.2 Y78.556 E956.99062
G1 X95.2 Y143.156 E961.28783
G1 X110 Y143.156 E962.27233
G1 F2700 E957.27233
G0 F12000 X110 Y142.847
G0 X110 Y141.756
G0 X109.974 Y138.941
G0 X110 Y114.548
G1 F2700 E962.27233
G1 F2400 X109.86 Y114.548 E962.28164
G1 X109.553 Y114.467 E962.30276
G1 X109.3 Y114.331 E962.32187
G1 X109.091 Y114.145 E962.34048
G1 X108.924 Y113.891 E962.3607
G1 X108.84 Y113.667 E962.37662
G1 X108.8 Y113.374 E962.39629
G1 X108.84 Y113.045 E962.41833
G1 X108.924 Y112.821 E962.43425
G1 X109.099 Y112.558 E962.45526
G1 X109.297 Y112.38 E962.47297
G1 F2341.5 X109.595 Y112.216 E962.49617
G1 F2064.5 X109.857 Y112.11 E962.51802
G1 F1886.1 X110.12 Y112.11 E962.54028
G1 F2114.5 X110.45 Y112.243 E962.56715
G1 F2400 X110.701 Y112.382 E962.58623
G1 X110.897 Y112.558 E962.60375
G1 X111.072 Y112.821 E962.62477
G1 X111.167 Y113.092 E962.64387
G1 X111.196 Y113.374 E962.66273
G1 X111.156 Y113.667 E962.6824
G1 X111.05 Y113.933 E962.70145
G1 X110.905 Y114.145 E962.71853
G1 X110.657 Y114.358 E962.74028
G1 X110.445 Y114.468 E962.75617
G1 X110.136 Y114.548 E962.7774
G1 X110 Y114.548 E962.78645
G1 F2700 E957.78645
G0 F12000 X110 Y114.86
G0 X109.484 Y114.715
G0 X109.176 Y114.552
G0 X108.913 Y114.321
G0 X108.714 Y114.031
G0 X108.59 Y113.705
G0 X108.547 Y113.357
G0 X108.59 Y113.01
G0 X108.714 Y112.684
G0 X108.911 Y112.395
G0 X109.175 Y112.162
G0 X110 Y111.86
G0 X110 Y111.602
G1 F2700 E962.78645
G1 F1882.4 X109.855 Y111.602 E962.79874
G1 F2069 X109.592 Y111.49 E962.8208
G1 F2352.9 X109.3 Y111.331 E962.84336
G1 F2400 X109.096 Y111.151 E962.86146
G1 X108.935 Y110.915 E962.88046
G1 X108.834 Y110.646 E962.89958
G1 X108.801 Y110.38 E962.91741
G1 X108.831 Y110.078 E962.93759
G1 X108.93 Y109.807 E962.95679
G1 X109.09 Y109.569 E962.97586
G1 X109.308 Y109.371 E962.99545
G1 X109.58 Y109.23 E963.01583
G1 X109.864 Y109.164 E963.03523
G1 X110.136 Y109.164 E963.05332
G1 X110.42 Y109.23 E963.07272
G1 X110.675 Y109.362 E963.09182
G1 X110.892 Y109.552 E963.111
G1 X111.056 Y109.788 E963.13012
G1 X111.165 Y110.077 E963.15067
G1 X111.196 Y110.353 E963.16914
G1 X111.163 Y110.644 E963.18862
G1 X111.061 Y110.915 E963.20789
G1 X110.9 Y111.151 E963.22689
G1 F2248.2 X110.609 Y111.399 E963.25404
G1 F1995.8 X110.12 Y111.602 E963.29639
G1 F1889.8 X110 Y111.602 E963.30653
G1 F2700 E958.30653
G0 F12000 X110 Y111.86
G0 X110.515 Y111.999
G0 X110.825 Y112.162
G0 X113.176 Y114.552
G0 X113.86 Y114.86
G0 X113.86 Y114.548
G1 F2700 E963.30653
G1 F2400 X113.553 Y114.467 E963.32765
G1 X113.3 Y114.331 E963.34676
G1 X113.091 Y114.145 E963.36537
G1 X112.924 Y113.891 E963.38559
G1 X112.84 Y113.667 E963.4015
G1 X112.8 Y113.374 E963.42117
G1 X112.84 Y113.045 E963.44322
G1 X112.924 Y112.821 E963.45913
G1 X113.104 Y112.553 E963.48061
G1 X113.315 Y112.366 E963.49936
G1 X113.597 Y112.225 E963.52034
G1 X113.852 Y112.165 E963.53776
G1 X114.139 Y112.164 E963.55685
G1 X114.426 Y112.232 E963.57647
G1 X114.682 Y112.367 E963.59573
G1 X114.894 Y112.555 E963.61457
G1 X115.062 Y112.799 E963.63428
G1 X115.162 Y113.064 E963.65312
G1 X115.196 Y113.348 E963.67215
G1 X115.165 Y113.633 E963.69122
G1 X115.067 Y113.902 E963.71026
G1 X114.88 Y114.172 E963.73211
G1 X114.657 Y114.358 E963.75143
G1 X114.445 Y114.468 E963.76732
G1 X114.136 Y114.548 E963.78855
G1 X113.86 Y114.548 E963.80691
G1 F2700 E958.80691
G0 F12000 X113.86 Y114.86
G0 X106.136 Y114.86
G0 X106.136 Y114.548
G1 F2700 E963.80691
G1 F2400 X105.86 Y114.548 E963.82527
G1 X105.553 Y114.467 E963.84639
G1 X105.3 Y114.331 E963.86549
G1 X105.101 Y114.156 E963.88312
G1 X104.941 Y113.925 E963.90181
G1 X104.831 Y113.633 E963.92257
G1 X104.8 Y113.348 E963.94164
G1 X104.83 Y113.083 E963.95938
G1 X104.934 Y112.799 E963.9795
G1 X105.102 Y112.555 E963.99921
G1 X105.315 Y112.366 E964.01815
G1 X105.591 Y112.226 E964.03874
G1 X105.845 Y112.166 E964.0561
G1 X106.148 Y112.165 E964.07625
G1 X106.403 Y112.225 E964.09368
G1 X106.681 Y112.366 E964.11441
G1 X106.892 Y112.553 E964.13317
G1 X107.072 Y112.821 E964.15464
G1 X107.167 Y113.092 E964.17375
G1 X107.196 Y113.374 E964.1926
G1 X107.156 Y113.667 E964.21227
G1 X107.05 Y113.933 E964.23132
G1 X106.905 Y114.145 E964.24841
G1 X106.657 Y114.358 E964.27015
G1 X106.445 Y114.468 E964.28604
G1 X106.136 Y114.548 E964.30727
G1 F2700 E959.30727
G0 F12000 X106.136 Y114.86
G0 X106.824 Y114.552
G0 X107.087 Y114.321
G0 X107.286 Y114.031
G0 X107.41 Y113.705
G0 X107.597 Y111.298
G0 X107.49 Y109.712
G0 X107.485 Y91.053
G0 X110.277 Y89.655
G1 F2700 E964.30727
G1 F2400 X98.956 Y89.652 E965.06035
G1 X98.855 Y89.594 E965.0681
G1 X98.802 Y89.491 E965.0758
G1 F2376.2 X98.796 Y86.01 E965.30968
G1 F2038.2 X98.733 Y85.642 E965.33892
G1 F1983.5 X98.588 Y85.897 E965.36253
G1 F2302.2 X98.38 Y86.172 E965.38644
G1 F2400 X98.157 Y86.358 E965.40576
G1 X97.906 Y86.482 E965.42438
G1 X97.62 Y86.548 E965.44391
G1 X97.338 Y86.545 E965.46267
G1 X97.053 Y86.467 E965.48232
G1 X96.841 Y86.359 E965.49815
G1 X96.596 Y86.154 E965.5194
G1 X96.424 Y85.891 E965.5403
G1 X96.34 Y85.667 E965.55622
G1 X96.301 Y85.38 E965.57548
G1 X96.34 Y85.045 E965.59792
G1 X96.424 Y84.821 E965.61383
G1 X96.587 Y84.574 E965.63352
G1 X96.835 Y84.354 E965.65557
G1 X97.051 Y84.242 E965.67176
G1 X97.342 Y84.167 E965.69175
G1 X97.667 Y84.169 E965.71337
G1 X97.903 Y84.225 E965.7295
G1 X98.162 Y84.354 E965.74875
G1 X98.41 Y84.574 E965.7708
G1 F2313.3 X98.585 Y84.816 E965.79141
G1 F1991.7 X98.733 Y85.085 E965.81602
G1 F2051.3 X98.799 Y84.701 E965.84635
G1 F2388.1 X98.8 Y81.197 E966.0806
G1 F2400 X98.88 Y81.095 E966.08922
G1 X98.965 Y81.059 E966.09536
G1 X115.077 Y81.056 E967.16714
G1 X115.2 Y81.215 E967.18051
G1 F2388.1 X115.201 Y84.702 E967.41362
G1 F2060.1 X115.265 Y85.085 E967.44372
G1 F2000 X115.411 Y84.816 E967.46815
G1 F2318.8 X115.586 Y84.574 E967.48871
G1 F2400 X115.835 Y84.354 E967.51081
G1 X116.051 Y84.242 E967.527
G1 X116.333 Y84.169 E967.54637
G1 X116.667 Y84.169 E967.56859
G1 X116.94 Y84.238 E967.58732
G1 X117.201 Y84.382 E967.60715
G1 X117.409 Y84.574 E967.62598
G1 X117.572 Y84.821 E967.64567
G1 X117.656 Y85.045 E967.66158
G1 X117.696 Y85.356 E967.68244
G1 X117.666 Y85.631 E967.70084
G1 X117.572 Y85.891 E967.71923
G1 X117.414 Y86.133 E967.73846
G1 X117.18 Y86.344 E967.75942
G1 X116.949 Y86.466 E967.77679
G1 X116.67 Y86.542 E967.79603
G1 X116.349 Y86.549 E967.81739
G1 X116.053 Y86.467 E967.83782
G1 X115.841 Y86.359 E967.85365
G1 X115.616 Y86.172 E967.87311
G1 F2318.8 X115.411 Y85.896 E967.89678
G1 F2004.2 X115.265 Y85.627 E967.92116
G1 F2060.1 X115.201 Y86.008 E967.9511
G1 F2388.1 X115.198 Y89.491 E968.18395
G1 F2400 X115.081 Y89.656 E968.1974
G1 X110.277 Y89.655 E968.51697
G1 F2700 E963.51697
G0 F12000 X110.277 Y89.967
G0 X115.265 Y89.867
G0 X114.347 Y88.804
G0 X114.335 Y85.627
G0 X115.265 Y85.627
G1 F2700 E968.51697
G1 F1864.1 X115.25 Y85.356 E968.54021
G1 X115.265 Y85.085 E968.56346
G1 F2700 E963.56346
G0 F12000 X114.335 Y85.085
G0 X99.665 Y85.085
G0 X98.733 Y85.085
G1 F2700 E968.56346
G1 F1849.7 X98.748 Y85.356 E968.58688
G1 X98.733 Y85.642 E968.6116
G1 F2700 E963.6116
G0 F12000 X99.665 Y85.642
G0 X99.653 Y88.804
G0 X99 Y91.056
G0 X97.462 Y89.726
G0 X97.429 Y87.921
G0 X96.577 Y87.772
G0 X96.572 Y141.784
G0 X110 Y141.856
G0 X110 Y141.596
;TYPE:SKIN
G1 F2700 E968.6116
G1 F2400 X96.76 Y141.596 E969.49233
G1 X96.76 Y90.201 E972.91114
G1 F2258.8 X96.786 Y89.757 E972.94257
G1 F2157.3 X96.78 Y88.03 E973.07038
G1 F2181.8 X97.038 Y88.093 E973.08981
G1 X97.22 Y88.11 E973.10319
G1 X97.22 Y89.452 E973.20138
G1 F2157.3 X97.235 Y89.741 E973.2228
G1 F2258.8 X97.392 Y90.161 E973.25449
G1 F2400 X97.722 Y90.669 E973.29479
G1 X98.167 Y91.01 E973.33208
G1 X98.582 Y91.164 E973.36153
G1 X98.981 Y91.215 E973.38828
G1 X115.153 Y91.208 E974.46405
G1 X115.489 Y91.148 E974.48675
G1 X115.869 Y90.986 E974.51423
G1 X116.256 Y90.682 E974.54697
G1 X116.536 Y90.314 E974.57773
G1 X116.66 Y90.04 E974.59773
G1 X116.759 Y89.665 E974.62353
G1 X116.76 Y88.09 E974.7283
G1 X117.191 Y88.032 E974.75723
G1 X117.647 Y87.86 E974.78965
G1 X118.073 Y87.619 E974.82221
G1 X118.4 Y87.351 E974.85033
G1 X118.766 Y86.941 E974.88689
G1 X119.066 Y86.377 E974.92939
G1 X119.202 Y85.899 E974.96245
G1 X119.26 Y85.389 E974.99659
G1 X119.216 Y84.913 E975.02839
G1 X119.091 Y84.392 E975.06403
G1 X118.79 Y83.806 E975.10785
G1 X118.351 Y83.299 E975.15246
G1 X117.907 Y82.983 E975.18872
G1 X117.569 Y82.81 E975.21397
G1 X117.149 Y82.666 E975.24351
G1 X116.76 Y82.62 E975.26956
G1 X116.758 Y81.231 E975.36196
G1 X116.689 Y80.754 E975.39402
G1 X116.423 Y80.226 E975.43335
G1 X116.316 Y80.113 E975.4437
G1 X123.24 Y80.116 E975.90429
G1 X123.24 Y141.596 E979.99395
G1 X110 Y141.596 E980.87468
G1 F2700 E975.87468
G0 F12000 X110 Y141.856
G0 X109.974 Y138.941
G0 X110 Y139.115
G1 F2700 E980.87468
G1 F2400 X110.423 Y139.082 E980.90291
G1 X110.792 Y138.991 E980.92819
G1 X111.251 Y138.82 E980.96077
G1 X111.809 Y138.446 E981.00546
G1 X112.191 Y138.02 E981.04352
G1 X112.468 Y137.588 E981.07765
G1 X112.671 Y137.064 E981.11504
G1 X112.76 Y136.384 E981.16065
G1 X112.699 Y135.782 E981.20091
G1 X113.061 Y135.957 E981.22765
G1 X113.663 Y136.099 E981.2688
G1 X114.302 Y136.106 E981.3113
G1 X114.812 Y135.987 E981.34614
G1 X115.302 Y135.793 E981.3812
G1 X115.786 Y135.461 E981.42024
G1 X116.125 Y135.117 E981.45237
G1 X116.441 Y134.663 E981.48916
G1 X116.679 Y134.038 E981.53365
G1 X116.743 Y133.57 E981.56507
G1 X116.751 Y133.268 E981.58517
G1 X116.672 Y132.649 E981.62668
G1 X116.468 Y132.105 E981.66533
G1 X116.216 Y131.721 E981.69588
G1 X116.368 Y131.575 E981.7099
G1 X116.507 Y131.681 E981.72153
G1 X117.038 Y131.947 E981.76103
G1 X117.634 Y132.098 E981.80193
G1 X118.334 Y132.104 E981.8485
G1 X118.892 Y131.962 E981.8868
G1 X119.308 Y131.786 E981.91685
G1 X119.838 Y131.422 E981.95962
G1 X120.262 Y130.946 E982.00202
G1 X120.574 Y130.361 E982.04612
G1 X120.702 Y129.895 E982.07827
G1 X120.759 Y129.442 E982.10864
G1 X120.716 Y128.913 E982.14395
G1 X120.61 Y128.48 E982.1736
G1 X120.437 Y128.057 E982.204
G1 X120.139 Y127.605 E982.24001
G1 X119.884 Y127.355 E982.26377
G1 X120.109 Y127.147 E982.28415
G1 X120.433 Y126.65 E982.32362
G1 X120.613 Y126.217 E982.35481
G1 X120.702 Y125.895 E982.37703
G1 X120.759 Y125.442 E982.4074
G1 X120.716 Y124.913 E982.44271
G1 X120.61 Y124.48 E982.47236
G1 X120.437 Y124.057 E982.50276
G1 X120.139 Y123.605 E982.53878
G1 X119.884 Y123.355 E982.56253
G1 X120.109 Y123.147 E982.58291
G1 X120.433 Y122.65 E982.62238
G1 X120.613 Y122.217 E982.65357
G1 X120.702 Y121.895 E982.6758
G1 X120.759 Y121.442 E982.70617
G1 X120.716 Y120.913 E982.74147
G1 X120.61 Y120.48 E982.77113
G1 X120.437 Y120.057 E982.80153
G1 X120.139 Y119.605 E982.83754
G1 X119.884 Y119.355 E982.86129
G1 X120.109 Y119.147 E982.88168
G1 X120.433 Y118.65 E982.92114
G1 X120.613 Y118.217 E982.95234
G1 X120.702 Y117.895 E982.97456
G1 X120.759 Y117.442 E983.00493
G1 X120.716 Y116.913 E983.04023
G1 X120.595 Y116.408 E983.07478
G1 X120.263 Y115.763 E983.12303
G1 X119.855 Y115.299 E983.16413
G1 X119.28 Y114.902 E983.21061
G1 X118.888 Y114.742 E983.23878
G1 X118.364 Y114.613 E983.27468
G1 X117.646 Y114.613 E983.32244
G1 X117 Y114.769 E983.36665
G1 X116.484 Y115.038 E983.40535
G1 X116.367 Y115.131 E983.4153
G1 X116.219 Y114.987 E983.42903
G1 X116.464 Y114.61 E983.45894
G1 X116.68 Y114.03 E983.50011
G1 X116.763 Y113.414 E983.54146
G1 X116.687 Y112.714 E983.5883
G1 X116.493 Y112.161 E983.62728
G1 X116.344 Y111.905 E983.64698
G1 X116.044 Y111.496 E983.68072
G1 X115.652 Y111.136 E983.71613
G1 X115.001 Y110.764 E983.766
G1 X114.328 Y110.603 E983.81204
G1 X113.669 Y110.612 E983.85588
G1 X113.114 Y110.732 E983.89365
G1 X112.685 Y110.937 E983.92528
G1 X112.742 Y110.562 E983.95051
G1 X112.759 Y110.249 E983.97136
G1 X112.683 Y109.689 E984.00895
G1 X112.45 Y109.071 E984.05289
G1 X112.06 Y108.497 E984.09905
G1 X111.583 Y108.084 E984.14102
G1 X110.985 Y107.766 E984.18607
G1 X110.324 Y107.609 E984.23127
G1 X109.672 Y107.609 E984.27464
G1 X108.993 Y107.773 E984.3211
G1 X108.455 Y108.054 E984.36148
G1 X108.089 Y108.364 E984.39339
G1 X107.843 Y108.633 E984.41763
G1 X107.543 Y109.069 E984.45284
G1 X107.321 Y109.639 E984.49353
G1 X107.233 Y110.253 E984.53479
G1 X107.288 Y110.909 E984.57858
G1 X106.904 Y110.74 E984.60649
G1 X106.335 Y110.612 E984.64528
G1 X105.674 Y110.602 E984.68926
G1 X104.989 Y110.773 E984.73622
G1 X104.363 Y111.117 E984.78374
G1 X103.895 Y111.549 E984.82611
G1 X103.523 Y112.115 E984.87116
G1 X103.301 Y112.733 E984.91484
G1 X103.233 Y113.338 E984.95534
G1 X103.312 Y114.034 E985.00194
G1 X103.551 Y114.659 E985.04645
G1 X103.778 Y114.986 E985.07293
G1 X103.63 Y115.13 E985.08666
G1 X103.496 Y115.03 E985.09779
G1 X102.996 Y114.773 E985.13518
G1 X102.356 Y114.613 E985.17906
G1 X101.68 Y114.607 E985.22403
G1 X101.14 Y114.733 E985.26092
G1 X100.682 Y114.919 E985.2938
G1 X100.141 Y115.299 E985.33778
G1 X99.729 Y115.767 E985.37926
G1 X99.397 Y116.397 E985.42663
G1 X99.276 Y116.913 E985.46188
G1 X99.233 Y117.442 E985.49719
G1 X99.29 Y117.891 E985.5273
G1 X99.402 Y118.312 E985.55628
G1 X99.597 Y118.723 E985.58654
G1 X99.854 Y119.104 E985.61711
G1 X100.095 Y119.353 E985.64016
G1 X99.877 Y119.575 E985.66086
G1 X99.597 Y119.985 E985.69388
G1 X99.397 Y120.415 E985.72543
G1 X99.281 Y120.883 E985.7575
G1 X99.232 Y121.397 E985.79185
G1 X99.29 Y121.891 E985.82494
G1 X99.402 Y122.312 E985.85391
G1 X99.597 Y122.723 E985.88418
G1 X99.854 Y123.104 E985.91475
G1 X100.095 Y123.353 E985.9378
G1 X99.877 Y123.575 E985.95849
G1 X99.597 Y123.985 E985.99152
G1 X99.397 Y124.415 E986.02307
G1 X99.281 Y124.883 E986.05514
G1 X99.232 Y125.397 E986.08949
G1 X99.29 Y125.891 E986.12257
G1 X99.402 Y126.312 E986.15155
G1 X99.597 Y126.723 E986.18181
G1 X99.854 Y127.104 E986.21239
G1 X100.095 Y127.353 E986.23544
G1 X99.877 Y127.575 E986.25613
G1 X99.597 Y127.985 E986.28916
G1 X99.397 Y128.415 E986.32071
G1 X99.281 Y128.883 E986.35278
G1 X99.232 Y129.397 E986.38713
G1 X99.29 Y129.891 E986.42021
G1 X99.406 Y130.325 E986.4501
G1 X99.698 Y130.897 E986.49282
G1 X100.158 Y131.422 E986.53925
G1 X100.691 Y131.79 E986.58233
G1 X101.125 Y131.968 E986.61354
G1 X101.687 Y132.106 E986.65203
G1 X102.36 Y132.095 E986.69681
G1 X102.948 Y131.951 E986.73708
G1 X103.478 Y131.692 E986.77632
G1 X103.628 Y131.575 E986.78897
G1 X103.779 Y131.72 E986.8029
G1 X103.55 Y132.055 E986.82989
G1 X103.309 Y132.703 E986.87588
G1 X103.232 Y133.369 E986.92048
G1 X103.279 Y133.812 E986.95011
G1 X103.34 Y134.092 E986.96917
G1 X103.536 Y134.642 E987.00801
G1 X103.859 Y135.106 E987.04562
G1 X104.104 Y135.359 E987.06905
G1 X104.424 Y135.623 E987.09664
G1 X104.835 Y135.852 E987.12794
G1 X105.181 Y135.984 E987.15258
G1 X105.645 Y136.099 E987.18437
G1 X106.33 Y136.099 E987.22994
G1 X106.882 Y135.972 E987.26762
G1 X107.289 Y135.798 E987.29706
G1 X107.232 Y136.393 E987.33682
G1 X107.321 Y137.061 E987.38165
G1 X107.528 Y137.589 E987.41938
G1 X107.782 Y137.998 E987.4514
G1 X108.187 Y138.45 E987.49178
G1 X108.699 Y138.798 E987.53296
G1 X109.296 Y139.031 E987.57559
G1 X109.947 Y139.119 E987.61929
G1 X110 Y139.115 E987.62282
G1 F2700 E982.62282
G0 F12000 X109.977 Y138.86
G0 X111.71 Y138.298
G0 X123.4 Y138.298
G0 X123.5 Y141.136
G0 X123.039 Y141.136
G1 F2700 E987.62282
G1 F2400 X122.779 Y141.396 E987.64728
G0 F12000 X122.214 Y141.396
G1 F2400 X123.039 Y140.57 E987.72494
G0 F12000 X123.039 Y140.004
G1 F2400 X121.648 Y141.396 E987.85584
G0 F12000 X121.082 Y141.396
G1 F2400 X123.039 Y139.439 E988.03994
G0 F12000 X123.039 Y138.873
G1 F2400 X120.516 Y141.396 E988.27729
G0 F12000 X119.951 Y141.396
G1 F2400 X123.039 Y138.307 E988.56784
G0 F12000 X123.039 Y137.742
G1 F2400 X119.385 Y141.396 E988.91159
G0 F12000 X118.819 Y141.396
G1 F2400 X123.039 Y137.176 E989.30858
G0 F12000 X123.039 Y136.61
G1 F2400 X118.254 Y141.396 E989.75877
G0 F12000 X117.688 Y141.396
G1 F2400 X123.039 Y136.045 E990.26216
G0 F12000 X123.039 Y135.479
G1 F2400 X117.122 Y141.396 E990.81879
G0 F12000 X116.557 Y141.396
G1 F2400 X123.039 Y134.913 E991.42863
G0 F12000 X123.039 Y134.347
G1 F2400 X115.991 Y141.396 E992.09171
G0 F12000 X115.425 Y141.396
G1 F2400 X123.039 Y133.782 E992.80798
G0 F12000 X123.039 Y133.216
G1 F2400 X114.86 Y141.396 E993.57746
G0 F12000 X114.294 Y141.396
G1 F2400 X123.039 Y132.65 E994.40018
G0 F12000 X123.039 Y132.085
G1 F2400 X113.728 Y141.396 E995.27611
G0 F12000 X113.163 Y141.396
G1 F2400 X123.039 Y131.519 E996.20523
G0 F12000 X123.039 Y130.953
G1 F2400 X112.597 Y141.396 E997.18759
G0 F12000 X112.031 Y141.396
G1 F2400 X123.039 Y130.388 E998.22316
G0 F12000 X123.039 Y129.822
G1 F2400 X111.465 Y141.396 E999.31197
G0 F12000 X110.9 Y141.396
G1 F2400 X123.039 Y129.256 E1000.45398
G0 F12000 X123.039 Y128.691
G1 F2400 X110.334 Y141.396 E1001.64919
G0 F12000 X109.768 Y141.396
G1 F2400 X115.061 Y136.103 E1002.14712
G0 F12000 X114.295 Y136.304
G1 F2400 X109.203 Y141.396 E1002.62614
G0 F12000 X108.637 Y141.396
G1 F2400 X110.854 Y139.179 E1002.83471
G0 F12000 X110.164 Y139.303
G1 F2400 X108.071 Y141.396 E1003.0316
G0 F12000 X107.506 Y141.396
G1 F2400 X109.623 Y139.278 E1003.2308
G0 F12000 X109.148 Y139.188
G1 F2400 X106.94 Y141.396 E1003.43852
G0 F12000 X106.374 Y141.396
G1 F2400 X108.737 Y139.033 E1003.66082
G0 F12000 X108.381 Y138.823
G1 F2400 X105.809 Y141.396 E1003.90282
G0 F12000 X105.243 Y141.396
G1 F2400 X108.045 Y138.594 E1004.16642
G0 F12000 X107.775 Y138.298
G1 F2400 X104.677 Y141.396 E1004.45786
G0 F12000 X104.112 Y141.396
G1 F2400 X107.535 Y137.973 E1004.77987
G0 F12000 X107.324 Y137.618
G1 F2400 X103.546 Y141.396 E1005.13528
G0 F12000 X102.98 Y141.396
G1 F2400 X107.165 Y137.211 E1005.52898
G0 F12000 X107.072 Y136.738
G1 F2400 X102.415 Y141.396 E1005.96713
G0 F12000 X101.849 Y141.396
G1 F2400 X107.049 Y136.196 E1006.45632
G0 F12000 X106.388 Y136.291
G1 F2400 X101.283 Y141.396 E1006.93656
G0 F12000 X100.717 Y141.396
G1 F2400 X105.814 Y136.299 E1007.41606
G0 F12000 X105.324 Y136.223
G1 F2400 X100.152 Y141.396 E1007.90265
G0 F12000 X99.586 Y141.396
G1 F2400 X104.895 Y136.087 E1008.40209
G0 F12000 X104.513 Y135.903
G1 F2400 X99.02 Y141.396 E1008.91884
G0 F12000 X98.455 Y141.396
G1 F2400 X104.175 Y135.675 E1009.45699
G0 F12000 X103.874 Y135.411
G1 F2400 X97.889 Y141.396 E1010.02002
G0 F12000 X97.323 Y141.396
G1 F2400 X103.614 Y135.105 E1010.61184
G0 F12000 X103.383 Y134.771
G1 F2400 X96.96 Y141.194 E1011.21608
G0 F12000 X96.96 Y140.628
G1 F2400 X103.223 Y134.364 E1011.80531
G0 F12000 X103.098 Y133.924
G1 F2400 X96.96 Y140.062 E1012.38273
G0 F12000 X96.96 Y139.497
G1 F2400 X103.036 Y133.42 E1012.95437
G0 F12000 X103.096 Y132.795
G1 F2400 X96.96 Y138.931 E1013.53161
G0 F12000 X96.96 Y138.365
G1 F2400 X103.345 Y131.98 E1014.13227
G0 F12000 X102.49 Y132.269
G1 F2400 X96.96 Y137.8 E1014.65255
G0 F12000 X96.96 Y137.234
G1 F2400 X101.893 Y132.301 E1015.11661
G0 F12000 X101.391 Y132.237
G1 F2400 X96.96 Y136.668 E1015.53346
G0 F12000 X96.96 Y136.102
G1 F2400 X100.949 Y132.113 E1015.90872
G0 F12000 X100.556 Y131.94
G1 F2400 X96.96 Y135.537 E1016.24705
G0 F12000 X96.96 Y134.971
G1 F2400 X100.22 Y131.711 E1016.55373
G0 F12000 X99.915 Y131.45
G1 F2400 X96.96 Y134.405 E1016.83172
G0 F12000 X96.96 Y133.84
G1 F2400 X99.648 Y131.151 E1017.08464
G0 F12000 X99.426 Y130.808
G1 F2400 X96.96 Y133.274 E1017.31663
G0 F12000 X96.96 Y132.708
G1 F2400 X99.233 Y130.436 E1017.53041
G0 F12000 X99.11 Y129.992
G1 F2400 X96.96 Y132.143 E1017.73271
G0 F12000 X96.96 Y131.577
G1 F2400 X99.039 Y129.498 E1017.92829
G0 F12000 X99.081 Y128.89
G1 F2400 X96.96 Y131.011 E1018.12782
G0 F12000 X96.96 Y130.446
G1 F2400 X99.334 Y128.072 E1018.35116
G0 F12000 X99.662 Y127.178
G1 F2400 X96.96 Y129.88 E1018.60534
G0 F12000 X96.96 Y129.314
G1 F2400 X99.435 Y126.839 E1018.83818
G0 F12000 X99.247 Y126.461
G1 F2400 X96.96 Y128.749 E1019.05337
G0 F12000 X96.96 Y128.183
G1 F2400 X99.119 Y126.024 E1019.25648
G0 F12000 X99.043 Y125.534
G1 F2400 X96.96 Y127.617 E1019.45243
G0 F12000 X96.96 Y127.052
G1 F2400 X99.077 Y124.934 E1019.65163
G0 F12000 X99.295 Y124.15
G1 F2400 X96.96 Y126.486 E1019.87134
G0 F12000 X96.96 Y125.92
G1 F2400 X99.678 Y123.202 E1020.12704
G0 F12000 X99.451 Y122.863
G1 F2400 X96.96 Y125.354 E1020.36137
G0 F12000 X96.96 Y124.789
G1 F2400 X99.26 Y122.489 E1020.57774
G0 F12000 X99.127 Y122.056
G1 F2400 X96.96 Y124.223 E1020.7816
G0 F12000 X96.96 Y123.657
G1 F2400 X99.048 Y121.569 E1020.97803
G0 F12000 X99.072 Y120.98
G1 F2400 X96.96 Y123.092 E1021.17671
G0 F12000 X96.96 Y122.526
G1 F2400 X99.261 Y120.225 E1021.39318
G0 F12000 X99.678 Y120.426
G0 X100.362 Y119.355
G0 X100.068 Y118.957
G0 X99.694 Y119.226
G1 F2400 X96.96 Y121.96 E1021.65037
G0 F12000 X96.96 Y121.395
G1 F2400 X99.467 Y118.887 E1021.88626
G0 F12000 X99.274 Y118.515
G1 F2400 X96.96 Y120.829 E1022.10395
G0 F12000 X96.96 Y120.263
G1 F2400 X99.136 Y118.088 E1022.30861
G0 F12000 X99.053 Y117.605
G1 F2400 X96.96 Y119.698 E1022.50551
G0 F12000 X96.96 Y119.132
G1 F2400 X99.068 Y117.024 E1022.70381
G0 F12000 X99.211 Y116.316
G1 F2400 X96.96 Y118.566 E1022.91553
G0 F12000 X96.96 Y118.001
G1 F2400 X123.039 Y91.921 E1025.36893
G0 F12000 X123.039 Y92.487
G1 F2400 X104.949 Y110.577 E1027.07072
G0 F12000 X105.686 Y110.406
G1 F2400 X123.039 Y93.052 E1028.70323
G0 F12000 X123.039 Y93.618
G1 F2400 X109.125 Y107.533 E1030.01222
G0 F12000 X109.813 Y107.41
G1 F2400 X123.039 Y94.184 E1031.25644
G0 F12000 X123.039 Y94.749
G1 F2400 X110.373 Y107.416 E1032.44803
G0 F12000 X110.83 Y107.525
G1 F2400 X123.039 Y95.315 E1033.59663
G0 F12000 X123.039 Y95.881
G1 F2400 X111.242 Y107.678 E1034.70642
G0 F12000 X111.613 Y107.873
G1 F2400 X123.039 Y96.447 E1035.7813
G0 F12000 X123.039 Y97.012
G1 F2400 X111.929 Y108.122 E1036.82646
G0 F12000 X112.228 Y108.39
G1 F2400 X123.039 Y97.578 E1037.84354
G0 F12000 X123.039 Y98.144
G1 F2400 X112.456 Y108.727 E1038.83913
G0 F12000 X112.668 Y109.08
G1 F2400 X123.039 Y98.709 E1039.81477
G0 F12000 X123.039 Y99.275
G1 F2400 X112.827 Y109.488 E1040.7755
G0 F12000 X112.921 Y109.959
G1 F2400 X123.039 Y99.841 E1041.72734
G0 F12000 X123.039 Y100.406
G1 F2400 X112.989 Y110.456 E1042.67278
G0 F12000 X113.587 Y110.425
G1 F2400 X123.039 Y100.972 E1043.56201
G0 F12000 X123.039 Y101.538
G1 F2400 X114.175 Y110.402 E1044.39588
G0 F12000 X114.664 Y110.478
G1 F2400 X123.039 Y102.103 E1045.18375
G0 F12000 X123.039 Y102.669
G1 F2400 X115.11 Y110.599 E1045.92971
G0 F12000 X115.473 Y110.802
G1 F2400 X123.039 Y103.235 E1046.64152
G0 F12000 X123.039 Y103.8
G1 F2400 X115.82 Y111.02 E1047.32069
G0 F12000 X116.115 Y111.291
G1 F2400 X123.039 Y104.366 E1047.9721
G0 F12000 X123.039 Y104.932
G1 F2400 X116.371 Y111.601 E1048.59943
G0 F12000 X116.595 Y111.942
G1 F2400 X123.039 Y105.498 E1049.20564
G0 F12000 X123.039 Y106.063
G1 F2400 X116.767 Y112.336 E1049.79572
G0 F12000 X116.899 Y112.769
G1 F2400 X123.039 Y106.629 E1050.37334
G0 F12000 X123.039 Y107.195
G1 F2400 X116.955 Y113.279 E1050.94568
G0 F12000 X116.904 Y113.896
G1 F2400 X123.039 Y107.76 E1051.52287
G0 F12000 X123.039 Y108.326
G1 F2400 X116.629 Y114.736 E1052.12589
G0 F12000 X117.486 Y114.445
G1 F2400 X123.039 Y108.892 E1052.64828
G0 F12000 X123.039 Y109.457
G1 F2400 X118.088 Y114.408 E1053.11404
G0 F12000 X118.597 Y114.465
G1 F2400 X123.039 Y110.023 E1053.53191
G0 F12000 X123.039 Y110.589
G1 F2400 X119.038 Y114.59 E1053.9083
G0 F12000 X119.434 Y114.76
G1 F2400 X123.039 Y111.154 E1054.24749
G0 F12000 X123.039 Y111.72
G1 F2400 X119.769 Y114.99 E1054.55511
G0 F12000 X120.077 Y115.248
G1 F2400 X123.039 Y112.286 E1054.83375
G0 F12000 X123.039 Y112.851
G1 F2400 X120.343 Y115.548 E1055.08743
G0 F12000 X120.562 Y115.894
G1 F2400 X123.039 Y113.417 E1055.32045
G0 F12000 X123.039 Y113.983
G1 F2400 X120.754 Y116.268 E1055.5354
G0 F12000 X120.873 Y116.715
G1 F2400 X123.039 Y114.548 E1055.73922
G0 F12000 X123.039 Y115.114
G1 F2400 X120.944 Y117.209 E1055.9363
G0 F12000 X120.915 Y117.804
G1 F2400 X123.039 Y115.68 E1056.13611
G0 F12000 X123.039 Y116.246
G1 F2400 X120.66 Y118.625 E1056.35992
G0 F12000 X120.326 Y119.525
G1 F2400 X123.039 Y116.811 E1056.61518
G0 F12000 X123.039 Y117.377
G1 F2400 X120.55 Y119.866 E1056.84933
G0 F12000 X120.73 Y120.252
G1 F2400 X123.039 Y117.943 E1057.06655
G0 F12000 X123.039 Y118.508
G1 F2400 X120.866 Y120.682 E1057.27102
G0 F12000 X120.941 Y121.173
G1 F2400 X123.039 Y119.074 E1057.46843
G0 F12000 X123.039 Y119.64
G1 F2400 X120.921 Y121.758 E1057.66768
G0 F12000 X120.688 Y122.556
G1 F2400 X123.039 Y120.205 E1057.88885
G0 F12000 X123.039 Y120.771
G1 F2400 X120.31 Y123.5 E1058.14558
G0 F12000 X120.535 Y123.841
G1 F2400 X123.039 Y121.337 E1058.38114
G0 F12000 X123.039 Y121.902
G1 F2400 X120.719 Y124.223 E1058.59944
G0 F12000 X120.858 Y124.649
G1 F2400 X123.039 Y122.468 E1058.80461
G0 F12000 X123.039 Y123.034
G1 F2400 X120.938 Y125.135 E1059.00226
G0 F12000 X120.927 Y125.712
G1 F2400 X123.039 Y123.599 E1059.20099
G0 F12000 X123.039 Y124.165
G1 F2400 X120.718 Y126.487 E1059.41939
G0 F12000 X120.296 Y126.313
G0 X119.612 Y127.355
G0 X119.926 Y127.751
G0 X120.292 Y127.479
G1 F2400 X123.039 Y124.731 E1059.67785
G0 F12000 X123.039 Y125.296
G1 F2400 X120.519 Y127.817 E1059.91497
G0 F12000 X120.707 Y128.195
G1 F2400 X123.039 Y125.862 E1060.13439
G0 F12000 X123.039 Y126.428
G1 F2400 X120.85 Y128.617 E1060.34032
G0 F12000 X120.934 Y129.099
G1 F2400 X123.039 Y126.994 E1060.53835
G0 F12000 X123.039 Y127.559
G1 F2400 X120.932 Y129.666 E1060.73656
G0 F12000 X120.78 Y130.384
G1 F2400 X123.039 Y128.125 E1060.94907
G1 F2700 E1055.94907
G0 F12000 X123.5 Y128.125
G0 X123.4 Y131.685
G0 X119.707 Y131.301
G0 X118.888 Y131.685
G0 X119.058 Y132.107
G1 F2700 E1060.94907
G1 F2400 X116.756 Y134.408 E1061.16558
G0 F12000 X116.931 Y133.667
G1 F2400 X118.295 Y132.304 E1061.29385
G0 F12000 X117.729 Y132.304
G1 F2400 X116.933 Y133.1 E1061.36874
G0 F12000 X116.868 Y132.599
G1 F2400 X117.259 Y132.208 E1061.40552
G0 F12000 X116.831 Y132.071
G1 F2400 X116.714 Y132.188 E1061.41653
G0 F12000 X116.282 Y132.35
G0 X115.643 Y134.218
G0 X115.389 Y134.588
G0 X113.733 Y135.845
G0 X113.729 Y136.304
G1 F2400 X112.834 Y137.199 E1061.50072
G0 F12000 X112.95 Y136.518
G1 F2400 X113.257 Y136.211 E1061.5296
G1 F2700 E1056.5296
G0 F12000 X113.36 Y135.763
G0 X111.061 Y134.857
G0 X111.39 Y135.128
G0 X111.643 Y135.497
G0 X111.801 Y135.913
G0 X111.856 Y136.357
G0 X111.801 Y136.802
G0 X111.643 Y137.218
G0 X111.389 Y137.588
G0 X111.052 Y137.884
G0 X110.659 Y138.092
G0 X110.224 Y138.199
G0 X109.776 Y138.199
G0 X109.341 Y138.092
G0 X108.948 Y137.884
G0 X108.611 Y137.588
G0 X108.357 Y137.218
G0 X107.389 Y134.588
G0 X107.052 Y134.884
G0 X106.659 Y135.092
G0 X106.224 Y135.199
G0 X105.776 Y135.199
G0 X105.341 Y135.092
G0 X104.948 Y134.884
G0 X104.611 Y134.588
G0 X104.357 Y134.218
G0 X104.199 Y133.802
G0 X103.914 Y130.452
G0 X102.659 Y131.092
G0 X102.224 Y131.199
G0 X101.776 Y131.199
G0 X101.341 Y131.092
G0 X100.948 Y130.884
G0 X100.611 Y130.588
G0 X100.357 Y130.218
G0 X100.199 Y129.802
G0 X100.144 Y129.357
G0 X100.611 Y126.588
G0 X100.357 Y126.218
G0 X100.199 Y125.802
G0 X100.144 Y125.357
G0 X100.611 Y122.588
G0 X100.357 Y122.218
G0 X100.199 Y121.802
G0 X100.144 Y121.357
G0 X100.611 Y118.588
G0 X100.357 Y118.218
G0 X100.199 Y117.802
G0 X100.144 Y117.357
G0 X100.199 Y116.913
G0 X100.357 Y116.497
G0 X100.61 Y116.128
G0 X100.947 Y115.83
G0 X102.947 Y115.039
G0 X103.158 Y114.631
G1 F2700 E1061.5296
G1 F2400 X103.276 Y114.512 E1061.54075
G0 F12000 X103.122 Y114.101
G1 F2400 X102.726 Y114.498 E1061.57805
G0 F12000 X102.249 Y114.408
G1 F2400 X103.055 Y113.602 E1061.65388
G0 F12000 X103.064 Y113.027
G1 F2400 X101.684 Y114.408 E1061.78374
G0 F12000 X100.92 Y114.606
G1 F2400 X103.25 Y112.277 E1062.00289
G0 F12000 X103.684 Y112.431
G0 X106.246 Y110.867
G0 X106.25 Y110.408
G1 F2400 X107.163 Y109.495 E1062.08878
G0 F12000 X107.043 Y110.181
G1 F2400 X106.73 Y110.493 E1062.11818
G1 F2700 E1057.11818
G0 F12000 X106.63 Y110.943
G0 X104.471 Y111.262
G0 X96.581 Y111.26
G0 X96.501 Y110.646
G0 X96.96 Y110.647
G1 F2700 E1062.11818
G1 F2400 X123.039 Y84.567 E1064.57158
G0 F12000 X123.039 Y85.133
G1 F2400 X96.96 Y111.212 E1067.02493
G0 F12000 X96.96 Y111.778
G1 F2400 X123.039 Y85.699 E1069.47828
G0 F12000 X123.039 Y86.264
G1 F2400 X96.96 Y112.344 E1071.93168
G0 F12000 X96.96 Y112.909
G1 F2400 X123.039 Y86.83 E1074.38503
G0 F12000 X123.039 Y87.396
G1 F2400 X96.96 Y113.475 E1076.83839
G0 F12000 X96.96 Y114.041
G1 F2400 X123.039 Y87.961 E1079.29179
G0 F12000 X123.039 Y88.527
G1 F2400 X96.96 Y114.606 E1081.74514
G0 F12000 X96.96 Y115.172
G1 F2400 X123.039 Y89.093 E1084.19849
G0 F12000 X123.039 Y89.658
G1 F2400 X96.96 Y115.738 E1086.65189
G0 F12000 X96.96 Y116.304
G1 F2400 X123.039 Y90.224 E1089.10529
G0 F12000 X123.039 Y90.79
G1 F2400 X96.96 Y116.869 E1091.55864
G0 F12000 X96.96 Y117.435
G1 F2400 X123.039 Y91.355 E1094.01204
G0 F12000 X123.5 Y91.355
G0 X123.428 Y79.928
G0 X115.846 Y79.942
G0 X116.571 Y82.79
G0 X118.589 Y84.912
G0 X118.624 Y86.666
G0 X119.031 Y86.879
G1 F2400 X123.039 Y82.87 E1094.38914
G0 F12000 X123.039 Y83.436
G1 F2400 X116.955 Y89.52 E1094.96148
G0 F12000 X116.958 Y88.952
G1 F2400 X118.049 Y87.86 E1095.06416
G0 F12000 X117.826 Y87.463
G0 X117.048 Y87.795
G0 X117.1 Y88.244
G1 F2400 X116.96 Y88.384 E1095.07733
G0 F12000 X116.5 Y88.384
G0 X116.364 Y90.074
G0 X116.783 Y90.258
G1 F2400 X123.039 Y84.001 E1095.66591
G0 F12000 X123.5 Y84.001
G0 X123.5 Y82.304
G0 X123.039 Y82.304
G1 F2400 X119.394 Y85.95 E1096.00885
G0 F12000 X119.455 Y85.323
G1 F2400 X123.039 Y81.739 E1096.34601
G0 F12000 X123.039 Y81.173
G1 F2400 X119.396 Y84.816 E1096.68872
G0 F12000 X119.288 Y84.359
G1 F2400 X123.039 Y80.607 E1097.04164
G0 F12000 X122.766 Y80.315
G1 F2400 X119.105 Y83.976 E1097.38605
G0 F12000 X118.898 Y83.617
G1 F2400 X122.2 Y80.315 E1097.69668
G0 F12000 X121.634 Y80.315
G1 F2400 X118.633 Y83.316 E1097.97899
G0 F12000 X118.341 Y83.043
G1 F2400 X121.069 Y80.315 E1098.23563
G0 F12000 X120.504 Y80.315
G1 F2400 X118.007 Y82.811 E1098.47048
G0 F12000 X117.632 Y82.62
G1 F2400 X119.938 Y80.315 E1098.68737
G0 F12000 X119.373 Y80.314
G1 F2400 X117.21 Y82.477 E1098.89085
G0 F12000 X116.96 Y82.162
G1 F2400 X118.807 Y80.314 E1099.06465
G0 F12000 X118.242 Y80.313
G1 F2400 X116.96 Y81.596 E1099.1853
G0 F12000 X116.933 Y81.057
G1 F2400 X117.677 Y80.313 E1099.25529
G0 F12000 X117.111 Y80.313
G1 F2400 X116.832 Y80.592 E1099.28154
G0 F12000 X116.42 Y80.797
G0 X116.278 Y83.516
G0 X116.722 Y83.516
G0 X117.158 Y83.622
G0 X117.553 Y83.83
G0 X117.89 Y84.128
G0 X118.143 Y84.497
G0 X118.301 Y84.913
G0 X118.356 Y85.357
G0 X118.301 Y85.802
G0 X118.143 Y86.218
G0 X117.889 Y86.588
G0 X115.813 Y88.59
G0 X115.838 Y90.295
G0 X115.641 Y90.803
G0 X115.817 Y91.224
G1 F2400 X96.96 Y110.081 E1101.05549
G0 F12000 X96.96 Y109.515
G1 F2400 X115.068 Y91.407 E1102.75898
G0 F12000 X114.503 Y91.407
G1 F2400 X96.96 Y108.95 E1104.40932
G0 F12000 X96.96 Y108.384
G1 F2400 X113.937 Y91.407 E1106.00641
G0 F12000 X113.37 Y91.408
G1 F2400 X96.96 Y107.818 E1107.55016
G0 F12000 X96.96 Y107.253
G1 F2400 X112.805 Y91.408 E1109.04076
G0 F12000 X112.239 Y91.408
G1 F2400 X96.96 Y106.687 E1110.47812
G0 F12000 X96.96 Y106.121
G1 F2400 X111.673 Y91.408 E1111.86223
G0 F12000 X111.107 Y91.408
G1 F2400 X96.96 Y105.555 E1113.19309
G0 F12000 X96.96 Y104.99
G1 F2400 X110.541 Y91.408 E1114.47076
G0 F12000 X109.975 Y91.409
G1 F2400 X96.96 Y104.424 E1115.69513
G0 F12000 X96.96 Y103.858
G1 F2400 X109.409 Y91.409 E1116.86625
G0 F12000 X108.844 Y91.409
G1 F2400 X96.96 Y103.293 E1117.98423
G0 F12000 X96.96 Y102.727
G1 F2400 X108.277 Y91.41 E1119.04886
G0 F12000 X107.711 Y91.41
G1 F2400 X96.96 Y102.161 E1120.06025
G0 F12000 X96.96 Y101.596
G1 F2400 X107.146 Y91.41 E1121.01848
G0 F12000 X106.579 Y91.411
G1 F2400 X96.96 Y101.03 E1121.92338
G0 F12000 X96.96 Y100.464
G1 F2400 X106.014 Y91.411 E1122.77508
G0 F12000 X105.448 Y91.411
G1 F2400 X96.96 Y99.899 E1123.57358
G0 F12000 X96.96 Y99.333
G1 F2400 X104.882 Y91.411 E1124.31883
G0 F12000 X104.316 Y91.411
G1 F2400 X96.96 Y98.767 E1125.01084
G0 F12000 X96.96 Y98.202
G1 F2400 X103.75 Y91.412 E1125.6496
G0 F12000 X103.184 Y91.412
G1 F2400 X96.96 Y97.636 E1126.23512
G0 F12000 X96.96 Y97.07
G1 F2400 X102.618 Y91.412 E1126.76739
G0 F12000 X102.052 Y91.413
G1 F2400 X96.96 Y96.505 E1127.24641
G0 F12000 X96.96 Y95.939
G1 F2400 X101.486 Y91.413 E1127.67219
G0 F12000 X100.92 Y91.413
G1 F2400 X96.96 Y95.373 E1128.04472
G0 F12000 X96.96 Y94.807
G1 F2400 X100.354 Y91.413 E1128.36401
G0 F12000 X99.788 Y91.413
G1 F2400 X96.96 Y94.242 E1128.6301
G0 F12000 X96.96 Y93.676
G1 F2400 X99.223 Y91.413 E1128.84298
G0 F12000 X98.687 Y91.383
G1 F2400 X96.96 Y93.11 E1129.00545
G0 F12000 X96.96 Y92.545
G1 F2400 X98.25 Y91.254 E1129.12685
G0 F12000 X97.89 Y91.049
G1 F2400 X96.96 Y91.979 E1129.21434
G0 F12000 X96.96 Y91.413
G1 F2400 X97.57 Y90.803 E1129.27173
G0 F12000 X97.347 Y90.461
G1 F2400 X96.96 Y90.848 E1129.30813
G0 F12000 X96.96 Y90.282
G1 F2400 X97.148 Y90.094 E1129.32582
G1 F2700 E1124.32582
G0 F12000 X97.595 Y89.963
G0 X98.162 Y90.295
G0 X115.838 Y90.295
G0 X116.724 Y87.199
G0 X117.159 Y87.092
G0 X117.552 Y86.884
G0 X117.889 Y86.588
G0 X118.143 Y86.218
G0 X118.301 Y85.802
G0 X118.356 Y85.357
G0 X118.301 Y84.913
G0 X118.143 Y84.497
G0 X117.89 Y84.128
G0 X117.553 Y83.83
G0 X117.158 Y83.622
G0 X116.722 Y83.516
G0 X115.838 Y80.419
G0 X98.162 Y80.419
G0 X97.278 Y83.516
G0 X96.775 Y83.682
G0 X96.5 Y82.675
G0 X96.78 Y82.675
G1 F2700 E1129.32582
G1 F2171.9 X96.782 Y81.168 E1129.43659
G1 F1983.5 X96.821 Y80.439 E1129.49535
G1 F1835.6 X96.821 Y80.177 E1129.51814
G1 X97.599 Y80.177 E1129.58581
G1 X97.326 Y80.523 E1129.62414
G1 F1983.5 X97.222 Y81.212 E1129.68022
G1 F2171.9 X97.22 Y82.573 E1129.78026
G1 F2181.8 X96.78 Y82.675 E1129.81331
G0 F12000 X96.21 Y82.675
;MESH:NONMESH
G0 F300 X96.21 Y82.675 Z1.8
G0 F12000 X96.576 Y82.935
G0 X97.429 Y82.791
G0 X97.426 Y81.305
G0 X98.748 Y79.816
;TIME_ELAPSED:1259.419634
;LAYER:4
;TYPE:WALL-INNER
;MESH:hull_rear_plate.obj
G1 F1875 X99 Y79.806 E1129.83479
G1 F1920 X115 Y79.806 E1131.16519
G0 F12000 X115.838 Y80.419
G0 X116.722 Y83.516
G0 X117.158 Y83.622
G0 X117.553 Y83.83
G0 X117.89 Y84.128
G0 X118.143 Y84.497
G0 X118.301 Y84.913
G0 X118.356 Y85.357
G0 X118.301 Y85.802
G0 X118.143 Y86.218
G0 X117.889 Y86.588
G0 X117.552 Y86.884
G0 X117.159 Y87.092
G0 X116.724 Y87.199
G0 X115.838 Y90.295
G0 X109.863 Y90.367
G0 X109.863 Y90.054
G1 F2400 X98.906 Y90.056 E1131.89406
G1 X98.717 Y89.986 E1131.90746
G1 X98.565 Y89.87 E1131.92018
G1 X98.446 Y89.687 E1131.9347
G1 X98.4 Y89.533 E1131.94539
G1 X98.4 Y86.672 E1132.13571
G1 X98.133 Y86.821 E1132.15605
G1 X97.7 Y86.95 E1132.1861
G1 X97.263 Y86.938 E1132.21518
G1 X96.993 Y86.87 E1132.2337
G1 X96.659 Y86.715 E1132.2582
G1 X96.353 Y86.473 E1132.28415
G1 F2449 X96.075 Y86.105 E1132.31421
G1 F2566.8 X95.954 Y85.744 E1132.33789
G1 F2681.6 X95.925 Y85.356 E1132.36106
G1 X95.954 Y84.968 E1132.38422
G1 F2566.8 X96.074 Y84.609 E1132.40777
G1 F2449 X96.353 Y84.238 E1132.43803
G1 F2400 X96.651 Y83.999 E1132.46344
G1 X97.005 Y83.836 E1132.48936
G1 X97.266 Y83.774 E1132.50721
G1 X97.62 Y83.764 E1132.53077
G1 X98.061 Y83.849 E1132.56064
G1 X98.4 Y84.036 E1132.58639
G1 X98.4 Y81.256 E1132.77132
G1 X98.448 Y81.02 E1132.78734
G1 X98.642 Y80.773 E1132.80823
G1 X98.917 Y80.656 E1132.82811
G1 X115 Y80.656 E1133.89796
G1 X115.283 Y80.726 E1133.91735
G1 X115.48 Y80.895 E1133.93462
G1 X115.6 Y81.135 E1133.95247
G1 X115.6 Y84.035 E1134.14538
G1 X115.935 Y83.85 E1134.17083
G1 X116.38 Y83.764 E1134.20098
G1 X116.759 Y83.78 E1134.22621
G1 X117.106 Y83.874 E1134.25013
G1 X117.349 Y84.001 E1134.26837
G1 X117.643 Y84.238 E1134.29349
G1 X117.879 Y84.552 E1134.31962
G1 X118.056 Y84.965 E1134.34951
G1 X118.096 Y85.356 E1134.37565
G1 X118.06 Y85.7 E1134.39866
G1 X117.946 Y86.031 E1134.42195
G1 X117.708 Y86.418 E1134.45217
G1 X117.381 Y86.69 E1134.48046
G1 X117.133 Y86.821 E1134.49912
G1 X116.768 Y86.93 E1134.52446
G1 X116.3 Y86.951 E1134.55562
G1 X115.871 Y86.823 E1134.5854
G1 X115.601 Y86.676 E1134.60585
G1 X115.6 Y89.529 E1134.79563
G1 X115.53 Y89.739 E1134.81036
G1 X115.296 Y89.979 E1134.83266
G1 X115.053 Y90.054 E1134.84957
G1 X109.863 Y90.054 E1135.19481
G1 F2700 E1130.19481
G0 F12000 X109.863 Y90.367
G0 X115.838 Y90.295
G0 X116.724 Y87.199
G0 X117.159 Y87.092
G0 X117.552 Y86.884
G0 X117.889 Y86.588
G0 X118.143 Y86.218
G0 X118.301 Y85.802
G0 X118.356 Y85.357
G0 X118.301 Y84.913
G0 X118.143 Y84.497
G0 X117.89 Y84.128
G0 X117.553 Y83.83
G0 X117.158 Y83.622
G0 X116.722 Y83.516
G0 X115.838 Y80.419
G0 X98.162 Y80.419
G0 X97.446 Y82.927
G0 X96.4 Y83.214
G1 F2700 E1135.19481
G1 F2400 X96.82 Y83.057 E1135.22464
G1 X97.114 Y82.989 E1135.24471
G1 X97.6 Y82.943 E1135.27719
G1 X97.6 Y81.256 E1135.38941
G1 X97.712 Y80.707 E1135.42668
G1 X98.165 Y80.131 E1135.47542
G1 F2077.9 X98.748 Y79.816 E1135.52634
G1 X98.042 Y79.756 E1135.58078
G1 F2400 X96.4 Y79.756 E1135.69
G1 X96.4 Y83.214 E1135.92003
G1 F2700 E1130.92003
G0 F12000 X98.17 Y83.649
G0 X98.162 Y80.419
G0 X115.838 Y80.419
G0 X116.722 Y83.516
G0 X117.158 Y83.622
G0 X117.553 Y83.83
G0 X117.89 Y84.128
G0 X118.143 Y84.497
G0 X118.301 Y84.913
G0 X118.356 Y85.357
G0 X118.301 Y85.802
G0 X118.143 Y86.218
G0 X117.889 Y86.588
G0 X117.552 Y86.884
G0 X117.159 Y87.092
G0 X116.724 Y87.199
G0 X115.838 Y90.295
G0 X106.74 Y90.289
G0 X107.856 Y91.053
G0 X108.203 Y108.504
G0 X107.862 Y111.67
G1 F2700 E1135.92003
G1 F1558.4 X107.998 Y111.857 E1135.94372
G0 F12000 X107.998 Y113.239
G1 F2313.3 X107.998 Y113.443 E1135.95779
G0 F12000 X107.999 Y115.272
G1 F2436.5 X108.282 Y115.026 E1135.98236
G1 X108.153 Y114.888 E1135.99474
G1 X107.998 Y114.666 E1136.01248
G1 X107.845 Y114.888 E1136.03015
G1 X107.715 Y115.026 E1136.04257
G1 X107.999 Y115.272 E1136.06719
G0 F12000 X108 Y115.874
G1 F2400 X108.212 Y115.614 E1136.0895
G1 X108.601 Y115.276 E1136.12378
G1 X108.988 Y115.076 E1136.15276
G1 X108.775 Y114.935 E1136.16975
G1 X108.488 Y114.676 E1136.19547
G1 X108.204 Y114.266 E1136.22865
G1 F2388.1 X108.033 Y113.712 E1136.26741
G1 F2352.9 X107.998 Y113.443 E1136.28581
G1 X107.963 Y113.712 E1136.30422
G1 F2388.1 X107.792 Y114.264 E1136.34285
G1 F2400 X107.533 Y114.642 E1136.37333
G1 X107.221 Y114.935 E1136.4018
G1 X107.008 Y115.076 E1136.4188
G1 X107.397 Y115.278 E1136.44795
G1 X107.788 Y115.614 E1136.48225
G1 X108 Y115.874 E1136.50456
G0 F12000 X107.337 Y115.419
G0 X107.053 Y115.269
G0 X106.556 Y115.102
G0 X106.166 Y114.927
G1 F2659.3 X105.83 Y114.927 E1136.52474
G1 F2526.3 X105.493 Y114.869 E1136.54634
G1 F2406 X105.099 Y114.688 E1136.57512
G1 F2400 X104.807 Y114.428 E1136.60112
G1 X104.577 Y114.102 E1136.62766
G1 X104.438 Y113.73 E1136.65408
G1 X104.4 Y113.334 E1136.68054
G1 X104.447 Y112.963 E1136.70542
G1 X104.58 Y112.613 E1136.73032
G1 X104.803 Y112.289 E1136.75649
G1 X105.09 Y112.036 E1136.78194
G1 X105.421 Y111.858 E1136.80694
G1 X105.823 Y111.766 E1136.83437
G1 X106.203 Y111.769 E1136.85965
G1 X106.569 Y111.859 E1136.88472
G1 X106.905 Y112.035 E1136.90995
G1 X107.188 Y112.284 E1136.93503
G1 X107.379 Y112.552 E1136.95692
G1 X107.558 Y112.97 E1136.98717
G1 X107.594 Y113.408 E1137.0164
G1 X107.554 Y113.75 E1137.03931
G1 X107.38 Y114.158 E1137.06881
G1 X107.219 Y114.393 E1137.08776
G1 X106.958 Y114.633 E1137.11135
G1 F2461.5 X106.567 Y114.858 E1137.14061
G1 F2594.6 X106.166 Y114.927 E1137.16564
G0 F12000 X106.556 Y115.102
G0 X109.444 Y115.102
G0 X110 Y114.927
G1 F2666.7 X109.83 Y114.927 E1137.17582
G1 F2526.3 X109.493 Y114.869 E1137.19743
G1 F2406 X109.099 Y114.688 E1137.2262
G1 F2400 X108.807 Y114.428 E1137.25221
G1 X108.616 Y114.158 E1137.27421
G1 X108.442 Y113.75 E1137.30371
G1 X108.402 Y113.408 E1137.32662
G1 X108.438 Y112.97 E1137.35585
G1 X108.617 Y112.552 E1137.3861
G1 X108.795 Y112.298 E1137.40673
G1 X109.087 Y112.029 E1137.43314
G1 X109.453 Y111.854 E1137.46013
G1 X109.099 Y111.688 E1137.48614
G1 X108.793 Y111.412 E1137.51355
G1 X108.582 Y111.103 E1137.53844
G1 X108.446 Y110.744 E1137.56397
G1 X108.4 Y110.348 E1137.59049
G1 X108.442 Y109.969 E1137.61586
G1 X108.568 Y109.637 E1137.63948
G1 X108.788 Y109.302 E1137.66614
G1 X109.11 Y109.022 E1137.69453
G1 X109.452 Y108.851 E1137.71996
G1 X109.833 Y108.765 E1137.74594
G1 X110.167 Y108.765 E1137.76816
G1 X110.583 Y108.859 E1137.79653
G1 X110.928 Y109.051 E1137.8228
G1 X111.187 Y109.282 E1137.84588
G1 X111.416 Y109.605 E1137.87222
G1 X111.554 Y109.968 E1137.89805
G1 X111.599 Y110.378 E1137.92549
G1 X111.551 Y110.74 E1137.94978
G1 X111.414 Y111.103 E1137.97559
G1 X111.203 Y111.412 E1138.00048
G1 X110.901 Y111.684 E1138.02752
G1 X110.545 Y111.854 E1138.05376
G1 X110.913 Y112.032 E1138.08095
G1 X111.201 Y112.298 E1138.10703
G1 X111.379 Y112.552 E1138.12766
G1 X111.558 Y112.97 E1138.15791
G1 X111.594 Y113.408 E1138.18714
G1 X111.554 Y113.75 E1138.21005
G1 X111.38 Y114.158 E1138.23955
G1 X111.219 Y114.393 E1138.2585
G1 X110.958 Y114.633 E1138.28209
G1 F2461.5 X110.567 Y114.858 E1138.31135
G1 F2594.6 X110.166 Y114.927 E1138.33638
G1 F2666.7 X110 Y114.927 E1138.34632
G0 F12000 X109.444 Y115.102
G0 X108.948 Y114.884
G0 X108.611 Y114.588
G0 X108.357 Y114.218
G0 X108.199 Y113.802
G0 X108.144 Y113.357
G0 X108.144 Y110.357
G0 X108.199 Y109.913
G0 X108.357 Y109.497
G0 X108.61 Y109.128
G0 X108.947 Y108.83
G0 X109.342 Y108.622
G0 X109.778 Y108.516
G0 X110.222 Y108.516
G0 X110.658 Y108.622
G0 X111.053 Y108.83
G0 X111.39 Y109.128
G0 X111.643 Y109.497
G0 X111.801 Y109.913
G0 X111.999 Y115.272
G1 F2436.5 X112.282 Y115.026 E1138.37089
G1 X112.153 Y114.888 E1138.38327
G1 X111.998 Y114.666 E1138.40101
G1 X111.845 Y114.888 E1138.41868
G1 X111.715 Y115.026 E1138.4311
G1 X111.999 Y115.272 E1138.45572
G0 F12000 X112 Y115.874
G1 F2400 X112.212 Y115.614 E1138.47803
G1 X112.601 Y115.276 E1138.51231
G1 X112.988 Y115.076 E1138.54129
G1 X112.775 Y114.935 E1138.55828
G1 X112.488 Y114.676 E1138.584
G1 X112.204 Y114.266 E1138.61718
G1 F2388.1 X112.033 Y113.712 E1138.65594
G1 F2352.9 X111.998 Y113.443 E1138.67434
G1 X111.963 Y113.712 E1138.69275
G1 F2388.1 X111.792 Y114.264 E1138.73138
G1 F2400 X111.533 Y114.642 E1138.76186
G1 X111.221 Y114.935 E1138.79033
G1 X111.008 Y115.076 E1138.80732
G1 X111.397 Y115.278 E1138.83648
G1 X111.788 Y115.614 E1138.87078
G1 X112 Y115.874 E1138.89309
G0 F12000 X112.663 Y115.419
G0 X113.069 Y115.205
G0 X113.444 Y115.102
G0 X113.83 Y114.927
G1 F2526.3 X113.493 Y114.869 E1138.9147
G1 F2406 X113.099 Y114.688 E1138.94347
G1 F2400 X112.807 Y114.428 E1138.96948
G1 X112.616 Y114.158 E1138.99148
G1 X112.442 Y113.75 E1139.02098
G1 X112.402 Y113.408 E1139.04389
G1 X112.438 Y112.97 E1139.07312
G1 X112.617 Y112.552 E1139.10337
G1 X112.808 Y112.284 E1139.12526
G1 X113.091 Y112.035 E1139.15034
G1 X113.431 Y111.859 E1139.17581
G1 X113.796 Y111.769 E1139.20081
G1 X114.176 Y111.766 E1139.22609
G1 X114.573 Y111.854 E1139.25314
G1 X114.908 Y112.037 E1139.27853
G1 X115.193 Y112.289 E1139.30384
G1 X115.416 Y112.613 E1139.33
G1 X115.549 Y112.962 E1139.35485
G1 X115.601 Y113.371 E1139.38227
G1 X115.544 Y113.766 E1139.40882
G1 X115.433 Y114.065 E1139.43004
G1 X115.2 Y114.428 E1139.45873
G1 X114.841 Y114.713 E1139.48922
G1 F2406 X114.504 Y114.869 E1139.51386
G1 F2526.3 X114.166 Y114.927 E1139.53553
G1 F2659.3 X113.83 Y114.927 E1139.55571
G0 F12000 X113.444 Y115.102
G0 X112.948 Y114.884
G0 X112.611 Y114.588
G0 X112.467 Y114.378
G0 X111.998 Y113.443
G1 F2313.3 X111.998 Y113.239 E1139.56978
G0 F12000 X111.998 Y111.857
G1 F1558.4 X112.134 Y111.67 E1139.59347
G0 F12000 X112 Y119.75
G1 F1794.4 X112.178 Y119.555 E1139.61696
G1 X112.401 Y119.356 E1139.64355
G1 X112.168 Y119.148 E1139.67134
G1 X112 Y118.962 E1139.69364
G1 X111.832 Y119.148 E1139.71594
G1 X111.595 Y119.356 E1139.744
G1 X111.832 Y119.564 E1139.77205
G1 X112 Y119.75 E1139.79435
G0 F12000 X111.999 Y120.742
G1 F2400 X112.136 Y120.38 E1139.8201
G1 X112.43 Y119.956 E1139.85442
G1 X112.802 Y119.623 E1139.88763
G1 X113.314 Y119.357 E1139.92601
G1 X112.801 Y119.088 E1139.96454
G1 X112.43 Y118.756 E1139.99766
G1 X112.135 Y118.331 E1140.03208
G1 X111.999 Y117.967 E1140.05792
G1 X111.866 Y118.33 E1140.08364
G1 X111.571 Y118.754 E1140.118
G1 X111.191 Y119.09 E1140.15174
G1 X110.808 Y119.293 E1140.18058
G1 X110.612 Y119.358 E1140.19431
G1 X110.815 Y119.426 E1140.20855
G1 X111.188 Y119.62 E1140.23652
G1 X111.568 Y119.953 E1140.27013
G1 X111.867 Y120.385 E1140.30508
G1 X111.999 Y120.742 E1140.3304
G0 F12000 X112 Y120.107
G0 X112 Y123.75
G1 F1794.4 X112.178 Y123.555 E1140.35389
G1 X112.401 Y123.356 E1140.38048
G1 X112.168 Y123.148 E1140.40827
G1 X112 Y122.962 E1140.43057
G1 X111.832 Y123.148 E1140.45287
G1 X111.595 Y123.356 E1140.48093
G1 X111.832 Y123.564 E1140.50898
G1 X112 Y123.75 E1140.53128
G0 F12000 X111.999 Y124.742
G1 F2400 X112.136 Y124.38 E1140.55703
G1 X112.43 Y123.956 E1140.59135
G1 X112.802 Y123.623 E1140.62456
G1 X113.314 Y123.357 E1140.66294
G1 X112.801 Y123.088 E1140.70147
G1 X112.43 Y122.756 E1140.73459
G1 X112.135 Y122.331 E1140.769
G1 X111.999 Y121.967 E1140.79485
G1 X111.866 Y122.33 E1140.82057
G1 X111.571 Y122.754 E1140.85493
G1 X111.191 Y123.09 E1140.88867
G1 X110.808 Y123.293 E1140.91751
G1 X110.612 Y123.358 E1140.93124
G1 X110.815 Y123.426 E1140.94548
G1 X111.188 Y123.62 E1140.97345
G1 X111.568 Y123.953 E1141.00706
G1 X111.867 Y124.385 E1141.04201
G1 X111.999 Y124.742 E1141.06733
G0 F12000 X112 Y124.107
G0 X112 Y127.75
G1 F1794.4 X112.178 Y127.555 E1141.09082
G1 X112.401 Y127.356 E1141.11741
G1 X112.168 Y127.148 E1141.1452
G1 X112 Y126.962 E1141.1675
G1 X111.832 Y127.148 E1141.1898
G1 X111.595 Y127.356 E1141.21785
G1 X111.832 Y127.564 E1141.24591
G1 X112 Y127.75 E1141.26821
G0 F12000 X111.999 Y128.742
G1 F2400 X112.136 Y128.38 E1141.29396
G1 X112.43 Y127.956 E1141.32828
G1 X112.802 Y127.623 E1141.36149
G1 X113.314 Y127.357 E1141.39987
G1 X112.801 Y127.088 E1141.4384
G1 X112.43 Y126.756 E1141.47152
G1 X112.135 Y126.331 E1141.50593
G1 X111.999 Y125.967 E1141.53178
G1 X111.866 Y126.33 E1141.5575
G1 X111.571 Y126.754 E1141.59186
G1 X111.191 Y127.09 E1141.6256
G1 X110.808 Y127.293 E1141.65443
G1 X110.612 Y127.358 E1141.66817
G1 X110.815 Y127.426 E1141.68241
G1 X111.188 Y127.62 E1141.71038
G1 X111.568 Y127.953 E1141.74399
G1 X111.867 Y128.385 E1141.77894
G1 X111.999 Y128.742 E1141.80426
G0 F12000 X112 Y128.107
G0 X111.998 Y132.045
G1 F2430.4 X112.262 Y131.67 E1141.83438
G1 X111.999 Y131.439 E1141.85738
G1 X111.734 Y131.67 E1141.88047
G1 X111.998 Y132.045 E1141.91059
G0 F12000 X111.998 Y133.239
G1 F2330.1 X112.031 Y132.999 E1141.92719
G1 F2376.2 X112.208 Y132.433 E1141.96704
G1 F2400 X112.514 Y132.012 E1142.00166
G1 X112.764 Y131.783 E1142.02421
G1 X112.983 Y131.636 E1142.04175
G1 X112.595 Y131.431 E1142.07095
G1 X112.212 Y131.098 E1142.10471
G1 X112 Y130.838 E1142.12702
G1 X111.788 Y131.098 E1142.14934
G1 X111.398 Y131.434 E1142.18358
G1 X111.014 Y131.636 E1142.21244
G1 X111.231 Y131.783 E1142.22988
G1 X111.505 Y132.032 E1142.25451
G1 X111.79 Y132.441 E1142.28767
G1 F2376.2 X111.965 Y132.999 E1142.32696
G1 F2330.1 X111.998 Y133.239 E1142.34356
G1 F2313.3 X111.998 Y133.443 E1142.35763
G0 F12000 X111.998 Y134.857
G1 F1553.4 X112.147 Y135.058 E1142.38335
G0 F12000 X114.176 Y135.26
G0 X114.176 Y134.946
G1 F2400 X113.793 Y134.943 E1142.40883
G1 X113.432 Y134.85 E1142.43363
G1 X113.094 Y134.676 E1142.45891
G1 X112.804 Y134.424 E1142.48447
G1 X112.616 Y134.158 E1142.50614
G1 X112.442 Y133.75 E1142.53564
G1 X112.402 Y133.408 E1142.55855
G1 X112.438 Y132.97 E1142.58778
G1 X112.617 Y132.552 E1142.61803
G1 X112.809 Y132.282 E1142.64007
G1 X113.082 Y132.035 E1142.66456
G1 F2455.2 X113.433 Y131.852 E1142.6903
G1 F2573.7 X113.806 Y131.786 E1142.71379
G1 F2637.4 X114.193 Y131.786 E1142.73722
G1 F2580.6 X114.565 Y131.851 E1142.76058
G1 F2461.5 X114.911 Y132.034 E1142.78597
G1 F2400 X115.184 Y132.279 E1142.81037
G1 X115.427 Y132.624 E1142.83844
G1 X115.556 Y132.994 E1142.86451
G1 X115.6 Y133.342 E1142.88784
G1 X115.555 Y133.74 E1142.91448
G1 X115.417 Y134.097 E1142.93994
G1 X115.218 Y134.394 E1142.96372
G1 X114.958 Y134.633 E1142.98722
G1 X114.578 Y134.853 E1143.01642
G1 X114.176 Y134.946 E1143.04387
G0 F12000 X114.176 Y135.26
G0 X112.389 Y135.38
G0 X111.643 Y137.218
G0 X111.389 Y137.588
G0 X111.052 Y137.884
G0 X110.829 Y138.002
G0 X110 Y138.26
G0 X110 Y137.945
G1 F2400 X109.876 Y137.948 E1143.05212
G1 X109.493 Y137.87 E1143.07812
G1 X109.159 Y137.715 E1143.10262
G1 X108.796 Y137.427 E1143.13344
G1 X108.572 Y137.084 E1143.16069
G1 X108.442 Y136.746 E1143.18478
G1 X108.395 Y136.349 E1143.21137
G1 X108.445 Y135.973 E1143.23661
G1 X108.58 Y135.612 E1143.26224
G1 X108.795 Y135.298 E1143.28756
G1 X109.087 Y135.029 E1143.31397
G1 X109.453 Y134.854 E1143.34095
G1 X109.099 Y134.688 E1143.36696
G1 X108.793 Y134.412 E1143.39437
G1 X108.616 Y134.158 E1143.41497
G1 X108.442 Y133.75 E1143.44447
G1 X108.402 Y133.408 E1143.46738
G1 X108.438 Y132.97 E1143.49661
G1 X108.617 Y132.552 E1143.52686
G1 X108.809 Y132.282 E1143.5489
G1 X109.082 Y132.035 E1143.57339
G1 F2455.2 X109.433 Y131.852 E1143.59913
G1 F2573.7 X109.806 Y131.786 E1143.62262
G1 F2637.4 X110.193 Y131.786 E1143.64605
G1 F2580.6 X110.565 Y131.851 E1143.66941
G1 F2461.5 X110.911 Y132.034 E1143.6948
G1 F2400 X111.184 Y132.279 E1143.7192
G1 X111.379 Y132.552 E1143.74152
G1 X111.558 Y132.97 E1143.77176
G1 X111.594 Y133.408 E1143.801
G1 X111.554 Y133.75 E1143.8239
G1 X111.38 Y134.158 E1143.85341
G1 X111.203 Y134.412 E1143.874
G1 X110.901 Y134.684 E1143.90104
G1 X110.545 Y134.854 E1143.92728
G1 X110.913 Y135.032 E1143.95447
G1 X111.201 Y135.298 E1143.98055
G1 X111.415 Y135.612 E1144.00583
G1 X111.553 Y135.977 E1144.03179
G1 X111.597 Y136.35 E1144.05677
G1 X111.553 Y136.748 E1144.08341
G1 X111.424 Y137.084 E1144.10735
G1 X111.2 Y137.427 E1144.1346
G1 X110.841 Y137.713 E1144.16513
G1 X110.504 Y137.87 E1144.18986
G1 X110.224 Y137.94 E1144.20906
G1 X110 Y137.945 E1144.22397
G0 F12000 X110 Y138.26
G0 X109.341 Y138.092
G0 X108.948 Y137.884
G0 X108.611 Y137.588
G0 X108.357 Y137.218
G0 X108.267 Y136.982
G0 X107.866 Y135.037
G1 F1561 X107.998 Y134.857 E1144.2468
G1 F2700 E1139.2468
G0 F12000 X108.199 Y136.802
G0 X108.357 Y137.218
G0 X108.501 Y137.428
G0 X109.974 Y138.941
G0 X109.974 Y141.756
G0 X110 Y141.956
G1 F2700 E1144.2468
G1 F2400 X123.6 Y141.956 E1145.15147
G1 X123.6 Y79.756 E1149.28903
G1 X115.725 Y79.756 E1149.81288
G1 F2133.3 X115 Y79.806 E1149.86726
G1 X115.659 Y80.02 E1149.91912
G1 F2400 X116.12 Y80.415 E1149.9595
G1 X116.344 Y80.863 E1149.99282
G1 X116.4 Y81.256 E1150.01922
G1 X116.4 Y82.939 E1150.13118
G1 X117.053 Y83.013 E1150.17489
G1 X117.439 Y83.146 E1150.20205
G1 X117.722 Y83.294 E1150.2233
G1 X118.094 Y83.551 E1150.25337
G1 X118.481 Y83.987 E1150.29215
G1 X118.749 Y84.502 E1150.33077
G1 X118.859 Y84.953 E1150.36165
G1 X118.901 Y85.407 E1150.39198
G1 X118.848 Y85.838 E1150.42087
G1 X118.741 Y86.225 E1150.44758
G1 X118.483 Y86.721 E1150.48477
G1 X118.167 Y87.077 E1150.51643
G1 X117.843 Y87.349 E1150.54457
G1 X117.502 Y87.531 E1150.57028
G1 X117.082 Y87.691 E1150.60018
G1 X116.62 Y87.748 E1150.63115
G1 X116.4 Y87.748 E1150.64578
G1 X116.4 Y89.502 E1150.76246
G1 X116.325 Y89.912 E1150.79018
G1 X116.12 Y90.297 E1150.8192
G1 X115.84 Y90.577 E1150.84554
G1 X115.539 Y90.749 E1150.8686
G1 X115.196 Y90.851 E1150.8924
G1 X99 Y90.856 E1151.96977
G1 X98.692 Y90.822 E1151.99038
G1 X98.341 Y90.692 E1152.01528
G1 X97.986 Y90.422 E1152.04495
G1 X97.707 Y89.995 E1152.07888
G1 X97.6 Y89.63 E1152.10418
G1 X97.6 Y87.769 E1152.22797
G1 X97.112 Y87.723 E1152.26058
G1 X96.793 Y87.644 E1152.28244
G1 X96.401 Y87.495 E1152.31034
G1 X96.4 Y141.956 E1155.9331
G1 X110 Y141.956 E1156.83777
G0 F12000 X110 Y142.356
G1 F2400 X124 Y142.356 E1157.76905
G1 X124 Y79.356 E1161.95983
G1 X96 Y79.356 E1163.8224
G1 X96 Y84.039 E1164.13391
G1 X96.264 Y83.783 E1164.15838
G1 X96.772 Y83.479 E1164.19776
G1 X97.19 Y83.382 E1164.2263
G1 X97.62 Y83.364 E1164.25493
G1 X98 Y83.426 E1164.28054
G1 X98 Y81.256 E1164.42489
G1 X98.08 Y80.863 E1164.45157
G1 X98.404 Y80.452 E1164.48638
G1 X98.862 Y80.256 E1164.51952
G1 X115 Y80.256 E1165.59303
G1 X115.471 Y80.373 E1165.62531
G1 X115.8 Y80.655 E1165.65413
G1 X115.96 Y80.975 E1165.67793
G1 X116 Y81.256 E1165.69681
G1 X116 Y83.426 E1165.84116
G1 X116.38 Y83.364 E1165.86677
G1 X116.851 Y83.391 E1165.89816
G1 X117.272 Y83.51 E1165.92726
G1 X117.536 Y83.647 E1165.94704
G1 X117.908 Y83.939 E1165.9785
G1 X118.209 Y84.326 E1166.01112
G1 X118.449 Y84.862 E1166.05018
G1 X118.496 Y85.356 E1166.08319
G1 X118.454 Y85.769 E1166.11081
G1 X118.321 Y86.172 E1166.13904
G1 X118.076 Y86.583 E1166.17086
G1 X117.905 Y86.775 E1166.18797
G1 X117.641 Y86.998 E1166.21096
G1 X117.317 Y87.176 E1166.23555
G1 X116.867 Y87.317 E1166.26692
G1 X116.376 Y87.348 E1166.29964
G1 X116.001 Y87.302 E1166.32477
G1 X116 Y89.489 E1166.47025
G1 X115.931 Y89.864 E1166.49562
G1 X115.704 Y90.167 E1166.5208
G1 X115.493 Y90.327 E1166.53842
G1 X115.087 Y90.453 E1166.5667
G1 X98.845 Y90.456 E1167.64712
G1 X98.529 Y90.339 E1167.66953
G1 X98.275 Y90.146 E1167.69075
G1 X98.076 Y89.841 E1167.71498
G1 X98 Y89.581 E1167.733
G1 X98 Y87.284 E1167.88579
G1 X97.62 Y87.348 E1167.91143
G1 X97.188 Y87.33 E1167.94019
G1 X96.893 Y87.257 E1167.9604
G1 X96.367 Y87.023 E1167.9987
G1 X96 Y86.672 E1168.03248
G1 X96 Y142.356 E1171.7366
G1 X110 Y142.356 E1172.66788
G0 F12000 X110 Y142.756
G1 F2400 X124.4 Y142.756 E1173.62577
G1 X124.4 Y78.956 E1177.86977
G1 X95.6 Y78.956 E1179.78555
G1 X95.601 Y84.6 E1180.16099
G1 F2560 X95.575 Y85.356 E1180.20816
G1 X95.601 Y86.112 E1180.25534
G1 F2400 X95.6 Y142.756 E1184.02331
G1 X110 Y142.756 E1184.9812
G1 F2700 E1179.9812
G0 F12000 X110 Y142.447
G0 X105.82 Y141.756
G0 X105.877 Y135.924
G0 X105.82 Y135.26
G0 X105.82 Y134.946
G1 F2700 E1184.9812
G1 F2400 X105.43 Y134.854 E1185.00786
G1 X105.095 Y134.677 E1185.03306
G1 X104.799 Y134.426 E1185.05888
G1 X104.579 Y134.097 E1185.08521
G1 X104.442 Y133.729 E1185.11133
G1 X104.396 Y133.344 E1185.13712
G1 X104.439 Y132.997 E1185.16038
G1 X104.576 Y132.612 E1185.18756
G1 X104.809 Y132.282 E1185.21443
G1 X105.082 Y132.035 E1185.23892
G1 F2455.2 X105.433 Y131.852 E1185.26466
G1 F2573.7 X105.806 Y131.786 E1185.28816
G1 F2637.4 X106.193 Y131.786 E1185.31159
G1 F2580.6 X106.565 Y131.851 E1185.33495
G1 F2461.5 X106.911 Y132.034 E1185.36033
G1 F2400 X107.184 Y132.279 E1185.38473
G1 X107.379 Y132.552 E1185.40705
G1 X107.558 Y132.97 E1185.4373
G1 X107.594 Y133.408 E1185.46653
G1 X107.554 Y133.75 E1185.48944
G1 X107.38 Y134.158 E1185.51894
G1 X107.143 Y134.474 E1185.54522
G1 X106.902 Y134.676 E1185.56614
G1 X106.573 Y134.853 E1185.59099
G1 X106.203 Y134.943 E1185.61632
G1 X105.82 Y134.946 E1185.6418
G0 F12000 X105.82 Y135.26
G0 X106.659 Y135.092
G0 X107.052 Y134.884
G0 X107.389 Y134.588
G0 X107.533 Y134.378
G0 X107.998 Y133.443
G1 F2313.3 X107.998 Y133.239 E1185.65588
G0 F12000 X107.998 Y132.045
G1 F2430.4 X108.262 Y131.67 E1185.686
G1 X107.999 Y131.439 E1185.70899
G1 X107.734 Y131.67 E1185.73209
G1 X107.998 Y132.045 E1185.76221
G0 F12000 X107.998 Y133.239
G1 F2330.1 X108.031 Y132.999 E1185.77881
G1 F2376.2 X108.208 Y132.433 E1185.81865
G1 F2400 X108.514 Y132.012 E1185.85328
G1 X108.764 Y131.783 E1185.87583
G1 X108.983 Y131.636 E1185.89337
G1 X108.595 Y131.431 E1185.92256
G1 X108.212 Y131.098 E1185.95632
G1 X108 Y130.838 E1185.97864
G1 X107.788 Y131.098 E1186.00096
G1 X107.398 Y131.434 E1186.0352
G1 X107.014 Y131.636 E1186.06406
G1 X107.231 Y131.783 E1186.0815
G1 X107.505 Y132.032 E1186.10613
G1 X107.79 Y132.441 E1186.13929
G1 F2376.2 X107.965 Y132.999 E1186.17858
G1 F2330.1 X107.998 Y133.239 E1186.19517
G0 F12000 X108 Y127.75
G1 F1794.4 X108.178 Y127.555 E1186.21866
G1 X108.401 Y127.356 E1186.24526
G1 X108.168 Y127.148 E1186.27305
G1 X108 Y126.962 E1186.29534
G1 X107.832 Y127.148 E1186.31764
G1 X107.595 Y127.356 E1186.3457
G1 X107.832 Y127.564 E1186.37375
G1 X108 Y127.75 E1186.39605
G0 F12000 X107.999 Y128.742
G1 F2400 X108.136 Y128.38 E1186.4218
G1 X108.43 Y127.956 E1186.45612
G1 X108.802 Y127.623 E1186.48933
G1 X109.314 Y127.357 E1186.52772
G1 X108.801 Y127.088 E1186.56625
G1 X108.43 Y126.756 E1186.59936
G1 X108.135 Y126.331 E1186.63378
G1 X107.999 Y125.967 E1186.65963
G1 X107.866 Y126.33 E1186.68534
G1 X107.571 Y126.754 E1186.7197
G1 X107.191 Y127.09 E1186.75345
G1 X106.808 Y127.293 E1186.78228
G1 X106.612 Y127.358 E1186.79602
G1 X106.815 Y127.426 E1186.81026
G1 X107.188 Y127.62 E1186.83822
G1 X107.568 Y127.953 E1186.87184
G1 X107.867 Y128.385 E1186.90678
G1 X107.999 Y128.742 E1186.9321
G0 F12000 X108 Y128.107
G0 X106.693 Y127.532
G0 X106.235 Y127.419
G0 X103.674 Y127.648
G1 F2442.7 X103.914 Y127.356 E1186.95681
G1 X103.674 Y127.063 E1186.98156
G1 X103.481 Y127.234 E1186.99841
G1 X103.305 Y127.354 E1187.01233
G1 X103.481 Y127.475 E1187.02629
G1 X103.674 Y127.648 E1187.04323
G0 F12000 X103.72 Y128.348
G1 F2400 X103.831 Y128.118 E1187.06022
G1 X104.134 Y127.684 E1187.09543
G1 X104.507 Y127.356 E1187.12847
G1 X104.134 Y127.028 E1187.16151
G1 X103.826 Y126.587 E1187.19729
G1 X103.72 Y126.362 E1187.21384
G1 X103.552 Y126.618 E1187.23421
G1 X103.221 Y126.935 E1187.26469
G1 X102.818 Y127.176 E1187.29593
G1 F2388.1 X102.367 Y127.321 E1187.3276
G1 F2341.5 X102.12 Y127.356 E1187.34461
G1 F2330.1 X102.506 Y127.412 E1187.37133
G1 F2376.2 X102.823 Y127.536 E1187.3942
G1 F2400 X103.222 Y127.774 E1187.42511
G1 X103.55 Y128.094 E1187.45559
G1 X103.72 Y128.348 E1187.47592
G0 F12000 X103.18 Y127.929
G0 X102.12 Y127.356
G1 F2285.7 X101.79 Y127.356 E1187.49897
G0 F12000 X102.21 Y126.949
G1 F2400 X101.825 Y126.946 E1187.52458
G1 X101.431 Y126.856 E1187.55146
G1 X101.089 Y126.673 E1187.57727
G1 X100.792 Y126.411 E1187.60361
G1 X100.583 Y126.104 E1187.62832
G1 X100.443 Y125.748 E1187.65376
G1 X100.404 Y125.426 E1187.67534
G1 X100.436 Y124.982 E1187.70495
G1 X100.583 Y124.608 E1187.73168
G1 X100.795 Y124.298 E1187.75666
G1 X101.086 Y124.038 E1187.78262
G1 X101.435 Y123.85 E1187.80899
G1 X101.826 Y123.766 E1187.8356
G1 X102.189 Y123.764 E1187.85974
G1 X102.58 Y123.856 E1187.88646
G1 X102.961 Y124.077 E1187.91576
G1 X103.228 Y124.332 E1187.94032
G1 X103.424 Y124.616 E1187.96328
G1 F2412.1 X103.544 Y124.954 E1187.98702
G1 F2480.6 X103.576 Y125.349 E1188.01252
G1 F2474.2 X103.545 Y125.759 E1188.03905
G1 F2400 X103.423 Y126.095 E1188.06283
G1 X103.23 Y126.379 E1188.08567
G1 X102.958 Y126.633 E1188.11043
G1 X102.633 Y126.821 E1188.1354
G1 X102.21 Y126.949 E1188.1648
G0 F12000 X102.282 Y127.248
G0 X101.341 Y127.092
G0 X100.948 Y126.884
G0 X100.611 Y126.588
G0 X100.357 Y126.218
G0 X100.199 Y125.802
G0 X100.144 Y125.357
G0 X100.199 Y124.913
G0 X100.357 Y124.497
G0 X100.61 Y124.128
G0 X100.947 Y123.83
G0 X102.12 Y123.356
G1 F2285.7 X101.79 Y123.356 E1188.18785
G0 F12000 X102.21 Y122.949
G1 F2400 X101.825 Y122.946 E1188.21346
G1 X101.431 Y122.856 E1188.24034
G1 X101.089 Y122.673 E1188.26615
G1 X100.792 Y122.411 E1188.29249
G1 X100.583 Y122.104 E1188.3172
G1 X100.443 Y121.748 E1188.34264
G1 X100.404 Y121.426 E1188.36422
G1 X100.436 Y120.982 E1188.39383
G1 X100.583 Y120.608 E1188.42056
G1 X100.795 Y120.298 E1188.44554
G1 X101.086 Y120.038 E1188.4715
G1 X101.435 Y119.85 E1188.49787
G1 X101.826 Y119.766 E1188.52448
G1 X102.189 Y119.764 E1188.54862
G1 X102.58 Y119.856 E1188.57534
G1 X102.961 Y120.077 E1188.60464
G1 X103.228 Y120.332 E1188.6292
G1 X103.424 Y120.616 E1188.65216
G1 F2412.1 X103.544 Y120.954 E1188.67589
G1 F2480.6 X103.576 Y121.349 E1188.7014
G1 F2474.2 X103.545 Y121.759 E1188.72793
G1 F2400 X103.423 Y122.095 E1188.75171
G1 X103.23 Y122.379 E1188.77455
G1 X102.958 Y122.633 E1188.79931
G1 X102.633 Y122.821 E1188.82428
G1 X102.21 Y122.949 E1188.85368
G0 F12000 X102.282 Y123.248
G0 X103.674 Y123.648
G1 F2442.7 X103.914 Y123.356 E1188.87838
G1 X103.674 Y123.063 E1188.90314
G1 X103.481 Y123.234 E1188.91999
G1 X103.305 Y123.354 E1188.93391
G1 X103.481 Y123.475 E1188.94787
G1 X103.674 Y123.648 E1188.96481
G0 F12000 X103.72 Y124.348
G1 F2400 X103.831 Y124.118 E1188.9818
G1 X104.134 Y123.684 E1189.01701
G1 X104.507 Y123.356 E1189.05005
G1 X104.134 Y123.028 E1189.08309
G1 X103.826 Y122.587 E1189.11887
G1 X103.72 Y122.362 E1189.13541
G1 X103.552 Y122.618 E1189.15578
G1 X103.221 Y122.935 E1189.18627
G1 X102.818 Y123.176 E1189.21751
G1 F2388.1 X102.367 Y123.321 E1189.24918
G1 F2341.5 X102.12 Y123.356 E1189.26619
G1 F2330.1 X102.506 Y123.412 E1189.29291
G1 F2376.2 X102.823 Y123.536 E1189.31578
G1 F2400 X103.222 Y123.774 E1189.34668
G1 X103.55 Y124.094 E1189.37717
G1 X103.72 Y124.348 E1189.3975
G0 F12000 X105.307 Y123.532
G0 X105.765 Y123.419
G0 X106.032 Y123.419
G0 X108 Y123.75
G1 F1794.4 X108.178 Y123.555 E1189.42099
G1 X108.401 Y123.356 E1189.44758
G1 X108.168 Y123.148 E1189.47537
G1 X108 Y122.962 E1189.49767
G1 X107.832 Y123.148 E1189.51997
G1 X107.595 Y123.356 E1189.54802
G1 X107.832 Y123.564 E1189.57608
G1 X108 Y123.75 E1189.59838
G0 F12000 X107.999 Y124.742
G1 F2400 X108.136 Y124.38 E1189.62412
G1 X108.43 Y123.956 E1189.65845
G1 X108.802 Y123.623 E1189.69166
G1 X109.314 Y123.357 E1189.73004
G1 X108.801 Y123.088 E1189.76857
G1 X108.43 Y122.756 E1189.80169
G1 X108.135 Y122.331 E1189.8361
G1 X107.999 Y121.967 E1189.86195
G1 X107.866 Y122.33 E1189.88767
G1 X107.571 Y122.754 E1189.92203
G1 X107.191 Y123.09 E1189.95577
G1 X106.808 Y123.293 E1189.9846
G1 X106.612 Y123.358 E1189.99834
G1 X106.815 Y123.426 E1190.01258
G1 X107.188 Y123.62 E1190.04055
G1 X107.568 Y123.953 E1190.07416
G1 X107.867 Y124.385 E1190.10911
G1 X107.999 Y124.742 E1190.13443
G0 F12000 X108 Y124.107
G0 X108 Y119.75
G1 F1794.4 X108.178 Y119.555 E1190.15792
G1 X108.401 Y119.356 E1190.18451
G1 X108.168 Y119.148 E1190.2123
G1 X108 Y118.962 E1190.2346
G1 X107.832 Y119.148 E1190.2569
G1 X107.595 Y119.356 E1190.28495
G1 X107.832 Y119.564 E1190.31301
G1 X108 Y119.75 E1190.33531
G0 F12000 X107.999 Y120.742
G1 F2400 X108.136 Y120.38 E1190.36105
G1 X108.43 Y119.956 E1190.39537
G1 X108.802 Y119.623 E1190.42859
G1 X109.314 Y119.357 E1190.46697
G1 X108.801 Y119.088 E1190.5055
G1 X108.43 Y118.756 E1190.53862
G1 X108.135 Y118.331 E1190.57303
G1 X107.999 Y117.967 E1190.59888
G1 X107.866 Y118.33 E1190.6246
G1 X107.571 Y118.754 E1190.65896
G1 X107.191 Y119.09 E1190.6927
G1 X106.808 Y119.293 E1190.72153
G1 X106.612 Y119.358 E1190.73527
G1 X106.815 Y119.426 E1190.74951
G1 X107.188 Y119.62 E1190.77748
G1 X107.568 Y119.953 E1190.81109
G1 X107.867 Y120.385 E1190.84604
G1 X107.999 Y120.742 E1190.87135
G0 F12000 X108 Y120.107
G0 X108.047 Y129.357
G0 X108.105 Y129.824
G0 X108.271 Y130.265
G0 X108.423 Y130.484
G0 X109.445 Y131.613
G0 X110 Y131.423
G1 F2594.6 X109.729 Y131.423 E1190.88803
G1 F2487 X109.259 Y131.331 E1190.91877
G1 F2400 X108.796 Y131.079 E1190.95384
G1 X108.432 Y130.758 E1190.98612
G1 X108.136 Y130.331 E1191.02068
G1 X107.999 Y129.967 E1191.04655
G1 X107.866 Y130.33 E1191.07227
G1 X107.57 Y130.755 E1191.10672
G1 X107.2 Y131.079 E1191.13944
G1 X106.744 Y131.328 E1191.174
G1 F2493.5 X106.27 Y131.422 E1191.20494
G1 F2594.6 X105.729 Y131.423 E1191.23823
G1 F2487 X105.259 Y131.331 E1191.26897
G1 F2400 X104.796 Y131.079 E1191.30403
G1 X104.423 Y130.742 E1191.33747
G1 X104.137 Y130.335 E1191.37056
G1 X103.952 Y129.848 E1191.40522
G1 F2539.7 X103.925 Y129.288 E1191.44046
G1 X103.959 Y128.845 E1191.46839
G1 F2400 X104.137 Y128.378 E1191.50164
G1 X104.414 Y127.981 E1191.53384
G1 X104.797 Y127.625 E1191.56862
G1 X105.314 Y127.357 E1191.60736
G1 X104.797 Y127.086 E1191.64619
G1 X104.414 Y126.731 E1191.68093
G1 X104.137 Y126.334 E1191.71313
G1 X103.952 Y125.848 E1191.74772
G1 F2539.7 X103.925 Y125.288 E1191.78296
G1 X103.959 Y124.845 E1191.81089
G1 F2400 X104.137 Y124.378 E1191.84414
G1 X104.414 Y123.981 E1191.87634
G1 X104.797 Y123.625 E1191.91112
G1 X105.314 Y123.357 E1191.94986
G1 X104.797 Y123.086 E1191.98869
G1 X104.414 Y122.731 E1192.02343
G1 X104.137 Y122.334 E1192.05563
G1 X103.952 Y121.848 E1192.09022
G1 F2539.7 X103.925 Y121.288 E1192.12546
G1 X103.959 Y120.845 E1192.15339
G1 F2400 X104.137 Y120.378 E1192.18664
G1 X104.414 Y119.981 E1192.21884
G1 X104.797 Y119.625 E1192.25362
G1 X105.314 Y119.357 E1192.29236
G1 X104.797 Y119.086 E1192.33119
G1 X104.414 Y118.731 E1192.36593
G1 X104.137 Y118.334 E1192.39813
G1 X103.952 Y117.848 E1192.43272
G1 F2539.7 X103.925 Y117.288 E1192.46796
G1 X103.959 Y116.845 E1192.49589
G1 F2400 X104.137 Y116.378 E1192.52914
G1 X104.419 Y115.974 E1192.56191
G1 X104.798 Y115.625 E1192.59618
G1 X105.256 Y115.387 E1192.63052
G1 F2487 X105.714 Y115.29 E1192.66057
G1 F2573.7 X106.28 Y115.29 E1192.69568
G1 F2487 X106.744 Y115.388 E1192.72612
G1 F2400 X107.198 Y115.632 E1192.76041
G1 X107.567 Y115.952 E1192.7929
G1 X107.867 Y116.384 E1192.82788
G1 X107.999 Y116.742 E1192.85327
G1 X108.136 Y116.38 E1192.87901
G1 X108.43 Y115.956 E1192.91333
G1 X108.802 Y115.623 E1192.94655
G1 X109.256 Y115.387 E1192.98058
G1 F2487 X109.714 Y115.29 E1193.01063
G1 F2573.7 X110.28 Y115.29 E1193.04574
G1 F2487 X110.744 Y115.388 E1193.07619
G1 F2400 X111.198 Y115.632 E1193.11047
G1 X111.567 Y115.952 E1193.14296
G1 X111.867 Y116.384 E1193.17795
G1 X111.999 Y116.742 E1193.20333
G1 X112.136 Y116.38 E1193.22908
G1 X112.43 Y115.956 E1193.2634
G1 X112.802 Y115.623 E1193.29661
G1 X113.256 Y115.387 E1193.33065
G1 F2487 X113.714 Y115.29 E1193.3607
G1 F2573.7 X114.28 Y115.29 E1193.39581
G1 F2487 X114.744 Y115.388 E1193.42625
G1 F2400 X115.198 Y115.632 E1193.46054
G1 X115.581 Y115.974 E1193.49469
G1 X115.871 Y116.391 E1193.52848
G1 X116.039 Y116.872 E1193.56237
G1 F2539.7 X116.071 Y117.288 E1193.5886
G1 X116.044 Y117.843 E1193.62353
G1 F2406 X115.869 Y118.324 E1193.65749
G1 F2400 X115.566 Y118.76 E1193.69281
G1 X115.191 Y119.09 E1193.72604
G1 X114.808 Y119.293 E1193.75487
G1 X114.612 Y119.358 E1193.76861
G1 X114.815 Y119.426 E1193.78285
G1 X115.189 Y119.621 E1193.81091
G1 X115.566 Y119.952 E1193.84428
G1 X115.871 Y120.391 E1193.87984
G1 X116.039 Y120.872 E1193.91373
G1 F2539.7 X116.071 Y121.288 E1193.93996
G1 X116.044 Y121.843 E1193.97489
G1 F2406 X115.869 Y122.324 E1194.00885
G1 F2400 X115.566 Y122.76 E1194.04417
G1 X115.191 Y123.09 E1194.0774
G1 X114.808 Y123.293 E1194.10623
G1 X114.612 Y123.358 E1194.11997
G1 X114.815 Y123.426 E1194.13421
G1 X115.189 Y123.621 E1194.16227
G1 X115.566 Y123.952 E1194.19564
G1 X115.871 Y124.391 E1194.2312
G1 X116.039 Y124.872 E1194.26509
G1 F2539.7 X116.071 Y125.288 E1194.29132
G1 X116.044 Y125.843 E1194.32625
G1 F2406 X115.869 Y126.324 E1194.36021
G1 F2400 X115.566 Y126.76 E1194.39553
G1 X115.191 Y127.09 E1194.42876
G1 X114.808 Y127.293 E1194.45759
G1 X114.612 Y127.358 E1194.47133
G1 X114.815 Y127.426 E1194.48557
G1 X115.189 Y127.621 E1194.51363
G1 X115.566 Y127.952 E1194.547
G1 X115.871 Y128.391 E1194.58256
G1 X116.039 Y128.872 E1194.61645
G1 F2539.7 X116.071 Y129.288 E1194.64268
G1 X116.044 Y129.843 E1194.67761
G1 F2406 X115.869 Y130.325 E1194.71163
G1 F2400 X115.577 Y130.742 E1194.74549
G1 X115.2 Y131.079 E1194.77913
G1 X114.744 Y131.328 E1194.81369
G1 F2493.5 X114.27 Y131.422 E1194.84463
G1 F2594.6 X113.729 Y131.423 E1194.87792
G1 F2487 X113.259 Y131.331 E1194.90866
G1 F2400 X112.796 Y131.079 E1194.94373
G1 X112.432 Y130.758 E1194.97601
G1 X112.136 Y130.331 E1195.01057
G1 X111.999 Y129.967 E1195.03645
G1 X111.866 Y130.33 E1195.06216
G1 X111.57 Y130.755 E1195.09661
G1 X111.2 Y131.079 E1195.12933
G1 X110.744 Y131.328 E1195.16389
G1 F2493.5 X110.27 Y131.422 E1195.19483
G1 F2594.6 X110 Y131.423 E1195.21144
G1 F2700 E1190.21144
G0 F12000 X109.445 Y131.613
G0 X108.947 Y131.83
G0 X108.61 Y132.128
G0 X108.357 Y132.497
G0 X108.199 Y132.913
G0 X108.144 Y133.357
G0 X108.144 Y136.357
G0 X108.199 Y136.802
G0 X108.357 Y137.218
G0 X108.611 Y137.588
G0 X108.948 Y137.884
G0 X109.341 Y138.092
G0 X109.776 Y138.199
G0 X110.224 Y138.199
G0 X110.659 Y138.092
G0 X111.052 Y137.884
G0 X111.389 Y137.588
G0 X111.643 Y137.218
G0 X112.611 Y134.588
G0 X112.948 Y134.884
G0 X113.341 Y135.092
G0 X113.776 Y135.199
G0 X114.224 Y135.199
G0 X114.659 Y135.092
G0 X115.052 Y134.884
G0 X115.389 Y134.588
G0 X115.643 Y134.218
G0 X115.801 Y133.802
G0 X116.086 Y130.452
G0 X117.341 Y131.092
G0 X117.776 Y131.199
G0 X118.224 Y131.199
G0 X118.659 Y131.092
G0 X119.052 Y130.884
G0 X119.389 Y130.588
G0 X119.643 Y130.218
G0 X119.801 Y129.802
G0 X119.856 Y129.357
G0 X119.801 Y128.913
G0 X119.643 Y128.497
G0 X119.39 Y128.128
G0 X119.053 Y127.83
G0 X118.658 Y127.622
G0 X118.222 Y127.516
G0 X116.324 Y127.641
G1 F2700 E1195.21144
G1 F2449 X116.674 Y127.348 E1195.2412
G1 X116.324 Y127.066 E1195.2705
G1 X116.085 Y127.356 E1195.295
G1 X116.324 Y127.641 E1195.31925
G0 F12000 X116.278 Y128.345
G1 F2400 X116.502 Y128.012 E1195.34594
G1 X116.859 Y127.708 E1195.37713
G1 X117.285 Y127.476 E1195.4094
G1 F2330.1 X117.79 Y127.356 E1195.44496
G1 F2296.7 X117.282 Y127.231 E1195.48133
G1 F2364.5 X116.86 Y127.001 E1195.51378
G1 F2400 X116.499 Y126.698 E1195.54513
G1 X116.278 Y126.368 E1195.57155
G1 X116.173 Y126.587 E1195.58771
G1 X115.86 Y127.034 E1195.62401
G1 X115.489 Y127.356 E1195.65668
G1 X115.86 Y127.678 E1195.68936
G1 X116.168 Y128.118 E1195.72509
G1 X116.278 Y128.345 E1195.74187
G0 F12000 X116.657 Y128.052
G0 X117.79 Y127.356
G1 F2285.7 X118.12 Y127.356 E1195.76492
G0 F12000 X118.21 Y126.949
G1 F2400 X117.825 Y126.946 E1195.79053
G1 X117.431 Y126.856 E1195.81741
G1 X117.089 Y126.673 E1195.84322
G1 X116.797 Y126.424 E1195.86874
G1 X116.573 Y126.096 E1195.89516
G1 X116.451 Y125.759 E1195.91901
G1 F2474.2 X116.42 Y125.349 E1195.94554
G1 F2480.6 X116.452 Y124.954 E1195.97104
G1 F2418.1 X116.574 Y124.615 E1195.99483
G1 F2406 X116.802 Y124.283 E1196.02155
G1 F2400 X117.086 Y124.038 E1196.0465
G1 X117.435 Y123.85 E1196.07287
G1 X117.826 Y123.766 E1196.09947
G1 X118.189 Y123.764 E1196.12362
G1 X118.58 Y123.856 E1196.15034
G1 X118.961 Y124.077 E1196.17964
G1 X119.201 Y124.298 E1196.20134
G1 X119.381 Y124.554 E1196.22216
G1 X119.557 Y124.969 E1196.25215
G1 X119.596 Y125.356 E1196.27802
G1 X119.556 Y125.742 E1196.30383
G1 X119.413 Y126.104 E1196.32973
G1 X119.204 Y126.411 E1196.35443
G1 X118.958 Y126.633 E1196.37647
G1 X118.633 Y126.821 E1196.40145
G1 X118.21 Y126.949 E1196.43085
G0 F12000 X118.282 Y127.248
G0 X119.052 Y126.884
G0 X119.389 Y126.588
G0 X119.643 Y126.218
G0 X119.801 Y125.802
G0 X119.856 Y125.357
G0 X119.801 Y124.913
G0 X119.643 Y124.497
G0 X119.39 Y124.128
G0 X119.117 Y123.887
G0 X118.12 Y123.356
G1 F2285.7 X117.79 Y123.356 E1196.4539
G0 F12000 X118.21 Y122.949
G1 F2400 X117.825 Y122.946 E1196.47951
G1 X117.431 Y122.856 E1196.50639
G1 X117.089 Y122.673 E1196.53219
G1 X116.797 Y122.424 E1196.55772
G1 X116.573 Y122.096 E1196.58414
G1 X116.451 Y121.759 E1196.60798
G1 F2474.2 X116.42 Y121.349 E1196.63451
G1 F2480.6 X116.452 Y120.954 E1196.66002
G1 F2418.1 X116.574 Y120.615 E1196.6838
G1 F2406 X116.802 Y120.283 E1196.71053
G1 F2400 X117.086 Y120.038 E1196.73548
G1 X117.435 Y119.85 E1196.76185
G1 X117.826 Y119.766 E1196.78845
G1 X118.189 Y119.764 E1196.8126
G1 X118.58 Y119.856 E1196.83932
G1 X118.961 Y120.077 E1196.86862
G1 X119.201 Y120.298 E1196.89032
G1 X119.381 Y120.554 E1196.91114
G1 X119.557 Y120.969 E1196.94112
G1 X119.596 Y121.356 E1196.967
G1 X119.556 Y121.742 E1196.99281
G1 X119.413 Y122.104 E1197.0187
G1 X119.204 Y122.411 E1197.04341
G1 X118.958 Y122.633 E1197.06545
G1 X118.633 Y122.821 E1197.09042
G1 X118.21 Y122.949 E1197.11982
G0 F12000 X118.282 Y123.248
G0 X116.324 Y123.641
G1 F2449 X116.674 Y123.348 E1197.14958
G1 X116.324 Y123.066 E1197.17888
G1 X116.085 Y123.356 E1197.20338
G1 X116.324 Y123.641 E1197.22762
G0 F12000 X116.278 Y124.345
G1 F2400 X116.502 Y124.012 E1197.25432
G1 X116.859 Y123.708 E1197.28551
G1 X117.285 Y123.476 E1197.31778
G1 F2330.1 X117.79 Y123.356 E1197.35334
G1 F2296.7 X117.282 Y123.231 E1197.38971
G1 F2364.5 X116.86 Y123.001 E1197.42216
G1 F2400 X116.499 Y122.698 E1197.45351
G1 X116.278 Y122.368 E1197.47993
G1 X116.173 Y122.587 E1197.49609
G1 X115.86 Y123.034 E1197.53239
G1 X115.489 Y123.356 E1197.56506
G1 X115.86 Y123.678 E1197.59774
G1 X116.168 Y124.118 E1197.63347
G1 X116.278 Y124.345 E1197.65025
G0 F12000 X117.776 Y123.199
G0 X118.224 Y123.199
G0 X118.659 Y123.092
G0 X119.052 Y122.884
G0 X119.389 Y122.588
G0 X119.643 Y122.218
G0 X119.801 Y121.802
G0 X119.856 Y121.357
G0 X119.801 Y120.913
G0 X119.643 Y120.497
G0 X119.39 Y120.128
G0 X119.053 Y119.83
G0 X118.658 Y119.622
G0 X118.222 Y119.516
G0 X116.324 Y119.641
G1 F2449 X116.674 Y119.348 E1197.68001
G1 X116.324 Y119.066 E1197.70931
G1 X116.085 Y119.356 E1197.7338
G1 X116.324 Y119.641 E1197.75805
G0 F12000 X116.278 Y120.345
G1 F2400 X116.502 Y120.012 E1197.78475
G1 X116.859 Y119.708 E1197.81594
G1 X117.285 Y119.476 E1197.84821
G1 F2330.1 X117.79 Y119.356 E1197.88377
G1 F2296.7 X117.282 Y119.231 E1197.92014
G1 F2364.5 X116.86 Y119.001 E1197.95259
G1 F2400 X116.499 Y118.698 E1197.98394
G1 X116.278 Y118.368 E1198.01036
G1 X116.173 Y118.587 E1198.02651
G1 X115.86 Y119.034 E1198.06281
G1 X115.489 Y119.356 E1198.09549
G1 X115.86 Y119.678 E1198.12817
G1 X116.168 Y120.118 E1198.1639
G1 X116.278 Y120.345 E1198.18068
G0 F12000 X116.657 Y120.052
G0 X117.79 Y119.356
G1 F2285.7 X118.12 Y119.356 E1198.20373
G0 F12000 X118.21 Y118.949
G1 F2400 X117.825 Y118.946 E1198.22934
G1 X117.431 Y118.856 E1198.25622
G1 X117.089 Y118.673 E1198.28202
G1 X116.797 Y118.424 E1198.30755
G1 X116.573 Y118.096 E1198.33397
G1 X116.451 Y117.759 E1198.35781
G1 F2474.2 X116.42 Y117.349 E1198.38434
G1 F2480.6 X116.452 Y116.954 E1198.40985
G1 F2412.1 X116.574 Y116.615 E1198.43369
G1 F2400 X116.803 Y116.282 E1198.46058
G1 X117.095 Y116.032 E1198.48615
G1 X117.433 Y115.854 E1198.51156
G1 X117.835 Y115.765 E1198.53895
G1 X118.167 Y115.765 E1198.56103
G1 X118.531 Y115.845 E1198.58582
G1 X118.849 Y116.001 E1198.60939
G1 X119.143 Y116.238 E1198.63451
G1 X119.379 Y116.552 E1198.66063
G1 X119.557 Y116.969 E1198.69079
G1 X119.596 Y117.356 E1198.71667
G1 X119.556 Y117.742 E1198.74248
G1 X119.413 Y118.104 E1198.76837
G1 X119.204 Y118.411 E1198.79308
G1 X118.958 Y118.633 E1198.81512
G1 X118.633 Y118.821 E1198.8401
G1 X118.21 Y118.949 E1198.86949
G0 F12000 X118.282 Y119.248
G0 X119.39 Y120.128
G0 X119.643 Y120.497
G0 X119.801 Y120.913
G0 X119.856 Y121.357
G0 X119.39 Y124.128
G0 X119.643 Y124.497
G0 X119.801 Y124.913
G0 X119.856 Y125.357
G0 X119.39 Y128.128
G0 X119.643 Y128.497
G0 X119.801 Y128.913
G0 X119.856 Y129.357
G0 X119.801 Y129.802
G0 X119.643 Y130.218
G0 X119.389 Y130.588
G0 X119.052 Y130.884
G0 X118.733 Y131.052
G0 X117.832 Y131.26
G0 X117.832 Y130.947
G1 F2400 X117.427 Y130.852 E1198.89717
G1 X117.099 Y130.68 E1198.9218
G1 X116.797 Y130.425 E1198.9481
G1 X116.573 Y130.095 E1198.97463
G1 X116.451 Y129.759 E1198.99841
G1 F2474.2 X116.42 Y129.349 E1199.02494
G1 F2480.6 X116.452 Y128.954 E1199.05044
G1 F2418.1 X116.574 Y128.615 E1199.07423
G1 F2406 X116.802 Y128.283 E1199.10095
G1 F2400 X117.086 Y128.038 E1199.1259
G1 X117.435 Y127.85 E1199.15227
G1 X117.826 Y127.766 E1199.17887
G1 X118.189 Y127.764 E1199.20302
G1 X118.58 Y127.856 E1199.22974
G1 X118.961 Y128.077 E1199.25904
G1 X119.201 Y128.298 E1199.28074
G1 X119.381 Y128.554 E1199.30156
G1 X119.557 Y128.969 E1199.33155
G1 X119.596 Y129.356 E1199.35742
G1 X119.56 Y129.7 E1199.38043
G1 X119.446 Y130.031 E1199.40372
G1 X119.205 Y130.422 E1199.43427
G1 X118.841 Y130.713 E1199.46527
G1 X118.531 Y130.862 E1199.48815
G1 X118.202 Y130.947 E1199.51075
G1 X117.832 Y130.947 E1199.53536
G0 F12000 X117.832 Y131.26
G0 X115.337 Y131.296
G0 X115.801 Y132.913
G0 X115.856 Y133.357
G0 X115.801 Y133.802
G0 X115.643 Y134.218
G0 X115.389 Y134.588
G0 X115.052 Y134.884
G0 X114.659 Y135.092
G0 X114.224 Y135.199
G0 X111.643 Y135.497
G0 X111.801 Y135.913
G0 X111.856 Y136.357
G0 X111.801 Y136.802
G0 X111.643 Y137.218
G0 X111.389 Y137.588
G0 X111.052 Y137.884
G0 X110.659 Y138.092
G0 X110.224 Y138.199
G0 X109.776 Y138.199
G0 X109.341 Y138.092
G0 X108.948 Y137.884
G0 X108.611 Y137.588
G0 X108.357 Y137.218
G0 X107.389 Y134.588
G0 X107.052 Y134.884
G0 X106.659 Y135.092
G0 X106.224 Y135.199
G0 X105.776 Y135.199
G0 X105.341 Y135.092
G0 X104.948 Y134.884
G0 X104.611 Y134.588
G0 X104.357 Y134.218
G0 X104.199 Y133.802
G0 X104.144 Y133.357
G0 X104.199 Y132.913
G0 X104.586 Y131.416
G0 X102.28 Y131.248
G0 X102.207 Y130.947
G1 F2400 X101.797 Y130.947 E1199.56264
G1 X101.48 Y130.866 E1199.5844
G1 X101.159 Y130.715 E1199.608
G1 X100.791 Y130.423 E1199.63925
G1 X100.55 Y130.031 E1199.66986
G1 X100.437 Y129.7 E1199.69313
G1 X100.404 Y129.426 E1199.71148
G1 X100.436 Y128.982 E1199.74109
G1 X100.583 Y128.608 E1199.76783
G1 X100.795 Y128.298 E1199.79281
G1 X101.086 Y128.038 E1199.81877
G1 X101.435 Y127.85 E1199.84514
G1 X101.826 Y127.766 E1199.87174
G1 X102.189 Y127.764 E1199.89589
G1 X102.58 Y127.856 E1199.92261
G1 X102.961 Y128.077 E1199.95191
G1 X103.228 Y128.332 E1199.97647
G1 X103.424 Y128.616 E1199.99942
G1 F2412.1 X103.544 Y128.954 E1200.02316
G1 F2480.6 X103.576 Y129.349 E1200.04866
G1 F2474.2 X103.545 Y129.759 E1200.07519
G1 F2400 X103.423 Y130.095 E1200.09897
G1 X103.199 Y130.425 E1200.1255
G1 X102.898 Y130.68 E1200.15175
G1 X102.599 Y130.837 E1200.17421
G1 X102.207 Y130.947 E1200.20129
G0 F12000 X102.28 Y131.248
G0 X101.341 Y131.092
G0 X100.948 Y130.884
G0 X100.611 Y130.588
G0 X100.357 Y130.218
G0 X100.199 Y129.802
G0 X100.144 Y129.357
G0 X100.611 Y126.588
G0 X100.357 Y126.218
G0 X100.199 Y125.802
G0 X100.144 Y125.357
G0 X100.611 Y122.588
G0 X100.357 Y122.218
G0 X100.199 Y121.802
G0 X100.144 Y121.357
G0 X100.199 Y120.913
G0 X100.357 Y120.497
G0 X100.61 Y120.128
G0 X100.947 Y119.83
G0 X101.342 Y119.622
G0 X101.778 Y119.516
G0 X103.674 Y119.648
G1 F2442.7 X103.914 Y119.356 E1200.226
G1 X103.674 Y119.063 E1200.25075
G1 X103.481 Y119.234 E1200.2676
G1 X103.305 Y119.354 E1200.28152
G1 X103.481 Y119.475 E1200.29548
G1 X103.674 Y119.648 E1200.31242
G0 F12000 X103.72 Y120.348
G1 F2400 X103.831 Y120.118 E1200.32941
G1 X104.134 Y119.684 E1200.36462
G1 X104.507 Y119.356 E1200.39766
G1 X104.134 Y119.028 E1200.4307
G1 X103.826 Y118.587 E1200.46648
G1 X103.72 Y118.362 E1200.48303
G1 X103.552 Y118.618 E1200.5034
G1 X103.221 Y118.935 E1200.53388
G1 X102.818 Y119.176 E1200.56512
G1 F2388.1 X102.367 Y119.321 E1200.59679
G1 F2341.5 X102.12 Y119.356 E1200.6138
G1 F2330.1 X102.506 Y119.412 E1200.64052
G1 F2376.2 X102.823 Y119.536 E1200.66339
G1 F2400 X103.222 Y119.774 E1200.6943
G1 X103.55 Y120.094 E1200.72478
G1 X103.72 Y120.348 E1200.74511
G0 F12000 X103.18 Y119.929
G0 X102.12 Y119.356
G1 F2285.7 X101.79 Y119.356 E1200.76816
G0 F12000 X100.947 Y119.83
G0 X100.61 Y120.128
G0 X100.357 Y120.497
G0 X100.199 Y120.913
G0 X100.144 Y121.357
G0 X100.61 Y124.128
G0 X100.357 Y124.497
G0 X100.199 Y124.913
G0 X100.144 Y125.357
G0 X100.61 Y128.128
G0 X100.357 Y128.497
G0 X100.199 Y128.913
G0 X100.144 Y129.357
G0 X100.199 Y129.802
G0 X100.357 Y130.218
G0 X100.611 Y130.588
G0 X100.948 Y130.884
G0 X101.341 Y131.092
G0 X101.776 Y131.199
G0 X104.663 Y131.296
G0 X104.199 Y132.913
G0 X104.144 Y133.357
G0 X104.199 Y133.802
G0 X104.357 Y134.218
G0 X104.611 Y134.588
G0 X104.948 Y134.884
G0 X105.341 Y135.092
G0 X105.776 Y135.199
G0 X108.357 Y135.497
G0 X108.199 Y135.913
G0 X108.144 Y136.357
G0 X108.199 Y136.802
G0 X108.357 Y137.218
G0 X108.563 Y137.518
G0 X110 Y138.743
G1 F2400 X109.876 Y138.748 E1200.77642
G1 X109.415 Y138.69 E1200.80732
G1 X108.89 Y138.491 E1200.84467
G1 X108.408 Y138.166 E1200.88334
G1 X108.09 Y137.807 E1200.91524
G1 X107.853 Y137.434 E1200.94464
G1 X107.664 Y136.952 E1200.97908
G1 X107.595 Y136.405 E1201.01576
G1 X107.647 Y135.842 E1201.05337
G1 F2364.5 X107.796 Y135.398 E1201.08499
G1 F1860.5 X107.866 Y135.037 E1201.11654
G1 X107.523 Y135.209 E1201.14947
G1 F2364.5 X107.21 Y135.423 E1201.17507
G1 F2400 X106.798 Y135.624 E1201.20556
G1 X106.264 Y135.746 E1201.242
G1 X105.689 Y135.743 E1201.28025
G1 X105.293 Y135.644 E1201.3074
G1 X105.008 Y135.536 E1201.32768
G1 X104.646 Y135.339 E1201.35509
G1 X104.329 Y135.077 E1201.38245
G1 X104.153 Y134.893 E1201.39939
G1 X103.861 Y134.475 E1201.4333
G1 X103.689 Y134.008 E1201.46641
G1 X103.637 Y133.759 E1201.48333
G1 X103.594 Y133.353 E1201.51049
G1 X103.663 Y132.771 E1201.54947
G1 X103.863 Y132.241 E1201.58716
G1 X104.098 Y131.896 E1201.61492
G1 X104.277 Y131.686 E1201.63328
G1 X103.856 Y131.318 E1201.67048
G1 X103.674 Y131.069 E1201.69099
G1 X103.366 Y131.34 E1201.71828
G1 X102.849 Y131.606 E1201.75696
G1 X102.29 Y131.745 E1201.79527
G1 X101.677 Y131.744 E1201.83605
G1 X101.235 Y131.628 E1201.86645
G1 X100.796 Y131.428 E1201.89854
G1 X100.408 Y131.166 E1201.92968
G1 X100.012 Y130.72 E1201.96936
G1 X99.752 Y130.218 E1202.00696
G1 X99.649 Y129.838 E1202.03315
G1 X99.595 Y129.409 E1202.06192
G1 X99.637 Y128.953 E1202.09238
G1 X99.717 Y128.624 E1202.1149
G1 X99.898 Y128.182 E1202.14667
G1 X100.23 Y127.719 E1202.18457
G1 X100.654 Y127.36 E1202.22153
G1 X100.182 Y126.949 E1202.26316
G1 X99.878 Y126.482 E1202.30023
G1 X99.717 Y126.088 E1202.32854
G1 X99.649 Y125.838 E1202.34577
G1 X99.595 Y125.409 E1202.37454
G1 X99.637 Y124.953 E1202.405
G1 X99.717 Y124.624 E1202.42752
G1 X99.898 Y124.182 E1202.45929
G1 X100.23 Y123.719 E1202.49719
G1 X100.654 Y123.36 E1202.53415
G1 X100.182 Y122.949 E1202.57578
G1 X99.878 Y122.482 E1202.61285
G1 X99.717 Y122.088 E1202.64116
G1 X99.649 Y121.838 E1202.65839
G1 X99.595 Y121.409 E1202.68716
G1 X99.637 Y120.953 E1202.71762
G1 X99.717 Y120.624 E1202.74014
G1 X99.898 Y120.182 E1202.77191
G1 X100.23 Y119.719 E1202.80981
G1 X100.654 Y119.36 E1202.84677
G1 X100.182 Y118.949 E1202.8884
G1 X99.878 Y118.482 E1202.92547
G1 X99.717 Y118.088 E1202.95378
G1 X99.649 Y117.838 E1202.97102
G1 X99.595 Y117.409 E1202.99978
G1 X99.637 Y116.953 E1203.03024
G1 X99.745 Y116.507 E1203.06076
G1 X100.015 Y115.988 E1203.09968
G1 X100.402 Y115.55 E1203.13856
G1 X100.867 Y115.231 E1203.17607
G1 X101.235 Y115.08 E1203.20253
G1 X101.686 Y114.969 E1203.23343
G1 X102.269 Y114.962 E1203.27221
G1 X102.859 Y115.105 E1203.3126
G1 X103.346 Y115.367 E1203.34938
G1 X103.674 Y115.639 E1203.37773
G1 X103.856 Y115.394 E1203.39803
G1 X104.277 Y115.026 E1203.43522
G1 X104.09 Y114.808 E1203.45433
G1 X103.863 Y114.47 E1203.48141
G1 X103.66 Y113.927 E1203.51998
G1 X103.594 Y113.357 E1203.55815
G1 X103.655 Y112.811 E1203.59469
G1 X103.84 Y112.291 E1203.63141
G1 X104.157 Y111.803 E1203.67012
G1 X104.586 Y111.403 E1203.70913
G1 X105.146 Y111.096 E1203.75161
G1 X105.73 Y110.963 E1203.79146
G1 X106.27 Y110.967 E1203.82738
G1 X106.68 Y111.057 E1203.8553
G1 X107.015 Y111.184 E1203.87913
G1 X107.354 Y111.373 E1203.90495
G1 X107.496 Y111.485 E1203.91698
G1 F1875 X107.862 Y111.67 E1203.9519
G1 X107.791 Y111.283 E1203.9854
G1 F2400 X107.671 Y110.941 E1204.00951
G1 X107.586 Y110.366 E1204.04818
G1 X107.665 Y109.761 E1204.08876
G1 X107.87 Y109.227 E1204.12681
G1 X108.203 Y108.743 E1204.16589
G1 X108.637 Y108.369 E1204.204
G1 X109.077 Y108.139 E1204.23703
G1 X109.32 Y108.057 E1204.25409
G1 X109.715 Y107.968 E1204.28102
G1 X110.289 Y107.968 E1204.31921
G1 X110.863 Y108.107 E1204.35849
G1 X111.368 Y108.375 E1204.39652
G1 X111.816 Y108.776 E1204.43652
G1 X112.121 Y109.218 E1204.47224
G1 X112.33 Y109.753 E1204.51045
G1 X112.41 Y110.362 E1204.55131
G1 X112.328 Y110.93 E1204.58948
G1 X112.207 Y111.283 E1204.61431
G1 F1875 X112.134 Y111.67 E1204.64784
G1 X112.499 Y111.483 E1204.68276
G1 F2400 X112.641 Y111.373 E1204.69471
G1 X113.151 Y111.094 E1204.73338
G1 X113.732 Y110.967 E1204.77294
G1 X114.295 Y110.969 E1204.81039
G1 X114.858 Y111.098 E1204.84881
G1 X115.361 Y111.377 E1204.88707
G1 X115.756 Y111.71 E1204.92144
G1 X116.135 Y112.23 E1204.96424
G1 X116.334 Y112.779 E1205.00309
G1 X116.402 Y113.354 E1205.0416
G1 X116.337 Y113.923 E1205.0797
G1 X116.134 Y114.468 E1205.11839
G1 X115.907 Y114.808 E1205.14558
G1 X115.719 Y115.026 E1205.16473
G1 X116.15 Y115.4 E1205.20269
G1 X116.31 Y115.622 E1205.22089
G1 X116.716 Y115.326 E1205.25431
G1 X117.149 Y115.102 E1205.28674
G1 X117.715 Y114.967 E1205.32545
G1 X118.302 Y114.968 E1205.3645
G1 X118.764 Y115.08 E1205.39612
G1 X119.138 Y115.235 E1205.42305
G1 X119.595 Y115.552 E1205.46005
G1 X119.982 Y115.988 E1205.49883
G1 X120.253 Y116.512 E1205.53807
G1 X120.359 Y116.953 E1205.56824
G1 X120.401 Y117.407 E1205.59857
G1 X120.348 Y117.838 E1205.62746
G1 X120.28 Y118.088 E1205.64469
G1 X120.118 Y118.482 E1205.67303
G1 X119.85 Y118.893 E1205.70567
G1 X119.561 Y119.184 E1205.73295
G1 X119.334 Y119.339 E1205.75123
G1 X119.775 Y119.731 E1205.79048
G1 X120.099 Y120.183 E1205.82748
G1 X120.28 Y120.624 E1205.85919
G1 X120.359 Y120.953 E1205.88169
G1 X120.401 Y121.407 E1205.91202
G1 X120.348 Y121.838 E1205.94091
G1 X120.28 Y122.088 E1205.95814
G1 X120.118 Y122.482 E1205.98648
G1 X119.85 Y122.893 E1206.01912
G1 X119.561 Y123.184 E1206.0464
G1 X119.334 Y123.339 E1206.06469
G1 X119.775 Y123.731 E1206.10394
G1 X120.099 Y124.183 E1206.14093
G1 X120.28 Y124.624 E1206.17264
G1 X120.359 Y124.953 E1206.19515
G1 X120.401 Y125.407 E1206.22548
G1 X120.348 Y125.838 E1206.25436
G1 X120.28 Y126.088 E1206.2716
G1 X120.118 Y126.482 E1206.29993
G1 X119.85 Y126.893 E1206.33257
G1 X119.561 Y127.184 E1206.35986
G1 X119.334 Y127.339 E1206.37814
G1 X119.775 Y127.731 E1206.41739
G1 X120.099 Y128.183 E1206.45438
G1 X120.28 Y128.624 E1206.48609
G1 X120.359 Y128.953 E1206.5086
G1 X120.401 Y129.407 E1206.53893
G1 X120.348 Y129.838 E1206.56782
G1 X120.246 Y130.214 E1206.59373
G1 X119.982 Y130.722 E1206.63181
G1 X119.589 Y131.165 E1206.67121
G1 X119.125 Y131.481 E1206.70855
G1 X118.764 Y131.628 E1206.73448
G1 X118.306 Y131.744 E1206.76591
G1 X117.706 Y131.745 E1206.80582
G1 X117.149 Y131.606 E1206.84401
G1 X116.631 Y131.34 E1206.88274
G1 X116.325 Y131.072 E1206.9098
G1 X116.141 Y131.32 E1206.93034
G1 X115.719 Y131.687 E1206.96755
G1 X115.899 Y131.895 E1206.98584
G1 X116.148 Y132.268 E1207.01568
G1 X116.333 Y132.771 E1207.05133
G1 X116.402 Y133.355 E1207.09044
G1 X116.337 Y133.929 E1207.12887
G1 X116.137 Y134.472 E1207.16736
G1 X115.844 Y134.893 E1207.20148
G1 X115.57 Y135.178 E1207.22778
G1 X115.114 Y135.489 E1207.2645
G1 X114.702 Y135.645 E1207.2938
G1 X114.28 Y135.749 E1207.32272
G1 X113.723 Y135.744 E1207.35977
G1 X113.201 Y135.623 E1207.39541
G1 X112.702 Y135.383 E1207.43225
G1 X112.513 Y135.237 E1207.44813
G1 F1871.3 X112.147 Y135.058 E1207.48289
G1 X112.212 Y135.445 E1207.51637
G1 F2400 X112.348 Y135.844 E1207.54441
G1 X112.402 Y136.394 E1207.58117
G1 X112.331 Y136.96 E1207.61912
G1 X112.143 Y137.434 E1207.65304
G1 X111.906 Y137.808 E1207.68249
G1 X111.589 Y138.165 E1207.71425
G1 X111.113 Y138.489 E1207.75255
G1 X110.701 Y138.645 E1207.78186
G1 X110.362 Y138.728 E1207.80508
G1 X110 Y138.743 E1207.82918
G0 F12000 X110 Y138.344
G1 F2400 X109.876 Y138.348 E1207.83743
G1 X109.49 Y138.3 E1207.8633
G1 X108.978 Y138.072 E1207.90059
G1 X108.591 Y137.775 E1207.93304
G1 X108.421 Y137.583 E1207.9501
G1 X108.213 Y137.259 E1207.97571
G1 X108.052 Y136.846 E1208.00519
G1 X107.996 Y136.389 E1208.03582
G1 X108.042 Y135.918 E1208.0673
G1 X108.214 Y135.429 E1208.10178
G1 X108.491 Y135.038 E1208.13366
G1 X108.683 Y134.855 E1208.1513
G1 X108.49 Y134.673 E1208.16895
G1 X108.205 Y134.27 E1208.20178
G1 F2388.1 X108.033 Y133.712 E1208.24082
G1 F2352.9 X107.998 Y133.443 E1208.25922
G1 X107.963 Y133.712 E1208.27763
G1 F2388.1 X107.79 Y134.273 E1208.31688
G1 F2400 X107.465 Y134.726 E1208.35396
G1 X107.094 Y135.035 E1208.38608
G1 X106.672 Y135.242 E1208.41735
G1 X106.225 Y135.347 E1208.44789
G1 X105.775 Y135.348 E1208.47783
G1 X105.29 Y135.232 E1208.511
G1 X104.87 Y135.008 E1208.54266
G1 X104.506 Y134.704 E1208.57421
G1 X104.204 Y134.252 E1208.61037
G1 X104.045 Y133.813 E1208.64143
G1 X103.994 Y133.336 E1208.67334
G1 X104.053 Y132.872 E1208.70445
G1 X104.219 Y132.427 E1208.73605
G1 X104.482 Y132.041 E1208.76712
G1 X104.764 Y131.783 E1208.79254
G1 X104.983 Y131.636 E1208.81009
G1 X104.595 Y131.432 E1208.83925
G1 X104.147 Y131.041 E1208.8788
G1 X103.826 Y130.587 E1208.91579
G1 X103.72 Y130.362 E1208.93233
G1 X103.502 Y130.694 E1208.95876
G1 X103.121 Y131.012 E1208.99177
G1 X102.711 Y131.229 E1209.02262
G1 X102.24 Y131.346 E1209.05491
G1 X101.731 Y131.345 E1209.08877
G1 X101.352 Y131.245 E1209.11484
G1 X100.978 Y131.072 E1209.14225
G1 X100.591 Y130.775 E1209.1747
G1 X100.421 Y130.583 E1209.19176
G1 X100.175 Y130.171 E1209.22368
G1 X100.043 Y129.769 E1209.25183
G1 X99.996 Y129.394 E1209.27697
G1 X100.046 Y128.876 E1209.31159
G1 X100.23 Y128.419 E1209.34436
G1 X100.518 Y127.999 E1209.37823
G1 X100.859 Y127.708 E1209.40805
G1 X101.285 Y127.476 E1209.44032
G1 F2330.1 X101.79 Y127.356 E1209.47588
G1 F2296.7 X101.282 Y127.231 E1209.51225
G1 F2364.5 X100.86 Y127.001 E1209.5447
G1 F2400 X100.517 Y126.713 E1209.57449
G1 X100.23 Y126.293 E1209.60833
G1 X100.054 Y125.856 E1209.63967
G1 X99.996 Y125.394 E1209.67064
G1 X100.046 Y124.876 E1209.70526
G1 X100.23 Y124.419 E1209.73803
G1 X100.518 Y123.999 E1209.77191
G1 X100.859 Y123.708 E1209.80173
G1 X101.285 Y123.476 E1209.834
G1 F2330.1 X101.79 Y123.356 E1209.86956
G1 F2296.7 X101.282 Y123.231 E1209.90593
G1 F2364.5 X100.86 Y123.001 E1209.93838
G1 F2400 X100.517 Y122.713 E1209.96817
G1 X100.23 Y122.293 E1210.00201
G1 X100.054 Y121.856 E1210.03335
G1 X99.996 Y121.394 E1210.06432
G1 X100.046 Y120.876 E1210.09894
G1 X100.23 Y120.419 E1210.13171
G1 X100.518 Y119.999 E1210.16558
G1 X100.859 Y119.708 E1210.1954
G1 X101.285 Y119.476 E1210.22767
G1 F2330.1 X101.79 Y119.356 E1210.26324
G1 F2296.7 X101.282 Y119.231 E1210.2996
G1 F2364.5 X100.86 Y119.001 E1210.33205
G1 F2400 X100.517 Y118.713 E1210.36184
G1 X100.23 Y118.293 E1210.39568
G1 X100.054 Y117.856 E1210.42702
G1 X99.996 Y117.394 E1210.458
G1 X100.034 Y117 E1210.48433
G1 X100.175 Y116.541 E1210.51627
G1 X100.427 Y116.122 E1210.54879
G1 X100.845 Y115.701 E1210.58826
G1 X101.352 Y115.463 E1210.62551
G1 X101.754 Y115.366 E1210.65302
G1 X102.255 Y115.366 E1210.68635
G1 X102.715 Y115.481 E1210.71789
G1 X103.077 Y115.67 E1210.74505
G1 X103.492 Y116.007 E1210.78062
G1 X103.72 Y116.348 E1210.8079
G1 X103.831 Y116.118 E1210.82489
G1 X104.146 Y115.672 E1210.86121
G1 X104.601 Y115.276 E1210.90134
G1 X104.988 Y115.076 E1210.93031
G1 X104.775 Y114.935 E1210.94731
G1 X104.478 Y114.668 E1210.97387
G1 X104.219 Y114.284 E1211.00468
G1 X104.05 Y113.829 E1211.03697
G1 X103.996 Y113.356 E1211.06864
G1 X104.044 Y112.906 E1211.09874
G1 X104.203 Y112.461 E1211.13018
G1 X104.474 Y112.05 E1211.16293
G1 X104.825 Y111.727 E1211.19466
G1 X105.28 Y111.479 E1211.22913
G1 X105.774 Y111.362 E1211.2629
G1 X106.259 Y111.373 E1211.29517
G1 X106.714 Y111.475 E1211.32618
G1 X107.17 Y111.726 E1211.36081
G1 X107.484 Y112.014 E1211.38915
G1 X107.788 Y112.434 E1211.42364
G1 F2376.2 X107.965 Y112.999 E1211.46342
G1 F2330.1 X107.998 Y113.239 E1211.48002
G1 X108.031 Y112.999 E1211.49662
G1 F2376.2 X108.207 Y112.437 E1211.53618
G1 F2400 X108.491 Y112.038 E1211.56876
G1 X108.683 Y111.855 E1211.58641
G1 X108.49 Y111.673 E1211.60405
G1 X108.206 Y111.257 E1211.63756
G1 X108.058 Y110.843 E1211.66681
G1 X107.995 Y110.387 E1211.69743
G1 X108.054 Y109.856 E1211.73297
G1 X108.233 Y109.414 E1211.76469
G1 X108.497 Y109.018 E1211.79635
G1 X108.875 Y108.691 E1211.82959
G1 X109.308 Y108.47 E1211.86193
G1 X109.764 Y108.367 E1211.89303
G1 X110.244 Y108.367 E1211.92496
G1 X110.733 Y108.486 E1211.95844
G1 X111.158 Y108.715 E1211.99055
G1 X111.516 Y109.043 E1212.02285
G1 X111.772 Y109.42 E1212.05316
G1 X111.944 Y109.867 E1212.08502
G1 X112.001 Y110.392 E1212.12015
G1 X111.939 Y110.835 E1212.14991
G1 X111.793 Y111.252 E1212.1793
G1 X111.535 Y111.646 E1212.21063
G1 X111.312 Y111.855 E1212.23096
G1 X111.505 Y112.038 E1212.24865
G1 X111.789 Y112.437 E1212.28123
G1 F2376.2 X111.965 Y112.999 E1212.32079
G1 F2330.1 X111.998 Y113.239 E1212.33739
G1 X112.031 Y112.999 E1212.35399
G1 F2376.2 X112.208 Y112.434 E1212.39377
G1 F2400 X112.512 Y112.014 E1212.42826
G1 X112.827 Y111.725 E1212.45669
G1 X113.293 Y111.473 E1212.49194
G1 X113.74 Y111.373 E1212.5224
G1 X114.229 Y111.362 E1212.55494
G1 X114.747 Y111.492 E1212.59047
G1 X115.135 Y111.707 E1212.61997
G1 X115.469 Y111.991 E1212.64914
G1 X115.757 Y112.394 E1212.68209
G1 X115.942 Y112.861 E1212.7155
G1 X116.002 Y113.372 E1212.74973
G1 X115.945 Y113.833 E1212.78063
G1 X115.777 Y114.283 E1212.81258
G1 X115.521 Y114.666 E1212.84322
G1 X115.221 Y114.935 E1212.87003
G1 X115.008 Y115.076 E1212.88702
G1 X115.398 Y115.278 E1212.91624
G1 X115.862 Y115.68 E1212.95707
G1 X116.168 Y116.118 E1212.99262
G1 X116.278 Y116.345 E1213.0094
G1 X116.503 Y116.01 E1213.03624
G1 X116.873 Y115.699 E1213.06839
G1 X117.287 Y115.479 E1213.09958
G1 X117.759 Y115.366 E1213.13186
G1 X118.246 Y115.366 E1213.16426
G1 X118.647 Y115.463 E1213.1917
G1 X119.036 Y115.647 E1213.22033
G1 X119.408 Y115.939 E1213.25179
G1 X119.709 Y116.326 E1213.2844
G1 X119.949 Y116.862 E1213.32346
G1 X119.996 Y117.356 E1213.35647
G1 X119.954 Y117.769 E1213.38409
G1 X119.79 Y118.266 E1213.4189
G1 X119.507 Y118.672 E1213.45182
G1 X119.221 Y118.935 E1213.47767
G1 X118.818 Y119.176 E1213.5089
G1 F2388.1 X118.367 Y119.321 E1213.54058
G1 F2341.5 X118.12 Y119.356 E1213.55758
G1 F2330.1 X118.506 Y119.412 E1213.58431
G1 F2376.2 X118.823 Y119.536 E1213.60718
G1 F2400 X119.222 Y119.774 E1213.63808
G1 X119.505 Y120.038 E1213.66383
G1 X119.766 Y120.419 E1213.69455
G1 X119.95 Y120.876 E1213.72732
G1 X119.996 Y121.356 E1213.7594
G1 X119.954 Y121.769 E1213.78701
G1 X119.79 Y122.266 E1213.82182
G1 X119.507 Y122.672 E1213.85474
G1 X119.221 Y122.935 E1213.88059
G1 X118.818 Y123.176 E1213.91183
G1 F2388.1 X118.367 Y123.321 E1213.9435
G1 F2341.5 X118.12 Y123.356 E1213.96051
G1 F2330.1 X118.506 Y123.412 E1213.98723
G1 F2376.2 X118.823 Y123.536 E1214.0101
G1 F2400 X119.222 Y123.774 E1214.041
G1 X119.505 Y124.038 E1214.06675
G1 X119.766 Y124.419 E1214.09747
G1 X119.95 Y124.876 E1214.13024
G1 X119.996 Y125.356 E1214.16232
G1 X119.954 Y125.769 E1214.18993
G1 X119.79 Y126.266 E1214.22475
G1 X119.507 Y126.672 E1214.25767
G1 X119.221 Y126.935 E1214.28351
G1 X118.818 Y127.176 E1214.31475
G1 F2388.1 X118.367 Y127.321 E1214.34642
G1 F2341.5 X118.12 Y127.356 E1214.36343
G1 F2330.1 X118.506 Y127.412 E1214.39015
G1 F2376.2 X118.823 Y127.536 E1214.41302
G1 F2400 X119.222 Y127.774 E1214.44393
G1 X119.505 Y128.038 E1214.46967
G1 X119.766 Y128.419 E1214.50039
G1 X119.95 Y128.876 E1214.53316
G1 X119.996 Y129.356 E1214.56524
G1 X119.954 Y129.769 E1214.59285
G1 X119.821 Y130.172 E1214.62108
G1 X119.576 Y130.583 E1214.65291
G1 X119.405 Y130.775 E1214.67001
G1 X119.025 Y131.068 E1214.70193
G1 X118.648 Y131.245 E1214.72964
G1 X118.249 Y131.346 E1214.75702
G1 X117.734 Y131.346 E1214.79128
G1 X117.289 Y131.228 E1214.8219
G1 X116.918 Y131.039 E1214.8496
G1 X116.504 Y130.705 E1214.88498
G1 X116.278 Y130.368 E1214.91197
G1 X116.173 Y130.587 E1214.92813
G1 X115.853 Y131.04 E1214.96502
G1 X115.399 Y131.434 E1215.00501
G1 X115.014 Y131.636 E1215.03393
G1 X115.231 Y131.783 E1215.05137
G1 X115.517 Y132.043 E1215.07708
G1 X115.778 Y132.432 E1215.10824
G1 X115.942 Y132.864 E1215.13898
G1 X116.002 Y133.337 E1215.17069
G1 X115.947 Y133.834 E1215.20395
G1 X115.772 Y134.282 E1215.23595
G1 X115.531 Y134.644 E1215.26488
G1 X115.221 Y134.935 E1215.29316
G1 X114.734 Y135.226 E1215.3309
G1 X114.236 Y135.349 E1215.36502
G1 X113.727 Y135.345 E1215.39888
G1 X113.291 Y135.224 E1215.42898
G1 X112.906 Y135.037 E1215.45745
G1 X112.535 Y134.729 E1215.48953
G1 X112.207 Y134.275 E1215.52678
G1 F2388.1 X112.033 Y133.712 E1215.56618
G1 F2352.9 X111.998 Y133.443 E1215.58458
G1 X111.963 Y133.712 E1215.60299
G1 F2388.1 X111.791 Y134.27 E1215.64203
G1 F2400 X111.506 Y134.673 E1215.67486
G1 X111.312 Y134.855 E1215.69256
G1 X111.505 Y135.038 E1215.71025
G1 X111.784 Y135.432 E1215.74236
G1 X111.956 Y135.924 E1215.77703
G1 X111.997 Y136.347 E1215.8053
G1 X111.944 Y136.847 E1215.83875
G1 X111.802 Y137.219 E1215.86524
G1 X111.576 Y137.583 E1215.89374
G1 X111.31 Y137.882 E1215.92036
G1 X110.733 Y138.226 E1215.96504
G1 X110.293 Y138.334 E1215.99518
G1 X110 Y138.344 E1216.01468
G0 F12000 X108.948 Y137.884
G0 X108.611 Y137.588
G0 X108.357 Y137.218
G0 X107.389 Y134.588
G0 X107.052 Y134.884
G0 X106.659 Y135.092
G0 X106.224 Y135.199
G0 X105.776 Y135.199
G0 X105.341 Y135.092
G0 X104.948 Y134.884
G0 X104.611 Y134.588
G0 X104.357 Y134.218
G0 X104.199 Y133.802
G0 X103.914 Y130.452
G0 X102.659 Y131.092
G0 X102.224 Y131.199
G0 X101.776 Y131.199
G0 X101.341 Y131.092
G0 X100.948 Y130.884
G0 X100.611 Y130.588
G0 X100.357 Y130.218
G0 X100.199 Y129.802
G0 X100.144 Y129.357
G0 X100.611 Y126.588
G0 X100.357 Y126.218
G0 X100.199 Y125.802
G0 X100.144 Y125.357
G0 X100.611 Y122.588
G0 X100.357 Y122.218
G0 X100.199 Y121.802
G0 X100.144 Y121.357
G0 X100.199 Y120.913
G0 X100.357 Y120.497
G0 X100.61 Y120.128
G0 X100.947 Y119.83
G0 X102.282 Y119.248
G0 X102.21 Y118.949
G1 F2400 X101.825 Y118.946 E1216.04029
G1 X101.431 Y118.856 E1216.06718
G1 X101.089 Y118.673 E1216.09298
G1 X100.792 Y118.411 E1216.11933
G1 X100.583 Y118.104 E1216.14403
G1 X100.443 Y117.748 E1216.16948
G1 X100.404 Y117.426 E1216.19105
G1 X100.431 Y117.046 E1216.21639
G1 X100.55 Y116.681 E1216.24193
G1 X100.757 Y116.348 E1216.26801
G1 X101.08 Y116.033 E1216.29803
G1 X101.469 Y115.846 E1216.32674
G1 X101.832 Y115.765 E1216.35148
G1 X102.164 Y115.765 E1216.37356
G1 X102.567 Y115.854 E1216.40102
G1 X102.902 Y116.033 E1216.42628
G1 X103.194 Y116.282 E1216.45181
G1 X103.425 Y116.617 E1216.47888
G1 F2412.1 X103.544 Y116.954 E1216.50253
G1 F2480.6 X103.576 Y117.349 E1216.52804
G1 F2474.2 X103.545 Y117.759 E1216.55457
G1 F2400 X103.423 Y118.095 E1216.57835
G1 X103.23 Y118.379 E1216.60119
G1 X102.958 Y118.633 E1216.62594
G1 X102.633 Y118.821 E1216.65092
G1 X102.21 Y118.949 E1216.68032
G0 F12000 X101.859 Y118.548
;TYPE:WALL-OUTER
G1 F2400 X101.593 Y118.482 E1216.69855
G1 X101.317 Y118.345 E1216.71905
G1 X101.115 Y118.171 E1216.73678
G1 X100.935 Y117.915 E1216.7576
G1 X100.84 Y117.667 E1216.77526
G1 X100.801 Y117.38 E1216.79453
G1 X100.84 Y117.045 E1216.81697
G1 X100.924 Y116.821 E1216.83288
G1 X101.087 Y116.574 E1216.85257
G1 X101.335 Y116.354 E1216.87462
G1 X101.585 Y116.228 E1216.89324
G1 X101.864 Y116.164 E1216.91228
G1 X102.135 Y116.164 E1216.93031
G1 X102.416 Y116.229 E1216.94949
G1 X102.68 Y116.365 E1216.96925
G1 X102.906 Y116.569 E1216.9895
G1 X103.05 Y116.778 E1217.00638
G1 X103.161 Y117.061 E1217.02661
G1 X103.196 Y117.374 E1217.04756
G1 X103.161 Y117.651 E1217.06613
G1 X103.072 Y117.891 E1217.08316
G1 X102.909 Y118.14 E1217.10295
G1 X102.696 Y118.331 E1217.12198
G1 X102.449 Y118.466 E1217.14071
G1 X102.167 Y118.543 E1217.16015
G1 X101.859 Y118.548 E1217.18065
G1 F2700 E1212.18065
G0 F12000 X101.859 Y118.86
G0 X100.714 Y120.684
G0 X100.59 Y121.01
G0 X100.547 Y121.357
G0 X100.59 Y121.705
G0 X100.714 Y122.031
G0 X100.913 Y122.321
G0 X101.126 Y122.508
G0 X101.859 Y122.86
G0 X101.859 Y122.548
G1 F2700 E1217.18065
G1 F2400 X101.593 Y122.482 E1217.19888
G1 X101.317 Y122.345 E1217.21937
G1 X101.115 Y122.171 E1217.23711
G1 X100.935 Y121.915 E1217.25793
G1 X100.84 Y121.667 E1217.27559
G1 X100.801 Y121.38 E1217.29486
G1 X100.84 Y121.045 E1217.31729
G1 X100.924 Y120.821 E1217.33321
G1 X101.099 Y120.558 E1217.35422
G1 X101.314 Y120.367 E1217.37335
G1 X101.553 Y120.241 E1217.39132
G1 X101.862 Y120.164 E1217.41251
G1 X102.167 Y120.169 E1217.4328
G1 X102.406 Y120.226 E1217.44914
G1 X102.701 Y120.382 E1217.47134
G1 X102.906 Y120.569 E1217.4898
G1 X103.05 Y120.778 E1217.50668
G1 X103.161 Y121.061 E1217.5269
G1 X103.196 Y121.374 E1217.54785
G1 X103.161 Y121.651 E1217.56643
G1 X103.072 Y121.891 E1217.58345
G1 X102.909 Y122.14 E1217.60325
G1 X102.696 Y122.331 E1217.62228
G1 X102.449 Y122.466 E1217.64101
G1 X102.167 Y122.543 E1217.66045
G1 X101.859 Y122.548 E1217.68094
G1 F2700 E1212.68094
G0 F12000 X101.859 Y122.86
G0 X100.714 Y124.684
G0 X100.59 Y125.01
G0 X100.547 Y125.357
G0 X100.59 Y125.705
G0 X100.714 Y126.031
G0 X100.913 Y126.321
G0 X101.126 Y126.508
G0 X101.859 Y126.86
G0 X101.859 Y126.548
G1 F2700 E1217.68094
G1 F2400 X101.593 Y126.482 E1217.69917
G1 X101.317 Y126.345 E1217.71967
G1 X101.115 Y126.171 E1217.73741
G1 X100.935 Y125.915 E1217.75822
G1 X100.84 Y125.667 E1217.77589
G1 X100.801 Y125.38 E1217.79516
G1 X100.84 Y125.045 E1217.81759
G1 X100.924 Y124.821 E1217.8335
G1 X101.099 Y124.558 E1217.85452
G1 X101.314 Y124.367 E1217.87365
G1 X101.553 Y124.241 E1217.89162
G1 X101.862 Y124.164 E1217.9128
G1 X102.167 Y124.169 E1217.9331
G1 X102.406 Y124.226 E1217.94944
G1 X102.701 Y124.382 E1217.97164
G1 X102.906 Y124.569 E1217.9901
G1 X103.05 Y124.778 E1218.00698
G1 X103.161 Y125.061 E1218.0272
G1 X103.196 Y125.374 E1218.04815
G1 X103.161 Y125.651 E1218.06672
G1 X103.072 Y125.891 E1218.08375
G1 X102.909 Y126.14 E1218.10355
G1 X102.696 Y126.331 E1218.12258
G1 X102.449 Y126.466 E1218.1413
G1 X102.167 Y126.543 E1218.16075
G1 X101.859 Y126.548 E1218.18124
G1 F2700 E1213.18124
G0 F12000 X101.859 Y126.86
G0 X103.286 Y128.684
G0 X103.41 Y129.01
G0 X103.453 Y129.357
G0 X103.41 Y129.705
G0 X103.286 Y130.031
G0 X103.087 Y130.321
G0 X102.227 Y130.849
G0 X102.153 Y130.546
G1 F2700 E1218.18124
G1 F2400 X101.86 Y130.548 E1218.20073
G1 X101.585 Y130.48 E1218.21958
G1 X101.341 Y130.359 E1218.23769
G1 X101.096 Y130.154 E1218.25894
G1 X100.924 Y129.891 E1218.27985
G1 X100.84 Y129.667 E1218.29576
G1 X100.801 Y129.38 E1218.31503
G1 X100.84 Y129.045 E1218.33746
G1 X100.924 Y128.821 E1218.35338
G1 X101.099 Y128.558 E1218.37439
G1 X101.314 Y128.367 E1218.39352
G1 X101.553 Y128.241 E1218.41149
G1 X101.862 Y128.164 E1218.43268
G1 X102.167 Y128.169 E1218.45297
G1 X102.406 Y128.226 E1218.46931
G1 X102.701 Y128.382 E1218.49151
G1 X102.906 Y128.569 E1218.50997
G1 X103.05 Y128.778 E1218.52685
G1 X103.161 Y129.061 E1218.54707
G1 X103.196 Y129.374 E1218.56802
G1 X103.161 Y129.651 E1218.5866
G1 X103.072 Y129.891 E1218.60362
G1 X102.909 Y130.14 E1218.62342
G1 X102.676 Y130.347 E1218.64415
G1 X102.406 Y130.482 E1218.66423
G1 X102.153 Y130.546 E1218.68159
G1 F2700 E1213.68159
G0 F12000 X102.227 Y130.849
G0 X105.807 Y131.356
G0 X105.807 Y131.044
G1 F2700 E1218.68159
G1 F2400 X105.374 Y130.938 E1218.71125
G1 X105.03 Y130.755 E1218.73717
G1 X104.727 Y130.482 E1218.7643
G1 X104.502 Y130.159 E1218.79048
G1 X104.348 Y129.758 E1218.81905
G1 X104.3 Y129.374 E1218.8448
G1 X104.348 Y128.954 E1218.87292
G1 X104.503 Y128.551 E1218.90164
G1 X104.724 Y128.233 E1218.9274
G1 X105.014 Y127.97 E1218.95344
G1 X105.371 Y127.778 E1218.98041
G1 F2100.7 X105.794 Y127.612 E1219.01494
G1 F1871.3 X106.18 Y127.612 E1219.04787
G1 F2105.3 X106.63 Y127.78 E1219.0843
G1 F2400 X106.942 Y127.943 E1219.10771
G1 X107.254 Y128.21 E1219.13503
G1 X107.493 Y128.546 E1219.16246
G1 F2376.2 X107.655 Y128.971 E1219.19302
G1 F2222.2 X107.754 Y129.352 E1219.2213
G1 F2243 X107.638 Y129.791 E1219.25362
G1 F2400 X107.493 Y130.166 E1219.28036
G1 X107.253 Y130.502 E1219.30783
G1 X106.966 Y130.755 E1219.33328
G1 X106.587 Y130.953 E1219.36172
G1 X106.211 Y131.042 E1219.38742
G1 X105.807 Y131.044 E1219.4143
G1 F2700 E1214.4143
G0 F12000 X105.807 Y131.356
G0 X107.089 Y132.395
G0 X107.286 Y132.684
G0 X107.41 Y133.01
G0 X107.453 Y133.357
G0 X107.41 Y133.705
G0 X107.286 Y134.031
G0 X107.087 Y134.321
G0 X106.874 Y134.508
G0 X106.148 Y134.86
G0 X106.148 Y134.547
G1 F2700 E1219.4143
G1 F2400 X105.857 Y134.548 E1219.43366
G1 X105.553 Y134.467 E1219.45458
G1 X105.319 Y134.346 E1219.47211
G1 X105.091 Y134.145 E1219.49233
G1 X104.934 Y133.913 E1219.51096
G1 X104.832 Y133.641 E1219.53029
G1 X104.8 Y133.347 E1219.54996
G1 X104.831 Y133.076 E1219.5681
G1 X104.94 Y132.788 E1219.58859
G1 X105.104 Y132.552 E1219.6077
G1 X105.335 Y132.354 E1219.62794
G1 X105.557 Y132.239 E1219.64457
G1 X105.854 Y132.165 E1219.66493
G1 X106.136 Y132.164 E1219.68369
G1 X106.443 Y132.239 E1219.70471
G1 X106.701 Y132.382 E1219.72434
G1 X106.891 Y132.551 E1219.74125
G1 X107.072 Y132.821 E1219.76287
G1 X107.167 Y133.092 E1219.78198
G1 X107.196 Y133.374 E1219.80083
G1 X107.156 Y133.667 E1219.82051
G1 X107.05 Y133.933 E1219.83955
G1 X106.88 Y134.172 E1219.85906
G1 X106.677 Y134.346 E1219.87685
G1 X106.427 Y134.476 E1219.89559
G1 X106.148 Y134.547 E1219.91474
G1 F2700 E1214.91474
G0 F12000 X106.148 Y134.86
G0 X110 Y134.86
G0 X110 Y134.602
G1 F2700 E1219.91474
G1 F1882.4 X109.855 Y134.602 E1219.92704
G1 F2069 X109.592 Y134.49 E1219.9491
G1 F2352.9 X109.3 Y134.331 E1219.97166
G1 F2400 X109.096 Y134.151 E1219.98976
G1 X108.924 Y133.891 E1220.01049
G1 X108.84 Y133.667 E1220.02641
G1 X108.8 Y133.374 E1220.04608
G1 X108.84 Y133.045 E1220.06812
G1 X108.924 Y132.821 E1220.08404
G1 X109.104 Y132.552 E1220.10557
G1 X109.335 Y132.354 E1220.12581
G1 X109.557 Y132.239 E1220.14244
G1 X109.854 Y132.165 E1220.1628
G1 X110.136 Y132.164 E1220.18156
G1 X110.443 Y132.239 E1220.20258
G1 X110.701 Y132.382 E1220.2222
G1 X110.891 Y132.551 E1220.23912
G1 X111.072 Y132.821 E1220.26074
G1 X111.167 Y133.092 E1220.27984
G1 X111.196 Y133.374 E1220.2987
G1 X111.156 Y133.667 E1220.31837
G1 X111.05 Y133.933 E1220.33742
G1 X110.9 Y134.151 E1220.35502
G1 F2248.2 X110.609 Y134.399 E1220.38217
G1 F1995.8 X110.12 Y134.602 E1220.42452
G1 F1889.8 X110 Y134.602 E1220.43466
G1 F2700 E1215.43466
G0 F12000 X110 Y134.86
G0 X110.515 Y134.999
G0 X110.825 Y135.162
G0 X111.089 Y135.395
G0 X111.286 Y135.684
G0 X111.41 Y136.01
G0 X111.453 Y136.357
G0 X111.41 Y136.705
G0 X111.286 Y137.031
G0 X111.087 Y137.321
G0 X110.824 Y137.552
G0 X110 Y137.86
G0 X110 Y137.544
G1 F2700 E1220.43466
G1 F2400 X109.825 Y137.542 E1220.4463
G1 X109.553 Y137.467 E1220.46507
G1 X109.341 Y137.359 E1220.4809
G1 X109.096 Y137.154 E1220.50215
G1 X108.924 Y136.891 E1220.52305
G1 X108.838 Y136.662 E1220.53932
G1 X108.801 Y136.38 E1220.55824
G1 X108.833 Y136.068 E1220.57911
G1 X108.934 Y135.798 E1220.59828
G1 X109.099 Y135.558 E1220.61766
G1 X109.297 Y135.38 E1220.63537
G1 F2341.5 X109.595 Y135.216 E1220.65856
G1 F2064.5 X109.857 Y135.11 E1220.68042
G1 F1886.1 X110.12 Y135.11 E1220.70268
G1 F2114.5 X110.45 Y135.243 E1220.72954
G1 F2400 X110.701 Y135.382 E1220.74863
G1 X110.897 Y135.558 E1220.76615
G1 X111.072 Y135.821 E1220.78716
G1 X111.163 Y136.069 E1220.80474
G1 X111.197 Y136.354 E1220.82383
G1 X111.165 Y136.634 E1220.84258
G1 X111.064 Y136.908 E1220.862
G1 X110.9 Y137.155 E1220.88172
G1 X110.657 Y137.358 E1220.90279
G1 X110.406 Y137.482 E1220.92141
G1 X110.155 Y137.546 E1220.93864
G1 X110 Y137.544 E1220.94895
G1 F2700 E1215.94895
G0 F12000 X110 Y137.86
G0 X110.516 Y137.715
G0 X110.824 Y137.552
G0 X112.151 Y135.854
G0 X112.171 Y135.094
G0 X113.773 Y134.849
G0 X113.848 Y134.547
G1 F2700 E1220.94895
G1 F2400 X113.573 Y134.476 E1220.96784
G1 X113.319 Y134.346 E1220.98683
G1 X113.1 Y134.155 E1221.00616
G1 X112.924 Y133.891 E1221.02726
G1 X112.84 Y133.667 E1221.04318
G1 X112.8 Y133.374 E1221.06285
G1 X112.84 Y133.045 E1221.08489
G1 X112.924 Y132.821 E1221.10081
G1 X113.104 Y132.552 E1221.12234
G1 X113.335 Y132.354 E1221.14258
G1 X113.557 Y132.239 E1221.15921
G1 X113.854 Y132.165 E1221.17957
G1 X114.136 Y132.164 E1221.19833
G1 X114.443 Y132.239 E1221.21935
G1 X114.701 Y132.382 E1221.23897
G1 X114.891 Y132.551 E1221.25589
G1 X115.057 Y132.79 E1221.27524
G1 X115.159 Y133.055 E1221.29413
G1 X115.196 Y133.347 E1221.31371
G1 X115.164 Y133.64 E1221.33332
G1 X115.062 Y133.913 E1221.3527
G1 X114.905 Y134.145 E1221.37134
G1 X114.657 Y134.358 E1221.39308
G1 X114.406 Y134.482 E1221.41171
G1 X114.139 Y134.548 E1221.43
G1 X113.848 Y134.547 E1221.44936
G1 F2700 E1216.44936
G0 F12000 X113.773 Y134.849
G0 X113.176 Y134.552
G0 X112.913 Y134.321
G0 X112.714 Y134.031
G0 X112.59 Y133.705
G0 X112.547 Y133.357
G0 X112.59 Y133.01
G0 X112.714 Y132.684
G0 X113.807 Y131.356
G0 X113.807 Y131.044
G1 F2700 E1221.44936
G1 F2400 X113.374 Y130.938 E1221.47901
G1 X113.03 Y130.755 E1221.50493
G1 X112.746 Y130.502 E1221.53023
G1 X112.507 Y130.166 E1221.55766
G1 X112.356 Y129.786 E1221.58486
G1 F2253.5 X112.242 Y129.352 E1221.61665
G1 F2227.4 X112.341 Y128.971 E1221.64487
G1 F2376.2 X112.507 Y128.546 E1221.67552
G1 F2400 X112.715 Y128.246 E1221.69981
G1 X113.014 Y127.97 E1221.72687
G1 X113.371 Y127.778 E1221.75384
G1 F2100.7 X113.794 Y127.612 E1221.78837
G1 F1871.3 X114.18 Y127.612 E1221.8213
G1 F2105.3 X114.63 Y127.78 E1221.85773
G1 F2400 X114.981 Y127.97 E1221.88428
G1 X115.276 Y128.233 E1221.91057
G1 X115.496 Y128.551 E1221.93629
G1 X115.648 Y128.954 E1221.96494
G1 X115.696 Y129.374 E1221.99306
G1 X115.648 Y129.758 E1222.0188
G1 X115.493 Y130.166 E1222.04784
G1 X115.273 Y130.482 E1222.07345
G1 X114.966 Y130.755 E1222.10078
G1 X114.587 Y130.953 E1222.12922
G1 X114.211 Y131.042 E1222.15493
G1 X113.807 Y131.044 E1222.1818
G1 F2700 E1217.1818
G0 F12000 X113.807 Y131.356
G0 X110 Y131.356
G0 X110 Y131.043
G1 F2700 E1222.1818
G1 F2400 X109.807 Y131.044 E1222.19464
G1 X109.374 Y130.938 E1222.22429
G1 X109.03 Y130.755 E1222.25021
G1 X108.746 Y130.502 E1222.27551
G1 X108.507 Y130.166 E1222.30294
G1 X108.356 Y129.786 E1222.33014
G1 F2253.5 X108.242 Y129.352 E1222.36193
G1 F2227.4 X108.341 Y128.971 E1222.39015
G1 F2376.2 X108.507 Y128.546 E1222.4208
G1 F2400 X108.715 Y128.246 E1222.44508
G1 X109.014 Y127.97 E1222.47215
G1 X109.371 Y127.778 E1222.49912
G1 F2100.7 X109.794 Y127.612 E1222.53365
G1 F1871.3 X110.18 Y127.612 E1222.56658
G1 F2105.3 X110.63 Y127.78 E1222.60301
G1 F2400 X110.942 Y127.943 E1222.62642
G1 X111.254 Y128.21 E1222.65374
G1 X111.493 Y128.546 E1222.68117
G1 F2376.2 X111.655 Y128.971 E1222.71173
G1 F2222.2 X111.754 Y129.352 E1222.74001
G1 F2243 X111.638 Y129.791 E1222.77233
G1 F2400 X111.493 Y130.166 E1222.79907
G1 X111.253 Y130.502 E1222.82654
G1 X110.966 Y130.755 E1222.85199
G1 X110.587 Y130.953 E1222.88043
G1 X110.211 Y131.042 E1222.90613
G1 X110 Y131.043 E1222.92017
G1 F2700 E1217.92017
G0 F12000 X110 Y131.356
G0 X109.308 Y131.183
G0 X108.891 Y130.964
G0 X108.539 Y130.652
G0 X108.271 Y130.265
G0 X108.105 Y129.824
G0 X108.047 Y129.357
G0 X108.105 Y128.89
G0 X108.271 Y128.45
G0 X108.539 Y128.063
G0 X108.891 Y127.751
G0 X109.127 Y127.627
G0 X110 Y127.356
G0 X110 Y127.1
G1 F2700 E1222.92017
G1 F1871.3 X109.794 Y127.1 E1222.93774
G1 F2100.7 X109.374 Y126.937 E1222.97198
G1 F2400 X109.014 Y126.742 E1222.99922
G1 X108.746 Y126.502 E1223.02315
G1 X108.507 Y126.166 E1223.05058
G1 X108.356 Y125.786 E1223.07778
G1 F2253.5 X108.242 Y125.352 E1223.10957
G1 F2227.4 X108.341 Y124.971 E1223.13778
G1 F2376.2 X108.507 Y124.546 E1223.16844
G1 F2400 X108.715 Y124.246 E1223.19272
G1 X109.014 Y123.97 E1223.21979
G1 X109.371 Y123.778 E1223.24675
G1 F2100.7 X109.794 Y123.612 E1223.28129
G1 F1871.3 X110.18 Y123.612 E1223.31422
G1 F2105.3 X110.63 Y123.78 E1223.35064
G1 F2400 X110.942 Y123.943 E1223.37406
G1 X111.254 Y124.21 E1223.40138
G1 X111.493 Y124.546 E1223.4288
G1 F2376.2 X111.655 Y124.971 E1223.45936
G1 F2222.2 X111.754 Y125.352 E1223.48764
G1 F2243 X111.638 Y125.791 E1223.51996
G1 F2400 X111.493 Y126.166 E1223.54671
G1 X111.251 Y126.505 E1223.57441
G1 X110.942 Y126.769 E1223.60145
G1 X110.624 Y126.938 E1223.6254
G1 F2105.3 X110.18 Y127.1 E1223.66125
G1 F1875 X110 Y127.1 E1223.67657
G1 F2700 E1218.67657
G0 F12000 X110 Y127.356
G0 X113.794 Y127.356
G0 X113.794 Y127.1
G1 F2700 E1223.67657
G1 F2100.7 X113.374 Y126.937 E1223.71081
G1 F2400 X113.014 Y126.742 E1223.73805
G1 X112.746 Y126.502 E1223.76198
G1 X112.507 Y126.166 E1223.78941
G1 X112.356 Y125.786 E1223.81661
G1 F2253.5 X112.242 Y125.352 E1223.84839
G1 F2227.4 X112.341 Y124.971 E1223.87661
G1 F2376.2 X112.507 Y124.546 E1223.90726
G1 F2400 X112.715 Y124.246 E1223.93155
G1 X113.014 Y123.97 E1223.95862
G1 X113.371 Y123.778 E1223.98558
G1 F2100.7 X113.794 Y123.612 E1224.02011
G1 F1871.3 X114.18 Y123.612 E1224.05305
G1 F2105.3 X114.63 Y123.78 E1224.08947
G1 F2400 X114.981 Y123.97 E1224.11602
G1 X115.276 Y124.233 E1224.14231
G1 X115.496 Y124.551 E1224.16803
G1 X115.648 Y124.954 E1224.19668
G1 X115.696 Y125.374 E1224.2248
G1 X115.648 Y125.758 E1224.25055
G1 X115.493 Y126.166 E1224.27958
G1 X115.276 Y126.479 E1224.30491
G1 X114.981 Y126.742 E1224.3312
G1 X114.624 Y126.938 E1224.3583
G1 F2105.3 X114.18 Y127.1 E1224.39414
G1 F1871.3 X113.794 Y127.1 E1224.42707
G1 F2700 E1219.42707
G0 F12000 X113.794 Y127.356
G0 X112.891 Y126.964
G0 X112.539 Y126.652
G0 X112.271 Y126.265
G0 X112.105 Y125.824
G0 X112.047 Y125.357
G0 X112.105 Y124.89
G0 X112.271 Y124.45
G0 X112.539 Y124.063
G0 X112.891 Y123.751
G0 X113.794 Y123.356
G0 X113.794 Y123.1
G1 F2700 E1224.42707
G1 F2100.7 X113.374 Y122.937 E1224.46131
G1 F2400 X113.014 Y122.742 E1224.48854
G1 X112.746 Y122.502 E1224.51247
G1 X112.507 Y122.166 E1224.5399
G1 X112.356 Y121.786 E1224.5671
G1 F2253.5 X112.242 Y121.352 E1224.59889
G1 F2227.4 X112.341 Y120.971 E1224.62711
G1 F2376.2 X112.507 Y120.546 E1224.65776
G1 F2400 X112.715 Y120.246 E1224.68204
G1 X113.014 Y119.97 E1224.70911
G1 X113.371 Y119.778 E1224.73608
G1 F2100.7 X113.794 Y119.612 E1224.77061
G1 F1871.3 X114.18 Y119.612 E1224.80354
G1 F2105.3 X114.63 Y119.78 E1224.83997
G1 F2400 X114.981 Y119.97 E1224.86652
G1 X115.276 Y120.233 E1224.89281
G1 X115.496 Y120.551 E1224.91853
G1 X115.648 Y120.954 E1224.94718
G1 X115.696 Y121.374 E1224.9753
G1 X115.648 Y121.758 E1225.00104
G1 X115.493 Y122.166 E1225.03008
G1 X115.276 Y122.479 E1225.05541
G1 X114.981 Y122.742 E1225.0817
G1 X114.624 Y122.938 E1225.10879
G1 F2105.3 X114.18 Y123.1 E1225.14463
G1 F1871.3 X113.794 Y123.1 E1225.17756
G1 F2700 E1220.17756
G0 F12000 X113.794 Y123.356
G0 X110 Y123.356
G0 X110 Y123.1
G1 F2700 E1225.17756
G1 F1871.3 X109.794 Y123.1 E1225.19514
G1 F2100.7 X109.374 Y122.937 E1225.22938
G1 F2400 X109.014 Y122.742 E1225.25661
G1 X108.746 Y122.502 E1225.28054
G1 X108.507 Y122.166 E1225.30797
G1 X108.356 Y121.786 E1225.33517
G1 F2253.5 X108.242 Y121.352 E1225.36696
G1 F2227.4 X108.341 Y120.971 E1225.39518
G1 F2376.2 X108.507 Y120.546 E1225.42583
G1 F2400 X108.715 Y120.246 E1225.45011
G1 X109.014 Y119.97 E1225.47718
G1 X109.371 Y119.778 E1225.50415
G1 F2100.7 X109.794 Y119.612 E1225.53868
G1 F1871.3 X110.18 Y119.612 E1225.57161
G1 F2105.3 X110.63 Y119.78 E1225.60804
G1 F2400 X110.942 Y119.943 E1225.63145
G1 X111.254 Y120.21 E1225.65877
G1 X111.493 Y120.546 E1225.6862
G1 F2376.2 X111.655 Y120.971 E1225.71676
G1 F2222.2 X111.754 Y121.352 E1225.74504
G1 F2243 X111.638 Y121.791 E1225.77736
G1 F2400 X111.493 Y122.166 E1225.8041
G1 X111.251 Y122.505 E1225.83181
G1 X110.942 Y122.769 E1225.85884
G1 X110.624 Y122.938 E1225.8828
G1 F2105.3 X110.18 Y123.1 E1225.91864
G1 F1875 X110 Y123.1 E1225.93396
G1 F2700 E1220.93396
G0 F12000 X110 Y123.356
G0 X106.18 Y123.356
G0 X106.18 Y123.1
G1 F2700 E1225.93396
G1 F1871.3 X105.794 Y123.1 E1225.9669
G1 F2100.7 X105.374 Y122.937 E1226.00113
G1 F2400 X105.014 Y122.742 E1226.02837
G1 X104.724 Y122.479 E1226.05441
G1 X104.502 Y122.159 E1226.08032
G1 X104.348 Y121.758 E1226.10889
G1 X104.3 Y121.374 E1226.13464
G1 X104.348 Y120.954 E1226.16276
G1 X104.503 Y120.551 E1226.19148
G1 X104.724 Y120.233 E1226.21724
G1 X105.014 Y119.97 E1226.24328
G1 X105.371 Y119.778 E1226.27025
G1 F2100.7 X105.794 Y119.612 E1226.30478
G1 F1871.3 X106.18 Y119.612 E1226.33771
G1 F2105.3 X106.63 Y119.78 E1226.37414
G1 F2400 X106.942 Y119.943 E1226.39755
G1 X107.254 Y120.21 E1226.42487
G1 X107.493 Y120.546 E1226.4523
G1 F2376.2 X107.655 Y120.971 E1226.48285
G1 F2222.2 X107.754 Y121.352 E1226.51114
G1 F2243 X107.638 Y121.791 E1226.54345
G1 F2400 X107.493 Y122.166 E1226.5702
G1 X107.251 Y122.505 E1226.59791
G1 X106.942 Y122.769 E1226.62494
G1 X106.624 Y122.938 E1226.6489
G1 F2105.3 X106.18 Y123.1 E1226.68474
G1 F2700 E1221.68474
G0 F12000 X106.18 Y123.356
G0 X107.109 Y123.751
G0 X107.461 Y124.063
G0 X107.729 Y124.45
G0 X107.895 Y124.89
G0 X107.953 Y125.357
G0 X107.895 Y125.824
G0 X107.729 Y126.265
G0 X107.461 Y126.652
G0 X107.109 Y126.964
G0 X106.18 Y127.356
G0 X106.18 Y127.1
G1 F2700 E1226.68474
G1 F1871.3 X105.794 Y127.1 E1226.71767
G1 F2100.7 X105.374 Y126.937 E1226.75191
G1 F2400 X105.014 Y126.742 E1226.77914
G1 X104.724 Y126.479 E1226.80518
G1 X104.502 Y126.159 E1226.83109
G1 X104.348 Y125.758 E1226.85967
G1 X104.3 Y125.374 E1226.88541
G1 X104.348 Y124.954 E1226.91353
G1 X104.503 Y124.551 E1226.94225
G1 X104.724 Y124.233 E1226.96801
G1 X105.014 Y123.97 E1226.99405
G1 X105.371 Y123.778 E1227.02102
G1 F2100.7 X105.794 Y123.612 E1227.05555
G1 F1871.3 X106.18 Y123.612 E1227.08848
G1 F2105.3 X106.63 Y123.78 E1227.12491
G1 F2400 X106.942 Y123.943 E1227.14832
G1 X107.254 Y124.21 E1227.17564
G1 X107.493 Y124.546 E1227.20307
G1 F2376.2 X107.655 Y124.971 E1227.23363
G1 F2222.2 X107.754 Y125.352 E1227.26191
G1 F2243 X107.638 Y125.791 E1227.29423
G1 F2400 X107.493 Y126.166 E1227.32097
G1 X107.251 Y126.505 E1227.34868
G1 X106.942 Y126.769 E1227.37571
G1 X106.624 Y126.938 E1227.39967
G1 F2105.3 X106.18 Y127.1 E1227.43551
G1 F2700 E1222.43551
G0 F12000 X106.18 Y127.356
G0 X106.692 Y127.183
G0 X107.109 Y126.964
G0 X107.461 Y126.652
G0 X107.729 Y126.265
G0 X107.895 Y125.824
G0 X107.953 Y125.357
G0 X107.953 Y121.357
G0 X107.895 Y120.89
G0 X107.729 Y120.45
G0 X107.461 Y120.063
G0 X107.109 Y119.751
G0 X106.18 Y119.356
G0 X106.18 Y119.1
G1 F2700 E1227.43551
G1 F1871.3 X105.794 Y119.1 E1227.46844
G1 F2100.7 X105.374 Y118.937 E1227.50268
G1 F2400 X105.014 Y118.742 E1227.52991
G1 X104.724 Y118.479 E1227.55596
G1 X104.502 Y118.159 E1227.58186
G1 X104.348 Y117.758 E1227.61044
G1 X104.3 Y117.374 E1227.63618
G1 X104.348 Y116.954 E1227.6643
G1 X104.503 Y116.551 E1227.69302
G1 X104.726 Y116.231 E1227.71897
G1 X105.031 Y115.957 E1227.74624
G1 X105.371 Y115.778 E1227.7718
G1 X105.781 Y115.67 E1227.80001
G1 X106.214 Y115.67 E1227.82881
G1 X106.625 Y115.778 E1227.85708
G1 X106.981 Y115.969 E1227.88395
G1 X107.254 Y116.21 E1227.90818
G1 X107.493 Y116.546 E1227.9356
G1 F2376.2 X107.655 Y116.971 E1227.96616
G1 F2222.2 X107.754 Y117.352 E1227.99444
G1 F2243 X107.638 Y117.791 E1228.02676
G1 F2400 X107.493 Y118.166 E1228.05351
G1 X107.251 Y118.505 E1228.08121
G1 X106.942 Y118.769 E1228.10825
G1 X106.624 Y118.938 E1228.1322
G1 F2105.3 X106.18 Y119.1 E1228.16804
G1 F2700 E1223.16804
G0 F12000 X106.18 Y119.356
G0 X110 Y119.356
G0 X110 Y119.1
G1 F2700 E1228.16804
G1 F1871.3 X109.794 Y119.1 E1228.18562
G1 F2100.7 X109.374 Y118.937 E1228.21986
G1 F2400 X109.014 Y118.742 E1228.24709
G1 X108.746 Y118.502 E1228.27102
G1 X108.507 Y118.166 E1228.29845
G1 X108.356 Y117.786 E1228.32565
G1 F2253.5 X108.242 Y117.352 E1228.35744
G1 F2227.4 X108.341 Y116.971 E1228.38566
G1 F2376.2 X108.507 Y116.546 E1228.41631
G1 F2400 X108.752 Y116.204 E1228.4443
G1 X109.031 Y115.957 E1228.46908
G1 X109.371 Y115.778 E1228.49464
G1 X109.781 Y115.67 E1228.52285
G1 X110.214 Y115.67 E1228.55165
G1 X110.625 Y115.778 E1228.57992
G1 X110.981 Y115.969 E1228.60679
G1 X111.254 Y116.21 E1228.63102
G1 X111.493 Y116.546 E1228.65844
G1 F2376.2 X111.655 Y116.971 E1228.689
G1 F2222.2 X111.754 Y117.352 E1228.71728
G1 F2243 X111.638 Y117.791 E1228.7496
G1 F2400 X111.493 Y118.166 E1228.77635
G1 X111.251 Y118.505 E1228.80405
G1 X110.942 Y118.769 E1228.83109
G1 X110.624 Y118.938 E1228.85504
G1 F2105.3 X110.18 Y119.1 E1228.89089
G1 F1875 X110 Y119.1 E1228.90621
G1 F2700 E1223.90621
G0 F12000 X110 Y119.356
G0 X113.794 Y119.356
G0 X113.794 Y119.1
G1 F2700 E1228.90621
G1 F2100.7 X113.374 Y118.937 E1228.94045
G1 F2400 X113.014 Y118.742 E1228.96769
G1 X112.746 Y118.502 E1228.99162
G1 X112.507 Y118.166 E1229.01905
G1 X112.356 Y117.786 E1229.04625
G1 F2253.5 X112.242 Y117.352 E1229.07803
G1 F2227.4 X112.341 Y116.971 E1229.10625
G1 F2376.2 X112.507 Y116.546 E1229.1369
G1 F2400 X112.752 Y116.204 E1229.16489
G1 X113.031 Y115.957 E1229.18968
G1 X113.371 Y115.778 E1229.21524
G1 X113.781 Y115.67 E1229.24344
G1 X114.214 Y115.67 E1229.27224
G1 X114.625 Y115.778 E1229.30051
G1 X114.981 Y115.969 E1229.32739
G1 X115.274 Y116.231 E1229.35353
G1 X115.496 Y116.551 E1229.37944
G1 X115.648 Y116.954 E1229.40809
G1 X115.696 Y117.374 E1229.43621
G1 X115.648 Y117.758 E1229.46195
G1 X115.493 Y118.166 E1229.49099
G1 X115.276 Y118.479 E1229.51632
G1 X114.981 Y118.742 E1229.54261
G1 X114.624 Y118.938 E1229.5697
G1 F2105.3 X114.18 Y119.1 E1229.60554
G1 F1871.3 X113.794 Y119.1 E1229.63847
G1 F2700 E1224.63847
G0 F12000 X113.794 Y119.356
G0 X117.859 Y118.86
G0 X117.859 Y118.548
G1 F2700 E1229.63847
G1 F2400 X117.593 Y118.482 E1229.65671
G1 X117.317 Y118.345 E1229.6772
G1 X117.082 Y118.133 E1229.69826
G1 X116.924 Y117.891 E1229.71748
G1 X116.835 Y117.651 E1229.73451
G1 X116.8 Y117.374 E1229.75308
G1 X116.835 Y117.061 E1229.77403
G1 X116.924 Y116.821 E1229.79106
G1 X117.091 Y116.569 E1229.81117
G1 X117.326 Y116.359 E1229.83213
G1 X117.562 Y116.237 E1229.84981
G1 X117.846 Y116.166 E1229.86928
G1 X118.136 Y116.164 E1229.88857
G1 X118.415 Y116.228 E1229.90761
G1 X118.662 Y116.355 E1229.92609
G1 X118.909 Y116.574 E1229.94804
G1 X119.072 Y116.821 E1229.96773
G1 X119.156 Y117.045 E1229.98364
G1 X119.196 Y117.356 E1230.0045
G1 X119.166 Y117.631 E1230.0229
G1 X119.072 Y117.891 E1230.0413
G1 X118.9 Y118.151 E1230.06203
G1 X118.657 Y118.358 E1230.08327
G1 X118.406 Y118.482 E1230.10189
G1 X118.167 Y118.543 E1230.1183
G1 X117.859 Y118.548 E1230.13879
G1 F2700 E1225.13879
G0 F12000 X117.859 Y118.86
G0 X116.714 Y120.684
G0 X116.59 Y121.01
G0 X116.547 Y121.357
G0 X116.59 Y121.705
G0 X116.714 Y122.031
G0 X116.913 Y122.321
G0 X117.126 Y122.508
G0 X117.859 Y122.86
G0 X117.859 Y122.548
G1 F2700 E1230.13879
G1 F2400 X117.593 Y122.482 E1230.15702
G1 X117.317 Y122.345 E1230.17752
G1 X117.082 Y122.133 E1230.19857
G1 X116.924 Y121.891 E1230.21779
G1 X116.835 Y121.651 E1230.23482
G1 X116.8 Y121.374 E1230.25339
G1 X116.835 Y121.061 E1230.27435
G1 X116.924 Y120.821 E1230.29137
G1 X117.091 Y120.569 E1230.31148
G1 X117.314 Y120.367 E1230.3315
G1 X117.553 Y120.241 E1230.34947
G1 X117.862 Y120.164 E1230.37065
G1 X118.167 Y120.169 E1230.39094
G1 X118.406 Y120.226 E1230.40729
G1 X118.701 Y120.382 E1230.42949
G1 X118.897 Y120.558 E1230.44701
G1 X119.061 Y120.797 E1230.46629
G1 X119.156 Y121.045 E1230.48396
G1 X119.196 Y121.356 E1230.50482
G1 X119.166 Y121.631 E1230.52322
G1 X119.072 Y121.891 E1230.54161
G1 X118.9 Y122.151 E1230.56235
G1 X118.657 Y122.358 E1230.58358
G1 X118.406 Y122.482 E1230.6022
G1 X118.167 Y122.543 E1230.61861
G1 X117.859 Y122.548 E1230.6391
G1 F2700 E1225.6391
G0 F12000 X117.859 Y122.86
G0 X116.714 Y124.684
G0 X116.59 Y125.01
G0 X116.547 Y125.357
G0 X116.59 Y125.705
G0 X116.714 Y126.031
G0 X116.913 Y126.321
G0 X117.126 Y126.508
G0 X117.859 Y126.86
G0 X117.859 Y126.548
G1 F2700 E1230.6391
G1 F2400 X117.593 Y126.482 E1230.65733
G1 X117.317 Y126.345 E1230.67783
G1 X117.082 Y126.133 E1230.69888
G1 X116.924 Y125.891 E1230.71811
G1 X116.835 Y125.651 E1230.73514
G1 X116.8 Y125.374 E1230.75371
G1 X116.835 Y125.061 E1230.77466
G1 X116.924 Y124.821 E1230.79169
G1 X117.091 Y124.569 E1230.8118
G1 X117.314 Y124.367 E1230.83181
G1 X117.553 Y124.241 E1230.84978
G1 X117.862 Y124.164 E1230.87097
G1 X118.167 Y124.169 E1230.89126
G1 X118.406 Y124.226 E1230.9076
G1 X118.701 Y124.382 E1230.9298
G1 X118.897 Y124.558 E1230.94732
G1 X119.061 Y124.797 E1230.96661
G1 X119.156 Y125.045 E1230.98427
G1 X119.196 Y125.356 E1231.00513
G1 X119.166 Y125.631 E1231.02353
G1 X119.072 Y125.891 E1231.04192
G1 X118.9 Y126.151 E1231.06266
G1 X118.657 Y126.358 E1231.08389
G1 X118.406 Y126.482 E1231.10252
G1 X118.167 Y126.543 E1231.11892
G1 X117.859 Y126.548 E1231.13942
G1 F2700 E1226.13942
G0 F12000 X117.859 Y126.86
G0 X116.714 Y128.684
G0 X116.59 Y129.01
G0 X116.547 Y129.357
G0 X116.59 Y129.705
G0 X116.714 Y130.031
G0 X116.913 Y130.321
G0 X117.768 Y130.847
G0 X117.843 Y130.546
G1 F2700 E1231.13942
G1 F2400 X117.553 Y130.467 E1231.15941
G1 X117.321 Y130.347 E1231.17678
G1 X117.082 Y130.133 E1231.19812
G1 X116.924 Y129.891 E1231.21735
G1 X116.835 Y129.651 E1231.23438
G1 X116.8 Y129.374 E1231.25295
G1 X116.835 Y129.061 E1231.2739
G1 X116.924 Y128.821 E1231.29093
G1 X117.091 Y128.569 E1231.31104
G1 X117.314 Y128.367 E1231.33105
G1 X117.553 Y128.241 E1231.34902
G1 X117.862 Y128.164 E1231.37021
G1 X118.167 Y128.169 E1231.3905
G1 X118.406 Y128.226 E1231.40684
G1 X118.701 Y128.382 E1231.42904
G1 X118.897 Y128.558 E1231.44656
G1 X119.061 Y128.797 E1231.46585
G1 X119.156 Y129.045 E1231.48351
G1 X119.196 Y129.356 E1231.50437
G1 X119.166 Y129.631 E1231.52277
G1 X119.072 Y129.891 E1231.54116
G1 X118.9 Y130.154 E1231.56207
G1 X118.657 Y130.358 E1231.58317
G1 X118.406 Y130.482 E1231.6018
G1 X118.136 Y130.548 E1231.62028
G1 X117.843 Y130.546 E1231.63978
G1 F2700 E1226.63978
G0 F12000 X117.768 Y130.847
G0 X116.355 Y131.326
G0 X115.971 Y131.697
G0 X115.286 Y134.031
G0 X113.707 Y135.925
G0 X113.707 Y141.756
G0 X110 Y143.156
G1 F2700 E1231.63978
G1 F2400 X124.8 Y143.156 E1232.62428
G1 X124.8 Y78.556 E1236.92148
G1 X95.2 Y78.556 E1238.89048
G1 X95.2 Y143.156 E1243.18769
G1 X110 Y143.156 E1244.17219
G1 F2700 E1239.17219
G0 F12000 X110 Y142.847
G0 X110 Y141.756
G0 X109.974 Y138.941
G0 X110 Y114.548
G1 F2700 E1244.17219
G1 F2400 X109.86 Y114.548 E1244.18151
G1 X109.553 Y114.467 E1244.20263
G1 X109.3 Y114.331 E1244.22173
G1 X109.091 Y114.145 E1244.24035
G1 X108.924 Y113.891 E1244.26057
G1 X108.84 Y113.667 E1244.27648
G1 X108.8 Y113.374 E1244.29615
G1 X108.84 Y113.045 E1244.3182
G1 X108.924 Y112.821 E1244.33411
G1 X109.099 Y112.558 E1244.35513
G1 X109.297 Y112.38 E1244.37284
G1 F2341.5 X109.595 Y112.216 E1244.39603
G1 F2064.5 X109.857 Y112.11 E1244.41788
G1 F1886.1 X110.12 Y112.11 E1244.44015
G1 F2114.5 X110.45 Y112.243 E1244.46701
G1 F2400 X110.701 Y112.382 E1244.4861
G1 X110.897 Y112.558 E1244.50362
G1 X111.072 Y112.821 E1244.52463
G1 X111.167 Y113.092 E1244.54373
G1 X111.196 Y113.374 E1244.56259
G1 X111.156 Y113.667 E1244.58226
G1 X111.05 Y113.933 E1244.60131
G1 X110.905 Y114.145 E1244.6184
G1 X110.657 Y114.358 E1244.64014
G1 X110.445 Y114.468 E1244.65603
G1 X110.136 Y114.548 E1244.67726
G1 X110 Y114.548 E1244.68631
G1 F2700 E1239.68631
G0 F12000 X110 Y114.86
G0 X109.484 Y114.715
G0 X109.176 Y114.552
G0 X108.913 Y114.321
G0 X108.714 Y114.031
G0 X108.59 Y113.705
G0 X108.547 Y113.357
G0 X108.59 Y113.01
G0 X108.714 Y112.684
G0 X108.911 Y112.395
G0 X109.175 Y112.162
G0 X110 Y111.86
G0 X110 Y111.602
G1 F2700 E1244.68631
G1 F1882.4 X109.855 Y111.602 E1244.69861
G1 F2069 X109.592 Y111.49 E1244.72067
G1 F2352.9 X109.3 Y111.331 E1244.74322
G1 F2400 X109.096 Y111.151 E1244.76132
G1 X108.935 Y110.915 E1244.78033
G1 X108.834 Y110.646 E1244.79944
G1 X108.801 Y110.38 E1244.81727
G1 X108.831 Y110.078 E1244.83746
G1 X108.93 Y109.807 E1244.85665
G1 X109.09 Y109.569 E1244.87573
G1 X109.308 Y109.371 E1244.89532
G1 X109.58 Y109.23 E1244.9157
G1 X109.864 Y109.164 E1244.93509
G1 X110.136 Y109.164 E1244.95319
G1 X110.42 Y109.23 E1244.97258
G1 X110.675 Y109.362 E1244.99168
G1 X110.892 Y109.552 E1245.01087
G1 X111.056 Y109.788 E1245.02998
G1 X111.165 Y110.077 E1245.05053
G1 X111.196 Y110.353 E1245.06901
G1 X111.163 Y110.644 E1245.08849
G1 X111.061 Y110.915 E1245.10775
G1 X110.9 Y111.151 E1245.12675
G1 F2248.2 X110.609 Y111.399 E1245.1539
G1 F1995.8 X110.12 Y111.602 E1245.19626
G1 F1889.8 X110 Y111.602 E1245.20639
G1 F2700 E1240.20639
G0 F12000 X110 Y111.86
G0 X110.515 Y111.999
G0 X110.825 Y112.162
G0 X113.176 Y114.552
G0 X113.86 Y114.86
G0 X113.86 Y114.548
G1 F2700 E1245.20639
G1 F2400 X113.553 Y114.467 E1245.22751
G1 X113.3 Y114.331 E1245.24662
G1 X113.091 Y114.145 E1245.26523
G1 X112.924 Y113.891 E1245.28545
G1 X112.84 Y113.667 E1245.30137
G1 X112.8 Y113.374 E1245.32104
G1 X112.84 Y113.045 E1245.34308
G1 X112.924 Y112.821 E1245.359
G1 X113.104 Y112.553 E1245.38047
G1 X113.315 Y112.366 E1245.39923
G1 X113.597 Y112.225 E1245.4202
G1 X113.852 Y112.165 E1245.43763
G1 X114.139 Y112.164 E1245.45672
G1 X114.426 Y112.232 E1245.47634
G1 X114.682 Y112.367 E1245.49559
G1 X114.894 Y112.555 E1245.51444
G1 X115.062 Y112.799 E1245.53414
G1 X115.162 Y113.064 E1245.55299
G1 X115.196 Y113.348 E1245.57201
G1 X115.165 Y113.633 E1245.59108
G1 X115.067 Y113.902 E1245.61013
G1 X114.88 Y114.172 E1245.63197
G1 X114.657 Y114.358 E1245.65129
G1 X114.445 Y114.468 E1245.66718
G1 X114.136 Y114.548 E1245.68841
G1 X113.86 Y114.548 E1245.70677
G1 F2700 E1240.70677
G0 F12000 X113.86 Y114.86
G0 X106.136 Y114.86
G0 X106.136 Y114.548
G1 F2700 E1245.70677
G1 F2400 X105.86 Y114.548 E1245.72513
G1 X105.553 Y114.467 E1245.74625
G1 X105.3 Y114.331 E1245.76536
G1 X105.101 Y114.156 E1245.78299
G1 X104.941 Y113.925 E1245.80168
G1 X104.831 Y113.633 E1245.82243
G1 X104.8 Y113.348 E1245.8415
G1 X104.83 Y113.083 E1245.85925
G1 X104.934 Y112.799 E1245.87936
G1 X105.102 Y112.555 E1245.89907
G1 X105.315 Y112.366 E1245.91801
G1 X105.591 Y112.226 E1245.9386
G1 X105.845 Y112.166 E1245.95596
G1 X106.148 Y112.165 E1245.97612
G1 X106.403 Y112.225 E1245.99354
G1 X106.681 Y112.366 E1246.01428
G1 X106.892 Y112.553 E1246.03303
G1 X107.072 Y112.821 E1246.05451
G1 X107.167 Y113.092 E1246.07361
G1 X107.196 Y113.374 E1246.09247
G1 X107.156 Y113.667 E1246.11214
G1 X107.05 Y113.933 E1246.13119
G1 X106.905 Y114.145 E1246.14827
G1 X106.657 Y114.358 E1246.17002
G1 X106.445 Y114.468 E1246.18591
G1 X106.136 Y114.548 E1246.20714
G1 F2700 E1241.20714
G0 F12000 X106.136 Y114.86
G0 X106.824 Y114.552
G0 X107.087 Y114.321
G0 X107.286 Y114.031
G0 X107.41 Y113.705
G0 X107.597 Y111.298
G0 X107.49 Y109.712
G0 X107.485 Y91.053
G0 X110.277 Y89.655
G1 F2700 E1246.20714
G1 F2400 X98.956 Y89.652 E1246.96021
G1 X98.855 Y89.594 E1246.96796
G1 X98.802 Y89.491 E1246.97567
G1 F2376.2 X98.796 Y86.01 E1247.20954
G1 F2038.2 X98.733 Y85.642 E1247.23878
G1 F1983.5 X98.588 Y85.897 E1247.26239
G1 F2302.2 X98.38 Y86.172 E1247.28631
G1 F2400 X98.157 Y86.358 E1247.30562
G1 X97.906 Y86.482 E1247.32425
G1 X97.62 Y86.548 E1247.34377
G1 X97.338 Y86.545 E1247.36253
G1 X97.053 Y86.467 E1247.38219
G1 X96.841 Y86.359 E1247.39801
G1 X96.596 Y86.154 E1247.41926
G1 X96.424 Y85.891 E1247.44017
G1 X96.34 Y85.667 E1247.45608
G1 X96.301 Y85.38 E1247.47535
G1 X96.34 Y85.045 E1247.49778
G1 X96.424 Y84.821 E1247.5137
G1 X96.587 Y84.574 E1247.53338
G1 X96.835 Y84.354 E1247.55543
G1 X97.051 Y84.242 E1247.57162
G1 X97.342 Y84.167 E1247.59161
G1 X97.667 Y84.169 E1247.61323
G1 X97.903 Y84.225 E1247.62936
G1 X98.162 Y84.354 E1247.64861
G1 X98.41 Y84.574 E1247.67066
G1 F2313.3 X98.585 Y84.816 E1247.69127
G1 F1991.7 X98.733 Y85.085 E1247.71588
G1 F2051.3 X98.799 Y84.701 E1247.74621
G1 F2388.1 X98.8 Y81.197 E1247.98046
G1 F2400 X98.88 Y81.095 E1247.98908
G1 X98.965 Y81.059 E1247.99522
G1 X115.077 Y81.056 E1249.067
G1 X115.2 Y81.215 E1249.08037
G1 F2388.1 X115.201 Y84.702 E1249.31349
G1 F2060.1 X115.265 Y85.085 E1249.34358
G1 F2000 X115.411 Y84.816 E1249.36801
G1 F2318.8 X115.586 Y84.574 E1249.38857
G1 F2400 X115.835 Y84.354 E1249.41068
G1 X116.051 Y84.242 E1249.42686
G1 X116.333 Y84.169 E1249.44624
G1 X116.667 Y84.169 E1249.46846
G1 X116.94 Y84.238 E1249.48719
G1 X117.201 Y84.382 E1249.50702
G1 X117.409 Y84.574 E1249.52585
G1 X117.572 Y84.821 E1249.54553
G1 X117.656 Y85.045 E1249.56144
G1 X117.696 Y85.356 E1249.5823
G1 X117.666 Y85.631 E1249.6007
G1 X117.572 Y85.891 E1249.6191
G1 X117.414 Y86.133 E1249.63832
G1 X117.18 Y86.344 E1249.65928
G1 X116.949 Y86.466 E1249.67666
G1 X116.67 Y86.542 E1249.69589
G1 X116.349 Y86.549 E1249.71725
G1 X116.053 Y86.467 E1249.73768
G1 X115.841 Y86.359 E1249.75351
G1 X115.616 Y86.172 E1249.77297
G1 F2318.8 X115.411 Y85.896 E1249.79664
G1 F2004.2 X115.265 Y85.627 E1249.82102
G1 F2060.1 X115.201 Y86.008 E1249.85096
G1 F2388.1 X115.198 Y89.491 E1250.08381
G1 F2400 X115.081 Y89.656 E1250.09727
G1 X110.277 Y89.655 E1250.41683
G1 F2700 E1245.41683
G0 F12000 X110.277 Y89.967
G0 X115.265 Y89.867
G0 X114.347 Y88.804
G0 X114.335 Y85.627
G0 X115.265 Y85.627
G1 F2700 E1250.41683
G1 F1864.1 X115.25 Y85.356 E1250.44007
G1 X115.265 Y85.085 E1250.46332
G1 F2700 E1245.46332
G0 F12000 X114.335 Y85.085
G0 X99.665 Y85.085
G0 X98.733 Y85.085
G1 F2700 E1250.46332
G1 F1849.7 X98.748 Y85.356 E1250.48675
G1 X98.733 Y85.642 E1250.51146
G1 F2700 E1245.51146
G0 F12000 X99.665 Y85.642
G0 X114.335 Y84.194
G0 X115.697 Y84.194
G0 X115.846 Y79.942
G0 X121.628 Y79.928
G0 X121.7 Y84.25
G0 X121.481 Y84.25
;TYPE:FILL
G1 F2700 E1250.51146
G1 F4800 X123.52 Y83.704 E1250.65188
G0 F12000 X121.855 Y84.656
G0 X121.855 Y84.878
G1 F4800 X123.206 Y79.835 E1250.99917
G1 X123.206 Y79.836
G1 X123.52 Y80.15 E1251.02871
G1 F2700 E1246.02871
G0 F12000 X123.428 Y136.985
G0 X121.7 Y137.507
G0 X121.48 Y137.507
G1 F2700 E1251.02871
G1 F4800 X123.52 Y139.547 E1251.22062
G1 X123.519 Y139.609
G1 X121.48 Y140.155 E1251.36103
G0 F12000 X121.7 Y140.155
G0 X121.628 Y141.784
G0 X110 Y141.856
G0 X110 Y141.596
;TYPE:SKIN
G1 F2400 X96.76 Y141.596 E1252.24176
G1 X96.76 Y90.201 E1255.66057
G1 F2258.8 X96.786 Y89.757 E1255.692
G1 F2157.3 X96.78 Y88.03 E1255.81981
G1 F2181.8 X97.038 Y88.093 E1255.83924
G1 X97.22 Y88.11 E1255.85262
G1 X97.22 Y89.452 E1255.95082
G1 F2157.3 X97.235 Y89.741 E1255.97223
G1 F2258.8 X97.392 Y90.161 E1256.00392
G1 F2400 X97.722 Y90.669 E1256.04422
G1 X98.167 Y91.01 E1256.08151
G1 X98.582 Y91.164 E1256.11096
G1 X98.981 Y91.215 E1256.13771
G1 X115.153 Y91.208 E1257.21348
G1 X115.489 Y91.148 E1257.23618
G1 X115.869 Y90.986 E1257.26366
G1 X116.256 Y90.682 E1257.2964
G1 X116.536 Y90.314 E1257.32716
G1 X116.66 Y90.04 E1257.34717
G1 X116.759 Y89.665 E1257.37297
G1 X116.76 Y88.09 E1257.47773
G1 X117.191 Y88.032 E1257.50666
G1 X117.647 Y87.86 E1257.53908
G1 X118.073 Y87.619 E1257.57164
G1 X118.4 Y87.351 E1257.59976
G1 X118.766 Y86.941 E1257.63632
G1 X119.066 Y86.377 E1257.67882
G1 X119.203 Y85.889 E1257.71254
G1 X119.26 Y85.389 E1257.74601
G1 X119.214 Y84.899 E1257.77875
G1 X119.091 Y84.392 E1257.81345
G1 X118.79 Y83.806 E1257.85728
G1 X118.351 Y83.299 E1257.90189
G1 X117.907 Y82.983 E1257.93814
G1 X117.569 Y82.81 E1257.9634
G1 X117.149 Y82.666 E1257.99293
G1 X116.76 Y82.62 E1258.01899
G1 X116.758 Y81.231 E1258.11139
G1 X116.689 Y80.754 E1258.14345
G1 X116.423 Y80.226 E1258.18277
G1 X116.316 Y80.113 E1258.19313
G1 X121.44 Y80.116 E1258.53398
G1 X121.44 Y84.731 E1258.84097
G1 X121.522 Y84.878 E1258.85216
G1 X121.594 Y84.911 E1258.85743
G1 X123.24 Y84.916 E1258.96693
G1 X123.24 Y136.796 E1262.418
G1 X121.581 Y136.796 E1262.52835
G1 X121.487 Y136.866 E1262.53615
G1 X121.44 Y136.981 E1262.54441
G1 X121.44 Y141.596 E1262.85141
G1 X110 Y141.596 E1263.6124
G1 F2700 E1258.6124
G0 F12000 X110 Y141.856
G0 X109.974 Y138.941
G0 X110 Y139.115
G1 F2700 E1263.6124
G1 F2400 X110.423 Y139.082 E1263.64062
G1 X110.792 Y138.991 E1263.6659
G1 X111.251 Y138.82 E1263.69849
G1 X111.809 Y138.446 E1263.74317
G1 X112.191 Y138.02 E1263.78123
G1 X112.468 Y137.588 E1263.81537
G1 X112.671 Y137.064 E1263.85275
G1 X112.76 Y136.384 E1263.89837
G1 X112.699 Y135.782 E1263.93862
G1 X113.061 Y135.957 E1263.96537
G1 X113.663 Y136.099 E1264.00651
G1 X114.302 Y136.106 E1264.04902
G1 X114.812 Y135.987 E1264.08386
G1 X115.302 Y135.793 E1264.11891
G1 X115.799 Y135.452 E1264.15901
G1 X116.112 Y135.132 E1264.18878
G1 X116.451 Y134.647 E1264.22814
G1 X116.676 Y134.046 E1264.27083
G1 X116.743 Y133.57 E1264.30281
G1 X116.751 Y133.268 E1264.32291
G1 X116.672 Y132.649 E1264.36442
G1 X116.468 Y132.105 E1264.40306
G1 X116.216 Y131.721 E1264.43362
G1 X116.368 Y131.575 E1264.44764
G1 X116.507 Y131.681 E1264.45926
G1 X117.038 Y131.947 E1264.49877
G1 X117.634 Y132.098 E1264.53967
G1 X118.334 Y132.104 E1264.58624
G1 X118.88 Y131.966 E1264.6237
G1 X119.284 Y131.8 E1264.65275
G1 X119.838 Y131.422 E1264.69736
G1 X120.262 Y130.946 E1264.73977
G1 X120.574 Y130.361 E1264.78387
G1 X120.702 Y129.895 E1264.81602
G1 X120.759 Y129.442 E1264.84639
G1 X120.716 Y128.913 E1264.88169
G1 X120.61 Y128.48 E1264.91135
G1 X120.437 Y128.057 E1264.94175
G1 X120.139 Y127.605 E1264.97776
G1 X119.884 Y127.355 E1265.00152
G1 X120.109 Y127.147 E1265.0219
G1 X120.433 Y126.65 E1265.06137
G1 X120.613 Y126.217 E1265.09256
G1 X120.702 Y125.895 E1265.11478
G1 X120.759 Y125.442 E1265.14515
G1 X120.716 Y124.913 E1265.18046
G1 X120.61 Y124.48 E1265.21011
G1 X120.437 Y124.057 E1265.24051
G1 X120.139 Y123.605 E1265.27653
G1 X119.884 Y123.355 E1265.30028
G1 X120.109 Y123.147 E1265.32066
G1 X120.433 Y122.65 E1265.36013
G1 X120.613 Y122.217 E1265.39132
G1 X120.702 Y121.895 E1265.41354
G1 X120.759 Y121.442 E1265.44392
G1 X120.716 Y120.913 E1265.47922
G1 X120.61 Y120.48 E1265.50887
G1 X120.437 Y120.057 E1265.53927
G1 X120.139 Y119.605 E1265.57529
G1 X119.884 Y119.355 E1265.59904
G1 X120.109 Y119.147 E1265.61943
G1 X120.433 Y118.65 E1265.65889
G1 X120.613 Y118.217 E1265.69008
G1 X120.702 Y117.895 E1265.71231
G1 X120.759 Y117.442 E1265.74268
G1 X120.716 Y116.913 E1265.77798
G1 X120.595 Y116.408 E1265.81253
G1 X120.263 Y115.763 E1265.86078
G1 X119.855 Y115.299 E1265.90188
G1 X119.28 Y114.902 E1265.94836
G1 X118.888 Y114.742 E1265.97653
G1 X118.364 Y114.613 E1266.01243
G1 X117.646 Y114.613 E1266.06019
G1 X117 Y114.769 E1266.10439
G1 X116.484 Y115.038 E1266.1431
G1 X116.367 Y115.131 E1266.15305
G1 X116.219 Y114.987 E1266.16678
G1 X116.464 Y114.61 E1266.19669
G1 X116.68 Y114.03 E1266.23786
G1 X116.763 Y113.414 E1266.27921
G1 X116.687 Y112.714 E1266.32604
G1 X116.493 Y112.161 E1266.36503
G1 X116.344 Y111.905 E1266.38473
G1 X116.044 Y111.496 E1266.41847
G1 X115.652 Y111.136 E1266.45388
G1 X115.001 Y110.764 E1266.50375
G1 X114.328 Y110.603 E1266.54978
G1 X113.669 Y110.612 E1266.59363
G1 X113.114 Y110.732 E1266.6314
G1 X112.685 Y110.937 E1266.66303
G1 X112.742 Y110.562 E1266.68826
G1 X112.759 Y110.249 E1266.70911
G1 X112.683 Y109.689 E1266.7467
G1 X112.45 Y109.071 E1266.79064
G1 X112.06 Y108.497 E1266.8368
G1 X111.583 Y108.084 E1266.87877
G1 X110.985 Y107.766 E1266.92382
G1 X110.324 Y107.609 E1266.96902
G1 X109.672 Y107.609 E1267.01239
G1 X108.993 Y107.773 E1267.05885
G1 X108.455 Y108.054 E1267.09923
G1 X108.089 Y108.364 E1267.13113
G1 X107.843 Y108.633 E1267.15538
G1 X107.543 Y109.069 E1267.19059
G1 X107.321 Y109.639 E1267.23128
G1 X107.233 Y110.253 E1267.27254
G1 X107.288 Y110.909 E1267.31633
G1 X106.904 Y110.74 E1267.34424
G1 X106.335 Y110.612 E1267.38303
G1 X105.674 Y110.602 E1267.42701
G1 X104.989 Y110.773 E1267.47397
G1 X104.363 Y111.117 E1267.52149
G1 X103.895 Y111.549 E1267.56386
G1 X103.523 Y112.115 E1267.60891
G1 X103.301 Y112.733 E1267.65259
G1 X103.233 Y113.338 E1267.69309
G1 X103.312 Y114.034 E1267.73968
G1 X103.551 Y114.659 E1267.7842
G1 X103.778 Y114.986 E1267.81068
G1 X103.63 Y115.13 E1267.82441
G1 X103.496 Y115.03 E1267.83553
G1 X102.996 Y114.773 E1267.87293
G1 X102.356 Y114.613 E1267.91681
G1 X101.68 Y114.607 E1267.96178
G1 X101.14 Y114.733 E1267.99867
G1 X100.682 Y114.919 E1268.03155
G1 X100.141 Y115.299 E1268.07553
G1 X99.729 Y115.767 E1268.11701
G1 X99.397 Y116.397 E1268.16438
G1 X99.276 Y116.913 E1268.19963
G1 X99.233 Y117.442 E1268.23494
G1 X99.29 Y117.891 E1268.26505
G1 X99.402 Y118.312 E1268.29402
G1 X99.597 Y118.723 E1268.32429
G1 X99.854 Y119.104 E1268.35486
G1 X100.095 Y119.353 E1268.37791
G1 X99.877 Y119.575 E1268.3986
G1 X99.597 Y119.985 E1268.43163
G1 X99.397 Y120.415 E1268.46318
G1 X99.281 Y120.883 E1268.49525
G1 X99.232 Y121.397 E1268.5296
G1 X99.29 Y121.891 E1268.56268
G1 X99.402 Y122.312 E1268.59166
G1 X99.597 Y122.723 E1268.62192
G1 X99.854 Y123.104 E1268.6525
G1 X100.095 Y123.353 E1268.67555
G1 X99.877 Y123.575 E1268.69624
G1 X99.597 Y123.985 E1268.72927
G1 X99.397 Y124.415 E1268.76082
G1 X99.281 Y124.883 E1268.79289
G1 X99.232 Y125.397 E1268.82724
G1 X99.29 Y125.891 E1268.86032
G1 X99.402 Y126.312 E1268.8893
G1 X99.597 Y126.723 E1268.91956
G1 X99.854 Y127.104 E1268.95013
G1 X100.095 Y127.353 E1268.97319
G1 X99.877 Y127.575 E1268.99388
G1 X99.597 Y127.985 E1269.02691
G1 X99.397 Y128.415 E1269.05846
G1 X99.281 Y128.883 E1269.09053
G1 X99.232 Y129.397 E1269.12488
G1 X99.29 Y129.891 E1269.15796
G1 X99.406 Y130.325 E1269.18785
G1 X99.698 Y130.897 E1269.23057
G1 X100.158 Y131.422 E1269.277
G1 X100.691 Y131.79 E1269.32008
G1 X101.125 Y131.968 E1269.35129
G1 X101.687 Y132.106 E1269.38978
G1 X102.36 Y132.095 E1269.43456
G1 X102.948 Y131.951 E1269.47483
G1 X103.478 Y131.692 E1269.51407
G1 X103.628 Y131.575 E1269.52672
G1 X103.779 Y131.72 E1269.54065
G1 X103.55 Y132.055 E1269.56764
G1 X103.309 Y132.703 E1269.61363
G1 X103.232 Y133.369 E1269.65823
G1 X103.279 Y133.812 E1269.68786
G1 X103.34 Y134.092 E1269.70692
G1 X103.536 Y134.642 E1269.74576
G1 X103.859 Y135.106 E1269.78337
G1 X104.104 Y135.359 E1269.8068
G1 X104.424 Y135.623 E1269.83439
G1 X104.835 Y135.852 E1269.86569
G1 X105.181 Y135.984 E1269.89032
G1 X105.645 Y136.099 E1269.92212
G1 X106.33 Y136.099 E1269.96769
G1 X106.882 Y135.972 E1270.00537
G1 X107.289 Y135.798 E1270.03481
G1 X107.232 Y136.393 E1270.07457
G1 X107.321 Y137.061 E1270.1194
G1 X107.528 Y137.589 E1270.15713
G1 X107.782 Y137.998 E1270.18915
G1 X108.187 Y138.45 E1270.22952
G1 X108.699 Y138.798 E1270.27071
G1 X109.296 Y139.031 E1270.31334
G1 X109.947 Y139.119 E1270.35703
G1 X110 Y139.115 E1270.36057
G1 F2700 E1265.36057
G0 F12000 X109.977 Y138.86
G0 X108.287 Y138.3
G0 X108.287 Y141.756
G0 X97.272 Y141.856
G0 X97.272 Y141.396
G1 F2700 E1270.36057
G1 F2400 X96.96 Y141.083 E1270.38997
G0 F12000 X96.96 Y140.518
G1 F2400 X97.838 Y141.396 E1270.47256
G0 F12000 X98.404 Y141.396
G1 F2400 X96.96 Y139.952 E1270.60841
G0 F12000 X96.96 Y139.386
G1 F2400 X98.969 Y141.396 E1270.79745
G0 F12000 X99.535 Y141.396
G1 F2400 X96.96 Y138.821 E1271.03969
G0 F12000 X96.96 Y138.255
G1 F2400 X100.101 Y141.396 E1271.33518
G0 F12000 X100.667 Y141.396
G1 F2400 X96.96 Y137.689 E1271.68391
G0 F12000 X96.96 Y137.124
G1 F2400 X101.232 Y141.396 E1272.08579
G0 F12000 X101.798 Y141.396
G1 F2400 X96.96 Y136.558 E1272.54092
G0 F12000 X96.96 Y135.992
G1 F2400 X102.364 Y141.396 E1273.0493
G0 F12000 X102.929 Y141.396
G1 F2400 X96.96 Y135.427 E1273.61082
G0 F12000 X96.96 Y134.861
G1 F2400 X103.495 Y141.396 E1274.22559
G0 F12000 X104.061 Y141.396
G1 F2400 X96.96 Y134.295 E1274.89361
G0 F12000 X96.96 Y133.729
G1 F2400 X104.626 Y141.396 E1275.61483
G0 F12000 X105.192 Y141.396
G1 F2400 X96.96 Y133.164 E1276.38925
G0 F12000 X96.96 Y132.598
G1 F2400 X105.758 Y141.396 E1277.21691
G0 F12000 X106.323 Y141.396
G1 F2400 X96.96 Y132.032 E1278.09777
G0 F12000 X96.96 Y131.467
G1 F2400 X106.889 Y141.396 E1279.03183
G0 F12000 X107.455 Y141.396
G1 F2400 X96.96 Y130.901 E1280.01913
G0 F12000 X96.96 Y130.335
G1 F2400 X108.02 Y141.396 E1281.05964
G0 F12000 X108.586 Y141.396
G1 F2400 X96.96 Y129.77 E1282.15334
G0 F12000 X96.96 Y129.204
G1 F2400 X109.152 Y141.396 E1283.30029
G0 F12000 X109.718 Y141.396
G1 F2400 X96.96 Y128.638 E1284.50048
G0 F12000 X96.96 Y128.073
G1 F2400 X99.195 Y130.308 E1284.71074
G0 F12000 X99.052 Y129.599
G1 F2400 X96.96 Y127.507 E1284.90754
G0 F12000 X96.96 Y126.941
G1 F2400 X99.066 Y129.048 E1285.10571
G0 F12000 X99.153 Y128.569
G1 F2400 X96.96 Y126.376 E1285.31201
G0 F12000 X96.96 Y125.81
G1 F2400 X99.298 Y128.148 E1285.53196
G0 F12000 X99.497 Y127.781
G1 F2400 X96.96 Y125.244 E1285.77062
G0 F12000 X96.96 Y124.678
G1 F2400 X99.73 Y127.448 E1286.03121
G0 F12000 X100.072 Y127.752
G0 X100.362 Y127.355
G0 X99.652 Y126.236
G0 X99.208 Y126.361
G1 F2400 X96.96 Y124.113 E1286.24268
G0 F12000 X96.96 Y123.547
G1 F2400 X99.058 Y125.645 E1286.44005
G0 F12000 X99.063 Y125.084
G1 F2400 X96.96 Y122.981 E1286.63789
G0 F12000 X96.96 Y122.416
G1 F2400 X99.145 Y124.601 E1286.84344
G0 F12000 X99.285 Y124.175
G1 F2400 X96.96 Y121.85 E1287.06216
G0 F12000 X96.96 Y121.284
G1 F2400 X99.481 Y123.805 E1287.29932
G0 F12000 X99.71 Y123.469
G1 F2400 X96.96 Y120.719 E1287.55803
G0 F12000 X96.96 Y120.153
G1 F2400 X99.227 Y122.42 E1287.77129
G0 F12000 X99.064 Y121.691
G1 F2400 X96.96 Y119.587 E1287.96922
G0 F12000 X96.96 Y119.022
G1 F2400 X99.059 Y121.12 E1288.16664
G0 F12000 X99.137 Y120.633
G1 F2400 X96.96 Y118.456 E1288.37144
G0 F12000 X96.96 Y117.89
G1 F2400 X99.272 Y120.202 E1288.58893
G0 F12000 X99.465 Y119.83
G1 F2400 X96.96 Y117.325 E1288.82459
G0 F12000 X96.96 Y116.759
G1 F2400 X99.691 Y119.49 E1289.0815
G0 F12000 X100.072 Y119.752
G0 X100.362 Y119.355
G0 X99.684 Y118.3
G0 X99.266 Y118.5
G1 F2400 X96.96 Y116.193 E1289.29849
G0 F12000 X96.96 Y115.628
G1 F2400 X99.07 Y117.738 E1289.49698
G0 F12000 X99.056 Y117.158
G1 F2400 X96.96 Y115.062 E1289.69416
G0 F12000 X96.96 Y114.496
G1 F2400 X99.128 Y116.664 E1289.89811
G0 F12000 X99.255 Y116.226
G1 F2400 X96.96 Y113.93 E1290.11406
G0 F12000 X96.96 Y113.365
G1 F2400 X99.45 Y115.855 E1290.3483
G0 F12000 X99.681 Y115.52
G1 F2400 X96.96 Y112.799 E1290.60428
G0 F12000 X96.96 Y112.233
G1 F2400 X99.946 Y115.22 E1290.88523
G0 F12000 X100.259 Y114.967
G1 F2400 X96.96 Y111.668 E1291.19558
G0 F12000 X96.96 Y111.102
G1 F2400 X100.593 Y114.735 E1291.53735
G0 F12000 X100.999 Y114.575
G1 F2400 X96.96 Y110.536 E1291.91731
G0 F12000 X96.96 Y109.971
G1 F2400 X101.442 Y114.453 E1292.33895
G0 F12000 X101.962 Y114.407
G1 F2400 X96.96 Y109.405 E1292.80951
G0 F12000 X96.96 Y108.839
G1 F2400 X102.584 Y114.463 E1293.33858
G0 F12000 X103.323 Y114.637
G1 F2400 X96.96 Y108.274 E1293.93717
G0 F12000 X96.96 Y107.708
G1 F2400 X103.081 Y113.829 E1294.513
G0 F12000 X103.044 Y113.226
G1 F2400 X96.96 Y107.142 E1295.08535
G0 F12000 X96.96 Y106.577
G1 F2400 X103.098 Y112.715 E1295.66277
G0 F12000 X103.244 Y112.295
G1 F2400 X96.96 Y106.011 E1296.25393
G0 F12000 X96.96 Y105.445
G1 F2400 X103.421 Y111.907 E1296.86179
G0 F12000 X103.643 Y111.562
G1 F2400 X96.96 Y104.879 E1297.49049
G0 F12000 X96.96 Y104.314
G1 F2400 X103.909 Y111.263 E1298.14421
G0 F12000 X104.202 Y110.99
G1 F2400 X96.96 Y103.748 E1298.82549
G0 F12000 X96.96 Y103.182
G1 F2400 X104.556 Y110.779 E1299.54012
G0 F12000 X104.925 Y110.582
G1 F2400 X96.96 Y102.617 E1300.28942
G0 F12000 X96.96 Y102.051
G1 F2400 X105.379 Y110.47 E1301.08143
G0 F12000 X105.881 Y110.406
G1 F2400 X96.96 Y101.485 E1301.92066
G0 F12000 X96.96 Y100.92
G1 F2400 X106.477 Y110.437 E1302.81596
G0 F12000 X107.045 Y110.439
G1 F2400 X96.96 Y100.354 E1303.7647
G0 F12000 X96.96 Y99.788
G1 F2400 X107.078 Y109.906 E1304.71653
G0 F12000 X107.183 Y109.445
G1 F2400 X96.96 Y99.223 E1305.6782
G0 F12000 X96.96 Y98.657
G1 F2400 X107.342 Y109.039 E1306.65488
G0 F12000 X107.562 Y108.693
G1 F2400 X96.96 Y98.091 E1307.65225
G0 F12000 X96.96 Y97.526
G1 F2400 X107.81 Y108.375 E1308.67291
G0 F12000 X108.095 Y108.095
G1 F2400 X96.96 Y96.96 E1309.72042
G0 F12000 X96.96 Y96.394
G1 F2400 X108.416 Y107.851 E1310.79818
G0 F12000 X108.787 Y107.656
G1 F2400 X96.96 Y95.829 E1311.91079
G0 F12000 X96.96 Y95.263
G1 F2400 X109.209 Y107.512 E1313.0631
G0 F12000 X109.672 Y107.41
G1 F2400 X96.96 Y94.697 E1314.25901
G0 F12000 X96.96 Y94.131
G1 F2400 X110.238 Y107.41 E1315.50817
G0 F12000 X110.946 Y107.552
G1 F2400 X96.96 Y93.566 E1316.82389
G0 F12000 X96.96 Y93
G1 F2400 X114.366 Y110.406 E1318.46134
G0 F12000 X113.8 Y110.406
G1 F2400 X112.789 Y109.395 E1318.55645
G0 F12000 X112.942 Y110.113
G1 F2400 X113.312 Y110.483 E1318.59125
G0 F12000 X113.41 Y110.935
G0 X114.946 Y111.043
G0 X115.14 Y110.615
G1 F2400 X96.96 Y92.434 E1320.30156
G0 F12000 X96.96 Y91.869
G1 F2400 X123.04 Y117.949 E1322.75501
G0 F12000 X123.04 Y118.515
G1 F2400 X120.711 Y116.185 E1322.97416
G0 F12000 X120.921 Y116.961
G1 F2400 X123.04 Y119.08 E1323.1735
G0 F12000 X123.04 Y119.646
G1 F2400 X120.946 Y117.552 E1323.37049
G0 F12000 X120.868 Y118.039
G1 F2400 X123.04 Y120.212 E1323.57486
G0 F12000 X123.04 Y120.777
G1 F2400 X120.726 Y118.464 E1323.7925
G0 F12000 X120.544 Y118.847
G1 F2400 X123.04 Y121.343 E1324.02731
G0 F12000 X123.04 Y121.909
G1 F2400 X120.323 Y119.192 E1324.28291
G0 F12000 X120.67 Y120.104
G1 F2400 X123.04 Y122.474 E1324.50587
G0 F12000 X123.04 Y123.04
G1 F2400 X120.916 Y120.916 E1324.70568
G0 F12000 X120.951 Y121.516
G1 F2400 X123.04 Y123.606 E1324.90225
G0 F12000 X123.04 Y124.171
G1 F2400 X120.876 Y122.008 E1325.10578
G0 F12000 X120.738 Y122.435
G1 F2400 X123.04 Y124.737 E1325.32233
G0 F12000 X123.04 Y125.303
G1 F2400 X120.56 Y122.822 E1325.55568
G0 F12000 X120.34 Y123.168
G1 F2400 X123.04 Y125.869 E1325.80973
G0 F12000 X123.04 Y126.434
G1 F2400 X120.643 Y124.037 E1326.03523
G0 F12000 X120.909 Y124.869
G1 F2400 X123.04 Y127 E1326.2357
G0 F12000 X123.04 Y127.566
G1 F2400 X120.956 Y125.481 E1326.43179
G0 F12000 X120.886 Y125.977
G1 F2400 X123.04 Y128.131 E1326.63443
G0 F12000 X123.04 Y128.697
G1 F2400 X120.751 Y126.407 E1326.84981
G0 F12000 X120.575 Y126.798
G1 F2400 X123.04 Y129.263 E1327.0817
G0 F12000 X123.04 Y129.828
G1 F2400 X120.355 Y127.143 E1327.33429
G0 F12000 X120.615 Y127.969
G1 F2400 X123.04 Y130.394 E1327.56242
G0 F12000 X123.04 Y130.96
G1 F2400 X120.895 Y128.815 E1327.76421
G0 F12000 X120.959 Y129.444
G1 F2400 X123.04 Y131.525 E1327.95998
G0 F12000 X123.04 Y132.091
G1 F2400 X120.894 Y129.945 E1328.16186
G0 F12000 X120.777 Y130.393
G1 F2400 X123.04 Y132.657 E1328.3748
G0 F12000 X123.04 Y133.222
G1 F2400 X120.586 Y130.769 E1328.60561
G0 F12000 X120.373 Y131.121
G1 F2400 X123.04 Y133.788 E1328.8565
G0 F12000 X123.04 Y134.354
G1 F2400 X120.106 Y131.42 E1329.13251
G0 F12000 X119.809 Y131.689
G1 F2400 X123.04 Y134.92 E1329.43647
G0 F12000 X123.04 Y135.485
G1 F2400 X119.47 Y131.915 E1329.77231
G0 F12000 X119.085 Y132.096
G1 F2400 X123.04 Y136.051 E1330.14437
G0 F12000 X123.019 Y136.595
G1 F2400 X118.655 Y132.232 E1330.55486
G0 F12000 X118.162 Y132.304
G1 F2400 X122.453 Y136.595 E1330.95853
G0 F12000 X121.888 Y136.595
G1 F2400 X117.584 Y132.292 E1331.36338
G0 F12000 X116.888 Y132.727
G1 F2400 X121.241 Y137.08 E1331.77288
G0 F12000 X121.414 Y136.688
G1 F2400 X116.763 Y132.037 E1332.21042
G0 F12000 X116.973 Y131.628
G0 X116.355 Y131.326
G0 X115.971 Y131.697
G0 X116.494 Y133.336
G0 X116.947 Y133.352
G1 F2400 X121.241 Y137.646 E1332.61438
G0 F12000 X121.241 Y138.212
G1 F2400 X116.902 Y133.872 E1333.02261
G0 F12000 X116.784 Y134.32
G1 F2400 X121.241 Y138.777 E1333.4419
G0 F12000 X121.241 Y139.343
G1 F2400 X116.629 Y134.731 E1333.87577
G0 F12000 X116.4 Y135.068
G1 F2400 X121.241 Y139.909 E1334.33118
G0 F12000 X121.241 Y140.475
G1 F2400 X116.147 Y135.38 E1334.81044
G0 F12000 X115.856 Y135.655
G1 F2400 X121.241 Y141.04 E1335.31702
G0 F12000 X121.031 Y141.396
G1 F2400 X115.521 Y135.885 E1335.83542
G0 F12000 X115.142 Y136.073
G1 F2400 X120.466 Y141.396 E1336.33622
G0 F12000 X119.9 Y141.396
G1 F2400 X114.72 Y136.216 E1336.82352
G0 F12000 X114.242 Y136.304
G1 F2400 X119.334 Y141.396 E1337.30255
G0 F12000 X118.768 Y141.396
G1 F2400 X113.677 Y136.304 E1337.78152
G0 F12000 X112.95 Y136.143
G1 F2400 X118.203 Y141.396 E1338.27569
G0 F12000 X117.637 Y141.396
G1 F2400 X112.928 Y136.687 E1338.71869
G0 F12000 X112.844 Y137.169
G1 F2400 X117.071 Y141.396 E1339.11634
G0 F12000 X116.506 Y141.396
G1 F2400 X112.687 Y137.577 E1339.47561
G0 F12000 X112.482 Y137.938
G1 F2400 X115.94 Y141.396 E1339.80091
G0 F12000 X115.374 Y141.396
G1 F2400 X112.24 Y138.262 E1340.09574
G0 F12000 X111.978 Y138.565
G1 F2400 X114.809 Y141.396 E1340.36206
G0 F12000 X114.243 Y141.396
G1 F2400 X111.647 Y138.799 E1340.60633
G0 F12000 X111.297 Y139.016
G1 F2400 X113.677 Y141.396 E1340.83022
G0 F12000 X113.112 Y141.396
G1 F2400 X110.884 Y139.169 E1341.03977
G0 F12000 X110.432 Y139.282
G1 F2400 X112.546 Y141.396 E1341.23864
G0 F12000 X111.98 Y141.396
G1 F2400 X109.896 Y139.311 E1341.43474
G0 F12000 X109.245 Y139.226
G1 F2400 X111.415 Y141.396 E1341.63888
G0 F12000 X110.849 Y141.396
G1 F2400 X108.054 Y138.601 E1341.90182
G1 X107.976 Y138.523
G1 X105.752 Y136.299 E1342.11104
G0 F12000 X106.323 Y136.305
G1 F2400 X107.124 Y137.105 E1342.18634
G0 F12000 X107.034 Y136.45
G1 F2400 X106.784 Y136.2 E1342.20986
G0 F12000 X106.681 Y135.753
G0 X105.189 Y135.711
G0 X105.026 Y136.139
G1 F2400 X110.283 Y141.396 E1342.70441
G1 F2700 E1337.70441
G0 F12000 X110.283 Y141.856
G0 X103.64 Y141.756
G0 X104.011 Y135.006
G0 X103.64 Y134.165
G0 X103.209 Y134.321
G1 F2700 E1342.70441
G1 F2400 X101.033 Y132.146 E1342.90907
G0 F12000 X101.756 Y132.303
G1 F2400 X103.057 Y133.604 E1343.03146
G0 F12000 X103.066 Y133.047
G1 F2400 X102.319 Y132.3 E1343.10173
G0 F12000 X102.782 Y132.198
G1 F2400 X103.144 Y132.56 E1343.13579
G0 F12000 X103.297 Y132.147
G1 F2400 X103.203 Y132.053 E1343.14463
G1 F2700 E1338.14463
G0 F12000 X102.998 Y131.642
G0 X104.237 Y130.919
G0 X104.144 Y133.357
G0 X104.199 Y133.802
G0 X104.357 Y134.218
G0 X104.611 Y134.588
G0 X104.948 Y134.884
G0 X105.341 Y135.092
G0 X105.776 Y135.199
G0 X108.357 Y135.497
G0 X108.199 Y135.913
G0 X108.144 Y136.357
G0 X108.199 Y136.802
G0 X108.357 Y137.218
G0 X108.611 Y137.588
G0 X108.948 Y137.884
G0 X109.341 Y138.092
G0 X109.776 Y138.199
G0 X110.224 Y138.199
G0 X110.659 Y138.092
G0 X111.052 Y137.884
G0 X111.389 Y137.588
G0 X111.643 Y137.218
G0 X112.611 Y134.588
G0 X112.948 Y134.884
G0 X113.341 Y135.092
G0 X113.776 Y135.199
G0 X114.224 Y135.199
G0 X114.659 Y135.092
G0 X115.052 Y134.884
G0 X115.389 Y134.588
G0 X115.643 Y134.218
G0 X115.801 Y133.802
G0 X116.086 Y130.452
G0 X117.341 Y131.092
G0 X117.776 Y131.199
G0 X118.224 Y131.199
G0 X118.659 Y131.092
G0 X119.052 Y130.884
G0 X119.389 Y130.588
G0 X119.643 Y130.218
G0 X119.801 Y129.802
G0 X119.856 Y129.357
G0 X119.389 Y126.588
G0 X119.643 Y126.218
G0 X119.801 Y125.802
G0 X119.856 Y125.357
G0 X119.389 Y122.588
G0 X119.643 Y122.218
G0 X119.801 Y121.802
G0 X119.856 Y121.357
G0 X119.389 Y118.588
G0 X119.643 Y118.218
G0 X119.801 Y117.802
G0 X119.856 Y117.357
G0 X119.801 Y116.913
G0 X119.643 Y116.497
G0 X119.39 Y116.128
G0 X119.053 Y115.83
G0 X117.083 Y115.023
G0 X116.872 Y114.609
G1 F2700 E1343.14463
G1 F2400 X116.73 Y114.467 E1343.15799
G0 F12000 X116.883 Y114.055
G1 F2400 X117.313 Y114.485 E1343.19844
G0 F12000 X117.803 Y114.408
G1 F2400 X116.946 Y113.552 E1343.27901
G0 F12000 X116.919 Y112.959
G1 F2400 X118.368 Y114.408 E1343.41533
G0 F12000 X119.167 Y114.641
G1 F2400 X116.714 Y112.189 E1343.64604
G1 F2700 E1338.64604
G0 F12000 X116.281 Y112.34
G0 X116.567 Y113.048
G0 X123.4 Y113.048
G0 X123.5 Y112.292
G0 X123.04 Y112.292
G1 F2700 E1343.64604
G1 F2400 X102.161 Y91.413 E1345.61021
G0 F12000 X101.596 Y91.413
G1 F2400 X123.04 Y112.858 E1347.62758
G0 F12000 X123.04 Y113.423
G1 F2400 X101.03 Y91.413 E1349.69814
G0 F12000 X100.465 Y91.414
G1 F2400 X123.04 Y113.989 E1351.82186
G0 F12000 X123.04 Y114.555
G1 F2400 X99.899 Y91.414 E1353.99882
G0 F12000 X99.334 Y91.414
G1 F2400 X123.04 Y115.121 E1356.22899
G0 F12000 X123.04 Y115.686
G1 F2400 X98.744 Y91.39 E1358.5146
G0 F12000 X98.795 Y90.934
G0 X97.948 Y90.517
G0 X97.67 Y90.882
G1 F2400 X123.04 Y116.252 E1360.90126
G0 F12000 X123.04 Y116.818
G1 F2400 X96.96 Y90.737 E1363.35475
G0 F12000 X96.963 Y90.174
G1 F2400 X97.531 Y90.743 E1363.40823
G0 F12000 X96.96 Y91.303
G1 F2400 X123.04 Y117.383 E1365.86168
G0 F12000 X123.5 Y117.383
G0 X123.5 Y111.726
G0 X123.04 Y111.726
G1 F2400 X102.726 Y91.413 E1367.77265
G0 F12000 X103.292 Y91.413
G1 F2400 X123.04 Y111.161 E1369.63042
G0 F12000 X123.04 Y110.595
G1 F2400 X103.857 Y91.412 E1371.43504
G0 F12000 X104.423 Y91.412
G1 F2400 X123.04 Y110.029 E1373.18641
G0 F12000 X123.04 Y109.464
G1 F2400 X104.988 Y91.412 E1374.88463
G0 F12000 X105.553 Y91.411
G1 F2400 X123.04 Y108.898 E1376.5297
G0 F12000 X123.04 Y108.332
G1 F2400 X106.119 Y91.411 E1378.12153
G0 F12000 X106.685 Y91.411
G1 F2400 X123.04 Y107.767 E1379.66015
G0 F12000 X123.04 Y107.201
G1 F2400 X107.25 Y91.411 E1381.14558
G0 F12000 X107.815 Y91.411
G1 F2400 X123.04 Y106.635 E1382.57781
G0 F12000 X123.04 Y106.07
G1 F2400 X108.381 Y91.411 E1383.95684
G0 F12000 X108.946 Y91.41
G1 F2400 X123.04 Y105.504 E1385.28271
G0 F12000 X123.04 Y104.938
G1 F2400 X109.512 Y91.41 E1386.55534
G0 F12000 X110.077 Y91.41
G1 F2400 X123.04 Y104.372 E1387.77478
G0 F12000 X123.04 Y103.807
G1 F2400 X110.642 Y91.409 E1388.9411
G0 F12000 X111.208 Y91.409
G1 F2400 X123.04 Y103.241 E1390.05419
G0 F12000 X123.04 Y102.675
G1 F2400 X111.774 Y91.409 E1391.11402
G0 F12000 X112.339 Y91.408
G1 F2400 X123.04 Y102.11 E1392.12075
G0 F12000 X123.04 Y101.544
G1 F2400 X112.904 Y91.408 E1393.07429
G0 F12000 X113.47 Y91.408
G1 F2400 X123.04 Y100.978 E1393.97457
G0 F12000 X123.04 Y100.413
G1 F2400 X114.035 Y91.408 E1394.82171
G0 F12000 X114.601 Y91.408
G1 F2400 X123.04 Y99.847 E1395.6156
G0 F12000 X123.04 Y99.281
G1 F2400 X115.166 Y91.408 E1396.35629
G0 F12000 X115.629 Y91.304
G1 F2400 X123.04 Y98.716 E1397.05352
G0 F12000 X123.04 Y98.15
G1 F2400 X116.015 Y91.125 E1397.71439
G0 F12000 X116.337 Y90.881
G1 F2400 X123.04 Y97.584 E1398.34496
G0 F12000 X123.04 Y97.019
G1 F2400 X116.591 Y90.57 E1398.95165
G0 F12000 X116.801 Y90.213
G1 F2400 X123.04 Y96.453 E1399.53862
G0 F12000 X123.04 Y95.887
G1 F2400 X116.935 Y89.782 E1400.11294
G0 F12000 X116.955 Y89.237
G1 F2400 X123.04 Y95.322 E1400.68538
G0 F12000 X123.04 Y94.756
G1 F2400 X116.958 Y88.673 E1401.25758
G0 F12000 X117.095 Y88.246
G1 F2400 X123.04 Y94.19 E1401.81681
G0 F12000 X123.04 Y93.624
G1 F2400 X117.532 Y88.117 E1402.33492
G0 F12000 X117.917 Y87.936
G1 F2400 X123.04 Y93.059 E1402.81686
G0 F12000 X123.04 Y92.493
G1 F2400 X118.266 Y87.719 E1403.26597
G0 F12000 X118.57 Y87.457
G1 F2400 X123.04 Y91.927 E1403.68648
G0 F12000 X123.04 Y91.362
G1 F2400 X118.838 Y87.16 E1404.08178
G0 F12000 X119.061 Y86.816
G1 F2400 X123.04 Y90.796 E1404.45614
G0 F12000 X123.04 Y90.23
G1 F2400 X119.251 Y86.441 E1404.81259
G0 F12000 X119.378 Y86.003
G1 F2400 X123.04 Y89.665 E1405.15709
G0 F12000 X123.04 Y89.099
G1 F2400 X119.45 Y85.509 E1405.49481
G0 F12000 X119.415 Y84.908
G1 F2400 X123.04 Y88.533 E1405.83583
G0 F12000 X123.04 Y87.968
G1 F2400 X119.167 Y84.095 E1406.20018
G0 F12000 X118.759 Y84.307
G0 X117.544 Y83.087
G0 X117.755 Y82.683
G1 F2400 X116.96 Y81.887 E1406.27501
G0 F12000 X116.96 Y81.322
G1 F2400 X123.04 Y87.402 E1406.84698
G0 F12000 X123.04 Y86.836
G1 F2400 X116.866 Y80.662 E1407.4278
G0 F12000 X117.083 Y80.314
G1 F2400 X121.241 Y84.471 E1407.81891
G0 F12000 X121.241 Y83.905
G1 F2400 X117.649 Y80.314 E1408.15677
G0 F12000 X118.216 Y80.315
G1 F2400 X121.241 Y83.34 E1408.44135
G0 F12000 X121.241 Y82.774
G1 F2400 X118.781 Y80.315 E1408.67272
G0 F12000 X119.348 Y80.315
G1 F2400 X121.241 Y82.208 E1408.8508
G0 F12000 X121.241 Y81.643
G1 F2400 X119.913 Y80.315 E1408.97573
G0 F12000 X120.48 Y80.316
G1 F2400 X121.241 Y81.077 E1409.04732
G0 F12000 X121.241 Y80.511
G1 F2400 X121.045 Y80.316 E1409.06572
G0 F12000 X121.046 Y79.856
G0 X121.628 Y79.928
G0 X121.886 Y84.656
G0 X121.886 Y85.117
G1 F2400 X123.04 Y86.271 E1409.17428
G0 F12000 X123.04 Y85.705
G1 F2400 X122.452 Y85.117 E1409.22959
G1 F2700 E1404.22959
G0 F12000 X122.452 Y84.656
G0 X121.628 Y79.928
G0 X115.846 Y79.942
G0 X98.162 Y80.419
G0 X97.429 Y82.791
G0 X96.576 Y82.935
G0 X96.5 Y82.675
G0 X96.78 Y82.675
G1 F2700 E1409.22959
G1 F2171.9 X96.782 Y81.168 E1409.34036
G1 F1983.5 X96.821 Y80.439 E1409.39912
G1 F1835.6 X96.821 Y80.177 E1409.42191
G1 X97.599 Y80.177 E1409.48958
G1 X97.326 Y80.523 E1409.52791
G1 F1983.5 X97.222 Y81.212 E1409.584
G1 F2171.9 X97.22 Y82.573 E1409.68404
G1 F2181.8 X96.78 Y82.675 E1409.71709
G0 F12000 X96.21 Y82.675
G1 F2700 E1404.71709
;MESH:NONMESH
G0 F300 X96.21 Y82.675 Z2.2
G0 F12000 X96.576 Y82.935
G0 X98.149 Y82.829
G0 X98.162 Y80.419
G0 X115.846 Y79.942
G0 X121.628 Y79.928
G0 X121.67 Y84.687
G0 X121.4 Y84.956
;TIME_ELAPSED:1454.880898
;LAYER:5
;note -- min layer time used
;TYPE:WALL-INNER
;MESH:hull_rear_plate.obj
G1 F2700 E1409.71709
G1 F2291.4 X123.599 Y84.956 E1409.86337
G1 X123.597 Y79.756 E1410.20927
G1 X121.4 Y79.756 E1410.35542
G1 X121.4 Y84.956 E1410.70132
G0 F12000 X121 Y85.356
G1 F2291.4 X123.999 Y85.356 E1410.90082
G1 X123.996 Y79.356 E1411.29994
G1 X121 Y79.356 E1411.49923
G1 X121 Y85.356 E1411.89835
G0 F12000 X120.6 Y85.756
G1 F2291.4 X124.399 Y85.756 E1412.15106
G1 X124.396 Y78.956 E1412.6034
G1 X120.6 Y78.956 E1412.85591
G1 X120.6 Y85.756 E1413.30825
G0 F12000 X120.2 Y86.156
;TYPE:WALL-OUTER
G1 F2291.4 X124.799 Y86.156 E1413.61418
G1 X124.796 Y78.556 E1414.11973
G1 X120.2 Y78.556 E1414.42546
G1 X120.2 Y86.156 E1414.93101
G0 F12000 X120.48 Y85.877
G0 X121.562 Y84.877
;TYPE:FILL
G1 F2291.4 X122.913 Y79.836 E1415.27818
G0 F12000 X123.519 Y83.997
G1 F2291.4 X121.481 Y84.543 E1415.41852
G1 F2700 E1410.41852
G0 F12000 X120.424 Y85.933
G0 X110 Y138.135
;TYPE:WALL-OUTER
G1 F2700 E1415.41852
G1 F2386.8 X108.982 Y138.126 E1415.48354
G1 F2450.6 X108.471 Y138.069 E1415.51552
G1 F2444.1 X107 Y137.853 E1415.60823
G1 X106.44 Y137.71 E1415.64428
G1 X105.034 Y137.304 E1415.73554
G1 X104.445 Y137.064 E1415.77521
G1 F2437.6 X103.19 Y136.502 E1415.86119
G1 X102.616 Y136.169 E1415.90268
G1 F2450.6 X101.461 Y135.448 E1415.98737
G1 X100.885 Y135.001 E1416.03272
G1 X99.901 Y134.181 E1416.11238
G1 X99.356 Y133.623 E1416.1609
G1 X98.512 Y132.696 E1416.23887
G1 X98.03 Y132.041 E1416.28945
G1 X97.359 Y131.061 E1416.36332
G1 X96.936 Y130.286 E1416.41823
G1 X96.416 Y129.245 E1416.49061
G1 F2444.1 X96.101 Y128.412 E1416.54615
G1 F2437.6 X95.746 Y127.363 E1416.61539
G1 X95.541 Y126.455 E1416.6736
G1 X95.334 Y125.369 E1416.74273
G1 F2450.6 X95.249 Y124.384 E1416.80422
G1 X95.196 Y123.356 E1416.86824
G1 F2444.1 X95.25 Y122.323 E1416.93275
G1 F2450.6 X95.334 Y121.343 E1416.99393
G1 X95.532 Y120.306 E1417.05959
G1 X95.749 Y119.341 E1417.12111
G1 F2444.1 X96.095 Y118.321 E1417.18828
G1 F2437.6 X96.416 Y117.466 E1417.24539
G1 X96.929 Y116.44 E1417.31711
G1 X97.348 Y115.666 E1417.37215
G1 X98.031 Y114.669 E1417.44771
G1 X98.509 Y114.02 E1417.49811
G1 F2444.1 X99.344 Y113.103 E1417.57546
G1 F2450.6 X99.902 Y112.531 E1417.62516
G1 F2444.1 X100.871 Y111.722 E1417.70388
G1 X101.457 Y111.264 E1417.75026
G1 X102.578 Y110.564 E1417.83268
G1 X103.179 Y110.216 E1417.87599
G1 F2437.6 X104.435 Y109.653 E1417.96206
G1 X105.034 Y109.408 E1418.00252
G1 X106.441 Y108.999 E1418.09414
G1 F2450.6 X106.996 Y108.858 E1418.12976
G1 X108.421 Y108.648 E1418.21935
G1 F2457.2 X108.981 Y108.585 E1418.2543
G1 F2450.6 X110.488 Y108.573 E1418.34803
G1 F2444.1 X111.018 Y108.586 E1418.3811
G1 F2437.6 X112.535 Y108.782 E1418.47674
G1 F2444.1 X113 Y108.858 E1418.50613
G1 F2437.6 X114.59 Y109.291 E1418.60917
G1 F2444.1 X114.963 Y109.406 E1418.63351
G1 X116.454 Y110.043 E1418.73462
G1 F2450.6 X116.807 Y110.207 E1418.75883
G1 F2444.1 X118.246 Y111.071 E1418.8635
G1 X118.541 Y111.261 E1418.88539
G1 F2437.6 X119.878 Y112.337 E1418.9927
G1 F2450.6 X120.101 Y112.528 E1419.01096
G1 F2444.1 X121.312 Y113.815 E1419.12117
G1 X121.491 Y114.017 E1419.138
G1 F2399.3 X122.652 Y115.659 E1419.26575
G1 F2412 X123.586 Y117.464 E1419.39418
G1 F2424.7 X124.254 Y119.339 E1419.5193
G1 F2437.6 X124.673 Y121.342 E1419.64726
G1 F2450.6 X124.809 Y123.345 E1419.77213
G1 F2444.1 X124.672 Y125.37 E1419.8987
G1 F2431.1 X124.258 Y127.365 E1420.02644
G1 X123.586 Y129.24 E1420.15132
G1 F2424.7 X122.632 Y131.09 E1420.28216
G1 F2412 X121.461 Y132.739 E1420.40997
G1 X120.101 Y134.184 E1420.53537
G1 F2450.6 X119.877 Y134.376 E1420.55372
G1 F2437.6 X118.541 Y135.451 E1420.66095
G1 X118.289 Y135.614 E1420.67971
G1 X116.818 Y136.499 E1420.78706
G1 F2450.6 X116.499 Y136.65 E1420.80901
G1 F2437.6 X114.963 Y137.306 E1420.91345
G1 X114.585 Y137.423 E1420.93819
G1 X113.016 Y137.852 E1421.0399
G1 F2450.6 X112.584 Y137.924 E1421.06714
G1 F2444.1 X111.019 Y138.127 E1421.16555
G1 F2450.6 X110.5 Y138.139 E1421.19784
G1 F2477.1 X110 Y138.135 E1421.22861
G0 F12000 X110 Y137.764
G1 F2463.8 X110.519 Y137.777 E1421.26072
G1 F2437.6 X110.987 Y137.74 E1421.29008
G1 F2450.6 X112.491 Y137.572 E1421.3842
G1 X112.919 Y137.479 E1421.41145
G1 F2444.1 X114.445 Y137.085 E1421.50973
G1 X114.827 Y136.945 E1421.5351
G1 F2450.6 X116.312 Y136.337 E1421.63491
G1 X116.624 Y136.169 E1421.65695
G1 F2437.6 X118.081 Y135.313 E1421.76261
G1 X118.313 Y135.143 E1421.7806
G1 X119.714 Y134.037 E1421.89221
G1 F2490.6 X121.099 Y132.589 E1422.01483
G1 F2477.1 X122.248 Y130.995 E1422.13574
G1 X123.19 Y129.216 E1422.2596
G1 F2470.5 X123.871 Y127.352 E1422.38204
G1 F2450.6 X124.298 Y125.332 E1422.51045
G1 F2444.1 X124.435 Y123.356 E1422.63398
G1 F2450.6 X124.299 Y121.363 E1422.75822
G1 X123.879 Y119.389 E1422.88375
G1 F2463.8 X123.191 Y117.496 E1423.00835
G1 X122.248 Y115.72 E1423.13275
G1 F2470.5 X121.097 Y114.123 E1423.2542
G1 F2477.1 X119.714 Y112.676 E1423.37737
G1 F2437.6 X118.312 Y111.569 E1423.48907
G1 X118.081 Y111.399 E1423.507
G1 X116.623 Y110.544 E1423.61269
G1 F2444.1 X116.336 Y110.389 E1423.63303
G1 F2437.6 X114.826 Y109.766 E1423.73517
G1 F2444.1 X114.473 Y109.635 E1423.75865
G1 F2437.6 X112.914 Y109.234 E1423.8593
G1 X112.516 Y109.147 E1423.88478
G1 X110.984 Y108.972 E1423.9812
G1 X110.519 Y108.935 E1424.01036
G1 F2450.6 X108.999 Y108.971 E1424.10493
G1 F2463.8 X108.483 Y109.002 E1424.13691
G1 F2457.2 X107.068 Y109.239 E1424.2259
G1 F2450.6 X106.52 Y109.35 E1424.26068
G1 F2437.6 X105.159 Y109.777 E1424.34987
G1 X104.591 Y109.978 E1424.38755
G1 X103.365 Y110.559 E1424.47238
G1 F2444.1 X102.778 Y110.862 E1424.51358
G1 X101.678 Y111.586 E1424.5957
G1 F2437.6 X101.11 Y111.989 E1424.63925
G1 X100.165 Y112.819 E1424.71789
G1 F2450.6 X99.617 Y113.334 E1424.76467
G1 F2444.1 X98.811 Y114.27 E1424.8417
G1 F2437.6 X98.324 Y114.876 E1424.89031
G1 X97.682 Y115.872 E1424.96441
G1 X97.256 Y116.586 E1425.01639
G1 X96.774 Y117.624 E1425.08795
G1 X96.444 Y118.407 E1425.14109
G1 F2444.1 X96.126 Y119.448 E1425.20897
G1 F2450.6 X95.888 Y120.343 E1425.26657
G1 X95.721 Y121.397 E1425.33294
G1 X95.605 Y122.348 E1425.39253
G1 F2444.1 X95.588 Y123.356 E1425.4554
G1 X95.605 Y124.348 E1425.51727
G1 X95.722 Y125.316 E1425.57808
G1 X95.883 Y126.345 E1425.64303
G1 F2437.6 X96.124 Y127.257 E1425.70201
G1 X96.435 Y128.282 E1425.76899
G1 F2444.1 X96.775 Y129.088 E1425.82354
G1 F2450.6 X97.248 Y130.113 E1425.89376
G1 X97.685 Y130.846 E1425.94683
G1 X98.316 Y131.827 E1426.01938
G1 X98.814 Y132.448 E1426.06889
G1 X99.617 Y133.379 E1426.14536
G1 X100.164 Y133.893 E1426.19204
G1 X101.111 Y134.724 E1426.2704
G1 X101.682 Y135.128 E1426.31391
G1 X102.774 Y135.846 E1426.39519
G1 F2444.1 X103.366 Y136.153 E1426.43678
G1 F2437.6 X104.588 Y136.734 E1426.52139
G1 F2444.1 X105.16 Y136.935 E1426.5592
G1 X106.496 Y137.352 E1426.64648
G1 X107.074 Y137.471 E1426.68328
G1 F2437.6 X108.476 Y137.706 E1426.77217
G1 F2444.1 X109.002 Y137.739 E1426.80504
G1 F2386.8 X110 Y137.764 E1426.86879
G1 F2700 E1421.86879
G0 F12000 X120.43 Y137.764
G0 X121.4 Y141.956
;TYPE:WALL-INNER
G1 F2700 E1426.86879
G1 F2291.4 X123.599 Y141.956 E1427.01507
G1 X123.597 Y136.756 E1427.36097
G1 X121.4 Y136.756 E1427.50712
G1 X121.4 Y141.956 E1427.85302
G0 F12000 X121 Y142.356
G1 F2291.4 X123.999 Y142.356 E1428.05252
G1 X123.996 Y136.356 E1428.45164
G1 X121 Y136.356 E1428.65093
G1 X121 Y142.356 E1429.05005
G0 F12000 X120.6 Y142.756
G1 F2291.4 X124.399 Y142.756 E1429.30277
G1 X124.396 Y135.956 E1429.7551
G1 X120.6 Y135.956 E1430.00761
G1 X120.6 Y142.756 E1430.45995
G0 F12000 X120.2 Y143.156
;TYPE:WALL-OUTER
G1 F2291.4 X124.799 Y143.156 E1430.76588
G1 X124.796 Y135.556 E1431.27143
G1 X120.2 Y135.556 E1431.57716
G1 X120.2 Y143.156 E1432.08271
G0 F12000 X120.48 Y142.877
G0 X121.48 Y140.448
;TYPE:FILL
G1 F2291.4 X123.517 Y139.902 E1432.223
G0 F12000 X123.518 Y139.145
G1 F2291.4 X121.48 Y137.107 E1432.41472
G1 F2700 E1427.41472
;MESH:NONMESH
G0 F300 X121.48 Y137.107 Z2.6
G0 F12000 X121.412 Y135.768
G0 X121.411 Y134.693
G0 X123.385 Y131.496
G0 X124.369 Y129.598
G0 X125.085 Y127.583
G0 X125.52 Y125.49
G0 X125.666 Y123.357
G0 X125.548 Y121.63
G0 X121.402 Y87.021
G0 X121.401 Y85.946
G0 X121.4 Y84.956
;TIME_ELAPSED:1469.664771
;LAYER:6
;note -- min layer time used
;TYPE:WALL-INNER
;MESH:hull_rear_plate.obj
G1 F2700 E1432.41472
G1 F2322.7 X123.6 Y84.956 E1432.56107
G1 X123.6 Y79.756 E1432.90697
G1 X121.4 Y79.756 E1433.05332
G1 X121.4 Y84.956 E1433.39922
G0 F12000 X121 Y85.356
G1 F2322.7 X124 Y85.356 E1433.59878
G1 X124 Y79.356 E1433.9979
G1 X121 Y79.356 E1434.19746
G1 X121 Y85.356 E1434.59659
G0 F12000 X120.6 Y85.756
G1 F2322.7 X124.4 Y85.756 E1434.84936
G1 X124.4 Y78.956 E1435.3017
G1 X120.6 Y78.956 E1435.55448
G1 X120.6 Y85.756 E1436.00682
G0 F12000 X120.2 Y86.156
;TYPE:WALL-OUTER
G1 F2322.7 X124.8 Y86.156 E1436.31281
G1 X124.8 Y78.556 E1436.81836
G1 X120.2 Y78.556 E1437.12436
G1 X120.2 Y86.156 E1437.62991
G0 F12000 X120.48 Y85.877
G0 X121.481 Y84.836
;TYPE:FILL
G1 F2322.7 X123.52 Y84.29 E1437.77032
G0 F12000 X121.48 Y84.092
G1 F2322.7 X122.62 Y79.835 E1438.06348
G1 F2700 E1433.06348
G0 F12000 X120.424 Y85.933
G0 X110 Y138.135
;TYPE:WALL-OUTER
G1 F2700 E1438.06348
G1 F2425.8 X108.978 Y138.126 E1438.12858
G1 F2484.1 X108.471 Y138.069 E1438.16031
G1 F2477.5 X106.996 Y137.853 E1438.25327
G1 F2470.9 X106.44 Y137.711 E1438.28916
G1 X105.046 Y137.307 E1438.37991
G1 X104.479 Y137.078 E1438.41815
G1 X103.19 Y136.502 E1438.50643
G1 F2477.5 X102.592 Y136.157 E1438.54948
G1 F2470.9 X101.457 Y135.448 E1438.63316
G1 F2477.5 X100.909 Y135.021 E1438.67648
G1 F2484.1 X99.902 Y134.181 E1438.75805
G1 X99.377 Y133.644 E1438.80476
G1 F2477.5 X98.509 Y132.692 E1438.8851
G1 F2470.9 X98.048 Y132.066 E1438.93371
G1 X97.36 Y131.064 E1439.00971
G1 X96.951 Y130.312 E1439.06324
G1 F2477.5 X96.421 Y129.249 E1439.13731
G1 F2484.1 X96.112 Y128.438 E1439.19129
G1 F2470.9 X95.746 Y127.363 E1439.2623
G1 X95.541 Y126.455 E1439.3205
G1 X95.334 Y125.369 E1439.38963
G1 F2484.1 X95.249 Y124.384 E1439.45112
G1 X95.196 Y123.356 E1439.51515
G1 F2477.5 X95.248 Y122.351 E1439.57791
G1 F2484.1 X95.334 Y121.343 E1439.64083
G1 X95.532 Y120.306 E1439.70649
G1 X95.749 Y119.341 E1439.76801
G1 F2477.5 X96.095 Y118.321 E1439.83518
G1 F2470.9 X96.416 Y117.466 E1439.89228
G1 X96.929 Y116.44 E1439.96401
G1 X97.348 Y115.666 E1440.01905
G1 X98.031 Y114.669 E1440.09461
G1 X98.509 Y114.02 E1440.14501
G1 F2477.5 X99.344 Y113.103 E1440.22236
G1 F2484.1 X99.902 Y112.531 E1440.27206
G1 F2477.5 X100.871 Y111.722 E1440.35078
G1 X101.457 Y111.264 E1440.39716
G1 X102.578 Y110.564 E1440.47958
G1 X103.179 Y110.216 E1440.52289
G1 F2470.9 X104.435 Y109.653 E1440.60895
G1 X105.034 Y109.409 E1440.6494
G1 X106.406 Y109.009 E1440.73876
G1 X106.996 Y108.859 E1440.77683
G1 X108.421 Y108.649 E1440.86689
G1 F2477.5 X108.981 Y108.586 E1440.90203
G1 X110.488 Y108.573 E1440.99602
G1 F2484.1 X111.019 Y108.585 E1441.02905
G1 X112.534 Y108.781 E1441.12407
G1 X113.001 Y108.857 E1441.15349
G1 X114.538 Y109.276 E1441.25258
G1 F2477.5 X114.963 Y109.407 E1441.28031
G1 X116.453 Y110.043 E1441.38135
G1 F2484.1 X116.807 Y110.207 E1441.40561
G1 F2477.5 X118.246 Y111.071 E1441.51028
G1 X118.541 Y111.261 E1441.53217
G1 F2470.9 X119.878 Y112.337 E1441.63948
G1 F2484.1 X120.101 Y112.528 E1441.65774
G1 F2477.5 X121.312 Y113.815 E1441.76795
G1 X121.491 Y114.017 E1441.78478
G1 F2444.9 X122.653 Y115.663 E1441.9121
G1 F2451.4 X123.586 Y117.464 E1442.03994
G1 F2457.9 X124.254 Y119.339 E1442.16507
G1 F2470.9 X124.673 Y121.342 E1442.29302
G1 F2484.1 X124.809 Y123.345 E1442.41789
G1 X124.674 Y125.358 E1442.54337
G1 F2470.9 X124.258 Y127.365 E1442.67154
G1 F2464.4 X123.586 Y129.24 E1442.79641
G1 F2457.9 X122.632 Y131.09 E1442.92726
G1 F2438.5 X121.491 Y132.695 E1443.05203
G1 F2477.5 X121.311 Y132.898 E1443.06895
G1 F2484.1 X120.101 Y134.184 E1443.17877
G1 X119.877 Y134.376 E1443.19712
G1 F2470.9 X118.541 Y135.451 E1443.30435
G1 X118.289 Y135.614 E1443.32311
G1 X116.807 Y136.505 E1443.43124
G1 X116.499 Y136.649 E1443.4525
G1 X114.963 Y137.305 E1443.55694
G1 X114.586 Y137.422 E1443.58162
G1 F2477.5 X113.001 Y137.855 E1443.68409
G1 F2484.1 X112.584 Y137.924 E1443.71038
G1 F2477.5 X111.019 Y138.127 E1443.80879
G1 F2484.1 X110.5 Y138.139 E1443.84108
G1 F2511 X110 Y138.135 E1443.87185
G0 F12000 X110 Y137.764
G1 F2497.5 X110.519 Y137.777 E1443.90396
G1 F2470.9 X110.987 Y137.74 E1443.93332
G1 F2484.1 X112.491 Y137.572 E1444.02744
G1 X112.916 Y137.479 E1444.0545
G1 X114.445 Y137.085 E1444.15271
G1 F2470.9 X114.826 Y136.944 E1444.17811
G1 X116.336 Y136.323 E1444.2802
G1 X116.624 Y136.167 E1444.30068
G1 X118.06 Y135.327 E1444.40471
G1 F2477.5 X118.313 Y135.143 E1444.42422
G1 F2470.9 X119.715 Y134.036 E1444.53592
G1 F2511 X121.097 Y132.588 E1444.65908
G1 X122.248 Y130.995 E1444.78001
G1 X123.19 Y129.216 E1444.90387
G1 F2497.5 X123.879 Y127.327 E1445.02826
G1 F2484.1 X124.299 Y125.349 E1445.15403
G1 X124.435 Y123.356 E1445.27828
G1 X124.299 Y121.363 E1445.40252
G1 X123.879 Y119.385 E1445.52829
G1 F2497.5 X123.191 Y117.496 E1445.65266
G1 F2511 X122.248 Y115.717 E1445.77655
G1 X121.062 Y114.087 E1445.90059
G1 X119.715 Y112.676 E1446.02062
G1 F2470.9 X118.312 Y111.569 E1446.13237
G1 X118.081 Y111.399 E1446.1503
G1 X116.623 Y110.544 E1446.25599
G1 F2477.5 X116.336 Y110.389 E1446.27633
G1 F2470.9 X114.826 Y109.767 E1446.37844
G1 F2477.5 X114.445 Y109.627 E1446.40376
G1 F2484.1 X112.915 Y109.232 E1446.50204
G1 X112.516 Y109.144 E1446.52745
G1 F2477.5 X110.986 Y108.971 E1446.62347
G1 X110.519 Y108.935 E1446.65268
G1 F2470.9 X109 Y108.973 E1446.7477
G1 F2484.1 X108.483 Y109.005 E1446.77991
G1 X107.068 Y109.242 E1446.86915
G1 F2470.9 X106.503 Y109.357 E1446.9052
G1 X105.158 Y109.779 E1446.99334
G1 X104.591 Y109.978 E1447.03092
G1 X103.365 Y110.559 E1447.11575
G1 F2477.5 X102.778 Y110.862 E1447.15695
G1 X101.678 Y111.586 E1447.23907
G1 F2470.9 X101.11 Y111.989 E1447.28262
G1 X100.165 Y112.819 E1447.36127
G1 F2484.1 X99.617 Y113.334 E1447.40804
G1 F2477.5 X98.811 Y114.27 E1447.48507
G1 F2470.9 X98.324 Y114.876 E1447.53368
G1 X97.682 Y115.872 E1447.60778
G1 X97.256 Y116.586 E1447.65977
G1 X96.774 Y117.624 E1447.73133
G1 X96.444 Y118.407 E1447.78446
G1 F2477.5 X96.126 Y119.448 E1447.85234
G1 F2484.1 X95.888 Y120.343 E1447.90994
G1 X95.721 Y121.396 E1447.97625
G1 X95.605 Y122.364 E1448.03689
G1 F2477.5 X95.588 Y123.356 E1448.09876
G1 X95.605 Y124.348 E1448.16063
G1 X95.722 Y125.316 E1448.22144
G1 X95.883 Y126.345 E1448.28639
G1 F2470.9 X96.124 Y127.257 E1448.34538
G1 X96.439 Y128.293 E1448.41308
G1 F2484.1 X96.773 Y129.081 E1448.46632
G1 F2477.5 X97.256 Y130.123 E1448.53794
G1 F2470.9 X97.688 Y130.847 E1448.59066
G1 F2464.4 X98.319 Y131.828 E1448.66379
G1 F2470.9 X98.811 Y132.443 E1448.71303
G1 F2477.5 X99.617 Y133.379 E1448.79006
G1 F2484.1 X100.165 Y133.894 E1448.83684
G1 X101.104 Y134.718 E1448.91454
G1 F2477.5 X101.679 Y135.127 E1448.95854
G1 F2470.9 X102.778 Y135.85 E1449.0408
G1 F2477.5 X103.366 Y136.154 E1449.08208
G1 F2470.9 X104.585 Y136.731 E1449.16641
G1 X105.16 Y136.934 E1449.20454
G1 X106.503 Y137.355 E1449.29254
G1 X107.07 Y137.471 E1449.32873
G1 X108.476 Y137.706 E1449.41787
G1 F2477.5 X108.998 Y137.739 E1449.45049
G1 F2419.5 X110 Y137.764 E1449.51449
G1 F2700 E1444.51449
G0 F12000 X120.43 Y137.764
G0 X121.4 Y141.956
;TYPE:WALL-INNER
G1 F2700 E1449.51449
G1 F2322.7 X123.6 Y141.956 E1449.66084
G1 X123.6 Y136.756 E1450.00674
G1 X121.4 Y136.756 E1450.15309
G1 X121.4 Y141.956 E1450.49899
G0 F12000 X121 Y142.356
G1 F2322.7 X124 Y142.356 E1450.69855
G1 X124 Y136.356 E1451.09768
G1 X121 Y136.356 E1451.29724
G1 X121 Y142.356 E1451.69636
G0 F12000 X120.6 Y142.756
G1 F2322.7 X124.4 Y142.756 E1451.94914
G1 X124.4 Y135.956 E1452.40147
G1 X120.6 Y135.956 E1452.65425
G1 X120.6 Y142.756 E1453.10659
G0 F12000 X120.2 Y143.156
;TYPE:WALL-OUTER
G1 F2322.7 X124.8 Y143.156 E1453.41258
G1 X124.8 Y135.556 E1453.91814
G1 X120.2 Y135.556 E1454.22413
G1 X120.2 Y143.156 E1454.72968
G0 F12000 X120.48 Y142.877
G0 X121.48 Y140.741
;TYPE:FILL
G1 F2322.7 X123.52 Y140.195 E1454.87016
G0 F12000 X123.52 Y138.746
G1 F2322.7 X121.609 Y136.836 E1455.04989
G1 F2700 E1450.04989
;MESH:NONMESH
G0 F300 X121.609 Y136.836 Z3
G0 F12000 X121.4 Y135.787
G0 X121.4 Y134.692
G0 X123.385 Y131.496
G0 X124.369 Y129.598
G0 X125.085 Y127.583
G0 X125.52 Y125.49
G0 X125.666 Y123.357
G0 X125.548 Y121.63
G0 X121.4 Y87.022
G0 X121.4 Y85.927
G0 X121.4 Y84.956
;TIME_ELAPSED:1484.303838
;LAYER:7
;note -- min layer time used
;TYPE:WALL-INNER
;MESH:hull_rear_plate.obj
G1 F2700 E1455.04989
G1 F2306.7 X123.6 Y84.956 E1455.19623
G1 X123.6 Y79.756 E1455.54214
G1 X121.4 Y79.756 E1455.68848
G1 X121.4 Y84.956 E1456.03439
G0 F12000 X121 Y85.356
G1 F2306.7 X124 Y85.356 E1456.23395
G1 X124 Y79.356 E1456.63307
G1 X121 Y79.356 E1456.83263
G1 X121 Y85.356 E1457.23175
G0 F12000 X120.6 Y85.756
G1 F2306.7 X124.4 Y85.756 E1457.48453
G1 X124.4 Y78.956 E1457.93687
G1 X120.6 Y78.956 E1458.18965
G1 X120.6 Y85.756 E1458.64198
G0 F12000 X120.2 Y86.156
;TYPE:WALL-OUTER
G1 F2306.7 X124.8 Y86.156 E1458.94798
G1 X124.8 Y78.556 E1459.45353
G1 X120.2 Y78.556 E1459.75952
G1 X120.2 Y86.156 E1460.26508
G0 F12000 X120.48 Y85.877
G0 X122.426 Y84.876
;TYPE:FILL
G1 F2306.7 X123.519 Y84.583 E1460.34035
G0 F12000 X121.48 Y82.997
G1 F2306.7 X122.327 Y79.835 E1460.5581
G1 F2700 E1455.5581
G0 F12000 X120.424 Y85.933
G0 X110 Y138.135
;TYPE:WALL-OUTER
G1 F2700 E1460.5581
G1 F2409.1 X108.978 Y138.126 E1460.6232
G1 F2467.1 X108.471 Y138.069 E1460.65493
G1 F2460.5 X106.996 Y137.853 E1460.7479
G1 F2453.9 X106.44 Y137.711 E1460.78378
G1 X105.046 Y137.307 E1460.87453
G1 X104.479 Y137.078 E1460.91277
G1 X103.19 Y136.502 E1461.00105
G1 F2460.5 X102.592 Y136.157 E1461.04411
G1 F2453.9 X101.457 Y135.448 E1461.12778
G1 F2460.5 X100.909 Y135.021 E1461.17111
G1 F2467.1 X99.902 Y134.181 E1461.25267
G1 X99.377 Y133.644 E1461.29938
G1 F2460.5 X98.509 Y132.692 E1461.37972
G1 F2453.9 X98.048 Y132.066 E1461.42833
G1 X97.36 Y131.064 E1461.50434
G1 X96.951 Y130.312 E1461.55786
G1 F2460.5 X96.421 Y129.249 E1461.63194
G1 F2467.1 X96.112 Y128.438 E1461.68592
G1 F2453.9 X95.746 Y127.363 E1461.75692
G1 X95.541 Y126.455 E1461.81513
G1 X95.334 Y125.369 E1461.88426
G1 F2467.1 X95.249 Y124.384 E1461.94575
G1 X95.196 Y123.356 E1462.00977
G1 F2460.5 X95.248 Y122.351 E1462.07253
G1 F2467.1 X95.334 Y121.343 E1462.13545
G1 X95.532 Y120.306 E1462.20111
G1 X95.749 Y119.341 E1462.26263
G1 F2460.5 X96.095 Y118.321 E1462.3298
G1 F2453.9 X96.416 Y117.466 E1462.38691
G1 X96.929 Y116.44 E1462.45864
G1 X97.348 Y115.666 E1462.51367
G1 X98.031 Y114.669 E1462.58924
G1 X98.509 Y114.02 E1462.63964
G1 F2460.5 X99.344 Y113.103 E1462.71698
G1 F2467.1 X99.902 Y112.531 E1462.76668
G1 F2460.5 X100.871 Y111.722 E1462.8454
G1 X101.457 Y111.264 E1462.89179
G1 X102.578 Y110.564 E1462.9742
G1 X103.179 Y110.216 E1463.01751
G1 F2453.9 X104.435 Y109.653 E1463.10358
G1 X105.034 Y109.409 E1463.14402
G1 X106.406 Y109.009 E1463.23338
G1 X106.996 Y108.859 E1463.27145
G1 X108.421 Y108.649 E1463.36152
G1 F2460.5 X108.981 Y108.586 E1463.39666
G1 X110.488 Y108.573 E1463.49064
G1 F2467.1 X111.019 Y108.585 E1463.52368
G1 X112.534 Y108.781 E1463.61869
G1 X113.001 Y108.857 E1463.64812
G1 X114.538 Y109.276 E1463.7472
G1 F2460.5 X114.963 Y109.407 E1463.77494
G1 X116.453 Y110.043 E1463.87597
G1 F2467.1 X116.807 Y110.207 E1463.90024
G1 F2460.5 X118.246 Y111.071 E1464.00491
G1 X118.541 Y111.261 E1464.02679
G1 F2453.9 X119.878 Y112.337 E1464.1341
G1 F2467.1 X120.101 Y112.528 E1464.15237
G1 F2460.5 X121.312 Y113.815 E1464.26257
G1 X121.491 Y114.017 E1464.2794
G1 F2428.1 X122.653 Y115.663 E1464.40673
G1 F2434.5 X123.586 Y117.464 E1464.53457
G1 F2441 X124.254 Y119.339 E1464.65969
G1 F2453.9 X124.673 Y121.342 E1464.78765
G1 F2467.1 X124.809 Y123.345 E1464.91251
G1 X124.674 Y125.358 E1465.038
G1 F2453.9 X124.258 Y127.365 E1465.16616
G1 F2447.4 X123.586 Y129.24 E1465.29104
G1 F2441 X122.632 Y131.09 E1465.42188
G1 F2421.7 X121.491 Y132.695 E1465.54665
G1 F2460.5 X121.311 Y132.898 E1465.56357
G1 F2467.1 X120.101 Y134.184 E1465.6734
G1 X119.877 Y134.376 E1465.69175
G1 F2453.9 X118.541 Y135.451 E1465.79897
G1 X118.289 Y135.614 E1465.81774
G1 X116.807 Y136.505 E1465.92587
G1 X116.499 Y136.649 E1465.94712
G1 X114.963 Y137.305 E1466.05156
G1 X114.586 Y137.422 E1466.07624
G1 F2460.5 X113.001 Y137.855 E1466.17871
G1 F2467.1 X112.584 Y137.924 E1466.205
G1 F2460.5 X111.019 Y138.127 E1466.30342
G1 F2467.1 X110.5 Y138.139 E1466.3357
G1 F2493.7 X110 Y138.135 E1466.36647
G0 F12000 X110 Y137.764
G1 F2480.3 X110.519 Y137.777 E1466.39859
G1 F2453.9 X110.987 Y137.74 E1466.42794
G1 F2467.1 X112.491 Y137.572 E1466.52207
G1 X112.916 Y137.479 E1466.54913
G1 X114.445 Y137.085 E1466.64733
G1 F2453.9 X114.826 Y136.944 E1466.67274
G1 X116.336 Y136.323 E1466.77483
G1 X116.624 Y136.167 E1466.79531
G1 X118.06 Y135.327 E1466.89933
G1 F2460.5 X118.313 Y135.143 E1466.91884
G1 F2453.9 X119.715 Y134.036 E1467.03054
G1 F2493.7 X121.097 Y132.588 E1467.15371
G1 X122.248 Y130.995 E1467.27463
G1 X123.19 Y129.216 E1467.3985
G1 F2480.3 X123.879 Y127.327 E1467.52289
G1 F2467.1 X124.299 Y125.349 E1467.64866
G1 X124.435 Y123.356 E1467.7729
G1 X124.299 Y121.363 E1467.89715
G1 X123.879 Y119.385 E1468.02291
G1 F2480.3 X123.191 Y117.496 E1468.14729
G1 F2493.7 X122.248 Y115.717 E1468.27118
G1 X121.062 Y114.087 E1468.39521
G1 X119.715 Y112.676 E1468.51524
G1 F2453.9 X118.312 Y111.569 E1468.62699
G1 X118.081 Y111.399 E1468.64492
G1 X116.623 Y110.544 E1468.75061
G1 F2460.5 X116.336 Y110.389 E1468.77095
G1 F2453.9 X114.826 Y109.767 E1468.87307
G1 F2460.5 X114.445 Y109.627 E1468.89838
G1 F2467.1 X112.915 Y109.232 E1468.99666
G1 X112.516 Y109.144 E1469.02208
G1 F2460.5 X110.986 Y108.971 E1469.1181
G1 X110.519 Y108.935 E1469.14731
G1 F2453.9 X109 Y108.973 E1469.24232
G1 F2467.1 X108.483 Y109.005 E1469.27454
G1 X107.068 Y109.242 E1469.36377
G1 F2453.9 X106.503 Y109.357 E1469.39982
G1 X105.158 Y109.779 E1469.48797
G1 X104.591 Y109.978 E1469.52554
G1 X103.365 Y110.559 E1469.61038
G1 F2460.5 X102.778 Y110.862 E1469.65157
G1 X101.678 Y111.586 E1469.7337
G1 F2453.9 X101.11 Y111.989 E1469.77724
G1 X100.165 Y112.819 E1469.85589
G1 F2467.1 X99.617 Y113.334 E1469.90266
G1 F2460.5 X98.811 Y114.27 E1469.97969
G1 F2453.9 X98.324 Y114.876 E1470.02831
G1 X97.682 Y115.872 E1470.1024
G1 X97.256 Y116.586 E1470.15439
G1 X96.774 Y117.624 E1470.22595
G1 X96.444 Y118.407 E1470.27908
G1 F2460.5 X96.126 Y119.448 E1470.34696
G1 F2467.1 X95.888 Y120.343 E1470.40456
G1 X95.721 Y121.396 E1470.47088
G1 X95.605 Y122.364 E1470.53151
G1 F2460.5 X95.588 Y123.356 E1470.59338
G1 X95.605 Y124.348 E1470.65526
G1 X95.722 Y125.316 E1470.71606
G1 X95.883 Y126.345 E1470.78102
G1 F2453.9 X96.124 Y127.257 E1470.84
G1 X96.439 Y128.293 E1470.90771
G1 F2467.1 X96.773 Y129.081 E1470.96094
G1 F2460.5 X97.256 Y130.123 E1471.03256
G1 F2453.9 X97.688 Y130.847 E1471.08528
G1 F2447.4 X98.319 Y131.828 E1471.15841
G1 F2453.9 X98.811 Y132.443 E1471.20766
G1 F2460.5 X99.617 Y133.379 E1471.28469
G1 F2467.1 X100.165 Y133.894 E1471.33146
G1 X101.104 Y134.718 E1471.40916
G1 F2460.5 X101.679 Y135.127 E1471.45317
G1 F2453.9 X102.778 Y135.85 E1471.53542
G1 F2460.5 X103.366 Y136.154 E1471.5767
G1 F2453.9 X104.585 Y136.731 E1471.66103
G1 X105.16 Y136.934 E1471.69916
G1 X106.503 Y137.355 E1471.78717
G1 X107.07 Y137.471 E1471.82336
G1 X108.476 Y137.706 E1471.91249
G1 F2460.5 X108.998 Y137.739 E1471.94511
G1 F2402.8 X110 Y137.764 E1472.00912
G1 F2700 E1467.00912
G0 F12000 X120.43 Y137.764
G0 X121.4 Y141.956
;TYPE:WALL-INNER
G1 F2700 E1472.00912
G1 F2306.7 X123.6 Y141.956 E1472.15546
G1 X123.6 Y136.756 E1472.50137
G1 X121.4 Y136.756 E1472.64771
G1 X121.4 Y141.956 E1472.99362
G0 F12000 X121 Y142.356
G1 F2306.7 X124 Y142.356 E1473.19318
G1 X124 Y136.356 E1473.5923
G1 X121 Y136.356 E1473.79186
G1 X121 Y142.356 E1474.19098
G0 F12000 X120.6 Y142.756
G1 F2306.7 X124.4 Y142.756 E1474.44376
G1 X124.4 Y135.956 E1474.8961
G1 X120.6 Y135.956 E1475.14887
G1 X120.6 Y142.756 E1475.60121
G0 F12000 X120.2 Y143.156
;TYPE:WALL-OUTER
G1 F2306.7 X124.8 Y143.156 E1475.90721
G1 X124.8 Y135.556 E1476.41276
G1 X120.2 Y135.556 E1476.71875
G1 X120.2 Y143.156 E1477.22431
G0 F12000 X120.48 Y142.877
G0 X121.48 Y141.034
;TYPE:FILL
G1 F2306.7 X123.52 Y140.488 E1477.36478
G0 F12000 X123.52 Y138.346
G1 F2306.7 X122.009 Y136.836 E1477.50688
G1 F2700 E1472.50688
;MESH:NONMESH
G0 F300 X122.009 Y136.836 Z3.4
G0 F12000 X121.4 Y135.787
G0 X121.4 Y134.692
G0 X123.385 Y131.496
G0 X124.369 Y129.598
G0 X125.085 Y127.583
G0 X125.52 Y125.49
G0 X125.666 Y123.357
G0 X125.548 Y121.63
G0 X121.4 Y87.022
G0 X121.4 Y85.927
G0 X121.4 Y84.956
;TIME_ELAPSED:1498.953752
;LAYER:8
;note -- min layer time used
;TYPE:WALL-INNER
;MESH:hull_rear_plate.obj
G1 F2700 E1477.50688
G1 F2287.6 X123.6 Y84.956 E1477.65323
G1 X123.6 Y79.756 E1477.99913
G1 X121.4 Y79.756 E1478.14548
G1 X121.4 Y84.956 E1478.49138
G0 F12000 X121 Y85.356
G1 F2287.6 X124 Y85.356 E1478.69094
G1 X124 Y79.356 E1479.09007
G1 X121 Y79.356 E1479.28963
G1 X121 Y85.356 E1479.68875
G0 F12000 X120.6 Y85.756
G1 F2287.6 X124.4 Y85.756 E1479.94153
G1 X124.4 Y78.956 E1480.39386
G1 X120.6 Y78.956 E1480.64664
G1 X120.6 Y85.756 E1481.09898
G0 F12000 X120.2 Y86.156
;TYPE:WALL-OUTER
G1 F2287.6 X124.8 Y86.156 E1481.40497
G1 X124.8 Y78.556 E1481.91053
G1 X120.2 Y78.556 E1482.21652
G1 X120.2 Y86.156 E1482.72207
G0 F12000 X120.48 Y85.877
G0 X121.48 Y81.903
;TYPE:FILL
G1 F2287.6 X122.034 Y79.835 E1482.86449
G1 F2700 E1477.86449
G0 F12000 X120.424 Y85.933
G0 X110 Y138.135
;TYPE:WALL-OUTER
G1 F2700 E1482.86449
G1 F2389.1 X108.978 Y138.126 E1482.92958
G1 F2446.6 X108.471 Y138.069 E1482.96132
G1 F2440.1 X106.996 Y137.853 E1483.05428
G1 F2433.6 X106.44 Y137.711 E1483.09016
G1 X105.046 Y137.307 E1483.18092
G1 X104.479 Y137.078 E1483.21915
G1 X103.19 Y136.502 E1483.30743
G1 F2440.1 X102.592 Y136.157 E1483.35049
G1 F2433.6 X101.457 Y135.448 E1483.43417
G1 F2440.1 X100.909 Y135.021 E1483.47749
G1 F2446.6 X99.902 Y134.181 E1483.55905
G1 X99.377 Y133.644 E1483.60576
G1 F2440.1 X98.509 Y132.692 E1483.68611
G1 F2433.6 X98.048 Y132.066 E1483.73472
G1 X97.36 Y131.064 E1483.81072
G1 X96.951 Y130.312 E1483.86425
G1 F2440.1 X96.421 Y129.249 E1483.93832
G1 F2446.6 X96.112 Y128.438 E1483.9923
G1 F2433.6 X95.746 Y127.363 E1484.06331
G1 X95.541 Y126.455 E1484.12151
G1 X95.334 Y125.369 E1484.19064
G1 F2446.6 X95.249 Y124.384 E1484.25213
G1 X95.196 Y123.356 E1484.31616
G1 F2440.1 X95.248 Y122.351 E1484.37891
G1 F2446.6 X95.334 Y121.343 E1484.44184
G1 X95.532 Y120.306 E1484.5075
G1 X95.749 Y119.341 E1484.56902
G1 F2440.1 X96.095 Y118.321 E1484.63619
G1 F2433.6 X96.416 Y117.466 E1484.69329
G1 X96.929 Y116.44 E1484.76502
G1 X97.348 Y115.666 E1484.82005
G1 X98.031 Y114.669 E1484.89562
G1 X98.509 Y114.02 E1484.94602
G1 F2440.1 X99.344 Y113.103 E1485.02336
G1 F2446.6 X99.902 Y112.531 E1485.07306
G1 F2440.1 X100.871 Y111.722 E1485.15179
G1 X101.457 Y111.264 E1485.19817
G1 X102.578 Y110.564 E1485.28059
G1 X103.179 Y110.216 E1485.3239
G1 F2433.6 X104.435 Y109.653 E1485.40996
G1 X105.034 Y109.409 E1485.45041
G1 X106.406 Y109.009 E1485.53977
G1 X106.996 Y108.859 E1485.57783
G1 X108.421 Y108.649 E1485.6679
G1 F2440.1 X108.981 Y108.586 E1485.70304
G1 X110.488 Y108.573 E1485.79703
G1 F2446.6 X111.019 Y108.585 E1485.83006
G1 X112.534 Y108.781 E1485.92507
G1 X113.001 Y108.857 E1485.9545
G1 X114.538 Y109.276 E1486.05359
G1 F2440.1 X114.963 Y109.407 E1486.08132
G1 X116.453 Y110.043 E1486.18235
G1 F2446.6 X116.807 Y110.207 E1486.20662
G1 F2440.1 X118.246 Y111.071 E1486.31129
G1 X118.541 Y111.261 E1486.33317
G1 F2433.6 X119.878 Y112.337 E1486.44049
G1 F2446.6 X120.101 Y112.528 E1486.45875
G1 F2440.1 X121.312 Y113.815 E1486.56895
G1 X121.491 Y114.017 E1486.58579
G1 F2408 X122.653 Y115.663 E1486.71311
G1 F2414.4 X123.586 Y117.464 E1486.84095
G1 F2420.7 X124.254 Y119.339 E1486.96608
G1 F2433.6 X124.673 Y121.342 E1487.09403
G1 F2446.6 X124.809 Y123.345 E1487.2189
G1 X124.674 Y125.358 E1487.34438
G1 F2433.6 X124.258 Y127.365 E1487.47254
G1 F2427.2 X123.586 Y129.24 E1487.59742
G1 F2420.7 X122.632 Y131.09 E1487.72827
G1 F2401.7 X121.491 Y132.695 E1487.85304
G1 F2440.1 X121.311 Y132.898 E1487.86996
G1 F2446.6 X120.101 Y134.184 E1487.97978
G1 X119.877 Y134.376 E1487.99813
G1 F2433.6 X118.541 Y135.451 E1488.10536
G1 X118.289 Y135.614 E1488.12412
G1 X116.807 Y136.505 E1488.23225
G1 X116.499 Y136.649 E1488.25351
G1 X114.963 Y137.305 E1488.35795
G1 X114.586 Y137.422 E1488.38263
G1 F2440.1 X113.001 Y137.855 E1488.4851
G1 F2446.6 X112.584 Y137.924 E1488.51138
G1 F2440.1 X111.019 Y138.127 E1488.6098
G1 F2446.6 X110.5 Y138.139 E1488.64209
G1 F2473.1 X110 Y138.135 E1488.67285
G0 F12000 X110 Y137.764
G1 F2459.8 X110.519 Y137.777 E1488.70497
G1 F2433.6 X110.987 Y137.74 E1488.73433
G1 F2446.6 X112.491 Y137.572 E1488.82845
G1 X112.916 Y137.479 E1488.85551
G1 X114.445 Y137.085 E1488.95372
G1 F2433.6 X114.826 Y136.944 E1488.97912
G1 X116.336 Y136.323 E1489.08121
G1 X116.624 Y136.167 E1489.10169
G1 X118.06 Y135.327 E1489.20572
G1 F2440.1 X118.313 Y135.143 E1489.22523
G1 F2433.6 X119.715 Y134.036 E1489.33692
G1 F2473.1 X121.097 Y132.588 E1489.46009
G1 X122.248 Y130.995 E1489.58102
G1 X123.19 Y129.216 E1489.70488
G1 F2459.8 X123.879 Y127.327 E1489.82927
G1 F2446.6 X124.299 Y125.349 E1489.95504
G1 X124.435 Y123.356 E1490.07928
G1 X124.299 Y121.363 E1490.20353
G1 X123.879 Y119.385 E1490.3293
G1 F2459.8 X123.191 Y117.496 E1490.45367
G1 F2473.1 X122.248 Y115.717 E1490.57756
G1 X121.062 Y114.087 E1490.7016
G1 X119.715 Y112.676 E1490.82163
G1 F2433.6 X118.312 Y111.569 E1490.93337
G1 X118.081 Y111.399 E1490.95131
G1 X116.623 Y110.544 E1491.057
G1 F2440.1 X116.336 Y110.389 E1491.07734
G1 F2433.6 X114.826 Y109.767 E1491.17945
G1 F2440.1 X114.445 Y109.627 E1491.20477
G1 F2446.6 X112.915 Y109.232 E1491.30305
G1 X112.516 Y109.144 E1491.32846
G1 F2440.1 X110.986 Y108.971 E1491.42448
G1 X110.519 Y108.935 E1491.45369
G1 F2433.6 X109 Y108.973 E1491.5487
G1 F2446.6 X108.483 Y109.005 E1491.58092
G1 X107.068 Y109.242 E1491.67015
G1 F2433.6 X106.503 Y109.357 E1491.70621
G1 X105.158 Y109.779 E1491.79435
G1 X104.591 Y109.978 E1491.83193
G1 X103.365 Y110.559 E1491.91676
G1 F2440.1 X102.778 Y110.862 E1491.95796
G1 X101.678 Y111.586 E1492.04008
G1 F2433.6 X101.11 Y111.989 E1492.08363
G1 X100.165 Y112.819 E1492.16227
G1 F2446.6 X99.617 Y113.334 E1492.20905
G1 F2440.1 X98.811 Y114.27 E1492.28608
G1 F2433.6 X98.324 Y114.876 E1492.33469
G1 X97.682 Y115.872 E1492.40878
G1 X97.256 Y116.586 E1492.46077
G1 X96.774 Y117.624 E1492.53233
G1 X96.444 Y118.407 E1492.58547
G1 F2440.1 X96.126 Y119.448 E1492.65335
G1 F2446.6 X95.888 Y120.343 E1492.71095
G1 X95.721 Y121.396 E1492.77726
G1 X95.605 Y122.352 E1492.83715
G1 F2440.1 X95.588 Y123.356 E1492.89978
G1 X95.605 Y124.348 E1492.96165
G1 X95.722 Y125.316 E1493.02245
G1 X95.883 Y126.345 E1493.08741
G1 F2433.6 X96.124 Y127.257 E1493.14639
G1 X96.439 Y128.293 E1493.2141
G1 F2446.6 X96.773 Y129.081 E1493.26733
G1 F2440.1 X97.256 Y130.123 E1493.33895
G1 F2433.6 X97.688 Y130.847 E1493.39167
G1 F2427.2 X98.319 Y131.828 E1493.4648
G1 F2433.6 X98.811 Y132.443 E1493.51405
G1 F2440.1 X99.617 Y133.379 E1493.59108
G1 F2446.6 X100.165 Y133.894 E1493.63785
G1 X101.104 Y134.718 E1493.71555
G1 F2440.1 X101.679 Y135.127 E1493.75956
G1 F2433.6 X102.778 Y135.85 E1493.84181
G1 F2440.1 X103.366 Y136.154 E1493.88309
G1 F2433.6 X104.585 Y136.731 E1493.96742
G1 X105.16 Y136.934 E1494.00555
G1 X106.503 Y137.355 E1494.09356
G1 X107.07 Y137.471 E1494.12975
G1 X108.476 Y137.706 E1494.21888
G1 F2440.1 X108.998 Y137.739 E1494.2515
G1 F2382.9 X110 Y137.764 E1494.31551
G1 F2700 E1489.31551
G0 F12000 X120.43 Y137.764
G0 X121.4 Y141.956
;TYPE:WALL-INNER
G1 F2700 E1494.31551
G1 F2287.6 X123.6 Y141.956 E1494.46185
G1 X123.6 Y136.756 E1494.80776
G1 X121.4 Y136.756 E1494.9541
G1 X121.4 Y141.956 E1495.30001
G0 F12000 X121 Y142.356
G1 F2287.6 X124 Y142.356 E1495.49957
G1 X124 Y136.356 E1495.89869
G1 X121 Y136.356 E1496.09825
G1 X121 Y142.356 E1496.49737
G0 F12000 X120.6 Y142.756
G1 F2287.6 X124.4 Y142.756 E1496.75015
G1 X124.4 Y135.956 E1497.20249
G1 X120.6 Y135.956 E1497.45527
G1 X120.6 Y142.756 E1497.9076
G0 F12000 X120.2 Y143.156
;TYPE:WALL-OUTER
G1 F2287.6 X124.8 Y143.156 E1498.2136
G1 X124.8 Y135.556 E1498.71915
G1 X120.2 Y135.556 E1499.02514
G1 X120.2 Y143.156 E1499.5307
G0 F12000 X120.48 Y142.877
G0 X121.481 Y141.327
;TYPE:FILL
G1 F2287.6 X123.52 Y140.781 E1499.67111
G0 F12000 X123.52 Y137.946
G1 F2287.6 X122.409 Y136.836 E1499.77558
G1 F2700 E1494.77558
;MESH:NONMESH
G0 F300 X122.409 Y136.836 Z3.8
G0 F12000 X121.4 Y135.787
G0 X121.4 Y134.692
G0 X123.385 Y131.496
G0 X124.369 Y129.598
G0 X125.085 Y127.583
G0 X125.52 Y125.49
G0 X125.666 Y123.357
G0 X125.548 Y121.63
G0 X121.4 Y87.022
G0 X121.4 Y85.927
G0 X121.4 Y84.956
;TIME_ELAPSED:1513.484283
;LAYER:9
;note -- min layer time used
;TYPE:WALL-INNER
;MESH:hull_rear_plate.obj
G1 F2700 E1499.77558
G1 F2400 X123.6 Y84.956 E1499.92192
G1 X123.6 Y79.756 E1500.26783
G1 X121.4 Y79.756 E1500.41417
G1 X121.4 Y84.956 E1500.76008
G0 F12000 X121 Y85.356
G1 F2400 X124 Y85.356 E1500.95964
G1 X124 Y79.356 E1501.35876
G1 X121 Y79.356 E1501.55832
G1 X121 Y85.356 E1501.95744
G0 F12000 X120.6 Y85.756
G1 F2400 X124.4 Y85.756 E1502.21022
G1 X124.4 Y78.956 E1502.66256
G1 X120.6 Y78.956 E1502.91534
G1 X120.6 Y85.756 E1503.36767
G0 F12000 X120.2 Y86.156
;TYPE:WALL-OUTER
G1 F2400 X124.8 Y86.156 E1503.67367
G1 X124.8 Y78.556 E1504.17922
G1 X120.2 Y78.556 E1504.48522
G1 X120.2 Y86.156 E1504.99077
G0 F12000 X120.48 Y85.877
G0 X121.48 Y84.595
;TYPE:FILL
G1 F4160.8 X121.762 Y84.876 E1505.01725
G0 F12000 X121.6 Y84
G1 F4160.8 X123.4 Y84 E1505.13699
G0 F12000 X123.4 Y83.6
G1 F4160.8 X121.6 Y83.6 E1505.25672
G0 F12000 X121.6 Y83.2
G1 F4160.8 X123.4 Y83.2 E1505.37646
G0 F12000 X123.4 Y82.8
G1 F4160.8 X121.6 Y82.8 E1505.4962
G0 F12000 X121.6 Y82.4
G1 F4160.8 X123.4 Y82.4 E1505.61593
G0 F12000 X123.4 Y82
G1 F4160.8 X121.6 Y82 E1505.73567
G0 F12000 X121.6 Y81.6
G1 F4160.8 X123.4 Y81.6 E1505.85541
G0 F12000 X123.4 Y80.8
G1 F4160.8 X121.6 Y80.8 E1505.97514
G1 X121.48 Y80.809
G1 X121.741 Y79.835 E1506.04222
G1 F2700 E1501.04222
G0 F12000 X120.424 Y85.933
G0 X110 Y138.135
;TYPE:WALL-OUTER
G1 F2700 E1506.04222
G1 F2506.5 X108.978 Y138.126 E1506.10732
G1 F2566.8 X108.471 Y138.069 E1506.13905
G1 F2560 X106.996 Y137.853 E1506.23201
G1 F2553.2 X106.44 Y137.711 E1506.2679
G1 X105.046 Y137.307 E1506.35865
G1 X104.479 Y137.078 E1506.39689
G1 X103.19 Y136.502 E1506.48517
G1 F2560 X102.592 Y136.157 E1506.52822
G1 F2553.2 X101.457 Y135.448 E1506.6119
G1 F2560 X100.909 Y135.021 E1506.65522
G1 F2566.8 X99.902 Y134.181 E1506.73679
G1 X99.377 Y133.644 E1506.7835
G1 F2560 X98.509 Y132.692 E1506.86384
G1 F2553.2 X98.048 Y132.066 E1506.91245
G1 X97.36 Y131.064 E1506.98845
G1 X96.951 Y130.312 E1507.04198
G1 F2560 X96.421 Y129.249 E1507.11605
G1 F2566.8 X96.112 Y128.438 E1507.17003
G1 F2553.2 X95.746 Y127.363 E1507.24104
G1 X95.541 Y126.455 E1507.29924
G1 X95.334 Y125.369 E1507.36837
G1 F2566.8 X95.249 Y124.384 E1507.42986
G1 X95.196 Y123.356 E1507.49389
G1 F2560 X95.248 Y122.351 E1507.55665
G1 F2566.8 X95.334 Y121.343 E1507.61957
G1 X95.532 Y120.306 E1507.68523
G1 X95.749 Y119.341 E1507.74675
G1 F2560 X96.095 Y118.321 E1507.81392
G1 F2553.2 X96.416 Y117.466 E1507.87103
G1 X96.929 Y116.44 E1507.94275
G1 X97.348 Y115.666 E1507.99779
G1 X98.031 Y114.669 E1508.07335
G1 X98.509 Y114.02 E1508.12375
G1 F2560 X99.344 Y113.103 E1508.2011
G1 F2566.8 X99.902 Y112.531 E1508.2508
G1 F2560 X100.871 Y111.722 E1508.32952
G1 X101.457 Y111.264 E1508.3759
G1 X102.578 Y110.564 E1508.45832
G1 X103.179 Y110.216 E1508.50163
G1 F2553.2 X104.435 Y109.653 E1508.5877
G1 X105.034 Y109.409 E1508.62814
G1 X106.406 Y109.009 E1508.7175
G1 X106.996 Y108.859 E1508.75557
G1 X108.421 Y108.649 E1508.84563
G1 F2560 X108.981 Y108.586 E1508.88078
G1 X110.488 Y108.573 E1508.97476
G1 F2566.8 X111.019 Y108.585 E1509.00779
G1 X112.534 Y108.781 E1509.10281
G1 X113.001 Y108.857 E1509.13224
G1 X114.538 Y109.276 E1509.23132
G1 F2560 X114.963 Y109.407 E1509.25905
G1 X116.453 Y110.043 E1509.36009
G1 F2566.8 X116.807 Y110.207 E1509.38435
G1 F2560 X118.246 Y111.071 E1509.48902
G1 X118.541 Y111.261 E1509.51091
G1 F2553.2 X119.878 Y112.337 E1509.61822
G1 F2566.8 X120.101 Y112.528 E1509.63648
G1 F2560 X121.312 Y113.815 E1509.74669
G1 X121.491 Y114.017 E1509.76352
G1 F2526.3 X122.653 Y115.663 E1509.89084
G1 F2533 X123.586 Y117.464 E1510.01869
G1 F2539.7 X124.254 Y119.339 E1510.14381
G1 F2553.2 X124.673 Y121.342 E1510.27176
G1 F2566.8 X124.809 Y123.345 E1510.39663
G1 X124.674 Y125.358 E1510.52211
G1 F2553.2 X124.258 Y127.365 E1510.65028
G1 F2546.4 X123.586 Y129.24 E1510.77515
G1 F2539.7 X122.632 Y131.09 E1510.906
G1 F2519.7 X121.491 Y132.695 E1511.03077
G1 F2560 X121.311 Y132.898 E1511.04769
G1 F2566.8 X120.101 Y134.184 E1511.15751
G1 X119.877 Y134.376 E1511.17586
G1 F2553.2 X118.541 Y135.451 E1511.28309
G1 X118.289 Y135.614 E1511.30185
G1 X116.807 Y136.505 E1511.40998
G1 X116.499 Y136.649 E1511.43124
G1 X114.963 Y137.305 E1511.53568
G1 X114.586 Y137.422 E1511.56036
G1 F2560 X113.001 Y137.855 E1511.66283
G1 F2566.8 X112.584 Y137.924 E1511.68912
G1 F2560 X111.019 Y138.127 E1511.78753
G1 F2566.8 X110.5 Y138.139 E1511.81982
G1 F2594.6 X110 Y138.135 E1511.85059
G0 F12000 X110 Y137.764
G1 F2580.6 X110.519 Y137.777 E1511.8827
G1 F2553.2 X110.987 Y137.74 E1511.91206
G1 F2566.8 X112.491 Y137.572 E1512.00618
G1 X112.916 Y137.479 E1512.03324
G1 X114.445 Y137.085 E1512.13145
G1 F2553.2 X114.826 Y136.944 E1512.15685
G1 X116.336 Y136.323 E1512.25894
G1 X116.624 Y136.167 E1512.27942
G1 X118.06 Y135.327 E1512.38345
G1 F2560 X118.313 Y135.143 E1512.40296
G1 F2553.2 X119.715 Y134.036 E1512.51466
G1 F2594.6 X121.097 Y132.588 E1512.63782
G1 X122.248 Y130.995 E1512.75875
G1 X123.19 Y129.216 E1512.88261
G1 F2580.6 X123.879 Y127.327 E1513.007
G1 F2566.8 X124.299 Y125.349 E1513.13277
G1 X124.435 Y123.356 E1513.25702
G1 X124.299 Y121.363 E1513.38126
G1 X123.879 Y119.385 E1513.50703
G1 F2580.6 X123.191 Y117.496 E1513.6314
G1 F2594.6 X122.248 Y115.717 E1513.75529
G1 X121.062 Y114.087 E1513.87933
G1 X119.715 Y112.676 E1513.99936
G1 F2553.2 X118.312 Y111.569 E1514.11111
G1 X118.081 Y111.399 E1514.12904
G1 X116.623 Y110.544 E1514.23473
G1 F2560 X116.336 Y110.389 E1514.25507
G1 F2553.2 X114.826 Y109.767 E1514.35718
G1 F2560 X114.445 Y109.627 E1514.3825
G1 F2566.8 X112.915 Y109.232 E1514.48078
G1 X112.516 Y109.144 E1514.50619
G1 F2560 X110.986 Y108.971 E1514.60221
G1 X110.519 Y108.935 E1514.63142
G1 F2553.2 X109 Y108.973 E1514.72644
G1 F2566.8 X108.483 Y109.005 E1514.75865
G1 X107.068 Y109.242 E1514.84789
G1 F2553.2 X106.503 Y109.357 E1514.88394
G1 X105.158 Y109.779 E1514.97208
G1 X104.591 Y109.978 E1515.00966
G1 X103.365 Y110.559 E1515.09449
G1 F2560 X102.778 Y110.862 E1515.13569
G1 X101.678 Y111.586 E1515.21781
G1 F2553.2 X101.11 Y111.989 E1515.26136
G1 X100.165 Y112.819 E1515.34001
G1 F2566.8 X99.617 Y113.334 E1515.38678
G1 F2560 X98.811 Y114.27 E1515.46381
G1 F2553.2 X98.324 Y114.876 E1515.51242
G1 X97.682 Y115.872 E1515.58652
G1 X97.256 Y116.586 E1515.63851
G1 X96.774 Y117.624 E1515.71007
G1 X96.444 Y118.407 E1515.7632
G1 F2560 X96.126 Y119.448 E1515.83108
G1 F2566.8 X95.888 Y120.343 E1515.88868
G1 X95.721 Y121.396 E1515.95499
G1 X95.605 Y122.364 E1516.01563
G1 F2560 X95.588 Y123.356 E1516.0775
G1 X95.605 Y124.348 E1516.13937
G1 X95.722 Y125.316 E1516.20018
G1 X95.883 Y126.345 E1516.26513
G1 F2553.2 X96.124 Y127.257 E1516.32412
G1 X96.439 Y128.293 E1516.39182
G1 F2566.8 X96.773 Y129.081 E1516.44506
G1 F2560 X97.256 Y130.123 E1516.51668
G1 F2553.2 X97.688 Y130.847 E1516.5694
G1 F2546.4 X98.319 Y131.828 E1516.64253
G1 F2553.2 X98.811 Y132.443 E1516.69177
G1 F2560 X99.617 Y133.379 E1516.7688
G1 F2566.8 X100.165 Y133.894 E1516.81558
G1 X101.104 Y134.718 E1516.89328
G1 F2560 X101.679 Y135.127 E1516.93728
G1 F2553.2 X102.778 Y135.85 E1517.01954
G1 F2560 X103.366 Y136.154 E1517.06082
G1 F2553.2 X104.585 Y136.731 E1517.14515
G1 X105.16 Y136.934 E1517.18328
G1 X106.503 Y137.355 E1517.27128
G1 X107.07 Y137.471 E1517.30747
G1 X108.476 Y137.706 E1517.39661
G1 F2560 X108.998 Y137.739 E1517.42923
G1 F2500 X110 Y137.764 E1517.49323
G1 F2700 E1512.49323
G0 F12000 X120.43 Y137.764
G0 X121.4 Y141.956
;TYPE:WALL-INNER
G1 F2700 E1517.49323
G1 F2400 X123.6 Y141.956 E1517.63958
G1 X123.6 Y136.756 E1517.98548
G1 X121.4 Y136.756 E1518.13183
G1 X121.4 Y141.956 E1518.47773
G0 F12000 X121 Y142.356
G1 F2400 X124 Y142.356 E1518.67729
G1 X124 Y136.356 E1519.07642
G1 X121 Y136.356 E1519.27598
G1 X121 Y142.356 E1519.6751
G0 F12000 X120.6 Y142.756
G1 F2400 X124.4 Y142.756 E1519.92788
G1 X124.4 Y135.956 E1520.38021
G1 X120.6 Y135.956 E1520.63299
G1 X120.6 Y142.756 E1521.08533
G0 F12000 X120.2 Y143.156
;TYPE:WALL-OUTER
G1 F2400 X124.8 Y143.156 E1521.39132
G1 X124.8 Y135.556 E1521.89688
G1 X120.2 Y135.556 E1522.20287
G1 X120.2 Y143.156 E1522.70842
G0 F12000 X120.48 Y142.877
G0 X121.48 Y141.62
;TYPE:FILL
G1 F4160.8 X123.519 Y141.074 E1522.84884
G0 F12000 X123.4 Y140.8
G1 F4160.8 X121.6 Y140.8 E1522.96857
G0 F12000 X121.6 Y140.4
G1 F4160.8 X123.4 Y140.4 E1523.08831
G0 F12000 X123.4 Y140
G1 F4160.8 X121.6 Y140 E1523.20805
G0 F12000 X121.6 Y139.6
G1 F4160.8 X123.4 Y139.6 E1523.32778
G0 F12000 X123.4 Y139.2
G1 F4160.8 X121.6 Y139.2 E1523.44752
G0 F12000 X121.6 Y138.8
G1 F4160.8 X123.4 Y138.8 E1523.56726
G0 F12000 X123.4 Y138.4
G1 F4160.8 X121.6 Y138.4 E1523.68699
G0 F12000 X121.6 Y138
G1 F4160.8 X123.4 Y138 E1523.80673
G0 F12000 X123.4 Y137.6
G1 F4160.8 X121.6 Y137.6 E1523.92646
G0 F12000 X122.81 Y136.836
G1 F4160.8 X123.52 Y137.546 E1523.99326
G1 F2700 E1518.99326
;MESH:NONMESH
G0 F300 X123.52 Y137.546 Z4.2
G0 F12000 X121.4 Y135.787
G0 X121.4 Y134.692
G0 X123.385 Y131.496
G0 X124.369 Y129.598
G0 X125.085 Y127.583
G0 X125.52 Y125.49
G0 X125.666 Y123.357
G0 X125.548 Y121.63
G0 X121.4 Y87.022
G0 X121.4 Y85.927
G0 X121.4 Y84.956
;TIME_ELAPSED:1529.974262
;LAYER:10
;TYPE:WALL-INNER
;MESH:hull_rear_plate.obj
G1 F2700 E1523.99326
G1 F2400 X123.6 Y84.956 E1524.1396
G1 X123.6 Y79.756 E1524.48551
G1 X121.4 Y79.756 E1524.63185
G1 X121.4 Y84.956 E1524.97776
G0 F12000 X121 Y85.356
G1 F2400 X124 Y85.356 E1525.17732
G1 X124 Y79.356 E1525.57644
G1 X121 Y79.356 E1525.776
G1 X121 Y85.356 E1526.17512
G0 F12000 X120.6 Y85.756
G1 F2400 X124.4 Y85.756 E1526.4279
G1 X124.4 Y78.956 E1526.88024
G1 X120.6 Y78.956 E1527.13301
G1 X120.6 Y85.756 E1527.58535
G0 F12000 X120.2 Y86.156
;TYPE:WALL-OUTER
G1 F2400 X124.8 Y86.156 E1527.89134
G1 X124.8 Y78.556 E1528.3969
G1 X120.2 Y78.556 E1528.70289
G1 X120.2 Y86.156 E1529.20845
G0 F12000 X120.48 Y85.877
G0 X121.5 Y84.375
G0 X121.659 Y84.375
;TYPE:FILL
G1 F4800 X122.16 Y84.876 E1529.25558
G0 F12000 X121.76 Y84.332
;TYPE:SKIN
G1 F2400 X121.76 Y80.38 E1529.51847
G1 X123.24 Y80.38 E1529.61692
G1 X123.24 Y84.332 E1529.8798
G1 X121.76 Y84.332 E1529.97825
G0 F12000 X122.033 Y84.132
G1 F2400 X121.96 Y84.059 E1529.98512
G0 F12000 X121.96 Y83.493
G1 F2400 X122.599 Y84.132 E1530.04523
G0 F12000 X123.04 Y84.008
G1 F2400 X121.96 Y82.927 E1530.14688
G0 F12000 X121.96 Y82.362
G1 F2400 X123.04 Y83.442 E1530.24848
G0 F12000 X123.04 Y82.876
G1 F2400 X121.96 Y81.796 E1530.35008
G0 F12000 X121.96 Y81.23
G1 F2400 X123.04 Y82.311 E1530.45173
G0 F12000 X123.04 Y81.745
G1 F2400 X121.96 Y80.665 E1530.55333
G0 F12000 X122.44 Y80.58
G1 F2400 X123.04 Y81.179 E1530.60972
G0 F12000 X123.79 Y81.179
G1 F2700 E1525.60972
G0 F12000 X123.428 Y84.522
G0 X120.424 Y85.933
G0 X110 Y138.135
;TYPE:WALL-OUTER
G1 F2700 E1530.60972
G1 F2506.5 X108.978 Y138.126 E1530.67482
G1 F2566.8 X108.471 Y138.069 E1530.70655
G1 F2560 X106.996 Y137.853 E1530.79952
G1 F2553.2 X106.44 Y137.711 E1530.8354
G1 X105.046 Y137.307 E1530.92615
G1 X104.479 Y137.078 E1530.96439
G1 X103.19 Y136.502 E1531.05267
G1 F2560 X102.592 Y136.157 E1531.09573
G1 F2553.2 X101.457 Y135.448 E1531.17941
G1 F2560 X100.909 Y135.021 E1531.22273
G1 F2566.8 X99.902 Y134.181 E1531.30429
G1 X99.377 Y133.644 E1531.351
G1 F2560 X98.509 Y132.692 E1531.43134
G1 F2553.2 X98.048 Y132.066 E1531.47995
G1 X97.36 Y131.064 E1531.55596
G1 X96.951 Y130.312 E1531.60948
G1 F2560 X96.421 Y129.249 E1531.68356
G1 F2566.8 X96.112 Y128.438 E1531.73754
G1 F2553.2 X95.746 Y127.363 E1531.80854
G1 X95.541 Y126.455 E1531.86675
G1 X95.334 Y125.369 E1531.93588
G1 F2566.8 X95.249 Y124.384 E1531.99737
G1 X95.196 Y123.356 E1532.06139
G1 F2560 X95.248 Y122.351 E1532.12415
G1 F2566.8 X95.334 Y121.343 E1532.18707
G1 X95.532 Y120.306 E1532.25274
G1 X95.749 Y119.341 E1532.31425
G1 F2560 X96.095 Y118.321 E1532.38142
G1 F2553.2 X96.416 Y117.466 E1532.43853
G1 X96.929 Y116.44 E1532.51026
G1 X97.348 Y115.666 E1532.56529
G1 X98.031 Y114.669 E1532.64086
G1 X98.509 Y114.02 E1532.69126
G1 F2560 X99.344 Y113.103 E1532.7686
G1 F2566.8 X99.902 Y112.531 E1532.8183
G1 F2560 X100.871 Y111.722 E1532.89702
G1 X101.457 Y111.264 E1532.94341
G1 X102.578 Y110.564 E1533.02582
G1 X103.179 Y110.216 E1533.06913
G1 F2553.2 X104.435 Y109.653 E1533.1552
G1 X105.034 Y109.409 E1533.19564
G1 X106.406 Y109.009 E1533.285
G1 X106.996 Y108.859 E1533.32307
G1 X108.421 Y108.649 E1533.41314
G1 F2560 X108.981 Y108.586 E1533.44828
G1 X110.488 Y108.573 E1533.54226
G1 F2566.8 X111.019 Y108.585 E1533.5753
G1 X112.534 Y108.781 E1533.67031
G1 X113.001 Y108.857 E1533.69974
G1 X114.538 Y109.276 E1533.79882
G1 F2560 X114.963 Y109.407 E1533.82656
G1 X116.453 Y110.043 E1533.92759
G1 F2566.8 X116.807 Y110.207 E1533.95186
G1 F2560 X118.246 Y111.071 E1534.05653
G1 X118.541 Y111.261 E1534.07841
G1 F2553.2 X119.878 Y112.337 E1534.18572
G1 F2566.8 X120.101 Y112.528 E1534.20399
G1 F2560 X121.312 Y113.815 E1534.31419
G1 X121.491 Y114.017 E1534.33102
G1 F2526.3 X122.653 Y115.663 E1534.45835
G1 F2533 X123.586 Y117.464 E1534.58619
G1 F2539.7 X124.254 Y119.339 E1534.71131
G1 F2553.2 X124.673 Y121.342 E1534.83927
G1 F2566.8 X124.809 Y123.345 E1534.96414
G1 X124.674 Y125.358 E1535.08962
G1 F2553.2 X124.258 Y127.365 E1535.21778
G1 F2546.4 X123.586 Y129.24 E1535.34266
G1 F2539.7 X122.632 Y131.09 E1535.4735
G1 F2519.7 X121.491 Y132.695 E1535.59828
G1 F2560 X121.311 Y132.898 E1535.6152
G1 F2566.8 X120.101 Y134.184 E1535.72502
G1 X119.877 Y134.376 E1535.74337
G1 F2553.2 X118.541 Y135.451 E1535.85059
G1 X118.289 Y135.614 E1535.86936
G1 X116.807 Y136.505 E1535.97749
G1 X116.499 Y136.649 E1535.99875
G1 X114.963 Y137.305 E1536.10318
G1 X114.586 Y137.422 E1536.12787
G1 F2560 X113.001 Y137.855 E1536.23033
G1 F2566.8 X112.584 Y137.924 E1536.25662
G1 F2560 X111.019 Y138.127 E1536.35504
G1 F2566.8 X110.5 Y138.139 E1536.38732
G1 F2594.6 X110 Y138.135 E1536.41809
G0 F12000 X110 Y137.764
G1 F2580.6 X110.519 Y137.777 E1536.45021
G1 F2553.2 X110.987 Y137.74 E1536.47956
G1 F2566.8 X112.491 Y137.572 E1536.57369
G1 X112.916 Y137.479 E1536.60075
G1 X114.445 Y137.085 E1536.69895
G1 F2553.2 X114.826 Y136.944 E1536.72436
G1 X116.336 Y136.323 E1536.82645
G1 X116.624 Y136.167 E1536.84693
G1 X118.06 Y135.327 E1536.95095
G1 F2560 X118.313 Y135.143 E1536.97046
G1 F2553.2 X119.715 Y134.036 E1537.08216
G1 F2594.6 X121.097 Y132.588 E1537.20533
G1 X122.248 Y130.995 E1537.32625
G1 X123.19 Y129.216 E1537.45012
G1 F2580.6 X123.879 Y127.327 E1537.57451
G1 F2566.8 X124.299 Y125.349 E1537.70028
G1 X124.435 Y123.356 E1537.82452
G1 X124.299 Y121.363 E1537.94877
G1 X123.879 Y119.385 E1538.07454
G1 F2580.6 X123.191 Y117.496 E1538.19891
G1 F2594.6 X122.248 Y115.717 E1538.3228
G1 X121.062 Y114.087 E1538.44683
G1 X119.715 Y112.676 E1538.56686
G1 F2553.2 X118.312 Y111.569 E1538.67861
G1 X118.081 Y111.399 E1538.69655
G1 X116.623 Y110.544 E1538.80223
G1 F2560 X116.336 Y110.389 E1538.82257
G1 F2553.2 X114.826 Y109.767 E1538.92469
G1 F2560 X114.445 Y109.627 E1538.95
G1 F2566.8 X112.915 Y109.232 E1539.04828
G1 X112.516 Y109.144 E1539.0737
G1 F2560 X110.986 Y108.971 E1539.16972
G1 X110.519 Y108.935 E1539.19893
G1 F2553.2 X109 Y108.973 E1539.29394
G1 F2566.8 X108.483 Y109.005 E1539.32616
G1 X107.068 Y109.242 E1539.41539
G1 F2553.2 X106.503 Y109.357 E1539.45145
G1 X105.158 Y109.779 E1539.53959
G1 X104.591 Y109.978 E1539.57716
G1 X103.365 Y110.559 E1539.662
G1 F2560 X102.778 Y110.862 E1539.70319
G1 X101.678 Y111.586 E1539.78532
G1 F2553.2 X101.11 Y111.989 E1539.82886
G1 X100.165 Y112.819 E1539.90751
G1 F2566.8 X99.617 Y113.334 E1539.95428
G1 F2560 X98.811 Y114.27 E1540.03131
G1 F2553.2 X98.324 Y114.876 E1540.07993
G1 X97.682 Y115.872 E1540.15402
G1 X97.256 Y116.586 E1540.20601
G1 X96.774 Y117.624 E1540.27757
G1 X96.444 Y118.407 E1540.3307
G1 F2560 X96.126 Y119.448 E1540.39858
G1 F2566.8 X95.888 Y120.343 E1540.45618
G1 X95.721 Y121.396 E1540.5225
G1 X95.605 Y122.364 E1540.58313
G1 F2560 X95.588 Y123.356 E1540.64501
G1 X95.605 Y124.348 E1540.70688
G1 X95.722 Y125.316 E1540.76768
G1 X95.883 Y126.345 E1540.83264
G1 F2553.2 X96.124 Y127.257 E1540.89162
G1 X96.439 Y128.293 E1540.95933
G1 F2566.8 X96.773 Y129.081 E1541.01256
G1 F2560 X97.256 Y130.123 E1541.08418
G1 F2553.2 X97.688 Y130.847 E1541.1369
G1 F2546.4 X98.319 Y131.828 E1541.21003
G1 F2553.2 X98.811 Y132.443 E1541.25928
G1 F2560 X99.617 Y133.379 E1541.33631
G1 F2566.8 X100.165 Y133.894 E1541.38308
G1 X101.104 Y134.718 E1541.46078
G1 F2560 X101.679 Y135.127 E1541.50479
G1 F2553.2 X102.778 Y135.85 E1541.58704
G1 F2560 X103.366 Y136.154 E1541.62832
G1 F2553.2 X104.585 Y136.731 E1541.71265
G1 X105.16 Y136.934 E1541.75078
G1 X106.503 Y137.355 E1541.83879
G1 X107.07 Y137.471 E1541.87498
G1 X108.476 Y137.706 E1541.96411
G1 F2560 X108.998 Y137.739 E1541.99673
G1 F2500 X110 Y137.764 E1542.06074
G1 F2700 E1537.06074
G0 F12000 X120.43 Y137.764
G0 X121.4 Y141.956
;TYPE:WALL-INNER
G1 F2700 E1542.06074
G1 F2400 X123.6 Y141.956 E1542.20708
G1 X123.6 Y136.756 E1542.55299
G1 X121.4 Y136.756 E1542.69933
G1 X121.4 Y141.956 E1543.04524
G0 F12000 X121 Y142.356
G1 F2400 X124 Y142.356 E1543.2448
G1 X124 Y136.356 E1543.64392
G1 X121 Y136.356 E1543.84348
G1 X121 Y142.356 E1544.2426
G0 F12000 X120.6 Y142.756
G1 F2400 X124.4 Y142.756 E1544.49538
G1 X124.4 Y135.956 E1544.94772
G1 X120.6 Y135.956 E1545.2005
G1 X120.6 Y142.756 E1545.65283
G0 F12000 X120.2 Y143.156
;TYPE:WALL-OUTER
G1 F2400 X124.8 Y143.156 E1545.95883
G1 X124.8 Y135.556 E1546.46438
G1 X120.2 Y135.556 E1546.77037
G1 X120.2 Y143.156 E1547.27593
G0 F12000 X120.48 Y142.877
G0 X121.614 Y141.876
;TYPE:FILL
G1 F4800 X123.49 Y141.374 E1547.40511
G0 F12000 X123.52 Y141.656
G1 F4800 X123.461 Y141.876 E1547.42026
G0 F12000 X123.52 Y137.148
G1 F4800 X123.208 Y136.836 E1547.44961
G0 F12000 X121.572 Y137.193
G0 X121.5 Y141.332
G0 X121.76 Y141.332
;TYPE:SKIN
G1 F2400 X121.76 Y137.38 E1547.7125
G1 X123.24 Y137.38 E1547.81095
G1 X123.24 Y141.332 E1548.07384
G1 X121.76 Y141.332 E1548.17229
G0 F12000 X122.465 Y141.132
G1 F2400 X121.96 Y140.627 E1548.2198
G0 F12000 X121.96 Y140.062
G1 F2400 X123.03 Y141.132 E1548.32046
G0 F12000 X123.04 Y140.576
G1 F2400 X121.96 Y139.496 E1548.42206
G0 F12000 X121.96 Y138.93
G1 F2400 X123.04 Y140.011 E1548.5237
G0 F12000 X123.04 Y139.445
G1 F2400 X121.96 Y138.365 E1548.6253
G0 F12000 X121.96 Y137.799
G1 F2400 X123.04 Y138.879 E1548.7269
G0 F12000 X123.04 Y138.314
G1 F2400 X122.306 Y137.58 E1548.79595
G0 F12000 X122.872 Y137.58
G1 F2400 X123.04 Y137.748 E1548.81176
G0 F12000 X123.79 Y137.748
G1 F2700 E1543.81176
;MESH:NONMESH
G0 F300 X123.79 Y137.748 Z4.6
G0 F12000 X123.464 Y137.248
G0 X121.4 Y135.787
G0 X121.4 Y134.692
G0 X123.385 Y131.496
G0 X124.369 Y129.598
G0 X125.085 Y127.583
G0 X125.52 Y125.49
G0 X125.666 Y123.357
G0 X125.548 Y121.63
G0 X121.4 Y87.022
G0 X121.4 Y85.927
G0 X121.4 Y84.956
;TIME_ELAPSED:1547.760351
;LAYER:11
;TYPE:WALL-INNER
;MESH:hull_rear_plate.obj
G1 F2700 E1548.81176
G1 F2400 X123.6 Y84.956 E1548.9581
G1 X123.6 Y79.756 E1549.30401
G1 X121.4 Y79.756 E1549.45035
G1 X121.4 Y84.956 E1549.79626
G0 F12000 X121 Y85.356
G1 F2400 X124 Y85.356 E1549.99582
G1 X124 Y79.356 E1550.39494
G1 X121 Y79.356 E1550.5945
G1 X121 Y85.356 E1550.99362
G0 F12000 X120.6 Y85.756
G1 F2400 X124.4 Y85.756 E1551.2464
G1 X124.4 Y78.956 E1551.69874
G1 X120.6 Y78.956 E1551.95151
G1 X120.6 Y85.756 E1552.40385
G0 F12000 X120.2 Y86.156
;TYPE:WALL-OUTER
G1 F2400 X124.8 Y86.156 E1552.70984
G1 X124.8 Y78.556 E1553.2154
G1 X120.2 Y78.556 E1553.52139
G1 X120.2 Y86.156 E1554.02695
G0 F12000 X120.48 Y85.877
G0 X121.5 Y84.596
G0 X121.76 Y84.596
;TYPE:SKIN
G1 F2400 X121.76 Y80.116 E1554.32496
G1 X123.24 Y80.116 E1554.42341
G1 X123.24 Y84.596 E1554.72142
G1 X121.76 Y84.596 E1554.81987
G0 F12000 X122.645 Y84.396
G1 F2400 X123.039 Y84.001 E1554.85698
G0 F12000 X123.039 Y83.436
G1 F2400 X122.079 Y84.396 E1554.94729
G0 F12000 X121.96 Y83.949
G1 F2400 X123.039 Y82.87 E1555.0488
G0 F12000 X123.039 Y82.304
G1 F2400 X121.96 Y83.383 E1555.1503
G0 F12000 X121.96 Y82.818
G1 F2400 X123.039 Y81.739 E1555.25181
G0 F12000 X123.039 Y81.173
G1 F2400 X121.96 Y82.252 E1555.35331
G0 F12000 X121.96 Y81.686
G1 F2400 X123.039 Y80.607 E1555.45482
G0 F12000 X122.765 Y80.316
G1 F2400 X121.96 Y81.121 E1555.53055
G0 F12000 X121.96 Y80.555
G1 F2400 X122.199 Y80.316 E1555.55303
G0 F12000 X122.199 Y79.567
G1 F2700 E1550.55303
G0 F12000 X121.572 Y79.928
G0 X120.424 Y85.933
G0 X110 Y138.135
;TYPE:WALL-OUTER
G1 F2700 E1555.55303
G1 F2506.5 X108.978 Y138.126 E1555.61813
G1 F2566.8 X108.471 Y138.069 E1555.64986
G1 F2560 X106.996 Y137.853 E1555.74283
G1 F2553.2 X106.44 Y137.711 E1555.77871
G1 X105.046 Y137.307 E1555.86946
G1 X104.479 Y137.078 E1555.9077
G1 X103.19 Y136.502 E1555.99598
G1 F2560 X102.592 Y136.157 E1556.03903
G1 F2553.2 X101.457 Y135.448 E1556.12271
G1 F2560 X100.909 Y135.021 E1556.16604
G1 F2566.8 X99.902 Y134.181 E1556.2476
G1 X99.377 Y133.644 E1556.29431
G1 F2560 X98.509 Y132.692 E1556.37465
G1 F2553.2 X98.048 Y132.066 E1556.42326
G1 X97.36 Y131.064 E1556.49926
G1 X96.951 Y130.312 E1556.55279
G1 F2560 X96.421 Y129.249 E1556.62686
G1 F2566.8 X96.112 Y128.438 E1556.68084
G1 F2553.2 X95.746 Y127.363 E1556.75185
G1 X95.541 Y126.455 E1556.81006
G1 X95.334 Y125.369 E1556.87919
G1 F2566.8 X95.249 Y124.384 E1556.94068
G1 X95.196 Y123.356 E1557.0047
G1 F2560 X95.248 Y122.351 E1557.06746
G1 F2566.8 X95.334 Y121.343 E1557.13038
G1 X95.532 Y120.306 E1557.19604
G1 X95.749 Y119.341 E1557.25756
G1 F2560 X96.095 Y118.321 E1557.32473
G1 F2553.2 X96.416 Y117.466 E1557.38184
G1 X96.929 Y116.44 E1557.45356
G1 X97.348 Y115.666 E1557.5086
G1 X98.031 Y114.669 E1557.58417
G1 X98.509 Y114.02 E1557.63457
G1 F2560 X99.344 Y113.103 E1557.71191
G1 F2566.8 X99.902 Y112.531 E1557.76161
G1 F2560 X100.871 Y111.722 E1557.84033
G1 X101.457 Y111.264 E1557.88671
G1 X102.578 Y110.564 E1557.96913
G1 X103.179 Y110.216 E1558.01244
G1 F2553.2 X104.435 Y109.653 E1558.09851
G1 X105.034 Y109.409 E1558.13895
G1 X106.406 Y109.009 E1558.22831
G1 X106.996 Y108.859 E1558.26638
G1 X108.421 Y108.649 E1558.35644
G1 F2560 X108.981 Y108.586 E1558.39159
G1 X110.488 Y108.573 E1558.48557
G1 F2566.8 X111.019 Y108.585 E1558.51861
G1 X112.534 Y108.781 E1558.61362
G1 X113.001 Y108.857 E1558.64305
G1 X114.538 Y109.276 E1558.74213
G1 F2560 X114.963 Y109.407 E1558.76987
G1 X116.453 Y110.043 E1558.8709
G1 F2566.8 X116.807 Y110.207 E1558.89516
G1 F2560 X118.246 Y111.071 E1558.99984
G1 X118.541 Y111.261 E1559.02172
G1 F2553.2 X119.878 Y112.337 E1559.12903
G1 F2566.8 X120.101 Y112.528 E1559.14729
G1 F2560 X121.312 Y113.815 E1559.2575
G1 X121.491 Y114.017 E1559.27433
G1 F2526.3 X122.653 Y115.663 E1559.40166
G1 F2533 X123.586 Y117.464 E1559.5295
G1 F2539.7 X124.254 Y119.339 E1559.65462
G1 F2553.2 X124.673 Y121.342 E1559.78258
G1 F2566.8 X124.809 Y123.345 E1559.90744
G1 X124.674 Y125.358 E1560.03293
G1 F2553.2 X124.258 Y127.365 E1560.16109
G1 F2546.4 X123.586 Y129.24 E1560.28596
G1 F2539.7 X122.632 Y131.09 E1560.41681
G1 F2519.7 X121.491 Y132.695 E1560.54158
G1 F2560 X121.311 Y132.898 E1560.5585
G1 F2566.8 X120.101 Y134.184 E1560.66833
G1 X119.877 Y134.376 E1560.68668
G1 F2553.2 X118.541 Y135.451 E1560.7939
G1 X118.289 Y135.614 E1560.81267
G1 X116.807 Y136.505 E1560.92079
G1 X116.499 Y136.649 E1560.94205
G1 X114.963 Y137.305 E1561.04649
G1 X114.586 Y137.422 E1561.07117
G1 F2560 X113.001 Y137.855 E1561.17364
G1 F2566.8 X112.584 Y137.924 E1561.19993
G1 F2560 X111.019 Y138.127 E1561.29834
G1 F2566.8 X110.5 Y138.139 E1561.33063
G1 F2594.6 X110 Y138.135 E1561.3614
G0 F12000 X110 Y137.764
G1 F2580.6 X110.519 Y137.777 E1561.39352
G1 F2553.2 X110.987 Y137.74 E1561.42287
G1 F2566.8 X112.491 Y137.572 E1561.517
G1 X112.916 Y137.479 E1561.54406
G1 X114.445 Y137.085 E1561.64226
G1 F2553.2 X114.826 Y136.944 E1561.66766
G1 X116.336 Y136.323 E1561.76975
G1 X116.624 Y136.167 E1561.79024
G1 X118.06 Y135.327 E1561.89426
G1 F2560 X118.313 Y135.143 E1561.91377
G1 F2553.2 X119.715 Y134.036 E1562.02547
G1 F2594.6 X121.097 Y132.588 E1562.14863
G1 X122.248 Y130.995 E1562.26956
G1 X123.19 Y129.216 E1562.39342
G1 F2580.6 X123.879 Y127.327 E1562.51782
G1 F2566.8 X124.299 Y125.349 E1562.64358
G1 X124.435 Y123.356 E1562.76783
G1 X124.299 Y121.363 E1562.89208
G1 X123.879 Y119.385 E1563.01784
G1 F2580.6 X123.191 Y117.496 E1563.14221
G1 F2594.6 X122.248 Y115.717 E1563.2661
G1 X121.062 Y114.087 E1563.39014
G1 X119.715 Y112.676 E1563.51017
G1 F2553.2 X118.312 Y111.569 E1563.62192
G1 X118.081 Y111.399 E1563.63985
G1 X116.623 Y110.544 E1563.74554
G1 F2560 X116.336 Y110.389 E1563.76588
G1 F2553.2 X114.826 Y109.767 E1563.868
G1 F2560 X114.445 Y109.627 E1563.89331
G1 F2566.8 X112.915 Y109.232 E1563.99159
G1 X112.516 Y109.144 E1564.017
G1 F2560 X110.986 Y108.971 E1564.11303
G1 X110.519 Y108.935 E1564.14224
G1 F2553.2 X109 Y108.973 E1564.23725
G1 F2566.8 X108.483 Y109.005 E1564.26947
G1 X107.068 Y109.242 E1564.3587
G1 F2553.2 X106.503 Y109.357 E1564.39475
G1 X105.158 Y109.779 E1564.4829
G1 X104.591 Y109.978 E1564.52047
G1 X103.365 Y110.559 E1564.6053
G1 F2560 X102.778 Y110.862 E1564.6465
G1 X101.678 Y111.586 E1564.72862
G1 F2553.2 X101.11 Y111.989 E1564.77217
G1 X100.165 Y112.819 E1564.85082
G1 F2566.8 X99.617 Y113.334 E1564.89759
G1 F2560 X98.811 Y114.27 E1564.97462
G1 F2553.2 X98.324 Y114.876 E1565.02323
G1 X97.682 Y115.872 E1565.09733
G1 X97.256 Y116.586 E1565.14932
G1 X96.774 Y117.624 E1565.22088
G1 X96.444 Y118.407 E1565.27401
G1 F2560 X96.126 Y119.448 E1565.34189
G1 F2566.8 X95.888 Y120.343 E1565.39949
G1 X95.721 Y121.396 E1565.4658
G1 X95.605 Y122.364 E1565.52644
G1 F2560 X95.588 Y123.356 E1565.58831
G1 X95.605 Y124.348 E1565.65019
G1 X95.722 Y125.316 E1565.71099
G1 X95.883 Y126.345 E1565.77594
G1 F2553.2 X96.124 Y127.257 E1565.83493
G1 X96.439 Y128.293 E1565.90264
G1 F2566.8 X96.773 Y129.081 E1565.95587
G1 F2560 X97.256 Y130.123 E1566.02749
G1 F2553.2 X97.688 Y130.847 E1566.08021
G1 F2546.4 X98.319 Y131.828 E1566.15334
G1 F2553.2 X98.811 Y132.443 E1566.20259
G1 F2560 X99.617 Y133.379 E1566.27962
G1 F2566.8 X100.165 Y133.894 E1566.32639
G1 X101.104 Y134.718 E1566.40409
G1 F2560 X101.679 Y135.127 E1566.44809
G1 F2553.2 X102.778 Y135.85 E1566.53035
G1 F2560 X103.366 Y136.154 E1566.57163
G1 F2553.2 X104.585 Y136.731 E1566.65596
G1 X105.16 Y136.934 E1566.69409
G1 X106.503 Y137.355 E1566.7821
G1 X107.07 Y137.471 E1566.81828
G1 X108.476 Y137.706 E1566.90742
G1 F2560 X108.998 Y137.739 E1566.94004
G1 F2500 X110 Y137.764 E1567.00405
G1 F2700 E1562.00405
G0 F12000 X120.43 Y137.764
G0 X121.4 Y141.956
;TYPE:WALL-INNER
G1 F2700 E1567.00405
G1 F2400 X123.6 Y141.956 E1567.15039
G1 X123.6 Y136.756 E1567.4963
G1 X121.4 Y136.756 E1567.64264
G1 X121.4 Y141.956 E1567.98855
G0 F12000 X121 Y142.356
G1 F2400 X124 Y142.356 E1568.18811
G1 X124 Y136.356 E1568.58723
G1 X121 Y136.356 E1568.78679
G1 X121 Y142.356 E1569.18591
G0 F12000 X120.6 Y142.756
G1 F2400 X124.4 Y142.756 E1569.43869
G1 X124.4 Y135.956 E1569.89103
G1 X120.6 Y135.956 E1570.1438
G1 X120.6 Y142.756 E1570.59614
G0 F12000 X120.2 Y143.156
;TYPE:WALL-OUTER
G1 F2400 X124.8 Y143.156 E1570.90213
G1 X124.8 Y135.556 E1571.40769
G1 X120.2 Y135.556 E1571.71368
G1 X120.2 Y143.156 E1572.21923
G0 F12000 X120.48 Y142.877
G0 X121.5 Y141.596
G0 X121.76 Y141.596
;TYPE:SKIN
G1 F2400 X121.76 Y137.116 E1572.51725
G1 X123.24 Y137.116 E1572.6157
G1 X123.24 Y141.596 E1572.91371
G1 X121.76 Y141.596 E1573.01216
G0 F12000 X121.5 Y141.596
G0 X123.428 Y141.784
G0 X123.5 Y141.136
G0 X123.039 Y141.136
G1 F2400 X122.779 Y141.396 E1573.03662
G0 F12000 X122.214 Y141.396
G1 F2400 X123.039 Y140.57 E1573.11427
G0 F12000 X123.039 Y140.004
G1 F2400 X121.96 Y141.083 E1573.21578
G0 F12000 X121.96 Y140.518
G1 F2400 X123.039 Y139.439 E1573.31729
G0 F12000 X123.039 Y138.873
G1 F2400 X121.96 Y139.952 E1573.41879
G0 F12000 X121.96 Y139.386
G1 F2400 X123.039 Y138.307 E1573.5203
G0 F12000 X123.039 Y137.742
G1 F2400 X121.96 Y138.821 E1573.6218
G0 F12000 X121.96 Y138.255
G1 F2400 X122.899 Y137.316 E1573.71014
G0 F12000 X122.334 Y137.316
G1 F2400 X121.96 Y137.689 E1573.74527
G0 F12000 X121.21 Y137.689
G1 F2700 E1568.74527
;MESH:NONMESH
G0 F300 X121.21 Y137.689 Z5
G0 F12000 X121.4 Y135.787
G0 X121.4 Y134.692
G0 X123.385 Y131.496
G0 X124.369 Y129.598
G0 X125.085 Y127.583
G0 X125.52 Y125.49
G0 X125.666 Y123.357
G0 X125.548 Y121.63
G0 X121.4 Y87.022
G0 X121.4 Y85.927
G0 X121.4 Y84.956
;TIME_ELAPSED:1565.118050
;LAYER:12
;TYPE:WALL-INNER
;MESH:hull_rear_plate.obj
G1 F2700 E1573.74527
G1 F2400 X123.6 Y84.956 E1573.89162
G1 X123.6 Y79.756 E1574.23752
G1 X121.4 Y79.756 E1574.38387
G1 X121.4 Y84.956 E1574.72977
G0 F12000 X121 Y85.356
G1 F2400 X124 Y85.356 E1574.92934
G1 X124 Y79.356 E1575.32846
G1 X121 Y79.356 E1575.52802
G1 X121 Y85.356 E1575.92714
G0 F12000 X120.6 Y85.756
G1 F2400 X124.4 Y85.756 E1576.17992
G1 X124.4 Y78.956 E1576.63225
G1 X120.6 Y78.956 E1576.88503
G1 X120.6 Y85.756 E1577.33737
G0 F12000 X120.2 Y86.156
;TYPE:WALL-OUTER
G1 F2400 X124.8 Y86.156 E1577.64336
G1 X124.8 Y78.556 E1578.14892
G1 X120.2 Y78.556 E1578.45491
G1 X120.2 Y86.156 E1578.96046
G0 F12000 X120.48 Y85.877
G0 X121.5 Y84.596
G0 X121.76 Y84.596
;TYPE:SKIN
G1 F2400 X121.76 Y80.116 E1579.25847
G1 X123.24 Y80.116 E1579.35692
G1 X123.24 Y84.596 E1579.65494
G1 X121.76 Y84.596 E1579.75339
G0 F12000 X121.96 Y84.059
G1 F2400 X122.297 Y84.396 E1579.78509
G0 F12000 X122.863 Y84.396
G1 F2400 X121.96 Y83.494 E1579.86999
G0 F12000 X121.96 Y82.928
G1 F2400 X123.039 Y84.007 E1579.9715
G0 F12000 X123.039 Y83.441
G1 F2400 X121.96 Y82.362 E1580.073
G0 F12000 X121.96 Y81.797
G1 F2400 X123.039 Y82.876 E1580.17451
G0 F12000 X123.039 Y82.31
G1 F2400 X121.96 Y81.231 E1580.27601
G0 F12000 X121.96 Y80.665
G1 F2400 X123.039 Y81.744 E1580.37752
G0 F12000 X123.039 Y81.179
G1 F2400 X122.177 Y80.316 E1580.45866
G0 F12000 X122.742 Y80.316
G1 F2400 X123.039 Y80.613 E1580.4866
G0 F12000 X123.79 Y80.613
G1 F2700 E1575.4866
G0 F12000 X123.428 Y84.784
G0 X120.424 Y85.933
G0 X110 Y138.135
;TYPE:WALL-OUTER
G1 F2700 E1580.4866
G1 F2506.5 X108.978 Y138.126 E1580.55169
G1 F2566.8 X108.471 Y138.069 E1580.58343
G1 F2560 X106.996 Y137.853 E1580.67639
G1 F2553.2 X106.44 Y137.711 E1580.71227
G1 X105.046 Y137.307 E1580.80303
G1 X104.479 Y137.078 E1580.84126
G1 X103.19 Y136.502 E1580.92954
G1 F2560 X102.592 Y136.157 E1580.9726
G1 F2553.2 X101.457 Y135.448 E1581.05628
G1 F2560 X100.909 Y135.021 E1581.0996
G1 F2566.8 X99.902 Y134.181 E1581.18116
G1 X99.377 Y133.644 E1581.22787
G1 F2560 X98.509 Y132.692 E1581.30822
G1 F2553.2 X98.048 Y132.066 E1581.35683
G1 X97.36 Y131.064 E1581.43283
G1 X96.951 Y130.312 E1581.48636
G1 F2560 X96.421 Y129.249 E1581.56043
G1 F2566.8 X96.112 Y128.438 E1581.61441
G1 F2553.2 X95.746 Y127.363 E1581.68542
G1 X95.541 Y126.455 E1581.74362
G1 X95.334 Y125.369 E1581.81275
G1 F2566.8 X95.249 Y124.384 E1581.87424
G1 X95.196 Y123.356 E1581.93826
G1 F2560 X95.248 Y122.351 E1582.00102
G1 F2566.8 X95.334 Y121.343 E1582.06395
G1 X95.532 Y120.306 E1582.12961
G1 X95.749 Y119.341 E1582.19113
G1 F2560 X96.095 Y118.321 E1582.2583
G1 F2553.2 X96.416 Y117.466 E1582.3154
G1 X96.929 Y116.44 E1582.38713
G1 X97.348 Y115.666 E1582.44216
G1 X98.031 Y114.669 E1582.51773
G1 X98.509 Y114.02 E1582.56813
G1 F2560 X99.344 Y113.103 E1582.64547
G1 F2566.8 X99.902 Y112.531 E1582.69517
G1 F2560 X100.871 Y111.722 E1582.7739
G1 X101.457 Y111.264 E1582.82028
G1 X102.578 Y110.564 E1582.9027
G1 X103.179 Y110.216 E1582.94601
G1 F2553.2 X104.435 Y109.653 E1583.03207
G1 X105.034 Y109.409 E1583.07252
G1 X106.406 Y109.009 E1583.16188
G1 X106.996 Y108.859 E1583.19994
G1 X108.421 Y108.649 E1583.29001
G1 F2560 X108.981 Y108.586 E1583.32515
G1 X110.488 Y108.573 E1583.41914
G1 F2566.8 X111.019 Y108.585 E1583.45217
G1 X112.534 Y108.781 E1583.54718
G1 X113.001 Y108.857 E1583.57661
G1 X114.538 Y109.276 E1583.6757
G1 F2560 X114.963 Y109.407 E1583.70343
G1 X116.453 Y110.043 E1583.80446
G1 F2566.8 X116.807 Y110.207 E1583.82873
G1 F2560 X118.246 Y111.071 E1583.9334
G1 X118.541 Y111.261 E1583.95528
G1 F2553.2 X119.878 Y112.337 E1584.0626
G1 F2566.8 X120.101 Y112.528 E1584.08086
G1 F2560 X121.312 Y113.815 E1584.19106
G1 X121.491 Y114.017 E1584.2079
G1 F2526.3 X122.653 Y115.663 E1584.33522
G1 F2533 X123.586 Y117.464 E1584.46306
G1 F2539.7 X124.254 Y119.339 E1584.58818
G1 F2553.2 X124.673 Y121.342 E1584.71614
G1 F2566.8 X124.809 Y123.345 E1584.84101
G1 X124.674 Y125.358 E1584.96649
G1 F2553.2 X124.258 Y127.365 E1585.09465
G1 F2546.4 X123.586 Y129.24 E1585.21953
G1 F2539.7 X122.632 Y131.09 E1585.35038
G1 F2519.7 X121.491 Y132.695 E1585.47515
G1 F2560 X121.311 Y132.898 E1585.49207
G1 F2566.8 X120.101 Y134.184 E1585.60189
G1 X119.877 Y134.376 E1585.62024
G1 F2553.2 X118.541 Y135.451 E1585.72747
G1 X118.289 Y135.614 E1585.74623
G1 X116.807 Y136.505 E1585.85436
G1 X116.499 Y136.649 E1585.87562
G1 X114.963 Y137.305 E1585.98006
G1 X114.586 Y137.422 E1586.00474
G1 F2560 X113.001 Y137.855 E1586.1072
G1 F2566.8 X112.584 Y137.924 E1586.13349
G1 F2560 X111.019 Y138.127 E1586.23191
G1 F2566.8 X110.5 Y138.139 E1586.2642
G1 F2594.6 X110 Y138.135 E1586.29496
G0 F12000 X110 Y137.764
G1 F2580.6 X110.519 Y137.777 E1586.32708
G1 F2553.2 X110.987 Y137.74 E1586.35644
G1 F2566.8 X112.491 Y137.572 E1586.45056
G1 X112.916 Y137.479 E1586.47762
G1 X114.445 Y137.085 E1586.57583
G1 F2553.2 X114.826 Y136.944 E1586.60123
G1 X116.336 Y136.323 E1586.70332
G1 X116.624 Y136.167 E1586.7238
G1 X118.06 Y135.327 E1586.82783
G1 F2560 X118.313 Y135.143 E1586.84734
G1 F2553.2 X119.715 Y134.036 E1586.95903
G1 F2594.6 X121.097 Y132.588 E1587.0822
G1 X122.248 Y130.995 E1587.20313
G1 X123.19 Y129.216 E1587.32699
G1 F2580.6 X123.879 Y127.327 E1587.45138
G1 F2566.8 X124.299 Y125.349 E1587.57715
G1 X124.435 Y123.356 E1587.70139
G1 X124.299 Y121.363 E1587.82564
G1 X123.879 Y119.385 E1587.95141
G1 F2580.6 X123.191 Y117.496 E1588.07578
G1 F2594.6 X122.248 Y115.717 E1588.19967
G1 X121.062 Y114.087 E1588.32371
G1 X119.715 Y112.676 E1588.44374
G1 F2553.2 X118.312 Y111.569 E1588.55548
G1 X118.081 Y111.399 E1588.57342
G1 X116.623 Y110.544 E1588.6791
G1 F2560 X116.336 Y110.389 E1588.69945
G1 F2553.2 X114.826 Y109.767 E1588.80156
G1 F2560 X114.445 Y109.627 E1588.82688
G1 F2566.8 X112.915 Y109.232 E1588.92516
G1 X112.516 Y109.144 E1588.95057
G1 F2560 X110.986 Y108.971 E1589.04659
G1 X110.519 Y108.935 E1589.0758
G1 F2553.2 X109 Y108.973 E1589.17081
G1 F2566.8 X108.483 Y109.005 E1589.20303
G1 X107.068 Y109.242 E1589.29226
G1 F2553.2 X106.503 Y109.357 E1589.32832
G1 X105.158 Y109.779 E1589.41646
G1 X104.591 Y109.978 E1589.45404
G1 X103.365 Y110.559 E1589.53887
G1 F2560 X102.778 Y110.862 E1589.58006
G1 X101.678 Y111.586 E1589.66219
G1 F2553.2 X101.11 Y111.989 E1589.70574
G1 X100.165 Y112.819 E1589.78438
G1 F2566.8 X99.617 Y113.334 E1589.83116
G1 F2560 X98.811 Y114.27 E1589.90819
G1 F2553.2 X98.324 Y114.876 E1589.9568
G1 X97.682 Y115.872 E1590.03089
G1 X97.256 Y116.586 E1590.08288
G1 X96.774 Y117.624 E1590.15444
G1 X96.444 Y118.407 E1590.20758
G1 F2560 X96.126 Y119.448 E1590.27546
G1 F2566.8 X95.888 Y120.343 E1590.33306
G1 X95.721 Y121.396 E1590.39937
G1 X95.605 Y122.364 E1590.46
G1 F2560 X95.588 Y123.356 E1590.52188
G1 X95.605 Y124.348 E1590.58375
G1 X95.722 Y125.316 E1590.64456
G1 X95.883 Y126.345 E1590.70951
G1 F2553.2 X96.124 Y127.257 E1590.76849
G1 X96.439 Y128.293 E1590.8362
G1 F2566.8 X96.773 Y129.081 E1590.88943
G1 F2560 X97.256 Y130.123 E1590.96106
G1 F2553.2 X97.688 Y130.847 E1591.01377
G1 F2546.4 X98.319 Y131.828 E1591.0869
G1 F2553.2 X98.811 Y132.443 E1591.13615
G1 F2560 X99.617 Y133.379 E1591.21318
G1 F2566.8 X100.165 Y133.894 E1591.25995
G1 X101.104 Y134.718 E1591.33765
G1 F2560 X101.679 Y135.127 E1591.38166
G1 F2553.2 X102.778 Y135.85 E1591.46392
G1 F2560 X103.366 Y136.154 E1591.5052
G1 F2553.2 X104.585 Y136.731 E1591.58953
G1 X105.16 Y136.934 E1591.62766
G1 X106.503 Y137.355 E1591.71566
G1 X107.07 Y137.471 E1591.75185
G1 X108.476 Y137.706 E1591.84099
G1 F2560 X108.998 Y137.739 E1591.8736
G1 F2500 X110 Y137.764 E1591.93761
G1 F2700 E1586.93761
G0 F12000 X120.43 Y137.764
G0 X121.4 Y141.956
;TYPE:WALL-INNER
G1 F2700 E1591.93761
G1 F2400 X123.6 Y141.956 E1592.08396
G1 X123.6 Y136.756 E1592.42986
G1 X121.4 Y136.756 E1592.57621
G1 X121.4 Y141.956 E1592.92211
G0 F12000 X121 Y142.356
G1 F2400 X124 Y142.356 E1593.12167
G1 X124 Y136.356 E1593.52079
G1 X121 Y136.356 E1593.72035
G1 X121 Y142.356 E1594.11948
G0 F12000 X120.6 Y142.756
G1 F2400 X124.4 Y142.756 E1594.37225
G1 X124.4 Y135.956 E1594.82459
G1 X120.6 Y135.956 E1595.07737
G1 X120.6 Y142.756 E1595.52971
G0 F12000 X120.2 Y143.156
;TYPE:WALL-OUTER
G1 F2400 X124.8 Y143.156 E1595.8357
G1 X124.8 Y135.556 E1596.34125
G1 X120.2 Y135.556 E1596.64725
G1 X120.2 Y143.156 E1597.1528
G0 F12000 X120.48 Y142.877
G0 X121.5 Y141.596
G0 X121.76 Y141.596
;TYPE:SKIN
G1 F2400 X121.76 Y137.116 E1597.45081
G1 X123.24 Y137.116 E1597.54926
G1 X123.24 Y141.596 E1597.84727
G1 X121.76 Y141.596 E1597.94572
G0 F12000 X121.96 Y141.194
G1 F2400 X122.163 Y141.396 E1597.96477
G0 F12000 X122.728 Y141.396
G1 F2400 X121.96 Y140.628 E1598.03702
G0 F12000 X121.96 Y140.062
G1 F2400 X123.039 Y141.141 E1598.13853
G0 F12000 X123.039 Y140.576
G1 F2400 X121.96 Y139.497 E1598.24003
G0 F12000 X121.96 Y138.931
G1 F2400 X123.039 Y140.01 E1598.34154
G0 F12000 X123.039 Y139.444
G1 F2400 X121.96 Y138.365 E1598.44304
G0 F12000 X121.96 Y137.8
G1 F2400 X123.039 Y138.879 E1598.54455
G0 F12000 X123.039 Y138.313
G1 F2400 X122.042 Y137.316 E1598.63834
G0 F12000 X122.608 Y137.316
G1 F2400 X123.039 Y137.747 E1598.67889
G0 F12000 X123.79 Y137.747
G1 F2700 E1593.67889
;MESH:NONMESH
G0 F300 X123.79 Y137.747 Z5.4
G0 F12000 X123.428 Y136.928
G0 X121.4 Y135.787
G0 X121.4 Y134.692
G0 X123.385 Y131.496
G0 X124.369 Y129.598
G0 X125.085 Y127.583
G0 X125.52 Y125.49
G0 X125.666 Y123.357
G0 X125.548 Y121.63
G0 X121.4 Y87.022
G0 X121.4 Y85.927
G0 X121.4 Y84.956
;TIME_ELAPSED:1582.581440
;LAYER:13
;note -- min layer time used
;TYPE:WALL-INNER
;MESH:hull_rear_plate.obj
G1 F2700 E1598.67889
G1 F1322.1 X123.6 Y84.956 E1598.82523
G1 X123.6 Y79.756 E1599.17114
G1 X121.4 Y79.756 E1599.31748
G1 X121.4 Y84.956 E1599.66339
G0 F12000 X121 Y85.356
G1 F1322.1 X124 Y85.356 E1599.86295
G1 X124 Y79.356 E1600.26207
G1 X121 Y79.356 E1600.46163
G1 X121 Y85.356 E1600.86075
G0 F12000 X120.6 Y85.756
G1 F1322.1 X124.4 Y85.756 E1601.11353
G1 X124.4 Y78.956 E1601.56587
G1 X120.6 Y78.956 E1601.81864
G1 X120.6 Y85.756 E1602.27098
G0 F12000 X120.2 Y86.156
;TYPE:WALL-OUTER
G1 F1322.1 X124.8 Y86.156 E1602.57697
G1 X124.8 Y78.556 E1603.08253
G1 X120.2 Y78.556 E1603.38852
G1 X120.2 Y86.156 E1603.89408
G0 F12000 X120.48 Y85.877
G0 X121.5 Y84.596
G0 X121.76 Y84.596
;TYPE:SKIN
G1 F1322.1 X121.76 Y80.116 E1604.19209
G1 X123.24 Y80.116 E1604.29054
G1 X123.24 Y84.596 E1604.58855
G1 X121.76 Y84.596 E1604.687
G0 F12000 X122.645 Y84.396
G1 F1322.1 X123.039 Y84.001 E1604.72411
G0 F12000 X123.039 Y83.436
G1 F1322.1 X122.079 Y84.396 E1604.81442
G0 F12000 X121.96 Y83.949
G1 F1322.1 X123.039 Y82.87 E1604.91593
G0 F12000 X123.039 Y82.304
G1 F1322.1 X121.96 Y83.383 E1605.01743
G0 F12000 X121.96 Y82.818
G1 F1322.1 X123.039 Y81.739 E1605.11894
G0 F12000 X123.039 Y81.173
G1 F1322.1 X121.96 Y82.252 E1605.22044
G0 F12000 X121.96 Y81.686
G1 F1322.1 X123.039 Y80.607 E1605.32195
G0 F12000 X122.765 Y80.316
G1 F1322.1 X121.96 Y81.121 E1605.39768
G0 F12000 X121.96 Y80.555
G1 F1322.1 X122.199 Y80.316 E1605.42016
G0 F12000 X122.199 Y79.567
G1 F2700 E1600.42016
G0 F12000 X121.572 Y79.928
G0 X121.4 Y85.927
G0 X121.4 Y87.022
G0 X121.4 Y134.692
G0 X121.4 Y135.787
G0 X121.4 Y141.956
;TYPE:WALL-INNER
G1 F2700 E1605.42016
G1 F1322.1 X123.6 Y141.956 E1605.56651
G1 X123.6 Y136.756 E1605.91241
G1 X121.4 Y136.756 E1606.05876
G1 X121.4 Y141.956 E1606.40466
G0 F12000 X121 Y142.356
G1 F1322.1 X124 Y142.356 E1606.60422
G1 X124 Y136.356 E1607.00334
G1 X121 Y136.356 E1607.20291
G1 X121 Y142.356 E1607.60203
G0 F12000 X120.6 Y142.756
G1 F1322.1 X124.4 Y142.756 E1607.8548
G1 X124.4 Y135.956 E1608.30714
G1 X120.6 Y135.956 E1608.55992
G1 X120.6 Y142.756 E1609.01226
G0 F12000 X120.2 Y143.156
;TYPE:WALL-OUTER
G1 F1322.1 X124.8 Y143.156 E1609.31825
G1 X124.8 Y135.556 E1609.8238
G1 X120.2 Y135.556 E1610.1298
G1 X120.2 Y143.156 E1610.63535
G0 F12000 X120.48 Y142.877
G0 X121.5 Y141.596
G0 X121.76 Y141.596
;TYPE:SKIN
G1 F1322.1 X121.76 Y137.116 E1610.93336
G1 X123.24 Y137.116 E1611.03181
G1 X123.24 Y141.596 E1611.32982
G1 X121.76 Y141.596 E1611.42827
G0 F12000 X121.5 Y141.596
G0 X123.428 Y141.784
G0 X123.5 Y141.136
G0 X123.039 Y141.136
G1 F1322.1 X122.779 Y141.396 E1611.45273
G0 F12000 X122.214 Y141.396
G1 F1322.1 X123.039 Y140.57 E1611.53039
G0 F12000 X123.039 Y140.004
G1 F1322.1 X121.96 Y141.083 E1611.6319
G0 F12000 X121.96 Y140.518
G1 F1322.1 X123.039 Y139.439 E1611.7334
G0 F12000 X123.039 Y138.873
G1 F1322.1 X121.96 Y139.952 E1611.83491
G0 F12000 X121.96 Y139.386
G1 F1322.1 X123.039 Y138.307 E1611.93641
G0 F12000 X123.039 Y137.742
G1 F1322.1 X121.96 Y138.821 E1612.03792
G0 F12000 X121.96 Y138.255
G1 F1322.1 X122.899 Y137.316 E1612.12625
G0 F12000 X122.334 Y137.316
G1 F1322.1 X121.96 Y137.689 E1612.16139
G0 F12000 X121.21 Y137.689
G1 F2700 E1607.16139
;MESH:NONMESH
G0 F300 X121.21 Y137.689 Z5.8
G0 F12000 X121.466 Y135.787
G0 X121.466 Y134.692
G0 X121.466 Y87.022
G0 X121.466 Y85.927
G0 X121.466 Y80.354
;TIME_ELAPSED:1597.117780
;LAYER:14
;note -- min layer time used
;TYPE:WALL-INNER
;MESH:hull_rear_plate.obj
G1 F2700 E1612.16139
G1 F832.6 X123.534 Y80.354 E1612.34435
G1 X123.534 Y79.822 E1612.39142
G1 X121.466 Y79.822 E1612.57438
G1 X121.466 Y80.354 E1612.62144
G0 F12000 X121 Y80.82
G1 F1107.4 X124 Y80.82 E1612.82101
G1 X124 Y79.356 E1612.91839
G1 X121 Y79.356 E1613.11795
G1 X121 Y80.82 E1613.21534
G0 F12000 X120.6 Y81.22
G1 F1107.4 X124.4 Y81.22 E1613.46811
G1 X124.4 Y78.956 E1613.61872
G1 X120.6 Y78.956 E1613.87149
G1 X120.6 Y81.22 E1614.0221
G0 F12000 X120.2 Y81.62
;TYPE:WALL-OUTER
G1 F1107.4 X124.8 Y81.62 E1614.32809
G1 X124.8 Y78.556 E1614.53191
G1 X120.2 Y78.556 E1614.8379
G1 X120.2 Y81.62 E1615.04172
G0 F12000 X121.093 Y80.61
G1 F2700 E1610.04172
G0 F12000 X121.466 Y81.41
G0 X121.466 Y83.305
G0 X121.466 Y84.89
;TYPE:WALL-INNER
G1 F2700 E1615.04172
G1 F832.6 X123.534 Y84.89 E1615.22468
G1 X123.534 Y84.358 E1615.27175
G1 X121.466 Y84.358 E1615.45471
G1 X121.466 Y84.89 E1615.50177
G0 F12000 X121 Y85.356
G1 F1107.4 X124 Y85.356 E1615.70133
G1 X124 Y83.892 E1615.79872
G1 X121 Y83.892 E1615.99828
G1 X121 Y85.356 E1616.09567
G0 F12000 X120.6 Y85.756
G1 F1107.4 X124.4 Y85.756 E1616.34844
G1 X124.4 Y83.492 E1616.49904
G1 X120.6 Y83.492 E1616.75182
G1 X120.6 Y85.756 E1616.90242
G0 F12000 X120.2 Y86.156
;TYPE:WALL-OUTER
G1 F1107.4 X124.8 Y86.156 E1617.20842
G1 X124.8 Y83.092 E1617.41223
G1 X120.2 Y83.092 E1617.71823
G1 X120.2 Y86.156 E1617.92205
G0 F12000 X121.092 Y85.147
G1 F2700 E1612.92205
G0 F12000 X121.466 Y85.927
G0 X121.466 Y87.022
G0 X121.466 Y134.692
G0 X121.466 Y135.787
G0 X121.466 Y137.354
;TYPE:WALL-INNER
G1 F2700 E1617.92205
G1 F832.6 X123.534 Y137.354 E1618.10501
G1 X123.534 Y136.822 E1618.15207
G1 X121.466 Y136.822 E1618.33503
G1 X121.466 Y137.354 E1618.3821
G0 F12000 X121 Y137.82
G1 F1107.4 X124 Y137.82 E1618.58166
G1 X124 Y136.356 E1618.67905
G1 X121 Y136.356 E1618.87861
G1 X121 Y137.82 E1618.97599
G0 F12000 X120.6 Y138.22
G1 F1107.4 X124.4 Y138.22 E1619.22877
G1 X124.4 Y135.956 E1619.37937
G1 X120.6 Y135.956 E1619.63215
G1 X120.6 Y138.22 E1619.78275
G0 F12000 X120.2 Y138.62
;TYPE:WALL-OUTER
G1 F1107.4 X124.8 Y138.62 E1620.08874
G1 X124.8 Y135.556 E1620.29256
G1 X120.2 Y135.556 E1620.59856
G1 X120.2 Y138.62 E1620.80237
G0 F12000 X121.093 Y137.61
G1 F2700 E1615.80237
G0 F12000 X121.466 Y138.41
G0 X121.466 Y140.305
G0 X121.466 Y141.89
;TYPE:WALL-INNER
G1 F2700 E1620.80237
G1 F832.6 X123.534 Y141.89 E1620.98533
G1 X123.534 Y141.358 E1621.0324
G1 X121.466 Y141.358 E1621.21536
G1 X121.466 Y141.89 E1621.26243
G0 F12000 X121 Y142.356
G1 F1107.4 X124 Y142.356 E1621.46199
G1 X124 Y140.892 E1621.55937
G1 X121 Y140.892 E1621.75893
G1 X121 Y142.356 E1621.85632
G0 F12000 X120.6 Y142.756
G1 F1107.4 X124.4 Y142.756 E1622.1091
G1 X124.4 Y140.492 E1622.2597
G1 X120.6 Y140.492 E1622.51248
G1 X120.6 Y142.756 E1622.66308
G0 F12000 X120.2 Y143.156
;TYPE:WALL-OUTER
G1 F1107.4 X124.8 Y143.156 E1622.96907
G1 X124.8 Y140.092 E1623.17289
G1 X120.2 Y140.092 E1623.47888
G1 X120.2 Y143.156 E1623.6827
G0 F12000 X121.092 Y142.147
G1 F2700 E1618.6827
;MESH:NONMESH
G0 F300 X121.092 Y142.147 Z6.2
G0 F12000 X120.438 Y140.333
G0 X119.335 Y140.305
G0 X119.335 Y81.411
G0 X120.438 Y81.383
G0 X121.442 Y79.798
;TIME_ELAPSED:1611.931977
;LAYER:15
;note -- min layer time used
;TYPE:WALL-INNER
;MESH:hull_rear_plate.obj
G1 F2700 E1623.6827
G1 F776.5 X123.558 Y79.798 E1623.85302
G0 F12000 X121 Y80.24
G1 F939.6 X124 Y80.24 E1624.05258
G1 X124 Y79.356 E1624.11138
G1 X121 Y79.356 E1624.31094
G1 X121 Y80.24 E1624.36975
G0 F12000 X120.6 Y80.64
G1 F939.6 X124.4 Y80.64 E1624.62252
G1 X124.4 Y78.956 E1624.73454
G1 X120.6 Y78.956 E1624.98732
G1 X120.6 Y80.64 E1625.09934
G0 F12000 X120.2 Y81.04
;TYPE:WALL-OUTER
G1 F939.6 X124.8 Y81.04 E1625.40533
G1 X124.8 Y78.556 E1625.57057
G1 X120.2 Y78.556 E1625.87656
G1 X120.2 Y81.04 E1626.0418
G0 F12000 X121.092 Y80.03
G1 F2700 E1621.0418
G0 F12000 X121.442 Y80.81
G0 X121.442 Y81.905
G0 X121.441 Y82.81
G0 X121.442 Y83.885
G0 X121.442 Y84.914
;TYPE:WALL-INNER
G1 F2700 E1626.0418
G1 F776.5 X123.558 Y84.914 E1626.21212
G0 F12000 X121 Y85.356
G1 F939.6 X124 Y85.356 E1626.41168
G1 X124 Y84.472 E1626.47048
G1 X121 Y84.472 E1626.67004
G1 X121 Y85.356 E1626.72885
G0 F12000 X120.6 Y85.756
G1 F939.6 X124.4 Y85.756 E1626.98162
G1 X124.4 Y84.072 E1627.09364
G1 X120.6 Y84.072 E1627.34642
G1 X120.6 Y85.756 E1627.45844
G0 F12000 X120.2 Y86.156
;TYPE:WALL-OUTER
G1 F939.6 X124.8 Y86.156 E1627.76443
G1 X124.8 Y83.672 E1627.92967
G1 X120.2 Y83.672 E1628.23566
G1 X120.2 Y86.156 E1628.4009
G0 F12000 X121.093 Y85.146
G1 F2700 E1623.4009
G0 F12000 X121.442 Y85.926
G0 X121.442 Y87.021
G0 X121.442 Y134.693
G0 X121.442 Y135.788
G0 X121.442 Y136.798
;TYPE:WALL-INNER
G1 F2700 E1628.4009
G1 F776.5 X123.558 Y136.798 E1628.57121
G0 F12000 X121 Y137.24
G1 F939.6 X124 Y137.24 E1628.77078
G1 X124 Y136.356 E1628.82958
G1 X121 Y136.356 E1629.02914
G1 X121 Y137.24 E1629.08794
G0 F12000 X120.6 Y137.64
G1 F939.6 X124.4 Y137.64 E1629.34072
G1 X124.4 Y135.956 E1629.45274
G1 X120.6 Y135.956 E1629.70552
G1 X120.6 Y137.64 E1629.81754
G0 F12000 X120.2 Y138.04
;TYPE:WALL-OUTER
G1 F939.6 X124.8 Y138.04 E1630.12353
G1 X124.8 Y135.556 E1630.28877
G1 X120.2 Y135.556 E1630.59476
G1 X120.2 Y138.04 E1630.76
G0 F12000 X121.092 Y137.03
G1 F2700 E1625.76
G0 F12000 X121.442 Y137.81
G0 X121.442 Y138.905
G0 X121.441 Y139.81
G0 X121.442 Y140.885
G0 X121.442 Y141.914
;TYPE:WALL-INNER
G1 F2700 E1630.76
G1 F776.5 X123.558 Y141.914 E1630.93031
G0 F12000 X121 Y142.356
G1 F939.6 X124 Y142.356 E1631.12987
G1 X124 Y141.472 E1631.18868
G1 X121 Y141.472 E1631.38824
G1 X121 Y142.356 E1631.44704
G0 F12000 X120.6 Y142.756
G1 F939.6 X124.4 Y142.756 E1631.69982
G1 X124.4 Y141.072 E1631.81184
G1 X120.6 Y141.072 E1632.06462
G1 X120.6 Y142.756 E1632.17664
G0 F12000 X120.2 Y143.156
;TYPE:WALL-OUTER
G1 F939.6 X124.8 Y143.156 E1632.48263
G1 X124.8 Y140.672 E1632.64787
G1 X120.2 Y140.672 E1632.95386
G1 X120.2 Y143.156 E1633.1191
G0 F12000 X121.093 Y142.146
G1 F2700 E1628.1191
;MESH:NONMESH
G0 F300 X121.093 Y142.146 Z6.6
G0 F12000 X121.132 Y140.885
G0 X121.131 Y139.81
G0 X119.347 Y138.893
G0 X119.347 Y82.822
G0 X121.132 Y81.905
G0 X121.132 Y80.81
G0 X121.118 Y79.874
;TIME_ELAPSED:1626.468531
;LAYER:16
;note -- min layer time used
;TYPE:WALL-INNER
;MESH:hull_rear_plate.obj
G1 F2700 E1633.1191
G1 F427.4 X123.882 Y79.874 E1633.41144
G0 F12000 X120.88 Y80.112
G0 X120.6 Y80.392
G1 F679.6 X124.4 Y80.392 E1633.66421
G1 X124.4 Y79.356 E1633.73313
G1 X120.6 Y79.356 E1633.98591
G1 X120.6 Y80.392 E1634.05482
G0 F12000 X120.2 Y80.792
;TYPE:WALL-OUTER
G1 F679.6 X124.8 Y80.792 E1634.36081
G1 X124.8 Y78.956 E1634.48295
G1 X120.2 Y78.956 E1634.78894
G1 X120.2 Y80.792 E1634.91107
G0 F12000 X121.092 Y79.782
G1 F2700 E1629.91107
G0 F12000 X121.118 Y80.562
G0 X121.118 Y81.657
G0 X121.117 Y83.058
G0 X121.118 Y84.133
G0 X121.118 Y84.838
;TYPE:WALL-INNER
G1 F2700 E1634.91107
G1 F427.4 X123.882 Y84.838 E1635.20341
G0 F12000 X120.88 Y85.077
G0 X120.6 Y85.356
G1 F679.6 X124.4 Y85.356 E1635.45619
G1 X124.4 Y84.32 E1635.5251
G1 X120.6 Y84.32 E1635.77788
G1 X120.6 Y85.356 E1635.84679
G0 F12000 X120.2 Y85.756
;TYPE:WALL-OUTER
G1 F679.6 X124.8 Y85.756 E1636.15279
G1 X124.8 Y83.92 E1636.27492
G1 X120.2 Y83.92 E1636.58091
G1 X120.2 Y85.756 E1636.70304
G0 F12000 X121.093 Y84.746
G1 F2700 E1631.70304
G0 F12000 X121.106 Y85.546
G0 X121.107 Y86.621
G0 X121.106 Y135.093
G0 X121.106 Y136.188
G0 X121.118 Y136.874
;TYPE:WALL-INNER
G1 F2700 E1636.70304
G1 F427.4 X123.882 Y136.874 E1636.99538
G0 F12000 X120.88 Y137.112
G0 X120.6 Y137.392
G1 F679.6 X124.4 Y137.392 E1637.24816
G1 X124.4 Y136.356 E1637.31708
G1 X120.6 Y136.356 E1637.56985
G1 X120.6 Y137.392 E1637.63877
G0 F12000 X120.2 Y137.792
;TYPE:WALL-OUTER
G1 F679.6 X124.8 Y137.792 E1637.94476
G1 X124.8 Y135.956 E1638.06689
G1 X120.2 Y135.956 E1638.37289
G1 X120.2 Y137.792 E1638.49502
G0 F12000 X121.092 Y136.782
G1 F2700 E1633.49502
G0 F12000 X121.118 Y137.562
G0 X121.118 Y138.657
G0 X121.117 Y140.058
G0 X121.118 Y141.133
G0 X121.118 Y141.838
;TYPE:WALL-INNER
G1 F2700 E1638.49502
G1 F427.4 X123.882 Y141.838 E1638.78736
G0 F12000 X120.88 Y142.077
G0 X120.6 Y142.356
G1 F679.6 X124.4 Y142.356 E1639.04013
G1 X124.4 Y141.32 E1639.10905
G1 X120.6 Y141.32 E1639.36183
G1 X120.6 Y142.356 E1639.43074
G0 F12000 X120.2 Y142.756
;TYPE:WALL-OUTER
G1 F679.6 X124.8 Y142.756 E1639.73674
G1 X124.8 Y140.92 E1639.85887
G1 X120.2 Y140.92 E1640.16486
G1 X120.2 Y142.756 E1640.28699
G0 F12000 X121.093 Y141.746
G1 F2700 E1635.28699
;MESH:NONMESH
G0 F300 X121.093 Y141.746 Z7
G0 F12000 X120.894 Y141.133
G0 X120.893 Y140.058
G0 X119.347 Y138.645
G0 X119.347 Y83.07
G0 X120.894 Y81.657
G0 X120.894 Y80.562
G0 X120.88 Y80.112
G0 X120.631 Y80.249
;TIME_ELAPSED:1640.937582
;LAYER:17
;note -- min layer time used
;TYPE:WALL-INNER
;MESH:hull_rear_plate.obj
G1 F2700 E1640.28699
G1 F519.5 X124.369 Y80.249 E1640.57418
G1 X124.369 Y79.787 E1640.60968
G1 X120.631 Y79.787 E1640.89687
G1 X120.631 Y80.249 E1640.93237
G0 F12000 X120.2 Y80.68
;TYPE:WALL-OUTER
G1 F600 X124.8 Y80.68 E1641.23836
G1 X124.8 Y79.356 E1641.32644
G1 X120.2 Y79.356 E1641.63243
G1 X120.2 Y80.68 E1641.7205
G1 F2700 E1636.7205
G0 F12000 X120.48 Y80.402
G0 X120.879 Y80.471
G0 X120.88 Y81.546
G0 X120.877 Y83.168
G0 X120.877 Y84.263
G0 X120.88 Y84.677
G0 X120.631 Y84.925
;TYPE:WALL-INNER
G1 F2700 E1641.7205
G1 F519.5 X124.369 Y84.925 E1642.0077
G1 X124.369 Y84.463 E1642.04319
G1 X120.631 Y84.463 E1642.33039
G1 X120.631 Y84.925 E1642.36588
G0 F12000 X120.2 Y85.356
;TYPE:WALL-OUTER
G1 F600 X124.8 Y85.356 E1642.67188
G1 X124.8 Y84.032 E1642.75995
G1 X120.2 Y84.032 E1643.06594
G1 X120.2 Y85.356 E1643.15401
G1 F2700 E1638.15401
G0 F12000 X120.48 Y85.077
G0 X120.868 Y85.146
G0 X120.869 Y86.221
G0 X120.868 Y135.493
G0 X120.868 Y136.588
G0 X120.88 Y137.002
G0 X120.631 Y137.249
;TYPE:WALL-INNER
G1 F2700 E1643.15401
G1 F519.5 X124.369 Y137.249 E1643.44121
G1 X124.369 Y136.787 E1643.4767
G1 X120.631 Y136.787 E1643.7639
G1 X120.631 Y137.249 E1643.79939
G0 F12000 X120.2 Y137.68
;TYPE:WALL-OUTER
G1 F600 X124.8 Y137.68 E1644.10539
G1 X124.8 Y136.356 E1644.19346
G1 X120.2 Y136.356 E1644.49945
G1 X120.2 Y137.68 E1644.58753
G1 F2700 E1639.58753
G0 F12000 X120.48 Y137.402
G0 X120.879 Y137.471
G0 X120.88 Y138.546
G0 X120.877 Y140.168
G0 X120.877 Y141.263
G0 X120.88 Y141.677
G0 X120.631 Y141.925
;TYPE:WALL-INNER
G1 F2700 E1644.58753
G1 F519.5 X124.369 Y141.925 E1644.87472
G1 X124.369 Y141.463 E1644.91022
G1 X120.631 Y141.463 E1645.19741
G1 X120.631 Y141.925 E1645.23291
G0 F12000 X120.2 Y142.356
;TYPE:WALL-OUTER
G1 F600 X124.8 Y142.356 E1645.5389
G1 X124.8 Y141.032 E1645.62697
G1 X120.2 Y141.032 E1645.93297
G1 X120.2 Y142.356 E1646.02104
G1 F2700 E1641.02104
;MESH:NONMESH
G0 F300 X120.2 Y142.356 Z7.4
G0 F12000 X120.48 Y142.077
G0 X120.864 Y141.263
G0 X120.864 Y140.168
G0 X119.347 Y138.535
G0 X119.347 Y83.18
G0 X120.851 Y81.546
G0 X120.85 Y80.471
G0 X120.88 Y80.002
G0 X120.575 Y80.305
;TIME_ELAPSED:1653.688662
;LAYER:18
;note -- min layer time used
;TYPE:WALL-INNER
;MESH:hull_rear_plate.obj
G1 F2700 E1646.02104
G1 F685.7 X124.425 Y80.305 E1646.24513
G1 X124.425 Y79.955 E1646.2655
G1 X120.575 Y79.955 E1646.48959
G1 X120.575 Y80.305 E1646.50996
G0 F12000 X120.2 Y80.68
;TYPE:WALL-OUTER
G1 F600 X124.8 Y80.68 E1646.81596
G1 X124.8 Y79.58 E1646.88913
G1 X120.2 Y79.58 E1647.19512
G1 X120.2 Y80.68 E1647.26829
G1 F2700 E1642.26829
G0 F12000 X120.48 Y80.4
G0 X120.578 Y81.546
G0 X120.576 Y83.169
G0 X120.575 Y84.757
;TYPE:WALL-INNER
G1 F2700 E1647.26829
G1 F685.7 X124.425 Y84.757 E1647.49238
G1 X124.425 Y84.407 E1647.51276
G1 X120.575 Y84.407 E1647.73685
G1 X120.575 Y84.757 E1647.75722
G0 F12000 X120.2 Y85.132
;TYPE:WALL-OUTER
G1 F600 X124.8 Y85.132 E1648.06321
G1 X124.8 Y84.032 E1648.13638
G1 X120.2 Y84.032 E1648.44238
G1 X120.2 Y85.132 E1648.51555
G1 F2700 E1643.51555
G0 F12000 X120.48 Y84.854
G0 X120.589 Y86
G0 X120.575 Y135.715
G0 X120.575 Y137.305
;TYPE:WALL-INNER
G1 F2700 E1648.51555
G1 F685.7 X124.425 Y137.305 E1648.73964
G1 X124.425 Y136.955 E1648.76001
G1 X120.575 Y136.955 E1648.9841
G1 X120.575 Y137.305 E1649.00447
G0 F12000 X120.2 Y137.68
;TYPE:WALL-OUTER
G1 F600 X124.8 Y137.68 E1649.31047
G1 X124.8 Y136.58 E1649.38364
G1 X120.2 Y136.58 E1649.68963
G1 X120.2 Y137.68 E1649.7628
G1 F2700 E1644.7628
G0 F12000 X120.48 Y137.4
G0 X120.578 Y138.546
G0 X120.576 Y140.169
G0 X120.575 Y141.757
;TYPE:WALL-INNER
G1 F2700 E1649.7628
G1 F685.7 X124.425 Y141.757 E1649.98689
G1 X124.425 Y141.407 E1650.00727
G1 X120.575 Y141.407 E1650.23136
G1 X120.575 Y141.757 E1650.25173
G0 F12000 X120.2 Y142.132
;TYPE:WALL-OUTER
G1 F600 X124.8 Y142.132 E1650.55772
G1 X124.8 Y141.032 E1650.63089
G1 X120.2 Y141.032 E1650.93689
G1 X120.2 Y142.132 E1651.01006
G1 F2700 E1646.01006
;MESH:NONMESH
G0 F300 X120.2 Y142.132 Z7.8
G0 F12000 X120.48 Y141.854
G0 X120.575 Y141.264
G0 X120.575 Y140.169
G0 X119.347 Y138.533
G0 X119.347 Y83.181
G0 X120.591 Y81.546
G0 X120.591 Y80.397
;TIME_ELAPSED:1665.138864
;LAYER:19
;note -- min layer time used
;TYPE:WALL-INNER
;MESH:hull_rear_plate.obj
G1 F2700 E1651.01006
G1 F628.3 X124.409 Y80.397 E1651.2526
G1 X124.409 Y80.015 E1651.27687
G1 X120.591 Y80.015 E1651.51942
G1 X120.591 Y80.397 E1651.54368
G0 F12000 X120.2 Y80.788
;TYPE:WALL-OUTER
G1 F600 X124.8 Y80.788 E1651.84968
G1 X124.8 Y79.624 E1651.92711
G1 X120.2 Y79.624 E1652.2331
G1 X120.2 Y80.788 E1652.31053
G1 F2700 E1647.31053
G0 F12000 X120.48 Y80.508
G0 X120.591 Y81.653
G0 X120.591 Y83.062
G0 X120.591 Y84.697
;TYPE:WALL-INNER
G1 F2700 E1652.31053
G1 F628.3 X124.409 Y84.697 E1652.55308
G1 X124.409 Y84.315 E1652.57734
G1 X120.591 Y84.315 E1652.81989
G1 X120.591 Y84.697 E1652.84416
G0 F12000 X120.2 Y85.088
;TYPE:WALL-OUTER
G1 F600 X124.8 Y85.088 E1653.15015
G1 X124.8 Y83.924 E1653.22758
G1 X120.2 Y83.924 E1653.53357
G1 X120.2 Y85.088 E1653.611
G1 F2700 E1648.611
G0 F12000 X120.48 Y84.809
G0 X120.591 Y85.954
G0 X120.591 Y135.761
G0 X120.591 Y137.397
;TYPE:WALL-INNER
G1 F2700 E1653.611
G1 F628.3 X124.409 Y137.397 E1653.85355
G1 X124.409 Y137.015 E1653.87781
G1 X120.591 Y137.015 E1654.12036
G1 X120.591 Y137.397 E1654.14463
G0 F12000 X120.2 Y137.788
;TYPE:WALL-OUTER
G1 F600 X124.8 Y137.788 E1654.45062
G1 X124.8 Y136.624 E1654.52805
G1 X120.2 Y136.624 E1654.83404
G1 X120.2 Y137.788 E1654.91147
G1 F2700 E1649.91147
G0 F12000 X120.48 Y137.508
G0 X120.591 Y138.653
G0 X120.591 Y140.062
G0 X120.591 Y141.697
;TYPE:WALL-INNER
G1 F2700 E1654.91147
G1 F628.3 X124.409 Y141.697 E1655.15402
G1 X124.409 Y141.315 E1655.17828
G1 X120.591 Y141.315 E1655.42083
G1 X120.591 Y141.697 E1655.4451
G0 F12000 X120.2 Y142.088
;TYPE:WALL-OUTER
G1 F600 X124.8 Y142.088 E1655.75109
G1 X124.8 Y140.924 E1655.82852
G1 X120.2 Y140.924 E1656.13451
G1 X120.2 Y142.088 E1656.21194
G1 F2700 E1651.21194
;MESH:NONMESH
G0 F300 X120.2 Y142.088 Z8.2
G0 F12000 X120.48 Y141.809
G0 X120.625 Y141.157
G0 X120.625 Y140.062
G0 X119.347 Y138.641
G0 X119.347 Y83.074
G0 X120.625 Y81.653
G0 X120.625 Y80.623
;TIME_ELAPSED:1676.898696
;LAYER:20
;note -- min layer time used
;TYPE:WALL-INNER
;MESH:hull_rear_plate.obj
G1 F2700 E1656.21194
G1 F533.3 X124.375 Y80.623 E1656.49258
G1 X124.375 Y80.173 E1656.52625
G1 X120.625 Y80.173 E1656.80688
G1 X120.625 Y80.623 E1656.84056
G0 F12000 X120.2 Y81.048
;TYPE:WALL-OUTER
G1 F600 X124.8 Y81.048 E1657.14655
G1 X124.8 Y79.748 E1657.23303
G1 X120.2 Y79.748 E1657.53902
G1 X120.2 Y81.048 E1657.6255
G1 F2700 E1652.6255
G0 F12000 X120.48 Y80.769
G0 X120.88 Y80.819
G0 X120.88 Y81.914
G0 X120.879 Y82.801
G0 X120.88 Y83.876
G0 X120.88 Y84.286
G0 X120.625 Y84.539
;TYPE:WALL-INNER
G1 F2700 E1657.6255
G1 F533.3 X124.375 Y84.539 E1657.90613
G1 X124.375 Y84.089 E1657.93981
G1 X120.625 Y84.089 E1658.22044
G1 X120.625 Y84.539 E1658.25412
G0 F12000 X120.2 Y84.964
;TYPE:WALL-OUTER
G1 F600 X124.8 Y84.964 E1658.56011
G1 X124.8 Y83.664 E1658.64659
G1 X120.2 Y83.664 E1658.95258
G1 X120.2 Y84.964 E1659.03905
G1 F2700 E1654.03905
G0 F12000 X120.48 Y84.686
G0 X120.868 Y84.755
G0 X120.869 Y85.83
G0 X120.868 Y135.885
G0 X120.868 Y136.98
G0 X120.88 Y137.369
G0 X120.625 Y137.623
;TYPE:WALL-INNER
G1 F2700 E1659.03905
G1 F533.3 X124.375 Y137.623 E1659.31969
G1 X124.375 Y137.173 E1659.35336
G1 X120.625 Y137.173 E1659.634
G1 X120.625 Y137.623 E1659.66767
G0 F12000 X120.2 Y138.048
;TYPE:WALL-OUTER
G1 F600 X124.8 Y138.048 E1659.97366
G1 X124.8 Y136.748 E1660.06014
G1 X120.2 Y136.748 E1660.36613
G1 X120.2 Y138.048 E1660.45261
G1 F2700 E1655.45261
G0 F12000 X120.48 Y137.769
G0 X120.88 Y137.819
G0 X120.88 Y138.914
G0 X120.879 Y139.801
G0 X120.88 Y140.876
G0 X120.88 Y141.286
G0 X120.625 Y141.539
;TYPE:WALL-INNER
G1 F2700 E1660.45261
G1 F533.3 X124.375 Y141.539 E1660.73324
G1 X124.375 Y141.089 E1660.76692
G1 X120.625 Y141.089 E1661.04755
G1 X120.625 Y141.539 E1661.08123
G0 F12000 X120.2 Y141.964
;TYPE:WALL-OUTER
G1 F600 X124.8 Y141.964 E1661.38722
G1 X124.8 Y140.664 E1661.4737
G1 X120.2 Y140.664 E1661.77969
G1 X120.2 Y141.964 E1661.86617
G1 F2700 E1656.86617
;MESH:NONMESH
G0 F300 X120.2 Y141.964 Z8.6
G0 F12000 X120.48 Y141.686
G0 X121.077 Y140.876
G0 X121.076 Y139.801
G0 X119.347 Y138.902
G0 X119.347 Y82.813
G0 X121.077 Y81.914
G0 X121.077 Y80.819
G0 X121.063 Y80.409
G0 X121.064 Y80.78
;TIME_ELAPSED:1689.544341
;LAYER:21
;note -- min layer time used
;TYPE:WALL-INNER
;MESH:hull_rear_plate.obj
G1 F2700 E1661.86617
G1 F507 X123.936 Y80.78 E1662.11835
G0 F12000 X120.88 Y80.967
G0 X120.6 Y81.244
G1 F669.3 X124.4 Y81.244 E1662.37112
G1 X124.4 Y80.316 E1662.43286
G1 X120.6 Y80.316 E1662.68563
G1 X120.6 Y81.244 E1662.74736
G0 F12000 X120.2 Y81.644
;TYPE:WALL-OUTER
G1 F669.3 X124.8 Y81.644 E1663.05336
G1 X124.8 Y79.916 E1663.1683
G1 X120.2 Y79.916 E1663.4743
G1 X120.2 Y81.644 E1663.58924
G0 F12000 X121.092 Y80.926
G1 F2700 E1658.58924
G0 F12000 X121.064 Y81.417
G0 X121.064 Y83.298
G0 X121.064 Y83.932
;TYPE:WALL-INNER
G1 F2700 E1663.58924
G1 F507 X123.936 Y83.932 E1663.84142
G0 F12000 X120.88 Y84.118
G0 X120.6 Y84.396
G1 F669.3 X124.4 Y84.396 E1664.0942
G1 X124.4 Y83.468 E1664.15593
G1 X120.6 Y83.468 E1664.40871
G1 X120.6 Y84.396 E1664.47044
G0 F12000 X120.2 Y84.796
;TYPE:WALL-OUTER
G1 F669.3 X124.8 Y84.796 E1664.77643
G1 X124.8 Y83.068 E1664.89138
G1 X120.2 Y83.068 E1665.19737
G1 X120.2 Y84.796 E1665.31232
G0 F12000 X121.092 Y84.078
G1 F2700 E1660.31232
G0 F12000 X121.064 Y84.568
G0 X121.064 Y85.663
G0 X121.064 Y136.052
G0 X121.064 Y137.147
G0 X121.064 Y137.78
;TYPE:WALL-INNER
G1 F2700 E1665.31232
G1 F507 X123.936 Y137.78 E1665.5645
G0 F12000 X120.88 Y137.967
G0 X120.6 Y138.244
G1 F669.3 X124.4 Y138.244 E1665.81728
G1 X124.4 Y137.316 E1665.87901
G1 X120.6 Y137.316 E1666.13179
G1 X120.6 Y138.244 E1666.19352
G0 F12000 X120.2 Y138.644
;TYPE:WALL-OUTER
G1 F669.3 X124.8 Y138.644 E1666.49951
G1 X124.8 Y136.916 E1666.61446
G1 X120.2 Y136.916 E1666.92045
G1 X120.2 Y138.644 E1667.0354
G0 F12000 X121.092 Y137.927
G1 F2700 E1662.0354
G0 F12000 X121.064 Y138.417
G0 X121.064 Y140.298
G0 X121.064 Y140.932
;TYPE:WALL-INNER
G1 F2700 E1667.0354
G1 F507 X123.936 Y140.932 E1667.28758
G0 F12000 X120.88 Y141.118
G0 X120.6 Y141.396
G1 F669.3 X124.4 Y141.396 E1667.54036
G1 X124.4 Y140.468 E1667.60209
G1 X120.6 Y140.468 E1667.85486
G1 X120.6 Y141.396 E1667.91659
G0 F12000 X120.2 Y141.796
;TYPE:WALL-OUTER
G1 F669.3 X124.8 Y141.796 E1668.22259
G1 X124.8 Y140.068 E1668.33753
G1 X120.2 Y140.068 E1668.64353
G1 X120.2 Y141.796 E1668.75848
G0 F12000 X121.092 Y141.078
G1 F2700 E1663.75848
;MESH:NONMESH
G0 F300 X121.092 Y141.078 Z9
G0 F12000 X120.438 Y140.306
G0 X119.335 Y140.278
G0 X119.346 Y136.485
G0 X121.4 Y85.663
G0 X121.4 Y84.568
G0 X121.4 Y83.778
G0 X121.4 Y83.344
;TIME_ELAPSED:1703.451690
;LAYER:22
;note -- min layer time used
;TYPE:WALL-INNER
;MESH:hull_rear_plate.obj
G1 F2700 E1668.75848
G1 F784.8 X123.6 Y83.344 E1668.90482
G1 X123.6 Y81.368 E1669.03626
G1 X121.4 Y81.368 E1669.18261
G1 X121.4 Y83.344 E1669.31405
G0 F12000 X121 Y83.744
G1 F784.8 X124 Y83.744 E1669.51361
G1 X124 Y80.968 E1669.69827
G1 X121 Y80.968 E1669.89783
G1 X121 Y83.744 E1670.08249
G0 F12000 X120.6 Y84.144
G1 F784.8 X124.4 Y84.144 E1670.33527
G1 X124.4 Y80.568 E1670.57315
G1 X120.6 Y80.568 E1670.82593
G1 X120.6 Y84.144 E1671.0638
G0 F12000 X120.2 Y84.544
;TYPE:WALL-OUTER
G1 F784.8 X124.8 Y84.544 E1671.36979
G1 X124.8 Y80.168 E1671.66089
G1 X120.2 Y80.168 E1671.96688
G1 X120.2 Y84.544 E1672.25797
G0 F12000 X120.48 Y84.266
G0 X121.5 Y82.984
G0 X121.76 Y82.984
;TYPE:SKIN
G1 F784.8 X121.76 Y81.728 E1672.34152
G1 X123.24 Y81.728 E1672.43997
G1 X123.24 Y82.984 E1672.52352
G1 X121.76 Y82.984 E1672.62197
G0 F12000 X121.96 Y82.362
G1 F784.8 X122.382 Y82.784 E1672.66167
G0 F12000 X122.947 Y82.784
G1 F784.8 X122.092 Y81.928 E1672.74215
G0 F12000 X122.658 Y81.928
G1 F784.8 X123.04 Y82.311 E1672.77814
G0 F12000 X123.79 Y82.311
G1 F2700 E1667.77814
G0 F12000 X123.428 Y83.172
G0 X121.4 Y84.316
G0 X121.4 Y85.411
G0 X121.4 Y136.304
G0 X121.4 Y137.399
G0 X121.4 Y140.344
;TYPE:WALL-INNER
G1 F2700 E1672.77814
G1 F784.8 X123.6 Y140.344 E1672.92448
G1 X123.6 Y138.368 E1673.05592
G1 X121.4 Y138.368 E1673.20227
G1 X121.4 Y140.344 E1673.33371
G0 F12000 X121 Y140.744
G1 F784.8 X124 Y140.744 E1673.53327
G1 X124 Y137.968 E1673.71793
G1 X121 Y137.968 E1673.91749
G1 X121 Y140.744 E1674.10215
G0 F12000 X120.6 Y141.144
G1 F784.8 X124.4 Y141.144 E1674.35493
G1 X124.4 Y137.568 E1674.59281
G1 X120.6 Y137.568 E1674.84559
G1 X120.6 Y141.144 E1675.08346
G0 F12000 X120.2 Y141.544
;TYPE:WALL-OUTER
G1 F784.8 X124.8 Y141.544 E1675.38945
G1 X124.8 Y137.168 E1675.68055
G1 X120.2 Y137.168 E1675.98654
G1 X120.2 Y141.544 E1676.27763
G0 F12000 X120.48 Y141.266
G0 X121.5 Y139.984
G0 X121.76 Y139.984
;TYPE:SKIN
G1 F784.8 X121.76 Y138.728 E1676.36118
G1 X123.24 Y138.728 E1676.45963
G1 X123.24 Y139.984 E1676.54318
G1 X121.76 Y139.984 E1676.64163
G0 F12000 X121.96 Y139.497
G1 F784.8 X122.247 Y139.784 E1676.66863
G0 F12000 X122.813 Y139.784
G1 F784.8 X121.96 Y138.931 E1676.74888
G0 F12000 X122.523 Y138.928
G1 F784.8 X123.04 Y139.445 E1676.79751
G0 F12000 X123.79 Y139.445
G1 F2700 E1671.79751
;MESH:NONMESH
G0 F300 X123.79 Y139.445 Z9.4
G0 F12000 X123.428 Y138.54
G0 X121.4 Y137.399
G0 X121.4 Y136.304
G0 X121.4 Y85.411
G0 X121.4 Y84.316
G0 X121.4 Y82.972
;TIME_ELAPSED:1716.487321
;LAYER:23
;note -- min layer time used
;TYPE:WALL-INNER
;MESH:hull_rear_plate.obj
G1 F2700 E1676.79751
G1 F652.4 X123.6 Y82.972 E1676.94386
G1 X123.6 Y81.74 E1677.02581
G1 X121.4 Y81.74 E1677.17216
G1 X121.4 Y82.972 E1677.25411
G0 F12000 X121 Y83.372
G1 F652.4 X124 Y83.372 E1677.45367
G1 X124 Y81.34 E1677.58884
G1 X121 Y81.34 E1677.7884
G1 X121 Y83.372 E1677.92357
G0 F12000 X120.6 Y83.772
G1 F652.4 X124.4 Y83.772 E1678.17635
G1 X124.4 Y80.94 E1678.36473
G1 X120.6 Y80.94 E1678.61751
G1 X120.6 Y83.772 E1678.80589
G0 F12000 X120.2 Y84.172
;TYPE:WALL-OUTER
G1 F652.4 X124.8 Y84.172 E1679.11189
G1 X124.8 Y80.54 E1679.35349
G1 X120.2 Y80.54 E1679.65948
G1 X120.2 Y84.172 E1679.90108
G0 F12000 X120.48 Y83.892
G0 X121.5 Y82.584
G0 X121.788 Y82.584
;TYPE:SKIN
G1 F572.3 X121.788 Y82.128 E1679.93566
G1 X123.212 Y82.128 E1680.04365
G1 X123.212 Y82.584 E1680.07823
G1 X121.788 Y82.584 E1680.18622
G0 F12000 X121.21 Y82.584
G1 F2700 E1675.18622
G0 F12000 X121.4 Y83.942
G0 X121.4 Y85.037
G0 X121.411 Y136.678
G0 X121.412 Y137.753
G0 X121.4 Y139.972
;TYPE:WALL-INNER
G1 F2700 E1680.18622
G1 F652.4 X123.6 Y139.972 E1680.33256
G1 X123.6 Y138.74 E1680.41451
G1 X121.4 Y138.74 E1680.56086
G1 X121.4 Y139.972 E1680.64281
G0 F12000 X121 Y140.372
G1 F652.4 X124 Y140.372 E1680.84237
G1 X124 Y138.34 E1680.97754
G1 X121 Y138.34 E1681.1771
G1 X121 Y140.372 E1681.31227
G0 F12000 X120.6 Y140.772
G1 F652.4 X124.4 Y140.772 E1681.56505
G1 X124.4 Y137.94 E1681.75343
G1 X120.6 Y137.94 E1682.00621
G1 X120.6 Y140.772 E1682.1946
G0 F12000 X120.2 Y141.172
;TYPE:WALL-OUTER
G1 F652.4 X124.8 Y141.172 E1682.50059
G1 X124.8 Y137.54 E1682.74219
G1 X120.2 Y137.54 E1683.04818
G1 X120.2 Y141.172 E1683.28978
G0 F12000 X120.48 Y140.892
G0 X121.5 Y139.584
G0 X121.788 Y139.584
;TYPE:SKIN
G1 F572.3 X121.788 Y139.128 E1683.32436
G1 X123.212 Y139.128 E1683.43235
G1 X123.212 Y139.584 E1683.46693
G1 X121.788 Y139.584 E1683.57492
G0 F12000 X121.21 Y139.584
G1 F2700 E1678.57492
;MESH:NONMESH
G0 F300 X121.21 Y139.584 Z9.8
G0 F12000 X121.477 Y137.753
G0 X121.476 Y136.678
G0 X121.477 Y85.037
G0 X121.477 Y83.942
G0 X121.464 Y82.356
;TIME_ELAPSED:1728.870645
;LAYER:24
;note -- min layer time used
;TYPE:WALL-INNER
;MESH:hull_rear_plate.obj
G1 F2700 E1683.57492
G1 F454.5 X123.536 Y82.356 E1683.75685
G0 F12000 X121 Y82.82
G1 F600 X124 Y82.82 E1683.95641
G1 X124 Y81.892 E1684.01814
G1 X121 Y81.892 E1684.21771
G1 X121 Y82.82 E1684.27944
G0 F12000 X120.6 Y83.22
G1 F600 X124.4 Y83.22 E1684.53221
G1 X124.4 Y81.492 E1684.64716
G1 X120.6 Y81.492 E1684.89994
G1 X120.6 Y83.22 E1685.01488
G0 F12000 X120.2 Y83.62
;TYPE:WALL-OUTER
G1 F600 X124.8 Y83.62 E1685.32088
G1 X124.8 Y81.092 E1685.48904
G1 X120.2 Y81.092 E1685.79503
G1 X120.2 Y83.62 E1685.9632
G0 F12000 X121.092 Y82.612
G1 F2700 E1680.9632
G0 F12000 X121.464 Y83.392
G0 X121.464 Y84.487
G0 X121.464 Y137.228
G0 X121.464 Y138.323
G0 X121.464 Y139.356
;TYPE:WALL-INNER
G1 F2700 E1685.9632
G1 F454.5 X123.536 Y139.356 E1686.14513
G0 F12000 X121 Y139.82
G1 F600 X124 Y139.82 E1686.34469
G1 X124 Y138.892 E1686.40642
G1 X121 Y138.892 E1686.60599
G1 X121 Y139.82 E1686.66772
G0 F12000 X120.6 Y140.22
G1 F600 X124.4 Y140.22 E1686.92049
G1 X124.4 Y138.492 E1687.03544
G1 X120.6 Y138.492 E1687.28822
G1 X120.6 Y140.22 E1687.40316
G0 F12000 X120.2 Y140.62
;TYPE:WALL-OUTER
G1 F600 X124.8 Y140.62 E1687.70916
G1 X124.8 Y138.092 E1687.87732
G1 X120.2 Y138.092 E1688.18331
G1 X120.2 Y140.62 E1688.35148
G0 F12000 X121.092 Y139.612
;TIME_ELAPSED:1738.020720
G1 F2700 E1683.35148
M140 S0
M107
G91 ;Relative positioning
G1 E-2 F2700 ;Retract a bit
G1 E-2 Z0.2 F2400 ;Retract and raise Z
G1 X5 Y5 F3000 ;Wipe out
G1 Z10 ;Raise Z more
G90 ;Absolute positioning

G28 X0 Y0 ;Present print
M106 S0 ;Turn-off fan
M104 S0 ;Turn-off hotend
M140 S0 ;Turn-off bed

M84 X Y E ;Disable all steppers but Z

M82 ;absolute extrusion mode
M104 S0
;End of Gcode
;SETTING_3 {"global_quality": "[general]\\nversion = 4\\nname = PLA - brim\\ndef
;SETTING_3 inition = creality_ender5\\n\\n[metadata]\\ntype = quality_changes\\n
;SETTING_3 quality_type = standard\\nsetting_version = 25\\n\\n[values]\\nadhesi
;SETTING_3 on_type = brim\\nlayer_height = 0.4\\nmaterial_bed_temperature = 50\\
;SETTING_3 nmaterial_bed_temperature_layer_0 = 55\\nsupport_enable = True\\nsupp
;SETTING_3 ort_type = buildplate\\n\\n", "extruder_quality": ["[general]\\nversi
;SETTING_3 on = 4\\nname = PLA - brim\\ndefinition = creality_ender5\\n\\n[metad
;SETTING_3 ata]\\ntype = quality_changes\\nquality_type = standard\\nintent_cate
;SETTING_3 gory = default\\nposition = 0\\nsetting_version = 25\\n\\n[values]\\n
;SETTING_3 infill_sparse_density = 20\\nmaterial_print_temperature_layer_0 = 205
;SETTING_3 \\nraft_margin = 5\\nsupport_angle = 80\\n\\n"]}
