;FLAVOR:Marlin
;TIME:214
;Filament used: 0.204023m
;Layer height: 0.4
;MINX:99.882
;MINY:99.882
;MINZ:0.2
;MAXX:114.015
;MAXY:120.115
;MAXZ:5.8
;TARGET_MACHINE.NAME:Creality Ender-5
;Generated with Cura_SteamEngine 5.12.0
M140 S65
M105
M190 S65
M104 S205
M105
M109 S205
M201 X500.00 Y500.00 Z100.00 E5000.00 ;Setup machine max acceleration
M203 X500.00 Y500.00 Z10.00 E50.00 ;Setup machine max feedrate
M204 P500.00 R1000.00 T500.00 ;Setup Print/Retract/Travel acceleration
M205 X8.00 Y8.00 Z0.40 E5.00 ;Setup Jerk
M220 S100 ;Reset Feedrate
M221 S100 ;Reset Flowrate

G28 ;Home

G92 E0 ;Reset Extruder
G1 Z2.0 F3000 ;Move Z Axis up
G1 X10.1 Y20 Z0.28 F5000.0 ;Move to start position
G1 X10.1 Y200.0 Z0.28 F1500.0 E15 ;Draw the first line
G1 X10.4 Y200.0 Z0.28 F5000.0 ;Move to side a little
G1 X10.4 Y20 Z0.28 F1500.0 E30 ;Draw the second line
G92 E0 ;Reset Extruder
G1 Z2.0 F3000 ;Move Z Axis up

M82 ;absolute extrusion mode
G92 E0
G92 E0
G1 F2700 E-5
;LAYER_COUNT:15
;LAYER:0
M107
;MESH:standoff_6h_6od_2id.obj(1)
G0 F6000 X102.818 Y110.836 Z0.2
;TYPE:WALL-INNER
G1 F2700 E0
G1 F687.7 X102.68 Y110.851 E0.00403
G1 F685.7 X102.207 Y110.798 E0.01788
G1 F689.7 X101.771 Y110.643 E0.03127
G1 F685.7 X101.534 Y110.495 E0.0394
G1 X101.277 Y110.307 E0.04867
G1 F693.6 X100.957 Y109.935 E0.06279
G1 X100.741 Y109.527 E0.07607
G1 F697.7 X100.624 Y109.055 E0.08998
G1 F687.7 X100.615 Y108.78 E0.09796
G1 F683.8 X100.635 Y108.455 E0.10746
G1 F689.7 X100.745 Y108.027 E0.12025
G1 X100.959 Y107.621 E0.13353
G1 F693.6 X101.289 Y107.239 E0.14806
G1 X101.72 Y106.938 E0.16318
G1 F691.6 X102.208 Y106.758 E0.17819
G1 F689.7 X102.68 Y106.706 E0.19193
G1 X103.159 Y106.758 E0.20587
G1 F691.6 X103.65 Y106.94 E0.22098
G1 F693.6 X104.076 Y107.239 E0.23595
G1 F689.7 X104.403 Y107.622 E0.25053
G1 X104.619 Y108.026 E0.26378
G1 F693.6 X104.744 Y108.515 E0.2783
G1 F697.7 X104.744 Y109.041 E0.29335
G1 F693.6 X104.619 Y109.531 E0.3079
G1 F689.7 X104.386 Y109.964 E0.32212
G1 X104.076 Y110.312 E0.33561
G1 F685.7 X103.833 Y110.494 E0.34445
G1 F689.7 X103.605 Y110.639 E0.35226
G1 F695.7 X103.157 Y110.798 E0.3659
G1 F691.6 X102.818 Y110.836 E0.37574
G0 F6000 X102.841 Y111.185
G1 F685.7 X103.149 Y111.153 E0.38476
G1 F681.8 X103.661 Y110.996 E0.40043
G1 F678 X104.033 Y110.785 E0.41302
G1 X104.386 Y110.495 E0.42647
G1 F683.8 X104.696 Y110.123 E0.4406
G1 F689.7 X104.919 Y109.703 E0.45436
G1 F685.7 X105.056 Y109.247 E0.46822
G1 F681.8 X105.1 Y108.78 E0.48195
G1 X105.056 Y108.309 E0.49579
G1 F685.7 X104.919 Y107.853 E0.50965
G1 F687.7 X104.696 Y107.433 E0.52345
G1 F685.7 X104.391 Y107.065 E0.53736
G1 F679.9 X104.033 Y106.77 E0.55097
G1 F678 X103.606 Y106.544 E0.56519
G1 F681.8 X103.151 Y106.404 E0.57913
G1 F685.7 X102.68 Y106.357 E0.5929
G1 X102.213 Y106.404 E0.60656
G1 F681.8 X101.757 Y106.544 E0.62052
G1 F678 X101.333 Y106.767 E0.63463
G1 X100.971 Y107.064 E0.64841
G1 F685.7 X100.667 Y107.432 E0.6623
G1 F687.7 X100.441 Y107.855 E0.67622
G1 F681.8 X100.305 Y108.309 E0.69009
G1 F678 X100.261 Y108.78 E0.70401
G1 X100.304 Y109.247 E0.71782
G1 F685.7 X100.441 Y109.702 E0.73165
G1 F693.6 X100.666 Y110.122 E0.74535
G1 F689.7 X100.973 Y110.492 E0.75927
G1 F679.9 X101.334 Y110.789 E0.77299
G1 F678 X101.7 Y110.993 E0.78532
G1 F681.8 X102.215 Y111.153 E0.80111
G1 F683.8 X102.68 Y111.202 E0.81475
G1 F685.7 X102.841 Y111.185 E0.81946
G0 F6000 X102.866 Y111.56
;TYPE:WALL-OUTER
G1 F600 X103.224 Y111.522 E0.83144
G1 X103.751 Y111.362 E0.84976
G1 X104.244 Y111.1 E0.86833
G1 X104.653 Y110.762 E0.88597
G1 X105.008 Y110.332 E0.90452
G1 X105.266 Y109.847 E0.92279
G1 X105.426 Y109.32 E0.94111
G1 X105.478 Y108.78 E0.95915
G1 X105.426 Y108.236 E0.97733
G1 X105.266 Y107.709 E0.99565
G1 X105.009 Y107.224 E1.0139
G1 X104.657 Y106.798 E1.03228
G1 X104.244 Y106.455 E1.05014
G1 X103.751 Y106.194 E1.06869
G1 X103.224 Y106.034 E1.08701
G1 X102.68 Y105.981 E1.10519
G1 X102.14 Y106.034 E1.12324
G1 X101.613 Y106.194 E1.14155
G1 X101.124 Y106.452 E1.15994
G1 X100.703 Y106.798 E1.17807
G1 X100.356 Y107.224 E1.19634
G1 X100.094 Y107.71 E1.21471
G1 X99.934 Y108.236 E1.23299
G1 X99.882 Y108.78 E1.25117
G1 X99.934 Y109.32 E1.26921
G1 X100.094 Y109.846 E1.2875
G1 X100.355 Y110.331 E1.30582
G1 X100.707 Y110.758 E1.32422
G1 X101.124 Y111.104 E1.34224
G1 X101.613 Y111.361 E1.36062
G1 X102.14 Y111.522 E1.37895
G1 X102.68 Y111.579 E1.39701
G1 X102.866 Y111.56 E1.40322
G0 F6000 X102.837 Y111.252
G0 X102.832 Y110.776
G0 X102.794 Y110.462
G1 F600 X102.68 Y110.476 E1.40704
G1 X102.265 Y110.424 E1.42096
G1 X101.89 Y110.282 E1.43429
G1 X101.56 Y110.054 E1.44763
G1 X101.289 Y109.76 E1.46093
G1 X101.095 Y109.399 E1.47456
G1 X100.992 Y108.984 E1.48878
G1 X100.992 Y108.577 E1.50232
G1 X101.088 Y108.189 E1.51562
G1 X101.274 Y107.821 E1.52933
G1 X101.56 Y107.501 E1.5436
G1 X101.89 Y107.275 E1.55691
G1 X102.265 Y107.132 E1.57026
G1 X102.68 Y107.08 E1.58417
G1 X103.099 Y107.132 E1.59821
G1 X103.494 Y107.286 E1.61231
G1 X103.804 Y107.501 E1.62486
G1 X104.086 Y107.821 E1.63904
G1 X104.279 Y108.195 E1.65304
G1 X104.371 Y108.576 E1.66608
G1 X104.367 Y109.009 E1.68048
G1 X104.265 Y109.4 E1.69392
G1 X104.086 Y109.735 E1.70655
G1 X103.804 Y110.051 E1.72064
G1 X103.478 Y110.281 E1.73391
G1 X103.099 Y110.424 E1.74738
G1 X102.794 Y110.462 E1.75761
G1 F2700 E-3.24239
;MESH:standoff_6h_6od_2id.obj
G0 F6000 X102.832 Y110.776
G0 X104.498 Y110.596
G0 X105.344 Y111.289
G0 X106.581 Y111.303
G0 X110 Y112.065
;TYPE:WALL-INNER
G1 F2700 E1.75761
G1 F693.6 X109.771 Y112.074 E1.7642
G1 F689.7 X109.243 Y111.933 E1.78001
G1 F685.7 X108.844 Y111.72 E1.79318
G1 F683.8 X108.461 Y111.394 E1.80786
G1 F685.7 X108.157 Y110.975 E1.82292
G1 X107.978 Y110.475 E1.83838
G1 X107.926 Y110 E1.85228
G1 X107.978 Y109.521 E1.86631
G1 X108.154 Y109.025 E1.88162
G1 F689.7 X108.461 Y108.602 E1.89675
G1 X108.842 Y108.277 E1.91124
G1 X109.252 Y108.059 E1.92467
G1 F693.6 X109.719 Y107.944 E1.93851
G1 F695.7 X110.236 Y107.925 E1.95335
G1 F689.7 X110.753 Y108.064 E1.96884
G1 F685.7 X111.154 Y108.277 E1.98206
G1 X111.529 Y108.597 E1.9964
G1 F678 X111.719 Y108.854 E2.00581
G1 F681.8 X111.861 Y109.083 E2.0137
G1 F685.7 X112.019 Y109.524 E2.02733
G1 X112.071 Y110 E2.04127
G1 F689.7 X112.02 Y110.469 E2.05492
G1 F695.7 X111.861 Y110.918 E2.06858
G1 F685.7 X111.719 Y111.141 E2.07628
G1 F678 X111.536 Y111.393 E2.08544
G1 F683.8 X111.153 Y111.721 E2.10016
G1 F685.7 X110.752 Y111.934 E2.11337
G1 F687.7 X110.299 Y112.054 E2.12697
G1 F693.6 X110 Y112.065 E2.13558
G0 F6000 X110 Y112.419
G1 F678 X110.42 Y112.387 E2.14798
G1 F681.8 X110.931 Y112.233 E2.1636
G1 F685.7 X111.342 Y112.015 E2.17714
G1 F681.8 X111.71 Y111.71 E2.19113
G1 F678 X112.013 Y111.341 E2.20518
G1 X112.231 Y110.931 E2.21885
G1 F681.8 X112.373 Y110.466 E2.23308
G1 F685.7 X112.422 Y110 E2.24672
G1 X112.373 Y109.53 E2.26047
G1 F678 X112.232 Y109.065 E2.27478
G1 F674.2 X112.013 Y108.655 E2.28853
G1 F678 X111.711 Y108.287 E2.30255
G1 F685.7 X111.343 Y107.983 E2.31644
G1 X110.93 Y107.763 E2.33006
G1 X110.468 Y107.624 E2.3441
G1 F681.8 X110 Y107.58 E2.35786
G1 F679.9 X109.528 Y107.624 E2.37177
G1 F681.8 X109.066 Y107.763 E2.38589
G1 F685.7 X108.653 Y107.983 E2.39951
G1 X108.286 Y108.286 E2.41336
G1 F681.8 X107.986 Y108.655 E2.42728
G1 F678 X107.764 Y109.067 E2.44106
G1 F681.8 X107.624 Y109.528 E2.45516
G1 F685.7 X107.578 Y110 E2.46896
G1 X107.624 Y110.468 E2.48264
G1 F678 X107.763 Y110.929 E2.49682
G1 X107.987 Y111.341 E2.51062
G1 X108.252 Y111.683 E2.52336
G1 F681.8 X108.653 Y112.015 E2.53859
G1 F683.8 X109.064 Y112.234 E2.55219
G1 X109.53 Y112.373 E2.56638
G1 F681.8 X110 Y112.419 E2.5802
G0 F6000 X110 Y112.798
M104 S240
;TYPE:WALL-OUTER
G1 F600 X110.54 Y112.743 E2.59825
G1 X111.075 Y112.582 E2.61684
G1 X111.552 Y112.328 E2.63481
G1 X111.977 Y111.977 E2.65314
G1 X112.328 Y111.552 E2.67148
G1 X112.582 Y111.075 E2.68945
G1 X112.742 Y110.54 E2.70802
G1 X112.798 Y110 E2.72608
G1 X112.743 Y109.456 E2.74427
G1 X112.582 Y108.921 E2.76285
G1 X112.329 Y108.444 E2.78081
G1 X111.978 Y108.019 E2.79914
G1 X111.552 Y107.671 E2.81744
G1 X111.074 Y107.414 E2.83549
G1 X110.541 Y107.254 E2.854
G1 X110 Y107.202 E2.87207
G1 X109.455 Y107.254 E2.89028
G1 X108.922 Y107.414 E2.90879
G1 X108.444 Y107.671 E2.92684
G1 X108.019 Y108.019 E2.94511
G1 X107.672 Y108.444 E2.96336
G1 X107.414 Y108.922 E2.98143
G1 X107.254 Y109.455 E2.99993
G1 X107.202 Y110 E3.01814
G1 X107.254 Y110.541 E3.03622
G1 X107.414 Y111.074 E3.05473
G1 X107.672 Y111.552 E3.0728
G1 X108.019 Y111.978 E3.09107
G1 X108.444 Y112.329 E3.1094
G1 X108.921 Y112.582 E3.12736
G1 X109.456 Y112.742 E3.14594
G1 X110 Y112.798 E3.16412
G0 F6000 X110 Y112.488
G0 X110 Y111.999
G0 X110 Y111.687
G1 F600 X109.795 Y111.687 E3.17094
G1 X109.374 Y111.578 E3.18541
G1 X109.02 Y111.387 E3.19879
G1 X108.743 Y111.143 E3.21106
G1 X108.496 Y110.792 E3.22534
G1 X108.352 Y110.414 E3.23879
G1 X108.3 Y109.98 E3.25333
G1 X108.356 Y109.569 E3.26713
G1 X108.495 Y109.205 E3.28009
G1 X108.72 Y108.877 E3.29332
G1 X109.054 Y108.586 E3.30805
G1 X109.42 Y108.401 E3.32169
G1 X109.792 Y108.312 E3.33441
G1 X110.199 Y108.308 E3.34795
G1 X110.622 Y108.418 E3.36249
G1 X110.955 Y108.594 E3.37501
G1 X111.275 Y108.876 E3.3892
G1 X111.501 Y109.206 E3.4025
G1 X111.644 Y109.582 E3.41588
G1 X111.697 Y110 E3.4299
G1 X111.64 Y110.427 E3.44422
G1 X111.502 Y110.79 E3.45714
G1 X111.275 Y111.12 E3.47046
G1 X110.976 Y111.387 E3.4838
G1 X110.618 Y111.579 E3.49731
G1 X110.201 Y111.687 E3.51163
G1 X110 Y111.687 E3.51832
G1 F2700 E-1.48168
;MESH:standoff_6h_6od_2id.obj(2)
G0 F6000 X110 Y111.999
G0 X109.308 Y111.827
G0 X108.891 Y111.605
G0 X108.538 Y111.295
G0 X108.27 Y110.905
G0 X108.105 Y110.467
G0 X108.047 Y110.001
G0 X108.105 Y109.532
G0 X108.253 Y109.139
G0 X109.499 Y107.481
G0 X109.274 Y105.202
G0 X108.806 Y105.1
;TYPE:WALL-INNER
G1 F2700 E3.51832
G1 F685.7 X109.247 Y105.057 E3.53121
G1 F681.8 X109.754 Y104.901 E3.54674
G1 F678 X110.131 Y104.689 E3.55947
G1 X110.486 Y104.398 E3.57298
G1 F685.7 X110.792 Y104.028 E3.58696
G1 F689.7 X111.019 Y103.602 E3.60092
G1 F681.8 X111.155 Y103.15 E3.61474
G1 F678 X111.2 Y102.68 E3.62864
G1 X111.155 Y102.214 E3.64242
G1 F681.8 X111.018 Y101.758 E3.65635
G1 F685.7 X110.792 Y101.332 E3.67039
G1 F683.8 X110.49 Y100.967 E3.68421
G1 F678 X110.13 Y100.675 E3.69786
G1 X109.751 Y100.458 E3.71071
G1 F681.8 X109.247 Y100.304 E3.72614
G1 F685.7 X108.78 Y100.259 E3.73979
G1 X108.309 Y100.304 E3.75356
G1 F681.8 X107.856 Y100.444 E3.76744
G1 F678 X107.435 Y100.669 E3.78149
G1 F681.8 X107.067 Y100.969 E3.79539
G1 F685.7 X106.765 Y101.334 E3.80917
G1 F689.7 X106.542 Y101.756 E3.82299
G1 F685.7 X106.404 Y102.213 E3.83688
G1 F678 X106.361 Y102.68 E3.85068
G1 X106.404 Y103.15 E3.86458
G1 F685.7 X106.541 Y103.602 E3.87832
G1 F689.7 X106.765 Y104.024 E3.89215
G1 F685.7 X107.07 Y104.395 E3.90612
G1 F681.8 X107.434 Y104.694 E3.91991
G1 F679.9 X107.854 Y104.917 E3.93387
G1 F681.8 X108.309 Y105.056 E3.94779
G1 F685.7 X108.78 Y105.103 E3.96157
G1 X108.806 Y105.1 E3.96233
G0 F6000 X108.802 Y104.752
G1 F693.6 X108.78 Y104.754 E3.96297
G1 F689.7 X108.301 Y104.702 E3.97691
G1 F693.6 X107.877 Y104.545 E3.98992
G1 F685.7 X107.632 Y104.401 E3.99819
G1 F681.8 X107.38 Y104.216 E4.00734
G1 F687.7 X107.057 Y103.836 E4.02181
G1 F693.6 X106.841 Y103.429 E4.03507
G1 F697.7 X106.724 Y102.961 E4.04886
G1 F689.7 X106.715 Y102.68 E4.057
G1 F685.7 X106.725 Y102.386 E4.06556
G1 F689.7 X106.841 Y101.932 E4.07912
G1 F685.7 X107.058 Y101.524 E4.09257
G1 F691.6 X107.374 Y101.148 E4.10674
G1 F697.7 X107.747 Y100.879 E4.11989
G1 F689.7 X107.987 Y100.773 E4.12749
G1 F679.9 X108.307 Y100.657 E4.13748
G1 F683.8 X108.78 Y100.609 E4.15135
G1 F689.7 X109.25 Y100.657 E4.16502
G1 F697.7 X109.698 Y100.818 E4.17864
G1 F689.7 X109.931 Y100.966 E4.18663
G1 F678 X110.185 Y101.153 E4.19591
G1 F683.8 X110.499 Y101.523 E4.21007
G1 F687.7 X110.72 Y101.939 E4.22374
G1 F689.7 X110.842 Y102.423 E4.23819
G1 F693.6 X110.837 Y102.96 E4.25364
G1 X110.718 Y103.423 E4.26739
G1 F689.7 X110.501 Y103.839 E4.28097
G1 F693.6 X110.188 Y104.208 E4.29489
G1 F685.7 X109.931 Y104.396 E4.30416
G1 F689.7 X109.706 Y104.54 E4.31189
G1 F697.7 X109.259 Y104.702 E4.32549
G1 X108.802 Y104.752 E4.33864
G0 F6000 X108.8 Y104.38
;TYPE:WALL-OUTER
G1 F600 X108.361 Y104.328 E4.35334
G1 X108.009 Y104.196 E4.36584
G1 X107.656 Y103.959 E4.37998
G1 X107.374 Y103.638 E4.3942
G1 X107.195 Y103.299 E4.40695
G1 X107.092 Y102.888 E4.42104
G1 X107.092 Y102.48 E4.43461
G1 X107.184 Y102.089 E4.44797
G1 X107.374 Y101.724 E4.46165
G1 X107.656 Y101.401 E4.47592
G1 X107.985 Y101.179 E4.48912
G1 X108.361 Y101.032 E4.50254
G1 X108.78 Y100.984 E4.51657
G1 X109.195 Y101.032 E4.53047
G1 X109.571 Y101.175 E4.54385
G1 X109.899 Y101.404 E4.55715
G1 X110.185 Y101.724 E4.57143
G1 X110.375 Y102.099 E4.58541
G1 X110.469 Y102.5 E4.59911
G1 X110.468 Y102.883 E4.61185
G1 X110.372 Y103.271 E4.62514
G1 X110.172 Y103.659 E4.63966
G1 X109.904 Y103.955 E4.65294
G1 X109.574 Y104.185 E4.66632
G1 X109.199 Y104.328 E4.67967
G1 X108.8 Y104.38 E4.69305
G0 F6000 X108.837 Y104.69
G0 X108.781 Y105.171
G0 X108.81 Y105.476
G1 F600 X109.32 Y105.426 E4.71009
G1 X109.847 Y105.266 E4.72841
G1 X110.34 Y105.004 E4.74698
G1 X110.753 Y104.665 E4.76475
G1 X111.104 Y104.236 E4.78319
G1 X111.366 Y103.746 E4.80167
G1 X111.526 Y103.224 E4.81983
G1 X111.579 Y102.68 E4.83801
G1 X111.526 Y102.14 E4.85605
G1 X111.366 Y101.614 E4.87434
G1 X111.104 Y101.124 E4.89282
G1 X110.757 Y100.699 E4.91107
G1 X110.34 Y100.36 E4.92894
G1 X109.846 Y100.094 E4.9476
G1 X109.32 Y99.934 E4.96589
G1 X108.78 Y99.882 E4.98393
G1 X108.236 Y99.934 E5.00211
G1 X107.71 Y100.094 E5.0204
G1 X107.224 Y100.355 E5.03874
G1 X106.802 Y100.703 E5.05694
G1 X106.452 Y101.124 E5.07515
G1 X106.194 Y101.613 E5.09354
G1 X106.034 Y102.14 E5.11185
G1 X105.982 Y102.68 E5.1299
G1 X106.034 Y103.224 E5.14807
G1 X106.194 Y103.746 E5.16623
G1 X106.452 Y104.232 E5.18453
G1 X106.803 Y104.662 E5.203
G1 X107.224 Y105.008 E5.22112
G1 X107.709 Y105.266 E5.23939
G1 X108.236 Y105.426 E5.25771
G1 X108.78 Y105.479 E5.27589
G1 X108.81 Y105.476 E5.27689
G1 F2700 E0.27689
;MESH:standoff_6h_6od_2id.obj(3)
G0 F6000 X108.781 Y105.171
G0 X109.282 Y105.202
G0 X109.389 Y106.29
G0 X110.714 Y106.403
G0 X111.403 Y106.612
G0 X112.038 Y106.951
G0 X112.593 Y107.407
G0 X113.049 Y107.962
G0 X113.388 Y108.597
G0 X113.597 Y109.286
G0 X113.668 Y110
G0 X113.597 Y110.714
G0 X113.388 Y111.403
G0 X113.049 Y112.038
G0 X112.593 Y112.593
G0 X112.038 Y113.049
G0 X110.611 Y113.71
G0 X111.194 Y119.388
;TYPE:WALL-INNER
G1 F2700 E5.27689
G1 F691.6 X110.741 Y119.338 E5.29004
G1 F693.6 X110.317 Y119.181 E5.30305
G1 F685.7 X110.066 Y119.033 E5.31153
G1 X109.815 Y118.849 E5.32059
G1 F691.6 X109.495 Y118.473 E5.33483
G1 F689.7 X109.279 Y118.061 E5.34829
G1 F693.6 X109.172 Y117.647 E5.3606
G1 F685.7 X109.151 Y117.316 E5.37025
G1 X109.162 Y117.007 E5.37925
G1 F693.6 X109.298 Y116.535 E5.39338
G1 F691.6 X109.495 Y116.158 E5.40565
G1 F693.6 X109.812 Y115.784 E5.41976
G1 F697.7 X110.189 Y115.51 E5.43309
G1 F687.7 X110.422 Y115.408 E5.44047
G1 F679.9 X110.747 Y115.294 E5.45058
G1 F685.7 X111.216 Y115.242 E5.46431
G1 X111.692 Y115.294 E5.47825
G1 F681.8 X112.011 Y115.407 E5.48815
G1 F691.6 X112.254 Y115.514 E5.49581
G1 F699.7 X112.625 Y115.788 E5.50897
G1 F695.7 X112.942 Y116.159 E5.52296
G1 F689.7 X113.155 Y116.569 E5.53633
G1 X113.274 Y117.016 E5.54972
G1 F685.7 X113.284 Y117.316 E5.55845
G1 F687.7 X113.264 Y117.641 E5.5679
G1 F693.6 X113.157 Y118.062 E5.5804
G1 F691.6 X112.94 Y118.474 E5.59384
G1 F693.6 X112.623 Y118.848 E5.60794
G1 F697.7 X112.242 Y119.123 E5.62138
G1 F689.7 X112.011 Y119.225 E5.62869
G1 F681.8 X111.692 Y119.339 E5.6386
G1 F685.7 X111.216 Y119.39 E5.65254
G1 F689.7 X111.194 Y119.388 E5.65318
G0 F6000 X111.19 Y119.736
G1 F685.7 X111.216 Y119.739 E5.65394
G1 X111.687 Y119.692 E5.66771
G1 F681.8 X112.141 Y119.554 E5.6816
G1 F679.9 X112.562 Y119.327 E5.69564
G1 F681.8 X112.931 Y119.026 E5.70958
G1 F685.7 X113.231 Y118.664 E5.72326
G1 F689.7 X113.454 Y118.243 E5.73705
G1 F685.7 X113.592 Y117.787 E5.75091
G1 F681.8 X113.637 Y117.316 E5.76476
G1 X113.592 Y116.846 E5.77858
G1 F685.7 X113.456 Y116.393 E5.79234
G1 F689.7 X113.232 Y115.971 E5.80617
G1 X112.927 Y115.601 E5.82004
G1 F681.8 X112.562 Y115.306 E5.83378
G1 X112.141 Y115.079 E5.84778
G1 X111.687 Y114.94 E5.86168
G1 F685.7 X111.216 Y114.893 E5.87545
G1 X110.749 Y114.94 E5.88911
G1 F679.9 X110.243 Y115.095 E5.90464
G1 F678 X109.865 Y115.307 E5.9174
G1 X109.511 Y115.597 E5.93087
G1 F687.7 X109.205 Y115.97 E5.94487
G1 F691.6 X108.981 Y116.394 E5.95871
G1 F685.7 X108.843 Y116.847 E5.97249
G1 F681.8 X108.797 Y117.316 E5.98628
G1 F679.9 X108.828 Y117.736 E5.99864
G1 F685.7 X108.981 Y118.244 E6.01408
G1 F689.7 X109.204 Y118.663 E6.02782
G1 F685.7 X109.51 Y119.031 E6.04175
G1 F681.8 X109.867 Y119.326 E6.0553
G1 F679.9 X110.294 Y119.553 E6.0695
G1 F681.8 X110.749 Y119.692 E6.08342
G1 F685.7 X111.19 Y119.736 E6.09632
G0 F6000 X111.186 Y120.112
;TYPE:WALL-OUTER
G1 F600 X111.216 Y120.115 E6.09732
G1 X111.76 Y120.062 E6.1155
G1 X112.286 Y119.902 E6.13379
G1 X112.772 Y119.641 E6.15214
G1 X113.198 Y119.293 E6.17043
G1 X113.544 Y118.872 E6.18856
G1 X113.802 Y118.387 E6.20683
G1 X113.962 Y117.86 E6.22515
G1 X114.015 Y117.316 E6.24332
G1 X113.962 Y116.772 E6.2615
G1 X113.802 Y116.249 E6.27969
G1 X113.544 Y115.764 E6.29797
G1 X113.194 Y115.335 E6.31638
G1 X112.772 Y114.992 E6.33447
G1 X112.286 Y114.73 E6.35283
G1 X111.76 Y114.57 E6.37112
G1 X111.216 Y114.517 E6.3893
G1 X110.676 Y114.57 E6.40734
G1 X110.149 Y114.73 E6.42566
G1 X109.656 Y114.992 E6.44423
G1 X109.243 Y115.33 E6.46198
G1 X108.892 Y115.763 E6.48052
G1 X108.634 Y116.25 E6.49885
G1 X108.474 Y116.772 E6.51701
G1 X108.418 Y117.316 E6.5352
G1 X108.474 Y117.86 E6.55339
G1 X108.634 Y118.387 E6.57171
G1 X108.892 Y118.872 E6.58998
G1 X109.243 Y119.298 E6.60834
G1 X109.657 Y119.64 E6.6262
G1 X110.149 Y119.902 E6.64474
G1 X110.676 Y120.062 E6.66305
G1 X111.186 Y120.112 E6.6801
G0 F6000 X111.216 Y119.805
G0 X111.16 Y119.323
G0 X111.196 Y119.016
G1 F600 X110.801 Y118.964 E6.69335
G1 X110.449 Y118.832 E6.70585
G1 X110.096 Y118.595 E6.72
G1 X109.825 Y118.292 E6.73352
G1 X109.624 Y117.907 E6.74796
G1 X109.529 Y117.525 E6.76105
G1 X109.528 Y117.132 E6.77412
G1 X109.624 Y116.725 E6.78803
G1 X109.81 Y116.357 E6.80175
G1 X110.097 Y116.037 E6.81604
G1 X110.426 Y115.811 E6.82932
G1 X110.801 Y115.668 E6.84267
G1 X111.216 Y115.616 E6.85658
G1 X111.635 Y115.668 E6.87062
G1 X112.011 Y115.811 E6.884
G1 X112.338 Y116.036 E6.8972
G1 X112.626 Y116.357 E6.91155
G1 X112.812 Y116.725 E6.92526
G1 X112.907 Y117.112 E6.93852
G1 X112.903 Y117.55 E6.95308
G1 X112.812 Y117.907 E6.96534
G1 X112.607 Y118.297 E6.97999
G1 X112.339 Y118.595 E6.99332
G1 X112.012 Y118.821 E7.00654
G1 X111.635 Y118.964 E7.01995
G1 X111.196 Y119.016 E7.03466
G1 F2700 E2.03466
;MESH:NONMESH
G0 F300 Z0.6
G0 F6000 X111.16 Y119.323
G0 X110.312 Y119.046
G0 X109.924 Y118.777
G0 X109.614 Y118.426
G0 X109.489 Y118.189
G0 X108.848 Y116.331
G0 X107.883 Y115.817
G0 X104.808 Y111.757
G0 X102.818 Y110.836
;TIME_ELAPSED:29.470810
;LAYER:1
;note -- min layer time used
M140 S55
M106 S42.5
;TYPE:WALL-INNER
;MESH:standoff_6h_6od_2id.obj(1)
G1 F2700 E7.03466
G1 F1668.7 X102.68 Y110.851 E7.04271
G1 F1663.9 X102.207 Y110.798 E7.07042
G1 F1673.5 X101.771 Y110.643 E7.0972
G1 F1663.9 X101.534 Y110.495 E7.11346
G1 F1649.8 X101.287 Y110.315 E7.1314
G1 F1668.7 X100.958 Y109.933 E7.16066
G1 F1673.5 X100.741 Y109.523 E7.18751
G1 X100.618 Y109.037 E7.21652
G1 F1688.1 X100.623 Y108.5 E7.24733
G1 F1683.2 X100.745 Y108.027 E7.27544
G1 F1678.3 X100.959 Y107.621 E7.30192
G1 F1683.2 X101.289 Y107.239 E7.33097
G1 X101.72 Y106.938 E7.36122
G1 F1678.3 X102.208 Y106.758 E7.39123
G1 F1673.5 X102.68 Y106.706 E7.41872
G1 X103.159 Y106.758 E7.4466
G1 F1678.3 X103.65 Y106.94 E7.47682
G1 F1683.2 X104.076 Y107.239 E7.50676
G1 F1673.5 X104.403 Y107.622 E7.53591
G1 X104.619 Y108.026 E7.56242
G1 F1683.2 X104.744 Y108.515 E7.59146
G1 F1693 X104.744 Y109.041 E7.62155
G1 F1683.2 X104.619 Y109.53 E7.6506
G1 F1678.3 X104.404 Y109.935 E7.67706
G1 F1663.9 X104.076 Y110.315 E7.70627
G1 F1654.5 X103.835 Y110.492 E7.72378
G1 F1673.5 X103.599 Y110.64 E7.7399
G1 F1688.1 X103.158 Y110.798 E7.76678
G1 F1678.3 X102.818 Y110.836 E7.78652
G0 F9000 X102.841 Y111.185
G1 F1663.9 X103.149 Y111.153 E7.80454
G1 F1654.5 X103.66 Y110.996 E7.83583
G1 F1645.1 X104.033 Y110.785 E7.86106
G1 F1654.5 X104.387 Y110.495 E7.88785
G1 F1663.9 X104.696 Y110.123 E7.916
G1 F1673.5 X104.919 Y109.703 E7.94352
G1 F1663.9 X105.056 Y109.247 E7.97123
G1 F1654.5 X105.1 Y108.78 E7.99869
G1 X105.056 Y108.309 E8.02638
G1 F1663.9 X104.919 Y107.853 E8.0541
G1 F1668.7 X104.696 Y107.433 E8.0817
G1 F1663.9 X104.391 Y107.065 E8.10952
G1 F1649.8 X104.033 Y106.77 E8.13675
G1 F1645.1 X103.606 Y106.544 E8.16519
G1 F1654.5 X103.151 Y106.404 E8.19306
G1 F1663.9 X102.68 Y106.357 E8.22061
G1 X102.213 Y106.404 E8.24793
G1 F1654.5 X101.757 Y106.544 E8.27585
G1 F1645.1 X101.333 Y106.767 E8.30405
G1 X100.971 Y107.064 E8.33162
G1 F1663.9 X100.667 Y107.432 E8.3594
G1 F1668.7 X100.441 Y107.855 E8.38724
G1 F1654.5 X100.305 Y108.309 E8.41498
G1 F1645.1 X100.261 Y108.78 E8.44283
G1 X100.305 Y109.246 E8.47038
G1 F1654.5 X100.441 Y109.701 E8.49818
G1 F1673.5 X100.666 Y110.122 E8.52581
G1 F1668.7 X100.973 Y110.491 E8.55367
G1 F1649.8 X101.334 Y110.789 E8.58115
G1 F1645.1 X101.7 Y110.993 E8.60581
G1 F1654.5 X102.215 Y111.153 E8.63738
G1 F1659.2 X102.68 Y111.202 E8.66468
G1 F1663.9 X102.841 Y111.185 E8.6741
G0 F9000 X102.866 Y111.56
;TYPE:WALL-OUTER
G1 F1455.9 X103.224 Y111.522 E8.69805
G1 X103.751 Y111.362 E8.73468
G1 X104.244 Y111.1 E8.77182
G1 X104.653 Y110.762 E8.80712
G1 X105.008 Y110.332 E8.84421
G1 X105.266 Y109.847 E8.88075
G1 X105.426 Y109.32 E8.91739
G1 X105.478 Y108.78 E8.95347
G1 X105.426 Y108.236 E8.98983
G1 X105.266 Y107.709 E9.02646
G1 X105.009 Y107.224 E9.06297
G1 X104.657 Y106.798 E9.09973
G1 X104.244 Y106.455 E9.13545
G1 X103.751 Y106.194 E9.17255
G1 X103.224 Y106.034 E9.20919
G1 X102.68 Y105.981 E9.24555
G1 X102.14 Y106.034 E9.28164
G1 X101.613 Y106.194 E9.31828
G1 X101.124 Y106.452 E9.35506
G1 X100.703 Y106.798 E9.39131
G1 X100.356 Y107.224 E9.42785
G1 X100.094 Y107.71 E9.46458
G1 X99.934 Y108.236 E9.50115
G1 X99.882 Y108.78 E9.53751
G1 X99.934 Y109.32 E9.57359
G1 X100.094 Y109.846 E9.61017
G1 X100.355 Y110.331 E9.6468
G1 X100.707 Y110.758 E9.68361
G1 X101.124 Y111.104 E9.71966
G1 X101.613 Y111.361 E9.75641
G1 X102.14 Y111.522 E9.79306
G1 X102.68 Y111.579 E9.82918
G1 X102.866 Y111.56 E9.84162
G0 F9000 X102.837 Y111.252
G0 X102.832 Y110.776
G0 X102.794 Y110.462
G1 F1455.9 X102.68 Y110.476 E9.84926
G1 X102.265 Y110.424 E9.87708
G1 X101.89 Y110.282 E9.90375
G1 X101.56 Y110.054 E9.93044
G1 X101.274 Y109.735 E9.95894
G1 X101.085 Y109.361 E9.98681
G1 X100.992 Y108.98 E10.0129
G1 X100.992 Y108.577 E10.03971
G1 X101.088 Y108.189 E10.06629
G1 X101.274 Y107.821 E10.09372
G1 X101.56 Y107.501 E10.12227
G1 X101.89 Y107.275 E10.14888
G1 X102.265 Y107.132 E10.17558
G1 X102.68 Y107.08 E10.2034
G1 X103.099 Y107.132 E10.23148
G1 X103.494 Y107.286 E10.25969
G1 X103.804 Y107.501 E10.28478
G1 X104.086 Y107.821 E10.31315
G1 X104.279 Y108.195 E10.34115
G1 X104.371 Y108.576 E10.36722
G1 X104.367 Y109.009 E10.39603
G1 X104.276 Y109.371 E10.42086
G1 X104.086 Y109.738 E10.44835
G1 X103.804 Y110.055 E10.47657
G1 X103.474 Y110.281 E10.50318
G1 X103.099 Y110.424 E10.52987
G1 X102.794 Y110.462 E10.55032
G1 F2700 E5.55032
;MESH:standoff_6h_6od_2id.obj
G0 F9000 X102.832 Y110.776
G0 X104.498 Y110.596
G0 X105.344 Y111.289
G0 X106.581 Y111.303
G0 X110 Y112.065
;TYPE:WALL-INNER
G1 F2700 E10.55032
G1 F1683.2 X109.771 Y112.074 E10.56351
G1 F1673.5 X109.243 Y111.933 E10.59513
G1 F1663.9 X108.844 Y111.72 E10.62146
G1 F1659.2 X108.461 Y111.394 E10.65082
G1 F1663.9 X108.157 Y110.975 E10.68095
G1 X107.978 Y110.475 E10.71186
G1 X107.926 Y110 E10.73967
G1 X107.978 Y109.521 E10.76772
G1 X108.154 Y109.025 E10.79835
G1 F1673.5 X108.461 Y108.602 E10.8286
G1 X108.842 Y108.277 E10.85758
G1 F1663.9 X109.248 Y108.061 E10.88435
G1 F1673.5 X109.706 Y107.94 E10.91176
G1 F1683.2 X110.29 Y107.94 E10.94537
G1 F1673.5 X110.753 Y108.064 E10.9731
G1 F1663.9 X111.154 Y108.277 E10.99953
G1 X111.529 Y108.597 E11.02823
G1 F1645.1 X111.719 Y108.854 E11.04704
G1 F1654.5 X111.861 Y109.083 E11.06282
G1 F1663.9 X112.019 Y109.524 E11.09008
G1 X112.071 Y110 E11.11795
G1 F1673.5 X112.02 Y110.469 E11.14525
G1 F1688.1 X111.861 Y110.918 E11.17258
G1 F1663.9 X111.719 Y111.141 E11.18797
G1 F1645.1 X111.536 Y111.393 E11.20631
G1 F1659.2 X111.153 Y111.721 E11.23574
G1 F1663.9 X110.752 Y111.934 E11.26217
G1 F1668.7 X110.299 Y112.054 E11.28937
G1 F1683.2 X110 Y112.065 E11.30658
G0 F9000 X110 Y112.419
G1 F1645.1 X110.42 Y112.387 E11.33138
G1 F1654.5 X110.931 Y112.233 E11.36262
G1 F1663.9 X111.342 Y112.015 E11.3897
G1 F1654.5 X111.71 Y111.71 E11.41768
G1 F1645.1 X112.013 Y111.341 E11.44579
G1 X112.231 Y110.931 E11.47312
G1 F1654.5 X112.373 Y110.466 E11.50159
G1 F1663.9 X112.422 Y110 E11.52886
G1 X112.373 Y109.53 E11.55636
G1 F1645.1 X112.232 Y109.065 E11.58497
G1 F1635.9 X112.013 Y108.655 E11.61249
G1 F1645.1 X111.711 Y108.287 E11.64051
G1 F1663.9 X111.343 Y107.983 E11.6683
G1 X110.93 Y107.763 E11.69553
G1 X110.468 Y107.624 E11.72362
G1 F1654.5 X110 Y107.58 E11.75113
G1 X109.528 Y107.624 E11.77888
G1 F1659.2 X109.066 Y107.763 E11.80704
G1 F1663.9 X108.653 Y107.983 E11.83428
G1 X108.286 Y108.286 E11.86198
G1 F1654.5 X107.986 Y108.655 E11.88982
G1 F1645.1 X107.764 Y109.067 E11.91737
G1 F1654.5 X107.624 Y109.528 E11.94557
G1 F1663.9 X107.578 Y110 E11.97318
G1 X107.624 Y110.468 E12.00055
G1 F1645.1 X107.763 Y110.929 E12.02889
G1 X107.987 Y111.341 E12.0565
G1 X108.252 Y111.683 E12.08197
G1 F1654.5 X108.653 Y112.015 E12.11245
G1 F1659.2 X109.064 Y112.234 E12.13963
G1 X109.53 Y112.373 E12.16802
G1 F1654.5 X110 Y112.419 E12.19566
G0 F9000 X110 Y112.798
;TYPE:WALL-OUTER
G1 F1455.9 X110.54 Y112.743 E12.23177
G1 X111.075 Y112.582 E12.26893
G1 X111.552 Y112.328 E12.30488
G1 X111.977 Y111.977 E12.34155
G1 X112.328 Y111.552 E12.37821
G1 X112.582 Y111.075 E12.41416
G1 X112.742 Y110.54 E12.45131
G1 X112.798 Y110 E12.48742
G1 X112.743 Y109.456 E12.52379
G1 X112.582 Y108.921 E12.56096
G1 X112.329 Y108.444 E12.59687
G1 X111.978 Y108.019 E12.63354
G1 X111.552 Y107.671 E12.67013
G1 X111.074 Y107.414 E12.70623
G1 X110.541 Y107.254 E12.74325
G1 X110 Y107.202 E12.7794
G1 X109.455 Y107.254 E12.81582
G1 X108.922 Y107.414 E12.85284
G1 X108.444 Y107.671 E12.88894
G1 X108.019 Y108.019 E12.92548
G1 X107.672 Y108.444 E12.96198
G1 X107.414 Y108.922 E12.99811
G1 X107.254 Y109.455 E13.03513
G1 X107.202 Y110 E13.07155
G1 X107.254 Y110.541 E13.1077
G1 X107.414 Y111.074 E13.14472
G1 X107.672 Y111.552 E13.18085
G1 X108.019 Y111.978 E13.2174
G1 X108.444 Y112.329 E13.25407
G1 X108.921 Y112.582 E13.28998
G1 X109.456 Y112.742 E13.32713
G1 X110 Y112.798 E13.36351
G0 F9000 X110 Y112.488
G0 X110 Y111.999
G0 X110 Y111.687
G1 F1455.9 X109.795 Y111.687 E13.37715
G1 X109.374 Y111.578 E13.40607
G1 X109.02 Y111.387 E13.43283
G1 X108.743 Y111.143 E13.45739
G1 X108.496 Y110.792 E13.48594
G1 X108.352 Y110.414 E13.51284
G1 X108.3 Y109.98 E13.54192
G1 X108.356 Y109.569 E13.56951
G1 X108.495 Y109.205 E13.59543
G1 X108.72 Y108.877 E13.62189
G1 X109.054 Y108.586 E13.65136
G1 X109.418 Y108.402 E13.67849
G1 X109.796 Y108.309 E13.70438
G1 X110.199 Y108.308 E13.73119
G1 X110.622 Y108.418 E13.76027
G1 X110.955 Y108.594 E13.78532
G1 X111.275 Y108.876 E13.81369
G1 X111.501 Y109.206 E13.8403
G1 X111.644 Y109.582 E13.86706
G1 X111.697 Y110 E13.89509
G1 X111.64 Y110.427 E13.92374
G1 X111.502 Y110.79 E13.94958
G1 X111.275 Y111.12 E13.97622
G1 X110.976 Y111.387 E14.00288
G1 X110.618 Y111.579 E14.02991
G1 X110.201 Y111.687 E14.05856
G1 X110 Y111.687 E14.07193
G1 F2700 E9.07193
;MESH:standoff_6h_6od_2id.obj(2)
G0 F9000 X110 Y111.999
G0 X109.308 Y111.827
G0 X108.891 Y111.605
G0 X108.538 Y111.295
G0 X108.27 Y110.905
G0 X108.105 Y110.467
G0 X108.047 Y110.001
G0 X108.105 Y109.532
G0 X108.253 Y109.139
G0 X109.499 Y107.481
G0 X109.274 Y105.202
G0 X108.806 Y105.1
;TYPE:WALL-INNER
G1 F2700 E14.07193
G1 F1663.9 X109.247 Y105.057 E14.09772
G1 F1654.5 X109.753 Y104.901 E14.12872
G1 F1645.1 X110.131 Y104.689 E14.15423
G1 X110.486 Y104.398 E14.18126
G1 F1663.9 X110.792 Y104.028 E14.2092
G1 F1673.5 X111.019 Y103.602 E14.23714
G1 F1654.5 X111.155 Y103.15 E14.26477
G1 F1645.1 X111.2 Y102.68 E14.29256
G1 X111.155 Y102.214 E14.32013
G1 F1654.5 X111.018 Y101.758 E14.348
G1 F1663.9 X110.792 Y101.332 E14.37607
G1 F1659.2 X110.49 Y100.967 E14.40372
G1 F1645.1 X110.13 Y100.675 E14.43101
G1 X109.751 Y100.458 E14.45672
G1 F1654.5 X109.247 Y100.304 E14.48757
G1 F1663.9 X108.78 Y100.259 E14.51488
G1 X108.309 Y100.304 E14.54241
G1 F1654.5 X107.856 Y100.444 E14.57017
G1 F1645.1 X107.435 Y100.669 E14.59827
G1 F1654.5 X107.067 Y100.969 E14.62606
G1 F1663.9 X106.765 Y101.334 E14.65364
G1 F1673.5 X106.542 Y101.756 E14.68126
G1 F1663.9 X106.404 Y102.213 E14.70905
G1 F1645.1 X106.361 Y102.68 E14.73666
G1 X106.404 Y103.15 E14.76444
G1 F1659.2 X106.541 Y103.602 E14.79201
G1 F1673.5 X106.765 Y104.024 E14.81966
G1 F1663.9 X107.07 Y104.395 E14.84761
G1 F1654.5 X107.434 Y104.694 E14.87519
G1 F1649.8 X107.854 Y104.917 E14.9031
G1 F1654.5 X108.309 Y105.056 E14.93095
G1 F1663.9 X108.78 Y105.103 E14.95851
G1 X108.806 Y105.1 E14.96003
G0 F9000 X108.802 Y104.752
G1 F1668.7 X108.78 Y104.754 E14.96131
G1 F1673.5 X108.301 Y104.702 E14.98919
G1 F1683.2 X107.877 Y104.545 E15.01521
G1 F1663.9 X107.632 Y104.401 E15.03175
G1 F1654.5 X107.38 Y104.216 E15.05005
G1 F1668.7 X107.057 Y103.836 E15.079
G1 F1683.2 X106.841 Y103.429 E15.10551
G1 F1693 X106.723 Y102.956 E15.1334
G1 X106.718 Y102.431 E15.16343
G1 F1683.2 X106.84 Y101.933 E15.19294
G1 F1673.5 X107.058 Y101.524 E15.21976
G1 F1678.3 X107.374 Y101.148 E15.2481
G1 F1693 X107.747 Y100.879 E15.27441
G1 F1673.5 X107.987 Y100.773 E15.28959
G1 F1649.8 X108.307 Y100.657 E15.30957
G1 F1659.2 X108.78 Y100.609 E15.33733
G1 F1673.5 X109.25 Y100.657 E15.36467
G1 F1693 X109.698 Y100.818 E15.3919
G1 F1673.5 X109.931 Y100.966 E15.40788
G1 F1645.1 X110.185 Y101.153 E15.42644
G1 F1659.2 X110.499 Y101.523 E15.45477
G1 F1668.7 X110.72 Y101.939 E15.48211
G1 F1673.5 X110.842 Y102.423 E15.511
G1 F1683.2 X110.837 Y102.96 E15.5419
G1 X110.718 Y103.423 E15.5694
G1 F1673.5 X110.501 Y103.839 E15.59656
G1 F1683.2 X110.181 Y104.214 E15.62492
G1 F1693 X109.806 Y104.486 E15.65143
G1 F1673.5 X109.573 Y104.588 E15.66615
G1 F1654.5 X109.259 Y104.702 E15.6857
G1 F1663.9 X108.802 Y104.752 E15.71246
G0 F9000 X108.8 Y104.38
;TYPE:WALL-OUTER
G1 F1455.9 X108.361 Y104.328 E15.74187
G1 X108.009 Y104.196 E15.76687
G1 X107.656 Y103.959 E15.79516
G1 X107.374 Y103.638 E15.82358
G1 X107.184 Y103.271 E15.85107
G1 X107.092 Y102.884 E15.87753
G1 X107.092 Y102.48 E15.9044
G1 X107.184 Y102.089 E15.93112
G1 X107.374 Y101.724 E15.9585
G1 X107.656 Y101.401 E15.98702
G1 X107.985 Y101.179 E16.01342
G1 X108.361 Y101.032 E16.04028
G1 X108.78 Y100.984 E16.06833
G1 X109.195 Y101.032 E16.09612
G1 X109.571 Y101.175 E16.12288
G1 X109.899 Y101.404 E16.14949
G1 X110.185 Y101.724 E16.17804
G1 X110.375 Y102.099 E16.206
G1 X110.469 Y102.5 E16.2334
G1 X110.468 Y102.883 E16.25888
G1 X110.372 Y103.271 E16.28547
G1 X110.172 Y103.659 E16.3145
G1 X109.9 Y103.959 E16.34144
G1 X109.548 Y104.196 E16.36967
G1 X109.199 Y104.328 E16.39449
G1 X108.8 Y104.38 E16.42125
G0 F9000 X108.837 Y104.69
G0 X108.781 Y105.171
G0 X108.81 Y105.476
G1 F1455.9 X109.32 Y105.426 E16.45534
G1 X109.847 Y105.266 E16.49198
G1 X110.34 Y105.004 E16.52912
G1 X110.753 Y104.665 E16.56466
G1 X111.104 Y104.236 E16.60153
G1 X111.366 Y103.746 E16.63849
G1 X111.526 Y103.224 E16.67481
G1 X111.579 Y102.68 E16.71117
G1 X111.526 Y102.14 E16.74726
G1 X111.366 Y101.614 E16.78384
G1 X111.104 Y101.124 E16.8208
G1 X110.757 Y100.699 E16.85729
G1 X110.34 Y100.36 E16.89304
G1 X109.846 Y100.094 E16.93037
G1 X109.32 Y99.934 E16.96694
G1 X108.78 Y99.882 E17.00303
G1 X108.236 Y99.934 E17.03938
G1 X107.71 Y100.094 E17.07595
G1 X107.224 Y100.355 E17.11265
G1 X106.802 Y100.703 E17.14903
G1 X106.452 Y101.124 E17.18545
G1 X106.194 Y101.613 E17.22223
G1 X106.034 Y102.14 E17.25886
G1 X105.982 Y102.68 E17.29495
G1 X106.033 Y103.224 E17.3313
G1 X106.194 Y103.746 E17.36764
G1 X106.452 Y104.232 E17.40424
G1 X106.803 Y104.662 E17.44116
G1 X107.224 Y105.008 E17.47741
G1 X107.709 Y105.266 E17.51395
G1 X108.236 Y105.426 E17.55059
G1 X108.78 Y105.479 E17.58695
G1 X108.81 Y105.476 E17.58895
G1 F2700 E12.58895
;MESH:standoff_6h_6od_2id.obj(3)
G0 F9000 X108.781 Y105.171
G0 X109.282 Y105.202
G0 X109.389 Y106.29
G0 X110.714 Y106.403
G0 X111.403 Y106.612
G0 X112.038 Y106.951
G0 X112.593 Y107.407
G0 X113.049 Y107.962
G0 X113.388 Y108.597
G0 X113.597 Y109.286
G0 X113.668 Y110
G0 X113.597 Y110.714
G0 X113.388 Y111.403
G0 X113.049 Y112.038
G0 X112.593 Y112.593
G0 X112.038 Y113.049
G0 X110.611 Y113.71
G0 X111.194 Y119.388
;TYPE:WALL-INNER
G1 F2700 E17.58895
G1 F1678.3 X110.741 Y119.338 E17.61525
G1 F1683.2 X110.317 Y119.181 E17.64127
G1 F1663.9 X110.066 Y119.033 E17.65823
G1 X109.815 Y118.849 E17.67634
G1 F1678.3 X109.495 Y118.473 E17.70483
G1 F1668.7 X109.279 Y118.061 E17.73183
G1 F1673.5 X109.162 Y117.614 E17.75857
G1 F1663.9 X109.151 Y117.316 E17.77593
G1 X109.162 Y117.014 E17.79352
G1 F1673.5 X109.28 Y116.57 E17.82011
G1 X109.495 Y116.158 E17.847
G1 F1683.2 X109.812 Y115.784 E17.87521
G1 F1693 X110.189 Y115.51 E17.90188
G1 F1668.7 X110.422 Y115.408 E17.91664
G1 F1649.8 X110.747 Y115.294 E17.93686
G1 F1663.9 X111.216 Y115.242 E17.96432
G1 X111.692 Y115.294 E17.99219
G1 F1654.5 X112.011 Y115.407 E18.012
G1 F1678.3 X112.254 Y115.514 E18.02732
G1 F1697.9 X112.625 Y115.788 E18.05363
G1 F1688.1 X112.942 Y116.159 E18.08163
G1 F1673.5 X113.155 Y116.569 E18.10837
G1 X113.274 Y117.016 E18.13514
G1 F1663.9 X113.284 Y117.316 E18.15261
G1 F1668.7 X113.264 Y117.641 E18.17151
G1 F1683.2 X113.157 Y118.062 E18.1965
G1 F1678.3 X112.94 Y118.474 E18.22337
G1 F1683.2 X112.623 Y118.848 E18.25158
G1 F1693 X112.242 Y119.123 E18.27846
G1 F1673.5 X112.011 Y119.225 E18.29308
G1 F1654.5 X111.692 Y119.339 E18.31291
G1 F1663.9 X111.216 Y119.39 E18.34077
G1 F1673.5 X111.194 Y119.388 E18.34205
G0 F9000 X111.19 Y119.736
G1 F1663.9 X111.216 Y119.739 E18.34357
G1 X111.687 Y119.692 E18.37113
G1 F1654.5 X112.141 Y119.554 E18.3989
G1 F1649.8 X112.562 Y119.327 E18.42698
G1 F1654.5 X112.931 Y119.026 E18.45486
G1 F1663.9 X113.231 Y118.664 E18.48222
G1 F1673.5 X113.454 Y118.243 E18.50979
G1 F1663.9 X113.592 Y117.787 E18.53752
G1 F1654.5 X113.637 Y117.316 E18.56522
G1 X113.592 Y116.846 E18.59286
G1 F1663.9 X113.456 Y116.393 E18.62039
G1 F1673.5 X113.232 Y115.971 E18.64804
G1 X112.927 Y115.601 E18.67579
G1 F1654.5 X112.562 Y115.306 E18.70326
G1 X112.141 Y115.079 E18.73126
G1 X111.687 Y114.94 E18.75905
G1 F1663.9 X111.216 Y114.893 E18.7866
G1 X110.749 Y114.94 E18.81392
G1 F1649.8 X110.243 Y115.095 E18.84499
G1 F1645.1 X109.865 Y115.307 E18.8705
G1 X109.511 Y115.597 E18.89744
G1 F1668.7 X109.205 Y115.97 E18.92544
G1 F1678.3 X108.981 Y116.394 E18.95312
G1 F1663.9 X108.843 Y116.847 E18.98068
G1 F1649.8 X108.797 Y117.316 E19.00834
G1 F1645.1 X108.829 Y117.735 E19.03308
G1 F1659.2 X108.981 Y118.244 E19.06409
G1 F1673.5 X109.204 Y118.663 E19.09156
G1 F1663.9 X109.51 Y119.031 E19.11942
G1 F1654.5 X109.867 Y119.326 E19.14653
G1 F1649.8 X110.294 Y119.553 E19.17492
G1 F1654.5 X110.749 Y119.692 E19.20277
G1 F1663.9 X111.19 Y119.736 E19.22856
G0 F9000 X111.186 Y120.112
;TYPE:WALL-OUTER
G1 F1455.9 X111.216 Y120.115 E19.23057
G1 X111.76 Y120.062 E19.26693
G1 X112.286 Y119.902 E19.3035
G1 X112.772 Y119.641 E19.34019
G1 X113.198 Y119.293 E19.37678
G1 X113.544 Y118.872 E19.41303
G1 X113.802 Y118.387 E19.44958
G1 X113.962 Y117.86 E19.48621
G1 X114.015 Y117.316 E19.52257
G1 X113.962 Y116.772 E19.55893
G1 X113.802 Y116.249 E19.59531
G1 X113.544 Y115.764 E19.63185
G1 X113.194 Y115.335 E19.66868
G1 X112.772 Y114.992 E19.70486
G1 X112.286 Y114.73 E19.74159
G1 X111.76 Y114.57 E19.77816
G1 X111.216 Y114.517 E19.81452
G1 X110.676 Y114.57 E19.85061
G1 X110.149 Y114.73 E19.88725
G1 X109.656 Y114.992 E19.92439
G1 X109.243 Y115.33 E19.95989
G1 X108.892 Y115.763 E19.99696
G1 X108.634 Y116.25 E20.03362
G1 X108.473 Y116.772 E20.06996
G1 X108.418 Y117.316 E20.10633
G1 X108.474 Y117.86 E20.14271
G1 X108.634 Y118.387 E20.17935
G1 X108.892 Y118.872 E20.21589
G1 X109.243 Y119.298 E20.25261
G1 X109.657 Y119.64 E20.28833
G1 X110.149 Y119.902 E20.32541
G1 X110.676 Y120.062 E20.36205
G1 X111.186 Y120.112 E20.39613
G0 F9000 X111.216 Y119.805
G0 X111.16 Y119.323
G0 X111.196 Y119.016
G1 F1455.9 X110.801 Y118.964 E20.42264
G1 X110.449 Y118.832 E20.44764
G1 X110.096 Y118.595 E20.47593
G1 X109.825 Y118.292 E20.50297
G1 X109.621 Y117.897 E20.53254
G1 X109.529 Y117.517 E20.55855
G1 X109.533 Y117.087 E20.58715
G1 X109.624 Y116.725 E20.61198
G1 X109.81 Y116.357 E20.63941
G1 X110.097 Y116.037 E20.668
G1 X110.426 Y115.811 E20.69456
G1 X110.801 Y115.668 E20.72125
G1 X111.216 Y115.616 E20.74907
G1 X111.635 Y115.668 E20.77716
G1 X112.011 Y115.811 E20.80392
G1 X112.338 Y116.036 E20.83032
G1 X112.626 Y116.357 E20.85901
G1 X112.812 Y116.725 E20.88644
G1 X112.907 Y117.112 E20.91295
G1 X112.903 Y117.55 E20.94208
G1 X112.812 Y117.907 E20.96659
G1 X112.607 Y118.297 E20.9959
G1 X112.339 Y118.595 E21.02256
G1 X112.012 Y118.821 E21.049
G1 X111.635 Y118.964 E21.07582
G1 X111.196 Y119.016 E21.10523
G1 F2700 E16.10523
;MESH:NONMESH
G0 F300 Z1
G0 F9000 X111.16 Y119.323
G0 X110.312 Y119.046
G0 X109.924 Y118.777
G0 X109.614 Y118.426
G0 X109.489 Y118.189
G0 X108.848 Y116.331
G0 X107.883 Y115.817
G0 X104.808 Y111.757
G0 X102.818 Y110.836
;TIME_ELAPSED:42.677181
;LAYER:2
;note -- min layer time used
M106 S85
;TYPE:WALL-INNER
;MESH:standoff_6h_6od_2id.obj(1)
G1 F2700 E21.10523
G1 F1652.4 X102.68 Y110.851 E21.11329
G1 F1647.7 X102.207 Y110.798 E21.14099
G1 F1657.1 X101.771 Y110.643 E21.16777
G1 F1647.7 X101.534 Y110.495 E21.18403
G1 F1633.7 X101.287 Y110.315 E21.20198
G1 F1652.4 X100.958 Y109.933 E21.23124
G1 F1657.1 X100.741 Y109.523 E21.25808
G1 X100.618 Y109.037 E21.28709
G1 F1671.5 X100.623 Y108.5 E21.31791
G1 F1666.7 X100.745 Y108.027 E21.34601
G1 F1661.9 X100.959 Y107.621 E21.3725
G1 F1666.7 X101.289 Y107.239 E21.40154
G1 X101.72 Y106.938 E21.43179
G1 F1661.9 X102.208 Y106.758 E21.46181
G1 F1657.1 X102.68 Y106.706 E21.48929
G1 X103.159 Y106.758 E21.51717
G1 F1661.9 X103.65 Y106.94 E21.54739
G1 F1666.7 X104.076 Y107.239 E21.57734
G1 F1657.1 X104.403 Y107.622 E21.60648
G1 X104.619 Y108.026 E21.63299
G1 F1666.7 X104.744 Y108.515 E21.66204
G1 F1676.4 X104.744 Y109.041 E21.69213
G1 F1666.7 X104.619 Y109.53 E21.72117
G1 F1661.9 X104.404 Y109.935 E21.74763
G1 F1647.7 X104.076 Y110.315 E21.77685
G1 F1638.3 X103.835 Y110.492 E21.79435
G1 F1657.1 X103.599 Y110.64 E21.81047
G1 F1671.5 X103.158 Y110.798 E21.83735
G1 F1661.9 X102.818 Y110.836 E21.85709
G0 F12000 X102.841 Y111.185
G1 F1647.7 X103.149 Y111.153 E21.87512
G1 F1638.3 X103.66 Y110.996 E21.90641
G1 F1629 X104.033 Y110.785 E21.93164
G1 F1638.3 X104.387 Y110.495 E21.95842
G1 F1647.7 X104.696 Y110.123 E21.98657
G1 F1657.1 X104.919 Y109.703 E22.01409
G1 F1647.7 X105.056 Y109.247 E22.04181
G1 F1638.3 X105.1 Y108.78 E22.06926
G1 X105.056 Y108.309 E22.09696
G1 F1647.7 X104.919 Y107.853 E22.12467
G1 F1652.4 X104.696 Y107.433 E22.15227
G1 F1647.7 X104.391 Y107.065 E22.18009
G1 F1633.7 X104.033 Y106.77 E22.20732
G1 F1629 X103.606 Y106.544 E22.23576
G1 F1638.3 X103.151 Y106.404 E22.26363
G1 F1647.7 X102.68 Y106.357 E22.29118
G1 X102.213 Y106.404 E22.3185
G1 F1638.3 X101.757 Y106.544 E22.34642
G1 F1629 X101.333 Y106.767 E22.37462
G1 X100.971 Y107.064 E22.40219
G1 F1647.7 X100.667 Y107.432 E22.42997
G1 F1652.4 X100.441 Y107.855 E22.45781
G1 F1638.3 X100.305 Y108.309 E22.48555
G1 F1629 X100.261 Y108.78 E22.5134
G1 X100.305 Y109.246 E22.54096
G1 F1638.3 X100.441 Y109.701 E22.56875
G1 F1657.1 X100.666 Y110.122 E22.59638
G1 F1652.4 X100.973 Y110.491 E22.62424
G1 F1633.7 X101.334 Y110.789 E22.65172
G1 F1629 X101.7 Y110.993 E22.67639
G1 F1638.3 X102.215 Y111.153 E22.70796
G1 F1643 X102.68 Y111.202 E22.73525
G1 F1647.7 X102.841 Y111.185 E22.74467
G0 F12000 X102.866 Y111.56
;TYPE:WALL-OUTER
G1 F1441.7 X103.224 Y111.522 E22.76862
G1 X103.751 Y111.362 E22.80526
G1 X104.244 Y111.1 E22.84239
G1 X104.653 Y110.762 E22.87769
G1 X105.008 Y110.332 E22.91478
G1 X105.266 Y109.847 E22.95132
G1 X105.426 Y109.32 E22.98796
G1 X105.478 Y108.78 E23.02405
G1 X105.426 Y108.236 E23.0604
G1 X105.266 Y107.709 E23.09704
G1 X105.009 Y107.224 E23.13355
G1 X104.657 Y106.798 E23.17031
G1 X104.244 Y106.455 E23.20602
G1 X103.751 Y106.194 E23.24313
G1 X103.224 Y106.034 E23.27976
G1 X102.68 Y105.981 E23.31612
G1 X102.14 Y106.034 E23.35221
G1 X101.613 Y106.194 E23.38885
G1 X101.124 Y106.452 E23.42563
G1 X100.703 Y106.798 E23.46188
G1 X100.356 Y107.224 E23.49843
G1 X100.094 Y107.71 E23.53515
G1 X99.934 Y108.236 E23.57173
G1 X99.882 Y108.78 E23.60808
G1 X99.934 Y109.32 E23.64417
G1 X100.094 Y109.846 E23.68074
G1 X100.355 Y110.331 E23.71738
G1 X100.707 Y110.758 E23.75419
G1 X101.124 Y111.104 E23.79023
G1 X101.613 Y111.361 E23.82698
G1 X102.14 Y111.522 E23.86363
G1 X102.68 Y111.579 E23.89975
G1 X102.866 Y111.56 E23.91219
G0 F12000 X102.837 Y111.252
G0 X102.832 Y110.776
G0 X102.794 Y110.462
G1 F1441.7 X102.68 Y110.476 E23.91983
G1 X102.265 Y110.424 E23.94765
G1 X101.89 Y110.282 E23.97433
G1 X101.56 Y110.054 E24.00101
G1 X101.274 Y109.735 E24.02951
G1 X101.085 Y109.361 E24.05738
G1 X100.992 Y108.98 E24.08347
G1 X100.992 Y108.577 E24.11028
G1 X101.088 Y108.189 E24.13687
G1 X101.274 Y107.821 E24.1643
G1 X101.56 Y107.501 E24.19285
G1 X101.89 Y107.275 E24.21945
G1 X102.265 Y107.132 E24.24615
G1 X102.68 Y107.08 E24.27397
G1 X103.099 Y107.132 E24.30206
G1 X103.494 Y107.286 E24.33026
G1 X103.804 Y107.501 E24.35535
G1 X104.086 Y107.821 E24.38373
G1 X104.279 Y108.195 E24.41172
G1 X104.371 Y108.576 E24.4378
G1 X104.367 Y109.009 E24.4666
G1 X104.276 Y109.371 E24.49143
G1 X104.086 Y109.738 E24.51892
G1 X103.804 Y110.055 E24.54714
G1 X103.474 Y110.281 E24.57375
G1 X103.099 Y110.424 E24.60045
G1 X102.794 Y110.462 E24.62089
G1 F2700 E19.62089
;MESH:standoff_6h_6od_2id.obj
G0 F12000 X102.832 Y110.776
G0 X104.498 Y110.596
G0 X105.344 Y111.289
G0 X106.581 Y111.303
G0 X110 Y112.065
;TYPE:WALL-INNER
G1 F2700 E24.62089
G1 F1666.7 X109.771 Y112.074 E24.63408
G1 F1657.1 X109.243 Y111.933 E24.66571
G1 F1647.7 X108.844 Y111.72 E24.69203
G1 F1643 X108.461 Y111.394 E24.72139
G1 F1647.7 X108.157 Y110.975 E24.75152
G1 X107.978 Y110.475 E24.78243
G1 X107.926 Y110 E24.81025
G1 X107.978 Y109.521 E24.83829
G1 X108.154 Y109.025 E24.86892
G1 F1657.1 X108.461 Y108.602 E24.89917
G1 X108.842 Y108.277 E24.92815
G1 F1647.7 X109.248 Y108.061 E24.95492
G1 F1657.1 X109.706 Y107.94 E24.98234
G1 F1666.7 X110.29 Y107.94 E25.01594
G1 F1657.1 X110.753 Y108.064 E25.04368
G1 F1647.7 X111.154 Y108.277 E25.07011
G1 X111.529 Y108.597 E25.0988
G1 F1629 X111.719 Y108.854 E25.11762
G1 F1638.3 X111.861 Y109.083 E25.13339
G1 F1647.7 X112.019 Y109.524 E25.16066
G1 X112.071 Y110 E25.18853
G1 F1657.1 X112.02 Y110.469 E25.21583
G1 F1671.5 X111.861 Y110.918 E25.24316
G1 F1647.7 X111.719 Y111.141 E25.25854
G1 F1629 X111.536 Y111.393 E25.27688
G1 F1643 X111.153 Y111.721 E25.30631
G1 F1647.7 X110.752 Y111.934 E25.33274
G1 F1652.4 X110.299 Y112.054 E25.35994
G1 F1666.7 X110 Y112.065 E25.37716
G0 F12000 X110 Y112.419
G1 F1629 X110.42 Y112.387 E25.40195
G1 F1638.3 X110.931 Y112.233 E25.43319
G1 F1647.7 X111.342 Y112.015 E25.46027
G1 F1638.3 X111.71 Y111.71 E25.48825
G1 F1629 X112.013 Y111.341 E25.51636
G1 X112.231 Y110.931 E25.5437
G1 F1638.3 X112.373 Y110.466 E25.57216
G1 F1647.7 X112.422 Y110 E25.59943
G1 X112.373 Y109.53 E25.62694
G1 F1629 X112.232 Y109.065 E25.65554
G1 F1619.9 X112.013 Y108.655 E25.68306
G1 F1629 X111.711 Y108.287 E25.71109
G1 F1647.7 X111.343 Y107.983 E25.73887
G1 X110.93 Y107.763 E25.76611
G1 X110.468 Y107.624 E25.79419
G1 F1638.3 X110 Y107.58 E25.8217
G1 X109.528 Y107.624 E25.84945
G1 F1643 X109.066 Y107.763 E25.87762
G1 F1647.7 X108.653 Y107.983 E25.90485
G1 X108.286 Y108.286 E25.93255
G1 F1638.3 X107.986 Y108.655 E25.96039
G1 F1629 X107.764 Y109.067 E25.98794
G1 F1638.3 X107.624 Y109.528 E26.01615
G1 F1647.7 X107.578 Y110 E26.04375
G1 X107.624 Y110.468 E26.07112
G1 F1629 X107.763 Y110.929 E26.09947
G1 X107.987 Y111.341 E26.12707
G1 X108.252 Y111.683 E26.15255
G1 F1638.3 X108.653 Y112.015 E26.18302
G1 F1643 X109.064 Y112.234 E26.2102
G1 X109.53 Y112.373 E26.23859
G1 F1638.3 X110 Y112.419 E26.26623
G0 F12000 X110 Y112.798
;TYPE:WALL-OUTER
G1 F1441.7 X110.54 Y112.743 E26.30234
G1 X111.075 Y112.582 E26.33951
G1 X111.552 Y112.328 E26.37545
G1 X111.977 Y111.977 E26.41212
G1 X112.328 Y111.552 E26.44879
G1 X112.582 Y111.075 E26.48473
G1 X112.742 Y110.54 E26.52188
G1 X112.798 Y110 E26.55799
G1 X112.743 Y109.456 E26.59437
G1 X112.582 Y108.921 E26.63153
G1 X112.329 Y108.444 E26.66745
G1 X111.978 Y108.019 E26.70411
G1 X111.552 Y107.671 E26.7407
G1 X111.074 Y107.414 E26.77681
G1 X110.541 Y107.254 E26.81382
G1 X110 Y107.202 E26.84998
G1 X109.455 Y107.254 E26.8864
G1 X108.922 Y107.414 E26.92341
G1 X108.444 Y107.671 E26.95952
G1 X108.019 Y108.019 E26.99605
G1 X107.672 Y108.444 E27.03255
G1 X107.414 Y108.922 E27.06868
G1 X107.254 Y109.455 E27.1057
G1 X107.202 Y110 E27.14212
G1 X107.254 Y110.541 E27.17827
G1 X107.414 Y111.074 E27.21529
G1 X107.672 Y111.552 E27.25143
G1 X108.019 Y111.978 E27.28797
G1 X108.444 Y112.329 E27.32464
G1 X108.921 Y112.582 E27.36056
G1 X109.456 Y112.742 E27.3977
G1 X110 Y112.798 E27.43408
G0 F12000 X110 Y112.488
G0 X110 Y111.999
G0 X110 Y111.687
G1 F1441.7 X109.795 Y111.687 E27.44772
G1 X109.374 Y111.578 E27.47665
G1 X109.02 Y111.387 E27.5034
G1 X108.743 Y111.143 E27.52796
G1 X108.496 Y110.792 E27.55651
G1 X108.352 Y110.414 E27.58342
G1 X108.3 Y109.98 E27.61249
G1 X108.356 Y109.569 E27.64009
G1 X108.495 Y109.205 E27.666
G1 X108.72 Y108.877 E27.69246
G1 X109.054 Y108.586 E27.72193
G1 X109.418 Y108.402 E27.74906
G1 X109.796 Y108.309 E27.77496
G1 X110.199 Y108.308 E27.80176
G1 X110.622 Y108.418 E27.83084
G1 X110.955 Y108.594 E27.85589
G1 X111.275 Y108.876 E27.88427
G1 X111.501 Y109.206 E27.91087
G1 X111.644 Y109.582 E27.93763
G1 X111.697 Y110 E27.96566
G1 X111.64 Y110.427 E27.99432
G1 X111.502 Y110.79 E28.02015
G1 X111.275 Y111.12 E28.04679
G1 X110.976 Y111.387 E28.07346
G1 X110.618 Y111.579 E28.10048
G1 X110.201 Y111.687 E28.12913
G1 X110 Y111.687 E28.14251
G1 F2700 E23.14251
;MESH:standoff_6h_6od_2id.obj(2)
G0 F12000 X110 Y111.999
G0 X109.308 Y111.827
G0 X108.891 Y111.605
G0 X108.538 Y111.295
G0 X108.27 Y110.905
G0 X108.105 Y110.467
G0 X108.047 Y110.001
G0 X108.105 Y109.532
G0 X108.253 Y109.139
G0 X109.499 Y107.481
G0 X109.274 Y105.202
G0 X108.806 Y105.1
;TYPE:WALL-INNER
G1 F2700 E28.14251
G1 F1647.7 X109.247 Y105.057 E28.1683
G1 F1638.3 X109.753 Y104.901 E28.19929
G1 F1629 X110.131 Y104.689 E28.22481
G1 X110.486 Y104.398 E28.25183
G1 F1647.7 X110.792 Y104.028 E28.27978
G1 F1657.1 X111.019 Y103.602 E28.30771
G1 F1638.3 X111.155 Y103.15 E28.33534
G1 F1629 X111.2 Y102.68 E28.36314
G1 X111.155 Y102.214 E28.3907
G1 F1638.3 X111.018 Y101.758 E28.41857
G1 F1647.7 X110.792 Y101.332 E28.44664
G1 F1643 X110.49 Y100.967 E28.47429
G1 F1629 X110.13 Y100.675 E28.50158
G1 X109.751 Y100.458 E28.52729
G1 F1638.3 X109.247 Y100.304 E28.55814
G1 F1647.7 X108.78 Y100.259 E28.58545
G1 X108.309 Y100.304 E28.61299
G1 F1638.3 X107.856 Y100.444 E28.64074
G1 F1629 X107.435 Y100.669 E28.66884
G1 F1638.3 X107.067 Y100.969 E28.69664
G1 F1647.7 X106.765 Y101.334 E28.72421
G1 F1657.1 X106.542 Y101.756 E28.75183
G1 F1647.7 X106.404 Y102.213 E28.77962
G1 F1629 X106.361 Y102.68 E28.80723
G1 X106.404 Y103.15 E28.83501
G1 F1643 X106.541 Y103.602 E28.86258
G1 F1657.1 X106.765 Y104.024 E28.89023
G1 F1647.7 X107.07 Y104.395 E28.91819
G1 F1638.3 X107.434 Y104.694 E28.94576
G1 F1633.7 X107.854 Y104.917 E28.97368
G1 F1638.3 X108.309 Y105.056 E29.00153
G1 F1647.7 X108.78 Y105.103 E29.02908
G1 X108.806 Y105.1 E29.0306
G0 F12000 X108.802 Y104.752
G1 F1652.4 X108.78 Y104.754 E29.03188
G1 F1657.1 X108.301 Y104.702 E29.05977
G1 F1666.7 X107.877 Y104.545 E29.08578
G1 F1647.7 X107.632 Y104.401 E29.10232
G1 F1638.3 X107.38 Y104.216 E29.12062
G1 F1652.4 X107.057 Y103.836 E29.14957
G1 F1666.7 X106.841 Y103.429 E29.17608
G1 F1676.4 X106.723 Y102.956 E29.20397
G1 X106.718 Y102.431 E29.23401
G1 F1666.7 X106.84 Y101.933 E29.26351
G1 F1657.1 X107.058 Y101.524 E29.29033
G1 F1661.9 X107.374 Y101.148 E29.31867
G1 F1676.4 X107.747 Y100.879 E29.34498
G1 F1657.1 X107.987 Y100.773 E29.36017
G1 F1633.7 X108.307 Y100.657 E29.38015
G1 F1643 X108.78 Y100.609 E29.4079
G1 F1657.1 X109.25 Y100.657 E29.43524
G1 F1676.4 X109.698 Y100.818 E29.46247
G1 F1657.1 X109.931 Y100.966 E29.47845
G1 F1629 X110.185 Y101.153 E29.49702
G1 F1643 X110.499 Y101.523 E29.52534
G1 F1652.4 X110.72 Y101.939 E29.55268
G1 F1657.1 X110.842 Y102.423 E29.58157
G1 F1666.7 X110.837 Y102.96 E29.61247
G1 X110.718 Y103.423 E29.63998
G1 F1657.1 X110.501 Y103.839 E29.66713
G1 F1666.7 X110.181 Y104.214 E29.6955
G1 F1676.4 X109.806 Y104.486 E29.722
G1 F1657.1 X109.573 Y104.588 E29.73672
G1 F1638.3 X109.259 Y104.702 E29.75627
G1 F1647.7 X108.802 Y104.752 E29.78303
G0 F12000 X108.8 Y104.38
;TYPE:WALL-OUTER
G1 F1441.7 X108.361 Y104.328 E29.81244
G1 X108.009 Y104.196 E29.83745
G1 X107.656 Y103.959 E29.86573
G1 X107.374 Y103.638 E29.89415
G1 X107.184 Y103.271 E29.92164
G1 X107.092 Y102.884 E29.9481
G1 X107.092 Y102.48 E29.97498
G1 X107.184 Y102.089 E30.0017
G1 X107.374 Y101.724 E30.02907
G1 X107.656 Y101.401 E30.05759
G1 X107.985 Y101.179 E30.08399
G1 X108.361 Y101.032 E30.11085
G1 X108.78 Y100.984 E30.1389
G1 X109.195 Y101.032 E30.16669
G1 X109.571 Y101.175 E30.19345
G1 X109.899 Y101.404 E30.22006
G1 X110.185 Y101.724 E30.24861
G1 X110.375 Y102.099 E30.27658
G1 X110.469 Y102.5 E30.30397
G1 X110.468 Y102.883 E30.32945
G1 X110.372 Y103.271 E30.35604
G1 X110.172 Y103.659 E30.38508
G1 X109.9 Y103.959 E30.41201
G1 X109.548 Y104.196 E30.44024
G1 X109.199 Y104.328 E30.46506
G1 X108.8 Y104.38 E30.49183
G0 F12000 X108.837 Y104.69
G0 X108.781 Y105.171
G0 X108.81 Y105.476
G1 F1441.7 X109.32 Y105.426 E30.52592
G1 X109.847 Y105.266 E30.56255
G1 X110.34 Y105.004 E30.59969
G1 X110.753 Y104.665 E30.63523
G1 X111.104 Y104.236 E30.6721
G1 X111.366 Y103.746 E30.70907
G1 X111.526 Y103.224 E30.74538
G1 X111.579 Y102.68 E30.78174
G1 X111.526 Y102.14 E30.81784
G1 X111.366 Y101.614 E30.85441
G1 X111.104 Y101.124 E30.89137
G1 X110.757 Y100.699 E30.92787
G1 X110.34 Y100.36 E30.96362
G1 X109.846 Y100.094 E31.00094
G1 X109.32 Y99.934 E31.03751
G1 X108.78 Y99.882 E31.0736
G1 X108.236 Y99.934 E31.10995
G1 X107.71 Y100.094 E31.14652
G1 X107.224 Y100.355 E31.18322
G1 X106.802 Y100.703 E31.2196
G1 X106.452 Y101.124 E31.25602
G1 X106.194 Y101.613 E31.2928
G1 X106.034 Y102.14 E31.32944
G1 X105.982 Y102.68 E31.36552
G1 X106.033 Y103.224 E31.40187
G1 X106.194 Y103.746 E31.43821
G1 X106.452 Y104.232 E31.47481
G1 X106.803 Y104.662 E31.51173
G1 X107.224 Y105.008 E31.54798
G1 X107.709 Y105.266 E31.58453
G1 X108.236 Y105.426 E31.62116
G1 X108.78 Y105.479 E31.65752
G1 X108.81 Y105.476 E31.65953
G1 F2700 E26.65953
;MESH:standoff_6h_6od_2id.obj(3)
G0 F12000 X108.781 Y105.171
G0 X109.282 Y105.202
G0 X109.389 Y106.29
G0 X110.714 Y106.403
G0 X111.403 Y106.612
G0 X112.038 Y106.951
G0 X112.593 Y107.407
G0 X113.049 Y107.962
G0 X113.388 Y108.597
G0 X113.597 Y109.286
G0 X113.668 Y110
G0 X113.597 Y110.714
G0 X113.388 Y111.403
G0 X113.049 Y112.038
G0 X112.593 Y112.593
G0 X112.038 Y113.049
G0 X110.611 Y113.71
G0 X111.194 Y119.388
;TYPE:WALL-INNER
G1 F2700 E31.65953
G1 F1661.9 X110.741 Y119.338 E31.68583
G1 F1666.7 X110.317 Y119.181 E31.71184
G1 F1647.7 X110.066 Y119.033 E31.7288
G1 X109.815 Y118.849 E31.74692
G1 F1661.9 X109.495 Y118.473 E31.77541
G1 F1652.4 X109.279 Y118.061 E31.80241
G1 F1657.1 X109.162 Y117.614 E31.82915
G1 F1647.7 X109.151 Y117.316 E31.8465
G1 X109.162 Y117.014 E31.86409
G1 F1657.1 X109.28 Y116.57 E31.89068
G1 X109.495 Y116.158 E31.91758
G1 F1666.7 X109.812 Y115.784 E31.94579
G1 F1676.4 X110.189 Y115.51 E31.97245
G1 F1652.4 X110.422 Y115.408 E31.98721
G1 F1633.7 X110.747 Y115.294 E32.00743
G1 F1647.7 X111.216 Y115.242 E32.03489
G1 X111.692 Y115.294 E32.06277
G1 F1638.3 X112.011 Y115.407 E32.08258
G1 F1661.9 X112.254 Y115.514 E32.0979
G1 F1681.3 X112.625 Y115.788 E32.12421
G1 F1671.5 X112.942 Y116.159 E32.1522
G1 F1657.1 X113.155 Y116.569 E32.17894
G1 X113.274 Y117.016 E32.20571
G1 F1647.7 X113.284 Y117.316 E32.22318
G1 F1652.4 X113.264 Y117.641 E32.24208
G1 F1666.7 X113.157 Y118.062 E32.26708
G1 F1661.9 X112.94 Y118.474 E32.29395
G1 F1666.7 X112.623 Y118.848 E32.32216
G1 F1676.4 X112.242 Y119.123 E32.34904
G1 F1657.1 X112.011 Y119.225 E32.36365
G1 F1638.3 X111.692 Y119.339 E32.38348
G1 F1647.7 X111.216 Y119.39 E32.41135
G1 F1657.1 X111.194 Y119.388 E32.41262
G0 F12000 X111.19 Y119.736
G1 F1647.7 X111.216 Y119.739 E32.41415
G1 X111.687 Y119.692 E32.4417
G1 F1638.3 X112.141 Y119.554 E32.46948
G1 F1633.7 X112.562 Y119.327 E32.49755
G1 F1638.3 X112.931 Y119.026 E32.52543
G1 F1647.7 X113.231 Y118.664 E32.55279
G1 F1657.1 X113.454 Y118.243 E32.58037
G1 F1647.7 X113.592 Y117.787 E32.6081
G1 F1638.3 X113.637 Y117.316 E32.63579
G1 X113.592 Y116.846 E32.66343
G1 F1647.7 X113.456 Y116.393 E32.69096
G1 F1657.1 X113.232 Y115.971 E32.71861
G1 X112.927 Y115.601 E32.74636
G1 F1638.3 X112.562 Y115.306 E32.77383
G1 X112.141 Y115.079 E32.80183
G1 X111.687 Y114.94 E32.82963
G1 F1647.7 X111.216 Y114.893 E32.85718
G1 X110.749 Y114.94 E32.8845
G1 F1633.7 X110.243 Y115.095 E32.91556
G1 F1629 X109.865 Y115.307 E32.94108
G1 X109.511 Y115.597 E32.96802
G1 F1652.4 X109.205 Y115.97 E32.99602
G1 F1661.9 X108.981 Y116.394 E33.02369
G1 F1647.7 X108.843 Y116.847 E33.05125
G1 F1633.7 X108.797 Y117.316 E33.07892
G1 F1629 X108.829 Y117.735 E33.10366
G1 F1643 X108.981 Y118.244 E33.13466
G1 F1657.1 X109.204 Y118.663 E33.16213
G1 F1647.7 X109.51 Y119.031 E33.18999
G1 F1638.3 X109.867 Y119.326 E33.2171
G1 F1633.7 X110.294 Y119.553 E33.24549
G1 F1638.3 X110.749 Y119.692 E33.27334
G1 F1647.7 X111.19 Y119.736 E33.29913
G0 F12000 X111.186 Y120.112
;TYPE:WALL-OUTER
G1 F1441.7 X111.216 Y120.115 E33.30114
G1 X111.76 Y120.062 E33.3375
G1 X112.286 Y119.902 E33.37407
G1 X112.772 Y119.641 E33.41077
G1 X113.198 Y119.293 E33.44736
G1 X113.544 Y118.872 E33.48361
G1 X113.802 Y118.387 E33.52015
G1 X113.962 Y117.86 E33.55679
G1 X114.015 Y117.316 E33.59314
G1 X113.962 Y116.772 E33.6295
G1 X113.802 Y116.249 E33.66588
G1 X113.544 Y115.764 E33.70243
G1 X113.194 Y115.335 E33.73926
G1 X112.772 Y114.992 E33.77543
G1 X112.286 Y114.73 E33.81216
G1 X111.76 Y114.57 E33.84873
G1 X111.216 Y114.517 E33.88509
G1 X110.676 Y114.57 E33.92118
G1 X110.149 Y114.73 E33.95782
G1 X109.656 Y114.992 E33.99496
G1 X109.243 Y115.33 E34.03046
G1 X108.892 Y115.763 E34.06754
G1 X108.634 Y116.25 E34.1042
G1 X108.473 Y116.772 E34.14054
G1 X108.418 Y117.316 E34.17691
G1 X108.474 Y117.86 E34.21329
G1 X108.634 Y118.387 E34.24992
G1 X108.892 Y118.872 E34.28646
G1 X109.243 Y119.298 E34.32318
G1 X109.657 Y119.64 E34.3589
G1 X110.149 Y119.902 E34.39598
G1 X110.676 Y120.062 E34.43262
G1 X111.186 Y120.112 E34.46671
G0 F12000 X111.216 Y119.805
G0 X111.16 Y119.323
G0 X111.196 Y119.016
G1 F1441.7 X110.801 Y118.964 E34.49321
G1 X110.449 Y118.832 E34.51822
G1 X110.096 Y118.595 E34.5465
G1 X109.825 Y118.292 E34.57354
G1 X109.621 Y117.897 E34.60311
G1 X109.529 Y117.517 E34.62912
G1 X109.533 Y117.087 E34.65773
G1 X109.624 Y116.725 E34.68256
G1 X109.81 Y116.357 E34.70998
G1 X110.097 Y116.037 E34.73858
G1 X110.426 Y115.811 E34.76513
G1 X110.801 Y115.668 E34.79183
G1 X111.216 Y115.616 E34.81965
G1 X111.635 Y115.668 E34.84773
G1 X112.011 Y115.811 E34.87449
G1 X112.338 Y116.036 E34.9009
G1 X112.626 Y116.357 E34.92958
G1 X112.812 Y116.725 E34.95701
G1 X112.907 Y117.112 E34.98352
G1 X112.903 Y117.55 E35.01266
G1 X112.812 Y117.907 E35.03716
G1 X112.607 Y118.297 E35.06647
G1 X112.339 Y118.595 E35.09313
G1 X112.012 Y118.821 E35.11958
G1 X111.635 Y118.964 E35.1464
G1 X111.196 Y119.016 E35.1758
G1 F2700 E30.1758
;MESH:NONMESH
G0 F300 Z1.4
G0 F12000 X111.16 Y119.323
G0 X110.312 Y119.046
G0 X109.924 Y118.777
G0 X109.614 Y118.426
G0 X109.489 Y118.189
G0 X108.848 Y116.331
G0 X107.883 Y115.817
G0 X104.808 Y111.757
G0 X102.818 Y110.836
;TIME_ELAPSED:55.987959
;LAYER:3
;note -- min layer time used
M106 S127.5
;TYPE:WALL-INNER
;MESH:standoff_6h_6od_2id.obj(1)
G1 F2700 E35.1758
G1 F1652.4 X102.68 Y110.851 E35.18386
G1 F1647.7 X102.207 Y110.798 E35.21156
G1 F1657.2 X101.771 Y110.643 E35.23834
G1 F1647.7 X101.534 Y110.495 E35.25461
G1 F1633.7 X101.287 Y110.315 E35.27255
G1 F1652.4 X100.958 Y109.933 E35.30181
G1 F1657.2 X100.741 Y109.523 E35.32865
G1 X100.618 Y109.037 E35.35767
G1 F1671.6 X100.623 Y108.5 E35.38848
G1 F1666.7 X100.745 Y108.027 E35.41659
G1 F1661.9 X100.959 Y107.621 E35.44307
G1 F1666.7 X101.289 Y107.239 E35.47212
G1 X101.72 Y106.938 E35.50237
G1 F1661.9 X102.208 Y106.758 E35.53238
G1 F1657.2 X102.68 Y106.706 E35.55986
G1 X103.159 Y106.758 E35.58775
G1 F1661.9 X103.65 Y106.94 E35.61796
G1 F1666.7 X104.076 Y107.239 E35.64791
G1 F1657.2 X104.403 Y107.622 E35.67706
G1 X104.619 Y108.026 E35.70357
G1 F1666.7 X104.744 Y108.515 E35.73261
G1 F1676.4 X104.744 Y109.041 E35.7627
G1 F1666.7 X104.619 Y109.53 E35.79174
G1 F1661.9 X104.404 Y109.935 E35.8182
G1 F1647.7 X104.076 Y110.315 E35.84742
G1 F1638.3 X103.835 Y110.492 E35.86492
G1 F1657.2 X103.599 Y110.64 E35.88105
G1 F1671.6 X103.158 Y110.798 E35.90792
G1 F1661.9 X102.818 Y110.836 E35.92766
G0 F12000 X102.841 Y111.185
G1 F1647.7 X103.149 Y111.153 E35.94569
G1 F1638.3 X103.66 Y110.996 E35.97698
G1 F1629.1 X104.033 Y110.785 E36.00221
G1 F1638.3 X104.387 Y110.495 E36.029
G1 F1647.7 X104.696 Y110.123 E36.05715
G1 F1657.2 X104.919 Y109.703 E36.08467
G1 F1647.7 X105.056 Y109.247 E36.11238
G1 F1638.3 X105.1 Y108.78 E36.13984
G1 X105.056 Y108.309 E36.16753
G1 F1647.7 X104.919 Y107.853 E36.19524
G1 F1652.4 X104.696 Y107.433 E36.22284
G1 F1647.7 X104.391 Y107.065 E36.25066
G1 F1633.7 X104.033 Y106.77 E36.27789
G1 F1629.1 X103.606 Y106.544 E36.30634
G1 F1638.3 X103.151 Y106.404 E36.3342
G1 F1647.7 X102.68 Y106.357 E36.36175
G1 X102.213 Y106.404 E36.38907
G1 F1638.3 X101.757 Y106.544 E36.417
G1 F1629.1 X101.333 Y106.767 E36.4452
G1 X100.971 Y107.064 E36.47276
G1 F1647.7 X100.667 Y107.432 E36.50055
G1 F1652.4 X100.441 Y107.855 E36.52838
G1 F1638.3 X100.305 Y108.309 E36.55612
G1 F1629.1 X100.261 Y108.78 E36.58397
G1 X100.305 Y109.246 E36.61153
G1 F1638.3 X100.441 Y109.701 E36.63933
G1 F1657.2 X100.666 Y110.122 E36.66695
G1 F1652.4 X100.973 Y110.491 E36.69481
G1 F1633.7 X101.334 Y110.789 E36.72229
G1 F1629.1 X101.7 Y110.993 E36.74696
G1 F1638.3 X102.215 Y111.153 E36.77853
G1 F1643 X102.68 Y111.202 E36.80582
G1 F1647.7 X102.841 Y111.185 E36.81524
G0 F12000 X102.866 Y111.56
;TYPE:WALL-OUTER
G1 F1441.7 X103.224 Y111.522 E36.83919
G1 X103.751 Y111.362 E36.87583
G1 X104.244 Y111.1 E36.91297
G1 X104.653 Y110.762 E36.94826
G1 X105.008 Y110.332 E36.98535
G1 X105.266 Y109.847 E37.0219
G1 X105.426 Y109.32 E37.05853
G1 X105.478 Y108.78 E37.09462
G1 X105.426 Y108.236 E37.13097
G1 X105.266 Y107.709 E37.16761
G1 X105.009 Y107.224 E37.20412
G1 X104.657 Y106.798 E37.24088
G1 X104.244 Y106.455 E37.27659
G1 X103.751 Y106.194 E37.3137
G1 X103.224 Y106.034 E37.35034
G1 X102.68 Y105.981 E37.38669
G1 X102.14 Y106.034 E37.42279
G1 X101.613 Y106.194 E37.45942
G1 X101.124 Y106.452 E37.4962
G1 X100.703 Y106.798 E37.53245
G1 X100.356 Y107.224 E37.569
G1 X100.094 Y107.71 E37.60573
G1 X99.934 Y108.236 E37.6423
G1 X99.882 Y108.78 E37.67865
G1 X99.934 Y109.32 E37.71474
G1 X100.094 Y109.846 E37.75131
G1 X100.355 Y110.331 E37.78795
G1 X100.707 Y110.758 E37.82476
G1 X101.124 Y111.104 E37.8608
G1 X101.613 Y111.361 E37.89755
G1 X102.14 Y111.522 E37.93421
G1 X102.68 Y111.579 E37.97033
G1 X102.866 Y111.56 E37.98277
G0 F12000 X102.837 Y111.252
G0 X102.832 Y110.776
G0 X102.794 Y110.462
G1 F1441.7 X102.68 Y110.476 E37.99041
G1 X102.265 Y110.424 E38.01823
G1 X101.89 Y110.282 E38.0449
G1 X101.56 Y110.054 E38.07158
G1 X101.274 Y109.735 E38.10008
G1 X101.085 Y109.361 E38.12796
G1 X100.992 Y108.98 E38.15405
G1 X100.992 Y108.577 E38.18085
G1 X101.088 Y108.189 E38.20744
G1 X101.274 Y107.821 E38.23487
G1 X101.56 Y107.501 E38.26342
G1 X101.89 Y107.275 E38.29003
G1 X102.265 Y107.132 E38.31672
G1 X102.68 Y107.08 E38.34454
G1 X103.099 Y107.132 E38.37263
G1 X103.494 Y107.286 E38.40083
G1 X103.804 Y107.501 E38.42593
G1 X104.086 Y107.821 E38.4543
G1 X104.279 Y108.195 E38.4823
G1 X104.371 Y108.576 E38.50837
G1 X104.367 Y109.009 E38.53717
G1 X104.276 Y109.371 E38.562
G1 X104.086 Y109.738 E38.58949
G1 X103.804 Y110.055 E38.61772
G1 X103.474 Y110.281 E38.64432
G1 X103.099 Y110.424 E38.67102
G1 X102.794 Y110.462 E38.69147
G1 F2700 E33.69147
;MESH:standoff_6h_6od_2id.obj
G0 F12000 X102.832 Y110.776
G0 X104.498 Y110.596
G0 X105.344 Y111.289
G0 X106.581 Y111.303
G0 X110 Y112.065
;TYPE:WALL-INNER
G1 F2700 E38.69147
G1 F1666.7 X109.771 Y112.074 E38.70465
G1 F1657.2 X109.243 Y111.933 E38.73628
G1 F1647.7 X108.844 Y111.72 E38.76261
G1 F1643 X108.461 Y111.394 E38.79196
G1 F1647.7 X108.157 Y110.975 E38.82209
G1 X107.978 Y110.475 E38.85301
G1 X107.926 Y110 E38.88082
G1 X107.978 Y109.521 E38.90886
G1 X108.154 Y109.025 E38.9395
G1 F1657.2 X108.461 Y108.602 E38.96974
G1 X108.842 Y108.277 E38.99873
G1 F1647.7 X109.248 Y108.061 E39.02549
G1 F1657.2 X109.706 Y107.94 E39.05291
G1 F1666.7 X110.29 Y107.94 E39.08651
G1 F1657.2 X110.753 Y108.064 E39.11425
G1 F1647.7 X111.154 Y108.277 E39.14068
G1 X111.529 Y108.597 E39.16937
G1 F1629.1 X111.719 Y108.854 E39.18819
G1 F1638.3 X111.861 Y109.083 E39.20396
G1 F1647.7 X112.019 Y109.524 E39.23123
G1 X112.071 Y110 E39.2591
G1 F1657.2 X112.02 Y110.469 E39.2864
G1 F1671.6 X111.861 Y110.918 E39.31373
G1 F1647.7 X111.719 Y111.141 E39.32912
G1 F1629.1 X111.536 Y111.393 E39.34745
G1 F1643 X111.153 Y111.721 E39.37689
G1 F1647.7 X110.752 Y111.934 E39.40331
G1 F1652.4 X110.299 Y112.054 E39.43051
G1 F1666.7 X110 Y112.065 E39.44773
G0 F12000 X110 Y112.419
G1 F1629.1 X110.42 Y112.387 E39.47253
G1 F1638.3 X110.931 Y112.233 E39.50377
G1 F1647.7 X111.342 Y112.015 E39.53085
G1 F1638.3 X111.71 Y111.71 E39.55883
G1 F1629.1 X112.013 Y111.341 E39.58693
G1 X112.231 Y110.931 E39.61427
G1 F1638.3 X112.373 Y110.466 E39.64273
G1 F1647.7 X112.422 Y110 E39.67001
G1 X112.373 Y109.53 E39.69751
G1 F1629.1 X112.232 Y109.065 E39.72612
G1 F1619.9 X112.013 Y108.655 E39.75363
G1 F1629.1 X111.711 Y108.287 E39.78166
G1 F1647.7 X111.343 Y107.983 E39.80944
G1 X110.93 Y107.763 E39.83668
G1 X110.468 Y107.624 E39.86476
G1 F1638.3 X110 Y107.58 E39.89228
G1 X109.528 Y107.624 E39.92003
G1 F1643 X109.066 Y107.763 E39.94819
G1 F1647.7 X108.653 Y107.983 E39.97543
G1 X108.286 Y108.286 E40.00313
G1 F1638.3 X107.986 Y108.655 E40.03097
G1 F1629.1 X107.764 Y109.067 E40.05852
G1 F1638.3 X107.624 Y109.528 E40.08672
G1 F1647.7 X107.578 Y110 E40.11432
G1 X107.624 Y110.468 E40.14169
G1 F1629.1 X107.763 Y110.929 E40.17004
G1 X107.987 Y111.341 E40.19765
G1 X108.252 Y111.683 E40.22312
G1 F1638.3 X108.653 Y112.015 E40.25359
G1 F1643 X109.064 Y112.234 E40.28078
G1 X109.53 Y112.373 E40.30916
G1 F1638.3 X110 Y112.419 E40.33681
G0 F12000 X110 Y112.798
;TYPE:WALL-OUTER
G1 F1441.7 X110.54 Y112.743 E40.37291
G1 X111.075 Y112.582 E40.41008
G1 X111.552 Y112.328 E40.44603
G1 X111.977 Y111.977 E40.48269
G1 X112.328 Y111.552 E40.51936
G1 X112.582 Y111.075 E40.55531
G1 X112.742 Y110.54 E40.59245
G1 X112.798 Y110 E40.62857
G1 X112.743 Y109.456 E40.66494
G1 X112.582 Y108.921 E40.7021
G1 X112.329 Y108.444 E40.73802
G1 X111.978 Y108.019 E40.77469
G1 X111.552 Y107.671 E40.81128
G1 X111.074 Y107.414 E40.84738
G1 X110.541 Y107.254 E40.8844
G1 X110 Y107.202 E40.92055
G1 X109.455 Y107.254 E40.95697
G1 X108.922 Y107.414 E40.99399
G1 X108.444 Y107.671 E41.03009
G1 X108.019 Y108.019 E41.06663
G1 X107.672 Y108.444 E41.10313
G1 X107.414 Y108.922 E41.13926
G1 X107.254 Y109.455 E41.17628
G1 X107.202 Y110 E41.21269
G1 X107.254 Y110.541 E41.24885
G1 X107.414 Y111.074 E41.28587
G1 X107.672 Y111.552 E41.322
G1 X108.019 Y111.978 E41.35855
G1 X108.444 Y112.329 E41.39521
G1 X108.921 Y112.582 E41.43113
G1 X109.456 Y112.742 E41.46828
G1 X110 Y112.798 E41.50466
G0 F12000 X110 Y112.488
G0 X110 Y111.999
G0 X110 Y111.687
G1 F1441.7 X109.795 Y111.687 E41.51829
G1 X109.374 Y111.578 E41.54722
G1 X109.02 Y111.387 E41.57398
G1 X108.743 Y111.143 E41.59853
G1 X108.496 Y110.792 E41.62708
G1 X108.352 Y110.414 E41.65399
G1 X108.3 Y109.98 E41.68307
G1 X108.356 Y109.569 E41.71066
G1 X108.495 Y109.205 E41.73658
G1 X108.72 Y108.877 E41.76304
G1 X109.054 Y108.586 E41.7925
G1 X109.418 Y108.402 E41.81964
G1 X109.796 Y108.309 E41.84553
G1 X110.199 Y108.308 E41.87234
G1 X110.622 Y108.418 E41.90141
G1 X110.955 Y108.594 E41.92647
G1 X111.275 Y108.876 E41.95484
G1 X111.501 Y109.206 E41.98145
G1 X111.644 Y109.582 E42.0082
G1 X111.697 Y110 E42.03623
G1 X111.64 Y110.427 E42.06489
G1 X111.502 Y110.79 E42.09072
G1 X111.275 Y111.12 E42.11737
G1 X110.976 Y111.387 E42.14403
G1 X110.618 Y111.579 E42.17105
G1 X110.201 Y111.687 E42.19971
G1 X110 Y111.687 E42.21308
G1 F2700 E37.21308
;MESH:standoff_6h_6od_2id.obj(2)
G0 F12000 X110 Y111.999
G0 X109.308 Y111.827
G0 X108.891 Y111.605
G0 X108.538 Y111.295
G0 X108.27 Y110.905
G0 X108.105 Y110.467
G0 X108.047 Y110.001
G0 X108.105 Y109.532
G0 X108.253 Y109.139
G0 X109.499 Y107.481
G0 X109.274 Y105.202
G0 X108.806 Y105.1
;TYPE:WALL-INNER
G1 F2700 E42.21308
G1 F1647.7 X109.247 Y105.057 E42.23887
G1 F1638.3 X109.753 Y104.901 E42.26986
G1 F1629.1 X110.131 Y104.689 E42.29538
G1 X110.486 Y104.398 E42.3224
G1 F1647.7 X110.792 Y104.028 E42.35035
G1 F1657.2 X111.019 Y103.602 E42.37828
G1 F1638.3 X111.155 Y103.15 E42.40591
G1 F1629.1 X111.2 Y102.68 E42.43371
G1 X111.155 Y102.214 E42.46127
G1 F1638.3 X111.018 Y101.758 E42.48914
G1 F1647.7 X110.792 Y101.332 E42.51721
G1 F1643 X110.49 Y100.967 E42.54487
G1 F1629.1 X110.13 Y100.675 E42.57215
G1 X109.751 Y100.458 E42.59786
G1 F1638.3 X109.247 Y100.304 E42.62871
G1 F1647.7 X108.78 Y100.259 E42.65602
G1 X108.309 Y100.304 E42.68356
G1 F1638.3 X107.856 Y100.444 E42.71132
G1 F1629.1 X107.435 Y100.669 E42.73942
G1 F1638.3 X107.067 Y100.969 E42.76721
G1 F1647.7 X106.765 Y101.334 E42.79479
G1 F1657.2 X106.542 Y101.756 E42.82241
G1 F1647.7 X106.404 Y102.213 E42.85019
G1 F1629.1 X106.361 Y102.68 E42.8778
G1 X106.404 Y103.15 E42.90559
G1 F1643 X106.541 Y103.602 E42.93316
G1 F1657.2 X106.765 Y104.024 E42.96081
G1 F1647.7 X107.07 Y104.395 E42.98876
G1 F1638.3 X107.434 Y104.694 E43.01634
G1 F1633.7 X107.854 Y104.917 E43.04425
G1 F1638.3 X108.309 Y105.056 E43.0721
G1 F1647.7 X108.78 Y105.103 E43.09965
G1 X108.806 Y105.1 E43.10118
G0 F12000 X108.802 Y104.752
G1 F1652.4 X108.78 Y104.754 E43.10246
G1 F1657.2 X108.301 Y104.702 E43.13034
G1 F1666.7 X107.877 Y104.545 E43.15636
G1 F1647.7 X107.632 Y104.401 E43.1729
G1 F1638.3 X107.38 Y104.216 E43.1912
G1 F1652.4 X107.057 Y103.836 E43.22014
G1 F1666.7 X106.841 Y103.429 E43.24666
G1 F1676.4 X106.723 Y102.956 E43.27454
G1 X106.718 Y102.431 E43.30458
G1 F1666.7 X106.84 Y101.933 E43.33408
G1 F1657.2 X107.058 Y101.524 E43.3609
G1 F1661.9 X107.374 Y101.148 E43.38925
G1 F1676.4 X107.747 Y100.879 E43.41556
G1 F1657.2 X107.987 Y100.773 E43.43074
G1 F1633.7 X108.307 Y100.657 E43.45072
G1 F1643 X108.78 Y100.609 E43.47847
G1 F1657.2 X109.25 Y100.657 E43.50581
G1 F1676.4 X109.698 Y100.818 E43.53305
G1 F1657.2 X109.931 Y100.966 E43.54902
G1 F1629.1 X110.185 Y101.153 E43.56759
G1 F1643 X110.499 Y101.523 E43.59592
G1 F1652.4 X110.72 Y101.939 E43.62326
G1 F1657.2 X110.842 Y102.423 E43.65214
G1 F1666.7 X110.837 Y102.96 E43.68304
G1 X110.718 Y103.423 E43.71055
G1 F1657.2 X110.501 Y103.839 E43.7377
G1 F1666.7 X110.181 Y104.214 E43.76607
G1 F1676.4 X109.806 Y104.486 E43.79257
G1 F1657.2 X109.573 Y104.588 E43.80729
G1 F1638.3 X109.259 Y104.702 E43.82685
G1 F1647.7 X108.802 Y104.752 E43.85361
G0 F12000 X108.8 Y104.38
;TYPE:WALL-OUTER
G1 F1441.7 X108.361 Y104.328 E43.88301
G1 X108.009 Y104.196 E43.90802
G1 X107.656 Y103.959 E43.9363
G1 X107.374 Y103.638 E43.96472
G1 X107.184 Y103.271 E43.99222
G1 X107.092 Y102.884 E44.01868
G1 X107.092 Y102.48 E44.04555
G1 X107.184 Y102.089 E44.07227
G1 X107.374 Y101.724 E44.09964
G1 X107.656 Y101.401 E44.12817
G1 X107.985 Y101.179 E44.15457
G1 X108.361 Y101.032 E44.18142
G1 X108.78 Y100.984 E44.20948
G1 X109.195 Y101.032 E44.23727
G1 X109.571 Y101.175 E44.26403
G1 X109.899 Y101.404 E44.29064
G1 X110.185 Y101.724 E44.31918
G1 X110.375 Y102.099 E44.34715
G1 X110.469 Y102.5 E44.37455
G1 X110.468 Y102.883 E44.40002
G1 X110.372 Y103.271 E44.42661
G1 X110.172 Y103.659 E44.45565
G1 X109.9 Y103.959 E44.48259
G1 X109.548 Y104.196 E44.51081
G1 X109.199 Y104.328 E44.53564
G1 X108.8 Y104.38 E44.5624
G0 F12000 X108.837 Y104.69
G0 X108.781 Y105.171
G0 X108.81 Y105.476
G1 F1441.7 X109.32 Y105.426 E44.59649
G1 X109.847 Y105.266 E44.63313
G1 X110.34 Y105.004 E44.67026
G1 X110.753 Y104.665 E44.70581
G1 X111.104 Y104.236 E44.74268
G1 X111.366 Y103.746 E44.77964
G1 X111.526 Y103.224 E44.81596
G1 X111.579 Y102.68 E44.85232
G1 X111.526 Y102.14 E44.88841
G1 X111.366 Y101.614 E44.92498
G1 X111.104 Y101.124 E44.96194
G1 X110.757 Y100.699 E44.99844
G1 X110.34 Y100.36 E45.03419
G1 X109.846 Y100.094 E45.07151
G1 X109.32 Y99.934 E45.10808
G1 X108.78 Y99.882 E45.14417
G1 X108.236 Y99.934 E45.18052
G1 X107.71 Y100.094 E45.2171
G1 X107.224 Y100.355 E45.25379
G1 X106.802 Y100.703 E45.29018
G1 X106.452 Y101.124 E45.3266
G1 X106.194 Y101.613 E45.36337
G1 X106.034 Y102.14 E45.40001
G1 X105.982 Y102.68 E45.4361
G1 X106.033 Y103.224 E45.47244
G1 X106.194 Y103.746 E45.50878
G1 X106.452 Y104.232 E45.54538
G1 X106.803 Y104.662 E45.58231
G1 X107.224 Y105.008 E45.61856
G1 X107.709 Y105.266 E45.6551
G1 X108.236 Y105.426 E45.69174
G1 X108.78 Y105.479 E45.72809
G1 X108.81 Y105.476 E45.7301
G1 F2700 E40.7301
;MESH:standoff_6h_6od_2id.obj(3)
G0 F12000 X108.781 Y105.171
G0 X109.282 Y105.202
G0 X109.389 Y106.29
G0 X110.714 Y106.403
G0 X111.403 Y106.612
G0 X112.038 Y106.951
G0 X112.593 Y107.407
G0 X113.049 Y107.962
G0 X113.388 Y108.597
G0 X113.597 Y109.286
G0 X113.668 Y110
G0 X113.597 Y110.714
G0 X113.388 Y111.403
G0 X113.049 Y112.038
G0 X112.593 Y112.593
G0 X112.038 Y113.049
G0 X110.611 Y113.71
G0 X111.194 Y119.388
;TYPE:WALL-INNER
G1 F2700 E45.7301
G1 F1661.9 X110.741 Y119.338 E45.7564
G1 F1666.7 X110.317 Y119.181 E45.78241
G1 F1647.7 X110.066 Y119.033 E45.79938
G1 X109.815 Y118.849 E45.81749
G1 F1661.9 X109.495 Y118.473 E45.84598
G1 F1652.4 X109.279 Y118.061 E45.87298
G1 F1657.2 X109.162 Y117.614 E45.89972
G1 F1666.7 X109.142 Y117.09 E45.92989
G1 F1657.2 X109.28 Y116.57 E45.96103
G1 X109.495 Y116.158 E45.98792
G1 F1666.7 X109.812 Y115.784 E46.01613
G1 F1676.4 X110.189 Y115.51 E46.0428
G1 F1652.4 X110.422 Y115.408 E46.05756
G1 F1633.7 X110.747 Y115.294 E46.07778
G1 F1647.7 X111.216 Y115.242 E46.10524
G1 X111.692 Y115.294 E46.13311
G1 F1638.3 X112.011 Y115.407 E46.15292
G1 F1661.9 X112.254 Y115.514 E46.16825
G1 F1681.3 X112.625 Y115.788 E46.19455
G1 F1671.6 X112.942 Y116.159 E46.22255
G1 F1657.2 X113.155 Y116.569 E46.24929
G1 X113.274 Y117.016 E46.27606
G1 F1647.7 X113.284 Y117.316 E46.29353
G1 F1652.4 X113.264 Y117.641 E46.31243
G1 F1666.7 X113.157 Y118.062 E46.33742
G1 F1661.9 X112.94 Y118.474 E46.36429
G1 F1666.7 X112.623 Y118.848 E46.3925
G1 F1676.4 X112.242 Y119.123 E46.41939
G1 F1657.2 X112.011 Y119.225 E46.434
G1 F1638.3 X111.692 Y119.339 E46.45383
G1 F1647.7 X111.216 Y119.39 E46.48169
G1 F1657.2 X111.194 Y119.388 E46.48297
G0 F12000 X111.19 Y119.736
G1 F1647.7 X111.216 Y119.739 E46.4845
G1 X111.687 Y119.692 E46.51205
G1 F1638.3 X112.141 Y119.554 E46.53982
G1 F1633.7 X112.562 Y119.327 E46.5679
G1 F1638.3 X112.931 Y119.026 E46.59578
G1 F1647.7 X113.231 Y118.664 E46.62314
G1 F1657.2 X113.454 Y118.243 E46.65071
G1 F1647.7 X113.592 Y117.787 E46.67844
G1 F1638.3 X113.637 Y117.316 E46.70614
G1 X113.592 Y116.846 E46.73378
G1 F1647.7 X113.456 Y116.393 E46.76131
G1 F1657.2 X113.232 Y115.971 E46.78896
G1 X112.927 Y115.601 E46.81671
G1 F1638.3 X112.562 Y115.306 E46.84418
G1 X112.141 Y115.079 E46.87218
G1 X111.687 Y114.94 E46.89997
G1 F1647.7 X111.216 Y114.893 E46.92752
G1 X110.749 Y114.94 E46.95484
G1 F1633.7 X110.243 Y115.095 E46.98591
G1 F1629.1 X109.865 Y115.307 E47.01142
G1 X109.511 Y115.597 E47.03836
G1 F1652.4 X109.205 Y115.97 E47.06637
G1 F1661.9 X108.981 Y116.394 E47.09404
G1 F1647.7 X108.843 Y116.847 E47.1216
G1 F1633.7 X108.797 Y117.316 E47.14927
G1 F1629.1 X108.829 Y117.735 E47.174
G1 F1643 X108.981 Y118.244 E47.20501
G1 F1657.2 X109.204 Y118.663 E47.23248
G1 F1647.7 X109.51 Y119.031 E47.26034
G1 F1638.3 X109.867 Y119.326 E47.28745
G1 F1633.7 X110.294 Y119.553 E47.31584
G1 F1638.3 X110.749 Y119.692 E47.34369
G1 F1647.7 X111.19 Y119.736 E47.36948
G0 F12000 X111.186 Y120.112
;TYPE:WALL-OUTER
G1 F1441.7 X111.216 Y120.115 E47.37149
G1 X111.76 Y120.062 E47.40785
G1 X112.286 Y119.902 E47.44442
G1 X112.772 Y119.641 E47.48111
G1 X113.198 Y119.293 E47.51771
G1 X113.544 Y118.872 E47.55395
G1 X113.802 Y118.387 E47.5905
G1 X113.962 Y117.86 E47.62713
G1 X114.015 Y117.316 E47.66349
G1 X113.962 Y116.772 E47.69985
G1 X113.802 Y116.249 E47.73623
G1 X113.544 Y115.764 E47.77278
G1 X113.194 Y115.335 E47.80961
G1 X112.772 Y114.992 E47.84578
G1 X112.286 Y114.73 E47.88251
G1 X111.76 Y114.57 E47.91908
G1 X111.216 Y114.517 E47.95544
G1 X110.676 Y114.57 E47.99153
G1 X110.149 Y114.73 E48.02817
G1 X109.656 Y114.992 E48.06531
G1 X109.243 Y115.33 E48.10081
G1 X108.892 Y115.763 E48.13788
G1 X108.634 Y116.25 E48.17455
G1 X108.473 Y116.772 E48.21088
G1 X108.418 Y117.316 E48.24725
G1 X108.474 Y117.86 E48.28363
G1 X108.634 Y118.387 E48.32027
G1 X108.892 Y118.872 E48.35681
G1 X109.243 Y119.298 E48.39353
G1 X109.657 Y119.64 E48.42925
G1 X110.149 Y119.902 E48.46633
G1 X110.676 Y120.062 E48.50297
G1 X111.186 Y120.112 E48.53705
G0 F12000 X111.216 Y119.805
G0 X111.16 Y119.323
G0 X111.196 Y119.016
G1 F1441.7 X110.801 Y118.964 E48.56356
G1 X110.449 Y118.832 E48.58856
G1 X110.096 Y118.595 E48.61685
G1 X109.825 Y118.292 E48.64389
G1 X109.621 Y117.897 E48.67346
G1 X109.529 Y117.517 E48.69947
G1 X109.529 Y117.115 E48.72621
G1 X109.624 Y116.725 E48.75291
G1 X109.81 Y116.357 E48.78034
G1 X110.097 Y116.037 E48.80893
G1 X110.426 Y115.811 E48.83548
G1 X110.801 Y115.668 E48.86218
G1 X111.216 Y115.616 E48.89
G1 X111.635 Y115.668 E48.91809
G1 X112.011 Y115.811 E48.94485
G1 X112.338 Y116.036 E48.97125
G1 X112.626 Y116.357 E48.99994
G1 X112.812 Y116.725 E49.02737
G1 X112.907 Y117.112 E49.05388
G1 X112.903 Y117.55 E49.08301
G1 X112.812 Y117.907 E49.10752
G1 X112.607 Y118.297 E49.13683
G1 X112.339 Y118.595 E49.16349
G1 X112.012 Y118.821 E49.18993
G1 X111.635 Y118.964 E49.21675
G1 X111.196 Y119.016 E49.24616
G1 F2700 E44.24616
;MESH:NONMESH
G0 F300 Z1.8
G0 F12000 X111.16 Y119.323
G0 X110.312 Y119.046
G0 X109.924 Y118.777
G0 X109.614 Y118.426
G0 X109.489 Y118.189
G0 X108.848 Y116.331
G0 X107.883 Y115.817
G0 X104.808 Y111.757
G0 X102.818 Y110.836
;TIME_ELAPSED:69.298504
;LAYER:4
;note -- min layer time used
;TYPE:WALL-INNER
;MESH:standoff_6h_6od_2id.obj(1)
G1 F2700 E49.24616
G1 F1652.4 X102.68 Y110.851 E49.25422
G1 F1647.7 X102.207 Y110.798 E49.28192
G1 F1657.1 X101.771 Y110.643 E49.3087
G1 F1647.7 X101.534 Y110.495 E49.32496
G1 F1633.7 X101.287 Y110.315 E49.3429
G1 F1652.4 X100.958 Y109.933 E49.37216
G1 F1657.1 X100.741 Y109.523 E49.39901
G1 X100.618 Y109.037 E49.42802
G1 F1671.5 X100.623 Y108.5 E49.45883
G1 F1666.7 X100.745 Y108.027 E49.48694
G1 F1661.9 X100.959 Y107.621 E49.51343
G1 F1666.7 X101.289 Y107.239 E49.54247
G1 X101.72 Y106.938 E49.57272
G1 F1661.9 X102.208 Y106.758 E49.60274
G1 F1657.1 X102.68 Y106.706 E49.63022
G1 X103.159 Y106.758 E49.6581
G1 F1661.9 X103.65 Y106.94 E49.68832
G1 F1666.7 X104.076 Y107.239 E49.71827
G1 F1657.1 X104.403 Y107.622 E49.74741
G1 X104.619 Y108.026 E49.77392
G1 F1666.7 X104.744 Y108.515 E49.80297
G1 F1676.4 X104.744 Y109.041 E49.83306
G1 F1666.7 X104.619 Y109.53 E49.8621
G1 F1661.9 X104.404 Y109.935 E49.88856
G1 F1647.7 X104.076 Y110.315 E49.91778
G1 F1638.3 X103.835 Y110.492 E49.93528
G1 F1657.1 X103.599 Y110.64 E49.9514
G1 F1671.5 X103.158 Y110.798 E49.97828
G1 F1661.9 X102.818 Y110.836 E49.99802
G0 F12000 X102.841 Y111.185
G1 F1647.7 X103.149 Y111.153 E50.01604
G1 F1638.3 X103.66 Y110.996 E50.04734
G1 F1629 X104.033 Y110.785 E50.07257
G1 F1638.3 X104.387 Y110.495 E50.09935
G1 F1647.7 X104.696 Y110.123 E50.1275
G1 F1657.1 X104.919 Y109.703 E50.15502
G1 F1647.7 X105.056 Y109.247 E50.18274
G1 F1638.3 X105.1 Y108.78 E50.21019
G1 X105.056 Y108.309 E50.23788
G1 F1647.7 X104.919 Y107.853 E50.2656
G1 F1652.4 X104.696 Y107.433 E50.2932
G1 F1647.7 X104.391 Y107.065 E50.32102
G1 F1633.7 X104.033 Y106.77 E50.34825
G1 F1629 X103.606 Y106.544 E50.37669
G1 F1638.3 X103.151 Y106.404 E50.40456
G1 F1647.7 X102.68 Y106.357 E50.43211
G1 X102.213 Y106.404 E50.45943
G1 F1638.3 X101.757 Y106.544 E50.48735
G1 F1629 X101.333 Y106.767 E50.51555
G1 X100.971 Y107.064 E50.54312
G1 F1647.7 X100.667 Y107.432 E50.5709
G1 F1652.4 X100.441 Y107.855 E50.59874
G1 F1638.3 X100.305 Y108.309 E50.62648
G1 F1629 X100.261 Y108.78 E50.65433
G1 X100.305 Y109.246 E50.68188
G1 F1638.3 X100.441 Y109.701 E50.70968
G1 F1657.1 X100.666 Y110.122 E50.73731
G1 F1652.4 X100.973 Y110.491 E50.76517
G1 F1633.7 X101.334 Y110.789 E50.79265
G1 F1629 X101.7 Y110.993 E50.81732
G1 F1638.3 X102.215 Y111.153 E50.84888
G1 F1643 X102.68 Y111.202 E50.87618
G1 F1647.7 X102.841 Y111.185 E50.8856
G0 F12000 X102.866 Y111.56
;TYPE:WALL-OUTER
G1 F1441.7 X103.224 Y111.522 E50.90955
G1 X103.751 Y111.362 E50.94618
G1 X104.244 Y111.1 E50.98332
G1 X104.653 Y110.762 E51.01862
G1 X105.008 Y110.332 E51.05571
G1 X105.266 Y109.847 E51.09225
G1 X105.426 Y109.32 E51.12889
G1 X105.478 Y108.78 E51.16498
G1 X105.426 Y108.236 E51.20133
G1 X105.266 Y107.709 E51.23796
G1 X105.009 Y107.224 E51.27448
G1 X104.657 Y106.798 E51.31124
G1 X104.244 Y106.455 E51.34695
G1 X103.751 Y106.194 E51.38406
G1 X103.224 Y106.034 E51.42069
G1 X102.68 Y105.981 E51.45705
G1 X102.14 Y106.034 E51.49314
G1 X101.613 Y106.194 E51.52978
G1 X101.124 Y106.452 E51.56656
G1 X100.703 Y106.798 E51.60281
G1 X100.356 Y107.224 E51.63936
G1 X100.094 Y107.71 E51.67608
G1 X99.934 Y108.236 E51.71266
G1 X99.882 Y108.78 E51.74901
G1 X99.934 Y109.32 E51.7851
G1 X100.094 Y109.846 E51.82167
G1 X100.355 Y110.331 E51.85831
G1 X100.707 Y110.758 E51.89512
G1 X101.124 Y111.104 E51.93116
G1 X101.613 Y111.361 E51.96791
G1 X102.14 Y111.522 E52.00456
G1 X102.68 Y111.579 E52.04068
G1 X102.866 Y111.56 E52.05312
G0 F12000 X102.837 Y111.252
G0 X102.832 Y110.776
G0 X102.794 Y110.462
G1 F1441.7 X102.68 Y110.476 E52.06076
G1 X102.265 Y110.424 E52.08858
G1 X101.89 Y110.282 E52.11526
G1 X101.56 Y110.054 E52.14194
G1 X101.274 Y109.735 E52.17044
G1 X101.085 Y109.361 E52.19831
G1 X100.992 Y108.98 E52.2244
G1 X100.992 Y108.577 E52.25121
G1 X101.088 Y108.189 E52.2778
G1 X101.274 Y107.821 E52.30523
G1 X101.56 Y107.501 E52.33377
G1 X101.89 Y107.275 E52.36038
G1 X102.265 Y107.132 E52.38708
G1 X102.68 Y107.08 E52.4149
G1 X103.099 Y107.132 E52.44299
G1 X103.494 Y107.286 E52.47119
G1 X103.804 Y107.501 E52.49628
G1 X104.086 Y107.821 E52.52466
G1 X104.279 Y108.195 E52.55265
G1 X104.371 Y108.576 E52.57872
G1 X104.367 Y109.009 E52.60753
G1 X104.276 Y109.371 E52.63236
G1 X104.086 Y109.738 E52.65985
G1 X103.804 Y110.055 E52.68807
G1 X103.474 Y110.281 E52.71468
G1 X103.099 Y110.424 E52.74138
G1 X102.794 Y110.462 E52.76182
G1 F2700 E47.76182
;MESH:standoff_6h_6od_2id.obj
G0 F12000 X102.832 Y110.776
G0 X104.498 Y110.596
G0 X105.344 Y111.289
G0 X106.581 Y111.303
G0 X110 Y112.065
;TYPE:WALL-INNER
G1 F2700 E52.76182
G1 F1666.7 X109.771 Y112.074 E52.77501
G1 F1657.1 X109.243 Y111.933 E52.80664
G1 F1647.7 X108.844 Y111.72 E52.83296
G1 F1643 X108.461 Y111.394 E52.86232
G1 F1647.7 X108.157 Y110.975 E52.89245
G1 X107.978 Y110.475 E52.92336
G1 X107.926 Y110 E52.95117
G1 X107.978 Y109.521 E52.97922
G1 X108.154 Y109.025 E53.00985
G1 F1657.1 X108.461 Y108.602 E53.0401
G1 X108.842 Y108.277 E53.06908
G1 F1647.7 X109.248 Y108.061 E53.09585
G1 F1657.1 X109.706 Y107.94 E53.12326
G1 F1666.7 X110.29 Y107.94 E53.15687
G1 F1657.1 X110.753 Y108.064 E53.18461
G1 F1647.7 X111.154 Y108.277 E53.21104
G1 X111.529 Y108.597 E53.23973
G1 F1629 X111.719 Y108.854 E53.25854
G1 F1638.3 X111.861 Y109.083 E53.27432
G1 F1647.7 X112.019 Y109.524 E53.30158
G1 X112.071 Y110 E53.32945
G1 F1657.1 X112.02 Y110.469 E53.35676
G1 F1671.5 X111.861 Y110.918 E53.38409
G1 F1647.7 X111.719 Y111.141 E53.39947
G1 F1629 X111.536 Y111.393 E53.41781
G1 F1643 X111.153 Y111.721 E53.44724
G1 F1647.7 X110.752 Y111.934 E53.47367
G1 F1652.4 X110.299 Y112.054 E53.50087
G1 F1666.7 X110 Y112.065 E53.51808
G0 F12000 X110 Y112.419
G1 F1629 X110.42 Y112.387 E53.54288
G1 F1638.3 X110.931 Y112.233 E53.57412
G1 F1647.7 X111.342 Y112.015 E53.6012
G1 F1638.3 X111.71 Y111.71 E53.62918
G1 F1629 X112.013 Y111.341 E53.65729
G1 X112.231 Y110.931 E53.68463
G1 F1638.3 X112.373 Y110.466 E53.71309
G1 F1647.7 X112.422 Y110 E53.74036
G1 X112.373 Y109.53 E53.76787
G1 F1629 X112.232 Y109.065 E53.79647
G1 F1619.9 X112.013 Y108.655 E53.82399
G1 F1629 X111.711 Y108.287 E53.85202
G1 F1647.7 X111.343 Y107.983 E53.8798
G1 X110.93 Y107.763 E53.90704
G1 X110.468 Y107.624 E53.93512
G1 F1638.3 X110 Y107.58 E53.96263
G1 X109.528 Y107.624 E53.99038
G1 F1643 X109.066 Y107.763 E54.01855
G1 F1647.7 X108.653 Y107.983 E54.04578
G1 X108.286 Y108.286 E54.07348
G1 F1638.3 X107.986 Y108.655 E54.10132
G1 F1629 X107.764 Y109.067 E54.12887
G1 F1638.3 X107.624 Y109.528 E54.15708
G1 F1647.7 X107.578 Y110 E54.18468
G1 X107.624 Y110.468 E54.21205
G1 F1629 X107.763 Y110.929 E54.2404
G1 X107.987 Y111.341 E54.268
G1 X108.252 Y111.683 E54.29347
G1 F1638.3 X108.653 Y112.015 E54.32395
G1 F1643 X109.064 Y112.234 E54.35113
G1 X109.53 Y112.373 E54.37952
G1 F1638.3 X110 Y112.419 E54.40716
G0 F12000 X110 Y112.798
;TYPE:WALL-OUTER
G1 F1441.7 X110.54 Y112.743 E54.44327
G1 X111.075 Y112.582 E54.48043
G1 X111.552 Y112.328 E54.51638
G1 X111.977 Y111.977 E54.55305
G1 X112.328 Y111.552 E54.58972
G1 X112.582 Y111.075 E54.62566
G1 X112.742 Y110.54 E54.66281
G1 X112.798 Y110 E54.69892
G1 X112.743 Y109.456 E54.73529
G1 X112.582 Y108.921 E54.77246
G1 X112.329 Y108.444 E54.80838
G1 X111.978 Y108.019 E54.84504
G1 X111.552 Y107.671 E54.88163
G1 X111.074 Y107.414 E54.91773
G1 X110.541 Y107.254 E54.95475
G1 X110 Y107.202 E54.99091
G1 X109.455 Y107.254 E55.02732
G1 X108.922 Y107.414 E55.06434
G1 X108.444 Y107.671 E55.10044
G1 X108.019 Y108.019 E55.13698
G1 X107.672 Y108.444 E55.17348
G1 X107.414 Y108.922 E55.20961
G1 X107.254 Y109.455 E55.24663
G1 X107.202 Y110 E55.28305
G1 X107.254 Y110.541 E55.3192
G1 X107.414 Y111.074 E55.35622
G1 X107.672 Y111.552 E55.39235
G1 X108.019 Y111.978 E55.4289
G1 X108.444 Y112.329 E55.46557
G1 X108.921 Y112.582 E55.50149
G1 X109.456 Y112.742 E55.53863
G1 X110 Y112.798 E55.57501
G0 F12000 X110 Y112.488
G0 X110 Y111.999
G0 X110 Y111.687
G1 F1441.7 X109.795 Y111.687 E55.58865
G1 X109.374 Y111.578 E55.61758
G1 X109.02 Y111.387 E55.64433
G1 X108.743 Y111.143 E55.66889
G1 X108.496 Y110.792 E55.69744
G1 X108.352 Y110.414 E55.72435
G1 X108.3 Y109.98 E55.75342
G1 X108.356 Y109.569 E55.78102
G1 X108.495 Y109.205 E55.80693
G1 X108.72 Y108.877 E55.83339
G1 X109.054 Y108.586 E55.86286
G1 X109.418 Y108.402 E55.88999
G1 X109.796 Y108.309 E55.91589
G1 X110.199 Y108.308 E55.94269
G1 X110.622 Y108.418 E55.97177
G1 X110.955 Y108.594 E55.99682
G1 X111.275 Y108.876 E56.02519
G1 X111.501 Y109.206 E56.0518
G1 X111.644 Y109.582 E56.07856
G1 X111.697 Y110 E56.10659
G1 X111.64 Y110.427 E56.13524
G1 X111.502 Y110.79 E56.16108
G1 X111.275 Y111.12 E56.18772
G1 X110.976 Y111.387 E56.21439
G1 X110.618 Y111.579 E56.24141
G1 X110.201 Y111.687 E56.27006
G1 X110 Y111.687 E56.28343
G1 F2700 E51.28343
;MESH:standoff_6h_6od_2id.obj(2)
G0 F12000 X110 Y111.999
G0 X109.308 Y111.827
G0 X108.891 Y111.605
G0 X108.538 Y111.295
G0 X108.27 Y110.905
G0 X108.105 Y110.467
G0 X108.047 Y110.001
G0 X108.105 Y109.532
G0 X108.253 Y109.139
G0 X109.499 Y107.481
G0 X109.274 Y105.202
G0 X108.806 Y105.1
;TYPE:WALL-INNER
G1 F2700 E56.28343
G1 F1647.7 X109.247 Y105.057 E56.30922
G1 F1638.3 X109.753 Y104.901 E56.34022
G1 F1629 X110.131 Y104.689 E56.36573
G1 X110.486 Y104.398 E56.39276
G1 F1647.7 X110.792 Y104.028 E56.4207
G1 F1657.1 X111.019 Y103.602 E56.44864
G1 F1638.3 X111.155 Y103.15 E56.47627
G1 F1629 X111.2 Y102.68 E56.50407
G1 X111.155 Y102.214 E56.53163
G1 F1638.3 X111.018 Y101.758 E56.5595
G1 F1647.7 X110.792 Y101.332 E56.58757
G1 F1643 X110.49 Y100.967 E56.61522
G1 F1629 X110.13 Y100.675 E56.64251
G1 X109.751 Y100.458 E56.66822
G1 F1638.3 X109.247 Y100.304 E56.69907
G1 F1647.7 X108.78 Y100.259 E56.72638
G1 X108.309 Y100.304 E56.75392
G1 F1638.3 X107.856 Y100.444 E56.78167
G1 F1629 X107.435 Y100.669 E56.80977
G1 F1638.3 X107.067 Y100.969 E56.83757
G1 F1647.7 X106.765 Y101.334 E56.86514
G1 F1657.1 X106.542 Y101.756 E56.89276
G1 F1647.7 X106.404 Y102.213 E56.92055
G1 F1629 X106.361 Y102.68 E56.94816
G1 X106.404 Y103.15 E56.97594
G1 F1643 X106.541 Y103.602 E57.00351
G1 F1657.1 X106.765 Y104.024 E57.03116
G1 F1647.7 X107.07 Y104.395 E57.05912
G1 F1638.3 X107.434 Y104.694 E57.08669
G1 F1633.7 X107.854 Y104.917 E57.11461
G1 F1638.3 X108.309 Y105.056 E57.14246
G1 F1647.7 X108.78 Y105.103 E57.17001
G1 X108.806 Y105.1 E57.17153
G0 F12000 X108.802 Y104.752
G1 F1652.4 X108.78 Y104.754 E57.17281
G1 F1657.1 X108.301 Y104.702 E57.2007
G1 F1666.7 X107.877 Y104.545 E57.22671
G1 F1647.7 X107.632 Y104.401 E57.24325
G1 F1638.3 X107.38 Y104.216 E57.26155
G1 F1652.4 X107.057 Y103.836 E57.2905
G1 F1666.7 X106.841 Y103.429 E57.31701
G1 F1676.4 X106.723 Y102.956 E57.3449
G1 X106.718 Y102.431 E57.37494
G1 F1666.7 X106.84 Y101.933 E57.40444
G1 F1657.1 X107.058 Y101.524 E57.43126
G1 F1661.9 X107.374 Y101.148 E57.4596
G1 F1676.4 X107.747 Y100.879 E57.48591
G1 F1657.1 X107.987 Y100.773 E57.5011
G1 F1633.7 X108.307 Y100.657 E57.52108
G1 F1643 X108.78 Y100.609 E57.54883
G1 F1657.1 X109.25 Y100.657 E57.57617
G1 F1676.4 X109.698 Y100.818 E57.6034
G1 F1657.1 X109.931 Y100.966 E57.61938
G1 F1629 X110.185 Y101.153 E57.63795
G1 F1643 X110.499 Y101.523 E57.66627
G1 F1652.4 X110.72 Y101.939 E57.69361
G1 F1657.1 X110.842 Y102.423 E57.7225
G1 F1666.7 X110.837 Y102.96 E57.7534
G1 X110.718 Y103.423 E57.78091
G1 F1657.1 X110.501 Y103.839 E57.80806
G1 F1666.7 X110.181 Y104.214 E57.83643
G1 F1676.4 X109.806 Y104.486 E57.86293
G1 F1657.1 X109.573 Y104.588 E57.87765
G1 F1638.3 X109.259 Y104.702 E57.8972
G1 F1647.7 X108.802 Y104.752 E57.92396
G0 F12000 X108.8 Y104.38
;TYPE:WALL-OUTER
G1 F1441.7 X108.361 Y104.328 E57.95337
G1 X108.009 Y104.196 E57.97837
G1 X107.656 Y103.959 E58.00666
G1 X107.374 Y103.638 E58.03508
G1 X107.184 Y103.271 E58.06257
G1 X107.092 Y102.884 E58.08903
G1 X107.092 Y102.48 E58.11591
G1 X107.184 Y102.089 E58.14263
G1 X107.374 Y101.724 E58.17
G1 X107.656 Y101.401 E58.19852
G1 X107.985 Y101.179 E58.22492
G1 X108.361 Y101.032 E58.25178
G1 X108.78 Y100.984 E58.27983
G1 X109.195 Y101.032 E58.30762
G1 X109.571 Y101.175 E58.33438
G1 X109.899 Y101.404 E58.36099
G1 X110.185 Y101.724 E58.38954
G1 X110.375 Y102.099 E58.4175
G1 X110.469 Y102.5 E58.4449
G1 X110.468 Y102.883 E58.47038
G1 X110.372 Y103.271 E58.49697
G1 X110.172 Y103.659 E58.52601
G1 X109.9 Y103.959 E58.55294
G1 X109.548 Y104.196 E58.58117
G1 X109.199 Y104.328 E58.60599
G1 X108.8 Y104.38 E58.63276
G0 F12000 X108.837 Y104.69
G0 X108.781 Y105.171
G0 X108.81 Y105.476
G1 F1441.7 X109.32 Y105.426 E58.66684
G1 X109.847 Y105.266 E58.70348
G1 X110.34 Y105.004 E58.74062
G1 X110.753 Y104.665 E58.77616
G1 X111.104 Y104.236 E58.81303
G1 X111.366 Y103.746 E58.85
G1 X111.526 Y103.224 E58.88631
G1 X111.579 Y102.68 E58.92267
G1 X111.526 Y102.14 E58.95877
G1 X111.366 Y101.614 E58.99534
G1 X111.104 Y101.124 E59.0323
G1 X110.757 Y100.699 E59.0688
G1 X110.34 Y100.36 E59.10455
G1 X109.846 Y100.094 E59.14187
G1 X109.32 Y99.934 E59.17844
G1 X108.78 Y99.882 E59.21453
G1 X108.236 Y99.934 E59.25088
G1 X107.71 Y100.094 E59.28745
G1 X107.224 Y100.355 E59.32415
G1 X106.802 Y100.703 E59.36053
G1 X106.452 Y101.124 E59.39695
G1 X106.194 Y101.613 E59.43373
G1 X106.034 Y102.14 E59.47037
G1 X105.982 Y102.68 E59.50645
G1 X106.033 Y103.224 E59.5428
G1 X106.194 Y103.746 E59.57914
G1 X106.452 Y104.232 E59.61574
G1 X106.803 Y104.662 E59.65266
G1 X107.224 Y105.008 E59.68891
G1 X107.709 Y105.266 E59.72545
G1 X108.236 Y105.426 E59.76209
G1 X108.78 Y105.479 E59.79845
G1 X108.81 Y105.476 E59.80046
G1 F2700 E54.80046
;MESH:standoff_6h_6od_2id.obj(3)
G0 F12000 X108.781 Y105.171
G0 X109.282 Y105.202
G0 X109.389 Y106.29
G0 X110.714 Y106.403
G0 X111.403 Y106.612
G0 X112.038 Y106.951
G0 X112.593 Y107.407
G0 X113.049 Y107.962
G0 X113.388 Y108.597
G0 X113.597 Y109.286
G0 X113.668 Y110
G0 X113.597 Y110.714
G0 X113.388 Y111.403
G0 X113.049 Y112.038
G0 X112.593 Y112.593
G0 X112.038 Y113.049
G0 X110.611 Y113.71
G0 X111.194 Y119.388
;TYPE:WALL-INNER
G1 F2700 E59.80046
G1 F1661.9 X110.741 Y119.338 E59.82675
G1 F1666.7 X110.317 Y119.181 E59.85277
G1 F1647.7 X110.066 Y119.033 E59.86973
G1 X109.815 Y118.849 E59.88785
G1 F1661.9 X109.495 Y118.473 E59.91634
G1 F1652.4 X109.279 Y118.061 E59.94334
G1 F1657.1 X109.162 Y117.614 E59.97008
G1 F1647.7 X109.151 Y117.316 E59.98743
G1 X109.162 Y117.014 E60.00502
G1 F1657.1 X109.28 Y116.57 E60.03161
G1 X109.495 Y116.158 E60.05851
G1 F1666.7 X109.812 Y115.784 E60.08672
G1 F1676.4 X110.189 Y115.51 E60.11338
G1 F1652.4 X110.422 Y115.408 E60.12814
G1 F1633.7 X110.747 Y115.294 E60.14836
G1 F1647.7 X111.216 Y115.242 E60.17582
G1 X111.692 Y115.294 E60.20369
G1 F1638.3 X112.011 Y115.407 E60.2235
G1 F1661.9 X112.254 Y115.514 E60.23883
G1 F1681.3 X112.625 Y115.788 E60.26513
G1 F1671.5 X112.942 Y116.159 E60.29313
G1 F1657.1 X113.155 Y116.569 E60.31987
G1 X113.274 Y117.016 E60.34664
G1 F1647.7 X113.284 Y117.316 E60.36411
G1 F1652.4 X113.264 Y117.641 E60.38301
G1 F1666.7 X113.157 Y118.062 E60.40801
G1 F1661.9 X112.94 Y118.474 E60.43488
G1 F1666.7 X112.623 Y118.848 E60.46309
G1 F1676.4 X112.242 Y119.123 E60.48997
G1 F1657.1 X112.011 Y119.225 E60.50458
G1 F1638.3 X111.692 Y119.339 E60.52441
G1 F1647.7 X111.216 Y119.39 E60.55228
G1 F1657.1 X111.194 Y119.388 E60.55355
G0 F12000 X111.19 Y119.736
G1 F1647.7 X111.216 Y119.739 E60.55508
G1 X111.687 Y119.692 E60.58263
G1 F1638.3 X112.141 Y119.554 E60.6104
G1 F1633.7 X112.562 Y119.327 E60.63848
G1 F1638.3 X112.931 Y119.026 E60.66636
G1 F1647.7 X113.231 Y118.664 E60.69372
G1 F1657.1 X113.454 Y118.243 E60.72129
G1 F1647.7 X113.592 Y117.787 E60.74903
G1 F1638.3 X113.637 Y117.316 E60.77672
G1 X113.592 Y116.846 E60.80436
G1 F1647.7 X113.456 Y116.393 E60.83189
G1 F1657.1 X113.232 Y115.971 E60.85954
G1 X112.927 Y115.601 E60.88729
G1 F1638.3 X112.562 Y115.306 E60.91476
G1 X112.141 Y115.079 E60.94276
G1 X111.687 Y114.94 E60.97055
G1 F1647.7 X111.216 Y114.893 E60.99811
G1 X110.749 Y114.94 E61.02542
G1 F1633.7 X110.243 Y115.095 E61.05649
G1 F1629 X109.865 Y115.307 E61.08201
G1 X109.511 Y115.597 E61.10895
G1 F1652.4 X109.205 Y115.97 E61.13695
G1 F1661.9 X108.981 Y116.394 E61.16462
G1 F1647.7 X108.843 Y116.847 E61.19218
G1 F1633.7 X108.797 Y117.316 E61.21985
G1 F1629 X108.829 Y117.735 E61.24459
G1 F1643 X108.981 Y118.244 E61.27559
G1 F1657.1 X109.204 Y118.663 E61.30306
G1 F1647.7 X109.51 Y119.031 E61.33092
G1 F1638.3 X109.867 Y119.326 E61.35803
G1 F1633.7 X110.294 Y119.553 E61.38642
G1 F1638.3 X110.749 Y119.692 E61.41427
G1 F1647.7 X111.19 Y119.736 E61.44006
G0 F12000 X111.186 Y120.112
;TYPE:WALL-OUTER
G1 F1441.7 X111.216 Y120.115 E61.44207
G1 X111.76 Y120.062 E61.47843
G1 X112.286 Y119.902 E61.515
G1 X112.772 Y119.641 E61.5517
G1 X113.198 Y119.293 E61.58829
G1 X113.544 Y118.872 E61.62454
G1 X113.802 Y118.387 E61.66108
G1 X113.962 Y117.86 E61.69772
G1 X114.015 Y117.316 E61.73407
G1 X113.962 Y116.772 E61.77043
G1 X113.802 Y116.249 E61.80681
G1 X113.544 Y115.764 E61.84336
G1 X113.194 Y115.335 E61.88019
G1 X112.772 Y114.992 E61.91636
G1 X112.286 Y114.73 E61.95309
G1 X111.76 Y114.57 E61.98966
G1 X111.216 Y114.517 E62.02602
G1 X110.676 Y114.57 E62.06211
G1 X110.149 Y114.73 E62.09875
G1 X109.656 Y114.992 E62.13589
G1 X109.243 Y115.33 E62.17139
G1 X108.892 Y115.763 E62.20847
G1 X108.634 Y116.25 E62.24513
G1 X108.473 Y116.772 E62.28146
G1 X108.418 Y117.316 E62.31784
G1 X108.474 Y117.86 E62.35421
G1 X108.634 Y118.387 E62.39085
G1 X108.892 Y118.872 E62.42739
G1 X109.243 Y119.298 E62.46411
G1 X109.657 Y119.64 E62.49983
G1 X110.149 Y119.902 E62.53691
G1 X110.676 Y120.062 E62.57355
G1 X111.186 Y120.112 E62.60764
G0 F12000 X111.216 Y119.805
G0 X111.16 Y119.323
G0 X111.196 Y119.016
G1 F1441.7 X110.801 Y118.964 E62.63414
G1 X110.449 Y118.832 E62.65914
G1 X110.096 Y118.595 E62.68743
G1 X109.825 Y118.292 E62.71447
G1 X109.621 Y117.897 E62.74404
G1 X109.529 Y117.517 E62.77005
G1 X109.533 Y117.087 E62.79865
G1 X109.624 Y116.725 E62.82348
G1 X109.81 Y116.357 E62.85091
G1 X110.097 Y116.037 E62.87951
G1 X110.426 Y115.811 E62.90606
G1 X110.801 Y115.668 E62.93276
G1 X111.216 Y115.616 E62.96058
G1 X111.635 Y115.668 E62.98866
G1 X112.011 Y115.811 E63.01542
G1 X112.338 Y116.036 E63.04183
G1 X112.626 Y116.357 E63.07051
G1 X112.812 Y116.725 E63.09794
G1 X112.907 Y117.112 E63.12445
G1 X112.903 Y117.55 E63.15359
G1 X112.812 Y117.907 E63.17809
G1 X112.607 Y118.297 E63.2074
G1 X112.339 Y118.595 E63.23406
G1 X112.012 Y118.821 E63.2605
G1 X111.635 Y118.964 E63.28733
G1 X111.196 Y119.016 E63.31673
G1 F2700 E58.31673
;MESH:NONMESH
G0 F300 Z2.2
G0 F12000 X111.16 Y119.323
G0 X110.312 Y119.046
G0 X109.924 Y118.777
G0 X109.614 Y118.426
G0 X109.489 Y118.189
G0 X108.848 Y116.331
G0 X107.883 Y115.817
G0 X104.808 Y111.757
G0 X102.818 Y110.836
;TIME_ELAPSED:82.609283
;LAYER:5
;note -- min layer time used
;TYPE:WALL-INNER
;MESH:standoff_6h_6od_2id.obj(1)
G1 F2700 E63.31673
G1 F1652.4 X102.68 Y110.851 E63.32479
G1 F1647.7 X102.207 Y110.798 E63.35249
G1 F1657.1 X101.771 Y110.643 E63.37927
G1 F1647.7 X101.534 Y110.495 E63.39554
G1 F1633.7 X101.287 Y110.315 E63.41348
G1 F1652.4 X100.958 Y109.933 E63.44274
G1 F1657.1 X100.741 Y109.523 E63.46958
G1 X100.618 Y109.037 E63.4986
G1 F1671.5 X100.623 Y108.5 E63.52941
G1 F1666.7 X100.745 Y108.027 E63.55751
G1 F1661.9 X100.959 Y107.621 E63.584
G1 F1666.7 X101.289 Y107.239 E63.61305
G1 X101.72 Y106.938 E63.64329
G1 F1661.9 X102.208 Y106.758 E63.67331
G1 F1657.1 X102.68 Y106.706 E63.70079
G1 X103.159 Y106.758 E63.72867
G1 F1661.9 X103.65 Y106.94 E63.75889
G1 F1666.7 X104.076 Y107.239 E63.78884
G1 F1657.1 X104.403 Y107.622 E63.81798
G1 X104.619 Y108.026 E63.8445
G1 F1666.7 X104.744 Y108.515 E63.87354
G1 F1676.4 X104.744 Y109.041 E63.90363
G1 F1666.7 X104.619 Y109.53 E63.93267
G1 F1661.9 X104.404 Y109.935 E63.95913
G1 F1647.7 X104.076 Y110.315 E63.98835
G1 F1638.3 X103.835 Y110.492 E64.00585
G1 F1657.1 X103.599 Y110.64 E64.02197
G1 F1671.5 X103.158 Y110.798 E64.04885
G1 F1661.9 X102.818 Y110.836 E64.06859
G0 F12000 X102.841 Y111.185
G1 F1647.7 X103.149 Y111.153 E64.08662
G1 F1638.3 X103.66 Y110.996 E64.11791
G1 F1629 X104.033 Y110.785 E64.14314
G1 F1638.3 X104.387 Y110.495 E64.16993
G1 F1647.7 X104.696 Y110.123 E64.19807
G1 F1657.1 X104.919 Y109.703 E64.22559
G1 F1647.7 X105.056 Y109.247 E64.25331
G1 F1638.3 X105.1 Y108.78 E64.28077
G1 X105.056 Y108.309 E64.30846
G1 F1647.7 X104.919 Y107.853 E64.33617
G1 F1652.4 X104.696 Y107.433 E64.36377
G1 F1647.7 X104.391 Y107.065 E64.39159
G1 F1633.7 X104.033 Y106.77 E64.41882
G1 F1629 X103.606 Y106.544 E64.44726
G1 F1638.3 X103.151 Y106.404 E64.47513
G1 F1647.7 X102.68 Y106.357 E64.50268
G1 X102.213 Y106.404 E64.53
G1 F1638.3 X101.757 Y106.544 E64.55792
G1 F1629 X101.333 Y106.767 E64.58613
G1 X100.971 Y107.064 E64.61369
G1 F1647.7 X100.667 Y107.432 E64.64148
G1 F1652.4 X100.441 Y107.855 E64.66931
G1 F1638.3 X100.305 Y108.309 E64.69705
G1 F1629 X100.261 Y108.78 E64.7249
G1 X100.305 Y109.246 E64.75246
G1 F1638.3 X100.441 Y109.701 E64.78026
G1 F1657.1 X100.666 Y110.122 E64.80788
G1 F1652.4 X100.973 Y110.491 E64.83574
G1 F1633.7 X101.334 Y110.789 E64.86322
G1 F1629 X101.7 Y110.993 E64.88789
G1 F1638.3 X102.215 Y111.153 E64.91946
G1 F1643 X102.68 Y111.202 E64.94675
G1 F1647.7 X102.841 Y111.185 E64.95617
G0 F12000 X102.866 Y111.56
;TYPE:WALL-OUTER
G1 F1441.7 X103.224 Y111.522 E64.98012
G1 X103.751 Y111.362 E65.01676
G1 X104.244 Y111.1 E65.0539
G1 X104.653 Y110.762 E65.08919
G1 X105.008 Y110.332 E65.12628
G1 X105.266 Y109.847 E65.16283
G1 X105.426 Y109.32 E65.19946
G1 X105.478 Y108.78 E65.23555
G1 X105.426 Y108.236 E65.2719
G1 X105.266 Y107.709 E65.30854
G1 X105.009 Y107.224 E65.34505
G1 X104.657 Y106.798 E65.38181
G1 X104.244 Y106.455 E65.41752
G1 X103.751 Y106.194 E65.45463
G1 X103.224 Y106.034 E65.49126
G1 X102.68 Y105.981 E65.52762
G1 X102.14 Y106.034 E65.56372
G1 X101.613 Y106.194 E65.60035
G1 X101.124 Y106.452 E65.63713
G1 X100.703 Y106.798 E65.67338
G1 X100.356 Y107.224 E65.70993
G1 X100.094 Y107.71 E65.74666
G1 X99.934 Y108.236 E65.78323
G1 X99.882 Y108.78 E65.81958
G1 X99.934 Y109.32 E65.85567
G1 X100.094 Y109.846 E65.89224
G1 X100.355 Y110.331 E65.92888
G1 X100.707 Y110.758 E65.96569
G1 X101.124 Y111.104 E66.00173
G1 X101.613 Y111.361 E66.03848
G1 X102.14 Y111.522 E66.07514
G1 X102.68 Y111.579 E66.11126
G1 X102.866 Y111.56 E66.12369
G0 F12000 X102.837 Y111.252
G0 X102.832 Y110.776
G0 X102.794 Y110.462
G1 F1441.7 X102.68 Y110.476 E66.13133
G1 X102.265 Y110.424 E66.15916
G1 X101.89 Y110.282 E66.18583
G1 X101.56 Y110.054 E66.21251
G1 X101.274 Y109.735 E66.24101
G1 X101.085 Y109.361 E66.26889
G1 X100.992 Y108.98 E66.29497
G1 X100.992 Y108.577 E66.32178
G1 X101.088 Y108.189 E66.34837
G1 X101.274 Y107.821 E66.3758
G1 X101.56 Y107.501 E66.40435
G1 X101.89 Y107.275 E66.43095
G1 X102.265 Y107.132 E66.45765
G1 X102.68 Y107.08 E66.48547
G1 X103.099 Y107.132 E66.51356
G1 X103.494 Y107.286 E66.54176
G1 X103.804 Y107.501 E66.56686
G1 X104.086 Y107.821 E66.59523
G1 X104.279 Y108.195 E66.62322
G1 X104.371 Y108.576 E66.6493
G1 X104.367 Y109.009 E66.6781
G1 X104.276 Y109.371 E66.70293
G1 X104.086 Y109.738 E66.73042
G1 X103.804 Y110.055 E66.75865
G1 X103.474 Y110.281 E66.78525
G1 X103.099 Y110.424 E66.81195
G1 X102.794 Y110.462 E66.83239
G1 F2700 E61.83239
;MESH:standoff_6h_6od_2id.obj
G0 F12000 X102.832 Y110.776
G0 X104.498 Y110.596
G0 X105.344 Y111.289
G0 X106.581 Y111.303
G0 X110 Y112.065
;TYPE:WALL-INNER
G1 F2700 E66.83239
G1 F1666.7 X109.771 Y112.074 E66.84558
G1 F1657.1 X109.243 Y111.933 E66.87721
G1 F1647.7 X108.844 Y111.72 E66.90353
G1 F1643 X108.461 Y111.394 E66.93289
G1 F1647.7 X108.157 Y110.975 E66.96302
G1 X107.978 Y110.475 E66.99393
G1 X107.926 Y110 E67.02175
G1 X107.978 Y109.521 E67.04979
G1 X108.154 Y109.025 E67.08043
G1 F1657.1 X108.461 Y108.602 E67.11067
G1 X108.842 Y108.277 E67.13965
G1 F1647.7 X109.248 Y108.061 E67.16642
G1 F1657.1 X109.706 Y107.94 E67.19384
G1 F1666.7 X110.29 Y107.94 E67.22744
G1 F1657.1 X110.753 Y108.064 E67.25518
G1 F1647.7 X111.154 Y108.277 E67.28161
G1 X111.529 Y108.597 E67.3103
G1 F1629 X111.719 Y108.854 E67.32912
G1 F1638.3 X111.861 Y109.083 E67.34489
G1 F1647.7 X112.019 Y109.524 E67.37216
G1 X112.071 Y110 E67.40003
G1 F1657.1 X112.02 Y110.469 E67.42733
G1 F1671.5 X111.861 Y110.918 E67.45466
G1 F1647.7 X111.719 Y111.141 E67.47005
G1 F1629 X111.536 Y111.393 E67.48838
G1 F1643 X111.153 Y111.721 E67.51781
G1 F1647.7 X110.752 Y111.934 E67.54424
G1 F1652.4 X110.299 Y112.054 E67.57144
G1 F1666.7 X110 Y112.065 E67.58866
G0 F12000 X110 Y112.419
G1 F1629 X110.42 Y112.387 E67.61346
G1 F1638.3 X110.931 Y112.233 E67.6447
G1 F1647.7 X111.342 Y112.015 E67.67178
G1 F1638.3 X111.71 Y111.71 E67.69976
G1 F1629 X112.013 Y111.341 E67.72786
G1 X112.231 Y110.931 E67.7552
G1 F1638.3 X112.373 Y110.466 E67.78366
G1 F1647.7 X112.422 Y110 E67.81093
G1 X112.373 Y109.53 E67.83844
G1 F1629 X112.232 Y109.065 E67.86704
G1 F1619.9 X112.013 Y108.655 E67.89456
G1 F1629 X111.711 Y108.287 E67.92259
G1 F1647.7 X111.343 Y107.983 E67.95037
G1 X110.93 Y107.763 E67.97761
G1 X110.468 Y107.624 E68.00569
G1 F1638.3 X110 Y107.58 E68.03321
G1 X109.528 Y107.624 E68.06096
G1 F1643 X109.066 Y107.763 E68.08912
G1 F1647.7 X108.653 Y107.983 E68.11635
G1 X108.286 Y108.286 E68.14406
G1 F1638.3 X107.986 Y108.655 E68.17189
G1 F1629 X107.764 Y109.067 E68.19945
G1 F1638.3 X107.624 Y109.528 E68.22765
G1 F1647.7 X107.578 Y110 E68.25525
G1 X107.624 Y110.468 E68.28262
G1 F1629 X107.763 Y110.929 E68.31097
G1 X107.987 Y111.341 E68.33858
G1 X108.252 Y111.683 E68.36405
G1 F1638.3 X108.653 Y112.015 E68.39452
G1 F1643 X109.064 Y112.234 E68.42171
G1 X109.53 Y112.373 E68.45009
G1 F1638.3 X110 Y112.419 E68.47774
G0 F12000 X110 Y112.798
;TYPE:WALL-OUTER
G1 F1441.7 X110.54 Y112.743 E68.51384
G1 X111.075 Y112.582 E68.55101
G1 X111.552 Y112.328 E68.58696
G1 X111.977 Y111.977 E68.62362
G1 X112.328 Y111.552 E68.66029
G1 X112.582 Y111.075 E68.69624
G1 X112.742 Y110.54 E68.73338
G1 X112.798 Y110 E68.7695
G1 X112.743 Y109.456 E68.80587
G1 X112.582 Y108.921 E68.84303
G1 X112.329 Y108.444 E68.87895
G1 X111.978 Y108.019 E68.91562
G1 X111.552 Y107.671 E68.95221
G1 X111.074 Y107.414 E68.98831
G1 X110.541 Y107.254 E69.02533
G1 X110 Y107.202 E69.06148
G1 X109.455 Y107.254 E69.0979
G1 X108.922 Y107.414 E69.13492
G1 X108.444 Y107.671 E69.17102
G1 X108.019 Y108.019 E69.20756
G1 X107.672 Y108.444 E69.24405
G1 X107.414 Y108.922 E69.28019
G1 X107.254 Y109.455 E69.31721
G1 X107.202 Y110 E69.35362
G1 X107.254 Y110.541 E69.38978
G1 X107.414 Y111.074 E69.4268
G1 X107.672 Y111.552 E69.46293
G1 X108.019 Y111.978 E69.49948
G1 X108.444 Y112.329 E69.53614
G1 X108.921 Y112.582 E69.57206
G1 X109.456 Y112.742 E69.60921
G1 X110 Y112.798 E69.64558
G0 F12000 X110 Y112.488
G0 X110 Y111.999
G0 X110 Y111.687
G1 F1441.7 X109.795 Y111.687 E69.65922
G1 X109.374 Y111.578 E69.68815
G1 X109.02 Y111.387 E69.71491
G1 X108.743 Y111.143 E69.73946
G1 X108.496 Y110.792 E69.76801
G1 X108.352 Y110.414 E69.79492
G1 X108.3 Y109.98 E69.824
G1 X108.356 Y109.569 E69.85159
G1 X108.495 Y109.205 E69.87751
G1 X108.72 Y108.877 E69.90397
G1 X109.054 Y108.586 E69.93343
G1 X109.418 Y108.402 E69.96056
G1 X109.796 Y108.309 E69.98646
G1 X110.199 Y108.308 E70.01327
G1 X110.622 Y108.418 E70.04234
G1 X110.955 Y108.594 E70.0674
G1 X111.275 Y108.876 E70.09577
G1 X111.501 Y109.206 E70.12237
G1 X111.644 Y109.582 E70.14913
G1 X111.697 Y110 E70.17716
G1 X111.64 Y110.427 E70.20582
G1 X111.502 Y110.79 E70.23165
G1 X111.275 Y111.12 E70.25829
G1 X110.976 Y111.387 E70.28496
G1 X110.618 Y111.579 E70.31198
G1 X110.201 Y111.687 E70.34064
G1 X110 Y111.687 E70.35401
G1 F2700 E65.35401
;MESH:standoff_6h_6od_2id.obj(2)
G0 F12000 X110 Y111.999
G0 X109.308 Y111.827
G0 X108.891 Y111.605
G0 X108.538 Y111.295
G0 X108.27 Y110.905
G0 X108.105 Y110.467
G0 X108.047 Y110.001
G0 X108.105 Y109.532
G0 X108.253 Y109.139
G0 X109.499 Y107.481
G0 X109.274 Y105.202
G0 X108.806 Y105.1
;TYPE:WALL-INNER
G1 F2700 E70.35401
G1 F1647.7 X109.247 Y105.057 E70.3798
G1 F1638.3 X109.753 Y104.901 E70.41079
G1 F1629 X110.131 Y104.689 E70.43631
G1 X110.486 Y104.398 E70.46333
G1 F1647.7 X110.792 Y104.028 E70.49128
G1 F1657.1 X111.019 Y103.602 E70.51921
G1 F1638.3 X111.155 Y103.15 E70.54684
G1 F1629 X111.2 Y102.68 E70.57464
G1 X111.155 Y102.214 E70.6022
G1 F1638.3 X111.018 Y101.758 E70.63007
G1 F1647.7 X110.792 Y101.332 E70.65814
G1 F1643 X110.49 Y100.967 E70.68579
G1 F1629 X110.13 Y100.675 E70.71308
G1 X109.751 Y100.458 E70.73879
G1 F1638.3 X109.247 Y100.304 E70.76964
G1 F1647.7 X108.78 Y100.259 E70.79695
G1 X108.309 Y100.304 E70.82449
G1 F1638.3 X107.856 Y100.444 E70.85225
G1 F1629 X107.435 Y100.669 E70.88035
G1 F1638.3 X107.067 Y100.969 E70.90814
G1 F1647.7 X106.765 Y101.334 E70.93571
G1 F1657.1 X106.542 Y101.756 E70.96334
G1 F1647.7 X106.404 Y102.213 E70.99112
G1 F1629 X106.361 Y102.68 E71.01873
G1 X106.404 Y103.15 E71.04652
G1 F1643 X106.541 Y103.602 E71.07409
G1 F1657.1 X106.765 Y104.024 E71.10174
G1 F1647.7 X107.07 Y104.395 E71.12969
G1 F1638.3 X107.434 Y104.694 E71.15726
G1 F1633.7 X107.854 Y104.917 E71.18518
G1 F1638.3 X108.309 Y105.056 E71.21303
G1 F1647.7 X108.78 Y105.103 E71.24058
G1 X108.806 Y105.1 E71.2421
G0 F12000 X108.802 Y104.752
G1 F1652.4 X108.78 Y104.754 E71.24339
G1 F1657.1 X108.301 Y104.702 E71.27127
G1 F1666.7 X107.877 Y104.545 E71.29729
G1 F1647.7 X107.632 Y104.401 E71.31383
G1 F1638.3 X107.38 Y104.216 E71.33213
G1 F1652.4 X107.057 Y103.836 E71.36107
G1 F1666.7 X106.841 Y103.429 E71.38758
G1 F1676.4 X106.723 Y102.956 E71.41547
G1 X106.718 Y102.431 E71.44551
G1 F1666.7 X106.84 Y101.933 E71.47501
G1 F1657.1 X107.058 Y101.524 E71.50183
G1 F1661.9 X107.374 Y101.148 E71.53018
G1 F1676.4 X107.747 Y100.879 E71.55648
G1 F1657.1 X107.987 Y100.773 E71.57167
G1 F1633.7 X108.307 Y100.657 E71.59165
G1 F1643 X108.78 Y100.609 E71.6194
G1 F1657.1 X109.25 Y100.657 E71.64674
G1 F1676.4 X109.698 Y100.818 E71.67398
G1 F1657.1 X109.931 Y100.966 E71.68995
G1 F1629 X110.185 Y101.153 E71.70852
G1 F1643 X110.499 Y101.523 E71.73685
G1 F1652.4 X110.72 Y101.939 E71.76419
G1 F1657.1 X110.842 Y102.423 E71.79307
G1 F1666.7 X110.837 Y102.96 E71.82397
G1 X110.718 Y103.423 E71.85148
G1 F1657.1 X110.501 Y103.839 E71.87863
G1 F1666.7 X110.181 Y104.214 E71.907
G1 F1676.4 X109.806 Y104.486 E71.9335
G1 F1657.1 X109.573 Y104.588 E71.94822
G1 F1638.3 X109.259 Y104.702 E71.96778
G1 F1647.7 X108.802 Y104.752 E71.99453
G0 F12000 X108.8 Y104.38
;TYPE:WALL-OUTER
G1 F1441.7 X108.361 Y104.328 E72.02394
G1 X108.009 Y104.196 E72.04895
G1 X107.656 Y103.959 E72.07723
G1 X107.374 Y103.638 E72.10565
G1 X107.184 Y103.271 E72.13314
G1 X107.092 Y102.884 E72.15961
G1 X107.092 Y102.48 E72.18648
G1 X107.184 Y102.089 E72.2132
G1 X107.374 Y101.724 E72.24057
G1 X107.656 Y101.401 E72.26909
G1 X107.985 Y101.179 E72.2955
G1 X108.361 Y101.032 E72.32235
G1 X108.78 Y100.984 E72.35041
G1 X109.195 Y101.032 E72.3782
G1 X109.571 Y101.175 E72.40495
G1 X109.899 Y101.404 E72.43156
G1 X110.185 Y101.724 E72.46011
G1 X110.375 Y102.099 E72.48808
G1 X110.469 Y102.5 E72.51548
G1 X110.468 Y102.883 E72.54095
G1 X110.372 Y103.271 E72.56754
G1 X110.172 Y103.659 E72.59658
G1 X109.9 Y103.959 E72.62352
G1 X109.548 Y104.196 E72.65174
G1 X109.199 Y104.328 E72.67656
G1 X108.8 Y104.38 E72.70333
G0 F12000 X108.837 Y104.69
G0 X108.781 Y105.171
G0 X108.81 Y105.476
G1 F1441.7 X109.32 Y105.426 E72.73742
G1 X109.847 Y105.266 E72.77405
G1 X110.34 Y105.004 E72.81119
G1 X110.753 Y104.665 E72.84673
G1 X111.104 Y104.236 E72.88361
G1 X111.366 Y103.746 E72.92057
G1 X111.526 Y103.224 E72.95689
G1 X111.579 Y102.68 E72.99325
G1 X111.526 Y102.14 E73.02934
G1 X111.366 Y101.614 E73.06591
G1 X111.104 Y101.124 E73.10287
G1 X110.757 Y100.699 E73.13937
G1 X110.34 Y100.36 E73.17512
G1 X109.846 Y100.094 E73.21244
G1 X109.32 Y99.934 E73.24901
G1 X108.78 Y99.882 E73.2851
G1 X108.236 Y99.934 E73.32145
G1 X107.71 Y100.094 E73.35803
G1 X107.224 Y100.355 E73.39472
G1 X106.802 Y100.703 E73.43111
G1 X106.452 Y101.124 E73.46753
G1 X106.194 Y101.613 E73.5043
G1 X106.034 Y102.14 E73.54094
G1 X105.982 Y102.68 E73.57703
G1 X106.033 Y103.224 E73.61337
G1 X106.194 Y103.746 E73.64971
G1 X106.452 Y104.232 E73.68631
G1 X106.803 Y104.662 E73.72324
G1 X107.224 Y105.008 E73.75949
G1 X107.709 Y105.266 E73.79603
G1 X108.236 Y105.426 E73.83266
G1 X108.78 Y105.479 E73.86902
G1 X108.81 Y105.476 E73.87103
G1 F2700 E68.87103
;MESH:standoff_6h_6od_2id.obj(3)
G0 F12000 X108.781 Y105.171
G0 X109.282 Y105.202
G0 X109.389 Y106.29
G0 X110.714 Y106.403
G0 X111.403 Y106.612
G0 X112.038 Y106.951
G0 X112.593 Y107.407
G0 X113.049 Y107.962
G0 X113.388 Y108.597
G0 X113.597 Y109.286
G0 X113.668 Y110
G0 X113.597 Y110.714
G0 X113.388 Y111.403
G0 X113.049 Y112.038
G0 X112.593 Y112.593
G0 X112.038 Y113.049
G0 X110.611 Y113.71
G0 X111.194 Y119.388
;TYPE:WALL-INNER
G1 F2700 E73.87103
G1 F1661.9 X110.741 Y119.338 E73.89733
G1 F1666.7 X110.317 Y119.181 E73.92334
G1 F1647.7 X110.066 Y119.033 E73.9403
G1 X109.815 Y118.849 E73.95842
G1 F1661.9 X109.495 Y118.473 E73.98691
G1 F1652.4 X109.279 Y118.061 E74.01391
G1 F1657.1 X109.162 Y117.614 E74.04065
G1 F1647.7 X109.151 Y117.316 E74.05801
G1 X109.162 Y117.014 E74.0756
G1 F1657.1 X109.28 Y116.57 E74.10218
G1 X109.495 Y116.158 E74.12908
G1 F1666.7 X109.812 Y115.784 E74.15729
G1 F1676.4 X110.189 Y115.51 E74.18395
G1 F1652.4 X110.422 Y115.408 E74.19871
G1 F1633.7 X110.747 Y115.294 E74.21893
G1 F1647.7 X111.216 Y115.242 E74.2464
G1 X111.692 Y115.294 E74.27427
G1 F1638.3 X112.011 Y115.407 E74.29408
G1 F1661.9 X112.254 Y115.514 E74.3094
G1 F1681.3 X112.625 Y115.788 E74.33571
G1 F1671.5 X112.942 Y116.159 E74.36371
G1 F1657.1 X113.155 Y116.569 E74.39044
G1 X113.274 Y117.016 E74.41721
G1 F1647.7 X113.284 Y117.316 E74.43469
G1 F1652.4 X113.264 Y117.641 E74.45358
G1 F1666.7 X113.157 Y118.062 E74.47858
G1 F1661.9 X112.94 Y118.474 E74.50545
G1 F1666.7 X112.623 Y118.848 E74.53366
G1 F1676.4 X112.242 Y119.123 E74.56054
G1 F1657.1 X112.011 Y119.225 E74.57515
G1 F1638.3 X111.692 Y119.339 E74.59498
G1 F1647.7 X111.216 Y119.39 E74.62285
G1 F1657.1 X111.194 Y119.388 E74.62413
G0 F12000 X111.19 Y119.736
G1 F1647.7 X111.216 Y119.739 E74.62565
G1 X111.687 Y119.692 E74.6532
G1 F1638.3 X112.141 Y119.554 E74.68098
G1 F1633.7 X112.562 Y119.327 E74.70906
G1 F1638.3 X112.931 Y119.026 E74.73693
G1 F1647.7 X113.231 Y118.664 E74.7643
G1 F1657.1 X113.454 Y118.243 E74.79187
G1 F1647.7 X113.592 Y117.787 E74.8196
G1 F1638.3 X113.637 Y117.316 E74.8473
G1 X113.592 Y116.846 E74.87493
G1 F1647.7 X113.456 Y116.393 E74.90246
G1 F1657.1 X113.232 Y115.971 E74.93011
G1 X112.927 Y115.601 E74.95786
G1 F1638.3 X112.562 Y115.306 E74.98534
G1 X112.141 Y115.079 E75.01333
G1 X111.687 Y114.94 E75.04113
G1 F1647.7 X111.216 Y114.893 E75.06868
G1 X110.749 Y114.94 E75.096
G1 F1633.7 X110.243 Y115.095 E75.12706
G1 F1629 X109.865 Y115.307 E75.15258
G1 X109.511 Y115.597 E75.17952
G1 F1652.4 X109.205 Y115.97 E75.20752
G1 F1661.9 X108.981 Y116.394 E75.23519
G1 F1647.7 X108.843 Y116.847 E75.26276
G1 F1633.7 X108.797 Y117.316 E75.29042
G1 F1629 X108.829 Y117.735 E75.31516
G1 F1643 X108.981 Y118.244 E75.34617
G1 F1657.1 X109.204 Y118.663 E75.37364
G1 F1647.7 X109.51 Y119.031 E75.40149
G1 F1638.3 X109.867 Y119.326 E75.4286
G1 F1633.7 X110.294 Y119.553 E75.45699
G1 F1638.3 X110.749 Y119.692 E75.48484
G1 F1647.7 X111.19 Y119.736 E75.51064
G0 F12000 X111.186 Y120.112
;TYPE:WALL-OUTER
G1 F1441.7 X111.216 Y120.115 E75.51264
G1 X111.76 Y120.062 E75.549
G1 X112.286 Y119.902 E75.58557
G1 X112.772 Y119.641 E75.62227
G1 X113.198 Y119.293 E75.65886
G1 X113.544 Y118.872 E75.69511
G1 X113.802 Y118.387 E75.73165
G1 X113.962 Y117.86 E75.76829
G1 X114.015 Y117.316 E75.80465
G1 X113.962 Y116.772 E75.84101
G1 X113.802 Y116.249 E75.87739
G1 X113.544 Y115.764 E75.91393
G1 X113.194 Y115.335 E75.95076
G1 X112.772 Y114.992 E75.98693
G1 X112.286 Y114.73 E76.02366
G1 X111.76 Y114.57 E76.06023
G1 X111.216 Y114.517 E76.09659
G1 X110.676 Y114.57 E76.13269
G1 X110.149 Y114.73 E76.16932
G1 X109.656 Y114.992 E76.20646
G1 X109.243 Y115.33 E76.24196
G1 X108.892 Y115.763 E76.27904
G1 X108.634 Y116.25 E76.3157
G1 X108.473 Y116.772 E76.35204
G1 X108.418 Y117.316 E76.38841
G1 X108.474 Y117.86 E76.42479
G1 X108.634 Y118.387 E76.46142
G1 X108.892 Y118.872 E76.49797
G1 X109.243 Y119.298 E76.53468
G1 X109.657 Y119.64 E76.57041
G1 X110.149 Y119.902 E76.60748
G1 X110.676 Y120.062 E76.64412
G1 X111.186 Y120.112 E76.67821
G0 F12000 X111.216 Y119.805
G0 X111.16 Y119.323
G0 X111.196 Y119.016
G1 F1441.7 X110.801 Y118.964 E76.70471
G1 X110.449 Y118.832 E76.72972
G1 X110.096 Y118.595 E76.758
G1 X109.825 Y118.292 E76.78504
G1 X109.621 Y117.897 E76.81462
G1 X109.529 Y117.517 E76.84062
G1 X109.533 Y117.087 E76.86923
G1 X109.624 Y116.725 E76.89406
G1 X109.81 Y116.357 E76.92149
G1 X110.097 Y116.037 E76.95008
G1 X110.426 Y115.811 E76.97663
G1 X110.801 Y115.668 E77.00333
G1 X111.216 Y115.616 E77.03115
G1 X111.635 Y115.668 E77.05924
G1 X112.011 Y115.811 E77.086
G1 X112.338 Y116.036 E77.1124
G1 X112.626 Y116.357 E77.14109
G1 X112.812 Y116.725 E77.16852
G1 X112.907 Y117.112 E77.19502
G1 X112.903 Y117.55 E77.22416
G1 X112.812 Y117.907 E77.24867
G1 X112.607 Y118.297 E77.27798
G1 X112.339 Y118.595 E77.30464
G1 X112.012 Y118.821 E77.33108
G1 X111.635 Y118.964 E77.3579
G1 X111.196 Y119.016 E77.38731
G1 F2700 E72.38731
;MESH:NONMESH
G0 F300 Z2.6
G0 F12000 X111.16 Y119.323
G0 X110.312 Y119.046
G0 X109.924 Y118.777
G0 X109.614 Y118.426
G0 X109.489 Y118.189
G0 X108.848 Y116.331
G0 X107.883 Y115.817
G0 X104.808 Y111.757
G0 X102.818 Y110.836
;TIME_ELAPSED:95.920061
;LAYER:6
;note -- min layer time used
;TYPE:WALL-INNER
;MESH:standoff_6h_6od_2id.obj(1)
G1 F2700 E77.38731
G1 F1652.4 X102.68 Y110.851 E77.39536
G1 F1647.7 X102.207 Y110.798 E77.42307
G1 F1657.1 X101.771 Y110.643 E77.44985
G1 F1647.7 X101.534 Y110.495 E77.46611
G1 F1633.7 X101.287 Y110.315 E77.48405
G1 F1652.4 X100.958 Y109.933 E77.51331
G1 F1657.1 X100.741 Y109.523 E77.54016
G1 X100.618 Y109.037 E77.56917
G1 F1671.5 X100.623 Y108.5 E77.59998
G1 F1666.7 X100.745 Y108.027 E77.62809
G1 F1661.9 X100.959 Y107.621 E77.65457
G1 F1666.7 X101.289 Y107.239 E77.68362
G1 X101.72 Y106.938 E77.71387
G1 F1661.9 X102.208 Y106.758 E77.74388
G1 F1657.1 X102.68 Y106.706 E77.77136
G1 X103.159 Y106.758 E77.79925
G1 F1661.9 X103.65 Y106.94 E77.82947
G1 F1666.7 X104.076 Y107.239 E77.85941
G1 F1657.1 X104.403 Y107.622 E77.88856
G1 X104.619 Y108.026 E77.91507
G1 F1666.7 X104.744 Y108.515 E77.94411
G1 F1676.4 X104.744 Y109.041 E77.9742
G1 F1666.7 X104.619 Y109.53 E78.00324
G1 F1661.9 X104.404 Y109.935 E78.0297
G1 F1647.7 X104.076 Y110.315 E78.05892
G1 F1638.3 X103.835 Y110.492 E78.07643
G1 F1657.1 X103.599 Y110.64 E78.09255
G1 F1671.5 X103.158 Y110.798 E78.11942
G1 F1661.9 X102.818 Y110.836 E78.13917
G0 F12000 X102.841 Y111.185
G1 F1647.7 X103.149 Y111.153 E78.15719
G1 F1638.3 X103.66 Y110.996 E78.18848
G1 F1629 X104.033 Y110.785 E78.21371
G1 F1638.3 X104.387 Y110.495 E78.2405
G1 F1647.7 X104.696 Y110.123 E78.26865
G1 F1657.1 X104.919 Y109.703 E78.29617
G1 F1647.7 X105.056 Y109.247 E78.32388
G1 F1638.3 X105.1 Y108.78 E78.35134
G1 X105.056 Y108.309 E78.37903
G1 F1647.7 X104.919 Y107.853 E78.40674
G1 F1652.4 X104.696 Y107.433 E78.43434
G1 F1647.7 X104.391 Y107.065 E78.46216
G1 F1633.7 X104.033 Y106.77 E78.4894
G1 F1629 X103.606 Y106.544 E78.51784
G1 F1638.3 X103.151 Y106.404 E78.5457
G1 F1647.7 X102.68 Y106.357 E78.57326
G1 X102.213 Y106.404 E78.60057
G1 F1638.3 X101.757 Y106.544 E78.6285
G1 F1629 X101.333 Y106.767 E78.6567
G1 X100.971 Y107.064 E78.68427
G1 F1647.7 X100.667 Y107.432 E78.71205
G1 F1652.4 X100.441 Y107.855 E78.73988
G1 F1638.3 X100.305 Y108.309 E78.76763
G1 F1629 X100.261 Y108.78 E78.79548
G1 X100.305 Y109.246 E78.82303
G1 F1638.3 X100.441 Y109.701 E78.85083
G1 F1657.1 X100.666 Y110.122 E78.87846
G1 F1652.4 X100.973 Y110.491 E78.90632
G1 F1633.7 X101.334 Y110.789 E78.93379
G1 F1629 X101.7 Y110.993 E78.95846
G1 F1638.3 X102.215 Y111.153 E78.99003
G1 F1643 X102.68 Y111.202 E79.01732
G1 F1647.7 X102.841 Y111.185 E79.02675
G0 F12000 X102.866 Y111.56
;TYPE:WALL-OUTER
G1 F1441.7 X103.224 Y111.522 E79.0507
G1 X103.751 Y111.362 E79.08733
G1 X104.244 Y111.1 E79.12447
G1 X104.653 Y110.762 E79.15976
G1 X105.008 Y110.332 E79.19686
G1 X105.266 Y109.847 E79.2334
G1 X105.426 Y109.32 E79.27004
G1 X105.478 Y108.78 E79.30612
G1 X105.426 Y108.236 E79.34247
G1 X105.266 Y107.709 E79.37911
G1 X105.009 Y107.224 E79.41562
G1 X104.657 Y106.798 E79.45238
G1 X104.244 Y106.455 E79.48809
G1 X103.751 Y106.194 E79.5252
G1 X103.224 Y106.034 E79.56184
G1 X102.68 Y105.981 E79.5982
G1 X102.14 Y106.034 E79.63429
G1 X101.613 Y106.194 E79.67093
G1 X101.124 Y106.452 E79.7077
G1 X100.703 Y106.798 E79.74395
G1 X100.356 Y107.224 E79.7805
G1 X100.094 Y107.71 E79.81723
G1 X99.934 Y108.236 E79.8538
G1 X99.882 Y108.78 E79.89015
G1 X99.934 Y109.32 E79.92624
G1 X100.094 Y109.846 E79.96281
G1 X100.355 Y110.331 E79.99945
G1 X100.707 Y110.758 E80.03626
G1 X101.124 Y111.104 E80.07231
G1 X101.613 Y111.361 E80.10905
G1 X102.14 Y111.522 E80.14571
G1 X102.68 Y111.579 E80.18183
G1 X102.866 Y111.56 E80.19427
G0 F12000 X102.837 Y111.252
G0 X102.832 Y110.776
G0 X102.794 Y110.462
G1 F1441.7 X102.68 Y110.476 E80.20191
G1 X102.265 Y110.424 E80.22973
G1 X101.89 Y110.282 E80.2564
G1 X101.56 Y110.054 E80.28308
G1 X101.274 Y109.735 E80.31158
G1 X101.085 Y109.361 E80.33946
G1 X100.992 Y108.98 E80.36555
G1 X100.992 Y108.577 E80.39236
G1 X101.088 Y108.189 E80.41894
G1 X101.274 Y107.821 E80.44637
G1 X101.56 Y107.501 E80.47492
G1 X101.89 Y107.275 E80.50153
G1 X102.265 Y107.132 E80.52822
G1 X102.68 Y107.08 E80.55605
G1 X103.099 Y107.132 E80.58413
G1 X103.494 Y107.286 E80.61233
G1 X103.804 Y107.501 E80.63743
G1 X104.086 Y107.821 E80.6658
G1 X104.279 Y108.195 E80.6938
G1 X104.371 Y108.576 E80.71987
G1 X104.367 Y109.009 E80.74868
G1 X104.276 Y109.371 E80.7735
G1 X104.086 Y109.738 E80.801
G1 X103.804 Y110.055 E80.82922
G1 X103.474 Y110.281 E80.85582
G1 X103.099 Y110.424 E80.88252
G1 X102.794 Y110.462 E80.90297
G1 F2700 E75.90297
;MESH:standoff_6h_6od_2id.obj
G0 F12000 X102.832 Y110.776
G0 X104.498 Y110.596
G0 X105.344 Y111.289
G0 X106.581 Y111.303
G0 X110 Y112.065
;TYPE:WALL-INNER
G1 F2700 E80.90297
G1 F1666.7 X109.771 Y112.074 E80.91615
G1 F1657.1 X109.243 Y111.933 E80.94778
G1 F1647.7 X108.844 Y111.72 E80.97411
G1 F1643 X108.461 Y111.394 E81.00347
G1 F1647.7 X108.157 Y110.975 E81.0336
G1 X107.978 Y110.475 E81.06451
G1 X107.926 Y110 E81.09232
G1 X107.978 Y109.521 E81.12036
G1 X108.154 Y109.025 E81.151
G1 F1657.1 X108.461 Y108.602 E81.18125
G1 X108.842 Y108.277 E81.21023
G1 F1647.7 X109.248 Y108.061 E81.237
G1 F1657.1 X109.706 Y107.94 E81.26441
G1 F1666.7 X110.29 Y107.94 E81.29801
G1 F1657.1 X110.753 Y108.064 E81.32575
G1 F1647.7 X111.154 Y108.277 E81.35218
G1 X111.529 Y108.597 E81.38088
G1 F1629 X111.719 Y108.854 E81.39969
G1 F1638.3 X111.861 Y109.083 E81.41546
G1 F1647.7 X112.019 Y109.524 E81.44273
G1 X112.071 Y110 E81.4706
G1 F1657.1 X112.02 Y110.469 E81.4979
G1 F1671.5 X111.861 Y110.918 E81.52523
G1 F1647.7 X111.719 Y111.141 E81.54062
G1 F1629 X111.536 Y111.393 E81.55895
G1 F1643 X111.153 Y111.721 E81.58839
G1 F1647.7 X110.752 Y111.934 E81.61482
G1 F1652.4 X110.299 Y112.054 E81.64202
G1 F1666.7 X110 Y112.065 E81.65923
G0 F12000 X110 Y112.419
G1 F1629 X110.42 Y112.387 E81.68403
G1 F1638.3 X110.931 Y112.233 E81.71527
G1 F1647.7 X111.342 Y112.015 E81.74235
G1 F1638.3 X111.71 Y111.71 E81.77033
G1 F1629 X112.013 Y111.341 E81.79844
G1 X112.231 Y110.931 E81.82577
G1 F1638.3 X112.373 Y110.466 E81.85423
G1 F1647.7 X112.422 Y110 E81.88151
G1 X112.373 Y109.53 E81.90901
G1 F1629 X112.232 Y109.065 E81.93762
G1 F1619.9 X112.013 Y108.655 E81.96514
G1 F1629 X111.711 Y108.287 E81.99316
G1 F1647.7 X111.343 Y107.983 E82.02095
G1 X110.93 Y107.763 E82.04818
G1 X110.468 Y107.624 E82.07626
G1 F1638.3 X110 Y107.58 E82.10378
G1 X109.528 Y107.624 E82.13153
G1 F1643 X109.066 Y107.763 E82.15969
G1 F1647.7 X108.653 Y107.983 E82.18693
G1 X108.286 Y108.286 E82.21463
G1 F1638.3 X107.986 Y108.655 E82.24247
G1 F1629 X107.764 Y109.067 E82.27002
G1 F1638.3 X107.624 Y109.528 E82.29822
G1 F1647.7 X107.578 Y110 E82.32583
G1 X107.624 Y110.468 E82.3532
G1 F1629 X107.763 Y110.929 E82.38154
G1 X107.987 Y111.341 E82.40915
G1 X108.252 Y111.683 E82.43462
G1 F1638.3 X108.653 Y112.015 E82.4651
G1 F1643 X109.064 Y112.234 E82.49228
G1 X109.53 Y112.373 E82.52066
G1 F1638.3 X110 Y112.419 E82.54831
G0 F12000 X110 Y112.798
;TYPE:WALL-OUTER
G1 F1441.7 X110.54 Y112.743 E82.58442
G1 X111.075 Y112.582 E82.62158
G1 X111.552 Y112.328 E82.65753
G1 X111.977 Y111.977 E82.6942
G1 X112.328 Y111.552 E82.73086
G1 X112.582 Y111.075 E82.76681
G1 X112.742 Y110.54 E82.80396
G1 X112.798 Y110 E82.84007
G1 X112.743 Y109.456 E82.87644
G1 X112.582 Y108.921 E82.91361
G1 X112.329 Y108.444 E82.94952
G1 X111.978 Y108.019 E82.98619
G1 X111.552 Y107.671 E83.02278
G1 X111.074 Y107.414 E83.05888
G1 X110.541 Y107.254 E83.0959
G1 X110 Y107.202 E83.13205
G1 X109.455 Y107.254 E83.16847
G1 X108.922 Y107.414 E83.20549
G1 X108.444 Y107.671 E83.24159
G1 X108.019 Y108.019 E83.27813
G1 X107.672 Y108.444 E83.31463
G1 X107.414 Y108.922 E83.35076
G1 X107.254 Y109.455 E83.38778
G1 X107.202 Y110 E83.4242
G1 X107.254 Y110.541 E83.46035
G1 X107.414 Y111.074 E83.49737
G1 X107.672 Y111.552 E83.5335
G1 X108.019 Y111.978 E83.57005
G1 X108.444 Y112.329 E83.60672
G1 X108.921 Y112.582 E83.64263
G1 X109.456 Y112.742 E83.67978
G1 X110 Y112.798 E83.71616
G0 F12000 X110 Y112.488
G0 X110 Y111.999
G0 X110 Y111.687
G1 F1441.7 X109.795 Y111.687 E83.72979
G1 X109.374 Y111.578 E83.75872
G1 X109.02 Y111.387 E83.78548
G1 X108.743 Y111.143 E83.81004
G1 X108.496 Y110.792 E83.83859
G1 X108.352 Y110.414 E83.86549
G1 X108.3 Y109.98 E83.89457
G1 X108.356 Y109.569 E83.92216
G1 X108.495 Y109.205 E83.94808
G1 X108.72 Y108.877 E83.97454
G1 X109.054 Y108.586 E84.00401
G1 X109.418 Y108.402 E84.03114
G1 X109.796 Y108.309 E84.05703
G1 X110.199 Y108.308 E84.08384
G1 X110.622 Y108.418 E84.11291
G1 X110.955 Y108.594 E84.13797
G1 X111.275 Y108.876 E84.16634
G1 X111.501 Y109.206 E84.19295
G1 X111.644 Y109.582 E84.21971
G1 X111.697 Y110 E84.24774
G1 X111.64 Y110.427 E84.27639
G1 X111.502 Y110.79 E84.30222
G1 X111.275 Y111.12 E84.32887
G1 X110.976 Y111.387 E84.35553
G1 X110.618 Y111.579 E84.38256
G1 X110.201 Y111.687 E84.41121
G1 X110 Y111.687 E84.42458
G1 F2700 E79.42458
;MESH:standoff_6h_6od_2id.obj(2)
G0 F12000 X110 Y111.999
G0 X109.308 Y111.827
G0 X108.891 Y111.605
G0 X108.538 Y111.295
G0 X108.27 Y110.905
G0 X108.105 Y110.467
G0 X108.047 Y110.001
G0 X108.105 Y109.532
G0 X108.253 Y109.139
G0 X109.499 Y107.481
G0 X109.274 Y105.202
G0 X108.806 Y105.1
;TYPE:WALL-INNER
G1 F2700 E84.42458
G1 F1647.7 X109.247 Y105.057 E84.45037
G1 F1638.3 X109.753 Y104.901 E84.48137
G1 F1629 X110.131 Y104.689 E84.50688
G1 X110.486 Y104.398 E84.5339
G1 F1647.7 X110.792 Y104.028 E84.56185
G1 F1657.1 X111.019 Y103.602 E84.58979
G1 F1638.3 X111.155 Y103.15 E84.61742
G1 F1629 X111.2 Y102.68 E84.64521
G1 X111.155 Y102.214 E84.67277
G1 F1638.3 X111.018 Y101.758 E84.70065
G1 F1647.7 X110.792 Y101.332 E84.72871
G1 F1643 X110.49 Y100.967 E84.75637
G1 F1629 X110.13 Y100.675 E84.78366
G1 X109.751 Y100.458 E84.80937
G1 F1638.3 X109.247 Y100.304 E84.84022
G1 F1647.7 X108.78 Y100.259 E84.86752
G1 X108.309 Y100.304 E84.89506
G1 F1638.3 X107.856 Y100.444 E84.92282
G1 F1629 X107.435 Y100.669 E84.95092
G1 F1638.3 X107.067 Y100.969 E84.97871
G1 F1647.7 X106.765 Y101.334 E85.00629
G1 F1657.1 X106.542 Y101.756 E85.03391
G1 F1647.7 X106.404 Y102.213 E85.0617
G1 F1629 X106.361 Y102.68 E85.0893
G1 X106.404 Y103.15 E85.11709
G1 F1643 X106.541 Y103.602 E85.14466
G1 F1657.1 X106.765 Y104.024 E85.17231
G1 F1647.7 X107.07 Y104.395 E85.20026
G1 F1638.3 X107.434 Y104.694 E85.22784
G1 F1633.7 X107.854 Y104.917 E85.25575
G1 F1638.3 X108.309 Y105.056 E85.2836
G1 F1647.7 X108.78 Y105.103 E85.31115
G1 X108.806 Y105.1 E85.31268
G0 F12000 X108.802 Y104.752
G1 F1652.4 X108.78 Y104.754 E85.31396
G1 F1657.1 X108.301 Y104.702 E85.34184
G1 F1666.7 X107.877 Y104.545 E85.36786
G1 F1647.7 X107.632 Y104.401 E85.3844
G1 F1638.3 X107.38 Y104.216 E85.4027
G1 F1652.4 X107.057 Y103.836 E85.43165
G1 F1666.7 X106.841 Y103.429 E85.45816
G1 F1676.4 X106.723 Y102.956 E85.48605
G1 X106.718 Y102.431 E85.51608
G1 F1666.7 X106.84 Y101.933 E85.54558
G1 F1657.1 X107.058 Y101.524 E85.57241
G1 F1661.9 X107.374 Y101.148 E85.60075
G1 F1676.4 X107.747 Y100.879 E85.62706
G1 F1657.1 X107.987 Y100.773 E85.64224
G1 F1633.7 X108.307 Y100.657 E85.66222
G1 F1643 X108.78 Y100.609 E85.68997
G1 F1657.1 X109.25 Y100.657 E85.71732
G1 F1676.4 X109.698 Y100.818 E85.74455
G1 F1657.1 X109.931 Y100.966 E85.76052
G1 F1629 X110.185 Y101.153 E85.77909
G1 F1643 X110.499 Y101.523 E85.80742
G1 F1652.4 X110.72 Y101.939 E85.83476
G1 F1657.1 X110.842 Y102.423 E85.86365
G1 F1666.7 X110.837 Y102.96 E85.89455
G1 X110.718 Y103.423 E85.92205
G1 F1657.1 X110.501 Y103.839 E85.94921
G1 F1666.7 X110.181 Y104.214 E85.97757
G1 F1676.4 X109.806 Y104.486 E86.00407
G1 F1657.1 X109.573 Y104.588 E86.01879
G1 F1638.3 X109.259 Y104.702 E86.03835
G1 F1647.7 X108.802 Y104.752 E86.06511
G0 F12000 X108.8 Y104.38
;TYPE:WALL-OUTER
G1 F1441.7 X108.361 Y104.328 E86.09451
G1 X108.009 Y104.196 E86.11952
G1 X107.656 Y103.959 E86.1478
G1 X107.374 Y103.638 E86.17623
G1 X107.184 Y103.271 E86.20372
G1 X107.092 Y102.884 E86.23018
G1 X107.092 Y102.48 E86.25705
G1 X107.184 Y102.089 E86.28377
G1 X107.374 Y101.724 E86.31114
G1 X107.656 Y101.401 E86.33967
G1 X107.985 Y101.179 E86.36607
G1 X108.361 Y101.032 E86.39292
G1 X108.78 Y100.984 E86.42098
G1 X109.195 Y101.032 E86.44877
G1 X109.571 Y101.175 E86.47553
G1 X109.899 Y101.404 E86.50214
G1 X110.185 Y101.724 E86.53069
G1 X110.375 Y102.099 E86.55865
G1 X110.469 Y102.5 E86.58605
G1 X110.468 Y102.883 E86.61153
G1 X110.372 Y103.271 E86.63811
G1 X110.172 Y103.659 E86.66715
G1 X109.9 Y103.959 E86.69409
G1 X109.548 Y104.196 E86.72232
G1 X109.199 Y104.328 E86.74714
G1 X108.8 Y104.38 E86.7739
G0 F12000 X108.837 Y104.69
G0 X108.781 Y105.171
G0 X108.81 Y105.476
G1 F1441.7 X109.32 Y105.426 E86.80799
G1 X109.847 Y105.266 E86.84463
G1 X110.34 Y105.004 E86.88177
G1 X110.753 Y104.665 E86.91731
G1 X111.104 Y104.236 E86.95418
G1 X111.366 Y103.746 E86.99114
G1 X111.526 Y103.224 E87.02746
G1 X111.579 Y102.68 E87.06382
G1 X111.526 Y102.14 E87.09991
G1 X111.366 Y101.614 E87.13648
G1 X111.104 Y101.124 E87.17345
G1 X110.757 Y100.699 E87.20994
G1 X110.34 Y100.36 E87.24569
G1 X109.846 Y100.094 E87.28301
G1 X109.32 Y99.934 E87.31959
G1 X108.78 Y99.882 E87.35567
G1 X108.236 Y99.934 E87.39203
G1 X107.71 Y100.094 E87.4286
G1 X107.224 Y100.355 E87.46529
G1 X106.802 Y100.703 E87.50168
G1 X106.452 Y101.124 E87.5381
G1 X106.194 Y101.613 E87.57488
G1 X106.034 Y102.14 E87.61151
G1 X105.982 Y102.68 E87.6476
G1 X106.033 Y103.224 E87.68395
G1 X106.194 Y103.746 E87.72028
G1 X106.452 Y104.232 E87.75689
G1 X106.803 Y104.662 E87.79381
G1 X107.224 Y105.008 E87.83006
G1 X107.709 Y105.266 E87.8666
G1 X108.236 Y105.426 E87.90324
G1 X108.78 Y105.479 E87.9396
G1 X108.81 Y105.476 E87.9416
G1 F2700 E82.9416
;MESH:standoff_6h_6od_2id.obj(3)
G0 F12000 X108.781 Y105.171
G0 X109.282 Y105.202
G0 X109.389 Y106.29
G0 X110.714 Y106.403
G0 X111.403 Y106.612
G0 X112.038 Y106.951
G0 X112.593 Y107.407
G0 X113.049 Y107.962
G0 X113.388 Y108.597
G0 X113.597 Y109.286
G0 X113.668 Y110
G0 X113.597 Y110.714
G0 X113.388 Y111.403
G0 X113.049 Y112.038
G0 X112.593 Y112.593
G0 X112.038 Y113.049
G0 X110.611 Y113.71
G0 X111.194 Y119.388
;TYPE:WALL-INNER
G1 F2700 E87.9416
G1 F1661.9 X110.741 Y119.338 E87.9679
G1 F1666.7 X110.317 Y119.181 E87.99392
G1 F1647.7 X110.066 Y119.033 E88.01088
G1 X109.815 Y118.849 E88.02899
G1 F1661.9 X109.495 Y118.473 E88.05748
G1 F1652.4 X109.279 Y118.061 E88.08448
G1 F1657.1 X109.162 Y117.614 E88.11122
G1 F1647.7 X109.151 Y117.316 E88.12858
G1 X109.162 Y117.014 E88.14617
G1 F1657.1 X109.28 Y116.57 E88.17276
G1 X109.495 Y116.158 E88.19965
G1 F1666.7 X109.812 Y115.784 E88.22786
G1 F1676.4 X110.189 Y115.51 E88.25452
G1 F1652.4 X110.422 Y115.408 E88.26929
G1 F1633.7 X110.747 Y115.294 E88.2895
G1 F1647.7 X111.216 Y115.242 E88.31697
G1 X111.692 Y115.294 E88.34484
G1 F1638.3 X112.011 Y115.407 E88.36465
G1 F1661.9 X112.254 Y115.514 E88.37997
G1 F1681.3 X112.625 Y115.788 E88.40628
G1 F1671.5 X112.942 Y116.159 E88.43428
G1 F1657.1 X113.155 Y116.569 E88.46102
G1 X113.274 Y117.016 E88.48779
G1 F1647.7 X113.284 Y117.316 E88.50526
G1 F1652.4 X113.264 Y117.641 E88.52416
G1 F1666.7 X113.157 Y118.062 E88.54915
G1 F1661.9 X112.94 Y118.474 E88.57602
G1 F1666.7 X112.623 Y118.848 E88.60423
G1 F1676.4 X112.242 Y119.123 E88.63111
G1 F1657.1 X112.011 Y119.225 E88.64573
G1 F1638.3 X111.692 Y119.339 E88.66556
G1 F1647.7 X111.216 Y119.39 E88.69342
G1 F1657.1 X111.194 Y119.388 E88.6947
G0 F12000 X111.19 Y119.736
G1 F1647.7 X111.216 Y119.739 E88.69622
G1 X111.687 Y119.692 E88.72377
G1 F1638.3 X112.141 Y119.554 E88.75155
G1 F1633.7 X112.562 Y119.327 E88.77963
G1 F1638.3 X112.931 Y119.026 E88.8075
G1 F1647.7 X113.231 Y118.664 E88.83487
G1 F1657.1 X113.454 Y118.243 E88.86244
G1 F1647.7 X113.592 Y117.787 E88.89017
G1 F1638.3 X113.637 Y117.316 E88.91787
G1 X113.592 Y116.846 E88.94551
G1 F1647.7 X113.456 Y116.393 E88.97304
G1 F1657.1 X113.232 Y115.971 E89.00069
G1 X112.927 Y115.601 E89.02844
G1 F1638.3 X112.562 Y115.306 E89.05591
G1 X112.141 Y115.079 E89.08391
G1 X111.687 Y114.94 E89.1117
G1 F1647.7 X111.216 Y114.893 E89.13925
G1 X110.749 Y114.94 E89.16657
G1 F1633.7 X110.243 Y115.095 E89.19764
G1 F1629 X109.865 Y115.307 E89.22315
G1 X109.511 Y115.597 E89.25009
G1 F1652.4 X109.205 Y115.97 E89.27809
G1 F1661.9 X108.981 Y116.394 E89.30577
G1 F1647.7 X108.843 Y116.847 E89.33333
G1 F1633.7 X108.797 Y117.316 E89.36099
G1 F1629 X108.829 Y117.735 E89.38573
G1 F1643 X108.981 Y118.244 E89.41674
G1 F1657.1 X109.204 Y118.663 E89.44421
G1 F1647.7 X109.51 Y119.031 E89.47207
G1 F1638.3 X109.867 Y119.326 E89.49918
G1 F1633.7 X110.294 Y119.553 E89.52756
G1 F1638.3 X110.749 Y119.692 E89.55541
G1 F1647.7 X111.19 Y119.736 E89.58121
G0 F12000 X111.186 Y120.112
;TYPE:WALL-OUTER
G1 F1441.7 X111.216 Y120.115 E89.58322
G1 X111.76 Y120.062 E89.61957
G1 X112.286 Y119.902 E89.65615
G1 X112.772 Y119.641 E89.69284
G1 X113.198 Y119.293 E89.72943
G1 X113.544 Y118.872 E89.76568
G1 X113.802 Y118.387 E89.80223
G1 X113.962 Y117.86 E89.83886
G1 X114.015 Y117.316 E89.87522
G1 X113.962 Y116.772 E89.91158
G1 X113.802 Y116.249 E89.94796
G1 X113.544 Y115.764 E89.9845
G1 X113.194 Y115.335 E90.02133
G1 X112.772 Y114.992 E90.05751
G1 X112.286 Y114.73 E90.09424
G1 X111.76 Y114.57 E90.13081
G1 X111.216 Y114.517 E90.16717
G1 X110.676 Y114.57 E90.20326
G1 X110.149 Y114.73 E90.2399
G1 X109.656 Y114.992 E90.27703
G1 X109.243 Y115.33 E90.31253
G1 X108.892 Y115.763 E90.34961
G1 X108.634 Y116.25 E90.38627
G1 X108.473 Y116.772 E90.42261
G1 X108.418 Y117.316 E90.45898
G1 X108.474 Y117.86 E90.49536
G1 X108.634 Y118.387 E90.532
G1 X108.892 Y118.872 E90.56854
G1 X109.243 Y119.298 E90.60526
G1 X109.657 Y119.64 E90.64098
G1 X110.149 Y119.902 E90.67806
G1 X110.676 Y120.062 E90.71469
G1 X111.186 Y120.112 E90.74878
G0 F12000 X111.216 Y119.805
G0 X111.16 Y119.323
G0 X111.196 Y119.016
G1 F1441.7 X110.801 Y118.964 E90.77528
G1 X110.449 Y118.832 E90.80029
G1 X110.096 Y118.595 E90.82857
G1 X109.825 Y118.292 E90.85562
G1 X109.621 Y117.897 E90.88519
G1 X109.529 Y117.517 E90.9112
G1 X109.533 Y117.087 E90.9398
G1 X109.624 Y116.725 E90.96463
G1 X109.81 Y116.357 E90.99206
G1 X110.097 Y116.037 E91.02065
G1 X110.426 Y115.811 E91.0472
G1 X110.801 Y115.668 E91.0739
G1 X111.216 Y115.616 E91.10172
G1 X111.635 Y115.668 E91.12981
G1 X112.011 Y115.811 E91.15657
G1 X112.338 Y116.036 E91.18297
G1 X112.626 Y116.357 E91.21166
G1 X112.812 Y116.725 E91.23909
G1 X112.907 Y117.112 E91.2656
G1 X112.903 Y117.55 E91.29473
G1 X112.812 Y117.907 E91.31924
G1 X112.607 Y118.297 E91.34855
G1 X112.339 Y118.595 E91.37521
G1 X112.012 Y118.821 E91.40165
G1 X111.635 Y118.964 E91.42847
G1 X111.196 Y119.016 E91.45788
G1 F2700 E86.45788
;MESH:NONMESH
G0 F300 Z3
G0 F12000 X111.16 Y119.323
G0 X110.312 Y119.046
G0 X109.924 Y118.777
G0 X109.614 Y118.426
G0 X109.489 Y118.189
G0 X108.848 Y116.331
G0 X107.883 Y115.817
G0 X104.808 Y111.757
G0 X102.818 Y110.836
;TIME_ELAPSED:109.230839
;LAYER:7
;note -- min layer time used
;TYPE:WALL-INNER
;MESH:standoff_6h_6od_2id.obj(1)
G1 F2700 E91.45788
G1 F1652.4 X102.68 Y110.851 E91.46594
G1 F1647.7 X102.207 Y110.798 E91.49364
G1 F1657.1 X101.771 Y110.643 E91.52042
G1 F1647.7 X101.534 Y110.495 E91.53668
G1 F1633.7 X101.287 Y110.315 E91.55462
G1 F1652.4 X100.958 Y109.933 E91.58388
G1 F1657.1 X100.741 Y109.523 E91.61073
G1 X100.618 Y109.037 E91.63974
G1 F1671.5 X100.623 Y108.5 E91.67055
G1 F1666.7 X100.745 Y108.027 E91.69866
G1 F1661.9 X100.959 Y107.621 E91.72515
G1 F1666.7 X101.289 Y107.239 E91.75419
G1 X101.72 Y106.938 E91.78444
G1 F1661.9 X102.208 Y106.758 E91.81446
G1 F1657.1 X102.68 Y106.706 E91.84194
G1 X103.159 Y106.758 E91.86982
G1 F1661.9 X103.65 Y106.94 E91.90004
G1 F1666.7 X104.076 Y107.239 E91.92999
G1 F1657.1 X104.403 Y107.622 E91.95913
G1 X104.619 Y108.026 E91.98564
G1 F1666.7 X104.744 Y108.515 E92.01468
G1 F1676.4 X104.744 Y109.041 E92.04478
G1 F1666.7 X104.619 Y109.53 E92.07382
G1 F1661.9 X104.404 Y109.935 E92.10028
G1 F1647.7 X104.076 Y110.315 E92.1295
G1 F1638.3 X103.835 Y110.492 E92.147
G1 F1657.1 X103.599 Y110.64 E92.16312
G1 F1671.5 X103.158 Y110.798 E92.19
G1 F1661.9 X102.818 Y110.836 E92.20974
G0 F12000 X102.841 Y111.185
G1 F1647.7 X103.149 Y111.153 E92.22776
G1 F1638.3 X103.66 Y110.996 E92.25906
G1 F1629 X104.033 Y110.785 E92.28429
G1 F1638.3 X104.387 Y110.495 E92.31107
G1 F1647.7 X104.696 Y110.123 E92.33922
G1 F1657.1 X104.919 Y109.703 E92.36674
G1 F1647.7 X105.056 Y109.247 E92.39445
G1 F1638.3 X105.1 Y108.78 E92.42191
G1 X105.056 Y108.309 E92.4496
G1 F1647.7 X104.919 Y107.853 E92.47732
G1 F1652.4 X104.696 Y107.433 E92.50492
G1 F1647.7 X104.391 Y107.065 E92.53274
G1 F1633.7 X104.033 Y106.77 E92.55997
G1 F1629 X103.606 Y106.544 E92.58841
G1 F1638.3 X103.151 Y106.404 E92.61628
G1 F1647.7 X102.68 Y106.357 E92.64383
G1 X102.213 Y106.404 E92.67115
G1 F1638.3 X101.757 Y106.544 E92.69907
G1 F1629 X101.333 Y106.767 E92.72727
G1 X100.971 Y107.064 E92.75484
G1 F1647.7 X100.667 Y107.432 E92.78262
G1 F1652.4 X100.441 Y107.855 E92.81046
G1 F1638.3 X100.305 Y108.309 E92.8382
G1 F1629 X100.261 Y108.78 E92.86605
G1 X100.305 Y109.246 E92.8936
G1 F1638.3 X100.441 Y109.701 E92.9214
G1 F1657.1 X100.666 Y110.122 E92.94903
G1 F1652.4 X100.973 Y110.491 E92.97689
G1 F1633.7 X101.334 Y110.789 E93.00437
G1 F1629 X101.7 Y110.993 E93.02904
G1 F1638.3 X102.215 Y111.153 E93.0606
G1 F1643 X102.68 Y111.202 E93.0879
G1 F1647.7 X102.841 Y111.185 E93.09732
G0 F12000 X102.866 Y111.56
;TYPE:WALL-OUTER
G1 F1441.7 X103.224 Y111.522 E93.12127
G1 X103.751 Y111.362 E93.1579
G1 X104.244 Y111.1 E93.19504
G1 X104.653 Y110.762 E93.23034
G1 X105.008 Y110.332 E93.26743
G1 X105.266 Y109.847 E93.30397
G1 X105.426 Y109.32 E93.34061
G1 X105.478 Y108.78 E93.3767
G1 X105.426 Y108.236 E93.41305
G1 X105.266 Y107.709 E93.44968
G1 X105.009 Y107.224 E93.4862
G1 X104.657 Y106.798 E93.52296
G1 X104.244 Y106.455 E93.55867
G1 X103.751 Y106.194 E93.59577
G1 X103.224 Y106.034 E93.63241
G1 X102.68 Y105.981 E93.66877
G1 X102.14 Y106.034 E93.70486
G1 X101.613 Y106.194 E93.7415
G1 X101.124 Y106.452 E93.77828
G1 X100.703 Y106.798 E93.81453
G1 X100.356 Y107.224 E93.85108
G1 X100.094 Y107.71 E93.8878
G1 X99.934 Y108.236 E93.92438
G1 X99.882 Y108.78 E93.96073
G1 X99.934 Y109.32 E93.99681
G1 X100.094 Y109.846 E94.03339
G1 X100.355 Y110.331 E94.07002
G1 X100.707 Y110.758 E94.10684
G1 X101.124 Y111.104 E94.14288
G1 X101.613 Y111.361 E94.17963
G1 X102.14 Y111.522 E94.21628
G1 X102.68 Y111.579 E94.2524
G1 X102.866 Y111.56 E94.26484
G0 F12000 X102.837 Y111.252
G0 X102.832 Y110.776
G0 X102.794 Y110.462
G1 F1441.7 X102.68 Y110.476 E94.27248
G1 X102.265 Y110.424 E94.3003
G1 X101.89 Y110.282 E94.32698
G1 X101.56 Y110.054 E94.35366
G1 X101.274 Y109.735 E94.38216
G1 X101.085 Y109.361 E94.41003
G1 X100.992 Y108.98 E94.43612
G1 X100.992 Y108.577 E94.46293
G1 X101.088 Y108.189 E94.48952
G1 X101.274 Y107.821 E94.51695
G1 X101.56 Y107.501 E94.54549
G1 X101.89 Y107.275 E94.5721
G1 X102.265 Y107.132 E94.5988
G1 X102.68 Y107.08 E94.62662
G1 X103.099 Y107.132 E94.65471
G1 X103.494 Y107.286 E94.68291
G1 X103.804 Y107.501 E94.708
G1 X104.086 Y107.821 E94.73638
G1 X104.279 Y108.195 E94.76437
G1 X104.371 Y108.576 E94.79044
G1 X104.367 Y109.009 E94.81925
G1 X104.276 Y109.371 E94.84408
G1 X104.086 Y109.738 E94.87157
G1 X103.804 Y110.055 E94.89979
G1 X103.474 Y110.281 E94.9264
G1 X103.099 Y110.424 E94.95309
G1 X102.794 Y110.462 E94.97354
G1 F2700 E89.97354
;MESH:standoff_6h_6od_2id.obj
G0 F12000 X102.832 Y110.776
G0 X104.498 Y110.596
G0 X105.344 Y111.289
G0 X106.581 Y111.303
G0 X110 Y112.065
;TYPE:WALL-INNER
G1 F2700 E94.97354
G1 F1666.7 X109.771 Y112.074 E94.98673
G1 F1657.1 X109.243 Y111.933 E95.01835
G1 F1647.7 X108.844 Y111.72 E95.04468
G1 F1643 X108.461 Y111.394 E95.07404
G1 F1647.7 X108.157 Y110.975 E95.10417
G1 X107.978 Y110.475 E95.13508
G1 X107.926 Y110 E95.16289
G1 X107.978 Y109.521 E95.19094
G1 X108.154 Y109.025 E95.22157
G1 F1657.1 X108.461 Y108.602 E95.25182
G1 X108.842 Y108.277 E95.2808
G1 F1647.7 X109.248 Y108.061 E95.30757
G1 F1657.1 X109.706 Y107.94 E95.33498
G1 F1666.7 X110.29 Y107.94 E95.36859
G1 F1657.1 X110.753 Y108.064 E95.39633
G1 F1647.7 X111.154 Y108.277 E95.42276
G1 X111.529 Y108.597 E95.45145
G1 F1629 X111.719 Y108.854 E95.47026
G1 F1638.3 X111.861 Y109.083 E95.48604
G1 F1647.7 X112.019 Y109.524 E95.5133
G1 X112.071 Y110 E95.54117
G1 F1657.1 X112.02 Y110.469 E95.56848
G1 F1671.5 X111.861 Y110.918 E95.5958
G1 F1647.7 X111.719 Y111.141 E95.61119
G1 F1629 X111.536 Y111.393 E95.62953
G1 F1643 X111.153 Y111.721 E95.65896
G1 F1647.7 X110.752 Y111.934 E95.68539
G1 F1652.4 X110.299 Y112.054 E95.71259
G1 F1666.7 X110 Y112.065 E95.7298
G0 F12000 X110 Y112.419
G1 F1629 X110.42 Y112.387 E95.7546
G1 F1638.3 X110.931 Y112.233 E95.78584
G1 F1647.7 X111.342 Y112.015 E95.81292
G1 F1638.3 X111.71 Y111.71 E95.8409
G1 F1629 X112.013 Y111.341 E95.86901
G1 X112.231 Y110.931 E95.89635
G1 F1638.3 X112.373 Y110.466 E95.92481
G1 F1647.7 X112.422 Y110 E95.95208
G1 X112.373 Y109.53 E95.97959
G1 F1629 X112.232 Y109.065 E96.00819
G1 F1619.9 X112.013 Y108.655 E96.03571
G1 F1629 X111.711 Y108.287 E96.06374
G1 F1647.7 X111.343 Y107.983 E96.09152
G1 X110.93 Y107.763 E96.11876
G1 X110.468 Y107.624 E96.14684
G1 F1638.3 X110 Y107.58 E96.17435
G1 X109.528 Y107.624 E96.2021
G1 F1643 X109.066 Y107.763 E96.23026
G1 F1647.7 X108.653 Y107.983 E96.2575
G1 X108.286 Y108.286 E96.2852
G1 F1638.3 X107.986 Y108.655 E96.31304
G1 F1629 X107.764 Y109.067 E96.34059
G1 F1638.3 X107.624 Y109.528 E96.3688
G1 F1647.7 X107.578 Y110 E96.3964
G1 X107.624 Y110.468 E96.42377
G1 F1629 X107.763 Y110.929 E96.45212
G1 X107.987 Y111.341 E96.47972
G1 X108.252 Y111.683 E96.50519
G1 F1638.3 X108.653 Y112.015 E96.53567
G1 F1643 X109.064 Y112.234 E96.56285
G1 X109.53 Y112.373 E96.59124
G1 F1638.3 X110 Y112.419 E96.61888
G0 F12000 X110 Y112.798
;TYPE:WALL-OUTER
G1 F1441.7 X110.54 Y112.743 E96.65499
G1 X111.075 Y112.582 E96.69215
G1 X111.552 Y112.328 E96.7281
G1 X111.977 Y111.977 E96.76477
G1 X112.328 Y111.552 E96.80143
G1 X112.582 Y111.075 E96.83738
G1 X112.742 Y110.54 E96.87453
G1 X112.798 Y110 E96.91064
G1 X112.743 Y109.456 E96.94701
G1 X112.582 Y108.921 E96.98418
G1 X112.329 Y108.444 E97.0201
G1 X111.978 Y108.019 E97.05676
G1 X111.552 Y107.671 E97.09335
G1 X111.074 Y107.414 E97.12945
G1 X110.541 Y107.254 E97.16647
G1 X110 Y107.202 E97.20263
G1 X109.455 Y107.254 E97.23904
G1 X108.922 Y107.414 E97.27606
G1 X108.444 Y107.671 E97.31216
G1 X108.019 Y108.019 E97.3487
G1 X107.672 Y108.444 E97.3852
G1 X107.414 Y108.922 E97.42133
G1 X107.254 Y109.455 E97.45835
G1 X107.202 Y110 E97.49477
G1 X107.254 Y110.541 E97.53092
G1 X107.414 Y111.074 E97.56794
G1 X107.672 Y111.552 E97.60407
G1 X108.019 Y111.978 E97.64062
G1 X108.444 Y112.329 E97.67729
G1 X108.921 Y112.582 E97.71321
G1 X109.456 Y112.742 E97.75035
G1 X110 Y112.798 E97.78673
G0 F12000 X110 Y112.488
G0 X110 Y111.999
G0 X110 Y111.687
G1 F1441.7 X109.795 Y111.687 E97.80037
G1 X109.374 Y111.578 E97.8293
G1 X109.02 Y111.387 E97.85605
G1 X108.743 Y111.143 E97.88061
G1 X108.496 Y110.792 E97.90916
G1 X108.352 Y110.414 E97.93607
G1 X108.3 Y109.98 E97.96514
G1 X108.356 Y109.569 E97.99273
G1 X108.495 Y109.205 E98.01865
G1 X108.72 Y108.877 E98.04511
G1 X109.054 Y108.586 E98.07458
G1 X109.418 Y108.402 E98.10171
G1 X109.796 Y108.309 E98.12761
G1 X110.199 Y108.308 E98.15441
G1 X110.622 Y108.418 E98.18349
G1 X110.955 Y108.594 E98.20854
G1 X111.275 Y108.876 E98.23691
G1 X111.501 Y109.206 E98.26352
G1 X111.644 Y109.582 E98.29028
G1 X111.697 Y110 E98.31831
G1 X111.64 Y110.427 E98.34696
G1 X111.502 Y110.79 E98.3728
G1 X111.275 Y111.12 E98.39944
G1 X110.976 Y111.387 E98.42611
G1 X110.618 Y111.579 E98.45313
G1 X110.201 Y111.687 E98.48178
G1 X110 Y111.687 E98.49515
G1 F2700 E93.49515
;MESH:standoff_6h_6od_2id.obj(2)
G0 F12000 X110 Y111.999
G0 X109.308 Y111.827
G0 X108.891 Y111.605
G0 X108.538 Y111.295
G0 X108.27 Y110.905
G0 X108.105 Y110.467
G0 X108.047 Y110.001
G0 X108.105 Y109.532
G0 X108.253 Y109.139
G0 X109.499 Y107.481
G0 X109.274 Y105.202
G0 X108.806 Y105.1
;TYPE:WALL-INNER
G1 F2700 E98.49515
G1 F1647.7 X109.247 Y105.057 E98.52094
G1 F1638.3 X109.753 Y104.901 E98.55194
G1 F1629 X110.131 Y104.689 E98.57745
G1 X110.486 Y104.398 E98.60448
G1 F1647.7 X110.792 Y104.028 E98.63242
G1 F1657.1 X111.019 Y103.602 E98.66036
G1 F1638.3 X111.155 Y103.15 E98.68799
G1 F1629 X111.2 Y102.68 E98.71579
G1 X111.155 Y102.214 E98.74335
G1 F1638.3 X111.018 Y101.758 E98.77122
G1 F1647.7 X110.792 Y101.332 E98.79929
G1 F1643 X110.49 Y100.967 E98.82694
G1 F1629 X110.13 Y100.675 E98.85423
G1 X109.751 Y100.458 E98.87994
G1 F1638.3 X109.247 Y100.304 E98.91079
G1 F1647.7 X108.78 Y100.259 E98.9381
G1 X108.309 Y100.304 E98.96564
G1 F1638.3 X107.856 Y100.444 E98.99339
G1 F1629 X107.435 Y100.669 E99.02149
G1 F1638.3 X107.067 Y100.969 E99.04929
G1 F1647.7 X106.765 Y101.334 E99.07686
G1 F1657.1 X106.542 Y101.756 E99.10448
G1 F1647.7 X106.404 Y102.213 E99.13227
G1 F1629 X106.361 Y102.68 E99.15988
G1 X106.404 Y103.15 E99.18766
G1 F1643 X106.541 Y103.602 E99.21523
G1 F1657.1 X106.765 Y104.024 E99.24288
G1 F1647.7 X107.07 Y104.395 E99.27084
G1 F1638.3 X107.434 Y104.694 E99.29841
G1 F1633.7 X107.854 Y104.917 E99.32633
G1 F1638.3 X108.309 Y105.056 E99.35418
G1 F1647.7 X108.78 Y105.103 E99.38173
G1 X108.806 Y105.1 E99.38325
G0 F12000 X108.802 Y104.752
G1 F1652.4 X108.78 Y104.754 E99.38453
G1 F1657.1 X108.301 Y104.702 E99.41242
G1 F1666.7 X107.877 Y104.545 E99.43843
G1 F1647.7 X107.632 Y104.401 E99.45497
G1 F1638.3 X107.38 Y104.216 E99.47327
G1 F1652.4 X107.057 Y103.836 E99.50222
G1 F1666.7 X106.841 Y103.429 E99.52873
G1 F1676.4 X106.723 Y102.956 E99.55662
G1 X106.718 Y102.431 E99.58666
G1 F1666.7 X106.84 Y101.933 E99.61616
G1 F1657.1 X107.058 Y101.524 E99.64298
G1 F1661.9 X107.374 Y101.148 E99.67132
G1 F1676.4 X107.747 Y100.879 E99.69763
G1 F1657.1 X107.987 Y100.773 E99.71281
G1 F1633.7 X108.307 Y100.657 E99.7328
G1 F1643 X108.78 Y100.609 E99.76055
G1 F1657.1 X109.25 Y100.657 E99.78789
G1 F1676.4 X109.698 Y100.818 E99.81512
G1 F1657.1 X109.931 Y100.966 E99.8311
G1 F1629 X110.185 Y101.153 E99.84967
G1 F1643 X110.499 Y101.523 E99.87799
G1 F1652.4 X110.72 Y101.939 E99.90533
G1 F1657.1 X110.842 Y102.423 E99.93422
G1 F1666.7 X110.837 Y102.96 E99.96512
G1 X110.718 Y103.423 E99.99263
G1 F1657.1 X110.501 Y103.839 E100.01978
G1 F1666.7 X110.181 Y104.214 E100.04815
G1 F1676.4 X109.806 Y104.486 E100.07465
G1 F1657.1 X109.573 Y104.588 E100.08937
G1 F1638.3 X109.259 Y104.702 E100.10892
G1 F1647.7 X108.802 Y104.752 E100.13568
G0 F12000 X108.8 Y104.38
;TYPE:WALL-OUTER
G1 F1441.7 X108.361 Y104.328 E100.16509
G1 X108.009 Y104.196 E100.19009
G1 X107.656 Y103.959 E100.21838
G1 X107.374 Y103.638 E100.2468
G1 X107.184 Y103.271 E100.27429
G1 X107.092 Y102.884 E100.30075
G1 X107.092 Y102.48 E100.32763
G1 X107.184 Y102.089 E100.35435
G1 X107.374 Y101.724 E100.38172
G1 X107.656 Y101.401 E100.41024
G1 X107.985 Y101.179 E100.43664
G1 X108.361 Y101.032 E100.4635
G1 X108.78 Y100.984 E100.49155
G1 X109.195 Y101.032 E100.51934
G1 X109.571 Y101.175 E100.5461
G1 X109.899 Y101.404 E100.57271
G1 X110.185 Y101.724 E100.60126
G1 X110.375 Y102.099 E100.62922
G1 X110.469 Y102.5 E100.65662
G1 X110.468 Y102.883 E100.6821
G1 X110.372 Y103.271 E100.70869
G1 X110.172 Y103.659 E100.73772
G1 X109.9 Y103.959 E100.76466
G1 X109.548 Y104.196 E100.79289
G1 X109.199 Y104.328 E100.81771
G1 X108.8 Y104.38 E100.84448
G0 F12000 X108.837 Y104.69
G0 X108.781 Y105.171
G0 X108.81 Y105.476
G1 F1441.7 X109.32 Y105.426 E100.87856
G1 X109.847 Y105.266 E100.9152
G1 X110.34 Y105.004 E100.95234
G1 X110.753 Y104.665 E100.98788
G1 X111.104 Y104.236 E101.02475
G1 X111.366 Y103.746 E101.06172
G1 X111.526 Y103.224 E101.09803
G1 X111.579 Y102.68 E101.13439
G1 X111.526 Y102.14 E101.17049
G1 X111.366 Y101.614 E101.20706
G1 X111.104 Y101.124 E101.24402
G1 X110.757 Y100.699 E101.28052
G1 X110.34 Y100.36 E101.31627
G1 X109.846 Y100.094 E101.35359
G1 X109.32 Y99.934 E101.39016
G1 X108.78 Y99.882 E101.42625
G1 X108.236 Y99.934 E101.4626
G1 X107.71 Y100.094 E101.49917
G1 X107.224 Y100.355 E101.53587
G1 X106.802 Y100.703 E101.57225
G1 X106.452 Y101.124 E101.60867
G1 X106.194 Y101.613 E101.64545
G1 X106.034 Y102.14 E101.68209
G1 X105.982 Y102.68 E101.71817
G1 X106.033 Y103.224 E101.75452
G1 X106.194 Y103.746 E101.79086
G1 X106.452 Y104.232 E101.82746
G1 X106.803 Y104.662 E101.86438
G1 X107.224 Y105.008 E101.90063
G1 X107.709 Y105.266 E101.93717
G1 X108.236 Y105.426 E101.97381
G1 X108.78 Y105.479 E102.01017
G1 X108.81 Y105.476 E102.01217
G1 F2700 E97.01217
;MESH:standoff_6h_6od_2id.obj(3)
G0 F12000 X108.781 Y105.171
G0 X109.282 Y105.202
G0 X109.389 Y106.29
G0 X110.714 Y106.403
G0 X111.403 Y106.612
G0 X112.038 Y106.951
G0 X112.593 Y107.407
G0 X113.049 Y107.962
G0 X113.388 Y108.597
G0 X113.597 Y109.286
G0 X113.668 Y110
G0 X113.597 Y110.714
G0 X113.388 Y111.403
G0 X113.049 Y112.038
G0 X112.593 Y112.593
G0 X112.038 Y113.049
G0 X110.611 Y113.71
G0 X111.194 Y119.388
;TYPE:WALL-INNER
G1 F2700 E102.01217
G1 F1661.9 X110.741 Y119.338 E102.03847
G1 F1666.7 X110.317 Y119.181 E102.06449
G1 F1647.7 X110.066 Y119.033 E102.08145
G1 X109.815 Y118.849 E102.09957
G1 F1661.9 X109.495 Y118.473 E102.12806
G1 F1652.4 X109.279 Y118.061 E102.15506
G1 F1657.1 X109.162 Y117.614 E102.1818
G1 F1647.7 X109.151 Y117.316 E102.19915
G1 X109.162 Y117.014 E102.21674
G1 F1657.1 X109.28 Y116.57 E102.24333
G1 X109.495 Y116.158 E102.27023
G1 F1666.7 X109.812 Y115.784 E102.29844
G1 F1676.4 X110.189 Y115.51 E102.3251
G1 F1652.4 X110.422 Y115.408 E102.33986
G1 F1633.7 X110.747 Y115.294 E102.36008
G1 F1647.7 X111.216 Y115.242 E102.38754
G1 X111.692 Y115.294 E102.41541
G1 F1638.3 X112.011 Y115.407 E102.43522
G1 F1661.9 X112.254 Y115.514 E102.45055
G1 F1681.3 X112.625 Y115.788 E102.47685
G1 F1671.5 X112.942 Y116.159 E102.50485
G1 F1657.1 X113.155 Y116.569 E102.53159
G1 X113.274 Y117.016 E102.55836
G1 F1647.7 X113.284 Y117.316 E102.57583
G1 F1652.4 X113.264 Y117.641 E102.59473
G1 F1666.7 X113.157 Y118.062 E102.61972
G1 F1661.9 X112.94 Y118.474 E102.6466
G1 F1666.7 X112.623 Y118.848 E102.67481
G1 F1676.4 X112.242 Y119.123 E102.70169
G1 F1657.1 X112.011 Y119.225 E102.7163
G1 F1638.3 X111.692 Y119.339 E102.73613
G1 F1647.7 X111.216 Y119.39 E102.76399
G1 F1657.1 X111.194 Y119.388 E102.76527
G0 F12000 X111.19 Y119.736
G1 F1647.7 X111.216 Y119.739 E102.7668
G1 X111.687 Y119.692 E102.79435
G1 F1638.3 X112.141 Y119.554 E102.82212
G1 F1633.7 X112.562 Y119.327 E102.8502
G1 F1638.3 X112.931 Y119.026 E102.87808
G1 F1647.7 X113.231 Y118.664 E102.90544
G1 F1657.1 X113.454 Y118.243 E102.93301
G1 F1647.7 X113.592 Y117.787 E102.96074
G1 F1638.3 X113.637 Y117.316 E102.98844
G1 X113.592 Y116.846 E103.01608
G1 F1647.7 X113.456 Y116.393 E103.04361
G1 F1657.1 X113.232 Y115.971 E103.07126
G1 X112.927 Y115.601 E103.09901
G1 F1638.3 X112.562 Y115.306 E103.12648
G1 X112.141 Y115.079 E103.15448
G1 X111.687 Y114.94 E103.18227
G1 F1647.7 X111.216 Y114.893 E103.20983
G1 X110.749 Y114.94 E103.23714
G1 F1633.7 X110.243 Y115.095 E103.26821
G1 F1629 X109.865 Y115.307 E103.29373
G1 X109.511 Y115.597 E103.32067
G1 F1652.4 X109.205 Y115.97 E103.34867
G1 F1661.9 X108.981 Y116.394 E103.37634
G1 F1647.7 X108.843 Y116.847 E103.4039
G1 F1633.7 X108.797 Y117.316 E103.43157
G1 X108.844 Y117.785 E103.45924
G1 F1647.7 X108.981 Y118.244 E103.48712
G1 F1657.1 X109.204 Y118.663 E103.51459
G1 F1647.7 X109.51 Y119.031 E103.54244
G1 F1638.3 X109.867 Y119.326 E103.56955
G1 F1633.7 X110.294 Y119.553 E103.59794
G1 F1638.3 X110.749 Y119.692 E103.62579
G1 F1647.7 X111.19 Y119.736 E103.65159
G0 F12000 X111.186 Y120.112
;TYPE:WALL-OUTER
G1 F1441.7 X111.216 Y120.115 E103.65359
G1 X111.76 Y120.062 E103.68995
G1 X112.286 Y119.902 E103.72652
G1 X112.772 Y119.641 E103.76322
G1 X113.198 Y119.293 E103.79981
G1 X113.544 Y118.872 E103.83606
G1 X113.802 Y118.387 E103.8726
G1 X113.962 Y117.86 E103.90924
G1 X114.015 Y117.316 E103.9456
G1 X113.962 Y116.772 E103.98196
G1 X113.802 Y116.249 E104.01834
G1 X113.544 Y115.764 E104.05488
G1 X113.194 Y115.335 E104.09171
G1 X112.772 Y114.992 E104.12789
G1 X112.286 Y114.73 E104.16461
G1 X111.76 Y114.57 E104.20119
G1 X111.216 Y114.517 E104.23754
G1 X110.676 Y114.57 E104.27364
G1 X110.149 Y114.73 E104.31027
G1 X109.656 Y114.992 E104.34741
G1 X109.243 Y115.33 E104.38291
G1 X108.892 Y115.763 E104.41999
G1 X108.634 Y116.25 E104.45665
G1 X108.473 Y116.772 E104.49299
G1 X108.418 Y117.316 E104.52936
G1 X108.474 Y117.86 E104.56574
G1 X108.634 Y118.387 E104.60237
G1 X108.892 Y118.872 E104.63892
G1 X109.243 Y119.298 E104.67564
G1 X109.657 Y119.64 E104.71136
G1 X110.149 Y119.902 E104.74844
G1 X110.676 Y120.062 E104.78507
G1 X111.186 Y120.112 E104.81916
G0 F12000 X111.216 Y119.805
G0 X111.16 Y119.323
G0 X111.196 Y119.016
G1 F1441.7 X110.801 Y118.964 E104.84566
G1 X110.449 Y118.832 E104.87067
G1 X110.096 Y118.595 E104.89895
G1 X109.825 Y118.292 E104.92599
G1 X109.621 Y117.897 E104.95557
G1 X109.529 Y117.517 E104.98157
G1 X109.533 Y117.087 E105.01018
G1 X109.624 Y116.725 E105.03501
G1 X109.81 Y116.357 E105.06244
G1 X110.097 Y116.037 E105.09103
G1 X110.426 Y115.811 E105.11758
G1 X110.801 Y115.668 E105.14428
G1 X111.216 Y115.616 E105.1721
G1 X111.635 Y115.668 E105.20019
G1 X112.011 Y115.811 E105.22695
G1 X112.338 Y116.036 E105.25335
G1 X112.626 Y116.357 E105.28204
G1 X112.812 Y116.725 E105.30947
G1 X112.907 Y117.112 E105.33597
G1 X112.903 Y117.55 E105.36511
G1 X112.812 Y117.907 E105.38962
G1 X112.607 Y118.297 E105.41893
G1 X112.339 Y118.595 E105.44559
G1 X112.012 Y118.821 E105.47203
G1 X111.635 Y118.964 E105.49885
G1 X111.196 Y119.016 E105.52826
G1 F2700 E100.52826
;MESH:NONMESH
G0 F300 Z3.4
G0 F12000 X111.16 Y119.323
G0 X110.312 Y119.046
G0 X109.924 Y118.777
G0 X109.614 Y118.426
G0 X109.489 Y118.189
G0 X108.848 Y116.331
G0 X107.883 Y115.817
G0 X104.808 Y111.757
G0 X102.818 Y110.836
;TIME_ELAPSED:122.541533
;LAYER:8
;note -- min layer time used
;TYPE:WALL-INNER
;MESH:standoff_6h_6od_2id.obj(1)
G1 F2700 E105.52826
G1 F1652.4 X102.68 Y110.851 E105.53631
G1 F1647.7 X102.207 Y110.798 E105.56402
G1 F1657.1 X101.771 Y110.643 E105.5908
G1 F1647.7 X101.534 Y110.495 E105.60706
G1 F1633.7 X101.287 Y110.315 E105.625
G1 F1652.4 X100.958 Y109.933 E105.65426
G1 F1657.1 X100.741 Y109.523 E105.68111
G1 X100.618 Y109.037 E105.71012
G1 F1671.5 X100.623 Y108.5 E105.74093
G1 F1666.7 X100.745 Y108.027 E105.76904
G1 F1661.9 X100.959 Y107.621 E105.79552
G1 F1666.7 X101.289 Y107.239 E105.82457
G1 X101.72 Y106.938 E105.85482
G1 F1661.9 X102.208 Y106.758 E105.88483
G1 F1657.1 X102.68 Y106.706 E105.91232
G1 X103.159 Y106.758 E105.9402
G1 F1661.9 X103.65 Y106.94 E105.97042
G1 F1666.7 X104.076 Y107.239 E106.00036
G1 F1657.1 X104.403 Y107.622 E106.02951
G1 X104.619 Y108.026 E106.05602
G1 F1666.7 X104.744 Y108.515 E106.08506
G1 F1676.4 X104.744 Y109.041 E106.11515
G1 F1666.7 X104.619 Y109.53 E106.1442
G1 F1661.9 X104.404 Y109.935 E106.17066
G1 F1647.7 X104.076 Y110.315 E106.19987
G1 F1638.3 X103.835 Y110.492 E106.21738
G1 F1657.1 X103.599 Y110.64 E106.2335
G1 F1671.5 X103.158 Y110.798 E106.26038
G1 F1661.9 X102.818 Y110.836 E106.28012
G0 F12000 X102.841 Y111.185
G1 F1647.7 X103.149 Y111.153 E106.29814
G1 F1638.3 X103.66 Y110.996 E106.32943
G1 F1629 X104.033 Y110.785 E106.35466
G1 F1638.3 X104.387 Y110.495 E106.38145
G1 F1647.7 X104.696 Y110.123 E106.4096
G1 F1657.1 X104.919 Y109.703 E106.43712
G1 F1647.7 X105.056 Y109.247 E106.46483
G1 F1638.3 X105.1 Y108.78 E106.49229
G1 X105.056 Y108.309 E106.51998
G1 F1647.7 X104.919 Y107.853 E106.5477
G1 F1652.4 X104.696 Y107.433 E106.5753
G1 F1647.7 X104.391 Y107.065 E106.60312
G1 F1633.7 X104.033 Y106.77 E106.63035
G1 F1629 X103.606 Y106.544 E106.65879
G1 F1638.3 X103.151 Y106.404 E106.68666
G1 F1647.7 X102.68 Y106.357 E106.71421
G1 X102.213 Y106.404 E106.74153
G1 F1638.3 X101.757 Y106.544 E106.76945
G1 F1629 X101.333 Y106.767 E106.79765
G1 X100.971 Y107.064 E106.82522
G1 F1647.7 X100.667 Y107.432 E106.853
G1 F1652.4 X100.441 Y107.855 E106.88083
G1 F1638.3 X100.305 Y108.309 E106.90858
G1 F1629 X100.261 Y108.78 E106.93643
G1 X100.305 Y109.246 E106.96398
G1 F1638.3 X100.441 Y109.701 E106.99178
G1 F1657.1 X100.666 Y110.122 E107.01941
G1 F1652.4 X100.973 Y110.491 E107.04727
G1 F1633.7 X101.334 Y110.789 E107.07475
G1 F1629 X101.7 Y110.993 E107.09941
G1 F1638.3 X102.215 Y111.153 E107.13098
G1 F1643 X102.68 Y111.202 E107.15828
G1 F1647.7 X102.841 Y111.185 E107.1677
G0 F12000 X102.866 Y111.56
;TYPE:WALL-OUTER
G1 F1441.7 X103.224 Y111.522 E107.19165
G1 X103.751 Y111.362 E107.22828
G1 X104.244 Y111.1 E107.26542
G1 X104.653 Y110.762 E107.30072
G1 X105.008 Y110.332 E107.33781
G1 X105.266 Y109.847 E107.37435
G1 X105.426 Y109.32 E107.41099
G1 X105.478 Y108.78 E107.44707
G1 X105.426 Y108.236 E107.48343
G1 X105.266 Y107.709 E107.52006
G1 X105.009 Y107.224 E107.55657
G1 X104.657 Y106.798 E107.59333
G1 X104.244 Y106.455 E107.62905
G1 X103.751 Y106.194 E107.66615
G1 X103.224 Y106.034 E107.70279
G1 X102.68 Y105.981 E107.73915
G1 X102.14 Y106.034 E107.77524
G1 X101.613 Y106.194 E107.81188
G1 X101.124 Y106.452 E107.84866
G1 X100.703 Y106.798 E107.8849
G1 X100.356 Y107.224 E107.92145
G1 X100.094 Y107.71 E107.95818
G1 X99.934 Y108.236 E107.99475
G1 X99.882 Y108.78 E108.03111
G1 X99.934 Y109.32 E108.06719
G1 X100.094 Y109.846 E108.10377
G1 X100.355 Y110.331 E108.1404
G1 X100.707 Y110.758 E108.17721
G1 X101.124 Y111.104 E108.21326
G1 X101.613 Y111.361 E108.25001
G1 X102.14 Y111.522 E108.28666
G1 X102.68 Y111.579 E108.32278
G1 X102.866 Y111.56 E108.33522
G0 F12000 X102.837 Y111.252
G0 X102.832 Y110.776
G0 X102.794 Y110.462
G1 F1441.7 X102.68 Y110.476 E108.34286
G1 X102.265 Y110.424 E108.37068
G1 X101.89 Y110.282 E108.39735
G1 X101.56 Y110.054 E108.42404
G1 X101.274 Y109.735 E108.45254
G1 X101.085 Y109.361 E108.48041
G1 X100.992 Y108.98 E108.5065
G1 X100.992 Y108.577 E108.53331
G1 X101.088 Y108.189 E108.55989
G1 X101.274 Y107.821 E108.58732
G1 X101.56 Y107.501 E108.61587
G1 X101.89 Y107.275 E108.64248
G1 X102.265 Y107.132 E108.66918
G1 X102.68 Y107.08 E108.697
G1 X103.099 Y107.132 E108.72508
G1 X103.494 Y107.286 E108.75329
G1 X103.804 Y107.501 E108.77838
G1 X104.086 Y107.821 E108.80675
G1 X104.279 Y108.195 E108.83475
G1 X104.371 Y108.576 E108.86082
G1 X104.367 Y109.009 E108.88963
G1 X104.276 Y109.371 E108.91446
G1 X104.086 Y109.738 E108.94195
G1 X103.804 Y110.055 E108.97017
G1 X103.474 Y110.281 E108.99678
G1 X103.099 Y110.424 E109.02347
G1 X102.794 Y110.462 E109.04392
G1 F2700 E104.04392
;MESH:standoff_6h_6od_2id.obj
G0 F12000 X102.832 Y110.776
G0 X104.498 Y110.596
G0 X105.344 Y111.289
G0 X106.581 Y111.303
G0 X110 Y112.065
;TYPE:WALL-INNER
G1 F2700 E109.04392
G1 F1666.7 X109.771 Y112.074 E109.05711
G1 F1657.1 X109.243 Y111.933 E109.08873
G1 F1647.7 X108.844 Y111.72 E109.11506
G1 F1643 X108.461 Y111.394 E109.14442
G1 F1647.7 X108.157 Y110.975 E109.17455
G1 X107.978 Y110.475 E109.20546
G1 X107.926 Y110 E109.23327
G1 X107.978 Y109.521 E109.26132
G1 X108.154 Y109.025 E109.29195
G1 F1657.1 X108.461 Y108.602 E109.3222
G1 X108.842 Y108.277 E109.35118
G1 F1647.7 X109.248 Y108.061 E109.37795
G1 F1657.1 X109.706 Y107.94 E109.40536
G1 F1666.7 X110.29 Y107.94 E109.43897
G1 F1657.1 X110.753 Y108.064 E109.4667
G1 F1647.7 X111.154 Y108.277 E109.49313
G1 X111.529 Y108.597 E109.52183
G1 F1629 X111.719 Y108.854 E109.54064
G1 F1638.3 X111.861 Y109.083 E109.55642
G1 F1647.7 X112.019 Y109.524 E109.58368
G1 X112.071 Y110 E109.61155
G1 F1657.1 X112.02 Y110.469 E109.63885
G1 F1671.5 X111.861 Y110.918 E109.66618
G1 F1647.7 X111.719 Y111.141 E109.68157
G1 F1629 X111.536 Y111.393 E109.69991
G1 F1643 X111.153 Y111.721 E109.72934
G1 F1647.7 X110.752 Y111.934 E109.75577
G1 F1652.4 X110.299 Y112.054 E109.78297
G1 F1666.7 X110 Y112.065 E109.80018
G0 F12000 X110 Y112.419
G1 F1629 X110.42 Y112.387 E109.82498
G1 F1638.3 X110.931 Y112.233 E109.85622
G1 F1647.7 X111.342 Y112.015 E109.8833
G1 F1638.3 X111.71 Y111.71 E109.91128
G1 F1629 X112.013 Y111.341 E109.93939
G1 X112.231 Y110.931 E109.96672
G1 F1638.3 X112.373 Y110.466 E109.99519
G1 F1647.7 X112.422 Y110 E110.02246
G1 X112.373 Y109.53 E110.04996
G1 F1629 X112.232 Y109.065 E110.07857
G1 F1619.9 X112.013 Y108.655 E110.10609
G1 F1629 X111.711 Y108.287 E110.13411
G1 F1647.7 X111.343 Y107.983 E110.1619
G1 X110.93 Y107.763 E110.18913
G1 X110.468 Y107.624 E110.21721
G1 F1638.3 X110 Y107.58 E110.24473
G1 X109.528 Y107.624 E110.27248
G1 F1643 X109.066 Y107.763 E110.30064
G1 F1647.7 X108.653 Y107.983 E110.32788
G1 X108.286 Y108.286 E110.35558
G1 F1638.3 X107.986 Y108.655 E110.38342
G1 F1629 X107.764 Y109.067 E110.41097
G1 F1638.3 X107.624 Y109.528 E110.43917
G1 F1647.7 X107.578 Y110 E110.46678
G1 X107.624 Y110.468 E110.49415
G1 F1629 X107.763 Y110.929 E110.52249
G1 X107.987 Y111.341 E110.5501
G1 X108.252 Y111.683 E110.57557
G1 F1638.3 X108.653 Y112.015 E110.60605
G1 F1643 X109.064 Y112.234 E110.63323
G1 X109.53 Y112.373 E110.66162
G1 F1638.3 X110 Y112.419 E110.68926
G0 F12000 X110 Y112.798
;TYPE:WALL-OUTER
G1 F1441.7 X110.54 Y112.743 E110.72537
G1 X111.075 Y112.582 E110.76253
G1 X111.552 Y112.328 E110.79848
G1 X111.977 Y111.977 E110.83515
G1 X112.328 Y111.552 E110.87181
G1 X112.582 Y111.075 E110.90776
G1 X112.742 Y110.54 E110.94491
G1 X112.798 Y110 E110.98102
G1 X112.743 Y109.456 E111.01739
G1 X112.582 Y108.921 E111.05456
G1 X112.329 Y108.444 E111.09047
G1 X111.978 Y108.019 E111.12714
G1 X111.552 Y107.671 E111.16373
G1 X111.074 Y107.414 E111.19983
G1 X110.541 Y107.254 E111.23685
G1 X110 Y107.202 E111.273
G1 X109.455 Y107.254 E111.30942
G1 X108.922 Y107.414 E111.34644
G1 X108.444 Y107.671 E111.38254
G1 X108.019 Y108.019 E111.41908
G1 X107.672 Y108.444 E111.45558
G1 X107.414 Y108.922 E111.49171
G1 X107.254 Y109.455 E111.52873
G1 X107.202 Y110 E111.56515
G1 X107.254 Y110.541 E111.6013
G1 X107.414 Y111.074 E111.63832
G1 X107.672 Y111.552 E111.67445
G1 X108.019 Y111.978 E111.711
G1 X108.444 Y112.329 E111.74767
G1 X108.921 Y112.582 E111.78358
G1 X109.456 Y112.742 E111.82073
G1 X110 Y112.798 E111.85711
G0 F12000 X110 Y112.488
G0 X110 Y111.999
G0 X110 Y111.687
G1 F1441.7 X109.795 Y111.687 E111.87075
G1 X109.374 Y111.578 E111.89967
G1 X109.02 Y111.387 E111.92643
G1 X108.743 Y111.143 E111.95099
G1 X108.496 Y110.792 E111.97954
G1 X108.352 Y110.414 E112.00644
G1 X108.3 Y109.98 E112.03552
G1 X108.356 Y109.569 E112.06311
G1 X108.495 Y109.205 E112.08903
G1 X108.72 Y108.877 E112.11549
G1 X109.054 Y108.586 E112.14496
G1 X109.418 Y108.402 E112.17209
G1 X109.796 Y108.309 E112.19798
G1 X110.199 Y108.308 E112.22479
G1 X110.622 Y108.418 E112.25387
G1 X110.955 Y108.594 E112.27892
G1 X111.275 Y108.876 E112.30729
G1 X111.501 Y109.206 E112.3339
G1 X111.644 Y109.582 E112.36066
G1 X111.697 Y110 E112.38869
G1 X111.64 Y110.427 E112.41734
G1 X111.502 Y110.79 E112.44318
G1 X111.275 Y111.12 E112.46982
G1 X110.976 Y111.387 E112.49648
G1 X110.618 Y111.579 E112.52351
G1 X110.201 Y111.687 E112.55216
G1 X110 Y111.687 E112.56553
G1 F2700 E107.56553
;MESH:standoff_6h_6od_2id.obj(2)
G0 F12000 X110 Y111.999
G0 X109.308 Y111.827
G0 X108.891 Y111.605
G0 X108.538 Y111.295
G0 X108.27 Y110.905
G0 X108.105 Y110.467
G0 X108.047 Y110.001
G0 X108.105 Y109.532
G0 X108.253 Y109.139
G0 X109.499 Y107.481
G0 X109.274 Y105.202
G0 X108.806 Y105.1
;TYPE:WALL-INNER
G1 F2700 E112.56553
G1 F1647.7 X109.247 Y105.057 E112.59132
G1 F1638.3 X109.753 Y104.901 E112.62232
G1 F1629 X110.131 Y104.689 E112.64783
G1 X110.486 Y104.398 E112.67486
G1 F1647.7 X110.792 Y104.028 E112.7028
G1 F1657.1 X111.019 Y103.602 E112.73074
G1 F1638.3 X111.155 Y103.15 E112.75837
G1 F1629 X111.2 Y102.68 E112.78616
G1 X111.155 Y102.214 E112.81373
G1 F1638.3 X111.018 Y101.758 E112.8416
G1 F1647.7 X110.792 Y101.332 E112.86967
G1 F1643 X110.49 Y100.967 E112.89732
G1 F1629 X110.13 Y100.675 E112.92461
G1 X109.751 Y100.458 E112.95032
G1 F1638.3 X109.247 Y100.304 E112.98117
G1 F1647.7 X108.78 Y100.259 E113.00847
G1 X108.309 Y100.304 E113.03601
G1 F1638.3 X107.856 Y100.444 E113.06377
G1 F1629 X107.435 Y100.669 E113.09187
G1 F1638.3 X107.067 Y100.969 E113.11966
G1 F1647.7 X106.765 Y101.334 E113.14724
G1 F1657.1 X106.542 Y101.756 E113.17486
G1 F1647.7 X106.404 Y102.213 E113.20265
G1 F1629 X106.361 Y102.68 E113.23026
G1 X106.404 Y103.15 E113.25804
G1 F1643 X106.541 Y103.602 E113.28561
G1 F1657.1 X106.765 Y104.024 E113.31326
G1 F1647.7 X107.07 Y104.395 E113.34121
G1 F1638.3 X107.434 Y104.694 E113.36879
G1 F1633.7 X107.854 Y104.917 E113.3967
G1 F1638.3 X108.309 Y105.056 E113.42455
G1 F1647.7 X108.78 Y105.103 E113.45211
G1 X108.806 Y105.1 E113.45363
G0 F12000 X108.802 Y104.752
G1 F1652.4 X108.78 Y104.754 E113.45491
G1 F1657.1 X108.301 Y104.702 E113.48279
G1 F1666.7 X107.877 Y104.545 E113.50881
G1 F1647.7 X107.632 Y104.401 E113.52535
G1 F1638.3 X107.38 Y104.216 E113.54365
G1 F1652.4 X107.057 Y103.836 E113.5726
G1 F1666.7 X106.841 Y103.429 E113.59911
G1 F1676.4 X106.723 Y102.956 E113.627
G1 X106.718 Y102.431 E113.65703
G1 F1666.7 X106.84 Y101.933 E113.68654
G1 F1657.1 X107.058 Y101.524 E113.71336
G1 F1661.9 X107.374 Y101.148 E113.7417
G1 F1676.4 X107.747 Y100.879 E113.76801
G1 F1657.1 X107.987 Y100.773 E113.78319
G1 F1633.7 X108.307 Y100.657 E113.80317
G1 F1643 X108.78 Y100.609 E113.83093
G1 F1657.1 X109.25 Y100.657 E113.85827
G1 F1676.4 X109.698 Y100.818 E113.8855
G1 F1657.1 X109.931 Y100.966 E113.90148
G1 F1629 X110.185 Y101.153 E113.92004
G1 F1643 X110.499 Y101.523 E113.94837
G1 F1652.4 X110.72 Y101.939 E113.97571
G1 F1657.1 X110.842 Y102.423 E114.0046
G1 F1666.7 X110.837 Y102.96 E114.0355
G1 X110.718 Y103.423 E114.063
G1 F1657.1 X110.501 Y103.839 E114.09016
G1 F1666.7 X110.181 Y104.214 E114.11852
G1 F1676.4 X109.806 Y104.486 E114.14503
G1 F1657.1 X109.573 Y104.588 E114.15975
G1 F1638.3 X109.259 Y104.702 E114.1793
G1 F1647.7 X108.802 Y104.752 E114.20606
G0 F12000 X108.8 Y104.38
;TYPE:WALL-OUTER
G1 F1441.7 X108.361 Y104.328 E114.23547
G1 X108.009 Y104.196 E114.26047
G1 X107.656 Y103.959 E114.28876
G1 X107.374 Y103.638 E114.31718
G1 X107.184 Y103.271 E114.34467
G1 X107.092 Y102.884 E114.37113
G1 X107.092 Y102.48 E114.398
G1 X107.184 Y102.089 E114.42472
G1 X107.374 Y101.724 E114.4521
G1 X107.656 Y101.401 E114.48062
G1 X107.985 Y101.179 E114.50702
G1 X108.361 Y101.032 E114.53388
G1 X108.78 Y100.984 E114.56193
G1 X109.195 Y101.032 E114.58972
G1 X109.571 Y101.175 E114.61648
G1 X109.899 Y101.404 E114.64309
G1 X110.185 Y101.724 E114.67164
G1 X110.375 Y102.099 E114.6996
G1 X110.469 Y102.5 E114.727
G1 X110.468 Y102.883 E114.75248
G1 X110.372 Y103.271 E114.77907
G1 X110.172 Y103.659 E114.8081
G1 X109.9 Y103.959 E114.83504
G1 X109.548 Y104.196 E114.86327
G1 X109.199 Y104.328 E114.88809
G1 X108.8 Y104.38 E114.91485
G0 F12000 X108.837 Y104.69
G0 X108.781 Y105.171
G0 X108.81 Y105.476
G1 F1441.7 X109.32 Y105.426 E114.94894
G1 X109.847 Y105.266 E114.98558
G1 X110.34 Y105.004 E115.02272
G1 X110.753 Y104.665 E115.05826
G1 X111.104 Y104.236 E115.09513
G1 X111.366 Y103.746 E115.13209
G1 X111.526 Y103.224 E115.16841
G1 X111.579 Y102.68 E115.20477
G1 X111.526 Y102.14 E115.24086
G1 X111.366 Y101.614 E115.27744
G1 X111.104 Y101.124 E115.3144
G1 X110.757 Y100.699 E115.35089
G1 X110.34 Y100.36 E115.38664
G1 X109.846 Y100.094 E115.42397
G1 X109.32 Y99.934 E115.46054
G1 X108.78 Y99.882 E115.49663
G1 X108.236 Y99.934 E115.53298
G1 X107.71 Y100.094 E115.56955
G1 X107.224 Y100.355 E115.60625
G1 X106.802 Y100.703 E115.64263
G1 X106.452 Y101.124 E115.67905
G1 X106.194 Y101.613 E115.71583
G1 X106.034 Y102.14 E115.75246
G1 X105.982 Y102.68 E115.78855
G1 X106.033 Y103.224 E115.8249
G1 X106.194 Y103.746 E115.86124
G1 X106.452 Y104.232 E115.89784
G1 X106.803 Y104.662 E115.93476
G1 X107.224 Y105.008 E115.97101
G1 X107.709 Y105.266 E116.00755
G1 X108.236 Y105.426 E116.04419
G1 X108.78 Y105.479 E116.08055
G1 X108.81 Y105.476 E116.08255
G1 F2700 E111.08255
;MESH:standoff_6h_6od_2id.obj(3)
G0 F12000 X108.781 Y105.171
G0 X109.282 Y105.202
G0 X109.389 Y106.29
G0 X110.714 Y106.403
G0 X111.403 Y106.612
G0 X112.038 Y106.951
G0 X112.593 Y107.407
G0 X113.049 Y107.962
G0 X113.388 Y108.597
G0 X113.597 Y109.286
G0 X113.668 Y110
G0 X113.597 Y110.714
G0 X113.388 Y111.403
G0 X113.049 Y112.038
G0 X112.593 Y112.593
G0 X112.038 Y113.049
G0 X110.611 Y113.71
G0 X111.194 Y119.388
;TYPE:WALL-INNER
G1 F2700 E116.08255
G1 F1661.9 X110.741 Y119.338 E116.10885
G1 F1666.7 X110.317 Y119.181 E116.13487
G1 F1647.7 X110.066 Y119.033 E116.15183
G1 X109.815 Y118.849 E116.16994
G1 F1661.9 X109.495 Y118.473 E116.19843
G1 F1652.4 X109.279 Y118.061 E116.22543
G1 F1657.1 X109.162 Y117.614 E116.25217
G1 F1647.7 X109.151 Y117.316 E116.26953
G1 X109.162 Y117.014 E116.28712
G1 F1657.1 X109.28 Y116.57 E116.31371
G1 X109.495 Y116.158 E116.3406
G1 F1666.7 X109.812 Y115.784 E116.36881
G1 F1676.4 X110.189 Y115.51 E116.39548
G1 F1652.4 X110.422 Y115.408 E116.41024
G1 F1633.7 X110.747 Y115.294 E116.43046
G1 F1647.7 X111.216 Y115.242 E116.45792
G1 X111.692 Y115.294 E116.48579
G1 F1638.3 X112.011 Y115.407 E116.5056
G1 F1661.9 X112.254 Y115.514 E116.52092
G1 F1681.3 X112.625 Y115.788 E116.54723
G1 F1671.5 X112.942 Y116.159 E116.57523
G1 F1657.1 X113.155 Y116.569 E116.60197
G1 X113.274 Y117.016 E116.62874
G1 F1647.7 X113.284 Y117.316 E116.64621
G1 F1652.4 X113.264 Y117.641 E116.66511
G1 F1666.7 X113.157 Y118.062 E116.6901
G1 F1661.9 X112.94 Y118.474 E116.71697
G1 F1666.7 X112.623 Y118.848 E116.74518
G1 F1676.4 X112.242 Y119.123 E116.77206
G1 F1657.1 X112.011 Y119.225 E116.78668
G1 F1638.3 X111.692 Y119.339 E116.80651
G1 F1647.7 X111.216 Y119.39 E116.83437
G1 F1657.1 X111.194 Y119.388 E116.83565
G0 F12000 X111.19 Y119.736
G1 F1647.7 X111.216 Y119.739 E116.83717
G1 X111.687 Y119.692 E116.86473
G1 F1638.3 X112.141 Y119.554 E116.8925
G1 F1633.7 X112.562 Y119.327 E116.92058
G1 F1638.3 X112.931 Y119.026 E116.94846
G1 F1647.7 X113.231 Y118.664 E116.97582
G1 F1657.1 X113.454 Y118.243 E117.00339
G1 F1647.7 X113.592 Y117.787 E117.03112
G1 F1638.3 X113.637 Y117.316 E117.05882
G1 X113.592 Y116.846 E117.08646
G1 F1647.7 X113.456 Y116.393 E117.11399
G1 F1657.1 X113.232 Y115.971 E117.14164
G1 X112.927 Y115.601 E117.16939
G1 F1638.3 X112.562 Y115.306 E117.19686
G1 X112.141 Y115.079 E117.22486
G1 X111.687 Y114.94 E117.25265
G1 F1647.7 X111.216 Y114.893 E117.2802
G1 X110.749 Y114.94 E117.30752
G1 F1633.7 X110.243 Y115.095 E117.33859
G1 F1629 X109.865 Y115.307 E117.3641
G1 X109.511 Y115.597 E117.39104
G1 F1652.4 X109.205 Y115.97 E117.41904
G1 F1661.9 X108.981 Y116.394 E117.44672
G1 F1647.7 X108.843 Y116.847 E117.47428
G1 F1633.7 X108.797 Y117.316 E117.50194
G1 F1629 X108.829 Y117.735 E117.52668
G1 F1643 X108.981 Y118.244 E117.55769
G1 F1657.1 X109.204 Y118.663 E117.58516
G1 F1647.7 X109.51 Y119.031 E117.61302
G1 F1638.3 X109.867 Y119.326 E117.64013
G1 F1633.7 X110.294 Y119.553 E117.66852
G1 F1638.3 X110.749 Y119.692 E117.69637
G1 F1647.7 X111.19 Y119.736 E117.72216
G0 F12000 X111.186 Y120.112
;TYPE:WALL-OUTER
G1 F1441.7 X111.216 Y120.115 E117.72417
G1 X111.76 Y120.062 E117.76052
G1 X112.286 Y119.902 E117.7971
G1 X112.772 Y119.641 E117.83379
G1 X113.198 Y119.293 E117.87038
G1 X113.544 Y118.872 E117.90663
G1 X113.802 Y118.387 E117.94318
G1 X113.962 Y117.86 E117.97981
G1 X114.015 Y117.316 E118.01617
G1 X113.962 Y116.772 E118.05253
G1 X113.802 Y116.249 E118.08891
G1 X113.544 Y115.764 E118.12545
G1 X113.194 Y115.335 E118.16228
G1 X112.772 Y114.992 E118.19846
G1 X112.286 Y114.73 E118.23519
G1 X111.76 Y114.57 E118.27176
G1 X111.216 Y114.517 E118.30812
G1 X110.676 Y114.57 E118.34421
G1 X110.149 Y114.73 E118.38085
G1 X109.656 Y114.992 E118.41799
G1 X109.243 Y115.33 E118.45349
G1 X108.892 Y115.763 E118.49056
G1 X108.634 Y116.25 E118.52722
G1 X108.473 Y116.772 E118.56356
G1 X108.418 Y117.316 E118.59993
G1 X108.474 Y117.86 E118.63631
G1 X108.634 Y118.387 E118.67295
G1 X108.892 Y118.872 E118.70949
G1 X109.243 Y119.298 E118.74621
G1 X109.657 Y119.64 E118.78193
G1 X110.149 Y119.902 E118.81901
G1 X110.676 Y120.062 E118.85564
G1 X111.186 Y120.112 E118.88973
G0 F12000 X111.216 Y119.805
G0 X111.16 Y119.323
G0 X111.196 Y119.016
G1 F1441.7 X110.801 Y118.964 E118.91624
G1 X110.449 Y118.832 E118.94124
G1 X110.096 Y118.595 E118.96953
G1 X109.825 Y118.292 E118.99657
G1 X109.621 Y117.897 E119.02614
G1 X109.529 Y117.517 E119.05215
G1 X109.533 Y117.087 E119.08075
G1 X109.624 Y116.725 E119.10558
G1 X109.81 Y116.357 E119.13301
G1 X110.097 Y116.037 E119.1616
G1 X110.426 Y115.811 E119.18816
G1 X110.801 Y115.668 E119.21485
G1 X111.216 Y115.616 E119.24267
G1 X111.635 Y115.668 E119.27076
G1 X112.011 Y115.811 E119.29752
G1 X112.338 Y116.036 E119.32392
G1 X112.626 Y116.357 E119.35261
G1 X112.812 Y116.725 E119.38004
G1 X112.907 Y117.112 E119.40655
G1 X112.903 Y117.55 E119.43568
G1 X112.812 Y117.907 E119.46019
G1 X112.607 Y118.297 E119.4895
G1 X112.339 Y118.595 E119.51616
G1 X112.012 Y118.821 E119.5426
G1 X111.635 Y118.964 E119.56942
G1 X111.196 Y119.016 E119.59883
G1 F2700 E114.59883
;MESH:NONMESH
G0 F300 Z3.8
G0 F12000 X111.16 Y119.323
G0 X110.312 Y119.046
G0 X109.924 Y118.777
G0 X109.614 Y118.426
G0 X109.489 Y118.189
G0 X108.848 Y116.331
G0 X107.883 Y115.817
G0 X104.808 Y111.757
G0 X102.818 Y110.836
;TIME_ELAPSED:135.852311
;LAYER:9
;note -- min layer time used
;TYPE:WALL-INNER
;MESH:standoff_6h_6od_2id.obj(1)
G1 F2700 E119.59883
G1 F1652.4 X102.68 Y110.851 E119.60689
G1 F1647.7 X102.207 Y110.798 E119.63459
G1 F1657.1 X101.771 Y110.643 E119.66137
G1 F1647.7 X101.534 Y110.495 E119.67763
G1 F1633.7 X101.287 Y110.315 E119.69557
G1 F1652.4 X100.958 Y109.933 E119.72484
G1 F1657.1 X100.741 Y109.523 E119.75168
G1 X100.618 Y109.037 E119.78069
G1 F1671.5 X100.623 Y108.5 E119.81151
G1 F1666.7 X100.745 Y108.027 E119.83961
G1 F1661.9 X100.959 Y107.621 E119.8661
G1 F1666.7 X101.289 Y107.239 E119.89514
G1 X101.72 Y106.938 E119.92539
G1 F1661.9 X102.208 Y106.758 E119.95541
G1 F1657.1 X102.68 Y106.706 E119.98289
G1 X103.159 Y106.758 E120.01077
G1 F1661.9 X103.65 Y106.94 E120.04099
G1 F1666.7 X104.076 Y107.239 E120.07094
G1 F1657.1 X104.403 Y107.622 E120.10008
G1 X104.619 Y108.026 E120.12659
G1 F1666.7 X104.744 Y108.515 E120.15564
G1 F1676.4 X104.744 Y109.041 E120.18573
G1 F1666.7 X104.619 Y109.53 E120.21477
G1 F1661.9 X104.404 Y109.935 E120.24123
G1 F1647.7 X104.076 Y110.315 E120.27045
G1 F1638.3 X103.835 Y110.492 E120.28795
G1 F1657.1 X103.599 Y110.64 E120.30407
G1 F1671.5 X103.158 Y110.798 E120.33095
G1 F1661.9 X102.818 Y110.836 E120.35069
G0 F12000 X102.841 Y111.185
G1 F1647.7 X103.149 Y111.153 E120.36871
G1 F1638.3 X103.66 Y110.996 E120.40001
G1 F1629 X104.033 Y110.785 E120.42524
G1 F1638.3 X104.387 Y110.495 E120.45202
G1 F1647.7 X104.696 Y110.123 E120.48017
G1 F1657.1 X104.919 Y109.703 E120.50769
G1 F1647.7 X105.056 Y109.247 E120.53541
G1 F1638.3 X105.1 Y108.78 E120.56286
G1 X105.056 Y108.309 E120.59056
G1 F1647.7 X104.919 Y107.853 E120.61827
G1 F1652.4 X104.696 Y107.433 E120.64587
G1 F1647.7 X104.391 Y107.065 E120.67369
G1 F1633.7 X104.033 Y106.77 E120.70092
G1 F1629 X103.606 Y106.544 E120.72936
G1 F1638.3 X103.151 Y106.404 E120.75723
G1 F1647.7 X102.68 Y106.357 E120.78478
G1 X102.213 Y106.404 E120.8121
G1 F1638.3 X101.757 Y106.544 E120.84002
G1 F1629 X101.333 Y106.767 E120.86822
G1 X100.971 Y107.064 E120.89579
G1 F1647.7 X100.667 Y107.432 E120.92357
G1 F1652.4 X100.441 Y107.855 E120.95141
G1 F1638.3 X100.305 Y108.309 E120.97915
G1 F1629 X100.261 Y108.78 E121.007
G1 X100.305 Y109.246 E121.03456
G1 F1638.3 X100.441 Y109.701 E121.06235
G1 F1657.1 X100.666 Y110.122 E121.08998
G1 F1652.4 X100.973 Y110.491 E121.11784
G1 F1633.7 X101.334 Y110.789 E121.14532
G1 F1629 X101.7 Y110.993 E121.16999
G1 F1638.3 X102.215 Y111.153 E121.20156
G1 F1643 X102.68 Y111.202 E121.22885
G1 F1647.7 X102.841 Y111.185 E121.23827
G0 F12000 X102.866 Y111.56
;TYPE:WALL-OUTER
G1 F1441.7 X103.224 Y111.522 E121.26222
G1 X103.751 Y111.362 E121.29886
G1 X104.244 Y111.1 E121.33599
G1 X104.653 Y110.762 E121.37129
G1 X105.008 Y110.332 E121.40838
G1 X105.266 Y109.847 E121.44492
G1 X105.426 Y109.32 E121.48156
G1 X105.478 Y108.78 E121.51765
G1 X105.426 Y108.236 E121.554
G1 X105.266 Y107.709 E121.59064
G1 X105.009 Y107.224 E121.62715
G1 X104.657 Y106.798 E121.66391
G1 X104.244 Y106.455 E121.69962
G1 X103.751 Y106.194 E121.73673
G1 X103.224 Y106.034 E121.77336
G1 X102.68 Y105.981 E121.80972
G1 X102.14 Y106.034 E121.84581
G1 X101.613 Y106.194 E121.88245
G1 X101.124 Y106.452 E121.91923
G1 X100.703 Y106.798 E121.95548
G1 X100.356 Y107.224 E121.99203
G1 X100.094 Y107.71 E122.02875
G1 X99.934 Y108.236 E122.06533
G1 X99.882 Y108.78 E122.10168
G1 X99.934 Y109.32 E122.13777
G1 X100.094 Y109.846 E122.17434
G1 X100.355 Y110.331 E122.21098
G1 X100.707 Y110.758 E122.24779
G1 X101.124 Y111.104 E122.28383
G1 X101.613 Y111.361 E122.32058
G1 X102.14 Y111.522 E122.35723
G1 X102.68 Y111.579 E122.39335
G1 X102.866 Y111.56 E122.40579
G0 F12000 X102.837 Y111.252
G0 X102.832 Y110.776
G0 X102.794 Y110.462
G1 F1441.7 X102.68 Y110.476 E122.41343
G1 X102.265 Y110.424 E122.44125
G1 X101.89 Y110.282 E122.46793
G1 X101.56 Y110.054 E122.49461
G1 X101.274 Y109.735 E122.52311
G1 X101.085 Y109.361 E122.55098
G1 X100.992 Y108.98 E122.57707
G1 X100.992 Y108.577 E122.60388
G1 X101.088 Y108.189 E122.63047
G1 X101.274 Y107.821 E122.6579
G1 X101.56 Y107.501 E122.68645
G1 X101.89 Y107.275 E122.71305
G1 X102.265 Y107.132 E122.73975
G1 X102.68 Y107.08 E122.76757
G1 X103.099 Y107.132 E122.79566
G1 X103.494 Y107.286 E122.82386
G1 X103.804 Y107.501 E122.84895
G1 X104.086 Y107.821 E122.87733
G1 X104.279 Y108.195 E122.90532
G1 X104.371 Y108.576 E122.9314
G1 X104.367 Y109.009 E122.9602
G1 X104.276 Y109.371 E122.98503
G1 X104.086 Y109.738 E123.01252
G1 X103.804 Y110.055 E123.04074
G1 X103.474 Y110.281 E123.06735
G1 X103.099 Y110.424 E123.09405
G1 X102.794 Y110.462 E123.11449
G1 F2700 E118.11449
;MESH:standoff_6h_6od_2id.obj
G0 F12000 X102.832 Y110.776
G0 X104.498 Y110.596
G0 X105.344 Y111.289
G0 X106.581 Y111.303
G0 X110 Y112.065
;TYPE:WALL-INNER
G1 F2700 E123.11449
G1 F1666.7 X109.771 Y112.074 E123.12768
G1 F1657.1 X109.243 Y111.933 E123.15931
G1 F1647.7 X108.844 Y111.72 E123.18563
G1 F1643 X108.461 Y111.394 E123.21499
G1 F1647.7 X108.157 Y110.975 E123.24512
G1 X107.978 Y110.475 E123.27603
G1 X107.926 Y110 E123.30385
G1 X107.978 Y109.521 E123.33189
G1 X108.154 Y109.025 E123.36252
G1 F1657.1 X108.461 Y108.602 E123.39277
G1 X108.842 Y108.277 E123.42175
G1 F1647.7 X109.248 Y108.061 E123.44852
G1 F1657.1 X109.706 Y107.94 E123.47594
G1 F1666.7 X110.29 Y107.94 E123.50954
G1 F1657.1 X110.753 Y108.064 E123.53728
G1 F1647.7 X111.154 Y108.277 E123.56371
G1 X111.529 Y108.597 E123.5924
G1 F1629 X111.719 Y108.854 E123.61122
G1 F1638.3 X111.861 Y109.083 E123.62699
G1 F1647.7 X112.019 Y109.524 E123.65426
G1 X112.071 Y110 E123.68213
G1 F1657.1 X112.02 Y110.469 E123.70943
G1 F1671.5 X111.861 Y110.918 E123.73676
G1 F1647.7 X111.719 Y111.141 E123.75214
G1 F1629 X111.536 Y111.393 E123.77048
G1 F1643 X111.153 Y111.721 E123.79991
G1 F1647.7 X110.752 Y111.934 E123.82634
G1 F1652.4 X110.299 Y112.054 E123.85354
G1 F1666.7 X110 Y112.065 E123.87076
G0 F12000 X110 Y112.419
G1 F1629 X110.42 Y112.387 E123.89555
G1 F1638.3 X110.931 Y112.233 E123.92679
G1 F1647.7 X111.342 Y112.015 E123.95387
G1 F1638.3 X111.71 Y111.71 E123.98185
G1 F1629 X112.013 Y111.341 E124.00996
G1 X112.231 Y110.931 E124.0373
G1 F1638.3 X112.373 Y110.466 E124.06576
G1 F1647.7 X112.422 Y110 E124.09303
G1 X112.373 Y109.53 E124.12054
G1 F1629 X112.232 Y109.065 E124.14914
G1 F1619.9 X112.013 Y108.655 E124.17666
G1 F1629 X111.711 Y108.287 E124.20469
G1 F1647.7 X111.343 Y107.983 E124.23247
G1 X110.93 Y107.763 E124.25971
G1 X110.468 Y107.624 E124.28779
G1 F1638.3 X110 Y107.58 E124.3153
G1 X109.528 Y107.624 E124.34305
G1 F1643 X109.066 Y107.763 E124.37122
G1 F1647.7 X108.653 Y107.983 E124.39845
G1 X108.286 Y108.286 E124.42615
G1 F1638.3 X107.986 Y108.655 E124.45399
G1 F1629 X107.764 Y109.067 E124.48154
G1 F1638.3 X107.624 Y109.528 E124.50975
G1 F1647.7 X107.578 Y110 E124.53735
G1 X107.624 Y110.468 E124.56472
G1 F1629 X107.763 Y110.929 E124.59307
G1 X107.987 Y111.341 E124.62067
G1 X108.252 Y111.683 E124.64615
G1 F1638.3 X108.653 Y112.015 E124.67662
G1 F1643 X109.064 Y112.234 E124.7038
G1 X109.53 Y112.373 E124.73219
G1 F1638.3 X110 Y112.419 E124.75983
G0 F12000 X110 Y112.798
;TYPE:WALL-OUTER
G1 F1441.7 X110.54 Y112.743 E124.79594
G1 X111.075 Y112.582 E124.83311
G1 X111.552 Y112.328 E124.86905
G1 X111.977 Y111.977 E124.90572
G1 X112.328 Y111.552 E124.94239
G1 X112.582 Y111.075 E124.97833
G1 X112.742 Y110.54 E125.01548
G1 X112.798 Y110 E125.05159
G1 X112.743 Y109.456 E125.08797
G1 X112.582 Y108.921 E125.12513
G1 X112.329 Y108.444 E125.16105
G1 X111.978 Y108.019 E125.19771
G1 X111.552 Y107.671 E125.2343
G1 X111.074 Y107.414 E125.27041
G1 X110.541 Y107.254 E125.30742
G1 X110 Y107.202 E125.34358
G1 X109.455 Y107.254 E125.38
G1 X108.922 Y107.414 E125.41701
G1 X108.444 Y107.671 E125.45312
G1 X108.019 Y108.019 E125.48965
G1 X107.672 Y108.444 E125.52615
G1 X107.414 Y108.922 E125.56228
G1 X107.254 Y109.455 E125.5993
G1 X107.202 Y110 E125.63572
G1 X107.254 Y110.541 E125.67187
G1 X107.414 Y111.074 E125.70889
G1 X107.672 Y111.552 E125.74503
G1 X108.019 Y111.978 E125.78157
G1 X108.444 Y112.329 E125.81824
G1 X108.921 Y112.582 E125.85416
G1 X109.456 Y112.742 E125.8913
G1 X110 Y112.798 E125.92768
G0 F12000 X110 Y112.488
G0 X110 Y111.999
G0 X110 Y111.687
G1 F1441.7 X109.795 Y111.687 E125.94132
G1 X109.374 Y111.578 E125.97025
G1 X109.02 Y111.387 E125.997
G1 X108.743 Y111.143 E126.02156
G1 X108.496 Y110.792 E126.05011
G1 X108.352 Y110.414 E126.07702
G1 X108.3 Y109.98 E126.10609
G1 X108.356 Y109.569 E126.13369
G1 X108.495 Y109.205 E126.1596
G1 X108.72 Y108.877 E126.18606
G1 X109.054 Y108.586 E126.21553
G1 X109.418 Y108.402 E126.24266
G1 X109.796 Y108.309 E126.26856
G1 X110.199 Y108.308 E126.29536
G1 X110.622 Y108.418 E126.32444
G1 X110.955 Y108.594 E126.34949
G1 X111.275 Y108.876 E126.37787
G1 X111.501 Y109.206 E126.40447
G1 X111.644 Y109.582 E126.43123
G1 X111.697 Y110 E126.45926
G1 X111.64 Y110.427 E126.48792
G1 X111.502 Y110.79 E126.51375
G1 X111.275 Y111.12 E126.54039
G1 X110.976 Y111.387 E126.56706
G1 X110.618 Y111.579 E126.59408
G1 X110.201 Y111.687 E126.62273
G1 X110 Y111.687 E126.63611
G1 F2700 E121.63611
;MESH:standoff_6h_6od_2id.obj(2)
G0 F12000 X110 Y111.999
G0 X109.308 Y111.827
G0 X108.891 Y111.605
G0 X108.538 Y111.295
G0 X108.27 Y110.905
G0 X108.105 Y110.467
G0 X108.047 Y110.001
G0 X108.105 Y109.532
G0 X108.253 Y109.139
G0 X109.499 Y107.481
G0 X109.274 Y105.202
G0 X108.806 Y105.1
;TYPE:WALL-INNER
G1 F2700 E126.63611
G1 F1647.7 X109.247 Y105.057 E126.6619
G1 F1638.3 X109.753 Y104.901 E126.69289
G1 F1629 X110.131 Y104.689 E126.71841
G1 X110.486 Y104.398 E126.74543
G1 F1647.7 X110.792 Y104.028 E126.77338
G1 F1657.1 X111.019 Y103.602 E126.80131
G1 F1638.3 X111.155 Y103.15 E126.82894
G1 F1629 X111.2 Y102.68 E126.85674
G1 X111.155 Y102.214 E126.8843
G1 F1638.3 X111.018 Y101.758 E126.91217
G1 F1647.7 X110.792 Y101.332 E126.94024
G1 F1643 X110.49 Y100.967 E126.96789
G1 F1629 X110.13 Y100.675 E126.99518
G1 X109.751 Y100.458 E127.02089
G1 F1638.3 X109.247 Y100.304 E127.05174
G1 F1647.7 X108.78 Y100.259 E127.07905
G1 X108.309 Y100.304 E127.10659
G1 F1638.3 X107.856 Y100.444 E127.13434
G1 F1629 X107.435 Y100.669 E127.16244
G1 F1638.3 X107.067 Y100.969 E127.19024
G1 F1647.7 X106.765 Y101.334 E127.21781
G1 F1657.1 X106.542 Y101.756 E127.24543
G1 F1647.7 X106.404 Y102.213 E127.27322
G1 F1629 X106.361 Y102.68 E127.30083
G1 X106.404 Y103.15 E127.32861
G1 F1643 X106.541 Y103.602 E127.35618
G1 F1657.1 X106.765 Y104.024 E127.38383
G1 F1647.7 X107.07 Y104.395 E127.41179
G1 F1638.3 X107.434 Y104.694 E127.43936
G1 F1633.7 X107.854 Y104.917 E127.46728
G1 F1638.3 X108.309 Y105.056 E127.49513
G1 F1647.7 X108.78 Y105.103 E127.52268
G1 X108.806 Y105.1 E127.5242
G0 F12000 X108.802 Y104.752
G1 F1652.4 X108.78 Y104.754 E127.52548
G1 F1657.1 X108.301 Y104.702 E127.55337
G1 F1666.7 X107.877 Y104.545 E127.57938
G1 F1647.7 X107.632 Y104.401 E127.59592
G1 F1638.3 X107.38 Y104.216 E127.61422
G1 F1652.4 X107.057 Y103.836 E127.64317
G1 F1666.7 X106.841 Y103.429 E127.66968
G1 F1676.4 X106.723 Y102.956 E127.69757
G1 X106.718 Y102.431 E127.72761
G1 F1666.7 X106.84 Y101.933 E127.75711
G1 F1657.1 X107.058 Y101.524 E127.78393
G1 F1661.9 X107.374 Y101.148 E127.81227
G1 F1676.4 X107.747 Y100.879 E127.83858
G1 F1657.1 X107.987 Y100.773 E127.85377
G1 F1633.7 X108.307 Y100.657 E127.87375
G1 F1643 X108.78 Y100.609 E127.9015
G1 F1657.1 X109.25 Y100.657 E127.92884
G1 F1676.4 X109.698 Y100.818 E127.95607
G1 F1657.1 X109.931 Y100.966 E127.97205
G1 F1629 X110.185 Y101.153 E127.99062
G1 F1643 X110.499 Y101.523 E128.01894
G1 F1652.4 X110.72 Y101.939 E128.04628
G1 F1657.1 X110.842 Y102.423 E128.07517
G1 F1666.7 X110.837 Y102.96 E128.10607
G1 X110.718 Y103.423 E128.13358
G1 F1657.1 X110.501 Y103.839 E128.16073
G1 F1666.7 X110.181 Y104.214 E128.1891
G1 F1676.4 X109.806 Y104.486 E128.2156
G1 F1657.1 X109.573 Y104.588 E128.23032
G1 F1638.3 X109.259 Y104.702 E128.24987
G1 F1647.7 X108.802 Y104.752 E128.27663
G0 F12000 X108.8 Y104.38
;TYPE:WALL-OUTER
G1 F1441.7 X108.361 Y104.328 E128.30604
G1 X108.009 Y104.196 E128.33105
G1 X107.656 Y103.959 E128.35933
G1 X107.374 Y103.638 E128.38775
G1 X107.184 Y103.271 E128.41524
G1 X107.092 Y102.884 E128.4417
G1 X107.092 Y102.48 E128.46858
G1 X107.184 Y102.089 E128.4953
G1 X107.374 Y101.724 E128.52267
G1 X107.656 Y101.401 E128.55119
G1 X107.985 Y101.179 E128.57759
G1 X108.361 Y101.032 E128.60445
G1 X108.78 Y100.984 E128.6325
G1 X109.195 Y101.032 E128.66029
G1 X109.571 Y101.175 E128.68705
G1 X109.899 Y101.404 E128.71366
G1 X110.185 Y101.724 E128.74221
G1 X110.375 Y102.099 E128.77018
G1 X110.469 Y102.5 E128.79757
G1 X110.468 Y102.883 E128.82305
G1 X110.372 Y103.271 E128.84964
G1 X110.172 Y103.659 E128.87868
G1 X109.9 Y103.959 E128.90561
G1 X109.548 Y104.196 E128.93384
G1 X109.199 Y104.328 E128.95866
G1 X108.8 Y104.38 E128.98543
G0 F12000 X108.837 Y104.69
G0 X108.781 Y105.171
G0 X108.81 Y105.476
G1 F1441.7 X109.32 Y105.426 E129.01952
G1 X109.847 Y105.266 E129.05615
G1 X110.34 Y105.004 E129.09329
G1 X110.753 Y104.665 E129.12883
G1 X111.104 Y104.236 E129.1657
G1 X111.366 Y103.746 E129.20267
G1 X111.526 Y103.224 E129.23898
G1 X111.579 Y102.68 E129.27534
G1 X111.526 Y102.14 E129.31144
G1 X111.366 Y101.614 E129.34801
G1 X111.104 Y101.124 E129.38497
G1 X110.757 Y100.699 E129.42147
G1 X110.34 Y100.36 E129.45722
G1 X109.846 Y100.094 E129.49454
G1 X109.32 Y99.934 E129.53111
G1 X108.78 Y99.882 E129.5672
G1 X108.236 Y99.934 E129.60355
G1 X107.71 Y100.094 E129.64012
G1 X107.224 Y100.355 E129.67682
G1 X106.802 Y100.703 E129.7132
G1 X106.452 Y101.124 E129.74962
G1 X106.194 Y101.613 E129.7864
G1 X106.034 Y102.14 E129.82304
G1 X105.982 Y102.68 E129.85912
G1 X106.033 Y103.224 E129.89547
G1 X106.194 Y103.746 E129.93181
G1 X106.452 Y104.232 E129.96841
G1 X106.803 Y104.662 E130.00533
G1 X107.224 Y105.008 E130.04158
G1 X107.709 Y105.266 E130.07813
G1 X108.236 Y105.426 E130.11476
G1 X108.78 Y105.479 E130.15112
G1 X108.81 Y105.476 E130.15313
G1 F2700 E125.15313
;MESH:standoff_6h_6od_2id.obj(3)
G0 F12000 X108.781 Y105.171
G0 X109.282 Y105.202
G0 X109.389 Y106.29
G0 X110.714 Y106.403
G0 X111.403 Y106.612
G0 X112.038 Y106.951
G0 X112.593 Y107.407
G0 X113.049 Y107.962
G0 X113.388 Y108.597
G0 X113.597 Y109.286
G0 X113.668 Y110
G0 X113.597 Y110.714
G0 X113.388 Y111.403
G0 X113.049 Y112.038
G0 X112.593 Y112.593
G0 X112.038 Y113.049
G0 X110.611 Y113.71
G0 X111.194 Y119.388
;TYPE:WALL-INNER
G1 F2700 E130.15313
G1 F1661.9 X110.741 Y119.338 E130.17943
G1 F1666.7 X110.317 Y119.181 E130.20544
G1 F1647.7 X110.066 Y119.033 E130.2224
G1 X109.815 Y118.849 E130.24052
G1 F1661.9 X109.495 Y118.473 E130.26901
G1 F1652.4 X109.279 Y118.061 E130.29601
G1 F1657.1 X109.162 Y117.614 E130.32275
G1 F1647.7 X109.151 Y117.316 E130.3401
G1 X109.162 Y117.014 E130.35769
G1 F1657.1 X109.28 Y116.57 E130.38428
G1 X109.495 Y116.158 E130.41118
G1 F1666.7 X109.812 Y115.784 E130.43939
G1 F1676.4 X110.189 Y115.51 E130.46605
G1 F1652.4 X110.422 Y115.408 E130.48081
G1 F1633.7 X110.747 Y115.294 E130.50103
G1 F1647.7 X111.216 Y115.242 E130.52849
G1 X111.692 Y115.294 E130.55636
G1 F1638.3 X112.011 Y115.407 E130.57618
G1 F1661.9 X112.254 Y115.514 E130.5915
G1 F1681.3 X112.625 Y115.788 E130.61781
G1 F1671.5 X112.942 Y116.159 E130.6458
G1 F1657.1 X113.155 Y116.569 E130.67254
G1 X113.274 Y117.016 E130.69931
G1 F1647.7 X113.284 Y117.316 E130.71678
G1 F1652.4 X113.264 Y117.641 E130.73568
G1 F1666.7 X113.157 Y118.062 E130.76068
G1 F1661.9 X112.94 Y118.474 E130.78755
G1 F1666.7 X112.623 Y118.848 E130.81576
G1 F1676.4 X112.242 Y119.123 E130.84264
G1 F1657.1 X112.011 Y119.225 E130.85725
G1 F1638.3 X111.692 Y119.339 E130.87708
G1 F1647.7 X111.216 Y119.39 E130.90495
G1 F1657.1 X111.194 Y119.388 E130.90622
G0 F12000 X111.19 Y119.736
G1 F1647.7 X111.216 Y119.739 E130.90775
G1 X111.687 Y119.692 E130.9353
G1 F1638.3 X112.141 Y119.554 E130.96308
G1 F1633.7 X112.562 Y119.327 E130.99115
G1 F1638.3 X112.931 Y119.026 E131.01903
G1 F1647.7 X113.231 Y118.664 E131.04639
G1 F1657.1 X113.454 Y118.243 E131.07397
G1 F1647.7 X113.592 Y117.787 E131.1017
G1 F1638.3 X113.637 Y117.316 E131.12939
G1 X113.592 Y116.846 E131.15703
G1 F1647.7 X113.456 Y116.393 E131.18456
G1 F1657.1 X113.232 Y115.971 E131.21221
G1 X112.927 Y115.601 E131.23996
G1 F1638.3 X112.562 Y115.306 E131.26743
G1 X112.141 Y115.079 E131.29543
G1 X111.687 Y114.94 E131.32323
G1 F1647.7 X111.216 Y114.893 E131.35078
G1 X110.749 Y114.94 E131.3781
G1 F1633.7 X110.243 Y115.095 E131.40916
G1 F1629 X109.865 Y115.307 E131.43468
G1 X109.511 Y115.597 E131.46162
G1 F1652.4 X109.205 Y115.97 E131.48962
G1 F1661.9 X108.981 Y116.394 E131.51729
G1 F1647.7 X108.843 Y116.847 E131.54485
G1 F1633.7 X108.797 Y117.316 E131.57252
G1 F1629 X108.829 Y117.735 E131.59726
G1 F1643 X108.981 Y118.244 E131.62826
G1 F1657.1 X109.204 Y118.663 E131.65573
G1 F1647.7 X109.51 Y119.031 E131.68359
G1 F1638.3 X109.867 Y119.326 E131.7107
G1 F1633.7 X110.294 Y119.553 E131.73909
G1 F1638.3 X110.749 Y119.692 E131.76694
G1 F1647.7 X111.19 Y119.736 E131.79273
G0 F12000 X111.186 Y120.112
;TYPE:WALL-OUTER
G1 F1441.7 X111.216 Y120.115 E131.79474
G1 X111.76 Y120.062 E131.8311
G1 X112.286 Y119.902 E131.86767
G1 X112.772 Y119.641 E131.90437
G1 X113.198 Y119.293 E131.94096
G1 X113.544 Y118.872 E131.97721
G1 X113.802 Y118.387 E132.01375
G1 X113.962 Y117.86 E132.05039
G1 X114.015 Y117.316 E132.08674
G1 X113.962 Y116.772 E132.1231
G1 X113.802 Y116.249 E132.15948
G1 X113.544 Y115.764 E132.19603
G1 X113.194 Y115.335 E132.23286
G1 X112.772 Y114.992 E132.26903
G1 X112.286 Y114.73 E132.30576
G1 X111.76 Y114.57 E132.34233
G1 X111.216 Y114.517 E132.37869
G1 X110.676 Y114.57 E132.41478
G1 X110.149 Y114.73 E132.45142
G1 X109.656 Y114.992 E132.48856
G1 X109.243 Y115.33 E132.52406
G1 X108.892 Y115.763 E132.56114
G1 X108.634 Y116.25 E132.5978
G1 X108.473 Y116.772 E132.63414
G1 X108.418 Y117.316 E132.67051
G1 X108.474 Y117.86 E132.70689
G1 X108.634 Y118.387 E132.74352
G1 X108.892 Y118.872 E132.78006
G1 X109.243 Y119.298 E132.81678
G1 X109.657 Y119.64 E132.8525
G1 X110.149 Y119.902 E132.88958
G1 X110.676 Y120.062 E132.92622
G1 X111.186 Y120.112 E132.96031
G0 F12000 X111.216 Y119.805
G0 X111.16 Y119.323
G0 X111.196 Y119.016
G1 F1441.7 X110.801 Y118.964 E132.98681
G1 X110.449 Y118.832 E133.01182
G1 X110.096 Y118.595 E133.0401
G1 X109.825 Y118.292 E133.06714
G1 X109.621 Y117.897 E133.09671
G1 X109.529 Y117.517 E133.12272
G1 X109.533 Y117.087 E133.15133
G1 X109.624 Y116.725 E133.17616
G1 X109.81 Y116.357 E133.20358
G1 X110.097 Y116.037 E133.23218
G1 X110.426 Y115.811 E133.25873
G1 X110.801 Y115.668 E133.28543
G1 X111.216 Y115.616 E133.31325
G1 X111.635 Y115.668 E133.34133
G1 X112.011 Y115.811 E133.36809
G1 X112.338 Y116.036 E133.3945
G1 X112.626 Y116.357 E133.42318
G1 X112.812 Y116.725 E133.45061
G1 X112.907 Y117.112 E133.47712
G1 X112.903 Y117.55 E133.50626
G1 X112.812 Y117.907 E133.53076
G1 X112.607 Y118.297 E133.56007
G1 X112.339 Y118.595 E133.58673
G1 X112.012 Y118.821 E133.61318
G1 X111.635 Y118.964 E133.64
G1 X111.196 Y119.016 E133.6694
G1 F2700 E128.6694
;MESH:NONMESH
G0 F300 Z4.2
G0 F12000 X111.16 Y119.323
G0 X110.312 Y119.046
G0 X109.924 Y118.777
G0 X109.614 Y118.426
G0 X109.489 Y118.189
G0 X108.848 Y116.331
G0 X107.883 Y115.817
G0 X104.808 Y111.757
G0 X102.818 Y110.836
;TIME_ELAPSED:149.163090
;LAYER:10
;note -- min layer time used
;TYPE:WALL-INNER
;MESH:standoff_6h_6od_2id.obj(1)
G1 F2700 E133.6694
G1 F1652.4 X102.68 Y110.851 E133.67746
G1 F1647.7 X102.207 Y110.798 E133.70516
G1 F1657.1 X101.771 Y110.643 E133.73194
G1 F1647.7 X101.534 Y110.495 E133.74821
G1 F1633.7 X101.287 Y110.315 E133.76615
G1 F1652.4 X100.958 Y109.933 E133.79541
G1 F1657.1 X100.741 Y109.523 E133.82225
G1 X100.618 Y109.037 E133.85127
G1 F1671.5 X100.623 Y108.5 E133.88208
G1 F1666.7 X100.745 Y108.027 E133.91019
G1 F1661.9 X100.959 Y107.621 E133.93667
G1 F1666.7 X101.289 Y107.239 E133.96572
G1 X101.72 Y106.938 E133.99597
G1 F1661.9 X102.208 Y106.758 E134.02598
G1 F1657.1 X102.68 Y106.706 E134.05346
G1 X103.159 Y106.758 E134.08135
G1 F1661.9 X103.65 Y106.94 E134.11156
G1 F1666.7 X104.076 Y107.239 E134.14151
G1 F1657.1 X104.403 Y107.622 E134.17066
G1 X104.619 Y108.026 E134.19717
G1 F1666.7 X104.744 Y108.515 E134.22621
G1 F1676.4 X104.744 Y109.041 E134.2563
G1 F1666.7 X104.619 Y109.53 E134.28534
G1 F1661.9 X104.404 Y109.935 E134.3118
G1 F1647.7 X104.076 Y110.315 E134.34102
G1 F1638.3 X103.835 Y110.492 E134.35852
G1 F1657.1 X103.599 Y110.64 E134.37465
G1 F1671.5 X103.158 Y110.798 E134.40152
G1 F1661.9 X102.818 Y110.836 E134.42126
G0 F12000 X102.841 Y111.185
G1 F1647.7 X103.149 Y111.153 E134.43929
G1 F1638.3 X103.66 Y110.996 E134.47058
G1 F1629 X104.033 Y110.785 E134.49581
G1 F1638.3 X104.387 Y110.495 E134.5226
G1 F1647.7 X104.696 Y110.123 E134.55075
G1 F1657.1 X104.919 Y109.703 E134.57827
G1 F1647.7 X105.056 Y109.247 E134.60598
G1 F1638.3 X105.1 Y108.78 E134.63344
G1 X105.056 Y108.309 E134.66113
G1 F1647.7 X104.919 Y107.853 E134.68884
G1 F1652.4 X104.696 Y107.433 E134.71644
G1 F1647.7 X104.391 Y107.065 E134.74426
G1 F1633.7 X104.033 Y106.77 E134.77149
G1 F1629 X103.606 Y106.544 E134.79994
G1 F1638.3 X103.151 Y106.404 E134.8278
G1 F1647.7 X102.68 Y106.357 E134.85535
G1 X102.213 Y106.404 E134.88267
G1 F1638.3 X101.757 Y106.544 E134.9106
G1 F1629 X101.333 Y106.767 E134.9388
G1 X100.971 Y107.064 E134.96636
G1 F1647.7 X100.667 Y107.432 E134.99415
G1 F1652.4 X100.441 Y107.855 E135.02198
G1 F1638.3 X100.305 Y108.309 E135.04972
G1 F1629 X100.261 Y108.78 E135.07757
G1 X100.305 Y109.246 E135.10513
G1 F1638.3 X100.441 Y109.701 E135.13293
G1 F1657.1 X100.666 Y110.122 E135.16055
G1 F1652.4 X100.973 Y110.491 E135.18841
G1 F1633.7 X101.334 Y110.789 E135.21589
G1 F1629 X101.7 Y110.993 E135.24056
G1 F1638.3 X102.215 Y111.153 E135.27213
G1 F1643 X102.68 Y111.202 E135.29942
G1 F1647.7 X102.841 Y111.185 E135.30884
G0 F12000 X102.866 Y111.56
;TYPE:WALL-OUTER
G1 F1441.7 X103.224 Y111.522 E135.33279
G1 X103.751 Y111.362 E135.36943
G1 X104.244 Y111.1 E135.40657
G1 X104.653 Y110.762 E135.44186
G1 X105.008 Y110.332 E135.47895
G1 X105.266 Y109.847 E135.5155
G1 X105.426 Y109.32 E135.55213
G1 X105.478 Y108.78 E135.58822
G1 X105.426 Y108.236 E135.62457
G1 X105.266 Y107.709 E135.66121
G1 X105.009 Y107.224 E135.69772
G1 X104.657 Y106.798 E135.73448
G1 X104.244 Y106.455 E135.77019
G1 X103.751 Y106.194 E135.8073
G1 X103.224 Y106.034 E135.84394
G1 X102.68 Y105.981 E135.88029
G1 X102.14 Y106.034 E135.91639
G1 X101.613 Y106.194 E135.95302
G1 X101.124 Y106.452 E135.9898
G1 X100.703 Y106.798 E136.02605
G1 X100.356 Y107.224 E136.0626
G1 X100.094 Y107.71 E136.09933
G1 X99.934 Y108.236 E136.1359
G1 X99.882 Y108.78 E136.17225
G1 X99.934 Y109.32 E136.20834
G1 X100.094 Y109.846 E136.24491
G1 X100.355 Y110.331 E136.28155
G1 X100.707 Y110.758 E136.31836
G1 X101.124 Y111.104 E136.3544
G1 X101.613 Y111.361 E136.39115
G1 X102.14 Y111.522 E136.42781
G1 X102.68 Y111.579 E136.46393
G1 X102.866 Y111.56 E136.47637
G0 F12000 X102.837 Y111.252
G0 X102.832 Y110.776
G0 X102.794 Y110.462
G1 F1441.7 X102.68 Y110.476 E136.48401
G1 X102.265 Y110.424 E136.51183
G1 X101.89 Y110.282 E136.5385
G1 X101.56 Y110.054 E136.56518
G1 X101.274 Y109.735 E136.59368
G1 X101.085 Y109.361 E136.62156
G1 X100.992 Y108.98 E136.64765
G1 X100.992 Y108.577 E136.67445
G1 X101.088 Y108.189 E136.70104
G1 X101.274 Y107.821 E136.72847
G1 X101.56 Y107.501 E136.75702
G1 X101.89 Y107.275 E136.78363
G1 X102.265 Y107.132 E136.81032
G1 X102.68 Y107.08 E136.83814
G1 X103.099 Y107.132 E136.86623
G1 X103.494 Y107.286 E136.89443
G1 X103.804 Y107.501 E136.91953
G1 X104.086 Y107.821 E136.9479
G1 X104.279 Y108.195 E136.9759
G1 X104.371 Y108.576 E137.00197
G1 X104.367 Y109.009 E137.03077
G1 X104.276 Y109.371 E137.0556
G1 X104.086 Y109.738 E137.08309
G1 X103.804 Y110.055 E137.11132
G1 X103.474 Y110.281 E137.13792
G1 X103.099 Y110.424 E137.16462
G1 X102.794 Y110.462 E137.18506
G1 F2700 E132.18506
;MESH:standoff_6h_6od_2id.obj
G0 F12000 X102.832 Y110.776
G0 X104.498 Y110.596
G0 X105.344 Y111.289
G0 X106.581 Y111.303
G0 X110 Y112.065
;TYPE:WALL-INNER
G1 F2700 E137.18506
G1 F1666.7 X109.771 Y112.074 E137.19825
G1 F1657.1 X109.243 Y111.933 E137.22988
G1 F1647.7 X108.844 Y111.72 E137.25621
G1 F1643 X108.461 Y111.394 E137.28556
G1 F1647.7 X108.157 Y110.975 E137.31569
G1 X107.978 Y110.475 E137.34661
G1 X107.926 Y110 E137.37442
G1 X107.978 Y109.521 E137.40246
G1 X108.154 Y109.025 E137.4331
G1 F1657.1 X108.461 Y108.602 E137.46334
G1 X108.842 Y108.277 E137.49233
G1 F1647.7 X109.248 Y108.061 E137.51909
G1 F1657.1 X109.706 Y107.94 E137.54651
G1 F1666.7 X110.29 Y107.94 E137.58011
G1 F1657.1 X110.753 Y108.064 E137.60785
G1 F1647.7 X111.154 Y108.277 E137.63428
G1 X111.529 Y108.597 E137.66297
G1 F1629 X111.719 Y108.854 E137.68179
G1 F1638.3 X111.861 Y109.083 E137.69756
G1 F1647.7 X112.019 Y109.524 E137.72483
G1 X112.071 Y110 E137.7527
G1 F1657.1 X112.02 Y110.469 E137.78
G1 F1671.5 X111.861 Y110.918 E137.80733
G1 F1647.7 X111.719 Y111.141 E137.82272
G1 F1629 X111.536 Y111.393 E137.84105
G1 F1643 X111.153 Y111.721 E137.87049
G1 F1647.7 X110.752 Y111.934 E137.89691
G1 F1652.4 X110.299 Y112.054 E137.92411
G1 F1666.7 X110 Y112.065 E137.94133
G0 F12000 X110 Y112.419
G1 F1629 X110.42 Y112.387 E137.96613
G1 F1638.3 X110.931 Y112.233 E137.99737
G1 F1647.7 X111.342 Y112.015 E138.02445
G1 F1638.3 X111.71 Y111.71 E138.05243
G1 F1629 X112.013 Y111.341 E138.08053
G1 X112.231 Y110.931 E138.10787
G1 F1638.3 X112.373 Y110.466 E138.13633
G1 F1647.7 X112.422 Y110 E138.16361
G1 X112.373 Y109.53 E138.19111
G1 F1629 X112.232 Y109.065 E138.21972
G1 F1619.9 X112.013 Y108.655 E138.24723
G1 F1629 X111.711 Y108.287 E138.27526
G1 F1647.7 X111.343 Y107.983 E138.30304
G1 X110.93 Y107.763 E138.33028
G1 X110.468 Y107.624 E138.35836
G1 F1638.3 X110 Y107.58 E138.38588
G1 X109.528 Y107.624 E138.41363
G1 F1643 X109.066 Y107.763 E138.44179
G1 F1647.7 X108.653 Y107.983 E138.46903
G1 X108.286 Y108.286 E138.49673
G1 F1638.3 X107.986 Y108.655 E138.52457
G1 F1629 X107.764 Y109.067 E138.55212
G1 F1638.3 X107.624 Y109.528 E138.58032
G1 F1647.7 X107.578 Y110 E138.60792
G1 X107.624 Y110.468 E138.63529
G1 F1629 X107.763 Y110.929 E138.66364
G1 X107.987 Y111.341 E138.69125
G1 X108.252 Y111.683 E138.71672
G1 F1638.3 X108.653 Y112.015 E138.74719
G1 F1643 X109.064 Y112.234 E138.77438
G1 X109.53 Y112.373 E138.80276
G1 F1638.3 X110 Y112.419 E138.83041
G0 F12000 X110 Y112.798
;TYPE:WALL-OUTER
G1 F1441.7 X110.54 Y112.743 E138.86651
G1 X111.075 Y112.582 E138.90368
G1 X111.552 Y112.328 E138.93963
G1 X111.977 Y111.977 E138.97629
G1 X112.328 Y111.552 E139.01296
G1 X112.582 Y111.075 E139.04891
G1 X112.742 Y110.54 E139.08605
G1 X112.798 Y110 E139.12217
G1 X112.743 Y109.456 E139.15854
G1 X112.582 Y108.921 E139.1957
G1 X112.329 Y108.444 E139.23162
G1 X111.978 Y108.019 E139.26829
G1 X111.552 Y107.671 E139.30488
G1 X111.074 Y107.414 E139.34098
G1 X110.541 Y107.254 E139.378
G1 X110 Y107.202 E139.41415
G1 X109.455 Y107.254 E139.45057
G1 X108.922 Y107.414 E139.48759
G1 X108.444 Y107.671 E139.52369
G1 X108.019 Y108.019 E139.56023
G1 X107.672 Y108.444 E139.59673
G1 X107.414 Y108.922 E139.63286
G1 X107.254 Y109.455 E139.66988
G1 X107.202 Y110 E139.70629
G1 X107.254 Y110.541 E139.74245
G1 X107.414 Y111.074 E139.77947
G1 X107.672 Y111.552 E139.8156
G1 X108.019 Y111.978 E139.85215
G1 X108.444 Y112.329 E139.88881
G1 X108.921 Y112.582 E139.92473
G1 X109.456 Y112.742 E139.96188
G1 X110 Y112.798 E139.99826
G0 F12000 X110 Y112.488
G0 X110 Y111.999
G0 X110 Y111.687
G1 F1441.7 X109.795 Y111.687 E140.01189
G1 X109.374 Y111.578 E140.04082
G1 X109.02 Y111.387 E140.06758
G1 X108.743 Y111.143 E140.09213
G1 X108.496 Y110.792 E140.12068
G1 X108.352 Y110.414 E140.14759
G1 X108.3 Y109.98 E140.17667
G1 X108.356 Y109.569 E140.20426
G1 X108.495 Y109.205 E140.23018
G1 X108.72 Y108.877 E140.25664
G1 X109.054 Y108.586 E140.2861
G1 X109.418 Y108.402 E140.31324
G1 X109.796 Y108.309 E140.33913
G1 X110.199 Y108.308 E140.36594
G1 X110.622 Y108.418 E140.39501
G1 X110.955 Y108.594 E140.42007
G1 X111.275 Y108.876 E140.44844
G1 X111.501 Y109.206 E140.47505
G1 X111.644 Y109.582 E140.5018
G1 X111.697 Y110 E140.52983
G1 X111.64 Y110.427 E140.55849
G1 X111.502 Y110.79 E140.58432
G1 X111.275 Y111.12 E140.61097
G1 X110.976 Y111.387 E140.63763
G1 X110.618 Y111.579 E140.66465
G1 X110.201 Y111.687 E140.69331
G1 X110 Y111.687 E140.70668
G1 F2700 E135.70668
;MESH:standoff_6h_6od_2id.obj(2)
G0 F12000 X110 Y111.999
G0 X109.308 Y111.827
G0 X108.891 Y111.605
G0 X108.538 Y111.295
G0 X108.27 Y110.905
G0 X108.105 Y110.467
G0 X108.047 Y110.001
G0 X108.105 Y109.532
G0 X108.253 Y109.139
G0 X109.499 Y107.481
G0 X109.274 Y105.202
G0 X108.806 Y105.1
;TYPE:WALL-INNER
G1 F2700 E140.70668
G1 F1647.7 X109.247 Y105.057 E140.73247
G1 F1638.3 X109.753 Y104.901 E140.76346
G1 F1629 X110.131 Y104.689 E140.78898
G1 X110.486 Y104.398 E140.816
G1 F1647.7 X110.792 Y104.028 E140.84395
G1 F1657.1 X111.019 Y103.602 E140.87188
G1 F1638.3 X111.155 Y103.15 E140.89951
G1 F1629 X111.2 Y102.68 E140.92731
G1 X111.155 Y102.214 E140.95487
G1 F1638.3 X111.018 Y101.758 E140.98274
G1 F1647.7 X110.792 Y101.332 E141.01081
G1 F1643 X110.49 Y100.967 E141.03847
G1 F1629 X110.13 Y100.675 E141.06575
G1 X109.751 Y100.458 E141.09146
G1 F1638.3 X109.247 Y100.304 E141.12231
G1 F1647.7 X108.78 Y100.259 E141.14962
G1 X108.309 Y100.304 E141.17716
G1 F1638.3 X107.856 Y100.444 E141.20492
G1 F1629 X107.435 Y100.669 E141.23302
G1 F1638.3 X107.067 Y100.969 E141.26081
G1 F1647.7 X106.765 Y101.334 E141.28839
G1 F1657.1 X106.542 Y101.756 E141.31601
G1 F1647.7 X106.404 Y102.213 E141.34379
G1 F1629 X106.361 Y102.68 E141.3714
G1 X106.404 Y103.15 E141.39919
G1 F1643 X106.541 Y103.602 E141.42676
G1 F1657.1 X106.765 Y104.024 E141.45441
G1 F1647.7 X107.07 Y104.395 E141.48236
G1 F1638.3 X107.434 Y104.694 E141.50994
G1 F1633.7 X107.854 Y104.917 E141.53785
G1 F1638.3 X108.309 Y105.056 E141.5657
G1 F1647.7 X108.78 Y105.103 E141.59325
G1 X108.806 Y105.1 E141.59478
G0 F12000 X108.802 Y104.752
G1 F1652.4 X108.78 Y104.754 E141.59606
G1 F1657.1 X108.301 Y104.702 E141.62394
G1 F1666.7 X107.877 Y104.545 E141.64996
G1 F1647.7 X107.632 Y104.401 E141.6665
G1 F1638.3 X107.38 Y104.216 E141.6848
G1 F1652.4 X107.057 Y103.836 E141.71374
G1 F1666.7 X106.841 Y103.429 E141.74026
G1 F1676.4 X106.723 Y102.956 E141.76814
G1 X106.718 Y102.431 E141.79818
G1 F1666.7 X106.84 Y101.933 E141.82768
G1 F1657.1 X107.058 Y101.524 E141.8545
G1 F1661.9 X107.374 Y101.148 E141.88285
G1 F1676.4 X107.747 Y100.879 E141.90916
G1 F1657.1 X107.987 Y100.773 E141.92434
G1 F1633.7 X108.307 Y100.657 E141.94432
G1 F1643 X108.78 Y100.609 E141.97207
G1 F1657.1 X109.25 Y100.657 E141.99941
G1 F1676.4 X109.698 Y100.818 E142.02665
G1 F1657.1 X109.931 Y100.966 E142.04262
G1 F1629 X110.185 Y101.153 E142.06119
G1 F1643 X110.499 Y101.523 E142.08952
G1 F1652.4 X110.72 Y101.939 E142.11686
G1 F1657.1 X110.842 Y102.423 E142.14574
G1 F1666.7 X110.837 Y102.96 E142.17664
G1 X110.718 Y103.423 E142.20415
G1 F1657.1 X110.501 Y103.839 E142.2313
G1 F1666.7 X110.181 Y104.214 E142.25967
G1 F1676.4 X109.806 Y104.486 E142.28617
G1 F1657.1 X109.573 Y104.588 E142.30089
G1 F1638.3 X109.259 Y104.702 E142.32045
G1 F1647.7 X108.802 Y104.752 E142.34721
G0 F12000 X108.8 Y104.38
;TYPE:WALL-OUTER
G1 F1441.7 X108.361 Y104.328 E142.37661
G1 X108.009 Y104.196 E142.40162
G1 X107.656 Y103.959 E142.4299
G1 X107.374 Y103.638 E142.45832
G1 X107.184 Y103.271 E142.48582
G1 X107.092 Y102.884 E142.51228
G1 X107.092 Y102.48 E142.53915
G1 X107.184 Y102.089 E142.56587
G1 X107.374 Y101.724 E142.59324
G1 X107.656 Y101.401 E142.62177
G1 X107.985 Y101.179 E142.64817
G1 X108.361 Y101.032 E142.67502
G1 X108.78 Y100.984 E142.70308
G1 X109.195 Y101.032 E142.73087
G1 X109.571 Y101.175 E142.75763
G1 X109.899 Y101.404 E142.78424
G1 X110.185 Y101.724 E142.81278
G1 X110.375 Y102.099 E142.84075
G1 X110.469 Y102.5 E142.86815
G1 X110.468 Y102.883 E142.89362
G1 X110.372 Y103.271 E142.92021
G1 X110.172 Y103.659 E142.94925
G1 X109.9 Y103.959 E142.97619
G1 X109.548 Y104.196 E143.00441
G1 X109.199 Y104.328 E143.02924
G1 X108.8 Y104.38 E143.056
G0 F12000 X108.837 Y104.69
G0 X108.781 Y105.171
G0 X108.81 Y105.476
G1 F1441.7 X109.32 Y105.426 E143.09009
G1 X109.847 Y105.266 E143.12673
G1 X110.34 Y105.004 E143.16386
G1 X110.753 Y104.665 E143.19941
G1 X111.104 Y104.236 E143.23628
G1 X111.366 Y103.746 E143.27324
G1 X111.526 Y103.224 E143.30956
G1 X111.579 Y102.68 E143.34592
G1 X111.526 Y102.14 E143.38201
G1 X111.366 Y101.614 E143.41858
G1 X111.104 Y101.124 E143.45554
G1 X110.757 Y100.699 E143.49204
G1 X110.34 Y100.36 E143.52779
G1 X109.846 Y100.094 E143.56511
G1 X109.32 Y99.934 E143.60168
G1 X108.78 Y99.882 E143.63777
G1 X108.236 Y99.934 E143.67412
G1 X107.71 Y100.094 E143.7107
G1 X107.224 Y100.355 E143.74739
G1 X106.802 Y100.703 E143.78378
G1 X106.452 Y101.124 E143.8202
G1 X106.194 Y101.613 E143.85697
G1 X106.034 Y102.14 E143.89361
G1 X105.982 Y102.68 E143.9297
G1 X106.033 Y103.224 E143.96604
G1 X106.194 Y103.746 E144.00238
G1 X106.452 Y104.232 E144.03898
G1 X106.803 Y104.662 E144.07591
G1 X107.224 Y105.008 E144.11216
G1 X107.709 Y105.266 E144.1487
G1 X108.236 Y105.426 E144.18534
G1 X108.78 Y105.479 E144.22169
G1 X108.81 Y105.476 E144.2237
G1 F2700 E139.2237
;MESH:standoff_6h_6od_2id.obj(3)
G0 F12000 X108.781 Y105.171
G0 X109.282 Y105.202
G0 X109.389 Y106.29
G0 X110.714 Y106.403
G0 X111.403 Y106.612
G0 X112.038 Y106.951
G0 X112.593 Y107.407
G0 X113.049 Y107.962
G0 X113.388 Y108.597
G0 X113.597 Y109.286
G0 X113.668 Y110
G0 X113.597 Y110.714
G0 X113.388 Y111.403
G0 X113.049 Y112.038
G0 X112.593 Y112.593
G0 X112.038 Y113.049
G0 X110.611 Y113.71
G0 X111.194 Y119.388
;TYPE:WALL-INNER
G1 F2700 E144.2237
G1 F1661.9 X110.741 Y119.338 E144.25
G1 F1666.7 X110.317 Y119.181 E144.27601
G1 F1647.7 X110.066 Y119.033 E144.29297
G1 X109.815 Y118.849 E144.31109
G1 F1661.9 X109.495 Y118.473 E144.33958
G1 F1652.4 X109.279 Y118.061 E144.36658
G1 F1657.1 X109.162 Y117.614 E144.39332
G1 F1647.7 X109.151 Y117.316 E144.41068
G1 X109.162 Y117.014 E144.42827
G1 F1657.1 X109.28 Y116.57 E144.45485
G1 X109.495 Y116.158 E144.48175
G1 F1666.7 X109.812 Y115.784 E144.50996
G1 F1676.4 X110.189 Y115.51 E144.53662
G1 F1652.4 X110.422 Y115.408 E144.55138
G1 F1633.7 X110.747 Y115.294 E144.5716
G1 F1647.7 X111.216 Y115.242 E144.59907
G1 X111.692 Y115.294 E144.62694
G1 F1638.3 X112.011 Y115.407 E144.64675
G1 F1661.9 X112.254 Y115.514 E144.66207
G1 F1681.3 X112.625 Y115.788 E144.68838
G1 F1671.5 X112.942 Y116.159 E144.71638
G1 F1657.1 X113.155 Y116.569 E144.74311
G1 X113.274 Y117.016 E144.76989
G1 F1647.7 X113.284 Y117.316 E144.78736
G1 F1652.4 X113.264 Y117.641 E144.80625
G1 F1666.7 X113.157 Y118.062 E144.83125
G1 F1661.9 X112.94 Y118.474 E144.85812
G1 F1666.7 X112.623 Y118.848 E144.88633
G1 F1676.4 X112.242 Y119.123 E144.91321
G1 F1657.1 X112.011 Y119.225 E144.92782
G1 F1638.3 X111.692 Y119.339 E144.94766
G1 F1647.7 X111.216 Y119.39 E144.97552
G1 F1657.1 X111.194 Y119.388 E144.9768
G0 F12000 X111.19 Y119.736
G1 F1647.7 X111.216 Y119.739 E144.97832
G1 X111.687 Y119.692 E145.00587
G1 F1638.3 X112.141 Y119.554 E145.03365
G1 F1633.7 X112.562 Y119.327 E145.06173
G1 F1638.3 X112.931 Y119.026 E145.0896
G1 F1647.7 X113.231 Y118.664 E145.11697
G1 F1657.1 X113.454 Y118.243 E145.14454
G1 F1647.7 X113.592 Y117.787 E145.17227
G1 F1638.3 X113.637 Y117.316 E145.19997
G1 X113.592 Y116.846 E145.2276
G1 F1647.7 X113.456 Y116.393 E145.25513
G1 F1657.1 X113.232 Y115.971 E145.28278
G1 X112.927 Y115.601 E145.31053
G1 F1638.3 X112.562 Y115.306 E145.33801
G1 X112.141 Y115.079 E145.36601
G1 X111.687 Y114.94 E145.3938
G1 F1647.7 X111.216 Y114.893 E145.42135
G1 X110.749 Y114.94 E145.44867
G1 F1633.7 X110.243 Y115.095 E145.47974
G1 F1629 X109.865 Y115.307 E145.50525
G1 X109.511 Y115.597 E145.53219
G1 F1652.4 X109.205 Y115.97 E145.56019
G1 F1661.9 X108.981 Y116.394 E145.58786
G1 F1647.7 X108.843 Y116.847 E145.61543
G1 F1633.7 X108.797 Y117.316 E145.64309
G1 F1629 X108.829 Y117.735 E145.66783
G1 F1643 X108.981 Y118.244 E145.69884
G1 F1657.1 X109.204 Y118.663 E145.72631
G1 F1647.7 X109.51 Y119.031 E145.75416
G1 F1638.3 X109.867 Y119.326 E145.78127
G1 F1633.7 X110.294 Y119.553 E145.80966
G1 F1638.3 X110.749 Y119.692 E145.83751
G1 F1647.7 X111.19 Y119.736 E145.86331
G0 F12000 X111.186 Y120.112
;TYPE:WALL-OUTER
G1 F1441.7 X111.216 Y120.115 E145.86531
G1 X111.76 Y120.062 E145.90167
G1 X112.286 Y119.902 E145.93824
G1 X112.772 Y119.641 E145.97494
G1 X113.198 Y119.293 E146.01153
G1 X113.544 Y118.872 E146.04778
G1 X113.802 Y118.387 E146.08432
G1 X113.962 Y117.86 E146.12096
G1 X114.015 Y117.316 E146.15732
G1 X113.962 Y116.772 E146.19368
G1 X113.802 Y116.249 E146.23006
G1 X113.544 Y115.764 E146.2666
G1 X113.194 Y115.335 E146.30343
G1 X112.772 Y114.992 E146.33961
G1 X112.286 Y114.73 E146.37633
G1 X111.76 Y114.57 E146.41291
G1 X111.216 Y114.517 E146.44926
G1 X110.676 Y114.57 E146.48536
G1 X110.149 Y114.73 E146.52199
G1 X109.656 Y114.992 E146.55913
G1 X109.243 Y115.33 E146.59463
G1 X108.892 Y115.763 E146.63171
G1 X108.634 Y116.25 E146.66837
G1 X108.473 Y116.772 E146.70471
G1 X108.418 Y117.316 E146.74108
G1 X108.474 Y117.86 E146.77746
G1 X108.634 Y118.387 E146.81409
G1 X108.892 Y118.872 E146.85064
G1 X109.243 Y119.298 E146.88736
G1 X109.657 Y119.64 E146.92308
G1 X110.149 Y119.902 E146.96016
G1 X110.676 Y120.062 E146.99679
G1 X111.186 Y120.112 E147.03088
G0 F12000 X111.216 Y119.805
G0 X111.16 Y119.323
G0 X111.196 Y119.016
G1 F1441.7 X110.801 Y118.964 E147.05738
G1 X110.449 Y118.832 E147.08239
G1 X110.096 Y118.595 E147.11067
G1 X109.825 Y118.292 E147.13771
G1 X109.621 Y117.897 E147.16729
G1 X109.529 Y117.517 E147.19329
G1 X109.533 Y117.087 E147.2219
G1 X109.624 Y116.725 E147.24673
G1 X109.81 Y116.357 E147.27416
G1 X110.097 Y116.037 E147.30275
G1 X110.426 Y115.811 E147.3293
G1 X110.801 Y115.668 E147.356
G1 X111.216 Y115.616 E147.38382
G1 X111.635 Y115.668 E147.41191
G1 X112.011 Y115.811 E147.43867
G1 X112.338 Y116.036 E147.46507
G1 X112.626 Y116.357 E147.49376
G1 X112.812 Y116.725 E147.52119
G1 X112.907 Y117.112 E147.54769
G1 X112.903 Y117.55 E147.57683
G1 X112.812 Y117.907 E147.60134
G1 X112.607 Y118.297 E147.63065
G1 X112.339 Y118.595 E147.65731
G1 X112.012 Y118.821 E147.68375
G1 X111.635 Y118.964 E147.71057
G1 X111.196 Y119.016 E147.73998
G1 F2700 E142.73998
;MESH:NONMESH
G0 F300 Z4.6
G0 F12000 X111.16 Y119.323
G0 X110.312 Y119.046
G0 X109.924 Y118.777
G0 X109.614 Y118.426
G0 X109.489 Y118.189
G0 X108.848 Y116.331
G0 X107.883 Y115.817
G0 X104.808 Y111.757
G0 X102.818 Y110.836
;TIME_ELAPSED:162.473868
;LAYER:11
;note -- min layer time used
;TYPE:WALL-INNER
;MESH:standoff_6h_6od_2id.obj(1)
G1 F2700 E147.73998
G1 F1652.4 X102.68 Y110.851 E147.74803
G1 F1647.7 X102.207 Y110.798 E147.77574
G1 F1657.1 X101.771 Y110.643 E147.80252
G1 F1647.7 X101.534 Y110.495 E147.81878
G1 F1633.7 X101.287 Y110.315 E147.83672
G1 F1652.4 X100.958 Y109.933 E147.86598
G1 F1657.1 X100.741 Y109.523 E147.89283
G1 X100.618 Y109.037 E147.92184
G1 F1671.5 X100.623 Y108.5 E147.95265
G1 F1666.7 X100.745 Y108.027 E147.98076
G1 F1661.9 X100.959 Y107.621 E148.00724
G1 F1666.7 X101.289 Y107.239 E148.03629
G1 X101.72 Y106.938 E148.06654
G1 F1661.9 X102.208 Y106.758 E148.09655
G1 F1657.1 X102.68 Y106.706 E148.12403
G1 X103.159 Y106.758 E148.15192
G1 F1661.9 X103.65 Y106.94 E148.18214
G1 F1666.7 X104.076 Y107.239 E148.21208
G1 F1657.1 X104.403 Y107.622 E148.24123
G1 X104.619 Y108.026 E148.26774
G1 F1666.7 X104.744 Y108.515 E148.29678
G1 F1676.4 X104.744 Y109.041 E148.32687
G1 F1666.7 X104.619 Y109.53 E148.35592
G1 F1661.9 X104.404 Y109.935 E148.38238
G1 F1647.7 X104.076 Y110.315 E148.41159
G1 F1638.3 X103.835 Y110.492 E148.4291
G1 F1657.1 X103.599 Y110.64 E148.44522
G1 F1671.5 X103.158 Y110.798 E148.4721
G1 F1661.9 X102.818 Y110.836 E148.49184
G0 F12000 X102.841 Y111.185
G1 F1647.7 X103.149 Y111.153 E148.50986
G1 F1638.3 X103.66 Y110.996 E148.54115
G1 F1629 X104.033 Y110.785 E148.56638
G1 F1638.3 X104.387 Y110.495 E148.59317
G1 F1647.7 X104.696 Y110.123 E148.62132
G1 F1657.1 X104.919 Y109.703 E148.64884
G1 F1647.7 X105.056 Y109.247 E148.67655
G1 F1638.3 X105.1 Y108.78 E148.70401
G1 X105.056 Y108.309 E148.7317
G1 F1647.7 X104.919 Y107.853 E148.75942
G1 F1652.4 X104.696 Y107.433 E148.78701
G1 F1647.7 X104.391 Y107.065 E148.81483
G1 F1633.7 X104.033 Y106.77 E148.84207
G1 F1629 X103.606 Y106.544 E148.87051
G1 F1638.3 X103.151 Y106.404 E148.89838
G1 F1647.7 X102.68 Y106.357 E148.92593
G1 X102.213 Y106.404 E148.95325
G1 F1638.3 X101.757 Y106.544 E148.98117
G1 F1629 X101.333 Y106.767 E149.00937
G1 X100.971 Y107.064 E149.03694
G1 F1647.7 X100.667 Y107.432 E149.06472
G1 F1652.4 X100.441 Y107.855 E149.09255
G1 F1638.3 X100.305 Y108.309 E149.1203
G1 F1629 X100.261 Y108.78 E149.14815
G1 X100.305 Y109.246 E149.1757
G1 F1638.3 X100.441 Y109.701 E149.2035
G1 F1657.1 X100.666 Y110.122 E149.23113
G1 F1652.4 X100.973 Y110.491 E149.25899
G1 F1633.7 X101.334 Y110.789 E149.28647
G1 F1629 X101.7 Y110.993 E149.31113
G1 F1638.3 X102.215 Y111.153 E149.3427
G1 F1643 X102.68 Y111.202 E149.36999
G1 F1647.7 X102.841 Y111.185 E149.37942
G0 F12000 X102.866 Y111.56
;TYPE:WALL-OUTER
G1 F1441.7 X103.224 Y111.522 E149.40337
G1 X103.751 Y111.362 E149.44
G1 X104.244 Y111.1 E149.47714
G1 X104.653 Y110.762 E149.51244
G1 X105.008 Y110.332 E149.54953
G1 X105.266 Y109.847 E149.58607
G1 X105.426 Y109.32 E149.62271
G1 X105.478 Y108.78 E149.65879
G1 X105.426 Y108.236 E149.69515
G1 X105.266 Y107.709 E149.73178
G1 X105.009 Y107.224 E149.76829
G1 X104.657 Y106.798 E149.80505
G1 X104.244 Y106.455 E149.84077
G1 X103.751 Y106.194 E149.87787
G1 X103.224 Y106.034 E149.91451
G1 X102.68 Y105.981 E149.95087
G1 X102.14 Y106.034 E149.98696
G1 X101.613 Y106.194 E150.0236
G1 X101.124 Y106.452 E150.06038
G1 X100.703 Y106.798 E150.09662
G1 X100.356 Y107.224 E150.13317
G1 X100.094 Y107.71 E150.1699
G1 X99.934 Y108.236 E150.20647
G1 X99.882 Y108.78 E150.24283
G1 X99.934 Y109.32 E150.27891
G1 X100.094 Y109.846 E150.31549
G1 X100.355 Y110.331 E150.35212
G1 X100.707 Y110.758 E150.38893
G1 X101.124 Y111.104 E150.42498
G1 X101.613 Y111.361 E150.46173
G1 X102.14 Y111.522 E150.49838
G1 X102.68 Y111.579 E150.5345
G1 X102.866 Y111.56 E150.54694
G0 F12000 X102.837 Y111.252
G0 X102.832 Y110.776
G0 X102.794 Y110.462
G1 F1441.7 X102.68 Y110.476 E150.55458
G1 X102.265 Y110.424 E150.5824
G1 X101.89 Y110.282 E150.60907
G1 X101.56 Y110.054 E150.63576
G1 X101.274 Y109.735 E150.66426
G1 X101.085 Y109.361 E150.69213
G1 X100.992 Y108.98 E150.71822
G1 X100.992 Y108.577 E150.74503
G1 X101.088 Y108.189 E150.77161
G1 X101.274 Y107.821 E150.79904
G1 X101.56 Y107.501 E150.82759
G1 X101.89 Y107.275 E150.8542
G1 X102.265 Y107.132 E150.8809
G1 X102.68 Y107.08 E150.90872
G1 X103.099 Y107.132 E150.9368
G1 X103.494 Y107.286 E150.965
G1 X103.804 Y107.501 E150.9901
G1 X104.086 Y107.821 E151.01847
G1 X104.279 Y108.195 E151.04647
G1 X104.371 Y108.576 E151.07254
G1 X104.367 Y109.009 E151.10135
G1 X104.276 Y109.371 E151.12618
G1 X104.086 Y109.738 E151.15367
G1 X103.804 Y110.055 E151.18189
G1 X103.474 Y110.281 E151.2085
G1 X103.099 Y110.424 E151.23519
G1 X102.794 Y110.462 E151.25564
G1 F2700 E146.25564
;MESH:standoff_6h_6od_2id.obj
G0 F12000 X102.832 Y110.776
G0 X104.498 Y110.596
G0 X105.344 Y111.289
G0 X106.581 Y111.303
G0 X110 Y112.065
;TYPE:WALL-INNER
G1 F2700 E151.25564
G1 F1666.7 X109.771 Y112.074 E151.26883
G1 F1657.1 X109.243 Y111.933 E151.30045
G1 F1647.7 X108.844 Y111.72 E151.32678
G1 F1643 X108.461 Y111.394 E151.35614
G1 F1647.7 X108.157 Y110.975 E151.38627
G1 X107.978 Y110.475 E151.41718
G1 X107.926 Y110 E151.44499
G1 X107.978 Y109.521 E151.47304
G1 X108.154 Y109.025 E151.50367
G1 F1657.1 X108.461 Y108.602 E151.53392
G1 X108.842 Y108.277 E151.5629
G1 F1647.7 X109.248 Y108.061 E151.58967
G1 F1657.1 X109.706 Y107.94 E151.61708
G1 F1666.7 X110.29 Y107.94 E151.65068
G1 F1657.1 X110.753 Y108.064 E151.67842
G1 F1647.7 X111.154 Y108.277 E151.70485
G1 X111.529 Y108.597 E151.73355
G1 F1629 X111.719 Y108.854 E151.75236
G1 F1638.3 X111.861 Y109.083 E151.76814
G1 F1647.7 X112.019 Y109.524 E151.7954
G1 X112.071 Y110 E151.82327
G1 F1657.1 X112.02 Y110.469 E151.85057
G1 F1671.5 X111.861 Y110.918 E151.8779
G1 F1647.7 X111.719 Y111.141 E151.89329
G1 F1629 X111.536 Y111.393 E151.91163
G1 F1643 X111.153 Y111.721 E151.94106
G1 F1647.7 X110.752 Y111.934 E151.96749
G1 F1652.4 X110.299 Y112.054 E151.99469
G1 F1666.7 X110 Y112.065 E152.0119
G0 F12000 X110 Y112.419
G1 F1629 X110.42 Y112.387 E152.0367
G1 F1638.3 X110.931 Y112.233 E152.06794
G1 F1647.7 X111.342 Y112.015 E152.09502
G1 F1638.3 X111.71 Y111.71 E152.123
G1 F1629 X112.013 Y111.341 E152.15111
G1 X112.231 Y110.931 E152.17844
G1 F1638.3 X112.373 Y110.466 E152.20691
G1 F1647.7 X112.422 Y110 E152.23418
G1 X112.373 Y109.53 E152.26168
G1 F1629 X112.232 Y109.065 E152.29029
G1 F1619.9 X112.013 Y108.655 E152.31781
G1 F1629 X111.711 Y108.287 E152.34583
G1 F1647.7 X111.343 Y107.983 E152.37362
G1 X110.93 Y107.763 E152.40085
G1 X110.468 Y107.624 E152.42893
G1 F1638.3 X110 Y107.58 E152.45645
G1 X109.528 Y107.624 E152.4842
G1 F1643 X109.066 Y107.763 E152.51236
G1 F1647.7 X108.653 Y107.983 E152.5396
G1 X108.286 Y108.286 E152.5673
G1 F1638.3 X107.986 Y108.655 E152.59514
G1 F1629 X107.764 Y109.067 E152.62269
G1 F1638.3 X107.624 Y109.528 E152.65089
G1 F1647.7 X107.578 Y110 E152.6785
G1 X107.624 Y110.468 E152.70587
G1 F1629 X107.763 Y110.929 E152.73421
G1 X107.987 Y111.341 E152.76182
G1 X108.252 Y111.683 E152.78729
G1 F1638.3 X108.653 Y112.015 E152.81777
G1 F1643 X109.064 Y112.234 E152.84495
G1 X109.53 Y112.373 E152.87334
G1 F1638.3 X110 Y112.419 E152.90098
G0 F12000 X110 Y112.798
;TYPE:WALL-OUTER
G1 F1441.7 X110.54 Y112.743 E152.93709
G1 X111.075 Y112.582 E152.97425
G1 X111.552 Y112.328 E153.0102
G1 X111.977 Y111.977 E153.04687
G1 X112.328 Y111.552 E153.08353
G1 X112.582 Y111.075 E153.11948
G1 X112.742 Y110.54 E153.15663
G1 X112.798 Y110 E153.19274
G1 X112.743 Y109.456 E153.22911
G1 X112.582 Y108.921 E153.26628
G1 X112.329 Y108.444 E153.30219
G1 X111.978 Y108.019 E153.33886
G1 X111.552 Y107.671 E153.37545
G1 X111.074 Y107.414 E153.41155
G1 X110.541 Y107.254 E153.44857
G1 X110 Y107.202 E153.48472
G1 X109.455 Y107.254 E153.52114
G1 X108.922 Y107.414 E153.55816
G1 X108.444 Y107.671 E153.59426
G1 X108.019 Y108.019 E153.6308
G1 X107.672 Y108.444 E153.6673
G1 X107.414 Y108.922 E153.70343
G1 X107.254 Y109.455 E153.74045
G1 X107.202 Y110 E153.77687
G1 X107.254 Y110.541 E153.81302
G1 X107.414 Y111.074 E153.85004
G1 X107.672 Y111.552 E153.88617
G1 X108.019 Y111.978 E153.92272
G1 X108.444 Y112.329 E153.95939
G1 X108.921 Y112.582 E153.9953
G1 X109.456 Y112.742 E154.03245
G1 X110 Y112.798 E154.06883
G0 F12000 X110 Y112.488
G0 X110 Y111.999
G0 X110 Y111.687
G1 F1441.7 X109.795 Y111.687 E154.08247
G1 X109.374 Y111.578 E154.11139
G1 X109.02 Y111.387 E154.13815
G1 X108.743 Y111.143 E154.16271
G1 X108.496 Y110.792 E154.19126
G1 X108.352 Y110.414 E154.21816
G1 X108.3 Y109.98 E154.24724
G1 X108.356 Y109.569 E154.27483
G1 X108.495 Y109.205 E154.30075
G1 X108.72 Y108.877 E154.32721
G1 X109.054 Y108.586 E154.35668
G1 X109.418 Y108.402 E154.38381
G1 X109.796 Y108.309 E154.4097
G1 X110.199 Y108.308 E154.43651
G1 X110.622 Y108.418 E154.46558
G1 X110.955 Y108.594 E154.49064
G1 X111.275 Y108.876 E154.51901
G1 X111.501 Y109.206 E154.54562
G1 X111.644 Y109.582 E154.57238
G1 X111.697 Y110 E154.60041
G1 X111.64 Y110.427 E154.62906
G1 X111.502 Y110.79 E154.65489
G1 X111.275 Y111.12 E154.68154
G1 X110.976 Y111.387 E154.7082
G1 X110.618 Y111.579 E154.73523
G1 X110.201 Y111.687 E154.76388
G1 X110 Y111.687 E154.77725
G1 F2700 E149.77725
;MESH:standoff_6h_6od_2id.obj(2)
G0 F12000 X110 Y111.999
G0 X109.308 Y111.827
G0 X108.891 Y111.605
G0 X108.538 Y111.295
G0 X108.27 Y110.905
G0 X108.105 Y110.467
G0 X108.047 Y110.001
G0 X108.105 Y109.532
G0 X108.253 Y109.139
G0 X109.499 Y107.481
G0 X109.274 Y105.202
G0 X108.806 Y105.1
;TYPE:WALL-INNER
G1 F2700 E154.77725
G1 F1647.7 X109.247 Y105.057 E154.80304
G1 F1638.3 X109.753 Y104.901 E154.83404
G1 F1629 X110.131 Y104.689 E154.85955
G1 X110.486 Y104.398 E154.88658
G1 F1647.7 X110.792 Y104.028 E154.91452
G1 F1657.1 X111.019 Y103.602 E154.94246
G1 F1638.3 X111.155 Y103.15 E154.97009
G1 F1629 X111.2 Y102.68 E154.99788
G1 X111.155 Y102.214 E155.02545
G1 F1638.3 X111.018 Y101.758 E155.05332
G1 F1647.7 X110.792 Y101.332 E155.08139
G1 F1643 X110.49 Y100.967 E155.10904
G1 F1629 X110.13 Y100.675 E155.13633
G1 X109.751 Y100.458 E155.16204
G1 F1638.3 X109.247 Y100.304 E155.19289
G1 F1647.7 X108.78 Y100.259 E155.22019
G1 X108.309 Y100.304 E155.24773
G1 F1638.3 X107.856 Y100.444 E155.27549
G1 F1629 X107.435 Y100.669 E155.30359
G1 F1638.3 X107.067 Y100.969 E155.33138
G1 F1647.7 X106.765 Y101.334 E155.35896
G1 F1657.1 X106.542 Y101.756 E155.38658
G1 F1647.7 X106.404 Y102.213 E155.41437
G1 F1629 X106.361 Y102.68 E155.44198
G1 X106.404 Y103.15 E155.46976
G1 F1643 X106.541 Y103.602 E155.49733
G1 F1657.1 X106.765 Y104.024 E155.52498
G1 F1647.7 X107.07 Y104.395 E155.55293
G1 F1638.3 X107.434 Y104.694 E155.58051
G1 F1633.7 X107.854 Y104.917 E155.60842
G1 F1638.3 X108.309 Y105.056 E155.63627
G1 F1647.7 X108.78 Y105.103 E155.66382
G1 X108.806 Y105.1 E155.66535
G0 F12000 X108.802 Y104.752
G1 F1652.4 X108.78 Y104.754 E155.66663
G1 F1657.1 X108.301 Y104.702 E155.69451
G1 F1666.7 X107.877 Y104.545 E155.72053
G1 F1647.7 X107.632 Y104.401 E155.73707
G1 F1638.3 X107.38 Y104.216 E155.75537
G1 F1652.4 X107.057 Y103.836 E155.78432
G1 F1666.7 X106.841 Y103.429 E155.81083
G1 F1676.4 X106.723 Y102.956 E155.83872
G1 X106.718 Y102.431 E155.86875
G1 F1666.7 X106.84 Y101.933 E155.89826
G1 F1657.1 X107.058 Y101.524 E155.92508
G1 F1661.9 X107.374 Y101.148 E155.95342
G1 F1676.4 X107.747 Y100.879 E155.97973
G1 F1657.1 X107.987 Y100.773 E155.99491
G1 F1633.7 X108.307 Y100.657 E156.01489
G1 F1643 X108.78 Y100.609 E156.04265
G1 F1657.1 X109.25 Y100.657 E156.06999
G1 F1676.4 X109.698 Y100.818 E156.09722
G1 F1657.1 X109.931 Y100.966 E156.1132
G1 F1629 X110.185 Y101.153 E156.13176
G1 F1643 X110.499 Y101.523 E156.16009
G1 F1652.4 X110.72 Y101.939 E156.18743
G1 F1657.1 X110.842 Y102.423 E156.21632
G1 F1666.7 X110.837 Y102.96 E156.24722
G1 X110.718 Y103.423 E156.27472
G1 F1657.1 X110.501 Y103.839 E156.30188
G1 F1666.7 X110.181 Y104.214 E156.33024
G1 F1676.4 X109.806 Y104.486 E156.35675
G1 F1657.1 X109.573 Y104.588 E156.37147
G1 F1638.3 X109.259 Y104.702 E156.39102
G1 F1647.7 X108.802 Y104.752 E156.41778
G0 F12000 X108.8 Y104.38
;TYPE:WALL-OUTER
G1 F1441.7 X108.361 Y104.328 E156.44718
G1 X108.009 Y104.196 E156.47219
G1 X107.656 Y103.959 E156.50048
G1 X107.374 Y103.638 E156.5289
G1 X107.184 Y103.271 E156.55639
G1 X107.092 Y102.884 E156.58285
G1 X107.092 Y102.48 E156.60972
G1 X107.184 Y102.089 E156.63644
G1 X107.374 Y101.724 E156.66382
G1 X107.656 Y101.401 E156.69234
G1 X107.985 Y101.179 E156.71874
G1 X108.361 Y101.032 E156.74559
G1 X108.78 Y100.984 E156.77365
G1 X109.195 Y101.032 E156.80144
G1 X109.571 Y101.175 E156.8282
G1 X109.899 Y101.404 E156.85481
G1 X110.185 Y101.724 E156.88336
G1 X110.375 Y102.099 E156.91132
G1 X110.469 Y102.5 E156.93872
G1 X110.468 Y102.883 E156.9642
G1 X110.372 Y103.271 E156.99079
G1 X110.172 Y103.659 E157.01982
G1 X109.9 Y103.959 E157.04676
G1 X109.548 Y104.196 E157.07499
G1 X109.199 Y104.328 E157.09981
G1 X108.8 Y104.38 E157.12657
G0 F12000 X108.837 Y104.69
G0 X108.781 Y105.171
G0 X108.81 Y105.476
G1 F1441.7 X109.32 Y105.426 E157.16066
G1 X109.847 Y105.266 E157.1973
G1 X110.34 Y105.004 E157.23444
G1 X110.753 Y104.665 E157.26998
G1 X111.104 Y104.236 E157.30685
G1 X111.366 Y103.746 E157.34381
G1 X111.526 Y103.224 E157.38013
G1 X111.579 Y102.68 E157.41649
G1 X111.526 Y102.14 E157.45258
G1 X111.366 Y101.614 E157.48916
G1 X111.104 Y101.124 E157.52612
G1 X110.757 Y100.699 E157.56261
G1 X110.34 Y100.36 E157.59836
G1 X109.846 Y100.094 E157.63569
G1 X109.32 Y99.934 E157.67226
G1 X108.78 Y99.882 E157.70835
G1 X108.236 Y99.934 E157.7447
G1 X107.71 Y100.094 E157.78127
G1 X107.224 Y100.355 E157.81797
G1 X106.802 Y100.703 E157.85435
G1 X106.452 Y101.124 E157.89077
G1 X106.194 Y101.613 E157.92755
G1 X106.034 Y102.14 E157.96418
G1 X105.982 Y102.68 E158.00027
G1 X106.033 Y103.224 E158.03662
G1 X106.194 Y103.746 E158.07295
G1 X106.452 Y104.232 E158.10956
G1 X106.803 Y104.662 E158.14648
G1 X107.224 Y105.008 E158.18273
G1 X107.709 Y105.266 E158.21927
G1 X108.236 Y105.426 E158.25591
G1 X108.78 Y105.479 E158.29227
G1 X108.81 Y105.476 E158.29427
G1 F2700 E153.29427
;MESH:standoff_6h_6od_2id.obj(3)
G0 F12000 X108.781 Y105.171
G0 X109.282 Y105.202
G0 X109.389 Y106.29
G0 X110.714 Y106.403
G0 X111.403 Y106.612
G0 X112.038 Y106.951
G0 X112.593 Y107.407
G0 X113.049 Y107.962
G0 X113.388 Y108.597
G0 X113.597 Y109.286
G0 X113.668 Y110
G0 X113.597 Y110.714
G0 X113.388 Y111.403
G0 X113.049 Y112.038
G0 X112.593 Y112.593
G0 X112.038 Y113.049
G0 X110.611 Y113.71
G0 X111.194 Y119.388
;TYPE:WALL-INNER
G1 F2700 E158.29427
G1 F1661.9 X110.741 Y119.338 E158.32057
G1 F1666.7 X110.317 Y119.181 E158.34659
G1 F1647.7 X110.066 Y119.033 E158.36355
G1 X109.815 Y118.849 E158.38166
G1 F1661.9 X109.495 Y118.473 E158.41015
G1 F1652.4 X109.279 Y118.061 E158.43715
G1 F1657.1 X109.162 Y117.614 E158.46389
G1 F1647.7 X109.151 Y117.316 E158.48125
G1 X109.162 Y117.014 E158.49884
G1 F1657.1 X109.28 Y116.57 E158.52543
G1 X109.495 Y116.158 E158.55232
G1 F1666.7 X109.812 Y115.784 E158.58053
G1 F1676.4 X110.189 Y115.51 E158.60719
G1 F1652.4 X110.422 Y115.408 E158.62196
G1 F1633.7 X110.747 Y115.294 E158.64218
G1 F1647.7 X111.216 Y115.242 E158.66964
G1 X111.692 Y115.294 E158.69751
G1 F1638.3 X112.011 Y115.407 E158.71732
G1 F1661.9 X112.254 Y115.514 E158.73264
G1 F1681.3 X112.625 Y115.788 E158.75895
G1 F1671.5 X112.942 Y116.159 E158.78695
G1 F1657.1 X113.155 Y116.569 E158.81369
G1 X113.274 Y117.016 E158.84046
G1 F1647.7 X113.284 Y117.316 E158.85793
G1 F1652.4 X113.264 Y117.641 E158.87683
G1 F1666.7 X113.157 Y118.062 E158.90182
G1 F1661.9 X112.94 Y118.474 E158.92869
G1 F1666.7 X112.623 Y118.848 E158.9569
G1 F1676.4 X112.242 Y119.123 E158.98378
G1 F1657.1 X112.011 Y119.225 E158.9984
G1 F1638.3 X111.692 Y119.339 E159.01823
G1 F1647.7 X111.216 Y119.39 E159.04609
G1 F1657.1 X111.194 Y119.388 E159.04737
G0 F12000 X111.19 Y119.736
G1 F1647.7 X111.216 Y119.739 E159.04889
G1 X111.687 Y119.692 E159.07645
G1 F1638.3 X112.141 Y119.554 E159.10422
G1 F1633.7 X112.562 Y119.327 E159.1323
G1 F1638.3 X112.931 Y119.026 E159.16018
G1 F1647.7 X113.231 Y118.664 E159.18754
G1 F1657.1 X113.454 Y118.243 E159.21511
G1 F1647.7 X113.592 Y117.787 E159.24284
G1 F1638.3 X113.637 Y117.316 E159.27054
G1 X113.592 Y116.846 E159.29818
G1 F1647.7 X113.456 Y116.393 E159.32571
G1 F1657.1 X113.232 Y115.971 E159.35336
G1 X112.927 Y115.601 E159.38111
G1 F1638.3 X112.562 Y115.306 E159.40858
G1 X112.141 Y115.079 E159.43658
G1 X111.687 Y114.94 E159.46437
G1 F1647.7 X111.216 Y114.893 E159.49192
G1 X110.749 Y114.94 E159.51924
G1 F1633.7 X110.243 Y115.095 E159.55031
G1 F1629 X109.865 Y115.307 E159.57582
G1 X109.511 Y115.597 E159.60276
G1 F1652.4 X109.205 Y115.97 E159.63076
G1 F1661.9 X108.981 Y116.394 E159.65844
G1 F1647.7 X108.843 Y116.847 E159.686
G1 F1633.7 X108.797 Y117.316 E159.71366
G1 F1629 X108.829 Y117.735 E159.7384
G1 F1643 X108.981 Y118.244 E159.76941
G1 F1657.1 X109.204 Y118.663 E159.79688
G1 F1647.7 X109.51 Y119.031 E159.82474
G1 F1638.3 X109.867 Y119.326 E159.85185
G1 F1633.7 X110.294 Y119.553 E159.88023
G1 F1638.3 X110.749 Y119.692 E159.90808
G1 F1647.7 X111.19 Y119.736 E159.93388
G0 F12000 X111.186 Y120.112
;TYPE:WALL-OUTER
G1 F1441.7 X111.216 Y120.115 E159.93589
G1 X111.76 Y120.062 E159.97224
G1 X112.286 Y119.902 E160.00882
G1 X112.772 Y119.641 E160.04551
G1 X113.198 Y119.293 E160.0821
G1 X113.544 Y118.872 E160.11835
G1 X113.802 Y118.387 E160.1549
G1 X113.962 Y117.86 E160.19153
G1 X114.015 Y117.316 E160.22789
G1 X113.962 Y116.772 E160.26425
G1 X113.802 Y116.249 E160.30063
G1 X113.544 Y115.764 E160.33717
G1 X113.194 Y115.335 E160.374
G1 X112.772 Y114.992 E160.41018
G1 X112.286 Y114.73 E160.44691
G1 X111.76 Y114.57 E160.48348
G1 X111.216 Y114.517 E160.51984
G1 X110.676 Y114.57 E160.55593
G1 X110.149 Y114.73 E160.59257
G1 X109.656 Y114.992 E160.6297
G1 X109.243 Y115.33 E160.66521
G1 X108.892 Y115.763 E160.70228
G1 X108.634 Y116.25 E160.73894
G1 X108.473 Y116.772 E160.77528
G1 X108.418 Y117.316 E160.81165
G1 X108.474 Y117.86 E160.84803
G1 X108.634 Y118.387 E160.88467
G1 X108.892 Y118.872 E160.92121
G1 X109.243 Y119.298 E160.95793
G1 X109.657 Y119.64 E160.99365
G1 X110.149 Y119.902 E161.03073
G1 X110.676 Y120.062 E161.06736
G1 X111.186 Y120.112 E161.10145
G0 F12000 X111.216 Y119.805
G0 X111.16 Y119.323
G0 X111.196 Y119.016
G1 F1441.7 X110.801 Y118.964 E161.12795
G1 X110.449 Y118.832 E161.15296
G1 X110.096 Y118.595 E161.18125
G1 X109.825 Y118.292 E161.20829
G1 X109.621 Y117.897 E161.23786
G1 X109.529 Y117.517 E161.26387
G1 X109.533 Y117.087 E161.29247
G1 X109.624 Y116.725 E161.3173
G1 X109.81 Y116.357 E161.34473
G1 X110.097 Y116.037 E161.37332
G1 X110.426 Y115.811 E161.39988
G1 X110.801 Y115.668 E161.42657
G1 X111.216 Y115.616 E161.45439
G1 X111.635 Y115.668 E161.48248
G1 X112.011 Y115.811 E161.50924
G1 X112.338 Y116.036 E161.53564
G1 X112.626 Y116.357 E161.56433
G1 X112.812 Y116.725 E161.59176
G1 X112.907 Y117.112 E161.61827
G1 X112.903 Y117.55 E161.6474
G1 X112.812 Y117.907 E161.67191
G1 X112.607 Y118.297 E161.70122
G1 X112.339 Y118.595 E161.72788
G1 X112.012 Y118.821 E161.75432
G1 X111.635 Y118.964 E161.78114
G1 X111.196 Y119.016 E161.81055
G1 F2700 E156.81055
;MESH:NONMESH
G0 F300 Z5
G0 F12000 X111.16 Y119.323
G0 X110.312 Y119.046
G0 X109.924 Y118.777
G0 X109.614 Y118.426
G0 X109.489 Y118.189
G0 X108.848 Y116.331
G0 X107.883 Y115.817
G0 X104.808 Y111.757
G0 X102.818 Y110.836
;TIME_ELAPSED:175.784646
;LAYER:12
;note -- min layer time used
;TYPE:WALL-INNER
;MESH:standoff_6h_6od_2id.obj(1)
G1 F2700 E161.81055
G1 F1652.4 X102.68 Y110.851 E161.81861
G1 F1647.7 X102.207 Y110.798 E161.84631
G1 F1657.1 X101.771 Y110.643 E161.87309
G1 F1647.7 X101.534 Y110.495 E161.88935
G1 F1633.7 X101.287 Y110.315 E161.90729
G1 F1652.4 X100.958 Y109.933 E161.93655
G1 F1657.1 X100.741 Y109.523 E161.9634
G1 X100.618 Y109.037 E161.99241
G1 F1671.5 X100.623 Y108.5 E162.02322
G1 F1666.7 X100.745 Y108.027 E162.05133
G1 F1661.9 X100.959 Y107.621 E162.07782
G1 F1666.7 X101.289 Y107.239 E162.10686
G1 X101.72 Y106.938 E162.13711
G1 F1661.9 X102.208 Y106.758 E162.16713
G1 F1657.1 X102.68 Y106.706 E162.19461
G1 X103.159 Y106.758 E162.22249
G1 F1661.9 X103.65 Y106.94 E162.25271
G1 F1666.7 X104.076 Y107.239 E162.28266
G1 F1657.1 X104.403 Y107.622 E162.3118
G1 X104.619 Y108.026 E162.33831
G1 F1666.7 X104.744 Y108.515 E162.36736
G1 F1676.4 X104.744 Y109.041 E162.39745
G1 F1666.7 X104.619 Y109.53 E162.42649
G1 F1661.9 X104.404 Y109.935 E162.45295
G1 F1647.7 X104.076 Y110.315 E162.48217
G1 F1638.3 X103.835 Y110.492 E162.49967
G1 F1657.1 X103.599 Y110.64 E162.51579
G1 F1671.5 X103.158 Y110.798 E162.54267
G1 F1661.9 X102.818 Y110.836 E162.56241
G0 F12000 X102.841 Y111.185
G1 F1647.7 X103.149 Y111.153 E162.58043
G1 F1638.3 X103.66 Y110.996 E162.61173
G1 F1629 X104.033 Y110.785 E162.63696
G1 F1638.3 X104.387 Y110.495 E162.66374
G1 F1647.7 X104.696 Y110.123 E162.69189
G1 F1657.1 X104.919 Y109.703 E162.71941
G1 F1647.7 X105.056 Y109.247 E162.74713
G1 F1638.3 X105.1 Y108.78 E162.77458
G1 X105.056 Y108.309 E162.80228
G1 F1647.7 X104.919 Y107.853 E162.82999
G1 F1652.4 X104.696 Y107.433 E162.85759
G1 F1647.7 X104.391 Y107.065 E162.88541
G1 F1633.7 X104.033 Y106.77 E162.91264
G1 F1629 X103.606 Y106.544 E162.94108
G1 F1638.3 X103.151 Y106.404 E162.96895
G1 F1647.7 X102.68 Y106.357 E162.9965
G1 X102.213 Y106.404 E163.02382
G1 F1638.3 X101.757 Y106.544 E163.05174
G1 F1629 X101.333 Y106.767 E163.07994
G1 X100.971 Y107.064 E163.10751
G1 F1647.7 X100.667 Y107.432 E163.13529
G1 F1652.4 X100.441 Y107.855 E163.16313
G1 F1638.3 X100.305 Y108.309 E163.19087
G1 F1629 X100.261 Y108.78 E163.21872
G1 X100.305 Y109.246 E163.24628
G1 F1638.3 X100.441 Y109.701 E163.27407
G1 F1657.1 X100.666 Y110.122 E163.3017
G1 F1652.4 X100.973 Y110.491 E163.32956
G1 F1633.7 X101.334 Y110.789 E163.35704
G1 F1629 X101.7 Y110.993 E163.38171
G1 F1638.3 X102.215 Y111.153 E163.41327
G1 F1643 X102.68 Y111.202 E163.44057
G1 F1647.7 X102.841 Y111.185 E163.44999
G0 F12000 X102.866 Y111.56
;TYPE:WALL-OUTER
G1 F1441.7 X103.224 Y111.522 E163.47394
G1 X103.751 Y111.362 E163.51058
G1 X104.244 Y111.1 E163.54771
G1 X104.653 Y110.762 E163.58301
G1 X105.008 Y110.332 E163.6201
G1 X105.266 Y109.847 E163.65664
G1 X105.426 Y109.32 E163.69328
G1 X105.478 Y108.78 E163.72937
G1 X105.426 Y108.236 E163.76572
G1 X105.266 Y107.709 E163.80236
G1 X105.009 Y107.224 E163.83887
G1 X104.657 Y106.798 E163.87563
G1 X104.244 Y106.455 E163.91134
G1 X103.751 Y106.194 E163.94845
G1 X103.224 Y106.034 E163.98508
G1 X102.68 Y105.981 E164.02144
G1 X102.14 Y106.034 E164.05753
G1 X101.613 Y106.194 E164.09417
G1 X101.124 Y106.452 E164.13095
G1 X100.703 Y106.798 E164.1672
G1 X100.356 Y107.224 E164.20375
G1 X100.094 Y107.71 E164.24047
G1 X99.934 Y108.236 E164.27705
G1 X99.882 Y108.78 E164.3134
G1 X99.934 Y109.32 E164.34949
G1 X100.094 Y109.846 E164.38606
G1 X100.355 Y110.331 E164.4227
G1 X100.707 Y110.758 E164.45951
G1 X101.124 Y111.104 E164.49555
G1 X101.613 Y111.361 E164.5323
G1 X102.14 Y111.522 E164.56895
G1 X102.68 Y111.579 E164.60507
G1 X102.866 Y111.56 E164.61751
G0 F12000 X102.837 Y111.252
G0 X102.832 Y110.776
G0 X102.794 Y110.462
G1 F1441.7 X102.68 Y110.476 E164.62515
G1 X102.265 Y110.424 E164.65297
G1 X101.89 Y110.282 E164.67965
G1 X101.56 Y110.054 E164.70633
G1 X101.274 Y109.735 E164.73483
G1 X101.085 Y109.361 E164.7627
G1 X100.992 Y108.98 E164.78879
G1 X100.992 Y108.577 E164.8156
G1 X101.088 Y108.189 E164.84219
G1 X101.274 Y107.821 E164.86962
G1 X101.56 Y107.501 E164.89817
G1 X101.89 Y107.275 E164.92477
G1 X102.265 Y107.132 E164.95147
G1 X102.68 Y107.08 E164.97929
G1 X103.099 Y107.132 E165.00738
G1 X103.494 Y107.286 E165.03558
G1 X103.804 Y107.501 E165.06067
G1 X104.086 Y107.821 E165.08905
G1 X104.279 Y108.195 E165.11704
G1 X104.371 Y108.576 E165.14311
G1 X104.367 Y109.009 E165.17192
G1 X104.276 Y109.371 E165.19675
G1 X104.086 Y109.738 E165.22424
G1 X103.804 Y110.055 E165.25246
G1 X103.474 Y110.281 E165.27907
G1 X103.099 Y110.424 E165.30577
G1 X102.794 Y110.462 E165.32621
G1 F2700 E160.32621
;MESH:standoff_6h_6od_2id.obj
G0 F12000 X102.832 Y110.776
G0 X104.498 Y110.596
G0 X105.344 Y111.289
G0 X106.581 Y111.303
G0 X110 Y112.065
;TYPE:WALL-INNER
G1 F2700 E165.32621
G1 F1666.7 X109.771 Y112.074 E165.3394
G1 F1657.1 X109.243 Y111.933 E165.37103
G1 F1647.7 X108.844 Y111.72 E165.39735
G1 F1643 X108.461 Y111.394 E165.42671
G1 F1647.7 X108.157 Y110.975 E165.45684
G1 X107.978 Y110.475 E165.48775
G1 X107.926 Y110 E165.51556
G1 X107.978 Y109.521 E165.54361
G1 X108.154 Y109.025 E165.57424
G1 F1657.1 X108.461 Y108.602 E165.60449
G1 X108.842 Y108.277 E165.63347
G1 F1647.7 X109.248 Y108.061 E165.66024
G1 F1657.1 X109.706 Y107.94 E165.68765
G1 F1666.7 X110.29 Y107.94 E165.72126
G1 F1657.1 X110.753 Y108.064 E165.749
G1 F1647.7 X111.154 Y108.277 E165.77543
G1 X111.529 Y108.597 E165.80412
G1 F1629 X111.719 Y108.854 E165.82294
G1 F1638.3 X111.861 Y109.083 E165.83871
G1 F1647.7 X112.019 Y109.524 E165.86597
G1 X112.071 Y110 E165.89385
G1 F1657.1 X112.02 Y110.469 E165.92115
G1 F1671.5 X111.861 Y110.918 E165.94848
G1 F1647.7 X111.719 Y111.141 E165.96386
G1 F1629 X111.536 Y111.393 E165.9822
G1 F1643 X111.153 Y111.721 E166.01163
G1 F1647.7 X110.752 Y111.934 E166.03806
G1 F1652.4 X110.299 Y112.054 E166.06526
G1 F1666.7 X110 Y112.065 E166.08248
G0 F12000 X110 Y112.419
G1 F1629 X110.42 Y112.387 E166.10727
G1 F1638.3 X110.931 Y112.233 E166.13851
G1 F1647.7 X111.342 Y112.015 E166.16559
G1 F1638.3 X111.71 Y111.71 E166.19357
G1 F1629 X112.013 Y111.341 E166.22168
G1 X112.231 Y110.931 E166.24902
G1 F1638.3 X112.373 Y110.466 E166.27748
G1 F1647.7 X112.422 Y110 E166.30475
G1 X112.373 Y109.53 E166.33226
G1 F1629 X112.232 Y109.065 E166.36086
G1 F1619.9 X112.013 Y108.655 E166.38838
G1 F1629 X111.711 Y108.287 E166.41641
G1 F1647.7 X111.343 Y107.983 E166.44419
G1 X110.93 Y107.763 E166.47143
G1 X110.468 Y107.624 E166.49951
G1 F1638.3 X110 Y107.58 E166.52702
G1 X109.528 Y107.624 E166.55477
G1 F1643 X109.066 Y107.763 E166.58294
G1 F1647.7 X108.653 Y107.983 E166.61017
G1 X108.286 Y108.286 E166.63787
G1 F1638.3 X107.986 Y108.655 E166.66571
G1 F1629 X107.764 Y109.067 E166.69326
G1 F1638.3 X107.624 Y109.528 E166.72147
G1 F1647.7 X107.578 Y110 E166.74907
G1 X107.624 Y110.468 E166.77644
G1 F1629 X107.763 Y110.929 E166.80479
G1 X107.987 Y111.341 E166.83239
G1 X108.252 Y111.683 E166.85786
G1 F1638.3 X108.653 Y112.015 E166.88834
G1 F1643 X109.064 Y112.234 E166.91552
G1 X109.53 Y112.373 E166.94391
G1 F1638.3 X110 Y112.419 E166.97155
G0 F12000 X110 Y112.798
;TYPE:WALL-OUTER
G1 F1441.7 X110.54 Y112.743 E167.00766
G1 X111.075 Y112.582 E167.04483
G1 X111.552 Y112.328 E167.08077
G1 X111.977 Y111.977 E167.11744
G1 X112.328 Y111.552 E167.15411
G1 X112.582 Y111.075 E167.19005
G1 X112.742 Y110.54 E167.2272
G1 X112.798 Y110 E167.26331
G1 X112.743 Y109.456 E167.29969
G1 X112.582 Y108.921 E167.33685
G1 X112.329 Y108.444 E167.37277
G1 X111.978 Y108.019 E167.40943
G1 X111.552 Y107.671 E167.44602
G1 X111.074 Y107.414 E167.48213
G1 X110.541 Y107.254 E167.51914
G1 X110 Y107.202 E167.5553
G1 X109.455 Y107.254 E167.59172
G1 X108.922 Y107.414 E167.62873
G1 X108.444 Y107.671 E167.66483
G1 X108.019 Y108.019 E167.70137
G1 X107.672 Y108.444 E167.73787
G1 X107.414 Y108.922 E167.774
G1 X107.254 Y109.455 E167.81102
G1 X107.202 Y110 E167.84744
G1 X107.254 Y110.541 E167.88359
G1 X107.414 Y111.074 E167.92061
G1 X107.672 Y111.552 E167.95675
G1 X108.019 Y111.978 E167.99329
G1 X108.444 Y112.329 E168.02996
G1 X108.921 Y112.582 E168.06588
G1 X109.456 Y112.742 E168.10302
G1 X110 Y112.798 E168.1394
G0 F12000 X110 Y112.488
G0 X110 Y111.999
G0 X110 Y111.687
G1 F1441.7 X109.795 Y111.687 E168.15304
G1 X109.374 Y111.578 E168.18197
G1 X109.02 Y111.387 E168.20872
G1 X108.743 Y111.143 E168.23328
G1 X108.496 Y110.792 E168.26183
G1 X108.352 Y110.414 E168.28874
G1 X108.3 Y109.98 E168.31781
G1 X108.356 Y109.569 E168.34541
G1 X108.495 Y109.205 E168.37132
G1 X108.72 Y108.877 E168.39778
G1 X109.054 Y108.586 E168.42725
G1 X109.418 Y108.402 E168.45438
G1 X109.796 Y108.309 E168.48028
G1 X110.199 Y108.308 E168.50708
G1 X110.622 Y108.418 E168.53616
G1 X110.955 Y108.594 E168.56121
G1 X111.275 Y108.876 E168.58959
G1 X111.501 Y109.206 E168.61619
G1 X111.644 Y109.582 E168.64295
G1 X111.697 Y110 E168.67098
G1 X111.64 Y110.427 E168.69964
G1 X111.502 Y110.79 E168.72547
G1 X111.275 Y111.12 E168.75211
G1 X110.976 Y111.387 E168.77878
G1 X110.618 Y111.579 E168.8058
G1 X110.201 Y111.687 E168.83445
G1 X110 Y111.687 E168.84783
G1 F2700 E163.84783
;MESH:standoff_6h_6od_2id.obj(2)
G0 F12000 X110 Y111.999
G0 X109.308 Y111.827
G0 X108.891 Y111.605
G0 X108.538 Y111.295
G0 X108.27 Y110.905
G0 X108.105 Y110.467
G0 X108.047 Y110.001
G0 X108.105 Y109.532
G0 X108.253 Y109.139
G0 X109.499 Y107.481
G0 X109.274 Y105.202
G0 X108.806 Y105.1
;TYPE:WALL-INNER
G1 F2700 E168.84783
G1 F1647.7 X109.247 Y105.057 E168.87362
G1 F1638.3 X109.753 Y104.901 E168.90461
G1 F1629 X110.131 Y104.689 E168.93013
G1 X110.486 Y104.398 E168.95715
G1 F1647.7 X110.792 Y104.028 E168.9851
G1 F1657.1 X111.019 Y103.602 E169.01303
G1 F1638.3 X111.155 Y103.15 E169.04066
G1 F1629 X111.2 Y102.68 E169.06846
G1 X111.155 Y102.214 E169.09602
G1 F1638.3 X111.018 Y101.758 E169.12389
G1 F1647.7 X110.792 Y101.332 E169.15196
G1 F1643 X110.49 Y100.967 E169.17961
G1 F1629 X110.13 Y100.675 E169.2069
G1 X109.751 Y100.458 E169.23261
G1 F1638.3 X109.247 Y100.304 E169.26346
G1 F1647.7 X108.78 Y100.259 E169.29077
G1 X108.309 Y100.304 E169.31831
G1 F1638.3 X107.856 Y100.444 E169.34606
G1 F1629 X107.435 Y100.669 E169.37416
G1 F1638.3 X107.067 Y100.969 E169.40196
G1 F1647.7 X106.765 Y101.334 E169.42953
G1 F1657.1 X106.542 Y101.756 E169.45715
G1 F1647.7 X106.404 Y102.213 E169.48494
G1 F1629 X106.361 Y102.68 E169.51255
G1 X106.404 Y103.15 E169.54033
G1 F1643 X106.541 Y103.602 E169.5679
G1 F1657.1 X106.765 Y104.024 E169.59555
G1 F1647.7 X107.07 Y104.395 E169.62351
G1 F1638.3 X107.434 Y104.694 E169.65108
G1 F1633.7 X107.854 Y104.917 E169.679
G1 F1638.3 X108.309 Y105.056 E169.70685
G1 F1647.7 X108.78 Y105.103 E169.7344
G1 X108.806 Y105.1 E169.73592
G0 F12000 X108.802 Y104.752
G1 F1652.4 X108.78 Y104.754 E169.7372
G1 F1657.1 X108.301 Y104.702 E169.76509
G1 F1666.7 X107.877 Y104.545 E169.7911
G1 F1647.7 X107.632 Y104.401 E169.80764
G1 F1638.3 X107.38 Y104.216 E169.82594
G1 F1652.4 X107.057 Y103.836 E169.85489
G1 F1666.7 X106.841 Y103.429 E169.8814
G1 F1676.4 X106.723 Y102.956 E169.90929
G1 X106.718 Y102.431 E169.93933
G1 F1666.7 X106.84 Y101.933 E169.96883
G1 F1657.1 X107.058 Y101.524 E169.99565
G1 F1661.9 X107.374 Y101.148 E170.02399
G1 F1676.4 X107.747 Y100.879 E170.0503
G1 F1657.1 X107.987 Y100.773 E170.06549
G1 F1633.7 X108.307 Y100.657 E170.08547
G1 F1643 X108.78 Y100.609 E170.11322
G1 F1657.1 X109.25 Y100.657 E170.14056
G1 F1676.4 X109.698 Y100.818 E170.16779
G1 F1657.1 X109.931 Y100.966 E170.18377
G1 F1629 X110.185 Y101.153 E170.20234
G1 F1643 X110.499 Y101.523 E170.23066
G1 F1652.4 X110.72 Y101.939 E170.258
G1 F1657.1 X110.842 Y102.423 E170.28689
G1 F1666.7 X110.837 Y102.96 E170.31779
G1 X110.718 Y103.423 E170.3453
G1 F1657.1 X110.501 Y103.839 E170.37245
G1 F1666.7 X110.181 Y104.214 E170.40082
G1 F1676.4 X109.806 Y104.486 E170.42732
G1 F1657.1 X109.573 Y104.588 E170.44204
G1 F1638.3 X109.259 Y104.702 E170.46159
G1 F1647.7 X108.802 Y104.752 E170.48835
G0 F12000 X108.8 Y104.38
;TYPE:WALL-OUTER
G1 F1441.7 X108.361 Y104.328 E170.51776
G1 X108.009 Y104.196 E170.54277
G1 X107.656 Y103.959 E170.57105
G1 X107.374 Y103.638 E170.59947
G1 X107.184 Y103.271 E170.62696
G1 X107.092 Y102.884 E170.65342
G1 X107.092 Y102.48 E170.6803
G1 X107.184 Y102.089 E170.70702
G1 X107.374 Y101.724 E170.73439
G1 X107.656 Y101.401 E170.76291
G1 X107.985 Y101.179 E170.78931
G1 X108.361 Y101.032 E170.81617
G1 X108.78 Y100.984 E170.84422
G1 X109.195 Y101.032 E170.87201
G1 X109.571 Y101.175 E170.89877
G1 X109.899 Y101.404 E170.92538
G1 X110.185 Y101.724 E170.95393
G1 X110.375 Y102.099 E170.9819
G1 X110.469 Y102.5 E171.00929
G1 X110.468 Y102.883 E171.03477
G1 X110.372 Y103.271 E171.06136
G1 X110.172 Y103.659 E171.0904
G1 X109.9 Y103.959 E171.11733
G1 X109.548 Y104.196 E171.14556
G1 X109.199 Y104.328 E171.17038
G1 X108.8 Y104.38 E171.19715
G0 F12000 X108.837 Y104.69
G0 X108.781 Y105.171
G0 X108.81 Y105.476
G1 F1441.7 X109.32 Y105.426 E171.23124
G1 X109.847 Y105.266 E171.26787
G1 X110.34 Y105.004 E171.30501
G1 X110.753 Y104.665 E171.34055
G1 X111.104 Y104.236 E171.37742
G1 X111.366 Y103.746 E171.41439
G1 X111.526 Y103.224 E171.4507
G1 X111.579 Y102.68 E171.48706
G1 X111.526 Y102.14 E171.52316
G1 X111.366 Y101.614 E171.55973
G1 X111.104 Y101.124 E171.59669
G1 X110.757 Y100.699 E171.63319
G1 X110.34 Y100.36 E171.66894
G1 X109.846 Y100.094 E171.70626
G1 X109.32 Y99.934 E171.74283
G1 X108.78 Y99.882 E171.77892
G1 X108.236 Y99.934 E171.81527
G1 X107.71 Y100.094 E171.85184
G1 X107.224 Y100.355 E171.88854
G1 X106.802 Y100.703 E171.92492
G1 X106.452 Y101.124 E171.96134
G1 X106.194 Y101.613 E171.99812
G1 X106.034 Y102.14 E172.03476
G1 X105.982 Y102.68 E172.07084
G1 X106.033 Y103.224 E172.10719
G1 X106.194 Y103.746 E172.14353
G1 X106.452 Y104.232 E172.18013
G1 X106.803 Y104.662 E172.21705
G1 X107.224 Y105.008 E172.2533
G1 X107.709 Y105.266 E172.28985
G1 X108.236 Y105.426 E172.32648
G1 X108.78 Y105.479 E172.36284
G1 X108.81 Y105.476 E172.36485
G1 F2700 E167.36485
;MESH:standoff_6h_6od_2id.obj(3)
G0 F12000 X108.781 Y105.171
G0 X109.282 Y105.202
G0 X109.389 Y106.29
G0 X110.714 Y106.403
G0 X111.403 Y106.612
G0 X112.038 Y106.951
G0 X112.593 Y107.407
G0 X113.049 Y107.962
G0 X113.388 Y108.597
G0 X113.597 Y109.286
G0 X113.668 Y110
G0 X113.597 Y110.714
G0 X113.388 Y111.403
G0 X113.049 Y112.038
G0 X112.593 Y112.593
G0 X112.038 Y113.049
G0 X110.611 Y113.71
G0 X111.194 Y119.388
;TYPE:WALL-INNER
G1 F2700 E172.36485
G1 F1661.9 X110.741 Y119.338 E172.39115
G1 F1666.7 X110.317 Y119.181 E172.41716
G1 F1647.7 X110.066 Y119.033 E172.43412
G1 X109.815 Y118.849 E172.45224
G1 F1661.9 X109.495 Y118.473 E172.48073
G1 F1652.4 X109.279 Y118.061 E172.50773
G1 F1657.1 X109.162 Y117.614 E172.53447
G1 F1647.7 X109.151 Y117.316 E172.55182
G1 X109.162 Y117.014 E172.56941
G1 F1657.1 X109.28 Y116.57 E172.596
G1 X109.495 Y116.158 E172.6229
G1 F1666.7 X109.812 Y115.784 E172.65111
G1 F1676.4 X110.189 Y115.51 E172.67777
G1 F1652.4 X110.422 Y115.408 E172.69253
G1 F1633.7 X110.747 Y115.294 E172.71275
G1 F1647.7 X111.216 Y115.242 E172.74021
G1 X111.692 Y115.294 E172.76808
G1 F1638.3 X112.011 Y115.407 E172.7879
G1 F1661.9 X112.254 Y115.514 E172.80322
G1 F1681.3 X112.625 Y115.788 E172.82953
G1 F1671.5 X112.942 Y116.159 E172.85752
G1 F1657.1 X113.155 Y116.569 E172.88426
G1 X113.274 Y117.016 E172.91103
G1 F1647.7 X113.284 Y117.316 E172.9285
G1 F1652.4 X113.264 Y117.641 E172.9474
G1 F1666.7 X113.157 Y118.062 E172.9724
G1 F1661.9 X112.94 Y118.474 E172.99927
G1 F1666.7 X112.623 Y118.848 E173.02748
G1 F1676.4 X112.242 Y119.123 E173.05436
G1 F1657.1 X112.011 Y119.225 E173.06897
G1 F1638.3 X111.692 Y119.339 E173.0888
G1 F1647.7 X111.216 Y119.39 E173.11667
G1 F1657.1 X111.194 Y119.388 E173.11794
G0 F12000 X111.19 Y119.736
G1 F1647.7 X111.216 Y119.739 E173.11947
G1 X111.687 Y119.692 E173.14702
G1 F1638.3 X112.141 Y119.554 E173.1748
G1 F1633.7 X112.562 Y119.327 E173.20287
G1 F1638.3 X112.931 Y119.026 E173.23075
G1 F1647.7 X113.231 Y118.664 E173.25811
G1 F1657.1 X113.454 Y118.243 E173.28569
G1 F1647.7 X113.592 Y117.787 E173.31342
G1 F1638.3 X113.637 Y117.316 E173.34111
G1 X113.592 Y116.846 E173.36875
G1 F1647.7 X113.456 Y116.393 E173.39628
G1 F1657.1 X113.232 Y115.971 E173.42393
G1 X112.927 Y115.601 E173.45168
G1 F1638.3 X112.562 Y115.306 E173.47915
G1 X112.141 Y115.079 E173.50715
G1 X111.687 Y114.94 E173.53495
G1 F1647.7 X111.216 Y114.893 E173.5625
G1 X110.749 Y114.94 E173.58982
G1 F1633.7 X110.243 Y115.095 E173.62088
G1 F1629 X109.865 Y115.307 E173.6464
G1 X109.511 Y115.597 E173.67334
G1 F1652.4 X109.205 Y115.97 E173.70134
G1 F1661.9 X108.981 Y116.394 E173.72901
G1 F1647.7 X108.843 Y116.847 E173.75657
G1 F1633.7 X108.797 Y117.316 E173.78424
G1 F1629 X108.829 Y117.735 E173.80898
G1 F1643 X108.981 Y118.244 E173.83998
G1 F1657.1 X109.204 Y118.663 E173.86745
G1 F1647.7 X109.51 Y119.031 E173.89531
G1 F1638.3 X109.867 Y119.326 E173.92242
G1 F1633.7 X110.294 Y119.553 E173.95081
G1 F1638.3 X110.749 Y119.692 E173.97866
G1 F1647.7 X111.19 Y119.736 E174.00445
G0 F12000 X111.186 Y120.112
;TYPE:WALL-OUTER
G1 F1441.7 X111.216 Y120.115 E174.00646
G1 X111.76 Y120.062 E174.04282
G1 X112.286 Y119.902 E174.07939
G1 X112.772 Y119.641 E174.11609
G1 X113.198 Y119.293 E174.15268
G1 X113.544 Y118.872 E174.18893
G1 X113.802 Y118.387 E174.22547
G1 X113.962 Y117.86 E174.26211
G1 X114.015 Y117.316 E174.29846
G1 X113.962 Y116.772 E174.33482
G1 X113.802 Y116.249 E174.3712
G1 X113.544 Y115.764 E174.40775
G1 X113.194 Y115.335 E174.44458
G1 X112.772 Y114.992 E174.48075
G1 X112.286 Y114.73 E174.51748
G1 X111.76 Y114.57 E174.55405
G1 X111.216 Y114.517 E174.59041
G1 X110.676 Y114.57 E174.6265
G1 X110.149 Y114.73 E174.66314
G1 X109.656 Y114.992 E174.70028
G1 X109.243 Y115.33 E174.73578
G1 X108.892 Y115.763 E174.77286
G1 X108.634 Y116.25 E174.80952
G1 X108.473 Y116.772 E174.84585
G1 X108.418 Y117.316 E174.88223
G1 X108.474 Y117.86 E174.9186
G1 X108.634 Y118.387 E174.95524
G1 X108.892 Y118.872 E174.99178
G1 X109.243 Y119.298 E175.0285
G1 X109.657 Y119.64 E175.06422
G1 X110.149 Y119.902 E175.1013
G1 X110.676 Y120.062 E175.13794
G1 X111.186 Y120.112 E175.17203
G0 F12000 X111.216 Y119.805
G0 X111.16 Y119.323
G0 X111.196 Y119.016
G1 F1441.7 X110.801 Y118.964 E175.19853
G1 X110.449 Y118.832 E175.22354
G1 X110.096 Y118.595 E175.25182
G1 X109.825 Y118.292 E175.27886
G1 X109.621 Y117.897 E175.30843
G1 X109.529 Y117.517 E175.33444
G1 X109.529 Y117.115 E175.36118
G1 X109.624 Y116.725 E175.38788
G1 X109.81 Y116.357 E175.41531
G1 X110.097 Y116.037 E175.44391
G1 X110.426 Y115.811 E175.47046
G1 X110.801 Y115.668 E175.49715
G1 X111.216 Y115.616 E175.52498
G1 X111.635 Y115.668 E175.55306
G1 X112.011 Y115.811 E175.57982
G1 X112.338 Y116.036 E175.60622
G1 X112.626 Y116.357 E175.63491
G1 X112.812 Y116.725 E175.66234
G1 X112.907 Y117.112 E175.68885
G1 X112.903 Y117.55 E175.71799
G1 X112.812 Y117.907 E175.74249
G1 X112.607 Y118.297 E175.7718
G1 X112.339 Y118.595 E175.79846
G1 X112.012 Y118.821 E175.8249
G1 X111.635 Y118.964 E175.85172
G1 X111.196 Y119.016 E175.88113
G1 F2700 E170.88113
;MESH:NONMESH
G0 F300 Z5.4
G0 F12000 X111.16 Y119.323
G0 X110.312 Y119.046
G0 X109.924 Y118.777
G0 X109.614 Y118.426
G0 X109.489 Y118.189
G0 X108.848 Y116.331
G0 X107.883 Y115.817
G0 X104.808 Y111.757
G0 X102.818 Y110.836
;TIME_ELAPSED:189.095425
;LAYER:13
;note -- min layer time used
;TYPE:WALL-INNER
;MESH:standoff_6h_6od_2id.obj(1)
G1 F2700 E175.88113
G1 F1652.4 X102.68 Y110.851 E175.88919
G1 F1647.7 X102.207 Y110.798 E175.91689
G1 F1657.1 X101.771 Y110.643 E175.94367
G1 F1647.7 X101.534 Y110.495 E175.95993
G1 F1633.7 X101.287 Y110.315 E175.97788
G1 F1652.4 X100.958 Y109.933 E176.00714
G1 F1657.1 X100.741 Y109.523 E176.03398
G1 X100.618 Y109.037 E176.063
G1 F1671.5 X100.623 Y108.5 E176.09381
G1 F1666.7 X100.745 Y108.027 E176.12191
G1 F1661.9 X100.959 Y107.621 E176.1484
G1 F1666.7 X101.289 Y107.239 E176.17744
G1 X101.72 Y106.938 E176.20769
G1 F1661.9 X102.208 Y106.758 E176.23771
G1 F1657.1 X102.68 Y106.706 E176.26519
G1 X103.159 Y106.758 E176.29307
G1 F1661.9 X103.65 Y106.94 E176.32329
G1 F1666.7 X104.076 Y107.239 E176.35324
G1 F1657.1 X104.403 Y107.622 E176.38238
G1 X104.619 Y108.026 E176.4089
G1 F1666.7 X104.744 Y108.515 E176.43794
G1 F1676.4 X104.744 Y109.041 E176.46803
G1 F1666.7 X104.619 Y109.53 E176.49707
G1 F1661.9 X104.404 Y109.935 E176.52353
G1 F1647.7 X104.076 Y110.315 E176.55275
G1 F1638.3 X103.835 Y110.492 E176.57025
G1 F1657.1 X103.599 Y110.64 E176.58637
G1 F1671.5 X103.158 Y110.798 E176.61325
G1 F1661.9 X102.818 Y110.836 E176.63299
G0 F12000 X102.841 Y111.185
G1 F1647.7 X103.149 Y111.153 E176.65102
G1 F1638.3 X103.66 Y110.996 E176.68231
G1 F1629 X104.033 Y110.785 E176.70754
G1 F1638.3 X104.387 Y110.495 E176.73433
G1 F1647.7 X104.696 Y110.123 E176.76247
G1 F1657.1 X104.919 Y109.703 E176.78999
G1 F1647.7 X105.056 Y109.247 E176.81771
G1 F1638.3 X105.1 Y108.78 E176.84517
G1 X105.056 Y108.309 E176.87286
G1 F1647.7 X104.919 Y107.853 E176.90057
G1 F1652.4 X104.696 Y107.433 E176.92817
G1 F1647.7 X104.391 Y107.065 E176.95599
G1 F1633.7 X104.033 Y106.77 E176.98322
G1 F1629 X103.606 Y106.544 E177.01166
G1 F1638.3 X103.151 Y106.404 E177.03953
G1 F1647.7 X102.68 Y106.357 E177.06708
G1 X102.213 Y106.404 E177.0944
G1 F1638.3 X101.757 Y106.544 E177.12232
G1 F1629 X101.333 Y106.767 E177.15053
G1 X100.971 Y107.064 E177.17809
G1 F1647.7 X100.667 Y107.432 E177.20587
G1 F1652.4 X100.441 Y107.855 E177.23371
G1 F1638.3 X100.305 Y108.309 E177.26145
G1 F1629 X100.261 Y108.78 E177.2893
G1 X100.305 Y109.246 E177.31686
G1 F1638.3 X100.441 Y109.701 E177.34466
G1 F1657.1 X100.666 Y110.122 E177.37228
G1 F1652.4 X100.973 Y110.491 E177.40014
G1 F1633.7 X101.334 Y110.789 E177.42762
G1 F1629 X101.7 Y110.993 E177.45229
G1 F1638.3 X102.215 Y111.153 E177.48386
G1 F1643 X102.68 Y111.202 E177.51115
G1 F1647.7 X102.841 Y111.185 E177.52057
G0 F12000 X102.866 Y111.56
;TYPE:WALL-OUTER
G1 F1441.7 X103.224 Y111.522 E177.54452
G1 X103.751 Y111.362 E177.58116
G1 X104.244 Y111.1 E177.61829
G1 X104.653 Y110.762 E177.65359
G1 X105.008 Y110.332 E177.69068
G1 X105.266 Y109.847 E177.72722
G1 X105.426 Y109.32 E177.76386
G1 X105.478 Y108.78 E177.79995
G1 X105.426 Y108.236 E177.8363
G1 X105.266 Y107.709 E177.87294
G1 X105.009 Y107.224 E177.90945
G1 X104.657 Y106.798 E177.94621
G1 X104.244 Y106.455 E177.98192
G1 X103.751 Y106.194 E178.01903
G1 X103.224 Y106.034 E178.05566
G1 X102.68 Y105.981 E178.09202
G1 X102.14 Y106.034 E178.12812
G1 X101.613 Y106.194 E178.16475
G1 X101.124 Y106.452 E178.20153
G1 X100.703 Y106.798 E178.23778
G1 X100.356 Y107.224 E178.27433
G1 X100.094 Y107.71 E178.31106
G1 X99.934 Y108.236 E178.34763
G1 X99.882 Y108.78 E178.38398
G1 X99.934 Y109.32 E178.42007
G1 X100.094 Y109.846 E178.45664
G1 X100.355 Y110.331 E178.49328
G1 X100.707 Y110.758 E178.53009
G1 X101.124 Y111.104 E178.56613
G1 X101.613 Y111.361 E178.60288
G1 X102.14 Y111.522 E178.63954
G1 X102.68 Y111.579 E178.67566
G1 X102.866 Y111.56 E178.68809
G0 F12000 X102.837 Y111.252
G0 X102.832 Y110.776
G0 X102.794 Y110.462
G1 F1441.7 X102.68 Y110.476 E178.69573
G1 X102.265 Y110.424 E178.72356
G1 X101.89 Y110.282 E178.75023
G1 X101.56 Y110.054 E178.77691
G1 X101.274 Y109.735 E178.80541
G1 X101.085 Y109.361 E178.83328
G1 X100.992 Y108.98 E178.85937
G1 X100.992 Y108.577 E178.88618
G1 X101.088 Y108.189 E178.91277
G1 X101.274 Y107.821 E178.9402
G1 X101.56 Y107.501 E178.96875
G1 X101.89 Y107.275 E178.99535
G1 X102.265 Y107.132 E179.02205
G1 X102.68 Y107.08 E179.04987
G1 X103.099 Y107.132 E179.07796
G1 X103.494 Y107.286 E179.10616
G1 X103.804 Y107.501 E179.13125
G1 X104.086 Y107.821 E179.15963
G1 X104.279 Y108.195 E179.18762
G1 X104.371 Y108.576 E179.2137
G1 X104.367 Y109.009 E179.2425
G1 X104.276 Y109.371 E179.26733
G1 X104.086 Y109.738 E179.29482
G1 X103.804 Y110.055 E179.32304
G1 X103.474 Y110.281 E179.34965
G1 X103.099 Y110.424 E179.37635
G1 X102.794 Y110.462 E179.39679
G1 F2700 E174.39679
;MESH:standoff_6h_6od_2id.obj
G0 F12000 X102.832 Y110.776
G0 X104.498 Y110.596
G0 X105.344 Y111.289
G0 X106.581 Y111.303
G0 X110 Y112.065
;TYPE:WALL-INNER
G1 F2700 E179.39679
G1 F1666.7 X109.771 Y112.074 E179.40998
G1 F1657.1 X109.243 Y111.933 E179.44161
G1 F1647.7 X108.844 Y111.72 E179.46793
G1 F1643 X108.461 Y111.394 E179.49729
G1 F1647.7 X108.157 Y110.975 E179.52742
G1 X107.978 Y110.475 E179.55833
G1 X107.926 Y110 E179.58615
G1 X107.978 Y109.521 E179.61419
G1 X108.154 Y109.025 E179.64482
G1 F1657.1 X108.461 Y108.602 E179.67507
G1 X108.842 Y108.277 E179.70405
G1 F1647.7 X109.248 Y108.061 E179.73082
G1 F1657.1 X109.706 Y107.94 E179.75824
G1 F1666.7 X110.29 Y107.94 E179.79184
G1 F1657.1 X110.753 Y108.064 E179.81958
G1 F1647.7 X111.154 Y108.277 E179.84601
G1 X111.529 Y108.597 E179.8747
G1 F1629 X111.719 Y108.854 E179.89352
G1 F1638.3 X111.861 Y109.083 E179.90929
G1 F1647.7 X112.019 Y109.524 E179.93656
G1 X112.071 Y110 E179.96443
G1 F1657.1 X112.02 Y110.469 E179.99173
G1 F1671.5 X111.861 Y110.918 E180.01906
G1 F1647.7 X111.719 Y111.141 E180.03445
G1 F1629 X111.536 Y111.393 E180.05278
G1 F1643 X111.153 Y111.721 E180.08221
G1 F1647.7 X110.752 Y111.934 E180.10864
G1 F1652.4 X110.299 Y112.054 E180.13584
G1 F1666.7 X110 Y112.065 E180.15306
G0 F12000 X110 Y112.419
G1 F1629 X110.42 Y112.387 E180.17785
G1 F1638.3 X110.931 Y112.233 E180.2091
G1 F1647.7 X111.342 Y112.015 E180.23618
G1 F1638.3 X111.71 Y111.71 E180.26415
G1 F1629 X112.013 Y111.341 E180.29226
G1 X112.231 Y110.931 E180.3196
G1 F1638.3 X112.373 Y110.466 E180.34806
G1 F1647.7 X112.422 Y110 E180.37533
G1 X112.373 Y109.53 E180.40284
G1 F1629 X112.232 Y109.065 E180.43144
G1 F1619.9 X112.013 Y108.655 E180.45896
G1 F1629 X111.711 Y108.287 E180.48699
G1 F1647.7 X111.343 Y107.983 E180.51477
G1 X110.93 Y107.763 E180.54201
G1 X110.468 Y107.624 E180.57009
G1 F1638.3 X110 Y107.58 E180.59761
G1 X109.528 Y107.624 E180.62536
G1 F1643 X109.066 Y107.763 E180.65352
G1 F1647.7 X108.653 Y107.983 E180.68075
G1 X108.286 Y108.286 E180.70845
G1 F1638.3 X107.986 Y108.655 E180.73629
G1 F1629 X107.764 Y109.067 E180.76384
G1 F1638.3 X107.624 Y109.528 E180.79205
G1 F1647.7 X107.578 Y110 E180.81965
G1 X107.624 Y110.468 E180.84702
G1 F1629 X107.763 Y110.929 E180.87537
G1 X107.987 Y111.341 E180.90298
G1 X108.252 Y111.683 E180.92845
G1 F1638.3 X108.653 Y112.015 E180.95892
G1 F1643 X109.064 Y112.234 E180.98611
G1 X109.53 Y112.373 E181.01449
G1 F1638.3 X110 Y112.419 E181.04213
G0 F12000 X110 Y112.798
;TYPE:WALL-OUTER
G1 F1441.7 X110.54 Y112.743 E181.07824
G1 X111.075 Y112.582 E181.11541
G1 X111.552 Y112.328 E181.15135
G1 X111.977 Y111.977 E181.18802
G1 X112.328 Y111.552 E181.22469
G1 X112.582 Y111.075 E181.26064
G1 X112.742 Y110.54 E181.29778
G1 X112.798 Y110 E181.3339
G1 X112.743 Y109.456 E181.37027
G1 X112.582 Y108.921 E181.40743
G1 X112.329 Y108.444 E181.44335
G1 X111.978 Y108.019 E181.48001
G1 X111.552 Y107.671 E181.51661
G1 X111.074 Y107.414 E181.55271
G1 X110.541 Y107.254 E181.58973
G1 X110 Y107.202 E181.62588
G1 X109.455 Y107.254 E181.6623
G1 X108.922 Y107.414 E181.69932
G1 X108.444 Y107.671 E181.73542
G1 X108.019 Y108.019 E181.77196
G1 X107.672 Y108.444 E181.80845
G1 X107.414 Y108.922 E181.84459
G1 X107.254 Y109.455 E181.8816
G1 X107.202 Y110 E181.91802
G1 X107.254 Y110.541 E181.95418
G1 X107.414 Y111.074 E181.99119
G1 X107.672 Y111.552 E182.02733
G1 X108.019 Y111.978 E182.06388
G1 X108.444 Y112.329 E182.10054
G1 X108.921 Y112.582 E182.13646
G1 X109.456 Y112.742 E182.1736
G1 X110 Y112.798 E182.20998
G0 F12000 X110 Y112.488
G0 X110 Y111.999
G0 X110 Y111.687
G1 F1441.7 X109.795 Y111.687 E182.22362
G1 X109.374 Y111.578 E182.25255
G1 X109.02 Y111.387 E182.27931
G1 X108.743 Y111.143 E182.30386
G1 X108.496 Y110.792 E182.33241
G1 X108.352 Y110.414 E182.35932
G1 X108.3 Y109.98 E182.38839
G1 X108.356 Y109.569 E182.41599
G1 X108.495 Y109.205 E182.44191
G1 X108.72 Y108.877 E182.46836
G1 X109.054 Y108.586 E182.49783
G1 X109.418 Y108.402 E182.52496
G1 X109.796 Y108.309 E182.55086
G1 X110.199 Y108.308 E182.57767
G1 X110.622 Y108.418 E182.60674
G1 X110.955 Y108.594 E182.63179
G1 X111.275 Y108.876 E182.66017
G1 X111.501 Y109.206 E182.68677
G1 X111.644 Y109.582 E182.71353
G1 X111.697 Y110 E182.74156
G1 X111.64 Y110.427 E182.77022
G1 X111.502 Y110.79 E182.79605
G1 X111.275 Y111.12 E182.82269
G1 X110.976 Y111.387 E182.84936
G1 X110.618 Y111.579 E182.87638
G1 X110.201 Y111.687 E182.90504
G1 X110 Y111.687 E182.91841
G1 F2700 E177.91841
;MESH:standoff_6h_6od_2id.obj(2)
G0 F12000 X110 Y111.999
G0 X109.308 Y111.827
G0 X108.891 Y111.605
G0 X108.538 Y111.295
G0 X108.27 Y110.905
G0 X108.105 Y110.467
G0 X108.047 Y110.001
G0 X108.105 Y109.532
G0 X108.253 Y109.139
G0 X109.499 Y107.481
G0 X109.274 Y105.202
G0 X108.806 Y105.1
;TYPE:WALL-INNER
G1 F2700 E182.91841
G1 F1647.7 X109.247 Y105.057 E182.9442
G1 F1638.3 X109.753 Y104.901 E182.97519
G1 F1629 X110.131 Y104.689 E183.00071
G1 X110.486 Y104.398 E183.02773
G1 F1647.7 X110.792 Y104.028 E183.05568
G1 F1657.1 X111.019 Y103.602 E183.08361
G1 F1638.3 X111.155 Y103.15 E183.11124
G1 F1629 X111.2 Y102.68 E183.13904
G1 X111.155 Y102.214 E183.1666
G1 F1638.3 X111.018 Y101.758 E183.19447
G1 F1647.7 X110.792 Y101.332 E183.22254
G1 F1643 X110.49 Y100.967 E183.25019
G1 F1629 X110.13 Y100.675 E183.27748
G1 X109.751 Y100.458 E183.30319
G1 F1638.3 X109.247 Y100.304 E183.33404
G1 F1647.7 X108.78 Y100.259 E183.36135
G1 X108.309 Y100.304 E183.38889
G1 F1638.3 X107.856 Y100.444 E183.41664
G1 F1629 X107.435 Y100.669 E183.44475
G1 F1638.3 X107.067 Y100.969 E183.47254
G1 F1647.7 X106.765 Y101.334 E183.50011
G1 F1657.1 X106.542 Y101.756 E183.52774
G1 F1647.7 X106.404 Y102.213 E183.55552
G1 F1629 X106.361 Y102.68 E183.58313
G1 X106.404 Y103.15 E183.61092
G1 F1643 X106.541 Y103.602 E183.63848
G1 F1657.1 X106.765 Y104.024 E183.66613
G1 F1647.7 X107.07 Y104.395 E183.69409
G1 F1638.3 X107.434 Y104.694 E183.72166
G1 F1633.7 X107.854 Y104.917 E183.74958
G1 F1638.3 X108.309 Y105.056 E183.77743
G1 F1647.7 X108.78 Y105.103 E183.80498
G1 X108.806 Y105.1 E183.8065
G0 F12000 X108.802 Y104.752
G1 F1652.4 X108.78 Y104.754 E183.80779
G1 F1657.1 X108.301 Y104.702 E183.83567
G1 F1666.7 X107.877 Y104.545 E183.86168
G1 F1647.7 X107.632 Y104.401 E183.87823
G1 F1638.3 X107.38 Y104.216 E183.89653
G1 F1652.4 X107.057 Y103.836 E183.92547
G1 F1666.7 X106.841 Y103.429 E183.95198
G1 F1676.4 X106.723 Y102.956 E183.97987
G1 X106.718 Y102.431 E184.00991
G1 F1666.7 X106.84 Y101.933 E184.03941
G1 F1657.1 X107.058 Y101.524 E184.06623
G1 F1661.9 X107.374 Y101.148 E184.09457
G1 F1676.4 X107.747 Y100.879 E184.12088
G1 F1657.1 X107.987 Y100.773 E184.13607
G1 F1633.7 X108.307 Y100.657 E184.15605
G1 F1643 X108.78 Y100.609 E184.1838
G1 F1657.1 X109.25 Y100.657 E184.21114
G1 F1676.4 X109.698 Y100.818 E184.23838
G1 F1657.1 X109.931 Y100.966 E184.25435
G1 F1629 X110.185 Y101.153 E184.27292
G1 F1643 X110.499 Y101.523 E184.30124
G1 F1652.4 X110.72 Y101.939 E184.32858
G1 F1657.1 X110.842 Y102.423 E184.35747
G1 F1666.7 X110.837 Y102.96 E184.38837
G1 X110.718 Y103.423 E184.41588
G1 F1657.1 X110.501 Y103.839 E184.44303
G1 F1666.7 X110.181 Y104.214 E184.4714
G1 F1676.4 X109.806 Y104.486 E184.4979
G1 F1657.1 X109.573 Y104.588 E184.51262
G1 F1638.3 X109.259 Y104.702 E184.53217
G1 F1647.7 X108.802 Y104.752 E184.55893
G0 F12000 X108.8 Y104.38
;TYPE:WALL-OUTER
G1 F1441.7 X108.361 Y104.328 E184.58834
G1 X108.009 Y104.196 E184.61335
G1 X107.656 Y103.959 E184.64163
G1 X107.374 Y103.638 E184.67005
G1 X107.184 Y103.271 E184.69754
G1 X107.092 Y102.884 E184.724
G1 X107.092 Y102.48 E184.75088
G1 X107.184 Y102.089 E184.7776
G1 X107.374 Y101.724 E184.80497
G1 X107.656 Y101.401 E184.83349
G1 X107.985 Y101.179 E184.85989
G1 X108.361 Y101.032 E184.88675
G1 X108.78 Y100.984 E184.9148
G1 X109.195 Y101.032 E184.94259
G1 X109.571 Y101.175 E184.96935
G1 X109.899 Y101.404 E184.99596
G1 X110.185 Y101.724 E185.02451
G1 X110.375 Y102.099 E185.05248
G1 X110.469 Y102.5 E185.07987
G1 X110.468 Y102.883 E185.10535
G1 X110.372 Y103.271 E185.13194
G1 X110.172 Y103.659 E185.16098
G1 X109.9 Y103.959 E185.18791
G1 X109.548 Y104.196 E185.21614
G1 X109.199 Y104.328 E185.24096
G1 X108.8 Y104.38 E185.26773
G0 F12000 X108.837 Y104.69
G0 X108.781 Y105.171
G0 X108.81 Y105.476
G1 F1441.7 X109.32 Y105.426 E185.30182
G1 X109.847 Y105.266 E185.33845
G1 X110.34 Y105.004 E185.37559
G1 X110.753 Y104.665 E185.41113
G1 X111.104 Y104.236 E185.44801
G1 X111.366 Y103.746 E185.48497
G1 X111.526 Y103.224 E185.52129
G1 X111.579 Y102.68 E185.55764
G1 X111.526 Y102.14 E185.59374
G1 X111.366 Y101.614 E185.63031
G1 X111.104 Y101.124 E185.66727
G1 X110.757 Y100.699 E185.70377
G1 X110.34 Y100.36 E185.73952
G1 X109.846 Y100.094 E185.77684
G1 X109.32 Y99.934 E185.81341
G1 X108.78 Y99.882 E185.8495
G1 X108.236 Y99.934 E185.88585
G1 X107.71 Y100.094 E185.92242
G1 X107.224 Y100.355 E185.95912
G1 X106.802 Y100.703 E185.99551
G1 X106.452 Y101.124 E186.03192
G1 X106.194 Y101.613 E186.0687
G1 X106.034 Y102.14 E186.10534
G1 X105.982 Y102.68 E186.14143
G1 X106.033 Y103.224 E186.17777
G1 X106.194 Y103.746 E186.21411
G1 X106.452 Y104.232 E186.25071
G1 X106.803 Y104.662 E186.28763
G1 X107.224 Y105.008 E186.32388
G1 X107.709 Y105.266 E186.36043
G1 X108.236 Y105.426 E186.39706
G1 X108.78 Y105.479 E186.43342
G1 X108.81 Y105.476 E186.43543
G1 F2700 E181.43543
;MESH:standoff_6h_6od_2id.obj(3)
G0 F12000 X108.781 Y105.171
G0 X109.282 Y105.202
G0 X109.389 Y106.29
G0 X110.714 Y106.403
G0 X111.403 Y106.612
G0 X112.038 Y106.951
G0 X112.593 Y107.407
G0 X113.049 Y107.962
G0 X113.388 Y108.597
G0 X113.597 Y109.286
G0 X113.668 Y110
G0 X113.597 Y110.714
G0 X113.388 Y111.403
G0 X113.049 Y112.038
G0 X112.593 Y112.593
G0 X112.038 Y113.049
G0 X110.611 Y113.71
G0 X111.194 Y119.388
;TYPE:WALL-INNER
G1 F2700 E186.43543
G1 F1661.9 X110.741 Y119.338 E186.46173
G1 F1666.7 X110.317 Y119.181 E186.48774
G1 F1647.7 X110.066 Y119.033 E186.5047
G1 X109.815 Y118.849 E186.52282
G1 F1661.9 X109.495 Y118.473 E186.55131
G1 F1652.4 X109.279 Y118.061 E186.57831
G1 F1657.1 X109.162 Y117.614 E186.60505
G1 F1647.7 X109.151 Y117.316 E186.62241
G1 X109.162 Y117.014 E186.64
G1 F1657.1 X109.28 Y116.57 E186.66658
G1 X109.495 Y116.158 E186.69348
G1 F1666.7 X109.812 Y115.784 E186.72169
G1 F1676.4 X110.189 Y115.51 E186.74835
G1 F1652.4 X110.422 Y115.408 E186.76311
G1 F1633.7 X110.747 Y115.294 E186.78333
G1 F1647.7 X111.216 Y115.242 E186.8108
G1 X111.692 Y115.294 E186.83867
G1 F1638.3 X112.011 Y115.407 E186.85848
G1 F1661.9 X112.254 Y115.514 E186.8738
G1 F1681.3 X112.625 Y115.788 E186.90011
G1 F1671.5 X112.942 Y116.159 E186.9281
G1 F1657.1 X113.155 Y116.569 E186.95484
G1 X113.274 Y117.016 E186.98161
G1 F1647.7 X113.284 Y117.316 E186.99908
G1 F1652.4 X113.264 Y117.641 E187.01798
G1 F1666.7 X113.157 Y118.062 E187.04298
G1 F1661.9 X112.94 Y118.474 E187.06985
G1 F1666.7 X112.623 Y118.848 E187.09806
G1 F1676.4 X112.242 Y119.123 E187.12494
G1 F1657.1 X112.011 Y119.225 E187.13955
G1 F1638.3 X111.692 Y119.339 E187.15938
G1 F1647.7 X111.216 Y119.39 E187.18725
G1 F1657.1 X111.194 Y119.388 E187.18853
G0 F12000 X111.19 Y119.736
G1 F1647.7 X111.216 Y119.739 E187.19005
G1 X111.687 Y119.692 E187.2176
G1 F1638.3 X112.141 Y119.554 E187.24538
G1 F1633.7 X112.562 Y119.327 E187.27345
G1 F1638.3 X112.931 Y119.026 E187.30133
G1 F1647.7 X113.231 Y118.664 E187.3287
G1 F1657.1 X113.454 Y118.243 E187.35627
G1 F1647.7 X113.592 Y117.787 E187.384
G1 F1638.3 X113.637 Y117.316 E187.41169
G1 X113.592 Y116.846 E187.43933
G1 F1647.7 X113.456 Y116.393 E187.46686
G1 F1657.1 X113.232 Y115.971 E187.49451
G1 X112.927 Y115.601 E187.52226
G1 F1638.3 X112.562 Y115.306 E187.54973
G1 X112.141 Y115.079 E187.57773
G1 X111.687 Y114.94 E187.60553
G1 F1647.7 X111.216 Y114.893 E187.63308
G1 X110.749 Y114.94 E187.6604
G1 F1633.7 X110.243 Y115.095 E187.69146
G1 F1629 X109.865 Y115.307 E187.71698
G1 X109.511 Y115.597 E187.74392
G1 F1652.4 X109.205 Y115.97 E187.77192
G1 F1661.9 X108.981 Y116.394 E187.79959
G1 F1647.7 X108.843 Y116.847 E187.82715
G1 F1633.7 X108.797 Y117.316 E187.85482
G1 F1629 X108.829 Y117.735 E187.87956
G1 F1643 X108.981 Y118.244 E187.91056
G1 F1657.1 X109.204 Y118.663 E187.93803
G1 F1647.7 X109.51 Y119.031 E187.96589
G1 F1638.3 X109.867 Y119.326 E187.993
G1 F1633.7 X110.294 Y119.553 E188.02139
G1 F1638.3 X110.749 Y119.692 E188.04924
G1 F1647.7 X111.19 Y119.736 E188.07504
G0 F12000 X111.186 Y120.112
;TYPE:WALL-OUTER
G1 F1441.7 X111.216 Y120.115 E188.07704
G1 X111.76 Y120.062 E188.1134
G1 X112.286 Y119.902 E188.14997
G1 X112.772 Y119.641 E188.18667
G1 X113.198 Y119.293 E188.22326
G1 X113.544 Y118.872 E188.25951
G1 X113.802 Y118.387 E188.29605
G1 X113.962 Y117.86 E188.33269
G1 X114.015 Y117.316 E188.36905
G1 X113.962 Y116.772 E188.4054
G1 X113.802 Y116.249 E188.44179
G1 X113.544 Y115.764 E188.47833
G1 X113.194 Y115.335 E188.51516
G1 X112.772 Y114.992 E188.55133
G1 X112.286 Y114.73 E188.58806
G1 X111.76 Y114.57 E188.62463
G1 X111.216 Y114.517 E188.66099
G1 X110.676 Y114.57 E188.69709
G1 X110.149 Y114.73 E188.73372
G1 X109.656 Y114.992 E188.77086
G1 X109.243 Y115.33 E188.80636
G1 X108.892 Y115.763 E188.84344
G1 X108.634 Y116.25 E188.8801
G1 X108.473 Y116.772 E188.91644
G1 X108.418 Y117.316 E188.95281
G1 X108.474 Y117.86 E188.98919
G1 X108.634 Y118.387 E189.02582
G1 X108.892 Y118.872 E189.06237
G1 X109.243 Y119.298 E189.09908
G1 X109.657 Y119.64 E189.1348
G1 X110.149 Y119.902 E189.17188
G1 X110.676 Y120.062 E189.20852
G1 X111.186 Y120.112 E189.24261
G0 F12000 X111.216 Y119.805
G0 X111.16 Y119.323
G0 X111.196 Y119.016
G1 F1441.7 X110.801 Y118.964 E189.26911
G1 X110.449 Y118.832 E189.29412
G1 X110.096 Y118.595 E189.3224
G1 X109.825 Y118.292 E189.34944
G1 X109.621 Y117.897 E189.37901
G1 X109.529 Y117.517 E189.40502
G1 X109.533 Y117.087 E189.43363
G1 X109.624 Y116.725 E189.45846
G1 X109.81 Y116.357 E189.48588
G1 X110.097 Y116.037 E189.51448
G1 X110.426 Y115.811 E189.54103
G1 X110.801 Y115.668 E189.56773
G1 X111.216 Y115.616 E189.59555
G1 X111.635 Y115.668 E189.62363
G1 X112.011 Y115.811 E189.65039
G1 X112.338 Y116.036 E189.6768
G1 X112.626 Y116.357 E189.70549
G1 X112.812 Y116.725 E189.73291
G1 X112.907 Y117.112 E189.75942
G1 X112.903 Y117.55 E189.78856
G1 X112.812 Y117.907 E189.81307
G1 X112.607 Y118.297 E189.84237
G1 X112.339 Y118.595 E189.86903
G1 X112.012 Y118.821 E189.89548
G1 X111.635 Y118.964 E189.9223
G1 X111.196 Y119.016 E189.9517
G1 F2700 E184.9517
;MESH:NONMESH
G0 F300 Z5.8
G0 F12000 X111.16 Y119.323
G0 X110.312 Y119.046
G0 X109.924 Y118.777
G0 X109.614 Y118.426
G0 X109.489 Y118.189
G0 X108.848 Y116.331
G0 X107.883 Y115.817
G0 X104.808 Y111.757
G0 X102.818 Y110.836
;TIME_ELAPSED:202.406204
;LAYER:14
;note -- min layer time used
;TYPE:WALL-INNER
;MESH:standoff_6h_6od_2id.obj(1)
G1 F2700 E189.9517
G1 F1652.4 X102.68 Y110.851 E189.95976
G1 F1647.7 X102.207 Y110.798 E189.98746
G1 F1657.1 X101.771 Y110.643 E190.01424
G1 F1647.7 X101.534 Y110.495 E190.03051
G1 F1633.7 X101.287 Y110.315 E190.04845
G1 F1652.4 X100.958 Y109.933 E190.07771
G1 F1657.1 X100.741 Y109.523 E190.10456
G1 X100.618 Y109.037 E190.13357
G1 F1671.5 X100.623 Y108.5 E190.16438
G1 F1666.7 X100.745 Y108.027 E190.19249
G1 F1661.9 X100.959 Y107.621 E190.21897
G1 F1666.7 X101.289 Y107.239 E190.24802
G1 X101.72 Y106.938 E190.27827
G1 F1661.9 X102.208 Y106.758 E190.30828
G1 F1657.1 X102.68 Y106.706 E190.33576
G1 X103.159 Y106.758 E190.36365
G1 F1661.9 X103.65 Y106.94 E190.39386
G1 F1666.7 X104.076 Y107.239 E190.42381
G1 F1657.1 X104.403 Y107.622 E190.45296
G1 X104.619 Y108.026 E190.47947
G1 F1666.7 X104.744 Y108.515 E190.50851
G1 F1676.4 X104.744 Y109.041 E190.5386
G1 F1666.7 X104.619 Y109.53 E190.56764
G1 F1661.9 X104.404 Y109.935 E190.5941
G1 F1647.7 X104.076 Y110.315 E190.62332
G1 F1638.3 X103.835 Y110.492 E190.64083
G1 F1657.1 X103.599 Y110.64 E190.65695
G1 F1671.5 X103.158 Y110.798 E190.68382
G1 F1661.9 X102.818 Y110.836 E190.70357
G0 F12000 X102.841 Y111.185
G1 F1647.7 X103.149 Y111.153 E190.72159
G1 F1638.3 X103.66 Y110.996 E190.75288
G1 F1629 X104.033 Y110.785 E190.77811
G1 F1638.3 X104.387 Y110.495 E190.8049
G1 F1647.7 X104.696 Y110.123 E190.83305
G1 F1657.1 X104.919 Y109.703 E190.86057
G1 F1647.7 X105.056 Y109.247 E190.88828
G1 F1638.3 X105.1 Y108.78 E190.91574
G1 X105.056 Y108.309 E190.94343
G1 F1647.7 X104.919 Y107.853 E190.97114
G1 F1652.4 X104.696 Y107.433 E190.99874
G1 F1647.7 X104.391 Y107.065 E191.02656
G1 F1633.7 X104.033 Y106.77 E191.05379
G1 F1629 X103.606 Y106.544 E191.08224
G1 F1638.3 X103.151 Y106.404 E191.1101
G1 F1647.7 X102.68 Y106.357 E191.13765
G1 X102.213 Y106.404 E191.16497
G1 F1638.3 X101.757 Y106.544 E191.1929
G1 F1629 X101.333 Y106.767 E191.2211
G1 X100.971 Y107.064 E191.24866
G1 F1647.7 X100.667 Y107.432 E191.27645
G1 F1652.4 X100.441 Y107.855 E191.30428
G1 F1638.3 X100.305 Y108.309 E191.33203
G1 F1629 X100.261 Y108.78 E191.35987
G1 X100.305 Y109.246 E191.38743
G1 F1638.3 X100.441 Y109.701 E191.41523
G1 F1657.1 X100.666 Y110.122 E191.44285
G1 F1652.4 X100.973 Y110.491 E191.47071
G1 F1633.7 X101.334 Y110.789 E191.49819
G1 F1629 X101.7 Y110.993 E191.52286
G1 F1638.3 X102.215 Y111.153 E191.55443
G1 F1643 X102.68 Y111.202 E191.58172
G1 F1647.7 X102.841 Y111.185 E191.59115
G0 F12000 X102.866 Y111.56
;TYPE:WALL-OUTER
G1 F1441.7 X103.224 Y111.522 E191.61509
G1 X103.751 Y111.362 E191.65173
G1 X104.244 Y111.1 E191.68887
G1 X104.653 Y110.762 E191.72416
G1 X105.008 Y110.332 E191.76126
G1 X105.266 Y109.847 E191.7978
G1 X105.426 Y109.32 E191.83443
G1 X105.478 Y108.78 E191.87052
G1 X105.426 Y108.236 E191.90687
G1 X105.266 Y107.709 E191.94351
G1 X105.009 Y107.224 E191.98002
G1 X104.657 Y106.798 E192.01678
G1 X104.244 Y106.455 E192.05249
G1 X103.751 Y106.194 E192.0896
G1 X103.224 Y106.034 E192.12624
G1 X102.68 Y105.981 E192.16259
G1 X102.14 Y106.034 E192.19869
G1 X101.613 Y106.194 E192.23532
G1 X101.124 Y106.452 E192.2721
G1 X100.703 Y106.798 E192.30835
G1 X100.356 Y107.224 E192.3449
G1 X100.094 Y107.71 E192.38163
G1 X99.934 Y108.236 E192.4182
G1 X99.882 Y108.78 E192.45455
G1 X99.934 Y109.32 E192.49064
G1 X100.094 Y109.846 E192.52721
G1 X100.355 Y110.331 E192.56385
G1 X100.707 Y110.758 E192.60066
G1 X101.124 Y111.104 E192.63671
G1 X101.613 Y111.361 E192.67345
G1 X102.14 Y111.522 E192.71011
G1 X102.68 Y111.579 E192.74623
G1 X102.866 Y111.56 E192.75867
G0 F12000 X102.837 Y111.252
G0 X102.832 Y110.776
G0 X102.794 Y110.462
G1 F1441.7 X102.68 Y110.476 E192.76631
G1 X102.265 Y110.424 E192.79413
G1 X101.89 Y110.282 E192.8208
G1 X101.56 Y110.054 E192.84748
G1 X101.274 Y109.735 E192.87598
G1 X101.085 Y109.361 E192.90386
G1 X100.992 Y108.98 E192.92995
G1 X100.992 Y108.577 E192.95675
G1 X101.088 Y108.189 E192.98334
G1 X101.274 Y107.821 E193.01077
G1 X101.56 Y107.501 E193.03932
G1 X101.89 Y107.275 E193.06593
G1 X102.265 Y107.132 E193.09262
G1 X102.68 Y107.08 E193.12045
G1 X103.099 Y107.132 E193.14853
G1 X103.494 Y107.286 E193.17673
G1 X103.804 Y107.501 E193.20183
G1 X104.086 Y107.821 E193.2302
G1 X104.279 Y108.195 E193.2582
G1 X104.371 Y108.576 E193.28427
G1 X104.367 Y109.009 E193.31307
G1 X104.276 Y109.371 E193.3379
G1 X104.086 Y109.738 E193.36539
G1 X103.804 Y110.055 E193.39362
G1 X103.474 Y110.281 E193.42022
G1 X103.099 Y110.424 E193.44692
G1 X102.794 Y110.462 E193.46737
G1 F2700 E188.46737
;MESH:standoff_6h_6od_2id.obj
G0 F12000 X102.832 Y110.776
G0 X104.498 Y110.596
G0 X105.344 Y111.289
G0 X106.581 Y111.303
G0 X110 Y112.065
;TYPE:WALL-INNER
G1 F2700 E193.46737
G1 F1666.7 X109.771 Y112.074 E193.48055
G1 F1657.1 X109.243 Y111.933 E193.51218
G1 F1647.7 X108.844 Y111.72 E193.53851
G1 F1643 X108.461 Y111.394 E193.56786
G1 F1647.7 X108.157 Y110.975 E193.598
G1 X107.978 Y110.475 E193.62891
G1 X107.926 Y110 E193.65672
G1 X107.978 Y109.521 E193.68476
G1 X108.154 Y109.025 E193.7154
G1 F1657.1 X108.461 Y108.602 E193.74564
G1 X108.842 Y108.277 E193.77463
G1 F1647.7 X109.248 Y108.061 E193.80139
G1 F1657.1 X109.706 Y107.94 E193.82881
G1 F1666.7 X110.29 Y107.94 E193.86241
G1 F1657.1 X110.753 Y108.064 E193.89015
G1 F1647.7 X111.154 Y108.277 E193.91658
G1 X111.529 Y108.597 E193.94527
G1 F1629 X111.719 Y108.854 E193.96409
G1 F1638.3 X111.861 Y109.083 E193.97986
G1 F1647.7 X112.019 Y109.524 E194.00713
G1 X112.071 Y110 E194.035
G1 F1657.1 X112.02 Y110.469 E194.0623
G1 F1671.5 X111.861 Y110.918 E194.08963
G1 F1647.7 X111.719 Y111.141 E194.10502
G1 F1629 X111.536 Y111.393 E194.12335
G1 F1643 X111.153 Y111.721 E194.15279
G1 F1647.7 X110.752 Y111.934 E194.17922
G1 F1652.4 X110.299 Y112.054 E194.20641
G1 F1666.7 X110 Y112.065 E194.22363
G0 F12000 X110 Y112.419
G1 F1629 X110.42 Y112.387 E194.24843
G1 F1638.3 X110.931 Y112.233 E194.27967
G1 F1647.7 X111.342 Y112.015 E194.30675
G1 F1638.3 X111.71 Y111.71 E194.33473
G1 F1629 X112.013 Y111.341 E194.36284
G1 X112.231 Y110.931 E194.39017
G1 F1638.3 X112.373 Y110.466 E194.41863
G1 F1647.7 X112.422 Y110 E194.44591
G1 X112.373 Y109.53 E194.47341
G1 F1629 X112.232 Y109.065 E194.50202
G1 F1619.9 X112.013 Y108.655 E194.52954
G1 F1629 X111.711 Y108.287 E194.55756
G1 F1647.7 X111.343 Y107.983 E194.58534
G1 X110.93 Y107.763 E194.61258
G1 X110.468 Y107.624 E194.64066
G1 F1638.3 X110 Y107.58 E194.66818
G1 X109.528 Y107.624 E194.69593
G1 F1643 X109.066 Y107.763 E194.72409
G1 F1647.7 X108.653 Y107.983 E194.75133
G1 X108.286 Y108.286 E194.77903
G1 F1638.3 X107.986 Y108.655 E194.80687
G1 F1629 X107.764 Y109.067 E194.83442
G1 F1638.3 X107.624 Y109.528 E194.86262
G1 F1647.7 X107.578 Y110 E194.89022
G1 X107.624 Y110.468 E194.9176
G1 F1629 X107.763 Y110.929 E194.94594
G1 X107.987 Y111.341 E194.97355
G1 X108.252 Y111.683 E194.99902
G1 F1638.3 X108.653 Y112.015 E195.02949
G1 F1643 X109.064 Y112.234 E195.05668
G1 X109.53 Y112.373 E195.08506
G1 F1638.3 X110 Y112.419 E195.11271
G0 F12000 X110 Y112.798
;TYPE:WALL-OUTER
G1 F1441.7 X110.54 Y112.743 E195.14881
G1 X111.075 Y112.582 E195.18598
G1 X111.552 Y112.328 E195.22193
G1 X111.977 Y111.977 E195.25859
G1 X112.328 Y111.552 E195.29526
G1 X112.582 Y111.075 E195.33121
G1 X112.742 Y110.54 E195.36835
G1 X112.798 Y110 E195.40447
G1 X112.743 Y109.456 E195.44084
G1 X112.582 Y108.921 E195.478
G1 X112.329 Y108.444 E195.51392
G1 X111.978 Y108.019 E195.55059
G1 X111.552 Y107.671 E195.58718
G1 X111.074 Y107.414 E195.62328
G1 X110.541 Y107.254 E195.6603
G1 X110 Y107.202 E195.69645
G1 X109.455 Y107.254 E195.73287
G1 X108.922 Y107.414 E195.76989
G1 X108.444 Y107.671 E195.80599
G1 X108.019 Y108.019 E195.84253
G1 X107.672 Y108.444 E195.87903
G1 X107.414 Y108.922 E195.91516
G1 X107.254 Y109.455 E195.95218
G1 X107.202 Y110 E195.9886
G1 X107.254 Y110.541 E196.02475
G1 X107.414 Y111.074 E196.06177
G1 X107.672 Y111.552 E196.0979
G1 X108.019 Y111.978 E196.13445
G1 X108.444 Y112.329 E196.17112
G1 X108.921 Y112.582 E196.20703
G1 X109.456 Y112.742 E196.24418
G1 X110 Y112.798 E196.28056
G0 F12000 X110 Y112.488
G0 X110 Y111.999
G0 X110 Y111.687
G1 F1441.7 X109.795 Y111.687 E196.29419
G1 X109.374 Y111.578 E196.32312
G1 X109.02 Y111.387 E196.34988
G1 X108.743 Y111.143 E196.37443
G1 X108.496 Y110.792 E196.40298
G1 X108.352 Y110.414 E196.42989
G1 X108.3 Y109.98 E196.45897
G1 X108.356 Y109.569 E196.48656
G1 X108.495 Y109.205 E196.51248
G1 X108.72 Y108.877 E196.53894
G1 X109.054 Y108.586 E196.56841
G1 X109.418 Y108.402 E196.59554
G1 X109.796 Y108.309 E196.62143
G1 X110.199 Y108.308 E196.64824
G1 X110.622 Y108.418 E196.67731
G1 X110.955 Y108.594 E196.70237
G1 X111.275 Y108.876 E196.73074
G1 X111.501 Y109.206 E196.75735
G1 X111.644 Y109.582 E196.78411
G1 X111.697 Y110 E196.81213
G1 X111.64 Y110.427 E196.84079
G1 X111.502 Y110.79 E196.86662
G1 X111.275 Y111.12 E196.89327
G1 X110.976 Y111.387 E196.91993
G1 X110.618 Y111.579 E196.94695
G1 X110.201 Y111.687 E196.97561
G1 X110 Y111.687 E196.98898
G1 F2700 E191.98898
;MESH:standoff_6h_6od_2id.obj(2)
G0 F12000 X110 Y111.999
G0 X109.308 Y111.827
G0 X108.891 Y111.605
G0 X108.538 Y111.295
G0 X108.27 Y110.905
G0 X108.105 Y110.467
G0 X108.047 Y110.001
G0 X108.105 Y109.532
G0 X108.253 Y109.139
G0 X109.499 Y107.481
G0 X109.274 Y105.202
G0 X108.806 Y105.1
;TYPE:WALL-INNER
G1 F2700 E196.98898
G1 F1647.7 X109.247 Y105.057 E197.01477
G1 F1638.3 X109.753 Y104.901 E197.04577
G1 F1629 X110.131 Y104.689 E197.07128
G1 X110.486 Y104.398 E197.0983
G1 F1647.7 X110.792 Y104.028 E197.12625
G1 F1657.1 X111.019 Y103.602 E197.15419
G1 F1638.3 X111.155 Y103.15 E197.18182
G1 F1629 X111.2 Y102.68 E197.20961
G1 X111.155 Y102.214 E197.23717
G1 F1638.3 X111.018 Y101.758 E197.26504
G1 F1647.7 X110.792 Y101.332 E197.29311
G1 F1643 X110.49 Y100.967 E197.32077
G1 F1629 X110.13 Y100.675 E197.34805
G1 X109.751 Y100.458 E197.37377
G1 F1638.3 X109.247 Y100.304 E197.40461
G1 F1647.7 X108.78 Y100.259 E197.43192
G1 X108.309 Y100.304 E197.45946
G1 F1638.3 X107.856 Y100.444 E197.48722
G1 F1629 X107.435 Y100.669 E197.51532
G1 F1638.3 X107.067 Y100.969 E197.54311
G1 F1647.7 X106.765 Y101.334 E197.57069
G1 F1657.1 X106.542 Y101.756 E197.59831
G1 F1647.7 X106.404 Y102.213 E197.62609
G1 F1629 X106.361 Y102.68 E197.6537
G1 X106.404 Y103.15 E197.68149
G1 F1643 X106.541 Y103.602 E197.70906
G1 F1657.1 X106.765 Y104.024 E197.73671
G1 F1647.7 X107.07 Y104.395 E197.76466
G1 F1638.3 X107.434 Y104.694 E197.79224
G1 F1633.7 X107.854 Y104.917 E197.82015
G1 F1638.3 X108.309 Y105.056 E197.848
G1 F1647.7 X108.78 Y105.103 E197.87555
G1 X108.806 Y105.1 E197.87708
G0 F12000 X108.802 Y104.752
G1 F1652.4 X108.78 Y104.754 E197.87836
G1 F1657.1 X108.301 Y104.702 E197.90624
G1 F1666.7 X107.877 Y104.545 E197.93226
G1 F1647.7 X107.632 Y104.401 E197.9488
G1 F1638.3 X107.38 Y104.216 E197.9671
G1 F1652.4 X107.057 Y103.836 E197.99604
G1 F1666.7 X106.841 Y103.429 E198.02256
G1 F1676.4 X106.724 Y102.96 E198.05021
G1 F1657.1 X106.715 Y102.68 E198.06642
G1 F1647.7 X106.725 Y102.386 E198.08354
G1 F1657.1 X106.841 Y101.932 E198.11066
G1 F1647.7 X107.058 Y101.524 E198.13756
G1 F1661.9 X107.374 Y101.148 E198.1659
G1 F1676.4 X107.747 Y100.879 E198.19221
G1 F1657.1 X107.987 Y100.773 E198.2074
G1 F1633.7 X108.307 Y100.657 E198.22738
G1 F1643 X108.78 Y100.609 E198.25513
G1 F1657.1 X109.25 Y100.657 E198.28247
G1 F1676.4 X109.698 Y100.818 E198.3097
G1 F1657.1 X109.931 Y100.966 E198.32568
G1 F1629 X110.185 Y101.153 E198.34425
G1 F1643 X110.499 Y101.523 E198.37257
G1 F1652.4 X110.72 Y101.939 E198.39991
G1 F1657.1 X110.842 Y102.423 E198.4288
G1 F1666.7 X110.837 Y102.96 E198.4597
G1 X110.718 Y103.423 E198.48721
G1 F1657.1 X110.501 Y103.839 E198.51436
G1 F1666.7 X110.181 Y104.214 E198.54273
G1 F1676.4 X109.806 Y104.486 E198.56923
G1 F1657.1 X109.573 Y104.588 E198.58395
G1 F1638.3 X109.259 Y104.702 E198.6035
G1 F1647.7 X108.802 Y104.752 E198.63026
G0 F12000 X108.8 Y104.38
;TYPE:WALL-OUTER
G1 F1441.7 X108.361 Y104.328 E198.65967
G1 X108.009 Y104.196 E198.68468
G1 X107.656 Y103.959 E198.71296
G1 X107.374 Y103.638 E198.74138
G1 X107.184 Y103.271 E198.76887
G1 X107.092 Y102.884 E198.79533
G1 X107.092 Y102.48 E198.82221
G1 X107.184 Y102.089 E198.84893
G1 X107.374 Y101.724 E198.8763
G1 X107.656 Y101.401 E198.90482
G1 X107.985 Y101.179 E198.93122
G1 X108.361 Y101.032 E198.95808
G1 X108.78 Y100.984 E198.98613
G1 X109.195 Y101.032 E199.01392
G1 X109.571 Y101.175 E199.04068
G1 X109.899 Y101.404 E199.06729
G1 X110.185 Y101.724 E199.09584
G1 X110.375 Y102.099 E199.12381
G1 X110.469 Y102.5 E199.1512
G1 X110.468 Y102.883 E199.17668
G1 X110.372 Y103.271 E199.20327
G1 X110.172 Y103.659 E199.23231
G1 X109.9 Y103.959 E199.25924
G1 X109.548 Y104.196 E199.28747
G1 X109.199 Y104.328 E199.31229
G1 X108.8 Y104.38 E199.33906
G0 F12000 X108.837 Y104.69
G0 X108.781 Y105.171
G0 X108.81 Y105.476
G1 F1441.7 X109.32 Y105.426 E199.37315
G1 X109.847 Y105.266 E199.40978
G1 X110.34 Y105.004 E199.44692
G1 X110.753 Y104.665 E199.48246
G1 X111.104 Y104.236 E199.51933
G1 X111.366 Y103.746 E199.5563
G1 X111.526 Y103.224 E199.59261
G1 X111.579 Y102.68 E199.62897
G1 X111.526 Y102.14 E199.66507
G1 X111.366 Y101.614 E199.70164
G1 X111.104 Y101.124 E199.7386
G1 X110.757 Y100.699 E199.7751
G1 X110.34 Y100.36 E199.81085
G1 X109.846 Y100.094 E199.84817
G1 X109.32 Y99.934 E199.88474
G1 X108.78 Y99.882 E199.92083
G1 X108.236 Y99.934 E199.95718
G1 X107.71 Y100.094 E199.99375
G1 X107.224 Y100.355 E200.03045
G1 X106.802 Y100.703 E200.06683
G1 X106.452 Y101.124 E200.10325
G1 X106.194 Y101.613 E200.14003
G1 X106.034 Y102.14 E200.17667
G1 X105.982 Y102.68 E200.21275
G1 X106.033 Y103.224 E200.2491
G1 X106.194 Y103.746 E200.28544
G1 X106.452 Y104.232 E200.32204
G1 X106.803 Y104.662 E200.35896
G1 X107.224 Y105.008 E200.39521
G1 X107.709 Y105.266 E200.43176
G1 X108.236 Y105.426 E200.46839
G1 X108.78 Y105.479 E200.50475
G1 X108.81 Y105.476 E200.50676
G1 F2700 E195.50676
;MESH:standoff_6h_6od_2id.obj(3)
G0 F12000 X108.781 Y105.171
G0 X109.282 Y105.202
G0 X109.389 Y106.29
G0 X110.714 Y106.403
G0 X111.403 Y106.612
G0 X112.038 Y106.951
G0 X112.593 Y107.407
G0 X113.049 Y107.962
G0 X113.388 Y108.597
G0 X113.597 Y109.286
G0 X113.668 Y110
G0 X113.597 Y110.714
G0 X113.388 Y111.403
G0 X113.049 Y112.038
G0 X112.593 Y112.593
G0 X112.038 Y113.049
G0 X110.611 Y113.71
G0 X111.194 Y119.388
;TYPE:WALL-INNER
G1 F2700 E200.50676
G1 F1661.9 X110.741 Y119.338 E200.53306
G1 F1666.7 X110.317 Y119.181 E200.55907
G1 F1647.7 X110.066 Y119.033 E200.57603
G1 X109.815 Y118.849 E200.59415
G1 F1661.9 X109.495 Y118.473 E200.62264
G1 F1652.4 X109.279 Y118.061 E200.64964
G1 F1657.1 X109.162 Y117.614 E200.67638
G1 F1647.7 X109.151 Y117.316 E200.69373
G1 X109.162 Y117.014 E200.71132
G1 F1657.1 X109.28 Y116.57 E200.73791
G1 X109.495 Y116.158 E200.76481
G1 F1666.7 X109.812 Y115.784 E200.79302
G1 F1676.4 X110.189 Y115.51 E200.81968
G1 F1652.4 X110.422 Y115.408 E200.83444
G1 F1633.7 X110.747 Y115.294 E200.85466
G1 F1647.7 X111.216 Y115.242 E200.88212
G1 X111.692 Y115.294 E200.90999
G1 F1638.3 X112.011 Y115.407 E200.9298
G1 F1661.9 X112.254 Y115.514 E200.94513
G1 F1681.3 X112.625 Y115.788 E200.97143
G1 F1671.5 X112.942 Y116.159 E200.99943
G1 F1657.1 X113.155 Y116.569 E201.02617
G1 X113.274 Y117.016 E201.05294
G1 F1647.7 X113.284 Y117.316 E201.07041
G1 F1652.4 X113.264 Y117.641 E201.08931
G1 F1666.7 X113.157 Y118.062 E201.11431
G1 F1661.9 X112.94 Y118.474 E201.14118
G1 F1666.7 X112.623 Y118.848 E201.16939
G1 F1676.4 X112.242 Y119.123 E201.19627
G1 F1657.1 X112.011 Y119.225 E201.21088
G1 F1638.3 X111.692 Y119.339 E201.23071
G1 F1647.7 X111.216 Y119.39 E201.25858
G1 F1657.1 X111.194 Y119.388 E201.25985
G0 F12000 X111.19 Y119.736
G1 F1647.7 X111.216 Y119.739 E201.26138
G1 X111.687 Y119.692 E201.28893
G1 F1638.3 X112.141 Y119.554 E201.31671
G1 F1633.7 X112.562 Y119.327 E201.34478
G1 F1638.3 X112.931 Y119.026 E201.37266
G1 F1647.7 X113.231 Y118.664 E201.40002
G1 F1657.1 X113.454 Y118.243 E201.4276
G1 F1647.7 X113.592 Y117.787 E201.45533
G1 F1638.3 X113.637 Y117.316 E201.48302
G1 X113.592 Y116.846 E201.51066
G1 F1647.7 X113.456 Y116.393 E201.53819
G1 F1657.1 X113.232 Y115.971 E201.56584
G1 X112.927 Y115.601 E201.59359
G1 F1638.3 X112.562 Y115.306 E201.62106
G1 X112.141 Y115.079 E201.64906
G1 X111.687 Y114.94 E201.67686
G1 F1647.7 X111.216 Y114.893 E201.70441
G1 X110.749 Y114.94 E201.73173
G1 F1633.7 X110.243 Y115.095 E201.76279
G1 F1629 X109.865 Y115.307 E201.78831
G1 X109.511 Y115.597 E201.81525
G1 F1652.4 X109.205 Y115.97 E201.84325
G1 F1661.9 X108.981 Y116.394 E201.87092
G1 F1647.7 X108.843 Y116.847 E201.89848
G1 F1633.7 X108.797 Y117.316 E201.92615
G1 F1629 X108.829 Y117.735 E201.95089
G1 F1643 X108.981 Y118.244 E201.98189
G1 F1657.1 X109.204 Y118.663 E202.00936
G1 F1647.7 X109.51 Y119.031 E202.03722
G1 F1638.3 X109.867 Y119.326 E202.06433
G1 F1633.7 X110.294 Y119.553 E202.09272
G1 F1638.3 X110.749 Y119.692 E202.12057
G1 F1647.7 X111.19 Y119.736 E202.14636
G0 F12000 X111.186 Y120.112
;TYPE:WALL-OUTER
G1 F1441.7 X111.216 Y120.115 E202.14837
G1 X111.76 Y120.062 E202.18473
G1 X112.286 Y119.902 E202.2213
G1 X112.772 Y119.641 E202.258
G1 X113.198 Y119.293 E202.29459
G1 X113.544 Y118.872 E202.33084
G1 X113.802 Y118.387 E202.36738
G1 X113.962 Y117.86 E202.40402
G1 X114.015 Y117.316 E202.44037
G1 X113.962 Y116.772 E202.47673
G1 X113.802 Y116.249 E202.51311
G1 X113.544 Y115.764 E202.54966
G1 X113.194 Y115.335 E202.58649
G1 X112.772 Y114.992 E202.62266
G1 X112.286 Y114.73 E202.65939
G1 X111.76 Y114.57 E202.69596
G1 X111.216 Y114.517 E202.73232
G1 X110.676 Y114.57 E202.76841
G1 X110.149 Y114.73 E202.80505
G1 X109.656 Y114.992 E202.84219
G1 X109.243 Y115.33 E202.87769
G1 X108.892 Y115.763 E202.91477
G1 X108.634 Y116.25 E202.95143
G1 X108.473 Y116.772 E202.98776
G1 X108.418 Y117.316 E203.02414
G1 X108.474 Y117.86 E203.06051
G1 X108.634 Y118.387 E203.09715
G1 X108.892 Y118.872 E203.13369
G1 X109.243 Y119.298 E203.17041
G1 X109.657 Y119.64 E203.20613
G1 X110.149 Y119.902 E203.24321
G1 X110.676 Y120.062 E203.27985
G1 X111.186 Y120.112 E203.31394
G0 F12000 X111.216 Y119.805
G0 X111.16 Y119.323
G0 X111.196 Y119.016
G1 F1441.7 X110.801 Y118.964 E203.34044
G1 X110.449 Y118.832 E203.36545
G1 X110.096 Y118.595 E203.39373
G1 X109.825 Y118.292 E203.42077
G1 X109.621 Y117.897 E203.45034
G1 X109.529 Y117.517 E203.47635
G1 X109.533 Y117.087 E203.50496
G1 X109.624 Y116.725 E203.52978
G1 X109.81 Y116.357 E203.55721
G1 X110.097 Y116.037 E203.58581
G1 X110.426 Y115.811 E203.61236
G1 X110.801 Y115.668 E203.63906
G1 X111.216 Y115.616 E203.66688
G1 X111.635 Y115.668 E203.69496
G1 X112.011 Y115.811 E203.72172
G1 X112.338 Y116.036 E203.74813
G1 X112.626 Y116.357 E203.77681
G1 X112.812 Y116.725 E203.80424
G1 X112.907 Y117.112 E203.83075
G1 X112.903 Y117.55 E203.85989
G1 X112.812 Y117.907 E203.88439
G1 X112.607 Y118.297 E203.9137
G1 X112.339 Y118.595 E203.94036
G1 X112.012 Y118.821 E203.9668
G1 X111.635 Y118.964 E203.99363
G1 X111.196 Y119.016 E204.02303
;TIME_ELAPSED:214.973957
G1 F2700 E199.02303
M140 S0
M107
G91 ;Relative positioning
G1 E-2 F2700 ;Retract a bit
G1 E-2 Z0.2 F2400 ;Retract and raise Z
G1 X5 Y5 F3000 ;Wipe out
G1 Z10 ;Raise Z more
G90 ;Absolute positioning

G28 X0 Y0 ;Present print
M106 S0 ;Turn-off fan
M104 S0 ;Turn-off hotend
M140 S0 ;Turn-off bed

M84 X Y E ;Disable all steppers but Z

M82 ;absolute extrusion mode
M104 S0
;End of Gcode
;SETTING_3 {"global_quality": "[general]\\nversion = 4\\nname = PLA - no adhesio
;SETTING_3 n\\ndefinition = creality_ender5\\n\\n[metadata]\\ntype = quality_cha
;SETTING_3 nges\\nquality_type = standard\\nsetting_version = 26\\n\\n[values]\\
;SETTING_3 nadhesion_type = none\\nlayer_height = 0.4\\nmaterial_bed_temperature
;SETTING_3  = 55\\nmaterial_bed_temperature_layer_0 = 65\\nsupport_enable = True
;SETTING_3 \\nsupport_type = buildplate\\n\\n", "extruder_quality": ["[general]\
;SETTING_3 \nversion = 4\\nname = PLA - no adhesion\\ndefinition = creality_ende
;SETTING_3 r5\\n\\n[metadata]\\ntype = quality_changes\\nquality_type = standard
;SETTING_3 \\nintent_category = default\\nposition = 0\\nsetting_version = 26\\n
;SETTING_3 \\n[values]\\nmaterial_print_temperature_layer_0 = 205.0\\nspeed_laye
;SETTING_3 r_0 = 10\\nsupport_angle = 80\\n\\n"]}
