;FLAVOR:Marlin
;TIME:361
;Filament used: 0.331971m
;Layer height: 0.4
;MINX:100.102
;MINY:103.466
;MINZ:0.24
;MAXX:118.831
;MAXY:123.264
;MAXZ:29.59
;TARGET_MACHINE.NAME:Creality Ender-5
;Generated with Cura_SteamEngine 5.9.1
M140 S55
M105
M190 S55
M104 S205
M105
M109 S205
M82 ;absolute extrusion mode
M201 X500.00 Y500.00 Z100.00 E5000.00 ;Setup machine max acceleration
M203 X500.00 Y500.00 Z10.00 E50.00 ;Setup machine max feedrate
M204 P500.00 R1000.00 T500.00 ;Setup Print/Retract/Travel acceleration
M205 X8.00 Y8.00 Z0.40 E5.00 ;Setup Jerk
M220 S100 ;Reset Feedrate
M221 S100 ;Reset Flowrate

G28 ;Home

G92 E0 ;Reset Extruder
G1 Z2.0 F3000 ;Move Z Axis up
G1 X10.1 Y20 Z0.28 F5000.0 ;Move to start position
G1 X10.1 Y200.0 Z0.28 F1500.0 E15 ;Draw the first line
G1 X10.4 Y200.0 Z0.28 F5000.0 ;Move to side a little
G1 X10.4 Y20 Z0.28 F1500.0 E30 ;Draw the second line
G92 E0 ;Reset Extruder
G1 Z2.0 F3000 ;Move Z Axis up

G92 E0
G92 E0
G1 F2700 E-5
;LAYER_COUNT:70
;LAYER:-5
;note -- min layer time used
M107
M104 S240
G0 F12000 X103.729 Y107.131 Z0.24
;TYPE:SUPPORT-INTERFACE
G1 F2700 E0
G1 F1437.5 X104.311 Y106.598 E0.063
G1 X104.763 Y106.245 E0.10878
G1 X105.429 Y105.802 E0.17263
G1 X106.087 Y105.435 E0.23277
G1 X106.835 Y105.107 E0.29796
G1 X107.542 Y104.877 E0.35731
G1 X108.309 Y104.689 E0.42035
G1 X108.861 Y104.598 E0.46501
G1 X109.731 Y104.529 E0.53467
G1 X110.377 Y104.532 E0.58624
G1 X111.03 Y104.59 E0.63857
G1 X111.716 Y104.688 E0.69389
G1 X112.483 Y104.885 E0.7571
G1 X113.099 Y105.087 E0.80885
G1 X113.657 Y105.32 E0.85712
G1 X113.767 Y105.357 E0.86638
G1 X114.502 Y105.756 E0.93314
G1 X115.18 Y106.201 E0.99787
G1 X115.782 Y106.684 E1.05948
G1 X116.178 Y107.049 E1.10247
G1 X116.359 Y107.23 E1.12291
G1 X116.732 Y107.633 E1.16674
G1 X117.278 Y108.356 E1.23906
G1 X117.63 Y108.914 E1.29173
G1 X117.99 Y109.585 E1.35251
G1 X118.262 Y110.227 E1.40817
G1 X118.417 Y110.682 E1.44654
G1 X118.43 Y110.691 E1.4478
G1 X118.613 Y111.398 E1.50609
G1 X118.778 Y112.311 E1.58015
G1 X118.831 Y113.022 E1.63707
G1 X118.828 Y113.796 E1.69885
G1 X118.759 Y114.539 E1.75842
G1 X118.644 Y115.21 E1.81276
G1 X118.441 Y115.973 E1.87578
G1 X118.18 Y116.711 E1.93827
G1 X117.996 Y117.124 E1.97436
G1 X117.571 Y117.927 E2.04688
G1 X117.155 Y118.553 E2.10688
G1 X116.739 Y119.084 E2.16073
G1 X116.316 Y119.541 E2.21043
G1 X115.661 Y120.153 E2.28199
G1 X115.09 Y120.587 E2.33924
G1 X114.406 Y121.025 E2.40408
G1 X113.818 Y121.335 E2.45714
G1 X113.161 Y121.621 E2.51434
G1 X112.459 Y121.851 E2.5733
G1 X111.879 Y122 E2.6211
G1 X111.114 Y122.134 E2.6831
G1 X110.269 Y122.199 E2.75075
G1 X109.615 Y122.196 E2.80296
G1 X108.853 Y122.131 E2.864
G1 X108.463 Y122.063 E2.8956
G1 X108.453 Y122.072 E2.89668
G1 X108.127 Y122.002 E2.92329
G1 X107.562 Y121.861 E2.96978
G1 X107.18 Y121.748 E3.00158
G1 X106.776 Y121.597 E3.03601
G1 X106.226 Y121.354 E3.084
G1 X106.214 Y121.362 E3.08515
G1 X105.493 Y120.971 E3.15063
G1 X104.899 Y120.584 E3.20722
G1 X104.303 Y120.129 E3.26707
G1 X103.814 Y119.675 E3.32033
G1 X103.633 Y119.495 E3.34071
G1 X103.336 Y119.171 E3.3758
G1 X102.84 Y118.552 E3.43911
G1 X102.459 Y117.976 E3.49424
G1 X102.029 Y117.198 E3.5652
G1 X101.906 Y116.935 E3.58837
G1 X101.912 Y116.926 E3.58924
G1 X101.726 Y116.502 E3.6262
G1 X101.735 Y116.49 E3.62739
G1 X101.509 Y115.832 E3.68293
G1 X101.337 Y115.114 E3.74187
G1 X101.214 Y114.332 E3.80506
G1 X101.168 Y113.787 E3.84872
G1 X101.168 Y112.931 E3.91704
G1 X101.237 Y112.197 E3.97589
G1 X101.341 Y111.597 E4.0245
G1 X101.493 Y110.963 E4.07655
G1 X101.77 Y110.131 E4.14654
G1 X102.001 Y109.598 E4.19291
G1 X102.424 Y108.803 E4.2648
G1 X102.861 Y108.155 E4.32719
G1 X103.204 Y107.713 E4.37185
G1 X103.729 Y107.131 E4.43441
G0 F12000 X103.482 Y108.007
G1 F1437.5 X115.357 Y119.882 E5.77497
G1 F2700 E0.77497
G0 F12000 X116.491 Y118.754
G1 F2700 E5.77497
G1 F1437.5 X104.611 Y106.874 E7.11608
G1 F2700 E2.11608
G0 F12000 X105.963 Y105.963
G1 F2700 E7.11608
G1 F1437.5 X117.399 Y117.399 E8.40708
G1 F2700 E3.40708
G0 F12000 X118.071 Y115.809
G1 F2700 E8.40708
G1 F1437.5 X107.557 Y105.294 E9.59405
G1 F2700 E4.59405
G0 F12000 X109.476 Y104.951
G1 F2700 E9.59405
G1 F1437.5 X118.417 Y113.892 E10.60338
G1 F2700 E5.60338
G0 F12000 X118.204 Y111.416
G1 F2700 E10.60338
G1 F1437.5 X111.949 Y105.161 E11.3095
G1 F2700 E6.3095
G0 F12000 X112.128 Y103.695
G0 X111.549 Y103.558
G0 X109.749 Y103.466
G0 X108.101 Y103.647
G0 X106.543 Y104.086
G0 X105.039 Y104.795
G0 X103.703 Y105.724
G0 X102.543 Y106.851
G0 X101.557 Y108.191
G0 X102.577 Y109.365
G1 F2700 E11.3095
G1 F1437.5 X113.999 Y120.787 E12.59892
G1 F2700 E7.59892
G0 F12000 X112.398 Y121.449
G1 F2700 E12.59892
G1 F1437.5 X101.913 Y110.964 E13.78255
G1 F2700 E8.78255
G0 F12000 X101.574 Y112.887
G1 F2700 E13.78255
G1 F1437.5 X110.468 Y121.782 E14.78664
G1 F2700 E9.78664
G0 F12000 X107.975 Y121.552
G1 F2700 E14.78664
G1 F1437.5 X101.815 Y115.391 E15.48209
G1 F2700 E10.48209
G0 F300 X101.815 Y115.391 Z0.84
G0 F12000 X100.298 Y115.356
G0 X100.102 Y113.64
G0 X100.187 Y112.04
G0 X100.54 Y110.442
G0 X101.152 Y108.919
G0 X101.996 Y107.536
G0 X103.104 Y106.261
G0 X104.196 Y105.357
G0 X105.511 Y104.539
G0 X106.35 Y105.758
;TIME_ELAPSED:18.400510
;LAYER:-4
;note -- min layer time used
M140 S50
;TYPE:SUPPORT
G1 F2700 E15.48209
G1 F1547 X105.786 Y106.056 E15.60939
G1 X105.131 Y106.475 E15.76456
G1 X104.638 Y106.851 E15.88829
G1 X104.035 Y107.393 E16.05009
G1 X103.531 Y107.949 E16.19985
G1 X103.165 Y108.42 E16.31888
G1 X102.813 Y108.946 E16.44519
G1 X102.399 Y109.686 E16.6144
G1 X102.365 Y109.767 E16.63193
G1 X106.393 Y105.739 E17.76872
G1 X106.862 Y105.533 E17.87095
G1 X107.554 Y105.286 E18.01758
G1 X108.204 Y105.122 E18.15136
G1 X108.473 Y105.073 E18.20592
G1 X101.71 Y111.836 E20.11459
G1 X101.635 Y112.261 E20.20071
G1 X101.576 Y112.888 E20.32639
G1 X101.57 Y113.39 E20.42657
G1 X110.043 Y104.917 E22.81784
G1 X111.097 Y104.995 E23.02875
G1 X111.337 Y105.037 E23.07737
G1 X101.677 Y114.698 E25.80377
G1 X101.73 Y115.043 E25.87343
G1 X101.926 Y115.863 E26.04168
G1 X112.39 Y105.399 E28.99485
G1 X112.456 Y105.427 E29.00915
G1 X112.496 Y105.308 E29.03421
G1 X113.139 Y105.534 E29.17022
G1 X113.508 Y105.695 E29.25056
G1 X102.331 Y116.872 E32.40495
G1 X102.439 Y117.111 E32.45729
G1 X102.82 Y117.797 E32.61389
G1 X114.426 Y106.191 E35.88935
G1 X114.866 Y106.473 E35.99364
G1 X115.259 Y106.772 E36.09219
G1 X103.398 Y118.633 E39.43962
G1 X104.066 Y119.379 E39.63945
G1 X116.002 Y107.443 E43.00805
G1 X116.409 Y107.871 E43.12592
G1 X116.663 Y108.197 E43.20839
G1 X104.831 Y120.029 E46.54763
G1 X105.131 Y120.258 E46.62295
G1 X105.671 Y120.603 E46.75083
G1 X117.243 Y109.031 E50.0167
G1 X117.734 Y109.955 E50.22551
G1 X106.603 Y121.086 E53.36692
G1 X106.857 Y121.197 E53.42224
G1 X107.629 Y121.473 E53.58585
G1 X118.102 Y111 E56.54155
G1 X118.268 Y111.688 E56.68279
G1 X118.345 Y112.172 E56.78059
G1 X108.789 Y121.728 E59.4775
G1 X109.769 Y121.8 E59.6736
G1 X110.13 Y121.801 E59.74564
G1 X118.428 Y113.503 E62.08752
G1 X118.424 Y113.845 E62.15577
G1 X118.367 Y114.461 E62.27922
G1 X118.26 Y115.085 E62.40557
G1 X111.723 Y121.622 E64.25045
G1 X112.521 Y121.419 E64.41477
G1 X113.134 Y121.201 E64.54461
G1 X113.65 Y120.974 E64.65711
G1 X113.937 Y120.823 E64.72182
G1 X117.46 Y117.299 E65.71623
G1 X117.227 Y117.73 E65.81401
G1 X116.828 Y118.322 E65.95647
G1 X116.367 Y118.904 E66.10464
G1 X115.912 Y119.384 E66.23662
G1 X115.351 Y119.889 E66.38726
G1 X114.869 Y120.257 E66.50827
G1 X114.218 Y120.674 E66.66256
G1 F2700 E61.66256
G0 F300 X114.218 Y120.674 Z1.24
G0 F12000 X114.489 Y122.193
G0 X112.957 Y122.818
G0 X111.351 Y123.175
G0 X109.721 Y123.264
G0 X108.077 Y123.08
G0 X106.513 Y122.635
G0 X105.052 Y121.945
G0 X105.384 Y120.658
;TIME_ELAPSED:30.131918
;LAYER:-3
;TYPE:SUPPORT-INTERFACE
G1 F2700 E66.66256
G1 F2400 X105.024 Y120.427 E66.69101
G1 X104.423 Y119.967 E66.74135
G1 X103.841 Y119.429 E66.79408
G1 X103.373 Y118.905 E66.84081
G1 X103 Y118.429 E66.88104
G0 F12000 X102.689 Y117.962
G1 F2400 X105.384 Y120.658 E67.13461
G1 X105.679 Y120.847 E67.15792
G1 X106.241 Y121.144 E67.2002
G1 X106.589 Y121.296 E67.22546
G1 X102.045 Y116.752 E67.65294
G1 X101.735 Y115.877 E67.71469
G1 X107.484 Y121.627 E68.25556
G1 X108.243 Y121.82 E68.30766
G1 X101.542 Y115.118 E68.9381
G1 X101.436 Y114.447 E68.98328
G1 X108.928 Y121.939 E69.68809
G1 X109.539 Y121.984 E69.72884
G1 X101.373 Y113.818 E70.49705
G1 X101.372 Y113.251 E70.53476
G1 X110.139 Y122.018 E71.35951
G1 X110.656 Y121.97 E71.39405
G1 X101.391 Y112.705 E72.26564
G1 X101.444 Y112.192 E72.29995
G1 X111.174 Y121.922 E73.21529
G1 X111.656 Y121.838 E73.24783
G1 X101.529 Y111.711 E74.20052
G1 X101.615 Y111.231 E74.23296
G1 X112.115 Y121.732 E75.22078
G1 X112.564 Y121.615 E75.25165
G1 X101.751 Y110.802 E76.26887
G1 X101.896 Y110.381 E76.29849
G1 X112.982 Y121.467 E77.34139
G1 X113.387 Y121.307 E77.37036
G1 X102.059 Y109.978 E78.43607
G1 X102.229 Y109.582 E78.46474
G1 X113.778 Y121.132 E79.55124
G1 X114.149 Y120.937 E79.57912
G1 X102.431 Y109.219 E80.68148
G1 X102.633 Y108.856 E80.70912
G1 X114.505 Y120.728 E81.82596
G1 X114.85 Y120.507 E81.85322
G1 X102.859 Y108.515 E82.9813
G1 X103.093 Y108.185 E83.00821
G1 X115.18 Y120.271 E84.14524
G1 X115.498 Y120.024 E84.17202
G1 X103.342 Y107.867 E85.31563
G1 X103.607 Y107.566 E85.34231
G1 X115.797 Y119.756 E86.48907
G1 X116.092 Y119.486 E86.51567
G1 X103.875 Y107.27 E87.66492
G1 X104.173 Y107.002 E87.69158
G1 X116.368 Y119.196 E88.83877
G1 X116.631 Y118.894 E88.86541
G1 X104.471 Y106.734 E90.00934
G1 X104.788 Y106.485 E90.03616
G1 X116.881 Y118.578 E91.17379
G1 X117.118 Y118.249 E91.20077
G1 X105.116 Y106.247 E92.32984
G1 X105.461 Y106.026 E92.3571
G1 X117.353 Y117.918 E93.47582
G1 X117.552 Y117.552 E93.50353
G1 X105.814 Y105.814 E94.60777
G1 X106.185 Y105.619 E94.63565
G1 X117.749 Y117.183 E95.72352
G1 X117.925 Y116.794 E95.75193
G1 X106.573 Y105.442 E96.81985
G1 X106.977 Y105.28 E96.84881
G1 X118.09 Y116.393 E97.89425
G1 X118.235 Y115.972 E97.92387
G1 X107.384 Y105.122 E98.94462
G1 X107.837 Y105.008 E98.97569
G1 X118.359 Y115.531 E99.96558
G1 X118.468 Y115.074 E99.99684
G1 X108.296 Y104.902 E100.95375
G1 X108.776 Y104.817 E100.98618
G1 X118.549 Y114.589 E101.90552
G1 X118.604 Y114.078 E101.93971
G1 X109.292 Y104.766 E102.81572
G1 X109.809 Y104.718 E102.85026
G1 X118.628 Y113.537 E103.6799
G1 X118.633 Y112.976 E103.71722
G1 X110.4 Y104.743 E104.49173
G1 X111.011 Y104.788 E104.53248
G1 X118.575 Y112.353 E105.2441
G1 X118.469 Y111.681 E105.28936
G1 X111.685 Y104.897 E105.92755
G1 X111.782 Y104.914 E105.93411
G1 X112.337 Y105.158 E105.97443
G1 X112.381 Y105.027 E105.98363
G1 X118.295 Y110.941 E106.53998
G1 X117.98 Y110.06 E106.60222
G1 X113.312 Y105.392 E107.04135
G1 X113.754 Y105.586 E107.07346
G1 X114.426 Y105.941 E107.12402
G1 X117.396 Y108.911 E107.40342
G0 F12000 X117.065 Y108.389
G1 F2400 X116.56 Y107.74 E107.45812
G1 X116.05 Y107.203 E107.50739
G1 X115.561 Y106.75 E107.55173
G1 X114.979 Y106.307 E107.60038
G1 X114.46 Y105.975 E107.64136
G1 F2700 E102.64136
G0 F300 X114.46 Y105.975 Z1.64
G0 F12000 X114.946 Y104.786
G0 X113.443 Y104.082
G0 X111.549 Y103.558
G0 X109.749 Y103.466
G0 X108.101 Y103.647
G0 X106.543 Y104.086
G0 X105.081 Y104.771
G0 X105.683 Y105.883
;TIME_ELAPSED:49.955393
;LAYER:-2
;TYPE:SUPPORT-INTERFACE
G1 F2700 E107.64136
G1 F2400 X105.017 Y106.309 E107.69395
G1 X104.525 Y106.685 E107.73515
G1 X103.882 Y107.263 E107.79266
G1 X103.379 Y107.82 E107.84258
G1 X103.003 Y108.302 E107.88325
G1 X102.647 Y108.832 E107.92572
G1 X102.538 Y109.029 E107.94069
G1 X105.683 Y105.883 E108.2366
G1 X106.26 Y105.579 E108.27999
G1 X106.783 Y105.349 E108.31799
G1 X101.973 Y110.159 E108.77049
G1 X101.736 Y110.849 E108.81902
G1 X101.695 Y111.002 E108.82956
G1 X107.641 Y105.057 E109.38887
G1 X108.164 Y104.925 E109.42475
G1 X108.376 Y104.887 E109.43908
G1 X101.524 Y111.739 E110.08367
G1 X101.403 Y112.426 E110.13008
G1 X109.041 Y104.788 E110.84861
G1 X109.664 Y104.731 E110.89023
G1 X101.374 Y113.02 E111.67005
G1 X101.369 Y113.592 E111.7081
G1 X110.23 Y104.73 E112.54174
G1 X110.758 Y104.768 E112.57695
G1 X101.388 Y114.138 E113.45843
G1 X101.465 Y114.627 E113.49136
G1 X111.269 Y104.823 E114.41366
G1 X111.75 Y104.908 E114.44615
G1 X101.542 Y115.116 E115.40645
G1 X101.652 Y115.572 E115.43766
G1 X112.149 Y105.075 E116.42515
G1 X112.337 Y105.158 E116.43882
G1 X112.374 Y105.047 E116.4466
G1 X112.645 Y105.144 E116.46575
G1 X101.782 Y116.007 E117.48768
G1 X101.929 Y116.425 E117.51715
G1 X113.068 Y105.286 E118.56504
G1 X113.463 Y105.457 E118.59367
G1 X102.091 Y116.829 E119.66348
G1 X102.27 Y117.216 E119.69184
G1 X113.85 Y105.636 E120.78122
G1 X114.22 Y105.831 E120.80904
G1 X102.47 Y117.581 E121.91441
G1 X102.675 Y117.942 E121.94202
G1 X114.572 Y106.046 E123.06117
G1 X114.917 Y106.266 E123.08839
G1 X102.902 Y118.281 E124.21869
G1 X103.141 Y118.608 E124.24563
G1 X115.242 Y106.507 E125.38402
G1 X115.563 Y106.751 E125.41084
G1 X103.39 Y118.924 E126.556
G1 X103.658 Y119.222 E126.58266
G1 X115.857 Y107.023 E127.73027
G1 X116.144 Y107.302 E127.7569
G1 X103.932 Y119.514 E128.90573
G1 X104.226 Y119.785 E128.93232
G1 X116.419 Y107.592 E130.07937
G1 X116.681 Y107.896 E130.10606
G1 X104.529 Y120.048 E131.24925
G1 X104.849 Y120.294 E131.2761
G1 X116.929 Y108.214 E132.41251
G1 X117.163 Y108.545 E132.43947
G1 X105.18 Y120.528 E133.56676
G1 X105.525 Y120.749 E133.59402
G1 X117.391 Y108.883 E134.7103
G1 X117.586 Y109.254 E134.73818
G1 X105.884 Y120.956 E135.83903
G1 X106.255 Y121.151 E135.86691
G1 X117.783 Y109.623 E136.95139
G1 X117.959 Y110.012 E136.97979
G1 X106.64 Y121.331 E138.04462
G1 X107.055 Y121.482 E138.07399
G1 X118.112 Y110.425 E139.11417
G1 X118.259 Y110.843 E139.14364
G1 X107.477 Y121.626 E140.15799
G1 X107.925 Y121.743 E140.18879
G1 X118.378 Y111.29 E141.17215
G1 X118.489 Y111.745 E141.2033
G1 X108.387 Y121.847 E142.15364
G1 X108.867 Y121.933 E142.18608
G1 X118.571 Y112.229 E143.09897
G1 X118.614 Y112.752 E143.13388
G1 X109.392 Y121.974 E144.00142
G1 X109.919 Y122.012 E144.03657
G1 X118.63 Y113.301 E144.85605
G1 X118.622 Y113.875 E144.89424
G1 X110.513 Y121.984 E145.65708
G1 X111.137 Y121.926 E145.69877
G1 X118.563 Y114.499 E146.39741
G1 X118.451 Y115.177 E146.44312
G1 X111.818 Y121.81 E147.06711
G1 X112.583 Y121.61 E147.11971
G1 X118.24 Y115.954 E147.65184
G1 X118.036 Y116.548 E147.69362
G1 X117.89 Y116.869 E147.71708
G1 X113.502 Y121.257 E148.12987
G1 X113.74 Y121.153 E148.14715
G1 X114.321 Y120.847 E148.19083
G1 X114.76 Y120.565 E148.22554
G1 X117.204 Y118.121 E148.45545
G1 X116.989 Y118.441 E148.4811
G1 X116.511 Y119.044 E148.53229
G1 X116.061 Y119.519 E148.57581
G1 X115.472 Y120.048 E148.62847
G1 X114.982 Y120.422 E148.66948
G1 F2700 E143.66948
G0 F300 X114.982 Y120.422 Z2.14
G0 F12000 X110 Y117.348
;TIME_ELAPSED:69.469517
;LAYER:0
;note -- min layer time used
;TYPE:WALL-OUTER
;MESH:barrel_short.obj
G1 F2700 E148.66948
G1 F476.2 X109.666 Y117.349 E148.68348
G1 F478.1 X109.01 Y117.237 E148.71125
G1 F480 X108.385 Y117.022 E148.73873
G1 F478.1 X107.815 Y116.712 E148.76582
G1 F476.2 X107.285 Y116.297 E148.79403
G1 F480 X107.098 Y116.103 E148.80523
G1 X106.845 Y115.816 E148.82114
G1 F481.9 X106.647 Y115.527 E148.83564
G1 X106.483 Y115.263 E148.84851
G1 F474.3 X106.22 Y114.662 E148.87611
G1 F476.2 X106.053 Y114.01 E148.90432
G1 F479 X105.998 Y113.357 E148.93162
G1 F480 X106.057 Y112.706 E148.95879
G1 F477.1 X106.22 Y112.062 E148.98658
G1 F474.3 X106.484 Y111.461 E149.0142
G1 F479 X106.663 Y111.176 E149.02822
G1 F478.1 X106.845 Y110.909 E149.04171
G1 F480 X107.107 Y110.617 E149.05802
G1 F481 X107.3 Y110.419 E149.06949
G1 F474.3 X107.811 Y110.017 E149.09684
G1 F478.1 X108.387 Y109.706 E149.12417
G1 F480 X109.015 Y109.488 E149.15181
G1 F478.1 X109.673 Y109.379 E149.17965
G1 F476.2 X110.33 Y109.381 E149.20718
G1 F480 X110.589 Y109.419 E149.21806
G1 X110.989 Y109.494 E149.23498
G1 F481.9 X111.304 Y109.595 E149.24868
G1 X111.61 Y109.708 E149.26219
G1 X111.947 Y109.884 E149.27793
G1 X112.185 Y110.02 E149.28928
G1 F476.2 X112.708 Y110.426 E149.31703
G1 F478.1 X113.154 Y110.91 E149.3445
G1 F480 X113.519 Y111.468 E149.37222
G1 F476.2 X113.799 Y112.117 E149.40184
G1 F473.4 X113.941 Y112.714 E149.42771
G1 F480 X113.971 Y112.997 E149.43955
G1 X113.994 Y113.372 E149.45517
G1 X113.971 Y113.732 E149.47016
G1 X113.941 Y114.022 E149.48228
G1 F475.2 X113.777 Y114.665 E149.51015
G1 F478.1 X113.514 Y115.268 E149.53761
G1 F480 X113.154 Y115.821 E149.56504
G1 X112.698 Y116.311 E149.59287
G1 F476.2 X112.139 Y116.747 E149.62258
G1 F474.3 X111.61 Y117.02 E149.64763
G1 F481 X111.302 Y117.134 E149.66125
G1 F480 X110.981 Y117.237 E149.67527
G1 F479 X110.586 Y117.31 E149.692
G1 F480 X110.327 Y117.347 E149.70288
G1 F474.3 X110 Y117.348 E149.71664
G0 F6000 X110 Y116.852
G1 F485.8 X110.447 Y116.837 E149.73501
G1 F478.1 X110.859 Y116.745 E149.75263
G1 F480 X111.141 Y116.669 E149.76477
G1 F481 X111.404 Y116.558 E149.77662
G1 F480 X111.785 Y116.377 E149.79415
G1 F485.8 X112.285 Y116.011 E149.81961
G1 F482.9 X112.755 Y115.519 E149.84773
G1 F480 X113.098 Y114.988 E149.87401
G1 F481.9 X113.348 Y114.386 E149.901
G1 F484.8 X113.479 Y113.748 E149.92781
G1 F485.8 X113.48 Y113.056 E149.95623
G1 F479 X113.441 Y112.803 E149.9669
G1 F480 X113.356 Y112.386 E149.98459
G1 F483.9 X113.098 Y111.74 E150.01328
G1 F480 X112.762 Y111.22 E150.03902
G1 F481.9 X112.314 Y110.74 E150.06621
G1 F484.8 X111.792 Y110.355 E150.0929
G1 F481.9 X111.403 Y110.169 E150.11076
G1 X111.122 Y110.052 E150.12336
G1 F481 X110.867 Y109.984 E150.13431
G1 F480 X110.447 Y109.891 E150.1522
G1 F483.9 X109.807 Y109.87 E150.17861
G1 F480 X109.154 Y109.969 E150.20607
G1 X108.567 Y110.172 E150.23189
G1 F481 X107.986 Y110.504 E150.25965
G1 F482.9 X107.506 Y110.905 E150.2855
G1 F478.1 X107.244 Y111.223 E150.3027
G1 X107.065 Y111.463 E150.3152
G1 F479 X106.932 Y111.699 E150.32648
G1 F478.1 X106.745 Y112.082 E150.34427
G1 F482.9 X106.567 Y112.695 E150.37065
G1 F481.9 X106.5 Y113.389 E150.39952
G1 X106.56 Y114.001 E150.42499
G1 F482.9 X106.734 Y114.626 E150.4518
G1 F479 X106.931 Y115.028 E150.47045
G1 F481.9 X107.058 Y115.259 E150.48136
G1 X107.243 Y115.505 E150.49411
G1 F480 X107.492 Y115.809 E150.51045
G1 F483.9 X107.999 Y116.238 E150.53784
G1 F481 X108.567 Y116.557 E150.56487
G1 F480 X109.152 Y116.757 E150.59057
G1 F481.9 X109.807 Y116.858 E150.61801
G1 F483.9 X110 Y116.852 E150.62598
;MESH:NONMESH
G0 F300 X110 Y116.852 Z2.39
G0 F6000 X110 Y117.348
;TIME_ELAPSED:75.741630
;LAYER:1
;note -- min layer time used
M106 S42.5
;TYPE:WALL-OUTER
;MESH:barrel_short.obj
G1 F477.1 X109.673 Y117.349 E150.65333
G1 F478.1 X109.018 Y117.24 E150.70876
G1 F480 X108.389 Y117.022 E150.76412
G1 F478.1 X107.814 Y116.712 E150.81865
G1 F475.2 X107.253 Y116.274 E150.87843
G1 F474.3 X106.844 Y115.816 E150.9301
G1 F481.9 X106.648 Y115.53 E150.95881
G1 X106.484 Y115.267 E150.98448
G1 F480 X106.316 Y114.899 E151.01812
G1 X106.22 Y114.665 E151.03915
G1 F475.2 X106.053 Y114.018 E151.09526
G1 F478.1 X105.998 Y113.364 E151.15005
G1 F479 X106.053 Y112.71 E151.20474
G1 F476.2 X106.22 Y112.067 E151.26042
G1 F474.3 X106.484 Y111.461 E151.31604
G1 F480 X106.644 Y111.203 E151.34128
G1 F479 X106.845 Y110.909 E151.37096
G1 X107.107 Y110.616 E151.4037
G1 F480 X107.296 Y110.423 E151.42617
G1 F474.3 X107.811 Y110.017 E151.48135
G1 F478.1 X108.387 Y109.706 E151.536
G1 F480 X109.015 Y109.488 E151.59127
G1 F478.1 X109.669 Y109.379 E151.64662
G1 F476.2 X110.327 Y109.381 E151.70177
G1 F480 X110.586 Y109.418 E151.72353
G1 X110.981 Y109.49 E151.75691
G1 F481.9 X111.306 Y109.596 E151.78522
G1 X111.61 Y109.708 E151.81206
G1 F475.2 X112.139 Y109.981 E151.86205
G1 F476.2 X112.704 Y110.422 E151.92212
G1 F478.1 X113.154 Y110.907 E151.97736
G1 F479 X113.514 Y111.46 E152.03233
G1 F477.1 X113.777 Y112.066 E152.08759
G1 F474.3 X113.941 Y112.71 E152.14351
G1 F480 X113.971 Y112.997 E152.16751
G1 X113.994 Y113.364 E152.19808
G1 F473.4 X113.941 Y114.018 E152.25341
G1 F475.2 X113.777 Y114.666 E152.30954
G1 F478.1 X113.515 Y115.268 E152.36435
G1 F481 X113.155 Y115.818 E152.4189
G1 F480 X112.705 Y116.307 E152.47416
G1 F476.2 X112.181 Y116.711 E152.52962
G1 F480 X111.943 Y116.847 E152.55241
G1 X111.61 Y117.02 E152.58361
G1 X111.35 Y117.117 E152.60669
G1 X110.981 Y117.238 E152.63898
G1 X110.586 Y117.31 E152.67236
G1 X110.327 Y117.347 E152.69412
G1 F474.3 X110 Y117.348 E152.72163
G0 F9000 X110 Y116.853
G1 F485.8 X110.45 Y116.836 E152.75863
G1 F480 X110.86 Y116.746 E152.79353
G1 X111.122 Y116.676 E152.81608
G1 X111.403 Y116.558 E152.84142
G1 X111.778 Y116.379 E152.87597
G1 F485.8 X112.285 Y116.012 E152.92739
G1 F483.9 X112.755 Y115.521 E152.98346
G1 F481.9 X113.098 Y114.987 E153.03602
G1 X113.344 Y114.395 E153.08911
G1 F484.8 X113.475 Y113.773 E153.14144
G1 F480 X113.485 Y113.364 E153.17545
G1 F478.1 X113.476 Y113.009 E153.2051
G1 F485.8 X113.356 Y112.386 E153.25722
G1 F483.9 X113.098 Y111.74 E153.3146
G1 F480 X112.754 Y111.208 E153.36728
G1 X112.305 Y110.735 E153.42151
G1 F481.9 X111.791 Y110.354 E153.47449
G1 F480 X111.404 Y110.169 E153.51016
G1 F481.9 X111.145 Y110.059 E153.53347
G1 X110.859 Y109.982 E153.558
G1 F480 X110.446 Y109.891 E153.59316
G1 F483.9 X109.807 Y109.87 E153.6459
G1 F480 X109.154 Y109.969 E153.70081
G1 X108.567 Y110.172 E153.75246
G1 F481 X107.986 Y110.504 E153.80799
G1 F481.9 X107.503 Y110.908 E153.86014
G1 F478.1 X107.244 Y111.223 E153.89418
G1 X107.069 Y111.455 E153.91844
G1 F479 X106.933 Y111.697 E153.94157
G1 F477.1 X106.736 Y112.095 E153.97872
G1 F479 X106.556 Y112.733 E154.03395
G1 X106.5 Y113.389 E154.08881
G1 F481.9 X106.567 Y114.038 E154.14284
G1 F483.9 X106.757 Y114.676 E154.19775
G1 F485.8 X107.01 Y115.192 E154.24496
G1 F480 X107.242 Y115.505 E154.27736
G1 X107.496 Y115.813 E154.31055
G1 F483.9 X107.999 Y116.238 E154.36487
G1 F481.9 X108.568 Y116.557 E154.41889
G1 F480 X109.151 Y116.757 E154.47014
G1 F481 X109.798 Y116.861 E154.52452
G1 F484.8 X110 Y116.853 E154.54117
;MESH:NONMESH
G0 F300 X110 Y116.853 Z2.79
G0 F9000 X110 Y117.348
;TIME_ELAPSED:81.848281
;LAYER:2
;note -- min layer time used
M106 S85
;TYPE:WALL-OUTER
;MESH:barrel_short.obj
G1 F477.1 X109.673 Y117.349 E154.56852
G1 F478.1 X109.018 Y117.24 E154.62395
G1 F480 X108.389 Y117.022 E154.67931
G1 F478.1 X107.814 Y116.712 E154.73384
G1 F475.2 X107.253 Y116.274 E154.79361
G1 F474.3 X106.844 Y115.816 E154.84528
G1 F481.9 X106.648 Y115.53 E154.874
G1 X106.484 Y115.267 E154.89967
G1 F480 X106.316 Y114.899 E154.9333
G1 X106.22 Y114.665 E154.95433
G1 F475.2 X106.053 Y114.018 E155.01045
G1 F478.1 X105.998 Y113.364 E155.06524
G1 F479 X106.053 Y112.71 E155.11992
G1 F476.2 X106.22 Y112.067 E155.1756
G1 F474.3 X106.484 Y111.461 E155.23123
G1 F480 X106.644 Y111.203 E155.25647
G1 F479 X106.845 Y110.909 E155.28614
G1 X107.107 Y110.616 E155.31889
G1 F480 X107.296 Y110.423 E155.34135
G1 F474.3 X107.811 Y110.017 E155.39654
G1 F478.1 X108.387 Y109.706 E155.45118
G1 F480 X109.015 Y109.488 E155.50646
G1 F478.1 X109.669 Y109.379 E155.56181
G1 F476.2 X110.327 Y109.381 E155.61696
G1 F480 X110.586 Y109.418 E155.63872
G1 X110.981 Y109.49 E155.6721
G1 F481.9 X111.306 Y109.596 E155.70041
G1 X111.61 Y109.708 E155.72724
G1 F475.2 X112.139 Y109.981 E155.77724
G1 F476.2 X112.704 Y110.422 E155.83731
G1 F478.1 X113.154 Y110.907 E155.89254
G1 F479 X113.514 Y111.46 E155.94752
G1 F477.1 X113.777 Y112.066 E156.00278
G1 F474.3 X113.941 Y112.71 E156.0587
G1 F480 X113.971 Y112.997 E156.08269
G1 X113.994 Y113.364 E156.11327
G1 F473.4 X113.941 Y114.018 E156.16859
G1 F475.2 X113.777 Y114.666 E156.22473
G1 F478.1 X113.515 Y115.268 E156.27954
G1 F481 X113.155 Y115.818 E156.33409
G1 F480 X112.705 Y116.307 E156.38935
G1 F476.2 X112.181 Y116.711 E156.4448
G1 F480 X111.943 Y116.847 E156.4676
G1 X111.61 Y117.02 E156.4988
G1 X111.35 Y117.117 E156.52187
G1 X110.981 Y117.238 E156.55416
G1 X110.586 Y117.31 E156.58755
G1 X110.327 Y117.347 E156.6093
G1 F474.3 X110 Y117.348 E156.63682
G0 F12000 X110 Y116.853
G1 F485.8 X110.45 Y116.836 E156.67381
G1 F480 X110.86 Y116.746 E156.70872
G1 X111.122 Y116.676 E156.73127
G1 X111.403 Y116.558 E156.75661
G1 X111.778 Y116.379 E156.79116
G1 F485.8 X112.285 Y116.012 E156.84258
G1 F483.9 X112.755 Y115.521 E156.89864
G1 F481.9 X113.098 Y114.987 E156.95121
G1 X113.344 Y114.395 E157.0043
G1 F484.8 X113.475 Y113.773 E157.05662
G1 F480 X113.485 Y113.364 E157.09064
G1 F478.1 X113.476 Y113.009 E157.12029
G1 F485.8 X113.356 Y112.386 E157.17241
G1 F483.9 X113.098 Y111.74 E157.22979
G1 F480 X112.754 Y111.208 E157.28247
G1 X112.305 Y110.735 E157.33669
G1 F481.9 X111.791 Y110.354 E157.38968
G1 F480 X111.404 Y110.169 E157.42535
G1 F481.9 X111.145 Y110.059 E157.44865
G1 X110.859 Y109.982 E157.47318
G1 F480 X110.446 Y109.891 E157.50835
G1 F483.9 X109.807 Y109.87 E157.56108
G1 F480 X109.154 Y109.969 E157.616
G1 X108.567 Y110.172 E157.66765
G1 F481 X107.986 Y110.504 E157.72318
G1 F481.9 X107.503 Y110.908 E157.77533
G1 F478.1 X107.244 Y111.223 E157.80937
G1 X107.069 Y111.455 E157.83363
G1 F479 X106.933 Y111.697 E157.85676
G1 F477.1 X106.736 Y112.095 E157.89391
G1 F479 X106.556 Y112.733 E157.94914
G1 X106.5 Y113.389 E158.00399
G1 F481.9 X106.567 Y114.038 E158.05803
G1 F483.9 X106.757 Y114.676 E158.11294
G1 F485.8 X107.01 Y115.192 E158.16015
G1 F480 X107.242 Y115.505 E158.19255
G1 X107.496 Y115.813 E158.22574
G1 F483.9 X107.999 Y116.238 E158.28006
G1 F481.9 X108.568 Y116.557 E158.33408
G1 F480 X109.151 Y116.757 E158.38533
G1 F481 X109.798 Y116.861 E158.43971
G1 F484.8 X110 Y116.853 E158.45635
;MESH:NONMESH
G0 F300 X110 Y116.853 Z3.19
G0 F12000 X110 Y117.348
;TIME_ELAPSED:87.955449
;LAYER:3
;note -- min layer time used
M106 S127.5
;TYPE:WALL-OUTER
;MESH:barrel_short.obj
G1 F477.1 X109.673 Y117.349 E158.48371
G1 F478.1 X109.018 Y117.24 E158.53914
G1 F480 X108.389 Y117.022 E158.59449
G1 F478.1 X107.814 Y116.712 E158.64903
G1 F475.2 X107.253 Y116.274 E158.7088
G1 F474.3 X106.844 Y115.816 E158.76047
G1 F481.9 X106.648 Y115.53 E158.78919
G1 X106.484 Y115.267 E158.81485
G1 F480 X106.316 Y114.899 E158.84849
G1 X106.22 Y114.665 E158.86952
G1 F475.2 X106.053 Y114.018 E158.92564
G1 F478.1 X105.998 Y113.364 E158.98043
G1 F479 X106.053 Y112.71 E159.03511
G1 F476.2 X106.22 Y112.067 E159.09079
G1 F474.3 X106.484 Y111.461 E159.14642
G1 F480 X106.644 Y111.203 E159.17166
G1 F479 X106.845 Y110.909 E159.20133
G1 X107.107 Y110.616 E159.23408
G1 F480 X107.296 Y110.423 E159.25654
G1 F474.3 X107.811 Y110.017 E159.31172
G1 F478.1 X108.387 Y109.706 E159.36637
G1 F480 X109.015 Y109.488 E159.42165
G1 F478.1 X109.669 Y109.379 E159.477
G1 F476.2 X110.327 Y109.381 E159.53215
G1 F480 X110.586 Y109.418 E159.5539
G1 X110.981 Y109.49 E159.58729
G1 F481.9 X111.306 Y109.596 E159.6156
G1 X111.61 Y109.708 E159.64243
G1 F475.2 X112.139 Y109.981 E159.69242
G1 F476.2 X112.704 Y110.422 E159.7525
G1 F478.1 X113.154 Y110.907 E159.80773
G1 F479 X113.514 Y111.46 E159.86271
G1 F477.1 X113.777 Y112.066 E159.91797
G1 F474.3 X113.941 Y112.71 E159.97389
G1 F480 X113.971 Y112.997 E159.99788
G1 X113.994 Y113.364 E160.02846
G1 F473.4 X113.941 Y114.018 E160.08378
G1 F475.2 X113.777 Y114.666 E160.13992
G1 F478.1 X113.515 Y115.268 E160.19473
G1 F481 X113.155 Y115.818 E160.24928
G1 F480 X112.705 Y116.307 E160.30453
G1 F476.2 X112.181 Y116.711 E160.35999
G1 F480 X111.943 Y116.847 E160.38278
G1 X111.61 Y117.02 E160.41399
G1 X111.35 Y117.117 E160.43706
G1 X110.981 Y117.238 E160.46935
G1 X110.586 Y117.31 E160.50274
G1 X110.327 Y117.347 E160.52449
G1 F474.3 X110 Y117.348 E160.55201
G0 F12000 X110 Y116.853
G1 F485.8 X110.45 Y116.836 E160.589
G1 F480 X110.86 Y116.746 E160.62391
G1 X111.122 Y116.676 E160.64646
G1 X111.403 Y116.558 E160.6718
G1 X111.778 Y116.379 E160.70635
G1 F485.8 X112.285 Y116.012 E160.75777
G1 F483.9 X112.755 Y115.521 E160.81383
G1 F481.9 X113.098 Y114.987 E160.86639
G1 X113.344 Y114.395 E160.91949
G1 F484.8 X113.475 Y113.773 E160.97181
G1 F480 X113.485 Y113.364 E161.00583
G1 F478.1 X113.476 Y113.009 E161.03548
G1 F485.8 X113.356 Y112.386 E161.0876
G1 F483.9 X113.098 Y111.74 E161.14498
G1 F480 X112.754 Y111.208 E161.19765
G1 X112.305 Y110.735 E161.25188
G1 F481.9 X111.791 Y110.354 E161.30487
G1 F480 X111.404 Y110.169 E161.34054
G1 F481.9 X111.145 Y110.059 E161.36384
G1 X110.859 Y109.982 E161.38837
G1 F480 X110.446 Y109.891 E161.42354
G1 F483.9 X109.807 Y109.87 E161.47627
G1 F480 X109.154 Y109.969 E161.53119
G1 X108.567 Y110.172 E161.58283
G1 F481 X107.986 Y110.504 E161.63836
G1 F481.9 X107.503 Y110.908 E161.69051
G1 F478.1 X107.244 Y111.223 E161.72456
G1 X107.069 Y111.455 E161.74882
G1 F479 X106.933 Y111.697 E161.77195
G1 F477.1 X106.736 Y112.095 E161.8091
G1 F479 X106.556 Y112.733 E161.86433
G1 X106.5 Y113.389 E161.91918
G1 F481.9 X106.567 Y114.038 E161.97322
G1 F483.9 X106.757 Y114.676 E162.02812
G1 F485.8 X107.01 Y115.192 E162.07534
G1 F480 X107.242 Y115.505 E162.10773
G1 X107.496 Y115.813 E162.14093
G1 F483.9 X107.999 Y116.238 E162.19525
G1 F481.9 X108.568 Y116.557 E162.24927
G1 F480 X109.151 Y116.757 E162.30052
G1 F481 X109.798 Y116.861 E162.3549
G1 F484.8 X110 Y116.853 E162.37154
;MESH:NONMESH
G0 F300 X110 Y116.853 Z3.59
G0 F12000 X110 Y117.348
;TIME_ELAPSED:94.062616
;LAYER:4
;note -- min layer time used
;TYPE:WALL-OUTER
;MESH:barrel_short.obj
G1 F477.1 X109.673 Y117.349 E162.39889
G1 F478.1 X109.018 Y117.24 E162.45433
G1 F480 X108.389 Y117.022 E162.50968
G1 F478.1 X107.814 Y116.712 E162.56422
G1 F475.2 X107.253 Y116.274 E162.62399
G1 F474.3 X106.844 Y115.816 E162.67566
G1 F481.9 X106.648 Y115.53 E162.70437
G1 X106.484 Y115.267 E162.73004
G1 F480 X106.316 Y114.899 E162.76368
G1 X106.22 Y114.665 E162.78471
G1 F475.2 X106.053 Y114.018 E162.84083
G1 F478.1 X105.998 Y113.364 E162.89562
G1 F479 X106.053 Y112.71 E162.9503
G1 F476.2 X106.22 Y112.067 E163.00598
G1 F474.3 X106.484 Y111.461 E163.0616
G1 F480 X106.644 Y111.203 E163.08685
G1 F479 X106.845 Y110.909 E163.11652
G1 X107.107 Y110.616 E163.14927
G1 F480 X107.296 Y110.423 E163.17173
G1 F474.3 X107.811 Y110.017 E163.22691
G1 F478.1 X108.387 Y109.706 E163.28156
G1 F480 X109.015 Y109.488 E163.33683
G1 F478.1 X109.669 Y109.379 E163.39219
G1 F476.2 X110.327 Y109.381 E163.44734
G1 F480 X110.586 Y109.418 E163.46909
G1 X110.981 Y109.49 E163.50248
G1 F481.9 X111.306 Y109.596 E163.53079
G1 X111.61 Y109.708 E163.55762
G1 F475.2 X112.139 Y109.981 E163.60761
G1 F476.2 X112.704 Y110.422 E163.66769
G1 F478.1 X113.154 Y110.907 E163.72292
G1 F479 X113.514 Y111.46 E163.7779
G1 F477.1 X113.777 Y112.066 E163.83315
G1 F474.3 X113.941 Y112.71 E163.88908
G1 F480 X113.971 Y112.997 E163.91307
G1 X113.994 Y113.364 E163.94365
G1 F473.4 X113.941 Y114.018 E163.99897
G1 F475.2 X113.777 Y114.666 E164.0551
G1 F478.1 X113.515 Y115.268 E164.10991
G1 F481 X113.155 Y115.818 E164.16446
G1 F480 X112.705 Y116.307 E164.21972
G1 F476.2 X112.181 Y116.711 E164.27518
G1 F480 X111.943 Y116.847 E164.29797
G1 X111.61 Y117.02 E164.32917
G1 X111.35 Y117.117 E164.35225
G1 X110.981 Y117.238 E164.38454
G1 X110.586 Y117.31 E164.41792
G1 X110.327 Y117.347 E164.43968
G1 F474.3 X110 Y117.348 E164.46719
G0 F12000 X110 Y116.853
G1 F485.8 X110.45 Y116.836 E164.50419
G1 F480 X110.86 Y116.746 E164.53909
G1 X111.122 Y116.676 E164.56164
G1 X111.403 Y116.558 E164.58698
G1 X111.778 Y116.379 E164.62154
G1 F485.8 X112.285 Y116.012 E164.67295
G1 F483.9 X112.755 Y115.521 E164.72902
G1 F481.9 X113.098 Y114.987 E164.78158
G1 X113.344 Y114.395 E164.83467
G1 F484.8 X113.475 Y113.773 E164.887
G1 F480 X113.485 Y113.364 E164.92102
G1 F478.1 X113.476 Y113.009 E164.95066
G1 F485.8 X113.356 Y112.386 E165.00279
G1 F483.9 X113.098 Y111.74 E165.06016
G1 F480 X112.754 Y111.208 E165.11284
G1 X112.305 Y110.735 E165.16707
G1 F481.9 X111.791 Y110.354 E165.22006
G1 F480 X111.404 Y110.169 E165.25572
G1 F481.9 X111.145 Y110.059 E165.27903
G1 X110.859 Y109.982 E165.30356
G1 F480 X110.446 Y109.891 E165.33872
G1 F483.9 X109.807 Y109.87 E165.39146
G1 F480 X109.154 Y109.969 E165.44638
G1 X108.567 Y110.172 E165.49802
G1 F481 X107.986 Y110.504 E165.55355
G1 F481.9 X107.503 Y110.908 E165.6057
G1 F478.1 X107.244 Y111.223 E165.63975
G1 X107.069 Y111.455 E165.66401
G1 F479 X106.933 Y111.697 E165.68714
G1 F477.1 X106.736 Y112.095 E165.72428
G1 F479 X106.556 Y112.733 E165.77951
G1 X106.5 Y113.389 E165.83437
G1 F481.9 X106.567 Y114.038 E165.8884
G1 F483.9 X106.757 Y114.676 E165.94331
G1 F485.8 X107.01 Y115.192 E165.99052
G1 F480 X107.242 Y115.505 E166.02292
G1 X107.496 Y115.813 E166.05612
G1 F483.9 X107.999 Y116.238 E166.11043
G1 F481.9 X108.568 Y116.557 E166.16446
G1 F480 X109.151 Y116.757 E166.21571
G1 F481 X109.798 Y116.861 E166.27009
G1 F484.8 X110 Y116.853 E166.28673
;MESH:NONMESH
G0 F300 X110 Y116.853 Z3.99
G0 F12000 X110 Y117.348
;TIME_ELAPSED:100.169784
;LAYER:5
;note -- min layer time used
;TYPE:WALL-OUTER
;MESH:barrel_short.obj
G1 F477.1 X109.673 Y117.349 E166.31408
G1 F478.1 X109.018 Y117.24 E166.36951
G1 F480 X108.389 Y117.022 E166.42487
G1 F478.1 X107.814 Y116.712 E166.4794
G1 F475.2 X107.253 Y116.274 E166.53918
G1 F474.3 X106.844 Y115.816 E166.59085
G1 F481.9 X106.648 Y115.53 E166.61956
G1 X106.484 Y115.267 E166.64523
G1 F480 X106.316 Y114.899 E166.67887
G1 X106.22 Y114.665 E166.6999
G1 F475.2 X106.053 Y114.018 E166.75601
G1 F478.1 X105.998 Y113.364 E166.8108
G1 F479 X106.053 Y112.71 E166.86549
G1 F476.2 X106.22 Y112.067 E166.92117
G1 F474.3 X106.484 Y111.461 E166.97679
G1 F480 X106.644 Y111.203 E167.00203
G1 F479 X106.845 Y110.909 E167.03171
G1 X107.107 Y110.616 E167.06445
G1 F480 X107.296 Y110.423 E167.08692
G1 F474.3 X107.811 Y110.017 E167.1421
G1 F478.1 X108.387 Y109.706 E167.19675
G1 F480 X109.015 Y109.488 E167.25202
G1 F478.1 X109.669 Y109.379 E167.30737
G1 F476.2 X110.327 Y109.381 E167.36252
G1 F480 X110.586 Y109.418 E167.38428
G1 X110.981 Y109.49 E167.41766
G1 F481.9 X111.306 Y109.596 E167.44597
G1 X111.61 Y109.708 E167.47281
G1 F475.2 X112.139 Y109.981 E167.5228
G1 F476.2 X112.704 Y110.422 E167.58287
G1 F478.1 X113.154 Y110.907 E167.63811
G1 F479 X113.514 Y111.46 E167.69308
G1 F477.1 X113.777 Y112.066 E167.74834
G1 F474.3 X113.941 Y112.71 E167.80426
G1 F480 X113.971 Y112.997 E167.82826
G1 X113.994 Y113.364 E167.85883
G1 F473.4 X113.941 Y114.018 E167.91416
G1 F475.2 X113.777 Y114.666 E167.97029
G1 F478.1 X113.515 Y115.268 E168.0251
G1 F481 X113.155 Y115.818 E168.07965
G1 F480 X112.705 Y116.307 E168.13491
G1 F476.2 X112.181 Y116.711 E168.19037
G1 F480 X111.943 Y116.847 E168.21316
G1 X111.61 Y117.02 E168.24436
G1 X111.35 Y117.117 E168.26744
G1 X110.981 Y117.238 E168.29973
G1 X110.586 Y117.31 E168.33311
G1 X110.327 Y117.347 E168.35487
G1 F474.3 X110 Y117.348 E168.38238
G0 F12000 X110 Y116.853
G1 F485.8 X110.45 Y116.836 E168.41938
G1 F480 X110.86 Y116.746 E168.45428
G1 X111.122 Y116.676 E168.47683
G1 X111.403 Y116.558 E168.50217
G1 X111.778 Y116.379 E168.53672
G1 F485.8 X112.285 Y116.012 E168.58814
G1 F483.9 X112.755 Y115.521 E168.64421
G1 F481.9 X113.098 Y114.987 E168.69677
G1 X113.344 Y114.395 E168.74986
G1 F484.8 X113.475 Y113.773 E168.80219
G1 F480 X113.485 Y113.364 E168.83621
G1 F478.1 X113.476 Y113.009 E168.86585
G1 F485.8 X113.356 Y112.386 E168.91797
G1 F483.9 X113.098 Y111.74 E168.97535
G1 F480 X112.754 Y111.208 E169.02803
G1 X112.305 Y110.735 E169.08226
G1 F481.9 X111.791 Y110.354 E169.13525
G1 F480 X111.404 Y110.169 E169.17091
G1 F481.9 X111.145 Y110.059 E169.19422
G1 X110.859 Y109.982 E169.21875
G1 F480 X110.446 Y109.891 E169.25391
G1 F483.9 X109.807 Y109.87 E169.30665
G1 F480 X109.154 Y109.969 E169.36156
G1 X108.567 Y110.172 E169.41321
G1 F481 X107.986 Y110.504 E169.46874
G1 F481.9 X107.503 Y110.908 E169.52089
G1 F478.1 X107.244 Y111.223 E169.55493
G1 X107.069 Y111.455 E169.57919
G1 F479 X106.933 Y111.697 E169.60232
G1 F477.1 X106.736 Y112.095 E169.63947
G1 F479 X106.556 Y112.733 E169.6947
G1 X106.5 Y113.389 E169.74956
G1 F481.9 X106.567 Y114.038 E169.80359
G1 F483.9 X106.757 Y114.676 E169.8585
G1 F485.8 X107.01 Y115.192 E169.90571
G1 F480 X107.242 Y115.505 E169.93811
G1 X107.496 Y115.813 E169.9713
G1 F483.9 X107.999 Y116.238 E170.02562
G1 F481.9 X108.568 Y116.557 E170.07964
G1 F480 X109.151 Y116.757 E170.13089
G1 F481 X109.798 Y116.861 E170.18527
G1 F484.8 X110 Y116.853 E170.20192
;MESH:NONMESH
G0 F300 X110 Y116.853 Z4.39
G0 F12000 X110 Y117.348
;TIME_ELAPSED:106.276952
;LAYER:6
;note -- min layer time used
;TYPE:WALL-OUTER
;MESH:barrel_short.obj
G1 F477.1 X109.673 Y117.349 E170.22927
G1 F478.1 X109.018 Y117.24 E170.2847
G1 F480 X108.389 Y117.022 E170.34006
G1 F478.1 X107.814 Y116.712 E170.39459
G1 F475.2 X107.253 Y116.274 E170.45436
G1 F474.3 X106.844 Y115.816 E170.50603
G1 F481.9 X106.648 Y115.53 E170.53475
G1 X106.484 Y115.267 E170.56042
G1 F480 X106.316 Y114.899 E170.59405
G1 X106.22 Y114.665 E170.61508
G1 F475.2 X106.053 Y114.018 E170.6712
G1 F478.1 X105.998 Y113.364 E170.72599
G1 F479 X106.053 Y112.71 E170.78067
G1 F476.2 X106.22 Y112.067 E170.83636
G1 F474.3 X106.484 Y111.461 E170.89198
G1 F480 X106.644 Y111.203 E170.91722
G1 F479 X106.845 Y110.909 E170.94689
G1 X107.107 Y110.616 E170.97964
G1 F480 X107.296 Y110.423 E171.0021
G1 F474.3 X107.811 Y110.017 E171.05729
G1 F478.1 X108.387 Y109.706 E171.11193
G1 F480 X109.015 Y109.488 E171.16721
G1 F478.1 X109.669 Y109.379 E171.22256
G1 F476.2 X110.327 Y109.381 E171.27771
G1 F480 X110.586 Y109.418 E171.29947
G1 X110.981 Y109.49 E171.33285
G1 F481.9 X111.306 Y109.596 E171.36116
G1 X111.61 Y109.708 E171.38799
G1 F475.2 X112.139 Y109.981 E171.43799
G1 F476.2 X112.704 Y110.422 E171.49806
G1 F478.1 X113.154 Y110.907 E171.55329
G1 F479 X113.514 Y111.46 E171.60827
G1 F477.1 X113.777 Y112.066 E171.66353
G1 F474.3 X113.941 Y112.71 E171.71945
G1 F480 X113.971 Y112.997 E171.74344
G1 X113.994 Y113.364 E171.77402
G1 F473.4 X113.941 Y114.018 E171.82934
G1 F475.2 X113.777 Y114.666 E171.88548
G1 F478.1 X113.515 Y115.268 E171.94029
G1 F481 X113.155 Y115.818 E171.99484
G1 F480 X112.705 Y116.307 E172.0501
G1 F476.2 X112.181 Y116.711 E172.10555
G1 F480 X111.943 Y116.847 E172.12835
G1 X111.61 Y117.02 E172.15955
G1 X111.35 Y117.117 E172.18262
G1 X110.981 Y117.238 E172.21491
G1 X110.586 Y117.31 E172.2483
G1 X110.327 Y117.347 E172.27005
G1 F474.3 X110 Y117.348 E172.29757
G0 F12000 X110 Y116.853
G1 F485.8 X110.45 Y116.836 E172.33456
G1 F480 X110.86 Y116.746 E172.36947
G1 X111.122 Y116.676 E172.39202
G1 X111.403 Y116.558 E172.41736
G1 X111.778 Y116.379 E172.45191
G1 F485.8 X112.285 Y116.012 E172.50333
G1 F483.9 X112.755 Y115.521 E172.55939
G1 F481.9 X113.098 Y114.987 E172.61196
G1 X113.344 Y114.395 E172.66505
G1 F484.8 X113.475 Y113.773 E172.71737
G1 F480 X113.485 Y113.364 E172.75139
G1 F478.1 X113.476 Y113.009 E172.78104
G1 F485.8 X113.356 Y112.386 E172.83316
G1 F483.9 X113.098 Y111.74 E172.89054
G1 F480 X112.754 Y111.208 E172.94322
G1 X112.305 Y110.735 E172.99744
G1 F481.9 X111.791 Y110.354 E173.05043
G1 F480 X111.404 Y110.169 E173.0861
G1 F481.9 X111.145 Y110.059 E173.1094
G1 X110.859 Y109.982 E173.13393
G1 F480 X110.446 Y109.891 E173.1691
G1 F483.9 X109.807 Y109.87 E173.22183
G1 F480 X109.154 Y109.969 E173.27675
G1 X108.567 Y110.172 E173.3284
G1 F481 X107.986 Y110.504 E173.38393
G1 F481.9 X107.503 Y110.908 E173.43608
G1 F478.1 X107.244 Y111.223 E173.47012
G1 X107.069 Y111.455 E173.49438
G1 F479 X106.933 Y111.697 E173.51751
G1 F477.1 X106.736 Y112.095 E173.55466
G1 F479 X106.556 Y112.733 E173.60989
G1 X106.5 Y113.389 E173.66474
G1 F481.9 X106.567 Y114.038 E173.71878
G1 F483.9 X106.757 Y114.676 E173.77369
G1 F485.8 X107.01 Y115.192 E173.8209
G1 F480 X107.242 Y115.505 E173.8533
G1 X107.496 Y115.813 E173.88649
G1 F483.9 X107.999 Y116.238 E173.94081
G1 F481.9 X108.568 Y116.557 E173.99483
G1 F480 X109.151 Y116.757 E174.04608
G1 F481 X109.798 Y116.861 E174.10046
G1 F484.8 X110 Y116.853 E174.1171
;MESH:NONMESH
G0 F300 X110 Y116.853 Z4.79
G0 F12000 X110 Y117.348
;TIME_ELAPSED:112.384120
;LAYER:7
;note -- min layer time used
;TYPE:WALL-OUTER
;MESH:barrel_short.obj
G1 F477.1 X109.673 Y117.349 E174.14446
G1 F478.1 X109.018 Y117.24 E174.19989
G1 F480 X108.389 Y117.022 E174.25524
G1 F478.1 X107.814 Y116.712 E174.30978
G1 F475.2 X107.253 Y116.274 E174.36955
G1 F474.3 X106.844 Y115.816 E174.42122
G1 F481.9 X106.648 Y115.53 E174.44994
G1 X106.484 Y115.267 E174.4756
G1 F480 X106.316 Y114.899 E174.50924
G1 X106.22 Y114.665 E174.53027
G1 F475.2 X106.053 Y114.018 E174.58639
G1 F478.1 X105.998 Y113.364 E174.64118
G1 F479 X106.053 Y112.71 E174.69586
G1 F476.2 X106.22 Y112.067 E174.75154
G1 F474.3 X106.484 Y111.461 E174.80717
G1 F480 X106.644 Y111.203 E174.83241
G1 F479 X106.845 Y110.909 E174.86208
G1 X107.107 Y110.616 E174.89483
G1 F480 X107.296 Y110.423 E174.91729
G1 F474.3 X107.811 Y110.017 E174.97247
G1 F478.1 X108.387 Y109.706 E175.02712
G1 F480 X109.015 Y109.488 E175.0824
G1 F478.1 X109.669 Y109.379 E175.13775
G1 F476.2 X110.327 Y109.381 E175.1929
G1 F480 X110.586 Y109.418 E175.21465
G1 X110.981 Y109.49 E175.24804
G1 F481.9 X111.306 Y109.596 E175.27635
G1 X111.61 Y109.708 E175.30318
G1 F475.2 X112.139 Y109.981 E175.35317
G1 F476.2 X112.704 Y110.422 E175.41325
G1 F478.1 X113.154 Y110.907 E175.46848
G1 F479 X113.514 Y111.46 E175.52346
G1 F477.1 X113.777 Y112.066 E175.57872
G1 F474.3 X113.941 Y112.71 E175.63464
G1 F480 X113.971 Y112.997 E175.65863
G1 X113.994 Y113.364 E175.68921
G1 F473.4 X113.941 Y114.018 E175.74453
G1 F475.2 X113.777 Y114.666 E175.80067
G1 F478.1 X113.515 Y115.268 E175.85548
G1 F481 X113.155 Y115.818 E175.91003
G1 F480 X112.705 Y116.307 E175.96528
G1 F476.2 X112.181 Y116.711 E176.02074
G1 F480 X111.943 Y116.847 E176.04353
G1 X111.61 Y117.02 E176.07474
G1 X111.35 Y117.117 E176.09781
G1 X110.981 Y117.238 E176.1301
G1 X110.586 Y117.31 E176.16349
G1 X110.327 Y117.347 E176.18524
G1 F474.3 X110 Y117.348 E176.21276
G0 F12000 X110 Y116.853
G1 F485.8 X110.45 Y116.836 E176.24975
G1 F480 X110.86 Y116.746 E176.28466
G1 X111.122 Y116.676 E176.30721
G1 X111.403 Y116.558 E176.33255
G1 X111.778 Y116.379 E176.3671
G1 F485.8 X112.285 Y116.012 E176.41852
G1 F483.9 X112.755 Y115.521 E176.47458
G1 F481.9 X113.098 Y114.987 E176.52714
G1 X113.344 Y114.395 E176.58024
G1 F484.8 X113.475 Y113.773 E176.63256
G1 F480 X113.485 Y113.364 E176.66658
G1 F478.1 X113.476 Y113.009 E176.69623
G1 F485.8 X113.356 Y112.386 E176.74835
G1 F483.9 X113.098 Y111.74 E176.80573
G1 F480 X112.754 Y111.208 E176.8584
G1 X112.305 Y110.735 E176.91263
G1 F481.9 X111.791 Y110.354 E176.96562
G1 F480 X111.404 Y110.169 E177.00129
G1 F481.9 X111.145 Y110.059 E177.02459
G1 X110.859 Y109.982 E177.04912
G1 F480 X110.446 Y109.891 E177.08429
G1 F483.9 X109.807 Y109.87 E177.13702
G1 F480 X109.154 Y109.969 E177.19194
G1 X108.567 Y110.172 E177.24358
G1 F481 X107.986 Y110.504 E177.29912
G1 F481.9 X107.503 Y110.908 E177.35126
G1 F478.1 X107.244 Y111.223 E177.38531
G1 X107.069 Y111.455 E177.40957
G1 F479 X106.933 Y111.697 E177.4327
G1 F477.1 X106.736 Y112.095 E177.46985
G1 F479 X106.556 Y112.733 E177.52508
G1 X106.5 Y113.389 E177.57993
G1 F481.9 X106.567 Y114.038 E177.63397
G1 F483.9 X106.757 Y114.676 E177.68887
G1 F485.8 X107.01 Y115.192 E177.73609
G1 F480 X107.242 Y115.505 E177.76848
G1 X107.496 Y115.813 E177.80168
G1 F483.9 X107.999 Y116.238 E177.856
G1 F481.9 X108.568 Y116.557 E177.91002
G1 F480 X109.151 Y116.757 E177.96127
G1 F481 X109.798 Y116.861 E178.01565
G1 F484.8 X110 Y116.853 E178.03229
;MESH:NONMESH
G0 F300 X110 Y116.853 Z5.19
G0 F12000 X110 Y117.348
;TIME_ELAPSED:118.491287
;LAYER:8
;note -- min layer time used
;TYPE:WALL-OUTER
;MESH:barrel_short.obj
G1 F477.1 X109.673 Y117.349 E178.05964
G1 F478.1 X109.018 Y117.24 E178.11508
G1 F480 X108.389 Y117.022 E178.17043
G1 F478.1 X107.814 Y116.712 E178.22497
G1 F475.2 X107.253 Y116.274 E178.28474
G1 F474.3 X106.844 Y115.816 E178.33641
G1 F481.9 X106.648 Y115.53 E178.36512
G1 X106.484 Y115.267 E178.39079
G1 F480 X106.316 Y114.899 E178.42443
G1 X106.22 Y114.665 E178.44546
G1 F475.2 X106.053 Y114.018 E178.50158
G1 F478.1 X105.998 Y113.364 E178.55637
G1 F479 X106.053 Y112.71 E178.61105
G1 F476.2 X106.22 Y112.067 E178.66673
G1 F474.3 X106.484 Y111.461 E178.72235
G1 F480 X106.644 Y111.203 E178.7476
G1 F479 X106.845 Y110.909 E178.77727
G1 X107.107 Y110.616 E178.81002
G1 F480 X107.296 Y110.423 E178.83248
G1 F474.3 X107.811 Y110.017 E178.88766
G1 F478.1 X108.387 Y109.706 E178.94231
G1 F480 X109.015 Y109.488 E178.99758
G1 F478.1 X109.669 Y109.379 E179.05294
G1 F476.2 X110.327 Y109.381 E179.10809
G1 F480 X110.586 Y109.418 E179.12984
G1 X110.981 Y109.49 E179.16323
G1 F481.9 X111.306 Y109.596 E179.19154
G1 X111.61 Y109.708 E179.21837
G1 F475.2 X112.139 Y109.981 E179.26836
G1 F476.2 X112.704 Y110.422 E179.32844
G1 F478.1 X113.154 Y110.907 E179.38367
G1 F479 X113.514 Y111.46 E179.43865
G1 F477.1 X113.777 Y112.066 E179.4939
G1 F474.3 X113.941 Y112.71 E179.54983
G1 F480 X113.971 Y112.997 E179.57382
G1 X113.994 Y113.364 E179.6044
G1 F473.4 X113.941 Y114.018 E179.65972
G1 F475.2 X113.777 Y114.666 E179.71585
G1 F478.1 X113.515 Y115.268 E179.77066
G1 F481 X113.155 Y115.818 E179.82521
G1 F480 X112.705 Y116.307 E179.88047
G1 F476.2 X112.181 Y116.711 E179.93593
G1 F480 X111.943 Y116.847 E179.95872
G1 X111.61 Y117.02 E179.98992
G1 X111.35 Y117.117 E180.013
G1 X110.981 Y117.238 E180.04529
G1 X110.586 Y117.31 E180.07867
G1 X110.327 Y117.347 E180.10043
G1 F474.3 X110 Y117.348 E180.12794
G0 F12000 X110 Y116.853
G1 F485.8 X110.45 Y116.836 E180.16494
G1 F480 X110.86 Y116.746 E180.19984
G1 X111.122 Y116.676 E180.22239
G1 X111.403 Y116.558 E180.24773
G1 X111.778 Y116.379 E180.28229
G1 F485.8 X112.285 Y116.012 E180.3337
G1 F483.9 X112.755 Y115.521 E180.38977
G1 F481.9 X113.098 Y114.987 E180.44233
G1 X113.344 Y114.395 E180.49542
G1 F484.8 X113.475 Y113.773 E180.54775
G1 F480 X113.485 Y113.364 E180.58177
G1 F478.1 X113.476 Y113.009 E180.61141
G1 F485.8 X113.356 Y112.386 E180.66354
G1 F483.9 X113.098 Y111.74 E180.72091
G1 F480 X112.754 Y111.208 E180.77359
G1 X112.305 Y110.735 E180.82782
G1 F481.9 X111.791 Y110.354 E180.88081
G1 F480 X111.404 Y110.169 E180.91647
G1 F481.9 X111.145 Y110.059 E180.93978
G1 X110.859 Y109.982 E180.96431
G1 F480 X110.446 Y109.891 E180.99947
G1 F483.9 X109.807 Y109.87 E181.05221
G1 F480 X109.154 Y109.969 E181.10713
G1 X108.567 Y110.172 E181.15877
G1 F481 X107.986 Y110.504 E181.2143
G1 F481.9 X107.503 Y110.908 E181.26645
G1 F478.1 X107.244 Y111.223 E181.3005
G1 X107.069 Y111.455 E181.32476
G1 F479 X106.933 Y111.697 E181.34789
G1 F477.1 X106.736 Y112.095 E181.38503
G1 F479 X106.556 Y112.733 E181.44026
G1 X106.5 Y113.389 E181.49512
G1 F481.9 X106.567 Y114.038 E181.54915
G1 F483.9 X106.757 Y114.676 E181.60406
G1 F485.8 X107.01 Y115.192 E181.65127
G1 F480 X107.242 Y115.505 E181.68367
G1 X107.496 Y115.813 E181.71687
G1 F483.9 X107.999 Y116.238 E181.77118
G1 F481.9 X108.568 Y116.557 E181.82521
G1 F480 X109.151 Y116.757 E181.87646
G1 F481 X109.798 Y116.861 E181.93084
G1 F484.8 X110 Y116.853 E181.94748
;MESH:NONMESH
G0 F300 X110 Y116.853 Z5.59
G0 F12000 X110 Y117.348
;TIME_ELAPSED:124.598455
;LAYER:9
;note -- min layer time used
;TYPE:WALL-OUTER
;MESH:barrel_short.obj
G1 F477.1 X109.673 Y117.349 E181.97483
G1 F478.1 X109.018 Y117.24 E182.03026
G1 F480 X108.389 Y117.022 E182.08562
G1 F478.1 X107.814 Y116.712 E182.14015
G1 F475.2 X107.253 Y116.274 E182.19993
G1 F474.3 X106.844 Y115.816 E182.2516
G1 F481.9 X106.648 Y115.53 E182.28031
G1 X106.484 Y115.267 E182.30598
G1 F480 X106.316 Y114.899 E182.33962
G1 X106.22 Y114.665 E182.36065
G1 F475.2 X106.053 Y114.018 E182.41676
G1 F478.1 X105.998 Y113.364 E182.47155
G1 F479 X106.053 Y112.71 E182.52624
G1 F476.2 X106.22 Y112.067 E182.58192
G1 F474.3 X106.484 Y111.461 E182.63754
G1 F480 X106.644 Y111.203 E182.66278
G1 F479 X106.845 Y110.909 E182.69246
G1 X107.107 Y110.616 E182.7252
G1 F480 X107.296 Y110.423 E182.74767
G1 F474.3 X107.811 Y110.017 E182.80285
G1 F478.1 X108.387 Y109.706 E182.8575
G1 F480 X109.015 Y109.488 E182.91277
G1 F478.1 X109.669 Y109.379 E182.96812
G1 F476.2 X110.327 Y109.381 E183.02327
G1 F480 X110.586 Y109.418 E183.04503
G1 X110.981 Y109.49 E183.07841
G1 F481.9 X111.306 Y109.596 E183.10673
G1 X111.61 Y109.708 E183.13356
G1 F475.2 X112.139 Y109.981 E183.18355
G1 F476.2 X112.704 Y110.422 E183.24362
G1 F478.1 X113.154 Y110.907 E183.29886
G1 F479 X113.514 Y111.46 E183.35383
G1 F477.1 X113.777 Y112.066 E183.40909
G1 F474.3 X113.941 Y112.71 E183.46501
G1 F480 X113.971 Y112.997 E183.48901
G1 X113.994 Y113.364 E183.51958
G1 F473.4 X113.941 Y114.018 E183.57491
G1 F475.2 X113.777 Y114.666 E183.63104
G1 F478.1 X113.515 Y115.268 E183.68585
G1 F481 X113.155 Y115.818 E183.7404
G1 F480 X112.705 Y116.307 E183.79566
G1 F476.2 X112.181 Y116.711 E183.85112
G1 F480 X111.943 Y116.847 E183.87391
G1 X111.61 Y117.02 E183.90511
G1 X111.35 Y117.117 E183.92819
G1 X110.981 Y117.238 E183.96048
G1 X110.586 Y117.31 E183.99386
G1 X110.327 Y117.347 E184.01562
G1 F474.3 X110 Y117.348 E184.04313
G0 F12000 X110 Y116.853
G1 F485.8 X110.45 Y116.836 E184.08013
G1 F480 X110.86 Y116.746 E184.11503
G1 X111.122 Y116.676 E184.13758
G1 X111.403 Y116.558 E184.16292
G1 X111.778 Y116.379 E184.19747
G1 F485.8 X112.285 Y116.012 E184.24889
G1 F483.9 X112.755 Y115.521 E184.30496
G1 F481.9 X113.098 Y114.987 E184.35752
G1 X113.344 Y114.395 E184.41061
G1 F484.8 X113.475 Y113.773 E184.46294
G1 F480 X113.485 Y113.364 E184.49696
G1 F478.1 X113.476 Y113.009 E184.5266
G1 F485.8 X113.356 Y112.386 E184.57872
G1 F483.9 X113.098 Y111.74 E184.6361
G1 F480 X112.754 Y111.208 E184.68878
G1 X112.305 Y110.735 E184.74301
G1 F481.9 X111.791 Y110.354 E184.796
G1 F480 X111.404 Y110.169 E184.83166
G1 F481.9 X111.145 Y110.059 E184.85497
G1 X110.859 Y109.982 E184.8795
G1 F480 X110.446 Y109.891 E184.91466
G1 F483.9 X109.807 Y109.87 E184.9674
G1 F480 X109.154 Y109.969 E185.02231
G1 X108.567 Y110.172 E185.07396
G1 F481 X107.986 Y110.504 E185.12949
G1 F481.9 X107.503 Y110.908 E185.18164
G1 F478.1 X107.244 Y111.223 E185.21568
G1 X107.069 Y111.455 E185.23994
G1 F479 X106.933 Y111.697 E185.26307
G1 F477.1 X106.736 Y112.095 E185.30022
G1 F479 X106.556 Y112.733 E185.35545
G1 X106.5 Y113.389 E185.41031
G1 F481.9 X106.567 Y114.038 E185.46434
G1 F483.9 X106.757 Y114.676 E185.51925
G1 F485.8 X107.01 Y115.192 E185.56646
G1 F480 X107.242 Y115.505 E185.59886
G1 X107.496 Y115.813 E185.63205
G1 F483.9 X107.999 Y116.238 E185.68637
G1 F481.9 X108.568 Y116.557 E185.74039
G1 F480 X109.151 Y116.757 E185.79164
G1 F481 X109.798 Y116.861 E185.84602
G1 F484.8 X110 Y116.853 E185.86267
;MESH:NONMESH
G0 F300 X110 Y116.853 Z5.99
G0 F12000 X110 Y117.348
;TIME_ELAPSED:130.705623
;LAYER:10
;note -- min layer time used
;TYPE:WALL-OUTER
;MESH:barrel_short.obj
G1 F477.1 X109.673 Y117.349 E185.89002
G1 F478.1 X109.018 Y117.24 E185.94545
G1 F480 X108.389 Y117.022 E186.00081
G1 F478.1 X107.814 Y116.712 E186.05534
G1 F475.2 X107.253 Y116.274 E186.11511
G1 F474.3 X106.844 Y115.816 E186.16678
G1 F481.9 X106.648 Y115.53 E186.1955
G1 X106.484 Y115.267 E186.22117
G1 F480 X106.316 Y114.899 E186.2548
G1 X106.22 Y114.665 E186.27583
G1 F475.2 X106.053 Y114.018 E186.33195
G1 F478.1 X105.998 Y113.364 E186.38674
G1 F479 X106.053 Y112.71 E186.44142
G1 F476.2 X106.22 Y112.067 E186.49711
G1 F474.3 X106.484 Y111.461 E186.55273
G1 F480 X106.644 Y111.203 E186.57797
G1 F479 X106.845 Y110.909 E186.60764
G1 X107.107 Y110.616 E186.64039
G1 F480 X107.296 Y110.423 E186.66285
G1 F474.3 X107.811 Y110.017 E186.71804
G1 F478.1 X108.387 Y109.706 E186.77268
G1 F480 X109.015 Y109.488 E186.82796
G1 F478.1 X109.669 Y109.379 E186.88331
G1 F476.2 X110.327 Y109.381 E186.93846
G1 F480 X110.586 Y109.418 E186.96022
G1 X110.981 Y109.49 E186.9936
G1 F481.9 X111.306 Y109.596 E187.02191
G1 X111.61 Y109.708 E187.04874
G1 F475.2 X112.139 Y109.981 E187.09874
G1 F476.2 X112.704 Y110.422 E187.15881
G1 F478.1 X113.154 Y110.907 E187.21404
G1 F479 X113.514 Y111.46 E187.26902
G1 F477.1 X113.777 Y112.066 E187.32428
G1 F474.3 X113.941 Y112.71 E187.3802
G1 F480 X113.971 Y112.997 E187.4042
G1 X113.994 Y113.364 E187.43477
G1 F473.4 X113.941 Y114.018 E187.49009
G1 F475.2 X113.777 Y114.666 E187.54623
G1 F478.1 X113.515 Y115.268 E187.60104
G1 F481 X113.155 Y115.818 E187.65559
G1 F480 X112.705 Y116.307 E187.71085
G1 F476.2 X112.181 Y116.711 E187.7663
G1 F480 X111.943 Y116.847 E187.7891
G1 X111.61 Y117.02 E187.8203
G1 X111.35 Y117.117 E187.84337
G1 X110.981 Y117.238 E187.87566
G1 X110.586 Y117.31 E187.90905
G1 X110.327 Y117.347 E187.9308
G1 F474.3 X110 Y117.348 E187.95832
G0 F12000 X110 Y116.853
G1 F485.8 X110.45 Y116.836 E187.99532
G1 F480 X110.86 Y116.746 E188.03022
G1 X111.122 Y116.676 E188.05277
G1 X111.403 Y116.558 E188.07811
G1 X111.778 Y116.379 E188.11266
G1 F485.8 X112.285 Y116.012 E188.16408
G1 F483.9 X112.755 Y115.521 E188.22014
G1 F481.9 X113.098 Y114.987 E188.27271
G1 X113.344 Y114.395 E188.3258
G1 F484.8 X113.475 Y113.773 E188.37812
G1 F480 X113.485 Y113.364 E188.41214
G1 F478.1 X113.476 Y113.009 E188.44179
G1 F485.8 X113.356 Y112.386 E188.49391
G1 F483.9 X113.098 Y111.74 E188.55129
G1 F480 X112.754 Y111.208 E188.60397
G1 X112.305 Y110.735 E188.6582
G1 F481.9 X111.791 Y110.354 E188.71118
G1 F480 X111.404 Y110.169 E188.74685
G1 F481.9 X111.145 Y110.059 E188.77015
G1 X110.859 Y109.982 E188.79468
G1 F480 X110.446 Y109.891 E188.82985
G1 F483.9 X109.807 Y109.87 E188.88258
G1 F480 X109.154 Y109.969 E188.9375
G1 X108.567 Y110.172 E188.98915
G1 F481 X107.986 Y110.504 E189.04468
G1 F481.9 X107.503 Y110.908 E189.09683
G1 F478.1 X107.244 Y111.223 E189.13087
G1 X107.069 Y111.455 E189.15513
G1 F479 X106.933 Y111.697 E189.17826
G1 F477.1 X106.736 Y112.095 E189.21541
G1 F479 X106.556 Y112.733 E189.27064
G1 X106.5 Y113.389 E189.32549
G1 F481.9 X106.567 Y114.038 E189.37953
G1 F483.9 X106.757 Y114.676 E189.43444
G1 F485.8 X107.01 Y115.192 E189.48165
G1 F480 X107.242 Y115.505 E189.51405
G1 X107.496 Y115.813 E189.54724
G1 F483.9 X107.999 Y116.238 E189.60156
G1 F481.9 X108.568 Y116.557 E189.65558
G1 F480 X109.151 Y116.757 E189.70683
G1 F481 X109.798 Y116.861 E189.76121
G1 F484.8 X110 Y116.853 E189.77785
;MESH:NONMESH
G0 F300 X110 Y116.853 Z6.39
G0 F12000 X110 Y117.348
;TIME_ELAPSED:136.812791
;LAYER:11
;note -- min layer time used
;TYPE:WALL-OUTER
;MESH:barrel_short.obj
G1 F477.1 X109.673 Y117.349 E189.80521
G1 F478.1 X109.018 Y117.24 E189.86064
G1 F480 X108.389 Y117.022 E189.91599
G1 F478.1 X107.814 Y116.712 E189.97053
G1 F475.2 X107.253 Y116.274 E190.0303
G1 F474.3 X106.844 Y115.816 E190.08197
G1 F481.9 X106.648 Y115.53 E190.11069
G1 X106.484 Y115.267 E190.13635
G1 F480 X106.316 Y114.899 E190.16999
G1 X106.22 Y114.665 E190.19102
G1 F475.2 X106.053 Y114.018 E190.24714
G1 F478.1 X105.998 Y113.364 E190.30193
G1 F479 X106.053 Y112.71 E190.35661
G1 F476.2 X106.22 Y112.067 E190.41229
G1 F474.3 X106.484 Y111.461 E190.46792
G1 F480 X106.644 Y111.203 E190.49316
G1 F479 X106.845 Y110.909 E190.52283
G1 X107.107 Y110.616 E190.55558
G1 F480 X107.296 Y110.423 E190.57804
G1 F474.3 X107.811 Y110.017 E190.63322
G1 F478.1 X108.387 Y109.706 E190.68787
G1 F480 X109.015 Y109.488 E190.74315
G1 F478.1 X109.669 Y109.379 E190.7985
G1 F476.2 X110.327 Y109.381 E190.85365
G1 F480 X110.586 Y109.418 E190.8754
G1 X110.981 Y109.49 E190.90879
G1 F481.9 X111.306 Y109.596 E190.9371
G1 X111.61 Y109.708 E190.96393
G1 F475.2 X112.139 Y109.981 E191.01392
G1 F476.2 X112.704 Y110.422 E191.074
G1 F478.1 X113.154 Y110.907 E191.12923
G1 F479 X113.514 Y111.46 E191.18421
G1 F477.1 X113.777 Y112.066 E191.23947
G1 F474.3 X113.941 Y112.71 E191.29539
G1 F480 X113.971 Y112.997 E191.31938
G1 X113.994 Y113.364 E191.34996
G1 F473.4 X113.941 Y114.018 E191.40528
G1 F475.2 X113.777 Y114.666 E191.46142
G1 F478.1 X113.515 Y115.268 E191.51623
G1 F481 X113.155 Y115.818 E191.57078
G1 F480 X112.705 Y116.307 E191.62603
G1 F476.2 X112.181 Y116.711 E191.68149
G1 F480 X111.943 Y116.847 E191.70428
G1 X111.61 Y117.02 E191.73549
G1 X111.35 Y117.117 E191.75856
G1 X110.981 Y117.238 E191.79085
G1 X110.586 Y117.31 E191.82424
G1 X110.327 Y117.347 E191.84599
G1 F474.3 X110 Y117.348 E191.87351
G0 F12000 X110 Y116.853
G1 F485.8 X110.45 Y116.836 E191.9105
G1 F480 X110.86 Y116.746 E191.94541
G1 X111.122 Y116.676 E191.96796
G1 X111.403 Y116.558 E191.9933
G1 X111.778 Y116.379 E192.02785
G1 F485.8 X112.285 Y116.012 E192.07927
G1 F483.9 X112.755 Y115.521 E192.13533
G1 F481.9 X113.098 Y114.987 E192.18789
G1 X113.344 Y114.395 E192.24099
G1 F484.8 X113.475 Y113.773 E192.29331
G1 F480 X113.485 Y113.364 E192.32733
G1 F478.1 X113.476 Y113.009 E192.35698
G1 F485.8 X113.356 Y112.386 E192.4091
G1 F483.9 X113.098 Y111.74 E192.46648
G1 F480 X112.754 Y111.208 E192.51915
G1 X112.305 Y110.735 E192.57338
G1 F481.9 X111.791 Y110.354 E192.62637
G1 F480 X111.404 Y110.169 E192.66204
G1 F481.9 X111.145 Y110.059 E192.68534
G1 X110.859 Y109.982 E192.70987
G1 F480 X110.446 Y109.891 E192.74504
G1 F483.9 X109.807 Y109.87 E192.79777
G1 F480 X109.154 Y109.969 E192.85269
G1 X108.567 Y110.172 E192.90434
G1 F481 X107.986 Y110.504 E192.95987
G1 F481.9 X107.503 Y110.908 E193.01201
G1 F478.1 X107.244 Y111.223 E193.04606
G1 X107.069 Y111.455 E193.07032
G1 F479 X106.933 Y111.697 E193.09345
G1 F477.1 X106.736 Y112.095 E193.1306
G1 F479 X106.556 Y112.733 E193.18583
G1 X106.5 Y113.389 E193.24068
G1 F481.9 X106.567 Y114.038 E193.29472
G1 F483.9 X106.757 Y114.676 E193.34963
G1 F485.8 X107.01 Y115.192 E193.39684
G1 F480 X107.242 Y115.505 E193.42923
G1 X107.496 Y115.813 E193.46243
G1 F483.9 X107.999 Y116.238 E193.51675
G1 F481.9 X108.568 Y116.557 E193.57077
G1 F480 X109.151 Y116.757 E193.62202
G1 F481 X109.798 Y116.861 E193.6764
G1 F484.8 X110 Y116.853 E193.69304
;MESH:NONMESH
G0 F300 X110 Y116.853 Z6.79
G0 F12000 X110 Y117.348
;TIME_ELAPSED:142.919958
;LAYER:12
;note -- min layer time used
;TYPE:WALL-OUTER
;MESH:barrel_short.obj
G1 F477.1 X109.673 Y117.349 E193.72039
G1 F478.1 X109.018 Y117.24 E193.77583
G1 F480 X108.389 Y117.022 E193.83118
G1 F478.1 X107.814 Y116.712 E193.88572
G1 F475.2 X107.253 Y116.274 E193.94549
G1 F474.3 X106.844 Y115.816 E193.99716
G1 F481.9 X106.648 Y115.53 E194.02587
G1 X106.484 Y115.267 E194.05154
G1 F480 X106.316 Y114.899 E194.08518
G1 X106.22 Y114.665 E194.10621
G1 F475.2 X106.053 Y114.018 E194.16233
G1 F478.1 X105.998 Y113.364 E194.21712
G1 F479 X106.053 Y112.71 E194.2718
G1 F476.2 X106.22 Y112.067 E194.32748
G1 F474.3 X106.484 Y111.461 E194.3831
G1 F480 X106.644 Y111.203 E194.40835
G1 F479 X106.845 Y110.909 E194.43802
G1 X107.107 Y110.616 E194.47077
G1 F480 X107.296 Y110.423 E194.49323
G1 F474.3 X107.811 Y110.017 E194.54841
G1 F478.1 X108.387 Y109.706 E194.60306
G1 F480 X109.015 Y109.488 E194.65833
G1 F478.1 X109.669 Y109.379 E194.71369
G1 F476.2 X110.327 Y109.381 E194.76884
G1 F480 X110.586 Y109.418 E194.79059
G1 X110.981 Y109.49 E194.82398
G1 F481.9 X111.306 Y109.596 E194.85229
G1 X111.61 Y109.708 E194.87912
G1 F475.2 X112.139 Y109.981 E194.92911
G1 F476.2 X112.704 Y110.422 E194.98919
G1 F478.1 X113.154 Y110.907 E195.04442
G1 F479 X113.514 Y111.46 E195.0994
G1 F477.1 X113.777 Y112.066 E195.15465
G1 F474.3 X113.941 Y112.71 E195.21058
G1 F480 X113.971 Y112.997 E195.23457
G1 X113.994 Y113.364 E195.26515
G1 F473.4 X113.941 Y114.018 E195.32047
G1 F475.2 X113.777 Y114.666 E195.3766
G1 F478.1 X113.515 Y115.268 E195.43141
G1 F481 X113.155 Y115.818 E195.48596
G1 F480 X112.705 Y116.307 E195.54122
G1 F476.2 X112.181 Y116.711 E195.59668
G1 F480 X111.943 Y116.847 E195.61947
G1 X111.61 Y117.02 E195.65067
G1 X111.35 Y117.117 E195.67375
G1 X110.981 Y117.238 E195.70604
G1 X110.586 Y117.31 E195.73942
G1 X110.327 Y117.347 E195.76118
G1 F474.3 X110 Y117.348 E195.7887
G0 F12000 X110 Y116.853
G1 F485.8 X110.45 Y116.836 E195.82569
G1 F480 X110.86 Y116.746 E195.86059
G1 X111.122 Y116.676 E195.88314
G1 X111.403 Y116.558 E195.90848
G1 X111.778 Y116.379 E195.94304
G1 F485.8 X112.285 Y116.012 E195.99445
G1 F483.9 X112.755 Y115.521 E196.05052
G1 F481.9 X113.098 Y114.987 E196.10308
G1 X113.344 Y114.395 E196.15617
G1 F484.8 X113.475 Y113.773 E196.2085
G1 F480 X113.485 Y113.364 E196.24252
G1 F478.1 X113.476 Y113.009 E196.27216
G1 F485.8 X113.356 Y112.386 E196.32429
G1 F483.9 X113.098 Y111.74 E196.38166
G1 F480 X112.754 Y111.208 E196.43434
G1 X112.305 Y110.735 E196.48857
G1 F481.9 X111.791 Y110.354 E196.54156
G1 F480 X111.404 Y110.169 E196.57722
G1 F481.9 X111.145 Y110.059 E196.60053
G1 X110.859 Y109.982 E196.62506
G1 F480 X110.446 Y109.891 E196.66022
G1 F483.9 X109.807 Y109.87 E196.71296
G1 F480 X109.154 Y109.969 E196.76788
G1 X108.567 Y110.172 E196.81952
G1 F481 X107.986 Y110.504 E196.87505
G1 F481.9 X107.503 Y110.908 E196.9272
G1 F478.1 X107.244 Y111.223 E196.96125
G1 X107.069 Y111.455 E196.98551
G1 F479 X106.933 Y111.697 E197.00864
G1 F477.1 X106.736 Y112.095 E197.04578
G1 F479 X106.556 Y112.733 E197.10101
G1 X106.5 Y113.389 E197.15587
G1 F481.9 X106.567 Y114.038 E197.2099
G1 F483.9 X106.757 Y114.676 E197.26481
G1 F485.8 X107.01 Y115.192 E197.31202
G1 F480 X107.242 Y115.505 E197.34442
G1 X107.496 Y115.813 E197.37762
G1 F483.9 X107.999 Y116.238 E197.43193
G1 F481.9 X108.568 Y116.557 E197.48596
G1 F480 X109.151 Y116.757 E197.53721
G1 F481 X109.798 Y116.861 E197.59159
G1 F484.8 X110 Y116.853 E197.60823
;MESH:NONMESH
G0 F300 X110 Y116.853 Z7.19
G0 F12000 X110 Y117.348
;TIME_ELAPSED:149.027126
;LAYER:13
;note -- min layer time used
;TYPE:WALL-OUTER
;MESH:barrel_short.obj
G1 F477.1 X109.673 Y117.349 E197.63558
G1 F478.1 X109.018 Y117.24 E197.69102
G1 F480 X108.389 Y117.022 E197.74637
G1 F478.1 X107.814 Y116.712 E197.8009
G1 F475.2 X107.253 Y116.274 E197.86068
G1 F474.3 X106.844 Y115.816 E197.91235
G1 F481.9 X106.648 Y115.53 E197.94106
G1 X106.484 Y115.267 E197.96673
G1 F480 X106.316 Y114.899 E198.00037
G1 X106.22 Y114.665 E198.0214
G1 F475.2 X106.053 Y114.018 E198.07751
G1 F478.1 X105.998 Y113.364 E198.13231
G1 F479 X106.053 Y112.71 E198.18699
G1 F476.2 X106.22 Y112.067 E198.24267
G1 F474.3 X106.484 Y111.461 E198.29829
G1 F480 X106.644 Y111.203 E198.32353
G1 F479 X106.845 Y110.909 E198.35321
G1 X107.107 Y110.616 E198.38595
G1 F480 X107.296 Y110.423 E198.40842
G1 F474.3 X107.811 Y110.017 E198.4636
G1 F478.1 X108.387 Y109.706 E198.51825
G1 F480 X109.015 Y109.488 E198.57352
G1 F478.1 X109.669 Y109.379 E198.62887
G1 F476.2 X110.327 Y109.381 E198.68402
G1 F480 X110.586 Y109.418 E198.70578
G1 X110.981 Y109.49 E198.73916
G1 F481.9 X111.306 Y109.596 E198.76748
G1 X111.61 Y109.708 E198.79431
G1 F475.2 X112.139 Y109.981 E198.8443
G1 F476.2 X112.704 Y110.422 E198.90437
G1 F478.1 X113.154 Y110.907 E198.95961
G1 F479 X113.514 Y111.46 E199.01458
G1 F477.1 X113.777 Y112.066 E199.06984
G1 F474.3 X113.941 Y112.71 E199.12576
G1 F480 X113.971 Y112.997 E199.14976
G1 X113.994 Y113.364 E199.18033
G1 F473.4 X113.941 Y114.018 E199.23566
G1 F475.2 X113.777 Y114.666 E199.29179
G1 F478.1 X113.515 Y115.268 E199.3466
G1 F481 X113.155 Y115.818 E199.40115
G1 F480 X112.705 Y116.307 E199.45641
G1 F476.2 X112.181 Y116.711 E199.51187
G1 F480 X111.943 Y116.847 E199.53466
G1 X111.61 Y117.02 E199.56586
G1 X111.35 Y117.117 E199.58894
G1 X110.981 Y117.238 E199.62123
G1 X110.586 Y117.31 E199.65461
G1 X110.327 Y117.347 E199.67637
G1 F474.3 X110 Y117.348 E199.70388
G0 F12000 X110 Y116.853
G1 F485.8 X110.45 Y116.836 E199.74088
G1 F480 X110.86 Y116.746 E199.77578
G1 X111.122 Y116.676 E199.79833
G1 X111.403 Y116.558 E199.82367
G1 X111.778 Y116.379 E199.85822
G1 F485.8 X112.285 Y116.012 E199.90964
G1 F483.9 X112.755 Y115.521 E199.96571
G1 F481.9 X113.098 Y114.987 E200.01827
G1 X113.344 Y114.395 E200.07136
G1 F484.8 X113.475 Y113.773 E200.12369
G1 F480 X113.485 Y113.364 E200.15771
G1 F478.1 X113.476 Y113.009 E200.18735
G1 F485.8 X113.356 Y112.386 E200.23947
G1 F483.9 X113.098 Y111.74 E200.29685
G1 F480 X112.754 Y111.208 E200.34953
G1 X112.305 Y110.735 E200.40376
G1 F481.9 X111.791 Y110.354 E200.45675
G1 F480 X111.404 Y110.169 E200.49241
G1 F481.9 X111.145 Y110.059 E200.51572
G1 X110.859 Y109.982 E200.54025
G1 F480 X110.446 Y109.891 E200.57541
G1 F483.9 X109.807 Y109.87 E200.62815
G1 F480 X109.154 Y109.969 E200.68306
G1 X108.567 Y110.172 E200.73471
G1 F481 X107.986 Y110.504 E200.79024
G1 F481.9 X107.503 Y110.908 E200.84239
G1 F478.1 X107.244 Y111.223 E200.87643
G1 X107.069 Y111.455 E200.90069
G1 F479 X106.933 Y111.697 E200.92382
G1 F477.1 X106.736 Y112.095 E200.96097
G1 F479 X106.556 Y112.733 E201.0162
G1 X106.5 Y113.389 E201.07106
G1 F481.9 X106.567 Y114.038 E201.12509
G1 F483.9 X106.757 Y114.676 E201.18
G1 F485.8 X107.01 Y115.192 E201.22721
G1 F480 X107.242 Y115.505 E201.25961
G1 X107.496 Y115.813 E201.2928
G1 F483.9 X107.999 Y116.238 E201.34712
G1 F481.9 X108.568 Y116.557 E201.40114
G1 F480 X109.151 Y116.757 E201.45239
G1 F481 X109.798 Y116.861 E201.50677
G1 F484.8 X110 Y116.853 E201.52342
;MESH:NONMESH
G0 F300 X110 Y116.853 Z7.59
G0 F12000 X110 Y117.348
;TIME_ELAPSED:155.134294
;LAYER:14
;note -- min layer time used
;TYPE:WALL-OUTER
;MESH:barrel_short.obj
G1 F477.1 X109.673 Y117.349 E201.55077
G1 F478.1 X109.018 Y117.24 E201.6062
G1 F480 X108.389 Y117.022 E201.66156
G1 F478.1 X107.814 Y116.712 E201.71609
G1 F475.2 X107.253 Y116.274 E201.77586
G1 F474.3 X106.844 Y115.816 E201.82753
G1 F481.9 X106.648 Y115.53 E201.85625
G1 X106.484 Y115.267 E201.88192
G1 F480 X106.316 Y114.899 E201.91555
G1 X106.22 Y114.665 E201.93659
G1 F475.2 X106.053 Y114.018 E201.9927
G1 F478.1 X105.998 Y113.364 E202.04749
G1 F479 X106.053 Y112.71 E202.10217
G1 F476.2 X106.22 Y112.067 E202.15786
G1 F474.3 X106.484 Y111.461 E202.21348
G1 F480 X106.644 Y111.203 E202.23872
G1 F479 X106.845 Y110.909 E202.26839
G1 X107.107 Y110.616 E202.30114
G1 F480 X107.296 Y110.423 E202.3236
G1 F474.3 X107.811 Y110.017 E202.37879
G1 F478.1 X108.387 Y109.706 E202.43343
G1 F480 X109.015 Y109.488 E202.48871
G1 F478.1 X109.669 Y109.379 E202.54406
G1 F476.2 X110.327 Y109.381 E202.59921
G1 F480 X110.586 Y109.418 E202.62097
G1 X110.981 Y109.49 E202.65435
G1 F481.9 X111.306 Y109.596 E202.68266
G1 X111.61 Y109.708 E202.70949
G1 F475.2 X112.139 Y109.981 E202.75949
G1 F476.2 X112.704 Y110.422 E202.81956
G1 F478.1 X113.154 Y110.907 E202.87479
G1 F479 X113.514 Y111.46 E202.92977
G1 F477.1 X113.777 Y112.066 E202.98503
G1 F474.3 X113.941 Y112.71 E203.04095
G1 F480 X113.971 Y112.997 E203.06495
G1 X113.994 Y113.364 E203.09552
G1 F473.4 X113.941 Y114.018 E203.15084
G1 F475.2 X113.777 Y114.666 E203.20698
G1 F478.1 X113.515 Y115.268 E203.26179
G1 F481 X113.155 Y115.818 E203.31634
G1 F480 X112.705 Y116.307 E203.3716
G1 F476.2 X112.181 Y116.711 E203.42705
G1 F480 X111.943 Y116.847 E203.44985
G1 X111.61 Y117.02 E203.48105
G1 X111.35 Y117.117 E203.50412
G1 X110.981 Y117.238 E203.53641
G1 X110.586 Y117.31 E203.5698
G1 X110.327 Y117.347 E203.59155
G1 F474.3 X110 Y117.348 E203.61907
G0 F12000 X110 Y116.853
G1 F485.8 X110.45 Y116.836 E203.65607
G1 F480 X110.86 Y116.746 E203.69097
G1 X111.122 Y116.676 E203.71352
G1 X111.403 Y116.558 E203.73886
G1 X111.778 Y116.379 E203.77341
G1 F485.8 X112.285 Y116.012 E203.82483
G1 F483.9 X112.755 Y115.521 E203.88089
G1 F481.9 X113.098 Y114.987 E203.93346
G1 X113.344 Y114.395 E203.98655
G1 F484.8 X113.475 Y113.773 E204.03887
G1 F480 X113.485 Y113.364 E204.07289
G1 F478.1 X113.476 Y113.009 E204.10254
G1 F485.8 X113.356 Y112.386 E204.15466
G1 F483.9 X113.098 Y111.74 E204.21204
G1 F480 X112.754 Y111.208 E204.26472
G1 X112.305 Y110.735 E204.31895
G1 F481.9 X111.791 Y110.354 E204.37193
G1 F480 X111.404 Y110.169 E204.4076
G1 F481.9 X111.145 Y110.059 E204.4309
G1 X110.859 Y109.982 E204.45543
G1 F480 X110.446 Y109.891 E204.4906
G1 F483.9 X109.807 Y109.87 E204.54333
G1 F480 X109.154 Y109.969 E204.59825
G1 X108.567 Y110.172 E204.6499
G1 F481 X107.986 Y110.504 E204.70543
G1 F481.9 X107.503 Y110.908 E204.75758
G1 F478.1 X107.244 Y111.223 E204.79162
G1 X107.069 Y111.455 E204.81588
G1 F479 X106.933 Y111.697 E204.83901
G1 F477.1 X106.736 Y112.095 E204.87616
G1 F479 X106.556 Y112.733 E204.93139
G1 X106.5 Y113.389 E204.98624
G1 F481.9 X106.567 Y114.038 E205.04028
G1 F483.9 X106.757 Y114.676 E205.09519
G1 F485.8 X107.01 Y115.192 E205.1424
G1 F480 X107.242 Y115.505 E205.1748
G1 X107.496 Y115.813 E205.20799
G1 F483.9 X107.999 Y116.238 E205.26231
G1 F481.9 X108.568 Y116.557 E205.31633
G1 F480 X109.151 Y116.757 E205.36758
G1 F481 X109.798 Y116.861 E205.42196
G1 F484.8 X110 Y116.853 E205.4386
;MESH:NONMESH
G0 F300 X110 Y116.853 Z7.99
G0 F12000 X110 Y117.348
;TIME_ELAPSED:161.241461
;LAYER:15
;note -- min layer time used
;TYPE:WALL-OUTER
;MESH:barrel_short.obj
G1 F477.1 X109.673 Y117.349 E205.46596
G1 F478.1 X109.018 Y117.24 E205.52139
G1 F480 X108.389 Y117.022 E205.57674
G1 F478.1 X107.814 Y116.712 E205.63128
G1 F475.2 X107.253 Y116.274 E205.69105
G1 F474.3 X106.844 Y115.816 E205.74272
G1 F481.9 X106.648 Y115.53 E205.77144
G1 X106.484 Y115.267 E205.7971
G1 F480 X106.316 Y114.899 E205.83074
G1 X106.22 Y114.665 E205.85177
G1 F475.2 X106.053 Y114.018 E205.90789
G1 F478.1 X105.998 Y113.364 E205.96268
G1 F479 X106.053 Y112.71 E206.01736
G1 F476.2 X106.22 Y112.067 E206.07304
G1 F474.3 X106.484 Y111.461 E206.12867
G1 F480 X106.644 Y111.203 E206.15391
G1 F479 X106.845 Y110.909 E206.18358
G1 X107.107 Y110.616 E206.21633
G1 F480 X107.296 Y110.423 E206.23879
G1 F474.3 X107.811 Y110.017 E206.29397
G1 F478.1 X108.387 Y109.706 E206.34862
G1 F480 X109.015 Y109.488 E206.4039
G1 F478.1 X109.669 Y109.379 E206.45925
G1 F476.2 X110.327 Y109.381 E206.5144
G1 F480 X110.586 Y109.418 E206.53615
G1 X110.981 Y109.49 E206.56954
G1 F481.9 X111.306 Y109.596 E206.59785
G1 X111.61 Y109.708 E206.62468
G1 F475.2 X112.139 Y109.981 E206.67467
G1 F476.2 X112.704 Y110.422 E206.73475
G1 F478.1 X113.154 Y110.907 E206.78998
G1 F479 X113.514 Y111.46 E206.84496
G1 F477.1 X113.777 Y112.066 E206.90022
G1 F474.3 X113.941 Y112.71 E206.95614
G1 F480 X113.971 Y112.997 E206.98013
G1 X113.994 Y113.364 E207.01071
G1 F473.4 X113.941 Y114.018 E207.06603
G1 F475.2 X113.777 Y114.666 E207.12217
G1 F478.1 X113.515 Y115.268 E207.17698
G1 F481 X113.155 Y115.818 E207.23153
G1 F480 X112.705 Y116.307 E207.28678
G1 F476.2 X112.181 Y116.711 E207.34224
G1 F480 X111.943 Y116.847 E207.36503
G1 X111.61 Y117.02 E207.39624
G1 X111.35 Y117.117 E207.41931
G1 X110.981 Y117.238 E207.4516
G1 X110.586 Y117.31 E207.48499
G1 X110.327 Y117.347 E207.50674
G1 F474.3 X110 Y117.348 E207.53426
G0 F12000 X110 Y116.853
G1 F485.8 X110.45 Y116.836 E207.57125
G1 F480 X110.86 Y116.746 E207.60616
G1 X111.122 Y116.676 E207.62871
G1 X111.403 Y116.558 E207.65405
G1 X111.778 Y116.379 E207.6886
G1 F485.8 X112.285 Y116.012 E207.74002
G1 F483.9 X112.755 Y115.521 E207.79608
G1 F481.9 X113.098 Y114.987 E207.84864
G1 X113.344 Y114.395 E207.90174
G1 F484.8 X113.475 Y113.773 E207.95406
G1 F480 X113.485 Y113.364 E207.98808
G1 F478.1 X113.476 Y113.009 E208.01773
G1 F485.8 X113.356 Y112.386 E208.06985
G1 F483.9 X113.098 Y111.74 E208.12723
G1 F480 X112.754 Y111.208 E208.1799
G1 X112.305 Y110.735 E208.23413
G1 F481.9 X111.791 Y110.354 E208.28712
G1 F480 X111.404 Y110.169 E208.32279
G1 F481.9 X111.145 Y110.059 E208.34609
G1 X110.859 Y109.982 E208.37062
G1 F480 X110.446 Y109.891 E208.40579
G1 F483.9 X109.807 Y109.87 E208.45852
G1 F480 X109.154 Y109.969 E208.51344
G1 X108.567 Y110.172 E208.56509
G1 F481 X107.986 Y110.504 E208.62062
G1 F481.9 X107.503 Y110.908 E208.67276
G1 F478.1 X107.244 Y111.223 E208.70681
G1 X107.069 Y111.455 E208.73107
G1 F479 X106.933 Y111.697 E208.7542
G1 F477.1 X106.736 Y112.095 E208.79135
G1 F479 X106.556 Y112.733 E208.84658
G1 X106.5 Y113.389 E208.90143
G1 F481.9 X106.567 Y114.038 E208.95547
G1 F483.9 X106.757 Y114.676 E209.01038
G1 F485.8 X107.01 Y115.192 E209.05759
G1 F480 X107.242 Y115.505 E209.08998
G1 X107.496 Y115.813 E209.12318
G1 F483.9 X107.999 Y116.238 E209.1775
G1 F481.9 X108.568 Y116.557 E209.23152
G1 F480 X109.151 Y116.757 E209.28277
G1 F481 X109.798 Y116.861 E209.33715
G1 F484.8 X110 Y116.853 E209.35379
;MESH:NONMESH
G0 F300 X110 Y116.853 Z8.39
G0 F12000 X110 Y117.348
;TIME_ELAPSED:167.348629
;LAYER:16
;note -- min layer time used
;TYPE:WALL-OUTER
;MESH:barrel_short.obj
G1 F477.1 X109.673 Y117.349 E209.38114
G1 F478.1 X109.018 Y117.24 E209.43658
G1 F480 X108.389 Y117.022 E209.49193
G1 F478.1 X107.814 Y116.712 E209.54647
G1 F475.2 X107.253 Y116.274 E209.60624
G1 F474.3 X106.844 Y115.816 E209.65791
G1 F481.9 X106.648 Y115.53 E209.68662
G1 X106.484 Y115.267 E209.71229
G1 F480 X106.316 Y114.899 E209.74593
G1 X106.22 Y114.665 E209.76696
G1 F475.2 X106.053 Y114.018 E209.82308
G1 F478.1 X105.998 Y113.364 E209.87787
G1 F479 X106.053 Y112.71 E209.93255
G1 F476.2 X106.22 Y112.067 E209.98823
G1 F474.3 X106.484 Y111.461 E210.04385
G1 F480 X106.644 Y111.203 E210.0691
G1 F479 X106.845 Y110.909 E210.09877
G1 X107.107 Y110.616 E210.13152
G1 F480 X107.296 Y110.423 E210.15398
G1 F474.3 X107.811 Y110.017 E210.20916
G1 F478.1 X108.387 Y109.706 E210.26381
G1 F480 X109.015 Y109.488 E210.31908
G1 F478.1 X109.669 Y109.379 E210.37444
G1 F476.2 X110.327 Y109.381 E210.42959
G1 F480 X110.586 Y109.418 E210.45134
G1 X110.981 Y109.49 E210.48473
G1 F481.9 X111.306 Y109.596 E210.51304
G1 X111.61 Y109.708 E210.53987
G1 F475.2 X112.139 Y109.981 E210.58986
G1 F476.2 X112.704 Y110.422 E210.64994
G1 F478.1 X113.154 Y110.907 E210.70517
G1 F479 X113.514 Y111.46 E210.76015
G1 F477.1 X113.777 Y112.066 E210.81541
G1 F474.3 X113.941 Y112.71 E210.87133
G1 F480 X113.971 Y112.997 E210.89532
G1 X113.994 Y113.364 E210.9259
G1 F473.4 X113.941 Y114.018 E210.98122
G1 F475.2 X113.777 Y114.666 E211.03735
G1 F478.1 X113.515 Y115.268 E211.09216
G1 F481 X113.155 Y115.818 E211.14671
G1 F480 X112.705 Y116.307 E211.20197
G1 F476.2 X112.181 Y116.711 E211.25743
G1 F480 X111.943 Y116.847 E211.28022
G1 X111.61 Y117.02 E211.31142
G1 X111.35 Y117.117 E211.3345
G1 X110.981 Y117.238 E211.36679
G1 X110.586 Y117.31 E211.40017
G1 X110.327 Y117.347 E211.42193
G1 F474.3 X110 Y117.348 E211.44945
G0 F12000 X110 Y116.853
G1 F485.8 X110.45 Y116.836 E211.48644
G1 F480 X110.86 Y116.746 E211.52134
G1 X111.122 Y116.676 E211.54389
G1 X111.403 Y116.558 E211.56924
G1 X111.778 Y116.379 E211.60379
G1 F485.8 X112.285 Y116.012 E211.65521
G1 F483.9 X112.755 Y115.521 E211.71127
G1 F481.9 X113.098 Y114.987 E211.76383
G1 X113.344 Y114.395 E211.81692
G1 F484.8 X113.475 Y113.773 E211.86925
G1 F480 X113.485 Y113.364 E211.90327
G1 F478.1 X113.476 Y113.009 E211.93291
G1 F485.8 X113.356 Y112.386 E211.98504
G1 F483.9 X113.098 Y111.74 E212.04241
G1 F480 X112.754 Y111.208 E212.09509
G1 X112.305 Y110.735 E212.14932
G1 F481.9 X111.791 Y110.354 E212.20231
G1 F480 X111.404 Y110.169 E212.23798
G1 F481.9 X111.145 Y110.059 E212.26128
G1 X110.859 Y109.982 E212.28581
G1 F480 X110.446 Y109.891 E212.32097
G1 F483.9 X109.807 Y109.87 E212.37371
G1 F480 X109.154 Y109.969 E212.42863
G1 X108.567 Y110.172 E212.48027
G1 F481 X107.986 Y110.504 E212.5358
G1 F481.9 X107.503 Y110.908 E212.58795
G1 F478.1 X107.244 Y111.223 E212.622
G1 X107.069 Y111.455 E212.64626
G1 F479 X106.933 Y111.697 E212.66939
G1 F478.1 X106.736 Y112.095 E212.70646
G1 F482.9 X106.556 Y112.732 E212.76117
G1 F481.9 X106.499 Y113.364 E212.81372
G1 F481 X106.559 Y114.001 E212.86682
G1 F481.9 X106.736 Y114.633 E212.92117
G1 F483.9 X107.01 Y115.192 E212.97252
G1 F480 X107.242 Y115.505 E213.00492
G1 X107.496 Y115.813 E213.03811
G1 F483.9 X107.999 Y116.238 E213.09243
G1 F481.9 X108.568 Y116.557 E213.14646
G1 F480 X109.151 Y116.757 E213.19771
G1 F481 X109.798 Y116.861 E213.25209
G1 F484.8 X110 Y116.853 E213.26873
;MESH:NONMESH
G0 F300 X110 Y116.853 Z8.79
G0 F12000 X110 Y117.348
;TIME_ELAPSED:173.455418
;LAYER:17
;note -- min layer time used
;TYPE:WALL-OUTER
;MESH:barrel_short.obj
G1 F477.1 X109.673 Y117.349 E213.29608
G1 F478.1 X109.018 Y117.24 E213.35151
G1 F480 X108.389 Y117.022 E213.40687
G1 F478.1 X107.814 Y116.712 E213.4614
G1 F475.2 X107.253 Y116.274 E213.52117
G1 F474.3 X106.844 Y115.816 E213.57284
G1 F481.9 X106.648 Y115.53 E213.60156
G1 X106.484 Y115.267 E213.62723
G1 F480 X106.316 Y114.899 E213.66087
G1 X106.22 Y114.665 E213.6819
G1 F475.2 X106.053 Y114.018 E213.73801
G1 F478.1 X105.998 Y113.364 E213.7928
G1 F479 X106.053 Y112.71 E213.84749
G1 F476.2 X106.22 Y112.067 E213.90317
G1 F474.3 X106.484 Y111.461 E213.95879
G1 F480 X106.644 Y111.203 E213.98403
G1 F479 X106.845 Y110.909 E214.0137
G1 X107.107 Y110.616 E214.04645
G1 F480 X107.296 Y110.423 E214.06891
G1 F474.3 X107.811 Y110.017 E214.1241
G1 F478.1 X108.387 Y109.706 E214.17875
G1 F480 X109.015 Y109.488 E214.23402
G1 F478.1 X109.669 Y109.379 E214.28937
G1 F476.2 X110.327 Y109.381 E214.34452
G1 F480 X110.586 Y109.418 E214.36628
G1 X110.981 Y109.49 E214.39966
G1 F481.9 X111.306 Y109.596 E214.42797
G1 X111.61 Y109.708 E214.4548
G1 F475.2 X112.139 Y109.981 E214.5048
G1 F476.2 X112.704 Y110.422 E214.56487
G1 F478.1 X113.154 Y110.907 E214.6201
G1 F479 X113.514 Y111.46 E214.67508
G1 F477.1 X113.777 Y112.066 E214.73034
G1 F474.3 X113.941 Y112.71 E214.78626
G1 F480 X113.971 Y112.997 E214.81026
G1 X113.994 Y113.364 E214.84083
G1 F473.4 X113.941 Y114.018 E214.89615
G1 F475.2 X113.777 Y114.666 E214.95229
G1 F478.1 X113.515 Y115.268 E215.0071
G1 F481 X113.155 Y115.818 E215.06165
G1 F480 X112.705 Y116.307 E215.11691
G1 F476.2 X112.181 Y116.711 E215.17236
G1 F480 X111.943 Y116.847 E215.19516
G1 X111.61 Y117.02 E215.22636
G1 X111.35 Y117.117 E215.24943
G1 X110.981 Y117.238 E215.28172
G1 X110.586 Y117.31 E215.31511
G1 X110.327 Y117.347 E215.33686
G1 F474.3 X110 Y117.348 E215.36438
G0 F12000 X110 Y116.853
G1 F485.8 X110.45 Y116.836 E215.40138
G1 F480 X110.86 Y116.746 E215.43628
G1 X111.122 Y116.676 E215.45883
G1 X111.403 Y116.558 E215.48417
G1 X111.778 Y116.379 E215.51872
G1 F485.8 X112.285 Y116.012 E215.57014
G1 F483.9 X112.755 Y115.521 E215.62621
G1 F481.9 X113.098 Y114.987 E215.67877
G1 X113.344 Y114.395 E215.73186
G1 F484.8 X113.475 Y113.773 E215.78419
G1 F480 X113.485 Y113.364 E215.8182
G1 F478.1 X113.476 Y113.009 E215.84785
G1 F485.8 X113.356 Y112.386 E215.89997
G1 F483.9 X113.098 Y111.74 E215.95735
G1 F480 X112.754 Y111.208 E216.01003
G1 X112.305 Y110.735 E216.06426
G1 F481.9 X111.791 Y110.354 E216.11724
G1 F480 X111.404 Y110.169 E216.15291
G1 F481.9 X111.145 Y110.059 E216.17622
G1 X110.859 Y109.982 E216.20074
G1 F480 X110.446 Y109.891 E216.23591
G1 F483.9 X109.807 Y109.87 E216.28865
G1 F480 X109.154 Y109.969 E216.34356
G1 X108.567 Y110.172 E216.39521
G1 F481 X107.986 Y110.504 E216.45074
G1 F481.9 X107.503 Y110.908 E216.50289
G1 F478.1 X107.244 Y111.223 E216.53693
G1 X107.069 Y111.455 E216.56119
G1 F479 X106.933 Y111.697 E216.58432
G1 F477.1 X106.736 Y112.095 E216.62147
G1 F479 X106.556 Y112.733 E216.6767
G1 X106.5 Y113.389 E216.73155
G1 F481.9 X106.567 Y114.038 E216.78559
G1 F483.9 X106.757 Y114.676 E216.8405
G1 F485.8 X107.01 Y115.192 E216.88771
G1 F480 X107.242 Y115.505 E216.92011
G1 X107.496 Y115.813 E216.9533
G1 F483.9 X107.999 Y116.238 E217.00762
G1 F481.9 X108.568 Y116.557 E217.06164
G1 F480 X109.151 Y116.757 E217.11289
G1 F481 X109.798 Y116.861 E217.16727
G1 F484.8 X110 Y116.853 E217.18391
;MESH:NONMESH
G0 F300 X110 Y116.853 Z9.19
G0 F12000 X110 Y117.348
;TIME_ELAPSED:179.562586
;LAYER:18
;note -- min layer time used
;TYPE:WALL-OUTER
;MESH:barrel_short.obj
G1 F477.1 X109.673 Y117.349 E217.21127
G1 F478.1 X109.018 Y117.24 E217.2667
G1 F480 X108.389 Y117.022 E217.32205
G1 F478.1 X107.814 Y116.712 E217.37659
G1 F475.2 X107.253 Y116.274 E217.43636
G1 F474.3 X106.844 Y115.816 E217.48803
G1 F481.9 X106.648 Y115.53 E217.51675
G1 X106.484 Y115.267 E217.54242
G1 F480 X106.316 Y114.899 E217.57605
G1 X106.22 Y114.665 E217.59708
G1 F475.2 X106.053 Y114.018 E217.6532
G1 F478.1 X105.998 Y113.364 E217.70799
G1 F479 X106.053 Y112.71 E217.76267
G1 F476.2 X106.22 Y112.067 E217.81835
G1 F474.3 X106.484 Y111.461 E217.87398
G1 F480 X106.644 Y111.203 E217.89922
G1 F479 X106.845 Y110.909 E217.92889
G1 X107.107 Y110.616 E217.96164
G1 F480 X107.296 Y110.423 E217.9841
G1 F474.3 X107.811 Y110.017 E218.03929
G1 F478.1 X108.387 Y109.706 E218.09393
G1 F480 X109.015 Y109.488 E218.14921
G1 F478.1 X109.669 Y109.379 E218.20456
G1 F476.2 X110.327 Y109.381 E218.25971
G1 F480 X110.586 Y109.418 E218.28146
G1 X110.981 Y109.49 E218.31485
G1 F481.9 X111.306 Y109.596 E218.34316
G1 X111.61 Y109.708 E218.36999
G1 F475.2 X112.139 Y109.981 E218.41999
G1 F476.2 X112.704 Y110.422 E218.48006
G1 F478.1 X113.154 Y110.907 E218.53529
G1 F479 X113.514 Y111.46 E218.59027
G1 F477.1 X113.777 Y112.066 E218.64553
G1 F474.3 X113.941 Y112.71 E218.70145
G1 F480 X113.971 Y112.997 E218.72544
G1 X113.994 Y113.364 E218.75602
G1 F473.4 X113.941 Y114.018 E218.81134
G1 F475.2 X113.777 Y114.666 E218.86748
G1 F478.1 X113.515 Y115.268 E218.92229
G1 F481 X113.155 Y115.818 E218.97684
G1 F480 X112.705 Y116.307 E219.03209
G1 F476.2 X112.181 Y116.711 E219.08755
G1 F480 X111.943 Y116.847 E219.11034
G1 X111.61 Y117.02 E219.14155
G1 X111.35 Y117.117 E219.16462
G1 X110.981 Y117.238 E219.19691
G1 X110.586 Y117.31 E219.2303
G1 X110.327 Y117.347 E219.25205
G1 F474.3 X110 Y117.348 E219.27957
G0 F12000 X110 Y116.853
G1 F485.8 X110.45 Y116.836 E219.31656
G1 F480 X110.86 Y116.746 E219.35147
G1 X111.122 Y116.676 E219.37402
G1 X111.403 Y116.558 E219.39936
G1 X111.778 Y116.379 E219.43391
G1 F485.8 X112.285 Y116.012 E219.48533
G1 F483.9 X112.755 Y115.521 E219.54139
G1 F481.9 X113.098 Y114.987 E219.59395
G1 X113.344 Y114.395 E219.64705
G1 F484.8 X113.475 Y113.773 E219.69937
G1 F480 X113.485 Y113.364 E219.73339
G1 F478.1 X113.476 Y113.009 E219.76304
G1 F485.8 X113.356 Y112.386 E219.81516
G1 F483.9 X113.098 Y111.74 E219.87254
G1 F480 X112.754 Y111.208 E219.92522
G1 X112.305 Y110.735 E219.97944
G1 F481.9 X111.791 Y110.354 E220.03243
G1 F480 X111.404 Y110.169 E220.0681
G1 F481.9 X111.145 Y110.059 E220.0914
G1 X110.859 Y109.982 E220.11593
G1 F480 X110.446 Y109.891 E220.1511
G1 F483.9 X109.807 Y109.87 E220.20383
G1 F480 X109.154 Y109.969 E220.25875
G1 X108.567 Y110.172 E220.3104
G1 F481 X107.986 Y110.504 E220.36593
G1 F481.9 X107.503 Y110.908 E220.41808
G1 F478.1 X107.244 Y111.223 E220.45212
G1 X107.069 Y111.455 E220.47638
G1 F479 X106.933 Y111.697 E220.49951
G1 F478.1 X106.736 Y112.095 E220.53658
G1 F482.9 X106.556 Y112.732 E220.59129
G1 F481.9 X106.499 Y113.364 E220.64385
G1 X106.567 Y114.038 E220.69995
G1 F483.9 X106.757 Y114.676 E220.75486
G1 F485.8 X107.01 Y115.192 E220.80207
G1 F480 X107.242 Y115.505 E220.83447
G1 X107.496 Y115.813 E220.86766
G1 F483.9 X107.999 Y116.238 E220.92198
G1 F481.9 X108.568 Y116.557 E220.976
G1 F480 X109.151 Y116.757 E221.02725
G1 F481 X109.798 Y116.861 E221.08163
G1 F484.8 X110 Y116.853 E221.09827
;MESH:NONMESH
G0 F300 X110 Y116.853 Z9.59
G0 F12000 X110 Y117.348
;TIME_ELAPSED:185.668510
;LAYER:19
;note -- min layer time used
;TYPE:WALL-OUTER
;MESH:barrel_short.obj
G1 F477.1 X109.673 Y117.349 E221.12563
G1 F478.1 X109.018 Y117.24 E221.18106
G1 F480 X108.389 Y117.022 E221.23641
G1 F478.1 X107.814 Y116.712 E221.29095
G1 F475.2 X107.253 Y116.274 E221.35072
G1 F474.3 X106.844 Y115.816 E221.40239
G1 F481.9 X106.648 Y115.53 E221.43111
G1 X106.484 Y115.267 E221.45678
G1 F480 X106.316 Y114.899 E221.49041
G1 X106.22 Y114.665 E221.51144
G1 F475.2 X106.053 Y114.018 E221.56756
G1 F478.1 X105.998 Y113.364 E221.62235
G1 F479 X106.053 Y112.71 E221.67703
G1 F476.2 X106.22 Y112.067 E221.73271
G1 F474.3 X106.484 Y111.461 E221.78834
G1 F480 X106.644 Y111.203 E221.81358
G1 F479 X106.845 Y110.909 E221.84325
G1 X107.107 Y110.616 E221.876
G1 F480 X107.296 Y110.423 E221.89846
G1 F474.3 X107.811 Y110.017 E221.95365
G1 F478.1 X108.387 Y109.706 E222.00829
G1 F480 X109.015 Y109.488 E222.06357
G1 F478.1 X109.669 Y109.379 E222.11892
G1 F476.2 X110.327 Y109.381 E222.17407
G1 F480 X110.586 Y109.418 E222.19582
G1 X110.981 Y109.49 E222.22921
G1 F481.9 X111.306 Y109.596 E222.25752
G1 X111.61 Y109.708 E222.28435
G1 F475.2 X112.139 Y109.981 E222.33435
G1 F476.2 X112.704 Y110.422 E222.39442
G1 F478.1 X113.154 Y110.907 E222.44965
G1 F479 X113.514 Y111.46 E222.50463
G1 F477.1 X113.777 Y112.066 E222.55989
G1 F474.3 X113.941 Y112.71 E222.61581
G1 F480 X113.971 Y112.997 E222.6398
G1 X113.994 Y113.364 E222.67038
G1 F473.4 X113.941 Y114.018 E222.7257
G1 F475.2 X113.777 Y114.666 E222.78184
G1 F478.1 X113.515 Y115.268 E222.83665
G1 F481 X113.155 Y115.818 E222.8912
G1 F480 X112.705 Y116.307 E222.94645
G1 F476.2 X112.181 Y116.711 E223.00191
G1 F480 X111.943 Y116.847 E223.0247
G1 X111.61 Y117.02 E223.05591
G1 X111.35 Y117.117 E223.07898
G1 X110.981 Y117.238 E223.11127
G1 X110.586 Y117.31 E223.14466
G1 X110.327 Y117.347 E223.16641
G1 F474.3 X110 Y117.348 E223.19393
G0 F12000 X110 Y116.853
G1 F485.8 X110.45 Y116.836 E223.23092
G1 F480 X110.86 Y116.746 E223.26583
G1 X111.122 Y116.676 E223.28838
G1 X111.403 Y116.558 E223.31372
G1 X111.778 Y116.379 E223.34827
G1 F485.8 X112.285 Y116.012 E223.39969
G1 F483.9 X112.755 Y115.521 E223.45575
G1 F481.9 X113.098 Y114.987 E223.50831
G1 X113.344 Y114.395 E223.56141
G1 F484.8 X113.475 Y113.773 E223.61373
G1 F480 X113.485 Y113.364 E223.64775
G1 F478.1 X113.476 Y113.009 E223.6774
G1 F485.8 X113.356 Y112.386 E223.72952
G1 F483.9 X113.098 Y111.74 E223.7869
G1 F480 X112.754 Y111.208 E223.83958
G1 X112.305 Y110.735 E223.8938
G1 F481.9 X111.791 Y110.354 E223.94679
G1 F480 X111.404 Y110.169 E223.98246
G1 F481.9 X111.145 Y110.059 E224.00576
G1 X110.859 Y109.982 E224.03029
G1 F480 X110.446 Y109.891 E224.06546
G1 F483.9 X109.807 Y109.87 E224.11819
G1 F480 X109.154 Y109.969 E224.17311
G1 X108.567 Y110.172 E224.22476
G1 F481 X107.986 Y110.504 E224.28029
G1 F481.9 X107.503 Y110.908 E224.33244
G1 F478.1 X107.244 Y111.223 E224.36648
G1 X107.069 Y111.455 E224.39074
G1 F479 X106.933 Y111.697 E224.41387
G1 F477.1 X106.736 Y112.095 E224.45102
G1 F479 X106.556 Y112.733 E224.50625
G1 X106.5 Y113.389 E224.5611
G1 F481.9 X106.567 Y114.038 E224.61514
G1 F483.9 X106.757 Y114.676 E224.67005
G1 F485.8 X107.01 Y115.192 E224.71726
G1 F480 X107.242 Y115.505 E224.74965
G1 X107.496 Y115.813 E224.78285
G1 F483.9 X107.999 Y116.238 E224.83717
G1 F481.9 X108.568 Y116.557 E224.89119
G1 F480 X109.151 Y116.757 E224.94244
G1 F481 X109.798 Y116.861 E224.99682
G1 F484.8 X110 Y116.853 E225.01346
;MESH:NONMESH
G0 F300 X110 Y116.853 Z9.99
G0 F12000 X110 Y117.348
;TIME_ELAPSED:191.775678
;LAYER:20
;note -- min layer time used
;TYPE:WALL-OUTER
;MESH:barrel_short.obj
G1 F477.1 X109.673 Y117.349 E225.04082
G1 F478.1 X109.018 Y117.24 E225.09625
G1 F480 X108.389 Y117.022 E225.1516
G1 F478.1 X107.814 Y116.712 E225.20614
G1 F475.2 X107.253 Y116.274 E225.26591
G1 F474.3 X106.844 Y115.816 E225.31758
G1 F481.9 X106.648 Y115.53 E225.34629
G1 X106.484 Y115.267 E225.37196
G1 F480 X106.316 Y114.899 E225.4056
G1 X106.22 Y114.665 E225.42663
G1 F475.2 X106.053 Y114.018 E225.48275
G1 F478.1 X105.998 Y113.364 E225.53754
G1 F479 X106.053 Y112.71 E225.59222
G1 F476.2 X106.22 Y112.067 E225.6479
G1 F474.3 X106.484 Y111.461 E225.70352
G1 F480 X106.644 Y111.203 E225.72877
G1 F479 X106.845 Y110.909 E225.75844
G1 X107.107 Y110.616 E225.79119
G1 F480 X107.296 Y110.423 E225.81365
G1 F474.3 X107.811 Y110.017 E225.86883
G1 F478.1 X108.387 Y109.706 E225.92348
G1 F480 X109.015 Y109.488 E225.97876
G1 F478.1 X109.669 Y109.379 E226.03411
G1 F476.2 X110.327 Y109.381 E226.08926
G1 F480 X110.586 Y109.418 E226.11101
G1 X110.981 Y109.49 E226.1444
G1 F481.9 X111.306 Y109.596 E226.17271
G1 X111.61 Y109.708 E226.19954
G1 F475.2 X112.139 Y109.981 E226.24953
G1 F476.2 X112.704 Y110.422 E226.30961
G1 F478.1 X113.154 Y110.907 E226.36484
G1 F479 X113.514 Y111.46 E226.41982
G1 F477.1 X113.777 Y112.066 E226.47508
G1 F474.3 X113.941 Y112.71 E226.531
G1 F480 X113.971 Y112.997 E226.55499
G1 X113.994 Y113.364 E226.58557
G1 F473.4 X113.941 Y114.018 E226.64089
G1 F475.2 X113.777 Y114.666 E226.69703
G1 F478.1 X113.515 Y115.268 E226.75184
G1 F481 X113.155 Y115.818 E226.80639
G1 F480 X112.705 Y116.307 E226.86164
G1 F476.2 X112.181 Y116.711 E226.9171
G1 F480 X111.943 Y116.847 E226.93989
G1 X111.61 Y117.02 E226.9711
G1 X111.35 Y117.117 E226.99417
G1 X110.981 Y117.238 E227.02646
G1 X110.586 Y117.31 E227.05985
G1 X110.327 Y117.347 E227.0816
G1 F474.3 X110 Y117.348 E227.10912
G0 F12000 X110 Y116.853
G1 F485.8 X110.45 Y116.836 E227.14611
G1 F480 X110.86 Y116.746 E227.18101
G1 X111.122 Y116.676 E227.20356
G1 X111.403 Y116.558 E227.22891
G1 X111.778 Y116.379 E227.26346
G1 F485.8 X112.285 Y116.012 E227.31488
G1 F483.9 X112.755 Y115.521 E227.37094
G1 F481.9 X113.098 Y114.987 E227.4235
G1 X113.344 Y114.395 E227.4766
G1 F484.8 X113.475 Y113.773 E227.52892
G1 F480 X113.485 Y113.364 E227.56294
G1 F478.1 X113.476 Y113.009 E227.59259
G1 F485.8 X113.356 Y112.386 E227.64471
G1 F483.9 X113.098 Y111.74 E227.70208
G1 F480 X112.754 Y111.208 E227.75476
G1 X112.305 Y110.735 E227.80899
G1 F481.9 X111.791 Y110.354 E227.86198
G1 F480 X111.404 Y110.169 E227.89765
G1 F481.9 X111.145 Y110.059 E227.92095
G1 X110.859 Y109.982 E227.94548
G1 F480 X110.446 Y109.891 E227.98064
G1 F483.9 X109.807 Y109.87 E228.03338
G1 F480 X109.154 Y109.969 E228.0883
G1 X108.567 Y110.172 E228.13994
G1 F481 X107.986 Y110.504 E228.19547
G1 F481.9 X107.503 Y110.908 E228.24762
G1 F478.1 X107.244 Y111.223 E228.28167
G1 X107.069 Y111.455 E228.30593
G1 F479 X106.933 Y111.697 E228.32906
G1 F477.1 X106.736 Y112.095 E228.3662
G1 F479 X106.556 Y112.733 E228.42144
G1 X106.5 Y113.389 E228.47629
G1 F481.9 X106.567 Y114.038 E228.53032
G1 F483.9 X106.757 Y114.676 E228.58523
G1 F485.8 X107.01 Y115.192 E228.63245
G1 F480 X107.242 Y115.505 E228.66484
G1 X107.496 Y115.813 E228.69804
G1 F483.9 X107.999 Y116.238 E228.75235
G1 F481.9 X108.568 Y116.557 E228.80638
G1 F480 X109.151 Y116.757 E228.85763
G1 F481 X109.798 Y116.861 E228.91201
G1 F484.8 X110 Y116.853 E228.92865
;MESH:NONMESH
G0 F300 X110 Y116.853 Z10.39
G0 F12000 X110 Y117.348
;TIME_ELAPSED:197.882846
;LAYER:21
;note -- min layer time used
;TYPE:WALL-OUTER
;MESH:barrel_short.obj
G1 F477.1 X109.673 Y117.349 E228.956
G1 F478.1 X109.018 Y117.24 E229.01144
G1 F480 X108.389 Y117.022 E229.06679
G1 F478.1 X107.814 Y116.712 E229.12132
G1 F475.2 X107.253 Y116.274 E229.1811
G1 F474.3 X106.844 Y115.816 E229.23277
G1 F481.9 X106.648 Y115.53 E229.26148
G1 X106.484 Y115.267 E229.28715
G1 F480 X106.316 Y114.899 E229.32079
G1 X106.22 Y114.665 E229.34182
G1 F475.2 X106.053 Y114.018 E229.39794
G1 F478.1 X105.998 Y113.364 E229.45273
G1 F479 X106.053 Y112.71 E229.50741
G1 F476.2 X106.22 Y112.067 E229.56309
G1 F474.3 X106.484 Y111.461 E229.61871
G1 F480 X106.644 Y111.203 E229.64396
G1 F479 X106.845 Y110.909 E229.67363
G1 X107.107 Y110.616 E229.70638
G1 F480 X107.296 Y110.423 E229.72884
G1 F474.3 X107.811 Y110.017 E229.78402
G1 F478.1 X108.387 Y109.706 E229.83867
G1 F480 X109.015 Y109.488 E229.89394
G1 F478.1 X109.669 Y109.379 E229.94929
G1 F476.2 X110.327 Y109.381 E230.00445
G1 F480 X110.586 Y109.418 E230.0262
G1 X110.981 Y109.49 E230.05959
G1 F481.9 X111.306 Y109.596 E230.0879
G1 X111.61 Y109.708 E230.11473
G1 F475.2 X112.139 Y109.981 E230.16472
G1 F476.2 X112.704 Y110.422 E230.22479
G1 F478.1 X113.154 Y110.907 E230.28003
G1 F479 X113.514 Y111.46 E230.335
G1 F477.1 X113.777 Y112.066 E230.39026
G1 F474.3 X113.941 Y112.71 E230.44618
G1 F480 X113.971 Y112.997 E230.47018
G1 X113.994 Y113.364 E230.50076
G1 F473.4 X113.941 Y114.018 E230.55608
G1 F475.2 X113.777 Y114.666 E230.61221
G1 F478.1 X113.515 Y115.268 E230.66702
G1 F481 X113.155 Y115.818 E230.72157
G1 F480 X112.705 Y116.307 E230.77683
G1 F476.2 X112.181 Y116.711 E230.83229
G1 F480 X111.943 Y116.847 E230.85508
G1 X111.61 Y117.02 E230.88628
G1 X111.35 Y117.117 E230.90936
G1 X110.981 Y117.238 E230.94165
G1 X110.586 Y117.31 E230.97503
G1 X110.327 Y117.347 E230.99679
G1 F474.3 X110 Y117.348 E231.0243
G0 F12000 X110 Y116.853
G1 F485.8 X110.45 Y116.836 E231.0613
G1 F480 X110.86 Y116.746 E231.0962
G1 X111.122 Y116.676 E231.11875
G1 X111.403 Y116.558 E231.14409
G1 X111.778 Y116.379 E231.17865
G1 F485.8 X112.285 Y116.012 E231.23006
G1 F483.9 X112.755 Y115.521 E231.28613
G1 F481.9 X113.098 Y114.987 E231.33869
G1 X113.344 Y114.395 E231.39178
G1 F484.8 X113.475 Y113.773 E231.44411
G1 F480 X113.485 Y113.364 E231.47813
G1 F478.1 X113.476 Y113.009 E231.50777
G1 F485.8 X113.356 Y112.386 E231.55989
G1 F483.9 X113.098 Y111.74 E231.61727
G1 F480 X112.754 Y111.208 E231.66995
G1 X112.305 Y110.735 E231.72418
G1 F481.9 X111.791 Y110.354 E231.77717
G1 F480 X111.404 Y110.169 E231.81283
G1 F481.9 X111.145 Y110.059 E231.83614
G1 X110.859 Y109.982 E231.86067
G1 F480 X110.446 Y109.891 E231.89583
G1 F483.9 X109.807 Y109.87 E231.94857
G1 F480 X109.154 Y109.969 E232.00349
G1 X108.567 Y110.172 E232.05513
G1 F481 X107.986 Y110.504 E232.11066
G1 F481.9 X107.503 Y110.908 E232.16281
G1 F478.1 X107.244 Y111.223 E232.19686
G1 X107.069 Y111.455 E232.22112
G1 F479 X106.933 Y111.697 E232.24424
G1 F477.1 X106.736 Y112.095 E232.28139
G1 F479 X106.556 Y112.733 E232.33662
G1 X106.5 Y113.389 E232.39148
G1 F481.9 X106.567 Y114.038 E232.44551
G1 F483.9 X106.757 Y114.676 E232.50042
G1 F485.8 X107.01 Y115.192 E232.54763
G1 F480 X107.242 Y115.505 E232.58003
G1 X107.496 Y115.813 E232.61323
G1 F483.9 X107.999 Y116.238 E232.66754
G1 F481.9 X108.568 Y116.557 E232.72157
G1 F480 X109.151 Y116.757 E232.77282
G1 F481 X109.798 Y116.861 E232.8272
G1 F484.8 X110 Y116.853 E232.84384
;MESH:NONMESH
G0 F300 X110 Y116.853 Z10.79
G0 F12000 X110 Y117.348
;TIME_ELAPSED:203.990013
;LAYER:22
;note -- min layer time used
;TYPE:WALL-OUTER
;MESH:barrel_short.obj
G1 F477.1 X109.673 Y117.349 E232.87119
G1 F478.1 X109.018 Y117.24 E232.92662
G1 F480 X108.389 Y117.022 E232.98198
G1 F478.1 X107.814 Y116.712 E233.03651
G1 F475.2 X107.253 Y116.274 E233.09628
G1 F474.3 X106.844 Y115.816 E233.14796
G1 F481.9 X106.648 Y115.53 E233.17667
G1 X106.484 Y115.267 E233.20234
G1 F480 X106.316 Y114.899 E233.23598
G1 X106.22 Y114.665 E233.25701
G1 F475.2 X106.053 Y114.018 E233.31312
G1 F478.1 X105.998 Y113.364 E233.36791
G1 F479 X106.053 Y112.71 E233.4226
G1 F476.2 X106.22 Y112.067 E233.47828
G1 F474.3 X106.484 Y111.461 E233.5339
G1 F480 X106.644 Y111.203 E233.55914
G1 F479 X106.845 Y110.909 E233.58882
G1 X107.107 Y110.616 E233.62156
G1 F480 X107.296 Y110.423 E233.64402
G1 F474.3 X107.811 Y110.017 E233.69921
G1 F478.1 X108.387 Y109.706 E233.75386
G1 F480 X109.015 Y109.488 E233.80913
G1 F478.1 X109.669 Y109.379 E233.86448
G1 F476.2 X110.327 Y109.381 E233.91963
G1 F480 X110.586 Y109.418 E233.94139
G1 X110.981 Y109.49 E233.97477
G1 F481.9 X111.306 Y109.596 E234.00308
G1 X111.61 Y109.708 E234.02992
G1 F475.2 X112.139 Y109.981 E234.07991
G1 F476.2 X112.704 Y110.422 E234.13998
G1 F478.1 X113.154 Y110.907 E234.19522
G1 F479 X113.514 Y111.46 E234.25019
G1 F477.1 X113.777 Y112.066 E234.30545
G1 F474.3 X113.941 Y112.71 E234.36137
G1 F480 X113.971 Y112.997 E234.38537
G1 X113.994 Y113.364 E234.41594
G1 F473.4 X113.941 Y114.018 E234.47127
G1 F475.2 X113.777 Y114.666 E234.5274
G1 F478.1 X113.515 Y115.268 E234.58221
G1 F481 X113.155 Y115.818 E234.63676
G1 F480 X112.705 Y116.307 E234.69202
G1 F476.2 X112.181 Y116.711 E234.74747
G1 F480 X111.943 Y116.847 E234.77027
G1 X111.61 Y117.02 E234.80147
G1 X111.35 Y117.117 E234.82454
G1 X110.981 Y117.238 E234.85683
G1 X110.586 Y117.31 E234.89022
G1 X110.327 Y117.347 E234.91198
G1 F474.3 X110 Y117.348 E234.93949
G0 F12000 X110 Y116.853
G1 F485.8 X110.45 Y116.836 E234.97649
G1 F480 X110.86 Y116.746 E235.01139
G1 X111.122 Y116.676 E235.03394
G1 X111.403 Y116.558 E235.05928
G1 X111.778 Y116.379 E235.09383
G1 F485.8 X112.285 Y116.012 E235.14525
G1 F483.9 X112.755 Y115.521 E235.20132
G1 F481.9 X113.098 Y114.987 E235.25388
G1 X113.344 Y114.395 E235.30697
G1 F484.8 X113.475 Y113.773 E235.3593
G1 F480 X113.485 Y113.364 E235.39331
G1 F478.1 X113.476 Y113.009 E235.42296
G1 F485.8 X113.356 Y112.386 E235.47508
G1 F483.9 X113.098 Y111.74 E235.53246
G1 F480 X112.754 Y111.208 E235.58514
G1 X112.305 Y110.735 E235.63937
G1 F481.9 X111.791 Y110.354 E235.69235
G1 F480 X111.404 Y110.169 E235.72802
G1 F481.9 X111.145 Y110.059 E235.75133
G1 X110.859 Y109.982 E235.77585
G1 F480 X110.446 Y109.891 E235.81102
G1 F483.9 X109.807 Y109.87 E235.86376
G1 F480 X109.154 Y109.969 E235.91867
G1 X108.567 Y110.172 E235.97032
G1 F481 X107.986 Y110.504 E236.02585
G1 F481.9 X107.503 Y110.908 E236.078
G1 F478.1 X107.244 Y111.223 E236.11204
G1 X107.069 Y111.455 E236.1363
G1 F479 X106.933 Y111.697 E236.15943
G1 F477.1 X106.736 Y112.095 E236.19658
G1 F479 X106.556 Y112.733 E236.25181
G1 X106.5 Y113.389 E236.30667
G1 F481.9 X106.567 Y114.038 E236.3607
G1 F483.9 X106.757 Y114.676 E236.41561
G1 F485.8 X107.01 Y115.192 E236.46282
G1 F480 X107.242 Y115.505 E236.49522
G1 X107.496 Y115.813 E236.52841
G1 F483.9 X107.999 Y116.238 E236.58273
G1 F481.9 X108.568 Y116.557 E236.63675
G1 F480 X109.151 Y116.757 E236.688
G1 F481 X109.798 Y116.861 E236.74238
G1 F484.8 X110 Y116.853 E236.75902
;MESH:NONMESH
G0 F300 X110 Y116.853 Z11.19
G0 F12000 X110 Y117.348
;TIME_ELAPSED:210.097181
;LAYER:23
;note -- min layer time used
;TYPE:WALL-OUTER
;MESH:barrel_short.obj
G1 F477.1 X109.673 Y117.349 E236.78638
G1 F478.1 X109.018 Y117.24 E236.84181
G1 F480 X108.389 Y117.022 E236.89717
G1 F478.1 X107.814 Y116.712 E236.9517
G1 F475.2 X107.253 Y116.274 E237.01147
G1 F474.3 X106.844 Y115.816 E237.06314
G1 F481.9 X106.648 Y115.53 E237.09186
G1 X106.484 Y115.267 E237.11753
G1 F480 X106.316 Y114.899 E237.15116
G1 X106.22 Y114.665 E237.17219
G1 F475.2 X106.053 Y114.018 E237.22831
G1 F478.1 X105.998 Y113.364 E237.2831
G1 F479 X106.053 Y112.71 E237.33778
G1 F476.2 X106.22 Y112.067 E237.39346
G1 F474.3 X106.484 Y111.461 E237.44909
G1 F480 X106.644 Y111.203 E237.47433
G1 F479 X106.845 Y110.909 E237.504
G1 X107.107 Y110.616 E237.53675
G1 F480 X107.296 Y110.423 E237.55921
G1 F474.3 X107.811 Y110.017 E237.6144
G1 F478.1 X108.387 Y109.706 E237.66904
G1 F480 X109.015 Y109.488 E237.72432
G1 F478.1 X109.669 Y109.379 E237.77967
G1 F476.2 X110.327 Y109.381 E237.83482
G1 F480 X110.586 Y109.418 E237.85658
G1 X110.981 Y109.49 E237.88996
G1 F481.9 X111.306 Y109.596 E237.91827
G1 X111.61 Y109.708 E237.9451
G1 F475.2 X112.139 Y109.981 E237.9951
G1 F476.2 X112.704 Y110.422 E238.05517
G1 F478.1 X113.154 Y110.907 E238.1104
G1 F479 X113.514 Y111.46 E238.16538
G1 F477.1 X113.777 Y112.066 E238.22064
G1 F474.3 X113.941 Y112.71 E238.27656
G1 F480 X113.971 Y112.997 E238.30055
G1 X113.994 Y113.364 E238.33113
G1 F473.4 X113.941 Y114.018 E238.38645
G1 F475.2 X113.777 Y114.666 E238.44259
G1 F478.1 X113.515 Y115.268 E238.4974
G1 F481 X113.155 Y115.818 E238.55195
G1 F480 X112.705 Y116.307 E238.6072
G1 F476.2 X112.181 Y116.711 E238.66266
G1 F480 X111.943 Y116.847 E238.68546
G1 X111.61 Y117.02 E238.71666
G1 X111.35 Y117.117 E238.73973
G1 X110.981 Y117.238 E238.77202
G1 X110.586 Y117.31 E238.80541
G1 X110.327 Y117.347 E238.82716
G1 F474.3 X110 Y117.348 E238.85468
G0 F12000 X110 Y116.853
G1 F485.8 X110.45 Y116.836 E238.89167
G1 F480 X110.86 Y116.746 E238.92658
G1 X111.122 Y116.676 E238.94913
G1 X111.403 Y116.558 E238.97447
G1 X111.778 Y116.379 E239.00902
G1 F485.8 X112.285 Y116.012 E239.06044
G1 F483.9 X112.755 Y115.521 E239.1165
G1 F481.9 X113.098 Y114.987 E239.16907
G1 X113.344 Y114.395 E239.22216
G1 F484.8 X113.475 Y113.773 E239.27448
G1 F480 X113.485 Y113.364 E239.3085
G1 F478.1 X113.476 Y113.009 E239.33815
G1 F485.8 X113.356 Y112.386 E239.39027
G1 F483.9 X113.098 Y111.74 E239.44765
G1 F480 X112.754 Y111.208 E239.50033
G1 X112.305 Y110.735 E239.55455
G1 F481.9 X111.791 Y110.354 E239.60754
G1 F480 X111.404 Y110.169 E239.64321
G1 F481.9 X111.145 Y110.059 E239.66651
G1 X110.859 Y109.982 E239.69104
G1 F480 X110.446 Y109.891 E239.72621
G1 F483.9 X109.807 Y109.87 E239.77894
G1 F480 X109.154 Y109.969 E239.83386
G1 X108.567 Y110.172 E239.88551
G1 F481 X107.986 Y110.504 E239.94104
G1 F481.9 X107.503 Y110.908 E239.99319
G1 F478.1 X107.244 Y111.223 E240.02723
G1 X107.069 Y111.455 E240.05149
G1 F479 X106.933 Y111.697 E240.07462
G1 F477.1 X106.736 Y112.095 E240.11177
G1 F479 X106.556 Y112.733 E240.167
G1 X106.5 Y113.389 E240.22185
G1 F481.9 X106.567 Y114.038 E240.27589
G1 F483.9 X106.757 Y114.676 E240.3308
G1 F485.8 X107.01 Y115.192 E240.37801
G1 F480 X107.242 Y115.505 E240.4104
G1 X107.496 Y115.813 E240.4436
G1 F483.9 X107.999 Y116.238 E240.49792
G1 F481.9 X108.568 Y116.557 E240.55194
G1 F480 X109.151 Y116.757 E240.60319
G1 F481 X109.798 Y116.861 E240.65757
G1 F484.8 X110 Y116.853 E240.67421
;MESH:NONMESH
G0 F300 X110 Y116.853 Z11.59
G0 F12000 X110 Y117.348
;TIME_ELAPSED:216.204349
;LAYER:24
;note -- min layer time used
;TYPE:WALL-OUTER
;MESH:barrel_short.obj
G1 F477.1 X109.673 Y117.349 E240.70157
G1 F478.1 X109.018 Y117.24 E240.757
G1 F480 X108.389 Y117.022 E240.81235
G1 F478.1 X107.814 Y116.712 E240.86689
G1 F475.2 X107.253 Y116.274 E240.92666
G1 F474.3 X106.844 Y115.816 E240.97833
G1 F481.9 X106.648 Y115.53 E241.00704
G1 X106.484 Y115.267 E241.03271
G1 F480 X106.316 Y114.899 E241.06635
G1 X106.22 Y114.665 E241.08738
G1 F475.2 X106.053 Y114.018 E241.1435
G1 F478.1 X105.998 Y113.364 E241.19829
G1 F479 X106.053 Y112.71 E241.25297
G1 F476.2 X106.22 Y112.067 E241.30865
G1 F474.3 X106.484 Y111.461 E241.36427
G1 F480 X106.644 Y111.203 E241.38952
G1 F479 X106.845 Y110.909 E241.41919
G1 X107.107 Y110.616 E241.45194
G1 F480 X107.296 Y110.423 E241.4744
G1 F474.3 X107.811 Y110.017 E241.52958
G1 F478.1 X108.387 Y109.706 E241.58423
G1 F480 X109.015 Y109.488 E241.63951
G1 F478.1 X109.669 Y109.379 E241.69486
G1 F476.2 X110.327 Y109.381 E241.75001
G1 F480 X110.586 Y109.418 E241.77176
G1 X110.981 Y109.49 E241.80515
G1 F481.9 X111.306 Y109.596 E241.83346
G1 X111.61 Y109.708 E241.86029
G1 F475.2 X112.139 Y109.981 E241.91028
G1 F476.2 X112.704 Y110.422 E241.97036
G1 F478.1 X113.154 Y110.907 E242.02559
G1 F479 X113.514 Y111.46 E242.08057
G1 F477.1 X113.777 Y112.066 E242.13583
G1 F474.3 X113.941 Y112.71 E242.19175
G1 F480 X113.971 Y112.997 E242.21574
G1 X113.994 Y113.364 E242.24632
G1 F473.4 X113.941 Y114.018 E242.30164
G1 F475.2 X113.777 Y114.666 E242.35778
G1 F478.1 X113.515 Y115.268 E242.41259
G1 F481 X113.155 Y115.818 E242.46714
G1 F480 X112.705 Y116.307 E242.52239
G1 F476.2 X112.181 Y116.711 E242.57785
G1 F480 X111.943 Y116.847 E242.60064
G1 X111.61 Y117.02 E242.63185
G1 X111.35 Y117.117 E242.65492
G1 X110.981 Y117.238 E242.68721
G1 X110.586 Y117.31 E242.7206
G1 X110.327 Y117.347 E242.74235
G1 F474.3 X110 Y117.348 E242.76987
G0 F12000 X110 Y116.853
G1 F485.8 X110.45 Y116.836 E242.80686
G1 F480 X110.86 Y116.746 E242.84177
G1 X111.122 Y116.676 E242.86431
G1 X111.403 Y116.558 E242.88966
G1 X111.778 Y116.379 E242.92421
G1 F485.8 X112.285 Y116.012 E242.97563
G1 F483.9 X112.755 Y115.521 E243.03169
G1 F481.9 X113.098 Y114.987 E243.08425
G1 X113.344 Y114.395 E243.13735
G1 F484.8 X113.475 Y113.773 E243.18967
G1 F480 X113.485 Y113.364 E243.22369
G1 F478.1 X113.476 Y113.009 E243.25334
G1 F485.8 X113.356 Y112.386 E243.30546
G1 F483.9 X113.098 Y111.74 E243.36284
G1 F480 X112.754 Y111.208 E243.41551
G1 X112.305 Y110.735 E243.46974
G1 F481.9 X111.791 Y110.354 E243.52273
G1 F480 X111.404 Y110.169 E243.5584
G1 F481.9 X111.145 Y110.059 E243.5817
G1 X110.859 Y109.982 E243.60623
G1 F480 X110.446 Y109.891 E243.64139
G1 F483.9 X109.807 Y109.87 E243.69413
G1 F480 X109.154 Y109.969 E243.74905
G1 X108.567 Y110.172 E243.80069
G1 F481 X107.986 Y110.504 E243.85622
G1 F481.9 X107.503 Y110.908 E243.90837
G1 F478.1 X107.244 Y111.223 E243.94242
G1 X107.069 Y111.455 E243.96668
G1 F479 X106.933 Y111.697 E243.98981
G1 F477.1 X106.736 Y112.095 E244.02695
G1 F479 X106.556 Y112.733 E244.08219
G1 X106.5 Y113.389 E244.13704
G1 F481.9 X106.567 Y114.038 E244.19107
G1 F483.9 X106.757 Y114.676 E244.24598
G1 F485.8 X107.01 Y115.192 E244.2932
G1 F480 X107.242 Y115.505 E244.32559
G1 X107.496 Y115.813 E244.35879
G1 F483.9 X107.999 Y116.238 E244.4131
G1 F481.9 X108.568 Y116.557 E244.46713
G1 F480 X109.151 Y116.757 E244.51838
G1 F481 X109.798 Y116.861 E244.57276
G1 F484.8 X110 Y116.853 E244.5894
;MESH:NONMESH
G0 F300 X110 Y116.853 Z11.99
G0 F12000 X110 Y115.948
;TIME_ELAPSED:222.333274
;LAYER:25
;note -- min layer time used
;TYPE:WALL-INNER
;MESH:barrel_short.obj
G1 F600 X109.689 Y115.948 E244.61009
G1 X109.091 Y115.799 E244.65108
G1 X108.529 Y115.517 E244.69291
G1 X108.062 Y115.1 E244.73456
G1 X107.696 Y114.58 E244.77686
G1 X107.474 Y113.991 E244.81873
G1 X107.395 Y113.359 E244.8611
G1 X107.477 Y112.738 E244.90276
G1 X107.694 Y112.147 E244.94464
G1 X108.058 Y111.633 E244.98654
G1 X108.524 Y111.216 E245.02814
G1 X109.092 Y110.928 E245.0705
G1 X109.686 Y110.78 E245.11122
G1 X110.306 Y110.779 E245.15246
G1 X110.903 Y110.928 E245.19339
G1 X111.475 Y111.218 E245.23606
G1 X111.935 Y111.631 E245.27718
G1 X112.301 Y112.149 E245.31937
G1 X112.522 Y112.735 E245.36103
G1 X112.601 Y113.373 E245.40379
G1 X112.522 Y113.992 E245.4453
G1 X112.302 Y114.578 E245.48694
G1 X111.934 Y115.099 E245.52937
G1 X111.474 Y115.511 E245.57045
G1 X110.934 Y115.796 E245.61107
G1 X110.306 Y115.948 E245.65405
G1 X110 Y115.948 E245.6744
G0 F12000 X110 Y116.474
G1 F365.9 X110.312 Y116.474 E245.70844
G1 F364.7 X110.764 Y116.385 E245.75885
G1 X111.184 Y116.258 E245.80686
G1 F367 X111.745 Y115.956 E245.87616
G1 F366.4 X112.109 Y115.654 E245.92768
G1 F364.7 X112.404 Y115.359 E245.97333
G1 F367 X112.744 Y114.85 E246.0399
G1 X112.944 Y114.38 E246.09546
G1 F371.5 X113.023 Y114.119 E246.12475
G1 X113.074 Y113.87 E246.15206
G1 F367.5 X113.12 Y113.364 E246.20723
G1 F367 X113.074 Y112.858 E246.26249
G1 F370.9 X113.023 Y112.608 E246.28995
G1 F371.5 X112.944 Y112.348 E246.31914
G1 F367 X112.743 Y111.876 E246.37493
G1 X112.408 Y111.371 E246.44084
G1 F364.7 X112.106 Y111.071 E246.48742
G1 F366.4 X111.744 Y110.771 E246.53864
G1 F367 X111.185 Y110.474 E246.60748
G1 F364.7 X110.763 Y110.346 E246.65574
G1 X110.319 Y110.254 E246.70535
G1 F365.9 X109.684 Y110.254 E246.77463
G1 F364.7 X109.233 Y110.346 E246.825
G1 X108.814 Y110.472 E246.87287
G1 F367 X108.252 Y110.771 E246.94211
G1 F366.4 X107.892 Y111.07 E246.99308
G1 F365.3 X107.594 Y111.365 E247.0389
G1 F369.2 X107.254 Y111.876 E247.10525
G1 F368.7 X107.053 Y112.352 E247.16118
G1 F370.9 X106.975 Y112.613 E247.19049
G1 X106.925 Y112.859 E247.2175
G1 F367.5 X106.876 Y113.364 E247.2726
G1 F367 X106.935 Y113.989 E247.34088
G1 F363.6 X107.053 Y114.382 E247.38592
G1 F367 X107.252 Y114.85 E247.44123
G1 F367.5 X107.591 Y115.358 E247.50755
G1 F364.2 X107.888 Y115.656 E247.55366
G1 F365.3 X108.251 Y115.958 E247.60525
G1 F367 X108.83 Y116.262 E247.67637
G1 F365.3 X109.236 Y116.384 E247.72269
G1 F364.7 X109.674 Y116.474 E247.77162
G1 F365.9 X110 Y116.474 E247.80719
G0 F12000 X110 Y117
G1 F600 X110.294 Y117 E247.82674
G1 X110.895 Y116.9 E247.86727
G1 X111.469 Y116.701 E247.90768
G1 X111.986 Y116.42 E247.94683
G1 X112.468 Y116.044 E247.98749
G1 X112.877 Y115.601 E248.0276
G1 X113.206 Y115.101 E248.06741
G1 X113.446 Y114.552 E248.10727
G1 X113.597 Y113.957 E248.1481
G1 X113.645 Y113.364 E248.18768
G1 X113.598 Y112.771 E248.22725
G1 X113.446 Y112.176 E248.2681
G1 X113.206 Y111.626 E248.30802
G1 X112.877 Y111.123 E248.348
G1 X112.464 Y110.68 E248.38829
G1 X111.994 Y110.313 E248.42796
G1 X111.466 Y110.028 E248.46787
G1 X110.894 Y109.832 E248.50809
G1 X110.296 Y109.729 E248.54845
G1 X109.7 Y109.728 E248.5881
G1 X109.102 Y109.832 E248.62848
G1 X108.53 Y110.028 E248.6687
G1 X108.002 Y110.313 E248.70861
G1 X107.533 Y110.68 E248.74823
G1 X107.12 Y111.127 E248.78871
G1 X106.794 Y111.627 E248.82841
G1 X106.551 Y112.18 E248.86859
G1 X106.402 Y112.772 E248.9092
G1 X106.351 Y113.364 E248.94873
G1 X106.402 Y113.961 E248.98859
G1 X106.55 Y114.553 E249.02918
G1 X106.79 Y115.1 E249.06891
G1 X107.119 Y115.601 E249.10878
G1 X107.528 Y116.046 E249.14899
G1 X108.006 Y116.42 E249.18936
G1 X108.531 Y116.7 E249.22894
G1 X109.105 Y116.899 E249.26935
G1 X109.702 Y117 E249.30963
G1 X110 Y117 E249.32945
G0 F12000 X110 Y117.4
;TYPE:WALL-OUTER
G1 F600 X110.327 Y117.4 E249.3512
G1 X110.994 Y117.289 E249.39618
G1 X111.631 Y117.068 E249.44104
G1 X112.206 Y116.756 E249.48455
G1 X112.74 Y116.34 E249.52958
G1 X113.193 Y115.848 E249.57407
G1 X113.559 Y115.292 E249.61835
G1 X113.826 Y114.682 E249.66264
G1 X113.993 Y114.023 E249.70786
G1 X114.047 Y113.364 E249.75185
G1 X113.994 Y112.705 E249.79583
G1 X113.826 Y112.046 E249.84107
G1 X113.559 Y111.436 E249.88536
G1 X113.193 Y110.876 E249.92986
G1 X112.736 Y110.384 E249.97453
G1 X112.214 Y109.977 E250.01856
G1 X111.627 Y109.66 E250.06294
G1 X110.994 Y109.443 E250.10745
G1 X110.33 Y109.329 E250.15227
G1 X109.666 Y109.328 E250.19644
G1 X109.002 Y109.443 E250.24126
G1 X108.369 Y109.66 E250.28578
G1 X107.782 Y109.977 E250.33015
G1 X107.261 Y110.384 E250.37413
G1 X106.803 Y110.88 E250.41904
G1 X106.441 Y111.436 E250.46317
G1 X106.171 Y112.05 E250.50779
G1 X106.006 Y112.706 E250.55279
G1 X105.949 Y113.364 E250.59672
G1 X106.006 Y114.027 E250.64099
G1 X106.17 Y114.683 E250.68597
G1 X106.437 Y115.292 E250.7302
G1 X106.803 Y115.848 E250.77448
G1 X107.256 Y116.34 E250.81897
G1 X107.786 Y116.756 E250.86379
G1 X108.369 Y117.068 E250.90777
G1 X109.006 Y117.289 E250.95262
G1 X109.669 Y117.4 E250.99734
G1 X110 Y117.4 E251.01936
G1 F2700 E246.01936
G0 F12000 X110 Y116.69
G0 X110 Y116.261
G0 X110 Y115.546
G1 F2700 E251.01936
G1 F600 X109.723 Y115.546 E251.03779
G1 X109.195 Y115.41 E251.07406
G1 X108.74 Y115.17 E251.10827
G1 X108.356 Y114.828 E251.14248
G1 X108.044 Y114.373 E251.17918
G1 X107.862 Y113.893 E251.21333
G1 X107.8 Y113.346 E251.24995
G1 X107.865 Y112.835 E251.28421
G1 X108.044 Y112.351 E251.31854
G1 X108.352 Y111.904 E251.35465
G1 X108.74 Y111.558 E251.38923
G1 X109.222 Y111.306 E251.42541
G1 X109.722 Y111.182 E251.45968
G1 X110.274 Y111.182 E251.4964
G1 X110.773 Y111.306 E251.5306
G1 X111.235 Y111.544 E251.56517
G1 X111.643 Y111.903 E251.60132
G1 X111.952 Y112.355 E251.63774
G1 X112.134 Y112.834 E251.67183
G1 X112.196 Y113.347 E251.7062
G1 X112.134 Y113.894 E251.74282
G1 X111.952 Y114.373 E251.77691
G1 X111.64 Y114.828 E251.81361
G1 X111.256 Y115.17 E251.84781
G1 X110.755 Y115.431 E251.88539
G1 X110.273 Y115.546 E251.91835
G1 X110 Y115.546 E251.93651
G0 F12000 X110 Y116.39
;MESH:NONMESH
G0 F300 X110 Y116.39 Z12.39
G0 F12000 X110 Y115.999
;TIME_ELAPSED:234.246872
;LAYER:26
;note -- min layer time used
;TYPE:WALL-INNER
;MESH:barrel_short.obj
G1 F483.9 X109.641 Y115.993 E251.96613
G1 F480 X109.034 Y115.838 E252.01822
G1 F478.1 X108.473 Y115.537 E252.07137
G1 X108.009 Y115.119 E252.12351
G1 F479 X107.641 Y114.581 E252.17782
G1 F480 X107.422 Y113.989 E252.2303
G1 F481.9 X107.352 Y113.364 E252.28239
G1 X107.422 Y112.746 E252.33389
G1 F480 X107.641 Y112.145 E252.38708
G1 X108.003 Y111.616 E252.44038
G1 X108.471 Y111.193 E252.49284
G1 X109.033 Y110.895 E252.54573
G1 F479 X109.656 Y110.735 E252.59932
G1 F480 X110.264 Y110.725 E252.64988
G1 F485.8 X110.888 Y110.865 E252.70242
G1 F489.8 X111.454 Y111.143 E252.7538
G1 F485.8 X111.979 Y111.599 E252.81093
G1 F480 X112.34 Y112.119 E252.86357
G1 F475.2 X112.473 Y112.444 E252.89306
G1 F481.9 X112.568 Y112.733 E252.91825
G1 X112.62 Y113.06 E252.94568
G1 F480 X112.642 Y113.364 E252.97102
G1 X112.621 Y113.653 E252.99511
G1 F481.9 X112.568 Y113.992 E253.02353
G1 F482.9 X112.474 Y114.28 E253.04857
G1 F481 X112.345 Y114.583 E253.0759
G1 F480 X112.213 Y114.799 E253.09695
G1 F481.9 X111.942 Y115.17 E253.135
G1 F490.8 X111.453 Y115.585 E253.18715
G1 F489.8 X110.896 Y115.862 E253.23784
G1 F487.8 X110.265 Y116.003 E253.29074
G1 F485.8 X110 Y115.999 E253.31252
G0 F12000 X110 Y116.498
G1 F475.2 X110.165 Y116.508 E253.3264
G1 F481.9 X110.44 Y116.467 E253.34943
G1 F482.9 X110.911 Y116.376 E253.38907
G1 F483.9 X111.156 Y116.279 E253.41081
G1 F481.9 X111.57 Y116.091 E253.44847
G1 X111.813 Y115.919 E253.47312
G1 X112.171 Y115.639 E253.51076
G1 X112.365 Y115.419 E253.53505
G1 X112.634 Y115.083 E253.5707
G1 F480 X112.783 Y114.804 E253.597
G1 F481 X112.949 Y114.458 E253.62885
G1 F482.9 X113.042 Y114.104 E253.6591
G1 F481.9 X113.127 Y113.711 E253.6924
G1 F480 X113.134 Y113.364 E253.72126
G1 X113.126 Y113.002 E253.75136
G1 F481.9 X113.044 Y112.619 E253.7838
G1 X112.95 Y112.267 E253.81398
G1 F480 X112.783 Y111.919 E253.84607
G1 X112.627 Y111.628 E253.87353
G1 F479 X112.364 Y111.305 E253.90823
G1 F481 X112.177 Y111.093 E253.93169
G1 F482.9 X111.814 Y110.81 E253.96973
G1 F481.9 X111.566 Y110.634 E253.99492
G1 X111.153 Y110.45 E254.03236
G1 F483.9 X110.909 Y110.353 E254.05402
G1 F482.9 X110.439 Y110.262 E254.09359
G1 F481.9 X110.157 Y110.22 E254.1172
G1 F475.2 X109.489 Y110.251 E254.17336
G1 F477.1 X108.745 Y110.48 E254.23848
G1 F479 X108.112 Y110.842 E254.29923
G1 F480 X107.59 Y111.335 E254.35893
G1 X107.173 Y111.973 E254.42231
G1 X106.933 Y112.636 E254.48094
G1 F481.9 X106.853 Y113.364 E254.54159
G1 X106.934 Y114.1 E254.60292
G1 F479 X107.175 Y114.762 E254.66161
G1 F478.1 X107.601 Y115.409 E254.72628
G1 X108.122 Y115.895 E254.78576
G1 X108.769 Y116.265 E254.84798
G1 X109.454 Y116.465 E254.90756
G1 F476.2 X110 Y116.498 E254.9534
G0 F12000 X110 Y116.951
;TYPE:WALL-OUTER
G1 F601.5 X110.192 Y116.963 E254.96617
G1 F600 X111.042 Y116.811 E255.02361
G1 X111.799 Y116.485 E255.07844
G1 X112.485 Y115.97 E255.1355
G1 X113.015 Y115.333 E255.19062
G1 X113.378 Y114.614 E255.2442
G1 X113.58 Y113.764 E255.30231
G1 X113.58 Y112.948 E255.35659
G1 X113.379 Y112.11 E255.41392
G1 X113.008 Y111.376 E255.46863
G1 X112.489 Y110.763 E255.52206
G1 X111.795 Y110.239 E255.5799
G1 X111.038 Y109.918 E255.6346
G1 X110.184 Y109.766 E255.6923
G1 X109.373 Y109.815 E255.74635
G1 X108.565 Y110.065 E255.80261
G1 X107.841 Y110.478 E255.85805
G1 X107.243 Y111.045 E255.91287
G1 X106.768 Y111.77 E255.97053
G1 X106.493 Y112.534 E256.02454
G1 X106.402 Y113.364 E256.08008
G1 X106.493 Y114.202 E256.13616
G1 X106.769 Y114.965 E256.19013
G1 X107.255 Y115.702 E256.24885
G1 X107.852 Y116.261 E256.30326
G1 X108.591 Y116.682 E256.35983
G1 X109.375 Y116.913 E256.4142
G1 F601.5 X110 Y116.951 E256.45575
G0 F12000 X110.041 Y116.244
G0 X110 Y115.547
G1 F600 X109.744 Y115.548 E256.47278
G1 X109.231 Y115.428 E256.50783
G1 X108.765 Y115.187 E256.54273
G1 X108.346 Y114.816 E256.57995
G1 X108.061 Y114.403 E256.61333
G1 X107.867 Y113.913 E256.64839
G1 X107.801 Y113.388 E256.68359
G1 X107.86 Y112.841 E256.72018
G1 X108.063 Y112.317 E256.75757
G1 X108.34 Y111.919 E256.78982
G1 X108.736 Y111.562 E256.82529
G1 X109.228 Y111.304 E256.86224
G1 X109.743 Y111.18 E256.89748
G1 X110.289 Y111.185 E256.9338
G1 X110.787 Y111.311 E256.96797
G1 X111.266 Y111.566 E257.00407
G1 X111.661 Y111.925 E257.03958
G1 X111.956 Y112.36 E257.07454
G1 X112.135 Y112.837 E257.10843
G1 X112.196 Y113.364 E257.14372
G1 X112.135 Y113.89 E257.17894
G1 X111.947 Y114.382 E257.21398
G1 X111.646 Y114.821 E257.24939
G1 X111.253 Y115.172 E257.28444
G1 X110.788 Y115.421 E257.31953
G1 X110.276 Y115.545 E257.35457
G1 X110 Y115.547 E257.37293
;MESH:NONMESH
G0 F300 X110 Y115.547 Z12.79
G0 F12000 X110 Y116.021
;TIME_ELAPSED:242.795713
;LAYER:27
;note -- min layer time used
;TYPE:WALL-INNER
;MESH:barrel_short.obj
G1 F431.7 X110.237 Y116.028 E257.39485
G1 F430.1 X110.85 Y115.903 E257.45291
G1 F431.7 X111.339 Y115.669 E257.50303
G1 F441.2 X111.575 Y115.51 E257.52877
G1 F439.6 X111.822 Y115.309 E257.55769
G1 F441.2 X112.003 Y115.118 E257.5815
G1 F440.4 X112.227 Y114.824 E257.61499
G1 F439.6 X112.363 Y114.59 E257.63957
G1 F440.4 X112.5 Y114.282 E257.67012
G1 F442 X112.585 Y113.995 E257.69715
G1 X112.644 Y113.669 E257.72707
G1 F441.2 X112.66 Y113.364 E257.7547
G1 F442 X112.645 Y113.059 E257.78227
G1 F443.6 X112.585 Y112.731 E257.81227
G1 F442.8 X112.501 Y112.449 E257.83879
G1 F441.2 X112.362 Y112.135 E257.86986
G1 X112.224 Y111.897 E257.89475
G1 X112.004 Y111.611 E257.92739
G1 F442 X111.831 Y111.429 E257.95007
G1 F430.1 X111.426 Y111.098 E257.9986
G1 F429.3 X110.858 Y110.83 E258.05699
G1 F430.1 X110.237 Y110.699 E258.11588
G1 F431.7 X109.602 Y110.72 E258.17463
G1 F433.2 X108.991 Y110.887 E258.23299
G1 F434.8 X108.438 Y111.192 E258.29096
G1 F437.2 X107.972 Y111.618 E258.3486
G1 F438.8 X107.609 Y112.168 E258.40855
G1 F439.6 X107.398 Y112.745 E258.46433
G1 F438.8 X107.326 Y113.364 E258.52102
G1 X107.398 Y113.984 E258.5778
G1 X107.611 Y114.564 E258.63401
G1 F438 X107.974 Y115.114 E258.69406
G1 F437.2 X108.446 Y115.543 E258.7523
G1 F436.4 X108.991 Y115.844 E258.80924
G1 F434.8 X109.598 Y116.008 E258.86696
G1 F433.2 X110 Y116.021 E258.90402
G0 F12000 X110 Y115.547
;TYPE:WALL-OUTER
G1 F600 X109.743 Y115.548 E258.92111
G1 X109.231 Y115.428 E258.95609
G1 X108.764 Y115.186 E258.99108
G1 X108.367 Y114.838 E259.0262
G1 X108.044 Y114.373 E259.06386
G1 X107.867 Y113.913 E259.09665
G1 X107.8 Y113.364 E259.13344
G1 X107.86 Y112.842 E259.16839
G1 X108.044 Y112.353 E259.20315
G1 X108.366 Y111.89 E259.24066
G1 X108.771 Y111.538 E259.27636
G1 X109.239 Y111.301 E259.31125
G1 X109.743 Y111.18 E259.34573
G1 X110.289 Y111.185 E259.38205
G1 X110.788 Y111.312 E259.4163
G1 X111.253 Y111.555 E259.4512
G1 X111.65 Y111.91 E259.48663
G1 X111.956 Y112.36 E259.52283
G1 X112.128 Y112.812 E259.555
G1 X112.196 Y113.364 E259.592
G1 X112.135 Y113.89 E259.62722
G1 X111.947 Y114.382 E259.66226
G1 X111.646 Y114.821 E259.69767
G1 X111.266 Y115.162 E259.73163
G1 X110.788 Y115.42 E259.76776
G1 X110.275 Y115.545 E259.80288
G1 X110 Y115.547 E259.82118
G0 F12000 X110 Y116.495
G1 F600 X110.188 Y116.507 E259.83371
G1 X110.894 Y116.383 E259.88139
G1 X111.579 Y116.085 E259.93108
G1 X112.153 Y115.661 E259.97855
G1 X112.631 Y115.089 E260.02814
G1 X112.954 Y114.447 E260.07595
G1 X113.124 Y113.724 E260.12535
G1 X113.124 Y113.004 E260.17325
G1 X112.954 Y112.285 E260.22239
G1 X112.627 Y111.631 E260.27103
G1 X112.161 Y111.079 E260.31909
G1 X111.57 Y110.635 E260.36826
G1 X110.91 Y110.35 E260.41608
G1 X110.18 Y110.222 E260.46538
G1 X109.448 Y110.267 E260.51417
G1 X108.756 Y110.473 E260.56219
G1 X108.116 Y110.846 E260.61147
G1 X107.59 Y111.338 E260.65938
G1 X107.184 Y111.955 E260.70851
G1 X106.936 Y112.635 E260.75666
G1 X106.85 Y113.364 E260.80549
G1 X106.936 Y114.093 E260.85432
G1 X107.185 Y114.777 E260.90274
G1 X107.587 Y115.39 E260.9515
G1 X108.121 Y115.889 E261.00012
G1 X108.752 Y116.255 E261.04864
G1 X109.447 Y116.461 E261.09686
G1 X110 Y116.495 E261.13372
;MESH:NONMESH
G0 F300 X110 Y116.495 Z13.19
G0 F12000 X110 Y116.026
;TIME_ELAPSED:248.751221
;LAYER:28
;note -- min layer time used
;TYPE:WALL-OUTER
;MESH:barrel_short.obj
G1 F526.3 X109.528 Y115.998 E261.16958
G1 F528.6 X108.939 Y115.822 E261.21599
G1 X108.393 Y115.505 E261.26366
G1 X107.948 Y115.086 E261.3098
G1 X107.596 Y114.539 E261.35891
G1 F531 X107.393 Y113.973 E261.40411
G1 F533.3 X107.325 Y113.365 E261.4499
G1 F535.7 X107.396 Y112.755 E261.49565
G1 X107.599 Y112.188 E261.54052
G1 F533.3 X107.955 Y111.635 E261.58974
G1 F531 X108.407 Y111.212 E261.63627
G1 F528.6 X108.946 Y110.906 E261.68306
G1 F527.5 X109.54 Y110.73 E261.72994
G1 F526.3 X110.163 Y110.694 E261.77726
G1 F525.2 X110.769 Y110.801 E261.82403
G1 X111.384 Y111.07 E261.87505
G1 F526.3 X111.868 Y111.447 E261.92157
G1 X112.247 Y111.92 E261.96753
G1 F534.5 X112.363 Y112.143 E261.9863
G1 F535.7 X112.512 Y112.465 E262.01274
G1 X112.583 Y112.733 E262.03339
G1 F534.5 X112.652 Y113.063 E262.05857
G1 F533.3 X112.659 Y113.313 E262.07728
G1 X112.652 Y113.665 E262.10363
G1 F535.7 X112.583 Y113.995 E262.12875
G1 X112.512 Y114.263 E262.1494
G1 X112.363 Y114.583 E262.1757
G1 F533.3 X112.226 Y114.841 E262.19756
G1 X112.001 Y115.121 E262.22444
G1 X111.83 Y115.312 E262.24363
G1 X111.527 Y115.546 E262.27228
G1 X111.321 Y115.689 E262.29105
G1 F524 X110.774 Y115.927 E262.33648
G1 X110.147 Y116.035 E262.38494
G1 F526.3 X110 Y116.026 E262.39611
G0 F12000 X110 Y115.572
G1 F536.9 X110.24 Y115.572 E262.41395
G1 X110.749 Y115.464 E262.45263
G1 F539.3 X111.223 Y115.226 E262.49188
G1 F540.5 X111.632 Y114.879 E262.53148
G1 F541.8 X111.94 Y114.454 E262.57015
G1 F543 X112.14 Y113.968 E262.60878
G1 X112.222 Y113.457 E262.64682
G1 F533.3 X112.197 Y113.115 E262.67249
G1 X112.148 Y112.772 E262.69841
G1 F543 X111.934 Y112.265 E262.73886
G1 F541.8 X111.628 Y111.845 E262.77715
G1 F540.5 X111.224 Y111.503 E262.81623
G1 F539.3 X110.749 Y111.267 E262.85548
G1 F538.1 X110.233 Y111.15 E262.89473
G1 F536.9 X109.698 Y111.159 E262.9345
G1 F535.7 X109.187 Y111.295 E262.9739
G1 F533.3 X108.72 Y111.54 E263.01336
G1 F531 X108.314 Y111.911 E263.0547
G1 F533.3 X108.011 Y112.367 E263.09568
G1 F535.7 X107.835 Y112.845 E263.13363
G1 X107.776 Y113.365 E263.17262
G1 F533.3 X107.834 Y113.884 E263.2117
G1 X108.017 Y114.373 E263.25077
G1 F531 X108.311 Y114.812 E263.29049
G1 X108.714 Y115.184 E263.33171
G1 F535.7 X109.187 Y115.441 E263.37182
G1 F539.3 X109.7 Y115.571 E263.41098
G1 F538.1 X110 Y115.572 E263.43323
;MESH:NONMESH
G0 F300 X110 Y115.572 Z13.59
G0 F12000 X110 Y115.6
;TIME_ELAPSED:252.384381
;LAYER:29
;note -- min layer time used
;TYPE:WALL-OUTER
;MESH:barrel_short.obj
G1 F470.6 X109.798 Y115.605 E263.45037
G1 F469.7 X109.288 Y115.503 E263.49457
G1 F468.8 X108.953 Y115.349 E263.52596
G1 X108.634 Y115.156 E263.55771
G1 X108.258 Y114.792 E263.60227
G1 F469.7 X107.981 Y114.36 E263.64588
G1 F472.4 X107.803 Y113.849 E263.69159
G1 F478.1 X107.751 Y113.364 E263.73231
G1 F481 X107.809 Y112.846 E263.77556
G1 F476.2 X107.98 Y112.363 E263.81851
G1 F470.6 X108.259 Y111.937 E263.8617
G1 F469.7 X108.632 Y111.573 E263.90599
G1 F470.6 X108.952 Y111.383 E263.93755
G1 F468.8 X109.398 Y111.205 E263.97844
G1 F467.8 X109.794 Y111.123 E264.01294
G1 F470.6 X110.317 Y111.136 E264.05731
G1 F474.3 X110.823 Y111.273 E264.10142
G1 F481 X111.263 Y111.506 E264.14274
G1 F479 X111.663 Y111.852 E264.18681
G1 F471.5 X111.949 Y112.243 E264.22781
G1 F467.8 X112.16 Y112.734 E264.2734
G1 F466.9 X112.227 Y113.12 E264.30689
G1 X112.227 Y113.604 E264.34826
G1 F474.3 X112.163 Y113.985 E264.38077
G1 F476.2 X111.959 Y114.466 E264.42456
G1 F478.1 X111.663 Y114.873 E264.46658
G1 F483.9 X111.258 Y115.228 E264.511
G1 F480 X110.815 Y115.462 E264.55266
G1 F475.2 X110.32 Y115.591 E264.59562
G1 F470.6 X110 Y115.6 E264.62277
;MESH:NONMESH
G0 F300 X110 Y115.6 Z13.99
G0 F12000 X110 Y115.599
;TIME_ELAPSED:254.299776
;LAYER:30
;note -- min layer time used
;TYPE:WALL-OUTER
;MESH:barrel_short.obj
G1 F470.6 X109.793 Y115.605 E264.64033
G1 F469.7 X109.293 Y115.505 E264.68366
G1 F468.8 X108.946 Y115.345 E264.7162
G1 X108.634 Y115.157 E264.74722
G1 F467.8 X108.259 Y114.795 E264.79168
G1 F466.9 X107.977 Y114.355 E264.83635
G1 F470.6 X107.803 Y113.85 E264.88166
G1 F478.1 X107.751 Y113.364 E264.92246
G1 F480 X107.803 Y112.882 E264.96277
G1 F475.2 X107.979 Y112.37 E265.00824
G1 F470.6 X108.255 Y111.94 E265.05158
G1 F468.8 X108.634 Y111.571 E265.09661
G1 F466.9 X108.946 Y111.384 E265.12771
G1 X109.286 Y111.228 E265.15968
G1 X109.788 Y111.123 E265.20352
G1 F470.6 X110.313 Y111.135 E265.24806
G1 F475.2 X110.824 Y111.272 E265.29249
G1 F479 X111.259 Y111.5 E265.33341
G1 F476.2 X111.66 Y111.847 E265.37786
G1 F472.4 X111.958 Y112.258 E265.42074
G1 F469.7 X112.163 Y112.742 E265.46541
G1 F467.8 X112.224 Y113.108 E265.49707
G1 F480 X112.239 Y113.362 E265.51822
G1 F479 X112.226 Y113.617 E265.5395
G1 F474.3 X112.165 Y113.979 E265.57039
G1 F477.1 X111.959 Y114.468 E265.61477
G1 F480 X111.662 Y114.873 E265.65653
G1 F483.9 X111.259 Y115.227 E265.70078
G1 F481.9 X110.815 Y115.46 E265.74231
G1 F477.1 X110.316 Y115.591 E265.78546
G1 F470.6 X110 Y115.599 E265.81227
;TIME_ELAPSED:256.096746
;LAYER:31
;note -- min layer time used
;MESH:barrel_short.obj
G0 F12000 X110 Y115.599 Z14.39
;TYPE:WALL-OUTER
G1 F470.6 X109.792 Y115.605 E265.82992
G1 F468.8 X109.289 Y115.504 E265.8736
G1 F470.6 X108.941 Y115.342 E265.90616
G1 F468.8 X108.544 Y115.071 E265.94709
G1 F466.9 X108.263 Y114.799 E265.98052
G1 F468.8 X107.983 Y114.363 E266.02464
G1 F472.4 X107.806 Y113.878 E266.06825
G1 F478.1 X107.751 Y113.364 E266.11141
G1 F481.9 X107.81 Y112.846 E266.15458
G1 F476.2 X107.981 Y112.365 E266.19737
G1 F468.8 X108.259 Y111.933 E266.24111
G1 F466.9 X108.625 Y111.578 E266.2847
G1 F468.8 X108.944 Y111.387 E266.31636
G1 F470.6 X109.289 Y111.228 E266.34857
G1 X109.79 Y111.123 E266.39199
G1 F471.5 X110.31 Y111.136 E266.43602
G1 F475.2 X110.824 Y111.273 E266.48069
G1 F479 X111.247 Y111.494 E266.52046
G1 F477.1 X111.652 Y111.839 E266.56496
G1 F474.3 X111.954 Y112.251 E266.60794
G1 F472.4 X112.164 Y112.753 E266.65392
G1 F469.7 X112.228 Y113.136 E266.68691
G1 F467.8 X112.227 Y113.593 E266.7259
G1 X112.166 Y113.973 E266.75873
G1 F470.6 X111.956 Y114.473 E266.80473
G1 F480 X111.661 Y114.874 E266.84612
G1 F485.8 X111.256 Y115.228 E266.89031
G1 F481 X110.813 Y115.463 E266.93193
G1 F476.2 X110.316 Y115.591 E266.97494
G1 F471.5 X110 Y115.599 E267.0017
;TIME_ELAPSED:258.021283
;LAYER:32
;note -- min layer time used
;MESH:barrel_short.obj
G0 F12000 X110 Y115.599 Z14.79
;TYPE:WALL-OUTER
G1 F469.7 X109.791 Y115.605 E267.01947
G1 F474.3 X109.283 Y115.502 E267.06309
G1 F487.8 X108.823 Y115.286 E267.10467
G1 F480 X108.539 Y115.067 E267.13449
G1 F466.9 X108.261 Y114.798 E267.16755
G1 F467.8 X107.979 Y114.358 E267.21214
G1 F470.6 X107.806 Y113.879 E267.25533
G1 F478.1 X107.751 Y113.364 E267.29857
G1 F481.9 X107.81 Y112.847 E267.34167
G1 F476.2 X107.976 Y112.374 E267.38368
G1 F470.6 X108.257 Y111.937 E267.42775
G1 F468.8 X108.618 Y111.586 E267.47062
G1 F466.9 X108.938 Y111.388 E267.50278
G1 X109.285 Y111.229 E267.53541
G1 F470.6 X109.792 Y111.124 E267.57932
G1 F474.3 X110.313 Y111.136 E267.62318
G1 F478.1 X110.816 Y111.27 E267.66663
G1 F480 X111.247 Y111.495 E267.70706
G1 F476.2 X111.649 Y111.835 E267.75119
G1 F472.4 X111.954 Y112.252 E267.79483
G1 F470.6 X112.162 Y112.749 E267.84053
G1 F469.7 X112.228 Y113.151 E267.87515
G1 F468.8 X112.228 Y113.581 E267.91176
G1 X112.159 Y114 E267.94792
G1 F470.6 X111.955 Y114.473 E267.99161
G1 F481.9 X111.661 Y114.874 E268.03279
G1 F489.8 X111.258 Y115.228 E268.0765
G1 F484.8 X110.824 Y115.456 E268.11685
G1 F476.2 X110.312 Y115.591 E268.16123
G1 F471.5 X110 Y115.599 E268.18765
;MESH:NONMESH
G0 F300 X110 Y115.599 Z15.19
G0 F12000 X110 Y115.6
;TIME_ELAPSED:260.058970
;LAYER:33
;note -- min layer time used
;TYPE:WALL-OUTER
;MESH:barrel_short.obj
G1 F470.6 X109.792 Y115.605 E268.2053
G1 X109.281 Y115.5 E268.24954
G1 F472.4 X108.937 Y115.338 E268.28166
G1 F470.6 X108.612 Y115.139 E268.31399
G1 F476.2 X108.263 Y114.796 E268.355
G1 F477.1 X107.979 Y114.358 E268.39867
G1 F472.4 X107.803 Y113.85 E268.44408
G1 F478.1 X107.751 Y113.364 E268.48489
G1 F480 X107.803 Y112.882 E268.5252
G1 F476.2 X107.979 Y112.369 E268.57066
G1 F478.1 X108.261 Y111.933 E268.61401
G1 F476.2 X108.541 Y111.66 E268.64678
G1 F474.3 X108.812 Y111.448 E268.67574
G1 X109.287 Y111.227 E268.71982
G1 F470.6 X109.793 Y111.124 E268.76362
G1 F474.3 X110.309 Y111.136 E268.80705
G1 F478.1 X110.809 Y111.267 E268.8502
G1 F481 X111.237 Y111.489 E268.89021
G1 F478.1 X111.65 Y111.837 E268.9353
G1 F472.4 X111.951 Y112.246 E268.9782
G1 F468.8 X112.16 Y112.734 E269.0234
G1 F466 X112.227 Y113.121 E269.05704
G1 F464.2 X112.229 Y113.605 E269.09865
G1 X112.164 Y113.99 E269.13222
G1 F466.9 X111.955 Y114.475 E269.17736
G1 F469.7 X111.652 Y114.89 E269.22103
G1 F480 X111.258 Y115.228 E269.26419
G1 F485.8 X110.806 Y115.464 E269.30608
G1 F478.1 X110.306 Y115.592 E269.34917
G1 F471.5 X110 Y115.6 E269.37508
;TIME_ELAPSED:261.852842
;LAYER:34
;note -- min layer time used
;MESH:barrel_short.obj
G0 F12000 X110 Y115.6 Z15.59
;TYPE:WALL-OUTER
G1 F471.5 X109.797 Y115.606 E269.39227
G1 F470.6 X109.286 Y115.502 E269.4365
G1 F468.8 X108.837 Y115.292 E269.47871
G1 F467.8 X108.536 Y115.064 E269.51092
G1 F466.9 X108.26 Y114.795 E269.54386
G1 F468.8 X107.979 Y114.356 E269.58824
G1 F472.4 X107.806 Y113.878 E269.63119
G1 F478.1 X107.751 Y113.364 E269.67434
G1 F481.9 X107.81 Y112.846 E269.71752
G1 F478.1 X107.98 Y112.366 E269.76003
G1 F472.4 X108.262 Y111.933 E269.80369
G1 F470.6 X108.54 Y111.663 E269.83655
G1 X108.834 Y111.437 E269.86801
G1 F469.7 X109.283 Y111.231 E269.90999
G1 F470.6 X109.787 Y111.125 E269.95367
G1 F472.4 X110.305 Y111.134 E269.99743
G1 F476.2 X110.797 Y111.263 E270.04007
G1 F480 X111.241 Y111.49 E270.08153
G1 F476.2 X111.659 Y111.843 E270.12739
G1 F469.7 X111.966 Y112.269 E270.17201
G1 F466.9 X112.163 Y112.739 E270.21557
G1 F465.1 X112.227 Y113.116 E270.24838
G1 F464.2 X112.229 Y113.608 E270.29068
G1 F465.1 X112.165 Y113.983 E270.32333
G1 F466.9 X111.965 Y114.461 E270.36762
G1 F468.8 X111.658 Y114.885 E270.41219
G1 F478.1 X111.258 Y115.228 E270.45618
G1 F484.8 X110.806 Y115.464 E270.49816
G1 F478.1 X110.311 Y115.592 E270.54084
G1 F472.4 X110 Y115.6 E270.56712
;MESH:NONMESH
G0 F300 X110 Y115.6 Z15.99
G0 F12000 X110 Y115.599
;TIME_ELAPSED:263.899699
;LAYER:35
;note -- min layer time used
;TYPE:WALL-OUTER
;MESH:barrel_short.obj
G1 F474.3 X109.789 Y115.604 E270.58488
G1 F476.2 X109.278 Y115.5 E270.62859
G1 F487.8 X108.815 Y115.281 E270.6705
G1 F481.9 X108.54 Y115.065 E270.69946
G1 F476.2 X108.264 Y114.798 E270.73164
G1 X107.981 Y114.365 E270.775
G1 F472.4 X107.807 Y113.876 E270.81885
G1 F478.1 X107.751 Y113.364 E270.86184
G1 F481.9 X107.81 Y112.846 E270.90502
G1 F478.1 X107.981 Y112.366 E270.94756
G1 X108.261 Y111.934 E270.99054
G1 F475.2 X108.536 Y111.664 E271.0229
G1 F467.8 X108.93 Y111.394 E271.06365
G1 F468.8 X109.284 Y111.23 E271.09687
G1 F470.6 X109.792 Y111.124 E271.14088
G1 F474.3 X110.335 Y111.143 E271.1866
G1 F478.1 X110.801 Y111.263 E271.22678
G1 F481 X111.264 Y111.504 E271.27009
G1 F477.1 X111.661 Y111.846 E271.31392
G1 F470.6 X111.96 Y112.258 E271.3571
G1 F466 X112.163 Y112.735 E271.4015
G1 F463.3 X112.229 Y113.124 E271.43549
G1 X112.229 Y113.604 E271.47683
G1 F470.6 X112.165 Y113.984 E271.50952
G1 F472.4 X111.963 Y114.464 E271.55351
G1 F475.2 X111.663 Y114.876 E271.59631
G1 F480 X111.263 Y115.226 E271.64051
G1 F479 X110.798 Y115.467 E271.68415
G1 F481.9 X110.291 Y115.592 E271.72739
G1 F480 X110 Y115.599 E271.7516
;MESH:NONMESH
G0 F300 X110 Y115.599 Z16.39
G0 F12000 X110 Y115.598
;TIME_ELAPSED:265.807682
;LAYER:36
;note -- min layer time used
;TYPE:WALL-OUTER
;MESH:barrel_short.obj
G1 F476.2 X109.79 Y115.603 E271.7692
G1 F478.1 X109.276 Y115.498 E271.813
G1 F487.8 X108.817 Y115.283 E271.85447
G1 F480 X108.536 Y115.064 E271.88409
G1 F466.9 X108.259 Y114.794 E271.91716
G1 F468.8 X107.981 Y114.36 E271.96104
G1 F472.4 X107.807 Y113.875 E272.00457
G1 F478.1 X107.751 Y113.364 E272.04749
G1 F482.9 X107.811 Y112.847 E272.0905
G1 F478.1 X107.979 Y112.368 E272.13288
G1 F470.6 X108.256 Y111.938 E272.17626
G1 F467.8 X108.536 Y111.664 E272.20969
G1 X108.93 Y111.394 E272.25043
G1 F468.8 X109.282 Y111.231 E272.28346
G1 F466.9 X109.807 Y111.12 E272.32933
G1 F472.4 X110.325 Y111.142 E272.37313
G1 F479 X110.798 Y111.263 E272.41381
G1 F480 X111.26 Y111.501 E272.45702
G1 F475.2 X111.661 Y111.846 E272.50145
G1 F468.8 X111.961 Y112.257 E272.54477
G1 F465.1 X112.164 Y112.742 E272.58989
G1 F463.3 X112.229 Y113.121 E272.62302
G1 X112.229 Y113.608 E272.66497
G1 X112.166 Y113.986 E272.69798
G1 F464.2 X111.964 Y114.464 E272.74259
G1 F473.4 X111.663 Y114.876 E272.78562
G1 F480 X111.266 Y115.223 E272.82946
G1 X110.812 Y115.462 E272.87212
G1 F481.9 X110.291 Y115.592 E272.91659
G1 F480 X110 Y115.598 E272.94079
;TIME_ELAPSED:267.604418
;LAYER:37
;note -- min layer time used
;MESH:barrel_short.obj
G0 F12000 X110 Y115.598 Z16.79
;TYPE:WALL-OUTER
G1 F475.2 X109.783 Y115.603 E272.95902
G1 F472.4 X109.278 Y115.498 E273.0026
G1 F470.6 X108.93 Y115.335 E273.03519
G1 F469.7 X108.532 Y115.06 E273.0763
G1 F468.8 X108.26 Y114.796 E273.10857
G1 X107.977 Y114.354 E273.15326
G1 F472.4 X107.803 Y113.85 E273.19831
G1 F478.1 X107.751 Y113.364 E273.23911
G1 F481.9 X107.81 Y112.846 E273.28229
G1 F483.9 X107.981 Y112.364 E273.32447
G1 F478.1 X108.255 Y111.939 E273.36669
G1 F470.6 X108.531 Y111.671 E273.39932
G1 F469.7 X108.93 Y111.394 E273.44059
G1 F468.8 X109.281 Y111.231 E273.47354
G1 X109.795 Y111.121 E273.5183
G1 X110.317 Y111.134 E273.56276
G1 F473.4 X110.824 Y111.273 E273.60709
G1 F478.1 X111.248 Y111.493 E273.64696
G1 F474.3 X111.658 Y111.84 E273.69216
G1 F468.8 X111.965 Y112.267 E273.73694
G1 F466 X112.162 Y112.735 E273.78043
G1 F463.3 X112.229 Y113.12 E273.81409
G1 X112.229 Y113.604 E273.85579
G1 F471.5 X112.165 Y113.983 E273.88832
G1 F474.3 X111.965 Y114.46 E273.93185
G1 F476.2 X111.665 Y114.875 E273.97477
G1 F481 X111.263 Y115.226 E274.01905
G1 F480 X110.812 Y115.462 E274.06138
G1 F481.9 X110.291 Y115.592 E274.10585
G1 F480 X110 Y115.598 E274.13005
;TIME_ELAPSED:269.528876
;LAYER:38
;note -- min layer time used
;MESH:barrel_short.obj
G0 F12000 X110 Y115.598 Z17.19
;TYPE:WALL-OUTER
G1 F472.4 X109.778 Y115.603 E274.14881
G1 F478.1 X109.277 Y115.498 E274.19154
G1 F489.8 X108.815 Y115.281 E274.23314
G1 F481.9 X108.529 Y115.057 E274.26322
G1 F468.8 X108.259 Y114.792 E274.29543
G1 F470.6 X107.98 Y114.358 E274.33919
G1 F472.4 X107.806 Y113.878 E274.38233
G1 F478.1 X107.751 Y113.364 E274.42548
G1 F481.9 X107.81 Y112.846 E274.46866
G1 F476.2 X107.979 Y112.369 E274.51107
G1 X108.253 Y111.941 E274.55367
G1 F487.8 X108.626 Y111.579 E274.5962
G1 F480 X108.927 Y111.394 E274.62557
G1 F466.9 X109.284 Y111.231 E274.65912
G1 F467.8 X109.795 Y111.121 E274.70371
G1 X110.317 Y111.134 E274.74826
G1 F470.6 X110.825 Y111.271 E274.79288
G1 F474.3 X111.265 Y111.502 E274.8347
G1 F472.4 X111.662 Y111.845 E274.87903
G1 F466.9 X111.961 Y112.256 E274.92247
G1 F465.1 X112.164 Y112.743 E274.96775
G1 F463.3 X112.229 Y113.121 E275.00079
G1 X112.229 Y113.605 E275.04248
G1 X112.166 Y113.986 E275.07575
G1 F464.2 X111.961 Y114.47 E275.12094
G1 F472.4 X111.664 Y114.876 E275.16343
G1 F479 X111.262 Y115.227 E275.2079
G1 F477.1 X110.816 Y115.464 E275.25015
G1 F473.4 X110.325 Y115.591 E275.29291
G1 F470.6 X110 Y115.598 E275.32048
;TIME_ELAPSED:271.454935
;LAYER:39
;note -- min layer time used
;MESH:barrel_short.obj
G0 F12000 X110 Y115.598 Z17.59
;TYPE:WALL-OUTER
G1 F472.4 X109.776 Y115.603 E275.33941
G1 F471.5 X109.277 Y115.498 E275.38257
G1 F469.7 X108.923 Y115.333 E275.41576
G1 F467.8 X108.533 Y115.061 E275.45632
G1 F466.9 X108.254 Y114.788 E275.48969
G1 F468.8 X107.981 Y114.361 E275.53284
G1 F472.4 X107.807 Y113.877 E275.57629
G1 F478.1 X107.751 Y113.364 E275.61938
G1 F483.9 X107.811 Y112.855 E275.66165
G1 F479 X107.978 Y112.369 E275.70447
G1 F478.1 X108.255 Y111.94 E275.7471
G1 F476.2 X108.612 Y111.589 E275.78906
G1 F469.7 X108.923 Y111.398 E275.82007
G1 F468.8 X109.297 Y111.223 E275.85523
G1 F466.9 X109.796 Y111.121 E275.89877
G1 X110.316 Y111.134 E275.94323
G1 F469.7 X110.825 Y111.271 E275.98803
G1 F475.2 X111.262 Y111.501 E276.0295
G1 F473.4 X111.661 Y111.844 E276.07386
G1 F466.9 X111.961 Y112.254 E276.11729
G1 F464.2 X112.163 Y112.739 E276.16246
G1 F463.3 X112.229 Y113.12 E276.19577
G1 X112.229 Y113.605 E276.23755
G1 X112.167 Y113.986 E276.2708
G1 F472.4 X111.965 Y114.464 E276.31464
G1 F482.9 X111.664 Y114.877 E276.35688
G1 F480 X111.262 Y115.227 E276.4012
G1 F477.1 X110.816 Y115.464 E276.44345
G1 F473.4 X110.325 Y115.591 E276.48621
G1 F471.5 X110 Y115.598 E276.51372
;TIME_ELAPSED:273.385229
;LAYER:40
;note -- min layer time used
;MESH:barrel_short.obj
G0 F12000 X110 Y115.598 Z17.99
;TYPE:WALL-OUTER
G1 F474.3 X109.772 Y115.603 E276.53292
G1 F470.6 X109.272 Y115.498 E276.57625
G1 F467.8 X108.921 Y115.333 E276.60934
G1 F466.9 X108.533 Y115.061 E276.64984
G1 X108.256 Y114.792 E276.68284
G1 X107.981 Y114.361 E276.72655
G1 F472.4 X107.807 Y113.877 E276.77
G1 F478.1 X107.751 Y113.364 E276.81308
G1 F483.9 X107.811 Y112.855 E276.85535
G1 F479 X107.978 Y112.369 E276.89817
G1 F470.6 X108.255 Y111.939 E276.94155
G1 F468.8 X108.529 Y111.671 E276.97418
G1 F467.8 X108.927 Y111.394 E277.01555
G1 F466.9 X109.272 Y111.234 E277.04806
G1 F467.8 X109.794 Y111.121 E277.09362
G1 X110.316 Y111.134 E277.13817
G1 F472.4 X110.824 Y111.272 E277.18264
G1 F476.2 X111.258 Y111.498 E277.22366
G1 F477.1 X111.663 Y111.852 E277.26865
G1 F472.4 X111.961 Y112.256 E277.31106
G1 F465.1 X112.166 Y112.743 E277.3564
G1 F463.3 X112.229 Y113.12 E277.38933
G1 X112.229 Y113.608 E277.43137
G1 X112.166 Y113.986 E277.46438
G1 F464.2 X111.965 Y114.466 E277.50912
G1 F472.4 X111.664 Y114.878 E277.55223
G1 F479 X111.258 Y115.23 E277.597
G1 F476.2 X110.815 Y115.464 E277.63899
G1 F478.1 X110.322 Y115.591 E277.68149
G1 X110 Y115.598 E277.70838
;MESH:NONMESH
G0 F300 X110 Y115.598 Z18.39
G0 F12000 X110 Y115.601
;TIME_ELAPSED:275.432280
;LAYER:41
;note -- min layer time used
;TYPE:WALL-OUTER
;MESH:barrel_short.obj
G1 F474.3 X109.792 Y115.607 E277.72589
G1 F483.9 X109.269 Y115.496 E277.76999
G1 F477.1 X108.92 Y115.333 E277.80221
G1 F466.9 X108.53 Y115.058 E277.843
G1 F468.8 X108.255 Y114.788 E277.87581
G1 X107.977 Y114.355 E277.91963
G1 F471.5 X107.807 Y113.876 E277.96265
G1 F478.1 X107.751 Y113.364 E278.00565
G1 F483.9 X107.811 Y112.855 E278.04792
G1 F479 X107.978 Y112.369 E278.09074
G1 F470.6 X108.255 Y111.94 E278.13405
G1 F468.8 X108.525 Y111.674 E278.16632
G1 X108.815 Y111.447 E278.19768
G1 F467.8 X109.297 Y111.223 E278.24302
G1 F466.9 X109.795 Y111.121 E278.28648
G1 X110.312 Y111.133 E278.33068
G1 F470.6 X110.825 Y111.27 E278.37571
G1 F474.3 X111.257 Y111.497 E278.41678
G1 F472.4 X111.663 Y111.848 E278.46212
G1 F465.1 X111.964 Y112.26 E278.5059
G1 F463.3 X112.166 Y112.737 E278.55053
G1 F461.5 X112.229 Y113.124 E278.58443
G1 F460.7 X112.231 Y113.601 E278.62576
G1 F468.8 X112.168 Y113.979 E278.65839
G1 F470.6 X111.966 Y114.461 E278.70272
G1 F472.4 X111.664 Y114.876 E278.74608
G1 F478.1 X111.258 Y115.23 E278.79104
G1 F477.1 X110.816 Y115.463 E278.83284
G1 F472.4 X110.32 Y115.593 E278.87616
G1 F468.8 X110 Y115.601 E278.90341
;MESH:NONMESH
G0 F300 X110 Y115.601 Z18.79
G0 F12000 X110 Y115.602
;TIME_ELAPSED:277.355957
;LAYER:42
;note -- min layer time used
;TYPE:WALL-OUTER
;MESH:barrel_short.obj
G1 F466 X109.794 Y115.607 E278.92106
G1 F466.9 X109.297 Y115.508 E278.96438
G1 F468.8 X108.815 Y115.282 E279.00971
G1 X108.525 Y115.054 E279.04112
G1 X108.254 Y114.787 E279.07351
G1 X107.977 Y114.355 E279.1172
G1 F471.5 X107.807 Y113.876 E279.16023
G1 F478.1 X107.751 Y113.364 E279.20323
G1 F482.9 X107.811 Y112.848 E279.24616
G1 F478.1 X107.977 Y112.374 E279.28809
G1 F469.7 X108.249 Y111.946 E279.33118
G1 F466.9 X108.62 Y111.581 E279.37567
G1 F464.2 X108.952 Y111.378 E279.40913
G1 F476.2 X109.269 Y111.234 E279.43831
G1 F483.9 X109.795 Y111.121 E279.48269
G1 F472.4 X110.316 Y111.134 E279.52672
G1 F469.7 X110.825 Y111.271 E279.57151
G1 F473.4 X111.261 Y111.499 E279.61299
G1 F470.6 X111.661 Y111.844 E279.65779
G1 F466 X111.963 Y112.258 E279.70168
G1 F463.3 X112.165 Y112.736 E279.74639
G1 F461.5 X112.229 Y113.12 E279.78005
G1 F460.7 X112.231 Y113.604 E279.82199
G1 F461.5 X112.166 Y113.985 E279.85541
G1 F470.6 X111.965 Y114.462 E279.89931
G1 F473.4 X111.662 Y114.884 E279.94311
G1 X111.262 Y115.227 E279.98754
G1 F477.1 X110.816 Y115.464 E280.02979
G1 F471.5 X110.32 Y115.593 E280.07317
G1 F466.9 X110 Y115.602 E280.10053
;TIME_ELAPSED:279.164283
;LAYER:43
;note -- min layer time used
;MESH:barrel_short.obj
G0 F12000 X110 Y115.602 Z19.19
;TYPE:WALL-OUTER
G1 F466.9 X109.797 Y115.607 E280.11789
G1 X109.295 Y115.507 E280.16164
G1 F468.8 X108.814 Y115.281 E280.2069
G1 X108.521 Y115.05 E280.23866
G1 F467.8 X108.254 Y114.79 E280.27046
G1 F466.9 X107.98 Y114.36 E280.31404
G1 F470.6 X107.807 Y113.873 E280.35787
G1 F478.1 X107.751 Y113.364 E280.40062
G1 F482.9 X107.811 Y112.848 E280.44356
G1 F478.1 X107.977 Y112.374 E280.48549
G1 F470.6 X108.249 Y111.945 E280.52857
G1 F468.8 X108.526 Y111.674 E280.56156
G1 X108.913 Y111.402 E280.60184
G1 F467.8 X109.294 Y111.223 E280.63775
G1 F465.1 X109.798 Y111.119 E280.68191
G1 X110.314 Y111.133 E280.72621
G1 F468.8 X110.825 Y111.271 E280.77128
G1 F475.2 X111.262 Y111.501 E280.81275
G1 F472.4 X111.665 Y111.849 E280.85773
G1 F465.1 X111.964 Y112.26 E280.90134
G1 F461.5 X112.165 Y112.736 E280.94603
G1 F459.8 X112.231 Y113.121 E280.97994
G1 X112.231 Y113.604 E281.02186
G1 F460.7 X112.167 Y113.988 E281.05559
G1 F462.4 X111.963 Y114.469 E281.10069
G1 F470.6 X111.666 Y114.877 E281.14349
G1 F476.2 X111.262 Y115.229 E281.1884
G1 F475.2 X110.816 Y115.464 E281.23074
G1 F471.5 X110.315 Y115.593 E281.27453
G1 F466.9 X110 Y115.602 E281.30147
;MESH:NONMESH
G0 F300 X110 Y115.602 Z19.59
G0 F12000 X110 Y115.598
;TIME_ELAPSED:281.219382
;LAYER:44
;note -- min layer time used
;TYPE:WALL-OUTER
;MESH:barrel_short.obj
G1 F483.9 X109.763 Y115.603 E281.32102
G1 F486.8 X109.265 Y115.492 E281.36285
G1 F480 X108.809 Y115.279 E281.4047
G1 F468.8 X108.522 Y115.05 E281.43596
G1 X108.252 Y114.786 E281.46812
G1 F469.7 X107.98 Y114.358 E281.51121
G1 F472.4 X107.807 Y113.874 E281.55463
G1 F478.1 X107.751 Y113.364 E281.59746
G1 F482.9 X107.811 Y112.848 E281.6404
G1 F478.1 X107.977 Y112.373 E281.68241
G1 F470.6 X108.252 Y111.943 E281.7257
G1 F468.8 X108.521 Y111.678 E281.75785
G1 F480 X108.803 Y111.455 E281.78774
G1 F484.8 X109.304 Y111.22 E281.8333
G1 F472.4 X109.771 Y111.125 E281.87356
G1 F473.4 X110.3 Y111.137 E281.91817
G1 F479 X110.762 Y111.25 E281.9578
G1 F481 X111.242 Y111.488 E282.00226
G1 F485.8 X111.646 Y111.83 E282.04574
G1 F487.8 X112.002 Y112.311 E282.0947
G1 F485.8 X112.2 Y112.881 E282.14428
G1 X112.248 Y113.41 E282.18791
G1 F486.8 X112.183 Y113.897 E282.22819
G1 F478.1 X112.085 Y114.182 E282.25335
G1 X111.954 Y114.486 E282.28099
G1 F486.8 X111.643 Y114.901 E282.32351
G1 F485.8 X111.248 Y115.231 E282.36579
G1 X110.853 Y115.449 E282.40286
G1 F484.8 X110.354 Y115.59 E282.44554
G1 F483.9 X110 Y115.598 E282.47475
;TIME_ELAPSED:282.992337
;LAYER:45
;note -- min layer time used
;MESH:barrel_short.obj
G0 F12000 X110 Y115.598 Z19.99
;TYPE:WALL-OUTER
G1 F474.3 X109.766 Y115.603 E282.49444
G1 F472.4 X109.269 Y115.495 E282.53741
G1 F470.6 X108.806 Y115.277 E282.58081
G1 F468.8 X108.522 Y115.05 E282.61177
G1 X108.253 Y114.786 E282.64386
G1 F469.7 X107.98 Y114.359 E282.68693
G1 F472.4 X107.807 Y113.878 E282.73012
G1 F478.1 X107.751 Y113.364 E282.77328
G1 F482.9 X107.811 Y112.848 E282.81621
G1 F478.1 X107.977 Y112.374 E282.85814
G1 F468.8 X108.253 Y111.94 E282.90193
G1 F466 X108.518 Y111.679 E282.93379
G1 F473.4 X108.804 Y111.454 E282.96447
G1 F476.2 X109.265 Y111.237 E283.00718
G1 F470.6 X109.767 Y111.125 E283.0508
G1 F476.2 X110.3 Y111.137 E283.09549
G1 F478.1 X110.75 Y111.246 E283.13414
G1 F480 X111.214 Y111.463 E283.17673
G1 F485.8 X111.64 Y111.825 E283.22266
G1 F474.3 X111.816 Y112.046 E283.24643
G1 F469.7 X112.025 Y112.382 E283.28006
G1 F474.3 X112.195 Y112.86 E283.32275
G1 F478.1 X112.244 Y113.364 E283.36502
G1 F477.1 X112.194 Y113.873 E283.40781
G1 F469.7 X112.085 Y114.182 E283.43565
G1 F478.1 X111.954 Y114.482 E283.46298
G1 F487.8 X111.641 Y114.905 E283.50603
G1 F485.8 X111.212 Y115.267 E283.55215
G1 F481.9 X110.755 Y115.481 E283.59394
G1 F479 X110.303 Y115.591 E283.6327
G1 F477.1 X110 Y115.598 E283.65805
;MESH:NONMESH
G0 F300 X110 Y115.598 Z20.39
G0 F12000 X110 Y115.6
;TIME_ELAPSED:285.023861
;LAYER:46
;note -- min layer time used
;TYPE:WALL-OUTER
;MESH:barrel_short.obj
G1 F476.2 X109.746 Y115.601 E283.67934
G1 F472.4 X109.265 Y115.493 E283.72099
G1 F470.6 X108.807 Y115.275 E283.76401
G1 F468.8 X108.521 Y115.05 E283.79499
G1 F467.8 X108.251 Y114.784 E283.82733
G1 X107.98 Y114.36 E283.87026
G1 F472.4 X107.807 Y113.874 E283.91384
G1 F478.1 X107.751 Y113.364 E283.95667
G1 F480 X107.806 Y112.858 E283.99899
G1 F475.2 X107.981 Y112.367 E284.04277
G1 F471.5 X108.254 Y111.941 E284.0856
G1 F468.8 X108.518 Y111.681 E284.11714
G1 F480 X108.817 Y111.45 E284.14856
G1 F487.8 X109.271 Y111.235 E284.18966
G1 F477.1 X109.756 Y111.126 E284.23125
G1 F473.4 X110.24 Y111.126 E284.27205
G1 F470.6 X110.746 Y111.24 E284.31604
G1 F466.9 X111.211 Y111.463 E284.36013
G1 F464.2 X111.498 Y111.694 E284.3918
G1 F463.3 X111.755 Y111.951 E284.42311
G1 F472.4 X112.021 Y112.369 E284.46497
G1 F482.9 X112.189 Y112.848 E284.50692
G1 F477.1 X112.249 Y113.368 E284.55071
G1 F470.6 X112.194 Y113.87 E284.59354
G1 F466.9 X112.023 Y114.354 E284.63742
G1 F463.3 X111.757 Y114.771 E284.68003
G1 F461.5 X111.501 Y115.03 E284.71152
G1 F462.4 X111.21 Y115.266 E284.74385
G1 F465.1 X110.749 Y115.49 E284.78784
G1 F472.4 X110.249 Y115.6 E284.83109
G1 F478.1 X110 Y115.6 E284.85187
;MESH:NONMESH
G0 F300 X110 Y115.6 Z20.79
G0 F12000 X110 Y115.601
;TIME_ELAPSED:286.945897
;LAYER:47
;note -- min layer time used
;TYPE:WALL-OUTER
;MESH:barrel_short.obj
G1 F473.4 X109.745 Y115.602 E284.87337
G1 F472.4 X109.272 Y115.495 E284.91434
G1 F470.6 X108.806 Y115.275 E284.95805
G1 F468.8 X108.518 Y115.049 E284.98922
G1 F466.9 X108.255 Y114.79 E285.02077
G1 X107.98 Y114.36 E285.0644
G1 F472.4 X107.807 Y113.874 E285.10798
G1 F478.1 X107.751 Y113.363 E285.1509
G1 F481 X107.809 Y112.847 E285.19399
G1 F475.2 X107.975 Y112.375 E285.23601
G1 F470.6 X108.249 Y111.948 E285.27904
G1 F468.8 X108.518 Y111.681 E285.31131
G1 F469.7 X108.901 Y111.409 E285.35123
G1 F470.6 X109.267 Y111.236 E285.38556
G1 F473.4 X109.756 Y111.128 E285.42779
G1 F474.3 X110.24 Y111.126 E285.46852
G1 F468.8 X110.752 Y111.241 E285.5132
G1 F465.1 X111.202 Y111.46 E285.55614
G1 F464.2 X111.502 Y111.698 E285.58907
G1 F463.3 X111.813 Y112.041 E285.62895
G1 F464.2 X112.026 Y112.379 E285.6633
G1 F473.4 X112.189 Y112.846 E285.705
G1 F478.1 X112.249 Y113.364 E285.74854
G1 F471.5 X112.193 Y113.877 E285.79222
G1 F472.4 X112.03 Y114.334 E285.83321
G1 F468.8 X111.816 Y114.682 E285.86799
G1 F462.4 X111.502 Y115.03 E285.90845
G1 F463.3 X111.206 Y115.267 E285.94111
G1 F465.1 X110.75 Y115.49 E285.98467
G1 F470.6 X110.245 Y115.6 E286.02851
G1 F474.3 X110 Y115.601 E286.04912
;MESH:NONMESH
G0 F300 X110 Y115.601 Z21.19
G0 F12000 X110 Y115.598
;TIME_ELAPSED:288.869124
;LAYER:48
;note -- min layer time used
;TYPE:WALL-OUTER
;MESH:barrel_short.obj
G1 F476.2 X109.747 Y115.601 E286.07033
G1 F472.4 X109.265 Y115.493 E286.11206
G1 F470.6 X108.806 Y115.275 E286.15516
G1 F468.8 X108.518 Y115.047 E286.18643
G1 X108.253 Y114.786 E286.2181
G1 F469.7 X107.979 Y114.356 E286.26143
G1 F472.4 X107.806 Y113.872 E286.30485
G1 F478.1 X107.751 Y113.363 E286.3476
G1 F477.1 X107.804 Y112.857 E286.39015
G1 F471.5 X107.976 Y112.374 E286.43355
G1 F470.6 X108.248 Y111.948 E286.47642
G1 F468.8 X108.518 Y111.681 E286.50875
G1 X108.902 Y111.408 E286.54887
G1 X109.269 Y111.235 E286.58341
G1 F472.4 X109.756 Y111.128 E286.62554
G1 F475.2 X110.24 Y111.126 E286.66619
G1 F470.6 X110.747 Y111.238 E286.71022
G1 F466 X111.203 Y111.46 E286.75366
G1 F465.1 X111.499 Y111.697 E286.7862
G1 F464.2 X111.81 Y112.038 E286.82588
G1 F463.3 X112.024 Y112.373 E286.86012
G1 F466 X112.193 Y112.856 E286.90395
G1 F470.6 X112.249 Y113.368 E286.94763
G1 X112.194 Y113.87 E286.99046
G1 F472.4 X112.027 Y114.338 E287.03244
G1 F468.8 X111.816 Y114.682 E287.0668
G1 X111.605 Y114.947 E287.09564
G1 F470.6 X111.209 Y115.265 E287.13872
G1 F466.9 X110.749 Y115.49 E287.18249
G1 F473.4 X110.287 Y115.594 E287.22242
G1 F478.1 X110 Y115.598 E287.24638
;MESH:NONMESH
G0 F300 X110 Y115.598 Z21.59
G0 F12000 X110 Y115.601
;TIME_ELAPSED:290.792447
;LAYER:49
;note -- min layer time used
;TYPE:WALL-OUTER
;MESH:barrel_short.obj
G1 F474.3 X109.758 Y115.602 E287.26675
G1 F471.5 X109.264 Y115.495 E287.30953
G1 F470.6 X108.805 Y115.274 E287.35274
G1 F468.8 X108.514 Y115.043 E287.38437
G1 F467.8 X108.249 Y114.785 E287.41593
G1 F466.9 X107.976 Y114.355 E287.45946
G1 F470.6 X107.807 Y113.877 E287.50246
G1 F478.1 X107.751 Y113.363 E287.54563
G1 F477.1 X107.804 Y112.857 E287.58819
G1 F471.5 X107.977 Y112.37 E287.63193
G1 F470.6 X108.191 Y112.037 E287.6655
G1 F469.7 X108.51 Y111.688 E287.70568
G1 F468.8 X108.821 Y111.446 E287.73924
G1 X109.265 Y111.236 E287.78106
G1 F470.6 X109.758 Y111.128 E287.82386
G1 F472.4 X110.24 Y111.126 E287.86458
G1 F470.6 X110.746 Y111.24 E287.90857
G1 F472.4 X111.212 Y111.464 E287.95225
G1 F469.7 X111.501 Y111.698 E287.98385
G1 F461.5 X111.753 Y111.948 E288.01455
G1 F463.3 X112.023 Y112.372 E288.05785
G1 F473.4 X112.188 Y112.848 E288.10033
G1 F478.1 X112.249 Y113.368 E288.14404
G1 F471.5 X112.193 Y113.874 E288.18713
G1 F466.9 X112.025 Y114.348 E288.23012
G1 F463.3 X111.817 Y114.679 E288.26379
G1 X111.502 Y115.03 E288.30442
G1 F465.1 X111.208 Y115.265 E288.33672
G1 F468.8 X110.752 Y115.488 E288.37994
G1 F475.2 X110.25 Y115.6 E288.42313
G1 F478.1 X110 Y115.601 E288.444
;MESH:NONMESH
G0 F300 X110 Y115.601 Z21.99
G0 F12000 X110 Y115.599
;TIME_ELAPSED:292.717849
;LAYER:50
;note -- min layer time used
;TYPE:WALL-OUTER
;MESH:barrel_short.obj
G1 F476.2 X109.798 Y115.602 E288.46094
G1 F472.4 X109.266 Y115.494 E288.5068
G1 F470.6 X108.8 Y115.272 E288.55058
G1 F467.8 X108.511 Y115.042 E288.58209
G1 F466.9 X108.254 Y114.789 E288.61291
G1 F473.4 X107.978 Y114.358 E288.65606
G1 F477.1 X107.807 Y113.877 E288.69877
G1 F478.1 X107.751 Y113.363 E288.74193
G1 F481.9 X107.81 Y112.848 E288.78486
G1 F477.1 X107.978 Y112.37 E288.82724
G1 F471.5 X108.191 Y112.037 E288.8607
G1 F469.7 X108.51 Y111.688 E288.90088
G1 F475.2 X108.818 Y111.449 E288.93362
G1 F476.2 X109.258 Y111.238 E288.97452
G1 F471.5 X109.756 Y111.128 E289.0177
G1 F478.1 X110.27 Y111.133 E289.06061
G1 F477.1 X110.772 Y111.253 E289.10378
G1 F468.8 X111.207 Y111.462 E289.14487
G1 F465.1 X111.503 Y111.701 E289.17752
G1 F464.2 X111.817 Y112.049 E289.21782
G1 F474.3 X112.021 Y112.371 E289.2499
G1 F485.8 X112.187 Y112.848 E289.29139
G1 F479 X112.249 Y113.369 E289.3351
G1 F476.2 X112.192 Y113.881 E289.37828
G1 F481.9 X112.027 Y114.337 E289.41844
G1 F474.3 X111.817 Y114.679 E289.45221
G1 F465.1 X111.502 Y115.028 E289.49256
G1 F470.6 X111.19 Y115.275 E289.52631
G1 F472.4 X110.751 Y115.488 E289.56753
G1 F475.2 X110.279 Y115.595 E289.60817
G1 F480 X110 Y115.599 E289.63137
;MESH:NONMESH
G0 F300 X110 Y115.599 Z22.39
G0 F12000 X110 Y115.597
;TIME_ELAPSED:294.627902
;LAYER:51
;note -- min layer time used
;TYPE:WALL-OUTER
;MESH:barrel_short.obj
G1 F479 X109.749 Y115.599 E289.65229
G1 F474.3 X109.256 Y115.49 E289.69477
G1 F469.7 X108.803 Y115.275 E289.73739
G1 F466.9 X108.511 Y115.042 E289.76932
G1 X108.249 Y114.784 E289.80075
G1 X107.976 Y114.355 E289.84421
G1 F470.6 X107.807 Y113.877 E289.88721
G1 F478.1 X107.751 Y113.363 E289.93038
G1 X107.8 Y112.896 E289.96958
G1 F472.4 X107.973 Y112.377 E290.0158
G1 F470.6 X108.251 Y111.943 E290.05951
G1 F468.8 X108.507 Y111.69 E290.09016
G1 X108.801 Y111.457 E290.1221
G1 F470.6 X109.26 Y111.239 E290.16519
G1 F472.4 X109.757 Y111.128 E290.20821
G1 F475.2 X110.24 Y111.128 E290.24878
G1 F470.6 X110.739 Y111.237 E290.2921
G1 F465.1 X111.213 Y111.465 E290.33723
G1 X111.498 Y111.696 E290.36871
G1 X111.755 Y111.952 E290.39984
G1 F466 X112.022 Y112.375 E290.44268
G1 F475.2 X112.186 Y112.848 E290.48473
G1 F479 X112.249 Y113.365 E290.52812
G1 F472.4 X112.194 Y113.87 E290.57103
G1 F466.9 X112.022 Y114.355 E290.61502
G1 F464.2 X111.817 Y114.678 E290.64791
G1 X111.498 Y115.032 E290.68888
G1 F465.1 X111.208 Y115.266 E290.72086
G1 F466.9 X110.749 Y115.488 E290.76444
G1 F474.3 X110.271 Y115.595 E290.80566
G1 F480 X110 Y115.597 E290.8282
;TIME_ELAPSED:296.436117
;LAYER:52
;note -- min layer time used
;MESH:barrel_short.obj
G0 F12000 X110 Y115.597 Z22.79
;TYPE:WALL-OUTER
G1 F481 X109.749 Y115.598 E290.84902
G1 F476.2 X109.254 Y115.491 E290.89147
G1 F470.6 X108.797 Y115.27 E290.93453
G1 F467.8 X108.511 Y115.042 E290.96573
G1 F466.9 X108.253 Y114.788 E290.99668
G1 X107.976 Y114.354 E291.04069
G1 F470.6 X107.807 Y113.877 E291.08361
G1 F478.1 X107.751 Y113.363 E291.12677
G1 X107.804 Y112.857 E291.16924
G1 F472.4 X107.975 Y112.377 E291.21229
G1 F469.7 X108.248 Y111.947 E291.25557
G1 F468.8 X108.508 Y111.689 E291.28676
G1 X108.895 Y111.412 E291.32728
G1 X109.253 Y111.24 E291.3611
G1 F472.4 X109.753 Y111.128 E291.40439
G1 F477.1 X110.263 Y111.13 E291.44705
G1 F475.2 X110.768 Y111.25 E291.49064
G1 F466.9 X111.209 Y111.462 E291.53247
G1 F463.3 X111.494 Y111.693 E291.56407
G1 X111.755 Y111.953 E291.59581
G1 F465.1 X112.023 Y112.376 E291.63878
G1 F472.4 X112.188 Y112.847 E291.68094
G1 F479 X112.247 Y113.368 E291.72462
G1 F473.4 X112.192 Y113.878 E291.76787
G1 F466.9 X112.024 Y114.349 E291.81062
G1 F463.3 X111.814 Y114.682 E291.84453
G1 F464.2 X111.499 Y115.031 E291.88495
G1 F466 X111.208 Y115.265 E291.91693
G1 F470.6 X110.766 Y115.48 E291.95862
G1 F478.1 X110.262 Y115.596 E292.0018
G1 F481.9 X110 Y115.597 E292.02349
;MESH:NONMESH
G0 F300 X110 Y115.597 Z23.19
G0 F12000 X110 Y115.598
;TIME_ELAPSED:298.488123
;LAYER:53
;note -- min layer time used
;TYPE:WALL-OUTER
;MESH:barrel_short.obj
G1 F480 X109.749 Y115.598 E292.04437
G1 F476.2 X109.258 Y115.491 E292.08648
G1 F470.6 X108.798 Y115.271 E292.12973
G1 F468.8 X108.511 Y115.04 E292.1611
G1 X108.252 Y114.785 E292.19205
G1 F466.9 X107.972 Y114.348 E292.23641
G1 F468.8 X107.808 Y113.878 E292.2788
G1 F476.2 X107.751 Y113.363 E292.32223
G1 F477.1 X107.804 Y112.861 E292.36445
G1 F470.6 X107.976 Y112.372 E292.40842
G1 F468.8 X108.245 Y111.951 E292.45095
G1 F466.9 X108.507 Y111.689 E292.48263
G1 F467.8 X108.797 Y111.46 E292.51415
G1 F470.6 X109.254 Y111.241 E292.55713
G1 F473.4 X109.755 Y111.128 E292.60043
G1 F478.1 X110.259 Y111.13 E292.64251
G1 F481.9 X110.768 Y111.254 E292.6859
G1 F476.2 X111.218 Y111.473 E292.72784
G1 F465.1 X111.502 Y111.698 E292.75893
G1 F463.3 X111.752 Y111.948 E292.78939
G1 F465.1 X112.021 Y112.372 E292.83248
G1 F468.8 X112.194 Y112.862 E292.87672
G1 F474.3 X112.247 Y113.368 E292.91954
G1 X112.194 Y113.867 E292.96176
G1 F467.8 X112.021 Y114.353 E293.00577
G1 F465.1 X111.75 Y114.78 E293.04917
G1 X111.498 Y115.032 E293.07975
G1 F466 X111.208 Y115.266 E293.11167
G1 F470.6 X110.764 Y115.481 E293.15351
G1 F477.1 X110.258 Y115.598 E293.19695
G1 F480 X110 Y115.598 E293.2184
;MESH:NONMESH
G0 F300 X110 Y115.598 Z23.59
G0 F12000 X110 Y115.599
;TIME_ELAPSED:300.411845
;LAYER:54
;note -- min layer time used
;TYPE:WALL-OUTER
;MESH:barrel_short.obj
G1 F477.1 X109.789 Y115.6 E293.23605
G1 F475.2 X109.252 Y115.488 E293.28212
G1 F473.4 X108.89 Y115.313 E293.31602
G1 F469.7 X108.507 Y115.039 E293.35604
G1 F466.9 X108.247 Y114.779 E293.38747
G1 F467.8 X107.974 Y114.347 E293.43107
G1 F471.5 X107.808 Y113.877 E293.47326
G1 F478.1 X107.751 Y113.363 E293.51643
G1 X107.804 Y112.857 E293.55891
G1 F472.4 X107.975 Y112.376 E293.60203
G1 F470.6 X108.191 Y112.037 E293.63613
G1 F481.9 X108.41 Y111.771 E293.66466
G1 F487.8 X108.791 Y111.463 E293.70475
G1 F477.1 X109.254 Y111.241 E293.7477
G1 F473.4 X109.755 Y111.128 E293.791
G1 F478.1 X110.255 Y111.13 E293.83274
G1 F476.2 X110.761 Y111.248 E293.87629
G1 X111.218 Y111.472 E293.91895
G1 F485.8 X111.615 Y111.797 E293.9611
G1 F478.1 X111.81 Y112.041 E293.98717
G1 F476.2 X112.022 Y112.375 E294.02033
G1 F485.8 X112.186 Y112.848 E294.06146
G1 F481 X112.247 Y113.369 E294.10499
G1 F474.3 X112.192 Y113.876 E294.1479
G1 F468.8 X112.021 Y114.354 E294.19113
G1 F465.1 X111.809 Y114.687 E294.225
G1 X111.522 Y115.009 E294.26202
G1 F468.8 X111.216 Y115.257 E294.29555
G1 F472.4 X110.76 Y115.483 E294.33855
G1 F476.2 X110.255 Y115.598 E294.38196
G1 F478.1 X110 Y115.599 E294.40325
;MESH:NONMESH
G0 F300 X110 Y115.599 Z23.99
G0 F12000 X110 Y115.598
;TIME_ELAPSED:302.320391
;LAYER:55
;note -- min layer time used
;TYPE:WALL-OUTER
;MESH:barrel_short.obj
G1 F481.9 X109.748 Y115.597 E294.42412
G1 F478.1 X109.253 Y115.489 E294.46641
G1 F471.5 X108.8 Y115.271 E294.50897
G1 F468.8 X108.508 Y115.039 E294.54072
G1 X108.248 Y114.78 E294.57197
G1 X107.975 Y114.349 E294.61541
G1 F470.6 X107.805 Y113.875 E294.65812
G1 F477.1 X107.751 Y113.364 E294.7011
G1 F478.1 X107.804 Y112.857 E294.74366
G1 F472.4 X107.975 Y112.377 E294.78671
G1 F469.7 X108.244 Y111.952 E294.82945
G1 F468.8 X108.504 Y111.693 E294.8607
G1 X108.789 Y111.464 E294.89183
G1 F470.6 X109.256 Y111.24 E294.93575
G1 F474.3 X109.781 Y111.128 E294.98093
G1 F478.1 X110.252 Y111.13 E295.02025
G1 F476.2 X110.758 Y111.246 E295.06376
G1 F470.6 X111.218 Y111.472 E295.10723
G1 F469.7 X111.51 Y111.71 E295.13924
G1 F467.8 X111.827 Y112.067 E295.17997
G1 F466.9 X112.022 Y112.374 E295.21106
G1 F468.8 X112.192 Y112.858 E295.25474
G1 F474.3 X112.247 Y113.364 E295.29757
G1 X112.191 Y113.872 E295.34057
G1 F470.6 X112.023 Y114.35 E295.38354
G1 F474.3 X111.752 Y114.775 E295.42596
G1 F475.2 X111.513 Y115.015 E295.4544
G1 F468.8 X111.217 Y115.258 E295.48701
G1 F480 X110.771 Y115.475 E295.52825
G1 F484.8 X110.251 Y115.598 E295.57224
G1 F480 X110 Y115.598 E295.59311
;MESH:NONMESH
G0 F300 X110 Y115.598 Z24.39
G0 F12000 X110 Y115.597
;TIME_ELAPSED:304.236550
;LAYER:56
;note -- min layer time used
;TYPE:WALL-OUTER
;MESH:barrel_short.obj
G1 F481.9 X109.749 Y115.597 E295.6139
G1 F478.1 X109.247 Y115.488 E295.65678
G1 F470.6 X108.812 Y115.277 E295.69779
G1 F467.8 X108.503 Y115.035 E295.73127
G1 F466.9 X108.248 Y114.783 E295.76192
G1 X107.976 Y114.353 E295.80541
G1 F471.5 X107.806 Y113.87 E295.84875
G1 F478.1 X107.751 Y113.363 E295.89133
G1 F481.9 X107.81 Y112.847 E295.93434
G1 F476.2 X107.974 Y112.38 E295.97582
G1 F469.7 X108.242 Y111.954 E296.01859
G1 F466.9 X108.504 Y111.692 E296.05027
G1 X108.796 Y111.459 E296.0822
G1 F468.8 X109.25 Y111.242 E296.12504
G1 F473.4 X109.777 Y111.128 E296.1705
G1 F478.1 X110.248 Y111.13 E296.20983
G1 F476.2 X110.754 Y111.245 E296.25332
G1 F470.6 X111.213 Y111.468 E296.2966
G1 F467.8 X111.513 Y111.711 E296.32953
G1 X111.822 Y112.061 E296.36937
G1 F476.2 X112.025 Y112.387 E296.40155
G1 F478.1 X112.194 Y112.869 E296.44419
G1 F476.2 X112.245 Y113.385 E296.48765
G1 F479 X112.19 Y113.86 E296.52749
G1 F474.3 X112.015 Y114.359 E296.57199
G1 F468.8 X111.822 Y114.666 E296.60287
G1 F466.9 X111.594 Y114.951 E296.63406
G1 F467.8 X111.213 Y115.26 E296.67592
G1 F479 X110.771 Y115.475 E296.71687
G1 F483.9 X110.252 Y115.598 E296.76086
G1 F480 X110 Y115.597 E296.78182
;MESH:NONMESH
G0 F300 X110 Y115.597 Z24.79
G0 F12000 X110 Y115.598
;TIME_ELAPSED:306.150970
;LAYER:57
;note -- min layer time used
;TYPE:WALL-OUTER
;MESH:barrel_short.obj
G1 F479 X109.749 Y115.599 E296.80273
G1 F476.2 X109.25 Y115.489 E296.84556
G1 F471.5 X108.795 Y115.267 E296.88841
G1 F468.8 X108.504 Y115.036 E296.92005
G1 F466.9 X108.247 Y114.779 E296.95111
G1 X107.973 Y114.348 E296.99477
G1 F468.8 X107.804 Y113.869 E297.03802
G1 F476.2 X107.751 Y113.364 E297.08058
G1 F481 X107.809 Y112.848 E297.12367
G1 F481.9 X107.975 Y112.372 E297.16542
G1 F476.2 X108.185 Y112.044 E297.19806
G1 F468.8 X108.499 Y111.697 E297.23791
G1 F476.2 X108.809 Y111.456 E297.27082
G1 F478.1 X109.252 Y111.242 E297.31189
G1 F474.3 X109.778 Y111.128 E297.35718
G1 F478.1 X110.24 Y111.13 E297.39575
G1 F475.2 X110.737 Y111.239 E297.43848
G1 F470.6 X111.205 Y111.463 E297.48248
G1 F468.8 X111.593 Y111.774 E297.52482
G1 X111.823 Y112.062 E297.55621
G1 X112.026 Y112.385 E297.58869
G1 F478.1 X112.186 Y112.849 E297.62966
G1 F482.9 X112.247 Y113.38 E297.67384
G1 F478.1 X112.193 Y113.85 E297.71334
G1 F473.4 X112.026 Y114.34 E297.75698
G1 F467.8 X111.821 Y114.67 E297.79013
G1 F466 X111.51 Y115.02 E297.83023
G1 F474.3 X111.211 Y115.262 E297.86259
G1 F478.1 X110.754 Y115.487 E297.90512
G1 F476.2 X110.245 Y115.598 E297.94878
G1 F480 X110 Y115.598 E297.96916
;MESH:NONMESH
G0 F300 X110 Y115.598 Z25.19
G0 F12000 X110 Y115.599
;TIME_ELAPSED:308.063308
;LAYER:58
;note -- min layer time used
;TYPE:WALL-OUTER
;MESH:barrel_short.obj
G1 F478.1 X109.746 Y115.6 E297.99036
G1 F475.2 X109.249 Y115.487 E298.03316
G1 F472.4 X108.796 Y115.268 E298.07567
G1 F468.8 X108.5 Y115.032 E298.10791
G1 F474.3 X108.24 Y114.766 E298.13921
G1 F476.2 X107.976 Y114.351 E298.18043
G1 F471.5 X107.804 Y113.873 E298.22343
G1 F477.1 X107.751 Y113.364 E298.26624
G1 F478.1 X107.8 Y112.896 E298.30552
G1 F472.4 X107.969 Y112.385 E298.35099
G1 F470.6 X108.235 Y111.968 E298.39294
G1 F468.8 X108.497 Y111.699 E298.42491
G1 X108.793 Y111.46 E298.45731
G1 X109.252 Y111.241 E298.50061
G1 F474.3 X109.756 Y111.129 E298.54406
G1 F478.1 X110.24 Y111.128 E298.58446
G1 F475.2 X110.743 Y111.241 E298.62776
G1 F470.6 X111.212 Y111.468 E298.67195
G1 F468.8 X111.499 Y111.699 E298.70332
G1 X111.753 Y111.953 E298.7339
G1 X112.018 Y112.369 E298.7759
G1 F471.5 X112.189 Y112.854 E298.81943
G1 F476.2 X112.247 Y113.375 E298.86337
G1 F477.1 X112.19 Y113.874 E298.90538
G1 F472.4 X112.017 Y114.357 E298.94872
G1 F468.8 X111.807 Y114.688 E298.9821
G1 F466 X111.506 Y115.024 E299.02074
G1 F466.9 X111.21 Y115.262 E299.0532
G1 F470.6 X110.75 Y115.486 E299.0966
G1 F478.1 X110.25 Y115.598 E299.13937
G1 F481.9 X110 Y115.599 E299.16008
;MESH:NONMESH
G0 F300 X110 Y115.599 Z25.59
G0 F12000 X110 Y115.6
;TIME_ELAPSED:309.981045
;LAYER:59
;note -- min layer time used
;TYPE:WALL-OUTER
;MESH:barrel_short.obj
G1 F476.2 X109.746 Y115.601 E299.18137
G1 F478.1 X109.246 Y115.487 E299.22418
G1 F475.2 X108.79 Y115.265 E299.26677
G1 F466.9 X108.497 Y115.031 E299.29882
G1 F465.1 X108.182 Y114.68 E299.33929
G1 F466.9 X107.975 Y114.351 E299.37252
G1 F469.7 X107.804 Y113.871 E299.41582
G1 F476.2 X107.751 Y113.364 E299.45855
G1 F481.9 X107.81 Y112.847 E299.50164
G1 F477.1 X107.975 Y112.379 E299.54315
G1 F470.6 X108.243 Y111.953 E299.58584
G1 F468.8 X108.496 Y111.7 E299.6163
G1 X108.794 Y111.463 E299.64872
G1 F470.6 X109.253 Y111.24 E299.692
G1 F473.4 X109.756 Y111.128 E299.73545
G1 F477.1 X110.24 Y111.128 E299.77594
G1 F474.3 X110.745 Y111.241 E299.81948
G1 F476.2 X111.213 Y111.466 E299.86301
G1 F487.8 X111.595 Y111.779 E299.90341
G1 F480 X111.811 Y112.044 E299.93184
G1 F478.1 X112.02 Y112.373 E299.96438
G1 F487.8 X112.185 Y112.848 E300.00552
G1 F481 X112.247 Y113.364 E300.04865
G1 F475.2 X112.192 Y113.872 E300.09156
G1 F471.5 X112.021 Y114.351 E300.13461
G1 F466.9 X111.81 Y114.684 E300.16831
G1 F465.1 X111.498 Y115.031 E300.20835
G1 F477.1 X111.206 Y115.266 E300.23971
G1 F487.8 X110.753 Y115.486 E300.28091
G1 F483.9 X110.252 Y115.599 E300.32328
G1 F478.1 X110 Y115.6 E300.34431
;MESH:NONMESH
G0 F300 X110 Y115.6 Z25.99
G0 F12000 X110 Y115.699
;TIME_ELAPSED:311.892175
;LAYER:60
;note -- min layer time used
;TYPE:WALL-OUTER
;MESH:barrel_short.obj
G1 F347.3 X109.781 Y115.705 E300.36949
G1 F342.9 X109.241 Y115.592 E300.43371
G1 F338 X108.736 Y115.349 E300.49988
G1 F339.9 X108.285 Y114.981 E300.56823
G1 F343.3 X107.933 Y114.498 E300.6377
G1 F344.3 X107.714 Y113.914 E300.70999
G1 F342.9 X107.649 Y113.365 E300.77435
G1 F343.3 X107.725 Y112.778 E300.84316
G1 F345.8 X107.937 Y112.22 E300.91205
G1 F344.3 X108.292 Y111.741 E300.98115
G1 F339.9 X108.742 Y111.376 E301.04918
G1 F337.6 X109.256 Y111.134 E301.11636
G1 F341.9 X109.713 Y111.037 E301.1709
G1 F346.8 X110.216 Y111.023 E301.22881
G1 F342.9 X110.748 Y111.135 E301.29209
G1 F340.9 X111.256 Y111.376 E301.35792
G1 F346.8 X111.71 Y111.749 E301.42554
G1 F347.8 X112.064 Y112.229 E301.49398
G1 F343.8 X112.281 Y112.81 E301.56597
G1 F342.9 X112.347 Y113.364 E301.63092
G1 X112.275 Y113.967 E301.70161
G1 F343.8 X112.061 Y114.499 E301.76817
G1 F343.3 X111.708 Y114.984 E301.8379
G1 F339.9 X111.252 Y115.354 E301.90685
G1 F338 X110.746 Y115.594 E301.97297
G1 F342.9 X110.283 Y115.691 E302.02804
G1 F346.8 X110 Y115.699 E302.06062
;MESH:NONMESH
G0 F300 X110 Y115.699 Z26.39
G0 F12000 X110.027 Y116.094
;TIME_ELAPSED:314.626521
;LAYER:61
;note -- min layer time used
;TYPE:WALL-OUTER
;MESH:barrel_short.obj
G1 F493.8 X110 Y116.091 E302.06282
G1 F503.1 X109.665 Y116.057 E302.08953
G1 F494.8 X109.247 Y115.993 E302.12364
G1 F486.8 X108.644 Y115.733 E302.17747
G1 F494.8 X108.431 Y115.581 E302.19858
G1 F495.9 X108.034 Y115.267 E302.23932
G1 F487.8 X107.639 Y114.74 E302.29321
G1 F489.8 X107.354 Y114.053 E302.35381
G1 F491.8 X107.266 Y113.364 E302.41018
G1 X107.354 Y112.672 E302.46679
G1 X107.638 Y111.992 E302.5266
G1 F487.8 X108.061 Y111.439 E302.58357
G1 F486.8 X108.571 Y111.031 E302.63711
G1 F493.8 X108.975 Y110.852 E302.67283
G1 X109.287 Y110.729 E302.69993
G1 F492.8 X109.658 Y110.669 E302.73037
G1 X109.977 Y110.634 E302.75636
G1 F493.8 X110.332 Y110.671 E302.78521
G1 X110.712 Y110.73 E302.81629
G1 X110.981 Y110.832 E302.83954
G1 F495.9 X111.38 Y111.005 E302.87454
G1 F488.8 X111.937 Y111.443 E302.9324
G1 X112.361 Y111.992 E302.98904
G1 F489.8 X112.642 Y112.671 E303.04892
G1 F491.8 X112.73 Y113.364 E303.10561
G1 X112.642 Y114.057 E303.16231
G1 F489.8 X112.36 Y114.736 E303.22222
G1 F487.8 X111.936 Y115.288 E303.27917
G1 F494.8 X111.593 Y115.559 E303.31443
G1 X111.348 Y115.736 E303.3388
G1 X110.983 Y115.897 E303.37098
G1 F493.8 X110.706 Y116.003 E303.39495
G1 F491.8 X110.336 Y116.061 E303.42534
G1 X110.027 Y116.094 E303.45056
G0 F12000 X110 Y115.595
G1 F503.1 X110.195 Y115.602 E303.46604
G1 F502.1 X110.735 Y115.49 E303.50988
G1 X111.226 Y115.245 E303.5535
G1 X111.652 Y114.882 E303.59799
G1 F496.9 X111.969 Y114.431 E303.64227
G1 F491.8 X112.172 Y113.919 E303.68697
G1 X112.24 Y113.364 E303.73235
G1 X112.172 Y112.809 E303.77772
G1 F489.8 X111.973 Y112.294 E303.82271
G1 F495.9 X111.655 Y111.85 E303.86667
G1 F502.1 X111.231 Y111.485 E303.91114
G1 F503.1 X110.734 Y111.242 E303.95503
G1 X110.271 Y111.143 E303.99259
G1 F493.8 X109.978 Y111.132 E304.01628
G1 F491.8 X109.698 Y111.147 E304.03904
G1 F501 X109.262 Y111.243 E304.0746
G1 F502.1 X108.757 Y111.492 E304.11936
G1 X108.34 Y111.85 E304.16305
G1 F500 X108.022 Y112.299 E304.20697
G1 F495.9 X107.824 Y112.809 E304.251
G1 F491.8 X107.756 Y113.364 E304.29638
G1 X107.823 Y113.917 E304.34159
G1 F493.8 X108.023 Y114.422 E304.38549
G1 F494.8 X108.339 Y114.871 E304.42977
G1 F499 X108.762 Y115.241 E304.47473
G1 F503.1 X109.256 Y115.487 E304.5185
G1 X109.726 Y115.585 E304.55659
G1 F504.2 X110 Y115.595 E304.57829
;MESH:NONMESH
G0 F300 X110 Y115.595 Z26.79
G0 F12000 X110 Y115.981
;TIME_ELAPSED:318.626394
;LAYER:62
;note -- min layer time used
;TYPE:WALL-INNER
;MESH:barrel_short.obj
G1 F512.8 X110.27 Y115.982 E304.59931
G1 F510.6 X110.698 Y115.891 E304.63351
G1 F527.5 X110.939 Y115.812 E304.6527
G1 F528.6 X111.211 Y115.687 E304.6753
G1 F512.8 X111.531 Y115.505 E304.70395
G1 F518.4 X111.923 Y115.152 E304.74457
G1 F517.2 X112.288 Y114.659 E304.7919
G1 F508.5 X112.444 Y114.308 E304.82205
G1 F511.7 X112.562 Y113.955 E304.85108
G1 F516.1 X112.626 Y113.359 E304.89743
G1 F513.9 X112.578 Y112.879 E304.9349
G1 F506.3 X112.449 Y112.429 E304.9718
G1 F504.2 X112.289 Y112.068 E305.00305
G1 F510.6 X111.946 Y111.597 E305.0486
G1 F512.8 X111.529 Y111.222 E305.09224
G1 F508.5 X111.216 Y111.043 E305.12055
G1 F524 X110.935 Y110.916 E305.14403
G1 F526.3 X110.696 Y110.838 E305.1631
G1 F512.8 X110.288 Y110.748 E305.19562
G1 X109.724 Y110.746 E305.23951
G1 F508.5 X109.298 Y110.838 E305.27372
G1 F506.3 X108.89 Y110.981 E305.3078
G1 F508.5 X108.467 Y111.22 E305.34594
G1 F512.8 X108.051 Y111.594 E305.38947
G1 X107.703 Y112.075 E305.43568
G1 F509.6 X107.552 Y112.419 E305.46511
G1 F516.1 X107.431 Y112.811 E305.49683
G1 F524 X107.371 Y113.369 E305.53958
G1 F516.1 X107.427 Y113.927 E305.58294
G1 F506.3 X107.546 Y114.296 E305.6135
G1 X107.708 Y114.661 E305.64498
G1 F512.8 X108.077 Y115.156 E305.69303
G1 F517.2 X108.46 Y115.501 E305.73281
G1 F512.8 X108.788 Y115.69 E305.76227
G1 X109.173 Y115.865 E305.79519
G1 X109.712 Y115.979 E305.83806
G1 F515 X110 Y115.981 E305.86038
G0 F12000 X110 Y116.414
;TYPE:WALL-OUTER
G1 F600 X110.262 Y116.416 E305.87781
G1 X110.819 Y116.31 E305.91553
G1 X111.406 Y116.076 E305.95757
G1 X111.835 Y115.815 E305.99097
G1 X112.227 Y115.46 E306.02615
G1 X112.613 Y114.95 E306.0687
G1 X112.852 Y114.467 E306.10454
G1 X112.99 Y113.989 E306.13764
G1 X113.059 Y113.362 E306.1796
G1 X113.006 Y112.801 E306.21708
G1 X112.86 Y112.272 E306.25359
G1 X112.613 Y111.775 E306.29051
G1 X112.232 Y111.277 E306.33222
G1 X111.846 Y110.924 E306.36701
G1 X111.413 Y110.652 E306.40103
G1 X110.816 Y110.418 E306.44368
G1 X110.278 Y110.317 E306.48009
G1 X109.734 Y110.312 E306.51628
G1 X109.176 Y110.417 E306.55405
G1 X108.586 Y110.652 E306.5963
G1 X108.161 Y110.913 E306.62947
G1 X107.765 Y111.272 E306.66503
G1 X107.383 Y111.778 E306.7072
G1 X107.144 Y112.261 E306.74305
G1 X107.006 Y112.743 E306.7764
G1 X106.941 Y113.366 E306.81807
G1 X106.99 Y113.928 E306.85559
G1 X107.136 Y114.452 E306.89178
G1 X107.383 Y114.953 E306.92894
G1 X107.768 Y115.456 E306.97107
G1 X108.15 Y115.804 E307.00545
G1 X108.591 Y116.08 E307.04005
G1 X109.176 Y116.31 E307.08187
G1 X109.723 Y116.412 E307.11888
G1 X110 Y116.414 E307.13731
G0 F12000 X110 Y115.544
G1 F600 X109.709 Y115.543 E307.15666
G1 X109.214 Y115.423 E307.19055
G1 X108.757 Y115.182 E307.22491
G1 X108.368 Y114.84 E307.25937
G1 X108.048 Y114.381 E307.29659
G1 X107.863 Y113.898 E307.331
G1 X107.801 Y113.388 E307.36517
G1 X107.863 Y112.829 E307.40258
G1 X108.048 Y112.343 E307.43717
G1 X108.34 Y111.919 E307.47142
G1 X108.759 Y111.545 E307.50878
G1 X109.24 Y111.301 E307.54466
G1 X109.718 Y111.183 E307.57741
G1 X110.277 Y111.182 E307.61459
G1 X110.782 Y111.309 E307.64923
G1 X111.239 Y111.545 E307.68345
G1 X111.63 Y111.89 E307.71813
G1 X111.955 Y112.36 E307.75615
G1 X112.128 Y112.812 E307.78834
G1 X112.196 Y113.362 E307.8252
G1 X112.133 Y113.9 E307.86124
G1 X111.948 Y114.381 E307.89552
G1 X111.63 Y114.839 E307.93261
G1 X111.237 Y115.184 E307.96739
G1 X110.783 Y115.422 E308.00149
G1 X110.278 Y115.545 E308.03607
G1 X110 Y115.544 E308.05456
;MESH:NONMESH
G0 F300 X110 Y115.544 Z27.19
G0 F12000 X110 Y115.923
;TIME_ELAPSED:324.141613
;LAYER:63
;note -- min layer time used
;TYPE:WALL-INNER
;MESH:barrel_short.obj
G1 F681.8 X109.706 Y115.923 E308.07177
G1 F679.9 X109.292 Y115.831 E308.09667
G1 F689.7 X109.014 Y115.749 E308.11344
G1 F695.7 X108.511 Y115.47 E308.14644
G1 F689.7 X108.092 Y115.094 E308.17902
G1 X107.742 Y114.612 E308.2135
G1 F681.8 X107.608 Y114.29 E308.23391
G1 X107.485 Y113.945 E308.25535
G1 F689.7 X107.425 Y113.364 E308.28916
G1 X107.484 Y112.789 E308.32261
G1 F683.8 X107.609 Y112.435 E308.34452
G1 F685.7 X107.741 Y112.115 E308.36467
G1 F693.6 X108.093 Y111.634 E308.39897
G1 F691.6 X108.512 Y111.258 E308.43145
G1 F695.7 X109.013 Y110.983 E308.46424
G1 F685.7 X109.293 Y110.899 E308.48126
G1 F676.1 X109.698 Y110.805 E308.5058
G1 F679.9 X110.301 Y110.805 E308.5412
G1 F685.7 X110.855 Y110.934 E308.57431
G1 F681.8 X111.142 Y111.069 E308.59288
G1 F683.8 X111.474 Y111.25 E308.61495
G1 F689.7 X111.905 Y111.635 E308.64839
G1 X112.257 Y112.118 E308.68298
G1 F681.8 X112.388 Y112.436 E308.70311
G1 F678 X112.506 Y112.77 E308.72397
G1 F685.7 X112.575 Y113.367 E308.75895
G1 X112.504 Y113.974 E308.79452
G1 F678 X112.389 Y114.29 E308.81432
G1 F681.8 X112.253 Y114.612 E308.83478
G1 F689.7 X111.904 Y115.094 E308.86922
G1 X111.488 Y115.468 E308.90159
G1 F697.7 X110.982 Y115.749 E308.9347
G1 F689.7 X110.704 Y115.83 E308.95146
G1 F678 X110.292 Y115.923 E308.97632
G1 F681.8 X110 Y115.923 E308.99342
G0 F12000 X110 Y116.273
G1 F685.7 X110.271 Y116.273 E309.00919
G1 F681.8 X110.793 Y116.174 E309.04029
G1 F689.7 X111.038 Y116.086 E309.05536
G1 X111.301 Y115.977 E309.07183
G1 F679.9 X111.76 Y115.695 E309.10346
G1 F685.7 X112.158 Y115.334 E309.13473
G1 F681.8 X112.511 Y114.863 E309.16919
G1 F674.2 X112.722 Y114.418 E309.19835
G1 F676.1 X112.87 Y113.897 E309.23032
G1 F681.8 X112.921 Y113.364 E309.26166
G1 X112.865 Y112.783 E309.29583
G1 F674.2 X112.722 Y112.309 E309.32514
G1 X112.483 Y111.826 E309.35705
G1 F681.8 X112.158 Y111.395 E309.38865
G1 F683.8 X111.759 Y111.034 E309.42005
G1 F678 X111.304 Y110.752 E309.45157
G1 F685.7 X111.037 Y110.642 E309.46838
G1 X110.794 Y110.555 E309.4834
G1 F679.9 X110.271 Y110.455 E309.51466
G1 F685.7 X109.725 Y110.455 E309.54644
G1 F678 X109.203 Y110.554 E309.57772
G1 F685.7 X108.957 Y110.643 E309.59294
G1 X108.696 Y110.752 E309.60941
G1 F678 X108.238 Y111.033 E309.64104
G1 F685.7 X107.842 Y111.394 E309.67223
G1 F683.8 X107.514 Y111.827 E309.70394
G1 F678 X107.295 Y112.248 E309.73187
G1 X107.13 Y112.788 E309.76511
G1 F681.8 X107.075 Y113.364 E309.79899
G1 X107.131 Y113.946 E309.83321
G1 F674.2 X107.274 Y114.418 E309.86241
G1 X107.517 Y114.905 E309.89463
G1 F679.9 X107.838 Y115.334 E309.92609
G1 F685.7 X108.236 Y115.695 E309.95736
G1 F681.8 X108.695 Y115.977 E309.9889
G1 F689.7 X108.959 Y116.087 E310.00545
G1 X109.203 Y116.174 E310.02044
G1 F681.8 X109.725 Y116.273 E310.05154
G1 F685.7 X110 Y116.273 E310.06755
G0 F12000 X110 Y116.648
;TYPE:WALL-OUTER
G1 F600 X110.305 Y116.648 E310.08784
G1 X110.897 Y116.538 E310.12789
G1 X111.47 Y116.316 E310.16877
G1 X111.987 Y115.995 E310.20925
G1 X112.435 Y115.588 E310.24951
G1 X112.801 Y115.105 E310.28982
G1 X113.076 Y114.555 E310.33073
G1 X113.242 Y113.967 E310.37137
G1 X113.298 Y113.364 E310.41165
G1 X113.242 Y112.765 E310.45167
G1 X113.076 Y112.173 E310.49257
G1 X112.805 Y111.626 E310.53318
G1 X112.436 Y111.14 E310.57377
G1 X111.986 Y110.733 E310.61413
G1 X111.474 Y110.412 E310.65433
G1 X110.897 Y110.19 E310.69546
G1 X110.305 Y110.08 E310.73551
G1 X109.691 Y110.08 E310.77635
G1 X109.099 Y110.189 E310.81639
G1 X108.526 Y110.412 E310.8573
G1 X108.01 Y110.733 E310.89772
G1 X107.565 Y111.14 E310.93784
G1 X107.192 Y111.627 E310.97864
G1 X106.924 Y112.173 E311.0191
G1 X106.754 Y112.766 E311.06014
G1 X106.698 Y113.364 E311.10009
G1 X106.754 Y113.967 E311.14037
G1 X106.92 Y114.555 E311.18102
G1 X107.195 Y115.105 E311.22192
G1 X107.56 Y115.588 E311.26219
G1 X108.009 Y115.995 E311.3025
G1 X108.526 Y116.316 E311.34299
G1 X109.099 Y116.538 E311.38386
G1 X109.691 Y116.648 E311.42392
G1 X110 Y116.648 E311.44447
G0 F12000 X110 Y116.341
G0 X110 Y115.861
G0 X110 Y115.544
G1 F600 X109.709 Y115.543 E311.46383
G1 X109.215 Y115.423 E311.49764
G1 X108.758 Y115.182 E311.53201
G1 X108.36 Y114.832 E311.56727
G1 X108.049 Y114.382 E311.60366
G1 X107.863 Y113.899 E311.63809
G1 X107.8 Y113.345 E311.67518
G1 X107.863 Y112.829 E311.70975
G1 X108.048 Y112.344 E311.74428
G1 X108.358 Y111.898 E311.78041
G1 X108.771 Y111.538 E311.81686
G1 X109.215 Y111.309 E311.85009
G1 X109.719 Y111.183 E311.88465
G1 X110.288 Y111.185 E311.9225
G1 X110.757 Y111.301 E311.95464
G1 X111.239 Y111.545 E311.99058
G1 X111.639 Y111.899 E312.02611
G1 X111.948 Y112.343 E312.06209
G1 X112.133 Y112.829 E312.09668
G1 X112.196 Y113.383 E312.13377
G1 X112.128 Y113.916 E312.16951
G1 X111.948 Y114.382 E312.20275
G1 X111.626 Y114.842 E312.2401
G1 X111.238 Y115.183 E312.27446
G1 X110.781 Y115.423 E312.30879
G1 X110.277 Y115.545 E312.34329
G1 X110 Y115.544 E312.36172
;MESH:NONMESH
G0 F300 X110 Y115.544 Z27.59
G0 F12000 X110 Y115.923
;TIME_ELAPSED:330.962765
;LAYER:64
;note -- min layer time used
;TYPE:WALL-INNER
;MESH:barrel_short.obj
G1 F681.8 X109.706 Y115.923 E312.37893
G1 F679.9 X109.292 Y115.831 E312.40382
G1 F689.7 X109.014 Y115.749 E312.4206
G1 F695.7 X108.511 Y115.47 E312.4536
G1 F689.7 X108.092 Y115.094 E312.48618
G1 X107.742 Y114.612 E312.52065
G1 F681.8 X107.608 Y114.29 E312.54107
G1 X107.485 Y113.945 E312.56251
G1 F689.7 X107.425 Y113.364 E312.59631
G1 X107.484 Y112.789 E312.62976
G1 F683.8 X107.609 Y112.435 E312.65168
G1 F685.7 X107.741 Y112.115 E312.67182
G1 F693.6 X108.093 Y111.634 E312.70612
G1 F691.6 X108.512 Y111.258 E312.73861
G1 F695.7 X109.013 Y110.983 E312.7714
G1 F685.7 X109.293 Y110.899 E312.78841
G1 F676.1 X109.698 Y110.805 E312.81296
G1 F679.9 X110.301 Y110.805 E312.84836
G1 F685.7 X110.855 Y110.934 E312.88146
G1 F681.8 X111.142 Y111.069 E312.90003
G1 F683.8 X111.474 Y111.25 E312.9221
G1 F689.7 X111.905 Y111.635 E312.95555
G1 X112.257 Y112.118 E312.99014
G1 F681.8 X112.388 Y112.436 E313.01027
G1 F678 X112.506 Y112.77 E313.03112
G1 F685.7 X112.575 Y113.367 E313.0661
G1 X112.504 Y113.974 E313.10167
G1 F678 X112.389 Y114.29 E313.12147
G1 F681.8 X112.253 Y114.612 E313.14193
G1 F689.7 X111.904 Y115.094 E313.17637
G1 X111.488 Y115.468 E313.20875
G1 F697.7 X110.982 Y115.749 E313.24186
G1 F689.7 X110.704 Y115.83 E313.25861
G1 F678 X110.292 Y115.923 E313.28348
G1 F681.8 X110 Y115.923 E313.30057
G0 F12000 X110 Y116.273
G1 F685.7 X110.271 Y116.273 E313.31635
G1 F681.8 X110.793 Y116.174 E313.34745
G1 F689.7 X111.038 Y116.086 E313.36251
G1 X111.301 Y115.977 E313.37899
G1 F679.9 X111.76 Y115.695 E313.41061
G1 F685.7 X112.158 Y115.334 E313.44189
G1 F681.8 X112.511 Y114.863 E313.47634
G1 F674.2 X112.722 Y114.418 E313.5055
G1 F676.1 X112.87 Y113.897 E313.53748
G1 F681.8 X112.921 Y113.364 E313.56882
G1 X112.865 Y112.783 E313.60299
G1 F674.2 X112.722 Y112.309 E313.6323
G1 X112.483 Y111.826 E313.6642
G1 F681.8 X112.158 Y111.395 E313.6958
G1 F683.8 X111.759 Y111.034 E313.72721
G1 F678 X111.304 Y110.752 E313.75872
G1 F685.7 X111.037 Y110.642 E313.77553
G1 X110.794 Y110.555 E313.79055
G1 F679.9 X110.271 Y110.455 E313.82181
G1 F685.7 X109.725 Y110.455 E313.85359
G1 F678 X109.203 Y110.554 E313.88487
G1 F685.7 X108.957 Y110.643 E313.9001
G1 X108.696 Y110.752 E313.91656
G1 F678 X108.238 Y111.033 E313.94819
G1 F685.7 X107.842 Y111.394 E313.97938
G1 F683.8 X107.514 Y111.827 E314.01109
G1 F678 X107.295 Y112.248 E314.03903
G1 X107.13 Y112.788 E314.07227
G1 F681.8 X107.075 Y113.364 E314.10614
G1 X107.131 Y113.946 E314.14037
G1 F674.2 X107.274 Y114.418 E314.16956
G1 X107.517 Y114.905 E314.20179
G1 F679.9 X107.838 Y115.334 E314.23324
G1 F685.7 X108.236 Y115.695 E314.26452
G1 F681.8 X108.695 Y115.977 E314.29605
G1 F689.7 X108.959 Y116.087 E314.3126
G1 X109.203 Y116.174 E314.32759
G1 F681.8 X109.725 Y116.273 E314.3587
G1 F685.7 X110 Y116.273 E314.3747
G0 F12000 X110 Y116.648
;TYPE:WALL-OUTER
G1 F600 X110.305 Y116.648 E314.39499
G1 X110.897 Y116.538 E314.43504
G1 X111.47 Y116.316 E314.47592
G1 X111.987 Y115.995 E314.5164
G1 X112.435 Y115.588 E314.55666
G1 X112.801 Y115.105 E314.59698
G1 X113.076 Y114.555 E314.63788
G1 X113.242 Y113.967 E314.67852
G1 X113.298 Y113.364 E314.71881
G1 X113.242 Y112.765 E314.75883
G1 X113.076 Y112.173 E314.79973
G1 X112.805 Y111.626 E314.84033
G1 X112.436 Y111.14 E314.88092
G1 X111.986 Y110.733 E314.92129
G1 X111.474 Y110.412 E314.96148
G1 X110.897 Y110.19 E315.00261
G1 X110.305 Y110.08 E315.04266
G1 X109.691 Y110.08 E315.08351
G1 X109.099 Y110.189 E315.12355
G1 X108.526 Y110.412 E315.16445
G1 X108.01 Y110.733 E315.20487
G1 X107.565 Y111.14 E315.24499
G1 X107.192 Y111.627 E315.2858
G1 X106.924 Y112.173 E315.32625
G1 X106.754 Y112.766 E315.36729
G1 X106.698 Y113.364 E315.40724
G1 X106.754 Y113.967 E315.44753
G1 X106.92 Y114.555 E315.48817
G1 X107.195 Y115.105 E315.52908
G1 X107.56 Y115.588 E315.56935
G1 X108.009 Y115.995 E315.60966
G1 X108.526 Y116.316 E315.65014
G1 X109.099 Y116.538 E315.69102
G1 X109.691 Y116.648 E315.73107
G1 X110 Y116.648 E315.75163
G0 F12000 X110 Y116.341
G0 X110 Y115.861
G0 X110 Y115.544
G1 F600 X109.709 Y115.543 E315.77098
G1 X109.215 Y115.423 E315.8048
G1 X108.758 Y115.182 E315.83917
G1 X108.36 Y114.832 E315.87442
G1 X108.049 Y114.382 E315.91081
G1 X107.863 Y113.899 E315.94524
G1 X107.8 Y113.345 E315.98233
G1 X107.863 Y112.829 E316.01691
G1 X108.048 Y112.344 E316.05144
G1 X108.358 Y111.898 E316.08757
G1 X108.771 Y111.538 E316.12401
G1 X109.215 Y111.309 E316.15725
G1 X109.719 Y111.183 E316.1918
G1 X110.288 Y111.185 E316.22965
G1 X110.757 Y111.301 E316.26179
G1 X111.239 Y111.545 E316.29773
G1 X111.639 Y111.899 E316.33326
G1 X111.948 Y112.343 E316.36925
G1 X112.133 Y112.829 E316.40384
G1 X112.196 Y113.383 E316.44093
G1 X112.128 Y113.916 E316.47667
G1 X111.948 Y114.382 E316.5099
G1 X111.626 Y114.842 E316.54725
G1 X111.238 Y115.183 E316.58161
G1 X110.781 Y115.423 E316.61595
G1 X110.277 Y115.545 E316.65044
G1 X110 Y115.544 E316.66887
;MESH:NONMESH
G0 F300 X110 Y115.544 Z27.99
G0 F12000 X110 Y115.923
;TIME_ELAPSED:337.783916
;LAYER:65
;note -- min layer time used
;TYPE:WALL-INNER
;MESH:barrel_short.obj
G1 F681.8 X109.706 Y115.923 E316.68608
G1 F679.9 X109.292 Y115.831 E316.71098
G1 F689.7 X109.014 Y115.749 E316.72775
G1 F695.7 X108.511 Y115.47 E316.76075
G1 F689.7 X108.092 Y115.094 E316.79333
G1 X107.742 Y114.612 E316.82781
G1 F681.8 X107.608 Y114.29 E316.84822
G1 X107.485 Y113.945 E316.86966
G1 F689.7 X107.425 Y113.364 E316.90346
G1 X107.484 Y112.789 E316.93692
G1 F683.8 X107.609 Y112.435 E316.95883
G1 F685.7 X107.741 Y112.115 E316.97898
G1 F693.6 X108.093 Y111.634 E317.01327
G1 F691.6 X108.512 Y111.258 E317.04576
G1 F695.7 X109.013 Y110.983 E317.07855
G1 F685.7 X109.293 Y110.899 E317.09557
G1 F676.1 X109.698 Y110.805 E317.12011
G1 F679.9 X110.301 Y110.805 E317.15551
G1 F685.7 X110.855 Y110.934 E317.18862
G1 F681.8 X111.142 Y111.069 E317.20718
G1 F683.8 X111.474 Y111.25 E317.22926
G1 F689.7 X111.905 Y111.635 E317.2627
G1 X112.257 Y112.118 E317.29729
G1 F681.8 X112.388 Y112.436 E317.31742
G1 F678 X112.506 Y112.77 E317.33828
G1 F685.7 X112.575 Y113.367 E317.37326
G1 X112.504 Y113.974 E317.40883
G1 F678 X112.389 Y114.29 E317.42862
G1 F681.8 X112.253 Y114.612 E317.44909
G1 F689.7 X111.904 Y115.094 E317.48353
G1 X111.488 Y115.468 E317.5159
G1 F697.7 X110.982 Y115.749 E317.54901
G1 F689.7 X110.704 Y115.83 E317.56577
G1 F678 X110.292 Y115.923 E317.59063
G1 F681.8 X110 Y115.923 E317.60773
G0 F12000 X110 Y116.273
G1 F685.7 X110.271 Y116.273 E317.6235
G1 F681.8 X110.793 Y116.174 E317.6546
G1 F689.7 X111.038 Y116.086 E317.66967
G1 X111.301 Y115.977 E317.68614
G1 F679.9 X111.76 Y115.695 E317.71777
G1 F685.7 X112.158 Y115.334 E317.74904
G1 F681.8 X112.511 Y114.863 E317.7835
G1 F674.2 X112.722 Y114.418 E317.81265
G1 F676.1 X112.87 Y113.897 E317.84463
G1 F681.8 X112.921 Y113.364 E317.87597
G1 X112.865 Y112.783 E317.91014
G1 F674.2 X112.722 Y112.309 E317.93945
G1 X112.483 Y111.826 E317.97136
G1 F681.8 X112.158 Y111.395 E318.00296
G1 F683.8 X111.759 Y111.034 E318.03436
G1 F678 X111.304 Y110.752 E318.06588
G1 F685.7 X111.037 Y110.642 E318.08269
G1 X110.794 Y110.555 E318.09771
G1 F679.9 X110.271 Y110.455 E318.12897
G1 F685.7 X109.725 Y110.455 E318.16075
G1 F678 X109.203 Y110.554 E318.19203
G1 F685.7 X108.957 Y110.643 E318.20725
G1 X108.696 Y110.752 E318.22372
G1 F678 X108.238 Y111.033 E318.25535
G1 F685.7 X107.842 Y111.394 E318.28654
G1 F683.8 X107.514 Y111.827 E318.31825
G1 F678 X107.295 Y112.248 E318.34618
G1 X107.13 Y112.788 E318.37942
G1 F681.8 X107.075 Y113.364 E318.41329
G1 X107.131 Y113.946 E318.44752
G1 F674.2 X107.274 Y114.418 E318.47672
G1 X107.517 Y114.905 E318.50894
G1 F679.9 X107.838 Y115.334 E318.54039
G1 F685.7 X108.236 Y115.695 E318.57167
G1 F681.8 X108.695 Y115.977 E318.6032
G1 F689.7 X108.959 Y116.087 E318.61976
G1 X109.203 Y116.174 E318.63475
G1 F681.8 X109.725 Y116.273 E318.66585
G1 F685.7 X110 Y116.273 E318.68186
G0 F12000 X110 Y116.648
;TYPE:WALL-OUTER
G1 F600 X110.305 Y116.648 E318.70214
G1 X110.897 Y116.538 E318.7422
G1 X111.47 Y116.316 E318.78308
G1 X111.987 Y115.995 E318.82356
G1 X112.435 Y115.588 E318.86382
G1 X112.801 Y115.105 E318.90413
G1 X113.076 Y114.555 E318.94504
G1 X113.242 Y113.967 E318.98568
G1 X113.298 Y113.364 E319.02596
G1 X113.242 Y112.765 E319.06598
G1 X113.076 Y112.173 E319.10688
G1 X112.805 Y111.626 E319.14749
G1 X112.436 Y111.14 E319.18808
G1 X111.986 Y110.733 E319.22844
G1 X111.474 Y110.412 E319.26864
G1 X110.897 Y110.19 E319.30976
G1 X110.305 Y110.08 E319.34982
G1 X109.691 Y110.08 E319.39066
G1 X109.099 Y110.189 E319.4307
G1 X108.526 Y110.412 E319.4716
G1 X108.01 Y110.733 E319.51203
G1 X107.565 Y111.14 E319.55214
G1 X107.192 Y111.627 E319.59295
G1 X106.924 Y112.173 E319.63341
G1 X106.754 Y112.766 E319.67444
G1 X106.698 Y113.364 E319.7144
G1 X106.754 Y113.967 E319.75468
G1 X106.92 Y114.555 E319.79533
G1 X107.195 Y115.105 E319.83623
G1 X107.56 Y115.588 E319.8765
G1 X108.009 Y115.995 E319.91681
G1 X108.526 Y116.316 E319.95729
G1 X109.099 Y116.538 E319.99817
G1 X109.691 Y116.648 E320.03823
G1 X110 Y116.648 E320.05878
G0 F12000 X110 Y116.341
G0 X110 Y115.861
G0 X110 Y115.544
G1 F600 X109.709 Y115.543 E320.07814
G1 X109.215 Y115.423 E320.11195
G1 X108.758 Y115.182 E320.14632
G1 X108.36 Y114.832 E320.18158
G1 X108.049 Y114.382 E320.21797
G1 X107.863 Y113.899 E320.25239
G1 X107.8 Y113.345 E320.28948
G1 X107.863 Y112.829 E320.32406
G1 X108.048 Y112.344 E320.35859
G1 X108.358 Y111.898 E320.39472
G1 X108.771 Y111.538 E320.43117
G1 X109.215 Y111.309 E320.4644
G1 X109.719 Y111.183 E320.49896
G1 X110.288 Y111.185 E320.53681
G1 X110.757 Y111.301 E320.56895
G1 X111.239 Y111.545 E320.60488
G1 X111.639 Y111.899 E320.64042
G1 X111.948 Y112.343 E320.6764
G1 X112.133 Y112.829 E320.71099
G1 X112.196 Y113.383 E320.74808
G1 X112.128 Y113.916 E320.78382
G1 X111.948 Y114.382 E320.81705
G1 X111.626 Y114.842 E320.85441
G1 X111.238 Y115.183 E320.88877
G1 X110.781 Y115.423 E320.9231
G1 X110.277 Y115.545 E320.9576
G1 X110 Y115.544 E320.97602
;MESH:NONMESH
G0 F300 X110 Y115.544 Z28.39
G0 F12000 X110 Y115.923
;TIME_ELAPSED:344.605068
;LAYER:66
;note -- min layer time used
;TYPE:WALL-INNER
;MESH:barrel_short.obj
G1 F681.8 X109.706 Y115.923 E320.99323
G1 F679.9 X109.292 Y115.831 E321.01813
G1 F689.7 X109.014 Y115.749 E321.0349
G1 F695.7 X108.511 Y115.47 E321.06791
G1 F689.7 X108.092 Y115.094 E321.10049
G1 X107.742 Y114.612 E321.13496
G1 F681.8 X107.608 Y114.29 E321.15538
G1 X107.485 Y113.945 E321.17682
G1 F689.7 X107.425 Y113.364 E321.21062
G1 X107.484 Y112.789 E321.24407
G1 F683.8 X107.609 Y112.435 E321.26598
G1 F685.7 X107.741 Y112.115 E321.28613
G1 F693.6 X108.093 Y111.634 E321.32043
G1 F691.6 X108.512 Y111.258 E321.35292
G1 F695.7 X109.013 Y110.983 E321.38571
G1 F685.7 X109.293 Y110.899 E321.40272
G1 F676.1 X109.698 Y110.805 E321.42727
G1 F679.9 X110.301 Y110.805 E321.46266
G1 F685.7 X110.855 Y110.934 E321.49577
G1 F681.8 X111.142 Y111.069 E321.51434
G1 F683.8 X111.474 Y111.25 E321.53641
G1 F689.7 X111.905 Y111.635 E321.56986
G1 X112.257 Y112.118 E321.60445
G1 F681.8 X112.388 Y112.436 E321.62458
G1 F678 X112.506 Y112.77 E321.64543
G1 F685.7 X112.575 Y113.367 E321.68041
G1 X112.504 Y113.974 E321.71598
G1 F678 X112.389 Y114.29 E321.73578
G1 F681.8 X112.253 Y114.612 E321.75624
G1 F689.7 X111.904 Y115.094 E321.79068
G1 X111.488 Y115.468 E321.82305
G1 F697.7 X110.982 Y115.749 E321.85617
G1 F689.7 X110.704 Y115.83 E321.87292
G1 F678 X110.292 Y115.923 E321.89779
G1 F681.8 X110 Y115.923 E321.91488
G0 F12000 X110 Y116.273
G1 F685.7 X110.271 Y116.273 E321.93065
G1 F681.8 X110.793 Y116.174 E321.96176
G1 F689.7 X111.038 Y116.086 E321.97682
G1 X111.301 Y115.977 E321.9933
G1 F679.9 X111.76 Y115.695 E322.02492
G1 F685.7 X112.158 Y115.334 E322.0562
G1 F681.8 X112.511 Y114.863 E322.09065
G1 F674.2 X112.722 Y114.418 E322.11981
G1 F676.1 X112.87 Y113.897 E322.15178
G1 F681.8 X112.921 Y113.364 E322.18313
G1 X112.865 Y112.783 E322.2173
G1 F674.2 X112.722 Y112.309 E322.24661
G1 X112.483 Y111.826 E322.27851
G1 F681.8 X112.158 Y111.395 E322.31011
G1 F683.8 X111.759 Y111.034 E322.34152
G1 F678 X111.304 Y110.752 E322.37303
G1 F685.7 X111.037 Y110.642 E322.38984
G1 X110.794 Y110.555 E322.40486
G1 F679.9 X110.271 Y110.455 E322.43612
G1 F685.7 X109.725 Y110.455 E322.4679
G1 F678 X109.203 Y110.554 E322.49918
G1 F685.7 X108.957 Y110.643 E322.51441
G1 X108.696 Y110.752 E322.53087
G1 F678 X108.238 Y111.033 E322.5625
G1 F685.7 X107.842 Y111.394 E322.59369
G1 F683.8 X107.514 Y111.827 E322.6254
G1 F678 X107.295 Y112.248 E322.65334
G1 X107.13 Y112.788 E322.68658
G1 F681.8 X107.075 Y113.364 E322.72045
G1 X107.131 Y113.946 E322.75468
G1 F674.2 X107.274 Y114.418 E322.78387
G1 X107.517 Y114.905 E322.8161
G1 F679.9 X107.838 Y115.334 E322.84755
G1 F685.7 X108.236 Y115.695 E322.87882
G1 F681.8 X108.695 Y115.977 E322.91036
G1 F689.7 X108.959 Y116.087 E322.92691
G1 X109.203 Y116.174 E322.9419
G1 F681.8 X109.725 Y116.273 E322.973
G1 F685.7 X110 Y116.273 E322.98901
G0 F12000 X110 Y116.648
;TYPE:WALL-OUTER
G1 F600 X110.305 Y116.648 E323.0093
G1 X110.897 Y116.538 E323.04935
G1 X111.47 Y116.316 E323.09023
G1 X111.987 Y115.995 E323.13071
G1 X112.435 Y115.588 E323.17097
G1 X112.801 Y115.105 E323.21129
G1 X113.076 Y114.555 E323.25219
G1 X113.242 Y113.967 E323.29283
G1 X113.298 Y113.364 E323.33312
G1 X113.242 Y112.765 E323.37314
G1 X113.076 Y112.173 E323.41404
G1 X112.805 Y111.626 E323.45464
G1 X112.436 Y111.14 E323.49523
G1 X111.986 Y110.733 E323.5356
G1 X111.474 Y110.412 E323.57579
G1 X110.897 Y110.19 E323.61692
G1 X110.305 Y110.08 E323.65697
G1 X109.691 Y110.08 E323.69782
G1 X109.099 Y110.189 E323.73786
G1 X108.526 Y110.412 E323.77876
G1 X108.01 Y110.733 E323.81918
G1 X107.565 Y111.14 E323.8593
G1 X107.192 Y111.627 E323.9001
G1 X106.924 Y112.173 E323.94056
G1 X106.754 Y112.766 E323.9816
G1 X106.698 Y113.364 E324.02155
G1 X106.754 Y113.967 E324.06184
G1 X106.92 Y114.555 E324.10248
G1 X107.195 Y115.105 E324.14338
G1 X107.56 Y115.588 E324.18366
G1 X108.009 Y115.995 E324.22397
G1 X108.526 Y116.316 E324.26445
G1 X109.099 Y116.538 E324.30533
G1 X109.691 Y116.648 E324.34538
G1 X110 Y116.648 E324.36593
G0 F12000 X110 Y116.341
G0 X110 Y115.861
G0 X110 Y115.544
G1 F600 X109.709 Y115.543 E324.38529
G1 X109.215 Y115.423 E324.41911
G1 X108.758 Y115.182 E324.45348
G1 X108.36 Y114.832 E324.48873
G1 X108.049 Y114.382 E324.52512
G1 X107.863 Y113.899 E324.55955
G1 X107.8 Y113.345 E324.59664
G1 X107.863 Y112.829 E324.63122
G1 X108.048 Y112.344 E324.66575
G1 X108.358 Y111.898 E324.70188
G1 X108.771 Y111.538 E324.73832
G1 X109.215 Y111.309 E324.77156
G1 X109.719 Y111.183 E324.80611
G1 X110.288 Y111.185 E324.84396
G1 X110.757 Y111.301 E324.8761
G1 X111.239 Y111.545 E324.91204
G1 X111.639 Y111.899 E324.94757
G1 X111.948 Y112.343 E324.98355
G1 X112.133 Y112.829 E325.01815
G1 X112.196 Y113.383 E325.05524
G1 X112.128 Y113.916 E325.09098
G1 X111.948 Y114.382 E325.12421
G1 X111.626 Y114.842 E325.16156
G1 X111.238 Y115.183 E325.19592
G1 X110.781 Y115.423 E325.23026
G1 X110.277 Y115.545 E325.26475
G1 X110 Y115.544 E325.28318
;MESH:NONMESH
G0 F300 X110 Y115.544 Z28.79
G0 F12000 X110 Y115.923
;TIME_ELAPSED:351.426220
;LAYER:67
;note -- min layer time used
;TYPE:WALL-INNER
;MESH:barrel_short.obj
G1 F681.8 X109.706 Y115.923 E325.30039
G1 F679.9 X109.292 Y115.831 E325.32529
G1 F689.7 X109.014 Y115.749 E325.34206
G1 F695.7 X108.511 Y115.47 E325.37506
G1 F689.7 X108.092 Y115.094 E325.40764
G1 X107.742 Y114.612 E325.44211
G1 F681.8 X107.608 Y114.29 E325.46253
G1 X107.485 Y113.945 E325.48397
G1 F689.7 X107.425 Y113.364 E325.51777
G1 X107.484 Y112.789 E325.55123
G1 F683.8 X107.609 Y112.435 E325.57314
G1 F685.7 X107.741 Y112.115 E325.59329
G1 F693.6 X108.093 Y111.634 E325.62758
G1 F691.6 X108.512 Y111.258 E325.66007
G1 F695.7 X109.013 Y110.983 E325.69286
G1 F685.7 X109.293 Y110.899 E325.70988
G1 F676.1 X109.698 Y110.805 E325.73442
G1 F679.9 X110.301 Y110.805 E325.76982
G1 F685.7 X110.855 Y110.934 E325.80293
G1 F681.8 X111.142 Y111.069 E325.82149
G1 F683.8 X111.474 Y111.25 E325.84357
G1 F689.7 X111.905 Y111.635 E325.87701
G1 X112.257 Y112.118 E325.9116
G1 F681.8 X112.388 Y112.436 E325.93173
G1 F678 X112.506 Y112.77 E325.95259
G1 F685.7 X112.575 Y113.367 E325.98757
G1 X112.504 Y113.974 E326.02314
G1 F678 X112.389 Y114.29 E326.04293
G1 F681.8 X112.253 Y114.612 E326.0634
G1 F689.7 X111.904 Y115.094 E326.09783
G1 X111.488 Y115.468 E326.13021
G1 F697.7 X110.982 Y115.749 E326.16332
G1 F689.7 X110.704 Y115.83 E326.18008
G1 F678 X110.292 Y115.923 E326.20494
G1 F681.8 X110 Y115.923 E326.22204
G0 F12000 X110 Y116.273
G1 F685.7 X110.271 Y116.273 E326.23781
G1 F681.8 X110.793 Y116.174 E326.26891
G1 F689.7 X111.038 Y116.086 E326.28398
G1 X111.301 Y115.977 E326.30045
G1 F679.9 X111.76 Y115.695 E326.33208
G1 F685.7 X112.158 Y115.334 E326.36335
G1 F681.8 X112.511 Y114.863 E326.39781
G1 F674.2 X112.722 Y114.418 E326.42696
G1 F676.1 X112.87 Y113.897 E326.45894
G1 F681.8 X112.921 Y113.364 E326.49028
G1 X112.865 Y112.783 E326.52445
G1 F674.2 X112.722 Y112.309 E326.55376
G1 X112.483 Y111.826 E326.58567
G1 F681.8 X112.158 Y111.395 E326.61727
G1 F683.8 X111.759 Y111.034 E326.64867
G1 F678 X111.304 Y110.752 E326.68019
G1 F685.7 X111.037 Y110.642 E326.69699
G1 X110.794 Y110.555 E326.71202
G1 F679.9 X110.271 Y110.455 E326.74328
G1 F685.7 X109.725 Y110.455 E326.77506
G1 F678 X109.203 Y110.554 E326.80633
G1 F685.7 X108.957 Y110.643 E326.82156
G1 X108.696 Y110.752 E326.83802
G1 F678 X108.238 Y111.033 E326.86966
G1 F685.7 X107.842 Y111.394 E326.90085
G1 F683.8 X107.514 Y111.827 E326.93255
G1 F678 X107.295 Y112.248 E326.96049
G1 X107.13 Y112.788 E326.99373
G1 F681.8 X107.075 Y113.364 E327.0276
G1 X107.131 Y113.946 E327.06183
G1 F674.2 X107.274 Y114.418 E327.09103
G1 X107.517 Y114.905 E327.12325
G1 F679.9 X107.838 Y115.334 E327.1547
G1 F685.7 X108.236 Y115.695 E327.18598
G1 F681.8 X108.695 Y115.977 E327.21751
G1 F689.7 X108.959 Y116.087 E327.23407
G1 X109.203 Y116.174 E327.24906
G1 F681.8 X109.725 Y116.273 E327.28016
G1 F685.7 X110 Y116.273 E327.29617
G0 F12000 X110 Y116.648
;TYPE:WALL-OUTER
G1 F600 X110.305 Y116.648 E327.31645
G1 X110.897 Y116.538 E327.35651
G1 X111.47 Y116.316 E327.39738
G1 X111.987 Y115.995 E327.43787
G1 X112.435 Y115.588 E327.47813
G1 X112.801 Y115.105 E327.51844
G1 X113.076 Y114.555 E327.55934
G1 X113.242 Y113.967 E327.59999
G1 X113.298 Y113.364 E327.64027
G1 X113.242 Y112.765 E327.68029
G1 X113.076 Y112.173 E327.72119
G1 X112.805 Y111.626 E327.7618
G1 X112.436 Y111.14 E327.80239
G1 X111.986 Y110.733 E327.84275
G1 X111.474 Y110.412 E327.88295
G1 X110.897 Y110.19 E327.92407
G1 X110.305 Y110.08 E327.96413
G1 X109.691 Y110.08 E328.00497
G1 X109.099 Y110.189 E328.04501
G1 X108.526 Y110.412 E328.08591
G1 X108.01 Y110.733 E328.12634
G1 X107.565 Y111.14 E328.16645
G1 X107.192 Y111.627 E328.20726
G1 X106.924 Y112.173 E328.24772
G1 X106.754 Y112.766 E328.28875
G1 X106.698 Y113.364 E328.32871
G1 X106.754 Y113.967 E328.36899
G1 X106.92 Y114.555 E328.40963
G1 X107.195 Y115.105 E328.45054
G1 X107.56 Y115.588 E328.49081
G1 X108.009 Y115.995 E328.53112
G1 X108.526 Y116.316 E328.5716
G1 X109.099 Y116.538 E328.61248
G1 X109.691 Y116.648 E328.65253
G1 X110 Y116.648 E328.67309
G0 F12000 X110 Y116.341
G0 X110 Y115.861
G0 X110 Y115.544
G1 F600 X109.709 Y115.543 E328.69245
G1 X109.215 Y115.423 E328.72626
G1 X108.758 Y115.182 E328.76063
G1 X108.36 Y114.832 E328.79589
G1 X108.049 Y114.382 E328.83227
G1 X107.863 Y113.899 E328.8667
G1 X107.8 Y113.345 E328.90379
G1 X107.863 Y112.829 E328.93837
G1 X108.048 Y112.344 E328.9729
G1 X108.358 Y111.898 E329.00903
G1 X108.771 Y111.538 E329.04548
G1 X109.215 Y111.309 E329.07871
G1 X109.719 Y111.183 E329.11327
G1 X110.288 Y111.185 E329.15112
G1 X110.757 Y111.301 E329.18326
G1 X111.239 Y111.545 E329.21919
G1 X111.639 Y111.899 E329.25473
G1 X111.948 Y112.343 E329.29071
G1 X112.133 Y112.829 E329.3253
G1 X112.196 Y113.383 E329.36239
G1 X112.128 Y113.916 E329.39813
G1 X111.948 Y114.382 E329.43136
G1 X111.626 Y114.842 E329.46871
G1 X111.238 Y115.183 E329.50308
G1 X110.781 Y115.423 E329.53741
G1 X110.277 Y115.545 E329.57191
G1 X110 Y115.544 E329.59033
;MESH:NONMESH
G0 F300 X110 Y115.544 Z29.19
G0 F12000 X110 Y115.6
;TIME_ELAPSED:358.215977
;LAYER:68
;note -- min layer time used
;TYPE:WALL-OUTER
;MESH:barrel_short.obj
G1 F470.6 X109.798 Y115.605 E329.60747
G1 F469.7 X109.288 Y115.503 E329.65167
G1 F468.8 X108.953 Y115.349 E329.68306
G1 X108.634 Y115.156 E329.71481
G1 X108.258 Y114.792 E329.75937
G1 F469.7 X107.981 Y114.36 E329.80298
G1 F472.4 X107.803 Y113.849 E329.84869
G1 F478.1 X107.751 Y113.364 E329.88941
G1 F481.9 X107.81 Y112.845 E329.93267
G1 F477.1 X107.981 Y112.366 E329.97522
G1 F470.6 X108.257 Y111.937 E330.01848
G1 F468.8 X108.63 Y111.575 E330.06274
G1 X108.957 Y111.379 E330.0952
G1 F467.8 X109.393 Y111.205 E330.13525
G1 F474.3 X109.794 Y111.123 E330.16969
G1 F476.2 X110.313 Y111.135 E330.2132
G1 F474.3 X110.83 Y111.275 E330.25827
G1 F480 X111.259 Y111.503 E330.29867
G1 F477.1 X111.659 Y111.846 E330.34275
G1 F470.6 X111.96 Y112.258 E330.38602
G1 F466.9 X112.161 Y112.738 E330.4305
G1 X112.227 Y113.12 E330.46364
G1 X112.227 Y113.608 E330.50535
G1 F467.8 X112.163 Y113.986 E330.53806
G1 F468.8 X111.961 Y114.465 E330.58232
G1 F478.1 X111.663 Y114.874 E330.62457
G1 F482.9 X111.258 Y115.228 E330.66903
G1 F480 X110.815 Y115.462 E330.71069
G1 F475.2 X110.32 Y115.591 E330.75365
G1 F470.6 X110 Y115.6 E330.7808
;TIME_ELAPSED:360.014393
;LAYER:69
;note -- min layer time used
;MESH:barrel_short.obj
G0 F12000 X110 Y115.6 Z29.59
;TYPE:WALL-OUTER
G1 F470.6 X109.798 Y115.605 E330.79794
G1 F469.7 X109.288 Y115.503 E330.84213
G1 F468.8 X108.953 Y115.349 E330.87353
G1 X108.634 Y115.156 E330.90527
G1 X108.258 Y114.792 E330.94983
G1 F469.7 X107.981 Y114.36 E330.99344
G1 F472.4 X107.803 Y113.849 E331.03916
G1 F478.1 X107.751 Y113.364 E331.07988
G1 F481.9 X107.81 Y112.845 E331.12314
G1 F477.1 X107.981 Y112.366 E331.16568
G1 F470.6 X108.257 Y111.937 E331.20895
G1 F468.8 X108.63 Y111.575 E331.2532
G1 X108.957 Y111.379 E331.28566
G1 F467.8 X109.393 Y111.205 E331.32571
G1 F474.3 X109.794 Y111.123 E331.36015
G1 F476.2 X110.313 Y111.135 E331.40367
G1 F474.3 X110.83 Y111.275 E331.44874
G1 F480 X111.259 Y111.503 E331.48913
G1 F477.1 X111.659 Y111.846 E331.53321
G1 F470.6 X111.96 Y112.258 E331.57649
G1 F466.9 X112.161 Y112.738 E331.62097
G1 X112.227 Y113.12 E331.6541
G1 X112.227 Y113.608 E331.69582
G1 F467.8 X112.163 Y113.986 E331.72852
G1 F468.8 X111.961 Y114.465 E331.77279
G1 F478.1 X111.663 Y114.874 E331.81503
G1 F482.9 X111.258 Y115.228 E331.85949
G1 F480 X110.815 Y115.462 E331.90115
G1 F475.2 X110.32 Y115.591 E331.94411
G1 F470.6 X110 Y115.6 E331.97126
;TIME_ELAPSED:361.940469
G1 F2700 E326.97126
M140 S0
M107
G91 ;Relative positioning
G1 E-2 F2700 ;Retract a bit
G1 E-2 Z0.2 F2400 ;Retract and raise Z
G1 X5 Y5 F3000 ;Wipe out
G1 Z10 ;Raise Z more
G90 ;Absolute positioning

G28 X0 Y0 ;Present print
M106 S0 ;Turn-off fan
M104 S0 ;Turn-off hotend
M140 S0 ;Turn-off bed

M84 X Y E ;Disable all steppers but Z

M82 ;absolute extrusion mode
M104 S0
;End of Gcode
;SETTING_3 {"global_quality": "[general]\\nversion = 4\\nname = PLA - brim\\ndef
;SETTING_3 inition = creality_ender5\\n\\n[metadata]\\ntype = quality_changes\\n
;SETTING_3 quality_type = standard\\nsetting_version = 24\\n\\n[values]\\nadhesi
;SETTING_3 on_type = raft\\nlayer_height = 0.4\\nmaterial_bed_temperature = 50\\
;SETTING_3 nmaterial_bed_temperature_layer_0 = 55\\n\\n", "extruder_quality": ["
;SETTING_3 [general]\\nversion = 4\\nname = PLA - brim\\ndefinition = creality_e
;SETTING_3 nder5\\n\\n[metadata]\\ntype = quality_changes\\nquality_type = stand
;SETTING_3 ard\\nintent_category = default\\nposition = 0\\nsetting_version = 24
;SETTING_3 \\n\\n[values]\\ninfill_sparse_density = 100\\nmaterial_print_tempera
;SETTING_3 ture_layer_0 = 205\\nraft_margin = 5\\n\\n"]}
