;FLAVOR:Marlin
;TIME:1452
;Filament used: 1.48802m
;Layer height: 0.4
;MINX:95.2
;MINY:29.208
;MINZ:0.2
;MAXX:124.8
;MAXY:155.8
;MAXZ:11
;TARGET_MACHINE.NAME:Creality Ender-5
;Generated with Cura_SteamEngine 5.9.1
M140 S55
M105
M190 S55
M104 S205
M105
M109 S205
M82 ;absolute extrusion mode
M201 X500.00 Y500.00 Z100.00 E5000.00 ;Setup machine max acceleration
M203 X500.00 Y500.00 Z10.00 E50.00 ;Setup machine max feedrate
M204 P500.00 R1000.00 T500.00 ;Setup Print/Retract/Travel acceleration
M205 X8.00 Y8.00 Z0.40 E5.00 ;Setup Jerk
M220 S100 ;Reset Feedrate
M221 S100 ;Reset Flowrate

G28 ;Home

G92 E0 ;Reset Extruder
G1 Z2.0 F3000 ;Move Z Axis up
G1 X10.1 Y20 Z0.28 F5000.0 ;Move to start position
G1 X10.1 Y200.0 Z0.28 F1500.0 E15 ;Draw the first line
G1 X10.4 Y200.0 Z0.28 F5000.0 ;Move to side a little
G1 X10.4 Y20 Z0.28 F1500.0 E30 ;Draw the second line
G92 E0 ;Reset Extruder
G1 Z2.0 F3000 ;Move Z Axis up

G92 E0
G92 E0
G1 F2700 E-5
;LAYER_COUNT:28
;LAYER:0
M107
G0 F6000 X124.8 Y40 Z0.2
;TYPE:SKIRT
G1 F2700 E0
G1 F900 X124.74 Y145.856 E3.52079
G1 X124.511 Y147.435 E3.57385
G1 X123.242 Y149.794 E3.66295
G1 X118.776 Y154.26 E3.87301
G1 X116.651 Y155.399 E3.9532
G1 X116.154 Y155.57 E3.97068
G1 X113.98 Y155.8 E4.0434
G1 X105.127 Y155.739 E4.33785
G1 X103.558 Y155.509 E4.3906
G1 X101.218 Y154.254 E4.47891
G1 X96.74 Y149.776 E4.68954
G1 X95.566 Y147.585 E4.77222
G1 X95.435 Y147.19 E4.78606
G1 X95.2 Y145 E4.85932
G1 X95.26 Y39.144 E8.3801
G1 X95.489 Y37.565 E8.43317
G1 X96.758 Y35.206 E8.52226
G1 X101.215 Y30.749 E8.73191
G1 X103.6 Y29.461 E8.82206
G1 X105.327 Y29.239 E8.87997
G1 X114.175 Y29.208 E9.17426
G1 X116.075 Y29.421 E9.23785
G1 X116.579 Y29.562 E9.25526
G1 X118.776 Y30.74 E9.33817
G1 X123.26 Y35.224 E9.54909
G1 X124.434 Y37.415 E9.63176
G1 X124.565 Y37.81 E9.6456
G1 X124.8 Y40 E9.71886
G0 F6000 X124.4 Y40
G1 F900 X124.344 Y145.799 E13.23775
G1 X124.125 Y147.309 E13.2885
G1 X122.919 Y149.551 E13.37317
G1 X118.535 Y153.935 E13.57938
G1 X116.462 Y155.046 E13.65761
G1 X116.067 Y155.177 E13.67145
G1 X113.983 Y155.4 E13.74116
G1 X105.185 Y155.343 E14.03379
G1 X103.683 Y155.123 E14.08428
G1 X101.461 Y153.931 E14.16814
G1 X97.065 Y149.535 E14.37492
G1 X95.919 Y147.396 E14.45563
G1 X95.829 Y147.106 E14.46573
G1 X95.6 Y145 E14.53619
G1 X95.656 Y39.201 E18.05508
G1 X95.875 Y37.691 E18.10582
G1 X97.081 Y35.449 E18.1905
G1 X101.457 Y31.073 E18.39633
G1 X103.724 Y29.849 E18.48202
G1 X105.378 Y29.636 E18.53749
G1 X114.13 Y29.606 E18.82858
G1 X116.03 Y29.819 E18.89217
G1 X116.427 Y29.935 E18.90593
G1 X118.535 Y31.065 E18.98548
G1 X122.935 Y35.465 E19.19244
G1 X124.081 Y37.604 E19.27315
G1 X124.171 Y37.894 E19.28325
G1 X124.4 Y40 E19.35371
G0 F6000 X124 Y40
G1 F900 X123.948 Y145.742 E22.8707
G1 X123.739 Y147.183 E22.91913
G1 X122.596 Y149.308 E22.99939
G1 X118.294 Y153.61 E23.20174
G1 X116.273 Y154.693 E23.278
G1 X115.983 Y154.783 E23.2881
G1 X113.985 Y155 E23.35494
G1 X105.243 Y154.947 E23.64571
G1 X103.811 Y154.737 E23.69385
G1 X101.702 Y153.606 E23.77344
G1 X97.39 Y149.294 E23.97627
G1 X96.272 Y147.207 E24.05501
G1 X96.227 Y147.062 E24.06006
G1 X96 Y145 E24.12906
G1 X96.052 Y39.258 E27.64605
G1 X96.261 Y37.817 E27.69448
G1 X97.404 Y35.692 E27.77474
G1 X101.699 Y31.397 E27.97676
G1 X103.848 Y30.237 E28.05798
G1 X105.429 Y30.033 E28.111
G1 X114.085 Y30.004 E28.3989
G1 X115.985 Y30.217 E28.46249
G1 X116.273 Y30.307 E28.47253
G1 X118.294 Y31.39 E28.54879
G1 X122.61 Y35.706 E28.7518
G1 X123.728 Y37.793 E28.83055
G1 X123.773 Y37.938 E28.8356
G1 X124 Y40 E28.9046
G0 F6000 X123.6 Y40
G1 F900 X123.552 Y145.685 E32.41969
G1 X123.353 Y147.057 E32.4658
G1 X122.273 Y149.065 E32.54164
G1 X118.053 Y153.285 E32.74013
G1 X116.084 Y154.34 E32.81443
G1 X115.939 Y154.385 E32.81948
G1 X113.987 Y154.6 E32.8848
G1 X105.301 Y154.551 E33.1737
G1 X103.936 Y154.351 E33.21958
G1 X101.945 Y153.283 E33.29473
G1 X97.715 Y149.053 E33.4937
G1 X96.625 Y147.018 E33.57048
G1 X96.4 Y145 E33.63801
G1 X96.448 Y39.315 E37.15311
G1 X96.647 Y37.943 E37.19922
G1 X97.727 Y35.935 E37.27506
G1 X101.941 Y31.721 E37.47327
G1 X103.972 Y30.625 E37.55003
G1 X105.48 Y30.43 E37.6006
G1 X114.04 Y30.402 E37.88531
G1 X115.94 Y30.615 E37.9489
G1 X116.084 Y30.66 E37.95392
G1 X118.053 Y31.715 E38.02822
G1 X122.285 Y35.947 E38.22728
G1 X123.375 Y37.982 E38.30406
G1 X123.6 Y40 E38.37159
G0 F6000 X123.2 Y40
G1 F900 X123.156 Y145.628 E41.8848
G1 X122.967 Y146.931 E41.92859
G1 X121.95 Y148.822 E42
G1 X117.812 Y152.96 E42.19464
G1 X115.895 Y153.987 E42.26697
G1 X113.989 Y154.2 E42.33076
G1 X105.359 Y154.155 E42.6178
G1 X104.064 Y153.965 E42.66133
G1 X102.186 Y152.958 E42.73221
G1 X98.04 Y148.812 E42.92722
G1 X97.013 Y146.895 E42.99956
G1 X96.8 Y145 E43.06298
G1 X96.844 Y39.372 E46.57618
G1 X97.033 Y38.069 E46.61998
G1 X98.05 Y36.178 E46.69139
G1 X102.183 Y32.045 E46.88579
G1 X104.096 Y31.013 E46.95809
G1 X105.531 Y30.827 E47.00621
G1 X113.995 Y30.8 E47.28773
G1 X115.895 Y31.013 E47.35132
G1 X117.812 Y32.04 E47.42365
G1 X121.96 Y36.188 E47.61876
G1 X122.987 Y38.105 E47.6911
G1 X123.2 Y40 E47.75452
G0 F6000 X122.8 Y40
G1 F900 X122.76 Y145.571 E51.26583
G1 X122.581 Y146.805 E51.3073
G1 X121.627 Y148.579 E51.37429
G1 X117.571 Y152.635 E51.56507
G1 X115.772 Y153.599 E51.63296
G1 X113.991 Y153.8 E51.69257
G1 X105.417 Y153.759 E51.97775
G1 X104.189 Y153.579 E52.01903
G1 X102.429 Y152.635 E52.08545
G1 X98.365 Y148.571 E52.27661
G1 X97.401 Y146.772 E52.3445
G1 X97.2 Y145 E52.40381
G1 X97.24 Y39.429 E55.91512
G1 X97.419 Y38.195 E55.95659
G1 X98.373 Y36.421 E56.02358
G1 X102.425 Y32.369 E56.21418
G1 X104.22 Y31.401 E56.28201
G1 X105.583 Y31.224 E56.32772
G1 X113.996 Y31.2 E56.60754
G1 X115.772 Y31.401 E56.66699
G1 X117.571 Y32.365 E56.73487
G1 X121.635 Y36.429 E56.92603
G1 X122.599 Y38.228 E56.99391
G1 X122.8 Y40 E57.05323
G0 F6000 X122.4 Y40
G1 F900 X122.364 Y145.514 E60.56264
G1 X122.195 Y146.679 E60.60179
G1 X121.304 Y148.336 E60.66437
G1 X117.33 Y152.31 E60.85129
G1 X115.649 Y153.211 E60.91473
G1 X113.993 Y153.4 E60.97016
G1 X105.475 Y153.363 E61.25347
G1 X104.314 Y153.193 E61.2925
G1 X102.672 Y152.312 E61.35448
G1 X98.69 Y148.33 E61.54178
G1 X97.789 Y146.649 E61.60522
G1 X97.6 Y145 E61.66042
G1 X97.636 Y39.486 E65.16983
G1 X97.805 Y38.321 E65.20898
G1 X98.696 Y36.664 E65.27156
G1 X102.667 Y32.693 E65.45834
G1 X104.344 Y31.789 E65.52171
G1 X105.635 Y31.621 E65.56501
G1 X113.997 Y31.6 E65.84313
G1 X115.649 Y31.789 E65.89843
G1 X117.33 Y32.69 E65.96187
G1 X121.31 Y36.67 E66.14908
G1 X122.211 Y38.351 E66.21251
G1 X122.4 Y40 E66.26772
G0 F6000 X122 Y40
G1 F900 X121.968 Y145.457 E69.77523
G1 X121.809 Y146.553 E69.81207
G1 X120.981 Y148.093 E69.87022
G1 X117.089 Y151.985 E70.05329
G1 X115.526 Y152.823 E70.11227
G1 X113.995 Y153 E70.16353
G1 X105.533 Y152.967 E70.44498
G1 X104.442 Y152.807 E70.48166
G1 X102.913 Y151.987 E70.53936
G1 X99.015 Y148.089 E70.72271
G1 X98.177 Y146.526 E70.7817
G1 X98 Y145 E70.8328
G1 X98.032 Y39.543 E74.34031
G1 X98.191 Y38.447 E74.37715
G1 X99.019 Y36.907 E74.4353
G1 X102.909 Y33.017 E74.61827
G1 X104.468 Y32.177 E74.67717
G1 X105.687 Y32.018 E74.71806
G1 X113.998 Y32 E74.99449
G1 X115.526 Y32.177 E75.04565
G1 X117.089 Y33.015 E75.10463
G1 X120.985 Y36.911 E75.28789
G1 X121.823 Y38.474 E75.34688
G1 X122 Y40 E75.39797
G0 F6000 X121.6 Y40
G1 F900 X121.572 Y145.4 E78.90359
G1 X121.423 Y146.427 E78.93811
G1 X120.658 Y147.85 E78.99184
G1 X116.846 Y151.662 E79.17115
G1 X115.405 Y152.435 E79.22553
G1 X113.996 Y152.6 E79.27272
G1 X105.591 Y152.571 E79.55227
G1 X104.567 Y152.421 E79.58669
G1 X103.156 Y151.664 E79.63995
G1 X99.338 Y147.846 E79.81954
G1 X98.565 Y146.405 E79.87393
G1 X98.4 Y145 E79.92098
G1 X98.428 Y39.6 E83.4266
G1 X98.577 Y38.573 E83.46111
G1 X99.342 Y37.15 E83.51485
G1 X103.151 Y33.341 E83.69401
G1 X104.592 Y32.565 E83.74845
G1 X105.739 Y32.415 E83.78692
G1 X113.999 Y32.4 E84.06165
G1 X115.405 Y32.565 E84.10873
G1 X116.846 Y33.338 E84.16312
G1 X120.662 Y37.154 E84.34261
G1 X121.435 Y38.595 E84.397
G1 X121.6 Y40 E84.44405
G0 F6000 X121.2 Y40
G1 F900 X121.176 Y145.343 E87.94778
G1 X121.037 Y146.301 E87.97997
G1 X120.335 Y147.607 E88.02929
G1 X116.605 Y151.337 E88.20474
G1 X115.281 Y152.047 E88.25471
G1 X113.997 Y152.2 E88.29771
G1 X105.649 Y152.175 E88.57537
G1 X104.695 Y152.035 E88.60744
G1 X103.397 Y151.339 E88.65643
G1 X99.663 Y147.605 E88.83206
G1 X98.953 Y146.281 E88.88203
G1 X98.8 Y145 E88.92494
G1 X98.824 Y39.657 E92.42866
G1 X98.963 Y38.699 E92.46086
G1 X99.665 Y37.393 E92.51017
G1 X103.393 Y33.665 E92.68553
G1 X104.716 Y32.953 E92.7355
G1 X105.791 Y32.812 E92.77156
G1 X114 Y32.8 E93.04459
G1 X115.281 Y32.953 E93.0875
G1 X116.605 Y33.663 E93.13747
G1 X120.337 Y37.395 E93.31301
G1 X121.047 Y38.719 E93.36298
G1 X121.2 Y40 E93.40589
G0 F6000 X120.8 Y40
G1 F900 X120.78 Y145.286 E96.90772
G1 X120.651 Y146.175 E96.93759
G1 X120.012 Y147.364 E96.98249
G1 X116.362 Y151.014 E97.15418
G1 X115.16 Y151.659 E97.19955
G1 X113.998 Y151.8 E97.23848
G1 X105.707 Y151.779 E97.51424
G1 X104.82 Y151.649 E97.54406
G1 X103.64 Y151.016 E97.58859
G1 X99.986 Y147.362 E97.76047
G1 X99.341 Y146.16 E97.80584
G1 X99.2 Y145 E97.8447
G1 X99.22 Y39.714 E101.34653
G1 X99.349 Y38.825 E101.37641
G1 X99.988 Y37.636 E101.4213
G1 X103.636 Y33.988 E101.59289
G1 X104.839 Y33.341 E101.63832
G1 X105.843 Y33.209 E101.67201
G1 X114 Y33.2 E101.94331
G1 X115.16 Y33.341 E101.98217
G1 X116.362 Y33.986 E102.02755
G1 X120.014 Y37.638 E102.19932
G1 X120.659 Y38.84 E102.24469
G1 X120.8 Y40 E102.28356
G0 F6000 X120.4 Y40
G1 F900 X120.384 Y145.229 E105.78349
G1 X120.265 Y146.049 E105.81105
G1 X119.689 Y147.121 E105.85153
G1 X116.119 Y150.691 E106.01945
G1 X115.038 Y151.271 E106.06025
G1 X113.999 Y151.4 E106.09507
G1 X105.765 Y151.383 E106.36894
G1 X104.948 Y151.263 E106.3964
G1 X103.881 Y150.691 E106.43667
G1 X100.309 Y147.119 E106.60469
G1 X99.729 Y146.038 E106.64549
G1 X99.6 Y145 E106.68028
G1 X99.616 Y39.771 E110.18021
G1 X99.735 Y38.951 E110.20777
G1 X100.311 Y37.879 E110.24824
G1 X103.879 Y34.311 E110.41607
G1 X104.962 Y33.729 E110.45696
G1 X105.895 Y33.606 E110.48826
G1 X114 Y33.6 E110.75784
G1 X115.038 Y33.729 E110.79263
G1 X116.119 Y34.309 E110.83343
G1 X119.691 Y37.881 E111.00144
G1 X120.271 Y38.962 E111.04225
G1 X120.4 Y40 E111.07704
G0 F6000 X120 Y40
G1 F900 X119.988 Y145.172 E114.57507
G1 X119.879 Y145.923 E114.60031
G1 X119.366 Y146.878 E114.63637
G1 X115.878 Y150.366 E114.80043
G1 X114.914 Y150.883 E114.83682
G1 X114 Y151 E114.86746
G1 X105.823 Y150.987 E115.13943
G1 X105.073 Y150.877 E115.16464
G1 X104.124 Y150.368 E115.20046
G1 X100.634 Y146.878 E115.36462
G1 X100.117 Y145.914 E115.401
G1 X100 Y145 E115.43165
G1 X100.012 Y39.828 E118.92969
G1 X100.121 Y39.077 E118.95493
G1 X100.634 Y38.122 E118.99098
G1 X104.122 Y34.634 E119.15505
G1 X105.085 Y34.117 E119.1914
G1 X105.947 Y34.003 E119.22032
G1 X114 Y34 E119.48816
G1 X114.914 Y34.117 E119.51881
G1 X115.878 Y34.634 E119.55519
G1 X119.366 Y38.122 E119.71926
G1 X119.883 Y39.086 E119.75564
G1 X120 Y40 E119.78629
G0 F6000 X119.6 Y40
G1 F900 X119.592 Y145.115 E123.28243
G1 X119.493 Y145.797 E123.30535
G1 X119.043 Y146.635 E123.33699
G1 X115.635 Y150.043 E123.49729
G1 X114.793 Y150.495 E123.52907
G1 X114 Y150.6 E123.55568
G1 X105.881 Y150.591 E123.82572
G1 X105.198 Y150.491 E123.84868
G1 X104.367 Y150.045 E123.88005
G1 X100.957 Y146.635 E124.04044
G1 X100.505 Y145.793 E124.07223
G1 X100.4 Y145 E124.09883
G1 X100.408 Y39.885 E127.59497
G1 X100.507 Y39.203 E127.61789
G1 X100.957 Y38.365 E127.64953
G1 X104.365 Y34.957 E127.80983
G1 X105.207 Y34.505 E127.84162
G1 X106 Y34.4 E127.86822
G1 X114 Y34.4 E128.1343
G1 X114.793 Y34.505 E128.16091
G1 X115.635 Y34.957 E128.19269
G1 X119.043 Y38.365 E128.35299
G1 X119.495 Y39.207 E128.38478
G1 X119.6 Y40 E128.41138
G0 F6000 X119.2 Y40
G1 F900 X119.196 Y145.058 E131.90563
G1 X119.107 Y145.671 E131.92623
G1 X118.72 Y146.392 E131.95345
G1 X115.392 Y149.72 E132.10999
G1 X114.669 Y150.108 E132.13728
G1 X114 Y150.2 E132.15974
G1 X105.939 Y150.195 E132.42785
G1 X105.326 Y150.105 E132.44845
G1 X104.608 Y149.72 E132.47555
G1 X101.28 Y146.392 E132.63209
G1 X100.892 Y145.669 E132.65938
G1 X100.8 Y145 E132.68184
G1 X100.804 Y39.942 E136.17609
G1 X100.893 Y39.329 E136.19669
G1 X101.28 Y38.608 E136.2239
G1 X104.608 Y35.28 E136.38044
G1 X105.331 Y34.892 E136.40773
G1 X106 Y34.8 E136.43019
G1 X114 Y34.8 E136.69628
G1 X114.669 Y34.892 E136.71874
G1 X115.392 Y35.28 E136.74603
G1 X118.72 Y38.608 E136.90257
G1 X119.108 Y39.331 E136.92986
G1 X119.2 Y40 E136.95232
G0 F6000 X118.8 Y40
G1 F900 X118.8 Y145 E140.44463
G1 X118.721 Y145.543 E140.46288
G1 X118.395 Y146.151 E140.48583
G1 X115.151 Y149.395 E140.63842
G1 X114.543 Y149.721 E140.66136
G1 X114 Y149.8 E140.67961
G1 X105.939 Y149.795 E140.94772
G1 X105.455 Y149.72 E140.96401
G1 X104.849 Y149.395 E140.98688
G1 X101.605 Y146.151 E141.13947
G1 X101.279 Y145.543 E141.16242
G1 X101.2 Y145 E141.18067
G1 X101.2 Y40 E144.67298
G1 X101.279 Y39.457 E144.69123
G1 X101.605 Y38.849 E144.71418
G1 X104.849 Y35.605 E144.86676
G1 X105.457 Y35.279 E144.88971
G1 X106 Y35.2 E144.90796
G1 X114 Y35.2 E145.17404
G1 X114.543 Y35.279 E145.19229
G1 X115.151 Y35.605 E145.21524
G1 X118.395 Y38.849 E145.36783
G1 X118.721 Y39.457 E145.39077
G1 X118.8 Y40 E145.40902
G0 F6000 X118.4 Y40
G1 F900 X118.4 Y145 E148.90134
G1 X118.336 Y145.414 E148.91527
G1 X118.07 Y145.91 E148.93399
G1 X114.91 Y149.07 E149.08263
G1 X114.414 Y149.336 E149.10135
G1 X114 Y149.4 E149.11528
G1 X106 Y149.4 E149.38136
G1 X105.586 Y149.336 E149.39529
G1 X105.09 Y149.07 E149.41401
G1 X101.93 Y145.91 E149.56265
G1 X101.664 Y145.414 E149.58137
G1 X101.6 Y145 E149.5953
G1 X101.6 Y40 E153.08762
G1 X101.664 Y39.586 E153.10155
G1 X101.93 Y39.09 E153.12027
G1 X105.09 Y35.93 E153.26891
G1 X105.586 Y35.664 E153.28763
G1 X106 Y35.6 E153.30156
G1 X114 Y35.6 E153.56764
G1 X114.414 Y35.664 E153.58157
G1 X114.91 Y35.93 E153.60029
G1 X118.07 Y39.09 E153.74893
G1 X118.336 Y39.586 E153.76765
G1 X118.4 Y40 E153.78158
G0 F6000 X118 Y40
G1 F900 X118 Y145 E157.2739
G1 X117.952 Y145.285 E157.28351
G1 X117.747 Y145.667 E157.29793
G1 X114.667 Y148.747 E157.4428
G1 X114.285 Y148.952 E157.45722
G1 X114 Y149 E157.46683
G1 X106 Y149 E157.73292
G1 X105.715 Y148.952 E157.74253
G1 X105.333 Y148.747 E157.75695
G1 X102.253 Y145.667 E157.90182
G1 X102.048 Y145.285 E157.91624
G1 X102 Y145 E157.92585
G1 X102 Y40 E161.41817
G1 X102.048 Y39.715 E161.42778
G1 X102.253 Y39.333 E161.4422
G1 X105.333 Y36.253 E161.58707
G1 X105.715 Y36.048 E161.60149
G1 X106 Y36 E161.6111
G1 X114 Y36 E161.87719
G1 X114.285 Y36.048 E161.8868
G1 X114.667 Y36.253 E161.90122
G1 X117.747 Y39.333 E162.04609
G1 X117.952 Y39.715 E162.06051
G1 X118 Y40 E162.07012
G0 F6000 X117.2 Y40
G1 F900 X117.2 Y145 E165.56244
G1 X117.141 Y145.141 E165.56752
G1 X114.141 Y148.141 E165.70863
G1 X114 Y148.2 E165.71372
G1 X106 Y148.2 E165.9798
G1 X105.859 Y148.141 E165.98488
G1 X102.859 Y145.141 E166.12599
G1 X102.8 Y145 E166.13108
G1 X102.8 Y40 E169.62339
G1 X102.859 Y39.859 E169.62847
G1 X105.859 Y36.859 E169.76958
G1 X106 Y36.8 E169.77467
G1 X114 Y36.8 E170.04075
G1 X114.141 Y36.859 E170.04583
G1 X117.141 Y39.859 E170.18694
G1 X117.2 Y40 E170.19203
G0 F6000 X117.6 Y40
G1 F900 X117.6 Y145 E173.68434
G1 X117.569 Y145.154 E173.68957
G1 X117.424 Y145.424 E173.69976
G1 X114.424 Y148.424 E173.84087
G1 X114.154 Y148.569 E173.85106
G1 X114 Y148.6 E173.85629
G1 X106 Y148.6 E174.12237
G1 X105.846 Y148.569 E174.12759
G1 X105.576 Y148.424 E174.13779
G1 X102.576 Y145.424 E174.2789
G1 X102.431 Y145.154 E174.28909
G1 X102.4 Y145 E174.29432
G1 X102.4 Y40 E177.78663
G1 X102.431 Y39.846 E177.79185
G1 X102.576 Y39.576 E177.80205
G1 X105.576 Y36.576 E177.94316
G1 X105.846 Y36.431 E177.95335
G1 X106 Y36.4 E177.95858
G1 X114 Y36.4 E178.22466
G1 X114.154 Y36.431 E178.22988
G1 X114.424 Y36.576 E178.24008
G1 X117.424 Y39.576 E178.38119
G1 X117.569 Y39.846 E178.39138
G1 X117.6 Y40 E178.39661
G1 F2700 E173.39661
;MESH:bump_plate.obj
G0 F6000 X115.4 Y40.664
G0 X115.436 Y144.348
G0 X113.348 Y146.436
G0 X110 Y146.6
;TYPE:WALL-INNER
G1 F2700 E178.39661
G1 F900 X113.416 Y146.6 E178.51022
G1 X115.6 Y144.416 E178.61295
G1 X115.6 Y40.581 E182.06652
G1 X113.416 Y38.4 E182.16917
G1 X106.58 Y38.4 E182.39654
G1 X104.4 Y40.58 E182.49908
G1 X104.4 Y144.416 E185.95268
G1 X106.581 Y146.6 E186.05534
G1 X110 Y146.6 E186.16906
G0 F6000 X110 Y147
G1 F900 X113.581 Y147 E186.28816
G1 X116 Y144.581 E186.40194
G1 X116 Y40.415 E189.86652
G1 X113.582 Y38 E189.98018
G1 X106.415 Y38 E190.21856
G1 X104 Y40.415 E190.33215
G1 X104 Y144.582 E193.79676
G1 X106.415 Y147 E193.91043
G1 X110 Y147 E194.02966
G0 F6000 X110 Y147.4
G1 F900 X113.747 Y147.4 E194.15429
G1 X116.4 Y144.747 E194.27908
G1 X116.4 Y40.249 E197.7547
G1 X113.747 Y37.6 E197.87939
G1 X106.249 Y37.6 E198.12877
G1 X103.6 Y40.249 E198.25338
G1 X103.6 Y144.747 E201.72899
G1 X106.249 Y147.4 E201.85369
G1 X110 Y147.4 E201.97845
G0 F6000 X110 Y147.8
;TYPE:WALL-OUTER
G1 F900 X113.913 Y147.8 E202.10859
G1 X116.8 Y144.913 E202.24439
G1 X116.8 Y40.083 E205.73105
G1 X113.913 Y37.2 E205.86675
G1 X106.083 Y37.2 E206.12718
G1 X103.2 Y40.083 E206.26279
G1 X103.2 Y144.913 E209.74945
G1 X106.083 Y147.8 E209.88515
G1 X110 Y147.8 E210.01543
G0 F6000 X110 Y147.09
G0 X110 Y146.5
G0 X110 Y146.24
;TYPE:SKIN
G1 F900 X106.731 Y146.24 E210.12415
G1 X104.76 Y144.265 E210.21696
G1 X104.76 Y40.727 E213.66065
G1 X106.727 Y38.76 E213.75317
G1 X113.265 Y38.76 E213.97062
G1 X115.24 Y40.731 E214.06343
G1 X115.24 Y144.265 E217.50698
G1 X113.265 Y146.24 E217.59988
G1 X110 Y146.24 E217.70847
G0 F6000 X110 Y146.5
G0 X106.649 Y146.436
G0 X104.564 Y144.348
G0 X104.5 Y143.992
G0 X104.96 Y143.992
G1 F900 X107.008 Y146.04 E217.8048
G0 F6000 X107.574 Y146.04
G1 F900 X104.96 Y143.427 E217.92774
G0 F6000 X104.96 Y142.861
G1 F900 X108.139 Y146.04 E218.07727
G0 F6000 X108.705 Y146.04
G1 F900 X104.96 Y142.295 E218.25342
G0 F6000 X104.96 Y141.73
G1 F900 X109.271 Y146.04 E218.45617
G0 F6000 X109.836 Y146.04
G1 F900 X104.96 Y141.164 E218.68552
G0 F6000 X104.96 Y140.598
G1 F900 X110.402 Y146.04 E218.9415
G0 F6000 X110.968 Y146.04
G1 F900 X104.96 Y140.033 E219.22407
G0 F6000 X104.96 Y139.467
G1 F900 X111.533 Y146.04 E219.53325
G0 F6000 X112.099 Y146.04
G1 F900 X104.96 Y138.901 E219.86904
G0 F6000 X104.96 Y138.336
G1 F900 X112.665 Y146.04 E220.23144
G0 F6000 X113.206 Y146.016
G1 F900 X104.96 Y137.77 E220.61931
G0 F6000 X104.96 Y137.204
G1 F900 X113.489 Y145.733 E221.02048
G0 F6000 X113.772 Y145.45
G1 F900 X104.96 Y136.638 E221.43497
G0 F6000 X104.96 Y136.073
G1 F900 X114.055 Y145.168 E221.86278
G0 F6000 X114.338 Y144.885
G1 F900 X104.96 Y135.507 E222.30389
G0 F6000 X104.96 Y134.941
G1 F900 X114.621 Y144.602 E222.75831
G0 F6000 X114.903 Y144.319
G1 F900 X104.96 Y134.376 E223.226
G0 F6000 X104.96 Y133.81
G1 F900 X115.04 Y143.89 E223.70013
G0 F6000 X115.04 Y143.324
G1 F900 X104.96 Y133.244 E224.17426
G0 F6000 X104.96 Y132.679
G1 F900 X115.04 Y142.758 E224.64837
G0 F6000 X115.04 Y142.193
G1 F900 X104.96 Y132.113 E225.12251
G0 F6000 X104.96 Y131.547
G1 F900 X115.04 Y141.627 E225.59664
G0 F6000 X115.04 Y141.061
G1 F900 X104.96 Y130.982 E226.07075
G0 F6000 X104.96 Y130.416
G1 F900 X115.04 Y140.496 E226.54488
G0 F6000 X115.04 Y139.93
G1 F900 X104.96 Y129.85 E227.01901
G0 F6000 X104.96 Y129.285
G1 F900 X115.04 Y139.364 E227.49312
G0 F6000 X115.04 Y138.799
G1 F900 X104.96 Y128.719 E227.96725
G0 F6000 X104.96 Y128.153
G1 F900 X115.04 Y138.233 E228.44138
G0 F6000 X115.04 Y137.667
G1 F900 X104.96 Y127.588 E228.91549
G0 F6000 X104.96 Y127.022
G1 F900 X115.04 Y137.102 E229.38963
G0 F6000 X115.04 Y136.536
G1 F900 X104.96 Y126.456 E229.86376
G0 F6000 X104.96 Y125.89
G1 F900 X115.04 Y135.97 E230.33789
G0 F6000 X115.04 Y135.405
G1 F900 X104.96 Y125.325 E230.81202
G0 F6000 X104.96 Y124.759
G1 F900 X115.04 Y134.839 E231.28615
G0 F6000 X115.04 Y134.273
G1 F900 X104.96 Y124.193 E231.76029
G0 F6000 X104.96 Y123.628
G1 F900 X115.04 Y133.708 E232.23442
G0 F6000 X115.04 Y133.142
G1 F900 X104.96 Y123.062 E232.70855
G0 F6000 X104.96 Y122.496
G1 F900 X115.04 Y132.576 E233.18268
G0 F6000 X115.04 Y132.01
G1 F900 X104.96 Y121.931 E233.65679
G0 F6000 X104.96 Y121.365
G1 F900 X115.04 Y131.445 E234.13092
G0 F6000 X115.04 Y130.879
G1 F900 X104.96 Y120.799 E234.60506
G0 F6000 X104.96 Y120.234
G1 F900 X115.04 Y130.313 E235.07917
G0 F6000 X115.04 Y129.748
G1 F900 X104.96 Y119.668 E235.5533
G0 F6000 X104.96 Y119.102
G1 F900 X115.04 Y129.182 E236.02743
G0 F6000 X115.04 Y128.616
G1 F900 X104.96 Y118.537 E236.50154
G0 F6000 X104.96 Y117.971
G1 F900 X115.04 Y128.051 E236.97567
G0 F6000 X115.04 Y127.485
G1 F900 X104.96 Y117.405 E237.4498
G0 F6000 X104.96 Y116.839
G1 F900 X115.04 Y126.919 E237.92394
G0 F6000 X115.04 Y126.354
G1 F900 X104.96 Y116.274 E238.39807
G0 F6000 X104.96 Y115.708
G1 F900 X115.04 Y125.788 E238.8722
G0 F6000 X115.04 Y125.222
G1 F900 X104.96 Y115.142 E239.34633
G0 F6000 X104.96 Y114.577
G1 F900 X115.04 Y124.657 E239.82047
G0 F6000 X115.04 Y124.091
G1 F900 X104.96 Y114.011 E240.2946
G0 F6000 X104.96 Y113.445
G1 F900 X115.04 Y123.525 E240.76873
G0 F6000 X115.04 Y122.96
G1 F900 X104.96 Y112.88 E241.24286
G0 F6000 X104.96 Y112.314
G1 F900 X115.04 Y122.394 E241.71699
G0 F6000 X115.04 Y121.828
G1 F900 X104.96 Y111.748 E242.19113
G0 F6000 X104.96 Y111.183
G1 F900 X115.04 Y121.262 E242.66524
G0 F6000 X115.04 Y120.697
G1 F900 X104.96 Y110.617 E243.13937
G0 F6000 X104.96 Y110.051
G1 F900 X115.04 Y120.131 E243.6135
G0 F6000 X115.04 Y119.565
G1 F900 X104.96 Y109.486 E244.08761
G0 F6000 X104.96 Y108.92
G1 F900 X115.04 Y119 E244.56174
G0 F6000 X115.04 Y118.434
G1 F900 X104.96 Y108.354 E245.03587
G0 F6000 X104.96 Y107.789
G1 F900 X115.04 Y117.868 E245.50998
G0 F6000 X115.04 Y117.303
G1 F900 X104.96 Y107.223 E245.98411
G0 F6000 X104.96 Y106.657
G1 F900 X115.04 Y116.737 E246.45825
G0 F6000 X115.04 Y116.171
G1 F900 X104.96 Y106.091 E246.93238
G0 F6000 X104.96 Y105.526
G1 F900 X115.04 Y115.606 E247.40651
G0 F6000 X115.04 Y115.04
G1 F900 X104.96 Y104.96 E247.88064
G0 F6000 X104.96 Y104.394
G1 F900 X115.04 Y114.474 E248.35478
G0 F6000 X115.04 Y113.909
G1 F900 X104.96 Y103.829 E248.82891
G0 F6000 X104.96 Y103.263
G1 F900 X115.04 Y113.343 E249.30304
G0 F6000 X115.04 Y112.777
G1 F900 X104.96 Y102.697 E249.77717
G0 F6000 X104.96 Y102.132
G1 F900 X115.04 Y112.211 E250.25128
G0 F6000 X115.04 Y111.646
G1 F900 X104.96 Y101.566 E250.72541
G0 F6000 X104.96 Y101
G1 F900 X115.04 Y111.08 E251.19955
G0 F6000 X115.04 Y110.514
G1 F900 X104.96 Y100.435 E251.67366
G0 F6000 X104.96 Y99.869
G1 F900 X115.04 Y109.949 E252.14779
G0 F6000 X115.04 Y109.383
G1 F900 X104.96 Y99.303 E252.62192
G0 F6000 X104.96 Y98.738
G1 F900 X115.04 Y108.817 E253.09603
G0 F6000 X115.04 Y108.252
G1 F900 X104.96 Y98.172 E253.57016
G0 F6000 X104.96 Y97.606
G1 F900 X115.04 Y107.686 E254.04429
G0 F6000 X115.04 Y107.12
G1 F900 X104.96 Y97.041 E254.5184
G0 F6000 X104.96 Y96.475
G1 F900 X115.04 Y106.555 E254.99253
G0 F6000 X115.04 Y105.989
G1 F900 X104.96 Y95.909 E255.46667
G0 F6000 X104.96 Y95.343
G1 F900 X115.04 Y105.423 E255.9408
G0 F6000 X115.04 Y104.858
G1 F900 X104.96 Y94.778 E256.41493
G0 F6000 X104.96 Y94.212
G1 F900 X115.04 Y104.292 E256.88906
G0 F6000 X115.04 Y103.726
G1 F900 X104.96 Y93.646 E257.3632
G0 F6000 X104.96 Y93.081
G1 F900 X115.04 Y103.161 E257.83733
G0 F6000 X115.04 Y102.595
G1 F900 X104.96 Y92.515 E258.31146
G0 F6000 X104.96 Y91.949
G1 F900 X115.04 Y102.029 E258.78559
G0 F6000 X115.04 Y101.463
G1 F900 X104.96 Y91.384 E259.2597
G0 F6000 X104.96 Y90.818
G1 F900 X115.04 Y100.898 E259.73383
G0 F6000 X115.04 Y100.332
G1 F900 X104.96 Y90.252 E260.20797
G0 F6000 X104.96 Y89.687
G1 F900 X115.04 Y99.766 E260.68207
G0 F6000 X115.04 Y99.201
G1 F900 X104.96 Y89.121 E261.15621
G0 F6000 X104.96 Y88.555
G1 F900 X115.04 Y98.635 E261.63034
G0 F6000 X115.04 Y98.069
G1 F900 X104.96 Y87.99 E262.10445
G0 F6000 X104.96 Y87.424
G1 F900 X115.04 Y97.504 E262.57858
G0 F6000 X115.04 Y96.938
G1 F900 X104.96 Y86.858 E263.05271
G0 F6000 X104.96 Y86.292
G1 F900 X115.04 Y96.372 E263.52684
G0 F6000 X115.04 Y95.807
G1 F900 X104.96 Y85.727 E264.00098
G0 F6000 X104.96 Y85.161
G1 F900 X115.04 Y95.241 E264.47511
G0 F6000 X115.04 Y94.675
G1 F900 X104.96 Y84.595 E264.94924
G0 F6000 X104.96 Y84.03
G1 F900 X115.04 Y94.11 E265.42337
G0 F6000 X115.04 Y93.544
G1 F900 X104.96 Y83.464 E265.89751
G0 F6000 X104.96 Y82.898
G1 F900 X115.04 Y92.978 E266.37164
G0 F6000 X115.04 Y92.412
G1 F900 X104.96 Y82.333 E266.84575
G0 F6000 X104.96 Y81.767
G1 F900 X115.04 Y91.847 E267.31988
G0 F6000 X115.04 Y91.281
G1 F900 X104.96 Y81.201 E267.79401
G0 F6000 X104.96 Y80.636
G1 F900 X115.04 Y90.715 E268.26812
G0 F6000 X115.04 Y90.15
G1 F900 X104.96 Y80.07 E268.74225
G0 F6000 X104.96 Y79.504
G1 F900 X115.04 Y89.584 E269.21639
G0 F6000 X115.04 Y89.018
G1 F900 X104.96 Y78.939 E269.69049
G0 F6000 X104.96 Y78.373
G1 F900 X115.04 Y88.453 E270.16463
G0 F6000 X115.04 Y87.887
G1 F900 X104.96 Y77.807 E270.63876
G0 F6000 X104.96 Y77.242
G1 F900 X115.04 Y87.321 E271.11287
G0 F6000 X115.04 Y86.756
G1 F900 X104.96 Y76.676 E271.587
G0 F6000 X104.96 Y76.11
G1 F900 X115.04 Y86.19 E272.06113
G0 F6000 X115.04 Y85.624
G1 F900 X104.96 Y75.544 E272.53526
G0 F6000 X104.96 Y74.979
G1 F900 X115.04 Y85.059 E273.0094
G0 F6000 X115.04 Y84.493
G1 F900 X104.96 Y74.413 E273.48353
G0 F6000 X104.96 Y73.847
G1 F900 X115.04 Y83.927 E273.95766
G0 F6000 X115.04 Y83.362
G1 F900 X104.96 Y73.282 E274.43179
G0 F6000 X104.96 Y72.716
G1 F900 X115.04 Y82.796 E274.90593
G0 F6000 X115.04 Y82.23
G1 F900 X104.96 Y72.15 E275.38006
G0 F6000 X104.96 Y71.585
G1 F900 X115.04 Y81.664 E275.85417
G0 F6000 X115.04 Y81.099
G1 F900 X104.96 Y71.019 E276.3283
G0 F6000 X104.96 Y70.453
G1 F900 X115.04 Y80.533 E276.80243
G0 F6000 X115.04 Y79.967
G1 F900 X104.96 Y69.888 E277.27654
G0 F6000 X104.96 Y69.322
G1 F900 X115.04 Y79.402 E277.75067
G0 F6000 X115.04 Y78.836
G1 F900 X104.96 Y68.756 E278.22481
G0 F6000 X104.96 Y68.191
G1 F900 X115.04 Y78.27 E278.69891
G0 F6000 X115.04 Y77.705
G1 F900 X104.96 Y67.625 E279.17305
G0 F6000 X104.96 Y67.059
G1 F900 X115.04 Y77.139 E279.64718
G0 F6000 X115.04 Y76.573
G1 F900 X104.96 Y66.493 E280.12131
G0 F6000 X104.96 Y65.928
G1 F900 X115.04 Y76.008 E280.59544
G0 F6000 X115.04 Y75.442
G1 F900 X104.96 Y65.362 E281.06958
G0 F6000 X104.96 Y64.796
G1 F900 X115.04 Y74.876 E281.54371
G0 F6000 X115.04 Y74.311
G1 F900 X104.96 Y64.231 E282.01784
G0 F6000 X104.96 Y63.665
G1 F900 X115.04 Y73.745 E282.49197
G0 F6000 X115.04 Y73.179
G1 F900 X104.96 Y63.099 E282.9661
G0 F6000 X104.96 Y62.534
G1 F900 X115.04 Y72.614 E283.44024
G0 F6000 X115.04 Y72.048
G1 F900 X104.96 Y61.968 E283.91437
G0 F6000 X104.96 Y61.402
G1 F900 X115.04 Y71.482 E284.3885
G0 F6000 X115.04 Y70.916
G1 F900 X104.96 Y60.837 E284.86261
G0 F6000 X104.96 Y60.271
G1 F900 X115.04 Y70.351 E285.33674
G0 F6000 X115.04 Y69.785
G1 F900 X104.96 Y59.705 E285.81087
G0 F6000 X104.96 Y59.14
G1 F900 X115.04 Y69.219 E286.28498
G0 F6000 X115.04 Y68.654
G1 F900 X104.96 Y58.574 E286.75912
G0 F6000 X104.96 Y58.008
G1 F900 X115.04 Y68.088 E287.23325
G0 F6000 X115.04 Y67.522
G1 F900 X104.96 Y57.443 E287.70736
G0 F6000 X104.96 Y56.877
G1 F900 X115.04 Y66.957 E288.18149
G0 F6000 X115.04 Y66.391
G1 F900 X104.96 Y56.311 E288.65562
G0 F6000 X104.96 Y55.745
G1 F900 X115.04 Y65.825 E289.12975
G0 F6000 X115.04 Y65.26
G1 F900 X104.96 Y55.18 E289.60389
G0 F6000 X104.96 Y54.614
G1 F900 X115.04 Y64.694 E290.07802
G0 F6000 X115.04 Y64.128
G1 F900 X104.96 Y54.048 E290.55215
G0 F6000 X104.96 Y53.483
G1 F900 X115.04 Y63.563 E291.02628
G0 F6000 X115.04 Y62.997
G1 F900 X104.96 Y52.917 E291.50042
G0 F6000 X104.96 Y52.351
G1 F900 X115.04 Y62.431 E291.97455
G0 F6000 X115.04 Y61.865
G1 F900 X104.96 Y51.786 E292.44866
G0 F6000 X104.96 Y51.22
G1 F900 X115.04 Y61.3 E292.92279
G0 F6000 X115.04 Y60.734
G1 F900 X104.96 Y50.654 E293.39692
G0 F6000 X104.96 Y50.089
G1 F900 X115.04 Y60.168 E293.87103
G0 F6000 X115.04 Y59.603
G1 F900 X104.96 Y49.523 E294.34516
G0 F6000 X104.96 Y48.957
G1 F900 X115.04 Y59.037 E294.81929
G0 F6000 X115.04 Y58.471
G1 F900 X104.96 Y48.392 E295.2934
G0 F6000 X104.96 Y47.826
G1 F900 X115.04 Y57.906 E295.76754
G0 F6000 X115.04 Y57.34
G1 F900 X104.96 Y47.26 E296.24167
G0 F6000 X104.96 Y46.695
G1 F900 X115.04 Y56.774 E296.71578
G0 F6000 X115.04 Y56.209
G1 F900 X104.96 Y46.129 E297.18991
G0 F6000 X104.96 Y45.563
G1 F900 X115.04 Y55.643 E297.66404
G0 F6000 X115.04 Y55.077
G1 F900 X104.96 Y44.997 E298.13817
G0 F6000 X104.96 Y44.432
G1 F900 X115.04 Y54.512 E298.61231
G0 F6000 X115.04 Y53.946
G1 F900 X104.96 Y43.866 E299.08644
G0 F6000 X104.96 Y43.3
G1 F900 X115.04 Y53.38 E299.56057
G0 F6000 X115.04 Y52.815
G1 F900 X104.96 Y42.735 E300.0347
G0 F6000 X104.96 Y42.169
M104 S240
G1 F900 X115.04 Y52.249 E300.50883
G0 F6000 X115.04 Y51.683
G1 F900 X104.96 Y41.603 E300.98297
G0 F6000 X104.96 Y41.038
G1 F900 X115.04 Y51.117 E301.45708
G0 F6000 X115.04 Y50.552
G1 F900 X105.129 Y40.641 E301.92326
G0 F6000 X105.412 Y40.358
G1 F900 X115.04 Y49.986 E302.37613
G0 F6000 X115.04 Y49.42
G1 F900 X105.695 Y40.075 E302.81569
G0 F6000 X105.978 Y39.792
G1 F900 X115.04 Y48.855 E303.24196
G0 F6000 X115.04 Y48.289
G1 F900 X106.26 Y39.51 E303.65492
G0 F6000 X106.543 Y39.227
G1 F900 X115.04 Y47.723 E304.05457
G0 F6000 X115.04 Y47.158
G1 F900 X106.842 Y38.96 E304.44018
G0 F6000 X107.408 Y38.96
G1 F900 X115.04 Y46.592 E304.79917
G0 F6000 X115.04 Y46.026
G1 F900 X107.974 Y38.96 E305.13153
G0 F6000 X108.539 Y38.96
G1 F900 X115.04 Y45.461 E305.43732
G0 F6000 X115.04 Y44.895
G1 F900 X109.105 Y38.96 E305.71648
G0 F6000 X109.671 Y38.96
G1 F900 X115.04 Y44.329 E305.96902
G0 F6000 X115.04 Y43.764
G1 F900 X110.237 Y38.96 E306.19497
G0 F6000 X110.802 Y38.96
G1 F900 X115.04 Y43.198 E306.39431
G0 F6000 X115.04 Y42.632
G1 F900 X111.368 Y38.96 E306.56703
G0 F6000 X111.934 Y38.96
G1 F900 X115.04 Y42.066 E306.71312
G0 F6000 X115.04 Y41.501
G1 F900 X112.499 Y38.96 E306.83264
G0 F6000 X113.065 Y38.96
G1 F900 X115.04 Y40.935 E306.92554
G0 F6000 X115.79 Y40.935
G1 F2700 E301.92554
;MESH:NONMESH
G0 F300 X115.79 Y40.935 Z0.6
G0 F6000 X115.436 Y144.348
G0 X113.348 Y146.436
G0 X110 Y146.6
;TIME_ELAPSED:637.742957
;LAYER:1
M140 S50
M106 S42.5
;TYPE:WALL-INNER
;MESH:bump_plate.obj
G1 F2700 E306.92554
G1 F1650 X113.416 Y146.6 E307.15278
G1 X115.6 Y144.416 E307.35823
G1 X115.6 Y40.581 E314.26537
G1 X113.416 Y38.4 E314.47068
G1 X106.58 Y38.4 E314.92541
G1 X104.4 Y40.58 E315.1305
G1 X104.4 Y144.416 E322.03769
G1 X106.581 Y146.6 E322.24301
G1 X110 Y146.6 E322.47044
G0 F9000 X110 Y147
G1 F1650 X113.581 Y147 E322.70865
G1 X116 Y144.581 E322.93622
G1 X116 Y40.415 E329.86537
G1 X113.582 Y38 E330.0927
G1 X106.415 Y38 E330.56945
G1 X104 Y40.415 E330.79664
G1 X104 Y144.582 E337.72585
G1 X106.415 Y147 E337.95318
G1 X110 Y147 E338.19166
G0 F9000 X110 Y147.4
G1 F1650 X113.747 Y147.4 E338.44091
G1 X116.4 Y144.747 E338.69049
G1 X116.4 Y40.249 E345.64172
G1 X113.747 Y37.6 E345.89111
G1 X106.249 Y37.6 E346.38988
G1 X103.6 Y40.249 E346.63908
G1 X103.6 Y144.747 E353.59032
G1 X106.249 Y147.4 E353.83971
G1 X110 Y147.4 E354.08923
G0 F9000 X110 Y147.8
;TYPE:WALL-OUTER
G1 F1650 X113.913 Y147.8 E354.34952
G1 X116.8 Y144.913 E354.62111
G1 X116.8 Y40.083 E361.59443
G1 X113.913 Y37.2 E361.86583
G1 X106.083 Y37.2 E362.38669
G1 X103.2 Y40.083 E362.6579
G1 X103.2 Y144.913 E369.63122
G1 X106.083 Y147.8 E369.90263
G1 X110 Y147.8 E370.16319
G0 F9000 X110 Y147.09
G0 X110 Y146.5
G0 X110 Y146.24
;TYPE:SKIN
G1 F1650 X106.731 Y146.24 E370.38064
G1 X104.76 Y144.265 E370.56625
G1 X104.76 Y40.727 E377.45362
G1 X106.727 Y38.76 E377.63867
G1 X113.265 Y38.76 E378.07358
G1 X115.24 Y40.731 E378.25918
G1 X115.24 Y144.265 E385.14629
G1 X113.265 Y146.24 E385.33209
G1 X110 Y146.24 E385.54928
G0 F9000 X110 Y146.5
G0 X113.348 Y146.436
G0 X115.436 Y144.348
G0 X115.5 Y144.044
G0 X115.04 Y144.044
G1 F1650 X113.044 Y146.04 E385.73705
G0 F9000 X112.478 Y146.04
G1 F1650 X115.04 Y143.478 E385.97807
G0 F9000 X115.04 Y142.913
G1 F1650 X111.912 Y146.04 E386.27228
G0 F9000 X111.347 Y146.04
G1 F1650 X115.04 Y142.347 E386.6197
G0 F9000 X115.04 Y141.781
G1 F1650 X110.781 Y146.04 E387.02036
G0 F9000 X110.215 Y146.04
G1 F1650 X115.04 Y141.216 E387.47422
G0 F9000 X115.04 Y140.65
G1 F1650 X109.65 Y146.04 E387.98128
G0 F9000 X109.084 Y146.04
G1 F1650 X115.04 Y140.084 E388.54158
G0 F9000 X115.04 Y139.519
G1 F1650 X108.518 Y146.04 E389.15508
G0 F9000 X107.953 Y146.04
G1 F1650 X115.04 Y138.953 E389.82178
G0 F9000 X115.04 Y138.387
G1 F1650 X107.387 Y146.04 E390.54173
G0 F9000 X106.821 Y146.04
G1 F1650 X115.04 Y137.821 E391.31492
G0 F9000 X115.04 Y137.256
G1 F1650 X106.536 Y145.76 E392.11493
G0 F9000 X106.253 Y145.477
G1 F1650 X115.04 Y136.69 E392.94156
G0 F9000 X115.04 Y136.124
G1 F1650 X105.971 Y145.194 E393.79476
G0 F9000 X105.688 Y144.911
G1 F1650 X115.04 Y135.559 E394.67454
G0 F9000 X115.04 Y134.993
G1 F1650 X105.406 Y144.627 E395.58085
G0 F9000 X105.123 Y144.345
G1 F1650 X115.04 Y134.427 E396.51382
G0 F9000 X115.04 Y133.862
G1 F1650 X104.96 Y143.941 E397.46204
G0 F9000 X104.96 Y143.376
G1 F1650 X115.04 Y133.296 E398.41031
G0 F9000 X115.04 Y132.73
G1 F1650 X104.96 Y142.81 E399.35857
G0 F9000 X104.96 Y142.244
G1 F1650 X115.04 Y132.165 E400.30679
G0 F9000 X115.04 Y131.599
G1 F1650 X104.96 Y141.679 E401.25505
G0 F9000 X104.96 Y141.113
G1 F1650 X115.04 Y131.033 E402.20332
G0 F9000 X115.04 Y130.468
G1 F1650 X104.96 Y140.547 E403.15153
G0 F9000 X104.96 Y139.982
G1 F1650 X115.04 Y129.902 E404.0998
G0 F9000 X115.04 Y129.336
G1 F1650 X104.96 Y139.416 E405.04806
G0 F9000 X104.96 Y138.85
G1 F1650 X115.04 Y128.771 E405.99628
G0 F9000 X115.04 Y128.205
G1 F1650 X104.96 Y138.285 E406.94455
G0 F9000 X104.96 Y137.719
G1 F1650 X115.04 Y127.639 E407.89281
G0 F9000 X115.04 Y127.073
G1 F1650 X104.96 Y137.153 E408.84107
G0 F9000 X104.96 Y136.588
G1 F1650 X115.04 Y126.508 E409.78934
G0 F9000 X115.04 Y125.942
G1 F1650 X104.96 Y136.022 E410.7376
G0 F9000 X104.96 Y135.456
G1 F1650 X115.04 Y125.376 E411.68587
G0 F9000 X115.04 Y124.811
G1 F1650 X104.96 Y134.891 E412.63413
G0 F9000 X104.96 Y134.325
G1 F1650 X115.04 Y124.245 E413.5824
G0 F9000 X115.04 Y123.679
G1 F1650 X104.96 Y133.759 E414.53066
G0 F9000 X104.96 Y133.193
G1 F1650 X115.04 Y123.114 E415.47888
G0 F9000 X115.04 Y122.548
G1 F1650 X104.96 Y132.628 E416.42714
G0 F9000 X104.96 Y132.062
G1 F1650 X115.04 Y121.982 E417.37541
G0 F9000 X115.04 Y121.417
G1 F1650 X104.96 Y131.496 E418.32363
G0 F9000 X104.96 Y130.931
G1 F1650 X115.04 Y120.851 E419.27189
G0 F9000 X115.04 Y120.285
G1 F1650 X104.96 Y130.365 E420.22016
G0 F9000 X104.96 Y129.799
G1 F1650 X115.04 Y119.72 E421.16837
G0 F9000 X115.04 Y119.154
G1 F1650 X104.96 Y129.234 E422.11664
G0 F9000 X104.96 Y128.668
G1 F1650 X115.04 Y118.588 E423.0649
G0 F9000 X115.04 Y118.022
G1 F1650 X104.96 Y128.102 E424.01317
G0 F9000 X104.96 Y127.537
G1 F1650 X115.04 Y117.457 E424.96143
G0 F9000 X115.04 Y116.891
G1 F1650 X104.96 Y126.971 E425.9097
G0 F9000 X104.96 Y126.405
G1 F1650 X115.04 Y116.325 E426.85796
G0 F9000 X115.04 Y115.76
G1 F1650 X104.96 Y125.84 E427.80623
G0 F9000 X104.96 Y125.274
G1 F1650 X115.04 Y115.194 E428.75449
G0 F9000 X115.04 Y114.628
G1 F1650 X104.96 Y124.708 E429.70275
G0 F9000 X104.96 Y124.142
G1 F1650 X115.04 Y114.063 E430.65097
G0 F9000 X115.04 Y113.497
G1 F1650 X104.96 Y123.577 E431.59924
G0 F9000 X104.96 Y123.011
G1 F1650 X115.04 Y112.931 E432.5475
G0 F9000 X115.04 Y112.366
G1 F1650 X104.96 Y122.445 E433.49572
G0 F9000 X104.96 Y121.88
G1 F1650 X115.04 Y111.8 E434.44398
G0 F9000 X115.04 Y111.234
G1 F1650 X104.96 Y121.314 E435.39225
G0 F9000 X104.96 Y120.748
G1 F1650 X115.04 Y110.669 E436.34047
G0 F9000 X115.04 Y110.103
G1 F1650 X104.96 Y120.183 E437.28873
G0 F9000 X104.96 Y119.617
G1 F1650 X115.04 Y109.537 E438.23699
G0 F9000 X115.04 Y108.972
G1 F1650 X104.96 Y119.051 E439.18521
G0 F9000 X104.96 Y118.486
G1 F1650 X115.04 Y108.406 E440.13348
G0 F9000 X115.04 Y107.84
G1 F1650 X104.96 Y117.92 E441.08174
G0 F9000 X104.96 Y117.354
G1 F1650 X115.04 Y107.274 E442.03001
G0 F9000 X115.04 Y106.709
G1 F1650 X104.96 Y116.789 E442.97827
G0 F9000 X104.96 Y116.223
G1 F1650 X115.04 Y106.143 E443.92654
G0 F9000 X115.04 Y105.577
G1 F1650 X104.96 Y115.657 E444.8748
G0 F9000 X104.96 Y115.092
G1 F1650 X115.04 Y105.012 E445.82306
G0 F9000 X115.04 Y104.446
G1 F1650 X104.96 Y114.526 E446.77133
G0 F9000 X104.96 Y113.96
G1 F1650 X115.04 Y103.88 E447.71959
G0 F9000 X115.04 Y103.315
G1 F1650 X104.96 Y113.394 E448.66781
G0 F9000 X104.96 Y112.829
G1 F1650 X115.04 Y102.749 E449.61608
G0 F9000 X115.04 Y102.183
G1 F1650 X104.96 Y112.263 E450.56434
G0 F9000 X104.96 Y111.697
G1 F1650 X115.04 Y101.618 E451.51256
G0 F9000 X115.04 Y101.052
G1 F1650 X104.96 Y111.132 E452.46082
G0 F9000 X104.96 Y110.566
G1 F1650 X115.04 Y100.486 E453.40909
G0 F9000 X115.04 Y99.921
G1 F1650 X104.96 Y110 E454.3573
G0 F9000 X104.96 Y109.435
G1 F1650 X115.04 Y99.355 E455.30557
G0 F9000 X115.04 Y98.789
G1 F1650 X104.96 Y108.869 E456.25383
G0 F9000 X104.96 Y108.303
G1 F1650 X115.04 Y98.223 E457.2021
G0 F9000 X115.04 Y97.658
G1 F1650 X104.96 Y107.738 E458.15036
G0 F9000 X104.96 Y107.172
G1 F1650 X115.04 Y97.092 E459.09863
G0 F9000 X115.04 Y96.526
G1 F1650 X104.96 Y106.606 E460.04689
G0 F9000 X104.96 Y106.041
G1 F1650 X115.04 Y95.961 E460.99516
G0 F9000 X115.04 Y95.395
G1 F1650 X104.96 Y105.475 E461.94342
G0 F9000 X104.96 Y104.909
G1 F1650 X115.04 Y94.829 E462.89169
G0 F9000 X115.04 Y94.264
G1 F1650 X104.96 Y104.344 E463.83995
G0 F9000 X104.96 Y103.778
G1 F1650 X115.04 Y93.698 E464.78822
G0 F9000 X115.04 Y93.132
G1 F1650 X104.96 Y103.212 E465.73648
G0 F9000 X104.96 Y102.646
G1 F1650 X115.04 Y92.567 E466.6847
G0 F9000 X115.04 Y92.001
G1 F1650 X104.96 Y102.081 E467.63296
G0 F9000 X104.96 Y101.515
G1 F1650 X115.04 Y91.435 E468.58123
G0 F9000 X115.04 Y90.87
G1 F1650 X104.96 Y100.949 E469.52944
G0 F9000 X104.96 Y100.384
G1 F1650 X115.04 Y90.304 E470.47771
G0 F9000 X115.04 Y89.738
G1 F1650 X104.96 Y99.818 E471.42597
G0 F9000 X104.96 Y99.252
G1 F1650 X115.04 Y89.173 E472.37419
G0 F9000 X115.04 Y88.607
G1 F1650 X104.96 Y98.687 E473.32246
G0 F9000 X104.96 Y98.121
G1 F1650 X115.04 Y88.041 E474.27072
G0 F9000 X115.04 Y87.475
G1 F1650 X104.96 Y97.555 E475.21898
G0 F9000 X104.96 Y96.99
G1 F1650 X115.04 Y86.91 E476.16725
G0 F9000 X115.04 Y86.344
G1 F1650 X104.96 Y96.424 E477.11551
G0 F9000 X104.96 Y95.858
G1 F1650 X115.04 Y85.778 E478.06378
G0 F9000 X115.04 Y85.213
G1 F1650 X104.96 Y95.293 E479.01204
G0 F9000 X104.96 Y94.727
G1 F1650 X115.04 Y84.647 E479.96031
G0 F9000 X115.04 Y84.081
G1 F1650 X104.96 Y94.161 E480.90857
G0 F9000 X104.96 Y93.595
G1 F1650 X115.04 Y83.516 E481.85679
G0 F9000 X115.04 Y82.95
G1 F1650 X104.96 Y93.03 E482.80505
G0 F9000 X104.96 Y92.464
G1 F1650 X115.04 Y82.384 E483.75332
G0 F9000 X115.04 Y81.819
G1 F1650 X104.96 Y91.898 E484.70154
G0 F9000 X104.96 Y91.333
G1 F1650 X115.04 Y81.253 E485.6498
G0 F9000 X115.04 Y80.687
G1 F1650 X104.96 Y90.767 E486.59807
G0 F9000 X104.96 Y90.201
G1 F1650 X115.04 Y80.122 E487.54628
G0 F9000 X115.04 Y79.556
G1 F1650 X104.96 Y89.636 E488.49455
G0 F9000 X104.96 Y89.07
G1 F1650 X115.04 Y78.99 E489.44281
G0 F9000 X115.04 Y78.425
G1 F1650 X104.96 Y88.504 E490.39103
G0 F9000 X104.96 Y87.939
G1 F1650 X115.04 Y77.859 E491.33929
G0 F9000 X115.04 Y77.293
G1 F1650 X104.96 Y87.373 E492.28756
G0 F9000 X104.96 Y86.807
G1 F1650 X115.04 Y76.727 E493.23582
G0 F9000 X115.04 Y76.162
G1 F1650 X104.96 Y86.242 E494.18409
G0 F9000 X104.96 Y85.676
G1 F1650 X115.04 Y75.596 E495.13235
G0 F9000 X115.04 Y75.03
G1 F1650 X104.96 Y85.11 E496.08062
G0 F9000 X104.96 Y84.545
G1 F1650 X115.04 Y74.465 E497.02888
G0 F9000 X115.04 Y73.899
G1 F1650 X104.96 Y83.979 E497.97715
G0 F9000 X104.96 Y83.413
G1 F1650 X115.04 Y73.333 E498.92541
G0 F9000 X115.04 Y72.768
G1 F1650 X104.96 Y82.847 E499.87363
G0 F9000 X104.96 Y82.282
G1 F1650 X115.04 Y72.202 E500.82189
G0 F9000 X115.04 Y71.636
G1 F1650 X104.96 Y81.716 E501.77016
G0 F9000 X104.96 Y81.15
G1 F1650 X115.04 Y71.071 E502.71838
G0 F9000 X115.04 Y70.505
G1 F1650 X104.96 Y80.585 E503.66664
G0 F9000 X104.96 Y80.019
G1 F1650 X115.04 Y69.939 E504.6149
G0 F9000 X115.04 Y69.374
G1 F1650 X104.96 Y79.453 E505.56312
G0 F9000 X104.96 Y78.888
G1 F1650 X115.04 Y68.808 E506.51139
G0 F9000 X115.04 Y68.242
G1 F1650 X104.96 Y78.322 E507.45965
G0 F9000 X104.96 Y77.756
G1 F1650 X115.04 Y67.676 E508.40792
G0 F9000 X115.04 Y67.111
G1 F1650 X104.96 Y77.191 E509.35618
G0 F9000 X104.96 Y76.625
G1 F1650 X115.04 Y66.545 E510.30445
G0 F9000 X115.04 Y65.979
G1 F1650 X104.96 Y76.059 E511.25271
G0 F9000 X104.96 Y75.494
G1 F1650 X115.04 Y65.414 E512.20097
G0 F9000 X115.04 Y64.848
G1 F1650 X104.96 Y74.928 E513.14924
G0 F9000 X104.96 Y74.362
G1 F1650 X115.04 Y64.282 E514.0975
G0 F9000 X115.04 Y63.717
G1 F1650 X104.96 Y73.796 E515.04572
G0 F9000 X104.96 Y73.231
G1 F1650 X115.04 Y63.151 E515.99399
G0 F9000 X115.04 Y62.585
G1 F1650 X104.96 Y72.665 E516.94225
G0 F9000 X104.96 Y72.099
G1 F1650 X115.04 Y62.02 E517.89047
G0 F9000 X115.04 Y61.454
G1 F1650 X104.96 Y71.534 E518.83873
G0 F9000 X104.96 Y70.968
G1 F1650 X115.04 Y60.888 E519.787
G0 F9000 X115.04 Y60.323
G1 F1650 X104.96 Y70.402 E520.73521
G0 F9000 X104.96 Y69.837
G1 F1650 X115.04 Y59.757 E521.68348
G0 F9000 X115.04 Y59.191
G1 F1650 X104.96 Y69.271 E522.63174
G0 F9000 X104.96 Y68.705
G1 F1650 X115.04 Y58.626 E523.57996
G0 F9000 X115.04 Y58.06
G1 F1650 X104.96 Y68.14 E524.52823
G0 F9000 X104.96 Y67.574
G1 F1650 X115.04 Y57.494 E525.47649
G0 F9000 X115.04 Y56.928
G1 F1650 X104.96 Y67.008 E526.42476
G0 F9000 X104.96 Y66.443
G1 F1650 X115.04 Y56.363 E527.37302
G0 F9000 X115.04 Y55.797
G1 F1650 X104.96 Y65.877 E528.32128
G0 F9000 X104.96 Y65.311
G1 F1650 X115.04 Y55.231 E529.26955
G0 F9000 X115.04 Y54.666
G1 F1650 X104.96 Y64.746 E530.21781
G0 F9000 X104.96 Y64.18
G1 F1650 X115.04 Y54.1 E531.16608
G0 F9000 X115.04 Y53.534
G1 F1650 X104.96 Y63.614 E532.11434
G0 F9000 X104.96 Y63.048
G1 F1650 X115.04 Y52.969 E533.06256
G0 F9000 X115.04 Y52.403
G1 F1650 X104.96 Y62.483 E534.01082
G0 F9000 X104.96 Y61.917
G1 F1650 X115.04 Y51.837 E534.95909
G0 F9000 X115.04 Y51.272
G1 F1650 X104.96 Y61.351 E535.90731
G0 F9000 X104.96 Y60.786
G1 F1650 X115.04 Y50.706 E536.85557
G0 F9000 X115.04 Y50.14
G1 F1650 X104.96 Y60.22 E537.80384
G0 F9000 X104.96 Y59.654
G1 F1650 X115.04 Y49.575 E538.75205
G0 F9000 X115.04 Y49.009
G1 F1650 X104.96 Y59.089 E539.70032
G0 F9000 X104.96 Y58.523
G1 F1650 X115.04 Y48.443 E540.64858
G0 F9000 X115.04 Y47.877
G1 F1650 X104.96 Y57.957 E541.59685
G0 F9000 X104.96 Y57.392
G1 F1650 X115.04 Y47.312 E542.54511
G0 F9000 X115.04 Y46.746
G1 F1650 X104.96 Y56.826 E543.49338
G0 F9000 X104.96 Y56.26
G1 F1650 X115.04 Y46.18 E544.44164
G0 F9000 X115.04 Y45.615
G1 F1650 X104.96 Y55.695 E545.38991
G0 F9000 X104.96 Y55.129
G1 F1650 X115.04 Y45.049 E546.33817
G0 F9000 X115.04 Y44.483
G1 F1650 X104.96 Y54.563 E547.28644
G0 F9000 X104.96 Y53.998
G1 F1650 X115.04 Y43.918 E548.2347
G0 F9000 X115.04 Y43.352
G1 F1650 X104.96 Y53.432 E549.18296
G0 F9000 X104.96 Y52.866
G1 F1650 X115.04 Y42.786 E550.13123
G0 F9000 X115.04 Y42.221
G1 F1650 X104.96 Y52.3 E551.07945
G0 F9000 X104.96 Y51.735
G1 F1650 X115.04 Y41.655 E552.02771
G0 F9000 X115.04 Y41.089
G1 F1650 X104.96 Y51.169 E552.97598
G0 F9000 X104.96 Y50.603
G1 F1650 X114.895 Y40.669 E553.91055
G0 F9000 X114.612 Y40.386
G1 F1650 X104.96 Y50.038 E554.81855
G0 F9000 X104.96 Y49.472
G1 F1650 X114.329 Y40.104 E555.69988
G0 F9000 X114.046 Y39.821
G1 F1650 X104.96 Y48.906 E556.55459
G0 F9000 X104.96 Y48.341
G1 F1650 X113.762 Y39.539 E557.38263
G0 F9000 X113.479 Y39.256
G1 F1650 X104.96 Y47.775 E558.18405
G0 F9000 X104.96 Y47.209
G1 F1650 X113.196 Y38.973 E558.95884
G0 F9000 X112.644 Y38.96
G1 F1650 X104.96 Y46.644 E559.6817
G0 F9000 X104.96 Y46.078
G1 F1650 X112.078 Y38.96 E560.35132
G0 F9000 X111.512 Y38.96
G1 F1650 X104.96 Y45.512 E560.96769
G0 F9000 X104.96 Y44.947
G1 F1650 X110.946 Y38.96 E561.53086
G0 F9000 X110.381 Y38.96
G1 F1650 X104.96 Y44.381 E562.04084
G0 F9000 X104.96 Y43.815
G1 F1650 X109.815 Y38.96 E562.49757
G0 F9000 X109.249 Y38.96
G1 F1650 X104.96 Y43.249 E562.90105
G0 F9000 X104.96 Y42.684
G1 F1650 X108.684 Y38.96 E563.25138
G0 F9000 X108.118 Y38.96
G1 F1650 X104.96 Y42.118 E563.54847
G0 F9000 X104.96 Y41.552
G1 F1650 X107.552 Y38.96 E563.79231
G0 F9000 X106.987 Y38.96
G1 F1650 X104.96 Y40.987 E563.98299
G0 F9000 X104.21 Y40.987
G1 F2700 E558.98299
;MESH:NONMESH
G0 F300 X104.21 Y40.987 Z1
G0 F9000 X104.564 Y144.348
G0 X106.649 Y146.436
G0 X110 Y146.6
;TIME_ELAPSED:798.206307
;LAYER:2
M106 S85
;TYPE:WALL-INNER
;MESH:bump_plate.obj
G1 F2700 E563.98299
G1 F2400 X113.416 Y146.6 E564.21023
G1 X115.6 Y144.416 E564.41569
G1 X115.6 Y40.581 E571.32282
G1 X113.416 Y38.4 E571.52813
G1 X106.58 Y38.4 E571.98287
G1 X104.4 Y40.58 E572.18795
G1 X104.4 Y144.416 E579.09515
G1 X106.581 Y146.6 E579.30046
G1 X110 Y146.6 E579.52789
G0 F12000 X110 Y147
G1 F2400 X113.581 Y147 E579.7661
G1 X116 Y144.581 E579.99367
G1 X116 Y40.415 E586.92282
G1 X113.582 Y38 E587.15015
G1 X106.415 Y38 E587.6269
G1 X104 Y40.415 E587.85409
G1 X104 Y144.582 E594.7833
G1 X106.415 Y147 E595.01063
G1 X110 Y147 E595.24911
G0 F12000 X110 Y147.4
G1 F2400 X113.747 Y147.4 E595.49836
G1 X116.4 Y144.747 E595.74794
G1 X116.4 Y40.249 E602.69917
G1 X113.747 Y37.6 E602.94856
G1 X106.249 Y37.6 E603.44733
G1 X103.6 Y40.249 E603.69653
G1 X103.6 Y144.747 E610.64777
G1 X106.249 Y147.4 E610.89716
G1 X110 Y147.4 E611.14668
G0 F12000 X110 Y147.8
;TYPE:WALL-OUTER
G1 F2400 X113.913 Y147.8 E611.40697
G1 X116.8 Y144.913 E611.67856
G1 X116.8 Y40.083 E618.65188
G1 X113.913 Y37.2 E618.92329
G1 X106.083 Y37.2 E619.44414
G1 X103.2 Y40.083 E619.71535
G1 X103.2 Y144.913 E626.68867
G1 X106.083 Y147.8 E626.96008
G1 X110 Y147.8 E627.22064
G0 F12000 X110 Y147.09
G0 X110 Y146.5
G0 X110 Y146.24
;TYPE:SKIN
G1 F2400 X106.731 Y146.24 E627.43809
G1 X104.76 Y144.265 E627.6237
G1 X104.76 Y40.727 E634.51108
G1 X106.727 Y38.76 E634.69612
G1 X113.265 Y38.76 E635.13103
G1 X115.24 Y40.731 E635.31664
G1 X115.24 Y144.265 E642.20375
G1 X113.265 Y146.24 E642.38954
G1 X110 Y146.24 E642.60673
G0 F12000 X110 Y146.5
G0 X106.649 Y146.436
G0 X104.564 Y144.348
G0 X104.5 Y143.992
G0 X104.96 Y143.992
G1 F2400 X107.008 Y146.04 E642.79939
G0 F12000 X107.574 Y146.04
G1 F2400 X104.96 Y143.427 E643.04526
G0 F12000 X104.96 Y142.861
G1 F2400 X108.139 Y146.04 E643.34432
G0 F12000 X108.705 Y146.04
G1 F2400 X104.96 Y142.295 E643.69662
G0 F12000 X104.96 Y141.73
G1 F2400 X109.271 Y146.04 E644.10213
G0 F12000 X109.836 Y146.04
G1 F2400 X104.96 Y141.164 E644.56083
G0 F12000 X104.96 Y140.598
G1 F2400 X110.402 Y146.04 E645.07278
G0 F12000 X110.968 Y146.04
G1 F2400 X104.96 Y140.033 E645.63793
G0 F12000 X104.96 Y139.467
G1 F2400 X111.533 Y146.04 E646.25628
G0 F12000 X112.099 Y146.04
G1 F2400 X104.96 Y138.901 E646.92787
G0 F12000 X104.96 Y138.336
G1 F2400 X112.665 Y146.04 E647.65266
G0 F12000 X113.206 Y146.016
G1 F2400 X104.96 Y137.77 E648.4284
G0 F12000 X104.96 Y137.204
G1 F2400 X113.489 Y145.733 E649.23075
G0 F12000 X113.772 Y145.45
G1 F2400 X104.96 Y136.638 E650.05973
G0 F12000 X104.96 Y136.073
G1 F2400 X114.055 Y145.168 E650.91533
G0 F12000 X114.338 Y144.885
G1 F2400 X104.96 Y135.507 E651.79756
G0 F12000 X104.96 Y134.941
G1 F2400 X114.621 Y144.602 E652.70641
G0 F12000 X114.903 Y144.319
G1 F2400 X104.96 Y134.376 E653.64178
G0 F12000 X104.96 Y133.81
G1 F2400 X115.04 Y143.89 E654.59005
G0 F12000 X115.04 Y143.324
G1 F2400 X104.96 Y133.244 E655.53831
G0 F12000 X104.96 Y132.679
G1 F2400 X115.04 Y142.758 E656.48653
G0 F12000 X115.04 Y142.193
G1 F2400 X104.96 Y132.113 E657.43479
G0 F12000 X104.96 Y131.547
G1 F2400 X115.04 Y141.627 E658.38306
G0 F12000 X115.04 Y141.061
G1 F2400 X104.96 Y130.982 E659.33128
G0 F12000 X104.96 Y130.416
G1 F2400 X115.04 Y140.496 E660.27954
G0 F12000 X115.04 Y139.93
G1 F2400 X104.96 Y129.85 E661.22781
G0 F12000 X104.96 Y129.285
G1 F2400 X115.04 Y139.364 E662.17602
G0 F12000 X115.04 Y138.799
G1 F2400 X104.96 Y128.719 E663.12429
G0 F12000 X104.96 Y128.153
G1 F2400 X115.04 Y138.233 E664.07255
G0 F12000 X115.04 Y137.667
G1 F2400 X104.96 Y127.588 E665.02077
G0 F12000 X104.96 Y127.022
G1 F2400 X115.04 Y137.102 E665.96903
G0 F12000 X115.04 Y136.536
G1 F2400 X104.96 Y126.456 E666.9173
G0 F12000 X104.96 Y125.89
G1 F2400 X115.04 Y135.97 E667.86556
G0 F12000 X115.04 Y135.405
G1 F2400 X104.96 Y125.325 E668.81383
G0 F12000 X104.96 Y124.759
G1 F2400 X115.04 Y134.839 E669.76209
G0 F12000 X115.04 Y134.273
G1 F2400 X104.96 Y124.193 E670.71036
G0 F12000 X104.96 Y123.628
G1 F2400 X115.04 Y133.708 E671.65862
G0 F12000 X115.04 Y133.142
G1 F2400 X104.96 Y123.062 E672.60689
G0 F12000 X104.96 Y122.496
G1 F2400 X115.04 Y132.576 E673.55515
G0 F12000 X115.04 Y132.01
G1 F2400 X104.96 Y121.931 E674.50337
G0 F12000 X104.96 Y121.365
G1 F2400 X115.04 Y131.445 E675.45163
G0 F12000 X115.04 Y130.879
G1 F2400 X104.96 Y120.799 E676.3999
G0 F12000 X104.96 Y120.234
G1 F2400 X115.04 Y130.313 E677.34812
G0 F12000 X115.04 Y129.748
G1 F2400 X104.96 Y119.668 E678.29638
G0 F12000 X104.96 Y119.102
G1 F2400 X115.04 Y129.182 E679.24465
G0 F12000 X115.04 Y128.616
G1 F2400 X104.96 Y118.537 E680.19286
G0 F12000 X104.96 Y117.971
G1 F2400 X115.04 Y128.051 E681.14113
G0 F12000 X115.04 Y127.485
G1 F2400 X104.96 Y117.405 E682.08939
G0 F12000 X104.96 Y116.839
G1 F2400 X115.04 Y126.919 E683.03766
G0 F12000 X115.04 Y126.354
G1 F2400 X104.96 Y116.274 E683.98592
G0 F12000 X104.96 Y115.708
G1 F2400 X115.04 Y125.788 E684.93419
G0 F12000 X115.04 Y125.222
G1 F2400 X104.96 Y115.142 E685.88245
G0 F12000 X104.96 Y114.577
G1 F2400 X115.04 Y124.657 E686.83071
G0 F12000 X115.04 Y124.091
G1 F2400 X104.96 Y114.011 E687.77898
G0 F12000 X104.96 Y113.445
G1 F2400 X115.04 Y123.525 E688.72724
G0 F12000 X115.04 Y122.96
G1 F2400 X104.96 Y112.88 E689.67551
G0 F12000 X104.96 Y112.314
G1 F2400 X115.04 Y122.394 E690.62377
G0 F12000 X115.04 Y121.828
G1 F2400 X104.96 Y111.748 E691.57204
G0 F12000 X104.96 Y111.183
G1 F2400 X115.04 Y121.262 E692.52026
G0 F12000 X115.04 Y120.697
G1 F2400 X104.96 Y110.617 E693.46852
G0 F12000 X104.96 Y110.051
G1 F2400 X115.04 Y120.131 E694.41678
G0 F12000 X115.04 Y119.565
G1 F2400 X104.96 Y109.486 E695.365
G0 F12000 X104.96 Y108.92
G1 F2400 X115.04 Y119 E696.31327
G0 F12000 X115.04 Y118.434
G1 F2400 X104.96 Y108.354 E697.26153
G0 F12000 X104.96 Y107.789
G1 F2400 X115.04 Y117.868 E698.20975
G0 F12000 X115.04 Y117.303
G1 F2400 X104.96 Y107.223 E699.15801
G0 F12000 X104.96 Y106.657
G1 F2400 X115.04 Y116.737 E700.10628
G0 F12000 X115.04 Y116.171
G1 F2400 X104.96 Y106.091 E701.05454
G0 F12000 X104.96 Y105.526
G1 F2400 X115.04 Y115.606 E702.00281
G0 F12000 X115.04 Y115.04
G1 F2400 X104.96 Y104.96 E702.95107
G0 F12000 X104.96 Y104.394
G1 F2400 X115.04 Y114.474 E703.89934
G0 F12000 X115.04 Y113.909
G1 F2400 X104.96 Y103.829 E704.8476
G0 F12000 X104.96 Y103.263
G1 F2400 X115.04 Y113.343 E705.79587
G0 F12000 X115.04 Y112.777
G1 F2400 X104.96 Y102.697 E706.74413
G0 F12000 X104.96 Y102.132
G1 F2400 X115.04 Y112.211 E707.69235
G0 F12000 X115.04 Y111.646
G1 F2400 X104.96 Y101.566 E708.64061
G0 F12000 X104.96 Y101
G1 F2400 X115.04 Y111.08 E709.58888
G0 F12000 X115.04 Y110.514
G1 F2400 X104.96 Y100.435 E710.53709
G0 F12000 X104.96 Y99.869
G1 F2400 X115.04 Y109.949 E711.48536
G0 F12000 X115.04 Y109.383
G1 F2400 X104.96 Y99.303 E712.43362
G0 F12000 X104.96 Y98.738
G1 F2400 X115.04 Y108.817 E713.38184
G0 F12000 X115.04 Y108.252
G1 F2400 X104.96 Y98.172 E714.33011
G0 F12000 X104.96 Y97.606
G1 F2400 X115.04 Y107.686 E715.27837
G0 F12000 X115.04 Y107.12
G1 F2400 X104.96 Y97.041 E716.22659
G0 F12000 X104.96 Y96.475
G1 F2400 X115.04 Y106.555 E717.17485
G0 F12000 X115.04 Y105.989
G1 F2400 X104.96 Y95.909 E718.12312
G0 F12000 X104.96 Y95.343
G1 F2400 X115.04 Y105.423 E719.07138
G0 F12000 X115.04 Y104.858
G1 F2400 X104.96 Y94.778 E720.01965
G0 F12000 X104.96 Y94.212
G1 F2400 X115.04 Y104.292 E720.96791
G0 F12000 X115.04 Y103.726
G1 F2400 X104.96 Y93.646 E721.91618
G0 F12000 X104.96 Y93.081
G1 F2400 X115.04 Y103.161 E722.86444
G0 F12000 X115.04 Y102.595
G1 F2400 X104.96 Y92.515 E723.8127
G0 F12000 X104.96 Y91.949
G1 F2400 X115.04 Y102.029 E724.76097
G0 F12000 X115.04 Y101.463
G1 F2400 X104.96 Y91.384 E725.70919
G0 F12000 X104.96 Y90.818
G1 F2400 X115.04 Y100.898 E726.65745
G0 F12000 X115.04 Y100.332
G1 F2400 X104.96 Y90.252 E727.60572
G0 F12000 X104.96 Y89.687
G1 F2400 X115.04 Y99.766 E728.55393
G0 F12000 X115.04 Y99.201
G1 F2400 X104.96 Y89.121 E729.5022
G0 F12000 X104.96 Y88.555
G1 F2400 X115.04 Y98.635 E730.45046
G0 F12000 X115.04 Y98.069
G1 F2400 X104.96 Y87.99 E731.39868
G0 F12000 X104.96 Y87.424
G1 F2400 X115.04 Y97.504 E732.34694
G0 F12000 X115.04 Y96.938
G1 F2400 X104.96 Y86.858 E733.29521
G0 F12000 X104.96 Y86.292
G1 F2400 X115.04 Y96.372 E734.24347
G0 F12000 X115.04 Y95.807
G1 F2400 X104.96 Y85.727 E735.19174
G0 F12000 X104.96 Y85.161
G1 F2400 X115.04 Y95.241 E736.14
G0 F12000 X115.04 Y94.675
G1 F2400 X104.96 Y84.595 E737.08827
G0 F12000 X104.96 Y84.03
G1 F2400 X115.04 Y94.11 E738.03653
G0 F12000 X115.04 Y93.544
G1 F2400 X104.96 Y83.464 E738.9848
G0 F12000 X104.96 Y82.898
G1 F2400 X115.04 Y92.978 E739.93306
G0 F12000 X115.04 Y92.412
G1 F2400 X104.96 Y82.333 E740.88128
G0 F12000 X104.96 Y81.767
G1 F2400 X115.04 Y91.847 E741.82954
G0 F12000 X115.04 Y91.281
G1 F2400 X104.96 Y81.201 E742.77781
G0 F12000 X104.96 Y80.636
G1 F2400 X115.04 Y90.715 E743.72603
G0 F12000 X115.04 Y90.15
G1 F2400 X104.96 Y80.07 E744.67429
G0 F12000 X104.96 Y79.504
G1 F2400 X115.04 Y89.584 E745.62255
G0 F12000 X115.04 Y89.018
G1 F2400 X104.96 Y78.939 E746.57077
G0 F12000 X104.96 Y78.373
G1 F2400 X115.04 Y88.453 E747.51904
G0 F12000 X115.04 Y87.887
G1 F2400 X104.96 Y77.807 E748.4673
G0 F12000 X104.96 Y77.242
G1 F2400 X115.04 Y87.321 E749.41552
G0 F12000 X115.04 Y86.756
G1 F2400 X104.96 Y76.676 E750.36378
G0 F12000 X104.96 Y76.11
G1 F2400 X115.04 Y86.19 E751.31205
G0 F12000 X115.04 Y85.624
G1 F2400 X104.96 Y75.544 E752.26031
G0 F12000 X104.96 Y74.979
G1 F2400 X115.04 Y85.059 E753.20858
G0 F12000 X115.04 Y84.493
G1 F2400 X104.96 Y74.413 E754.15684
G0 F12000 X104.96 Y73.847
G1 F2400 X115.04 Y83.927 E755.10511
G0 F12000 X115.04 Y83.362
G1 F2400 X104.96 Y73.282 E756.05337
G0 F12000 X104.96 Y72.716
G1 F2400 X115.04 Y82.796 E757.00164
G0 F12000 X115.04 Y82.23
G1 F2400 X104.96 Y72.15 E757.9499
G0 F12000 X104.96 Y71.585
G1 F2400 X115.04 Y81.664 E758.89812
G0 F12000 X115.04 Y81.099
G1 F2400 X104.96 Y71.019 E759.84638
G0 F12000 X104.96 Y70.453
G1 F2400 X115.04 Y80.533 E760.79465
G0 F12000 X115.04 Y79.967
G1 F2400 X104.96 Y69.888 E761.74286
G0 F12000 X104.96 Y69.322
G1 F2400 X115.04 Y79.402 E762.69113
G0 F12000 X115.04 Y78.836
G1 F2400 X104.96 Y68.756 E763.63939
G0 F12000 X104.96 Y68.191
G1 F2400 X115.04 Y78.27 E764.58761
G0 F12000 X115.04 Y77.705
G1 F2400 X104.96 Y67.625 E765.53588
G0 F12000 X104.96 Y67.059
G1 F2400 X115.04 Y77.139 E766.48414
G0 F12000 X115.04 Y76.573
G1 F2400 X104.96 Y66.493 E767.43241
G0 F12000 X104.96 Y65.928
G1 F2400 X115.04 Y76.008 E768.38067
G0 F12000 X115.04 Y75.442
G1 F2400 X104.96 Y65.362 E769.32893
G0 F12000 X104.96 Y64.796
G1 F2400 X115.04 Y74.876 E770.2772
G0 F12000 X115.04 Y74.311
G1 F2400 X104.96 Y64.231 E771.22546
G0 F12000 X104.96 Y63.665
G1 F2400 X115.04 Y73.745 E772.17373
G0 F12000 X115.04 Y73.179
G1 F2400 X104.96 Y63.099 E773.12199
G0 F12000 X104.96 Y62.534
G1 F2400 X115.04 Y72.614 E774.07026
G0 F12000 X115.04 Y72.048
G1 F2400 X104.96 Y61.968 E775.01852
G0 F12000 X104.96 Y61.402
G1 F2400 X115.04 Y71.482 E775.96679
G0 F12000 X115.04 Y70.916
G1 F2400 X104.96 Y60.837 E776.915
G0 F12000 X104.96 Y60.271
G1 F2400 X115.04 Y70.351 E777.86327
G0 F12000 X115.04 Y69.785
G1 F2400 X104.96 Y59.705 E778.81153
G0 F12000 X104.96 Y59.14
G1 F2400 X115.04 Y69.219 E779.75975
G0 F12000 X115.04 Y68.654
G1 F2400 X104.96 Y58.574 E780.70802
G0 F12000 X104.96 Y58.008
G1 F2400 X115.04 Y68.088 E781.65628
G0 F12000 X115.04 Y67.522
G1 F2400 X104.96 Y57.443 E782.6045
G0 F12000 X104.96 Y56.877
G1 F2400 X115.04 Y66.957 E783.55276
G0 F12000 X115.04 Y66.391
G1 F2400 X104.96 Y56.311 E784.50103
G0 F12000 X104.96 Y55.745
G1 F2400 X115.04 Y65.825 E785.44929
G0 F12000 X115.04 Y65.26
G1 F2400 X104.96 Y55.18 E786.39756
G0 F12000 X104.96 Y54.614
G1 F2400 X115.04 Y64.694 E787.34582
G0 F12000 X115.04 Y64.128
G1 F2400 X104.96 Y54.048 E788.29409
G0 F12000 X104.96 Y53.483
G1 F2400 X115.04 Y63.563 E789.24235
G0 F12000 X115.04 Y62.997
G1 F2400 X104.96 Y52.917 E790.19061
G0 F12000 X104.96 Y52.351
G1 F2400 X115.04 Y62.431 E791.13888
G0 F12000 X115.04 Y61.865
G1 F2400 X104.96 Y51.786 E792.0871
G0 F12000 X104.96 Y51.22
G1 F2400 X115.04 Y61.3 E793.03536
G0 F12000 X115.04 Y60.734
G1 F2400 X104.96 Y50.654 E793.98363
G0 F12000 X104.96 Y50.089
G1 F2400 X115.04 Y60.168 E794.93184
G0 F12000 X115.04 Y59.603
G1 F2400 X104.96 Y49.523 E795.88011
G0 F12000 X104.96 Y48.957
G1 F2400 X115.04 Y59.037 E796.82837
G0 F12000 X115.04 Y58.471
G1 F2400 X104.96 Y48.392 E797.77659
G0 F12000 X104.96 Y47.826
G1 F2400 X115.04 Y57.906 E798.72485
G0 F12000 X115.04 Y57.34
G1 F2400 X104.96 Y47.26 E799.67312
G0 F12000 X104.96 Y46.695
G1 F2400 X115.04 Y56.774 E800.62134
G0 F12000 X115.04 Y56.209
G1 F2400 X104.96 Y46.129 E801.5696
G0 F12000 X104.96 Y45.563
G1 F2400 X115.04 Y55.643 E802.51787
G0 F12000 X115.04 Y55.077
G1 F2400 X104.96 Y44.997 E803.46613
G0 F12000 X104.96 Y44.432
G1 F2400 X115.04 Y54.512 E804.4144
G0 F12000 X115.04 Y53.946
G1 F2400 X104.96 Y43.866 E805.36266
G0 F12000 X104.96 Y43.3
G1 F2400 X115.04 Y53.38 E806.31092
G0 F12000 X115.04 Y52.815
G1 F2400 X104.96 Y42.735 E807.25919
G0 F12000 X104.96 Y42.169
G1 F2400 X115.04 Y52.249 E808.20745
G0 F12000 X115.04 Y51.683
G1 F2400 X104.96 Y41.603 E809.15572
G0 F12000 X104.96 Y41.038
G1 F2400 X115.04 Y51.117 E810.10394
G0 F12000 X115.04 Y50.552
G1 F2400 X105.129 Y40.641 E811.0363
G0 F12000 X105.412 Y40.358
G1 F2400 X115.04 Y49.986 E811.94204
G0 F12000 X115.04 Y49.42
G1 F2400 X105.695 Y40.075 E812.82117
G0 F12000 X105.978 Y39.792
G1 F2400 X115.04 Y48.855 E813.67371
G0 F12000 X115.04 Y48.289
G1 F2400 X106.26 Y39.51 E814.49963
G0 F12000 X106.543 Y39.227
G1 F2400 X115.04 Y47.723 E815.29893
G0 F12000 X115.04 Y47.158
G1 F2400 X106.842 Y38.96 E816.07015
G0 F12000 X107.408 Y38.96
G1 F2400 X115.04 Y46.592 E816.78812
G0 F12000 X115.04 Y46.026
G1 F2400 X107.974 Y38.96 E817.45285
G0 F12000 X108.539 Y38.96
G1 F2400 X115.04 Y45.461 E818.06442
G0 F12000 X115.04 Y44.895
G1 F2400 X109.105 Y38.96 E818.62275
G0 F12000 X109.671 Y38.96
G1 F2400 X115.04 Y44.329 E819.12783
G0 F12000 X115.04 Y43.764
G1 F2400 X110.237 Y38.96 E819.57971
G0 F12000 X110.802 Y38.96
G1 F2400 X115.04 Y43.198 E819.9784
G0 F12000 X115.04 Y42.632
G1 F2400 X111.368 Y38.96 E820.32384
G0 F12000 X111.934 Y38.96
G1 F2400 X115.04 Y42.066 E820.61603
G0 F12000 X115.04 Y41.501
G1 F2400 X112.499 Y38.96 E820.85507
G0 F12000 X113.065 Y38.96
G1 F2400 X115.04 Y40.935 E821.04087
G0 F12000 X115.79 Y40.935
G1 F2700 E816.04087
;MESH:NONMESH
G0 F300 X115.79 Y40.935 Z1.4
G0 F12000 X115.436 Y144.348
G0 X113.348 Y146.436
G0 X110 Y146.6
;TIME_ELAPSED:920.299861
;LAYER:3
M106 S127.5
;TYPE:WALL-INNER
;MESH:bump_plate.obj
G1 F2700 E821.04087
G1 F2400 X113.416 Y146.6 E821.2681
G1 X115.6 Y144.416 E821.47356
G1 X115.6 Y40.581 E828.38069
G1 X113.416 Y38.4 E828.58601
G1 X106.58 Y38.4 E829.04074
G1 X104.4 Y40.58 E829.24582
G1 X104.4 Y144.416 E836.15302
G1 X106.581 Y146.6 E836.35834
G1 X110 Y146.6 E836.58577
G0 F12000 X110 Y147
G1 F2400 X113.581 Y147 E836.82398
G1 X116 Y144.581 E837.05154
G1 X116 Y40.415 E843.98069
G1 X113.582 Y38 E844.20802
G1 X106.415 Y38 E844.68477
G1 X104 Y40.415 E844.91196
G1 X104 Y144.582 E851.84118
G1 X106.415 Y147 E852.06851
G1 X110 Y147 E852.30698
G0 F12000 X110 Y147.4
G1 F2400 X113.747 Y147.4 E852.55624
G1 X116.4 Y144.747 E852.80581
G1 X116.4 Y40.249 E859.75705
G1 X113.747 Y37.6 E860.00644
G1 X106.249 Y37.6 E860.50521
G1 X103.6 Y40.249 E860.75441
G1 X103.6 Y144.747 E867.70564
G1 X106.249 Y147.4 E867.95503
G1 X110 Y147.4 E868.20455
G0 F12000 X110 Y147.8
;TYPE:WALL-OUTER
G1 F2400 X113.913 Y147.8 E868.46485
G1 X116.8 Y144.913 E868.73644
G1 X116.8 Y40.083 E875.70976
G1 X113.913 Y37.2 E875.98116
G1 X106.083 Y37.2 E876.50201
G1 X103.2 Y40.083 E876.77323
G1 X103.2 Y144.913 E883.74655
G1 X106.083 Y147.8 E884.01795
G1 X110 Y147.8 E884.27851
G0 F12000 X110 Y147.09
G0 X110 Y146.5
G0 X110 Y146.24
;TYPE:SKIN
G1 F2400 X106.731 Y146.24 E884.49597
G1 X104.76 Y144.265 E884.68157
G1 X104.76 Y40.727 E891.56895
G1 X106.727 Y38.76 E891.75399
G1 X113.265 Y38.76 E892.1889
G1 X115.24 Y40.731 E892.37451
G1 X115.24 Y144.265 E899.26162
G1 X113.265 Y146.24 E899.44742
G1 X110 Y146.24 E899.66461
G0 F12000 X110 Y146.5
G0 X113.348 Y146.436
G0 X115.436 Y144.348
G0 X115.5 Y144.044
G0 X115.04 Y144.044
G1 F2400 X113.044 Y146.04 E899.85238
G0 F12000 X112.478 Y146.04
G1 F2400 X115.04 Y143.478 E900.09339
G0 F12000 X115.04 Y142.913
G1 F2400 X111.912 Y146.04 E900.38761
G0 F12000 X111.347 Y146.04
G1 F2400 X115.04 Y142.347 E900.73502
G0 F12000 X115.04 Y141.781
G1 F2400 X110.781 Y146.04 E901.13569
G0 F12000 X110.215 Y146.04
G1 F2400 X115.04 Y141.216 E901.58954
G0 F12000 X115.04 Y140.65
G1 F2400 X109.65 Y146.04 E902.0966
G0 F12000 X109.084 Y146.04
G1 F2400 X115.04 Y140.084 E902.65691
G0 F12000 X115.04 Y139.519
G1 F2400 X108.518 Y146.04 E903.27041
G0 F12000 X107.953 Y146.04
G1 F2400 X115.04 Y138.953 E903.93711
G0 F12000 X115.04 Y138.387
G1 F2400 X107.387 Y146.04 E904.65706
G0 F12000 X106.821 Y146.04
G1 F2400 X115.04 Y137.821 E905.43025
G0 F12000 X115.04 Y137.256
G1 F2400 X106.536 Y145.76 E906.23026
G0 F12000 X106.253 Y145.477
G1 F2400 X115.04 Y136.69 E907.05688
G0 F12000 X115.04 Y136.124
G1 F2400 X105.971 Y145.194 E907.91009
G0 F12000 X105.688 Y144.911
G1 F2400 X115.04 Y135.559 E908.78986
G0 F12000 X115.04 Y134.993
G1 F2400 X105.406 Y144.627 E909.69617
G0 F12000 X105.123 Y144.345
G1 F2400 X115.04 Y134.427 E910.62915
G0 F12000 X115.04 Y133.862
G1 F2400 X104.96 Y143.941 E911.57737
G0 F12000 X104.96 Y143.376
G1 F2400 X115.04 Y133.296 E912.52563
G0 F12000 X115.04 Y132.73
G1 F2400 X104.96 Y142.81 E913.4739
G0 F12000 X104.96 Y142.244
G1 F2400 X115.04 Y132.165 E914.42211
G0 F12000 X115.04 Y131.599
G1 F2400 X104.96 Y141.679 E915.37038
G0 F12000 X104.96 Y141.113
G1 F2400 X115.04 Y131.033 E916.31864
G0 F12000 X115.04 Y130.468
G1 F2400 X104.96 Y140.547 E917.26686
G0 F12000 X104.96 Y139.982
G1 F2400 X115.04 Y129.902 E918.21513
G0 F12000 X115.04 Y129.336
G1 F2400 X104.96 Y139.416 E919.16339
G0 F12000 X104.96 Y138.85
G1 F2400 X115.04 Y128.771 E920.11161
G0 F12000 X115.04 Y128.205
G1 F2400 X104.96 Y138.285 E921.05987
G0 F12000 X104.96 Y137.719
G1 F2400 X115.04 Y127.639 E922.00814
G0 F12000 X115.04 Y127.073
G1 F2400 X104.96 Y137.153 E922.9564
G0 F12000 X104.96 Y136.588
G1 F2400 X115.04 Y126.508 E923.90467
G0 F12000 X115.04 Y125.942
G1 F2400 X104.96 Y136.022 E924.85293
G0 F12000 X104.96 Y135.456
G1 F2400 X115.04 Y125.376 E925.8012
G0 F12000 X115.04 Y124.811
G1 F2400 X104.96 Y134.891 E926.74946
G0 F12000 X104.96 Y134.325
G1 F2400 X115.04 Y124.245 E927.69772
G0 F12000 X115.04 Y123.679
G1 F2400 X104.96 Y133.759 E928.64599
G0 F12000 X104.96 Y133.193
G1 F2400 X115.04 Y123.114 E929.59421
G0 F12000 X115.04 Y122.548
G1 F2400 X104.96 Y132.628 E930.54247
G0 F12000 X104.96 Y132.062
G1 F2400 X115.04 Y121.982 E931.49074
G0 F12000 X115.04 Y121.417
G1 F2400 X104.96 Y131.496 E932.43895
G0 F12000 X104.96 Y130.931
G1 F2400 X115.04 Y120.851 E933.38722
G0 F12000 X115.04 Y120.285
G1 F2400 X104.96 Y130.365 E934.33548
G0 F12000 X104.96 Y129.799
G1 F2400 X115.04 Y119.72 E935.2837
G0 F12000 X115.04 Y119.154
G1 F2400 X104.96 Y129.234 E936.23196
G0 F12000 X104.96 Y128.668
G1 F2400 X115.04 Y118.588 E937.18023
G0 F12000 X115.04 Y118.022
G1 F2400 X104.96 Y128.102 E938.12849
G0 F12000 X104.96 Y127.537
G1 F2400 X115.04 Y117.457 E939.07676
G0 F12000 X115.04 Y116.891
G1 F2400 X104.96 Y126.971 E940.02502
G0 F12000 X104.96 Y126.405
G1 F2400 X115.04 Y116.325 E940.97329
G0 F12000 X115.04 Y115.76
G1 F2400 X104.96 Y125.84 E941.92155
G0 F12000 X104.96 Y125.274
G1 F2400 X115.04 Y115.194 E942.86982
G0 F12000 X115.04 Y114.628
G1 F2400 X104.96 Y124.708 E943.81808
G0 F12000 X104.96 Y124.142
G1 F2400 X115.04 Y114.063 E944.7663
G0 F12000 X115.04 Y113.497
G1 F2400 X104.96 Y123.577 E945.71456
G0 F12000 X104.96 Y123.011
G1 F2400 X115.04 Y112.931 E946.66283
G0 F12000 X115.04 Y112.366
G1 F2400 X104.96 Y122.445 E947.61105
G0 F12000 X104.96 Y121.88
G1 F2400 X115.04 Y111.8 E948.55931
G0 F12000 X115.04 Y111.234
G1 F2400 X104.96 Y121.314 E949.50757
G0 F12000 X104.96 Y120.748
G1 F2400 X115.04 Y110.669 E950.45579
G0 F12000 X115.04 Y110.103
G1 F2400 X104.96 Y120.183 E951.40406
G0 F12000 X104.96 Y119.617
G1 F2400 X115.04 Y109.537 E952.35232
G0 F12000 X115.04 Y108.972
G1 F2400 X104.96 Y119.051 E953.30054
G0 F12000 X104.96 Y118.486
G1 F2400 X115.04 Y108.406 E954.2488
G0 F12000 X115.04 Y107.84
G1 F2400 X104.96 Y117.92 E955.19707
G0 F12000 X104.96 Y117.354
G1 F2400 X115.04 Y107.274 E956.14533
G0 F12000 X115.04 Y106.709
G1 F2400 X104.96 Y116.789 E957.0936
G0 F12000 X104.96 Y116.223
G1 F2400 X115.04 Y106.143 E958.04186
G0 F12000 X115.04 Y105.577
G1 F2400 X104.96 Y115.657 E958.99013
G0 F12000 X104.96 Y115.092
G1 F2400 X115.04 Y105.012 E959.93839
G0 F12000 X115.04 Y104.446
G1 F2400 X104.96 Y114.526 E960.88666
G0 F12000 X104.96 Y113.96
G1 F2400 X115.04 Y103.88 E961.83492
G0 F12000 X115.04 Y103.315
G1 F2400 X104.96 Y113.394 E962.78314
G0 F12000 X104.96 Y112.829
G1 F2400 X115.04 Y102.749 E963.7314
G0 F12000 X115.04 Y102.183
G1 F2400 X104.96 Y112.263 E964.67967
G0 F12000 X104.96 Y111.697
G1 F2400 X115.04 Y101.618 E965.62788
G0 F12000 X115.04 Y101.052
G1 F2400 X104.96 Y111.132 E966.57615
G0 F12000 X104.96 Y110.566
G1 F2400 X115.04 Y100.486 E967.52441
G0 F12000 X115.04 Y99.921
G1 F2400 X104.96 Y110 E968.47263
G0 F12000 X104.96 Y109.435
G1 F2400 X115.04 Y99.355 E969.4209
G0 F12000 X115.04 Y98.789
G1 F2400 X104.96 Y108.869 E970.36916
G0 F12000 X104.96 Y108.303
G1 F2400 X115.04 Y98.223 E971.31743
G0 F12000 X115.04 Y97.658
G1 F2400 X104.96 Y107.738 E972.26569
G0 F12000 X104.96 Y107.172
G1 F2400 X115.04 Y97.092 E973.21395
G0 F12000 X115.04 Y96.526
G1 F2400 X104.96 Y106.606 E974.16222
G0 F12000 X104.96 Y106.041
G1 F2400 X115.04 Y95.961 E975.11048
G0 F12000 X115.04 Y95.395
G1 F2400 X104.96 Y105.475 E976.05875
G0 F12000 X104.96 Y104.909
G1 F2400 X115.04 Y94.829 E977.00701
G0 F12000 X115.04 Y94.264
G1 F2400 X104.96 Y104.344 E977.95528
G0 F12000 X104.96 Y103.778
G1 F2400 X115.04 Y93.698 E978.90354
G0 F12000 X115.04 Y93.132
G1 F2400 X104.96 Y103.212 E979.85181
G0 F12000 X104.96 Y102.646
G1 F2400 X115.04 Y92.567 E980.80002
G0 F12000 X115.04 Y92.001
G1 F2400 X104.96 Y102.081 E981.74829
G0 F12000 X104.96 Y101.515
G1 F2400 X115.04 Y91.435 E982.69655
G0 F12000 X115.04 Y90.87
G1 F2400 X104.96 Y100.949 E983.64477
G0 F12000 X104.96 Y100.384
G1 F2400 X115.04 Y90.304 E984.59304
G0 F12000 X115.04 Y89.738
G1 F2400 X104.96 Y99.818 E985.5413
G0 F12000 X104.96 Y99.252
G1 F2400 X115.04 Y89.173 E986.48952
G0 F12000 X115.04 Y88.607
G1 F2400 X104.96 Y98.687 E987.43778
G0 F12000 X104.96 Y98.121
G1 F2400 X115.04 Y88.041 E988.38605
G0 F12000 X115.04 Y87.475
G1 F2400 X104.96 Y97.555 E989.33431
G0 F12000 X104.96 Y96.99
G1 F2400 X115.04 Y86.91 E990.28258
G0 F12000 X115.04 Y86.344
G1 F2400 X104.96 Y96.424 E991.23084
G0 F12000 X104.96 Y95.858
G1 F2400 X115.04 Y85.778 E992.17911
G0 F12000 X115.04 Y85.213
G1 F2400 X104.96 Y95.293 E993.12737
G0 F12000 X104.96 Y94.727
G1 F2400 X115.04 Y84.647 E994.07563
G0 F12000 X115.04 Y84.081
G1 F2400 X104.96 Y94.161 E995.0239
G0 F12000 X104.96 Y93.595
G1 F2400 X115.04 Y83.516 E995.97212
G0 F12000 X115.04 Y82.95
G1 F2400 X104.96 Y93.03 E996.92038
G0 F12000 X104.96 Y92.464
G1 F2400 X115.04 Y82.384 E997.86865
G0 F12000 X115.04 Y81.819
G1 F2400 X104.96 Y91.898 E998.81686
G0 F12000 X104.96 Y91.333
G1 F2400 X115.04 Y81.253 E999.76513
G0 F12000 X115.04 Y80.687
G1 F2400 X104.96 Y90.767 E1000.71339
G0 F12000 X104.96 Y90.201
G1 F2400 X115.04 Y80.122 E1001.66161
G0 F12000 X115.04 Y79.556
G1 F2400 X104.96 Y89.636 E1002.60987
G0 F12000 X104.96 Y89.07
G1 F2400 X115.04 Y78.99 E1003.55814
G0 F12000 X115.04 Y78.425
G1 F2400 X104.96 Y88.504 E1004.50636
G0 F12000 X104.96 Y87.939
G1 F2400 X115.04 Y77.859 E1005.45462
G0 F12000 X115.04 Y77.293
G1 F2400 X104.96 Y87.373 E1006.40289
G0 F12000 X104.96 Y86.807
G1 F2400 X115.04 Y76.727 E1007.35115
G0 F12000 X115.04 Y76.162
G1 F2400 X104.96 Y86.242 E1008.29942
G0 F12000 X104.96 Y85.676
G1 F2400 X115.04 Y75.596 E1009.24768
G0 F12000 X115.04 Y75.03
G1 F2400 X104.96 Y85.11 E1010.19594
G0 F12000 X104.96 Y84.545
G1 F2400 X115.04 Y74.465 E1011.14421
G0 F12000 X115.04 Y73.899
G1 F2400 X104.96 Y83.979 E1012.09247
G0 F12000 X104.96 Y83.413
G1 F2400 X115.04 Y73.333 E1013.04074
G0 F12000 X115.04 Y72.768
G1 F2400 X104.96 Y82.847 E1013.98896
G0 F12000 X104.96 Y82.282
G1 F2400 X115.04 Y72.202 E1014.93722
G0 F12000 X115.04 Y71.636
G1 F2400 X104.96 Y81.716 E1015.88548
G0 F12000 X104.96 Y81.15
G1 F2400 X115.04 Y71.071 E1016.8337
G0 F12000 X115.04 Y70.505
G1 F2400 X104.96 Y80.585 E1017.78197
G0 F12000 X104.96 Y80.019
G1 F2400 X115.04 Y69.939 E1018.73023
G0 F12000 X115.04 Y69.374
G1 F2400 X104.96 Y79.453 E1019.67845
G0 F12000 X104.96 Y78.888
G1 F2400 X115.04 Y68.808 E1020.62671
G0 F12000 X115.04 Y68.242
G1 F2400 X104.96 Y78.322 E1021.57498
G0 F12000 X104.96 Y77.756
G1 F2400 X115.04 Y67.676 E1022.52324
G0 F12000 X115.04 Y67.111
G1 F2400 X104.96 Y77.191 E1023.47151
G0 F12000 X104.96 Y76.625
G1 F2400 X115.04 Y66.545 E1024.41977
G0 F12000 X115.04 Y65.979
G1 F2400 X104.96 Y76.059 E1025.36804
G0 F12000 X104.96 Y75.494
G1 F2400 X115.04 Y65.414 E1026.3163
G0 F12000 X115.04 Y64.848
G1 F2400 X104.96 Y74.928 E1027.26457
G0 F12000 X104.96 Y74.362
G1 F2400 X115.04 Y64.282 E1028.21283
G0 F12000 X115.04 Y63.717
G1 F2400 X104.96 Y73.796 E1029.16105
G0 F12000 X104.96 Y73.231
G1 F2400 X115.04 Y63.151 E1030.10931
G0 F12000 X115.04 Y62.585
G1 F2400 X104.96 Y72.665 E1031.05758
G0 F12000 X104.96 Y72.099
G1 F2400 X115.04 Y62.02 E1032.00579
G0 F12000 X115.04 Y61.454
G1 F2400 X104.96 Y71.534 E1032.95406
G0 F12000 X104.96 Y70.968
G1 F2400 X115.04 Y60.888 E1033.90232
G0 F12000 X115.04 Y60.323
G1 F2400 X104.96 Y70.402 E1034.85054
G0 F12000 X104.96 Y69.837
G1 F2400 X115.04 Y59.757 E1035.79881
G0 F12000 X115.04 Y59.191
G1 F2400 X104.96 Y69.271 E1036.74707
G0 F12000 X104.96 Y68.705
G1 F2400 X115.04 Y58.626 E1037.69529
G0 F12000 X115.04 Y58.06
G1 F2400 X104.96 Y68.14 E1038.64355
G0 F12000 X104.96 Y67.574
G1 F2400 X115.04 Y57.494 E1039.59182
G0 F12000 X115.04 Y56.928
G1 F2400 X104.96 Y67.008 E1040.54008
G0 F12000 X104.96 Y66.443
G1 F2400 X115.04 Y56.363 E1041.48835
G0 F12000 X115.04 Y55.797
G1 F2400 X104.96 Y65.877 E1042.43661
G0 F12000 X104.96 Y65.311
G1 F2400 X115.04 Y55.231 E1043.38488
G0 F12000 X115.04 Y54.666
G1 F2400 X104.96 Y64.746 E1044.33314
G0 F12000 X104.96 Y64.18
G1 F2400 X115.04 Y54.1 E1045.2814
G0 F12000 X115.04 Y53.534
G1 F2400 X104.96 Y63.614 E1046.22967
G0 F12000 X104.96 Y63.048
G1 F2400 X115.04 Y52.969 E1047.17789
G0 F12000 X115.04 Y52.403
G1 F2400 X104.96 Y62.483 E1048.12615
G0 F12000 X104.96 Y61.917
G1 F2400 X115.04 Y51.837 E1049.07442
G0 F12000 X115.04 Y51.272
G1 F2400 X104.96 Y61.351 E1050.02263
G0 F12000 X104.96 Y60.786
G1 F2400 X115.04 Y50.706 E1050.9709
G0 F12000 X115.04 Y50.14
G1 F2400 X104.96 Y60.22 E1051.91916
G0 F12000 X104.96 Y59.654
G1 F2400 X115.04 Y49.575 E1052.86738
G0 F12000 X115.04 Y49.009
G1 F2400 X104.96 Y59.089 E1053.81565
G0 F12000 X104.96 Y58.523
G1 F2400 X115.04 Y48.443 E1054.76391
G0 F12000 X115.04 Y47.877
G1 F2400 X104.96 Y57.957 E1055.71217
G0 F12000 X104.96 Y57.392
G1 F2400 X115.04 Y47.312 E1056.66044
G0 F12000 X115.04 Y46.746
G1 F2400 X104.96 Y56.826 E1057.6087
G0 F12000 X104.96 Y56.26
G1 F2400 X115.04 Y46.18 E1058.55697
G0 F12000 X115.04 Y45.615
G1 F2400 X104.96 Y55.695 E1059.50523
G0 F12000 X104.96 Y55.129
G1 F2400 X115.04 Y45.049 E1060.4535
G0 F12000 X115.04 Y44.483
G1 F2400 X104.96 Y54.563 E1061.40176
G0 F12000 X104.96 Y53.998
G1 F2400 X115.04 Y43.918 E1062.35003
G0 F12000 X115.04 Y43.352
G1 F2400 X104.96 Y53.432 E1063.29829
G0 F12000 X104.96 Y52.866
G1 F2400 X115.04 Y42.786 E1064.24656
G0 F12000 X115.04 Y42.221
G1 F2400 X104.96 Y52.3 E1065.19477
G0 F12000 X104.96 Y51.735
G1 F2400 X115.04 Y41.655 E1066.14304
G0 F12000 X115.04 Y41.089
G1 F2400 X104.96 Y51.169 E1067.0913
G0 F12000 X104.96 Y50.603
G1 F2400 X114.895 Y40.669 E1068.02588
G0 F12000 X114.612 Y40.386
G1 F2400 X104.96 Y50.038 E1068.93388
G0 F12000 X104.96 Y49.472
G1 F2400 X114.329 Y40.104 E1069.81521
G0 F12000 X114.046 Y39.821
G1 F2400 X104.96 Y48.906 E1070.66992
G0 F12000 X104.96 Y48.341
G1 F2400 X113.762 Y39.539 E1071.49796
G0 F12000 X113.479 Y39.256
G1 F2400 X104.96 Y47.775 E1072.29937
G0 F12000 X104.96 Y47.209
G1 F2400 X113.196 Y38.973 E1073.07417
G0 F12000 X112.644 Y38.96
G1 F2400 X104.96 Y46.644 E1073.79703
G0 F12000 X104.96 Y46.078
G1 F2400 X112.078 Y38.96 E1074.46665
G0 F12000 X111.512 Y38.96
G1 F2400 X104.96 Y45.512 E1075.08302
G0 F12000 X104.96 Y44.947
G1 F2400 X110.946 Y38.96 E1075.64619
G0 F12000 X110.381 Y38.96
G1 F2400 X104.96 Y44.381 E1076.15617
G0 F12000 X104.96 Y43.815
G1 F2400 X109.815 Y38.96 E1076.61289
G0 F12000 X109.249 Y38.96
G1 F2400 X104.96 Y43.249 E1077.01638
G0 F12000 X104.96 Y42.684
G1 F2400 X108.684 Y38.96 E1077.36671
G0 F12000 X108.118 Y38.96
G1 F2400 X104.96 Y42.118 E1077.66379
G0 F12000 X104.96 Y41.552
G1 F2400 X107.552 Y38.96 E1077.90763
G0 F12000 X106.987 Y38.96
G1 F2400 X104.96 Y40.987 E1078.09832
G0 F12000 X104.21 Y40.987
G1 F2700 E1073.09832
;MESH:NONMESH
G0 F300 X104.21 Y40.987 Z1.8
G0 F12000 X104.564 Y144.348
G0 X106.649 Y146.436
G0 X110 Y146.6
;TIME_ELAPSED:1042.389607
;LAYER:4
;TYPE:WALL-INNER
;MESH:bump_plate.obj
G1 F2700 E1078.09832
G1 F2400 X113.416 Y146.6 E1078.32555
G1 X115.6 Y144.416 E1078.53101
G1 X115.6 Y40.581 E1085.43814
G1 X113.416 Y38.4 E1085.64346
G1 X106.58 Y38.4 E1086.09819
G1 X104.4 Y40.58 E1086.30327
G1 X104.4 Y144.416 E1093.21047
G1 X106.581 Y146.6 E1093.41579
G1 X110 Y146.6 E1093.64322
G0 F12000 X110 Y147
G1 F2400 X113.581 Y147 E1093.88143
G1 X116 Y144.581 E1094.109
G1 X116 Y40.415 E1101.03815
G1 X113.582 Y38 E1101.26548
G1 X106.415 Y38 E1101.74223
G1 X104 Y40.415 E1101.96941
G1 X104 Y144.582 E1108.89863
G1 X106.415 Y147 E1109.12596
G1 X110 Y147 E1109.36444
G0 F12000 X110 Y147.4
G1 F2400 X113.747 Y147.4 E1109.61369
G1 X116.4 Y144.747 E1109.86327
G1 X116.4 Y40.249 E1116.8145
G1 X113.747 Y37.6 E1117.06389
G1 X106.249 Y37.6 E1117.56266
G1 X103.6 Y40.249 E1117.81186
G1 X103.6 Y144.747 E1124.7631
G1 X106.249 Y147.4 E1125.01249
G1 X110 Y147.4 E1125.262
G0 F12000 X110 Y147.8
;TYPE:WALL-OUTER
G1 F2400 X113.913 Y147.8 E1125.5223
G1 X116.8 Y144.913 E1125.79389
G1 X116.8 Y40.083 E1132.76721
G1 X113.913 Y37.2 E1133.03861
G1 X106.083 Y37.2 E1133.55947
G1 X103.2 Y40.083 E1133.83068
G1 X103.2 Y144.913 E1140.804
G1 X106.083 Y147.8 E1141.0754
G1 X110 Y147.8 E1141.33596
G1 F2700 E1136.33596
G0 F12000 X110 Y147.09
G0 X108.791 Y146.4
G0 X109.027 Y140.08
G0 X108.791 Y139.614
G0 X108.61 Y139.741
;TYPE:FILL
G1 F2700 E1141.33596
G1 F4800 X111.562 Y138.95 E1141.53926
G0 F12000 X111.343 Y138.949
G0 X109.084 Y137.978
G0 X108.969 Y137.794
G1 F4800 X108.51 Y139.507 E1141.65723
G1 F2700 E1136.65723
G0 F12000 X108.725 Y139.464
G0 X109.031 Y137.918
G0 X102.335 Y137.918
G0 X102.339 Y145.274
G0 X105.726 Y148.661
G0 X114.274 Y148.661
G0 X117.661 Y145.274
G0 X117.665 Y47.448
G0 X110.152 Y47.448
G0 X111.152 Y46.708
G0 X111.352 Y46.798
G1 F2700 E1141.65723
G1 F4800 X109.21 Y44.657 E1141.85869
G1 X109.055 Y44.744
G1 X108.545 Y46.648 E1141.98981
G1 F2700 E1136.98981
G0 F12000 X108.744 Y46.548
G0 X109.027 Y47.08
G0 X102.335 Y47.08
G0 X102.339 Y145.274
G0 X105.726 Y148.661
G0 X109.027 Y148.665
G0 X109.027 Y146.4
G0 X110 Y146.5
G0 X110 Y146.24
;TYPE:SKIN
G1 F2700 E1141.98981
G1 F2400 X106.731 Y146.24 E1142.20726
G1 X104.76 Y144.265 E1142.39287
G1 X104.76 Y40.727 E1149.28025
G1 X106.727 Y38.761 E1149.46524
G1 X113.265 Y38.76 E1149.90015
G1 X115.24 Y40.731 E1150.08576
G1 X115.24 Y144.265 E1156.97287
G1 X113.265 Y146.24 E1157.15866
G1 X110 Y146.24 E1157.37585
G1 F2700 E1152.37585
G0 F12000 X110 Y146.5
G0 X110.152 Y140.448
G0 X110 Y140.61
G1 F2700 E1157.37585
G1 F2400 X110.167 Y140.627 E1157.38702
G1 X110.806 Y140.421 E1157.43168
G1 X111.327 Y139.96 E1157.47796
G1 X111.598 Y139.323 E1157.524
G1 X111.6 Y138.673 E1157.56724
G1 X111.326 Y138.039 E1157.61319
G1 X110.811 Y137.578 E1157.65917
G1 X110.173 Y137.368 E1157.70385
G1 X109.509 Y137.444 E1157.7483
G1 X108.901 Y137.784 E1157.79464
G1 X108.501 Y138.341 E1157.84026
G1 X108.359 Y139.001 E1157.88517
G1 X108.501 Y139.655 E1157.92968
G1 X108.902 Y140.212 E1157.97534
G1 X109.5 Y140.56 E1158.02136
G1 X110 Y140.61 E1158.05479
G1 F2700 E1153.05479
G0 F12000 X110.027 Y140.354
G0 X110.151 Y137.553
G0 X117.665 Y137.553
G0 X117.665 Y47.448
G0 X110.152 Y47.448
G0 X110.175 Y47.623
G1 F2700 E1158.05479
G1 F2400 X110.802 Y47.419 E1158.09865
G1 X111.327 Y46.96 E1158.14504
G1 X111.598 Y46.323 E1158.19109
G1 X111.6 Y45.673 E1158.23432
G1 X111.326 Y45.039 E1158.28027
G1 X110.813 Y44.58 E1158.32606
G1 X110.175 Y44.369 E1158.37076
G1 X109.506 Y44.445 E1158.41555
G1 X108.901 Y44.784 E1158.46168
G1 X108.501 Y45.341 E1158.5073
G1 X108.359 Y46.001 E1158.5522
G1 X108.501 Y46.655 E1158.59672
G1 X108.902 Y47.213 E1158.64243
G1 X109.505 Y47.556 E1158.68858
G1 X110.175 Y47.623 E1158.73337
G1 F2700 E1153.73337
G0 F12000 X110.144 Y47.365
G0 X111.177 Y45.147
G0 X115.4 Y45.147
G0 X115.5 Y40.935
G0 X115.04 Y40.935
G1 F2700 E1158.73337
G1 F2400 X113.066 Y38.961 E1158.91907
G0 F12000 X112.5 Y38.961
G1 F2400 X115.04 Y41.501 E1159.15802
G0 F12000 X115.04 Y42.066
G1 F2400 X111.934 Y38.961 E1159.45016
G0 F12000 X111.369 Y38.961
G1 F2400 X115.04 Y42.632 E1159.79551
G0 F12000 X115.04 Y43.198
G1 F2400 X110.803 Y38.961 E1160.1941
G0 F12000 X110.237 Y38.961
G1 F2400 X115.04 Y43.764 E1160.64594
G0 F12000 X115.04 Y44.329
G1 F2400 X109.672 Y38.962 E1161.15088
G0 F12000 X109.107 Y38.962
G1 F2400 X115.04 Y44.895 E1161.70902
G0 F12000 X115.04 Y45.461
G1 F2400 X108.541 Y38.962 E1162.32041
G0 F12000 X107.975 Y38.962
G1 F2400 X115.04 Y46.026 E1162.98499
G0 F12000 X115.04 Y46.592
G1 F2400 X107.41 Y38.962 E1163.70277
G0 F12000 X106.844 Y38.962
G1 F2400 X115.04 Y47.158 E1164.4738
G0 F12000 X115.04 Y47.723
G1 F2400 X106.544 Y39.227 E1165.27305
G0 F12000 X106.261 Y39.51
G1 F2400 X115.04 Y48.289 E1166.09893
G0 F12000 X115.04 Y48.855
G1 F2400 X111.775 Y45.59 E1166.40608
G0 F12000 X111.796 Y46.177
G1 F2400 X115.04 Y49.42 E1166.71121
G0 F12000 X115.04 Y49.986
G1 F2400 X111.686 Y46.632 E1167.02673
G0 F12000 X111.51 Y47.022
G1 F2400 X115.04 Y50.552 E1167.35881
G0 F12000 X115.04 Y51.117
G1 F2400 X111.234 Y47.311 E1167.71686
G0 F12000 X110.934 Y47.577
G1 F2400 X115.04 Y51.683 E1168.10313
G0 F12000 X115.04 Y52.249
G1 F2400 X110.514 Y47.723 E1168.5289
G0 F12000 X110.04 Y47.815
G1 F2400 X115.04 Y52.815 E1168.99927
G0 F12000 X115.04 Y53.38
G1 F2400 X109.38 Y47.721 E1169.53168
G0 F12000 X109.583 Y47.309
G0 X108.741 Y46.538
G0 X108.292 Y46.632
G1 F2400 X104.96 Y43.3 E1169.84514
G0 F12000 X104.96 Y42.735
G1 F2400 X108.167 Y45.941 E1170.14679
G0 F12000 X108.268 Y45.477
G1 F2400 X104.96 Y42.169 E1170.45798
G0 F12000 X104.96 Y41.603
G1 F2400 X108.44 Y45.083 E1170.78536
G0 F12000 X108.677 Y44.754
G1 F2400 X104.96 Y41.038 E1171.13499
G0 F12000 X105.13 Y40.642
G1 F2400 X108.991 Y44.503 E1171.49821
G0 F12000 X109.352 Y44.298
G1 F2400 X105.413 Y40.359 E1171.86876
G0 F12000 X105.695 Y40.076
G1 F2400 X109.826 Y44.206 E1172.25733
G0 F12000 X110.432 Y44.246
G1 F2400 X105.978 Y39.793 E1172.67629
G0 F12000 X105.654 Y39.469
G0 X104.564 Y40.648
G0 X104.5 Y43.866
G0 X104.96 Y43.866
G1 F2400 X115.04 Y53.946 E1173.62456
G0 F12000 X115.04 Y54.512
G1 F2400 X104.96 Y44.432 E1174.57282
G0 F12000 X104.96 Y44.997
G1 F2400 X115.04 Y55.077 E1175.52109
G0 F12000 X115.04 Y55.643
G1 F2400 X104.96 Y45.563 E1176.46935
G0 F12000 X104.96 Y46.129
G1 F2400 X115.04 Y56.209 E1177.41762
G0 F12000 X115.04 Y56.774
G1 F2400 X104.96 Y46.695 E1178.36583
G0 F12000 X104.96 Y47.26
G1 F2400 X115.04 Y57.34 E1179.3141
G0 F12000 X115.04 Y57.906
G1 F2400 X104.96 Y47.826 E1180.26236
G0 F12000 X104.96 Y48.392
G1 F2400 X115.04 Y58.471 E1181.21058
G0 F12000 X115.04 Y59.037
G1 F2400 X104.96 Y48.957 E1182.15884
G0 F12000 X104.96 Y49.523
G1 F2400 X115.04 Y59.603 E1183.10711
G0 F12000 X115.04 Y60.168
G1 F2400 X104.96 Y50.089 E1184.05533
G0 F12000 X104.96 Y50.654
G1 F2400 X115.04 Y60.734 E1185.00359
G0 F12000 X115.04 Y61.3
G1 F2400 X104.96 Y51.22 E1185.95186
G0 F12000 X104.96 Y51.786
G1 F2400 X115.04 Y61.865 E1186.90007
G0 F12000 X115.04 Y62.431
G1 F2400 X104.96 Y52.351 E1187.84834
G0 F12000 X104.96 Y52.917
G1 F2400 X115.04 Y62.997 E1188.7966
G0 F12000 X115.04 Y63.563
G1 F2400 X104.96 Y53.483 E1189.74487
G0 F12000 X104.96 Y54.048
G1 F2400 X115.04 Y64.128 E1190.69313
G0 F12000 X115.04 Y64.694
G1 F2400 X104.96 Y54.614 E1191.6414
G0 F12000 X104.96 Y55.18
G1 F2400 X115.04 Y65.26 E1192.58966
G0 F12000 X115.04 Y65.825
G1 F2400 X104.96 Y55.745 E1193.53792
G0 F12000 X104.96 Y56.311
G1 F2400 X115.04 Y66.391 E1194.48619
G0 F12000 X115.04 Y66.957
G1 F2400 X104.96 Y56.877 E1195.43445
G0 F12000 X104.96 Y57.443
G1 F2400 X115.04 Y67.522 E1196.38267
G0 F12000 X115.04 Y68.088
G1 F2400 X104.96 Y58.008 E1197.33094
G0 F12000 X104.96 Y58.574
G1 F2400 X115.04 Y68.654 E1198.2792
G0 F12000 X115.04 Y69.219
G1 F2400 X104.96 Y59.14 E1199.22742
G0 F12000 X104.96 Y59.705
G1 F2400 X115.04 Y69.785 E1200.17568
G0 F12000 X115.04 Y70.351
G1 F2400 X104.96 Y60.271 E1201.12395
G0 F12000 X104.96 Y60.837
G1 F2400 X115.04 Y70.916 E1202.07217
G0 F12000 X115.04 Y71.482
G1 F2400 X104.96 Y61.402 E1203.02043
G0 F12000 X104.96 Y61.968
G1 F2400 X115.04 Y72.048 E1203.96869
G0 F12000 X115.04 Y72.614
G1 F2400 X104.96 Y62.534 E1204.91696
G0 F12000 X104.96 Y63.099
G1 F2400 X115.04 Y73.179 E1205.86522
G0 F12000 X115.04 Y73.745
G1 F2400 X104.96 Y63.665 E1206.81349
G0 F12000 X104.96 Y64.231
G1 F2400 X115.04 Y74.311 E1207.76175
G0 F12000 X115.04 Y74.876
G1 F2400 X104.96 Y64.796 E1208.71002
G0 F12000 X104.96 Y65.362
G1 F2400 X115.04 Y75.442 E1209.65828
G0 F12000 X115.04 Y76.008
G1 F2400 X104.96 Y65.928 E1210.60655
G0 F12000 X104.96 Y66.493
G1 F2400 X115.04 Y76.573 E1211.55481
G0 F12000 X115.04 Y77.139
G1 F2400 X104.96 Y67.059 E1212.50308
G0 F12000 X104.96 Y67.625
G1 F2400 X115.04 Y77.705 E1213.45134
G0 F12000 X115.04 Y78.27
G1 F2400 X104.96 Y68.191 E1214.39956
G0 F12000 X104.96 Y68.756
G1 F2400 X115.04 Y78.836 E1215.34782
G0 F12000 X115.04 Y79.402
G1 F2400 X104.96 Y69.322 E1216.29609
G0 F12000 X104.96 Y69.888
G1 F2400 X115.04 Y79.967 E1217.2443
G0 F12000 X115.04 Y80.533
G1 F2400 X104.96 Y70.453 E1218.19257
G0 F12000 X104.96 Y71.019
G1 F2400 X115.04 Y81.099 E1219.14083
G0 F12000 X115.04 Y81.664
G1 F2400 X104.96 Y71.585 E1220.08905
G0 F12000 X104.96 Y72.15
G1 F2400 X115.04 Y82.23 E1221.03732
G0 F12000 X115.04 Y82.796
G1 F2400 X104.96 Y72.716 E1221.98558
G0 F12000 X104.96 Y73.282
G1 F2400 X115.04 Y83.362 E1222.93385
G0 F12000 X115.04 Y83.927
G1 F2400 X104.96 Y73.847 E1223.88211
G0 F12000 X104.96 Y74.413
G1 F2400 X115.04 Y84.493 E1224.83037
G0 F12000 X115.04 Y85.059
G1 F2400 X104.96 Y74.979 E1225.77864
G0 F12000 X104.96 Y75.544
G1 F2400 X115.04 Y85.624 E1226.7269
G0 F12000 X115.04 Y86.19
G1 F2400 X104.96 Y76.11 E1227.67517
G0 F12000 X104.96 Y76.676
G1 F2400 X115.04 Y86.756 E1228.62343
G0 F12000 X115.04 Y87.321
G1 F2400 X104.96 Y77.242 E1229.57165
G0 F12000 X104.96 Y77.807
G1 F2400 X115.04 Y87.887 E1230.51991
G0 F12000 X115.04 Y88.453
G1 F2400 X104.96 Y78.373 E1231.46818
G0 F12000 X104.96 Y78.939
G1 F2400 X115.04 Y89.018 E1232.4164
G0 F12000 X115.04 Y89.584
G1 F2400 X104.96 Y79.504 E1233.36466
G0 F12000 X104.96 Y80.07
G1 F2400 X115.04 Y90.15 E1234.31293
G0 F12000 X115.04 Y90.715
G1 F2400 X104.96 Y80.636 E1235.26114
G0 F12000 X104.96 Y81.201
G1 F2400 X115.04 Y91.281 E1236.20941
G0 F12000 X115.04 Y91.847
G1 F2400 X104.96 Y81.767 E1237.15767
G0 F12000 X104.96 Y82.333
G1 F2400 X115.04 Y92.412 E1238.10589
G0 F12000 X115.04 Y92.978
G1 F2400 X104.96 Y82.898 E1239.05415
G0 F12000 X104.96 Y83.464
G1 F2400 X115.04 Y93.544 E1240.00242
G0 F12000 X115.04 Y94.11
G1 F2400 X104.96 Y84.03 E1240.95068
G0 F12000 X104.96 Y84.595
G1 F2400 X115.04 Y94.675 E1241.89895
G0 F12000 X115.04 Y95.241
G1 F2400 X104.96 Y85.161 E1242.84721
G0 F12000 X104.96 Y85.727
G1 F2400 X115.04 Y95.807 E1243.79548
G0 F12000 X115.04 Y96.372
G1 F2400 X104.96 Y86.292 E1244.74374
G0 F12000 X104.96 Y86.858
G1 F2400 X115.04 Y96.938 E1245.69201
G0 F12000 X115.04 Y97.504
G1 F2400 X104.96 Y87.424 E1246.64027
G0 F12000 X104.96 Y87.99
G1 F2400 X115.04 Y98.069 E1247.58849
G0 F12000 X115.04 Y98.635
G1 F2400 X104.96 Y88.555 E1248.53675
G0 F12000 X104.96 Y89.121
G1 F2400 X115.04 Y99.201 E1249.48502
G0 F12000 X115.04 Y99.766
G1 F2400 X104.96 Y89.687 E1250.43324
G0 F12000 X104.96 Y90.252
G1 F2400 X115.04 Y100.332 E1251.3815
G0 F12000 X115.04 Y100.898
G1 F2400 X104.96 Y90.818 E1252.32977
G0 F12000 X104.96 Y91.384
G1 F2400 X115.04 Y101.463 E1253.27798
G0 F12000 X115.04 Y102.029
G1 F2400 X104.96 Y91.949 E1254.22625
G0 F12000 X104.96 Y92.515
G1 F2400 X115.04 Y102.595 E1255.17451
G0 F12000 X115.04 Y103.161
G1 F2400 X104.96 Y93.081 E1256.12278
G0 F12000 X104.96 Y93.646
G1 F2400 X115.04 Y103.726 E1257.07104
G0 F12000 X115.04 Y104.292
G1 F2400 X104.96 Y94.212 E1258.01931
G0 F12000 X104.96 Y94.778
G1 F2400 X115.04 Y104.858 E1258.96757
G0 F12000 X115.04 Y105.423
G1 F2400 X104.96 Y95.343 E1259.91583
G0 F12000 X104.96 Y95.909
G1 F2400 X115.04 Y105.989 E1260.8641
G0 F12000 X115.04 Y106.555
G1 F2400 X104.96 Y96.475 E1261.81236
G0 F12000 X104.96 Y97.041
G1 F2400 X115.04 Y107.12 E1262.76058
G0 F12000 X115.04 Y107.686
G1 F2400 X104.96 Y97.606 E1263.70885
G0 F12000 X104.96 Y98.172
G1 F2400 X115.04 Y108.252 E1264.65711
G0 F12000 X115.04 Y108.817
G1 F2400 X104.96 Y98.738 E1265.60533
G0 F12000 X104.96 Y99.303
G1 F2400 X115.04 Y109.383 E1266.55359
G0 F12000 X115.04 Y109.949
G1 F2400 X104.96 Y99.869 E1267.50186
G0 F12000 X104.96 Y100.435
G1 F2400 X115.04 Y110.514 E1268.45008
G0 F12000 X115.04 Y111.08
G1 F2400 X104.96 Y101 E1269.39834
G0 F12000 X104.96 Y101.566
G1 F2400 X115.04 Y111.646 E1270.3466
G0 F12000 X115.04 Y112.211
G1 F2400 X104.96 Y102.132 E1271.29482
G0 F12000 X104.96 Y102.697
G1 F2400 X115.04 Y112.777 E1272.24309
G0 F12000 X115.04 Y113.343
G1 F2400 X104.96 Y103.263 E1273.19135
G0 F12000 X104.96 Y103.829
G1 F2400 X115.04 Y113.909 E1274.13962
G0 F12000 X115.04 Y114.474
G1 F2400 X104.96 Y104.394 E1275.08788
G0 F12000 X104.96 Y104.96
G1 F2400 X115.04 Y115.04 E1276.03614
G0 F12000 X115.04 Y115.606
G1 F2400 X104.96 Y105.526 E1276.98441
G0 F12000 X104.96 Y106.091
G1 F2400 X115.04 Y116.171 E1277.93267
G0 F12000 X115.04 Y116.737
G1 F2400 X104.96 Y106.657 E1278.88094
G0 F12000 X104.96 Y107.223
G1 F2400 X115.04 Y117.303 E1279.8292
G0 F12000 X115.04 Y117.868
G1 F2400 X104.96 Y107.789 E1280.77742
G0 F12000 X104.96 Y108.354
G1 F2400 X115.04 Y118.434 E1281.72569
G0 F12000 X115.04 Y119
G1 F2400 X104.96 Y108.92 E1282.67395
G0 F12000 X104.96 Y109.486
G1 F2400 X115.04 Y119.565 E1283.62217
G0 F12000 X115.04 Y120.131
G1 F2400 X104.96 Y110.051 E1284.57043
G0 F12000 X104.96 Y110.617
G1 F2400 X115.04 Y120.697 E1285.5187
G0 F12000 X115.04 Y121.262
G1 F2400 X104.96 Y111.183 E1286.46691
G0 F12000 X104.96 Y111.748
G1 F2400 X115.04 Y121.828 E1287.41518
G0 F12000 X115.04 Y122.394
G1 F2400 X104.96 Y112.314 E1288.36344
G0 F12000 X104.96 Y112.88
G1 F2400 X115.04 Y122.96 E1289.31171
G0 F12000 X115.04 Y123.525
G1 F2400 X104.96 Y113.445 E1290.25997
G0 F12000 X104.96 Y114.011
G1 F2400 X115.04 Y124.091 E1291.20824
G0 F12000 X115.04 Y124.657
G1 F2400 X104.96 Y114.577 E1292.1565
G0 F12000 X104.96 Y115.142
G1 F2400 X115.04 Y125.222 E1293.10477
G0 F12000 X115.04 Y125.788
G1 F2400 X104.96 Y115.708 E1294.05303
G0 F12000 X104.96 Y116.274
G1 F2400 X115.04 Y126.354 E1295.0013
G0 F12000 X115.04 Y126.919
G1 F2400 X104.96 Y116.839 E1295.94956
G0 F12000 X104.96 Y117.405
G1 F2400 X115.04 Y127.485 E1296.89782
G0 F12000 X115.04 Y128.051
G1 F2400 X104.96 Y117.971 E1297.84609
G0 F12000 X104.96 Y118.537
G1 F2400 X115.04 Y128.616 E1298.79431
G0 F12000 X115.04 Y129.182
G1 F2400 X104.96 Y119.102 E1299.74257
G0 F12000 X104.96 Y119.668
G1 F2400 X115.04 Y129.748 E1300.69084
G0 F12000 X115.04 Y130.313
G1 F2400 X104.96 Y120.234 E1301.63905
G0 F12000 X104.96 Y120.799
G1 F2400 X115.04 Y130.879 E1302.58732
G0 F12000 X115.04 Y131.445
G1 F2400 X104.96 Y121.365 E1303.53558
G0 F12000 X104.96 Y121.931
G1 F2400 X115.04 Y132.01 E1304.4838
G0 F12000 X115.04 Y132.576
G1 F2400 X104.96 Y122.496 E1305.43206
G0 F12000 X104.96 Y123.062
G1 F2400 X115.04 Y133.142 E1306.38033
G0 F12000 X115.04 Y133.708
G1 F2400 X104.96 Y123.628 E1307.32859
G0 F12000 X104.96 Y124.193
G1 F2400 X115.04 Y134.273 E1308.27686
G0 F12000 X115.04 Y134.839
G1 F2400 X104.96 Y124.759 E1309.22512
G0 F12000 X104.96 Y125.325
G1 F2400 X115.04 Y135.405 E1310.17339
G0 F12000 X115.04 Y135.97
G1 F2400 X104.96 Y125.89 E1311.12165
G0 F12000 X104.96 Y126.456
G1 F2400 X115.04 Y136.536 E1312.06992
G0 F12000 X115.04 Y137.102
G1 F2400 X104.96 Y127.022 E1313.01818
G0 F12000 X104.96 Y127.588
G1 F2400 X115.04 Y137.667 E1313.9664
G0 F12000 X115.04 Y138.233
G1 F2400 X104.96 Y128.153 E1314.91466
G0 F12000 X104.96 Y128.719
G1 F2400 X115.04 Y138.799 E1315.86293
G0 F12000 X115.04 Y139.364
G1 F2400 X104.96 Y129.285 E1316.81115
G0 F12000 X104.96 Y129.85
G1 F2400 X115.04 Y139.93 E1317.75941
G0 F12000 X115.04 Y140.496
G1 F2400 X104.96 Y130.416 E1318.70768
G0 F12000 X104.96 Y130.982
G1 F2400 X115.04 Y141.061 E1319.65589
G0 F12000 X115.04 Y141.627
G1 F2400 X111.615 Y138.203 E1319.97805
G0 F12000 X111.799 Y138.951
G1 F2400 X115.04 Y142.193 E1320.28299
G0 F12000 X115.04 Y142.758
G1 F2400 X111.755 Y139.474 E1320.59197
G0 F12000 X111.584 Y139.869
G1 F2400 X115.04 Y143.324 E1320.91705
G0 F12000 X115.04 Y143.89
G1 F2400 X111.354 Y140.204 E1321.2638
G0 F12000 X111.054 Y140.47
G1 F2400 X114.903 Y144.319 E1321.62589
G0 F12000 X114.621 Y144.602
G1 F2400 X110.688 Y140.669 E1321.99589
G0 F12000 X110.259 Y140.806
G1 F2400 X114.338 Y144.885 E1322.37961
G0 F12000 X114.055 Y145.168
G1 F2400 X109.664 Y140.777 E1322.79269
G0 F12000 X109.712 Y140.321
G0 X108.679 Y139.246
G0 X108.228 Y139.341
G1 F2400 X104.96 Y136.073 E1323.10013
G0 F12000 X104.96 Y136.638
G1 F2400 X113.772 Y145.45 E1323.9291
G0 F12000 X113.489 Y145.733
G1 F2400 X104.96 Y137.204 E1324.73146
G0 F12000 X104.96 Y137.77
G1 F2400 X113.206 Y146.016 E1325.50719
G0 F12000 X112.665 Y146.04
G1 F2400 X104.96 Y138.336 E1326.23199
G0 F12000 X104.96 Y138.901
G1 F2400 X112.099 Y146.04 E1326.90358
G0 F12000 X111.533 Y146.04
G1 F2400 X104.96 Y139.467 E1327.52193
G0 F12000 X104.96 Y140.033
G1 F2400 X110.968 Y146.04 E1328.08707
G0 F12000 X110.402 Y146.04
G1 F2400 X104.96 Y140.598 E1328.59902
G0 F12000 X104.96 Y141.164
G1 F2400 X109.836 Y146.04 E1329.05773
G0 F12000 X109.271 Y146.04
G1 F2400 X104.96 Y141.73 E1329.46323
G0 F12000 X104.96 Y142.295
G1 F2400 X108.705 Y146.04 E1329.81554
G0 F12000 X108.139 Y146.04
G1 F2400 X104.96 Y142.861 E1330.1146
G0 F12000 X104.96 Y143.427
G1 F2400 X107.574 Y146.04 E1330.36046
G0 F12000 X107.008 Y146.04
G1 F2400 X104.96 Y143.992 E1330.55313
G1 F2700 E1325.55313
G0 F12000 X104.5 Y143.992
G0 X104.6 Y138.851
G0 X108.545 Y139.001
G0 X108.208 Y138.755
G1 F2700 E1330.55313
G1 F2400 X104.96 Y135.507 E1330.85868
G0 F12000 X104.96 Y134.941
G1 F2400 X108.316 Y138.297 E1331.17439
G0 F12000 X108.535 Y137.951
G1 F2400 X104.96 Y134.376 E1331.51071
G0 F12000 X104.96 Y133.81
G1 F2400 X108.786 Y137.636 E1331.87063
G0 F12000 X109.136 Y137.421
G1 F2400 X104.96 Y133.244 E1332.26353
G0 F12000 X104.96 Y132.679
G1 F2400 X109.52 Y137.238 E1332.69246
G0 F12000 X110.03 Y137.183
G1 F2400 X104.96 Y132.113 E1333.16942
G0 F12000 X104.96 Y131.547
G1 F2400 X110.767 Y137.354 E1333.7157
G0 F12000 X110.53 Y138.078
G1 F2700 E1328.7157
;MESH:NONMESH
G0 F300 X110.53 Y138.078 Z2.2
G0 F12000 X110.151 Y137.553
G0 X117.665 Y137.553
G0 X117.665 Y48.568
G0 X110 Y48.568
;TIME_ELAPSED:1175.843056
;LAYER:5
;note -- min layer time used
;TYPE:WALL-INNER
;MESH:bump_plate.obj
G1 F2700 E1333.7157
G1 F1277.2 X110.311 Y48.568 E1333.73639
G1 X110.917 Y48.42 E1333.77789
G1 X111.473 Y48.127 E1333.81969
G1 X111.93 Y47.722 E1333.86031
G1 X112.29 Y47.197 E1333.90266
G1 X112.51 Y46.621 E1333.94367
G1 X112.585 Y45.998 E1333.98541
G1 X112.51 Y45.38 E1334.02683
G1 X112.29 Y44.798 E1334.06821
G1 X111.936 Y44.281 E1334.10989
G1 X111.469 Y43.87 E1334.15128
G1 X110.914 Y43.579 E1334.19296
G1 X110.309 Y43.428 E1334.23444
G1 X109.688 Y43.428 E1334.27575
G1 X109.084 Y43.581 E1334.3172
G1 X108.525 Y43.87 E1334.35906
G1 X108.065 Y44.279 E1334.4
G1 X107.705 Y44.8 E1334.44213
G1 X107.486 Y45.378 E1334.48325
G1 X107.41 Y46 E1334.52493
G1 X107.486 Y46.621 E1334.56655
G1 X107.705 Y47.195 E1334.60741
G1 X108.065 Y47.717 E1334.64959
G1 X108.527 Y48.128 E1334.69073
G1 X109.084 Y48.42 E1334.73256
G1 X109.685 Y48.568 E1334.77373
G1 X110 Y48.568 E1334.79469
G0 F12000 X110 Y48.968
G1 F1277.2 X110.359 Y48.968 E1334.81857
G1 X111.059 Y48.797 E1334.8665
G1 X111.702 Y48.459 E1334.91482
G1 X112.232 Y47.989 E1334.96195
G1 X112.647 Y47.384 E1335.01075
G1 X112.901 Y46.718 E1335.05816
G1 X112.988 Y45.998 E1335.10641
G1 X112.901 Y45.283 E1335.15432
G1 X112.647 Y44.611 E1335.20211
G1 X112.237 Y44.013 E1335.25034
G1 X111.697 Y43.538 E1335.29818
G1 X111.057 Y43.202 E1335.34626
G1 X110.357 Y43.028 E1335.39424
G1 X109.639 Y43.028 E1335.44201
G1 X108.941 Y43.204 E1335.48989
G1 X108.296 Y43.538 E1335.53821
G1 X107.763 Y44.012 E1335.58565
G1 X107.348 Y44.613 E1335.63424
G1 X107.095 Y45.281 E1335.68175
G1 X107.008 Y46 E1335.72993
G1 X107.095 Y46.718 E1335.77804
G1 X107.348 Y47.383 E1335.82537
G1 X107.763 Y47.984 E1335.87395
G1 X108.298 Y48.459 E1335.92155
G1 X108.941 Y48.797 E1335.96987
G1 X109.637 Y48.968 E1336.01754
G1 X110 Y48.968 E1336.04169
G0 F12000 X110 Y49.368
G1 F1277.2 X110.407 Y49.368 E1336.06876
G1 X111.202 Y49.174 E1336.1232
G1 X111.932 Y48.79 E1336.17807
G1 X112.534 Y48.255 E1336.23164
G1 X113.004 Y47.571 E1336.28685
G1 X113.292 Y46.815 E1336.34066
G1 X113.391 Y45.997 E1336.39547
G1 X113.293 Y45.186 E1336.44981
G1 X113.004 Y44.424 E1336.50402
G1 X112.539 Y43.746 E1336.55871
G1 X111.925 Y43.206 E1336.61311
G1 X111.201 Y42.825 E1336.66753
G1 X110.406 Y42.628 E1336.72201
G1 X109.59 Y42.628 E1336.77629
G1 X108.799 Y42.826 E1336.83053
G1 X108.067 Y43.206 E1336.8854
G1 X107.461 Y43.745 E1336.93934
G1 X106.992 Y44.425 E1336.99429
G1 X106.703 Y45.185 E1337.04838
G1 X106.605 Y46 E1337.10299
G1 X106.703 Y46.815 E1337.15759
G1 X106.991 Y47.57 E1337.21134
G1 X107.461 Y48.251 E1337.26638
G1 X108.068 Y48.79 E1337.32038
G1 X108.799 Y49.174 E1337.37531
G1 X109.589 Y49.368 E1337.42942
G1 X110 Y49.368 E1337.45676
G0 F12000 X110 Y49.768
;TYPE:WALL-OUTER
G1 F1277.2 X110.455 Y49.768 E1337.48703
G1 X111.344 Y49.551 E1337.5479
G1 X112.161 Y49.122 E1337.60929
G1 X112.836 Y48.522 E1337.66936
G1 X113.361 Y47.758 E1337.73103
G1 X113.684 Y46.911 E1337.79133
G1 X113.794 Y45.997 E1337.85257
G1 X113.684 Y45.089 E1337.91341
G1 X113.361 Y44.238 E1337.97396
G1 X112.841 Y43.478 E1338.03521
G1 X112.153 Y42.874 E1338.09611
G1 X111.344 Y42.449 E1338.1569
G1 X110.455 Y42.228 E1338.21784
G1 X109.541 Y42.228 E1338.27864
G1 X108.656 Y42.449 E1338.33932
G1 X107.839 Y42.874 E1338.40058
G1 X107.159 Y43.478 E1338.46108
G1 X106.635 Y44.238 E1338.52248
G1 X106.312 Y45.089 E1338.58303
G1 X106.202 Y46 E1338.64407
G1 X106.312 Y46.911 E1338.70511
G1 X106.635 Y47.758 E1338.76541
G1 X107.159 Y48.518 E1338.82682
G1 X107.839 Y49.122 E1338.88732
G1 X108.656 Y49.551 E1338.94871
G1 X109.541 Y49.768 E1339.00932
G1 X110 Y49.768 E1339.03985
G0 F12000 X110 Y49.06
G0 X110.26 Y48.488
;TYPE:FILL
G1 F1277.2 X110.984 Y48.294 E1339.08971
G0 F12000 X112.176 Y47.223
G1 F1277.2 X108.781 Y43.828 E1339.40909
G0 F12000 X109.045 Y43.691
G1 F1277.2 X108.021 Y47.512 E1339.67224
G0 F12000 X107.704 Y45.032
G1 F1277.2 X111.51 Y44.012 E1339.93435
G0 F12000 X112.451 Y46.433
G1 F1277.2 X112.346 Y46.826 E1339.96141
G1 F2700 E1334.96141
G0 F12000 X111.264 Y49.335
G0 X111.525 Y50.397
G0 X110.43 Y134.365
G0 X110.43 Y135.459
G0 X110 Y141.568
;TYPE:WALL-INNER
G1 F2700 E1339.96141
G1 F1277.2 X110.311 Y141.568 E1339.98209
G1 X110.917 Y141.42 E1340.02359
G1 X111.473 Y141.127 E1340.0654
G1 X111.93 Y140.722 E1340.10602
G1 X112.29 Y140.197 E1340.14836
G1 X112.51 Y139.621 E1340.18938
G1 X112.585 Y138.998 E1340.23112
G1 X112.51 Y138.38 E1340.27253
G1 X112.29 Y137.798 E1340.31392
G1 X111.936 Y137.281 E1340.3556
G1 X111.469 Y136.87 E1340.39698
G1 X110.914 Y136.579 E1340.43867
G1 X110.309 Y136.428 E1340.48015
G1 X109.688 Y136.428 E1340.52146
G1 X109.084 Y136.581 E1340.5629
G1 X108.525 Y136.87 E1340.60476
G1 X108.065 Y137.279 E1340.64571
G1 X107.705 Y137.8 E1340.68783
G1 X107.486 Y138.378 E1340.72895
G1 X107.41 Y139 E1340.77063
G1 X107.486 Y139.621 E1340.81225
G1 X107.705 Y140.195 E1340.85312
G1 X108.065 Y140.717 E1340.8953
G1 X108.527 Y141.128 E1340.93643
G1 X109.084 Y141.42 E1340.97827
G1 X109.685 Y141.568 E1341.01944
G1 X110 Y141.568 E1341.04039
G0 F12000 X110 Y141.968
G1 F1277.2 X110.359 Y141.968 E1341.06427
G1 X111.059 Y141.797 E1341.11221
G1 X111.702 Y141.459 E1341.16053
G1 X112.232 Y140.989 E1341.20765
G1 X112.647 Y140.384 E1341.25645
G1 X112.901 Y139.718 E1341.30387
G1 X112.988 Y138.998 E1341.35211
G1 X112.901 Y138.283 E1341.40002
G1 X112.647 Y137.611 E1341.44781
G1 X112.237 Y137.013 E1341.49604
G1 X111.697 Y136.538 E1341.54388
G1 X111.057 Y136.202 E1341.59197
G1 X110.357 Y136.028 E1341.63995
G1 X109.639 Y136.028 E1341.68771
G1 X108.941 Y136.204 E1341.73559
G1 X108.296 Y136.538 E1341.78391
G1 X107.763 Y137.012 E1341.83136
G1 X107.348 Y137.613 E1341.87994
G1 X107.095 Y138.281 E1341.92746
G1 X107.008 Y139 E1341.97564
G1 X107.095 Y139.718 E1342.02375
G1 X107.348 Y140.383 E1342.07108
G1 X107.763 Y140.984 E1342.11966
G1 X108.298 Y141.459 E1342.16725
G1 X108.941 Y141.797 E1342.21557
G1 X109.637 Y141.968 E1342.26325
G1 X110 Y141.968 E1342.28739
G0 F12000 X110 Y142.368
G1 F1277.2 X110.407 Y142.368 E1342.31447
G1 X111.202 Y142.174 E1342.3689
G1 X111.932 Y141.79 E1342.42377
G1 X112.534 Y141.255 E1342.47735
G1 X113.004 Y140.571 E1342.53255
G1 X113.292 Y139.815 E1342.58637
G1 X113.391 Y138.997 E1342.64118
G1 X113.293 Y138.186 E1342.69552
G1 X113.004 Y137.424 E1342.74973
G1 X112.539 Y136.746 E1342.80442
G1 X111.925 Y136.206 E1342.85881
G1 X111.201 Y135.825 E1342.91323
G1 X110.406 Y135.628 E1342.96772
G1 X109.59 Y135.628 E1343.022
G1 X108.799 Y135.826 E1343.07624
G1 X108.067 Y136.206 E1343.1311
G1 X107.461 Y136.745 E1343.18505
G1 X106.992 Y137.425 E1343.24
G1 X106.703 Y138.185 E1343.29409
G1 X106.605 Y139 E1343.34869
G1 X106.703 Y139.815 E1343.40329
G1 X106.991 Y140.57 E1343.45705
G1 X107.461 Y141.251 E1343.51209
G1 X108.068 Y141.79 E1343.56609
G1 X108.799 Y142.174 E1343.62102
G1 X109.589 Y142.368 E1343.67513
G1 X110 Y142.368 E1343.70247
G0 F12000 X110 Y142.768
;TYPE:WALL-OUTER
G1 F1277.2 X110.455 Y142.768 E1343.73273
G1 X111.344 Y142.551 E1343.79361
G1 X112.161 Y142.122 E1343.85499
G1 X112.836 Y141.522 E1343.91507
G1 X113.361 Y140.758 E1343.97673
G1 X113.684 Y139.911 E1344.03703
G1 X113.794 Y138.997 E1344.09827
G1 X113.684 Y138.089 E1344.15911
G1 X113.361 Y137.238 E1344.21966
G1 X112.841 Y136.478 E1344.28092
G1 X112.153 Y135.874 E1344.34182
G1 X111.344 Y135.449 E1344.40261
G1 X110.455 Y135.228 E1344.46354
G1 X109.541 Y135.228 E1344.52434
G1 X108.656 Y135.449 E1344.58502
G1 X107.839 Y135.874 E1344.64628
G1 X107.159 Y136.478 E1344.70678
G1 X106.635 Y137.238 E1344.76819
G1 X106.312 Y138.089 E1344.82874
G1 X106.202 Y139 E1344.88978
G1 X106.312 Y139.911 E1344.95082
G1 X106.635 Y140.758 E1345.01112
G1 X107.159 Y141.518 E1345.07253
G1 X107.839 Y142.122 E1345.13303
G1 X108.656 Y142.551 E1345.19441
G1 X109.541 Y142.768 E1345.25503
G1 X110 Y142.768 E1345.28556
G0 F12000 X110 Y142.06
G0 X110.275 Y141.488
;TYPE:FILL
G1 F1277.2 X107.523 Y138.736 E1345.54445
G0 F12000 X107.834 Y140.242
G1 F1277.2 X112.503 Y138.991 E1345.86599
G1 X112.501 Y138.976
G1 X112.161 Y140.244 E1345.95332
G0 F12000 X112.087 Y137.643
G1 F1277.2 X111.331 Y136.887 E1346.02444
G0 F12000 X108.96 Y136.734
G1 F1277.2 X107.969 Y140.436 E1346.27936
G1 F2700 E1341.27936
;MESH:NONMESH
G0 F300 X107.969 Y140.436 Z2.6
G0 F12000 X109.568 Y135.459
G0 X109.568 Y134.365
G0 X109.57 Y50.635
G0 X109.57 Y49.541
G0 X110 Y48.272
;TIME_ELAPSED:1189.025990
;LAYER:6
;note -- min layer time used
;TYPE:WALL-INNER
;MESH:bump_plate.obj
G1 F2700 E1346.27936
G1 F1123.1 X110.259 Y48.272 E1346.29659
G1 X110.594 Y48.191 E1346.31952
G1 X110.949 Y48.075 E1346.34436
G1 X111.206 Y47.938 E1346.36374
G1 X111.787 Y47.421 E1346.41547
G1 X111.948 Y47.189 E1346.43425
G1 X112.101 Y46.841 E1346.45954
G1 X112.231 Y46.504 E1346.48357
G1 X112.271 Y46.183 E1346.50509
G1 X112.268 Y45.819 E1346.5293
G1 X112.229 Y45.482 E1346.55187
G1 X112.105 Y45.155 E1346.57513
G1 X111.951 Y44.811 E1346.6002
G1 X111.788 Y44.575 E1346.61928
G1 X111.206 Y44.058 E1346.67107
G1 X110.953 Y43.923 E1346.69014
G1 X110.594 Y43.808 E1346.71522
G1 X110.253 Y43.725 E1346.73856
G1 X109.92 Y43.725 E1346.76072
G1 X109.539 Y43.763 E1346.78619
G1 X109.243 Y43.836 E1346.80647
G1 X108.921 Y44.005 E1346.83066
G1 X108.589 Y44.2 E1346.85627
G1 X108.381 Y44.383 E1346.8747
G1 X107.932 Y45.017 E1346.92638
G1 X107.829 Y45.293 E1346.94597
G1 X107.755 Y45.643 E1346.96977
G1 X107.71 Y46.004 E1346.99397
G1 X107.751 Y46.35 E1347.01715
G1 X107.826 Y46.7 E1347.04096
G1 X107.937 Y46.988 E1347.06149
G1 X108.371 Y47.604 E1347.11161
G1 X108.592 Y47.799 E1347.13122
G1 X108.906 Y47.982 E1347.15539
G1 X109.246 Y48.16 E1347.18092
G1 X109.548 Y48.233 E1347.20159
G1 X109.918 Y48.272 E1347.22634
G1 X110 Y48.272 E1347.23179
G0 F12000 X110 Y48.672
G1 F1123.1 X110.306 Y48.672 E1347.25215
G1 X110.703 Y48.577 E1347.2793
G1 X111.106 Y48.444 E1347.30753
G1 X111.436 Y48.269 E1347.33238
G1 X112.089 Y47.688 E1347.39052
G1 X112.299 Y47.385 E1347.41505
G1 X112.471 Y46.994 E1347.44346
G1 X112.622 Y46.602 E1347.47141
G1 X112.671 Y46.206 E1347.49795
G1 X112.668 Y45.794 E1347.52536
G1 X112.621 Y45.387 E1347.55261
G1 X112.475 Y45.002 E1347.58
G1 X112.301 Y44.613 E1347.60835
G1 X112.089 Y44.308 E1347.63305
G1 X111.436 Y43.727 E1347.6912
G1 X111.109 Y43.553 E1347.71584
G1 X110.703 Y43.423 E1347.74419
G1 X110.302 Y43.325 E1347.77165
G1 X109.899 Y43.325 E1347.79846
G1 X109.471 Y43.368 E1347.82708
G1 X109.101 Y43.459 E1347.85242
G1 X108.726 Y43.655 E1347.88057
G1 X108.354 Y43.874 E1347.90928
G1 X108.081 Y44.114 E1347.93346
G1 X107.576 Y44.828 E1347.99164
G1 X107.443 Y45.181 E1348.01673
G1 X107.36 Y45.577 E1348.04365
G1 X107.307 Y46.003 E1348.0722
G1 X107.356 Y46.416 E1348.09987
G1 X107.442 Y46.814 E1348.12695
G1 X107.58 Y47.175 E1348.15266
G1 X108.073 Y47.875 E1348.20962
G1 X108.357 Y48.125 E1348.23478
G1 X108.712 Y48.332 E1348.26212
G1 X109.104 Y48.537 E1348.29155
G1 X109.479 Y48.628 E1348.31722
G1 X109.897 Y48.672 E1348.34518
G1 X110 Y48.672 E1348.35203
G0 F12000 X110 Y49.072
G1 F1123.1 X110.353 Y49.072 E1348.37551
G1 X110.812 Y48.962 E1348.40691
G1 X111.263 Y48.813 E1348.4385
G1 X111.666 Y48.599 E1348.46885
G1 X112.391 Y47.955 E1348.53336
G1 X112.649 Y47.581 E1348.56358
G1 X112.841 Y47.146 E1348.59521
G1 X113.013 Y46.7 E1348.62701
G1 X113.071 Y46.229 E1348.65858
G1 X113.068 Y45.77 E1348.68911
G1 X113.012 Y45.292 E1348.72113
G1 X112.845 Y44.85 E1348.75256
G1 X112.651 Y44.416 E1348.78418
G1 X112.391 Y44.041 E1348.81453
G1 X111.666 Y43.397 E1348.87904
G1 X111.265 Y43.183 E1348.90928
G1 X110.812 Y43.038 E1348.94092
G1 X110.351 Y42.925 E1348.97249
G1 X109.879 Y42.925 E1349.00389
G1 X109.403 Y42.973 E1349.03571
G1 X108.958 Y43.082 E1349.06619
G1 X108.532 Y43.305 E1349.09817
G1 X108.118 Y43.549 E1349.13014
G1 X107.782 Y43.845 E1349.15993
G1 X107.219 Y44.64 E1349.22473
G1 X107.058 Y45.069 E1349.25521
G1 X106.965 Y45.511 E1349.28525
G1 X106.905 Y46.002 E1349.31816
G1 X106.961 Y46.481 E1349.35024
G1 X107.057 Y46.928 E1349.38065
G1 X107.223 Y47.363 E1349.41162
G1 X107.528 Y47.806 E1349.4474
G1 X107.775 Y48.145 E1349.4753
G1 X108.121 Y48.451 E1349.50603
G1 X108.519 Y48.682 E1349.53664
G1 X108.962 Y48.914 E1349.5699
G1 X109.411 Y49.023 E1349.60064
G1 X109.876 Y49.072 E1349.63174
G1 X110 Y49.072 E1349.63999
G0 F12000 X110 Y49.472
;TYPE:WALL-OUTER
G1 F1123.1 X110.4 Y49.472 E1349.6666
G1 X110.921 Y49.347 E1349.70224
G1 X111.421 Y49.183 E1349.73724
G1 X111.896 Y48.93 E1349.77304
G1 X112.693 Y48.222 E1349.84396
G1 X113 Y47.777 E1349.87992
G1 X113.211 Y47.299 E1349.91468
G1 X113.404 Y46.798 E1349.95039
G1 X113.471 Y46.252 E1349.98698
G1 X113.468 Y45.745 E1350.02071
G1 X113.404 Y45.196 E1350.05748
G1 X113.215 Y44.697 E1350.09297
G1 X113.001 Y44.219 E1350.12781
G1 X112.693 Y43.774 E1350.16381
G1 X111.896 Y43.066 E1350.23472
G1 X111.421 Y42.813 E1350.27052
G1 X110.921 Y42.653 E1350.30544
G1 X110.399 Y42.525 E1350.3412
G1 X109.859 Y42.525 E1350.37712
G1 X109.335 Y42.578 E1350.41215
G1 X108.816 Y42.705 E1350.4477
G1 X108.338 Y42.955 E1350.48358
G1 X107.882 Y43.223 E1350.51876
G1 X107.482 Y43.575 E1350.55421
G1 X106.863 Y44.451 E1350.62556
G1 X106.673 Y44.957 E1350.66151
G1 X106.57 Y45.445 E1350.69469
G1 X106.502 Y46.001 E1350.73195
G1 X106.566 Y46.547 E1350.76852
G1 X106.673 Y47.042 E1350.80221
G1 X106.867 Y47.55 E1350.83838
G1 X107.204 Y48.04 E1350.87794
G1 X107.477 Y48.416 E1350.90885
G1 X107.886 Y48.777 E1350.94514
G1 X108.325 Y49.032 E1350.97891
G1 X108.82 Y49.291 E1351.01607
G1 X109.343 Y49.418 E1351.05187
G1 X109.855 Y49.472 E1351.08612
G1 X110 Y49.472 E1351.09576
G0 F12000 X110 Y48.765
G0 X107.932 Y46.75
;TYPE:FILL
G1 F1123.1 X108.586 Y44.309 E1351.26387
G0 F12000 X109.267 Y43.913
G1 F1123.1 X112.065 Y46.711 E1351.52709
G1 X112.125 Y46.555
G1 X112.16 Y46.426 E1351.53598
G0 F12000 X111.397 Y44.335
G1 F1123.1 X107.924 Y45.266 E1351.77516
G1 F2700 E1346.77516
G0 F12000 X108.902 Y49.076
G0 X108.64 Y50.137
G0 X109.874 Y134.659
G0 X109.873 Y135.753
G0 X110 Y141.272
;TYPE:WALL-INNER
G1 F2700 E1351.77516
G1 F1123.1 X110.259 Y141.272 E1351.79239
G1 X110.594 Y141.191 E1351.81531
G1 X110.949 Y141.075 E1351.84016
G1 X111.206 Y140.938 E1351.85953
G1 X111.787 Y140.421 E1351.91126
G1 X111.948 Y140.189 E1351.93005
G1 X112.101 Y139.841 E1351.95534
G1 X112.231 Y139.504 E1351.97936
G1 X112.271 Y139.183 E1352.00088
G1 X112.268 Y138.819 E1352.0251
G1 X112.229 Y138.482 E1352.04766
G1 X112.105 Y138.155 E1352.07093
G1 X111.951 Y137.811 E1352.096
G1 X111.788 Y137.575 E1352.11508
G1 X111.206 Y137.058 E1352.16686
G1 X110.953 Y136.923 E1352.18594
G1 X110.594 Y136.808 E1352.21101
G1 X110.253 Y136.725 E1352.23436
G1 X109.92 Y136.725 E1352.25651
G1 X109.539 Y136.763 E1352.28198
G1 X109.243 Y136.836 E1352.30226
G1 X108.921 Y137.005 E1352.32645
G1 X108.589 Y137.2 E1352.35206
G1 X108.381 Y137.383 E1352.37049
G1 X107.932 Y138.017 E1352.42217
G1 X107.829 Y138.293 E1352.44177
G1 X107.755 Y138.643 E1352.46556
G1 X107.71 Y139.004 E1352.48976
G1 X107.751 Y139.35 E1352.51294
G1 X107.826 Y139.7 E1352.53675
G1 X107.937 Y139.988 E1352.55728
G1 X108.371 Y140.604 E1352.60741
G1 X108.592 Y140.799 E1352.62701
G1 X108.906 Y140.982 E1352.65119
G1 X109.246 Y141.16 E1352.67672
G1 X109.548 Y141.233 E1352.69739
G1 X109.918 Y141.272 E1352.72214
G1 X110 Y141.272 E1352.72759
G0 F12000 X110 Y141.672
G1 F1123.1 X110.306 Y141.672 E1352.74794
G1 X110.703 Y141.577 E1352.7751
G1 X111.106 Y141.444 E1352.80333
G1 X111.436 Y141.269 E1352.82818
G1 X112.089 Y140.688 E1352.88632
G1 X112.299 Y140.385 E1352.91084
G1 X112.471 Y139.994 E1352.93926
G1 X112.622 Y139.602 E1352.9672
G1 X112.671 Y139.206 E1352.99374
G1 X112.668 Y138.794 E1353.02115
G1 X112.621 Y138.387 E1353.0484
G1 X112.475 Y138.002 E1353.07579
G1 X112.301 Y137.613 E1353.10414
G1 X112.089 Y137.308 E1353.12885
G1 X111.436 Y136.727 E1353.18699
G1 X111.109 Y136.553 E1353.21163
G1 X110.703 Y136.423 E1353.23999
G1 X110.302 Y136.325 E1353.26745
G1 X109.899 Y136.325 E1353.29426
G1 X109.471 Y136.368 E1353.32287
G1 X109.101 Y136.459 E1353.34822
G1 X108.726 Y136.655 E1353.37636
G1 X108.354 Y136.874 E1353.40508
G1 X108.081 Y137.114 E1353.42926
G1 X107.576 Y137.828 E1353.48743
G1 X107.443 Y138.181 E1353.51253
G1 X107.36 Y138.577 E1353.53944
G1 X107.307 Y139.003 E1353.568
G1 X107.356 Y139.416 E1353.59566
G1 X107.442 Y139.814 E1353.62275
G1 X107.58 Y140.175 E1353.64846
G1 X108.073 Y140.875 E1353.70541
G1 X108.357 Y141.125 E1353.73058
G1 X108.712 Y141.332 E1353.75792
G1 X109.104 Y141.537 E1353.78734
G1 X109.479 Y141.628 E1353.81301
G1 X109.897 Y141.672 E1353.84097
G1 X110 Y141.672 E1353.84782
G0 F12000 X110 Y142.072
G1 F1123.1 X110.353 Y142.072 E1353.8713
G1 X110.812 Y141.962 E1353.9027
G1 X111.263 Y141.813 E1353.9343
G1 X111.666 Y141.599 E1353.96465
G1 X112.391 Y140.955 E1354.02916
G1 X112.649 Y140.581 E1354.05938
G1 X112.841 Y140.146 E1354.09101
G1 X113.013 Y139.7 E1354.12281
G1 X113.071 Y139.229 E1354.15437
G1 X113.068 Y138.77 E1354.18491
G1 X113.012 Y138.292 E1354.21692
G1 X112.845 Y137.85 E1354.24835
G1 X112.651 Y137.416 E1354.27998
G1 X112.391 Y137.041 E1354.31033
G1 X111.666 Y136.397 E1354.37484
G1 X111.265 Y136.183 E1354.40507
G1 X110.812 Y136.038 E1354.43671
G1 X110.351 Y135.925 E1354.46828
G1 X109.879 Y135.925 E1354.49968
G1 X109.403 Y135.973 E1354.53151
G1 X108.958 Y136.082 E1354.56198
G1 X108.532 Y136.305 E1354.59397
G1 X108.118 Y136.549 E1354.62593
G1 X107.782 Y136.845 E1354.65572
G1 X107.219 Y137.64 E1354.72052
G1 X107.058 Y138.069 E1354.751
G1 X106.965 Y138.511 E1354.78105
G1 X106.905 Y139.002 E1354.81395
G1 X106.961 Y139.481 E1354.84603
G1 X107.057 Y139.928 E1354.87645
G1 X107.223 Y140.363 E1354.90742
G1 X107.528 Y140.806 E1354.9432
G1 X107.775 Y141.145 E1354.9711
G1 X108.121 Y141.451 E1355.00182
G1 X108.519 Y141.682 E1355.03243
G1 X108.962 Y141.914 E1355.0657
G1 X109.411 Y142.023 E1355.09643
G1 X109.876 Y142.072 E1355.12754
G1 X110 Y142.072 E1355.13579
G0 F12000 X110 Y142.472
;TYPE:WALL-OUTER
G1 F1123.1 X110.4 Y142.472 E1355.16239
G1 X110.921 Y142.347 E1355.19803
G1 X111.421 Y142.183 E1355.23304
G1 X111.896 Y141.93 E1355.26884
G1 X112.693 Y141.222 E1355.33975
G1 X113 Y140.777 E1355.37571
G1 X113.211 Y140.299 E1355.41047
G1 X113.404 Y139.798 E1355.44619
G1 X113.471 Y139.252 E1355.48278
G1 X113.468 Y138.745 E1355.5165
G1 X113.404 Y138.196 E1355.55327
G1 X113.215 Y137.697 E1355.58877
G1 X113.001 Y137.219 E1355.6236
G1 X112.693 Y136.774 E1355.6596
G1 X111.896 Y136.066 E1355.73052
G1 X111.421 Y135.813 E1355.76632
G1 X110.921 Y135.653 E1355.80124
G1 X110.399 Y135.525 E1355.83699
G1 X109.859 Y135.525 E1355.87291
G1 X109.335 Y135.578 E1355.90795
G1 X108.816 Y135.705 E1355.94349
G1 X108.338 Y135.955 E1355.97937
G1 X107.882 Y136.223 E1356.01456
G1 X107.482 Y136.575 E1356.05
G1 X106.863 Y137.451 E1356.12135
G1 X106.673 Y137.957 E1356.15731
G1 X106.57 Y138.445 E1356.19048
G1 X106.502 Y139.001 E1356.22774
G1 X106.566 Y139.547 E1356.26431
G1 X106.673 Y140.042 E1356.298
G1 X106.867 Y140.55 E1356.33417
G1 X107.204 Y141.04 E1356.37373
G1 X107.477 Y141.416 E1356.40464
G1 X107.886 Y141.777 E1356.44093
G1 X108.325 Y142.032 E1356.4747
G1 X108.82 Y142.291 E1356.51187
G1 X109.343 Y142.418 E1356.54767
G1 X109.855 Y142.472 E1356.58191
G1 X110 Y142.472 E1356.59156
G0 F12000 X110 Y141.765
G0 X110.354 Y141.167
;TYPE:FILL
G1 F1123.1 X107.835 Y138.648 E1356.82853
G0 F12000 X107.893 Y139.625
G1 F1123.1 X108.491 Y137.392 E1356.98231
G0 F12000 X108.325 Y140.404
G1 F1123.1 X112.166 Y139.374 E1357.24684
G0 F12000 X112.19 Y139.043
G1 F1123.1 X111.918 Y140.057 E1357.31667
G1 F2700 E1352.31667
;MESH:NONMESH
G0 F300 X111.918 Y140.057 Z3
G0 F12000 X110.869 Y135.878
G0 X111.131 Y134.815
G0 X110.373 Y50.34
G0 X110.373 Y49.246
G0 X110.205 Y47.972
;TIME_ELAPSED:1201.911100
;LAYER:7
;note -- min layer time used
;TYPE:WALL-INNER
;MESH:bump_plate.obj
G1 F2700 E1357.31667
G1 F958.9 X110.978 Y47.721 E1357.37074
G1 X111.606 Y47.156 E1357.42693
G1 X111.94 Y46.406 E1357.48154
G1 X111.94 Y45.587 E1357.53602
G1 X111.607 Y44.84 E1357.59043
G1 X110.978 Y44.276 E1357.64663
G1 X110.202 Y44.024 E1357.7009
G1 X109.391 Y44.109 E1357.75514
G1 X108.674 Y44.525 E1357.81028
G1 X108.179 Y45.211 E1357.86656
G1 X108.012 Y45.999 E1357.92014
G1 X108.18 Y46.788 E1357.9738
G1 X108.676 Y47.476 E1358.03022
G1 X109.389 Y47.886 E1358.08493
G1 X110.205 Y47.972 E1358.13951
G0 F12000 X110.248 Y48.379
G1 F958.9 X111.182 Y48.075 E1358.20485
G1 X111.937 Y47.396 E1358.27239
G1 X112.34 Y46.491 E1358.33829
G1 X112.34 Y45.501 E1358.40415
G1 X111.937 Y44.6 E1358.46981
G1 X111.182 Y43.921 E1358.53735
G1 X110.245 Y43.617 E1358.60288
G1 X109.265 Y43.72 E1358.66843
G1 X108.4 Y44.221 E1358.73492
G1 X107.805 Y45.045 E1358.80253
G1 X107.603 Y45.999 E1358.8674
G1 X107.807 Y46.953 E1358.93229
G1 X108.402 Y47.779 E1359.00001
G1 X109.259 Y48.273 E1359.06581
G1 X110.248 Y48.379 E1359.13198
G0 F12000 X110.291 Y48.785
G1 F958.9 X111.385 Y48.429 E1359.20851
G1 X112.267 Y47.637 E1359.28736
G1 X112.74 Y46.576 E1359.36463
G1 X112.74 Y45.416 E1359.4418
G1 X112.269 Y44.361 E1359.51865
G1 X111.385 Y43.567 E1359.59769
G1 X110.288 Y43.21 E1359.67443
G1 X109.138 Y43.332 E1359.75136
G1 X108.124 Y43.919 E1359.8293
G1 X107.431 Y44.881 E1359.90817
G1 X107.194 Y45.999 E1359.98419
G1 X107.433 Y47.119 E1360.06037
G1 X108.127 Y48.083 E1360.13939
G1 X109.137 Y48.664 E1360.21689
G1 X110.291 Y48.785 E1360.29408
G0 F12000 X110.334 Y49.192
;TYPE:WALL-OUTER
G1 F958.9 X111.589 Y48.784 E1360.38186
G1 X112.598 Y47.877 E1360.47211
G1 X113.14 Y46.661 E1360.56067
G1 X113.14 Y45.331 E1360.64915
G1 X112.6 Y44.121 E1360.73729
G1 X111.589 Y43.212 E1360.82772
G1 X110.33 Y42.804 E1360.91576
G1 X109.012 Y42.943 E1361.00392
G1 X107.85 Y43.615 E1361.09321
G1 X107.058 Y44.714 E1361.18332
G1 X106.785 Y45.999 E1361.27071
G1 X107.059 Y47.285 E1361.35818
G1 X107.806 Y48.321 E1361.44314
G1 X107.926 Y48.429 E1361.45388
G1 X109.009 Y49.053 E1361.53702
G1 X110.334 Y49.192 E1361.62564
G0 F12000 X110.263 Y48.475
G0 X111.86 Y46.106
;TYPE:FILL
G1 F958.9 X109.891 Y44.138 E1361.81083
G0 F12000 X111.283 Y44.658
G1 F958.9 X108.203 Y45.484 E1362.02295
G1 F2700 E1357.02295
G0 F12000 X109.047 Y48.811
G0 X108.784 Y49.872
G0 X110.192 Y134.95
G0 X110.308 Y136.037
G0 X110 Y140.95
;TYPE:WALL-INNER
G1 F2700 E1362.02295
G1 F958.9 X110.205 Y140.972 E1362.03667
G1 X110.978 Y140.721 E1362.09073
G1 X111.606 Y140.156 E1362.14692
G1 X111.94 Y139.406 E1362.20154
G1 X111.94 Y138.587 E1362.25602
G1 X111.607 Y137.84 E1362.31042
G1 X110.978 Y137.276 E1362.36662
G1 X110.202 Y137.024 E1362.42089
G1 X109.391 Y137.109 E1362.47513
G1 X108.674 Y137.525 E1362.53028
G1 X108.179 Y138.211 E1362.58655
G1 X108.012 Y138.999 E1362.64013
G1 X108.18 Y139.788 E1362.69379
G1 X108.676 Y140.476 E1362.75021
G1 X109.389 Y140.886 E1362.80492
G1 X110 Y140.95 E1362.84579
G0 F12000 X110 Y141.352
G1 F958.9 X110.248 Y141.379 E1362.86238
G1 X111.182 Y141.075 E1362.92772
G1 X111.937 Y140.396 E1362.99527
G1 X112.34 Y139.491 E1363.06117
G1 X112.34 Y138.501 E1363.12702
G1 X111.937 Y137.6 E1363.19268
G1 X111.182 Y136.921 E1363.26022
G1 X110.245 Y136.617 E1363.32575
G1 X109.265 Y136.72 E1363.3913
G1 X108.4 Y137.221 E1363.4578
G1 X107.805 Y138.045 E1363.5254
G1 X107.603 Y138.999 E1363.59027
G1 X107.807 Y139.953 E1363.65517
G1 X108.402 Y140.779 E1363.72288
G1 X109.259 Y141.273 E1363.78868
G1 X110 Y141.352 E1363.83826
G0 F12000 X110 Y141.754
G1 F958.9 X110.291 Y141.785 E1363.85772
G1 X111.385 Y141.429 E1363.93425
G1 X112.267 Y140.637 E1364.01311
G1 X112.74 Y139.576 E1364.09038
G1 X112.74 Y138.416 E1364.16754
G1 X112.269 Y137.361 E1364.2444
G1 X111.385 Y136.567 E1364.32344
G1 X110.288 Y136.21 E1364.40018
G1 X109.138 Y136.332 E1364.47711
G1 X108.124 Y136.919 E1364.55505
G1 X107.431 Y137.881 E1364.63391
G1 X107.194 Y138.999 E1364.70994
G1 X107.433 Y140.119 E1364.78612
G1 X108.127 Y141.083 E1364.86513
G1 X109.137 Y141.664 E1364.94264
G1 X110 Y141.754 E1365.00036
G0 F12000 X110 Y142.157
;TYPE:WALL-OUTER
G1 F958.9 X110.334 Y142.192 E1365.0227
G1 X111.589 Y141.784 E1365.11048
G1 X112.598 Y140.877 E1365.20073
G1 X113.14 Y139.661 E1365.28929
G1 X113.14 Y138.331 E1365.37776
G1 X112.6 Y137.121 E1365.4659
G1 X111.589 Y136.212 E1365.55634
G1 X110.33 Y135.804 E1365.64438
G1 X109.012 Y135.943 E1365.73254
G1 X107.85 Y136.615 E1365.82183
G1 X107.058 Y137.714 E1365.91194
G1 X106.785 Y138.999 E1365.99933
G1 X107.059 Y140.285 E1366.08679
G1 X107.806 Y141.321 E1366.17175
G1 X107.926 Y141.429 E1366.18249
G1 X109.009 Y142.053 E1366.26564
G1 X110 Y142.157 E1366.33192
G0 F12000 X110.073 Y141.454
G0 X110.408 Y140.821
;TYPE:FILL
G1 F958.9 X108.18 Y138.592 E1366.54157
G0 F12000 X108.935 Y140.533
G1 F958.9 X111.678 Y139.798 E1366.73047
G1 X111.719 Y139.705
G1 X111.86 Y139.181 E1366.76656
G1 F2700 E1361.76656
;MESH:NONMESH
G0 F300 X111.86 Y139.181 Z3.4
G0 F12000 X110.308 Y136.037
G0 X110.192 Y134.95
G0 X110.201 Y50.049
G0 X110.313 Y48.962
G0 X110.17 Y47.669
;TIME_ELAPSED:1214.439576
;LAYER:8
;note -- min layer time used
;TYPE:WALL-INNER
;MESH:bump_plate.obj
G1 F2700 E1366.76656
G1 F822.8 X110.828 Y47.455 E1366.81259
G1 X111.352 Y46.984 E1366.85946
G1 X111.64 Y46.336 E1366.90663
G1 X111.64 Y45.662 E1366.95146
G1 X111.356 Y45.022 E1366.99804
G1 X110.832 Y44.545 E1367.04518
G1 X110.172 Y44.331 E1367.09133
G1 X109.491 Y44.399 E1367.13686
G1 X108.882 Y44.749 E1367.18358
G1 X108.461 Y45.33 E1367.23131
G1 X108.32 Y45.997 E1367.27666
G1 X108.461 Y46.667 E1367.3222
G1 X108.879 Y47.245 E1367.36965
G1 X109.49 Y47.598 E1367.41659
G1 X110.17 Y47.669 E1367.46207
G0 F12000 X110.213 Y48.075
G1 F822.8 X111.033 Y47.81 E1367.5194
G1 X111.683 Y47.224 E1367.57761
G1 X112.04 Y46.42 E1367.63613
G1 X112.04 Y45.578 E1367.69214
G1 X111.689 Y44.781 E1367.75007
G1 X111.036 Y44.19 E1367.80866
G1 X110.215 Y43.924 E1367.86606
G1 X109.365 Y44.01 E1367.92289
G1 X108.608 Y44.445 E1367.98097
G1 X108.087 Y45.164 E1368.04004
G1 X107.911 Y45.997 E1368.09667
G1 X108.087 Y46.833 E1368.1535
G1 X108.605 Y47.548 E1368.21223
G1 X109.364 Y47.987 E1368.27056
G1 X110.213 Y48.075 E1368.32734
G0 F12000 X110.255 Y48.482
G1 F822.8 X111.237 Y48.164 E1368.396
G1 X112.014 Y47.464 E1368.46557
G1 X112.44 Y46.505 E1368.53537
G1 X112.44 Y45.494 E1368.60262
G1 X112.021 Y44.541 E1368.67187
G1 X111.241 Y43.836 E1368.74181
G1 X110.259 Y43.518 E1368.81048
G1 X109.24 Y43.621 E1368.87861
G1 X108.335 Y44.141 E1368.94804
G1 X107.713 Y44.998 E1369.01848
G1 X107.502 Y45.997 E1369.0864
G1 X107.713 Y46.999 E1369.15451
G1 X108.331 Y47.852 E1369.22458
G1 X109.238 Y48.376 E1369.29426
G1 X110.255 Y48.482 E1369.36228
G0 F12000 X110.298 Y48.888
;TYPE:WALL-OUTER
G1 F822.8 X111.441 Y48.518 E1369.44219
G1 X112.346 Y47.704 E1369.52316
G1 X112.84 Y46.589 E1369.60429
G1 X112.84 Y45.41 E1369.68271
G1 X112.353 Y44.301 E1369.76329
G1 X111.445 Y43.482 E1369.84463
G1 X110.302 Y43.112 E1369.92454
G1 X109.115 Y43.231 E1370.0039
G1 X108.061 Y43.837 E1370.08477
G1 X107.339 Y44.832 E1370.16655
G1 X107.093 Y45.997 E1370.24576
G1 X107.339 Y47.165 E1370.32516
G1 X108.057 Y48.156 E1370.40656
G1 X109.112 Y48.765 E1370.48759
G1 X110.298 Y48.888 E1370.56691
G0 F12000 X110.224 Y48.172
G0 X108.463 Y45.707
;TYPE:FILL
G1 F822.8 X111.188 Y44.977 E1370.75457
G0 F12000 X111.342 Y45.188
G1 F822.8 X110.76 Y44.606 E1370.80932
G1 F2700 E1365.80932
G0 F12000 X110.277 Y48.658
G0 X110.162 Y49.746
G0 X110.166 Y135.257
G0 X110.28 Y136.343
G0 X110 Y140.651
;TYPE:WALL-INNER
G1 F2700 E1370.80932
G1 F822.8 X110.17 Y140.669 E1370.82069
G1 X110.828 Y140.455 E1370.86672
G1 X111.352 Y139.984 E1370.91359
G1 X111.64 Y139.336 E1370.96076
G1 X111.64 Y138.662 E1371.00559
G1 X111.356 Y138.022 E1371.05217
G1 X110.832 Y137.545 E1371.0993
G1 X110.172 Y137.331 E1371.14546
G1 X109.491 Y137.399 E1371.19098
G1 X108.882 Y137.749 E1371.23771
G1 X108.461 Y138.33 E1371.28544
G1 X108.32 Y138.997 E1371.33078
G1 X108.461 Y139.667 E1371.37633
G1 X108.879 Y140.245 E1371.42378
G1 X109.49 Y140.598 E1371.47072
G1 X110 Y140.651 E1371.50483
G0 F12000 X110 Y141.053
G1 F822.8 X110.213 Y141.075 E1371.51907
G1 X111.033 Y140.81 E1371.5764
G1 X111.683 Y140.224 E1371.63461
G1 X112.04 Y139.42 E1371.69313
G1 X112.04 Y138.578 E1371.74914
G1 X111.689 Y137.781 E1371.80707
G1 X111.036 Y137.19 E1371.86566
G1 X110.215 Y136.924 E1371.92306
G1 X109.365 Y137.01 E1371.97989
G1 X108.608 Y137.445 E1372.03797
G1 X108.087 Y138.164 E1372.09704
G1 X107.911 Y138.997 E1372.15367
G1 X108.087 Y139.833 E1372.2105
G1 X108.605 Y140.548 E1372.26923
G1 X109.364 Y140.987 E1372.32756
G1 X110 Y141.053 E1372.37009
G0 F12000 X110 Y141.455
G1 F822.8 X110.255 Y141.482 E1372.38715
G1 X111.237 Y141.164 E1372.45581
G1 X112.014 Y140.464 E1372.52538
G1 X112.44 Y139.505 E1372.59519
G1 X112.44 Y138.494 E1372.66244
G1 X112.021 Y137.541 E1372.73169
G1 X111.241 Y136.836 E1372.80163
G1 X110.259 Y136.518 E1372.87029
G1 X109.24 Y136.621 E1372.93842
G1 X108.335 Y137.141 E1373.00785
G1 X107.713 Y137.998 E1373.07829
G1 X107.502 Y138.997 E1373.14621
G1 X107.713 Y139.999 E1373.21432
G1 X108.331 Y140.852 E1373.28439
G1 X109.238 Y141.376 E1373.35407
G1 X110 Y141.455 E1373.40503
G0 F12000 X110 Y141.857
;TYPE:WALL-OUTER
G1 F822.8 X110.298 Y141.888 E1373.42496
G1 X111.441 Y141.518 E1373.50488
G1 X112.346 Y140.704 E1373.58585
G1 X112.84 Y139.589 E1373.66697
G1 X112.84 Y138.41 E1373.7454
G1 X112.353 Y137.301 E1373.82597
G1 X111.445 Y136.482 E1373.90731
G1 X110.302 Y136.112 E1373.98723
G1 X109.115 Y136.231 E1374.06658
G1 X108.061 Y136.837 E1374.14746
G1 X107.339 Y137.832 E1374.22924
G1 X107.093 Y138.997 E1374.30844
G1 X107.339 Y140.165 E1374.38784
G1 X108.057 Y141.156 E1374.46925
G1 X109.112 Y141.765 E1374.55028
G1 X110 Y141.857 E1374.60966
G0 F12000 X110.075 Y141.154
G0 X109.921 Y140.562
;TYPE:FILL
G1 F822.8 X110.872 Y140.307 E1374.67516
G0 F12000 X110.473 Y140.485
G1 F822.8 X108.503 Y138.516 E1374.86044
G0 F12000 X111.56 Y139.207
G1 F822.8 X111.485 Y139.487 E1374.87972
G1 F2700 E1369.87972
;MESH:NONMESH
G0 F300 X111.485 Y139.487 Z3.8
G0 F12000 X110.28 Y136.343
G0 X110.166 Y135.257
G0 X110.162 Y49.746
G0 X110.277 Y48.658
G0 X110.142 Y47.392
;TIME_ELAPSED:1226.838843
;LAYER:9
;note -- min layer time used
;TYPE:WALL-INNER
;MESH:bump_plate.obj
G1 F2700 E1374.87972
G1 F708.4 X110.669 Y47.221 E1374.91658
G1 X111.129 Y46.812 E1374.95752
G1 X111.368 Y46.28 E1374.99632
G1 X111.37 Y45.746 E1375.03184
G1 X111.141 Y45.2 E1375.07122
G1 X110.672 Y44.779 E1375.11315
G1 X110.116 Y44.606 E1375.15188
G1 X109.577 Y44.663 E1375.18794
G1 X109.069 Y44.958 E1375.22701
G1 X108.712 Y45.459 E1375.26794
G1 X108.596 Y45.992 E1375.30422
G1 X108.712 Y46.535 E1375.34116
G1 X109.071 Y47.041 E1375.38243
G1 X109.595 Y47.334 E1375.42236
G1 X110.142 Y47.392 E1375.45895
G0 F12000 X110.183 Y47.799
G1 F708.4 X110.87 Y47.577 E1375.50698
G1 X111.46 Y47.053 E1375.55947
G1 X111.767 Y46.369 E1375.60934
G1 X111.771 Y45.64 E1375.65784
G1 X111.47 Y44.958 E1375.70743
G1 X110.875 Y44.424 E1375.76061
G1 X110.181 Y44.198 E1375.80916
G1 X109.452 Y44.274 E1375.85792
G1 X108.793 Y44.656 E1375.90859
G1 X108.338 Y45.295 E1375.96077
G1 X108.232 Y45.789 E1375.99438
G1 X108.201 Y46.046 E1376.01159
G1 X108.337 Y46.698 E1376.0559
G1 X108.753 Y47.283 E1376.10365
G1 X108.868 Y47.384 E1376.11383
G1 X109.472 Y47.723 E1376.15991
G1 X110.183 Y47.799 E1376.20747
G0 F12000 X110 Y48.18
G1 F708.4 X110.243 Y48.18 E1376.22364
G1 X110.496 Y48.118 E1376.24096
G1 X110.943 Y47.973 E1376.27222
G1 X111.154 Y47.86 E1376.28814
G1 X111.788 Y47.297 E1376.34455
G1 X112.045 Y46.725 E1376.38626
G1 X112.136 Y46.486 E1376.40327
G1 X112.168 Y46.225 E1376.42076
G1 X112.171 Y45.77 E1376.45103
G1 X112.137 Y45.516 E1376.46808
G1 X112.044 Y45.268 E1376.4857
G1 X111.851 Y44.83 E1376.51754
G1 X111.721 Y44.646 E1376.53252
G1 X111.154 Y44.137 E1376.58321
G1 X110.945 Y44.027 E1376.59892
G1 X110.489 Y43.877 E1376.63085
G1 X110.246 Y43.816 E1376.64752
G1 X109.984 Y43.816 E1376.66494
G1 X109.368 Y43.881 E1376.70615
G1 X109.033 Y44.054 E1376.73123
G1 X108.629 Y44.289 E1376.76232
G1 X108.453 Y44.445 E1376.77796
G1 X108.019 Y45.053 E1376.82765
G1 X107.93 Y45.29 E1376.8445
G1 X107.837 Y45.723 E1376.87396
G1 X107.805 Y45.995 E1376.89217
G1 X107.837 Y46.262 E1376.91006
G1 X107.964 Y46.862 E1376.95086
G1 X108.454 Y47.552 E1377.00715
G1 X108.633 Y47.71 E1377.02304
G1 X109.035 Y47.943 E1377.05394
G1 X109.359 Y48.114 E1377.07831
G1 X109.984 Y48.18 E1377.12012
G1 X110 Y48.18 E1377.12118
G0 F12000 X110 Y48.58
;TYPE:WALL-OUTER
G1 F708.4 X110.291 Y48.58 E1377.14054
G1 X110.605 Y48.503 E1377.16205
G1 X111.101 Y48.343 E1377.19672
G1 X111.384 Y48.19 E1377.21812
G1 X112.024 Y47.623 E1377.27499
G1 X112.196 Y47.366 E1377.29556
G1 X112.415 Y46.879 E1377.33109
G1 X112.528 Y46.583 E1377.35216
G1 X112.568 Y46.251 E1377.37441
G1 X112.571 Y45.745 E1377.40807
G1 X112.528 Y45.418 E1377.43
G1 X112.414 Y45.116 E1377.45148
G1 X112.201 Y44.632 E1377.48665
G1 X112.021 Y44.378 E1377.50736
G1 X111.384 Y43.806 E1377.56431
G1 X111.101 Y43.657 E1377.58559
G1 X110.6 Y43.493 E1377.62065
G1 X110.295 Y43.416 E1377.64158
G1 X109.963 Y43.416 E1377.66366
G1 X109.452 Y43.47 E1377.69784
G1 X109.14 Y43.549 E1377.71925
G1 X108.841 Y43.704 E1377.74166
G1 X108.394 Y43.963 E1377.77602
G1 X108.154 Y44.175 E1377.79732
G1 X107.663 Y44.863 E1377.85355
G1 X107.545 Y45.177 E1377.87586
G1 X107.442 Y45.657 E1377.90852
G1 X107.402 Y45.995 E1377.93116
G1 X107.442 Y46.327 E1377.9534
G1 X107.549 Y46.835 E1377.98794
G1 X107.662 Y47.128 E1378.00883
G1 X108.154 Y47.821 E1378.06536
G1 X108.398 Y48.036 E1378.087
G1 X108.841 Y48.293 E1378.12106
G1 X109.14 Y48.451 E1378.14356
G1 X109.451 Y48.526 E1378.16484
G1 X109.963 Y48.58 E1378.19909
G1 X110 Y48.58 E1378.20155
G0 F12000 X110 Y47.872
G0 X108.691 Y45.939
;TYPE:FILL
G1 F708.4 X111.095 Y45.295 E1378.3671
G1 F2700 E1373.3671
G0 F12000 X110.266 Y48.353
G0 X110.266 Y49.447
G0 X110.264 Y135.554
G0 X110.267 Y136.647
G0 X110 Y140.377
;TYPE:WALL-INNER
G1 F2700 E1378.3671
G1 F708.4 X110.142 Y140.392 E1378.3766
G1 X110.669 Y140.221 E1378.41346
G1 X111.129 Y139.812 E1378.4544
G1 X111.368 Y139.28 E1378.4932
G1 X111.37 Y138.746 E1378.52872
G1 X111.141 Y138.2 E1378.56811
G1 X110.672 Y137.779 E1378.61003
G1 X110.116 Y137.606 E1378.64876
G1 X109.577 Y137.663 E1378.68482
G1 X109.069 Y137.958 E1378.72389
G1 X108.712 Y138.459 E1378.76482
G1 X108.596 Y138.992 E1378.8011
G1 X108.712 Y139.535 E1378.83804
G1 X109.071 Y140.041 E1378.87931
G1 X109.595 Y140.334 E1378.91924
G1 X110 Y140.377 E1378.94634
G0 F12000 X110 Y140.779
G1 F708.4 X110.183 Y140.799 E1378.95858
G1 X110.87 Y140.577 E1379.00661
G1 X111.46 Y140.053 E1379.0591
G1 X111.767 Y139.369 E1379.10897
G1 X111.771 Y138.64 E1379.15747
G1 X111.47 Y137.958 E1379.20705
G1 X110.875 Y137.424 E1379.26024
G1 X110.181 Y137.198 E1379.30879
G1 X109.452 Y137.274 E1379.35754
G1 X108.793 Y137.656 E1379.40821
G1 X108.338 Y138.295 E1379.46039
G1 X108.232 Y138.789 E1379.494
G1 X108.201 Y139.046 E1379.51122
G1 X108.337 Y139.698 E1379.55553
G1 X108.753 Y140.283 E1379.60328
G1 X108.868 Y140.384 E1379.61346
G1 X109.472 Y140.723 E1379.65953
G1 X110 Y140.779 E1379.69485
G0 F12000 X110 Y141.18
G1 F708.4 X110.243 Y141.18 E1379.71102
G1 X110.496 Y141.118 E1379.72834
G1 X110.943 Y140.973 E1379.7596
G1 X111.154 Y140.86 E1379.77553
G1 X111.788 Y140.297 E1379.83193
G1 X112.045 Y139.725 E1379.87364
G1 X112.136 Y139.486 E1379.89065
G1 X112.168 Y139.225 E1379.90815
G1 X112.171 Y138.77 E1379.93841
G1 X112.137 Y138.516 E1379.95546
G1 X112.044 Y138.268 E1379.97308
G1 X111.851 Y137.83 E1380.00492
G1 X111.721 Y137.646 E1380.0199
G1 X111.154 Y137.137 E1380.07059
G1 X110.945 Y137.027 E1380.0863
G1 X110.489 Y136.877 E1380.11823
G1 X110.246 Y136.816 E1380.1349
G1 X109.984 Y136.816 E1380.15233
G1 X109.368 Y136.881 E1380.19353
G1 X109.033 Y137.054 E1380.21861
G1 X108.629 Y137.289 E1380.2497
G1 X108.453 Y137.445 E1380.26535
G1 X108.019 Y138.053 E1380.31504
G1 X107.93 Y138.29 E1380.33188
G1 X107.837 Y138.723 E1380.36134
G1 X107.805 Y138.995 E1380.37956
G1 X107.837 Y139.262 E1380.39744
G1 X107.964 Y139.862 E1380.43824
G1 X108.454 Y140.552 E1380.49454
G1 X108.633 Y140.71 E1380.51042
G1 X109.035 Y140.943 E1380.54133
G1 X109.359 Y141.114 E1380.5657
G1 X109.984 Y141.18 E1380.6075
G1 X110 Y141.18 E1380.60857
G0 F12000 X110 Y141.58
;TYPE:WALL-OUTER
G1 F708.4 X110.291 Y141.58 E1380.62792
G1 X110.605 Y141.503 E1380.64943
G1 X111.101 Y141.343 E1380.6841
G1 X111.384 Y141.19 E1380.7055
G1 X112.024 Y140.623 E1380.76238
G1 X112.196 Y140.366 E1380.78295
G1 X112.415 Y139.879 E1380.81847
G1 X112.528 Y139.583 E1380.83954
G1 X112.568 Y139.251 E1380.86179
G1 X112.571 Y138.745 E1380.89545
G1 X112.528 Y138.418 E1380.91739
G1 X112.414 Y138.116 E1380.93886
G1 X112.201 Y137.632 E1380.97404
G1 X112.021 Y137.378 E1380.99474
G1 X111.384 Y136.806 E1381.05169
G1 X111.101 Y136.657 E1381.07297
G1 X110.6 Y136.493 E1381.10804
G1 X110.295 Y136.416 E1381.12896
G1 X109.963 Y136.416 E1381.15105
G1 X109.452 Y136.47 E1381.18523
G1 X109.14 Y136.549 E1381.20664
G1 X108.841 Y136.704 E1381.22904
G1 X108.394 Y136.963 E1381.2634
G1 X108.154 Y137.175 E1381.28471
G1 X107.663 Y137.863 E1381.34093
G1 X107.545 Y138.177 E1381.36324
G1 X107.442 Y138.657 E1381.3959
G1 X107.402 Y138.995 E1381.41854
G1 X107.442 Y139.327 E1381.44079
G1 X107.549 Y139.835 E1381.47532
G1 X107.662 Y140.128 E1381.49621
G1 X108.154 Y140.821 E1381.55274
G1 X108.398 Y141.036 E1381.57438
G1 X108.841 Y141.293 E1381.60845
G1 X109.14 Y141.451 E1381.63094
G1 X109.451 Y141.526 E1381.65222
G1 X109.963 Y141.58 E1381.68647
G1 X110 Y141.58 E1381.68893
G0 F12000 X110 Y140.872
G0 X110.558 Y140.17
;TYPE:FILL
G1 F708.4 X108.825 Y138.437 E1381.85196
G0 F12000 X111.289 Y139.126
G1 F708.4 X111.206 Y139.435 E1381.87324
G1 F2700 E1376.87324
;MESH:NONMESH
G0 F300 X111.206 Y139.435 Z4.2
G0 F12000 X110.267 Y136.647
G0 X110.264 Y135.554
G0 X110.267 Y49.447
G0 X110.267 Y48.352
G0 X110 Y47.08
;TIME_ELAPSED:1239.136827
;LAYER:10
;note -- min layer time used
;TYPE:WALL-INNER
;MESH:bump_plate.obj
G1 F2700 E1381.87324
G1 F638.7 X110.13 Y47.08 E1381.88189
G1 X110.383 Y47.017 E1381.89924
G1 X110.613 Y46.895 E1381.91655
G1 X110.814 Y46.718 E1381.93437
G1 X110.966 Y46.5 E1381.95205
G1 X111.055 Y46.262 E1381.96895
G1 X111.088 Y46.001 E1381.98645
G1 X111.056 Y45.732 E1382.00447
G1 X110.967 Y45.5 E1382.021
G1 X110.814 Y45.281 E1382.03877
G1 X110.613 Y45.106 E1382.0565
G1 X110.378 Y44.978 E1382.0743
G1 X110.129 Y44.916 E1382.09137
G1 X109.867 Y44.916 E1382.1088
G1 X109.618 Y44.978 E1382.12587
G1 X109.38 Y45.106 E1382.14384
G1 X109.182 Y45.279 E1382.16133
G1 X109.03 Y45.499 E1382.17912
G1 X108.943 Y45.731 E1382.1956
G1 X108.91 Y45.999 E1382.21357
G1 X108.942 Y46.262 E1382.23119
G1 X109.033 Y46.5 E1382.24814
G1 X109.185 Y46.721 E1382.26598
G1 X109.382 Y46.895 E1382.28347
G1 X109.613 Y47.017 E1382.30084
G1 X109.866 Y47.08 E1382.31819
G1 X110 Y47.08 E1382.3271
G0 F12000 X110 Y47.48
G1 F638.7 X110.178 Y47.48 E1382.33894
G1 X110.526 Y47.394 E1382.36279
G1 X110.842 Y47.227 E1382.38656
G1 X111.115 Y46.986 E1382.41079
G1 X111.323 Y46.688 E1382.43496
G1 X111.446 Y46.358 E1382.45839
G1 X111.491 Y46.001 E1382.48232
G1 X111.447 Y45.635 E1382.50684
G1 X111.324 Y45.312 E1382.52984
G1 X111.115 Y45.012 E1382.55416
G1 X110.842 Y44.774 E1382.57825
G1 X110.523 Y44.602 E1382.60236
G1 X110.178 Y44.516 E1382.62601
G1 X109.818 Y44.516 E1382.64996
G1 X109.473 Y44.602 E1382.67361
G1 X109.152 Y44.774 E1382.69783
G1 X108.881 Y45.011 E1382.72178
G1 X108.673 Y45.312 E1382.74612
G1 X108.551 Y45.636 E1382.76915
G1 X108.507 Y45.999 E1382.79347
G1 X108.551 Y46.358 E1382.81753
G1 X108.676 Y46.688 E1382.84101
G1 X108.883 Y46.988 E1382.86525
G1 X109.153 Y47.227 E1382.88924
G1 X109.47 Y47.394 E1382.91307
G1 X109.818 Y47.48 E1382.93692
G1 X110 Y47.48 E1382.94902
G0 F12000 X110 Y47.88
G1 F638.7 X110.227 Y47.88 E1382.96412
G1 X110.669 Y47.77 E1382.99442
G1 X111.072 Y47.558 E1383.02471
G1 X111.416 Y47.254 E1383.05525
G1 X111.68 Y46.875 E1383.08598
G1 X111.837 Y46.455 E1383.1158
G1 X111.895 Y46.001 E1383.14625
G1 X111.837 Y45.538 E1383.17729
G1 X111.681 Y45.125 E1383.20666
G1 X111.416 Y44.744 E1383.23753
G1 X111.071 Y44.442 E1383.26803
G1 X110.667 Y44.225 E1383.29853
G1 X110.226 Y44.116 E1383.32875
G1 X109.77 Y44.116 E1383.35909
G1 X109.329 Y44.225 E1383.3893
G1 X108.923 Y44.442 E1383.41993
G1 X108.58 Y44.743 E1383.45028
G1 X108.316 Y45.125 E1383.48117
G1 X108.16 Y45.54 E1383.51066
G1 X108.105 Y45.999 E1383.54141
G1 X108.16 Y46.455 E1383.57197
G1 X108.32 Y46.875 E1383.60186
G1 X108.581 Y47.255 E1383.63253
G1 X108.924 Y47.558 E1383.66297
G1 X109.327 Y47.77 E1383.69326
G1 X109.769 Y47.88 E1383.72356
G1 X110 Y47.88 E1383.73893
G0 F12000 X110 Y48.28
;TYPE:WALL-OUTER
G1 F638.7 X110.275 Y48.28 E1383.75722
G1 X110.812 Y48.147 E1383.79402
G1 X111.301 Y47.89 E1383.83077
G1 X111.717 Y47.522 E1383.86772
G1 X112.037 Y47.062 E1383.90499
G1 X112.228 Y46.551 E1383.94128
G1 X112.298 Y46.001 E1383.97816
G1 X112.228 Y45.441 E1384.0157
G1 X112.037 Y44.938 E1384.05149
G1 X111.717 Y44.475 E1384.08893
G1 X111.301 Y44.11 E1384.12575
G1 X110.811 Y43.849 E1384.16268
G1 X110.275 Y43.716 E1384.19941
G1 X109.721 Y43.716 E1384.23627
G1 X109.185 Y43.849 E1384.273
G1 X108.695 Y44.11 E1384.30993
G1 X108.279 Y44.475 E1384.34675
G1 X107.959 Y44.938 E1384.38419
G1 X107.768 Y45.444 E1384.42016
G1 X107.702 Y45.999 E1384.45734
G1 X107.768 Y46.551 E1384.49432
G1 X107.963 Y47.062 E1384.53071
G1 X108.279 Y47.522 E1384.56783
G1 X108.695 Y47.89 E1384.60478
G1 X109.184 Y48.147 E1384.64152
G1 X109.721 Y48.28 E1384.67832
G1 X110 Y48.28 E1384.69688
G0 F12000 X110 Y47.572
G0 X109.236 Y46.4
;TYPE:FILL
G1 F638.7 X110.788 Y46.4 E1384.80012
G0 F12000 X110.921 Y45.633
G1 F638.7 X109.01 Y46.146 E1384.93174
G0 F12000 X110 Y45.881
G1 F638.7 X110 Y45.13 E1384.9817
G1 F2700 E1379.9817
G0 F12000 X110 Y48.052
G0 X110 Y49.147
G0 X110 Y135.853
G0 X110 Y136.948
G0 X110 Y140.08
;TYPE:WALL-INNER
G1 F2700 E1384.9817
G1 F638.7 X110.13 Y140.08 E1384.99035
G1 X110.383 Y140.017 E1385.00769
G1 X110.613 Y139.895 E1385.02501
G1 X110.814 Y139.718 E1385.04283
G1 X110.966 Y139.5 E1385.0605
G1 X111.055 Y139.262 E1385.07741
G1 X111.088 Y139.001 E1385.09491
G1 X111.056 Y138.732 E1385.11293
G1 X110.967 Y138.5 E1385.12946
G1 X110.814 Y138.281 E1385.14723
G1 X110.613 Y138.106 E1385.16495
G1 X110.378 Y137.978 E1385.18276
G1 X110.129 Y137.916 E1385.19982
G1 X109.867 Y137.916 E1385.21725
G1 X109.618 Y137.978 E1385.23432
G1 X109.38 Y138.106 E1385.2523
G1 X109.182 Y138.279 E1385.26979
G1 X109.03 Y138.499 E1385.28758
G1 X108.943 Y138.731 E1385.30406
G1 X108.91 Y138.999 E1385.32202
G1 X108.942 Y139.262 E1385.33964
G1 X109.033 Y139.5 E1385.35659
G1 X109.185 Y139.721 E1385.37444
G1 X109.382 Y139.895 E1385.39192
G1 X109.613 Y140.017 E1385.4093
G1 X109.866 Y140.08 E1385.42664
G1 X110 Y140.08 E1385.43556
G0 F12000 X110 Y140.48
G1 F638.7 X110.178 Y140.48 E1385.4474
G1 X110.526 Y140.394 E1385.47124
G1 X110.842 Y140.227 E1385.49502
G1 X111.115 Y139.986 E1385.51924
G1 X111.323 Y139.688 E1385.54342
G1 X111.446 Y139.358 E1385.56684
G1 X111.491 Y139.001 E1385.59078
G1 X111.447 Y138.635 E1385.6153
G1 X111.324 Y138.312 E1385.63829
G1 X111.115 Y138.012 E1385.66261
G1 X110.842 Y137.774 E1385.6867
G1 X110.523 Y137.602 E1385.71081
G1 X110.178 Y137.516 E1385.73446
G1 X109.818 Y137.516 E1385.75841
G1 X109.473 Y137.602 E1385.78206
G1 X109.152 Y137.774 E1385.80629
G1 X108.881 Y138.011 E1385.83024
G1 X108.673 Y138.312 E1385.85457
G1 X108.551 Y138.636 E1385.8776
G1 X108.507 Y138.999 E1385.90193
G1 X108.551 Y139.358 E1385.92599
G1 X108.676 Y139.688 E1385.94946
G1 X108.883 Y139.988 E1385.97371
G1 X109.153 Y140.227 E1385.99769
G1 X109.47 Y140.394 E1386.02153
G1 X109.818 Y140.48 E1386.04537
G1 X110 Y140.48 E1386.05748
G0 F12000 X110 Y140.88
G1 F638.7 X110.227 Y140.88 E1386.07258
G1 X110.669 Y140.77 E1386.10288
G1 X111.072 Y140.558 E1386.13317
G1 X111.416 Y140.254 E1386.16371
G1 X111.68 Y139.875 E1386.19443
G1 X111.837 Y139.455 E1386.22426
G1 X111.895 Y139.001 E1386.2547
G1 X111.837 Y138.538 E1386.28574
G1 X111.681 Y138.125 E1386.31511
G1 X111.416 Y137.744 E1386.34598
G1 X111.071 Y137.442 E1386.37648
G1 X110.667 Y137.225 E1386.40699
G1 X110.226 Y137.116 E1386.43721
G1 X109.77 Y137.116 E1386.46754
G1 X109.329 Y137.225 E1386.49776
G1 X108.923 Y137.442 E1386.52838
G1 X108.58 Y137.743 E1386.55874
G1 X108.316 Y138.125 E1386.58963
G1 X108.16 Y138.54 E1386.61912
G1 X108.105 Y138.999 E1386.64987
G1 X108.16 Y139.455 E1386.68042
G1 X108.32 Y139.875 E1386.71032
G1 X108.581 Y140.255 E1386.74098
G1 X108.924 Y140.558 E1386.77143
G1 X109.327 Y140.77 E1386.80172
G1 X109.769 Y140.88 E1386.83202
G1 X110 Y140.88 E1386.84738
G0 F12000 X110 Y141.28
;TYPE:WALL-OUTER
G1 F638.7 X110.275 Y141.28 E1386.86568
G1 X110.812 Y141.147 E1386.90248
G1 X111.301 Y140.89 E1386.93923
G1 X111.717 Y140.522 E1386.97617
G1 X112.037 Y140.062 E1387.01345
G1 X112.228 Y139.551 E1387.04974
G1 X112.298 Y139.001 E1387.08662
G1 X112.228 Y138.441 E1387.12416
G1 X112.037 Y137.938 E1387.15995
G1 X111.717 Y137.475 E1387.19739
G1 X111.301 Y137.11 E1387.2342
G1 X110.811 Y136.849 E1387.27113
G1 X110.275 Y136.716 E1387.30787
G1 X109.721 Y136.716 E1387.34472
G1 X109.185 Y136.849 E1387.38146
G1 X108.695 Y137.11 E1387.41839
G1 X108.279 Y137.475 E1387.4552
G1 X107.959 Y137.938 E1387.49264
G1 X107.768 Y138.444 E1387.52862
G1 X107.702 Y138.999 E1387.5658
G1 X107.768 Y139.551 E1387.60278
G1 X107.963 Y140.062 E1387.63916
G1 X108.279 Y140.522 E1387.67628
G1 X108.695 Y140.89 E1387.71323
G1 X109.184 Y141.147 E1387.74998
G1 X109.721 Y141.28 E1387.78678
G1 X110 Y141.28 E1387.80534
G0 F12000 X110 Y140.572
G0 X110.577 Y139.79
;TYPE:FILL
G1 F638.7 X109.197 Y138.41 E1387.93516
G0 F12000 X109.603 Y138.815
G1 F638.7 X109.788 Y138.142 E1387.98159
G0 F12000 X110.2 Y138.153
G1 F638.7 X109.929 Y139.14 E1388.04967
G0 F12000 X109.767 Y138.981
G1 F638.7 X109.453 Y139.667 E1388.09986
G0 F12000 X110.254 Y139.465
G1 F638.7 X110.562 Y138.345 E1388.17713
G1 F2700 E1383.17713
;MESH:NONMESH
G0 F300 X110.562 Y138.345 Z4.6
G0 F12000 X110.25 Y136.947
G0 X110.25 Y135.853
G0 X110.25 Y49.147
G0 X110.25 Y48.052
G0 X110 Y47.08
;TIME_ELAPSED:1251.557353
;LAYER:11
;note -- min layer time used
;TYPE:WALL-INNER
;MESH:bump_plate.obj
G1 F2700 E1388.17713
G1 F653.5 X110.128 Y47.08 E1388.18564
G1 X110.382 Y47.017 E1388.20305
G1 X110.612 Y46.896 E1388.22034
G1 X110.814 Y46.718 E1388.23825
G1 X110.966 Y46.5 E1388.25593
G1 X111.055 Y46.262 E1388.27283
G1 X111.088 Y46.001 E1388.29033
G1 X111.055 Y45.733 E1388.30829
G1 X110.966 Y45.496 E1388.32513
G1 X110.817 Y45.28 E1388.34259
G1 X110.614 Y45.104 E1388.36046
G1 X110.378 Y44.978 E1388.37825
G1 X110.129 Y44.916 E1388.39532
G1 X109.867 Y44.916 E1388.41275
G1 X109.62 Y44.978 E1388.42969
G1 X109.38 Y45.106 E1388.44779
G1 X109.183 Y45.278 E1388.46518
G1 X109.033 Y45.496 E1388.48279
G1 X108.942 Y45.734 E1388.49973
G1 X108.91 Y45.999 E1388.51749
G1 X108.942 Y46.262 E1388.53511
G1 X109.033 Y46.5 E1388.55206
G1 X109.185 Y46.721 E1388.56991
G1 X109.38 Y46.894 E1388.58725
G1 X109.616 Y47.017 E1388.60495
G1 X109.868 Y47.08 E1388.62223
G1 X110 Y47.08 E1388.63101
G0 F12000 X110 Y47.48
G1 F653.5 X110.177 Y47.48 E1388.64278
G1 X110.525 Y47.394 E1388.66663
G1 X110.842 Y47.227 E1388.69046
G1 X111.115 Y46.986 E1388.71469
G1 X111.323 Y46.688 E1388.73886
G1 X111.446 Y46.358 E1388.76229
G1 X111.491 Y46.001 E1388.78622
G1 X111.446 Y45.637 E1388.81062
G1 X111.323 Y45.308 E1388.83399
G1 X111.117 Y45.012 E1388.85798
G1 X110.843 Y44.772 E1388.88221
G1 X110.523 Y44.602 E1388.90631
G1 X110.178 Y44.516 E1388.92996
G1 X109.819 Y44.516 E1388.95384
G1 X109.476 Y44.602 E1388.97736
G1 X109.152 Y44.774 E1389.00177
G1 X108.882 Y45.01 E1389.02562
G1 X108.676 Y45.309 E1389.04977
G1 X108.551 Y45.638 E1389.07318
G1 X108.507 Y45.999 E1389.09738
G1 X108.551 Y46.358 E1389.12144
G1 X108.676 Y46.688 E1389.14491
G1 X108.883 Y46.988 E1389.16915
G1 X109.152 Y47.226 E1389.19305
G1 X109.473 Y47.394 E1389.21715
G1 X109.819 Y47.48 E1389.24086
G1 X110 Y47.48 E1389.2529
G0 F12000 X110 Y47.88
G1 F653.5 X110.226 Y47.88 E1389.26794
G1 X110.668 Y47.77 E1389.29824
G1 X111.071 Y47.558 E1389.32853
G1 X111.416 Y47.254 E1389.35912
G1 X111.68 Y46.875 E1389.38984
G1 X111.837 Y46.455 E1389.41967
G1 X111.895 Y46.001 E1389.45011
G1 X111.837 Y45.541 E1389.48095
G1 X111.68 Y45.121 E1389.51078
G1 X111.417 Y44.743 E1389.54141
G1 X111.072 Y44.441 E1389.57191
G1 X110.667 Y44.225 E1389.60245
G1 X110.226 Y44.116 E1389.63266
G1 X109.77 Y44.116 E1389.663
G1 X109.332 Y44.225 E1389.69302
G1 X108.923 Y44.442 E1389.72382
G1 X108.58 Y44.742 E1389.75413
G1 X108.32 Y45.121 E1389.78471
G1 X108.16 Y45.541 E1389.8146
G1 X108.105 Y45.999 E1389.84529
G1 X108.16 Y46.455 E1389.87584
G1 X108.32 Y46.875 E1389.90574
G1 X108.581 Y47.255 E1389.9364
G1 X108.923 Y47.558 E1389.9668
G1 X109.331 Y47.77 E1389.99738
G1 X109.77 Y47.88 E1390.02749
G1 X110 Y47.88 E1390.04279
G0 F12000 X110 Y48.28
;TYPE:WALL-OUTER
G1 F653.5 X110.275 Y48.28 E1390.06108
G1 X110.812 Y48.147 E1390.09788
G1 X111.301 Y47.89 E1390.13463
G1 X111.717 Y47.522 E1390.17158
G1 X112.037 Y47.062 E1390.20885
G1 X112.228 Y46.551 E1390.24514
G1 X112.298 Y46.001 E1390.28202
G1 X112.228 Y45.445 E1390.3193
G1 X112.037 Y44.934 E1390.35559
G1 X111.717 Y44.475 E1390.39281
G1 X111.301 Y44.11 E1390.42962
G1 X110.811 Y43.849 E1390.46655
G1 X110.275 Y43.716 E1390.50329
G1 X109.721 Y43.716 E1390.54014
G1 X109.188 Y43.849 E1390.57668
G1 X108.695 Y44.11 E1390.61379
G1 X108.279 Y44.474 E1390.65056
G1 X107.963 Y44.934 E1390.68768
G1 X107.768 Y45.445 E1390.72407
G1 X107.702 Y45.999 E1390.76118
G1 X107.768 Y46.551 E1390.79816
G1 X107.963 Y47.062 E1390.83454
G1 X108.279 Y47.522 E1390.87167
G1 X108.695 Y47.89 E1390.90861
G1 X109.188 Y48.147 E1390.9456
G1 X109.721 Y48.28 E1390.98214
G1 X110 Y48.28 E1391.0007
G0 F12000 X110 Y47.572
G0 X109.713 Y46.918
G0 X109.968 Y46.253
;TYPE:SKIN
G1 F524.9 X109.831 Y46.201 E1391.01283
G1 X109.767 Y46.129 E1391.02081
G1 X109.726 Y45.963 E1391.03497
G1 X109.816 Y45.8 E1391.05039
G1 X109.974 Y45.738 E1391.06445
G1 X110.082 Y45.75 E1391.07345
G1 X110.223 Y45.847 E1391.08762
G1 X110.258 Y45.994 E1391.10014
G1 X110.221 Y46.14 E1391.11261
G1 X110.08 Y46.24 E1391.12693
G1 X109.968 Y46.253 E1391.13626
G0 F12000 X109.91 Y46.715
G1 F653.5 X109.578 Y46.586 E1391.15996
G1 X109.358 Y46.336 E1391.18211
G1 X109.272 Y45.987 E1391.20602
G1 X109.291 Y45.83 E1391.21654
G1 X109.463 Y45.511 E1391.24065
G1 X109.578 Y45.41 E1391.25083
G1 X109.911 Y45.281 E1391.27458
G1 X110.247 Y45.318 E1391.29707
G1 X110.548 Y45.528 E1391.32148
G1 X110.638 Y45.656 E1391.33189
G1 X110.722 Y45.999 E1391.35538
G1 X110.638 Y46.335 E1391.37842
G1 X110.548 Y46.464 E1391.38889
G1 X110.249 Y46.675 E1391.41323
G1 X109.91 Y46.715 E1391.43594
G0 F12000 X109.708 Y47.237
G1 F2700 E1386.43594
G0 F12000 X110 Y48.052
G0 X110 Y49.147
G0 X110 Y135.853
G0 X110 Y136.948
G0 X110.823 Y138.573
G0 X110.927 Y139.001
G0 X110.823 Y139.423
G0 X110 Y140.08
;TYPE:WALL-INNER
G1 F2700 E1391.43594
G1 F653.5 X110.128 Y140.08 E1391.44445
G1 X110.382 Y140.017 E1391.46186
G1 X110.612 Y139.896 E1391.47915
G1 X110.814 Y139.718 E1391.49706
G1 X110.966 Y139.5 E1391.51473
G1 X111.055 Y139.262 E1391.53164
G1 X111.088 Y139.001 E1391.54914
G1 X111.055 Y138.733 E1391.5671
G1 X110.966 Y138.496 E1391.58394
G1 X110.817 Y138.28 E1391.60139
G1 X110.614 Y138.104 E1391.61927
G1 X110.378 Y137.978 E1391.63706
G1 X110.129 Y137.916 E1391.65413
G1 X109.867 Y137.916 E1391.67156
G1 X109.62 Y137.978 E1391.6885
G1 X109.38 Y138.106 E1391.70659
G1 X109.183 Y138.278 E1391.72399
G1 X109.033 Y138.496 E1391.74159
G1 X108.942 Y138.734 E1391.75854
G1 X108.91 Y138.999 E1391.7763
G1 X108.942 Y139.262 E1391.79392
G1 X109.033 Y139.5 E1391.81087
G1 X109.185 Y139.721 E1391.82871
G1 X109.38 Y139.894 E1391.84605
G1 X109.616 Y140.017 E1391.86376
G1 X109.868 Y140.08 E1391.88104
G1 X110 Y140.08 E1391.88982
G0 F12000 X110 Y140.48
G1 F653.5 X110.177 Y140.48 E1391.90159
G1 X110.525 Y140.394 E1391.92544
G1 X110.842 Y140.227 E1391.94927
G1 X111.115 Y139.986 E1391.97349
G1 X111.323 Y139.688 E1391.99767
G1 X111.446 Y139.358 E1392.0211
G1 X111.491 Y139.001 E1392.04503
G1 X111.446 Y138.637 E1392.06943
G1 X111.323 Y138.308 E1392.09279
G1 X111.117 Y138.012 E1392.11678
G1 X110.843 Y137.772 E1392.14101
G1 X110.523 Y137.602 E1392.16512
G1 X110.178 Y137.516 E1392.18877
G1 X109.819 Y137.516 E1392.21265
G1 X109.476 Y137.602 E1392.23617
G1 X109.152 Y137.774 E1392.26057
G1 X108.882 Y138.01 E1392.28443
G1 X108.676 Y138.309 E1392.30858
G1 X108.551 Y138.638 E1392.33199
G1 X108.507 Y138.999 E1392.35618
G1 X108.551 Y139.358 E1392.38024
G1 X108.676 Y139.688 E1392.40372
G1 X108.883 Y139.988 E1392.42796
G1 X109.152 Y140.226 E1392.45185
G1 X109.473 Y140.394 E1392.47596
G1 X109.819 Y140.48 E1392.49967
G1 X110 Y140.48 E1392.51171
G0 F12000 X110 Y140.88
G1 F653.5 X110.226 Y140.88 E1392.52675
G1 X110.668 Y140.77 E1392.55704
G1 X111.071 Y140.558 E1392.58733
G1 X111.416 Y140.254 E1392.61792
G1 X111.68 Y139.875 E1392.64865
G1 X111.837 Y139.455 E1392.67847
G1 X111.895 Y139.001 E1392.70892
G1 X111.837 Y138.541 E1392.73976
G1 X111.68 Y138.121 E1392.76959
G1 X111.417 Y137.743 E1392.80022
G1 X111.072 Y137.441 E1392.83072
G1 X110.667 Y137.225 E1392.86125
G1 X110.226 Y137.116 E1392.89147
G1 X109.77 Y137.116 E1392.9218
G1 X109.332 Y137.225 E1392.95183
G1 X108.923 Y137.442 E1392.98263
G1 X108.58 Y137.742 E1393.01294
G1 X108.32 Y138.121 E1393.04351
G1 X108.16 Y138.541 E1393.07341
G1 X108.105 Y138.999 E1393.1041
G1 X108.16 Y139.455 E1393.13465
G1 X108.32 Y139.875 E1393.16455
G1 X108.581 Y140.255 E1393.19521
G1 X108.923 Y140.558 E1393.22561
G1 X109.331 Y140.77 E1393.25619
G1 X109.77 Y140.88 E1393.2863
G1 X110 Y140.88 E1393.3016
G0 F12000 X110 Y141.28
;TYPE:WALL-OUTER
G1 F653.5 X110.275 Y141.28 E1393.31989
G1 X110.812 Y141.147 E1393.35669
G1 X111.301 Y140.89 E1393.39344
G1 X111.717 Y140.522 E1393.43038
G1 X112.037 Y140.062 E1393.46766
G1 X112.228 Y139.551 E1393.50395
G1 X112.298 Y139.001 E1393.54083
G1 X112.228 Y138.445 E1393.57811
G1 X112.037 Y137.934 E1393.61439
G1 X111.717 Y137.475 E1393.65162
G1 X111.301 Y137.11 E1393.68843
G1 X110.811 Y136.849 E1393.72536
G1 X110.275 Y136.716 E1393.7621
G1 X109.721 Y136.716 E1393.79895
G1 X109.188 Y136.849 E1393.83549
G1 X108.695 Y137.11 E1393.8726
G1 X108.279 Y137.474 E1393.90937
G1 X107.963 Y137.934 E1393.94649
G1 X107.768 Y138.445 E1393.98287
G1 X107.702 Y138.999 E1394.01999
G1 X107.768 Y139.551 E1394.05697
G1 X107.963 Y140.062 E1394.09335
G1 X108.279 Y140.522 E1394.13047
G1 X108.695 Y140.89 E1394.16742
G1 X109.188 Y141.147 E1394.2044
G1 X109.721 Y141.28 E1394.24095
G1 X110 Y141.28 E1394.2595
G0 F12000 X110 Y140.572
G0 X110.086 Y139.957
G0 X110 Y139.249
;TYPE:SKIN
G1 F524.9 X109.968 Y139.253 E1394.26218
G1 X109.831 Y139.201 E1394.27431
G1 X109.767 Y139.129 E1394.28229
G1 X109.726 Y138.963 E1394.29645
G1 X109.816 Y138.8 E1394.31187
G1 X109.974 Y138.738 E1394.32593
G1 X110.082 Y138.75 E1394.33493
G1 X110.223 Y138.847 E1394.3491
G1 X110.258 Y138.994 E1394.36161
G1 X110.221 Y139.14 E1394.37409
G1 X110.08 Y139.24 E1394.3884
G1 X110 Y139.249 E1394.39507
G0 F12000 X110 Y139.704
G1 F653.5 X109.91 Y139.715 E1394.4011
G1 X109.578 Y139.586 E1394.4248
G1 X109.358 Y139.336 E1394.44695
G1 X109.272 Y138.987 E1394.47086
G1 X109.291 Y138.83 E1394.48138
G1 X109.463 Y138.511 E1394.50549
G1 X109.578 Y138.41 E1394.51567
G1 X109.911 Y138.281 E1394.53942
G1 X110.247 Y138.318 E1394.56191
G1 X110.548 Y138.528 E1394.58632
G1 X110.638 Y138.656 E1394.59673
G1 X110.722 Y138.999 E1394.62022
G1 X110.638 Y139.335 E1394.64326
G1 X110.548 Y139.464 E1394.65372
G1 X110.249 Y139.675 E1394.67807
G1 X110 Y139.704 E1394.69474
G0 F12000 X110.067 Y140.262
G1 F2700 E1389.69474
;MESH:NONMESH
G0 F300 X110.067 Y140.262 Z5
G0 F12000 X110.823 Y139.423
G0 X110.927 Y139.001
G0 X110.842 Y138.655
G0 X110 Y136.948
G0 X110 Y135.853
G0 X110 Y49.147
G0 X110 Y48.052
G0 X110 Y47.08
;TIME_ELAPSED:1264.126292
;LAYER:12
;note -- min layer time used
;TYPE:WALL-INNER
;MESH:bump_plate.obj
G1 F2700 E1394.69474
G1 F654.2 X110.128 Y47.08 E1394.70326
G1 X110.382 Y47.017 E1394.72067
G1 X110.612 Y46.896 E1394.73795
G1 X110.814 Y46.718 E1394.75586
G1 X110.966 Y46.5 E1394.77354
G1 X111.055 Y46.262 E1394.79044
G1 X111.088 Y46.001 E1394.80794
G1 X111.055 Y45.733 E1394.82591
G1 X110.966 Y45.496 E1394.84275
G1 X110.817 Y45.28 E1394.8602
G1 X110.614 Y45.104 E1394.87807
G1 X110.378 Y44.978 E1394.89587
G1 X110.129 Y44.916 E1394.91294
G1 X109.867 Y44.916 E1394.93037
G1 X109.62 Y44.978 E1394.94731
G1 X109.38 Y45.106 E1394.9654
G1 X109.183 Y45.278 E1394.9828
G1 X109.033 Y45.496 E1395.0004
G1 X108.942 Y45.734 E1395.01735
G1 X108.91 Y45.999 E1395.03511
G1 X108.942 Y46.262 E1395.05273
G1 X109.033 Y46.5 E1395.06968
G1 X109.185 Y46.721 E1395.08752
G1 X109.38 Y46.894 E1395.10486
G1 X109.616 Y47.017 E1395.12257
G1 X109.868 Y47.08 E1395.13984
G1 X110 Y47.08 E1395.14863
G0 F12000 X110 Y47.48
G1 F654.2 X110.177 Y47.48 E1395.1604
G1 X110.525 Y47.394 E1395.18424
G1 X110.842 Y47.227 E1395.20808
G1 X111.115 Y46.986 E1395.2323
G1 X111.323 Y46.688 E1395.25648
G1 X111.446 Y46.358 E1395.2799
G1 X111.491 Y46.001 E1395.30384
G1 X111.446 Y45.637 E1395.32824
G1 X111.323 Y45.308 E1395.3516
G1 X111.117 Y45.012 E1395.37559
G1 X110.843 Y44.772 E1395.39982
G1 X110.523 Y44.602 E1395.42392
G1 X110.178 Y44.516 E1395.44758
G1 X109.819 Y44.516 E1395.47146
G1 X109.476 Y44.602 E1395.49498
G1 X109.152 Y44.774 E1395.51938
G1 X108.882 Y45.01 E1395.54324
G1 X108.676 Y45.309 E1395.56739
G1 X108.551 Y45.638 E1395.5908
G1 X108.507 Y45.999 E1395.61499
G1 X108.551 Y46.358 E1395.63905
G1 X108.676 Y46.688 E1395.66252
G1 X108.883 Y46.988 E1395.68677
G1 X109.152 Y47.226 E1395.71066
G1 X109.473 Y47.394 E1395.73476
G1 X109.819 Y47.48 E1395.75848
G1 X110 Y47.48 E1395.77052
G0 F12000 X110 Y47.88
G1 F654.2 X110.226 Y47.88 E1395.78555
G1 X110.668 Y47.77 E1395.81585
G1 X111.071 Y47.558 E1395.84614
G1 X111.416 Y47.254 E1395.87673
G1 X111.68 Y46.875 E1395.90746
G1 X111.837 Y46.455 E1395.93728
G1 X111.895 Y46.001 E1395.96773
G1 X111.837 Y45.541 E1395.99857
G1 X111.68 Y45.121 E1396.0284
G1 X111.417 Y44.743 E1396.05903
G1 X111.072 Y44.441 E1396.08953
G1 X110.667 Y44.225 E1396.12006
G1 X110.226 Y44.116 E1396.15028
G1 X109.77 Y44.116 E1396.18061
G1 X109.332 Y44.225 E1396.21064
G1 X108.923 Y44.442 E1396.24144
G1 X108.58 Y44.742 E1396.27175
G1 X108.32 Y45.121 E1396.30232
G1 X108.16 Y45.541 E1396.33222
G1 X108.105 Y45.999 E1396.3629
G1 X108.16 Y46.455 E1396.39346
G1 X108.32 Y46.875 E1396.42335
G1 X108.581 Y47.255 E1396.45402
G1 X108.923 Y47.558 E1396.48441
G1 X109.331 Y47.77 E1396.515
G1 X109.77 Y47.88 E1396.5451
G1 X110 Y47.88 E1396.5604
G0 F12000 X110 Y48.28
;TYPE:WALL-OUTER
G1 F654.2 X110.275 Y48.28 E1396.5787
G1 X110.812 Y48.147 E1396.6155
G1 X111.301 Y47.89 E1396.65225
G1 X111.717 Y47.522 E1396.68919
G1 X112.037 Y47.062 E1396.72647
G1 X112.228 Y46.551 E1396.76276
G1 X112.298 Y46.001 E1396.79964
G1 X112.228 Y45.445 E1396.83691
G1 X112.037 Y44.934 E1396.8732
G1 X111.717 Y44.475 E1396.91042
G1 X111.301 Y44.11 E1396.94724
G1 X110.811 Y43.849 E1396.98417
G1 X110.275 Y43.716 E1397.0209
G1 X109.721 Y43.716 E1397.05776
G1 X109.188 Y43.849 E1397.0943
G1 X108.695 Y44.11 E1397.1314
G1 X108.279 Y44.474 E1397.16818
G1 X107.963 Y44.934 E1397.2053
G1 X107.768 Y45.445 E1397.24168
G1 X107.702 Y45.999 E1397.27879
G1 X107.768 Y46.551 E1397.31578
G1 X107.963 Y47.062 E1397.35216
G1 X108.279 Y47.522 E1397.38928
G1 X108.695 Y47.89 E1397.42623
G1 X109.188 Y48.147 E1397.46321
G1 X109.721 Y48.28 E1397.49975
G1 X110 Y48.28 E1397.51831
G0 F12000 X110 Y47.572
G0 X109.713 Y46.918
G0 X109.968 Y46.253
;TYPE:SKIN
G1 F525.5 X109.831 Y46.201 E1397.53045
G1 X109.767 Y46.129 E1397.53843
G1 X109.726 Y45.963 E1397.55259
G1 X109.816 Y45.8 E1397.56801
G1 X109.974 Y45.738 E1397.58206
G1 X110.082 Y45.75 E1397.59106
G1 X110.223 Y45.847 E1397.60524
G1 X110.258 Y45.994 E1397.61775
G1 X110.221 Y46.14 E1397.63023
G1 X110.08 Y46.24 E1397.64454
G1 X109.968 Y46.253 E1397.65388
G0 F12000 X109.91 Y46.715
G1 F654.2 X109.578 Y46.586 E1397.67757
G1 X109.358 Y46.336 E1397.69972
G1 X109.272 Y45.987 E1397.72363
G1 X109.291 Y45.83 E1397.73415
G1 X109.463 Y45.511 E1397.75826
G1 X109.578 Y45.41 E1397.76844
G1 X109.911 Y45.281 E1397.7922
G1 X110.247 Y45.318 E1397.81469
G1 X110.548 Y45.528 E1397.8391
G1 X110.638 Y45.656 E1397.84951
G1 X110.722 Y45.999 E1397.873
G1 X110.638 Y46.335 E1397.89604
G1 X110.548 Y46.464 E1397.9065
G1 X110.249 Y46.675 E1397.93084
G1 X109.91 Y46.715 E1397.95355
G0 F12000 X109.708 Y47.237
G1 F2700 E1392.95355
G0 F12000 X110 Y48.052
G0 X110 Y49.147
G0 X110 Y135.853
G0 X110 Y136.948
G0 X110.823 Y138.573
G0 X110.927 Y139.001
G0 X110.823 Y139.423
G0 X110 Y140.08
;TYPE:WALL-INNER
G1 F2700 E1397.95355
G1 F654.2 X110.128 Y140.08 E1397.96207
G1 X110.382 Y140.017 E1397.97947
G1 X110.612 Y139.896 E1397.99676
G1 X110.814 Y139.718 E1398.01467
G1 X110.966 Y139.5 E1398.03235
G1 X111.055 Y139.262 E1398.04925
G1 X111.088 Y139.001 E1398.06675
G1 X111.055 Y138.733 E1398.08471
G1 X110.966 Y138.496 E1398.10155
G1 X110.817 Y138.28 E1398.11901
G1 X110.614 Y138.104 E1398.13688
G1 X110.378 Y137.978 E1398.15468
G1 X110.129 Y137.916 E1398.17175
G1 X109.867 Y137.916 E1398.18918
G1 X109.62 Y137.978 E1398.20612
G1 X109.38 Y138.106 E1398.22421
G1 X109.183 Y138.278 E1398.24161
G1 X109.033 Y138.496 E1398.25921
G1 X108.942 Y138.734 E1398.27616
G1 X108.91 Y138.999 E1398.29391
G1 X108.942 Y139.262 E1398.31154
G1 X109.033 Y139.5 E1398.32849
G1 X109.185 Y139.721 E1398.34633
G1 X109.38 Y139.894 E1398.36367
G1 X109.616 Y140.017 E1398.38137
G1 X109.868 Y140.08 E1398.39865
G1 X110 Y140.08 E1398.40743
G0 F12000 X110 Y140.48
G1 F654.2 X110.177 Y140.48 E1398.41921
G1 X110.525 Y140.394 E1398.44305
G1 X110.842 Y140.227 E1398.46689
G1 X111.115 Y139.986 E1398.49111
G1 X111.323 Y139.688 E1398.51528
G1 X111.446 Y139.358 E1398.53871
G1 X111.491 Y139.001 E1398.56265
G1 X111.446 Y138.637 E1398.58704
G1 X111.323 Y138.308 E1398.61041
G1 X111.117 Y138.012 E1398.6344
G1 X110.843 Y137.772 E1398.65863
G1 X110.523 Y137.602 E1398.68273
G1 X110.178 Y137.516 E1398.70638
G1 X109.819 Y137.516 E1398.73026
G1 X109.476 Y137.602 E1398.75379
G1 X109.152 Y137.774 E1398.77819
G1 X108.882 Y138.01 E1398.80204
G1 X108.676 Y138.309 E1398.8262
G1 X108.551 Y138.638 E1398.84961
G1 X108.507 Y138.999 E1398.8738
G1 X108.551 Y139.358 E1398.89786
G1 X108.676 Y139.688 E1398.92133
G1 X108.883 Y139.988 E1398.94558
G1 X109.152 Y140.226 E1398.96947
G1 X109.473 Y140.394 E1398.99357
G1 X109.819 Y140.48 E1399.01729
G1 X110 Y140.48 E1399.02933
G0 F12000 X110 Y140.88
G1 F654.2 X110.226 Y140.88 E1399.04436
G1 X110.668 Y140.77 E1399.07466
G1 X111.071 Y140.558 E1399.10495
G1 X111.416 Y140.254 E1399.13554
G1 X111.68 Y139.875 E1399.16626
G1 X111.837 Y139.455 E1399.19609
G1 X111.895 Y139.001 E1399.22654
G1 X111.837 Y138.541 E1399.25738
G1 X111.68 Y138.121 E1399.2872
G1 X111.417 Y137.743 E1399.31784
G1 X111.072 Y137.441 E1399.34834
G1 X110.667 Y137.225 E1399.37887
G1 X110.226 Y137.116 E1399.40909
G1 X109.77 Y137.116 E1399.43942
G1 X109.332 Y137.225 E1399.46944
G1 X108.923 Y137.442 E1399.50024
G1 X108.58 Y137.742 E1399.53056
G1 X108.32 Y138.121 E1399.56113
G1 X108.16 Y138.541 E1399.59103
G1 X108.105 Y138.999 E1399.62171
G1 X108.16 Y139.455 E1399.65226
G1 X108.32 Y139.875 E1399.68216
G1 X108.581 Y140.255 E1399.71283
G1 X108.923 Y140.558 E1399.74322
G1 X109.331 Y140.77 E1399.77381
G1 X109.77 Y140.88 E1399.80391
G1 X110 Y140.88 E1399.81921
G0 F12000 X110 Y141.28
;TYPE:WALL-OUTER
G1 F654.2 X110.275 Y141.28 E1399.8375
G1 X110.812 Y141.147 E1399.87431
G1 X111.301 Y140.89 E1399.91105
G1 X111.717 Y140.522 E1399.948
G1 X112.037 Y140.062 E1399.98527
G1 X112.228 Y139.551 E1400.02156
G1 X112.298 Y139.001 E1400.05844
G1 X112.228 Y138.445 E1400.09572
G1 X112.037 Y137.934 E1400.13201
G1 X111.717 Y137.475 E1400.16923
G1 X111.301 Y137.11 E1400.20604
G1 X110.811 Y136.849 E1400.24297
G1 X110.275 Y136.716 E1400.27971
G1 X109.721 Y136.716 E1400.31656
G1 X109.188 Y136.849 E1400.35311
G1 X108.695 Y137.11 E1400.39021
G1 X108.279 Y137.474 E1400.42698
G1 X107.963 Y137.934 E1400.46411
G1 X107.768 Y138.445 E1400.50049
G1 X107.702 Y138.999 E1400.5376
G1 X107.768 Y139.551 E1400.57458
G1 X107.963 Y140.062 E1400.61097
G1 X108.279 Y140.522 E1400.64809
G1 X108.695 Y140.89 E1400.68504
G1 X109.188 Y141.147 E1400.72202
G1 X109.721 Y141.28 E1400.75856
G1 X110 Y141.28 E1400.77712
G0 F12000 X110 Y140.572
G0 X110.086 Y139.957
G0 X110 Y139.249
;TYPE:SKIN
G1 F525.5 X109.968 Y139.253 E1400.77979
G1 X109.831 Y139.201 E1400.79193
G1 X109.767 Y139.129 E1400.7999
G1 X109.726 Y138.963 E1400.81407
G1 X109.816 Y138.8 E1400.82949
G1 X109.974 Y138.738 E1400.84354
G1 X110.082 Y138.75 E1400.85254
G1 X110.223 Y138.847 E1400.86672
G1 X110.258 Y138.994 E1400.87923
G1 X110.221 Y139.14 E1400.8917
G1 X110.08 Y139.24 E1400.90602
G1 X110 Y139.249 E1400.91269
G0 F12000 X110 Y139.704
G1 F654.2 X109.91 Y139.715 E1400.91872
G1 X109.578 Y139.586 E1400.94241
G1 X109.358 Y139.336 E1400.96456
G1 X109.272 Y138.987 E1400.98847
G1 X109.291 Y138.83 E1400.99899
G1 X109.463 Y138.511 E1401.0231
G1 X109.578 Y138.41 E1401.03328
G1 X109.911 Y138.281 E1401.05704
G1 X110.247 Y138.318 E1401.07952
G1 X110.548 Y138.528 E1401.10394
G1 X110.638 Y138.656 E1401.11435
G1 X110.722 Y138.999 E1401.13784
G1 X110.638 Y139.335 E1401.16088
G1 X110.548 Y139.464 E1401.17134
G1 X110.249 Y139.675 E1401.19568
G1 X110 Y139.704 E1401.21236
G0 F12000 X110.067 Y140.262
G1 F2700 E1396.21236
;MESH:NONMESH
G0 F300 X110.067 Y140.262 Z5.4
G0 F12000 X110.823 Y139.423
G0 X110.927 Y139.001
G0 X110.842 Y138.655
G0 X110 Y136.948
G0 X110 Y135.853
G0 X110 Y49.147
G0 X110 Y48.052
G0 X110 Y47.08
;TIME_ELAPSED:1276.685680
;LAYER:13
;note -- min layer time used
;TYPE:WALL-INNER
;MESH:bump_plate.obj
G1 F2700 E1401.21236
G1 F654.2 X110.128 Y47.08 E1401.22087
G1 X110.382 Y47.017 E1401.23828
G1 X110.612 Y46.896 E1401.25557
G1 X110.814 Y46.718 E1401.27348
G1 X110.966 Y46.5 E1401.29116
G1 X111.055 Y46.262 E1401.30806
G1 X111.088 Y46.001 E1401.32556
G1 X111.055 Y45.733 E1401.34352
G1 X110.966 Y45.496 E1401.36036
G1 X110.817 Y45.28 E1401.37782
G1 X110.614 Y45.104 E1401.39569
G1 X110.378 Y44.978 E1401.41349
G1 X110.129 Y44.916 E1401.43055
G1 X109.867 Y44.916 E1401.44798
G1 X109.62 Y44.978 E1401.46492
G1 X109.38 Y45.106 E1401.48302
G1 X109.183 Y45.278 E1401.50041
G1 X109.033 Y45.496 E1401.51802
G1 X108.942 Y45.734 E1401.53497
G1 X108.91 Y45.999 E1401.55272
G1 X108.942 Y46.262 E1401.57035
G1 X109.033 Y46.5 E1401.58729
G1 X109.185 Y46.721 E1401.60514
G1 X109.38 Y46.894 E1401.62248
G1 X109.616 Y47.017 E1401.64018
G1 X109.868 Y47.08 E1401.65746
G1 X110 Y47.08 E1401.66624
G0 F12000 X110 Y47.48
G1 F654.2 X110.177 Y47.48 E1401.67801
G1 X110.525 Y47.394 E1401.70186
G1 X110.842 Y47.227 E1401.72569
G1 X111.115 Y46.986 E1401.74992
G1 X111.323 Y46.688 E1401.77409
G1 X111.446 Y46.358 E1401.79752
G1 X111.491 Y46.001 E1401.82145
G1 X111.446 Y45.637 E1401.84585
G1 X111.323 Y45.308 E1401.86922
G1 X111.117 Y45.012 E1401.89321
G1 X110.843 Y44.772 E1401.91744
G1 X110.523 Y44.602 E1401.94154
G1 X110.178 Y44.516 E1401.96519
G1 X109.819 Y44.516 E1401.98907
G1 X109.476 Y44.602 E1402.0126
G1 X109.152 Y44.774 E1402.037
G1 X108.882 Y45.01 E1402.06085
G1 X108.676 Y45.309 E1402.085
G1 X108.551 Y45.638 E1402.10842
G1 X108.507 Y45.999 E1402.13261
G1 X108.551 Y46.358 E1402.15667
G1 X108.676 Y46.688 E1402.18014
G1 X108.883 Y46.988 E1402.20439
G1 X109.152 Y47.226 E1402.22828
G1 X109.473 Y47.394 E1402.25238
G1 X109.819 Y47.48 E1402.27609
G1 X110 Y47.48 E1402.28813
G0 F12000 X110 Y47.88
G1 F654.2 X110.226 Y47.88 E1402.30317
G1 X110.668 Y47.77 E1402.33347
G1 X111.071 Y47.558 E1402.36376
G1 X111.416 Y47.254 E1402.39435
G1 X111.68 Y46.875 E1402.42507
G1 X111.837 Y46.455 E1402.4549
G1 X111.895 Y46.001 E1402.48534
G1 X111.837 Y45.541 E1402.51618
G1 X111.68 Y45.121 E1402.54601
G1 X111.417 Y44.743 E1402.57664
G1 X111.072 Y44.441 E1402.60714
G1 X110.667 Y44.225 E1402.63768
G1 X110.226 Y44.116 E1402.66789
G1 X109.77 Y44.116 E1402.69823
G1 X109.332 Y44.225 E1402.72825
G1 X108.923 Y44.442 E1402.75905
G1 X108.58 Y44.742 E1402.78936
G1 X108.32 Y45.121 E1402.81994
G1 X108.16 Y45.541 E1402.84983
G1 X108.105 Y45.999 E1402.88052
G1 X108.16 Y46.455 E1402.91107
G1 X108.32 Y46.875 E1402.94097
G1 X108.581 Y47.255 E1402.97164
G1 X108.923 Y47.558 E1403.00203
G1 X109.331 Y47.77 E1403.03261
G1 X109.77 Y47.88 E1403.06272
G1 X110 Y47.88 E1403.07802
G0 F12000 X110 Y48.28
;TYPE:WALL-OUTER
G1 F654.2 X110.275 Y48.28 E1403.09631
G1 X110.812 Y48.147 E1403.13311
G1 X111.301 Y47.89 E1403.16986
G1 X111.717 Y47.522 E1403.20681
G1 X112.037 Y47.062 E1403.24408
G1 X112.228 Y46.551 E1403.28037
G1 X112.298 Y46.001 E1403.31725
G1 X112.228 Y45.445 E1403.35453
G1 X112.037 Y44.934 E1403.39082
G1 X111.717 Y44.475 E1403.42804
G1 X111.301 Y44.11 E1403.46485
G1 X110.811 Y43.849 E1403.50178
G1 X110.275 Y43.716 E1403.53852
G1 X109.721 Y43.716 E1403.57537
G1 X109.188 Y43.849 E1403.61191
G1 X108.695 Y44.11 E1403.64902
G1 X108.279 Y44.474 E1403.68579
G1 X107.963 Y44.934 E1403.72291
G1 X107.768 Y45.445 E1403.7593
G1 X107.702 Y45.999 E1403.79641
G1 X107.768 Y46.551 E1403.83339
G1 X107.963 Y47.062 E1403.86977
G1 X108.279 Y47.522 E1403.9069
G1 X108.695 Y47.89 E1403.94384
G1 X109.188 Y48.147 E1403.98083
G1 X109.721 Y48.28 E1404.01737
G1 X110 Y48.28 E1404.03593
G0 F12000 X110 Y47.572
G0 X109.713 Y46.918
G0 X109.968 Y46.253
;TYPE:SKIN
G1 F525.5 X109.831 Y46.201 E1404.04806
G1 X109.767 Y46.129 E1404.05604
G1 X109.726 Y45.963 E1404.0702
G1 X109.816 Y45.8 E1404.08562
G1 X109.974 Y45.738 E1404.09968
G1 X110.082 Y45.75 E1404.10868
G1 X110.223 Y45.847 E1404.12285
G1 X110.258 Y45.994 E1404.13537
G1 X110.221 Y46.14 E1404.14784
G1 X110.08 Y46.24 E1404.16216
G1 X109.968 Y46.253 E1404.17149
G0 F12000 X109.91 Y46.715
G1 F654.2 X109.578 Y46.586 E1404.19519
G1 X109.358 Y46.336 E1404.21734
G1 X109.272 Y45.987 E1404.24125
G1 X109.291 Y45.83 E1404.25177
G1 X109.463 Y45.511 E1404.27588
G1 X109.578 Y45.41 E1404.28606
G1 X109.911 Y45.281 E1404.30981
G1 X110.247 Y45.318 E1404.3323
G1 X110.548 Y45.528 E1404.35671
G1 X110.638 Y45.656 E1404.36712
G1 X110.722 Y45.999 E1404.39061
G1 X110.638 Y46.335 E1404.41365
G1 X110.548 Y46.464 E1404.42412
G1 X110.249 Y46.675 E1404.44846
G1 X109.91 Y46.715 E1404.47117
G0 F12000 X109.708 Y47.237
G1 F2700 E1399.47117
G0 F12000 X110 Y48.052
G0 X110 Y49.147
G0 X110 Y135.853
G0 X110 Y136.948
G0 X110.823 Y138.573
G0 X110.927 Y139.001
G0 X110.823 Y139.423
G0 X110 Y140.08
;TYPE:WALL-INNER
G1 F2700 E1404.47117
G1 F654.2 X110.128 Y140.08 E1404.47968
G1 X110.382 Y140.017 E1404.49709
G1 X110.612 Y139.896 E1404.51438
G1 X110.814 Y139.718 E1404.53229
G1 X110.966 Y139.5 E1404.54996
G1 X111.055 Y139.262 E1404.56687
G1 X111.088 Y139.001 E1404.58437
G1 X111.055 Y138.733 E1404.60233
G1 X110.966 Y138.496 E1404.61917
G1 X110.817 Y138.28 E1404.63662
G1 X110.614 Y138.104 E1404.6545
G1 X110.378 Y137.978 E1404.67229
G1 X110.129 Y137.916 E1404.68936
G1 X109.867 Y137.916 E1404.70679
G1 X109.62 Y137.978 E1404.72373
G1 X109.38 Y138.106 E1404.74182
G1 X109.183 Y138.278 E1404.75922
G1 X109.033 Y138.496 E1404.77682
G1 X108.942 Y138.734 E1404.79377
G1 X108.91 Y138.999 E1404.81153
G1 X108.942 Y139.262 E1404.82915
G1 X109.033 Y139.5 E1404.8461
G1 X109.185 Y139.721 E1404.86394
G1 X109.38 Y139.894 E1404.88129
G1 X109.616 Y140.017 E1404.89899
G1 X109.868 Y140.08 E1404.91627
G1 X110 Y140.08 E1404.92505
G0 F12000 X110 Y140.48
G1 F654.2 X110.177 Y140.48 E1404.93682
G1 X110.525 Y140.394 E1404.96067
G1 X110.842 Y140.227 E1404.9845
G1 X111.115 Y139.986 E1405.00873
G1 X111.323 Y139.688 E1405.0329
G1 X111.446 Y139.358 E1405.05633
G1 X111.491 Y139.001 E1405.08026
G1 X111.446 Y138.637 E1405.10466
G1 X111.323 Y138.308 E1405.12802
G1 X111.117 Y138.012 E1405.15201
G1 X110.843 Y137.772 E1405.17624
G1 X110.523 Y137.602 E1405.20035
G1 X110.178 Y137.516 E1405.224
G1 X109.819 Y137.516 E1405.24788
G1 X109.476 Y137.602 E1405.2714
G1 X109.152 Y137.774 E1405.2958
G1 X108.882 Y138.01 E1405.31966
G1 X108.676 Y138.309 E1405.34381
G1 X108.551 Y138.638 E1405.36722
G1 X108.507 Y138.999 E1405.39141
G1 X108.551 Y139.358 E1405.41547
G1 X108.676 Y139.688 E1405.43895
G1 X108.883 Y139.988 E1405.46319
G1 X109.152 Y140.226 E1405.48709
G1 X109.473 Y140.394 E1405.51119
G1 X109.819 Y140.48 E1405.5349
G1 X110 Y140.48 E1405.54694
G0 F12000 X110 Y140.88
G1 F654.2 X110.226 Y140.88 E1405.56198
G1 X110.668 Y140.77 E1405.59227
G1 X111.071 Y140.558 E1405.62257
G1 X111.416 Y140.254 E1405.65315
G1 X111.68 Y139.875 E1405.68388
G1 X111.837 Y139.455 E1405.7137
G1 X111.895 Y139.001 E1405.74415
G1 X111.837 Y138.541 E1405.77499
G1 X111.68 Y138.121 E1405.80482
G1 X111.417 Y137.743 E1405.83545
G1 X111.072 Y137.441 E1405.86595
G1 X110.667 Y137.225 E1405.89648
G1 X110.226 Y137.116 E1405.9267
G1 X109.77 Y137.116 E1405.95704
G1 X109.332 Y137.225 E1405.98706
G1 X108.923 Y137.442 E1406.01786
G1 X108.58 Y137.742 E1406.04817
G1 X108.32 Y138.121 E1406.07874
G1 X108.16 Y138.541 E1406.10864
G1 X108.105 Y138.999 E1406.13933
G1 X108.16 Y139.455 E1406.16988
G1 X108.32 Y139.875 E1406.19978
G1 X108.581 Y140.255 E1406.23044
G1 X108.923 Y140.558 E1406.26084
G1 X109.331 Y140.77 E1406.29142
G1 X109.77 Y140.88 E1406.32153
G1 X110 Y140.88 E1406.33683
G0 F12000 X110 Y141.28
;TYPE:WALL-OUTER
G1 F654.2 X110.275 Y141.28 E1406.35512
G1 X110.812 Y141.147 E1406.39192
G1 X111.301 Y140.89 E1406.42867
G1 X111.717 Y140.522 E1406.46561
G1 X112.037 Y140.062 E1406.50289
G1 X112.228 Y139.551 E1406.53918
G1 X112.298 Y139.001 E1406.57606
G1 X112.228 Y138.445 E1406.61334
G1 X112.037 Y137.934 E1406.64963
G1 X111.717 Y137.475 E1406.68685
G1 X111.301 Y137.11 E1406.72366
G1 X110.811 Y136.849 E1406.76059
G1 X110.275 Y136.716 E1406.79733
G1 X109.721 Y136.716 E1406.83418
G1 X109.188 Y136.849 E1406.87072
G1 X108.695 Y137.11 E1406.90783
G1 X108.279 Y137.474 E1406.9446
G1 X107.963 Y137.934 E1406.98172
G1 X107.768 Y138.445 E1407.0181
G1 X107.702 Y138.999 E1407.05522
G1 X107.768 Y139.551 E1407.0922
G1 X107.963 Y140.062 E1407.12858
G1 X108.279 Y140.522 E1407.1657
G1 X108.695 Y140.89 E1407.20265
G1 X109.188 Y141.147 E1407.23963
G1 X109.721 Y141.28 E1407.27618
G1 X110 Y141.28 E1407.29474
G0 F12000 X110 Y140.572
G0 X110.086 Y139.957
G0 X110 Y139.249
;TYPE:SKIN
G1 F525.5 X109.968 Y139.253 E1407.29741
G1 X109.831 Y139.201 E1407.30954
G1 X109.767 Y139.129 E1407.31752
G1 X109.726 Y138.963 E1407.33168
G1 X109.816 Y138.8 E1407.3471
G1 X109.974 Y138.738 E1407.36116
G1 X110.082 Y138.75 E1407.37016
G1 X110.223 Y138.847 E1407.38433
G1 X110.258 Y138.994 E1407.39685
G1 X110.221 Y139.14 E1407.40932
G1 X110.08 Y139.24 E1407.42364
G1 X110 Y139.249 E1407.4303
G0 F12000 X110 Y139.704
G1 F654.2 X109.91 Y139.715 E1407.43633
G1 X109.578 Y139.586 E1407.46003
G1 X109.358 Y139.336 E1407.48218
G1 X109.272 Y138.987 E1407.50609
G1 X109.291 Y138.83 E1407.51661
G1 X109.463 Y138.511 E1407.54072
G1 X109.578 Y138.41 E1407.5509
G1 X109.911 Y138.281 E1407.57465
G1 X110.247 Y138.318 E1407.59714
G1 X110.548 Y138.528 E1407.62155
G1 X110.638 Y138.656 E1407.63196
G1 X110.722 Y138.999 E1407.65545
G1 X110.638 Y139.335 E1407.67849
G1 X110.548 Y139.464 E1407.68895
G1 X110.249 Y139.675 E1407.7133
G1 X110 Y139.704 E1407.72997
G0 F12000 X110.067 Y140.262
G1 F2700 E1402.72997
;MESH:NONMESH
G0 F300 X110.067 Y140.262 Z5.8
G0 F12000 X110.823 Y139.423
G0 X110.927 Y139.001
G0 X110.842 Y138.655
G0 X110 Y136.948
G0 X110 Y135.853
G0 X110 Y49.147
G0 X110 Y48.052
G0 X110 Y47.08
;TIME_ELAPSED:1289.245068
;LAYER:14
;note -- min layer time used
;TYPE:WALL-INNER
;MESH:bump_plate.obj
G1 F2700 E1407.72997
G1 F661.6 X110.128 Y47.08 E1407.73849
G1 X110.382 Y47.017 E1407.7559
G1 X110.612 Y46.896 E1407.77318
G1 X110.814 Y46.718 E1407.79109
G1 X110.966 Y46.5 E1407.80877
G1 X111.055 Y46.262 E1407.82567
G1 X111.088 Y46.001 E1407.84317
G1 X111.055 Y45.733 E1407.86114
G1 X110.966 Y45.496 E1407.87798
G1 X110.817 Y45.28 E1407.89543
G1 X110.614 Y45.104 E1407.9133
G1 X110.378 Y44.978 E1407.9311
G1 X110.129 Y44.916 E1407.94817
G1 X109.867 Y44.916 E1407.9656
G1 X109.62 Y44.978 E1407.98254
G1 X109.38 Y45.106 E1408.00063
G1 X109.183 Y45.278 E1408.01803
G1 X109.033 Y45.496 E1408.03563
G1 X108.942 Y45.734 E1408.05258
G1 X108.91 Y45.999 E1408.07034
G1 X108.942 Y46.262 E1408.08796
G1 X109.033 Y46.5 E1408.10491
G1 X109.185 Y46.721 E1408.12275
G1 X109.38 Y46.894 E1408.14009
G1 X109.616 Y47.017 E1408.1578
G1 X109.868 Y47.08 E1408.17508
G1 X110 Y47.08 E1408.18386
G0 F12000 X110 Y47.48
G1 F661.6 X110.177 Y47.48 E1408.19563
G1 X110.525 Y47.394 E1408.21948
G1 X110.842 Y47.227 E1408.24331
G1 X111.115 Y46.986 E1408.26753
G1 X111.323 Y46.688 E1408.29171
G1 X111.446 Y46.358 E1408.31513
G1 X111.491 Y46.001 E1408.33907
G1 X111.446 Y45.637 E1408.36347
G1 X111.323 Y45.308 E1408.38683
G1 X111.117 Y45.012 E1408.41082
G1 X110.843 Y44.772 E1408.43505
G1 X110.523 Y44.602 E1408.45916
G1 X110.178 Y44.516 E1408.48281
G1 X109.819 Y44.516 E1408.50669
G1 X109.476 Y44.602 E1408.53021
G1 X109.152 Y44.774 E1408.55461
G1 X108.882 Y45.01 E1408.57847
G1 X108.676 Y45.309 E1408.60262
G1 X108.551 Y45.638 E1408.62603
G1 X108.507 Y45.999 E1408.65022
G1 X108.551 Y46.358 E1408.67428
G1 X108.676 Y46.688 E1408.69776
G1 X108.883 Y46.988 E1408.722
G1 X109.152 Y47.226 E1408.74589
G1 X109.473 Y47.394 E1408.76999
G1 X109.819 Y47.48 E1408.79371
G1 X110 Y47.48 E1408.80575
G0 F12000 X110 Y47.88
G1 F661.6 X110.226 Y47.88 E1408.82078
G1 X110.668 Y47.77 E1408.85108
G1 X111.071 Y47.558 E1408.88137
G1 X111.416 Y47.254 E1408.91196
G1 X111.68 Y46.875 E1408.94269
G1 X111.837 Y46.455 E1408.97251
G1 X111.895 Y46.001 E1409.00296
G1 X111.837 Y45.541 E1409.0338
G1 X111.68 Y45.121 E1409.06363
G1 X111.417 Y44.743 E1409.09426
G1 X111.072 Y44.441 E1409.12476
G1 X110.667 Y44.225 E1409.15529
G1 X110.226 Y44.116 E1409.18551
G1 X109.77 Y44.116 E1409.21584
G1 X109.332 Y44.225 E1409.24587
G1 X108.923 Y44.442 E1409.27667
G1 X108.58 Y44.742 E1409.30698
G1 X108.32 Y45.121 E1409.33755
G1 X108.16 Y45.541 E1409.36745
G1 X108.105 Y45.999 E1409.39813
G1 X108.16 Y46.455 E1409.42869
G1 X108.32 Y46.875 E1409.45858
G1 X108.581 Y47.255 E1409.48925
G1 X108.923 Y47.558 E1409.51964
G1 X109.331 Y47.77 E1409.55023
G1 X109.77 Y47.88 E1409.58034
G1 X110 Y47.88 E1409.59563
G0 F12000 X110 Y48.28
;TYPE:WALL-OUTER
G1 F661.6 X110.275 Y48.28 E1409.61393
G1 X110.812 Y48.147 E1409.65073
G1 X111.301 Y47.89 E1409.68748
G1 X111.717 Y47.522 E1409.72442
G1 X112.037 Y47.062 E1409.7617
G1 X112.228 Y46.551 E1409.79799
G1 X112.298 Y46.001 E1409.83487
G1 X112.228 Y45.445 E1409.87214
G1 X112.037 Y44.934 E1409.90843
G1 X111.717 Y44.475 E1409.94565
G1 X111.301 Y44.11 E1409.98247
G1 X110.811 Y43.849 E1410.0194
G1 X110.275 Y43.716 E1410.05613
G1 X109.721 Y43.716 E1410.09299
G1 X109.188 Y43.849 E1410.12953
G1 X108.695 Y44.11 E1410.16664
G1 X108.279 Y44.474 E1410.20341
G1 X107.963 Y44.934 E1410.24053
G1 X107.768 Y45.445 E1410.27691
G1 X107.702 Y45.999 E1410.31403
G1 X107.768 Y46.551 E1410.35101
G1 X107.963 Y47.062 E1410.38739
G1 X108.279 Y47.522 E1410.42451
G1 X108.695 Y47.89 E1410.46146
G1 X109.188 Y48.147 E1410.49844
G1 X109.721 Y48.28 E1410.53498
G1 X110 Y48.28 E1410.55354
G0 F12000 X110 Y47.572
G0 X109.817 Y46.957
G0 X109.91 Y46.715
;TYPE:SKIN
G1 F661.6 X109.578 Y46.586 E1410.57724
G1 X109.358 Y46.336 E1410.59939
G1 X109.272 Y45.987 E1410.6233
G1 X109.291 Y45.83 E1410.63382
G1 X109.463 Y45.511 E1410.65793
G1 X109.578 Y45.41 E1410.66811
G1 X109.911 Y45.281 E1410.69186
G1 X110.247 Y45.318 E1410.71435
G1 X110.548 Y45.528 E1410.73876
G1 X110.638 Y45.656 E1410.74917
G1 X110.722 Y45.999 E1410.77266
G1 X110.638 Y46.335 E1410.7957
G1 X110.548 Y46.464 E1410.80616
G1 X110.249 Y46.675 E1410.83051
G1 X109.91 Y46.715 E1410.85321
G0 F12000 X109.522 Y46.165
G1 F661.6 X109.823 Y46.466 E1410.88153
G0 F12000 X110.309 Y46.387
G1 F661.6 X109.6 Y45.678 E1410.94823
G0 F12000 X109.978 Y45.49
G1 F661.6 X110.51 Y46.022 E1410.99828
G0 F12000 X111.248 Y46.204
G1 F2700 E1405.99828
G0 F12000 X111.174 Y47.701
G0 X111.685 Y48.668
G0 X110.25 Y135.853
G0 X110.25 Y136.947
G0 X110.927 Y139.001
G0 X110.823 Y139.423
G0 X110 Y140.08
;TYPE:WALL-INNER
G1 F2700 E1410.99828
G1 F661.6 X110.128 Y140.08 E1411.00679
G1 X110.382 Y140.017 E1411.0242
G1 X110.612 Y139.896 E1411.04149
G1 X110.814 Y139.718 E1411.0594
G1 X110.966 Y139.5 E1411.07707
G1 X111.055 Y139.262 E1411.09398
G1 X111.088 Y139.001 E1411.11148
G1 X111.055 Y138.733 E1411.12944
G1 X110.966 Y138.496 E1411.14628
G1 X110.817 Y138.28 E1411.16374
G1 X110.614 Y138.104 E1411.18161
G1 X110.378 Y137.978 E1411.1994
G1 X110.129 Y137.916 E1411.21647
G1 X109.867 Y137.916 E1411.2339
G1 X109.62 Y137.978 E1411.25084
G1 X109.38 Y138.106 E1411.26893
G1 X109.183 Y138.278 E1411.28633
G1 X109.033 Y138.496 E1411.30393
G1 X108.942 Y138.734 E1411.32088
G1 X108.91 Y138.999 E1411.33864
G1 X108.942 Y139.262 E1411.35626
G1 X109.033 Y139.5 E1411.37321
G1 X109.185 Y139.721 E1411.39106
G1 X109.38 Y139.894 E1411.4084
G1 X109.616 Y140.017 E1411.4261
G1 X109.868 Y140.08 E1411.44338
G1 X110 Y140.08 E1411.45216
G0 F12000 X110 Y140.48
G1 F661.6 X110.177 Y140.48 E1411.46393
G1 X110.525 Y140.394 E1411.48778
G1 X110.842 Y140.227 E1411.51161
G1 X111.115 Y139.986 E1411.53584
G1 X111.323 Y139.688 E1411.56001
G1 X111.446 Y139.358 E1411.58344
G1 X111.491 Y139.001 E1411.60737
G1 X111.446 Y138.637 E1411.63177
G1 X111.323 Y138.308 E1411.65514
G1 X111.117 Y138.012 E1411.67912
G1 X110.843 Y137.772 E1411.70335
G1 X110.523 Y137.602 E1411.72746
G1 X110.178 Y137.516 E1411.75111
G1 X109.819 Y137.516 E1411.77499
G1 X109.476 Y137.602 E1411.79851
G1 X109.152 Y137.774 E1411.82291
G1 X108.882 Y138.01 E1411.84677
G1 X108.676 Y138.309 E1411.87092
G1 X108.551 Y138.638 E1411.89433
G1 X108.507 Y138.999 E1411.91852
G1 X108.551 Y139.358 E1411.94258
G1 X108.676 Y139.688 E1411.96606
G1 X108.883 Y139.988 E1411.9903
G1 X109.152 Y140.226 E1412.0142
G1 X109.473 Y140.394 E1412.0383
G1 X109.819 Y140.48 E1412.06201
G1 X110 Y140.48 E1412.07405
G0 F12000 X110 Y140.88
G1 F661.6 X110.226 Y140.88 E1412.08909
G1 X110.668 Y140.77 E1412.11939
G1 X111.071 Y140.558 E1412.14968
G1 X111.416 Y140.254 E1412.18026
G1 X111.68 Y139.875 E1412.21099
G1 X111.837 Y139.455 E1412.24082
G1 X111.895 Y139.001 E1412.27126
G1 X111.837 Y138.541 E1412.3021
G1 X111.68 Y138.121 E1412.33193
G1 X111.417 Y137.743 E1412.36256
G1 X111.072 Y137.441 E1412.39306
G1 X110.667 Y137.225 E1412.42359
G1 X110.226 Y137.116 E1412.45381
G1 X109.77 Y137.116 E1412.48415
G1 X109.332 Y137.225 E1412.51417
G1 X108.923 Y137.442 E1412.54497
G1 X108.58 Y137.742 E1412.57528
G1 X108.32 Y138.121 E1412.60585
G1 X108.16 Y138.541 E1412.63575
G1 X108.105 Y138.999 E1412.66644
G1 X108.16 Y139.455 E1412.69699
G1 X108.32 Y139.875 E1412.72689
G1 X108.581 Y140.255 E1412.75755
G1 X108.923 Y140.558 E1412.78795
G1 X109.331 Y140.77 E1412.81853
G1 X109.77 Y140.88 E1412.84864
G1 X110 Y140.88 E1412.86394
G0 F12000 X110 Y141.28
;TYPE:WALL-OUTER
G1 F661.6 X110.275 Y141.28 E1412.88223
G1 X110.812 Y141.147 E1412.91903
G1 X111.301 Y140.89 E1412.95578
G1 X111.717 Y140.522 E1412.99272
G1 X112.037 Y140.062 E1413.03
G1 X112.228 Y139.551 E1413.06629
G1 X112.298 Y139.001 E1413.10317
G1 X112.228 Y138.445 E1413.14045
G1 X112.037 Y137.934 E1413.17674
G1 X111.717 Y137.475 E1413.21396
G1 X111.301 Y137.11 E1413.25077
G1 X110.811 Y136.849 E1413.2877
G1 X110.275 Y136.716 E1413.32444
G1 X109.721 Y136.716 E1413.36129
G1 X109.188 Y136.849 E1413.39783
G1 X108.695 Y137.11 E1413.43494
G1 X108.279 Y137.474 E1413.47171
G1 X107.963 Y137.934 E1413.50883
G1 X107.768 Y138.445 E1413.54522
G1 X107.702 Y138.999 E1413.58233
G1 X107.768 Y139.551 E1413.61931
G1 X107.963 Y140.062 E1413.65569
G1 X108.279 Y140.522 E1413.69282
G1 X108.695 Y140.89 E1413.72976
G1 X109.188 Y141.147 E1413.76674
G1 X109.721 Y141.28 E1413.80329
G1 X110 Y141.28 E1413.82185
G0 F12000 X110 Y140.572
G0 X110.031 Y139.964
G0 X110 Y139.704
;TYPE:SKIN
G1 F661.6 X109.91 Y139.715 E1413.82788
G1 X109.578 Y139.586 E1413.85157
G1 X109.358 Y139.336 E1413.87372
G1 X109.272 Y138.987 E1413.89763
G1 X109.291 Y138.83 E1413.90815
G1 X109.463 Y138.511 E1413.93226
G1 X109.578 Y138.41 E1413.94244
G1 X109.911 Y138.281 E1413.9662
G1 X110.247 Y138.318 E1413.98868
G1 X110.548 Y138.528 E1414.0131
G1 X110.638 Y138.656 E1414.02351
G1 X110.722 Y138.999 E1414.047
G1 X110.638 Y139.335 E1414.07004
G1 X110.548 Y139.464 E1414.0805
G1 X110.249 Y139.675 E1414.10484
G1 X110 Y139.704 E1414.12152
G0 F12000 X109.482 Y138.898
G1 F661.6 X110.077 Y139.493 E1414.17749
G0 F12000 X110.443 Y139.293
G1 F661.6 X109.72 Y138.57 E1414.24551
G0 F12000 X110.346 Y138.63
G1 F661.6 X110.453 Y138.737 E1414.25557
G0 F12000 X111.069 Y138.309
G1 F2700 E1409.25557
;MESH:NONMESH
G0 F300 X111.069 Y138.309 Z6.2
G0 F12000 X110.25 Y136.947
G0 X110.25 Y135.853
G0 X110.25 Y49.147
G0 X110.25 Y48.052
G0 X110.154 Y47.493
;TIME_ELAPSED:1301.945075
;LAYER:15
;note -- min layer time used
;TYPE:WALL-INNER
;MESH:bump_plate.obj
G1 F2700 E1414.25557
G1 F591.1 X109.82 Y47.467 E1414.27819
G1 X109.465 Y47.408 E1414.30249
G1 X109.158 Y47.216 E1414.32694
G1 X108.894 Y47.018 E1414.34922
G1 F597 X108.653 Y46.67 E1414.37752
G1 F591.1 X108.563 Y46.358 E1414.39944
G1 X108.499 Y46.03 E1414.42201
G1 F600 X108.548 Y45.586 E1414.45172
G1 F606.1 X108.844 Y45.032 E1414.49308
G1 F597 X109.158 Y44.782 E1414.51992
G1 F592.6 X109.44 Y44.603 E1414.54241
G1 F600 X109.817 Y44.513 E1414.5682
G1 F592.6 X110.178 Y44.531 E1414.59254
G1 F591.1 X110.536 Y44.588 E1414.61702
G1 F594.1 X110.836 Y44.779 E1414.64091
G1 F591.1 X111.104 Y44.983 E1414.66365
G1 F594.1 X111.345 Y45.329 E1414.69198
G1 F589.7 X111.433 Y45.638 E1414.71373
G1 F594.1 X111.495 Y46 E1414.7384
G1 F598.5 X111.45 Y46.388 E1414.76445
G1 F591.1 X111.312 Y46.682 E1414.78638
G1 F594.1 X111.117 Y47.018 E1414.81248
G1 F603 X110.578 Y47.387 E1414.85571
G1 F600 X110.154 Y47.493 E1414.88479
G0 F12000 X110.227 Y47.882
G1 F604.5 X110.67 Y47.772 E1414.91492
G1 F595.5 X111.07 Y47.555 E1414.94542
G1 F597 X111.417 Y47.255 E1414.97609
G1 F595.5 X111.675 Y46.872 E1415.00703
G1 X111.838 Y46.455 E1415.03704
G1 F603 X111.896 Y46 E1415.0674
G1 F594.1 X111.832 Y45.542 E1415.09847
G1 X111.681 Y45.12 E1415.12858
G1 F603 X111.418 Y44.743 E1415.15901
G1 F595.5 X111.069 Y44.445 E1415.18976
G1 F597 X110.668 Y44.223 E1415.22041
G1 F595.5 X110.226 Y44.121 E1415.25081
G1 F592.6 X109.77 Y44.115 E1415.28152
G1 F603 X109.332 Y44.222 E1415.31136
G1 F597 X108.926 Y44.446 E1415.34236
G1 F595.5 X108.579 Y44.741 E1415.37289
G1 F594.1 X108.324 Y45.123 E1415.40374
G1 F597 X108.158 Y45.541 E1415.43381
G1 F606.1 X108.103 Y46 E1415.46426
G1 F594.1 X108.164 Y46.454 E1415.49503
G1 F595.5 X108.318 Y46.875 E1415.52508
G1 F606.1 X108.58 Y47.256 E1415.55553
G1 F597 X108.926 Y47.554 E1415.58605
G1 F594.1 X109.33 Y47.773 E1415.61693
G1 X109.77 Y47.875 E1415.64727
G1 X110.227 Y47.882 E1415.67798
G0 F12000 X110 Y48.28
;TYPE:WALL-OUTER
G1 F600 X110.275 Y48.28 E1415.69627
G1 X110.812 Y48.147 E1415.73308
G1 X111.301 Y47.89 E1415.76982
G1 X111.717 Y47.522 E1415.80677
G1 X112.037 Y47.062 E1415.84404
G1 X112.228 Y46.551 E1415.88033
G1 X112.298 Y46 E1415.91728
G1 X112.228 Y45.445 E1415.95449
G1 X112.037 Y44.934 E1415.99078
G1 X111.717 Y44.475 E1416.028
G1 X111.301 Y44.11 E1416.06481
G1 X110.811 Y43.849 E1416.10174
G1 X110.275 Y43.716 E1416.13848
G1 X109.721 Y43.716 E1416.17533
G1 X109.189 Y43.848 E1416.2118
G1 X108.695 Y44.111 E1416.24902
G1 X108.279 Y44.474 E1416.28575
G1 X107.963 Y44.934 E1416.32287
G1 X107.768 Y45.445 E1416.35926
G1 X107.702 Y46 E1416.39643
G1 X107.768 Y46.551 E1416.43335
G1 X107.963 Y47.062 E1416.46973
G1 X108.28 Y47.522 E1416.50689
G1 X108.695 Y47.89 E1416.54379
G1 X109.188 Y48.147 E1416.58077
G1 X109.721 Y48.28 E1416.61732
G1 X110 Y48.28 E1416.63587
G0 F12000 X110 Y47.972
G0 X110.204 Y47.395
G0 X110.132 Y47.091
G1 F600 X109.608 Y47.032 E1416.67095
G1 X109.185 Y46.745 E1416.70495
G1 X109.022 Y46.509 E1416.72403
G1 X108.898 Y46.019 E1416.75766
G1 X108.929 Y45.731 E1416.77693
G1 X109.17 Y45.268 E1416.81165
G1 X109.592 Y44.972 E1416.84594
G1 X109.864 Y44.909 E1416.86451
G1 X110.393 Y44.964 E1416.89989
G1 X110.804 Y45.253 E1416.93331
G1 X110.974 Y45.488 E1416.9526
G1 X111.098 Y45.981 E1416.98642
G1 X111.067 Y46.265 E1417.00542
G1 X110.824 Y46.736 E1417.04068
G1 X110.41 Y47.017 E1417.07396
G1 X110.132 Y47.091 E1417.0931
G1 F2700 E1412.0931
G0 F12000 X110.204 Y47.395
G0 X110 Y48.052
G0 X110 Y49.147
G0 X110 Y135.853
G0 X110 Y140.481
;TYPE:WALL-INNER
G1 F2700 E1417.0931
G1 F588.2 X109.82 Y140.467 E1417.10535
G1 F591.1 X109.465 Y140.408 E1417.12965
G1 X109.158 Y140.216 E1417.15409
G1 X108.894 Y140.018 E1417.17637
G1 F597 X108.653 Y139.67 E1417.20467
G1 F591.1 X108.563 Y139.358 E1417.2266
G1 X108.499 Y139.03 E1417.24916
G1 F600 X108.548 Y138.586 E1417.27888
G1 F606.1 X108.844 Y138.032 E1417.32024
G1 F597 X109.158 Y137.782 E1417.34707
G1 F592.6 X109.44 Y137.603 E1417.36957
G1 F600 X109.817 Y137.513 E1417.39535
G1 F592.6 X110.178 Y137.531 E1417.4197
G1 F591.1 X110.536 Y137.588 E1417.44417
G1 F594.1 X110.836 Y137.779 E1417.46807
G1 F591.1 X111.104 Y137.983 E1417.49081
G1 F594.1 X111.345 Y138.329 E1417.51914
G1 F589.7 X111.433 Y138.638 E1417.54088
G1 F594.1 X111.495 Y139 E1417.56556
G1 F598.5 X111.45 Y139.388 E1417.59161
G1 F591.1 X111.312 Y139.682 E1417.61353
G1 F594.1 X111.117 Y140.018 E1417.63963
G1 F603 X110.578 Y140.387 E1417.68287
G1 F600 X110.154 Y140.493 E1417.71194
G1 F594.1 X110 Y140.481 E1417.72232
G0 F12000 X110 Y140.879
G1 F600 X110.227 Y140.882 E1417.73742
G1 F604.5 X110.67 Y140.772 E1417.76756
G1 F595.5 X111.07 Y140.555 E1417.79806
G1 F597 X111.417 Y140.255 E1417.82872
G1 F595.5 X111.675 Y139.872 E1417.85967
G1 X111.838 Y139.455 E1417.88968
G1 F603 X111.896 Y139 E1417.92004
G1 F594.1 X111.832 Y138.542 E1417.9511
G1 X111.681 Y138.12 E1417.98122
G1 F603 X111.418 Y137.743 E1418.01164
G1 F595.5 X111.069 Y137.445 E1418.0424
G1 F597 X110.668 Y137.223 E1418.07304
G1 F595.5 X110.226 Y137.121 E1418.10344
G1 F592.6 X109.77 Y137.115 E1418.13416
G1 F603 X109.332 Y137.222 E1418.164
G1 F597 X108.926 Y137.446 E1418.195
G1 F595.5 X108.579 Y137.741 E1418.22552
G1 F594.1 X108.324 Y138.123 E1418.25638
G1 F597 X108.158 Y138.541 E1418.28645
G1 F606.1 X108.103 Y139 E1418.31689
G1 F594.1 X108.164 Y139.454 E1418.34767
G1 F595.5 X108.318 Y139.875 E1418.37771
G1 F606.1 X108.58 Y140.256 E1418.40816
G1 F597 X108.926 Y140.554 E1418.43869
G1 F594.1 X109.33 Y140.773 E1418.46956
G1 X109.77 Y140.875 E1418.49991
G1 F591.1 X110 Y140.879 E1418.51544
G0 F12000 X110 Y141.28
;TYPE:WALL-OUTER
G1 F600 X110.275 Y141.28 E1418.53373
G1 X110.812 Y141.147 E1418.57053
G1 X111.301 Y140.89 E1418.60728
G1 X111.717 Y140.522 E1418.64423
G1 X112.037 Y140.062 E1418.6815
G1 X112.228 Y139.551 E1418.71779
G1 X112.298 Y139 E1418.75474
G1 X112.228 Y138.445 E1418.79195
G1 X112.037 Y137.934 E1418.82824
G1 X111.717 Y137.475 E1418.86546
G1 X111.301 Y137.11 E1418.90227
G1 X110.811 Y136.849 E1418.9392
G1 X110.275 Y136.716 E1418.97594
G1 X109.721 Y136.716 E1419.01279
G1 X109.189 Y136.848 E1419.04925
G1 X108.695 Y137.111 E1419.08648
G1 X108.279 Y137.474 E1419.12321
G1 X107.963 Y137.934 E1419.16033
G1 X107.768 Y138.445 E1419.19672
G1 X107.702 Y139 E1419.23389
G1 X107.768 Y139.551 E1419.27081
G1 X107.963 Y140.062 E1419.30719
G1 X108.28 Y140.522 E1419.34435
G1 X108.695 Y140.89 E1419.38125
G1 X109.188 Y141.147 E1419.41823
G1 X109.721 Y141.28 E1419.45477
G1 X110 Y141.28 E1419.47333
G0 F12000 X110 Y140.972
G0 X109.963 Y140.388
G0 X110 Y140.076
G1 F600 X109.608 Y140.032 E1419.49957
G1 X109.185 Y139.745 E1419.53358
G1 X109.022 Y139.509 E1419.55266
G1 X108.898 Y139.019 E1419.58628
G1 X108.929 Y138.731 E1419.60555
G1 X109.17 Y138.268 E1419.64027
G1 X109.592 Y137.972 E1419.67456
G1 X109.864 Y137.909 E1419.69313
G1 X110.393 Y137.964 E1419.72851
G1 X110.804 Y138.253 E1419.76193
G1 X110.974 Y138.488 E1419.78122
G1 X111.098 Y138.981 E1419.81504
G1 X111.067 Y139.265 E1419.83404
G1 X110.824 Y139.736 E1419.8693
G1 X110.41 Y140.017 E1419.90258
G1 X110.132 Y140.091 E1419.92172
G1 X110 Y140.076 E1419.93056
G1 F2700 E1414.93056
;MESH:NONMESH
G0 F300 X110 Y140.076 Z6.6
G0 F12000 X109.963 Y140.388
G0 X110.505 Y140.259
G0 X110.996 Y139.921
G0 X111.198 Y139.628
G0 X111.313 Y139.323
G0 X111.355 Y138.973
G0 X111.228 Y138.455
G0 X110.153 Y136.948
G0 X110.153 Y135.853
G0 X110.153 Y49.147
G0 X110.153 Y47.492
;TIME_ELAPSED:1313.608918
;LAYER:16
;note -- min layer time used
;TYPE:WALL-INNER
;MESH:bump_plate.obj
G1 F2700 E1419.93056
G1 F591.1 X109.82 Y47.467 E1419.9531
G1 X109.465 Y47.408 E1419.9774
G1 X109.158 Y47.216 E1420.00185
G1 X108.871 Y47 E1420.0261
G1 F592.6 X108.686 Y46.682 E1420.05088
G1 F591.1 X108.546 Y46.388 E1420.07287
G1 F600 X108.502 Y46 E1420.09884
G1 X108.546 Y45.61 E1420.12495
G1 F592.6 X108.685 Y45.314 E1420.14697
G1 X108.856 Y45.021 E1420.16982
G1 F603 X109.049 Y44.85 E1420.18689
G1 F606.1 X109.44 Y44.603 E1420.21735
G1 F604.5 X109.864 Y44.502 E1420.24612
G1 F603 X110.49 Y44.572 E1420.28782
G1 F597 X110.838 Y44.781 E1420.31495
G1 F594.1 X111.127 Y44.996 E1420.33915
G1 F591.1 X111.311 Y45.314 E1420.36396
G1 F588.2 X111.448 Y45.605 E1420.38578
G1 F597 X111.495 Y46 E1420.41238
G1 F598.5 X111.45 Y46.388 E1420.43842
G1 F591.1 X111.312 Y46.682 E1420.46035
G1 X111.142 Y46.974 E1420.48317
G1 X110.837 Y47.218 E1420.50954
G1 F592.6 X110.557 Y47.394 E1420.53181
G1 F597 X110.153 Y47.492 E1420.5596
G0 F12000 X110.227 Y47.882
G1 F606.1 X110.669 Y47.772 E1420.5896
G1 F597 X111.069 Y47.555 E1420.62002
G1 X111.417 Y47.255 E1420.65074
G1 F595.5 X111.675 Y46.872 E1420.68169
G1 X111.838 Y46.455 E1420.71169
G1 F603 X111.896 Y46 E1420.74205
G1 X111.839 Y45.541 E1420.77267
G1 F594.1 X111.676 Y45.123 E1420.80281
G1 X111.418 Y44.742 E1420.83372
G1 F597 X111.069 Y44.445 E1420.86436
G1 X110.668 Y44.224 E1420.89497
G1 F594.1 X110.226 Y44.121 E1420.92546
G1 F592.6 X109.77 Y44.115 E1420.95618
G1 F603 X109.332 Y44.222 E1420.98602
G1 F597 X108.926 Y44.445 E1421.01699
G1 X108.579 Y44.741 E1421.04748
G1 X108.323 Y45.124 E1421.07828
G1 X108.158 Y45.541 E1421.10826
G1 F606.1 X108.103 Y46 E1421.1387
G1 X108.158 Y46.455 E1421.16888
G1 F597 X108.323 Y46.873 E1421.19893
G1 X108.58 Y47.256 E1421.22976
G1 X108.926 Y47.554 E1421.26029
G1 F594.1 X109.33 Y47.773 E1421.29116
G1 X109.77 Y47.875 E1421.32151
G1 X110.227 Y47.882 E1421.35221
G0 F12000 X110 Y48.28
;TYPE:WALL-OUTER
G1 F600 X110.275 Y48.28 E1421.37051
G1 X110.812 Y48.147 E1421.40731
G1 X111.301 Y47.89 E1421.44406
G1 X111.717 Y47.522 E1421.481
G1 X112.037 Y47.062 E1421.51828
G1 X112.228 Y46.551 E1421.55457
G1 X112.298 Y46 E1421.59151
G1 X112.228 Y45.445 E1421.62872
G1 X112.037 Y44.934 E1421.66501
G1 X111.717 Y44.475 E1421.70223
G1 X111.301 Y44.11 E1421.73905
G1 X110.811 Y43.849 E1421.77598
G1 X110.275 Y43.716 E1421.81271
G1 X109.721 Y43.716 E1421.84957
G1 X109.189 Y43.848 E1421.88603
G1 X108.695 Y44.111 E1421.92326
G1 X108.279 Y44.474 E1421.95998
G1 X107.963 Y44.934 E1421.99711
G1 X107.768 Y45.445 E1422.03349
G1 X107.702 Y46 E1422.07067
G1 X107.768 Y46.551 E1422.10758
G1 X107.963 Y47.062 E1422.14397
G1 X108.28 Y47.522 E1422.18113
G1 X108.695 Y47.89 E1422.21802
G1 X109.188 Y48.147 E1422.25501
G1 X109.721 Y48.28 E1422.29155
G1 X110 Y48.28 E1422.31011
G0 F12000 X110 Y47.972
G0 X110.204 Y47.395
G0 X110.132 Y47.091
G1 F600 X109.608 Y47.032 E1422.34518
G1 X109.17 Y46.735 E1422.38039
G1 X108.929 Y46.265 E1422.41552
G1 X108.901 Y46.023 E1422.43173
G1 X108.929 Y45.731 E1422.45124
G1 X109.171 Y45.264 E1422.48623
G1 X109.586 Y44.979 E1422.51972
G1 X109.864 Y44.909 E1422.53879
G1 X110.392 Y44.964 E1422.5741
G1 X110.824 Y45.26 E1422.60894
G1 X111.06 Y45.709 E1422.64268
G1 X111.096 Y46 E1422.66218
G1 X111.067 Y46.265 E1422.67992
G1 X110.827 Y46.731 E1422.71478
G1 X110.414 Y47.018 E1422.74824
G1 X110.132 Y47.091 E1422.76762
G1 F2700 E1417.76762
G0 F12000 X110.204 Y47.395
G0 X110 Y48.052
G0 X110 Y49.147
G0 X110 Y135.853
G0 X110 Y140.481
;TYPE:WALL-INNER
G1 F2700 E1422.76762
G1 F588.2 X109.82 Y140.467 E1422.77987
G1 F591.1 X109.465 Y140.408 E1422.80416
G1 X109.158 Y140.216 E1422.82861
G1 X108.871 Y140 E1422.85286
G1 F592.6 X108.686 Y139.682 E1422.87764
G1 F591.1 X108.546 Y139.388 E1422.89963
G1 F600 X108.502 Y139 E1422.9256
G1 X108.546 Y138.61 E1422.95171
G1 F592.6 X108.685 Y138.314 E1422.97374
G1 X108.856 Y138.021 E1422.99659
G1 F603 X109.049 Y137.85 E1423.01365
G1 F606.1 X109.44 Y137.603 E1423.04411
G1 F604.5 X109.864 Y137.502 E1423.07289
G1 F603 X110.49 Y137.572 E1423.11458
G1 F597 X110.838 Y137.781 E1423.14172
G1 F594.1 X111.127 Y137.996 E1423.16592
G1 F591.1 X111.311 Y138.314 E1423.19072
G1 F588.2 X111.448 Y138.605 E1423.21254
G1 F597 X111.495 Y139 E1423.23914
G1 F598.5 X111.45 Y139.388 E1423.26519
G1 F591.1 X111.312 Y139.682 E1423.28711
G1 X111.142 Y139.974 E1423.30993
G1 X110.837 Y140.218 E1423.3363
G1 F592.6 X110.557 Y140.394 E1423.35857
G1 F597 X110.153 Y140.492 E1423.38637
G1 F594.1 X110 Y140.481 E1423.39667
G0 F12000 X110 Y140.879
G1 F600 X110.227 Y140.882 E1423.41177
G1 F606.1 X110.669 Y140.772 E1423.44177
G1 F597 X111.069 Y140.555 E1423.47219
G1 X111.417 Y140.255 E1423.50291
G1 F595.5 X111.675 Y139.872 E1423.53386
G1 X111.838 Y139.455 E1423.56386
G1 F603 X111.896 Y139 E1423.59422
G1 X111.839 Y138.541 E1423.62484
G1 F594.1 X111.676 Y138.123 E1423.65498
G1 X111.418 Y137.742 E1423.68589
G1 F597 X111.069 Y137.445 E1423.71653
G1 X110.668 Y137.224 E1423.74714
G1 F594.1 X110.226 Y137.121 E1423.77763
G1 F592.6 X109.77 Y137.115 E1423.80835
G1 F603 X109.332 Y137.222 E1423.83819
G1 F597 X108.926 Y137.445 E1423.86916
G1 X108.579 Y137.741 E1423.89965
G1 X108.323 Y138.124 E1423.93044
G1 X108.158 Y138.541 E1423.96043
G1 F606.1 X108.103 Y139 E1423.99087
G1 X108.158 Y139.455 E1424.02105
G1 F597 X108.323 Y139.873 E1424.05109
G1 X108.58 Y140.256 E1424.08193
G1 X108.926 Y140.554 E1424.11246
G1 F594.1 X109.33 Y140.773 E1424.14333
G1 X109.77 Y140.875 E1424.17368
G1 F591.1 X110 Y140.879 E1424.18921
G0 F12000 X110 Y141.28
;TYPE:WALL-OUTER
G1 F600 X110.275 Y141.28 E1424.2075
G1 X110.812 Y141.147 E1424.2443
G1 X111.301 Y140.89 E1424.28105
G1 X111.717 Y140.522 E1424.318
G1 X112.037 Y140.062 E1424.35527
G1 X112.228 Y139.551 E1424.39156
G1 X112.298 Y139 E1424.42851
G1 X112.228 Y138.445 E1424.46572
G1 X112.037 Y137.934 E1424.50201
G1 X111.717 Y137.475 E1424.53923
G1 X111.301 Y137.11 E1424.57604
G1 X110.811 Y136.849 E1424.61297
G1 X110.275 Y136.716 E1424.64971
G1 X109.721 Y136.716 E1424.68656
G1 X109.189 Y136.848 E1424.72302
G1 X108.695 Y137.111 E1424.76025
G1 X108.279 Y137.474 E1424.79698
G1 X107.963 Y137.934 E1424.8341
G1 X107.768 Y138.445 E1424.87048
G1 X107.702 Y139 E1424.90766
G1 X107.768 Y139.551 E1424.94458
G1 X107.963 Y140.062 E1424.98096
G1 X108.28 Y140.522 E1425.01812
G1 X108.695 Y140.89 E1425.05502
G1 X109.188 Y141.147 E1425.092
G1 X109.721 Y141.28 E1425.12854
G1 X110 Y141.28 E1425.1471
G0 F12000 X110 Y140.972
G0 X109.963 Y140.388
G0 X110 Y140.076
G1 F600 X109.608 Y140.032 E1425.17334
G1 X109.17 Y139.735 E1425.20854
G1 X108.929 Y139.265 E1425.24368
G1 X108.9 Y139 E1425.26141
G1 X108.929 Y138.731 E1425.27941
G1 X109.171 Y138.264 E1425.3144
G1 X109.586 Y137.979 E1425.34789
G1 X109.864 Y137.909 E1425.36696
G1 X110.392 Y137.964 E1425.40227
G1 X110.824 Y138.26 E1425.4371
G1 X111.06 Y138.709 E1425.47085
G1 X111.096 Y139 E1425.49035
G1 X111.067 Y139.265 E1425.50808
G1 X110.827 Y139.731 E1425.54295
G1 X110.414 Y140.018 E1425.57641
G1 X110.132 Y140.091 E1425.59578
G1 X110 Y140.076 E1425.60462
G1 F2700 E1420.60462
;MESH:NONMESH
G0 F300 X110 Y140.076 Z7
G0 F12000 X109.963 Y140.388
G0 X110.505 Y140.259
G0 X111.019 Y139.903
G0 X111.31 Y139.35
G0 X111.353 Y139
G0 X111.31 Y138.65
G0 X111.145 Y138.336
G0 X110.153 Y136.948
G0 X110.153 Y135.853
G0 X110.153 Y49.147
G0 X110.153 Y47.492
;TIME_ELAPSED:1325.275807
;LAYER:17
;note -- min layer time used
;TYPE:WALL-INNER
;MESH:bump_plate.obj
G1 F2700 E1425.60462
G1 F591.1 X109.82 Y47.467 E1425.62717
G1 X109.465 Y47.408 E1425.65147
G1 X109.158 Y47.216 E1425.67591
G1 X108.871 Y47 E1425.70017
G1 F592.6 X108.686 Y46.682 E1425.72495
G1 F591.1 X108.546 Y46.388 E1425.74693
G1 F600 X108.502 Y46 E1425.77291
G1 X108.546 Y45.61 E1425.79901
G1 F592.6 X108.685 Y45.314 E1425.82104
G1 X108.856 Y45.021 E1425.84389
G1 F603 X109.049 Y44.85 E1425.86095
G1 F606.1 X109.44 Y44.603 E1425.89141
G1 F604.5 X109.864 Y44.502 E1425.92019
G1 F603 X110.49 Y44.572 E1425.96188
G1 F597 X110.838 Y44.781 E1425.98902
G1 F594.1 X111.127 Y44.996 E1426.01322
G1 F591.1 X111.311 Y45.314 E1426.03802
G1 F588.2 X111.448 Y45.605 E1426.05985
G1 F597 X111.495 Y46 E1426.08644
G1 F598.5 X111.45 Y46.388 E1426.11249
G1 F591.1 X111.312 Y46.682 E1426.13442
G1 X111.142 Y46.974 E1426.15723
G1 X110.837 Y47.218 E1426.1836
G1 F592.6 X110.557 Y47.394 E1426.20588
G1 F597 X110.153 Y47.492 E1426.23367
G0 F12000 X110.227 Y47.882
G1 F606.1 X110.669 Y47.772 E1426.26366
G1 F597 X111.069 Y47.555 E1426.29409
G1 X111.417 Y47.255 E1426.3248
G1 F595.5 X111.675 Y46.872 E1426.35575
G1 X111.838 Y46.455 E1426.38576
G1 F603 X111.896 Y46 E1426.41612
G1 X111.839 Y45.541 E1426.44673
G1 F594.1 X111.676 Y45.123 E1426.47687
G1 X111.418 Y44.742 E1426.50779
G1 F597 X111.069 Y44.445 E1426.53842
G1 X110.668 Y44.224 E1426.56903
G1 F594.1 X110.226 Y44.121 E1426.59953
G1 F592.6 X109.77 Y44.115 E1426.63024
G1 F603 X109.332 Y44.222 E1426.66008
G1 F597 X108.926 Y44.445 E1426.69105
G1 X108.579 Y44.741 E1426.72154
G1 X108.323 Y45.124 E1426.75234
G1 X108.158 Y45.541 E1426.78232
G1 F606.1 X108.103 Y46 E1426.81276
G1 X108.158 Y46.455 E1426.84295
G1 F597 X108.323 Y46.873 E1426.87299
G1 X108.58 Y47.256 E1426.90382
G1 X108.926 Y47.554 E1426.93435
G1 F594.1 X109.33 Y47.773 E1426.96523
G1 X109.77 Y47.875 E1426.99557
G1 X110.227 Y47.882 E1427.02628
G0 F12000 X110 Y48.28
;TYPE:WALL-OUTER
G1 F600 X110.275 Y48.28 E1427.04457
G1 X110.812 Y48.147 E1427.08137
G1 X111.301 Y47.89 E1427.11812
G1 X111.717 Y47.522 E1427.15507
G1 X112.037 Y47.062 E1427.19234
G1 X112.228 Y46.551 E1427.22863
G1 X112.298 Y46 E1427.26558
G1 X112.228 Y45.445 E1427.30279
G1 X112.037 Y44.934 E1427.33908
G1 X111.717 Y44.475 E1427.3763
G1 X111.301 Y44.11 E1427.41311
G1 X110.811 Y43.849 E1427.45004
G1 X110.275 Y43.716 E1427.48678
G1 X109.721 Y43.716 E1427.52363
G1 X109.189 Y43.848 E1427.56009
G1 X108.695 Y44.111 E1427.59732
G1 X108.279 Y44.474 E1427.63405
G1 X107.963 Y44.934 E1427.67117
G1 X107.768 Y45.445 E1427.70755
G1 X107.702 Y46 E1427.74473
G1 X107.768 Y46.551 E1427.78165
G1 X107.963 Y47.062 E1427.81803
G1 X108.28 Y47.522 E1427.85519
G1 X108.695 Y47.89 E1427.89209
G1 X109.188 Y48.147 E1427.92907
G1 X109.721 Y48.28 E1427.96561
G1 X110 Y48.28 E1427.98417
G0 F12000 X110 Y47.972
G0 X110.204 Y47.395
G0 X110.132 Y47.091
G1 F600 X109.608 Y47.032 E1428.01925
G1 X109.17 Y46.735 E1428.05445
G1 X108.929 Y46.265 E1428.08959
G1 X108.901 Y46.023 E1428.10579
G1 X108.929 Y45.731 E1428.12531
G1 X109.171 Y45.264 E1428.16029
G1 X109.586 Y44.979 E1428.19378
G1 X109.864 Y44.909 E1428.21285
G1 X110.392 Y44.964 E1428.24816
G1 X110.824 Y45.26 E1428.283
G1 X111.06 Y45.709 E1428.31674
G1 X111.096 Y46 E1428.33625
G1 X111.067 Y46.265 E1428.35398
G1 X110.827 Y46.731 E1428.38885
G1 X110.414 Y47.018 E1428.4223
G1 X110.132 Y47.091 E1428.44168
G1 F2700 E1423.44168
G0 F12000 X110.204 Y47.395
G0 X110 Y48.052
G0 X110 Y49.147
G0 X110 Y135.853
G0 X110 Y140.481
;TYPE:WALL-INNER
G1 F2700 E1428.44168
G1 F588.2 X109.82 Y140.467 E1428.45393
G1 F591.1 X109.465 Y140.408 E1428.47823
G1 X109.158 Y140.216 E1428.50268
G1 X108.871 Y140 E1428.52693
G1 F592.6 X108.686 Y139.682 E1428.55171
G1 F591.1 X108.546 Y139.388 E1428.57369
G1 F600 X108.502 Y139 E1428.59967
G1 X108.546 Y138.61 E1428.62578
G1 F592.6 X108.685 Y138.314 E1428.6478
G1 X108.856 Y138.021 E1428.67065
G1 F603 X109.049 Y137.85 E1428.68772
G1 F606.1 X109.44 Y137.603 E1428.71817
G1 F604.5 X109.864 Y137.502 E1428.74695
G1 F603 X110.49 Y137.572 E1428.78864
G1 F597 X110.838 Y137.781 E1428.81578
G1 F594.1 X111.127 Y137.996 E1428.83998
G1 F591.1 X111.311 Y138.314 E1428.86479
G1 F588.2 X111.448 Y138.605 E1428.88661
G1 F597 X111.495 Y139 E1428.9132
G1 F598.5 X111.45 Y139.388 E1428.93925
G1 F591.1 X111.312 Y139.682 E1428.96118
G1 X111.142 Y139.974 E1428.98399
G1 X110.837 Y140.218 E1429.01036
G1 F592.6 X110.557 Y140.394 E1429.03264
G1 F597 X110.153 Y140.492 E1429.06043
G1 F594.1 X110 Y140.481 E1429.07074
G0 F12000 X110 Y140.879
G1 F600 X110.227 Y140.882 E1429.08584
G1 F606.1 X110.669 Y140.772 E1429.11583
G1 F597 X111.069 Y140.555 E1429.14626
G1 X111.417 Y140.255 E1429.17697
G1 F595.5 X111.675 Y139.872 E1429.20792
G1 X111.838 Y139.455 E1429.23793
G1 F603 X111.896 Y139 E1429.26829
G1 X111.839 Y138.541 E1429.2989
G1 F594.1 X111.676 Y138.123 E1429.32904
G1 X111.418 Y137.742 E1429.35996
G1 F597 X111.069 Y137.445 E1429.39059
G1 X110.668 Y137.224 E1429.4212
G1 F594.1 X110.226 Y137.121 E1429.4517
G1 F592.6 X109.77 Y137.115 E1429.48241
G1 F603 X109.332 Y137.222 E1429.51225
G1 F597 X108.926 Y137.445 E1429.54322
G1 X108.579 Y137.741 E1429.57371
G1 X108.323 Y138.124 E1429.60451
G1 X108.158 Y138.541 E1429.63449
G1 F606.1 X108.103 Y139 E1429.66493
G1 X108.158 Y139.455 E1429.69512
G1 F597 X108.323 Y139.873 E1429.72516
G1 X108.58 Y140.256 E1429.75599
G1 X108.926 Y140.554 E1429.78652
G1 F594.1 X109.33 Y140.773 E1429.8174
G1 X109.77 Y140.875 E1429.84774
G1 F591.1 X110 Y140.879 E1429.86327
G0 F12000 X110 Y141.28
;TYPE:WALL-OUTER
G1 F600 X110.275 Y141.28 E1429.88157
G1 X110.812 Y141.147 E1429.91837
G1 X111.301 Y140.89 E1429.95511
G1 X111.717 Y140.522 E1429.99206
G1 X112.037 Y140.062 E1430.02934
G1 X112.228 Y139.551 E1430.06562
G1 X112.298 Y139 E1430.10257
G1 X112.228 Y138.445 E1430.13978
G1 X112.037 Y137.934 E1430.17607
G1 X111.717 Y137.475 E1430.21329
G1 X111.301 Y137.11 E1430.25011
G1 X110.811 Y136.849 E1430.28704
G1 X110.275 Y136.716 E1430.32377
G1 X109.721 Y136.716 E1430.36062
G1 X109.189 Y136.848 E1430.39709
G1 X108.695 Y137.111 E1430.43431
G1 X108.279 Y137.474 E1430.47104
G1 X107.963 Y137.934 E1430.50816
G1 X107.768 Y138.445 E1430.54455
G1 X107.702 Y139 E1430.58173
G1 X107.768 Y139.551 E1430.61864
G1 X107.963 Y140.062 E1430.65502
G1 X108.28 Y140.522 E1430.69219
G1 X108.695 Y140.89 E1430.72908
G1 X109.188 Y141.147 E1430.76606
G1 X109.721 Y141.28 E1430.80261
G1 X110 Y141.28 E1430.82117
G0 F12000 X110 Y140.972
G0 X109.963 Y140.388
G0 X110 Y140.076
G1 F600 X109.608 Y140.032 E1430.84741
G1 X109.17 Y139.735 E1430.88261
G1 X108.929 Y139.265 E1430.91774
G1 X108.901 Y139.023 E1430.93395
G1 X108.929 Y138.731 E1430.95346
G1 X109.171 Y138.264 E1430.98845
G1 X109.586 Y137.979 E1431.02194
G1 X109.864 Y137.909 E1431.04101
G1 X110.392 Y137.964 E1431.07632
G1 X110.824 Y138.26 E1431.11116
G1 X111.06 Y138.709 E1431.1449
G1 X111.096 Y139 E1431.1644
G1 X111.067 Y139.265 E1431.18214
G1 X110.827 Y139.731 E1431.217
G1 X110.414 Y140.018 E1431.25046
G1 X110.132 Y140.091 E1431.26984
G1 X110 Y140.076 E1431.27867
G1 F2700 E1426.27867
;MESH:NONMESH
G0 F300 X110 Y140.076 Z7.4
G0 F12000 X109.963 Y140.388
G0 X110.505 Y140.259
G0 X111.019 Y139.903
G0 X111.31 Y139.35
G0 X111.353 Y139
G0 X111.31 Y138.65
G0 X111.145 Y138.336
G0 X110.153 Y136.948
G0 X110.153 Y135.853
G0 X110.153 Y49.147
G0 X110.153 Y47.492
;TIME_ELAPSED:1336.942678
;LAYER:18
;note -- min layer time used
;TYPE:WALL-INNER
;MESH:bump_plate.obj
G1 F2700 E1431.27867
G1 F591.1 X109.82 Y47.467 E1431.30122
G1 X109.465 Y47.408 E1431.32552
G1 X109.158 Y47.216 E1431.34997
G1 X108.871 Y47 E1431.37422
G1 F592.6 X108.686 Y46.682 E1431.399
G1 F591.1 X108.546 Y46.388 E1431.42098
G1 F600 X108.502 Y46 E1431.44696
G1 X108.546 Y45.61 E1431.47307
G1 F592.6 X108.685 Y45.314 E1431.49509
G1 X108.856 Y45.021 E1431.51794
G1 F603 X109.049 Y44.85 E1431.53501
G1 F606.1 X109.44 Y44.603 E1431.56546
G1 F604.5 X109.864 Y44.502 E1431.59424
G1 F603 X110.49 Y44.572 E1431.63593
G1 F597 X110.838 Y44.781 E1431.66307
G1 F594.1 X111.127 Y44.996 E1431.68727
G1 F591.1 X111.311 Y45.314 E1431.71208
G1 F588.2 X111.448 Y45.605 E1431.7339
G1 F597 X111.495 Y46 E1431.76049
G1 F598.5 X111.45 Y46.388 E1431.78654
G1 F591.1 X111.312 Y46.682 E1431.80847
G1 X111.142 Y46.974 E1431.83128
G1 X110.837 Y47.218 E1431.85765
G1 F592.6 X110.557 Y47.394 E1431.87993
G1 F597 X110.153 Y47.492 E1431.90772
G0 F12000 X110.227 Y47.882
G1 F606.1 X110.669 Y47.772 E1431.93772
G1 F597 X111.069 Y47.555 E1431.96814
G1 X111.417 Y47.255 E1431.99886
G1 F595.5 X111.675 Y46.872 E1432.0298
G1 X111.838 Y46.455 E1432.05981
G1 F603 X111.896 Y46 E1432.09017
G1 X111.839 Y45.541 E1432.12078
G1 F594.1 X111.676 Y45.123 E1432.15093
G1 X111.418 Y44.742 E1432.18184
G1 F597 X111.069 Y44.445 E1432.21248
G1 X110.668 Y44.224 E1432.24309
G1 F594.1 X110.226 Y44.121 E1432.27358
G1 F592.6 X109.77 Y44.115 E1432.30429
G1 F603 X109.332 Y44.222 E1432.33414
G1 F597 X108.926 Y44.445 E1432.3651
G1 X108.579 Y44.741 E1432.39559
G1 X108.323 Y45.124 E1432.42639
G1 X108.158 Y45.541 E1432.45637
G1 F606.1 X108.103 Y46 E1432.48682
G1 X108.158 Y46.455 E1432.517
G1 F597 X108.323 Y46.873 E1432.54704
G1 X108.58 Y47.256 E1432.57788
G1 X108.926 Y47.554 E1432.6084
G1 F594.1 X109.33 Y47.773 E1432.63928
G1 X109.77 Y47.875 E1432.66962
G1 X110.227 Y47.882 E1432.70033
G0 F12000 X110 Y48.28
;TYPE:WALL-OUTER
G1 F600 X110.275 Y48.28 E1432.71862
G1 X110.812 Y48.147 E1432.75543
G1 X111.301 Y47.89 E1432.79217
G1 X111.717 Y47.522 E1432.82912
G1 X112.037 Y47.062 E1432.86639
G1 X112.228 Y46.551 E1432.90268
G1 X112.298 Y46 E1432.93963
G1 X112.228 Y45.445 E1432.97684
G1 X112.037 Y44.934 E1433.01313
G1 X111.717 Y44.475 E1433.05035
G1 X111.301 Y44.11 E1433.08716
G1 X110.811 Y43.849 E1433.12409
G1 X110.275 Y43.716 E1433.16083
G1 X109.721 Y43.716 E1433.19768
G1 X109.189 Y43.848 E1433.23415
G1 X108.695 Y44.111 E1433.27137
G1 X108.279 Y44.474 E1433.3081
G1 X107.963 Y44.934 E1433.34522
G1 X107.768 Y45.445 E1433.38161
G1 X107.702 Y46 E1433.41878
G1 X107.768 Y46.551 E1433.4557
G1 X107.963 Y47.062 E1433.49208
G1 X108.28 Y47.522 E1433.52924
G1 X108.695 Y47.89 E1433.56614
G1 X109.188 Y48.147 E1433.60312
G1 X109.721 Y48.28 E1433.63967
G1 X110 Y48.28 E1433.65822
G0 F12000 X110 Y47.972
G0 X110.204 Y47.395
G0 X110.132 Y47.091
G1 F600 X109.608 Y47.032 E1433.6933
G1 X109.17 Y46.735 E1433.7285
G1 X108.929 Y46.265 E1433.76364
G1 X108.901 Y46.023 E1433.77984
G1 X108.929 Y45.731 E1433.79936
G1 X109.171 Y45.264 E1433.83435
G1 X109.586 Y44.979 E1433.86783
G1 X109.864 Y44.909 E1433.8869
G1 X110.392 Y44.964 E1433.92222
G1 X110.824 Y45.26 E1433.95705
G1 X111.06 Y45.709 E1433.99079
G1 X111.096 Y46 E1434.0103
G1 X111.067 Y46.265 E1434.02803
G1 X110.827 Y46.731 E1434.0629
G1 X110.414 Y47.018 E1434.09636
G1 X110.132 Y47.091 E1434.11573
G1 F2700 E1429.11573
G0 F12000 X110.204 Y47.395
G0 X110 Y48.052
G0 X110 Y49.147
G0 X110 Y135.853
G0 X110 Y140.481
;TYPE:WALL-INNER
G1 F2700 E1434.11573
G1 F588.2 X109.82 Y140.467 E1434.12798
G1 F591.1 X109.465 Y140.408 E1434.15228
G1 X109.158 Y140.216 E1434.17673
G1 X108.871 Y140 E1434.20098
G1 F592.6 X108.686 Y139.682 E1434.22576
G1 F591.1 X108.546 Y139.388 E1434.24775
G1 F600 X108.502 Y139 E1434.27372
G1 X108.546 Y138.61 E1434.29983
G1 F592.6 X108.685 Y138.314 E1434.32185
G1 X108.856 Y138.021 E1434.3447
G1 F603 X109.049 Y137.85 E1434.36177
G1 F606.1 X109.44 Y137.603 E1434.39223
G1 F604.5 X109.864 Y137.502 E1434.421
G1 F603 X110.49 Y137.572 E1434.46269
G1 F597 X110.838 Y137.781 E1434.48983
G1 F594.1 X111.127 Y137.996 E1434.51403
G1 F591.1 X111.311 Y138.314 E1434.53884
G1 F588.2 X111.448 Y138.605 E1434.56066
G1 F597 X111.495 Y139 E1434.58725
G1 F598.5 X111.45 Y139.388 E1434.6133
G1 F591.1 X111.312 Y139.682 E1434.63523
G1 X111.142 Y139.974 E1434.65804
G1 X110.837 Y140.218 E1434.68442
G1 F592.6 X110.557 Y140.394 E1434.70669
G1 F597 X110.153 Y140.492 E1434.73448
G1 F594.1 X110 Y140.481 E1434.74479
G0 F12000 X110 Y140.879
G1 F600 X110.227 Y140.882 E1434.75989
G1 F606.1 X110.669 Y140.772 E1434.78989
G1 F597 X111.069 Y140.555 E1434.82031
G1 X111.417 Y140.255 E1434.85102
G1 F595.5 X111.675 Y139.872 E1434.88197
G1 X111.838 Y139.455 E1434.91198
G1 F603 X111.896 Y139 E1434.94234
G1 X111.839 Y138.541 E1434.97295
G1 F594.1 X111.676 Y138.123 E1435.0031
G1 X111.418 Y137.742 E1435.03401
G1 F597 X111.069 Y137.445 E1435.06465
G1 X110.668 Y137.224 E1435.09526
G1 F594.1 X110.226 Y137.121 E1435.12575
G1 F592.6 X109.77 Y137.115 E1435.15646
G1 F603 X109.332 Y137.222 E1435.18631
G1 F597 X108.926 Y137.445 E1435.21727
G1 X108.579 Y137.741 E1435.24776
G1 X108.323 Y138.124 E1435.27856
G1 X108.158 Y138.541 E1435.30854
G1 F606.1 X108.103 Y139 E1435.33899
G1 X108.158 Y139.455 E1435.36917
G1 F597 X108.323 Y139.873 E1435.39921
G1 X108.58 Y140.256 E1435.43005
G1 X108.926 Y140.554 E1435.46057
G1 F594.1 X109.33 Y140.773 E1435.49145
G1 X109.77 Y140.875 E1435.52179
G1 F591.1 X110 Y140.879 E1435.53733
G0 F12000 X110 Y141.28
;TYPE:WALL-OUTER
G1 F600 X110.275 Y141.28 E1435.55562
G1 X110.812 Y141.147 E1435.59242
G1 X111.301 Y140.89 E1435.62917
G1 X111.717 Y140.522 E1435.66611
G1 X112.037 Y140.062 E1435.70339
G1 X112.228 Y139.551 E1435.73968
G1 X112.298 Y139 E1435.77662
G1 X112.228 Y138.445 E1435.81383
G1 X112.037 Y137.934 E1435.85012
G1 X111.717 Y137.475 E1435.88734
G1 X111.301 Y137.11 E1435.92416
G1 X110.811 Y136.849 E1435.96109
G1 X110.275 Y136.716 E1435.99782
G1 X109.721 Y136.716 E1436.03468
G1 X109.189 Y136.848 E1436.07114
G1 X108.695 Y137.111 E1436.10837
G1 X108.279 Y137.474 E1436.14509
G1 X107.963 Y137.934 E1436.18222
G1 X107.768 Y138.445 E1436.2186
G1 X107.702 Y139 E1436.25578
G1 X107.768 Y139.551 E1436.29269
G1 X107.963 Y140.062 E1436.32908
G1 X108.28 Y140.522 E1436.36624
G1 X108.695 Y140.89 E1436.40313
G1 X109.188 Y141.147 E1436.44012
G1 X109.721 Y141.28 E1436.47666
G1 X110 Y141.28 E1436.49522
G0 F12000 X110 Y140.972
G0 X109.963 Y140.388
G0 X110 Y140.076
G1 F600 X109.608 Y140.032 E1436.52146
G1 X109.17 Y139.735 E1436.55666
G1 X108.929 Y139.265 E1436.5918
G1 X108.901 Y139.023 E1436.608
G1 X108.929 Y138.731 E1436.62751
G1 X109.171 Y138.264 E1436.6625
G1 X109.586 Y137.979 E1436.69599
G1 X109.864 Y137.909 E1436.71506
G1 X110.392 Y137.964 E1436.75037
G1 X110.824 Y138.26 E1436.78521
G1 X111.06 Y138.709 E1436.81895
G1 X111.096 Y139 E1436.83846
G1 X111.067 Y139.265 E1436.85619
G1 X110.827 Y139.731 E1436.89106
G1 X110.414 Y140.018 E1436.92451
G1 X110.132 Y140.091 E1436.94389
G1 X110 Y140.076 E1436.95273
G1 F2700 E1431.95273
;MESH:NONMESH
G0 F300 X110 Y140.076 Z7.8
G0 F12000 X109.963 Y140.388
G0 X110.505 Y140.259
G0 X111.019 Y139.903
G0 X111.31 Y139.35
G0 X111.353 Y139
G0 X111.31 Y138.65
G0 X111.145 Y138.336
G0 X110.153 Y136.948
G0 X110.153 Y135.853
G0 X110.153 Y49.147
G0 X110.153 Y47.492
;TIME_ELAPSED:1348.609549
;LAYER:19
;note -- min layer time used
;TYPE:WALL-INNER
;MESH:bump_plate.obj
G1 F2700 E1436.95273
G1 F591.1 X109.82 Y47.467 E1436.97527
G1 X109.465 Y47.408 E1436.99957
G1 X109.158 Y47.216 E1437.02402
G1 X108.871 Y47 E1437.04827
G1 F592.6 X108.686 Y46.682 E1437.07305
G1 F591.1 X108.546 Y46.388 E1437.09504
G1 F600 X108.502 Y46 E1437.12101
G1 X108.546 Y45.61 E1437.14712
G1 F592.6 X108.685 Y45.314 E1437.16914
G1 X108.856 Y45.021 E1437.19199
G1 F603 X109.049 Y44.85 E1437.20906
G1 F606.1 X109.44 Y44.603 E1437.23952
G1 F604.5 X109.864 Y44.502 E1437.26829
G1 F603 X110.49 Y44.572 E1437.30998
G1 F597 X110.838 Y44.781 E1437.33712
G1 F594.1 X111.127 Y44.996 E1437.36132
G1 F591.1 X111.311 Y45.314 E1437.38613
G1 F588.2 X111.448 Y45.605 E1437.40795
G1 F597 X111.495 Y46 E1437.43454
G1 F598.5 X111.45 Y46.388 E1437.46059
G1 F591.1 X111.312 Y46.682 E1437.48252
G1 X111.142 Y46.974 E1437.50533
G1 X110.837 Y47.218 E1437.53171
G1 F592.6 X110.557 Y47.394 E1437.55398
G1 F597 X110.153 Y47.492 E1437.58177
G0 F12000 X110.227 Y47.882
G1 F606.1 X110.669 Y47.772 E1437.61177
G1 F597 X111.069 Y47.555 E1437.64219
G1 X111.417 Y47.255 E1437.67291
G1 F595.5 X111.675 Y46.872 E1437.70386
G1 X111.838 Y46.455 E1437.73386
G1 F603 X111.896 Y46 E1437.76422
G1 X111.839 Y45.541 E1437.79483
G1 F594.1 X111.676 Y45.123 E1437.82498
G1 X111.418 Y44.742 E1437.85589
G1 F597 X111.069 Y44.445 E1437.88653
G1 X110.668 Y44.224 E1437.91714
G1 F594.1 X110.226 Y44.121 E1437.94763
G1 F592.6 X109.77 Y44.115 E1437.97835
G1 F603 X109.332 Y44.222 E1438.00819
G1 F597 X108.926 Y44.445 E1438.03916
G1 X108.579 Y44.741 E1438.06965
G1 X108.323 Y45.124 E1438.10044
G1 X108.158 Y45.541 E1438.13043
G1 F606.1 X108.103 Y46 E1438.16087
G1 X108.158 Y46.455 E1438.19105
G1 F597 X108.323 Y46.873 E1438.22109
G1 X108.58 Y47.256 E1438.25193
G1 X108.926 Y47.554 E1438.28246
G1 F594.1 X109.33 Y47.773 E1438.31333
G1 X109.77 Y47.875 E1438.34368
G1 X110.227 Y47.882 E1438.37438
G0 F12000 X110 Y48.28
;TYPE:WALL-OUTER
G1 F600 X110.275 Y48.28 E1438.39268
G1 X110.812 Y48.147 E1438.42948
G1 X111.301 Y47.89 E1438.46622
G1 X111.717 Y47.522 E1438.50317
G1 X112.037 Y47.062 E1438.54045
G1 X112.228 Y46.551 E1438.57673
G1 X112.298 Y46 E1438.61368
G1 X112.228 Y45.445 E1438.65089
G1 X112.037 Y44.934 E1438.68718
G1 X111.717 Y44.475 E1438.7244
G1 X111.301 Y44.11 E1438.76122
G1 X110.811 Y43.849 E1438.79815
G1 X110.275 Y43.716 E1438.83488
G1 X109.721 Y43.716 E1438.87174
G1 X109.189 Y43.848 E1438.9082
G1 X108.695 Y44.111 E1438.94543
G1 X108.279 Y44.474 E1438.98215
G1 X107.963 Y44.934 E1439.01928
G1 X107.768 Y45.445 E1439.05566
G1 X107.702 Y46 E1439.09284
G1 X107.768 Y46.551 E1439.12975
G1 X107.963 Y47.062 E1439.16613
G1 X108.28 Y47.522 E1439.2033
G1 X108.695 Y47.89 E1439.24019
G1 X109.188 Y48.147 E1439.27718
G1 X109.721 Y48.28 E1439.31372
G1 X110 Y48.28 E1439.33228
G0 F12000 X110 Y47.972
G0 X110.204 Y47.395
G0 X110.132 Y47.091
G1 F600 X109.608 Y47.032 E1439.36735
G1 X109.17 Y46.735 E1439.40256
G1 X108.929 Y46.265 E1439.43769
G1 X108.901 Y46.023 E1439.4539
G1 X108.929 Y45.731 E1439.47341
G1 X109.171 Y45.264 E1439.5084
G1 X109.586 Y44.979 E1439.54189
G1 X109.864 Y44.909 E1439.56096
G1 X110.392 Y44.964 E1439.59627
G1 X110.824 Y45.26 E1439.6311
G1 X111.06 Y45.709 E1439.66485
G1 X111.096 Y46 E1439.68435
G1 X111.067 Y46.265 E1439.70208
G1 X110.827 Y46.731 E1439.73695
G1 X110.414 Y47.018 E1439.77041
G1 X110.132 Y47.091 E1439.78978
G1 F2700 E1434.78978
G0 F12000 X110.204 Y47.395
G0 X110 Y48.052
G0 X110 Y49.147
G0 X110 Y135.853
G0 X110 Y140.481
;TYPE:WALL-INNER
G1 F2700 E1439.78978
G1 F588.2 X109.82 Y140.467 E1439.80203
G1 F591.1 X109.465 Y140.408 E1439.82633
G1 X109.158 Y140.216 E1439.85078
G1 X108.871 Y140 E1439.87503
G1 F592.6 X108.686 Y139.682 E1439.89981
G1 F591.1 X108.546 Y139.388 E1439.9218
G1 F600 X108.502 Y139 E1439.94777
G1 X108.546 Y138.61 E1439.97388
G1 F592.6 X108.685 Y138.314 E1439.99591
G1 X108.856 Y138.021 E1440.01875
G1 F603 X109.049 Y137.85 E1440.03582
G1 F606.1 X109.44 Y137.603 E1440.06628
G1 F604.5 X109.864 Y137.502 E1440.09505
G1 F603 X110.49 Y137.572 E1440.13675
G1 F597 X110.838 Y137.781 E1440.16388
G1 F594.1 X111.127 Y137.996 E1440.18808
G1 F591.1 X111.311 Y138.314 E1440.21289
G1 F588.2 X111.448 Y138.605 E1440.23471
G1 F597 X111.495 Y139 E1440.26131
G1 F598.5 X111.45 Y139.388 E1440.28735
G1 F591.1 X111.312 Y139.682 E1440.30928
G1 X111.142 Y139.974 E1440.3321
G1 X110.837 Y140.218 E1440.35847
G1 F592.6 X110.557 Y140.394 E1440.38074
G1 F597 X110.153 Y140.492 E1440.40853
G1 F594.1 X110 Y140.481 E1440.41884
G0 F12000 X110 Y140.879
G1 F600 X110.227 Y140.882 E1440.43394
G1 F606.1 X110.669 Y140.772 E1440.46394
G1 F597 X111.069 Y140.555 E1440.49436
G1 X111.417 Y140.255 E1440.52508
G1 F595.5 X111.675 Y139.872 E1440.55603
G1 X111.838 Y139.455 E1440.58603
G1 F603 X111.896 Y139 E1440.61639
G1 X111.839 Y138.541 E1440.647
G1 F594.1 X111.676 Y138.123 E1440.67715
G1 X111.418 Y137.742 E1440.70806
G1 F597 X111.069 Y137.445 E1440.7387
G1 X110.668 Y137.224 E1440.76931
G1 F594.1 X110.226 Y137.121 E1440.7998
G1 F592.6 X109.77 Y137.115 E1440.83051
G1 F603 X109.332 Y137.222 E1440.86036
G1 F597 X108.926 Y137.445 E1440.89132
G1 X108.579 Y137.741 E1440.92182
G1 X108.323 Y138.124 E1440.95261
G1 X108.158 Y138.541 E1440.98259
G1 F606.1 X108.103 Y139 E1441.01304
G1 X108.158 Y139.455 E1441.04322
G1 F597 X108.323 Y139.873 E1441.07326
G1 X108.58 Y140.256 E1441.1041
G1 X108.926 Y140.554 E1441.13463
G1 F594.1 X109.33 Y140.773 E1441.1655
G1 X109.77 Y140.875 E1441.19585
G1 F591.1 X110 Y140.879 E1441.21138
G0 F12000 X110 Y141.28
;TYPE:WALL-OUTER
G1 F600 X110.275 Y141.28 E1441.22967
G1 X110.812 Y141.147 E1441.26647
G1 X111.301 Y140.89 E1441.30322
G1 X111.717 Y140.522 E1441.34016
G1 X112.037 Y140.062 E1441.37744
G1 X112.228 Y139.551 E1441.41373
G1 X112.298 Y139 E1441.45068
G1 X112.228 Y138.445 E1441.48789
G1 X112.037 Y137.934 E1441.52418
G1 X111.717 Y137.475 E1441.5614
G1 X111.301 Y137.11 E1441.59821
G1 X110.811 Y136.849 E1441.63514
G1 X110.275 Y136.716 E1441.67188
G1 X109.721 Y136.716 E1441.70873
G1 X109.189 Y136.848 E1441.74519
G1 X108.695 Y137.111 E1441.78242
G1 X108.279 Y137.474 E1441.81914
G1 X107.963 Y137.934 E1441.85627
G1 X107.768 Y138.445 E1441.89265
G1 X107.702 Y139 E1441.92983
G1 X107.768 Y139.551 E1441.96675
G1 X107.963 Y140.062 E1442.00313
G1 X108.28 Y140.522 E1442.04029
G1 X108.695 Y140.89 E1442.07719
G1 X109.188 Y141.147 E1442.11417
G1 X109.721 Y141.28 E1442.15071
G1 X110 Y141.28 E1442.16927
G0 F12000 X110 Y140.972
G0 X109.963 Y140.388
G0 X110 Y140.076
G1 F600 X109.608 Y140.032 E1442.19551
G1 X109.17 Y139.735 E1442.23071
G1 X108.929 Y139.265 E1442.26585
G1 X108.901 Y139.023 E1442.28205
G1 X108.929 Y138.731 E1442.30157
G1 X109.171 Y138.264 E1442.33655
G1 X109.586 Y137.979 E1442.37004
G1 X109.864 Y137.909 E1442.38911
G1 X110.392 Y137.964 E1442.42443
G1 X110.824 Y138.26 E1442.45926
G1 X111.06 Y138.709 E1442.493
G1 X111.096 Y139 E1442.51251
G1 X111.067 Y139.265 E1442.53024
G1 X110.827 Y139.731 E1442.56511
G1 X110.414 Y140.018 E1442.59856
G1 X110.132 Y140.091 E1442.61794
G1 X110 Y140.076 E1442.62678
G1 F2700 E1437.62678
;MESH:NONMESH
G0 F300 X110 Y140.076 Z8.2
G0 F12000 X109.963 Y140.388
G0 X110.505 Y140.259
G0 X111.019 Y139.903
G0 X111.31 Y139.35
G0 X111.353 Y139
G0 X111.31 Y138.65
G0 X111.145 Y138.336
G0 X110.153 Y136.948
G0 X110.153 Y135.853
G0 X110.153 Y49.147
G0 X110.153 Y47.492
;TIME_ELAPSED:1360.276420
;LAYER:20
;note -- min layer time used
;TYPE:WALL-INNER
;MESH:bump_plate.obj
G1 F2700 E1442.62678
G1 F591.1 X109.82 Y47.467 E1442.64932
G1 X109.465 Y47.408 E1442.67362
G1 X109.158 Y47.216 E1442.69807
G1 X108.871 Y47 E1442.72232
G1 F592.6 X108.686 Y46.682 E1442.7471
G1 F591.1 X108.546 Y46.388 E1442.76909
G1 F600 X108.502 Y46 E1442.79506
G1 X108.546 Y45.61 E1442.82117
G1 F592.6 X108.685 Y45.314 E1442.8432
G1 X108.856 Y45.021 E1442.86604
G1 F603 X109.049 Y44.85 E1442.88311
G1 F606.1 X109.44 Y44.603 E1442.91357
G1 F604.5 X109.864 Y44.502 E1442.94234
G1 F603 X110.49 Y44.572 E1442.98404
G1 F597 X110.838 Y44.781 E1443.01117
G1 F594.1 X111.127 Y44.996 E1443.03537
G1 F591.1 X111.311 Y45.314 E1443.06018
G1 F588.2 X111.448 Y45.605 E1443.082
G1 F597 X111.495 Y46 E1443.1086
G1 F598.5 X111.45 Y46.388 E1443.13464
G1 F591.1 X111.312 Y46.682 E1443.15657
G1 X111.142 Y46.974 E1443.17939
G1 X110.837 Y47.218 E1443.20576
G1 F592.6 X110.557 Y47.394 E1443.22803
G1 F597 X110.153 Y47.492 E1443.25582
G0 F12000 X110.227 Y47.882
G1 F606.1 X110.669 Y47.772 E1443.28582
G1 F597 X111.069 Y47.555 E1443.31624
G1 X111.417 Y47.255 E1443.34696
G1 F595.5 X111.675 Y46.872 E1443.37791
G1 X111.838 Y46.455 E1443.40791
G1 F603 X111.896 Y46 E1443.43827
G1 X111.839 Y45.541 E1443.46889
G1 F594.1 X111.676 Y45.123 E1443.49903
G1 X111.418 Y44.742 E1443.52994
G1 F597 X111.069 Y44.445 E1443.56058
G1 X110.668 Y44.224 E1443.59119
G1 F594.1 X110.226 Y44.121 E1443.62168
G1 F592.6 X109.77 Y44.115 E1443.6524
G1 F603 X109.332 Y44.222 E1443.68224
G1 F597 X108.926 Y44.445 E1443.71321
G1 X108.579 Y44.741 E1443.7437
G1 X108.323 Y45.124 E1443.7745
G1 X108.158 Y45.541 E1443.80448
G1 F606.1 X108.103 Y46 E1443.83492
G1 X108.158 Y46.455 E1443.8651
G1 F597 X108.323 Y46.873 E1443.89515
G1 X108.58 Y47.256 E1443.92598
G1 X108.926 Y47.554 E1443.95651
G1 F594.1 X109.33 Y47.773 E1443.98738
G1 X109.77 Y47.875 E1444.01773
G1 X110.227 Y47.882 E1444.04844
G0 F12000 X110 Y48.28
;TYPE:WALL-OUTER
G1 F600 X110.275 Y48.28 E1444.06673
G1 X110.812 Y48.147 E1444.10353
G1 X111.301 Y47.89 E1444.14028
G1 X111.717 Y47.522 E1444.17722
G1 X112.037 Y47.062 E1444.2145
G1 X112.228 Y46.551 E1444.25079
G1 X112.298 Y46 E1444.28773
G1 X112.228 Y45.445 E1444.32495
G1 X112.037 Y44.934 E1444.36123
G1 X111.717 Y44.475 E1444.39845
G1 X111.301 Y44.11 E1444.43527
G1 X110.811 Y43.849 E1444.4722
G1 X110.275 Y43.716 E1444.50894
G1 X109.721 Y43.716 E1444.54579
G1 X109.189 Y43.848 E1444.58225
G1 X108.695 Y44.111 E1444.61948
G1 X108.279 Y44.474 E1444.6562
G1 X107.963 Y44.934 E1444.69333
G1 X107.768 Y45.445 E1444.72971
G1 X107.702 Y46 E1444.76689
G1 X107.768 Y46.551 E1444.8038
G1 X107.963 Y47.062 E1444.84019
G1 X108.28 Y47.522 E1444.87735
G1 X108.695 Y47.89 E1444.91424
G1 X109.188 Y48.147 E1444.95123
G1 X109.721 Y48.28 E1444.98777
G1 X110 Y48.28 E1445.00633
G0 F12000 X110 Y47.972
G0 X110.204 Y47.395
G0 X110.132 Y47.091
G1 F600 X109.608 Y47.032 E1445.04141
G1 X109.17 Y46.735 E1445.07661
G1 X108.929 Y46.265 E1445.11174
G1 X108.901 Y46.023 E1445.12795
G1 X108.929 Y45.731 E1445.14746
G1 X109.171 Y45.264 E1445.18245
G1 X109.586 Y44.979 E1445.21594
G1 X109.864 Y44.909 E1445.23501
G1 X110.392 Y44.964 E1445.27032
G1 X110.824 Y45.26 E1445.30516
G1 X111.06 Y45.709 E1445.3389
G1 X111.096 Y46 E1445.3584
G1 X111.067 Y46.265 E1445.37614
G1 X110.827 Y46.731 E1445.411
G1 X110.414 Y47.018 E1445.44446
G1 X110.132 Y47.091 E1445.46384
G1 F2700 E1440.46384
G0 F12000 X110.204 Y47.395
G0 X110 Y48.052
G0 X110 Y49.147
G0 X110 Y135.853
G0 X110 Y140.481
;TYPE:WALL-INNER
G1 F2700 E1445.46384
G1 F588.2 X109.82 Y140.467 E1445.47609
G1 F591.1 X109.465 Y140.408 E1445.50038
G1 X109.158 Y140.216 E1445.52483
G1 X108.871 Y140 E1445.54909
G1 F592.6 X108.686 Y139.682 E1445.57386
G1 F591.1 X108.546 Y139.388 E1445.59585
G1 F600 X108.502 Y139 E1445.62182
G1 X108.546 Y138.61 E1445.64793
G1 F592.6 X108.685 Y138.314 E1445.66996
G1 X108.856 Y138.021 E1445.69281
G1 F603 X109.049 Y137.85 E1445.70987
G1 F606.1 X109.44 Y137.603 E1445.74033
G1 F604.5 X109.864 Y137.502 E1445.76911
G1 F603 X110.49 Y137.572 E1445.8108
G1 F597 X110.838 Y137.781 E1445.83794
G1 F594.1 X111.127 Y137.996 E1445.86214
G1 F591.1 X111.311 Y138.314 E1445.88694
G1 F588.2 X111.448 Y138.605 E1445.90877
G1 F597 X111.495 Y139 E1445.93536
G1 F598.5 X111.45 Y139.388 E1445.96141
G1 F591.1 X111.312 Y139.682 E1445.98333
G1 X111.142 Y139.974 E1446.00615
G1 X110.837 Y140.218 E1446.03252
G1 F592.6 X110.557 Y140.394 E1446.05479
G1 F597 X110.153 Y140.492 E1446.08259
G1 F594.1 X110 Y140.481 E1446.09289
G0 F12000 X110 Y140.879
G1 F600 X110.227 Y140.882 E1446.10799
G1 F606.1 X110.669 Y140.772 E1446.13799
G1 F597 X111.069 Y140.555 E1446.16841
G1 X111.417 Y140.255 E1446.19913
G1 F595.5 X111.675 Y139.872 E1446.23008
G1 X111.838 Y139.455 E1446.26008
G1 F603 X111.896 Y139 E1446.29044
G1 X111.839 Y138.541 E1446.32106
G1 F594.1 X111.676 Y138.123 E1446.3512
G1 X111.418 Y137.742 E1446.38211
G1 F597 X111.069 Y137.445 E1446.41275
G1 X110.668 Y137.224 E1446.44336
G1 F594.1 X110.226 Y137.121 E1446.47385
G1 F592.6 X109.77 Y137.115 E1446.50457
G1 F603 X109.332 Y137.222 E1446.53441
G1 F597 X108.926 Y137.445 E1446.56538
G1 X108.579 Y137.741 E1446.59587
G1 X108.323 Y138.124 E1446.62667
G1 X108.158 Y138.541 E1446.65665
G1 F606.1 X108.103 Y139 E1446.68709
G1 X108.158 Y139.455 E1446.71727
G1 F597 X108.323 Y139.873 E1446.74732
G1 X108.58 Y140.256 E1446.77815
G1 X108.926 Y140.554 E1446.80868
G1 F594.1 X109.33 Y140.773 E1446.83955
G1 X109.77 Y140.875 E1446.8699
G1 F591.1 X110 Y140.879 E1446.88543
G0 F12000 X110 Y141.28
;TYPE:WALL-OUTER
G1 F600 X110.275 Y141.28 E1446.90372
G1 X110.812 Y141.147 E1446.94052
G1 X111.301 Y140.89 E1446.97727
G1 X111.717 Y140.522 E1447.01422
G1 X112.037 Y140.062 E1447.05149
G1 X112.228 Y139.551 E1447.08778
G1 X112.298 Y139 E1447.12473
G1 X112.228 Y138.445 E1447.16194
G1 X112.037 Y137.934 E1447.19823
G1 X111.717 Y137.475 E1447.23545
G1 X111.301 Y137.11 E1447.27226
G1 X110.811 Y136.849 E1447.30919
G1 X110.275 Y136.716 E1447.34593
G1 X109.721 Y136.716 E1447.38278
G1 X109.189 Y136.848 E1447.41924
G1 X108.695 Y137.111 E1447.45647
G1 X108.279 Y137.474 E1447.4932
G1 X107.963 Y137.934 E1447.53032
G1 X107.768 Y138.445 E1447.5667
G1 X107.702 Y139 E1447.60388
G1 X107.768 Y139.551 E1447.6408
G1 X107.963 Y140.062 E1447.67718
G1 X108.28 Y140.522 E1447.71434
G1 X108.695 Y140.89 E1447.75124
G1 X109.188 Y141.147 E1447.78822
G1 X109.721 Y141.28 E1447.82476
G1 X110 Y141.28 E1447.84332
G0 F12000 X110 Y140.972
G0 X109.963 Y140.388
G0 X110 Y140.076
G1 F600 X109.608 Y140.032 E1447.86956
G1 X109.17 Y139.735 E1447.90476
G1 X108.929 Y139.265 E1447.9399
G1 X108.901 Y139.023 E1447.9561
G1 X108.929 Y138.731 E1447.97562
G1 X109.171 Y138.264 E1448.01061
G1 X109.586 Y137.979 E1448.04409
G1 X109.864 Y137.909 E1448.06316
G1 X110.392 Y137.964 E1448.09848
G1 X110.824 Y138.26 E1448.13331
G1 X111.06 Y138.709 E1448.16705
G1 X111.096 Y139 E1448.18656
G1 X111.067 Y139.265 E1448.20429
G1 X110.827 Y139.731 E1448.23916
G1 X110.414 Y140.018 E1448.27262
G1 X110.132 Y140.091 E1448.29199
G1 X110 Y140.076 E1448.30083
G1 F2700 E1443.30083
;MESH:NONMESH
G0 F300 X110 Y140.076 Z8.6
G0 F12000 X109.963 Y140.388
G0 X110.505 Y140.259
G0 X111.019 Y139.903
G0 X111.31 Y139.35
G0 X111.353 Y139
G0 X111.31 Y138.65
G0 X111.145 Y138.336
G0 X110.153 Y136.948
G0 X110.153 Y135.853
G0 X110.153 Y49.147
G0 X110.153 Y47.492
;TIME_ELAPSED:1371.943291
;LAYER:21
;note -- min layer time used
;TYPE:WALL-INNER
;MESH:bump_plate.obj
G1 F2700 E1448.30083
G1 F591.1 X109.82 Y47.467 E1448.32338
G1 X109.465 Y47.408 E1448.34767
G1 X109.158 Y47.216 E1448.37212
G1 X108.871 Y47 E1448.39638
G1 F592.6 X108.686 Y46.682 E1448.42115
G1 F591.1 X108.546 Y46.388 E1448.44314
G1 F600 X108.502 Y46 E1448.46912
G1 X108.546 Y45.61 E1448.49522
G1 F592.6 X108.685 Y45.314 E1448.51725
G1 X108.856 Y45.021 E1448.5401
G1 F603 X109.049 Y44.85 E1448.55716
G1 F606.1 X109.44 Y44.603 E1448.58762
G1 F604.5 X109.864 Y44.502 E1448.6164
G1 F603 X110.49 Y44.572 E1448.65809
G1 F597 X110.838 Y44.781 E1448.68523
G1 F594.1 X111.127 Y44.996 E1448.70943
G1 F591.1 X111.311 Y45.314 E1448.73423
G1 F588.2 X111.448 Y45.605 E1448.75606
G1 F597 X111.495 Y46 E1448.78265
G1 F598.5 X111.45 Y46.388 E1448.8087
G1 F591.1 X111.312 Y46.682 E1448.83063
G1 X111.142 Y46.974 E1448.85344
G1 X110.837 Y47.218 E1448.87981
G1 F592.6 X110.557 Y47.394 E1448.90208
G1 F597 X110.153 Y47.492 E1448.92988
G0 F12000 X110.227 Y47.882
G1 F606.1 X110.669 Y47.772 E1448.95987
G1 F597 X111.069 Y47.555 E1448.9903
G1 X111.417 Y47.255 E1449.02101
G1 F595.5 X111.675 Y46.872 E1449.05196
G1 X111.838 Y46.455 E1449.08197
G1 F603 X111.896 Y46 E1449.11233
G1 X111.839 Y45.541 E1449.14294
G1 F594.1 X111.676 Y45.123 E1449.17308
G1 X111.418 Y44.742 E1449.204
G1 F597 X111.069 Y44.445 E1449.23463
G1 X110.668 Y44.224 E1449.26524
G1 F594.1 X110.226 Y44.121 E1449.29573
G1 F592.6 X109.77 Y44.115 E1449.32645
G1 F603 X109.332 Y44.222 E1449.35629
G1 F597 X108.926 Y44.445 E1449.38726
G1 X108.579 Y44.741 E1449.41775
G1 X108.323 Y45.124 E1449.44855
G1 X108.158 Y45.541 E1449.47853
G1 F606.1 X108.103 Y46 E1449.50897
G1 X108.158 Y46.455 E1449.53916
G1 F597 X108.323 Y46.873 E1449.5692
G1 X108.58 Y47.256 E1449.60003
G1 X108.926 Y47.554 E1449.63056
G1 F594.1 X109.33 Y47.773 E1449.66144
G1 X109.77 Y47.875 E1449.69178
G1 X110.227 Y47.882 E1449.72249
G0 F12000 X110 Y48.28
;TYPE:WALL-OUTER
G1 F600 X110.275 Y48.28 E1449.74078
G1 X110.812 Y48.147 E1449.77758
G1 X111.301 Y47.89 E1449.81433
G1 X111.717 Y47.522 E1449.85128
G1 X112.037 Y47.062 E1449.88855
G1 X112.228 Y46.551 E1449.92484
G1 X112.298 Y46 E1449.96179
G1 X112.228 Y45.445 E1449.999
G1 X112.037 Y44.934 E1450.03529
G1 X111.717 Y44.475 E1450.07251
G1 X111.301 Y44.11 E1450.10932
G1 X110.811 Y43.849 E1450.14625
G1 X110.275 Y43.716 E1450.18299
G1 X109.721 Y43.716 E1450.21984
G1 X109.189 Y43.848 E1450.2563
G1 X108.695 Y44.111 E1450.29353
G1 X108.279 Y44.474 E1450.33026
G1 X107.963 Y44.934 E1450.36738
G1 X107.768 Y45.445 E1450.40376
G1 X107.702 Y46 E1450.44094
G1 X107.768 Y46.551 E1450.47786
G1 X107.963 Y47.062 E1450.51424
G1 X108.28 Y47.522 E1450.5514
G1 X108.695 Y47.89 E1450.5883
G1 X109.188 Y48.147 E1450.62528
G1 X109.721 Y48.28 E1450.66182
G1 X110 Y48.28 E1450.68038
G0 F12000 X110 Y47.972
G0 X110.204 Y47.395
G0 X110.132 Y47.091
G1 F600 X109.608 Y47.032 E1450.71546
G1 X109.17 Y46.735 E1450.75066
G1 X108.929 Y46.265 E1450.7858
G1 X108.901 Y46.023 E1450.802
G1 X108.929 Y45.731 E1450.82151
G1 X109.171 Y45.264 E1450.8565
G1 X109.586 Y44.979 E1450.88999
G1 X109.864 Y44.909 E1450.90906
G1 X110.392 Y44.964 E1450.94437
G1 X110.824 Y45.26 E1450.97921
G1 X111.06 Y45.709 E1451.01295
G1 X111.096 Y46 E1451.03246
G1 X111.067 Y46.265 E1451.05019
G1 X110.827 Y46.731 E1451.08506
G1 X110.414 Y47.018 E1451.11851
G1 X110.132 Y47.091 E1451.13789
G1 F2700 E1446.13789
G0 F12000 X110.204 Y47.395
G0 X110 Y48.052
G0 X110 Y49.147
G0 X110 Y135.853
G0 X110 Y140.481
;TYPE:WALL-INNER
G1 F2700 E1451.13789
G1 F588.2 X109.82 Y140.467 E1451.15014
G1 F591.1 X109.465 Y140.408 E1451.17444
G1 X109.158 Y140.216 E1451.19888
G1 X108.871 Y140 E1451.22314
G1 F592.6 X108.686 Y139.682 E1451.24792
G1 F591.1 X108.546 Y139.388 E1451.2699
G1 F600 X108.502 Y139 E1451.29588
G1 X108.546 Y138.61 E1451.32198
G1 F592.6 X108.685 Y138.314 E1451.34401
G1 X108.856 Y138.021 E1451.36686
G1 F603 X109.049 Y137.85 E1451.38393
G1 F606.1 X109.44 Y137.603 E1451.41438
G1 F604.5 X109.864 Y137.502 E1451.44316
G1 F603 X110.49 Y137.572 E1451.48485
G1 F597 X110.838 Y137.781 E1451.51199
G1 F594.1 X111.127 Y137.996 E1451.53619
G1 F591.1 X111.311 Y138.314 E1451.56099
G1 F588.2 X111.448 Y138.605 E1451.58282
G1 F597 X111.495 Y139 E1451.60941
G1 F598.5 X111.45 Y139.388 E1451.63546
G1 F591.1 X111.312 Y139.682 E1451.65739
G1 X111.142 Y139.974 E1451.6802
G1 X110.837 Y140.218 E1451.70657
G1 F592.6 X110.557 Y140.394 E1451.72885
G1 F597 X110.153 Y140.492 E1451.75664
G1 F594.1 X110 Y140.481 E1451.76694
G0 F12000 X110 Y140.879
G1 F600 X110.227 Y140.882 E1451.78205
G1 F606.1 X110.669 Y140.772 E1451.81204
G1 F597 X111.069 Y140.555 E1451.84246
G1 X111.417 Y140.255 E1451.87318
G1 F595.5 X111.675 Y139.872 E1451.90413
G1 X111.838 Y139.455 E1451.93414
G1 F603 X111.896 Y139 E1451.96449
G1 X111.839 Y138.541 E1451.99511
G1 F594.1 X111.676 Y138.123 E1452.02525
G1 X111.418 Y137.742 E1452.05617
G1 F597 X111.069 Y137.445 E1452.0868
G1 X110.668 Y137.224 E1452.11741
G1 F594.1 X110.226 Y137.121 E1452.1479
G1 F592.6 X109.77 Y137.115 E1452.17862
G1 F603 X109.332 Y137.222 E1452.20846
G1 F597 X108.926 Y137.445 E1452.23943
G1 X108.579 Y137.741 E1452.26992
G1 X108.323 Y138.124 E1452.30072
G1 X108.158 Y138.541 E1452.3307
G1 F606.1 X108.103 Y139 E1452.36114
G1 X108.158 Y139.455 E1452.39132
G1 F597 X108.323 Y139.873 E1452.42137
G1 X108.58 Y140.256 E1452.4522
G1 X108.926 Y140.554 E1452.48273
G1 F594.1 X109.33 Y140.773 E1452.5136
G1 X109.77 Y140.875 E1452.54395
G1 F591.1 X110 Y140.879 E1452.55948
G0 F12000 X110 Y141.28
;TYPE:WALL-OUTER
G1 F600 X110.275 Y141.28 E1452.57777
G1 X110.812 Y141.147 E1452.61458
G1 X111.301 Y140.89 E1452.65132
G1 X111.717 Y140.522 E1452.68827
G1 X112.037 Y140.062 E1452.72554
G1 X112.228 Y139.551 E1452.76183
G1 X112.298 Y139 E1452.79878
G1 X112.228 Y138.445 E1452.83599
G1 X112.037 Y137.934 E1452.87228
G1 X111.717 Y137.475 E1452.9095
G1 X111.301 Y137.11 E1452.94631
G1 X110.811 Y136.849 E1452.98324
G1 X110.275 Y136.716 E1453.01998
G1 X109.721 Y136.716 E1453.05683
G1 X109.189 Y136.848 E1453.09329
G1 X108.695 Y137.111 E1453.13052
G1 X108.279 Y137.474 E1453.16725
G1 X107.963 Y137.934 E1453.20437
G1 X107.768 Y138.445 E1453.24076
G1 X107.702 Y139 E1453.27793
G1 X107.768 Y139.551 E1453.31485
G1 X107.963 Y140.062 E1453.35123
G1 X108.28 Y140.522 E1453.38839
G1 X108.695 Y140.89 E1453.42529
G1 X109.188 Y141.147 E1453.46227
G1 X109.721 Y141.28 E1453.49882
G1 X110 Y141.28 E1453.51737
G0 F12000 X110 Y140.972
G0 X109.963 Y140.388
G0 X110 Y140.076
G1 F600 X109.608 Y140.032 E1453.54361
G1 X109.17 Y139.735 E1453.57882
G1 X108.929 Y139.265 E1453.61395
G1 X108.901 Y139.023 E1453.63016
G1 X108.929 Y138.731 E1453.64967
G1 X109.171 Y138.264 E1453.68466
G1 X109.586 Y137.979 E1453.71815
G1 X109.864 Y137.909 E1453.73722
G1 X110.392 Y137.964 E1453.77253
G1 X110.824 Y138.26 E1453.80736
G1 X111.06 Y138.709 E1453.84111
G1 X111.096 Y139 E1453.86061
G1 X111.067 Y139.265 E1453.87835
G1 X110.827 Y139.731 E1453.91321
G1 X110.414 Y140.018 E1453.94667
G1 X110.132 Y140.091 E1453.96605
G1 X110 Y140.076 E1453.97488
G1 F2700 E1448.97488
;MESH:NONMESH
G0 F300 X110 Y140.076 Z9
G0 F12000 X109.963 Y140.388
G0 X110.505 Y140.259
G0 X111.019 Y139.903
G0 X111.31 Y139.35
G0 X111.353 Y139
G0 X111.31 Y138.65
G0 X111.145 Y138.336
G0 X110.153 Y136.948
G0 X110.153 Y135.853
G0 X110.153 Y49.147
G0 X110.153 Y47.492
;TIME_ELAPSED:1383.610162
;LAYER:22
;note -- min layer time used
;TYPE:WALL-INNER
;MESH:bump_plate.obj
G1 F2700 E1453.97488
G1 F591.1 X109.82 Y47.467 E1453.99743
G1 X109.465 Y47.408 E1454.02173
G1 X109.158 Y47.216 E1454.04617
G1 X108.871 Y47 E1454.07043
G1 F592.6 X108.686 Y46.682 E1454.09521
G1 F591.1 X108.546 Y46.388 E1454.11719
G1 F600 X108.502 Y46 E1454.14317
G1 X108.546 Y45.61 E1454.16927
G1 F592.6 X108.685 Y45.314 E1454.1913
G1 X108.856 Y45.021 E1454.21415
G1 F603 X109.049 Y44.85 E1454.23122
G1 F606.1 X109.44 Y44.603 E1454.26167
G1 F604.5 X109.864 Y44.502 E1454.29045
G1 F603 X110.49 Y44.572 E1454.33214
G1 F597 X110.838 Y44.781 E1454.35928
G1 F594.1 X111.127 Y44.996 E1454.38348
G1 F591.1 X111.311 Y45.314 E1454.40828
G1 F588.2 X111.448 Y45.605 E1454.43011
G1 F597 X111.495 Y46 E1454.4567
G1 F598.5 X111.45 Y46.388 E1454.48275
G1 F591.1 X111.312 Y46.682 E1454.50468
G1 X111.142 Y46.974 E1454.52749
G1 X110.837 Y47.218 E1454.55386
G1 F592.6 X110.557 Y47.394 E1454.57614
G1 F597 X110.153 Y47.492 E1454.60393
G0 F12000 X110.227 Y47.882
G1 F606.1 X110.669 Y47.772 E1454.63392
G1 F597 X111.069 Y47.555 E1454.66435
G1 X111.417 Y47.255 E1454.69506
G1 F595.5 X111.675 Y46.872 E1454.72601
G1 X111.838 Y46.455 E1454.75602
G1 F603 X111.896 Y46 E1454.78638
G1 X111.839 Y45.541 E1454.81699
G1 F594.1 X111.676 Y45.123 E1454.84713
G1 X111.418 Y44.742 E1454.87805
G1 F597 X111.069 Y44.445 E1454.90869
G1 X110.668 Y44.224 E1454.9393
G1 F594.1 X110.226 Y44.121 E1454.96979
G1 F592.6 X109.77 Y44.115 E1455.0005
G1 F603 X109.332 Y44.222 E1455.03034
G1 F597 X108.926 Y44.445 E1455.06131
G1 X108.579 Y44.741 E1455.0918
G1 X108.323 Y45.124 E1455.1226
G1 X108.158 Y45.541 E1455.15258
G1 F606.1 X108.103 Y46 E1455.18303
G1 X108.158 Y46.455 E1455.21321
G1 F597 X108.323 Y46.873 E1455.24325
G1 X108.58 Y47.256 E1455.27409
G1 X108.926 Y47.554 E1455.30461
G1 F594.1 X109.33 Y47.773 E1455.33549
G1 X109.77 Y47.875 E1455.36583
G1 X110.227 Y47.882 E1455.39654
G0 F12000 X110 Y48.28
;TYPE:WALL-OUTER
G1 F600 X110.275 Y48.28 E1455.41483
G1 X110.812 Y48.147 E1455.45163
G1 X111.301 Y47.89 E1455.48838
G1 X111.717 Y47.522 E1455.52533
G1 X112.037 Y47.062 E1455.5626
G1 X112.228 Y46.551 E1455.59889
G1 X112.298 Y46 E1455.63584
G1 X112.228 Y45.445 E1455.67305
G1 X112.037 Y44.934 E1455.70934
G1 X111.717 Y44.475 E1455.74656
G1 X111.301 Y44.11 E1455.78337
G1 X110.811 Y43.849 E1455.8203
G1 X110.275 Y43.716 E1455.85704
G1 X109.721 Y43.716 E1455.89389
G1 X109.189 Y43.848 E1455.93035
G1 X108.695 Y44.111 E1455.96758
G1 X108.279 Y44.474 E1456.00431
G1 X107.963 Y44.934 E1456.04143
G1 X107.768 Y45.445 E1456.07781
G1 X107.702 Y46 E1456.11499
G1 X107.768 Y46.551 E1456.15191
G1 X107.963 Y47.062 E1456.18829
G1 X108.28 Y47.522 E1456.22545
G1 X108.695 Y47.89 E1456.26235
G1 X109.188 Y48.147 E1456.29933
G1 X109.721 Y48.28 E1456.33587
G1 X110 Y48.28 E1456.35443
G0 F12000 X110 Y47.972
G0 X110.204 Y47.395
G0 X110.132 Y47.091
G1 F600 X109.608 Y47.032 E1456.38951
G1 X109.17 Y46.735 E1456.42471
G1 X108.929 Y46.265 E1456.45985
G1 X108.901 Y46.023 E1456.47605
G1 X108.929 Y45.731 E1456.49557
G1 X109.171 Y45.264 E1456.53055
G1 X109.586 Y44.979 E1456.56404
G1 X109.864 Y44.909 E1456.58311
G1 X110.392 Y44.964 E1456.61843
G1 X110.824 Y45.26 E1456.65326
G1 X111.06 Y45.709 E1456.687
G1 X111.096 Y46 E1456.70651
G1 X111.067 Y46.265 E1456.72424
G1 X110.827 Y46.731 E1456.75911
G1 X110.414 Y47.018 E1456.79256
G1 X110.132 Y47.091 E1456.81194
G1 F2700 E1451.81194
G0 F12000 X110.204 Y47.395
G0 X110 Y48.052
G0 X110 Y49.147
G0 X110 Y135.853
G0 X110 Y140.481
;TYPE:WALL-INNER
G1 F2700 E1456.81194
G1 F588.2 X109.82 Y140.467 E1456.82419
G1 F591.1 X109.465 Y140.408 E1456.84849
G1 X109.158 Y140.216 E1456.87294
G1 X108.871 Y140 E1456.89719
G1 F592.6 X108.686 Y139.682 E1456.92197
G1 F591.1 X108.546 Y139.388 E1456.94395
G1 F600 X108.502 Y139 E1456.96993
G1 X108.546 Y138.61 E1456.99604
G1 F592.6 X108.685 Y138.314 E1457.01806
G1 X108.856 Y138.021 E1457.04091
G1 F603 X109.049 Y137.85 E1457.05798
G1 F606.1 X109.44 Y137.603 E1457.08843
G1 F604.5 X109.864 Y137.502 E1457.11721
G1 F603 X110.49 Y137.572 E1457.1589
G1 F597 X110.838 Y137.781 E1457.18604
G1 F594.1 X111.127 Y137.996 E1457.21024
G1 F591.1 X111.311 Y138.314 E1457.23505
G1 F588.2 X111.448 Y138.605 E1457.25687
G1 F597 X111.495 Y139 E1457.28346
G1 F598.5 X111.45 Y139.388 E1457.30951
G1 F591.1 X111.312 Y139.682 E1457.33144
G1 X111.142 Y139.974 E1457.35425
G1 X110.837 Y140.218 E1457.38062
G1 F592.6 X110.557 Y140.394 E1457.4029
G1 F597 X110.153 Y140.492 E1457.43069
G1 F594.1 X110 Y140.481 E1457.441
G0 F12000 X110 Y140.879
G1 F600 X110.227 Y140.882 E1457.4561
G1 F606.1 X110.669 Y140.772 E1457.48609
G1 F597 X111.069 Y140.555 E1457.51652
G1 X111.417 Y140.255 E1457.54723
G1 F595.5 X111.675 Y139.872 E1457.57818
G1 X111.838 Y139.455 E1457.60819
G1 F603 X111.896 Y139 E1457.63855
G1 X111.839 Y138.541 E1457.66916
G1 F594.1 X111.676 Y138.123 E1457.6993
G1 X111.418 Y137.742 E1457.73022
G1 F597 X111.069 Y137.445 E1457.76085
G1 X110.668 Y137.224 E1457.79146
G1 F594.1 X110.226 Y137.121 E1457.82196
G1 F592.6 X109.77 Y137.115 E1457.85267
G1 F603 X109.332 Y137.222 E1457.88251
G1 F597 X108.926 Y137.445 E1457.91348
G1 X108.579 Y137.741 E1457.94397
G1 X108.323 Y138.124 E1457.97477
G1 X108.158 Y138.541 E1458.00475
G1 F606.1 X108.103 Y139 E1458.03519
G1 X108.158 Y139.455 E1458.06538
G1 F597 X108.323 Y139.873 E1458.09542
G1 X108.58 Y140.256 E1458.12625
G1 X108.926 Y140.554 E1458.15678
G1 F594.1 X109.33 Y140.773 E1458.18766
G1 X109.77 Y140.875 E1458.218
G1 F591.1 X110 Y140.879 E1458.23353
G0 F12000 X110 Y141.28
;TYPE:WALL-OUTER
G1 F600 X110.275 Y141.28 E1458.25183
G1 X110.812 Y141.147 E1458.28863
G1 X111.301 Y140.89 E1458.32537
G1 X111.717 Y140.522 E1458.36232
G1 X112.037 Y140.062 E1458.3996
G1 X112.228 Y139.551 E1458.43588
G1 X112.298 Y139 E1458.47283
G1 X112.228 Y138.445 E1458.51004
G1 X112.037 Y137.934 E1458.54633
G1 X111.717 Y137.475 E1458.58355
G1 X111.301 Y137.11 E1458.62037
G1 X110.811 Y136.849 E1458.6573
G1 X110.275 Y136.716 E1458.69403
G1 X109.721 Y136.716 E1458.73089
G1 X109.189 Y136.848 E1458.76735
G1 X108.695 Y137.111 E1458.80457
G1 X108.279 Y137.474 E1458.8413
G1 X107.963 Y137.934 E1458.87843
G1 X107.768 Y138.445 E1458.91481
G1 X107.702 Y139 E1458.95199
G1 X107.768 Y139.551 E1458.9889
G1 X107.963 Y140.062 E1459.02528
G1 X108.28 Y140.522 E1459.06245
G1 X108.695 Y140.89 E1459.09934
G1 X109.188 Y141.147 E1459.13632
G1 X109.721 Y141.28 E1459.17287
G1 X110 Y141.28 E1459.19143
G0 F12000 X110 Y140.972
G0 X109.963 Y140.388
G0 X110 Y140.076
G1 F600 X109.608 Y140.032 E1459.21767
G1 X109.17 Y139.735 E1459.25287
G1 X108.929 Y139.265 E1459.288
G1 X108.901 Y139.023 E1459.30421
G1 X108.929 Y138.731 E1459.32372
G1 X109.171 Y138.264 E1459.35871
G1 X109.586 Y137.979 E1459.3922
G1 X109.864 Y137.909 E1459.41127
G1 X110.392 Y137.964 E1459.44658
G1 X110.824 Y138.26 E1459.48142
G1 X111.06 Y138.709 E1459.51516
G1 X111.096 Y139 E1459.53466
G1 X111.067 Y139.265 E1459.5524
G1 X110.827 Y139.731 E1459.58727
G1 X110.414 Y140.018 E1459.62072
G1 X110.132 Y140.091 E1459.6401
G1 X110 Y140.076 E1459.64893
G1 F2700 E1454.64893
;MESH:NONMESH
G0 F300 X110 Y140.076 Z9.4
G0 F12000 X109.963 Y140.388
G0 X110.505 Y140.259
G0 X111.019 Y139.903
G0 X111.31 Y139.35
G0 X111.353 Y139
G0 X111.31 Y138.65
G0 X111.145 Y138.336
G0 X110.153 Y136.948
G0 X110.153 Y135.853
G0 X110.153 Y49.147
G0 X110.153 Y47.492
;TIME_ELAPSED:1395.277032
;LAYER:23
;note -- min layer time used
;TYPE:WALL-INNER
;MESH:bump_plate.obj
G1 F2700 E1459.64893
G1 F591.1 X109.82 Y47.467 E1459.67148
G1 X109.465 Y47.408 E1459.69578
G1 X109.158 Y47.216 E1459.72023
G1 X108.871 Y47 E1459.74448
G1 F592.6 X108.686 Y46.682 E1459.76926
G1 F591.1 X108.546 Y46.388 E1459.79124
G1 F600 X108.502 Y46 E1459.81722
G1 X108.546 Y45.61 E1459.84333
G1 F592.6 X108.685 Y45.314 E1459.86535
G1 X108.856 Y45.021 E1459.8882
G1 F603 X109.049 Y44.85 E1459.90527
G1 F606.1 X109.44 Y44.603 E1459.93572
G1 F604.5 X109.864 Y44.502 E1459.9645
G1 F603 X110.49 Y44.572 E1460.00619
G1 F597 X110.838 Y44.781 E1460.03333
G1 F594.1 X111.127 Y44.996 E1460.05753
G1 F591.1 X111.311 Y45.314 E1460.08234
G1 F588.2 X111.448 Y45.605 E1460.10416
G1 F597 X111.495 Y46 E1460.13075
G1 F598.5 X111.45 Y46.388 E1460.1568
G1 F591.1 X111.312 Y46.682 E1460.17873
G1 X111.142 Y46.974 E1460.20154
G1 X110.837 Y47.218 E1460.22791
G1 F592.6 X110.557 Y47.394 E1460.25019
G1 F597 X110.153 Y47.492 E1460.27798
G0 F12000 X110.227 Y47.882
G1 F606.1 X110.669 Y47.772 E1460.30798
G1 F597 X111.069 Y47.555 E1460.3384
G1 X111.417 Y47.255 E1460.36912
G1 F595.5 X111.675 Y46.872 E1460.40006
G1 X111.838 Y46.455 E1460.43007
G1 F603 X111.896 Y46 E1460.46043
G1 X111.839 Y45.541 E1460.49104
G1 F594.1 X111.676 Y45.123 E1460.52119
G1 X111.418 Y44.742 E1460.5521
G1 F597 X111.069 Y44.445 E1460.58274
G1 X110.668 Y44.224 E1460.61335
G1 F594.1 X110.226 Y44.121 E1460.64384
G1 F592.6 X109.77 Y44.115 E1460.67455
G1 F603 X109.332 Y44.222 E1460.7044
G1 F597 X108.926 Y44.445 E1460.73536
G1 X108.579 Y44.741 E1460.76586
G1 X108.323 Y45.124 E1460.79665
G1 X108.158 Y45.541 E1460.82663
G1 F606.1 X108.103 Y46 E1460.85708
G1 X108.158 Y46.455 E1460.88726
G1 F597 X108.323 Y46.873 E1460.9173
G1 X108.58 Y47.256 E1460.94814
G1 X108.926 Y47.554 E1460.97866
G1 F594.1 X109.33 Y47.773 E1461.00954
G1 X109.77 Y47.875 E1461.03988
G1 X110.227 Y47.882 E1461.07059
G0 F12000 X110 Y48.28
;TYPE:WALL-OUTER
G1 F600 X110.275 Y48.28 E1461.08889
G1 X110.812 Y48.147 E1461.12569
G1 X111.301 Y47.89 E1461.16243
G1 X111.717 Y47.522 E1461.19938
G1 X112.037 Y47.062 E1461.23665
G1 X112.228 Y46.551 E1461.27294
G1 X112.298 Y46 E1461.30989
G1 X112.228 Y45.445 E1461.3471
G1 X112.037 Y44.934 E1461.38339
G1 X111.717 Y44.475 E1461.42061
G1 X111.301 Y44.11 E1461.45742
G1 X110.811 Y43.849 E1461.49436
G1 X110.275 Y43.716 E1461.53109
G1 X109.721 Y43.716 E1461.56794
G1 X109.189 Y43.848 E1461.60441
G1 X108.695 Y44.111 E1461.64163
G1 X108.279 Y44.474 E1461.67836
G1 X107.963 Y44.934 E1461.71548
G1 X107.768 Y45.445 E1461.75187
G1 X107.702 Y46 E1461.78905
G1 X107.768 Y46.551 E1461.82596
G1 X107.963 Y47.062 E1461.86234
G1 X108.28 Y47.522 E1461.8995
G1 X108.695 Y47.89 E1461.9364
G1 X109.188 Y48.147 E1461.97338
G1 X109.721 Y48.28 E1462.00993
G1 X110 Y48.28 E1462.02849
G0 F12000 X110 Y47.972
G0 X110.204 Y47.395
G0 X110.132 Y47.091
G1 F600 X109.608 Y47.032 E1462.06356
G1 X109.17 Y46.735 E1462.09876
G1 X108.929 Y46.265 E1462.1339
G1 X108.901 Y46.023 E1462.15011
G1 X108.929 Y45.731 E1462.16962
G1 X109.171 Y45.264 E1462.20461
G1 X109.586 Y44.979 E1462.2381
G1 X109.864 Y44.909 E1462.25716
G1 X110.392 Y44.964 E1462.29248
G1 X110.824 Y45.26 E1462.32731
G1 X111.06 Y45.709 E1462.36106
G1 X111.096 Y46 E1462.38056
G1 X111.067 Y46.265 E1462.39829
G1 X110.827 Y46.731 E1462.43316
G1 X110.414 Y47.018 E1462.46662
G1 X110.132 Y47.091 E1462.48599
G1 F2700 E1457.48599
G0 F12000 X110.204 Y47.395
G0 X110 Y48.052
G0 X110 Y49.147
G0 X110 Y135.853
G0 X110 Y140.481
;TYPE:WALL-INNER
G1 F2700 E1462.48599
G1 F588.2 X109.82 Y140.467 E1462.49824
G1 F591.1 X109.465 Y140.408 E1462.52254
G1 X109.158 Y140.216 E1462.54699
G1 X108.871 Y140 E1462.57124
G1 F592.6 X108.686 Y139.682 E1462.59602
G1 F591.1 X108.546 Y139.388 E1462.61801
G1 F600 X108.502 Y139 E1462.64398
G1 X108.546 Y138.61 E1462.67009
G1 F592.6 X108.685 Y138.314 E1462.69211
G1 X108.856 Y138.021 E1462.71496
G1 F603 X109.049 Y137.85 E1462.73203
G1 F606.1 X109.44 Y137.603 E1462.76249
G1 F604.5 X109.864 Y137.502 E1462.79126
G1 F603 X110.49 Y137.572 E1462.83295
G1 F597 X110.838 Y137.781 E1462.86009
G1 F594.1 X111.127 Y137.996 E1462.88429
G1 F591.1 X111.311 Y138.314 E1462.9091
G1 F588.2 X111.448 Y138.605 E1462.93092
G1 F597 X111.495 Y139 E1462.95752
G1 F598.5 X111.45 Y139.388 E1462.98356
G1 F591.1 X111.312 Y139.682 E1463.00549
G1 X111.142 Y139.974 E1463.0283
G1 X110.837 Y140.218 E1463.05468
G1 F592.6 X110.557 Y140.394 E1463.07695
G1 F597 X110.153 Y140.492 E1463.10474
G1 F594.1 X110 Y140.481 E1463.11505
G0 F12000 X110 Y140.879
G1 F600 X110.227 Y140.882 E1463.13015
G1 F606.1 X110.669 Y140.772 E1463.16015
G1 F597 X111.069 Y140.555 E1463.19057
G1 X111.417 Y140.255 E1463.22128
G1 F595.5 X111.675 Y139.872 E1463.25223
G1 X111.838 Y139.455 E1463.28224
G1 F603 X111.896 Y139 E1463.3126
G1 X111.839 Y138.541 E1463.34321
G1 F594.1 X111.676 Y138.123 E1463.37336
G1 X111.418 Y137.742 E1463.40427
G1 F597 X111.069 Y137.445 E1463.43491
G1 X110.668 Y137.224 E1463.46552
G1 F594.1 X110.226 Y137.121 E1463.49601
G1 F592.6 X109.77 Y137.115 E1463.52672
G1 F603 X109.332 Y137.222 E1463.55657
G1 F597 X108.926 Y137.445 E1463.58753
G1 X108.579 Y137.741 E1463.61802
G1 X108.323 Y138.124 E1463.64882
G1 X108.158 Y138.541 E1463.6788
G1 F606.1 X108.103 Y139 E1463.70925
G1 X108.158 Y139.455 E1463.73943
G1 F597 X108.323 Y139.873 E1463.76947
G1 X108.58 Y140.256 E1463.80031
G1 X108.926 Y140.554 E1463.83083
G1 F594.1 X109.33 Y140.773 E1463.86171
G1 X109.77 Y140.875 E1463.89205
G1 F591.1 X110 Y140.879 E1463.90759
G0 F12000 X110 Y141.28
;TYPE:WALL-OUTER
G1 F600 X110.275 Y141.28 E1463.92588
G1 X110.812 Y141.147 E1463.96268
G1 X111.301 Y140.89 E1463.99943
G1 X111.717 Y140.522 E1464.03637
G1 X112.037 Y140.062 E1464.07365
G1 X112.228 Y139.551 E1464.10994
G1 X112.298 Y139 E1464.14688
G1 X112.228 Y138.445 E1464.1841
G1 X112.037 Y137.934 E1464.22038
G1 X111.717 Y137.475 E1464.2576
G1 X111.301 Y137.11 E1464.29442
G1 X110.811 Y136.849 E1464.33135
G1 X110.275 Y136.716 E1464.36808
G1 X109.721 Y136.716 E1464.40494
G1 X109.189 Y136.848 E1464.4414
G1 X108.695 Y137.111 E1464.47863
G1 X108.279 Y137.474 E1464.51535
G1 X107.963 Y137.934 E1464.55248
G1 X107.768 Y138.445 E1464.58886
G1 X107.702 Y139 E1464.62604
G1 X107.768 Y139.551 E1464.66295
G1 X107.963 Y140.062 E1464.69934
G1 X108.28 Y140.522 E1464.7365
G1 X108.695 Y140.89 E1464.77339
G1 X109.188 Y141.147 E1464.81038
G1 X109.721 Y141.28 E1464.84692
G1 X110 Y141.28 E1464.86548
G0 F12000 X110 Y140.972
G0 X109.963 Y140.388
G0 X110 Y140.076
G1 F600 X109.608 Y140.032 E1464.89172
G1 X109.17 Y139.735 E1464.92692
G1 X108.929 Y139.265 E1464.96206
G1 X108.9 Y139 E1464.97979
G1 X108.929 Y138.731 E1464.99779
G1 X109.171 Y138.264 E1465.03277
G1 X109.586 Y137.979 E1465.06626
G1 X109.864 Y137.909 E1465.08533
G1 X110.392 Y137.964 E1465.12065
G1 X110.824 Y138.26 E1465.15548
G1 X111.06 Y138.709 E1465.18922
G1 X111.096 Y139 E1465.20873
G1 X111.067 Y139.265 E1465.22646
G1 X110.827 Y139.731 E1465.26133
G1 X110.414 Y140.018 E1465.29478
G1 X110.132 Y140.091 E1465.31416
G1 X110 Y140.076 E1465.323
G1 F2700 E1460.323
;MESH:NONMESH
G0 F300 X110 Y140.076 Z9.8
G0 F12000 X109.963 Y140.388
G0 X110.505 Y140.259
G0 X111.019 Y139.903
G0 X111.31 Y139.35
G0 X111.353 Y139
G0 X111.31 Y138.65
G0 X111.145 Y138.336
G0 X110.153 Y136.948
G0 X110.153 Y135.853
G0 X110.153 Y49.147
G0 X110.153 Y47.492
;TIME_ELAPSED:1406.943922
;LAYER:24
;note -- min layer time used
;TYPE:WALL-INNER
;MESH:bump_plate.obj
G1 F2700 E1465.323
G1 F591.1 X109.82 Y47.467 E1465.34555
G1 X109.465 Y47.408 E1465.36984
G1 X109.158 Y47.216 E1465.39429
G1 X108.871 Y47 E1465.41854
G1 F592.6 X108.686 Y46.682 E1465.44332
G1 F591.1 X108.546 Y46.388 E1465.46531
G1 F600 X108.502 Y46 E1465.49128
G1 X108.546 Y45.61 E1465.51739
G1 F592.6 X108.685 Y45.314 E1465.53942
G1 X108.856 Y45.021 E1465.56227
G1 F603 X109.049 Y44.85 E1465.57933
G1 F606.1 X109.44 Y44.603 E1465.60979
G1 F604.5 X109.864 Y44.502 E1465.63857
G1 F603 X110.49 Y44.572 E1465.68026
G1 F597 X110.838 Y44.781 E1465.7074
G1 F594.1 X111.127 Y44.996 E1465.7316
G1 F591.1 X111.311 Y45.314 E1465.7564
G1 F588.2 X111.448 Y45.605 E1465.77822
G1 F597 X111.495 Y46 E1465.80482
G1 F598.5 X111.45 Y46.388 E1465.83087
G1 F591.1 X111.312 Y46.682 E1465.85279
G1 X111.142 Y46.974 E1465.87561
G1 X110.837 Y47.218 E1465.90198
G1 F592.6 X110.557 Y47.394 E1465.92425
G1 F597 X110.153 Y47.492 E1465.95205
G0 F12000 X110.227 Y47.882
G1 F606.1 X110.669 Y47.772 E1465.98204
G1 F597 X111.069 Y47.555 E1466.01246
G1 X111.417 Y47.255 E1466.04318
G1 F595.5 X111.675 Y46.872 E1466.07413
G1 X111.838 Y46.455 E1466.10414
G1 F603 X111.896 Y46 E1466.13449
G1 X111.839 Y45.541 E1466.16511
G1 F594.1 X111.676 Y45.123 E1466.19525
G1 X111.418 Y44.742 E1466.22617
G1 F597 X111.069 Y44.445 E1466.2568
G1 X110.668 Y44.224 E1466.28741
G1 F594.1 X110.226 Y44.121 E1466.3179
G1 F592.6 X109.77 Y44.115 E1466.34862
G1 F603 X109.332 Y44.222 E1466.37846
G1 F597 X108.926 Y44.445 E1466.40943
G1 X108.579 Y44.741 E1466.43992
G1 X108.323 Y45.124 E1466.47072
G1 X108.158 Y45.541 E1466.5007
G1 F606.1 X108.103 Y46 E1466.53114
G1 X108.158 Y46.455 E1466.56132
G1 F597 X108.323 Y46.873 E1466.59137
G1 X108.58 Y47.256 E1466.6222
G1 X108.926 Y47.554 E1466.65273
G1 F594.1 X109.33 Y47.773 E1466.6836
G1 X109.77 Y47.875 E1466.71395
G1 X110.227 Y47.882 E1466.74466
G0 F12000 X110 Y48.28
;TYPE:WALL-OUTER
G1 F600 X110.275 Y48.28 E1466.76295
G1 X110.812 Y48.147 E1466.79975
G1 X111.301 Y47.89 E1466.8365
G1 X111.717 Y47.522 E1466.87344
G1 X112.037 Y47.062 E1466.91072
G1 X112.228 Y46.551 E1466.94701
G1 X112.298 Y46 E1466.98395
G1 X112.228 Y45.445 E1467.02117
G1 X112.037 Y44.934 E1467.05745
G1 X111.717 Y44.475 E1467.09468
G1 X111.301 Y44.11 E1467.13149
G1 X110.811 Y43.849 E1467.16842
G1 X110.275 Y43.716 E1467.20516
G1 X109.721 Y43.716 E1467.24201
G1 X109.189 Y43.848 E1467.27847
G1 X108.695 Y44.111 E1467.3157
G1 X108.279 Y44.474 E1467.35242
G1 X107.963 Y44.934 E1467.38955
G1 X107.768 Y45.445 E1467.42593
G1 X107.702 Y46 E1467.46311
G1 X107.768 Y46.551 E1467.50002
G1 X107.963 Y47.062 E1467.53641
G1 X108.28 Y47.522 E1467.57357
G1 X108.695 Y47.89 E1467.61047
G1 X109.188 Y48.147 E1467.64745
G1 X109.721 Y48.28 E1467.68399
G1 X110 Y48.28 E1467.70255
G0 F12000 X110 Y47.972
G0 X110.204 Y47.395
G0 X110.132 Y47.091
G1 F600 X109.608 Y47.032 E1467.73763
G1 X109.17 Y46.735 E1467.77283
G1 X108.929 Y46.265 E1467.80796
G1 X108.901 Y46.023 E1467.82417
G1 X108.929 Y45.731 E1467.84368
G1 X109.171 Y45.264 E1467.87867
G1 X109.586 Y44.979 E1467.91216
G1 X109.864 Y44.909 E1467.93123
G1 X110.392 Y44.964 E1467.96654
G1 X110.824 Y45.26 E1468.00138
G1 X111.06 Y45.709 E1468.03512
G1 X111.096 Y46 E1468.05462
G1 X111.067 Y46.265 E1468.07236
G1 X110.827 Y46.731 E1468.10723
G1 X110.414 Y47.018 E1468.14068
G1 X110.132 Y47.091 E1468.16006
G1 F2700 E1463.16006
G0 F12000 X110.204 Y47.395
G0 X110 Y48.052
G0 X110 Y49.147
G0 X110 Y135.853
G0 X110 Y140.481
;TYPE:WALL-INNER
G1 F2700 E1468.16006
G1 F588.2 X109.82 Y140.467 E1468.17231
G1 F591.1 X109.465 Y140.408 E1468.19661
G1 X109.158 Y140.216 E1468.22105
G1 X108.871 Y140 E1468.24531
G1 F592.6 X108.686 Y139.682 E1468.27008
G1 F591.1 X108.546 Y139.388 E1468.29207
G1 F600 X108.502 Y139 E1468.31805
G1 X108.546 Y138.61 E1468.34415
G1 F592.6 X108.685 Y138.314 E1468.36618
G1 X108.856 Y138.021 E1468.38903
G1 F603 X109.049 Y137.85 E1468.40609
G1 F606.1 X109.44 Y137.603 E1468.43655
G1 F604.5 X109.864 Y137.502 E1468.46533
G1 F603 X110.49 Y137.572 E1468.50702
G1 F597 X110.838 Y137.781 E1468.53416
G1 F594.1 X111.127 Y137.996 E1468.55836
G1 F591.1 X111.311 Y138.314 E1468.58316
G1 F588.2 X111.448 Y138.605 E1468.60499
G1 F597 X111.495 Y139 E1468.63158
G1 F598.5 X111.45 Y139.388 E1468.65763
G1 F591.1 X111.312 Y139.682 E1468.67956
G1 X111.142 Y139.974 E1468.70237
G1 X110.837 Y140.218 E1468.72874
G1 F592.6 X110.557 Y140.394 E1468.75102
G1 F597 X110.153 Y140.492 E1468.77881
G1 F594.1 X110 Y140.481 E1468.78911
G0 F12000 X110 Y140.879
G1 F600 X110.227 Y140.882 E1468.80421
G1 F606.1 X110.669 Y140.772 E1468.83421
G1 F597 X111.069 Y140.555 E1468.86463
G1 X111.417 Y140.255 E1468.89535
G1 F595.5 X111.675 Y139.872 E1468.9263
G1 X111.838 Y139.455 E1468.9563
G1 F603 X111.896 Y139 E1468.98666
G1 X111.839 Y138.541 E1469.01728
G1 F594.1 X111.676 Y138.123 E1469.04742
G1 X111.418 Y137.742 E1469.07833
G1 F597 X111.069 Y137.445 E1469.10897
G1 X110.668 Y137.224 E1469.13958
G1 F594.1 X110.226 Y137.121 E1469.17007
G1 F592.6 X109.77 Y137.115 E1469.20079
G1 F603 X109.332 Y137.222 E1469.23063
G1 F597 X108.926 Y137.445 E1469.2616
G1 X108.579 Y137.741 E1469.29209
G1 X108.323 Y138.124 E1469.32289
G1 X108.158 Y138.541 E1469.35287
G1 F606.1 X108.103 Y139 E1469.38331
G1 X108.158 Y139.455 E1469.41349
G1 F597 X108.323 Y139.873 E1469.44354
G1 X108.58 Y140.256 E1469.47437
G1 X108.926 Y140.554 E1469.5049
G1 F594.1 X109.33 Y140.773 E1469.53577
G1 X109.77 Y140.875 E1469.56612
G1 F591.1 X110 Y140.879 E1469.58165
G0 F12000 X110 Y141.28
;TYPE:WALL-OUTER
G1 F600 X110.275 Y141.28 E1469.59994
G1 X110.812 Y141.147 E1469.63674
G1 X111.301 Y140.89 E1469.67349
G1 X111.717 Y140.522 E1469.71044
G1 X112.037 Y140.062 E1469.74771
G1 X112.228 Y139.551 E1469.784
G1 X112.298 Y139 E1469.82095
G1 X112.228 Y138.445 E1469.85816
G1 X112.037 Y137.934 E1469.89445
G1 X111.717 Y137.475 E1469.93167
G1 X111.301 Y137.11 E1469.96848
G1 X110.811 Y136.849 E1470.00541
G1 X110.275 Y136.716 E1470.04215
G1 X109.721 Y136.716 E1470.079
G1 X109.189 Y136.848 E1470.11546
G1 X108.695 Y137.111 E1470.15269
G1 X108.279 Y137.474 E1470.18942
G1 X107.963 Y137.934 E1470.22654
G1 X107.768 Y138.445 E1470.26292
G1 X107.702 Y139 E1470.3001
G1 X107.768 Y139.551 E1470.33702
G1 X107.963 Y140.062 E1470.3734
G1 X108.28 Y140.522 E1470.41056
G1 X108.695 Y140.89 E1470.44746
G1 X109.188 Y141.147 E1470.48444
G1 X109.721 Y141.28 E1470.52098
G1 X110 Y141.28 E1470.53954
G0 F12000 X110 Y140.972
G0 X109.963 Y140.388
G0 X110 Y140.076
G1 F600 X109.608 Y140.032 E1470.56578
G1 X109.17 Y139.735 E1470.60099
G1 X108.929 Y139.265 E1470.63612
G1 X108.901 Y139.023 E1470.65233
G1 X108.929 Y138.731 E1470.67184
G1 X109.171 Y138.264 E1470.70683
G1 X109.586 Y137.979 E1470.74032
G1 X109.864 Y137.909 E1470.75939
G1 X110.392 Y137.964 E1470.7947
G1 X110.824 Y138.26 E1470.82953
G1 X111.06 Y138.709 E1470.86328
G1 X111.096 Y139 E1470.88278
G1 X111.067 Y139.265 E1470.90051
G1 X110.827 Y139.731 E1470.93538
G1 X110.414 Y140.018 E1470.96884
G1 X110.132 Y140.091 E1470.98821
G1 X110 Y140.076 E1470.99705
G1 F2700 E1465.99705
;MESH:NONMESH
G0 F300 X110 Y140.076 Z10.2
G0 F12000 X109.963 Y140.388
G0 X110.505 Y140.259
G0 X111.019 Y139.903
G0 X111.31 Y139.35
G0 X111.353 Y139
G0 X111.31 Y138.65
G0 X111.145 Y138.336
G0 X110.153 Y136.948
G0 X110.153 Y135.853
G0 X110.153 Y49.147
G0 X110.153 Y47.492
;TIME_ELAPSED:1418.610793
;LAYER:25
;note -- min layer time used
;TYPE:WALL-INNER
;MESH:bump_plate.obj
G1 F2700 E1470.99705
G1 F591.1 X109.82 Y47.467 E1471.0196
G1 X109.465 Y47.408 E1471.0439
G1 X109.158 Y47.216 E1471.06834
G1 X108.871 Y47 E1471.0926
G1 F592.6 X108.686 Y46.682 E1471.11737
G1 F591.1 X108.546 Y46.388 E1471.13936
G1 F600 X108.502 Y46 E1471.16534
G1 X108.546 Y45.61 E1471.19144
G1 F592.6 X108.685 Y45.314 E1471.21347
G1 X108.856 Y45.021 E1471.23632
G1 F603 X109.049 Y44.85 E1471.25338
G1 F606.1 X109.44 Y44.603 E1471.28384
G1 F604.5 X109.864 Y44.502 E1471.31262
G1 F603 X110.49 Y44.572 E1471.35431
G1 F597 X110.838 Y44.781 E1471.38145
G1 F594.1 X111.127 Y44.996 E1471.40565
G1 F591.1 X111.311 Y45.314 E1471.43045
G1 F588.2 X111.448 Y45.605 E1471.45228
G1 F597 X111.495 Y46 E1471.47887
G1 F598.5 X111.45 Y46.388 E1471.50492
G1 F591.1 X111.312 Y46.682 E1471.52685
G1 X111.142 Y46.974 E1471.54966
G1 X110.837 Y47.218 E1471.57603
G1 F592.6 X110.557 Y47.394 E1471.59831
G1 F597 X110.153 Y47.492 E1471.6261
G0 F12000 X110.227 Y47.882
G1 F606.1 X110.669 Y47.772 E1471.65609
G1 F597 X111.069 Y47.555 E1471.68652
G1 X111.417 Y47.255 E1471.71723
G1 F595.5 X111.675 Y46.872 E1471.74818
G1 X111.838 Y46.455 E1471.77819
G1 F603 X111.896 Y46 E1471.80855
G1 X111.839 Y45.541 E1471.83916
G1 F594.1 X111.676 Y45.123 E1471.8693
G1 X111.418 Y44.742 E1471.90022
G1 F597 X111.069 Y44.445 E1471.93085
G1 X110.668 Y44.224 E1471.96146
G1 F594.1 X110.226 Y44.121 E1471.99196
G1 F592.6 X109.77 Y44.115 E1472.02267
G1 F603 X109.332 Y44.222 E1472.05251
G1 F597 X108.926 Y44.445 E1472.08348
G1 X108.579 Y44.741 E1472.11397
G1 X108.323 Y45.124 E1472.14477
G1 X108.158 Y45.541 E1472.17475
G1 F606.1 X108.103 Y46 E1472.20519
G1 X108.158 Y46.455 E1472.23538
G1 F597 X108.323 Y46.873 E1472.26542
G1 X108.58 Y47.256 E1472.29625
G1 X108.926 Y47.554 E1472.32678
G1 F594.1 X109.33 Y47.773 E1472.35766
G1 X109.77 Y47.875 E1472.388
G1 X110.227 Y47.882 E1472.41871
G0 F12000 X110 Y48.28
;TYPE:WALL-OUTER
G1 F600 X110.275 Y48.28 E1472.437
G1 X110.812 Y48.147 E1472.4738
G1 X111.301 Y47.89 E1472.51055
G1 X111.717 Y47.522 E1472.5475
G1 X112.037 Y47.062 E1472.58477
G1 X112.228 Y46.551 E1472.62106
G1 X112.298 Y46 E1472.65801
G1 X112.228 Y45.445 E1472.69522
G1 X112.037 Y44.934 E1472.73151
G1 X111.717 Y44.475 E1472.76873
G1 X111.301 Y44.11 E1472.80554
G1 X110.811 Y43.849 E1472.84247
G1 X110.275 Y43.716 E1472.87921
G1 X109.721 Y43.716 E1472.91606
G1 X109.189 Y43.848 E1472.95252
G1 X108.695 Y44.111 E1472.98975
G1 X108.279 Y44.474 E1473.02648
G1 X107.963 Y44.934 E1473.0636
G1 X107.768 Y45.445 E1473.09998
G1 X107.702 Y46 E1473.13716
G1 X107.768 Y46.551 E1473.17408
G1 X107.963 Y47.062 E1473.21046
G1 X108.28 Y47.522 E1473.24762
G1 X108.695 Y47.89 E1473.28452
G1 X109.188 Y48.147 E1473.3215
G1 X109.721 Y48.28 E1473.35804
G1 X110 Y48.28 E1473.3766
G0 F12000 X110 Y47.972
G0 X110.204 Y47.395
G0 X110.132 Y47.091
G1 F600 X109.608 Y47.032 E1473.41168
G1 X109.17 Y46.735 E1473.44688
G1 X108.929 Y46.265 E1473.48202
G1 X108.901 Y46.023 E1473.49822
G1 X108.929 Y45.731 E1473.51773
G1 X109.171 Y45.264 E1473.55272
G1 X109.586 Y44.979 E1473.58621
G1 X109.864 Y44.909 E1473.60528
G1 X110.392 Y44.964 E1473.64059
G1 X110.824 Y45.26 E1473.67543
G1 X111.06 Y45.709 E1473.70917
G1 X111.096 Y46 E1473.72868
G1 X111.067 Y46.265 E1473.74641
G1 X110.827 Y46.731 E1473.78128
G1 X110.414 Y47.018 E1473.81473
G1 X110.132 Y47.091 E1473.83411
G1 F2700 E1468.83411
G0 F12000 X110.204 Y47.395
G0 X110 Y48.052
G0 X110 Y49.147
G0 X110 Y135.853
G0 X110 Y140.481
;TYPE:WALL-INNER
G1 F2700 E1473.83411
G1 F588.2 X109.82 Y140.467 E1473.84636
G1 F591.1 X109.465 Y140.408 E1473.87066
G1 X109.158 Y140.216 E1473.89511
G1 X108.871 Y140 E1473.91936
G1 F592.6 X108.686 Y139.682 E1473.94414
G1 F591.1 X108.546 Y139.388 E1473.96612
G1 F600 X108.502 Y139 E1473.9921
G1 X108.546 Y138.61 E1474.01821
G1 F592.6 X108.685 Y138.314 E1474.04023
G1 X108.856 Y138.021 E1474.06308
G1 F603 X109.049 Y137.85 E1474.08015
G1 F606.1 X109.44 Y137.603 E1474.1106
G1 F604.5 X109.864 Y137.502 E1474.13938
G1 F603 X110.49 Y137.572 E1474.18107
G1 F597 X110.838 Y137.781 E1474.20821
G1 F594.1 X111.127 Y137.996 E1474.23241
G1 F591.1 X111.311 Y138.314 E1474.25722
G1 F588.2 X111.448 Y138.605 E1474.27904
G1 F597 X111.495 Y139 E1474.30563
G1 F598.5 X111.45 Y139.388 E1474.33168
G1 F591.1 X111.312 Y139.682 E1474.35361
G1 X111.142 Y139.974 E1474.37642
G1 X110.837 Y140.218 E1474.40279
G1 F592.6 X110.557 Y140.394 E1474.42507
G1 F597 X110.153 Y140.492 E1474.45286
G1 F594.1 X110 Y140.481 E1474.46317
G0 F12000 X110 Y140.879
G1 F600 X110.227 Y140.882 E1474.47827
G1 F606.1 X110.669 Y140.772 E1474.50826
G1 F597 X111.069 Y140.555 E1474.53869
G1 X111.417 Y140.255 E1474.5694
G1 F595.5 X111.675 Y139.872 E1474.60035
G1 X111.838 Y139.455 E1474.63036
G1 F603 X111.896 Y139 E1474.66072
G1 X111.839 Y138.541 E1474.69133
G1 F594.1 X111.676 Y138.123 E1474.72147
G1 X111.418 Y137.742 E1474.75239
G1 F597 X111.069 Y137.445 E1474.78302
G1 X110.668 Y137.224 E1474.81363
G1 F594.1 X110.226 Y137.121 E1474.84412
G1 F592.6 X109.77 Y137.115 E1474.87484
G1 F603 X109.332 Y137.222 E1474.90468
G1 F597 X108.926 Y137.445 E1474.93565
G1 X108.579 Y137.741 E1474.96614
G1 X108.323 Y138.124 E1474.99694
G1 X108.158 Y138.541 E1475.02692
G1 F606.1 X108.103 Y139 E1475.05736
G1 X108.158 Y139.455 E1475.08755
G1 F597 X108.323 Y139.873 E1475.11759
G1 X108.58 Y140.256 E1475.14842
G1 X108.926 Y140.554 E1475.17895
G1 F594.1 X109.33 Y140.773 E1475.20983
G1 X109.77 Y140.875 E1475.24017
G1 F591.1 X110 Y140.879 E1475.2557
G0 F12000 X110 Y141.28
;TYPE:WALL-OUTER
G1 F600 X110.275 Y141.28 E1475.274
G1 X110.812 Y141.147 E1475.3108
G1 X111.301 Y140.89 E1475.34754
G1 X111.717 Y140.522 E1475.38449
G1 X112.037 Y140.062 E1475.42176
G1 X112.228 Y139.551 E1475.45805
G1 X112.298 Y139 E1475.495
G1 X112.228 Y138.445 E1475.53221
G1 X112.037 Y137.934 E1475.5685
G1 X111.717 Y137.475 E1475.60572
G1 X111.301 Y137.11 E1475.64254
G1 X110.811 Y136.849 E1475.67947
G1 X110.275 Y136.716 E1475.7162
G1 X109.721 Y136.716 E1475.75305
G1 X109.189 Y136.848 E1475.78952
G1 X108.695 Y137.111 E1475.82674
G1 X108.279 Y137.474 E1475.86347
G1 X107.963 Y137.934 E1475.90059
G1 X107.768 Y138.445 E1475.93698
G1 X107.702 Y139 E1475.97416
G1 X107.768 Y139.551 E1476.01107
G1 X107.963 Y140.062 E1476.04745
G1 X108.28 Y140.522 E1476.08461
G1 X108.695 Y140.89 E1476.12151
G1 X109.188 Y141.147 E1476.15849
G1 X109.721 Y141.28 E1476.19504
G1 X110 Y141.28 E1476.2136
G0 F12000 X110 Y140.972
G0 X109.963 Y140.388
G0 X110 Y140.076
G1 F600 X109.608 Y140.032 E1476.23983
G1 X109.17 Y139.735 E1476.27504
G1 X108.929 Y139.265 E1476.31017
G1 X108.901 Y139.023 E1476.32638
G1 X108.929 Y138.731 E1476.34589
G1 X109.171 Y138.264 E1476.38088
G1 X109.586 Y137.979 E1476.41437
G1 X109.864 Y137.909 E1476.43344
G1 X110.392 Y137.964 E1476.46875
G1 X110.824 Y138.26 E1476.50359
G1 X111.06 Y138.709 E1476.53733
G1 X111.096 Y139 E1476.55683
G1 X111.067 Y139.265 E1476.57457
G1 X110.827 Y139.731 E1476.60943
G1 X110.414 Y140.018 E1476.64289
G1 X110.132 Y140.091 E1476.66227
G1 X110 Y140.076 E1476.6711
G1 F2700 E1471.6711
;MESH:NONMESH
G0 F300 X110 Y140.076 Z10.6
G0 F12000 X109.963 Y140.388
G0 X110.505 Y140.259
G0 X111.019 Y139.903
G0 X111.31 Y139.35
G0 X111.353 Y139
G0 X111.31 Y138.65
G0 X111.145 Y138.336
G0 X110.153 Y136.948
G0 X110.153 Y135.853
G0 X110.153 Y49.147
G0 X110.153 Y47.492
;TIME_ELAPSED:1430.277664
;LAYER:26
;note -- min layer time used
;TYPE:WALL-INNER
;MESH:bump_plate.obj
G1 F2700 E1476.6711
G1 F591.1 X109.82 Y47.467 E1476.69365
G1 X109.465 Y47.408 E1476.71795
G1 X109.158 Y47.216 E1476.7424
G1 X108.871 Y47 E1476.76665
G1 F592.6 X108.686 Y46.682 E1476.79143
G1 F591.1 X108.546 Y46.388 E1476.81341
G1 F600 X108.502 Y46 E1476.83939
G1 X108.546 Y45.61 E1476.8655
G1 F592.6 X108.685 Y45.314 E1476.88752
G1 X108.856 Y45.021 E1476.91037
G1 F603 X109.049 Y44.85 E1476.92744
G1 F606.1 X109.44 Y44.603 E1476.95789
G1 F604.5 X109.864 Y44.502 E1476.98667
G1 F603 X110.49 Y44.572 E1477.02836
G1 F597 X110.838 Y44.781 E1477.0555
G1 F594.1 X111.127 Y44.996 E1477.0797
G1 F591.1 X111.311 Y45.314 E1477.10451
G1 F588.2 X111.448 Y45.605 E1477.12633
G1 F597 X111.495 Y46 E1477.15292
G1 F598.5 X111.45 Y46.388 E1477.17897
G1 F591.1 X111.312 Y46.682 E1477.2009
G1 X111.142 Y46.974 E1477.22371
G1 X110.837 Y47.218 E1477.25008
G1 F592.6 X110.557 Y47.394 E1477.27236
G1 F597 X110.153 Y47.492 E1477.30015
G0 F12000 X110.227 Y47.882
G1 F606.1 X110.669 Y47.772 E1477.33015
G1 F597 X111.069 Y47.555 E1477.36057
G1 X111.417 Y47.255 E1477.39128
G1 F595.5 X111.675 Y46.872 E1477.42223
G1 X111.838 Y46.455 E1477.45224
G1 F603 X111.896 Y46 E1477.4826
G1 X111.839 Y45.541 E1477.51321
G1 F594.1 X111.676 Y45.123 E1477.54336
G1 X111.418 Y44.742 E1477.57427
G1 F597 X111.069 Y44.445 E1477.60491
G1 X110.668 Y44.224 E1477.63552
G1 F594.1 X110.226 Y44.121 E1477.66601
G1 F592.6 X109.77 Y44.115 E1477.69672
G1 F603 X109.332 Y44.222 E1477.72657
G1 F597 X108.926 Y44.445 E1477.75753
G1 X108.579 Y44.741 E1477.78802
G1 X108.323 Y45.124 E1477.81882
G1 X108.158 Y45.541 E1477.8488
G1 F606.1 X108.103 Y46 E1477.87925
G1 X108.158 Y46.455 E1477.90943
G1 F597 X108.323 Y46.873 E1477.93947
G1 X108.58 Y47.256 E1477.97031
G1 X108.926 Y47.554 E1478.00083
G1 F594.1 X109.33 Y47.773 E1478.03171
G1 X109.77 Y47.875 E1478.06205
G1 X110.227 Y47.882 E1478.09276
G0 F12000 X110 Y48.28
;TYPE:WALL-OUTER
G1 F600 X110.275 Y48.28 E1478.11105
G1 X110.812 Y48.147 E1478.14785
G1 X111.301 Y47.89 E1478.1846
G1 X111.717 Y47.522 E1478.22155
G1 X112.037 Y47.062 E1478.25882
G1 X112.228 Y46.551 E1478.29511
G1 X112.298 Y46 E1478.33206
G1 X112.228 Y45.445 E1478.36927
G1 X112.037 Y44.934 E1478.40556
G1 X111.717 Y44.475 E1478.44278
G1 X111.301 Y44.11 E1478.47959
G1 X110.811 Y43.849 E1478.51652
G1 X110.275 Y43.716 E1478.55326
G1 X109.721 Y43.716 E1478.59011
G1 X109.189 Y43.848 E1478.62657
G1 X108.695 Y44.111 E1478.6638
G1 X108.279 Y44.474 E1478.70053
G1 X107.963 Y44.934 E1478.73765
G1 X107.768 Y45.445 E1478.77404
G1 X107.702 Y46 E1478.81121
G1 X107.768 Y46.551 E1478.84813
G1 X107.963 Y47.062 E1478.88451
G1 X108.28 Y47.522 E1478.92167
G1 X108.695 Y47.89 E1478.95857
G1 X109.188 Y48.147 E1478.99555
G1 X109.721 Y48.28 E1479.03209
G1 X110 Y48.28 E1479.05065
G0 F12000 X110 Y47.972
G0 X110.204 Y47.395
G0 X110.132 Y47.091
G1 F600 X109.608 Y47.032 E1479.08573
G1 X109.17 Y46.735 E1479.12093
G1 X108.929 Y46.265 E1479.15607
G1 X108.901 Y46.023 E1479.17227
G1 X108.929 Y45.731 E1479.19179
G1 X109.171 Y45.264 E1479.22678
G1 X109.586 Y44.979 E1479.26026
G1 X109.864 Y44.909 E1479.27933
G1 X110.392 Y44.964 E1479.31465
G1 X110.824 Y45.26 E1479.34948
G1 X111.06 Y45.709 E1479.38322
G1 X111.096 Y46 E1479.40273
G1 X111.067 Y46.265 E1479.42046
G1 X110.827 Y46.731 E1479.45533
G1 X110.414 Y47.018 E1479.48878
G1 X110.132 Y47.091 E1479.50816
G1 F2700 E1474.50816
G0 F12000 X110.204 Y47.395
G0 X110 Y48.052
G0 X110 Y49.147
G0 X110 Y135.853
G0 X110 Y140.481
;TYPE:WALL-INNER
G1 F2700 E1479.50816
G1 F588.2 X109.82 Y140.467 E1479.52041
G1 F591.1 X109.465 Y140.408 E1479.54471
G1 X109.158 Y140.216 E1479.56916
G1 X108.871 Y140 E1479.59341
G1 F592.6 X108.686 Y139.682 E1479.61819
G1 F591.1 X108.546 Y139.388 E1479.64017
G1 F600 X108.502 Y139 E1479.66615
G1 X108.546 Y138.61 E1479.69226
G1 F592.6 X108.685 Y138.314 E1479.71428
G1 X108.856 Y138.021 E1479.73713
G1 F603 X109.049 Y137.85 E1479.7542
G1 F606.1 X109.44 Y137.603 E1479.78466
G1 F604.5 X109.864 Y137.502 E1479.81343
G1 F603 X110.49 Y137.572 E1479.85512
G1 F597 X110.838 Y137.781 E1479.88226
G1 F594.1 X111.127 Y137.996 E1479.90646
G1 F591.1 X111.311 Y138.314 E1479.93127
G1 F588.2 X111.448 Y138.605 E1479.95309
G1 F597 X111.495 Y139 E1479.97968
G1 F598.5 X111.45 Y139.388 E1480.00573
G1 F591.1 X111.312 Y139.682 E1480.02766
G1 X111.142 Y139.974 E1480.05047
G1 X110.837 Y140.218 E1480.07685
G1 F592.6 X110.557 Y140.394 E1480.09912
G1 F597 X110.153 Y140.492 E1480.12691
G1 F594.1 X110 Y140.481 E1480.13722
G0 F12000 X110 Y140.879
G1 F600 X110.227 Y140.882 E1480.15232
G1 F606.1 X110.669 Y140.772 E1480.18231
G1 F597 X111.069 Y140.555 E1480.21274
G1 X111.417 Y140.255 E1480.24345
G1 F595.5 X111.675 Y139.872 E1480.2744
G1 X111.838 Y139.455 E1480.30441
G1 F603 X111.896 Y139 E1480.33477
G1 X111.839 Y138.541 E1480.36538
G1 F594.1 X111.676 Y138.123 E1480.39552
G1 X111.418 Y137.742 E1480.42644
G1 F597 X111.069 Y137.445 E1480.45708
G1 X110.668 Y137.224 E1480.48769
G1 F594.1 X110.226 Y137.121 E1480.51818
G1 F592.6 X109.77 Y137.115 E1480.54889
G1 F603 X109.332 Y137.222 E1480.57873
G1 F597 X108.926 Y137.445 E1480.6097
G1 X108.579 Y137.741 E1480.64019
G1 X108.323 Y138.124 E1480.67099
G1 X108.158 Y138.541 E1480.70097
G1 F606.1 X108.103 Y139 E1480.73142
G1 X108.158 Y139.455 E1480.7616
G1 F597 X108.323 Y139.873 E1480.79164
G1 X108.58 Y140.256 E1480.82248
G1 X108.926 Y140.554 E1480.853
G1 F594.1 X109.33 Y140.773 E1480.88388
G1 X109.77 Y140.875 E1480.91422
G1 F591.1 X110 Y140.879 E1480.92975
G0 F12000 X110 Y141.28
;TYPE:WALL-OUTER
G1 F600 X110.275 Y141.28 E1480.94805
G1 X110.812 Y141.147 E1480.98485
G1 X111.301 Y140.89 E1481.0216
G1 X111.717 Y140.522 E1481.05854
G1 X112.037 Y140.062 E1481.09582
G1 X112.228 Y139.551 E1481.13211
G1 X112.298 Y139 E1481.16905
G1 X112.228 Y138.445 E1481.20626
G1 X112.037 Y137.934 E1481.24255
G1 X111.717 Y137.475 E1481.27977
G1 X111.301 Y137.11 E1481.31659
G1 X110.811 Y136.849 E1481.35352
G1 X110.275 Y136.716 E1481.39025
G1 X109.721 Y136.716 E1481.42711
G1 X109.189 Y136.848 E1481.46357
G1 X108.695 Y137.111 E1481.5008
G1 X108.279 Y137.474 E1481.53752
G1 X107.963 Y137.934 E1481.57465
G1 X107.768 Y138.445 E1481.61103
G1 X107.702 Y139 E1481.64821
G1 X107.768 Y139.551 E1481.68512
G1 X107.963 Y140.062 E1481.72151
G1 X108.28 Y140.522 E1481.75867
G1 X108.695 Y140.89 E1481.79556
G1 X109.188 Y141.147 E1481.83255
G1 X109.721 Y141.28 E1481.86909
G1 X110 Y141.28 E1481.88765
G0 F12000 X110 Y140.972
G0 X109.963 Y140.388
G0 X110 Y140.076
G1 F600 X109.608 Y140.032 E1481.91389
G1 X109.17 Y139.735 E1481.94909
G1 X108.929 Y139.265 E1481.98422
G1 X108.901 Y139.023 E1482.00043
G1 X108.929 Y138.731 E1482.01994
G1 X109.171 Y138.264 E1482.05493
G1 X109.586 Y137.979 E1482.08842
G1 X109.864 Y137.909 E1482.10749
G1 X110.392 Y137.964 E1482.1428
G1 X110.824 Y138.26 E1482.17764
G1 X111.06 Y138.709 E1482.21138
G1 X111.096 Y139 E1482.23089
G1 X111.067 Y139.265 E1482.24862
G1 X110.827 Y139.731 E1482.28349
G1 X110.414 Y140.018 E1482.31694
G1 X110.132 Y140.091 E1482.33632
G1 X110 Y140.076 E1482.34516
G1 F2700 E1477.34516
;MESH:NONMESH
G0 F300 X110 Y140.076 Z11
G0 F12000 X109.963 Y140.388
G0 X110.505 Y140.259
G0 X111.019 Y139.903
G0 X111.31 Y139.35
G0 X111.353 Y139
G0 X111.31 Y138.65
G0 X111.145 Y138.336
G0 X110.153 Y136.948
G0 X110.153 Y135.853
G0 X110.153 Y49.147
G0 X110.153 Y47.492
;TIME_ELAPSED:1441.944534
;LAYER:27
;note -- min layer time used
;TYPE:WALL-INNER
;MESH:bump_plate.obj
G1 F2700 E1482.34516
G1 F591.1 X109.82 Y47.467 E1482.3677
G1 X109.465 Y47.408 E1482.392
G1 X109.158 Y47.216 E1482.41645
G1 X108.871 Y47 E1482.4407
G1 F592.6 X108.686 Y46.682 E1482.46548
G1 F591.1 X108.546 Y46.388 E1482.48747
G1 F600 X108.502 Y46 E1482.51344
G1 X108.546 Y45.61 E1482.53955
G1 F592.6 X108.685 Y45.314 E1482.56157
G1 X108.856 Y45.021 E1482.58442
G1 F603 X109.049 Y44.85 E1482.60149
G1 F606.1 X109.44 Y44.603 E1482.63195
G1 F604.5 X109.864 Y44.502 E1482.66072
G1 F603 X110.49 Y44.572 E1482.70241
G1 F597 X110.838 Y44.781 E1482.72955
G1 F594.1 X111.127 Y44.996 E1482.75375
G1 F591.1 X111.311 Y45.314 E1482.77856
G1 F588.2 X111.448 Y45.605 E1482.80038
G1 F597 X111.495 Y46 E1482.82697
G1 F598.5 X111.45 Y46.388 E1482.85302
G1 F591.1 X111.312 Y46.682 E1482.87495
G1 X111.142 Y46.974 E1482.89776
G1 X110.837 Y47.218 E1482.92414
G1 F592.6 X110.557 Y47.394 E1482.94641
G1 F597 X110.153 Y47.492 E1482.9742
G0 F12000 X110.227 Y47.882
G1 F606.1 X110.669 Y47.772 E1483.0042
G1 F597 X111.069 Y47.555 E1483.03462
G1 X111.417 Y47.255 E1483.06534
G1 F595.5 X111.675 Y46.872 E1483.09629
G1 X111.838 Y46.455 E1483.12629
G1 F603 X111.896 Y46 E1483.15665
G1 X111.839 Y45.541 E1483.18726
G1 F594.1 X111.676 Y45.123 E1483.21741
G1 X111.418 Y44.742 E1483.24832
G1 F597 X111.069 Y44.445 E1483.27896
G1 X110.668 Y44.224 E1483.30957
G1 F594.1 X110.226 Y44.121 E1483.34006
G1 F592.6 X109.77 Y44.115 E1483.37078
G1 F603 X109.332 Y44.222 E1483.40062
G1 F597 X108.926 Y44.445 E1483.43158
G1 X108.579 Y44.741 E1483.46208
G1 X108.323 Y45.124 E1483.49287
G1 X108.158 Y45.541 E1483.52285
G1 F606.1 X108.103 Y46 E1483.5533
G1 X108.158 Y46.455 E1483.58348
G1 F597 X108.323 Y46.873 E1483.61352
G1 X108.58 Y47.256 E1483.64436
G1 X108.926 Y47.554 E1483.67489
G1 F594.1 X109.33 Y47.773 E1483.70576
G1 X109.77 Y47.875 E1483.73611
G1 X110.227 Y47.882 E1483.76681
G0 F12000 X110 Y48.28
;TYPE:WALL-OUTER
G1 F600 X110.275 Y48.28 E1483.78511
G1 X110.812 Y48.147 E1483.82191
G1 X111.301 Y47.89 E1483.85865
G1 X111.717 Y47.522 E1483.8956
G1 X112.037 Y47.062 E1483.93288
G1 X112.228 Y46.551 E1483.96916
G1 X112.298 Y46 E1484.00611
G1 X112.228 Y45.445 E1484.04332
G1 X112.037 Y44.934 E1484.07961
G1 X111.717 Y44.475 E1484.11683
G1 X111.301 Y44.11 E1484.15365
G1 X110.811 Y43.849 E1484.19058
G1 X110.275 Y43.716 E1484.22731
G1 X109.721 Y43.716 E1484.26416
G1 X109.189 Y43.848 E1484.30063
G1 X108.695 Y44.111 E1484.33785
G1 X108.279 Y44.474 E1484.37458
G1 X107.963 Y44.934 E1484.4117
G1 X107.768 Y45.445 E1484.44809
G1 X107.702 Y46 E1484.48527
G1 X107.768 Y46.551 E1484.52218
G1 X107.963 Y47.062 E1484.55856
G1 X108.28 Y47.522 E1484.59573
G1 X108.695 Y47.89 E1484.63262
G1 X109.188 Y48.147 E1484.6696
G1 X109.721 Y48.28 E1484.70615
G1 X110 Y48.28 E1484.72471
G0 F12000 X110 Y47.972
G0 X110.204 Y47.395
G0 X110.132 Y47.091
G1 F600 X109.608 Y47.032 E1484.75978
G1 X109.17 Y46.735 E1484.79499
G1 X108.929 Y46.265 E1484.83012
G1 X108.901 Y46.023 E1484.84633
G1 X108.929 Y45.731 E1484.86584
G1 X109.171 Y45.264 E1484.90083
G1 X109.586 Y44.979 E1484.93432
G1 X109.864 Y44.909 E1484.95339
G1 X110.392 Y44.964 E1484.9887
G1 X110.824 Y45.26 E1485.02353
G1 X111.06 Y45.709 E1485.05728
G1 X111.096 Y46 E1485.07678
G1 X111.067 Y46.265 E1485.09451
G1 X110.827 Y46.731 E1485.12938
G1 X110.414 Y47.018 E1485.16284
G1 X110.132 Y47.091 E1485.18221
G1 F2700 E1480.18221
G0 F12000 X110.204 Y47.395
G0 X110 Y48.052
G0 X110 Y49.147
G0 X110 Y135.853
G0 X110 Y140.481
;TYPE:WALL-INNER
G1 F2700 E1485.18221
G1 F588.2 X109.82 Y140.467 E1485.19446
G1 F591.1 X109.465 Y140.408 E1485.21876
G1 X109.158 Y140.216 E1485.24321
G1 X108.871 Y140 E1485.26746
G1 F592.6 X108.686 Y139.682 E1485.29224
G1 F591.1 X108.546 Y139.388 E1485.31423
G1 F600 X108.502 Y139 E1485.3402
G1 X108.546 Y138.61 E1485.36631
G1 F592.6 X108.685 Y138.314 E1485.38833
G1 X108.856 Y138.021 E1485.41118
G1 F603 X109.049 Y137.85 E1485.42825
G1 F606.1 X109.44 Y137.603 E1485.45871
G1 F604.5 X109.864 Y137.502 E1485.48748
G1 F603 X110.49 Y137.572 E1485.52918
G1 F597 X110.838 Y137.781 E1485.55631
G1 F594.1 X111.127 Y137.996 E1485.58051
G1 F591.1 X111.311 Y138.314 E1485.60532
G1 F588.2 X111.448 Y138.605 E1485.62714
G1 F597 X111.495 Y139 E1485.65374
G1 F598.5 X111.45 Y139.388 E1485.67978
G1 F591.1 X111.312 Y139.682 E1485.70171
G1 X111.142 Y139.974 E1485.72453
G1 X110.837 Y140.218 E1485.7509
G1 F592.6 X110.557 Y140.394 E1485.77317
G1 F597 X110.153 Y140.492 E1485.80096
G1 F594.1 X110 Y140.481 E1485.81127
G0 F12000 X110 Y140.879
G1 F600 X110.227 Y140.882 E1485.82637
G1 F606.1 X110.669 Y140.772 E1485.85637
G1 F597 X111.069 Y140.555 E1485.88679
G1 X111.417 Y140.255 E1485.91751
G1 F595.5 X111.675 Y139.872 E1485.94845
G1 X111.838 Y139.455 E1485.97846
G1 F603 X111.896 Y139 E1486.00882
G1 X111.839 Y138.541 E1486.03943
G1 F594.1 X111.676 Y138.123 E1486.06958
G1 X111.418 Y137.742 E1486.10049
G1 F597 X111.069 Y137.445 E1486.13113
G1 X110.668 Y137.224 E1486.16174
G1 F594.1 X110.226 Y137.121 E1486.19223
G1 F592.6 X109.77 Y137.115 E1486.22294
G1 F603 X109.332 Y137.222 E1486.25279
G1 F597 X108.926 Y137.445 E1486.28375
G1 X108.579 Y137.741 E1486.31425
G1 X108.323 Y138.124 E1486.34504
G1 X108.158 Y138.541 E1486.37502
G1 F606.1 X108.103 Y139 E1486.40547
G1 X108.158 Y139.455 E1486.43565
G1 F597 X108.323 Y139.873 E1486.46569
G1 X108.58 Y140.256 E1486.49653
G1 X108.926 Y140.554 E1486.52706
G1 F594.1 X109.33 Y140.773 E1486.55793
G1 X109.77 Y140.875 E1486.58828
G1 F591.1 X110 Y140.879 E1486.60381
G0 F12000 X110 Y141.28
;TYPE:WALL-OUTER
G1 F600 X110.275 Y141.28 E1486.6221
G1 X110.812 Y141.147 E1486.6589
G1 X111.301 Y140.89 E1486.69565
G1 X111.717 Y140.522 E1486.73259
G1 X112.037 Y140.062 E1486.76987
G1 X112.228 Y139.551 E1486.80616
G1 X112.298 Y139 E1486.8431
G1 X112.228 Y138.445 E1486.88032
G1 X112.037 Y137.934 E1486.9166
G1 X111.717 Y137.475 E1486.95383
G1 X111.301 Y137.11 E1486.99064
G1 X110.811 Y136.849 E1487.02757
G1 X110.275 Y136.716 E1487.06431
G1 X109.721 Y136.716 E1487.10116
G1 X109.189 Y136.848 E1487.13762
G1 X108.695 Y137.111 E1487.17485
G1 X108.279 Y137.474 E1487.21157
G1 X107.963 Y137.934 E1487.2487
G1 X107.768 Y138.445 E1487.28508
G1 X107.702 Y139 E1487.32226
G1 X107.768 Y139.551 E1487.35917
G1 X107.963 Y140.062 E1487.39556
G1 X108.28 Y140.522 E1487.43272
G1 X108.695 Y140.89 E1487.46961
G1 X109.188 Y141.147 E1487.5066
G1 X109.721 Y141.28 E1487.54314
G1 X110 Y141.28 E1487.5617
G0 F12000 X110 Y140.972
G0 X109.963 Y140.388
G0 X110 Y140.076
G1 F600 X109.608 Y140.032 E1487.58794
G1 X109.17 Y139.735 E1487.62314
G1 X108.929 Y139.265 E1487.65828
G1 X108.901 Y139.023 E1487.67448
G1 X108.929 Y138.731 E1487.694
G1 X109.171 Y138.264 E1487.72898
G1 X109.586 Y137.979 E1487.76247
G1 X109.864 Y137.909 E1487.78154
G1 X110.392 Y137.964 E1487.81685
G1 X110.824 Y138.26 E1487.85169
G1 X111.06 Y138.709 E1487.88543
G1 X111.096 Y139 E1487.90494
G1 X111.067 Y139.265 E1487.92267
G1 X110.827 Y139.731 E1487.95754
G1 X110.414 Y140.018 E1487.99099
G1 X110.132 Y140.091 E1488.01037
G1 X110 Y140.076 E1488.01921
;TIME_ELAPSED:1452.301215
G1 F2700 E1483.01921
M140 S0
M107
G91 ;Relative positioning
G1 E-2 F2700 ;Retract a bit
G1 E-2 Z0.2 F2400 ;Retract and raise Z
G1 X5 Y5 F3000 ;Wipe out
G1 Z10 ;Raise Z more
G90 ;Absolute positioning

G28 X0 Y0 ;Present print
M106 S0 ;Turn-off fan
M104 S0 ;Turn-off hotend
M140 S0 ;Turn-off bed

M84 X Y E ;Disable all steppers but Z

M82 ;absolute extrusion mode
M104 S0
;End of Gcode
;SETTING_3 {"global_quality": "[general]\\nversion = 4\\nname = PLA - brim\\ndef
;SETTING_3 inition = creality_ender5\\n\\n[metadata]\\ntype = quality_changes\\n
;SETTING_3 quality_type = standard\\nsetting_version = 24\\n\\n[values]\\nadhesi
;SETTING_3 on_type = brim\\nlayer_height = 0.4\\nmaterial_bed_temperature = 50\\
;SETTING_3 nmaterial_bed_temperature_layer_0 = 55\\n\\n", "extruder_quality": ["
;SETTING_3 [general]\\nversion = 4\\nname = PLA - brim\\ndefinition = creality_e
;SETTING_3 nder5\\n\\n[metadata]\\ntype = quality_changes\\nquality_type = stand
;SETTING_3 ard\\nintent_category = default\\nposition = 0\\nsetting_version = 24
;SETTING_3 \\n\\n[values]\\ninfill_sparse_density = 30\\nmaterial_print_temperat
;SETTING_3 ure_layer_0 = 205\\nraft_margin = 5\\n\\n"]}
