;FLAVOR:Marlin
;TIME:448
;Filament used: 0.384169m
;Layer height: 0.4
;MINX:100.076
;MINY:103.653
;MINZ:0.24
;MAXX:118.835
;MAXY:123.444
;MAXZ:50.79
;TARGET_MACHINE.NAME:Creality Ender-5
;Generated with Cura_SteamEngine 5.9.1
M140 S55
M105
M190 S55
M104 S205
M105
M109 S205
M82 ;absolute extrusion mode
M201 X500.00 Y500.00 Z100.00 E5000.00 ;Setup machine max acceleration
M203 X500.00 Y500.00 Z10.00 E50.00 ;Setup machine max feedrate
M204 P500.00 R1000.00 T500.00 ;Setup Print/Retract/Travel acceleration
M205 X8.00 Y8.00 Z0.40 E5.00 ;Setup Jerk
M220 S100 ;Reset Feedrate
M221 S100 ;Reset Flowrate

G28 ;Home

G92 E0 ;Reset Extruder
G1 Z2.0 F3000 ;Move Z Axis up
G1 X10.1 Y20 Z0.28 F5000.0 ;Move to start position
G1 X10.1 Y200.0 Z0.28 F1500.0 E15 ;Draw the first line
G1 X10.4 Y200.0 Z0.28 F5000.0 ;Move to side a little
G1 X10.4 Y20 Z0.28 F1500.0 E30 ;Draw the second line
G92 E0 ;Reset Extruder
G1 Z2.0 F3000 ;Move Z Axis up

G92 E0
G92 E0
G1 F2700 E-5
;LAYER_COUNT:123
;LAYER:-5
;note -- min layer time used
M107
M104 S240
G0 F12000 X104 Y107.051 Z0.24
;TYPE:SUPPORT-INTERFACE
G1 F2700 E0
G1 F1437.1 X104.33 Y106.782 E0.03399
G1 X104.88 Y106.356 E0.08952
G1 X105.441 Y105.971 E0.14383
G1 X105.854 Y105.749 E0.18126
G1 X106.76 Y105.309 E0.26166
G1 X106.768 Y105.314 E0.26241
G1 X107.179 Y105.171 E0.29715
G1 X108.186 Y104.899 E0.38041
G1 X108.669 Y104.808 E0.41964
G1 X109.105 Y104.755 E0.4547
G1 X110.067 Y104.713 E0.53157
G1 X110.45 Y104.716 E0.56214
G1 X110.705 Y104.731 E0.58253
G1 X110.958 Y104.761 E0.60287
G1 X111.703 Y104.874 E0.66302
G1 X112.366 Y105.019 E0.71719
G1 X112.738 Y105.142 E0.74847
G1 X113.547 Y105.447 E0.81748
G1 X113.749 Y105.501 E0.83417
G1 X114.329 Y105.835 E0.8876
G1 X114.982 Y106.246 E0.94919
G1 X115.513 Y106.619 E1.00099
G1 X115.824 Y106.898 E1.03434
G1 X116.446 Y107.493 E1.10305
G1 X116.804 Y107.881 E1.14519
G1 X117.023 Y108.171 E1.1742
G1 X117.543 Y108.924 E1.24725
G1 X117.803 Y109.363 E1.28798
G1 X117.952 Y109.667 E1.315
G1 X118.22 Y110.294 E1.36943
G1 X118.234 Y110.303 E1.37076
G1 X118.495 Y111.034 E1.43272
G1 X118.702 Y111.976 E1.50971
G1 X118.825 Y112.769 E1.57376
G1 X118.835 Y113.145 E1.60379
G1 X118.832 Y114.065 E1.67723
G1 X118.778 Y114.683 E1.72675
G1 X118.738 Y114.941 E1.74759
G1 X118.586 Y115.687 E1.80836
G1 X118.449 Y116.186 E1.84967
G1 X118.269 Y116.68 E1.89164
G1 X117.929 Y117.467 E1.96007
G1 X117.74 Y117.844 E1.99373
G1 X117.527 Y118.203 E2.02705
G1 X117.07 Y118.861 E2.091
G1 X116.634 Y119.415 E2.14728
G1 X115.851 Y120.171 E2.23416
G1 X115.436 Y120.528 E2.27786
G1 X115.149 Y120.745 E2.30658
G1 X114.295 Y121.273 E2.38673
G1 X113.908 Y121.484 E2.42191
G1 X113.488 Y121.691 E2.45929
G1 X113.473 Y121.68 E2.46077
G1 X112.56 Y122.017 E2.53846
G1 X112.55 Y122.009 E2.53948
G1 X112.214 Y122.112 E2.56753
G1 X111.731 Y122.218 E2.60701
G1 X110.915 Y122.342 E2.67289
G1 X110.297 Y122.388 E2.72236
G1 X110.041 Y122.388 E2.74279
G1 X109.217 Y122.353 E2.80863
G1 X108.431 Y122.25 E2.87191
G1 X107.444 Y122.003 E2.95312
G1 X106.809 Y121.799 E3.00636
G1 X105.821 Y121.324 E3.09387
G1 X105.342 Y121.056 E3.13769
G1 X105.121 Y120.915 E3.15861
G1 X104.337 Y120.321 E3.23713
G1 X103.831 Y119.88 E3.29071
G1 X103.586 Y119.616 E3.31946
G1 X103.083 Y119.035 E3.3808
G1 X102.758 Y118.606 E3.42376
G1 X102.605 Y118.381 E3.44548
G1 X101.985 Y117.284 E3.54607
G1 X101.79 Y116.812 E3.58683
G1 X101.68 Y116.505 E3.61286
G1 X101.424 Y115.673 E3.68235
G1 X101.43 Y115.667 E3.68303
G1 X101.314 Y115.182 E3.72283
G1 X101.262 Y114.802 E3.75345
G1 X101.18 Y113.927 E3.8236
G1 X101.169 Y113.539 E3.85459
G1 X101.172 Y113.133 E3.887
G1 X101.281 Y112.162 E3.96499
G1 X101.352 Y111.708 E4.00167
G1 X101.48 Y111.238 E4.04056
G1 X101.734 Y110.45 E4.10665
G1 X101.938 Y109.921 E4.1519
G1 X102.125 Y109.562 E4.18422
G1 X102.445 Y108.984 E4.23695
G1 X102.74 Y108.512 E4.28138
G1 X102.895 Y108.299 E4.30241
G1 X103.077 Y108.071 E4.3257
G1 X103.533 Y107.537 E4.38175
G1 X104 Y107.051 E4.43555
G0 F12000 X104.722 Y106.985
G1 F1437.1 X116.577 Y118.84 E5.77385
G1 F2700 E0.77385
G0 F12000 X115.456 Y119.982
G1 F2700 E5.77385
G1 F1437.1 X103.576 Y108.102 E7.11497
G1 F2700 E2.11497
G0 F12000 X102.65 Y109.438
G1 F2700 E7.11497
G1 F1437.1 X114.121 Y120.91 E8.40997
G1 F2700 E3.40997
G0 F12000 X112.545 Y121.596
G1 F2700 E8.40997
G1 F1437.1 X101.97 Y111.021 E9.60377
G1 F2700 E4.60377
G0 F12000 X101.599 Y112.912
G1 F2700 E9.60377
G1 F1437.1 X110.647 Y121.96 E10.62518
G1 F2700 E5.62518
G0 F12000 X108.205 Y121.781
G1 F2700 E10.62518
G1 F1437.1 X101.763 Y115.34 E11.35235
G1 F2700 E6.35235
G0 F12000 X100.248 Y115.233
G0 X100.076 Y113.761
G0 X100.317 Y111.507
G0 X100.917 Y109.613
G0 X101.879 Y107.89
G0 X103.186 Y106.366
G0 X104.495 Y105.358
G0 X104.976 Y105.015
G0 X106.083 Y106.083
G1 F2700 E11.35235
G1 F1437.1 X117.477 Y117.477 E12.63861
G1 F2700 E7.63861
G0 F12000 X118.124 Y115.861
G1 F2700 E12.63861
G1 F1437.1 X107.707 Y105.444 E13.81457
G1 F2700 E8.81457
G0 F12000 X109.657 Y105.131
G1 F2700 E13.81457
G1 F1437.1 X118.432 Y113.906 E14.80517
G1 F2700 E9.80517
G0 F12000 X118.16 Y111.372
G1 F2700 E14.80517
G1 F1437.1 X112.175 Y105.386 E15.48086
G1 F2700 E10.48086
G0 F300 X112.175 Y105.386 Z0.84
G0 F12000 X112.017 Y103.852
G0 X110.496 Y103.653
G0 X108.497 Y103.758
G0 X106.908 Y104.174
G0 X105.962 Y104.516
G0 X105.905 Y106.178
;TIME_ELAPSED:18.294958
;LAYER:-4
;note -- min layer time used
M140 S50
;TYPE:SUPPORT
G1 F2700 E15.48086
G1 F1541.6 X105.561 Y106.373 E15.55977
G1 X105.116 Y106.679 E15.66755
G1 X104.282 Y107.338 E15.87967
G1 X103.821 Y107.819 E16.01262
G1 X103.389 Y108.325 E16.1454
G1 X103.143 Y108.629 E16.22344
G1 X102.808 Y109.16 E16.34873
G1 X102.604 Y109.528 E16.4327
G1 X106.003 Y106.129 E17.39197
G1 X106.6 Y105.835 E17.52477
G1 X107.078 Y105.633 E17.62833
G1 X107.467 Y105.502 E17.71024
G1 X108.242 Y105.304 E17.86987
G1 X101.755 Y111.791 E19.70064
G1 X101.67 Y112.309 E19.8054
G1 X101.896 Y112.309 E19.8505
G1 X101.576 Y113.262 E20.05111
G1 X101.573 Y113.387 E20.07607
G1 X109.852 Y105.108 E22.41258
G1 X110.459 Y105.117 E22.53372
G1 X110.905 Y105.158 E22.6231
G1 X111.176 Y105.199 E22.6778
G1 X101.659 Y114.715 E25.36356
G1 X101.712 Y115.13 E25.44705
G1 X101.903 Y115.886 E25.60266
G1 X112.353 Y105.436 E28.55188
G1 X112.597 Y105.519 E28.60331
G1 X113.387 Y105.816 E28.77174
G1 X102.277 Y116.926 E31.90722
G1 X102.473 Y117.335 E31.99773
G1 X102.765 Y117.852 E32.11622
G1 X114.316 Y106.301 E35.37616
G1 X114.899 Y106.673 E35.51417
G1 X114.674 Y106.898 E35.57767
G1 X115.002 Y107.029 E35.64815
G1 X103.463 Y118.568 E38.90471
G1 X103.969 Y119.477 E39.11232
G1 X115.912 Y107.533 E42.48303
G1 X116.146 Y107.758 E42.54782
G1 X116.607 Y108.253 E42.6828
G1 X104.736 Y120.124 E46.03306
G1 X105.542 Y120.732 E46.23453
G1 X117.177 Y109.097 E49.51818
G1 X117.388 Y109.444 E49.59923
G1 X117.547 Y109.736 E49.66558
G1 X117.669 Y110.019 E49.72708
G1 X106.483 Y121.206 E52.88415
G1 X106.967 Y121.429 E52.9905
G1 X107.5 Y121.603 E53.10239
G1 X118.08 Y111.023 E56.08829
G1 X118.19 Y111.478 E56.18171
G1 X118.331 Y112.185 E56.32558
G1 X108.745 Y121.772 E59.03109
G1 X108.861 Y121.775 E59.05425
G1 X108.861 Y121.808 E59.06083
G1 X109.214 Y121.917 E59.13456
G1 X109.84 Y121.869 E59.25985
G1 X109.84 Y121.979 E59.28181
G1 X109.948 Y121.983 E59.30337
G1 X118.438 Y113.493 E61.69943
G1 X118.438 Y113.885 E61.77766
G1 X118.421 Y114.148 E61.83026
G1 X118.342 Y114.148 E61.84602
G1 X118.341 Y114.827 E61.98152
G1 X118.199 Y115.146 E62.05121
G1 X111.497 Y121.848 E63.94265
G1 X112.032 Y121.752 E64.05112
G1 X112.612 Y121.574 E64.1722
G1 X113.536 Y121.224 E64.36938
G1 X117.407 Y117.353 E65.46186
G1 X117.149 Y117.998 E65.60049
G1 X116.729 Y118.418 E65.71902
G1 X116.83 Y118.519 E65.74753
G1 X116.361 Y119.122 E65.89997
G1 X116.061 Y119.425 E65.98507
G1 X115.483 Y119.97 E66.1436
G1 X115.176 Y120.226 E66.22337
G1 X114.915 Y120.424 E66.28875
G1 X114.077 Y120.941 E66.48525
G1 X113.598 Y121.2 E66.59392
G1 F2700 E61.59392
G0 F300 X113.598 Y121.2 Z1.24
G0 F12000 X113.814 Y122.689
G0 X112.2 Y123.211
G0 X110.5 Y123.444
G0 X109.083 Y123.408
G0 X108.221 Y123.295
G0 X106.714 Y122.878
G0 X105.358 Y122.284
G0 X105.826 Y121.099
;TIME_ELAPSED:30.176032
;LAYER:-3
;TYPE:SUPPORT-INTERFACE
G1 F2700 E66.59392
G1 F2400 X105.334 Y120.823 E66.63144
G1 X105.033 Y120.606 E66.65612
G1 X104.465 Y120.167 E66.70388
G1 X104.063 Y119.819 E66.73925
G1 X103.774 Y119.537 E66.76611
G1 X103.4 Y118.864 E66.81732
G1 X103.286 Y118.978 E66.82805
G1 X102.92 Y118.491 E66.86857
G1 X102.778 Y118.282 E66.88538
G0 F12000 X102.479 Y117.752
G1 F2400 X105.826 Y121.099 E67.20025
G1 X106.532 Y121.452 E67.25275
G1 X106.914 Y121.622 E67.28057
G1 X101.948 Y116.656 E67.74774
G1 X101.681 Y115.823 E67.80592
G1 X107.729 Y121.871 E68.37488
G1 X108.129 Y121.975 E68.40238
G1 X108.399 Y121.975 E68.42034
G1 X101.503 Y115.08 E69.06902
G1 X101.431 Y114.442 E69.11173
G1 X109.071 Y122.082 E69.83046
G1 X109.192 Y122.119 E69.83887
G1 X109.64 Y122.085 E69.86876
G1 X101.378 Y113.823 E70.646
G1 X101.368 Y113.554 E70.6639
G1 X101.376 Y113.255 E70.6838
G1 X110.311 Y122.191 E71.5244
G1 X110.831 Y122.144 E71.55913
G1 X101.512 Y112.825 E72.4358
G1 X101.618 Y112.509 E72.45798
G1 X101.447 Y112.509 E72.46935
G1 X101.478 Y112.226 E72.48829
G1 X111.328 Y122.076 E73.41492
G1 X111.814 Y121.996 E73.44768
G1 X101.56 Y111.743 E74.41227
G1 X101.678 Y111.294 E74.44315
G1 X112.27 Y121.887 E75.43963
G1 X112.702 Y121.753 E75.46971
G1 X101.813 Y110.864 E76.49408
G1 X101.953 Y110.439 E76.52385
G1 X113.112 Y121.598 E77.57362
G1 X113.522 Y121.442 E77.6028
G1 X102.115 Y110.035 E78.6759
G1 X102.303 Y109.657 E78.70398
G1 X113.906 Y121.26 E79.79552
G1 X114.269 Y121.057 E79.82319
G1 X102.505 Y109.293 E80.92987
G1 X102.714 Y108.936 E80.95739
G1 X114.618 Y120.841 E82.07729
G1 X114.968 Y120.625 E82.10465
G1 X102.925 Y108.582 E83.23758
G1 X103.177 Y108.268 E83.26437
G1 X115.295 Y120.386 E84.40435
G1 X115.603 Y120.129 E84.43104
G1 X103.436 Y107.961 E85.57568
G1 X103.697 Y107.657 E85.60233
G1 X115.895 Y119.855 E86.74985
G1 X116.187 Y119.581 E86.77648
G1 X103.974 Y107.368 E87.92541
G1 X104.266 Y107.095 E87.952
G1 X116.465 Y119.294 E89.09961
G1 X116.722 Y118.985 E89.12634
G1 X104.583 Y106.845 E90.26835
G1 X104.899 Y106.596 E90.29511
G1 X116.965 Y118.662 E91.43021
G1 X117.086 Y118.49 E91.4442
G1 X117.012 Y118.418 E91.45107
G1 X117.149 Y118.281 E91.46395
G1 X105.229 Y106.36 E92.58536
G1 X105.563 Y106.128 E92.61241
G1 X117.384 Y117.95 E93.72451
G1 X117.545 Y117.545 E93.7535
G1 X105.939 Y105.939 E94.84532
G1 X106.317 Y105.751 E94.8734
G1 X117.812 Y117.247 E95.95483
G1 X117.982 Y116.851 E95.9835
G1 X106.705 Y105.574 E97.04437
G1 X107.102 Y105.405 E97.07307
G1 X118.148 Y116.451 E98.11221
G1 X118.286 Y116.023 E98.14212
G1 X107.54 Y105.277 E99.15304
G1 X107.991 Y105.162 E99.184
G1 X118.282 Y115.454 E100.15216
G1 X118.457 Y115.063 E100.18066
G1 X108.45 Y105.056 E101.12205
G1 X108.925 Y104.965 E101.15423
G1 X118.542 Y114.582 E102.05893
G1 X118.542 Y114.348 E102.0745
G1 X118.608 Y114.348 E102.07889
G1 X118.624 Y114.099 E102.09549
G1 X109.466 Y104.94 E102.95706
G1 X110.006 Y104.915 E102.99302
G1 X118.638 Y113.547 E103.80507
G1 X118.633 Y112.977 E103.84299
G1 X110.585 Y104.928 E104.60014
G1 X110.924 Y104.959 E104.62279
G1 X111.229 Y105.006 E104.64331
G1 X118.563 Y112.341 E105.3333
G1 X118.427 Y111.639 E105.38086
G1 X111.915 Y105.127 E105.99347
G1 X112.175 Y105.182 E106.01115
G1 X112.429 Y105.25 E106.02864
G1 X112.697 Y105.343 E106.04751
G1 X118.225 Y110.872 E106.5676
G1 X118.081 Y110.473 E106.59582
G1 X117.846 Y109.926 E106.63542
G1 X113.622 Y105.703 E107.03274
G1 X113.945 Y105.847 E107.05626
G1 X114.226 Y106.009 E107.07784
G1 X114.953 Y106.468 E107.13503
G1 X115.17 Y106.685 E107.15545
G1 X115.03 Y106.825 E107.16862
G1 F2700 E102.16862
G0 F12000 X116.3 Y107.629
G1 F2700 E107.16862
G1 F2400 X116.649 Y108.002 E107.2026
G1 X116.867 Y108.296 E107.22694
G1 X117.059 Y108.573 E107.24936
G1 X115.497 Y107.012 E107.39626
G1 X115.773 Y107.122 E107.41602
G1 X116.3 Y107.629 E107.46467
G1 F2700 E102.46467
G0 F300 X116.3 Y107.629 Z1.64
G0 F12000 X117.044 Y106.586
G0 X116.032 Y105.682
G0 X114.344 Y104.639
G0 X112.47 Y103.951
G0 X110.496 Y103.653
G0 X108.497 Y103.758
G0 X106.535 Y104.271
G0 X105.104 Y104.976
G0 X104.366 Y105.415
G0 X104.997 Y106.519
;TIME_ELAPSED:50.593718
;LAYER:-2
;TYPE:SUPPORT-INTERFACE
G1 F2700 E107.46467
G1 F2400 X104.142 Y107.192 E107.53705
G1 X103.684 Y107.672 E107.58118
G1 X103.241 Y108.189 E107.62647
G1 X102.979 Y108.515 E107.65429
G1 X102.856 Y108.71 E107.66963
G1 X105.16 Y106.407 E107.88633
G1 X105.457 Y106.202 E107.91033
G1 X105.811 Y106.001 E107.93741
G1 X106.444 Y105.688 E107.98439
G1 X102.117 Y110.015 E108.39144
G1 X101.924 Y110.516 E108.42716
G1 X101.806 Y110.892 E108.45337
G1 X107.376 Y105.322 E108.97736
G1 X108.14 Y105.123 E109.02988
G1 X101.563 Y111.701 E109.64865
G1 X101.451 Y112.378 E109.6943
G1 X108.848 Y104.981 E110.39016
G1 X109.454 Y104.94 E110.43057
G1 X101.483 Y112.912 E111.18048
G1 X101.376 Y113.229 E111.20273
G1 X101.369 Y113.591 E111.22682
G1 X110.048 Y104.913 E112.04324
G1 X110.608 Y104.918 E112.08049
G1 X101.402 Y114.124 E112.94653
G1 X101.451 Y114.641 E112.98108
G1 X111.106 Y104.986 E113.88936
G1 X111.596 Y105.062 E113.92235
G1 X101.512 Y115.145 E114.87094
G1 X101.624 Y115.599 E114.90205
G1 X112.065 Y105.158 E115.88427
G1 X112.511 Y105.278 E115.915
G1 X101.749 Y116.04 E116.92742
G1 X101.883 Y116.471 E116.95744
G1 X112.926 Y105.428 E117.9963
G1 X113.338 Y105.582 E118.02556
G1 X102.035 Y116.885 E119.08888
G1 X102.219 Y117.267 E119.11708
G1 X113.734 Y105.752 E120.20034
G1 X114.11 Y105.942 E120.22836
G1 X102.415 Y117.637 E121.32856
G1 X102.619 Y117.998 E121.35614
G1 X114.461 Y106.157 E122.47012
G1 X114.808 Y106.375 E122.49738
G1 X102.828 Y118.355 E123.62438
G1 X103.065 Y118.684 E123.65135
G1 X115.145 Y106.603 E124.78781
G1 X115.206 Y106.649 E124.7929
G1 X115.03 Y106.825 E124.80945
G1 X115.359 Y106.956 E124.83301
G1 X103.418 Y118.896 E125.9563
G1 X103.62 Y119.26 E125.98399
G1 X115.763 Y107.117 E127.12633
G1 X116.054 Y107.392 E127.15296
G1 X103.842 Y119.604 E128.30179
G1 X104.132 Y119.879 E128.32838
G1 X116.34 Y107.672 E129.47678
G1 X116.613 Y107.965 E129.50342
G1 X104.435 Y120.142 E130.64901
G1 X104.753 Y120.39 E130.67583
G1 X116.859 Y108.284 E131.81469
G1 X117.09 Y108.619 E131.84176
G1 X105.073 Y120.635 E132.9722
G1 X105.402 Y120.872 E132.99917
G1 X117.32 Y108.954 E134.12034
G1 X117.537 Y109.303 E134.14768
G1 X105.771 Y121.069 E135.25455
G1 X106.144 Y121.262 E135.28249
G1 X117.735 Y109.671 E136.3729
G1 X117.905 Y110.066 E136.40151
G1 X106.523 Y121.448 E137.47226
G1 X106.915 Y121.622 E137.50079
G1 X118.076 Y110.461 E138.55074
G1 X118.227 Y110.876 E138.58012
G1 X107.334 Y121.769 E139.60487
G1 X107.782 Y121.886 E139.63567
G1 X118.356 Y111.312 E140.6304
G1 X118.455 Y111.779 E140.66216
G1 X108.259 Y121.975 E141.62134
G1 X108.585 Y121.975 E141.64302
G1 X108.585 Y121.932 E141.64588
G1 X108.8 Y121.999 E141.66086
G1 X118.549 Y112.25 E142.57799
G1 X118.62 Y112.745 E142.61125
G1 X109.25 Y122.115 E143.49273
G1 X109.64 Y122.085 E143.51875
G1 X109.64 Y122.17 E143.5244
G1 X109.757 Y122.174 E143.53219
G1 X118.638 Y113.293 E144.36766
G1 X118.638 Y113.859 E144.40531
G1 X110.305 Y122.192 E145.18923
G1 X110.926 Y122.136 E145.2307
G1 X118.542 Y114.52 E145.94717
G1 X118.542 Y114.868 E145.97032
G1 X118.367 Y115.261 E145.99893
G1 X111.593 Y122.035 E146.63619
G1 X112.071 Y121.949 E146.6685
G1 X112.322 Y121.872 E146.68596
G1 X118.327 Y115.867 E147.25088
G1 X118.226 Y116.252 E147.27735
G1 X118.037 Y116.723 E147.31111
G1 X113.192 Y121.568 E147.7669
G1 X113.682 Y121.382 E147.80176
G1 X114.264 Y121.061 E147.84598
G1 X117.389 Y117.936 E148.13996
G1 X117.319 Y118.112 E148.15256
G1 X117.012 Y118.418 E148.18139
G1 X117.086 Y118.49 E148.18826
G1 X116.902 Y118.753 E148.20961
G1 X116.587 Y119.157 E148.24369
G1 X116.407 Y119.36 E148.26174
G1 X116.208 Y119.561 E148.28055
G1 X115.602 Y120.13 E148.33585
G1 X115.304 Y120.381 E148.36177
G1 X115.035 Y120.584 E148.38418
G1 F2700 E143.38418
G0 F300 X115.035 Y120.584 Z2.14
G0 F12000 X110 Y117.53
;TIME_ELAPSED:70.123670
;LAYER:0
;note -- min layer time used
;TYPE:WALL-OUTER
;MESH:barrel.obj
G1 F2700 E148.38418
G1 F480 X109.406 Y117.499 E148.40891
G1 F476.2 X108.565 Y117.279 E148.44534
G1 F472.4 X107.9 Y116.938 E148.47691
G1 F480 X107.67 Y116.772 E148.4887
G1 F479 X107.253 Y116.438 E148.51096
G1 F480 X106.964 Y116.118 E148.52889
G1 X106.731 Y115.83 E148.54429
G1 F478.1 X106.461 Y115.361 E148.56688
G1 F479 X106.339 Y115.123 E148.57802
G1 F474.3 X106.096 Y114.357 E148.61183
G1 F479 X106.01 Y113.548 E148.64572
G1 F478.1 X106.1 Y112.702 E148.68123
G1 F474.3 X106.339 Y111.973 E148.71351
G1 F481 X106.463 Y111.731 E148.72479
G1 F480 X106.731 Y111.266 E148.74711
G1 X106.961 Y110.98 E148.76237
G1 F479 X107.253 Y110.654 E148.7806
G1 F478.1 X107.582 Y110.389 E148.79823
G1 X107.895 Y110.158 E148.81447
G1 F470.6 X108.566 Y109.817 E148.84639
G1 F476.2 X109.402 Y109.596 E148.88263
G1 F481.9 X110.215 Y109.553 E148.91634
G1 F479 X111.048 Y109.683 E148.95146
G1 F474.3 X111.771 Y109.961 E148.98405
G1 F481.9 X112.023 Y110.109 E148.99615
G1 F481 X112.447 Y110.386 E149.01717
G1 F481.9 X112.744 Y110.653 E149.0337
G1 X113.046 Y110.955 E149.05139
G1 F479 X113.304 Y111.309 E149.06964
G1 F480 X113.497 Y111.6 E149.08416
G1 F473.4 X113.812 Y112.304 E149.11667
G1 F477.1 X113.986 Y113.145 E149.15259
G1 F480 X113.986 Y113.954 E149.18622
G1 F477.1 X113.813 Y114.789 E149.22189
G1 F474.3 X113.497 Y115.492 E149.25432
G1 F481.9 X113.328 Y115.751 E149.26712
G1 F480 X113.045 Y116.141 E149.28716
G1 F481.9 X112.744 Y116.443 E149.30481
G1 X112.447 Y116.709 E149.32132
G1 F480 X112.024 Y116.984 E149.3423
G1 F481.9 X111.771 Y117.131 E149.35442
G1 F474.3 X111.049 Y117.412 E149.38701
G1 F477.1 X110.215 Y117.541 E149.42231
G1 F480 X110 Y117.53 E149.43126
G0 F6000 X110 Y117.03
G1 F481 X110.2 Y117.042 E149.43957
G1 F481.9 X110.984 Y116.909 E149.4725
G1 F485.8 X111.698 Y116.612 E149.50427
G1 F479 X112.14 Y116.303 E149.52673
G1 F481.9 X112.409 Y116.089 E149.54097
G1 X112.656 Y115.812 E149.55633
G1 F480 X112.913 Y115.49 E149.57346
G1 F481 X113.048 Y115.254 E149.58474
G1 F479 X113.313 Y114.71 E149.60995
G1 F481.9 X113.486 Y113.927 E149.64316
G1 F481 X113.486 Y113.161 E149.67494
G1 F483.9 X113.313 Y112.384 E149.70777
G1 F479 X113.047 Y111.838 E149.73307
G1 F480 X112.913 Y111.606 E149.74421
G1 F479 X112.656 Y111.285 E149.76134
G1 F481.9 X112.408 Y111.006 E149.7768
G1 X112.139 Y110.791 E149.79106
G1 F480 X111.71 Y110.487 E149.81292
G1 F487.8 X110.981 Y110.182 E149.84525
G1 F483.9 X110.2 Y110.052 E149.8779
G1 F480 X109.419 Y110.095 E149.91042
G1 X108.66 Y110.319 E149.94332
G1 F476.2 X108.157 Y110.597 E149.9674
G1 F478.1 X107.917 Y110.749 E149.97926
G1 X107.604 Y111.027 E149.99674
G1 F479 X107.333 Y111.297 E150.01267
G1 F480 X107.154 Y111.55 E150.02556
G1 F478.1 X106.859 Y112.021 E150.04876
G1 F483.9 X106.601 Y112.763 E150.08116
G1 F481.9 X106.511 Y113.548 E150.11387
G1 X106.6 Y114.325 E150.14626
G1 F482.9 X106.859 Y115.071 E150.17889
G1 F477.1 X107.155 Y115.546 E150.2023
G1 F480 X107.314 Y115.774 E150.21386
G1 X107.603 Y116.067 E150.23097
G1 X107.9 Y116.332 E150.24752
G1 X108.163 Y116.501 E150.26051
G1 F478.1 X108.664 Y116.781 E150.28447
G1 F482.9 X109.424 Y116.997 E150.31712
G1 F481.9 X110 Y117.03 E150.34101
;MESH:NONMESH
G0 F300 X110 Y117.03 Z2.39
G0 F6000 X110 Y117.53
;TIME_ELAPSED:76.397144
;LAYER:1
;note -- min layer time used
M106 S42.5
;TYPE:WALL-OUTER
;MESH:barrel.obj
G1 F480 X109.406 Y117.499 E150.39047
G1 F476.2 X108.565 Y117.279 E150.46333
G1 F472.4 X107.9 Y116.938 E150.52647
G1 F480 X107.67 Y116.772 E150.55005
G1 F479 X107.253 Y116.438 E150.59457
G1 F480 X106.964 Y116.118 E150.63042
G1 X106.731 Y115.83 E150.66122
G1 F478.1 X106.461 Y115.361 E150.7064
G1 F479 X106.339 Y115.123 E150.72868
G1 F474.3 X106.096 Y114.357 E150.79631
G1 F479 X106.01 Y113.548 E150.86409
G1 F478.1 X106.1 Y112.702 E150.93511
G1 F474.3 X106.339 Y111.973 E150.99967
G1 F481 X106.463 Y111.731 E151.02224
G1 F480 X106.731 Y111.266 E151.06686
G1 X106.961 Y110.98 E151.09738
G1 F479 X107.253 Y110.654 E151.13384
G1 F478.1 X107.582 Y110.389 E151.16911
G1 X107.895 Y110.158 E151.20159
G1 F470.6 X108.566 Y109.817 E151.26542
G1 F476.2 X109.402 Y109.596 E151.3379
G1 F481.9 X110.215 Y109.553 E151.40533
G1 F479 X111.048 Y109.683 E151.47557
G1 F474.3 X111.771 Y109.961 E151.54075
G1 F481.9 X112.023 Y110.109 E151.56495
G1 F481 X112.447 Y110.386 E151.60698
G1 F481.9 X112.744 Y110.653 E151.64006
G1 X113.046 Y110.955 E151.67543
G1 F479 X113.304 Y111.309 E151.71192
G1 F480 X113.497 Y111.6 E151.74096
G1 F473.4 X113.812 Y112.304 E151.80599
G1 F477.1 X113.986 Y113.145 E151.87783
G1 F480 X113.986 Y113.951 E151.94485
G1 F478.1 X113.813 Y114.789 E152.01628
G1 F474.3 X113.497 Y115.492 E152.08114
G1 F481.9 X113.328 Y115.751 E152.10675
G1 F480 X113.045 Y116.141 E152.14682
G1 F481.9 X112.744 Y116.443 E152.18213
G1 X112.447 Y116.709 E152.21515
G1 F480 X112.024 Y116.984 E152.2571
G1 F481.9 X111.771 Y117.131 E152.28133
G1 F474.3 X111.049 Y117.412 E152.34653
G1 F477.1 X110.215 Y117.541 E152.41712
G1 F480 X110 Y117.53 E152.43502
G0 F9000 X110 Y117.03
G1 F481 X110.2 Y117.042 E152.45165
G1 F481.9 X110.984 Y116.909 E152.5175
G1 F485.8 X111.698 Y116.612 E152.58103
G1 F479 X112.14 Y116.303 E152.62597
G1 F481.9 X112.409 Y116.089 E152.65443
G1 X112.656 Y115.812 E152.68517
G1 F480 X112.913 Y115.49 E152.71943
G1 F481 X113.048 Y115.254 E152.74199
G1 F479 X113.313 Y114.71 E152.7924
G1 F481.9 X113.486 Y113.925 E152.85898
G1 F481 X113.486 Y113.161 E152.92238
G1 F483.9 X113.313 Y112.384 E152.98804
G1 F479 X113.047 Y111.838 E153.03864
G1 F480 X112.913 Y111.606 E153.06092
G1 F479 X112.656 Y111.285 E153.09518
G1 F481.9 X112.408 Y111.006 E153.12609
G1 X112.139 Y110.791 E153.15461
G1 F480 X111.71 Y110.487 E153.19833
G1 F487.8 X110.981 Y110.182 E153.26299
G1 F483.9 X110.2 Y110.052 E153.3283
G1 F480 X109.419 Y110.095 E153.39333
G1 X108.66 Y110.319 E153.45914
G1 F476.2 X108.157 Y110.597 E153.50731
G1 F478.1 X107.917 Y110.749 E153.53102
G1 X107.604 Y111.027 E153.56597
G1 F479 X107.333 Y111.297 E153.59784
G1 F480 X107.154 Y111.55 E153.62361
G1 F478.1 X106.859 Y112.021 E153.67001
G1 F483.9 X106.601 Y112.763 E153.73481
G1 F481.9 X106.511 Y113.548 E153.80025
G1 X106.6 Y114.325 E153.86502
G1 F482.9 X106.859 Y115.071 E153.93028
G1 F477.1 X107.155 Y115.546 E153.9771
G1 F480 X107.314 Y115.774 E154.00021
G1 X107.603 Y116.067 E154.03443
G1 X107.9 Y116.332 E154.06753
G1 X108.163 Y116.501 E154.09352
G1 F478.1 X108.664 Y116.781 E154.14144
G1 F482.9 X109.424 Y116.997 E154.20674
G1 F481.9 X110 Y117.03 E154.25452
;MESH:NONMESH
G0 F300 X110 Y117.03 Z2.79
G0 F9000 X110 Y117.53
;TIME_ELAPSED:82.501719
;LAYER:2
;note -- min layer time used
M106 S85
;TYPE:WALL-OUTER
;MESH:barrel.obj
G1 F480 X109.406 Y117.499 E154.30398
G1 F476.2 X108.565 Y117.279 E154.37684
G1 F472.4 X107.9 Y116.938 E154.43998
G1 F480 X107.67 Y116.772 E154.46356
G1 F479 X107.253 Y116.438 E154.50808
G1 F480 X106.964 Y116.118 E154.54393
G1 X106.731 Y115.83 E154.57473
G1 F478.1 X106.461 Y115.361 E154.61991
G1 F479 X106.339 Y115.123 E154.64219
G1 F474.3 X106.096 Y114.357 E154.70982
G1 F479 X106.01 Y113.548 E154.7776
G1 F478.1 X106.1 Y112.702 E154.84862
G1 F474.3 X106.339 Y111.973 E154.91318
G1 F481 X106.463 Y111.731 E154.93575
G1 F480 X106.731 Y111.266 E154.98037
G1 X106.961 Y110.98 E155.01089
G1 F479 X107.253 Y110.654 E155.04735
G1 F478.1 X107.582 Y110.389 E155.08262
G1 X107.895 Y110.158 E155.1151
G1 F470.6 X108.566 Y109.817 E155.17893
G1 F476.2 X109.402 Y109.596 E155.25141
G1 F481.9 X110.215 Y109.553 E155.31884
G1 F479 X111.048 Y109.683 E155.38908
G1 F474.3 X111.771 Y109.961 E155.45426
G1 F481.9 X112.023 Y110.109 E155.47846
G1 F481 X112.447 Y110.386 E155.52049
G1 F481.9 X112.744 Y110.653 E155.55357
G1 X113.046 Y110.955 E155.58894
G1 F479 X113.304 Y111.309 E155.62543
G1 F480 X113.497 Y111.6 E155.65447
G1 F473.4 X113.812 Y112.304 E155.7195
G1 F477.1 X113.986 Y113.145 E155.79134
G1 F480 X113.986 Y113.951 E155.85836
G1 F478.1 X113.813 Y114.789 E155.92979
G1 F474.3 X113.497 Y115.492 E155.99465
G1 F481.9 X113.328 Y115.751 E156.02026
G1 F480 X113.045 Y116.141 E156.06033
G1 F481.9 X112.744 Y116.443 E156.09564
G1 X112.447 Y116.709 E156.12866
G1 F480 X112.024 Y116.984 E156.17061
G1 F481.9 X111.771 Y117.131 E156.19484
G1 F474.3 X111.049 Y117.412 E156.26004
G1 F477.1 X110.215 Y117.541 E156.33063
G1 F480 X110 Y117.53 E156.34853
G0 F12000 X110 Y117.03
G1 F481 X110.2 Y117.042 E156.36516
G1 F481.9 X110.984 Y116.909 E156.43101
G1 F485.8 X111.698 Y116.612 E156.49454
G1 F479 X112.14 Y116.303 E156.53948
G1 F481.9 X112.409 Y116.089 E156.56794
G1 X112.656 Y115.812 E156.59868
G1 F480 X112.913 Y115.49 E156.63294
G1 F481 X113.048 Y115.254 E156.6555
G1 F479 X113.313 Y114.71 E156.70591
G1 F481.9 X113.486 Y113.925 E156.77249
G1 F481 X113.486 Y113.161 E156.83589
G1 F483.9 X113.313 Y112.384 E156.90155
G1 F479 X113.047 Y111.838 E156.95215
G1 F480 X112.913 Y111.606 E156.97443
G1 F479 X112.656 Y111.285 E157.00869
G1 F481.9 X112.408 Y111.006 E157.0396
G1 X112.139 Y110.791 E157.06812
G1 F480 X111.71 Y110.487 E157.11184
G1 F487.8 X110.981 Y110.182 E157.1765
G1 F483.9 X110.2 Y110.052 E157.24181
G1 F480 X109.419 Y110.095 E157.30684
G1 X108.66 Y110.319 E157.37265
G1 F476.2 X108.157 Y110.597 E157.42082
G1 F478.1 X107.917 Y110.749 E157.44453
G1 X107.604 Y111.027 E157.47948
G1 F479 X107.333 Y111.297 E157.51135
G1 F480 X107.154 Y111.55 E157.53712
G1 F478.1 X106.859 Y112.021 E157.58352
G1 F483.9 X106.601 Y112.763 E157.64832
G1 F481.9 X106.511 Y113.548 E157.71376
G1 X106.6 Y114.325 E157.77853
G1 F482.9 X106.859 Y115.071 E157.84379
G1 F477.1 X107.155 Y115.546 E157.89061
G1 F480 X107.314 Y115.774 E157.91372
G1 X107.603 Y116.067 E157.94794
G1 X107.9 Y116.332 E157.98104
G1 X108.163 Y116.501 E158.00703
G1 F478.1 X108.664 Y116.781 E158.05495
G1 F482.9 X109.424 Y116.997 E158.12025
G1 F481.9 X110 Y117.03 E158.16803
;MESH:NONMESH
G0 F300 X110 Y117.03 Z3.19
G0 F12000 X110 Y117.53
;TIME_ELAPSED:88.606802
;LAYER:3
;note -- min layer time used
M106 S127.5
;TYPE:WALL-OUTER
;MESH:barrel.obj
G1 F480 X109.406 Y117.499 E158.21749
G1 F476.2 X108.565 Y117.279 E158.29035
G1 F472.4 X107.9 Y116.938 E158.35349
G1 F480 X107.67 Y116.772 E158.37707
G1 F479 X107.253 Y116.438 E158.42159
G1 F480 X106.964 Y116.118 E158.45744
G1 X106.731 Y115.83 E158.48824
G1 F478.1 X106.461 Y115.361 E158.53342
G1 F479 X106.339 Y115.123 E158.5557
G1 F474.3 X106.096 Y114.357 E158.62333
G1 F479 X106.01 Y113.548 E158.69111
G1 F478.1 X106.1 Y112.702 E158.76213
G1 F474.3 X106.339 Y111.973 E158.82669
G1 F481 X106.463 Y111.731 E158.84926
G1 F480 X106.731 Y111.266 E158.89388
G1 X106.961 Y110.98 E158.9244
G1 F479 X107.253 Y110.654 E158.96086
G1 F478.1 X107.582 Y110.389 E158.99613
G1 X107.895 Y110.158 E159.02861
G1 F470.6 X108.566 Y109.817 E159.09244
G1 F476.2 X109.402 Y109.596 E159.16492
G1 F481.9 X110.215 Y109.553 E159.23235
G1 F479 X111.048 Y109.683 E159.30259
G1 F474.3 X111.771 Y109.961 E159.36777
G1 F481.9 X112.023 Y110.109 E159.39197
G1 F481 X112.447 Y110.386 E159.434
G1 F481.9 X112.744 Y110.653 E159.46708
G1 X113.046 Y110.955 E159.50245
G1 F479 X113.304 Y111.309 E159.53894
G1 F480 X113.497 Y111.6 E159.56798
G1 F473.4 X113.812 Y112.304 E159.63301
G1 F477.1 X113.986 Y113.145 E159.70485
G1 F480 X113.986 Y113.951 E159.77187
G1 F478.1 X113.813 Y114.789 E159.8433
G1 F474.3 X113.497 Y115.492 E159.90816
G1 F481.9 X113.328 Y115.751 E159.93377
G1 F480 X113.045 Y116.141 E159.97384
G1 F481.9 X112.744 Y116.443 E160.00915
G1 X112.447 Y116.709 E160.04217
G1 F480 X112.024 Y116.984 E160.08412
G1 F481.9 X111.771 Y117.131 E160.10835
G1 F474.3 X111.049 Y117.412 E160.17355
G1 F477.1 X110.215 Y117.541 E160.24414
G1 F480 X110 Y117.53 E160.26204
G0 F12000 X110 Y117.03
G1 F481 X110.2 Y117.042 E160.27867
G1 F481.9 X110.984 Y116.909 E160.34452
G1 F485.8 X111.698 Y116.612 E160.40805
G1 F479 X112.14 Y116.303 E160.45299
G1 F481.9 X112.409 Y116.089 E160.48145
G1 X112.656 Y115.812 E160.51219
G1 F480 X112.913 Y115.49 E160.54645
G1 F481 X113.048 Y115.254 E160.56901
G1 F479 X113.313 Y114.71 E160.61942
G1 F481.9 X113.486 Y113.925 E160.686
G1 F481 X113.486 Y113.161 E160.7494
G1 F483.9 X113.313 Y112.384 E160.81506
G1 F479 X113.047 Y111.838 E160.86566
G1 F480 X112.913 Y111.606 E160.88794
G1 F479 X112.656 Y111.285 E160.9222
G1 F481.9 X112.408 Y111.006 E160.95311
G1 X112.139 Y110.791 E160.98163
G1 F480 X111.71 Y110.487 E161.02535
G1 F487.8 X110.981 Y110.182 E161.09001
G1 F483.9 X110.2 Y110.052 E161.15532
G1 F480 X109.419 Y110.095 E161.22035
G1 X108.66 Y110.319 E161.28616
G1 F476.2 X108.157 Y110.597 E161.33433
G1 F478.1 X107.917 Y110.749 E161.35804
G1 X107.604 Y111.027 E161.39299
G1 F479 X107.333 Y111.297 E161.42486
G1 F480 X107.154 Y111.55 E161.45063
G1 F478.1 X106.859 Y112.021 E161.49703
G1 F483.9 X106.601 Y112.763 E161.56183
G1 F481.9 X106.511 Y113.548 E161.62727
G1 X106.6 Y114.325 E161.69204
G1 F482.9 X106.859 Y115.071 E161.7573
G1 F477.1 X107.155 Y115.546 E161.80412
G1 F480 X107.314 Y115.774 E161.82723
G1 X107.603 Y116.067 E161.86145
G1 X107.9 Y116.332 E161.89455
G1 X108.163 Y116.501 E161.92054
G1 F478.1 X108.664 Y116.781 E161.96846
G1 F482.9 X109.424 Y116.997 E162.03376
G1 F481.9 X110 Y117.03 E162.08154
;MESH:NONMESH
G0 F300 X110 Y117.03 Z3.59
G0 F12000 X110 Y117.53
;TIME_ELAPSED:94.711884
;LAYER:4
;note -- min layer time used
;TYPE:WALL-OUTER
;MESH:barrel.obj
G1 F480 X109.406 Y117.499 E162.131
G1 F476.2 X108.565 Y117.279 E162.20386
G1 F472.4 X107.9 Y116.938 E162.267
G1 F480 X107.67 Y116.772 E162.29058
G1 F479 X107.253 Y116.438 E162.3351
G1 F480 X106.964 Y116.118 E162.37095
G1 X106.731 Y115.83 E162.40175
G1 F478.1 X106.461 Y115.361 E162.44693
G1 F479 X106.339 Y115.123 E162.46921
G1 F474.3 X106.096 Y114.357 E162.53684
G1 F479 X106.01 Y113.548 E162.60462
G1 F478.1 X106.1 Y112.702 E162.67564
G1 F474.3 X106.339 Y111.973 E162.7402
G1 F481 X106.463 Y111.731 E162.76277
G1 F480 X106.731 Y111.266 E162.80739
G1 X106.961 Y110.98 E162.83791
G1 F479 X107.253 Y110.654 E162.87437
G1 F478.1 X107.582 Y110.389 E162.90964
G1 X107.895 Y110.158 E162.94212
G1 F470.6 X108.566 Y109.817 E163.00595
G1 F476.2 X109.402 Y109.596 E163.07843
G1 F481.9 X110.215 Y109.553 E163.14586
G1 F479 X111.048 Y109.683 E163.2161
G1 F474.3 X111.771 Y109.961 E163.28128
G1 F481.9 X112.023 Y110.109 E163.30548
G1 F481 X112.447 Y110.386 E163.34751
G1 F481.9 X112.744 Y110.653 E163.38059
G1 X113.046 Y110.955 E163.41596
G1 F479 X113.304 Y111.309 E163.45245
G1 F480 X113.497 Y111.6 E163.48149
G1 F473.4 X113.812 Y112.304 E163.54652
G1 F477.1 X113.986 Y113.145 E163.61836
G1 F480 X113.986 Y113.951 E163.68538
G1 F478.1 X113.813 Y114.789 E163.75681
G1 F474.3 X113.497 Y115.492 E163.82167
G1 F481.9 X113.328 Y115.751 E163.84728
G1 F480 X113.045 Y116.141 E163.88735
G1 F481.9 X112.744 Y116.443 E163.92266
G1 X112.447 Y116.709 E163.95568
G1 F480 X112.024 Y116.984 E163.99763
G1 F481.9 X111.771 Y117.131 E164.02186
G1 F474.3 X111.049 Y117.412 E164.08706
G1 F477.1 X110.215 Y117.541 E164.15765
G1 F480 X110 Y117.53 E164.17555
G0 F12000 X110 Y117.03
G1 F481 X110.2 Y117.042 E164.19218
G1 F481.9 X110.984 Y116.909 E164.25803
G1 F485.8 X111.698 Y116.612 E164.32156
G1 F479 X112.14 Y116.303 E164.3665
G1 F481.9 X112.409 Y116.089 E164.39496
G1 X112.656 Y115.812 E164.4257
G1 F480 X112.913 Y115.49 E164.45996
G1 F481 X113.048 Y115.254 E164.48252
G1 F479 X113.313 Y114.71 E164.53294
G1 F481.9 X113.486 Y113.925 E164.59951
G1 F481 X113.486 Y113.161 E164.66291
G1 F483.9 X113.313 Y112.384 E164.72857
G1 F479 X113.047 Y111.838 E164.77917
G1 F480 X112.913 Y111.606 E164.80145
G1 F479 X112.656 Y111.285 E164.83571
G1 F481.9 X112.408 Y111.006 E164.86662
G1 X112.139 Y110.791 E164.89514
G1 F480 X111.71 Y110.487 E164.93886
G1 F487.8 X110.981 Y110.182 E165.00352
G1 F483.9 X110.2 Y110.052 E165.06883
G1 F480 X109.419 Y110.095 E165.13386
G1 X108.66 Y110.319 E165.19967
G1 F476.2 X108.157 Y110.597 E165.24784
G1 F478.1 X107.917 Y110.749 E165.27155
G1 X107.604 Y111.027 E165.3065
G1 F479 X107.333 Y111.297 E165.33837
G1 F480 X107.154 Y111.55 E165.36414
G1 F478.1 X106.859 Y112.021 E165.41054
G1 F483.9 X106.601 Y112.763 E165.47534
G1 F481.9 X106.511 Y113.548 E165.54078
G1 X106.6 Y114.325 E165.60555
G1 F482.9 X106.859 Y115.071 E165.67081
G1 F477.1 X107.155 Y115.546 E165.71763
G1 F480 X107.314 Y115.774 E165.74074
G1 X107.603 Y116.067 E165.77496
G1 X107.9 Y116.332 E165.80806
G1 X108.163 Y116.501 E165.83405
G1 F478.1 X108.664 Y116.781 E165.88197
G1 F482.9 X109.424 Y116.997 E165.94727
G1 F481.9 X110 Y117.03 E165.99505
;MESH:NONMESH
G0 F300 X110 Y117.03 Z3.99
G0 F12000 X110 Y117.53
;TIME_ELAPSED:100.816967
;LAYER:5
;note -- min layer time used
;TYPE:WALL-OUTER
;MESH:barrel.obj
G1 F480 X109.406 Y117.499 E166.04451
G1 F476.2 X108.565 Y117.279 E166.11737
G1 F472.4 X107.9 Y116.938 E166.18051
G1 F480 X107.67 Y116.772 E166.20409
G1 F479 X107.253 Y116.438 E166.24861
G1 F480 X106.964 Y116.118 E166.28446
G1 X106.731 Y115.83 E166.31526
G1 F478.1 X106.461 Y115.361 E166.36044
G1 F479 X106.339 Y115.123 E166.38272
G1 F474.3 X106.096 Y114.357 E166.45035
G1 F479 X106.01 Y113.548 E166.51813
G1 F478.1 X106.1 Y112.702 E166.58915
G1 F474.3 X106.339 Y111.973 E166.65371
G1 F481 X106.463 Y111.731 E166.67628
G1 F480 X106.731 Y111.266 E166.7209
G1 X106.961 Y110.98 E166.75142
G1 F479 X107.253 Y110.654 E166.78788
G1 F478.1 X107.582 Y110.389 E166.82315
G1 X107.895 Y110.158 E166.85563
G1 F470.6 X108.566 Y109.817 E166.91946
G1 F476.2 X109.402 Y109.596 E166.99194
G1 F481.9 X110.215 Y109.553 E167.05937
G1 F479 X111.048 Y109.683 E167.12961
G1 F474.3 X111.771 Y109.961 E167.19479
G1 F481.9 X112.023 Y110.109 E167.21899
G1 F481 X112.447 Y110.386 E167.26102
G1 F481.9 X112.744 Y110.653 E167.2941
G1 X113.046 Y110.955 E167.32947
G1 F479 X113.304 Y111.309 E167.36596
G1 F480 X113.497 Y111.6 E167.395
G1 F473.4 X113.812 Y112.304 E167.46003
G1 F477.1 X113.986 Y113.145 E167.53187
G1 F480 X113.986 Y113.951 E167.59889
G1 F478.1 X113.813 Y114.789 E167.67032
G1 F474.3 X113.497 Y115.492 E167.73518
G1 F481.9 X113.328 Y115.751 E167.76079
G1 F480 X113.045 Y116.141 E167.80086
G1 F481.9 X112.744 Y116.443 E167.83617
G1 X112.447 Y116.709 E167.86919
G1 F480 X112.024 Y116.984 E167.91114
G1 F481.9 X111.771 Y117.131 E167.93537
G1 F474.3 X111.049 Y117.412 E168.00057
G1 F477.1 X110.215 Y117.541 E168.07116
G1 F480 X110 Y117.53 E168.08906
G0 F12000 X110 Y117.03
G1 F481 X110.2 Y117.042 E168.10569
G1 F481.9 X110.984 Y116.909 E168.17154
G1 F485.8 X111.698 Y116.612 E168.23507
G1 F479 X112.14 Y116.303 E168.28001
G1 F481.9 X112.409 Y116.089 E168.30847
G1 X112.656 Y115.812 E168.33921
G1 F480 X112.913 Y115.49 E168.37347
G1 F481 X113.048 Y115.254 E168.39603
G1 F479 X113.313 Y114.71 E168.44645
G1 F481.9 X113.486 Y113.925 E168.51302
G1 F481 X113.486 Y113.161 E168.57642
G1 F483.9 X113.313 Y112.384 E168.64208
G1 F479 X113.047 Y111.838 E168.69268
G1 F480 X112.913 Y111.606 E168.71496
G1 F479 X112.656 Y111.285 E168.74922
G1 F481.9 X112.408 Y111.006 E168.78013
G1 X112.139 Y110.791 E168.80865
G1 F480 X111.71 Y110.487 E168.85237
G1 F487.8 X110.981 Y110.182 E168.91703
G1 F483.9 X110.2 Y110.052 E168.98234
G1 F480 X109.419 Y110.095 E169.04737
G1 X108.66 Y110.319 E169.11318
G1 F476.2 X108.157 Y110.597 E169.16135
G1 F478.1 X107.917 Y110.749 E169.18506
G1 X107.604 Y111.027 E169.22001
G1 F479 X107.333 Y111.297 E169.25188
G1 F480 X107.154 Y111.55 E169.27765
G1 F478.1 X106.859 Y112.021 E169.32405
G1 F483.9 X106.601 Y112.763 E169.38885
G1 F481.9 X106.511 Y113.548 E169.45429
G1 X106.6 Y114.325 E169.51906
G1 F482.9 X106.859 Y115.071 E169.58432
G1 F477.1 X107.155 Y115.546 E169.63114
G1 F480 X107.314 Y115.774 E169.65425
G1 X107.603 Y116.067 E169.68847
G1 X107.9 Y116.332 E169.72157
G1 X108.163 Y116.501 E169.74756
G1 F478.1 X108.664 Y116.781 E169.79548
G1 F482.9 X109.424 Y116.997 E169.86078
G1 F481.9 X110 Y117.03 E169.90856
;MESH:NONMESH
G0 F300 X110 Y117.03 Z4.39
G0 F12000 X110 Y117.53
;TIME_ELAPSED:106.922049
;LAYER:6
;note -- min layer time used
;TYPE:WALL-OUTER
;MESH:barrel.obj
G1 F480 X109.406 Y117.499 E169.95802
G1 F476.2 X108.565 Y117.279 E170.03088
G1 F472.4 X107.9 Y116.938 E170.09402
G1 F480 X107.67 Y116.772 E170.1176
G1 F479 X107.253 Y116.438 E170.16212
G1 F480 X106.964 Y116.118 E170.19797
G1 X106.731 Y115.83 E170.22877
G1 F478.1 X106.461 Y115.361 E170.27395
G1 F479 X106.339 Y115.123 E170.29623
G1 F474.3 X106.096 Y114.357 E170.36386
G1 F479 X106.01 Y113.548 E170.43164
G1 F478.1 X106.1 Y112.702 E170.50266
G1 F474.3 X106.339 Y111.973 E170.56722
G1 F481 X106.463 Y111.731 E170.58979
G1 F480 X106.731 Y111.266 E170.63441
G1 X106.961 Y110.98 E170.66493
G1 F479 X107.253 Y110.654 E170.70139
G1 F478.1 X107.582 Y110.389 E170.73666
G1 X107.895 Y110.158 E170.76914
G1 F470.6 X108.566 Y109.817 E170.83297
G1 F476.2 X109.402 Y109.596 E170.90545
G1 F481.9 X110.215 Y109.553 E170.97288
G1 F479 X111.048 Y109.683 E171.04312
G1 F474.3 X111.771 Y109.961 E171.1083
G1 F481.9 X112.023 Y110.109 E171.1325
G1 F481 X112.447 Y110.386 E171.17453
G1 F481.9 X112.744 Y110.653 E171.20761
G1 X113.046 Y110.955 E171.24298
G1 F479 X113.304 Y111.309 E171.27947
G1 F480 X113.497 Y111.6 E171.30851
G1 F473.4 X113.812 Y112.304 E171.37354
G1 F477.1 X113.986 Y113.145 E171.44538
G1 F480 X113.986 Y113.951 E171.5124
G1 F478.1 X113.813 Y114.789 E171.58383
G1 F474.3 X113.497 Y115.492 E171.64869
G1 F481.9 X113.328 Y115.751 E171.6743
G1 F480 X113.045 Y116.141 E171.71437
G1 F481.9 X112.744 Y116.443 E171.74968
G1 X112.447 Y116.709 E171.7827
G1 F480 X112.024 Y116.984 E171.82465
G1 F481.9 X111.771 Y117.131 E171.84888
G1 F474.3 X111.049 Y117.412 E171.91408
G1 F477.1 X110.215 Y117.541 E171.98467
G1 F480 X110 Y117.53 E172.00257
G0 F12000 X110 Y117.03
G1 F481 X110.2 Y117.042 E172.0192
G1 F481.9 X110.984 Y116.909 E172.08505
G1 F485.8 X111.698 Y116.612 E172.14858
G1 F479 X112.14 Y116.303 E172.19352
G1 F481.9 X112.409 Y116.089 E172.22198
G1 X112.656 Y115.812 E172.25272
G1 F480 X112.913 Y115.49 E172.28698
G1 F481 X113.048 Y115.254 E172.30954
G1 F479 X113.313 Y114.71 E172.35996
G1 F481.9 X113.486 Y113.925 E172.42653
G1 F481 X113.486 Y113.161 E172.48993
G1 F483.9 X113.313 Y112.384 E172.55559
G1 F479 X113.047 Y111.838 E172.60619
G1 F480 X112.913 Y111.606 E172.62847
G1 F479 X112.656 Y111.285 E172.66273
G1 F481.9 X112.408 Y111.006 E172.69364
G1 X112.139 Y110.791 E172.72216
G1 F480 X111.71 Y110.487 E172.76588
G1 F487.8 X110.981 Y110.182 E172.83054
G1 F483.9 X110.2 Y110.052 E172.89585
G1 F480 X109.419 Y110.095 E172.96088
G1 X108.66 Y110.319 E173.02669
G1 F476.2 X108.157 Y110.597 E173.07486
G1 F478.1 X107.917 Y110.749 E173.09857
G1 X107.604 Y111.027 E173.13352
G1 F479 X107.333 Y111.297 E173.16539
G1 F480 X107.154 Y111.55 E173.19116
G1 F478.1 X106.859 Y112.021 E173.23756
G1 F483.9 X106.601 Y112.763 E173.30236
G1 F481.9 X106.511 Y113.548 E173.3678
G1 X106.6 Y114.325 E173.43257
G1 F482.9 X106.859 Y115.071 E173.49783
G1 F477.1 X107.155 Y115.546 E173.54465
G1 F480 X107.314 Y115.774 E173.56776
G1 X107.603 Y116.067 E173.60198
G1 X107.9 Y116.332 E173.63508
G1 X108.163 Y116.501 E173.66107
G1 F478.1 X108.664 Y116.781 E173.70899
G1 F482.9 X109.424 Y116.997 E173.77429
G1 F481.9 X110 Y117.03 E173.82207
;MESH:NONMESH
G0 F300 X110 Y117.03 Z4.79
G0 F12000 X110 Y117.53
;TIME_ELAPSED:113.027132
;LAYER:7
;note -- min layer time used
;TYPE:WALL-OUTER
;MESH:barrel.obj
G1 F480 X109.406 Y117.499 E173.87153
G1 F476.2 X108.565 Y117.279 E173.94439
G1 F472.4 X107.9 Y116.938 E174.00753
G1 F480 X107.67 Y116.772 E174.03111
G1 F479 X107.253 Y116.438 E174.07563
G1 F480 X106.964 Y116.118 E174.11148
G1 X106.731 Y115.83 E174.14228
G1 F478.1 X106.461 Y115.361 E174.18746
G1 F479 X106.339 Y115.123 E174.20974
G1 F474.3 X106.096 Y114.357 E174.27737
G1 F479 X106.01 Y113.548 E174.34515
G1 F478.1 X106.1 Y112.702 E174.41617
G1 F474.3 X106.339 Y111.973 E174.48073
G1 F481 X106.463 Y111.731 E174.5033
G1 F480 X106.731 Y111.266 E174.54792
G1 X106.961 Y110.98 E174.57844
G1 F479 X107.253 Y110.654 E174.6149
G1 F478.1 X107.582 Y110.389 E174.65017
G1 X107.895 Y110.158 E174.68265
G1 F470.6 X108.566 Y109.817 E174.74648
G1 F476.2 X109.402 Y109.596 E174.81896
G1 F481.9 X110.215 Y109.553 E174.88639
G1 F479 X111.048 Y109.683 E174.95663
G1 F474.3 X111.771 Y109.961 E175.02181
G1 F481.9 X112.023 Y110.109 E175.04601
G1 F481 X112.447 Y110.386 E175.08804
G1 F481.9 X112.744 Y110.653 E175.12112
G1 X113.046 Y110.955 E175.15649
G1 F479 X113.304 Y111.309 E175.19298
G1 F480 X113.497 Y111.6 E175.22202
G1 F473.4 X113.812 Y112.304 E175.28705
G1 F477.1 X113.986 Y113.145 E175.35889
G1 F480 X113.986 Y113.951 E175.42591
G1 F478.1 X113.813 Y114.789 E175.49734
G1 F474.3 X113.497 Y115.492 E175.5622
G1 F481.9 X113.328 Y115.751 E175.58781
G1 F480 X113.045 Y116.141 E175.62788
G1 F481.9 X112.744 Y116.443 E175.66319
G1 X112.447 Y116.709 E175.69621
G1 F480 X112.024 Y116.984 E175.73816
G1 F481.9 X111.771 Y117.131 E175.76239
G1 F474.3 X111.049 Y117.412 E175.82759
G1 F477.1 X110.215 Y117.541 E175.89818
G1 F480 X110 Y117.53 E175.91608
G0 F12000 X110 Y117.03
G1 F481 X110.2 Y117.042 E175.93271
G1 F481.9 X110.984 Y116.909 E175.99856
G1 F485.8 X111.698 Y116.612 E176.06209
G1 F479 X112.14 Y116.303 E176.10703
G1 F481.9 X112.409 Y116.089 E176.13549
G1 X112.656 Y115.812 E176.16623
G1 F480 X112.913 Y115.49 E176.20049
G1 F481 X113.048 Y115.254 E176.22305
G1 F479 X113.313 Y114.71 E176.27347
G1 F481.9 X113.486 Y113.925 E176.34004
G1 F481 X113.486 Y113.161 E176.40344
G1 F483.9 X113.313 Y112.384 E176.4691
G1 F479 X113.047 Y111.838 E176.5197
G1 F480 X112.913 Y111.606 E176.54198
G1 F479 X112.656 Y111.285 E176.57624
G1 F481.9 X112.408 Y111.006 E176.60715
G1 X112.139 Y110.791 E176.63567
G1 F480 X111.71 Y110.487 E176.67939
G1 F487.8 X110.981 Y110.182 E176.74405
G1 F483.9 X110.2 Y110.052 E176.80936
G1 F480 X109.419 Y110.095 E176.87439
G1 X108.66 Y110.319 E176.9402
G1 F476.2 X108.157 Y110.597 E176.98837
G1 F478.1 X107.917 Y110.749 E177.01208
G1 X107.604 Y111.027 E177.04703
G1 F479 X107.333 Y111.297 E177.0789
G1 F480 X107.154 Y111.55 E177.10467
G1 F478.1 X106.859 Y112.021 E177.15107
G1 F483.9 X106.601 Y112.763 E177.21587
G1 F481.9 X106.511 Y113.548 E177.28131
G1 X106.6 Y114.325 E177.34608
G1 F482.9 X106.859 Y115.071 E177.41134
G1 F477.1 X107.155 Y115.546 E177.45816
G1 F480 X107.314 Y115.774 E177.48127
G1 X107.603 Y116.067 E177.51549
G1 X107.9 Y116.332 E177.54859
G1 X108.163 Y116.501 E177.57458
G1 F478.1 X108.664 Y116.781 E177.6225
G1 F482.9 X109.424 Y116.997 E177.6878
G1 F481.9 X110 Y117.03 E177.73558
;MESH:NONMESH
G0 F300 X110 Y117.03 Z5.19
G0 F12000 X110 Y117.53
;TIME_ELAPSED:119.132214
;LAYER:8
;note -- min layer time used
;TYPE:WALL-OUTER
;MESH:barrel.obj
G1 F480 X109.406 Y117.499 E177.78504
G1 F476.2 X108.565 Y117.279 E177.8579
G1 F472.4 X107.9 Y116.938 E177.92104
G1 F480 X107.67 Y116.772 E177.94462
G1 F479 X107.253 Y116.438 E177.98914
G1 F480 X106.964 Y116.118 E178.02499
G1 X106.731 Y115.83 E178.05579
G1 F478.1 X106.461 Y115.361 E178.10097
G1 F479 X106.339 Y115.123 E178.12325
G1 F474.3 X106.096 Y114.357 E178.19088
G1 F479 X106.01 Y113.548 E178.25866
G1 F478.1 X106.1 Y112.702 E178.32968
G1 F474.3 X106.339 Y111.973 E178.39424
G1 F481 X106.463 Y111.731 E178.41681
G1 F480 X106.731 Y111.266 E178.46143
G1 X106.961 Y110.98 E178.49195
G1 F479 X107.253 Y110.654 E178.52841
G1 F478.1 X107.582 Y110.389 E178.56368
G1 X107.895 Y110.158 E178.59616
G1 F470.6 X108.566 Y109.817 E178.65999
G1 F476.2 X109.402 Y109.596 E178.73247
G1 F481.9 X110.215 Y109.553 E178.7999
G1 F479 X111.048 Y109.683 E178.87014
G1 F474.3 X111.771 Y109.961 E178.93532
G1 F481.9 X112.023 Y110.109 E178.95952
G1 F481 X112.447 Y110.386 E179.00155
G1 F481.9 X112.744 Y110.653 E179.03463
G1 X113.046 Y110.955 E179.07
G1 F479 X113.304 Y111.309 E179.10649
G1 F480 X113.497 Y111.6 E179.13553
G1 F473.4 X113.812 Y112.304 E179.20056
G1 F477.1 X113.986 Y113.145 E179.2724
G1 F480 X113.986 Y113.951 E179.33942
G1 F478.1 X113.813 Y114.789 E179.41085
G1 F474.3 X113.497 Y115.492 E179.47571
G1 F481.9 X113.328 Y115.751 E179.50132
G1 F480 X113.045 Y116.141 E179.54139
G1 F481.9 X112.744 Y116.443 E179.5767
G1 X112.447 Y116.709 E179.60972
G1 F480 X112.024 Y116.984 E179.65167
G1 F481.9 X111.771 Y117.131 E179.6759
G1 F474.3 X111.049 Y117.412 E179.7411
G1 F477.1 X110.215 Y117.541 E179.81169
G1 F480 X110 Y117.53 E179.82959
G0 F12000 X110 Y117.03
G1 F481 X110.2 Y117.042 E179.84622
G1 F481.9 X110.984 Y116.909 E179.91207
G1 F485.8 X111.698 Y116.612 E179.9756
G1 F479 X112.14 Y116.303 E180.02054
G1 F481.9 X112.409 Y116.089 E180.049
G1 X112.656 Y115.812 E180.07974
G1 F480 X112.913 Y115.49 E180.114
G1 F481 X113.048 Y115.254 E180.13656
G1 F479 X113.313 Y114.71 E180.18698
G1 F481.9 X113.486 Y113.925 E180.25355
G1 F481 X113.486 Y113.161 E180.31695
G1 F483.9 X113.313 Y112.384 E180.38261
G1 F479 X113.047 Y111.838 E180.43321
G1 F480 X112.913 Y111.606 E180.45549
G1 F479 X112.656 Y111.285 E180.48975
G1 F481.9 X112.408 Y111.006 E180.52066
G1 X112.139 Y110.791 E180.54918
G1 F480 X111.71 Y110.487 E180.5929
G1 F487.8 X110.981 Y110.182 E180.65756
G1 F483.9 X110.2 Y110.052 E180.72287
G1 F480 X109.419 Y110.095 E180.7879
G1 X108.66 Y110.319 E180.85371
G1 F476.2 X108.157 Y110.597 E180.90188
G1 F478.1 X107.917 Y110.749 E180.92559
G1 X107.604 Y111.027 E180.96054
G1 F479 X107.333 Y111.297 E180.99241
G1 F480 X107.154 Y111.55 E181.01818
G1 F478.1 X106.859 Y112.021 E181.06458
G1 F483.9 X106.601 Y112.763 E181.12938
G1 F481.9 X106.511 Y113.548 E181.19482
G1 X106.6 Y114.325 E181.25959
G1 F482.9 X106.859 Y115.071 E181.32485
G1 F477.1 X107.155 Y115.546 E181.37167
G1 F480 X107.314 Y115.774 E181.39478
G1 X107.603 Y116.067 E181.429
G1 X107.9 Y116.332 E181.4621
G1 X108.163 Y116.501 E181.48809
G1 F478.1 X108.664 Y116.781 E181.53601
G1 F482.9 X109.424 Y116.997 E181.60131
G1 F481.9 X110 Y117.03 E181.64909
;MESH:NONMESH
G0 F300 X110 Y117.03 Z5.59
G0 F12000 X110 Y117.53
;TIME_ELAPSED:125.237296
;LAYER:9
;note -- min layer time used
;TYPE:WALL-OUTER
;MESH:barrel.obj
G1 F480 X109.406 Y117.499 E181.69855
G1 F476.2 X108.565 Y117.279 E181.77141
G1 F472.4 X107.9 Y116.938 E181.83455
G1 F480 X107.67 Y116.772 E181.85813
G1 F479 X107.253 Y116.438 E181.90265
G1 F480 X106.964 Y116.118 E181.9385
G1 X106.731 Y115.83 E181.9693
G1 F478.1 X106.461 Y115.361 E182.01448
G1 F479 X106.339 Y115.123 E182.03676
G1 F474.3 X106.096 Y114.357 E182.10439
G1 F479 X106.01 Y113.548 E182.17217
G1 F478.1 X106.1 Y112.702 E182.24319
G1 F474.3 X106.339 Y111.973 E182.30775
G1 F481 X106.463 Y111.731 E182.33032
G1 F480 X106.731 Y111.266 E182.37494
G1 X106.961 Y110.98 E182.40546
G1 F479 X107.253 Y110.654 E182.44192
G1 F478.1 X107.582 Y110.389 E182.47719
G1 X107.895 Y110.158 E182.50967
G1 F470.6 X108.566 Y109.817 E182.5735
G1 F476.2 X109.402 Y109.596 E182.64598
G1 F481.9 X110.215 Y109.553 E182.71341
G1 F479 X111.048 Y109.683 E182.78365
G1 F474.3 X111.771 Y109.961 E182.84883
G1 F481.9 X112.023 Y110.109 E182.87303
G1 F481 X112.447 Y110.386 E182.91506
G1 F481.9 X112.744 Y110.653 E182.94814
G1 X113.046 Y110.955 E182.98351
G1 F479 X113.304 Y111.309 E183.02
G1 F480 X113.497 Y111.6 E183.04904
G1 F473.4 X113.812 Y112.304 E183.11407
G1 F477.1 X113.986 Y113.145 E183.18591
G1 F480 X113.986 Y113.951 E183.25293
G1 F478.1 X113.813 Y114.789 E183.32436
G1 F474.3 X113.497 Y115.492 E183.38922
G1 F481.9 X113.328 Y115.751 E183.41483
G1 F480 X113.045 Y116.141 E183.4549
G1 F481.9 X112.744 Y116.443 E183.49021
G1 X112.447 Y116.709 E183.52323
G1 F480 X112.024 Y116.984 E183.56518
G1 F481.9 X111.771 Y117.131 E183.58941
G1 F474.3 X111.049 Y117.412 E183.65461
G1 F477.1 X110.215 Y117.541 E183.7252
G1 F480 X110 Y117.53 E183.7431
G0 F12000 X110 Y117.03
G1 F481 X110.2 Y117.042 E183.75973
G1 F481.9 X110.984 Y116.909 E183.82558
G1 F485.8 X111.698 Y116.612 E183.88911
G1 F479 X112.14 Y116.303 E183.93405
G1 F481.9 X112.409 Y116.089 E183.96251
G1 X112.656 Y115.812 E183.99325
G1 F480 X112.913 Y115.49 E184.02751
G1 F481 X113.048 Y115.254 E184.05007
G1 F479 X113.313 Y114.71 E184.10049
G1 F481.9 X113.486 Y113.925 E184.16706
G1 F481 X113.486 Y113.161 E184.23046
G1 F483.9 X113.313 Y112.384 E184.29612
G1 F479 X113.047 Y111.838 E184.34672
G1 F480 X112.913 Y111.606 E184.369
G1 F479 X112.656 Y111.285 E184.40326
G1 F481.9 X112.408 Y111.006 E184.43417
G1 X112.139 Y110.791 E184.46269
G1 F480 X111.71 Y110.487 E184.50641
G1 F487.8 X110.981 Y110.182 E184.57107
G1 F483.9 X110.2 Y110.052 E184.63638
G1 F480 X109.419 Y110.095 E184.70141
G1 X108.66 Y110.319 E184.76722
G1 F476.2 X108.157 Y110.597 E184.81539
G1 F478.1 X107.917 Y110.749 E184.8391
G1 X107.604 Y111.027 E184.87405
G1 F479 X107.333 Y111.297 E184.90592
G1 F480 X107.154 Y111.55 E184.93169
G1 F478.1 X106.859 Y112.021 E184.97809
G1 F483.9 X106.601 Y112.763 E185.04289
G1 F481.9 X106.511 Y113.548 E185.10833
G1 X106.6 Y114.325 E185.1731
G1 F482.9 X106.859 Y115.071 E185.23836
G1 F477.1 X107.155 Y115.546 E185.28518
G1 F480 X107.314 Y115.774 E185.30829
G1 X107.603 Y116.067 E185.34251
G1 X107.9 Y116.332 E185.37561
G1 X108.163 Y116.501 E185.4016
G1 F478.1 X108.664 Y116.781 E185.44952
G1 F482.9 X109.424 Y116.997 E185.51482
G1 F481.9 X110 Y117.03 E185.5626
;MESH:NONMESH
G0 F300 X110 Y117.03 Z5.99
G0 F12000 X110 Y117.53
;TIME_ELAPSED:131.342379
;LAYER:10
;note -- min layer time used
;TYPE:WALL-OUTER
;MESH:barrel.obj
G1 F480 X109.406 Y117.499 E185.61206
G1 F476.2 X108.565 Y117.279 E185.68492
G1 F472.4 X107.9 Y116.938 E185.74806
G1 F480 X107.67 Y116.772 E185.77164
G1 F479 X107.253 Y116.438 E185.81616
G1 F480 X106.964 Y116.118 E185.85201
G1 X106.731 Y115.83 E185.88281
G1 F478.1 X106.461 Y115.361 E185.92799
G1 F479 X106.339 Y115.123 E185.95027
G1 F474.3 X106.096 Y114.357 E186.0179
G1 F479 X106.01 Y113.548 E186.08568
G1 F478.1 X106.1 Y112.702 E186.1567
G1 F474.3 X106.339 Y111.973 E186.22126
G1 F481 X106.463 Y111.731 E186.24383
G1 F480 X106.731 Y111.266 E186.28845
G1 X106.961 Y110.98 E186.31897
G1 F479 X107.253 Y110.654 E186.35543
G1 F478.1 X107.582 Y110.389 E186.3907
G1 X107.895 Y110.158 E186.42318
G1 F470.6 X108.566 Y109.817 E186.48701
G1 F476.2 X109.402 Y109.596 E186.55949
G1 F481.9 X110.215 Y109.553 E186.62692
G1 F479 X111.048 Y109.683 E186.69716
G1 F474.3 X111.771 Y109.961 E186.76234
G1 F481.9 X112.023 Y110.109 E186.78654
G1 F481 X112.447 Y110.386 E186.82857
G1 F481.9 X112.744 Y110.653 E186.86165
G1 X113.046 Y110.955 E186.89702
G1 F479 X113.304 Y111.309 E186.93351
G1 F480 X113.497 Y111.6 E186.96255
G1 F473.4 X113.812 Y112.304 E187.02758
G1 F477.1 X113.986 Y113.145 E187.09942
G1 F480 X113.986 Y113.951 E187.16644
G1 F478.1 X113.813 Y114.789 E187.23787
G1 F474.3 X113.497 Y115.492 E187.30273
G1 F481.9 X113.328 Y115.751 E187.32834
G1 F480 X113.045 Y116.141 E187.36841
G1 F481.9 X112.744 Y116.443 E187.40372
G1 X112.447 Y116.709 E187.43674
G1 F480 X112.024 Y116.984 E187.47869
G1 F481.9 X111.771 Y117.131 E187.50292
G1 F474.3 X111.049 Y117.412 E187.56812
G1 F477.1 X110.215 Y117.541 E187.63871
G1 F480 X110 Y117.53 E187.65661
G0 F12000 X110 Y117.03
G1 F481 X110.2 Y117.042 E187.67324
G1 F481.9 X110.984 Y116.909 E187.73909
G1 F485.8 X111.698 Y116.612 E187.80262
G1 F479 X112.14 Y116.303 E187.84756
G1 F481.9 X112.409 Y116.089 E187.87602
G1 X112.656 Y115.812 E187.90676
G1 F480 X112.913 Y115.49 E187.94102
G1 F481 X113.048 Y115.254 E187.96358
G1 F479 X113.313 Y114.71 E188.014
G1 F481.9 X113.486 Y113.925 E188.08057
G1 F481 X113.486 Y113.161 E188.14397
G1 F483.9 X113.313 Y112.384 E188.20963
G1 F479 X113.047 Y111.838 E188.26023
G1 F480 X112.913 Y111.606 E188.28251
G1 F479 X112.656 Y111.285 E188.31677
G1 F481.9 X112.408 Y111.006 E188.34768
G1 X112.139 Y110.791 E188.3762
G1 F480 X111.71 Y110.487 E188.41992
G1 F487.8 X110.981 Y110.182 E188.48458
G1 F483.9 X110.2 Y110.052 E188.54989
G1 F480 X109.419 Y110.095 E188.61492
G1 X108.66 Y110.319 E188.68073
G1 F476.2 X108.157 Y110.597 E188.7289
G1 F478.1 X107.917 Y110.749 E188.75261
G1 X107.604 Y111.027 E188.78756
G1 F479 X107.333 Y111.297 E188.81943
G1 F480 X107.154 Y111.55 E188.8452
G1 F478.1 X106.859 Y112.021 E188.8916
G1 F483.9 X106.601 Y112.763 E188.9564
G1 F481.9 X106.511 Y113.548 E189.02184
G1 X106.6 Y114.325 E189.08661
G1 F482.9 X106.859 Y115.071 E189.15187
G1 F477.1 X107.155 Y115.546 E189.19869
G1 F480 X107.314 Y115.774 E189.2218
G1 X107.603 Y116.067 E189.25602
G1 X107.9 Y116.332 E189.28912
G1 X108.163 Y116.501 E189.31511
G1 F478.1 X108.664 Y116.781 E189.36303
G1 F482.9 X109.424 Y116.997 E189.42833
G1 F481.9 X110 Y117.03 E189.47611
;MESH:NONMESH
G0 F300 X110 Y117.03 Z6.39
G0 F12000 X110 Y117.53
;TIME_ELAPSED:137.447461
;LAYER:11
;note -- min layer time used
;TYPE:WALL-OUTER
;MESH:barrel.obj
G1 F480 X109.406 Y117.499 E189.52557
G1 F476.2 X108.565 Y117.279 E189.59843
G1 F472.4 X107.9 Y116.938 E189.66157
G1 F480 X107.67 Y116.772 E189.68515
G1 F479 X107.253 Y116.438 E189.72967
G1 F480 X106.964 Y116.118 E189.76552
G1 X106.731 Y115.83 E189.79632
G1 F478.1 X106.461 Y115.361 E189.8415
G1 F479 X106.339 Y115.123 E189.86378
G1 F474.3 X106.096 Y114.357 E189.93141
G1 F479 X106.01 Y113.548 E189.99919
G1 F478.1 X106.1 Y112.702 E190.07021
G1 F474.3 X106.339 Y111.973 E190.13477
G1 F481 X106.463 Y111.731 E190.15734
G1 F480 X106.731 Y111.266 E190.20196
G1 X106.961 Y110.98 E190.23248
G1 F479 X107.253 Y110.654 E190.26894
G1 F478.1 X107.582 Y110.389 E190.30421
G1 X107.895 Y110.158 E190.33669
G1 F470.6 X108.566 Y109.817 E190.40052
G1 F476.2 X109.402 Y109.596 E190.473
G1 F481.9 X110.215 Y109.553 E190.54043
G1 F479 X111.048 Y109.683 E190.61067
G1 F474.3 X111.771 Y109.961 E190.67585
G1 F481.9 X112.023 Y110.109 E190.70005
G1 F481 X112.447 Y110.386 E190.74208
G1 F481.9 X112.744 Y110.653 E190.77516
G1 X113.046 Y110.955 E190.81053
G1 F479 X113.304 Y111.309 E190.84702
G1 F480 X113.497 Y111.6 E190.87606
G1 F473.4 X113.812 Y112.304 E190.94109
G1 F477.1 X113.986 Y113.145 E191.01293
G1 F480 X113.986 Y113.951 E191.07995
G1 F478.1 X113.813 Y114.789 E191.15138
G1 F474.3 X113.497 Y115.492 E191.21624
G1 F481.9 X113.328 Y115.751 E191.24185
G1 F480 X113.045 Y116.141 E191.28192
G1 F481.9 X112.744 Y116.443 E191.31723
G1 X112.447 Y116.709 E191.35025
G1 F480 X112.024 Y116.984 E191.3922
G1 F481.9 X111.771 Y117.131 E191.41643
G1 F474.3 X111.049 Y117.412 E191.48163
G1 F477.1 X110.215 Y117.541 E191.55222
G1 F480 X110 Y117.53 E191.57012
G0 F12000 X110 Y117.03
G1 F481 X110.2 Y117.042 E191.58675
G1 F481.9 X110.984 Y116.909 E191.6526
G1 F485.8 X111.698 Y116.612 E191.71613
G1 F479 X112.14 Y116.303 E191.76107
G1 F481.9 X112.409 Y116.089 E191.78953
G1 X112.656 Y115.812 E191.82027
G1 F480 X112.913 Y115.49 E191.85453
G1 F481 X113.048 Y115.254 E191.87709
G1 F479 X113.313 Y114.71 E191.92751
G1 F481.9 X113.486 Y113.925 E191.99408
G1 F481 X113.486 Y113.161 E192.05748
G1 F483.9 X113.313 Y112.384 E192.12314
G1 F479 X113.047 Y111.838 E192.17374
G1 F480 X112.913 Y111.606 E192.19602
G1 F479 X112.656 Y111.285 E192.23028
G1 F481.9 X112.408 Y111.006 E192.26119
G1 X112.139 Y110.791 E192.28971
G1 F480 X111.71 Y110.487 E192.33343
G1 F487.8 X110.981 Y110.182 E192.39809
G1 F483.9 X110.2 Y110.052 E192.4634
G1 F480 X109.419 Y110.095 E192.52843
G1 X108.66 Y110.319 E192.59424
G1 F476.2 X108.157 Y110.597 E192.64241
G1 F478.1 X107.917 Y110.749 E192.66612
G1 X107.604 Y111.027 E192.70107
G1 F479 X107.333 Y111.297 E192.73294
G1 F480 X107.154 Y111.55 E192.75871
G1 F478.1 X106.859 Y112.021 E192.80511
G1 F483.9 X106.601 Y112.763 E192.86991
G1 F481.9 X106.511 Y113.548 E192.93535
G1 X106.6 Y114.325 E193.00012
G1 F482.9 X106.859 Y115.071 E193.06538
G1 F477.1 X107.155 Y115.546 E193.1122
G1 F480 X107.314 Y115.774 E193.13531
G1 X107.603 Y116.067 E193.16953
G1 X107.9 Y116.332 E193.20263
G1 X108.163 Y116.501 E193.22862
G1 F478.1 X108.664 Y116.781 E193.27654
G1 F482.9 X109.424 Y116.997 E193.34184
G1 F481.9 X110 Y117.03 E193.38962
;MESH:NONMESH
G0 F300 X110 Y117.03 Z6.79
G0 F12000 X110 Y117.53
;TIME_ELAPSED:143.552544
;LAYER:12
;note -- min layer time used
;TYPE:WALL-OUTER
;MESH:barrel.obj
G1 F480 X109.406 Y117.499 E193.43908
G1 F476.2 X108.565 Y117.279 E193.51194
G1 F472.4 X107.9 Y116.938 E193.57508
G1 F480 X107.67 Y116.772 E193.59866
G1 F479 X107.253 Y116.438 E193.64318
G1 F480 X106.964 Y116.118 E193.67903
G1 X106.731 Y115.83 E193.70983
G1 F478.1 X106.461 Y115.361 E193.75501
G1 F479 X106.339 Y115.123 E193.77729
G1 F474.3 X106.096 Y114.357 E193.84492
G1 F479 X106.01 Y113.548 E193.9127
G1 F478.1 X106.1 Y112.702 E193.98372
G1 F474.3 X106.339 Y111.973 E194.04828
G1 F481 X106.463 Y111.731 E194.07085
G1 F480 X106.731 Y111.266 E194.11547
G1 X106.961 Y110.98 E194.14599
G1 F479 X107.253 Y110.654 E194.18245
G1 F478.1 X107.582 Y110.389 E194.21772
G1 X107.895 Y110.158 E194.2502
G1 F470.6 X108.566 Y109.817 E194.31403
G1 F476.2 X109.402 Y109.596 E194.38651
G1 F481.9 X110.215 Y109.553 E194.45394
G1 F479 X111.048 Y109.683 E194.52418
G1 F474.3 X111.771 Y109.961 E194.58936
G1 F481.9 X112.023 Y110.109 E194.61356
G1 F481 X112.447 Y110.386 E194.65559
G1 F481.9 X112.744 Y110.653 E194.68867
G1 X113.046 Y110.955 E194.72404
G1 F479 X113.304 Y111.309 E194.76053
G1 F480 X113.497 Y111.6 E194.78957
G1 F473.4 X113.812 Y112.304 E194.8546
G1 F477.1 X113.986 Y113.145 E194.92644
G1 F480 X113.986 Y113.951 E194.99346
G1 F478.1 X113.813 Y114.789 E195.06489
G1 F474.3 X113.497 Y115.492 E195.12975
G1 F481.9 X113.328 Y115.751 E195.15536
G1 F480 X113.045 Y116.141 E195.19543
G1 F481.9 X112.744 Y116.443 E195.23074
G1 X112.447 Y116.709 E195.26376
G1 F480 X112.024 Y116.984 E195.30571
G1 F481.9 X111.771 Y117.131 E195.32994
G1 F474.3 X111.049 Y117.412 E195.39514
G1 F477.1 X110.215 Y117.541 E195.46573
G1 F480 X110 Y117.53 E195.48363
G0 F12000 X110 Y117.03
G1 F481 X110.2 Y117.042 E195.50026
G1 F481.9 X110.984 Y116.909 E195.56611
G1 F485.8 X111.698 Y116.612 E195.62964
G1 F479 X112.14 Y116.303 E195.67458
G1 F481.9 X112.409 Y116.089 E195.70304
G1 X112.656 Y115.812 E195.73378
G1 F480 X112.913 Y115.49 E195.76804
G1 F481 X113.048 Y115.254 E195.7906
G1 F479 X113.313 Y114.71 E195.84102
G1 F481.9 X113.486 Y113.925 E195.90759
G1 F481 X113.486 Y113.161 E195.97099
G1 F483.9 X113.313 Y112.384 E196.03665
G1 F479 X113.047 Y111.838 E196.08725
G1 F480 X112.913 Y111.606 E196.10953
G1 F479 X112.656 Y111.285 E196.14379
G1 F481.9 X112.408 Y111.006 E196.1747
G1 X112.139 Y110.791 E196.20322
G1 F480 X111.71 Y110.487 E196.24694
G1 F487.8 X110.981 Y110.182 E196.3116
G1 F483.9 X110.2 Y110.052 E196.37691
G1 F480 X109.419 Y110.095 E196.44194
G1 X108.66 Y110.319 E196.50775
G1 F476.2 X108.157 Y110.597 E196.55592
G1 F478.1 X107.917 Y110.749 E196.57963
G1 X107.604 Y111.027 E196.61458
G1 F479 X107.333 Y111.297 E196.64645
G1 F480 X107.154 Y111.55 E196.67222
G1 F478.1 X106.859 Y112.021 E196.71862
G1 F483.9 X106.601 Y112.763 E196.78342
G1 F481.9 X106.511 Y113.548 E196.84886
G1 X106.6 Y114.325 E196.91363
G1 F482.9 X106.859 Y115.071 E196.97889
G1 F477.1 X107.155 Y115.546 E197.02571
G1 F480 X107.314 Y115.774 E197.04882
G1 X107.603 Y116.067 E197.08304
G1 X107.9 Y116.332 E197.11614
G1 X108.163 Y116.501 E197.14213
G1 F478.1 X108.664 Y116.781 E197.19005
G1 F482.9 X109.424 Y116.997 E197.25535
G1 F481.9 X110 Y117.03 E197.30313
;MESH:NONMESH
G0 F300 X110 Y117.03 Z7.19
G0 F12000 X110 Y117.53
;TIME_ELAPSED:149.657626
;LAYER:13
;note -- min layer time used
;TYPE:WALL-OUTER
;MESH:barrel.obj
G1 F480 X109.406 Y117.499 E197.35259
G1 F476.2 X108.565 Y117.279 E197.42545
G1 F472.4 X107.9 Y116.938 E197.48859
G1 F480 X107.67 Y116.772 E197.51217
G1 F479 X107.253 Y116.438 E197.55669
G1 F480 X106.964 Y116.118 E197.59254
G1 X106.731 Y115.83 E197.62334
G1 F478.1 X106.461 Y115.361 E197.66852
G1 F479 X106.339 Y115.123 E197.6908
G1 F474.3 X106.096 Y114.357 E197.75843
G1 F479 X106.01 Y113.548 E197.82621
G1 F478.1 X106.1 Y112.702 E197.89723
G1 F474.3 X106.339 Y111.973 E197.96179
G1 F481 X106.463 Y111.731 E197.98436
G1 F480 X106.731 Y111.266 E198.02898
G1 X106.961 Y110.98 E198.0595
G1 F479 X107.253 Y110.654 E198.09596
G1 F478.1 X107.582 Y110.389 E198.13123
G1 X107.895 Y110.158 E198.16371
G1 F470.6 X108.566 Y109.817 E198.22754
G1 F476.2 X109.402 Y109.596 E198.30002
G1 F481.9 X110.215 Y109.553 E198.36745
G1 F479 X111.048 Y109.683 E198.43769
G1 F474.3 X111.771 Y109.961 E198.50287
G1 F481.9 X112.023 Y110.109 E198.52707
G1 F481 X112.447 Y110.386 E198.5691
G1 F481.9 X112.744 Y110.653 E198.60218
G1 X113.046 Y110.955 E198.63755
G1 F479 X113.304 Y111.309 E198.67404
G1 F480 X113.497 Y111.6 E198.70308
G1 F473.4 X113.812 Y112.304 E198.76811
G1 F477.1 X113.986 Y113.145 E198.83995
G1 F480 X113.986 Y113.951 E198.90697
G1 F478.1 X113.813 Y114.789 E198.9784
G1 F474.3 X113.497 Y115.492 E199.04326
G1 F481.9 X113.328 Y115.751 E199.06887
G1 F480 X113.045 Y116.141 E199.10894
G1 F481.9 X112.744 Y116.443 E199.14425
G1 X112.447 Y116.709 E199.17727
G1 F480 X112.024 Y116.984 E199.21922
G1 F481.9 X111.771 Y117.131 E199.24345
G1 F474.3 X111.049 Y117.412 E199.30865
G1 F477.1 X110.215 Y117.541 E199.37924
G1 F480 X110 Y117.53 E199.39714
G0 F12000 X110 Y117.03
G1 F481 X110.2 Y117.042 E199.41377
G1 F481.9 X110.984 Y116.909 E199.47962
G1 F485.8 X111.698 Y116.612 E199.54315
G1 F479 X112.14 Y116.303 E199.58809
G1 F481.9 X112.409 Y116.089 E199.61655
G1 X112.656 Y115.812 E199.64729
G1 F480 X112.913 Y115.49 E199.68155
G1 F481 X113.048 Y115.254 E199.70411
G1 F479 X113.313 Y114.71 E199.75453
G1 F481.9 X113.486 Y113.925 E199.8211
G1 F481 X113.486 Y113.161 E199.8845
G1 F483.9 X113.313 Y112.384 E199.95016
G1 F479 X113.047 Y111.838 E200.00076
G1 F480 X112.913 Y111.606 E200.02304
G1 F479 X112.656 Y111.285 E200.0573
G1 F481.9 X112.408 Y111.006 E200.08821
G1 X112.139 Y110.791 E200.11673
G1 F480 X111.71 Y110.487 E200.16045
G1 F487.8 X110.981 Y110.182 E200.22511
G1 F483.9 X110.2 Y110.052 E200.29042
G1 F480 X109.419 Y110.095 E200.35545
G1 X108.66 Y110.319 E200.42126
G1 F476.2 X108.157 Y110.597 E200.46943
G1 F478.1 X107.917 Y110.749 E200.49314
G1 X107.604 Y111.027 E200.52809
G1 F479 X107.333 Y111.297 E200.55996
G1 F480 X107.154 Y111.55 E200.58573
G1 F478.1 X106.859 Y112.021 E200.63213
G1 F483.9 X106.601 Y112.763 E200.69693
G1 F481.9 X106.511 Y113.548 E200.76237
G1 X106.6 Y114.325 E200.82714
G1 F482.9 X106.859 Y115.071 E200.8924
G1 F477.1 X107.155 Y115.546 E200.93922
G1 F480 X107.314 Y115.774 E200.96233
G1 X107.603 Y116.067 E200.99655
G1 X107.9 Y116.332 E201.02965
G1 X108.163 Y116.501 E201.05564
G1 F478.1 X108.664 Y116.781 E201.10356
G1 F482.9 X109.424 Y116.997 E201.16886
G1 F481.9 X110 Y117.03 E201.21664
;MESH:NONMESH
G0 F300 X110 Y117.03 Z7.59
G0 F12000 X110 Y117.53
;TIME_ELAPSED:155.762709
;LAYER:14
;note -- min layer time used
;TYPE:WALL-OUTER
;MESH:barrel.obj
G1 F480 X109.406 Y117.499 E201.2661
G1 F476.2 X108.565 Y117.279 E201.33896
G1 F472.4 X107.9 Y116.938 E201.4021
G1 F480 X107.67 Y116.772 E201.42568
G1 F479 X107.253 Y116.438 E201.4702
G1 F480 X106.964 Y116.118 E201.50605
G1 X106.731 Y115.83 E201.53685
G1 F478.1 X106.461 Y115.361 E201.58203
G1 F479 X106.339 Y115.123 E201.60431
G1 F474.3 X106.096 Y114.357 E201.67194
G1 F479 X106.01 Y113.548 E201.73972
G1 F478.1 X106.1 Y112.702 E201.81074
G1 F474.3 X106.339 Y111.973 E201.8753
G1 F481 X106.463 Y111.731 E201.89787
G1 F480 X106.731 Y111.266 E201.94249
G1 X106.961 Y110.98 E201.97301
G1 F479 X107.253 Y110.654 E202.00947
G1 F478.1 X107.582 Y110.389 E202.04474
G1 X107.895 Y110.158 E202.07722
G1 F470.6 X108.566 Y109.817 E202.14105
G1 F476.2 X109.402 Y109.596 E202.21353
G1 F481.9 X110.215 Y109.553 E202.28096
G1 F479 X111.048 Y109.683 E202.3512
G1 F474.3 X111.771 Y109.961 E202.41638
G1 F481.9 X112.023 Y110.109 E202.44058
G1 F481 X112.447 Y110.386 E202.48261
G1 F481.9 X112.744 Y110.653 E202.51569
G1 X113.046 Y110.955 E202.55106
G1 F479 X113.304 Y111.309 E202.58755
G1 F480 X113.497 Y111.6 E202.61659
G1 F473.4 X113.812 Y112.304 E202.68162
G1 F477.1 X113.986 Y113.145 E202.75346
G1 F480 X113.986 Y113.951 E202.82048
G1 F478.1 X113.813 Y114.789 E202.89191
G1 F474.3 X113.497 Y115.492 E202.95677
G1 F481.9 X113.328 Y115.751 E202.98238
G1 F480 X113.045 Y116.141 E203.02245
G1 F481.9 X112.744 Y116.443 E203.05776
G1 X112.447 Y116.709 E203.09078
G1 F480 X112.024 Y116.984 E203.13273
G1 F481.9 X111.771 Y117.131 E203.15696
G1 F474.3 X111.049 Y117.412 E203.22216
G1 F477.1 X110.215 Y117.541 E203.29275
G1 F480 X110 Y117.53 E203.31065
G0 F12000 X110 Y117.03
G1 F481 X110.2 Y117.042 E203.32728
G1 F481.9 X110.984 Y116.909 E203.39313
G1 F485.8 X111.698 Y116.612 E203.45666
G1 F479 X112.14 Y116.303 E203.5016
G1 F481.9 X112.409 Y116.089 E203.53006
G1 X112.656 Y115.812 E203.5608
G1 F480 X112.913 Y115.49 E203.59506
G1 F481 X113.048 Y115.254 E203.61762
G1 F479 X113.313 Y114.71 E203.66804
G1 F481.9 X113.486 Y113.925 E203.73461
G1 F481 X113.486 Y113.161 E203.79801
G1 F483.9 X113.313 Y112.384 E203.86367
G1 F479 X113.047 Y111.838 E203.91427
G1 F480 X112.913 Y111.606 E203.93655
G1 F479 X112.656 Y111.285 E203.97081
G1 F481.9 X112.408 Y111.006 E204.00172
G1 X112.139 Y110.791 E204.03024
G1 F480 X111.71 Y110.487 E204.07396
G1 F487.8 X110.981 Y110.182 E204.13862
G1 F483.9 X110.2 Y110.052 E204.20393
G1 F480 X109.419 Y110.095 E204.26896
G1 X108.66 Y110.319 E204.33477
G1 F476.2 X108.157 Y110.597 E204.38294
G1 F478.1 X107.917 Y110.749 E204.40665
G1 X107.604 Y111.027 E204.4416
G1 F479 X107.333 Y111.297 E204.47347
G1 F480 X107.154 Y111.55 E204.49924
G1 F478.1 X106.859 Y112.021 E204.54564
G1 F483.9 X106.601 Y112.763 E204.61044
G1 F481.9 X106.511 Y113.548 E204.67588
G1 X106.6 Y114.325 E204.74065
G1 F482.9 X106.859 Y115.071 E204.80591
G1 F477.1 X107.155 Y115.546 E204.85273
G1 F480 X107.314 Y115.774 E204.87584
G1 X107.603 Y116.067 E204.91006
G1 X107.9 Y116.332 E204.94316
G1 X108.163 Y116.501 E204.96915
G1 F478.1 X108.664 Y116.781 E205.01707
G1 F482.9 X109.424 Y116.997 E205.08237
G1 F481.9 X110 Y117.03 E205.13015
;MESH:NONMESH
G0 F300 X110 Y117.03 Z7.99
G0 F12000 X110 Y117.53
;TIME_ELAPSED:161.867791
;LAYER:15
;note -- min layer time used
;TYPE:WALL-OUTER
;MESH:barrel.obj
G1 F480 X109.406 Y117.499 E205.17961
G1 F476.2 X108.565 Y117.279 E205.25247
G1 F472.4 X107.9 Y116.938 E205.31561
G1 F480 X107.67 Y116.772 E205.33919
G1 F479 X107.253 Y116.438 E205.38371
G1 F480 X106.964 Y116.118 E205.41956
G1 X106.731 Y115.83 E205.45036
G1 F478.1 X106.461 Y115.361 E205.49554
G1 F479 X106.339 Y115.123 E205.51782
G1 F474.3 X106.096 Y114.357 E205.58545
G1 F479 X106.01 Y113.548 E205.65323
G1 F478.1 X106.1 Y112.702 E205.72425
G1 F474.3 X106.339 Y111.973 E205.78881
G1 F481 X106.463 Y111.731 E205.81138
G1 F480 X106.731 Y111.266 E205.856
G1 X106.961 Y110.98 E205.88652
G1 F479 X107.253 Y110.654 E205.92298
G1 F478.1 X107.582 Y110.389 E205.95825
G1 X107.895 Y110.158 E205.99073
G1 F470.6 X108.566 Y109.817 E206.05456
G1 F476.2 X109.402 Y109.596 E206.12704
G1 F481.9 X110.215 Y109.553 E206.19447
G1 F479 X111.048 Y109.683 E206.26471
G1 F474.3 X111.771 Y109.961 E206.32989
G1 F481.9 X112.023 Y110.109 E206.35409
G1 F481 X112.447 Y110.386 E206.39612
G1 F481.9 X112.744 Y110.653 E206.4292
G1 X113.046 Y110.955 E206.46457
G1 F479 X113.304 Y111.309 E206.50106
G1 F480 X113.497 Y111.6 E206.5301
G1 F473.4 X113.812 Y112.304 E206.59513
G1 F477.1 X113.986 Y113.145 E206.66697
G1 F480 X113.986 Y113.951 E206.73399
G1 F478.1 X113.813 Y114.789 E206.80542
G1 F474.3 X113.497 Y115.492 E206.87028
G1 F481.9 X113.328 Y115.751 E206.89589
G1 F480 X113.045 Y116.141 E206.93596
G1 F481.9 X112.744 Y116.443 E206.97127
G1 X112.447 Y116.709 E207.00429
G1 F480 X112.024 Y116.984 E207.04624
G1 F481.9 X111.771 Y117.131 E207.07047
G1 F474.3 X111.049 Y117.412 E207.13567
G1 F477.1 X110.215 Y117.541 E207.20626
G1 F480 X110 Y117.53 E207.22416
G0 F12000 X110 Y117.03
G1 F481 X110.2 Y117.042 E207.24079
G1 F481.9 X110.984 Y116.909 E207.30664
G1 F485.8 X111.698 Y116.612 E207.37017
G1 F479 X112.14 Y116.303 E207.41511
G1 F481.9 X112.409 Y116.089 E207.44357
G1 X112.656 Y115.812 E207.47431
G1 F480 X112.913 Y115.49 E207.50857
G1 F481 X113.048 Y115.254 E207.53113
G1 F479 X113.313 Y114.71 E207.58155
G1 F481.9 X113.486 Y113.925 E207.64812
G1 F481 X113.486 Y113.161 E207.71152
G1 F483.9 X113.313 Y112.384 E207.77718
G1 F479 X113.047 Y111.838 E207.82778
G1 F480 X112.913 Y111.606 E207.85006
G1 F479 X112.656 Y111.285 E207.88432
G1 F481.9 X112.408 Y111.006 E207.91523
G1 X112.139 Y110.791 E207.94375
G1 F480 X111.71 Y110.487 E207.98747
G1 F487.8 X110.981 Y110.182 E208.05213
G1 F483.9 X110.2 Y110.052 E208.11744
G1 F480 X109.419 Y110.095 E208.18247
G1 X108.66 Y110.319 E208.24828
G1 F476.2 X108.157 Y110.597 E208.29645
G1 F478.1 X107.917 Y110.749 E208.32016
G1 X107.604 Y111.027 E208.35511
G1 F479 X107.333 Y111.297 E208.38698
G1 F480 X107.154 Y111.55 E208.41275
G1 F478.1 X106.859 Y112.021 E208.45915
G1 F483.9 X106.601 Y112.763 E208.52395
G1 F481.9 X106.511 Y113.548 E208.58939
G1 X106.6 Y114.325 E208.65416
G1 F482.9 X106.859 Y115.071 E208.71942
G1 F477.1 X107.155 Y115.546 E208.76624
G1 F480 X107.314 Y115.774 E208.78935
G1 X107.603 Y116.067 E208.82357
G1 X107.9 Y116.332 E208.85667
G1 X108.163 Y116.501 E208.88266
G1 F478.1 X108.664 Y116.781 E208.93058
G1 F482.9 X109.424 Y116.997 E208.99588
G1 F481.9 X110 Y117.03 E209.04366
;MESH:NONMESH
G0 F300 X110 Y117.03 Z8.39
G0 F12000 X110 Y117.53
;TIME_ELAPSED:167.972874
;LAYER:16
;note -- min layer time used
;TYPE:WALL-OUTER
;MESH:barrel.obj
G1 F480 X109.406 Y117.499 E209.09312
G1 F476.2 X108.565 Y117.279 E209.16598
G1 F472.4 X107.9 Y116.938 E209.22912
G1 F480 X107.67 Y116.772 E209.2527
G1 F479 X107.253 Y116.438 E209.29722
G1 F480 X106.964 Y116.118 E209.33307
G1 X106.731 Y115.83 E209.36387
G1 F478.1 X106.461 Y115.361 E209.40905
G1 F479 X106.339 Y115.123 E209.43133
G1 F474.3 X106.096 Y114.357 E209.49896
G1 F479 X106.01 Y113.548 E209.56674
G1 F478.1 X106.1 Y112.702 E209.63776
G1 F474.3 X106.339 Y111.973 E209.70232
G1 F481 X106.463 Y111.731 E209.72489
G1 F480 X106.731 Y111.266 E209.76951
G1 X106.961 Y110.98 E209.80003
G1 F479 X107.253 Y110.654 E209.83649
G1 F478.1 X107.582 Y110.389 E209.87176
G1 X107.895 Y110.158 E209.90424
G1 F470.6 X108.566 Y109.817 E209.96807
G1 F476.2 X109.402 Y109.596 E210.04055
G1 F481.9 X110.215 Y109.553 E210.10798
G1 F479 X111.048 Y109.683 E210.17822
G1 F474.3 X111.771 Y109.961 E210.2434
G1 F481.9 X112.023 Y110.109 E210.2676
G1 F481 X112.447 Y110.386 E210.30963
G1 F481.9 X112.744 Y110.653 E210.34271
G1 X113.046 Y110.955 E210.37808
G1 F479 X113.304 Y111.309 E210.41457
G1 F480 X113.497 Y111.6 E210.44361
G1 F473.4 X113.812 Y112.304 E210.50864
G1 F477.1 X113.986 Y113.145 E210.58048
G1 F480 X113.986 Y113.951 E210.6475
G1 F478.1 X113.813 Y114.789 E210.71893
G1 F474.3 X113.497 Y115.492 E210.78379
G1 F481.9 X113.328 Y115.751 E210.8094
G1 F480 X113.045 Y116.141 E210.84947
G1 F481.9 X112.744 Y116.443 E210.88478
G1 X112.447 Y116.709 E210.9178
G1 F480 X112.024 Y116.984 E210.95975
G1 F481.9 X111.771 Y117.131 E210.98398
G1 F474.3 X111.049 Y117.412 E211.04918
G1 F477.1 X110.215 Y117.541 E211.11977
G1 F480 X110 Y117.53 E211.13767
G0 F12000 X110 Y117.03
G1 F481 X110.2 Y117.042 E211.1543
G1 F481.9 X110.984 Y116.909 E211.22015
G1 F485.8 X111.698 Y116.612 E211.28368
G1 F479 X112.14 Y116.303 E211.32862
G1 F481.9 X112.409 Y116.089 E211.35708
G1 X112.656 Y115.812 E211.38782
G1 F480 X112.913 Y115.49 E211.42208
G1 F481 X113.048 Y115.254 E211.44464
G1 F479 X113.313 Y114.71 E211.49506
G1 F481.9 X113.486 Y113.925 E211.56163
G1 F481 X113.486 Y113.161 E211.62503
G1 F483.9 X113.313 Y112.384 E211.69069
G1 F479 X113.047 Y111.838 E211.74129
G1 F480 X112.913 Y111.606 E211.76357
G1 F479 X112.656 Y111.285 E211.79783
G1 F481.9 X112.408 Y111.006 E211.82874
G1 X112.139 Y110.791 E211.85726
G1 F480 X111.71 Y110.487 E211.90098
G1 F487.8 X110.981 Y110.182 E211.96564
G1 F483.9 X110.2 Y110.052 E212.03095
G1 F480 X109.419 Y110.095 E212.09598
G1 X108.66 Y110.319 E212.16179
G1 F476.2 X108.157 Y110.597 E212.20996
G1 F478.1 X107.917 Y110.749 E212.23367
G1 X107.604 Y111.027 E212.26862
G1 F479 X107.333 Y111.297 E212.30049
G1 F480 X107.154 Y111.55 E212.32626
G1 F478.1 X106.859 Y112.021 E212.37266
G1 F483.9 X106.601 Y112.763 E212.43746
G1 F481.9 X106.511 Y113.548 E212.5029
G1 X106.6 Y114.325 E212.56767
G1 F482.9 X106.859 Y115.071 E212.63293
G1 F477.1 X107.155 Y115.546 E212.67975
G1 F480 X107.314 Y115.774 E212.70286
G1 X107.603 Y116.067 E212.73708
G1 X107.9 Y116.332 E212.77018
G1 X108.163 Y116.501 E212.79617
G1 F478.1 X108.664 Y116.781 E212.84409
G1 F482.9 X109.424 Y116.997 E212.90939
G1 F481.9 X110 Y117.03 E212.95717
;MESH:NONMESH
G0 F300 X110 Y117.03 Z8.79
G0 F12000 X110 Y117.53
;TIME_ELAPSED:174.077956
;LAYER:17
;note -- min layer time used
;TYPE:WALL-OUTER
;MESH:barrel.obj
G1 F480 X109.406 Y117.499 E213.00663
G1 F476.2 X108.565 Y117.279 E213.07949
G1 F472.4 X107.9 Y116.938 E213.14263
G1 F480 X107.67 Y116.772 E213.16621
G1 F479 X107.253 Y116.438 E213.21073
G1 F480 X106.964 Y116.118 E213.24658
G1 X106.731 Y115.83 E213.27738
G1 F478.1 X106.461 Y115.361 E213.32256
G1 F479 X106.339 Y115.123 E213.34484
G1 F474.3 X106.096 Y114.357 E213.41247
G1 F479 X106.01 Y113.548 E213.48025
G1 F478.1 X106.1 Y112.702 E213.55127
G1 F474.3 X106.339 Y111.973 E213.61583
G1 F481 X106.463 Y111.731 E213.6384
G1 F480 X106.731 Y111.266 E213.68302
G1 X106.961 Y110.98 E213.71354
G1 F479 X107.253 Y110.654 E213.75
G1 F478.1 X107.582 Y110.389 E213.78527
G1 X107.895 Y110.158 E213.81775
G1 F470.6 X108.566 Y109.817 E213.88158
G1 F476.2 X109.402 Y109.596 E213.95406
G1 F481.9 X110.215 Y109.553 E214.02149
G1 F479 X111.048 Y109.683 E214.09173
G1 F474.3 X111.771 Y109.961 E214.15691
G1 F481.9 X112.023 Y110.109 E214.18111
G1 F481 X112.447 Y110.386 E214.22314
G1 F481.9 X112.744 Y110.653 E214.25622
G1 X113.046 Y110.955 E214.29159
G1 F479 X113.304 Y111.309 E214.32808
G1 F480 X113.497 Y111.6 E214.35712
G1 F473.4 X113.812 Y112.304 E214.42215
G1 F477.1 X113.986 Y113.145 E214.49399
G1 F480 X113.986 Y113.951 E214.56101
G1 F478.1 X113.813 Y114.789 E214.63244
G1 F474.3 X113.497 Y115.492 E214.6973
G1 F481.9 X113.328 Y115.751 E214.72291
G1 F480 X113.045 Y116.141 E214.76298
G1 F481.9 X112.744 Y116.443 E214.79829
G1 X112.447 Y116.709 E214.83131
G1 F480 X112.024 Y116.984 E214.87326
G1 F481.9 X111.771 Y117.131 E214.89749
G1 F474.3 X111.049 Y117.412 E214.96269
G1 F477.1 X110.215 Y117.541 E215.03328
G1 F480 X110 Y117.53 E215.05118
G0 F12000 X110 Y117.03
G1 F481 X110.2 Y117.042 E215.06781
G1 F481.9 X110.984 Y116.909 E215.13366
G1 F485.8 X111.698 Y116.612 E215.19719
G1 F479 X112.14 Y116.303 E215.24213
G1 F481.9 X112.409 Y116.089 E215.27059
G1 X112.656 Y115.812 E215.30133
G1 F480 X112.913 Y115.49 E215.33559
G1 F481 X113.048 Y115.254 E215.35815
G1 F479 X113.313 Y114.71 E215.40857
G1 F481.9 X113.486 Y113.925 E215.47514
G1 F481 X113.486 Y113.161 E215.53854
G1 F483.9 X113.313 Y112.384 E215.6042
G1 F479 X113.047 Y111.838 E215.6548
G1 F480 X112.913 Y111.606 E215.67708
G1 F479 X112.656 Y111.285 E215.71134
G1 F481.9 X112.408 Y111.006 E215.74225
G1 X112.139 Y110.791 E215.77077
G1 F480 X111.71 Y110.487 E215.81449
G1 F487.8 X110.981 Y110.182 E215.87915
G1 F483.9 X110.2 Y110.052 E215.94446
G1 F480 X109.419 Y110.095 E216.00949
G1 X108.66 Y110.319 E216.0753
G1 F476.2 X108.157 Y110.597 E216.12347
G1 F478.1 X107.917 Y110.749 E216.14718
G1 X107.604 Y111.027 E216.18213
G1 F479 X107.333 Y111.297 E216.214
G1 F480 X107.154 Y111.55 E216.23977
G1 F478.1 X106.859 Y112.021 E216.28617
G1 F483.9 X106.601 Y112.763 E216.35097
G1 F481.9 X106.511 Y113.548 E216.41641
G1 X106.6 Y114.325 E216.48118
G1 F482.9 X106.859 Y115.071 E216.54644
G1 F477.1 X107.155 Y115.546 E216.59326
G1 F480 X107.314 Y115.774 E216.61637
G1 X107.603 Y116.067 E216.65059
G1 X107.9 Y116.332 E216.68369
G1 X108.163 Y116.501 E216.70968
G1 F478.1 X108.664 Y116.781 E216.7576
G1 F482.9 X109.424 Y116.997 E216.8229
G1 F481.9 X110 Y117.03 E216.87068
;MESH:NONMESH
G0 F300 X110 Y117.03 Z9.19
G0 F12000 X110 Y117.53
;TIME_ELAPSED:180.183038
;LAYER:18
;note -- min layer time used
;TYPE:WALL-OUTER
;MESH:barrel.obj
G1 F480 X109.406 Y117.499 E216.92014
G1 F476.2 X108.565 Y117.279 E216.993
G1 F472.4 X107.9 Y116.938 E217.05614
G1 F480 X107.67 Y116.772 E217.07972
G1 F479 X107.253 Y116.438 E217.12424
G1 F480 X106.964 Y116.118 E217.16009
G1 X106.731 Y115.83 E217.19089
G1 F478.1 X106.461 Y115.361 E217.23607
G1 F479 X106.339 Y115.123 E217.25835
G1 F474.3 X106.096 Y114.357 E217.32598
G1 F479 X106.01 Y113.548 E217.39376
G1 F478.1 X106.1 Y112.702 E217.46478
G1 F474.3 X106.339 Y111.973 E217.52934
G1 F481 X106.463 Y111.731 E217.55191
G1 F480 X106.731 Y111.266 E217.59653
G1 X106.961 Y110.98 E217.62705
G1 F479 X107.253 Y110.654 E217.66351
G1 F478.1 X107.582 Y110.389 E217.69878
G1 X107.895 Y110.158 E217.73126
G1 F470.6 X108.566 Y109.817 E217.79509
G1 F476.2 X109.402 Y109.596 E217.86757
G1 F481.9 X110.215 Y109.553 E217.935
G1 F479 X111.048 Y109.683 E218.00524
G1 F474.3 X111.771 Y109.961 E218.07042
G1 F481.9 X112.023 Y110.109 E218.09462
G1 F481 X112.447 Y110.386 E218.13665
G1 F481.9 X112.744 Y110.653 E218.16973
G1 X113.046 Y110.955 E218.2051
G1 F479 X113.304 Y111.309 E218.24159
G1 F480 X113.497 Y111.6 E218.27063
G1 F473.4 X113.812 Y112.304 E218.33566
G1 F477.1 X113.986 Y113.145 E218.4075
G1 F480 X113.986 Y113.951 E218.47452
G1 F478.1 X113.813 Y114.789 E218.54595
G1 F474.3 X113.497 Y115.492 E218.61081
G1 F481.9 X113.328 Y115.751 E218.63642
G1 F480 X113.045 Y116.141 E218.67649
G1 F481.9 X112.744 Y116.443 E218.7118
G1 X112.447 Y116.709 E218.74482
G1 F480 X112.024 Y116.984 E218.78677
G1 F481.9 X111.771 Y117.131 E218.811
G1 F474.3 X111.049 Y117.412 E218.8762
G1 F477.1 X110.215 Y117.541 E218.94679
G1 F480 X110 Y117.53 E218.96469
G0 F12000 X110 Y117.03
G1 F481 X110.2 Y117.042 E218.98132
G1 F481.9 X110.984 Y116.909 E219.04717
G1 F485.8 X111.698 Y116.612 E219.1107
G1 F479 X112.14 Y116.303 E219.15564
G1 F481.9 X112.409 Y116.089 E219.1841
G1 X112.656 Y115.812 E219.21484
G1 F480 X112.913 Y115.49 E219.2491
G1 F481 X113.048 Y115.254 E219.27166
G1 F479 X113.313 Y114.71 E219.32208
G1 F481.9 X113.486 Y113.925 E219.38865
G1 F481 X113.486 Y113.161 E219.45205
G1 F483.9 X113.313 Y112.384 E219.51771
G1 F479 X113.047 Y111.838 E219.56831
G1 F480 X112.913 Y111.606 E219.59059
G1 F479 X112.656 Y111.285 E219.62485
G1 F481.9 X112.408 Y111.006 E219.65576
G1 X112.139 Y110.791 E219.68428
G1 F480 X111.71 Y110.487 E219.728
G1 F487.8 X110.981 Y110.182 E219.79266
G1 F483.9 X110.2 Y110.052 E219.85797
G1 F480 X109.419 Y110.095 E219.923
G1 X108.66 Y110.319 E219.98881
G1 F476.2 X108.157 Y110.597 E220.03698
G1 F478.1 X107.917 Y110.749 E220.06069
G1 X107.604 Y111.027 E220.09564
G1 F479 X107.333 Y111.297 E220.12751
G1 F480 X107.154 Y111.55 E220.15328
G1 F478.1 X106.859 Y112.021 E220.19968
G1 F483.9 X106.601 Y112.763 E220.26448
G1 F481.9 X106.511 Y113.548 E220.32992
G1 X106.6 Y114.325 E220.39469
G1 F482.9 X106.859 Y115.071 E220.45995
G1 F477.1 X107.155 Y115.546 E220.50677
G1 F480 X107.314 Y115.774 E220.52988
G1 X107.603 Y116.067 E220.5641
G1 X107.9 Y116.332 E220.5972
G1 X108.163 Y116.501 E220.6232
G1 F478.1 X108.664 Y116.781 E220.67111
G1 F482.9 X109.424 Y116.997 E220.73641
G1 F481.9 X110 Y117.03 E220.78419
;MESH:NONMESH
G0 F300 X110 Y117.03 Z9.59
G0 F12000 X110 Y117.53
;TIME_ELAPSED:186.288121
;LAYER:19
;note -- min layer time used
;TYPE:WALL-OUTER
;MESH:barrel.obj
G1 F480 X109.406 Y117.499 E220.83365
G1 F476.2 X108.565 Y117.279 E220.90651
G1 F472.4 X107.9 Y116.938 E220.96965
G1 F480 X107.67 Y116.772 E220.99323
G1 F479 X107.253 Y116.438 E221.03775
G1 F480 X106.964 Y116.118 E221.0736
G1 X106.731 Y115.83 E221.1044
G1 F478.1 X106.461 Y115.361 E221.14958
G1 F479 X106.339 Y115.123 E221.17186
G1 F474.3 X106.096 Y114.357 E221.23949
G1 F479 X106.01 Y113.548 E221.30727
G1 F478.1 X106.1 Y112.702 E221.37829
G1 F474.3 X106.339 Y111.973 E221.44285
G1 F481 X106.463 Y111.731 E221.46542
G1 F480 X106.731 Y111.266 E221.51004
G1 X106.961 Y110.98 E221.54056
G1 F479 X107.253 Y110.654 E221.57702
G1 F478.1 X107.582 Y110.389 E221.61229
G1 X107.895 Y110.158 E221.64477
G1 F470.6 X108.566 Y109.817 E221.7086
G1 F476.2 X109.402 Y109.596 E221.78108
G1 F481.9 X110.215 Y109.553 E221.84851
G1 F479 X111.048 Y109.683 E221.91875
G1 F474.3 X111.771 Y109.961 E221.98393
G1 F481.9 X112.023 Y110.109 E222.00813
G1 F481 X112.447 Y110.386 E222.05016
G1 F481.9 X112.744 Y110.653 E222.08324
G1 X113.046 Y110.955 E222.11861
G1 F479 X113.304 Y111.309 E222.1551
G1 F480 X113.497 Y111.6 E222.18414
G1 F473.4 X113.812 Y112.304 E222.24917
G1 F477.1 X113.986 Y113.145 E222.32101
G1 F480 X113.986 Y113.951 E222.38803
G1 F478.1 X113.813 Y114.789 E222.45946
G1 F474.3 X113.497 Y115.492 E222.52432
G1 F481.9 X113.328 Y115.751 E222.54993
G1 F480 X113.045 Y116.141 E222.59
G1 F481.9 X112.744 Y116.443 E222.62531
G1 X112.447 Y116.709 E222.65833
G1 F480 X112.024 Y116.984 E222.70028
G1 F481.9 X111.771 Y117.131 E222.72451
G1 F474.3 X111.049 Y117.412 E222.78971
G1 F477.1 X110.215 Y117.541 E222.8603
G1 F480 X110 Y117.53 E222.8782
G0 F12000 X110 Y117.03
G1 F481 X110.2 Y117.042 E222.89483
G1 F481.9 X110.984 Y116.909 E222.96068
G1 F485.8 X111.698 Y116.612 E223.02421
G1 F479 X112.14 Y116.303 E223.06915
G1 F481.9 X112.409 Y116.089 E223.09761
G1 X112.656 Y115.812 E223.12835
G1 F480 X112.913 Y115.49 E223.16261
G1 F481 X113.048 Y115.254 E223.18517
G1 F479 X113.313 Y114.71 E223.23559
G1 F481.9 X113.486 Y113.925 E223.30216
G1 F481 X113.486 Y113.161 E223.36556
G1 F483.9 X113.313 Y112.384 E223.43122
G1 F479 X113.047 Y111.838 E223.48182
G1 F480 X112.913 Y111.606 E223.5041
G1 F479 X112.656 Y111.285 E223.53836
G1 F481.9 X112.408 Y111.006 E223.56927
G1 X112.139 Y110.791 E223.59779
G1 F480 X111.71 Y110.487 E223.64151
G1 F487.8 X110.981 Y110.182 E223.70617
G1 F483.9 X110.2 Y110.052 E223.77148
G1 F480 X109.419 Y110.095 E223.83651
G1 X108.66 Y110.319 E223.90232
G1 F476.2 X108.157 Y110.597 E223.95049
G1 F478.1 X107.917 Y110.749 E223.9742
G1 X107.604 Y111.027 E224.00915
G1 F479 X107.333 Y111.297 E224.04102
G1 F480 X107.154 Y111.55 E224.06679
G1 F478.1 X106.859 Y112.021 E224.11319
G1 F483.9 X106.601 Y112.763 E224.17799
G1 F481.9 X106.511 Y113.548 E224.24343
G1 X106.6 Y114.325 E224.3082
G1 F482.9 X106.859 Y115.071 E224.37346
G1 F477.1 X107.155 Y115.546 E224.42028
G1 F480 X107.314 Y115.774 E224.44339
G1 X107.603 Y116.067 E224.47761
G1 X107.9 Y116.332 E224.51071
G1 X108.163 Y116.501 E224.53671
G1 F478.1 X108.664 Y116.781 E224.58462
G1 F482.9 X109.424 Y116.997 E224.64992
G1 F481.9 X110 Y117.03 E224.6977
;MESH:NONMESH
G0 F300 X110 Y117.03 Z9.99
G0 F12000 X110 Y117.53
;TIME_ELAPSED:192.393203
;LAYER:20
;note -- min layer time used
;TYPE:WALL-OUTER
;MESH:barrel.obj
G1 F480 X109.406 Y117.499 E224.74716
G1 F476.2 X108.565 Y117.279 E224.82002
G1 F472.4 X107.9 Y116.938 E224.88316
G1 F480 X107.67 Y116.772 E224.90674
G1 F479 X107.253 Y116.438 E224.95126
G1 F480 X106.964 Y116.118 E224.98711
G1 X106.731 Y115.83 E225.01791
G1 F478.1 X106.461 Y115.361 E225.06309
G1 F479 X106.339 Y115.123 E225.08537
G1 F474.3 X106.096 Y114.357 E225.153
G1 F479 X106.01 Y113.548 E225.22078
G1 F478.1 X106.1 Y112.702 E225.2918
G1 F474.3 X106.339 Y111.973 E225.35636
G1 F481 X106.463 Y111.731 E225.37893
G1 F480 X106.731 Y111.266 E225.42355
G1 X106.961 Y110.98 E225.45407
G1 F479 X107.253 Y110.654 E225.49053
G1 F478.1 X107.582 Y110.389 E225.5258
G1 X107.895 Y110.158 E225.55828
G1 F470.6 X108.566 Y109.817 E225.62211
G1 F476.2 X109.402 Y109.596 E225.69459
G1 F481.9 X110.215 Y109.553 E225.76202
G1 F479 X111.048 Y109.683 E225.83226
G1 F474.3 X111.771 Y109.961 E225.89744
G1 F481.9 X112.023 Y110.109 E225.92164
G1 F481 X112.447 Y110.386 E225.96367
G1 F481.9 X112.744 Y110.653 E225.99675
G1 X113.046 Y110.955 E226.03212
G1 F479 X113.304 Y111.309 E226.06861
G1 F480 X113.497 Y111.6 E226.09765
G1 F473.4 X113.812 Y112.304 E226.16268
G1 F477.1 X113.986 Y113.145 E226.23452
G1 F480 X113.986 Y113.951 E226.30154
G1 F478.1 X113.813 Y114.789 E226.37297
G1 F474.3 X113.497 Y115.492 E226.43783
G1 F481.9 X113.328 Y115.751 E226.46344
G1 F480 X113.045 Y116.141 E226.50351
G1 F481.9 X112.744 Y116.443 E226.53882
G1 X112.447 Y116.709 E226.57184
G1 F480 X112.024 Y116.984 E226.61379
G1 F481.9 X111.771 Y117.131 E226.63802
G1 F474.3 X111.049 Y117.412 E226.70322
G1 F477.1 X110.215 Y117.541 E226.77381
G1 F480 X110 Y117.53 E226.79171
G0 F12000 X110 Y117.03
G1 F481 X110.2 Y117.042 E226.80834
G1 F481.9 X110.984 Y116.909 E226.87419
G1 F485.8 X111.698 Y116.612 E226.93772
G1 F479 X112.14 Y116.303 E226.98266
G1 F481.9 X112.409 Y116.089 E227.01112
G1 X112.656 Y115.812 E227.04186
G1 F480 X112.913 Y115.49 E227.07612
G1 F481 X113.048 Y115.254 E227.09868
G1 F479 X113.313 Y114.71 E227.1491
G1 F481.9 X113.486 Y113.925 E227.21567
G1 F481 X113.486 Y113.161 E227.27907
G1 F483.9 X113.313 Y112.384 E227.34473
G1 F479 X113.047 Y111.838 E227.39533
G1 F480 X112.913 Y111.606 E227.41761
G1 F479 X112.656 Y111.285 E227.45187
G1 F481.9 X112.408 Y111.006 E227.48278
G1 X112.139 Y110.791 E227.5113
G1 F480 X111.71 Y110.487 E227.55502
G1 F487.8 X110.981 Y110.182 E227.61968
G1 F483.9 X110.2 Y110.052 E227.68499
G1 F480 X109.419 Y110.095 E227.75002
G1 X108.66 Y110.319 E227.81583
G1 F476.2 X108.157 Y110.597 E227.864
G1 F478.1 X107.917 Y110.749 E227.88771
G1 X107.604 Y111.027 E227.92266
G1 F479 X107.333 Y111.297 E227.95453
G1 F480 X107.154 Y111.55 E227.9803
G1 F478.1 X106.859 Y112.021 E228.0267
G1 F483.9 X106.601 Y112.763 E228.0915
G1 F481.9 X106.511 Y113.548 E228.15694
G1 X106.6 Y114.325 E228.22171
G1 F482.9 X106.859 Y115.071 E228.28697
G1 F477.1 X107.155 Y115.546 E228.33379
G1 F480 X107.314 Y115.774 E228.3569
G1 X107.603 Y116.067 E228.39112
G1 X107.9 Y116.332 E228.42422
G1 X108.163 Y116.501 E228.45022
G1 F478.1 X108.664 Y116.781 E228.49813
G1 F482.9 X109.424 Y116.997 E228.56343
G1 F481.9 X110 Y117.03 E228.61121
;MESH:NONMESH
G0 F300 X110 Y117.03 Z10.39
G0 F12000 X110 Y117.53
;TIME_ELAPSED:198.498286
;LAYER:21
;note -- min layer time used
;TYPE:WALL-OUTER
;MESH:barrel.obj
G1 F480 X109.406 Y117.499 E228.66067
G1 F476.2 X108.565 Y117.279 E228.73353
G1 F472.4 X107.9 Y116.938 E228.79667
G1 F480 X107.67 Y116.772 E228.82025
G1 F479 X107.253 Y116.438 E228.86477
G1 F480 X106.964 Y116.118 E228.90062
G1 X106.731 Y115.83 E228.93142
G1 F478.1 X106.461 Y115.361 E228.9766
G1 F479 X106.339 Y115.123 E228.99888
G1 F474.3 X106.096 Y114.357 E229.06651
G1 F479 X106.01 Y113.548 E229.13429
G1 F478.1 X106.1 Y112.702 E229.20531
G1 F474.3 X106.339 Y111.973 E229.26987
G1 F481 X106.463 Y111.731 E229.29244
G1 F480 X106.731 Y111.266 E229.33706
G1 X106.961 Y110.98 E229.36758
G1 F479 X107.253 Y110.654 E229.40404
G1 F478.1 X107.582 Y110.389 E229.43931
G1 X107.895 Y110.158 E229.47179
G1 F470.6 X108.566 Y109.817 E229.53562
G1 F476.2 X109.402 Y109.596 E229.6081
G1 F481.9 X110.215 Y109.553 E229.67553
G1 F479 X111.048 Y109.683 E229.74577
G1 F474.3 X111.771 Y109.961 E229.81095
G1 F481.9 X112.023 Y110.109 E229.83515
G1 F481 X112.447 Y110.386 E229.87718
G1 F481.9 X112.744 Y110.653 E229.91026
G1 X113.046 Y110.955 E229.94563
G1 F479 X113.304 Y111.309 E229.98212
G1 F480 X113.497 Y111.6 E230.01116
G1 F473.4 X113.812 Y112.304 E230.07619
G1 F477.1 X113.986 Y113.145 E230.14803
G1 F480 X113.986 Y113.951 E230.21505
G1 F478.1 X113.813 Y114.789 E230.28648
G1 F474.3 X113.497 Y115.492 E230.35134
G1 F481.9 X113.328 Y115.751 E230.37695
G1 F480 X113.045 Y116.141 E230.41702
G1 F481.9 X112.744 Y116.443 E230.45233
G1 X112.447 Y116.709 E230.48535
G1 F480 X112.024 Y116.984 E230.5273
G1 F481.9 X111.771 Y117.131 E230.55153
G1 F474.3 X111.049 Y117.412 E230.61673
G1 F477.1 X110.215 Y117.541 E230.68732
G1 F480 X110 Y117.53 E230.70522
G0 F12000 X110 Y117.03
G1 F481 X110.2 Y117.042 E230.72185
G1 F481.9 X110.984 Y116.909 E230.7877
G1 F485.8 X111.698 Y116.612 E230.85123
G1 F479 X112.14 Y116.303 E230.89617
G1 F481.9 X112.409 Y116.089 E230.92463
G1 X112.656 Y115.812 E230.95537
G1 F480 X112.913 Y115.49 E230.98963
G1 F481 X113.048 Y115.254 E231.01219
G1 F479 X113.313 Y114.71 E231.06261
G1 F481.9 X113.486 Y113.925 E231.12918
G1 F481 X113.486 Y113.161 E231.19258
G1 F483.9 X113.313 Y112.384 E231.25824
G1 F479 X113.047 Y111.838 E231.30884
G1 F480 X112.913 Y111.606 E231.33112
G1 F479 X112.656 Y111.285 E231.36538
G1 F481.9 X112.408 Y111.006 E231.39629
G1 X112.139 Y110.791 E231.42481
G1 F480 X111.71 Y110.487 E231.46853
G1 F487.8 X110.981 Y110.182 E231.53319
G1 F483.9 X110.2 Y110.052 E231.5985
G1 F480 X109.419 Y110.095 E231.66353
G1 X108.66 Y110.319 E231.72934
G1 F476.2 X108.157 Y110.597 E231.77751
G1 F478.1 X107.917 Y110.749 E231.80122
G1 X107.604 Y111.027 E231.83617
G1 F479 X107.333 Y111.297 E231.86804
G1 F480 X107.154 Y111.55 E231.89381
G1 F478.1 X106.859 Y112.021 E231.94021
G1 F483.9 X106.601 Y112.763 E232.00501
G1 F481.9 X106.511 Y113.548 E232.07045
G1 X106.6 Y114.325 E232.13522
G1 F482.9 X106.859 Y115.071 E232.20048
G1 F477.1 X107.155 Y115.546 E232.2473
G1 F480 X107.314 Y115.774 E232.27041
G1 X107.603 Y116.067 E232.30463
G1 X107.9 Y116.332 E232.33773
G1 X108.163 Y116.501 E232.36373
G1 F478.1 X108.664 Y116.781 E232.41164
G1 F482.9 X109.424 Y116.997 E232.47694
G1 F481.9 X110 Y117.03 E232.52472
;MESH:NONMESH
G0 F300 X110 Y117.03 Z10.79
G0 F12000 X110 Y117.53
;TIME_ELAPSED:204.603368
;LAYER:22
;note -- min layer time used
;TYPE:WALL-OUTER
;MESH:barrel.obj
G1 F480 X109.406 Y117.499 E232.57418
G1 F476.2 X108.565 Y117.279 E232.64704
G1 F472.4 X107.9 Y116.938 E232.71018
G1 F480 X107.67 Y116.772 E232.73376
G1 F479 X107.253 Y116.438 E232.77828
G1 F480 X106.964 Y116.118 E232.81413
G1 X106.731 Y115.83 E232.84493
G1 F478.1 X106.461 Y115.361 E232.89011
G1 F479 X106.339 Y115.123 E232.91239
G1 F474.3 X106.096 Y114.357 E232.98002
G1 F479 X106.01 Y113.548 E233.0478
G1 F478.1 X106.1 Y112.702 E233.11882
G1 F474.3 X106.339 Y111.973 E233.18338
G1 F481 X106.463 Y111.731 E233.20595
G1 F480 X106.731 Y111.266 E233.25057
G1 X106.961 Y110.98 E233.28109
G1 F479 X107.253 Y110.654 E233.31755
G1 F478.1 X107.582 Y110.389 E233.35282
G1 X107.895 Y110.158 E233.3853
G1 F470.6 X108.566 Y109.817 E233.44913
G1 F476.2 X109.402 Y109.596 E233.52161
G1 F481.9 X110.215 Y109.553 E233.58904
G1 F479 X111.048 Y109.683 E233.65928
G1 F474.3 X111.771 Y109.961 E233.72446
G1 F481.9 X112.023 Y110.109 E233.74866
G1 F481 X112.447 Y110.386 E233.79069
G1 F481.9 X112.744 Y110.653 E233.82377
G1 X113.046 Y110.955 E233.85914
G1 F479 X113.304 Y111.309 E233.89563
G1 F480 X113.497 Y111.6 E233.92467
G1 F473.4 X113.812 Y112.304 E233.9897
G1 F477.1 X113.986 Y113.145 E234.06154
G1 F480 X113.986 Y113.951 E234.12856
G1 F478.1 X113.813 Y114.789 E234.19999
G1 F474.3 X113.497 Y115.492 E234.26485
G1 F481.9 X113.328 Y115.751 E234.29046
G1 F480 X113.045 Y116.141 E234.33053
G1 F481.9 X112.744 Y116.443 E234.36584
G1 X112.447 Y116.709 E234.39886
G1 F480 X112.024 Y116.984 E234.44081
G1 F481.9 X111.771 Y117.131 E234.46504
G1 F474.3 X111.049 Y117.412 E234.53024
G1 F477.1 X110.215 Y117.541 E234.60083
G1 F480 X110 Y117.53 E234.61873
G0 F12000 X110 Y117.03
G1 F481 X110.2 Y117.042 E234.63536
G1 F481.9 X110.984 Y116.909 E234.70121
G1 F485.8 X111.698 Y116.612 E234.76474
G1 F479 X112.14 Y116.303 E234.80968
G1 F481.9 X112.409 Y116.089 E234.83814
G1 X112.656 Y115.812 E234.86888
G1 F480 X112.913 Y115.49 E234.90314
G1 F481 X113.048 Y115.254 E234.9257
G1 F479 X113.313 Y114.71 E234.97612
G1 F481.9 X113.486 Y113.925 E235.04269
G1 F481 X113.486 Y113.161 E235.10609
G1 F483.9 X113.313 Y112.384 E235.17175
G1 F479 X113.047 Y111.838 E235.22235
G1 F480 X112.913 Y111.606 E235.24463
G1 F479 X112.656 Y111.285 E235.27889
G1 F481.9 X112.408 Y111.006 E235.3098
G1 X112.139 Y110.791 E235.33832
G1 F480 X111.71 Y110.487 E235.38204
G1 F487.8 X110.981 Y110.182 E235.4467
G1 F483.9 X110.2 Y110.052 E235.51201
G1 F480 X109.419 Y110.095 E235.57704
G1 X108.66 Y110.319 E235.64285
G1 F476.2 X108.157 Y110.597 E235.69102
G1 F478.1 X107.917 Y110.749 E235.71473
G1 X107.604 Y111.027 E235.74968
G1 F479 X107.333 Y111.297 E235.78155
G1 F480 X107.154 Y111.55 E235.80732
G1 F478.1 X106.859 Y112.021 E235.85372
G1 F483.9 X106.601 Y112.763 E235.91852
G1 F481.9 X106.511 Y113.548 E235.98396
G1 X106.6 Y114.325 E236.04873
G1 F482.9 X106.859 Y115.071 E236.11399
G1 F477.1 X107.155 Y115.546 E236.16081
G1 F480 X107.314 Y115.774 E236.18392
G1 X107.603 Y116.067 E236.21814
G1 X107.9 Y116.332 E236.25124
G1 X108.163 Y116.501 E236.27724
G1 F478.1 X108.664 Y116.781 E236.32515
G1 F482.9 X109.424 Y116.997 E236.39045
G1 F481.9 X110 Y117.03 E236.43823
;MESH:NONMESH
G0 F300 X110 Y117.03 Z11.19
G0 F12000 X110 Y116.129
;TIME_ELAPSED:210.729713
;LAYER:23
;note -- min layer time used
;TYPE:WALL-INNER
;MESH:barrel.obj
G1 F600 X109.694 Y116.132 E236.45859
G1 X109.098 Y115.982 E236.49947
G1 X108.539 Y115.698 E236.54118
G1 X108.06 Y115.268 E236.584
G1 X107.714 Y114.767 E236.6245
G1 X107.479 Y114.164 E236.66755
G1 X107.412 Y113.548 E236.70877
G1 X107.479 Y112.929 E236.75019
G1 X107.714 Y112.325 E236.7933
G1 X108.055 Y111.834 E236.83306
G1 X108.542 Y111.396 E236.87663
G1 X109.096 Y111.114 E236.91799
G1 X109.691 Y110.96 E236.95887
G1 X110.338 Y110.966 E237.00191
G1 X110.928 Y111.112 E237.04234
G1 X111.496 Y111.409 E237.08498
G1 X111.95 Y111.813 E237.1254
G1 X112.316 Y112.337 E237.16792
G1 X112.536 Y112.916 E237.20912
G1 X112.608 Y113.548 E237.25144
G1 X112.541 Y114.145 E237.2914
G1 X112.314 Y114.765 E237.33532
G1 X111.955 Y115.279 E237.37702
G1 X111.493 Y115.689 E237.41811
G1 X110.931 Y115.979 E237.46018
G1 X110.343 Y116.126 E237.5005
G1 X110 Y116.129 E237.52332
G0 F12000 X110 Y116.656
G1 F365.9 X110.278 Y116.663 E237.55365
G1 F364.2 X110.786 Y116.564 E237.61037
G1 F372.7 X111.111 Y116.46 E237.64692
G1 F373.3 X111.383 Y116.343 E237.67858
G1 F365.9 X111.861 Y116.067 E237.7388
G1 F370.4 X112.384 Y115.574 E237.81625
G1 F371.5 X112.762 Y115.031 E237.88733
G1 F368.7 X113.021 Y114.391 E237.96207
G1 F365.9 X113.107 Y113.862 E238.02054
G1 F373.3 X113.122 Y113.548 E238.05415
G1 X113.107 Y113.234 E238.08777
G1 F365.9 X113.019 Y112.701 E238.1467
G1 F368.1 X112.758 Y112.058 E238.22195
G1 F370.4 X112.358 Y111.487 E238.29708
G1 F369.2 X111.854 Y111.025 E238.37098
G1 F367 X111.383 Y110.75 E238.4303
G1 F374.4 X111.105 Y110.631 E238.46254
G1 F373.8 X110.789 Y110.531 E238.49792
G1 F365.9 X110.269 Y110.431 E238.55569
G1 F369.2 X109.583 Y110.451 E238.62987
G1 F372.1 X108.923 Y110.622 E238.70301
G1 F369.2 X108.294 Y110.933 E238.77886
G1 F364.7 X107.86 Y111.291 E238.84042
G1 F363.6 X107.507 Y111.681 E238.89816
G1 F372.7 X107.264 Y112.076 E238.94782
G1 F373.3 X107.146 Y112.318 E238.97661
G1 F367 X106.96 Y112.86 E239.03894
G1 F369.8 X106.889 Y113.548 E239.11358
G1 X106.961 Y114.237 E239.18835
G1 F367 X107.147 Y114.777 E239.25047
G1 F373.3 X107.264 Y115.016 E239.27892
G1 F372.1 X107.454 Y115.327 E239.31802
G1 X107.67 Y115.603 E239.35561
G1 F373.3 X107.858 Y115.801 E239.38481
G1 F367 X108.296 Y116.163 E239.44661
G1 F369.2 X108.923 Y116.474 E239.52226
G1 F369.8 X109.592 Y116.646 E239.59682
G1 F368.1 X110 Y116.656 E239.64107
G0 F12000 X110 Y117.179
G1 F600 X110.198 Y117.189 E239.65425
G1 X110.92 Y117.079 E239.70284
G1 X111.617 Y116.819 E239.75232
G1 X112.235 Y116.434 E239.80076
G1 X112.782 Y115.915 E239.85092
G1 X113.192 Y115.323 E239.89882
G1 X113.488 Y114.639 E239.94839
G1 X113.636 Y113.915 E239.99755
G1 X113.636 Y113.181 E240.04638
G1 X113.488 Y112.457 E240.09553
G1 X113.193 Y111.769 E240.14533
G1 X112.782 Y111.182 E240.193
G1 X112.234 Y110.661 E240.2433
G1 X111.617 Y110.274 E240.29174
G1 X110.921 Y110.017 E240.3411
G1 X110.198 Y109.907 E240.38974
G1 X109.456 Y109.945 E240.43917
G1 X108.742 Y110.13 E240.48823
G1 X108.077 Y110.454 E240.53744
G1 X107.493 Y110.905 E240.58652
G1 X107.017 Y111.464 E240.63536
G1 X106.659 Y112.11 E240.68449
G1 X106.439 Y112.81 E240.7333
G1 X106.364 Y113.548 E240.78265
G1 X106.439 Y114.286 E240.83199
G1 X106.659 Y114.986 E240.8808
G1 X107.016 Y115.631 E240.92984
G1 X107.492 Y116.186 E240.97848
G1 X108.083 Y116.643 E241.02817
G1 X108.741 Y116.966 E241.07693
G1 X109.46 Y117.152 E241.12633
G1 X110 Y117.179 E241.1623
G0 F12000 X110 Y117.58
;TYPE:WALL-OUTER
G1 F600 X110.218 Y117.591 E241.17682
G1 X111.021 Y117.469 E241.23085
G1 X111.795 Y117.179 E241.28583
G1 X112.481 Y116.752 E241.33958
G1 X113.087 Y116.177 E241.39515
G1 X113.544 Y115.518 E241.4485
G1 X113.872 Y114.759 E241.5035
G1 X114.036 Y113.955 E241.55808
G1 X114.036 Y113.141 E241.61223
G1 X113.872 Y112.337 E241.66681
G1 X113.544 Y111.574 E241.72206
G1 X113.087 Y110.92 E241.77513
G1 X112.48 Y110.343 E241.83084
G1 X111.795 Y109.913 E241.88464
G1 X111.021 Y109.627 E241.93953
G1 X110.218 Y109.505 E241.99356
G1 X109.395 Y109.547 E242.04838
G1 X108.602 Y109.753 E242.10288
G1 X107.866 Y110.112 E242.15735
G1 X107.215 Y110.614 E242.21204
G1 X106.686 Y111.235 E242.2663
G1 X106.289 Y111.952 E242.32082
G1 X106.045 Y112.729 E242.375
G1 X105.962 Y113.548 E242.42975
G1 X106.045 Y114.367 E242.48451
G1 X106.289 Y115.144 E242.53869
G1 X106.686 Y115.861 E242.59321
G1 X107.215 Y116.478 E242.64727
G1 X107.871 Y116.985 E242.70242
G1 X108.602 Y117.343 E242.75657
G1 X109.399 Y117.549 E242.81132
G1 X110 Y117.58 E242.85136
G1 F2700 E237.85136
G0 F12000 X110.036 Y116.874
G0 X110 Y116.444
G0 X110 Y115.728
G1 F2700 E242.85136
G1 F600 X109.719 Y115.727 E242.87005
G1 X109.232 Y115.605 E242.90345
G1 X108.753 Y115.355 E242.93939
G1 X108.364 Y115.007 E242.97411
G1 X108.064 Y114.573 E243.0092
G1 X107.877 Y114.085 E243.04397
G1 X107.813 Y113.572 E243.07836
G1 X107.869 Y113.04 E243.11394
G1 X108.064 Y112.519 E243.15095
G1 X108.359 Y112.094 E243.18536
G1 X108.753 Y111.741 E243.22055
G1 X109.229 Y111.491 E243.25631
G1 X109.757 Y111.36 E243.2925
G1 X110.278 Y111.362 E243.32716
G1 X110.79 Y111.488 E243.36223
G1 X111.251 Y111.73 E243.39687
G1 X111.642 Y112.074 E243.43151
G1 X111.968 Y112.544 E243.46956
G1 X112.148 Y113.027 E243.50385
G1 X112.208 Y113.548 E243.53873
G1 X112.149 Y114.065 E243.57335
G1 X111.964 Y114.56 E243.6085
G1 X111.665 Y114.998 E243.64378
G1 X111.237 Y115.374 E243.68167
G1 X110.791 Y115.604 E243.71505
G1 X110.283 Y115.73 E243.74987
G1 X110 Y115.728 E243.7687
G0 F12000 X110.009 Y116.572
;MESH:NONMESH
G0 F300 X110.009 Y116.572 Z11.59
G0 F12000 X110 Y116.129
;TIME_ELAPSED:222.621704
;LAYER:24
;note -- min layer time used
;TYPE:WALL-INNER
;MESH:barrel.obj
G1 F600 X109.694 Y116.132 E243.78905
G1 X109.098 Y115.982 E243.82994
G1 X108.539 Y115.698 E243.87164
G1 X108.06 Y115.268 E243.91446
G1 X107.714 Y114.767 E243.95496
G1 X107.48 Y114.157 E243.99842
G1 X107.412 Y113.548 E244.03919
G1 X107.479 Y112.928 E244.08067
G1 X107.714 Y112.329 E244.12347
G1 X108.059 Y111.831 E244.16377
G1 X108.54 Y111.397 E244.20687
G1 X109.098 Y111.114 E244.24849
G1 X109.682 Y110.965 E244.28858
G1 X110.342 Y110.966 E244.33248
G1 X110.928 Y111.116 E244.37272
G1 X111.495 Y111.409 E244.41518
G1 X111.951 Y111.813 E244.4557
G1 X112.318 Y112.344 E244.49864
G1 X112.541 Y112.955 E244.54191
G1 X112.608 Y113.548 E244.5816
G1 X112.541 Y114.145 E244.62157
G1 X112.319 Y114.752 E244.66456
G1 X111.955 Y115.278 E244.70711
G1 X111.486 Y115.696 E244.7489
G1 X110.931 Y115.979 E244.79034
G1 X110.343 Y116.126 E244.83066
G1 X110 Y116.129 E244.85348
G0 F12000 X110 Y116.656
G1 F365.9 X110.278 Y116.663 E244.88381
G1 F364.2 X110.786 Y116.564 E244.94053
G1 F372.7 X111.111 Y116.46 E244.97708
G1 F373.3 X111.383 Y116.343 E245.00874
G1 F365.9 X111.861 Y116.067 E245.06896
G1 F370.4 X112.383 Y115.574 E245.14633
G1 F371.5 X112.759 Y115.032 E245.2172
G1 F368.1 X113.021 Y114.39 E245.29238
G1 F365.9 X113.107 Y113.862 E245.35074
G1 F373.3 X113.122 Y113.548 E245.38436
G1 X113.107 Y113.234 E245.41797
G1 F364.7 X113.022 Y112.711 E245.47595
G1 F367 X112.759 Y112.063 E245.55201
G1 F369.2 X112.359 Y111.488 E245.62773
G1 F368.7 X111.853 Y111.024 E245.70205
G1 F365.9 X111.383 Y110.751 E245.76135
G1 F372.7 X111.106 Y110.633 E245.79359
G1 F372.1 X110.789 Y110.532 E245.82928
G1 F364.7 X110.274 Y110.431 E245.88671
G1 F368.1 X109.577 Y110.453 E245.96232
G1 F371.5 X108.923 Y110.623 E246.03492
G1 F369.2 X108.296 Y110.931 E246.11043
G1 F363.6 X107.86 Y111.291 E246.17249
G1 F370.4 X107.666 Y111.496 E246.2029
G1 X107.454 Y111.767 E246.23998
G1 F370.9 X107.263 Y112.08 E246.27943
G1 F372.7 X107.147 Y112.319 E246.30788
G1 F367 X106.96 Y112.858 E246.36993
G1 F369.8 X106.889 Y113.548 E246.4448
G1 F369.2 X106.961 Y114.236 E246.51957
G1 F365.9 X107.147 Y114.777 E246.58198
G1 F372.7 X107.264 Y115.016 E246.61048
G1 F372.1 X107.454 Y115.327 E246.64958
G1 X107.67 Y115.603 E246.68717
G1 F373.3 X107.858 Y115.801 E246.71636
G1 F367 X108.296 Y116.163 E246.77817
G1 F369.2 X108.923 Y116.474 E246.85382
G1 F369.8 X109.592 Y116.646 E246.92837
G1 F368.1 X110 Y116.656 E246.97263
G0 F12000 X110 Y117.179
G1 F600 X110.198 Y117.189 E246.98581
G1 X110.92 Y117.079 E247.0344
G1 X111.617 Y116.819 E247.08388
G1 X112.235 Y116.434 E247.13232
G1 X112.781 Y115.915 E247.18243
G1 X113.193 Y115.323 E247.2304
G1 X113.488 Y114.638 E247.28002
G1 X113.636 Y113.915 E247.32911
G1 X113.636 Y113.181 E247.37793
G1 X113.489 Y112.457 E247.42708
G1 X113.193 Y111.77 E247.47684
G1 X112.782 Y111.182 E247.52456
G1 X112.234 Y110.661 E247.57486
G1 X111.617 Y110.274 E247.62331
G1 X110.921 Y110.017 E247.67266
G1 X110.198 Y109.907 E247.72131
G1 X109.456 Y109.945 E247.77073
G1 X108.742 Y110.131 E247.81981
G1 X108.079 Y110.453 E247.86884
G1 X107.492 Y110.905 E247.91812
G1 X107.016 Y111.464 E247.96696
G1 X106.659 Y112.11 E248.01606
G1 X106.439 Y112.81 E248.06487
G1 X106.364 Y113.548 E248.11421
G1 X106.439 Y114.286 E248.16356
G1 X106.659 Y114.986 E248.21237
G1 X107.016 Y115.631 E248.26141
G1 X107.492 Y116.186 E248.31004
G1 X108.083 Y116.643 E248.35974
G1 X108.741 Y116.966 E248.4085
G1 X109.46 Y117.152 E248.4579
G1 X110 Y117.179 E248.49387
G0 F12000 X110 Y117.58
;TYPE:WALL-OUTER
G1 F600 X110.218 Y117.591 E248.50839
G1 X111.021 Y117.469 E248.56242
G1 X111.795 Y117.179 E248.6174
G1 X112.481 Y116.752 E248.67115
G1 X113.087 Y116.177 E248.72672
G1 X113.544 Y115.518 E248.78007
G1 X113.872 Y114.759 E248.83507
G1 X114.036 Y113.955 E248.88965
G1 X114.036 Y113.141 E248.9438
G1 X113.872 Y112.337 E248.99838
G1 X113.544 Y111.574 E249.05363
G1 X113.087 Y110.92 E249.1067
G1 X112.48 Y110.343 E249.16241
G1 X111.795 Y109.913 E249.21621
G1 X111.021 Y109.627 E249.2711
G1 X110.218 Y109.505 E249.32513
G1 X109.395 Y109.547 E249.37995
G1 X108.602 Y109.753 E249.43445
G1 X107.867 Y110.111 E249.48883
G1 X107.215 Y110.614 E249.54361
G1 X106.686 Y111.235 E249.59788
G1 X106.289 Y111.952 E249.65239
G1 X106.045 Y112.729 E249.70657
G1 X105.962 Y113.548 E249.76133
G1 X106.045 Y114.367 E249.81609
G1 X106.289 Y115.144 E249.87026
G1 X106.686 Y115.861 E249.92478
G1 X107.215 Y116.478 E249.97884
G1 X107.871 Y116.985 E250.03399
G1 X108.602 Y117.343 E250.08814
G1 X109.399 Y117.549 E250.1429
G1 X110 Y117.58 E250.18293
G1 F2700 E245.18293
G0 F12000 X110.036 Y116.874
G0 X110 Y116.444
G0 X110 Y115.728
G1 F2700 E250.18293
G1 F600 X109.719 Y115.727 E250.20162
G1 X109.232 Y115.605 E250.23502
G1 X108.753 Y115.355 E250.27096
G1 X108.364 Y115.007 E250.30568
G1 X108.064 Y114.573 E250.34077
G1 X107.88 Y114.087 E250.37534
G1 X107.813 Y113.572 E250.40989
G1 X107.869 Y113.04 E250.44547
G1 X108.064 Y112.523 E250.48223
G1 X108.363 Y112.09 E250.51723
G1 X108.753 Y111.741 E250.55205
G1 X109.232 Y111.491 E250.58799
G1 X109.719 Y111.368 E250.6214
G1 X110.282 Y111.362 E250.65885
G1 X110.79 Y111.492 E250.69374
G1 X111.251 Y111.73 E250.72825
G1 X111.642 Y112.074 E250.76289
G1 X111.968 Y112.549 E250.80121
G1 X112.149 Y113.035 E250.83571
G1 X112.208 Y113.548 E250.87006
G1 X112.149 Y114.065 E250.90468
G1 X111.964 Y114.556 E250.93958
G1 X111.661 Y115.001 E250.97539
G1 X111.237 Y115.374 E251.01296
G1 X110.791 Y115.604 E251.04634
G1 X110.283 Y115.73 E251.08115
G1 X110 Y115.728 E251.09998
G0 F12000 X110.009 Y116.572
;MESH:NONMESH
G0 F300 X110.009 Y116.572 Z11.99
G0 F12000 X110 Y115.779
;TIME_ELAPSED:234.534625
;LAYER:25
;note -- min layer time used
;TYPE:WALL-OUTER
;MESH:barrel.obj
G1 F481.9 X109.738 Y115.779 E251.12168
G1 X109.213 Y115.649 E251.16647
G1 F483.9 X108.733 Y115.398 E251.21115
G1 F482.9 X108.328 Y115.041 E251.25577
G1 F480 X108.016 Y114.587 E251.30158
G1 F481 X107.827 Y114.088 E251.34586
G1 F480 X107.761 Y113.548 E251.39109
G1 F481 X107.827 Y113.008 E251.43624
G1 F481.9 X108.016 Y112.509 E251.48043
G1 F480 X108.332 Y112.051 E251.52669
G1 X108.727 Y111.699 E251.57069
G1 F479 X109.214 Y111.444 E251.61649
G1 F480 X109.738 Y111.313 E251.6614
G1 F481.9 X110.282 Y111.313 E251.70645
G1 F481 X110.803 Y111.444 E251.75103
G1 F480 X111.293 Y111.7 E251.797
G1 F479 X111.687 Y112.048 E251.8408
G1 X112.001 Y112.505 E251.887
G1 F481 X112.193 Y113.004 E251.93137
G1 F481.9 X112.257 Y113.548 E251.97673
G1 F482.9 X112.193 Y114.088 E252.02167
G1 F483.9 X112.002 Y114.588 E252.06582
G1 F481.9 X111.691 Y115.041 E252.11133
G1 F481 X111.29 Y115.398 E252.15588
G1 X110.807 Y115.649 E252.20105
G1 X110.282 Y115.779 E252.24594
G1 F481.9 X110 Y115.779 E252.26929
;TIME_ELAPSED:236.301533
;LAYER:26
;note -- min layer time used
;MESH:barrel.obj
G0 F12000 X110 Y115.779 Z12.39
;TYPE:WALL-OUTER
G1 F481 X109.731 Y115.779 E252.29161
G1 F480 X109.213 Y115.65 E252.336
G1 F482.9 X108.733 Y115.398 E252.38081
G1 X108.328 Y115.041 E252.42543
G1 F480 X108.016 Y114.587 E252.47124
G1 F481 X107.827 Y114.088 E252.51552
G1 F480 X107.761 Y113.547 E252.56083
G1 F479 X107.824 Y113.012 E252.60572
G1 F480 X108.016 Y112.509 E252.65048
G1 F479 X108.329 Y112.052 E252.69663
G1 F480 X108.73 Y111.698 E252.74111
G1 X109.214 Y111.444 E252.78656
G1 X109.738 Y111.313 E252.83147
G1 F481.9 X110.282 Y111.313 E252.87653
G1 F480 X110.802 Y111.444 E252.92111
G1 X111.29 Y111.698 E252.96686
G1 F481 X111.688 Y112.051 E253.01101
G1 X112.002 Y112.508 E253.05702
G1 F481.9 X112.193 Y113.004 E253.10104
G1 X112.257 Y113.548 E253.1464
G1 F482.9 X112.193 Y114.085 E253.1911
G1 F481.9 X112.004 Y114.587 E253.23552
G1 F480 X111.692 Y115.041 E253.28133
G1 F482.9 X111.287 Y115.398 E253.32595
G1 F483.9 X110.803 Y115.65 E253.37096
G1 F481.9 X110.282 Y115.779 E253.41541
G1 X110 Y115.779 E253.43876
;TIME_ELAPSED:238.196324
;LAYER:27
;note -- min layer time used
;MESH:barrel.obj
G0 F12000 X110 Y115.779 Z12.79
;TYPE:WALL-OUTER
G1 F481.9 X109.738 Y115.779 E253.46046
G1 X109.213 Y115.649 E253.50526
G1 F483.9 X108.733 Y115.398 E253.54993
G1 F482.9 X108.328 Y115.041 E253.59456
G1 F480 X108.016 Y114.587 E253.64036
G1 F481 X107.827 Y114.088 E253.68464
G1 F480 X107.761 Y113.548 E253.72988
G1 X107.827 Y113.004 E253.77544
G1 F481 X108.016 Y112.509 E253.81941
G1 F479 X108.329 Y112.052 E253.86556
G1 F480 X108.73 Y111.698 E253.91004
G1 X109.214 Y111.444 E253.95549
G1 X109.738 Y111.313 E254.0004
G1 F481.9 X110.282 Y111.313 E254.04545
G1 F480 X110.802 Y111.444 E254.09004
G1 X111.29 Y111.698 E254.13579
G1 F481 X111.688 Y112.051 E254.17993
G1 X112.002 Y112.508 E254.22595
G1 F481.9 X112.193 Y113.004 E254.26996
G1 X112.257 Y113.548 E254.31533
G1 F482.9 X112.193 Y114.088 E254.36027
G1 F483.9 X112.002 Y114.588 E254.40442
G1 F482.9 X111.692 Y115.041 E254.44979
G1 F483.9 X111.287 Y115.398 E254.49432
G1 X110.803 Y115.65 E254.53933
G1 F481.9 X110.282 Y115.779 E254.58378
G1 X110 Y115.779 E254.60714
;TIME_ELAPSED:240.089469
;LAYER:28
;note -- min layer time used
;MESH:barrel.obj
G0 F12000 X110 Y115.779 Z13.19
;TYPE:WALL-OUTER
G1 F481.9 X109.738 Y115.779 E254.62884
G1 X109.213 Y115.649 E254.67363
G1 F483.9 X108.733 Y115.398 E254.71831
G1 F482.9 X108.328 Y115.041 E254.76293
G1 F480 X108.016 Y114.587 E254.80874
G1 F481 X107.827 Y114.088 E254.85302
G1 F480 X107.761 Y113.548 E254.89825
G1 X107.827 Y113.004 E254.94382
G1 F481 X108.016 Y112.509 E254.98779
G1 F479 X108.329 Y112.052 E255.03394
G1 F480 X108.73 Y111.698 E255.07841
G1 X109.214 Y111.444 E255.12386
G1 X109.738 Y111.313 E255.16877
G1 F481.9 X110.282 Y111.313 E255.21383
G1 F480 X110.802 Y111.444 E255.25842
G1 X111.29 Y111.698 E255.30416
G1 F481 X111.688 Y112.051 E255.34831
G1 X112.002 Y112.508 E255.39432
G1 F481.9 X112.193 Y113.004 E255.43834
G1 X112.257 Y113.548 E255.4837
G1 F482.9 X112.193 Y114.088 E255.52865
G1 F483.9 X112.002 Y114.588 E255.5728
G1 F482.9 X111.692 Y115.041 E255.61816
G1 F483.9 X111.287 Y115.398 E255.6627
G1 X110.803 Y115.65 E255.70771
G1 F481.9 X110.282 Y115.779 E255.75216
G1 X110 Y115.779 E255.77551
;TIME_ELAPSED:241.982615
;LAYER:29
;note -- min layer time used
;MESH:barrel.obj
G0 F12000 X110 Y115.779 Z13.59
;TYPE:WALL-OUTER
G1 F481.9 X109.738 Y115.779 E255.79721
G1 X109.213 Y115.649 E255.842
G1 F483.9 X108.733 Y115.398 E255.88668
G1 F482.9 X108.328 Y115.041 E255.9313
G1 F480 X108.016 Y114.587 E255.97711
G1 F481 X107.827 Y114.088 E256.02139
G1 F480 X107.761 Y113.548 E256.06662
G1 X107.827 Y113.004 E256.11219
G1 F481 X108.016 Y112.509 E256.15616
G1 F479 X108.329 Y112.052 E256.20231
G1 F480 X108.73 Y111.698 E256.24679
G1 X109.214 Y111.444 E256.29224
G1 X109.738 Y111.313 E256.33715
G1 F481.9 X110.282 Y111.313 E256.3822
G1 F480 X110.802 Y111.444 E256.42679
G1 X111.29 Y111.698 E256.47254
G1 F481 X111.688 Y112.051 E256.51668
G1 X112.002 Y112.508 E256.56269
G1 F481.9 X112.193 Y113.004 E256.60671
G1 X112.257 Y113.548 E256.65208
G1 F482.9 X112.193 Y114.088 E256.69702
G1 F483.9 X112.002 Y114.588 E256.74117
G1 F482.9 X111.692 Y115.041 E256.78654
G1 F483.9 X111.287 Y115.398 E256.83107
G1 X110.803 Y115.65 E256.87608
G1 F481.9 X110.282 Y115.779 E256.92053
G1 X110 Y115.779 E256.94389
;TIME_ELAPSED:243.875760
;LAYER:30
;note -- min layer time used
;MESH:barrel.obj
G0 F12000 X110 Y115.779 Z13.99
;TYPE:WALL-OUTER
G1 F481.9 X109.738 Y115.779 E256.96558
G1 X109.213 Y115.649 E257.01038
G1 F483.9 X108.733 Y115.398 E257.05506
G1 F482.9 X108.328 Y115.041 E257.09968
G1 F480 X108.016 Y114.587 E257.14548
G1 F481 X107.827 Y114.088 E257.18976
G1 F480 X107.761 Y113.548 E257.235
G1 X107.827 Y113.004 E257.28056
G1 F481 X108.016 Y112.509 E257.32453
G1 F479 X108.329 Y112.052 E257.37068
G1 F480 X108.73 Y111.698 E257.41516
G1 X109.214 Y111.444 E257.46061
G1 X109.738 Y111.313 E257.50552
G1 F481.9 X110.282 Y111.313 E257.55058
G1 F480 X110.802 Y111.444 E257.59516
G1 X111.29 Y111.698 E257.64091
G1 F481 X111.688 Y112.051 E257.68506
G1 X112.002 Y112.508 E257.73107
G1 F481.9 X112.193 Y113.004 E257.77509
G1 X112.257 Y113.548 E257.82045
G1 F482.9 X112.193 Y114.088 E257.86539
G1 F483.9 X112.002 Y114.588 E257.90954
G1 F482.9 X111.692 Y115.041 E257.95491
G1 F483.9 X111.287 Y115.398 E257.99944
G1 X110.803 Y115.65 E258.04445
G1 F481.9 X110.282 Y115.779 E258.08891
G1 X110 Y115.779 E258.11226
;TIME_ELAPSED:245.768906
;LAYER:31
;note -- min layer time used
;MESH:barrel.obj
G0 F12000 X110 Y115.779 Z14.39
;TYPE:WALL-OUTER
G1 F481.9 X109.738 Y115.779 E258.13396
G1 X109.213 Y115.649 E258.17875
G1 F483.9 X108.733 Y115.398 E258.22343
G1 F482.9 X108.328 Y115.041 E258.26805
G1 F480 X108.016 Y114.587 E258.31386
G1 F481 X107.827 Y114.088 E258.35814
G1 F480 X107.761 Y113.548 E258.40337
G1 X107.827 Y113.004 E258.44894
G1 F481 X108.016 Y112.509 E258.49291
G1 F479 X108.329 Y112.052 E258.53906
G1 F480 X108.73 Y111.698 E258.58353
G1 X109.214 Y111.444 E258.62898
G1 X109.738 Y111.313 E258.6739
G1 F481.9 X110.282 Y111.313 E258.71895
G1 F480 X110.802 Y111.444 E258.76354
G1 X111.29 Y111.698 E258.80928
G1 F481 X111.688 Y112.051 E258.85343
G1 X112.002 Y112.508 E258.89944
G1 F481.9 X112.193 Y113.004 E258.94346
G1 X112.257 Y113.548 E258.98882
G1 F482.9 X112.193 Y114.088 E259.03377
G1 F483.9 X112.002 Y114.588 E259.07792
G1 F482.9 X111.692 Y115.041 E259.12329
G1 F483.9 X111.287 Y115.398 E259.16782
G1 X110.803 Y115.65 E259.21283
G1 F481.9 X110.282 Y115.779 E259.25728
G1 X110 Y115.779 E259.28063
;TIME_ELAPSED:247.662051
;LAYER:32
;note -- min layer time used
;MESH:barrel.obj
G0 F12000 X110 Y115.779 Z14.79
;TYPE:WALL-OUTER
G1 F481.9 X109.738 Y115.779 E259.30233
G1 X109.213 Y115.649 E259.34712
G1 F483.9 X108.733 Y115.398 E259.3918
G1 F482.9 X108.328 Y115.041 E259.43643
G1 F480 X108.016 Y114.587 E259.48223
G1 F481 X107.827 Y114.088 E259.52651
G1 F480 X107.761 Y113.548 E259.57175
G1 X107.827 Y113.004 E259.61731
G1 F481 X108.016 Y112.509 E259.66128
G1 F479 X108.329 Y112.052 E259.70743
G1 F480 X108.73 Y111.698 E259.75191
G1 X109.214 Y111.444 E259.79736
G1 X109.738 Y111.313 E259.84227
G1 F481.9 X110.282 Y111.313 E259.88732
G1 F480 X110.802 Y111.444 E259.93191
G1 X111.29 Y111.698 E259.97766
G1 F481 X111.688 Y112.051 E260.0218
G1 X112.002 Y112.508 E260.06782
G1 F481.9 X112.193 Y113.004 E260.11183
G1 X112.257 Y113.548 E260.1572
G1 F482.9 X112.193 Y114.088 E260.20214
G1 F483.9 X112.002 Y114.588 E260.24629
G1 F482.9 X111.692 Y115.041 E260.29166
G1 F483.9 X111.287 Y115.398 E260.33619
G1 X110.803 Y115.65 E260.3812
G1 F481.9 X110.282 Y115.779 E260.42565
G1 X110 Y115.779 E260.44901
;TIME_ELAPSED:249.555197
;LAYER:33
;note -- min layer time used
;MESH:barrel.obj
G0 F12000 X110 Y115.779 Z15.19
;TYPE:WALL-OUTER
G1 F481.9 X109.738 Y115.779 E260.47071
G1 X109.213 Y115.649 E260.5155
G1 F483.9 X108.733 Y115.398 E260.56018
G1 F482.9 X108.328 Y115.041 E260.6048
G1 F480 X108.016 Y114.587 E260.65061
G1 F481 X107.827 Y114.088 E260.69489
G1 F480 X107.761 Y113.548 E260.74012
G1 X107.827 Y113.004 E260.78569
G1 F481 X108.016 Y112.509 E260.82966
G1 F479 X108.329 Y112.052 E260.87581
G1 F480 X108.73 Y111.698 E260.92028
G1 X109.214 Y111.444 E260.96573
G1 X109.738 Y111.313 E261.01064
G1 F481.9 X110.282 Y111.313 E261.0557
G1 F480 X110.802 Y111.444 E261.10029
G1 X111.29 Y111.698 E261.14603
G1 F481 X111.688 Y112.051 E261.19018
G1 X112.002 Y112.508 E261.23619
G1 F481.9 X112.193 Y113.004 E261.28021
G1 X112.257 Y113.548 E261.32557
G1 F482.9 X112.193 Y114.088 E261.37052
G1 F483.9 X112.002 Y114.588 E261.41467
G1 F482.9 X111.692 Y115.041 E261.46003
G1 F483.9 X111.287 Y115.398 E261.50457
G1 X110.803 Y115.65 E261.54958
G1 F481.9 X110.282 Y115.779 E261.59403
G1 X110 Y115.779 E261.61738
;TIME_ELAPSED:251.448342
;LAYER:34
;note -- min layer time used
;MESH:barrel.obj
G0 F12000 X110 Y115.779 Z15.59
;TYPE:WALL-OUTER
G1 F481.9 X109.738 Y115.779 E261.63908
G1 X109.213 Y115.649 E261.68387
G1 F483.9 X108.733 Y115.398 E261.72855
G1 F482.9 X108.328 Y115.041 E261.77317
G1 F480 X108.016 Y114.587 E261.81898
G1 F481 X107.827 Y114.088 E261.86326
G1 F480 X107.761 Y113.548 E261.90849
G1 X107.827 Y113.004 E261.95406
G1 F481 X108.016 Y112.509 E261.99803
G1 F479 X108.329 Y112.052 E262.04418
G1 F480 X108.73 Y111.698 E262.08866
G1 X109.214 Y111.444 E262.13411
G1 X109.738 Y111.313 E262.17902
G1 F481.9 X110.282 Y111.313 E262.22407
G1 F480 X110.802 Y111.444 E262.26866
G1 X111.29 Y111.698 E262.31441
G1 F481 X111.688 Y112.051 E262.35855
G1 X112.002 Y112.508 E262.40456
G1 F481.9 X112.193 Y113.004 E262.44858
G1 X112.257 Y113.548 E262.49395
G1 F482.9 X112.193 Y114.088 E262.53889
G1 F483.9 X112.002 Y114.588 E262.58304
G1 F482.9 X111.692 Y115.041 E262.62841
G1 F483.9 X111.287 Y115.398 E262.67294
G1 X110.803 Y115.65 E262.71795
G1 F481.9 X110.282 Y115.779 E262.7624
G1 X110 Y115.779 E262.78576
;TIME_ELAPSED:253.341488
;LAYER:35
;note -- min layer time used
;MESH:barrel.obj
G0 F12000 X110 Y115.779 Z15.99
;TYPE:WALL-OUTER
G1 F481.9 X109.738 Y115.779 E262.80745
G1 X109.213 Y115.649 E262.85225
G1 F483.9 X108.733 Y115.398 E262.89693
G1 F482.9 X108.328 Y115.041 E262.94155
G1 F480 X108.016 Y114.587 E262.98735
G1 F481 X107.827 Y114.088 E263.03163
G1 F480 X107.761 Y113.548 E263.07687
G1 X107.827 Y113.004 E263.12243
G1 F481 X108.016 Y112.509 E263.1664
G1 F479 X108.329 Y112.052 E263.21255
G1 F480 X108.73 Y111.698 E263.25703
G1 X109.214 Y111.444 E263.30248
G1 X109.738 Y111.313 E263.34739
G1 F481.9 X110.282 Y111.313 E263.39245
G1 F480 X110.802 Y111.444 E263.43703
G1 X111.29 Y111.698 E263.48278
G1 F481 X111.688 Y112.051 E263.52693
G1 X112.002 Y112.508 E263.57294
G1 F481.9 X112.193 Y113.004 E263.61696
G1 X112.257 Y113.548 E263.66232
G1 F482.9 X112.193 Y114.088 E263.70726
G1 F483.9 X112.002 Y114.588 E263.75141
G1 F482.9 X111.692 Y115.041 E263.79678
G1 F483.9 X111.287 Y115.398 E263.84131
G1 X110.803 Y115.65 E263.88632
G1 F481.9 X110.282 Y115.779 E263.93078
G1 X110 Y115.779 E263.95413
;TIME_ELAPSED:255.234633
;LAYER:36
;note -- min layer time used
;MESH:barrel.obj
G0 F12000 X110 Y115.779 Z16.39
;TYPE:WALL-OUTER
G1 F481.9 X109.738 Y115.779 E263.97583
G1 X109.213 Y115.649 E264.02062
G1 F483.9 X108.733 Y115.398 E264.0653
G1 F482.9 X108.328 Y115.041 E264.10992
G1 F480 X108.016 Y114.587 E264.15573
G1 F481 X107.827 Y114.088 E264.20001
G1 F480 X107.761 Y113.548 E264.24524
G1 X107.827 Y113.004 E264.29081
G1 F481 X108.016 Y112.509 E264.33478
G1 F479 X108.329 Y112.052 E264.38093
G1 F480 X108.73 Y111.698 E264.4254
G1 X109.214 Y111.444 E264.47085
G1 X109.738 Y111.313 E264.51577
G1 F481.9 X110.282 Y111.313 E264.56082
G1 F480 X110.802 Y111.444 E264.60541
G1 X111.29 Y111.698 E264.65115
G1 F481 X111.688 Y112.051 E264.6953
G1 X112.002 Y112.508 E264.74131
G1 F481.9 X112.193 Y113.004 E264.78533
G1 X112.257 Y113.548 E264.83069
G1 F482.9 X112.193 Y114.088 E264.87564
G1 F483.9 X112.002 Y114.588 E264.91979
G1 F482.9 X111.692 Y115.041 E264.96516
G1 F483.9 X111.287 Y115.398 E265.00969
G1 X110.803 Y115.65 E265.0547
G1 F481.9 X110.282 Y115.779 E265.09915
G1 X110 Y115.779 E265.1225
;TIME_ELAPSED:257.127779
;LAYER:37
;note -- min layer time used
;MESH:barrel.obj
G0 F12000 X110 Y115.779 Z16.79
;TYPE:WALL-OUTER
G1 F481.9 X109.738 Y115.779 E265.1442
G1 X109.213 Y115.649 E265.18899
G1 F483.9 X108.733 Y115.398 E265.23367
G1 F482.9 X108.328 Y115.041 E265.2783
G1 F480 X108.016 Y114.587 E265.3241
G1 F481 X107.827 Y114.088 E265.36838
G1 F480 X107.761 Y113.548 E265.41362
G1 X107.827 Y113.004 E265.45918
G1 F481 X108.016 Y112.509 E265.50315
G1 F479 X108.329 Y112.052 E265.5493
G1 F480 X108.73 Y111.698 E265.59378
G1 X109.214 Y111.444 E265.63923
G1 X109.738 Y111.313 E265.68414
G1 F481.9 X110.282 Y111.313 E265.72919
G1 F480 X110.802 Y111.444 E265.77378
G1 X111.29 Y111.698 E265.81953
G1 F481 X111.688 Y112.051 E265.86367
G1 X112.002 Y112.508 E265.90969
G1 F481.9 X112.193 Y113.004 E265.9537
G1 X112.257 Y113.548 E265.99907
G1 F482.9 X112.193 Y114.088 E266.04401
G1 F483.9 X112.002 Y114.588 E266.08816
G1 F482.9 X111.692 Y115.041 E266.13353
G1 F483.9 X111.287 Y115.398 E266.17806
G1 X110.803 Y115.65 E266.22307
G1 F481.9 X110.282 Y115.779 E266.26752
G1 X110 Y115.779 E266.29088
;TIME_ELAPSED:259.020924
;LAYER:38
;note -- min layer time used
;MESH:barrel.obj
G0 F12000 X110 Y115.779 Z17.19
;TYPE:WALL-OUTER
G1 F481.9 X109.738 Y115.779 E266.31258
G1 X109.213 Y115.649 E266.35737
G1 F483.9 X108.733 Y115.398 E266.40205
G1 F482.9 X108.328 Y115.041 E266.44667
G1 F480 X108.016 Y114.587 E266.49248
G1 F481 X107.827 Y114.088 E266.53676
G1 F480 X107.761 Y113.548 E266.58199
G1 X107.827 Y113.004 E266.62756
G1 F481 X108.016 Y112.509 E266.67153
G1 F479 X108.329 Y112.052 E266.71768
G1 F480 X108.73 Y111.698 E266.76215
G1 X109.214 Y111.444 E266.8076
G1 X109.738 Y111.313 E266.85251
G1 F481.9 X110.282 Y111.313 E266.89757
G1 F480 X110.802 Y111.444 E266.94216
G1 X111.29 Y111.698 E266.9879
G1 F481 X111.688 Y112.051 E267.03205
G1 X112.002 Y112.508 E267.07806
G1 F481.9 X112.193 Y113.004 E267.12208
G1 X112.257 Y113.548 E267.16744
G1 F482.9 X112.193 Y114.088 E267.21239
G1 F483.9 X112.002 Y114.588 E267.25654
G1 F482.9 X111.692 Y115.041 E267.3019
G1 F483.9 X111.287 Y115.398 E267.34644
G1 X110.803 Y115.65 E267.39145
G1 F481.9 X110.282 Y115.779 E267.4359
G1 X110 Y115.779 E267.45925
;TIME_ELAPSED:260.914070
;LAYER:39
;note -- min layer time used
;MESH:barrel.obj
G0 F12000 X110 Y115.779 Z17.59
;TYPE:WALL-OUTER
G1 F481.9 X109.738 Y115.779 E267.48095
G1 X109.213 Y115.649 E267.52574
G1 F483.9 X108.733 Y115.398 E267.57042
G1 F482.9 X108.328 Y115.041 E267.61504
G1 F480 X108.016 Y114.587 E267.66085
G1 F481 X107.827 Y114.088 E267.70513
G1 F480 X107.761 Y113.548 E267.75036
G1 X107.827 Y113.004 E267.79593
G1 F481 X108.016 Y112.509 E267.8399
G1 F479 X108.329 Y112.052 E267.88605
G1 F480 X108.73 Y111.698 E267.93053
G1 X109.214 Y111.444 E267.97598
G1 X109.738 Y111.313 E268.02089
G1 F481.9 X110.282 Y111.313 E268.06594
G1 F480 X110.802 Y111.444 E268.11053
G1 X111.29 Y111.698 E268.15627
G1 F481 X111.688 Y112.051 E268.20042
G1 X112.002 Y112.508 E268.24643
G1 F481.9 X112.193 Y113.004 E268.29045
G1 X112.257 Y113.548 E268.33582
G1 F482.9 X112.193 Y114.088 E268.38076
G1 F483.9 X112.002 Y114.588 E268.42491
G1 F482.9 X111.692 Y115.041 E268.47028
G1 F483.9 X111.287 Y115.398 E268.51481
G1 X110.803 Y115.65 E268.55982
G1 F481.9 X110.282 Y115.779 E268.60427
G1 X110 Y115.779 E268.62763
;TIME_ELAPSED:262.807215
;LAYER:40
;note -- min layer time used
;MESH:barrel.obj
G0 F12000 X110 Y115.779 Z17.99
;TYPE:WALL-OUTER
G1 F481.9 X109.738 Y115.779 E268.64932
G1 X109.213 Y115.649 E268.69412
G1 F483.9 X108.733 Y115.398 E268.7388
G1 F482.9 X108.328 Y115.041 E268.78342
G1 F480 X108.016 Y114.587 E268.82922
G1 F481 X107.827 Y114.088 E268.8735
G1 F480 X107.761 Y113.548 E268.91874
G1 X107.827 Y113.004 E268.9643
G1 F481 X108.016 Y112.509 E269.00827
G1 F479 X108.329 Y112.052 E269.05442
G1 F480 X108.73 Y111.698 E269.0989
G1 X109.214 Y111.444 E269.14435
G1 X109.738 Y111.313 E269.18926
G1 F481.9 X110.282 Y111.313 E269.23431
G1 F480 X110.802 Y111.444 E269.2789
G1 X111.29 Y111.698 E269.32465
G1 F481 X111.688 Y112.051 E269.3688
G1 X112.002 Y112.508 E269.41481
G1 F481.9 X112.193 Y113.004 E269.45883
G1 X112.257 Y113.548 E269.50419
G1 F482.9 X112.193 Y114.088 E269.54913
G1 F483.9 X112.002 Y114.588 E269.59328
G1 F482.9 X111.692 Y115.041 E269.63865
G1 F483.9 X111.287 Y115.398 E269.68318
G1 X110.803 Y115.65 E269.72819
G1 F481.9 X110.282 Y115.779 E269.77265
G1 X110 Y115.779 E269.796
;TIME_ELAPSED:264.700361
;LAYER:41
;note -- min layer time used
;MESH:barrel.obj
G0 F12000 X110 Y115.779 Z18.39
;TYPE:WALL-OUTER
G1 F481.9 X109.738 Y115.779 E269.8177
G1 X109.213 Y115.649 E269.86249
G1 F483.9 X108.733 Y115.398 E269.90717
G1 F482.9 X108.328 Y115.041 E269.95179
G1 F480 X108.016 Y114.587 E269.9976
G1 F481 X107.827 Y114.088 E270.04188
G1 F480 X107.761 Y113.548 E270.08711
G1 X107.827 Y113.004 E270.13268
G1 F481 X108.016 Y112.509 E270.17665
G1 F479 X108.329 Y112.052 E270.2228
G1 F480 X108.73 Y111.698 E270.26727
G1 X109.214 Y111.444 E270.31272
G1 X109.738 Y111.313 E270.35764
G1 F481.9 X110.282 Y111.313 E270.40269
G1 F480 X110.802 Y111.444 E270.44728
G1 X111.29 Y111.698 E270.49302
G1 F481 X111.688 Y112.051 E270.53717
G1 X112.002 Y112.508 E270.58318
G1 F481.9 X112.193 Y113.004 E270.6272
G1 X112.257 Y113.548 E270.67256
G1 F482.9 X112.193 Y114.088 E270.71751
G1 F483.9 X112.002 Y114.588 E270.76166
G1 F482.9 X111.692 Y115.041 E270.80703
G1 F483.9 X111.287 Y115.398 E270.85156
G1 X110.803 Y115.65 E270.89657
G1 F481.9 X110.282 Y115.779 E270.94102
G1 X110 Y115.779 E270.96437
;TIME_ELAPSED:266.593506
;LAYER:42
;note -- min layer time used
;MESH:barrel.obj
G0 F12000 X110 Y115.779 Z18.79
;TYPE:WALL-OUTER
G1 F481.9 X109.738 Y115.779 E270.98607
G1 X109.213 Y115.649 E271.03086
G1 F483.9 X108.733 Y115.398 E271.07554
G1 F482.9 X108.328 Y115.041 E271.12017
G1 F480 X108.016 Y114.587 E271.16597
G1 F481 X107.827 Y114.088 E271.21025
G1 F480 X107.761 Y113.548 E271.25549
G1 X107.827 Y113.004 E271.30105
G1 F481 X108.016 Y112.509 E271.34502
G1 F479 X108.329 Y112.052 E271.39117
G1 F480 X108.73 Y111.698 E271.43565
G1 X109.214 Y111.444 E271.4811
G1 X109.738 Y111.313 E271.52601
G1 F481.9 X110.282 Y111.313 E271.57106
G1 F480 X110.802 Y111.444 E271.61565
G1 X111.29 Y111.698 E271.6614
G1 F481 X111.688 Y112.051 E271.70554
G1 X112.002 Y112.508 E271.75156
G1 F481.9 X112.193 Y113.004 E271.79557
G1 X112.257 Y113.548 E271.84094
G1 F482.9 X112.193 Y114.088 E271.88588
G1 F483.9 X112.002 Y114.588 E271.93003
G1 F482.9 X111.692 Y115.041 E271.9754
G1 F483.9 X111.287 Y115.398 E272.01993
G1 X110.803 Y115.65 E272.06494
G1 F481.9 X110.282 Y115.779 E272.10939
G1 X110 Y115.779 E272.13275
;TIME_ELAPSED:268.486652
;LAYER:43
;note -- min layer time used
;MESH:barrel.obj
G0 F12000 X110 Y115.779 Z19.19
;TYPE:WALL-OUTER
G1 F481.9 X109.738 Y115.779 E272.15445
G1 X109.213 Y115.649 E272.19924
G1 F483.9 X108.733 Y115.398 E272.24392
G1 F482.9 X108.328 Y115.041 E272.28854
G1 F480 X108.016 Y114.587 E272.33435
G1 F481 X107.827 Y114.088 E272.37862
G1 F480 X107.761 Y113.548 E272.42386
G1 X107.827 Y113.004 E272.46943
G1 F481 X108.016 Y112.509 E272.5134
G1 F479 X108.329 Y112.052 E272.55955
G1 F480 X108.73 Y111.698 E272.60402
G1 X109.214 Y111.444 E272.64947
G1 X109.738 Y111.313 E272.69438
G1 F481.9 X110.282 Y111.313 E272.73944
G1 F480 X110.802 Y111.444 E272.78403
G1 X111.29 Y111.698 E272.82977
G1 F481 X111.688 Y112.051 E272.87392
G1 X112.002 Y112.508 E272.91993
G1 F481.9 X112.193 Y113.004 E272.96395
G1 X112.257 Y113.548 E273.00931
G1 F482.9 X112.193 Y114.088 E273.05426
G1 F483.9 X112.002 Y114.588 E273.09841
G1 F482.9 X111.692 Y115.041 E273.14377
G1 F483.9 X111.287 Y115.398 E273.18831
G1 X110.803 Y115.65 E273.23332
G1 F481.9 X110.282 Y115.779 E273.27777
G1 X110 Y115.779 E273.30112
;TIME_ELAPSED:270.379797
;LAYER:44
;note -- min layer time used
;MESH:barrel.obj
G0 F12000 X110 Y115.779 Z19.59
;TYPE:WALL-OUTER
G1 F481.9 X109.738 Y115.779 E273.32282
G1 X109.213 Y115.649 E273.36761
G1 F483.9 X108.733 Y115.398 E273.41229
G1 F482.9 X108.328 Y115.041 E273.45691
G1 F480 X108.016 Y114.587 E273.50272
G1 F481 X107.827 Y114.088 E273.547
G1 F480 X107.761 Y113.548 E273.59223
G1 X107.827 Y113.004 E273.6378
G1 F481 X108.016 Y112.509 E273.68177
G1 F479 X108.329 Y112.052 E273.72792
G1 F480 X108.73 Y111.698 E273.7724
G1 X109.214 Y111.444 E273.81785
G1 X109.738 Y111.313 E273.86276
G1 F481.9 X110.282 Y111.313 E273.90781
G1 F480 X110.802 Y111.444 E273.9524
G1 X111.29 Y111.698 E273.99814
G1 F481 X111.688 Y112.051 E274.04229
G1 X112.002 Y112.508 E274.0883
G1 F481.9 X112.193 Y113.004 E274.13232
G1 X112.257 Y113.548 E274.17769
G1 F482.9 X112.193 Y114.088 E274.22263
G1 F483.9 X112.002 Y114.588 E274.26678
G1 F482.9 X111.692 Y115.041 E274.31215
G1 F483.9 X111.287 Y115.398 E274.35668
G1 X110.803 Y115.65 E274.40169
G1 F481.9 X110.282 Y115.779 E274.44614
G1 X110 Y115.779 E274.4695
;TIME_ELAPSED:272.272943
;LAYER:45
;note -- min layer time used
;MESH:barrel.obj
G0 F12000 X110 Y115.779 Z19.99
;TYPE:WALL-OUTER
G1 F481.9 X109.738 Y115.779 E274.49119
G1 X109.213 Y115.649 E274.53599
G1 F483.9 X108.733 Y115.398 E274.58067
G1 F482.9 X108.328 Y115.041 E274.62529
G1 F480 X108.016 Y114.587 E274.67109
G1 F481 X107.827 Y114.088 E274.71537
G1 F480 X107.761 Y113.548 E274.76061
G1 X107.827 Y113.004 E274.80617
G1 F481 X108.016 Y112.509 E274.85014
G1 F479 X108.329 Y112.052 E274.89629
G1 F480 X108.73 Y111.698 E274.94077
G1 X109.214 Y111.444 E274.98622
G1 X109.738 Y111.313 E275.03113
G1 F481.9 X110.282 Y111.313 E275.07618
G1 F480 X110.802 Y111.444 E275.12077
G1 X111.29 Y111.698 E275.16652
G1 F481 X111.688 Y112.051 E275.21067
G1 X112.002 Y112.508 E275.25668
G1 F481.9 X112.193 Y113.004 E275.3007
G1 X112.257 Y113.548 E275.34606
G1 F482.9 X112.193 Y114.088 E275.391
G1 F483.9 X112.002 Y114.588 E275.43515
G1 F482.9 X111.692 Y115.041 E275.48052
G1 F483.9 X111.287 Y115.398 E275.52505
G1 X110.803 Y115.65 E275.57006
G1 F481.9 X110.282 Y115.779 E275.61452
G1 X110 Y115.779 E275.63787
;TIME_ELAPSED:274.166088
;LAYER:46
;note -- min layer time used
;MESH:barrel.obj
G0 F12000 X110 Y115.779 Z20.39
;TYPE:WALL-OUTER
G1 F481.9 X109.738 Y115.779 E275.65957
G1 X109.213 Y115.649 E275.70436
G1 F483.9 X108.733 Y115.398 E275.74904
G1 F482.9 X108.328 Y115.041 E275.79366
G1 F480 X108.016 Y114.587 E275.83947
G1 F481 X107.827 Y114.088 E275.88375
G1 F480 X107.761 Y113.548 E275.92898
G1 X107.827 Y113.004 E275.97455
G1 F481 X108.016 Y112.509 E276.01852
G1 F479 X108.329 Y112.052 E276.06467
G1 F480 X108.73 Y111.698 E276.10914
G1 X109.214 Y111.444 E276.15459
G1 X109.738 Y111.313 E276.19951
G1 F481.9 X110.282 Y111.313 E276.24456
G1 F480 X110.802 Y111.444 E276.28915
G1 X111.29 Y111.698 E276.33489
G1 F481 X111.688 Y112.051 E276.37904
G1 X112.002 Y112.508 E276.42505
G1 F481.9 X112.193 Y113.004 E276.46907
G1 X112.257 Y113.548 E276.51443
G1 F482.9 X112.193 Y114.088 E276.55938
G1 F483.9 X112.002 Y114.588 E276.60353
G1 F482.9 X111.692 Y115.041 E276.6489
G1 F483.9 X111.287 Y115.398 E276.69343
G1 X110.803 Y115.65 E276.73844
G1 F481.9 X110.282 Y115.779 E276.78289
G1 X110 Y115.779 E276.80624
;TIME_ELAPSED:276.059234
;LAYER:47
;note -- min layer time used
;MESH:barrel.obj
G0 F12000 X110 Y115.779 Z20.79
;TYPE:WALL-OUTER
G1 F481.9 X109.738 Y115.779 E276.82794
G1 X109.213 Y115.649 E276.87273
G1 F483.9 X108.733 Y115.398 E276.91741
G1 F482.9 X108.328 Y115.041 E276.96204
G1 F480 X108.016 Y114.587 E277.00784
G1 F481 X107.827 Y114.088 E277.05212
G1 F480 X107.761 Y113.548 E277.09736
G1 X107.827 Y113.004 E277.14292
G1 F481 X108.016 Y112.509 E277.18689
G1 F479 X108.329 Y112.052 E277.23304
G1 F480 X108.73 Y111.698 E277.27752
G1 X109.214 Y111.444 E277.32297
G1 X109.738 Y111.313 E277.36788
G1 F481.9 X110.282 Y111.313 E277.41293
G1 F480 X110.802 Y111.444 E277.45752
G1 X111.29 Y111.698 E277.50327
G1 F481 X111.688 Y112.051 E277.54741
G1 X112.002 Y112.508 E277.59343
G1 F481.9 X112.193 Y113.004 E277.63744
G1 X112.257 Y113.548 E277.68281
G1 F482.9 X112.193 Y114.088 E277.72775
G1 F483.9 X112.002 Y114.588 E277.7719
G1 F482.9 X111.692 Y115.041 E277.81727
G1 F483.9 X111.287 Y115.398 E277.8618
G1 X110.803 Y115.65 E277.90681
G1 F481.9 X110.282 Y115.779 E277.95126
G1 X110 Y115.779 E277.97462
;TIME_ELAPSED:277.952379
;LAYER:48
;note -- min layer time used
;MESH:barrel.obj
G0 F12000 X110 Y115.779 Z21.19
;TYPE:WALL-OUTER
G1 F481.9 X109.738 Y115.779 E277.99632
G1 X109.213 Y115.649 E278.04111
G1 F483.9 X108.733 Y115.398 E278.08579
G1 F482.9 X108.328 Y115.041 E278.13041
G1 F480 X108.016 Y114.587 E278.17621
G1 F481 X107.827 Y114.088 E278.22049
G1 F480 X107.761 Y113.548 E278.26573
G1 X107.827 Y113.004 E278.3113
G1 F481 X108.016 Y112.509 E278.35526
G1 F479 X108.329 Y112.052 E278.40141
G1 F480 X108.73 Y111.698 E278.44589
G1 X109.214 Y111.444 E278.49134
G1 X109.738 Y111.313 E278.53625
G1 F481.9 X110.282 Y111.313 E278.58131
G1 F480 X110.802 Y111.444 E278.6259
G1 X111.29 Y111.698 E278.67164
G1 F481 X111.688 Y112.051 E278.71579
G1 X112.002 Y112.508 E278.7618
G1 F481.9 X112.193 Y113.004 E278.80582
G1 X112.257 Y113.548 E278.85118
G1 F482.9 X112.193 Y114.088 E278.89613
G1 F483.9 X112.002 Y114.588 E278.94027
G1 F482.9 X111.692 Y115.041 E278.98564
G1 F483.9 X111.287 Y115.398 E279.03018
G1 X110.803 Y115.65 E279.07519
G1 F481.9 X110.282 Y115.779 E279.11964
G1 X110 Y115.779 E279.14299
;TIME_ELAPSED:279.845525
;LAYER:49
;note -- min layer time used
;MESH:barrel.obj
G0 F12000 X110 Y115.779 Z21.59
;TYPE:WALL-OUTER
G1 F481.9 X109.738 Y115.779 E279.16469
G1 X109.213 Y115.649 E279.20948
G1 F483.9 X108.733 Y115.398 E279.25416
G1 F482.9 X108.328 Y115.041 E279.29878
G1 F480 X108.016 Y114.587 E279.34459
G1 F481 X107.827 Y114.088 E279.38887
G1 F480 X107.761 Y113.548 E279.4341
G1 X107.827 Y113.004 E279.47967
G1 F481 X108.016 Y112.509 E279.52364
G1 F479 X108.329 Y112.052 E279.56979
G1 F480 X108.73 Y111.698 E279.61427
G1 X109.214 Y111.444 E279.65972
G1 X109.738 Y111.313 E279.70463
G1 F481.9 X110.282 Y111.313 E279.74968
G1 F480 X110.802 Y111.444 E279.79427
G1 X111.29 Y111.698 E279.84001
G1 F481 X111.688 Y112.051 E279.88416
G1 X112.002 Y112.508 E279.93017
G1 F481.9 X112.193 Y113.004 E279.97419
G1 X112.257 Y113.548 E280.01956
G1 F482.9 X112.193 Y114.088 E280.0645
G1 F483.9 X112.002 Y114.588 E280.10865
G1 F482.9 X111.692 Y115.041 E280.15402
G1 F483.9 X111.287 Y115.398 E280.19855
G1 X110.803 Y115.65 E280.24356
G1 F481.9 X110.282 Y115.779 E280.28801
G1 X110 Y115.779 E280.31137
;TIME_ELAPSED:281.738670
;LAYER:50
;note -- min layer time used
;MESH:barrel.obj
G0 F12000 X110 Y115.779 Z21.99
;TYPE:WALL-OUTER
G1 F481.9 X109.738 Y115.779 E280.33306
G1 X109.213 Y115.649 E280.37786
G1 F483.9 X108.733 Y115.398 E280.42254
G1 F482.9 X108.328 Y115.041 E280.46716
G1 F480 X108.016 Y114.587 E280.51296
G1 F481 X107.827 Y114.088 E280.55724
G1 F480 X107.761 Y113.548 E280.60248
G1 X107.827 Y113.004 E280.64804
G1 F481 X108.016 Y112.509 E280.69201
G1 F479 X108.329 Y112.052 E280.73816
G1 F480 X108.73 Y111.698 E280.78264
G1 X109.214 Y111.444 E280.82809
G1 X109.738 Y111.313 E280.873
G1 F481.9 X110.282 Y111.313 E280.91805
G1 F480 X110.802 Y111.444 E280.96264
G1 X111.29 Y111.698 E281.00839
G1 F481 X111.688 Y112.051 E281.05254
G1 X112.002 Y112.508 E281.09855
G1 F481.9 X112.193 Y113.004 E281.14257
G1 X112.257 Y113.548 E281.18793
G1 F482.9 X112.193 Y114.088 E281.23287
G1 F483.9 X112.002 Y114.588 E281.27702
G1 F482.9 X111.692 Y115.041 E281.32239
G1 F483.9 X111.287 Y115.398 E281.36692
G1 X110.803 Y115.65 E281.41193
G1 F481.9 X110.282 Y115.779 E281.45638
G1 X110 Y115.779 E281.47974
;TIME_ELAPSED:283.631816
;LAYER:51
;note -- min layer time used
;MESH:barrel.obj
G0 F12000 X110 Y115.779 Z22.39
;TYPE:WALL-OUTER
G1 F481.9 X109.738 Y115.779 E281.50144
G1 X109.213 Y115.649 E281.54623
G1 F483.9 X108.733 Y115.398 E281.59091
G1 F482.9 X108.328 Y115.041 E281.63553
G1 F480 X108.016 Y114.587 E281.68134
G1 F481 X107.827 Y114.088 E281.72562
G1 F480 X107.761 Y113.548 E281.77085
G1 X107.827 Y113.004 E281.81642
G1 F481 X108.016 Y112.509 E281.86039
G1 F479 X108.329 Y112.052 E281.90654
G1 F480 X108.73 Y111.698 E281.95101
G1 X109.214 Y111.444 E281.99646
G1 X109.738 Y111.313 E282.04138
G1 F481.9 X110.282 Y111.313 E282.08643
G1 F480 X110.802 Y111.444 E282.13102
G1 X111.29 Y111.698 E282.17676
G1 F481 X111.688 Y112.051 E282.22091
G1 X112.002 Y112.508 E282.26692
G1 F481.9 X112.193 Y113.004 E282.31094
G1 X112.257 Y113.548 E282.3563
G1 F482.9 X112.193 Y114.088 E282.40125
G1 F483.9 X112.002 Y114.588 E282.4454
G1 F482.9 X111.692 Y115.041 E282.49077
G1 F483.9 X111.287 Y115.398 E282.5353
G1 X110.803 Y115.65 E282.58031
G1 F481.9 X110.282 Y115.779 E282.62476
G1 X110 Y115.779 E282.64811
;TIME_ELAPSED:285.524961
;LAYER:52
;note -- min layer time used
;MESH:barrel.obj
G0 F12000 X110 Y115.779 Z22.79
;TYPE:WALL-OUTER
G1 F481.9 X109.738 Y115.779 E282.66981
G1 X109.213 Y115.649 E282.7146
G1 F483.9 X108.733 Y115.398 E282.75928
G1 F482.9 X108.328 Y115.041 E282.80391
G1 F480 X108.016 Y114.587 E282.84971
G1 F481 X107.827 Y114.088 E282.89399
G1 F480 X107.761 Y113.548 E282.93923
G1 X107.827 Y113.004 E282.98479
G1 F481 X108.016 Y112.509 E283.02876
G1 F479 X108.329 Y112.052 E283.07491
G1 F480 X108.73 Y111.698 E283.11939
G1 X109.214 Y111.444 E283.16484
G1 X109.738 Y111.313 E283.20975
G1 F481.9 X110.282 Y111.313 E283.2548
G1 F480 X110.802 Y111.444 E283.29939
G1 X111.29 Y111.698 E283.34514
G1 F481 X111.688 Y112.051 E283.38928
G1 X112.002 Y112.508 E283.4353
G1 F481.9 X112.193 Y113.004 E283.47931
G1 X112.257 Y113.548 E283.52468
G1 F482.9 X112.193 Y114.088 E283.56962
G1 F483.9 X112.002 Y114.588 E283.61377
G1 F482.9 X111.692 Y115.041 E283.65914
G1 F483.9 X111.287 Y115.398 E283.70367
G1 X110.803 Y115.65 E283.74868
G1 F481.9 X110.282 Y115.779 E283.79313
G1 X110 Y115.779 E283.81649
;TIME_ELAPSED:287.418107
;LAYER:53
;note -- min layer time used
;MESH:barrel.obj
G0 F12000 X110 Y115.779 Z23.19
;TYPE:WALL-OUTER
G1 F481.9 X109.738 Y115.779 E283.83819
G1 X109.213 Y115.649 E283.88298
G1 F483.9 X108.733 Y115.398 E283.92766
G1 F482.9 X108.328 Y115.041 E283.97228
G1 F480 X108.016 Y114.587 E284.01808
G1 F481 X107.827 Y114.088 E284.06236
G1 F480 X107.761 Y113.548 E284.1076
G1 X107.827 Y113.004 E284.15317
G1 F481 X108.016 Y112.509 E284.19713
G1 F479 X108.329 Y112.052 E284.24328
G1 F480 X108.73 Y111.698 E284.28776
G1 X109.214 Y111.444 E284.33321
G1 X109.738 Y111.313 E284.37812
G1 F481.9 X110.282 Y111.313 E284.42318
G1 F480 X110.802 Y111.444 E284.46777
G1 X111.29 Y111.698 E284.51351
G1 F481 X111.688 Y112.051 E284.55766
G1 X112.002 Y112.508 E284.60367
G1 F481.9 X112.193 Y113.004 E284.64769
G1 X112.257 Y113.548 E284.69305
G1 F482.9 X112.193 Y114.088 E284.738
G1 F483.9 X112.002 Y114.588 E284.78214
G1 F482.9 X111.692 Y115.041 E284.82751
G1 F483.9 X111.287 Y115.398 E284.87205
G1 X110.803 Y115.65 E284.91706
G1 F481.9 X110.282 Y115.779 E284.96151
G1 X110 Y115.779 E284.98486
;TIME_ELAPSED:289.311252
;LAYER:54
;note -- min layer time used
;MESH:barrel.obj
G0 F12000 X110 Y115.779 Z23.59
;TYPE:WALL-OUTER
G1 F481.9 X109.738 Y115.779 E285.00656
G1 X109.213 Y115.649 E285.05135
G1 F483.9 X108.733 Y115.398 E285.09603
G1 F482.9 X108.328 Y115.041 E285.14065
G1 F480 X108.016 Y114.587 E285.18646
G1 F481 X107.827 Y114.088 E285.23074
G1 F480 X107.761 Y113.548 E285.27597
G1 X107.827 Y113.004 E285.32154
G1 F481 X108.016 Y112.509 E285.36551
G1 F479 X108.329 Y112.052 E285.41166
G1 F480 X108.73 Y111.698 E285.45614
G1 X109.214 Y111.444 E285.50159
G1 X109.738 Y111.313 E285.5465
G1 F481.9 X110.282 Y111.313 E285.59155
G1 F480 X110.802 Y111.444 E285.63614
G1 X111.29 Y111.698 E285.68188
G1 F481 X111.688 Y112.051 E285.72603
G1 X112.002 Y112.508 E285.77204
G1 F481.9 X112.193 Y113.004 E285.81606
G1 X112.257 Y113.548 E285.86143
G1 F482.9 X112.193 Y114.088 E285.90637
G1 F483.9 X112.002 Y114.588 E285.95052
G1 F482.9 X111.692 Y115.041 E285.99589
G1 F483.9 X111.287 Y115.398 E286.04042
G1 X110.803 Y115.65 E286.08543
G1 F481.9 X110.282 Y115.779 E286.12988
G1 X110 Y115.779 E286.15324
;TIME_ELAPSED:291.204398
;LAYER:55
;note -- min layer time used
;MESH:barrel.obj
G0 F12000 X110 Y115.779 Z23.99
;TYPE:WALL-OUTER
G1 F481.9 X109.738 Y115.779 E286.17493
G1 X109.213 Y115.649 E286.21973
G1 F483.9 X108.733 Y115.398 E286.26441
G1 F482.9 X108.328 Y115.041 E286.30903
G1 F480 X108.016 Y114.587 E286.35483
G1 F481 X107.827 Y114.088 E286.39911
G1 F480 X107.761 Y113.548 E286.44435
G1 X107.827 Y113.004 E286.48991
G1 F481 X108.016 Y112.509 E286.53388
G1 F479 X108.329 Y112.052 E286.58003
G1 F480 X108.73 Y111.698 E286.62451
G1 X109.214 Y111.444 E286.66996
G1 X109.738 Y111.313 E286.71487
G1 F481.9 X110.282 Y111.313 E286.75992
G1 F480 X110.802 Y111.444 E286.80451
G1 X111.29 Y111.698 E286.85026
G1 F481 X111.688 Y112.051 E286.8944
G1 X112.002 Y112.508 E286.94042
G1 F481.9 X112.193 Y113.004 E286.98444
G1 X112.257 Y113.548 E287.0298
G1 F482.9 X112.193 Y114.088 E287.07474
G1 F483.9 X112.002 Y114.588 E287.11889
G1 F482.9 X111.692 Y115.041 E287.16426
G1 F483.9 X111.287 Y115.398 E287.20879
G1 X110.803 Y115.65 E287.2538
G1 F481.9 X110.282 Y115.779 E287.29825
G1 X110 Y115.779 E287.32161
;TIME_ELAPSED:293.097544
;LAYER:56
;note -- min layer time used
;MESH:barrel.obj
G0 F12000 X110 Y115.779 Z24.39
;TYPE:WALL-OUTER
G1 F481.9 X109.738 Y115.779 E287.34331
G1 X109.213 Y115.649 E287.3881
G1 F483.9 X108.733 Y115.398 E287.43278
G1 F482.9 X108.328 Y115.041 E287.4774
G1 F480 X108.016 Y114.587 E287.52321
G1 F481 X107.827 Y114.088 E287.56749
G1 F480 X107.761 Y113.548 E287.61272
G1 X107.827 Y113.004 E287.65829
G1 F481 X108.016 Y112.509 E287.70226
G1 F479 X108.329 Y112.052 E287.74841
G1 F480 X108.73 Y111.698 E287.79288
G1 X109.214 Y111.444 E287.83833
G1 X109.738 Y111.313 E287.88325
G1 F481.9 X110.282 Y111.313 E287.9283
G1 F480 X110.802 Y111.444 E287.97289
G1 X111.29 Y111.698 E288.01863
G1 F481 X111.688 Y112.051 E288.06278
G1 X112.002 Y112.508 E288.10879
G1 F481.9 X112.193 Y113.004 E288.15281
G1 X112.257 Y113.548 E288.19817
G1 F482.9 X112.193 Y114.088 E288.24312
G1 F483.9 X112.002 Y114.588 E288.28727
G1 F482.9 X111.692 Y115.041 E288.33264
G1 F483.9 X111.287 Y115.398 E288.37717
G1 X110.803 Y115.65 E288.42218
G1 F481.9 X110.282 Y115.779 E288.46663
G1 X110 Y115.779 E288.48998
;TIME_ELAPSED:294.990689
;LAYER:57
;note -- min layer time used
;MESH:barrel.obj
G0 F12000 X110 Y115.779 Z24.79
;TYPE:WALL-OUTER
G1 F481.9 X109.738 Y115.779 E288.51168
G1 X109.213 Y115.649 E288.55647
G1 F483.9 X108.733 Y115.398 E288.60115
G1 F482.9 X108.328 Y115.041 E288.64578
G1 F480 X108.016 Y114.587 E288.69158
G1 F481 X107.827 Y114.088 E288.73586
G1 F480 X107.761 Y113.548 E288.7811
G1 X107.827 Y113.004 E288.82666
G1 F481 X108.016 Y112.509 E288.87063
G1 F479 X108.329 Y112.052 E288.91678
G1 F480 X108.73 Y111.698 E288.96126
G1 X109.214 Y111.444 E289.00671
G1 X109.738 Y111.313 E289.05162
G1 F481.9 X110.282 Y111.313 E289.09667
G1 F480 X110.802 Y111.444 E289.14126
G1 X111.29 Y111.698 E289.18701
G1 F481 X111.688 Y112.051 E289.23115
G1 X112.002 Y112.508 E289.27717
G1 F481.9 X112.193 Y113.004 E289.32118
G1 X112.257 Y113.548 E289.36655
G1 F482.9 X112.193 Y114.088 E289.41149
G1 F483.9 X112.002 Y114.588 E289.45564
G1 F482.9 X111.692 Y115.041 E289.50101
G1 F483.9 X111.287 Y115.398 E289.54554
G1 X110.803 Y115.65 E289.59055
G1 F481.9 X110.282 Y115.779 E289.635
G1 X110 Y115.779 E289.65836
;TIME_ELAPSED:296.883835
;LAYER:58
;note -- min layer time used
;MESH:barrel.obj
G0 F12000 X110 Y115.779 Z25.19
;TYPE:WALL-OUTER
G1 F481.9 X109.738 Y115.779 E289.68006
G1 X109.213 Y115.649 E289.72485
G1 F483.9 X108.733 Y115.398 E289.76953
G1 F482.9 X108.328 Y115.041 E289.81415
G1 F480 X108.016 Y114.587 E289.85995
G1 F481 X107.827 Y114.088 E289.90423
G1 F480 X107.761 Y113.548 E289.94947
G1 X107.827 Y113.004 E289.99503
G1 F481 X108.016 Y112.509 E290.039
G1 F479 X108.329 Y112.052 E290.08515
G1 F480 X108.73 Y111.698 E290.12963
G1 X109.214 Y111.444 E290.17508
G1 X109.738 Y111.313 E290.21999
G1 F481.9 X110.282 Y111.313 E290.26505
G1 F480 X110.802 Y111.444 E290.30964
G1 X111.29 Y111.698 E290.35538
G1 F481 X111.688 Y112.051 E290.39953
G1 X112.002 Y112.508 E290.44554
G1 F481.9 X112.193 Y113.004 E290.48956
G1 X112.257 Y113.548 E290.53492
G1 F482.9 X112.193 Y114.088 E290.57987
G1 F483.9 X112.002 Y114.588 E290.62401
G1 F482.9 X111.692 Y115.041 E290.66938
G1 F483.9 X111.287 Y115.398 E290.71392
G1 X110.803 Y115.65 E290.75893
G1 F481.9 X110.282 Y115.779 E290.80338
G1 X110 Y115.779 E290.82673
;TIME_ELAPSED:298.776980
;LAYER:59
;note -- min layer time used
;MESH:barrel.obj
G0 F12000 X110 Y115.779 Z25.59
;TYPE:WALL-OUTER
G1 F481.9 X109.738 Y115.779 E290.84843
G1 X109.213 Y115.649 E290.89322
G1 F483.9 X108.733 Y115.398 E290.9379
G1 F482.9 X108.328 Y115.041 E290.98252
G1 F480 X108.016 Y114.587 E291.02833
G1 F481 X107.827 Y114.088 E291.07261
G1 F480 X107.761 Y113.548 E291.11784
G1 X107.827 Y113.004 E291.16341
G1 F481 X108.016 Y112.509 E291.20738
G1 F479 X108.329 Y112.052 E291.25353
G1 F480 X108.73 Y111.698 E291.29801
G1 X109.214 Y111.444 E291.34346
G1 X109.738 Y111.313 E291.38837
G1 F481.9 X110.282 Y111.313 E291.43342
G1 F480 X110.802 Y111.444 E291.47801
G1 X111.29 Y111.698 E291.52375
G1 F481 X111.688 Y112.051 E291.5679
G1 X112.002 Y112.508 E291.61391
G1 F481.9 X112.193 Y113.004 E291.65793
G1 X112.257 Y113.548 E291.70329
G1 F482.9 X112.193 Y114.088 E291.74824
G1 F483.9 X112.002 Y114.588 E291.79239
G1 F482.9 X111.692 Y115.041 E291.83776
G1 F483.9 X111.287 Y115.398 E291.88229
G1 X110.803 Y115.65 E291.9273
G1 F481.9 X110.282 Y115.779 E291.97175
G1 X110 Y115.779 E291.9951
;TIME_ELAPSED:300.670126
;LAYER:60
;note -- min layer time used
;MESH:barrel.obj
G0 F12000 X110 Y115.779 Z25.99
;TYPE:WALL-OUTER
G1 F481.9 X109.738 Y115.779 E292.0168
G1 X109.213 Y115.649 E292.0616
G1 F483.9 X108.733 Y115.398 E292.10627
G1 F482.9 X108.328 Y115.041 E292.1509
G1 F480 X108.016 Y114.587 E292.1967
G1 F481 X107.827 Y114.088 E292.24098
G1 F480 X107.761 Y113.548 E292.28622
G1 X107.827 Y113.004 E292.33178
G1 F481 X108.016 Y112.509 E292.37575
G1 F479 X108.329 Y112.052 E292.4219
G1 F480 X108.73 Y111.698 E292.46638
G1 X109.214 Y111.444 E292.51183
G1 X109.738 Y111.313 E292.55674
G1 F481.9 X110.282 Y111.313 E292.60179
G1 F480 X110.802 Y111.444 E292.64638
G1 X111.29 Y111.698 E292.69213
G1 F481 X111.688 Y112.051 E292.73627
G1 X112.002 Y112.508 E292.78229
G1 F481.9 X112.193 Y113.004 E292.82631
G1 X112.257 Y113.548 E292.87167
G1 F482.9 X112.193 Y114.088 E292.91661
G1 F483.9 X112.002 Y114.588 E292.96076
G1 F482.9 X111.692 Y115.041 E293.00613
G1 F483.9 X111.287 Y115.398 E293.05066
G1 X110.803 Y115.65 E293.09567
G1 F481.9 X110.282 Y115.779 E293.14012
G1 X110 Y115.779 E293.16348
;TIME_ELAPSED:302.563271
;LAYER:61
;note -- min layer time used
;MESH:barrel.obj
G0 F12000 X110 Y115.779 Z26.39
;TYPE:WALL-OUTER
G1 F481.9 X109.738 Y115.779 E293.18518
G1 X109.213 Y115.649 E293.22997
G1 F483.9 X108.733 Y115.398 E293.27465
G1 F482.9 X108.328 Y115.041 E293.31927
G1 F480 X108.016 Y114.587 E293.36508
G1 F481 X107.827 Y114.088 E293.40936
G1 F480 X107.761 Y113.548 E293.45459
G1 X107.827 Y113.004 E293.50016
G1 F481 X108.016 Y112.509 E293.54413
G1 F479 X108.329 Y112.052 E293.59028
G1 F480 X108.73 Y111.698 E293.63475
G1 X109.214 Y111.444 E293.6802
G1 X109.738 Y111.313 E293.72512
G1 F481.9 X110.282 Y111.313 E293.77017
G1 F480 X110.802 Y111.444 E293.81476
G1 X111.29 Y111.698 E293.8605
G1 F481 X111.688 Y112.051 E293.90465
G1 X112.002 Y112.508 E293.95066
G1 F481.9 X112.193 Y113.004 E293.99468
G1 X112.257 Y113.548 E294.04004
G1 F482.9 X112.193 Y114.088 E294.08499
G1 F483.9 X112.002 Y114.588 E294.12914
G1 F482.9 X111.692 Y115.041 E294.1745
G1 F483.9 X111.287 Y115.398 E294.21904
G1 X110.803 Y115.65 E294.26405
G1 F481.9 X110.282 Y115.779 E294.3085
G1 X110 Y115.779 E294.33185
;TIME_ELAPSED:304.456417
;LAYER:62
;note -- min layer time used
;MESH:barrel.obj
G0 F12000 X110 Y115.779 Z26.79
;TYPE:WALL-OUTER
G1 F481.9 X109.738 Y115.779 E294.35355
G1 X109.213 Y115.649 E294.39834
G1 F483.9 X108.733 Y115.398 E294.44302
G1 F482.9 X108.328 Y115.041 E294.48765
G1 F480 X108.016 Y114.587 E294.53345
G1 F481 X107.827 Y114.088 E294.57773
G1 F480 X107.761 Y113.548 E294.62297
G1 X107.827 Y113.004 E294.66853
G1 F481 X108.016 Y112.509 E294.7125
G1 F479 X108.329 Y112.052 E294.75865
G1 F480 X108.73 Y111.698 E294.80313
G1 X109.214 Y111.444 E294.84858
G1 X109.738 Y111.313 E294.89349
G1 F481.9 X110.282 Y111.313 E294.93854
G1 F480 X110.802 Y111.444 E294.98313
G1 X111.29 Y111.698 E295.02888
G1 F481 X111.688 Y112.051 E295.07302
G1 X112.002 Y112.508 E295.11904
G1 F481.9 X112.193 Y113.004 E295.16305
G1 X112.257 Y113.548 E295.20842
G1 F482.9 X112.193 Y114.088 E295.25336
G1 F483.9 X112.002 Y114.588 E295.29751
G1 F482.9 X111.692 Y115.041 E295.34288
G1 F483.9 X111.287 Y115.398 E295.38741
G1 X110.803 Y115.65 E295.43242
G1 F481.9 X110.282 Y115.779 E295.47687
G1 X110 Y115.779 E295.50023
;TIME_ELAPSED:306.349562
;LAYER:63
;note -- min layer time used
;MESH:barrel.obj
G0 F12000 X110 Y115.779 Z27.19
;TYPE:WALL-OUTER
G1 F481.9 X109.738 Y115.779 E295.52193
G1 X109.213 Y115.649 E295.56672
G1 F483.9 X108.733 Y115.398 E295.6114
G1 F482.9 X108.328 Y115.041 E295.65602
G1 F480 X108.016 Y114.587 E295.70182
G1 F481 X107.827 Y114.088 E295.7461
G1 F480 X107.761 Y113.548 E295.79134
G1 X107.827 Y113.004 E295.8369
G1 F481 X108.016 Y112.509 E295.88087
G1 F479 X108.329 Y112.052 E295.92702
G1 F480 X108.73 Y111.698 E295.9715
G1 X109.214 Y111.444 E296.01695
G1 X109.738 Y111.313 E296.06186
G1 F481.9 X110.282 Y111.313 E296.10692
G1 F480 X110.802 Y111.444 E296.1515
G1 X111.29 Y111.698 E296.19725
G1 F481 X111.688 Y112.051 E296.2414
G1 X112.002 Y112.508 E296.28741
G1 F481.9 X112.193 Y113.004 E296.33143
G1 X112.257 Y113.548 E296.37679
G1 F482.9 X112.193 Y114.088 E296.42173
G1 F483.9 X112.002 Y114.588 E296.46588
G1 F482.9 X111.692 Y115.041 E296.51125
G1 F483.9 X111.287 Y115.398 E296.55579
G1 X110.803 Y115.65 E296.6008
G1 F481.9 X110.282 Y115.779 E296.64525
G1 X110 Y115.779 E296.6686
;TIME_ELAPSED:308.242708
;LAYER:64
;note -- min layer time used
;MESH:barrel.obj
G0 F12000 X110 Y115.779 Z27.59
;TYPE:WALL-OUTER
G1 F481.9 X109.738 Y115.779 E296.6903
G1 X109.213 Y115.649 E296.73509
G1 F483.9 X108.733 Y115.398 E296.77977
G1 F482.9 X108.328 Y115.041 E296.82439
G1 F480 X108.016 Y114.587 E296.8702
G1 F481 X107.827 Y114.088 E296.91448
G1 F480 X107.761 Y113.548 E296.95971
G1 X107.827 Y113.004 E297.00528
G1 F481 X108.016 Y112.509 E297.04925
G1 F479 X108.329 Y112.052 E297.0954
G1 F480 X108.73 Y111.698 E297.13988
G1 X109.214 Y111.444 E297.18533
G1 X109.738 Y111.313 E297.23024
G1 F481.9 X110.282 Y111.313 E297.27529
G1 F480 X110.802 Y111.444 E297.31988
G1 X111.29 Y111.698 E297.36562
G1 F481 X111.688 Y112.051 E297.40977
G1 X112.002 Y112.508 E297.45578
G1 F481.9 X112.193 Y113.004 E297.4998
G1 X112.257 Y113.548 E297.54516
G1 F482.9 X112.193 Y114.088 E297.59011
G1 F483.9 X112.002 Y114.588 E297.63426
G1 F482.9 X111.692 Y115.041 E297.67963
G1 F483.9 X111.287 Y115.398 E297.72416
G1 X110.803 Y115.65 E297.76917
G1 F481.9 X110.282 Y115.779 E297.81362
G1 X110 Y115.779 E297.83697
;TIME_ELAPSED:310.135853
;LAYER:65
;note -- min layer time used
;MESH:barrel.obj
G0 F12000 X110 Y115.779 Z27.99
;TYPE:WALL-OUTER
G1 F481.9 X109.738 Y115.779 E297.85867
G1 X109.213 Y115.649 E297.90347
G1 F483.9 X108.733 Y115.398 E297.94814
G1 F482.9 X108.328 Y115.041 E297.99277
G1 F480 X108.016 Y114.587 E298.03857
G1 F481 X107.827 Y114.088 E298.08285
G1 F480 X107.761 Y113.548 E298.12809
G1 X107.827 Y113.004 E298.17365
G1 F481 X108.016 Y112.509 E298.21762
G1 F479 X108.329 Y112.052 E298.26377
G1 F480 X108.73 Y111.698 E298.30825
G1 X109.214 Y111.444 E298.3537
G1 X109.738 Y111.313 E298.39861
G1 F481.9 X110.282 Y111.313 E298.44366
G1 F480 X110.802 Y111.444 E298.48825
G1 X111.29 Y111.698 E298.534
G1 F481 X111.688 Y112.051 E298.57814
G1 X112.002 Y112.508 E298.62416
G1 F481.9 X112.193 Y113.004 E298.66818
G1 X112.257 Y113.548 E298.71354
G1 F482.9 X112.193 Y114.088 E298.75848
G1 F483.9 X112.002 Y114.588 E298.80263
G1 F482.9 X111.692 Y115.041 E298.848
G1 F483.9 X111.287 Y115.398 E298.89253
G1 X110.803 Y115.65 E298.93754
G1 F481.9 X110.282 Y115.779 E298.98199
G1 X110 Y115.779 E299.00535
;TIME_ELAPSED:312.028999
;LAYER:66
;note -- min layer time used
;MESH:barrel.obj
G0 F12000 X110 Y115.779 Z28.39
;TYPE:WALL-OUTER
G1 F481.9 X109.738 Y115.779 E299.02705
G1 X109.213 Y115.649 E299.07184
G1 F483.9 X108.733 Y115.398 E299.11652
G1 F482.9 X108.328 Y115.041 E299.16114
G1 F480 X108.016 Y114.587 E299.20695
G1 F481 X107.827 Y114.088 E299.25123
G1 F480 X107.761 Y113.548 E299.29646
G1 X107.827 Y113.004 E299.34203
G1 F481 X108.016 Y112.509 E299.386
G1 F479 X108.329 Y112.052 E299.43215
G1 F480 X108.73 Y111.698 E299.47662
G1 X109.214 Y111.444 E299.52207
G1 X109.738 Y111.313 E299.56698
G1 F481.9 X110.282 Y111.313 E299.61204
G1 F480 X110.802 Y111.444 E299.65663
G1 X111.29 Y111.698 E299.70237
G1 F481 X111.688 Y112.051 E299.74652
G1 X112.002 Y112.508 E299.79253
G1 F481.9 X112.193 Y113.004 E299.83655
G1 X112.257 Y113.548 E299.88191
G1 F482.9 X112.193 Y114.088 E299.92686
G1 F483.9 X112.002 Y114.588 E299.97101
G1 F482.9 X111.692 Y115.041 E300.01637
G1 F483.9 X111.287 Y115.398 E300.06091
G1 X110.803 Y115.65 E300.10592
G1 F481.9 X110.282 Y115.779 E300.15037
G1 X110 Y115.779 E300.17372
;TIME_ELAPSED:313.922144
;LAYER:67
;note -- min layer time used
;MESH:barrel.obj
G0 F12000 X110 Y115.779 Z28.79
;TYPE:WALL-OUTER
G1 F481.9 X109.738 Y115.779 E300.19542
G1 X109.213 Y115.649 E300.24021
G1 F483.9 X108.733 Y115.398 E300.28489
G1 F482.9 X108.328 Y115.041 E300.32951
G1 F480 X108.016 Y114.587 E300.37532
G1 F481 X107.827 Y114.088 E300.4196
G1 F480 X107.761 Y113.548 E300.46484
G1 X107.827 Y113.004 E300.5104
G1 F481 X108.016 Y112.509 E300.55437
G1 F479 X108.329 Y112.052 E300.60052
G1 F480 X108.73 Y111.698 E300.645
G1 X109.214 Y111.444 E300.69045
G1 X109.738 Y111.313 E300.73536
G1 F481.9 X110.282 Y111.313 E300.78041
G1 F480 X110.802 Y111.444 E300.825
G1 X111.29 Y111.698 E300.87075
G1 F481 X111.688 Y112.051 E300.91489
G1 X112.002 Y112.508 E300.9609
G1 F481.9 X112.193 Y113.004 E301.00492
G1 X112.257 Y113.548 E301.05029
G1 F482.9 X112.193 Y114.088 E301.09523
G1 F483.9 X112.002 Y114.588 E301.13938
G1 F482.9 X111.692 Y115.041 E301.18475
G1 F483.9 X111.287 Y115.398 E301.22928
G1 X110.803 Y115.65 E301.27429
G1 F481.9 X110.282 Y115.779 E301.31874
G1 X110 Y115.779 E301.3421
;TIME_ELAPSED:315.815290
;LAYER:68
;note -- min layer time used
;MESH:barrel.obj
G0 F12000 X110 Y115.779 Z29.19
;TYPE:WALL-OUTER
G1 F481.9 X109.738 Y115.779 E301.36379
G1 X109.213 Y115.649 E301.40859
G1 F483.9 X108.733 Y115.398 E301.45327
G1 F482.9 X108.328 Y115.041 E301.49789
G1 F480 X108.016 Y114.587 E301.54369
G1 F481 X107.827 Y114.088 E301.58797
G1 F480 X107.761 Y113.548 E301.63321
G1 X107.827 Y113.004 E301.67877
G1 F481 X108.016 Y112.509 E301.72274
G1 F479 X108.329 Y112.052 E301.76889
G1 F480 X108.73 Y111.698 E301.81337
G1 X109.214 Y111.444 E301.85882
G1 X109.738 Y111.313 E301.90373
G1 F481.9 X110.282 Y111.313 E301.94879
G1 F480 X110.802 Y111.444 E301.99337
G1 X111.29 Y111.698 E302.03912
G1 F481 X111.688 Y112.051 E302.08327
G1 X112.002 Y112.508 E302.12928
G1 F481.9 X112.193 Y113.004 E302.1733
G1 X112.257 Y113.548 E302.21866
G1 F482.9 X112.193 Y114.088 E302.2636
G1 F483.9 X112.002 Y114.588 E302.30775
G1 F482.9 X111.692 Y115.041 E302.35312
G1 F483.9 X111.287 Y115.398 E302.39765
G1 X110.803 Y115.65 E302.44266
G1 F481.9 X110.282 Y115.779 E302.48712
G1 X110 Y115.779 E302.51047
;TIME_ELAPSED:317.708435
;LAYER:69
;note -- min layer time used
;MESH:barrel.obj
G0 F12000 X110 Y115.779 Z29.59
;TYPE:WALL-OUTER
G1 F481.9 X109.738 Y115.779 E302.53217
G1 X109.213 Y115.649 E302.57696
G1 F483.9 X108.733 Y115.398 E302.62164
G1 F482.9 X108.328 Y115.041 E302.66626
G1 F480 X108.016 Y114.587 E302.71207
G1 F481 X107.827 Y114.088 E302.75635
G1 F480 X107.761 Y113.548 E302.80158
G1 X107.827 Y113.004 E302.84715
G1 F481 X108.016 Y112.509 E302.89112
G1 F479 X108.329 Y112.052 E302.93727
G1 F480 X108.73 Y111.698 E302.98175
G1 X109.214 Y111.444 E303.0272
G1 X109.738 Y111.313 E303.07211
G1 F481.9 X110.282 Y111.313 E303.11716
G1 F480 X110.802 Y111.444 E303.16175
G1 X111.29 Y111.698 E303.20749
G1 F481 X111.688 Y112.051 E303.25164
G1 X112.002 Y112.508 E303.29765
G1 F481.9 X112.193 Y113.004 E303.34167
G1 X112.257 Y113.548 E303.38703
G1 F482.9 X112.193 Y114.088 E303.43198
G1 F483.9 X112.002 Y114.588 E303.47613
G1 F482.9 X111.692 Y115.041 E303.5215
G1 F483.9 X111.287 Y115.398 E303.56603
G1 X110.803 Y115.65 E303.61104
G1 F481.9 X110.282 Y115.779 E303.65549
G1 X110 Y115.779 E303.67884
;TIME_ELAPSED:319.601581
;LAYER:70
;note -- min layer time used
;MESH:barrel.obj
G0 F12000 X110 Y115.779 Z29.99
;TYPE:WALL-OUTER
G1 F481.9 X109.738 Y115.779 E303.70054
G1 X109.213 Y115.649 E303.74534
G1 F483.9 X108.733 Y115.398 E303.79001
G1 F482.9 X108.328 Y115.041 E303.83464
G1 F480 X108.016 Y114.587 E303.88044
G1 F481 X107.827 Y114.088 E303.92472
G1 F480 X107.761 Y113.548 E303.96996
G1 X107.827 Y113.004 E304.01552
G1 F481 X108.016 Y112.509 E304.05949
G1 F479 X108.329 Y112.052 E304.10564
G1 F480 X108.73 Y111.698 E304.15012
G1 X109.214 Y111.444 E304.19557
G1 X109.738 Y111.313 E304.24048
G1 F481.9 X110.282 Y111.313 E304.28553
G1 F480 X110.802 Y111.444 E304.33012
G1 X111.29 Y111.698 E304.37587
G1 F481 X111.688 Y112.051 E304.42001
G1 X112.002 Y112.508 E304.46603
G1 F481.9 X112.193 Y113.004 E304.51004
G1 X112.257 Y113.548 E304.55541
G1 F482.9 X112.193 Y114.088 E304.60035
G1 F483.9 X112.002 Y114.588 E304.6445
G1 F482.9 X111.692 Y115.041 E304.68987
G1 F483.9 X111.287 Y115.398 E304.7344
G1 X110.803 Y115.65 E304.77941
G1 F481.9 X110.282 Y115.779 E304.82386
G1 X110 Y115.779 E304.84722
;TIME_ELAPSED:321.494726
;LAYER:71
;note -- min layer time used
;MESH:barrel.obj
G0 F12000 X110 Y115.779 Z30.39
;TYPE:WALL-OUTER
G1 F481.9 X109.738 Y115.779 E304.86892
G1 X109.213 Y115.649 E304.91371
G1 F483.9 X108.733 Y115.398 E304.95839
G1 F482.9 X108.328 Y115.041 E305.00301
G1 F480 X108.016 Y114.587 E305.04882
G1 F481 X107.827 Y114.088 E305.0931
G1 F480 X107.761 Y113.548 E305.13833
G1 X107.827 Y113.004 E305.1839
G1 F481 X108.016 Y112.509 E305.22787
G1 F479 X108.329 Y112.052 E305.27402
G1 F480 X108.73 Y111.698 E305.31849
G1 X109.214 Y111.444 E305.36394
G1 X109.738 Y111.313 E305.40885
G1 F481.9 X110.282 Y111.313 E305.45391
G1 F480 X110.802 Y111.444 E305.4985
G1 X111.29 Y111.698 E305.54424
G1 F481 X111.688 Y112.051 E305.58839
G1 X112.002 Y112.508 E305.6344
G1 F481.9 X112.193 Y113.004 E305.67842
G1 X112.257 Y113.548 E305.72378
G1 F482.9 X112.193 Y114.088 E305.76873
G1 F483.9 X112.002 Y114.588 E305.81288
G1 F482.9 X111.692 Y115.041 E305.85824
G1 F483.9 X111.287 Y115.398 E305.90278
G1 X110.803 Y115.65 E305.94779
G1 F481.9 X110.282 Y115.779 E305.99224
G1 X110 Y115.779 E306.01559
;TIME_ELAPSED:323.387872
;LAYER:72
;note -- min layer time used
;MESH:barrel.obj
G0 F12000 X110 Y115.779 Z30.79
;TYPE:WALL-OUTER
G1 F481.9 X109.738 Y115.779 E306.03729
G1 X109.213 Y115.649 E306.08208
G1 F483.9 X108.733 Y115.398 E306.12676
G1 F482.9 X108.328 Y115.041 E306.17138
G1 F480 X108.016 Y114.587 E306.21719
G1 F481 X107.827 Y114.088 E306.26147
G1 F480 X107.761 Y113.548 E306.3067
G1 X107.827 Y113.004 E306.35227
G1 F481 X108.016 Y112.509 E306.39624
G1 F479 X108.329 Y112.052 E306.44239
G1 F480 X108.73 Y111.698 E306.48687
G1 X109.214 Y111.444 E306.53232
G1 X109.738 Y111.313 E306.57723
G1 F481.9 X110.282 Y111.313 E306.62228
G1 F480 X110.802 Y111.444 E306.66687
G1 X111.29 Y111.698 E306.71262
G1 F481 X111.688 Y112.051 E306.75676
G1 X112.002 Y112.508 E306.80277
G1 F481.9 X112.193 Y113.004 E306.84679
G1 X112.257 Y113.548 E306.89216
G1 F482.9 X112.193 Y114.088 E306.9371
G1 F483.9 X112.002 Y114.588 E306.98125
G1 F482.9 X111.692 Y115.041 E307.02662
G1 F483.9 X111.287 Y115.398 E307.07115
G1 X110.803 Y115.65 E307.11616
G1 F481.9 X110.282 Y115.779 E307.16061
G1 X110 Y115.779 E307.18397
;TIME_ELAPSED:325.281017
;LAYER:73
;note -- min layer time used
;MESH:barrel.obj
G0 F12000 X110 Y115.779 Z31.19
;TYPE:WALL-OUTER
G1 F481.9 X109.738 Y115.779 E307.20566
G1 X109.213 Y115.649 E307.25046
G1 F483.9 X108.733 Y115.398 E307.29514
G1 F482.9 X108.328 Y115.041 E307.33976
G1 F480 X108.016 Y114.587 E307.38556
G1 F481 X107.827 Y114.088 E307.42984
G1 F480 X107.761 Y113.548 E307.47508
G1 X107.827 Y113.004 E307.52064
G1 F481 X108.016 Y112.509 E307.56461
G1 F479 X108.329 Y112.052 E307.61076
G1 F480 X108.73 Y111.698 E307.65524
G1 X109.214 Y111.444 E307.70069
G1 X109.738 Y111.313 E307.7456
G1 F481.9 X110.282 Y111.313 E307.79066
G1 F480 X110.802 Y111.444 E307.83524
G1 X111.29 Y111.698 E307.88099
G1 F481 X111.688 Y112.051 E307.92514
G1 X112.002 Y112.508 E307.97115
G1 F481.9 X112.193 Y113.004 E308.01517
G1 X112.257 Y113.548 E308.06053
G1 F482.9 X112.193 Y114.088 E308.10547
G1 F483.9 X112.002 Y114.588 E308.14962
G1 F482.9 X111.692 Y115.041 E308.19499
G1 F483.9 X111.287 Y115.398 E308.23952
G1 X110.803 Y115.65 E308.28453
G1 F481.9 X110.282 Y115.779 E308.32899
G1 X110 Y115.779 E308.35234
;TIME_ELAPSED:327.174163
;LAYER:74
;note -- min layer time used
;MESH:barrel.obj
G0 F12000 X110 Y115.779 Z31.59
;TYPE:WALL-OUTER
G1 F481.9 X109.738 Y115.779 E308.37404
G1 X109.213 Y115.649 E308.41883
G1 F483.9 X108.733 Y115.398 E308.46351
G1 F482.9 X108.328 Y115.041 E308.50813
G1 F480 X108.016 Y114.587 E308.55394
G1 F481 X107.827 Y114.088 E308.59822
G1 F480 X107.761 Y113.548 E308.64345
G1 X107.827 Y113.004 E308.68902
G1 F481 X108.016 Y112.509 E308.73299
G1 F479 X108.329 Y112.052 E308.77914
G1 F480 X108.73 Y111.698 E308.82361
G1 X109.214 Y111.444 E308.86906
G1 X109.738 Y111.313 E308.91398
G1 F481.9 X110.282 Y111.313 E308.95903
G1 F480 X110.802 Y111.444 E309.00362
G1 X111.29 Y111.698 E309.04936
G1 F481 X111.688 Y112.051 E309.09351
G1 X112.002 Y112.508 E309.13952
G1 F481.9 X112.193 Y113.004 E309.18354
G1 X112.257 Y113.548 E309.2289
G1 F482.9 X112.193 Y114.088 E309.27385
G1 F483.9 X112.002 Y114.588 E309.318
G1 F482.9 X111.692 Y115.041 E309.36337
G1 F483.9 X111.287 Y115.398 E309.4079
G1 X110.803 Y115.65 E309.45291
G1 F481.9 X110.282 Y115.779 E309.49736
G1 X110 Y115.779 E309.52071
;TIME_ELAPSED:329.067308
;LAYER:75
;note -- min layer time used
;MESH:barrel.obj
G0 F12000 X110 Y115.779 Z31.99
;TYPE:WALL-OUTER
G1 F481.9 X109.738 Y115.779 E309.54241
G1 X109.213 Y115.649 E309.5872
G1 F483.9 X108.733 Y115.398 E309.63188
G1 F482.9 X108.328 Y115.041 E309.67651
G1 F480 X108.016 Y114.587 E309.72231
G1 F481 X107.827 Y114.088 E309.76659
G1 F480 X107.761 Y113.548 E309.81183
G1 X107.827 Y113.004 E309.85739
G1 F481 X108.016 Y112.509 E309.90136
G1 F479 X108.329 Y112.052 E309.94751
G1 F480 X108.73 Y111.698 E309.99199
G1 X109.214 Y111.444 E310.03744
G1 X109.738 Y111.313 E310.08235
G1 F481.9 X110.282 Y111.313 E310.1274
G1 F480 X110.802 Y111.444 E310.17199
G1 X111.29 Y111.698 E310.21774
G1 F481 X111.688 Y112.051 E310.26188
G1 X112.002 Y112.508 E310.3079
G1 F481.9 X112.193 Y113.004 E310.35191
G1 X112.257 Y113.548 E310.39728
G1 F482.9 X112.193 Y114.088 E310.44222
G1 F483.9 X112.002 Y114.588 E310.48637
G1 F482.9 X111.692 Y115.041 E310.53174
G1 F483.9 X111.287 Y115.398 E310.57627
G1 X110.803 Y115.65 E310.62128
G1 F481.9 X110.282 Y115.779 E310.66573
G1 X110 Y115.779 E310.68909
;TIME_ELAPSED:330.960454
;LAYER:76
;note -- min layer time used
;MESH:barrel.obj
G0 F12000 X110 Y115.779 Z32.39
;TYPE:WALL-OUTER
G1 F481.9 X109.738 Y115.779 E310.71079
G1 X109.213 Y115.649 E310.75558
G1 F483.9 X108.733 Y115.398 E310.80026
G1 F482.9 X108.328 Y115.041 E310.84488
G1 F480 X108.016 Y114.587 E310.89069
G1 F481 X107.827 Y114.088 E310.93497
G1 F480 X107.761 Y113.548 E310.9802
G1 X107.827 Y113.004 E311.02577
G1 F481 X108.016 Y112.509 E311.06974
G1 F479 X108.329 Y112.052 E311.11589
G1 F480 X108.73 Y111.698 E311.16036
G1 X109.214 Y111.444 E311.20581
G1 X109.738 Y111.313 E311.25072
G1 F481.9 X110.282 Y111.313 E311.29578
G1 F480 X110.802 Y111.444 E311.34037
G1 X111.29 Y111.698 E311.38611
G1 F481 X111.688 Y112.051 E311.43026
G1 X112.002 Y112.508 E311.47627
G1 F481.9 X112.193 Y113.004 E311.52029
G1 X112.257 Y113.548 E311.56565
G1 F482.9 X112.193 Y114.088 E311.6106
G1 F483.9 X112.002 Y114.588 E311.65475
G1 F482.9 X111.692 Y115.041 E311.70011
G1 F483.9 X111.287 Y115.398 E311.74465
G1 X110.803 Y115.65 E311.78966
G1 F481.9 X110.282 Y115.779 E311.83411
G1 X110 Y115.779 E311.85746
;TIME_ELAPSED:332.853599
;LAYER:77
;note -- min layer time used
;MESH:barrel.obj
G0 F12000 X110 Y115.779 Z32.79
;TYPE:WALL-OUTER
G1 F481.9 X109.738 Y115.779 E311.87916
G1 X109.213 Y115.649 E311.92395
G1 F483.9 X108.733 Y115.398 E311.96863
G1 F482.9 X108.328 Y115.041 E312.01325
G1 F480 X108.016 Y114.587 E312.05906
G1 F481 X107.827 Y114.088 E312.10334
G1 F480 X107.761 Y113.548 E312.14857
G1 X107.827 Y113.004 E312.19414
G1 F481 X108.016 Y112.509 E312.23811
G1 F479 X108.329 Y112.052 E312.28426
G1 F480 X108.73 Y111.698 E312.32874
G1 X109.214 Y111.444 E312.37419
G1 X109.738 Y111.313 E312.4191
G1 F481.9 X110.282 Y111.313 E312.46415
G1 F480 X110.802 Y111.444 E312.50874
G1 X111.29 Y111.698 E312.55449
G1 F481 X111.688 Y112.051 E312.59863
G1 X112.002 Y112.508 E312.64464
G1 F481.9 X112.193 Y113.004 E312.68866
G1 X112.257 Y113.548 E312.73403
G1 F482.9 X112.193 Y114.088 E312.77897
G1 F483.9 X112.002 Y114.588 E312.82312
G1 F482.9 X111.692 Y115.041 E312.86849
G1 F483.9 X111.287 Y115.398 E312.91302
G1 X110.803 Y115.65 E312.95803
G1 F481.9 X110.282 Y115.779 E313.00248
G1 X110 Y115.779 E313.02584
;TIME_ELAPSED:334.746745
;LAYER:78
;note -- min layer time used
;MESH:barrel.obj
G0 F12000 X110 Y115.779 Z33.19
;TYPE:WALL-OUTER
G1 F481.9 X109.738 Y115.779 E313.04753
G1 X109.213 Y115.649 E313.09233
G1 F483.9 X108.733 Y115.398 E313.13701
G1 F482.9 X108.328 Y115.041 E313.18163
G1 F480 X108.016 Y114.587 E313.22743
G1 F481 X107.827 Y114.088 E313.27171
G1 F480 X107.761 Y113.548 E313.31695
G1 X107.827 Y113.004 E313.36251
G1 F481 X108.016 Y112.509 E313.40648
G1 F479 X108.329 Y112.052 E313.45263
G1 F480 X108.73 Y111.698 E313.49711
G1 X109.214 Y111.444 E313.54256
G1 X109.738 Y111.313 E313.58747
G1 F481.9 X110.282 Y111.313 E313.63253
G1 F480 X110.802 Y111.444 E313.67711
G1 X111.29 Y111.698 E313.72286
G1 F481 X111.688 Y112.051 E313.76701
G1 X112.002 Y112.508 E313.81302
G1 F481.9 X112.193 Y113.004 E313.85704
G1 X112.257 Y113.548 E313.9024
G1 F482.9 X112.193 Y114.088 E313.94734
G1 F483.9 X112.002 Y114.588 E313.99149
G1 F482.9 X111.692 Y115.041 E314.03686
G1 F483.9 X111.287 Y115.398 E314.08139
G1 X110.803 Y115.65 E314.1264
G1 F481.9 X110.282 Y115.779 E314.17086
G1 X110 Y115.779 E314.19421
;TIME_ELAPSED:336.639890
;LAYER:79
;note -- min layer time used
;MESH:barrel.obj
G0 F12000 X110 Y115.779 Z33.59
;TYPE:WALL-OUTER
G1 F481.9 X109.738 Y115.779 E314.21591
G1 X109.213 Y115.649 E314.2607
G1 F483.9 X108.733 Y115.398 E314.30538
G1 F482.9 X108.328 Y115.041 E314.35
G1 F480 X108.016 Y114.587 E314.39581
G1 F481 X107.827 Y114.088 E314.44009
G1 F480 X107.761 Y113.548 E314.48532
G1 X107.827 Y113.004 E314.53089
G1 F481 X108.016 Y112.509 E314.57486
G1 F479 X108.329 Y112.052 E314.62101
G1 F480 X108.73 Y111.698 E314.66548
G1 X109.214 Y111.444 E314.71093
G1 X109.738 Y111.313 E314.75585
G1 F481.9 X110.282 Y111.313 E314.8009
G1 F480 X110.802 Y111.444 E314.84549
G1 X111.29 Y111.698 E314.89123
G1 F481 X111.688 Y112.051 E314.93538
G1 X112.002 Y112.508 E314.98139
G1 F481.9 X112.193 Y113.004 E315.02541
G1 X112.257 Y113.548 E315.07077
G1 F482.9 X112.193 Y114.088 E315.11572
G1 F483.9 X112.002 Y114.588 E315.15987
G1 F482.9 X111.692 Y115.041 E315.20524
G1 F483.9 X111.287 Y115.398 E315.24977
G1 X110.803 Y115.65 E315.29478
G1 F481.9 X110.282 Y115.779 E315.33923
G1 X110 Y115.779 E315.36258
;TIME_ELAPSED:338.533036
;LAYER:80
;note -- min layer time used
;MESH:barrel.obj
G0 F12000 X110 Y115.779 Z33.99
;TYPE:WALL-OUTER
G1 F481.9 X109.738 Y115.779 E315.38428
G1 X109.213 Y115.649 E315.42907
G1 F483.9 X108.733 Y115.398 E315.47375
G1 F482.9 X108.328 Y115.041 E315.51838
G1 F480 X108.016 Y114.587 E315.56418
G1 F481 X107.827 Y114.088 E315.60846
G1 F480 X107.761 Y113.548 E315.6537
G1 X107.827 Y113.004 E315.69926
G1 F481 X108.016 Y112.509 E315.74323
G1 F479 X108.329 Y112.052 E315.78938
G1 F480 X108.73 Y111.698 E315.83386
G1 X109.214 Y111.444 E315.87931
G1 X109.738 Y111.313 E315.92422
G1 F481.9 X110.282 Y111.313 E315.96927
G1 F480 X110.802 Y111.444 E316.01386
G1 X111.29 Y111.698 E316.05961
G1 F481 X111.688 Y112.051 E316.10375
G1 X112.002 Y112.508 E316.14977
G1 F481.9 X112.193 Y113.004 E316.19378
G1 X112.257 Y113.548 E316.23915
G1 F482.9 X112.193 Y114.088 E316.28409
G1 F483.9 X112.002 Y114.588 E316.32824
G1 F482.9 X111.692 Y115.041 E316.37361
G1 F483.9 X111.287 Y115.398 E316.41814
G1 X110.803 Y115.65 E316.46315
G1 F481.9 X110.282 Y115.779 E316.5076
G1 X110 Y115.779 E316.53096
;TIME_ELAPSED:340.426181
;LAYER:81
;note -- min layer time used
;MESH:barrel.obj
G0 F12000 X110 Y115.779 Z34.39
;TYPE:WALL-OUTER
G1 F481.9 X109.738 Y115.779 E316.55266
G1 X109.213 Y115.649 E316.59745
G1 F483.9 X108.733 Y115.398 E316.64213
G1 F482.9 X108.328 Y115.041 E316.68675
G1 F480 X108.016 Y114.587 E316.73256
G1 F481 X107.827 Y114.088 E316.77684
G1 F480 X107.761 Y113.548 E316.82207
G1 X107.827 Y113.004 E316.86764
G1 F481 X108.016 Y112.509 E316.91161
G1 F479 X108.329 Y112.052 E316.95776
G1 F480 X108.73 Y111.698 E317.00223
G1 X109.214 Y111.444 E317.04768
G1 X109.738 Y111.313 E317.09259
G1 F481.9 X110.282 Y111.313 E317.13765
G1 F480 X110.802 Y111.444 E317.18224
G1 X111.29 Y111.698 E317.22798
G1 F481 X111.688 Y112.051 E317.27213
G1 X112.002 Y112.508 E317.31814
G1 F481.9 X112.193 Y113.004 E317.36216
G1 X112.257 Y113.548 E317.40752
G1 F482.9 X112.193 Y114.088 E317.45247
G1 F483.9 X112.002 Y114.588 E317.49662
G1 F482.9 X111.692 Y115.041 E317.54198
G1 F483.9 X111.287 Y115.398 E317.58652
G1 X110.803 Y115.65 E317.63153
G1 F481.9 X110.282 Y115.779 E317.67598
G1 X110 Y115.779 E317.69933
;TIME_ELAPSED:342.319327
;LAYER:82
;note -- min layer time used
;MESH:barrel.obj
G0 F12000 X110 Y115.779 Z34.79
;TYPE:WALL-OUTER
G1 F481.9 X109.738 Y115.779 E317.72103
G1 X109.213 Y115.649 E317.76582
G1 F483.9 X108.733 Y115.398 E317.8105
G1 F482.9 X108.328 Y115.041 E317.85512
G1 F480 X108.016 Y114.587 E317.90093
G1 F481 X107.827 Y114.088 E317.94521
G1 F480 X107.761 Y113.548 E317.99044
G1 X107.827 Y113.004 E318.03601
G1 F481 X108.016 Y112.509 E318.07998
G1 F479 X108.329 Y112.052 E318.12613
G1 F480 X108.73 Y111.698 E318.17061
G1 X109.214 Y111.444 E318.21606
G1 X109.738 Y111.313 E318.26097
G1 F481.9 X110.282 Y111.313 E318.30602
G1 F480 X110.802 Y111.444 E318.35061
G1 X111.29 Y111.698 E318.39635
G1 F481 X111.688 Y112.051 E318.4405
G1 X112.002 Y112.508 E318.48651
G1 F481.9 X112.193 Y113.004 E318.53053
G1 X112.257 Y113.548 E318.5759
G1 F482.9 X112.193 Y114.088 E318.62084
G1 F483.9 X112.002 Y114.588 E318.66499
G1 F482.9 X111.692 Y115.041 E318.71036
G1 F483.9 X111.287 Y115.398 E318.75489
G1 X110.803 Y115.65 E318.7999
G1 F481.9 X110.282 Y115.779 E318.84435
G1 X110 Y115.779 E318.86771
;TIME_ELAPSED:344.212472
;LAYER:83
;note -- min layer time used
;MESH:barrel.obj
G0 F12000 X110 Y115.779 Z35.19
;TYPE:WALL-OUTER
G1 F481.9 X109.738 Y115.779 E318.8894
G1 X109.213 Y115.649 E318.9342
G1 F483.9 X108.733 Y115.398 E318.97888
G1 F482.9 X108.328 Y115.041 E319.0235
G1 F480 X108.016 Y114.587 E319.0693
G1 F481 X107.827 Y114.088 E319.11358
G1 F480 X107.761 Y113.548 E319.15882
G1 X107.827 Y113.004 E319.20438
G1 F481 X108.016 Y112.509 E319.24835
G1 F479 X108.329 Y112.052 E319.2945
G1 F480 X108.73 Y111.698 E319.33898
G1 X109.214 Y111.444 E319.38443
G1 X109.738 Y111.313 E319.42934
G1 F481.9 X110.282 Y111.313 E319.47439
G1 F480 X110.802 Y111.444 E319.51898
G1 X111.29 Y111.698 E319.56473
G1 F481 X111.688 Y112.051 E319.60888
G1 X112.002 Y112.508 E319.65489
G1 F481.9 X112.193 Y113.004 E319.69891
G1 X112.257 Y113.548 E319.74427
G1 F482.9 X112.193 Y114.088 E319.78921
G1 F483.9 X112.002 Y114.588 E319.83336
G1 F482.9 X111.692 Y115.041 E319.87873
G1 F483.9 X111.287 Y115.398 E319.92326
G1 X110.803 Y115.65 E319.96827
G1 F481.9 X110.282 Y115.779 E320.01273
G1 X110 Y115.779 E320.03608
;TIME_ELAPSED:346.105618
;LAYER:84
;note -- min layer time used
;MESH:barrel.obj
G0 F12000 X110 Y115.779 Z35.59
;TYPE:WALL-OUTER
G1 F481.9 X109.738 Y115.779 E320.05778
G1 X109.213 Y115.649 E320.10257
G1 F483.9 X108.733 Y115.398 E320.14725
G1 F482.9 X108.328 Y115.041 E320.19187
G1 F480 X108.016 Y114.587 E320.23768
G1 F481 X107.827 Y114.088 E320.28196
G1 F480 X107.761 Y113.548 E320.32719
G1 X107.827 Y113.004 E320.37276
G1 F481 X108.016 Y112.509 E320.41673
G1 F479 X108.329 Y112.052 E320.46288
G1 F480 X108.73 Y111.698 E320.50735
G1 X109.214 Y111.444 E320.5528
G1 X109.738 Y111.313 E320.59772
G1 F481.9 X110.282 Y111.313 E320.64277
G1 F480 X110.802 Y111.444 E320.68736
G1 X111.29 Y111.698 E320.7331
G1 F481 X111.688 Y112.051 E320.77725
G1 X112.002 Y112.508 E320.82326
G1 F481.9 X112.193 Y113.004 E320.86728
G1 X112.257 Y113.548 E320.91264
G1 F482.9 X112.193 Y114.088 E320.95759
G1 F483.9 X112.002 Y114.588 E321.00174
G1 F482.9 X111.692 Y115.041 E321.04711
G1 F483.9 X111.287 Y115.398 E321.09164
G1 X110.803 Y115.65 E321.13665
G1 F481.9 X110.282 Y115.779 E321.1811
G1 X110 Y115.779 E321.20445
;TIME_ELAPSED:347.998763
;LAYER:85
;note -- min layer time used
;MESH:barrel.obj
G0 F12000 X110 Y115.779 Z35.99
;TYPE:WALL-OUTER
G1 F481.9 X109.738 Y115.779 E321.22615
G1 X109.213 Y115.649 E321.27094
G1 F483.9 X108.733 Y115.398 E321.31562
G1 F482.9 X108.328 Y115.041 E321.36025
G1 F480 X108.016 Y114.587 E321.40605
G1 F481 X107.827 Y114.088 E321.45033
G1 F480 X107.761 Y113.548 E321.49557
G1 X107.827 Y113.004 E321.54113
G1 F481 X108.016 Y112.509 E321.5851
G1 F479 X108.329 Y112.052 E321.63125
G1 F480 X108.73 Y111.698 E321.67573
G1 X109.214 Y111.444 E321.72118
G1 X109.738 Y111.313 E321.76609
G1 F481.9 X110.282 Y111.313 E321.81114
G1 F480 X110.802 Y111.444 E321.85573
G1 X111.29 Y111.698 E321.90148
G1 F481 X111.688 Y112.051 E321.94562
G1 X112.002 Y112.508 E321.99164
G1 F481.9 X112.193 Y113.004 E322.03565
G1 X112.257 Y113.548 E322.08102
G1 F482.9 X112.193 Y114.088 E322.12596
G1 F483.9 X112.002 Y114.588 E322.17011
G1 F482.9 X111.692 Y115.041 E322.21548
G1 F483.9 X111.287 Y115.398 E322.26001
G1 X110.803 Y115.65 E322.30502
G1 F481.9 X110.282 Y115.779 E322.34947
G1 X110 Y115.779 E322.37283
;TIME_ELAPSED:349.891909
;LAYER:86
;note -- min layer time used
;MESH:barrel.obj
G0 F12000 X110 Y115.779 Z36.39
;TYPE:WALL-OUTER
G1 F481.9 X109.738 Y115.779 E322.39453
G1 X109.213 Y115.649 E322.43932
G1 F483.9 X108.733 Y115.398 E322.484
G1 F482.9 X108.328 Y115.041 E322.52862
G1 F480 X108.016 Y114.587 E322.57443
G1 F481 X107.827 Y114.088 E322.6187
G1 F480 X107.761 Y113.548 E322.66394
G1 X107.827 Y113.004 E322.70951
G1 F481 X108.016 Y112.509 E322.75348
G1 F479 X108.329 Y112.052 E322.79963
G1 F480 X108.73 Y111.698 E322.8441
G1 X109.214 Y111.444 E322.88955
G1 X109.738 Y111.313 E322.93446
G1 F481.9 X110.282 Y111.313 E322.97952
G1 F480 X110.802 Y111.444 E323.02411
G1 X111.29 Y111.698 E323.06985
G1 F481 X111.688 Y112.051 E323.114
G1 X112.002 Y112.508 E323.16001
G1 F481.9 X112.193 Y113.004 E323.20403
G1 X112.257 Y113.548 E323.24939
G1 F482.9 X112.193 Y114.088 E323.29434
G1 F483.9 X112.002 Y114.588 E323.33849
G1 F482.9 X111.692 Y115.041 E323.38385
G1 F483.9 X111.287 Y115.398 E323.42839
G1 X110.803 Y115.65 E323.4734
G1 F481.9 X110.282 Y115.779 E323.51785
G1 X110 Y115.779 E323.5412
;TIME_ELAPSED:351.785054
;LAYER:87
;note -- min layer time used
;MESH:barrel.obj
G0 F12000 X110 Y115.779 Z36.79
;TYPE:WALL-OUTER
G1 F481.9 X109.738 Y115.779 E323.5629
G1 X109.213 Y115.649 E323.60769
G1 F483.9 X108.733 Y115.398 E323.65237
G1 F482.9 X108.328 Y115.041 E323.69699
G1 F480 X108.016 Y114.587 E323.7428
G1 F481 X107.827 Y114.088 E323.78708
G1 F480 X107.761 Y113.548 E323.83231
G1 X107.827 Y113.004 E323.87788
G1 F481 X108.016 Y112.509 E323.92185
G1 F479 X108.329 Y112.052 E323.968
G1 F480 X108.73 Y111.698 E324.01248
G1 X109.214 Y111.444 E324.05793
G1 X109.738 Y111.313 E324.10284
G1 F481.9 X110.282 Y111.313 E324.14789
G1 F480 X110.802 Y111.444 E324.19248
G1 X111.29 Y111.698 E324.23822
G1 F481 X111.688 Y112.051 E324.28237
G1 X112.002 Y112.508 E324.32838
G1 F481.9 X112.193 Y113.004 E324.3724
G1 X112.257 Y113.548 E324.41777
G1 F482.9 X112.193 Y114.088 E324.46271
G1 F483.9 X112.002 Y114.588 E324.50686
G1 F482.9 X111.692 Y115.041 E324.55223
G1 F483.9 X111.287 Y115.398 E324.59676
G1 X110.803 Y115.65 E324.64177
G1 F481.9 X110.282 Y115.779 E324.68622
G1 X110 Y115.779 E324.70958
;TIME_ELAPSED:353.678200
;LAYER:88
;note -- min layer time used
;MESH:barrel.obj
G0 F12000 X110 Y115.779 Z37.19
;TYPE:WALL-OUTER
G1 F481.9 X109.738 Y115.779 E324.73127
G1 X109.213 Y115.649 E324.77607
G1 F483.9 X108.733 Y115.398 E324.82075
G1 F482.9 X108.328 Y115.041 E324.86537
G1 F480 X108.016 Y114.587 E324.91117
G1 F481 X107.827 Y114.088 E324.95545
G1 F480 X107.761 Y113.548 E325.00069
G1 X107.827 Y113.004 E325.04625
G1 F481 X108.016 Y112.509 E325.09022
G1 F479 X108.329 Y112.052 E325.13637
G1 F480 X108.73 Y111.698 E325.18085
G1 X109.214 Y111.444 E325.2263
G1 X109.738 Y111.313 E325.27121
G1 F481.9 X110.282 Y111.313 E325.31626
G1 F480 X110.802 Y111.444 E325.36085
G1 X111.29 Y111.698 E325.4066
G1 F481 X111.688 Y112.051 E325.45075
G1 X112.002 Y112.508 E325.49676
G1 F481.9 X112.193 Y113.004 E325.54078
G1 X112.257 Y113.548 E325.58614
G1 F482.9 X112.193 Y114.088 E325.63108
G1 F483.9 X112.002 Y114.588 E325.67523
G1 F482.9 X111.692 Y115.041 E325.7206
G1 F483.9 X111.287 Y115.398 E325.76513
G1 X110.803 Y115.65 E325.81014
G1 F481.9 X110.282 Y115.779 E325.8546
G1 X110 Y115.779 E325.87795
;TIME_ELAPSED:355.571345
;LAYER:89
;note -- min layer time used
;MESH:barrel.obj
G0 F12000 X110 Y115.779 Z37.59
;TYPE:WALL-OUTER
G1 F481.9 X109.738 Y115.779 E325.89965
G1 X109.213 Y115.649 E325.94444
G1 F483.9 X108.733 Y115.398 E325.98912
G1 F482.9 X108.328 Y115.041 E326.03374
G1 F480 X108.016 Y114.587 E326.07955
G1 F481 X107.827 Y114.088 E326.12383
G1 F480 X107.761 Y113.548 E326.16906
G1 X107.827 Y113.004 E326.21463
G1 F481 X108.016 Y112.509 E326.2586
G1 F479 X108.329 Y112.052 E326.30475
G1 F480 X108.73 Y111.698 E326.34922
G1 X109.214 Y111.444 E326.39467
G1 X109.738 Y111.313 E326.43959
G1 F481.9 X110.282 Y111.313 E326.48464
G1 F480 X110.802 Y111.444 E326.52923
G1 X111.29 Y111.698 E326.57497
G1 F481 X111.688 Y112.051 E326.61912
G1 X112.002 Y112.508 E326.66513
G1 F481.9 X112.193 Y113.004 E326.70915
G1 X112.257 Y113.548 E326.75451
G1 F482.9 X112.193 Y114.088 E326.79946
G1 F483.9 X112.002 Y114.588 E326.84361
G1 F482.9 X111.692 Y115.041 E326.88898
G1 F483.9 X111.287 Y115.398 E326.93351
G1 X110.803 Y115.65 E326.97852
G1 F481.9 X110.282 Y115.779 E327.02297
G1 X110 Y115.779 E327.04632
;TIME_ELAPSED:357.464491
;LAYER:90
;note -- min layer time used
;MESH:barrel.obj
G0 F12000 X110 Y115.779 Z37.99
;TYPE:WALL-OUTER
G1 F481.9 X109.738 Y115.779 E327.06802
G1 X109.213 Y115.649 E327.11281
G1 F483.9 X108.733 Y115.398 E327.15749
G1 F482.9 X108.328 Y115.041 E327.20212
G1 F480 X108.016 Y114.587 E327.24792
G1 F481 X107.827 Y114.088 E327.2922
G1 F480 X107.761 Y113.548 E327.33744
G1 X107.827 Y113.004 E327.383
G1 F481 X108.016 Y112.509 E327.42697
G1 F479 X108.329 Y112.052 E327.47312
G1 F480 X108.73 Y111.698 E327.5176
G1 X109.214 Y111.444 E327.56305
G1 X109.738 Y111.313 E327.60796
G1 F481.9 X110.282 Y111.313 E327.65301
G1 F480 X110.802 Y111.444 E327.6976
G1 X111.29 Y111.698 E327.74335
G1 F481 X111.688 Y112.051 E327.78749
G1 X112.002 Y112.508 E327.83351
G1 F481.9 X112.193 Y113.004 E327.87752
G1 X112.257 Y113.548 E327.92289
G1 F482.9 X112.193 Y114.088 E327.96783
G1 F483.9 X112.002 Y114.588 E328.01198
G1 F482.9 X111.692 Y115.041 E328.05735
G1 F483.9 X111.287 Y115.398 E328.10188
G1 X110.803 Y115.65 E328.14689
G1 F481.9 X110.282 Y115.779 E328.19134
G1 X110 Y115.779 E328.2147
;TIME_ELAPSED:359.357636
;LAYER:91
;note -- min layer time used
;MESH:barrel.obj
G0 F12000 X110 Y115.779 Z38.39
;TYPE:WALL-OUTER
G1 F481.9 X109.738 Y115.779 E328.2364
G1 X109.213 Y115.649 E328.28119
G1 F483.9 X108.733 Y115.398 E328.32587
G1 F482.9 X108.328 Y115.041 E328.37049
G1 F480 X108.016 Y114.587 E328.41629
G1 F481 X107.827 Y114.088 E328.46057
G1 F480 X107.761 Y113.548 E328.50581
G1 X107.827 Y113.004 E328.55138
G1 F481 X108.016 Y112.509 E328.59534
G1 F479 X108.329 Y112.052 E328.64149
G1 F480 X108.73 Y111.698 E328.68597
G1 X109.214 Y111.444 E328.73142
G1 X109.738 Y111.313 E328.77633
G1 F481.9 X110.282 Y111.313 E328.82139
G1 F480 X110.802 Y111.444 E328.86598
G1 X111.29 Y111.698 E328.91172
G1 F481 X111.688 Y112.051 E328.95587
G1 X112.002 Y112.508 E329.00188
G1 F481.9 X112.193 Y113.004 E329.0459
G1 X112.257 Y113.548 E329.09126
G1 F482.9 X112.193 Y114.088 E329.13621
G1 F483.9 X112.002 Y114.588 E329.18035
G1 F482.9 X111.692 Y115.041 E329.22572
G1 F483.9 X111.287 Y115.398 E329.27026
G1 X110.803 Y115.65 E329.31527
G1 F481.9 X110.282 Y115.779 E329.35972
G1 X110 Y115.779 E329.38307
;TIME_ELAPSED:361.250782
;LAYER:92
;note -- min layer time used
;MESH:barrel.obj
G0 F12000 X110 Y115.779 Z38.79
;TYPE:WALL-OUTER
G1 F481.9 X109.738 Y115.779 E329.40477
G1 X109.213 Y115.649 E329.44956
G1 F483.9 X108.733 Y115.398 E329.49424
G1 F482.9 X108.328 Y115.041 E329.53886
G1 F480 X108.016 Y114.587 E329.58467
G1 F481 X107.827 Y114.088 E329.62895
G1 F480 X107.761 Y113.548 E329.67418
G1 X107.827 Y113.004 E329.71975
G1 F481 X108.016 Y112.509 E329.76372
G1 F479 X108.329 Y112.052 E329.80987
G1 F480 X108.73 Y111.698 E329.85435
G1 X109.214 Y111.444 E329.8998
G1 X109.738 Y111.313 E329.94471
G1 F481.9 X110.282 Y111.313 E329.98976
G1 F480 X110.802 Y111.444 E330.03435
G1 X111.29 Y111.698 E330.08009
G1 F481 X111.688 Y112.051 E330.12424
G1 X112.002 Y112.508 E330.17025
G1 F481.9 X112.193 Y113.004 E330.21427
G1 X112.257 Y113.548 E330.25964
G1 F482.9 X112.193 Y114.088 E330.30458
G1 F483.9 X112.002 Y114.588 E330.34873
G1 F482.9 X111.692 Y115.041 E330.3941
G1 F483.9 X111.287 Y115.398 E330.43863
G1 X110.803 Y115.65 E330.48364
G1 F481.9 X110.282 Y115.779 E330.52809
G1 X110 Y115.779 E330.55145
;TIME_ELAPSED:363.143927
;LAYER:93
;note -- min layer time used
;MESH:barrel.obj
G0 F12000 X110 Y115.779 Z39.19
;TYPE:WALL-OUTER
G1 F481.9 X109.738 Y115.779 E330.57314
G1 X109.213 Y115.649 E330.61794
G1 F483.9 X108.733 Y115.398 E330.66262
G1 F482.9 X108.328 Y115.041 E330.70724
G1 F480 X108.016 Y114.587 E330.75304
G1 F481 X107.827 Y114.088 E330.79732
G1 F480 X107.761 Y113.548 E330.84256
G1 X107.827 Y113.004 E330.88812
G1 F481 X108.016 Y112.509 E330.93209
G1 F479 X108.329 Y112.052 E330.97824
G1 F480 X108.73 Y111.698 E331.02272
G1 X109.214 Y111.444 E331.06817
G1 X109.738 Y111.313 E331.11308
G1 F481.9 X110.282 Y111.313 E331.15813
G1 F480 X110.802 Y111.444 E331.20272
G1 X111.29 Y111.698 E331.24847
G1 F481 X111.688 Y112.051 E331.29262
G1 X112.002 Y112.508 E331.33863
G1 F481.9 X112.193 Y113.004 E331.38265
G1 X112.257 Y113.548 E331.42801
G1 F482.9 X112.193 Y114.088 E331.47295
G1 F483.9 X112.002 Y114.588 E331.5171
G1 F482.9 X111.692 Y115.041 E331.56247
G1 F483.9 X111.287 Y115.398 E331.607
G1 X110.803 Y115.65 E331.65201
G1 F481.9 X110.282 Y115.779 E331.69646
G1 X110 Y115.779 E331.71982
;TIME_ELAPSED:365.037073
;LAYER:94
;note -- min layer time used
;MESH:barrel.obj
G0 F12000 X110 Y115.779 Z39.59
;TYPE:WALL-OUTER
G1 F481.9 X109.738 Y115.779 E331.74152
G1 X109.213 Y115.649 E331.78631
G1 F483.9 X108.733 Y115.398 E331.83099
G1 F482.9 X108.328 Y115.041 E331.87561
G1 F480 X108.016 Y114.587 E331.92142
G1 F481 X107.827 Y114.088 E331.9657
G1 F480 X107.761 Y113.548 E332.01093
G1 X107.827 Y113.004 E332.0565
G1 F481 X108.016 Y112.509 E332.10047
G1 F479 X108.329 Y112.052 E332.14662
G1 F480 X108.73 Y111.698 E332.19109
G1 X109.214 Y111.444 E332.23654
G1 X109.738 Y111.313 E332.28146
G1 F481.9 X110.282 Y111.313 E332.32651
G1 F480 X110.802 Y111.444 E332.3711
G1 X111.29 Y111.698 E332.41684
G1 F481 X111.688 Y112.051 E332.46099
G1 X112.002 Y112.508 E332.507
G1 F481.9 X112.193 Y113.004 E332.55102
G1 X112.257 Y113.548 E332.59638
G1 F482.9 X112.193 Y114.088 E332.64133
G1 F483.9 X112.002 Y114.588 E332.68548
G1 F482.9 X111.692 Y115.041 E332.73085
G1 F483.9 X111.287 Y115.398 E332.77538
G1 X110.803 Y115.65 E332.82039
G1 F481.9 X110.282 Y115.779 E332.86484
G1 X110 Y115.779 E332.88819
;TIME_ELAPSED:366.930218
;LAYER:95
;note -- min layer time used
;MESH:barrel.obj
G0 F12000 X110 Y115.779 Z39.99
;TYPE:WALL-OUTER
G1 F481.9 X109.738 Y115.779 E332.90989
G1 X109.213 Y115.649 E332.95468
G1 F483.9 X108.733 Y115.398 E332.99936
G1 F482.9 X108.328 Y115.041 E333.04399
G1 F480 X108.016 Y114.587 E333.08979
G1 F481 X107.827 Y114.088 E333.13407
G1 F480 X107.761 Y113.548 E333.17931
G1 X107.827 Y113.004 E333.22487
G1 F481 X108.016 Y112.509 E333.26884
G1 F479 X108.329 Y112.052 E333.31499
G1 F480 X108.73 Y111.698 E333.35947
G1 X109.214 Y111.444 E333.40492
G1 X109.738 Y111.313 E333.44983
G1 F481.9 X110.282 Y111.313 E333.49488
G1 F480 X110.802 Y111.444 E333.53947
G1 X111.29 Y111.698 E333.58522
G1 F481 X111.688 Y112.051 E333.62936
G1 X112.002 Y112.508 E333.67538
G1 F481.9 X112.193 Y113.004 E333.71939
G1 X112.257 Y113.548 E333.76476
G1 F482.9 X112.193 Y114.088 E333.8097
G1 F483.9 X112.002 Y114.588 E333.85385
G1 F482.9 X111.692 Y115.041 E333.89922
G1 F483.9 X111.287 Y115.398 E333.94375
G1 X110.803 Y115.65 E333.98876
G1 F481.9 X110.282 Y115.779 E334.03321
G1 X110 Y115.779 E334.05657
;TIME_ELAPSED:368.823364
;LAYER:96
;note -- min layer time used
;MESH:barrel.obj
G0 F12000 X110 Y115.779 Z40.39
;TYPE:WALL-OUTER
G1 F481.9 X109.738 Y115.779 E334.07827
G1 X109.213 Y115.649 E334.12306
G1 F483.9 X108.733 Y115.398 E334.16774
G1 F482.9 X108.328 Y115.041 E334.21236
G1 F480 X108.016 Y114.587 E334.25816
G1 F481 X107.827 Y114.088 E334.30244
G1 F480 X107.761 Y113.548 E334.34768
G1 X107.827 Y113.004 E334.39325
G1 F481 X108.016 Y112.509 E334.43721
G1 F479 X108.329 Y112.052 E334.48336
G1 F480 X108.73 Y111.698 E334.52784
G1 X109.214 Y111.444 E334.57329
G1 X109.738 Y111.313 E334.6182
G1 F481.9 X110.282 Y111.313 E334.66326
G1 F480 X110.802 Y111.444 E334.70785
G1 X111.29 Y111.698 E334.75359
G1 F481 X111.688 Y112.051 E334.79774
G1 X112.002 Y112.508 E334.84375
G1 F481.9 X112.193 Y113.004 E334.88777
G1 X112.257 Y113.548 E334.93313
G1 F482.9 X112.193 Y114.088 E334.97808
G1 F483.9 X112.002 Y114.588 E335.02222
G1 F482.9 X111.692 Y115.041 E335.06759
G1 F483.9 X111.287 Y115.398 E335.11213
G1 X110.803 Y115.65 E335.15714
G1 F481.9 X110.282 Y115.779 E335.20159
G1 X110 Y115.779 E335.22494
;TIME_ELAPSED:370.716509
;LAYER:97
;note -- min layer time used
;MESH:barrel.obj
G0 F12000 X110 Y115.779 Z40.79
;TYPE:WALL-OUTER
G1 F481.9 X109.738 Y115.779 E335.24664
G1 X109.213 Y115.649 E335.29143
G1 F483.9 X108.733 Y115.398 E335.33611
G1 F482.9 X108.328 Y115.041 E335.38073
G1 F480 X108.016 Y114.587 E335.42654
G1 F481 X107.827 Y114.088 E335.47082
G1 F480 X107.761 Y113.548 E335.51605
G1 X107.827 Y113.004 E335.56162
G1 F481 X108.016 Y112.509 E335.60559
G1 F479 X108.329 Y112.052 E335.65174
G1 F480 X108.73 Y111.698 E335.69622
G1 X109.214 Y111.444 E335.74167
G1 X109.738 Y111.313 E335.78658
G1 F481.9 X110.282 Y111.313 E335.83163
G1 F480 X110.802 Y111.444 E335.87622
G1 X111.29 Y111.698 E335.92196
G1 F481 X111.688 Y112.051 E335.96611
G1 X112.002 Y112.508 E336.01212
G1 F481.9 X112.193 Y113.004 E336.05614
G1 X112.257 Y113.548 E336.10151
G1 F482.9 X112.193 Y114.088 E336.14645
G1 F483.9 X112.002 Y114.588 E336.1906
G1 F482.9 X111.692 Y115.041 E336.23597
G1 F483.9 X111.287 Y115.398 E336.2805
G1 X110.803 Y115.65 E336.32551
G1 F481.9 X110.282 Y115.779 E336.36996
G1 X110 Y115.779 E336.39332
;TIME_ELAPSED:372.609655
;LAYER:98
;note -- min layer time used
;MESH:barrel.obj
G0 F12000 X110 Y115.779 Z41.19
;TYPE:WALL-OUTER
G1 F481.9 X109.738 Y115.779 E336.41501
G1 X109.213 Y115.649 E336.45981
G1 F483.9 X108.733 Y115.398 E336.50449
G1 F482.9 X108.328 Y115.041 E336.54911
G1 F480 X108.016 Y114.587 E336.59491
G1 F481 X107.827 Y114.088 E336.63919
G1 F480 X107.761 Y113.548 E336.68443
G1 X107.827 Y113.004 E336.72999
G1 F481 X108.016 Y112.509 E336.77396
G1 F479 X108.329 Y112.052 E336.82011
G1 F480 X108.73 Y111.698 E336.86459
G1 X109.214 Y111.444 E336.91004
G1 X109.738 Y111.313 E336.95495
G1 F481.9 X110.282 Y111.313 E337
G1 F480 X110.802 Y111.444 E337.04459
G1 X111.29 Y111.698 E337.09034
G1 F481 X111.688 Y112.051 E337.13448
G1 X112.002 Y112.508 E337.1805
G1 F481.9 X112.193 Y113.004 E337.22452
G1 X112.257 Y113.548 E337.26988
G1 F482.9 X112.193 Y114.088 E337.31482
G1 F483.9 X112.002 Y114.588 E337.35897
G1 F482.9 X111.692 Y115.041 E337.40434
G1 F483.9 X111.287 Y115.398 E337.44887
G1 X110.803 Y115.65 E337.49388
G1 F481.9 X110.282 Y115.779 E337.53833
G1 X110 Y115.779 E337.56169
;TIME_ELAPSED:374.502800
;LAYER:99
;note -- min layer time used
;MESH:barrel.obj
G0 F12000 X110 Y115.779 Z41.59
;TYPE:WALL-OUTER
G1 F481.9 X109.738 Y115.779 E337.58339
G1 X109.213 Y115.649 E337.62818
G1 F483.9 X108.733 Y115.398 E337.67286
G1 F482.9 X108.328 Y115.041 E337.71748
G1 F480 X108.016 Y114.587 E337.76329
G1 F481 X107.827 Y114.088 E337.80757
G1 F480 X107.761 Y113.548 E337.8528
G1 X107.827 Y113.004 E337.89837
G1 F481 X108.016 Y112.509 E337.94234
G1 F479 X108.329 Y112.052 E337.98849
G1 F480 X108.73 Y111.698 E338.03296
G1 X109.214 Y111.444 E338.07841
G1 X109.738 Y111.313 E338.12333
G1 F481.9 X110.282 Y111.313 E338.16838
G1 F480 X110.802 Y111.444 E338.21297
G1 X111.29 Y111.698 E338.25871
G1 F481 X111.688 Y112.051 E338.30286
G1 X112.002 Y112.508 E338.34887
G1 F481.9 X112.193 Y113.004 E338.39289
G1 X112.257 Y113.548 E338.43825
G1 F482.9 X112.193 Y114.088 E338.4832
G1 F483.9 X112.002 Y114.588 E338.52735
G1 F482.9 X111.692 Y115.041 E338.57272
G1 F483.9 X111.287 Y115.398 E338.61725
G1 X110.803 Y115.65 E338.66226
G1 F481.9 X110.282 Y115.779 E338.70671
G1 X110 Y115.779 E338.73006
;TIME_ELAPSED:376.395946
;LAYER:100
;note -- min layer time used
;MESH:barrel.obj
G0 F12000 X110 Y115.779 Z41.99
;TYPE:WALL-OUTER
G1 F481.9 X109.738 Y115.779 E338.75176
G1 X109.213 Y115.649 E338.79655
G1 F483.9 X108.733 Y115.398 E338.84123
G1 F482.9 X108.328 Y115.041 E338.88586
G1 F480 X108.016 Y114.587 E338.93166
G1 F481 X107.827 Y114.088 E338.97594
G1 F480 X107.761 Y113.548 E339.02118
G1 X107.827 Y113.004 E339.06674
G1 F481 X108.016 Y112.509 E339.11071
G1 F479 X108.329 Y112.052 E339.15686
G1 F480 X108.73 Y111.698 E339.20134
G1 X109.214 Y111.444 E339.24679
G1 X109.738 Y111.313 E339.2917
G1 F481.9 X110.282 Y111.313 E339.33675
G1 F480 X110.802 Y111.444 E339.38134
G1 X111.29 Y111.698 E339.42709
G1 F481 X111.688 Y112.051 E339.47123
G1 X112.002 Y112.508 E339.51725
G1 F481.9 X112.193 Y113.004 E339.56126
G1 X112.257 Y113.548 E339.60663
G1 F482.9 X112.193 Y114.088 E339.65157
G1 F483.9 X112.002 Y114.588 E339.69572
G1 F482.9 X111.692 Y115.041 E339.74109
G1 F483.9 X111.287 Y115.398 E339.78562
G1 X110.803 Y115.65 E339.83063
G1 F481.9 X110.282 Y115.779 E339.87508
G1 X110 Y115.779 E339.89844
;TIME_ELAPSED:378.289091
;LAYER:101
;note -- min layer time used
;MESH:barrel.obj
G0 F12000 X110 Y115.779 Z42.39
;TYPE:WALL-OUTER
G1 F481.9 X109.738 Y115.779 E339.92014
G1 X109.213 Y115.649 E339.96493
G1 F483.9 X108.733 Y115.398 E340.00961
G1 F482.9 X108.328 Y115.041 E340.05423
G1 F480 X108.016 Y114.587 E340.10003
G1 F481 X107.827 Y114.088 E340.14431
G1 F480 X107.761 Y113.548 E340.18955
G1 X107.827 Y113.004 E340.23511
G1 F481 X108.016 Y112.509 E340.27908
G1 F479 X108.329 Y112.052 E340.32523
G1 F480 X108.73 Y111.698 E340.36971
G1 X109.214 Y111.444 E340.41516
G1 X109.738 Y111.313 E340.46007
G1 F481.9 X110.282 Y111.313 E340.50513
G1 F480 X110.802 Y111.444 E340.54972
G1 X111.29 Y111.698 E340.59546
G1 F481 X111.688 Y112.051 E340.63961
G1 X112.002 Y112.508 E340.68562
G1 F481.9 X112.193 Y113.004 E340.72964
G1 X112.257 Y113.548 E340.775
G1 F482.9 X112.193 Y114.088 E340.81995
G1 F483.9 X112.002 Y114.588 E340.86409
G1 F482.9 X111.692 Y115.041 E340.90946
G1 F483.9 X111.287 Y115.398 E340.954
G1 X110.803 Y115.65 E340.99901
G1 F481.9 X110.282 Y115.779 E341.04346
G1 X110 Y115.779 E341.06681
;TIME_ELAPSED:380.182237
;LAYER:102
;note -- min layer time used
;MESH:barrel.obj
G0 F12000 X110 Y115.779 Z42.79
;TYPE:WALL-OUTER
G1 F481.9 X109.738 Y115.779 E341.08851
G1 X109.213 Y115.649 E341.1333
G1 F483.9 X108.733 Y115.398 E341.17798
G1 F482.9 X108.328 Y115.041 E341.2226
G1 F480 X108.016 Y114.587 E341.26841
G1 F481 X107.827 Y114.088 E341.31269
G1 F480 X107.761 Y113.548 E341.35792
G1 X107.827 Y113.004 E341.40349
G1 F481 X108.016 Y112.509 E341.44746
G1 F479 X108.329 Y112.052 E341.49361
G1 F480 X108.73 Y111.698 E341.53809
G1 X109.214 Y111.444 E341.58354
G1 X109.738 Y111.313 E341.62845
G1 F481.9 X110.282 Y111.313 E341.6735
G1 F480 X110.802 Y111.444 E341.71809
G1 X111.29 Y111.698 E341.76383
G1 F481 X111.688 Y112.051 E341.80798
G1 X112.002 Y112.508 E341.85399
G1 F481.9 X112.193 Y113.004 E341.89801
G1 X112.257 Y113.548 E341.94337
G1 F482.9 X112.193 Y114.088 E341.98832
G1 F483.9 X112.002 Y114.588 E342.03247
G1 F482.9 X111.692 Y115.041 E342.07784
G1 F483.9 X111.287 Y115.398 E342.12237
G1 X110.803 Y115.65 E342.16738
G1 F481.9 X110.282 Y115.779 E342.21183
G1 X110 Y115.779 E342.23519
;TIME_ELAPSED:382.075382
;LAYER:103
;note -- min layer time used
;MESH:barrel.obj
G0 F12000 X110 Y115.779 Z43.19
;TYPE:WALL-OUTER
G1 F481.9 X109.738 Y115.779 E342.25688
G1 X109.213 Y115.649 E342.30168
G1 F483.9 X108.733 Y115.398 E342.34636
G1 F482.9 X108.328 Y115.041 E342.39098
G1 F480 X108.016 Y114.587 E342.43678
G1 F481 X107.827 Y114.088 E342.48106
G1 F480 X107.761 Y113.548 E342.5263
G1 X107.827 Y113.004 E342.57186
G1 F481 X108.016 Y112.509 E342.61583
G1 F479 X108.329 Y112.052 E342.66198
G1 F480 X108.73 Y111.698 E342.70646
G1 X109.214 Y111.444 E342.75191
G1 X109.738 Y111.313 E342.79682
G1 F481.9 X110.282 Y111.313 E342.84187
G1 F480 X110.802 Y111.444 E342.88646
G1 X111.29 Y111.698 E342.93221
G1 F481 X111.688 Y112.051 E342.97635
G1 X112.002 Y112.508 E343.02237
G1 F481.9 X112.193 Y113.004 E343.06639
G1 X112.257 Y113.548 E343.11175
G1 F482.9 X112.193 Y114.088 E343.15669
G1 F483.9 X112.002 Y114.588 E343.20084
G1 F482.9 X111.692 Y115.041 E343.24621
G1 F483.9 X111.287 Y115.398 E343.29074
G1 X110.803 Y115.65 E343.33575
G1 F481.9 X110.282 Y115.779 E343.3802
G1 X110 Y115.779 E343.40356
;TIME_ELAPSED:383.968528
;LAYER:104
;note -- min layer time used
;MESH:barrel.obj
G0 F12000 X110 Y115.779 Z43.59
;TYPE:WALL-OUTER
G1 F481.9 X109.738 Y115.779 E343.42526
G1 X109.213 Y115.649 E343.47005
G1 F483.9 X108.733 Y115.398 E343.51473
G1 F482.9 X108.328 Y115.041 E343.55935
G1 F480 X108.016 Y114.587 E343.60516
G1 F481 X107.827 Y114.088 E343.64944
G1 F480 X107.761 Y113.548 E343.69467
G1 X107.827 Y113.004 E343.74024
G1 F481 X108.016 Y112.509 E343.78421
G1 F479 X108.329 Y112.052 E343.83036
G1 F480 X108.73 Y111.698 E343.87483
G1 X109.214 Y111.444 E343.92028
G1 X109.738 Y111.313 E343.9652
G1 F481.9 X110.282 Y111.313 E344.01025
G1 F480 X110.802 Y111.444 E344.05484
G1 X111.29 Y111.698 E344.10058
G1 F481 X111.688 Y112.051 E344.14473
G1 X112.002 Y112.508 E344.19074
G1 F481.9 X112.193 Y113.004 E344.23476
G1 X112.257 Y113.548 E344.28012
G1 F482.9 X112.193 Y114.088 E344.32507
G1 F483.9 X112.002 Y114.588 E344.36922
G1 F482.9 X111.692 Y115.041 E344.41459
G1 F483.9 X111.287 Y115.398 E344.45912
G1 X110.803 Y115.65 E344.50413
G1 F481.9 X110.282 Y115.779 E344.54858
G1 X110 Y115.779 E344.57193
;TIME_ELAPSED:385.861673
;LAYER:105
;note -- min layer time used
;MESH:barrel.obj
G0 F12000 X110 Y115.779 Z43.99
;TYPE:WALL-OUTER
G1 F481.9 X109.738 Y115.779 E344.59363
G1 X109.213 Y115.649 E344.63842
G1 F483.9 X108.733 Y115.398 E344.6831
G1 F482.9 X108.328 Y115.041 E344.72773
G1 F480 X108.016 Y114.587 E344.77353
G1 F481 X107.827 Y114.088 E344.81781
G1 F480 X107.761 Y113.548 E344.86305
G1 X107.827 Y113.004 E344.90861
G1 F481 X108.016 Y112.509 E344.95258
G1 F479 X108.329 Y112.052 E344.99873
G1 F480 X108.73 Y111.698 E345.04321
G1 X109.214 Y111.444 E345.08866
G1 X109.738 Y111.313 E345.13357
G1 F481.9 X110.282 Y111.313 E345.17862
G1 F480 X110.802 Y111.444 E345.22321
G1 X111.29 Y111.698 E345.26896
G1 F481 X111.688 Y112.051 E345.3131
G1 X112.002 Y112.508 E345.35912
G1 F481.9 X112.193 Y113.004 E345.40313
G1 X112.257 Y113.548 E345.4485
G1 F482.9 X112.193 Y114.088 E345.49344
G1 F483.9 X112.002 Y114.588 E345.53759
G1 F482.9 X111.692 Y115.041 E345.58296
G1 F483.9 X111.287 Y115.398 E345.62749
G1 X110.803 Y115.65 E345.6725
G1 F481.9 X110.282 Y115.779 E345.71695
G1 X110 Y115.779 E345.74031
;TIME_ELAPSED:387.754819
;LAYER:106
;note -- min layer time used
;MESH:barrel.obj
G0 F12000 X110 Y115.779 Z44.39
;TYPE:WALL-OUTER
G1 F481.9 X109.738 Y115.779 E345.76201
G1 X109.213 Y115.649 E345.8068
G1 F483.9 X108.733 Y115.398 E345.85148
G1 F482.9 X108.328 Y115.041 E345.8961
G1 F480 X108.016 Y114.587 E345.9419
G1 F481 X107.827 Y114.088 E345.98618
G1 F480 X107.761 Y113.548 E346.03142
G1 X107.827 Y113.004 E346.07698
G1 F481 X108.016 Y112.509 E346.12095
G1 F479 X108.329 Y112.052 E346.1671
G1 F480 X108.73 Y111.698 E346.21158
G1 X109.214 Y111.444 E346.25703
G1 X109.738 Y111.313 E346.30194
G1 F481.9 X110.282 Y111.313 E346.347
G1 F480 X110.802 Y111.444 E346.39159
G1 X111.29 Y111.698 E346.43733
G1 F481 X111.688 Y112.051 E346.48148
G1 X112.002 Y112.508 E346.52749
G1 F481.9 X112.193 Y113.004 E346.57151
G1 X112.257 Y113.548 E346.61687
G1 F482.9 X112.193 Y114.088 E346.66181
G1 F483.9 X112.002 Y114.588 E346.70596
G1 F482.9 X111.692 Y115.041 E346.75133
G1 F483.9 X111.287 Y115.398 E346.79587
G1 X110.803 Y115.65 E346.84088
G1 F481.9 X110.282 Y115.779 E346.88533
G1 X110 Y115.779 E346.90868
;TIME_ELAPSED:389.647964
;LAYER:107
;note -- min layer time used
;MESH:barrel.obj
G0 F12000 X110 Y115.779 Z44.79
;TYPE:WALL-OUTER
G1 F481.9 X109.738 Y115.779 E346.93038
G1 X109.213 Y115.649 E346.97517
G1 F483.9 X108.733 Y115.398 E347.01985
G1 F482.9 X108.328 Y115.041 E347.06447
G1 F480 X108.016 Y114.587 E347.11028
G1 F481 X107.827 Y114.088 E347.15456
G1 F480 X107.761 Y113.548 E347.19979
G1 X107.827 Y113.004 E347.24536
G1 F481 X108.016 Y112.509 E347.28933
G1 F479 X108.329 Y112.052 E347.33548
G1 F480 X108.73 Y111.698 E347.37996
G1 X109.214 Y111.444 E347.42541
G1 X109.738 Y111.313 E347.47032
G1 F481.9 X110.282 Y111.313 E347.51537
G1 F480 X110.802 Y111.444 E347.55996
G1 X111.29 Y111.698 E347.6057
G1 F481 X111.688 Y112.051 E347.64985
G1 X112.002 Y112.508 E347.69586
G1 F481.9 X112.193 Y113.004 E347.73988
G1 X112.257 Y113.548 E347.78524
G1 F482.9 X112.193 Y114.088 E347.83019
G1 F483.9 X112.002 Y114.588 E347.87434
G1 F482.9 X111.692 Y115.041 E347.91971
G1 F483.9 X111.287 Y115.398 E347.96424
G1 X110.803 Y115.65 E348.00925
G1 F481.9 X110.282 Y115.779 E348.0537
G1 X110 Y115.779 E348.07705
;TIME_ELAPSED:391.541110
;LAYER:108
;note -- min layer time used
;MESH:barrel.obj
G0 F12000 X110 Y115.779 Z45.19
;TYPE:WALL-OUTER
G1 F481.9 X109.738 Y115.779 E348.09875
G1 X109.213 Y115.649 E348.14355
G1 F483.9 X108.733 Y115.398 E348.18822
G1 F482.9 X108.328 Y115.041 E348.23285
G1 F480 X108.016 Y114.587 E348.27865
G1 F481 X107.827 Y114.088 E348.32293
G1 F480 X107.761 Y113.548 E348.36817
G1 X107.827 Y113.004 E348.41373
G1 F481 X108.016 Y112.509 E348.4577
G1 F479 X108.329 Y112.052 E348.50385
G1 F480 X108.73 Y111.698 E348.54833
G1 X109.214 Y111.444 E348.59378
G1 X109.738 Y111.313 E348.63869
G1 F481.9 X110.282 Y111.313 E348.68374
G1 F480 X110.802 Y111.444 E348.72833
G1 X111.29 Y111.698 E348.77408
G1 F481 X111.688 Y112.051 E348.81822
G1 X112.002 Y112.508 E348.86424
G1 F481.9 X112.193 Y113.004 E348.90826
G1 X112.257 Y113.548 E348.95362
G1 F482.9 X112.193 Y114.088 E348.99856
G1 F483.9 X112.002 Y114.588 E349.04271
G1 F482.9 X111.692 Y115.041 E349.08808
G1 F483.9 X111.287 Y115.398 E349.13261
G1 X110.803 Y115.65 E349.17762
G1 F481.9 X110.282 Y115.779 E349.22207
G1 X110 Y115.779 E349.24543
;TIME_ELAPSED:393.434255
;LAYER:109
;note -- min layer time used
;MESH:barrel.obj
G0 F12000 X110 Y115.779 Z45.59
;TYPE:WALL-OUTER
G1 F481.9 X109.738 Y115.779 E349.26713
G1 X109.213 Y115.649 E349.31192
G1 F483.9 X108.733 Y115.398 E349.3566
G1 F482.9 X108.328 Y115.041 E349.40122
G1 F480 X108.016 Y114.587 E349.44703
G1 F481 X107.827 Y114.088 E349.49131
G1 F480 X107.761 Y113.548 E349.53654
G1 X107.827 Y113.004 E349.58211
G1 F481 X108.016 Y112.509 E349.62608
G1 F479 X108.329 Y112.052 E349.67223
G1 F480 X108.73 Y111.698 E349.7167
G1 X109.214 Y111.444 E349.76215
G1 X109.738 Y111.313 E349.80706
G1 F481.9 X110.282 Y111.313 E349.85212
G1 F480 X110.802 Y111.444 E349.89671
G1 X111.29 Y111.698 E349.94245
G1 F481 X111.688 Y112.051 E349.9866
G1 X112.002 Y112.508 E350.03261
G1 F481.9 X112.193 Y113.004 E350.07663
G1 X112.257 Y113.548 E350.12199
G1 F482.9 X112.193 Y114.088 E350.16694
G1 F483.9 X112.002 Y114.588 E350.21109
G1 F482.9 X111.692 Y115.041 E350.25645
G1 F483.9 X111.287 Y115.398 E350.30099
G1 X110.803 Y115.65 E350.346
G1 F481.9 X110.282 Y115.779 E350.39045
G1 X110 Y115.779 E350.4138
;TIME_ELAPSED:395.327401
;LAYER:110
;note -- min layer time used
;MESH:barrel.obj
G0 F12000 X110 Y115.779 Z45.99
;TYPE:WALL-OUTER
G1 F481.9 X109.738 Y115.779 E350.4355
G1 X109.213 Y115.649 E350.48029
G1 F483.9 X108.733 Y115.398 E350.52497
G1 F482.9 X108.328 Y115.041 E350.56959
G1 F480 X108.016 Y114.587 E350.6154
G1 F481 X107.827 Y114.088 E350.65968
G1 F480 X107.761 Y113.548 E350.70492
G1 X107.827 Y113.004 E350.75048
G1 F481 X108.016 Y112.509 E350.79445
G1 F479 X108.329 Y112.052 E350.8406
G1 F480 X108.73 Y111.698 E350.88508
G1 X109.214 Y111.444 E350.93053
G1 X109.738 Y111.313 E350.97544
G1 F481.9 X110.282 Y111.313 E351.02049
G1 F480 X110.802 Y111.444 E351.06508
G1 X111.29 Y111.698 E351.11083
G1 F481 X111.688 Y112.051 E351.15497
G1 X112.002 Y112.508 E351.20099
G1 F481.9 X112.193 Y113.004 E351.245
G1 X112.257 Y113.548 E351.29037
G1 F482.9 X112.193 Y114.088 E351.33531
G1 F483.9 X112.002 Y114.588 E351.37946
G1 F482.9 X111.692 Y115.041 E351.42483
G1 F483.9 X111.287 Y115.398 E351.46936
G1 X110.803 Y115.65 E351.51437
G1 F481.9 X110.282 Y115.779 E351.55882
G1 X110 Y115.779 E351.58218
;TIME_ELAPSED:397.220546
;LAYER:111
;note -- min layer time used
;MESH:barrel.obj
G0 F12000 X110 Y115.779 Z46.39
;TYPE:WALL-OUTER
G1 F481.9 X109.738 Y115.779 E351.60387
G1 X109.213 Y115.649 E351.64867
G1 F483.9 X108.733 Y115.398 E351.69335
G1 F482.9 X108.328 Y115.041 E351.73797
G1 F481 X108.018 Y114.588 E351.78352
G1 F481.9 X107.827 Y114.087 E351.82792
G1 F480 X107.761 Y113.544 E351.87341
G1 X107.827 Y113.004 E351.91864
G1 F479 X108.02 Y112.498 E351.96376
G1 F478.1 X108.332 Y112.051 E352.00927
G1 F480 X108.727 Y111.699 E352.05327
G1 F479 X109.214 Y111.444 E352.09907
G1 F480 X109.737 Y111.313 E352.1439
G1 F484.8 X110.286 Y111.315 E352.18909
G1 F483.9 X110.803 Y111.444 E352.23304
G1 F481 X111.29 Y111.698 E352.27862
G1 X111.688 Y112.051 E352.32277
G1 X112.002 Y112.508 E352.36878
G1 F481.9 X112.193 Y113.004 E352.4128
G1 X112.257 Y113.552 E352.45849
G1 F482.9 X112.193 Y114.088 E352.50311
G1 F483.9 X112.001 Y114.592 E352.5476
G1 F481.9 X111.688 Y115.042 E352.59299
G1 X111.29 Y115.398 E352.63722
G1 F482.9 X110.804 Y115.65 E352.68246
G1 X110.282 Y115.779 E352.7269
G1 F481.9 X110 Y115.779 E352.75026
;MESH:NONMESH
G0 F300 X110 Y115.779 Z46.79
G0 F12000 X110 Y115.811
;TIME_ELAPSED:399.224989
;LAYER:112
;note -- min layer time used
;TYPE:WALL-OUTER
;MESH:barrel.obj
G1 F428.6 X109.742 Y115.811 E352.77429
G1 X109.215 Y115.683 E352.82479
G1 X108.709 Y115.421 E352.87786
G1 X108.285 Y115.035 E352.93126
G1 F427 X107.991 Y114.608 E352.97971
G1 F426.3 X107.806 Y114.124 E353.02822
G1 F427 X107.731 Y113.548 E353.08251
G1 F427.8 X107.804 Y112.976 E353.13631
G1 F427 X107.991 Y112.488 E353.18515
G1 X108.284 Y112.062 E353.23347
G1 F428.6 X108.709 Y111.675 E353.287
G1 F427.8 X109.216 Y111.412 E353.34029
G1 X109.73 Y111.283 E353.38973
G1 F429.3 X110.279 Y111.283 E353.44076
G1 F427.8 X110.8 Y111.41 E353.49079
G1 F427 X111.31 Y111.675 E353.54451
G1 F428.6 X111.735 Y112.061 E353.59798
G1 F427 X112.029 Y112.488 E353.64643
G1 F427.8 X112.212 Y112.968 E353.69436
G1 F430.9 X112.287 Y113.549 E353.74862
G1 F431.7 X112.215 Y114.117 E353.80156
G1 F429.3 X112.028 Y114.609 E353.85049
G1 F427 X111.739 Y115.03 E353.89821
G1 F427.8 X111.316 Y115.416 E353.95164
G1 F428.6 X110.793 Y115.685 E354.00641
G1 F427.8 X110.285 Y115.811 E354.05524
G1 X110 Y115.811 E354.08183
;MESH:NONMESH
G0 F300 X110 Y115.811 Z47.19
G0 F12000 X110.009 Y116.178
;TIME_ELAPSED:401.380805
;LAYER:113
;note -- min layer time used
;TYPE:WALL-OUTER
;MESH:barrel.obj
G1 F571.4 X110 Y116.177 E354.08246
G1 F585.4 X109.735 Y116.144 E354.10067
G1 F575.5 X109.175 Y116.046 E354.1401
G1 F566 X108.454 Y115.671 E354.1974
G1 F576.9 X108.082 Y115.307 E354.23341
G1 F574.2 X107.876 Y115.085 E354.25446
G1 F572.8 X107.72 Y114.8 E354.2771
G1 F574.2 X107.51 Y114.366 E354.31061
G1 X107.462 Y114.118 E354.32817
G1 F579.7 X107.38 Y113.548 E354.36782
G1 X107.461 Y112.99 E354.40664
G1 F574.2 X107.51 Y112.727 E354.42524
G1 X107.677 Y112.38 E354.452
G1 F571.4 X107.88 Y112.004 E354.48185
G1 F572.8 X108.085 Y111.786 E354.5027
G1 F578.3 X108.457 Y111.425 E354.53848
G1 F568.7 X109.186 Y111.046 E354.59614
G1 F578.3 X109.636 Y110.965 E354.62769
G1 F575.5 X110.012 Y110.916 E354.65399
G1 X110.347 Y110.958 E354.6774
G1 F576.9 X110.813 Y111.042 E354.71016
G1 F566 X111.562 Y111.424 E354.76945
G1 F579.7 X111.936 Y111.788 E354.80538
G1 F574.2 X112.144 Y112.012 E354.82663
G1 F571.4 X112.3 Y112.296 E354.84926
G1 F576.9 X112.527 Y112.765 E354.8853
G1 F570.1 X112.64 Y113.548 E354.94069
G1 F581.1 X112.558 Y114.117 E354.98018
G1 F575.5 X112.51 Y114.365 E354.99769
G1 F576.9 X112.323 Y114.754 E355.02755
G1 F575.5 X112.136 Y115.096 E355.05458
G1 F574.2 X111.936 Y115.31 E355.07494
G1 F579.7 X111.567 Y115.667 E355.11029
G1 F568.7 X110.838 Y116.049 E355.16805
G1 F576.9 X110.381 Y116.131 E355.20017
G1 F571.4 X110.009 Y116.178 E355.22636
G0 F12000 X110.009 Y115.747
G1 F572.8 X110.284 Y115.734 E355.24555
G1 F582.5 X110.77 Y115.618 E355.27978
G1 F575.5 X111.283 Y115.353 E355.31982
G1 F581.1 X111.707 Y114.969 E355.35911
G1 F591.1 X111.962 Y114.569 E355.39114
G1 F589.7 X112.143 Y114.132 E355.42315
G1 F579.7 X112.218 Y113.548 E355.46369
G1 X112.14 Y112.952 E355.50507
G1 F588.2 X111.962 Y112.527 E355.53634
G1 F589.7 X111.711 Y112.133 E355.56796
G1 F579.7 X111.297 Y111.753 E355.60665
G1 F572.8 X110.772 Y111.478 E355.64794
G1 F582.5 X110.284 Y111.359 E355.68236
G1 F575.5 X110.012 Y111.347 E355.70124
G1 F576.9 X109.736 Y111.359 E355.72035
G1 F585.4 X109.248 Y111.479 E355.75462
G1 F574.2 X108.721 Y111.755 E355.79597
G1 F576.9 X108.299 Y112.147 E355.83582
G1 F588.2 X108.058 Y112.527 E355.86635
G1 X107.873 Y112.97 E355.89892
G1 F579.7 X107.802 Y113.548 E355.93902
G1 X107.879 Y114.135 E355.97978
G1 F588.2 X108.058 Y114.569 E356.01163
G1 F589.7 X108.306 Y114.961 E356.04303
G1 F582.5 X108.741 Y115.36 E356.08347
G1 F579.7 X109.265 Y115.629 E356.12402
G1 F585.4 X109.736 Y115.734 E356.15692
G1 F588.2 X110 Y115.747 E356.17486
G1 F572.8 X110.009 Y115.747 E356.17549
;MESH:NONMESH
G0 F300 X110.009 Y115.747 Z47.59
G0 F12000 X110.014 Y116.383
;TIME_ELAPSED:404.758928
;LAYER:114
;note -- min layer time used
;TYPE:WALL-OUTER
;MESH:barrel.obj
G1 F430.1 X110 Y116.382 E356.17679
G1 F438 X109.647 Y116.344 E356.20914
G1 F431.7 X109.229 Y116.273 E356.24835
G1 F427.8 X108.991 Y116.192 E356.2718
G1 F431.7 X108.528 Y115.955 E356.3199
G1 F430.1 X108.3 Y115.811 E356.34492
G1 F433.2 X107.936 Y115.457 E356.3917
G1 F430.9 X107.742 Y115.25 E356.41798
G1 F424.8 X107.563 Y114.972 E356.44904
G1 F426.3 X107.303 Y114.433 E356.50507
G1 F428.6 X107.197 Y113.791 E356.56567
G1 X107.166 Y113.509 E356.59209
G1 X107.282 Y112.77 E356.66176
G1 F427 X107.368 Y112.532 E356.68541
G1 X107.604 Y112.063 E356.73448
G1 F426.3 X107.747 Y111.841 E356.7592
G1 F431.7 X107.933 Y111.641 E356.78446
G1 F433.2 X108.359 Y111.226 E356.83925
G1 F430.1 X109.096 Y110.849 E356.91607
G1 F433.2 X109.723 Y110.736 E356.97476
G1 F430.1 X110.009 Y110.712 E357.0014
G1 F431.7 X110.377 Y110.75 E357.0356
G1 X110.79 Y110.823 E357.07438
G1 F428.6 X111.029 Y110.904 E357.09789
G1 F431.7 X111.489 Y111.138 E357.14561
G1 F430.1 X111.712 Y111.277 E357.16999
G1 F433.2 X112.086 Y111.642 E357.21814
G1 F432.4 X112.277 Y111.849 E357.24413
G1 F430.1 X112.479 Y112.181 E357.28019
G1 F433.2 X112.721 Y112.672 E357.33063
G1 F430.9 X112.818 Y113.283 E357.38793
G1 F430.1 X112.853 Y113.603 E357.4178
G1 F428.6 X112.735 Y114.328 E357.48621
G1 F427 X112.652 Y114.565 E357.50968
G1 X112.421 Y115.021 E357.55745
G1 X112.276 Y115.251 E357.58287
G1 F431.7 X112.084 Y115.457 E357.6089
G1 F434 X111.665 Y115.865 E357.66269
G1 F431.7 X110.928 Y116.245 E357.73936
G1 F435.6 X110.383 Y116.344 E357.79011
G1 F430.1 X110.014 Y116.383 E357.82455
G0 F12000 X110.015 Y115.815
G1 F430.1 X110.296 Y115.803 E357.85065
G1 F433.2 X110.819 Y115.677 E357.90021
G1 F430.1 X111.31 Y115.424 E357.95146
G1 F434.8 X111.751 Y115.022 E358.00624
G1 F438 X112.025 Y114.601 E358.05202
G1 F433.2 X112.218 Y114.117 E358.10003
G1 F429.3 X112.287 Y113.549 E358.15322
G1 F431.7 X112.205 Y112.916 E358.21223
G1 F434.8 X112.007 Y112.463 E358.25762
G1 F435.6 X111.76 Y112.091 E358.29853
G1 F433.2 X111.317 Y111.676 E358.35446
G1 X110.786 Y111.402 E358.40951
G1 F436.4 X110.32 Y111.294 E358.45326
G1 F438 X109.835 Y111.269 E358.49752
G1 F434.8 X109.233 Y111.402 E358.55412
G1 F430.1 X108.69 Y111.69 E358.61115
G1 F432.4 X108.273 Y112.071 E358.66329
G1 F434.8 X108.012 Y112.463 E358.70652
G1 F431.7 X107.807 Y112.968 E358.75691
G1 F429.3 X107.732 Y113.548 E358.81128
G1 F430.1 X107.805 Y114.115 E358.86433
G1 F428.6 X107.89 Y114.352 E358.88778
G1 F430.1 X107.995 Y114.602 E358.91294
G1 F436.4 X108.267 Y115.02 E358.95855
G1 X108.7 Y115.416 E359.01222
G1 F434.8 X109.237 Y115.695 E359.06777
G1 F435.6 X109.702 Y115.799 E359.11143
G1 F437.2 X110 Y115.814 E359.13868
G1 F430.1 X110.015 Y115.815 E359.14007
;MESH:NONMESH
G0 F300 X110.015 Y115.815 Z47.99
G0 F12000 X110 Y116.28
;TIME_ELAPSED:409.439282
;LAYER:115
;note -- min layer time used
;TYPE:WALL-INNER
;MESH:barrel.obj
G1 F340.9 X110.402 Y116.27 E359.18715
G1 F342.9 X111.025 Y116.098 E359.26239
G1 F345.8 X111.551 Y115.822 E359.33094
G1 F344.8 X112.043 Y115.4 E359.40597
G1 F340.9 X112.407 Y114.895 E359.47885
G1 F339 X112.654 Y114.312 E359.5534
G1 F338 X112.733 Y113.846 E359.60921
G1 F345.3 X112.748 Y113.548 E359.64369
G1 X112.733 Y113.249 E359.67829
G1 F338 X112.652 Y112.778 E359.73472
G1 F338.5 X112.408 Y112.199 E359.80881
G1 F339.9 X112.033 Y111.686 E359.88341
G1 F342.9 X111.549 Y111.271 E359.95763
G1 F344.3 X111.025 Y110.996 E360.02623
G1 F343.8 X110.388 Y110.821 E360.10291
G1 F341.9 X109.761 Y110.807 E360.17612
G1 F339 X109.273 Y110.908 E360.2348
G1 F344.3 X109.028 Y110.99 E360.26474
G1 F343.8 X108.729 Y111.124 E360.30278
G1 F345.3 X108.458 Y111.29 E360.33951
G1 F345.8 X108.232 Y111.462 E360.37229
G1 F338 X107.881 Y111.804 E360.43015
G1 F338.5 X107.542 Y112.332 E360.50413
G1 F340.9 X107.332 Y112.915 E360.57668
G1 F343.8 X107.264 Y113.548 E360.65058
G1 X107.332 Y114.174 E360.72367
G1 F340.9 X107.545 Y114.765 E360.79722
G1 F339.5 X107.884 Y115.293 E360.87099
G1 F339 X108.233 Y115.634 E360.92844
G1 F346.3 X108.461 Y115.808 E360.9615
G1 F345.8 X108.732 Y115.972 E360.99806
G1 F344.8 X109.028 Y116.105 E361.03562
G1 X109.273 Y116.187 E361.06552
G1 F338.5 X109.767 Y116.286 E361.12492
G1 F339.9 X110 Y116.28 E361.15229
G0 F12000 X110 Y115.731
;TYPE:WALL-OUTER
G1 F600 X109.736 Y115.73 E361.16985
G1 X109.251 Y115.611 E361.20307
G1 X108.763 Y115.362 E361.23951
G1 X108.37 Y115.014 E361.27443
G1 X108.068 Y114.58 E361.3096
G1 X107.878 Y114.089 E361.34463
G1 X107.813 Y113.572 E361.37929
G1 X107.87 Y113.038 E361.41501
G1 X108.068 Y112.516 E361.45215
G1 X108.37 Y112.082 E361.48732
G1 X108.762 Y111.734 E361.52219
G1 X109.207 Y111.502 E361.55557
G1 X109.735 Y111.362 E361.59191
G1 X110.262 Y111.36 E361.62696
G1 X110.813 Y111.502 E361.66482
G1 X111.253 Y111.731 E361.69781
G1 X111.669 Y112.106 E361.73507
G1 X111.962 Y112.535 E361.76962
G1 X112.148 Y113.025 E361.80449
G1 X112.208 Y113.548 E361.83951
G1 X112.149 Y114.067 E361.87425
G1 X111.968 Y114.548 E361.90844
G1 X111.664 Y114.998 E361.94457
G1 X111.254 Y115.364 E361.98112
G1 X110.802 Y115.599 E362.01501
G1 X110.263 Y115.732 E362.05194
G1 X110 Y115.731 E362.06944
G0 F12000 X110 Y116.044
G0 X109.985 Y116.524
G0 X110 Y116.83
G1 F600 X110.547 Y116.801 E362.10587
G1 X111.229 Y116.609 E362.15301
G1 X111.859 Y116.277 E362.20038
G1 X112.409 Y115.809 E362.24841
G1 X112.835 Y115.248 E362.29527
G1 X113.137 Y114.595 E362.34313
G1 X113.288 Y113.906 E362.39005
G1 X113.288 Y113.19 E362.43768
G1 X113.137 Y112.496 E362.48492
G1 X112.835 Y111.845 E362.53266
G1 X112.406 Y111.283 E362.57969
G1 X111.858 Y110.815 E362.62763
G1 X111.229 Y110.483 E362.67494
G1 X110.543 Y110.291 E362.72233
G1 X109.828 Y110.257 E362.76995
G1 X109.126 Y110.37 E362.81724
G1 X108.467 Y110.63 E362.86437
G1 X107.871 Y111.038 E362.91241
G1 X107.381 Y111.554 E362.95975
G1 X107.015 Y112.161 E363.0069
G1 X106.789 Y112.839 E363.05444
G1 X106.714 Y113.548 E363.10187
G1 X106.789 Y114.256 E363.14923
G1 X107.019 Y114.935 E363.19691
G1 X107.385 Y115.542 E363.24406
G1 X107.871 Y116.058 E363.29122
G1 X108.471 Y116.465 E363.33944
G1 X109.126 Y116.725 E363.38632
G1 X109.831 Y116.839 E363.43383
G1 X110 Y116.83 E363.44509
;MESH:NONMESH
G0 F300 X110 Y116.83 Z48.39
G0 F12000 X110 Y116.28
;TIME_ELAPSED:416.230126
;LAYER:116
;note -- min layer time used
;TYPE:WALL-INNER
;MESH:barrel.obj
G1 F340.9 X110.404 Y116.269 E363.4924
G1 F342.4 X111.025 Y116.1 E363.56743
G1 F345.3 X111.55 Y115.823 E363.63604
G1 F344.8 X112.039 Y115.404 E363.71057
G1 F340.9 X112.404 Y114.902 E363.78324
G1 F339 X112.608 Y114.423 E363.84454
G1 F346.3 X112.676 Y114.181 E363.87351
G1 F345.8 X112.733 Y113.847 E363.91261
G1 F345.3 X112.748 Y113.548 E363.94721
G1 X112.733 Y113.249 E363.98181
G1 F338 X112.652 Y112.778 E364.03824
G1 F338.5 X112.408 Y112.199 E364.11233
G1 F339.9 X112.033 Y111.686 E364.18693
G1 F342.9 X111.549 Y111.271 E364.26115
G1 F344.3 X111.025 Y110.996 E364.32975
G1 F342.9 X110.398 Y110.822 E364.40549
G1 F340.9 X109.765 Y110.805 E364.47963
G1 F339 X109.272 Y110.908 E364.53893
G1 F344.3 X109.025 Y110.991 E364.56913
G1 F343.8 X108.732 Y111.123 E364.60643
G1 F345.3 X108.46 Y111.289 E364.64326
G1 F346.3 X108.232 Y111.463 E364.67632
G1 F339 X107.882 Y111.803 E364.73377
G1 X107.543 Y112.33 E364.80755
G1 F340.9 X107.333 Y112.913 E364.8801
G1 F342.9 X107.262 Y113.548 E364.95448
G1 F342.4 X107.332 Y114.175 E365.02803
G1 F339.9 X107.544 Y114.766 E365.10174
G1 F338 X107.879 Y115.289 E365.17508
G1 F338.5 X108.231 Y115.631 E365.23294
G1 F346.3 X108.459 Y115.806 E365.26607
G1 F345.8 X108.732 Y115.972 E365.30294
G1 F344.8 X109.03 Y116.106 E365.34076
G1 F345.8 X109.269 Y116.185 E365.36981
G1 F339.9 X109.769 Y116.287 E365.42973
G1 F340.9 X110 Y116.28 E365.45678
G0 F12000 X110 Y115.731
;TYPE:WALL-OUTER
G1 F600 X109.735 Y115.73 E365.47441
G1 X109.227 Y115.603 E365.50924
G1 X108.763 Y115.362 E365.54402
G1 X108.371 Y115.015 E365.57885
G1 X108.068 Y114.579 E365.61417
G1 X107.878 Y114.088 E365.64919
G1 X107.812 Y113.548 E365.68538
G1 X107.87 Y113.037 E365.71959
G1 X108.068 Y112.516 E365.75666
G1 X108.37 Y112.082 E365.79184
G1 X108.763 Y111.734 E365.82675
G1 X109.225 Y111.494 E365.86139
G1 X109.735 Y111.362 E365.89643
G1 X110.263 Y111.36 E365.93155
G1 X110.813 Y111.502 E365.96934
G1 X111.253 Y111.731 E366.00233
G1 X111.669 Y112.106 E366.03959
G1 X111.962 Y112.535 E366.07415
G1 X112.148 Y113.025 E366.10901
G1 X112.208 Y113.548 E366.14403
G1 X112.148 Y114.067 E366.17878
G1 X111.962 Y114.56 E366.21383
G1 X111.664 Y114.998 E366.24907
G1 X111.253 Y115.365 E366.28573
G1 X110.802 Y115.599 E366.31953
G1 X110.263 Y115.732 E366.35646
G1 X110 Y115.731 E366.37395
G0 F12000 X110 Y116.044
G0 X109.985 Y116.525
G0 X110 Y116.83
G1 F600 X110.543 Y116.801 E366.41012
G1 X111.229 Y116.613 E366.45744
G1 X111.858 Y116.277 E366.50488
G1 X112.405 Y115.814 E366.55255
G1 X112.835 Y115.251 E366.59967
G1 X113.137 Y114.6 E366.64741
G1 X113.288 Y113.906 E366.69465
G1 X113.288 Y113.19 E366.74228
G1 X113.137 Y112.496 E366.78953
G1 X112.835 Y111.845 E366.83727
G1 X112.406 Y111.283 E366.8843
G1 X111.858 Y110.815 E366.93223
G1 X111.229 Y110.483 E366.97955
G1 X110.543 Y110.291 E367.02693
G1 X109.832 Y110.254 E367.07429
G1 X109.123 Y110.37 E367.12208
G1 X108.471 Y110.63 E367.16877
G1 X107.871 Y111.038 E367.21704
G1 X107.381 Y111.554 E367.26438
G1 X107.015 Y112.161 E367.31153
G1 X106.789 Y112.836 E367.35888
G1 X106.71 Y113.548 E367.40653
G1 X106.789 Y114.256 E367.45392
G1 X107.015 Y114.931 E367.50127
G1 X107.38 Y115.542 E367.54861
G1 X107.871 Y116.054 E367.5958
G1 X108.471 Y116.465 E367.64418
G1 X109.122 Y116.721 E367.69071
G1 X109.832 Y116.839 E367.73859
G1 X110 Y116.83 E367.74978
;MESH:NONMESH
G0 F300 X110 Y116.83 Z48.79
G0 F12000 X110 Y116.28
;TIME_ELAPSED:423.020467
;LAYER:117
;note -- min layer time used
;TYPE:WALL-INNER
;MESH:barrel.obj
G1 F340.9 X110.404 Y116.269 E367.7971
G1 F342.4 X111.025 Y116.1 E367.87212
G1 F345.3 X111.55 Y115.823 E367.94073
G1 F344.8 X112.039 Y115.404 E368.01527
G1 F340.9 X112.404 Y114.902 E368.08793
G1 F339 X112.608 Y114.423 E368.14923
G1 F346.3 X112.676 Y114.181 E368.1782
G1 F345.8 X112.733 Y113.847 E368.21731
G1 F345.3 X112.748 Y113.548 E368.25191
G1 X112.733 Y113.249 E368.28651
G1 F338 X112.652 Y112.778 E368.34294
G1 F338.5 X112.408 Y112.199 E368.41702
G1 F339.9 X112.033 Y111.686 E368.49163
G1 F342.9 X111.549 Y111.271 E368.56585
G1 F344.3 X111.025 Y110.996 E368.63444
G1 F342.9 X110.398 Y110.822 E368.71019
G1 F340.9 X109.765 Y110.805 E368.78432
G1 F339 X109.272 Y110.908 E368.84362
G1 F344.3 X109.025 Y110.991 E368.87383
G1 F343.8 X108.732 Y111.123 E368.91113
G1 F345.3 X108.46 Y111.289 E368.94796
G1 F346.3 X108.232 Y111.463 E368.98101
G1 F339 X107.882 Y111.803 E369.03846
G1 X107.543 Y112.33 E369.11224
G1 F340.9 X107.333 Y112.913 E369.18479
G1 F342.9 X107.262 Y113.548 E369.25917
G1 F342.4 X107.332 Y114.175 E369.33272
G1 F339.9 X107.544 Y114.766 E369.40644
G1 F338 X107.879 Y115.289 E369.47977
G1 F338.5 X108.231 Y115.631 E369.53764
G1 F346.3 X108.459 Y115.806 E369.57076
G1 F345.8 X108.732 Y115.972 E369.60764
G1 F344.8 X109.03 Y116.106 E369.64546
G1 F345.8 X109.269 Y116.185 E369.67451
G1 F339.9 X109.769 Y116.287 E369.73442
G1 F340.9 X110 Y116.28 E369.76148
G0 F12000 X110 Y115.731
;TYPE:WALL-OUTER
G1 F600 X109.735 Y115.73 E369.77911
G1 X109.227 Y115.603 E369.81394
G1 X108.763 Y115.362 E369.84872
G1 X108.371 Y115.015 E369.88354
G1 X108.068 Y114.579 E369.91886
G1 X107.878 Y114.088 E369.95388
G1 X107.813 Y113.572 E369.98848
G1 X107.87 Y113.037 E370.02427
G1 X108.068 Y112.516 E370.06135
G1 X108.37 Y112.082 E370.09652
G1 X108.763 Y111.734 E370.13144
G1 X109.225 Y111.494 E370.16607
G1 X109.735 Y111.362 E370.20111
G1 X110.263 Y111.36 E370.23623
G1 X110.813 Y111.502 E370.27402
G1 X111.253 Y111.731 E370.30702
G1 X111.669 Y112.106 E370.34427
G1 X111.962 Y112.535 E370.37883
G1 X112.148 Y113.025 E370.41369
G1 X112.208 Y113.548 E370.44871
G1 X112.148 Y114.067 E370.48347
G1 X111.962 Y114.56 E370.51852
G1 X111.664 Y114.998 E370.55376
G1 X111.253 Y115.365 E370.59041
G1 X110.802 Y115.599 E370.62421
G1 X110.263 Y115.732 E370.66114
G1 X110 Y115.731 E370.67863
G0 F12000 X110 Y116.044
G0 X109.985 Y116.525
G0 X110 Y116.83
G1 F600 X110.543 Y116.801 E370.7148
G1 X111.229 Y116.613 E370.76212
G1 X111.858 Y116.277 E370.80956
G1 X112.405 Y115.814 E370.85723
G1 X112.835 Y115.251 E370.90435
G1 X113.137 Y114.6 E370.95209
G1 X113.288 Y113.906 E370.99934
G1 X113.288 Y113.19 E371.04696
G1 X113.137 Y112.496 E371.09421
G1 X112.835 Y111.845 E371.14195
G1 X112.406 Y111.283 E371.18898
G1 X111.858 Y110.815 E371.23692
G1 X111.229 Y110.483 E371.28423
G1 X110.543 Y110.291 E371.33161
G1 X109.832 Y110.254 E371.37897
G1 X109.123 Y110.37 E371.42676
G1 X108.471 Y110.63 E371.47346
G1 X107.871 Y111.038 E371.52172
G1 X107.381 Y111.554 E371.56906
G1 X107.015 Y112.161 E371.61621
G1 X106.789 Y112.836 E371.66356
G1 X106.71 Y113.548 E371.71121
G1 X106.789 Y114.256 E371.7586
G1 X107.015 Y114.931 E371.80595
G1 X107.38 Y115.542 E371.8533
G1 X107.871 Y116.054 E371.90048
G1 X108.471 Y116.465 E371.94886
G1 X109.122 Y116.721 E371.99539
G1 X109.832 Y116.839 E372.04327
G1 X110 Y116.83 E372.05446
;MESH:NONMESH
G0 F300 X110 Y116.83 Z49.19
G0 F12000 X110 Y116.28
;TIME_ELAPSED:429.810788
;LAYER:118
;note -- min layer time used
;TYPE:WALL-INNER
;MESH:barrel.obj
G1 F340.9 X110.404 Y116.269 E372.10178
G1 F342.4 X111.025 Y116.1 E372.17681
G1 F345.3 X111.55 Y115.823 E372.24541
G1 F344.8 X112.039 Y115.404 E372.31995
G1 F340.9 X112.404 Y114.902 E372.39261
G1 F339 X112.608 Y114.423 E372.45391
G1 F346.3 X112.676 Y114.181 E372.48288
G1 F345.8 X112.733 Y113.847 E372.52199
G1 F345.3 X112.748 Y113.548 E372.55659
G1 X112.733 Y113.249 E372.59119
G1 F338 X112.652 Y112.778 E372.64762
G1 F338.5 X112.408 Y112.199 E372.7217
G1 F339.9 X112.033 Y111.686 E372.79631
G1 F342.9 X111.549 Y111.271 E372.87053
G1 F344.3 X111.025 Y110.996 E372.93912
G1 F342.9 X110.398 Y110.822 E373.01487
G1 F340.9 X109.765 Y110.805 E373.08901
G1 F339 X109.272 Y110.908 E373.1483
G1 F344.3 X109.025 Y110.991 E373.17851
G1 F343.8 X108.732 Y111.123 E373.21581
G1 F345.3 X108.46 Y111.289 E373.25264
G1 F346.3 X108.232 Y111.463 E373.28569
G1 F339 X107.882 Y111.803 E373.34315
G1 X107.543 Y112.33 E373.41693
G1 F340.9 X107.333 Y112.913 E373.48947
G1 F342.9 X107.262 Y113.548 E373.56385
G1 F342.4 X107.332 Y114.175 E373.6374
G1 F339.9 X107.544 Y114.766 E373.71112
G1 F338 X107.879 Y115.289 E373.78445
G1 F338.5 X108.231 Y115.631 E373.84232
G1 F346.3 X108.459 Y115.806 E373.87545
G1 F345.8 X108.732 Y115.972 E373.91232
G1 F344.8 X109.03 Y116.106 E373.95014
G1 F345.8 X109.269 Y116.185 E373.97919
G1 F339.9 X109.769 Y116.287 E374.0391
G1 F340.9 X110 Y116.28 E374.06616
G0 F12000 X110 Y115.731
;TYPE:WALL-OUTER
G1 F600 X109.735 Y115.73 E374.08379
G1 X109.227 Y115.603 E374.11862
G1 X108.763 Y115.362 E374.1534
G1 X108.371 Y115.015 E374.18823
G1 X108.068 Y114.579 E374.22354
G1 X107.878 Y114.088 E374.25857
G1 X107.813 Y113.572 E374.29316
G1 X107.87 Y113.037 E374.32895
G1 X108.068 Y112.516 E374.36603
G1 X108.37 Y112.082 E374.4012
G1 X108.763 Y111.734 E374.43612
G1 X109.225 Y111.494 E374.47075
G1 X109.735 Y111.362 E374.50579
G1 X110.263 Y111.36 E374.54092
G1 X110.813 Y111.502 E374.5787
G1 X111.253 Y111.731 E374.6117
G1 X111.669 Y112.106 E374.64895
G1 X111.962 Y112.535 E374.68351
G1 X112.148 Y113.025 E374.71838
G1 X112.208 Y113.548 E374.75339
G1 X112.148 Y114.067 E374.78815
G1 X111.962 Y114.56 E374.8232
G1 X111.664 Y114.998 E374.85844
G1 X111.253 Y115.365 E374.89509
G1 X110.802 Y115.599 E374.92889
G1 X110.263 Y115.732 E374.96582
G1 X110 Y115.731 E374.98331
G0 F12000 X110 Y116.044
G0 X109.985 Y116.525
G0 X110 Y116.83
G1 F600 X110.543 Y116.801 E375.01949
G1 X111.229 Y116.613 E375.0668
G1 X111.858 Y116.277 E375.11424
G1 X112.405 Y115.814 E375.16191
G1 X112.835 Y115.251 E375.20904
G1 X113.137 Y114.6 E375.25677
G1 X113.288 Y113.906 E375.30402
G1 X113.288 Y113.19 E375.35165
G1 X113.137 Y112.496 E375.39889
G1 X112.835 Y111.845 E375.44663
G1 X112.406 Y111.283 E375.49366
G1 X111.858 Y110.815 E375.5416
G1 X111.229 Y110.483 E375.58891
G1 X110.543 Y110.291 E375.6363
G1 X109.832 Y110.254 E375.68366
G1 X109.123 Y110.37 E375.73145
G1 X108.471 Y110.63 E375.77814
G1 X107.871 Y111.038 E375.8264
G1 X107.381 Y111.554 E375.87374
G1 X107.015 Y112.161 E375.92089
G1 X106.789 Y112.836 E375.96824
G1 X106.71 Y113.548 E376.01589
G1 X106.789 Y114.256 E376.06328
G1 X107.015 Y114.931 E376.11063
G1 X107.38 Y115.542 E376.15798
G1 X107.871 Y116.054 E376.20517
G1 X108.471 Y116.465 E376.25354
G1 X109.122 Y116.721 E376.30008
G1 X109.832 Y116.839 E376.34795
G1 X110 Y116.83 E376.35914
;MESH:NONMESH
G0 F300 X110 Y116.83 Z49.59
G0 F12000 X110 Y116.28
;TIME_ELAPSED:436.601110
;LAYER:119
;note -- min layer time used
;TYPE:WALL-INNER
;MESH:barrel.obj
G1 F340.9 X110.404 Y116.269 E376.40646
G1 F342.4 X111.025 Y116.1 E376.48149
G1 F345.3 X111.55 Y115.823 E376.5501
G1 F344.8 X112.039 Y115.404 E376.62463
G1 F340.9 X112.404 Y114.902 E376.6973
G1 F339 X112.608 Y114.423 E376.7586
G1 F346.3 X112.676 Y114.181 E376.78756
G1 F345.8 X112.733 Y113.847 E376.82667
G1 F345.3 X112.748 Y113.548 E376.86127
G1 X112.733 Y113.249 E376.89587
G1 F338 X112.652 Y112.778 E376.9523
G1 F338.5 X112.408 Y112.199 E377.02638
G1 F339.9 X112.033 Y111.686 E377.10099
G1 F342.9 X111.549 Y111.271 E377.17521
G1 F344.3 X111.025 Y110.996 E377.2438
G1 F342.9 X110.398 Y110.822 E377.31955
G1 F340.9 X109.765 Y110.805 E377.39369
G1 F339 X109.272 Y110.908 E377.45299
G1 F344.3 X109.025 Y110.991 E377.48319
G1 F343.8 X108.732 Y111.123 E377.52049
G1 F345.3 X108.46 Y111.289 E377.55732
G1 F346.3 X108.232 Y111.463 E377.59038
G1 F339 X107.882 Y111.803 E377.64783
G1 X107.543 Y112.33 E377.72161
G1 F340.9 X107.333 Y112.913 E377.79416
G1 F342.9 X107.262 Y113.548 E377.86854
G1 F342.4 X107.332 Y114.175 E377.94208
G1 F339.9 X107.544 Y114.766 E378.0158
G1 F338 X107.879 Y115.289 E378.08914
G1 F338.5 X108.231 Y115.631 E378.147
G1 F346.3 X108.459 Y115.806 E378.18013
G1 F345.8 X108.732 Y115.972 E378.217
G1 F344.8 X109.03 Y116.106 E378.25482
G1 F345.8 X109.269 Y116.185 E378.28387
G1 F339.9 X109.769 Y116.287 E378.34379
G1 F340.9 X110 Y116.28 E378.37084
G0 F12000 X110 Y115.731
;TYPE:WALL-OUTER
G1 F600 X109.735 Y115.73 E378.38847
G1 X109.227 Y115.603 E378.4233
G1 X108.763 Y115.362 E378.45808
G1 X108.371 Y115.015 E378.49291
G1 X108.068 Y114.579 E378.52823
G1 X107.878 Y114.088 E378.56325
G1 X107.813 Y113.572 E378.59784
G1 X107.87 Y113.037 E378.63363
G1 X108.068 Y112.516 E378.67071
G1 X108.37 Y112.082 E378.70588
G1 X108.763 Y111.734 E378.7408
G1 X109.225 Y111.494 E378.77543
G1 X109.735 Y111.362 E378.81047
G1 X110.263 Y111.36 E378.8456
G1 X110.813 Y111.502 E378.88338
G1 X111.253 Y111.731 E378.91638
G1 X111.669 Y112.106 E378.95364
G1 X111.962 Y112.535 E378.98819
G1 X112.148 Y113.025 E379.02306
G1 X112.208 Y113.548 E379.05808
G1 X112.148 Y114.067 E379.09283
G1 X111.962 Y114.56 E379.12788
G1 X111.664 Y114.998 E379.16312
G1 X111.253 Y115.365 E379.19977
G1 X110.802 Y115.599 E379.23357
G1 X110.263 Y115.732 E379.2705
G1 X110 Y115.731 E379.288
G0 F12000 X110 Y116.044
G0 X109.985 Y116.525
G0 X110 Y116.83
G1 F600 X110.543 Y116.801 E379.32417
G1 X111.229 Y116.613 E379.37148
G1 X111.858 Y116.277 E379.41892
G1 X112.405 Y115.814 E379.46659
G1 X112.835 Y115.251 E379.51372
G1 X113.137 Y114.6 E379.56145
G1 X113.288 Y113.906 E379.6087
G1 X113.288 Y113.19 E379.65633
G1 X113.137 Y112.496 E379.70357
G1 X112.835 Y111.845 E379.75131
G1 X112.406 Y111.283 E379.79834
G1 X111.858 Y110.815 E379.84628
G1 X111.229 Y110.483 E379.89359
G1 X110.543 Y110.291 E379.94098
G1 X109.832 Y110.254 E379.98834
G1 X109.123 Y110.37 E380.03613
G1 X108.471 Y110.63 E380.08282
G1 X107.871 Y111.038 E380.13109
G1 X107.381 Y111.554 E380.17842
G1 X107.015 Y112.161 E380.22557
G1 X106.789 Y112.836 E380.27292
G1 X106.71 Y113.548 E380.32058
G1 X106.789 Y114.256 E380.36796
G1 X107.015 Y114.931 E380.41532
G1 X107.38 Y115.542 E380.46266
G1 X107.871 Y116.054 E380.50985
G1 X108.471 Y116.465 E380.55823
G1 X109.122 Y116.721 E380.60476
G1 X109.832 Y116.839 E380.65264
G1 X110 Y116.83 E380.66383
;MESH:NONMESH
G0 F300 X110 Y116.83 Z49.99
G0 F12000 X109.985 Y116.525
G0 X110 Y116.044
G0 X110 Y115.779
;TIME_ELAPSED:443.416413
;LAYER:120
;note -- min layer time used
;TYPE:WALL-OUTER
;MESH:barrel.obj
G1 F481.9 X109.734 Y115.779 E380.68586
G1 F480 X109.214 Y115.652 E380.73037
G1 F481 X108.734 Y115.399 E380.77539
G1 F481.9 X108.328 Y115.041 E380.82022
G1 F481 X108.018 Y114.588 E380.86577
G1 F481.9 X107.828 Y114.092 E380.90976
G1 X107.763 Y113.548 E380.95513
G1 X107.827 Y113.007 E381.00025
G1 F481 X108.016 Y112.509 E381.04445
G1 X108.329 Y112.055 E381.09021
G1 X108.732 Y111.696 E381.135
G1 F478.1 X109.213 Y111.444 E381.18033
G1 F479 X109.738 Y111.313 E381.22542
G1 F481.9 X110.282 Y111.313 E381.27047
G1 F480 X110.802 Y111.444 E381.31506
G1 X111.29 Y111.698 E381.3608
G1 F481 X111.688 Y112.051 E381.40495
G1 F480 X112.002 Y112.505 E381.45085
G1 F481 X112.193 Y113.004 E381.49519
G1 F481.9 X112.257 Y113.544 E381.54022
G1 F482.9 X112.193 Y114.088 E381.58549
G1 F483.9 X112.002 Y114.588 E381.62964
G1 F482.9 X111.692 Y115.038 E381.67481
G1 F483.9 X111.287 Y115.399 E381.71956
G1 X110.803 Y115.65 E381.76453
G1 F481.9 X110.282 Y115.779 E381.80898
G1 X110 Y115.779 E381.83234
;TIME_ELAPSED:445.182114
;LAYER:121
;note -- min layer time used
;MESH:barrel.obj
G0 F12000 X110 Y115.779 Z50.39
;TYPE:WALL-OUTER
G1 F481.9 X109.738 Y115.779 E381.85404
G1 X109.213 Y115.649 E381.89883
G1 F483.9 X108.733 Y115.398 E381.94351
G1 F482.9 X108.328 Y115.041 E381.98813
G1 F480 X108.016 Y114.587 E382.03393
G1 F481 X107.827 Y114.088 E382.07821
G1 F480 X107.761 Y113.548 E382.12345
G1 X107.827 Y113.004 E382.16901
G1 F481 X108.016 Y112.509 E382.21298
G1 F479 X108.329 Y112.052 E382.25913
G1 F480 X108.73 Y111.698 E382.30361
G1 X109.214 Y111.444 E382.34906
G1 X109.738 Y111.313 E382.39397
G1 F481.9 X110.282 Y111.313 E382.43903
G1 F480 X110.802 Y111.444 E382.48362
G1 X111.29 Y111.698 E382.52936
G1 F481 X111.688 Y112.051 E382.57351
G1 X112.002 Y112.508 E382.61952
G1 F481.9 X112.193 Y113.004 E382.66354
G1 X112.257 Y113.548 E382.7089
G1 F482.9 X112.193 Y114.088 E382.75385
G1 F483.9 X112.002 Y114.588 E382.79799
G1 F482.9 X111.692 Y115.041 E382.84336
G1 F483.9 X111.287 Y115.398 E382.8879
G1 X110.803 Y115.65 E382.93291
G1 F481.9 X110.282 Y115.779 E382.97736
G1 X110 Y115.779 E383.00071
;TIME_ELAPSED:447.075260
;LAYER:122
;note -- min layer time used
;MESH:barrel.obj
G0 F12000 X110 Y115.779 Z50.79
;TYPE:WALL-OUTER
G1 F481.9 X109.738 Y115.779 E383.02241
G1 F481 X109.213 Y115.649 E383.06729
G1 F482.9 X108.733 Y115.398 E383.11206
G1 X108.328 Y115.041 E383.15668
G1 F480 X108.016 Y114.587 E383.20249
G1 F481.9 X107.827 Y114.088 E383.24668
G1 F481 X107.761 Y113.548 E383.29182
G1 F480 X107.827 Y113.004 E383.33739
G1 F481 X108.016 Y112.509 E383.38136
G1 F479 X108.329 Y112.052 E383.42751
G1 F480 X108.73 Y111.698 E383.47199
G1 X109.214 Y111.444 E383.51744
G1 X109.738 Y111.313 E383.56235
G1 F481.9 X110.282 Y111.313 E383.6074
G1 F481 X110.802 Y111.443 E383.65188
G1 F480 X111.289 Y111.699 E383.69763
G1 X111.688 Y112.051 E383.74187
G1 F481 X112.002 Y112.508 E383.78788
G1 F480 X112.191 Y113.005 E383.8321
G1 X112.257 Y113.548 E383.87758
G1 F482.9 X112.193 Y114.088 E383.92252
G1 F483.9 X112.002 Y114.588 E383.96667
G1 F482.9 X111.692 Y115.041 E384.01204
G1 F483.9 X111.287 Y115.398 E384.05657
G1 X110.803 Y115.65 E384.10158
G1 F481.9 X110.282 Y115.779 E384.14604
G1 X110 Y115.779 E384.16939
;TIME_ELAPSED:448.968864
G1 F2700 E379.16939
M140 S0
M107
G91 ;Relative positioning
G1 E-2 F2700 ;Retract a bit
G1 E-2 Z0.2 F2400 ;Retract and raise Z
G1 X5 Y5 F3000 ;Wipe out
G1 Z10 ;Raise Z more
G90 ;Absolute positioning

G28 X0 Y0 ;Present print
M106 S0 ;Turn-off fan
M104 S0 ;Turn-off hotend
M140 S0 ;Turn-off bed

M84 X Y E ;Disable all steppers but Z

M82 ;absolute extrusion mode
M104 S0
;End of Gcode
;SETTING_3 {"global_quality": "[general]\\nversion = 4\\nname = PLA - brim\\ndef
;SETTING_3 inition = creality_ender5\\n\\n[metadata]\\ntype = quality_changes\\n
;SETTING_3 quality_type = standard\\nsetting_version = 24\\n\\n[values]\\nadhesi
;SETTING_3 on_type = raft\\nlayer_height = 0.4\\nmaterial_bed_temperature = 50\\
;SETTING_3 nmaterial_bed_temperature_layer_0 = 55\\n\\n", "extruder_quality": ["
;SETTING_3 [general]\\nversion = 4\\nname = PLA - brim\\ndefinition = creality_e
;SETTING_3 nder5\\n\\n[metadata]\\ntype = quality_changes\\nquality_type = stand
;SETTING_3 ard\\nintent_category = default\\nposition = 0\\nsetting_version = 24
;SETTING_3 \\n\\n[values]\\ninfill_sparse_density = 100\\nmaterial_print_tempera
;SETTING_3 ture_layer_0 = 205\\nraft_margin = 5\\n\\n"]}
