# FreeCAD v1.1 build0 Arch module
# https://www.freecad.org
mtllib ir_cam_base.mtl
o Fusion002001053
usemtl color_adb5bd
v -2.0 67.0 -1.0
v -2.0 46.943645 12.585521
v -2.0 47.037388 12.676371
v -2.0 47.126526 12.771741
v -2.0 46.845531 12.499413
v -2.0 47.210842 12.871399
v -2.0 46.743282 12.418259
v -2.0 47.290134 12.975101
v -2.0 46.63715 12.342254
v -2.0 47.364204 13.082593
v -2.0 46.52739 12.271586
v -2.0 47.432877 13.193614
v -2.0 46.414272 12.206427
v -2.0 47.495975 13.307891
v -2.0 46.298077 12.146936
v -2.0 47.553352 13.425147
v -2.0 46.179081 12.093259
v -2.0 47.604866 13.545094
v -2.0 46.057579 12.045526
v -2.0 47.650394 13.667439
v -2.0 45.933868 12.003854
v -2.0 47.689819 13.791885
v -2.0 45.808247 11.968345
v -2.0 47.723049 13.918127
v -2.0 45.681026 11.939085
v -2.0 47.75 14.045856
v -2.0 45.552517 11.916147
v -2.0 45.423031 11.899586
v -2.0 45.292885 11.889442
v -2.0 47.75 22.045856
v -2.0 67.0 40.0
v -2.0 47.609013 22.267811
v -2.0 47.457481 22.482708
v -2.0 47.295765 22.690046
v -2.0 47.124233 22.889341
v -2.0 46.943287 23.080133
v -2.0 46.753353 23.261974
v -2.0 46.554867 23.434443
v -2.0 46.348293 23.597136
v -2.0 46.134113 23.749676
v -2.0 45.912823 23.891708
v -2.0 45.68494 24.022903
v -2.0 45.450996 24.142952
v -2.0 45.211536 24.251577
v -2.0 44.967113 24.348528
v -2.0 44.718296 24.433575
v -2.0 44.465672 24.506521
v -2.0 44.20982 24.5672
v -2.0 43.951336 24.615465
v -2.0 43.69083 24.651207
v -2.0 41.465 24.984385
v -2.0 39.225407 25.206957
v -2.0 36.977539 25.31838
v -2.0 5.0 -1.0
v -2.0 26.310383 11.889442
v -2.0 24.274813 13.916211
v -2.0 24.25 14.045856
v -2.0 24.306057 13.787965
v -2.0 24.343655 13.661436
v -2.0 24.387514 13.536939
v -2.0 24.437527 13.414783
v -2.0 24.493565 13.295271
v -2.0 24.555492 13.178702
v -2.0 24.623154 13.065365
v -2.0 24.696381 12.955542
v -2.0 24.774992 12.849506
v -2.0 24.858791 12.74752
v -2.0 24.947569 12.649839
v -2.0 25.041107 12.556705
v -2.0 25.139172 12.468351
v -2.0 25.24152 12.384995
v -2.0 25.347895 12.306844
v -2.0 25.458035 12.234094
v -2.0 25.571665 12.166924
v -2.0 25.688499 12.105502
v -2.0 25.808252 12.049982
v -2.0 25.930624 12.000501
v -2.0 26.055311 11.95718
v -2.0 26.182003 11.920131
v -2.0 24.25 22.045856
v -2.0 30.239452 24.984385
v -2.0 5.0 40.0
v -2.0 32.479046 25.206957
v -2.0 28.013624 24.651207
v -2.0 27.756245 24.600052
v -2.0 27.501625 24.536568
v -2.0 27.250357 24.460901
v -2.0 27.003021 24.373228
v -2.0 26.760195 24.27375
v -2.0 26.522436 24.162699
v -2.0 26.2903 24.040333
v -2.0 26.064323 23.906933
v -2.0 25.845028 23.762812
v -2.0 25.632925 23.608301
v -2.0 25.428507 23.44376
v -2.0 25.232244 23.269569
v -2.0 25.044594 23.086134
v -2.0 24.865992 22.893879
v -2.0 24.69685 22.693249
v -2.0 24.537561 22.484709
v -2.0 24.388496 22.268745
v -2.0 34.726913 25.31838
v 0.0 3.0 40.0
v -1.995182 4.80373 40.0
v -1.980739 4.607932 40.0
v -1.956706 4.413078 40.0
v -1.923141 4.219639 40.0
v -1.880125 4.02808 40.0
v -1.827761 3.838861 40.0
v -1.766176 3.652441 40.0
v -1.695518 3.469266 40.0
v -1.615957 3.28978 40.0
v -1.527685 3.114413 40.0
v -1.430914 2.943589 40.0
v -1.325879 2.777719 40.0
v -1.21283 2.617203 40.0
v -1.092042 2.462427 40.0
v -0.963804 2.313764 40.0
v -0.828427 2.171573 40.0
v -0.686236 2.036196 40.0
v -0.537573 1.907958 40.0
v -0.382797 1.78717 40.0
v -0.222281 1.674121 40.0
v -0.056411 1.569086 40.0
v 0.114413 1.472315 40.0
v 0.28978 1.384043 40.0
v 0.469266 1.304482 40.0
v 0.652441 1.233824 40.0
v 0.838861 1.172239 40.0
v 1.028079 1.119875 40.0
v 1.219639 1.076859 40.0
v 1.413078 1.043294 40.0
v 1.607931 1.019261 40.0
v 1.803729 1.004818 40.0
v 2.0 1.0 40.0
v 0.0 69.0 40.0
v -1.995182 67.196274 40.0
v -1.980739 67.392067 40.0
v -1.956706 67.586922 40.0
v -1.923141 67.780365 40.0
v -1.880125 67.971924 40.0
v -1.827761 68.16114 40.0
v -1.766176 68.347557 40.0
v -1.695518 68.530731 40.0
v -1.615957 68.71022 40.0
v -1.527685 68.88559 40.0
v -1.430914 69.056412 40.0
v -1.325879 69.222282 40.0
v -1.21283 69.382797 40.0
v -1.092042 69.537575 40.0
v -0.963804 69.686234 40.0
v -0.828427 69.82843 40.0
v 66.0 3.0 40.0
v 64.0 1.0 40.0
v 64.196274 1.004818 40.0
v 64.392067 1.019261 40.0
v 64.586922 1.043294 40.0
v 64.780365 1.076859 40.0
v 64.971924 1.119875 40.0
v 65.16114 1.172239 40.0
v 65.347557 1.233824 40.0
v 65.530731 1.304482 40.0
v 65.71022 1.384043 40.0
v 65.88559 1.472315 40.0
v 66.056412 1.569086 40.0
v 66.222282 1.674121 40.0
v 66.382797 1.78717 40.0
v 66.537575 1.907958 40.0
v 66.686234 2.036196 40.0
v 66.82843 2.171573 40.0
v -0.686236 69.963806 40.0
v 66.963806 2.313764 40.0
v 67.092041 2.462427 40.0
v -0.537573 70.092041 40.0
v -0.382797 70.21283 40.0
v 67.21283 2.617203 40.0
v -0.222281 70.325882 40.0
v 67.325882 2.777719 40.0
v -0.056411 70.430916 40.0
v 67.430916 2.943589 40.0
v 0.114413 70.527687 40.0
v 67.527687 3.114413 40.0
v 0.28978 70.615959 40.0
v 67.615959 3.28978 40.0
v 0.469266 70.695518 40.0
v 67.695518 3.469266 40.0
v 0.652441 70.766174 40.0
v 67.766174 3.652441 40.0
v 0.838861 70.827759 40.0
v 67.827759 3.838861 40.0
v 1.028079 70.880127 40.0
v 67.880127 4.02808 40.0
v 1.219639 70.923141 40.0
v 67.923141 4.219639 40.0
v 1.413078 70.956703 40.0
v 67.956703 4.413078 40.0
v 1.607931 70.980736 40.0
v 67.980736 4.607932 40.0
v 1.803729 70.995178 40.0
v 67.995178 4.80373 40.0
v 68.0 5.0 40.0
v 64.0 71.0 40.0
v 66.0 69.0 40.0
v 68.0 67.0 40.0
v 64.196274 70.995178 40.0
v 67.995178 67.196274 40.0
v 64.392067 70.980736 40.0
v 67.980736 67.392067 40.0
v 64.586922 70.956703 40.0
v 67.956703 67.586922 40.0
v 64.780365 70.923141 40.0
v 67.923141 67.780365 40.0
v 64.971924 70.880127 40.0
v 67.880127 67.971924 40.0
v 65.16114 70.827759 40.0
v 67.827759 68.16114 40.0
v 65.347557 70.766174 40.0
v 67.766174 68.347557 40.0
v 65.530731 70.695518 40.0
v 67.695518 68.530731 40.0
v 65.71022 70.615959 40.0
v 67.615959 68.71022 40.0
v 65.88559 70.527687 40.0
v 67.527687 68.88559 40.0
v 66.056412 70.430916 40.0
v 67.430916 69.056412 40.0
v 66.222282 70.325882 40.0
v 67.325882 69.222282 40.0
v 66.382797 70.21283 40.0
v 67.21283 69.382797 40.0
v 66.537575 70.092041 40.0
v 67.092041 69.537575 40.0
v 66.686234 69.963806 40.0
v 66.963806 69.686234 40.0
v 66.82843 69.82843 40.0
v -1.995182 4.80373 -1.0
v -1.980739 4.607932 -1.0
v -1.956706 4.413078 -1.0
v -1.923141 4.219639 -1.0
v -1.880125 4.02808 -1.0
v -1.827761 3.838861 -1.0
v -1.766176 3.652441 -1.0
v -1.695518 3.469266 -1.0
v -1.615957 3.28978 -1.0
v -1.527685 3.114413 -1.0
v -1.430914 2.943589 -1.0
v -1.325879 2.777719 -1.0
v -1.21283 2.617203 -1.0
v -1.092042 2.462427 -1.0
v -0.963804 2.313764 -1.0
v -0.828427 2.171573 -1.0
v -0.686236 2.036196 -1.0
v -0.537573 1.907958 -1.0
v -0.382797 1.78717 -1.0
v -0.222281 1.674121 -1.0
v -0.056411 1.569086 -1.0
v 0.114413 1.472315 -1.0
v 0.28978 1.384043 -1.0
v 0.469266 1.304482 -1.0
v 0.652441 1.233824 -1.0
v 0.838861 1.172239 -1.0
v 1.028079 1.119875 -1.0
v 1.219639 1.076859 -1.0
v 1.413078 1.043294 -1.0
v 1.607931 1.019261 -1.0
v 1.803729 1.004818 -1.0
v 2.0 1.0 -1.0
v -1.995182 67.196274 -1.0
v -1.980739 67.392067 -1.0
v -1.956706 67.586922 -1.0
v -1.923141 67.780365 -1.0
v -1.880125 67.971924 -1.0
v -1.827761 68.16114 -1.0
v -1.766176 68.347557 -1.0
v -1.695518 68.530731 -1.0
v -1.615957 68.71022 -1.0
v -1.527685 68.88559 -1.0
v -1.430914 69.056412 -1.0
v -1.325879 69.222282 -1.0
v -1.21283 69.382797 -1.0
v -1.092042 69.537575 -1.0
v -0.963804 69.686234 -1.0
v -0.828427 69.82843 -1.0
v -0.686236 69.963806 -1.0
v -0.537573 70.092041 -1.0
v -0.382797 70.21283 -1.0
v -0.222281 70.325882 -1.0
v -0.056411 70.430916 -1.0
v 0.114413 70.527687 -1.0
v 0.28978 70.615959 -1.0
v 0.469266 70.695518 -1.0
v 0.652441 70.766174 -1.0
v 0.838861 70.827759 -1.0
v 1.028079 70.880127 -1.0
v 1.219639 70.923141 -1.0
v 1.413078 70.956703 -1.0
v 1.607931 70.980736 -1.0
v 1.803729 70.995178 -1.0
v 19.266949 35.319828 -1.0
v 19.301764 35.284134 -1.0
v 19.338314 35.250217 -1.0
v 19.233955 35.357212 -1.0
v 19.376511 35.21817 -1.0
v 19.202868 35.396194 -1.0
v 19.416256 35.188061 -1.0
v 19.173761 35.43668 -1.0
v 19.457455 35.159973 -1.0
v 19.146709 35.478565 -1.0
v 19.5 35.133976 -1.0
v 19.121778 35.521748 -1.0
v 19.543789 35.110126 -1.0
v 19.099031 35.566116 -1.0
v 19.588713 35.088493 -1.0
v 19.078524 35.611565 -1.0
v 19.634659 35.069126 -1.0
v 19.060307 35.657978 -1.0
v 19.681513 35.052074 -1.0
v 19.044428 35.705246 -1.0
v 19.72916 35.037376 -1.0
v 19.030922 35.753242 -1.0
v 19.777479 35.02507 -1.0
v 19.019827 35.801853 -1.0
v 19.826351 35.015194 -1.0
v 19.011169 35.850956 -1.0
v 19.875656 35.007759 -1.0
v 19.004969 35.900433 -1.0
v 19.92527 35.002796 -1.0
v 19.001244 35.950153 -1.0
v 19.975069 35.000309 -1.0
v 19.0 36.0 -1.0
v 20.024931 35.000309 -1.0
v 20.07473 35.002796 -1.0
v 41.766949 21.819828 -1.0
v 41.801762 21.784134 -1.0
v 41.838314 21.750219 -1.0
v 41.733955 21.857212 -1.0
v 41.876511 21.718168 -1.0
v 41.702866 21.896196 -1.0
v 41.916256 21.688063 -1.0
v 41.673759 21.93668 -1.0
v 41.957455 21.659973 -1.0
v 41.646709 21.978565 -1.0
v 42.0 21.633974 -1.0
v 41.621777 22.021746 -1.0
v 42.043789 21.610128 -1.0
v 41.59903 22.066116 -1.0
v 42.088715 21.588493 -1.0
v 20.124344 35.007759 -1.0
v 41.578526 22.111565 -1.0
v 42.134659 21.569126 -1.0
v 20.173649 35.015194 -1.0
v 41.560307 22.15798 -1.0
v 42.181515 21.552073 -1.0
v 41.544426 22.205244 -1.0
v 20.222521 35.02507 -1.0
v 42.22916 21.537376 -1.0
v 20.27084 35.037376 -1.0
v 41.530922 22.253242 -1.0
v 41.519829 22.301853 -1.0
v 20.318487 35.052074 -1.0
v 41.511169 22.350958 -1.0
v 20.365341 35.069126 -1.0
v 20.411287 35.088493 -1.0
v 41.504971 22.400433 -1.0
v 20.456211 35.110126 -1.0
v 41.501244 22.450153 -1.0
v 41.5 22.5 -1.0
v 20.5 35.133976 -1.0
v 41.501244 22.549847 -1.0
v 20.542545 35.159973 -1.0
v 41.504971 22.599567 -1.0
v 20.583744 35.188061 -1.0
v 41.511169 22.649042 -1.0
v 20.623489 35.21817 -1.0
v 41.519829 22.698147 -1.0
v 20.661686 35.250217 -1.0
v 41.530922 22.746758 -1.0
v 20.698236 35.284134 -1.0
v 41.544426 22.794756 -1.0
v 20.733051 35.319828 -1.0
v 41.560307 22.84202 -1.0
v 20.766045 35.357212 -1.0
v 41.578526 22.888435 -1.0
v 20.797132 35.396194 -1.0
v 41.59903 22.933884 -1.0
v 20.826239 35.43668 -1.0
v 41.621777 22.978254 -1.0
v 20.853291 35.478565 -1.0
v 41.646709 23.021435 -1.0
v 20.878222 35.521748 -1.0
v 41.673759 23.06332 -1.0
v 20.900969 35.566116 -1.0
v 41.702866 23.103804 -1.0
v 20.921476 35.611565 -1.0
v 41.733955 23.142788 -1.0
v 20.939693 35.657978 -1.0
v 41.766949 23.180172 -1.0
v 20.955572 35.705246 -1.0
v 19.376511 36.78183 -1.0
v 19.416256 36.811939 -1.0
v 19.338314 36.749783 -1.0
v 19.301764 36.715866 -1.0
v 19.266949 36.680172 -1.0
v 19.233955 36.642788 -1.0
v 19.202868 36.603806 -1.0
v 19.173761 36.56332 -1.0
v 19.146709 36.521435 -1.0
v 19.121778 36.478252 -1.0
v 19.099031 36.433884 -1.0
v 19.078524 36.388435 -1.0
v 19.060307 36.342022 -1.0
v 19.044428 36.294754 -1.0
v 19.030922 36.246758 -1.0
v 19.019827 36.198147 -1.0
v 19.011169 36.149044 -1.0
v 19.004969 36.099567 -1.0
v 19.001244 36.049847 -1.0
v 19.634659 36.930874 -1.0
v 19.681513 36.947926 -1.0
v 19.588713 36.911507 -1.0
v 19.543789 36.889874 -1.0
v 19.5 36.866024 -1.0
v 19.457455 36.840027 -1.0
v 42.277477 21.525072 -1.0
v 64.0 1.0 -1.0
v 42.326351 21.515192 -1.0
v 42.375656 21.507761 -1.0
v 42.42527 21.502796 -1.0
v 42.475071 21.500311 -1.0
v 42.524929 21.500311 -1.0
v 42.57473 21.502796 -1.0
v 42.624344 21.507761 -1.0
v 42.673649 21.515192 -1.0
v 42.722523 21.525072 -1.0
v 42.77084 21.537376 -1.0
v 42.818485 21.552073 -1.0
v 42.865341 21.569126 -1.0
v 42.911285 21.588493 -1.0
v 42.956211 21.610128 -1.0
v 43.0 21.633974 -1.0
v 43.042545 21.659973 -1.0
v 43.083744 21.688063 -1.0
v 43.123489 21.718168 -1.0
v 43.161686 21.750219 -1.0
v 43.198238 21.784134 -1.0
v 41.801762 23.215866 -1.0
v 20.969078 35.753242 -1.0
v 43.233051 21.819828 -1.0
v 41.838314 23.249781 -1.0
v 20.980173 35.801853 -1.0
v 43.266045 21.857212 -1.0
v 41.876511 23.281832 -1.0
v 20.988831 35.850956 -1.0
v 43.297134 21.896196 -1.0
v 41.916256 23.311937 -1.0
v 20.995031 35.900433 -1.0
v 43.326241 21.93668 -1.0
v 20.998756 35.950153 -1.0
v 41.957455 23.340027 -1.0
v 21.0 36.0 -1.0
v 42.0 23.366026 -1.0
v 42.043789 23.389872 -1.0
v 64.392067 1.019261 -1.0
v 64.780365 1.076859 -1.0
v 64.586922 1.043294 -1.0
v 64.971924 1.119875 -1.0
v 65.16114 1.172239 -1.0
v 65.347557 1.233824 -1.0
v 64.196274 1.004818 -1.0
v 65.88559 1.472315 -1.0
v 65.530731 1.304482 -1.0
v 65.71022 1.384043 -1.0
v 66.222282 1.674121 -1.0
v 66.056412 1.569086 -1.0
v 66.537575 1.907958 -1.0
v 66.382797 1.78717 -1.0
v 66.686234 2.036196 -1.0
v 66.963806 2.313764 -1.0
v 66.82843 2.171573 -1.0
v 67.092041 2.462427 -1.0
v 67.325882 2.777719 -1.0
v 67.21283 2.617203 -1.0
v 67.430916 2.943589 -1.0
v 67.527687 3.114413 -1.0
v 67.695518 3.469266 -1.0
v 67.615959 3.28978 -1.0
v 67.766174 3.652441 -1.0
v 67.880127 4.02808 -1.0
v 67.827759 3.838861 -1.0
v 67.923141 4.219639 -1.0
v 67.980736 4.607932 -1.0
v 67.956703 4.413078 -1.0
v 67.995178 4.80373 -1.0
v 68.0 5.0 -1.0
v 43.353291 21.978565 -1.0
v 43.378223 22.021746 -1.0
v 43.40097 22.066116 -1.0
v 43.421474 22.111565 -1.0
v 43.439693 22.15798 -1.0
v 43.455574 22.205244 -1.0
v 43.469078 22.253242 -1.0
v 43.480171 22.301853 -1.0
v 20.024931 36.999691 -1.0
v 20.07473 36.997204 -1.0
v 19.975069 36.999691 -1.0
v 19.92527 36.997204 -1.0
v 19.875656 36.992241 -1.0
v 19.826351 36.984806 -1.0
v 19.777479 36.97493 -1.0
v 19.72916 36.962624 -1.0
v 20.955572 36.294754 -1.0
v 41.801762 48.784134 -1.0
v 20.969078 36.246758 -1.0
v 41.766949 48.819828 -1.0
v 20.939693 36.342022 -1.0
v 41.838314 48.750217 -1.0
v 20.980173 36.198147 -1.0
v 41.733955 48.857212 -1.0
v 20.921476 36.388435 -1.0
v 41.876511 48.71817 -1.0
v 20.988831 36.149044 -1.0
v 41.702866 48.896194 -1.0
v 20.900969 36.433884 -1.0
v 41.916256 48.688061 -1.0
v 20.995031 36.099567 -1.0
v 41.673759 48.93668 -1.0
v 20.878222 36.478252 -1.0
v 41.957455 48.659973 -1.0
v 20.998756 36.049847 -1.0
v 41.646709 48.978565 -1.0
v 20.853291 36.521435 -1.0
v 42.0 48.633976 -1.0
v 41.621777 49.021748 -1.0
v 20.826239 36.56332 -1.0
v 42.043789 48.610126 -1.0
v 41.59903 49.066116 -1.0
v 20.797132 36.603806 -1.0
v 42.088715 48.588493 -1.0
v 42.088715 23.411507 -1.0
v 41.578526 49.111565 -1.0
v 20.766045 36.642788 -1.0
v 42.134659 48.569126 -1.0
v 42.134659 23.430874 -1.0
v 41.560307 49.157978 -1.0
v 20.733051 36.680172 -1.0
v 42.181515 48.552074 -1.0
v 42.181515 23.447927 -1.0
v 41.544426 49.205246 -1.0
v 20.698236 36.715866 -1.0
v 42.22916 48.537376 -1.0
v 42.22916 23.462624 -1.0
v 41.530922 49.253242 -1.0
v 20.661686 36.749783 -1.0
v 42.277477 48.52507 -1.0
v 42.277477 23.474928 -1.0
v 41.519829 49.301853 -1.0
v 20.623489 36.78183 -1.0
v 42.326351 48.515194 -1.0
v 42.326351 23.484808 -1.0
v 41.511169 49.350956 -1.0
v 20.583744 36.811939 -1.0
v 42.375656 48.507759 -1.0
v 42.375656 23.492239 -1.0
v 20.542545 36.840027 -1.0
v 41.504971 49.400433 -1.0
v 42.42527 48.502796 -1.0
v 42.42527 23.497204 -1.0
v 41.501244 49.450153 -1.0
v 20.5 36.866024 -1.0
v 42.475071 48.500309 -1.0
v 42.475071 23.499689 -1.0
v 20.456211 36.889874 -1.0
v 41.5 49.5 -1.0
v 42.524929 48.500309 -1.0
v 42.524929 23.499689 -1.0
v 42.57473 23.497204 -1.0
v 20.411287 36.911507 -1.0
v 41.501244 49.549847 -1.0
v 42.57473 48.502796 -1.0
v 42.624344 23.492239 -1.0
v 41.504971 49.599567 -1.0
v 20.365341 36.930874 -1.0
v 42.624344 48.507759 -1.0
v 41.511169 49.649044 -1.0
v 20.318487 36.947926 -1.0
v 41.519829 49.698147 -1.0
v 20.27084 36.962624 -1.0
v 41.530922 49.746758 -1.0
v 20.222521 36.97493 -1.0
v 41.544426 49.794754 -1.0
v 20.173649 36.984806 -1.0
v 41.560307 49.842022 -1.0
v 20.124344 36.992241 -1.0
v 41.578526 49.888435 -1.0
v 41.59903 49.933884 -1.0
v 41.621777 49.978252 -1.0
v 41.646709 50.021435 -1.0
v 41.673759 50.06332 -1.0
v 41.702866 50.103806 -1.0
v 41.733955 50.142788 -1.0
v 41.766949 50.180172 -1.0
v 41.801762 50.215866 -1.0
v 41.838314 50.249783 -1.0
v 41.876511 50.28183 -1.0
v 41.916256 50.311939 -1.0
v 41.957455 50.340027 -1.0
v 42.0 50.366024 -1.0
v 42.043789 50.389874 -1.0
v 42.088715 50.411507 -1.0
v 42.134659 50.430874 -1.0
v 42.181515 50.447926 -1.0
v 42.22916 50.462624 -1.0
v 43.198238 23.215866 -1.0
v 57.207054 37.136532 -1.0
v 43.233051 23.180172 -1.0
v 43.161686 23.249781 -1.0
v 57.067791 37.279308 -1.0
v 57.353256 37.000874 -1.0
v 43.266045 23.142788 -1.0
v 43.123489 23.281832 -1.0
v 56.935822 37.428848 -1.0
v 43.083744 23.311937 -1.0
v 57.506042 36.872673 -1.0
v 43.297134 23.103804 -1.0
v 43.326241 23.06332 -1.0
v 56.81147 37.584782 -1.0
v 43.042545 23.340027 -1.0
v 57.665024 36.752247 -1.0
v 43.353291 23.021435 -1.0
v 56.695045 37.746719 -1.0
v 43.0 23.366026 -1.0
v 57.829815 36.639896 -1.0
v 43.378223 22.978254 -1.0
v 42.956211 23.389872 -1.0
v 56.586838 37.914261 -1.0
v 43.40097 22.933884 -1.0
v 58.0 36.5359 -1.0
v 43.421474 22.888435 -1.0
v 56.487114 38.086983 -1.0
v 42.911285 23.411507 -1.0
v 42.865341 23.430874 -1.0
v 58.175156 36.440514 -1.0
v 43.439693 22.84202 -1.0
v 56.396126 38.264465 -1.0
v 42.818485 23.447927 -1.0
v 58.354851 36.353977 -1.0
v 43.455574 22.794756 -1.0
v 56.314095 38.446262 -1.0
v 42.77084 23.462624 -1.0
v 58.538635 36.276505 -1.0
v 43.469078 22.746758 -1.0
v 56.24123 38.63192 -1.0
v 42.722523 23.474928 -1.0
v 58.726055 36.20829 -1.0
v 43.480171 22.698147 -1.0
v 43.488831 22.649042 -1.0
v 56.177708 38.82098 -1.0
v 42.673649 23.484808 -1.0
v 58.916637 36.149502 -1.0
v 43.495029 22.599567 -1.0
v 56.123692 39.01297 -1.0
v 59.109917 36.100288 -1.0
v 43.498756 22.549847 -1.0
v 42.673649 48.515194 -1.0
v 56.079311 39.207417 -1.0
v 59.305408 36.060768 -1.0
v 43.5 22.5 -1.0
v 42.722523 48.52507 -1.0
v 56.044678 39.403831 -1.0
v 42.77084 48.537376 -1.0
v 59.502625 36.031044 -1.0
v 43.498756 22.450153 -1.0
v 56.019878 39.60173 -1.0
v 42.818485 48.552074 -1.0
v 43.495029 22.400433 -1.0
v 59.70108 36.011185 -1.0
v 43.488831 22.350958 -1.0
v 42.865341 48.569126 -1.0
v 56.004971 39.800617 -1.0
v 59.900276 36.001244 -1.0
v 42.911285 48.588493 -1.0
v 56.0 40.0 -1.0
v 60.099724 36.001244 -1.0
v 42.956211 48.610126 -1.0
v 56.004971 40.199383 -1.0
v 43.0 48.633976 -1.0
v 60.29892 36.011185 -1.0
v 43.042545 48.659973 -1.0
v 56.019878 40.39827 -1.0
v 60.497375 36.031044 -1.0
v 43.083744 48.688061 -1.0
v 56.044678 40.596169 -1.0
v 60.694592 36.060768 -1.0
v 43.123489 48.71817 -1.0
v 56.079311 40.792583 -1.0
v 43.161686 48.750217 -1.0
v 60.890083 36.100288 -1.0
v 43.198238 48.784134 -1.0
v 56.123692 40.98703 -1.0
v 61.083363 36.149502 -1.0
v 43.233051 48.819828 -1.0
v 56.177708 41.17902 -1.0
v 61.273945 36.20829 -1.0
v 43.266045 48.857212 -1.0
v 56.24123 41.36808 -1.0
v 43.297134 48.896194 -1.0
v 61.461365 36.276505 -1.0
v 43.326241 48.93668 -1.0
v 56.314095 41.553738 -1.0
v 61.645149 36.353977 -1.0
v 43.353291 48.978565 -1.0
v 56.396126 41.735535 -1.0
v 61.824844 36.440514 -1.0
v 43.378223 49.021748 -1.0
v 56.487114 41.913017 -1.0
v 43.40097 49.066116 -1.0
v 62.0 36.5359 -1.0
v 43.421474 49.111565 -1.0
v 56.586838 42.085739 -1.0
v 62.170185 36.639896 -1.0
v 43.439693 49.157978 -1.0
v 56.695045 42.253281 -1.0
v 62.334976 36.752247 -1.0
v 43.455574 49.205246 -1.0
v 56.81147 42.415218 -1.0
v 43.469078 49.253242 -1.0
v 62.493958 36.872673 -1.0
v 43.480171 49.301853 -1.0
v 56.935822 42.571152 -1.0
v 62.646744 37.000874 -1.0
v 43.488831 49.350956 -1.0
v 57.067791 42.720692 -1.0
v 62.792946 37.136532 -1.0
v 43.495029 49.400433 -1.0
v 57.207054 42.863468 -1.0
v 43.498756 49.450153 -1.0
v 62.932209 37.279308 -1.0
v 43.5 49.5 -1.0
v 57.353256 42.999126 -1.0
v 63.064178 37.428848 -1.0
v 43.498756 49.549847 -1.0
v 57.506042 43.127327 -1.0
v 63.18853 37.584782 -1.0
v 43.495029 49.599567 -1.0
v 57.665024 43.247753 -1.0
v 43.488831 49.649044 -1.0
v 63.304955 37.746719 -1.0
v 43.480171 49.698147 -1.0
v 57.829815 43.360104 -1.0
v 63.413162 37.914261 -1.0
v 43.469078 49.746758 -1.0
v 58.0 43.4641 -1.0
v 63.512886 38.086983 -1.0
v 43.455574 49.794754 -1.0
v 58.175156 43.559486 -1.0
v 43.439693 49.842022 -1.0
v 63.603874 38.264465 -1.0
v 43.421474 49.888435 -1.0
v 58.354851 43.646023 -1.0
v 63.685905 38.446262 -1.0
v 58.538635 43.723495 -1.0
v 43.40097 49.933884 -1.0
v 63.75877 38.63192 -1.0
v 43.378223 49.978252 -1.0
v 58.726055 43.79171 -1.0
v 63.822292 38.82098 -1.0
v 43.353291 50.021435 -1.0
v 58.916637 43.850498 -1.0
v 63.876308 39.01297 -1.0
v 43.326241 50.06332 -1.0
v 59.109917 43.899712 -1.0
v 63.920689 39.207417 -1.0
v 63.955322 39.403831 -1.0
v 63.980122 39.60173 -1.0
v 63.995029 39.800617 -1.0
v 62.170185 43.360104 -1.0
v 68.0 67.0 -1.0
v 62.334976 43.247753 -1.0
v 62.0 43.4641 -1.0
v 61.824844 43.559486 -1.0
v 61.645149 43.646023 -1.0
v 61.461365 43.723495 -1.0
v 61.273945 43.79171 -1.0
v 61.083363 43.850498 -1.0
v 60.890083 43.899712 -1.0
v 60.694592 43.939232 -1.0
v 60.497375 43.968956 -1.0
v 60.29892 43.988815 -1.0
v 60.099724 43.998756 -1.0
v 59.900276 43.998756 -1.0
v 59.70108 43.988815 -1.0
v 59.502625 43.968956 -1.0
v 59.305408 43.939232 -1.0
v 63.995029 40.199383 -1.0
v 64.0 40.0 -1.0
v 63.980122 40.39827 -1.0
v 63.955322 40.596169 -1.0
v 63.920689 40.792583 -1.0
v 63.876308 40.98703 -1.0
v 63.822292 41.17902 -1.0
v 63.75877 41.36808 -1.0
v 63.685905 41.553738 -1.0
v 63.603874 41.735535 -1.0
v 63.512886 41.913017 -1.0
v 63.413162 42.085739 -1.0
v 63.304955 42.253281 -1.0
v 63.18853 42.415218 -1.0
v 63.064178 42.571152 -1.0
v 62.932209 42.720692 -1.0
v 62.792946 42.863468 -1.0
v 62.646744 42.999126 -1.0
v 62.493958 43.127327 -1.0
v 43.297134 50.103806 -1.0
v 64.0 71.0 -1.0
v 43.266045 50.142788 -1.0
v 43.233051 50.180172 -1.0
v 43.198238 50.215866 -1.0
v 43.161686 50.249783 -1.0
v 43.123489 50.28183 -1.0
v 43.083744 50.311939 -1.0
v 43.042545 50.340027 -1.0
v 43.0 50.366024 -1.0
v 42.956211 50.389874 -1.0
v 42.911285 50.411507 -1.0
v 42.865341 50.430874 -1.0
v 42.818485 50.447926 -1.0
v 42.77084 50.462624 -1.0
v 42.722523 50.47493 -1.0
v 42.673649 50.484806 -1.0
v 42.624344 50.492241 -1.0
v 42.57473 50.497204 -1.0
v 42.524929 50.499691 -1.0
v 42.475071 50.499691 -1.0
v 42.42527 50.497204 -1.0
v 42.375656 50.492241 -1.0
v 42.326351 50.484806 -1.0
v 42.277477 50.47493 -1.0
v 67.995178 67.196274 -1.0
v 64.196274 70.995178 -1.0
v 64.392067 70.980736 -1.0
v 64.586922 70.956703 -1.0
v 64.780365 70.923141 -1.0
v 64.971924 70.880127 -1.0
v 65.16114 70.827759 -1.0
v 67.923141 67.780365 -1.0
v 67.827759 68.16114 -1.0
v 67.880127 67.971924 -1.0
v 67.956703 67.586922 -1.0
v 67.980736 67.392067 -1.0
v 65.347557 70.766174 -1.0
v 67.695518 68.530731 -1.0
v 65.530731 70.695518 -1.0
v 67.766174 68.347557 -1.0
v 67.615959 68.71022 -1.0
v 65.71022 70.615959 -1.0
v 65.88559 70.527687 -1.0
v 66.056412 70.430916 -1.0
v 66.222282 70.325882 -1.0
v 67.527687 68.88559 -1.0
v 67.430916 69.056412 -1.0
v 66.382797 70.21283 -1.0
v 66.537575 70.092041 -1.0
v 67.325882 69.222282 -1.0
v 67.092041 69.537575 -1.0
v 67.21283 69.382797 -1.0
v 66.686234 69.963806 -1.0
v 66.963806 69.686234 -1.0
v 66.82843 69.82843 -1.0
v 0.0 47.75 22.045856
v 0.0 47.609013 22.267811
v 0.0 47.457481 22.482708
v 0.0 47.295765 22.690046
v 0.0 47.124233 22.889341
v 0.0 46.943287 23.080133
v -0.0 46.753353 23.261974
v -0.0 46.554867 23.434443
v -0.0 46.348293 23.597136
v -0.0 46.134113 23.749676
v -0.0 45.912823 23.891708
v -0.0 45.68494 24.022903
v -0.0 45.450996 24.142952
v -0.0 45.211536 24.251577
v -0.0 44.967113 24.348528
v -0.0 44.718296 24.433575
v -0.0 44.465672 24.506521
v -0.0 44.20982 24.5672
v -0.0 43.951336 24.615465
v 0.0 43.69083 24.651207
v -0.0 41.465 24.984385
v -0.0 39.225407 25.206957
v -0.0 36.977539 25.31838
v -0.0 34.726913 25.31838
v -0.0 32.479046 25.206957
v -0.0 30.239452 24.984385
v 0.0 28.013624 24.651207
v -0.0 27.756245 24.600052
v -0.0 27.501625 24.536568
v -0.0 27.250357 24.460901
v -0.0 27.003021 24.373228
v -0.0 26.760195 24.27375
v -0.0 26.522436 24.162699
v -0.0 26.2903 24.040333
v -0.0 26.064323 23.906933
v -0.0 25.845028 23.762812
v -0.0 25.632925 23.608301
v -0.0 25.428507 23.44376
v -0.0 25.232244 23.269569
v -0.0 25.044594 23.086134
v -0.0 24.865992 22.893879
v -0.0 24.69685 22.693249
v -0.0 24.537561 22.484709
v -0.0 24.388496 22.268745
v 0.0 24.25 22.045856
v 0.0 24.25 14.045856
v -0.0 24.274813 13.916211
v -0.0 24.306057 13.787965
v -0.0 24.343655 13.661436
v -0.0 24.387514 13.536939
v -0.0 24.437527 13.414783
v -0.0 24.493565 13.295271
v -0.0 24.555492 13.178702
v -0.0 24.623154 13.065365
v -0.0 24.696381 12.955542
v -0.0 24.774992 12.849506
v -0.0 24.858791 12.74752
v -0.0 24.947569 12.649839
v 0.0 25.041107 12.556705
v 0.0 25.139172 12.468351
v 0.0 25.24152 12.384995
v 0.0 25.347895 12.306844
v 0.0 25.458035 12.234094
v 0.0 25.571665 12.166924
v 0.0 25.688499 12.105502
v 0.0 25.808252 12.049982
v 0.0 25.930624 12.000501
v 0.0 26.055311 11.95718
v 0.0 26.182003 11.920131
v 0.0 26.310383 11.889442
v 0.0 45.292885 11.889442
v 0.0 45.423031 11.899586
v 0.0 45.552517 11.916147
v 0.0 45.681026 11.939085
v 0.0 45.808247 11.968345
v 0.0 45.933868 12.003854
v 0.0 46.057579 12.045526
v 0.0 46.179081 12.093259
v 0.0 46.298077 12.146936
v 0.0 46.414272 12.206427
v 0.0 46.52739 12.271586
v 0.0 46.63715 12.342254
v 0.0 46.743282 12.418259
v 0.0 46.845531 12.499413
v 0.0 46.943645 12.585521
v 0.0 47.037388 12.676371
v 0.0 47.126526 12.771741
v 0.0 47.210842 12.871399
v 0.0 47.290134 12.975101
v 0.0 47.364204 13.082593
v 0.0 47.432877 13.193614
v 0.0 47.495975 13.307891
v 0.0 47.553352 13.425147
v 0.0 47.604866 13.545094
v 0.0 47.650394 13.667439
v 0.0 47.689819 13.791885
v 0.0 47.723049 13.918127
v 0.0 47.75 14.045856
v 12.0 1.0 7.0
v 12.0 1.0 11.0
v 30.0 1.0 7.0
v 30.0 1.0 11.0
v 2.0 71.0 -1.0
v 2.0 71.0 40.0
v 68.0 28.0 25.0
v 68.0 30.180172 28.366949
v 68.0 30.215866 28.401764
v 68.0 30.249781 28.438314
v 68.0 30.142788 28.333956
v 68.0 30.281832 28.476511
v 68.0 30.103804 28.302868
v 68.0 30.311937 28.516256
v 68.0 30.06332 28.273762
v 68.0 30.340027 28.557453
v 68.0 30.021435 28.24671
v 68.0 30.366026 28.6
v 68.0 29.978254 28.221779
v 68.0 30.389872 28.643789
v 68.0 29.933884 28.199032
v 68.0 30.411507 28.688713
v 68.0 29.888435 28.178524
v 68.0 30.430874 28.734659
v 68.0 29.84202 28.160307
v 68.0 30.447927 28.781513
v 68.0 29.794756 28.144426
v 68.0 30.462624 28.829159
v 68.0 29.746758 28.130922
v 68.0 30.474928 28.87748
v 68.0 29.698147 28.119827
v 68.0 30.484808 28.926352
v 68.0 29.649042 28.11117
v 68.0 30.492239 28.975657
v 68.0 29.599567 28.104969
v 68.0 30.497204 29.02527
v 68.0 29.549847 28.101244
v 68.0 30.499689 29.075069
v 68.0 29.5 28.1
v 68.0 30.499689 29.124931
v 68.0 29.450153 28.101244
v 68.0 30.497204 29.17473
v 68.0 29.400433 28.104969
v 68.0 30.492239 29.224344
v 68.0 29.350958 28.11117
v 68.0 30.484808 29.273647
v 68.0 29.301853 28.119827
v 68.0 30.474928 29.322521
v 68.0 29.253242 28.130922
v 68.0 30.462624 29.37084
v 68.0 29.205244 28.144426
v 68.0 30.447927 29.418488
v 68.0 29.15798 28.160307
v 68.0 30.430874 29.465342
v 68.0 29.111565 28.178524
v 68.0 30.411507 29.511288
v 68.0 29.066116 28.199032
v 68.0 30.389872 29.556211
v 68.0 29.021746 28.221779
v 68.0 30.366026 29.6
v 68.0 28.978565 28.24671
v 68.0 30.340027 29.642546
v 68.0 28.93668 28.273762
v 68.0 30.311937 29.683744
v 68.0 28.896196 28.302868
v 68.0 30.281832 29.72349
v 68.0 28.857212 28.333956
v 68.0 28.819828 28.366949
v 68.0 28.784134 28.401764
v 68.0 28.750219 28.438314
v 68.0 28.718168 28.476511
v 68.0 28.688063 28.516256
v 68.0 28.659973 28.557453
v 68.0 28.633974 28.6
v 68.0 28.610128 28.643789
v 68.0 28.588493 28.688713
v 68.0 28.569126 28.734659
v 68.0 28.552073 28.781513
v 68.0 28.537376 28.829159
v 68.0 28.525072 28.87748
v 68.0 28.515192 28.926352
v 68.0 28.507761 28.975657
v 68.0 28.0 33.200001
v 68.0 30.249781 29.761686
v 68.0 30.215866 29.798237
v 68.0 30.180172 29.833052
v 68.0 30.142788 29.866045
v 68.0 30.103804 29.897133
v 68.0 30.06332 29.926239
v 68.0 30.021435 29.953291
v 68.0 29.978254 29.978222
v 68.0 29.933884 30.000969
v 68.0 29.888435 30.021477
v 68.0 29.84202 30.039692
v 68.0 29.794756 30.055573
v 68.0 29.746758 30.069077
v 68.0 29.698147 30.080172
v 68.0 29.649042 30.088831
v 68.0 29.599567 30.09503
v 68.0 29.549847 30.098757
v 68.0 29.5 30.1
v 68.0 29.450153 30.098757
v 68.0 29.400433 30.09503
v 68.0 29.350958 30.088831
v 68.0 29.301853 30.080172
v 68.0 29.253242 30.069077
v 68.0 29.205244 30.055573
v 68.0 29.15798 30.039692
v 68.0 29.111565 30.021477
v 68.0 29.066116 30.000969
v 68.0 29.021746 29.978222
v 68.0 28.978565 29.953291
v 68.0 28.93668 29.926239
v 68.0 28.896196 29.897133
v 68.0 28.857212 29.866045
v 68.0 28.819828 29.833052
v 68.0 28.784134 29.798237
v 68.0 28.750219 29.761686
v 68.0 28.718168 29.72349
v 68.0 28.688063 29.683744
v 68.0 28.659973 29.642546
v 68.0 28.633974 29.6
v 68.0 28.610128 29.556211
v 68.0 28.588493 29.511288
v 68.0 28.569126 29.465342
v 68.0 28.552073 29.418488
v 68.0 28.537376 29.37084
v 68.0 28.525072 29.322521
v 68.0 28.515192 29.273647
v 68.0 28.507761 29.224344
v 68.0 12.0 25.0
v 68.0 11.180173 28.366949
v 68.0 11.215867 28.401764
v 68.0 11.249782 28.438314
v 68.0 11.142788 28.333956
v 68.0 11.281832 28.476511
v 68.0 11.103805 28.302868
v 68.0 11.311938 28.516256
v 68.0 11.06332 28.273762
v 68.0 11.340026 28.557453
v 68.0 11.021435 28.24671
v 68.0 11.366025 28.6
v 68.0 10.978254 28.221779
v 68.0 11.389872 28.643789
v 68.0 10.933884 28.199032
v 68.0 11.411506 28.688713
v 68.0 10.888434 28.178524
v 68.0 11.430874 28.734659
v 68.0 10.84202 28.160307
v 68.0 11.447927 28.781513
v 68.0 10.794755 28.144426
v 68.0 11.462625 28.829159
v 68.0 10.746758 28.130922
v 68.0 11.474928 28.87748
v 68.0 10.698146 28.119827
v 68.0 11.484808 28.926352
v 68.0 10.649042 28.11117
v 68.0 11.492239 28.975657
v 68.0 10.599567 28.104969
v 68.0 10.549846 28.101244
v 68.0 10.5 28.1
v 68.0 10.450154 28.101244
v 68.0 10.400433 28.104969
v 68.0 10.350958 28.11117
v 68.0 10.301854 28.119827
v 68.0 10.253242 28.130922
v 68.0 10.205245 28.144426
v 68.0 10.15798 28.160307
v 68.0 10.111566 28.178524
v 68.0 10.066116 28.199032
v 68.0 10.021746 28.221779
v 68.0 9.978565 28.24671
v 68.0 9.93668 28.273762
v 68.0 9.896195 28.302868
v 68.0 9.857212 28.333956
v 68.0 9.819827 28.366949
v 68.0 9.784133 28.401764
v 68.0 9.750218 28.438314
v 68.0 9.718168 28.476511
v 68.0 9.688062 28.516256
v 68.0 9.659974 28.557453
v 68.0 9.633975 28.6
v 68.0 9.610128 28.643789
v 68.0 9.588494 28.688713
v 68.0 9.569126 28.734659
v 68.0 9.552073 28.781513
v 68.0 12.0 33.200001
v 68.0 10.253242 30.069077
v 68.0 10.301854 30.080172
v 68.0 10.205245 30.055573
v 68.0 10.15798 30.039692
v 68.0 10.111566 30.021477
v 68.0 10.066116 30.000969
v 68.0 10.021746 29.978222
v 68.0 9.978565 29.953291
v 68.0 9.93668 29.926239
v 68.0 9.896195 29.897133
v 68.0 11.484808 29.273647
v 68.0 11.492239 29.224344
v 68.0 11.474928 29.322521
v 68.0 11.462625 29.37084
v 68.0 11.447927 29.418488
v 68.0 11.430874 29.465342
v 68.0 11.411506 29.511288
v 68.0 11.389872 29.556211
v 68.0 11.366025 29.6
v 68.0 11.340026 29.642546
v 68.0 11.311938 29.683744
v 68.0 11.281832 29.72349
v 68.0 11.249782 29.761686
v 68.0 11.215867 29.798237
v 68.0 11.180173 29.833052
v 68.0 11.142788 29.866045
v 68.0 11.103805 29.897133
v 68.0 11.06332 29.926239
v 68.0 11.021435 29.953291
v 68.0 10.978254 29.978222
v 68.0 10.933884 30.000969
v 68.0 10.888434 30.021477
v 68.0 10.84202 30.039692
v 68.0 10.794755 30.055573
v 68.0 10.746758 30.069077
v 68.0 10.698146 30.080172
v 68.0 10.649042 30.088831
v 68.0 10.599567 30.09503
v 68.0 10.549846 30.098757
v 68.0 10.5 30.1
v 68.0 10.450154 30.098757
v 68.0 10.400433 30.09503
v 68.0 10.350958 30.088831
v 68.0 9.857212 29.866045
v 68.0 9.819827 29.833052
v 68.0 9.784133 29.798237
v 68.0 9.750218 29.761686
v 68.0 9.718168 29.72349
v 68.0 9.688062 29.683744
v 68.0 9.659974 29.642546
v 68.0 9.633975 29.6
v 68.0 9.610128 29.556211
v 68.0 9.588494 29.511288
v 68.0 9.569126 29.465342
v 68.0 9.552073 29.418488
v 68.0 9.537375 29.37084
v 68.0 9.525072 29.322521
v 68.0 9.515192 29.273647
v 68.0 9.507761 29.224344
v 68.0 9.502796 29.17473
v 68.0 9.500311 29.124931
v 68.0 9.500311 29.075069
v 68.0 9.502796 29.02527
v 68.0 9.507761 28.975657
v 68.0 9.515192 28.926352
v 68.0 9.525072 28.87748
v 68.0 9.537375 28.829159
v 68.0 11.499689 29.124931
v 68.0 11.497204 29.17473
v 68.0 11.499689 29.075069
v 68.0 11.497204 29.02527
v 68.0 28.500311 29.124931
v 68.0 28.500311 29.075069
v 68.0 28.502796 29.02527
v 68.0 28.502796 29.17473
v 12.0 3.0 11.0
v 0.0 3.0 2.0
v 0.0 3.0 22.0
v 12.0 3.0 7.0
v 7.0 3.0 22.0
v 30.0 3.0 7.0
v 30.0 3.0 11.0
v 7.0 3.0 37.0
v 0.0 3.0 37.0
v 59.0 3.0 22.0
v 66.0 3.0 2.0
v 66.0 3.0 22.0
v 59.0 3.0 37.0
v 66.0 3.0 37.0
v 66.0 69.0 2.0
v 66.0 63.0 28.0
v 66.0 69.0 22.0
v 66.0 69.0 37.0
v 66.0 63.0 37.0
v 66.0 28.0 25.0
v 66.0 30.180172 28.366949
v 66.0 30.215866 28.401764
v 66.0 30.249781 28.438314
v 66.0 30.142788 28.333956
v 66.0 30.281832 28.476511
v 66.0 30.103804 28.302868
v 66.0 30.311937 28.516256
v 66.0 30.06332 28.273762
v 66.0 30.340027 28.557453
v 66.0 30.021435 28.24671
v 66.0 30.366026 28.6
v 66.0 29.978254 28.221779
v 66.0 30.389872 28.643789
v 66.0 29.933884 28.199032
v 66.0 30.411507 28.688713
v 66.0 29.888435 28.178524
v 66.0 30.430874 28.734659
v 66.0 29.84202 28.160307
v 66.0 30.447927 28.781513
v 66.0 29.794756 28.144426
v 66.0 30.462624 28.829159
v 66.0 29.746758 28.130922
v 66.0 30.474928 28.87748
v 66.0 29.698147 28.119827
v 66.0 30.484808 28.926352
v 66.0 29.649042 28.11117
v 66.0 30.492239 28.975657
v 66.0 29.599567 28.104969
v 66.0 30.497204 29.02527
v 66.0 29.549847 28.101244
v 66.0 30.499689 29.075069
v 66.0 29.5 28.1
v 66.0 30.499689 29.124931
v 66.0 29.450153 28.101244
v 66.0 30.497204 29.17473
v 66.0 29.400433 28.104969
v 66.0 30.492239 29.224344
v 66.0 29.350958 28.11117
v 66.0 30.484808 29.273647
v 66.0 29.301853 28.119827
v 66.0 30.474928 29.322521
v 66.0 29.253242 28.130922
v 66.0 30.462624 29.37084
v 66.0 29.205244 28.144426
v 66.0 30.447927 29.418488
v 66.0 29.15798 28.160307
v 66.0 30.430874 29.465342
v 66.0 29.111565 28.178524
v 66.0 30.411507 29.511288
v 66.0 29.066116 28.199032
v 66.0 30.389872 29.556211
v 66.0 29.021746 28.221779
v 66.0 30.366026 29.6
v 66.0 28.978565 28.24671
v 66.0 30.340027 29.642546
v 66.0 28.93668 28.273762
v 66.0 30.311937 29.683744
v 66.0 28.896196 28.302868
v 66.0 30.281832 29.72349
v 66.0 28.857212 28.333956
v 66.0 28.819828 28.366949
v 66.0 28.784134 28.401764
v 66.0 28.750219 28.438314
v 66.0 28.718168 28.476511
v 66.0 28.688063 28.516256
v 66.0 28.659973 28.557453
v 66.0 28.633974 28.6
v 66.0 28.610128 28.643789
v 66.0 28.588493 28.688713
v 66.0 28.569126 28.734659
v 66.0 28.552073 28.781513
v 66.0 28.537376 28.829159
v 66.0 28.525072 28.87748
v 66.0 28.515192 28.926352
v 66.0 28.507761 28.975657
v 66.0 29.450153 30.098757
v 66.0 28.0 33.200001
v 66.0 29.5 30.1
v 66.0 29.400433 30.09503
v 66.0 29.350958 30.088831
v 66.0 29.301853 30.080172
v 66.0 29.253242 30.069077
v 66.0 29.205244 30.055573
v 66.0 29.15798 30.039692
v 66.0 29.111565 30.021477
v 66.0 29.066116 30.000969
v 66.0 29.021746 29.978222
v 66.0 28.978565 29.953291
v 66.0 28.93668 29.926239
v 66.0 28.896196 29.897133
v 66.0 28.857212 29.866045
v 66.0 28.819828 29.833052
v 66.0 28.784134 29.798237
v 66.0 28.750219 29.761686
v 66.0 28.718168 29.72349
v 66.0 28.688063 29.683744
v 66.0 28.659973 29.642546
v 66.0 28.633974 29.6
v 66.0 28.610128 29.556211
v 66.0 28.588493 29.511288
v 66.0 28.569126 29.465342
v 66.0 28.552073 29.418488
v 66.0 28.537376 29.37084
v 66.0 28.525072 29.322521
v 66.0 28.515192 29.273647
v 66.0 28.507761 29.224344
v 66.0 30.249781 29.761686
v 66.0 30.215866 29.798237
v 66.0 30.180172 29.833052
v 66.0 30.142788 29.866045
v 66.0 30.103804 29.897133
v 66.0 30.06332 29.926239
v 66.0 30.021435 29.953291
v 66.0 29.978254 29.978222
v 66.0 29.933884 30.000969
v 66.0 29.888435 30.021477
v 66.0 29.84202 30.039692
v 66.0 29.794756 30.055573
v 66.0 29.746758 30.069077
v 66.0 29.698147 30.080172
v 66.0 29.649042 30.088831
v 66.0 29.599567 30.09503
v 66.0 29.549847 30.098757
v 66.0 12.0 25.0
v 66.0 11.180173 28.366949
v 66.0 11.215867 28.401764
v 66.0 11.249782 28.438314
v 66.0 11.142788 28.333956
v 66.0 11.281832 28.476511
v 66.0 11.103805 28.302868
v 66.0 11.311938 28.516256
v 66.0 11.06332 28.273762
v 66.0 11.340026 28.557453
v 66.0 11.021435 28.24671
v 66.0 11.366025 28.6
v 66.0 10.978254 28.221779
v 66.0 11.389872 28.643789
v 66.0 10.933884 28.199032
v 66.0 11.411506 28.688713
v 66.0 10.888434 28.178524
v 66.0 11.430874 28.734659
v 66.0 10.84202 28.160307
v 66.0 11.447927 28.781513
v 66.0 10.794755 28.144426
v 66.0 11.462625 28.829159
v 66.0 10.746758 28.130922
v 66.0 11.474928 28.87748
v 66.0 10.698146 28.119827
v 66.0 11.484808 28.926352
v 66.0 10.649042 28.11117
v 66.0 11.492239 28.975657
v 66.0 10.599567 28.104969
v 66.0 10.549846 28.101244
v 66.0 10.5 28.1
v 66.0 10.450154 28.101244
v 66.0 10.400433 28.104969
v 66.0 10.350958 28.11117
v 66.0 10.301854 28.119827
v 66.0 9.659974 28.557453
v 66.0 9.0 28.0
v 66.0 9.633975 28.6
v 66.0 9.688062 28.516256
v 66.0 9.718168 28.476511
v 66.0 9.750218 28.438314
v 66.0 9.784133 28.401764
v 66.0 9.819827 28.366949
v 66.0 9.857212 28.333956
v 66.0 9.896195 28.302868
v 66.0 9.93668 28.273762
v 66.0 9.978565 28.24671
v 66.0 10.021746 28.221779
v 66.0 10.066116 28.199032
v 66.0 10.111566 28.178524
v 66.0 10.15798 28.160307
v 66.0 10.205245 28.144426
v 66.0 10.253242 28.130922
v 66.0 9.610128 28.643789
v 66.0 9.588494 28.688713
v 66.0 9.569126 28.734659
v 66.0 9.552073 28.781513
v 66.0 9.537375 28.829159
v 66.0 9.525072 28.87748
v 66.0 9.515192 28.926352
v 66.0 9.507761 28.975657
v 66.0 9.502796 29.02527
v 66.0 9.500311 29.075069
v 66.0 9.500311 29.124931
v 66.0 9.502796 29.17473
v 66.0 9.507761 29.224344
v 66.0 9.515192 29.273647
v 66.0 9.525072 29.322521
v 66.0 9.537375 29.37084
v 66.0 11.484808 29.273647
v 66.0 12.0 33.200001
v 66.0 11.492239 29.224344
v 66.0 11.474928 29.322521
v 66.0 11.462625 29.37084
v 66.0 11.447927 29.418488
v 66.0 11.430874 29.465342
v 66.0 11.411506 29.511288
v 66.0 11.389872 29.556211
v 66.0 11.366025 29.6
v 66.0 11.340026 29.642546
v 66.0 11.311938 29.683744
v 66.0 11.281832 29.72349
v 66.0 11.249782 29.761686
v 66.0 11.215867 29.798237
v 66.0 11.180173 29.833052
v 66.0 11.142788 29.866045
v 66.0 11.103805 29.897133
v 66.0 11.06332 29.926239
v 66.0 11.021435 29.953291
v 66.0 10.978254 29.978222
v 66.0 10.933884 30.000969
v 66.0 10.888434 30.021477
v 66.0 10.84202 30.039692
v 66.0 10.794755 30.055573
v 66.0 10.746758 30.069077
v 66.0 10.698146 30.080172
v 66.0 10.649042 30.088831
v 66.0 10.599567 30.09503
v 66.0 10.549846 30.098757
v 66.0 10.5 30.1
v 66.0 10.450154 30.098757
v 66.0 10.400433 30.09503
v 66.0 10.350958 30.088831
v 66.0 10.301854 30.080172
v 66.0 10.253242 30.069077
v 66.0 10.205245 30.055573
v 66.0 10.15798 30.039692
v 66.0 10.111566 30.021477
v 66.0 10.066116 30.000969
v 66.0 10.021746 29.978222
v 66.0 9.0 37.0
v 66.0 9.978565 29.953291
v 66.0 9.93668 29.926239
v 66.0 9.896195 29.897133
v 66.0 9.857212 29.866045
v 66.0 9.819827 29.833052
v 66.0 9.784133 29.798237
v 66.0 9.750218 29.761686
v 66.0 9.552073 29.418488
v 66.0 9.569126 29.465342
v 66.0 9.588494 29.511288
v 66.0 9.610128 29.556211
v 66.0 9.633975 29.6
v 66.0 9.659974 29.642546
v 66.0 9.688062 29.683744
v 66.0 9.718168 29.72349
v 66.0 11.499689 29.124931
v 66.0 11.497204 29.17473
v 66.0 11.499689 29.075069
v 66.0 11.497204 29.02527
v 66.0 28.500311 29.124931
v 66.0 28.500311 29.075069
v 66.0 28.502796 29.02527
v 66.0 28.502796 29.17473
v 0.0 69.0 2.0
v 7.0 69.0 22.0
v 0.0 69.0 22.0
v 0.0 69.0 37.0
v 7.0 69.0 37.0
v 59.0 69.0 22.0
v 59.0 69.0 37.0
v 0.0 52.0 8.5
v 0.0 50.0 10.5
v 0.0 52.0 25.5
v 0.0 63.0 28.0
v 0.0 63.0 37.0
v 0.0 50.0 25.5
v 0.0 20.5 8.5
v 0.0 22.5 10.5
v 0.0 22.5 25.5
v 0.0 20.5 25.5
v 0.0 9.0 28.0
v 0.0 9.0 37.0
v 43.5 22.5 2.0
v 43.498756 22.549847 2.0
v 43.495029 22.599567 2.0
v 43.488831 22.649042 2.0
v 43.480171 22.698147 2.0
v 43.469078 22.746758 2.0
v 43.455574 22.794756 2.0
v 43.439693 22.84202 2.0
v 43.421474 22.888435 2.0
v 43.40097 22.933884 2.0
v 43.378223 22.978254 2.0
v 43.353291 23.021435 2.0
v 43.326241 23.06332 2.0
v 43.297134 23.103804 2.0
v 43.266045 23.142788 2.0
v 43.233051 23.180172 2.0
v 43.198238 23.215866 2.0
v 43.161686 23.249781 2.0
v 43.123489 23.281832 2.0
v 43.083744 23.311937 2.0
v 43.042545 23.340027 2.0
v 43.0 23.366026 2.0
v 42.956211 23.389872 2.0
v 42.911285 23.411507 2.0
v 42.865341 23.430874 2.0
v 42.818485 23.447927 2.0
v 42.77084 23.462624 2.0
v 42.722523 23.474928 2.0
v 42.673649 23.484808 2.0
v 42.624344 23.492239 2.0
v 42.57473 23.497204 2.0
v 42.524929 23.499689 2.0
v 42.475071 23.499689 2.0
v 42.42527 23.497204 2.0
v 42.375656 23.492239 2.0
v 42.326351 23.484808 2.0
v 42.277477 23.474928 2.0
v 42.22916 23.462624 2.0
v 42.181515 23.447927 2.0
v 42.134659 23.430874 2.0
v 42.088715 23.411507 2.0
v 42.043789 23.389872 2.0
v 42.0 23.366026 2.0
v 41.957455 23.340027 2.0
v 41.916256 23.311937 2.0
v 41.876511 23.281832 2.0
v 41.838314 23.249781 2.0
v 41.801762 23.215866 2.0
v 41.766949 23.180172 2.0
v 41.733955 23.142788 2.0
v 41.702866 23.103804 2.0
v 41.673759 23.06332 2.0
v 41.646709 23.021435 2.0
v 41.621777 22.978254 2.0
v 41.59903 22.933884 2.0
v 41.578526 22.888435 2.0
v 41.560307 22.84202 2.0
v 41.544426 22.794756 2.0
v 41.530922 22.746758 2.0
v 41.519829 22.698147 2.0
v 41.511169 22.649042 2.0
v 41.504971 22.599567 2.0
v 41.501244 22.549847 2.0
v 41.5 22.5 2.0
v 41.501244 22.450153 2.0
v 41.504971 22.400433 2.0
v 41.511169 22.350958 2.0
v 41.519829 22.301853 2.0
v 41.530922 22.253242 2.0
v 41.544426 22.205244 2.0
v 41.560307 22.15798 2.0
v 41.578526 22.111565 2.0
v 41.59903 22.066116 2.0
v 41.621777 22.021746 2.0
v 41.646709 21.978565 2.0
v 41.673759 21.93668 2.0
v 41.702866 21.896196 2.0
v 41.733955 21.857212 2.0
v 41.766949 21.819828 2.0
v 41.801762 21.784134 2.0
v 41.838314 21.750219 2.0
v 41.876511 21.718168 2.0
v 41.916256 21.688063 2.0
v 41.957455 21.659973 2.0
v 42.0 21.633974 2.0
v 42.043789 21.610128 2.0
v 42.088715 21.588493 2.0
v 42.134659 21.569126 2.0
v 42.181515 21.552073 2.0
v 42.22916 21.537376 2.0
v 42.277477 21.525072 2.0
v 42.326351 21.515192 2.0
v 42.375656 21.507761 2.0
v 42.42527 21.502796 2.0
v 42.475071 21.500311 2.0
v 42.524929 21.500311 2.0
v 42.57473 21.502796 2.0
v 42.624344 21.507761 2.0
v 42.673649 21.515192 2.0
v 42.722523 21.525072 2.0
v 42.77084 21.537376 2.0
v 42.818485 21.552073 2.0
v 42.865341 21.569126 2.0
v 42.911285 21.588493 2.0
v 42.956211 21.610128 2.0
v 43.0 21.633974 2.0
v 43.042545 21.659973 2.0
v 43.083744 21.688063 2.0
v 43.123489 21.718168 2.0
v 43.161686 21.750219 2.0
v 43.198238 21.784134 2.0
v 43.233051 21.819828 2.0
v 43.266045 21.857212 2.0
v 43.297134 21.896196 2.0
v 43.326241 21.93668 2.0
v 43.353291 21.978565 2.0
v 43.378223 22.021746 2.0
v 43.40097 22.066116 2.0
v 43.421474 22.111565 2.0
v 43.439693 22.15798 2.0
v 43.455574 22.205244 2.0
v 43.469078 22.253242 2.0
v 43.480171 22.301853 2.0
v 43.488831 22.350958 2.0
v 43.495029 22.400433 2.0
v 43.498756 22.450153 2.0
v 21.0 36.0 2.0
v 20.998756 36.049847 2.0
v 20.995031 36.099567 2.0
v 20.988831 36.149044 2.0
v 20.980173 36.198147 2.0
v 20.969078 36.246758 2.0
v 20.955572 36.294754 2.0
v 20.939693 36.342022 2.0
v 20.921476 36.388435 2.0
v 20.900969 36.433884 2.0
v 20.878222 36.478252 2.0
v 20.853291 36.521435 2.0
v 20.826239 36.56332 2.0
v 20.797132 36.603806 2.0
v 20.766045 36.642788 2.0
v 20.733051 36.680172 2.0
v 20.698236 36.715866 2.0
v 20.661686 36.749783 2.0
v 20.623489 36.78183 2.0
v 20.583744 36.811939 2.0
v 20.542545 36.840027 2.0
v 20.5 36.866024 2.0
v 20.456211 36.889874 2.0
v 20.411287 36.911507 2.0
v 20.365341 36.930874 2.0
v 20.318487 36.947926 2.0
v 20.27084 36.962624 2.0
v 20.222521 36.97493 2.0
v 20.173649 36.984806 2.0
v 20.124344 36.992241 2.0
v 20.07473 36.997204 2.0
v 20.024931 36.999691 2.0
v 19.975069 36.999691 2.0
v 19.92527 36.997204 2.0
v 19.875656 36.992241 2.0
v 19.826351 36.984806 2.0
v 19.777479 36.97493 2.0
v 19.72916 36.962624 2.0
v 19.681513 36.947926 2.0
v 19.634659 36.930874 2.0
v 19.588713 36.911507 2.0
v 19.543789 36.889874 2.0
v 19.5 36.866024 2.0
v 19.457455 36.840027 2.0
v 19.416256 36.811939 2.0
v 19.376511 36.78183 2.0
v 19.338314 36.749783 2.0
v 19.301764 36.715866 2.0
v 19.266949 36.680172 2.0
v 19.233955 36.642788 2.0
v 19.202868 36.603806 2.0
v 19.173761 36.56332 2.0
v 19.146709 36.521435 2.0
v 19.121778 36.478252 2.0
v 19.099031 36.433884 2.0
v 19.078524 36.388435 2.0
v 19.060307 36.342022 2.0
v 19.044428 36.294754 2.0
v 19.030922 36.246758 2.0
v 19.019827 36.198147 2.0
v 19.011169 36.149044 2.0
v 19.004969 36.099567 2.0
v 19.001244 36.049847 2.0
v 19.0 36.0 2.0
v 19.001244 35.950153 2.0
v 19.004969 35.900433 2.0
v 19.011169 35.850956 2.0
v 19.019827 35.801853 2.0
v 19.030922 35.753242 2.0
v 19.044428 35.705246 2.0
v 19.060307 35.657978 2.0
v 19.078524 35.611565 2.0
v 19.099031 35.566116 2.0
v 19.121778 35.521748 2.0
v 19.146709 35.478565 2.0
v 19.173761 35.43668 2.0
v 19.202868 35.396194 2.0
v 19.233955 35.357212 2.0
v 19.266949 35.319828 2.0
v 19.301764 35.284134 2.0
v 19.338314 35.250217 2.0
v 19.376511 35.21817 2.0
v 19.416256 35.188061 2.0
v 19.457455 35.159973 2.0
v 19.5 35.133976 2.0
v 19.543789 35.110126 2.0
v 19.588713 35.088493 2.0
v 19.634659 35.069126 2.0
v 19.681513 35.052074 2.0
v 19.72916 35.037376 2.0
v 19.777479 35.02507 2.0
v 19.826351 35.015194 2.0
v 19.875656 35.007759 2.0
v 19.92527 35.002796 2.0
v 19.975069 35.000309 2.0
v 20.024931 35.000309 2.0
v 20.07473 35.002796 2.0
v 20.124344 35.007759 2.0
v 20.173649 35.015194 2.0
v 20.222521 35.02507 2.0
v 20.27084 35.037376 2.0
v 20.318487 35.052074 2.0
v 20.365341 35.069126 2.0
v 20.411287 35.088493 2.0
v 20.456211 35.110126 2.0
v 20.5 35.133976 2.0
v 20.542545 35.159973 2.0
v 20.583744 35.188061 2.0
v 20.623489 35.21817 2.0
v 20.661686 35.250217 2.0
v 20.698236 35.284134 2.0
v 20.733051 35.319828 2.0
v 20.766045 35.357212 2.0
v 20.797132 35.396194 2.0
v 20.826239 35.43668 2.0
v 20.853291 35.478565 2.0
v 20.878222 35.521748 2.0
v 20.900969 35.566116 2.0
v 20.921476 35.611565 2.0
v 20.939693 35.657978 2.0
v 20.955572 35.705246 2.0
v 20.969078 35.753242 2.0
v 20.980173 35.801853 2.0
v 20.988831 35.850956 2.0
v 20.995031 35.900433 2.0
v 20.998756 35.950153 2.0
v 64.0 40.0 2.0
v 63.995029 40.199383 2.0
v 63.980122 40.39827 2.0
v 63.955322 40.596169 2.0
v 63.920689 40.792583 2.0
v 63.876308 40.98703 2.0
v 63.822292 41.17902 2.0
v 63.75877 41.36808 2.0
v 63.685905 41.553738 2.0
v 63.603874 41.735535 2.0
v 63.512886 41.913017 2.0
v 63.413162 42.085739 2.0
v 63.304955 42.253281 2.0
v 63.18853 42.415218 2.0
v 63.064178 42.571152 2.0
v 62.932209 42.720692 2.0
v 62.792946 42.863468 2.0
v 62.646744 42.999126 2.0
v 62.493958 43.127327 2.0
v 62.334976 43.247753 2.0
v 62.170185 43.360104 2.0
v 62.0 43.4641 2.0
v 61.824844 43.559486 2.0
v 61.645149 43.646023 2.0
v 61.461365 43.723495 2.0
v 61.273945 43.79171 2.0
v 61.083363 43.850498 2.0
v 60.890083 43.899712 2.0
v 60.694592 43.939232 2.0
v 60.497375 43.968956 2.0
v 60.29892 43.988815 2.0
v 60.099724 43.998756 2.0
v 59.900276 43.998756 2.0
v 59.70108 43.988815 2.0
v 59.502625 43.968956 2.0
v 59.305408 43.939232 2.0
v 59.109917 43.899712 2.0
v 58.916637 43.850498 2.0
v 58.726055 43.79171 2.0
v 58.538635 43.723495 2.0
v 58.354851 43.646023 2.0
v 58.175156 43.559486 2.0
v 58.0 43.4641 2.0
v 57.829815 43.360104 2.0
v 57.665024 43.247753 2.0
v 57.506042 43.127327 2.0
v 57.353256 42.999126 2.0
v 57.207054 42.863468 2.0
v 57.067791 42.720692 2.0
v 56.935822 42.571152 2.0
v 56.81147 42.415218 2.0
v 56.695045 42.253281 2.0
v 56.586838 42.085739 2.0
v 56.487114 41.913017 2.0
v 56.396126 41.735535 2.0
v 56.314095 41.553738 2.0
v 56.24123 41.36808 2.0
v 56.177708 41.17902 2.0
v 56.123692 40.98703 2.0
v 56.079311 40.792583 2.0
v 56.044678 40.596169 2.0
v 56.019878 40.39827 2.0
v 56.004971 40.199383 2.0
v 56.0 40.0 2.0
v 56.004971 39.800617 2.0
v 56.019878 39.60173 2.0
v 56.044678 39.403831 2.0
v 56.079311 39.207417 2.0
v 56.123692 39.01297 2.0
v 56.177708 38.82098 2.0
v 56.24123 38.63192 2.0
v 56.314095 38.446262 2.0
v 56.396126 38.264465 2.0
v 56.487114 38.086983 2.0
v 56.586838 37.914261 2.0
v 56.695045 37.746719 2.0
v 56.81147 37.584782 2.0
v 56.935822 37.428848 2.0
v 57.067791 37.279308 2.0
v 57.207054 37.136532 2.0
v 57.353256 37.000874 2.0
v 57.506042 36.872673 2.0
v 57.665024 36.752247 2.0
v 57.829815 36.639896 2.0
v 58.0 36.5359 2.0
v 58.175156 36.440514 2.0
v 58.354851 36.353977 2.0
v 58.538635 36.276505 2.0
v 58.726055 36.20829 2.0
v 58.916637 36.149502 2.0
v 59.109917 36.100288 2.0
v 59.305408 36.060768 2.0
v 59.502625 36.031044 2.0
v 59.70108 36.011185 2.0
v 59.900276 36.001244 2.0
v 60.099724 36.001244 2.0
v 60.29892 36.011185 2.0
v 60.497375 36.031044 2.0
v 60.694592 36.060768 2.0
v 60.890083 36.100288 2.0
v 61.083363 36.149502 2.0
v 61.273945 36.20829 2.0
v 61.461365 36.276505 2.0
v 61.645149 36.353977 2.0
v 61.824844 36.440514 2.0
v 62.0 36.5359 2.0
v 62.170185 36.639896 2.0
v 62.334976 36.752247 2.0
v 62.493958 36.872673 2.0
v 62.646744 37.000874 2.0
v 62.792946 37.136532 2.0
v 62.932209 37.279308 2.0
v 63.064178 37.428848 2.0
v 63.18853 37.584782 2.0
v 63.304955 37.746719 2.0
v 63.413162 37.914261 2.0
v 63.512886 38.086983 2.0
v 63.603874 38.264465 2.0
v 63.685905 38.446262 2.0
v 63.75877 38.63192 2.0
v 63.822292 38.82098 2.0
v 63.876308 39.01297 2.0
v 63.920689 39.207417 2.0
v 63.955322 39.403831 2.0
v 63.980122 39.60173 2.0
v 63.995029 39.800617 2.0
v 43.5 49.5 2.0
v 43.498756 49.549847 2.0
v 43.495029 49.599567 2.0
v 43.488831 49.649044 2.0
v 43.480171 49.698147 2.0
v 43.469078 49.746758 2.0
v 43.455574 49.794754 2.0
v 43.439693 49.842022 2.0
v 43.421474 49.888435 2.0
v 43.40097 49.933884 2.0
v 43.378223 49.978252 2.0
v 43.353291 50.021435 2.0
v 43.326241 50.06332 2.0
v 43.297134 50.103806 2.0
v 43.266045 50.142788 2.0
v 43.233051 50.180172 2.0
v 43.198238 50.215866 2.0
v 43.161686 50.249783 2.0
v 43.123489 50.28183 2.0
v 43.083744 50.311939 2.0
v 43.042545 50.340027 2.0
v 43.0 50.366024 2.0
v 42.956211 50.389874 2.0
v 42.911285 50.411507 2.0
v 42.865341 50.430874 2.0
v 42.818485 50.447926 2.0
v 42.77084 50.462624 2.0
v 42.722523 50.47493 2.0
v 42.673649 50.484806 2.0
v 42.624344 50.492241 2.0
v 42.57473 50.497204 2.0
v 42.524929 50.499691 2.0
v 42.475071 50.499691 2.0
v 42.42527 50.497204 2.0
v 42.375656 50.492241 2.0
v 42.326351 50.484806 2.0
v 42.277477 50.47493 2.0
v 42.22916 50.462624 2.0
v 42.181515 50.447926 2.0
v 42.134659 50.430874 2.0
v 42.088715 50.411507 2.0
v 42.043789 50.389874 2.0
v 42.0 50.366024 2.0
v 41.957455 50.340027 2.0
v 41.916256 50.311939 2.0
v 41.876511 50.28183 2.0
v 41.838314 50.249783 2.0
v 41.801762 50.215866 2.0
v 41.766949 50.180172 2.0
v 41.733955 50.142788 2.0
v 41.702866 50.103806 2.0
v 41.673759 50.06332 2.0
v 41.646709 50.021435 2.0
v 41.621777 49.978252 2.0
v 41.59903 49.933884 2.0
v 41.578526 49.888435 2.0
v 41.560307 49.842022 2.0
v 41.544426 49.794754 2.0
v 41.530922 49.746758 2.0
v 41.519829 49.698147 2.0
v 41.511169 49.649044 2.0
v 41.504971 49.599567 2.0
v 41.501244 49.549847 2.0
v 41.5 49.5 2.0
v 41.501244 49.450153 2.0
v 41.504971 49.400433 2.0
v 41.511169 49.350956 2.0
v 41.519829 49.301853 2.0
v 41.530922 49.253242 2.0
v 41.544426 49.205246 2.0
v 41.560307 49.157978 2.0
v 41.578526 49.111565 2.0
v 41.59903 49.066116 2.0
v 41.621777 49.021748 2.0
v 41.646709 48.978565 2.0
v 41.673759 48.93668 2.0
v 41.702866 48.896194 2.0
v 41.733955 48.857212 2.0
v 41.766949 48.819828 2.0
v 41.801762 48.784134 2.0
v 41.838314 48.750217 2.0
v 41.876511 48.71817 2.0
v 41.916256 48.688061 2.0
v 41.957455 48.659973 2.0
v 42.0 48.633976 2.0
v 42.043789 48.610126 2.0
v 42.088715 48.588493 2.0
v 42.134659 48.569126 2.0
v 42.181515 48.552074 2.0
v 42.22916 48.537376 2.0
v 42.277477 48.52507 2.0
v 42.326351 48.515194 2.0
v 42.375656 48.507759 2.0
v 42.42527 48.502796 2.0
v 42.475071 48.500309 2.0
v 42.524929 48.500309 2.0
v 42.57473 48.502796 2.0
v 42.624344 48.507759 2.0
v 42.673649 48.515194 2.0
v 42.722523 48.52507 2.0
v 42.77084 48.537376 2.0
v 42.818485 48.552074 2.0
v 42.865341 48.569126 2.0
v 42.911285 48.588493 2.0
v 42.956211 48.610126 2.0
v 43.0 48.633976 2.0
v 43.042545 48.659973 2.0
v 43.083744 48.688061 2.0
v 43.123489 48.71817 2.0
v 43.161686 48.750217 2.0
v 43.198238 48.784134 2.0
v 43.233051 48.819828 2.0
v 43.266045 48.857212 2.0
v 43.297134 48.896194 2.0
v 43.326241 48.93668 2.0
v 43.353291 48.978565 2.0
v 43.378223 49.021748 2.0
v 43.40097 49.066116 2.0
v 43.421474 49.111565 2.0
v 43.439693 49.157978 2.0
v 43.455574 49.205246 2.0
v 43.469078 49.253242 2.0
v 43.480171 49.301853 2.0
v 43.488831 49.350956 2.0
v 43.495029 49.400433 2.0
v 43.498756 49.450153 2.0
v 59.0 9.0 28.0
v 61.900421 4.979741 37.0
v 61.952644 4.9262 37.0
v 62.007473 4.875328 37.0
v 61.850933 5.035819 37.0
v 62.064766 4.827253 37.0
v 61.804302 5.094294 37.0
v 62.124386 4.782093 37.0
v 61.760643 5.15502 37.0
v 62.18618 4.739961 37.0
v 61.720062 5.217847 37.0
v 62.25 4.700962 37.0
v 61.682667 5.282619 37.0
v 62.315685 4.665192 37.0
v 61.648548 5.349174 37.0
v 62.383068 4.632741 37.0
v 61.617786 5.417348 37.0
v 62.451988 4.603689 37.0
v 61.590462 5.48697 37.0
v 62.52227 4.578109 37.0
v 61.566639 5.557867 37.0
v 62.593739 4.556064 37.0
v 61.546383 5.629864 37.0
v 62.666218 4.537608 37.0
v 61.529739 5.702781 37.0
v 62.739529 4.522789 37.0
v 61.516754 5.776437 37.0
v 62.813484 4.511641 37.0
v 61.507454 5.850648 37.0
v 62.887905 4.504194 37.0
v 61.501865 5.925231 37.0
v 61.5 6.0 37.0
v 59.0 9.0 37.0
v 61.529739 6.297219 37.0
v 61.546383 6.370136 37.0
v 61.516754 6.223563 37.0
v 61.507454 6.149352 37.0
v 61.501865 6.074769 37.0
v 61.566639 6.442133 37.0
v 61.590462 6.51303 37.0
v 61.617786 6.582652 37.0
v 61.648548 6.650826 37.0
v 61.682667 6.717381 37.0
v 61.720062 6.782153 37.0
v 61.760643 6.84498 37.0
v 61.804302 6.905706 37.0
v 61.850933 6.964181 37.0
v 61.900421 7.020259 37.0
v 63.186516 4.511641 37.0
v 63.112095 4.504194 37.0
v 63.260471 4.522789 37.0
v 63.333782 4.537608 37.0
v 63.406261 4.556064 37.0
v 63.47773 4.578109 37.0
v 63.548012 4.603689 37.0
v 63.616932 4.632741 37.0
v 63.684315 4.665192 37.0
v 63.75 4.700962 37.0
v 63.81382 4.739961 37.0
v 63.875614 4.782093 37.0
v 63.935234 4.827253 37.0
v 63.992527 4.875328 37.0
v 64.047356 4.9262 37.0
v 62.962605 4.500466 37.0
v 63.037395 4.500466 37.0
v 61.952644 7.0738 37.0
v 64.099579 4.979741 37.0
v 62.007473 7.124672 37.0
v 64.149063 5.035819 37.0
v 62.064766 7.172747 37.0
v 64.195702 5.094294 37.0
v 62.124386 7.217907 37.0
v 64.239357 5.15502 37.0
v 62.18618 7.260039 37.0
v 64.279938 5.217847 37.0
v 62.25 7.299038 37.0
v 64.317329 5.282619 37.0
v 62.315685 7.334808 37.0
v 64.351456 5.349174 37.0
v 62.383068 7.367259 37.0
v 64.382217 5.417348 37.0
v 62.451988 7.396311 37.0
v 64.409538 5.48697 37.0
v 62.52227 7.421891 37.0
v 64.433357 5.557867 37.0
v 62.593739 7.443936 37.0
v 64.453613 5.629864 37.0
v 62.666218 7.462392 37.0
v 64.470261 5.702781 37.0
v 62.739529 7.477211 37.0
v 64.483246 5.776437 37.0
v 62.813484 7.488359 37.0
v 64.492546 5.850648 37.0
v 64.498138 5.925231 37.0
v 64.5 6.0 37.0
v 64.498138 6.074769 37.0
v 64.492546 6.149352 37.0
v 64.483246 6.223563 37.0
v 64.470261 6.297219 37.0
v 64.453613 6.370136 37.0
v 64.433357 6.442133 37.0
v 64.409538 6.51303 37.0
v 64.382217 6.582652 37.0
v 64.351456 6.650826 37.0
v 64.317329 6.717381 37.0
v 64.279938 6.782153 37.0
v 64.239357 6.84498 37.0
v 64.195702 6.905706 37.0
v 64.149063 6.964181 37.0
v 64.099579 7.020259 37.0
v 64.047356 7.0738 37.0
v 63.992527 7.124672 37.0
v 63.935234 7.172747 37.0
v 63.875614 7.217907 37.0
v 63.81382 7.260039 37.0
v 63.75 7.299038 37.0
v 63.684315 7.334808 37.0
v 63.616932 7.367259 37.0
v 63.548012 7.396311 37.0
v 63.47773 7.421891 37.0
v 63.406261 7.443936 37.0
v 63.333782 7.462392 37.0
v 63.260471 7.477211 37.0
v 63.186516 7.488359 37.0
v 63.112095 7.495806 37.0
v 63.037395 7.499534 37.0
v 62.962605 7.499534 37.0
v 62.887905 7.495806 37.0
v 1.900422 4.979741 37.0
v 1.952645 4.9262 37.0
v 2.007471 4.875328 37.0
v 1.850933 5.035819 37.0
v 2.064765 4.827253 37.0
v 1.804301 5.094294 37.0
v 2.124384 4.782093 37.0
v 1.760642 5.15502 37.0
v 2.186181 4.739961 37.0
v 1.720064 5.217847 37.0
v 2.25 4.700962 37.0
v 1.682668 5.282619 37.0
v 2.315684 4.665192 37.0
v 1.648547 5.349174 37.0
v 2.383069 4.632741 37.0
v 1.617786 5.417348 37.0
v 2.451988 4.603689 37.0
v 1.590461 5.48697 37.0
v 2.52227 4.578109 37.0
v 1.566641 5.557867 37.0
v 2.593739 4.556064 37.0
v 1.546384 5.629864 37.0
v 2.666219 4.537608 37.0
v 1.529741 5.702781 37.0
v 2.739528 4.522789 37.0
v 1.516754 5.776437 37.0
v 2.813484 4.511641 37.0
v 1.507454 5.850648 37.0
v 2.887905 4.504194 37.0
v 1.501865 5.925231 37.0
v 2.962604 4.500466 37.0
v 1.5 6.0 37.0
v 3.037396 4.500466 37.0
v 3.112095 4.504194 37.0
v 1.850933 6.964181 37.0
v 1.900422 7.020259 37.0
v 1.804301 6.905706 37.0
v 1.760642 6.84498 37.0
v 1.720064 6.782153 37.0
v 1.682668 6.717381 37.0
v 1.648547 6.650826 37.0
v 1.617786 6.582652 37.0
v 1.590461 6.51303 37.0
v 1.566641 6.442133 37.0
v 1.546384 6.370136 37.0
v 1.529741 6.297219 37.0
v 1.516754 6.223563 37.0
v 1.507454 6.149352 37.0
v 1.501865 6.074769 37.0
v 1.952645 7.0738 37.0
v 2.007471 7.124672 37.0
v 2.064765 7.172747 37.0
v 2.124384 7.217907 37.0
v 2.186181 7.260039 37.0
v 2.25 7.299038 37.0
v 2.315684 7.334808 37.0
v 2.383069 7.367259 37.0
v 2.451988 7.396311 37.0
v 2.52227 7.421891 37.0
v 3.186516 4.511641 37.0
v 3.260472 4.522789 37.0
v 3.333781 4.537608 37.0
v 3.406261 4.556064 37.0
v 3.47773 4.578109 37.0
v 3.548012 4.603689 37.0
v 3.616931 4.632741 37.0
v 3.684316 4.665192 37.0
v 3.75 4.700962 37.0
v 3.813819 4.739961 37.0
v 3.875616 4.782093 37.0
v 3.935235 4.827253 37.0
v 3.992529 4.875328 37.0
v 4.047355 4.9262 37.0
v 4.099578 4.979741 37.0
v 4.149066 5.035819 37.0
v 4.195699 5.094294 37.0
v 4.239358 5.15502 37.0
v 4.279936 5.217847 37.0
v 4.317332 5.282619 37.0
v 4.351453 5.349174 37.0
v 4.382215 5.417348 37.0
v 4.409539 5.48697 37.0
v 4.433359 5.557867 37.0
v 2.593739 7.443936 37.0
v 4.453616 5.629864 37.0
v 2.666219 7.462392 37.0
v 4.470259 5.702781 37.0
v 2.739528 7.477211 37.0
v 4.483246 5.776437 37.0
v 2.813484 7.488359 37.0
v 4.492546 5.850648 37.0
v 2.887905 7.495806 37.0
v 4.498136 5.925231 37.0
v 2.962604 7.499534 37.0
v 4.5 6.0 37.0
v 3.037396 7.499534 37.0
v 7.0 9.0 37.0
v 4.498136 6.074769 37.0
v 4.492546 6.149352 37.0
v 4.483246 6.223563 37.0
v 4.470259 6.297219 37.0
v 4.453616 6.370136 37.0
v 4.433359 6.442133 37.0
v 4.409539 6.51303 37.0
v 4.382215 6.582652 37.0
v 4.351453 6.650826 37.0
v 4.317332 6.717381 37.0
v 4.279936 6.782153 37.0
v 4.239358 6.84498 37.0
v 4.195699 6.905706 37.0
v 4.149066 6.964181 37.0
v 4.099578 7.020259 37.0
v 4.047355 7.0738 37.0
v 3.992529 7.124672 37.0
v 3.935235 7.172747 37.0
v 3.875616 7.217907 37.0
v 3.813819 7.260039 37.0
v 3.75 7.299038 37.0
v 3.684316 7.334808 37.0
v 3.616931 7.367259 37.0
v 3.548012 7.396311 37.0
v 3.47773 7.421891 37.0
v 3.406261 7.443936 37.0
v 3.333781 7.462392 37.0
v 3.260472 7.477211 37.0
v 3.186516 7.488359 37.0
v 3.112095 7.495806 37.0
v 7.0 9.0 28.0
v 4.800844 13.209482 2.0
v 4.90529 13.1024 2.0
v 5.014943 13.000656 2.0
v 4.701867 13.321637 2.0
v 5.12953 12.904506 2.0
v 4.608603 13.438587 2.0
v 5.248769 12.814186 2.0
v 4.521284 13.56004 2.0
v 5.372361 12.729922 2.0
v 4.440127 13.685695 2.0
v 5.5 12.651924 2.0
v 4.365335 13.815238 2.0
v 5.631368 12.580384 2.0
v 4.297093 13.948349 2.0
v 5.766139 12.515483 2.0
v 4.235571 14.084696 2.0
v 5.903977 12.457378 2.0
v 4.180922 14.22394 2.0
v 6.04454 12.406218 2.0
v 4.133282 14.365734 2.0
v 6.187479 12.362127 2.0
v 4.092768 14.509727 2.0
v 6.332437 12.325216 2.0
v 4.059483 14.655561 2.0
v 6.479055 12.295577 2.0
v 4.033507 14.802874 2.0
v 6.626969 12.273282 2.0
v 4.014908 14.951297 2.0
v 6.77581 12.258389 2.0
v 4.003729 15.100462 2.0
v 6.925208 12.250933 2.0
v 4.0 15.25 2.0
v 7.074792 12.250933 2.0
v 4.003729 15.399538 2.0
v 7.22419 12.258389 2.0
v 4.014908 15.548703 2.0
v 7.373031 12.273282 2.0
v 4.033507 15.697126 2.0
v 7.520945 12.295577 2.0
v 4.059483 15.844439 2.0
v 7.667563 12.325216 2.0
v 4.092768 15.990273 2.0
v 7.812521 12.362127 2.0
v 7.95546 12.406218 2.0
v 8.096023 12.457378 2.0
v 8.233861 12.515483 2.0
v 8.368632 12.580384 2.0
v 8.5 12.651924 2.0
v 8.627639 12.729922 2.0
v 8.751231 12.814186 2.0
v 8.096023 18.042622 2.0
v 8.233861 17.984518 2.0
v 7.95546 18.093782 2.0
v 7.812521 18.137873 2.0
v 8.368632 17.919615 2.0
v 7.667563 18.174784 2.0
v 8.5 17.848076 2.0
v 7.520945 18.204424 2.0
v 8.627639 17.770079 2.0
v 7.373031 18.226717 2.0
v 8.751231 17.685814 2.0
v 8.870469 17.595495 2.0
v 7.22419 18.241611 2.0
v 7.074792 18.249067 2.0
v 8.985058 17.499344 2.0
v 6.925208 18.249067 2.0
v 9.09471 17.3976 2.0
v 6.77581 18.241611 2.0
v 9.199156 17.290518 2.0
v 6.626969 18.226717 2.0
v 9.298133 17.178362 2.0
v 6.479055 18.204424 2.0
v 9.391397 17.061413 2.0
v 6.332437 18.174784 2.0
v 9.478716 16.93996 2.0
v 6.187479 18.137873 2.0
v 9.559873 16.814306 2.0
v 6.04454 18.093782 2.0
v 9.634665 16.684761 2.0
v 9.702907 16.551651 2.0
v 9.764429 16.415304 2.0
v 9.819077 16.27606 2.0
v 9.866718 16.134266 2.0
v 9.907232 15.990273 2.0
v 4.800844 54.70948 2.0
v 4.90529 17.3976 2.0
v 4.90529 54.602398 2.0
v 4.800844 17.290518 2.0
v 4.701867 17.178362 2.0
v 5.014943 54.500656 2.0
v 5.014943 17.499344 2.0
v 5.12953 17.595495 2.0
v 4.701867 54.821636 2.0
v 5.12953 54.404507 2.0
v 4.608603 54.938587 2.0
v 4.608603 17.061413 2.0
v 5.248769 54.314186 2.0
v 5.248769 17.685814 2.0
v 4.521284 55.06004 2.0
v 4.521284 16.93996 2.0
v 5.372361 54.229923 2.0
v 5.372361 17.770079 2.0
v 4.440127 55.185696 2.0
v 4.440127 16.814306 2.0
v 5.5 54.151924 2.0
v 5.5 17.848076 2.0
v 5.631368 17.919615 2.0
v 4.365335 55.315239 2.0
v 4.365335 16.684761 2.0
v 4.297093 16.551651 2.0
v 5.631368 54.080383 2.0
v 4.297093 55.448349 2.0
v 5.766139 54.015484 2.0
v 5.766139 17.984518 2.0
v 5.903977 18.042622 2.0
v 4.235571 55.584694 2.0
v 4.235571 16.415304 2.0
v 5.903977 53.957378 2.0
v 4.180922 55.723938 2.0
v 4.180922 16.27606 2.0
v 6.04454 53.906219 2.0
v 4.133282 55.865734 2.0
v 4.133282 16.134266 2.0
v 6.187479 53.862125 2.0
v 4.092768 56.009727 2.0
v 6.332437 53.825214 2.0
v 6.479055 53.795578 2.0
v 6.626969 53.773281 2.0
v 47.405289 13.1024 2.0
v 9.09471 13.1024 2.0
v 8.985058 13.000656 2.0
v 47.300846 13.209482 2.0
v 9.199156 13.209482 2.0
v 47.514942 13.000656 2.0
v 47.201866 13.321637 2.0
v 9.298133 13.321637 2.0
v 47.629532 12.904506 2.0
v 8.870469 12.904506 2.0
v 6.77581 53.758389 2.0
v 47.108601 13.438587 2.0
v 9.391397 13.438587 2.0
v 47.748768 12.814186 2.0
v 47.021282 13.56004 2.0
v 9.478716 13.56004 2.0
v 47.87236 12.729922 2.0
v 46.940128 13.685695 2.0
v 9.559873 13.685695 2.0
v 48.0 12.651924 2.0
v 6.925208 53.750931 2.0
v 46.865334 13.815238 2.0
v 9.634665 13.815238 2.0
v 48.131367 12.580384 2.0
v 46.797092 13.948349 2.0
v 9.702907 13.948349 2.0
v 48.26614 12.515483 2.0
v 46.735573 14.084696 2.0
v 9.764429 14.084696 2.0
v 7.074792 53.750931 2.0
v 48.403976 12.457378 2.0
v 46.680923 14.22394 2.0
v 9.819077 14.22394 2.0
v 48.54454 12.406218 2.0
v 7.22419 53.758389 2.0
v 7.373031 53.773281 2.0
v 7.520945 53.795578 2.0
v 7.667563 53.825214 2.0
v 7.812521 53.862125 2.0
v 7.95546 53.906219 2.0
v 8.096023 53.957378 2.0
v 8.233861 54.015484 2.0
v 8.368632 54.080383 2.0
v 8.5 54.151924 2.0
v 8.627639 54.229923 2.0
v 8.751231 54.314186 2.0
v 8.870469 54.404507 2.0
v 8.985058 54.500656 2.0
v 9.866718 14.365734 2.0
v 9.907232 14.509727 2.0
v 46.633282 14.365734 2.0
v 9.940517 14.655561 2.0
v 46.59277 14.509727 2.0
v 46.559483 14.655561 2.0
v 9.966493 14.802874 2.0
v 46.533508 14.802874 2.0
v 9.985092 14.951297 2.0
v 46.514908 14.951297 2.0
v 9.996271 15.100462 2.0
v 46.503731 15.100462 2.0
v 10.0 15.25 2.0
v 9.996271 15.399538 2.0
v 9.09471 54.602398 2.0
v 46.5 15.25 2.0
v 9.985092 15.548703 2.0
v 46.503731 15.399538 2.0
v 9.966493 15.697126 2.0
v 46.514908 15.548703 2.0
v 9.940517 15.844439 2.0
v 46.533508 15.697126 2.0
v 46.559483 15.844439 2.0
v 9.199156 54.70948 2.0
v 46.59277 15.990273 2.0
v 46.633282 16.134266 2.0
v 46.680923 16.27606 2.0
v 9.298133 54.821636 2.0
v 46.735573 16.415304 2.0
v 46.797092 16.551651 2.0
v 46.865334 16.684761 2.0
v 9.391397 54.938587 2.0
v 46.940128 16.814306 2.0
v 47.021282 16.93996 2.0
v 9.478716 55.06004 2.0
v 47.108601 17.061413 2.0
v 47.201866 17.178362 2.0
v 9.559873 55.185696 2.0
v 47.300846 17.290518 2.0
v 47.405289 17.3976 2.0
v 9.634665 55.315239 2.0
v 47.514942 17.499344 2.0
v 9.702907 55.448349 2.0
v 47.629532 17.595495 2.0
v 9.764429 55.584694 2.0
v 47.748768 17.685814 2.0
v 9.819077 55.723938 2.0
v 47.87236 17.770079 2.0
v 9.866718 55.865734 2.0
v 48.0 17.848076 2.0
v 9.907232 56.009727 2.0
v 48.131367 17.919615 2.0
v 48.26614 17.984518 2.0
v 48.403976 18.042622 2.0
v 48.54454 18.093782 2.0
v 48.687477 18.137873 2.0
v 48.832436 18.174784 2.0
v 48.979057 18.204424 2.0
v 49.126968 18.226717 2.0
v 49.27581 18.241611 2.0
v 49.425209 18.249067 2.0
v 49.574791 18.249067 2.0
v 49.72419 18.241611 2.0
v 49.873032 18.226717 2.0
v 50.020943 18.204424 2.0
v 50.167564 18.174784 2.0
v 8.627639 59.270077 2.0
v 8.751231 59.185814 2.0
v 8.5 59.348076 2.0
v 8.368632 59.419617 2.0
v 8.233861 59.484516 2.0
v 8.096023 59.542622 2.0
v 7.95546 59.593781 2.0
v 7.812521 59.637875 2.0
v 7.667563 59.674786 2.0
v 7.520945 59.704422 2.0
v 7.373031 59.726719 2.0
v 7.22419 59.741611 2.0
v 7.074792 59.749069 2.0
v 6.925208 59.749069 2.0
v 6.77581 59.741611 2.0
v 6.626969 59.726719 2.0
v 6.479055 59.704422 2.0
v 6.332437 59.674786 2.0
v 6.187479 59.637875 2.0
v 6.04454 59.593781 2.0
v 5.903977 59.542622 2.0
v 5.766139 59.484516 2.0
v 5.631368 59.419617 2.0
v 5.5 59.348076 2.0
v 5.372361 59.270077 2.0
v 5.248769 59.185814 2.0
v 5.12953 59.095493 2.0
v 5.014943 58.999344 2.0
v 4.90529 58.897602 2.0
v 4.800844 58.79052 2.0
v 4.701867 58.678364 2.0
v 4.608603 58.561413 2.0
v 4.521284 58.43996 2.0
v 4.440127 58.314304 2.0
v 4.365335 58.184761 2.0
v 4.297093 58.051651 2.0
v 4.235571 57.915306 2.0
v 4.180922 57.776062 2.0
v 4.133282 57.634266 2.0
v 4.092768 57.490273 2.0
v 4.059483 57.344437 2.0
v 4.033507 57.197128 2.0
v 4.014908 57.048702 2.0
v 4.003729 56.899536 2.0
v 4.0 56.75 2.0
v 4.003729 56.600464 2.0
v 4.014908 56.451298 2.0
v 4.033507 56.302872 2.0
v 4.059483 56.155563 2.0
v 48.687477 12.362127 2.0
v 48.832436 12.325216 2.0
v 48.979057 12.295577 2.0
v 49.126968 12.273282 2.0
v 49.27581 12.258389 2.0
v 49.425209 12.250933 2.0
v 49.574791 12.250933 2.0
v 49.72419 12.258389 2.0
v 49.873032 12.273282 2.0
v 50.020943 12.295577 2.0
v 50.167564 12.325216 2.0
v 50.312523 12.362127 2.0
v 50.45546 12.406218 2.0
v 52.496269 15.399538 2.0
v 52.5 15.25 2.0
v 50.596024 12.457378 2.0
v 52.485092 15.548703 2.0
v 50.73386 12.515483 2.0
v 52.466492 15.697126 2.0
v 50.868633 12.580384 2.0
v 52.440517 15.844439 2.0
v 51.0 12.651924 2.0
v 52.40723 15.990273 2.0
v 51.12764 12.729922 2.0
v 51.251232 12.814186 2.0
v 51.370468 12.904506 2.0
v 51.485058 13.000656 2.0
v 51.594711 13.1024 2.0
v 51.699154 13.209482 2.0
v 51.798134 13.321637 2.0
v 51.891399 13.438587 2.0
v 51.978718 13.56004 2.0
v 52.059872 13.685695 2.0
v 52.134666 13.815238 2.0
v 52.202908 13.948349 2.0
v 52.264427 14.084696 2.0
v 52.319077 14.22394 2.0
v 52.366718 14.365734 2.0
v 52.40723 14.509727 2.0
v 52.440517 14.655561 2.0
v 52.466492 14.802874 2.0
v 52.485092 14.951297 2.0
v 52.496269 15.100462 2.0
v 9.940517 56.155563 2.0
v 9.966493 56.302872 2.0
v 9.985092 56.451298 2.0
v 9.996271 56.600464 2.0
v 10.0 56.75 2.0
v 9.996271 56.899536 2.0
v 9.985092 57.048702 2.0
v 9.966493 57.197128 2.0
v 9.940517 57.344437 2.0
v 9.907232 57.490273 2.0
v 9.866718 57.634266 2.0
v 9.819077 57.776062 2.0
v 50.312523 18.137873 2.0
v 50.45546 18.093782 2.0
v 50.596024 18.042622 2.0
v 50.73386 17.984518 2.0
v 50.868633 17.919615 2.0
v 51.0 17.848076 2.0
v 51.12764 17.770079 2.0
v 51.251232 17.685814 2.0
v 51.370468 17.595495 2.0
v 51.485058 17.499344 2.0
v 51.594711 17.3976 2.0
v 51.699154 17.290518 2.0
v 51.798134 17.178362 2.0
v 51.891399 17.061413 2.0
v 51.978718 16.93996 2.0
v 52.059872 16.814306 2.0
v 52.134666 16.684761 2.0
v 52.202908 16.551651 2.0
v 52.264427 16.415304 2.0
v 52.319077 16.27606 2.0
v 52.366718 16.134266 2.0
v 47.405289 54.602398 2.0
v 47.300846 54.70948 2.0
v 47.514942 54.500656 2.0
v 47.201866 54.821636 2.0
v 47.629532 54.404507 2.0
v 47.108601 54.938587 2.0
v 47.748768 54.314186 2.0
v 47.021282 55.06004 2.0
v 47.87236 54.229923 2.0
v 46.940128 55.185696 2.0
v 48.0 54.151924 2.0
v 46.865334 55.315239 2.0
v 48.131367 54.080383 2.0
v 46.797092 55.448349 2.0
v 48.26614 54.015484 2.0
v 46.735573 55.584694 2.0
v 48.403976 53.957378 2.0
v 46.680923 55.723938 2.0
v 48.54454 53.906219 2.0
v 46.633282 55.865734 2.0
v 48.687477 53.862125 2.0
v 46.59277 56.009727 2.0
v 48.832436 53.825214 2.0
v 46.559483 56.155563 2.0
v 48.979057 53.795578 2.0
v 46.533508 56.302872 2.0
v 49.126968 53.773281 2.0
v 46.514908 56.451298 2.0
v 49.27581 53.758389 2.0
v 46.503731 56.600464 2.0
v 49.425209 53.750931 2.0
v 46.5 56.75 2.0
v 49.574791 53.750931 2.0
v 46.503731 56.899536 2.0
v 49.72419 53.758389 2.0
v 46.514908 57.048702 2.0
v 49.873032 53.773281 2.0
v 46.533508 57.197128 2.0
v 50.020943 53.795578 2.0
v 46.559483 57.344437 2.0
v 50.167564 53.825214 2.0
v 46.59277 57.490273 2.0
v 50.312523 53.862125 2.0
v 46.633282 57.634266 2.0
v 50.45546 53.906219 2.0
v 46.680923 57.776062 2.0
v 50.596024 53.957378 2.0
v 46.735573 57.915306 2.0
v 9.764429 57.915306 2.0
v 50.73386 54.015484 2.0
v 46.797092 58.051651 2.0
v 9.702907 58.051651 2.0
v 50.868633 54.080383 2.0
v 46.865334 58.184761 2.0
v 9.634665 58.184761 2.0
v 9.559873 58.314304 2.0
v 51.0 54.151924 2.0
v 46.940128 58.314304 2.0
v 51.12764 54.229923 2.0
v 47.021282 58.43996 2.0
v 9.478716 58.43996 2.0
v 51.251232 54.314186 2.0
v 47.108601 58.561413 2.0
v 9.391397 58.561413 2.0
v 51.370468 54.404507 2.0
v 47.201866 58.678364 2.0
v 9.298133 58.678364 2.0
v 51.485058 54.500656 2.0
v 47.300846 58.79052 2.0
v 9.199156 58.79052 2.0
v 51.594711 54.602398 2.0
v 47.405289 58.897602 2.0
v 9.09471 58.897602 2.0
v 51.699154 54.70948 2.0
v 47.514942 58.999344 2.0
v 8.985058 58.999344 2.0
v 8.870469 59.095493 2.0
v 51.798134 54.821636 2.0
v 47.629532 59.095493 2.0
v 51.891399 54.938587 2.0
v 47.748768 59.185814 2.0
v 51.978718 55.06004 2.0
v 47.87236 59.270077 2.0
v 52.059872 55.185696 2.0
v 48.0 59.348076 2.0
v 52.134666 55.315239 2.0
v 48.131367 59.419617 2.0
v 52.202908 55.448349 2.0
v 52.264427 55.584694 2.0
v 52.319077 55.723938 2.0
v 52.366718 55.865734 2.0
v 52.40723 56.009727 2.0
v 52.440517 56.155563 2.0
v 52.466492 56.302872 2.0
v 52.485092 56.451298 2.0
v 52.496269 56.600464 2.0
v 50.73386 59.484516 2.0
v 50.868633 59.419617 2.0
v 50.596024 59.542622 2.0
v 52.5 56.75 2.0
v 50.45546 59.593781 2.0
v 50.312523 59.637875 2.0
v 50.167564 59.674786 2.0
v 50.020943 59.704422 2.0
v 49.873032 59.726719 2.0
v 49.72419 59.741611 2.0
v 49.574791 59.749069 2.0
v 49.425209 59.749069 2.0
v 49.27581 59.741611 2.0
v 49.126968 59.726719 2.0
v 48.979057 59.704422 2.0
v 48.832436 59.674786 2.0
v 52.496269 56.899536 2.0
v 52.485092 57.048702 2.0
v 52.466492 57.197128 2.0
v 52.440517 57.344437 2.0
v 52.40723 57.490273 2.0
v 52.366718 57.634266 2.0
v 52.319077 57.776062 2.0
v 52.264427 57.915306 2.0
v 52.202908 58.051651 2.0
v 52.134666 58.184761 2.0
v 52.059872 58.314304 2.0
v 51.978718 58.43996 2.0
v 51.891399 58.561413 2.0
v 51.798134 58.678364 2.0
v 51.699154 58.79052 2.0
v 51.594711 58.897602 2.0
v 51.485058 58.999344 2.0
v 51.370468 59.095493 2.0
v 51.251232 59.185814 2.0
v 51.12764 59.270077 2.0
v 51.0 59.348076 2.0
v 48.687477 59.637875 2.0
v 48.54454 59.593781 2.0
v 48.403976 59.542622 2.0
v 48.26614 59.484516 2.0
v 61.900421 64.979744 37.0
v 59.0 63.0 37.0
v 61.952644 64.926201 37.0
v 62.007473 64.875328 37.0
v 61.850933 65.03582 37.0
v 62.064766 64.827255 37.0
v 61.804302 65.094292 37.0
v 62.124386 64.782089 37.0
v 61.760643 65.155022 37.0
v 62.18618 64.73996 37.0
v 61.720062 65.21785 37.0
v 62.25 64.700958 37.0
v 61.682667 65.282616 37.0
v 62.315685 64.665192 37.0
v 61.648548 65.349174 37.0
v 62.383068 64.632744 37.0
v 61.617786 65.417351 37.0
v 62.451988 64.603691 37.0
v 61.590462 65.486969 37.0
v 62.52227 64.57811 37.0
v 61.566639 65.557869 37.0
v 62.593739 64.556061 37.0
v 61.546383 65.629868 37.0
v 62.666218 64.537605 37.0
v 61.529739 65.702782 37.0
v 62.739529 64.522789 37.0
v 61.516754 65.776436 37.0
v 62.813484 64.511642 37.0
v 61.507454 65.850647 37.0
v 62.887905 64.504196 37.0
v 61.501865 65.925232 37.0
v 61.5 66.0 37.0
v 61.529739 66.297218 37.0
v 61.546383 66.370132 37.0
v 61.516754 66.223564 37.0
v 61.507454 66.149353 37.0
v 61.501865 66.074768 37.0
v 61.566639 66.442131 37.0
v 61.590462 66.513031 37.0
v 61.617786 66.582649 37.0
v 61.648548 66.650826 37.0
v 61.682667 66.717384 37.0
v 61.720062 66.78215 37.0
v 61.760643 66.844978 37.0
v 61.804302 66.905708 37.0
v 61.850933 66.96418 37.0
v 61.900421 67.020256 37.0
v 63.186516 64.511642 37.0
v 63.112095 64.504196 37.0
v 63.260471 64.522789 37.0
v 63.333782 64.537605 37.0
v 63.406261 64.556061 37.0
v 63.47773 64.57811 37.0
v 63.548012 64.603691 37.0
v 63.616932 64.632744 37.0
v 63.684315 64.665192 37.0
v 63.75 64.700958 37.0
v 63.81382 64.73996 37.0
v 63.875614 64.782089 37.0
v 63.935234 64.827255 37.0
v 63.992527 64.875328 37.0
v 64.047356 64.926201 37.0
v 62.962605 64.500465 37.0
v 63.037395 64.500465 37.0
v 61.952644 67.073799 37.0
v 64.099579 64.979744 37.0
v 62.007473 67.124672 37.0
v 64.149063 65.03582 37.0
v 62.064766 67.172745 37.0
v 64.195702 65.094292 37.0
v 62.124386 67.217911 37.0
v 64.239357 65.155022 37.0
v 62.18618 67.26004 37.0
v 64.279938 65.21785 37.0
v 62.25 67.299042 37.0
v 64.317329 65.282616 37.0
v 62.315685 67.334808 37.0
v 64.351456 65.349174 37.0
v 62.383068 67.367256 37.0
v 64.382217 65.417351 37.0
v 62.451988 67.396309 37.0
v 64.409538 65.486969 37.0
v 62.52227 67.42189 37.0
v 64.433357 65.557869 37.0
v 62.593739 67.443939 37.0
v 64.453613 65.629868 37.0
v 62.666218 67.462395 37.0
v 64.470261 65.702782 37.0
v 62.739529 67.477211 37.0
v 64.483246 65.776436 37.0
v 62.813484 67.488358 37.0
v 64.492546 65.850647 37.0
v 64.498138 65.925232 37.0
v 64.5 66.0 37.0
v 64.498138 66.074768 37.0
v 64.492546 66.149353 37.0
v 64.483246 66.223564 37.0
v 64.470261 66.297218 37.0
v 64.453613 66.370132 37.0
v 64.433357 66.442131 37.0
v 64.409538 66.513031 37.0
v 64.382217 66.582649 37.0
v 64.351456 66.650826 37.0
v 64.317329 66.717384 37.0
v 64.279938 66.78215 37.0
v 64.239357 66.844978 37.0
v 64.195702 66.905708 37.0
v 64.149063 66.96418 37.0
v 64.099579 67.020256 37.0
v 64.047356 67.073799 37.0
v 63.992527 67.124672 37.0
v 63.935234 67.172745 37.0
v 63.875614 67.217911 37.0
v 63.81382 67.26004 37.0
v 63.75 67.299042 37.0
v 63.684315 67.334808 37.0
v 63.616932 67.367256 37.0
v 63.548012 67.396309 37.0
v 63.47773 67.42189 37.0
v 63.406261 67.443939 37.0
v 63.333782 67.462395 37.0
v 63.260471 67.477211 37.0
v 63.186516 67.488358 37.0
v 63.112095 67.495804 37.0
v 63.037395 67.499535 37.0
v 62.962605 67.499535 37.0
v 62.887905 67.495804 37.0
v 59.0 63.0 28.0
v 1.900422 64.979744 37.0
v 1.952645 64.926201 37.0
v 2.007471 64.875328 37.0
v 1.850933 65.03582 37.0
v 2.064765 64.827255 37.0
v 1.804301 65.094292 37.0
v 2.124384 64.782089 37.0
v 1.760642 65.155022 37.0
v 2.186181 64.73996 37.0
v 1.720064 65.21785 37.0
v 2.25 64.700958 37.0
v 1.682668 65.282616 37.0
v 2.315684 64.665192 37.0
v 1.648547 65.349174 37.0
v 2.383069 64.632744 37.0
v 1.617786 65.417351 37.0
v 2.451988 64.603691 37.0
v 1.590461 65.486969 37.0
v 2.52227 64.57811 37.0
v 1.566641 65.557869 37.0
v 2.593739 64.556061 37.0
v 1.546384 65.629868 37.0
v 2.666219 64.537605 37.0
v 1.529741 65.702782 37.0
v 2.739528 64.522789 37.0
v 1.516754 65.776436 37.0
v 2.813484 64.511642 37.0
v 1.507454 65.850647 37.0
v 2.887905 64.504196 37.0
v 1.501865 65.925232 37.0
v 2.962604 64.500465 37.0
v 1.5 66.0 37.0
v 3.037396 64.500465 37.0
v 3.112095 64.504196 37.0
v 1.850933 66.96418 37.0
v 1.900422 67.020256 37.0
v 1.804301 66.905708 37.0
v 1.760642 66.844978 37.0
v 1.720064 66.78215 37.0
v 1.682668 66.717384 37.0
v 1.648547 66.650826 37.0
v 1.617786 66.582649 37.0
v 1.590461 66.513031 37.0
v 1.566641 66.442131 37.0
v 1.546384 66.370132 37.0
v 1.529741 66.297218 37.0
v 1.516754 66.223564 37.0
v 1.507454 66.149353 37.0
v 1.501865 66.074768 37.0
v 1.952645 67.073799 37.0
v 2.007471 67.124672 37.0
v 2.064765 67.172745 37.0
v 2.124384 67.217911 37.0
v 2.186181 67.26004 37.0
v 2.25 67.299042 37.0
v 2.315684 67.334808 37.0
v 2.383069 67.367256 37.0
v 2.451988 67.396309 37.0
v 2.52227 67.42189 37.0
v 7.0 63.0 37.0
v 3.186516 64.511642 37.0
v 3.260472 64.522789 37.0
v 3.333781 64.537605 37.0
v 3.406261 64.556061 37.0
v 3.47773 64.57811 37.0
v 3.548012 64.603691 37.0
v 3.616931 64.632744 37.0
v 3.684316 64.665192 37.0
v 3.75 64.700958 37.0
v 3.813819 64.73996 37.0
v 3.875616 64.782089 37.0
v 3.935235 64.827255 37.0
v 3.992529 64.875328 37.0
v 4.047355 64.926201 37.0
v 4.099578 64.979744 37.0
v 4.149066 65.03582 37.0
v 4.195699 65.094292 37.0
v 4.239358 65.155022 37.0
v 4.279936 65.21785 37.0
v 4.317332 65.282616 37.0
v 4.351453 65.349174 37.0
v 4.382215 65.417351 37.0
v 4.409539 65.486969 37.0
v 4.433359 65.557869 37.0
v 2.593739 67.443939 37.0
v 4.453616 65.629868 37.0
v 2.666219 67.462395 37.0
v 4.470259 65.702782 37.0
v 2.739528 67.477211 37.0
v 4.483246 65.776436 37.0
v 2.813484 67.488358 37.0
v 4.492546 65.850647 37.0
v 2.887905 67.495804 37.0
v 4.498136 65.925232 37.0
v 2.962604 67.499535 37.0
v 4.5 66.0 37.0
v 3.037396 67.499535 37.0
v 4.498136 66.074768 37.0
v 4.492546 66.149353 37.0
v 4.483246 66.223564 37.0
v 4.470259 66.297218 37.0
v 4.453616 66.370132 37.0
v 4.433359 66.442131 37.0
v 4.409539 66.513031 37.0
v 4.382215 66.582649 37.0
v 4.351453 66.650826 37.0
v 4.317332 66.717384 37.0
v 4.279936 66.78215 37.0
v 4.239358 66.844978 37.0
v 4.195699 66.905708 37.0
v 4.149066 66.96418 37.0
v 4.099578 67.020256 37.0
v 4.047355 67.073799 37.0
v 3.992529 67.124672 37.0
v 3.935235 67.172745 37.0
v 3.875616 67.217911 37.0
v 3.813819 67.26004 37.0
v 3.75 67.299042 37.0
v 3.684316 67.334808 37.0
v 3.616931 67.367256 37.0
v 3.548012 67.396309 37.0
v 3.47773 67.42189 37.0
v 3.406261 67.443939 37.0
v 3.333781 67.462395 37.0
v 3.260472 67.477211 37.0
v 3.186516 67.488358 37.0
v 3.112095 67.495804 37.0
v 7.0 63.0 28.0
v 3.0 22.5 25.5
v 3.0 22.5 10.5
v 1.0 36.0 10.5
v 2.0 36.0 10.5
v 3.0 50.0 10.5
v 2.0 36.5 10.5
v 1.0 36.5 10.5
v 3.0 20.5 25.5
v 3.0 50.0 25.5
v 3.0 20.5 8.5
v 3.0 52.0 25.5
v 3.0 52.0 8.5
v 64.498138 6.074769 31.0
v 64.5 6.0 31.0
v 64.492546 6.149352 31.0
v 64.483246 6.223563 31.0
v 64.470261 6.297219 31.0
v 64.453613 6.370136 31.0
v 64.433357 6.442133 31.0
v 64.409538 6.51303 31.0
v 64.382217 6.582652 31.0
v 64.351456 6.650826 31.0
v 64.317329 6.717381 31.0
v 64.279938 6.782153 31.0
v 64.239357 6.84498 31.0
v 64.195702 6.905706 31.0
v 64.149063 6.964181 31.0
v 64.099579 7.020259 31.0
v 64.047356 7.0738 31.0
v 63.992527 7.124672 31.0
v 63.935234 7.172747 31.0
v 63.875614 7.217907 31.0
v 63.81382 7.260039 31.0
v 63.75 7.299038 31.0
v 63.684315 7.334808 31.0
v 63.616932 7.367259 31.0
v 63.548012 7.396311 31.0
v 63.47773 7.421891 31.0
v 63.406261 7.443936 31.0
v 63.333782 7.462392 31.0
v 63.260471 7.477211 31.0
v 63.186516 7.488359 31.0
v 63.112095 7.495806 31.0
v 63.037395 7.499534 31.0
v 62.962605 7.499534 31.0
v 62.887905 7.495806 31.0
v 62.813484 7.488359 31.0
v 62.739529 7.477211 31.0
v 62.666218 7.462392 31.0
v 62.593739 7.443936 31.0
v 62.52227 7.421891 31.0
v 62.451988 7.396311 31.0
v 62.383068 7.367259 31.0
v 62.315685 7.334808 31.0
v 62.25 7.299038 31.0
v 62.18618 7.260039 31.0
v 62.124386 7.217907 31.0
v 62.064766 7.172747 31.0
v 62.007473 7.124672 31.0
v 61.952644 7.0738 31.0
v 61.900421 7.020259 31.0
v 61.850933 6.964181 31.0
v 61.804302 6.905706 31.0
v 61.760643 6.84498 31.0
v 61.720062 6.782153 31.0
v 61.682667 6.717381 31.0
v 61.648548 6.650826 31.0
v 61.617786 6.582652 31.0
v 61.590462 6.51303 31.0
v 61.566639 6.442133 31.0
v 61.546383 6.370136 31.0
v 61.529739 6.297219 31.0
v 61.516754 6.223563 31.0
v 61.507454 6.149352 31.0
v 61.501865 6.074769 31.0
v 61.5 6.0 31.0
v 61.501865 5.925231 31.0
v 61.507454 5.850648 31.0
v 61.516754 5.776437 31.0
v 61.529739 5.702781 31.0
v 61.546383 5.629864 31.0
v 61.566639 5.557867 31.0
v 61.590462 5.48697 31.0
v 61.617786 5.417348 31.0
v 61.648548 5.349174 31.0
v 61.682667 5.282619 31.0
v 61.720062 5.217847 31.0
v 61.760643 5.15502 31.0
v 61.804302 5.094294 31.0
v 61.850933 5.035819 31.0
v 61.900421 4.979741 31.0
v 61.952644 4.9262 31.0
v 62.007473 4.875328 31.0
v 62.064766 4.827253 31.0
v 62.124386 4.782093 31.0
v 62.18618 4.739961 31.0
v 62.25 4.700962 31.0
v 62.315685 4.665192 31.0
v 62.383068 4.632741 31.0
v 62.451988 4.603689 31.0
v 62.52227 4.578109 31.0
v 62.593739 4.556064 31.0
v 62.666218 4.537608 31.0
v 62.739529 4.522789 31.0
v 62.813484 4.511641 31.0
v 62.887905 4.504194 31.0
v 62.962605 4.500466 31.0
v 63.037395 4.500466 31.0
v 63.112095 4.504194 31.0
v 63.186516 4.511641 31.0
v 63.260471 4.522789 31.0
v 63.333782 4.537608 31.0
v 63.406261 4.556064 31.0
v 63.47773 4.578109 31.0
v 63.548012 4.603689 31.0
v 63.616932 4.632741 31.0
v 63.684315 4.665192 31.0
v 63.75 4.700962 31.0
v 63.81382 4.739961 31.0
v 63.875614 4.782093 31.0
v 63.935234 4.827253 31.0
v 63.992527 4.875328 31.0
v 64.047356 4.9262 31.0
v 64.099579 4.979741 31.0
v 64.149063 5.035819 31.0
v 64.195702 5.094294 31.0
v 64.239357 5.15502 31.0
v 64.279938 5.217847 31.0
v 64.317329 5.282619 31.0
v 64.351456 5.349174 31.0
v 64.382217 5.417348 31.0
v 64.409538 5.48697 31.0
v 64.433357 5.557867 31.0
v 64.453613 5.629864 31.0
v 64.470261 5.702781 31.0
v 64.483246 5.776437 31.0
v 64.492546 5.850648 31.0
v 64.498138 5.925231 31.0
v 4.498136 6.074769 31.0
v 4.5 6.0 31.0
v 4.492546 6.149352 31.0
v 4.483246 6.223563 31.0
v 4.470259 6.297219 31.0
v 4.453616 6.370136 31.0
v 4.433359 6.442133 31.0
v 4.409539 6.51303 31.0
v 4.382215 6.582652 31.0
v 4.351453 6.650826 31.0
v 4.317332 6.717381 31.0
v 4.279936 6.782153 31.0
v 4.239358 6.84498 31.0
v 4.195699 6.905706 31.0
v 4.149066 6.964181 31.0
v 4.099578 7.020259 31.0
v 4.047355 7.0738 31.0
v 3.992529 7.124672 31.0
v 3.935235 7.172747 31.0
v 3.875616 7.217907 31.0
v 3.813819 7.260039 31.0
v 3.75 7.299038 31.0
v 3.684316 7.334808 31.0
v 3.616931 7.367259 31.0
v 3.548012 7.396311 31.0
v 3.47773 7.421891 31.0
v 3.406261 7.443936 31.0
v 3.333781 7.462392 31.0
v 3.260472 7.477211 31.0
v 3.186516 7.488359 31.0
v 3.112095 7.495806 31.0
v 3.037396 7.499534 31.0
v 2.962604 7.499534 31.0
v 2.887905 7.495806 31.0
v 2.813484 7.488359 31.0
v 2.739528 7.477211 31.0
v 2.666219 7.462392 31.0
v 2.593739 7.443936 31.0
v 2.52227 7.421891 31.0
v 2.451988 7.396311 31.0
v 2.383069 7.367259 31.0
v 2.315684 7.334808 31.0
v 2.25 7.299038 31.0
v 2.186181 7.260039 31.0
v 2.124384 7.217907 31.0
v 2.064765 7.172747 31.0
v 2.007471 7.124672 31.0
v 1.952645 7.0738 31.0
v 1.900422 7.020259 31.0
v 1.850933 6.964181 31.0
v 1.804301 6.905706 31.0
v 1.760642 6.84498 31.0
v 1.720064 6.782153 31.0
v 1.682668 6.717381 31.0
v 1.648547 6.650826 31.0
v 1.617786 6.582652 31.0
v 1.590461 6.51303 31.0
v 1.566641 6.442133 31.0
v 1.546384 6.370136 31.0
v 1.529741 6.297219 31.0
v 1.516754 6.223563 31.0
v 1.507454 6.149352 31.0
v 1.501865 6.074769 31.0
v 1.5 6.0 31.0
v 1.501865 5.925231 31.0
v 1.507454 5.850648 31.0
v 1.516754 5.776437 31.0
v 1.529741 5.702781 31.0
v 1.546384 5.629864 31.0
v 1.566641 5.557867 31.0
v 1.590461 5.48697 31.0
v 1.617786 5.417348 31.0
v 1.648547 5.349174 31.0
v 1.682668 5.282619 31.0
v 1.720064 5.217847 31.0
v 1.760642 5.15502 31.0
v 1.804301 5.094294 31.0
v 1.850933 5.035819 31.0
v 1.900422 4.979741 31.0
v 1.952645 4.9262 31.0
v 2.007471 4.875328 31.0
v 2.064765 4.827253 31.0
v 2.124384 4.782093 31.0
v 2.186181 4.739961 31.0
v 2.25 4.700962 31.0
v 2.315684 4.665192 31.0
v 2.383069 4.632741 31.0
v 2.451988 4.603689 31.0
v 2.52227 4.578109 31.0
v 2.593739 4.556064 31.0
v 2.666219 4.537608 31.0
v 2.739528 4.522789 31.0
v 2.813484 4.511641 31.0
v 2.887905 4.504194 31.0
v 2.962604 4.500466 31.0
v 3.037396 4.500466 31.0
v 3.112095 4.504194 31.0
v 3.186516 4.511641 31.0
v 3.260472 4.522789 31.0
v 3.333781 4.537608 31.0
v 3.406261 4.556064 31.0
v 3.47773 4.578109 31.0
v 3.548012 4.603689 31.0
v 3.616931 4.632741 31.0
v 3.684316 4.665192 31.0
v 3.75 4.700962 31.0
v 3.813819 4.739961 31.0
v 3.875616 4.782093 31.0
v 3.935235 4.827253 31.0
v 3.992529 4.875328 31.0
v 4.047355 4.9262 31.0
v 4.099578 4.979741 31.0
v 4.149066 5.035819 31.0
v 4.195699 5.094294 31.0
v 4.239358 5.15502 31.0
v 4.279936 5.217847 31.0
v 4.317332 5.282619 31.0
v 4.351453 5.349174 31.0
v 4.382215 5.417348 31.0
v 4.409539 5.48697 31.0
v 4.433359 5.557867 31.0
v 4.453616 5.629864 31.0
v 4.470259 5.702781 31.0
v 4.483246 5.776437 31.0
v 4.492546 5.850648 31.0
v 4.498136 5.925231 31.0
v 9.996271 15.399538 8.0
v 10.0 15.25 8.0
v 9.985092 15.548703 8.0
v 9.966493 15.697126 8.0
v 9.940517 15.844439 8.0
v 9.907232 15.990273 8.0
v 9.866718 16.134266 8.0
v 9.819077 16.27606 8.0
v 9.764429 16.415304 8.0
v 9.702907 16.551651 8.0
v 9.634665 16.684761 8.0
v 9.559873 16.814306 8.0
v 9.478716 16.93996 8.0
v 9.391397 17.061413 8.0
v 9.298133 17.178362 8.0
v 9.199156 17.290518 8.0
v 9.09471 17.3976 8.0
v 8.985058 17.499344 8.0
v 8.870469 17.595495 8.0
v 8.751231 17.685814 8.0
v 8.627639 17.770079 8.0
v 8.5 17.848076 8.0
v 8.368632 17.919615 8.0
v 8.233861 17.984518 8.0
v 8.096023 18.042622 8.0
v 7.95546 18.093782 8.0
v 7.812521 18.137873 8.0
v 7.667563 18.174784 8.0
v 7.520945 18.204424 8.0
v 7.373031 18.226717 8.0
v 7.22419 18.241611 8.0
v 7.074792 18.249067 8.0
v 6.925208 18.249067 8.0
v 6.77581 18.241611 8.0
v 6.626969 18.226717 8.0
v 6.479055 18.204424 8.0
v 6.332437 18.174784 8.0
v 6.187479 18.137873 8.0
v 6.04454 18.093782 8.0
v 5.903977 18.042622 8.0
v 5.766139 17.984518 8.0
v 5.631368 17.919615 8.0
v 5.5 17.848076 8.0
v 5.372361 17.770079 8.0
v 5.248769 17.685814 8.0
v 5.12953 17.595495 8.0
v 5.014943 17.499344 8.0
v 4.90529 17.3976 8.0
v 4.800844 17.290518 8.0
v 4.701867 17.178362 8.0
v 4.608603 17.061413 8.0
v 4.521284 16.93996 8.0
v 4.440127 16.814306 8.0
v 4.365335 16.684761 8.0
v 4.297093 16.551651 8.0
v 4.235571 16.415304 8.0
v 4.180922 16.27606 8.0
v 4.133282 16.134266 8.0
v 4.092768 15.990273 8.0
v 4.059483 15.844439 8.0
v 4.033507 15.697126 8.0
v 4.014908 15.548703 8.0
v 4.003729 15.399538 8.0
v 4.0 15.25 8.0
v 4.003729 15.100462 8.0
v 4.014908 14.951297 8.0
v 4.033507 14.802874 8.0
v 4.059483 14.655561 8.0
v 4.092768 14.509727 8.0
v 4.133282 14.365734 8.0
v 4.180922 14.22394 8.0
v 4.235571 14.084696 8.0
v 4.297093 13.948349 8.0
v 4.365335 13.815238 8.0
v 4.440127 13.685695 8.0
v 4.521284 13.56004 8.0
v 4.608603 13.438587 8.0
v 4.701867 13.321637 8.0
v 4.800844 13.209482 8.0
v 4.90529 13.1024 8.0
v 5.014943 13.000656 8.0
v 5.12953 12.904506 8.0
v 5.248769 12.814186 8.0
v 5.372361 12.729922 8.0
v 5.5 12.651924 8.0
v 5.631368 12.580384 8.0
v 5.766139 12.515483 8.0
v 5.903977 12.457378 8.0
v 6.04454 12.406218 8.0
v 6.187479 12.362127 8.0
v 6.332437 12.325216 8.0
v 6.479055 12.295577 8.0
v 6.626969 12.273282 8.0
v 6.77581 12.258389 8.0
v 6.925208 12.250933 8.0
v 7.074792 12.250933 8.0
v 7.22419 12.258389 8.0
v 7.373031 12.273282 8.0
v 7.520945 12.295577 8.0
v 7.667563 12.325216 8.0
v 7.812521 12.362127 8.0
v 7.95546 12.406218 8.0
v 8.096023 12.457378 8.0
v 8.233861 12.515483 8.0
v 8.368632 12.580384 8.0
v 8.5 12.651924 8.0
v 8.627639 12.729922 8.0
v 8.751231 12.814186 8.0
v 8.870469 12.904506 8.0
v 8.985058 13.000656 8.0
v 9.09471 13.1024 8.0
v 9.199156 13.209482 8.0
v 9.298133 13.321637 8.0
v 9.391397 13.438587 8.0
v 9.478716 13.56004 8.0
v 9.559873 13.685695 8.0
v 9.634665 13.815238 8.0
v 9.702907 13.948349 8.0
v 9.764429 14.084696 8.0
v 9.819077 14.22394 8.0
v 9.866718 14.365734 8.0
v 9.907232 14.509727 8.0
v 9.940517 14.655561 8.0
v 9.966493 14.802874 8.0
v 9.985092 14.951297 8.0
v 9.996271 15.100462 8.0
v 52.496269 15.399538 8.0
v 52.5 15.25 8.0
v 52.485092 15.548703 8.0
v 52.466492 15.697126 8.0
v 52.440517 15.844439 8.0
v 52.40723 15.990273 8.0
v 52.366718 16.134266 8.0
v 52.319077 16.27606 8.0
v 52.264427 16.415304 8.0
v 52.202908 16.551651 8.0
v 52.134666 16.684761 8.0
v 52.059872 16.814306 8.0
v 51.978718 16.93996 8.0
v 51.891399 17.061413 8.0
v 51.798134 17.178362 8.0
v 51.699154 17.290518 8.0
v 51.594711 17.3976 8.0
v 51.485058 17.499344 8.0
v 51.370468 17.595495 8.0
v 51.251232 17.685814 8.0
v 51.12764 17.770079 8.0
v 51.0 17.848076 8.0
v 50.868633 17.919615 8.0
v 50.73386 17.984518 8.0
v 50.596024 18.042622 8.0
v 50.45546 18.093782 8.0
v 50.312523 18.137873 8.0
v 50.167564 18.174784 8.0
v 50.020943 18.204424 8.0
v 49.873032 18.226717 8.0
v 49.72419 18.241611 8.0
v 49.574791 18.249067 8.0
v 49.425209 18.249067 8.0
v 49.27581 18.241611 8.0
v 49.126968 18.226717 8.0
v 48.979057 18.204424 8.0
v 48.832436 18.174784 8.0
v 48.687477 18.137873 8.0
v 48.54454 18.093782 8.0
v 48.403976 18.042622 8.0
v 48.26614 17.984518 8.0
v 48.131367 17.919615 8.0
v 48.0 17.848076 8.0
v 47.87236 17.770079 8.0
v 47.748768 17.685814 8.0
v 47.629532 17.595495 8.0
v 47.514942 17.499344 8.0
v 47.405289 17.3976 8.0
v 47.300846 17.290518 8.0
v 47.201866 17.178362 8.0
v 47.108601 17.061413 8.0
v 47.021282 16.93996 8.0
v 46.940128 16.814306 8.0
v 46.865334 16.684761 8.0
v 46.797092 16.551651 8.0
v 46.735573 16.415304 8.0
v 46.680923 16.27606 8.0
v 46.633282 16.134266 8.0
v 46.59277 15.990273 8.0
v 46.559483 15.844439 8.0
v 46.533508 15.697126 8.0
v 46.514908 15.548703 8.0
v 46.503731 15.399538 8.0
v 46.5 15.25 8.0
v 46.503731 15.100462 8.0
v 46.514908 14.951297 8.0
v 46.533508 14.802874 8.0
v 46.559483 14.655561 8.0
v 46.59277 14.509727 8.0
v 46.633282 14.365734 8.0
v 46.680923 14.22394 8.0
v 46.735573 14.084696 8.0
v 46.797092 13.948349 8.0
v 46.865334 13.815238 8.0
v 46.940128 13.685695 8.0
v 47.021282 13.56004 8.0
v 47.108601 13.438587 8.0
v 47.201866 13.321637 8.0
v 47.300846 13.209482 8.0
v 47.405289 13.1024 8.0
v 47.514942 13.000656 8.0
v 47.629532 12.904506 8.0
v 47.748768 12.814186 8.0
v 47.87236 12.729922 8.0
v 48.0 12.651924 8.0
v 48.131367 12.580384 8.0
v 48.26614 12.515483 8.0
v 48.403976 12.457378 8.0
v 48.54454 12.406218 8.0
v 48.687477 12.362127 8.0
v 48.832436 12.325216 8.0
v 48.979057 12.295577 8.0
v 49.126968 12.273282 8.0
v 49.27581 12.258389 8.0
v 49.425209 12.250933 8.0
v 49.574791 12.250933 8.0
v 49.72419 12.258389 8.0
v 49.873032 12.273282 8.0
v 50.020943 12.295577 8.0
v 50.167564 12.325216 8.0
v 50.312523 12.362127 8.0
v 50.45546 12.406218 8.0
v 50.596024 12.457378 8.0
v 50.73386 12.515483 8.0
v 50.868633 12.580384 8.0
v 51.0 12.651924 8.0
v 51.12764 12.729922 8.0
v 51.251232 12.814186 8.0
v 51.370468 12.904506 8.0
v 51.485058 13.000656 8.0
v 51.594711 13.1024 8.0
v 51.699154 13.209482 8.0
v 51.798134 13.321637 8.0
v 51.891399 13.438587 8.0
v 51.978718 13.56004 8.0
v 52.059872 13.685695 8.0
v 52.134666 13.815238 8.0
v 52.202908 13.948349 8.0
v 52.264427 14.084696 8.0
v 52.319077 14.22394 8.0
v 52.366718 14.365734 8.0
v 52.40723 14.509727 8.0
v 52.440517 14.655561 8.0
v 52.466492 14.802874 8.0
v 52.485092 14.951297 8.0
v 52.496269 15.100462 8.0
v 9.996271 56.899536 8.0
v 10.0 56.75 8.0
v 9.985092 57.048702 8.0
v 9.966493 57.197128 8.0
v 9.940517 57.344437 8.0
v 9.907232 57.490273 8.0
v 9.866718 57.634266 8.0
v 9.819077 57.776062 8.0
v 9.764429 57.915306 8.0
v 9.702907 58.051651 8.0
v 9.634665 58.184761 8.0
v 9.559873 58.314304 8.0
v 9.478716 58.43996 8.0
v 9.391397 58.561413 8.0
v 9.298133 58.678364 8.0
v 9.199156 58.79052 8.0
v 9.09471 58.897602 8.0
v 8.985058 58.999344 8.0
v 8.870469 59.095493 8.0
v 8.751231 59.185814 8.0
v 8.627639 59.270077 8.0
v 8.5 59.348076 8.0
v 8.368632 59.419617 8.0
v 8.233861 59.484516 8.0
v 8.096023 59.542622 8.0
v 7.95546 59.593781 8.0
v 7.812521 59.637875 8.0
v 7.667563 59.674786 8.0
v 7.520945 59.704422 8.0
v 7.373031 59.726719 8.0
v 7.22419 59.741611 8.0
v 7.074792 59.749069 8.0
v 6.925208 59.749069 8.0
v 6.77581 59.741611 8.0
v 6.626969 59.726719 8.0
v 6.479055 59.704422 8.0
v 6.332437 59.674786 8.0
v 6.187479 59.637875 8.0
v 6.04454 59.593781 8.0
v 5.903977 59.542622 8.0
v 5.766139 59.484516 8.0
v 5.631368 59.419617 8.0
v 5.5 59.348076 8.0
v 5.372361 59.270077 8.0
v 5.248769 59.185814 8.0
v 5.12953 59.095493 8.0
v 5.014943 58.999344 8.0
v 4.90529 58.897602 8.0
v 4.800844 58.79052 8.0
v 4.701867 58.678364 8.0
v 4.608603 58.561413 8.0
v 4.521284 58.43996 8.0
v 4.440127 58.314304 8.0
v 4.365335 58.184761 8.0
v 4.297093 58.051651 8.0
v 4.235571 57.915306 8.0
v 4.180922 57.776062 8.0
v 4.133282 57.634266 8.0
v 4.092768 57.490273 8.0
v 4.059483 57.344437 8.0
v 4.033507 57.197128 8.0
v 4.014908 57.048702 8.0
v 4.003729 56.899536 8.0
v 4.0 56.75 8.0
v 4.003729 56.600464 8.0
v 4.014908 56.451298 8.0
v 4.033507 56.302872 8.0
v 4.059483 56.155563 8.0
v 4.092768 56.009727 8.0
v 4.133282 55.865734 8.0
v 4.180922 55.723938 8.0
v 4.235571 55.584694 8.0
v 4.297093 55.448349 8.0
v 4.365335 55.315239 8.0
v 4.440127 55.185696 8.0
v 4.521284 55.06004 8.0
v 4.608603 54.938587 8.0
v 4.701867 54.821636 8.0
v 4.800844 54.70948 8.0
v 4.90529 54.602398 8.0
v 5.014943 54.500656 8.0
v 5.12953 54.404507 8.0
v 5.248769 54.314186 8.0
v 5.372361 54.229923 8.0
v 5.5 54.151924 8.0
v 5.631368 54.080383 8.0
v 5.766139 54.015484 8.0
v 5.903977 53.957378 8.0
v 6.04454 53.906219 8.0
v 6.187479 53.862125 8.0
v 6.332437 53.825214 8.0
v 6.479055 53.795578 8.0
v 6.626969 53.773281 8.0
v 6.77581 53.758389 8.0
v 6.925208 53.750931 8.0
v 7.074792 53.750931 8.0
v 7.22419 53.758389 8.0
v 7.373031 53.773281 8.0
v 7.520945 53.795578 8.0
v 7.667563 53.825214 8.0
v 7.812521 53.862125 8.0
v 7.95546 53.906219 8.0
v 8.096023 53.957378 8.0
v 8.233861 54.015484 8.0
v 8.368632 54.080383 8.0
v 8.5 54.151924 8.0
v 8.627639 54.229923 8.0
v 8.751231 54.314186 8.0
v 8.870469 54.404507 8.0
v 8.985058 54.500656 8.0
v 9.09471 54.602398 8.0
v 9.199156 54.70948 8.0
v 9.298133 54.821636 8.0
v 9.391397 54.938587 8.0
v 9.478716 55.06004 8.0
v 9.559873 55.185696 8.0
v 9.634665 55.315239 8.0
v 9.702907 55.448349 8.0
v 9.764429 55.584694 8.0
v 9.819077 55.723938 8.0
v 9.866718 55.865734 8.0
v 9.907232 56.009727 8.0
v 9.940517 56.155563 8.0
v 9.966493 56.302872 8.0
v 9.985092 56.451298 8.0
v 9.996271 56.600464 8.0
v 52.496269 56.899536 8.0
v 52.5 56.75 8.0
v 52.485092 57.048702 8.0
v 52.466492 57.197128 8.0
v 52.440517 57.344437 8.0
v 52.40723 57.490273 8.0
v 52.366718 57.634266 8.0
v 52.319077 57.776062 8.0
v 52.264427 57.915306 8.0
v 52.202908 58.051651 8.0
v 52.134666 58.184761 8.0
v 52.059872 58.314304 8.0
v 51.978718 58.43996 8.0
v 51.891399 58.561413 8.0
v 51.798134 58.678364 8.0
v 51.699154 58.79052 8.0
v 51.594711 58.897602 8.0
v 51.485058 58.999344 8.0
v 51.370468 59.095493 8.0
v 51.251232 59.185814 8.0
v 51.12764 59.270077 8.0
v 51.0 59.348076 8.0
v 50.868633 59.419617 8.0
v 50.73386 59.484516 8.0
v 50.596024 59.542622 8.0
v 50.45546 59.593781 8.0
v 50.312523 59.637875 8.0
v 50.167564 59.674786 8.0
v 50.020943 59.704422 8.0
v 49.873032 59.726719 8.0
v 49.72419 59.741611 8.0
v 49.574791 59.749069 8.0
v 49.425209 59.749069 8.0
v 49.27581 59.741611 8.0
v 49.126968 59.726719 8.0
v 48.979057 59.704422 8.0
v 48.832436 59.674786 8.0
v 48.687477 59.637875 8.0
v 48.54454 59.593781 8.0
v 48.403976 59.542622 8.0
v 48.26614 59.484516 8.0
v 48.131367 59.419617 8.0
v 48.0 59.348076 8.0
v 47.87236 59.270077 8.0
v 47.748768 59.185814 8.0
v 47.629532 59.095493 8.0
v 47.514942 58.999344 8.0
v 47.405289 58.897602 8.0
v 47.300846 58.79052 8.0
v 47.201866 58.678364 8.0
v 47.108601 58.561413 8.0
v 47.021282 58.43996 8.0
v 46.940128 58.314304 8.0
v 46.865334 58.184761 8.0
v 46.797092 58.051651 8.0
v 46.735573 57.915306 8.0
v 46.680923 57.776062 8.0
v 46.633282 57.634266 8.0
v 46.59277 57.490273 8.0
v 46.559483 57.344437 8.0
v 46.533508 57.197128 8.0
v 46.514908 57.048702 8.0
v 46.503731 56.899536 8.0
v 46.5 56.75 8.0
v 46.503731 56.600464 8.0
v 46.514908 56.451298 8.0
v 46.533508 56.302872 8.0
v 46.559483 56.155563 8.0
v 46.59277 56.009727 8.0
v 46.633282 55.865734 8.0
v 46.680923 55.723938 8.0
v 46.735573 55.584694 8.0
v 46.797092 55.448349 8.0
v 46.865334 55.315239 8.0
v 46.940128 55.185696 8.0
v 47.021282 55.06004 8.0
v 47.108601 54.938587 8.0
v 47.201866 54.821636 8.0
v 47.300846 54.70948 8.0
v 47.405289 54.602398 8.0
v 47.514942 54.500656 8.0
v 47.629532 54.404507 8.0
v 47.748768 54.314186 8.0
v 47.87236 54.229923 8.0
v 48.0 54.151924 8.0
v 48.131367 54.080383 8.0
v 48.26614 54.015484 8.0
v 48.403976 53.957378 8.0
v 48.54454 53.906219 8.0
v 48.687477 53.862125 8.0
v 48.832436 53.825214 8.0
v 48.979057 53.795578 8.0
v 49.126968 53.773281 8.0
v 49.27581 53.758389 8.0
v 49.425209 53.750931 8.0
v 49.574791 53.750931 8.0
v 49.72419 53.758389 8.0
v 49.873032 53.773281 8.0
v 50.020943 53.795578 8.0
v 50.167564 53.825214 8.0
v 50.312523 53.862125 8.0
v 50.45546 53.906219 8.0
v 50.596024 53.957378 8.0
v 50.73386 54.015484 8.0
v 50.868633 54.080383 8.0
v 51.0 54.151924 8.0
v 51.12764 54.229923 8.0
v 51.251232 54.314186 8.0
v 51.370468 54.404507 8.0
v 51.485058 54.500656 8.0
v 51.594711 54.602398 8.0
v 51.699154 54.70948 8.0
v 51.798134 54.821636 8.0
v 51.891399 54.938587 8.0
v 51.978718 55.06004 8.0
v 52.059872 55.185696 8.0
v 52.134666 55.315239 8.0
v 52.202908 55.448349 8.0
v 52.264427 55.584694 8.0
v 52.319077 55.723938 8.0
v 52.366718 55.865734 8.0
v 52.40723 56.009727 8.0
v 52.440517 56.155563 8.0
v 52.466492 56.302872 8.0
v 52.485092 56.451298 8.0
v 52.496269 56.600464 8.0
v 64.498138 66.074768 31.0
v 64.5 66.0 31.0
v 64.492546 66.149353 31.0
v 64.483246 66.223564 31.0
v 64.470261 66.297218 31.0
v 64.453613 66.370132 31.0
v 64.433357 66.442131 31.0
v 64.409538 66.513031 31.0
v 64.382217 66.582649 31.0
v 64.351456 66.650826 31.0
v 64.317329 66.717384 31.0
v 64.279938 66.78215 31.0
v 64.239357 66.844978 31.0
v 64.195702 66.905708 31.0
v 64.149063 66.96418 31.0
v 64.099579 67.020256 31.0
v 64.047356 67.073799 31.0
v 63.992527 67.124672 31.0
v 63.935234 67.172745 31.0
v 63.875614 67.217911 31.0
v 63.81382 67.26004 31.0
v 63.75 67.299042 31.0
v 63.684315 67.334808 31.0
v 63.616932 67.367256 31.0
v 63.548012 67.396309 31.0
v 63.47773 67.42189 31.0
v 63.406261 67.443939 31.0
v 63.333782 67.462395 31.0
v 63.260471 67.477211 31.0
v 63.186516 67.488358 31.0
v 63.112095 67.495804 31.0
v 63.037395 67.499535 31.0
v 62.962605 67.499535 31.0
v 62.887905 67.495804 31.0
v 62.813484 67.488358 31.0
v 62.739529 67.477211 31.0
v 62.666218 67.462395 31.0
v 62.593739 67.443939 31.0
v 62.52227 67.42189 31.0
v 62.451988 67.396309 31.0
v 62.383068 67.367256 31.0
v 62.315685 67.334808 31.0
v 62.25 67.299042 31.0
v 62.18618 67.26004 31.0
v 62.124386 67.217911 31.0
v 62.064766 67.172745 31.0
v 62.007473 67.124672 31.0
v 61.952644 67.073799 31.0
v 61.900421 67.020256 31.0
v 61.850933 66.96418 31.0
v 61.804302 66.905708 31.0
v 61.760643 66.844978 31.0
v 61.720062 66.78215 31.0
v 61.682667 66.717384 31.0
v 61.648548 66.650826 31.0
v 61.617786 66.582649 31.0
v 61.590462 66.513031 31.0
v 61.566639 66.442131 31.0
v 61.546383 66.370132 31.0
v 61.529739 66.297218 31.0
v 61.516754 66.223564 31.0
v 61.507454 66.149353 31.0
v 61.501865 66.074768 31.0
v 61.5 66.0 31.0
v 61.501865 65.925232 31.0
v 61.507454 65.850647 31.0
v 61.516754 65.776436 31.0
v 61.529739 65.702782 31.0
v 61.546383 65.629868 31.0
v 61.566639 65.557869 31.0
v 61.590462 65.486969 31.0
v 61.617786 65.417351 31.0
v 61.648548 65.349174 31.0
v 61.682667 65.282616 31.0
v 61.720062 65.21785 31.0
v 61.760643 65.155022 31.0
v 61.804302 65.094292 31.0
v 61.850933 65.03582 31.0
v 61.900421 64.979744 31.0
v 61.952644 64.926201 31.0
v 62.007473 64.875328 31.0
v 62.064766 64.827255 31.0
v 62.124386 64.782089 31.0
v 62.18618 64.73996 31.0
v 62.25 64.700958 31.0
v 62.315685 64.665192 31.0
v 62.383068 64.632744 31.0
v 62.451988 64.603691 31.0
v 62.52227 64.57811 31.0
v 62.593739 64.556061 31.0
v 62.666218 64.537605 31.0
v 62.739529 64.522789 31.0
v 62.813484 64.511642 31.0
v 62.887905 64.504196 31.0
v 62.962605 64.500465 31.0
v 63.037395 64.500465 31.0
v 63.112095 64.504196 31.0
v 63.186516 64.511642 31.0
v 63.260471 64.522789 31.0
v 63.333782 64.537605 31.0
v 63.406261 64.556061 31.0
v 63.47773 64.57811 31.0
v 63.548012 64.603691 31.0
v 63.616932 64.632744 31.0
v 63.684315 64.665192 31.0
v 63.75 64.700958 31.0
v 63.81382 64.73996 31.0
v 63.875614 64.782089 31.0
v 63.935234 64.827255 31.0
v 63.992527 64.875328 31.0
v 64.047356 64.926201 31.0
v 64.099579 64.979744 31.0
v 64.149063 65.03582 31.0
v 64.195702 65.094292 31.0
v 64.239357 65.155022 31.0
v 64.279938 65.21785 31.0
v 64.317329 65.282616 31.0
v 64.351456 65.349174 31.0
v 64.382217 65.417351 31.0
v 64.409538 65.486969 31.0
v 64.433357 65.557869 31.0
v 64.453613 65.629868 31.0
v 64.470261 65.702782 31.0
v 64.483246 65.776436 31.0
v 64.492546 65.850647 31.0
v 64.498138 65.925232 31.0
v 4.498136 66.074768 31.0
v 4.5 66.0 31.0
v 4.492546 66.149353 31.0
v 4.483246 66.223564 31.0
v 4.470259 66.297218 31.0
v 4.453616 66.370132 31.0
v 4.433359 66.442131 31.0
v 4.409539 66.513031 31.0
v 4.382215 66.582649 31.0
v 4.351453 66.650826 31.0
v 4.317332 66.717384 31.0
v 4.279936 66.78215 31.0
v 4.239358 66.844978 31.0
v 4.195699 66.905708 31.0
v 4.149066 66.96418 31.0
v 4.099578 67.020256 31.0
v 4.047355 67.073799 31.0
v 3.992529 67.124672 31.0
v 3.935235 67.172745 31.0
v 3.875616 67.217911 31.0
v 3.813819 67.26004 31.0
v 3.75 67.299042 31.0
v 3.684316 67.334808 31.0
v 3.616931 67.367256 31.0
v 3.548012 67.396309 31.0
v 3.47773 67.42189 31.0
v 3.406261 67.443939 31.0
v 3.333781 67.462395 31.0
v 3.260472 67.477211 31.0
v 3.186516 67.488358 31.0
v 3.112095 67.495804 31.0
v 3.037396 67.499535 31.0
v 2.962604 67.499535 31.0
v 2.887905 67.495804 31.0
v 2.813484 67.488358 31.0
v 2.739528 67.477211 31.0
v 2.666219 67.462395 31.0
v 2.593739 67.443939 31.0
v 2.52227 67.42189 31.0
v 2.451988 67.396309 31.0
v 2.383069 67.367256 31.0
v 2.315684 67.334808 31.0
v 2.25 67.299042 31.0
v 2.186181 67.26004 31.0
v 2.124384 67.217911 31.0
v 2.064765 67.172745 31.0
v 2.007471 67.124672 31.0
v 1.952645 67.073799 31.0
v 1.900422 67.020256 31.0
v 1.850933 66.96418 31.0
v 1.804301 66.905708 31.0
v 1.760642 66.844978 31.0
v 1.720064 66.78215 31.0
v 1.682668 66.717384 31.0
v 1.648547 66.650826 31.0
v 1.617786 66.582649 31.0
v 1.590461 66.513031 31.0
v 1.566641 66.442131 31.0
v 1.546384 66.370132 31.0
v 1.529741 66.297218 31.0
v 1.516754 66.223564 31.0
v 1.507454 66.149353 31.0
v 1.501865 66.074768 31.0
v 1.5 66.0 31.0
v 1.501865 65.925232 31.0
v 1.507454 65.850647 31.0
v 1.516754 65.776436 31.0
v 1.529741 65.702782 31.0
v 1.546384 65.629868 31.0
v 1.566641 65.557869 31.0
v 1.590461 65.486969 31.0
v 1.617786 65.417351 31.0
v 1.648547 65.349174 31.0
v 1.682668 65.282616 31.0
v 1.720064 65.21785 31.0
v 1.760642 65.155022 31.0
v 1.804301 65.094292 31.0
v 1.850933 65.03582 31.0
v 1.900422 64.979744 31.0
v 1.952645 64.926201 31.0
v 2.007471 64.875328 31.0
v 2.064765 64.827255 31.0
v 2.124384 64.782089 31.0
v 2.186181 64.73996 31.0
v 2.25 64.700958 31.0
v 2.315684 64.665192 31.0
v 2.383069 64.632744 31.0
v 2.451988 64.603691 31.0
v 2.52227 64.57811 31.0
v 2.593739 64.556061 31.0
v 2.666219 64.537605 31.0
v 2.739528 64.522789 31.0
v 2.813484 64.511642 31.0
v 2.887905 64.504196 31.0
v 2.962604 64.500465 31.0
v 3.037396 64.500465 31.0
v 3.112095 64.504196 31.0
v 3.186516 64.511642 31.0
v 3.260472 64.522789 31.0
v 3.333781 64.537605 31.0
v 3.406261 64.556061 31.0
v 3.47773 64.57811 31.0
v 3.548012 64.603691 31.0
v 3.616931 64.632744 31.0
v 3.684316 64.665192 31.0
v 3.75 64.700958 31.0
v 3.813819 64.73996 31.0
v 3.875616 64.782089 31.0
v 3.935235 64.827255 31.0
v 3.992529 64.875328 31.0
v 4.047355 64.926201 31.0
v 4.099578 64.979744 31.0
v 4.149066 65.03582 31.0
v 4.195699 65.094292 31.0
v 4.239358 65.155022 31.0
v 4.279936 65.21785 31.0
v 4.317332 65.282616 31.0
v 4.351453 65.349174 31.0
v 4.382215 65.417351 31.0
v 4.409539 65.486969 31.0
v 4.433359 65.557869 31.0
v 4.453616 65.629868 31.0
v 4.470259 65.702782 31.0
v 4.483246 65.776436 31.0
v 4.492546 65.850647 31.0
v 4.498136 65.925232 31.0
v 2.0 36.5 11.0
v 2.0 36.0 11.0
v 1.0 36.5 11.0
v 1.0 36.0 11.0
v 5.900422 14.229741 8.0
v 5.952645 14.1762 8.0
v 6.007471 14.125328 8.0
v 5.850934 14.285819 8.0
v 6.064765 14.077252 8.0
v 5.804301 14.344294 8.0
v 6.124384 14.032093 8.0
v 5.760642 14.40502 8.0
v 6.186181 13.989961 8.0
v 5.720064 14.467847 8.0
v 6.25 13.950962 8.0
v 5.682668 14.532619 8.0
v 6.315684 13.915193 8.0
v 5.648547 14.599174 8.0
v 6.38307 13.882741 8.0
v 5.617785 14.667348 8.0
v 6.451989 13.853689 8.0
v 5.590461 14.73697 8.0
v 6.52227 13.828109 8.0
v 5.566641 14.807867 8.0
v 6.59374 13.806064 8.0
v 5.546384 14.879864 8.0
v 6.666219 13.787608 8.0
v 5.529741 14.952781 8.0
v 6.739528 13.772788 8.0
v 5.516754 15.026437 8.0
v 6.813485 13.761642 8.0
v 5.507454 15.100648 8.0
v 6.887905 13.754194 8.0
v 5.501864 15.175231 8.0
v 6.962604 13.750466 8.0
v 5.5 15.25 8.0
v 7.037396 13.750466 8.0
v 5.501864 15.324769 8.0
v 7.112095 13.754194 8.0
v 5.507454 15.399352 8.0
v 7.186515 13.761642 8.0
v 5.516754 15.473563 8.0
v 7.260472 13.772788 8.0
v 5.529741 15.547219 8.0
v 7.333781 13.787608 8.0
v 5.546384 15.620136 8.0
v 7.40626 13.806064 8.0
v 5.566641 15.692133 8.0
v 7.47773 13.828109 8.0
v 5.590461 15.76303 8.0
v 7.548011 13.853689 8.0
v 5.617785 15.832652 8.0
v 7.61693 13.882741 8.0
v 5.648547 15.900826 8.0
v 7.684316 13.915193 8.0
v 5.682668 15.967381 8.0
v 7.75 13.950962 8.0
v 5.720064 16.032152 8.0
v 7.813819 13.989961 8.0
v 5.760642 16.09498 8.0
v 7.875616 14.032093 8.0
v 5.804301 16.155706 8.0
v 7.935235 14.077252 8.0
v 5.850934 16.214182 8.0
v 7.992529 14.125328 8.0
v 5.900422 16.27026 8.0
v 8.047356 14.1762 8.0
v 5.952645 16.323801 8.0
v 8.099578 14.229741 8.0
v 6.007471 16.374672 8.0
v 8.149067 14.285819 8.0
v 8.195699 14.344294 8.0
v 6.064765 16.422747 8.0
v 6.124384 16.467907 8.0
v 8.239358 14.40502 8.0
v 6.186181 16.510038 8.0
v 6.25 16.549038 8.0
v 8.279937 14.467847 8.0
v 8.317332 14.532619 8.0
v 8.351453 14.599174 8.0
v 6.315684 16.584808 8.0
v 6.38307 16.617258 8.0
v 8.382215 14.667348 8.0
v 8.409539 14.73697 8.0
v 6.451989 16.646311 8.0
v 6.52227 16.67189 8.0
v 6.59374 16.693937 8.0
v 8.433359 14.807867 8.0
v 8.453616 14.879864 8.0
v 8.470259 14.952781 8.0
v 6.666219 16.712393 8.0
v 6.739528 16.727211 8.0
v 8.483246 15.026437 8.0
v 6.813485 16.738359 8.0
v 8.492546 15.100648 8.0
v 6.887905 16.745806 8.0
v 8.498136 15.175231 8.0
v 6.962604 16.749535 8.0
v 8.498136 15.324769 8.0
v 8.5 15.25 8.0
v 7.037396 16.749535 8.0
v 7.112095 16.745806 8.0
v 7.186515 16.738359 8.0
v 8.492546 15.399352 8.0
v 7.260472 16.727211 8.0
v 8.483246 15.473563 8.0
v 7.333781 16.712393 8.0
v 8.470259 15.547219 8.0
v 7.40626 16.693937 8.0
v 8.453616 15.620136 8.0
v 8.433359 15.692133 8.0
v 7.47773 16.67189 8.0
v 8.409539 15.76303 8.0
v 7.548011 16.646311 8.0
v 7.61693 16.617258 8.0
v 8.382215 15.832652 8.0
v 8.351453 15.900826 8.0
v 7.684316 16.584808 8.0
v 8.317332 15.967381 8.0
v 8.279937 16.032152 8.0
v 7.75 16.549038 8.0
v 7.813819 16.510038 8.0
v 8.239358 16.09498 8.0
v 7.875616 16.467907 8.0
v 7.935235 16.422747 8.0
v 8.195699 16.155706 8.0
v 8.149067 16.214182 8.0
v 8.099578 16.27026 8.0
v 7.992529 16.374672 8.0
v 8.047356 16.323801 8.0
v 48.400421 14.229741 8.0
v 48.452644 14.1762 8.0
v 48.507473 14.125328 8.0
v 48.350933 14.285819 8.0
v 48.564766 14.077252 8.0
v 48.304302 14.344294 8.0
v 48.624386 14.032093 8.0
v 48.260643 14.40502 8.0
v 48.68618 13.989961 8.0
v 48.220062 14.467847 8.0
v 48.75 13.950962 8.0
v 48.182667 14.532619 8.0
v 48.815685 13.915193 8.0
v 48.148548 14.599174 8.0
v 48.883068 13.882741 8.0
v 48.117786 14.667348 8.0
v 48.951988 13.853689 8.0
v 48.090462 14.73697 8.0
v 49.02227 13.828109 8.0
v 48.066639 14.807867 8.0
v 49.093739 13.806064 8.0
v 48.046383 14.879864 8.0
v 49.166218 13.787608 8.0
v 48.029739 14.952781 8.0
v 49.239529 13.772788 8.0
v 48.016754 15.026437 8.0
v 49.313484 13.761642 8.0
v 48.007454 15.100648 8.0
v 49.387905 13.754194 8.0
v 48.001865 15.175231 8.0
v 49.462605 13.750466 8.0
v 48.0 15.25 8.0
v 49.537395 13.750466 8.0
v 48.001865 15.324769 8.0
v 49.612095 13.754194 8.0
v 48.007454 15.399352 8.0
v 49.686516 13.761642 8.0
v 48.016754 15.473563 8.0
v 49.760471 13.772788 8.0
v 48.029739 15.547219 8.0
v 49.833782 13.787608 8.0
v 48.046383 15.620136 8.0
v 49.906261 13.806064 8.0
v 48.066639 15.692133 8.0
v 49.97773 13.828109 8.0
v 48.090462 15.76303 8.0
v 50.048012 13.853689 8.0
v 48.117786 15.832652 8.0
v 50.116932 13.882741 8.0
v 48.148548 15.900826 8.0
v 50.184315 13.915193 8.0
v 48.182667 15.967381 8.0
v 50.25 13.950962 8.0
v 48.220062 16.032152 8.0
v 50.31382 13.989961 8.0
v 48.260643 16.09498 8.0
v 50.375614 14.032093 8.0
v 48.304302 16.155706 8.0
v 50.435234 14.077252 8.0
v 48.350933 16.214182 8.0
v 50.492527 14.125328 8.0
v 48.400421 16.27026 8.0
v 50.547356 14.1762 8.0
v 48.452644 16.323801 8.0
v 50.599579 14.229741 8.0
v 48.507473 16.374672 8.0
v 50.649067 14.285819 8.0
v 50.695698 14.344294 8.0
v 48.564766 16.422747 8.0
v 50.739357 14.40502 8.0
v 48.624386 16.467907 8.0
v 48.68618 16.510038 8.0
v 50.779938 14.467847 8.0
v 48.75 16.549038 8.0
v 50.817333 14.532619 8.0
v 48.815685 16.584808 8.0
v 50.851452 14.599174 8.0
v 48.883068 16.617258 8.0
v 50.882214 14.667348 8.0
v 48.951988 16.646311 8.0
v 49.02227 16.67189 8.0
v 50.909538 14.73697 8.0
v 49.093739 16.693937 8.0
v 50.933361 14.807867 8.0
v 50.953617 14.879864 8.0
v 49.166218 16.712393 8.0
v 50.970261 14.952781 8.0
v 49.239529 16.727211 8.0
v 50.983246 15.026437 8.0
v 49.313484 16.738359 8.0
v 50.992546 15.100648 8.0
v 49.387905 16.745806 8.0
v 50.998135 15.175231 8.0
v 49.462605 16.749535 8.0
v 51.0 15.25 8.0
v 49.537395 16.749535 8.0
v 49.612095 16.745806 8.0
v 50.998135 15.324769 8.0
v 50.992546 15.399352 8.0
v 49.686516 16.738359 8.0
v 50.983246 15.473563 8.0
v 50.970261 15.547219 8.0
v 49.760471 16.727211 8.0
v 49.833782 16.712393 8.0
v 50.953617 15.620136 8.0
v 49.906261 16.693937 8.0
v 49.97773 16.67189 8.0
v 50.933361 15.692133 8.0
v 50.909538 15.76303 8.0
v 50.048012 16.646311 8.0
v 50.116932 16.617258 8.0
v 50.882214 15.832652 8.0
v 50.851452 15.900826 8.0
v 50.817333 15.967381 8.0
v 50.184315 16.584808 8.0
v 50.779938 16.032152 8.0
v 50.25 16.549038 8.0
v 50.31382 16.510038 8.0
v 50.739357 16.09498 8.0
v 50.375614 16.467907 8.0
v 50.695698 16.155706 8.0
v 50.435234 16.422747 8.0
v 50.649067 16.214182 8.0
v 50.492527 16.374672 8.0
v 50.547356 16.323801 8.0
v 50.599579 16.27026 8.0
v 5.900422 55.72974 8.0
v 5.952645 55.676201 8.0
v 6.007471 55.625328 8.0
v 5.850934 55.78582 8.0
v 6.064765 55.577251 8.0
v 5.804301 55.844292 8.0
v 6.124384 55.532093 8.0
v 5.760642 55.905022 8.0
v 6.186181 55.48996 8.0
v 5.720064 55.967846 8.0
v 6.25 55.450962 8.0
v 5.682668 56.032619 8.0
v 6.315684 55.415192 8.0
v 5.648547 56.099174 8.0
v 6.38307 55.38274 8.0
v 5.617785 56.167347 8.0
v 6.451989 55.353691 8.0
v 5.590461 56.236969 8.0
v 6.52227 55.32811 8.0
v 5.566641 56.307869 8.0
v 6.59374 55.306065 8.0
v 5.546384 56.379864 8.0
v 6.666219 55.287609 8.0
v 5.529741 56.452782 8.0
v 6.739528 55.272789 8.0
v 5.516754 56.526436 8.0
v 6.813485 55.261642 8.0
v 5.507454 56.600647 8.0
v 6.887905 55.254196 8.0
v 5.501864 56.675232 8.0
v 6.962604 55.250465 8.0
v 5.5 56.75 8.0
v 7.037396 55.250465 8.0
v 5.501864 56.824768 8.0
v 7.112095 55.254196 8.0
v 5.507454 56.899353 8.0
v 7.186515 55.261642 8.0
v 5.516754 56.973564 8.0
v 7.260472 55.272789 8.0
v 5.529741 57.047218 8.0
v 7.333781 55.287609 8.0
v 5.546384 57.120136 8.0
v 7.40626 55.306065 8.0
v 5.566641 57.192131 8.0
v 7.47773 55.32811 8.0
v 5.590461 57.263031 8.0
v 7.548011 55.353691 8.0
v 5.617785 57.332653 8.0
v 7.61693 55.38274 8.0
v 5.648547 57.400826 8.0
v 7.684316 55.415192 8.0
v 5.682668 57.467381 8.0
v 7.75 55.450962 8.0
v 5.720064 57.532154 8.0
v 7.813819 55.48996 8.0
v 5.760642 57.594978 8.0
v 7.875616 55.532093 8.0
v 5.804301 57.655708 8.0
v 7.935235 55.577251 8.0
v 5.850934 57.71418 8.0
v 7.992529 55.625328 8.0
v 5.900422 57.77026 8.0
v 8.047356 55.676201 8.0
v 5.952645 57.823799 8.0
v 8.099578 55.72974 8.0
v 6.007471 57.874672 8.0
v 8.149067 55.78582 8.0
v 8.195699 55.844292 8.0
v 6.064765 57.922749 8.0
v 6.124384 57.967907 8.0
v 8.239358 55.905022 8.0
v 6.186181 58.01004 8.0
v 6.25 58.049038 8.0
v 8.279937 55.967846 8.0
v 8.317332 56.032619 8.0
v 8.351453 56.099174 8.0
v 6.315684 58.084808 8.0
v 6.38307 58.11726 8.0
v 8.382215 56.167347 8.0
v 8.409539 56.236969 8.0
v 6.451989 58.146309 8.0
v 6.52227 58.17189 8.0
v 6.59374 58.193935 8.0
v 8.433359 56.307869 8.0
v 8.453616 56.379864 8.0
v 8.470259 56.452782 8.0
v 6.666219 58.212391 8.0
v 6.739528 58.227211 8.0
v 8.483246 56.526436 8.0
v 6.813485 58.238358 8.0
v 8.492546 56.600647 8.0
v 6.887905 58.245804 8.0
v 8.498136 56.675232 8.0
v 6.962604 58.249535 8.0
v 8.498136 56.824768 8.0
v 8.5 56.75 8.0
v 7.037396 58.249535 8.0
v 7.112095 58.245804 8.0
v 7.186515 58.238358 8.0
v 8.492546 56.899353 8.0
v 7.260472 58.227211 8.0
v 8.483246 56.973564 8.0
v 7.333781 58.212391 8.0
v 8.470259 57.047218 8.0
v 7.40626 58.193935 8.0
v 8.453616 57.120136 8.0
v 8.433359 57.192131 8.0
v 7.47773 58.17189 8.0
v 8.409539 57.263031 8.0
v 7.548011 58.146309 8.0
v 7.61693 58.11726 8.0
v 8.382215 57.332653 8.0
v 8.351453 57.400826 8.0
v 7.684316 58.084808 8.0
v 8.317332 57.467381 8.0
v 8.279937 57.532154 8.0
v 7.75 58.049038 8.0
v 7.813819 58.01004 8.0
v 8.239358 57.594978 8.0
v 7.875616 57.967907 8.0
v 7.935235 57.922749 8.0
v 8.195699 57.655708 8.0
v 8.149067 57.71418 8.0
v 8.099578 57.77026 8.0
v 7.992529 57.874672 8.0
v 8.047356 57.823799 8.0
v 48.400421 55.72974 8.0
v 48.452644 55.676201 8.0
v 48.507473 55.625328 8.0
v 48.350933 55.78582 8.0
v 48.564766 55.577251 8.0
v 48.304302 55.844292 8.0
v 48.624386 55.532093 8.0
v 48.260643 55.905022 8.0
v 48.68618 55.48996 8.0
v 48.220062 55.967846 8.0
v 48.75 55.450962 8.0
v 48.182667 56.032619 8.0
v 48.815685 55.415192 8.0
v 48.148548 56.099174 8.0
v 48.883068 55.38274 8.0
v 48.117786 56.167347 8.0
v 48.951988 55.353691 8.0
v 48.090462 56.236969 8.0
v 49.02227 55.32811 8.0
v 48.066639 56.307869 8.0
v 49.093739 55.306065 8.0
v 48.046383 56.379864 8.0
v 49.166218 55.287609 8.0
v 48.029739 56.452782 8.0
v 49.239529 55.272789 8.0
v 48.016754 56.526436 8.0
v 49.313484 55.261642 8.0
v 48.007454 56.600647 8.0
v 49.387905 55.254196 8.0
v 48.001865 56.675232 8.0
v 49.462605 55.250465 8.0
v 48.0 56.75 8.0
v 49.537395 55.250465 8.0
v 48.001865 56.824768 8.0
v 49.612095 55.254196 8.0
v 48.007454 56.899353 8.0
v 49.686516 55.261642 8.0
v 48.016754 56.973564 8.0
v 49.760471 55.272789 8.0
v 48.029739 57.047218 8.0
v 49.833782 55.287609 8.0
v 48.046383 57.120136 8.0
v 49.906261 55.306065 8.0
v 48.066639 57.192131 8.0
v 49.97773 55.32811 8.0
v 48.090462 57.263031 8.0
v 50.048012 55.353691 8.0
v 48.117786 57.332653 8.0
v 50.116932 55.38274 8.0
v 48.148548 57.400826 8.0
v 50.184315 55.415192 8.0
v 48.182667 57.467381 8.0
v 50.25 55.450962 8.0
v 48.220062 57.532154 8.0
v 50.31382 55.48996 8.0
v 48.260643 57.594978 8.0
v 50.375614 55.532093 8.0
v 48.304302 57.655708 8.0
v 50.435234 55.577251 8.0
v 48.350933 57.71418 8.0
v 50.492527 55.625328 8.0
v 48.400421 57.77026 8.0
v 50.547356 55.676201 8.0
v 48.452644 57.823799 8.0
v 50.599579 55.72974 8.0
v 48.507473 57.874672 8.0
v 50.649067 55.78582 8.0
v 50.695698 55.844292 8.0
v 48.564766 57.922749 8.0
v 50.739357 55.905022 8.0
v 48.624386 57.967907 8.0
v 48.68618 58.01004 8.0
v 50.779938 55.967846 8.0
v 48.75 58.049038 8.0
v 50.817333 56.032619 8.0
v 48.815685 58.084808 8.0
v 50.851452 56.099174 8.0
v 48.883068 58.11726 8.0
v 50.882214 56.167347 8.0
v 48.951988 58.146309 8.0
v 49.02227 58.17189 8.0
v 50.909538 56.236969 8.0
v 49.093739 58.193935 8.0
v 50.933361 56.307869 8.0
v 50.953617 56.379864 8.0
v 49.166218 58.212391 8.0
v 50.970261 56.452782 8.0
v 49.239529 58.227211 8.0
v 50.983246 56.526436 8.0
v 49.313484 58.238358 8.0
v 50.992546 56.600647 8.0
v 49.387905 58.245804 8.0
v 50.998135 56.675232 8.0
v 49.462605 58.249535 8.0
v 51.0 56.75 8.0
v 49.537395 58.249535 8.0
v 49.612095 58.245804 8.0
v 50.998135 56.824768 8.0
v 50.992546 56.899353 8.0
v 49.686516 58.238358 8.0
v 50.983246 56.973564 8.0
v 50.970261 57.047218 8.0
v 49.760471 58.227211 8.0
v 49.833782 58.212391 8.0
v 50.953617 57.120136 8.0
v 49.906261 58.193935 8.0
v 49.97773 58.17189 8.0
v 50.933361 57.192131 8.0
v 50.909538 57.263031 8.0
v 50.048012 58.146309 8.0
v 50.116932 58.11726 8.0
v 50.882214 57.332653 8.0
v 50.851452 57.400826 8.0
v 50.817333 57.467381 8.0
v 50.184315 58.084808 8.0
v 50.779938 57.532154 8.0
v 50.25 58.049038 8.0
v 50.31382 58.01004 8.0
v 50.739357 57.594978 8.0
v 50.375614 57.967907 8.0
v 50.695698 57.655708 8.0
v 50.435234 57.922749 8.0
v 50.649067 57.71418 8.0
v 50.492527 57.874672 8.0
v 50.547356 57.823799 8.0
v 50.599579 57.77026 8.0
v 8.5 15.25 2.0
v 8.498136 15.324769 2.0
v 8.492546 15.399352 2.0
v 8.483246 15.473563 2.0
v 8.470259 15.547219 2.0
v 8.453616 15.620136 2.0
v 8.433359 15.692133 2.0
v 8.409539 15.76303 2.0
v 8.382215 15.832652 2.0
v 8.351453 15.900826 2.0
v 8.317332 15.967381 2.0
v 8.279937 16.032152 2.0
v 8.239358 16.09498 2.0
v 8.195699 16.155706 2.0
v 8.149067 16.214182 2.0
v 8.099578 16.27026 2.0
v 8.047356 16.323801 2.0
v 7.992529 16.374672 2.0
v 7.935235 16.422747 2.0
v 7.875616 16.467907 2.0
v 7.813819 16.510038 2.0
v 7.75 16.549038 2.0
v 7.684316 16.584808 2.0
v 7.61693 16.617258 2.0
v 7.548011 16.646311 2.0
v 7.47773 16.67189 2.0
v 7.40626 16.693937 2.0
v 7.333781 16.712393 2.0
v 7.260472 16.727211 2.0
v 7.186515 16.738359 2.0
v 7.112095 16.745806 2.0
v 7.037396 16.749535 2.0
v 6.962604 16.749535 2.0
v 6.887905 16.745806 2.0
v 6.813485 16.738359 2.0
v 6.739528 16.727211 2.0
v 6.666219 16.712393 2.0
v 6.59374 16.693937 2.0
v 6.52227 16.67189 2.0
v 6.451989 16.646311 2.0
v 6.38307 16.617258 2.0
v 6.315684 16.584808 2.0
v 6.25 16.549038 2.0
v 6.186181 16.510038 2.0
v 6.124384 16.467907 2.0
v 6.064765 16.422747 2.0
v 6.007471 16.374672 2.0
v 5.952645 16.323801 2.0
v 5.900422 16.27026 2.0
v 5.850934 16.214182 2.0
v 5.804301 16.155706 2.0
v 5.760642 16.09498 2.0
v 5.720064 16.032152 2.0
v 5.682668 15.967381 2.0
v 5.648547 15.900826 2.0
v 5.617785 15.832652 2.0
v 5.590461 15.76303 2.0
v 5.566641 15.692133 2.0
v 5.546384 15.620136 2.0
v 5.529741 15.547219 2.0
v 5.516754 15.473563 2.0
v 5.507454 15.399352 2.0
v 5.501864 15.324769 2.0
v 5.5 15.25 2.0
v 5.501864 15.175231 2.0
v 5.507454 15.100648 2.0
v 5.516754 15.026437 2.0
v 5.529741 14.952781 2.0
v 5.546384 14.879864 2.0
v 5.566641 14.807867 2.0
v 5.590461 14.73697 2.0
v 5.617785 14.667348 2.0
v 5.648547 14.599174 2.0
v 5.682668 14.532619 2.0
v 5.720064 14.467847 2.0
v 5.760642 14.40502 2.0
v 5.804301 14.344294 2.0
v 5.850934 14.285819 2.0
v 5.900422 14.229741 2.0
v 5.952645 14.1762 2.0
v 6.007471 14.125328 2.0
v 6.064765 14.077252 2.0
v 6.124384 14.032093 2.0
v 6.186181 13.989961 2.0
v 6.25 13.950962 2.0
v 6.315684 13.915193 2.0
v 6.38307 13.882741 2.0
v 6.451989 13.853689 2.0
v 6.52227 13.828109 2.0
v 6.59374 13.806064 2.0
v 6.666219 13.787608 2.0
v 6.739528 13.772788 2.0
v 6.813485 13.761642 2.0
v 6.887905 13.754194 2.0
v 6.962604 13.750466 2.0
v 7.037396 13.750466 2.0
v 7.112095 13.754194 2.0
v 7.186515 13.761642 2.0
v 7.260472 13.772788 2.0
v 7.333781 13.787608 2.0
v 7.40626 13.806064 2.0
v 7.47773 13.828109 2.0
v 7.548011 13.853689 2.0
v 7.61693 13.882741 2.0
v 7.684316 13.915193 2.0
v 7.75 13.950962 2.0
v 7.813819 13.989961 2.0
v 7.875616 14.032093 2.0
v 7.935235 14.077252 2.0
v 7.992529 14.125328 2.0
v 8.047356 14.1762 2.0
v 8.099578 14.229741 2.0
v 8.149067 14.285819 2.0
v 8.195699 14.344294 2.0
v 8.239358 14.40502 2.0
v 8.279937 14.467847 2.0
v 8.317332 14.532619 2.0
v 8.351453 14.599174 2.0
v 8.382215 14.667348 2.0
v 8.409539 14.73697 2.0
v 8.433359 14.807867 2.0
v 8.453616 14.879864 2.0
v 8.470259 14.952781 2.0
v 8.483246 15.026437 2.0
v 8.492546 15.100648 2.0
v 8.498136 15.175231 2.0
v 51.0 15.25 2.0
v 50.998135 15.324769 2.0
v 50.992546 15.399352 2.0
v 50.983246 15.473563 2.0
v 50.970261 15.547219 2.0
v 50.953617 15.620136 2.0
v 50.933361 15.692133 2.0
v 50.909538 15.76303 2.0
v 50.882214 15.832652 2.0
v 50.851452 15.900826 2.0
v 50.817333 15.967381 2.0
v 50.779938 16.032152 2.0
v 50.739357 16.09498 2.0
v 50.695698 16.155706 2.0
v 50.649067 16.214182 2.0
v 50.599579 16.27026 2.0
v 50.547356 16.323801 2.0
v 50.492527 16.374672 2.0
v 50.435234 16.422747 2.0
v 50.375614 16.467907 2.0
v 50.31382 16.510038 2.0
v 50.25 16.549038 2.0
v 50.184315 16.584808 2.0
v 50.116932 16.617258 2.0
v 50.048012 16.646311 2.0
v 49.97773 16.67189 2.0
v 49.906261 16.693937 2.0
v 49.833782 16.712393 2.0
v 49.760471 16.727211 2.0
v 49.686516 16.738359 2.0
v 49.612095 16.745806 2.0
v 49.537395 16.749535 2.0
v 49.462605 16.749535 2.0
v 49.387905 16.745806 2.0
v 49.313484 16.738359 2.0
v 49.239529 16.727211 2.0
v 49.166218 16.712393 2.0
v 49.093739 16.693937 2.0
v 49.02227 16.67189 2.0
v 48.951988 16.646311 2.0
v 48.883068 16.617258 2.0
v 48.815685 16.584808 2.0
v 48.75 16.549038 2.0
v 48.68618 16.510038 2.0
v 48.624386 16.467907 2.0
v 48.564766 16.422747 2.0
v 48.507473 16.374672 2.0
v 48.452644 16.323801 2.0
v 48.400421 16.27026 2.0
v 48.350933 16.214182 2.0
v 48.304302 16.155706 2.0
v 48.260643 16.09498 2.0
v 48.220062 16.032152 2.0
v 48.182667 15.967381 2.0
v 48.148548 15.900826 2.0
v 48.117786 15.832652 2.0
v 48.090462 15.76303 2.0
v 48.066639 15.692133 2.0
v 48.046383 15.620136 2.0
v 48.029739 15.547219 2.0
v 48.016754 15.473563 2.0
v 48.007454 15.399352 2.0
v 48.001865 15.324769 2.0
v 48.0 15.25 2.0
v 48.001865 15.175231 2.0
v 48.007454 15.100648 2.0
v 48.016754 15.026437 2.0
v 48.029739 14.952781 2.0
v 48.046383 14.879864 2.0
v 48.066639 14.807867 2.0
v 48.090462 14.73697 2.0
v 48.117786 14.667348 2.0
v 48.148548 14.599174 2.0
v 48.182667 14.532619 2.0
v 48.220062 14.467847 2.0
v 48.260643 14.40502 2.0
v 48.304302 14.344294 2.0
v 48.350933 14.285819 2.0
v 48.400421 14.229741 2.0
v 48.452644 14.1762 2.0
v 48.507473 14.125328 2.0
v 48.564766 14.077252 2.0
v 48.624386 14.032093 2.0
v 48.68618 13.989961 2.0
v 48.75 13.950962 2.0
v 48.815685 13.915193 2.0
v 48.883068 13.882741 2.0
v 48.951988 13.853689 2.0
v 49.02227 13.828109 2.0
v 49.093739 13.806064 2.0
v 49.166218 13.787608 2.0
v 49.239529 13.772788 2.0
v 49.313484 13.761642 2.0
v 49.387905 13.754194 2.0
v 49.462605 13.750466 2.0
v 49.537395 13.750466 2.0
v 49.612095 13.754194 2.0
v 49.686516 13.761642 2.0
v 49.760471 13.772788 2.0
v 49.833782 13.787608 2.0
v 49.906261 13.806064 2.0
v 49.97773 13.828109 2.0
v 50.048012 13.853689 2.0
v 50.116932 13.882741 2.0
v 50.184315 13.915193 2.0
v 50.25 13.950962 2.0
v 50.31382 13.989961 2.0
v 50.375614 14.032093 2.0
v 50.435234 14.077252 2.0
v 50.492527 14.125328 2.0
v 50.547356 14.1762 2.0
v 50.599579 14.229741 2.0
v 50.649067 14.285819 2.0
v 50.695698 14.344294 2.0
v 50.739357 14.40502 2.0
v 50.779938 14.467847 2.0
v 50.817333 14.532619 2.0
v 50.851452 14.599174 2.0
v 50.882214 14.667348 2.0
v 50.909538 14.73697 2.0
v 50.933361 14.807867 2.0
v 50.953617 14.879864 2.0
v 50.970261 14.952781 2.0
v 50.983246 15.026437 2.0
v 50.992546 15.100648 2.0
v 50.998135 15.175231 2.0
v 8.5 56.75 2.0
v 8.498136 56.824768 2.0
v 8.492546 56.899353 2.0
v 8.483246 56.973564 2.0
v 8.470259 57.047218 2.0
v 8.453616 57.120136 2.0
v 8.433359 57.192131 2.0
v 8.409539 57.263031 2.0
v 8.382215 57.332653 2.0
v 8.351453 57.400826 2.0
v 8.317332 57.467381 2.0
v 8.279937 57.532154 2.0
v 8.239358 57.594978 2.0
v 8.195699 57.655708 2.0
v 8.149067 57.71418 2.0
v 8.099578 57.77026 2.0
v 8.047356 57.823799 2.0
v 7.992529 57.874672 2.0
v 7.935235 57.922749 2.0
v 7.875616 57.967907 2.0
v 7.813819 58.01004 2.0
v 7.75 58.049038 2.0
v 7.684316 58.084808 2.0
v 7.61693 58.11726 2.0
v 7.548011 58.146309 2.0
v 7.47773 58.17189 2.0
v 7.40626 58.193935 2.0
v 7.333781 58.212391 2.0
v 7.260472 58.227211 2.0
v 7.186515 58.238358 2.0
v 7.112095 58.245804 2.0
v 7.037396 58.249535 2.0
v 6.962604 58.249535 2.0
v 6.887905 58.245804 2.0
v 6.813485 58.238358 2.0
v 6.739528 58.227211 2.0
v 6.666219 58.212391 2.0
v 6.59374 58.193935 2.0
v 6.52227 58.17189 2.0
v 6.451989 58.146309 2.0
v 6.38307 58.11726 2.0
v 6.315684 58.084808 2.0
v 6.25 58.049038 2.0
v 6.186181 58.01004 2.0
v 6.124384 57.967907 2.0
v 6.064765 57.922749 2.0
v 6.007471 57.874672 2.0
v 5.952645 57.823799 2.0
v 5.900422 57.77026 2.0
v 5.850934 57.71418 2.0
v 5.804301 57.655708 2.0
v 5.760642 57.594978 2.0
v 5.720064 57.532154 2.0
v 5.682668 57.467381 2.0
v 5.648547 57.400826 2.0
v 5.617785 57.332653 2.0
v 5.590461 57.263031 2.0
v 5.566641 57.192131 2.0
v 5.546384 57.120136 2.0
v 5.529741 57.047218 2.0
v 5.516754 56.973564 2.0
v 5.507454 56.899353 2.0
v 5.501864 56.824768 2.0
v 5.5 56.75 2.0
v 5.501864 56.675232 2.0
v 5.507454 56.600647 2.0
v 5.516754 56.526436 2.0
v 5.529741 56.452782 2.0
v 5.546384 56.379864 2.0
v 5.566641 56.307869 2.0
v 5.590461 56.236969 2.0
v 5.617785 56.167347 2.0
v 5.648547 56.099174 2.0
v 5.682668 56.032619 2.0
v 5.720064 55.967846 2.0
v 5.760642 55.905022 2.0
v 5.804301 55.844292 2.0
v 5.850934 55.78582 2.0
v 5.900422 55.72974 2.0
v 5.952645 55.676201 2.0
v 6.007471 55.625328 2.0
v 6.064765 55.577251 2.0
v 6.124384 55.532093 2.0
v 6.186181 55.48996 2.0
v 6.25 55.450962 2.0
v 6.315684 55.415192 2.0
v 6.38307 55.38274 2.0
v 6.451989 55.353691 2.0
v 6.52227 55.32811 2.0
v 6.59374 55.306065 2.0
v 6.666219 55.287609 2.0
v 6.739528 55.272789 2.0
v 6.813485 55.261642 2.0
v 6.887905 55.254196 2.0
v 6.962604 55.250465 2.0
v 7.037396 55.250465 2.0
v 7.112095 55.254196 2.0
v 7.186515 55.261642 2.0
v 7.260472 55.272789 2.0
v 7.333781 55.287609 2.0
v 7.40626 55.306065 2.0
v 7.47773 55.32811 2.0
v 7.548011 55.353691 2.0
v 7.61693 55.38274 2.0
v 7.684316 55.415192 2.0
v 7.75 55.450962 2.0
v 7.813819 55.48996 2.0
v 7.875616 55.532093 2.0
v 7.935235 55.577251 2.0
v 7.992529 55.625328 2.0
v 8.047356 55.676201 2.0
v 8.099578 55.72974 2.0
v 8.149067 55.78582 2.0
v 8.195699 55.844292 2.0
v 8.239358 55.905022 2.0
v 8.279937 55.967846 2.0
v 8.317332 56.032619 2.0
v 8.351453 56.099174 2.0
v 8.382215 56.167347 2.0
v 8.409539 56.236969 2.0
v 8.433359 56.307869 2.0
v 8.453616 56.379864 2.0
v 8.470259 56.452782 2.0
v 8.483246 56.526436 2.0
v 8.492546 56.600647 2.0
v 8.498136 56.675232 2.0
v 51.0 56.75 2.0
v 50.998135 56.824768 2.0
v 50.992546 56.899353 2.0
v 50.983246 56.973564 2.0
v 50.970261 57.047218 2.0
v 50.953617 57.120136 2.0
v 50.933361 57.192131 2.0
v 50.909538 57.263031 2.0
v 50.882214 57.332653 2.0
v 50.851452 57.400826 2.0
v 50.817333 57.467381 2.0
v 50.779938 57.532154 2.0
v 50.739357 57.594978 2.0
v 50.695698 57.655708 2.0
v 50.649067 57.71418 2.0
v 50.599579 57.77026 2.0
v 50.547356 57.823799 2.0
v 50.492527 57.874672 2.0
v 50.435234 57.922749 2.0
v 50.375614 57.967907 2.0
v 50.31382 58.01004 2.0
v 50.25 58.049038 2.0
v 50.184315 58.084808 2.0
v 50.116932 58.11726 2.0
v 50.048012 58.146309 2.0
v 49.97773 58.17189 2.0
v 49.906261 58.193935 2.0
v 49.833782 58.212391 2.0
v 49.760471 58.227211 2.0
v 49.686516 58.238358 2.0
v 49.612095 58.245804 2.0
v 49.537395 58.249535 2.0
v 49.462605 58.249535 2.0
v 49.387905 58.245804 2.0
v 49.313484 58.238358 2.0
v 49.239529 58.227211 2.0
v 49.166218 58.212391 2.0
v 49.093739 58.193935 2.0
v 49.02227 58.17189 2.0
v 48.951988 58.146309 2.0
v 48.883068 58.11726 2.0
v 48.815685 58.084808 2.0
v 48.75 58.049038 2.0
v 48.68618 58.01004 2.0
v 48.624386 57.967907 2.0
v 48.564766 57.922749 2.0
v 48.507473 57.874672 2.0
v 48.452644 57.823799 2.0
v 48.400421 57.77026 2.0
v 48.350933 57.71418 2.0
v 48.304302 57.655708 2.0
v 48.260643 57.594978 2.0
v 48.220062 57.532154 2.0
v 48.182667 57.467381 2.0
v 48.148548 57.400826 2.0
v 48.117786 57.332653 2.0
v 48.090462 57.263031 2.0
v 48.066639 57.192131 2.0
v 48.046383 57.120136 2.0
v 48.029739 57.047218 2.0
v 48.016754 56.973564 2.0
v 48.007454 56.899353 2.0
v 48.001865 56.824768 2.0
v 48.0 56.75 2.0
v 48.001865 56.675232 2.0
v 48.007454 56.600647 2.0
v 48.016754 56.526436 2.0
v 48.029739 56.452782 2.0
v 48.046383 56.379864 2.0
v 48.066639 56.307869 2.0
v 48.090462 56.236969 2.0
v 48.117786 56.167347 2.0
v 48.148548 56.099174 2.0
v 48.182667 56.032619 2.0
v 48.220062 55.967846 2.0
v 48.260643 55.905022 2.0
v 48.304302 55.844292 2.0
v 48.350933 55.78582 2.0
v 48.400421 55.72974 2.0
v 48.452644 55.676201 2.0
v 48.507473 55.625328 2.0
v 48.564766 55.577251 2.0
v 48.624386 55.532093 2.0
v 48.68618 55.48996 2.0
v 48.75 55.450962 2.0
v 48.815685 55.415192 2.0
v 48.883068 55.38274 2.0
v 48.951988 55.353691 2.0
v 49.02227 55.32811 2.0
v 49.093739 55.306065 2.0
v 49.166218 55.287609 2.0
v 49.239529 55.272789 2.0
v 49.313484 55.261642 2.0
v 49.387905 55.254196 2.0
v 49.462605 55.250465 2.0
v 49.537395 55.250465 2.0
v 49.612095 55.254196 2.0
v 49.686516 55.261642 2.0
v 49.760471 55.272789 2.0
v 49.833782 55.287609 2.0
v 49.906261 55.306065 2.0
v 49.97773 55.32811 2.0
v 50.048012 55.353691 2.0
v 50.116932 55.38274 2.0
v 50.184315 55.415192 2.0
v 50.25 55.450962 2.0
v 50.31382 55.48996 2.0
v 50.375614 55.532093 2.0
v 50.435234 55.577251 2.0
v 50.492527 55.625328 2.0
v 50.547356 55.676201 2.0
v 50.599579 55.72974 2.0
v 50.649067 55.78582 2.0
v 50.695698 55.844292 2.0
v 50.739357 55.905022 2.0
v 50.779938 55.967846 2.0
v 50.817333 56.032619 2.0
v 50.851452 56.099174 2.0
v 50.882214 56.167347 2.0
v 50.909538 56.236969 2.0
v 50.933361 56.307869 2.0
v 50.953617 56.379864 2.0
v 50.970261 56.452782 2.0
v 50.983246 56.526436 2.0
v 50.992546 56.600647 2.0
v 50.998135 56.675232 2.0
vn -1.0 0.0 0.0
vn -1.0 0.0 0.0
vn -1.0 0.0 0.0
vn -1.0 0.0 0.0
vn -1.0 0.0 0.0
vn -1.0 0.0 0.0
vn -1.0 0.0 0.0
vn -1.0 0.0 0.0
vn -1.0 0.0 0.0
vn -1.0 0.0 0.0
vn -1.0 0.0 0.0
vn -1.0 0.0 0.0
vn -1.0 0.0 0.0
vn -1.0 0.0 0.0
vn -1.0 0.0 0.0
vn -1.0 0.0 0.0
vn -1.0 0.0 0.0
vn -1.0 0.0 0.0
vn -1.0 0.0 0.0
vn -1.0 0.0 0.0
vn -1.0 0.0 0.0
vn -1.0 0.0 0.0
vn -1.0 0.0 0.0
vn -1.0 0.0 0.0
vn -1.0 0.0 0.0
vn -1.0 0.0 0.0
vn -1.0 0.0 0.0
vn -1.0 0.0 0.0
vn -1.0 0.0 0.0
vn -1.0 0.0 0.0
vn -1.0 0.0 0.0
vn -1.0 0.0 0.0
vn -1.0 0.0 0.0
vn -1.0 0.0 0.0
vn -1.0 0.0 0.0
vn -1.0 0.0 0.0
vn -1.0 0.0 0.0
vn -1.0 0.0 0.0
vn -1.0 0.0 0.0
vn -1.0 0.0 0.0
vn -1.0 0.0 0.0
vn -1.0 0.0 0.0
vn -1.0 0.0 0.0
vn -1.0 0.0 0.0
vn -1.0 0.0 0.0
vn -1.0 0.0 0.0
vn -1.0 0.0 0.0
vn -1.0 0.0 0.0
vn -1.0 0.0 0.0
vn -1.0 0.0 0.0
vn -1.0 0.0 0.0
vn -1.0 -0.0 0.0
vn -1.0 -0.0 0.0
vn -1.0 -0.0 0.0
vn -1.0 -0.0 0.0
vn -1.0 -0.0 0.0
vn -1.0 -0.0 0.0
vn -1.0 -0.0 0.0
vn -1.0 -0.0 0.0
vn -1.0 0.0 0.0
vn -1.0 -0.0 0.0
vn -1.0 -0.0 0.0
vn -1.0 -0.0 0.0
vn -1.0 -0.0 0.0
vn -1.0 -0.0 0.0
vn -1.0 -0.0 0.0
vn -1.0 -0.0 0.0
vn -1.0 -0.0 0.0
vn -1.0 -0.0 0.0
vn -1.0 -0.0 0.0
vn -1.0 -0.0 0.0
vn -1.0 -0.0 0.0
vn -1.0 -0.0 0.0
vn -1.0 -0.0 0.0
vn -1.0 -0.0 0.0
vn -1.0 -0.0 0.0
vn -1.0 -0.0 0.0
vn -1.0 0.0 0.0
vn -1.0 0.0 0.0
vn -1.0 0.0 0.0
vn -1.0 0.0 0.0
vn -1.0 0.0 0.0
vn -1.0 0.0 0.0
vn -1.0 0.0 0.0
vn -1.0 0.0 0.0
vn -1.0 0.0 0.0
vn -1.0 0.0 0.0
vn -1.0 0.0 0.0
vn -1.0 0.0 0.0
vn -1.0 0.0 0.0
vn -1.0 0.0 0.0
vn -1.0 0.0 0.0
vn -1.0 0.0 0.0
vn -1.0 0.0 0.0
vn -1.0 0.0 0.0
vn -1.0 0.0 0.0
vn -1.0 0.0 0.0
vn -1.0 0.0 0.0
vn -1.0 0.0 0.0
vn -1.0 0.0 0.0
vn -1.0 0.0 0.0
vn -1.0 0.0 0.0
vn 0.0 0.0 1.0
vn 0.0 0.0 1.0
vn 0.0 0.0 1.0
vn 0.0 0.0 1.0
vn 0.0 0.0 1.0
vn 0.0 0.0 1.0
vn 0.0 0.0 1.0
vn 0.0 0.0 1.0
vn 0.0 0.0 1.0
vn 0.0 0.0 1.0
vn 0.0 0.0 1.0
vn 0.0 0.0 1.0
vn 0.0 0.0 1.0
vn 0.0 0.0 1.0
vn 0.0 0.0 1.0
vn 0.0 0.0 1.0
vn 0.0 0.0 1.0
vn 0.0 0.0 1.0
vn 0.0 0.0 1.0
vn 0.0 0.0 1.0
vn 0.0 0.0 1.0
vn 0.0 0.0 1.0
vn 0.0 0.0 1.0
vn 0.0 0.0 1.0
vn 0.0 0.0 1.0
vn 0.0 0.0 1.0
vn 0.0 0.0 1.0
vn 0.0 0.0 1.0
vn 0.0 0.0 1.0
vn 0.0 0.0 1.0
vn 0.0 0.0 1.0
vn 0.0 0.0 1.0
vn 0.0 0.0 1.0
vn 0.0 0.0 1.0
vn 0.0 0.0 1.0
vn 0.0 0.0 1.0
vn 0.0 0.0 1.0
vn 0.0 0.0 1.0
vn 0.0 0.0 1.0
vn 0.0 0.0 1.0
vn 0.0 0.0 1.0
vn 0.0 0.0 1.0
vn 0.0 0.0 1.0
vn 0.0 0.0 1.0
vn 0.0 0.0 1.0
vn 0.0 0.0 1.0
vn 0.0 0.0 1.0
vn 0.0 0.0 1.0
vn 0.0 0.0 1.0
vn 0.0 0.0 1.0
vn 0.0 0.0 1.0
vn 0.0 0.0 1.0
vn 0.0 0.0 1.0
vn 0.0 0.0 1.0
vn 0.0 0.0 1.0
vn 0.0 0.0 1.0
vn 0.0 0.0 1.0
vn 0.0 0.0 1.0
vn 0.0 0.0 1.0
vn 0.0 0.0 1.0
vn 0.0 0.0 1.0
vn 0.0 0.0 1.0
vn 0.0 0.0 1.0
vn 0.0 0.0 1.0
vn 0.0 0.0 1.0
vn 0.0 0.0 1.0
vn 0.0 0.0 1.0
vn 0.0 0.0 1.0
vn 0.0 0.0 1.0
vn 0.0 0.0 1.0
vn 0.0 0.0 1.0
vn 0.0 0.0 1.0
vn 0.0 0.0 1.0
vn 0.0 0.0 1.0
vn 0.0 0.0 1.0
vn 0.0 0.0 1.0
vn 0.0 0.0 1.0
vn 0.0 0.0 1.0
vn 0.0 0.0 1.0
vn 0.0 0.0 1.0
vn 0.0 0.0 1.0
vn 0.0 0.0 1.0
vn 0.0 0.0 1.0
vn 0.0 0.0 1.0
vn 0.0 0.0 1.0
vn 0.0 0.0 1.0
vn 0.0 0.0 1.0
vn 0.0 0.0 1.0
vn 0.0 0.0 1.0
vn 0.0 0.0 1.0
vn 0.0 0.0 1.0
vn 0.0 0.0 1.0
vn 0.0 0.0 1.0
vn 0.0 0.0 1.0
vn 0.0 0.0 1.0
vn 0.0 0.0 1.0
vn 0.0 0.0 1.0
vn 0.0 0.0 1.0
vn 0.0 0.0 1.0
vn 0.0 0.0 1.0
vn 0.0 0.0 1.0
vn 0.0 0.0 1.0
vn 0.0 0.0 1.0
vn 0.0 0.0 1.0
vn 0.0 0.0 1.0
vn 0.0 0.0 1.0
vn 0.0 0.0 1.0
vn 0.0 0.0 1.0
vn 0.0 0.0 1.0
vn 0.0 0.0 1.0
vn 0.0 0.0 1.0
vn 0.0 0.0 1.0
vn 0.0 0.0 1.0
vn 0.0 0.0 1.0
vn 0.0 0.0 1.0
vn 0.0 0.0 1.0
vn 0.0 0.0 1.0
vn 0.0 0.0 1.0
vn 0.0 0.0 1.0
vn 0.0 0.0 1.0
vn 0.0 0.0 1.0
vn 0.0 0.0 1.0
vn 0.0 0.0 1.0
vn 0.0 0.0 1.0
vn 0.0 0.0 1.0
vn 0.0 0.0 1.0
vn 0.0 0.0 1.0
vn 0.0 0.0 1.0
vn 0.0 0.0 1.0
vn 0.0 0.0 1.0
vn 0.0 0.0 1.0
vn 0.0 0.0 1.0
vn 0.0 0.0 1.0
vn 0.0 0.0 1.0
vn 0.0 0.0 1.0
vn 0.0 0.0 1.0
vn -0.999699 -0.024541 -0.0
vn -0.999699 -0.024541 -0.0
vn -0.99729 -0.073565 -0.0
vn -0.99729 -0.073565 0.0
vn -0.99248 -0.122411 -0.0
vn -0.985278 -0.170962 -0.0
vn -0.99248 -0.122411 0.0
vn -0.985278 -0.170962 -0.0
vn -0.975702 -0.219101 -0.0
vn -0.963776 -0.266713 -0.0
vn -0.975702 -0.219101 0.0
vn -0.963776 -0.266713 -0.0
vn -0.949528 -0.313682 -0.0
vn -0.932993 -0.359895 -0.0
vn -0.949528 -0.313682 0.0
vn -0.932993 -0.359895 -0.0
vn -0.91421 -0.405242 0.0
vn -0.91421 -0.405242 -0.0
vn -0.893224 -0.449611 -0.0
vn -0.893224 -0.449611 0.0
vn -0.870087 -0.492898 -0.0
vn -0.870087 -0.492898 0.0
vn -0.844854 -0.534997 -0.0
vn -0.844854 -0.534997 0.0
vn -0.817584 -0.575809 -0.0
vn -0.817584 -0.575809 0.0
vn -0.788347 -0.615231 -0.0
vn -0.788347 -0.615231 0.0
vn -0.757209 -0.653173 -0.0
vn -0.724247 -0.689541 -0.0
vn -0.757209 -0.653173 0.0
vn -0.724247 -0.689541 -0.0
vn -0.689541 -0.724247 -0.0
vn -0.653173 -0.757209 -0.0
vn -0.689541 -0.724247 0.0
vn -0.653173 -0.757209 -0.0
vn -0.615231 -0.788347 -0.0
vn -0.575809 -0.817585 -0.0
vn -0.615231 -0.788347 0.0
vn -0.534997 -0.844854 -0.0
vn -0.575809 -0.817585 -0.0
vn -0.492898 -0.870087 -0.0
vn -0.534997 -0.844854 -0.0
vn -0.492898 -0.870087 -0.0
vn -0.449611 -0.893224 -0.0
vn -0.405241 -0.91421 -0.0
vn -0.449611 -0.893224 0.0
vn -0.405241 -0.91421 -0.0
vn -0.359895 -0.932993 -0.0
vn -0.359895 -0.932993 0.0
vn -0.313682 -0.949528 -0.0
vn -0.313682 -0.949528 0.0
vn -0.266713 -0.963776 -0.0
vn -0.266713 -0.963776 0.0
vn -0.219101 -0.975702 -0.0
vn -0.170962 -0.985278 -0.0
vn -0.219101 -0.975702 0.0
vn -0.170962 -0.985278 -0.0
vn -0.12241 -0.99248 -0.0
vn -0.073565 -0.99729 -0.0
vn -0.12241 -0.99248 0.0
vn -0.073565 -0.99729 -0.0
vn -0.024541 -0.999699 -0.0
vn -0.024541 -0.999699 0.0
vn -0.999699 0.024541 0.0
vn -0.999699 0.024541 0.0
vn -0.99729 0.073566 0.0
vn -0.99729 0.073566 0.0
vn -0.99248 0.12241 0.0
vn -0.985278 0.170959 0.0
vn -0.99248 0.12241 0.0
vn -0.975702 0.219102 0.0
vn -0.985278 0.170959 0.0
vn -0.975702 0.219102 0.0
vn -0.963775 0.266715 0.0
vn -0.963775 0.266715 0.0
vn -0.949526 0.313688 0.0
vn -0.949526 0.313688 0.0
vn -0.932993 0.359895 0.0
vn -0.932993 0.359895 0.0
vn -0.914212 0.405237 0.0
vn -0.914212 0.405237 0.0
vn -0.893227 0.449606 0.0
vn -0.893227 0.449606 0.0
vn -0.870085 0.492902 0.0
vn -0.870085 0.492902 0.0
vn -0.844855 0.534996 0.0
vn -0.817582 0.575812 0.0
vn -0.844855 0.534996 0.0
vn -0.817582 0.575812 0.0
vn -0.78835 0.615227 0.0
vn -0.78835 0.615227 0.0
vn -0.7572 0.653183 0.0
vn -0.7572 0.653183 0.0
vn -0.72426 0.689527 0.0
vn -0.72426 0.689527 0.0
vn -0.689537 0.724251 0.0
vn -0.689537 0.724251 0.0
vn -0.653166 0.757215 0.0
vn -0.615232 0.788346 0.0
vn -0.653166 0.757215 0.0
vn -0.615232 0.788346 0.0
vn -0.575822 0.817575 0.0
vn -0.575822 0.817575 0.0
vn -0.53499 0.844858 0.0
vn -0.492901 0.870086 0.0
vn -0.53499 0.844858 0.0
vn -0.449611 0.893224 0.0
vn -0.492901 0.870086 0.0
vn -0.449611 0.893224 0.0
vn -0.405234 0.914213 0.0
vn -0.405234 0.914213 0.0
vn -0.359885 0.932997 0.0
vn -0.313679 0.949529 0.0
vn -0.359885 0.932997 0.0
vn -0.313679 0.949529 0.0
vn -0.266734 0.96377 0.0
vn -0.219094 0.975704 0.0
vn -0.266734 0.96377 0.0
vn -0.219094 0.975704 0.0
vn -0.170946 0.98528 0.0
vn -0.170946 0.98528 0.0
vn -0.122409 0.99248 0.0
vn -0.073562 0.997291 0.0
vn -0.122409 0.99248 0.0
vn -0.073562 0.997291 0.0
vn -0.02456 0.999698 0.0
vn -0.02456 0.999698 0.0
vn 0.0 0.0 -1.0
vn 0.0 0.0 -1.0
vn 0.0 0.0 -1.0
vn 0.0 0.0 -1.0
vn 0.0 0.0 -1.0
vn 0.0 0.0 -1.0
vn 0.0 0.0 -1.0
vn 0.0 0.0 -1.0
vn 0.0 0.0 -1.0
vn 0.0 0.0 -1.0
vn 0.0 0.0 -1.0
vn 0.0 0.0 -1.0
vn 0.0 0.0 -1.0
vn 0.0 0.0 -1.0
vn 0.0 0.0 -1.0
vn 0.0 0.0 -1.0
vn 0.0 0.0 -1.0
vn 0.0 0.0 -1.0
vn 0.0 0.0 -1.0
vn 0.0 0.0 -1.0
vn 0.0 0.0 -1.0
vn 0.0 0.0 -1.0
vn 0.0 0.0 -1.0
vn 0.0 0.0 -1.0
vn 0.0 0.0 -1.0
vn 0.0 0.0 -1.0
vn 0.0 0.0 -1.0
vn 0.0 0.0 -1.0
vn 0.0 0.0 -1.0
vn 0.0 0.0 -1.0
vn 0.0 0.0 -1.0
vn 0.0 0.0 -1.0
vn 0.0 -0.0 -1.0
vn 0.0 0.0 -1.0
vn 0.0 -0.0 -1.0
vn 0.0 0.0 -1.0
vn 0.0 -0.0 -1.0
vn 0.0 0.0 -1.0
vn 0.0 -0.0 -1.0
vn 0.0 0.0 -1.0
vn 0.0 -0.0 -1.0
vn 0.0 0.0 -1.0
vn 0.0 -0.0 -1.0
vn 0.0 0.0 -1.0
vn 0.0 -0.0 -1.0
vn 0.0 0.0 -1.0
vn 0.0 -0.0 -1.0
vn 0.0 0.0 -1.0
vn 0.0 -0.0 -1.0
vn 0.0 0.0 -1.0
vn 0.0 0.0 -1.0
vn 0.0 -0.0 -1.0
vn 0.0 0.0 -1.0
vn 0.0 -0.0 -1.0
vn 0.0 0.0 -1.0
vn 0.0 -0.0 -1.0
vn 0.0 0.0 -1.0
vn 0.0 -0.0 -1.0
vn 0.0 0.0 -1.0
vn 0.0 -0.0 -1.0
vn 0.0 0.0 -1.0
vn 0.0 -0.0 -1.0
vn 0.0 0.0 -1.0
vn 0.0 -0.0 -1.0
vn 0.0 -0.0 -1.0
vn 0.0 0.0 -1.0
vn 0.0 -0.0 -1.0
vn 0.0 0.0 -1.0
vn 0.0 -0.0 -1.0
vn 0.0 0.0 -1.0
vn 0.0 -0.0 -1.0
vn 0.0 0.0 -1.0
vn 0.0 -0.0 -1.0
vn 0.0 0.0 -1.0
vn 0.0 -0.0 -1.0
vn 0.0 0.0 -1.0
vn 0.0 -0.0 -1.0
vn 0.0 0.0 -1.0
vn 0.0 -0.0 -1.0
vn 0.0 -0.0 -1.0
vn 0.0 -0.0 -1.0
vn 0.0 0.0 -1.0
vn 0.0 -0.0 -1.0
vn 0.0 -0.0 -1.0
vn 0.0 0.0 -1.0
vn 0.0 -0.0 -1.0
vn 0.0 0.0 -1.0
vn 0.0 -0.0 -1.0
vn 0.0 -0.0 -1.0
vn 0.0 -0.0 -1.0
vn 0.0 0.0 -1.0
vn 0.0 0.0 -1.0
vn 0.0 -0.0 -1.0
vn 0.0 0.0 -1.0
vn 0.0 -0.0 -1.0
vn 0.0 -0.0 -1.0
vn 0.0 0.0 -1.0
vn 0.0 -0.0 -1.0
vn 0.0 0.0 -1.0
vn 0.0 0.0 -1.0
vn 0.0 -0.0 -1.0
vn 0.0 0.0 -1.0
vn 0.0 -0.0 -1.0
vn 0.0 0.0 -1.0
vn 0.0 -0.0 -1.0
vn 0.0 0.0 -1.0
vn 0.0 -0.0 -1.0
vn 0.0 0.0 -1.0
vn 0.0 -0.0 -1.0
vn 0.0 0.0 -1.0
vn 0.0 -0.0 -1.0
vn 0.0 0.0 -1.0
vn 0.0 -0.0 -1.0
vn 0.0 0.0 -1.0
vn 0.0 -0.0 -1.0
vn 0.0 0.0 -1.0
vn 0.0 -0.0 -1.0
vn 0.0 0.0 -1.0
vn 0.0 -0.0 -1.0
vn 0.0 0.0 -1.0
vn 0.0 -0.0 -1.0
vn 0.0 0.0 -1.0
vn 0.0 -0.0 -1.0
vn 0.0 0.0 -1.0
vn 0.0 -0.0 -1.0
vn 0.0 0.0 -1.0
vn 0.0 -0.0 -1.0
vn 0.0 0.0 -1.0
vn 0.0 -0.0 -1.0
vn 0.0 0.0 -1.0
vn 0.0 -0.0 -1.0
vn 0.0 0.0 -1.0
vn 0.0 0.0 -1.0
vn 0.0 0.0 -1.0
vn 0.0 0.0 -1.0
vn 0.0 0.0 -1.0
vn 0.0 0.0 -1.0
vn 0.0 0.0 -1.0
vn 0.0 0.0 -1.0
vn 0.0 0.0 -1.0
vn 0.0 0.0 -1.0
vn 0.0 0.0 -1.0
vn 0.0 0.0 -1.0
vn 0.0 0.0 -1.0
vn 0.0 0.0 -1.0
vn 0.0 0.0 -1.0
vn 0.0 0.0 -1.0
vn 0.0 0.0 -1.0
vn 0.0 0.0 -1.0
vn 0.0 0.0 -1.0
vn 0.0 0.0 -1.0
vn 0.0 0.0 -1.0
vn 0.0 0.0 -1.0
vn 0.0 0.0 -1.0
vn 0.0 0.0 -1.0
vn 0.0 0.0 -1.0
vn 0.0 0.0 -1.0
vn -0.0 -0.0 -1.0
vn -0.0 -0.0 -1.0
vn -0.0 -0.0 -1.0
vn -0.0 -0.0 -1.0
vn -0.0 -0.0 -1.0
vn -0.0 -0.0 -1.0
vn 0.0 -0.0 -1.0
vn 0.0 -0.0 -1.0
vn 0.0 -0.0 -1.0
vn 0.0 -0.0 -1.0
vn 0.0 -0.0 -1.0
vn 0.0 -0.0 -1.0
vn 0.0 -0.0 -1.0
vn 0.0 -0.0 -1.0
vn 0.0 -0.0 -1.0
vn 0.0 -0.0 -1.0
vn 0.0 -0.0 -1.0
vn 0.0 -0.0 -1.0
vn 0.0 -0.0 -1.0
vn 0.0 -0.0 -1.0
vn 0.0 -0.0 -1.0
vn 0.0 -0.0 -1.0
vn 0.0 0.0 -1.0
vn 0.0 -0.0 -1.0
vn 0.0 0.0 -1.0
vn 0.0 0.0 -1.0
vn 0.0 -0.0 -1.0
vn 0.0 0.0 -1.0
vn 0.0 0.0 -1.0
vn 0.0 -0.0 -1.0
vn 0.0 0.0 -1.0
vn 0.0 0.0 -1.0
vn 0.0 -0.0 -1.0
vn 0.0 0.0 -1.0
vn 0.0 -0.0 -1.0
vn 0.0 0.0 -1.0
vn 0.0 -0.0 -1.0
vn 0.0 0.0 -1.0
vn 0.0 0.0 -1.0
vn 0.0 -0.0 -1.0
vn 0.0 0.0 -1.0
vn 0.0 0.0 -1.0
vn 0.0 0.0 -1.0
vn 0.0 0.0 -1.0
vn 0.0 0.0 -1.0
vn 0.0 0.0 -1.0
vn 0.0 -0.0 -1.0
vn 0.0 -0.0 -1.0
vn 0.0 -0.0 -1.0
vn 0.0 -0.0 -1.0
vn 0.0 -0.0 -1.0
vn 0.0 -0.0 -1.0
vn 0.0 -0.0 -1.0
vn 0.0 0.0 -1.0
vn 0.0 0.0 -1.0
vn 0.0 0.0 -1.0
vn 0.0 -0.0 -1.0
vn 0.0 0.0 -1.0
vn 0.0 0.0 -1.0
vn 0.0 -0.0 -1.0
vn 0.0 -0.0 -1.0
vn 0.0 -0.0 -1.0
vn 0.0 0.0 -1.0
vn 0.0 0.0 -1.0
vn 0.0 -0.0 -1.0
vn 0.0 -0.0 -1.0
vn 0.0 -0.0 -1.0
vn 0.0 -0.0 -1.0
vn 0.0 0.0 -1.0
vn 0.0 0.0 -1.0
vn 0.0 0.0 -1.0
vn 0.0 -0.0 -1.0
vn 0.0 -0.0 -1.0
vn 0.0 -0.0 -1.0
vn 0.0 0.0 -1.0
vn 0.0 0.0 -1.0
vn 0.0 -0.0 -1.0
vn 0.0 0.0 -1.0
vn 0.0 0.0 -1.0
vn 0.0 0.0 -1.0
vn 0.0 -0.0 -1.0
vn 0.0 -0.0 -1.0
vn 0.0 0.0 -1.0
vn 0.0 0.0 -1.0
vn 0.0 -0.0 -1.0
vn 0.0 0.0 -1.0
vn 0.0 -0.0 -1.0
vn 0.0 -0.0 -1.0
vn 0.0 -0.0 -1.0
vn 0.0 0.0 -1.0
vn 0.0 -0.0 -1.0
vn 0.0 -0.0 -1.0
vn 0.0 0.0 -1.0
vn 0.0 -0.0 -1.0
vn 0.0 -0.0 -1.0
vn 0.0 0.0 -1.0
vn 0.0 0.0 -1.0
vn 0.0 0.0 -1.0
vn 0.0 0.0 -1.0
vn 0.0 0.0 -1.0
vn 0.0 -0.0 -1.0
vn 0.0 -0.0 -1.0
vn 0.0 -0.0 -1.0
vn 0.0 -0.0 -1.0
vn 0.0 -0.0 -1.0
vn 0.0 -0.0 -1.0
vn 0.0 -0.0 -1.0
vn 0.0 -0.0 -1.0
vn 0.0 0.0 -1.0
vn 0.0 -0.0 -1.0
vn 0.0 0.0 -1.0
vn 0.0 0.0 -1.0
vn 0.0 0.0 -1.0
vn 0.0 0.0 -1.0
vn 0.0 0.0 -1.0
vn 0.0 0.0 -1.0
vn 0.0 0.0 -1.0
vn 0.0 0.0 -1.0
vn 0.0 0.0 -1.0
vn 0.0 0.0 -1.0
vn 0.0 0.0 -1.0
vn 0.0 0.0 -1.0
vn 0.0 -0.0 -1.0
vn 0.0 0.0 -1.0
vn 0.0 0.0 -1.0
vn 0.0 0.0 -1.0
vn 0.0 0.0 -1.0
vn 0.0 -0.0 -1.0
vn 0.0 0.0 -1.0
vn 0.0 0.0 -1.0
vn 0.0 0.0 -1.0
vn 0.0 -0.0 -1.0
vn 0.0 0.0 -1.0
vn 0.0 0.0 -1.0
vn 0.0 -0.0 -1.0
vn 0.0 0.0 -1.0
vn 0.0 0.0 -1.0
vn 0.0 0.0 -1.0
vn 0.0 0.0 -1.0
vn 0.0 -0.0 -1.0
vn 0.0 0.0 -1.0
vn 0.0 0.0 -1.0
vn 0.0 0.0 -1.0
vn 0.0 -0.0 -1.0
vn 0.0 0.0 -1.0
vn 0.0 0.0 -1.0
vn 0.0 0.0 -1.0
vn 0.0 0.0 -1.0
vn 0.0 0.0 -1.0
vn 0.0 0.0 -1.0
vn 0.0 0.0 -1.0
vn 0.0 0.0 -1.0
vn 0.0 0.0 -1.0
vn 0.0 0.0 -1.0
vn 0.0 0.0 -1.0
vn 0.0 0.0 -1.0
vn 0.0 0.0 -1.0
vn 0.0 0.0 -1.0
vn 0.0 0.0 -1.0
vn 0.0 0.0 -1.0
vn 0.0 0.0 -1.0
vn 0.0 0.0 -1.0
vn 0.0 0.0 -1.0
vn 0.0 0.0 -1.0
vn 0.0 0.0 -1.0
vn 0.0 0.0 -1.0
vn 0.0 0.0 -1.0
vn 0.0 0.0 -1.0
vn 0.0 0.0 -1.0
vn 0.0 0.0 -1.0
vn 0.0 0.0 -1.0
vn 0.0 0.0 -1.0
vn 0.0 0.0 -1.0
vn 0.0 0.0 -1.0
vn 0.0 0.0 -1.0
vn 0.0 0.0 -1.0
vn 0.0 0.0 -1.0
vn 0.0 0.0 -1.0
vn 0.0 0.0 -1.0
vn 0.0 0.0 -1.0
vn 0.0 0.0 -1.0
vn 0.0 0.0 -1.0
vn 0.0 0.0 -1.0
vn 0.0 0.0 -1.0
vn 0.0 0.0 -1.0
vn 0.0 0.0 -1.0
vn 0.0 0.0 -1.0
vn 0.0 0.0 -1.0
vn 0.0 0.0 -1.0
vn 0.0 0.0 -1.0
vn 0.0 0.0 -1.0
vn 0.0 0.0 -1.0
vn 0.0 0.0 -1.0
vn 0.0 0.0 -1.0
vn 0.0 0.0 -1.0
vn 0.0 0.0 -1.0
vn 0.0 0.0 -1.0
vn 0.0 0.0 -1.0
vn 0.0 0.0 -1.0
vn 0.0 0.0 -1.0
vn 0.0 0.0 -1.0
vn 0.0 0.0 -1.0
vn 0.0 0.0 -1.0
vn 0.0 0.0 -1.0
vn 0.0 0.0 -1.0
vn 0.0 0.0 -1.0
vn 0.0 0.0 -1.0
vn 0.0 0.0 -1.0
vn 0.0 0.0 -1.0
vn 0.0 0.0 -1.0
vn 0.0 0.0 -1.0
vn 0.0 0.0 -1.0
vn 0.0 0.0 -1.0
vn 0.0 0.0 -1.0
vn 0.0 0.0 -1.0
vn 0.0 0.0 -1.0
vn 0.0 0.0 -1.0
vn 0.0 0.0 -1.0
vn 0.0 0.0 -1.0
vn 0.0 0.0 -1.0
vn 0.0 0.0 -1.0
vn 0.0 0.0 -1.0
vn 0.0 0.0 -1.0
vn 0.0 0.0 -1.0
vn 0.0 0.0 -1.0
vn 0.0 0.0 -1.0
vn 0.0 -0.0 -1.0
vn 0.0 0.0 -1.0
vn 0.0 0.0 -1.0
vn 0.0 0.0 -1.0
vn 0.0 0.0 -1.0
vn 0.0 -0.0 -1.0
vn 0.0 0.0 -1.0
vn 0.0 0.0 -1.0
vn 0.0 0.0 -1.0
vn 0.0 0.0 -1.0
vn 0.0 -0.0 -1.0
vn 0.0 0.0 -1.0
vn 0.0 0.0 -1.0
vn 0.0 0.0 -1.0
vn 0.0 -0.0 -1.0
vn 0.0 0.0 -1.0
vn 0.0 0.0 -1.0
vn 0.0 0.0 -1.0
vn 0.0 0.0 -1.0
vn 0.0 0.0 -1.0
vn 0.0 -0.0 -1.0
vn 0.0 0.0 -1.0
vn 0.0 0.0 -1.0
vn 0.0 0.0 -1.0
vn 0.0 -0.0 -1.0
vn 0.0 0.0 -1.0
vn 0.0 0.0 -1.0
vn 0.0 0.0 -1.0
vn 0.0 -0.0 -1.0
vn 0.0 0.0 -1.0
vn 0.0 0.0 -1.0
vn 0.0 0.0 -1.0
vn 0.0 0.0 -1.0
vn 0.0 -0.0 -1.0
vn 0.0 0.0 -1.0
vn 0.0 0.0 -1.0
vn 0.0 -0.0 -1.0
vn 0.0 0.0 -1.0
vn 0.0 0.0 -1.0
vn 0.0 0.0 -1.0
vn 0.0 0.0 -1.0
vn 0.0 0.0 -1.0
vn 0.0 0.0 -1.0
vn 0.0 -0.0 -1.0
vn 0.0 0.0 -1.0
vn 0.0 0.0 -1.0
vn 0.0 -0.0 -1.0
vn 0.0 0.0 -1.0
vn 0.0 -0.0 -1.0
vn 0.0 0.0 -1.0
vn 0.0 -0.0 -1.0
vn 0.0 0.0 -1.0
vn 0.0 -0.0 -1.0
vn 0.0 -0.0 -1.0
vn 0.0 0.0 -1.0
vn 0.0 -0.0 -1.0
vn 0.0 -0.0 -1.0
vn 0.0 0.0 -1.0
vn 0.0 -0.0 -1.0
vn 0.0 -0.0 -1.0
vn 0.0 -0.0 -1.0
vn 0.0 -0.0 -1.0
vn 0.0 -0.0 -1.0
vn 0.0 0.0 -1.0
vn 0.0 -0.0 -1.0
vn 0.0 -0.0 -1.0
vn 0.0 0.0 -1.0
vn 0.0 -0.0 -1.0
vn 0.0 0.0 -1.0
vn 0.0 0.0 -1.0
vn 0.0 -0.0 -1.0
vn 0.0 -0.0 -1.0
vn 0.0 0.0 -1.0
vn 0.0 0.0 -1.0
vn 0.0 -0.0 -1.0
vn 0.0 0.0 -1.0
vn 0.0 0.0 -1.0
vn 0.0 -0.0 -1.0
vn 0.0 0.0 -1.0
vn 0.0 0.0 -1.0
vn 0.0 -0.0 -1.0
vn 0.0 -0.0 -1.0
vn 0.0 0.0 -1.0
vn 0.0 0.0 -1.0
vn 0.0 -0.0 -1.0
vn 0.0 0.0 -1.0
vn 0.0 0.0 -1.0
vn 0.0 -0.0 -1.0
vn 0.0 0.0 -1.0
vn 0.0 0.0 -1.0
vn 0.0 -0.0 -1.0
vn 0.0 -0.0 -1.0
vn 0.0 0.0 -1.0
vn 0.0 0.0 -1.0
vn 0.0 -0.0 -1.0
vn 0.0 0.0 -1.0
vn 0.0 0.0 -1.0
vn 0.0 -0.0 -1.0
vn 0.0 0.0 -1.0
vn 0.0 0.0 -1.0
vn 0.0 -0.0 -1.0
vn 0.0 -0.0 -1.0
vn 0.0 0.0 -1.0
vn 0.0 0.0 -1.0
vn 0.0 -0.0 -1.0
vn 0.0 0.0 -1.0
vn 0.0 0.0 -1.0
vn 0.0 -0.0 -1.0
vn 0.0 0.0 -1.0
vn 0.0 0.0 -1.0
vn 0.0 -0.0 -1.0
vn 0.0 -0.0 -1.0
vn 0.0 0.0 -1.0
vn 0.0 0.0 -1.0
vn 0.0 -0.0 -1.0
vn 0.0 0.0 -1.0
vn 0.0 0.0 -1.0
vn 0.0 -0.0 -1.0
vn 0.0 0.0 -1.0
vn 0.0 0.0 -1.0
vn 0.0 -0.0 -1.0
vn 0.0 -0.0 -1.0
vn 0.0 0.0 -1.0
vn 0.0 0.0 -1.0
vn 0.0 -0.0 -1.0
vn 0.0 0.0 -1.0
vn 0.0 0.0 -1.0
vn 0.0 0.0 -1.0
vn 0.0 0.0 -1.0
vn 0.0 0.0 -1.0
vn 0.0 0.0 -1.0
vn 0.0 0.0 -1.0
vn 0.0 0.0 -1.0
vn 0.0 0.0 -1.0
vn 0.0 0.0 -1.0
vn 0.0 0.0 -1.0
vn 0.0 0.0 -1.0
vn 0.0 0.0 -1.0
vn 0.0 0.0 -1.0
vn 0.0 0.0 -1.0
vn 0.0 0.0 -1.0
vn 0.0 0.0 -1.0
vn 0.0 0.0 -1.0
vn 0.0 0.0 -1.0
vn 0.0 0.0 -1.0
vn 0.0 0.0 -1.0
vn 0.0 0.0 -1.0
vn 0.0 0.0 -1.0
vn 0.0 0.0 -1.0
vn 0.0 0.0 -1.0
vn 0.0 0.0 -1.0
vn 0.0 0.0 -1.0
vn 0.0 0.0 -1.0
vn 0.0 0.0 -1.0
vn 0.0 0.0 -1.0
vn 0.0 0.0 -1.0
vn 0.0 0.0 -1.0
vn 0.0 0.0 -1.0
vn 0.0 0.0 -1.0
vn 0.0 0.0 -1.0
vn 0.0 0.0 -1.0
vn 0.0 0.0 -1.0
vn 0.0 0.0 -1.0
vn 0.0 0.0 -1.0
vn 0.0 0.0 -1.0
vn 0.0 0.0 -1.0
vn 0.0 0.0 -1.0
vn 0.0 0.0 -1.0
vn 0.0 0.0 -1.0
vn 0.0 0.0 -1.0
vn 0.0 0.0 -1.0
vn 0.0 0.0 -1.0
vn 0.0 0.0 -1.0
vn 0.0 0.0 -1.0
vn 0.0 0.0 -1.0
vn 0.0 0.0 -1.0
vn 0.0 0.0 -1.0
vn 0.0 0.0 -1.0
vn 0.0 0.0 -1.0
vn 0.0 0.0 -1.0
vn 0.0 0.0 -1.0
vn 0.0 0.0 -1.0
vn 0.0 0.0 -1.0
vn 0.0 0.0 -1.0
vn 0.0 0.0 -1.0
vn 0.0 0.0 -1.0
vn 0.0 0.0 -1.0
vn 0.0 0.0 -1.0
vn 0.0 0.0 -1.0
vn 0.0 0.0 -1.0
vn 0.0 0.0 -1.0
vn 0.0 0.0 -1.0
vn 0.0 0.0 -1.0
vn 0.0 0.0 -1.0
vn 0.0 0.0 -1.0
vn 0.0 0.0 -1.0
vn 0.0 0.0 -1.0
vn 0.0 0.0 -1.0
vn 0.0 0.0 -1.0
vn 0.0 0.0 -1.0
vn 0.0 0.0 -1.0
vn 0.0 0.0 -1.0
vn 0.0 0.0 -1.0
vn 0.0 0.0 -1.0
vn 0.0 0.0 -1.0
vn 0.0 0.0 -1.0
vn 0.0 0.0 -1.0
vn 0.0 0.0 -1.0
vn 0.0 0.0 -1.0
vn 0.0 0.0 -1.0
vn 0.0 0.0 -1.0
vn 0.0 0.0 -1.0
vn 0.0 0.0 -1.0
vn 0.0 0.0 -1.0
vn 0.0 0.0 -1.0
vn 0.0 0.0 -1.0
vn 0.0 0.0 -1.0
vn 0.0 0.0 -1.0
vn 0.0 0.0 -1.0
vn 0.0 0.0 -1.0
vn 0.0 0.0 -1.0
vn 0.0 0.0 -1.0
vn 0.0 0.0 -1.0
vn 0.0 0.0 -1.0
vn 0.0 0.0 -1.0
vn 0.0 0.0 -1.0
vn 0.0 0.0 -1.0
vn -0.0 -0.0 -1.0
vn -0.0 -0.0 -1.0
vn -0.0 -0.0 -1.0
vn -0.0 -0.0 -1.0
vn -0.0 -0.0 -1.0
vn 0.0 0.0 -1.0
vn 0.0 0.0 -1.0
vn 0.0 0.0 -1.0
vn 0.0 0.0 -1.0
vn 0.0 0.0 -1.0
vn -0.0 -0.0 -1.0
vn 0.0 0.0 -1.0
vn 0.0 0.0 -1.0
vn -0.0 -0.0 -1.0
vn 0.0 0.0 -1.0
vn 0.0 0.0 -1.0
vn -0.0 -0.0 -1.0
vn 0.0 0.0 -1.0
vn -0.0 -0.0 -1.0
vn 0.0 0.0 -1.0
vn 0.0 0.0 -1.0
vn 0.0 0.0 -1.0
vn -0.0 -0.0 -1.0
vn 0.0 0.0 -1.0
vn 0.0 0.0 -1.0
vn -0.0 -0.0 -1.0
vn 0.0 0.0 -1.0
vn 0.0 0.0 -1.0
vn -0.0 -0.0 -1.0
vn 0.0 0.0 -1.0
vn 0.0 -0.0 -1.0
vn 0.0 -0.0 -1.0
vn 0.0 -0.844103 -0.536182
vn 0.0 -0.844103 -0.536182
vn 0.0 -0.817256 -0.576275
vn 0.0 -0.817256 -0.576275
vn 0.0 -0.788516 -0.615014
vn 0.0 -0.788516 -0.615014
vn 0.0 -0.757926 -0.652341
vn 0.0 -0.757926 -0.652341
vn 0.0 -0.725581 -0.688137
vn 0.0 -0.725581 -0.688137
vn 0.0 -0.69155 -0.722328
vn 0.0 -0.69155 -0.722328
vn 0.0 -0.6559 -0.754848
vn 0.0 -0.6559 -0.754848
vn 0.0 -0.618727 -0.785606
vn 0.0 -0.618727 -0.785606
vn 0.0 -0.580116 -0.814534
vn 0.0 -0.580116 -0.814534
vn 0.0 -0.54015 -0.841569
vn 0.0 -0.54015 -0.841569
vn 0.0 -0.498936 -0.866639
vn 0.0 -0.498936 -0.866639
vn 0.0 -0.456549 -0.889698
vn 0.0 -0.456549 -0.889698
vn 0.0 -0.413109 -0.910681
vn 0.0 -0.413109 -0.910681
vn 0.0 -0.368705 -0.929546
vn 0.0 -0.368705 -0.929546
vn 0.0 -0.323432 -0.946251
vn 0.0 -0.323432 -0.946251
vn 0.0 -0.277421 -0.960749
vn 0.0 -0.277421 -0.960749
vn 0.0 -0.230762 -0.97301
vn 0.0 -0.230762 -0.97301
vn 0.0 -0.183553 -0.98301
vn 0.0 -0.183553 -0.98301
vn 0.0 -0.135928 -0.990719
vn 0.0 -0.135928 -0.990719
vn 0.0 -0.148038 -0.988982
vn 0.0 -0.098894 -0.995098
vn 0.0 -0.148038 -0.988982
vn 0.0 -0.049508 -0.998774
vn 0.0 -0.098894 -0.995098
vn 0.0 0.0 -1.0
vn 0.0 -0.049508 -0.998774
vn 0.0 0.0 -1.0
vn 0.0 0.049508 -0.998774
vn 0.0 0.049508 -0.998774
vn 0.0 0.098894 -0.995098
vn 0.0 0.098894 -0.995098
vn 0.0 0.148038 -0.988982
vn 0.0 0.148038 -0.988982
vn 0.0 0.19494 -0.980815
vn 0.0 0.241923 -0.970295
vn 0.0 0.19494 -0.980815
vn 0.0 0.288347 -0.957526
vn 0.0 0.241923 -0.970295
vn 0.0 0.334102 -0.942537
vn 0.0 0.288347 -0.957526
vn 0.0 0.379089 -0.92536
vn 0.0 0.334102 -0.942537
vn 0.0 0.423191 -0.906041
vn 0.0 0.379089 -0.92536
vn 0.0 0.466311 -0.884621
vn 0.0 0.423191 -0.906041
vn 0.0 0.508357 -0.861147
vn 0.0 0.466311 -0.884621
vn 0.0 0.549212 -0.835683
vn 0.0 0.508357 -0.861147
vn 0.0 0.588804 -0.808276
vn 0.0 0.549212 -0.835683
vn 0.0 0.627031 -0.778994
vn 0.0 0.588804 -0.808276
vn 0.0 0.6638 -0.74791
vn 0.0 0.627031 -0.778994
vn 0.0 0.6638 -0.74791
vn 0.0 0.732642 -0.680614
vn 0.0 0.69903 -0.715093
vn 0.0 0.69903 -0.715093
vn 0.0 0.764554 -0.644559
vn 0.0 0.732642 -0.680614
vn 0.0 0.764554 -0.644559
vn 0.0 0.794695 -0.607009
vn 0.0 0.794695 -0.607009
vn 0.0 0.822991 -0.568055
vn 0.0 0.822991 -0.568055
vn 0.0 0.849381 -0.52778
vn 0.0 0.849381 -0.52778
vn 0.0 1.0 0.0
vn 0.0 1.0 0.0
vn 0.0 0.982173 0.187979
vn -0.0 0.982173 0.187979
vn -0.0 0.971582 0.236704
vn 0.0 0.971582 0.236704
vn -0.0 0.958576 0.284838
vn 0.0 0.958576 0.284838
vn -0.0 0.943182 0.332276
vn 0.0 0.943182 0.332276
vn -0.0 0.925442 0.37889
vn 0.0 0.925442 0.37889
vn -0.0 0.90541 0.424538
vn 0.0 0.90541 0.424538
vn -0.0 0.883113 0.46916
vn 0.0 0.883113 0.46916
vn -0.0 0.858631 0.512594
vn 0.0 0.858631 0.512594
vn -0.0 0.83201 0.55476
vn 0.0 0.83201 0.55476
vn -0.0 0.803315 0.595554
vn 0.0 0.803315 0.595554
vn -0.0 0.772633 0.634853
vn 0.0 0.772633 0.634853
vn 0.0 0.740028 0.672576
vn -0.0 0.740028 0.672576
vn 0.0 0.705573 0.708637
vn -0.0 0.705573 0.708637
vn 0.0 0.669367 0.742932
vn -0.0 0.669367 0.742932
vn 0.0 0.6315 0.775376
vn -0.0 0.6315 0.775376
vn 0.0 0.592066 0.805889
vn -0.0 0.592066 0.805889
vn 0.0 0.551147 0.834408
vn -0.0 0.508869 0.860844
vn -0.0 0.551147 0.834408
vn -0.0 0.465328 0.885138
vn -0.0 0.508869 0.860844
vn -0.0 0.420616 0.907239
vn -0.0 0.465328 0.885138
vn -0.0 0.374867 0.927078
vn -0.0 0.420616 0.907239
vn -0.0 0.328191 0.944611
vn -0.0 0.374867 0.927078
vn -0.0 0.280681 0.959801
vn -0.0 0.328191 0.944611
vn -0.0 0.232493 0.972598
vn -0.0 0.280681 0.959801
vn -0.0 0.232493 0.972598
vn -0.0 0.0 1.0
vn 0.0 0.0 1.0
vn 0.0 -0.077702 0.996977
vn 0.0 -0.126868 0.99192
vn 0.0 -0.077702 0.996977
vn 0.0 -0.175714 0.984441
vn 0.0 -0.126868 0.99192
vn 0.0 -0.224141 0.974557
vn 0.0 -0.175714 0.984441
vn 0.0 -0.272009 0.962295
vn 0.0 -0.224141 0.974557
vn 0.0 -0.319224 0.947679
vn 0.0 -0.272009 0.962295
vn 0.0 -0.365655 0.93075
vn 0.0 -0.319224 0.947679
vn 0.0 -0.41119 0.91155
vn 0.0 -0.365655 0.93075
vn 0.0 -0.455726 0.89012
vn 0.0 -0.41119 0.91155
vn 0.0 -0.499147 0.866517
vn 0.0 -0.455726 0.89012
vn 0.0 -0.499147 0.866517
vn 0.0 -0.541338 0.840805
vn 0.0 -0.541338 0.840805
vn 0.0 -0.582232 0.813023
vn 0.0 -0.582232 0.813023
vn 0.0 -0.62168 0.783271
vn 0.0 -0.62168 0.783271
vn 0.0 -0.659621 0.751598
vn 0.0 -0.659621 0.751598
vn 0.0 -0.695941 0.718099
vn 0.0 -0.695941 0.718099
vn 0.0 -0.730575 0.682833
vn 0.0 -0.730575 0.682833
vn 0.0 -0.763423 0.645899
vn 0.0 -0.763423 0.645899
vn 0.0 -0.794391 0.607407
vn 0.0 -0.794391 0.607407
vn 0.0 -0.823437 0.567407
vn 0.0 -0.850454 0.526049
vn 0.0 -0.823437 0.567407
vn 0.0 -0.850454 0.526049
vn 0.0 -0.875417 0.483369
vn 0.0 -0.898228 0.439529
vn 0.0 -0.875417 0.483369
vn 0.0 -0.918845 0.394618
vn 0.0 -0.898228 0.439529
vn 0.0 -0.937211 0.348763
vn 0.0 -0.918845 0.394618
vn 0.0 -0.953305 0.30201
vn 0.0 -0.937211 0.348763
vn 0.0 -0.967059 0.254553
vn 0.0 -0.953305 0.30201
vn 0.0 -0.978456 0.206455
vn 0.0 -0.967059 0.254553
vn 0.0 -0.978456 0.206455
vn 0.0 -1.0 0.0
vn 0.0 -1.0 -0.0
vn -0.0 -1.0 0.0
vn 0.0 -1.0 0.0
vn 0.0 -1.0 0.0
vn -0.0 -1.0 0.0
vn 0.0 -1.0 0.0
vn 0.0 -1.0 0.0
vn 0.0 -1.0 0.0
vn 0.0 -1.0 0.0
vn 0.0 1.0 0.0
vn 0.0 1.0 0.0
vn 0.024541 -0.999699 0.0
vn 0.024541 -0.999699 0.0
vn 0.073566 -0.99729 0.0
vn 0.12241 -0.99248 0.0
vn 0.073566 -0.99729 0.0
vn 0.12241 -0.99248 0.0
vn 0.170959 -0.985278 0.0
vn 0.170959 -0.985278 0.0
vn 0.219102 -0.975702 0.0
vn 0.266715 -0.963775 0.0
vn 0.219102 -0.975702 0.0
vn 0.266715 -0.963775 0.0
vn 0.313688 -0.949526 0.0
vn 0.313688 -0.949526 0.0
vn 0.359895 -0.932993 0.0
vn 0.359895 -0.932993 0.0
vn 0.405237 -0.914212 0.0
vn 0.405237 -0.914212 0.0
vn 0.449606 -0.893227 0.0
vn 0.449606 -0.893227 0.0
vn 0.492902 -0.870085 0.0
vn 0.534996 -0.844855 0.0
vn 0.492902 -0.870085 0.0
vn 0.534996 -0.844855 0.0
vn 0.575812 -0.817582 0.0
vn 0.615227 -0.78835 0.0
vn 0.575812 -0.817582 0.0
vn 0.615227 -0.78835 0.0
vn 0.653183 -0.7572 0.0
vn 0.653183 -0.7572 0.0
vn 0.689527 -0.72426 0.0
vn 0.689527 -0.72426 0.0
vn 0.72425 -0.689537 0.0
vn 0.757215 -0.653165 0.0
vn 0.72425 -0.689537 0.0
vn 0.757215 -0.653165 0.0
vn 0.788346 -0.615233 0.0
vn 0.788346 -0.615233 0.0
vn 0.817575 -0.575822 0.0
vn 0.817575 -0.575822 0.0
vn 0.844858 -0.53499 0.0
vn 0.870086 -0.492901 0.0
vn 0.844858 -0.53499 0.0
vn 0.870086 -0.492901 0.0
vn 0.893224 -0.449611 0.0
vn 0.893224 -0.449611 0.0
vn 0.914213 -0.405235 0.0
vn 0.914213 -0.405235 0.0
vn 0.932997 -0.359885 0.0
vn 0.932997 -0.359885 0.0
vn 0.949529 -0.313679 0.0
vn 0.96377 -0.266734 0.0
vn 0.949529 -0.313679 0.0
vn 0.96377 -0.266734 0.0
vn 0.975704 -0.219094 0.0
vn 0.98528 -0.170946 0.0
vn 0.975704 -0.219094 0.0
vn 0.98528 -0.170946 0.0
vn 0.99248 -0.122409 0.0
vn 0.997291 -0.073562 0.0
vn 0.99248 -0.122409 0.0
vn 0.997291 -0.073562 0.0
vn 0.999698 -0.02456 0.0
vn 0.999698 -0.02456 0.0
vn 0.024559 0.999698 -0.0
vn 0.024559 0.999698 0.0
vn 0.073564 0.99729 0.0
vn 0.073564 0.99729 0.0
vn 0.122408 0.99248 0.0
vn 0.170943 0.985281 -0.0
vn 0.122408 0.99248 0.0
vn 0.170943 0.985281 0.0
vn 0.219094 0.975704 0.0
vn 0.266736 0.96377 -0.0
vn 0.219094 0.975704 0.0
vn 0.266736 0.96377 0.0
vn 0.313685 0.949527 0.0
vn 0.359885 0.932997 -0.0
vn 0.313685 0.949527 0.0
vn 0.359885 0.932997 0.0
vn 0.40523 0.914215 0.0
vn 0.40523 0.914215 0.0
vn 0.449606 0.893227 0.0
vn 0.449606 0.893227 0.0
vn 0.492905 0.870083 0.0
vn 0.492905 0.870083 0.0
vn 0.534988 0.844859 0.0
vn 0.534988 0.844859 0.0
vn 0.575825 0.817573 0.0
vn 0.575825 0.817573 0.0
vn 0.615228 0.788349 0.0
vn 0.615228 0.788349 0.0
vn 0.653176 0.757206 0.0
vn 0.689523 0.724264 -0.0
vn 0.653176 0.757206 0.0
vn 0.689523 0.724264 0.0
vn 0.724264 0.689523 0.0
vn 0.757206 0.653176 -0.0
vn 0.724264 0.689523 0.0
vn 0.757206 0.653176 0.0
vn 0.788349 0.615228 0.0
vn 0.817573 0.575825 -0.0
vn 0.788349 0.615228 0.0
vn 0.844859 0.534988 -0.0
vn 0.817573 0.575825 0.0
vn 0.870083 0.492905 -0.0
vn 0.844859 0.534988 0.0
vn 0.870083 0.492905 0.0
vn 0.893227 0.449606 0.0
vn 0.914215 0.40523 -0.0
vn 0.893227 0.449606 0.0
vn 0.914215 0.40523 0.0
vn 0.932997 0.359885 0.0
vn 0.932997 0.359885 0.0
vn 0.949527 0.313685 0.0
vn 0.949527 0.313685 0.0
vn 0.96377 0.266736 0.0
vn 0.96377 0.266736 0.0
vn 0.975704 0.219094 0.0
vn 0.985281 0.170943 -0.0
vn 0.975704 0.219094 0.0
vn 0.985281 0.170943 0.0
vn 0.99248 0.122408 0.0
vn 0.99729 0.073564 -0.0
vn 0.99248 0.122408 0.0
vn 0.99729 0.073564 0.0
vn 0.999698 0.024559 0.0
vn 0.999698 0.024559 0.0
vn 1.0 0.0 0.0
vn 1.0 -0.0 0.0
vn 1.0 0.0 0.0
vn 1.0 -0.0 0.0
vn 1.0 0.0 0.0
vn 1.0 0.0 0.0
vn 1.0 -0.0 0.0
vn 1.0 0.0 0.0
vn 1.0 -0.0 0.0
vn 1.0 0.0 0.0
vn 1.0 -0.0 0.0
vn 1.0 0.0 0.0
vn 1.0 -0.0 0.0
vn 1.0 0.0 0.0
vn 1.0 -0.0 0.0
vn 1.0 0.0 0.0
vn 1.0 -0.0 0.0
vn 1.0 -0.0 0.0
vn 1.0 0.0 0.0
vn 1.0 -0.0 0.0
vn 1.0 -0.0 0.0
vn 1.0 -0.0 0.0
vn 1.0 -0.0 0.0
vn 1.0 -0.0 0.0
vn 1.0 -0.0 0.0
vn 1.0 -0.0 0.0
vn 1.0 -0.0 0.0
vn 1.0 -0.0 0.0
vn 1.0 -0.0 0.0
vn 1.0 -0.0 0.0
vn 1.0 -0.0 0.0
vn 1.0 -0.0 0.0
vn 1.0 -0.0 0.0
vn 1.0 -0.0 0.0
vn 1.0 -0.0 0.0
vn 1.0 0.0 0.0
vn 1.0 -0.0 0.0
vn 1.0 0.0 0.0
vn 1.0 -0.0 0.0
vn 1.0 0.0 0.0
vn 1.0 -0.0 0.0
vn 1.0 0.0 0.0
vn 1.0 -0.0 0.0
vn 1.0 0.0 0.0
vn 1.0 -0.0 0.0
vn 1.0 0.0 0.0
vn 1.0 -0.0 0.0
vn 1.0 0.0 0.0
vn 1.0 -0.0 0.0
vn 1.0 0.0 0.0
vn 1.0 -0.0 0.0
vn 1.0 0.0 0.0
vn 1.0 -0.0 0.0
vn 1.0 0.0 0.0
vn 1.0 -0.0 0.0
vn 1.0 0.0 0.0
vn 1.0 -0.0 0.0
vn 1.0 0.0 0.0
vn 1.0 -0.0 0.0
vn 1.0 0.0 0.0
vn 1.0 -0.0 0.0
vn 1.0 0.0 0.0
vn 1.0 0.0 0.0
vn 1.0 0.0 0.0
vn 1.0 0.0 0.0
vn 1.0 0.0 0.0
vn 1.0 0.0 0.0
vn 1.0 0.0 0.0
vn 1.0 0.0 0.0
vn 1.0 0.0 0.0
vn 1.0 0.0 0.0
vn 1.0 0.0 0.0
vn 1.0 0.0 0.0
vn 1.0 0.0 0.0
vn 1.0 0.0 0.0
vn 1.0 0.0 0.0
vn 1.0 0.0 0.0
vn 1.0 0.0 0.0
vn 1.0 0.0 0.0
vn 1.0 0.0 0.0
vn 1.0 0.0 0.0
vn 1.0 0.0 0.0
vn 1.0 0.0 0.0
vn 1.0 0.0 0.0
vn 1.0 0.0 0.0
vn 1.0 0.0 0.0
vn 1.0 0.0 0.0
vn 1.0 0.0 0.0
vn 1.0 0.0 0.0
vn 1.0 0.0 0.0
vn 1.0 0.0 0.0
vn 1.0 0.0 0.0
vn 1.0 0.0 0.0
vn 1.0 0.0 0.0
vn 1.0 0.0 0.0
vn 1.0 0.0 0.0
vn 1.0 0.0 0.0
vn 1.0 0.0 0.0
vn 1.0 0.0 0.0
vn 1.0 0.0 0.0
vn 1.0 0.0 0.0
vn 1.0 0.0 0.0
vn 1.0 0.0 0.0
vn 1.0 0.0 0.0
vn 1.0 0.0 0.0
vn 1.0 0.0 0.0
vn 1.0 0.0 0.0
vn 1.0 0.0 0.0
vn 1.0 0.0 0.0
vn 1.0 0.0 0.0
vn 1.0 0.0 0.0
vn 1.0 0.0 0.0
vn 1.0 0.0 0.0
vn 1.0 0.0 0.0
vn 1.0 0.0 0.0
vn 1.0 0.0 0.0
vn 1.0 -0.0 0.0
vn 1.0 0.0 0.0
vn 1.0 0.0 0.0
vn 1.0 0.0 0.0
vn 1.0 0.0 0.0
vn 1.0 0.0 0.0
vn 1.0 0.0 0.0
vn 1.0 0.0 0.0
vn 1.0 0.0 0.0
vn 1.0 -0.0 0.0
vn 1.0 -0.0 0.0
vn 1.0 0.0 0.0
vn 1.0 -0.0 0.0
vn 1.0 0.0 0.0
vn 1.0 -0.0 0.0
vn 1.0 0.0 0.0
vn 1.0 -0.0 0.0
vn 1.0 0.0 0.0
vn 1.0 -0.0 0.0
vn 1.0 0.0 0.0
vn 1.0 -0.0 0.0
vn 1.0 0.0 0.0
vn 1.0 -0.0 0.0
vn 1.0 0.0 0.0
vn 1.0 -0.0 0.0
vn 1.0 0.0 0.0
vn 1.0 -0.0 0.0
vn 1.0 0.0 0.0
vn 1.0 -0.0 0.0
vn 1.0 0.0 0.0
vn 1.0 -0.0 0.0
vn 1.0 0.0 0.0
vn 1.0 -0.0 0.0
vn 1.0 0.0 0.0
vn 1.0 -0.0 0.0
vn 1.0 0.0 0.0
vn 1.0 -0.0 0.0
vn 1.0 -0.0 0.0
vn 1.0 -0.0 0.0
vn 1.0 0.0 0.0
vn 1.0 0.0 0.0
vn 1.0 0.0 0.0
vn 1.0 0.0 0.0
vn 1.0 0.0 0.0
vn 1.0 0.0 0.0
vn 1.0 0.0 0.0
vn 1.0 0.0 0.0
vn 1.0 0.0 0.0
vn 1.0 0.0 0.0
vn 1.0 0.0 0.0
vn 1.0 0.0 0.0
vn 1.0 0.0 0.0
vn 1.0 0.0 0.0
vn 1.0 0.0 0.0
vn 1.0 0.0 0.0
vn 1.0 0.0 0.0
vn 1.0 0.0 0.0
vn 1.0 0.0 0.0
vn 1.0 0.0 0.0
vn 1.0 0.0 0.0
vn 1.0 0.0 0.0
vn 1.0 0.0 0.0
vn 1.0 0.0 0.0
vn 1.0 0.0 0.0
vn 1.0 0.0 0.0
vn 1.0 0.0 0.0
vn 1.0 0.0 0.0
vn 1.0 0.0 0.0
vn 1.0 0.0 0.0
vn 1.0 0.0 0.0
vn 1.0 0.0 0.0
vn 1.0 0.0 0.0
vn 1.0 0.0 0.0
vn 1.0 0.0 0.0
vn 1.0 0.0 0.0
vn 1.0 0.0 0.0
vn 1.0 0.0 0.0
vn 1.0 0.0 0.0
vn 1.0 0.0 0.0
vn 1.0 0.0 0.0
vn 1.0 0.0 0.0
vn 1.0 0.0 0.0
vn 1.0 0.0 0.0
vn 1.0 0.0 0.0
vn 1.0 0.0 0.0
vn 1.0 0.0 0.0
vn 1.0 0.0 0.0
vn 1.0 0.0 0.0
vn 1.0 0.0 0.0
vn 1.0 0.0 0.0
vn 1.0 0.0 0.0
vn 1.0 0.0 0.0
vn 1.0 0.0 0.0
vn 1.0 0.0 0.0
vn 1.0 0.0 0.0
vn 1.0 0.0 0.0
vn 1.0 0.0 0.0
vn 1.0 0.0 0.0
vn 1.0 0.0 0.0
vn 1.0 0.0 0.0
vn 1.0 0.0 0.0
vn 1.0 0.0 0.0
vn 1.0 0.0 0.0
vn 1.0 0.0 0.0
vn 1.0 0.0 0.0
vn 1.0 0.0 0.0
vn 1.0 0.0 0.0
vn 1.0 0.0 0.0
vn 1.0 0.0 0.0
vn 1.0 0.0 0.0
vn 1.0 0.0 0.0
vn 1.0 0.0 0.0
vn 1.0 0.0 0.0
vn 1.0 0.0 0.0
vn 1.0 0.0 0.0
vn 1.0 0.0 0.0
vn 1.0 0.0 0.0
vn 1.0 0.0 0.0
vn 1.0 0.0 0.0
vn 1.0 0.0 0.0
vn 1.0 0.0 0.0
vn 1.0 0.0 0.0
vn 1.0 0.0 0.0
vn 1.0 0.0 0.0
vn 1.0 0.0 0.0
vn 1.0 0.0 0.0
vn 1.0 0.0 0.0
vn 1.0 0.0 0.0
vn 1.0 0.0 0.0
vn 1.0 0.0 0.0
vn 1.0 0.0 0.0
vn 1.0 0.0 0.0
vn 1.0 -0.0 0.0
vn 1.0 0.0 0.0
vn 1.0 0.0 0.0
vn 1.0 0.0 0.0
vn 1.0 0.0 -0.0
vn 1.0 0.0 -0.0
vn 1.0 0.0 -0.0
vn 1.0 0.0 0.0
vn 1.0 0.0 0.0
vn 1.0 0.0 0.0
vn 1.0 0.0 0.0
vn 1.0 0.0 0.0
vn 1.0 0.0 0.0
vn 1.0 0.0 0.0
vn 1.0 0.0 0.0
vn 1.0 0.0 0.0
vn 0.0 1.0 0.0
vn 0.0 1.0 0.0
vn 0.0 1.0 0.0
vn 0.0 1.0 0.0
vn 0.0 1.0 0.0
vn 0.0 1.0 0.0
vn 0.0 1.0 0.0
vn 0.0 1.0 0.0
vn 0.0 1.0 0.0
vn 0.0 1.0 0.0
vn 0.0 1.0 0.0
vn 0.0 1.0 0.0
vn 0.0 1.0 0.0
vn 0.0 1.0 0.0
vn 0.0 1.0 0.0
vn 0.0 1.0 0.0
vn -1.0 0.0 0.0
vn -1.0 0.0 0.0
vn -1.0 0.0 0.0
vn -1.0 0.0 0.0
vn -1.0 0.0 -0.0
vn -1.0 0.0 0.0
vn -1.0 0.0 0.0
vn -1.0 0.0 -0.0
vn -1.0 0.0 0.0
vn -1.0 0.0 0.0
vn -1.0 0.0 0.0
vn -1.0 0.0 0.0
vn -1.0 0.0 0.0
vn -1.0 0.0 0.0
vn -1.0 0.0 0.0
vn -1.0 0.0 0.0
vn -1.0 0.0 0.0
vn -1.0 0.0 0.0
vn -1.0 0.0 0.0
vn -1.0 0.0 0.0
vn -1.0 0.0 0.0
vn -1.0 0.0 0.0
vn -1.0 0.0 0.0
vn -1.0 0.0 0.0
vn -1.0 0.0 0.0
vn -1.0 0.0 0.0
vn -1.0 0.0 0.0
vn -1.0 0.0 0.0
vn -1.0 0.0 0.0
vn -1.0 0.0 0.0
vn -1.0 0.0 0.0
vn -1.0 0.0 0.0
vn -1.0 0.0 0.0
vn -1.0 0.0 0.0
vn -1.0 0.0 0.0
vn -1.0 0.0 0.0
vn -1.0 0.0 0.0
vn -1.0 0.0 0.0
vn -1.0 0.0 0.0
vn -1.0 0.0 0.0
vn -1.0 0.0 0.0
vn -1.0 0.0 0.0
vn -1.0 0.0 0.0
vn -1.0 0.0 0.0
vn -1.0 0.0 0.0
vn -1.0 0.0 0.0
vn -1.0 0.0 0.0
vn -1.0 0.0 0.0
vn -1.0 0.0 0.0
vn -1.0 0.0 0.0
vn -1.0 0.0 0.0
vn -1.0 0.0 0.0
vn -1.0 0.0 0.0
vn -1.0 0.0 0.0
vn -1.0 0.0 0.0
vn -1.0 0.0 0.0
vn -1.0 0.0 0.0
vn -1.0 0.0 0.0
vn -1.0 0.0 0.0
vn -1.0 0.0 0.0
vn -1.0 0.0 0.0
vn -1.0 0.0 0.0
vn -1.0 0.0 0.0
vn -1.0 0.0 0.0
vn -1.0 0.0 0.0
vn -1.0 0.0 0.0
vn -1.0 0.0 0.0
vn -1.0 0.0 0.0
vn -1.0 0.0 0.0
vn -1.0 0.0 0.0
vn -1.0 0.0 0.0
vn -1.0 0.0 0.0
vn -1.0 0.0 0.0
vn -1.0 0.0 0.0
vn -1.0 0.0 0.0
vn -1.0 0.0 0.0
vn -1.0 0.0 0.0
vn -1.0 0.0 0.0
vn -1.0 0.0 0.0
vn -1.0 0.0 0.0
vn -1.0 0.0 0.0
vn -1.0 0.0 0.0
vn -1.0 0.0 0.0
vn -1.0 0.0 0.0
vn -1.0 0.0 0.0
vn -1.0 0.0 0.0
vn -1.0 0.0 0.0
vn -1.0 0.0 0.0
vn -1.0 0.0 0.0
vn -1.0 0.0 0.0
vn -1.0 0.0 0.0
vn -1.0 0.0 0.0
vn -1.0 0.0 0.0
vn -1.0 0.0 0.0
vn -1.0 0.0 0.0
vn -1.0 0.0 0.0
vn -1.0 0.0 0.0
vn -1.0 0.0 0.0
vn -1.0 0.0 0.0
vn -1.0 0.0 0.0
vn -1.0 0.0 0.0
vn -1.0 0.0 0.0
vn -1.0 0.0 0.0
vn -1.0 0.0 0.0
vn -1.0 0.0 0.0
vn -1.0 0.0 0.0
vn -1.0 0.0 0.0
vn -1.0 0.0 0.0
vn -1.0 0.0 0.0
vn -1.0 -0.0 0.0
vn -1.0 0.0 0.0
vn -1.0 0.0 0.0
vn -1.0 0.0 0.0
vn -1.0 0.0 0.0
vn -1.0 0.0 0.0
vn -1.0 0.0 0.0
vn -1.0 0.0 0.0
vn -1.0 0.0 0.0
vn -1.0 0.0 0.0
vn -1.0 0.0 0.0
vn -1.0 0.0 0.0
vn -1.0 0.0 0.0
vn -1.0 0.0 0.0
vn -1.0 0.0 0.0
vn -1.0 0.0 0.0
vn -1.0 0.0 0.0
vn -1.0 0.0 0.0
vn -1.0 0.0 0.0
vn -1.0 0.0 0.0
vn -1.0 0.0 0.0
vn -1.0 0.0 0.0
vn -1.0 0.0 0.0
vn -1.0 0.0 0.0
vn -1.0 0.0 0.0
vn -1.0 0.0 0.0
vn -1.0 0.0 0.0
vn -1.0 0.0 0.0
vn -1.0 0.0 0.0
vn -1.0 0.0 0.0
vn -1.0 0.0 0.0
vn -1.0 0.0 0.0
vn -1.0 0.0 0.0
vn -1.0 0.0 0.0
vn -1.0 0.0 0.0
vn -1.0 0.0 0.0
vn -1.0 0.0 0.0
vn -1.0 0.0 0.0
vn -1.0 0.0 0.0
vn -1.0 0.0 0.0
vn -1.0 0.0 0.0
vn -1.0 0.0 0.0
vn -1.0 0.0 0.0
vn -1.0 0.0 0.0
vn -1.0 0.0 0.0
vn -1.0 0.0 0.0
vn -1.0 0.0 0.0
vn -1.0 0.0 0.0
vn -1.0 0.0 0.0
vn -1.0 0.0 0.0
vn -1.0 0.0 0.0
vn -1.0 0.0 0.0
vn -1.0 0.0 0.0
vn -1.0 0.0 0.0
vn -1.0 0.0 0.0
vn -1.0 -0.0 0.0
vn -1.0 -0.0 0.0
vn -1.0 -0.0 0.0
vn -1.0 -0.0 0.0
vn -1.0 -0.0 0.0
vn -1.0 -0.0 0.0
vn -1.0 -0.0 0.0
vn -1.0 -0.0 0.0
vn -1.0 -0.0 0.0
vn -1.0 -0.0 0.0
vn -1.0 -0.0 0.0
vn -1.0 -0.0 0.0
vn -1.0 0.0 0.0
vn -1.0 -0.0 0.0
vn -1.0 -0.0 0.0
vn -1.0 -0.0 0.0
vn -1.0 -0.0 0.0
vn -1.0 -0.0 0.0
vn -1.0 0.0 0.0
vn -1.0 0.0 0.0
vn -1.0 0.0 0.0
vn -1.0 0.0 0.0
vn -1.0 0.0 0.0
vn -1.0 0.0 0.0
vn -1.0 0.0 0.0
vn -1.0 0.0 0.0
vn -1.0 0.0 0.0
vn -1.0 0.0 0.0
vn -1.0 0.0 0.0
vn -1.0 0.0 0.0
vn -1.0 0.0 0.0
vn -1.0 0.0 0.0
vn -1.0 0.0 0.0
vn -1.0 0.0 0.0
vn -1.0 0.0 0.0
vn -1.0 0.0 0.0
vn -1.0 0.0 0.0
vn -1.0 0.0 0.0
vn -1.0 0.0 0.0
vn -1.0 0.0 0.0
vn -1.0 0.0 0.0
vn -1.0 0.0 0.0
vn -1.0 0.0 0.0
vn -1.0 0.0 0.0
vn -1.0 0.0 0.0
vn -1.0 0.0 0.0
vn -1.0 0.0 0.0
vn -1.0 0.0 0.0
vn -1.0 0.0 0.0
vn -1.0 0.0 0.0
vn -1.0 0.0 0.0
vn -1.0 0.0 0.0
vn -1.0 0.0 0.0
vn -1.0 0.0 0.0
vn -1.0 0.0 0.0
vn -1.0 0.0 0.0
vn -1.0 0.0 0.0
vn -1.0 0.0 0.0
vn -1.0 0.0 0.0
vn -1.0 0.0 0.0
vn -1.0 0.0 0.0
vn -1.0 0.0 0.0
vn -1.0 0.0 0.0
vn -1.0 0.0 0.0
vn -1.0 0.0 0.0
vn -1.0 0.0 0.0
vn -1.0 0.0 0.0
vn -1.0 0.0 0.0
vn -1.0 0.0 0.0
vn -1.0 0.0 0.0
vn -1.0 0.0 0.0
vn -1.0 0.0 0.0
vn -1.0 0.0 0.0
vn -1.0 0.0 0.0
vn -1.0 0.0 0.0
vn -1.0 0.0 0.0
vn -1.0 0.0 0.0
vn -1.0 0.0 0.0
vn -1.0 0.0 0.0
vn -1.0 0.0 0.0
vn -1.0 0.0 0.0
vn -1.0 0.0 0.0
vn -1.0 0.0 0.0
vn -1.0 0.0 0.0
vn -1.0 0.0 0.0
vn -1.0 0.0 0.0
vn -1.0 0.0 0.0
vn -1.0 0.0 0.0
vn -1.0 0.0 0.0
vn -1.0 0.0 0.0
vn -1.0 0.0 0.0
vn -1.0 0.0 0.0
vn -1.0 0.0 0.0
vn -1.0 0.0 0.0
vn -1.0 0.0 0.0
vn -1.0 0.0 0.0
vn -1.0 0.0 -0.0
vn -1.0 0.0 0.0
vn -1.0 0.0 0.0
vn -1.0 0.0 0.0
vn -1.0 0.0 -0.0
vn -1.0 0.0 -0.0
vn -1.0 0.0 0.0
vn -1.0 0.0 0.0
vn -1.0 0.0 0.0
vn -1.0 0.0 0.0
vn -1.0 0.0 0.0
vn -1.0 0.0 0.0
vn 0.0 -1.0 0.0
vn 0.0 -1.0 0.0
vn 0.0 -1.0 0.0
vn 0.0 -1.0 0.0
vn 0.0 -1.0 0.0
vn 0.0 -1.0 0.0
vn 0.0 -1.0 0.0
vn 0.0 -1.0 0.0
vn 0.0 -1.0 0.0
vn 0.0 -1.0 0.0
vn 1.0 0.0 0.0
vn 1.0 0.0 -0.0
vn 1.0 0.0 -0.0
vn 1.0 0.0 -0.0
vn 1.0 0.0 -0.0
vn 1.0 0.0 -0.0
vn 1.0 0.0 -0.0
vn 1.0 0.0 -0.0
vn 1.0 0.0 -0.0
vn 1.0 0.0 -0.0
vn 1.0 0.0 -0.0
vn 1.0 0.0 -0.0
vn 1.0 0.0 -0.0
vn 1.0 0.0 -0.0
vn 1.0 0.0 -0.0
vn 1.0 0.0 -0.0
vn 1.0 0.0 -0.0
vn 1.0 0.0 -0.0
vn 1.0 0.0 0.0
vn 1.0 0.0 -0.0
vn 1.0 0.0 0.0
vn 1.0 -0.0 -0.0
vn 1.0 0.0 0.0
vn 1.0 -0.0 -0.0
vn 1.0 0.0 0.0
vn 1.0 -0.0 -0.0
vn 1.0 -0.0 -0.0
vn 1.0 -0.0 -0.0
vn 1.0 0.0 0.0
vn 1.0 0.0 0.0
vn 1.0 0.0 0.0
vn 1.0 0.0 0.0
vn 1.0 -0.0 0.0
vn 1.0 -0.0 0.0
vn 1.0 0.0 -0.0
vn 1.0 -0.0 0.0
vn 1.0 -0.0 0.0
vn 1.0 -0.0 0.0
vn 1.0 -0.0 0.0
vn 1.0 -0.0 0.0
vn 1.0 -0.0 0.0
vn 1.0 -0.0 0.0
vn 1.0 -0.0 0.0
vn 1.0 -0.0 0.0
vn 1.0 -0.0 0.0
vn 1.0 -0.0 0.0
vn 1.0 -0.0 0.0
vn 1.0 -0.0 0.0
vn 1.0 -0.0 0.0
vn 1.0 -0.0 0.0
vn 1.0 -0.0 0.0
vn 1.0 0.0 -0.0
vn 1.0 -0.0 0.0
vn 1.0 -0.0 0.0
vn 1.0 -0.0 -0.0
vn 1.0 -0.0 -0.0
vn 1.0 0.0 -0.0
vn 1.0 -0.0 0.0
vn 1.0 -0.0 0.0
vn 1.0 -0.0 0.0
vn 1.0 -0.0 0.0
vn 1.0 -0.0 0.0
vn 1.0 -0.0 0.0
vn 1.0 -0.0 0.0
vn 1.0 -0.0 0.0
vn 1.0 -0.0 0.0
vn 1.0 -0.0 0.0
vn 1.0 -0.0 0.0
vn 1.0 -0.0 0.0
vn 1.0 -0.0 0.0
vn 1.0 -0.0 0.0
vn 1.0 -0.0 -0.0
vn 1.0 -0.0 0.0
vn 1.0 -0.0 0.0
vn 1.0 -0.0 0.0
vn 1.0 -0.0 0.0
vn 1.0 -0.0 0.0
vn 1.0 -0.0 0.0
vn 1.0 -0.0 0.0
vn 1.0 -0.0 0.0
vn 1.0 0.0 -0.0
vn 1.0 0.0 0.0
vn 1.0 0.0 0.0
vn 1.0 0.0 -0.0
vn 1.0 0.0 -0.0
vn 1.0 0.0 -0.0
vn 1.0 0.0 -0.0
vn 1.0 0.0 -0.0
vn 1.0 0.0 -0.0
vn 1.0 0.0 -0.0
vn 1.0 0.0 -0.0
vn 1.0 0.0 -0.0
vn 1.0 0.0 -0.0
vn 1.0 0.0 -0.0
vn 1.0 0.0 -0.0
vn 1.0 0.0 -0.0
vn 1.0 0.0 -0.0
vn 1.0 0.0 -0.0
vn 1.0 0.0 -0.0
vn 1.0 -0.0 -0.0
vn 1.0 0.0 0.0
vn 1.0 -0.0 0.0
vn 1.0 0.0 0.0
vn 1.0 0.0 0.0
vn 1.0 0.0 0.0
vn 1.0 -0.0 -0.0
vn 1.0 0.0 0.0
vn 1.0 -0.0 -0.0
vn 1.0 -0.0 -0.0
vn 1.0 -0.0 -0.0
vn 1.0 0.0 -0.0
vn 1.0 0.0 0.0
vn 1.0 0.0 0.0
vn 1.0 -0.0 0.0
vn 1.0 0.0 -0.0
vn 1.0 0.0 0.0
vn 1.0 0.0 0.0
vn 1.0 0.0 0.0
vn 1.0 0.0 -0.0
vn 1.0 0.0 0.0
vn -0.999689 -0.024941 0.0
vn -0.999689 -0.024941 0.0
vn -0.997202 -0.074748 0.0
vn -0.992242 -0.124322 0.0
vn -0.997202 -0.074748 0.0
vn -0.992242 -0.124322 0.0
vn -0.984805 -0.173665 0.0
vn -0.974936 -0.222484 0.0
vn -0.984805 -0.173665 0.0
vn -0.962628 -0.270829 0.0
vn -0.974936 -0.222484 0.0
vn -0.962628 -0.270829 0.0
vn -0.947923 -0.318499 0.0
vn -0.947923 -0.318499 0.0
vn -0.930858 -0.365381 0.0
vn -0.911529 -0.411236 0.0
vn -0.930858 -0.365381 0.0
vn -0.911529 -0.411236 0.0
vn -0.889876 -0.456203 0.0
vn -0.889876 -0.456203 0.0
vn -0.866003 -0.500039 0.0
vn -0.866003 -0.500039 0.0
vn -0.840048 -0.542512 0.0
vn -0.840048 -0.542512 0.0
vn -0.811933 -0.58375 0.0
vn -0.811933 -0.58375 0.0
vn -0.781823 -0.6235 0.0
vn -0.781823 -0.6235 0.0
vn -0.749764 -0.661705 0.0
vn -0.749764 -0.661705 0.0
vn -0.715888 -0.698215 0.0
vn -0.715888 -0.698215 0.0
vn -0.680161 -0.733063 0.0
vn -0.680161 -0.733063 0.0
vn -0.642792 -0.766041 0.0
vn -0.642792 -0.766041 0.0
vn -0.6038 -0.797136 0.0
vn -0.6038 -0.797136 0.0
vn -0.56333 -0.826232 0.0
vn -0.521438 -0.853289 0.0
vn -0.56333 -0.826232 0.0
vn -0.521438 -0.853289 0.0
vn -0.478246 -0.878226 0.0
vn -0.433883 -0.900969 0.0
vn -0.478246 -0.878226 0.0
vn -0.433883 -0.900969 0.0
vn -0.388437 -0.921475 0.0
vn -0.34201 -0.939696 0.0
vn -0.388437 -0.921475 0.0
vn -0.34201 -0.939696 0.0
vn -0.294744 -0.955576 0.0
vn -0.294744 -0.955576 0.0
vn -0.246782 -0.969071 0.0
vn -0.198146 -0.980173 0.0
vn -0.246782 -0.969071 0.0
vn -0.149033 -0.988832 0.0
vn -0.198146 -0.980173 0.0
vn -0.149033 -0.988832 0.0
vn -0.099572 -0.99503 0.0
vn -0.049842 -0.998757 0.0
vn -0.099572 -0.99503 0.0
vn -0.049842 -0.998757 0.0
vn 0.0 -1.0 0.0
vn 0.049842 -0.998757 0.0
vn 0.0 -1.0 0.0
vn 0.049842 -0.998757 0.0
vn 0.099572 -0.99503 0.0
vn 0.149033 -0.988832 0.0
vn 0.099572 -0.99503 0.0
vn 0.149033 -0.988832 0.0
vn 0.198146 -0.980173 0.0
vn 0.198146 -0.980173 0.0
vn 0.246782 -0.969071 0.0
vn 0.246782 -0.969071 0.0
vn 0.294744 -0.955576 0.0
vn 0.294744 -0.955576 0.0
vn 0.34201 -0.939696 0.0
vn 0.34201 -0.939696 0.0
vn 0.388437 -0.921475 0.0
vn 0.388437 -0.921475 0.0
vn 0.433883 -0.900969 0.0
vn 0.433883 -0.900969 0.0
vn 0.478246 -0.878226 0.0
vn 0.478246 -0.878226 0.0
vn 0.521438 -0.853289 0.0
vn 0.521438 -0.853289 0.0
vn 0.56333 -0.826232 0.0
vn 0.56333 -0.826232 0.0
vn 0.6038 -0.797136 0.0
vn 0.6038 -0.797136 0.0
vn 0.642792 -0.766041 0.0
vn 0.642792 -0.766041 0.0
vn 0.680161 -0.733063 0.0
vn 0.680161 -0.733063 0.0
vn 0.715888 -0.698215 0.0
vn 0.715888 -0.698215 0.0
vn 0.749764 -0.661705 0.0
vn 0.749764 -0.661705 0.0
vn 0.781823 -0.6235 0.0
vn 0.781823 -0.6235 0.0
vn 0.811933 -0.58375 0.0
vn 0.811933 -0.58375 0.0
vn 0.840048 -0.542512 0.0
vn 0.840048 -0.542512 0.0
vn 0.866003 -0.500039 0.0
vn 0.866003 -0.500039 0.0
vn 0.889876 -0.456203 0.0
vn 0.889876 -0.456203 0.0
vn 0.911529 -0.411236 0.0
vn 0.911529 -0.411236 0.0
vn 0.930858 -0.365381 0.0
vn 0.930858 -0.365381 0.0
vn 0.947923 -0.318499 0.0
vn 0.947923 -0.318499 0.0
vn 0.962628 -0.270829 0.0
vn 0.962628 -0.270829 0.0
vn 0.974936 -0.222484 0.0
vn 0.974936 -0.222484 0.0
vn 0.984805 -0.173665 0.0
vn 0.984805 -0.173665 0.0
vn 0.992242 -0.124322 0.0
vn 0.992242 -0.124322 0.0
vn 0.997202 -0.074748 0.0
vn 0.997202 -0.074748 0.0
vn 0.999689 -0.024941 0.0
vn 0.999689 -0.024941 0.0
vn 0.999689 0.024941 0.0
vn 0.999689 0.024941 -0.0
vn 0.997202 0.074748 0.0
vn 0.997202 0.074748 -0.0
vn 0.992242 0.124322 0.0
vn 0.992242 0.124322 -0.0
vn 0.984805 0.173665 0.0
vn 0.984805 0.173665 -0.0
vn 0.974936 0.222484 0.0
vn 0.974936 0.222484 -0.0
vn 0.962628 0.270829 0.0
vn 0.962628 0.270829 -0.0
vn 0.947923 0.318499 0.0
vn 0.947923 0.318499 -0.0
vn 0.930858 0.365381 0.0
vn 0.930858 0.365381 -0.0
vn 0.911529 0.411236 0.0
vn 0.911529 0.411236 -0.0
vn 0.889876 0.456203 0.0
vn 0.889876 0.456203 -0.0
vn 0.866003 0.500039 0.0
vn 0.866003 0.500039 -0.0
vn 0.840048 0.542512 0.0
vn 0.840048 0.542512 -0.0
vn 0.811933 0.58375 0.0
vn 0.811933 0.58375 -0.0
vn 0.781823 0.6235 0.0
vn 0.781823 0.6235 -0.0
vn 0.749764 0.661705 0.0
vn 0.749764 0.661705 -0.0
vn 0.715888 0.698215 0.0
vn 0.715888 0.698215 -0.0
vn 0.680161 0.733063 0.0
vn 0.680161 0.733063 -0.0
vn 0.642792 0.766041 0.0
vn 0.642792 0.766041 -0.0
vn 0.6038 0.797136 0.0
vn 0.6038 0.797136 -0.0
vn 0.56333 0.826232 -0.0
vn 0.56333 0.826232 0.0
vn 0.521438 0.853289 -0.0
vn 0.521438 0.853289 0.0
vn 0.478246 0.878226 -0.0
vn 0.478246 0.878226 0.0
vn 0.433883 0.900969 -0.0
vn 0.433883 0.900969 0.0
vn 0.388437 0.921475 -0.0
vn 0.388437 0.921475 0.0
vn 0.34201 0.939696 0.0
vn 0.34201 0.939696 -0.0
vn 0.294744 0.955576 0.0
vn 0.294744 0.955576 -0.0
vn 0.246782 0.969071 0.0
vn 0.246782 0.969071 -0.0
vn 0.198146 0.980173 0.0
vn 0.198146 0.980173 -0.0
vn 0.149033 0.988832 0.0
vn 0.149033 0.988832 -0.0
vn 0.099572 0.99503 0.0
vn 0.099572 0.99503 -0.0
vn 0.049842 0.998757 -0.0
vn 0.049842 0.998757 -0.0
vn 0.0 1.0 0.0
vn 0.0 1.0 -0.0
vn -0.049842 0.998757 0.0
vn -0.049842 0.998757 0.0
vn -0.099572 0.99503 0.0
vn -0.099572 0.99503 0.0
vn -0.149033 0.988832 0.0
vn -0.149033 0.988832 0.0
vn -0.246782 0.969071 0.0
vn -0.198146 0.980173 0.0
vn -0.198146 0.980173 0.0
vn -0.246782 0.969071 0.0
vn -0.294744 0.955576 0.0
vn -0.294744 0.955576 0.0
vn -0.34201 0.939696 0.0
vn -0.34201 0.939696 0.0
vn -0.388437 0.921475 0.0
vn -0.433883 0.900969 0.0
vn -0.388437 0.921475 0.0
vn -0.433883 0.900969 0.0
vn -0.478246 0.878226 0.0
vn -0.478246 0.878226 0.0
vn -0.521438 0.853289 0.0
vn -0.521438 0.853289 0.0
vn -0.56333 0.826232 0.0
vn -0.6038 0.797136 0.0
vn -0.56333 0.826232 0.0
vn -0.6038 0.797136 0.0
vn -0.642792 0.766041 0.0
vn -0.680161 0.733063 0.0
vn -0.642792 0.766041 0.0
vn -0.680161 0.733063 0.0
vn -0.715888 0.698215 0.0
vn -0.715888 0.698215 0.0
vn -0.749764 0.661705 0.0
vn -0.749764 0.661705 0.0
vn -0.781823 0.6235 0.0
vn -0.781823 0.6235 0.0
vn -0.811933 0.58375 0.0
vn -0.811933 0.58375 0.0
vn -0.840048 0.542512 0.0
vn -0.840048 0.542512 0.0
vn -0.866003 0.500039 0.0
vn -0.866003 0.500039 0.0
vn -0.889876 0.456203 0.0
vn -0.889876 0.456203 0.0
vn -0.911529 0.411236 0.0
vn -0.911529 0.411236 0.0
vn -0.930858 0.365381 0.0
vn -0.930858 0.365381 0.0
vn -0.947923 0.318499 0.0
vn -0.947923 0.318499 0.0
vn -0.962628 0.270829 0.0
vn -0.962628 0.270829 0.0
vn -0.974936 0.222484 0.0
vn -0.974936 0.222484 0.0
vn -0.984805 0.173665 0.0
vn -0.984805 0.173665 0.0
vn -0.992242 0.124322 0.0
vn -0.992242 0.124322 0.0
vn -0.997202 0.074748 0.0
vn -0.997202 0.074748 0.0
vn -0.999689 0.024941 0.0
vn -0.999689 0.024941 0.0
vn -0.999689 -0.024941 0.0
vn -0.999689 -0.024941 0.0
vn -0.997205 -0.07471 0.0
vn -0.992238 -0.124355 0.0
vn -0.997205 -0.07471 0.0
vn -0.992238 -0.124355 0.0
vn -0.98481 -0.173635 0.0
vn -0.974928 -0.22252 0.0
vn -0.98481 -0.173635 0.0
vn -0.962615 -0.270874 0.0
vn -0.974928 -0.22252 0.0
vn -0.962615 -0.270874 0.0
vn -0.947942 -0.318442 0.0
vn -0.947942 -0.318442 0.0
vn -0.930866 -0.365361 0.0
vn -0.9115 -0.4113 0.0
vn -0.930866 -0.365361 0.0
vn -0.9115 -0.4113 0.0
vn -0.889868 -0.456219 0.0
vn -0.889868 -0.456219 0.0
vn -0.866029 -0.499994 0.0
vn -0.866029 -0.499994 0.0
vn -0.840031 -0.542539 0.0
vn -0.840031 -0.542539 0.0
vn -0.811946 -0.583732 0.0
vn -0.811946 -0.583732 0.0
vn -0.781827 -0.623495 0.0
vn -0.781827 -0.623495 0.0
vn -0.749764 -0.661705 0.0
vn -0.749764 -0.661705 0.0
vn -0.715869 -0.698234 0.0
vn -0.715869 -0.698234 0.0
vn -0.6802 -0.733026 0.0
vn -0.6802 -0.733026 0.0
vn -0.642747 -0.766079 0.0
vn -0.642747 -0.766079 0.0
vn -0.603849 -0.797099 0.0
vn -0.603849 -0.797099 0.0
vn -0.563304 -0.82625 0.0
vn -0.52141 -0.853306 0.0
vn -0.563304 -0.82625 0.0
vn -0.52141 -0.853306 0.0
vn -0.478305 -0.878194 0.0
vn -0.433867 -0.900977 0.0
vn -0.478305 -0.878194 0.0
vn -0.433867 -0.900977 0.0
vn -0.388423 -0.921481 0.0
vn -0.341989 -0.939704 0.0
vn -0.388423 -0.921481 0.0
vn -0.341989 -0.939704 0.0
vn -0.294769 -0.955569 0.0
vn -0.294769 -0.955569 0.0
vn -0.246809 -0.969064 0.0
vn -0.19808 -0.980186 0.0
vn -0.246809 -0.969064 0.0
vn -0.149107 -0.988821 0.0
vn -0.19808 -0.980186 0.0
vn -0.149107 -0.988821 0.0
vn -0.099534 -0.995034 0.0
vn -0.049882 -0.998755 0.0
vn -0.099534 -0.995034 0.0
vn -0.049882 -0.998755 0.0
vn 0.0 -1.0 0.0
vn 0.049882 -0.998755 0.0
vn 0.0 -1.0 0.0
vn 0.049882 -0.998755 0.0
vn 0.099534 -0.995034 0.0
vn 0.149107 -0.988821 0.0
vn 0.099534 -0.995034 0.0
vn 0.149107 -0.988821 0.0
vn 0.19808 -0.980186 0.0
vn 0.19808 -0.980186 0.0
vn 0.246809 -0.969064 0.0
vn 0.246809 -0.969064 0.0
vn 0.294769 -0.955569 0.0
vn 0.294769 -0.955569 0.0
vn 0.341989 -0.939704 0.0
vn 0.341989 -0.939704 0.0
vn 0.388423 -0.921481 0.0
vn 0.388423 -0.921481 0.0
vn 0.433867 -0.900977 0.0
vn 0.433867 -0.900977 0.0
vn 0.478305 -0.878194 0.0
vn 0.478305 -0.878194 0.0
vn 0.52141 -0.853306 0.0
vn 0.52141 -0.853306 0.0
vn 0.563304 -0.82625 0.0
vn 0.563304 -0.82625 0.0
vn 0.603849 -0.797099 0.0
vn 0.603849 -0.797099 0.0
vn 0.642747 -0.766079 0.0
vn 0.642747 -0.766079 0.0
vn 0.6802 -0.733026 0.0
vn 0.6802 -0.733026 0.0
vn 0.715869 -0.698234 0.0
vn 0.715869 -0.698234 0.0
vn 0.749764 -0.661705 0.0
vn 0.749764 -0.661705 0.0
vn 0.781827 -0.623495 0.0
vn 0.781827 -0.623495 0.0
vn 0.811946 -0.583732 0.0
vn 0.811946 -0.583732 0.0
vn 0.840031 -0.542539 0.0
vn 0.840031 -0.542539 0.0
vn 0.866029 -0.499994 0.0
vn 0.866029 -0.499994 0.0
vn 0.889868 -0.456219 0.0
vn 0.889868 -0.456219 0.0
vn 0.9115 -0.4113 0.0
vn 0.9115 -0.4113 0.0
vn 0.930866 -0.365361 0.0
vn 0.930866 -0.365361 0.0
vn 0.947942 -0.318442 0.0
vn 0.947942 -0.318442 0.0
vn 0.962615 -0.270874 0.0
vn 0.962615 -0.270874 0.0
vn 0.974928 -0.22252 0.0
vn 0.974928 -0.22252 0.0
vn 0.98481 -0.173635 0.0
vn 0.98481 -0.173635 0.0
vn 0.992238 -0.124355 0.0
vn 0.992238 -0.124355 0.0
vn 0.997205 -0.07471 0.0
vn 0.997205 -0.07471 0.0
vn 0.999689 -0.024941 0.0
vn 0.999689 -0.024941 0.0
vn 0.999689 0.024941 0.0
vn 0.999689 0.024941 -0.0
vn 0.997205 0.07471 0.0
vn 0.997205 0.07471 -0.0
vn 0.992238 0.124355 0.0
vn 0.992238 0.124355 -0.0
vn 0.98481 0.173635 0.0
vn 0.98481 0.173635 -0.0
vn 0.974928 0.22252 0.0
vn 0.974928 0.22252 -0.0
vn 0.962615 0.270874 0.0
vn 0.962615 0.270874 -0.0
vn 0.947942 0.318442 0.0
vn 0.947942 0.318442 -0.0
vn 0.930866 0.365361 0.0
vn 0.930866 0.365361 -0.0
vn 0.9115 0.4113 0.0
vn 0.9115 0.4113 -0.0
vn 0.889868 0.456219 0.0
vn 0.889868 0.456219 -0.0
vn 0.866029 0.499994 0.0
vn 0.866029 0.499994 -0.0
vn 0.840031 0.542539 0.0
vn 0.840031 0.542539 -0.0
vn 0.811946 0.583732 0.0
vn 0.811946 0.583732 -0.0
vn 0.781827 0.623495 0.0
vn 0.781827 0.623495 -0.0
vn 0.749764 0.661705 0.0
vn 0.749764 0.661705 -0.0
vn 0.715869 0.698234 0.0
vn 0.715869 0.698234 -0.0
vn 0.6802 0.733026 0.0
vn 0.6802 0.733026 -0.0
vn 0.642747 0.766079 0.0
vn 0.642747 0.766079 -0.0
vn 0.603849 0.797099 0.0
vn 0.603849 0.797099 -0.0
vn 0.563304 0.82625 -0.0
vn 0.563304 0.82625 0.0
vn 0.52141 0.853306 -0.0
vn 0.52141 0.853306 0.0
vn 0.478305 0.878194 -0.0
vn 0.478305 0.878194 0.0
vn 0.433867 0.900977 -0.0
vn 0.433867 0.900977 0.0
vn 0.388423 0.921481 -0.0
vn 0.388423 0.921481 0.0
vn 0.341989 0.939704 0.0
vn 0.341989 0.939704 -0.0
vn 0.294769 0.955569 0.0
vn 0.294769 0.955569 -0.0
vn 0.246809 0.969064 0.0
vn 0.246809 0.969064 -0.0
vn 0.19808 0.980186 0.0
vn 0.19808 0.980186 -0.0
vn 0.149107 0.988821 0.0
vn 0.149107 0.988821 -0.0
vn 0.099534 0.995034 0.0
vn 0.099534 0.995034 -0.0
vn 0.049882 0.998755 -0.0
vn 0.049882 0.998755 -0.0
vn 0.0 1.0 0.0
vn 0.0 1.0 -0.0
vn -0.049882 0.998755 0.0
vn -0.049882 0.998755 0.0
vn -0.099534 0.995034 0.0
vn -0.099534 0.995034 0.0
vn -0.149107 0.988821 0.0
vn -0.149107 0.988821 0.0
vn -0.246809 0.969064 0.0
vn -0.19808 0.980186 0.0
vn -0.19808 0.980186 0.0
vn -0.246809 0.969064 0.0
vn -0.294769 0.955569 0.0
vn -0.294769 0.955569 0.0
vn -0.341989 0.939704 0.0
vn -0.341989 0.939704 0.0
vn -0.388423 0.921481 0.0
vn -0.433867 0.900977 0.0
vn -0.388423 0.921481 0.0
vn -0.433867 0.900977 0.0
vn -0.478305 0.878194 0.0
vn -0.478305 0.878194 0.0
vn -0.52141 0.853306 0.0
vn -0.52141 0.853306 0.0
vn -0.563304 0.82625 0.0
vn -0.603849 0.797099 0.0
vn -0.563304 0.82625 0.0
vn -0.603849 0.797099 0.0
vn -0.642747 0.766079 0.0
vn -0.6802 0.733026 0.0
vn -0.642747 0.766079 0.0
vn -0.6802 0.733026 0.0
vn -0.715869 0.698234 0.0
vn -0.715869 0.698234 0.0
vn -0.749764 0.661705 0.0
vn -0.749764 0.661705 0.0
vn -0.781827 0.623495 0.0
vn -0.781827 0.623495 0.0
vn -0.811946 0.583732 0.0
vn -0.811946 0.583732 0.0
vn -0.840031 0.542539 0.0
vn -0.840031 0.542539 0.0
vn -0.866029 0.499994 0.0
vn -0.866029 0.499994 0.0
vn -0.889868 0.456219 0.0
vn -0.889868 0.456219 0.0
vn -0.9115 0.4113 0.0
vn -0.9115 0.4113 0.0
vn -0.930866 0.365361 0.0
vn -0.930866 0.365361 0.0
vn -0.947942 0.318442 0.0
vn -0.947942 0.318442 0.0
vn -0.962615 0.270874 0.0
vn -0.962615 0.270874 0.0
vn -0.974928 0.22252 0.0
vn -0.974928 0.22252 0.0
vn -0.98481 0.173635 0.0
vn -0.98481 0.173635 0.0
vn -0.992238 0.124355 0.0
vn -0.992238 0.124355 0.0
vn -0.997205 0.07471 0.0
vn -0.997205 0.07471 0.0
vn -0.999689 0.024941 0.0
vn -0.999689 0.024941 0.0
vn -0.999689 -0.024922 0.0
vn -0.999689 -0.024922 0.0
vn -0.997203 -0.074747 0.0
vn -0.99224 -0.124341 0.0
vn -0.997203 -0.074747 0.0
vn -0.99224 -0.124341 0.0
vn -0.984807 -0.17365 0.0
vn -0.974929 -0.222516 0.0
vn -0.984807 -0.17365 0.0
vn -0.962626 -0.270834 0.0
vn -0.974929 -0.222516 0.0
vn -0.962626 -0.270834 0.0
vn -0.947925 -0.318493 0.0
vn -0.947925 -0.318493 0.0
vn -0.930875 -0.365338 0.0
vn -0.911503 -0.411293 0.0
vn -0.930875 -0.365338 0.0
vn -0.911503 -0.411293 0.0
vn -0.889876 -0.456203 0.0
vn -0.889876 -0.456203 0.0
vn -0.866019 -0.50001 0.0
vn -0.866019 -0.50001 0.0
vn -0.840031 -0.542539 0.0
vn -0.840031 -0.542539 0.0
vn -0.81194 -0.583741 0.0
vn -0.81194 -0.583741 0.0
vn -0.781834 -0.623486 0.0
vn -0.781834 -0.623486 0.0
vn -0.749782 -0.661685 0.0
vn -0.749782 -0.661685 0.0
vn -0.71586 -0.698244 0.0
vn -0.71586 -0.698244 0.0
vn -0.68018 -0.733045 0.0
vn -0.68018 -0.733045 0.0
vn -0.642781 -0.76605 0.0
vn -0.642781 -0.76605 0.0
vn -0.603812 -0.797126 0.0
vn -0.603812 -0.797126 0.0
vn -0.563312 -0.826244 0.0
vn -0.521429 -0.853295 0.0
vn -0.563312 -0.826244 0.0
vn -0.521429 -0.853295 0.0
vn -0.478261 -0.878218 0.0
vn -0.433883 -0.900969 0.0
vn -0.478261 -0.878218 0.0
vn -0.433883 -0.900969 0.0
vn -0.388439 -0.921474 0.0
vn -0.342016 -0.939694 0.0
vn -0.388439 -0.921474 0.0
vn -0.342016 -0.939694 0.0
vn -0.294762 -0.955571 0.0
vn -0.294762 -0.955571 0.0
vn -0.24675 -0.969079 0.0
vn -0.19815 -0.980172 0.0
vn -0.24675 -0.969079 0.0
vn -0.149035 -0.988832 0.0
vn -0.19815 -0.980172 0.0
vn -0.149035 -0.988832 0.0
vn -0.099572 -0.99503 0.0
vn -0.049844 -0.998757 0.0
vn -0.099572 -0.99503 0.0
vn -0.049844 -0.998757 0.0
vn 0.0 -1.0 0.0
vn 0.049844 -0.998757 0.0
vn 0.0 -1.0 0.0
vn 0.049844 -0.998757 0.0
vn 0.099572 -0.99503 0.0
vn 0.149035 -0.988832 0.0
vn 0.099572 -0.99503 0.0
vn 0.149035 -0.988832 0.0
vn 0.19815 -0.980172 0.0
vn 0.19815 -0.980172 0.0
vn 0.24675 -0.969079 0.0
vn 0.24675 -0.969079 0.0
vn 0.294762 -0.955571 0.0
vn 0.294762 -0.955571 0.0
vn 0.342016 -0.939694 0.0
vn 0.342016 -0.939694 0.0
vn 0.388439 -0.921474 0.0
vn 0.388439 -0.921474 0.0
vn 0.433883 -0.900969 0.0
vn 0.433883 -0.900969 0.0
vn 0.478261 -0.878218 0.0
vn 0.478261 -0.878218 0.0
vn 0.521429 -0.853295 0.0
vn 0.521429 -0.853295 0.0
vn 0.563312 -0.826244 0.0
vn 0.563312 -0.826244 0.0
vn 0.603812 -0.797126 0.0
vn 0.603812 -0.797126 0.0
vn 0.642781 -0.76605 0.0
vn 0.642781 -0.76605 0.0
vn 0.68018 -0.733045 0.0
vn 0.68018 -0.733045 0.0
vn 0.71586 -0.698244 0.0
vn 0.71586 -0.698244 0.0
vn 0.749782 -0.661685 0.0
vn 0.749782 -0.661685 0.0
vn 0.781834 -0.623486 0.0
vn 0.781834 -0.623486 0.0
vn 0.81194 -0.583741 0.0
vn 0.81194 -0.583741 0.0
vn 0.840031 -0.542539 0.0
vn 0.840031 -0.542539 0.0
vn 0.866019 -0.50001 0.0
vn 0.866019 -0.50001 0.0
vn 0.889876 -0.456203 0.0
vn 0.889876 -0.456203 0.0
vn 0.911503 -0.411293 0.0
vn 0.911503 -0.411293 0.0
vn 0.930875 -0.365338 0.0
vn 0.930875 -0.365338 0.0
vn 0.947925 -0.318493 0.0
vn 0.947925 -0.318493 0.0
vn 0.962626 -0.270834 0.0
vn 0.962626 -0.270834 0.0
vn 0.974929 -0.222516 0.0
vn 0.974929 -0.222516 0.0
vn 0.984807 -0.17365 0.0
vn 0.984807 -0.17365 0.0
vn 0.99224 -0.124341 0.0
vn 0.99224 -0.124341 0.0
vn 0.997203 -0.074747 0.0
vn 0.997203 -0.074747 0.0
vn 0.999689 -0.024922 0.0
vn 0.999689 -0.024922 0.0
vn 0.999689 0.024922 0.0
vn 0.999689 0.024922 -0.0
vn 0.997203 0.074747 0.0
vn 0.997203 0.074747 -0.0
vn 0.99224 0.124341 0.0
vn 0.99224 0.124341 -0.0
vn 0.984807 0.17365 0.0
vn 0.984807 0.17365 -0.0
vn 0.974929 0.222516 0.0
vn 0.974929 0.222516 -0.0
vn 0.962626 0.270834 0.0
vn 0.962626 0.270834 -0.0
vn 0.947925 0.318493 0.0
vn 0.947925 0.318493 -0.0
vn 0.930875 0.365338 0.0
vn 0.930875 0.365338 -0.0
vn 0.911503 0.411293 0.0
vn 0.911503 0.411293 -0.0
vn 0.889876 0.456203 0.0
vn 0.889876 0.456203 -0.0
vn 0.866019 0.50001 0.0
vn 0.866019 0.50001 -0.0
vn 0.840031 0.542539 0.0
vn 0.840031 0.542539 -0.0
vn 0.81194 0.583741 0.0
vn 0.81194 0.583741 -0.0
vn 0.781834 0.623486 0.0
vn 0.781834 0.623486 -0.0
vn 0.749782 0.661685 0.0
vn 0.749782 0.661685 -0.0
vn 0.71586 0.698244 0.0
vn 0.71586 0.698244 -0.0
vn 0.68018 0.733045 0.0
vn 0.68018 0.733045 -0.0
vn 0.642781 0.76605 0.0
vn 0.642781 0.76605 -0.0
vn 0.603812 0.797126 0.0
vn 0.603812 0.797126 -0.0
vn 0.563312 0.826244 -0.0
vn 0.563312 0.826244 0.0
vn 0.521429 0.853295 -0.0
vn 0.521429 0.853295 0.0
vn 0.478261 0.878218 -0.0
vn 0.478261 0.878218 0.0
vn 0.433883 0.900969 -0.0
vn 0.433883 0.900969 0.0
vn 0.388439 0.921474 -0.0
vn 0.388439 0.921474 0.0
vn 0.342016 0.939694 0.0
vn 0.342016 0.939694 -0.0
vn 0.294762 0.955571 0.0
vn 0.294762 0.955571 -0.0
vn 0.24675 0.969079 0.0
vn 0.24675 0.969079 -0.0
vn 0.19815 0.980172 0.0
vn 0.19815 0.980172 -0.0
vn 0.149035 0.988832 0.0
vn 0.149035 0.988832 -0.0
vn 0.099572 0.99503 0.0
vn 0.099572 0.99503 -0.0
vn 0.049844 0.998757 -0.0
vn 0.049844 0.998757 -0.0
vn 0.0 1.0 0.0
vn 0.0 1.0 -0.0
vn -0.049844 0.998757 0.0
vn -0.049844 0.998757 0.0
vn -0.099572 0.99503 0.0
vn -0.099572 0.99503 0.0
vn -0.149035 0.988832 0.0
vn -0.149035 0.988832 0.0
vn -0.24675 0.969079 0.0
vn -0.19815 0.980172 0.0
vn -0.19815 0.980172 0.0
vn -0.24675 0.969079 0.0
vn -0.294762 0.955571 0.0
vn -0.294762 0.955571 0.0
vn -0.342016 0.939694 0.0
vn -0.342016 0.939694 0.0
vn -0.388439 0.921474 0.0
vn -0.433883 0.900969 0.0
vn -0.388439 0.921474 0.0
vn -0.433883 0.900969 0.0
vn -0.478261 0.878218 0.0
vn -0.478261 0.878218 0.0
vn -0.521429 0.853295 0.0
vn -0.521429 0.853295 0.0
vn -0.563312 0.826244 0.0
vn -0.603812 0.797126 0.0
vn -0.563312 0.826244 0.0
vn -0.603812 0.797126 0.0
vn -0.642781 0.76605 0.0
vn -0.68018 0.733045 0.0
vn -0.642781 0.76605 0.0
vn -0.68018 0.733045 0.0
vn -0.71586 0.698244 0.0
vn -0.71586 0.698244 0.0
vn -0.749782 0.661685 0.0
vn -0.749782 0.661685 0.0
vn -0.781834 0.623486 0.0
vn -0.781834 0.623486 0.0
vn -0.81194 0.583741 0.0
vn -0.81194 0.583741 0.0
vn -0.840031 0.542539 0.0
vn -0.840031 0.542539 0.0
vn -0.866019 0.50001 0.0
vn -0.866019 0.50001 0.0
vn -0.889876 0.456203 0.0
vn -0.889876 0.456203 0.0
vn -0.911503 0.411293 0.0
vn -0.911503 0.411293 0.0
vn -0.930875 0.365338 0.0
vn -0.930875 0.365338 0.0
vn -0.947925 0.318493 0.0
vn -0.947925 0.318493 0.0
vn -0.962626 0.270834 0.0
vn -0.962626 0.270834 0.0
vn -0.974929 0.222516 0.0
vn -0.974929 0.222516 0.0
vn -0.984807 0.17365 0.0
vn -0.984807 0.17365 0.0
vn -0.99224 0.124341 0.0
vn -0.99224 0.124341 0.0
vn -0.997203 0.074747 0.0
vn -0.997203 0.074747 0.0
vn -0.999689 0.024922 0.0
vn -0.999689 0.024922 0.0
vn -0.999689 -0.024941 0.0
vn -0.999689 -0.024941 0.0
vn -0.997202 -0.074748 0.0
vn -0.992243 -0.124317 0.0
vn -0.997202 -0.074748 0.0
vn -0.992243 -0.124317 0.0
vn -0.984804 -0.173672 0.0
vn -0.974936 -0.222484 0.0
vn -0.984804 -0.173672 0.0
vn -0.962625 -0.270839 0.0
vn -0.974936 -0.222484 0.0
vn -0.962625 -0.270839 0.0
vn -0.947931 -0.318476 0.0
vn -0.947931 -0.318476 0.0
vn -0.930853 -0.365394 0.0
vn -0.911529 -0.411236 0.0
vn -0.930853 -0.365394 0.0
vn -0.911529 -0.411236 0.0
vn -0.889868 -0.456219 0.0
vn -0.889868 -0.456219 0.0
vn -0.866012 -0.500023 0.0
vn -0.866012 -0.500023 0.0
vn -0.840048 -0.542512 0.0
vn -0.840048 -0.542512 0.0
vn -0.811946 -0.583732 0.0
vn -0.811946 -0.583732 0.0
vn -0.781808 -0.623519 0.0
vn -0.781808 -0.623519 0.0
vn -0.749764 -0.661705 0.0
vn -0.749764 -0.661705 0.0
vn -0.715888 -0.698215 0.0
vn -0.715888 -0.698215 0.0
vn -0.680181 -0.733044 0.0
vn -0.680181 -0.733044 0.0
vn -0.642747 -0.766079 0.0
vn -0.642747 -0.766079 0.0
vn -0.603849 -0.797099 0.0
vn -0.603849 -0.797099 0.0
vn -0.563304 -0.82625 0.0
vn -0.52141 -0.853306 0.0
vn -0.563304 -0.82625 0.0
vn -0.52141 -0.853306 0.0
vn -0.478305 -0.878194 0.0
vn -0.433852 -0.900984 0.0
vn -0.478305 -0.878194 0.0
vn -0.433852 -0.900984 0.0
vn -0.388437 -0.921475 0.0
vn -0.341976 -0.939709 0.0
vn -0.388437 -0.921475 0.0
vn -0.341976 -0.939709 0.0
vn -0.294779 -0.955565 0.0
vn -0.294779 -0.955565 0.0
vn -0.246818 -0.969062 0.0
vn -0.198073 -0.980187 0.0
vn -0.246818 -0.969062 0.0
vn -0.149107 -0.988821 0.0
vn -0.198073 -0.980187 0.0
vn -0.149107 -0.988821 0.0
vn -0.099534 -0.995034 0.0
vn -0.04988 -0.998755 0.0
vn -0.099534 -0.995034 0.0
vn -0.04988 -0.998755 0.0
vn 0.0 -1.0 0.0
vn 0.04988 -0.998755 0.0
vn 0.0 -1.0 0.0
vn 0.04988 -0.998755 0.0
vn 0.099534 -0.995034 0.0
vn 0.149107 -0.988821 0.0
vn 0.099534 -0.995034 0.0
vn 0.149107 -0.988821 0.0
vn 0.198073 -0.980187 0.0
vn 0.198073 -0.980187 0.0
vn 0.246818 -0.969062 0.0
vn 0.246818 -0.969062 0.0
vn 0.294779 -0.955565 0.0
vn 0.294779 -0.955565 0.0
vn 0.341976 -0.939709 0.0
vn 0.341976 -0.939709 0.0
vn 0.388437 -0.921475 0.0
vn 0.388437 -0.921475 0.0
vn 0.433852 -0.900984 0.0
vn 0.433852 -0.900984 0.0
vn 0.478305 -0.878194 0.0
vn 0.478305 -0.878194 0.0
vn 0.52141 -0.853306 0.0
vn 0.52141 -0.853306 0.0
vn 0.563304 -0.82625 0.0
vn 0.563304 -0.82625 0.0
vn 0.603849 -0.797099 0.0
vn 0.603849 -0.797099 0.0
vn 0.642747 -0.766079 0.0
vn 0.642747 -0.766079 0.0
vn 0.680181 -0.733044 0.0
vn 0.680181 -0.733044 0.0
vn 0.715888 -0.698215 0.0
vn 0.715888 -0.698215 0.0
vn 0.749764 -0.661705 0.0
vn 0.749764 -0.661705 0.0
vn 0.781808 -0.623519 0.0
vn 0.781808 -0.623519 0.0
vn 0.811946 -0.583732 0.0
vn 0.811946 -0.583732 0.0
vn 0.840048 -0.542512 0.0
vn 0.840048 -0.542512 0.0
vn 0.866012 -0.500023 0.0
vn 0.866012 -0.500023 0.0
vn 0.889868 -0.456219 0.0
vn 0.889868 -0.456219 0.0
vn 0.911529 -0.411236 0.0
vn 0.911529 -0.411236 0.0
vn 0.930853 -0.365394 0.0
vn 0.930853 -0.365394 0.0
vn 0.947931 -0.318476 0.0
vn 0.947931 -0.318476 0.0
vn 0.962625 -0.270839 0.0
vn 0.962625 -0.270839 0.0
vn 0.974936 -0.222484 0.0
vn 0.974936 -0.222484 0.0
vn 0.984804 -0.173672 0.0
vn 0.984804 -0.173672 0.0
vn 0.992243 -0.124317 0.0
vn 0.992243 -0.124317 0.0
vn 0.997202 -0.074748 0.0
vn 0.997202 -0.074748 0.0
vn 0.999689 -0.024941 0.0
vn 0.999689 -0.024941 0.0
vn 0.999689 0.024941 0.0
vn 0.999689 0.024941 -0.0
vn 0.997202 0.074748 0.0
vn 0.997202 0.074748 -0.0
vn 0.992243 0.124317 0.0
vn 0.992243 0.124317 -0.0
vn 0.984804 0.173672 0.0
vn 0.984804 0.173672 -0.0
vn 0.974936 0.222484 0.0
vn 0.974936 0.222484 -0.0
vn 0.962625 0.270839 0.0
vn 0.962625 0.270839 -0.0
vn 0.947931 0.318476 0.0
vn 0.947931 0.318476 -0.0
vn 0.930853 0.365394 0.0
vn 0.930853 0.365394 -0.0
vn 0.911529 0.411236 0.0
vn 0.911529 0.411236 -0.0
vn 0.889868 0.456219 0.0
vn 0.889868 0.456219 -0.0
vn 0.866012 0.500023 0.0
vn 0.866012 0.500023 -0.0
vn 0.840048 0.542512 0.0
vn 0.840048 0.542512 -0.0
vn 0.811946 0.583732 0.0
vn 0.811946 0.583732 -0.0
vn 0.781808 0.623519 0.0
vn 0.781808 0.623519 -0.0
vn 0.749764 0.661705 0.0
vn 0.749764 0.661705 -0.0
vn 0.715888 0.698215 0.0
vn 0.715888 0.698215 -0.0
vn 0.680181 0.733044 0.0
vn 0.680181 0.733044 -0.0
vn 0.642747 0.766079 0.0
vn 0.642747 0.766079 -0.0
vn 0.603849 0.797099 0.0
vn 0.603849 0.797099 -0.0
vn 0.563304 0.82625 -0.0
vn 0.563304 0.82625 0.0
vn 0.52141 0.853306 -0.0
vn 0.52141 0.853306 0.0
vn 0.478305 0.878194 -0.0
vn 0.478305 0.878194 0.0
vn 0.433852 0.900984 -0.0
vn 0.433852 0.900984 0.0
vn 0.388437 0.921475 -0.0
vn 0.388437 0.921475 0.0
vn 0.341976 0.939709 0.0
vn 0.341976 0.939709 -0.0
vn 0.294779 0.955565 0.0
vn 0.294779 0.955565 -0.0
vn 0.246818 0.969062 0.0
vn 0.246818 0.969062 -0.0
vn 0.198073 0.980187 0.0
vn 0.198073 0.980187 -0.0
vn 0.149107 0.988821 0.0
vn 0.149107 0.988821 -0.0
vn 0.099534 0.995034 0.0
vn 0.099534 0.995034 -0.0
vn 0.04988 0.998755 -0.0
vn 0.04988 0.998755 -0.0
vn 0.0 1.0 0.0
vn 0.0 1.0 -0.0
vn -0.04988 0.998755 0.0
vn -0.04988 0.998755 0.0
vn -0.099534 0.995034 0.0
vn -0.099534 0.995034 0.0
vn -0.149107 0.988821 0.0
vn -0.149107 0.988821 0.0
vn -0.246818 0.969062 0.0
vn -0.198073 0.980187 0.0
vn -0.198073 0.980187 0.0
vn -0.246818 0.969062 0.0
vn -0.294779 0.955565 0.0
vn -0.294779 0.955565 0.0
vn -0.341976 0.939709 0.0
vn -0.341976 0.939709 0.0
vn -0.388437 0.921475 0.0
vn -0.433852 0.900984 0.0
vn -0.388437 0.921475 0.0
vn -0.433852 0.900984 0.0
vn -0.478305 0.878194 0.0
vn -0.478305 0.878194 0.0
vn -0.52141 0.853306 0.0
vn -0.52141 0.853306 0.0
vn -0.563304 0.82625 0.0
vn -0.603849 0.797099 0.0
vn -0.563304 0.82625 0.0
vn -0.603849 0.797099 0.0
vn -0.642747 0.766079 0.0
vn -0.680181 0.733044 0.0
vn -0.642747 0.766079 0.0
vn -0.680181 0.733044 0.0
vn -0.715888 0.698215 0.0
vn -0.715888 0.698215 0.0
vn -0.749764 0.661705 0.0
vn -0.749764 0.661705 0.0
vn -0.781808 0.623519 0.0
vn -0.781808 0.623519 0.0
vn -0.811946 0.583732 0.0
vn -0.811946 0.583732 0.0
vn -0.840048 0.542512 0.0
vn -0.840048 0.542512 0.0
vn -0.866012 0.500023 0.0
vn -0.866012 0.500023 0.0
vn -0.889868 0.456219 0.0
vn -0.889868 0.456219 0.0
vn -0.911529 0.411236 0.0
vn -0.911529 0.411236 0.0
vn -0.930853 0.365394 0.0
vn -0.930853 0.365394 0.0
vn -0.947931 0.318476 0.0
vn -0.947931 0.318476 0.0
vn -0.962625 0.270839 0.0
vn -0.962625 0.270839 0.0
vn -0.974936 0.222484 0.0
vn -0.974936 0.222484 0.0
vn -0.984804 0.173672 0.0
vn -0.984804 0.173672 0.0
vn -0.992243 0.124317 0.0
vn -0.992243 0.124317 0.0
vn -0.997202 0.074748 0.0
vn -0.997202 0.074748 0.0
vn -0.999689 0.024941 0.0
vn -0.999689 0.024941 0.0
vn 1.0 0.0 0.0
vn 1.0 -0.0 0.0
vn 0.0 0.0 -1.0
vn 0.0 0.0 -1.0
vn -1.0 0.0 0.0
vn -1.0 0.0 0.0
vn 0.0 0.0 1.0
vn 0.0 0.0 1.0
vn 0.0 -0.024941 0.999689
vn 0.0 -0.024941 0.999689
vn 0.0 -0.07471 0.997205
vn 0.0 -0.07471 0.997205
vn 0.0 -0.12436 0.992237
vn 0.0 -0.12436 0.992237
vn 0.0 -0.173628 0.984811
vn 0.0 -0.173628 0.984811
vn 0.0 -0.22252 0.974928
vn 0.0 -0.22252 0.974928
vn 0.0 -0.270829 0.962628
vn 0.0 -0.318499 0.947923
vn 0.0 -0.270829 0.962628
vn 0.0 -0.318499 0.947923
vn 0.0 -0.365348 0.930871
vn 0.0 -0.365348 0.930871
vn 0.0 -0.4113 0.9115
vn 0.0 -0.4113 0.9115
vn 0.0 -0.456203 0.889876
vn 0.0 -0.456203 0.889876
vn 0.0 -0.500011 0.866019
vn 0.0 -0.500011 0.866019
vn 0.0 -0.542539 0.840031
vn 0.0 -0.542539 0.840031
vn 0.0 -0.58375 0.811933
vn 0.0 -0.58375 0.811933
vn 0.0 -0.623477 0.781842
vn 0.0 -0.623477 0.781842
vn 0.0 -0.661705 0.749764
vn 0.0 -0.661705 0.749764
vn 0.0 -0.698234 0.715869
vn 0.0 -0.698234 0.715869
vn 0.0 -0.733045 0.68018
vn 0.0 -0.733045 0.68018
vn 0.0 -0.766041 0.642792
vn 0.0 -0.766041 0.642792
vn 0.0 -0.797136 0.6038
vn 0.0 -0.82622 0.563348
vn 0.0 -0.797136 0.6038
vn 0.0 -0.8533 0.521421
vn 0.0 -0.82622 0.563348
vn 0.0 -0.8533 0.521421
vn 0.0 -0.878226 0.478246
vn 0.0 -0.878226 0.478246
vn 0.0 -0.900962 0.433898
vn 0.0 -0.900962 0.433898
vn 0.0 -0.921481 0.388423
vn 0.0 -0.921481 0.388423
vn 0.0 -0.939692 0.342023
vn 0.0 -0.939692 0.342023
vn 0.0 -0.955576 0.294744
vn 0.0 -0.955576 0.294744
vn 0.0 -0.969076 0.246764
vn 0.0 -0.969076 0.246764
vn 0.0 -0.980171 0.198153
vn 0.0 -0.980171 0.198153
vn 0.0 -0.988832 0.149033
vn 0.0 -0.988832 0.149033
vn 0.0 -0.99503 0.099572
vn 0.0 -0.99503 0.099572
vn 0.0 -0.998757 0.049844
vn 0.0 -0.998757 0.049844
vn 0.0 -1.0 0.0
vn 0.0 -0.998757 -0.049844
vn 0.0 -1.0 0.0
vn 0.0 -0.998757 -0.049844
vn 0.0 -0.99503 -0.099572
vn 0.0 -0.99503 -0.099572
vn 0.0 -0.988831 -0.149038
vn 0.0 -0.988831 -0.149038
vn 0.0 -0.980173 -0.198146
vn 0.0 -0.980173 -0.198146
vn 0.0 -0.969073 -0.246773
vn 0.0 -0.969073 -0.246773
vn 0.0 -0.955579 -0.294734
vn 0.0 -0.955579 -0.294734
vn 0.0 -0.939692 -0.342023
vn 0.0 -0.939692 -0.342023
vn 0.0 -0.921481 -0.388423
vn 0.0 -0.921481 -0.388423
vn 0.0 -0.900962 -0.433898
vn 0.0 -0.900962 -0.433898
vn 0.0 -0.878226 -0.478246
vn 0.0 -0.878226 -0.478246
vn 0.0 -0.853289 -0.521438
vn 0.0 -0.853289 -0.521438
vn 0.0 -0.826232 -0.56333
vn 0.0 -0.826232 -0.56333
vn 0.0 -0.797136 -0.6038
vn 0.0 -0.797136 -0.6038
vn 0.0 -0.766041 -0.642792
vn 0.0 -0.766041 -0.642792
vn 0.0 -0.733045 -0.68018
vn 0.0 -0.733045 -0.68018
vn 0.0 -0.698234 -0.715869
vn 0.0 -0.698234 -0.715869
vn 0.0 -0.661705 -0.749764
vn 0.0 -0.661705 -0.749764
vn 0.0 -0.623477 -0.781842
vn 0.0 -0.623477 -0.781842
vn 0.0 -0.58375 -0.811933
vn 0.0 -0.58375 -0.811933
vn 0.0 -0.542539 -0.840031
vn 0.0 -0.542539 -0.840031
vn 0.0 -0.500011 -0.866019
vn 0.0 -0.500011 -0.866019
vn 0.0 -0.456203 -0.889876
vn 0.0 -0.456203 -0.889876
vn 0.0 -0.4113 -0.9115
vn 0.0 -0.4113 -0.9115
vn 0.0 -0.365315 -0.930884
vn 0.0 -0.365315 -0.930884
vn 0.0 -0.318499 -0.947923
vn 0.0 -0.318499 -0.947923
vn 0.0 -0.270829 -0.962628
vn 0.0 -0.270829 -0.962628
vn 0.0 -0.22252 -0.974928
vn 0.0 -0.22252 -0.974928
vn 0.0 -0.173665 -0.984805
vn 0.0 -0.173665 -0.984805
vn 0.0 -0.124322 -0.992242
vn 0.0 -0.124322 -0.992242
vn 0.0 -0.074748 -0.997202
vn 0.0 -0.074748 -0.997202
vn 0.0 -0.024941 -0.999689
vn 0.0 -0.024941 -0.999689
vn 0.0 0.024941 -0.999689
vn 0.0 0.024941 -0.999689
vn 0.0 0.074748 -0.997202
vn 0.0 0.074748 -0.997202
vn 0.0 0.124322 -0.992242
vn 0.0 0.124322 -0.992242
vn 0.0 0.173665 -0.984805
vn 0.0 0.173665 -0.984805
vn 0.0 0.22252 -0.974928
vn 0.0 0.22252 -0.974928
vn 0.0 0.270829 -0.962628
vn 0.0 0.270829 -0.962628
vn 0.0 0.318499 -0.947923
vn 0.0 0.318499 -0.947923
vn 0.0 0.365315 -0.930884
vn 0.0 0.365315 -0.930884
vn 0.0 0.4113 -0.9115
vn 0.0 0.4113 -0.9115
vn 0.0 0.456203 -0.889876
vn 0.0 0.456203 -0.889876
vn 0.0 0.500011 -0.866019
vn 0.0 0.500011 -0.866019
vn 0.0 0.542539 -0.840031
vn 0.0 0.542539 -0.840031
vn 0.0 0.58375 -0.811933
vn 0.0 0.58375 -0.811933
vn 0.0 0.623477 -0.781842
vn 0.0 0.623477 -0.781842
vn 0.0 0.661705 -0.749764
vn 0.0 0.661705 -0.749764
vn 0.0 0.698234 -0.715869
vn 0.0 0.698234 -0.715869
vn 0.0 0.733045 -0.68018
vn 0.0 0.733045 -0.68018
vn 0.0 0.766041 -0.642792
vn 0.0 0.766041 -0.642792
vn 0.0 0.797136 -0.6038
vn 0.0 0.797136 -0.6038
vn 0.0 0.826232 -0.56333
vn 0.0 0.826232 -0.56333
vn 0.0 0.853289 -0.521438
vn 0.0 0.853289 -0.521438
vn 0.0 0.878226 -0.478246
vn 0.0 0.878226 -0.478246
vn 0.0 0.900962 -0.433898
vn 0.0 0.900962 -0.433898
vn 0.0 0.921481 -0.388423
vn 0.0 0.921481 -0.388423
vn 0.0 0.939692 -0.342023
vn 0.0 0.939692 -0.342023
vn 0.0 0.955579 -0.294734
vn 0.0 0.955579 -0.294734
vn 0.0 0.969073 -0.246773
vn 0.0 0.969073 -0.246773
vn 0.0 0.980173 -0.198146
vn 0.0 0.980173 -0.198146
vn 0.0 0.988831 -0.149038
vn 0.0 0.988831 -0.149038
vn 0.0 0.99503 -0.099572
vn 0.0 0.99503 -0.099572
vn 0.0 0.998757 -0.049844
vn 0.0 0.998757 -0.049844
vn 0.0 1.0 0.0
vn 0.0 1.0 0.0
vn 0.0 0.998757 0.049844
vn -0.0 0.998757 0.049844
vn 0.0 0.99503 0.099572
vn -0.0 0.99503 0.099572
vn 0.0 0.988832 0.149033
vn -0.0 0.988832 0.149033
vn 0.0 0.980171 0.198153
vn -0.0 0.980171 0.198153
vn -0.0 0.969076 0.246764
vn 0.0 0.969076 0.246764
vn -0.0 0.955576 0.294744
vn 0.0 0.955576 0.294744
vn -0.0 0.939692 0.342023
vn 0.0 0.939692 0.342023
vn -0.0 0.921481 0.388423
vn 0.0 0.921481 0.388423
vn -0.0 0.900962 0.433898
vn 0.0 0.900962 0.433898
vn -0.0 0.878226 0.478246
vn 0.0 0.878226 0.478246
vn -0.0 0.8533 0.521421
vn 0.0 0.8533 0.521421
vn -0.0 0.82622 0.563348
vn 0.0 0.82622 0.563348
vn -0.0 0.797136 0.6038
vn 0.0 0.797136 0.6038
vn -0.0 0.766041 0.642792
vn 0.0 0.766041 0.642792
vn -0.0 0.733045 0.68018
vn 0.0 0.733045 0.68018
vn -0.0 0.698234 0.715869
vn 0.0 0.698234 0.715869
vn -0.0 0.661705 0.749764
vn 0.0 0.661705 0.749764
vn 0.0 0.623477 0.781842
vn -0.0 0.623477 0.781842
vn 0.0 0.58375 0.811933
vn -0.0 0.58375 0.811933
vn 0.0 0.542539 0.840031
vn -0.0 0.542539 0.840031
vn 0.0 0.500011 0.866019
vn -0.0 0.500011 0.866019
vn -0.0 0.456203 0.889876
vn 0.0 0.456203 0.889876
vn -0.0 0.4113 0.9115
vn 0.0 0.4113 0.9115
vn -0.0 0.365348 0.930871
vn 0.0 0.365348 0.930871
vn -0.0 0.318499 0.947923
vn 0.0 0.318499 0.947923
vn -0.0 0.270829 0.962628
vn 0.0 0.270829 0.962628
vn -0.0 0.22252 0.974928
vn 0.0 0.22252 0.974928
vn -0.0 0.173628 0.984811
vn 0.0 0.173628 0.984811
vn -0.0 0.12436 0.992237
vn 0.0 0.12436 0.992237
vn -0.0 0.07471 0.997205
vn 0.0 0.07471 0.997205
vn -0.0 0.024941 0.999689
vn 0.0 0.024941 0.999689
vn 0.0 0.0 1.0
vn 0.0 0.0 1.0
vn 0.0 -1.0 0.0
vn 0.0 -1.0 0.0
vn 0.0 0.0 -1.0
vn 0.0 0.0 -1.0
vn 0.0 1.0 0.0
vn 0.0 1.0 0.0
vn 0.0 -0.024941 0.999689
vn 0.0 -0.024941 0.999689
vn 0.0 -0.074709 0.997205
vn 0.0 -0.074709 0.997205
vn 0.0 -0.12436 0.992237
vn 0.0 -0.12436 0.992237
vn 0.0 -0.173631 0.984811
vn 0.0 -0.173631 0.984811
vn 0.0 -0.222516 0.974929
vn 0.0 -0.222516 0.974929
vn 0.0 -0.270834 0.962626
vn 0.0 -0.318493 0.947925
vn 0.0 -0.270834 0.962626
vn 0.0 -0.318493 0.947925
vn 0.0 -0.365355 0.930868
vn 0.0 -0.365355 0.930868
vn 0.0 -0.411293 0.911503
vn 0.0 -0.411293 0.911503
vn 0.0 -0.456203 0.889876
vn 0.0 -0.456203 0.889876
vn 0.0 -0.500011 0.866019
vn 0.0 -0.500011 0.866019
vn 0.0 -0.542539 0.840031
vn 0.0 -0.542539 0.840031
vn 0.0 -0.583741 0.81194
vn 0.0 -0.583741 0.81194
vn 0.0 -0.623486 0.781834
vn 0.0 -0.623486 0.781834
vn 0.0 -0.661696 0.749772
vn 0.0 -0.661696 0.749772
vn 0.0 -0.698234 0.715869
vn 0.0 -0.698234 0.715869
vn 0.0 -0.733045 0.68018
vn 0.0 -0.733045 0.68018
vn 0.0 -0.76605 0.642781
vn 0.0 -0.76605 0.642781
vn 0.0 -0.797126 0.603812
vn 0.0 -0.826238 0.563321
vn 0.0 -0.797126 0.603812
vn 0.0 -0.8533 0.521421
vn 0.0 -0.826238 0.563321
vn 0.0 -0.8533 0.521421
vn 0.0 -0.878218 0.478261
vn 0.0 -0.878218 0.478261
vn 0.0 -0.900969 0.433883
vn 0.0 -0.900969 0.433883
vn 0.0 -0.921474 0.388439
vn 0.0 -0.921474 0.388439
vn 0.0 -0.939692 0.342023
vn 0.0 -0.939692 0.342023
vn 0.0 -0.955571 0.294762
vn 0.0 -0.955571 0.294762
vn 0.0 -0.96908 0.246746
vn 0.0 -0.96908 0.246746
vn 0.0 -0.980171 0.198153
vn 0.0 -0.980171 0.198153
vn 0.0 -0.988832 0.149033
vn 0.0 -0.988832 0.149033
vn 0.0 -0.99503 0.099572
vn 0.0 -0.99503 0.099572
vn 0.0 -0.998757 0.049844
vn 0.0 -0.998757 0.049844
vn 0.0 -1.0 0.0
vn 0.0 -0.998757 -0.049844
vn 0.0 -1.0 0.0
vn 0.0 -0.998757 -0.049844
vn 0.0 -0.99503 -0.099572
vn 0.0 -0.99503 -0.099572
vn 0.0 -0.988831 -0.149038
vn 0.0 -0.988831 -0.149038
vn 0.0 -0.980173 -0.198146
vn 0.0 -0.980173 -0.198146
vn 0.0 -0.969078 -0.246755
vn 0.0 -0.969078 -0.246755
vn 0.0 -0.955574 -0.294751
vn 0.0 -0.955574 -0.294751
vn 0.0 -0.939692 -0.342023
vn 0.0 -0.939692 -0.342023
vn 0.0 -0.921474 -0.388439
vn 0.0 -0.921474 -0.388439
vn 0.0 -0.900969 -0.433883
vn 0.0 -0.900969 -0.433883
vn 0.0 -0.878218 -0.478261
vn 0.0 -0.878218 -0.478261
vn 0.0 -0.853289 -0.521438
vn 0.0 -0.853289 -0.521438
vn 0.0 -0.82625 -0.563304
vn 0.0 -0.82625 -0.563304
vn 0.0 -0.797126 -0.603812
vn 0.0 -0.797126 -0.603812
vn 0.0 -0.76605 -0.642781
vn 0.0 -0.76605 -0.642781
vn 0.0 -0.733045 -0.68018
vn 0.0 -0.733045 -0.68018
vn 0.0 -0.698234 -0.715869
vn 0.0 -0.698234 -0.715869
vn 0.0 -0.661696 -0.749772
vn 0.0 -0.661696 -0.749772
vn 0.0 -0.623486 -0.781834
vn 0.0 -0.623486 -0.781834
vn 0.0 -0.583741 -0.81194
vn 0.0 -0.583741 -0.81194
vn 0.0 -0.542539 -0.840031
vn 0.0 -0.542539 -0.840031
vn 0.0 -0.500011 -0.866019
vn 0.0 -0.500011 -0.866019
vn 0.0 -0.456203 -0.889876
vn 0.0 -0.456203 -0.889876
vn 0.0 -0.411293 -0.911503
vn 0.0 -0.411293 -0.911503
vn 0.0 -0.365322 -0.930881
vn 0.0 -0.365322 -0.930881
vn 0.0 -0.318493 -0.947925
vn 0.0 -0.318493 -0.947925
vn 0.0 -0.270834 -0.962626
vn 0.0 -0.270834 -0.962626
vn 0.0 -0.222516 -0.974929
vn 0.0 -0.222516 -0.974929
vn 0.0 -0.173669 -0.984804
vn 0.0 -0.173669 -0.984804
vn 0.0 -0.124322 -0.992242
vn 0.0 -0.124322 -0.992242
vn 0.0 -0.074747 -0.997203
vn 0.0 -0.074747 -0.997203
vn 0.0 -0.024941 -0.999689
vn 0.0 -0.024941 -0.999689
vn 0.0 0.024941 -0.999689
vn 0.0 0.024941 -0.999689
vn 0.0 0.074747 -0.997203
vn 0.0 0.074747 -0.997203
vn 0.0 0.124322 -0.992242
vn 0.0 0.124322 -0.992242
vn 0.0 0.173669 -0.984804
vn 0.0 0.173669 -0.984804
vn 0.0 0.222516 -0.974929
vn 0.0 0.222516 -0.974929
vn 0.0 0.270834 -0.962626
vn 0.0 0.270834 -0.962626
vn 0.0 0.318493 -0.947925
vn 0.0 0.318493 -0.947925
vn 0.0 0.365322 -0.930881
vn 0.0 0.365322 -0.930881
vn 0.0 0.411293 -0.911503
vn 0.0 0.411293 -0.911503
vn 0.0 0.456203 -0.889876
vn 0.0 0.456203 -0.889876
vn 0.0 0.500011 -0.866019
vn 0.0 0.500011 -0.866019
vn 0.0 0.542539 -0.840031
vn 0.0 0.542539 -0.840031
vn 0.0 0.583741 -0.81194
vn 0.0 0.583741 -0.81194
vn 0.0 0.623486 -0.781834
vn 0.0 0.623486 -0.781834
vn 0.0 0.661696 -0.749772
vn 0.0 0.661696 -0.749772
vn 0.0 0.698234 -0.715869
vn 0.0 0.698234 -0.715869
vn 0.0 0.733045 -0.68018
vn 0.0 0.733045 -0.68018
vn 0.0 0.76605 -0.642781
vn 0.0 0.76605 -0.642781
vn 0.0 0.797126 -0.603812
vn 0.0 0.797126 -0.603812
vn 0.0 0.82625 -0.563304
vn 0.0 0.82625 -0.563304
vn 0.0 0.853289 -0.521438
vn 0.0 0.853289 -0.521438
vn 0.0 0.878218 -0.478261
vn 0.0 0.878218 -0.478261
vn 0.0 0.900969 -0.433883
vn 0.0 0.900969 -0.433883
vn 0.0 0.921474 -0.388439
vn 0.0 0.921474 -0.388439
vn 0.0 0.939692 -0.342023
vn 0.0 0.939692 -0.342023
vn 0.0 0.955574 -0.294751
vn 0.0 0.955574 -0.294751
vn 0.0 0.969078 -0.246755
vn 0.0 0.969078 -0.246755
vn 0.0 0.980173 -0.198146
vn 0.0 0.980173 -0.198146
vn 0.0 0.988831 -0.149038
vn 0.0 0.988831 -0.149038
vn 0.0 0.99503 -0.099572
vn 0.0 0.99503 -0.099572
vn 0.0 0.998757 -0.049844
vn 0.0 0.998757 -0.049844
vn 0.0 1.0 0.0
vn 0.0 1.0 0.0
vn 0.0 0.998757 0.049844
vn -0.0 0.998757 0.049844
vn 0.0 0.99503 0.099572
vn -0.0 0.99503 0.099572
vn 0.0 0.988832 0.149033
vn -0.0 0.988832 0.149033
vn 0.0 0.980171 0.198153
vn -0.0 0.980171 0.198153
vn -0.0 0.96908 0.246746
vn 0.0 0.96908 0.246746
vn -0.0 0.955571 0.294762
vn 0.0 0.955571 0.294762
vn -0.0 0.939692 0.342023
vn 0.0 0.939692 0.342023
vn -0.0 0.921474 0.388439
vn 0.0 0.921474 0.388439
vn -0.0 0.900969 0.433883
vn 0.0 0.900969 0.433883
vn -0.0 0.878218 0.478261
vn 0.0 0.878218 0.478261
vn -0.0 0.8533 0.521421
vn 0.0 0.8533 0.521421
vn -0.0 0.826238 0.563321
vn 0.0 0.826238 0.563321
vn -0.0 0.797126 0.603812
vn 0.0 0.797126 0.603812
vn -0.0 0.76605 0.642781
vn 0.0 0.76605 0.642781
vn -0.0 0.733045 0.68018
vn 0.0 0.733045 0.68018
vn -0.0 0.698234 0.715869
vn 0.0 0.698234 0.715869
vn -0.0 0.661696 0.749772
vn 0.0 0.661696 0.749772
vn 0.0 0.623486 0.781834
vn -0.0 0.623486 0.781834
vn 0.0 0.583741 0.81194
vn -0.0 0.583741 0.81194
vn 0.0 0.542539 0.840031
vn -0.0 0.542539 0.840031
vn 0.0 0.500011 0.866019
vn -0.0 0.500011 0.866019
vn -0.0 0.456203 0.889876
vn 0.0 0.456203 0.889876
vn -0.0 0.411293 0.911503
vn 0.0 0.411293 0.911503
vn -0.0 0.365355 0.930868
vn 0.0 0.365355 0.930868
vn -0.0 0.318493 0.947925
vn 0.0 0.318493 0.947925
vn -0.0 0.270834 0.962626
vn 0.0 0.270834 0.962626
vn -0.0 0.222516 0.974929
vn 0.0 0.222516 0.974929
vn -0.0 0.173631 0.984811
vn 0.0 0.173631 0.984811
vn -0.0 0.12436 0.992237
vn 0.0 0.12436 0.992237
vn -0.0 0.074709 0.997205
vn 0.0 0.074709 0.997205
vn -0.0 0.024941 0.999689
vn 0.0 0.024941 0.999689
vn 0.0 0.707107 -0.707107
vn 0.0 0.707107 -0.707107
vn 0.0 0.0 1.0
vn 0.0 0.0 1.0
vn 0.0 0.0 1.0
vn 0.0 0.0 1.0
vn 0.0 0.0 1.0
vn 0.0 0.0 1.0
vn 0.0 0.0 1.0
vn 0.0 0.0 1.0
vn 0.0 0.0 1.0
vn 0.0 0.0 1.0
vn 0.0 0.0 1.0
vn 0.0 0.0 1.0
vn 0.0 0.0 1.0
vn 0.0 0.0 1.0
vn 0.0 0.0 1.0
vn 0.0 0.0 1.0
vn 0.0 0.0 1.0
vn 0.0 0.0 1.0
vn 0.0 0.0 1.0
vn 0.0 0.0 1.0
vn 0.0 0.0 1.0
vn 0.0 0.0 1.0
vn 0.0 0.0 1.0
vn 0.0 0.0 1.0
vn 0.0 0.0 1.0
vn 0.0 0.0 1.0
vn 0.0 0.0 1.0
vn 0.0 0.0 1.0
vn 0.0 0.0 1.0
vn 0.0 0.0 1.0
vn 0.0 0.0 1.0
vn 0.0 0.0 1.0
vn 0.0 0.0 1.0
vn 0.0 0.0 1.0
vn 0.0 0.0 1.0
vn 0.0 0.0 1.0
vn 0.0 0.0 1.0
vn 0.0 0.0 1.0
vn 0.0 0.0 1.0
vn 0.0 0.0 1.0
vn 0.0 0.0 1.0
vn 0.0 0.0 1.0
vn 0.0 0.0 1.0
vn 0.0 0.0 1.0
vn 0.0 0.0 1.0
vn 0.0 0.0 1.0
vn 0.0 0.0 1.0
vn 0.0 0.0 1.0
vn 0.0 0.0 1.0
vn 0.0 0.0 1.0
vn 0.0 0.0 1.0
vn 0.0 0.0 1.0
vn 0.0 0.0 1.0
vn 0.0 0.0 1.0
vn 0.0 0.0 1.0
vn 0.0 0.0 1.0
vn 0.0 0.0 1.0
vn 0.0 0.0 1.0
vn 0.0 0.0 1.0
vn 0.0 0.0 1.0
vn 0.0 0.0 1.0
vn 0.0 0.0 1.0
vn 0.0 0.0 1.0
vn 0.0 0.0 1.0
vn 0.0 0.0 1.0
vn 0.0 0.0 1.0
vn 0.0 0.0 1.0
vn 0.0 0.0 1.0
vn 0.0 0.0 1.0
vn 0.0 0.0 1.0
vn 0.0 0.0 1.0
vn 0.0 0.0 1.0
vn 0.0 0.0 1.0
vn 0.0 0.0 1.0
vn 0.0 0.0 1.0
vn 0.0 0.0 1.0
vn 0.0 0.0 1.0
vn 0.0 0.0 1.0
vn 0.0 0.0 1.0
vn 0.0 0.0 1.0
vn 0.0 0.0 1.0
vn 0.0 0.0 1.0
vn 0.0 0.0 1.0
vn 0.0 0.0 1.0
vn 0.0 0.0 1.0
vn 0.0 0.0 1.0
vn 0.0 0.0 1.0
vn 0.0 0.0 1.0
vn 0.0 0.0 1.0
vn 0.0 0.0 1.0
vn 0.0 0.0 1.0
vn 0.0 0.0 1.0
vn 0.0 0.0 1.0
vn 0.0 0.0 1.0
vn 0.0 0.0 1.0
vn 0.0 0.0 1.0
vn 0.0 0.0 1.0
vn 0.0 0.0 1.0
vn 0.0 0.0 1.0
vn 0.0 0.0 1.0
vn 0.0 0.0 1.0
vn 0.0 0.0 1.0
vn 0.0 0.0 1.0
vn 0.0 0.0 1.0
vn 0.0 0.0 1.0
vn 0.0 0.0 1.0
vn 0.0 0.0 1.0
vn 0.0 0.0 1.0
vn 0.0 0.0 1.0
vn 0.0 0.0 1.0
vn 0.0 0.0 1.0
vn 0.0 0.0 1.0
vn 0.0 0.0 1.0
vn 0.0 0.0 1.0
vn 0.0 0.0 1.0
vn 0.0 0.0 1.0
vn 0.0 0.0 1.0
vn 0.0 0.0 1.0
vn 0.0 0.0 1.0
vn 0.0 0.0 1.0
vn 0.0 0.0 1.0
vn 0.0 0.0 1.0
vn 0.0 0.0 1.0
vn 0.0 0.0 1.0
vn 0.0 0.0 1.0
vn 0.0 0.0 1.0
vn 0.0 0.0 1.0
vn 0.0 0.0 1.0
vn 0.0 0.0 1.0
vn 0.0 0.0 1.0
vn 0.0 0.0 1.0
vn 0.0 0.0 1.0
vn 0.0 0.0 1.0
vn 0.0 0.0 1.0
vn 0.0 0.0 1.0
vn 0.0 0.0 1.0
vn 0.0 0.0 1.0
vn 0.0 0.0 1.0
vn 0.0 0.0 1.0
vn 0.0 0.0 1.0
vn 0.0 0.0 1.0
vn 0.0 0.0 1.0
vn 0.0 0.0 1.0
vn 0.0 0.0 1.0
vn 0.0 0.0 1.0
vn 0.0 0.0 1.0
vn 0.0 0.0 1.0
vn 0.0 0.0 1.0
vn 0.0 0.0 1.0
vn 0.0 0.0 1.0
vn 0.0 0.0 1.0
vn 0.0 0.0 1.0
vn 0.0 0.0 1.0
vn 0.0 0.0 1.0
vn 0.0 0.0 1.0
vn 0.0 0.0 1.0
vn 0.0 0.0 1.0
vn 0.0 0.0 1.0
vn 0.0 0.0 1.0
vn 0.0 0.0 1.0
vn 0.0 0.0 1.0
vn 0.0 0.0 1.0
vn 0.0 0.0 1.0
vn 0.0 0.0 1.0
vn 0.0 0.0 1.0
vn 0.0 0.0 1.0
vn 0.0 0.0 1.0
vn 0.0 0.0 1.0
vn 0.0 0.0 1.0
vn 0.0 0.0 1.0
vn 0.0 0.0 1.0
vn 0.0 0.0 1.0
vn 0.0 0.0 1.0
vn 0.0 0.0 1.0
vn 0.0 0.0 1.0
vn 0.0 0.0 1.0
vn 0.0 0.0 1.0
vn 0.0 0.0 1.0
vn 0.0 0.0 1.0
vn 0.0 0.0 1.0
vn 0.0 0.0 1.0
vn 0.0 0.0 1.0
vn 0.0 0.0 1.0
vn 0.0 0.0 1.0
vn 0.0 0.0 1.0
vn 0.0 0.0 1.0
vn 0.0 0.0 1.0
vn 0.0 0.0 1.0
vn 0.0 0.0 1.0
vn 0.0 0.0 1.0
vn 0.0 0.0 1.0
vn 0.0 0.0 1.0
vn 0.0 0.0 1.0
vn 0.0 0.0 1.0
vn 0.0 0.0 1.0
vn 0.0 0.0 1.0
vn 0.0 0.0 1.0
vn 0.0 0.0 1.0
vn 0.0 0.0 1.0
vn 0.0 0.0 1.0
vn 0.0 0.0 1.0
vn 0.0 0.0 1.0
vn 0.0 0.0 1.0
vn 0.0 0.0 1.0
vn 0.0 0.0 1.0
vn 0.0 0.0 1.0
vn 0.0 0.0 1.0
vn 0.0 0.0 1.0
vn 0.0 0.0 1.0
vn 0.0 0.0 1.0
vn 0.0 0.0 1.0
vn 0.0 0.0 1.0
vn 0.0 0.0 1.0
vn 0.0 0.0 1.0
vn 0.0 0.0 1.0
vn 0.0 0.0 1.0
vn 0.0 0.0 1.0
vn 0.0 0.0 1.0
vn 0.0 0.0 1.0
vn 0.0 0.0 1.0
vn 0.0 0.0 1.0
vn 0.0 0.0 1.0
vn 0.0 0.0 1.0
vn 0.0 0.0 1.0
vn 0.0 0.0 1.0
vn 0.0 0.0 1.0
vn 0.0 0.0 1.0
vn 0.0 0.0 1.0
vn 0.0 0.0 1.0
vn 0.0 0.0 1.0
vn 0.0 0.0 1.0
vn 0.0 0.0 1.0
vn 0.0 0.0 1.0
vn 0.0 0.0 1.0
vn 0.0 0.0 1.0
vn 0.0 0.0 1.0
vn 0.0 0.0 1.0
vn 0.0 0.0 1.0
vn 0.0 0.0 1.0
vn 0.0 0.0 1.0
vn 0.0 0.0 1.0
vn 0.0 0.0 1.0
vn 0.0 0.0 1.0
vn 0.0 0.0 1.0
vn 0.0 0.0 1.0
vn 0.0 0.0 1.0
vn 0.0 0.0 1.0
vn 0.0 0.0 1.0
vn 0.0 0.0 1.0
vn 0.0 0.0 1.0
vn 0.0 0.0 1.0
vn 0.0 0.0 1.0
vn 0.0 0.0 1.0
vn 0.0 0.0 1.0
vn 0.0 0.0 1.0
vn 0.0 0.0 1.0
vn 0.0 0.0 1.0
vn 0.0 0.0 1.0
vn 0.0 0.0 1.0
vn 0.0 0.0 1.0
vn 0.0 0.707107 -0.707107
vn 0.0 0.707107 -0.707107
vn 0.0 0.0 1.0
vn 0.0 0.0 1.0
vn 0.0 0.0 1.0
vn 0.0 0.0 1.0
vn 0.0 0.0 1.0
vn 0.0 0.0 1.0
vn 0.0 0.0 1.0
vn 0.0 0.0 1.0
vn 0.0 0.0 1.0
vn 0.0 0.0 1.0
vn 0.0 0.0 1.0
vn 0.0 0.0 1.0
vn 0.0 0.0 1.0
vn 0.0 0.0 1.0
vn 0.0 0.0 1.0
vn 0.0 0.0 1.0
vn 0.0 0.0 1.0
vn 0.0 0.0 1.0
vn 0.0 0.0 1.0
vn 0.0 0.0 1.0
vn 0.0 0.0 1.0
vn 0.0 0.0 1.0
vn 0.0 0.0 1.0
vn 0.0 0.0 1.0
vn 0.0 0.0 1.0
vn 0.0 0.0 1.0
vn 0.0 0.0 1.0
vn 0.0 0.0 1.0
vn 0.0 0.0 1.0
vn 0.0 0.0 1.0
vn 0.0 0.0 1.0
vn 0.0 0.0 1.0
vn 0.0 0.0 1.0
vn 0.0 0.0 1.0
vn 0.0 0.0 1.0
vn 0.0 0.0 1.0
vn 0.0 0.0 1.0
vn 0.0 0.0 1.0
vn 0.0 0.0 1.0
vn 0.0 0.0 1.0
vn 0.0 0.0 1.0
vn 0.0 0.0 1.0
vn 0.0 0.0 1.0
vn 0.0 0.0 1.0
vn 0.0 0.0 1.0
vn 0.0 0.0 1.0
vn 0.0 0.0 1.0
vn 0.0 0.0 1.0
vn 0.0 0.0 1.0
vn 0.0 0.0 1.0
vn 0.0 0.0 1.0
vn 0.0 0.0 1.0
vn 0.0 0.0 1.0
vn 0.0 0.0 1.0
vn 0.0 0.0 1.0
vn 0.0 0.0 1.0
vn 0.0 0.0 1.0
vn 0.0 0.0 1.0
vn 0.0 0.0 1.0
vn 0.0 0.0 1.0
vn 0.0 0.0 1.0
vn 0.0 0.0 1.0
vn 0.0 0.0 1.0
vn 0.0 0.0 1.0
vn 0.0 0.0 1.0
vn 0.0 0.0 1.0
vn 0.0 0.0 1.0
vn 0.0 0.0 1.0
vn 0.0 0.0 1.0
vn 0.0 0.0 1.0
vn 0.0 0.0 1.0
vn 0.0 0.0 1.0
vn 0.0 0.0 1.0
vn 0.0 0.0 1.0
vn 0.0 0.0 1.0
vn 0.0 0.0 1.0
vn 0.0 0.0 1.0
vn 0.0 0.0 1.0
vn 0.0 0.0 1.0
vn 0.0 0.0 1.0
vn 0.0 0.0 1.0
vn 0.0 0.0 1.0
vn 0.0 0.0 1.0
vn 0.0 0.0 1.0
vn 0.0 0.0 1.0
vn 0.0 0.0 1.0
vn 0.0 0.0 1.0
vn 0.0 0.0 1.0
vn 0.0 0.0 1.0
vn 0.0 0.0 1.0
vn 0.0 0.0 1.0
vn 0.0 0.0 1.0
vn 0.0 0.0 1.0
vn 0.0 0.0 1.0
vn 0.0 0.0 1.0
vn 0.0 0.0 1.0
vn 0.0 0.0 1.0
vn 0.0 0.0 1.0
vn 0.0 0.0 1.0
vn 0.0 0.0 1.0
vn 0.0 0.0 1.0
vn 0.0 0.0 1.0
vn 0.0 0.0 1.0
vn 0.0 0.0 1.0
vn 0.0 0.0 1.0
vn 0.0 0.0 1.0
vn 0.0 0.0 1.0
vn 0.0 0.0 1.0
vn 0.0 0.0 1.0
vn 0.0 0.0 1.0
vn 0.0 0.0 1.0
vn 0.0 0.0 1.0
vn 0.0 0.0 1.0
vn 0.0 0.0 1.0
vn 0.0 0.0 1.0
vn 0.0 0.0 1.0
vn 0.0 0.0 1.0
vn 0.0 0.0 1.0
vn 0.0 0.0 1.0
vn 0.0 0.0 1.0
vn 0.0 0.0 1.0
vn 0.0 0.0 1.0
vn 0.0 0.0 1.0
vn 0.0 0.0 1.0
vn 0.0 0.0 1.0
vn 0.0 0.0 1.0
vn 0.0 0.0 1.0
vn 0.0 0.0 1.0
vn 0.0 0.0 1.0
vn 0.0 0.0 1.0
vn 0.0 0.0 1.0
vn 0.0 0.0 1.0
vn 0.0 0.0 1.0
vn 0.0 0.0 1.0
vn 0.0 0.0 1.0
vn 0.0 0.0 1.0
vn 0.0 0.0 1.0
vn 0.0 0.0 1.0
vn 0.0 0.0 1.0
vn 0.0 0.0 1.0
vn 0.0 0.0 1.0
vn 0.0 0.0 1.0
vn 0.0 0.0 1.0
vn 0.0 0.0 1.0
vn 0.0 0.0 1.0
vn 0.0 0.0 1.0
vn 0.0 0.0 1.0
vn 0.0 0.0 1.0
vn 0.0 0.0 1.0
vn 0.0 0.0 1.0
vn 0.0 0.0 1.0
vn 0.0 0.0 1.0
vn 0.0 0.0 1.0
vn 0.0 0.0 1.0
vn 0.0 0.0 1.0
vn 0.0 0.0 1.0
vn 0.0 0.0 1.0
vn 0.0 0.0 1.0
vn 0.0 0.0 1.0
vn 0.0 0.0 1.0
vn 0.0 0.0 1.0
vn 0.0 0.0 1.0
vn 0.0 0.0 1.0
vn 0.0 0.0 1.0
vn 0.0 0.0 1.0
vn 0.0 0.0 1.0
vn 0.0 0.0 1.0
vn 0.0 0.0 1.0
vn 0.0 0.0 1.0
vn 0.0 0.0 1.0
vn 0.0 0.0 1.0
vn 0.0 0.0 1.0
vn 0.0 0.0 1.0
vn 0.0 0.0 1.0
vn 0.0 0.0 1.0
vn 0.0 0.0 1.0
vn 0.0 0.0 1.0
vn 0.0 0.0 1.0
vn 0.0 0.0 1.0
vn 0.0 0.0 1.0
vn 0.0 0.0 1.0
vn 0.0 0.0 1.0
vn 0.0 0.0 1.0
vn 0.0 0.0 1.0
vn 0.0 0.0 1.0
vn 0.0 0.0 1.0
vn 0.0 0.0 1.0
vn 0.0 0.0 1.0
vn 0.0 0.0 1.0
vn 0.0 0.0 1.0
vn 0.0 0.0 1.0
vn 0.0 0.0 1.0
vn 0.0 0.0 1.0
vn 0.0 0.0 1.0
vn 0.0 0.0 1.0
vn 0.0 0.0 1.0
vn 0.0 0.0 1.0
vn 0.0 0.0 1.0
vn 0.0 0.0 1.0
vn 0.0 0.0 1.0
vn 0.0 0.0 1.0
vn 0.0 0.0 1.0
vn 0.0 0.0 1.0
vn 0.0 0.0 1.0
vn 0.0 0.0 1.0
vn 0.0 0.0 1.0
vn 0.0 0.0 1.0
vn 0.0 0.0 1.0
vn 0.0 0.0 1.0
vn 0.0 0.0 1.0
vn 0.0 0.0 1.0
vn 0.0 0.0 1.0
vn 0.0 0.0 1.0
vn 0.0 0.0 1.0
vn 0.0 0.0 1.0
vn 0.0 0.0 1.0
vn 0.0 0.0 1.0
vn 0.0 0.0 1.0
vn 0.0 0.0 1.0
vn 0.0 0.0 1.0
vn 0.0 0.0 1.0
vn 0.0 0.0 1.0
vn 0.0 0.0 1.0
vn 0.0 0.0 1.0
vn 0.0 0.0 1.0
vn 0.0 0.0 1.0
vn 0.0 0.0 1.0
vn 0.0 0.0 1.0
vn 0.0 0.0 1.0
vn 0.0 0.0 1.0
vn 0.0 0.0 1.0
vn 0.0 0.0 1.0
vn 0.0 0.0 1.0
vn 0.0 0.0 1.0
vn 0.0 0.0 1.0
vn 0.0 0.0 1.0
vn 0.0 0.0 1.0
vn 0.0 0.0 1.0
vn 0.0 0.0 1.0
vn 0.0 0.0 1.0
vn 0.0 0.0 1.0
vn 0.0 0.0 1.0
vn 0.0 0.0 1.0
vn 0.0 0.0 1.0
vn 0.0 0.0 1.0
vn 0.0 0.0 1.0
vn 0.0 0.0 1.0
vn 0.0 0.0 1.0
vn 0.0 0.0 1.0
vn 0.0 0.0 1.0
vn 0.0 0.0 1.0
vn 0.0 0.0 1.0
vn 0.0 0.0 1.0
vn 0.0 0.0 1.0
vn 0.0 0.0 1.0
vn 0.0 0.0 1.0
vn 0.0 0.0 1.0
vn 0.0 0.0 1.0
vn 0.0 0.0 1.0
vn 0.0 0.0 1.0
vn 0.0 0.0 1.0
vn 0.0 0.0 1.0
vn 0.0 0.0 1.0
vn 0.0 0.0 1.0
vn 0.0 0.0 1.0
vn 0.0 0.0 1.0
vn 0.0 0.0 1.0
vn 0.0 0.0 1.0
vn 0.0 0.0 1.0
vn 0.0 0.0 1.0
vn 0.0 0.0 1.0
vn 0.0 0.0 1.0
vn 0.0 0.0 1.0
vn 0.0 0.0 1.0
vn 0.0 0.0 1.0
vn 0.0 0.0 1.0
vn 0.0 0.0 1.0
vn 0.0 0.0 1.0
vn 0.0 0.0 1.0
vn 0.0 0.0 1.0
vn 0.0 0.0 1.0
vn 0.0 0.0 1.0
vn 0.0 0.0 1.0
vn 0.0 0.0 1.0
vn 0.0 0.0 1.0
vn 0.0 0.0 1.0
vn 0.0 0.0 1.0
vn 0.0 0.0 1.0
vn 0.0 0.0 1.0
vn 0.0 0.0 1.0
vn 0.0 0.0 1.0
vn 0.0 0.0 1.0
vn 0.0 0.0 1.0
vn 0.0 0.0 1.0
vn 0.0 0.0 1.0
vn 0.0 0.0 1.0
vn 0.0 0.0 1.0
vn 0.0 0.0 1.0
vn 0.0 0.0 1.0
vn 0.0 0.0 1.0
vn 0.0 0.0 1.0
vn 0.0 0.0 1.0
vn 0.0 0.0 1.0
vn 0.0 0.0 1.0
vn 0.0 0.0 1.0
vn 0.0 0.0 1.0
vn 0.0 0.0 1.0
vn 0.0 0.0 1.0
vn 0.0 0.0 1.0
vn 0.0 0.0 1.0
vn 0.0 0.0 1.0
vn 0.0 0.0 1.0
vn 0.0 0.0 1.0
vn 0.0 0.0 1.0
vn 0.0 0.0 1.0
vn 0.0 0.0 1.0
vn 0.0 0.0 1.0
vn 0.0 0.0 1.0
vn 0.0 0.0 1.0
vn 0.0 0.0 1.0
vn 0.0 0.0 1.0
vn 0.0 0.0 1.0
vn 0.0 0.0 1.0
vn 0.0 0.0 1.0
vn 0.0 0.0 1.0
vn 0.0 0.0 1.0
vn 0.0 0.0 1.0
vn 0.0 0.0 1.0
vn 0.0 0.0 1.0
vn 0.0 0.0 1.0
vn 0.0 0.0 1.0
vn 0.0 0.0 1.0
vn 0.0 0.0 1.0
vn 0.0 0.0 1.0
vn 0.0 0.0 1.0
vn 0.0 0.0 1.0
vn 0.0 0.0 1.0
vn 0.0 0.0 1.0
vn 0.0 0.0 1.0
vn 0.0 0.0 1.0
vn 0.0 0.0 1.0
vn 0.0 0.0 1.0
vn 0.0 0.0 1.0
vn 0.0 0.0 1.0
vn 0.0 0.0 1.0
vn 0.0 0.0 1.0
vn 0.0 0.0 1.0
vn 0.0 0.0 1.0
vn 0.0 0.0 1.0
vn 0.0 0.0 1.0
vn 0.0 0.0 1.0
vn 0.0 0.0 1.0
vn 0.0 0.0 1.0
vn 0.0 0.0 1.0
vn 0.0 0.0 1.0
vn 0.0 0.0 1.0
vn 0.0 0.0 1.0
vn 0.0 0.0 1.0
vn 0.0 0.0 1.0
vn 0.0 0.0 1.0
vn 0.0 0.0 1.0
vn 0.0 0.0 1.0
vn 0.0 0.0 1.0
vn 0.0 0.0 1.0
vn 0.0 0.0 1.0
vn 0.0 0.0 1.0
vn 0.0 0.0 1.0
vn 0.0 0.0 1.0
vn 0.0 0.0 1.0
vn 0.0 0.0 1.0
vn 0.0 0.0 1.0
vn 0.0 0.0 1.0
vn 0.0 0.0 1.0
vn 0.0 0.0 1.0
vn 0.0 0.0 1.0
vn 0.0 0.0 1.0
vn 0.0 0.0 1.0
vn 0.0 0.0 1.0
vn 0.0 0.0 1.0
vn 0.0 0.0 1.0
vn 0.0 0.0 1.0
vn 0.0 0.0 1.0
vn 0.0 0.0 1.0
vn 0.0 0.0 1.0
vn 0.0 0.0 1.0
vn 0.0 0.0 1.0
vn 0.0 0.0 1.0
vn 0.0 0.0 1.0
vn 0.0 0.0 1.0
vn 0.0 0.0 1.0
vn 0.0 0.0 1.0
vn 0.0 0.0 1.0
vn 0.0 0.0 1.0
vn 0.0 0.0 1.0
vn 0.0 0.0 1.0
vn 0.0 0.0 1.0
vn 0.0 0.0 1.0
vn 0.0 0.0 1.0
vn 0.0 0.0 1.0
vn 0.0 0.0 1.0
vn 0.0 0.0 1.0
vn 0.0 0.0 1.0
vn 0.0 0.0 1.0
vn 0.0 0.0 1.0
vn 0.0 0.0 1.0
vn 0.0 0.0 1.0
vn 0.0 0.0 1.0
vn 0.0 0.0 1.0
vn 0.0 0.0 1.0
vn 0.0 0.0 1.0
vn 0.0 0.0 1.0
vn 0.0 0.0 1.0
vn 0.0 0.0 1.0
vn 0.0 0.0 1.0
vn 0.0 0.0 1.0
vn 0.0 0.0 1.0
vn 0.0 0.0 1.0
vn 0.0 0.0 1.0
vn 0.0 0.0 1.0
vn 0.0 0.0 1.0
vn 0.0 0.0 1.0
vn 0.0 0.0 1.0
vn 0.0 0.0 1.0
vn 0.0 0.0 1.0
vn 0.0 0.0 1.0
vn 0.0 0.0 1.0
vn 0.0 0.0 1.0
vn 0.0 0.0 1.0
vn 0.0 0.0 1.0
vn 0.0 0.0 1.0
vn 0.0 0.0 1.0
vn 0.0 0.0 1.0
vn 0.0 0.0 1.0
vn 0.0 0.0 1.0
vn 0.0 0.0 1.0
vn 0.0 0.0 1.0
vn 0.0 0.0 1.0
vn 0.0 0.0 1.0
vn 0.0 0.0 1.0
vn 0.0 0.0 1.0
vn 0.0 0.0 1.0
vn 0.0 0.0 1.0
vn 0.0 0.0 1.0
vn 0.0 0.0 1.0
vn 0.0 0.0 1.0
vn 0.0 0.0 1.0
vn 0.0 0.0 1.0
vn 0.0 0.0 1.0
vn 0.0 0.0 1.0
vn 0.0 0.0 1.0
vn 0.0 0.0 1.0
vn 0.0 0.0 1.0
vn 0.0 0.0 1.0
vn 0.0 0.0 1.0
vn 0.0 0.0 1.0
vn 0.0 0.0 1.0
vn 0.0 0.0 1.0
vn 0.0 0.0 1.0
vn 0.0 0.0 1.0
vn 0.0 0.0 1.0
vn 0.0 0.0 1.0
vn 0.0 0.0 1.0
vn 0.0 0.0 1.0
vn 0.0 0.0 1.0
vn 0.0 0.0 1.0
vn 0.0 0.0 1.0
vn 0.0 0.0 1.0
vn 0.0 0.0 1.0
vn 0.0 0.0 1.0
vn 0.0 0.0 1.0
vn 0.0 0.0 1.0
vn 0.0 0.0 1.0
vn 0.0 0.0 1.0
vn 0.0 0.0 1.0
vn 0.0 0.0 1.0
vn 0.0 0.0 1.0
vn 0.0 0.0 1.0
vn 0.0 0.0 1.0
vn 0.0 0.0 1.0
vn 0.0 0.0 1.0
vn 0.0 0.0 1.0
vn 0.0 0.0 1.0
vn 0.0 0.0 1.0
vn 0.0 0.0 1.0
vn 0.0 0.0 1.0
vn 0.0 0.0 1.0
vn 0.0 0.0 1.0
vn 0.0 0.0 1.0
vn 0.0 0.0 1.0
vn 0.0 0.0 1.0
vn 0.0 0.0 1.0
vn 0.0 0.0 1.0
vn 0.0 0.0 1.0
vn 0.0 0.0 1.0
vn 0.0 0.0 1.0
vn 0.0 0.0 1.0
vn 0.0 0.0 1.0
vn 0.0 0.0 1.0
vn 0.0 0.0 1.0
vn 0.0 0.0 1.0
vn 0.0 0.0 1.0
vn 0.0 0.0 1.0
vn 0.0 0.0 1.0
vn 0.0 0.0 1.0
vn 0.0 0.0 1.0
vn 0.0 0.0 1.0
vn 0.0 0.0 1.0
vn 0.0 0.0 1.0
vn 0.0 0.0 1.0
vn 0.0 0.0 1.0
vn 0.0 0.0 1.0
vn 0.0 0.0 1.0
vn 0.0 0.0 1.0
vn 0.0 0.0 1.0
vn 0.0 0.0 1.0
vn 0.0 0.0 1.0
vn 0.0 0.0 1.0
vn 0.0 0.0 1.0
vn 0.0 0.0 1.0
vn 0.0 0.0 1.0
vn 0.0 0.0 1.0
vn 0.0 0.0 1.0
vn 0.0 0.0 1.0
vn 0.0 0.0 1.0
vn 0.0 0.0 1.0
vn 0.0 0.0 1.0
vn 0.0 0.0 1.0
vn 0.0 0.0 1.0
vn 0.0 0.0 1.0
vn 0.0 0.0 1.0
vn 0.0 0.0 1.0
vn 0.0 0.0 1.0
vn 0.0 0.0 1.0
vn 0.0 0.0 1.0
vn 0.0 0.0 1.0
vn 0.0 0.0 1.0
vn 0.0 0.0 1.0
vn 0.0 0.0 1.0
vn 0.0 0.0 1.0
vn 0.0 0.0 1.0
vn 0.0 0.0 1.0
vn 0.0 0.0 1.0
vn 0.0 0.0 1.0
vn 0.0 0.0 1.0
vn 0.0 0.0 1.0
vn 0.0 0.0 1.0
vn 0.0 0.0 1.0
vn 0.0 0.0 1.0
vn 0.0 0.0 1.0
vn 0.0 0.0 1.0
vn 0.0 0.0 1.0
vn 0.0 0.0 1.0
vn 0.0 0.0 1.0
vn 0.0 0.0 1.0
vn 0.0 0.0 1.0
vn 0.0 0.0 1.0
vn 0.0 0.0 1.0
vn 0.0 0.0 1.0
vn 0.0 0.0 1.0
vn 0.0 0.0 1.0
vn 0.0 0.0 1.0
vn 0.0 0.0 1.0
vn 0.0 0.0 1.0
vn 0.0 0.0 1.0
vn 0.0 0.0 1.0
vn 0.0 0.0 1.0
vn 0.0 0.0 1.0
vn 0.0 0.0 1.0
vn 0.0 0.0 1.0
vn 0.0 0.0 1.0
vn 0.0 0.0 1.0
vn 0.0 0.0 1.0
vn 0.0 0.0 1.0
vn 0.0 0.0 1.0
vn 0.0 0.0 1.0
vn 0.0 0.0 1.0
vn 0.0 0.0 1.0
vn 0.0 0.0 1.0
vn 0.0 0.0 1.0
vn 0.0 0.0 1.0
vn 0.0 0.0 1.0
vn 0.0 0.0 1.0
vn 0.0 0.0 1.0
vn 0.0 0.0 1.0
vn 0.0 0.0 1.0
vn 0.0 0.0 1.0
vn 0.0 0.0 1.0
vn 0.0 0.0 1.0
vn 0.0 0.0 1.0
vn 0.0 0.0 1.0
vn 0.0 0.0 1.0
vn 0.0 0.0 1.0
vn 0.0 0.0 1.0
vn 0.0 0.0 1.0
vn 0.0 0.0 1.0
vn 0.0 0.0 1.0
vn 0.0 0.0 1.0
vn 0.0 0.0 1.0
vn 0.0 0.0 1.0
vn 0.0 0.0 1.0
vn 0.0 0.0 1.0
vn 0.0 0.0 1.0
vn 0.0 0.0 1.0
vn 0.0 0.0 1.0
vn 0.0 0.0 1.0
vn 0.0 0.0 1.0
vn 0.0 0.0 1.0
vn 0.0 0.0 1.0
vn 0.0 0.0 1.0
vn 0.0 0.0 1.0
vn 0.0 0.0 1.0
vn 0.0 0.0 1.0
vn 0.0 0.0 1.0
vn 0.0 0.0 1.0
vn 0.0 0.0 1.0
vn 0.0 0.0 1.0
vn 0.0 0.0 1.0
vn 0.0 0.0 1.0
vn 0.0 0.0 1.0
vn 0.0 0.0 1.0
vn 0.0 0.0 1.0
vn 0.0 0.0 1.0
vn 0.0 0.0 1.0
vn 0.0 0.0 1.0
vn 0.0 0.0 1.0
vn 0.0 0.0 1.0
vn 0.0 0.0 1.0
vn 0.0 0.0 1.0
vn 0.0 0.0 1.0
vn 0.0 0.0 1.0
vn 0.0 0.0 1.0
vn 0.0 0.0 1.0
vn 0.0 0.0 1.0
vn 0.0 0.0 1.0
vn 0.0 0.0 1.0
vn 0.0 0.0 1.0
vn 0.0 0.0 1.0
vn 0.0 0.0 1.0
vn 0.0 0.0 1.0
vn 0.0 0.0 1.0
vn 0.0 0.0 1.0
vn 0.0 0.0 1.0
vn 0.0 0.0 1.0
vn 0.0 0.0 1.0
vn 0.0 0.0 1.0
vn 0.0 0.0 1.0
vn 0.0 0.0 1.0
vn 0.0 0.0 1.0
vn 0.0 0.0 1.0
vn 0.0 0.0 1.0
vn 0.0 0.0 1.0
vn 0.0 0.0 1.0
vn 0.0 0.0 1.0
vn 0.0 0.0 1.0
vn 0.0 0.0 1.0
vn 0.0 0.0 1.0
vn 0.0 0.0 1.0
vn 0.0 0.0 1.0
vn 0.0 0.0 1.0
vn 0.0 0.0 1.0
vn 0.0 0.0 1.0
vn 0.0 0.0 1.0
vn 0.0 0.0 1.0
vn 0.0 0.0 1.0
vn 0.0 0.0 1.0
vn 0.0 0.0 1.0
vn 0.0 0.0 1.0
vn 0.0 0.0 1.0
vn 0.0 0.0 1.0
vn 0.0 0.0 1.0
vn 0.0 0.0 1.0
vn 0.0 0.0 1.0
vn 0.0 0.0 1.0
vn 0.0 0.0 1.0
vn 0.0 0.0 1.0
vn 0.0 0.0 1.0
vn 0.0 0.0 1.0
vn 0.0 0.0 1.0
vn 0.0 0.0 1.0
vn 0.0 0.0 1.0
vn 0.0 0.0 1.0
vn 0.0 0.0 1.0
vn 0.0 0.0 1.0
vn 0.0 0.0 1.0
vn 0.0 0.0 1.0
vn 0.0 0.0 1.0
vn 0.0 0.0 1.0
vn 0.0 0.0 1.0
vn 0.0 0.0 1.0
vn 0.0 0.0 1.0
vn 0.0 0.0 1.0
vn 0.0 0.0 1.0
vn 0.0 0.0 1.0
vn 0.0 0.0 1.0
vn 0.0 0.0 1.0
vn 0.0 0.0 1.0
vn 0.0 0.0 1.0
vn 0.0 0.0 1.0
vn 0.0 0.0 1.0
vn 0.0 0.0 1.0
vn 0.0 0.0 1.0
vn 0.0 0.0 1.0
vn 0.0 0.0 1.0
vn 0.0 0.0 1.0
vn 0.0 0.0 1.0
vn 0.0 0.0 1.0
vn 0.0 0.0 1.0
vn 0.0 0.0 1.0
vn 0.0 0.0 1.0
vn 0.0 0.0 1.0
vn 0.0 0.0 1.0
vn 0.0 0.0 1.0
vn 0.0 0.0 1.0
vn 0.0 0.0 1.0
vn 0.0 0.0 1.0
vn 0.0 0.0 1.0
vn 0.0 0.0 1.0
vn 0.0 0.0 1.0
vn 0.0 0.0 1.0
vn 0.0 0.0 1.0
vn 0.0 0.0 1.0
vn 0.0 0.0 1.0
vn 0.0 0.0 1.0
vn 0.0 0.0 1.0
vn 0.0 0.0 1.0
vn 0.0 0.0 1.0
vn 0.0 0.0 1.0
vn 0.0 0.0 1.0
vn 0.0 0.0 1.0
vn 0.0 0.0 1.0
vn 0.0 0.0 1.0
vn 0.0 0.0 1.0
vn 0.0 0.0 1.0
vn 0.0 0.0 1.0
vn 0.0 0.0 1.0
vn 0.0 0.0 1.0
vn 0.0 0.0 1.0
vn 0.0 0.0 1.0
vn 0.0 0.0 1.0
vn 0.0 0.0 1.0
vn 0.0 0.0 1.0
vn 0.0 0.0 1.0
vn 0.0 0.0 1.0
vn 0.0 0.0 1.0
vn 0.0 0.0 1.0
vn 0.0 0.0 1.0
vn 0.0 0.0 1.0
vn 0.0 0.0 1.0
vn 0.0 0.0 1.0
vn 0.0 0.0 1.0
vn 0.0 0.0 1.0
vn 0.0 0.0 1.0
vn 0.0 0.0 1.0
vn 0.0 0.0 1.0
vn 0.0 0.0 1.0
vn 0.0 0.0 1.0
vn 0.0 0.0 1.0
vn 0.0 0.0 1.0
vn 0.0 0.0 1.0
vn 0.0 0.0 1.0
vn 0.0 0.0 1.0
vn 0.0 0.0 1.0
vn 0.0 0.0 1.0
vn 0.0 0.0 1.0
vn 0.0 0.0 1.0
vn 0.0 0.0 1.0
vn 0.0 0.0 1.0
vn 0.0 0.0 1.0
vn 0.0 0.0 1.0
vn 0.0 0.0 1.0
vn 0.0 0.0 1.0
vn 0.0 0.0 1.0
vn 0.0 0.0 1.0
vn 0.0 0.0 1.0
vn 0.0 0.0 1.0
vn 0.0 0.0 1.0
vn 0.0 0.0 1.0
vn 0.0 0.0 1.0
vn 0.0 0.0 1.0
vn 0.0 0.0 1.0
vn 0.0 0.0 1.0
vn 0.0 0.0 1.0
vn 0.0 0.0 1.0
vn 0.0 0.0 1.0
vn 0.0 0.0 1.0
vn 0.0 0.0 1.0
vn 0.0 0.0 1.0
vn 0.0 0.0 1.0
vn 0.0 0.0 1.0
vn 0.0 0.0 1.0
vn 0.0 0.0 1.0
vn 0.0 0.0 1.0
vn 0.0 0.0 1.0
vn 0.0 0.0 1.0
vn 0.0 0.0 1.0
vn 0.0 0.0 1.0
vn 0.0 0.0 1.0
vn 0.0 0.0 1.0
vn 0.0 0.0 1.0
vn 0.0 0.0 1.0
vn 0.0 0.0 1.0
vn 0.0 0.0 1.0
vn 0.0 0.0 1.0
vn 0.0 0.0 1.0
vn 0.0 0.0 1.0
vn 0.0 0.0 1.0
vn 0.0 0.0 1.0
vn 0.0 0.0 1.0
vn 0.0 0.0 1.0
vn 0.0 0.0 1.0
vn 0.0 0.0 1.0
vn 0.0 0.0 1.0
vn 0.0 0.0 1.0
vn 0.0 0.0 1.0
vn 0.0 0.0 1.0
vn 0.0 0.0 1.0
vn 0.0 0.0 1.0
vn 0.0 0.0 1.0
vn 0.0 0.0 1.0
vn 0.0 0.0 1.0
vn 0.0 0.0 1.0
vn 0.0 0.0 1.0
vn 0.0 0.0 1.0
vn 0.0 0.0 1.0
vn 0.0 0.0 1.0
vn 0.0 0.0 1.0
vn 0.0 0.0 1.0
vn 0.0 0.0 1.0
vn 0.0 0.0 1.0
vn 0.0 0.0 1.0
vn 0.0 0.0 1.0
vn 0.0 0.0 1.0
vn 0.0 0.0 1.0
vn 0.0 0.0 1.0
vn 0.0 0.0 1.0
vn 0.0 0.0 1.0
vn 0.0 0.0 1.0
vn 0.0 0.0 1.0
vn 0.0 0.0 1.0
vn 0.0 0.0 1.0
vn 0.0 0.0 1.0
vn 0.0 0.0 1.0
vn 0.0 0.0 1.0
vn 0.0 0.0 1.0
vn 0.0 0.0 1.0
vn 0.0 0.0 1.0
vn 0.0 0.0 1.0
vn 0.0 0.0 1.0
vn 0.0 0.0 1.0
vn 0.0 0.0 1.0
vn 0.0 0.0 1.0
vn 0.0 0.0 1.0
vn 0.0 0.0 1.0
vn 0.0 0.0 1.0
vn 0.0 0.0 1.0
vn 0.0 0.0 1.0
vn 0.0 0.0 1.0
vn 0.0 0.0 1.0
vn 0.0 0.0 1.0
vn 0.0 0.0 1.0
vn 0.0 0.0 1.0
vn 0.0 0.0 1.0
vn 0.0 0.0 1.0
vn 0.0 0.0 1.0
vn 0.0 0.0 1.0
vn 0.0 0.0 1.0
vn 0.0 0.0 1.0
vn 0.0 0.0 1.0
vn 0.0 0.0 1.0
vn 0.0 0.0 1.0
vn 0.0 0.0 1.0
vn 0.0 0.0 1.0
vn 0.0 0.0 1.0
vn 0.0 0.0 1.0
vn 0.0 0.0 1.0
vn 0.0 0.0 1.0
vn 0.0 0.0 1.0
vn 0.0 0.0 1.0
vn 0.0 0.0 1.0
vn 0.0 0.0 1.0
vn 0.0 0.0 1.0
vn 0.0 0.0 1.0
vn 0.0 0.0 1.0
vn 0.0 0.0 1.0
vn 0.0 0.0 1.0
vn 0.0 0.0 1.0
vn 0.0 0.0 1.0
vn 0.0 0.0 1.0
vn 0.0 0.0 1.0
vn 0.0 0.0 1.0
vn 0.0 0.0 1.0
vn 0.0 0.0 1.0
vn 0.0 0.0 1.0
vn 0.0 0.0 1.0
vn 0.0 0.0 1.0
vn 0.0 0.0 1.0
vn 0.0 0.0 1.0
vn 0.0 0.0 1.0
vn 0.0 0.0 1.0
vn 0.0 0.0 1.0
vn 0.0 0.0 1.0
vn 0.0 0.0 1.0
vn 0.0 0.0 1.0
vn 0.0 0.0 1.0
vn 0.0 0.0 1.0
vn 0.0 0.0 1.0
vn 0.0 0.0 1.0
vn 0.0 0.0 1.0
vn 0.0 0.0 1.0
vn 0.0 0.0 1.0
vn 0.0 0.0 1.0
vn 0.0 0.0 1.0
vn 0.0 0.0 1.0
vn 0.0 0.0 1.0
vn 0.0 0.0 1.0
vn 0.0 0.0 1.0
vn 0.0 0.0 1.0
vn 0.0 0.0 1.0
vn 0.0 0.0 1.0
vn 0.0 0.0 1.0
vn 0.0 0.0 1.0
vn 0.0 0.0 1.0
vn 0.0 0.0 1.0
vn 0.0 0.0 1.0
vn 0.0 0.0 1.0
vn 0.0 0.0 1.0
vn 0.0 0.0 1.0
vn 0.0 0.0 1.0
vn 0.0 0.0 1.0
vn 0.0 0.0 1.0
vn 0.0 0.0 1.0
vn 0.0 0.0 1.0
vn 0.0 0.0 1.0
vn 0.0 0.0 1.0
vn 0.0 0.0 1.0
vn 0.0 0.0 1.0
vn 0.0 0.0 1.0
vn 0.0 0.0 1.0
vn 0.0 0.0 1.0
vn 0.0 0.0 1.0
vn 0.0 0.0 1.0
vn 0.0 0.0 1.0
vn 0.0 0.0 1.0
vn 0.0 0.0 1.0
vn 0.0 0.0 1.0
vn 0.0 0.0 1.0
vn 0.0 0.0 1.0
vn 0.0 0.0 1.0
vn 0.0 0.0 1.0
vn 0.0 0.0 1.0
vn 0.0 0.0 1.0
vn 0.0 0.0 1.0
vn 0.0 0.0 1.0
vn 0.0 0.0 1.0
vn 0.0 0.0 1.0
vn 0.0 0.0 1.0
vn 0.0 0.0 1.0
vn 0.0 0.0 1.0
vn 0.0 0.0 1.0
vn 0.0 0.0 1.0
vn 0.0 0.0 1.0
vn 0.0 0.0 1.0
vn 0.0 0.0 1.0
vn 0.0 0.0 1.0
vn 0.0 0.0 1.0
vn 0.0 0.0 1.0
vn 0.0 0.0 1.0
vn 0.0 0.0 1.0
vn 0.0 0.0 1.0
vn 0.0 0.0 1.0
vn 0.0 0.0 1.0
vn 0.0 0.0 1.0
vn 0.0 0.0 1.0
vn 0.0 0.0 1.0
vn 0.0 0.0 1.0
vn 0.0 0.0 1.0
vn 0.0 0.0 1.0
vn 0.0 0.0 1.0
vn 0.0 0.0 1.0
vn 0.0 0.0 1.0
vn 0.0 0.0 1.0
vn 0.0 0.0 1.0
vn 0.0 0.0 1.0
vn 0.0 0.0 1.0
vn 0.0 0.0 1.0
vn 0.0 0.0 1.0
vn 0.0 0.0 1.0
vn 0.0 0.0 1.0
vn 0.0 0.0 1.0
vn 0.0 0.0 1.0
vn 0.0 0.0 1.0
vn 0.0 0.0 1.0
vn 0.0 0.0 1.0
vn 0.0 0.0 1.0
vn 0.0 0.0 1.0
vn 0.0 0.0 1.0
vn 0.0 0.0 1.0
vn 0.0 0.0 1.0
vn 0.0 0.0 1.0
vn 0.0 0.0 1.0
vn 0.0 0.0 1.0
vn 0.0 0.0 1.0
vn 0.0 0.0 1.0
vn 0.0 0.0 1.0
vn 0.0 0.0 1.0
vn 0.0 0.0 1.0
vn 0.0 0.0 1.0
vn 0.0 0.0 1.0
vn 0.0 0.0 1.0
vn 0.0 0.0 1.0
vn 0.0 0.0 1.0
vn 0.0 0.0 1.0
vn 0.0 0.0 1.0
vn 0.0 0.0 1.0
vn 0.0 0.0 1.0
vn 0.0 -0.0 1.0
vn 0.0 -0.0 1.0
vn 0.0 0.0 1.0
vn 0.0 0.0 1.0
vn 0.0 0.0 1.0
vn 0.0 0.0 1.0
vn 0.0 0.0 1.0
vn 0.0 0.0 1.0
vn 0.0 0.0 1.0
vn 0.0 0.0 1.0
vn 0.0 0.0 1.0
vn 0.0 0.0 1.0
vn 0.0 0.0 1.0
vn 0.0 0.0 1.0
vn 0.0 0.0 1.0
vn 0.0 0.0 1.0
vn 0.0 0.0 1.0
vn 0.0 0.0 1.0
vn 0.0 0.0 1.0
vn 0.0 0.0 1.0
vn 0.0 0.0 1.0
vn 0.0 0.0 1.0
vn 0.0 0.0 1.0
vn 0.0 0.0 1.0
vn 0.0 0.0 1.0
vn 0.0 0.0 1.0
vn 0.0 0.0 1.0
vn 0.0 0.0 1.0
vn 0.0 0.0 1.0
vn 0.0 0.0 1.0
vn 0.0 0.0 1.0
vn 0.0 0.0 1.0
vn 0.0 0.0 1.0
vn 0.0 0.0 1.0
vn 0.0 0.0 1.0
vn 0.0 0.0 1.0
vn 0.0 0.0 1.0
vn 0.0 0.0 1.0
vn 0.0 0.0 1.0
vn 0.0 0.0 1.0
vn 0.0 0.0 1.0
vn 0.0 0.0 1.0
vn 0.0 0.0 1.0
vn 0.0 0.0 1.0
vn 0.0 0.0 1.0
vn 0.0 0.0 1.0
vn 0.0 0.0 1.0
vn 0.0 0.0 1.0
vn 0.0 0.0 1.0
vn 0.0 0.0 1.0
vn 0.0 0.0 1.0
vn 0.0 0.0 1.0
vn 0.0 0.0 1.0
vn 0.0 0.0 1.0
vn 0.0 0.0 1.0
vn 0.0 0.0 1.0
vn 0.0 0.0 1.0
vn 0.0 0.0 1.0
vn 0.0 0.0 1.0
vn 0.0 0.0 1.0
vn 0.0 0.0 1.0
vn 0.0 0.0 1.0
vn 0.0 0.0 1.0
vn 0.0 0.0 1.0
vn 0.0 0.0 1.0
vn 0.0 0.0 1.0
vn 0.0 0.0 1.0
vn 0.0 0.0 1.0
vn 0.0 0.0 1.0
vn 0.0 0.0 1.0
vn 0.0 0.0 1.0
vn 0.0 0.0 1.0
vn 0.0 0.0 1.0
vn 0.0 0.0 1.0
vn 0.0 0.0 1.0
vn 0.0 0.0 1.0
vn 0.0 0.0 1.0
vn 0.0 0.0 1.0
vn 0.0 0.0 1.0
vn 0.0 0.0 1.0
vn 0.0 0.0 1.0
vn 0.0 0.0 1.0
vn 0.0 0.0 1.0
vn 0.0 0.0 1.0
vn 0.0 0.0 1.0
vn 0.0 0.0 1.0
vn 0.0 0.0 1.0
vn 0.0 0.0 1.0
vn 0.0 0.0 1.0
vn 0.0 0.0 1.0
vn 0.0 0.0 1.0
vn 0.0 0.0 1.0
vn 0.0 0.0 1.0
vn 0.0 0.0 1.0
vn 0.0 0.0 1.0
vn 0.0 0.0 1.0
vn 0.0 0.0 1.0
vn 0.0 0.0 1.0
vn 0.0 0.0 1.0
vn 0.0 0.0 1.0
vn 0.0 0.0 1.0
vn 0.0 0.0 1.0
vn 0.0 0.0 1.0
vn 0.0 0.0 1.0
vn 0.0 0.0 1.0
vn 0.0 0.0 1.0
vn 0.0 0.0 1.0
vn 0.0 0.0 1.0
vn 0.0 0.0 1.0
vn 0.0 0.0 1.0
vn 0.0 0.0 1.0
vn 0.0 0.0 1.0
vn 0.0 0.0 1.0
vn 0.0 0.0 1.0
vn 0.0 0.0 1.0
vn 0.0 0.0 1.0
vn 0.0 0.0 1.0
vn 0.0 0.0 1.0
vn 0.0 0.0 1.0
vn 0.0 0.0 1.0
vn 0.0 0.0 1.0
vn 0.0 0.0 1.0
vn 0.0 0.0 1.0
vn 0.0 0.0 1.0
vn 0.0 0.0 1.0
vn 0.0 0.0 1.0
vn 0.0 0.0 1.0
vn 0.0 0.0 1.0
vn 0.0 0.0 1.0
vn 0.0 0.0 1.0
vn 0.0 0.0 1.0
vn 0.0 0.0 1.0
vn 0.0 0.0 1.0
vn 0.0 0.0 1.0
vn 0.0 0.0 1.0
vn 0.0 0.0 1.0
vn 0.0 0.0 1.0
vn 0.0 0.0 1.0
vn 0.0 0.0 1.0
vn 0.0 0.0 1.0
vn 0.0 0.0 1.0
vn 0.0 -0.707107 -0.707107
vn 0.0 -0.707107 -0.707107
vn 0.0 0.0 1.0
vn 0.0 0.0 1.0
vn 0.0 0.0 1.0
vn 0.0 0.0 1.0
vn 0.0 0.0 1.0
vn 0.0 0.0 1.0
vn 0.0 0.0 1.0
vn 0.0 0.0 1.0
vn 0.0 0.0 1.0
vn 0.0 0.0 1.0
vn 0.0 0.0 1.0
vn 0.0 0.0 1.0
vn 0.0 0.0 1.0
vn 0.0 0.0 1.0
vn 0.0 0.0 1.0
vn 0.0 0.0 1.0
vn 0.0 0.0 1.0
vn 0.0 0.0 1.0
vn 0.0 0.0 1.0
vn 0.0 0.0 1.0
vn 0.0 0.0 1.0
vn 0.0 0.0 1.0
vn 0.0 0.0 1.0
vn 0.0 0.0 1.0
vn 0.0 0.0 1.0
vn 0.0 0.0 1.0
vn 0.0 0.0 1.0
vn 0.0 0.0 1.0
vn 0.0 0.0 1.0
vn 0.0 0.0 1.0
vn 0.0 0.0 1.0
vn 0.0 0.0 1.0
vn 0.0 0.0 1.0
vn 0.0 0.0 1.0
vn 0.0 0.0 1.0
vn 0.0 0.0 1.0
vn 0.0 0.0 1.0
vn 0.0 0.0 1.0
vn 0.0 0.0 1.0
vn 0.0 0.0 1.0
vn 0.0 0.0 1.0
vn 0.0 0.0 1.0
vn 0.0 0.0 1.0
vn 0.0 0.0 1.0
vn 0.0 0.0 1.0
vn 0.0 0.0 1.0
vn 0.0 0.0 1.0
vn 0.0 0.0 1.0
vn 0.0 0.0 1.0
vn 0.0 0.0 1.0
vn 0.0 0.0 1.0
vn 0.0 0.0 1.0
vn 0.0 0.0 1.0
vn 0.0 0.0 1.0
vn 0.0 0.0 1.0
vn 0.0 0.0 1.0
vn 0.0 0.0 1.0
vn 0.0 0.0 1.0
vn 0.0 0.0 1.0
vn 0.0 0.0 1.0
vn 0.0 0.0 1.0
vn 0.0 0.0 1.0
vn 0.0 0.0 1.0
vn 0.0 0.0 1.0
vn 0.0 0.0 1.0
vn 0.0 0.0 1.0
vn 0.0 0.0 1.0
vn 0.0 0.0 1.0
vn 0.0 0.0 1.0
vn 0.0 0.0 1.0
vn 0.0 0.0 1.0
vn 0.0 0.0 1.0
vn 0.0 0.0 1.0
vn 0.0 0.0 1.0
vn 0.0 0.0 1.0
vn 0.0 0.0 1.0
vn 0.0 0.0 1.0
vn 0.0 0.0 1.0
vn 0.0 0.0 1.0
vn 0.0 0.0 1.0
vn 0.0 0.0 1.0
vn 0.0 0.0 1.0
vn 0.0 0.0 1.0
vn 0.0 0.0 1.0
vn 0.0 0.0 1.0
vn 0.0 0.0 1.0
vn 0.0 0.0 1.0
vn 0.0 0.0 1.0
vn 0.0 0.0 1.0
vn 0.0 0.0 1.0
vn 0.0 0.0 1.0
vn 0.0 0.0 1.0
vn 0.0 0.0 1.0
vn 0.0 0.0 1.0
vn 0.0 0.0 1.0
vn 0.0 0.0 1.0
vn 0.0 0.0 1.0
vn 0.0 0.0 1.0
vn 0.0 0.0 1.0
vn 0.0 0.0 1.0
vn 0.0 0.0 1.0
vn 0.0 0.0 1.0
vn 0.0 0.0 1.0
vn 0.0 0.0 1.0
vn 0.0 0.0 1.0
vn 0.0 0.0 1.0
vn 0.0 0.0 1.0
vn 0.0 0.0 1.0
vn 0.0 0.0 1.0
vn 0.0 0.0 1.0
vn 0.0 0.0 1.0
vn 0.0 0.0 1.0
vn 0.0 0.0 1.0
vn 0.0 0.0 1.0
vn 0.0 0.0 1.0
vn 0.0 0.0 1.0
vn 0.0 0.0 1.0
vn 0.0 0.0 1.0
vn 0.0 0.0 1.0
vn 0.0 0.0 1.0
vn 0.0 0.0 1.0
vn 0.0 0.0 1.0
vn 0.0 0.0 1.0
vn 0.0 0.0 1.0
vn 0.0 0.0 1.0
vn 0.0 0.0 1.0
vn 0.0 0.0 1.0
vn 0.0 0.0 1.0
vn 0.0 0.0 1.0
vn 0.0 0.0 1.0
vn 0.0 -0.707107 -0.707107
vn 0.0 -0.707107 -0.707107
vn 0.0 1.0 0.0
vn 0.0 1.0 0.0
vn 0.0 0.0 1.0
vn -0.0 0.0 1.0
vn 0.0 0.0 1.0
vn 0.0 0.0 1.0
vn 0.0 0.0 1.0
vn -0.0 0.0 1.0
vn 0.0 0.0 1.0
vn 0.0 0.0 1.0
vn 0.0 0.0 1.0
vn -0.0 0.0 1.0
vn 0.0 -1.0 0.0
vn 0.0 -1.0 0.0
vn 0.0 -1.0 0.0
vn 0.0 -1.0 0.0
vn 0.0 0.0 1.0
vn -0.0 0.0 1.0
vn 0.0 0.0 -1.0
vn 0.0 0.0 -1.0
vn 0.0 1.0 0.0
vn 0.0 1.0 0.0
vn -0.99969 -0.02489 0.0
vn -0.99969 -0.02489 0.0
vn -0.997201 -0.074772 0.0
vn -0.992239 -0.124348 0.0
vn -0.997201 -0.074772 0.0
vn -0.992239 -0.124348 0.0
vn -0.984813 -0.173618 0.0
vn -0.974915 -0.222578 0.0
vn -0.984813 -0.173618 0.0
vn -0.962627 -0.270832 0.0
vn -0.974915 -0.222578 0.0
vn -0.962627 -0.270832 0.0
vn -0.947932 -0.318472 0.0
vn -0.947932 -0.318472 0.0
vn -0.930891 -0.365297 0.0
vn -0.911502 -0.411295 0.0
vn -0.930891 -0.365297 0.0
vn -0.911502 -0.411295 0.0
vn -0.889843 -0.456266 0.0
vn -0.889843 -0.456266 0.0
vn -0.86605 -0.499957 0.0
vn -0.86605 -0.499957 0.0
vn -0.840011 -0.542569 0.0
vn -0.840011 -0.542569 0.0
vn -0.811962 -0.583711 0.0
vn -0.811962 -0.583711 0.0
vn -0.781791 -0.623541 0.0
vn -0.781791 -0.623541 0.0
vn -0.749811 -0.661653 0.0
vn -0.749811 -0.661653 0.0
vn -0.715863 -0.698241 0.0
vn -0.715863 -0.698241 0.0
vn -0.680161 -0.733063 0.0
vn -0.680161 -0.733063 0.0
vn -0.642793 -0.76604 0.0
vn -0.642793 -0.76604 0.0
vn -0.6038 -0.797136 0.0
vn -0.6038 -0.797136 0.0
vn -0.563332 -0.826231 0.0
vn -0.521431 -0.853293 0.0
vn -0.563332 -0.826231 0.0
vn -0.521431 -0.853293 0.0
vn -0.47825 -0.878224 0.0
vn -0.433893 -0.900965 0.0
vn -0.47825 -0.878224 0.0
vn -0.433893 -0.900965 0.0
vn -0.388435 -0.921476 0.0
vn -0.342018 -0.939693 0.0
vn -0.388435 -0.921476 0.0
vn -0.342018 -0.939693 0.0
vn -0.294756 -0.955573 0.0
vn -0.294756 -0.955573 0.0
vn -0.246758 -0.969077 0.0
vn -0.19814 -0.980174 0.0
vn -0.246758 -0.969077 0.0
vn -0.149049 -0.98883 0.0
vn -0.19814 -0.980174 0.0
vn -0.149049 -0.98883 0.0
vn -0.099566 -0.995031 0.0
vn -0.049843 -0.998757 0.0
vn -0.099566 -0.995031 0.0
vn -0.049843 -0.998757 0.0
vn 0.0 -1.0 0.0
vn 0.049843 -0.998757 0.0
vn 0.0 -1.0 0.0
vn 0.049843 -0.998757 0.0
vn 0.099566 -0.995031 0.0
vn 0.149049 -0.98883 0.0
vn 0.099566 -0.995031 0.0
vn 0.149049 -0.98883 0.0
vn 0.19814 -0.980174 0.0
vn 0.19814 -0.980174 0.0
vn 0.246758 -0.969077 0.0
vn 0.246758 -0.969077 0.0
vn 0.294756 -0.955573 0.0
vn 0.294756 -0.955573 0.0
vn 0.342018 -0.939693 0.0
vn 0.342018 -0.939693 0.0
vn 0.388435 -0.921476 0.0
vn 0.388435 -0.921476 0.0
vn 0.433893 -0.900965 0.0
vn 0.433893 -0.900965 0.0
vn 0.47825 -0.878224 0.0
vn 0.47825 -0.878224 0.0
vn 0.521431 -0.853293 0.0
vn 0.521431 -0.853293 0.0
vn 0.563332 -0.826231 0.0
vn 0.563332 -0.826231 0.0
vn 0.6038 -0.797136 0.0
vn 0.6038 -0.797136 0.0
vn 0.642793 -0.76604 0.0
vn 0.642793 -0.76604 0.0
vn 0.680161 -0.733063 0.0
vn 0.680161 -0.733063 0.0
vn 0.715863 -0.698241 0.0
vn 0.715863 -0.698241 0.0
vn 0.749785 -0.661681 0.0
vn 0.749785 -0.661681 0.0
vn 0.781841 -0.623478 0.0
vn 0.781841 -0.623478 0.0
vn 0.811938 -0.583744 0.0
vn 0.811938 -0.583744 0.0
vn 0.840011 -0.542569 0.0
vn 0.840011 -0.542569 0.0
vn 0.866028 -0.499995 0.0
vn 0.866028 -0.499995 0.0
vn 0.889885 -0.456186 0.0
vn 0.889885 -0.456186 0.0
vn 0.911502 -0.411295 0.0
vn 0.911502 -0.411295 0.0
vn 0.930874 -0.365341 0.0
vn 0.930874 -0.365341 0.0
vn 0.947917 -0.318518 0.0
vn 0.947917 -0.318518 0.0
vn 0.962627 -0.270832 0.0
vn 0.962627 -0.270832 0.0
vn 0.974926 -0.22253 0.0
vn 0.974926 -0.22253 0.0
vn 0.984813 -0.173618 0.0
vn 0.984813 -0.173618 0.0
vn 0.992239 -0.124348 0.0
vn 0.992239 -0.124348 0.0
vn 0.997204 -0.074721 0.0
vn 0.997204 -0.074721 0.0
vn 0.999689 -0.024941 0.0
vn 0.999689 -0.024941 0.0
vn 0.999689 0.024941 0.0
vn 0.999689 0.024941 -0.0
vn 0.997204 0.074721 0.0
vn 0.997204 0.074721 -0.0
vn 0.992239 0.124348 0.0
vn 0.992239 0.124348 -0.0
vn 0.984813 0.173618 0.0
vn 0.984813 0.173618 -0.0
vn 0.974926 0.22253 0.0
vn 0.974926 0.22253 -0.0
vn 0.962627 0.270832 0.0
vn 0.962627 0.270832 -0.0
vn 0.947917 0.318518 0.0
vn 0.947917 0.318518 -0.0
vn 0.930874 0.365341 0.0
vn 0.930874 0.365341 -0.0
vn 0.911502 0.411295 0.0
vn 0.911502 0.411295 -0.0
vn 0.889885 0.456186 0.0
vn 0.889885 0.456186 -0.0
vn 0.866028 0.499995 0.0
vn 0.866028 0.499995 -0.0
vn 0.840011 0.542569 0.0
vn 0.840011 0.542569 -0.0
vn 0.811938 0.583744 0.0
vn 0.811938 0.583744 -0.0
vn 0.781841 0.623478 0.0
vn 0.781841 0.623478 -0.0
vn 0.749785 0.661681 0.0
vn 0.749785 0.661681 -0.0
vn 0.715863 0.698241 0.0
vn 0.715863 0.698241 -0.0
vn 0.680161 0.733063 0.0
vn 0.680161 0.733063 -0.0
vn 0.642793 0.76604 0.0
vn 0.642793 0.76604 -0.0
vn 0.6038 0.797136 0.0
vn 0.6038 0.797136 -0.0
vn 0.563332 0.826231 -0.0
vn 0.563332 0.826231 0.0
vn 0.521431 0.853293 -0.0
vn 0.521431 0.853293 0.0
vn 0.47825 0.878224 -0.0
vn 0.47825 0.878224 0.0
vn 0.433893 0.900965 -0.0
vn 0.433893 0.900965 0.0
vn 0.388435 0.921476 -0.0
vn 0.388435 0.921476 0.0
vn 0.342018 0.939693 0.0
vn 0.342018 0.939693 -0.0
vn 0.294756 0.955573 0.0
vn 0.294756 0.955573 -0.0
vn 0.246758 0.969077 0.0
vn 0.246758 0.969077 -0.0
vn 0.19814 0.980174 0.0
vn 0.19814 0.980174 -0.0
vn 0.149049 0.98883 0.0
vn 0.149049 0.98883 -0.0
vn 0.099566 0.995031 0.0
vn 0.099566 0.995031 -0.0
vn 0.049843 0.998757 -0.0
vn 0.049843 0.998757 -0.0
vn 0.0 1.0 0.0
vn 0.0 1.0 -0.0
vn -0.049843 0.998757 0.0
vn -0.049843 0.998757 0.0
vn -0.099566 0.995031 0.0
vn -0.099566 0.995031 0.0
vn -0.149049 0.98883 0.0
vn -0.149049 0.98883 0.0
vn -0.246758 0.969077 0.0
vn -0.19814 0.980174 0.0
vn -0.19814 0.980174 0.0
vn -0.246758 0.969077 0.0
vn -0.294756 0.955573 0.0
vn -0.294756 0.955573 0.0
vn -0.342018 0.939693 0.0
vn -0.342018 0.939693 0.0
vn -0.388435 0.921476 0.0
vn -0.433893 0.900965 0.0
vn -0.388435 0.921476 0.0
vn -0.433893 0.900965 0.0
vn -0.47825 0.878224 0.0
vn -0.47825 0.878224 0.0
vn -0.521431 0.853293 0.0
vn -0.521431 0.853293 0.0
vn -0.563332 0.826231 0.0
vn -0.6038 0.797136 0.0
vn -0.563332 0.826231 0.0
vn -0.6038 0.797136 0.0
vn -0.642793 0.76604 0.0
vn -0.680161 0.733063 0.0
vn -0.642793 0.76604 0.0
vn -0.680161 0.733063 0.0
vn -0.715863 0.698241 0.0
vn -0.715863 0.698241 0.0
vn -0.749811 0.661653 0.0
vn -0.749811 0.661653 0.0
vn -0.781791 0.623541 0.0
vn -0.781791 0.623541 0.0
vn -0.811962 0.583711 0.0
vn -0.811962 0.583711 0.0
vn -0.840011 0.542569 0.0
vn -0.840011 0.542569 0.0
vn -0.86605 0.499957 0.0
vn -0.86605 0.499957 0.0
vn -0.889843 0.456266 0.0
vn -0.889843 0.456266 0.0
vn -0.911502 0.411295 0.0
vn -0.911502 0.411295 0.0
vn -0.930891 0.365297 0.0
vn -0.930891 0.365297 0.0
vn -0.947932 0.318472 0.0
vn -0.947932 0.318472 0.0
vn -0.962627 0.270832 0.0
vn -0.962627 0.270832 0.0
vn -0.974915 0.222578 0.0
vn -0.974915 0.222578 0.0
vn -0.984813 0.173618 0.0
vn -0.984813 0.173618 0.0
vn -0.992239 0.124348 0.0
vn -0.992239 0.124348 0.0
vn -0.997201 0.074772 0.0
vn -0.997201 0.074772 0.0
vn -0.99969 0.02489 0.0
vn -0.99969 0.02489 0.0
vn -0.999689 -0.024928 0.0
vn -0.999689 -0.024928 0.0
vn -0.997203 -0.074734 0.0
vn -0.992239 -0.124342 0.0
vn -0.997203 -0.074734 0.0
vn -0.992239 -0.124342 0.0
vn -0.984808 -0.173649 0.0
vn -0.974929 -0.222518 0.0
vn -0.984808 -0.173649 0.0
vn -0.962623 -0.270844 0.0
vn -0.974929 -0.222518 0.0
vn -0.962623 -0.270844 0.0
vn -0.947926 -0.31849 0.0
vn -0.947926 -0.31849 0.0
vn -0.930876 -0.365336 0.0
vn -0.911505 -0.41129 0.0
vn -0.930876 -0.365336 0.0
vn -0.911505 -0.41129 0.0
vn -0.889872 -0.456211 0.0
vn -0.889872 -0.456211 0.0
vn -0.866025 -0.5 0.0
vn -0.866025 -0.5 0.0
vn -0.840026 -0.542546 0.0
vn -0.840026 -0.542546 0.0
vn -0.811938 -0.583744 0.0
vn -0.811938 -0.583744 0.0
vn -0.781831 -0.62349 0.0
vn -0.781831 -0.62349 0.0
vn -0.749782 -0.661685 0.0
vn -0.749782 -0.661685 0.0
vn -0.715866 -0.698238 0.0
vn -0.715866 -0.698238 0.0
vn -0.680175 -0.73305 0.0
vn -0.680175 -0.73305 0.0
vn -0.642787 -0.766045 0.0
vn -0.642787 -0.766045 0.0
vn -0.603805 -0.797132 0.0
vn -0.603805 -0.797132 0.0
vn -0.56332 -0.826239 0.0
vn -0.521434 -0.853292 0.0
vn -0.56332 -0.826239 0.0
vn -0.521434 -0.853292 0.0
vn -0.478257 -0.87822 0.0
vn -0.43388 -0.900971 0.0
vn -0.478257 -0.87822 0.0
vn -0.43388 -0.900971 0.0
vn -0.388439 -0.921474 0.0
vn -0.34202 -0.939692 0.0
vn -0.388439 -0.921474 0.0
vn -0.34202 -0.939692 0.0
vn -0.294752 -0.955574 0.0
vn -0.294752 -0.955574 0.0
vn -0.246758 -0.969077 0.0
vn -0.198144 -0.980173 0.0
vn -0.246758 -0.969077 0.0
vn -0.149046 -0.98883 0.0
vn -0.198144 -0.980173 0.0
vn -0.149046 -0.98883 0.0
vn -0.099566 -0.995031 0.0
vn -0.049844 -0.998757 0.0
vn -0.099566 -0.995031 0.0
vn -0.049844 -0.998757 0.0
vn 0.0 -1.0 0.0
vn 0.049844 -0.998757 0.0
vn 0.0 -1.0 0.0
vn 0.049844 -0.998757 0.0
vn 0.099566 -0.995031 0.0
vn 0.149046 -0.98883 0.0
vn 0.099566 -0.995031 0.0
vn 0.149046 -0.98883 0.0
vn 0.198144 -0.980173 0.0
vn 0.198144 -0.980173 0.0
vn 0.246758 -0.969077 0.0
vn 0.246758 -0.969077 0.0
vn 0.294752 -0.955574 0.0
vn 0.294752 -0.955574 0.0
vn 0.34202 -0.939692 0.0
vn 0.34202 -0.939692 0.0
vn 0.388439 -0.921474 0.0
vn 0.388439 -0.921474 0.0
vn 0.43388 -0.900971 0.0
vn 0.43388 -0.900971 0.0
vn 0.478257 -0.87822 0.0
vn 0.478257 -0.87822 0.0
vn 0.521434 -0.853292 0.0
vn 0.521434 -0.853292 0.0
vn 0.56332 -0.826239 0.0
vn 0.56332 -0.826239 0.0
vn 0.603805 -0.797132 0.0
vn 0.603805 -0.797132 0.0
vn 0.642787 -0.766045 0.0
vn 0.642787 -0.766045 0.0
vn 0.680175 -0.73305 0.0
vn 0.680175 -0.73305 0.0
vn 0.715867 -0.698237 0.0
vn 0.715867 -0.698237 0.0
vn 0.74978 -0.661688 0.0
vn 0.74978 -0.661688 0.0
vn 0.781833 -0.623488 0.0
vn 0.781833 -0.623488 0.0
vn 0.811936 -0.583746 0.0
vn 0.811936 -0.583746 0.0
vn 0.840027 -0.542544 0.0
vn 0.840027 -0.542544 0.0
vn 0.866025 -0.500001 0.0
vn 0.866025 -0.500001 0.0
vn 0.889872 -0.45621 0.0
vn 0.889872 -0.45621 0.0
vn 0.911506 -0.411287 0.0
vn 0.911506 -0.411287 0.0
vn 0.930874 -0.365341 0.0
vn 0.930874 -0.365341 0.0
vn 0.947927 -0.318488 0.0
vn 0.947927 -0.318488 0.0
vn 0.962625 -0.270839 0.0
vn 0.962625 -0.270839 0.0
vn 0.974928 -0.222521 0.0
vn 0.974928 -0.222521 0.0
vn 0.984808 -0.173647 0.0
vn 0.984808 -0.173647 0.0
vn 0.992239 -0.124345 0.0
vn 0.992239 -0.124345 0.0
vn 0.997204 -0.074729 0.0
vn 0.997204 -0.074729 0.0
vn 0.999689 -0.024931 0.0
vn 0.999689 -0.024931 0.0
vn 0.999689 0.024931 0.0
vn 0.999689 0.024931 -0.0
vn 0.997204 0.074729 0.0
vn 0.997204 0.074729 -0.0
vn 0.992239 0.124345 0.0
vn 0.992239 0.124345 -0.0
vn 0.984808 0.173647 0.0
vn 0.984808 0.173647 -0.0
vn 0.974928 0.222521 0.0
vn 0.974928 0.222521 -0.0
vn 0.962625 0.270839 0.0
vn 0.962625 0.270839 -0.0
vn 0.947927 0.318488 0.0
vn 0.947927 0.318488 -0.0
vn 0.930874 0.365341 0.0
vn 0.930874 0.365341 -0.0
vn 0.911506 0.411287 0.0
vn 0.911506 0.411287 -0.0
vn 0.889872 0.45621 0.0
vn 0.889872 0.45621 -0.0
vn 0.866025 0.500001 0.0
vn 0.866025 0.500001 -0.0
vn 0.840027 0.542544 0.0
vn 0.840027 0.542544 -0.0
vn 0.811936 0.583746 0.0
vn 0.811936 0.583746 -0.0
vn 0.781833 0.623488 0.0
vn 0.781833 0.623488 -0.0
vn 0.74978 0.661688 0.0
vn 0.74978 0.661688 -0.0
vn 0.715867 0.698237 0.0
vn 0.715867 0.698237 -0.0
vn 0.680175 0.73305 0.0
vn 0.680175 0.73305 -0.0
vn 0.642787 0.766045 0.0
vn 0.642787 0.766045 -0.0
vn 0.603805 0.797132 0.0
vn 0.603805 0.797132 -0.0
vn 0.56332 0.826239 -0.0
vn 0.56332 0.826239 0.0
vn 0.521434 0.853292 -0.0
vn 0.521434 0.853292 0.0
vn 0.478257 0.87822 -0.0
vn 0.478257 0.87822 0.0
vn 0.43388 0.900971 -0.0
vn 0.43388 0.900971 0.0
vn 0.388439 0.921474 -0.0
vn 0.388439 0.921474 0.0
vn 0.34202 0.939692 0.0
vn 0.34202 0.939692 -0.0
vn 0.294752 0.955574 0.0
vn 0.294752 0.955574 -0.0
vn 0.246758 0.969077 0.0
vn 0.246758 0.969077 -0.0
vn 0.198144 0.980173 0.0
vn 0.198144 0.980173 -0.0
vn 0.149046 0.98883 0.0
vn 0.149046 0.98883 -0.0
vn 0.099566 0.995031 0.0
vn 0.099566 0.995031 -0.0
vn 0.049844 0.998757 -0.0
vn 0.049844 0.998757 -0.0
vn 0.0 1.0 0.0
vn 0.0 1.0 -0.0
vn -0.049844 0.998757 0.0
vn -0.049844 0.998757 0.0
vn -0.099566 0.995031 0.0
vn -0.099566 0.995031 0.0
vn -0.149046 0.98883 0.0
vn -0.149046 0.98883 0.0
vn -0.246758 0.969077 0.0
vn -0.198144 0.980173 0.0
vn -0.198144 0.980173 0.0
vn -0.246758 0.969077 0.0
vn -0.294752 0.955574 0.0
vn -0.294752 0.955574 0.0
vn -0.34202 0.939692 0.0
vn -0.34202 0.939692 0.0
vn -0.388439 0.921474 0.0
vn -0.43388 0.900971 0.0
vn -0.388439 0.921474 0.0
vn -0.43388 0.900971 0.0
vn -0.478257 0.87822 0.0
vn -0.478257 0.87822 0.0
vn -0.521434 0.853292 0.0
vn -0.521434 0.853292 0.0
vn -0.56332 0.826239 0.0
vn -0.603805 0.797132 0.0
vn -0.56332 0.826239 0.0
vn -0.603805 0.797132 0.0
vn -0.642787 0.766045 0.0
vn -0.680175 0.73305 0.0
vn -0.642787 0.766045 0.0
vn -0.680175 0.73305 0.0
vn -0.715866 0.698238 0.0
vn -0.715866 0.698238 0.0
vn -0.749782 0.661685 0.0
vn -0.749782 0.661685 0.0
vn -0.781831 0.62349 0.0
vn -0.781831 0.62349 0.0
vn -0.811938 0.583744 0.0
vn -0.811938 0.583744 0.0
vn -0.840026 0.542546 0.0
vn -0.840026 0.542546 0.0
vn -0.866025 0.5 0.0
vn -0.866025 0.5 0.0
vn -0.889872 0.456211 0.0
vn -0.889872 0.456211 0.0
vn -0.911505 0.41129 0.0
vn -0.911505 0.41129 0.0
vn -0.930876 0.365336 0.0
vn -0.930876 0.365336 0.0
vn -0.947926 0.31849 0.0
vn -0.947926 0.31849 0.0
vn -0.962623 0.270844 0.0
vn -0.962623 0.270844 0.0
vn -0.974929 0.222518 0.0
vn -0.974929 0.222518 0.0
vn -0.984808 0.173649 0.0
vn -0.984808 0.173649 0.0
vn -0.992239 0.124342 0.0
vn -0.992239 0.124342 0.0
vn -0.997203 0.074734 0.0
vn -0.997203 0.074734 0.0
vn -0.999689 0.024928 0.0
vn -0.999689 0.024928 0.0
vn 0.999689 0.024928 0.0
vn 0.999689 0.024928 0.0
vn 0.997203 0.074734 0.0
vn 0.992239 0.124342 0.0
vn 0.997203 0.074734 0.0
vn 0.992239 0.124342 0.0
vn 0.984808 0.173649 0.0
vn 0.974929 0.222518 0.0
vn 0.984808 0.173649 0.0
vn 0.962623 0.270844 0.0
vn 0.974929 0.222518 0.0
vn 0.962623 0.270844 0.0
vn 0.947926 0.31849 0.0
vn 0.947926 0.31849 0.0
vn 0.930876 0.365336 0.0
vn 0.911505 0.41129 0.0
vn 0.930876 0.365336 0.0
vn 0.911505 0.41129 0.0
vn 0.88987 0.456213 0.0
vn 0.88987 0.456213 0.0
vn 0.866028 0.499995 0.0
vn 0.866028 0.499995 0.0
vn 0.840024 0.542549 0.0
vn 0.840024 0.542549 0.0
vn 0.811938 0.583744 0.0
vn 0.811938 0.583744 0.0
vn 0.781829 0.623493 0.0
vn 0.781829 0.623493 0.0
vn 0.749785 0.661682 0.0
vn 0.749785 0.661682 0.0
vn 0.715866 0.698238 0.0
vn 0.715866 0.698238 0.0
vn 0.680176 0.733048 0.0
vn 0.680176 0.733048 0.0
vn 0.642788 0.766044 0.0
vn 0.642788 0.766044 0.0
vn 0.603802 0.797134 0.0
vn 0.603802 0.797134 0.0
vn 0.563324 0.826236 0.0
vn 0.563324 0.826236 0.0
vn 0.521429 0.853295 0.0
vn 0.521429 0.853295 0.0
vn 0.478253 0.878222 0.0
vn 0.478253 0.878222 0.0
vn 0.433888 0.900967 0.0
vn 0.433888 0.900967 0.0
vn 0.388434 0.921477 0.0
vn 0.342022 0.939692 0.0
vn 0.388434 0.921477 0.0
vn 0.342022 0.939692 0.0
vn 0.294752 0.955574 0.0
vn 0.294752 0.955574 0.0
vn 0.246758 0.969077 0.0
vn 0.19815 0.980172 0.0
vn 0.246758 0.969077 0.0
vn 0.149034 0.988832 0.0
vn 0.19815 0.980172 0.0
vn 0.149034 0.988832 0.0
vn 0.099573 0.99503 0.0
vn 0.049844 0.998757 0.0
vn 0.099573 0.99503 0.0
vn 0.049844 0.998757 0.0
vn 0.0 1.0 0.0
vn -0.049844 0.998757 0.0
vn -0.0 1.0 0.0
vn -0.049844 0.998757 0.0
vn -0.099573 0.99503 0.0
vn -0.149034 0.988832 0.0
vn -0.099573 0.99503 0.0
vn -0.149034 0.988832 0.0
vn -0.19815 0.980172 0.0
vn -0.19815 0.980172 0.0
vn -0.246758 0.969077 0.0
vn -0.246758 0.969077 0.0
vn -0.294752 0.955574 0.0
vn -0.294752 0.955574 0.0
vn -0.34202 0.939692 0.0
vn -0.34202 0.939692 0.0
vn -0.388434 0.921477 0.0
vn -0.388434 0.921477 0.0
vn -0.433891 0.900966 0.0
vn -0.433891 0.900966 0.0
vn -0.478252 0.878223 0.0
vn -0.478252 0.878223 0.0
vn -0.521429 0.853295 0.0
vn -0.521429 0.853295 0.0
vn -0.563324 0.826236 0.0
vn -0.563324 0.826236 0.0
vn -0.603801 0.797135 0.0
vn -0.603801 0.797135 0.0
vn -0.642791 0.766042 0.0
vn -0.642791 0.766042 0.0
vn -0.680175 0.73305 0.0
vn -0.680175 0.73305 0.0
vn -0.715866 0.698238 0.0
vn -0.715866 0.698238 0.0
vn -0.749783 0.661683 0.0
vn -0.749783 0.661683 0.0
vn -0.78183 0.623491 0.0
vn -0.78183 0.623491 0.0
vn -0.811936 0.583746 0.0
vn -0.811936 0.583746 0.0
vn -0.840025 0.542547 0.0
vn -0.840025 0.542547 0.0
vn -0.866028 0.499995 0.0
vn -0.866028 0.499995 0.0
vn -0.88987 0.456213 0.0
vn -0.88987 0.456213 0.0
vn -0.911506 0.411287 0.0
vn -0.911506 0.411287 0.0
vn -0.930874 0.365341 0.0
vn -0.930874 0.365341 0.0
vn -0.947927 0.318487 0.0
vn -0.947927 0.318487 0.0
vn -0.962624 0.270841 0.0
vn -0.962624 0.270841 0.0
vn -0.974928 0.222521 0.0
vn -0.974928 0.222521 0.0
vn -0.984808 0.173649 0.0
vn -0.984808 0.173649 0.0
vn -0.992239 0.124342 0.0
vn -0.992239 0.124342 0.0
vn -0.997204 0.074731 0.0
vn -0.997204 0.074731 0.0
vn -0.999689 0.024931 0.0
vn -0.999689 0.024931 0.0
vn -0.999689 -0.024931 0.0
vn -0.999689 -0.024931 -0.0
vn -0.997204 -0.074731 0.0
vn -0.997204 -0.074731 -0.0
vn -0.992239 -0.124342 0.0
vn -0.992239 -0.124342 -0.0
vn -0.984808 -0.173649 0.0
vn -0.984808 -0.173649 -0.0
vn -0.974928 -0.222521 0.0
vn -0.974928 -0.222521 -0.0
vn -0.962624 -0.270841 0.0
vn -0.962624 -0.270841 -0.0
vn -0.947927 -0.318487 0.0
vn -0.947927 -0.318487 -0.0
vn -0.930874 -0.365341 0.0
vn -0.930874 -0.365341 -0.0
vn -0.911506 -0.411287 0.0
vn -0.911506 -0.411287 -0.0
vn -0.889872 -0.456211 0.0
vn -0.889872 -0.456211 -0.0
vn -0.866025 -0.5 0.0
vn -0.866025 -0.5 -0.0
vn -0.840027 -0.542544 -0.0
vn -0.840027 -0.542544 0.0
vn -0.811936 -0.583746 -0.0
vn -0.811936 -0.583746 0.0
vn -0.781833 -0.623488 -0.0
vn -0.781833 -0.623488 0.0
vn -0.74978 -0.661687 -0.0
vn -0.74978 -0.661687 0.0
vn -0.715866 -0.698238 -0.0
vn -0.715866 -0.698238 0.0
vn -0.680175 -0.73305 -0.0
vn -0.680175 -0.73305 0.0
vn -0.642787 -0.766045 -0.0
vn -0.642787 -0.766045 0.0
vn -0.603805 -0.797132 -0.0
vn -0.603805 -0.797132 0.0
vn -0.56332 -0.826239 -0.0
vn -0.56332 -0.826239 0.0
vn -0.521434 -0.853292 -0.0
vn -0.521434 -0.853292 0.0
vn -0.478257 -0.87822 -0.0
vn -0.478257 -0.87822 0.0
vn -0.43388 -0.900971 -0.0
vn -0.43388 -0.900971 0.0
vn -0.388439 -0.921474 -0.0
vn -0.388439 -0.921474 0.0
vn -0.34202 -0.939692 0.0
vn -0.34202 -0.939692 -0.0
vn -0.294752 -0.955574 0.0
vn -0.294752 -0.955574 -0.0
vn -0.246758 -0.969077 0.0
vn -0.246758 -0.969077 -0.0
vn -0.198144 -0.980173 0.0
vn -0.198144 -0.980173 -0.0
vn -0.149046 -0.98883 -0.0
vn -0.149046 -0.98883 0.0
vn -0.099566 -0.995031 -0.0
vn -0.049844 -0.998757 -0.0
vn -0.099566 -0.995031 0.0
vn -0.049844 -0.998757 -0.0
vn 0.0 -1.0 -0.0
vn -0.0 -1.0 0.0
vn 0.049844 -0.998757 0.0
vn 0.049844 -0.998757 0.0
vn 0.099566 -0.995031 0.0
vn 0.099566 -0.995031 0.0
vn 0.149046 -0.98883 0.0
vn 0.149046 -0.98883 0.0
vn 0.198144 -0.980173 0.0
vn 0.246758 -0.969077 0.0
vn 0.198144 -0.980173 0.0
vn 0.246758 -0.969077 0.0
vn 0.294752 -0.955574 0.0
vn 0.294752 -0.955574 0.0
vn 0.342022 -0.939692 0.0
vn 0.342022 -0.939692 0.0
vn 0.388439 -0.921474 0.0
vn 0.433878 -0.900972 0.0
vn 0.388439 -0.921474 0.0
vn 0.433878 -0.900972 0.0
vn 0.478258 -0.878219 0.0
vn 0.478258 -0.878219 0.0
vn 0.521434 -0.853292 0.0
vn 0.521434 -0.853292 0.0
vn 0.56332 -0.826239 0.0
vn 0.603806 -0.797131 0.0
vn 0.56332 -0.826239 0.0
vn 0.603806 -0.797131 0.0
vn 0.642784 -0.766048 0.0
vn 0.680176 -0.733048 0.0
vn 0.642784 -0.766048 0.0
vn 0.680176 -0.733048 0.0
vn 0.715866 -0.698238 0.0
vn 0.715866 -0.698238 0.0
vn 0.749782 -0.661685 0.0
vn 0.749782 -0.661685 0.0
vn 0.781831 -0.62349 0.0
vn 0.781831 -0.62349 0.0
vn 0.811938 -0.583744 0.0
vn 0.811938 -0.583744 0.0
vn 0.840026 -0.542546 0.0
vn 0.840026 -0.542546 0.0
vn 0.866025 -0.5 0.0
vn 0.866025 -0.5 0.0
vn 0.889872 -0.456211 0.0
vn 0.889872 -0.456211 0.0
vn 0.911505 -0.41129 0.0
vn 0.911505 -0.41129 0.0
vn 0.930876 -0.365336 0.0
vn 0.930876 -0.365336 0.0
vn 0.947926 -0.31849 0.0
vn 0.947926 -0.31849 0.0
vn 0.962623 -0.270844 0.0
vn 0.962623 -0.270844 0.0
vn 0.974929 -0.222518 0.0
vn 0.974929 -0.222518 0.0
vn 0.984808 -0.173649 0.0
vn 0.984808 -0.173649 0.0
vn 0.992239 -0.124342 0.0
vn 0.992239 -0.124342 0.0
vn 0.997203 -0.074734 0.0
vn 0.997203 -0.074734 0.0
vn 0.999689 -0.024928 0.0
vn 0.999689 -0.024928 0.0
vn 0.999689 0.024941 0.0
vn 0.999689 0.024941 0.0
vn 0.997204 0.074721 0.0
vn 0.992239 0.124348 0.0
vn 0.997204 0.074721 0.0
vn 0.992239 0.124348 0.0
vn 0.984809 0.173643 0.0
vn 0.974926 0.22253 0.0
vn 0.984809 0.173643 0.0
vn 0.962627 0.270832 0.0
vn 0.974926 0.22253 0.0
vn 0.962627 0.270832 0.0
vn 0.947924 0.318495 0.0
vn 0.947924 0.318495 0.0
vn 0.930874 0.365341 0.0
vn 0.911512 0.411274 0.0
vn 0.930874 0.365341 0.0
vn 0.911512 0.411274 0.0
vn 0.889873 0.456208 0.0
vn 0.889873 0.456208 0.0
vn 0.86602 0.500009 0.0
vn 0.86602 0.500009 0.0
vn 0.840033 0.542536 0.0
vn 0.840033 0.542536 0.0
vn 0.811938 0.583744 0.0
vn 0.811938 0.583744 0.0
vn 0.781826 0.623497 0.0
vn 0.781826 0.623497 0.0
vn 0.749775 0.661692 0.0
vn 0.749775 0.661692 0.0
vn 0.715876 0.698228 0.0
vn 0.715876 0.698228 0.0
vn 0.680173 0.733051 0.0
vn 0.680173 0.733051 0.0
vn 0.642784 0.766047 0.0
vn 0.642784 0.766047 0.0
vn 0.603808 0.79713 0.0
vn 0.603808 0.79713 0.0
vn 0.563324 0.826236 0.0
vn 0.563324 0.826236 0.0
vn 0.521426 0.853296 0.0
vn 0.521426 0.853296 0.0
vn 0.478256 0.87822 0.0
vn 0.478256 0.87822 0.0
vn 0.433883 0.900969 0.0
vn 0.433883 0.900969 0.0
vn 0.388438 0.921475 0.0
vn 0.342018 0.939693 0.0
vn 0.388438 0.921475 0.0
vn 0.342018 0.939693 0.0
vn 0.294756 0.955573 0.0
vn 0.294756 0.955573 0.0
vn 0.246758 0.969077 0.0
vn 0.198146 0.980173 0.0
vn 0.246758 0.969077 0.0
vn 0.149036 0.988832 0.0
vn 0.198146 0.980173 0.0
vn 0.149036 0.988832 0.0
vn 0.099572 0.99503 0.0
vn 0.049843 0.998757 0.0
vn 0.099572 0.99503 0.0
vn 0.049843 0.998757 0.0
vn 0.0 1.0 0.0
vn -0.049843 0.998757 0.0
vn -0.0 1.0 0.0
vn -0.049843 0.998757 0.0
vn -0.099572 0.99503 0.0
vn -0.149036 0.988832 0.0
vn -0.099572 0.99503 0.0
vn -0.149036 0.988832 0.0
vn -0.198146 0.980173 0.0
vn -0.198146 0.980173 0.0
vn -0.246758 0.969077 0.0
vn -0.246758 0.969077 0.0
vn -0.294756 0.955573 0.0
vn -0.294756 0.955573 0.0
vn -0.342018 0.939693 0.0
vn -0.342018 0.939693 0.0
vn -0.388438 0.921475 0.0
vn -0.388438 0.921475 0.0
vn -0.433883 0.900969 0.0
vn -0.433883 0.900969 0.0
vn -0.478256 0.87822 0.0
vn -0.478256 0.87822 0.0
vn -0.521426 0.853296 0.0
vn -0.521426 0.853296 0.0
vn -0.563324 0.826236 0.0
vn -0.563324 0.826236 0.0
vn -0.603808 0.79713 0.0
vn -0.603808 0.79713 0.0
vn -0.642784 0.766047 0.0
vn -0.642784 0.766047 0.0
vn -0.680173 0.733051 0.0
vn -0.680173 0.733051 0.0
vn -0.715876 0.698228 0.0
vn -0.715876 0.698228 0.0
vn -0.749775 0.661692 0.0
vn -0.749775 0.661692 0.0
vn -0.781826 0.623497 0.0
vn -0.781826 0.623497 0.0
vn -0.811938 0.583744 0.0
vn -0.811938 0.583744 0.0
vn -0.840033 0.542536 0.0
vn -0.840033 0.542536 0.0
vn -0.86602 0.500009 0.0
vn -0.86602 0.500009 0.0
vn -0.889873 0.456208 0.0
vn -0.889873 0.456208 0.0
vn -0.911512 0.411274 0.0
vn -0.911512 0.411274 0.0
vn -0.930874 0.365341 0.0
vn -0.930874 0.365341 0.0
vn -0.947924 0.318495 0.0
vn -0.947924 0.318495 0.0
vn -0.962627 0.270832 0.0
vn -0.962627 0.270832 0.0
vn -0.974926 0.22253 0.0
vn -0.974926 0.22253 0.0
vn -0.984809 0.173643 0.0
vn -0.984809 0.173643 0.0
vn -0.992239 0.124348 0.0
vn -0.992239 0.124348 0.0
vn -0.997204 0.074721 0.0
vn -0.997204 0.074721 0.0
vn -0.999689 0.024941 0.0
vn -0.999689 0.024941 0.0
vn -0.999689 -0.024941 0.0
vn -0.999689 -0.024941 -0.0
vn -0.997204 -0.074721 0.0
vn -0.997204 -0.074721 -0.0
vn -0.992239 -0.124348 0.0
vn -0.992239 -0.124348 -0.0
vn -0.984809 -0.173643 0.0
vn -0.984809 -0.173643 -0.0
vn -0.974926 -0.22253 0.0
vn -0.974926 -0.22253 -0.0
vn -0.962627 -0.270832 0.0
vn -0.962627 -0.270832 -0.0
vn -0.947924 -0.318495 0.0
vn -0.947924 -0.318495 -0.0
vn -0.930874 -0.365341 0.0
vn -0.930874 -0.365341 -0.0
vn -0.911512 -0.411274 0.0
vn -0.911512 -0.411274 -0.0
vn -0.889874 -0.456206 0.0
vn -0.889874 -0.456206 -0.0
vn -0.866017 -0.500015 0.0
vn -0.866017 -0.500015 -0.0
vn -0.840035 -0.542533 -0.0
vn -0.840035 -0.542533 0.0
vn -0.811938 -0.583744 -0.0
vn -0.811938 -0.583744 0.0
vn -0.781828 -0.623494 -0.0
vn -0.781828 -0.623494 0.0
vn -0.749773 -0.661696 -0.0
vn -0.749773 -0.661696 0.0
vn -0.715876 -0.698228 -0.0
vn -0.715876 -0.698228 0.0
vn -0.680173 -0.733051 -0.0
vn -0.680173 -0.733051 0.0
vn -0.642781 -0.76605 -0.0
vn -0.642781 -0.76605 0.0
vn -0.603812 -0.797126 -0.0
vn -0.603812 -0.797126 0.0
vn -0.56332 -0.826239 -0.0
vn -0.56332 -0.826239 0.0
vn -0.521431 -0.853293 -0.0
vn -0.521431 -0.853293 0.0
vn -0.478261 -0.878218 -0.0
vn -0.478261 -0.878218 0.0
vn -0.433873 -0.900974 -0.0
vn -0.433873 -0.900974 0.0
vn -0.388444 -0.921472 -0.0
vn -0.388444 -0.921472 0.0
vn -0.342018 -0.939693 0.0
vn -0.342018 -0.939693 -0.0
vn -0.294756 -0.955573 0.0
vn -0.294756 -0.955573 -0.0
vn -0.246758 -0.969077 0.0
vn -0.246758 -0.969077 -0.0
vn -0.19814 -0.980174 0.0
vn -0.19814 -0.980174 -0.0
vn -0.149049 -0.98883 -0.0
vn -0.149049 -0.98883 0.0
vn -0.099566 -0.995031 -0.0
vn -0.049843 -0.998757 -0.0
vn -0.099566 -0.995031 0.0
vn -0.049843 -0.998757 -0.0
vn 0.0 -1.0 -0.0
vn -0.0 -1.0 0.0
vn 0.049843 -0.998757 0.0
vn 0.049843 -0.998757 0.0
vn 0.099566 -0.995031 0.0
vn 0.099566 -0.995031 0.0
vn 0.149049 -0.98883 0.0
vn 0.149049 -0.98883 0.0
vn 0.19814 -0.980174 0.0
vn 0.246758 -0.969077 0.0
vn 0.19814 -0.980174 0.0
vn 0.246758 -0.969077 0.0
vn 0.294756 -0.955573 0.0
vn 0.294756 -0.955573 0.0
vn 0.342018 -0.939693 0.0
vn 0.342018 -0.939693 0.0
vn 0.388444 -0.921472 0.0
vn 0.433873 -0.900974 0.0
vn 0.388444 -0.921472 0.0
vn 0.433873 -0.900974 0.0
vn 0.478261 -0.878218 0.0
vn 0.478261 -0.878218 0.0
vn 0.521431 -0.853293 0.0
vn 0.521431 -0.853293 0.0
vn 0.56332 -0.826239 0.0
vn 0.603812 -0.797126 0.0
vn 0.56332 -0.826239 0.0
vn 0.603812 -0.797126 0.0
vn 0.642781 -0.76605 0.0
vn 0.680173 -0.733051 0.0
vn 0.642781 -0.76605 0.0
vn 0.680173 -0.733051 0.0
vn 0.715876 -0.698228 0.0
vn 0.715876 -0.698228 0.0
vn 0.749773 -0.661696 0.0
vn 0.749773 -0.661696 0.0
vn 0.781828 -0.623494 0.0
vn 0.781828 -0.623494 0.0
vn 0.811938 -0.583744 0.0
vn 0.811938 -0.583744 0.0
vn 0.840035 -0.542533 0.0
vn 0.840035 -0.542533 0.0
vn 0.866017 -0.500015 0.0
vn 0.866017 -0.500015 0.0
vn 0.889874 -0.456206 0.0
vn 0.889874 -0.456206 0.0
vn 0.911512 -0.411274 0.0
vn 0.911512 -0.411274 0.0
vn 0.930874 -0.365341 0.0
vn 0.930874 -0.365341 0.0
vn 0.947924 -0.318495 0.0
vn 0.947924 -0.318495 0.0
vn 0.962627 -0.270832 0.0
vn 0.962627 -0.270832 0.0
vn 0.974926 -0.22253 0.0
vn 0.974926 -0.22253 0.0
vn 0.984809 -0.173643 0.0
vn 0.984809 -0.173643 0.0
vn 0.992239 -0.124348 0.0
vn 0.992239 -0.124348 0.0
vn 0.997204 -0.074721 0.0
vn 0.997204 -0.074721 0.0
vn 0.999689 -0.024941 0.0
vn 0.999689 -0.024941 0.0
vn 0.999689 0.024928 0.0
vn 0.999689 0.024928 0.0
vn 0.997204 0.074734 0.0
vn 0.99224 0.124339 0.0
vn 0.997204 0.074734 0.0
vn 0.99224 0.124339 0.0
vn 0.984807 0.173653 0.0
vn 0.974929 0.222515 0.0
vn 0.984807 0.173653 0.0
vn 0.962623 0.270844 0.0
vn 0.974929 0.222515 0.0
vn 0.962623 0.270844 0.0
vn 0.947928 0.318486 0.0
vn 0.947928 0.318486 0.0
vn 0.930876 0.365336 0.0
vn 0.911503 0.411294 0.0
vn 0.930876 0.365336 0.0
vn 0.911503 0.411294 0.0
vn 0.88987 0.456213 0.0
vn 0.88987 0.456213 0.0
vn 0.866025 0.5 0.0
vn 0.866025 0.5 0.0
vn 0.840028 0.542543 0.0
vn 0.840028 0.542543 0.0
vn 0.811938 0.583744 0.0
vn 0.811938 0.583744 0.0
vn 0.781834 0.623487 0.0
vn 0.781834 0.623487 0.0
vn 0.749785 0.661682 0.0
vn 0.749785 0.661682 0.0
vn 0.715866 0.698238 0.0
vn 0.715866 0.698238 0.0
vn 0.68017 0.733055 0.0
vn 0.68017 0.733055 0.0
vn 0.64278 0.766051 0.0
vn 0.64278 0.766051 0.0
vn 0.60381 0.797128 0.0
vn 0.60381 0.797128 0.0
vn 0.563315 0.826242 0.0
vn 0.563315 0.826242 0.0
vn 0.521438 0.853289 0.0
vn 0.521438 0.853289 0.0
vn 0.478263 0.878217 0.0
vn 0.478263 0.878217 0.0
vn 0.433867 0.900977 0.0
vn 0.433867 0.900977 0.0
vn 0.388445 0.921472 0.0
vn 0.34201 0.939696 0.0
vn 0.388445 0.921472 0.0
vn 0.34201 0.939696 0.0
vn 0.294776 0.955566 0.0
vn 0.294776 0.955566 0.0
vn 0.246758 0.969077 0.0
vn 0.198126 0.980177 0.0
vn 0.246758 0.969077 0.0
vn 0.149059 0.988828 0.0
vn 0.198126 0.980177 0.0
vn 0.149059 0.988828 0.0
vn 0.09956 0.995032 0.0
vn 0.049856 0.998756 0.0
vn 0.09956 0.995032 0.0
vn 0.049856 0.998756 0.0
vn 0.0 1.0 0.0
vn -0.049856 0.998756 0.0
vn -0.0 1.0 0.0
vn -0.049856 0.998756 0.0
vn -0.09956 0.995032 0.0
vn -0.149059 0.988828 0.0
vn -0.09956 0.995032 0.0
vn -0.149059 0.988828 0.0
vn -0.198126 0.980177 0.0
vn -0.198126 0.980177 0.0
vn -0.246758 0.969077 0.0
vn -0.246758 0.969077 0.0
vn -0.294776 0.955566 0.0
vn -0.294776 0.955566 0.0
vn -0.342009 0.939697 0.0
vn -0.342009 0.939697 0.0
vn -0.388445 0.921472 0.0
vn -0.388445 0.921472 0.0
vn -0.43387 0.900976 0.0
vn -0.43387 0.900976 0.0
vn -0.478262 0.878217 0.0
vn -0.478262 0.878217 0.0
vn -0.521438 0.853289 0.0
vn -0.521438 0.853289 0.0
vn -0.563315 0.826242 0.0
vn -0.563315 0.826242 0.0
vn -0.603809 0.797129 0.0
vn -0.603809 0.797129 0.0
vn -0.642783 0.766048 0.0
vn -0.642783 0.766048 0.0
vn -0.680168 0.733056 0.0
vn -0.680168 0.733056 0.0
vn -0.715866 0.698238 0.0
vn -0.715866 0.698238 0.0
vn -0.749783 0.661683 0.0
vn -0.749783 0.661683 0.0
vn -0.781835 0.623485 0.0
vn -0.781835 0.623485 0.0
vn -0.811936 0.583746 0.0
vn -0.811936 0.583746 0.0
vn -0.840029 0.542541 0.0
vn -0.840029 0.542541 0.0
vn -0.866025 0.5 0.0
vn -0.866025 0.5 0.0
vn -0.88987 0.456213 0.0
vn -0.88987 0.456213 0.0
vn -0.911504 0.411292 0.0
vn -0.911504 0.411292 0.0
vn -0.930874 0.365341 0.0
vn -0.930874 0.365341 0.0
vn -0.947929 0.318483 0.0
vn -0.947929 0.318483 0.0
vn -0.962624 0.270841 0.0
vn -0.962624 0.270841 0.0
vn -0.974929 0.222518 0.0
vn -0.974929 0.222518 0.0
vn -0.984807 0.173653 0.0
vn -0.984807 0.173653 0.0
vn -0.99224 0.124339 0.0
vn -0.99224 0.124339 0.0
vn -0.997204 0.07473 0.0
vn -0.997204 0.07473 0.0
vn -0.999689 0.024932 0.0
vn -0.999689 0.024932 0.0
vn -0.999689 -0.024932 0.0
vn -0.999689 -0.024932 -0.0
vn -0.997204 -0.07473 0.0
vn -0.997204 -0.07473 -0.0
vn -0.99224 -0.124339 0.0
vn -0.99224 -0.124339 -0.0
vn -0.984807 -0.173653 0.0
vn -0.984807 -0.173653 -0.0
vn -0.974929 -0.222518 0.0
vn -0.974929 -0.222518 -0.0
vn -0.962624 -0.270841 0.0
vn -0.962624 -0.270841 -0.0
vn -0.947929 -0.318483 0.0
vn -0.947929 -0.318483 -0.0
vn -0.930874 -0.365341 0.0
vn -0.930874 -0.365341 -0.0
vn -0.911504 -0.411292 0.0
vn -0.911504 -0.411292 -0.0
vn -0.88987 -0.456213 0.0
vn -0.88987 -0.456213 -0.0
vn -0.866025 -0.5 0.0
vn -0.866025 -0.5 -0.0
vn -0.840029 -0.542541 -0.0
vn -0.840029 -0.542541 0.0
vn -0.811936 -0.583746 -0.0
vn -0.811936 -0.583746 0.0
vn -0.781835 -0.623485 -0.0
vn -0.781835 -0.623485 0.0
vn -0.749783 -0.661683 -0.0
vn -0.749783 -0.661683 0.0
vn -0.715866 -0.698238 -0.0
vn -0.715866 -0.698238 0.0
vn -0.680168 -0.733056 -0.0
vn -0.680168 -0.733056 0.0
vn -0.642783 -0.766048 -0.0
vn -0.642783 -0.766048 0.0
vn -0.603809 -0.797129 -0.0
vn -0.603809 -0.797129 0.0
vn -0.563315 -0.826242 -0.0
vn -0.563315 -0.826242 0.0
vn -0.521438 -0.853289 -0.0
vn -0.521438 -0.853289 0.0
vn -0.478262 -0.878217 -0.0
vn -0.478262 -0.878217 0.0
vn -0.43387 -0.900976 -0.0
vn -0.43387 -0.900976 0.0
vn -0.388445 -0.921472 -0.0
vn -0.388445 -0.921472 0.0
vn -0.342009 -0.939697 0.0
vn -0.342009 -0.939697 -0.0
vn -0.294776 -0.955566 0.0
vn -0.294776 -0.955566 -0.0
vn -0.246758 -0.969077 0.0
vn -0.246758 -0.969077 -0.0
vn -0.198126 -0.980177 0.0
vn -0.198126 -0.980177 -0.0
vn -0.149059 -0.988828 -0.0
vn -0.149059 -0.988828 0.0
vn -0.09956 -0.995032 -0.0
vn -0.049856 -0.998756 -0.0
vn -0.09956 -0.995032 0.0
vn -0.049856 -0.998756 -0.0
vn 0.0 -1.0 -0.0
vn -0.0 -1.0 0.0
vn 0.049856 -0.998756 0.0
vn 0.049856 -0.998756 0.0
vn 0.09956 -0.995032 0.0
vn 0.09956 -0.995032 0.0
vn 0.149059 -0.988828 0.0
vn 0.149059 -0.988828 0.0
vn 0.198126 -0.980177 0.0
vn 0.246758 -0.969077 0.0
vn 0.198126 -0.980177 0.0
vn 0.246758 -0.969077 0.0
vn 0.294776 -0.955566 0.0
vn 0.294776 -0.955566 0.0
vn 0.34201 -0.939696 0.0
vn 0.34201 -0.939696 0.0
vn 0.388445 -0.921472 0.0
vn 0.433867 -0.900977 0.0
vn 0.388445 -0.921472 0.0
vn 0.433867 -0.900977 0.0
vn 0.478263 -0.878217 0.0
vn 0.478263 -0.878217 0.0
vn 0.521438 -0.853289 0.0
vn 0.521438 -0.853289 0.0
vn 0.563315 -0.826242 0.0
vn 0.60381 -0.797128 0.0
vn 0.563315 -0.826242 0.0
vn 0.60381 -0.797128 0.0
vn 0.64278 -0.766051 0.0
vn 0.68017 -0.733055 0.0
vn 0.64278 -0.766051 0.0
vn 0.68017 -0.733055 0.0
vn 0.715866 -0.698238 0.0
vn 0.715866 -0.698238 0.0
vn 0.749785 -0.661682 0.0
vn 0.749785 -0.661682 0.0
vn 0.781834 -0.623487 0.0
vn 0.781834 -0.623487 0.0
vn 0.811938 -0.583744 0.0
vn 0.811938 -0.583744 0.0
vn 0.840028 -0.542543 0.0
vn 0.840028 -0.542543 0.0
vn 0.866025 -0.5 0.0
vn 0.866025 -0.5 0.0
vn 0.88987 -0.456213 0.0
vn 0.88987 -0.456213 0.0
vn 0.911503 -0.411294 0.0
vn 0.911503 -0.411294 0.0
vn 0.930876 -0.365336 0.0
vn 0.930876 -0.365336 0.0
vn 0.947928 -0.318486 0.0
vn 0.947928 -0.318486 0.0
vn 0.962623 -0.270844 0.0
vn 0.962623 -0.270844 0.0
vn 0.974929 -0.222515 0.0
vn 0.974929 -0.222515 0.0
vn 0.984807 -0.173653 0.0
vn 0.984807 -0.173653 0.0
vn 0.99224 -0.124339 0.0
vn 0.99224 -0.124339 0.0
vn 0.997204 -0.074734 0.0
vn 0.997204 -0.074734 0.0
vn 0.999689 -0.024928 0.0
vn 0.999689 -0.024928 0.0
vn 0.999689 0.024941 0.0
vn 0.999689 0.024941 0.0
vn 0.997204 0.074721 0.0
vn 0.992239 0.124345 0.0
vn 0.997204 0.074721 0.0
vn 0.992239 0.124345 0.0
vn 0.984808 0.173647 0.0
vn 0.974927 0.222527 0.0
vn 0.984808 0.173647 0.0
vn 0.962627 0.270832 0.0
vn 0.974927 0.222527 0.0
vn 0.962627 0.270832 0.0
vn 0.947926 0.318491 0.0
vn 0.947926 0.318491 0.0
vn 0.930874 0.365341 0.0
vn 0.91151 0.411279 0.0
vn 0.930874 0.365341 0.0
vn 0.91151 0.411279 0.0
vn 0.889873 0.456208 0.0
vn 0.889873 0.456208 0.0
vn 0.866017 0.500015 0.0
vn 0.866017 0.500015 0.0
vn 0.840036 0.54253 0.0
vn 0.840036 0.54253 0.0
vn 0.811938 0.583744 0.0
vn 0.811938 0.583744 0.0
vn 0.781831 0.623491 0.0
vn 0.781831 0.623491 0.0
vn 0.749775 0.661692 0.0
vn 0.749775 0.661692 0.0
vn 0.715876 0.698228 0.0
vn 0.715876 0.698228 0.0
vn 0.680166 0.733058 0.0
vn 0.680166 0.733058 0.0
vn 0.642777 0.766053 0.0
vn 0.642777 0.766053 0.0
vn 0.603816 0.797123 0.0
vn 0.603816 0.797123 0.0
vn 0.563315 0.826242 0.0
vn 0.563315 0.826242 0.0
vn 0.521436 0.853291 0.0
vn 0.521436 0.853291 0.0
vn 0.478266 0.878215 0.0
vn 0.478266 0.878215 0.0
vn 0.433862 0.900979 0.0
vn 0.433862 0.900979 0.0
vn 0.388449 0.92147 0.0
vn 0.342007 0.939697 0.0
vn 0.388449 0.92147 0.0
vn 0.342007 0.939697 0.0
vn 0.294779 0.955565 0.0
vn 0.294779 0.955565 0.0
vn 0.246758 0.969077 0.0
vn 0.198122 0.980177 0.0
vn 0.246758 0.969077 0.0
vn 0.149061 0.988828 0.0
vn 0.198122 0.980177 0.0
vn 0.149061 0.988828 0.0
vn 0.099559 0.995032 0.0
vn 0.049856 0.998756 0.0
vn 0.099559 0.995032 0.0
vn 0.049856 0.998756 0.0
vn 0.0 1.0 0.0
vn -0.049856 0.998756 0.0
vn -0.0 1.0 0.0
vn -0.049856 0.998756 0.0
vn -0.099559 0.995032 0.0
vn -0.149061 0.988828 0.0
vn -0.099559 0.995032 0.0
vn -0.149061 0.988828 0.0
vn -0.198122 0.980177 0.0
vn -0.198122 0.980177 0.0
vn -0.246758 0.969077 0.0
vn -0.246758 0.969077 0.0
vn -0.294779 0.955565 0.0
vn -0.294779 0.955565 0.0
vn -0.342007 0.939697 0.0
vn -0.342007 0.939697 0.0
vn -0.388449 0.92147 0.0
vn -0.388449 0.92147 0.0
vn -0.433862 0.900979 0.0
vn -0.433862 0.900979 0.0
vn -0.478266 0.878215 0.0
vn -0.478266 0.878215 0.0
vn -0.521436 0.853291 0.0
vn -0.521436 0.853291 0.0
vn -0.563315 0.826242 0.0
vn -0.563315 0.826242 0.0
vn -0.603816 0.797123 0.0
vn -0.603816 0.797123 0.0
vn -0.642777 0.766053 0.0
vn -0.642777 0.766053 0.0
vn -0.680166 0.733058 0.0
vn -0.680166 0.733058 0.0
vn -0.715876 0.698228 0.0
vn -0.715876 0.698228 0.0
vn -0.749775 0.661692 0.0
vn -0.749775 0.661692 0.0
vn -0.781831 0.623491 0.0
vn -0.781831 0.623491 0.0
vn -0.811938 0.583744 0.0
vn -0.811938 0.583744 0.0
vn -0.840036 0.54253 0.0
vn -0.840036 0.54253 0.0
vn -0.866017 0.500015 0.0
vn -0.866017 0.500015 0.0
vn -0.889873 0.456208 0.0
vn -0.889873 0.456208 0.0
vn -0.91151 0.411279 0.0
vn -0.91151 0.411279 0.0
vn -0.930874 0.365341 0.0
vn -0.930874 0.365341 0.0
vn -0.947926 0.318491 0.0
vn -0.947926 0.318491 0.0
vn -0.962627 0.270832 0.0
vn -0.962627 0.270832 0.0
vn -0.974927 0.222527 0.0
vn -0.974927 0.222527 0.0
vn -0.984808 0.173647 0.0
vn -0.984808 0.173647 0.0
vn -0.992239 0.124345 0.0
vn -0.992239 0.124345 0.0
vn -0.997204 0.074721 0.0
vn -0.997204 0.074721 0.0
vn -0.999689 0.024941 0.0
vn -0.999689 0.024941 0.0
vn -0.999689 -0.024941 0.0
vn -0.999689 -0.024941 -0.0
vn -0.997204 -0.074721 0.0
vn -0.997204 -0.074721 -0.0
vn -0.992239 -0.124345 0.0
vn -0.992239 -0.124345 -0.0
vn -0.984808 -0.173647 0.0
vn -0.984808 -0.173647 -0.0
vn -0.974927 -0.222527 0.0
vn -0.974927 -0.222527 -0.0
vn -0.962627 -0.270832 0.0
vn -0.962627 -0.270832 -0.0
vn -0.947926 -0.318491 0.0
vn -0.947926 -0.318491 -0.0
vn -0.930874 -0.365341 0.0
vn -0.930874 -0.365341 -0.0
vn -0.91151 -0.411279 0.0
vn -0.91151 -0.411279 -0.0
vn -0.889873 -0.456208 0.0
vn -0.889873 -0.456208 -0.0
vn -0.866017 -0.500015 0.0
vn -0.866017 -0.500015 -0.0
vn -0.840036 -0.54253 -0.0
vn -0.840036 -0.54253 0.0
vn -0.811938 -0.583744 -0.0
vn -0.811938 -0.583744 0.0
vn -0.781831 -0.623491 -0.0
vn -0.781831 -0.623491 0.0
vn -0.749775 -0.661692 -0.0
vn -0.749775 -0.661692 0.0
vn -0.715876 -0.698228 -0.0
vn -0.715876 -0.698228 0.0
vn -0.680166 -0.733058 -0.0
vn -0.680166 -0.733058 0.0
vn -0.642777 -0.766053 -0.0
vn -0.642777 -0.766053 0.0
vn -0.603816 -0.797123 -0.0
vn -0.603816 -0.797123 0.0
vn -0.563315 -0.826242 -0.0
vn -0.563315 -0.826242 0.0
vn -0.521436 -0.853291 -0.0
vn -0.521436 -0.853291 0.0
vn -0.478266 -0.878215 -0.0
vn -0.478266 -0.878215 0.0
vn -0.433862 -0.900979 -0.0
vn -0.433862 -0.900979 0.0
vn -0.388449 -0.92147 -0.0
vn -0.388449 -0.92147 0.0
vn -0.342007 -0.939697 0.0
vn -0.342007 -0.939697 -0.0
vn -0.294779 -0.955565 0.0
vn -0.294779 -0.955565 -0.0
vn -0.246758 -0.969077 0.0
vn -0.246758 -0.969077 -0.0
vn -0.198122 -0.980177 0.0
vn -0.198122 -0.980177 -0.0
vn -0.149061 -0.988828 -0.0
vn -0.149061 -0.988828 0.0
vn -0.099559 -0.995032 -0.0
vn -0.049856 -0.998756 -0.0
vn -0.099559 -0.995032 0.0
vn -0.049856 -0.998756 -0.0
vn 0.0 -1.0 -0.0
vn -0.0 -1.0 0.0
vn 0.049856 -0.998756 0.0
vn 0.049856 -0.998756 0.0
vn 0.099559 -0.995032 0.0
vn 0.099559 -0.995032 0.0
vn 0.149061 -0.988828 0.0
vn 0.149061 -0.988828 0.0
vn 0.198122 -0.980177 0.0
vn 0.246758 -0.969077 0.0
vn 0.198122 -0.980177 0.0
vn 0.246758 -0.969077 0.0
vn 0.294779 -0.955565 0.0
vn 0.294779 -0.955565 0.0
vn 0.342007 -0.939697 0.0
vn 0.342007 -0.939697 0.0
vn 0.388449 -0.92147 0.0
vn 0.433862 -0.900979 0.0
vn 0.388449 -0.92147 0.0
vn 0.433862 -0.900979 0.0
vn 0.478266 -0.878215 0.0
vn 0.478266 -0.878215 0.0
vn 0.521436 -0.853291 0.0
vn 0.521436 -0.853291 0.0
vn 0.563315 -0.826242 0.0
vn 0.603816 -0.797123 0.0
vn 0.563315 -0.826242 0.0
vn 0.603816 -0.797123 0.0
vn 0.642777 -0.766053 0.0
vn 0.680166 -0.733058 0.0
vn 0.642777 -0.766053 0.0
vn 0.680166 -0.733058 0.0
vn 0.715876 -0.698228 0.0
vn 0.715876 -0.698228 0.0
vn 0.749775 -0.661692 0.0
vn 0.749775 -0.661692 0.0
vn 0.781831 -0.623491 0.0
vn 0.781831 -0.623491 0.0
vn 0.811938 -0.583744 0.0
vn 0.811938 -0.583744 0.0
vn 0.840036 -0.54253 0.0
vn 0.840036 -0.54253 0.0
vn 0.866017 -0.500015 0.0
vn 0.866017 -0.500015 0.0
vn 0.889873 -0.456208 0.0
vn 0.889873 -0.456208 0.0
vn 0.91151 -0.411279 0.0
vn 0.91151 -0.411279 0.0
vn 0.930874 -0.365341 0.0
vn 0.930874 -0.365341 0.0
vn 0.947926 -0.318491 0.0
vn 0.947926 -0.318491 0.0
vn 0.962627 -0.270832 0.0
vn 0.962627 -0.270832 0.0
vn 0.974927 -0.222527 0.0
vn 0.974927 -0.222527 0.0
vn 0.984808 -0.173647 0.0
vn 0.984808 -0.173647 0.0
vn 0.992239 -0.124345 0.0
vn 0.992239 -0.124345 0.0
vn 0.997204 -0.074721 0.0
vn 0.997204 -0.074721 0.0
vn 0.999689 -0.024941 0.0
vn 0.999689 -0.024941 0.0
vn -0.99969 -0.02489 0.0
vn -0.99969 -0.02489 0.0
vn -0.997201 -0.07477 0.0
vn -0.992239 -0.124349 0.0
vn -0.997201 -0.07477 0.0
vn -0.992239 -0.124349 0.0
vn -0.984812 -0.173622 0.0
vn -0.974913 -0.222587 0.0
vn -0.984812 -0.173622 0.0
vn -0.962628 -0.270825 0.0
vn -0.974913 -0.222587 0.0
vn -0.962628 -0.270825 0.0
vn -0.947936 -0.318461 0.0
vn -0.947936 -0.318461 0.0
vn -0.930884 -0.365315 0.0
vn -0.911509 -0.411281 0.0
vn -0.930884 -0.365315 0.0
vn -0.911509 -0.411281 0.0
vn -0.889853 -0.456248 0.0
vn -0.889853 -0.456248 0.0
vn -0.866031 -0.49999 0.0
vn -0.866031 -0.49999 0.0
vn -0.840013 -0.542566 0.0
vn -0.840013 -0.542566 0.0
vn -0.811979 -0.583687 0.0
vn -0.811979 -0.583687 0.0
vn -0.781774 -0.623562 0.0
vn -0.781774 -0.623562 0.0
vn -0.749802 -0.661662 0.0
vn -0.749802 -0.661662 0.0
vn -0.715875 -0.698228 0.0
vn -0.715875 -0.698228 0.0
vn -0.680167 -0.733057 0.0
vn -0.680167 -0.733057 0.0
vn -0.642775 -0.766055 0.0
vn -0.642775 -0.766055 0.0
vn -0.603853 -0.797096 0.0
vn -0.603853 -0.797096 0.0
vn -0.56331 -0.826246 0.0
vn -0.521454 -0.853279 0.0
vn -0.56331 -0.826246 0.0
vn -0.521454 -0.853279 0.0
vn -0.478216 -0.878242 0.0
vn -0.433862 -0.90098 0.0
vn -0.478216 -0.878242 0.0
vn -0.433862 -0.90098 0.0
vn -0.38844 -0.921474 0.0
vn -0.34203 -0.939689 0.0
vn -0.38844 -0.921474 0.0
vn -0.34203 -0.939689 0.0
vn -0.294803 -0.955558 0.0
vn -0.294803 -0.955558 0.0
vn -0.246758 -0.969077 0.0
vn -0.198097 -0.980182 0.0
vn -0.246758 -0.969077 0.0
vn -0.149036 -0.988832 0.0
vn -0.198097 -0.980182 0.0
vn -0.149036 -0.988832 0.0
vn -0.099559 -0.995032 0.0
vn -0.049882 -0.998755 0.0
vn -0.099559 -0.995032 0.0
vn -0.049882 -0.998755 0.0
vn 0.0 -1.0 0.0
vn 0.049882 -0.998755 0.0
vn 0.0 -1.0 0.0
vn 0.049882 -0.998755 0.0
vn 0.099559 -0.995032 0.0
vn 0.149036 -0.988832 0.0
vn 0.099559 -0.995032 0.0
vn 0.149036 -0.988832 0.0
vn 0.198097 -0.980182 0.0
vn 0.198097 -0.980182 0.0
vn 0.246758 -0.969077 0.0
vn 0.246758 -0.969077 0.0
vn 0.294803 -0.955558 0.0
vn 0.294803 -0.955558 0.0
vn 0.34203 -0.939689 0.0
vn 0.34203 -0.939689 0.0
vn 0.38844 -0.921474 0.0
vn 0.38844 -0.921474 0.0
vn 0.433862 -0.90098 0.0
vn 0.433862 -0.90098 0.0
vn 0.478216 -0.878242 0.0
vn 0.478216 -0.878242 0.0
vn 0.521454 -0.853279 0.0
vn 0.521454 -0.853279 0.0
vn 0.56331 -0.826246 0.0
vn 0.56331 -0.826246 0.0
vn 0.603853 -0.797096 0.0
vn 0.603853 -0.797096 0.0
vn 0.642775 -0.766055 0.0
vn 0.642775 -0.766055 0.0
vn 0.680167 -0.733057 0.0
vn 0.680167 -0.733057 0.0
vn 0.715875 -0.698228 0.0
vn 0.715875 -0.698228 0.0
vn 0.749777 -0.661691 0.0
vn 0.749777 -0.661691 0.0
vn 0.781823 -0.6235 0.0
vn 0.781823 -0.6235 0.0
vn 0.811955 -0.58372 0.0
vn 0.811955 -0.58372 0.0
vn 0.840013 -0.542566 0.0
vn 0.840013 -0.542566 0.0
vn 0.866009 -0.500029 0.0
vn 0.866009 -0.500029 0.0
vn 0.889894 -0.456168 0.0
vn 0.889894 -0.456168 0.0
vn 0.911509 -0.411281 0.0
vn 0.911509 -0.411281 0.0
vn 0.930867 -0.365359 0.0
vn 0.930867 -0.365359 0.0
vn 0.947921 -0.318507 0.0
vn 0.947921 -0.318507 0.0
vn 0.962628 -0.270825 0.0
vn 0.962628 -0.270825 0.0
vn 0.974924 -0.222538 0.0
vn 0.974924 -0.222538 0.0
vn 0.984812 -0.173622 0.0
vn 0.984812 -0.173622 0.0
vn 0.992239 -0.124349 0.0
vn 0.992239 -0.124349 0.0
vn 0.997205 -0.074719 0.0
vn 0.997205 -0.074719 0.0
vn 0.999689 -0.024941 0.0
vn 0.999689 -0.024941 0.0
vn 0.999689 0.024941 0.0
vn 0.999689 0.024941 -0.0
vn 0.997205 0.074719 0.0
vn 0.997205 0.074719 -0.0
vn 0.992239 0.124349 0.0
vn 0.992239 0.124349 -0.0
vn 0.984812 0.173622 0.0
vn 0.984812 0.173622 -0.0
vn 0.974924 0.222538 0.0
vn 0.974924 0.222538 -0.0
vn 0.962628 0.270825 0.0
vn 0.962628 0.270825 -0.0
vn 0.947921 0.318507 0.0
vn 0.947921 0.318507 -0.0
vn 0.930867 0.365359 0.0
vn 0.930867 0.365359 -0.0
vn 0.911509 0.411281 0.0
vn 0.911509 0.411281 -0.0
vn 0.889894 0.456168 0.0
vn 0.889894 0.456168 -0.0
vn 0.866009 0.500029 0.0
vn 0.866009 0.500029 -0.0
vn 0.840013 0.542566 0.0
vn 0.840013 0.542566 -0.0
vn 0.811955 0.58372 0.0
vn 0.811955 0.58372 -0.0
vn 0.781823 0.6235 0.0
vn 0.781823 0.6235 -0.0
vn 0.749777 0.661691 0.0
vn 0.749777 0.661691 -0.0
vn 0.715875 0.698228 0.0
vn 0.715875 0.698228 -0.0
vn 0.680167 0.733057 0.0
vn 0.680167 0.733057 -0.0
vn 0.642775 0.766055 0.0
vn 0.642775 0.766055 -0.0
vn 0.603853 0.797096 0.0
vn 0.603853 0.797096 -0.0
vn 0.56331 0.826246 -0.0
vn 0.56331 0.826246 0.0
vn 0.521454 0.853279 -0.0
vn 0.521454 0.853279 0.0
vn 0.478216 0.878242 -0.0
vn 0.478216 0.878242 0.0
vn 0.433862 0.90098 -0.0
vn 0.433862 0.90098 0.0
vn 0.38844 0.921474 -0.0
vn 0.38844 0.921474 0.0
vn 0.34203 0.939689 0.0
vn 0.34203 0.939689 -0.0
vn 0.294803 0.955558 0.0
vn 0.294803 0.955558 -0.0
vn 0.246758 0.969077 0.0
vn 0.246758 0.969077 -0.0
vn 0.198097 0.980182 0.0
vn 0.198097 0.980182 -0.0
vn 0.149036 0.988832 0.0
vn 0.149036 0.988832 -0.0
vn 0.099559 0.995032 0.0
vn 0.099559 0.995032 -0.0
vn 0.049882 0.998755 -0.0
vn 0.049882 0.998755 -0.0
vn 0.0 1.0 0.0
vn 0.0 1.0 -0.0
vn -0.049882 0.998755 0.0
vn -0.049882 0.998755 0.0
vn -0.099559 0.995032 0.0
vn -0.099559 0.995032 0.0
vn -0.149036 0.988832 0.0
vn -0.149036 0.988832 0.0
vn -0.246758 0.969077 0.0
vn -0.198097 0.980182 0.0
vn -0.198097 0.980182 0.0
vn -0.246758 0.969077 0.0
vn -0.294803 0.955558 0.0
vn -0.294803 0.955558 0.0
vn -0.34203 0.939689 0.0
vn -0.34203 0.939689 0.0
vn -0.38844 0.921474 0.0
vn -0.433862 0.90098 0.0
vn -0.38844 0.921474 0.0
vn -0.433862 0.90098 0.0
vn -0.478216 0.878242 0.0
vn -0.478216 0.878242 0.0
vn -0.521454 0.853279 0.0
vn -0.521454 0.853279 0.0
vn -0.56331 0.826246 0.0
vn -0.603853 0.797096 0.0
vn -0.56331 0.826246 0.0
vn -0.603853 0.797096 0.0
vn -0.642775 0.766055 0.0
vn -0.680167 0.733057 0.0
vn -0.642775 0.766055 0.0
vn -0.680167 0.733057 0.0
vn -0.715875 0.698228 0.0
vn -0.715875 0.698228 0.0
vn -0.749802 0.661662 0.0
vn -0.749802 0.661662 0.0
vn -0.781774 0.623562 0.0
vn -0.781774 0.623562 0.0
vn -0.811979 0.583687 0.0
vn -0.811979 0.583687 0.0
vn -0.840013 0.542566 0.0
vn -0.840013 0.542566 0.0
vn -0.866031 0.49999 0.0
vn -0.866031 0.49999 0.0
vn -0.889853 0.456248 0.0
vn -0.889853 0.456248 0.0
vn -0.911509 0.411281 0.0
vn -0.911509 0.411281 0.0
vn -0.930884 0.365315 0.0
vn -0.930884 0.365315 0.0
vn -0.947936 0.318461 0.0
vn -0.947936 0.318461 0.0
vn -0.962628 0.270825 0.0
vn -0.962628 0.270825 0.0
vn -0.974913 0.222587 0.0
vn -0.974913 0.222587 0.0
vn -0.984812 0.173622 0.0
vn -0.984812 0.173622 0.0
vn -0.992239 0.124349 0.0
vn -0.992239 0.124349 0.0
vn -0.997201 0.07477 0.0
vn -0.997201 0.07477 0.0
vn -0.99969 0.02489 0.0
vn -0.99969 0.02489 0.0
vn -0.999689 -0.024928 0.0
vn -0.999689 -0.024928 0.0
vn -0.997204 -0.074732 0.0
vn -0.992239 -0.124342 0.0
vn -0.997204 -0.074732 0.0
vn -0.992239 -0.124342 0.0
vn -0.984807 -0.173653 0.0
vn -0.974927 -0.222526 0.0
vn -0.984807 -0.173653 0.0
vn -0.962625 -0.270837 0.0
vn -0.974927 -0.222526 0.0
vn -0.962625 -0.270837 0.0
vn -0.94793 -0.318478 0.0
vn -0.94793 -0.318478 0.0
vn -0.930869 -0.365353 0.0
vn -0.911511 -0.411275 0.0
vn -0.930869 -0.365353 0.0
vn -0.911511 -0.411275 0.0
vn -0.889881 -0.456193 0.0
vn -0.889881 -0.456193 0.0
vn -0.866006 -0.500033 0.0
vn -0.866006 -0.500033 0.0
vn -0.840028 -0.542543 0.0
vn -0.840028 -0.542543 0.0
vn -0.811955 -0.58372 0.0
vn -0.811955 -0.58372 0.0
vn -0.781814 -0.623512 0.0
vn -0.781814 -0.623512 0.0
vn -0.749774 -0.661694 0.0
vn -0.749774 -0.661694 0.0
vn -0.715878 -0.698225 0.0
vn -0.715878 -0.698225 0.0
vn -0.680182 -0.733044 0.0
vn -0.680182 -0.733044 0.0
vn -0.642768 -0.766061 0.0
vn -0.642768 -0.766061 0.0
vn -0.603857 -0.797092 0.0
vn -0.603857 -0.797092 0.0
vn -0.563298 -0.826254 0.0
vn -0.521457 -0.853278 0.0
vn -0.563298 -0.826254 0.0
vn -0.521457 -0.853278 0.0
vn -0.478223 -0.878239 0.0
vn -0.433849 -0.900986 0.0
vn -0.478223 -0.878239 0.0
vn -0.433849 -0.900986 0.0
vn -0.388445 -0.921472 0.0
vn -0.342032 -0.939688 0.0
vn -0.388445 -0.921472 0.0
vn -0.342032 -0.939688 0.0
vn -0.294799 -0.955559 0.0
vn -0.294799 -0.955559 0.0
vn -0.246758 -0.969077 0.0
vn -0.198101 -0.980182 0.0
vn -0.246758 -0.969077 0.0
vn -0.149034 -0.988832 0.0
vn -0.198101 -0.980182 0.0
vn -0.149034 -0.988832 0.0
vn -0.09956 -0.995032 0.0
vn -0.049882 -0.998755 0.0
vn -0.09956 -0.995032 0.0
vn -0.049882 -0.998755 0.0
vn 0.0 -1.0 0.0
vn 0.049882 -0.998755 0.0
vn 0.0 -1.0 0.0
vn 0.049882 -0.998755 0.0
vn 0.09956 -0.995032 0.0
vn 0.149034 -0.988832 0.0
vn 0.09956 -0.995032 0.0
vn 0.149034 -0.988832 0.0
vn 0.198101 -0.980182 0.0
vn 0.198101 -0.980182 0.0
vn 0.246758 -0.969077 0.0
vn 0.246758 -0.969077 0.0
vn 0.294799 -0.955559 0.0
vn 0.294799 -0.955559 0.0
vn 0.342032 -0.939688 0.0
vn 0.342032 -0.939688 0.0
vn 0.388445 -0.921472 0.0
vn 0.388445 -0.921472 0.0
vn 0.433849 -0.900986 0.0
vn 0.433849 -0.900986 0.0
vn 0.478223 -0.878239 0.0
vn 0.478223 -0.878239 0.0
vn 0.521457 -0.853278 0.0
vn 0.521457 -0.853278 0.0
vn 0.563298 -0.826254 0.0
vn 0.563298 -0.826254 0.0
vn 0.603857 -0.797092 0.0
vn 0.603857 -0.797092 0.0
vn 0.642768 -0.766061 0.0
vn 0.642768 -0.766061 0.0
vn 0.680182 -0.733044 0.0
vn 0.680182 -0.733044 0.0
vn 0.715879 -0.698224 0.0
vn 0.715879 -0.698224 0.0
vn 0.749771 -0.661697 0.0
vn 0.749771 -0.661697 0.0
vn 0.781816 -0.62351 0.0
vn 0.781816 -0.62351 0.0
vn 0.811953 -0.583722 0.0
vn 0.811953 -0.583722 0.0
vn 0.840029 -0.542541 0.0
vn 0.840029 -0.542541 0.0
vn 0.866005 -0.500035 0.0
vn 0.866005 -0.500035 0.0
vn 0.889882 -0.456192 0.0
vn 0.889882 -0.456192 0.0
vn 0.911512 -0.411273 0.0
vn 0.911512 -0.411273 0.0
vn 0.930867 -0.365359 0.0
vn 0.930867 -0.365359 0.0
vn 0.947931 -0.318477 0.0
vn 0.947931 -0.318477 0.0
vn 0.962626 -0.270833 0.0
vn 0.962626 -0.270833 0.0
vn 0.974926 -0.222529 0.0
vn 0.974926 -0.222529 0.0
vn 0.984807 -0.173652 0.0
vn 0.984807 -0.173652 0.0
vn 0.992239 -0.124345 0.0
vn 0.992239 -0.124345 0.0
vn 0.997204 -0.074727 0.0
vn 0.997204 -0.074727 0.0
vn 0.999689 -0.024932 0.0
vn 0.999689 -0.024932 0.0
vn 0.999689 0.024932 0.0
vn 0.999689 0.024932 -0.0
vn 0.997204 0.074727 0.0
vn 0.997204 0.074727 -0.0
vn 0.992239 0.124345 0.0
vn 0.992239 0.124345 -0.0
vn 0.984807 0.173652 0.0
vn 0.984807 0.173652 -0.0
vn 0.974926 0.222529 0.0
vn 0.974926 0.222529 -0.0
vn 0.962626 0.270833 0.0
vn 0.962626 0.270833 -0.0
vn 0.947931 0.318477 0.0
vn 0.947931 0.318477 -0.0
vn 0.930867 0.365359 0.0
vn 0.930867 0.365359 -0.0
vn 0.911512 0.411273 0.0
vn 0.911512 0.411273 -0.0
vn 0.889882 0.456192 0.0
vn 0.889882 0.456192 -0.0
vn 0.866005 0.500035 0.0
vn 0.866005 0.500035 -0.0
vn 0.840029 0.542541 0.0
vn 0.840029 0.542541 -0.0
vn 0.811953 0.583722 0.0
vn 0.811953 0.583722 -0.0
vn 0.781816 0.62351 0.0
vn 0.781816 0.62351 -0.0
vn 0.749771 0.661697 0.0
vn 0.749771 0.661697 -0.0
vn 0.715879 0.698224 0.0
vn 0.715879 0.698224 -0.0
vn 0.680182 0.733044 0.0
vn 0.680182 0.733044 -0.0
vn 0.642768 0.766061 0.0
vn 0.642768 0.766061 -0.0
vn 0.603857 0.797092 0.0
vn 0.603857 0.797092 -0.0
vn 0.563298 0.826254 -0.0
vn 0.563298 0.826254 0.0
vn 0.521457 0.853278 -0.0
vn 0.521457 0.853278 0.0
vn 0.478223 0.878239 -0.0
vn 0.478223 0.878239 0.0
vn 0.433849 0.900986 -0.0
vn 0.433849 0.900986 0.0
vn 0.388445 0.921472 -0.0
vn 0.388445 0.921472 0.0
vn 0.342032 0.939688 0.0
vn 0.342032 0.939688 -0.0
vn 0.294799 0.955559 0.0
vn 0.294799 0.955559 -0.0
vn 0.246758 0.969077 0.0
vn 0.246758 0.969077 -0.0
vn 0.198101 0.980182 0.0
vn 0.198101 0.980182 -0.0
vn 0.149034 0.988832 0.0
vn 0.149034 0.988832 -0.0
vn 0.09956 0.995032 0.0
vn 0.09956 0.995032 -0.0
vn 0.049882 0.998755 -0.0
vn 0.049882 0.998755 -0.0
vn 0.0 1.0 0.0
vn 0.0 1.0 -0.0
vn -0.049882 0.998755 0.0
vn -0.049882 0.998755 0.0
vn -0.09956 0.995032 0.0
vn -0.09956 0.995032 0.0
vn -0.149034 0.988832 0.0
vn -0.149034 0.988832 0.0
vn -0.246758 0.969077 0.0
vn -0.198101 0.980182 0.0
vn -0.198101 0.980182 0.0
vn -0.246758 0.969077 0.0
vn -0.294799 0.955559 0.0
vn -0.294799 0.955559 0.0
vn -0.342032 0.939688 0.0
vn -0.342032 0.939688 0.0
vn -0.388445 0.921472 0.0
vn -0.433849 0.900986 0.0
vn -0.388445 0.921472 0.0
vn -0.433849 0.900986 0.0
vn -0.478223 0.878239 0.0
vn -0.478223 0.878239 0.0
vn -0.521457 0.853278 0.0
vn -0.521457 0.853278 0.0
vn -0.563298 0.826254 0.0
vn -0.603857 0.797092 0.0
vn -0.563298 0.826254 0.0
vn -0.603857 0.797092 0.0
vn -0.642768 0.766061 0.0
vn -0.680182 0.733044 0.0
vn -0.642768 0.766061 0.0
vn -0.680182 0.733044 0.0
vn -0.715878 0.698225 0.0
vn -0.715878 0.698225 0.0
vn -0.749774 0.661694 0.0
vn -0.749774 0.661694 0.0
vn -0.781814 0.623512 0.0
vn -0.781814 0.623512 0.0
vn -0.811955 0.58372 0.0
vn -0.811955 0.58372 0.0
vn -0.840028 0.542543 0.0
vn -0.840028 0.542543 0.0
vn -0.866006 0.500033 0.0
vn -0.866006 0.500033 0.0
vn -0.889881 0.456193 0.0
vn -0.889881 0.456193 0.0
vn -0.911511 0.411275 0.0
vn -0.911511 0.411275 0.0
vn -0.930869 0.365353 0.0
vn -0.930869 0.365353 0.0
vn -0.94793 0.318478 0.0
vn -0.94793 0.318478 0.0
vn -0.962625 0.270837 0.0
vn -0.962625 0.270837 0.0
vn -0.974927 0.222526 0.0
vn -0.974927 0.222526 0.0
vn -0.984807 0.173653 0.0
vn -0.984807 0.173653 0.0
vn -0.992239 0.124342 0.0
vn -0.992239 0.124342 0.0
vn -0.997204 0.074732 0.0
vn -0.997204 0.074732 0.0
vn -0.999689 0.024928 0.0
vn -0.999689 0.024928 0.0
vn 1.0 0.0 0.0
vn 1.0 -0.0 0.0
vn 1.0 0.0 0.0
vn 1.0 -0.0 0.0
vn 1.0 -0.0 0.0
vn 1.0 0.0 0.0
vn 1.0 0.0 -0.0
vn 1.0 0.0 0.0
vn 0.0 1.0 0.0
vn 0.0 1.0 0.0
vn -1.0 0.0 -0.0
vn -1.0 -0.0 0.0
vn 0.0 -1.0 0.0
vn 0.0 -1.0 0.0
vn 0.0 0.0 1.0
vn 0.0 0.0 1.0
vn 0.0 0.0 1.0
vn 0.0 0.0 1.0
vn 0.0 0.0 1.0
vn 0.0 0.0 1.0
vn 0.0 0.0 1.0
vn 0.0 0.0 1.0
vn 0.0 0.0 1.0
vn 0.0 0.0 1.0
vn 0.0 0.0 1.0
vn 0.0 0.0 1.0
vn 0.0 0.0 1.0
vn 0.0 0.0 1.0
vn 0.0 0.0 1.0
vn 0.0 0.0 1.0
vn 0.0 0.0 1.0
vn 0.0 0.0 1.0
vn 0.0 0.0 1.0
vn 0.0 0.0 1.0
vn 0.0 0.0 1.0
vn 0.0 0.0 1.0
vn 0.0 0.0 1.0
vn 0.0 0.0 1.0
vn 0.0 0.0 1.0
vn 0.0 0.0 1.0
vn 0.0 0.0 1.0
vn 0.0 0.0 1.0
vn 0.0 0.0 1.0
vn 0.0 0.0 1.0
vn 0.0 0.0 1.0
vn 0.0 0.0 1.0
vn 0.0 0.0 1.0
vn 0.0 0.0 1.0
vn 0.0 0.0 1.0
vn 0.0 0.0 1.0
vn 0.0 0.0 1.0
vn 0.0 0.0 1.0
vn 0.0 0.0 1.0
vn 0.0 0.0 1.0
vn 0.0 0.0 1.0
vn 0.0 0.0 1.0
vn 0.0 0.0 1.0
vn 0.0 0.0 1.0
vn 0.0 0.0 1.0
vn 0.0 0.0 1.0
vn 0.0 0.0 1.0
vn 0.0 0.0 1.0
vn 0.0 0.0 1.0
vn 0.0 0.0 1.0
vn 0.0 0.0 1.0
vn 0.0 0.0 1.0
vn 0.0 0.0 1.0
vn 0.0 0.0 1.0
vn 0.0 0.0 1.0
vn 0.0 0.0 1.0
vn 0.0 0.0 1.0
vn 0.0 0.0 1.0
vn 0.0 0.0 1.0
vn 0.0 0.0 1.0
vn 0.0 0.0 1.0
vn 0.0 0.0 1.0
vn 0.0 0.0 1.0
vn 0.0 0.0 1.0
vn 0.0 0.0 1.0
vn 0.0 0.0 1.0
vn 0.0 0.0 1.0
vn 0.0 0.0 1.0
vn 0.0 0.0 1.0
vn 0.0 0.0 1.0
vn 0.0 0.0 1.0
vn 0.0 0.0 1.0
vn 0.0 0.0 1.0
vn 0.0 0.0 1.0
vn 0.0 0.0 1.0
vn 0.0 0.0 1.0
vn 0.0 0.0 1.0
vn 0.0 0.0 1.0
vn 0.0 0.0 1.0
vn 0.0 0.0 1.0
vn 0.0 0.0 1.0
vn 0.0 0.0 1.0
vn 0.0 0.0 1.0
vn 0.0 0.0 1.0
vn 0.0 0.0 1.0
vn 0.0 0.0 1.0
vn 0.0 0.0 1.0
vn 0.0 0.0 1.0
vn 0.0 0.0 1.0
vn 0.0 0.0 1.0
vn 0.0 0.0 1.0
vn 0.0 0.0 1.0
vn 0.0 0.0 1.0
vn 0.0 0.0 1.0
vn 0.0 0.0 1.0
vn 0.0 0.0 1.0
vn 0.0 0.0 1.0
vn 0.0 0.0 1.0
vn 0.0 0.0 1.0
vn 0.0 0.0 1.0
vn 0.0 0.0 1.0
vn 0.0 0.0 1.0
vn 0.0 0.0 1.0
vn 0.0 0.0 1.0
vn 0.0 0.0 1.0
vn 0.0 0.0 1.0
vn 0.0 0.0 1.0
vn 0.0 0.0 1.0
vn 0.0 0.0 1.0
vn 0.0 0.0 1.0
vn 0.0 0.0 1.0
vn 0.0 0.0 1.0
vn 0.0 0.0 1.0
vn 0.0 0.0 1.0
vn 0.0 0.0 1.0
vn 0.0 0.0 1.0
vn 0.0 0.0 1.0
vn 0.0 0.0 1.0
vn 0.0 0.0 1.0
vn 0.0 0.0 1.0
vn 0.0 0.0 1.0
vn 0.0 0.0 1.0
vn 0.0 0.0 1.0
vn 0.0 0.0 1.0
vn 0.0 0.0 1.0
vn 0.0 0.0 1.0
vn 0.0 0.0 1.0
vn 0.0 0.0 1.0
vn 0.0 0.0 1.0
vn 0.0 0.0 1.0
vn 0.0 0.0 1.0
vn 0.0 0.0 1.0
vn 0.0 0.0 1.0
vn 0.0 0.0 1.0
vn 0.0 0.0 1.0
vn 0.0 0.0 1.0
vn 0.0 0.0 1.0
vn 0.0 0.0 1.0
vn 0.0 0.0 1.0
vn 0.0 0.0 1.0
vn 0.0 0.0 1.0
vn 0.0 0.0 1.0
vn 0.0 0.0 1.0
vn 0.0 0.0 1.0
vn 0.0 0.0 1.0
vn 0.0 0.0 1.0
vn 0.0 0.0 1.0
vn 0.0 0.0 1.0
vn 0.0 0.0 1.0
vn 0.0 0.0 1.0
vn 0.0 0.0 1.0
vn 0.0 0.0 1.0
vn 0.0 0.0 1.0
vn 0.0 0.0 1.0
vn 0.0 0.0 1.0
vn 0.0 0.0 1.0
vn 0.0 0.0 1.0
vn 0.0 0.0 1.0
vn 0.0 0.0 1.0
vn 0.0 0.0 1.0
vn 0.0 0.0 1.0
vn 0.0 0.0 1.0
vn 0.0 0.0 1.0
vn 0.0 0.0 1.0
vn 0.0 0.0 1.0
vn 0.0 0.0 1.0
vn 0.0 0.0 1.0
vn 0.0 0.0 1.0
vn 0.0 0.0 1.0
vn 0.0 0.0 1.0
vn 0.0 0.0 1.0
vn 0.0 0.0 1.0
vn 0.0 0.0 1.0
vn 0.0 0.0 1.0
vn 0.0 0.0 1.0
vn 0.0 0.0 1.0
vn 0.0 0.0 1.0
vn 0.0 0.0 1.0
vn 0.0 0.0 1.0
vn 0.0 0.0 1.0
vn 0.0 0.0 1.0
vn 0.0 0.0 1.0
vn 0.0 0.0 1.0
vn 0.0 0.0 1.0
vn 0.0 0.0 1.0
vn 0.0 0.0 1.0
vn 0.0 0.0 1.0
vn 0.0 0.0 1.0
vn 0.0 0.0 1.0
vn 0.0 0.0 1.0
vn 0.0 0.0 1.0
vn 0.0 0.0 1.0
vn 0.0 0.0 1.0
vn 0.0 0.0 1.0
vn 0.0 0.0 1.0
vn 0.0 0.0 1.0
vn 0.0 0.0 1.0
vn 0.0 0.0 1.0
vn 0.0 0.0 1.0
vn 0.0 0.0 1.0
vn 0.0 0.0 1.0
vn 0.0 0.0 1.0
vn 0.0 0.0 1.0
vn 0.0 0.0 1.0
vn 0.0 0.0 1.0
vn 0.0 0.0 1.0
vn 0.0 0.0 1.0
vn 0.0 0.0 1.0
vn 0.0 0.0 1.0
vn 0.0 0.0 1.0
vn 0.0 0.0 1.0
vn 0.0 0.0 1.0
vn 0.0 0.0 1.0
vn 0.0 0.0 1.0
vn 0.0 0.0 1.0
vn 0.0 0.0 1.0
vn 0.0 0.0 1.0
vn 0.0 0.0 1.0
vn 0.0 0.0 1.0
vn 0.0 0.0 1.0
vn 0.0 0.0 1.0
vn 0.0 0.0 1.0
vn 0.0 0.0 1.0
vn 0.0 0.0 1.0
vn 0.0 0.0 1.0
vn 0.0 0.0 1.0
vn 0.0 0.0 1.0
vn 0.0 0.0 1.0
vn 0.0 0.0 1.0
vn 0.0 0.0 1.0
vn 0.0 0.0 1.0
vn 0.0 0.0 1.0
vn 0.0 0.0 1.0
vn 0.0 0.0 1.0
vn 0.0 0.0 1.0
vn 0.0 0.0 1.0
vn 0.0 0.0 1.0
vn 0.0 0.0 1.0
vn 0.0 0.0 1.0
vn 0.0 0.0 1.0
vn 0.0 0.0 1.0
vn 0.0 0.0 1.0
vn 0.0 0.0 1.0
vn 0.0 0.0 1.0
vn 0.0 0.0 1.0
vn 0.0 0.0 1.0
vn 0.0 0.0 1.0
vn 0.0 0.0 1.0
vn 0.0 0.0 1.0
vn 0.0 0.0 1.0
vn 0.0 0.0 1.0
vn 0.0 0.0 1.0
vn 0.0 0.0 1.0
vn 0.0 0.0 1.0
vn 0.0 0.0 1.0
vn 0.0 0.0 1.0
vn 0.0 0.0 1.0
vn 0.0 0.0 1.0
vn 0.0 0.0 1.0
vn 0.0 0.0 1.0
vn 0.0 0.0 1.0
vn 0.0 0.0 1.0
vn 0.0 0.0 1.0
vn 0.0 0.0 1.0
vn 0.0 0.0 1.0
vn 0.0 0.0 1.0
vn 0.0 0.0 1.0
vn 0.0 0.0 1.0
vn 0.0 0.0 1.0
vn 0.0 0.0 1.0
vn 0.0 0.0 1.0
vn 0.0 0.0 1.0
vn 0.0 0.0 1.0
vn 0.0 0.0 1.0
vn 0.0 0.0 1.0
vn 0.0 0.0 1.0
vn 0.0 0.0 1.0
vn 0.0 0.0 1.0
vn 0.0 0.0 1.0
vn 0.0 0.0 1.0
vn 0.0 0.0 1.0
vn 0.0 0.0 1.0
vn 0.0 0.0 1.0
vn 0.0 0.0 1.0
vn 0.0 0.0 1.0
vn 0.0 0.0 1.0
vn 0.0 0.0 1.0
vn 0.0 0.0 1.0
vn 0.0 0.0 1.0
vn 0.0 0.0 1.0
vn 0.0 0.0 1.0
vn 0.0 0.0 1.0
vn 0.0 0.0 1.0
vn 0.0 0.0 1.0
vn 0.0 0.0 1.0
vn 0.0 0.0 1.0
vn 0.0 0.0 1.0
vn 0.0 0.0 1.0
vn 0.0 0.0 1.0
vn 0.0 0.0 1.0
vn 0.0 0.0 1.0
vn 0.0 0.0 1.0
vn 0.0 0.0 1.0
vn 0.0 0.0 1.0
vn 0.0 0.0 1.0
vn 0.0 0.0 1.0
vn 0.0 0.0 1.0
vn 0.0 0.0 1.0
vn 0.0 0.0 1.0
vn 0.0 0.0 1.0
vn 0.0 0.0 1.0
vn 0.0 0.0 1.0
vn 0.0 0.0 1.0
vn 0.0 0.0 1.0
vn 0.0 0.0 1.0
vn 0.0 0.0 1.0
vn 0.0 0.0 1.0
vn 0.0 0.0 1.0
vn 0.0 0.0 1.0
vn 0.0 0.0 1.0
vn 0.0 0.0 1.0
vn 0.0 0.0 1.0
vn 0.0 0.0 1.0
vn 0.0 0.0 1.0
vn 0.0 0.0 1.0
vn 0.0 0.0 1.0
vn 0.0 0.0 1.0
vn 0.0 0.0 1.0
vn 0.0 0.0 1.0
vn 0.0 0.0 1.0
vn 0.0 0.0 1.0
vn 0.0 0.0 1.0
vn 0.0 0.0 1.0
vn 0.0 0.0 1.0
vn 0.0 0.0 1.0
vn 0.0 0.0 1.0
vn 0.0 0.0 1.0
vn 0.0 0.0 1.0
vn 0.0 0.0 1.0
vn 0.0 0.0 1.0
vn 0.0 0.0 1.0
vn 0.0 0.0 1.0
vn 0.0 0.0 1.0
vn 0.0 0.0 1.0
vn 0.0 0.0 1.0
vn 0.0 0.0 1.0
vn 0.0 0.0 1.0
vn 0.0 0.0 1.0
vn 0.0 0.0 1.0
vn 0.0 0.0 1.0
vn 0.0 0.0 1.0
vn 0.0 0.0 1.0
vn 0.0 0.0 1.0
vn 0.0 0.0 1.0
vn 0.0 0.0 1.0
vn 0.0 0.0 1.0
vn 0.0 0.0 1.0
vn 0.0 0.0 1.0
vn 0.0 0.0 1.0
vn 0.0 0.0 1.0
vn 0.0 0.0 1.0
vn 0.0 0.0 1.0
vn 0.0 0.0 1.0
vn 0.0 0.0 1.0
vn 0.0 0.0 1.0
vn 0.0 0.0 1.0
vn 0.0 0.0 1.0
vn 0.0 0.0 1.0
vn 0.0 0.0 1.0
vn 0.0 0.0 1.0
vn 0.0 0.0 1.0
vn 0.0 0.0 1.0
vn 0.0 0.0 1.0
vn 0.0 0.0 1.0
vn 0.0 0.0 1.0
vn 0.0 0.0 1.0
vn 0.0 0.0 1.0
vn 0.0 0.0 1.0
vn 0.0 0.0 1.0
vn 0.0 0.0 1.0
vn 0.0 0.0 1.0
vn 0.0 0.0 1.0
vn 0.0 0.0 1.0
vn 0.0 0.0 1.0
vn 0.0 0.0 1.0
vn 0.0 0.0 1.0
vn 0.0 0.0 1.0
vn 0.0 0.0 1.0
vn 0.0 0.0 1.0
vn 0.0 0.0 1.0
vn 0.0 0.0 1.0
vn 0.0 0.0 1.0
vn 0.0 0.0 1.0
vn 0.0 0.0 1.0
vn 0.0 0.0 1.0
vn 0.0 0.0 1.0
vn 0.0 0.0 1.0
vn 0.0 0.0 1.0
vn 0.0 0.0 1.0
vn 0.0 0.0 1.0
vn 0.0 0.0 1.0
vn 0.0 0.0 1.0
vn 0.0 0.0 1.0
vn 0.0 0.0 1.0
vn 0.0 0.0 1.0
vn 0.0 0.0 1.0
vn 0.0 0.0 1.0
vn 0.0 0.0 1.0
vn 0.0 0.0 1.0
vn 0.0 0.0 1.0
vn 0.0 0.0 1.0
vn 0.0 0.0 1.0
vn 0.0 0.0 1.0
vn 0.0 0.0 1.0
vn 0.0 0.0 1.0
vn 0.0 0.0 1.0
vn 0.0 0.0 1.0
vn 0.0 0.0 1.0
vn 0.0 0.0 1.0
vn 0.0 0.0 1.0
vn 0.0 0.0 1.0
vn 0.0 0.0 1.0
vn 0.0 0.0 1.0
vn 0.0 0.0 1.0
vn 0.0 0.0 1.0
vn 0.0 0.0 1.0
vn 0.0 0.0 1.0
vn 0.0 0.0 1.0
vn 0.0 0.0 1.0
vn 0.0 0.0 1.0
vn 0.0 0.0 1.0
vn 0.0 0.0 1.0
vn 0.0 0.0 1.0
vn 0.0 0.0 1.0
vn 0.0 0.0 1.0
vn 0.0 0.0 1.0
vn 0.0 0.0 1.0
vn 0.0 0.0 1.0
vn 0.0 0.0 1.0
vn 0.0 0.0 1.0
vn 0.0 0.0 1.0
vn 0.0 0.0 1.0
vn 0.0 0.0 1.0
vn 0.0 0.0 1.0
vn 0.0 0.0 1.0
vn 0.0 0.0 1.0
vn 0.0 0.0 1.0
vn 0.0 0.0 1.0
vn 0.0 0.0 1.0
vn 0.0 0.0 1.0
vn 0.0 0.0 1.0
vn 0.0 0.0 1.0
vn 0.0 0.0 1.0
vn 0.0 0.0 1.0
vn 0.0 0.0 1.0
vn 0.0 0.0 1.0
vn 0.0 0.0 1.0
vn 0.0 0.0 1.0
vn 0.0 0.0 1.0
vn 0.0 0.0 1.0
vn 0.0 0.0 1.0
vn 0.0 0.0 1.0
vn 0.0 0.0 1.0
vn 0.0 0.0 1.0
vn 0.0 0.0 1.0
vn 0.0 0.0 1.0
vn 0.0 0.0 1.0
vn 0.0 0.0 1.0
vn 0.0 0.0 1.0
vn 0.0 0.0 1.0
vn 0.0 0.0 1.0
vn 0.0 0.0 1.0
vn 0.0 0.0 1.0
vn 0.0 0.0 1.0
vn 0.0 0.0 1.0
vn 0.0 0.0 1.0
vn 0.0 0.0 1.0
vn 0.0 0.0 1.0
vn 0.0 0.0 1.0
vn 0.0 0.0 1.0
vn 0.0 0.0 1.0
vn 0.0 0.0 1.0
vn 0.0 0.0 1.0
vn 0.0 0.0 1.0
vn 0.0 0.0 1.0
vn 0.0 0.0 1.0
vn 0.0 0.0 1.0
vn 0.0 0.0 1.0
vn 0.0 0.0 1.0
vn 0.0 0.0 1.0
vn 0.0 0.0 1.0
vn 0.0 0.0 1.0
vn 0.0 0.0 1.0
vn 0.0 0.0 1.0
vn 0.0 0.0 1.0
vn 0.0 0.0 1.0
vn 0.0 0.0 1.0
vn 0.0 0.0 1.0
vn 0.0 0.0 1.0
vn 0.0 0.0 1.0
vn 0.0 0.0 1.0
vn 0.0 0.0 1.0
vn 0.0 0.0 1.0
vn 0.0 0.0 1.0
vn 0.0 0.0 1.0
vn 0.0 0.0 1.0
vn 0.0 0.0 1.0
vn 0.0 0.0 1.0
vn 0.0 0.0 1.0
vn 0.0 0.0 1.0
vn 0.0 0.0 1.0
vn 0.0 0.0 1.0
vn 0.0 0.0 1.0
vn 0.0 0.0 1.0
vn 0.0 0.0 1.0
vn 0.0 0.0 1.0
vn 0.0 0.0 1.0
vn 0.0 0.0 1.0
vn 0.0 0.0 1.0
vn 0.0 0.0 1.0
vn 0.0 0.0 1.0
vn 0.0 0.0 1.0
vn 0.0 0.0 1.0
vn 0.0 0.0 1.0
vn 0.0 0.0 1.0
vn 0.0 0.0 1.0
vn 0.0 0.0 1.0
vn 0.0 0.0 1.0
vn 0.0 0.0 1.0
vn 0.0 0.0 1.0
vn 0.0 0.0 1.0
vn 0.0 0.0 1.0
vn 0.0 0.0 1.0
vn 0.0 0.0 1.0
vn 0.0 0.0 1.0
vn 0.0 0.0 1.0
vn 0.0 0.0 1.0
vn 0.0 0.0 1.0
vn 0.0 0.0 1.0
vn 0.0 0.0 1.0
vn 0.0 0.0 1.0
vn 0.0 0.0 1.0
vn 0.0 0.0 1.0
vn 0.0 0.0 1.0
vn 0.0 0.0 1.0
vn 0.0 0.0 1.0
vn 0.0 0.0 1.0
vn 0.0 0.0 1.0
vn 0.0 0.0 1.0
vn 0.0 0.0 1.0
vn 0.0 0.0 1.0
vn 0.0 0.0 1.0
vn 0.0 0.0 1.0
vn 0.0 0.0 1.0
vn 0.0 0.0 1.0
vn 0.0 0.0 1.0
vn 0.0 0.0 1.0
vn 0.0 0.0 1.0
vn 0.0 0.0 1.0
vn 0.0 0.0 1.0
vn 0.0 0.0 1.0
vn 0.0 0.0 1.0
vn 0.0 0.0 1.0
vn 0.0 0.0 1.0
vn 0.0 0.0 1.0
vn 0.0 0.0 1.0
vn 0.0 0.0 1.0
vn 0.0 0.0 1.0
vn 0.0 0.0 1.0
vn 0.0 0.0 1.0
vn 0.0 0.0 1.0
vn 0.0 0.0 1.0
vn 0.0 0.0 1.0
vn 0.0 0.0 1.0
vn 0.0 0.0 1.0
vn 0.0 0.0 1.0
vn 0.0 0.0 1.0
vn 0.0 0.0 1.0
vn 0.0 0.0 1.0
vn 0.0 0.0 1.0
vn 0.0 0.0 1.0
vn 0.0 0.0 1.0
vn 0.0 0.0 1.0
vn 0.0 0.0 1.0
vn 0.0 0.0 1.0
vn 0.0 0.0 1.0
vn 0.0 0.0 1.0
vn 0.0 0.0 1.0
vn 0.0 0.0 1.0
vn 0.0 0.0 1.0
vn 0.0 0.0 1.0
vn 0.0 0.0 1.0
vn 0.0 0.0 1.0
vn 0.0 0.0 1.0
vn 0.0 0.0 1.0
vn 0.0 0.0 1.0
vn 0.0 0.0 1.0
vn 0.0 0.0 1.0
vn 0.0 0.0 1.0
vn 0.0 0.0 1.0
vn 0.0 0.0 1.0
vn 0.0 0.0 1.0
vn 0.0 0.0 1.0
vn 0.0 0.0 1.0
vn 0.0 0.0 1.0
vn 0.0 0.0 1.0
vn 0.0 0.0 1.0
vn 0.0 0.0 1.0
vn 0.0 0.0 1.0
vn 0.0 0.0 1.0
vn 0.0 0.0 1.0
vn 0.0 0.0 1.0
vn 0.0 0.0 1.0
vn 0.0 0.0 1.0
vn 0.0 0.0 1.0
vn 0.0 0.0 1.0
vn 0.0 0.0 1.0
vn 0.0 0.0 1.0
vn 0.0 0.0 1.0
vn 0.0 0.0 1.0
vn 0.0 0.0 1.0
vn 0.0 0.0 1.0
vn 0.0 0.0 1.0
vn 0.0 0.0 1.0
vn 0.0 0.0 1.0
vn 0.0 0.0 1.0
vn 0.0 0.0 1.0
vn 0.0 0.0 1.0
vn 0.0 0.0 1.0
vn 0.0 0.0 1.0
vn 0.0 0.0 1.0
vn 0.0 0.0 1.0
vn 0.0 0.0 1.0
vn 0.0 0.0 1.0
vn 0.0 0.0 1.0
vn 0.0 0.0 1.0
vn 0.0 0.0 1.0
vn 0.0 0.0 1.0
vn 0.0 0.0 1.0
vn 0.0 0.0 1.0
vn 0.0 0.0 1.0
vn 0.0 0.0 1.0
vn 0.0 0.0 1.0
vn 0.0 0.0 1.0
vn 0.0 0.0 1.0
vn 0.0 0.0 1.0
vn 0.0 0.0 1.0
vn 0.0 0.0 1.0
vn 0.0 0.0 1.0
vn 0.0 0.0 1.0
vn 0.0 0.0 1.0
vn 0.0 0.0 1.0
vn 0.0 0.0 1.0
vn 0.0 0.0 1.0
vn 0.0 0.0 1.0
vn 0.0 0.0 1.0
vn 0.0 0.0 1.0
vn 0.0 0.0 1.0
vn 0.0 0.0 1.0
vn 0.0 0.0 1.0
vn 0.0 0.0 1.0
vn 0.0 0.0 1.0
vn 0.0 0.0 1.0
vn 0.0 0.0 1.0
vn 0.0 0.0 1.0
vn 0.0 0.0 1.0
vn 0.0 0.0 1.0
vn 0.0 0.0 1.0
vn 0.0 0.0 1.0
vn 0.0 0.0 1.0
vn 0.0 0.0 1.0
vn 0.0 0.0 1.0
vn 0.0 0.0 1.0
vn 0.0 0.0 1.0
vn 0.0 0.0 1.0
vn 0.0 0.0 1.0
vn 0.0 0.0 1.0
vn 0.0 0.0 1.0
vn 0.0 0.0 1.0
vn 0.0 0.0 1.0
vn 0.0 0.0 1.0
vn 0.0 0.0 1.0
vn 0.0 0.0 1.0
vn 0.0 0.0 1.0
vn 0.0 0.0 1.0
vn 0.0 0.0 1.0
vn 0.0 0.0 1.0
vn 0.0 0.0 1.0
vn 0.0 0.0 1.0
vn 0.0 0.0 1.0
vn 0.0 0.0 1.0
vn 0.0 0.0 1.0
vn 0.0 0.0 1.0
vn 0.0 0.0 1.0
vn 0.0 0.0 1.0
vn 0.0 0.0 1.0
vn 0.0 0.0 1.0
vn 0.0 0.0 1.0
vn 0.0 0.0 1.0
vn 0.0 0.0 1.0
vn 0.0 0.0 1.0
vn 0.0 0.0 1.0
vn 0.0 0.0 1.0
vn 0.0 0.0 1.0
vn 0.0 0.0 1.0
vn 0.0 0.0 1.0
vn 0.0 0.0 1.0
vn 0.0 0.0 1.0
vn 0.0 0.0 1.0
vn 0.0 0.0 1.0
vn 0.0 0.0 1.0
vn 0.0 0.0 1.0
vn 0.0 0.0 1.0
vn 0.0 0.0 1.0
vn 0.0 0.0 1.0
vn 0.0 0.0 1.0
vn 0.0 0.0 1.0
vn 0.0 0.0 1.0
vn 0.0 0.0 1.0
vn 0.0 0.0 1.0
vn 0.0 0.0 1.0
vn 0.0 0.0 1.0
vn 0.0 0.0 1.0
vn 0.0 0.0 1.0
vn 0.0 0.0 1.0
vn 0.0 0.0 1.0
vn 0.0 0.0 1.0
vn 0.0 0.0 1.0
vn 0.0 0.0 1.0
vn 0.0 0.0 1.0
vn 0.0 0.0 1.0
vn 0.0 0.0 1.0
vn 0.0 0.0 1.0
vn 0.0 0.0 1.0
vn 0.0 0.0 1.0
vn 0.0 0.0 1.0
vn 0.0 0.0 1.0
vn 0.0 0.0 1.0
vn 0.0 0.0 1.0
vn 0.0 0.0 1.0
vn 0.0 0.0 1.0
vn 0.0 0.0 1.0
vn 0.0 0.0 1.0
vn 0.0 0.0 1.0
vn 0.0 0.0 1.0
vn 0.0 0.0 1.0
vn 0.0 0.0 1.0
vn 0.0 0.0 1.0
vn 0.0 0.0 1.0
vn 0.0 0.0 1.0
vn 0.0 0.0 1.0
vn 0.0 0.0 1.0
vn 0.0 0.0 1.0
vn 0.0 0.0 1.0
vn 0.0 0.0 1.0
vn 0.0 0.0 1.0
vn 0.0 0.0 1.0
vn 0.0 0.0 1.0
vn 0.0 0.0 1.0
vn 0.0 0.0 1.0
vn 0.0 0.0 1.0
vn 0.0 0.0 1.0
vn 0.0 0.0 1.0
vn 0.0 0.0 1.0
vn 0.0 0.0 1.0
vn 0.0 0.0 1.0
vn 0.0 0.0 1.0
vn 0.0 0.0 1.0
vn 0.0 0.0 1.0
vn 0.0 0.0 1.0
vn 0.0 0.0 1.0
vn 0.0 0.0 1.0
vn 0.0 0.0 1.0
vn 0.0 0.0 1.0
vn 0.0 0.0 1.0
vn 0.0 0.0 1.0
vn 0.0 0.0 1.0
vn 0.0 0.0 1.0
vn 0.0 0.0 1.0
vn 0.0 0.0 1.0
vn 0.0 0.0 1.0
vn 0.0 0.0 1.0
vn 0.0 0.0 1.0
vn 0.0 0.0 1.0
vn 0.0 0.0 1.0
vn 0.0 0.0 1.0
vn 0.0 0.0 1.0
vn 0.0 0.0 1.0
vn 0.0 0.0 1.0
vn 0.0 0.0 1.0
vn 0.0 0.0 1.0
vn 0.0 0.0 1.0
vn 0.0 0.0 1.0
vn 0.0 0.0 1.0
vn 0.0 0.0 1.0
vn 0.0 0.0 1.0
vn 0.0 0.0 1.0
vn 0.0 0.0 1.0
vn 0.0 0.0 1.0
vn 0.0 0.0 1.0
vn 0.0 0.0 1.0
vn 0.0 0.0 1.0
vn 0.0 0.0 1.0
vn 0.0 0.0 1.0
vn 0.0 0.0 1.0
vn 0.0 0.0 1.0
vn 0.0 0.0 1.0
vn 0.0 0.0 1.0
vn 0.0 0.0 1.0
vn 0.0 0.0 1.0
vn 0.0 0.0 1.0
vn 0.0 0.0 1.0
vn 0.0 0.0 1.0
vn 0.0 0.0 1.0
vn 0.0 0.0 1.0
vn 0.0 0.0 1.0
vn 0.0 0.0 1.0
vn 0.0 0.0 1.0
vn 0.0 0.0 1.0
vn 0.0 0.0 1.0
vn 0.0 0.0 1.0
vn 0.0 0.0 1.0
vn 0.0 0.0 1.0
vn 0.0 0.0 1.0
vn 0.0 0.0 1.0
vn 0.0 0.0 1.0
vn 0.0 0.0 1.0
vn 0.0 0.0 1.0
vn 0.0 0.0 1.0
vn 0.0 0.0 1.0
vn 0.0 0.0 1.0
vn 0.0 0.0 1.0
vn 0.0 0.0 1.0
vn 0.0 0.0 1.0
vn 0.0 0.0 1.0
vn 0.0 0.0 1.0
vn 0.0 0.0 1.0
vn 0.0 0.0 1.0
vn 0.0 0.0 1.0
vn 0.0 0.0 1.0
vn 0.0 0.0 1.0
vn 0.0 0.0 1.0
vn 0.0 0.0 1.0
vn 0.0 0.0 1.0
vn 0.0 0.0 1.0
vn 0.0 0.0 1.0
vn 0.0 0.0 1.0
vn 0.0 0.0 1.0
vn 0.0 0.0 1.0
vn 0.0 0.0 1.0
vn 0.0 0.0 1.0
vn 0.0 0.0 1.0
vn 0.0 0.0 1.0
vn 0.0 0.0 1.0
vn 0.0 0.0 1.0
vn 0.0 0.0 1.0
vn 0.0 0.0 1.0
vn 0.0 0.0 1.0
vn 0.0 0.0 1.0
vn 0.0 0.0 1.0
vn 0.0 0.0 1.0
vn 0.0 0.0 1.0
vn 0.0 0.0 1.0
vn 0.0 0.0 1.0
vn 0.0 0.0 1.0
vn 0.0 0.0 1.0
vn 0.0 0.0 1.0
vn 0.0 0.0 1.0
vn 0.0 0.0 1.0
vn 0.0 0.0 1.0
vn 0.0 0.0 1.0
vn 0.0 0.0 1.0
vn 0.0 0.0 1.0
vn 0.0 0.0 1.0
vn 0.0 0.0 1.0
vn 0.0 0.0 1.0
vn 0.0 0.0 1.0
vn 0.0 0.0 1.0
vn 0.0 0.0 1.0
vn 0.0 0.0 1.0
vn 0.0 0.0 1.0
vn 0.0 0.0 1.0
vn 0.0 0.0 1.0
vn 0.0 0.0 1.0
vn 0.0 0.0 1.0
vn 0.0 0.0 1.0
vn 0.0 0.0 1.0
vn 0.0 0.0 1.0
vn 0.0 0.0 1.0
vn 0.0 0.0 1.0
vn 0.0 0.0 1.0
vn 0.0 0.0 1.0
vn 0.0 0.0 1.0
vn 0.0 0.0 1.0
vn 0.0 0.0 1.0
vn 0.0 0.0 1.0
vn 0.0 0.0 1.0
vn 0.0 0.0 1.0
vn 0.0 0.0 1.0
vn 0.0 0.0 1.0
vn 0.0 0.0 1.0
vn 0.0 0.0 1.0
vn 0.0 0.0 1.0
vn 0.0 0.0 1.0
vn 0.0 0.0 1.0
vn 0.0 0.0 1.0
vn 0.0 0.0 1.0
vn 0.0 0.0 1.0
vn 0.0 0.0 1.0
vn 0.0 0.0 1.0
vn 0.0 0.0 1.0
vn 0.0 0.0 1.0
vn 0.0 0.0 1.0
vn 0.0 0.0 1.0
vn 0.0 0.0 1.0
vn 0.0 0.0 1.0
vn 0.0 0.0 1.0
vn 0.0 0.0 1.0
vn 0.0 0.0 1.0
vn 0.0 0.0 1.0
vn 0.0 0.0 1.0
vn 0.0 0.0 1.0
vn 0.0 0.0 1.0
vn 0.0 0.0 1.0
vn 0.0 0.0 1.0
vn 0.0 0.0 1.0
vn 0.0 0.0 1.0
vn 0.0 0.0 1.0
vn 0.0 0.0 1.0
vn 0.0 0.0 1.0
vn 0.0 0.0 1.0
vn 0.0 0.0 1.0
vn 0.0 0.0 1.0
vn 0.0 0.0 1.0
vn 0.0 0.0 1.0
vn 0.0 0.0 1.0
vn 0.0 0.0 1.0
vn 0.0 0.0 1.0
vn 0.0 0.0 1.0
vn 0.0 0.0 1.0
vn 0.0 0.0 1.0
vn 0.0 0.0 1.0
vn 0.0 0.0 1.0
vn 0.0 0.0 1.0
vn 0.0 0.0 1.0
vn 0.0 0.0 1.0
vn 0.0 0.0 1.0
vn 0.0 0.0 1.0
vn 0.0 0.0 1.0
vn 0.0 0.0 1.0
vn 0.0 0.0 1.0
vn 0.0 0.0 1.0
vn 0.0 0.0 1.0
vn 0.0 0.0 1.0
vn 0.0 0.0 1.0
vn 0.0 0.0 1.0
vn 0.0 0.0 1.0
vn 0.0 0.0 1.0
vn 0.0 0.0 1.0
vn 0.0 0.0 1.0
vn 0.0 0.0 1.0
vn 0.0 0.0 1.0
vn 0.0 0.0 1.0
vn 0.0 0.0 1.0
vn 0.0 0.0 1.0
vn 0.0 0.0 1.0
vn 0.0 0.0 1.0
vn 0.0 0.0 1.0
vn 0.0 0.0 1.0
vn 0.0 0.0 1.0
vn 0.0 0.0 1.0
vn 0.0 0.0 1.0
vn 0.0 0.0 1.0
vn 0.0 0.0 1.0
vn 0.0 0.0 1.0
vn 0.0 0.0 1.0
vn 0.0 0.0 1.0
vn 0.0 0.0 1.0
vn 0.0 0.0 1.0
vn 0.0 0.0 1.0
vn 0.0 0.0 1.0
vn 0.0 0.0 1.0
vn 0.0 0.0 1.0
vn 0.0 0.0 1.0
vn 0.0 0.0 1.0
vn 0.0 0.0 1.0
vn 0.0 0.0 1.0
vn 0.0 0.0 1.0
vn 0.0 0.0 1.0
vn 0.0 0.0 1.0
vn 0.0 0.0 1.0
vn 0.0 0.0 1.0
vn 0.0 0.0 1.0
vn 0.0 0.0 1.0
vn 0.0 0.0 1.0
vn 0.0 0.0 1.0
vn 0.0 0.0 1.0
vn 0.0 0.0 1.0
vn 0.0 0.0 1.0
vn 0.0 0.0 1.0
vn 0.0 0.0 1.0
vn 0.0 0.0 1.0
vn 0.0 0.0 1.0
vn 0.0 0.0 1.0
vn 0.0 0.0 1.0
vn 0.0 0.0 1.0
vn 0.0 0.0 1.0
vn 0.0 0.0 1.0
vn 0.0 0.0 1.0
vn 0.0 0.0 1.0
vn 0.0 0.0 1.0
vn 0.0 0.0 1.0
vn 0.0 0.0 1.0
vn 0.0 0.0 1.0
vn 0.0 0.0 1.0
vn 0.0 0.0 1.0
vn 0.0 0.0 1.0
vn 0.0 0.0 1.0
vn 0.0 0.0 1.0
vn 0.0 0.0 1.0
vn 0.0 0.0 1.0
vn 0.0 0.0 1.0
vn 0.0 0.0 1.0
vn 0.0 0.0 1.0
vn 0.0 0.0 1.0
vn 0.0 0.0 1.0
vn 0.0 0.0 1.0
vn 0.0 0.0 1.0
vn 0.0 0.0 1.0
vn 0.0 0.0 1.0
vn 0.0 0.0 1.0
vn 0.0 0.0 1.0
vn 0.0 0.0 1.0
vn 0.0 0.0 1.0
vn 0.0 0.0 1.0
vn 0.0 0.0 1.0
vn 0.0 0.0 1.0
vn 0.0 0.0 1.0
vn 0.0 0.0 1.0
vn 0.0 0.0 1.0
vn 0.0 0.0 1.0
vn 0.0 0.0 1.0
vn 0.0 0.0 1.0
vn 0.0 0.0 1.0
vn 0.0 0.0 1.0
vn 0.0 0.0 1.0
vn 0.0 0.0 1.0
vn 0.0 0.0 1.0
vn 0.0 0.0 1.0
vn 0.0 0.0 1.0
vn 0.0 0.0 1.0
vn 0.0 0.0 1.0
vn 0.0 0.0 1.0
vn 0.0 0.0 1.0
vn 0.0 0.0 1.0
vn 0.0 0.0 1.0
vn 0.0 0.0 1.0
vn 0.0 0.0 1.0
vn 0.0 0.0 1.0
vn 0.0 0.0 1.0
vn 0.0 0.0 1.0
vn 0.0 0.0 1.0
vn 0.0 0.0 1.0
vn 0.0 0.0 1.0
vn 0.0 0.0 1.0
vn 0.0 0.0 1.0
vn 0.0 0.0 1.0
vn 0.0 0.0 1.0
vn 0.0 0.0 1.0
vn 0.0 0.0 1.0
vn 0.0 0.0 1.0
vn 0.0 0.0 1.0
vn 0.0 0.0 1.0
vn 0.0 0.0 1.0
vn 0.0 0.0 1.0
vn 0.0 0.0 1.0
vn 0.0 0.0 1.0
vn 0.0 0.0 1.0
vn 0.0 0.0 1.0
vn 0.0 0.0 1.0
vn 0.0 0.0 1.0
vn 0.0 0.0 1.0
vn 0.0 0.0 1.0
vn 0.0 0.0 1.0
vn 0.0 0.0 1.0
vn 0.0 0.0 1.0
vn 0.0 0.0 1.0
vn 0.0 0.0 1.0
vn 0.0 0.0 1.0
vn 0.0 0.0 1.0
vn 0.0 0.0 1.0
vn 0.0 0.0 1.0
vn 0.0 0.0 1.0
vn 0.0 0.0 1.0
vn 0.0 0.0 1.0
vn 0.0 0.0 1.0
vn 0.0 0.0 1.0
vn 0.0 0.0 1.0
vn 0.0 0.0 1.0
vn 0.0 0.0 1.0
vn 0.0 0.0 1.0
vn 0.0 0.0 1.0
vn 0.0 0.0 1.0
vn 0.0 0.0 1.0
vn 0.0 0.0 1.0
vn 0.0 0.0 1.0
vn 0.0 0.0 1.0
vn 0.0 0.0 1.0
vn 0.0 0.0 1.0
vn 0.0 0.0 1.0
vn 0.0 0.0 1.0
vn 0.0 0.0 1.0
vn 0.0 0.0 1.0
vn 0.0 0.0 1.0
vn 0.0 0.0 1.0
vn 0.0 0.0 1.0
vn 0.0 0.0 1.0
vn 0.0 0.0 1.0
vn 0.0 0.0 1.0
vn 0.0 0.0 1.0
vn 0.0 0.0 1.0
vn 0.0 0.0 1.0
vn 0.0 0.0 1.0
vn 0.0 0.0 1.0
vn 0.0 0.0 1.0
vn 0.0 0.0 1.0
vn 0.0 0.0 1.0
vn 0.0 0.0 1.0
vn 0.0 0.0 1.0
vn 0.0 0.0 1.0
vn 0.0 0.0 1.0
vn 0.0 0.0 1.0
vn 0.0 0.0 1.0
vn 0.0 0.0 1.0
vn 0.0 0.0 1.0
vn 0.0 0.0 1.0
vn 0.0 0.0 1.0
vn 0.0 0.0 1.0
vn 0.0 0.0 1.0
vn 0.0 0.0 1.0
vn 0.0 0.0 1.0
vn 0.0 0.0 1.0
vn 0.0 0.0 1.0
vn 0.0 0.0 1.0
vn 0.0 0.0 1.0
vn 0.0 0.0 1.0
vn 0.0 0.0 1.0
vn 0.0 0.0 1.0
vn 0.0 0.0 1.0
vn 0.0 0.0 1.0
vn 0.0 0.0 1.0
vn 0.0 0.0 1.0
vn 0.0 0.0 1.0
vn 0.0 0.0 1.0
vn 0.0 0.0 1.0
vn 0.0 0.0 1.0
vn 0.0 0.0 1.0
vn 0.0 0.0 1.0
vn 0.0 0.0 1.0
vn 0.0 0.0 1.0
vn 0.0 0.0 1.0
vn 0.0 0.0 1.0
vn 0.0 0.0 1.0
vn 0.0 0.0 1.0
vn 0.0 0.0 1.0
vn 0.0 0.0 1.0
vn 0.0 0.0 1.0
vn 0.0 0.0 1.0
vn 0.0 0.0 1.0
vn 0.0 0.0 1.0
vn 0.0 0.0 1.0
vn 0.0 0.0 1.0
vn 0.0 0.0 1.0
vn 0.0 0.0 1.0
vn 0.0 0.0 1.0
vn 0.0 0.0 1.0
vn 0.0 0.0 1.0
vn 0.0 0.0 1.0
vn 0.0 0.0 1.0
vn 0.0 0.0 1.0
vn 0.0 0.0 1.0
vn 0.0 0.0 1.0
vn 0.0 0.0 1.0
vn 0.0 0.0 1.0
vn 0.0 0.0 1.0
vn 0.0 0.0 1.0
vn 0.0 0.0 1.0
vn 0.0 0.0 1.0
vn 0.0 0.0 1.0
vn 0.0 0.0 1.0
vn 0.0 0.0 1.0
vn 0.0 0.0 1.0
vn 0.0 0.0 1.0
vn 0.0 0.0 1.0
vn 0.0 0.0 1.0
vn 0.0 0.0 1.0
vn 0.0 0.0 1.0
vn 0.0 0.0 1.0
vn 0.0 0.0 1.0
vn 0.0 0.0 1.0
vn 0.0 0.0 1.0
vn 0.0 0.0 1.0
vn 0.0 0.0 1.0
vn 0.0 0.0 1.0
vn 0.0 0.0 1.0
vn 0.0 0.0 1.0
vn 0.0 0.0 1.0
vn 0.0 0.0 1.0
vn 0.0 0.0 1.0
vn 0.0 0.0 1.0
vn 0.0 0.0 1.0
vn 0.0 0.0 1.0
vn 0.0 0.0 1.0
vn 0.0 0.0 1.0
vn 0.0 0.0 1.0
vn 0.0 0.0 1.0
vn 0.0 0.0 1.0
vn 0.0 0.0 1.0
vn 0.0 0.0 1.0
vn 0.0 0.0 1.0
vn 0.0 0.0 1.0
vn 0.0 0.0 1.0
vn 0.0 0.0 1.0
vn 0.0 0.0 1.0
vn 0.0 0.0 1.0
vn 0.0 0.0 1.0
vn 0.0 0.0 1.0
vn 0.0 0.0 1.0
vn 0.0 0.0 1.0
vn 0.0 0.0 1.0
vn 0.0 0.0 1.0
vn 0.0 0.0 1.0
vn 0.0 0.0 1.0
vn 0.0 0.0 1.0
vn 0.0 0.0 1.0
vn 0.0 0.0 1.0
vn 0.0 0.0 1.0
vn 0.0 0.0 1.0
vn 0.0 0.0 1.0
vn 0.0 0.0 1.0
vn 0.0 0.0 1.0
vn 0.0 0.0 1.0
vn 0.0 0.0 1.0
vn 0.0 0.0 1.0
vn 0.0 0.0 1.0
vn 0.0 0.0 1.0
vn 0.0 0.0 1.0
vn 0.0 0.0 1.0
vn 0.0 0.0 1.0
vn 0.0 0.0 1.0
vn 0.0 0.0 1.0
vn 0.0 0.0 1.0
vn 0.0 0.0 1.0
vn 0.0 0.0 1.0
vn 0.0 0.0 1.0
vn 0.0 0.0 1.0
vn 0.0 0.0 1.0
vn 0.0 0.0 1.0
vn 0.0 0.0 1.0
vn 0.0 0.0 1.0
vn 0.0 0.0 1.0
vn 0.0 0.0 1.0
vn 0.0 0.0 1.0
vn 0.0 0.0 1.0
vn 0.0 0.0 1.0
vn 0.0 0.0 1.0
vn 0.0 0.0 1.0
vn 0.0 0.0 1.0
vn 0.0 0.0 1.0
vn 0.0 0.0 1.0
vn 0.0 0.0 1.0
vn 0.0 0.0 1.0
vn 0.0 0.0 1.0
vn 0.0 0.0 1.0
vn 0.0 0.0 1.0
vn 0.0 0.0 1.0
vn 0.0 0.0 1.0
vn 0.0 0.0 1.0
vn 0.0 0.0 1.0
vn 0.0 0.0 1.0
vn 0.0 0.0 1.0
vn 0.0 0.0 1.0
vn 0.0 0.0 1.0
vn 0.0 0.0 1.0
vn 0.0 0.0 1.0
vn 0.0 0.0 1.0
vn 0.0 0.0 1.0
vn 0.0 0.0 1.0
vn 0.0 0.0 1.0
vn 0.0 0.0 1.0
vn 0.0 0.0 1.0
vn 0.0 0.0 1.0
vn 0.0 0.0 1.0
vn 0.0 0.0 1.0
vn 0.0 0.0 1.0
vn 0.0 0.0 1.0
vn 0.0 0.0 1.0
vn 0.0 0.0 1.0
vn 0.0 0.0 1.0
vn 0.0 0.0 1.0
vn 0.0 0.0 1.0
vn 0.0 0.0 1.0
vn 0.0 0.0 1.0
vn 0.0 0.0 1.0
vn 0.0 0.0 1.0
vn 0.0 0.0 1.0
vn 0.0 0.0 1.0
vn 0.0 0.0 1.0
vn 0.0 0.0 1.0
vn 0.0 0.0 1.0
vn 0.0 0.0 1.0
vn 0.0 0.0 1.0
vn 0.0 0.0 1.0
vn 0.0 0.0 1.0
vn 0.0 0.0 1.0
vn 0.0 0.0 1.0
vn 0.0 0.0 1.0
vn 0.0 0.0 1.0
vn 0.0 0.0 1.0
vn 0.0 0.0 1.0
vn 0.0 0.0 1.0
vn 0.0 0.0 1.0
vn 0.0 0.0 1.0
vn 0.0 0.0 1.0
vn 0.0 0.0 1.0
vn 0.0 0.0 1.0
vn 0.0 0.0 1.0
vn 0.0 0.0 1.0
vn 0.0 0.0 1.0
vn 0.0 0.0 1.0
vn 0.0 0.0 1.0
vn 0.0 0.0 1.0
vn 0.0 0.0 1.0
vn 0.0 0.0 1.0
vn 0.0 0.0 1.0
vn 0.0 0.0 1.0
vn 0.0 0.0 1.0
vn 0.0 0.0 1.0
vn 0.0 0.0 1.0
vn 0.0 0.0 1.0
vn 0.0 0.0 1.0
vn 0.0 0.0 1.0
vn 0.0 0.0 1.0
vn 0.0 0.0 1.0
vn 0.0 0.0 1.0
vn 0.0 0.0 1.0
vn 0.0 0.0 1.0
vn 0.0 0.0 1.0
vn 0.0 0.0 1.0
vn 0.0 0.0 1.0
vn 0.0 0.0 1.0
vn 0.0 0.0 1.0
vn 0.0 0.0 1.0
vn 0.0 0.0 1.0
vn 0.0 0.0 1.0
vn 0.0 0.0 1.0
vn 0.0 0.0 1.0
vn 0.0 0.0 1.0
vn 0.0 0.0 1.0
vn 0.0 0.0 1.0
vn 0.0 0.0 1.0
vn 0.0 0.0 1.0
vn 0.0 0.0 1.0
vn 0.0 0.0 1.0
vn 0.0 0.0 1.0
vn 0.0 0.0 1.0
vn 0.0 0.0 1.0
vn 0.0 0.0 1.0
vn 0.0 0.0 1.0
vn 0.0 0.0 1.0
vn 0.0 0.0 1.0
vn 0.0 0.0 1.0
vn 0.0 0.0 1.0
vn 0.0 0.0 1.0
vn 0.0 0.0 1.0
vn 0.0 0.0 1.0
vn 0.0 0.0 1.0
vn 0.0 0.0 1.0
vn 0.0 0.0 1.0
vn 0.0 0.0 1.0
vn 0.0 0.0 1.0
vn 0.0 0.0 1.0
vn 0.0 0.0 1.0
vn 0.0 0.0 1.0
vn 0.0 0.0 1.0
vn 0.0 0.0 1.0
vn 0.0 0.0 1.0
vn 0.0 0.0 1.0
vn 0.0 0.0 1.0
vn 0.0 0.0 1.0
vn 0.0 0.0 1.0
vn 0.0 0.0 1.0
vn 0.0 0.0 1.0
vn 0.0 0.0 1.0
vn 0.0 0.0 1.0
vn 0.0 0.0 1.0
vn 0.0 0.0 1.0
vn 0.0 0.0 1.0
vn 0.0 0.0 1.0
vn 0.0 0.0 1.0
vn 0.0 0.0 1.0
vn 0.0 0.0 1.0
vn 0.0 0.0 1.0
vn 0.0 0.0 1.0
vn 0.0 0.0 1.0
vn 0.0 0.0 1.0
vn 0.0 0.0 1.0
vn 0.0 0.0 1.0
vn 0.0 0.0 1.0
vn 0.0 0.0 1.0
vn 0.0 0.0 1.0
vn 0.0 0.0 1.0
vn 0.0 0.0 1.0
vn 0.0 0.0 1.0
vn 0.0 0.0 1.0
vn 0.0 0.0 1.0
vn 0.0 0.0 1.0
vn 0.0 0.0 1.0
vn 0.0 0.0 1.0
vn 0.0 0.0 1.0
vn 0.0 0.0 1.0
vn 0.0 0.0 1.0
vn 0.0 0.0 1.0
vn 0.0 0.0 1.0
vn 0.0 0.0 1.0
vn 0.0 0.0 1.0
vn 0.0 0.0 1.0
vn 0.0 0.0 1.0
vn 0.0 0.0 1.0
vn 0.0 0.0 1.0
vn 0.0 0.0 1.0
vn 0.0 0.0 1.0
vn 0.0 0.0 1.0
vn 0.0 0.0 1.0
vn 0.0 0.0 1.0
vn 0.0 0.0 1.0
vn 0.0 0.0 1.0
vn 0.0 0.0 1.0
vn 0.0 0.0 1.0
vn 0.0 0.0 1.0
vn 0.0 0.0 1.0
vn 0.0 0.0 1.0
vn 0.0 0.0 1.0
vn 0.0 0.0 1.0
vn 0.0 0.0 1.0
vn 0.0 0.0 1.0
vn 0.0 0.0 1.0
vn 0.0 0.0 1.0
vn 0.0 0.0 1.0
vn 0.0 0.0 1.0
vn 0.0 0.0 1.0
vn 0.0 0.0 1.0
vn 0.0 0.0 1.0
vn 0.0 0.0 1.0
vn 0.0 0.0 1.0
vn 0.0 0.0 1.0
vn 0.0 0.0 1.0
vn 0.0 0.0 1.0
vn 0.0 0.0 1.0
vn 0.0 0.0 1.0
vn 0.0 0.0 1.0
vn 0.0 0.0 1.0
vn 0.0 0.0 1.0
vn 0.0 0.0 1.0
vn 0.0 0.0 1.0
vn 0.0 0.0 1.0
vn 0.0 0.0 1.0
vn 0.0 0.0 1.0
vn 0.0 0.0 1.0
vn 0.0 0.0 1.0
vn 0.0 0.0 1.0
vn 0.0 0.0 1.0
vn 0.0 0.0 1.0
vn 0.0 0.0 1.0
vn 0.0 0.0 1.0
vn 0.0 0.0 1.0
vn 0.0 0.0 1.0
vn 0.0 0.0 1.0
vn 0.0 0.0 1.0
vn 0.0 0.0 1.0
vn 0.0 0.0 1.0
vn 0.0 0.0 1.0
vn 0.0 0.0 1.0
vn 0.0 0.0 1.0
vn 0.0 0.0 1.0
vn 0.0 0.0 1.0
vn 0.0 0.0 1.0
vn 0.0 0.0 1.0
vn 0.0 0.0 1.0
vn 0.0 0.0 1.0
vn 0.0 0.0 1.0
vn 0.0 0.0 1.0
vn 0.0 0.0 1.0
vn 0.0 0.0 1.0
vn 0.0 0.0 1.0
vn 0.0 0.0 1.0
vn 0.0 0.0 1.0
vn 0.0 0.0 1.0
vn 0.0 0.0 1.0
vn 0.0 0.0 1.0
vn 0.0 0.0 1.0
vn 0.0 0.0 1.0
vn 0.0 0.0 1.0
vn 0.0 0.0 1.0
vn 0.0 0.0 1.0
vn -0.0 0.0 1.0
vn -0.999689 -0.024928 -0.0
vn -0.999689 -0.024928 0.0
vn -0.997204 -0.074734 0.0
vn -0.992239 -0.124349 0.0
vn -0.997204 -0.074734 -0.0
vn -0.992239 -0.124349 0.0
vn -0.984809 -0.173643 0.0
vn -0.974929 -0.222518 0.0
vn -0.984809 -0.173643 -0.0
vn -0.962623 -0.270844 0.0
vn -0.974929 -0.222518 0.0
vn -0.962623 -0.270844 0.0
vn -0.947928 -0.318484 0.0
vn -0.947928 -0.318484 -0.0
vn -0.930874 -0.365341 0.0
vn -0.911502 -0.411295 0.0
vn -0.930874 -0.365341 -0.0
vn -0.911502 -0.411295 0.0
vn -0.889873 -0.456208 0.0
vn -0.889873 -0.456208 -0.0
vn -0.866028 -0.499995 -0.0
vn -0.866028 -0.499995 0.0
vn -0.840025 -0.542548 -0.0
vn -0.840025 -0.542548 0.0
vn -0.811938 -0.583744 -0.0
vn -0.811938 -0.583744 0.0
vn -0.781837 -0.623483 -0.0
vn -0.781837 -0.623483 0.0
vn -0.749782 -0.661685 -0.0
vn -0.749782 -0.661685 0.0
vn -0.715869 -0.698234 -0.0
vn -0.715869 -0.698234 0.0
vn -0.680166 -0.733058 -0.0
vn -0.680166 -0.733058 0.0
vn -0.64278 -0.766051 -0.0
vn -0.64278 -0.766051 0.0
vn -0.60381 -0.797128 -0.0
vn -0.60381 -0.797128 0.0
vn -0.563315 -0.826242 -0.0
vn -0.563315 -0.826242 0.0
vn -0.521438 -0.853289 0.0
vn -0.521438 -0.853289 0.0
vn -0.478263 -0.878217 -0.0
vn -0.478263 -0.878217 0.0
vn -0.433867 -0.900977 0.0
vn -0.433867 -0.900977 0.0
vn -0.388445 -0.921472 0.0
vn -0.342009 -0.939697 0.0
vn -0.388445 -0.921472 -0.0
vn -0.342009 -0.939697 0.0
vn -0.294776 -0.955566 0.0
vn -0.294776 -0.955566 -0.0
vn -0.246758 -0.969077 0.0
vn -0.198126 -0.980176 0.0
vn -0.246758 -0.969077 -0.0
vn -0.149058 -0.988828 0.0
vn -0.198126 -0.980176 0.0
vn -0.149058 -0.988828 0.0
vn -0.099561 -0.995032 0.0
vn -0.049856 -0.998756 0.0
vn -0.099561 -0.995032 -0.0
vn -0.049856 -0.998756 0.0
vn 0.0 -1.0 0.0
vn 0.049856 -0.998756 0.0
vn -0.0 -1.0 -0.0
vn 0.049856 -0.998756 0.0
vn 0.099561 -0.995032 0.0
vn 0.149058 -0.988828 0.0
vn 0.099561 -0.995032 0.0
vn 0.149058 -0.988828 0.0
vn 0.198126 -0.980176 0.0
vn 0.198126 -0.980176 0.0
vn 0.246758 -0.969077 0.0
vn 0.246758 -0.969077 0.0
vn 0.294776 -0.955566 0.0
vn 0.294776 -0.955566 0.0
vn 0.342009 -0.939697 0.0
vn 0.342009 -0.939697 0.0
vn 0.388445 -0.921472 0.0
vn 0.388445 -0.921472 0.0
vn 0.433867 -0.900977 0.0
vn 0.433867 -0.900977 0.0
vn 0.478263 -0.878217 0.0
vn 0.478263 -0.878217 0.0
vn 0.521438 -0.853289 0.0
vn 0.521438 -0.853289 0.0
vn 0.563315 -0.826242 0.0
vn 0.563315 -0.826242 0.0
vn 0.60381 -0.797128 0.0
vn 0.60381 -0.797128 0.0
vn 0.64278 -0.766051 0.0
vn 0.64278 -0.766051 0.0
vn 0.68017 -0.733055 0.0
vn 0.68017 -0.733055 0.0
vn 0.715866 -0.698238 0.0
vn 0.715866 -0.698238 0.0
vn 0.749785 -0.661682 0.0
vn 0.749785 -0.661682 0.0
vn 0.781834 -0.623487 0.0
vn 0.781834 -0.623487 0.0
vn 0.811938 -0.583744 0.0
vn 0.811938 -0.583744 0.0
vn 0.840028 -0.542543 0.0
vn 0.840028 -0.542543 0.0
vn 0.866025 -0.5 0.0
vn 0.866025 -0.5 0.0
vn 0.88987 -0.456213 0.0
vn 0.88987 -0.456213 0.0
vn 0.911505 -0.41129 0.0
vn 0.911505 -0.41129 0.0
vn 0.930876 -0.365336 0.0
vn 0.930876 -0.365336 0.0
vn 0.947926 -0.31849 0.0
vn 0.947926 -0.31849 0.0
vn 0.962623 -0.270844 0.0
vn 0.962623 -0.270844 0.0
vn 0.974929 -0.222518 0.0
vn 0.974929 -0.222518 0.0
vn 0.984808 -0.173649 0.0
vn 0.984808 -0.173649 0.0
vn 0.992239 -0.124342 0.0
vn 0.992239 -0.124342 0.0
vn 0.997204 -0.074734 0.0
vn 0.997204 -0.074734 0.0
vn 0.999689 -0.024928 0.0
vn 0.999689 -0.024928 0.0
vn 0.999689 0.024928 0.0
vn 0.999689 0.024928 0.0
vn 0.997204 0.074734 0.0
vn 0.997204 0.074734 0.0
vn 0.992239 0.124342 0.0
vn 0.992239 0.124342 0.0
vn 0.984808 0.173649 0.0
vn 0.984808 0.173649 0.0
vn 0.974929 0.222518 0.0
vn 0.974929 0.222518 0.0
vn 0.962623 0.270844 0.0
vn 0.962623 0.270844 0.0
vn 0.947926 0.31849 0.0
vn 0.947926 0.31849 0.0
vn 0.930876 0.365336 0.0
vn 0.930876 0.365336 0.0
vn 0.911505 0.41129 0.0
vn 0.911505 0.41129 0.0
vn 0.88987 0.456213 0.0
vn 0.88987 0.456213 0.0
vn 0.866028 0.499995 0.0
vn 0.866028 0.499995 0.0
vn 0.840024 0.542549 0.0
vn 0.840024 0.542549 0.0
vn 0.811938 0.583744 0.0
vn 0.811938 0.583744 0.0
vn 0.781829 0.623493 0.0
vn 0.781829 0.623493 0.0
vn 0.749785 0.661682 0.0
vn 0.749785 0.661682 0.0
vn 0.715866 0.698238 0.0
vn 0.715866 0.698238 0.0
vn 0.680176 0.733048 0.0
vn 0.680176 0.733048 0.0
vn 0.642788 0.766044 0.0
vn 0.642788 0.766044 0.0
vn 0.603802 0.797134 0.0
vn 0.603802 0.797134 0.0
vn 0.563324 0.826236 0.0
vn 0.563324 0.826236 0.0
vn 0.521429 0.853295 0.0
vn 0.521429 0.853295 0.0
vn 0.478253 0.878222 0.0
vn 0.478253 0.878222 0.0
vn 0.433888 0.900967 0.0
vn 0.433888 0.900967 0.0
vn 0.388434 0.921477 0.0
vn 0.388434 0.921477 0.0
vn 0.34202 0.939692 0.0
vn 0.34202 0.939692 0.0
vn 0.294752 0.955574 0.0
vn 0.294752 0.955574 0.0
vn 0.246758 0.969077 0.0
vn 0.246758 0.969077 0.0
vn 0.198151 0.980172 0.0
vn 0.198151 0.980172 0.0
vn 0.149033 0.988832 0.0
vn 0.149033 0.988832 0.0
vn 0.099573 0.99503 0.0
vn 0.049843 0.998757 -0.0
vn 0.099573 0.99503 0.0
vn 0.049843 0.998757 0.0
vn 0.0 1.0 0.0
vn -0.0 1.0 0.0
vn -0.049843 0.998757 0.0
vn -0.049843 0.998757 0.0
vn -0.099573 0.99503 0.0
vn -0.099573 0.99503 0.0
vn -0.149033 0.988832 0.0
vn -0.149033 0.988832 0.0
vn -0.198151 0.980172 0.0
vn -0.246758 0.969077 0.0
vn -0.198151 0.980172 0.0
vn -0.246758 0.969077 0.0
vn -0.294752 0.955574 0.0
vn -0.294752 0.955574 0.0
vn -0.34202 0.939692 0.0
vn -0.34202 0.939692 0.0
vn -0.388434 0.921477 0.0
vn -0.433888 0.900967 0.0
vn -0.388434 0.921477 0.0
vn -0.433888 0.900967 0.0
vn -0.478253 0.878222 0.0
vn -0.478253 0.878222 0.0
vn -0.521429 0.853295 0.0
vn -0.521429 0.853295 0.0
vn -0.563324 0.826236 0.0
vn -0.603802 0.797134 0.0
vn -0.563324 0.826236 0.0
vn -0.603802 0.797134 0.0
vn -0.642788 0.766044 0.0
vn -0.680173 0.733051 0.0
vn -0.642788 0.766044 0.0
vn -0.680173 0.733051 0.0
vn -0.715869 0.698234 0.0
vn -0.715869 0.698234 0.0
vn -0.749782 0.661685 0.0
vn -0.749782 0.661685 0.0
vn -0.781832 0.623489 0.0
vn -0.781832 0.623489 0.0
vn -0.811938 0.583744 0.0
vn -0.811938 0.583744 0.0
vn -0.840021 0.542554 0.0
vn -0.840021 0.542554 0.0
vn -0.866031 0.49999 0.0
vn -0.866031 0.49999 0.0
vn -0.889873 0.456208 0.0
vn -0.889873 0.456208 0.0
vn -0.911502 0.411295 0.0
vn -0.911502 0.411295 0.0
vn -0.930874 0.365341 0.0
vn -0.930874 0.365341 0.0
vn -0.947928 0.318484 0.0
vn -0.947928 0.318484 0.0
vn -0.962623 0.270844 0.0
vn -0.962623 0.270844 0.0
vn -0.974929 0.222518 0.0
vn -0.974929 0.222518 0.0
vn -0.984809 0.173643 0.0
vn -0.984809 0.173643 0.0
vn -0.992239 0.124349 0.0
vn -0.992239 0.124349 0.0
vn -0.997204 0.074734 0.0
vn -0.997204 0.074734 0.0
vn -0.999689 0.024928 0.0
vn -0.999689 0.024928 0.0
vn -0.999689 -0.024941 -0.0
vn -0.999689 -0.024941 0.0
vn -0.997204 -0.074721 0.0
vn -0.992239 -0.124349 0.0
vn -0.997204 -0.074721 -0.0
vn -0.992239 -0.124349 0.0
vn -0.984813 -0.173618 0.0
vn -0.974926 -0.22253 0.0
vn -0.984813 -0.173618 -0.0
vn -0.962627 -0.270832 0.0
vn -0.974926 -0.22253 0.0
vn -0.962627 -0.270832 0.0
vn -0.947917 -0.318518 0.0
vn -0.947917 -0.318518 -0.0
vn -0.930874 -0.365341 0.0
vn -0.911502 -0.411295 0.0
vn -0.930874 -0.365341 -0.0
vn -0.911502 -0.411295 0.0
vn -0.889883 -0.456188 0.0
vn -0.889883 -0.456188 -0.0
vn -0.866028 -0.499995 -0.0
vn -0.866028 -0.499995 0.0
vn -0.840013 -0.542566 -0.0
vn -0.840013 -0.542566 0.0
vn -0.811938 -0.583744 -0.0
vn -0.811938 -0.583744 0.0
vn -0.781843 -0.623475 -0.0
vn -0.781843 -0.623475 0.0
vn -0.749788 -0.661678 -0.0
vn -0.749788 -0.661678 0.0
vn -0.715863 -0.698241 -0.0
vn -0.715863 -0.698241 0.0
vn -0.680154 -0.73307 -0.0
vn -0.680154 -0.73307 0.0
vn -0.642789 -0.766043 -0.0
vn -0.642789 -0.766043 0.0
vn -0.603804 -0.797133 -0.0
vn -0.603804 -0.797133 0.0
vn -0.563327 -0.826234 -0.0
vn -0.563327 -0.826234 0.0
vn -0.521436 -0.853291 0.0
vn -0.521436 -0.853291 0.0
vn -0.478255 -0.878221 -0.0
vn -0.478255 -0.878221 0.0
vn -0.433882 -0.90097 0.0
vn -0.433882 -0.90097 0.0
vn -0.38844 -0.921474 0.0
vn -0.342007 -0.939697 0.0
vn -0.38844 -0.921474 -0.0
vn -0.342007 -0.939697 0.0
vn -0.294779 -0.955565 0.0
vn -0.294779 -0.955565 -0.0
vn -0.246758 -0.969077 0.0
vn -0.198122 -0.980177 0.0
vn -0.246758 -0.969077 -0.0
vn -0.149061 -0.988828 0.0
vn -0.198122 -0.980177 0.0
vn -0.149061 -0.988828 0.0
vn -0.099559 -0.995032 0.0
vn -0.049856 -0.998756 0.0
vn -0.099559 -0.995032 -0.0
vn -0.049856 -0.998756 0.0
vn 0.0 -1.0 0.0
vn 0.049856 -0.998756 0.0
vn -0.0 -1.0 -0.0
vn 0.049856 -0.998756 0.0
vn 0.099559 -0.995032 0.0
vn 0.149061 -0.988828 0.0
vn 0.099559 -0.995032 0.0
vn 0.149061 -0.988828 0.0
vn 0.198122 -0.980177 0.0
vn 0.198122 -0.980177 0.0
vn 0.246758 -0.969077 0.0
vn 0.246758 -0.969077 0.0
vn 0.294779 -0.955565 0.0
vn 0.294779 -0.955565 0.0
vn 0.342007 -0.939697 0.0
vn 0.342007 -0.939697 0.0
vn 0.38844 -0.921474 0.0
vn 0.38844 -0.921474 0.0
vn 0.433882 -0.90097 0.0
vn 0.433882 -0.90097 0.0
vn 0.478255 -0.878221 0.0
vn 0.478255 -0.878221 0.0
vn 0.521436 -0.853291 0.0
vn 0.521436 -0.853291 0.0
vn 0.563327 -0.826234 0.0
vn 0.563327 -0.826234 0.0
vn 0.603804 -0.797133 0.0
vn 0.603804 -0.797133 0.0
vn 0.642789 -0.766043 0.0
vn 0.642789 -0.766043 0.0
vn 0.680154 -0.73307 0.0
vn 0.680154 -0.73307 0.0
vn 0.715863 -0.698241 0.0
vn 0.715863 -0.698241 0.0
vn 0.749788 -0.661678 0.0
vn 0.749788 -0.661678 0.0
vn 0.781843 -0.623475 0.0
vn 0.781843 -0.623475 0.0
vn 0.811938 -0.583744 0.0
vn 0.811938 -0.583744 0.0
vn 0.840013 -0.542566 0.0
vn 0.840013 -0.542566 0.0
vn 0.866028 -0.499995 0.0
vn 0.866028 -0.499995 0.0
vn 0.889883 -0.456188 0.0
vn 0.889883 -0.456188 0.0
vn 0.911502 -0.411295 0.0
vn 0.911502 -0.411295 0.0
vn 0.930874 -0.365341 0.0
vn 0.930874 -0.365341 0.0
vn 0.947917 -0.318518 0.0
vn 0.947917 -0.318518 0.0
vn 0.962627 -0.270832 0.0
vn 0.962627 -0.270832 0.0
vn 0.974926 -0.22253 0.0
vn 0.974926 -0.22253 0.0
vn 0.984813 -0.173618 0.0
vn 0.984813 -0.173618 0.0
vn 0.992239 -0.124349 0.0
vn 0.992239 -0.124349 0.0
vn 0.997204 -0.074721 0.0
vn 0.997204 -0.074721 0.0
vn 0.999689 -0.024941 0.0
vn 0.999689 -0.024941 0.0
vn 0.999689 0.024941 0.0
vn 0.999689 0.024941 0.0
vn 0.997204 0.074721 0.0
vn 0.997204 0.074721 0.0
vn 0.992239 0.124349 0.0
vn 0.992239 0.124349 0.0
vn 0.984813 0.173618 0.0
vn 0.984813 0.173618 0.0
vn 0.974926 0.22253 0.0
vn 0.974926 0.22253 0.0
vn 0.962627 0.270832 0.0
vn 0.962627 0.270832 0.0
vn 0.947917 0.318518 0.0
vn 0.947917 0.318518 0.0
vn 0.930874 0.365341 0.0
vn 0.930874 0.365341 0.0
vn 0.911502 0.411295 0.0
vn 0.911502 0.411295 0.0
vn 0.889883 0.456188 0.0
vn 0.889883 0.456188 0.0
vn 0.866031 0.49999 0.0
vn 0.866031 0.49999 0.0
vn 0.840009 0.542572 0.0
vn 0.840009 0.542572 0.0
vn 0.811938 0.583744 0.0
vn 0.811938 0.583744 0.0
vn 0.781838 0.623481 0.0
vn 0.781838 0.623481 0.0
vn 0.749788 0.661678 0.0
vn 0.749788 0.661678 0.0
vn 0.715863 0.698241 0.0
vn 0.715863 0.698241 0.0
vn 0.680161 0.733063 0.0
vn 0.680161 0.733063 0.0
vn 0.642797 0.766037 0.0
vn 0.642797 0.766037 0.0
vn 0.603796 0.797139 0.0
vn 0.603796 0.797139 0.0
vn 0.563336 0.826228 0.0
vn 0.563336 0.826228 0.0
vn 0.521426 0.853296 0.0
vn 0.521426 0.853296 0.0
vn 0.478245 0.878226 0.0
vn 0.478245 0.878226 0.0
vn 0.433903 0.90096 0.0
vn 0.433903 0.90096 0.0
vn 0.388429 0.921479 0.0
vn 0.388429 0.921479 0.0
vn 0.342018 0.939693 0.0
vn 0.342018 0.939693 0.0
vn 0.294756 0.955573 0.0
vn 0.294756 0.955573 0.0
vn 0.246758 0.969077 0.0
vn 0.246758 0.969077 0.0
vn 0.198146 0.980173 0.0
vn 0.198146 0.980173 0.0
vn 0.149036 0.988832 0.0
vn 0.149036 0.988832 0.0
vn 0.099572 0.99503 0.0
vn 0.049843 0.998757 -0.0
vn 0.099572 0.99503 0.0
vn 0.049843 0.998757 0.0
vn 0.0 1.0 0.0
vn -0.0 1.0 0.0
vn -0.049843 0.998757 0.0
vn -0.049843 0.998757 0.0
vn -0.099572 0.99503 0.0
vn -0.099572 0.99503 0.0
vn -0.149036 0.988832 0.0
vn -0.149036 0.988832 0.0
vn -0.198146 0.980173 0.0
vn -0.246758 0.969077 0.0
vn -0.198146 0.980173 0.0
vn -0.246758 0.969077 0.0
vn -0.294756 0.955573 0.0
vn -0.294756 0.955573 0.0
vn -0.342018 0.939693 0.0
vn -0.342018 0.939693 0.0
vn -0.388429 0.921479 0.0
vn -0.433903 0.90096 0.0
vn -0.388429 0.921479 0.0
vn -0.433903 0.90096 0.0
vn -0.478245 0.878226 0.0
vn -0.478245 0.878226 0.0
vn -0.521426 0.853296 0.0
vn -0.521426 0.853296 0.0
vn -0.563336 0.826228 0.0
vn -0.603796 0.797139 0.0
vn -0.563336 0.826228 0.0
vn -0.603796 0.797139 0.0
vn -0.642797 0.766037 0.0
vn -0.680161 0.733063 0.0
vn -0.642797 0.766037 0.0
vn -0.680161 0.733063 0.0
vn -0.715863 0.698241 0.0
vn -0.715863 0.698241 0.0
vn -0.749788 0.661678 0.0
vn -0.749788 0.661678 0.0
vn -0.781838 0.623481 0.0
vn -0.781838 0.623481 0.0
vn -0.811938 0.583744 0.0
vn -0.811938 0.583744 0.0
vn -0.840009 0.542572 0.0
vn -0.840009 0.542572 0.0
vn -0.866031 0.49999 0.0
vn -0.866031 0.49999 0.0
vn -0.889883 0.456188 0.0
vn -0.889883 0.456188 0.0
vn -0.911502 0.411295 0.0
vn -0.911502 0.411295 0.0
vn -0.930874 0.365341 0.0
vn -0.930874 0.365341 0.0
vn -0.947917 0.318518 0.0
vn -0.947917 0.318518 0.0
vn -0.962627 0.270832 0.0
vn -0.962627 0.270832 0.0
vn -0.974926 0.22253 0.0
vn -0.974926 0.22253 0.0
vn -0.984813 0.173618 0.0
vn -0.984813 0.173618 0.0
vn -0.992239 0.124349 0.0
vn -0.992239 0.124349 0.0
vn -0.997204 0.074721 0.0
vn -0.997204 0.074721 0.0
vn -0.999689 0.024941 0.0
vn -0.999689 0.024941 0.0
vn -0.999689 -0.024928 -0.0
vn -0.999689 -0.024928 0.0
vn -0.997204 -0.074732 0.0
vn -0.992239 -0.124349 0.0
vn -0.997204 -0.074732 -0.0
vn -0.992239 -0.124349 0.0
vn -0.984808 -0.173647 0.0
vn -0.974929 -0.222515 0.0
vn -0.984808 -0.173647 -0.0
vn -0.962621 -0.27085 0.0
vn -0.974929 -0.222515 0.0
vn -0.962621 -0.27085 0.0
vn -0.947932 -0.318472 0.0
vn -0.947932 -0.318472 -0.0
vn -0.930874 -0.365341 0.0
vn -0.9115 -0.4113 0.0
vn -0.930874 -0.365341 -0.0
vn -0.9115 -0.4113 0.0
vn -0.889873 -0.456208 0.0
vn -0.889873 -0.456208 -0.0
vn -0.866034 -0.499984 -0.0
vn -0.866034 -0.499984 0.0
vn -0.84001 -0.542571 -0.0
vn -0.84001 -0.542571 0.0
vn -0.811955 -0.58372 -0.0
vn -0.811955 -0.58372 0.0
vn -0.781817 -0.623508 -0.0
vn -0.781817 -0.623508 0.0
vn -0.749793 -0.661673 -0.0
vn -0.749793 -0.661673 0.0
vn -0.715857 -0.698247 -0.0
vn -0.715857 -0.698247 0.0
vn -0.68018 -0.733045 -0.0
vn -0.68018 -0.733045 0.0
vn -0.642795 -0.766038 -0.0
vn -0.642795 -0.766038 0.0
vn -0.603794 -0.79714 -0.0
vn -0.603794 -0.79714 0.0
vn -0.563333 -0.82623 -0.0
vn -0.563333 -0.82623 0.0
vn -0.52142 -0.8533 0.0
vn -0.52142 -0.8533 0.0
vn -0.478263 -0.878217 -0.0
vn -0.478263 -0.878217 0.0
vn -0.433888 -0.900967 0.0
vn -0.433888 -0.900967 0.0
vn -0.388401 -0.92149 0.0
vn -0.342032 -0.939688 0.0
vn -0.388401 -0.92149 -0.0
vn -0.342032 -0.939688 0.0
vn -0.294752 -0.955574 0.0
vn -0.294752 -0.955574 -0.0
vn -0.246758 -0.969077 0.0
vn -0.198151 -0.980172 0.0
vn -0.246758 -0.969077 -0.0
vn -0.149033 -0.988832 0.0
vn -0.198151 -0.980172 0.0
vn -0.149033 -0.988832 0.0
vn -0.099561 -0.995032 0.0
vn -0.049882 -0.998755 0.0
vn -0.099561 -0.995032 -0.0
vn -0.049882 -0.998755 0.0
vn 0.0 -1.0 0.0
vn 0.049882 -0.998755 0.0
vn -0.0 -1.0 -0.0
vn 0.049882 -0.998755 0.0
vn 0.099561 -0.995032 0.0
vn 0.149033 -0.988832 0.0
vn 0.099561 -0.995032 0.0
vn 0.149033 -0.988832 0.0
vn 0.198151 -0.980172 0.0
vn 0.198151 -0.980172 0.0
vn 0.246758 -0.969077 0.0
vn 0.246758 -0.969077 0.0
vn 0.294752 -0.955574 0.0
vn 0.294752 -0.955574 0.0
vn 0.342032 -0.939688 0.0
vn 0.342032 -0.939688 0.0
vn 0.388401 -0.92149 0.0
vn 0.388401 -0.92149 0.0
vn 0.433888 -0.900967 0.0
vn 0.433888 -0.900967 0.0
vn 0.478263 -0.878217 0.0
vn 0.478263 -0.878217 0.0
vn 0.52142 -0.8533 0.0
vn 0.52142 -0.8533 0.0
vn 0.563333 -0.82623 0.0
vn 0.563333 -0.82623 0.0
vn 0.603794 -0.79714 0.0
vn 0.603794 -0.79714 0.0
vn 0.642795 -0.766038 0.0
vn 0.642795 -0.766038 0.0
vn 0.680183 -0.733042 0.0
vn 0.680183 -0.733042 0.0
vn 0.715854 -0.69825 0.0
vn 0.715854 -0.69825 0.0
vn 0.749796 -0.661669 0.0
vn 0.749796 -0.661669 0.0
vn 0.781814 -0.623512 0.0
vn 0.781814 -0.623512 0.0
vn 0.811955 -0.58372 0.0
vn 0.811955 -0.58372 0.0
vn 0.840013 -0.542567 0.0
vn 0.840013 -0.542567 0.0
vn 0.866032 -0.499989 0.0
vn 0.866032 -0.499989 0.0
vn 0.88987 -0.456213 0.0
vn 0.88987 -0.456213 0.0
vn 0.911503 -0.411294 0.0
vn 0.911503 -0.411294 0.0
vn 0.930876 -0.365336 0.0
vn 0.930876 -0.365336 0.0
vn 0.94793 -0.318478 0.0
vn 0.94793 -0.318478 0.0
vn 0.962621 -0.27085 0.0
vn 0.962621 -0.27085 0.0
vn 0.974929 -0.222515 0.0
vn 0.974929 -0.222515 0.0
vn 0.984807 -0.173653 0.0
vn 0.984807 -0.173653 0.0
vn 0.992239 -0.124342 0.0
vn 0.992239 -0.124342 0.0
vn 0.997204 -0.074732 0.0
vn 0.997204 -0.074732 0.0
vn 0.999689 -0.024928 0.0
vn 0.999689 -0.024928 0.0
vn 0.999689 0.024928 0.0
vn 0.999689 0.024928 0.0
vn 0.997204 0.074732 0.0
vn 0.997204 0.074732 0.0
vn 0.992239 0.124342 0.0
vn 0.992239 0.124342 0.0
vn 0.984807 0.173653 0.0
vn 0.984807 0.173653 0.0
vn 0.974929 0.222515 0.0
vn 0.974929 0.222515 0.0
vn 0.962621 0.27085 0.0
vn 0.962621 0.27085 0.0
vn 0.94793 0.318478 0.0
vn 0.94793 0.318478 0.0
vn 0.930876 0.365336 0.0
vn 0.930876 0.365336 0.0
vn 0.911503 0.411294 0.0
vn 0.911503 0.411294 0.0
vn 0.88987 0.456213 0.0
vn 0.88987 0.456213 0.0
vn 0.866032 0.499989 0.0
vn 0.866032 0.499989 0.0
vn 0.840013 0.542567 0.0
vn 0.840013 0.542567 0.0
vn 0.811955 0.58372 0.0
vn 0.811955 0.58372 0.0
vn 0.781814 0.623512 0.0
vn 0.781814 0.623512 0.0
vn 0.749796 0.661669 0.0
vn 0.749796 0.661669 0.0
vn 0.715854 0.69825 0.0
vn 0.715854 0.69825 0.0
vn 0.680183 0.733042 0.0
vn 0.680183 0.733042 0.0
vn 0.642795 0.766038 0.0
vn 0.642795 0.766038 0.0
vn 0.603794 0.79714 0.0
vn 0.603794 0.79714 0.0
vn 0.563333 0.82623 0.0
vn 0.563333 0.82623 0.0
vn 0.52142 0.8533 0.0
vn 0.52142 0.8533 0.0
vn 0.478263 0.878217 0.0
vn 0.478263 0.878217 0.0
vn 0.433888 0.900967 0.0
vn 0.433888 0.900967 0.0
vn 0.388401 0.92149 0.0
vn 0.388401 0.92149 0.0
vn 0.342032 0.939688 0.0
vn 0.342032 0.939688 0.0
vn 0.294752 0.955574 0.0
vn 0.294752 0.955574 0.0
vn 0.246758 0.969077 0.0
vn 0.246758 0.969077 0.0
vn 0.198151 0.980172 0.0
vn 0.198151 0.980172 0.0
vn 0.149033 0.988832 0.0
vn 0.149033 0.988832 0.0
vn 0.099561 0.995032 0.0
vn 0.049882 0.998755 -0.0
vn 0.099561 0.995032 0.0
vn 0.049882 0.998755 0.0
vn 0.0 1.0 0.0
vn -0.0 1.0 0.0
vn -0.049882 0.998755 0.0
vn -0.049882 0.998755 0.0
vn -0.099561 0.995032 0.0
vn -0.099561 0.995032 0.0
vn -0.149033 0.988832 0.0
vn -0.149033 0.988832 0.0
vn -0.198151 0.980172 0.0
vn -0.246758 0.969077 0.0
vn -0.198151 0.980172 0.0
vn -0.246758 0.969077 0.0
vn -0.294752 0.955574 0.0
vn -0.294752 0.955574 0.0
vn -0.342032 0.939688 0.0
vn -0.342032 0.939688 0.0
vn -0.388401 0.92149 0.0
vn -0.433888 0.900967 0.0
vn -0.388401 0.92149 0.0
vn -0.433888 0.900967 0.0
vn -0.478263 0.878217 0.0
vn -0.478263 0.878217 0.0
vn -0.52142 0.8533 0.0
vn -0.52142 0.8533 0.0
vn -0.563333 0.82623 0.0
vn -0.603794 0.79714 0.0
vn -0.563333 0.82623 0.0
vn -0.603794 0.79714 0.0
vn -0.642795 0.766038 0.0
vn -0.68018 0.733045 0.0
vn -0.642795 0.766038 0.0
vn -0.68018 0.733045 0.0
vn -0.715857 0.698247 0.0
vn -0.715857 0.698247 0.0
vn -0.749793 0.661673 0.0
vn -0.749793 0.661673 0.0
vn -0.781817 0.623508 0.0
vn -0.781817 0.623508 0.0
vn -0.811955 0.58372 0.0
vn -0.811955 0.58372 0.0
vn -0.84001 0.542571 0.0
vn -0.84001 0.542571 0.0
vn -0.866034 0.499984 0.0
vn -0.866034 0.499984 0.0
vn -0.889873 0.456208 0.0
vn -0.889873 0.456208 0.0
vn -0.9115 0.4113 0.0
vn -0.9115 0.4113 0.0
vn -0.930874 0.365341 0.0
vn -0.930874 0.365341 0.0
vn -0.947932 0.318472 0.0
vn -0.947932 0.318472 0.0
vn -0.962621 0.27085 0.0
vn -0.962621 0.27085 0.0
vn -0.974929 0.222515 0.0
vn -0.974929 0.222515 0.0
vn -0.984808 0.173647 0.0
vn -0.984808 0.173647 0.0
vn -0.992239 0.124349 0.0
vn -0.992239 0.124349 0.0
vn -0.997204 0.074732 0.0
vn -0.997204 0.074732 0.0
vn -0.999689 0.024928 0.0
vn -0.999689 0.024928 0.0
vn -0.999689 -0.024941 -0.0
vn -0.999689 -0.024941 0.0
vn -0.997205 -0.074719 0.0
vn -0.992239 -0.124349 0.0
vn -0.997205 -0.074719 -0.0
vn -0.992239 -0.124349 0.0
vn -0.984812 -0.173622 0.0
vn -0.974927 -0.222527 0.0
vn -0.984812 -0.173622 -0.0
vn -0.962625 -0.270839 0.0
vn -0.974927 -0.222527 0.0
vn -0.962625 -0.270839 0.0
vn -0.947921 -0.318507 0.0
vn -0.947921 -0.318507 -0.0
vn -0.930874 -0.365341 0.0
vn -0.9115 -0.4113 0.0
vn -0.930874 -0.365341 -0.0
vn -0.9115 -0.4113 0.0
vn -0.889883 -0.456188 0.0
vn -0.889883 -0.456188 -0.0
vn -0.866034 -0.499984 -0.0
vn -0.866034 -0.499984 0.0
vn -0.839998 -0.542589 -0.0
vn -0.839998 -0.542589 0.0
vn -0.811955 -0.58372 -0.0
vn -0.811955 -0.58372 0.0
vn -0.781823 -0.6235 -0.0
vn -0.781823 -0.6235 0.0
vn -0.749799 -0.661665 -0.0
vn -0.749799 -0.661665 0.0
vn -0.71585 -0.698254 -0.0
vn -0.71585 -0.698254 0.0
vn -0.680167 -0.733057 -0.0
vn -0.680167 -0.733057 0.0
vn -0.642804 -0.76603 -0.0
vn -0.642804 -0.76603 0.0
vn -0.603788 -0.797145 -0.0
vn -0.603788 -0.797145 0.0
vn -0.563345 -0.826222 -0.0
vn -0.563345 -0.826222 0.0
vn -0.521417 -0.853302 0.0
vn -0.521417 -0.853302 0.0
vn -0.478255 -0.878221 -0.0
vn -0.478255 -0.878221 0.0
vn -0.433903 -0.90096 0.0
vn -0.433903 -0.90096 0.0
vn -0.388397 -0.921492 0.0
vn -0.34203 -0.939689 0.0
vn -0.388397 -0.921492 -0.0
vn -0.34203 -0.939689 0.0
vn -0.294756 -0.955573 0.0
vn -0.294756 -0.955573 -0.0
vn -0.246758 -0.969077 0.0
vn -0.198146 -0.980173 0.0
vn -0.246758 -0.969077 -0.0
vn -0.149036 -0.988832 0.0
vn -0.198146 -0.980173 0.0
vn -0.149036 -0.988832 0.0
vn -0.099559 -0.995032 0.0
vn -0.049882 -0.998755 0.0
vn -0.099559 -0.995032 -0.0
vn -0.049882 -0.998755 0.0
vn 0.0 -1.0 0.0
vn 0.049882 -0.998755 0.0
vn -0.0 -1.0 -0.0
vn 0.049882 -0.998755 0.0
vn 0.099559 -0.995032 0.0
vn 0.149036 -0.988832 0.0
vn 0.099559 -0.995032 0.0
vn 0.149036 -0.988832 0.0
vn 0.198146 -0.980173 0.0
vn 0.198146 -0.980173 0.0
vn 0.246758 -0.969077 0.0
vn 0.246758 -0.969077 0.0
vn 0.294756 -0.955573 0.0
vn 0.294756 -0.955573 0.0
vn 0.34203 -0.939689 0.0
vn 0.34203 -0.939689 0.0
vn 0.388397 -0.921492 0.0
vn 0.388397 -0.921492 0.0
vn 0.433903 -0.90096 0.0
vn 0.433903 -0.90096 0.0
vn 0.478255 -0.878221 0.0
vn 0.478255 -0.878221 0.0
vn 0.521417 -0.853302 0.0
vn 0.521417 -0.853302 0.0
vn 0.563345 -0.826222 0.0
vn 0.563345 -0.826222 0.0
vn 0.603788 -0.797145 0.0
vn 0.603788 -0.797145 0.0
vn 0.642804 -0.76603 0.0
vn 0.642804 -0.76603 0.0
vn 0.680167 -0.733057 0.0
vn 0.680167 -0.733057 0.0
vn 0.71585 -0.698254 0.0
vn 0.71585 -0.698254 0.0
vn 0.749799 -0.661665 0.0
vn 0.749799 -0.661665 0.0
vn 0.781823 -0.6235 0.0
vn 0.781823 -0.6235 0.0
vn 0.811955 -0.58372 0.0
vn 0.811955 -0.58372 0.0
vn 0.839998 -0.542589 0.0
vn 0.839998 -0.542589 0.0
vn 0.866034 -0.499984 0.0
vn 0.866034 -0.499984 0.0
vn 0.889883 -0.456188 0.0
vn 0.889883 -0.456188 0.0
vn 0.9115 -0.4113 0.0
vn 0.9115 -0.4113 0.0
vn 0.930874 -0.365341 0.0
vn 0.930874 -0.365341 0.0
vn 0.947921 -0.318507 0.0
vn 0.947921 -0.318507 0.0
vn 0.962625 -0.270839 0.0
vn 0.962625 -0.270839 0.0
vn 0.974927 -0.222527 0.0
vn 0.974927 -0.222527 0.0
vn 0.984812 -0.173622 0.0
vn 0.984812 -0.173622 0.0
vn 0.992239 -0.124349 0.0
vn 0.992239 -0.124349 0.0
vn 0.997205 -0.074719 0.0
vn 0.997205 -0.074719 0.0
vn 0.999689 -0.024941 0.0
vn 0.999689 -0.024941 0.0
vn 0.999689 0.024941 0.0
vn 0.999689 0.024941 0.0
vn 0.997205 0.074719 0.0
vn 0.997205 0.074719 0.0
vn 0.992239 0.124349 0.0
vn 0.992239 0.124349 0.0
vn 0.984812 0.173622 0.0
vn 0.984812 0.173622 0.0
vn 0.974927 0.222527 0.0
vn 0.974927 0.222527 0.0
vn 0.962625 0.270839 0.0
vn 0.962625 0.270839 0.0
vn 0.947921 0.318507 0.0
vn 0.947921 0.318507 0.0
vn 0.930874 0.365341 0.0
vn 0.930874 0.365341 0.0
vn 0.9115 0.4113 0.0
vn 0.9115 0.4113 0.0
vn 0.889883 0.456188 0.0
vn 0.889883 0.456188 0.0
vn 0.866034 0.499984 0.0
vn 0.866034 0.499984 0.0
vn 0.839998 0.542589 0.0
vn 0.839998 0.542589 0.0
vn 0.811955 0.58372 0.0
vn 0.811955 0.58372 0.0
vn 0.781823 0.6235 0.0
vn 0.781823 0.6235 0.0
vn 0.749799 0.661665 0.0
vn 0.749799 0.661665 0.0
vn 0.71585 0.698254 0.0
vn 0.71585 0.698254 0.0
vn 0.680167 0.733057 0.0
vn 0.680167 0.733057 0.0
vn 0.642804 0.76603 0.0
vn 0.642804 0.76603 0.0
vn 0.603788 0.797145 0.0
vn 0.603788 0.797145 0.0
vn 0.563345 0.826222 0.0
vn 0.563345 0.826222 0.0
vn 0.521417 0.853302 0.0
vn 0.521417 0.853302 0.0
vn 0.478255 0.878221 0.0
vn 0.478255 0.878221 0.0
vn 0.433903 0.90096 0.0
vn 0.433903 0.90096 0.0
vn 0.388397 0.921492 0.0
vn 0.388397 0.921492 0.0
vn 0.34203 0.939689 0.0
vn 0.34203 0.939689 0.0
vn 0.294756 0.955573 0.0
vn 0.294756 0.955573 0.0
vn 0.246758 0.969077 0.0
vn 0.246758 0.969077 0.0
vn 0.198146 0.980173 0.0
vn 0.198146 0.980173 0.0
vn 0.149036 0.988832 0.0
vn 0.149036 0.988832 0.0
vn 0.099559 0.995032 0.0
vn 0.049882 0.998755 -0.0
vn 0.099559 0.995032 0.0
vn 0.049882 0.998755 0.0
vn 0.0 1.0 0.0
vn -0.0 1.0 0.0
vn -0.049882 0.998755 0.0
vn -0.049882 0.998755 0.0
vn -0.099559 0.995032 0.0
vn -0.099559 0.995032 0.0
vn -0.149036 0.988832 0.0
vn -0.149036 0.988832 0.0
vn -0.198146 0.980173 0.0
vn -0.246758 0.969077 0.0
vn -0.198146 0.980173 0.0
vn -0.246758 0.969077 0.0
vn -0.294756 0.955573 0.0
vn -0.294756 0.955573 0.0
vn -0.34203 0.939689 0.0
vn -0.34203 0.939689 0.0
vn -0.388397 0.921492 0.0
vn -0.433903 0.90096 0.0
vn -0.388397 0.921492 0.0
vn -0.433903 0.90096 0.0
vn -0.478255 0.878221 0.0
vn -0.478255 0.878221 0.0
vn -0.521417 0.853302 0.0
vn -0.521417 0.853302 0.0
vn -0.563345 0.826222 0.0
vn -0.603788 0.797145 0.0
vn -0.563345 0.826222 0.0
vn -0.603788 0.797145 0.0
vn -0.642804 0.76603 0.0
vn -0.680167 0.733057 0.0
vn -0.642804 0.76603 0.0
vn -0.680167 0.733057 0.0
vn -0.71585 0.698254 0.0
vn -0.71585 0.698254 0.0
vn -0.749799 0.661665 0.0
vn -0.749799 0.661665 0.0
vn -0.781823 0.6235 0.0
vn -0.781823 0.6235 0.0
vn -0.811955 0.58372 0.0
vn -0.811955 0.58372 0.0
vn -0.839998 0.542589 0.0
vn -0.839998 0.542589 0.0
vn -0.866034 0.499984 0.0
vn -0.866034 0.499984 0.0
vn -0.889883 0.456188 0.0
vn -0.889883 0.456188 0.0
vn -0.9115 0.4113 0.0
vn -0.9115 0.4113 0.0
vn -0.930874 0.365341 0.0
vn -0.930874 0.365341 0.0
vn -0.947921 0.318507 0.0
vn -0.947921 0.318507 0.0
vn -0.962625 0.270839 0.0
vn -0.962625 0.270839 0.0
vn -0.974927 0.222527 0.0
vn -0.974927 0.222527 0.0
vn -0.984812 0.173622 0.0
vn -0.984812 0.173622 0.0
vn -0.992239 0.124349 0.0
vn -0.992239 0.124349 0.0
vn -0.997205 0.074719 0.0
vn -0.997205 0.074719 0.0
vn -0.999689 0.024941 0.0
vn -0.999689 0.024941 0.0
vn 0.0 0.0 1.0
vn 0.0 0.0 1.0
vn 0.0 0.0 1.0
vn 0.0 0.0 1.0
vn 0.0 0.0 1.0
vn 0.0 0.0 1.0
vn 0.0 0.0 1.0
vn 0.0 0.0 1.0
vn 0.0 0.0 1.0
vn 0.0 0.0 1.0
vn 0.0 0.0 1.0
vn 0.0 0.0 1.0
vn 0.0 0.0 1.0
vn 0.0 0.0 1.0
vn 0.0 0.0 1.0
vn 0.0 0.0 1.0
vn 0.0 0.0 1.0
vn 0.0 0.0 1.0
vn 0.0 0.0 1.0
vn 0.0 0.0 1.0
vn 0.0 0.0 1.0
vn 0.0 0.0 1.0
vn 0.0 0.0 1.0
vn 0.0 0.0 1.0
vn 0.0 0.0 1.0
vn 0.0 0.0 1.0
vn 0.0 0.0 1.0
vn 0.0 0.0 1.0
vn 0.0 0.0 1.0
vn 0.0 0.0 1.0
vn 0.0 0.0 1.0
vn 0.0 0.0 1.0
vn 0.0 0.0 1.0
vn 0.0 0.0 1.0
vn 0.0 0.0 1.0
vn 0.0 0.0 1.0
vn 0.0 0.0 1.0
vn 0.0 0.0 1.0
vn 0.0 0.0 1.0
vn 0.0 0.0 1.0
vn 0.0 0.0 1.0
vn 0.0 0.0 1.0
vn 0.0 0.0 1.0
vn 0.0 0.0 1.0
vn 0.0 0.0 1.0
vn 0.0 0.0 1.0
vn 0.0 0.0 1.0
vn 0.0 0.0 1.0
vn 0.0 0.0 1.0
vn 0.0 0.0 1.0
vn 0.0 0.0 1.0
vn 0.0 0.0 1.0
vn 0.0 0.0 1.0
vn 0.0 0.0 1.0
vn 0.0 0.0 1.0
vn 0.0 0.0 1.0
vn 0.0 0.0 1.0
vn 0.0 0.0 1.0
vn 0.0 0.0 1.0
vn 0.0 0.0 1.0
vn 0.0 0.0 1.0
vn 0.0 0.0 1.0
vn 0.0 0.0 1.0
vn 0.0 0.0 1.0
vn 0.0 0.0 1.0
vn 0.0 0.0 1.0
vn 0.0 0.0 1.0
vn 0.0 0.0 1.0
vn 0.0 0.0 1.0
vn 0.0 0.0 1.0
vn 0.0 0.0 1.0
vn 0.0 0.0 1.0
vn 0.0 0.0 1.0
vn 0.0 0.0 1.0
vn 0.0 0.0 1.0
vn 0.0 0.0 1.0
vn 0.0 0.0 1.0
vn 0.0 0.0 1.0
vn 0.0 0.0 1.0
vn 0.0 0.0 1.0
vn 0.0 0.0 1.0
vn 0.0 0.0 1.0
vn 0.0 0.0 1.0
vn 0.0 0.0 1.0
vn 0.0 0.0 1.0
vn 0.0 0.0 1.0
vn 0.0 0.0 1.0
vn 0.0 0.0 1.0
vn 0.0 0.0 1.0
vn 0.0 0.0 1.0
vn 0.0 0.0 1.0
vn 0.0 0.0 1.0
vn 0.0 0.0 1.0
vn 0.0 0.0 1.0
vn 0.0 0.0 1.0
vn 0.0 0.0 1.0
vn 0.0 0.0 1.0
vn 0.0 0.0 1.0
vn 0.0 0.0 1.0
vn 0.0 0.0 1.0
vn 0.0 0.0 1.0
vn 0.0 0.0 1.0
vn 0.0 0.0 1.0
vn 0.0 0.0 1.0
vn 0.0 0.0 1.0
vn 0.0 0.0 1.0
vn 0.0 0.0 1.0
vn 0.0 0.0 1.0
vn 0.0 0.0 1.0
vn 0.0 0.0 1.0
vn 0.0 0.0 1.0
vn 0.0 0.0 1.0
vn 0.0 0.0 1.0
vn 0.0 0.0 1.0
vn 0.0 0.0 1.0
vn 0.0 0.0 1.0
vn 0.0 0.0 1.0
vn 0.0 0.0 1.0
vn 0.0 0.0 1.0
vn 0.0 0.0 1.0
vn 0.0 0.0 1.0
vn 0.0 0.0 1.0
vn 0.0 0.0 1.0
vn 0.0 0.0 1.0
vn 0.0 0.0 1.0
vn 0.0 0.0 1.0
vn 0.0 0.0 1.0
vn 0.0 0.0 1.0
vn 0.0 0.0 1.0
vn 0.0 0.0 1.0
vn 0.0 0.0 1.0
vn 0.0 0.0 1.0
vn 0.0 0.0 1.0
vn 0.0 0.0 1.0
vn 0.0 0.0 1.0
vn 0.0 0.0 1.0
vn 0.0 0.0 1.0
vn 0.0 0.0 1.0
vn 0.0 0.0 1.0
vn 0.0 0.0 1.0
vn 0.0 0.0 1.0
vn 0.0 0.0 1.0
vn 0.0 0.0 1.0
vn 0.0 0.0 1.0
vn 0.0 0.0 1.0
vn 0.0 0.0 1.0
vn 0.0 0.0 1.0
vn 0.0 0.0 1.0
vn 0.0 0.0 1.0
vn 0.0 0.0 1.0
vn 0.0 0.0 1.0
vn 0.0 0.0 1.0
vn 0.0 0.0 1.0
vn 0.0 0.0 1.0
vn 0.0 0.0 1.0
vn 0.0 0.0 1.0
vn 0.0 0.0 1.0
vn 0.0 0.0 1.0
vn 0.0 0.0 1.0
vn 0.0 0.0 1.0
vn 0.0 0.0 1.0
vn 0.0 0.0 1.0
vn 0.0 0.0 1.0
vn 0.0 0.0 1.0
vn 0.0 0.0 1.0
vn 0.0 0.0 1.0
vn 0.0 0.0 1.0
vn 0.0 0.0 1.0
vn 0.0 0.0 1.0
vn 0.0 0.0 1.0
vn 0.0 0.0 1.0
vn 0.0 0.0 1.0
vn 0.0 0.0 1.0
vn 0.0 0.0 1.0
vn 0.0 0.0 1.0
vn 0.0 0.0 1.0
vn 0.0 0.0 1.0
vn 0.0 0.0 1.0
vn 0.0 0.0 1.0
vn 0.0 0.0 1.0
vn 0.0 0.0 1.0
vn 0.0 0.0 1.0
vn 0.0 0.0 1.0
vn 0.0 0.0 1.0
vn 0.0 0.0 1.0
vn 0.0 0.0 1.0
vn 0.0 0.0 1.0
vn 0.0 0.0 1.0
vn 0.0 0.0 1.0
vn 0.0 0.0 1.0
vn 0.0 0.0 1.0
vn 0.0 0.0 1.0
vn 0.0 0.0 1.0
vn 0.0 0.0 1.0
vn 0.0 0.0 1.0
vn 0.0 0.0 1.0
vn 0.0 0.0 1.0
vn 0.0 0.0 1.0
vn 0.0 0.0 1.0
vn 0.0 0.0 1.0
vn 0.0 0.0 1.0
vn 0.0 0.0 1.0
vn 0.0 0.0 1.0
vn 0.0 0.0 1.0
vn 0.0 0.0 1.0
vn 0.0 0.0 1.0
vn 0.0 0.0 1.0
vn 0.0 0.0 1.0
vn 0.0 0.0 1.0
vn 0.0 0.0 1.0
vn 0.0 0.0 1.0
vn 0.0 0.0 1.0
vn 0.0 0.0 1.0
vn 0.0 0.0 1.0
vn 0.0 0.0 1.0
vn 0.0 0.0 1.0
vn 0.0 0.0 1.0
vn 0.0 0.0 1.0
vn 0.0 0.0 1.0
vn 0.0 0.0 1.0
vn 0.0 0.0 1.0
vn 0.0 0.0 1.0
vn 0.0 0.0 1.0
vn 0.0 0.0 1.0
vn 0.0 0.0 1.0
vn 0.0 0.0 1.0
vn 0.0 0.0 1.0
vn 0.0 0.0 1.0
vn 0.0 0.0 1.0
vn 0.0 0.0 1.0
vn 0.0 0.0 1.0
vn 0.0 0.0 1.0
vn 0.0 0.0 1.0
vn 0.0 0.0 1.0
vn 0.0 0.0 1.0
vn 0.0 0.0 1.0
vn 0.0 0.0 1.0
vn 0.0 0.0 1.0
vn 0.0 0.0 1.0
vn 0.0 0.0 1.0
vn 0.0 0.0 1.0
vn 0.0 0.0 1.0
vn 0.0 0.0 1.0
vn 0.0 0.0 1.0
vn 0.0 0.0 1.0
vn 0.0 0.0 1.0
vn 0.0 0.0 1.0
vn 0.0 0.0 1.0
vn 0.0 0.0 1.0
vn 0.0 0.0 1.0
vn 0.0 0.0 1.0
vn 0.0 0.0 1.0
vn 0.0 0.0 1.0
vn 0.0 0.0 1.0
vn 0.0 0.0 1.0
vn 0.0 0.0 1.0
vn 0.0 0.0 1.0
vn 0.0 0.0 1.0
vn 0.0 0.0 1.0
vn 0.0 0.0 1.0
vn 0.0 0.0 1.0
vn 0.0 0.0 1.0
vn 0.0 0.0 1.0
vn 0.0 0.0 1.0
vn 0.0 0.0 1.0
vn 0.0 0.0 1.0
vn 0.0 0.0 1.0
vn 0.0 0.0 1.0
vn 0.0 0.0 1.0
vn 0.0 0.0 1.0
vn 0.0 0.0 1.0
vn 0.0 0.0 1.0
vn 0.0 0.0 1.0
vn 0.0 0.0 1.0
vn 0.0 0.0 1.0
vn 0.0 0.0 1.0
vn 0.0 0.0 1.0
vn 0.0 0.0 1.0
vn 0.0 0.0 1.0
vn 0.0 0.0 1.0
vn 0.0 0.0 1.0
vn 0.0 0.0 1.0
vn 0.0 0.0 1.0
vn 0.0 0.0 1.0
vn 0.0 0.0 1.0
vn 0.0 0.0 1.0
vn 0.0 0.0 1.0
vn 0.0 0.0 1.0
vn 0.0 0.0 1.0
vn 0.0 0.0 1.0
vn 0.0 0.0 1.0
vn 0.0 0.0 1.0
vn 0.0 0.0 1.0
vn 0.0 0.0 1.0
vn 0.0 0.0 1.0
vn 0.0 0.0 1.0
vn 0.0 0.0 1.0
vn 0.0 0.0 1.0
vn 0.0 0.0 1.0
vn 0.0 0.0 1.0
vn 0.0 0.0 1.0
vn 0.0 0.0 1.0
vn 0.0 0.0 1.0
vn 0.0 0.0 1.0
vn 0.0 0.0 1.0
vn 0.0 0.0 1.0
vn 0.0 0.0 1.0
vn 0.0 0.0 1.0
vn 0.0 0.0 1.0
vn 0.0 0.0 1.0
vn 0.0 0.0 1.0
vn 0.0 0.0 1.0
vn 0.0 0.0 1.0
vn 0.0 0.0 1.0
vn 0.0 0.0 1.0
vn 0.0 0.0 1.0
vn 0.0 0.0 1.0
vn 0.0 0.0 1.0
vn 0.0 0.0 1.0
vn 0.0 0.0 1.0
vn 0.0 0.0 1.0
vn 0.0 0.0 1.0
vn 0.0 0.0 1.0
vn 0.0 0.0 1.0
vn 0.0 0.0 1.0
vn 0.0 0.0 1.0
vn 0.0 0.0 1.0
vn 0.0 0.0 1.0
vn 0.0 0.0 1.0
vn 0.0 0.0 1.0
vn 0.0 0.0 1.0
vn 0.0 0.0 1.0
vn 0.0 0.0 1.0
vn 0.0 0.0 1.0
vn 0.0 0.0 1.0
vn 0.0 0.0 1.0
vn 0.0 0.0 1.0
vn 0.0 0.0 1.0
vn 0.0 0.0 1.0
vn 0.0 0.0 1.0
vn 0.0 0.0 1.0
vn 0.0 0.0 1.0
vn 0.0 0.0 1.0
vn 0.0 0.0 1.0
vn 0.0 0.0 1.0
vn 0.0 0.0 1.0
vn 0.0 0.0 1.0
vn 0.0 0.0 1.0
vn 0.0 0.0 1.0
vn 0.0 0.0 1.0
vn 0.0 0.0 1.0
vn 0.0 0.0 1.0
vn 0.0 0.0 1.0
vn 0.0 0.0 1.0
vn 0.0 0.0 1.0
vn 0.0 0.0 1.0
vn 0.0 0.0 1.0
vn 0.0 0.0 1.0
vn 0.0 0.0 1.0
vn 0.0 0.0 1.0
vn 0.0 0.0 1.0
vn 0.0 0.0 1.0
vn 0.0 0.0 1.0
vn 0.0 0.0 1.0
vn 0.0 0.0 1.0
vn 0.0 0.0 1.0
vn 0.0 0.0 1.0
vn 0.0 0.0 1.0
vn 0.0 0.0 1.0
vn 0.0 0.0 1.0
vn 0.0 0.0 1.0
vn 0.0 0.0 1.0
vn 0.0 0.0 1.0
vn 0.0 0.0 1.0
vn 0.0 0.0 1.0
vn 0.0 0.0 1.0
vn 0.0 0.0 1.0
vn 0.0 0.0 1.0
vn 0.0 0.0 1.0
vn 0.0 0.0 1.0
vn 0.0 0.0 1.0
vn 0.0 0.0 1.0
vn 0.0 0.0 1.0
vn 0.0 0.0 1.0
vn 0.0 0.0 1.0
vn 0.0 0.0 1.0
vn 0.0 0.0 1.0
vn 0.0 0.0 1.0
vn 0.0 0.0 1.0
vn 0.0 0.0 1.0
vn 0.0 0.0 1.0
vn 0.0 0.0 1.0
vn 0.0 0.0 1.0
vn 0.0 0.0 1.0
vn 0.0 0.0 1.0
vn 0.0 0.0 1.0
vn 0.0 0.0 1.0
vn 0.0 0.0 1.0
vn 0.0 0.0 1.0
vn 0.0 0.0 1.0
vn 0.0 0.0 1.0
vn 0.0 0.0 1.0
vn 0.0 0.0 1.0
vn 0.0 0.0 1.0
vn 0.0 0.0 1.0
vn 0.0 0.0 1.0
vn 0.0 0.0 1.0
vn 0.0 0.0 1.0
vn 0.0 0.0 1.0
vn 0.0 0.0 1.0
vn 0.0 0.0 1.0
vn 0.0 0.0 1.0
vn 0.0 0.0 1.0
vn 0.0 0.0 1.0
vn 0.0 0.0 1.0
vn 0.0 0.0 1.0
vn 0.0 0.0 1.0
vn 0.0 0.0 1.0
vn 0.0 0.0 1.0
vn 0.0 0.0 1.0
vn 0.0 0.0 1.0
vn 0.0 0.0 1.0
vn 0.0 0.0 1.0
vn 0.0 0.0 1.0
vn 0.0 0.0 1.0
vn 0.0 0.0 1.0
vn 0.0 0.0 1.0
vn 0.0 0.0 1.0
vn 0.0 0.0 1.0
vn 0.0 0.0 1.0
vn 0.0 0.0 1.0
vn 0.0 0.0 1.0
vn 0.0 0.0 1.0
vn 0.0 0.0 1.0
vn 0.0 0.0 1.0
vn 0.0 0.0 1.0
vn 0.0 0.0 1.0
vn 0.0 0.0 1.0
vn 0.0 0.0 1.0
vn 0.0 0.0 1.0
vn 0.0 0.0 1.0
vn 0.0 0.0 1.0
vn 0.0 0.0 1.0
vn 0.0 0.0 1.0
vn 0.0 0.0 1.0
vn 0.0 0.0 1.0
vn 0.0 0.0 1.0
vn 0.0 0.0 1.0
vn 0.0 0.0 1.0
vn 0.0 0.0 1.0
vn 0.0 0.0 1.0
vn 0.0 0.0 1.0
vn 0.0 0.0 1.0
vn 0.0 0.0 1.0
vn 0.0 0.0 1.0
vn 0.0 0.0 1.0
vn 0.0 0.0 1.0
vn 0.0 0.0 1.0
vn 0.0 0.0 1.0
vn 0.0 0.0 1.0
vn 0.0 0.0 1.0
vn 0.0 0.0 1.0
vn 0.0 0.0 1.0
vn 0.0 0.0 1.0
vn 0.0 0.0 1.0
vn 0.0 0.0 1.0
vn 0.0 0.0 1.0
vn 0.0 0.0 1.0
vn 0.0 0.0 1.0
vn 0.0 0.0 1.0
vn 0.0 0.0 1.0
vn 0.0 0.0 1.0
vn 0.0 0.0 1.0
vn 0.0 0.0 1.0
vn 0.0 0.0 1.0
vn 0.0 0.0 1.0
vn 0.0 0.0 1.0
vn 0.0 0.0 1.0
vn 0.0 0.0 1.0
vn 0.0 0.0 1.0
vn 0.0 0.0 1.0
vn 0.0 0.0 1.0
vn 0.0 0.0 1.0
vn 0.0 0.0 1.0
vn 0.0 0.0 1.0
vn 0.0 0.0 1.0
vn 0.0 0.0 1.0
vn 0.0 0.0 1.0
vn 0.0 0.0 1.0
vn 0.0 0.0 1.0
vn 0.0 0.0 1.0
vn 0.0 0.0 1.0
vn 0.0 0.0 1.0
vn 0.0 0.0 1.0
vn 0.0 0.0 1.0
vn 0.0 0.0 1.0
vn -1.0 0.0 0.0
vn -1.0 0.0 0.0
vn -1.0 0.0 0.0
vn -1.0 0.0 0.0
vn 1.0 0.0 0.0
vn 1.0 -0.0 0.0
vn 1.0 0.0 0.0
vn 1.0 -0.0 0.0
vn 0.0 1.0 0.0
vn 0.0 1.0 0.0
vn 0.0 1.0 0.0
vn 0.0 1.0 0.0
vn 0.0 -1.0 0.0
vn 0.0 -1.0 0.0
vn 0.0 -1.0 0.0
vn 0.0 -1.0 0.0
f 1//1 2//1 3//1 
f 3//2 4//2 1//2 
f 1//3 5//3 2//3 
f 4//4 6//4 1//4 
f 1//5 7//5 5//5 
f 6//6 8//6 1//6 
f 1//7 9//7 7//7 
f 8//8 10//8 1//8 
f 1//9 11//9 9//9 
f 10//10 12//10 1//10 
f 1//11 13//11 11//11 
f 12//12 14//12 1//12 
f 1//13 15//13 13//13 
f 14//14 16//14 1//14 
f 1//15 17//15 15//15 
f 16//16 18//16 1//16 
f 1//17 19//17 17//17 
f 18//18 20//18 1//18 
f 1//19 21//19 19//19 
f 20//20 22//20 1//20 
f 1//21 23//21 21//21 
f 22//22 24//22 1//22 
f 1//23 25//23 23//23 
f 24//24 26//24 1//24 
f 1//25 27//25 25//25 
f 1//26 28//26 27//26 
f 1//27 29//27 28//27 
f 1//28 30//28 31//28 
f 26//29 30//29 1//29 
f 30//30 32//30 31//30 
f 32//31 33//31 31//31 
f 33//32 34//32 31//32 
f 34//33 35//33 31//33 
f 35//34 36//34 31//34 
f 36//35 37//35 31//35 
f 37//36 38//36 31//36 
f 38//37 39//37 31//37 
f 39//38 40//38 31//38 
f 40//39 41//39 31//39 
f 41//40 42//40 31//40 
f 42//41 43//41 31//41 
f 43//42 44//42 31//42 
f 44//43 45//43 31//43 
f 45//44 46//44 31//44 
f 46//45 47//45 31//45 
f 47//46 48//46 31//46 
f 48//47 49//47 31//47 
f 49//48 50//48 31//48 
f 50//49 51//49 31//49 
f 51//50 52//50 31//50 
f 52//51 53//51 31//51 
f 29//52 54//52 55//52 
f 56//53 54//53 57//53 
f 58//54 54//54 56//54 
f 59//55 54//55 58//55 
f 60//56 54//56 59//56 
f 61//57 54//57 60//57 
f 62//58 54//58 61//58 
f 63//59 54//59 62//59 
f 1//60 54//60 29//60 
f 64//61 54//61 63//61 
f 65//62 54//62 64//62 
f 66//63 54//63 65//63 
f 67//64 54//64 66//64 
f 68//65 54//65 67//65 
f 69//66 54//66 68//66 
f 70//67 54//67 69//67 
f 71//68 54//68 70//68 
f 72//69 54//69 71//69 
f 73//70 54//70 72//70 
f 74//71 54//71 73//71 
f 75//72 54//72 74//72 
f 76//73 54//73 75//73 
f 77//74 54//74 76//74 
f 78//75 54//75 77//75 
f 79//76 54//76 78//76 
f 55//77 54//77 79//77 
f 54//78 80//78 57//78 
f 81//79 82//79 83//79 
f 84//80 82//80 81//80 
f 53//81 82//81 31//81 
f 85//82 82//82 84//82 
f 86//83 82//83 85//83 
f 87//84 82//84 86//84 
f 88//85 82//85 87//85 
f 54//86 82//86 80//86 
f 89//87 82//87 88//87 
f 90//88 82//88 89//88 
f 91//89 82//89 90//89 
f 92//90 82//90 91//90 
f 93//91 82//91 92//91 
f 94//92 82//92 93//92 
f 95//93 82//93 94//93 
f 96//94 82//94 95//94 
f 97//95 82//95 96//95 
f 98//96 82//96 97//96 
f 99//97 82//97 98//97 
f 100//98 82//98 99//98 
f 101//99 82//99 100//99 
f 80//100 82//100 101//100 
f 102//101 82//101 53//101 
f 83//102 82//102 102//102 
f 103//103 82//103 104//103 
f 103//104 104//104 105//104 
f 103//105 105//105 106//105 
f 103//106 106//106 107//106 
f 103//107 107//107 108//107 
f 103//108 108//108 109//108 
f 103//109 109//109 110//109 
f 103//110 110//110 111//110 
f 103//111 111//111 112//111 
f 103//112 112//112 113//112 
f 103//113 113//113 114//113 
f 103//114 114//114 115//114 
f 103//115 115//115 116//115 
f 103//116 116//116 117//116 
f 103//117 117//117 118//117 
f 103//118 118//118 119//118 
f 103//119 119//119 120//119 
f 103//120 120//120 121//120 
f 103//121 121//121 122//121 
f 103//122 122//122 123//122 
f 103//123 123//123 124//123 
f 103//124 124//124 125//124 
f 103//125 125//125 126//125 
f 103//126 126//126 127//126 
f 103//127 127//127 128//127 
f 103//128 128//128 129//128 
f 103//129 129//129 130//129 
f 103//130 130//130 131//130 
f 103//131 131//131 132//131 
f 103//132 132//132 133//132 
f 103//133 133//133 134//133 
f 103//134 134//134 135//134 
f 136//135 137//135 31//135 
f 136//136 31//136 82//136 
f 136//137 138//137 137//137 
f 136//138 139//138 138//138 
f 136//139 140//139 139//139 
f 136//140 141//140 140//140 
f 136//141 142//141 141//141 
f 136//142 143//142 142//142 
f 136//143 144//143 143//143 
f 136//144 145//144 144//144 
f 136//145 146//145 145//145 
f 136//146 147//146 146//146 
f 136//147 148//147 147//147 
f 136//148 149//148 148//148 
f 136//149 150//149 149//149 
f 136//150 151//150 150//150 
f 136//151 152//151 151//151 
f 136//152 82//152 103//152 
f 153//153 103//153 135//153 
f 153//154 135//154 154//154 
f 153//155 154//155 155//155 
f 153//156 155//156 156//156 
f 153//157 156//157 157//157 
f 153//158 157//158 158//158 
f 153//159 158//159 159//159 
f 153//160 159//160 160//160 
f 153//161 160//161 161//161 
f 153//162 161//162 162//162 
f 153//163 162//163 163//163 
f 153//164 163//164 164//164 
f 153//165 164//165 165//165 
f 153//166 165//166 166//166 
f 153//167 166//167 167//167 
f 153//168 167//168 168//168 
f 153//169 168//169 169//169 
f 170//170 153//170 169//170 
f 171//171 152//171 136//171 
f 172//172 153//172 170//172 
f 173//173 153//173 172//173 
f 174//174 171//174 136//174 
f 175//175 174//175 136//175 
f 176//176 153//176 173//176 
f 177//177 175//177 136//177 
f 178//178 153//178 176//178 
f 179//179 177//179 136//179 
f 180//180 153//180 178//180 
f 181//181 179//181 136//181 
f 182//182 153//182 180//182 
f 183//183 181//183 136//183 
f 184//184 153//184 182//184 
f 185//185 183//185 136//185 
f 186//186 153//186 184//186 
f 187//187 185//187 136//187 
f 188//188 153//188 186//188 
f 189//189 187//189 136//189 
f 190//190 153//190 188//190 
f 191//191 189//191 136//191 
f 192//192 153//192 190//192 
f 193//193 191//193 136//193 
f 194//194 153//194 192//194 
f 195//195 193//195 136//195 
f 196//196 153//196 194//196 
f 197//197 195//197 136//197 
f 198//198 153//198 196//198 
f 199//199 197//199 136//199 
f 200//200 153//200 198//200 
f 201//201 153//201 200//201 
f 972//202 199//202 136//202 
f 202//203 136//203 203//203 
f 202//204 972//204 136//204 
f 204//205 203//205 153//205 
f 204//206 153//206 201//206 
f 205//207 202//207 203//207 
f 206//208 203//208 204//208 
f 207//209 205//209 203//209 
f 208//210 203//210 206//210 
f 209//211 207//211 203//211 
f 210//212 203//212 208//212 
f 211//213 209//213 203//213 
f 212//214 203//214 210//214 
f 213//215 211//215 203//215 
f 214//216 203//216 212//216 
f 215//217 213//217 203//217 
f 216//218 203//218 214//218 
f 217//219 215//219 203//219 
f 218//220 203//220 216//220 
f 219//221 217//221 203//221 
f 220//222 203//222 218//222 
f 221//223 219//223 203//223 
f 222//224 203//224 220//224 
f 223//225 221//225 203//225 
f 224//226 203//226 222//226 
f 225//227 223//227 203//227 
f 226//228 203//228 224//228 
f 227//229 225//229 203//229 
f 228//230 203//230 226//230 
f 229//231 227//231 203//231 
f 230//232 203//232 228//232 
f 231//233 229//233 203//233 
f 232//234 203//234 230//234 
f 233//235 231//235 203//235 
f 234//236 203//236 232//236 
f 235//237 203//237 234//237 
f 235//238 233//238 203//238 
f 82//239 54//239 236//239 
f 104//240 82//240 236//240 
f 105//241 236//241 237//241 
f 105//242 104//242 236//242 
f 106//243 237//243 238//243 
f 106//244 238//244 239//244 
f 106//245 105//245 237//245 
f 107//246 106//246 239//246 
f 108//247 239//247 240//247 
f 108//248 240//248 241//248 
f 108//249 107//249 239//249 
f 109//250 108//250 241//250 
f 110//251 241//251 242//251 
f 110//252 242//252 243//252 
f 110//253 109//253 241//253 
f 111//254 110//254 243//254 
f 112//255 111//255 243//255 
f 112//256 243//256 244//256 
f 113//257 244//257 245//257 
f 113//258 112//258 244//258 
f 114//259 245//259 246//259 
f 114//260 113//260 245//260 
f 115//261 246//261 247//261 
f 115//262 114//262 246//262 
f 116//263 247//263 248//263 
f 116//264 115//264 247//264 
f 117//265 248//265 249//265 
f 117//266 116//266 248//266 
f 118//267 249//267 250//267 
f 118//268 250//268 251//268 
f 118//269 117//269 249//269 
f 119//270 118//270 251//270 
f 120//271 251//271 252//271 
f 120//272 252//272 253//272 
f 120//273 119//273 251//273 
f 121//274 120//274 253//274 
f 122//275 253//275 254//275 
f 122//276 254//276 255//276 
f 122//277 121//277 253//277 
f 123//278 255//278 256//278 
f 123//279 122//279 255//279 
f 124//280 256//280 257//280 
f 124//281 123//281 256//281 
f 125//282 124//282 257//282 
f 126//283 257//283 258//283 
f 126//284 258//284 259//284 
f 126//285 125//285 257//285 
f 127//286 126//286 259//286 
f 128//287 259//287 260//287 
f 128//288 127//288 259//288 
f 129//289 260//289 261//289 
f 129//290 128//290 260//290 
f 130//291 261//291 262//291 
f 130//292 129//292 261//292 
f 131//293 262//293 263//293 
f 131//294 263//294 264//294 
f 131//295 130//295 262//295 
f 132//296 131//296 264//296 
f 133//297 264//297 265//297 
f 133//298 265//298 266//298 
f 133//299 132//299 264//299 
f 134//300 133//300 266//300 
f 135//301 266//301 267//301 
f 135//302 134//302 266//302 
f 1//303 137//303 268//303 
f 31//304 137//304 1//304 
f 268//305 138//305 269//305 
f 137//306 138//306 268//306 
f 269//307 139//307 270//307 
f 270//308 139//308 271//308 
f 138//309 139//309 269//309 
f 271//310 140//310 272//310 
f 139//311 140//311 271//311 
f 140//312 141//312 272//312 
f 272//313 142//313 273//313 
f 141//314 142//314 272//314 
f 273//315 143//315 274//315 
f 142//316 143//316 273//316 
f 274//317 144//317 275//317 
f 143//318 144//318 274//318 
f 144//319 145//319 275//319 
f 275//320 145//320 276//320 
f 276//321 145//321 277//321 
f 145//322 146//322 277//322 
f 146//323 147//323 277//323 
f 277//324 147//324 278//324 
f 278//325 147//325 279//325 
f 279//326 148//326 280//326 
f 147//327 148//327 279//327 
f 148//328 149//328 280//328 
f 149//329 150//329 280//329 
f 280//330 150//330 281//330 
f 281//331 150//331 282//331 
f 150//332 151//332 282//332 
f 282//333 152//333 283//333 
f 151//334 152//334 282//334 
f 283//335 171//335 284//335 
f 152//336 171//336 283//336 
f 284//337 174//337 285//337 
f 285//338 174//338 286//338 
f 171//339 174//339 284//339 
f 174//340 175//340 286//340 
f 286//341 177//341 287//341 
f 175//342 177//342 286//342 
f 287//343 179//343 288//343 
f 288//344 179//344 289//344 
f 177//345 179//345 287//345 
f 289//346 181//346 290//346 
f 179//347 181//347 289//347 
f 181//348 183//348 290//348 
f 290//349 185//349 291//349 
f 183//350 185//350 290//350 
f 291//351 187//351 292//351 
f 292//352 187//352 293//352 
f 185//353 187//353 291//353 
f 187//354 189//354 293//354 
f 293//355 191//355 294//355 
f 294//356 191//356 295//356 
f 189//357 191//357 293//357 
f 191//358 193//358 295//358 
f 295//359 195//359 296//359 
f 193//360 195//360 295//360 
f 296//361 197//361 297//361 
f 297//362 197//362 298//362 
f 195//363 197//363 296//363 
f 197//364 199//364 298//364 
f 298//365 972//365 971//365 
f 199//366 972//366 298//366 
f 254//367 257//367 255//367 
f 255//368 257//368 256//368 
f 245//369 244//369 246//369 
f 246//370 244//370 247//370 
f 247//371 244//371 248//371 
f 248//372 244//372 249//372 
f 249//373 244//373 250//373 
f 250//374 244//374 251//374 
f 244//375 243//375 251//375 
f 253//376 260//376 254//376 
f 257//377 260//377 258//377 
f 258//378 260//378 259//378 
f 254//379 260//379 257//379 
f 242//380 241//380 243//380 
f 251//381 240//381 252//381 
f 243//382 240//382 251//382 
f 241//383 240//383 243//383 
f 261//384 265//384 262//384 
f 262//385 265//385 263//385 
f 263//386 265//386 264//386 
f 236//387 54//387 237//387 
f 237//388 54//388 238//388 
f 238//389 54//389 239//389 
f 239//390 54//390 240//390 
f 252//391 54//391 253//391 
f 240//392 54//392 252//392 
f 260//393 267//393 261//393 
f 265//394 267//394 266//394 
f 253//395 267//395 260//395 
f 261//396 267//396 265//396 
f 54//397 267//397 253//397 
f 54//398 299//398 300//398 
f 300//399 301//399 54//399 
f 54//400 302//400 299//400 
f 301//401 303//401 54//401 
f 54//402 304//402 302//402 
f 303//403 305//403 54//403 
f 54//404 306//404 304//404 
f 305//405 307//405 54//405 
f 54//406 308//406 306//406 
f 307//407 309//407 54//407 
f 54//408 310//408 308//408 
f 309//409 311//409 54//409 
f 54//410 312//410 310//410 
f 311//411 313//411 54//411 
f 54//412 314//412 312//412 
f 313//413 315//413 54//413 
f 54//414 316//414 314//414 
f 315//415 317//415 54//415 
f 54//416 317//416 267//416 
f 54//417 318//417 316//417 
f 317//418 319//418 267//418 
f 54//419 320//419 318//419 
f 319//420 321//420 267//420 
f 54//421 322//421 320//421 
f 321//422 323//422 267//422 
f 54//423 324//423 322//423 
f 323//424 325//424 267//424 
f 54//425 326//425 324//425 
f 325//426 327//426 267//426 
f 54//427 328//427 326//427 
f 327//428 329//428 267//428 
f 54//429 330//429 328//429 
f 329//430 331//430 267//430 
f 331//431 332//431 267//431 
f 267//432 333//432 334//432 
f 334//433 335//433 267//433 
f 267//434 336//434 333//434 
f 335//435 337//435 267//435 
f 267//436 338//436 336//436 
f 337//437 339//437 267//437 
f 267//438 340//438 338//438 
f 339//439 341//439 267//439 
f 267//440 342//440 340//440 
f 341//441 343//441 267//441 
f 267//442 344//442 342//442 
f 343//443 345//443 267//443 
f 267//444 346//444 344//444 
f 332//445 346//445 267//445 
f 345//446 347//446 267//446 
f 348//447 349//447 332//447 
f 332//448 349//448 346//448 
f 347//449 350//449 267//449 
f 351//450 352//450 348//450 
f 348//451 352//451 349//451 
f 350//452 353//452 267//452 
f 351//453 354//453 352//453 
f 355//454 354//454 351//454 
f 353//455 356//455 267//455 
f 357//456 358//456 355//456 
f 355//457 358//457 354//457 
f 357//458 359//458 358//458 
f 360//459 359//459 357//459 
f 360//460 361//460 359//460 
f 362//461 361//461 360//461 
f 363//462 364//462 362//462 
f 362//463 364//463 361//463 
f 365//464 366//464 363//464 
f 363//465 366//465 364//465 
f 365//466 367//466 366//466 
f 368//467 367//467 365//467 
f 368//468 369//468 367//468 
f 370//469 369//469 368//469 
f 370//470 371//470 369//470 
f 372//471 371//471 370//471 
f 372//472 373//472 371//472 
f 374//473 373//473 372//473 
f 374//474 375//474 373//474 
f 376//475 375//475 374//475 
f 376//476 377//476 375//476 
f 378//477 377//477 376//477 
f 378//478 379//478 377//478 
f 380//479 379//479 378//479 
f 380//480 381//480 379//480 
f 382//481 381//481 380//481 
f 382//482 383//482 381//482 
f 384//483 383//483 382//483 
f 384//484 385//484 383//484 
f 386//485 385//485 384//485 
f 386//486 387//486 385//486 
f 388//487 387//487 386//487 
f 388//488 389//488 387//488 
f 390//489 389//489 388//489 
f 390//490 391//490 389//490 
f 392//491 391//491 390//491 
f 392//492 393//492 391//492 
f 394//493 393//493 392//493 
f 394//494 395//494 393//494 
f 396//495 395//495 394//495 
f 396//496 397//496 395//496 
f 398//497 397//497 396//497 
f 399//498 1//498 400//498 
f 401//499 1//499 399//499 
f 402//500 1//500 401//500 
f 403//501 1//501 402//501 
f 404//502 1//502 403//502 
f 405//503 1//503 404//503 
f 406//504 1//504 405//504 
f 407//505 1//505 406//505 
f 408//506 1//506 407//506 
f 409//507 1//507 408//507 
f 410//508 1//508 409//508 
f 411//509 1//509 410//509 
f 412//510 1//510 411//510 
f 413//511 1//511 412//511 
f 414//512 1//512 413//512 
f 415//513 1//513 414//513 
f 416//514 1//514 415//514 
f 417//515 1//515 416//515 
f 330//516 1//516 417//516 
f 54//517 1//517 330//517 
f 418//518 1//518 419//518 
f 420//519 1//519 418//519 
f 421//520 1//520 420//520 
f 422//521 1//521 421//521 
f 423//522 1//522 422//522 
f 400//523 1//523 423//523 
f 424//524 425//524 356//524 
f 426//525 425//525 424//525 
f 427//526 425//526 426//526 
f 428//527 425//527 427//527 
f 429//528 425//528 428//528 
f 430//529 425//529 429//529 
f 431//530 425//530 430//530 
f 432//531 425//531 431//531 
f 433//532 425//532 432//532 
f 434//533 425//533 433//533 
f 435//534 425//534 434//534 
f 436//535 425//535 435//535 
f 437//536 425//536 436//536 
f 438//537 425//537 437//537 
f 439//538 425//538 438//538 
f 440//539 425//539 439//539 
f 441//540 425//540 440//540 
f 442//541 425//541 441//541 
f 443//542 425//542 442//542 
f 444//543 425//543 443//543 
f 445//544 425//544 444//544 
f 356//545 425//545 267//545 
f 398//546 446//546 397//546 
f 447//547 446//547 398//547 
f 445//548 448//548 425//548 
f 447//549 449//549 446//549 
f 450//550 449//550 447//550 
f 448//551 451//551 425//551 
f 450//552 452//552 449//552 
f 453//553 452//553 450//553 
f 451//554 454//554 425//554 
f 453//555 455//555 452//555 
f 456//556 455//556 453//556 
f 454//557 457//557 425//557 
f 458//558 459//558 456//558 
f 456//559 459//559 455//559 
f 460//560 461//560 458//560 
f 458//561 461//561 459//561 
f 460//562 462//562 461//562 
f 270//563 271//563 269//563 
f 463//564 464//564 465//564 
f 463//565 466//565 464//565 
f 463//566 467//566 466//566 
f 425//567 468//567 469//567 
f 469//568 468//568 463//568 
f 463//569 468//569 467//569 
f 269//570 274//570 268//570 
f 272//571 274//571 271//571 
f 273//572 274//572 272//572 
f 271//573 274//573 269//573 
f 274//574 275//574 268//574 
f 268//575 276//575 1//575 
f 275//576 276//576 268//576 
f 468//577 470//577 471//577 
f 471//578 470//578 472//578 
f 425//579 470//579 468//579 
f 276//580 277//580 1//580 
f 470//581 473//581 474//581 
f 425//582 473//582 470//582 
f 278//583 279//583 277//583 
f 277//584 279//584 1//584 
f 279//585 280//585 1//585 
f 473//586 475//586 476//586 
f 473//587 477//587 475//587 
f 281//588 283//588 280//588 
f 282//589 283//589 281//589 
f 280//590 284//590 1//590 
f 283//591 284//591 280//591 
f 425//592 478//592 473//592 
f 477//593 478//593 479//593 
f 473//594 478//594 477//594 
f 284//595 285//595 1//595 
f 286//596 287//596 285//596 
f 285//597 287//597 1//597 
f 480//598 481//598 482//598 
f 480//599 483//599 481//599 
f 288//600 289//600 287//600 
f 425//601 484//601 478//601 
f 478//602 484//602 480//602 
f 480//603 484//603 483//603 
f 290//604 291//604 289//604 
f 289//605 291//605 287//605 
f 425//606 485//606 484//606 
f 484//607 485//607 486//607 
f 291//608 292//608 287//608 
f 425//609 487//609 485//609 
f 287//610 293//610 1//610 
f 292//611 293//611 287//611 
f 293//612 294//612 1//612 
f 487//613 488//613 489//613 
f 294//614 295//614 1//614 
f 295//615 296//615 1//615 
f 490//616 491//616 492//616 
f 297//617 298//617 296//617 
f 296//618 298//618 1//618 
f 490//619 493//619 491//619 
f 488//620 493//620 490//620 
f 487//621 493//621 488//621 
f 487//622 494//622 493//622 
f 425//623 494//623 487//623 
f 495//624 494//624 457//624 
f 496//625 494//625 495//625 
f 497//626 494//626 496//626 
f 498//627 494//627 497//627 
f 499//628 494//628 498//628 
f 500//629 494//629 499//629 
f 501//630 494//630 500//630 
f 502//631 494//631 501//631 
f 457//632 494//632 425//632 
f 298//633 971//633 1//633 
f 1//634 971//634 419//634 
f 503//635 971//635 504//635 
f 505//636 971//636 503//636 
f 506//637 971//637 505//637 
f 507//638 971//638 506//638 
f 508//639 971//639 507//639 
f 509//640 971//640 508//640 
f 510//641 971//641 509//641 
f 419//642 971//642 510//642 
f 511//643 512//643 513//643 
f 511//644 514//644 512//644 
f 515//645 514//645 511//645 
f 512//646 516//646 513//646 
f 513//647 516//647 517//647 
f 515//648 518//648 514//648 
f 519//649 518//649 515//649 
f 517//650 520//650 521//650 
f 516//651 520//651 517//651 
f 519//652 522//652 518//652 
f 523//653 522//653 519//653 
f 521//654 524//654 525//654 
f 520//655 524//655 521//655 
f 523//656 526//656 522//656 
f 527//657 526//657 523//657 
f 524//658 528//658 525//658 
f 525//659 528//659 529//659 
f 527//660 530//660 526//660 
f 531//661 530//661 527//661 
f 529//662 532//662 460//662 
f 528//663 532//663 529//663 
f 531//664 533//664 530//664 
f 534//665 533//665 531//665 
f 460//666 535//666 462//666 
f 532//667 535//667 460//667 
f 534//668 536//668 533//668 
f 537//669 536//669 534//669 
f 535//670 538//670 462//670 
f 462//671 538//671 539//671 
f 537//672 540//672 536//672 
f 541//673 540//673 537//673 
f 538//674 542//674 539//674 
f 539//675 542//675 543//675 
f 541//676 544//676 540//676 
f 545//677 544//677 541//677 
f 542//678 546//678 543//678 
f 543//679 546//679 547//679 
f 545//680 548//680 544//680 
f 549//681 548//681 545//681 
f 546//682 550//682 547//682 
f 547//683 550//683 551//683 
f 549//684 552//684 548//684 
f 553//685 552//685 549//685 
f 550//686 554//686 551//686 
f 551//687 554//687 555//687 
f 553//688 556//688 552//688 
f 557//689 556//689 553//689 
f 554//690 558//690 555//690 
f 555//691 558//691 559//691 
f 557//692 560//692 556//692 
f 561//693 560//693 557//693 
f 559//694 562//694 563//694 
f 558//695 562//695 559//695 
f 564//696 565//696 561//696 
f 561//697 565//697 560//697 
f 563//698 566//698 567//698 
f 562//699 566//699 563//699 
f 564//700 568//700 565//700 
f 569//701 568//701 564//701 
f 567//702 570//702 571//702 
f 566//703 570//703 567//703 
f 572//704 573//704 569//704 
f 569//705 573//705 568//705 
f 570//706 574//706 571//706 
f 575//707 574//707 576//707 
f 571//708 574//708 575//708 
f 577//709 578//709 572//709 
f 572//710 578//710 573//710 
f 574//711 579//711 576//711 
f 576//712 579//712 580//712 
f 577//713 581//713 578//713 
f 582//714 581//714 577//714 
f 579//715 583//715 580//715 
f 582//716 584//716 581//716 
f 585//717 584//717 582//717 
f 585//718 586//718 584//718 
f 587//719 586//719 585//719 
f 587//720 588//720 586//720 
f 589//721 588//721 587//721 
f 589//722 590//722 588//722 
f 591//723 590//723 589//723 
f 591//724 592//724 590//724 
f 593//725 592//725 591//725 
f 593//726 594//726 592//726 
f 504//727 594//727 593//727 
f 504//728 595//728 594//728 
f 971//729 595//729 504//729 
f 971//730 596//730 595//730 
f 971//731 597//731 596//731 
f 971//732 598//732 597//732 
f 971//733 599//733 598//733 
f 971//734 600//734 599//734 
f 971//735 601//735 600//735 
f 971//736 602//736 601//736 
f 971//737 603//737 602//737 
f 971//738 604//738 603//738 
f 971//739 605//739 604//739 
f 971//740 606//740 605//740 
f 971//741 607//741 606//741 
f 971//742 608//742 607//742 
f 971//743 609//743 608//743 
f 971//744 610//744 609//744 
f 971//745 611//745 610//745 
f 971//746 612//746 611//746 
f 613//747 614//747 615//747 
f 616//748 617//748 613//748 
f 613//749 617//749 614//749 
f 614//750 618//750 615//750 
f 615//751 618//751 619//751 
f 620//752 621//752 616//752 
f 622//753 621//753 620//753 
f 616//754 621//754 617//754 
f 618//755 623//755 619//755 
f 624//756 623//756 625//756 
f 619//757 623//757 624//757 
f 622//758 626//758 621//758 
f 627//759 626//759 622//759 
f 623//760 628//760 625//760 
f 625//761 628//761 629//761 
f 627//762 630//762 626//762 
f 631//763 630//763 627//763 
f 628//764 632//764 629//764 
f 629//765 632//765 633//765 
f 634//766 635//766 631//766 
f 631//767 635//767 630//767 
f 636//768 637//768 638//768 
f 633//769 637//769 636//769 
f 632//770 637//770 633//770 
f 634//771 639//771 635//771 
f 640//772 639//772 634//772 
f 641//773 639//773 640//773 
f 637//774 642//774 638//774 
f 638//775 642//775 643//775 
f 641//776 644//776 639//776 
f 645//777 644//777 641//777 
f 642//778 646//778 643//778 
f 643//779 646//779 647//779 
f 645//780 648//780 644//780 
f 649//781 648//781 645//781 
f 647//782 650//782 651//782 
f 646//783 650//783 647//783 
f 649//784 652//784 648//784 
f 653//785 652//785 649//785 
f 650//786 654//786 651//786 
f 655//787 654//787 656//787 
f 651//788 654//788 655//788 
f 653//789 657//789 652//789 
f 658//790 657//790 653//790 
f 580//791 657//791 658//791 
f 656//792 659//792 660//792 
f 654//793 659//793 656//793 
f 580//794 661//794 657//794 
f 583//795 661//795 580//795 
f 659//796 662//796 660//796 
f 660//797 662//797 663//797 
f 664//798 665//798 583//798 
f 583//799 665//799 661//799 
f 662//800 666//800 663//800 
f 663//801 666//801 667//801 
f 668//802 669//802 664//802 
f 670//803 669//803 668//803 
f 664//804 669//804 665//804 
f 666//805 671//805 667//805 
f 667//806 671//806 672//806 
f 670//807 673//807 669//807 
f 674//808 673//808 670//808 
f 675//809 676//809 677//809 
f 672//810 676//810 675//810 
f 671//811 676//811 672//811 
f 678//812 679//812 674//812 
f 674//813 679//813 673//813 
f 676//814 680//814 677//814 
f 677//815 680//815 502//815 
f 502//816 680//816 494//816 
f 681//817 682//817 678//817 
f 678//818 682//818 679//818 
f 680//819 683//819 494//819 
f 684//820 685//820 681//820 
f 686//821 685//821 684//821 
f 681//822 685//822 682//822 
f 683//823 687//823 494//823 
f 688//824 689//824 686//824 
f 686//825 689//825 685//825 
f 687//826 690//826 494//826 
f 691//827 692//827 688//827 
f 688//828 692//828 689//828 
f 690//829 693//829 494//829 
f 694//830 695//830 691//830 
f 696//831 695//831 694//831 
f 691//832 695//832 692//832 
f 693//833 697//833 494//833 
f 698//834 699//834 696//834 
f 696//835 699//835 695//835 
f 697//836 700//836 494//836 
f 701//837 702//837 698//837 
f 698//838 702//838 699//838 
f 700//839 703//839 494//839 
f 704//840 705//840 701//840 
f 706//841 705//841 704//841 
f 701//842 705//842 702//842 
f 703//843 707//843 494//843 
f 708//844 709//844 706//844 
f 706//845 709//845 705//845 
f 707//846 710//846 494//846 
f 711//847 712//847 708//847 
f 708//848 712//848 709//848 
f 710//849 713//849 494//849 
f 714//850 715//850 711//850 
f 716//851 715//851 714//851 
f 711//852 715//852 712//852 
f 713//853 717//853 494//853 
f 718//854 719//854 716//854 
f 716//855 719//855 715//855 
f 717//856 720//856 494//856 
f 721//857 722//857 718//857 
f 718//858 722//858 719//858 
f 720//859 723//859 494//859 
f 724//860 725//860 721//860 
f 726//861 725//861 724//861 
f 721//862 725//862 722//862 
f 723//863 727//863 494//863 
f 728//864 729//864 726//864 
f 726//865 729//865 725//865 
f 727//866 730//866 494//866 
f 731//867 732//867 728//867 
f 728//868 732//868 729//868 
f 730//869 733//869 494//869 
f 734//870 735//870 731//870 
f 736//871 735//871 734//871 
f 731//872 735//872 732//872 
f 733//873 737//873 494//873 
f 738//874 739//874 736//874 
f 736//875 739//875 735//875 
f 737//876 740//876 494//876 
f 741//877 742//877 738//877 
f 738//878 742//878 739//878 
f 740//879 743//879 494//879 
f 744//880 745//880 741//880 
f 746//881 745//881 744//881 
f 741//882 745//882 742//882 
f 743//883 747//883 494//883 
f 748//884 749//884 746//884 
f 746//885 749//885 745//885 
f 747//886 750//886 494//886 
f 751//887 752//887 748//887 
f 748//888 752//888 749//888 
f 750//889 753//889 494//889 
f 754//890 755//890 751//890 
f 756//891 755//891 754//891 
f 751//892 755//892 752//892 
f 753//893 757//893 494//893 
f 758//894 759//894 756//894 
f 756//895 759//895 755//895 
f 757//896 760//896 494//896 
f 758//897 761//897 759//897 
f 762//898 761//898 758//898 
f 760//899 763//899 494//899 
f 764//900 765//900 762//900 
f 762//901 765//901 761//901 
f 763//902 766//902 494//902 
f 767//903 768//903 764//903 
f 764//904 768//904 765//904 
f 766//905 769//905 494//905 
f 770//906 771//906 767//906 
f 767//907 771//907 768//907 
f 769//908 772//908 494//908 
f 772//909 773//909 494//909 
f 773//910 774//910 494//910 
f 774//911 775//911 494//911 
f 776//912 777//912 778//912 
f 779//913 777//913 776//913 
f 780//914 777//914 779//914 
f 781//915 777//915 780//915 
f 782//916 777//916 781//916 
f 783//917 777//917 782//917 
f 784//918 777//918 783//918 
f 785//919 777//919 784//919 
f 786//920 777//920 785//920 
f 787//921 777//921 786//921 
f 788//922 777//922 787//922 
f 789//923 777//923 788//923 
f 790//924 777//924 789//924 
f 791//925 777//925 790//925 
f 792//926 777//926 791//926 
f 793//927 777//927 792//927 
f 771//928 777//928 793//928 
f 770//929 777//929 771//929 
f 794//930 777//930 795//930 
f 796//931 777//931 794//931 
f 797//932 777//932 796//932 
f 798//933 777//933 797//933 
f 799//934 777//934 798//934 
f 800//935 777//935 799//935 
f 801//936 777//936 800//936 
f 802//937 777//937 801//937 
f 803//938 777//938 802//938 
f 804//939 777//939 803//939 
f 805//940 777//940 804//940 
f 806//941 777//941 805//941 
f 807//942 777//942 806//942 
f 808//943 777//943 807//943 
f 809//944 777//944 808//944 
f 810//945 777//945 809//945 
f 811//946 777//946 810//946 
f 812//947 777//947 811//947 
f 778//948 777//948 812//948 
f 813//949 814//949 770//949 
f 815//950 814//950 813//950 
f 816//951 814//951 815//951 
f 817//952 814//952 816//952 
f 818//953 814//953 817//953 
f 819//954 814//954 818//954 
f 820//955 814//955 819//955 
f 821//956 814//956 820//956 
f 822//957 814//957 821//957 
f 823//958 814//958 822//958 
f 824//959 814//959 823//959 
f 825//960 814//960 824//960 
f 826//961 814//961 825//961 
f 827//962 814//962 826//962 
f 828//963 814//963 827//963 
f 829//964 814//964 828//964 
f 830//965 814//965 829//965 
f 831//966 814//966 830//966 
f 832//967 814//967 831//967 
f 833//968 814//968 832//968 
f 834//969 814//969 833//969 
f 835//970 814//970 834//970 
f 836//971 814//971 835//971 
f 837//972 814//972 836//972 
f 612//973 814//973 837//973 
f 770//974 814//974 777//974 
f 971//975 814//975 612//975 
f 814//976 838//976 777//976 
f 839//977 838//977 814//977 
f 840//978 841//978 839//978 
f 842//979 843//979 841//979 
f 841//980 844//980 839//980 
f 843//981 844//981 841//981 
f 845//982 846//982 847//982 
f 848//983 846//983 845//983 
f 849//984 846//984 848//984 
f 838//985 846//985 849//985 
f 839//986 850//986 838//986 
f 844//987 850//987 839//987 
f 838//988 850//988 846//988 
f 850//989 851//989 846//989 
f 852//990 851//990 850//990 
f 846//991 851//991 853//991 
f 852//992 854//992 851//992 
f 855//993 856//993 852//993 
f 852//994 857//994 854//994 
f 856//995 857//995 852//995 
f 857//996 858//996 854//996 
f 859//997 858//997 860//997 
f 854//998 858//998 859//998 
f 861//999 862//999 858//999 
f 863//1000 864//1000 865//1000 
f 860//1001 864//1001 863//1001 
f 862//1002 866//1002 858//1002 
f 858//1003 867//1003 860//1003 
f 860//1004 867//1004 864//1004 
f 866//1005 868//1005 858//1005 
f 858//1006 868//1006 867//1006 
f 777//1007 494//1007 795//1007 
f 795//1008 494//1008 775//1008 
f 32//1009 30//1009 869//1009 
f 32//1010 869//1010 870//1010 
f 33//1011 870//1011 871//1011 
f 33//1012 32//1012 870//1012 
f 34//1013 871//1013 872//1013 
f 34//1014 33//1014 871//1014 
f 35//1015 872//1015 873//1015 
f 35//1016 34//1016 872//1016 
f 36//1017 873//1017 874//1017 
f 36//1018 35//1018 873//1018 
f 37//1019 874//1019 875//1019 
f 37//1020 36//1020 874//1020 
f 38//1021 875//1021 876//1021 
f 38//1022 37//1022 875//1022 
f 39//1023 876//1023 877//1023 
f 39//1024 38//1024 876//1024 
f 40//1025 877//1025 878//1025 
f 40//1026 39//1026 877//1026 
f 41//1027 878//1027 879//1027 
f 41//1028 40//1028 878//1028 
f 42//1029 879//1029 880//1029 
f 42//1030 41//1030 879//1030 
f 43//1031 880//1031 881//1031 
f 43//1032 42//1032 880//1032 
f 44//1033 881//1033 882//1033 
f 44//1034 43//1034 881//1034 
f 45//1035 44//1035 882//1035 
f 45//1036 882//1036 883//1036 
f 46//1037 45//1037 883//1037 
f 46//1038 883//1038 884//1038 
f 47//1039 46//1039 884//1039 
f 47//1040 884//1040 885//1040 
f 48//1041 47//1041 885//1041 
f 48//1042 885//1042 886//1042 
f 49//1043 48//1043 886//1043 
f 49//1044 886//1044 887//1044 
f 50//1045 887//1045 888//1045 
f 50//1046 49//1046 887//1046 
f 50//1047 888//1047 889//1047 
f 51//1048 889//1048 890//1048 
f 51//1049 50//1049 889//1049 
f 52//1050 890//1050 891//1050 
f 52//1051 51//1051 890//1051 
f 53//1052 891//1052 892//1052 
f 53//1053 52//1053 891//1053 
f 102//1054 53//1054 892//1054 
f 83//1055 892//1055 893//1055 
f 83//1056 102//1056 892//1056 
f 81//1057 893//1057 894//1057 
f 81//1058 83//1058 893//1058 
f 84//1059 894//1059 895//1059 
f 84//1060 81//1060 894//1060 
f 84//1061 895//1061 896//1061 
f 85//1062 896//1062 897//1062 
f 85//1063 84//1063 896//1063 
f 86//1064 897//1064 898//1064 
f 86//1065 85//1065 897//1065 
f 87//1066 898//1066 899//1066 
f 87//1067 86//1067 898//1067 
f 88//1068 899//1068 900//1068 
f 88//1069 87//1069 899//1069 
f 89//1070 900//1070 901//1070 
f 89//1071 88//1071 900//1071 
f 90//1072 901//1072 902//1072 
f 90//1073 89//1073 901//1073 
f 91//1074 902//1074 903//1074 
f 91//1075 90//1075 902//1075 
f 92//1076 903//1076 904//1076 
f 92//1077 91//1077 903//1077 
f 93//1078 904//1078 905//1078 
f 93//1079 92//1079 904//1079 
f 94//1080 905//1080 906//1080 
f 94//1081 93//1081 905//1081 
f 95//1082 906//1082 907//1082 
f 95//1083 94//1083 906//1083 
f 96//1084 95//1084 907//1084 
f 97//1085 908//1085 909//1085 
f 97//1086 907//1086 908//1086 
f 97//1087 96//1087 907//1087 
f 98//1088 909//1088 910//1088 
f 98//1089 97//1089 909//1089 
f 99//1090 98//1090 910//1090 
f 99//1091 910//1091 911//1091 
f 100//1092 99//1092 911//1092 
f 100//1093 911//1093 912//1093 
f 101//1094 100//1094 912//1094 
f 101//1095 912//1095 913//1095 
f 80//1096 101//1096 913//1096 
f 57//1097 80//1097 913//1097 
f 57//1098 913//1098 914//1098 
f 56//1099 57//1099 914//1099 
f 56//1100 914//1100 915//1100 
f 58//1101 915//1101 916//1101 
f 58//1102 56//1102 915//1102 
f 59//1103 916//1103 917//1103 
f 59//1104 58//1104 916//1104 
f 60//1105 917//1105 918//1105 
f 60//1106 59//1106 917//1106 
f 61//1107 918//1107 919//1107 
f 61//1108 60//1108 918//1108 
f 62//1109 919//1109 920//1109 
f 62//1110 61//1110 919//1110 
f 63//1111 920//1111 921//1111 
f 63//1112 62//1112 920//1112 
f 64//1113 921//1113 922//1113 
f 64//1114 63//1114 921//1114 
f 65//1115 922//1115 923//1115 
f 65//1116 64//1116 922//1116 
f 66//1117 923//1117 924//1117 
f 66//1118 65//1118 923//1118 
f 67//1119 924//1119 925//1119 
f 67//1120 66//1120 924//1120 
f 68//1121 67//1121 925//1121 
f 68//1122 925//1122 926//1122 
f 69//1123 68//1123 926//1123 
f 69//1124 926//1124 927//1124 
f 70//1125 69//1125 927//1125 
f 70//1126 927//1126 928//1126 
f 71//1127 70//1127 928//1127 
f 71//1128 928//1128 929//1128 
f 72//1129 71//1129 929//1129 
f 72//1130 929//1130 930//1130 
f 73//1131 72//1131 930//1131 
f 73//1132 931//1132 932//1132 
f 73//1133 930//1133 931//1133 
f 74//1134 932//1134 933//1134 
f 74//1135 73//1135 932//1135 
f 75//1136 933//1136 934//1136 
f 75//1137 74//1137 933//1137 
f 76//1138 934//1138 935//1138 
f 76//1139 75//1139 934//1139 
f 77//1140 935//1140 936//1140 
f 77//1141 76//1141 935//1141 
f 78//1142 936//1142 937//1142 
f 78//1143 77//1143 936//1143 
f 79//1144 937//1144 938//1144 
f 79//1145 78//1145 937//1145 
f 55//1146 79//1146 938//1146 
f 29//1147 55//1147 939//1147 
f 939//1148 55//1148 938//1148 
f 29//1149 939//1149 940//1149 
f 28//1150 940//1150 941//1150 
f 28//1151 29//1151 940//1151 
f 27//1152 941//1152 942//1152 
f 27//1153 28//1153 941//1153 
f 25//1154 942//1154 943//1154 
f 25//1155 27//1155 942//1155 
f 23//1156 943//1156 944//1156 
f 23//1157 25//1157 943//1157 
f 21//1158 944//1158 945//1158 
f 21//1159 23//1159 944//1159 
f 19//1160 945//1160 946//1160 
f 19//1161 21//1161 945//1161 
f 17//1162 946//1162 947//1162 
f 17//1163 19//1163 946//1163 
f 15//1164 947//1164 948//1164 
f 15//1165 17//1165 947//1165 
f 13//1166 948//1166 949//1166 
f 13//1167 15//1167 948//1167 
f 11//1168 13//1168 949//1168 
f 11//1169 949//1169 950//1169 
f 9//1170 11//1170 950//1170 
f 9//1171 950//1171 951//1171 
f 7//1172 9//1172 951//1172 
f 7//1173 951//1173 952//1173 
f 5//1174 7//1174 952//1174 
f 5//1175 952//1175 953//1175 
f 2//1176 5//1176 953//1176 
f 2//1177 953//1177 954//1177 
f 3//1178 2//1178 954//1178 
f 3//1179 954//1179 955//1179 
f 4//1180 3//1180 955//1180 
f 4//1181 955//1181 956//1181 
f 6//1182 4//1182 956//1182 
f 6//1183 956//1183 957//1183 
f 8//1184 6//1184 957//1184 
f 8//1185 957//1185 958//1185 
f 10//1186 958//1186 959//1186 
f 10//1187 8//1187 958//1187 
f 12//1188 10//1188 959//1188 
f 12//1189 959//1189 960//1189 
f 14//1190 960//1190 961//1190 
f 14//1191 12//1191 960//1191 
f 16//1192 961//1192 962//1192 
f 16//1193 14//1193 961//1193 
f 18//1194 962//1194 963//1194 
f 18//1195 16//1195 962//1195 
f 20//1196 963//1196 964//1196 
f 20//1197 18//1197 963//1197 
f 22//1198 964//1198 965//1198 
f 22//1199 20//1199 964//1199 
f 24//1200 965//1200 966//1200 
f 24//1201 22//1201 965//1201 
f 26//1202 24//1202 966//1202 
f 30//1203 26//1203 869//1203 
f 869//1204 26//1204 966//1204 
f 967//1205 968//1205 267//1205 
f 267//1206 969//1206 967//1206 
f 970//1207 135//1207 968//1207 
f 968//1208 135//1208 267//1208 
f 969//1209 425//1209 970//1209 
f 267//1210 425//1210 969//1210 
f 425//1211 154//1211 970//1211 
f 970//1212 154//1212 135//1212 
f 814//1213 971//1213 972//1213 
f 202//1214 814//1214 972//1214 
f 155//1215 425//1215 469//1215 
f 155//1216 154//1216 425//1216 
f 156//1217 469//1217 463//1217 
f 156//1218 463//1218 465//1218 
f 156//1219 155//1219 469//1219 
f 157//1220 156//1220 465//1220 
f 158//1221 465//1221 464//1221 
f 158//1222 157//1222 465//1222 
f 159//1223 464//1223 466//1223 
f 159//1224 466//1224 467//1224 
f 159//1225 158//1225 464//1225 
f 160//1226 159//1226 467//1226 
f 161//1227 467//1227 468//1227 
f 161//1228 160//1228 467//1228 
f 162//1229 468//1229 471//1229 
f 162//1230 161//1230 468//1230 
f 163//1231 162//1231 471//1231 
f 163//1232 471//1232 472//1232 
f 164//1233 472//1233 470//1233 
f 164//1234 163//1234 472//1234 
f 165//1235 470//1235 474//1235 
f 165//1236 474//1236 473//1236 
f 165//1237 164//1237 470//1237 
f 166//1238 165//1238 473//1238 
f 167//1239 473//1239 476//1239 
f 167//1240 476//1240 475//1240 
f 167//1241 166//1241 473//1241 
f 168//1242 167//1242 475//1242 
f 169//1243 475//1243 477//1243 
f 169//1244 168//1244 475//1244 
f 170//1245 477//1245 479//1245 
f 170//1246 169//1246 477//1246 
f 172//1247 479//1247 478//1247 
f 172//1248 478//1248 480//1248 
f 172//1249 170//1249 479//1249 
f 173//1250 172//1250 480//1250 
f 176//1251 480//1251 482//1251 
f 176//1252 173//1252 480//1252 
f 178//1253 482//1253 481//1253 
f 178//1254 176//1254 482//1254 
f 180//1255 481//1255 483//1255 
f 180//1256 483//1256 484//1256 
f 180//1257 178//1257 481//1257 
f 182//1258 180//1258 484//1258 
f 184//1259 484//1259 486//1259 
f 184//1260 182//1260 484//1260 
f 186//1261 486//1261 485//1261 
f 186//1262 184//1262 486//1262 
f 188//1263 485//1263 487//1263 
f 188//1264 186//1264 485//1264 
f 190//1265 487//1265 489//1265 
f 190//1266 489//1266 488//1266 
f 190//1267 188//1267 487//1267 
f 192//1268 190//1268 488//1268 
f 194//1269 488//1269 490//1269 
f 194//1270 490//1270 492//1270 
f 194//1271 192//1271 488//1271 
f 196//1272 194//1272 492//1272 
f 198//1273 492//1273 491//1273 
f 198//1274 491//1274 493//1274 
f 198//1275 196//1275 492//1275 
f 200//1276 198//1276 493//1276 
f 201//1277 493//1277 494//1277 
f 201//1278 200//1278 493//1278 
f 814//1279 202//1279 839//1279 
f 202//1280 205//1280 839//1280 
f 839//1281 207//1281 840//1281 
f 205//1282 207//1282 839//1282 
f 840//1283 209//1283 841//1283 
f 841//1284 209//1284 842//1284 
f 207//1285 209//1285 840//1285 
f 209//1286 211//1286 842//1286 
f 842//1287 213//1287 843//1287 
f 843//1288 213//1288 844//1288 
f 211//1289 213//1289 842//1289 
f 213//1290 215//1290 844//1290 
f 844//1291 217//1291 850//1291 
f 850//1292 217//1292 852//1292 
f 215//1293 217//1293 844//1293 
f 217//1294 219//1294 852//1294 
f 219//1295 221//1295 852//1295 
f 852//1296 221//1296 855//1296 
f 855//1297 223//1297 856//1297 
f 221//1298 223//1298 855//1298 
f 856//1299 225//1299 857//1299 
f 223//1300 225//1300 856//1300 
f 857//1301 227//1301 858//1301 
f 225//1302 227//1302 857//1302 
f 858//1303 229//1303 861//1303 
f 227//1304 229//1304 858//1304 
f 861//1305 231//1305 862//1305 
f 229//1306 231//1306 861//1306 
f 862//1307 233//1307 866//1307 
f 866//1308 233//1308 868//1308 
f 231//1309 233//1309 862//1309 
f 233//1310 235//1310 868//1310 
f 868//1311 234//1311 867//1311 
f 867//1312 234//1312 864//1312 
f 235//1313 234//1313 868//1313 
f 234//1314 232//1314 864//1314 
f 864//1315 230//1315 865//1315 
f 865//1316 230//1316 863//1316 
f 232//1317 230//1317 864//1317 
f 863//1318 228//1318 860//1318 
f 230//1319 228//1319 863//1319 
f 860//1320 226//1320 859//1320 
f 228//1321 226//1321 860//1321 
f 226//1322 224//1322 859//1322 
f 859//1323 222//1323 854//1323 
f 854//1324 222//1324 851//1324 
f 224//1325 222//1325 859//1325 
f 222//1326 220//1326 851//1326 
f 851//1327 218//1327 853//1327 
f 220//1328 218//1328 851//1328 
f 853//1329 216//1329 846//1329 
f 218//1330 216//1330 853//1330 
f 846//1331 214//1331 847//1331 
f 216//1332 214//1332 846//1332 
f 847//1333 212//1333 845//1333 
f 845//1334 212//1334 848//1334 
f 214//1335 212//1335 847//1335 
f 212//1336 210//1336 848//1336 
f 848//1337 208//1337 849//1337 
f 849//1338 208//1338 838//1338 
f 210//1339 208//1339 848//1339 
f 208//1340 206//1340 838//1340 
f 838//1341 204//1341 777//1341 
f 206//1342 204//1342 838//1342 
f 973//1343 494//1343 777//1343 
f 974//1344 973//1344 975//1344 
f 976//1345 975//1345 973//1345 
f 977//1346 973//1346 974//1346 
f 978//1347 973//1347 777//1347 
f 978//1348 976//1348 973//1348 
f 979//1349 973//1349 977//1349 
f 980//1350 978//1350 777//1350 
f 981//1351 973//1351 979//1351 
f 982//1352 980//1352 777//1352 
f 983//1353 973//1353 981//1353 
f 984//1354 982//1354 777//1354 
f 985//1355 973//1355 983//1355 
f 986//1356 984//1356 777//1356 
f 987//1357 973//1357 985//1357 
f 988//1358 986//1358 777//1358 
f 989//1359 973//1359 987//1359 
f 990//1360 777//1360 204//1360 
f 990//1361 988//1361 777//1361 
f 991//1362 973//1362 989//1362 
f 992//1363 990//1363 204//1363 
f 993//1364 973//1364 991//1364 
f 994//1365 992//1365 204//1365 
f 995//1366 973//1366 993//1366 
f 996//1367 994//1367 204//1367 
f 997//1368 973//1368 995//1368 
f 998//1369 996//1369 204//1369 
f 999//1370 973//1370 997//1370 
f 1000//1371 998//1371 204//1371 
f 1001//1372 973//1372 999//1372 
f 1002//1373 1000//1373 204//1373 
f 1003//1374 973//1374 1001//1374 
f 1004//1375 1002//1375 204//1375 
f 1005//1376 973//1376 1003//1376 
f 1006//1377 1004//1377 204//1377 
f 1007//1378 973//1378 1005//1378 
f 1008//1379 1006//1379 204//1379 
f 1009//1380 973//1380 1007//1380 
f 1010//1381 1008//1381 204//1381 
f 1011//1382 973//1382 1009//1382 
f 1012//1383 1010//1383 204//1383 
f 1013//1384 973//1384 1011//1384 
f 1014//1385 1012//1385 204//1385 
f 1015//1386 973//1386 1013//1386 
f 1016//1387 1014//1387 204//1387 
f 1017//1388 973//1388 1015//1388 
f 1018//1389 1016//1389 204//1389 
f 1019//1390 973//1390 1017//1390 
f 1020//1391 1018//1391 204//1391 
f 1021//1392 973//1392 1019//1392 
f 1022//1393 1020//1393 204//1393 
f 1023//1394 973//1394 1021//1394 
f 1024//1395 1022//1395 204//1395 
f 1025//1396 973//1396 1023//1396 
f 1026//1397 1024//1397 204//1397 
f 1027//1398 973//1398 1025//1398 
f 1028//1399 1026//1399 204//1399 
f 1029//1400 973//1400 1027//1400 
f 1030//1401 1028//1401 204//1401 
f 1031//1402 973//1402 1029//1402 
f 1032//1403 1030//1403 204//1403 
f 1033//1404 973//1404 1031//1404 
f 1034//1405 973//1405 1033//1405 
f 1035//1406 973//1406 1034//1406 
f 1036//1407 973//1407 1035//1407 
f 1037//1408 973//1408 1036//1408 
f 1038//1409 973//1409 1037//1409 
f 1039//1410 973//1410 1038//1410 
f 1040//1411 973//1411 1039//1411 
f 1041//1412 973//1412 1040//1412 
f 1042//1413 973//1413 1041//1413 
f 1043//1414 973//1414 1042//1414 
f 1044//1415 973//1415 1043//1415 
f 1045//1416 973//1416 1044//1416 
f 1046//1417 973//1417 1045//1417 
f 1047//1418 973//1418 1046//1418 
f 1048//1419 973//1419 1047//1419 
f 1049//1420 1050//1420 1032//1420 
f 1049//1421 1051//1421 1050//1421 
f 1049//1422 1052//1422 1051//1422 
f 1049//1423 1053//1423 1052//1423 
f 1049//1424 1054//1424 1053//1424 
f 1049//1425 1055//1425 1054//1425 
f 1049//1426 1056//1426 1055//1426 
f 1049//1427 1057//1427 1056//1427 
f 1049//1428 1058//1428 1057//1428 
f 1049//1429 1059//1429 1058//1429 
f 1049//1430 1060//1430 1059//1430 
f 1049//1431 1061//1431 1060//1431 
f 1049//1432 1062//1432 1061//1432 
f 1049//1433 1063//1433 1062//1433 
f 1049//1434 1064//1434 1063//1434 
f 1049//1435 1065//1435 1064//1435 
f 1049//1436 1066//1436 1065//1436 
f 1049//1437 1067//1437 1066//1437 
f 1049//1438 1068//1438 1067//1438 
f 1049//1439 1069//1439 1068//1439 
f 1049//1440 1070//1440 1069//1440 
f 1049//1441 1071//1441 1070//1441 
f 1049//1442 1072//1442 1071//1442 
f 1049//1443 1073//1443 1072//1443 
f 1049//1444 1074//1444 1073//1444 
f 1049//1445 1075//1445 1074//1445 
f 1049//1446 1076//1446 1075//1446 
f 1049//1447 1077//1447 1076//1447 
f 1049//1448 1078//1448 1077//1448 
f 1049//1449 1079//1449 1078//1449 
f 1049//1450 1080//1450 1079//1450 
f 1049//1451 1081//1451 1080//1451 
f 1049//1452 1082//1452 1081//1452 
f 1049//1453 1083//1453 1082//1453 
f 1049//1454 1084//1454 1083//1454 
f 1049//1455 1085//1455 1084//1455 
f 1049//1456 1086//1456 1085//1456 
f 1049//1457 1087//1457 1086//1457 
f 1049//1458 1088//1458 1087//1458 
f 1049//1459 1032//1459 204//1459 
f 1049//1460 1089//1460 1088//1460 
f 1049//1461 1090//1461 1089//1461 
f 1049//1462 1091//1462 1090//1462 
f 1049//1463 1092//1463 1091//1463 
f 1049//1464 1093//1464 1092//1464 
f 1049//1465 1094//1465 1093//1465 
f 1049//1466 1095//1466 1094//1466 
f 1049//1467 1096//1467 1095//1467 
f 1097//1468 494//1468 973//1468 
f 1098//1469 1097//1469 1099//1469 
f 1100//1470 1099//1470 1097//1470 
f 1101//1471 1097//1471 1098//1471 
f 1102//1472 1100//1472 1097//1472 
f 1103//1473 1097//1473 1101//1473 
f 1104//1474 1102//1474 1097//1474 
f 1105//1475 1097//1475 1103//1475 
f 1106//1476 1104//1476 1097//1476 
f 1107//1477 1097//1477 1105//1477 
f 1108//1478 1106//1478 1097//1478 
f 1109//1479 1097//1479 1107//1479 
f 1110//1480 1108//1480 1097//1480 
f 1111//1481 1097//1481 1109//1481 
f 1112//1482 1110//1482 1097//1482 
f 1113//1483 1097//1483 1111//1483 
f 1114//1484 1112//1484 1097//1484 
f 1115//1485 1097//1485 1113//1485 
f 1116//1486 1114//1486 1097//1486 
f 1117//1487 1097//1487 1115//1487 
f 1118//1488 1116//1488 1097//1488 
f 1119//1489 1097//1489 1117//1489 
f 1120//1490 1118//1490 1097//1490 
f 1121//1491 1097//1491 1119//1491 
f 1122//1492 1120//1492 1097//1492 
f 1123//1493 1097//1493 1121//1493 
f 1124//1494 1122//1494 1097//1494 
f 1125//1495 1097//1495 1123//1495 
f 1126//1496 1097//1496 1125//1496 
f 1127//1497 1097//1497 1126//1497 
f 1128//1498 1097//1498 1127//1498 
f 1129//1499 1097//1499 1128//1499 
f 1130//1500 1097//1500 1129//1500 
f 1131//1501 1097//1501 1130//1501 
f 1132//1502 1097//1502 1131//1502 
f 1133//1503 1097//1503 1132//1503 
f 1134//1504 1097//1504 1133//1504 
f 1135//1505 1097//1505 1134//1505 
f 1136//1506 1097//1506 1135//1506 
f 1137//1507 1097//1507 1136//1507 
f 1138//1508 1097//1508 1137//1508 
f 1139//1509 1097//1509 1138//1509 
f 1140//1510 1097//1510 1139//1510 
f 1141//1511 1097//1511 1140//1511 
f 1142//1512 1097//1512 1141//1512 
f 1143//1513 1097//1513 1142//1513 
f 1144//1514 1097//1514 1143//1514 
f 1145//1515 1097//1515 1144//1515 
f 1145//1516 494//1516 1097//1516 
f 1146//1517 494//1517 1145//1517 
f 1147//1518 494//1518 1146//1518 
f 1148//1519 494//1519 1147//1519 
f 1149//1520 494//1520 1148//1520 
f 1150//1521 494//1521 1149//1521 
f 1151//1522 494//1522 1150//1522 
f 1152//1523 494//1523 1151//1523 
f 1153//1524 1154//1524 1155//1524 
f 1153//1525 1156//1525 1154//1525 
f 1153//1526 1157//1526 1156//1526 
f 1153//1527 1158//1527 1157//1527 
f 1153//1528 1159//1528 1158//1528 
f 1153//1529 1160//1529 1159//1529 
f 1153//1530 1161//1530 1160//1530 
f 1153//1531 1162//1531 1161//1531 
f 1153//1532 1163//1532 1162//1532 
f 1153//1533 1164//1533 1165//1533 
f 1153//1534 1166//1534 1164//1534 
f 1153//1535 1167//1535 1166//1535 
f 1153//1536 1168//1536 1167//1536 
f 1153//1537 1169//1537 1168//1537 
f 1153//1538 1170//1538 1169//1538 
f 1153//1539 1171//1539 1170//1539 
f 1153//1540 1172//1540 1171//1540 
f 1153//1541 1173//1541 1172//1541 
f 1153//1542 1174//1542 1173//1542 
f 1153//1543 1175//1543 1174//1543 
f 1153//1544 1176//1544 1175//1544 
f 1153//1545 1177//1545 1176//1545 
f 1153//1546 1178//1546 1177//1546 
f 1153//1547 1179//1547 1178//1547 
f 1153//1548 1180//1548 1179//1548 
f 1153//1549 1181//1549 1180//1549 
f 1153//1550 1182//1550 1181//1550 
f 1153//1551 1183//1551 1182//1551 
f 1153//1552 1184//1552 1183//1552 
f 1153//1553 1185//1553 1184//1553 
f 1153//1554 1186//1554 1185//1554 
f 1153//1555 1187//1555 1186//1555 
f 1153//1556 1188//1556 1187//1556 
f 1153//1557 1189//1557 1188//1557 
f 1153//1558 1190//1558 1189//1558 
f 1153//1559 1191//1559 1190//1559 
f 1153//1560 1192//1560 1191//1560 
f 1153//1561 1193//1561 1192//1561 
f 1153//1562 1194//1562 1193//1562 
f 1153//1563 1195//1563 1194//1563 
f 1153//1564 1196//1564 1195//1564 
f 1153//1565 1155//1565 1196//1565 
f 201//1566 1197//1566 1163//1566 
f 201//1567 1198//1567 1197//1567 
f 201//1568 1199//1568 1198//1568 
f 201//1569 1200//1569 1199//1569 
f 201//1570 1201//1570 1200//1570 
f 201//1571 1202//1571 1201//1571 
f 201//1572 1203//1572 1202//1572 
f 201//1573 1204//1573 1203//1573 
f 201//1574 1205//1574 1204//1574 
f 201//1575 1206//1575 1205//1575 
f 201//1576 1207//1576 1206//1576 
f 201//1577 1208//1577 1207//1577 
f 201//1578 1209//1578 1208//1578 
f 201//1579 1210//1579 1209//1579 
f 201//1580 1211//1580 1210//1580 
f 201//1581 1212//1581 1211//1581 
f 201//1582 1213//1582 1212//1582 
f 201//1583 1214//1583 1213//1583 
f 201//1584 1215//1584 1214//1584 
f 201//1585 1216//1585 1215//1585 
f 201//1586 1217//1586 1216//1586 
f 201//1587 1218//1587 1217//1587 
f 201//1588 1219//1588 1218//1588 
f 201//1589 1153//1589 1049//1589 
f 201//1590 1163//1590 1153//1590 
f 201//1591 1049//1591 204//1591 
f 201//1592 494//1592 1219//1592 
f 1219//1593 494//1593 1220//1593 
f 1220//1594 494//1594 1152//1594 
f 1097//1595 1153//1595 1221//1595 
f 1221//1596 1153//1596 1222//1596 
f 1222//1597 1153//1597 1165//1597 
f 1097//1598 1221//1598 1223//1598 
f 1097//1599 1223//1599 1224//1599 
f 1097//1600 1224//1600 1124//1600 
f 1049//1601 973//1601 1225//1601 
f 1225//1602 973//1602 1226//1602 
f 1226//1603 973//1603 1227//1603 
f 1227//1604 973//1604 1048//1604 
f 1049//1605 1225//1605 1228//1605 
f 1049//1606 1228//1606 1096//1606 
f 1229//1607 1230//1607 1231//1607 
f 1229//1608 1232//1608 1230//1608 
f 1233//1609 1229//1609 1231//1609 
f 1234//1610 1230//1610 1232//1610 
f 1235//1611 1229//1611 1233//1611 
f 1236//1612 1237//1612 103//1612 
f 1236//1613 1235//1613 1233//1613 
f 1238//1614 1234//1614 1235//1614 
f 1238//1615 1239//1615 1234//1615 
f 1240//1616 1239//1616 1238//1616 
f 1241//1617 1238//1617 1235//1617 
f 1241//1618 1235//1618 1236//1618 
f 153//1619 1242//1619 1241//1619 
f 153//1620 1236//1620 103//1620 
f 153//1621 1241//1621 1236//1621 
f 1239//1622 1230//1622 1234//1622 
f 1243//1623 1244//1623 1245//1623 
f 1246//1624 1247//1624 203//1624 
f 1243//1625 1248//1625 1244//1625 
f 1248//1626 1249//1626 1250//1626 
f 1250//1627 1251//1627 1248//1627 
f 1248//1628 1252//1628 1249//1628 
f 1248//1629 1253//1629 1244//1629 
f 1251//1630 1253//1630 1248//1630 
f 1248//1631 1254//1631 1252//1631 
f 1253//1632 1255//1632 1244//1632 
f 1248//1633 1256//1633 1254//1633 
f 1255//1634 1257//1634 1244//1634 
f 1248//1635 1258//1635 1256//1635 
f 1257//1636 1259//1636 1244//1636 
f 1248//1637 1260//1637 1258//1637 
f 1259//1638 1261//1638 1244//1638 
f 1248//1639 1262//1639 1260//1639 
f 1261//1640 1263//1640 1244//1640 
f 1248//1641 1264//1641 1262//1641 
f 1263//1642 1265//1642 1244//1642 
f 1248//1643 1266//1643 1264//1643 
f 1265//1644 1267//1644 1244//1644 
f 1248//1645 1268//1645 1266//1645 
f 1267//1646 1269//1646 1244//1646 
f 1248//1647 1270//1647 1268//1647 
f 1269//1648 1271//1648 1244//1648 
f 1248//1649 1272//1649 1270//1649 
f 1271//1650 1273//1650 1244//1650 
f 1248//1651 1274//1651 1272//1651 
f 1273//1652 1275//1652 1244//1652 
f 1248//1653 1276//1653 1274//1653 
f 1275//1654 1277//1654 1244//1654 
f 1248//1655 1278//1655 1276//1655 
f 1277//1656 1279//1656 1244//1656 
f 1248//1657 1280//1657 1278//1657 
f 1279//1658 1281//1658 1244//1658 
f 1248//1659 1282//1659 1280//1659 
f 1281//1660 1283//1660 1244//1660 
f 1248//1661 1284//1661 1282//1661 
f 1283//1662 1285//1662 1244//1662 
f 1248//1663 1286//1663 1284//1663 
f 1244//1664 1287//1664 1247//1664 
f 1285//1665 1287//1665 1244//1665 
f 1248//1666 1288//1666 1286//1666 
f 1287//1667 1289//1667 1247//1667 
f 1248//1668 1290//1668 1288//1668 
f 1289//1669 1291//1669 1247//1669 
f 1248//1670 1292//1670 1290//1670 
f 1291//1671 1293//1671 1247//1671 
f 1243//1672 1239//1672 1248//1672 
f 1248//1673 1294//1673 1292//1673 
f 1293//1674 1295//1674 1247//1674 
f 1248//1675 1296//1675 1294//1675 
f 1295//1676 1297//1676 1247//1676 
f 1248//1677 1298//1677 1296//1677 
f 1297//1678 1299//1678 1247//1678 
f 1248//1679 1300//1679 1298//1679 
f 1299//1680 1301//1680 1247//1680 
f 1248//1681 1302//1681 1300//1681 
f 1301//1682 1303//1682 1247//1682 
f 1248//1683 1304//1683 1302//1683 
f 1303//1684 1305//1684 1247//1684 
f 1248//1685 1306//1685 1304//1685 
f 1305//1686 1307//1686 1247//1686 
f 1248//1687 1308//1687 1306//1687 
f 1248//1688 1309//1688 1308//1688 
f 1248//1689 1310//1689 1309//1689 
f 1248//1690 1311//1690 1310//1690 
f 1248//1691 1312//1691 1311//1691 
f 1248//1692 1313//1692 1312//1692 
f 1248//1693 1314//1693 1313//1693 
f 1248//1694 1315//1694 1314//1694 
f 1248//1695 1316//1695 1315//1695 
f 1248//1696 1317//1696 1316//1696 
f 1248//1697 1318//1697 1317//1697 
f 1248//1698 1319//1698 1318//1698 
f 1248//1699 1320//1699 1319//1699 
f 1248//1700 1321//1700 1320//1700 
f 1248//1701 1322//1701 1321//1701 
f 1248//1702 1323//1702 1322//1702 
f 1324//1703 1325//1703 1326//1703 
f 1327//1704 1325//1704 1324//1704 
f 1328//1705 1325//1705 1327//1705 
f 1329//1706 1325//1706 1328//1706 
f 1330//1707 1325//1707 1329//1707 
f 1331//1708 1325//1708 1330//1708 
f 1332//1709 1325//1709 1331//1709 
f 1333//1710 1325//1710 1332//1710 
f 1334//1711 1325//1711 1333//1711 
f 1335//1712 1325//1712 1334//1712 
f 1336//1713 1325//1713 1335//1713 
f 1337//1714 1325//1714 1336//1714 
f 1338//1715 1325//1715 1337//1715 
f 1339//1716 1325//1716 1338//1716 
f 1340//1717 1325//1717 1339//1717 
f 1341//1718 1325//1718 1340//1718 
f 1342//1719 1325//1719 1341//1719 
f 1343//1720 1325//1720 1342//1720 
f 1344//1721 1325//1721 1343//1721 
f 1345//1722 1325//1722 1344//1722 
f 1346//1723 1325//1723 1345//1723 
f 1347//1724 1325//1724 1346//1724 
f 1348//1725 1325//1725 1347//1725 
f 1349//1726 1325//1726 1348//1726 
f 1350//1727 1325//1727 1349//1727 
f 1351//1728 1325//1728 1350//1728 
f 1352//1729 1325//1729 1351//1729 
f 1353//1730 1325//1730 1352//1730 
f 1354//1731 1325//1731 1353//1731 
f 1247//1732 1325//1732 203//1732 
f 1355//1733 1325//1733 1307//1733 
f 1356//1734 1325//1734 1355//1734 
f 1357//1735 1325//1735 1356//1735 
f 1358//1736 1325//1736 1357//1736 
f 1359//1737 1325//1737 1358//1737 
f 1360//1738 1325//1738 1359//1738 
f 1361//1739 1325//1739 1360//1739 
f 1362//1740 1325//1740 1361//1740 
f 1363//1741 1325//1741 1362//1741 
f 1364//1742 1325//1742 1363//1742 
f 1365//1743 1325//1743 1364//1743 
f 1366//1744 1325//1744 1365//1744 
f 1367//1745 1325//1745 1366//1745 
f 1368//1746 1325//1746 1367//1746 
f 1369//1747 1325//1747 1368//1747 
f 1307//1748 1325//1748 1247//1748 
f 1370//1749 1325//1749 1369//1749 
f 1371//1750 1325//1750 1370//1750 
f 1326//1751 1325//1751 1371//1751 
f 1239//1752 1372//1752 1248//1752 
f 1372//1753 1373//1753 1374//1753 
f 1374//1754 1375//1754 1372//1754 
f 1372//1755 1376//1755 1373//1755 
f 1375//1756 1377//1756 1372//1756 
f 1372//1757 1378//1757 1376//1757 
f 1377//1758 1379//1758 1372//1758 
f 1372//1759 1380//1759 1378//1759 
f 1379//1760 1381//1760 1372//1760 
f 1372//1761 1382//1761 1380//1761 
f 1381//1762 1383//1762 1372//1762 
f 1372//1763 1384//1763 1382//1763 
f 1383//1764 1385//1764 1372//1764 
f 1372//1765 1386//1765 1384//1765 
f 1385//1766 1387//1766 1372//1766 
f 1372//1767 1388//1767 1386//1767 
f 1387//1768 1389//1768 1372//1768 
f 1372//1769 1390//1769 1388//1769 
f 1389//1770 1391//1770 1372//1770 
f 1372//1771 1392//1771 1390//1771 
f 1391//1772 1393//1772 1372//1772 
f 1372//1773 1394//1773 1392//1773 
f 1393//1774 1395//1774 1372//1774 
f 1372//1775 1396//1775 1394//1775 
f 1395//1776 1397//1776 1372//1776 
f 1372//1777 1398//1777 1396//1777 
f 1397//1778 1399//1778 1372//1778 
f 1372//1779 1400//1779 1398//1779 
f 1372//1780 1401//1780 1400//1780 
f 1372//1781 1402//1781 1401//1781 
f 1372//1782 1403//1782 1402//1782 
f 1372//1783 1404//1783 1403//1783 
f 1372//1784 1405//1784 1404//1784 
f 1372//1785 1406//1785 1405//1785 
f 1239//1786 1240//1786 1372//1786 
f 1407//1787 1408//1787 1409//1787 
f 1410//1788 1408//1788 1407//1788 
f 1411//1789 1408//1789 1410//1789 
f 1412//1790 1408//1790 1411//1790 
f 1413//1791 1408//1791 1412//1791 
f 1414//1792 1408//1792 1413//1792 
f 1415//1793 1408//1793 1414//1793 
f 1416//1794 1408//1794 1415//1794 
f 1417//1795 1408//1795 1416//1795 
f 1418//1796 1408//1796 1417//1796 
f 1419//1797 1408//1797 1418//1797 
f 1420//1798 1408//1798 1419//1798 
f 1372//1799 1408//1799 1406//1799 
f 1421//1800 1408//1800 1420//1800 
f 1422//1801 1408//1801 1421//1801 
f 1423//1802 1408//1802 1422//1802 
f 1424//1803 1408//1803 1423//1803 
f 1406//1804 1408//1804 1424//1804 
f 1240//1805 1408//1805 1372//1805 
f 1408//1806 1425//1806 1409//1806 
f 1408//1807 1426//1807 1425//1807 
f 1408//1808 1427//1808 1426//1808 
f 1408//1809 1428//1809 1427//1809 
f 1408//1810 1429//1810 1428//1810 
f 1408//1811 1430//1811 1429//1811 
f 1408//1812 1431//1812 1430//1812 
f 1408//1813 1432//1813 1431//1813 
f 1408//1814 1433//1814 1432//1814 
f 1408//1815 1434//1815 1433//1815 
f 1408//1816 1435//1816 1434//1816 
f 1408//1817 1436//1817 1435//1817 
f 1408//1818 1437//1818 1436//1818 
f 1408//1819 1438//1819 1437//1819 
f 1408//1820 1439//1820 1438//1820 
f 1408//1821 1440//1821 1439//1821 
f 1441//1822 1442//1822 1443//1822 
f 1444//1823 1442//1823 1441//1823 
f 1445//1824 1442//1824 1444//1824 
f 1446//1825 1442//1825 1445//1825 
f 1447//1826 1442//1826 1446//1826 
f 1448//1827 1442//1827 1447//1827 
f 1449//1828 1442//1828 1448//1828 
f 1450//1829 1442//1829 1449//1829 
f 1451//1830 1442//1830 1450//1830 
f 1452//1831 1442//1831 1451//1831 
f 1453//1832 1442//1832 1452//1832 
f 1454//1833 1442//1833 1453//1833 
f 1455//1834 1442//1834 1454//1834 
f 1456//1835 1442//1835 1455//1835 
f 1457//1836 1442//1836 1456//1836 
f 1458//1837 1442//1837 1457//1837 
f 1459//1838 1442//1838 1458//1838 
f 1460//1839 1442//1839 1459//1839 
f 1461//1840 1442//1840 1460//1840 
f 1462//1841 1442//1841 1461//1841 
f 1463//1842 1442//1842 1462//1842 
f 1464//1843 1442//1843 1463//1843 
f 1465//1844 1442//1844 1464//1844 
f 1466//1845 1442//1845 1465//1845 
f 1467//1846 1442//1846 1466//1846 
f 1468//1847 1442//1847 1467//1847 
f 1469//1848 1442//1848 1468//1848 
f 1470//1849 1442//1849 1469//1849 
f 1471//1850 1442//1850 1470//1850 
f 1472//1851 1442//1851 1471//1851 
f 1473//1852 1442//1852 1472//1852 
f 1474//1853 1442//1853 1473//1853 
f 1475//1854 1442//1854 1474//1854 
f 1476//1855 1442//1855 1475//1855 
f 1477//1856 1442//1856 1476//1856 
f 1478//1857 1442//1857 1477//1857 
f 1479//1858 1442//1858 1478//1858 
f 1480//1859 1442//1859 1479//1859 
f 1481//1860 1442//1860 1480//1860 
f 1481//1861 1482//1861 1442//1861 
f 1442//1862 1482//1862 1325//1862 
f 1483//1863 1482//1863 1481//1863 
f 1484//1864 1482//1864 1483//1864 
f 1485//1865 1482//1865 1484//1865 
f 1486//1866 1482//1866 1485//1866 
f 1487//1867 1482//1867 1486//1867 
f 1488//1868 1482//1868 1487//1868 
f 1489//1869 1482//1869 1488//1869 
f 1482//1870 153//1870 1325//1870 
f 1242//1871 153//1871 1482//1871 
f 153//1872 203//1872 1325//1872 
f 1408//1873 1482//1873 1440//1873 
f 1440//1874 1482//1874 1490//1874 
f 1490//1875 1482//1875 1491//1875 
f 1491//1876 1482//1876 1492//1876 
f 1492//1877 1482//1877 1493//1877 
f 1493//1878 1482//1878 1494//1878 
f 1494//1879 1482//1879 1495//1879 
f 1495//1880 1482//1880 1496//1880 
f 1496//1881 1482//1881 1497//1881 
f 1497//1882 1482//1882 1489//1882 
f 1442//1883 1372//1883 1498//1883 
f 1442//1884 1498//1884 1499//1884 
f 1442//1885 1499//1885 1443//1885 
f 1498//1886 1372//1886 1500//1886 
f 1500//1887 1372//1887 1501//1887 
f 1501//1888 1372//1888 1399//1888 
f 1248//1889 1325//1889 1502//1889 
f 1248//1890 1502//1890 1503//1890 
f 1248//1891 1503//1891 1504//1891 
f 1248//1892 1504//1892 1323//1892 
f 1502//1893 1325//1893 1505//1893 
f 1505//1894 1325//1894 1354//1894 
f 1506//1895 1507//1895 1508//1895 
f 1509//1896 1510//1896 136//1896 
f 1243//1897 1511//1897 1506//1897 
f 1506//1898 1511//1898 1507//1898 
f 1243//1899 1245//1899 1511//1899 
f 1507//1900 1512//1900 1510//1900 
f 1511//1901 1512//1901 1507//1901 
f 1246//1902 203//1902 1512//1902 
f 1510//1903 203//1903 136//1903 
f 1512//1904 203//1904 1510//1904 
f 1513//1905 1506//1905 1508//1905 
f 953//1906 1514//1906 954//1906 
f 955//1907 954//1907 1514//1907 
f 952//1908 1514//1908 953//1908 
f 956//1909 955//1909 1514//1909 
f 951//1910 1514//1910 952//1910 
f 957//1911 956//1911 1514//1911 
f 950//1912 1514//1912 951//1912 
f 958//1913 957//1913 1514//1913 
f 949//1914 1514//1914 950//1914 
f 959//1915 958//1915 1514//1915 
f 948//1916 1514//1916 949//1916 
f 960//1917 959//1917 1514//1917 
f 947//1918 1514//1918 948//1918 
f 961//1919 960//1919 1514//1919 
f 946//1920 1514//1920 947//1920 
f 962//1921 961//1921 1514//1921 
f 945//1922 1514//1922 946//1922 
f 963//1923 962//1923 1514//1923 
f 944//1924 1514//1924 945//1924 
f 964//1925 963//1925 1514//1925 
f 943//1926 1514//1926 944//1926 
f 965//1927 964//1927 1514//1927 
f 942//1928 1514//1928 943//1928 
f 966//1929 965//1929 1514//1929 
f 941//1930 1514//1930 942//1930 
f 940//1931 1514//1931 941//1931 
f 939//1932 1514//1932 940//1932 
f 1515//1933 1508//1933 1516//1933 
f 1515//1934 1513//1934 1508//1934 
f 1517//1935 1509//1935 136//1935 
f 1517//1936 1515//1936 1516//1936 
f 1518//1937 872//1937 871//1937 
f 1518//1938 871//1938 870//1938 
f 1518//1939 870//1939 869//1939 
f 1518//1940 1515//1940 1517//1940 
f 873//1941 872//1941 1518//1941 
f 874//1942 873//1942 1518//1942 
f 875//1943 874//1943 1518//1943 
f 876//1944 875//1944 1518//1944 
f 877//1945 876//1945 1518//1945 
f 878//1946 877//1946 1518//1946 
f 879//1947 878//1947 1518//1947 
f 880//1948 879//1948 1518//1948 
f 881//1949 880//1949 1518//1949 
f 882//1950 881//1950 1518//1950 
f 883//1951 882//1951 1518//1951 
f 884//1952 883//1952 1518//1952 
f 885//1953 884//1953 1518//1953 
f 886//1954 885//1954 1518//1954 
f 887//1955 886//1955 1518//1955 
f 888//1956 887//1956 1518//1956 
f 889//1957 1518//1957 1517//1957 
f 889//1958 888//1958 1518//1958 
f 890//1959 889//1959 1517//1959 
f 1519//1960 1506//1960 1513//1960 
f 1520//1961 938//1961 937//1961 
f 1520//1962 937//1962 936//1962 
f 1520//1963 936//1963 935//1963 
f 1520//1964 935//1964 934//1964 
f 1520//1965 934//1965 933//1965 
f 1520//1966 933//1966 932//1966 
f 1520//1967 932//1967 931//1967 
f 1520//1968 931//1968 930//1968 
f 1520//1969 930//1969 929//1969 
f 1520//1970 929//1970 928//1970 
f 1520//1971 928//1971 927//1971 
f 1520//1972 927//1972 926//1972 
f 1520//1973 926//1973 925//1973 
f 924//1974 1520//1974 925//1974 
f 923//1975 1520//1975 924//1975 
f 891//1976 890//1976 1517//1976 
f 922//1977 1520//1977 923//1977 
f 921//1978 1520//1978 922//1978 
f 920//1979 1520//1979 921//1979 
f 919//1980 1520//1980 920//1980 
f 918//1981 1520//1981 919//1981 
f 917//1982 1520//1982 918//1982 
f 916//1983 1520//1983 917//1983 
f 915//1984 1520//1984 916//1984 
f 914//1985 1520//1985 915//1985 
f 1230//1986 1506//1986 1519//1986 
f 1521//1987 913//1987 912//1987 
f 1521//1988 912//1988 911//1988 
f 1521//1989 911//1989 910//1989 
f 1521//1990 910//1990 909//1990 
f 1521//1991 909//1991 908//1991 
f 1521//1992 908//1992 907//1992 
f 1521//1993 907//1993 906//1993 
f 1521//1994 906//1994 905//1994 
f 1521//1995 905//1995 904//1995 
f 1521//1996 904//1996 903//1996 
f 1521//1997 903//1997 902//1997 
f 1521//1998 902//1998 901//1998 
f 1521//1999 901//1999 900//1999 
f 1521//2000 900//2000 899//2000 
f 1521//2001 899//2001 898//2001 
f 1521//2002 898//2002 897//2002 
f 1521//2003 897//2003 896//2003 
f 1521//2004 896//2004 895//2004 
f 1521//2005 895//2005 894//2005 
f 1231//2006 1519//2006 1522//2006 
f 1231//2007 1230//2007 1519//2007 
f 1523//2008 1231//2008 1522//2008 
f 1524//2009 1523//2009 1522//2009 
f 1524//2010 1522//2010 1521//2010 
f 1524//2011 1521//2011 894//2011 
f 1524//2012 894//2012 893//2012 
f 1524//2013 893//2013 892//2013 
f 1524//2014 892//2014 891//2014 
f 1524//2015 891//2015 1517//2015 
f 103//2016 1237//2016 1524//2016 
f 103//2017 1524//2017 1517//2017 
f 103//2018 1517//2018 136//2018 
f 1521//2019 1520//2019 914//2019 
f 1521//2020 914//2020 913//2020 
f 1520//2021 1514//2021 939//2021 
f 1520//2022 939//2022 938//2022 
f 1514//2023 1518//2023 966//2023 
f 966//2024 1518//2024 869//2024 
f 663//2025 667//2025 1525//2025 
f 663//2026 1525//2026 1526//2026 
f 660//2027 1526//2027 1527//2027 
f 660//2028 1527//2028 1528//2028 
f 660//2029 663//2029 1526//2029 
f 656//2030 660//2030 1528//2030 
f 655//2031 1528//2031 1529//2031 
f 655//2032 1529//2032 1530//2032 
f 655//2033 656//2033 1528//2033 
f 651//2034 1530//2034 1531//2034 
f 651//2035 655//2035 1530//2035 
f 647//2036 651//2036 1531//2036 
f 643//2037 1531//2037 1532//2037 
f 643//2038 647//2038 1531//2038 
f 638//2039 1532//2039 1533//2039 
f 638//2040 1533//2040 1534//2040 
f 638//2041 643//2041 1532//2041 
f 636//2042 638//2042 1534//2042 
f 633//2043 1534//2043 1535//2043 
f 633//2044 636//2044 1534//2044 
f 629//2045 633//2045 1535//2045 
f 629//2046 1535//2046 1536//2046 
f 625//2047 629//2047 1536//2047 
f 625//2048 1536//2048 1537//2048 
f 624//2049 625//2049 1537//2049 
f 624//2050 1537//2050 1538//2050 
f 619//2051 624//2051 1538//2051 
f 619//2052 1538//2052 1539//2052 
f 615//2053 1539//2053 1540//2053 
f 615//2054 619//2054 1539//2054 
f 613//2055 1540//2055 1541//2055 
f 613//2056 615//2056 1540//2056 
f 616//2057 1541//2057 1542//2057 
f 616//2058 613//2058 1541//2058 
f 620//2059 1542//2059 1543//2059 
f 620//2060 616//2060 1542//2060 
f 622//2061 1543//2061 1544//2061 
f 622//2062 620//2062 1543//2062 
f 627//2063 1544//2063 1545//2063 
f 627//2064 1545//2064 1546//2064 
f 627//2065 622//2065 1544//2065 
f 631//2066 627//2066 1546//2066 
f 634//2067 1546//2067 1547//2067 
f 634//2068 1547//2068 1548//2068 
f 634//2069 631//2069 1546//2069 
f 640//2070 634//2070 1548//2070 
f 641//2071 1548//2071 1549//2071 
f 641//2072 1549//2072 1550//2072 
f 641//2073 640//2073 1548//2073 
f 645//2074 641//2074 1550//2074 
f 649//2075 1550//2075 1551//2075 
f 649//2076 645//2076 1550//2076 
f 653//2077 1551//2077 1552//2077 
f 653//2078 1552//2078 1553//2078 
f 653//2079 649//2079 1551//2079 
f 658//2080 1553//2080 1554//2080 
f 658//2081 653//2081 1553//2081 
f 580//2082 658//2082 1554//2082 
f 576//2083 1554//2083 1555//2083 
f 576//2084 1555//2084 1556//2084 
f 576//2085 580//2085 1554//2085 
f 575//2086 576//2086 1556//2086 
f 571//2087 1556//2087 1557//2087 
f 571//2088 1557//2088 1558//2088 
f 571//2089 575//2089 1556//2089 
f 567//2090 571//2090 1558//2090 
f 563//2091 1558//2091 1559//2091 
f 563//2092 1559//2092 1560//2092 
f 563//2093 567//2093 1558//2093 
f 559//2094 563//2094 1560//2094 
f 555//2095 559//2095 1560//2095 
f 555//2096 1560//2096 1561//2096 
f 551//2097 1561//2097 1562//2097 
f 551//2098 555//2098 1561//2098 
f 547//2099 551//2099 1562//2099 
f 547//2100 1562//2100 1563//2100 
f 543//2101 547//2101 1563//2101 
f 543//2102 1563//2102 1564//2102 
f 539//2103 543//2103 1564//2103 
f 539//2104 1564//2104 1565//2104 
f 539//2105 1565//2105 1566//2105 
f 462//2106 539//2106 1566//2106 
f 461//2107 462//2107 1566//2107 
f 461//2108 1566//2108 1567//2108 
f 459//2109 461//2109 1567//2109 
f 459//2110 1567//2110 1568//2110 
f 455//2111 459//2111 1568//2111 
f 455//2112 1568//2112 1569//2112 
f 452//2113 455//2113 1569//2113 
f 452//2114 1569//2114 1570//2114 
f 449//2115 452//2115 1570//2115 
f 449//2116 1570//2116 1571//2116 
f 446//2117 449//2117 1571//2117 
f 446//2118 1571//2118 1572//2118 
f 397//2119 446//2119 1572//2119 
f 397//2120 1572//2120 1573//2120 
f 395//2121 397//2121 1573//2121 
f 395//2122 1573//2122 1574//2122 
f 393//2123 1574//2123 1575//2123 
f 393//2124 395//2124 1574//2124 
f 391//2125 1575//2125 1576//2125 
f 391//2126 393//2126 1575//2126 
f 389//2127 1576//2127 1577//2127 
f 389//2128 391//2128 1576//2128 
f 387//2129 1577//2129 1578//2129 
f 387//2130 389//2130 1577//2130 
f 385//2131 1578//2131 1579//2131 
f 385//2132 387//2132 1578//2132 
f 383//2133 1579//2133 1580//2133 
f 383//2134 385//2134 1579//2134 
f 381//2135 1580//2135 1581//2135 
f 381//2136 383//2136 1580//2136 
f 379//2137 1581//2137 1582//2137 
f 379//2138 381//2138 1581//2138 
f 377//2139 1582//2139 1583//2139 
f 377//2140 379//2140 1582//2140 
f 375//2141 1583//2141 1584//2141 
f 375//2142 377//2142 1583//2142 
f 373//2143 1584//2143 1585//2143 
f 373//2144 375//2144 1584//2144 
f 371//2145 1585//2145 1586//2145 
f 371//2146 373//2146 1585//2146 
f 369//2147 371//2147 1586//2147 
f 369//2148 1586//2148 1587//2148 
f 367//2149 369//2149 1587//2149 
f 367//2150 1587//2150 1588//2150 
f 366//2151 367//2151 1588//2151 
f 366//2152 1588//2152 1589//2152 
f 364//2153 366//2153 1589//2153 
f 364//2154 1589//2154 1590//2154 
f 361//2155 364//2155 1590//2155 
f 361//2156 1590//2156 1591//2156 
f 359//2157 361//2157 1591//2157 
f 359//2158 1591//2158 1592//2158 
f 358//2159 359//2159 1592//2159 
f 358//2160 1592//2160 1593//2160 
f 354//2161 358//2161 1593//2161 
f 354//2162 1593//2162 1594//2162 
f 352//2163 354//2163 1594//2163 
f 352//2164 1594//2164 1595//2164 
f 349//2165 352//2165 1595//2165 
f 349//2166 1595//2166 1596//2166 
f 346//2167 349//2167 1596//2167 
f 346//2168 1596//2168 1597//2168 
f 344//2169 346//2169 1597//2169 
f 344//2170 1597//2170 1598//2170 
f 342//2171 344//2171 1598//2171 
f 342//2172 1598//2172 1599//2172 
f 340//2173 342//2173 1599//2173 
f 340//2174 1599//2174 1600//2174 
f 338//2175 340//2175 1600//2175 
f 338//2176 1600//2176 1601//2176 
f 336//2177 338//2177 1601//2177 
f 336//2178 1601//2178 1602//2178 
f 333//2179 336//2179 1602//2179 
f 333//2180 1602//2180 1603//2180 
f 334//2181 333//2181 1603//2181 
f 334//2182 1603//2182 1604//2182 
f 335//2183 334//2183 1604//2183 
f 335//2184 1604//2184 1605//2184 
f 337//2185 335//2185 1605//2185 
f 337//2186 1605//2186 1606//2186 
f 339//2187 337//2187 1606//2187 
f 339//2188 1606//2188 1607//2188 
f 341//2189 1607//2189 1608//2189 
f 341//2190 339//2190 1607//2190 
f 343//2191 1608//2191 1609//2191 
f 343//2192 341//2192 1608//2192 
f 345//2193 1609//2193 1610//2193 
f 345//2194 343//2194 1609//2194 
f 347//2195 1610//2195 1611//2195 
f 347//2196 345//2196 1610//2196 
f 350//2197 1611//2197 1612//2197 
f 350//2198 347//2198 1611//2198 
f 353//2199 350//2199 1612//2199 
f 353//2200 1612//2200 1613//2200 
f 356//2201 353//2201 1613//2201 
f 356//2202 1613//2202 1614//2202 
f 424//2203 356//2203 1614//2203 
f 424//2204 1614//2204 1615//2204 
f 426//2205 424//2205 1615//2205 
f 426//2206 1615//2206 1616//2206 
f 427//2207 426//2207 1616//2207 
f 427//2208 1616//2208 1617//2208 
f 428//2209 427//2209 1617//2209 
f 428//2210 1617//2210 1618//2210 
f 428//2211 1618//2211 1619//2211 
f 429//2212 428//2212 1619//2212 
f 430//2213 429//2213 1619//2213 
f 430//2214 1619//2214 1620//2214 
f 431//2215 430//2215 1620//2215 
f 431//2216 1620//2216 1621//2216 
f 432//2217 431//2217 1621//2217 
f 432//2218 1621//2218 1622//2218 
f 433//2219 432//2219 1622//2219 
f 433//2220 1622//2220 1623//2220 
f 434//2221 1624//2221 1625//2221 
f 434//2222 433//2222 1623//2222 
f 434//2223 1623//2223 1624//2223 
f 435//2224 434//2224 1625//2224 
f 436//2225 1625//2225 1626//2225 
f 436//2226 435//2226 1625//2226 
f 437//2227 1626//2227 1627//2227 
f 437//2228 436//2228 1626//2228 
f 438//2229 1627//2229 1628//2229 
f 438//2230 1628//2230 1629//2230 
f 438//2231 437//2231 1627//2231 
f 439//2232 438//2232 1629//2232 
f 440//2233 1629//2233 1630//2233 
f 440//2234 439//2234 1629//2234 
f 441//2235 1630//2235 1631//2235 
f 441//2236 440//2236 1630//2236 
f 442//2237 1631//2237 1632//2237 
f 442//2238 1632//2238 1633//2238 
f 442//2239 441//2239 1631//2239 
f 443//2240 442//2240 1633//2240 
f 444//2241 1633//2241 1634//2241 
f 444//2242 1634//2242 1635//2242 
f 444//2243 443//2243 1633//2243 
f 445//2244 444//2244 1635//2244 
f 448//2245 1635//2245 1636//2245 
f 448//2246 445//2246 1635//2246 
f 451//2247 448//2247 1636//2247 
f 451//2248 1636//2248 1637//2248 
f 454//2249 451//2249 1637//2249 
f 454//2250 1637//2250 1638//2250 
f 457//2251 454//2251 1638//2251 
f 457//2252 1638//2252 1639//2252 
f 495//2253 457//2253 1639//2253 
f 495//2254 1639//2254 1640//2254 
f 496//2255 1640//2255 1641//2255 
f 496//2256 495//2256 1640//2256 
f 497//2257 1641//2257 1642//2257 
f 497//2258 496//2258 1641//2258 
f 498//2259 1642//2259 1643//2259 
f 498//2260 497//2260 1642//2260 
f 499//2261 1643//2261 1644//2261 
f 499//2262 498//2262 1643//2262 
f 500//2263 1644//2263 1645//2263 
f 500//2264 499//2264 1644//2264 
f 501//2265 1645//2265 1646//2265 
f 501//2266 500//2266 1645//2266 
f 502//2267 1646//2267 1647//2267 
f 502//2268 501//2268 1646//2268 
f 677//2269 1647//2269 1648//2269 
f 677//2270 502//2270 1647//2270 
f 675//2271 1648//2271 1649//2271 
f 675//2272 677//2272 1648//2272 
f 672//2273 1649//2273 1650//2273 
f 672//2274 675//2274 1649//2274 
f 667//2275 1650//2275 1525//2275 
f 667//2276 672//2276 1650//2276 
f 529//2277 460//2277 1651//2277 
f 529//2278 1651//2278 1652//2278 
f 525//2279 1652//2279 1653//2279 
f 525//2280 1653//2280 1654//2280 
f 525//2281 529//2281 1652//2281 
f 521//2282 525//2282 1654//2282 
f 517//2283 1654//2283 1655//2283 
f 517//2284 1655//2284 1656//2284 
f 517//2285 521//2285 1654//2285 
f 513//2286 1656//2286 1657//2286 
f 513//2287 517//2287 1656//2287 
f 511//2288 513//2288 1657//2288 
f 515//2289 1657//2289 1658//2289 
f 515//2290 511//2290 1657//2290 
f 519//2291 1658//2291 1659//2291 
f 519//2292 1659//2292 1660//2292 
f 519//2293 515//2293 1658//2293 
f 523//2294 519//2294 1660//2294 
f 527//2295 1660//2295 1661//2295 
f 527//2296 523//2296 1660//2296 
f 531//2297 527//2297 1661//2297 
f 531//2298 1661//2298 1662//2298 
f 534//2299 531//2299 1662//2299 
f 534//2300 1662//2300 1663//2300 
f 537//2301 534//2301 1663//2301 
f 537//2302 1663//2302 1664//2302 
f 541//2303 537//2303 1664//2303 
f 541//2304 1664//2304 1665//2304 
f 545//2305 1665//2305 1666//2305 
f 545//2306 541//2306 1665//2306 
f 549//2307 1666//2307 1667//2307 
f 549//2308 545//2308 1666//2308 
f 553//2309 1667//2309 1668//2309 
f 553//2310 549//2310 1667//2310 
f 557//2311 1668//2311 1669//2311 
f 557//2312 553//2312 1668//2312 
f 561//2313 1669//2313 1670//2313 
f 561//2314 557//2314 1669//2314 
f 564//2315 1670//2315 1671//2315 
f 564//2316 1671//2316 1672//2316 
f 564//2317 561//2317 1670//2317 
f 569//2318 564//2318 1672//2318 
f 572//2319 1672//2319 1673//2319 
f 572//2320 1673//2320 1674//2320 
f 572//2321 569//2321 1672//2321 
f 577//2322 572//2322 1674//2322 
f 582//2323 1674//2323 1675//2323 
f 582//2324 1675//2324 1676//2324 
f 582//2325 577//2325 1674//2325 
f 585//2326 582//2326 1676//2326 
f 587//2327 1676//2327 1677//2327 
f 587//2328 585//2328 1676//2328 
f 589//2329 1677//2329 1678//2329 
f 589//2330 1678//2330 1679//2330 
f 589//2331 587//2331 1677//2331 
f 591//2332 1679//2332 1680//2332 
f 591//2333 589//2333 1679//2333 
f 593//2334 591//2334 1680//2334 
f 504//2335 1680//2335 1681//2335 
f 504//2336 1681//2336 1682//2336 
f 504//2337 593//2337 1680//2337 
f 503//2338 504//2338 1682//2338 
f 505//2339 1682//2339 1683//2339 
f 505//2340 1683//2340 1684//2340 
f 505//2341 503//2341 1682//2341 
f 506//2342 505//2342 1684//2342 
f 507//2343 1684//2343 1685//2343 
f 507//2344 1685//2344 1686//2344 
f 507//2345 506//2345 1684//2345 
f 508//2346 507//2346 1686//2346 
f 509//2347 508//2347 1686//2347 
f 509//2348 1686//2348 1687//2348 
f 510//2349 1687//2349 1688//2349 
f 510//2350 509//2350 1687//2350 
f 419//2351 510//2351 1688//2351 
f 419//2352 1688//2352 1689//2352 
f 418//2353 419//2353 1689//2353 
f 418//2354 1689//2354 1690//2354 
f 420//2355 418//2355 1690//2355 
f 420//2356 1690//2356 1691//2356 
f 420//2357 1691//2357 1692//2357 
f 421//2358 420//2358 1692//2358 
f 422//2359 421//2359 1692//2359 
f 422//2360 1692//2360 1693//2360 
f 423//2361 422//2361 1693//2361 
f 423//2362 1693//2362 1694//2362 
f 400//2363 423//2363 1694//2363 
f 400//2364 1694//2364 1695//2364 
f 399//2365 400//2365 1695//2365 
f 399//2366 1695//2366 1696//2366 
f 401//2367 399//2367 1696//2367 
f 401//2368 1696//2368 1697//2368 
f 402//2369 401//2369 1697//2369 
f 402//2370 1697//2370 1698//2370 
f 403//2371 402//2371 1698//2371 
f 403//2372 1698//2372 1699//2372 
f 404//2373 403//2373 1699//2373 
f 404//2374 1699//2374 1700//2374 
f 405//2375 1700//2375 1701//2375 
f 405//2376 404//2376 1700//2376 
f 406//2377 1701//2377 1702//2377 
f 406//2378 405//2378 1701//2378 
f 407//2379 1702//2379 1703//2379 
f 407//2380 406//2380 1702//2380 
f 408//2381 1703//2381 1704//2381 
f 408//2382 407//2382 1703//2382 
f 409//2383 1704//2383 1705//2383 
f 409//2384 408//2384 1704//2384 
f 410//2385 1705//2385 1706//2385 
f 410//2386 409//2386 1705//2386 
f 411//2387 1706//2387 1707//2387 
f 411//2388 410//2388 1706//2388 
f 412//2389 1707//2389 1708//2389 
f 412//2390 411//2390 1707//2390 
f 413//2391 1708//2391 1709//2391 
f 413//2392 412//2392 1708//2392 
f 414//2393 1709//2393 1710//2393 
f 414//2394 413//2394 1709//2394 
f 415//2395 1710//2395 1711//2395 
f 415//2396 414//2396 1710//2396 
f 416//2397 1711//2397 1712//2397 
f 416//2398 415//2398 1711//2398 
f 417//2399 416//2399 1712//2399 
f 417//2400 1712//2400 1713//2400 
f 330//2401 417//2401 1713//2401 
f 330//2402 1713//2402 1714//2402 
f 328//2403 330//2403 1714//2403 
f 328//2404 1714//2404 1715//2404 
f 326//2405 328//2405 1715//2405 
f 326//2406 1715//2406 1716//2406 
f 324//2407 326//2407 1716//2407 
f 324//2408 1716//2408 1717//2408 
f 322//2409 324//2409 1717//2409 
f 322//2410 1717//2410 1718//2410 
f 320//2411 322//2411 1718//2411 
f 320//2412 1718//2412 1719//2412 
f 318//2413 320//2413 1719//2413 
f 318//2414 1719//2414 1720//2414 
f 316//2415 318//2415 1720//2415 
f 316//2416 1720//2416 1721//2416 
f 314//2417 316//2417 1721//2417 
f 314//2418 1721//2418 1722//2418 
f 312//2419 314//2419 1722//2419 
f 312//2420 1722//2420 1723//2420 
f 310//2421 312//2421 1723//2421 
f 310//2422 1723//2422 1724//2422 
f 308//2423 310//2423 1724//2423 
f 308//2424 1724//2424 1725//2424 
f 306//2425 308//2425 1725//2425 
f 306//2426 1725//2426 1726//2426 
f 304//2427 306//2427 1726//2427 
f 304//2428 1726//2428 1727//2428 
f 302//2429 304//2429 1727//2429 
f 302//2430 1727//2430 1728//2430 
f 299//2431 302//2431 1728//2431 
f 299//2432 1728//2432 1729//2432 
f 300//2433 299//2433 1729//2433 
f 300//2434 1729//2434 1730//2434 
f 301//2435 300//2435 1730//2435 
f 301//2436 1730//2436 1731//2436 
f 303//2437 301//2437 1731//2437 
f 303//2438 1731//2438 1732//2438 
f 305//2439 303//2439 1732//2439 
f 305//2440 1732//2440 1733//2440 
f 307//2441 1733//2441 1734//2441 
f 307//2442 305//2442 1733//2442 
f 309//2443 1734//2443 1735//2443 
f 309//2444 307//2444 1734//2444 
f 311//2445 1735//2445 1736//2445 
f 311//2446 309//2446 1735//2446 
f 313//2447 1736//2447 1737//2447 
f 313//2448 311//2448 1736//2448 
f 315//2449 1737//2449 1738//2449 
f 315//2450 313//2450 1737//2450 
f 317//2451 315//2451 1738//2451 
f 317//2452 1738//2452 1739//2452 
f 319//2453 317//2453 1739//2453 
f 319//2454 1739//2454 1740//2454 
f 321//2455 319//2455 1740//2455 
f 321//2456 1740//2456 1741//2456 
f 323//2457 321//2457 1741//2457 
f 323//2458 1741//2458 1742//2458 
f 325//2459 323//2459 1742//2459 
f 325//2460 1742//2460 1743//2460 
f 327//2461 325//2461 1743//2461 
f 327//2462 1743//2462 1744//2462 
f 327//2463 1744//2463 1745//2463 
f 329//2464 327//2464 1745//2464 
f 331//2465 329//2465 1745//2465 
f 331//2466 1745//2466 1746//2466 
f 332//2467 331//2467 1746//2467 
f 332//2468 1746//2468 1747//2468 
f 348//2469 332//2469 1747//2469 
f 348//2470 1747//2470 1748//2470 
f 351//2471 348//2471 1748//2471 
f 351//2472 1748//2472 1749//2472 
f 355//2473 1750//2473 1751//2473 
f 355//2474 351//2474 1749//2474 
f 355//2475 1749//2475 1750//2475 
f 357//2476 355//2476 1751//2476 
f 360//2477 1751//2477 1752//2477 
f 360//2478 357//2478 1751//2478 
f 362//2479 1752//2479 1753//2479 
f 362//2480 360//2480 1752//2480 
f 363//2481 1753//2481 1754//2481 
f 363//2482 1754//2482 1755//2482 
f 363//2483 362//2483 1753//2483 
f 365//2484 363//2484 1755//2484 
f 368//2485 1755//2485 1756//2485 
f 368//2486 365//2486 1755//2486 
f 370//2487 1756//2487 1757//2487 
f 370//2488 368//2488 1756//2488 
f 372//2489 1757//2489 1758//2489 
f 372//2490 1758//2490 1759//2490 
f 372//2491 370//2491 1757//2491 
f 374//2492 372//2492 1759//2492 
f 376//2493 1759//2493 1760//2493 
f 376//2494 1760//2494 1761//2494 
f 376//2495 374//2495 1759//2495 
f 378//2496 376//2496 1761//2496 
f 380//2497 1761//2497 1762//2497 
f 380//2498 378//2498 1761//2498 
f 382//2499 380//2499 1762//2499 
f 382//2500 1762//2500 1763//2500 
f 384//2501 382//2501 1763//2501 
f 384//2502 1763//2502 1764//2502 
f 386//2503 384//2503 1764//2503 
f 386//2504 1764//2504 1765//2504 
f 388//2505 386//2505 1765//2505 
f 388//2506 1765//2506 1766//2506 
f 390//2507 1766//2507 1767//2507 
f 390//2508 388//2508 1766//2508 
f 392//2509 1767//2509 1768//2509 
f 392//2510 390//2510 1767//2510 
f 394//2511 1768//2511 1769//2511 
f 394//2512 392//2512 1768//2512 
f 396//2513 1769//2513 1770//2513 
f 396//2514 394//2514 1769//2514 
f 398//2515 1770//2515 1771//2515 
f 398//2516 396//2516 1770//2516 
f 447//2517 1771//2517 1772//2517 
f 447//2518 398//2518 1771//2518 
f 450//2519 1772//2519 1773//2519 
f 450//2520 447//2520 1772//2520 
f 453//2521 1773//2521 1774//2521 
f 453//2522 450//2522 1773//2522 
f 456//2523 1774//2523 1775//2523 
f 456//2524 453//2524 1774//2524 
f 458//2525 1775//2525 1776//2525 
f 458//2526 456//2526 1775//2526 
f 460//2527 1776//2527 1651//2527 
f 460//2528 458//2528 1776//2528 
f 794//2529 795//2529 1777//2529 
f 794//2530 1777//2530 1778//2530 
f 796//2531 1778//2531 1779//2531 
f 796//2532 1779//2532 1780//2532 
f 796//2533 794//2533 1778//2533 
f 797//2534 796//2534 1780//2534 
f 798//2535 1780//2535 1781//2535 
f 798//2536 1781//2536 1782//2536 
f 798//2537 797//2537 1780//2537 
f 799//2538 1782//2538 1783//2538 
f 799//2539 798//2539 1782//2539 
f 800//2540 799//2540 1783//2540 
f 801//2541 1783//2541 1784//2541 
f 801//2542 800//2542 1783//2542 
f 802//2543 1784//2543 1785//2543 
f 802//2544 1785//2544 1786//2544 
f 802//2545 801//2545 1784//2545 
f 803//2546 802//2546 1786//2546 
f 804//2547 1786//2547 1787//2547 
f 804//2548 803//2548 1786//2548 
f 805//2549 804//2549 1787//2549 
f 805//2550 1787//2550 1788//2550 
f 806//2551 805//2551 1788//2551 
f 806//2552 1788//2552 1789//2552 
f 807//2553 806//2553 1789//2553 
f 807//2554 1789//2554 1790//2554 
f 808//2555 807//2555 1790//2555 
f 808//2556 1790//2556 1791//2556 
f 809//2557 1791//2557 1792//2557 
f 809//2558 808//2558 1791//2558 
f 810//2559 1792//2559 1793//2559 
f 810//2560 809//2560 1792//2560 
f 811//2561 1793//2561 1794//2561 
f 811//2562 810//2562 1793//2562 
f 812//2563 1794//2563 1795//2563 
f 812//2564 811//2564 1794//2564 
f 778//2565 1795//2565 1796//2565 
f 778//2566 812//2566 1795//2566 
f 776//2567 1796//2567 1797//2567 
f 776//2568 1797//2568 1798//2568 
f 776//2569 778//2569 1796//2569 
f 779//2570 776//2570 1798//2570 
f 780//2571 1798//2571 1799//2571 
f 780//2572 1799//2572 1800//2572 
f 780//2573 779//2573 1798//2573 
f 781//2574 780//2574 1800//2574 
f 782//2575 1800//2575 1801//2575 
f 782//2576 1801//2576 1802//2576 
f 782//2577 781//2577 1800//2577 
f 783//2578 782//2578 1802//2578 
f 784//2579 1802//2579 1803//2579 
f 784//2580 783//2580 1802//2580 
f 785//2581 1803//2581 1804//2581 
f 785//2582 1804//2582 1805//2582 
f 785//2583 784//2583 1803//2583 
f 786//2584 1805//2584 1806//2584 
f 786//2585 785//2585 1805//2585 
f 787//2586 786//2586 1806//2586 
f 788//2587 1806//2587 1807//2587 
f 788//2588 1807//2588 1808//2588 
f 788//2589 787//2589 1806//2589 
f 789//2590 788//2590 1808//2590 
f 790//2591 1808//2591 1809//2591 
f 790//2592 1809//2592 1810//2592 
f 790//2593 789//2593 1808//2593 
f 791//2594 790//2594 1810//2594 
f 792//2595 1810//2595 1811//2595 
f 792//2596 1811//2596 1812//2596 
f 792//2597 791//2597 1810//2597 
f 793//2598 792//2598 1812//2598 
f 771//2599 793//2599 1812//2599 
f 771//2600 1812//2600 1813//2600 
f 768//2601 1813//2601 1814//2601 
f 768//2602 771//2602 1813//2602 
f 765//2603 768//2603 1814//2603 
f 765//2604 1814//2604 1815//2604 
f 761//2605 765//2605 1815//2605 
f 761//2606 1815//2606 1816//2606 
f 759//2607 761//2607 1816//2607 
f 759//2608 1816//2608 1817//2608 
f 759//2609 1817//2609 1818//2609 
f 755//2610 759//2610 1818//2610 
f 752//2611 755//2611 1818//2611 
f 752//2612 1818//2612 1819//2612 
f 749//2613 752//2613 1819//2613 
f 749//2614 1819//2614 1820//2614 
f 745//2615 749//2615 1820//2615 
f 745//2616 1820//2616 1821//2616 
f 742//2617 745//2617 1821//2617 
f 742//2618 1821//2618 1822//2618 
f 739//2619 742//2619 1822//2619 
f 739//2620 1822//2620 1823//2620 
f 735//2621 739//2621 1823//2621 
f 735//2622 1823//2622 1824//2622 
f 732//2623 735//2623 1824//2623 
f 732//2624 1824//2624 1825//2624 
f 729//2625 732//2625 1825//2625 
f 729//2626 1825//2626 1826//2626 
f 725//2627 1826//2627 1827//2627 
f 725//2628 729//2628 1826//2628 
f 722//2629 1827//2629 1828//2629 
f 722//2630 725//2630 1827//2630 
f 719//2631 1828//2631 1829//2631 
f 719//2632 722//2632 1828//2632 
f 715//2633 1829//2633 1830//2633 
f 715//2634 719//2634 1829//2634 
f 712//2635 1830//2635 1831//2635 
f 712//2636 715//2636 1830//2636 
f 709//2637 1831//2637 1832//2637 
f 709//2638 712//2638 1831//2638 
f 705//2639 1832//2639 1833//2639 
f 705//2640 709//2640 1832//2640 
f 702//2641 1833//2641 1834//2641 
f 702//2642 705//2642 1833//2642 
f 699//2643 1834//2643 1835//2643 
f 699//2644 702//2644 1834//2644 
f 695//2645 1835//2645 1836//2645 
f 695//2646 699//2646 1835//2646 
f 692//2647 1836//2647 1837//2647 
f 692//2648 695//2648 1836//2648 
f 689//2649 1837//2649 1838//2649 
f 689//2650 692//2650 1837//2650 
f 685//2651 689//2651 1838//2651 
f 685//2652 1838//2652 1839//2652 
f 682//2653 685//2653 1839//2653 
f 682//2654 1839//2654 1840//2654 
f 679//2655 682//2655 1840//2655 
f 679//2656 1840//2656 1841//2656 
f 673//2657 679//2657 1841//2657 
f 673//2658 1841//2658 1842//2658 
f 669//2659 673//2659 1842//2659 
f 669//2660 1842//2660 1843//2660 
f 665//2661 669//2661 1843//2661 
f 665//2662 1843//2662 1844//2662 
f 661//2663 665//2663 1844//2663 
f 661//2664 1844//2664 1845//2664 
f 657//2665 661//2665 1845//2665 
f 657//2666 1845//2666 1846//2666 
f 652//2667 657//2667 1846//2667 
f 652//2668 1846//2668 1847//2668 
f 648//2669 652//2669 1847//2669 
f 648//2670 1847//2670 1848//2670 
f 644//2671 648//2671 1848//2671 
f 644//2672 1848//2672 1849//2672 
f 639//2673 644//2673 1849//2673 
f 639//2674 1849//2674 1850//2674 
f 635//2675 639//2675 1850//2675 
f 635//2676 1850//2676 1851//2676 
f 630//2677 635//2677 1851//2677 
f 630//2678 1851//2678 1852//2678 
f 626//2679 630//2679 1852//2679 
f 626//2680 1852//2680 1853//2680 
f 621//2681 626//2681 1853//2681 
f 621//2682 1853//2682 1854//2682 
f 617//2683 621//2683 1854//2683 
f 617//2684 1854//2684 1855//2684 
f 614//2685 617//2685 1855//2685 
f 614//2686 1855//2686 1856//2686 
f 618//2687 614//2687 1856//2687 
f 618//2688 1856//2688 1857//2688 
f 623//2689 618//2689 1857//2689 
f 623//2690 1857//2690 1858//2690 
f 628//2691 623//2691 1858//2691 
f 628//2692 1858//2692 1859//2692 
f 632//2693 1859//2693 1860//2693 
f 632//2694 628//2694 1859//2694 
f 637//2695 1860//2695 1861//2695 
f 637//2696 632//2696 1860//2696 
f 642//2697 1861//2697 1862//2697 
f 642//2698 637//2698 1861//2698 
f 646//2699 1862//2699 1863//2699 
f 646//2700 642//2700 1862//2700 
f 650//2701 1863//2701 1864//2701 
f 650//2702 646//2702 1863//2702 
f 654//2703 650//2703 1864//2703 
f 654//2704 1864//2704 1865//2704 
f 659//2705 654//2705 1865//2705 
f 659//2706 1865//2706 1866//2706 
f 662//2707 659//2707 1866//2707 
f 662//2708 1866//2708 1867//2708 
f 666//2709 662//2709 1867//2709 
f 666//2710 1867//2710 1868//2710 
f 671//2711 666//2711 1868//2711 
f 671//2712 1868//2712 1869//2712 
f 676//2713 671//2713 1869//2713 
f 676//2714 1869//2714 1870//2714 
f 676//2715 1870//2715 1871//2715 
f 680//2716 676//2716 1871//2716 
f 683//2717 680//2717 1871//2717 
f 683//2718 1871//2718 1872//2718 
f 687//2719 683//2719 1872//2719 
f 687//2720 1872//2720 1873//2720 
f 690//2721 687//2721 1873//2721 
f 690//2722 1873//2722 1874//2722 
f 693//2723 690//2723 1874//2723 
f 693//2724 1874//2724 1875//2724 
f 697//2725 1876//2725 1877//2725 
f 697//2726 693//2726 1875//2726 
f 697//2727 1875//2727 1876//2727 
f 700//2728 697//2728 1877//2728 
f 703//2729 1877//2729 1878//2729 
f 703//2730 700//2730 1877//2730 
f 707//2731 1878//2731 1879//2731 
f 707//2732 703//2732 1878//2732 
f 710//2733 1879//2733 1880//2733 
f 710//2734 1880//2734 1881//2734 
f 710//2735 707//2735 1879//2735 
f 713//2736 710//2736 1881//2736 
f 717//2737 1881//2737 1882//2737 
f 717//2738 713//2738 1881//2738 
f 720//2739 1882//2739 1883//2739 
f 720//2740 717//2740 1882//2740 
f 723//2741 1883//2741 1884//2741 
f 723//2742 1884//2742 1885//2742 
f 723//2743 720//2743 1883//2743 
f 727//2744 723//2744 1885//2744 
f 730//2745 1885//2745 1886//2745 
f 730//2746 1886//2746 1887//2746 
f 730//2747 727//2747 1885//2747 
f 733//2748 730//2748 1887//2748 
f 737//2749 1887//2749 1888//2749 
f 737//2750 733//2750 1887//2750 
f 740//2751 737//2751 1888//2751 
f 740//2752 1888//2752 1889//2752 
f 743//2753 740//2753 1889//2753 
f 743//2754 1889//2754 1890//2754 
f 747//2755 743//2755 1890//2755 
f 747//2756 1890//2756 1891//2756 
f 750//2757 747//2757 1891//2757 
f 750//2758 1891//2758 1892//2758 
f 753//2759 1892//2759 1893//2759 
f 753//2760 750//2760 1892//2760 
f 757//2761 1893//2761 1894//2761 
f 757//2762 753//2762 1893//2762 
f 760//2763 1894//2763 1895//2763 
f 760//2764 757//2764 1894//2764 
f 763//2765 1895//2765 1896//2765 
f 763//2766 760//2766 1895//2766 
f 766//2767 1896//2767 1897//2767 
f 766//2768 763//2768 1896//2768 
f 769//2769 1897//2769 1898//2769 
f 769//2770 766//2770 1897//2770 
f 772//2771 1898//2771 1899//2771 
f 772//2772 769//2772 1898//2772 
f 773//2773 1899//2773 1900//2773 
f 773//2774 772//2774 1899//2774 
f 774//2775 1900//2775 1901//2775 
f 774//2776 773//2776 1900//2776 
f 775//2777 1901//2777 1902//2777 
f 775//2778 774//2778 1901//2778 
f 795//2779 1902//2779 1777//2779 
f 795//2780 775//2780 1902//2780 
f 741//2781 738//2781 1903//2781 
f 741//2782 1903//2782 1904//2782 
f 744//2783 1904//2783 1905//2783 
f 744//2784 1905//2784 1906//2784 
f 744//2785 741//2785 1904//2785 
f 746//2786 744//2786 1906//2786 
f 748//2787 1906//2787 1907//2787 
f 748//2788 1907//2788 1908//2788 
f 748//2789 746//2789 1906//2789 
f 751//2790 1908//2790 1909//2790 
f 751//2791 748//2791 1908//2791 
f 754//2792 751//2792 1909//2792 
f 756//2793 1909//2793 1910//2793 
f 756//2794 754//2794 1909//2794 
f 758//2795 1910//2795 1911//2795 
f 758//2796 1911//2796 1912//2796 
f 758//2797 756//2797 1910//2797 
f 762//2798 758//2798 1912//2798 
f 764//2799 1912//2799 1913//2799 
f 764//2800 762//2800 1912//2800 
f 767//2801 764//2801 1913//2801 
f 767//2802 1913//2802 1914//2802 
f 770//2803 767//2803 1914//2803 
f 770//2804 1914//2804 1915//2804 
f 813//2805 770//2805 1915//2805 
f 813//2806 1915//2806 1916//2806 
f 815//2807 813//2807 1916//2807 
f 815//2808 1916//2808 1917//2808 
f 816//2809 1917//2809 1918//2809 
f 816//2810 815//2810 1917//2810 
f 817//2811 1918//2811 1919//2811 
f 817//2812 816//2812 1918//2812 
f 818//2813 1919//2813 1920//2813 
f 818//2814 817//2814 1919//2814 
f 819//2815 1920//2815 1921//2815 
f 819//2816 818//2816 1920//2816 
f 820//2817 1921//2817 1922//2817 
f 820//2818 819//2818 1921//2818 
f 821//2819 1922//2819 1923//2819 
f 821//2820 1923//2820 1924//2820 
f 821//2821 820//2821 1922//2821 
f 822//2822 821//2822 1924//2822 
f 823//2823 1924//2823 1925//2823 
f 823//2824 1925//2824 1926//2824 
f 823//2825 822//2825 1924//2825 
f 824//2826 823//2826 1926//2826 
f 825//2827 1926//2827 1927//2827 
f 825//2828 1927//2828 1928//2828 
f 825//2829 824//2829 1926//2829 
f 826//2830 825//2830 1928//2830 
f 827//2831 1928//2831 1929//2831 
f 827//2832 826//2832 1928//2832 
f 828//2833 1929//2833 1930//2833 
f 828//2834 1930//2834 1931//2834 
f 828//2835 827//2835 1929//2835 
f 829//2836 1931//2836 1932//2836 
f 829//2837 828//2837 1931//2837 
f 830//2838 829//2838 1932//2838 
f 831//2839 1932//2839 1933//2839 
f 831//2840 1933//2840 1934//2840 
f 831//2841 830//2841 1932//2841 
f 832//2842 831//2842 1934//2842 
f 833//2843 1934//2843 1935//2843 
f 833//2844 1935//2844 1936//2844 
f 833//2845 832//2845 1934//2845 
f 834//2846 833//2846 1936//2846 
f 835//2847 1936//2847 1937//2847 
f 835//2848 1937//2848 1938//2848 
f 835//2849 834//2849 1936//2849 
f 836//2850 835//2850 1938//2850 
f 837//2851 836//2851 1938//2851 
f 837//2852 1938//2852 1939//2852 
f 612//2853 1939//2853 1940//2853 
f 612//2854 837//2854 1939//2854 
f 611//2855 612//2855 1940//2855 
f 611//2856 1940//2856 1941//2856 
f 610//2857 611//2857 1941//2857 
f 610//2858 1941//2858 1942//2858 
f 609//2859 610//2859 1942//2859 
f 609//2860 1942//2860 1943//2860 
f 609//2861 1943//2861 1944//2861 
f 608//2862 609//2862 1944//2862 
f 607//2863 608//2863 1944//2863 
f 607//2864 1944//2864 1945//2864 
f 606//2865 607//2865 1945//2865 
f 606//2866 1945//2866 1946//2866 
f 605//2867 606//2867 1946//2867 
f 605//2868 1946//2868 1947//2868 
f 604//2869 605//2869 1947//2869 
f 604//2870 1947//2870 1948//2870 
f 603//2871 604//2871 1948//2871 
f 603//2872 1948//2872 1949//2872 
f 602//2873 603//2873 1949//2873 
f 602//2874 1949//2874 1950//2874 
f 601//2875 602//2875 1950//2875 
f 601//2876 1950//2876 1951//2876 
f 600//2877 601//2877 1951//2877 
f 600//2878 1951//2878 1952//2878 
f 599//2879 1952//2879 1953//2879 
f 599//2880 600//2880 1952//2880 
f 598//2881 1953//2881 1954//2881 
f 598//2882 599//2882 1953//2882 
f 597//2883 1954//2883 1955//2883 
f 597//2884 598//2884 1954//2884 
f 596//2885 1955//2885 1956//2885 
f 596//2886 597//2886 1955//2886 
f 595//2887 1956//2887 1957//2887 
f 595//2888 596//2888 1956//2888 
f 594//2889 1957//2889 1958//2889 
f 594//2890 595//2890 1957//2890 
f 592//2891 1958//2891 1959//2891 
f 592//2892 594//2892 1958//2892 
f 590//2893 1959//2893 1960//2893 
f 590//2894 592//2894 1959//2894 
f 588//2895 1960//2895 1961//2895 
f 588//2896 590//2896 1960//2896 
f 586//2897 1961//2897 1962//2897 
f 586//2898 588//2898 1961//2898 
f 584//2899 1962//2899 1963//2899 
f 584//2900 586//2900 1962//2900 
f 581//2901 1963//2901 1964//2901 
f 581//2902 584//2902 1963//2902 
f 578//2903 581//2903 1964//2903 
f 578//2904 1964//2904 1965//2904 
f 573//2905 578//2905 1965//2905 
f 573//2906 1965//2906 1966//2906 
f 568//2907 573//2907 1966//2907 
f 568//2908 1966//2908 1967//2908 
f 565//2909 568//2909 1967//2909 
f 565//2910 1967//2910 1968//2910 
f 560//2911 565//2911 1968//2911 
f 560//2912 1968//2912 1969//2912 
f 556//2913 560//2913 1969//2913 
f 556//2914 1969//2914 1970//2914 
f 552//2915 556//2915 1970//2915 
f 552//2916 1970//2916 1971//2916 
f 548//2917 552//2917 1971//2917 
f 548//2918 1971//2918 1972//2918 
f 544//2919 548//2919 1972//2919 
f 544//2920 1972//2920 1973//2920 
f 540//2921 544//2921 1973//2921 
f 540//2922 1973//2922 1974//2922 
f 536//2923 540//2923 1974//2923 
f 536//2924 1974//2924 1975//2924 
f 533//2925 536//2925 1975//2925 
f 533//2926 1975//2926 1976//2926 
f 530//2927 533//2927 1976//2927 
f 530//2928 1976//2928 1977//2928 
f 526//2929 530//2929 1977//2929 
f 526//2930 1977//2930 1978//2930 
f 522//2931 526//2931 1978//2931 
f 522//2932 1978//2932 1979//2932 
f 518//2933 522//2933 1979//2933 
f 518//2934 1979//2934 1980//2934 
f 514//2935 518//2935 1980//2935 
f 514//2936 1980//2936 1981//2936 
f 512//2937 514//2937 1981//2937 
f 512//2938 1981//2938 1982//2938 
f 516//2939 512//2939 1982//2939 
f 516//2940 1982//2940 1983//2940 
f 520//2941 516//2941 1983//2941 
f 520//2942 1983//2942 1984//2942 
f 524//2943 520//2943 1984//2943 
f 524//2944 1984//2944 1985//2944 
f 528//2945 1985//2945 1986//2945 
f 528//2946 524//2946 1985//2946 
f 532//2947 1986//2947 1987//2947 
f 532//2948 528//2948 1986//2948 
f 535//2949 1987//2949 1988//2949 
f 535//2950 532//2950 1987//2950 
f 538//2951 1988//2951 1989//2951 
f 538//2952 535//2952 1988//2952 
f 542//2953 1989//2953 1990//2953 
f 542//2954 538//2954 1989//2954 
f 546//2955 542//2955 1990//2955 
f 546//2956 1990//2956 1991//2956 
f 550//2957 546//2957 1991//2957 
f 550//2958 1991//2958 1992//2958 
f 554//2959 550//2959 1992//2959 
f 554//2960 1992//2960 1993//2960 
f 558//2961 554//2961 1993//2961 
f 558//2962 1993//2962 1994//2962 
f 562//2963 558//2963 1994//2963 
f 562//2964 1994//2964 1995//2964 
f 566//2965 562//2965 1995//2965 
f 566//2966 1995//2966 1996//2966 
f 566//2967 1996//2967 1997//2967 
f 570//2968 566//2968 1997//2968 
f 574//2969 570//2969 1997//2969 
f 574//2970 1997//2970 1998//2970 
f 579//2971 574//2971 1998//2971 
f 579//2972 1998//2972 1999//2972 
f 583//2973 579//2973 1999//2973 
f 583//2974 1999//2974 2000//2974 
f 664//2975 583//2975 2000//2975 
f 664//2976 2000//2976 2001//2976 
f 668//2977 2002//2977 2003//2977 
f 668//2978 664//2978 2001//2978 
f 668//2979 2001//2979 2002//2979 
f 670//2980 668//2980 2003//2980 
f 674//2981 2003//2981 2004//2981 
f 674//2982 670//2982 2003//2982 
f 678//2983 2004//2983 2005//2983 
f 678//2984 674//2984 2004//2984 
f 681//2985 2005//2985 2006//2985 
f 681//2986 2006//2986 2007//2986 
f 681//2987 678//2987 2005//2987 
f 684//2988 681//2988 2007//2988 
f 686//2989 2007//2989 2008//2989 
f 686//2990 684//2990 2007//2990 
f 688//2991 2008//2991 2009//2991 
f 688//2992 686//2992 2008//2992 
f 691//2993 2009//2993 2010//2993 
f 691//2994 2010//2994 2011//2994 
f 691//2995 688//2995 2009//2995 
f 694//2996 691//2996 2011//2996 
f 696//2997 2011//2997 2012//2997 
f 696//2998 2012//2998 2013//2998 
f 696//2999 694//2999 2011//2999 
f 698//3000 696//3000 2013//3000 
f 701//3001 2013//3001 2014//3001 
f 701//3002 698//3002 2013//3002 
f 704//3003 701//3003 2014//3003 
f 704//3004 2014//3004 2015//3004 
f 706//3005 704//3005 2015//3005 
f 706//3006 2015//3006 2016//3006 
f 708//3007 706//3007 2016//3007 
f 708//3008 2016//3008 2017//3008 
f 711//3009 708//3009 2017//3009 
f 711//3010 2017//3010 2018//3010 
f 714//3011 2018//3011 2019//3011 
f 714//3012 711//3012 2018//3012 
f 716//3013 2019//3013 2020//3013 
f 716//3014 714//3014 2019//3014 
f 718//3015 2020//3015 2021//3015 
f 718//3016 716//3016 2020//3016 
f 721//3017 2021//3017 2022//3017 
f 721//3018 718//3018 2021//3018 
f 724//3019 2022//3019 2023//3019 
f 724//3020 721//3020 2022//3020 
f 726//3021 2023//3021 2024//3021 
f 726//3022 724//3022 2023//3022 
f 728//3023 2024//3023 2025//3023 
f 728//3024 726//3024 2024//3024 
f 731//3025 2025//3025 2026//3025 
f 731//3026 728//3026 2025//3026 
f 734//3027 2026//3027 2027//3027 
f 734//3028 731//3028 2026//3028 
f 736//3029 2027//3029 2028//3029 
f 736//3030 734//3030 2027//3030 
f 738//3031 2028//3031 1903//3031 
f 738//3032 736//3032 2028//3032 
f 968//3033 967//3033 1232//3033 
f 968//3034 1232//3034 1229//3034 
f 1229//3035 1235//3035 968//3035 
f 968//3036 1235//3036 970//3036 
f 969//3037 970//3037 1234//3037 
f 1234//3038 970//3038 1235//3038 
f 1234//3039 1232//3039 967//3039 
f 1234//3040 967//3040 969//3040 
f 1278//3041 1280//3041 1005//3041 
f 1278//3042 1005//3042 1003//3042 
f 1276//3043 1003//3043 1001//3043 
f 1276//3044 1278//3044 1003//3044 
f 1274//3045 1001//3045 999//3045 
f 1274//3046 1276//3046 1001//3046 
f 1272//3047 999//3047 997//3047 
f 1272//3048 1274//3048 999//3048 
f 1270//3049 997//3049 995//3049 
f 1270//3050 1272//3050 997//3050 
f 1268//3051 995//3051 993//3051 
f 1268//3052 993//3052 991//3052 
f 1268//3053 1270//3053 995//3053 
f 1266//3054 1268//3054 991//3054 
f 1264//3055 991//3055 989//3055 
f 1264//3056 1266//3056 991//3056 
f 1262//3057 989//3057 987//3057 
f 1262//3058 1264//3058 989//3058 
f 1260//3059 987//3059 985//3059 
f 1260//3060 1262//3060 987//3060 
f 1258//3061 1260//3061 985//3061 
f 1258//3062 985//3062 983//3062 
f 1256//3063 1258//3063 983//3063 
f 1256//3064 983//3064 981//3064 
f 1254//3065 1256//3065 981//3065 
f 1254//3066 981//3066 979//3066 
f 1252//3067 1254//3067 979//3067 
f 1252//3068 979//3068 977//3068 
f 1249//3069 977//3069 974//3069 
f 1249//3070 1252//3070 977//3070 
f 1250//3071 974//3071 975//3071 
f 1250//3072 1249//3072 974//3072 
f 1251//3073 975//3073 976//3073 
f 1251//3074 1250//3074 975//3074 
f 1253//3075 976//3075 978//3075 
f 1253//3076 1251//3076 976//3076 
f 1255//3077 978//3077 980//3077 
f 1255//3078 980//3078 982//3078 
f 1255//3079 1253//3079 978//3079 
f 1257//3080 982//3080 984//3080 
f 1257//3081 1255//3081 982//3081 
f 1259//3082 1257//3082 984//3082 
f 1261//3083 984//3083 986//3083 
f 1261//3084 1259//3084 984//3084 
f 1263//3085 986//3085 988//3085 
f 1263//3086 1261//3086 986//3086 
f 1265//3087 988//3087 990//3087 
f 1265//3088 1263//3088 988//3088 
f 1267//3089 990//3089 992//3089 
f 1267//3090 1265//3090 990//3090 
f 1269//3091 992//3091 994//3091 
f 1269//3092 1267//3092 992//3092 
f 1271//3093 994//3093 996//3093 
f 1271//3094 1269//3094 994//3094 
f 1273//3095 996//3095 998//3095 
f 1273//3096 1271//3096 996//3096 
f 1275//3097 998//3097 1000//3097 
f 1275//3098 1273//3098 998//3098 
f 1277//3099 1000//3099 1002//3099 
f 1277//3100 1275//3100 1000//3100 
f 1279//3101 1002//3101 1004//3101 
f 1279//3102 1277//3102 1002//3102 
f 1281//3103 1004//3103 1006//3103 
f 1281//3104 1006//3104 1008//3104 
f 1281//3105 1279//3105 1004//3105 
f 1283//3106 1281//3106 1008//3106 
f 1285//3107 1008//3107 1010//3107 
f 1285//3108 1283//3108 1008//3108 
f 1287//3109 1010//3109 1012//3109 
f 1287//3110 1285//3110 1010//3110 
f 1289//3111 1012//3111 1014//3111 
f 1289//3112 1287//3112 1012//3112 
f 1291//3113 1014//3113 1016//3113 
f 1291//3114 1289//3114 1014//3114 
f 1293//3115 1291//3115 1016//3115 
f 1293//3116 1016//3116 1018//3116 
f 1295//3117 1293//3117 1018//3117 
f 1295//3118 1018//3118 1020//3118 
f 1297//3119 1295//3119 1020//3119 
f 1297//3120 1020//3120 1022//3120 
f 1299//3121 1297//3121 1022//3121 
f 1299//3122 1022//3122 1024//3122 
f 1299//3123 1024//3123 1026//3123 
f 1301//3124 1299//3124 1026//3124 
f 1303//3125 1301//3125 1026//3125 
f 1303//3126 1026//3126 1028//3126 
f 1305//3127 1303//3127 1028//3127 
f 1305//3128 1028//3128 1030//3128 
f 1307//3129 1305//3129 1030//3129 
f 1307//3130 1030//3130 1032//3130 
f 1355//3131 1307//3131 1032//3131 
f 1355//3132 1032//3132 1050//3132 
f 1356//3133 1355//3133 1050//3133 
f 1356//3134 1050//3134 1051//3134 
f 1357//3135 1051//3135 1052//3135 
f 1357//3136 1356//3136 1051//3136 
f 1358//3137 1052//3137 1053//3137 
f 1358//3138 1357//3138 1052//3138 
f 1359//3139 1053//3139 1054//3139 
f 1359//3140 1358//3140 1053//3140 
f 1360//3141 1054//3141 1055//3141 
f 1360//3142 1359//3142 1054//3142 
f 1361//3143 1055//3143 1056//3143 
f 1361//3144 1360//3144 1055//3144 
f 1362//3145 1056//3145 1057//3145 
f 1362//3146 1361//3146 1056//3146 
f 1363//3147 1057//3147 1058//3147 
f 1363//3148 1362//3148 1057//3148 
f 1364//3149 1058//3149 1059//3149 
f 1364//3150 1363//3150 1058//3150 
f 1365//3151 1059//3151 1060//3151 
f 1365//3152 1364//3152 1059//3152 
f 1366//3153 1060//3153 1061//3153 
f 1366//3154 1365//3154 1060//3154 
f 1367//3155 1061//3155 1062//3155 
f 1367//3156 1366//3156 1061//3156 
f 1368//3157 1062//3157 1063//3157 
f 1368//3158 1367//3158 1062//3158 
f 1369//3159 1063//3159 1064//3159 
f 1369//3160 1368//3160 1063//3160 
f 1370//3161 1064//3161 1065//3161 
f 1370//3162 1369//3162 1064//3162 
f 1371//3163 1370//3163 1065//3163 
f 1371//3164 1065//3164 1066//3164 
f 1326//3165 1371//3165 1066//3165 
f 1326//3166 1066//3166 1067//3166 
f 1324//3167 1326//3167 1067//3167 
f 1324//3168 1067//3168 1068//3168 
f 1327//3169 1324//3169 1068//3169 
f 1327//3170 1068//3170 1069//3170 
f 1328//3171 1327//3171 1069//3171 
f 1328//3172 1069//3172 1070//3172 
f 1329//3173 1328//3173 1070//3173 
f 1329//3174 1070//3174 1071//3174 
f 1330//3175 1329//3175 1071//3175 
f 1330//3176 1071//3176 1072//3176 
f 1331//3177 1330//3177 1072//3177 
f 1331//3178 1072//3178 1073//3178 
f 1332//3179 1331//3179 1073//3179 
f 1332//3180 1073//3180 1074//3180 
f 1333//3181 1332//3181 1074//3181 
f 1333//3182 1074//3182 1075//3182 
f 1334//3183 1333//3183 1075//3183 
f 1334//3184 1075//3184 1076//3184 
f 1335//3185 1334//3185 1076//3185 
f 1335//3186 1076//3186 1077//3186 
f 1335//3187 1077//3187 1078//3187 
f 1336//3188 1335//3188 1078//3188 
f 1337//3189 1336//3189 1078//3189 
f 1337//3190 1078//3190 1079//3190 
f 1338//3191 1337//3191 1079//3191 
f 1338//3192 1079//3192 1080//3192 
f 1339//3193 1338//3193 1080//3193 
f 1339//3194 1080//3194 1081//3194 
f 1340//3195 1339//3195 1081//3195 
f 1340//3196 1081//3196 1082//3196 
f 1341//3197 1340//3197 1082//3197 
f 1341//3198 1082//3198 1083//3198 
f 1342//3199 1341//3199 1083//3199 
f 1342//3200 1083//3200 1084//3200 
f 1343//3201 1342//3201 1084//3201 
f 1343//3202 1084//3202 1085//3202 
f 1344//3203 1343//3203 1085//3203 
f 1344//3204 1085//3204 1086//3204 
f 1345//3205 1086//3205 1087//3205 
f 1345//3206 1344//3206 1086//3206 
f 1346//3207 1087//3207 1088//3207 
f 1346//3208 1345//3208 1087//3208 
f 1347//3209 1088//3209 1089//3209 
f 1347//3210 1346//3210 1088//3210 
f 1348//3211 1089//3211 1090//3211 
f 1348//3212 1347//3212 1089//3212 
f 1349//3213 1090//3213 1091//3213 
f 1349//3214 1348//3214 1090//3214 
f 1350//3215 1349//3215 1091//3215 
f 1350//3216 1091//3216 1092//3216 
f 1351//3217 1350//3217 1092//3217 
f 1351//3218 1092//3218 1093//3218 
f 1352//3219 1351//3219 1093//3219 
f 1352//3220 1093//3220 1094//3220 
f 1353//3221 1352//3221 1094//3221 
f 1353//3222 1094//3222 1095//3222 
f 1354//3223 1353//3223 1095//3223 
f 1354//3224 1095//3224 1096//3224 
f 1505//3225 1354//3225 1096//3225 
f 1505//3226 1096//3226 1228//3226 
f 1502//3227 1505//3227 1228//3227 
f 1502//3228 1228//3228 1225//3228 
f 1503//3229 1502//3229 1225//3229 
f 1503//3230 1225//3230 1226//3230 
f 1504//3231 1503//3231 1226//3231 
f 1504//3232 1226//3232 1227//3232 
f 1323//3233 1504//3233 1227//3233 
f 1323//3234 1227//3234 1048//3234 
f 1322//3235 1323//3235 1048//3235 
f 1322//3236 1048//3236 1047//3236 
f 1321//3237 1322//3237 1047//3237 
f 1321//3238 1047//3238 1046//3238 
f 1320//3239 1046//3239 1045//3239 
f 1320//3240 1321//3240 1046//3240 
f 1319//3241 1045//3241 1044//3241 
f 1319//3242 1320//3242 1045//3242 
f 1318//3243 1044//3243 1043//3243 
f 1318//3244 1319//3244 1044//3244 
f 1317//3245 1043//3245 1042//3245 
f 1317//3246 1318//3246 1043//3246 
f 1316//3247 1042//3247 1041//3247 
f 1316//3248 1317//3248 1042//3248 
f 1315//3249 1041//3249 1040//3249 
f 1315//3250 1316//3250 1041//3250 
f 1314//3251 1040//3251 1039//3251 
f 1314//3252 1315//3252 1040//3252 
f 1313//3253 1039//3253 1038//3253 
f 1313//3254 1314//3254 1039//3254 
f 1312//3255 1038//3255 1037//3255 
f 1312//3256 1313//3256 1038//3256 
f 1311//3257 1037//3257 1036//3257 
f 1311//3258 1312//3258 1037//3258 
f 1310//3259 1036//3259 1035//3259 
f 1310//3260 1311//3260 1036//3260 
f 1309//3261 1035//3261 1034//3261 
f 1309//3262 1310//3262 1035//3262 
f 1308//3263 1034//3263 1033//3263 
f 1308//3264 1309//3264 1034//3264 
f 1306//3265 1308//3265 1033//3265 
f 1306//3266 1033//3266 1031//3266 
f 1304//3267 1306//3267 1031//3267 
f 1304//3268 1031//3268 1029//3268 
f 1302//3269 1304//3269 1029//3269 
f 1302//3270 1029//3270 1027//3270 
f 1300//3271 1302//3271 1027//3271 
f 1300//3272 1027//3272 1025//3272 
f 1298//3273 1025//3273 1023//3273 
f 1298//3274 1300//3274 1025//3274 
f 1296//3275 1023//3275 1021//3275 
f 1296//3276 1298//3276 1023//3276 
f 1294//3277 1021//3277 1019//3277 
f 1294//3278 1296//3278 1021//3278 
f 1292//3279 1019//3279 1017//3279 
f 1292//3280 1294//3280 1019//3280 
f 1290//3281 1017//3281 1015//3281 
f 1290//3282 1292//3282 1017//3282 
f 1288//3283 1015//3283 1013//3283 
f 1288//3284 1290//3284 1015//3284 
f 1286//3285 1013//3285 1011//3285 
f 1286//3286 1288//3286 1013//3286 
f 1284//3287 1011//3287 1009//3287 
f 1284//3288 1286//3288 1011//3288 
f 1282//3289 1009//3289 1007//3289 
f 1282//3290 1284//3290 1009//3290 
f 1280//3291 1007//3291 1005//3291 
f 1280//3292 1282//3292 1007//3292 
f 1248//3293 1372//3293 1097//3293 
f 973//3294 1248//3294 1097//3294 
f 973//3295 1049//3295 1248//3295 
f 1248//3296 1049//3296 1325//3296 
f 1442//3297 1325//3297 1153//3297 
f 1325//3298 1049//3298 1153//3298 
f 1153//3299 1097//3299 1372//3299 
f 1153//3300 1372//3300 1442//3300 
f 1401//3301 1402//3301 1127//3301 
f 1401//3302 1127//3302 1126//3302 
f 1400//3303 1126//3303 1125//3303 
f 1400//3304 1401//3304 1126//3304 
f 1398//3305 1125//3305 1123//3305 
f 1398//3306 1400//3306 1125//3306 
f 1396//3307 1123//3307 1121//3307 
f 1396//3308 1398//3308 1123//3308 
f 1394//3309 1121//3309 1119//3309 
f 1394//3310 1396//3310 1121//3310 
f 1392//3311 1119//3311 1117//3311 
f 1392//3312 1117//3312 1115//3312 
f 1392//3313 1394//3313 1119//3313 
f 1390//3314 1392//3314 1115//3314 
f 1388//3315 1115//3315 1113//3315 
f 1388//3316 1390//3316 1115//3316 
f 1386//3317 1113//3317 1111//3317 
f 1386//3318 1388//3318 1113//3318 
f 1384//3319 1111//3319 1109//3319 
f 1384//3320 1386//3320 1111//3320 
f 1382//3321 1384//3321 1109//3321 
f 1382//3322 1109//3322 1107//3322 
f 1380//3323 1382//3323 1107//3323 
f 1380//3324 1107//3324 1105//3324 
f 1378//3325 1380//3325 1105//3325 
f 1378//3326 1105//3326 1103//3326 
f 1376//3327 1378//3327 1103//3327 
f 1376//3328 1103//3328 1101//3328 
f 1373//3329 1101//3329 1098//3329 
f 1373//3330 1376//3330 1101//3330 
f 1374//3331 1098//3331 1099//3331 
f 1374//3332 1373//3332 1098//3332 
f 1375//3333 1099//3333 1100//3333 
f 1375//3334 1374//3334 1099//3334 
f 1377//3335 1100//3335 1102//3335 
f 1377//3336 1375//3336 1100//3336 
f 1379//3337 1102//3337 1104//3337 
f 1379//3338 1104//3338 1106//3338 
f 1379//3339 1377//3339 1102//3339 
f 1381//3340 1106//3340 1108//3340 
f 1381//3341 1379//3341 1106//3341 
f 1383//3342 1381//3342 1108//3342 
f 1385//3343 1108//3343 1110//3343 
f 1385//3344 1383//3344 1108//3344 
f 1387//3345 1110//3345 1112//3345 
f 1387//3346 1385//3346 1110//3346 
f 1389//3347 1112//3347 1114//3347 
f 1389//3348 1387//3348 1112//3348 
f 1391//3349 1114//3349 1116//3349 
f 1391//3350 1389//3350 1114//3350 
f 1393//3351 1116//3351 1118//3351 
f 1393//3352 1391//3352 1116//3352 
f 1395//3353 1118//3353 1120//3353 
f 1395//3354 1393//3354 1118//3354 
f 1397//3355 1120//3355 1122//3355 
f 1397//3356 1395//3356 1120//3356 
f 1399//3357 1122//3357 1124//3357 
f 1399//3358 1397//3358 1122//3358 
f 1501//3359 1124//3359 1224//3359 
f 1501//3360 1399//3360 1124//3360 
f 1500//3361 1224//3361 1223//3361 
f 1500//3362 1501//3362 1224//3362 
f 1498//3363 1223//3363 1221//3363 
f 1498//3364 1221//3364 1222//3364 
f 1498//3365 1500//3365 1223//3365 
f 1499//3366 1498//3366 1222//3366 
f 1443//3367 1222//3367 1165//3367 
f 1443//3368 1499//3368 1222//3368 
f 1441//3369 1165//3369 1164//3369 
f 1441//3370 1443//3370 1165//3370 
f 1444//3371 1164//3371 1166//3371 
f 1444//3372 1441//3372 1164//3372 
f 1445//3373 1166//3373 1167//3373 
f 1445//3374 1444//3374 1166//3374 
f 1446//3375 1445//3375 1167//3375 
f 1446//3376 1167//3376 1168//3376 
f 1447//3377 1446//3377 1168//3377 
f 1447//3378 1168//3378 1169//3378 
f 1448//3379 1447//3379 1169//3379 
f 1448//3380 1169//3380 1170//3380 
f 1449//3381 1448//3381 1170//3381 
f 1449//3382 1170//3382 1171//3382 
f 1449//3383 1171//3383 1172//3383 
f 1450//3384 1449//3384 1172//3384 
f 1451//3385 1450//3385 1172//3385 
f 1451//3386 1172//3386 1173//3386 
f 1452//3387 1451//3387 1173//3387 
f 1452//3388 1173//3388 1174//3388 
f 1453//3389 1452//3389 1174//3389 
f 1453//3390 1174//3390 1175//3390 
f 1454//3391 1453//3391 1175//3391 
f 1454//3392 1175//3392 1176//3392 
f 1455//3393 1454//3393 1176//3393 
f 1455//3394 1176//3394 1177//3394 
f 1456//3395 1177//3395 1178//3395 
f 1456//3396 1455//3396 1177//3396 
f 1457//3397 1178//3397 1179//3397 
f 1457//3398 1456//3398 1178//3398 
f 1458//3399 1179//3399 1180//3399 
f 1458//3400 1457//3400 1179//3400 
f 1459//3401 1180//3401 1181//3401 
f 1459//3402 1458//3402 1180//3402 
f 1460//3403 1181//3403 1182//3403 
f 1460//3404 1459//3404 1181//3404 
f 1461//3405 1182//3405 1183//3405 
f 1461//3406 1460//3406 1182//3406 
f 1462//3407 1183//3407 1184//3407 
f 1462//3408 1461//3408 1183//3408 
f 1463//3409 1184//3409 1185//3409 
f 1463//3410 1462//3410 1184//3410 
f 1464//3411 1185//3411 1186//3411 
f 1464//3412 1463//3412 1185//3412 
f 1465//3413 1186//3413 1187//3413 
f 1465//3414 1464//3414 1186//3414 
f 1466//3415 1187//3415 1188//3415 
f 1466//3416 1465//3416 1187//3416 
f 1467//3417 1188//3417 1189//3417 
f 1467//3418 1466//3418 1188//3418 
f 1468//3419 1189//3419 1190//3419 
f 1468//3420 1467//3420 1189//3420 
f 1469//3421 1190//3421 1191//3421 
f 1469//3422 1468//3422 1190//3422 
f 1470//3423 1469//3423 1191//3423 
f 1470//3424 1191//3424 1192//3424 
f 1471//3425 1470//3425 1192//3425 
f 1471//3426 1192//3426 1193//3426 
f 1472//3427 1471//3427 1193//3427 
f 1472//3428 1193//3428 1194//3428 
f 1473//3429 1472//3429 1194//3429 
f 1473//3430 1194//3430 1195//3430 
f 1474//3431 1473//3431 1195//3431 
f 1474//3432 1195//3432 1196//3432 
f 1475//3433 1474//3433 1196//3433 
f 1475//3434 1196//3434 1155//3434 
f 1476//3435 1475//3435 1155//3435 
f 1476//3436 1155//3436 1154//3436 
f 1477//3437 1476//3437 1154//3437 
f 1477//3438 1154//3438 1156//3438 
f 1478//3439 1477//3439 1156//3439 
f 1478//3440 1156//3440 1157//3440 
f 1479//3441 1478//3441 1157//3441 
f 1479//3442 1157//3442 1158//3442 
f 1480//3443 1479//3443 1158//3443 
f 1480//3444 1158//3444 1159//3444 
f 1481//3445 1480//3445 1159//3445 
f 1481//3446 1159//3446 1160//3446 
f 1481//3447 1160//3447 1161//3447 
f 1483//3448 1481//3448 1161//3448 
f 1484//3449 1483//3449 1161//3449 
f 1484//3450 1161//3450 1162//3450 
f 1485//3451 1484//3451 1162//3451 
f 1485//3452 1162//3452 1163//3452 
f 1486//3453 1485//3453 1163//3453 
f 1486//3454 1163//3454 1197//3454 
f 1487//3455 1486//3455 1197//3455 
f 1487//3456 1197//3456 1198//3456 
f 1488//3457 1487//3457 1198//3457 
f 1488//3458 1198//3458 1199//3458 
f 1489//3459 1488//3459 1199//3459 
f 1489//3460 1199//3460 1200//3460 
f 1497//3461 1489//3461 1200//3461 
f 1497//3462 1200//3462 1201//3462 
f 1496//3463 1497//3463 1201//3463 
f 1496//3464 1201//3464 1202//3464 
f 1495//3465 1202//3465 1203//3465 
f 1495//3466 1496//3466 1202//3466 
f 1494//3467 1203//3467 1204//3467 
f 1494//3468 1495//3468 1203//3468 
f 1493//3469 1204//3469 1205//3469 
f 1493//3470 1494//3470 1204//3470 
f 1492//3471 1205//3471 1206//3471 
f 1492//3472 1493//3472 1205//3472 
f 1491//3473 1206//3473 1207//3473 
f 1491//3474 1492//3474 1206//3474 
f 1490//3475 1491//3475 1207//3475 
f 1490//3476 1207//3476 1208//3476 
f 1440//3477 1490//3477 1208//3477 
f 1440//3478 1208//3478 1209//3478 
f 1439//3479 1440//3479 1209//3479 
f 1439//3480 1209//3480 1210//3480 
f 1438//3481 1439//3481 1210//3481 
f 1438//3482 1210//3482 1211//3482 
f 1437//3483 1438//3483 1211//3483 
f 1437//3484 1211//3484 1212//3484 
f 1436//3485 1437//3485 1212//3485 
f 1436//3486 1212//3486 1213//3486 
f 1435//3487 1436//3487 1213//3487 
f 1435//3488 1213//3488 1214//3488 
f 1434//3489 1435//3489 1214//3489 
f 1434//3490 1214//3490 1215//3490 
f 1433//3491 1434//3491 1215//3491 
f 1433//3492 1215//3492 1216//3492 
f 1432//3493 1433//3493 1216//3493 
f 1432//3494 1216//3494 1217//3494 
f 1431//3495 1432//3495 1217//3495 
f 1431//3496 1217//3496 1218//3496 
f 1430//3497 1431//3497 1218//3497 
f 1430//3498 1218//3498 1219//3498 
f 1429//3499 1219//3499 1220//3499 
f 1429//3500 1430//3500 1219//3500 
f 1428//3501 1220//3501 1152//3501 
f 1428//3502 1429//3502 1220//3502 
f 1427//3503 1152//3503 1151//3503 
f 1427//3504 1428//3504 1152//3504 
f 1426//3505 1151//3505 1150//3505 
f 1426//3506 1427//3506 1151//3506 
f 1425//3507 1150//3507 1149//3507 
f 1425//3508 1426//3508 1150//3508 
f 1409//3509 1149//3509 1148//3509 
f 1409//3510 1425//3510 1149//3510 
f 1407//3511 1148//3511 1147//3511 
f 1407//3512 1409//3512 1148//3512 
f 1410//3513 1147//3513 1146//3513 
f 1410//3514 1407//3514 1147//3514 
f 1411//3515 1146//3515 1145//3515 
f 1411//3516 1410//3516 1146//3516 
f 1412//3517 1145//3517 1144//3517 
f 1412//3518 1411//3518 1145//3518 
f 1413//3519 1144//3519 1143//3519 
f 1413//3520 1412//3520 1144//3520 
f 1414//3521 1143//3521 1142//3521 
f 1414//3522 1413//3522 1143//3522 
f 1415//3523 1142//3523 1141//3523 
f 1415//3524 1414//3524 1142//3524 
f 1416//3525 1415//3525 1141//3525 
f 1416//3526 1141//3526 1140//3526 
f 1417//3527 1416//3527 1140//3527 
f 1417//3528 1140//3528 1139//3528 
f 1418//3529 1417//3529 1139//3529 
f 1418//3530 1139//3530 1138//3530 
f 1419//3531 1418//3531 1138//3531 
f 1419//3532 1138//3532 1137//3532 
f 1420//3533 1137//3533 1136//3533 
f 1420//3534 1419//3534 1137//3534 
f 1421//3535 1136//3535 1135//3535 
f 1421//3536 1420//3536 1136//3536 
f 1422//3537 1135//3537 1134//3537 
f 1422//3538 1421//3538 1135//3538 
f 1423//3539 1134//3539 1133//3539 
f 1423//3540 1422//3540 1134//3540 
f 1424//3541 1133//3541 1132//3541 
f 1424//3542 1423//3542 1133//3542 
f 1406//3543 1132//3543 1131//3543 
f 1406//3544 1424//3544 1132//3544 
f 1405//3545 1131//3545 1130//3545 
f 1405//3546 1406//3546 1131//3546 
f 1404//3547 1130//3547 1129//3547 
f 1404//3548 1405//3548 1130//3548 
f 1403//3549 1129//3549 1128//3549 
f 1403//3550 1404//3550 1129//3550 
f 1402//3551 1128//3551 1127//3551 
f 1402//3552 1403//3552 1128//3552 
f 1238//3553 2029//3553 1408//3553 
f 1240//3554 1238//3554 1408//3554 
f 2030//3555 1241//3555 2031//3555 
f 2032//3556 2031//3556 1241//3556 
f 2033//3557 1241//3557 2030//3557 
f 2034//3558 2032//3558 1241//3558 
f 2035//3559 1241//3559 2033//3559 
f 2036//3560 2034//3560 1241//3560 
f 2037//3561 1241//3561 2035//3561 
f 2038//3562 2036//3562 1241//3562 
f 2039//3563 1241//3563 2037//3563 
f 2040//3564 2038//3564 1241//3564 
f 2041//3565 1241//3565 2039//3565 
f 2042//3566 2040//3566 1241//3566 
f 2043//3567 1241//3567 2041//3567 
f 2044//3568 2042//3568 1241//3568 
f 2045//3569 1241//3569 2043//3569 
f 2046//3570 2044//3570 1241//3570 
f 2047//3571 1241//3571 2045//3571 
f 2048//3572 2046//3572 1241//3572 
f 2049//3573 1241//3573 2047//3573 
f 2050//3574 2048//3574 1241//3574 
f 2051//3575 1241//3575 2049//3575 
f 2052//3576 2050//3576 1241//3576 
f 2053//3577 1241//3577 2051//3577 
f 2054//3578 2052//3578 1241//3578 
f 2055//3579 1241//3579 2053//3579 
f 2056//3580 2054//3580 1241//3580 
f 2057//3581 1241//3581 2055//3581 
f 2058//3582 2056//3582 1241//3582 
f 2059//3583 1241//3583 2057//3583 
f 2060//3584 1241//3584 2059//3584 
f 2061//3585 2062//3585 2063//3585 
f 2061//3586 2064//3586 2062//3586 
f 2061//3587 2065//3587 2064//3587 
f 2061//3588 2066//3588 2065//3588 
f 2061//3589 2060//3589 2066//3589 
f 2061//3590 1241//3590 2060//3590 
f 2067//3591 2061//3591 2063//3591 
f 2068//3592 2061//3592 2067//3592 
f 2069//3593 2061//3593 2068//3593 
f 2070//3594 2061//3594 2069//3594 
f 2071//3595 2061//3595 2070//3595 
f 2072//3596 2061//3596 2071//3596 
f 2073//3597 2061//3597 2072//3597 
f 2074//3598 2061//3598 2073//3598 
f 2075//3599 2061//3599 2074//3599 
f 2076//3600 2061//3600 2075//3600 
f 1242//3601 2077//3601 2078//3601 
f 1242//3602 2079//3602 2077//3602 
f 1242//3603 2080//3603 2079//3603 
f 1242//3604 2081//3604 2080//3604 
f 1242//3605 2082//3605 2081//3605 
f 1242//3606 2083//3606 2082//3606 
f 1242//3607 2084//3607 2083//3607 
f 1242//3608 2085//3608 2084//3608 
f 1242//3609 2086//3609 2085//3609 
f 1242//3610 2087//3610 2086//3610 
f 1242//3611 2088//3611 2087//3611 
f 1242//3612 2089//3612 2088//3612 
f 1242//3613 2090//3613 2089//3613 
f 1242//3614 2091//3614 2090//3614 
f 1242//3615 2058//3615 1241//3615 
f 1242//3616 2092//3616 2058//3616 
f 1242//3617 2093//3617 2092//3617 
f 1242//3618 2078//3618 2093//3618 
f 2094//3619 2061//3619 2076//3619 
f 2095//3620 2091//3620 1242//3620 
f 2096//3621 2061//3621 2094//3621 
f 2097//3622 2095//3622 1242//3622 
f 2098//3623 2061//3623 2096//3623 
f 2099//3624 2097//3624 1242//3624 
f 2100//3625 2061//3625 2098//3625 
f 2101//3626 2099//3626 1242//3626 
f 2102//3627 2061//3627 2100//3627 
f 2103//3628 2101//3628 1242//3628 
f 2104//3629 2061//3629 2102//3629 
f 2105//3630 2103//3630 1242//3630 
f 2106//3631 2061//3631 2104//3631 
f 2107//3632 2105//3632 1242//3632 
f 2108//3633 2061//3633 2106//3633 
f 2109//3634 2107//3634 1242//3634 
f 2110//3635 2061//3635 2108//3635 
f 2111//3636 2109//3636 1242//3636 
f 2112//3637 2061//3637 2110//3637 
f 2113//3638 2111//3638 1242//3638 
f 2114//3639 2061//3639 2112//3639 
f 2115//3640 2113//3640 1242//3640 
f 2116//3641 2061//3641 2114//3641 
f 2117//3642 2115//3642 1242//3642 
f 2118//3643 2061//3643 2116//3643 
f 2119//3644 2117//3644 1242//3644 
f 2120//3645 2061//3645 2118//3645 
f 2121//3646 2119//3646 1242//3646 
f 2122//3647 2121//3647 1242//3647 
f 2123//3648 2122//3648 1242//3648 
f 1482//3649 2124//3649 2123//3649 
f 1482//3650 2125//3650 2124//3650 
f 1482//3651 2126//3651 2125//3651 
f 1482//3652 2127//3652 2126//3652 
f 1482//3653 2128//3653 2127//3653 
f 1482//3654 2129//3654 2128//3654 
f 1482//3655 2130//3655 2129//3655 
f 1482//3656 2131//3656 2130//3656 
f 1482//3657 2132//3657 2131//3657 
f 1482//3658 2133//3658 2132//3658 
f 1482//3659 2134//3659 2133//3659 
f 1482//3660 2135//3660 2134//3660 
f 1482//3661 2136//3661 2135//3661 
f 1482//3662 2137//3662 2136//3662 
f 1482//3663 2123//3663 1242//3663 
f 1482//3664 2138//3664 2137//3664 
f 1482//3665 2139//3665 2138//3665 
f 1482//3666 2140//3666 2139//3666 
f 1482//3667 2141//3667 2140//3667 
f 1482//3668 2142//3668 2141//3668 
f 1482//3669 2143//3669 2142//3669 
f 1482//3670 2144//3670 2143//3670 
f 1482//3671 2145//3671 2144//3671 
f 1482//3672 2146//3672 2145//3672 
f 1482//3673 2147//3673 2146//3673 
f 1482//3674 2148//3674 2147//3674 
f 1482//3675 2149//3675 2148//3675 
f 1482//3676 2150//3676 2149//3676 
f 1482//3677 2151//3677 2150//3677 
f 1482//3678 2152//3678 2151//3678 
f 1482//3679 2153//3679 2152//3679 
f 1482//3680 2154//3680 2153//3680 
f 1482//3681 2155//3681 2154//3681 
f 1482//3682 2061//3682 2155//3682 
f 2155//3683 2061//3683 2156//3683 
f 2156//3684 2061//3684 2120//3684 
f 2157//3685 1237//3685 2158//3685 
f 2159//3686 2158//3686 1237//3686 
f 2160//3687 1237//3687 2157//3687 
f 2161//3688 2159//3688 1237//3688 
f 2162//3689 1237//3689 2160//3689 
f 2163//3690 2161//3690 1237//3690 
f 2164//3691 1237//3691 2162//3691 
f 2165//3692 2163//3692 1237//3692 
f 2166//3693 1237//3693 2164//3693 
f 2167//3694 2165//3694 1237//3694 
f 2168//3695 1237//3695 2166//3695 
f 2169//3696 2167//3696 1237//3696 
f 2170//3697 1237//3697 2168//3697 
f 2171//3698 2169//3698 1237//3698 
f 2172//3699 1237//3699 2170//3699 
f 2173//3700 2171//3700 1237//3700 
f 2174//3701 1237//3701 2172//3701 
f 2175//3702 2173//3702 1237//3702 
f 2176//3703 1237//3703 2174//3703 
f 2177//3704 2175//3704 1237//3704 
f 2178//3705 1237//3705 2176//3705 
f 2179//3706 2177//3706 1237//3706 
f 2180//3707 1237//3707 2178//3707 
f 2181//3708 2179//3708 1237//3708 
f 2182//3709 1237//3709 2180//3709 
f 2183//3710 2181//3710 1237//3710 
f 2184//3711 1237//3711 2182//3711 
f 2185//3712 2183//3712 1237//3712 
f 2186//3713 1237//3713 2184//3713 
f 2187//3714 2185//3714 1237//3714 
f 2188//3715 1237//3715 2186//3715 
f 2189//3716 2187//3716 1237//3716 
f 2190//3717 2189//3717 1237//3717 
f 1524//3718 2191//3718 2192//3718 
f 1524//3719 2193//3719 2191//3719 
f 1524//3720 2194//3720 2193//3720 
f 1524//3721 2195//3721 2194//3721 
f 1524//3722 2196//3722 2195//3722 
f 1524//3723 2197//3723 2196//3723 
f 1524//3724 2198//3724 2197//3724 
f 1524//3725 2199//3725 2198//3725 
f 1524//3726 2200//3726 2199//3726 
f 1524//3727 2201//3727 2200//3727 
f 1524//3728 2202//3728 2201//3728 
f 1524//3729 2203//3729 2202//3729 
f 1524//3730 2204//3730 2203//3730 
f 1524//3731 2205//3731 2204//3731 
f 1524//3732 2188//3732 2205//3732 
f 1524//3733 1237//3733 2188//3733 
f 2206//3734 1524//3734 2192//3734 
f 2207//3735 1524//3735 2206//3735 
f 2208//3736 1524//3736 2207//3736 
f 2209//3737 1524//3737 2208//3737 
f 2210//3738 1524//3738 2209//3738 
f 2211//3739 1524//3739 2210//3739 
f 2212//3740 1524//3740 2211//3740 
f 2213//3741 1524//3741 2212//3741 
f 2214//3742 1524//3742 2213//3742 
f 2215//3743 1524//3743 2214//3743 
f 1236//3744 2216//3744 2190//3744 
f 1236//3745 2217//3745 2216//3745 
f 1236//3746 2190//3746 1237//3746 
f 1236//3747 2218//3747 2217//3747 
f 1236//3748 2219//3748 2218//3748 
f 1236//3749 2220//3749 2219//3749 
f 1236//3750 2221//3750 2220//3750 
f 1236//3751 2222//3751 2221//3751 
f 1236//3752 2223//3752 2222//3752 
f 1236//3753 2224//3753 2223//3753 
f 1236//3754 2225//3754 2224//3754 
f 1236//3755 2226//3755 2225//3755 
f 1236//3756 2227//3756 2226//3756 
f 1236//3757 2228//3757 2227//3757 
f 1236//3758 2229//3758 2228//3758 
f 1236//3759 2230//3759 2229//3759 
f 1236//3760 2231//3760 2230//3760 
f 1236//3761 2232//3761 2231//3761 
f 1236//3762 2233//3762 2232//3762 
f 1236//3763 2234//3763 2233//3763 
f 1236//3764 2235//3764 2234//3764 
f 1236//3765 2236//3765 2235//3765 
f 1236//3766 2237//3766 2236//3766 
f 1236//3767 2238//3767 2237//3767 
f 1236//3768 2239//3768 2238//3768 
f 2240//3769 1524//3769 2215//3769 
f 2241//3770 2239//3770 1236//3770 
f 2242//3771 1524//3771 2240//3771 
f 2243//3772 2241//3772 1236//3772 
f 2244//3773 1524//3773 2242//3773 
f 2245//3774 2243//3774 1236//3774 
f 2246//3775 1524//3775 2244//3775 
f 2247//3776 2245//3776 1236//3776 
f 2248//3777 1524//3777 2246//3777 
f 2249//3778 2247//3778 1236//3778 
f 2250//3779 1524//3779 2248//3779 
f 2251//3780 2249//3780 1236//3780 
f 2252//3781 1524//3781 2250//3781 
f 2253//3782 2254//3782 2251//3782 
f 2253//3783 2255//3783 2254//3783 
f 2253//3784 2256//3784 2255//3784 
f 2253//3785 2257//3785 2256//3785 
f 2253//3786 2258//3786 2257//3786 
f 2253//3787 2259//3787 2258//3787 
f 2253//3788 2260//3788 2259//3788 
f 2253//3789 2261//3789 2260//3789 
f 2253//3790 2262//3790 2261//3790 
f 2253//3791 2263//3791 2262//3791 
f 2253//3792 2251//3792 1236//3792 
f 2253//3793 2264//3793 2263//3793 
f 2253//3794 2265//3794 2264//3794 
f 2253//3795 2266//3795 2265//3795 
f 2253//3796 2267//3796 2266//3796 
f 2253//3797 2268//3797 2267//3797 
f 2253//3798 2269//3798 2268//3798 
f 2253//3799 2270//3799 2269//3799 
f 2253//3800 2271//3800 2270//3800 
f 2253//3801 2272//3801 2271//3801 
f 2253//3802 2273//3802 2272//3802 
f 2253//3803 2274//3803 2273//3803 
f 2253//3804 2275//3804 2274//3804 
f 2253//3805 2276//3805 2275//3805 
f 2253//3806 2277//3806 2276//3806 
f 2253//3807 2278//3807 2277//3807 
f 2253//3808 2279//3808 2278//3808 
f 2253//3809 2280//3809 2279//3809 
f 2253//3810 2281//3810 2280//3810 
f 2253//3811 2282//3811 2281//3811 
f 2253//3812 1524//3812 2252//3812 
f 2253//3813 2252//3813 2283//3813 
f 2253//3814 2283//3814 2282//3814 
f 1233//3815 1231//3815 1523//3815 
f 1233//3816 1523//3816 2284//3816 
f 2285//3817 1230//3817 2286//3817 
f 2287//3818 2286//3818 1230//3818 
f 2288//3819 1230//3819 2285//3819 
f 2289//3820 2287//3820 1230//3820 
f 2290//3821 1230//3821 2288//3821 
f 2291//3822 2289//3822 1230//3822 
f 2292//3823 1230//3823 2290//3823 
f 2293//3824 2291//3824 1230//3824 
f 2294//3825 1230//3825 2292//3825 
f 2295//3826 2293//3826 1230//3826 
f 2296//3827 1230//3827 2294//3827 
f 2297//3828 2295//3828 1230//3828 
f 2298//3829 1230//3829 2296//3829 
f 2299//3830 2297//3830 1230//3830 
f 2300//3831 1230//3831 2298//3831 
f 2301//3832 2299//3832 1230//3832 
f 2302//3833 1230//3833 2300//3833 
f 2303//3834 2301//3834 1230//3834 
f 2304//3835 1230//3835 2302//3835 
f 2305//3836 2303//3836 1230//3836 
f 2306//3837 1230//3837 2304//3837 
f 2307//3838 2305//3838 1230//3838 
f 2308//3839 1230//3839 2306//3839 
f 2309//3840 2307//3840 1230//3840 
f 2310//3841 1230//3841 2308//3841 
f 2311//3842 2309//3842 1230//3842 
f 2312//3843 1230//3843 2310//3843 
f 2313//3844 2311//3844 1230//3844 
f 2314//3845 1230//3845 2312//3845 
f 2315//3846 2313//3846 1230//3846 
f 2316//3847 1230//3847 2314//3847 
f 2317//3848 2315//3848 1230//3848 
f 2318//3849 1230//3849 2316//3849 
f 2319//3850 2317//3850 1230//3850 
f 2320//3851 1230//3851 2318//3851 
f 2321//3852 2319//3852 1230//3852 
f 2322//3853 1230//3853 2320//3853 
f 2323//3854 2321//3854 1230//3854 
f 2324//3855 1230//3855 2322//3855 
f 2325//3856 2323//3856 1230//3856 
f 2326//3857 1230//3857 2324//3857 
f 2327//3858 2325//3858 1230//3858 
f 2328//3859 2327//3859 1230//3859 
f 2329//3860 2328//3860 1230//3860 
f 2330//3861 2329//3861 1230//3861 
f 2331//3862 2330//3862 1230//3862 
f 2332//3863 2331//3863 1230//3863 
f 2333//3864 2332//3864 1230//3864 
f 2334//3865 2333//3865 1230//3865 
f 1730//3866 2335//3866 2336//3866 
f 1729//3867 2337//3867 2335//3867 
f 1729//3868 2335//3868 1730//3868 
f 1731//3869 1730//3869 2336//3869 
f 1728//3870 2338//3870 2337//3870 
f 1728//3871 2337//3871 1729//3871 
f 1732//3872 1731//3872 2336//3872 
f 1732//3873 2336//3873 2339//3873 
f 1727//3874 2340//3874 2338//3874 
f 1727//3875 2338//3875 1728//3875 
f 1733//3876 2339//3876 2341//3876 
f 1733//3877 1732//3877 2339//3877 
f 1726//3878 2342//3878 2340//3878 
f 1726//3879 2340//3879 1727//3879 
f 1734//3880 2341//3880 2343//3880 
f 1734//3881 1733//3881 2341//3881 
f 1725//3882 2344//3882 2342//3882 
f 1725//3883 2342//3883 1726//3883 
f 1735//3884 2343//3884 2345//3884 
f 1735//3885 1734//3885 2343//3885 
f 1724//3886 2344//3886 1725//3886 
f 1736//3887 2345//3887 2346//3887 
f 1736//3888 1735//3888 2345//3888 
f 1723//3889 2347//3889 2344//3889 
f 1723//3890 2344//3890 1724//3890 
f 1737//3891 1736//3891 2346//3891 
f 1722//3892 2348//3892 2347//3892 
f 1722//3893 2347//3893 1723//3893 
f 1738//3894 2346//3894 2349//3894 
f 1738//3895 1737//3895 2346//3895 
f 1721//3896 2350//3896 2348//3896 
f 1721//3897 2348//3897 1722//3897 
f 1739//3898 2349//3898 2351//3898 
f 1739//3899 1738//3899 2349//3899 
f 1720//3900 2352//3900 2350//3900 
f 1720//3901 2350//3901 1721//3901 
f 1740//3902 2351//3902 2353//3902 
f 1740//3903 1739//3903 2351//3903 
f 1719//3904 2354//3904 2352//3904 
f 1719//3905 2352//3905 1720//3905 
f 1741//3906 2353//3906 2355//3906 
f 1741//3907 1740//3907 2353//3907 
f 1718//3908 2356//3908 2354//3908 
f 1718//3909 2354//3909 1719//3909 
f 1742//3910 1741//3910 2355//3910 
f 1742//3911 2355//3911 2357//3911 
f 1717//3912 2358//3912 2356//3912 
f 1717//3913 2356//3913 1718//3913 
f 1743//3914 2357//3914 2359//3914 
f 1743//3915 1742//3915 2357//3915 
f 1716//3916 2360//3916 2358//3916 
f 1716//3917 2358//3917 1717//3917 
f 1744//3918 1743//3918 2359//3918 
f 1715//3919 2360//3919 1716//3919 
f 1745//3920 2359//3920 2361//3920 
f 1745//3921 1744//3921 2359//3921 
f 1714//3922 2360//3922 1715//3922 
f 1714//3923 2362//3923 2360//3923 
f 1746//3924 1745//3924 2361//3924 
f 1746//3925 2361//3925 2363//3925 
f 1747//3926 1746//3926 2363//3926 
f 1747//3927 2363//3927 2364//3927 
f 1748//3928 2364//3928 2365//3928 
f 1748//3929 1747//3929 2364//3929 
f 1749//3930 2365//3930 2366//3930 
f 1749//3931 1748//3931 2365//3931 
f 1750//3932 2366//3932 2367//3932 
f 1750//3933 1749//3933 2366//3933 
f 1751//3934 2367//3934 2368//3934 
f 1751//3935 1750//3935 2367//3935 
f 1752//3936 1751//3936 2368//3936 
f 2369//3937 2370//3937 2371//3937 
f 2369//3938 2372//3938 2370//3938 
f 2369//3939 2373//3939 2372//3939 
f 2374//3940 2371//3940 2370//3940 
f 2374//3941 2375//3941 2376//3941 
f 2374//3942 2370//3942 2375//3942 
f 2377//3943 2373//3943 2369//3943 
f 2378//3944 2374//3944 2376//3944 
f 2379//3945 2373//3945 2377//3945 
f 2379//3946 2380//3946 2373//3946 
f 2381//3947 2378//3947 2376//3947 
f 2381//3948 2376//3948 2382//3948 
f 2383//3949 2384//3949 2380//3949 
f 2383//3950 2380//3950 2379//3950 
f 2385//3951 2382//3951 2386//3951 
f 2385//3952 2381//3952 2382//3952 
f 2387//3953 2384//3953 2383//3953 
f 2387//3954 2388//3954 2384//3954 
f 2389//3955 2385//3955 2386//3955 
f 2389//3956 2390//3956 2391//3956 
f 2389//3957 2386//3957 2390//3957 
f 2392//3958 2388//3958 2387//3958 
f 2392//3959 2393//3959 2388//3959 
f 2392//3960 2394//3960 2393//3960 
f 2395//3961 2389//3961 2391//3961 
f 2396//3962 2394//3962 2392//3962 
f 2397//3963 2398//3963 2399//3963 
f 2397//3964 2391//3964 2398//3964 
f 2397//3965 2395//3965 2391//3965 
f 2400//3966 2394//3966 2396//3966 
f 2400//3967 2401//3967 2394//3967 
f 2402//3968 2397//3968 2399//3968 
f 2403//3969 2401//3969 2400//3969 
f 2403//3970 2404//3970 2401//3970 
f 2405//3971 2402//3971 2399//3971 
f 2405//3972 2362//3972 1714//3972 
f 2405//3973 2399//3973 2362//3973 
f 2406//3974 2404//3974 2403//3974 
f 2406//3975 2407//3975 2404//3975 
f 2406//3976 2326//3976 2407//3976 
f 2408//3977 2405//3977 1714//3977 
f 2408//3978 1713//3978 1712//3978 
f 2408//3979 1714//3979 1713//3979 
f 2409//3980 2326//3980 2406//3980 
f 2410//3981 2408//3981 1712//3981 
f 2410//3982 1712//3982 1711//3982 
f 2411//3983 2410//3983 1711//3983 
f 2411//3984 1711//3984 1710//3984 
f 2412//3985 1710//3985 1709//3985 
f 2412//3986 2411//3986 1710//3986 
f 2413//3987 2414//3987 2415//3987 
f 2416//3988 2417//3988 2414//3988 
f 2416//3989 2414//3989 2413//3989 
f 2418//3990 2413//3990 2415//3990 
f 2419//3991 2420//3991 2417//3991 
f 2419//3992 2417//3992 2416//3992 
f 2421//3993 2422//3993 2334//3993 
f 2421//3994 2415//3994 2422//3994 
f 2421//3995 2418//3995 2415//3995 
f 2423//3996 1709//3996 1708//3996 
f 2423//3997 2412//3997 1709//3997 
f 2424//3998 2425//3998 2420//3998 
f 2424//3999 2420//3999 2419//3999 
f 2426//4000 2334//4000 1230//4000 
f 2426//4001 2421//4001 2334//4001 
f 2427//4002 2425//4002 2424//4002 
f 2427//4003 2428//4003 2425//4003 
f 2429//4004 2426//4004 1230//4004 
f 2430//4005 2431//4005 2428//4005 
f 2430//4006 2428//4006 2427//4006 
f 2432//4007 2429//4007 1230//4007 
f 2433//4008 2423//4008 1708//4008 
f 2433//4009 1708//4009 1707//4009 
f 2434//4010 2435//4010 2431//4010 
f 2434//4011 2431//4011 2430//4011 
f 2436//4012 2432//4012 1230//4012 
f 2437//4013 2438//4013 2435//4013 
f 2437//4014 2435//4014 2434//4014 
f 2439//4015 2436//4015 1230//4015 
f 2440//4016 2441//4016 2438//4016 
f 2440//4017 2438//4017 2437//4017 
f 2442//4018 2433//4018 1707//4018 
f 2442//4019 1707//4019 1706//4019 
f 2443//4020 2439//4020 1230//4020 
f 2444//4021 2441//4021 2440//4021 
f 2444//4022 2445//4022 2441//4022 
f 2446//4023 2443//4023 1230//4023 
f 2447//4024 2442//4024 1706//4024 
f 2447//4025 1706//4025 1705//4025 
f 2448//4026 1704//4026 1703//4026 
f 2448//4027 1705//4027 1704//4027 
f 2448//4028 2447//4028 1705//4028 
f 2449//4029 1703//4029 1702//4029 
f 2449//4030 2448//4030 1703//4030 
f 2450//4031 1702//4031 1701//4031 
f 2450//4032 2449//4032 1702//4032 
f 2451//4033 2450//4033 1701//4033 
f 2451//4034 1701//4034 1700//4034 
f 2452//4035 1700//4035 1699//4035 
f 2452//4036 2451//4036 1700//4036 
f 2453//4037 1699//4037 1698//4037 
f 2453//4038 2452//4038 1699//4038 
f 2454//4039 1697//4039 1696//4039 
f 2454//4040 1698//4040 1697//4040 
f 2454//4041 2453//4041 1698//4041 
f 2455//4042 1696//4042 1695//4042 
f 2455//4043 2454//4043 1696//4043 
f 2456//4044 1695//4044 1694//4044 
f 2456//4045 2455//4045 1695//4045 
f 2457//4046 1694//4046 1693//4046 
f 2457//4047 2456//4047 1694//4047 
f 2458//4048 2457//4048 1693//4048 
f 2458//4049 1693//4049 1692//4049 
f 2459//4050 1691//4050 1690//4050 
f 2459//4051 1692//4051 1691//4051 
f 2459//4052 2458//4052 1692//4052 
f 2460//4053 2459//4053 1690//4053 
f 2460//4054 1690//4054 1689//4054 
f 1604//4055 2445//4055 2444//4055 
f 1604//4056 2461//4056 2445//4056 
f 1603//4057 2462//4057 2461//4057 
f 1603//4058 2461//4058 1604//4058 
f 1605//4059 2444//4059 2463//4059 
f 1605//4060 1604//4060 2444//4060 
f 1602//4061 2464//4061 2462//4061 
f 1602//4062 2462//4062 1603//4062 
f 1606//4063 2463//4063 2465//4063 
f 1606//4064 1605//4064 2463//4064 
f 1601//4065 2464//4065 1602//4065 
f 1607//4066 2465//4066 2466//4066 
f 1607//4067 1606//4067 2465//4067 
f 1600//4068 2467//4068 2464//4068 
f 1600//4069 2464//4069 1601//4069 
f 1608//4070 1607//4070 2466//4070 
f 1608//4071 2466//4071 2468//4071 
f 1599//4072 2467//4072 1600//4072 
f 1599//4073 2469//4073 2467//4073 
f 1609//4074 2468//4074 2470//4074 
f 1609//4075 1608//4075 2468//4075 
f 1598//4076 2471//4076 2469//4076 
f 1598//4077 2469//4077 1599//4077 
f 1610//4078 2470//4078 2472//4078 
f 1610//4079 1609//4079 2470//4079 
f 1597//4080 2473//4080 2471//4080 
f 1597//4081 2471//4081 1598//4081 
f 1611//4082 1610//4082 2472//4082 
f 1596//4083 2474//4083 2473//4083 
f 1596//4084 2473//4084 1597//4084 
f 2475//4085 1689//4085 1688//4085 
f 2475//4086 2460//4086 1689//4086 
f 1612//4087 2472//4087 2476//4087 
f 1612//4088 1611//4088 2472//4088 
f 1595//4089 2477//4089 2474//4089 
f 1595//4090 2474//4090 1596//4090 
f 1613//4091 1612//4091 2476//4091 
f 1613//4092 2476//4092 2478//4092 
f 1594//4093 2479//4093 2477//4093 
f 1594//4094 2477//4094 1595//4094 
f 1614//4095 1613//4095 2478//4095 
f 1614//4096 2478//4096 2480//4096 
f 1593//4097 2481//4097 2479//4097 
f 1593//4098 2479//4098 1594//4098 
f 1615//4099 2480//4099 2482//4099 
f 1615//4100 1614//4100 2480//4100 
f 1592//4101 2368//4101 2481//4101 
f 1592//4102 2481//4102 1593//4102 
f 1616//4103 1615//4103 2482//4103 
f 1591//4104 1752//4104 2368//4104 
f 1591//4105 2368//4105 1592//4105 
f 1591//4106 1753//4106 1752//4106 
f 1617//4107 2482//4107 2483//4107 
f 1617//4108 1616//4108 2482//4108 
f 1590//4109 1753//4109 1591//4109 
f 1590//4110 1754//4110 1753//4110 
f 2484//4111 1688//4111 1687//4111 
f 2484//4112 2475//4112 1688//4112 
f 1618//4113 2483//4113 2485//4113 
f 1618//4114 1617//4114 2483//4114 
f 1589//4115 1755//4115 1754//4115 
f 1589//4116 1754//4116 1590//4116 
f 1619//4117 2485//4117 2486//4117 
f 1619//4118 1618//4118 2485//4118 
f 1588//4119 1755//4119 1589//4119 
f 1588//4120 1756//4120 1755//4120 
f 1620//4121 1619//4121 2486//4121 
f 1587//4122 1756//4122 1588//4122 
f 1587//4123 1757//4123 1756//4123 
f 1621//4124 2486//4124 2487//4124 
f 1621//4125 1620//4125 2486//4125 
f 1586//4126 1758//4126 1757//4126 
f 1586//4127 1757//4127 1587//4127 
f 2488//4128 1687//4128 1686//4128 
f 2488//4129 2484//4129 1687//4129 
f 1622//4130 2487//4130 2489//4130 
f 1622//4131 1621//4131 2487//4131 
f 1585//4132 1758//4132 1586//4132 
f 1585//4133 1759//4133 1758//4133 
f 1623//4134 1622//4134 2489//4134 
f 1584//4135 1760//4135 1759//4135 
f 1584//4136 1759//4136 1585//4136 
f 1624//4137 2489//4137 2490//4137 
f 1624//4138 1623//4138 2489//4138 
f 1583//4139 1760//4139 1584//4139 
f 1583//4140 1761//4140 1760//4140 
f 1625//4141 2490//4141 2491//4141 
f 1625//4142 1624//4142 2490//4142 
f 2492//4143 1686//4143 1685//4143 
f 2492//4144 2488//4144 1686//4144 
f 1582//4145 1761//4145 1583//4145 
f 1582//4146 1762//4146 1761//4146 
f 1626//4147 1625//4147 2491//4147 
f 1581//4148 1763//4148 1762//4148 
f 1581//4149 1762//4149 1582//4149 
f 1627//4150 2491//4150 2493//4150 
f 1627//4151 1626//4151 2491//4151 
f 1580//4152 1763//4152 1581//4152 
f 1580//4153 1764//4153 1763//4153 
f 1628//4154 2493//4154 2494//4154 
f 1628//4155 1627//4155 2493//4155 
f 1579//4156 1764//4156 1580//4156 
f 1579//4157 1765//4157 1764//4157 
f 2495//4158 2492//4158 1685//4158 
f 2495//4159 1684//4159 1683//4159 
f 2495//4160 1685//4160 1684//4160 
f 1629//4161 1628//4161 2494//4161 
f 1578//4162 1765//4162 1579//4162 
f 1578//4163 1766//4163 1765//4163 
f 1630//4164 2494//4164 2496//4164 
f 1630//4165 1629//4165 2494//4165 
f 1577//4166 1766//4166 1578//4166 
f 1577//4167 1767//4167 1766//4167 
f 1631//4168 2496//4168 2497//4168 
f 1631//4169 1630//4169 2496//4169 
f 1576//4170 1768//4170 1767//4170 
f 1576//4171 1767//4171 1577//4171 
f 2498//4172 1683//4172 1682//4172 
f 2498//4173 2495//4173 1683//4173 
f 1632//4174 1631//4174 2497//4174 
f 1575//4175 1768//4175 1576//4175 
f 1575//4176 1769//4176 1768//4176 
f 1633//4177 2497//4177 2499//4177 
f 1633//4178 1632//4178 2497//4178 
f 1574//4179 1769//4179 1575//4179 
f 1574//4180 1770//4180 1769//4180 
f 1634//4181 2499//4181 2500//4181 
f 1634//4182 1633//4182 2499//4182 
f 1573//4183 1770//4183 1574//4183 
f 1573//4184 1771//4184 1770//4184 
f 2501//4185 1682//4185 1681//4185 
f 2501//4186 2498//4186 1682//4186 
f 1635//4187 1634//4187 2500//4187 
f 2502//4188 1635//4188 2500//4188 
f 1572//4189 1771//4189 1573//4189 
f 1572//4190 1772//4190 1771//4190 
f 1636//4191 1635//4191 2502//4191 
f 1571//4192 1772//4192 1572//4192 
f 1571//4193 1773//4193 1772//4193 
f 1637//4194 1636//4194 2502//4194 
f 2503//4195 1681//4195 1680//4195 
f 2503//4196 2501//4196 1681//4196 
f 1570//4197 1774//4197 1773//4197 
f 1570//4198 1773//4198 1571//4198 
f 2504//4199 1637//4199 2502//4199 
f 2504//4200 1638//4200 1637//4200 
f 1569//4201 1775//4201 1774//4201 
f 1569//4202 1774//4202 1570//4202 
f 1568//4203 1775//4203 1569//4203 
f 1568//4204 1776//4204 1775//4204 
f 2505//4205 1680//4205 1679//4205 
f 2505//4206 2503//4206 1680//4206 
f 1567//4207 1651//4207 1776//4207 
f 1567//4208 1776//4208 1568//4208 
f 1566//4209 1651//4209 1567//4209 
f 2506//4210 1638//4210 2504//4210 
f 2506//4211 1639//4211 1638//4211 
f 2506//4212 1640//4212 1639//4212 
f 2507//4213 1679//4213 1678//4213 
f 2507//4214 2505//4214 1679//4214 
f 2508//4215 1641//4215 1640//4215 
f 2508//4216 1640//4216 2506//4216 
f 2509//4217 1678//4217 1677//4217 
f 2509//4218 2507//4218 1678//4218 
f 2510//4219 1642//4219 1641//4219 
f 2510//4220 1643//4220 1642//4220 
f 2510//4221 1641//4221 2508//4221 
f 2511//4222 1677//4222 1676//4222 
f 2511//4223 2509//4223 1677//4223 
f 2512//4224 1644//4224 1643//4224 
f 2512//4225 1643//4225 2510//4225 
f 2513//4226 1644//4226 2512//4226 
f 2513//4227 1645//4227 1644//4227 
f 2513//4228 1646//4228 1645//4228 
f 2514//4229 1647//4229 1646//4229 
f 2514//4230 1646//4230 2513//4230 
f 2515//4231 1647//4231 2514//4231 
f 2515//4232 1648//4232 1647//4232 
f 2515//4233 1649//4233 1648//4233 
f 2516//4234 1649//4234 2515//4234 
f 2516//4235 1650//4235 1649//4235 
f 2517//4236 1525//4236 1650//4236 
f 2517//4237 1650//4237 2516//4237 
f 2518//4238 1525//4238 2517//4238 
f 2518//4239 1526//4239 1525//4239 
f 2518//4240 1527//4240 1526//4240 
f 2519//4241 1528//4241 1527//4241 
f 2519//4242 1527//4242 2518//4242 
f 2520//4243 1528//4243 2519//4243 
f 2520//4244 1529//4244 1528//4244 
f 2521//4245 1529//4245 2520//4245 
f 2521//4246 1530//4246 1529//4246 
f 2521//4247 1531//4247 1530//4247 
f 2522//4248 1531//4248 2521//4248 
f 2522//4249 1532//4249 1531//4249 
f 2523//4250 1532//4250 2522//4250 
f 2523//4251 1533//4251 1532//4251 
f 2524//4252 1533//4252 2523//4252 
f 2524//4253 1534//4253 1533//4253 
f 2525//4254 1535//4254 1534//4254 
f 2525//4255 1536//4255 1535//4255 
f 2525//4256 1534//4256 2524//4256 
f 2526//4257 1536//4257 2525//4257 
f 1506//4258 2527//4258 2528//4258 
f 1506//4259 2529//4259 2527//4259 
f 1506//4260 2530//4260 2529//4260 
f 1506//4261 2531//4261 2530//4261 
f 1506//4262 2532//4262 2531//4262 
f 1506//4263 2533//4263 2532//4263 
f 1506//4264 2534//4264 2533//4264 
f 1506//4265 2535//4265 2534//4265 
f 1506//4266 2536//4266 2535//4266 
f 1506//4267 2537//4267 2536//4267 
f 1506//4268 2538//4268 2537//4268 
f 1506//4269 2539//4269 2538//4269 
f 1506//4270 2540//4270 2539//4270 
f 1506//4271 2541//4271 2540//4271 
f 1506//4272 2542//4272 2541//4272 
f 1506//4273 2543//4273 2542//4273 
f 1506//4274 2544//4274 2543//4274 
f 1506//4275 2545//4275 2544//4275 
f 1506//4276 2546//4276 2545//4276 
f 1506//4277 2547//4277 2546//4277 
f 1506//4278 2548//4278 2547//4278 
f 1506//4279 2549//4279 2548//4279 
f 1506//4280 2550//4280 2549//4280 
f 1506//4281 2551//4281 2550//4281 
f 1506//4282 2552//4282 2551//4282 
f 1506//4283 2553//4283 2552//4283 
f 1506//4284 2554//4284 2553//4284 
f 1506//4285 2555//4285 2554//4285 
f 1506//4286 2556//4286 2555//4286 
f 1506//4287 2326//4287 2409//4287 
f 1506//4288 2557//4288 2556//4288 
f 1506//4289 2558//4289 2557//4289 
f 1506//4290 2559//4290 2558//4290 
f 1506//4291 2560//4291 2559//4291 
f 1506//4292 2561//4292 2560//4292 
f 1506//4293 2562//4293 2561//4293 
f 1506//4294 2563//4294 2562//4294 
f 1506//4295 2564//4295 2563//4295 
f 1506//4296 2565//4296 2564//4296 
f 1506//4297 2566//4297 2565//4297 
f 1506//4298 2567//4298 2566//4298 
f 1506//4299 2568//4299 2567//4299 
f 1506//4300 2569//4300 2568//4300 
f 1506//4301 2570//4301 2569//4301 
f 1506//4302 2571//4302 2570//4302 
f 1506//4303 2572//4303 2571//4303 
f 1506//4304 2573//4304 2572//4304 
f 1506//4305 2574//4305 2573//4305 
f 1506//4306 2575//4306 2574//4306 
f 1506//4307 2409//4307 2575//4307 
f 1506//4308 1230//4308 2326//4308 
f 1239//4309 2446//4309 1230//4309 
f 1239//4310 2576//4310 2446//4310 
f 1239//4311 2577//4311 2576//4311 
f 1239//4312 2578//4312 2577//4312 
f 1239//4313 2579//4313 2578//4313 
f 1239//4314 2580//4314 2579//4314 
f 1239//4315 2581//4315 2580//4315 
f 1239//4316 2582//4316 2581//4316 
f 1239//4317 2583//4317 2582//4317 
f 1239//4318 2584//4318 2583//4318 
f 1239//4319 2585//4319 2584//4319 
f 1239//4320 2586//4320 2585//4320 
f 1239//4321 2587//4321 2586//4321 
f 1239//4322 2588//4322 2587//4322 
f 1239//4323 2589//4323 2590//4323 
f 1239//4324 2591//4324 2588//4324 
f 1239//4325 2592//4325 2589//4325 
f 1239//4326 2593//4326 2591//4326 
f 1239//4327 2594//4327 2592//4327 
f 1239//4328 2595//4328 2593//4328 
f 1239//4329 2596//4329 2594//4329 
f 1239//4330 2597//4330 2595//4330 
f 1239//4331 2598//4331 2596//4331 
f 1239//4332 2599//4332 2597//4332 
f 1239//4333 2600//4333 2599//4333 
f 1239//4334 2601//4334 2600//4334 
f 1239//4335 2602//4335 2601//4335 
f 1239//4336 2603//4336 2602//4336 
f 1239//4337 2604//4337 2603//4337 
f 1239//4338 2605//4338 2604//4338 
f 1239//4339 2606//4339 2605//4339 
f 1239//4340 2607//4340 2606//4340 
f 1239//4341 2608//4341 2607//4341 
f 1239//4342 2609//4342 2608//4342 
f 1239//4343 2610//4343 2609//4343 
f 1239//4344 2611//4344 2610//4344 
f 1239//4345 2612//4345 2611//4345 
f 1239//4346 2613//4346 2612//4346 
f 1239//4347 2614//4347 2613//4347 
f 1239//4348 2615//4348 2614//4348 
f 1239//4349 2616//4349 2615//4349 
f 1239//4350 2617//4350 2616//4350 
f 1239//4351 2618//4351 2617//4351 
f 1239//4352 2590//4352 2618//4352 
f 1982//4353 1657//4353 1656//4353 
f 1981//4354 1657//4354 1982//4354 
f 1981//4355 1658//4355 1657//4355 
f 1983//4356 1656//4356 1655//4356 
f 1983//4357 1982//4357 1656//4357 
f 1980//4358 1658//4358 1981//4358 
f 1980//4359 1659//4359 1658//4359 
f 1984//4360 1983//4360 1655//4360 
f 1984//4361 1655//4361 1654//4361 
f 1979//4362 1659//4362 1980//4362 
f 1979//4363 1660//4363 1659//4363 
f 1985//4364 1984//4364 1654//4364 
f 1985//4365 1654//4365 1653//4365 
f 1978//4366 1660//4366 1979//4366 
f 1978//4367 1661//4367 1660//4367 
f 1986//4368 1985//4368 1653//4368 
f 1986//4369 1653//4369 1652//4369 
f 1977//4370 1661//4370 1978//4370 
f 1977//4371 1662//4371 1661//4371 
f 1987//4372 1986//4372 1652//4372 
f 1987//4373 1652//4373 1651//4373 
f 1976//4374 1662//4374 1977//4374 
f 1976//4375 1663//4375 1662//4375 
f 1988//4376 1987//4376 1651//4376 
f 1988//4377 1651//4377 1566//4377 
f 1975//4378 1663//4378 1976//4378 
f 1975//4379 1664//4379 1663//4379 
f 1989//4380 1988//4380 1566//4380 
f 1989//4381 1566//4381 1565//4381 
f 1974//4382 1664//4382 1975//4382 
f 1974//4383 1665//4383 1664//4383 
f 1990//4384 1564//4384 1563//4384 
f 1990//4385 1565//4385 1564//4385 
f 1990//4386 1989//4386 1565//4386 
f 1973//4387 1665//4387 1974//4387 
f 1973//4388 1666//4388 1665//4388 
f 1991//4389 1990//4389 1563//4389 
f 1972//4390 1666//4390 1973//4390 
f 1972//4391 1667//4391 1666//4391 
f 1992//4392 1991//4392 1563//4392 
f 1992//4393 1563//4393 1562//4393 
f 1971//4394 1667//4394 1972//4394 
f 1971//4395 1668//4395 1667//4395 
f 1993//4396 1561//4396 1560//4396 
f 1993//4397 1562//4397 1561//4397 
f 1993//4398 1992//4398 1562//4398 
f 1970//4399 1668//4399 1971//4399 
f 1970//4400 1669//4400 1668//4400 
f 1994//4401 1993//4401 1560//4401 
f 1969//4402 1670//4402 1669//4402 
f 1969//4403 1669//4403 1970//4403 
f 1995//4404 1560//4404 1559//4404 
f 1995//4405 1994//4405 1560//4405 
f 1968//4406 1670//4406 1969//4406 
f 1968//4407 1671//4407 1670//4407 
f 1996//4408 1559//4408 1558//4408 
f 1996//4409 1995//4409 1559//4409 
f 1967//4410 1671//4410 1968//4410 
f 1967//4411 1672//4411 1671//4411 
f 1997//4412 1558//4412 1557//4412 
f 1997//4413 1996//4413 1558//4413 
f 1966//4414 1673//4414 1672//4414 
f 1966//4415 1672//4415 1967//4415 
f 1998//4416 1997//4416 1557//4416 
f 1998//4417 1557//4417 1556//4417 
f 1965//4418 1674//4418 1673//4418 
f 1965//4419 1673//4419 1966//4419 
f 1999//4420 1555//4420 1554//4420 
f 1999//4421 1556//4421 1555//4421 
f 1999//4422 1998//4422 1556//4422 
f 1964//4423 1675//4423 1674//4423 
f 1964//4424 1674//4424 1965//4424 
f 2000//4425 1999//4425 1554//4425 
f 1963//4426 1676//4426 1675//4426 
f 1963//4427 1675//4427 1964//4427 
f 1963//4428 2511//4428 1676//4428 
f 1962//4429 2619//4429 2511//4429 
f 1962//4430 2511//4430 1963//4430 
f 1961//4431 2620//4431 2619//4431 
f 1961//4432 2619//4432 1962//4432 
f 1960//4433 2621//4433 2620//4433 
f 1960//4434 2620//4434 1961//4434 
f 1959//4435 2622//4435 2621//4435 
f 1959//4436 2621//4436 1960//4436 
f 1958//4437 2623//4437 2622//4437 
f 1958//4438 2622//4438 1959//4438 
f 1957//4439 2624//4439 2623//4439 
f 1957//4440 2623//4440 1958//4440 
f 1956//4441 2625//4441 2624//4441 
f 1956//4442 2624//4442 1957//4442 
f 1955//4443 2626//4443 2625//4443 
f 1955//4444 2625//4444 1956//4444 
f 1954//4445 2627//4445 2626//4445 
f 1954//4446 2626//4446 1955//4446 
f 1953//4447 2627//4447 1954//4447 
f 1952//4448 2628//4448 2627//4448 
f 1952//4449 2627//4449 1953//4449 
f 1951//4450 2629//4450 2628//4450 
f 1951//4451 2628//4451 1952//4451 
f 1950//4452 2630//4452 2629//4452 
f 1950//4453 2629//4453 1951//4453 
f 1856//4454 1541//4454 1540//4454 
f 1855//4455 1542//4455 1541//4455 
f 1855//4456 1541//4456 1856//4456 
f 1857//4457 1856//4457 1540//4457 
f 1857//4458 1540//4458 1539//4458 
f 1854//4459 1543//4459 1542//4459 
f 1854//4460 1544//4460 1543//4460 
f 1854//4461 1542//4461 1855//4461 
f 1858//4462 1538//4462 1537//4462 
f 1858//4463 1539//4463 1538//4463 
f 1858//4464 1857//4464 1539//4464 
f 1853//4465 1544//4465 1854//4465 
f 1853//4466 1545//4466 1544//4466 
f 1859//4467 1858//4467 1537//4467 
f 1859//4468 1537//4468 1536//4468 
f 1852//4469 1546//4469 1545//4469 
f 1852//4470 1545//4470 1853//4470 
f 1860//4471 1859//4471 1536//4471 
f 1860//4472 1536//4472 2526//4472 
f 1851//4473 1547//4473 1546//4473 
f 1851//4474 1546//4474 1852//4474 
f 1861//4475 1860//4475 2526//4475 
f 1861//4476 2526//4476 2631//4476 
f 1850//4477 1547//4477 1851//4477 
f 1850//4478 1548//4478 1547//4478 
f 1850//4479 1549//4479 1548//4479 
f 1862//4480 1861//4480 2631//4480 
f 1862//4481 2632//4481 2633//4481 
f 1862//4482 2631//4482 2632//4482 
f 1849//4483 1549//4483 1850//4483 
f 1849//4484 1550//4484 1549//4484 
f 1863//4485 1862//4485 2633//4485 
f 1863//4486 2633//4486 2634//4486 
f 1848//4487 1550//4487 1849//4487 
f 1848//4488 1551//4488 1550//4488 
f 1864//4489 1863//4489 2634//4489 
f 1864//4490 2634//4490 2635//4490 
f 1847//4491 1551//4491 1848//4491 
f 1847//4492 1552//4492 1551//4492 
f 1865//4493 1864//4493 2635//4493 
f 1865//4494 2635//4494 2636//4494 
f 1846//4495 1552//4495 1847//4495 
f 1846//4496 1553//4496 1552//4496 
f 1846//4497 1554//4497 1553//4497 
f 1866//4498 1865//4498 2636//4498 
f 1866//4499 2636//4499 2637//4499 
f 1845//4500 1554//4500 1846//4500 
f 1845//4501 2000//4501 1554//4501 
f 1867//4502 1866//4502 2637//4502 
f 1867//4503 2637//4503 2638//4503 
f 1844//4504 2000//4504 1845//4504 
f 1844//4505 2001//4505 2000//4505 
f 1868//4506 1867//4506 2638//4506 
f 1868//4507 2638//4507 2639//4507 
f 1843//4508 2001//4508 1844//4508 
f 1843//4509 2002//4509 2001//4509 
f 1843//4510 2003//4510 2002//4510 
f 1869//4511 1868//4511 2639//4511 
f 1869//4512 2639//4512 2640//4512 
f 1842//4513 2003//4513 1843//4513 
f 1842//4514 2004//4514 2003//4514 
f 1870//4515 1869//4515 2640//4515 
f 1870//4516 2640//4516 2641//4516 
f 1841//4517 2004//4517 1842//4517 
f 1841//4518 2005//4518 2004//4518 
f 1871//4519 1870//4519 2641//4519 
f 1871//4520 2641//4520 2642//4520 
f 1840//4521 2005//4521 1841//4521 
f 1840//4522 2006//4522 2005//4522 
f 1872//4523 2642//4523 2643//4523 
f 1872//4524 1871//4524 2642//4524 
f 1839//4525 2006//4525 1840//4525 
f 1839//4526 2007//4526 2006//4526 
f 1839//4527 2008//4527 2007//4527 
f 1873//4528 2643//4528 2644//4528 
f 1873//4529 1872//4529 2643//4529 
f 1838//4530 2008//4530 1839//4530 
f 1838//4531 2009//4531 2008//4531 
f 1874//4532 2644//4532 2645//4532 
f 1874//4533 1873//4533 2644//4533 
f 1837//4534 2010//4534 2009//4534 
f 1837//4535 2009//4535 1838//4535 
f 1875//4536 2645//4536 2646//4536 
f 1875//4537 1874//4537 2645//4537 
f 1836//4538 2011//4538 2010//4538 
f 1836//4539 2012//4539 2011//4539 
f 1836//4540 2010//4540 1837//4540 
f 1876//4541 2647//4541 2648//4541 
f 1876//4542 2646//4542 2647//4542 
f 1876//4543 1875//4543 2646//4543 
f 1835//4544 2013//4544 2012//4544 
f 1835//4545 2012//4545 1836//4545 
f 1877//4546 2648//4546 2649//4546 
f 1877//4547 1876//4547 2648//4547 
f 1834//4548 2014//4548 2013//4548 
f 1834//4549 2013//4549 1835//4549 
f 1878//4550 1877//4550 2649//4550 
f 1878//4551 2649//4551 2650//4551 
f 1833//4552 2014//4552 1834//4552 
f 1833//4553 2015//4553 2014//4553 
f 1833//4554 2016//4554 2015//4554 
f 1879//4555 2650//4555 2651//4555 
f 1879//4556 1878//4556 2650//4556 
f 1832//4557 2016//4557 1833//4557 
f 1832//4558 2017//4558 2016//4558 
f 1880//4559 2651//4559 2598//4559 
f 1880//4560 1879//4560 2651//4560 
f 1831//4561 2017//4561 1832//4561 
f 1831//4562 2018//4562 2017//4562 
f 1881//4563 2598//4563 1239//4563 
f 1881//4564 1880//4564 2598//4564 
f 1830//4565 2018//4565 1831//4565 
f 1830//4566 2019//4566 2018//4566 
f 1830//4567 2020//4567 2019//4567 
f 1882//4568 1881//4568 1239//4568 
f 1829//4569 2020//4569 1830//4569 
f 1829//4570 2021//4570 2020//4570 
f 1883//4571 1882//4571 1239//4571 
f 1828//4572 2021//4572 1829//4572 
f 1884//4573 1883//4573 1239//4573 
f 1885//4574 1884//4574 1239//4574 
f 1886//4575 1885//4575 1239//4575 
f 1887//4576 1886//4576 1239//4576 
f 1888//4577 1887//4577 1239//4577 
f 1889//4578 1888//4578 1239//4578 
f 1890//4579 1889//4579 1239//4579 
f 1891//4580 1890//4580 1239//4580 
f 1892//4581 1891//4581 1239//4581 
f 1893//4582 1892//4582 1239//4582 
f 1894//4583 1893//4583 1239//4583 
f 2652//4584 1920//4584 1919//4584 
f 2653//4585 1920//4585 2652//4585 
f 2653//4586 1921//4586 1920//4586 
f 2654//4587 2652//4587 1919//4587 
f 2654//4588 1918//4588 1917//4588 
f 2654//4589 1919//4589 1918//4589 
f 2655//4590 1921//4590 2653//4590 
f 2655//4591 1922//4591 1921//4591 
f 2655//4592 1923//4592 1922//4592 
f 2656//4593 2654//4593 1917//4593 
f 2656//4594 1917//4594 1916//4594 
f 2657//4595 1924//4595 1923//4595 
f 2657//4596 1923//4596 2655//4596 
f 2658//4597 1915//4597 1914//4597 
f 2658//4598 1916//4598 1915//4598 
f 2658//4599 2656//4599 1916//4599 
f 2659//4600 1924//4600 2657//4600 
f 2659//4601 1925//4601 1924//4601 
f 2659//4602 1926//4602 1925//4602 
f 2660//4603 2658//4603 1914//4603 
f 2660//4604 1914//4604 1913//4604 
f 2661//4605 1926//4605 2659//4605 
f 2661//4606 1927//4606 1926//4606 
f 1895//4607 1894//4607 1239//4607 
f 2662//4608 2660//4608 1913//4608 
f 2662//4609 1912//4609 1911//4609 
f 2662//4610 1913//4610 1912//4610 
f 2663//4611 1927//4611 2661//4611 
f 2663//4612 1928//4612 1927//4612 
f 2663//4613 1929//4613 1928//4613 
f 2664//4614 1911//4614 1910//4614 
f 2664//4615 2662//4615 1911//4615 
f 2665//4616 1929//4616 2663//4616 
f 2665//4617 1930//4617 1929//4617 
f 2666//4618 1909//4618 1908//4618 
f 2666//4619 1910//4619 1909//4619 
f 2666//4620 2664//4620 1910//4620 
f 2667//4621 1931//4621 1930//4621 
f 2667//4622 1932//4622 1931//4622 
f 2667//4623 1930//4623 2665//4623 
f 2668//4624 1908//4624 1907//4624 
f 2668//4625 2666//4625 1908//4625 
f 1896//4626 1895//4626 1239//4626 
f 2669//4627 1932//4627 2667//4627 
f 2669//4628 1933//4628 1932//4628 
f 2670//4629 2668//4629 1907//4629 
f 2670//4630 1906//4630 1905//4630 
f 2670//4631 1907//4631 1906//4631 
f 2671//4632 1934//4632 1933//4632 
f 2671//4633 1935//4633 1934//4633 
f 2671//4634 1933//4634 2669//4634 
f 2672//4635 2670//4635 1905//4635 
f 2672//4636 1905//4636 1904//4636 
f 2673//4637 1935//4637 2671//4637 
f 2673//4638 1936//4638 1935//4638 
f 1897//4639 1896//4639 1239//4639 
f 2674//4640 1904//4640 1903//4640 
f 2674//4641 2672//4641 1904//4641 
f 2675//4642 1936//4642 2673//4642 
f 2675//4643 1937//4643 1936//4643 
f 2676//4644 2674//4644 1903//4644 
f 2676//4645 2028//4645 2027//4645 
f 2676//4646 1903//4646 2028//4646 
f 2677//4647 1937//4647 2675//4647 
f 2677//4648 1938//4648 1937//4648 
f 2677//4649 1939//4649 1938//4649 
f 1898//4650 1897//4650 1239//4650 
f 2678//4651 2676//4651 2027//4651 
f 2678//4652 2027//4652 2026//4652 
f 2679//4653 1939//4653 2677//4653 
f 2679//4654 1940//4654 1939//4654 
f 2680//4655 2678//4655 2026//4655 
f 2680//4656 2026//4656 2025//4656 
f 2681//4657 1940//4657 2679//4657 
f 2681//4658 1941//4658 1940//4658 
f 1899//4659 1898//4659 1239//4659 
f 2682//4660 2680//4660 2025//4660 
f 2682//4661 2024//4661 2023//4661 
f 2682//4662 2025//4662 2024//4662 
f 2683//4663 1941//4663 2681//4663 
f 2683//4664 1942//4664 1941//4664 
f 2684//4665 2682//4665 2023//4665 
f 2684//4666 2023//4666 2022//4666 
f 1900//4667 1899//4667 1239//4667 
f 2685//4668 1942//4668 2683//4668 
f 2685//4669 1943//4669 1942//4669 
f 2685//4670 1944//4670 1943//4670 
f 2686//4671 2684//4671 2022//4671 
f 2686//4672 2021//4672 1828//4672 
f 2686//4673 2022//4673 2021//4673 
f 2687//4674 1944//4674 2685//4674 
f 2687//4675 1945//4675 1944//4675 
f 2688//4676 1828//4676 1827//4676 
f 2688//4677 2686//4677 1828//4677 
f 2689//4678 1945//4678 2687//4678 
f 2689//4679 1946//4679 1945//4679 
f 2690//4680 2688//4680 1827//4680 
f 2690//4681 1827//4681 1826//4681 
f 2691//4682 1946//4682 2689//4682 
f 2691//4683 1947//4683 1946//4683 
f 2692//4684 2690//4684 1826//4684 
f 2692//4685 1826//4685 1825//4685 
f 2693//4686 1947//4686 2691//4686 
f 2693//4687 1948//4687 1947//4687 
f 2694//4688 1825//4688 1824//4688 
f 2694//4689 2692//4689 1825//4689 
f 2695//4690 1948//4690 2693//4690 
f 2695//4691 1949//4691 1948//4691 
f 2696//4692 2694//4692 1824//4692 
f 2697//4693 2630//4693 1950//4693 
f 2697//4694 1949//4694 2695//4694 
f 2697//4695 1950//4695 1949//4695 
f 2698//4696 1824//4696 1823//4696 
f 2698//4697 2696//4697 1824//4697 
f 2699//4698 2700//4698 2630//4698 
f 2699//4699 2630//4699 2697//4699 
f 2701//4700 2698//4700 1823//4700 
f 2701//4701 1823//4701 1822//4701 
f 2702//4702 2703//4702 2700//4702 
f 2702//4703 2700//4703 2699//4703 
f 2704//4704 2701//4704 1822//4704 
f 2704//4705 1822//4705 1821//4705 
f 2705//4706 2703//4706 2702//4706 
f 2705//4707 2706//4707 2703//4707 
f 2705//4708 2707//4708 2706//4708 
f 2708//4709 2704//4709 1821//4709 
f 2708//4710 1821//4710 1820//4710 
f 2709//4711 2707//4711 2705//4711 
f 2710//4712 2708//4712 1820//4712 
f 2710//4713 1820//4713 1819//4713 
f 2711//4714 2712//4714 2707//4714 
f 2711//4715 2707//4715 2709//4715 
f 2713//4716 2710//4716 1819//4716 
f 2713//4717 1819//4717 1818//4717 
f 2714//4718 2715//4718 2712//4718 
f 2714//4719 2712//4719 2711//4719 
f 2716//4720 2713//4720 1818//4720 
f 2716//4721 1818//4721 1817//4721 
f 2717//4722 2718//4722 2715//4722 
f 2717//4723 2715//4723 2714//4723 
f 2719//4724 2716//4724 1817//4724 
f 2719//4725 1817//4725 1816//4725 
f 2720//4726 2721//4726 2718//4726 
f 2720//4727 2718//4727 2717//4727 
f 2722//4728 2719//4728 1816//4728 
f 2722//4729 1816//4729 1815//4729 
f 2723//4730 2724//4730 2721//4730 
f 2723//4731 2721//4731 2720//4731 
f 2725//4732 2722//4732 1815//4732 
f 2726//4733 2727//4733 2724//4733 
f 2726//4734 2728//4734 2727//4734 
f 2726//4735 2724//4735 2723//4735 
f 2729//4736 1815//4736 1814//4736 
f 2729//4737 2725//4737 1815//4737 
f 2730//4738 2728//4738 2726//4738 
f 2731//4739 2729//4739 1814//4739 
f 2731//4740 1814//4740 1813//4740 
f 2732//4741 1506//4741 2528//4741 
f 2732//4742 2528//4742 2728//4742 
f 2732//4743 2728//4743 2730//4743 
f 2733//4744 1813//4744 1812//4744 
f 2733//4745 2731//4745 1813//4745 
f 2734//4746 1506//4746 2732//4746 
f 2735//4747 2733//4747 1812//4747 
f 2735//4748 1812//4748 1811//4748 
f 2736//4749 1506//4749 2734//4749 
f 2737//4750 1811//4750 1810//4750 
f 2737//4751 2735//4751 1811//4751 
f 2738//4752 1506//4752 2736//4752 
f 2739//4753 2737//4753 1810//4753 
f 2739//4754 1810//4754 1809//4754 
f 2740//4755 2739//4755 1809//4755 
f 2740//4756 1809//4756 1808//4756 
f 2741//4757 2740//4757 1808//4757 
f 2741//4758 1808//4758 1807//4758 
f 2742//4759 2741//4759 1807//4759 
f 2742//4760 1807//4760 1806//4760 
f 2743//4761 2742//4761 1806//4761 
f 2743//4762 1806//4762 1805//4762 
f 2744//4763 2743//4763 1805//4763 
f 2744//4764 1805//4764 1804//4764 
f 2745//4765 2744//4765 1804//4765 
f 2745//4766 1804//4766 1803//4766 
f 2746//4767 2745//4767 1803//4767 
f 2747//4768 2746//4768 1803//4768 
f 2747//4769 1803//4769 1802//4769 
f 1243//4770 2748//4770 2749//4770 
f 1243//4771 2750//4771 2748//4771 
f 1243//4772 2751//4772 2747//4772 
f 1243//4773 2752//4773 2750//4773 
f 1243//4774 2753//4774 2752//4774 
f 1243//4775 2754//4775 2753//4775 
f 1243//4776 2755//4776 2754//4776 
f 1243//4777 2756//4777 2755//4777 
f 1243//4778 2757//4778 2756//4778 
f 1243//4779 2758//4779 2757//4779 
f 1243//4780 2759//4780 2758//4780 
f 1243//4781 2760//4781 2759//4781 
f 1243//4782 2761//4782 2760//4782 
f 1243//4783 2762//4783 2761//4783 
f 1243//4784 2763//4784 2762//4784 
f 1243//4785 1779//4785 1778//4785 
f 1243//4786 1780//4786 1779//4786 
f 1243//4787 1781//4787 1780//4787 
f 1243//4788 1782//4788 1781//4788 
f 1243//4789 1783//4789 1782//4789 
f 1243//4790 1784//4790 1783//4790 
f 1243//4791 1785//4791 1784//4791 
f 1243//4792 1786//4792 1785//4792 
f 1243//4793 1787//4793 1786//4793 
f 1243//4794 1788//4794 1787//4794 
f 1243//4795 1789//4795 1788//4795 
f 1243//4796 1790//4796 1789//4796 
f 1243//4797 1791//4797 1790//4797 
f 1243//4798 2747//4798 1802//4798 
f 1243//4799 1792//4799 1791//4799 
f 1243//4800 1793//4800 1792//4800 
f 1243//4801 1794//4801 1793//4801 
f 1243//4802 1795//4802 1794//4802 
f 1243//4803 1796//4803 1795//4803 
f 1243//4804 1797//4804 1796//4804 
f 1243//4805 1798//4805 1797//4805 
f 1243//4806 1799//4806 1798//4806 
f 1243//4807 1800//4807 1799//4807 
f 1243//4808 1801//4808 1800//4808 
f 1243//4809 1802//4809 1801//4809 
f 1243//4810 2764//4810 2751//4810 
f 1243//4811 2765//4811 2764//4811 
f 1243//4812 2766//4812 2765//4812 
f 1243//4813 2767//4813 2766//4813 
f 1243//4814 2768//4814 2767//4814 
f 1243//4815 2769//4815 2768//4815 
f 1243//4816 2770//4816 2769//4816 
f 1243//4817 2771//4817 2770//4817 
f 1243//4818 2772//4818 2771//4818 
f 1243//4819 2773//4819 2772//4819 
f 1243//4820 2774//4820 2773//4820 
f 1243//4821 2775//4821 2774//4821 
f 1243//4822 2776//4822 2775//4822 
f 1243//4823 2777//4823 2776//4823 
f 1243//4824 2778//4824 2777//4824 
f 1243//4825 2779//4825 2778//4825 
f 1243//4826 2780//4826 2779//4826 
f 1243//4827 2781//4827 2780//4827 
f 1243//4828 2782//4828 2781//4828 
f 1243//4829 2783//4829 2782//4829 
f 1243//4830 2784//4830 2783//4830 
f 1243//4831 2749//4831 2784//4831 
f 1239//4832 1243//4832 1777//4832 
f 1777//4833 1243//4833 1778//4833 
f 1239//4834 1777//4834 1902//4834 
f 1239//4835 1902//4835 1901//4835 
f 1239//4836 1901//4836 1900//4836 
f 1243//4837 1506//4837 2763//4837 
f 2763//4838 1506//4838 2785//4838 
f 2785//4839 1506//4839 2786//4839 
f 2786//4840 1506//4840 2787//4840 
f 2787//4841 1506//4841 2788//4841 
f 2788//4842 1506//4842 2738//4842 
f 2789//4843 2790//4843 2791//4843 
f 2792//4844 2791//4844 2790//4844 
f 2793//4845 2790//4845 2789//4845 
f 2794//4846 2792//4846 2790//4846 
f 2795//4847 2790//4847 2793//4847 
f 2796//4848 2794//4848 2790//4848 
f 2797//4849 2790//4849 2795//4849 
f 2798//4850 2796//4850 2790//4850 
f 2799//4851 2790//4851 2797//4851 
f 2800//4852 2798//4852 2790//4852 
f 2801//4853 2790//4853 2799//4853 
f 2802//4854 2800//4854 2790//4854 
f 2803//4855 2790//4855 2801//4855 
f 2804//4856 2802//4856 2790//4856 
f 2805//4857 2790//4857 2803//4857 
f 2806//4858 2804//4858 2790//4858 
f 2807//4859 2790//4859 2805//4859 
f 2808//4860 2806//4860 2790//4860 
f 2809//4861 2790//4861 2807//4861 
f 2810//4862 2808//4862 2790//4862 
f 2811//4863 2790//4863 2809//4863 
f 2812//4864 2810//4864 2790//4864 
f 2813//4865 2790//4865 2811//4865 
f 2814//4866 2812//4866 2790//4866 
f 2815//4867 2790//4867 2813//4867 
f 2816//4868 2814//4868 2790//4868 
f 2817//4869 2790//4869 2815//4869 
f 2818//4870 2816//4870 2790//4870 
f 2819//4871 2790//4871 2817//4871 
f 2820//4872 2790//4872 2819//4872 
f 1512//4873 2821//4873 2822//4873 
f 1512//4874 2823//4874 2821//4874 
f 1512//4875 2824//4875 2823//4875 
f 1512//4876 2825//4876 2824//4876 
f 1512//4877 2820//4877 2825//4877 
f 1512//4878 2790//4878 2820//4878 
f 2826//4879 1512//4879 2822//4879 
f 2827//4880 1512//4880 2826//4880 
f 2828//4881 1512//4881 2827//4881 
f 2829//4882 1512//4882 2828//4882 
f 2830//4883 1512//4883 2829//4883 
f 2831//4884 1512//4884 2830//4884 
f 2832//4885 1512//4885 2831//4885 
f 2833//4886 1512//4886 2832//4886 
f 2834//4887 1512//4887 2833//4887 
f 2835//4888 1512//4888 2834//4888 
f 1247//4889 2836//4889 2837//4889 
f 1247//4890 2838//4890 2836//4890 
f 1247//4891 2839//4891 2838//4891 
f 1247//4892 2840//4892 2839//4892 
f 1247//4893 2841//4893 2840//4893 
f 1247//4894 2842//4894 2841//4894 
f 1247//4895 2843//4895 2842//4895 
f 1247//4896 2844//4896 2843//4896 
f 1247//4897 2845//4897 2844//4897 
f 1247//4898 2846//4898 2845//4898 
f 1247//4899 2847//4899 2846//4899 
f 1247//4900 2848//4900 2847//4900 
f 1247//4901 2849//4901 2848//4901 
f 1247//4902 2850//4902 2849//4902 
f 1247//4903 2818//4903 2790//4903 
f 1247//4904 2851//4904 2818//4904 
f 1247//4905 2852//4905 2851//4905 
f 1247//4906 2837//4906 2852//4906 
f 2853//4907 1512//4907 2835//4907 
f 2854//4908 2850//4908 1247//4908 
f 2855//4909 1512//4909 2853//4909 
f 2856//4910 2854//4910 1247//4910 
f 2857//4911 1512//4911 2855//4911 
f 2858//4912 2856//4912 1247//4912 
f 2859//4913 1512//4913 2857//4913 
f 2860//4914 2858//4914 1247//4914 
f 2861//4915 1512//4915 2859//4915 
f 2862//4916 2860//4916 1247//4916 
f 2863//4917 1512//4917 2861//4917 
f 2864//4918 2862//4918 1247//4918 
f 2865//4919 1512//4919 2863//4919 
f 2866//4920 2864//4920 1247//4920 
f 2867//4921 1512//4921 2865//4921 
f 2868//4922 2866//4922 1247//4922 
f 2869//4923 1512//4923 2867//4923 
f 2870//4924 2868//4924 1247//4924 
f 2871//4925 1512//4925 2869//4925 
f 2872//4926 2870//4926 1247//4926 
f 2873//4927 1512//4927 2871//4927 
f 2874//4928 2872//4928 1247//4928 
f 2875//4929 1512//4929 2873//4929 
f 2876//4930 2874//4930 1247//4930 
f 2877//4931 1512//4931 2875//4931 
f 2878//4932 2876//4932 1247//4932 
f 2879//4933 1512//4933 2877//4933 
f 2880//4934 2878//4934 1247//4934 
f 2881//4935 2880//4935 1247//4935 
f 2882//4936 2881//4936 1247//4936 
f 1246//4937 2883//4937 2882//4937 
f 1246//4938 2884//4938 2883//4938 
f 1246//4939 2885//4939 2884//4939 
f 1246//4940 2886//4940 2885//4940 
f 1246//4941 2887//4941 2886//4941 
f 1246//4942 2888//4942 2887//4942 
f 1246//4943 2889//4943 2888//4943 
f 1246//4944 2890//4944 2889//4944 
f 1246//4945 2891//4945 2890//4945 
f 1246//4946 2892//4946 2891//4946 
f 1246//4947 2893//4947 2892//4947 
f 1246//4948 2894//4948 2893//4948 
f 1246//4949 2895//4949 2894//4949 
f 1246//4950 2896//4950 2895//4950 
f 1246//4951 2897//4951 2896//4951 
f 1246//4952 2898//4952 2897//4952 
f 1246//4953 2882//4953 1247//4953 
f 1246//4954 2899//4954 2898//4954 
f 1246//4955 2900//4955 2899//4955 
f 1246//4956 2901//4956 2900//4956 
f 1246//4957 2902//4957 2901//4957 
f 1246//4958 2903//4958 2902//4958 
f 1246//4959 2904//4959 2903//4959 
f 1246//4960 2905//4960 2904//4960 
f 1246//4961 2906//4961 2905//4961 
f 1246//4962 2907//4962 2906//4962 
f 1246//4963 2908//4963 2907//4963 
f 1246//4964 2909//4964 2908//4964 
f 1246//4965 2910//4965 2909//4965 
f 1246//4966 2911//4966 2910//4966 
f 1246//4967 2912//4967 2911//4967 
f 1246//4968 2913//4968 2912//4968 
f 1246//4969 2914//4969 2913//4969 
f 1246//4970 1512//4970 2914//4970 
f 2914//4971 1512//4971 2915//4971 
f 2915//4972 1512//4972 2879//4972 
f 1511//4973 1245//4973 2916//4973 
f 2916//4974 1245//4974 1244//4974 
f 2917//4975 1517//4975 2918//4975 
f 2919//4976 2918//4976 1517//4976 
f 2920//4977 1517//4977 2917//4977 
f 2921//4978 2919//4978 1517//4978 
f 2922//4979 1517//4979 2920//4979 
f 2923//4980 2921//4980 1517//4980 
f 2924//4981 1517//4981 2922//4981 
f 2925//4982 2923//4982 1517//4982 
f 2926//4983 1517//4983 2924//4983 
f 2927//4984 2925//4984 1517//4984 
f 2928//4985 1517//4985 2926//4985 
f 2929//4986 2927//4986 1517//4986 
f 2930//4987 1517//4987 2928//4987 
f 2931//4988 2929//4988 1517//4988 
f 2932//4989 1517//4989 2930//4989 
f 2933//4990 2931//4990 1517//4990 
f 2934//4991 1517//4991 2932//4991 
f 2935//4992 2933//4992 1517//4992 
f 2936//4993 1517//4993 2934//4993 
f 2937//4994 2935//4994 1517//4994 
f 2938//4995 1517//4995 2936//4995 
f 2939//4996 2937//4996 1517//4996 
f 2940//4997 1517//4997 2938//4997 
f 2941//4998 2939//4998 1517//4998 
f 2942//4999 1517//4999 2940//4999 
f 2943//5000 2941//5000 1517//5000 
f 2944//5001 1517//5001 2942//5001 
f 2945//5002 2943//5002 1517//5002 
f 2946//5003 1517//5003 2944//5003 
f 2947//5004 2945//5004 1517//5004 
f 2948//5005 1517//5005 2946//5005 
f 2949//5006 2947//5006 1517//5006 
f 2950//5007 2949//5007 1517//5007 
f 1509//5008 2951//5008 2952//5008 
f 1509//5009 2953//5009 2951//5009 
f 1509//5010 2954//5010 2953//5010 
f 1509//5011 2955//5011 2954//5011 
f 1509//5012 2956//5012 2955//5012 
f 1509//5013 2957//5013 2956//5013 
f 1509//5014 2958//5014 2957//5014 
f 1509//5015 2959//5015 2958//5015 
f 1509//5016 2960//5016 2959//5016 
f 1509//5017 2961//5017 2960//5017 
f 1509//5018 2962//5018 2961//5018 
f 1509//5019 2963//5019 2962//5019 
f 1509//5020 2964//5020 2963//5020 
f 1509//5021 2965//5021 2964//5021 
f 1509//5022 2948//5022 2965//5022 
f 1509//5023 1517//5023 2948//5023 
f 2966//5024 1509//5024 2952//5024 
f 2967//5025 1509//5025 2966//5025 
f 2968//5026 1509//5026 2967//5026 
f 2969//5027 1509//5027 2968//5027 
f 2970//5028 1509//5028 2969//5028 
f 2971//5029 1509//5029 2970//5029 
f 2972//5030 1509//5030 2971//5030 
f 2973//5031 1509//5031 2972//5031 
f 2974//5032 1509//5032 2973//5032 
f 2975//5033 1509//5033 2974//5033 
f 2976//5034 2977//5034 2950//5034 
f 2976//5035 2978//5035 2977//5035 
f 2976//5036 2979//5036 2978//5036 
f 2976//5037 2980//5037 2979//5037 
f 2976//5038 2981//5038 2980//5038 
f 2976//5039 2982//5039 2981//5039 
f 2976//5040 2983//5040 2982//5040 
f 2976//5041 2984//5041 2983//5041 
f 2976//5042 2985//5042 2984//5042 
f 2976//5043 2986//5043 2985//5043 
f 2976//5044 2987//5044 2986//5044 
f 2976//5045 2988//5045 2987//5045 
f 2976//5046 2989//5046 2988//5046 
f 2976//5047 2990//5047 2989//5047 
f 2976//5048 2991//5048 2990//5048 
f 2976//5049 2992//5049 2991//5049 
f 2976//5050 2993//5050 2992//5050 
f 2976//5051 2994//5051 2993//5051 
f 2976//5052 2995//5052 2994//5052 
f 2976//5053 2996//5053 2995//5053 
f 2976//5054 2997//5054 2996//5054 
f 2976//5055 2998//5055 2997//5055 
f 2976//5056 2999//5056 2998//5056 
f 2976//5057 3000//5057 2999//5057 
f 2976//5058 2950//5058 1517//5058 
f 3001//5059 1509//5059 2975//5059 
f 3002//5060 3000//5060 2976//5060 
f 3003//5061 1509//5061 3001//5061 
f 3004//5062 3002//5062 2976//5062 
f 3005//5063 1509//5063 3003//5063 
f 3006//5064 3004//5064 2976//5064 
f 3007//5065 1509//5065 3005//5065 
f 3008//5066 3006//5066 2976//5066 
f 3009//5067 1509//5067 3007//5067 
f 3010//5068 3008//5068 2976//5068 
f 3011//5069 1509//5069 3009//5069 
f 3012//5070 3010//5070 2976//5070 
f 3013//5071 1509//5071 3011//5071 
f 1510//5072 3014//5072 3012//5072 
f 1510//5073 3015//5073 3014//5073 
f 1510//5074 3016//5074 3015//5074 
f 1510//5075 3017//5075 3016//5075 
f 1510//5076 3018//5076 3017//5076 
f 1510//5077 3019//5077 3018//5077 
f 1510//5078 3020//5078 3019//5078 
f 1510//5079 3012//5079 2976//5079 
f 1510//5080 3021//5080 3020//5080 
f 1510//5081 3022//5081 3021//5081 
f 1510//5082 3023//5082 3022//5082 
f 1510//5083 3024//5083 3023//5083 
f 1510//5084 3025//5084 3024//5084 
f 1510//5085 3026//5085 3025//5085 
f 1510//5086 3027//5086 3026//5086 
f 1510//5087 3028//5087 3027//5087 
f 1510//5088 3029//5088 3028//5088 
f 1510//5089 3030//5089 3029//5089 
f 1510//5090 3031//5090 3030//5090 
f 1510//5091 3032//5091 3031//5091 
f 1510//5092 3033//5092 3032//5092 
f 1510//5093 3034//5093 3033//5093 
f 1510//5094 3035//5094 3034//5094 
f 1510//5095 3036//5095 3035//5095 
f 1510//5096 3037//5096 3036//5096 
f 1510//5097 3038//5097 3037//5097 
f 1510//5098 3039//5098 3038//5098 
f 1510//5099 3040//5099 3039//5099 
f 1510//5100 3041//5100 3040//5100 
f 1510//5101 3042//5101 3041//5101 
f 1510//5102 1509//5102 3013//5102 
f 1510//5103 3013//5103 3043//5103 
f 1510//5104 3043//5104 3042//5104 
f 1508//5105 1507//5105 1516//5105 
f 1516//5106 1507//5106 3044//5106 
f 3045//5107 3046//5107 1520//5107 
f 3045//5108 1520//5108 1521//5108 
f 3047//5109 1520//5109 3046//5109 
f 3047//5110 3046//5110 3048//5110 
f 3049//5111 3050//5111 3048//5111 
f 3049//5112 3048//5112 3046//5112 
f 1514//5113 3051//5113 3050//5113 
f 1514//5114 3050//5114 3049//5114 
f 1514//5115 1520//5115 3047//5115 
f 1514//5116 3047//5116 3051//5116 
f 1521//5117 1522//5117 3052//5117 
f 1521//5118 3052//5118 3045//5118 
f 3049//5119 3053//5119 1514//5119 
f 1514//5120 3053//5120 1518//5120 
f 3054//5121 3052//5121 1522//5121 
f 3054//5122 1522//5122 1519//5122 
f 1515//5123 1518//5123 3053//5123 
f 1515//5124 3053//5124 3055//5124 
f 1519//5125 1513//5125 3054//5125 
f 3054//5126 1513//5126 3056//5126 
f 3055//5127 3056//5127 1513//5127 
f 3055//5128 1513//5128 1515//5128 
f 3057//5129 3058//5129 2123//5129 
f 3057//5130 2123//5130 2124//5130 
f 3059//5131 2124//5131 2125//5131 
f 3059//5132 2125//5132 2126//5132 
f 3059//5133 3057//5133 2124//5133 
f 3060//5134 3059//5134 2126//5134 
f 3061//5135 2126//5135 2127//5135 
f 3061//5136 2127//5136 2128//5136 
f 3061//5137 3060//5137 2126//5137 
f 3062//5138 2128//5138 2129//5138 
f 3062//5139 3061//5139 2128//5139 
f 3063//5140 3062//5140 2129//5140 
f 3064//5141 2129//5141 2130//5141 
f 3064//5142 3063//5142 2129//5142 
f 3065//5143 2130//5143 2131//5143 
f 3065//5144 2131//5144 2132//5144 
f 3065//5145 3064//5145 2130//5145 
f 3066//5146 3065//5146 2132//5146 
f 3067//5147 2132//5147 2133//5147 
f 3067//5148 3066//5148 2132//5148 
f 3068//5149 3067//5149 2133//5149 
f 3068//5150 2133//5150 2134//5150 
f 3069//5151 3068//5151 2134//5151 
f 3069//5152 2134//5152 2135//5152 
f 3070//5153 3069//5153 2135//5153 
f 3070//5154 2135//5154 2136//5154 
f 3071//5155 3070//5155 2136//5155 
f 3071//5156 2136//5156 2137//5156 
f 3072//5157 2137//5157 2138//5157 
f 3072//5158 3071//5158 2137//5158 
f 3073//5159 2138//5159 2139//5159 
f 3073//5160 3072//5160 2138//5160 
f 3074//5161 2139//5161 2140//5161 
f 3074//5162 3073//5162 2139//5162 
f 3075//5163 2140//5163 2141//5163 
f 3075//5164 3074//5164 2140//5164 
f 3076//5165 2141//5165 2142//5165 
f 3076//5166 3075//5166 2141//5166 
f 3077//5167 2142//5167 2143//5167 
f 3077//5168 2143//5168 2144//5168 
f 3077//5169 3076//5169 2142//5169 
f 3078//5170 3077//5170 2144//5170 
f 3079//5171 2144//5171 2145//5171 
f 3079//5172 2145//5172 2146//5172 
f 3079//5173 3078//5173 2144//5173 
f 3080//5174 3079//5174 2146//5174 
f 3081//5175 2146//5175 2147//5175 
f 3081//5176 2147//5176 2148//5176 
f 3081//5177 3080//5177 2146//5177 
f 3082//5178 3081//5178 2148//5178 
f 3083//5179 2148//5179 2149//5179 
f 3083//5180 3082//5180 2148//5180 
f 3084//5181 2149//5181 2150//5181 
f 3084//5182 2150//5182 2151//5182 
f 3084//5183 3083//5183 2149//5183 
f 3085//5184 2151//5184 2152//5184 
f 3085//5185 3084//5185 2151//5185 
f 3086//5186 3085//5186 2152//5186 
f 3087//5187 2152//5187 2153//5187 
f 3087//5188 2153//5188 2154//5188 
f 3087//5189 3086//5189 2152//5189 
f 3088//5190 3087//5190 2154//5190 
f 3089//5191 2154//5191 2155//5191 
f 3089//5192 2155//5192 2156//5192 
f 3089//5193 3088//5193 2154//5193 
f 3090//5194 3089//5194 2156//5194 
f 3091//5195 2156//5195 2120//5195 
f 3091//5196 2120//5196 2118//5196 
f 3091//5197 3090//5197 2156//5197 
f 3092//5198 3091//5198 2118//5198 
f 3093//5199 3092//5199 2118//5199 
f 3093//5200 2118//5200 2116//5200 
f 3094//5201 2116//5201 2114//5201 
f 3094//5202 3093//5202 2116//5202 
f 3095//5203 3094//5203 2114//5203 
f 3095//5204 2114//5204 2112//5204 
f 3096//5205 3095//5205 2112//5205 
f 3096//5206 2112//5206 2110//5206 
f 3097//5207 3096//5207 2110//5207 
f 3097//5208 2110//5208 2108//5208 
f 3097//5209 2108//5209 2106//5209 
f 3098//5210 3097//5210 2106//5210 
f 3099//5211 3098//5211 2106//5211 
f 3099//5212 2106//5212 2104//5212 
f 3100//5213 3099//5213 2104//5213 
f 3100//5214 2104//5214 2102//5214 
f 3101//5215 3100//5215 2102//5215 
f 3101//5216 2102//5216 2100//5216 
f 3102//5217 3101//5217 2100//5217 
f 3102//5218 2100//5218 2098//5218 
f 3103//5219 3102//5219 2098//5219 
f 3103//5220 2098//5220 2096//5220 
f 3104//5221 3103//5221 2096//5221 
f 3104//5222 2096//5222 2094//5222 
f 3105//5223 3104//5223 2094//5223 
f 3105//5224 2094//5224 2076//5224 
f 3106//5225 3105//5225 2076//5225 
f 3106//5226 2076//5226 2075//5226 
f 3107//5227 2075//5227 2074//5227 
f 3107//5228 3106//5228 2075//5228 
f 3108//5229 2074//5229 2073//5229 
f 3108//5230 3107//5230 2074//5230 
f 3109//5231 2073//5231 2072//5231 
f 3109//5232 3108//5232 2073//5232 
f 3110//5233 2072//5233 2071//5233 
f 3110//5234 3109//5234 2072//5234 
f 3111//5235 2071//5235 2070//5235 
f 3111//5236 3110//5236 2071//5236 
f 3112//5237 2070//5237 2069//5237 
f 3112//5238 3111//5238 2070//5238 
f 3113//5239 2069//5239 2068//5239 
f 3113//5240 3112//5240 2069//5240 
f 3114//5241 2068//5241 2067//5241 
f 3114//5242 3113//5242 2068//5242 
f 3115//5243 2067//5243 2063//5243 
f 3115//5244 3114//5244 2067//5244 
f 3116//5245 2063//5245 2062//5245 
f 3116//5246 3115//5246 2063//5246 
f 3117//5247 2062//5247 2064//5247 
f 3117//5248 3116//5248 2062//5248 
f 3118//5249 2064//5249 2065//5249 
f 3118//5250 3117//5250 2064//5250 
f 3119//5251 3118//5251 2065//5251 
f 3119//5252 2065//5252 2066//5252 
f 3120//5253 3119//5253 2066//5253 
f 3120//5254 2066//5254 2060//5254 
f 3121//5255 3120//5255 2060//5255 
f 3121//5256 2060//5256 2059//5256 
f 3122//5257 3121//5257 2059//5257 
f 3122//5258 2059//5258 2057//5258 
f 3123//5259 3122//5259 2057//5259 
f 3123//5260 2057//5260 2055//5260 
f 3124//5261 3123//5261 2055//5261 
f 3124//5262 2055//5262 2053//5262 
f 3125//5263 3124//5263 2053//5263 
f 3125//5264 2053//5264 2051//5264 
f 3126//5265 3125//5265 2051//5265 
f 3126//5266 2051//5266 2049//5266 
f 3127//5267 3126//5267 2049//5267 
f 3127//5268 2049//5268 2047//5268 
f 3128//5269 3127//5269 2047//5269 
f 3128//5270 2047//5270 2045//5270 
f 3129//5271 3128//5271 2045//5271 
f 3129//5272 2045//5272 2043//5272 
f 3130//5273 3129//5273 2043//5273 
f 3130//5274 2043//5274 2041//5274 
f 3131//5275 3130//5275 2041//5275 
f 3131//5276 2041//5276 2039//5276 
f 3132//5277 3131//5277 2039//5277 
f 3132//5278 2039//5278 2037//5278 
f 3133//5279 3132//5279 2037//5279 
f 3133//5280 2037//5280 2035//5280 
f 3134//5281 3133//5281 2035//5281 
f 3134//5282 2035//5282 2033//5282 
f 3135//5283 3134//5283 2033//5283 
f 3135//5284 2033//5284 2030//5284 
f 3136//5285 3135//5285 2030//5285 
f 3136//5286 2030//5286 2031//5286 
f 3137//5287 3136//5287 2031//5287 
f 3137//5288 2031//5288 2032//5288 
f 3138//5289 3137//5289 2032//5289 
f 3138//5290 2032//5290 2034//5290 
f 3139//5291 3138//5291 2034//5291 
f 3139//5292 2034//5292 2036//5292 
f 3140//5293 2036//5293 2038//5293 
f 3140//5294 3139//5294 2036//5294 
f 3141//5295 2038//5295 2040//5295 
f 3141//5296 3140//5296 2038//5296 
f 3142//5297 2040//5297 2042//5297 
f 3142//5298 3141//5298 2040//5298 
f 3143//5299 2042//5299 2044//5299 
f 3143//5300 3142//5300 2042//5300 
f 3144//5301 2044//5301 2046//5301 
f 3144//5302 3143//5302 2044//5302 
f 3145//5303 3144//5303 2046//5303 
f 3145//5304 2046//5304 2048//5304 
f 3146//5305 3145//5305 2048//5305 
f 3146//5306 2048//5306 2050//5306 
f 3147//5307 3146//5307 2050//5307 
f 3147//5308 2050//5308 2052//5308 
f 3148//5309 3147//5309 2052//5309 
f 3148//5310 2052//5310 2054//5310 
f 3149//5311 3148//5311 2054//5311 
f 3149//5312 2054//5312 2056//5312 
f 3150//5313 3149//5313 2056//5313 
f 3150//5314 2056//5314 2058//5314 
f 3150//5315 2058//5315 2092//5315 
f 3151//5316 3150//5316 2092//5316 
f 3152//5317 3151//5317 2092//5317 
f 3152//5318 2092//5318 2093//5318 
f 3153//5319 3152//5319 2093//5319 
f 3153//5320 2093//5320 2078//5320 
f 3154//5321 3153//5321 2078//5321 
f 3154//5322 2078//5322 2077//5322 
f 3155//5323 3154//5323 2077//5323 
f 3155//5324 2077//5324 2079//5324 
f 3156//5325 2080//5325 2081//5325 
f 3156//5326 3155//5326 2079//5326 
f 3156//5327 2079//5327 2080//5327 
f 3157//5328 3156//5328 2081//5328 
f 3158//5329 2081//5329 2082//5329 
f 3158//5330 3157//5330 2081//5330 
f 3159//5331 2082//5331 2083//5331 
f 3159//5332 3158//5332 2082//5332 
f 3160//5333 2083//5333 2084//5333 
f 3160//5334 2084//5334 2085//5334 
f 3160//5335 3159//5335 2083//5335 
f 3161//5336 3160//5336 2085//5336 
f 3162//5337 2085//5337 2086//5337 
f 3162//5338 3161//5338 2085//5338 
f 3163//5339 2086//5339 2087//5339 
f 3163//5340 3162//5340 2086//5340 
f 3164//5341 2087//5341 2088//5341 
f 3164//5342 2088//5342 2089//5342 
f 3164//5343 3163//5343 2087//5343 
f 3165//5344 3164//5344 2089//5344 
f 3166//5345 2089//5345 2090//5345 
f 3166//5346 2090//5346 2091//5346 
f 3166//5347 3165//5347 2089//5347 
f 3167//5348 3166//5348 2091//5348 
f 3168//5349 2091//5349 2095//5349 
f 3168//5350 3167//5350 2091//5350 
f 3169//5351 3168//5351 2095//5351 
f 3169//5352 2095//5352 2097//5352 
f 3170//5353 3169//5353 2097//5353 
f 3170//5354 2097//5354 2099//5354 
f 3171//5355 3170//5355 2099//5355 
f 3171//5356 2099//5356 2101//5356 
f 3172//5357 3171//5357 2101//5357 
f 3172//5358 2101//5358 2103//5358 
f 3173//5359 2103//5359 2105//5359 
f 3173//5360 3172//5360 2103//5360 
f 3174//5361 2105//5361 2107//5361 
f 3174//5362 3173//5362 2105//5362 
f 3175//5363 2107//5363 2109//5363 
f 3175//5364 3174//5364 2107//5364 
f 3176//5365 2109//5365 2111//5365 
f 3176//5366 3175//5366 2109//5366 
f 3177//5367 2111//5367 2113//5367 
f 3177//5368 3176//5368 2111//5368 
f 3178//5369 2113//5369 2115//5369 
f 3178//5370 3177//5370 2113//5370 
f 3179//5371 2115//5371 2117//5371 
f 3179//5372 3178//5372 2115//5372 
f 3180//5373 2117//5373 2119//5373 
f 3180//5374 3179//5374 2117//5374 
f 3181//5375 2119//5375 2121//5375 
f 3181//5376 3180//5376 2119//5376 
f 3182//5377 2121//5377 2122//5377 
f 3182//5378 3181//5378 2121//5378 
f 3058//5379 2122//5379 2123//5379 
f 3058//5380 3182//5380 2122//5380 
f 3183//5381 3184//5381 2251//5381 
f 3183//5382 2251//5382 2254//5382 
f 3185//5383 2254//5383 2255//5383 
f 3185//5384 2255//5384 2256//5384 
f 3185//5385 3183//5385 2254//5385 
f 3186//5386 3185//5386 2256//5386 
f 3187//5387 2256//5387 2257//5387 
f 3187//5388 2257//5388 2258//5388 
f 3187//5389 3186//5389 2256//5389 
f 3188//5390 2258//5390 2259//5390 
f 3188//5391 3187//5391 2258//5391 
f 3189//5392 3188//5392 2259//5392 
f 3190//5393 2259//5393 2260//5393 
f 3190//5394 3189//5394 2259//5394 
f 3191//5395 2260//5395 2261//5395 
f 3191//5396 2261//5396 2262//5396 
f 3191//5397 3190//5397 2260//5397 
f 3192//5398 3191//5398 2262//5398 
f 3193//5399 2262//5399 2263//5399 
f 3193//5400 3192//5400 2262//5400 
f 3194//5401 3193//5401 2263//5401 
f 3194//5402 2263//5402 2264//5402 
f 3195//5403 3194//5403 2264//5403 
f 3195//5404 2264//5404 2265//5404 
f 3196//5405 3195//5405 2265//5405 
f 3196//5406 2265//5406 2266//5406 
f 3197//5407 3196//5407 2266//5407 
f 3197//5408 2266//5408 2267//5408 
f 3198//5409 2267//5409 2268//5409 
f 3198//5410 3197//5410 2267//5410 
f 3199//5411 2268//5411 2269//5411 
f 3199//5412 3198//5412 2268//5412 
f 3200//5413 2269//5413 2270//5413 
f 3200//5414 3199//5414 2269//5414 
f 3201//5415 2270//5415 2271//5415 
f 3201//5416 3200//5416 2270//5416 
f 3202//5417 2271//5417 2272//5417 
f 3202//5418 3201//5418 2271//5418 
f 3203//5419 2272//5419 2273//5419 
f 3203//5420 2273//5420 2274//5420 
f 3203//5421 3202//5421 2272//5421 
f 3204//5422 3203//5422 2274//5422 
f 3205//5423 2274//5423 2275//5423 
f 3205//5424 2275//5424 2276//5424 
f 3205//5425 3204//5425 2274//5425 
f 3206//5426 3205//5426 2276//5426 
f 3207//5427 2276//5427 2277//5427 
f 3207//5428 2277//5428 2278//5428 
f 3207//5429 3206//5429 2276//5429 
f 3208//5430 3207//5430 2278//5430 
f 3209//5431 2278//5431 2279//5431 
f 3209//5432 3208//5432 2278//5432 
f 3210//5433 2279//5433 2280//5433 
f 3210//5434 2280//5434 2281//5434 
f 3210//5435 3209//5435 2279//5435 
f 3211//5436 2281//5436 2282//5436 
f 3211//5437 3210//5437 2281//5437 
f 3212//5438 3211//5438 2282//5438 
f 3213//5439 2282//5439 2283//5439 
f 3213//5440 2283//5440 2252//5440 
f 3213//5441 3212//5441 2282//5441 
f 3214//5442 3213//5442 2252//5442 
f 3215//5443 2252//5443 2250//5443 
f 3215//5444 2250//5444 2248//5444 
f 3215//5445 3214//5445 2252//5445 
f 3216//5446 3215//5446 2248//5446 
f 3217//5447 2248//5447 2246//5447 
f 3217//5448 2246//5448 2244//5448 
f 3217//5449 3216//5449 2248//5449 
f 3218//5450 3217//5450 2244//5450 
f 3219//5451 3218//5451 2244//5451 
f 3219//5452 2244//5452 2242//5452 
f 3220//5453 2242//5453 2240//5453 
f 3220//5454 3219//5454 2242//5454 
f 3221//5455 3220//5455 2240//5455 
f 3221//5456 2240//5456 2215//5456 
f 3222//5457 3221//5457 2215//5457 
f 3222//5458 2215//5458 2214//5458 
f 3223//5459 3222//5459 2214//5459 
f 3223//5460 2214//5460 2213//5460 
f 3223//5461 2213//5461 2212//5461 
f 3224//5462 3223//5462 2212//5462 
f 3225//5463 3224//5463 2212//5463 
f 3225//5464 2212//5464 2211//5464 
f 3226//5465 3225//5465 2211//5465 
f 3226//5466 2211//5466 2210//5466 
f 3227//5467 3226//5467 2210//5467 
f 3227//5468 2210//5468 2209//5468 
f 3228//5469 3227//5469 2209//5469 
f 3228//5470 2209//5470 2208//5470 
f 3229//5471 3228//5471 2208//5471 
f 3229//5472 2208//5472 2207//5472 
f 3230//5473 3229//5473 2207//5473 
f 3230//5474 2207//5474 2206//5474 
f 3231//5475 3230//5475 2206//5475 
f 3231//5476 2206//5476 2192//5476 
f 3232//5477 3231//5477 2192//5477 
f 3232//5478 2192//5478 2191//5478 
f 3233//5479 2191//5479 2193//5479 
f 3233//5480 3232//5480 2191//5480 
f 3234//5481 2193//5481 2194//5481 
f 3234//5482 3233//5482 2193//5482 
f 3235//5483 2194//5483 2195//5483 
f 3235//5484 3234//5484 2194//5484 
f 3236//5485 2195//5485 2196//5485 
f 3236//5486 3235//5486 2195//5486 
f 3237//5487 2196//5487 2197//5487 
f 3237//5488 3236//5488 2196//5488 
f 3238//5489 2197//5489 2198//5489 
f 3238//5490 3237//5490 2197//5490 
f 3239//5491 2198//5491 2199//5491 
f 3239//5492 3238//5492 2198//5492 
f 3240//5493 2199//5493 2200//5493 
f 3240//5494 3239//5494 2199//5494 
f 3241//5495 2200//5495 2201//5495 
f 3241//5496 3240//5496 2200//5496 
f 3242//5497 2201//5497 2202//5497 
f 3242//5498 3241//5498 2201//5498 
f 3243//5499 2202//5499 2203//5499 
f 3243//5500 3242//5500 2202//5500 
f 3244//5501 2203//5501 2204//5501 
f 3244//5502 3243//5502 2203//5502 
f 3245//5503 3244//5503 2204//5503 
f 3245//5504 2204//5504 2205//5504 
f 3246//5505 3245//5505 2205//5505 
f 3246//5506 2205//5506 2188//5506 
f 3247//5507 3246//5507 2188//5507 
f 3247//5508 2188//5508 2186//5508 
f 3248//5509 3247//5509 2186//5509 
f 3248//5510 2186//5510 2184//5510 
f 3249//5511 3248//5511 2184//5511 
f 3249//5512 2184//5512 2182//5512 
f 3250//5513 3249//5513 2182//5513 
f 3250//5514 2182//5514 2180//5514 
f 3251//5515 3250//5515 2180//5515 
f 3251//5516 2180//5516 2178//5516 
f 3252//5517 3251//5517 2178//5517 
f 3252//5518 2178//5518 2176//5518 
f 3253//5519 3252//5519 2176//5519 
f 3253//5520 2176//5520 2174//5520 
f 3254//5521 3253//5521 2174//5521 
f 3254//5522 2174//5522 2172//5522 
f 3255//5523 3254//5523 2172//5523 
f 3255//5524 2172//5524 2170//5524 
f 3256//5525 3255//5525 2170//5525 
f 3256//5526 2170//5526 2168//5526 
f 3257//5527 3256//5527 2168//5527 
f 3257//5528 2168//5528 2166//5528 
f 3258//5529 3257//5529 2166//5529 
f 3258//5530 2166//5530 2164//5530 
f 3259//5531 3258//5531 2164//5531 
f 3259//5532 2164//5532 2162//5532 
f 3260//5533 3259//5533 2162//5533 
f 3260//5534 2162//5534 2160//5534 
f 3261//5535 3260//5535 2160//5535 
f 3261//5536 2160//5536 2157//5536 
f 3262//5537 3261//5537 2157//5537 
f 3262//5538 2157//5538 2158//5538 
f 3263//5539 3262//5539 2158//5539 
f 3263//5540 2158//5540 2159//5540 
f 3264//5541 3263//5541 2159//5541 
f 3264//5542 2159//5542 2161//5542 
f 3265//5543 3264//5543 2161//5543 
f 3265//5544 2161//5544 2163//5544 
f 3266//5545 2163//5545 2165//5545 
f 3266//5546 3265//5546 2163//5546 
f 3267//5547 2165//5547 2167//5547 
f 3267//5548 3266//5548 2165//5548 
f 3268//5549 2167//5549 2169//5549 
f 3268//5550 3267//5550 2167//5550 
f 3269//5551 2169//5551 2171//5551 
f 3269//5552 3268//5552 2169//5552 
f 3270//5553 2171//5553 2173//5553 
f 3270//5554 3269//5554 2171//5554 
f 3271//5555 3270//5555 2173//5555 
f 3271//5556 2173//5556 2175//5556 
f 3272//5557 3271//5557 2175//5557 
f 3272//5558 2175//5558 2177//5558 
f 3273//5559 3272//5559 2177//5559 
f 3273//5560 2177//5560 2179//5560 
f 3274//5561 3273//5561 2179//5561 
f 3274//5562 2179//5562 2181//5562 
f 3275//5563 3274//5563 2181//5563 
f 3275//5564 2181//5564 2183//5564 
f 3276//5565 3275//5565 2183//5565 
f 3276//5566 2183//5566 2185//5566 
f 3276//5567 2185//5567 2187//5567 
f 3277//5568 3276//5568 2187//5568 
f 3278//5569 3277//5569 2187//5569 
f 3278//5570 2187//5570 2189//5570 
f 3279//5571 3278//5571 2189//5571 
f 3279//5572 2189//5572 2190//5572 
f 3280//5573 3279//5573 2190//5573 
f 3280//5574 2190//5574 2216//5574 
f 3281//5575 3280//5575 2216//5575 
f 3281//5576 2216//5576 2217//5576 
f 3282//5577 2218//5577 2219//5577 
f 3282//5578 3281//5578 2217//5578 
f 3282//5579 2217//5579 2218//5579 
f 3283//5580 3282//5580 2219//5580 
f 3284//5581 2219//5581 2220//5581 
f 3284//5582 3283//5582 2219//5582 
f 3285//5583 2220//5583 2221//5583 
f 3285//5584 3284//5584 2220//5584 
f 3286//5585 2221//5585 2222//5585 
f 3286//5586 2222//5586 2223//5586 
f 3286//5587 3285//5587 2221//5587 
f 3287//5588 3286//5588 2223//5588 
f 3288//5589 2223//5589 2224//5589 
f 3288//5590 3287//5590 2223//5590 
f 3289//5591 2224//5591 2225//5591 
f 3289//5592 3288//5592 2224//5592 
f 3290//5593 2225//5593 2226//5593 
f 3290//5594 2226//5594 2227//5594 
f 3290//5595 3289//5595 2225//5595 
f 3291//5596 3290//5596 2227//5596 
f 3292//5597 2227//5597 2228//5597 
f 3292//5598 2228//5598 2229//5598 
f 3292//5599 3291//5599 2227//5599 
f 3293//5600 3292//5600 2229//5600 
f 3294//5601 2229//5601 2230//5601 
f 3294//5602 3293//5602 2229//5602 
f 3295//5603 3294//5603 2230//5603 
f 3295//5604 2230//5604 2231//5604 
f 3296//5605 3295//5605 2231//5605 
f 3296//5606 2231//5606 2232//5606 
f 3297//5607 3296//5607 2232//5607 
f 3297//5608 2232//5608 2233//5608 
f 3298//5609 3297//5609 2233//5609 
f 3298//5610 2233//5610 2234//5610 
f 3299//5611 2234//5611 2235//5611 
f 3299//5612 3298//5612 2234//5612 
f 3300//5613 2235//5613 2236//5613 
f 3300//5614 3299//5614 2235//5614 
f 3301//5615 2236//5615 2237//5615 
f 3301//5616 3300//5616 2236//5616 
f 3302//5617 2237//5617 2238//5617 
f 3302//5618 3301//5618 2237//5618 
f 3303//5619 2238//5619 2239//5619 
f 3303//5620 3302//5620 2238//5620 
f 3304//5621 2239//5621 2241//5621 
f 3304//5622 3303//5622 2239//5622 
f 3305//5623 2241//5623 2243//5623 
f 3305//5624 3304//5624 2241//5624 
f 3306//5625 2243//5625 2245//5625 
f 3306//5626 3305//5626 2243//5626 
f 3307//5627 2245//5627 2247//5627 
f 3307//5628 3306//5628 2245//5628 
f 3308//5629 2247//5629 2249//5629 
f 3308//5630 3307//5630 2247//5630 
f 3184//5631 2249//5631 2251//5631 
f 3184//5632 3308//5632 2249//5632 
f 3309//5633 3310//5633 2473//5633 
f 3309//5634 2473//5634 2474//5634 
f 3311//5635 2474//5635 2477//5635 
f 3311//5636 2477//5636 2479//5636 
f 3311//5637 3309//5637 2474//5637 
f 3312//5638 3311//5638 2479//5638 
f 3313//5639 2479//5639 2481//5639 
f 3313//5640 2481//5640 2368//5640 
f 3313//5641 3312//5641 2479//5641 
f 3314//5642 2368//5642 2367//5642 
f 3314//5643 3313//5643 2368//5643 
f 3315//5644 3314//5644 2367//5644 
f 3316//5645 2367//5645 2366//5645 
f 3316//5646 3315//5646 2367//5646 
f 3317//5647 2366//5647 2365//5647 
f 3317//5648 2365//5648 2364//5648 
f 3317//5649 3316//5649 2366//5649 
f 3318//5650 3317//5650 2364//5650 
f 3319//5651 2364//5651 2363//5651 
f 3319//5652 3318//5652 2364//5652 
f 3320//5653 3319//5653 2363//5653 
f 3320//5654 2363//5654 2361//5654 
f 3321//5655 3320//5655 2361//5655 
f 3321//5656 2361//5656 2359//5656 
f 3322//5657 3321//5657 2359//5657 
f 3322//5658 2359//5658 2357//5658 
f 3323//5659 3322//5659 2357//5659 
f 3323//5660 2357//5660 2355//5660 
f 3324//5661 3323//5661 2355//5661 
f 3324//5662 2355//5662 2353//5662 
f 3325//5663 3324//5663 2353//5663 
f 3325//5664 2353//5664 2351//5664 
f 3326//5665 3325//5665 2351//5665 
f 3326//5666 2351//5666 2349//5666 
f 3327//5667 3326//5667 2349//5667 
f 3327//5668 2349//5668 2346//5668 
f 3328//5669 3327//5669 2346//5669 
f 3328//5670 2346//5670 2345//5670 
f 3329//5671 3328//5671 2345//5671 
f 3329//5672 2345//5672 2343//5672 
f 3329//5673 2343//5673 2341//5673 
f 3330//5674 3329//5674 2341//5674 
f 3331//5675 3330//5675 2341//5675 
f 3331//5676 2341//5676 2339//5676 
f 3331//5677 2339//5677 2336//5677 
f 3332//5678 3331//5678 2336//5678 
f 3333//5679 2336//5679 2335//5679 
f 3333//5680 2335//5680 2337//5680 
f 3333//5681 3332//5681 2336//5681 
f 3334//5682 3333//5682 2337//5682 
f 3335//5683 2337//5683 2338//5683 
f 3335//5684 3334//5684 2337//5684 
f 3336//5685 2338//5685 2340//5685 
f 3336//5686 2340//5686 2342//5686 
f 3336//5687 3335//5687 2338//5687 
f 3337//5688 2342//5688 2344//5688 
f 3337//5689 3336//5689 2342//5689 
f 3338//5690 3337//5690 2344//5690 
f 3339//5691 2344//5691 2347//5691 
f 3339//5692 2347//5692 2348//5692 
f 3339//5693 3338//5693 2344//5693 
f 3340//5694 3339//5694 2348//5694 
f 3341//5695 2348//5695 2350//5695 
f 3341//5696 2350//5696 2352//5696 
f 3341//5697 3340//5697 2348//5697 
f 3342//5698 3341//5698 2352//5698 
f 3343//5699 2352//5699 2354//5699 
f 3343//5700 2354//5700 2356//5700 
f 3343//5701 3342//5701 2352//5701 
f 3344//5702 3343//5702 2356//5702 
f 3345//5703 3344//5703 2356//5703 
f 3345//5704 2356//5704 2358//5704 
f 3346//5705 3345//5705 2358//5705 
f 3346//5706 2358//5706 2360//5706 
f 3347//5707 3346//5707 2360//5707 
f 3347//5708 2360//5708 2362//5708 
f 3348//5709 3347//5709 2362//5709 
f 3348//5710 2362//5710 2399//5710 
f 3349//5711 3348//5711 2399//5711 
f 3349//5712 2399//5712 2398//5712 
f 3349//5713 2398//5713 2391//5713 
f 3350//5714 3349//5714 2391//5714 
f 3351//5715 3350//5715 2391//5715 
f 3351//5716 2391//5716 2390//5716 
f 3352//5717 3351//5717 2390//5717 
f 3352//5718 2390//5718 2386//5718 
f 3353//5719 3352//5719 2386//5719 
f 3353//5720 2386//5720 2382//5720 
f 3354//5721 3353//5721 2382//5721 
f 3354//5722 2382//5722 2376//5722 
f 3355//5723 3354//5723 2376//5723 
f 3355//5724 2376//5724 2375//5724 
f 3356//5725 3355//5725 2375//5725 
f 3356//5726 2375//5726 2370//5726 
f 3357//5727 3356//5727 2370//5727 
f 3357//5728 2370//5728 2372//5728 
f 3358//5729 3357//5729 2372//5729 
f 3358//5730 2372//5730 2373//5730 
f 3359//5731 3358//5731 2373//5731 
f 3359//5732 2373//5732 2380//5732 
f 3360//5733 3359//5733 2380//5733 
f 3360//5734 2380//5734 2384//5734 
f 3361//5735 3360//5735 2384//5735 
f 3361//5736 2384//5736 2388//5736 
f 3362//5737 3361//5737 2388//5737 
f 3362//5738 2388//5738 2393//5738 
f 3363//5739 3362//5739 2393//5739 
f 3363//5740 2393//5740 2394//5740 
f 3364//5741 3363//5741 2394//5741 
f 3364//5742 2394//5742 2401//5742 
f 3365//5743 3364//5743 2401//5743 
f 3365//5744 2401//5744 2404//5744 
f 3366//5745 3365//5745 2404//5745 
f 3366//5746 2404//5746 2407//5746 
f 3367//5747 2407//5747 2326//5747 
f 3367//5748 3366//5748 2407//5748 
f 3368//5749 2326//5749 2324//5749 
f 3368//5750 3367//5750 2326//5750 
f 3369//5751 2324//5751 2322//5751 
f 3369//5752 3368//5752 2324//5752 
f 3370//5753 2322//5753 2320//5753 
f 3370//5754 3369//5754 2322//5754 
f 3371//5755 3370//5755 2320//5755 
f 3371//5756 2320//5756 2318//5756 
f 3372//5757 3371//5757 2318//5757 
f 3372//5758 2318//5758 2316//5758 
f 3373//5759 3372//5759 2316//5759 
f 3373//5760 2316//5760 2314//5760 
f 3374//5761 3373//5761 2314//5761 
f 3374//5762 2314//5762 2312//5762 
f 3375//5763 3374//5763 2312//5763 
f 3375//5764 2312//5764 2310//5764 
f 3376//5765 3375//5765 2310//5765 
f 3376//5766 2310//5766 2308//5766 
f 3377//5767 3376//5767 2308//5767 
f 3377//5768 2308//5768 2306//5768 
f 3378//5769 3377//5769 2306//5769 
f 3378//5770 2306//5770 2304//5770 
f 3379//5771 3378//5771 2304//5771 
f 3379//5772 2304//5772 2302//5772 
f 3380//5773 3379//5773 2302//5773 
f 3380//5774 2302//5774 2300//5774 
f 3381//5775 3380//5775 2300//5775 
f 3381//5776 2300//5776 2298//5776 
f 3382//5777 3381//5777 2298//5777 
f 3382//5778 2298//5778 2296//5778 
f 3383//5779 3382//5779 2296//5779 
f 3383//5780 2296//5780 2294//5780 
f 3384//5781 2294//5781 2292//5781 
f 3384//5782 3383//5782 2294//5782 
f 3385//5783 2292//5783 2290//5783 
f 3385//5784 3384//5784 2292//5784 
f 3386//5785 2290//5785 2288//5785 
f 3386//5786 3385//5786 2290//5786 
f 3387//5787 2288//5787 2285//5787 
f 3387//5788 3386//5788 2288//5788 
f 3388//5789 2285//5789 2286//5789 
f 3388//5790 3387//5790 2285//5790 
f 3389//5791 2286//5791 2287//5791 
f 3389//5792 3388//5792 2286//5792 
f 3390//5793 2287//5793 2289//5793 
f 3390//5794 3389//5794 2287//5794 
f 3391//5795 2289//5795 2291//5795 
f 3391//5796 3390//5796 2289//5796 
f 3392//5797 2291//5797 2293//5797 
f 3392//5798 3391//5798 2291//5798 
f 3393//5799 2293//5799 2295//5799 
f 3393//5800 3392//5800 2293//5800 
f 3394//5801 2295//5801 2297//5801 
f 3394//5802 3393//5802 2295//5802 
f 3395//5803 2297//5803 2299//5803 
f 3395//5804 3394//5804 2297//5804 
f 3396//5805 2299//5805 2301//5805 
f 3396//5806 3395//5806 2299//5806 
f 3397//5807 3396//5807 2301//5807 
f 3397//5808 2301//5808 2303//5808 
f 3398//5809 3397//5809 2303//5809 
f 3398//5810 2303//5810 2305//5810 
f 3399//5811 3398//5811 2305//5811 
f 3399//5812 2305//5812 2307//5812 
f 3400//5813 3399//5813 2307//5813 
f 3400//5814 2307//5814 2309//5814 
f 3401//5815 2309//5815 2311//5815 
f 3401//5816 3400//5816 2309//5816 
f 3402//5817 2311//5817 2313//5817 
f 3402//5818 2313//5818 2315//5818 
f 3402//5819 3401//5819 2311//5819 
f 3403//5820 3402//5820 2315//5820 
f 3404//5821 2315//5821 2317//5821 
f 3404//5822 3403//5822 2315//5822 
f 3405//5823 2317//5823 2319//5823 
f 3405//5824 3404//5824 2317//5824 
f 3406//5825 2319//5825 2321//5825 
f 3406//5826 3405//5826 2319//5826 
f 3407//5827 2321//5827 2323//5827 
f 3407//5828 3406//5828 2321//5828 
f 3408//5829 2323//5829 2325//5829 
f 3408//5830 2325//5830 2327//5830 
f 3408//5831 3407//5831 2323//5831 
f 3409//5832 3408//5832 2327//5832 
f 3410//5833 2327//5833 2328//5833 
f 3410//5834 3409//5834 2327//5834 
f 3411//5835 2328//5835 2329//5835 
f 3411//5836 3410//5836 2328//5836 
f 3412//5837 2329//5837 2330//5837 
f 3412//5838 2330//5838 2331//5838 
f 3412//5839 3411//5839 2329//5839 
f 3413//5840 3412//5840 2331//5840 
f 3414//5841 2331//5841 2332//5841 
f 3414//5842 3413//5842 2331//5842 
f 3415//5843 2332//5843 2333//5843 
f 3415//5844 3414//5844 2332//5844 
f 3416//5845 2333//5845 2334//5845 
f 3416//5846 2334//5846 2422//5846 
f 3416//5847 3415//5847 2333//5847 
f 3417//5848 3416//5848 2422//5848 
f 3418//5849 2422//5849 2415//5849 
f 3418//5850 2415//5850 2414//5850 
f 3418//5851 3417//5851 2422//5851 
f 3419//5852 3418//5852 2414//5852 
f 3420//5853 2414//5853 2417//5853 
f 3420//5854 3419//5854 2414//5854 
f 3421//5855 3420//5855 2417//5855 
f 3421//5856 2417//5856 2420//5856 
f 3422//5857 3421//5857 2420//5857 
f 3422//5858 2420//5858 2425//5858 
f 3423//5859 3422//5859 2425//5859 
f 3423//5860 2425//5860 2428//5860 
f 3424//5861 3423//5861 2428//5861 
f 3424//5862 2428//5862 2431//5862 
f 3425//5863 3424//5863 2431//5863 
f 3425//5864 2431//5864 2435//5864 
f 3426//5865 3425//5865 2435//5865 
f 3426//5866 2435//5866 2438//5866 
f 3427//5867 3426//5867 2438//5867 
f 3427//5868 2438//5868 2441//5868 
f 3428//5869 3427//5869 2441//5869 
f 3428//5870 2441//5870 2445//5870 
f 3429//5871 3428//5871 2445//5871 
f 3429//5872 2445//5872 2461//5872 
f 3430//5873 3429//5873 2461//5873 
f 3430//5874 2461//5874 2462//5874 
f 3431//5875 3430//5875 2462//5875 
f 3431//5876 2462//5876 2464//5876 
f 3432//5877 3431//5877 2464//5877 
f 3432//5878 2464//5878 2467//5878 
f 3433//5879 2467//5879 2469//5879 
f 3433//5880 3432//5880 2467//5880 
f 3434//5881 3433//5881 2469//5881 
f 3434//5882 2469//5882 2471//5882 
f 3310//5883 2471//5883 2473//5883 
f 3310//5884 3434//5884 2471//5884 
f 3435//5885 3436//5885 2590//5885 
f 3435//5886 2590//5886 2589//5886 
f 3437//5887 2589//5887 2592//5887 
f 3437//5888 2592//5888 2594//5888 
f 3437//5889 3435//5889 2589//5889 
f 3438//5890 3437//5890 2594//5890 
f 3439//5891 2594//5891 2596//5891 
f 3439//5892 2596//5892 2598//5892 
f 3439//5893 3438//5893 2594//5893 
f 3440//5894 2598//5894 2651//5894 
f 3440//5895 3439//5895 2598//5895 
f 3441//5896 3440//5896 2651//5896 
f 3442//5897 2651//5897 2650//5897 
f 3442//5898 3441//5898 2651//5898 
f 3443//5899 2650//5899 2649//5899 
f 3443//5900 2649//5900 2648//5900 
f 3443//5901 3442//5901 2650//5901 
f 3444//5902 3443//5902 2648//5902 
f 3445//5903 2648//5903 2647//5903 
f 3445//5904 3444//5904 2648//5904 
f 3446//5905 3445//5905 2647//5905 
f 3446//5906 2647//5906 2646//5906 
f 3447//5907 3446//5907 2646//5907 
f 3447//5908 2646//5908 2645//5908 
f 3448//5909 3447//5909 2645//5909 
f 3448//5910 2645//5910 2644//5910 
f 3449//5911 3448//5911 2644//5911 
f 3449//5912 2644//5912 2643//5912 
f 3450//5913 3449//5913 2643//5913 
f 3450//5914 2643//5914 2642//5914 
f 3451//5915 3450//5915 2642//5915 
f 3451//5916 2642//5916 2641//5916 
f 3452//5917 3451//5917 2641//5917 
f 3452//5918 2641//5918 2640//5918 
f 3453//5919 3452//5919 2640//5919 
f 3453//5920 2640//5920 2639//5920 
f 3454//5921 3453//5921 2639//5921 
f 3454//5922 2639//5922 2638//5922 
f 3455//5923 3454//5923 2638//5923 
f 3455//5924 2638//5924 2637//5924 
f 3455//5925 2637//5925 2636//5925 
f 3456//5926 3455//5926 2636//5926 
f 3457//5927 3456//5927 2636//5927 
f 3457//5928 2636//5928 2635//5928 
f 3457//5929 2635//5929 2634//5929 
f 3458//5930 3457//5930 2634//5930 
f 3459//5931 2634//5931 2633//5931 
f 3459//5932 2633//5932 2632//5932 
f 3459//5933 3458//5933 2634//5933 
f 3460//5934 3459//5934 2632//5934 
f 3461//5935 2632//5935 2631//5935 
f 3461//5936 3460//5936 2632//5936 
f 3462//5937 2631//5937 2526//5937 
f 3462//5938 2526//5938 2525//5938 
f 3462//5939 3461//5939 2631//5939 
f 3463//5940 2525//5940 2524//5940 
f 3463//5941 3462//5941 2525//5941 
f 3464//5942 3463//5942 2524//5942 
f 3465//5943 2524//5943 2523//5943 
f 3465//5944 2523//5944 2522//5944 
f 3465//5945 3464//5945 2524//5945 
f 3466//5946 3465//5946 2522//5946 
f 3467//5947 2522//5947 2521//5947 
f 3467//5948 2521//5948 2520//5948 
f 3467//5949 3466//5949 2522//5949 
f 3468//5950 3467//5950 2520//5950 
f 3469//5951 2520//5951 2519//5951 
f 3469//5952 2519//5952 2518//5952 
f 3469//5953 3468//5953 2520//5953 
f 3470//5954 3469//5954 2518//5954 
f 3471//5955 3470//5955 2518//5955 
f 3471//5956 2518//5956 2517//5956 
f 3472//5957 3471//5957 2517//5957 
f 3472//5958 2517//5958 2516//5958 
f 3473//5959 3472//5959 2516//5959 
f 3473//5960 2516//5960 2515//5960 
f 3474//5961 3473//5961 2515//5961 
f 3474//5962 2515//5962 2514//5962 
f 3475//5963 3474//5963 2514//5963 
f 3475//5964 2514//5964 2513//5964 
f 3475//5965 2513//5965 2512//5965 
f 3476//5966 3475//5966 2512//5966 
f 3477//5967 3476//5967 2512//5967 
f 3477//5968 2512//5968 2510//5968 
f 3478//5969 3477//5969 2510//5969 
f 3478//5970 2510//5970 2508//5970 
f 3479//5971 3478//5971 2508//5971 
f 3479//5972 2508//5972 2506//5972 
f 3480//5973 3479//5973 2506//5973 
f 3480//5974 2506//5974 2504//5974 
f 3481//5975 3480//5975 2504//5975 
f 3481//5976 2504//5976 2502//5976 
f 3482//5977 3481//5977 2502//5977 
f 3482//5978 2502//5978 2500//5978 
f 3483//5979 3482//5979 2500//5979 
f 3483//5980 2500//5980 2499//5980 
f 3484//5981 3483//5981 2499//5981 
f 3484//5982 2499//5982 2497//5982 
f 3485//5983 3484//5983 2497//5983 
f 3485//5984 2497//5984 2496//5984 
f 3486//5985 3485//5985 2496//5985 
f 3486//5986 2496//5986 2494//5986 
f 3487//5987 3486//5987 2494//5987 
f 3487//5988 2494//5988 2493//5988 
f 3488//5989 3487//5989 2493//5989 
f 3488//5990 2493//5990 2491//5990 
f 3489//5991 3488//5991 2491//5991 
f 3489//5992 2491//5992 2490//5992 
f 3490//5993 3489//5993 2490//5993 
f 3490//5994 2490//5994 2489//5994 
f 3491//5995 3490//5995 2489//5995 
f 3491//5996 2489//5996 2487//5996 
f 3492//5997 3491//5997 2487//5997 
f 3492//5998 2487//5998 2486//5998 
f 3493//5999 2486//5999 2485//5999 
f 3493//6000 3492//6000 2486//6000 
f 3494//6001 2485//6001 2483//6001 
f 3494//6002 3493//6002 2485//6002 
f 3495//6003 2483//6003 2482//6003 
f 3495//6004 3494//6004 2483//6004 
f 3496//6005 2482//6005 2480//6005 
f 3496//6006 3495//6006 2482//6006 
f 3497//6007 3496//6007 2480//6007 
f 3497//6008 2480//6008 2478//6008 
f 3498//6009 3497//6009 2478//6009 
f 3498//6010 2478//6010 2476//6010 
f 3499//6011 3498//6011 2476//6011 
f 3499//6012 2476//6012 2472//6012 
f 3500//6013 3499//6013 2472//6013 
f 3500//6014 2472//6014 2470//6014 
f 3501//6015 3500//6015 2470//6015 
f 3501//6016 2470//6016 2468//6016 
f 3502//6017 3501//6017 2468//6017 
f 3502//6018 2468//6018 2466//6018 
f 3503//6019 3502//6019 2466//6019 
f 3503//6020 2466//6020 2465//6020 
f 3504//6021 3503//6021 2465//6021 
f 3504//6022 2465//6022 2463//6022 
f 3505//6023 3504//6023 2463//6023 
f 3505//6024 2463//6024 2444//6024 
f 3506//6025 3505//6025 2444//6025 
f 3506//6026 2444//6026 2440//6026 
f 3507//6027 3506//6027 2440//6027 
f 3507//6028 2440//6028 2437//6028 
f 3508//6029 3507//6029 2437//6029 
f 3508//6030 2437//6030 2434//6030 
f 3509//6031 3508//6031 2434//6031 
f 3509//6032 2434//6032 2430//6032 
f 3510//6033 2430//6033 2427//6033 
f 3510//6034 3509//6034 2430//6034 
f 3511//6035 2427//6035 2424//6035 
f 3511//6036 3510//6036 2427//6036 
f 3512//6037 2424//6037 2419//6037 
f 3512//6038 3511//6038 2424//6038 
f 3513//6039 2419//6039 2416//6039 
f 3513//6040 3512//6040 2419//6040 
f 3514//6041 2416//6041 2413//6041 
f 3514//6042 3513//6042 2416//6042 
f 3515//6043 2413//6043 2418//6043 
f 3515//6044 3514//6044 2413//6044 
f 3516//6045 2418//6045 2421//6045 
f 3516//6046 3515//6046 2418//6046 
f 3517//6047 2421//6047 2426//6047 
f 3517//6048 3516//6048 2421//6048 
f 3518//6049 2426//6049 2429//6049 
f 3518//6050 3517//6050 2426//6050 
f 3519//6051 2429//6051 2432//6051 
f 3519//6052 3518//6052 2429//6052 
f 3520//6053 2432//6053 2436//6053 
f 3520//6054 3519//6054 2432//6054 
f 3521//6055 2436//6055 2439//6055 
f 3521//6056 3520//6056 2436//6056 
f 3522//6057 2439//6057 2443//6057 
f 3522//6058 3521//6058 2439//6058 
f 3523//6059 3522//6059 2443//6059 
f 3523//6060 2443//6060 2446//6060 
f 3524//6061 3523//6061 2446//6061 
f 3524//6062 2446//6062 2576//6062 
f 3525//6063 3524//6063 2576//6063 
f 3525//6064 2576//6064 2577//6064 
f 3526//6065 3525//6065 2577//6065 
f 3526//6066 2577//6066 2578//6066 
f 3527//6067 2578//6067 2579//6067 
f 3527//6068 3526//6068 2578//6068 
f 3528//6069 2579//6069 2580//6069 
f 3528//6070 2580//6070 2581//6070 
f 3528//6071 3527//6071 2579//6071 
f 3529//6072 3528//6072 2581//6072 
f 3530//6073 2581//6073 2582//6073 
f 3530//6074 3529//6074 2581//6074 
f 3531//6075 2582//6075 2583//6075 
f 3531//6076 3530//6076 2582//6076 
f 3532//6077 2583//6077 2584//6077 
f 3532//6078 3531//6078 2583//6078 
f 3533//6079 2584//6079 2585//6079 
f 3533//6080 3532//6080 2584//6080 
f 3534//6081 2585//6081 2586//6081 
f 3534//6082 2586//6082 2587//6082 
f 3534//6083 3533//6083 2585//6083 
f 3535//6084 3534//6084 2587//6084 
f 3536//6085 2587//6085 2588//6085 
f 3536//6086 3535//6086 2587//6086 
f 3537//6087 2588//6087 2591//6087 
f 3537//6088 3536//6088 2588//6088 
f 3538//6089 2591//6089 2593//6089 
f 3538//6090 2593//6090 2595//6090 
f 3538//6091 3537//6091 2591//6091 
f 3539//6092 3538//6092 2595//6092 
f 3540//6093 2595//6093 2597//6093 
f 3540//6094 3539//6094 2595//6094 
f 3541//6095 2597//6095 2599//6095 
f 3541//6096 3540//6096 2597//6096 
f 3542//6097 2599//6097 2600//6097 
f 3542//6098 2600//6098 2601//6098 
f 3542//6099 3541//6099 2599//6099 
f 3543//6100 3542//6100 2601//6100 
f 3544//6101 2601//6101 2602//6101 
f 3544//6102 2602//6102 2603//6102 
f 3544//6103 3543//6103 2601//6103 
f 3545//6104 3544//6104 2603//6104 
f 3546//6105 2603//6105 2604//6105 
f 3546//6106 3545//6106 2603//6106 
f 3547//6107 3546//6107 2604//6107 
f 3547//6108 2604//6108 2605//6108 
f 3548//6109 3547//6109 2605//6109 
f 3548//6110 2605//6110 2606//6110 
f 3549//6111 3548//6111 2606//6111 
f 3549//6112 2606//6112 2607//6112 
f 3550//6113 3549//6113 2607//6113 
f 3550//6114 2607//6114 2608//6114 
f 3551//6115 3550//6115 2608//6115 
f 3551//6116 2608//6116 2609//6116 
f 3552//6117 3551//6117 2609//6117 
f 3552//6118 2609//6118 2610//6118 
f 3553//6119 3552//6119 2610//6119 
f 3553//6120 2610//6120 2611//6120 
f 3554//6121 3553//6121 2611//6121 
f 3554//6122 2611//6122 2612//6122 
f 3555//6123 3554//6123 2612//6123 
f 3555//6124 2612//6124 2613//6124 
f 3556//6125 3555//6125 2613//6125 
f 3556//6126 2613//6126 2614//6126 
f 3557//6127 3556//6127 2614//6127 
f 3557//6128 2614//6128 2615//6128 
f 3558//6129 3557//6129 2615//6129 
f 3558//6130 2615//6130 2616//6130 
f 3559//6131 2616//6131 2617//6131 
f 3559//6132 3558//6132 2616//6132 
f 3560//6133 3559//6133 2617//6133 
f 3560//6134 2617//6134 2618//6134 
f 3436//6135 2618//6135 2590//6135 
f 3436//6136 3560//6136 2618//6136 
f 3561//6137 3562//6137 2623//6137 
f 3561//6138 2623//6138 2624//6138 
f 3563//6139 2624//6139 2625//6139 
f 3563//6140 2625//6140 2626//6140 
f 3563//6141 3561//6141 2624//6141 
f 3564//6142 3563//6142 2626//6142 
f 3565//6143 2626//6143 2627//6143 
f 3565//6144 2627//6144 2628//6144 
f 3565//6145 3564//6145 2626//6145 
f 3566//6146 2628//6146 2629//6146 
f 3566//6147 3565//6147 2628//6147 
f 3567//6148 3566//6148 2629//6148 
f 3568//6149 2629//6149 2630//6149 
f 3568//6150 3567//6150 2629//6150 
f 3569//6151 2630//6151 2700//6151 
f 3569//6152 2700//6152 2703//6152 
f 3569//6153 3568//6153 2630//6153 
f 3570//6154 3569//6154 2703//6154 
f 3571//6155 2703//6155 2706//6155 
f 3571//6156 3570//6156 2703//6156 
f 3572//6157 3571//6157 2706//6157 
f 3572//6158 2706//6158 2707//6158 
f 3573//6159 3572//6159 2707//6159 
f 3573//6160 2707//6160 2712//6160 
f 3574//6161 3573//6161 2712//6161 
f 3574//6162 2712//6162 2715//6162 
f 3575//6163 3574//6163 2715//6163 
f 3575//6164 2715//6164 2718//6164 
f 3576//6165 3575//6165 2718//6165 
f 3576//6166 2718//6166 2721//6166 
f 3577//6167 3576//6167 2721//6167 
f 3577//6168 2721//6168 2724//6168 
f 3578//6169 3577//6169 2724//6169 
f 3578//6170 2724//6170 2727//6170 
f 3579//6171 3578//6171 2727//6171 
f 3579//6172 2727//6172 2728//6172 
f 3580//6173 3579//6173 2728//6173 
f 3580//6174 2728//6174 2528//6174 
f 3581//6175 3580//6175 2528//6175 
f 3581//6176 2528//6176 2527//6176 
f 3581//6177 2527//6177 2529//6177 
f 3582//6178 3581//6178 2529//6178 
f 3583//6179 3582//6179 2529//6179 
f 3583//6180 2529//6180 2530//6180 
f 3583//6181 2530//6181 2531//6181 
f 3584//6182 3583//6182 2531//6182 
f 3585//6183 2531//6183 2532//6183 
f 3585//6184 2532//6184 2533//6184 
f 3585//6185 3584//6185 2531//6185 
f 3586//6186 3585//6186 2533//6186 
f 3587//6187 2533//6187 2534//6187 
f 3587//6188 3586//6188 2533//6188 
f 3588//6189 2534//6189 2535//6189 
f 3588//6190 2535//6190 2536//6190 
f 3588//6191 3587//6191 2534//6191 
f 3589//6192 2536//6192 2537//6192 
f 3589//6193 3588//6193 2536//6193 
f 3590//6194 3589//6194 2537//6194 
f 3591//6195 2537//6195 2538//6195 
f 3591//6196 2538//6196 2539//6196 
f 3591//6197 3590//6197 2537//6197 
f 3592//6198 3591//6198 2539//6198 
f 3593//6199 2539//6199 2540//6199 
f 3593//6200 2540//6200 2541//6200 
f 3593//6201 3592//6201 2539//6201 
f 3594//6202 3593//6202 2541//6202 
f 3595//6203 2541//6203 2542//6203 
f 3595//6204 2542//6204 2543//6204 
f 3595//6205 3594//6205 2541//6205 
f 3596//6206 3595//6206 2543//6206 
f 3597//6207 3596//6207 2543//6207 
f 3597//6208 2543//6208 2544//6208 
f 3598//6209 3597//6209 2544//6209 
f 3598//6210 2544//6210 2545//6210 
f 3599//6211 3598//6211 2545//6211 
f 3599//6212 2545//6212 2546//6212 
f 3600//6213 3599//6213 2546//6213 
f 3600//6214 2546//6214 2547//6214 
f 3601//6215 3600//6215 2547//6215 
f 3601//6216 2547//6216 2548//6216 
f 3601//6217 2548//6217 2549//6217 
f 3602//6218 3601//6218 2549//6218 
f 3603//6219 3602//6219 2549//6219 
f 3603//6220 2549//6220 2550//6220 
f 3604//6221 3603//6221 2550//6221 
f 3604//6222 2550//6222 2551//6222 
f 3605//6223 3604//6223 2551//6223 
f 3605//6224 2551//6224 2552//6224 
f 3606//6225 3605//6225 2552//6225 
f 3606//6226 2552//6226 2553//6226 
f 3607//6227 3606//6227 2553//6227 
f 3607//6228 2553//6228 2554//6228 
f 3608//6229 3607//6229 2554//6229 
f 3608//6230 2554//6230 2555//6230 
f 3609//6231 3608//6231 2555//6231 
f 3609//6232 2555//6232 2556//6232 
f 3610//6233 3609//6233 2556//6233 
f 3610//6234 2556//6234 2557//6234 
f 3611//6235 3610//6235 2557//6235 
f 3611//6236 2557//6236 2558//6236 
f 3612//6237 3611//6237 2558//6237 
f 3612//6238 2558//6238 2559//6238 
f 3613//6239 3612//6239 2559//6239 
f 3613//6240 2559//6240 2560//6240 
f 3614//6241 3613//6241 2560//6241 
f 3614//6242 2560//6242 2561//6242 
f 3615//6243 3614//6243 2561//6243 
f 3615//6244 2561//6244 2562//6244 
f 3616//6245 3615//6245 2562//6245 
f 3616//6246 2562//6246 2563//6246 
f 3617//6247 3616//6247 2563//6247 
f 3617//6248 2563//6248 2564//6248 
f 3618//6249 3617//6249 2564//6249 
f 3618//6250 2564//6250 2565//6250 
f 3619//6251 2565//6251 2566//6251 
f 3619//6252 3618//6252 2565//6252 
f 3620//6253 2566//6253 2567//6253 
f 3620//6254 3619//6254 2566//6254 
f 3621//6255 2567//6255 2568//6255 
f 3621//6256 3620//6256 2567//6256 
f 3622//6257 2568//6257 2569//6257 
f 3622//6258 3621//6258 2568//6258 
f 3623//6259 3622//6259 2569//6259 
f 3623//6260 2569//6260 2570//6260 
f 3624//6261 3623//6261 2570//6261 
f 3624//6262 2570//6262 2571//6262 
f 3625//6263 3624//6263 2571//6263 
f 3625//6264 2571//6264 2572//6264 
f 3626//6265 3625//6265 2572//6265 
f 3626//6266 2572//6266 2573//6266 
f 3627//6267 3626//6267 2573//6267 
f 3627//6268 2573//6268 2574//6268 
f 3628//6269 3627//6269 2574//6269 
f 3628//6270 2574//6270 2575//6270 
f 3629//6271 3628//6271 2575//6271 
f 3629//6272 2575//6272 2409//6272 
f 3630//6273 3629//6273 2409//6273 
f 3630//6274 2409//6274 2406//6274 
f 3631//6275 3630//6275 2406//6275 
f 3631//6276 2406//6276 2403//6276 
f 3632//6277 3631//6277 2403//6277 
f 3632//6278 2403//6278 2400//6278 
f 3633//6279 3632//6279 2400//6279 
f 3633//6280 2400//6280 2396//6280 
f 3634//6281 3633//6281 2396//6281 
f 3634//6282 2396//6282 2392//6282 
f 3635//6283 3634//6283 2392//6283 
f 3635//6284 2392//6284 2387//6284 
f 3636//6285 2387//6285 2383//6285 
f 3636//6286 3635//6286 2387//6286 
f 3637//6287 2383//6287 2379//6287 
f 3637//6288 3636//6288 2383//6288 
f 3638//6289 2379//6289 2377//6289 
f 3638//6290 3637//6290 2379//6290 
f 3639//6291 2377//6291 2369//6291 
f 3639//6292 3638//6292 2377//6292 
f 3640//6293 2369//6293 2371//6293 
f 3640//6294 3639//6294 2369//6294 
f 3641//6295 2371//6295 2374//6295 
f 3641//6296 3640//6296 2371//6296 
f 3642//6297 2374//6297 2378//6297 
f 3642//6298 3641//6298 2374//6298 
f 3643//6299 2378//6299 2381//6299 
f 3643//6300 3642//6300 2378//6300 
f 3644//6301 2381//6301 2385//6301 
f 3644//6302 3643//6302 2381//6302 
f 3645//6303 2385//6303 2389//6303 
f 3645//6304 3644//6304 2385//6304 
f 3646//6305 2389//6305 2395//6305 
f 3646//6306 3645//6306 2389//6306 
f 3647//6307 2395//6307 2397//6307 
f 3647//6308 3646//6308 2395//6308 
f 3648//6309 2397//6309 2402//6309 
f 3648//6310 3647//6310 2397//6310 
f 3649//6311 3648//6311 2402//6311 
f 3649//6312 2402//6312 2405//6312 
f 3650//6313 3649//6313 2405//6313 
f 3650//6314 2405//6314 2408//6314 
f 3651//6315 3650//6315 2408//6315 
f 3651//6316 2408//6316 2410//6316 
f 3652//6317 3651//6317 2410//6317 
f 3652//6318 2410//6318 2411//6318 
f 3653//6319 2411//6319 2412//6319 
f 3653//6320 3652//6320 2411//6320 
f 3654//6321 2412//6321 2423//6321 
f 3654//6322 2423//6322 2433//6322 
f 3654//6323 3653//6323 2412//6323 
f 3655//6324 3654//6324 2433//6324 
f 3656//6325 2433//6325 2442//6325 
f 3656//6326 3655//6326 2433//6326 
f 3657//6327 2442//6327 2447//6327 
f 3657//6328 3656//6328 2442//6328 
f 3658//6329 2447//6329 2448//6329 
f 3658//6330 3657//6330 2447//6330 
f 3659//6331 2448//6331 2449//6331 
f 3659//6332 3658//6332 2448//6332 
f 3660//6333 2449//6333 2450//6333 
f 3660//6334 2450//6334 2451//6334 
f 3660//6335 3659//6335 2449//6335 
f 3661//6336 3660//6336 2451//6336 
f 3662//6337 2451//6337 2452//6337 
f 3662//6338 3661//6338 2451//6338 
f 3663//6339 2452//6339 2453//6339 
f 3663//6340 3662//6340 2452//6340 
f 3664//6341 2453//6341 2454//6341 
f 3664//6342 2454//6342 2455//6342 
f 3664//6343 3663//6343 2453//6343 
f 3665//6344 3664//6344 2455//6344 
f 3666//6345 2455//6345 2456//6345 
f 3666//6346 3665//6346 2455//6346 
f 3667//6347 2456//6347 2457//6347 
f 3667//6348 3666//6348 2456//6348 
f 3668//6349 2457//6349 2458//6349 
f 3668//6350 2458//6350 2459//6350 
f 3668//6351 3667//6351 2457//6351 
f 3669//6352 3668//6352 2459//6352 
f 3670//6353 2459//6353 2460//6353 
f 3670//6354 2460//6354 2475//6354 
f 3670//6355 3669//6355 2459//6355 
f 3671//6356 3670//6356 2475//6356 
f 3672//6357 2475//6357 2484//6357 
f 3672//6358 3671//6358 2475//6358 
f 3673//6359 3672//6359 2484//6359 
f 3673//6360 2484//6360 2488//6360 
f 3674//6361 3673//6361 2488//6361 
f 3674//6362 2488//6362 2492//6362 
f 3675//6363 3674//6363 2492//6363 
f 3675//6364 2492//6364 2495//6364 
f 3676//6365 3675//6365 2495//6365 
f 3676//6366 2495//6366 2498//6366 
f 3677//6367 3676//6367 2498//6367 
f 3677//6368 2498//6368 2501//6368 
f 3678//6369 3677//6369 2501//6369 
f 3678//6370 2501//6370 2503//6370 
f 3679//6371 3678//6371 2503//6371 
f 3679//6372 2503//6372 2505//6372 
f 3680//6373 3679//6373 2505//6373 
f 3680//6374 2505//6374 2507//6374 
f 3681//6375 3680//6375 2507//6375 
f 3681//6376 2507//6376 2509//6376 
f 3682//6377 3681//6377 2509//6377 
f 3682//6378 2509//6378 2511//6378 
f 3683//6379 3682//6379 2511//6379 
f 3683//6380 2511//6380 2619//6380 
f 3684//6381 3683//6381 2619//6381 
f 3684//6382 2619//6382 2620//6382 
f 3685//6383 2620//6383 2621//6383 
f 3685//6384 3684//6384 2620//6384 
f 3686//6385 3685//6385 2621//6385 
f 3686//6386 2621//6386 2622//6386 
f 3562//6387 2622//6387 2623//6387 
f 3562//6388 3686//6388 2622//6388 
f 3687//6389 3688//6389 2751//6389 
f 3687//6390 2751//6390 2764//6390 
f 3689//6391 2764//6391 2765//6391 
f 3689//6392 2765//6392 2766//6392 
f 3689//6393 3687//6393 2764//6393 
f 3690//6394 3689//6394 2766//6394 
f 3691//6395 2766//6395 2767//6395 
f 3691//6396 2767//6396 2768//6396 
f 3691//6397 3690//6397 2766//6397 
f 3692//6398 2768//6398 2769//6398 
f 3692//6399 3691//6399 2768//6399 
f 3693//6400 3692//6400 2769//6400 
f 3694//6401 2769//6401 2770//6401 
f 3694//6402 3693//6402 2769//6402 
f 3695//6403 2770//6403 2771//6403 
f 3695//6404 2771//6404 2772//6404 
f 3695//6405 3694//6405 2770//6405 
f 3696//6406 3695//6406 2772//6406 
f 3697//6407 2772//6407 2773//6407 
f 3697//6408 3696//6408 2772//6408 
f 3698//6409 3697//6409 2773//6409 
f 3698//6410 2773//6410 2774//6410 
f 3699//6411 3698//6411 2774//6411 
f 3699//6412 2774//6412 2775//6412 
f 3700//6413 3699//6413 2775//6413 
f 3700//6414 2775//6414 2776//6414 
f 3701//6415 3700//6415 2776//6415 
f 3701//6416 2776//6416 2777//6416 
f 3702//6417 3701//6417 2777//6417 
f 3702//6418 2777//6418 2778//6418 
f 3703//6419 3702//6419 2778//6419 
f 3703//6420 2778//6420 2779//6420 
f 3704//6421 3703//6421 2779//6421 
f 3704//6422 2779//6422 2780//6422 
f 3705//6423 3704//6423 2780//6423 
f 3705//6424 2780//6424 2781//6424 
f 3706//6425 3705//6425 2781//6425 
f 3706//6426 2781//6426 2782//6426 
f 3707//6427 3706//6427 2782//6427 
f 3707//6428 2782//6428 2783//6428 
f 3707//6429 2783//6429 2784//6429 
f 3708//6430 3707//6430 2784//6430 
f 3709//6431 3708//6431 2784//6431 
f 3709//6432 2784//6432 2749//6432 
f 3709//6433 2749//6433 2748//6433 
f 3710//6434 3709//6434 2748//6434 
f 3711//6435 2748//6435 2750//6435 
f 3711//6436 2750//6436 2752//6436 
f 3711//6437 3710//6437 2748//6437 
f 3712//6438 3711//6438 2752//6438 
f 3713//6439 2752//6439 2753//6439 
f 3713//6440 3712//6440 2752//6440 
f 3714//6441 2753//6441 2754//6441 
f 3714//6442 2754//6442 2755//6442 
f 3714//6443 3713//6443 2753//6443 
f 3715//6444 2755//6444 2756//6444 
f 3715//6445 3714//6445 2755//6445 
f 3716//6446 3715//6446 2756//6446 
f 3717//6447 2756//6447 2757//6447 
f 3717//6448 2757//6448 2758//6448 
f 3717//6449 3716//6449 2756//6449 
f 3718//6450 3717//6450 2758//6450 
f 3719//6451 2758//6451 2759//6451 
f 3719//6452 2759//6452 2760//6452 
f 3719//6453 3718//6453 2758//6453 
f 3720//6454 3719//6454 2760//6454 
f 3721//6455 2760//6455 2761//6455 
f 3721//6456 2761//6456 2762//6456 
f 3721//6457 3720//6457 2760//6457 
f 3722//6458 3721//6458 2762//6458 
f 3723//6459 3722//6459 2762//6459 
f 3723//6460 2762//6460 2763//6460 
f 3724//6461 3723//6461 2763//6461 
f 3724//6462 2763//6462 2785//6462 
f 3725//6463 3724//6463 2785//6463 
f 3725//6464 2785//6464 2786//6464 
f 3726//6465 3725//6465 2786//6465 
f 3726//6466 2786//6466 2787//6466 
f 3727//6467 3726//6467 2787//6467 
f 3727//6468 2787//6468 2788//6468 
f 3727//6469 2788//6469 2738//6469 
f 3728//6470 3727//6470 2738//6470 
f 3729//6471 3728//6471 2738//6471 
f 3729//6472 2738//6472 2736//6472 
f 3730//6473 3729//6473 2736//6473 
f 3730//6474 2736//6474 2734//6474 
f 3731//6475 3730//6475 2734//6475 
f 3731//6476 2734//6476 2732//6476 
f 3732//6477 3731//6477 2732//6477 
f 3732//6478 2732//6478 2730//6478 
f 3733//6479 3732//6479 2730//6479 
f 3733//6480 2730//6480 2726//6480 
f 3734//6481 3733//6481 2726//6481 
f 3734//6482 2726//6482 2723//6482 
f 3735//6483 3734//6483 2723//6483 
f 3735//6484 2723//6484 2720//6484 
f 3736//6485 3735//6485 2720//6485 
f 3736//6486 2720//6486 2717//6486 
f 3737//6487 3736//6487 2717//6487 
f 3737//6488 2717//6488 2714//6488 
f 3738//6489 3737//6489 2714//6489 
f 3738//6490 2714//6490 2711//6490 
f 3739//6491 3738//6491 2711//6491 
f 3739//6492 2711//6492 2709//6492 
f 3740//6493 3739//6493 2709//6493 
f 3740//6494 2709//6494 2705//6494 
f 3741//6495 3740//6495 2705//6495 
f 3741//6496 2705//6496 2702//6496 
f 3742//6497 3741//6497 2702//6497 
f 3742//6498 2702//6498 2699//6498 
f 3743//6499 3742//6499 2699//6499 
f 3743//6500 2699//6500 2697//6500 
f 3744//6501 3743//6501 2697//6501 
f 3744//6502 2697//6502 2695//6502 
f 3745//6503 2695//6503 2693//6503 
f 3745//6504 3744//6504 2695//6504 
f 3746//6505 2693//6505 2691//6505 
f 3746//6506 3745//6506 2693//6506 
f 3747//6507 2691//6507 2689//6507 
f 3747//6508 3746//6508 2691//6508 
f 3748//6509 2689//6509 2687//6509 
f 3748//6510 3747//6510 2689//6510 
f 3749//6511 3748//6511 2687//6511 
f 3749//6512 2687//6512 2685//6512 
f 3750//6513 3749//6513 2685//6513 
f 3750//6514 2685//6514 2683//6514 
f 3751//6515 3750//6515 2683//6515 
f 3751//6516 2683//6516 2681//6516 
f 3752//6517 3751//6517 2681//6517 
f 3752//6518 2681//6518 2679//6518 
f 3753//6519 3752//6519 2679//6519 
f 3753//6520 2679//6520 2677//6520 
f 3754//6521 3753//6521 2677//6521 
f 3754//6522 2677//6522 2675//6522 
f 3755//6523 3754//6523 2675//6523 
f 3755//6524 2675//6524 2673//6524 
f 3756//6525 3755//6525 2673//6525 
f 3756//6526 2673//6526 2671//6526 
f 3757//6527 3756//6527 2671//6527 
f 3757//6528 2671//6528 2669//6528 
f 3758//6529 3757//6529 2669//6529 
f 3758//6530 2669//6530 2667//6530 
f 3759//6531 3758//6531 2667//6531 
f 3759//6532 2667//6532 2665//6532 
f 3760//6533 3759//6533 2665//6533 
f 3760//6534 2665//6534 2663//6534 
f 3761//6535 3760//6535 2663//6535 
f 3761//6536 2663//6536 2661//6536 
f 3762//6537 2661//6537 2659//6537 
f 3762//6538 3761//6538 2661//6538 
f 3763//6539 2659//6539 2657//6539 
f 3763//6540 3762//6540 2659//6540 
f 3764//6541 2657//6541 2655//6541 
f 3764//6542 3763//6542 2657//6542 
f 3765//6543 2655//6543 2653//6543 
f 3765//6544 3764//6544 2655//6544 
f 3766//6545 2653//6545 2652//6545 
f 3766//6546 3765//6546 2653//6546 
f 3767//6547 2652//6547 2654//6547 
f 3767//6548 3766//6548 2652//6548 
f 3768//6549 2654//6549 2656//6549 
f 3768//6550 3767//6550 2654//6550 
f 3769//6551 2656//6551 2658//6551 
f 3769//6552 3768//6552 2656//6552 
f 3770//6553 2658//6553 2660//6553 
f 3770//6554 3769//6554 2658//6554 
f 3771//6555 2660//6555 2662//6555 
f 3771//6556 3770//6556 2660//6556 
f 3772//6557 2662//6557 2664//6557 
f 3772//6558 3771//6558 2662//6558 
f 3773//6559 2664//6559 2666//6559 
f 3773//6560 3772//6560 2664//6560 
f 3774//6561 2666//6561 2668//6561 
f 3774//6562 3773//6562 2666//6562 
f 3775//6563 3774//6563 2668//6563 
f 3775//6564 2668//6564 2670//6564 
f 3776//6565 3775//6565 2670//6565 
f 3776//6566 2670//6566 2672//6566 
f 3777//6567 3776//6567 2672//6567 
f 3777//6568 2672//6568 2674//6568 
f 3778//6569 3777//6569 2674//6569 
f 3778//6570 2674//6570 2676//6570 
f 3779//6571 2676//6571 2678//6571 
f 3779//6572 3778//6572 2676//6572 
f 3780//6573 2678//6573 2680//6573 
f 3780//6574 2680//6574 2682//6574 
f 3780//6575 3779//6575 2678//6575 
f 3781//6576 3780//6576 2682//6576 
f 3782//6577 2682//6577 2684//6577 
f 3782//6578 3781//6578 2682//6578 
f 3783//6579 2684//6579 2686//6579 
f 3783//6580 3782//6580 2684//6580 
f 3784//6581 2686//6581 2688//6581 
f 3784//6582 3783//6582 2686//6582 
f 3785//6583 2688//6583 2690//6583 
f 3785//6584 3784//6584 2688//6584 
f 3786//6585 2690//6585 2692//6585 
f 3786//6586 2692//6586 2694//6586 
f 3786//6587 3785//6587 2690//6587 
f 3787//6588 3786//6588 2694//6588 
f 3788//6589 2694//6589 2696//6589 
f 3788//6590 3787//6590 2694//6590 
f 3789//6591 2696//6591 2698//6591 
f 3789//6592 3788//6592 2696//6592 
f 3790//6593 2698//6593 2701//6593 
f 3790//6594 2701//6594 2704//6594 
f 3790//6595 3789//6595 2698//6595 
f 3791//6596 3790//6596 2704//6596 
f 3792//6597 2704//6597 2708//6597 
f 3792//6598 3791//6598 2704//6598 
f 3793//6599 2708//6599 2710//6599 
f 3793//6600 3792//6600 2708//6600 
f 3794//6601 2710//6601 2713//6601 
f 3794//6602 2713//6602 2716//6602 
f 3794//6603 3793//6603 2710//6603 
f 3795//6604 3794//6604 2716//6604 
f 3796//6605 2716//6605 2719//6605 
f 3796//6606 2719//6606 2722//6606 
f 3796//6607 3795//6607 2716//6607 
f 3797//6608 3796//6608 2722//6608 
f 3798//6609 2722//6609 2725//6609 
f 3798//6610 3797//6610 2722//6610 
f 3799//6611 3798//6611 2725//6611 
f 3799//6612 2725//6612 2729//6612 
f 3800//6613 3799//6613 2729//6613 
f 3800//6614 2729//6614 2731//6614 
f 3801//6615 3800//6615 2731//6615 
f 3801//6616 2731//6616 2733//6616 
f 3802//6617 3801//6617 2733//6617 
f 3802//6618 2733//6618 2735//6618 
f 3803//6619 3802//6619 2735//6619 
f 3803//6620 2735//6620 2737//6620 
f 3804//6621 3803//6621 2737//6621 
f 3804//6622 2737//6622 2739//6622 
f 3805//6623 3804//6623 2739//6623 
f 3805//6624 2739//6624 2740//6624 
f 3806//6625 3805//6625 2740//6625 
f 3806//6626 2740//6626 2741//6626 
f 3807//6627 3806//6627 2741//6627 
f 3807//6628 2741//6628 2742//6628 
f 3808//6629 3807//6629 2742//6629 
f 3808//6630 2742//6630 2743//6630 
f 3809//6631 3808//6631 2743//6631 
f 3809//6632 2743//6632 2744//6632 
f 3810//6633 3809//6633 2744//6633 
f 3810//6634 2744//6634 2745//6634 
f 3811//6635 2745//6635 2746//6635 
f 3811//6636 3810//6636 2745//6636 
f 3812//6637 3811//6637 2746//6637 
f 3812//6638 2746//6638 2747//6638 
f 3688//6639 2747//6639 2751//6639 
f 3688//6640 3812//6640 2747//6640 
f 3813//6641 3814//6641 2882//6641 
f 3813//6642 2882//6642 2883//6642 
f 3815//6643 2883//6643 2884//6643 
f 3815//6644 2884//6644 2885//6644 
f 3815//6645 3813//6645 2883//6645 
f 3816//6646 3815//6646 2885//6646 
f 3817//6647 2885//6647 2886//6647 
f 3817//6648 2886//6648 2887//6648 
f 3817//6649 3816//6649 2885//6649 
f 3818//6650 2887//6650 2888//6650 
f 3818//6651 3817//6651 2887//6651 
f 3819//6652 3818//6652 2888//6652 
f 3820//6653 2888//6653 2889//6653 
f 3820//6654 3819//6654 2888//6654 
f 3821//6655 2889//6655 2890//6655 
f 3821//6656 2890//6656 2891//6656 
f 3821//6657 3820//6657 2889//6657 
f 3822//6658 3821//6658 2891//6658 
f 3823//6659 2891//6659 2892//6659 
f 3823//6660 3822//6660 2891//6660 
f 3824//6661 3823//6661 2892//6661 
f 3824//6662 2892//6662 2893//6662 
f 3825//6663 3824//6663 2893//6663 
f 3825//6664 2893//6664 2894//6664 
f 3826//6665 3825//6665 2894//6665 
f 3826//6666 2894//6666 2895//6666 
f 3827//6667 3826//6667 2895//6667 
f 3827//6668 2895//6668 2896//6668 
f 3828//6669 2896//6669 2897//6669 
f 3828//6670 3827//6670 2896//6670 
f 3829//6671 2897//6671 2898//6671 
f 3829//6672 3828//6672 2897//6672 
f 3830//6673 2898//6673 2899//6673 
f 3830//6674 3829//6674 2898//6674 
f 3831//6675 2899//6675 2900//6675 
f 3831//6676 3830//6676 2899//6676 
f 3832//6677 2900//6677 2901//6677 
f 3832//6678 3831//6678 2900//6678 
f 3833//6679 2901//6679 2902//6679 
f 3833//6680 2902//6680 2903//6680 
f 3833//6681 3832//6681 2901//6681 
f 3834//6682 3833//6682 2903//6682 
f 3835//6683 2903//6683 2904//6683 
f 3835//6684 2904//6684 2905//6684 
f 3835//6685 3834//6685 2903//6685 
f 3836//6686 3835//6686 2905//6686 
f 3837//6687 2905//6687 2906//6687 
f 3837//6688 2906//6688 2907//6688 
f 3837//6689 3836//6689 2905//6689 
f 3838//6690 3837//6690 2907//6690 
f 3839//6691 2907//6691 2908//6691 
f 3839//6692 3838//6692 2907//6692 
f 3840//6693 2908//6693 2909//6693 
f 3840//6694 2909//6694 2910//6694 
f 3840//6695 3839//6695 2908//6695 
f 3841//6696 2910//6696 2911//6696 
f 3841//6697 3840//6697 2910//6697 
f 3842//6698 3841//6698 2911//6698 
f 3843//6699 2911//6699 2912//6699 
f 3843//6700 2912//6700 2913//6700 
f 3843//6701 3842//6701 2911//6701 
f 3844//6702 3843//6702 2913//6702 
f 3845//6703 2913//6703 2914//6703 
f 3845//6704 2914//6704 2915//6704 
f 3845//6705 3844//6705 2913//6705 
f 3846//6706 3845//6706 2915//6706 
f 3847//6707 2915//6707 2879//6707 
f 3847//6708 2879//6708 2877//6708 
f 3847//6709 3846//6709 2915//6709 
f 3848//6710 3847//6710 2877//6710 
f 3849//6711 3848//6711 2877//6711 
f 3849//6712 2877//6712 2875//6712 
f 3850//6713 2875//6713 2873//6713 
f 3850//6714 3849//6714 2875//6714 
f 3851//6715 3850//6715 2873//6715 
f 3851//6716 2873//6716 2871//6716 
f 3852//6717 3851//6717 2871//6717 
f 3852//6718 2871//6718 2869//6718 
f 3853//6719 3852//6719 2869//6719 
f 3853//6720 2869//6720 2867//6720 
f 3853//6721 2867//6721 2865//6721 
f 3854//6722 3853//6722 2865//6722 
f 3855//6723 3854//6723 2865//6723 
f 3855//6724 2865//6724 2863//6724 
f 3856//6725 3855//6725 2863//6725 
f 3856//6726 2863//6726 2861//6726 
f 3857//6727 3856//6727 2861//6727 
f 3857//6728 2861//6728 2859//6728 
f 3858//6729 3857//6729 2859//6729 
f 3858//6730 2859//6730 2857//6730 
f 3859//6731 3858//6731 2857//6731 
f 3859//6732 2857//6732 2855//6732 
f 3860//6733 3859//6733 2855//6733 
f 3860//6734 2855//6734 2853//6734 
f 3861//6735 3860//6735 2853//6735 
f 3861//6736 2853//6736 2835//6736 
f 3862//6737 3861//6737 2835//6737 
f 3862//6738 2835//6738 2834//6738 
f 3863//6739 2834//6739 2833//6739 
f 3863//6740 3862//6740 2834//6740 
f 3864//6741 2833//6741 2832//6741 
f 3864//6742 3863//6742 2833//6742 
f 3865//6743 2832//6743 2831//6743 
f 3865//6744 3864//6744 2832//6744 
f 3866//6745 2831//6745 2830//6745 
f 3866//6746 3865//6746 2831//6746 
f 3867//6747 2830//6747 2829//6747 
f 3867//6748 3866//6748 2830//6748 
f 3868//6749 2829//6749 2828//6749 
f 3868//6750 3867//6750 2829//6750 
f 3869//6751 2828//6751 2827//6751 
f 3869//6752 3868//6752 2828//6752 
f 3870//6753 2827//6753 2826//6753 
f 3870//6754 3869//6754 2827//6754 
f 3871//6755 2826//6755 2822//6755 
f 3871//6756 3870//6756 2826//6756 
f 3872//6757 2822//6757 2821//6757 
f 3872//6758 3871//6758 2822//6758 
f 3873//6759 2821//6759 2823//6759 
f 3873//6760 3872//6760 2821//6760 
f 3874//6761 2823//6761 2824//6761 
f 3874//6762 3873//6762 2823//6762 
f 3875//6763 3874//6763 2824//6763 
f 3875//6764 2824//6764 2825//6764 
f 3876//6765 3875//6765 2825//6765 
f 3876//6766 2825//6766 2820//6766 
f 3877//6767 3876//6767 2820//6767 
f 3877//6768 2820//6768 2819//6768 
f 3878//6769 3877//6769 2819//6769 
f 3878//6770 2819//6770 2817//6770 
f 3879//6771 3878//6771 2817//6771 
f 3879//6772 2817//6772 2815//6772 
f 3880//6773 3879//6773 2815//6773 
f 3880//6774 2815//6774 2813//6774 
f 3881//6775 3880//6775 2813//6775 
f 3881//6776 2813//6776 2811//6776 
f 3882//6777 3881//6777 2811//6777 
f 3882//6778 2811//6778 2809//6778 
f 3883//6779 3882//6779 2809//6779 
f 3883//6780 2809//6780 2807//6780 
f 3884//6781 3883//6781 2807//6781 
f 3884//6782 2807//6782 2805//6782 
f 3885//6783 3884//6783 2805//6783 
f 3885//6784 2805//6784 2803//6784 
f 3886//6785 3885//6785 2803//6785 
f 3886//6786 2803//6786 2801//6786 
f 3887//6787 3886//6787 2801//6787 
f 3887//6788 2801//6788 2799//6788 
f 3888//6789 3887//6789 2799//6789 
f 3888//6790 2799//6790 2797//6790 
f 3889//6791 3888//6791 2797//6791 
f 3889//6792 2797//6792 2795//6792 
f 3890//6793 3889//6793 2795//6793 
f 3890//6794 2795//6794 2793//6794 
f 3891//6795 3890//6795 2793//6795 
f 3891//6796 2793//6796 2789//6796 
f 3892//6797 3891//6797 2789//6797 
f 3892//6798 2789//6798 2791//6798 
f 3893//6799 3892//6799 2791//6799 
f 3893//6800 2791//6800 2792//6800 
f 3894//6801 3893//6801 2792//6801 
f 3894//6802 2792//6802 2794//6802 
f 3895//6803 3894//6803 2794//6803 
f 3895//6804 2794//6804 2796//6804 
f 3896//6805 2796//6805 2798//6805 
f 3896//6806 3895//6806 2796//6806 
f 3897//6807 2798//6807 2800//6807 
f 3897//6808 3896//6808 2798//6808 
f 3898//6809 2800//6809 2802//6809 
f 3898//6810 3897//6810 2800//6810 
f 3899//6811 2802//6811 2804//6811 
f 3899//6812 3898//6812 2802//6812 
f 3900//6813 2804//6813 2806//6813 
f 3900//6814 3899//6814 2804//6814 
f 3901//6815 3900//6815 2806//6815 
f 3901//6816 2806//6816 2808//6816 
f 3902//6817 3901//6817 2808//6817 
f 3902//6818 2808//6818 2810//6818 
f 3903//6819 3902//6819 2810//6819 
f 3903//6820 2810//6820 2812//6820 
f 3904//6821 3903//6821 2812//6821 
f 3904//6822 2812//6822 2814//6822 
f 3905//6823 3904//6823 2814//6823 
f 3905//6824 2814//6824 2816//6824 
f 3906//6825 3905//6825 2816//6825 
f 3906//6826 2816//6826 2818//6826 
f 3906//6827 2818//6827 2851//6827 
f 3907//6828 3906//6828 2851//6828 
f 3908//6829 3907//6829 2851//6829 
f 3908//6830 2851//6830 2852//6830 
f 3909//6831 3908//6831 2852//6831 
f 3909//6832 2852//6832 2837//6832 
f 3910//6833 3909//6833 2837//6833 
f 3910//6834 2837//6834 2836//6834 
f 3911//6835 3910//6835 2836//6835 
f 3911//6836 2836//6836 2838//6836 
f 3912//6837 2839//6837 2840//6837 
f 3912//6838 3911//6838 2838//6838 
f 3912//6839 2838//6839 2839//6839 
f 3913//6840 3912//6840 2840//6840 
f 3914//6841 2840//6841 2841//6841 
f 3914//6842 3913//6842 2840//6842 
f 3915//6843 2841//6843 2842//6843 
f 3915//6844 3914//6844 2841//6844 
f 3916//6845 2842//6845 2843//6845 
f 3916//6846 2843//6846 2844//6846 
f 3916//6847 3915//6847 2842//6847 
f 3917//6848 3916//6848 2844//6848 
f 3918//6849 2844//6849 2845//6849 
f 3918//6850 3917//6850 2844//6850 
f 3919//6851 2845//6851 2846//6851 
f 3919//6852 3918//6852 2845//6852 
f 3920//6853 2846//6853 2847//6853 
f 3920//6854 2847//6854 2848//6854 
f 3920//6855 3919//6855 2846//6855 
f 3921//6856 3920//6856 2848//6856 
f 3922//6857 2848//6857 2849//6857 
f 3922//6858 2849//6858 2850//6858 
f 3922//6859 3921//6859 2848//6859 
f 3923//6860 3922//6860 2850//6860 
f 3924//6861 2850//6861 2854//6861 
f 3924//6862 3923//6862 2850//6862 
f 3925//6863 3924//6863 2854//6863 
f 3925//6864 2854//6864 2856//6864 
f 3926//6865 3925//6865 2856//6865 
f 3926//6866 2856//6866 2858//6866 
f 3927//6867 3926//6867 2858//6867 
f 3927//6868 2858//6868 2860//6868 
f 3928//6869 3927//6869 2860//6869 
f 3928//6870 2860//6870 2862//6870 
f 3929//6871 2862//6871 2864//6871 
f 3929//6872 3928//6872 2862//6872 
f 3930//6873 2864//6873 2866//6873 
f 3930//6874 3929//6874 2864//6874 
f 3931//6875 2866//6875 2868//6875 
f 3931//6876 3930//6876 2866//6876 
f 3932//6877 2868//6877 2870//6877 
f 3932//6878 3931//6878 2868//6878 
f 3933//6879 2870//6879 2872//6879 
f 3933//6880 3932//6880 2870//6880 
f 3934//6881 2872//6881 2874//6881 
f 3934//6882 3933//6882 2872//6882 
f 3935//6883 2874//6883 2876//6883 
f 3935//6884 3934//6884 2874//6884 
f 3936//6885 2876//6885 2878//6885 
f 3936//6886 3935//6886 2876//6886 
f 3937//6887 2878//6887 2880//6887 
f 3937//6888 3936//6888 2878//6888 
f 3938//6889 2880//6889 2881//6889 
f 3938//6890 3937//6890 2880//6890 
f 3814//6891 2881//6891 2882//6891 
f 3814//6892 3938//6892 2881//6892 
f 3939//6893 3940//6893 3012//6893 
f 3939//6894 3012//6894 3014//6894 
f 3941//6895 3014//6895 3015//6895 
f 3941//6896 3015//6896 3016//6896 
f 3941//6897 3939//6897 3014//6897 
f 3942//6898 3941//6898 3016//6898 
f 3943//6899 3016//6899 3017//6899 
f 3943//6900 3017//6900 3018//6900 
f 3943//6901 3942//6901 3016//6901 
f 3944//6902 3018//6902 3019//6902 
f 3944//6903 3943//6903 3018//6903 
f 3945//6904 3944//6904 3019//6904 
f 3946//6905 3019//6905 3020//6905 
f 3946//6906 3945//6906 3019//6906 
f 3947//6907 3020//6907 3021//6907 
f 3947//6908 3021//6908 3022//6908 
f 3947//6909 3946//6909 3020//6909 
f 3948//6910 3947//6910 3022//6910 
f 3949//6911 3022//6911 3023//6911 
f 3949//6912 3948//6912 3022//6912 
f 3950//6913 3949//6913 3023//6913 
f 3950//6914 3023//6914 3024//6914 
f 3951//6915 3950//6915 3024//6915 
f 3951//6916 3024//6916 3025//6916 
f 3952//6917 3951//6917 3025//6917 
f 3952//6918 3025//6918 3026//6918 
f 3953//6919 3952//6919 3026//6919 
f 3953//6920 3026//6920 3027//6920 
f 3954//6921 3027//6921 3028//6921 
f 3954//6922 3953//6922 3027//6922 
f 3955//6923 3028//6923 3029//6923 
f 3955//6924 3954//6924 3028//6924 
f 3956//6925 3029//6925 3030//6925 
f 3956//6926 3955//6926 3029//6926 
f 3957//6927 3030//6927 3031//6927 
f 3957//6928 3956//6928 3030//6928 
f 3958//6929 3031//6929 3032//6929 
f 3958//6930 3957//6930 3031//6930 
f 3959//6931 3032//6931 3033//6931 
f 3959//6932 3033//6932 3034//6932 
f 3959//6933 3958//6933 3032//6933 
f 3960//6934 3959//6934 3034//6934 
f 3961//6935 3034//6935 3035//6935 
f 3961//6936 3035//6936 3036//6936 
f 3961//6937 3960//6937 3034//6937 
f 3962//6938 3961//6938 3036//6938 
f 3963//6939 3036//6939 3037//6939 
f 3963//6940 3037//6940 3038//6940 
f 3963//6941 3962//6941 3036//6941 
f 3964//6942 3963//6942 3038//6942 
f 3965//6943 3038//6943 3039//6943 
f 3965//6944 3964//6944 3038//6944 
f 3966//6945 3039//6945 3040//6945 
f 3966//6946 3040//6946 3041//6946 
f 3966//6947 3965//6947 3039//6947 
f 3967//6948 3041//6948 3042//6948 
f 3967//6949 3966//6949 3041//6949 
f 3968//6950 3967//6950 3042//6950 
f 3969//6951 3042//6951 3043//6951 
f 3969//6952 3043//6952 3013//6952 
f 3969//6953 3968//6953 3042//6953 
f 3970//6954 3969//6954 3013//6954 
f 3971//6955 3013//6955 3011//6955 
f 3971//6956 3011//6956 3009//6956 
f 3971//6957 3970//6957 3013//6957 
f 3972//6958 3971//6958 3009//6958 
f 3973//6959 3009//6959 3007//6959 
f 3973//6960 3007//6960 3005//6960 
f 3973//6961 3972//6961 3009//6961 
f 3974//6962 3973//6962 3005//6962 
f 3975//6963 3974//6963 3005//6963 
f 3975//6964 3005//6964 3003//6964 
f 3976//6965 3003//6965 3001//6965 
f 3976//6966 3975//6966 3003//6966 
f 3977//6967 3976//6967 3001//6967 
f 3977//6968 3001//6968 2975//6968 
f 3978//6969 3977//6969 2975//6969 
f 3978//6970 2975//6970 2974//6970 
f 3979//6971 3978//6971 2974//6971 
f 3979//6972 2974//6972 2973//6972 
f 3979//6973 2973//6973 2972//6973 
f 3980//6974 3979//6974 2972//6974 
f 3981//6975 3980//6975 2972//6975 
f 3981//6976 2972//6976 2971//6976 
f 3982//6977 3981//6977 2971//6977 
f 3982//6978 2971//6978 2970//6978 
f 3983//6979 3982//6979 2970//6979 
f 3983//6980 2970//6980 2969//6980 
f 3984//6981 3983//6981 2969//6981 
f 3984//6982 2969//6982 2968//6982 
f 3985//6983 3984//6983 2968//6983 
f 3985//6984 2968//6984 2967//6984 
f 3986//6985 3985//6985 2967//6985 
f 3986//6986 2967//6986 2966//6986 
f 3987//6987 3986//6987 2966//6987 
f 3987//6988 2966//6988 2952//6988 
f 3988//6989 3987//6989 2952//6989 
f 3988//6990 2952//6990 2951//6990 
f 3989//6991 2951//6991 2953//6991 
f 3989//6992 3988//6992 2951//6992 
f 3990//6993 2953//6993 2954//6993 
f 3990//6994 3989//6994 2953//6994 
f 3991//6995 2954//6995 2955//6995 
f 3991//6996 3990//6996 2954//6996 
f 3992//6997 2955//6997 2956//6997 
f 3992//6998 3991//6998 2955//6998 
f 3993//6999 2956//6999 2957//6999 
f 3993//7000 3992//7000 2956//7000 
f 3994//7001 2957//7001 2958//7001 
f 3994//7002 3993//7002 2957//7002 
f 3995//7003 2958//7003 2959//7003 
f 3995//7004 3994//7004 2958//7004 
f 3996//7005 2959//7005 2960//7005 
f 3996//7006 3995//7006 2959//7006 
f 3997//7007 2960//7007 2961//7007 
f 3997//7008 3996//7008 2960//7008 
f 3998//7009 2961//7009 2962//7009 
f 3998//7010 3997//7010 2961//7010 
f 3999//7011 2962//7011 2963//7011 
f 3999//7012 3998//7012 2962//7012 
f 4000//7013 2963//7013 2964//7013 
f 4000//7014 3999//7014 2963//7014 
f 4001//7015 4000//7015 2964//7015 
f 4001//7016 2964//7016 2965//7016 
f 4002//7017 4001//7017 2965//7017 
f 4002//7018 2965//7018 2948//7018 
f 4003//7019 4002//7019 2948//7019 
f 4003//7020 2948//7020 2946//7020 
f 4004//7021 4003//7021 2946//7021 
f 4004//7022 2946//7022 2944//7022 
f 4005//7023 4004//7023 2944//7023 
f 4005//7024 2944//7024 2942//7024 
f 4006//7025 4005//7025 2942//7025 
f 4006//7026 2942//7026 2940//7026 
f 4007//7027 4006//7027 2940//7027 
f 4007//7028 2940//7028 2938//7028 
f 4008//7029 4007//7029 2938//7029 
f 4008//7030 2938//7030 2936//7030 
f 4009//7031 4008//7031 2936//7031 
f 4009//7032 2936//7032 2934//7032 
f 4010//7033 4009//7033 2934//7033 
f 4010//7034 2934//7034 2932//7034 
f 4011//7035 4010//7035 2932//7035 
f 4011//7036 2932//7036 2930//7036 
f 4012//7037 4011//7037 2930//7037 
f 4012//7038 2930//7038 2928//7038 
f 4013//7039 4012//7039 2928//7039 
f 4013//7040 2928//7040 2926//7040 
f 4014//7041 4013//7041 2926//7041 
f 4014//7042 2926//7042 2924//7042 
f 4015//7043 4014//7043 2924//7043 
f 4015//7044 2924//7044 2922//7044 
f 4016//7045 4015//7045 2922//7045 
f 4016//7046 2922//7046 2920//7046 
f 4017//7047 4016//7047 2920//7047 
f 4017//7048 2920//7048 2917//7048 
f 4018//7049 4017//7049 2917//7049 
f 4018//7050 2917//7050 2918//7050 
f 4019//7051 4018//7051 2918//7051 
f 4019//7052 2918//7052 2919//7052 
f 4020//7053 4019//7053 2919//7053 
f 4020//7054 2919//7054 2921//7054 
f 4021//7055 4020//7055 2921//7055 
f 4021//7056 2921//7056 2923//7056 
f 4022//7057 2923//7057 2925//7057 
f 4022//7058 4021//7058 2923//7058 
f 4023//7059 2925//7059 2927//7059 
f 4023//7060 4022//7060 2925//7060 
f 4024//7061 2927//7061 2929//7061 
f 4024//7062 4023//7062 2927//7062 
f 4025//7063 2929//7063 2931//7063 
f 4025//7064 4024//7064 2929//7064 
f 4026//7065 2931//7065 2933//7065 
f 4026//7066 4025//7066 2931//7066 
f 4027//7067 4026//7067 2933//7067 
f 4027//7068 2933//7068 2935//7068 
f 4028//7069 4027//7069 2935//7069 
f 4028//7070 2935//7070 2937//7070 
f 4029//7071 4028//7071 2937//7071 
f 4029//7072 2937//7072 2939//7072 
f 4030//7073 4029//7073 2939//7073 
f 4030//7074 2939//7074 2941//7074 
f 4031//7075 4030//7075 2941//7075 
f 4031//7076 2941//7076 2943//7076 
f 4032//7077 4031//7077 2943//7077 
f 4032//7078 2943//7078 2945//7078 
f 4032//7079 2945//7079 2947//7079 
f 4033//7080 4032//7080 2947//7080 
f 4034//7081 4033//7081 2947//7081 
f 4034//7082 2947//7082 2949//7082 
f 4035//7083 4034//7083 2949//7083 
f 4035//7084 2949//7084 2950//7084 
f 4036//7085 4035//7085 2950//7085 
f 4036//7086 2950//7086 2977//7086 
f 4037//7087 4036//7087 2977//7087 
f 4037//7088 2977//7088 2978//7088 
f 4038//7089 2979//7089 2980//7089 
f 4038//7090 4037//7090 2978//7090 
f 4038//7091 2978//7091 2979//7091 
f 4039//7092 4038//7092 2980//7092 
f 4040//7093 2980//7093 2981//7093 
f 4040//7094 4039//7094 2980//7094 
f 4041//7095 2981//7095 2982//7095 
f 4041//7096 4040//7096 2981//7096 
f 4042//7097 2982//7097 2983//7097 
f 4042//7098 2983//7098 2984//7098 
f 4042//7099 4041//7099 2982//7099 
f 4043//7100 4042//7100 2984//7100 
f 4044//7101 2984//7101 2985//7101 
f 4044//7102 4043//7102 2984//7102 
f 4045//7103 2985//7103 2986//7103 
f 4045//7104 4044//7104 2985//7104 
f 4046//7105 2986//7105 2987//7105 
f 4046//7106 2987//7106 2988//7106 
f 4046//7107 4045//7107 2986//7107 
f 4047//7108 4046//7108 2988//7108 
f 4048//7109 2988//7109 2989//7109 
f 4048//7110 2989//7110 2990//7110 
f 4048//7111 4047//7111 2988//7111 
f 4049//7112 4048//7112 2990//7112 
f 4050//7113 2990//7113 2991//7113 
f 4050//7114 4049//7114 2990//7114 
f 4051//7115 4050//7115 2991//7115 
f 4051//7116 2991//7116 2992//7116 
f 4052//7117 4051//7117 2992//7117 
f 4052//7118 2992//7118 2993//7118 
f 4053//7119 4052//7119 2993//7119 
f 4053//7120 2993//7120 2994//7120 
f 4054//7121 4053//7121 2994//7121 
f 4054//7122 2994//7122 2995//7122 
f 4055//7123 2995//7123 2996//7123 
f 4055//7124 4054//7124 2995//7124 
f 4056//7125 2996//7125 2997//7125 
f 4056//7126 4055//7126 2996//7126 
f 4057//7127 2997//7127 2998//7127 
f 4057//7128 4056//7128 2997//7128 
f 4058//7129 2998//7129 2999//7129 
f 4058//7130 4057//7130 2998//7130 
f 4059//7131 2999//7131 3000//7131 
f 4059//7132 4058//7132 2999//7132 
f 4060//7133 3000//7133 3002//7133 
f 4060//7134 4059//7134 3000//7134 
f 4061//7135 3002//7135 3004//7135 
f 4061//7136 4060//7136 3002//7136 
f 4062//7137 3004//7137 3006//7137 
f 4062//7138 4061//7138 3004//7138 
f 4063//7139 3006//7139 3008//7139 
f 4063//7140 4062//7140 3006//7140 
f 4064//7141 3008//7141 3010//7141 
f 4064//7142 4063//7142 3008//7142 
f 3940//7143 3010//7143 3012//7143 
f 3940//7144 4064//7144 3010//7144 
f 3055//7145 3049//7145 3056//7145 
f 3053//7146 3049//7146 3055//7146 
f 3054//7147 3056//7147 3049//7147 
f 3046//7148 3054//7148 3049//7148 
f 3052//7149 3046//7149 3045//7149 
f 3052//7150 3054//7150 3046//7150 
f 3050//7151 4065//7151 3048//7151 
f 3048//7152 4065//7152 4066//7152 
f 4065//7153 3050//7153 3051//7153 
f 4065//7154 3051//7154 4067//7154 
f 4067//7155 3051//7155 3047//7155 
f 4067//7156 3047//7156 4068//7156 
f 3048//7157 4066//7157 3047//7157 
f 3047//7158 4066//7158 4068//7158 
f 3142//7159 3139//7159 3140//7159 
f 3142//7160 3140//7160 3141//7160 
f 3128//7161 3129//7161 3130//7161 
f 3128//7162 3130//7162 3131//7162 
f 3145//7163 3142//7163 3143//7163 
f 3145//7164 3143//7164 3144//7164 
f 3147//7165 3145//7165 3146//7165 
f 3152//7166 3150//7166 3151//7166 
f 3154//7167 3152//7167 3153//7167 
f 3155//7168 3152//7168 3154//7168 
f 3115//7169 3116//7169 3117//7169 
f 3158//7170 3152//7170 3155//7170 
f 3158//7171 3155//7171 3156//7171 
f 3158//7172 3156//7172 3157//7172 
f 3160//7173 3158//7173 3159//7173 
f 3111//7174 3112//7174 3113//7174 
f 3111//7175 3113//7175 3114//7175 
f 3111//7176 3114//7176 3115//7176 
f 3110//7177 3111//7177 3115//7177 
f 3162//7178 3160//7178 3161//7178 
f 3108//7179 3109//7179 3110//7179 
f 3164//7180 3158//7180 3160//7180 
f 3164//7181 3162//7181 3163//7181 
f 3164//7182 3160//7182 3162//7182 
f 3107//7183 3108//7183 3110//7183 
f 3105//7184 3110//7184 3115//7184 
f 3105//7185 3107//7185 3110//7185 
f 3105//7186 3106//7186 3107//7186 
f 3105//7187 3117//7187 3118//7187 
f 3105//7188 3115//7188 3117//7188 
f 3167//7189 3165//7189 3166//7189 
f 3168//7190 3164//7190 3165//7190 
f 3168//7191 3158//7191 3164//7191 
f 3168//7192 3165//7192 3167//7192 
f 3103//7193 3104//7193 3105//7193 
f 3103//7194 3118//7194 3119//7194 
f 3103//7195 3119//7195 3120//7195 
f 3103//7196 3120//7196 3121//7196 
f 3103//7197 3121//7197 3122//7197 
f 3103//7198 3122//7198 3123//7198 
f 3103//7199 3123//7199 3124//7199 
f 3103//7200 3124//7200 3125//7200 
f 3103//7201 3125//7201 3126//7201 
f 3103//7202 3126//7202 3127//7202 
f 3103//7203 3127//7203 3128//7203 
f 3103//7204 3105//7204 3118//7204 
f 3170//7205 3168//7205 3169//7205 
f 3101//7206 3102//7206 3103//7206 
f 3171//7207 3168//7207 3170//7207 
f 3172//7208 3168//7208 3171//7208 
f 3173//7209 3168//7209 3172//7209 
f 3097//7210 3098//7210 3099//7210 
f 3176//7211 3174//7211 3175//7211 
f 3095//7212 3096//7212 3097//7212 
f 3177//7213 3152//7213 3158//7213 
f 3177//7214 3173//7214 3174//7214 
f 3177//7215 3158//7215 3168//7215 
f 3177//7216 3139//7216 3142//7216 
f 3177//7217 3168//7217 3173//7217 
f 3177//7218 3142//7218 3145//7218 
f 3177//7219 3145//7219 3147//7219 
f 3177//7220 3174//7220 3176//7220 
f 3177//7221 3136//7221 3137//7221 
f 3177//7222 3137//7222 3138//7222 
f 3177//7223 3138//7223 3139//7223 
f 3177//7224 3147//7224 3148//7224 
f 3177//7225 3148//7225 3149//7225 
f 3177//7226 3149//7226 3150//7226 
f 3177//7227 3150//7227 3152//7227 
f 3179//7228 3177//7228 3178//7228 
f 3180//7229 3177//7229 3179//7229 
f 3090//7230 3091//7230 3092//7230 
f 3090//7231 3092//7231 3093//7231 
f 3058//7232 3180//7232 3181//7232 
f 3058//7233 3181//7233 3182//7233 
f 3086//7234 3087//7234 3088//7234 
f 3061//7235 3059//7235 3060//7235 
f 3084//7236 3085//7236 3086//7236 
f 3084//7237 3088//7237 3089//7237 
f 3084//7238 3086//7238 3088//7238 
f 3082//7239 3083//7239 3084//7239 
f 3064//7240 3061//7240 3062//7240 
f 3064//7241 3062//7241 3063//7241 
f 3064//7242 3059//7242 3061//7242 
f 3066//7243 3064//7243 3065//7243 
f 3079//7244 3080//7244 3081//7244 
f 3067//7245 3064//7245 3066//7245 
f 3078//7246 3081//7246 3082//7246 
f 3078//7247 3079//7247 3081//7247 
f 3076//7248 3084//7248 3089//7248 
f 3076//7249 3077//7249 3078//7249 
f 3076//7250 3082//7250 3084//7250 
f 3076//7251 3078//7251 3082//7251 
f 3072//7252 3068//7252 3069//7252 
f 3072//7253 3069//7253 3070//7253 
f 3072//7254 3070//7254 3071//7254 
f 3073//7255 3058//7255 3057//7255 
f 3073//7256 3057//7256 3059//7256 
f 3073//7257 3177//7257 3180//7257 
f 3073//7258 3090//7258 3093//7258 
f 3073//7259 3067//7259 3068//7259 
f 3073//7260 3180//7260 3058//7260 
f 3073//7261 3074//7261 3075//7261 
f 3073//7262 3075//7262 3076//7262 
f 3073//7263 3059//7263 3064//7263 
f 3073//7264 3089//7264 3090//7264 
f 3073//7265 3093//7265 3094//7265 
f 3073//7266 3094//7266 3095//7266 
f 3073//7267 3099//7267 3100//7267 
f 3073//7268 3100//7268 3101//7268 
f 3073//7269 3128//7269 3131//7269 
f 3073//7270 3064//7270 3067//7270 
f 3073//7271 3076//7271 3089//7271 
f 3073//7272 3097//7272 3099//7272 
f 3073//7273 3101//7273 3103//7273 
f 3073//7274 3131//7274 3132//7274 
f 3073//7275 3132//7275 3133//7275 
f 3073//7276 3133//7276 3134//7276 
f 3073//7277 3134//7277 3135//7277 
f 3073//7278 3135//7278 3136//7278 
f 3073//7279 3136//7279 3177//7279 
f 3073//7280 3068//7280 3072//7280 
f 3073//7281 3103//7281 3128//7281 
f 3073//7282 3095//7282 3097//7282 
f 3269//7283 3265//7283 3266//7283 
f 3269//7284 3266//7284 3267//7284 
f 3269//7285 3267//7285 3268//7285 
f 3271//7286 3265//7286 3269//7286 
f 3271//7287 3262//7287 3263//7287 
f 3271//7288 3263//7288 3264//7288 
f 3271//7289 3264//7289 3265//7289 
f 3271//7290 3269//7290 3270//7290 
f 3274//7291 3271//7291 3272//7291 
f 3274//7292 3272//7292 3273//7292 
f 3278//7293 3276//7293 3277//7293 
f 3281//7294 3279//7294 3280//7294 
f 3241//7295 3242//7295 3243//7295 
f 3241//7296 3243//7296 3244//7296 
f 3284//7297 3279//7297 3281//7297 
f 3284//7298 3278//7298 3279//7298 
f 3284//7299 3281//7299 3282//7299 
f 3284//7300 3282//7300 3283//7300 
f 3286//7301 3284//7301 3285//7301 
f 3286//7302 3278//7302 3284//7302 
f 3237//7303 3238//7303 3239//7303 
f 3237//7304 3239//7304 3240//7304 
f 3237//7305 3240//7305 3241//7305 
f 3288//7306 3286//7306 3287//7306 
f 3289//7307 3286//7307 3288//7307 
f 3234//7308 3235//7308 3236//7308 
f 3290//7309 3286//7309 3289//7309 
f 3231//7310 3234//7310 3236//7310 
f 3231//7311 3232//7311 3233//7311 
f 3231//7312 3233//7312 3234//7312 
f 3231//7313 3236//7313 3237//7313 
f 3229//7314 3237//7314 3241//7314 
f 3229//7315 3231//7315 3237//7315 
f 3229//7316 3230//7316 3231//7316 
f 3229//7317 3244//7317 3245//7317 
f 3229//7318 3245//7318 3246//7318 
f 3229//7319 3246//7319 3247//7319 
f 3229//7320 3247//7320 3248//7320 
f 3229//7321 3248//7321 3249//7321 
f 3229//7322 3249//7322 3250//7322 
f 3229//7323 3250//7323 3251//7323 
f 3229//7324 3251//7324 3252//7324 
f 3229//7325 3252//7325 3253//7325 
f 3229//7326 3253//7326 3254//7326 
f 3229//7327 3254//7327 3255//7327 
f 3229//7328 3255//7328 3256//7328 
f 3229//7329 3256//7329 3257//7329 
f 3229//7330 3257//7330 3258//7330 
f 3229//7331 3241//7331 3244//7331 
f 3295//7332 3291//7332 3292//7332 
f 3295//7333 3292//7333 3293//7333 
f 3295//7334 3293//7334 3294//7334 
f 3296//7335 3290//7335 3291//7335 
f 3296//7336 3286//7336 3290//7336 
f 3296//7337 3291//7337 3295//7337 
f 3227//7338 3228//7338 3229//7338 
f 3300//7339 3297//7339 3298//7339 
f 3300//7340 3298//7340 3299//7340 
f 3223//7341 3224//7341 3225//7341 
f 3223//7342 3225//7342 3226//7342 
f 3223//7343 3226//7343 3227//7343 
f 3302//7344 3300//7344 3301//7344 
f 3221//7345 3222//7345 3223//7345 
f 3303//7346 3300//7346 3302//7346 
f 3220//7347 3221//7347 3223//7347 
f 3220//7348 3223//7348 3227//7348 
f 3305//7349 3303//7349 3304//7349 
f 3305//7350 3300//7350 3303//7350 
f 3306//7351 3300//7351 3305//7351 
f 3217//7352 3218//7352 3219//7352 
f 3217//7353 3219//7353 3220//7353 
f 3308//7354 3306//7354 3307//7354 
f 3308//7355 3300//7355 3306//7355 
f 3183//7356 3308//7356 3184//7356 
f 3185//7357 3308//7357 3183//7357 
f 3185//7358 3300//7358 3308//7358 
f 3212//7359 3213//7359 3214//7359 
f 3211//7360 3212//7360 3214//7360 
f 3209//7361 3210//7361 3211//7361 
f 3189//7362 3186//7362 3187//7362 
f 3189//7363 3187//7363 3188//7363 
f 3190//7364 3186//7364 3189//7364 
f 3207//7365 3208//7365 3209//7365 
f 3207//7366 3211//7366 3214//7366 
f 3207//7367 3214//7367 3215//7367 
f 3207//7368 3215//7368 3216//7368 
f 3207//7369 3209//7369 3211//7369 
f 3191//7370 3186//7370 3190//7370 
f 3205//7371 3206//7371 3207//7371 
f 3193//7372 3191//7372 3192//7372 
f 3204//7373 3207//7373 3216//7373 
f 3204//7374 3205//7374 3207//7374 
f 3194//7375 3185//7375 3186//7375 
f 3194//7376 3186//7376 3191//7376 
f 3194//7377 3191//7377 3193//7377 
f 3202//7378 3204//7378 3216//7378 
f 3202//7379 3203//7379 3204//7379 
f 3202//7380 3216//7380 3217//7380 
f 3196//7381 3194//7381 3195//7381 
f 3200//7382 3201//7382 3202//7382 
f 3198//7383 3296//7383 3297//7383 
f 3198//7384 3196//7384 3197//7384 
f 3198//7385 3300//7385 3185//7385 
f 3198//7386 3185//7386 3194//7386 
f 3198//7387 3194//7387 3196//7387 
f 3198//7388 3297//7388 3300//7388 
f 3199//7389 3202//7389 3217//7389 
f 3199//7390 3200//7390 3202//7390 
f 3199//7391 3227//7391 3229//7391 
f 3199//7392 3229//7392 3258//7392 
f 3199//7393 3262//7393 3271//7393 
f 3199//7394 3286//7394 3296//7394 
f 3199//7395 3271//7395 3274//7395 
f 3199//7396 3296//7396 3198//7396 
f 3199//7397 3258//7397 3259//7397 
f 3199//7398 3259//7398 3260//7398 
f 3199//7399 3220//7399 3227//7399 
f 3199//7400 3260//7400 3261//7400 
f 3199//7401 3261//7401 3262//7401 
f 3199//7402 3217//7402 3220//7402 
f 3199//7403 3278//7403 3286//7403 
f 3199//7404 3274//7404 3275//7404 
f 3199//7405 3275//7405 3276//7405 
f 3199//7406 3276//7406 3278//7406 
f 4069//7407 3387//7407 3388//7407 
f 4069//7408 3388//7408 4070//7408 
f 4071//7409 3388//7409 3389//7409 
f 4071//7410 4070//7410 3388//7410 
f 4072//7411 3387//7411 4069//7411 
f 4072//7412 3386//7412 3387//7412 
f 4073//7413 4071//7413 3389//7413 
f 4073//7414 3389//7414 3390//7414 
f 4074//7415 3386//7415 4072//7415 
f 4074//7416 3384//7416 3385//7416 
f 4074//7417 3385//7417 3386//7417 
f 4075//7418 4073//7418 3390//7418 
f 4075//7419 3390//7419 3391//7419 
f 4076//7420 3384//7420 4074//7420 
f 4077//7421 4075//7421 3391//7421 
f 4077//7422 3391//7422 3392//7422 
f 4078//7423 3384//7423 4076//7423 
f 4078//7424 3383//7424 3384//7424 
f 4079//7425 4077//7425 3392//7425 
f 4079//7426 3392//7426 3393//7426 
f 4080//7427 3383//7427 4078//7427 
f 4080//7428 3382//7428 3383//7428 
f 4081//7429 4079//7429 3393//7429 
f 4081//7430 3393//7430 3394//7430 
f 4082//7431 3382//7431 4080//7431 
f 4082//7432 3381//7432 3382//7432 
f 4083//7433 4081//7433 3394//7433 
f 4083//7434 3394//7434 3395//7434 
f 4084//7435 3381//7435 4082//7435 
f 4084//7436 3380//7436 3381//7436 
f 4085//7437 4083//7437 3395//7437 
f 4085//7438 3395//7438 3396//7438 
f 4086//7439 3379//7439 3380//7439 
f 4086//7440 3380//7440 4084//7440 
f 4087//7441 3396//7441 3397//7441 
f 4087//7442 4085//7442 3396//7442 
f 4088//7443 3378//7443 3379//7443 
f 4088//7444 3379//7444 4086//7444 
f 4089//7445 4087//7445 3397//7445 
f 4089//7446 3397//7446 3398//7446 
f 4089//7447 3398//7447 3399//7447 
f 4090//7448 3378//7448 4088//7448 
f 4090//7449 3377//7449 3378//7449 
f 4091//7450 4089//7450 3399//7450 
f 4092//7451 3376//7451 3377//7451 
f 4092//7452 3377//7452 4090//7452 
f 4093//7453 4091//7453 3399//7453 
f 4093//7454 3399//7454 3400//7454 
f 4094//7455 3375//7455 3376//7455 
f 4094//7456 3376//7456 4092//7456 
f 4095//7457 4093//7457 3400//7457 
f 4095//7458 3400//7458 3401//7458 
f 4095//7459 3401//7459 3402//7459 
f 4096//7460 3375//7460 4094//7460 
f 4096//7461 3374//7461 3375//7461 
f 4097//7462 4095//7462 3402//7462 
f 4098//7463 3373//7463 3374//7463 
f 4098//7464 3374//7464 4096//7464 
f 4099//7465 4097//7465 3402//7465 
f 4099//7466 3402//7466 3403//7466 
f 4100//7467 3373//7467 4098//7467 
f 4100//7468 3372//7468 3373//7468 
f 4101//7469 4099//7469 3403//7469 
f 4101//7470 3403//7470 3404//7470 
f 4101//7471 3404//7471 3405//7471 
f 4102//7472 3372//7472 4100//7472 
f 4102//7473 3371//7473 3372//7473 
f 4103//7474 4101//7474 3405//7474 
f 4104//7475 3371//7475 4102//7475 
f 4104//7476 3370//7476 3371//7476 
f 4105//7477 4103//7477 3405//7477 
f 4105//7478 3405//7478 3406//7478 
f 4106//7479 3370//7479 4104//7479 
f 4106//7480 3369//7480 3370//7480 
f 4107//7481 4105//7481 3406//7481 
f 4107//7482 3406//7482 3407//7482 
f 4108//7483 3369//7483 4106//7483 
f 4108//7484 3368//7484 3369//7484 
f 4109//7485 4107//7485 3407//7485 
f 4109//7486 3407//7486 3408//7486 
f 4110//7487 3368//7487 4108//7487 
f 4110//7488 3367//7488 3368//7488 
f 4111//7489 4109//7489 3408//7489 
f 4111//7490 3408//7490 3409//7490 
f 4112//7491 3367//7491 4110//7491 
f 4112//7492 3366//7492 3367//7492 
f 4113//7493 3409//7493 3410//7493 
f 4113//7494 4111//7494 3409//7494 
f 4114//7495 3366//7495 4112//7495 
f 4114//7496 3365//7496 3366//7496 
f 4115//7497 3410//7497 3411//7497 
f 4115//7498 4113//7498 3410//7498 
f 4116//7499 3365//7499 4114//7499 
f 4116//7500 3364//7500 3365//7500 
f 4117//7501 3411//7501 3412//7501 
f 4117//7502 4115//7502 3411//7502 
f 4118//7503 3362//7503 3363//7503 
f 4118//7504 3363//7504 3364//7504 
f 4118//7505 3364//7505 4116//7505 
f 4119//7506 3412//7506 3413//7506 
f 4119//7507 4117//7507 3412//7507 
f 4120//7508 3362//7508 4118//7508 
f 4121//7509 3413//7509 3414//7509 
f 4121//7510 4119//7510 3413//7510 
f 4122//7511 3361//7511 3362//7511 
f 4122//7512 3362//7512 4120//7512 
f 4123//7513 3414//7513 3415//7513 
f 4123//7514 4121//7514 3414//7514 
f 4124//7515 3361//7515 4122//7515 
f 4124//7516 3360//7516 3361//7516 
f 4125//7517 3415//7517 3416//7517 
f 4125//7518 4123//7518 3415//7518 
f 4126//7519 3359//7519 3360//7519 
f 4126//7520 3360//7520 4124//7520 
f 4127//7521 3416//7521 3417//7521 
f 4127//7522 4125//7522 3416//7522 
f 4128//7523 3358//7523 3359//7523 
f 4128//7524 3359//7524 4126//7524 
f 4129//7525 3417//7525 3418//7525 
f 4129//7526 4127//7526 3417//7526 
f 4130//7527 3357//7527 3358//7527 
f 4130//7528 3358//7528 4128//7528 
f 3419//7529 4129//7529 3418//7529 
f 4131//7530 4129//7530 3419//7530 
f 4132//7531 3357//7531 4130//7531 
f 3356//7532 3357//7532 4132//7532 
f 4133//7533 4131//7533 3419//7533 
f 3420//7534 4133//7534 3419//7534 
f 3355//7535 3356//7535 4132//7535 
f 3355//7536 4132//7536 4134//7536 
f 3421//7537 4133//7537 3420//7537 
f 3421//7538 4135//7538 4133//7538 
f 3421//7539 4136//7539 4135//7539 
f 3354//7540 3355//7540 4134//7540 
f 3354//7541 4134//7541 4137//7541 
f 3422//7542 4136//7542 3421//7542 
f 3353//7543 3354//7543 4137//7543 
f 3353//7544 4137//7544 4138//7544 
f 3423//7545 4136//7545 3422//7545 
f 3423//7546 4139//7546 4136//7546 
f 3352//7547 3353//7547 4138//7547 
f 3352//7548 4140//7548 4141//7548 
f 3352//7549 4138//7549 4140//7549 
f 3424//7550 4139//7550 3423//7550 
f 3424//7551 4142//7551 4139//7551 
f 3351//7552 3352//7552 4141//7552 
f 3425//7553 4143//7553 4142//7553 
f 3425//7554 4144//7554 4143//7554 
f 3425//7555 4142//7555 3424//7555 
f 3350//7556 3351//7556 4141//7556 
f 3350//7557 4141//7557 4145//7557 
f 3426//7558 4144//7558 3425//7558 
f 3349//7559 4145//7559 4146//7559 
f 3349//7560 3350//7560 4145//7560 
f 3427//7561 4147//7561 4144//7561 
f 3427//7562 4148//7562 4147//7562 
f 3427//7563 4144//7563 3426//7563 
f 3348//7564 4149//7564 4150//7564 
f 3348//7565 4146//7565 4149//7565 
f 3348//7566 3349//7566 4146//7566 
f 3428//7567 4148//7567 3427//7567 
f 3347//7568 4150//7568 4151//7568 
f 3347//7569 3348//7569 4150//7569 
f 3429//7570 4152//7570 4148//7570 
f 3429//7571 4153//7571 4152//7571 
f 3429//7572 4148//7572 3428//7572 
f 3346//7573 3347//7573 4151//7573 
f 3430//7574 4154//7574 4153//7574 
f 3430//7575 4153//7575 3429//7575 
f 3345//7576 3346//7576 4151//7576 
f 3345//7577 4151//7577 4155//7577 
f 3431//7578 4154//7578 3430//7578 
f 3344//7579 4155//7579 4156//7579 
f 3344//7580 3345//7580 4155//7580 
f 3432//7581 4157//7581 4154//7581 
f 3432//7582 4154//7582 3431//7582 
f 3343//7583 4156//7583 4158//7583 
f 3343//7584 3344//7584 4156//7584 
f 3433//7585 4159//7585 4157//7585 
f 3433//7586 4157//7586 3432//7586 
f 3342//7587 4158//7587 4160//7587 
f 3342//7588 3343//7588 4158//7588 
f 3434//7589 4161//7589 4159//7589 
f 3434//7590 4159//7590 3433//7590 
f 3341//7591 3342//7591 4160//7591 
f 3341//7592 4160//7592 4162//7592 
f 3310//7593 4163//7593 4164//7593 
f 3310//7594 4161//7594 3434//7594 
f 3310//7595 4164//7595 4161//7595 
f 3340//7596 4162//7596 4165//7596 
f 3340//7597 3341//7597 4162//7597 
f 3309//7598 4163//7598 3310//7598 
f 3339//7599 3340//7599 4165//7599 
f 3339//7600 4166//7600 4167//7600 
f 3339//7601 4165//7601 4166//7601 
f 3311//7602 4168//7602 4163//7602 
f 3311//7603 4163//7603 3309//7603 
f 3338//7604 3339//7604 4167//7604 
f 3338//7605 4167//7605 4169//7605 
f 3312//7606 4170//7606 4168//7606 
f 3312//7607 4168//7607 3311//7607 
f 3337//7608 3338//7608 4169//7608 
f 3337//7609 4169//7609 4171//7609 
f 3313//7610 4172//7610 4170//7610 
f 3313//7611 4170//7611 3312//7611 
f 3336//7612 3337//7612 4171//7612 
f 3336//7613 4171//7613 4173//7613 
f 3314//7614 4174//7614 4172//7614 
f 3314//7615 4175//7615 4174//7615 
f 3314//7616 4172//7616 3313//7616 
f 3335//7617 3336//7617 4173//7617 
f 3315//7618 4175//7618 3314//7618 
f 3334//7619 3335//7619 4173//7619 
f 3334//7620 4173//7620 4176//7620 
f 3316//7621 4177//7621 4175//7621 
f 3316//7622 4175//7622 3315//7622 
f 3333//7623 3334//7623 4176//7623 
f 3333//7624 4178//7624 4179//7624 
f 3333//7625 4176//7625 4178//7625 
f 3317//7626 4177//7626 3316//7626 
f 3317//7627 4180//7627 4177//7627 
f 3317//7628 4181//7628 4180//7628 
f 3332//7629 3333//7629 4179//7629 
f 3318//7630 4181//7630 3317//7630 
f 3331//7631 3332//7631 4179//7631 
f 3331//7632 4179//7632 4182//7632 
f 3319//7633 4181//7633 3318//7633 
f 3319//7634 4183//7634 4181//7634 
f 3319//7635 4184//7635 4183//7635 
f 3330//7636 3331//7636 4182//7636 
f 3330//7637 4182//7637 4185//7637 
f 3320//7638 4184//7638 3319//7638 
f 3329//7639 3330//7639 4185//7639 
f 3329//7640 4185//7640 4186//7640 
f 3321//7641 4184//7641 3320//7641 
f 3321//7642 4187//7642 4184//7642 
f 3328//7643 3329//7643 4186//7643 
f 3328//7644 4188//7644 4189//7644 
f 3328//7645 4186//7645 4188//7645 
f 3322//7646 4187//7646 3321//7646 
f 3322//7647 4190//7647 4187//7647 
f 3327//7648 3328//7648 4189//7648 
f 3323//7649 4190//7649 3322//7649 
f 3323//7650 4191//7650 4190//7650 
f 3323//7651 4192//7651 4191//7651 
f 3326//7652 4193//7652 4194//7652 
f 3326//7653 4189//7653 4193//7653 
f 3326//7654 3327//7654 4189//7654 
f 3324//7655 4192//7655 3323//7655 
f 3325//7656 3326//7656 4194//7656 
f 3325//7657 4194//7657 4192//7657 
f 3325//7658 4192//7658 3324//7658 
f 4195//7659 3514//7659 4196//7659 
f 4195//7660 3513//7660 3514//7660 
f 4197//7661 4196//7661 3514//7661 
f 4197//7662 3514//7662 3515//7662 
f 4198//7663 3513//7663 4195//7663 
f 4198//7664 3512//7664 3513//7664 
f 4199//7665 4197//7665 3515//7665 
f 4199//7666 3515//7666 3516//7666 
f 4200//7667 3512//7667 4198//7667 
f 4200//7668 3510//7668 3511//7668 
f 4200//7669 3511//7669 3512//7669 
f 4201//7670 3516//7670 3517//7670 
f 4201//7671 4199//7671 3516//7671 
f 4202//7672 3510//7672 4200//7672 
f 4203//7673 4201//7673 3517//7673 
f 4203//7674 3517//7674 3518//7674 
f 4204//7675 3510//7675 4202//7675 
f 4204//7676 3509//7676 3510//7676 
f 4205//7677 3518//7677 3519//7677 
f 4205//7678 4203//7678 3518//7678 
f 4206//7679 3509//7679 4204//7679 
f 4206//7680 3508//7680 3509//7680 
f 4207//7681 4205//7681 3519//7681 
f 4207//7682 3519//7682 3520//7682 
f 4208//7683 3508//7683 4206//7683 
f 4208//7684 3507//7684 3508//7684 
f 4209//7685 4207//7685 3520//7685 
f 4209//7686 3520//7686 3521//7686 
f 4210//7687 3507//7687 4208//7687 
f 4210//7688 3506//7688 3507//7688 
f 4211//7689 4209//7689 3521//7689 
f 4211//7690 3521//7690 3522//7690 
f 4212//7691 3505//7691 3506//7691 
f 4212//7692 3506//7692 4210//7692 
f 4213//7693 4211//7693 3522//7693 
f 4213//7694 3522//7694 3523//7694 
f 4214//7695 3504//7695 3505//7695 
f 4214//7696 3505//7696 4212//7696 
f 4215//7697 4213//7697 3523//7697 
f 4215//7698 3523//7698 3524//7698 
f 4215//7699 3524//7699 3525//7699 
f 4216//7700 3504//7700 4214//7700 
f 4216//7701 3503//7701 3504//7701 
f 4217//7702 4215//7702 3525//7702 
f 4218//7703 3502//7703 3503//7703 
f 4218//7704 3503//7704 4216//7704 
f 4219//7705 4217//7705 3525//7705 
f 4219//7706 3525//7706 3526//7706 
f 4220//7707 3501//7707 3502//7707 
f 4220//7708 3502//7708 4218//7708 
f 4221//7709 3526//7709 3527//7709 
f 4221//7710 4219//7710 3526//7710 
f 4222//7711 3501//7711 4220//7711 
f 4222//7712 3500//7712 3501//7712 
f 4223//7713 3527//7713 3528//7713 
f 4223//7714 4221//7714 3527//7714 
f 4224//7715 3500//7715 4222//7715 
f 4224//7716 3499//7716 3500//7716 
f 4225//7717 4223//7717 3528//7717 
f 4225//7718 3528//7718 3529//7718 
f 4225//7719 3529//7719 3530//7719 
f 4226//7720 3499//7720 4224//7720 
f 4226//7721 3498//7721 3499//7721 
f 4227//7722 4225//7722 3530//7722 
f 4228//7723 3498//7723 4226//7723 
f 4228//7724 3497//7724 3498//7724 
f 4229//7725 4227//7725 3530//7725 
f 4229//7726 3530//7726 3531//7726 
f 4229//7727 3531//7727 3532//7727 
f 4230//7728 3497//7728 4228//7728 
f 4230//7729 3496//7729 3497//7729 
f 4231//7730 4229//7730 3532//7730 
f 4232//7731 3496//7731 4230//7731 
f 4232//7732 3495//7732 3496//7732 
f 4233//7733 4231//7733 3532//7733 
f 4233//7734 3532//7734 3533//7734 
f 4234//7735 3495//7735 4232//7735 
f 4234//7736 3494//7736 3495//7736 
f 4235//7737 4233//7737 3533//7737 
f 4235//7738 3533//7738 3534//7738 
f 4236//7739 3494//7739 4234//7739 
f 4236//7740 3493//7740 3494//7740 
f 4237//7741 4235//7741 3534//7741 
f 4237//7742 3534//7742 3535//7742 
f 4238//7743 3493//7743 4236//7743 
f 4238//7744 3492//7744 3493//7744 
f 4239//7745 3535//7745 3536//7745 
f 4239//7746 4237//7746 3535//7746 
f 4240//7747 3492//7747 4238//7747 
f 4240//7748 3491//7748 3492//7748 
f 4241//7749 3536//7749 3537//7749 
f 4241//7750 4239//7750 3536//7750 
f 4242//7751 3491//7751 4240//7751 
f 4242//7752 3490//7752 3491//7752 
f 4243//7753 3537//7753 3538//7753 
f 4243//7754 4241//7754 3537//7754 
f 4244//7755 3488//7755 3489//7755 
f 4244//7756 3489//7756 3490//7756 
f 4244//7757 3490//7757 4242//7757 
f 4245//7758 3538//7758 3539//7758 
f 4245//7759 4243//7759 3538//7759 
f 4246//7760 3488//7760 4244//7760 
f 4247//7761 3539//7761 3540//7761 
f 4247//7762 4245//7762 3539//7762 
f 4248//7763 3487//7763 3488//7763 
f 4248//7764 3488//7764 4246//7764 
f 4249//7765 3540//7765 3541//7765 
f 4249//7766 4247//7766 3540//7766 
f 4250//7767 3487//7767 4248//7767 
f 4250//7768 3486//7768 3487//7768 
f 4251//7769 3541//7769 3542//7769 
f 4251//7770 4249//7770 3541//7770 
f 4252//7771 3486//7771 4250//7771 
f 4252//7772 3485//7772 3486//7772 
f 4253//7773 3542//7773 3543//7773 
f 4253//7774 4251//7774 3542//7774 
f 4254//7775 3484//7775 3485//7775 
f 4254//7776 3485//7776 4252//7776 
f 4255//7777 3543//7777 3544//7777 
f 4255//7778 4253//7778 3543//7778 
f 4256//7779 3483//7779 3484//7779 
f 4256//7780 3484//7780 4254//7780 
f 4257//7781 4255//7781 3544//7781 
f 4257//7782 3544//7782 3545//7782 
f 4258//7783 3483//7783 4256//7783 
f 3482//7784 3483//7784 4258//7784 
f 4259//7785 4257//7785 3545//7785 
f 3546//7786 4259//7786 3545//7786 
f 3481//7787 3482//7787 4258//7787 
f 3481//7788 4258//7788 4260//7788 
f 3547//7789 4259//7789 3546//7789 
f 3547//7790 4261//7790 4259//7790 
f 3547//7791 4262//7791 4261//7791 
f 3480//7792 3481//7792 4260//7792 
f 3480//7793 4260//7793 4263//7793 
f 3548//7794 4262//7794 3547//7794 
f 3548//7795 4264//7795 4262//7795 
f 3479//7796 3480//7796 4263//7796 
f 3479//7797 4265//7797 4266//7797 
f 3479//7798 4263//7798 4265//7798 
f 3549//7799 4264//7799 3548//7799 
f 3478//7800 3479//7800 4266//7800 
f 3550//7801 4267//7801 4264//7801 
f 3550//7802 4264//7802 3549//7802 
f 3477//7803 3478//7803 4266//7803 
f 3477//7804 4266//7804 4268//7804 
f 3551//7805 4267//7805 3550//7805 
f 3551//7806 4269//7806 4267//7806 
f 3476//7807 4268//7807 4270//7807 
f 3476//7808 3477//7808 4268//7808 
f 3552//7809 4271//7809 4269//7809 
f 3552//7810 4269//7810 3551//7810 
f 3475//7811 4270//7811 4272//7811 
f 3475//7812 3476//7812 4270//7812 
f 3553//7813 4273//7813 4271//7813 
f 3553//7814 4271//7814 3552//7814 
f 3474//7815 4274//7815 4275//7815 
f 3474//7816 4272//7816 4274//7816 
f 3474//7817 3475//7817 4272//7817 
f 3554//7818 4276//7818 4273//7818 
f 3554//7819 4273//7819 3553//7819 
f 3473//7820 3474//7820 4275//7820 
f 3473//7821 4275//7821 4277//7821 
f 3555//7822 4276//7822 3554//7822 
f 3555//7823 4278//7823 4276//7823 
f 3472//7824 3473//7824 4277//7824 
f 3556//7825 4278//7825 3555//7825 
f 3556//7826 4279//7826 4278//7826 
f 3471//7827 3472//7827 4277//7827 
f 3471//7828 4277//7828 4280//7828 
f 3557//7829 4281//7829 4279//7829 
f 3557//7830 4279//7830 3556//7830 
f 3470//7831 4280//7831 4282//7831 
f 3470//7832 3471//7832 4280//7832 
f 3558//7833 4283//7833 4281//7833 
f 3558//7834 4281//7834 3557//7834 
f 3469//7835 4282//7835 4284//7835 
f 3469//7836 3470//7836 4282//7836 
f 3559//7837 4285//7837 4283//7837 
f 3559//7838 4283//7838 3558//7838 
f 3468//7839 4284//7839 4286//7839 
f 3468//7840 3469//7840 4284//7840 
f 3560//7841 4287//7841 4285//7841 
f 3560//7842 4285//7842 3559//7842 
f 3467//7843 4286//7843 4288//7843 
f 3467//7844 3468//7844 4286//7844 
f 3436//7845 4289//7845 4287//7845 
f 3436//7846 4287//7846 3560//7846 
f 3466//7847 4290//7847 4291//7847 
f 3466//7848 4288//7848 4290//7848 
f 3466//7849 3467//7849 4288//7849 
f 3435//7850 4289//7850 3436//7850 
f 3435//7851 4292//7851 4289//7851 
f 3435//7852 4293//7852 4292//7852 
f 3465//7853 3466//7853 4291//7853 
f 3437//7854 4293//7854 3435//7854 
f 3464//7855 4291//7855 4294//7855 
f 3464//7856 3465//7856 4291//7856 
f 3438//7857 4295//7857 4293//7857 
f 3438//7858 4296//7858 4295//7858 
f 3438//7859 4293//7859 3437//7859 
f 3463//7860 4297//7860 4298//7860 
f 3463//7861 4294//7861 4297//7861 
f 3463//7862 3464//7862 4294//7862 
f 3439//7863 4296//7863 3438//7863 
f 3462//7864 3463//7864 4298//7864 
f 3440//7865 4299//7865 4296//7865 
f 3440//7866 4296//7866 3439//7866 
f 3461//7867 3462//7867 4298//7867 
f 3461//7868 4300//7868 4301//7868 
f 3461//7869 4298//7869 4300//7869 
f 3441//7870 4302//7870 4299//7870 
f 3441//7871 4299//7871 3440//7871 
f 3460//7872 3461//7872 4301//7872 
f 3442//7873 4303//7873 4302//7873 
f 3442//7874 4302//7874 3441//7874 
f 3459//7875 4304//7875 4305//7875 
f 3459//7876 4301//7876 4304//7876 
f 3459//7877 3460//7877 4301//7877 
f 3443//7878 4303//7878 3442//7878 
f 3443//7879 4306//7879 4303//7879 
f 3458//7880 3459//7880 4305//7880 
f 3444//7881 4307//7881 4306//7881 
f 3444//7882 4308//7882 4307//7882 
f 3444//7883 4306//7883 3443//7883 
f 3457//7884 3458//7884 4305//7884 
f 3457//7885 4305//7885 4309//7885 
f 3445//7886 4308//7886 3444//7886 
f 3445//7887 4310//7887 4308//7887 
f 3456//7888 3457//7888 4309//7888 
f 3456//7889 4309//7889 4311//7889 
f 3446//7890 4310//7890 3445//7890 
f 3455//7891 3456//7891 4311//7891 
f 3455//7892 4311//7892 4312//7892 
f 3447//7893 4313//7893 4310//7893 
f 3447//7894 4310//7894 3446//7894 
f 3454//7895 3455//7895 4312//7895 
f 3454//7896 4312//7896 4314//7896 
f 3448//7897 4313//7897 3447//7897 
f 3448//7898 4315//7898 4313//7898 
f 3453//7899 3454//7899 4314//7899 
f 3453//7900 4314//7900 4316//7900 
f 3449//7901 4315//7901 3448//7901 
f 3449//7902 4317//7902 4315//7902 
f 3452//7903 4318//7903 4319//7903 
f 3452//7904 4316//7904 4318//7904 
f 3452//7905 3453//7905 4316//7905 
f 3450//7906 4320//7906 4317//7906 
f 3450//7907 4319//7907 4320//7907 
f 3450//7908 4317//7908 3449//7908 
f 3451//7909 3452//7909 4319//7909 
f 3451//7910 4319//7910 3450//7910 
f 4321//7911 3639//7911 3640//7911 
f 4321//7912 3640//7912 4322//7912 
f 4323//7913 3640//7913 3641//7913 
f 4323//7914 4322//7914 3640//7914 
f 4324//7915 3639//7915 4321//7915 
f 4324//7916 3638//7916 3639//7916 
f 4325//7917 4323//7917 3641//7917 
f 4325//7918 3641//7918 3642//7918 
f 4326//7919 3638//7919 4324//7919 
f 4326//7920 3636//7920 3637//7920 
f 4326//7921 3637//7921 3638//7921 
f 4327//7922 4325//7922 3642//7922 
f 4327//7923 3642//7923 3643//7923 
f 4328//7924 3636//7924 4326//7924 
f 4329//7925 4327//7925 3643//7925 
f 4329//7926 3643//7926 3644//7926 
f 4330//7927 3636//7927 4328//7927 
f 4330//7928 3635//7928 3636//7928 
f 4331//7929 4329//7929 3644//7929 
f 4331//7930 3644//7930 3645//7930 
f 4332//7931 3635//7931 4330//7931 
f 4332//7932 3634//7932 3635//7932 
f 4333//7933 4331//7933 3645//7933 
f 4333//7934 3645//7934 3646//7934 
f 4334//7935 3634//7935 4332//7935 
f 4334//7936 3633//7936 3634//7936 
f 4335//7937 4333//7937 3646//7937 
f 4335//7938 3646//7938 3647//7938 
f 4336//7939 3633//7939 4334//7939 
f 4336//7940 3632//7940 3633//7940 
f 4337//7941 4335//7941 3647//7941 
f 4337//7942 3647//7942 3648//7942 
f 4338//7943 3631//7943 3632//7943 
f 4338//7944 3632//7944 4336//7944 
f 4339//7945 3648//7945 3649//7945 
f 4339//7946 4337//7946 3648//7946 
f 4340//7947 3630//7947 3631//7947 
f 4340//7948 3631//7948 4338//7948 
f 4341//7949 4339//7949 3649//7949 
f 4341//7950 3649//7950 3650//7950 
f 4341//7951 3650//7951 3651//7951 
f 4342//7952 3630//7952 4340//7952 
f 4342//7953 3629//7953 3630//7953 
f 4343//7954 4341//7954 3651//7954 
f 4344//7955 3628//7955 3629//7955 
f 4344//7956 3629//7956 4342//7956 
f 4345//7957 4343//7957 3651//7957 
f 4345//7958 3651//7958 3652//7958 
f 4346//7959 3627//7959 3628//7959 
f 4346//7960 3628//7960 4344//7960 
f 4347//7961 4345//7961 3652//7961 
f 4347//7962 3652//7962 3653//7962 
f 4347//7963 3653//7963 3654//7963 
f 4348//7964 3627//7964 4346//7964 
f 4348//7965 3626//7965 3627//7965 
f 4349//7966 4347//7966 3654//7966 
f 4350//7967 3625//7967 3626//7967 
f 4350//7968 3626//7968 4348//7968 
f 4351//7969 4349//7969 3654//7969 
f 4351//7970 3654//7970 3655//7970 
f 4352//7971 3625//7971 4350//7971 
f 4352//7972 3624//7972 3625//7972 
f 4353//7973 4351//7973 3655//7973 
f 4353//7974 3655//7974 3656//7974 
f 4353//7975 3656//7975 3657//7975 
f 4354//7976 3624//7976 4352//7976 
f 4354//7977 3623//7977 3624//7977 
f 4355//7978 4353//7978 3657//7978 
f 4356//7979 3623//7979 4354//7979 
f 4356//7980 3622//7980 3623//7980 
f 4357//7981 4355//7981 3657//7981 
f 4357//7982 3657//7982 3658//7982 
f 4358//7983 3622//7983 4356//7983 
f 4358//7984 3621//7984 3622//7984 
f 4359//7985 4357//7985 3658//7985 
f 4359//7986 3658//7986 3659//7986 
f 4360//7987 3621//7987 4358//7987 
f 4360//7988 3620//7988 3621//7988 
f 4361//7989 4359//7989 3659//7989 
f 4361//7990 3659//7990 3660//7990 
f 4362//7991 3620//7991 4360//7991 
f 4362//7992 3619//7992 3620//7992 
f 4363//7993 4361//7993 3660//7993 
f 4363//7994 3660//7994 3661//7994 
f 4364//7995 3619//7995 4362//7995 
f 4364//7996 3618//7996 3619//7996 
f 4365//7997 3661//7997 3662//7997 
f 4365//7998 4363//7998 3661//7998 
f 4366//7999 3618//7999 4364//7999 
f 4366//8000 3617//8000 3618//8000 
f 4367//8001 3662//8001 3663//8001 
f 4367//8002 4365//8002 3662//8002 
f 4368//8003 3617//8003 4366//8003 
f 4368//8004 3616//8004 3617//8004 
f 4369//8005 3663//8005 3664//8005 
f 4369//8006 4367//8006 3663//8006 
f 4370//8007 3614//8007 3615//8007 
f 4370//8008 3615//8008 3616//8008 
f 4370//8009 3616//8009 4368//8009 
f 4371//8010 3664//8010 3665//8010 
f 4371//8011 4369//8011 3664//8011 
f 4372//8012 3614//8012 4370//8012 
f 4373//8013 3665//8013 3666//8013 
f 4373//8014 4371//8014 3665//8014 
f 4374//8015 3613//8015 3614//8015 
f 4374//8016 3614//8016 4372//8016 
f 4375//8017 3666//8017 3667//8017 
f 4375//8018 4373//8018 3666//8018 
f 4376//8019 3613//8019 4374//8019 
f 4376//8020 3612//8020 3613//8020 
f 4377//8021 3667//8021 3668//8021 
f 4377//8022 4375//8022 3667//8022 
f 4378//8023 3611//8023 3612//8023 
f 4378//8024 3612//8024 4376//8024 
f 4379//8025 3668//8025 3669//8025 
f 4379//8026 4377//8026 3668//8026 
f 4380//8027 3610//8027 3611//8027 
f 4380//8028 3611//8028 4378//8028 
f 4381//8029 3669//8029 3670//8029 
f 4381//8030 4379//8030 3669//8030 
f 4382//8031 3609//8031 3610//8031 
f 4382//8032 3610//8032 4380//8032 
f 3671//8033 4381//8033 3670//8033 
f 4383//8034 4381//8034 3671//8034 
f 4384//8035 3609//8035 4382//8035 
f 3608//8036 3609//8036 4384//8036 
f 4385//8037 4383//8037 3671//8037 
f 3672//8038 4385//8038 3671//8038 
f 3607//8039 3608//8039 4384//8039 
f 3607//8040 4384//8040 4386//8040 
f 3673//8041 4385//8041 3672//8041 
f 3673//8042 4387//8042 4385//8042 
f 3673//8043 4388//8043 4387//8043 
f 3606//8044 3607//8044 4386//8044 
f 3606//8045 4386//8045 4389//8045 
f 3674//8046 4388//8046 3673//8046 
f 3605//8047 3606//8047 4389//8047 
f 3605//8048 4389//8048 4390//8048 
f 3675//8049 4388//8049 3674//8049 
f 3675//8050 4391//8050 4388//8050 
f 3604//8051 3605//8051 4390//8051 
f 3604//8052 4392//8052 4393//8052 
f 3604//8053 4390//8053 4392//8053 
f 3676//8054 4391//8054 3675//8054 
f 3676//8055 4394//8055 4391//8055 
f 3603//8056 3604//8056 4393//8056 
f 3677//8057 4395//8057 4394//8057 
f 3677//8058 4396//8058 4395//8058 
f 3677//8059 4394//8059 3676//8059 
f 3602//8060 3603//8060 4393//8060 
f 3602//8061 4393//8061 4397//8061 
f 3678//8062 4396//8062 3677//8062 
f 3601//8063 4397//8063 4398//8063 
f 3601//8064 3602//8064 4397//8064 
f 3679//8065 4399//8065 4396//8065 
f 3679//8066 4400//8066 4399//8066 
f 3679//8067 4396//8067 3678//8067 
f 3600//8068 4401//8068 4402//8068 
f 3600//8069 4398//8069 4401//8069 
f 3600//8070 3601//8070 4398//8070 
f 3680//8071 4400//8071 3679//8071 
f 3599//8072 4402//8072 4403//8072 
f 3599//8073 3600//8073 4402//8073 
f 3681//8074 4404//8074 4400//8074 
f 3681//8075 4405//8075 4404//8075 
f 3681//8076 4400//8076 3680//8076 
f 3598//8077 3599//8077 4403//8077 
f 3682//8078 4406//8078 4405//8078 
f 3682//8079 4405//8079 3681//8079 
f 3597//8080 3598//8080 4403//8080 
f 3597//8081 4403//8081 4407//8081 
f 3683//8082 4406//8082 3682//8082 
f 3596//8083 4407//8083 4408//8083 
f 3596//8084 3597//8084 4407//8084 
f 3684//8085 4409//8085 4406//8085 
f 3684//8086 4406//8086 3683//8086 
f 3595//8087 4408//8087 4410//8087 
f 3595//8088 3596//8088 4408//8088 
f 3685//8089 4411//8089 4409//8089 
f 3685//8090 4409//8090 3684//8090 
f 3594//8091 4410//8091 4412//8091 
f 3594//8092 3595//8092 4410//8092 
f 3686//8093 4413//8093 4411//8093 
f 3686//8094 4411//8094 3685//8094 
f 3593//8095 3594//8095 4412//8095 
f 3593//8096 4412//8096 4414//8096 
f 3562//8097 4415//8097 4416//8097 
f 3562//8098 4413//8098 3686//8098 
f 3562//8099 4416//8099 4413//8099 
f 3592//8100 4414//8100 4417//8100 
f 3592//8101 3593//8101 4414//8101 
f 3561//8102 4415//8102 3562//8102 
f 3591//8103 3592//8103 4417//8103 
f 3591//8104 4418//8104 4419//8104 
f 3591//8105 4417//8105 4418//8105 
f 3563//8106 4420//8106 4415//8106 
f 3563//8107 4415//8107 3561//8107 
f 3590//8108 3591//8108 4419//8108 
f 3590//8109 4419//8109 4421//8109 
f 3564//8110 4422//8110 4420//8110 
f 3564//8111 4420//8111 3563//8111 
f 3589//8112 3590//8112 4421//8112 
f 3589//8113 4421//8113 4423//8113 
f 3565//8114 4424//8114 4422//8114 
f 3565//8115 4422//8115 3564//8115 
f 3588//8116 3589//8116 4423//8116 
f 3588//8117 4423//8117 4425//8117 
f 3566//8118 4426//8118 4424//8118 
f 3566//8119 4427//8119 4426//8119 
f 3566//8120 4424//8120 3565//8120 
f 3587//8121 3588//8121 4425//8121 
f 3567//8122 4427//8122 3566//8122 
f 3586//8123 3587//8123 4425//8123 
f 3586//8124 4425//8124 4428//8124 
f 3568//8125 4429//8125 4427//8125 
f 3568//8126 4427//8126 3567//8126 
f 3585//8127 3586//8127 4428//8127 
f 3585//8128 4430//8128 4431//8128 
f 3585//8129 4428//8129 4430//8129 
f 3569//8130 4429//8130 3568//8130 
f 3569//8131 4432//8131 4429//8131 
f 3569//8132 4433//8132 4432//8132 
f 3584//8133 3585//8133 4431//8133 
f 3570//8134 4433//8134 3569//8134 
f 3583//8135 3584//8135 4431//8135 
f 3583//8136 4431//8136 4434//8136 
f 3571//8137 4433//8137 3570//8137 
f 3571//8138 4435//8138 4433//8138 
f 3571//8139 4436//8139 4435//8139 
f 3582//8140 3583//8140 4434//8140 
f 3582//8141 4434//8141 4437//8141 
f 3572//8142 4436//8142 3571//8142 
f 3581//8143 3582//8143 4437//8143 
f 3581//8144 4437//8144 4438//8144 
f 3573//8145 4436//8145 3572//8145 
f 3573//8146 4439//8146 4436//8146 
f 3580//8147 3581//8147 4438//8147 
f 3580//8148 4440//8148 4441//8148 
f 3580//8149 4438//8149 4440//8149 
f 3574//8150 4439//8150 3573//8150 
f 3574//8151 4442//8151 4439//8151 
f 3579//8152 3580//8152 4441//8152 
f 3575//8153 4442//8153 3574//8153 
f 3575//8154 4443//8154 4442//8154 
f 3575//8155 4444//8155 4443//8155 
f 3578//8156 4445//8156 4446//8156 
f 3578//8157 4441//8157 4445//8157 
f 3578//8158 3579//8158 4441//8158 
f 3576//8159 4444//8159 3575//8159 
f 3577//8160 3578//8160 4446//8160 
f 3577//8161 4446//8161 4444//8161 
f 3577//8162 4444//8162 3576//8162 
f 4447//8163 3766//8163 4448//8163 
f 4447//8164 3765//8164 3766//8164 
f 4449//8165 4448//8165 3766//8165 
f 4449//8166 3766//8166 3767//8166 
f 4450//8167 3765//8167 4447//8167 
f 4450//8168 3764//8168 3765//8168 
f 4451//8169 4449//8169 3767//8169 
f 4451//8170 3767//8170 3768//8170 
f 4452//8171 3764//8171 4450//8171 
f 4452//8172 3762//8172 3763//8172 
f 4452//8173 3763//8173 3764//8173 
f 4453//8174 3768//8174 3769//8174 
f 4453//8175 4451//8175 3768//8175 
f 4454//8176 3762//8176 4452//8176 
f 4455//8177 4453//8177 3769//8177 
f 4455//8178 3769//8178 3770//8178 
f 4456//8179 3762//8179 4454//8179 
f 4456//8180 3761//8180 3762//8180 
f 4457//8181 3770//8181 3771//8181 
f 4457//8182 4455//8182 3770//8182 
f 4458//8183 3761//8183 4456//8183 
f 4458//8184 3760//8184 3761//8184 
f 4459//8185 4457//8185 3771//8185 
f 4459//8186 3771//8186 3772//8186 
f 4460//8187 3760//8187 4458//8187 
f 4460//8188 3759//8188 3760//8188 
f 4461//8189 4459//8189 3772//8189 
f 4461//8190 3772//8190 3773//8190 
f 4462//8191 3759//8191 4460//8191 
f 4462//8192 3758//8192 3759//8192 
f 4463//8193 4461//8193 3773//8193 
f 4463//8194 3773//8194 3774//8194 
f 4464//8195 3757//8195 3758//8195 
f 4464//8196 3758//8196 4462//8196 
f 4465//8197 4463//8197 3774//8197 
f 4465//8198 3774//8198 3775//8198 
f 4466//8199 3756//8199 3757//8199 
f 4466//8200 3757//8200 4464//8200 
f 4467//8201 4465//8201 3775//8201 
f 4467//8202 3775//8202 3776//8202 
f 4467//8203 3776//8203 3777//8203 
f 4468//8204 3756//8204 4466//8204 
f 4468//8205 3755//8205 3756//8205 
f 4469//8206 4467//8206 3777//8206 
f 4470//8207 3754//8207 3755//8207 
f 4470//8208 3755//8208 4468//8208 
f 4471//8209 4469//8209 3777//8209 
f 4471//8210 3777//8210 3778//8210 
f 4472//8211 3753//8211 3754//8211 
f 4472//8212 3754//8212 4470//8212 
f 4473//8213 3778//8213 3779//8213 
f 4473//8214 4471//8214 3778//8214 
f 4474//8215 3753//8215 4472//8215 
f 4474//8216 3752//8216 3753//8216 
f 4475//8217 3779//8217 3780//8217 
f 4475//8218 4473//8218 3779//8218 
f 4476//8219 3752//8219 4474//8219 
f 4476//8220 3751//8220 3752//8220 
f 4477//8221 4475//8221 3780//8221 
f 4477//8222 3780//8222 3781//8222 
f 4477//8223 3781//8223 3782//8223 
f 4478//8224 3751//8224 4476//8224 
f 4478//8225 3750//8225 3751//8225 
f 4479//8226 4477//8226 3782//8226 
f 4480//8227 3750//8227 4478//8227 
f 4480//8228 3749//8228 3750//8228 
f 4481//8229 4479//8229 3782//8229 
f 4481//8230 3782//8230 3783//8230 
f 4481//8231 3783//8231 3784//8231 
f 4482//8232 3749//8232 4480//8232 
f 4482//8233 3748//8233 3749//8233 
f 4483//8234 4481//8234 3784//8234 
f 4484//8235 3748//8235 4482//8235 
f 4484//8236 3747//8236 3748//8236 
f 4485//8237 4483//8237 3784//8237 
f 4485//8238 3784//8238 3785//8238 
f 4486//8239 3747//8239 4484//8239 
f 4486//8240 3746//8240 3747//8240 
f 4487//8241 4485//8241 3785//8241 
f 4487//8242 3785//8242 3786//8242 
f 4488//8243 3746//8243 4486//8243 
f 4488//8244 3745//8244 3746//8244 
f 4489//8245 4487//8245 3786//8245 
f 4489//8246 3786//8246 3787//8246 
f 4490//8247 3745//8247 4488//8247 
f 4490//8248 3744//8248 3745//8248 
f 4491//8249 3787//8249 3788//8249 
f 4491//8250 4489//8250 3787//8250 
f 4492//8251 3744//8251 4490//8251 
f 4492//8252 3743//8252 3744//8252 
f 4493//8253 3788//8253 3789//8253 
f 4493//8254 4491//8254 3788//8254 
f 4494//8255 3743//8255 4492//8255 
f 4494//8256 3742//8256 3743//8256 
f 4495//8257 3789//8257 3790//8257 
f 4495//8258 4493//8258 3789//8258 
f 4496//8259 3740//8259 3741//8259 
f 4496//8260 3741//8260 3742//8260 
f 4496//8261 3742//8261 4494//8261 
f 4497//8262 3790//8262 3791//8262 
f 4497//8263 4495//8263 3790//8263 
f 4498//8264 3740//8264 4496//8264 
f 4499//8265 3791//8265 3792//8265 
f 4499//8266 4497//8266 3791//8266 
f 4500//8267 3739//8267 3740//8267 
f 4500//8268 3740//8268 4498//8268 
f 4501//8269 3792//8269 3793//8269 
f 4501//8270 4499//8270 3792//8270 
f 4502//8271 3739//8271 4500//8271 
f 4502//8272 3738//8272 3739//8272 
f 4503//8273 3793//8273 3794//8273 
f 4503//8274 4501//8274 3793//8274 
f 4504//8275 3738//8275 4502//8275 
f 4504//8276 3737//8276 3738//8276 
f 4505//8277 3794//8277 3795//8277 
f 4505//8278 4503//8278 3794//8278 
f 4506//8279 3736//8279 3737//8279 
f 4506//8280 3737//8280 4504//8280 
f 4507//8281 3795//8281 3796//8281 
f 4507//8282 4505//8282 3795//8282 
f 4508//8283 3735//8283 3736//8283 
f 4508//8284 3736//8284 4506//8284 
f 4509//8285 4507//8285 3796//8285 
f 4509//8286 3796//8286 3797//8286 
f 4510//8287 3735//8287 4508//8287 
f 3734//8288 3735//8288 4510//8288 
f 4511//8289 4509//8289 3797//8289 
f 3798//8290 4511//8290 3797//8290 
f 3733//8291 3734//8291 4510//8291 
f 3733//8292 4510//8292 4512//8292 
f 3799//8293 4511//8293 3798//8293 
f 3799//8294 4513//8294 4511//8294 
f 3799//8295 4514//8295 4513//8295 
f 3732//8296 3733//8296 4512//8296 
f 3732//8297 4512//8297 4515//8297 
f 3800//8298 4514//8298 3799//8298 
f 3800//8299 4516//8299 4514//8299 
f 3731//8300 3732//8300 4515//8300 
f 3731//8301 4517//8301 4518//8301 
f 3731//8302 4515//8302 4517//8302 
f 3801//8303 4516//8303 3800//8303 
f 3730//8304 3731//8304 4518//8304 
f 3802//8305 4519//8305 4516//8305 
f 3802//8306 4516//8306 3801//8306 
f 3729//8307 3730//8307 4518//8307 
f 3729//8308 4518//8308 4520//8308 
f 3803//8309 4519//8309 3802//8309 
f 3803//8310 4521//8310 4519//8310 
f 3728//8311 4520//8311 4522//8311 
f 3728//8312 3729//8312 4520//8312 
f 3804//8313 4523//8313 4521//8313 
f 3804//8314 4521//8314 3803//8314 
f 3727//8315 4522//8315 4524//8315 
f 3727//8316 3728//8316 4522//8316 
f 3805//8317 4525//8317 4523//8317 
f 3805//8318 4523//8318 3804//8318 
f 3726//8319 4526//8319 4527//8319 
f 3726//8320 4524//8320 4526//8320 
f 3726//8321 3727//8321 4524//8321 
f 3806//8322 4528//8322 4525//8322 
f 3806//8323 4525//8323 3805//8323 
f 3725//8324 3726//8324 4527//8324 
f 3725//8325 4527//8325 4529//8325 
f 3807//8326 4528//8326 3806//8326 
f 3807//8327 4530//8327 4528//8327 
f 3724//8328 3725//8328 4529//8328 
f 3808//8329 4530//8329 3807//8329 
f 3808//8330 4531//8330 4530//8330 
f 3723//8331 3724//8331 4529//8331 
f 3723//8332 4529//8332 4532//8332 
f 3809//8333 4533//8333 4531//8333 
f 3809//8334 4531//8334 3808//8334 
f 3722//8335 4532//8335 4534//8335 
f 3722//8336 3723//8336 4532//8336 
f 3810//8337 4535//8337 4533//8337 
f 3810//8338 4533//8338 3809//8338 
f 3721//8339 4534//8339 4536//8339 
f 3721//8340 3722//8340 4534//8340 
f 3811//8341 4537//8341 4535//8341 
f 3811//8342 4535//8342 3810//8342 
f 3720//8343 4536//8343 4538//8343 
f 3720//8344 3721//8344 4536//8344 
f 3812//8345 4539//8345 4537//8345 
f 3812//8346 4537//8346 3811//8346 
f 3719//8347 4538//8347 4540//8347 
f 3719//8348 3720//8348 4538//8348 
f 3688//8349 4541//8349 4539//8349 
f 3688//8350 4539//8350 3812//8350 
f 3718//8351 4542//8351 4543//8351 
f 3718//8352 4540//8352 4542//8352 
f 3718//8353 3719//8353 4540//8353 
f 3687//8354 4541//8354 3688//8354 
f 3687//8355 4544//8355 4541//8355 
f 3687//8356 4545//8356 4544//8356 
f 3717//8357 3718//8357 4543//8357 
f 3689//8358 4545//8358 3687//8358 
f 3716//8359 4543//8359 4546//8359 
f 3716//8360 3717//8360 4543//8360 
f 3690//8361 4547//8361 4545//8361 
f 3690//8362 4548//8362 4547//8362 
f 3690//8363 4545//8363 3689//8363 
f 3715//8364 4549//8364 4550//8364 
f 3715//8365 4546//8365 4549//8365 
f 3715//8366 3716//8366 4546//8366 
f 3691//8367 4548//8367 3690//8367 
f 3714//8368 3715//8368 4550//8368 
f 3692//8369 4551//8369 4548//8369 
f 3692//8370 4548//8370 3691//8370 
f 3713//8371 3714//8371 4550//8371 
f 3713//8372 4552//8372 4553//8372 
f 3713//8373 4550//8373 4552//8373 
f 3693//8374 4554//8374 4551//8374 
f 3693//8375 4551//8375 3692//8375 
f 3712//8376 3713//8376 4553//8376 
f 3694//8377 4555//8377 4554//8377 
f 3694//8378 4554//8378 3693//8378 
f 3711//8379 4556//8379 4557//8379 
f 3711//8380 4553//8380 4556//8380 
f 3711//8381 3712//8381 4553//8381 
f 3695//8382 4555//8382 3694//8382 
f 3695//8383 4558//8383 4555//8383 
f 3710//8384 3711//8384 4557//8384 
f 3696//8385 4559//8385 4558//8385 
f 3696//8386 4560//8386 4559//8386 
f 3696//8387 4558//8387 3695//8387 
f 3709//8388 3710//8388 4557//8388 
f 3709//8389 4557//8389 4561//8389 
f 3697//8390 4560//8390 3696//8390 
f 3697//8391 4562//8391 4560//8391 
f 3708//8392 3709//8392 4561//8392 
f 3708//8393 4561//8393 4563//8393 
f 3698//8394 4562//8394 3697//8394 
f 3707//8395 3708//8395 4563//8395 
f 3707//8396 4563//8396 4564//8396 
f 3699//8397 4565//8397 4562//8397 
f 3699//8398 4562//8398 3698//8398 
f 3706//8399 3707//8399 4564//8399 
f 3706//8400 4564//8400 4566//8400 
f 3700//8401 4565//8401 3699//8401 
f 3700//8402 4567//8402 4565//8402 
f 3705//8403 3706//8403 4566//8403 
f 3705//8404 4566//8404 4568//8404 
f 3701//8405 4567//8405 3700//8405 
f 3701//8406 4569//8406 4567//8406 
f 3704//8407 4570//8407 4571//8407 
f 3704//8408 4568//8408 4570//8408 
f 3704//8409 3705//8409 4568//8409 
f 3702//8410 4572//8410 4569//8410 
f 3702//8411 4571//8411 4572//8411 
f 3702//8412 4569//8412 3701//8412 
f 3703//8413 3704//8413 4571//8413 
f 3703//8414 4571//8414 3702//8414 
f 3899//8415 3893//8415 3894//8415 
f 3899//8416 3894//8416 3895//8416 
f 3899//8417 3895//8417 3896//8417 
f 3899//8418 3896//8418 3897//8418 
f 3899//8419 3897//8419 3898//8419 
f 3881//8420 3882//8420 3883//8420 
f 3881//8421 3883//8421 3884//8421 
f 3904//8422 3901//8422 3902//8422 
f 3904//8423 3902//8423 3903//8423 
f 3879//8424 3880//8424 3881//8424 
f 3905//8425 3901//8425 3904//8425 
f 3908//8426 3906//8426 3907//8426 
f 3911//8427 3901//8427 3905//8427 
f 3911//8428 3899//8428 3900//8428 
f 3911//8429 3900//8429 3901//8429 
f 3911//8430 3905//8430 3906//8430 
f 3911//8431 3906//8431 3908//8431 
f 3911//8432 3908//8432 3909//8432 
f 3911//8433 3909//8433 3910//8433 
f 3871//8434 3872//8434 3873//8434 
f 3913//8435 3911//8435 3912//8435 
f 3870//8436 3871//8436 3873//8436 
f 3868//8437 3869//8437 3870//8437 
f 3868//8438 3870//8438 3873//8438 
f 3916//8439 3914//8439 3915//8439 
f 3917//8440 3914//8440 3916//8440 
f 3865//8441 3866//8441 3867//8441 
f 3865//8442 3867//8442 3868//8442 
f 3919//8443 3917//8443 3918//8443 
f 3919//8444 3914//8444 3917//8444 
f 3863//8445 3864//8445 3865//8445 
f 3862//8446 3863//8446 3865//8446 
f 3861//8447 3865//8447 3868//8447 
f 3861//8448 3862//8448 3865//8448 
f 3861//8449 3873//8449 3874//8449 
f 3861//8450 3874//8450 3875//8450 
f 3861//8451 3875//8451 3876//8451 
f 3861//8452 3876//8452 3877//8452 
f 3861//8453 3877//8453 3878//8453 
f 3861//8454 3878//8454 3879//8454 
f 3861//8455 3881//8455 3884//8455 
f 3861//8456 3884//8456 3885//8456 
f 3861//8457 3885//8457 3886//8457 
f 3861//8458 3886//8458 3887//8458 
f 3861//8459 3887//8459 3888//8459 
f 3861//8460 3879//8460 3881//8460 
f 3861//8461 3868//8461 3873//8461 
f 3923//8462 3921//8462 3922//8462 
f 3926//8463 3924//8463 3925//8463 
f 3857//8464 3858//8464 3859//8464 
f 3857//8465 3859//8465 3860//8465 
f 3857//8466 3860//8466 3861//8466 
f 3928//8467 3923//8467 3924//8467 
f 3928//8468 3926//8468 3927//8468 
f 3928//8469 3924//8469 3926//8469 
f 3855//8470 3856//8470 3857//8470 
f 3855//8471 3857//8471 3861//8471 
f 3855//8472 3888//8472 3889//8472 
f 3855//8473 3889//8473 3890//8473 
f 3855//8474 3890//8474 3891//8474 
f 3855//8475 3861//8475 3888//8475 
f 3930//8476 3928//8476 3929//8476 
f 3930//8477 3923//8477 3928//8477 
f 3853//8478 3854//8478 3855//8478 
f 3932//8479 3930//8479 3931//8479 
f 3933//8480 3930//8480 3932//8480 
f 3933//8481 3923//8481 3930//8481 
f 3850//8482 3851//8482 3852//8482 
f 3850//8483 3852//8483 3853//8483 
f 3850//8484 3893//8484 3899//8484 
f 3850//8485 3853//8485 3855//8485 
f 3850//8486 3855//8486 3891//8486 
f 3850//8487 3891//8487 3892//8487 
f 3850//8488 3892//8488 3893//8488 
f 3935//8489 3933//8489 3934//8489 
f 3936//8490 3919//8490 3920//8490 
f 3936//8491 3920//8491 3921//8491 
f 3936//8492 3921//8492 3923//8492 
f 3936//8493 3933//8493 3935//8493 
f 3936//8494 3923//8494 3933//8494 
f 3845//8495 3846//8495 3847//8495 
f 3845//8496 3847//8496 3848//8496 
f 3814//8497 3936//8497 3937//8497 
f 3814//8498 3937//8498 3938//8498 
f 3842//8499 3843//8499 3844//8499 
f 3816//8500 3813//8500 3815//8500 
f 3817//8501 3813//8501 3816//8501 
f 3818//8502 3814//8502 3813//8502 
f 3818//8503 3813//8503 3817//8503 
f 3839//8504 3840//8504 3841//8504 
f 3838//8505 3842//8505 3844//8505 
f 3838//8506 3839//8506 3841//8506 
f 3838//8507 3841//8507 3842//8507 
f 3837//8508 3845//8508 3848//8508 
f 3837//8509 3838//8509 3844//8509 
f 3837//8510 3844//8510 3845//8510 
f 3837//8511 3848//8511 3849//8511 
f 3837//8512 3849//8512 3850//8512 
f 3837//8513 3899//8513 3911//8513 
f 3837//8514 3850//8514 3899//8514 
f 3821//8515 3818//8515 3819//8515 
f 3821//8516 3819//8516 3820//8516 
f 3822//8517 3818//8517 3821//8517 
f 3834//8518 3835//8518 3836//8518 
f 3824//8519 3822//8519 3823//8519 
f 3833//8520 3834//8520 3836//8520 
f 3832//8521 3911//8521 3913//8521 
f 3832//8522 3836//8522 3837//8522 
f 3832//8523 3837//8523 3911//8523 
f 3832//8524 3833//8524 3836//8524 
f 3826//8525 3824//8525 3825//8525 
f 3826//8526 3818//8526 3822//8526 
f 3826//8527 3822//8527 3824//8527 
f 3829//8528 3913//8528 3914//8528 
f 3829//8529 3936//8529 3814//8529 
f 3829//8530 3826//8530 3827//8530 
f 3829//8531 3827//8531 3828//8531 
f 3829//8532 3830//8532 3831//8532 
f 3829//8533 3831//8533 3832//8533 
f 3829//8534 3814//8534 3818//8534 
f 3829//8535 3818//8535 3826//8535 
f 3829//8536 3919//8536 3936//8536 
f 3829//8537 3832//8537 3913//8537 
f 3829//8538 3914//8538 3919//8538 
f 4024//8539 4021//8539 4022//8539 
f 4024//8540 4022//8540 4023//8540 
f 4010//8541 4011//8541 4012//8541 
f 4008//8542 4009//8542 4010//8542 
f 4005//8543 4006//8543 4007//8543 
f 4032//8544 4029//8544 4030//8544 
f 4032//8545 4030//8545 4031//8545 
f 4034//8546 4032//8546 4033//8546 
f 4037//8547 4035//8547 4036//8547 
f 3998//8548 3999//8548 4000//8548 
f 4039//8549 4037//8549 4038//8549 
f 3996//8550 3997//8550 3998//8550 
f 3996//8551 3998//8551 4000//8551 
f 4040//8552 4035//8552 4037//8552 
f 4040//8553 4037//8553 4039//8553 
f 4040//8554 4034//8554 4035//8554 
f 4042//8555 4040//8555 4041//8555 
f 4042//8556 4034//8556 4040//8556 
f 3993//8557 3994//8557 3995//8557 
f 4044//8558 4042//8558 4043//8558 
f 3991//8559 3992//8559 3993//8559 
f 3991//8560 3993//8560 3995//8560 
f 3989//8561 3990//8561 3991//8561 
f 3988//8562 3989//8562 3991//8562 
f 4048//8563 4046//8563 4047//8563 
f 3987//8564 3988//8564 3991//8564 
f 4050//8565 4048//8565 4049//8565 
f 4050//8566 4046//8566 4048//8566 
f 3985//8567 3987//8567 3991//8567 
f 3985//8568 3986//8568 3987//8568 
f 3985//8569 3995//8569 3996//8569 
f 3985//8570 4000//8570 4001//8570 
f 3985//8571 3996//8571 4000//8571 
f 3985//8572 3991//8572 3995//8572 
f 3983//8573 3984//8573 3985//8573 
f 4054//8574 4050//8574 4051//8574 
f 4054//8575 4051//8575 4052//8575 
f 4054//8576 4052//8576 4053//8576 
f 3981//8577 3985//8577 4001//8577 
f 3981//8578 3983//8578 3985//8578 
f 3981//8579 3982//8579 3983//8579 
f 3981//8580 4001//8580 4002//8580 
f 3981//8581 4002//8581 4003//8581 
f 3981//8582 4003//8582 4004//8582 
f 3981//8583 4004//8583 4005//8583 
f 4055//8584 4050//8584 4054//8584 
f 4056//8585 4050//8585 4055//8585 
f 3979//8586 3980//8586 3981//8586 
f 3977//8587 3978//8587 3979//8587 
f 4059//8588 4056//8588 4057//8588 
f 4059//8589 4057//8589 4058//8589 
f 3976//8590 3981//8590 4005//8590 
f 3976//8591 4010//8591 4012//8591 
f 3976//8592 4021//8592 4024//8592 
f 3976//8593 3977//8593 3979//8593 
f 3976//8594 4005//8594 4007//8594 
f 3976//8595 4008//8595 4010//8595 
f 3976//8596 4007//8596 4008//8596 
f 3976//8597 4012//8597 4013//8597 
f 3976//8598 4013//8598 4014//8598 
f 3976//8599 4014//8599 4015//8599 
f 3976//8600 4015//8600 4016//8600 
f 3976//8601 4016//8601 4017//8601 
f 3976//8602 4017//8602 4018//8602 
f 3976//8603 4018//8603 4019//8603 
f 3976//8604 4019//8604 4020//8604 
f 3976//8605 4020//8605 4021//8605 
f 3976//8606 4024//8606 4025//8606 
f 3976//8607 4025//8607 4026//8607 
f 3976//8608 4026//8608 4027//8608 
f 3976//8609 4027//8609 4028//8609 
f 3976//8610 4028//8610 4029//8610 
f 3976//8611 3979//8611 3981//8611 
f 4061//8612 4059//8612 4060//8612 
f 3974//8613 3975//8613 3976//8613 
f 3972//8614 3973//8614 3974//8614 
f 3972//8615 3974//8615 3976//8615 
f 4064//8616 4044//8616 4045//8616 
f 4064//8617 4045//8617 4046//8617 
f 4064//8618 4061//8618 4062//8618 
f 4064//8619 4062//8619 4063//8619 
f 4064//8620 4046//8620 4050//8620 
f 4064//8621 4056//8621 4059//8621 
f 4064//8622 4050//8622 4056//8622 
f 4064//8623 4059//8623 4061//8623 
f 3970//8624 3971//8624 3972//8624 
f 3939//8625 4064//8625 3940//8625 
f 3941//8626 4064//8626 3939//8626 
f 3968//8627 3969//8627 3970//8627 
f 3943//8628 3941//8628 3942//8628 
f 3943//8629 4064//8629 3941//8629 
f 3966//8630 3967//8630 3968//8630 
f 3966//8631 3968//8631 3970//8631 
f 3944//8632 4064//8632 3943//8632 
f 3965//8633 3966//8633 3970//8633 
f 3963//8634 3972//8634 3976//8634 
f 3963//8635 3970//8635 3972//8635 
f 3963//8636 3964//8636 3965//8636 
f 3963//8637 3965//8637 3970//8637 
f 3963//8638 4032//8638 4034//8638 
f 3963//8639 3976//8639 4029//8639 
f 3963//8640 4029//8640 4032//8640 
f 3947//8641 3944//8641 3945//8641 
f 3947//8642 3945//8642 3946//8642 
f 3948//8643 3944//8643 3947//8643 
f 3949//8644 3944//8644 3948//8644 
f 3960//8645 3961//8645 3962//8645 
f 3960//8646 3962//8646 3963//8646 
f 3958//8647 4034//8647 4042//8647 
f 3958//8648 3959//8648 3960//8648 
f 3958//8649 3960//8649 3963//8649 
f 3958//8650 3963//8650 4034//8650 
f 3952//8651 3949//8651 3950//8651 
f 3952//8652 3950//8652 3951//8652 
f 3952//8653 3944//8653 3949//8653 
f 3956//8654 3957//8654 3958//8654 
f 3954//8655 3952//8655 3953//8655 
f 3954//8656 4064//8656 3944//8656 
f 3954//8657 3944//8657 3952//8657 
f 3955//8658 4044//8658 4064//8658 
f 3955//8659 4042//8659 4044//8659 
f 3955//8660 3958//8660 4042//8660 
f 3955//8661 4064//8661 3954//8661 
f 3955//8662 3956//8662 3958//8662 
f 4067//8663 4068//8663 4066//8663 
f 4067//8664 4066//8664 4065//8664 
f 4164//8665 4163//8665 4573//8665 
f 4573//8666 4163//8666 4574//8666 
f 4574//8667 4168//8667 4575//8667 
f 4575//8668 4168//8668 4576//8668 
f 4163//8669 4168//8669 4574//8669 
f 4168//8670 4170//8670 4576//8670 
f 4576//8671 4172//8671 4577//8671 
f 4577//8672 4172//8672 4578//8672 
f 4170//8673 4172//8673 4576//8673 
f 4578//8674 4174//8674 4579//8674 
f 4172//8675 4174//8675 4578//8675 
f 4174//8676 4175//8676 4579//8676 
f 4579//8677 4177//8677 4580//8677 
f 4175//8678 4177//8678 4579//8678 
f 4580//8679 4180//8679 4581//8679 
f 4581//8680 4180//8680 4582//8680 
f 4177//8681 4180//8681 4580//8681 
f 4180//8682 4181//8682 4582//8682 
f 4582//8683 4183//8683 4583//8683 
f 4181//8684 4183//8684 4582//8684 
f 4183//8685 4184//8685 4583//8685 
f 4583//8686 4184//8686 4584//8686 
f 4184//8687 4187//8687 4584//8687 
f 4584//8688 4187//8688 4585//8688 
f 4187//8689 4190//8689 4585//8689 
f 4585//8690 4190//8690 4586//8690 
f 4190//8691 4191//8691 4586//8691 
f 4586//8692 4191//8692 4587//8692 
f 4191//8693 4192//8693 4587//8693 
f 4587//8694 4192//8694 4588//8694 
f 4192//8695 4194//8695 4588//8695 
f 4588//8696 4194//8696 4589//8696 
f 4194//8697 4193//8697 4589//8697 
f 4589//8698 4193//8698 4590//8698 
f 4193//8699 4189//8699 4590//8699 
f 4590//8700 4189//8700 4591//8700 
f 4189//8701 4188//8701 4591//8701 
f 4591//8702 4188//8702 4592//8702 
f 4188//8703 4186//8703 4592//8703 
f 4592//8704 4186//8704 4593//8704 
f 4593//8705 4186//8705 4594//8705 
f 4186//8706 4185//8706 4594//8706 
f 4185//8707 4182//8707 4594//8707 
f 4594//8708 4182//8708 4595//8708 
f 4595//8709 4182//8709 4596//8709 
f 4182//8710 4179//8710 4596//8710 
f 4596//8711 4178//8711 4597//8711 
f 4597//8712 4178//8712 4598//8712 
f 4179//8713 4178//8713 4596//8713 
f 4178//8714 4176//8714 4598//8714 
f 4598//8715 4173//8715 4599//8715 
f 4176//8716 4173//8716 4598//8716 
f 4599//8717 4171//8717 4600//8717 
f 4600//8718 4171//8718 4601//8718 
f 4173//8719 4171//8719 4599//8719 
f 4601//8720 4169//8720 4602//8720 
f 4171//8721 4169//8721 4601//8721 
f 4169//8722 4167//8722 4602//8722 
f 4602//8723 4166//8723 4603//8723 
f 4603//8724 4166//8724 4604//8724 
f 4167//8725 4166//8725 4602//8725 
f 4166//8726 4165//8726 4604//8726 
f 4604//8727 4162//8727 4605//8727 
f 4605//8728 4162//8728 4606//8728 
f 4165//8729 4162//8729 4604//8729 
f 4162//8730 4160//8730 4606//8730 
f 4606//8731 4158//8731 4607//8731 
f 4607//8732 4158//8732 4608//8732 
f 4160//8733 4158//8733 4606//8733 
f 4158//8734 4156//8734 4608//8734 
f 4156//8735 4155//8735 4608//8735 
f 4608//8736 4155//8736 4609//8736 
f 4155//8737 4151//8737 4609//8737 
f 4609//8738 4151//8738 4610//8738 
f 4151//8739 4150//8739 4610//8739 
f 4610//8740 4150//8740 4611//8740 
f 4150//8741 4149//8741 4611//8741 
f 4611//8742 4149//8742 4612//8742 
f 4149//8743 4146//8743 4612//8743 
f 4612//8744 4146//8744 4613//8744 
f 4613//8745 4146//8745 4614//8745 
f 4146//8746 4145//8746 4614//8746 
f 4145//8747 4141//8747 4614//8747 
f 4614//8748 4141//8748 4615//8748 
f 4141//8749 4140//8749 4615//8749 
f 4615//8750 4140//8750 4616//8750 
f 4140//8751 4138//8751 4616//8751 
f 4616//8752 4138//8752 4617//8752 
f 4138//8753 4137//8753 4617//8753 
f 4617//8754 4137//8754 4618//8754 
f 4137//8755 4134//8755 4618//8755 
f 4618//8756 4134//8756 4619//8756 
f 4134//8757 4132//8757 4619//8757 
f 4619//8758 4132//8758 4620//8758 
f 4132//8759 4130//8759 4620//8759 
f 4620//8760 4130//8760 4621//8760 
f 4130//8761 4128//8761 4621//8761 
f 4621//8762 4128//8762 4622//8762 
f 4128//8763 4126//8763 4622//8763 
f 4622//8764 4126//8764 4623//8764 
f 4126//8765 4124//8765 4623//8765 
f 4623//8766 4124//8766 4624//8766 
f 4124//8767 4122//8767 4624//8767 
f 4624//8768 4122//8768 4625//8768 
f 4122//8769 4120//8769 4625//8769 
f 4625//8770 4120//8770 4626//8770 
f 4120//8771 4118//8771 4626//8771 
f 4626//8772 4118//8772 4627//8772 
f 4118//8773 4116//8773 4627//8773 
f 4627//8774 4116//8774 4628//8774 
f 4116//8775 4114//8775 4628//8775 
f 4628//8776 4114//8776 4629//8776 
f 4114//8777 4112//8777 4629//8777 
f 4629//8778 4112//8778 4630//8778 
f 4630//8779 4110//8779 4631//8779 
f 4112//8780 4110//8780 4630//8780 
f 4631//8781 4108//8781 4632//8781 
f 4110//8782 4108//8782 4631//8782 
f 4632//8783 4106//8783 4633//8783 
f 4108//8784 4106//8784 4632//8784 
f 4633//8785 4104//8785 4634//8785 
f 4106//8786 4104//8786 4633//8786 
f 4104//8787 4102//8787 4634//8787 
f 4634//8788 4102//8788 4635//8788 
f 4102//8789 4100//8789 4635//8789 
f 4635//8790 4100//8790 4636//8790 
f 4100//8791 4098//8791 4636//8791 
f 4636//8792 4098//8792 4637//8792 
f 4098//8793 4096//8793 4637//8793 
f 4637//8794 4096//8794 4638//8794 
f 4096//8795 4094//8795 4638//8795 
f 4638//8796 4094//8796 4639//8796 
f 4094//8797 4092//8797 4639//8797 
f 4639//8798 4092//8798 4640//8798 
f 4092//8799 4090//8799 4640//8799 
f 4640//8800 4090//8800 4641//8800 
f 4090//8801 4088//8801 4641//8801 
f 4641//8802 4088//8802 4642//8802 
f 4088//8803 4086//8803 4642//8803 
f 4642//8804 4086//8804 4643//8804 
f 4086//8805 4084//8805 4643//8805 
f 4643//8806 4084//8806 4644//8806 
f 4084//8807 4082//8807 4644//8807 
f 4644//8808 4082//8808 4645//8808 
f 4082//8809 4080//8809 4645//8809 
f 4645//8810 4080//8810 4646//8810 
f 4080//8811 4078//8811 4646//8811 
f 4646//8812 4078//8812 4647//8812 
f 4647//8813 4076//8813 4648//8813 
f 4078//8814 4076//8814 4647//8814 
f 4648//8815 4074//8815 4649//8815 
f 4076//8816 4074//8816 4648//8816 
f 4649//8817 4072//8817 4650//8817 
f 4074//8818 4072//8818 4649//8818 
f 4650//8819 4069//8819 4651//8819 
f 4072//8820 4069//8820 4650//8820 
f 4651//8821 4070//8821 4652//8821 
f 4069//8822 4070//8822 4651//8822 
f 4652//8823 4071//8823 4653//8823 
f 4070//8824 4071//8824 4652//8824 
f 4653//8825 4073//8825 4654//8825 
f 4071//8826 4073//8826 4653//8826 
f 4654//8827 4075//8827 4655//8827 
f 4073//8828 4075//8828 4654//8828 
f 4655//8829 4077//8829 4656//8829 
f 4075//8830 4077//8830 4655//8830 
f 4656//8831 4079//8831 4657//8831 
f 4077//8832 4079//8832 4656//8832 
f 4657//8833 4081//8833 4658//8833 
f 4079//8834 4081//8834 4657//8834 
f 4658//8835 4083//8835 4659//8835 
f 4081//8836 4083//8836 4658//8836 
f 4659//8837 4085//8837 4660//8837 
f 4083//8838 4085//8838 4659//8838 
f 4085//8839 4087//8839 4660//8839 
f 4660//8840 4087//8840 4661//8840 
f 4087//8841 4089//8841 4661//8841 
f 4661//8842 4089//8842 4662//8842 
f 4089//8843 4091//8843 4662//8843 
f 4662//8844 4091//8844 4663//8844 
f 4091//8845 4093//8845 4663//8845 
f 4663//8846 4093//8846 4664//8846 
f 4664//8847 4095//8847 4665//8847 
f 4093//8848 4095//8848 4664//8848 
f 4665//8849 4097//8849 4666//8849 
f 4666//8850 4097//8850 4667//8850 
f 4095//8851 4097//8851 4665//8851 
f 4097//8852 4099//8852 4667//8852 
f 4667//8853 4101//8853 4668//8853 
f 4099//8854 4101//8854 4667//8854 
f 4668//8855 4103//8855 4669//8855 
f 4101//8856 4103//8856 4668//8856 
f 4669//8857 4105//8857 4670//8857 
f 4103//8858 4105//8858 4669//8858 
f 4670//8859 4107//8859 4671//8859 
f 4105//8860 4107//8860 4670//8860 
f 4671//8861 4109//8861 4672//8861 
f 4672//8862 4109//8862 4673//8862 
f 4107//8863 4109//8863 4671//8863 
f 4109//8864 4111//8864 4673//8864 
f 4673//8865 4113//8865 4674//8865 
f 4111//8866 4113//8866 4673//8866 
f 4674//8867 4115//8867 4675//8867 
f 4113//8868 4115//8868 4674//8868 
f 4675//8869 4117//8869 4676//8869 
f 4676//8870 4117//8870 4677//8870 
f 4115//8871 4117//8871 4675//8871 
f 4117//8872 4119//8872 4677//8872 
f 4677//8873 4121//8873 4678//8873 
f 4119//8874 4121//8874 4677//8874 
f 4678//8875 4123//8875 4679//8875 
f 4121//8876 4123//8876 4678//8876 
f 4679//8877 4125//8877 4680//8877 
f 4680//8878 4125//8878 4681//8878 
f 4123//8879 4125//8879 4679//8879 
f 4125//8880 4127//8880 4681//8880 
f 4681//8881 4129//8881 4682//8881 
f 4682//8882 4129//8882 4683//8882 
f 4127//8883 4129//8883 4681//8883 
f 4129//8884 4131//8884 4683//8884 
f 4683//8885 4133//8885 4684//8885 
f 4131//8886 4133//8886 4683//8886 
f 4133//8887 4135//8887 4684//8887 
f 4684//8888 4135//8888 4685//8888 
f 4135//8889 4136//8889 4685//8889 
f 4685//8890 4136//8890 4686//8890 
f 4136//8891 4139//8891 4686//8891 
f 4686//8892 4139//8892 4687//8892 
f 4139//8893 4142//8893 4687//8893 
f 4687//8894 4142//8894 4688//8894 
f 4142//8895 4143//8895 4688//8895 
f 4688//8896 4143//8896 4689//8896 
f 4143//8897 4144//8897 4689//8897 
f 4689//8898 4144//8898 4690//8898 
f 4144//8899 4147//8899 4690//8899 
f 4690//8900 4147//8900 4691//8900 
f 4147//8901 4148//8901 4691//8901 
f 4691//8902 4148//8902 4692//8902 
f 4148//8903 4152//8903 4692//8903 
f 4692//8904 4152//8904 4693//8904 
f 4152//8905 4153//8905 4693//8905 
f 4693//8906 4153//8906 4694//8906 
f 4153//8907 4154//8907 4694//8907 
f 4694//8908 4154//8908 4695//8908 
f 4154//8909 4157//8909 4695//8909 
f 4695//8910 4157//8910 4696//8910 
f 4696//8911 4159//8911 4697//8911 
f 4157//8912 4159//8912 4696//8912 
f 4159//8913 4161//8913 4697//8913 
f 4697//8914 4161//8914 4698//8914 
f 4698//8915 4164//8915 4573//8915 
f 4161//8916 4164//8916 4698//8916 
f 4289//8917 4292//8917 4699//8917 
f 4699//8918 4292//8918 4700//8918 
f 4700//8919 4293//8919 4701//8919 
f 4701//8920 4293//8920 4702//8920 
f 4292//8921 4293//8921 4700//8921 
f 4293//8922 4295//8922 4702//8922 
f 4702//8923 4296//8923 4703//8923 
f 4703//8924 4296//8924 4704//8924 
f 4295//8925 4296//8925 4702//8925 
f 4704//8926 4299//8926 4705//8926 
f 4296//8927 4299//8927 4704//8927 
f 4299//8928 4302//8928 4705//8928 
f 4705//8929 4303//8929 4706//8929 
f 4302//8930 4303//8930 4705//8930 
f 4706//8931 4306//8931 4707//8931 
f 4707//8932 4306//8932 4708//8932 
f 4303//8933 4306//8933 4706//8933 
f 4306//8934 4307//8934 4708//8934 
f 4708//8935 4308//8935 4709//8935 
f 4307//8936 4308//8936 4708//8936 
f 4308//8937 4310//8937 4709//8937 
f 4709//8938 4310//8938 4710//8938 
f 4310//8939 4313//8939 4710//8939 
f 4710//8940 4313//8940 4711//8940 
f 4313//8941 4315//8941 4711//8941 
f 4711//8942 4315//8942 4712//8942 
f 4315//8943 4317//8943 4712//8943 
f 4712//8944 4317//8944 4713//8944 
f 4317//8945 4320//8945 4713//8945 
f 4713//8946 4320//8946 4714//8946 
f 4320//8947 4319//8947 4714//8947 
f 4714//8948 4319//8948 4715//8948 
f 4319//8949 4318//8949 4715//8949 
f 4715//8950 4318//8950 4716//8950 
f 4318//8951 4316//8951 4716//8951 
f 4716//8952 4316//8952 4717//8952 
f 4316//8953 4314//8953 4717//8953 
f 4717//8954 4314//8954 4718//8954 
f 4314//8955 4312//8955 4718//8955 
f 4718//8956 4312//8956 4719//8956 
f 4719//8957 4312//8957 4720//8957 
f 4312//8958 4311//8958 4720//8958 
f 4311//8959 4309//8959 4720//8959 
f 4720//8960 4309//8960 4721//8960 
f 4721//8961 4309//8961 4722//8961 
f 4309//8962 4305//8962 4722//8962 
f 4722//8963 4304//8963 4723//8963 
f 4723//8964 4304//8964 4724//8964 
f 4305//8965 4304//8965 4722//8965 
f 4304//8966 4301//8966 4724//8966 
f 4724//8967 4300//8967 4725//8967 
f 4301//8968 4300//8968 4724//8968 
f 4725//8969 4298//8969 4726//8969 
f 4726//8970 4298//8970 4727//8970 
f 4300//8971 4298//8971 4725//8971 
f 4727//8972 4297//8972 4728//8972 
f 4298//8973 4297//8973 4727//8973 
f 4297//8974 4294//8974 4728//8974 
f 4728//8975 4291//8975 4729//8975 
f 4729//8976 4291//8976 4730//8976 
f 4294//8977 4291//8977 4728//8977 
f 4291//8978 4290//8978 4730//8978 
f 4730//8979 4288//8979 4731//8979 
f 4731//8980 4288//8980 4732//8980 
f 4290//8981 4288//8981 4730//8981 
f 4288//8982 4286//8982 4732//8982 
f 4732//8983 4284//8983 4733//8983 
f 4733//8984 4284//8984 4734//8984 
f 4286//8985 4284//8985 4732//8985 
f 4284//8986 4282//8986 4734//8986 
f 4282//8987 4280//8987 4734//8987 
f 4734//8988 4280//8988 4735//8988 
f 4280//8989 4277//8989 4735//8989 
f 4735//8990 4277//8990 4736//8990 
f 4277//8991 4275//8991 4736//8991 
f 4736//8992 4275//8992 4737//8992 
f 4275//8993 4274//8993 4737//8993 
f 4737//8994 4274//8994 4738//8994 
f 4274//8995 4272//8995 4738//8995 
f 4738//8996 4272//8996 4739//8996 
f 4739//8997 4272//8997 4740//8997 
f 4272//8998 4270//8998 4740//8998 
f 4270//8999 4268//8999 4740//8999 
f 4740//9000 4268//9000 4741//9000 
f 4268//9001 4266//9001 4741//9001 
f 4741//9002 4266//9002 4742//9002 
f 4266//9003 4265//9003 4742//9003 
f 4742//9004 4265//9004 4743//9004 
f 4265//9005 4263//9005 4743//9005 
f 4743//9006 4263//9006 4744//9006 
f 4263//9007 4260//9007 4744//9007 
f 4744//9008 4260//9008 4745//9008 
f 4260//9009 4258//9009 4745//9009 
f 4745//9010 4258//9010 4746//9010 
f 4258//9011 4256//9011 4746//9011 
f 4746//9012 4256//9012 4747//9012 
f 4256//9013 4254//9013 4747//9013 
f 4747//9014 4254//9014 4748//9014 
f 4254//9015 4252//9015 4748//9015 
f 4748//9016 4252//9016 4749//9016 
f 4252//9017 4250//9017 4749//9017 
f 4749//9018 4250//9018 4750//9018 
f 4250//9019 4248//9019 4750//9019 
f 4750//9020 4248//9020 4751//9020 
f 4248//9021 4246//9021 4751//9021 
f 4751//9022 4246//9022 4752//9022 
f 4246//9023 4244//9023 4752//9023 
f 4752//9024 4244//9024 4753//9024 
f 4244//9025 4242//9025 4753//9025 
f 4753//9026 4242//9026 4754//9026 
f 4242//9027 4240//9027 4754//9027 
f 4754//9028 4240//9028 4755//9028 
f 4240//9029 4238//9029 4755//9029 
f 4755//9030 4238//9030 4756//9030 
f 4756//9031 4236//9031 4757//9031 
f 4238//9032 4236//9032 4756//9032 
f 4757//9033 4234//9033 4758//9033 
f 4236//9034 4234//9034 4757//9034 
f 4758//9035 4232//9035 4759//9035 
f 4234//9036 4232//9036 4758//9036 
f 4759//9037 4230//9037 4760//9037 
f 4232//9038 4230//9038 4759//9038 
f 4230//9039 4228//9039 4760//9039 
f 4760//9040 4228//9040 4761//9040 
f 4228//9041 4226//9041 4761//9041 
f 4761//9042 4226//9042 4762//9042 
f 4226//9043 4224//9043 4762//9043 
f 4762//9044 4224//9044 4763//9044 
f 4224//9045 4222//9045 4763//9045 
f 4763//9046 4222//9046 4764//9046 
f 4222//9047 4220//9047 4764//9047 
f 4764//9048 4220//9048 4765//9048 
f 4220//9049 4218//9049 4765//9049 
f 4765//9050 4218//9050 4766//9050 
f 4218//9051 4216//9051 4766//9051 
f 4766//9052 4216//9052 4767//9052 
f 4216//9053 4214//9053 4767//9053 
f 4767//9054 4214//9054 4768//9054 
f 4214//9055 4212//9055 4768//9055 
f 4768//9056 4212//9056 4769//9056 
f 4212//9057 4210//9057 4769//9057 
f 4769//9058 4210//9058 4770//9058 
f 4210//9059 4208//9059 4770//9059 
f 4770//9060 4208//9060 4771//9060 
f 4208//9061 4206//9061 4771//9061 
f 4771//9062 4206//9062 4772//9062 
f 4206//9063 4204//9063 4772//9063 
f 4772//9064 4204//9064 4773//9064 
f 4773//9065 4202//9065 4774//9065 
f 4204//9066 4202//9066 4773//9066 
f 4774//9067 4200//9067 4775//9067 
f 4202//9068 4200//9068 4774//9068 
f 4775//9069 4198//9069 4776//9069 
f 4200//9070 4198//9070 4775//9070 
f 4776//9071 4195//9071 4777//9071 
f 4198//9072 4195//9072 4776//9072 
f 4777//9073 4196//9073 4778//9073 
f 4195//9074 4196//9074 4777//9074 
f 4778//9075 4197//9075 4779//9075 
f 4196//9076 4197//9076 4778//9076 
f 4779//9077 4199//9077 4780//9077 
f 4197//9078 4199//9078 4779//9078 
f 4780//9079 4201//9079 4781//9079 
f 4199//9080 4201//9080 4780//9080 
f 4781//9081 4203//9081 4782//9081 
f 4201//9082 4203//9082 4781//9082 
f 4782//9083 4205//9083 4783//9083 
f 4203//9084 4205//9084 4782//9084 
f 4783//9085 4207//9085 4784//9085 
f 4205//9086 4207//9086 4783//9086 
f 4784//9087 4209//9087 4785//9087 
f 4207//9088 4209//9088 4784//9088 
f 4785//9089 4211//9089 4786//9089 
f 4209//9090 4211//9090 4785//9090 
f 4211//9091 4213//9091 4786//9091 
f 4786//9092 4213//9092 4787//9092 
f 4213//9093 4215//9093 4787//9093 
f 4787//9094 4215//9094 4788//9094 
f 4215//9095 4217//9095 4788//9095 
f 4788//9096 4217//9096 4789//9096 
f 4217//9097 4219//9097 4789//9097 
f 4789//9098 4219//9098 4790//9098 
f 4790//9099 4221//9099 4791//9099 
f 4219//9100 4221//9100 4790//9100 
f 4791//9101 4223//9101 4792//9101 
f 4792//9102 4223//9102 4793//9102 
f 4221//9103 4223//9103 4791//9103 
f 4223//9104 4225//9104 4793//9104 
f 4793//9105 4227//9105 4794//9105 
f 4225//9106 4227//9106 4793//9106 
f 4794//9107 4229//9107 4795//9107 
f 4227//9108 4229//9108 4794//9108 
f 4795//9109 4231//9109 4796//9109 
f 4229//9110 4231//9110 4795//9110 
f 4796//9111 4233//9111 4797//9111 
f 4231//9112 4233//9112 4796//9112 
f 4797//9113 4235//9113 4798//9113 
f 4798//9114 4235//9114 4799//9114 
f 4233//9115 4235//9115 4797//9115 
f 4235//9116 4237//9116 4799//9116 
f 4799//9117 4239//9117 4800//9117 
f 4237//9118 4239//9118 4799//9118 
f 4800//9119 4241//9119 4801//9119 
f 4239//9120 4241//9120 4800//9120 
f 4801//9121 4243//9121 4802//9121 
f 4802//9122 4243//9122 4803//9122 
f 4241//9123 4243//9123 4801//9123 
f 4243//9124 4245//9124 4803//9124 
f 4803//9125 4247//9125 4804//9125 
f 4245//9126 4247//9126 4803//9126 
f 4804//9127 4249//9127 4805//9127 
f 4247//9128 4249//9128 4804//9128 
f 4805//9129 4251//9129 4806//9129 
f 4806//9130 4251//9130 4807//9130 
f 4249//9131 4251//9131 4805//9131 
f 4251//9132 4253//9132 4807//9132 
f 4807//9133 4255//9133 4808//9133 
f 4808//9134 4255//9134 4809//9134 
f 4253//9135 4255//9135 4807//9135 
f 4255//9136 4257//9136 4809//9136 
f 4809//9137 4259//9137 4810//9137 
f 4257//9138 4259//9138 4809//9138 
f 4259//9139 4261//9139 4810//9139 
f 4810//9140 4261//9140 4811//9140 
f 4261//9141 4262//9141 4811//9141 
f 4811//9142 4262//9142 4812//9142 
f 4262//9143 4264//9143 4812//9143 
f 4812//9144 4264//9144 4813//9144 
f 4264//9145 4267//9145 4813//9145 
f 4813//9146 4267//9146 4814//9146 
f 4267//9147 4269//9147 4814//9147 
f 4814//9148 4269//9148 4815//9148 
f 4269//9149 4271//9149 4815//9149 
f 4815//9150 4271//9150 4816//9150 
f 4271//9151 4273//9151 4816//9151 
f 4816//9152 4273//9152 4817//9152 
f 4273//9153 4276//9153 4817//9153 
f 4817//9154 4276//9154 4818//9154 
f 4276//9155 4278//9155 4818//9155 
f 4818//9156 4278//9156 4819//9156 
f 4278//9157 4279//9157 4819//9157 
f 4819//9158 4279//9158 4820//9158 
f 4279//9159 4281//9159 4820//9159 
f 4820//9160 4281//9160 4821//9160 
f 4281//9161 4283//9161 4821//9161 
f 4821//9162 4283//9162 4822//9162 
f 4822//9163 4285//9163 4823//9163 
f 4283//9164 4285//9164 4822//9164 
f 4285//9165 4287//9165 4823//9165 
f 4823//9166 4287//9166 4824//9166 
f 4824//9167 4289//9167 4699//9167 
f 4287//9168 4289//9168 4824//9168 
f 4416//9169 4415//9169 4825//9169 
f 4825//9170 4415//9170 4826//9170 
f 4826//9171 4420//9171 4827//9171 
f 4827//9172 4420//9172 4828//9172 
f 4415//9173 4420//9173 4826//9173 
f 4420//9174 4422//9174 4828//9174 
f 4828//9175 4424//9175 4829//9175 
f 4829//9176 4424//9176 4830//9176 
f 4422//9177 4424//9177 4828//9177 
f 4830//9178 4426//9178 4831//9178 
f 4424//9179 4426//9179 4830//9179 
f 4426//9180 4427//9180 4831//9180 
f 4831//9181 4429//9181 4832//9181 
f 4427//9182 4429//9182 4831//9182 
f 4832//9183 4432//9183 4833//9183 
f 4833//9184 4432//9184 4834//9184 
f 4429//9185 4432//9185 4832//9185 
f 4432//9186 4433//9186 4834//9186 
f 4834//9187 4435//9187 4835//9187 
f 4433//9188 4435//9188 4834//9188 
f 4435//9189 4436//9189 4835//9189 
f 4835//9190 4436//9190 4836//9190 
f 4436//9191 4439//9191 4836//9191 
f 4836//9192 4439//9192 4837//9192 
f 4439//9193 4442//9193 4837//9193 
f 4837//9194 4442//9194 4838//9194 
f 4442//9195 4443//9195 4838//9195 
f 4838//9196 4443//9196 4839//9196 
f 4443//9197 4444//9197 4839//9197 
f 4839//9198 4444//9198 4840//9198 
f 4444//9199 4446//9199 4840//9199 
f 4840//9200 4446//9200 4841//9200 
f 4446//9201 4445//9201 4841//9201 
f 4841//9202 4445//9202 4842//9202 
f 4445//9203 4441//9203 4842//9203 
f 4842//9204 4441//9204 4843//9204 
f 4441//9205 4440//9205 4843//9205 
f 4843//9206 4440//9206 4844//9206 
f 4440//9207 4438//9207 4844//9207 
f 4844//9208 4438//9208 4845//9208 
f 4845//9209 4438//9209 4846//9209 
f 4438//9210 4437//9210 4846//9210 
f 4437//9211 4434//9211 4846//9211 
f 4846//9212 4434//9212 4847//9212 
f 4847//9213 4434//9213 4848//9213 
f 4434//9214 4431//9214 4848//9214 
f 4848//9215 4430//9215 4849//9215 
f 4849//9216 4430//9216 4850//9216 
f 4431//9217 4430//9217 4848//9217 
f 4430//9218 4428//9218 4850//9218 
f 4850//9219 4425//9219 4851//9219 
f 4428//9220 4425//9220 4850//9220 
f 4851//9221 4423//9221 4852//9221 
f 4852//9222 4423//9222 4853//9222 
f 4425//9223 4423//9223 4851//9223 
f 4853//9224 4421//9224 4854//9224 
f 4423//9225 4421//9225 4853//9225 
f 4421//9226 4419//9226 4854//9226 
f 4854//9227 4418//9227 4855//9227 
f 4855//9228 4418//9228 4856//9228 
f 4419//9229 4418//9229 4854//9229 
f 4418//9230 4417//9230 4856//9230 
f 4856//9231 4414//9231 4857//9231 
f 4857//9232 4414//9232 4858//9232 
f 4417//9233 4414//9233 4856//9233 
f 4414//9234 4412//9234 4858//9234 
f 4858//9235 4410//9235 4859//9235 
f 4859//9236 4410//9236 4860//9236 
f 4412//9237 4410//9237 4858//9237 
f 4410//9238 4408//9238 4860//9238 
f 4408//9239 4407//9239 4860//9239 
f 4860//9240 4407//9240 4861//9240 
f 4407//9241 4403//9241 4861//9241 
f 4861//9242 4403//9242 4862//9242 
f 4403//9243 4402//9243 4862//9243 
f 4862//9244 4402//9244 4863//9244 
f 4402//9245 4401//9245 4863//9245 
f 4863//9246 4401//9246 4864//9246 
f 4401//9247 4398//9247 4864//9247 
f 4864//9248 4398//9248 4865//9248 
f 4865//9249 4398//9249 4866//9249 
f 4398//9250 4397//9250 4866//9250 
f 4397//9251 4393//9251 4866//9251 
f 4866//9252 4393//9252 4867//9252 
f 4393//9253 4392//9253 4867//9253 
f 4867//9254 4392//9254 4868//9254 
f 4392//9255 4390//9255 4868//9255 
f 4868//9256 4390//9256 4869//9256 
f 4390//9257 4389//9257 4869//9257 
f 4869//9258 4389//9258 4870//9258 
f 4389//9259 4386//9259 4870//9259 
f 4870//9260 4386//9260 4871//9260 
f 4386//9261 4384//9261 4871//9261 
f 4871//9262 4384//9262 4872//9262 
f 4384//9263 4382//9263 4872//9263 
f 4872//9264 4382//9264 4873//9264 
f 4382//9265 4380//9265 4873//9265 
f 4873//9266 4380//9266 4874//9266 
f 4380//9267 4378//9267 4874//9267 
f 4874//9268 4378//9268 4875//9268 
f 4378//9269 4376//9269 4875//9269 
f 4875//9270 4376//9270 4876//9270 
f 4376//9271 4374//9271 4876//9271 
f 4876//9272 4374//9272 4877//9272 
f 4374//9273 4372//9273 4877//9273 
f 4877//9274 4372//9274 4878//9274 
f 4372//9275 4370//9275 4878//9275 
f 4878//9276 4370//9276 4879//9276 
f 4370//9277 4368//9277 4879//9277 
f 4879//9278 4368//9278 4880//9278 
f 4368//9279 4366//9279 4880//9279 
f 4880//9280 4366//9280 4881//9280 
f 4366//9281 4364//9281 4881//9281 
f 4881//9282 4364//9282 4882//9282 
f 4882//9283 4362//9283 4883//9283 
f 4364//9284 4362//9284 4882//9284 
f 4883//9285 4360//9285 4884//9285 
f 4362//9286 4360//9286 4883//9286 
f 4884//9287 4358//9287 4885//9287 
f 4360//9288 4358//9288 4884//9288 
f 4885//9289 4356//9289 4886//9289 
f 4358//9290 4356//9290 4885//9290 
f 4356//9291 4354//9291 4886//9291 
f 4886//9292 4354//9292 4887//9292 
f 4354//9293 4352//9293 4887//9293 
f 4887//9294 4352//9294 4888//9294 
f 4352//9295 4350//9295 4888//9295 
f 4888//9296 4350//9296 4889//9296 
f 4350//9297 4348//9297 4889//9297 
f 4889//9298 4348//9298 4890//9298 
f 4348//9299 4346//9299 4890//9299 
f 4890//9300 4346//9300 4891//9300 
f 4346//9301 4344//9301 4891//9301 
f 4891//9302 4344//9302 4892//9302 
f 4344//9303 4342//9303 4892//9303 
f 4892//9304 4342//9304 4893//9304 
f 4342//9305 4340//9305 4893//9305 
f 4893//9306 4340//9306 4894//9306 
f 4340//9307 4338//9307 4894//9307 
f 4894//9308 4338//9308 4895//9308 
f 4338//9309 4336//9309 4895//9309 
f 4895//9310 4336//9310 4896//9310 
f 4336//9311 4334//9311 4896//9311 
f 4896//9312 4334//9312 4897//9312 
f 4334//9313 4332//9313 4897//9313 
f 4897//9314 4332//9314 4898//9314 
f 4332//9315 4330//9315 4898//9315 
f 4898//9316 4330//9316 4899//9316 
f 4899//9317 4328//9317 4900//9317 
f 4330//9318 4328//9318 4899//9318 
f 4900//9319 4326//9319 4901//9319 
f 4328//9320 4326//9320 4900//9320 
f 4901//9321 4324//9321 4902//9321 
f 4326//9322 4324//9322 4901//9322 
f 4902//9323 4321//9323 4903//9323 
f 4324//9324 4321//9324 4902//9324 
f 4903//9325 4322//9325 4904//9325 
f 4321//9326 4322//9326 4903//9326 
f 4904//9327 4323//9327 4905//9327 
f 4322//9328 4323//9328 4904//9328 
f 4905//9329 4325//9329 4906//9329 
f 4323//9330 4325//9330 4905//9330 
f 4906//9331 4327//9331 4907//9331 
f 4325//9332 4327//9332 4906//9332 
f 4907//9333 4329//9333 4908//9333 
f 4327//9334 4329//9334 4907//9334 
f 4908//9335 4331//9335 4909//9335 
f 4329//9336 4331//9336 4908//9336 
f 4909//9337 4333//9337 4910//9337 
f 4331//9338 4333//9338 4909//9338 
f 4910//9339 4335//9339 4911//9339 
f 4333//9340 4335//9340 4910//9340 
f 4911//9341 4337//9341 4912//9341 
f 4335//9342 4337//9342 4911//9342 
f 4337//9343 4339//9343 4912//9343 
f 4912//9344 4339//9344 4913//9344 
f 4339//9345 4341//9345 4913//9345 
f 4913//9346 4341//9346 4914//9346 
f 4341//9347 4343//9347 4914//9347 
f 4914//9348 4343//9348 4915//9348 
f 4343//9349 4345//9349 4915//9349 
f 4915//9350 4345//9350 4916//9350 
f 4916//9351 4347//9351 4917//9351 
f 4345//9352 4347//9352 4916//9352 
f 4917//9353 4349//9353 4918//9353 
f 4918//9354 4349//9354 4919//9354 
f 4347//9355 4349//9355 4917//9355 
f 4349//9356 4351//9356 4919//9356 
f 4919//9357 4353//9357 4920//9357 
f 4351//9358 4353//9358 4919//9358 
f 4920//9359 4355//9359 4921//9359 
f 4353//9360 4355//9360 4920//9360 
f 4921//9361 4357//9361 4922//9361 
f 4355//9362 4357//9362 4921//9362 
f 4922//9363 4359//9363 4923//9363 
f 4357//9364 4359//9364 4922//9364 
f 4923//9365 4361//9365 4924//9365 
f 4924//9366 4361//9366 4925//9366 
f 4359//9367 4361//9367 4923//9367 
f 4361//9368 4363//9368 4925//9368 
f 4925//9369 4365//9369 4926//9369 
f 4363//9370 4365//9370 4925//9370 
f 4926//9371 4367//9371 4927//9371 
f 4365//9372 4367//9372 4926//9372 
f 4927//9373 4369//9373 4928//9373 
f 4928//9374 4369//9374 4929//9374 
f 4367//9375 4369//9375 4927//9375 
f 4369//9376 4371//9376 4929//9376 
f 4929//9377 4373//9377 4930//9377 
f 4371//9378 4373//9378 4929//9378 
f 4930//9379 4375//9379 4931//9379 
f 4373//9380 4375//9380 4930//9380 
f 4931//9381 4377//9381 4932//9381 
f 4932//9382 4377//9382 4933//9382 
f 4375//9383 4377//9383 4931//9383 
f 4377//9384 4379//9384 4933//9384 
f 4933//9385 4381//9385 4934//9385 
f 4934//9386 4381//9386 4935//9386 
f 4379//9387 4381//9387 4933//9387 
f 4381//9388 4383//9388 4935//9388 
f 4935//9389 4385//9389 4936//9389 
f 4383//9390 4385//9390 4935//9390 
f 4385//9391 4387//9391 4936//9391 
f 4936//9392 4387//9392 4937//9392 
f 4387//9393 4388//9393 4937//9393 
f 4937//9394 4388//9394 4938//9394 
f 4388//9395 4391//9395 4938//9395 
f 4938//9396 4391//9396 4939//9396 
f 4391//9397 4394//9397 4939//9397 
f 4939//9398 4394//9398 4940//9398 
f 4394//9399 4395//9399 4940//9399 
f 4940//9400 4395//9400 4941//9400 
f 4395//9401 4396//9401 4941//9401 
f 4941//9402 4396//9402 4942//9402 
f 4396//9403 4399//9403 4942//9403 
f 4942//9404 4399//9404 4943//9404 
f 4399//9405 4400//9405 4943//9405 
f 4943//9406 4400//9406 4944//9406 
f 4400//9407 4404//9407 4944//9407 
f 4944//9408 4404//9408 4945//9408 
f 4404//9409 4405//9409 4945//9409 
f 4945//9410 4405//9410 4946//9410 
f 4405//9411 4406//9411 4946//9411 
f 4946//9412 4406//9412 4947//9412 
f 4406//9413 4409//9413 4947//9413 
f 4947//9414 4409//9414 4948//9414 
f 4948//9415 4411//9415 4949//9415 
f 4409//9416 4411//9416 4948//9416 
f 4411//9417 4413//9417 4949//9417 
f 4949//9418 4413//9418 4950//9418 
f 4950//9419 4416//9419 4825//9419 
f 4413//9420 4416//9420 4950//9420 
f 4541//9421 4544//9421 4951//9421 
f 4951//9422 4544//9422 4952//9422 
f 4952//9423 4545//9423 4953//9423 
f 4953//9424 4545//9424 4954//9424 
f 4544//9425 4545//9425 4952//9425 
f 4545//9426 4547//9426 4954//9426 
f 4954//9427 4548//9427 4955//9427 
f 4955//9428 4548//9428 4956//9428 
f 4547//9429 4548//9429 4954//9429 
f 4956//9430 4551//9430 4957//9430 
f 4548//9431 4551//9431 4956//9431 
f 4551//9432 4554//9432 4957//9432 
f 4957//9433 4555//9433 4958//9433 
f 4554//9434 4555//9434 4957//9434 
f 4958//9435 4558//9435 4959//9435 
f 4959//9436 4558//9436 4960//9436 
f 4555//9437 4558//9437 4958//9437 
f 4558//9438 4559//9438 4960//9438 
f 4960//9439 4560//9439 4961//9439 
f 4559//9440 4560//9440 4960//9440 
f 4560//9441 4562//9441 4961//9441 
f 4961//9442 4562//9442 4962//9442 
f 4562//9443 4565//9443 4962//9443 
f 4962//9444 4565//9444 4963//9444 
f 4565//9445 4567//9445 4963//9445 
f 4963//9446 4567//9446 4964//9446 
f 4567//9447 4569//9447 4964//9447 
f 4964//9448 4569//9448 4965//9448 
f 4569//9449 4572//9449 4965//9449 
f 4965//9450 4572//9450 4966//9450 
f 4572//9451 4571//9451 4966//9451 
f 4966//9452 4571//9452 4967//9452 
f 4571//9453 4570//9453 4967//9453 
f 4967//9454 4570//9454 4968//9454 
f 4570//9455 4568//9455 4968//9455 
f 4968//9456 4568//9456 4969//9456 
f 4568//9457 4566//9457 4969//9457 
f 4969//9458 4566//9458 4970//9458 
f 4566//9459 4564//9459 4970//9459 
f 4970//9460 4564//9460 4971//9460 
f 4971//9461 4564//9461 4972//9461 
f 4564//9462 4563//9462 4972//9462 
f 4563//9463 4561//9463 4972//9463 
f 4972//9464 4561//9464 4973//9464 
f 4973//9465 4561//9465 4974//9465 
f 4561//9466 4557//9466 4974//9466 
f 4974//9467 4556//9467 4975//9467 
f 4975//9468 4556//9468 4976//9468 
f 4557//9469 4556//9469 4974//9469 
f 4556//9470 4553//9470 4976//9470 
f 4976//9471 4552//9471 4977//9471 
f 4553//9472 4552//9472 4976//9472 
f 4977//9473 4550//9473 4978//9473 
f 4978//9474 4550//9474 4979//9474 
f 4552//9475 4550//9475 4977//9475 
f 4979//9476 4549//9476 4980//9476 
f 4550//9477 4549//9477 4979//9477 
f 4549//9478 4546//9478 4980//9478 
f 4980//9479 4543//9479 4981//9479 
f 4981//9480 4543//9480 4982//9480 
f 4546//9481 4543//9481 4980//9481 
f 4543//9482 4542//9482 4982//9482 
f 4982//9483 4540//9483 4983//9483 
f 4983//9484 4540//9484 4984//9484 
f 4542//9485 4540//9485 4982//9485 
f 4540//9486 4538//9486 4984//9486 
f 4984//9487 4536//9487 4985//9487 
f 4985//9488 4536//9488 4986//9488 
f 4538//9489 4536//9489 4984//9489 
f 4536//9490 4534//9490 4986//9490 
f 4534//9491 4532//9491 4986//9491 
f 4986//9492 4532//9492 4987//9492 
f 4532//9493 4529//9493 4987//9493 
f 4987//9494 4529//9494 4988//9494 
f 4529//9495 4527//9495 4988//9495 
f 4988//9496 4527//9496 4989//9496 
f 4527//9497 4526//9497 4989//9497 
f 4989//9498 4526//9498 4990//9498 
f 4526//9499 4524//9499 4990//9499 
f 4990//9500 4524//9500 4991//9500 
f 4991//9501 4524//9501 4992//9501 
f 4524//9502 4522//9502 4992//9502 
f 4522//9503 4520//9503 4992//9503 
f 4992//9504 4520//9504 4993//9504 
f 4520//9505 4518//9505 4993//9505 
f 4993//9506 4518//9506 4994//9506 
f 4518//9507 4517//9507 4994//9507 
f 4994//9508 4517//9508 4995//9508 
f 4517//9509 4515//9509 4995//9509 
f 4995//9510 4515//9510 4996//9510 
f 4515//9511 4512//9511 4996//9511 
f 4996//9512 4512//9512 4997//9512 
f 4512//9513 4510//9513 4997//9513 
f 4997//9514 4510//9514 4998//9514 
f 4510//9515 4508//9515 4998//9515 
f 4998//9516 4508//9516 4999//9516 
f 4508//9517 4506//9517 4999//9517 
f 4999//9518 4506//9518 5000//9518 
f 4506//9519 4504//9519 5000//9519 
f 5000//9520 4504//9520 5001//9520 
f 4504//9521 4502//9521 5001//9521 
f 5001//9522 4502//9522 5002//9522 
f 4502//9523 4500//9523 5002//9523 
f 5002//9524 4500//9524 5003//9524 
f 4500//9525 4498//9525 5003//9525 
f 5003//9526 4498//9526 5004//9526 
f 4498//9527 4496//9527 5004//9527 
f 5004//9528 4496//9528 5005//9528 
f 4496//9529 4494//9529 5005//9529 
f 5005//9530 4494//9530 5006//9530 
f 4494//9531 4492//9531 5006//9531 
f 5006//9532 4492//9532 5007//9532 
f 4492//9533 4490//9533 5007//9533 
f 5007//9534 4490//9534 5008//9534 
f 5008//9535 4488//9535 5009//9535 
f 4490//9536 4488//9536 5008//9536 
f 5009//9537 4486//9537 5010//9537 
f 4488//9538 4486//9538 5009//9538 
f 5010//9539 4484//9539 5011//9539 
f 4486//9540 4484//9540 5010//9540 
f 5011//9541 4482//9541 5012//9541 
f 4484//9542 4482//9542 5011//9542 
f 4482//9543 4480//9543 5012//9543 
f 5012//9544 4480//9544 5013//9544 
f 4480//9545 4478//9545 5013//9545 
f 5013//9546 4478//9546 5014//9546 
f 4478//9547 4476//9547 5014//9547 
f 5014//9548 4476//9548 5015//9548 
f 4476//9549 4474//9549 5015//9549 
f 5015//9550 4474//9550 5016//9550 
f 4474//9551 4472//9551 5016//9551 
f 5016//9552 4472//9552 5017//9552 
f 4472//9553 4470//9553 5017//9553 
f 5017//9554 4470//9554 5018//9554 
f 4470//9555 4468//9555 5018//9555 
f 5018//9556 4468//9556 5019//9556 
f 4468//9557 4466//9557 5019//9557 
f 5019//9558 4466//9558 5020//9558 
f 4466//9559 4464//9559 5020//9559 
f 5020//9560 4464//9560 5021//9560 
f 4464//9561 4462//9561 5021//9561 
f 5021//9562 4462//9562 5022//9562 
f 4462//9563 4460//9563 5022//9563 
f 5022//9564 4460//9564 5023//9564 
f 4460//9565 4458//9565 5023//9565 
f 5023//9566 4458//9566 5024//9566 
f 4458//9567 4456//9567 5024//9567 
f 5024//9568 4456//9568 5025//9568 
f 5025//9569 4454//9569 5026//9569 
f 4456//9570 4454//9570 5025//9570 
f 5026//9571 4452//9571 5027//9571 
f 4454//9572 4452//9572 5026//9572 
f 5027//9573 4450//9573 5028//9573 
f 4452//9574 4450//9574 5027//9574 
f 5028//9575 4447//9575 5029//9575 
f 4450//9576 4447//9576 5028//9576 
f 5029//9577 4448//9577 5030//9577 
f 4447//9578 4448//9578 5029//9578 
f 5030//9579 4449//9579 5031//9579 
f 4448//9580 4449//9580 5030//9580 
f 5031//9581 4451//9581 5032//9581 
f 4449//9582 4451//9582 5031//9582 
f 5032//9583 4453//9583 5033//9583 
f 4451//9584 4453//9584 5032//9584 
f 5033//9585 4455//9585 5034//9585 
f 4453//9586 4455//9586 5033//9586 
f 5034//9587 4457//9587 5035//9587 
f 4455//9588 4457//9588 5034//9588 
f 5035//9589 4459//9589 5036//9589 
f 4457//9590 4459//9590 5035//9590 
f 5036//9591 4461//9591 5037//9591 
f 4459//9592 4461//9592 5036//9592 
f 5037//9593 4463//9593 5038//9593 
f 4461//9594 4463//9594 5037//9594 
f 4463//9595 4465//9595 5038//9595 
f 5038//9596 4465//9596 5039//9596 
f 4465//9597 4467//9597 5039//9597 
f 5039//9598 4467//9598 5040//9598 
f 4467//9599 4469//9599 5040//9599 
f 5040//9600 4469//9600 5041//9600 
f 4469//9601 4471//9601 5041//9601 
f 5041//9602 4471//9602 5042//9602 
f 5042//9603 4473//9603 5043//9603 
f 4471//9604 4473//9604 5042//9604 
f 5043//9605 4475//9605 5044//9605 
f 5044//9606 4475//9606 5045//9606 
f 4473//9607 4475//9607 5043//9607 
f 4475//9608 4477//9608 5045//9608 
f 5045//9609 4479//9609 5046//9609 
f 4477//9610 4479//9610 5045//9610 
f 5046//9611 4481//9611 5047//9611 
f 4479//9612 4481//9612 5046//9612 
f 5047//9613 4483//9613 5048//9613 
f 4481//9614 4483//9614 5047//9614 
f 5048//9615 4485//9615 5049//9615 
f 4483//9616 4485//9616 5048//9616 
f 5049//9617 4487//9617 5050//9617 
f 5050//9618 4487//9618 5051//9618 
f 4485//9619 4487//9619 5049//9619 
f 4487//9620 4489//9620 5051//9620 
f 5051//9621 4491//9621 5052//9621 
f 4489//9622 4491//9622 5051//9622 
f 5052//9623 4493//9623 5053//9623 
f 4491//9624 4493//9624 5052//9624 
f 5053//9625 4495//9625 5054//9625 
f 5054//9626 4495//9626 5055//9626 
f 4493//9627 4495//9627 5053//9627 
f 4495//9628 4497//9628 5055//9628 
f 5055//9629 4499//9629 5056//9629 
f 4497//9630 4499//9630 5055//9630 
f 5056//9631 4501//9631 5057//9631 
f 4499//9632 4501//9632 5056//9632 
f 5057//9633 4503//9633 5058//9633 
f 5058//9634 4503//9634 5059//9634 
f 4501//9635 4503//9635 5057//9635 
f 4503//9636 4505//9636 5059//9636 
f 5059//9637 4507//9637 5060//9637 
f 5060//9638 4507//9638 5061//9638 
f 4505//9639 4507//9639 5059//9639 
f 4507//9640 4509//9640 5061//9640 
f 5061//9641 4511//9641 5062//9641 
f 4509//9642 4511//9642 5061//9642 
f 4511//9643 4513//9643 5062//9643 
f 5062//9644 4513//9644 5063//9644 
f 4513//9645 4514//9645 5063//9645 
f 5063//9646 4514//9646 5064//9646 
f 4514//9647 4516//9647 5064//9647 
f 5064//9648 4516//9648 5065//9648 
f 4516//9649 4519//9649 5065//9649 
f 5065//9650 4519//9650 5066//9650 
f 4519//9651 4521//9651 5066//9651 
f 5066//9652 4521//9652 5067//9652 
f 4521//9653 4523//9653 5067//9653 
f 5067//9654 4523//9654 5068//9654 
f 4523//9655 4525//9655 5068//9655 
f 5068//9656 4525//9656 5069//9656 
f 4525//9657 4528//9657 5069//9657 
f 5069//9658 4528//9658 5070//9658 
f 4528//9659 4530//9659 5070//9659 
f 5070//9660 4530//9660 5071//9660 
f 4530//9661 4531//9661 5071//9661 
f 5071//9662 4531//9662 5072//9662 
f 4531//9663 4533//9663 5072//9663 
f 5072//9664 4533//9664 5073//9664 
f 4533//9665 4535//9665 5073//9665 
f 5073//9666 4535//9666 5074//9666 
f 5074//9667 4537//9667 5075//9667 
f 4535//9668 4537//9668 5074//9668 
f 4537//9669 4539//9669 5075//9669 
f 5075//9670 4539//9670 5076//9670 
f 5076//9671 4541//9671 4951//9671 
f 4539//9672 4541//9672 5076//9672 
f 4655//9673 4653//9673 4654//9673 
f 4648//9674 4653//9674 4655//9674 
f 4648//9675 4649//9675 4650//9675 
f 4648//9676 4650//9676 4651//9676 
f 4648//9677 4651//9677 4652//9677 
f 4648//9678 4652//9678 4653//9678 
f 4657//9679 4655//9679 4656//9679 
f 4646//9680 4647//9680 4648//9680 
f 4644//9681 4645//9681 4646//9681 
f 4643//9682 4648//9682 4655//9682 
f 4643//9683 4646//9683 4648//9683 
f 4643//9684 4655//9684 4657//9684 
f 4643//9685 4644//9685 4646//9685 
f 4643//9686 4657//9686 4658//9686 
f 4662//9687 4659//9687 4660//9687 
f 4662//9688 4660//9688 4661//9688 
f 4641//9689 4642//9689 4643//9689 
f 4640//9690 4641//9690 4643//9690 
f 4664//9691 4662//9691 4663//9691 
f 4665//9692 4662//9692 4664//9692 
f 4666//9693 4662//9693 4665//9693 
f 4636//9694 4637//9694 4638//9694 
f 4636//9695 4638//9695 4639//9695 
f 4636//9696 4639//9696 4640//9696 
f 4668//9697 4662//9697 4666//9697 
f 4668//9698 4666//9698 4667//9698 
f 4634//9699 4635//9699 4636//9699 
f 4634//9700 4640//9700 4643//9700 
f 4634//9701 4636//9701 4640//9701 
f 4670//9702 4668//9702 4669//9702 
f 4632//9703 4633//9703 4634//9703 
f 4672//9704 4668//9704 4670//9704 
f 4672//9705 4670//9705 4671//9705 
f 4630//9706 4631//9706 4632//9706 
f 4629//9707 4630//9707 4632//9707 
f 4627//9708 4629//9708 4632//9708 
f 4627//9709 4628//9709 4629//9709 
f 4627//9710 4632//9710 4634//9710 
f 4677//9711 4675//9711 4676//9711 
f 4678//9712 4674//9712 4675//9712 
f 4678//9713 4675//9713 4677//9713 
f 4625//9714 4627//9714 4634//9714 
f 4625//9715 4626//9715 4627//9715 
f 4680//9716 4678//9716 4679//9716 
f 4681//9717 4678//9717 4680//9717 
f 4622//9718 4623//9718 4624//9718 
f 4622//9719 4624//9719 4625//9719 
f 4683//9720 4668//9720 4672//9720 
f 4683//9721 4673//9721 4674//9721 
f 4683//9722 4681//9722 4682//9722 
f 4683//9723 4674//9723 4678//9723 
f 4683//9724 4678//9724 4681//9724 
f 4683//9725 4672//9725 4673//9725 
f 4620//9726 4621//9726 4622//9726 
f 4618//9727 4619//9727 4620//9727 
f 4618//9728 4620//9728 4622//9728 
f 4686//9729 4684//9729 4685//9729 
f 4617//9730 4618//9730 4622//9730 
f 4688//9731 4686//9731 4687//9731 
f 4688//9732 4684//9732 4686//9732 
f 4615//9733 4625//9733 4634//9733 
f 4615//9734 4622//9734 4625//9734 
f 4615//9735 4617//9735 4622//9735 
f 4615//9736 4616//9736 4617//9736 
f 4615//9737 4643//9737 4658//9737 
f 4615//9738 4658//9738 4659//9738 
f 4615//9739 4634//9739 4643//9739 
f 4689//9740 4683//9740 4684//9740 
f 4689//9741 4684//9741 4688//9741 
f 4691//9742 4689//9742 4690//9742 
f 4612//9743 4613//9743 4614//9743 
f 4612//9744 4614//9744 4615//9744 
f 4692//9745 4689//9745 4691//9745 
f 4611//9746 4612//9746 4615//9746 
f 4694//9747 4692//9747 4693//9747 
f 4694//9748 4689//9748 4692//9748 
f 4695//9749 4683//9749 4689//9749 
f 4695//9750 4689//9750 4694//9750 
f 4608//9751 4609//9751 4610//9751 
f 4608//9752 4610//9752 4611//9752 
f 4696//9753 4683//9753 4695//9753 
f 4697//9754 4683//9754 4696//9754 
f 4606//9755 4607//9755 4608//9755 
f 4606//9756 4615//9756 4659//9756 
f 4606//9757 4611//9757 4615//9757 
f 4606//9758 4608//9758 4611//9758 
f 4573//9759 4697//9759 4698//9759 
f 4603//9760 4604//9760 4605//9760 
f 4603//9761 4605//9761 4606//9761 
f 4575//9762 4573//9762 4574//9762 
f 4576//9763 4697//9763 4573//9763 
f 4576//9764 4573//9764 4575//9764 
f 4601//9765 4602//9765 4603//9765 
f 4601//9766 4606//9766 4659//9766 
f 4601//9767 4659//9767 4662//9767 
f 4601//9768 4662//9768 4668//9768 
f 4601//9769 4603//9769 4606//9769 
f 4578//9770 4576//9770 4577//9770 
f 4578//9771 4697//9771 4576//9771 
f 4599//9772 4600//9772 4601//9772 
f 4598//9773 4599//9773 4601//9773 
f 4580//9774 4578//9774 4579//9774 
f 4596//9775 4597//9775 4598//9775 
f 4596//9776 4598//9776 4601//9776 
f 4582//9777 4580//9777 4581//9777 
f 4583//9778 4580//9778 4582//9778 
f 4585//9779 4583//9779 4584//9779 
f 4592//9780 4593//9780 4594//9780 
f 4592//9781 4594//9781 4595//9781 
f 4592//9782 4595//9782 4596//9782 
f 4592//9783 4601//9783 4668//9783 
f 4592//9784 4596//9784 4601//9784 
f 4592//9785 4668//9785 4683//9785 
f 4586//9786 4683//9786 4697//9786 
f 4586//9787 4578//9787 4580//9787 
f 4586//9788 4580//9788 4583//9788 
f 4586//9789 4583//9789 4585//9789 
f 4586//9790 4697//9790 4578//9790 
f 4589//9791 4586//9791 4587//9791 
f 4589//9792 4587//9792 4588//9792 
f 4589//9793 4590//9793 4591//9793 
f 4589//9794 4591//9794 4592//9794 
f 4589//9795 4592//9795 4683//9795 
f 4589//9796 4683//9796 4586//9796 
f 4779//9797 4777//9797 4778//9797 
f 4775//9798 4776//9798 4777//9798 
f 4781//9799 4777//9799 4779//9799 
f 4781//9800 4779//9800 4780//9800 
f 4773//9801 4774//9801 4775//9801 
f 4784//9802 4775//9802 4777//9802 
f 4784//9803 4777//9803 4781//9803 
f 4784//9804 4781//9804 4782//9804 
f 4784//9805 4782//9805 4783//9805 
f 4770//9806 4773//9806 4775//9806 
f 4770//9807 4771//9807 4772//9807 
f 4770//9808 4772//9808 4773//9808 
f 4787//9809 4784//9809 4785//9809 
f 4787//9810 4785//9810 4786//9810 
f 4767//9811 4768//9811 4769//9811 
f 4767//9812 4769//9812 4770//9812 
f 4790//9813 4788//9813 4789//9813 
f 4765//9814 4766//9814 4767//9814 
f 4765//9815 4767//9815 4770//9815 
f 4763//9816 4764//9816 4765//9816 
f 4762//9817 4763//9817 4765//9817 
f 4794//9818 4784//9818 4787//9818 
f 4794//9819 4788//9819 4790//9819 
f 4794//9820 4787//9820 4788//9820 
f 4794//9821 4790//9821 4791//9821 
f 4794//9822 4791//9822 4792//9822 
f 4794//9823 4792//9823 4793//9823 
f 4761//9824 4762//9824 4765//9824 
f 4796//9825 4794//9825 4795//9825 
f 4758//9826 4759//9826 4760//9826 
f 4758//9827 4760//9827 4761//9827 
f 4758//9828 4761//9828 4765//9828 
f 4798//9829 4794//9829 4796//9829 
f 4798//9830 4796//9830 4797//9830 
f 4800//9831 4798//9831 4799//9831 
f 4755//9832 4756//9832 4757//9832 
f 4755//9833 4757//9833 4758//9833 
f 4754//9834 4755//9834 4758//9834 
f 4803//9835 4801//9835 4802//9835 
f 4805//9836 4803//9836 4804//9836 
f 4805//9837 4801//9837 4803//9837 
f 4806//9838 4800//9838 4801//9838 
f 4806//9839 4801//9839 4805//9839 
f 4749//9840 4750//9840 4751//9840 
f 4749//9841 4751//9841 4752//9841 
f 4807//9842 4800//9842 4806//9842 
f 4748//9843 4754//9843 4758//9843 
f 4748//9844 4758//9844 4765//9844 
f 4748//9845 4749//9845 4752//9845 
f 4748//9846 4752//9846 4753//9846 
f 4748//9847 4753//9847 4754//9847 
f 4808//9848 4800//9848 4807//9848 
f 4810//9849 4808//9849 4809//9849 
f 4810//9850 4798//9850 4800//9850 
f 4810//9851 4800//9851 4808//9851 
f 4745//9852 4746//9852 4747//9852 
f 4745//9853 4747//9853 4748//9853 
f 4811//9854 4798//9854 4810//9854 
f 4813//9855 4811//9855 4812//9855 
f 4813//9856 4775//9856 4784//9856 
f 4813//9857 4798//9857 4811//9857 
f 4813//9858 4784//9858 4794//9858 
f 4813//9859 4794//9859 4798//9859 
f 4742//9860 4743//9860 4744//9860 
f 4742//9861 4744//9861 4745//9861 
f 4816//9862 4814//9862 4815//9862 
f 4739//9863 4740//9863 4741//9863 
f 4739//9864 4741//9864 4742//9864 
f 4739//9865 4745//9865 4748//9865 
f 4739//9866 4742//9866 4745//9866 
f 4819//9867 4817//9867 4818//9867 
f 4736//9868 4737//9868 4738//9868 
f 4736//9869 4738//9869 4739//9869 
f 4820//9870 4813//9870 4814//9870 
f 4820//9871 4816//9871 4817//9871 
f 4820//9872 4765//9872 4770//9872 
f 4820//9873 4770//9873 4775//9873 
f 4820//9874 4775//9874 4813//9874 
f 4820//9875 4814//9875 4816//9875 
f 4820//9876 4817//9876 4819//9876 
f 4734//9877 4735//9877 4736//9877 
f 4734//9878 4736//9878 4739//9878 
f 4823//9879 4820//9879 4821//9879 
f 4823//9880 4821//9880 4822//9880 
f 4732//9881 4733//9881 4734//9881 
f 4699//9882 4820//9882 4823//9882 
f 4699//9883 4823//9883 4824//9883 
f 4729//9884 4732//9884 4734//9884 
f 4729//9885 4730//9885 4731//9885 
f 4729//9886 4731//9886 4732//9886 
f 4703//9887 4700//9887 4701//9887 
f 4703//9888 4701//9888 4702//9888 
f 4725//9889 4726//9889 4727//9889 
f 4725//9890 4727//9890 4728//9890 
f 4725//9891 4728//9891 4729//9891 
f 4724//9892 4725//9892 4729//9892 
f 4706//9893 4703//9893 4704//9893 
f 4706//9894 4704//9894 4705//9894 
f 4707//9895 4820//9895 4699//9895 
f 4707//9896 4699//9896 4700//9896 
f 4707//9897 4700//9897 4703//9897 
f 4707//9898 4703//9898 4706//9898 
f 4709//9899 4707//9899 4708//9899 
f 4720//9900 4721//9900 4722//9900 
f 4720//9901 4722//9901 4723//9901 
f 4711//9902 4709//9902 4710//9902 
f 4718//9903 4734//9903 4739//9903 
f 4718//9904 4729//9904 4734//9904 
f 4718//9905 4719//9905 4720//9905 
f 4718//9906 4723//9906 4724//9906 
f 4718//9907 4724//9907 4729//9907 
f 4718//9908 4720//9908 4723//9908 
f 4712//9909 4707//9909 4709//9909 
f 4712//9910 4709//9910 4711//9910 
f 4716//9911 4717//9911 4718//9911 
f 4714//9912 4765//9912 4820//9912 
f 4714//9913 4712//9913 4713//9913 
f 4714//9914 4748//9914 4765//9914 
f 4714//9915 4820//9915 4707//9915 
f 4714//9916 4716//9916 4718//9916 
f 4714//9917 4707//9917 4712//9917 
f 4714//9918 4718//9918 4739//9918 
f 4714//9919 4739//9919 4748//9919 
f 4715//9920 4716//9920 4714//9920 
f 4901//9921 4902//9921 4903//9921 
f 4907//9922 4903//9922 4904//9922 
f 4907//9923 4904//9923 4905//9923 
f 4907//9924 4905//9924 4906//9924 
f 4899//9925 4901//9925 4903//9925 
f 4899//9926 4900//9926 4901//9926 
f 4910//9927 4907//9927 4908//9927 
f 4910//9928 4908//9928 4909//9928 
f 4897//9929 4898//9929 4899//9929 
f 4895//9930 4896//9930 4897//9930 
f 4913//9931 4907//9931 4910//9931 
f 4913//9932 4910//9932 4911//9932 
f 4913//9933 4911//9933 4912//9933 
f 4892//9934 4899//9934 4903//9934 
f 4892//9935 4897//9935 4899//9935 
f 4892//9936 4895//9936 4897//9936 
f 4892//9937 4893//9937 4894//9937 
f 4892//9938 4894//9938 4895//9938 
f 4916//9939 4914//9939 4915//9939 
f 4918//9940 4916//9940 4917//9940 
f 4889//9941 4890//9941 4891//9941 
f 4919//9942 4914//9942 4916//9942 
f 4919//9943 4916//9943 4918//9943 
f 4887//9944 4888//9944 4889//9944 
f 4887//9945 4891//9945 4892//9945 
f 4887//9946 4889//9946 4891//9946 
f 4886//9947 4887//9947 4892//9947 
f 4922//9948 4914//9948 4919//9948 
f 4922//9949 4919//9949 4920//9949 
f 4922//9950 4920//9950 4921//9950 
f 4884//9951 4885//9951 4886//9951 
f 4925//9952 4923//9952 4924//9952 
f 4881//9953 4884//9953 4886//9953 
f 4881//9954 4882//9954 4883//9954 
f 4881//9955 4883//9955 4884//9955 
f 4881//9956 4892//9956 4903//9956 
f 4881//9957 4886//9957 4892//9957 
f 4927//9958 4925//9958 4926//9958 
f 4927//9959 4923//9959 4925//9959 
f 4927//9960 4922//9960 4923//9960 
f 4929//9961 4927//9961 4928//9961 
f 4877//9962 4878//9962 4879//9962 
f 4877//9963 4879//9963 4880//9963 
f 4877//9964 4880//9964 4881//9964 
f 4931//9965 4929//9965 4930//9965 
f 4876//9966 4877//9966 4881//9966 
f 4932//9967 4927//9967 4929//9967 
f 4932//9968 4929//9968 4931//9968 
f 4933//9969 4927//9969 4932//9969 
f 4934//9970 4927//9970 4933//9970 
f 4873//9971 4874//9971 4875//9971 
f 4872//9972 4875//9972 4876//9972 
f 4872//9973 4873//9973 4875//9973 
f 4937//9974 4934//9974 4935//9974 
f 4937//9975 4935//9975 4936//9975 
f 4870//9976 4871//9976 4872//9976 
f 4869//9977 4876//9977 4881//9977 
f 4869//9978 4872//9978 4876//9978 
f 4869//9979 4870//9979 4872//9979 
f 4869//9980 4881//9980 4903//9980 
f 4939//9981 4937//9981 4938//9981 
f 4939//9982 4934//9982 4937//9982 
f 4866//9983 4867//9983 4868//9983 
f 4866//9984 4868//9984 4869//9984 
f 4865//9985 4866//9985 4869//9985 
f 4943//9986 4939//9986 4940//9986 
f 4943//9987 4940//9987 4941//9987 
f 4943//9988 4941//9988 4942//9988 
f 4944//9989 4939//9989 4943//9989 
f 4945//9990 4939//9990 4944//9990 
f 4946//9991 4939//9991 4945//9991 
f 4861//9992 4862//9992 4863//9992 
f 4861//9993 4903//9993 4907//9993 
f 4861//9994 4863//9994 4864//9994 
f 4861//9995 4864//9995 4865//9995 
f 4861//9996 4869//9996 4903//9996 
f 4861//9997 4907//9997 4913//9997 
f 4861//9998 4865//9998 4869//9998 
f 4859//9999 4922//9999 4927//9999 
f 4859//10000 4861//10000 4913//10000 
f 4859//10001 4860//10001 4861//10001 
f 4859//10002 4914//10002 4922//10002 
f 4859//10003 4913//10003 4914//10003 
f 4950//10004 4947//10004 4948//10004 
f 4950//10005 4948//10005 4949//10005 
f 4857//10006 4858//10006 4859//10006 
f 4825//10007 4947//10007 4950//10007 
f 4827//10008 4825//10008 4826//10008 
f 4854//10009 4857//10009 4859//10009 
f 4854//10010 4855//10010 4856//10010 
f 4854//10011 4856//10011 4857//10011 
f 4828//10012 4825//10012 4827//10012 
f 4828//10013 4947//10013 4825//10013 
f 4852//10014 4853//10014 4854//10014 
f 4830//10015 4828//10015 4829//10015 
f 4831//10016 4947//10016 4828//10016 
f 4831//10017 4946//10017 4947//10017 
f 4831//10018 4828//10018 4830//10018 
f 4850//10019 4854//10019 4859//10019 
f 4850//10020 4851//10020 4852//10020 
f 4850//10021 4852//10021 4854//10021 
f 4849//10022 4850//10022 4859//10022 
f 4849//10023 4859//10023 4927//10023 
f 4834//10024 4832//10024 4833//10024 
f 4847//10025 4848//10025 4849//10025 
f 4836//10026 4831//10026 4832//10026 
f 4836//10027 4834//10027 4835//10027 
f 4836//10028 4946//10028 4831//10028 
f 4836//10029 4832//10029 4834//10029 
f 4836//10030 4939//10030 4946//10030 
f 4844//10031 4845//10031 4846//10031 
f 4844//10032 4846//10032 4847//10032 
f 4844//10033 4849//10033 4927//10033 
f 4844//10034 4847//10034 4849//10034 
f 4842//10035 4843//10035 4844//10035 
f 4840//10036 4838//10036 4839//10036 
f 4841//10037 4836//10037 4837//10037 
f 4841//10038 4837//10038 4838//10038 
f 4841//10039 4844//10039 4927//10039 
f 4841//10040 4927//10040 4934//10040 
f 4841//10041 4939//10041 4836//10041 
f 4841//10042 4838//10042 4840//10042 
f 4841//10043 4934//10043 4939//10043 
f 4841//10044 4842//10044 4844//10044 
f 5027//10045 5028//10045 5029//10045 
f 5033//10046 5029//10046 5030//10046 
f 5033//10047 5030//10047 5031//10047 
f 5033//10048 5031//10048 5032//10048 
f 5025//10049 5026//10049 5027//10049 
f 5036//10050 5033//10050 5034//10050 
f 5036//10051 5034//10051 5035//10051 
f 5023//10052 5024//10052 5025//10052 
f 5022//10053 5025//10053 5027//10053 
f 5022//10054 5023//10054 5025//10054 
f 5038//10055 5036//10055 5037//10055 
f 5039//10056 5029//10056 5033//10056 
f 5039//10057 5033//10057 5036//10057 
f 5039//10058 5036//10058 5038//10058 
f 5020//10059 5021//10059 5022//10059 
f 5019//10060 5020//10060 5022//10060 
f 5042//10061 5040//10061 5041//10061 
f 5017//10062 5027//10062 5029//10062 
f 5017//10063 5022//10063 5027//10063 
f 5017//10064 5018//10064 5019//10064 
f 5017//10065 5019//10065 5022//10065 
f 5044//10066 5042//10066 5043//10066 
f 5015//10067 5016//10067 5017//10067 
f 5014//10068 5015//10068 5017//10068 
f 5013//10069 5014//10069 5017//10069 
f 5048//10070 5045//10070 5046//10070 
f 5048//10071 5046//10071 5047//10071 
f 5049//10072 5045//10072 5048//10072 
f 5049//10073 5040//10073 5042//10073 
f 5049//10074 5042//10074 5044//10074 
f 5049//10075 5039//10075 5040//10075 
f 5049//10076 5044//10076 5045//10076 
f 5010//10077 5011//10077 5012//10077 
f 5010//10078 5012//10078 5013//10078 
f 5010//10079 5013//10079 5017//10079 
f 5008//10080 5009//10080 5010//10080 
f 5053//10081 5051//10081 5052//10081 
f 5053//10082 5029//10082 5039//10082 
f 5053//10083 5039//10083 5049//10083 
f 5053//10084 5049//10084 5050//10084 
f 5053//10085 5050//10085 5051//10085 
f 5056//10086 5053//10086 5054//10086 
f 5056//10087 5054//10087 5055//10087 
f 5002//10088 5003//10088 5004//10088 
f 5002//10089 5004//10089 5005//10089 
f 5058//10090 5056//10090 5057//10090 
f 5001//10091 5008//10091 5010//10091 
f 5001//10092 5002//10092 5005//10092 
f 5001//10093 5005//10093 5006//10093 
f 5001//10094 5006//10094 5007//10094 
f 5001//10095 5007//10095 5008//10095 
f 5060//10096 5058//10096 5059//10096 
f 5060//10097 5056//10097 5058//10097 
f 5060//10098 5053//10098 5056//10098 
f 4999//10099 5010//10099 5017//10099 
f 4999//10100 5001//10100 5010//10100 
f 4999//10101 5000//10101 5001//10101 
f 5062//10102 5060//10102 5061//10102 
f 5063//10103 5060//10103 5062//10103 
f 5064//10104 5060//10104 5063//10104 
f 4995//10105 4996//10105 4997//10105 
f 4995//10106 4997//10106 4998//10106 
f 4995//10107 4998//10107 4999//10107 
f 5065//10108 5029//10108 5053//10108 
f 5065//10109 5053//10109 5060//10109 
f 5065//10110 5060//10110 5064//10110 
f 4992//10111 4993//10111 4994//10111 
f 4992//10112 4994//10112 4995//10112 
f 4991//10113 4992//10113 4995//10113 
f 5069//10114 5066//10114 5067//10114 
f 5069//10115 5067//10115 5068//10115 
f 5071//10116 5069//10116 5070//10116 
f 5072//10117 5065//10117 5066//10117 
f 5072//10118 5029//10118 5065//10118 
f 5072//10119 5017//10119 5029//10119 
f 5072//10120 5066//10120 5069//10120 
f 5072//10121 5069//10121 5071//10121 
f 4987//10122 4988//10122 4989//10122 
f 4987//10123 4989//10123 4990//10123 
f 4987//10124 4990//10124 4991//10124 
f 4987//10125 4995//10125 4999//10125 
f 4987//10126 4991//10126 4995//10126 
f 5074//10127 5072//10127 5073//10127 
f 4985//10128 4986//10128 4987//10128 
f 5076//10129 5072//10129 5074//10129 
f 5076//10130 5074//10130 5075//10130 
f 4983//10131 4984//10131 4985//10131 
f 4980//10132 4983//10132 4985//10132 
f 4980//10133 4981//10133 4982//10133 
f 4980//10134 4982//10134 4983//10134 
f 4955//10135 4952//10135 4953//10135 
f 4955//10136 4953//10136 4954//10136 
f 4978//10137 4980//10137 4985//10137 
f 4978//10138 4979//10138 4980//10138 
f 4976//10139 4985//10139 4987//10139 
f 4976//10140 4977//10140 4978//10140 
f 4976//10141 4978//10141 4985//10141 
f 4959//10142 4955//10142 4956//10142 
f 4959//10143 4956//10143 4957//10143 
f 4959//10144 4957//10144 4958//10144 
f 4959//10145 4952//10145 4955//10145 
f 4973//10146 4974//10146 4975//10146 
f 4972//10147 4975//10147 4976//10147 
f 4972//10148 4973//10148 4975//10148 
f 4962//10149 4960//10149 4961//10149 
f 4970//10150 4971//10150 4972//10150 
f 4970//10151 4972//10151 4976//10151 
f 4964//10152 4951//10152 4952//10152 
f 4964//10153 4959//10153 4960//10153 
f 4964//10154 4962//10154 4963//10154 
f 4964//10155 5076//10155 4951//10155 
f 4964//10156 4952//10156 4959//10156 
f 4964//10157 4960//10157 4962//10157 
f 4968//10158 4969//10158 4970//10158 
f 4966//10159 5072//10159 5076//10159 
f 4966//10160 4964//10160 4965//10160 
f 4966//10161 4976//10161 4987//10161 
f 4966//10162 4999//10162 5017//10162 
f 4966//10163 4970//10163 4976//10163 
f 4966//10164 5076//10164 4964//10164 
f 4966//10165 5017//10165 5072//10165 
f 4966//10166 4987//10166 4999//10166 
f 4967//10167 4970//10167 4966//10167 
f 4967//10168 4968//10168 4970//10168 
f 2029//10169 1241//10169 2061//10169 
f 1238//10170 1241//10170 2029//10170 
f 2916//10171 2790//10171 1512//10171 
f 1511//10172 2916//10172 1512//10172 
f 1236//10173 1233//10173 2284//10173 
f 1236//10174 2284//10174 2253//10174 
f 1510//10175 3044//10175 1507//10175 
f 2976//10176 3044//10176 1510//10176 
f 1482//10177 1408//10177 2029//10177 
f 1482//10178 2029//10178 2061//10178 
f 2253//10179 2284//10179 1523//10179 
f 2253//10180 1523//10180 1524//10180 
f 1244//10181 1247//10181 2790//10181 
f 1244//10182 2790//10182 2916//10182 
f 3044//10183 2976//10183 1517//10183 
f 3044//10184 1517//10184 1516//10184 
