# FreeCAD v1.1 build0 Arch module
# https://www.freecad.org
mtllib 9V_battery_holder.mtl
o Cut
usemtl color_adb5bd
v 26.0 40.0 18.0
v 25.828426 40.0 18.0
v 25.828426 20.0 18.0
v 26.0 20.0 18.0
v 25.757717 40.0 18.070711
v 25.757717 20.0 18.070711
v 23.9 40.0 4.0
v 22.0 40.0 2.0
v 22.0 40.0 2.1
v 24.0 40.0 4.0
v 26.0 40.0 2.0
v 24.0 40.0 17.0
v 23.0 40.0 18.0
v 26.0 52.5 0.0
v 26.0 52.5 2.0
v 26.0 20.0 2.0
v 26.0 7.5 2.0
v 26.0 7.5 0.0
v 24.0 20.0 17.0
v 23.0 20.0 18.0
v 24.0 20.0 4.0
v 23.9 20.0 4.0
v 22.0 20.0 2.1
v 22.0 20.0 2.0
v 0.0 20.0 2.0
v -4.0 20.0 2.0
v -4.0 7.5 2.0
v 14.167371 15.299568 2.0
v 14.254408 15.210333 2.0
v 14.345785 15.125547 2.0
v 14.084888 15.393031 2.0
v 14.441276 15.045422 2.0
v 14.007169 15.490489 2.0
v 14.540641 14.970155 2.0
v 13.934403 15.5917 2.0
v 14.643635 14.899935 2.0
v 13.866773 15.696412 2.0
v 14.75 14.834936 2.0
v 13.804446 15.804365 2.0
v 14.859473 14.77532 2.0
v 13.747578 15.915291 2.0
v 14.971783 14.721235 2.0
v 13.696309 16.028913 2.0
v 15.086647 14.672815 2.0
v 13.650768 16.144949 2.0
v 15.203783 14.630181 2.0
v 13.611068 16.263111 2.0
v 15.322899 14.593439 2.0
v 13.577307 16.383106 2.0
v 15.443698 14.56268 2.0
v 13.549569 16.504635 2.0
v 13.527923 16.627394 2.0
v 13.512424 16.75108 2.0
v 13.503108 16.875385 2.0
v 13.5 17.0 2.0
v 13.503108 17.124615 2.0
v 13.512424 17.24892 2.0
v 13.527923 17.372606 2.0
v 13.549569 17.495365 2.0
v 13.577307 17.616894 2.0
v 13.611068 17.736889 2.0
v 13.650768 17.855051 2.0
v 13.696309 17.971087 2.0
v 13.747578 18.084709 2.0
v 4.16737 29.299568 2.0
v 4.254408 29.210333 2.0
v 4.345786 29.125547 2.0
v 4.084889 29.39303 2.0
v 4.441276 29.045422 2.0
v 4.007169 29.490488 2.0
v 15.56588 14.537981 2.0
v 15.68914 14.519402 2.0
v 15.813175 14.50699 2.0
v 15.937674 14.500777 2.0
v 16.062326 14.500777 2.0
v 16.186825 14.50699 2.0
v 16.31086 14.519402 2.0
v 16.43412 14.537981 2.0
v 16.556303 14.56268 2.0
v 16.677101 14.593439 2.0
v 16.796217 14.630181 2.0
v 16.913353 14.672815 2.0
v 17.028217 14.721235 2.0
v 17.140526 14.77532 2.0
v 17.25 14.834936 2.0
v 17.356365 14.899935 2.0
v 17.45936 14.970155 2.0
v 17.558725 15.045422 2.0
v 17.654215 15.125547 2.0
v 17.745592 15.210333 2.0
v 17.83263 15.299568 2.0
v 17.915112 15.393031 2.0
v 17.992832 15.490489 2.0
v 4.540641 28.970156 2.0
v 3.934403 29.5917 2.0
v 4.643634 28.899935 2.0
v 3.866773 29.696411 2.0
v 4.75 28.834936 2.0
v 3.804446 29.804365 2.0
v 4.859473 28.77532 2.0
v 18.065598 15.5917 2.0
v 4.971782 28.721235 2.0
v 5.086648 28.672815 2.0
v 18.133226 15.696412 2.0
v 5.203784 28.630182 2.0
v 5.322899 28.593439 2.0
v 18.195555 15.804365 2.0
v 5.443697 28.562679 2.0
v 5.565879 28.537981 2.0
v 18.252422 15.915291 2.0
v 5.689141 28.519402 2.0
v 5.813175 28.50699 2.0
v 18.30369 16.028913 2.0
v 5.937673 28.500776 2.0
v 18.349232 16.144949 2.0
v 6.062327 28.500776 2.0
v 6.186825 28.50699 2.0
v 6.310859 28.519402 2.0
v 13.804446 18.195635 2.0
v 6.434121 28.537981 2.0
v 13.866773 18.303589 2.0
v 6.556303 28.562679 2.0
v 13.934403 18.4083 2.0
v 6.677101 28.593439 2.0
v 14.007169 18.509512 2.0
v 6.796216 28.630182 2.0
v 14.084888 18.60697 2.0
v 6.913352 28.672815 2.0
v 14.167371 18.700432 2.0
v 7.028218 28.721235 2.0
v 14.254408 18.789667 2.0
v 7.140527 28.77532 2.0
v 14.345785 18.874453 2.0
v 7.25 28.834936 2.0
v 14.441276 18.954578 2.0
v 7.356366 28.899935 2.0
v 14.540641 19.029844 2.0
v 7.459359 28.970156 2.0
v 14.643635 19.100065 2.0
v 7.558724 29.045422 2.0
v 14.75 19.165064 2.0
v 7.654214 29.125547 2.0
v 14.859473 19.22468 2.0
v 7.745592 29.210333 2.0
v 14.971783 19.278765 2.0
v 7.83263 29.299568 2.0
v 15.086647 19.327185 2.0
v 7.915111 29.39303 2.0
v 15.203783 19.369818 2.0
v 7.992831 29.490488 2.0
v 15.322899 19.406561 2.0
v 8.065597 29.5917 2.0
v 15.443698 19.437321 2.0
v 8.133227 29.696411 2.0
v 15.56588 19.462019 2.0
v 8.195554 29.804365 2.0
v 15.68914 19.480598 2.0
v 8.252422 29.915291 2.0
v 15.813175 19.49301 2.0
v 8.303691 30.028913 2.0
v 15.937674 19.499224 2.0
v 8.349232 30.144949 2.0
v 16.062326 19.499224 2.0
v 8.388932 30.263111 2.0
v 16.186825 19.49301 2.0
v 8.422693 30.383106 2.0
v 16.31086 19.480598 2.0
v 8.450431 30.504635 2.0
v 16.43412 19.462019 2.0
v 8.472077 30.627394 2.0
v 0.0 40.0 2.0
v 6.186825 33.493008 2.0
v 6.310859 33.480598 2.0
v 6.062327 33.499222 2.0
v 5.937673 33.499222 2.0
v 5.813175 33.493008 2.0
v 5.689141 33.480598 2.0
v 5.565879 33.462021 2.0
v 5.443697 33.437321 2.0
v 5.322899 33.406559 2.0
v 5.203784 33.36982 2.0
v 5.086648 33.327183 2.0
v 4.971782 33.278763 2.0
v 4.859473 33.224678 2.0
v 4.75 33.165062 2.0
v 4.643634 33.100063 2.0
v 4.540641 33.029846 2.0
v 4.441276 32.954578 2.0
v 4.345786 32.874454 2.0
v 4.254408 32.789665 2.0
v 4.16737 32.700432 2.0
v 4.084889 32.606968 2.0
v 4.007169 32.50951 2.0
v 3.934403 32.408298 2.0
v 3.866773 32.303589 2.0
v 3.804446 32.195637 2.0
v 3.747578 32.084709 2.0
v 3.69631 31.971087 2.0
v 18.496893 17.124615 2.0
v 18.5 17.0 2.0
v 18.487577 17.24892 2.0
v 18.472076 17.372606 2.0
v 18.450432 17.495365 2.0
v 18.422693 17.616894 2.0
v 18.388931 17.736889 2.0
v 18.349232 17.855051 2.0
v 18.30369 17.971087 2.0
v 18.252422 18.084709 2.0
v 18.195555 18.195635 2.0
v 18.133226 18.303589 2.0
v 18.065598 18.4083 2.0
v 17.992832 18.509512 2.0
v 17.915112 18.60697 2.0
v 17.83263 18.700432 2.0
v 17.745592 18.789667 2.0
v 17.654215 18.874453 2.0
v 17.558725 18.954578 2.0
v 17.45936 19.029844 2.0
v 18.422693 16.383106 2.0
v 18.388931 16.263111 2.0
v 17.356365 19.100065 2.0
v 18.450432 16.504635 2.0
v 17.25 19.165064 2.0
v 18.472076 16.627394 2.0
v 17.140526 19.22468 2.0
v 18.487577 16.75108 2.0
v 17.028217 19.278765 2.0
v 18.496893 16.875385 2.0
v 16.913353 19.327185 2.0
v 16.796217 19.369818 2.0
v 16.677101 19.406561 2.0
v 16.556303 19.437321 2.0
v 8.487576 30.75108 2.0
v -4.0 52.5 2.0
v -4.0 40.0 2.0
v 14.254408 43.210335 2.0
v 7.028218 33.278763 2.0
v 7.140527 33.224678 2.0
v 14.167371 43.299568 2.0
v 6.913352 33.327183 2.0
v 14.345785 43.125546 2.0
v 7.25 33.165062 2.0
v 14.084888 43.393032 2.0
v 6.796216 33.36982 2.0
v 14.441276 43.045422 2.0
v 7.356366 33.100063 2.0
v 14.007169 43.49049 2.0
v 6.677101 33.406559 2.0
v 14.540641 42.970154 2.0
v 7.459359 33.029846 2.0
v 13.934403 43.591702 2.0
v 6.556303 33.437321 2.0
v 14.643635 42.899937 2.0
v 7.558724 32.954578 2.0
v 13.866773 43.696411 2.0
v 6.434121 33.462021 2.0
v 14.75 42.834938 2.0
v 7.654214 32.874454 2.0
v 13.804446 43.804363 2.0
v 14.859473 42.775322 2.0
v 7.745592 32.789665 2.0
v 13.747578 43.915291 2.0
v 14.971783 42.721237 2.0
v 7.83263 32.700432 2.0
v 13.696309 44.028912 2.0
v 15.086647 42.672817 2.0
v 7.915111 32.606968 2.0
v 13.650768 44.144951 2.0
v 15.203783 42.63018 2.0
v 7.992831 32.50951 2.0
v 13.611068 44.263111 2.0
v 15.322899 42.593441 2.0
v 8.065597 32.408298 2.0
v 13.577307 44.383106 2.0
v 15.443698 42.562679 2.0
v 8.133227 32.303589 2.0
v 13.549569 44.504635 2.0
v 15.56588 42.537979 2.0
v 8.195554 32.195637 2.0
v 13.527923 44.627396 2.0
v 15.68914 42.519402 2.0
v 8.252422 32.084709 2.0
v 13.512424 44.75108 2.0
v 15.813175 42.506992 2.0
v 8.303691 31.971087 2.0
v 13.503108 44.875385 2.0
v 15.937674 42.500778 2.0
v 8.349232 31.855051 2.0
v 13.5 45.0 2.0
v 16.062326 42.500778 2.0
v 8.388932 31.736889 2.0
v 13.503108 45.124615 2.0
v 13.512424 45.24892 2.0
v 13.527923 45.372604 2.0
v 13.549569 45.495365 2.0
v 13.577307 45.616894 2.0
v 13.611068 45.736889 2.0
v 13.650768 45.855049 2.0
v 13.696309 45.971088 2.0
v 13.747578 46.084709 2.0
v 13.804446 46.195637 2.0
v 13.866773 46.303589 2.0
v 13.934403 46.408298 2.0
v 14.007169 46.50951 2.0
v 14.084888 46.606968 2.0
v 14.167371 46.700432 2.0
v 14.254408 46.789665 2.0
v 14.345785 46.874454 2.0
v 14.441276 46.954578 2.0
v 14.540641 47.029846 2.0
v 14.643635 47.100063 2.0
v 14.75 47.165062 2.0
v 8.496892 31.124615 2.0
v 8.5 31.0 2.0
v 8.487576 31.24892 2.0
v 8.472077 31.372606 2.0
v 8.450431 31.495365 2.0
v 8.422693 31.616894 2.0
v 16.186825 42.506992 2.0
v 16.31086 42.519402 2.0
v 16.43412 42.537979 2.0
v 16.556303 42.562679 2.0
v 8.496892 30.875385 2.0
v 16.677101 42.593441 2.0
v 16.796217 42.63018 2.0
v 16.913353 42.672817 2.0
v 17.028217 42.721237 2.0
v 17.140526 42.775322 2.0
v 17.25 42.834938 2.0
v 17.356365 42.899937 2.0
v 17.45936 42.970154 2.0
v 17.558725 43.045422 2.0
v 17.654215 43.125546 2.0
v 17.745592 43.210335 2.0
v 17.83263 43.299568 2.0
v 17.915112 43.393032 2.0
v 17.992832 43.49049 2.0
v 18.065598 43.591702 2.0
v 18.133226 43.696411 2.0
v 18.195555 43.804363 2.0
v 14.859473 47.224678 2.0
v 18.252422 43.915291 2.0
v 14.971783 47.278763 2.0
v 18.30369 44.028912 2.0
v 15.086647 47.327183 2.0
v 18.349232 44.144951 2.0
v 15.203783 47.36982 2.0
v 18.388931 44.263111 2.0
v 15.322899 47.406559 2.0
v 18.422693 44.383106 2.0
v 15.443698 47.437321 2.0
v 18.450432 44.504635 2.0
v 15.56588 47.462021 2.0
v 18.472076 44.627396 2.0
v 18.487577 44.75108 2.0
v 18.496893 44.875385 2.0
v 18.5 45.0 2.0
v 18.496893 45.124615 2.0
v 18.487577 45.24892 2.0
v 18.472076 45.372604 2.0
v 18.450432 45.495365 2.0
v 18.422693 45.616894 2.0
v 18.388931 45.736889 2.0
v 18.349232 45.855049 2.0
v 18.30369 45.971088 2.0
v 18.252422 46.084709 2.0
v 18.195555 46.195637 2.0
v 18.133226 46.303589 2.0
v 18.065598 46.408298 2.0
v 17.992832 46.50951 2.0
v 17.915112 46.606968 2.0
v 17.83263 46.700432 2.0
v 17.745592 46.789665 2.0
v 17.654215 46.874454 2.0
v 17.558725 46.954578 2.0
v 17.45936 47.029846 2.0
v 17.356365 47.100063 2.0
v 17.25 47.165062 2.0
v 17.140526 47.224678 2.0
v 17.028217 47.278763 2.0
v 16.913353 47.327183 2.0
v 16.796217 47.36982 2.0
v 16.677101 47.406559 2.0
v 16.556303 47.437321 2.0
v 16.43412 47.462021 2.0
v 16.31086 47.480598 2.0
v 16.186825 47.493008 2.0
v 16.062326 47.499222 2.0
v 15.937674 47.499222 2.0
v 15.813175 47.493008 2.0
v 15.68914 47.480598 2.0
v 3.5 31.0 2.0
v 3.503108 30.875385 2.0
v 3.512423 30.75108 2.0
v 3.527923 30.627394 2.0
v 3.549569 30.504635 2.0
v 3.577307 30.383106 2.0
v 3.611068 30.263111 2.0
v 3.650769 30.144949 2.0
v 3.69631 30.028913 2.0
v 3.747578 29.915291 2.0
v 3.503108 31.124615 2.0
v 3.512423 31.24892 2.0
v 3.527923 31.372606 2.0
v 3.549569 31.495365 2.0
v 3.577307 31.616894 2.0
v 3.611068 31.736889 2.0
v 3.650769 31.855051 2.0
v 23.070711 40.0 18.070711
v 23.070711 20.0 18.070711
v -4.0 7.5 0.0
v 15.266948 16.319828 0.0
v 15.301764 16.284134 0.0
v 15.338314 16.250219 0.0
v 15.233955 16.357212 0.0
v 15.376511 16.218168 0.0
v 15.202868 16.396196 0.0
v 15.416256 16.188063 0.0
v 15.173761 16.43668 0.0
v 15.457454 16.159973 0.0
v 15.146709 16.478565 0.0
v 15.5 16.133974 0.0
v 15.121778 16.521746 0.0
v 15.543789 16.110128 0.0
v 15.099031 16.566116 0.0
v 15.588713 16.088493 0.0
v 15.078524 16.611565 0.0
v 15.634659 16.069126 0.0
v 15.060308 16.65798 0.0
v 15.681514 16.052073 0.0
v 15.044427 16.705244 0.0
v 15.729159 16.037376 0.0
v 15.030923 16.753242 0.0
v 15.019828 16.801853 0.0
v 15.011169 16.850958 0.0
v 15.00497 16.900433 0.0
v 15.001243 16.950153 0.0
v 15.0 17.0 0.0
v 15.001243 17.049847 0.0
v 15.00497 17.099567 0.0
v 16.124344 16.007761 0.0
v 16.07473 16.002796 0.0
v 16.173649 16.015192 0.0
v 16.222521 16.025072 0.0
v 16.27084 16.037376 0.0
v 16.318487 16.052073 0.0
v 16.365341 16.069126 0.0
v 16.411287 16.088493 0.0
v 16.456211 16.110128 0.0
v 16.5 16.133974 0.0
v 16.542545 16.159973 0.0
v 16.583744 16.188063 0.0
v 16.623489 16.218168 0.0
v 16.661686 16.250219 0.0
v 16.698236 16.284134 0.0
v 16.733051 16.319828 0.0
v 16.766045 16.357212 0.0
v 16.797132 16.396196 0.0
v 16.826239 16.43668 0.0
v 16.853291 16.478565 0.0
v 16.878222 16.521746 0.0
v 16.900969 16.566116 0.0
v 15.777479 16.025072 0.0
v 15.826352 16.015192 0.0
v 15.875656 16.007761 0.0
v 15.92527 16.002796 0.0
v 15.975069 16.000311 0.0
v 16.024931 16.000311 0.0
v 16.921476 16.611565 0.0
v 16.939693 16.65798 0.0
v 16.955572 16.705244 0.0
v 16.969078 16.753242 0.0
v 16.980173 16.801853 0.0
v 16.988831 16.850958 0.0
v 16.995031 16.900433 0.0
v 16.998756 16.950153 0.0
v 17.0 17.0 0.0
v 16.998756 17.049847 0.0
v 16.995031 17.099567 0.0
v 16.988831 17.149042 0.0
v 16.980173 17.198147 0.0
v 16.969078 17.246758 0.0
v 16.955572 17.294756 0.0
v 16.939693 17.34202 0.0
v 16.921476 17.388435 0.0
v 16.900969 17.433884 0.0
v 16.878222 17.478254 0.0
v 5.266948 30.319828 0.0
v 5.301763 30.284134 0.0
v 5.338314 30.250219 0.0
v 5.233955 30.357212 0.0
v 5.37651 30.218168 0.0
v 5.202868 30.396196 0.0
v 5.416256 30.188063 0.0
v 5.173761 30.43668 0.0
v 5.457454 30.159973 0.0
v 5.146709 30.478565 0.0
v 5.5 30.133974 0.0
v 5.121778 30.521746 0.0
v 5.543789 30.110128 0.0
v 5.099031 30.566116 0.0
v 5.588713 30.088493 0.0
v 5.078524 30.611565 0.0
v 5.634659 30.069126 0.0
v 5.060308 30.65798 0.0
v 5.681513 30.052073 0.0
v 5.044427 30.705244 0.0
v 5.729159 30.037376 0.0
v 5.030923 30.753242 0.0
v 5.777479 30.025072 0.0
v 15.011169 17.149042 0.0
v 5.019827 30.801853 0.0
v 5.826352 30.015192 0.0
v 15.019828 17.198147 0.0
v 5.011169 30.850958 0.0
v 5.875656 30.007761 0.0
v 15.030923 17.246758 0.0
v 5.004969 30.900433 0.0
v 5.92527 30.002796 0.0
v 15.044427 17.294756 0.0
v 5.001243 30.950153 0.0
v 5.97507 30.000311 0.0
v 15.060308 17.34202 0.0
v 6.02493 30.000311 0.0
v 15.078524 17.388435 0.0
v 6.07473 30.002796 0.0
v 15.099031 17.433884 0.0
v 6.124344 30.007761 0.0
v 15.121778 17.478254 0.0
v 6.173648 30.015192 0.0
v 15.146709 17.521435 0.0
v 6.222521 30.025072 0.0
v 15.173761 17.56332 0.0
v 6.270841 30.037376 0.0
v 15.202868 17.603804 0.0
v 6.318487 30.052073 0.0
v 15.233955 17.642788 0.0
v 6.365341 30.069126 0.0
v 15.266948 17.680172 0.0
v 6.411287 30.088493 0.0
v 15.301764 17.715866 0.0
v 6.456211 30.110128 0.0
v 15.338314 17.749781 0.0
v 6.5 30.133974 0.0
v 15.376511 17.781832 0.0
v 6.542546 30.159973 0.0
v 15.416256 17.811937 0.0
v 6.583744 30.188063 0.0
v 15.457454 17.840027 0.0
v 6.62349 30.218168 0.0
v 15.5 17.866026 0.0
v 6.661686 30.250219 0.0
v 15.543789 17.889872 0.0
v 6.698237 30.284134 0.0
v 15.588713 17.911507 0.0
v 6.733052 30.319828 0.0
v 15.634659 17.930874 0.0
v 6.766045 30.357212 0.0
v 15.681514 17.947927 0.0
v 6.797132 30.396196 0.0
v 15.729159 17.962624 0.0
v 6.826239 30.43668 0.0
v 15.777479 17.974928 0.0
v 6.853291 30.478565 0.0
v 15.826352 17.984808 0.0
v 6.878222 30.521746 0.0
v 15.875656 17.992239 0.0
v 6.900969 30.566116 0.0
v 15.92527 17.997204 0.0
v 6.921476 30.611565 0.0
v 15.975069 17.999689 0.0
v 6.939692 30.65798 0.0
v 16.024931 17.999689 0.0
v 6.955573 30.705244 0.0
v 16.07473 17.997204 0.0
v 6.969077 30.753242 0.0
v 16.124344 17.992239 0.0
v 6.980173 30.801853 0.0
v 16.173649 17.984808 0.0
v 6.988831 30.850958 0.0
v 16.222521 17.974928 0.0
v 6.995031 30.900433 0.0
v 16.27084 17.962624 0.0
v 6.998757 30.950153 0.0
v 16.318487 17.947927 0.0
v 7.0 31.0 0.0
v 5.729159 31.962624 0.0
v -4.0 52.5 0.0
v 5.777479 31.974928 0.0
v 5.681513 31.947927 0.0
v 5.634659 31.930874 0.0
v 5.588713 31.911507 0.0
v 5.543789 31.889872 0.0
v 5.5 31.866026 0.0
v 5.457454 31.840027 0.0
v 5.416256 31.811937 0.0
v 5.37651 31.781832 0.0
v 5.338314 31.749781 0.0
v 5.301763 31.715866 0.0
v 5.266948 31.680172 0.0
v 5.233955 31.642788 0.0
v 5.202868 31.603804 0.0
v 5.173761 31.56332 0.0
v 5.146709 31.521435 0.0
v 5.121778 31.478254 0.0
v 5.099031 31.433884 0.0
v 5.078524 31.388435 0.0
v 5.060308 31.34202 0.0
v 5.044427 31.294756 0.0
v 5.030923 31.246758 0.0
v 5.019827 31.198147 0.0
v 5.011169 31.149042 0.0
v 5.004969 31.099567 0.0
v 5.001243 31.049847 0.0
v 5.0 31.0 0.0
v 6.411287 31.911507 0.0
v 15.301764 44.284134 0.0
v 6.456211 31.889872 0.0
v 15.266948 44.319828 0.0
v 6.365341 31.930874 0.0
v 15.338314 44.250217 0.0
v 6.5 31.866026 0.0
v 6.318487 31.947927 0.0
v 15.233955 44.357212 0.0
v 15.376511 44.21817 0.0
v 6.542546 31.840027 0.0
v 6.270841 31.962624 0.0
v 15.202868 44.396194 0.0
v 15.416256 44.188061 0.0
v 6.583744 31.811937 0.0
v 6.222521 31.974928 0.0
v 15.173761 44.43668 0.0
v 15.457454 44.159973 0.0
v 6.62349 31.781832 0.0
v 6.173648 31.984808 0.0
v 15.146709 44.478565 0.0
v 15.5 44.133976 0.0
v 6.661686 31.749781 0.0
v 6.124344 31.992239 0.0
v 15.121778 44.521748 0.0
v 15.543789 44.110126 0.0
v 6.698237 31.715866 0.0
v 15.099031 44.566116 0.0
v 6.07473 31.997204 0.0
v 15.588713 44.088493 0.0
v 6.733052 31.680172 0.0
v 15.078524 44.611565 0.0
v 6.02493 31.999689 0.0
v 15.634659 44.069126 0.0
v 6.766045 31.642788 0.0
v 15.060308 44.657978 0.0
v 5.97507 31.999689 0.0
v 15.681514 44.052074 0.0
v 6.797132 31.603804 0.0
v 15.044427 44.705246 0.0
v 5.92527 31.997204 0.0
v 15.729159 44.037376 0.0
v 6.826239 31.56332 0.0
v 15.030923 44.753242 0.0
v 5.875656 31.992239 0.0
v 15.777479 44.02507 0.0
v 6.853291 31.521435 0.0
v 15.019828 44.801853 0.0
v 5.826352 31.984808 0.0
v 15.826352 44.015194 0.0
v 6.878222 31.478254 0.0
v 15.011169 44.850956 0.0
v 15.875656 44.007759 0.0
v 6.900969 31.433884 0.0
v 15.00497 44.900433 0.0
v 15.92527 44.002796 0.0
v 6.921476 31.388435 0.0
v 15.001243 44.950153 0.0
v 15.975069 44.000309 0.0
v 6.939692 31.34202 0.0
v 15.0 45.0 0.0
v 16.024931 44.000309 0.0
v 6.955573 31.294756 0.0
v 15.001243 45.049847 0.0
v 16.07473 44.002796 0.0
v 6.969077 31.246758 0.0
v 15.00497 45.099567 0.0
v 16.124344 44.007759 0.0
v 6.980173 31.198147 0.0
v 15.011169 45.149044 0.0
v 16.173649 44.015194 0.0
v 6.988831 31.149042 0.0
v 15.019828 45.198147 0.0
v 16.222521 44.02507 0.0
v 6.995031 31.099567 0.0
v 15.030923 45.246758 0.0
v 16.27084 44.037376 0.0
v 6.998757 31.049847 0.0
v 15.044427 45.294754 0.0
v 16.318487 44.052074 0.0
v 16.365341 17.930874 0.0
v 15.060308 45.342022 0.0
v 16.365341 44.069126 0.0
v 15.078524 45.388435 0.0
v 16.411287 17.911507 0.0
v 16.411287 44.088493 0.0
v 16.456211 17.889872 0.0
v 15.099031 45.433884 0.0
v 16.456211 44.110126 0.0
v 16.5 17.866026 0.0
v 15.121778 45.478252 0.0
v 16.5 44.133976 0.0
v 15.146709 45.521435 0.0
v 16.542545 44.159973 0.0
v 16.542545 17.840027 0.0
v 15.173761 45.56332 0.0
v 16.583744 17.811937 0.0
v 16.583744 44.188061 0.0
v 16.623489 17.781832 0.0
v 15.202868 45.603806 0.0
v 16.623489 44.21817 0.0
v 15.233955 45.642788 0.0
v 16.661686 44.250217 0.0
v 16.661686 17.749781 0.0
v 15.266948 45.680172 0.0
v 16.698236 44.284134 0.0
v 16.698236 17.715866 0.0
v 15.301764 45.715866 0.0
v 16.733051 44.319828 0.0
v 16.733051 17.680172 0.0
v 15.338314 45.749783 0.0
v 16.766045 17.642788 0.0
v 16.766045 44.357212 0.0
v 16.797132 17.603804 0.0
v 15.376511 45.78183 0.0
v 16.797132 44.396194 0.0
v 15.416256 45.811939 0.0
v 16.826239 44.43668 0.0
v 16.826239 17.56332 0.0
v 15.457454 45.840027 0.0
v 15.5 45.866024 0.0
v 15.543789 45.889874 0.0
v 15.588713 45.911507 0.0
v 15.634659 45.930874 0.0
v 15.681514 45.947926 0.0
v 15.729159 45.962624 0.0
v 15.777479 45.97493 0.0
v 16.853291 17.521435 0.0
v 16.998756 45.049847 0.0
v 17.0 45.0 0.0
v 16.995031 45.099567 0.0
v 16.988831 45.149044 0.0
v 16.980173 45.198147 0.0
v 16.969078 45.246758 0.0
v 16.955572 45.294754 0.0
v 16.939693 45.342022 0.0
v 16.921476 45.388435 0.0
v 16.900969 45.433884 0.0
v 16.878222 45.478252 0.0
v 16.853291 45.521435 0.0
v 16.826239 45.56332 0.0
v 16.797132 45.603806 0.0
v 16.853291 44.478565 0.0
v 16.766045 45.642788 0.0
v 16.878222 44.521748 0.0
v 16.733051 45.680172 0.0
v 16.900969 44.566116 0.0
v 16.698236 45.715866 0.0
v 16.921476 44.611565 0.0
v 16.661686 45.749783 0.0
v 16.939693 44.657978 0.0
v 16.623489 45.78183 0.0
v 16.955572 44.705246 0.0
v 16.583744 45.811939 0.0
v 16.969078 44.753242 0.0
v 16.542545 45.840027 0.0
v 16.980173 44.801853 0.0
v 16.5 45.866024 0.0
v 16.988831 44.850956 0.0
v 16.456211 45.889874 0.0
v 16.995031 44.900433 0.0
v 16.411287 45.911507 0.0
v 16.998756 44.950153 0.0
v 16.365341 45.930874 0.0
v 16.318487 45.947926 0.0
v 16.27084 45.962624 0.0
v 16.222521 45.97493 0.0
v 16.173649 45.984806 0.0
v 16.124344 45.992241 0.0
v 16.07473 45.997204 0.0
v 16.024931 45.999691 0.0
v 15.975069 45.999691 0.0
v 15.92527 45.997204 0.0
v 15.875656 45.992241 0.0
v 15.826352 45.984806 0.0
v -4.0 20.0 18.0
v -4.0 40.0 18.0
v -2.0 20.0 17.171574
v -1.171573 20.0 18.0
v -3.929289 20.0 18.070711
v -2.0 20.0 4.0
v 0.0 20.0 2.1
v -1.9 20.0 4.0
v 0.0 40.0 2.1
v -2.0 40.0 4.0
v -1.9 40.0 4.0
v -2.0 40.0 17.171574
v -3.929289 40.0 18.070711
v -1.242284 40.0 18.070711
v -1.171573 40.0 18.0
v 18.496893 17.124615 1.0
v 18.5 17.0 1.0
v 18.487577 17.24892 1.0
v 18.472076 17.372606 1.0
v 18.450432 17.495365 1.0
v 18.422693 17.616894 1.0
v 18.388931 17.736889 1.0
v 18.349232 17.855051 1.0
v 18.30369 17.971087 1.0
v 18.252422 18.084709 1.0
v 18.195555 18.195635 1.0
v 18.133226 18.303589 1.0
v 18.065598 18.4083 1.0
v 17.992832 18.509512 1.0
v 17.915112 18.60697 1.0
v 17.83263 18.700432 1.0
v 17.745592 18.789667 1.0
v 17.654215 18.874453 1.0
v 17.558725 18.954578 1.0
v 17.45936 19.029844 1.0
v 17.356365 19.100065 1.0
v 17.25 19.165064 1.0
v 17.140526 19.22468 1.0
v 17.028217 19.278765 1.0
v 16.913353 19.327185 1.0
v 16.796217 19.369818 1.0
v 16.677101 19.406561 1.0
v 16.556303 19.437321 1.0
v 16.43412 19.462019 1.0
v 16.31086 19.480598 1.0
v 16.186825 19.49301 1.0
v 16.062326 19.499224 1.0
v 15.937674 19.499224 1.0
v 15.813175 19.49301 1.0
v 15.68914 19.480598 1.0
v 15.56588 19.462019 1.0
v 15.443698 19.437321 1.0
v 15.322899 19.406561 1.0
v 15.203783 19.369818 1.0
v 15.086647 19.327185 1.0
v 14.971783 19.278765 1.0
v 14.859473 19.22468 1.0
v 14.75 19.165064 1.0
v 14.643635 19.100065 1.0
v 14.540641 19.029844 1.0
v 14.441276 18.954578 1.0
v 14.345785 18.874453 1.0
v 14.254408 18.789667 1.0
v 14.167371 18.700432 1.0
v 14.084888 18.60697 1.0
v 14.007169 18.509512 1.0
v 13.934403 18.4083 1.0
v 13.866773 18.303589 1.0
v 13.804446 18.195635 1.0
v 13.747578 18.084709 1.0
v 13.696309 17.971087 1.0
v 13.650768 17.855051 1.0
v 13.611068 17.736889 1.0
v 13.577307 17.616894 1.0
v 13.549569 17.495365 1.0
v 13.527923 17.372606 1.0
v 13.512424 17.24892 1.0
v 13.503108 17.124615 1.0
v 13.5 17.0 1.0
v 13.503108 16.875385 1.0
v 13.512424 16.75108 1.0
v 13.527923 16.627394 1.0
v 13.549569 16.504635 1.0
v 13.577307 16.383106 1.0
v 13.611068 16.263111 1.0
v 13.650768 16.144949 1.0
v 13.696309 16.028913 1.0
v 13.747578 15.915291 1.0
v 13.804446 15.804365 1.0
v 13.866773 15.696412 1.0
v 13.934403 15.5917 1.0
v 14.007169 15.490489 1.0
v 14.084888 15.393031 1.0
v 14.167371 15.299568 1.0
v 14.254408 15.210333 1.0
v 14.345785 15.125547 1.0
v 14.441276 15.045422 1.0
v 14.540641 14.970155 1.0
v 14.643635 14.899935 1.0
v 14.75 14.834936 1.0
v 14.859473 14.77532 1.0
v 14.971783 14.721235 1.0
v 15.086647 14.672815 1.0
v 15.203783 14.630181 1.0
v 15.322899 14.593439 1.0
v 15.443698 14.56268 1.0
v 15.56588 14.537981 1.0
v 15.68914 14.519402 1.0
v 15.813175 14.50699 1.0
v 15.937674 14.500777 1.0
v 16.062326 14.500777 1.0
v 16.186825 14.50699 1.0
v 16.31086 14.519402 1.0
v 16.43412 14.537981 1.0
v 16.556303 14.56268 1.0
v 16.677101 14.593439 1.0
v 16.796217 14.630181 1.0
v 16.913353 14.672815 1.0
v 17.028217 14.721235 1.0
v 17.140526 14.77532 1.0
v 17.25 14.834936 1.0
v 17.356365 14.899935 1.0
v 17.45936 14.970155 1.0
v 17.558725 15.045422 1.0
v 17.654215 15.125547 1.0
v 17.745592 15.210333 1.0
v 17.83263 15.299568 1.0
v 17.915112 15.393031 1.0
v 17.992832 15.490489 1.0
v 18.065598 15.5917 1.0
v 18.133226 15.696412 1.0
v 18.195555 15.804365 1.0
v 18.252422 15.915291 1.0
v 18.30369 16.028913 1.0
v 18.349232 16.144949 1.0
v 18.388931 16.263111 1.0
v 18.422693 16.383106 1.0
v 18.450432 16.504635 1.0
v 18.472076 16.627394 1.0
v 18.487577 16.75108 1.0
v 18.496893 16.875385 1.0
v 8.496892 31.124615 1.0
v 8.5 31.0 1.0
v 8.487576 31.24892 1.0
v 8.472077 31.372606 1.0
v 8.450431 31.495365 1.0
v 8.422693 31.616894 1.0
v 8.388932 31.736889 1.0
v 8.349232 31.855051 1.0
v 8.303691 31.971087 1.0
v 8.252422 32.084709 1.0
v 8.195554 32.195637 1.0
v 8.133227 32.303589 1.0
v 8.065597 32.408298 1.0
v 7.992831 32.50951 1.0
v 7.915111 32.606968 1.0
v 7.83263 32.700432 1.0
v 7.745592 32.789665 1.0
v 7.654214 32.874454 1.0
v 7.558724 32.954578 1.0
v 7.459359 33.029846 1.0
v 7.356366 33.100063 1.0
v 7.25 33.165062 1.0
v 7.140527 33.224678 1.0
v 7.028218 33.278763 1.0
v 6.913352 33.327183 1.0
v 6.796216 33.36982 1.0
v 6.677101 33.406559 1.0
v 6.556303 33.437321 1.0
v 6.434121 33.462021 1.0
v 6.310859 33.480598 1.0
v 6.186825 33.493008 1.0
v 6.062327 33.499222 1.0
v 5.937673 33.499222 1.0
v 5.813175 33.493008 1.0
v 5.689141 33.480598 1.0
v 5.565879 33.462021 1.0
v 5.443697 33.437321 1.0
v 5.322899 33.406559 1.0
v 5.203784 33.36982 1.0
v 5.086648 33.327183 1.0
v 4.971782 33.278763 1.0
v 4.859473 33.224678 1.0
v 4.75 33.165062 1.0
v 4.643634 33.100063 1.0
v 4.540641 33.029846 1.0
v 4.441276 32.954578 1.0
v 4.345786 32.874454 1.0
v 4.254408 32.789665 1.0
v 4.16737 32.700432 1.0
v 4.084889 32.606968 1.0
v 4.007169 32.50951 1.0
v 3.934403 32.408298 1.0
v 3.866773 32.303589 1.0
v 3.804446 32.195637 1.0
v 3.747578 32.084709 1.0
v 3.69631 31.971087 1.0
v 3.650769 31.855051 1.0
v 3.611068 31.736889 1.0
v 3.577307 31.616894 1.0
v 3.549569 31.495365 1.0
v 3.527923 31.372606 1.0
v 3.512423 31.24892 1.0
v 3.503108 31.124615 1.0
v 3.5 31.0 1.0
v 3.503108 30.875385 1.0
v 3.512423 30.75108 1.0
v 3.527923 30.627394 1.0
v 3.549569 30.504635 1.0
v 3.577307 30.383106 1.0
v 3.611068 30.263111 1.0
v 3.650769 30.144949 1.0
v 3.69631 30.028913 1.0
v 3.747578 29.915291 1.0
v 3.804446 29.804365 1.0
v 3.866773 29.696411 1.0
v 3.934403 29.5917 1.0
v 4.007169 29.490488 1.0
v 4.084889 29.39303 1.0
v 4.16737 29.299568 1.0
v 4.254408 29.210333 1.0
v 4.345786 29.125547 1.0
v 4.441276 29.045422 1.0
v 4.540641 28.970156 1.0
v 4.643634 28.899935 1.0
v 4.75 28.834936 1.0
v 4.859473 28.77532 1.0
v 4.971782 28.721235 1.0
v 5.086648 28.672815 1.0
v 5.203784 28.630182 1.0
v 5.322899 28.593439 1.0
v 5.443697 28.562679 1.0
v 5.565879 28.537981 1.0
v 5.689141 28.519402 1.0
v 5.813175 28.50699 1.0
v 5.937673 28.500776 1.0
v 6.062327 28.500776 1.0
v 6.186825 28.50699 1.0
v 6.310859 28.519402 1.0
v 6.434121 28.537981 1.0
v 6.556303 28.562679 1.0
v 6.677101 28.593439 1.0
v 6.796216 28.630182 1.0
v 6.913352 28.672815 1.0
v 7.028218 28.721235 1.0
v 7.140527 28.77532 1.0
v 7.25 28.834936 1.0
v 7.356366 28.899935 1.0
v 7.459359 28.970156 1.0
v 7.558724 29.045422 1.0
v 7.654214 29.125547 1.0
v 7.745592 29.210333 1.0
v 7.83263 29.299568 1.0
v 7.915111 29.39303 1.0
v 7.992831 29.490488 1.0
v 8.065597 29.5917 1.0
v 8.133227 29.696411 1.0
v 8.195554 29.804365 1.0
v 8.252422 29.915291 1.0
v 8.303691 30.028913 1.0
v 8.349232 30.144949 1.0
v 8.388932 30.263111 1.0
v 8.422693 30.383106 1.0
v 8.450431 30.504635 1.0
v 8.472077 30.627394 1.0
v 8.487576 30.75108 1.0
v 8.496892 30.875385 1.0
v 18.496893 45.124615 1.0
v 18.5 45.0 1.0
v 18.487577 45.24892 1.0
v 18.472076 45.372604 1.0
v 18.450432 45.495365 1.0
v 18.422693 45.616894 1.0
v 18.388931 45.736889 1.0
v 18.349232 45.855049 1.0
v 18.30369 45.971088 1.0
v 18.252422 46.084709 1.0
v 18.195555 46.195637 1.0
v 18.133226 46.303589 1.0
v 18.065598 46.408298 1.0
v 17.992832 46.50951 1.0
v 17.915112 46.606968 1.0
v 17.83263 46.700432 1.0
v 17.745592 46.789665 1.0
v 17.654215 46.874454 1.0
v 17.558725 46.954578 1.0
v 17.45936 47.029846 1.0
v 17.356365 47.100063 1.0
v 17.25 47.165062 1.0
v 17.140526 47.224678 1.0
v 17.028217 47.278763 1.0
v 16.913353 47.327183 1.0
v 16.796217 47.36982 1.0
v 16.677101 47.406559 1.0
v 16.556303 47.437321 1.0
v 16.43412 47.462021 1.0
v 16.31086 47.480598 1.0
v 16.186825 47.493008 1.0
v 16.062326 47.499222 1.0
v 15.937674 47.499222 1.0
v 15.813175 47.493008 1.0
v 15.68914 47.480598 1.0
v 15.56588 47.462021 1.0
v 15.443698 47.437321 1.0
v 15.322899 47.406559 1.0
v 15.203783 47.36982 1.0
v 15.086647 47.327183 1.0
v 14.971783 47.278763 1.0
v 14.859473 47.224678 1.0
v 14.75 47.165062 1.0
v 14.643635 47.100063 1.0
v 14.540641 47.029846 1.0
v 14.441276 46.954578 1.0
v 14.345785 46.874454 1.0
v 14.254408 46.789665 1.0
v 14.167371 46.700432 1.0
v 14.084888 46.606968 1.0
v 14.007169 46.50951 1.0
v 13.934403 46.408298 1.0
v 13.866773 46.303589 1.0
v 13.804446 46.195637 1.0
v 13.747578 46.084709 1.0
v 13.696309 45.971088 1.0
v 13.650768 45.855049 1.0
v 13.611068 45.736889 1.0
v 13.577307 45.616894 1.0
v 13.549569 45.495365 1.0
v 13.527923 45.372604 1.0
v 13.512424 45.24892 1.0
v 13.503108 45.124615 1.0
v 13.5 45.0 1.0
v 13.503108 44.875385 1.0
v 13.512424 44.75108 1.0
v 13.527923 44.627396 1.0
v 13.549569 44.504635 1.0
v 13.577307 44.383106 1.0
v 13.611068 44.263111 1.0
v 13.650768 44.144951 1.0
v 13.696309 44.028912 1.0
v 13.747578 43.915291 1.0
v 13.804446 43.804363 1.0
v 13.866773 43.696411 1.0
v 13.934403 43.591702 1.0
v 14.007169 43.49049 1.0
v 14.084888 43.393032 1.0
v 14.167371 43.299568 1.0
v 14.254408 43.210335 1.0
v 14.345785 43.125546 1.0
v 14.441276 43.045422 1.0
v 14.540641 42.970154 1.0
v 14.643635 42.899937 1.0
v 14.75 42.834938 1.0
v 14.859473 42.775322 1.0
v 14.971783 42.721237 1.0
v 15.086647 42.672817 1.0
v 15.203783 42.63018 1.0
v 15.322899 42.593441 1.0
v 15.443698 42.562679 1.0
v 15.56588 42.537979 1.0
v 15.68914 42.519402 1.0
v 15.813175 42.506992 1.0
v 15.937674 42.500778 1.0
v 16.062326 42.500778 1.0
v 16.186825 42.506992 1.0
v 16.31086 42.519402 1.0
v 16.43412 42.537979 1.0
v 16.556303 42.562679 1.0
v 16.677101 42.593441 1.0
v 16.796217 42.63018 1.0
v 16.913353 42.672817 1.0
v 17.028217 42.721237 1.0
v 17.140526 42.775322 1.0
v 17.25 42.834938 1.0
v 17.356365 42.899937 1.0
v 17.45936 42.970154 1.0
v 17.558725 43.045422 1.0
v 17.654215 43.125546 1.0
v 17.745592 43.210335 1.0
v 17.83263 43.299568 1.0
v 17.915112 43.393032 1.0
v 17.992832 43.49049 1.0
v 18.065598 43.591702 1.0
v 18.133226 43.696411 1.0
v 18.195555 43.804363 1.0
v 18.252422 43.915291 1.0
v 18.30369 44.028912 1.0
v 18.349232 44.144951 1.0
v 18.388931 44.263111 1.0
v 18.422693 44.383106 1.0
v 18.450432 44.504635 1.0
v 18.472076 44.627396 1.0
v 18.487577 44.75108 1.0
v 18.496893 44.875385 1.0
v 17.0 17.0 1.0
v 16.998756 17.049847 1.0
v 16.995031 17.099567 1.0
v 16.988831 17.149042 1.0
v 16.980173 17.198147 1.0
v 16.969078 17.246758 1.0
v 16.955572 17.294756 1.0
v 16.939693 17.34202 1.0
v 16.921476 17.388435 1.0
v 16.900969 17.433884 1.0
v 16.878222 17.478254 1.0
v 16.853291 17.521435 1.0
v 16.826239 17.56332 1.0
v 16.797132 17.603804 1.0
v 16.766045 17.642788 1.0
v 16.733051 17.680172 1.0
v 16.698236 17.715866 1.0
v 16.661686 17.749781 1.0
v 16.623489 17.781832 1.0
v 16.583744 17.811937 1.0
v 16.542545 17.840027 1.0
v 16.5 17.866026 1.0
v 16.456211 17.889872 1.0
v 16.411287 17.911507 1.0
v 16.365341 17.930874 1.0
v 16.318487 17.947927 1.0
v 16.27084 17.962624 1.0
v 16.222521 17.974928 1.0
v 16.173649 17.984808 1.0
v 16.124344 17.992239 1.0
v 16.07473 17.997204 1.0
v 16.024931 17.999689 1.0
v 15.975069 17.999689 1.0
v 15.92527 17.997204 1.0
v 15.875656 17.992239 1.0
v 15.826352 17.984808 1.0
v 15.777479 17.974928 1.0
v 15.729159 17.962624 1.0
v 15.681514 17.947927 1.0
v 15.634659 17.930874 1.0
v 15.588713 17.911507 1.0
v 15.543789 17.889872 1.0
v 15.5 17.866026 1.0
v 15.457454 17.840027 1.0
v 15.416256 17.811937 1.0
v 15.376511 17.781832 1.0
v 15.338314 17.749781 1.0
v 15.301764 17.715866 1.0
v 15.266948 17.680172 1.0
v 15.233955 17.642788 1.0
v 15.202868 17.603804 1.0
v 15.173761 17.56332 1.0
v 15.146709 17.521435 1.0
v 15.121778 17.478254 1.0
v 15.099031 17.433884 1.0
v 15.078524 17.388435 1.0
v 15.060308 17.34202 1.0
v 15.044427 17.294756 1.0
v 15.030923 17.246758 1.0
v 15.019828 17.198147 1.0
v 15.011169 17.149042 1.0
v 15.00497 17.099567 1.0
v 15.001243 17.049847 1.0
v 15.0 17.0 1.0
v 15.001243 16.950153 1.0
v 15.00497 16.900433 1.0
v 15.011169 16.850958 1.0
v 15.019828 16.801853 1.0
v 15.030923 16.753242 1.0
v 15.044427 16.705244 1.0
v 15.060308 16.65798 1.0
v 15.078524 16.611565 1.0
v 15.099031 16.566116 1.0
v 15.121778 16.521746 1.0
v 15.146709 16.478565 1.0
v 15.173761 16.43668 1.0
v 15.202868 16.396196 1.0
v 15.233955 16.357212 1.0
v 15.266948 16.319828 1.0
v 15.301764 16.284134 1.0
v 15.338314 16.250219 1.0
v 15.376511 16.218168 1.0
v 15.416256 16.188063 1.0
v 15.457454 16.159973 1.0
v 15.5 16.133974 1.0
v 15.543789 16.110128 1.0
v 15.588713 16.088493 1.0
v 15.634659 16.069126 1.0
v 15.681514 16.052073 1.0
v 15.729159 16.037376 1.0
v 15.777479 16.025072 1.0
v 15.826352 16.015192 1.0
v 15.875656 16.007761 1.0
v 15.92527 16.002796 1.0
v 15.975069 16.000311 1.0
v 16.024931 16.000311 1.0
v 16.07473 16.002796 1.0
v 16.124344 16.007761 1.0
v 16.173649 16.015192 1.0
v 16.222521 16.025072 1.0
v 16.27084 16.037376 1.0
v 16.318487 16.052073 1.0
v 16.365341 16.069126 1.0
v 16.411287 16.088493 1.0
v 16.456211 16.110128 1.0
v 16.5 16.133974 1.0
v 16.542545 16.159973 1.0
v 16.583744 16.188063 1.0
v 16.623489 16.218168 1.0
v 16.661686 16.250219 1.0
v 16.698236 16.284134 1.0
v 16.733051 16.319828 1.0
v 16.766045 16.357212 1.0
v 16.797132 16.396196 1.0
v 16.826239 16.43668 1.0
v 16.853291 16.478565 1.0
v 16.878222 16.521746 1.0
v 16.900969 16.566116 1.0
v 16.921476 16.611565 1.0
v 16.939693 16.65798 1.0
v 16.955572 16.705244 1.0
v 16.969078 16.753242 1.0
v 16.980173 16.801853 1.0
v 16.988831 16.850958 1.0
v 16.995031 16.900433 1.0
v 16.998756 16.950153 1.0
v 7.0 31.0 1.0
v 6.998757 31.049847 1.0
v 6.995031 31.099567 1.0
v 6.988831 31.149042 1.0
v 6.980173 31.198147 1.0
v 6.969077 31.246758 1.0
v 6.955573 31.294756 1.0
v 6.939692 31.34202 1.0
v 6.921476 31.388435 1.0
v 6.900969 31.433884 1.0
v 6.878222 31.478254 1.0
v 6.853291 31.521435 1.0
v 6.826239 31.56332 1.0
v 6.797132 31.603804 1.0
v 6.766045 31.642788 1.0
v 6.733052 31.680172 1.0
v 6.698237 31.715866 1.0
v 6.661686 31.749781 1.0
v 6.62349 31.781832 1.0
v 6.583744 31.811937 1.0
v 6.542546 31.840027 1.0
v 6.5 31.866026 1.0
v 6.456211 31.889872 1.0
v 6.411287 31.911507 1.0
v 6.365341 31.930874 1.0
v 6.318487 31.947927 1.0
v 6.270841 31.962624 1.0
v 6.222521 31.974928 1.0
v 6.173648 31.984808 1.0
v 6.124344 31.992239 1.0
v 6.07473 31.997204 1.0
v 6.02493 31.999689 1.0
v 5.97507 31.999689 1.0
v 5.92527 31.997204 1.0
v 5.875656 31.992239 1.0
v 5.826352 31.984808 1.0
v 5.777479 31.974928 1.0
v 5.729159 31.962624 1.0
v 5.681513 31.947927 1.0
v 5.634659 31.930874 1.0
v 5.588713 31.911507 1.0
v 5.543789 31.889872 1.0
v 5.5 31.866026 1.0
v 5.457454 31.840027 1.0
v 5.416256 31.811937 1.0
v 5.37651 31.781832 1.0
v 5.338314 31.749781 1.0
v 5.301763 31.715866 1.0
v 5.266948 31.680172 1.0
v 5.233955 31.642788 1.0
v 5.202868 31.603804 1.0
v 5.173761 31.56332 1.0
v 5.146709 31.521435 1.0
v 5.121778 31.478254 1.0
v 5.099031 31.433884 1.0
v 5.078524 31.388435 1.0
v 5.060308 31.34202 1.0
v 5.044427 31.294756 1.0
v 5.030923 31.246758 1.0
v 5.019827 31.198147 1.0
v 5.011169 31.149042 1.0
v 5.004969 31.099567 1.0
v 5.001243 31.049847 1.0
v 5.0 31.0 1.0
v 5.001243 30.950153 1.0
v 5.004969 30.900433 1.0
v 5.011169 30.850958 1.0
v 5.019827 30.801853 1.0
v 5.030923 30.753242 1.0
v 5.044427 30.705244 1.0
v 5.060308 30.65798 1.0
v 5.078524 30.611565 1.0
v 5.099031 30.566116 1.0
v 5.121778 30.521746 1.0
v 5.146709 30.478565 1.0
v 5.173761 30.43668 1.0
v 5.202868 30.396196 1.0
v 5.233955 30.357212 1.0
v 5.266948 30.319828 1.0
v 5.301763 30.284134 1.0
v 5.338314 30.250219 1.0
v 5.37651 30.218168 1.0
v 5.416256 30.188063 1.0
v 5.457454 30.159973 1.0
v 5.5 30.133974 1.0
v 5.543789 30.110128 1.0
v 5.588713 30.088493 1.0
v 5.634659 30.069126 1.0
v 5.681513 30.052073 1.0
v 5.729159 30.037376 1.0
v 5.777479 30.025072 1.0
v 5.826352 30.015192 1.0
v 5.875656 30.007761 1.0
v 5.92527 30.002796 1.0
v 5.97507 30.000311 1.0
v 6.02493 30.000311 1.0
v 6.07473 30.002796 1.0
v 6.124344 30.007761 1.0
v 6.173648 30.015192 1.0
v 6.222521 30.025072 1.0
v 6.270841 30.037376 1.0
v 6.318487 30.052073 1.0
v 6.365341 30.069126 1.0
v 6.411287 30.088493 1.0
v 6.456211 30.110128 1.0
v 6.5 30.133974 1.0
v 6.542546 30.159973 1.0
v 6.583744 30.188063 1.0
v 6.62349 30.218168 1.0
v 6.661686 30.250219 1.0
v 6.698237 30.284134 1.0
v 6.733052 30.319828 1.0
v 6.766045 30.357212 1.0
v 6.797132 30.396196 1.0
v 6.826239 30.43668 1.0
v 6.853291 30.478565 1.0
v 6.878222 30.521746 1.0
v 6.900969 30.566116 1.0
v 6.921476 30.611565 1.0
v 6.939692 30.65798 1.0
v 6.955573 30.705244 1.0
v 6.969077 30.753242 1.0
v 6.980173 30.801853 1.0
v 6.988831 30.850958 1.0
v 6.995031 30.900433 1.0
v 6.998757 30.950153 1.0
v 17.0 45.0 1.0
v 16.998756 45.049847 1.0
v 16.995031 45.099567 1.0
v 16.988831 45.149044 1.0
v 16.980173 45.198147 1.0
v 16.969078 45.246758 1.0
v 16.955572 45.294754 1.0
v 16.939693 45.342022 1.0
v 16.921476 45.388435 1.0
v 16.900969 45.433884 1.0
v 16.878222 45.478252 1.0
v 16.853291 45.521435 1.0
v 16.826239 45.56332 1.0
v 16.797132 45.603806 1.0
v 16.766045 45.642788 1.0
v 16.733051 45.680172 1.0
v 16.698236 45.715866 1.0
v 16.661686 45.749783 1.0
v 16.623489 45.78183 1.0
v 16.583744 45.811939 1.0
v 16.542545 45.840027 1.0
v 16.5 45.866024 1.0
v 16.456211 45.889874 1.0
v 16.411287 45.911507 1.0
v 16.365341 45.930874 1.0
v 16.318487 45.947926 1.0
v 16.27084 45.962624 1.0
v 16.222521 45.97493 1.0
v 16.173649 45.984806 1.0
v 16.124344 45.992241 1.0
v 16.07473 45.997204 1.0
v 16.024931 45.999691 1.0
v 15.975069 45.999691 1.0
v 15.92527 45.997204 1.0
v 15.875656 45.992241 1.0
v 15.826352 45.984806 1.0
v 15.777479 45.97493 1.0
v 15.729159 45.962624 1.0
v 15.681514 45.947926 1.0
v 15.634659 45.930874 1.0
v 15.588713 45.911507 1.0
v 15.543789 45.889874 1.0
v 15.5 45.866024 1.0
v 15.457454 45.840027 1.0
v 15.416256 45.811939 1.0
v 15.376511 45.78183 1.0
v 15.338314 45.749783 1.0
v 15.301764 45.715866 1.0
v 15.266948 45.680172 1.0
v 15.233955 45.642788 1.0
v 15.202868 45.603806 1.0
v 15.173761 45.56332 1.0
v 15.146709 45.521435 1.0
v 15.121778 45.478252 1.0
v 15.099031 45.433884 1.0
v 15.078524 45.388435 1.0
v 15.060308 45.342022 1.0
v 15.044427 45.294754 1.0
v 15.030923 45.246758 1.0
v 15.019828 45.198147 1.0
v 15.011169 45.149044 1.0
v 15.00497 45.099567 1.0
v 15.001243 45.049847 1.0
v 15.0 45.0 1.0
v 15.001243 44.950153 1.0
v 15.00497 44.900433 1.0
v 15.011169 44.850956 1.0
v 15.019828 44.801853 1.0
v 15.030923 44.753242 1.0
v 15.044427 44.705246 1.0
v 15.060308 44.657978 1.0
v 15.078524 44.611565 1.0
v 15.099031 44.566116 1.0
v 15.121778 44.521748 1.0
v 15.146709 44.478565 1.0
v 15.173761 44.43668 1.0
v 15.202868 44.396194 1.0
v 15.233955 44.357212 1.0
v 15.266948 44.319828 1.0
v 15.301764 44.284134 1.0
v 15.338314 44.250217 1.0
v 15.376511 44.21817 1.0
v 15.416256 44.188061 1.0
v 15.457454 44.159973 1.0
v 15.5 44.133976 1.0
v 15.543789 44.110126 1.0
v 15.588713 44.088493 1.0
v 15.634659 44.069126 1.0
v 15.681514 44.052074 1.0
v 15.729159 44.037376 1.0
v 15.777479 44.02507 1.0
v 15.826352 44.015194 1.0
v 15.875656 44.007759 1.0
v 15.92527 44.002796 1.0
v 15.975069 44.000309 1.0
v 16.024931 44.000309 1.0
v 16.07473 44.002796 1.0
v 16.124344 44.007759 1.0
v 16.173649 44.015194 1.0
v 16.222521 44.02507 1.0
v 16.27084 44.037376 1.0
v 16.318487 44.052074 1.0
v 16.365341 44.069126 1.0
v 16.411287 44.088493 1.0
v 16.456211 44.110126 1.0
v 16.5 44.133976 1.0
v 16.542545 44.159973 1.0
v 16.583744 44.188061 1.0
v 16.623489 44.21817 1.0
v 16.661686 44.250217 1.0
v 16.698236 44.284134 1.0
v 16.733051 44.319828 1.0
v 16.766045 44.357212 1.0
v 16.797132 44.396194 1.0
v 16.826239 44.43668 1.0
v 16.853291 44.478565 1.0
v 16.878222 44.521748 1.0
v 16.900969 44.566116 1.0
v 16.921476 44.611565 1.0
v 16.939693 44.657978 1.0
v 16.955572 44.705246 1.0
v 16.969078 44.753242 1.0
v 16.980173 44.801853 1.0
v 16.988831 44.850956 1.0
v 16.995031 44.900433 1.0
v 16.998756 44.950153 1.0
v -1.242284 20.0 18.070711
vn 0.0 0.0 1.0
vn 0.0 0.0 1.0
vn 0.707116 0.0 0.707097
vn 0.707116 0.0 0.707097
vn 0.0 1.0 0.0
vn 0.0 1.0 0.0
vn 0.0 1.0 0.0
vn 0.0 1.0 0.0
vn 0.0 1.0 0.0
vn 0.0 1.0 0.0
vn 0.0 1.0 0.0
vn 0.0 1.0 0.0
vn 0.0 1.0 0.0
vn 1.0 -0.0 0.0
vn 1.0 0.0 0.0
vn 1.0 -0.0 0.0
vn 1.0 -0.0 0.0
vn 1.0 0.0 0.0
vn 1.0 0.0 0.0
vn 0.0 -1.0 0.0
vn -0.0 -1.0 0.0
vn -0.0 -1.0 0.0
vn -0.0 -1.0 0.0
vn -0.0 -1.0 0.0
vn 0.0 -1.0 0.0
vn 0.0 -1.0 0.0
vn 0.0 -1.0 0.0
vn 0.0 -1.0 0.0
vn 0.0 -0.0 1.0
vn 0.0 0.0 1.0
vn 0.0 0.0 1.0
vn 0.0 0.0 1.0
vn 0.0 0.0 1.0
vn 0.0 0.0 1.0
vn 0.0 0.0 1.0
vn 0.0 0.0 1.0
vn 0.0 0.0 1.0
vn 0.0 0.0 1.0
vn 0.0 0.0 1.0
vn 0.0 0.0 1.0
vn 0.0 0.0 1.0
vn 0.0 0.0 1.0
vn 0.0 0.0 1.0
vn 0.0 0.0 1.0
vn 0.0 0.0 1.0
vn 0.0 0.0 1.0
vn 0.0 0.0 1.0
vn 0.0 0.0 1.0
vn 0.0 0.0 1.0
vn 0.0 0.0 1.0
vn 0.0 0.0 1.0
vn 0.0 0.0 1.0
vn 0.0 0.0 1.0
vn 0.0 0.0 1.0
vn 0.0 0.0 1.0
vn 0.0 0.0 1.0
vn 0.0 0.0 1.0
vn 0.0 0.0 1.0
vn 0.0 0.0 1.0
vn 0.0 0.0 1.0
vn 0.0 0.0 1.0
vn 0.0 0.0 1.0
vn 0.0 0.0 1.0
vn 0.0 0.0 1.0
vn 0.0 0.0 1.0
vn 0.0 0.0 1.0
vn 0.0 0.0 1.0
vn 0.0 0.0 1.0
vn 0.0 0.0 1.0
vn 0.0 0.0 1.0
vn 0.0 0.0 1.0
vn 0.0 0.0 1.0
vn 0.0 0.0 1.0
vn 0.0 0.0 1.0
vn 0.0 0.0 1.0
vn 0.0 0.0 1.0
vn 0.0 0.0 1.0
vn 0.0 0.0 1.0
vn 0.0 0.0 1.0
vn 0.0 0.0 1.0
vn 0.0 0.0 1.0
vn 0.0 0.0 1.0
vn 0.0 0.0 1.0
vn 0.0 0.0 1.0
vn 0.0 0.0 1.0
vn 0.0 0.0 1.0
vn 0.0 0.0 1.0
vn 0.0 0.0 1.0
vn 0.0 0.0 1.0
vn 0.0 0.0 1.0
vn 0.0 0.0 1.0
vn 0.0 0.0 1.0
vn 0.0 0.0 1.0
vn 0.0 0.0 1.0
vn 0.0 0.0 1.0
vn 0.0 0.0 1.0
vn 0.0 0.0 1.0
vn 0.0 0.0 1.0
vn 0.0 0.0 1.0
vn 0.0 0.0 1.0
vn 0.0 0.0 1.0
vn 0.0 0.0 1.0
vn 0.0 0.0 1.0
vn 0.0 0.0 1.0
vn 0.0 0.0 1.0
vn 0.0 0.0 1.0
vn 0.0 0.0 1.0
vn 0.0 0.0 1.0
vn 0.0 0.0 1.0
vn 0.0 0.0 1.0
vn 0.0 0.0 1.0
vn 0.0 0.0 1.0
vn 0.0 0.0 1.0
vn 0.0 0.0 1.0
vn 0.0 0.0 1.0
vn 0.0 0.0 1.0
vn 0.0 0.0 1.0
vn 0.0 0.0 1.0
vn 0.0 0.0 1.0
vn 0.0 0.0 1.0
vn 0.0 0.0 1.0
vn 0.0 0.0 1.0
vn 0.0 0.0 1.0
vn 0.0 0.0 1.0
vn 0.0 0.0 1.0
vn 0.0 0.0 1.0
vn 0.0 0.0 1.0
vn 0.0 0.0 1.0
vn 0.0 0.0 1.0
vn 0.0 0.0 1.0
vn 0.0 0.0 1.0
vn 0.0 0.0 1.0
vn 0.0 0.0 1.0
vn 0.0 0.0 1.0
vn 0.0 0.0 1.0
vn 0.0 0.0 1.0
vn 0.0 0.0 1.0
vn 0.0 0.0 1.0
vn 0.0 0.0 1.0
vn 0.0 0.0 1.0
vn 0.0 0.0 1.0
vn 0.0 0.0 1.0
vn 0.0 0.0 1.0
vn 0.0 0.0 1.0
vn 0.0 0.0 1.0
vn 0.0 0.0 1.0
vn 0.0 0.0 1.0
vn 0.0 0.0 1.0
vn 0.0 0.0 1.0
vn 0.0 0.0 1.0
vn 0.0 0.0 1.0
vn 0.0 0.0 1.0
vn 0.0 0.0 1.0
vn 0.0 0.0 1.0
vn 0.0 0.0 1.0
vn 0.0 0.0 1.0
vn 0.0 0.0 1.0
vn 0.0 0.0 1.0
vn 0.0 0.0 1.0
vn 0.0 0.0 1.0
vn 0.0 0.0 1.0
vn 0.0 0.0 1.0
vn 0.0 0.0 1.0
vn 0.0 0.0 1.0
vn 0.0 0.0 1.0
vn 0.0 0.0 1.0
vn 0.0 0.0 1.0
vn 0.0 0.0 1.0
vn 0.0 0.0 1.0
vn 0.0 0.0 1.0
vn 0.0 0.0 1.0
vn 0.0 0.0 1.0
vn 0.0 0.0 1.0
vn 0.0 0.0 1.0
vn 0.0 0.0 1.0
vn 0.0 0.0 1.0
vn 0.0 0.0 1.0
vn 0.0 0.0 1.0
vn 0.0 0.0 1.0
vn 0.0 0.0 1.0
vn 0.0 0.0 1.0
vn 0.0 0.0 1.0
vn 0.0 0.0 1.0
vn 0.0 0.0 1.0
vn 0.0 0.0 1.0
vn 0.0 0.0 1.0
vn 0.0 0.0 1.0
vn 0.0 0.0 1.0
vn 0.0 0.0 1.0
vn 0.0 0.0 1.0
vn 0.0 0.0 1.0
vn 0.0 0.0 1.0
vn 0.0 0.0 1.0
vn 0.0 0.0 1.0
vn 0.0 0.0 1.0
vn 0.0 0.0 1.0
vn 0.0 0.0 1.0
vn 0.0 0.0 1.0
vn 0.0 0.0 1.0
vn 0.0 0.0 1.0
vn 0.0 0.0 1.0
vn 0.0 0.0 1.0
vn 0.0 0.0 1.0
vn 0.0 0.0 1.0
vn 0.0 0.0 1.0
vn 0.0 0.0 1.0
vn 0.0 0.0 1.0
vn 0.0 0.0 1.0
vn 0.0 0.0 1.0
vn 0.0 0.0 1.0
vn 0.0 0.0 1.0
vn 0.0 0.0 1.0
vn 0.0 0.0 1.0
vn 0.0 0.0 1.0
vn 0.0 0.0 1.0
vn 0.0 0.0 1.0
vn 0.0 0.0 1.0
vn 0.0 0.0 1.0
vn 0.0 0.0 1.0
vn 0.0 0.0 1.0
vn 0.0 0.0 1.0
vn 0.0 0.0 1.0
vn 0.0 0.0 1.0
vn 0.0 0.0 1.0
vn 0.0 0.0 1.0
vn 0.0 0.0 1.0
vn 0.0 0.0 1.0
vn 0.0 0.0 1.0
vn 0.0 0.0 1.0
vn 0.0 0.0 1.0
vn 0.0 0.0 1.0
vn 0.0 0.0 1.0
vn 0.0 0.0 1.0
vn 0.0 0.0 1.0
vn 0.0 0.0 1.0
vn 0.0 0.0 1.0
vn 0.0 0.0 1.0
vn 0.0 0.0 1.0
vn 0.0 0.0 1.0
vn 0.0 0.0 1.0
vn 0.0 0.0 1.0
vn 0.0 0.0 1.0
vn 0.0 0.0 1.0
vn 0.0 0.0 1.0
vn 0.0 0.0 1.0
vn 0.0 0.0 1.0
vn 0.0 0.0 1.0
vn 0.0 0.0 1.0
vn 0.0 0.0 1.0
vn 0.0 0.0 1.0
vn 0.0 0.0 1.0
vn 0.0 0.0 1.0
vn 0.0 0.0 1.0
vn 0.0 0.0 1.0
vn 0.0 0.0 1.0
vn 0.0 0.0 1.0
vn 0.0 0.0 1.0
vn 0.0 0.0 1.0
vn 0.0 0.0 1.0
vn 0.0 0.0 1.0
vn 0.0 0.0 1.0
vn 0.0 0.0 1.0
vn 0.0 0.0 1.0
vn 0.0 0.0 1.0
vn 0.0 0.0 1.0
vn 0.0 0.0 1.0
vn 0.0 0.0 1.0
vn 0.0 0.0 1.0
vn 0.0 0.0 1.0
vn 0.0 0.0 1.0
vn 0.0 0.0 1.0
vn 0.0 0.0 1.0
vn 0.0 0.0 1.0
vn 0.0 0.0 1.0
vn 0.0 0.0 1.0
vn 0.0 0.0 1.0
vn 0.0 0.0 1.0
vn 0.0 0.0 1.0
vn 0.0 0.0 1.0
vn 0.0 0.0 1.0
vn 0.0 0.0 1.0
vn 0.0 0.0 1.0
vn 0.0 0.0 1.0
vn 0.0 0.0 1.0
vn 0.0 0.0 1.0
vn 0.0 0.0 1.0
vn 0.0 0.0 1.0
vn 0.0 0.0 1.0
vn 0.0 0.0 1.0
vn 0.0 0.0 1.0
vn 0.0 0.0 1.0
vn 0.0 0.0 1.0
vn 0.0 0.0 1.0
vn 0.0 0.0 1.0
vn 0.0 0.0 1.0
vn 0.0 0.0 1.0
vn 0.0 0.0 1.0
vn 0.0 0.0 1.0
vn 0.0 0.0 1.0
vn 0.0 0.0 1.0
vn 0.0 0.0 1.0
vn 0.0 0.0 1.0
vn 0.0 0.0 1.0
vn 0.0 0.0 1.0
vn 0.0 0.0 1.0
vn 0.0 0.0 1.0
vn 0.0 0.0 1.0
vn 0.0 0.0 1.0
vn 0.0 0.0 1.0
vn 0.0 0.0 1.0
vn 0.0 0.0 1.0
vn 0.0 0.0 1.0
vn 0.0 0.0 1.0
vn 0.0 0.0 1.0
vn 0.0 0.0 1.0
vn 0.0 0.0 1.0
vn 0.0 0.0 1.0
vn 0.0 0.0 1.0
vn 0.0 0.0 1.0
vn 0.0 0.0 1.0
vn 0.0 0.0 1.0
vn 0.0 0.0 1.0
vn 0.0 0.0 1.0
vn 0.0 0.0 1.0
vn 0.0 0.0 1.0
vn 0.0 0.0 1.0
vn 0.0 0.0 1.0
vn 0.0 0.0 1.0
vn 0.0 0.0 1.0
vn 0.0 0.0 1.0
vn 0.0 0.0 1.0
vn 0.0 0.0 1.0
vn 0.0 0.0 1.0
vn 0.0 0.0 1.0
vn 0.0 0.0 1.0
vn 0.0 0.0 1.0
vn 0.0 0.0 1.0
vn 0.0 0.0 1.0
vn 0.0 0.0 1.0
vn 0.0 0.0 1.0
vn 0.0 0.0 1.0
vn 0.0 0.0 1.0
vn 0.0 0.0 1.0
vn 0.0 0.0 1.0
vn 0.0 0.0 1.0
vn 0.0 0.0 1.0
vn 0.0 0.0 1.0
vn 0.0 0.0 1.0
vn 0.0 0.0 1.0
vn 0.0 0.0 1.0
vn 0.0 0.0 1.0
vn 0.0 0.0 1.0
vn 0.0 0.0 1.0
vn 0.0 0.0 1.0
vn 0.0 0.0 1.0
vn 0.0 0.0 1.0
vn 0.0 0.0 1.0
vn 0.0 0.0 1.0
vn 0.0 0.0 1.0
vn 0.0 0.0 1.0
vn 0.0 0.0 1.0
vn 0.0 0.0 1.0
vn 0.0 0.0 1.0
vn 0.0 0.0 1.0
vn 0.0 0.0 1.0
vn 0.0 0.0 1.0
vn 0.0 0.0 1.0
vn 0.0 0.0 1.0
vn 0.0 0.0 1.0
vn 0.0 0.0 1.0
vn 0.0 0.0 1.0
vn 0.0 0.0 1.0
vn 0.0 0.0 1.0
vn 0.0 0.0 1.0
vn 0.0 0.0 1.0
vn 0.0 0.0 1.0
vn 0.0 0.0 1.0
vn 0.0 0.0 1.0
vn 0.0 0.0 1.0
vn 0.0 0.0 1.0
vn 0.0 0.0 1.0
vn 0.0 0.0 1.0
vn 0.0 0.0 1.0
vn 0.0 0.0 1.0
vn 0.0 0.0 1.0
vn 0.0 0.0 1.0
vn 0.0 0.0 1.0
vn 0.0 0.0 1.0
vn 0.0 0.0 1.0
vn 0.0 0.0 1.0
vn 0.0 0.0 1.0
vn 0.0 0.0 1.0
vn 0.0 0.0 1.0
vn 0.0 0.0 1.0
vn 0.0 0.0 1.0
vn 0.0 0.0 1.0
vn 0.0 0.0 1.0
vn 0.0 0.0 1.0
vn 0.0 0.0 1.0
vn 0.0 0.0 1.0
vn 0.0 0.0 1.0
vn 0.0 0.0 1.0
vn 0.0 0.0 1.0
vn 0.0 0.0 1.0
vn 0.0 0.0 1.0
vn 0.0 0.0 1.0
vn 0.0 0.0 1.0
vn 0.0 0.0 1.0
vn 0.0 0.0 1.0
vn 0.0 0.0 1.0
vn 0.0 0.0 1.0
vn 0.0 0.0 1.0
vn 0.0 0.0 1.0
vn 0.0 0.0 1.0
vn 0.0 0.0 1.0
vn 0.0 0.0 1.0
vn 0.0 0.0 1.0
vn 0.0 0.0 1.0
vn 0.0 0.0 1.0
vn 0.0 0.0 1.0
vn 0.0 0.0 1.0
vn 0.0 0.0 1.0
vn 0.0 0.0 1.0
vn 0.0 0.0 1.0
vn -1.0 0.0 0.0
vn -1.0 0.0 0.0
vn -0.707107 0.0 0.707107
vn -0.707107 0.0 0.707107
vn 0.0 0.0 1.0
vn 0.0 0.0 1.0
vn -1.0 0.0 0.0
vn -1.0 0.0 0.0
vn -0.707107 -0.0 -0.707107
vn -0.707107 0.0 -0.707107
vn -0.707107 0.0 0.707107
vn -0.707107 0.0 0.707107
vn 0.0 -1.0 0.0
vn 0.0 -1.0 0.0
vn 0.0 0.0 -1.0
vn 0.0 -0.0 -1.0
vn 0.0 0.0 -1.0
vn 0.0 -0.0 -1.0
vn 0.0 0.0 -1.0
vn 0.0 -0.0 -1.0
vn 0.0 0.0 -1.0
vn 0.0 -0.0 -1.0
vn 0.0 0.0 -1.0
vn 0.0 -0.0 -1.0
vn 0.0 0.0 -1.0
vn 0.0 -0.0 -1.0
vn 0.0 0.0 -1.0
vn 0.0 -0.0 -1.0
vn 0.0 0.0 -1.0
vn 0.0 -0.0 -1.0
vn 0.0 0.0 -1.0
vn 0.0 -0.0 -1.0
vn 0.0 0.0 -1.0
vn 0.0 -0.0 -1.0
vn 0.0 0.0 -1.0
vn 0.0 0.0 -1.0
vn 0.0 0.0 -1.0
vn 0.0 0.0 -1.0
vn 0.0 0.0 -1.0
vn 0.0 0.0 -1.0
vn 0.0 0.0 -1.0
vn 0.0 0.0 -1.0
vn 0.0 -0.0 -1.0
vn 0.0 -0.0 -1.0
vn 0.0 -0.0 -1.0
vn 0.0 -0.0 -1.0
vn 0.0 -0.0 -1.0
vn 0.0 -0.0 -1.0
vn 0.0 -0.0 -1.0
vn 0.0 -0.0 -1.0
vn 0.0 -0.0 -1.0
vn 0.0 -0.0 -1.0
vn 0.0 -0.0 -1.0
vn 0.0 -0.0 -1.0
vn 0.0 -0.0 -1.0
vn 0.0 -0.0 -1.0
vn 0.0 -0.0 -1.0
vn 0.0 -0.0 -1.0
vn 0.0 -0.0 -1.0
vn 0.0 -0.0 -1.0
vn 0.0 -0.0 -1.0
vn 0.0 -0.0 -1.0
vn 0.0 -0.0 -1.0
vn 0.0 -0.0 -1.0
vn -0.0 -0.0 -1.0
vn -0.0 -0.0 -1.0
vn -0.0 -0.0 -1.0
vn -0.0 -0.0 -1.0
vn -0.0 -0.0 -1.0
vn -0.0 -0.0 -1.0
vn 0.0 -0.0 -1.0
vn 0.0 0.0 -1.0
vn 0.0 0.0 -1.0
vn 0.0 0.0 -1.0
vn 0.0 0.0 -1.0
vn 0.0 0.0 -1.0
vn 0.0 0.0 -1.0
vn 0.0 0.0 -1.0
vn 0.0 0.0 -1.0
vn 0.0 0.0 -1.0
vn 0.0 0.0 -1.0
vn 0.0 0.0 -1.0
vn 0.0 0.0 -1.0
vn 0.0 0.0 -1.0
vn 0.0 0.0 -1.0
vn 0.0 0.0 -1.0
vn 0.0 0.0 -1.0
vn 0.0 0.0 -1.0
vn 0.0 0.0 -1.0
vn 0.0 0.0 -1.0
vn 0.0 0.0 -1.0
vn 0.0 -0.0 -1.0
vn 0.0 0.0 -1.0
vn 0.0 -0.0 -1.0
vn 0.0 0.0 -1.0
vn 0.0 -0.0 -1.0
vn 0.0 0.0 -1.0
vn 0.0 -0.0 -1.0
vn 0.0 0.0 -1.0
vn 0.0 -0.0 -1.0
vn 0.0 0.0 -1.0
vn 0.0 -0.0 -1.0
vn 0.0 0.0 -1.0
vn 0.0 -0.0 -1.0
vn 0.0 0.0 -1.0
vn 0.0 -0.0 -1.0
vn 0.0 0.0 -1.0
vn 0.0 -0.0 -1.0
vn 0.0 0.0 -1.0
vn 0.0 0.0 -1.0
vn 0.0 -0.0 -1.0
vn 0.0 0.0 -1.0
vn 0.0 0.0 -1.0
vn 0.0 0.0 -1.0
vn 0.0 0.0 -1.0
vn 0.0 0.0 -1.0
vn 0.0 0.0 -1.0
vn 0.0 0.0 -1.0
vn 0.0 0.0 -1.0
vn 0.0 0.0 -1.0
vn 0.0 0.0 -1.0
vn 0.0 0.0 -1.0
vn 0.0 0.0 -1.0
vn 0.0 0.0 -1.0
vn 0.0 0.0 -1.0
vn 0.0 0.0 -1.0
vn 0.0 0.0 -1.0
vn 0.0 0.0 -1.0
vn 0.0 0.0 -1.0
vn 0.0 0.0 -1.0
vn 0.0 0.0 -1.0
vn 0.0 0.0 -1.0
vn 0.0 0.0 -1.0
vn 0.0 0.0 -1.0
vn 0.0 0.0 -1.0
vn 0.0 0.0 -1.0
vn 0.0 0.0 -1.0
vn 0.0 0.0 -1.0
vn 0.0 0.0 -1.0
vn 0.0 0.0 -1.0
vn 0.0 0.0 -1.0
vn 0.0 0.0 -1.0
vn 0.0 0.0 -1.0
vn 0.0 0.0 -1.0
vn 0.0 0.0 -1.0
vn 0.0 0.0 -1.0
vn 0.0 0.0 -1.0
vn 0.0 0.0 -1.0
vn 0.0 0.0 -1.0
vn 0.0 0.0 -1.0
vn 0.0 0.0 -1.0
vn 0.0 0.0 -1.0
vn 0.0 0.0 -1.0
vn 0.0 0.0 -1.0
vn 0.0 0.0 -1.0
vn 0.0 0.0 -1.0
vn 0.0 0.0 -1.0
vn 0.0 0.0 -1.0
vn 0.0 0.0 -1.0
vn 0.0 0.0 -1.0
vn 0.0 0.0 -1.0
vn 0.0 0.0 -1.0
vn 0.0 0.0 -1.0
vn 0.0 0.0 -1.0
vn 0.0 0.0 -1.0
vn 0.0 0.0 -1.0
vn 0.0 0.0 -1.0
vn 0.0 0.0 -1.0
vn 0.0 0.0 -1.0
vn 0.0 0.0 -1.0
vn 0.0 0.0 -1.0
vn 0.0 0.0 -1.0
vn 0.0 0.0 -1.0
vn 0.0 0.0 -1.0
vn 0.0 0.0 -1.0
vn 0.0 0.0 -1.0
vn 0.0 0.0 -1.0
vn 0.0 0.0 -1.0
vn 0.0 0.0 -1.0
vn 0.0 0.0 -1.0
vn 0.0 0.0 -1.0
vn 0.0 0.0 -1.0
vn 0.0 0.0 -1.0
vn 0.0 0.0 -1.0
vn 0.0 0.0 -1.0
vn 0.0 0.0 -1.0
vn 0.0 0.0 -1.0
vn 0.0 0.0 -1.0
vn 0.0 0.0 -1.0
vn 0.0 0.0 -1.0
vn 0.0 0.0 -1.0
vn 0.0 0.0 -1.0
vn 0.0 0.0 -1.0
vn 0.0 0.0 -1.0
vn 0.0 0.0 -1.0
vn 0.0 0.0 -1.0
vn 0.0 0.0 -1.0
vn 0.0 0.0 -1.0
vn 0.0 0.0 -1.0
vn 0.0 0.0 -1.0
vn 0.0 0.0 -1.0
vn 0.0 0.0 -1.0
vn 0.0 0.0 -1.0
vn 0.0 0.0 -1.0
vn 0.0 0.0 -1.0
vn 0.0 0.0 -1.0
vn 0.0 0.0 -1.0
vn 0.0 0.0 -1.0
vn 0.0 0.0 -1.0
vn 0.0 0.0 -1.0
vn 0.0 0.0 -1.0
vn 0.0 0.0 -1.0
vn 0.0 0.0 -1.0
vn 0.0 0.0 -1.0
vn 0.0 0.0 -1.0
vn 0.0 0.0 -1.0
vn 0.0 0.0 -1.0
vn 0.0 0.0 -1.0
vn 0.0 0.0 -1.0
vn 0.0 0.0 -1.0
vn 0.0 0.0 -1.0
vn 0.0 -0.0 -1.0
vn 0.0 0.0 -1.0
vn 0.0 0.0 -1.0
vn 0.0 0.0 -1.0
vn 0.0 0.0 -1.0
vn 0.0 -0.0 -1.0
vn 0.0 0.0 -1.0
vn 0.0 0.0 -1.0
vn 0.0 -0.0 -1.0
vn 0.0 0.0 -1.0
vn 0.0 0.0 -1.0
vn 0.0 0.0 -1.0
vn 0.0 -0.0 -1.0
vn 0.0 0.0 -1.0
vn 0.0 0.0 -1.0
vn 0.0 0.0 -1.0
vn 0.0 -0.0 -1.0
vn 0.0 0.0 -1.0
vn 0.0 0.0 -1.0
vn 0.0 0.0 -1.0
vn 0.0 -0.0 -1.0
vn 0.0 0.0 -1.0
vn 0.0 0.0 -1.0
vn 0.0 0.0 -1.0
vn 0.0 -0.0 -1.0
vn 0.0 0.0 -1.0
vn 0.0 0.0 -1.0
vn 0.0 0.0 -1.0
vn 0.0 -0.0 -1.0
vn 0.0 0.0 -1.0
vn 0.0 0.0 -1.0
vn 0.0 0.0 -1.0
vn 0.0 -0.0 -1.0
vn 0.0 0.0 -1.0
vn 0.0 0.0 -1.0
vn 0.0 0.0 -1.0
vn 0.0 -0.0 -1.0
vn 0.0 0.0 -1.0
vn 0.0 0.0 -1.0
vn 0.0 0.0 -1.0
vn 0.0 -0.0 -1.0
vn 0.0 0.0 -1.0
vn 0.0 0.0 -1.0
vn 0.0 0.0 -1.0
vn 0.0 -0.0 -1.0
vn 0.0 0.0 -1.0
vn 0.0 0.0 -1.0
vn 0.0 0.0 -1.0
vn 0.0 -0.0 -1.0
vn 0.0 0.0 -1.0
vn 0.0 0.0 -1.0
vn 0.0 0.0 -1.0
vn 0.0 -0.0 -1.0
vn 0.0 0.0 -1.0
vn 0.0 0.0 -1.0
vn 0.0 0.0 -1.0
vn 0.0 -0.0 -1.0
vn 0.0 0.0 -1.0
vn 0.0 0.0 -1.0
vn 0.0 -0.0 -1.0
vn 0.0 0.0 -1.0
vn 0.0 0.0 -1.0
vn 0.0 -0.0 -1.0
vn 0.0 0.0 -1.0
vn 0.0 0.0 -1.0
vn 0.0 -0.0 -1.0
vn 0.0 0.0 -1.0
vn 0.0 0.0 -1.0
vn 0.0 -0.0 -1.0
vn 0.0 0.0 -1.0
vn 0.0 -0.0 -1.0
vn 0.0 0.0 -1.0
vn 0.0 0.0 -1.0
vn 0.0 0.0 -1.0
vn 0.0 -0.0 -1.0
vn 0.0 0.0 -1.0
vn 0.0 0.0 -1.0
vn 0.0 0.0 -1.0
vn 0.0 0.0 -1.0
vn 0.0 -0.0 -1.0
vn 0.0 0.0 -1.0
vn 0.0 0.0 -1.0
vn 0.0 0.0 -1.0
vn 0.0 0.0 -1.0
vn 0.0 0.0 -1.0
vn 0.0 0.0 -1.0
vn 0.0 0.0 -1.0
vn 0.0 0.0 -1.0
vn 0.0 0.0 -1.0
vn 0.0 0.0 -1.0
vn 0.0 0.0 -1.0
vn 0.0 0.0 -1.0
vn 0.0 0.0 -1.0
vn 0.0 0.0 -1.0
vn 0.0 0.0 -1.0
vn 0.0 0.0 -1.0
vn 0.0 0.0 -1.0
vn 0.0 0.0 -1.0
vn 0.0 0.0 -1.0
vn 0.0 0.0 -1.0
vn 0.0 0.0 -1.0
vn 0.0 0.0 -1.0
vn 0.0 0.0 -1.0
vn 0.0 0.0 -1.0
vn 0.0 0.0 -1.0
vn 0.0 0.0 -1.0
vn 0.0 0.0 -1.0
vn 0.0 0.0 -1.0
vn 0.0 0.0 -1.0
vn 0.0 0.0 -1.0
vn 0.0 0.0 -1.0
vn 0.0 0.0 -1.0
vn 0.0 0.0 -1.0
vn 0.0 0.0 -1.0
vn 0.0 0.0 -1.0
vn 0.0 0.0 -1.0
vn 0.0 0.0 -1.0
vn 0.0 0.0 -1.0
vn 0.0 0.0 -1.0
vn 0.0 0.0 -1.0
vn 0.0 0.0 -1.0
vn 0.0 0.0 -1.0
vn 0.0 0.0 -1.0
vn 0.0 0.0 -1.0
vn 0.0 0.0 -1.0
vn 0.0 0.0 -1.0
vn 0.0 0.0 -1.0
vn 0.0 0.0 -1.0
vn 0.0 0.0 -1.0
vn 0.0 0.0 -1.0
vn 0.0 0.0 -1.0
vn 0.0 0.0 -1.0
vn 0.0 0.0 -1.0
vn 0.0 0.0 -1.0
vn 0.0 0.0 -1.0
vn 0.0 0.0 -1.0
vn 0.0 0.0 -1.0
vn 0.0 0.0 -1.0
vn 0.0 0.0 -1.0
vn 0.0 0.0 -1.0
vn 0.0 0.0 -1.0
vn 0.0 0.0 -1.0
vn 0.0 0.0 -1.0
vn 0.0 0.0 -1.0
vn 0.0 -0.0 -1.0
vn 0.0 0.0 -1.0
vn 0.0 -0.0 -1.0
vn 0.0 0.0 -1.0
vn 0.0 -0.0 -1.0
vn 0.0 0.0 -1.0
vn 0.0 -0.0 -1.0
vn 0.0 0.0 -1.0
vn 0.0 -0.0 -1.0
vn 0.0 0.0 -1.0
vn 0.0 -0.0 -1.0
vn 0.0 0.0 -1.0
vn 0.0 -0.0 -1.0
vn 0.0 0.0 -1.0
vn 0.0 -0.0 -1.0
vn 0.0 0.0 -1.0
vn 0.0 -0.0 -1.0
vn 0.0 0.0 -1.0
vn 0.0 -0.0 -1.0
vn 0.0 0.0 -1.0
vn 0.0 -0.0 -1.0
vn 0.0 0.0 -1.0
vn 0.0 -0.0 -1.0
vn 0.0 0.0 -1.0
vn 0.0 0.0 -1.0
vn 0.0 0.0 -1.0
vn 0.0 0.0 -1.0
vn 0.0 0.0 -1.0
vn 0.0 0.0 -1.0
vn 0.0 0.0 -1.0
vn 0.0 0.0 -1.0
vn 0.0 0.0 -1.0
vn 0.0 0.0 -1.0
vn 0.0 0.0 -1.0
vn 0.0 0.0 -1.0
vn 0.0 1.0 0.0
vn 0.0 1.0 0.0
vn -1.0 0.0 0.0
vn -1.0 0.0 0.0
vn -1.0 0.0 0.0
vn -1.0 0.0 0.0
vn -1.0 0.0 0.0
vn -1.0 0.0 0.0
vn 0.0 -1.0 0.0
vn 0.0 -1.0 0.0
vn 0.0 -1.0 0.0
vn -0.0 -1.0 0.0
vn 0.0 -1.0 0.0
vn 0.0 -1.0 0.0
vn 0.0 -1.0 0.0
vn 0.0 -1.0 0.0
vn 1.0 0.0 -0.0
vn 1.0 0.0 -0.0
vn 0.0 1.0 0.0
vn 0.0 1.0 0.0
vn 0.0 1.0 0.0
vn 0.0 1.0 0.0
vn 0.0 1.0 0.0
vn 0.0 1.0 0.0
vn 0.0 1.0 0.0
vn 0.0 1.0 0.0
vn -0.999689 -0.024926 0.0
vn -0.999689 -0.024926 0.0
vn -0.997204 -0.074731 0.0
vn -0.997204 -0.074731 0.0
vn -0.992238 -0.124353 0.0
vn -0.992238 -0.124353 0.0
vn -0.984809 -0.17364 0.0
vn -0.984809 -0.17364 0.0
vn -0.974927 -0.222524 0.0
vn -0.974927 -0.222524 0.0
vn -0.962623 -0.270845 0.0
vn -0.962623 -0.270845 0.0
vn -0.947929 -0.318481 0.0
vn -0.947929 -0.318481 0.0
vn -0.93087 -0.365349 0.0
vn -0.93087 -0.365349 0.0
vn -0.911509 -0.411281 0.0
vn -0.911509 -0.411281 0.0
vn -0.889874 -0.456206 0.0
vn -0.889874 -0.456206 0.0
vn -0.866022 -0.500006 0.0
vn -0.866022 -0.500006 0.0
vn -0.84003 -0.54254 0.0
vn -0.84003 -0.54254 0.0
vn -0.811941 -0.583739 0.0
vn -0.811941 -0.583739 0.0
vn -0.781829 -0.623493 0.0
vn -0.781829 -0.623493 0.0
vn -0.749779 -0.661689 0.0
vn -0.749779 -0.661689 0.0
vn -0.715865 -0.698238 0.0
vn -0.715865 -0.698238 0.0
vn -0.680172 -0.733053 0.0
vn -0.680172 -0.733053 0.0
vn -0.64279 -0.766042 0.0
vn -0.64279 -0.766042 0.0
vn -0.603803 -0.797134 0.0
vn -0.603803 -0.797134 0.0
vn -0.563321 -0.826238 0.0
vn -0.563321 -0.826238 0.0
vn -0.521436 -0.85329 0.0
vn -0.521436 -0.85329 0.0
vn -0.478252 -0.878223 0.0
vn -0.478252 -0.878223 0.0
vn -0.433883 -0.900969 0.0
vn -0.433883 -0.900969 0.0
vn -0.388439 -0.921475 0.0
vn -0.388439 -0.921475 0.0
vn -0.342013 -0.939695 0.0
vn -0.342013 -0.939695 0.0
vn -0.294761 -0.955571 0.0
vn -0.294761 -0.955571 0.0
vn -0.246764 -0.969076 0.0
vn -0.246764 -0.969076 0.0
vn -0.198134 -0.980175 0.0
vn -0.198134 -0.980175 0.0
vn -0.14905 -0.98883 0.0
vn -0.14905 -0.98883 0.0
vn -0.099564 -0.995031 0.0
vn -0.099564 -0.995031 0.0
vn -0.049851 -0.998757 0.0
vn -0.049851 -0.998757 0.0
vn 0.0 -1.0 0.0
vn 0.0 -1.0 0.0
vn 0.049851 -0.998757 0.0
vn 0.099564 -0.995031 0.0
vn 0.049851 -0.998757 0.0
vn 0.099564 -0.995031 0.0
vn 0.14905 -0.98883 0.0
vn 0.14905 -0.98883 0.0
vn 0.198136 -0.980175 0.0
vn 0.198136 -0.980175 0.0
vn 0.246762 -0.969076 0.0
vn 0.246762 -0.969076 0.0
vn 0.294761 -0.955571 0.0
vn 0.294761 -0.955571 0.0
vn 0.342013 -0.939695 0.0
vn 0.342013 -0.939695 0.0
vn 0.388439 -0.921475 0.0
vn 0.388439 -0.921475 0.0
vn 0.43388 -0.900971 0.0
vn 0.43388 -0.900971 0.0
vn 0.478255 -0.878221 0.0
vn 0.478255 -0.878221 0.0
vn 0.521436 -0.85329 0.0
vn 0.521436 -0.85329 0.0
vn 0.563325 -0.826236 0.0
vn 0.563325 -0.826236 0.0
vn 0.603803 -0.797134 0.0
vn 0.603803 -0.797134 0.0
vn 0.642787 -0.766045 0.0
vn 0.642787 -0.766045 0.0
vn 0.680172 -0.733053 0.0
vn 0.680172 -0.733053 0.0
vn 0.715869 -0.698234 0.0
vn 0.715869 -0.698234 0.0
vn 0.749775 -0.661693 0.0
vn 0.749775 -0.661693 0.0
vn 0.781833 -0.623488 0.0
vn 0.781833 -0.623488 0.0
vn 0.811941 -0.583739 0.0
vn 0.811941 -0.583739 0.0
vn 0.840023 -0.542551 0.0
vn 0.866028 -0.499995 0.0
vn 0.840023 -0.542551 0.0
vn 0.866028 -0.499995 0.0
vn 0.889871 -0.456212 0.0
vn 0.889871 -0.456212 0.0
vn 0.911506 -0.411288 0.0
vn 0.911506 -0.411288 0.0
vn 0.930873 -0.365343 0.0
vn 0.930873 -0.365343 0.0
vn 0.947927 -0.318488 0.0
vn 0.947927 -0.318488 0.0
vn 0.962625 -0.270838 0.0
vn 0.962625 -0.270838 0.0
vn 0.974929 -0.222517 0.0
vn 0.974929 -0.222517 0.0
vn 0.984807 -0.173654 0.0
vn 0.984807 -0.173654 0.0
vn 0.99224 -0.124338 0.0
vn 0.99224 -0.124338 0.0
vn 0.997204 -0.074731 0.0
vn 0.997204 -0.074731 0.0
vn 0.999689 -0.024933 0.0
vn 0.999689 -0.024933 0.0
vn 0.999689 0.024933 0.0
vn 0.999689 0.024933 -0.0
vn 0.997204 0.074731 0.0
vn 0.997204 0.074731 -0.0
vn 0.99224 0.124338 0.0
vn 0.99224 0.124338 -0.0
vn 0.984807 0.173654 0.0
vn 0.984807 0.173654 -0.0
vn 0.974929 0.222517 0.0
vn 0.974929 0.222517 -0.0
vn 0.962625 0.270838 0.0
vn 0.962625 0.270838 -0.0
vn 0.947927 0.318488 0.0
vn 0.947927 0.318488 -0.0
vn 0.930873 0.365343 0.0
vn 0.930873 0.365343 -0.0
vn 0.911506 0.411288 0.0
vn 0.911506 0.411288 -0.0
vn 0.889871 0.456212 0.0
vn 0.889871 0.456212 -0.0
vn 0.866026 0.499998 0.0
vn 0.866026 0.499998 -0.0
vn 0.840025 0.542548 0.0
vn 0.840025 0.542548 -0.0
vn 0.811938 0.583743 0.0
vn 0.811938 0.583743 -0.0
vn 0.781833 0.623488 0.0
vn 0.781833 0.623488 -0.0
vn 0.749778 0.661689 0.0
vn 0.749778 0.661689 -0.0
vn 0.715869 0.698234 0.0
vn 0.715869 0.698234 -0.0
vn 0.680172 0.733053 0.0
vn 0.680172 0.733053 -0.0
vn 0.642787 0.766045 0.0
vn 0.642787 0.766045 -0.0
vn 0.603807 0.79713 0.0
vn 0.603807 0.79713 -0.0
vn 0.56332 0.826239 -0.0
vn 0.56332 0.826239 0.0
vn 0.521436 0.85329 -0.0
vn 0.521436 0.85329 0.0
vn 0.478255 0.878221 -0.0
vn 0.478255 0.878221 0.0
vn 0.43388 0.900971 -0.0
vn 0.43388 0.900971 0.0
vn 0.388439 0.921475 -0.0
vn 0.388439 0.921475 0.0
vn 0.34202 0.939693 0.0
vn 0.34202 0.939693 -0.0
vn 0.294754 0.955573 0.0
vn 0.294754 0.955573 -0.0
vn 0.246755 0.969078 0.0
vn 0.246755 0.969078 -0.0
vn 0.198143 0.980173 0.0
vn 0.198143 0.980173 -0.0
vn 0.14905 0.98883 0.0
vn 0.14905 0.98883 -0.0
vn 0.099564 0.995031 0.0
vn 0.099564 0.995031 -0.0
vn 0.049844 0.998757 0.0
vn 0.049844 0.998757 -0.0
vn 0.0 1.0 0.0
vn 0.0 1.0 -0.0
vn -0.049844 0.998757 0.0
vn -0.049844 0.998757 0.0
vn -0.099564 0.995031 0.0
vn -0.099564 0.995031 0.0
vn -0.14905 0.98883 0.0
vn -0.14905 0.98883 0.0
vn -0.198142 0.980173 0.0
vn -0.198142 0.980173 0.0
vn -0.246756 0.969078 0.0
vn -0.246756 0.969078 0.0
vn -0.294754 0.955573 0.0
vn -0.294754 0.955573 0.0
vn -0.34202 0.939693 0.0
vn -0.34202 0.939693 0.0
vn -0.388439 0.921475 0.0
vn -0.388439 0.921475 0.0
vn -0.433883 0.900969 0.0
vn -0.433883 0.900969 0.0
vn -0.478252 0.878223 0.0
vn -0.478252 0.878223 0.0
vn -0.521436 0.85329 0.0
vn -0.521436 0.85329 0.0
vn -0.563316 0.826242 0.0
vn -0.563316 0.826242 0.0
vn -0.603807 0.79713 0.0
vn -0.603807 0.79713 0.0
vn -0.64279 0.766042 0.0
vn -0.64279 0.766042 0.0
vn -0.680172 0.733053 0.0
vn -0.680172 0.733053 0.0
vn -0.715865 0.698238 0.0
vn -0.715865 0.698238 0.0
vn -0.749782 0.661685 0.0
vn -0.749782 0.661685 0.0
vn -0.781829 0.623493 0.0
vn -0.781829 0.623493 0.0
vn -0.811938 0.583743 0.0
vn -0.811938 0.583743 0.0
vn -0.840032 0.542537 0.0
vn -0.840032 0.542537 0.0
vn -0.86602 0.50001 0.0
vn -0.86602 0.50001 0.0
vn -0.889874 0.456206 0.0
vn -0.889874 0.456206 0.0
vn -0.911509 0.411281 0.0
vn -0.911509 0.411281 0.0
vn -0.93087 0.365349 0.0
vn -0.93087 0.365349 0.0
vn -0.947929 0.318481 0.0
vn -0.947929 0.318481 0.0
vn -0.962623 0.270845 0.0
vn -0.962623 0.270845 0.0
vn -0.974927 0.222524 0.0
vn -0.974927 0.222524 0.0
vn -0.984809 0.17364 0.0
vn -0.984809 0.17364 0.0
vn -0.992238 0.124353 0.0
vn -0.992238 0.124353 0.0
vn -0.997204 0.074731 0.0
vn -0.997204 0.074731 0.0
vn -0.999689 0.024926 0.0
vn -0.999689 0.024926 0.0
vn -0.999689 -0.024933 0.0
vn -0.999689 -0.024933 0.0
vn -0.997204 -0.074731 0.0
vn -0.997204 -0.074731 0.0
vn -0.99224 -0.124338 0.0
vn -0.99224 -0.124338 0.0
vn -0.984807 -0.173654 0.0
vn -0.984807 -0.173654 0.0
vn -0.974929 -0.222517 0.0
vn -0.974929 -0.222517 0.0
vn -0.962625 -0.270838 0.0
vn -0.962625 -0.270838 0.0
vn -0.947927 -0.318488 0.0
vn -0.947927 -0.318488 0.0
vn -0.930873 -0.365343 0.0
vn -0.930873 -0.365343 0.0
vn -0.911506 -0.411288 0.0
vn -0.911506 -0.411288 0.0
vn -0.889874 -0.456206 0.0
vn -0.889874 -0.456206 0.0
vn -0.866025 -0.500001 0.0
vn -0.866025 -0.500001 0.0
vn -0.840018 -0.542558 0.0
vn -0.840018 -0.542558 0.0
vn -0.811941 -0.583739 0.0
vn -0.811941 -0.583739 0.0
vn -0.781831 -0.62349 0.0
vn -0.781831 -0.62349 0.0
vn -0.749785 -0.661681 0.0
vn -0.749785 -0.661681 0.0
vn -0.71586 -0.698244 0.0
vn -0.71586 -0.698244 0.0
vn -0.680186 -0.733039 0.0
vn -0.680186 -0.733039 0.0
vn -0.64278 -0.766051 0.0
vn -0.64278 -0.766051 0.0
vn -0.603812 -0.797126 0.0
vn -0.603812 -0.797126 0.0
vn -0.563306 -0.826249 0.0
vn -0.563306 -0.826249 0.0
vn -0.521435 -0.853291 0.0
vn -0.521435 -0.853291 0.0
vn -0.478255 -0.878221 0.0
vn -0.478255 -0.878221 0.0
vn -0.433881 -0.90097 0.0
vn -0.433881 -0.90097 0.0
vn -0.388436 -0.921476 0.0
vn -0.388436 -0.921476 0.0
vn -0.34204 -0.939685 0.0
vn -0.34204 -0.939685 0.0
vn -0.294734 -0.955579 0.0
vn -0.294734 -0.955579 0.0
vn -0.246777 -0.969072 0.0
vn -0.246777 -0.969072 0.0
vn -0.19815 -0.980172 0.0
vn -0.19815 -0.980172 0.0
vn -0.149034 -0.988832 0.0
vn -0.149034 -0.988832 0.0
vn -0.09955 -0.995033 0.0
vn -0.09955 -0.995033 0.0
vn -0.049851 -0.998757 0.0
vn -0.049851 -0.998757 0.0
vn 0.0 -1.0 0.0
vn 0.0 -1.0 0.0
vn 0.049851 -0.998757 0.0
vn 0.09955 -0.995033 0.0
vn 0.049851 -0.998757 0.0
vn 0.09955 -0.995033 0.0
vn 0.149034 -0.988832 0.0
vn 0.149034 -0.988832 0.0
vn 0.19815 -0.980172 0.0
vn 0.19815 -0.980172 0.0
vn 0.246777 -0.969072 0.0
vn 0.246777 -0.969072 0.0
vn 0.294734 -0.955579 0.0
vn 0.294734 -0.955579 0.0
vn 0.34204 -0.939685 0.0
vn 0.34204 -0.939685 0.0
vn 0.388436 -0.921476 0.0
vn 0.388436 -0.921476 0.0
vn 0.433881 -0.90097 0.0
vn 0.433881 -0.90097 0.0
vn 0.478255 -0.878221 0.0
vn 0.478255 -0.878221 0.0
vn 0.521435 -0.853291 0.0
vn 0.521435 -0.853291 0.0
vn 0.563306 -0.826249 0.0
vn 0.563306 -0.826249 0.0
vn 0.603812 -0.797126 0.0
vn 0.603812 -0.797126 0.0
vn 0.64278 -0.766051 0.0
vn 0.64278 -0.766051 0.0
vn 0.680186 -0.733039 0.0
vn 0.680186 -0.733039 0.0
vn 0.71586 -0.698244 0.0
vn 0.71586 -0.698244 0.0
vn 0.749785 -0.661681 0.0
vn 0.749785 -0.661681 0.0
vn 0.781831 -0.62349 0.0
vn 0.781831 -0.62349 0.0
vn 0.81194 -0.583741 0.0
vn 0.81194 -0.583741 0.0
vn 0.84002 -0.542556 0.0
vn 0.866023 -0.500004 0.0
vn 0.84002 -0.542556 0.0
vn 0.866023 -0.500004 0.0
vn 0.889876 -0.456203 0.0
vn 0.889876 -0.456203 0.0
vn 0.911506 -0.411286 0.0
vn 0.911506 -0.411286 0.0
vn 0.930872 -0.365344 0.0
vn 0.930872 -0.365344 0.0
vn 0.947927 -0.318488 0.0
vn 0.947927 -0.318488 0.0
vn 0.962624 -0.27084 0.0
vn 0.962624 -0.27084 0.0
vn 0.974928 -0.222519 0.0
vn 0.974928 -0.222519 0.0
vn 0.984807 -0.173651 0.0
vn 0.984807 -0.173651 0.0
vn 0.992239 -0.124344 0.0
vn 0.992239 -0.124344 0.0
vn 0.997204 -0.074729 0.0
vn 0.997204 -0.074729 0.0
vn 0.999689 -0.024931 0.0
vn 0.999689 -0.024931 0.0
vn 0.999689 0.024931 0.0
vn 0.999689 0.024931 -0.0
vn 0.997204 0.074729 0.0
vn 0.997204 0.074729 -0.0
vn 0.992239 0.124344 0.0
vn 0.992239 0.124344 -0.0
vn 0.984807 0.173651 0.0
vn 0.984807 0.173651 -0.0
vn 0.974928 0.222519 0.0
vn 0.974928 0.222519 -0.0
vn 0.962624 0.27084 0.0
vn 0.962624 0.27084 -0.0
vn 0.947927 0.318488 0.0
vn 0.947927 0.318488 -0.0
vn 0.930872 0.365344 0.0
vn 0.930872 0.365344 -0.0
vn 0.911506 0.411286 0.0
vn 0.911506 0.411286 -0.0
vn 0.889872 0.456209 0.0
vn 0.889872 0.456209 -0.0
vn 0.866027 0.499998 0.0
vn 0.866027 0.499998 -0.0
vn 0.840024 0.542549 0.0
vn 0.840024 0.542549 -0.0
vn 0.81194 0.583741 0.0
vn 0.81194 0.583741 -0.0
vn 0.781831 0.62349 0.0
vn 0.781831 0.62349 -0.0
vn 0.749779 0.661689 0.0
vn 0.749779 0.661689 -0.0
vn 0.715867 0.698236 0.0
vn 0.715867 0.698236 -0.0
vn 0.68017 0.733055 0.0
vn 0.68017 0.733055 -0.0
vn 0.642789 0.766044 0.0
vn 0.642789 0.766044 -0.0
vn 0.603803 0.797134 0.0
vn 0.603803 0.797134 -0.0
vn 0.563326 0.826234 -0.0
vn 0.563326 0.826234 0.0
vn 0.521435 0.853291 -0.0
vn 0.521435 0.853291 0.0
vn 0.478255 0.878221 -0.0
vn 0.478255 0.878221 0.0
vn 0.433881 0.90097 -0.0
vn 0.433881 0.90097 0.0
vn 0.388436 0.921476 -0.0
vn 0.388436 0.921476 0.0
vn 0.342013 0.939695 0.0
vn 0.342013 0.939695 -0.0
vn 0.294762 0.955571 0.0
vn 0.294762 0.955571 -0.0
vn 0.246763 0.969076 0.0
vn 0.246763 0.969076 -0.0
vn 0.198136 0.980175 0.0
vn 0.198136 0.980175 -0.0
vn 0.149049 0.98883 0.0
vn 0.149049 0.98883 -0.0
vn 0.099565 0.995031 0.0
vn 0.099565 0.995031 -0.0
vn 0.049851 0.998757 0.0
vn 0.049851 0.998757 -0.0
vn 0.0 1.0 0.0
vn 0.0 1.0 -0.0
vn -0.049851 0.998757 0.0
vn -0.049851 0.998757 0.0
vn -0.099565 0.995031 0.0
vn -0.099565 0.995031 0.0
vn -0.149049 0.98883 0.0
vn -0.149049 0.98883 0.0
vn -0.198136 0.980175 0.0
vn -0.198136 0.980175 0.0
vn -0.246763 0.969076 0.0
vn -0.246763 0.969076 0.0
vn -0.294762 0.955571 0.0
vn -0.294762 0.955571 0.0
vn -0.342013 0.939695 0.0
vn -0.342013 0.939695 0.0
vn -0.388436 0.921476 0.0
vn -0.388436 0.921476 0.0
vn -0.433881 0.90097 0.0
vn -0.433881 0.90097 0.0
vn -0.478255 0.878221 0.0
vn -0.478255 0.878221 0.0
vn -0.521435 0.853291 0.0
vn -0.521435 0.853291 0.0
vn -0.563326 0.826234 0.0
vn -0.563326 0.826234 0.0
vn -0.603803 0.797134 0.0
vn -0.603803 0.797134 0.0
vn -0.642789 0.766044 0.0
vn -0.642789 0.766044 0.0
vn -0.68017 0.733055 0.0
vn -0.68017 0.733055 0.0
vn -0.715867 0.698236 0.0
vn -0.715867 0.698236 0.0
vn -0.749779 0.661689 0.0
vn -0.749779 0.661689 0.0
vn -0.781831 0.62349 0.0
vn -0.781831 0.62349 0.0
vn -0.811941 0.583739 0.0
vn -0.811941 0.583739 0.0
vn -0.840023 0.542551 0.0
vn -0.840023 0.542551 0.0
vn -0.866028 0.499995 0.0
vn -0.866028 0.499995 0.0
vn -0.889871 0.456212 0.0
vn -0.889871 0.456212 0.0
vn -0.911506 0.411288 0.0
vn -0.911506 0.411288 0.0
vn -0.930873 0.365343 0.0
vn -0.930873 0.365343 0.0
vn -0.947927 0.318488 0.0
vn -0.947927 0.318488 0.0
vn -0.962625 0.270838 0.0
vn -0.962625 0.270838 0.0
vn -0.974929 0.222517 0.0
vn -0.974929 0.222517 0.0
vn -0.984807 0.173654 0.0
vn -0.984807 0.173654 0.0
vn -0.99224 0.124338 0.0
vn -0.99224 0.124338 0.0
vn -0.997204 0.074731 0.0
vn -0.997204 0.074731 0.0
vn -0.999689 0.024933 0.0
vn -0.999689 0.024933 0.0
vn -0.999689 -0.024926 0.0
vn -0.999689 -0.024926 0.0
vn -0.997204 -0.074731 0.0
vn -0.997204 -0.074731 0.0
vn -0.992238 -0.124355 0.0
vn -0.992238 -0.124355 0.0
vn -0.98481 -0.173637 0.0
vn -0.98481 -0.173637 0.0
vn -0.974927 -0.222524 0.0
vn -0.974927 -0.222524 0.0
vn -0.962623 -0.270845 0.0
vn -0.962623 -0.270845 0.0
vn -0.947928 -0.318485 0.0
vn -0.947928 -0.318485 0.0
vn -0.930875 -0.365339 0.0
vn -0.930875 -0.365339 0.0
vn -0.911506 -0.411287 0.0
vn -0.911506 -0.411287 0.0
vn -0.889877 -0.4562 0.0
vn -0.889877 -0.4562 0.0
vn -0.866018 -0.500013 0.0
vn -0.866018 -0.500013 0.0
vn -0.840025 -0.542547 0.0
vn -0.840025 -0.542547 0.0
vn -0.811941 -0.583739 0.0
vn -0.811941 -0.583739 0.0
vn -0.781829 -0.623493 0.0
vn -0.781829 -0.623493 0.0
vn -0.749785 -0.661681 0.0
vn -0.749785 -0.661681 0.0
vn -0.715858 -0.698246 0.0
vn -0.715858 -0.698246 0.0
vn -0.680188 -0.733038 0.0
vn -0.680188 -0.733038 0.0
vn -0.642781 -0.76605 0.0
vn -0.642781 -0.76605 0.0
vn -0.603812 -0.797126 0.0
vn -0.603812 -0.797126 0.0
vn -0.5633 -0.826252 0.0
vn -0.5633 -0.826252 0.0
vn -0.521436 -0.85329 0.0
vn -0.521436 -0.85329 0.0
vn -0.478252 -0.878223 0.0
vn -0.478252 -0.878223 0.0
vn -0.433883 -0.900969 0.0
vn -0.433883 -0.900969 0.0
vn -0.388439 -0.921475 0.0
vn -0.388439 -0.921475 0.0
vn -0.34204 -0.939685 0.0
vn -0.34204 -0.939685 0.0
vn -0.294733 -0.95558 0.0
vn -0.294733 -0.95558 0.0
vn -0.246778 -0.969072 0.0
vn -0.246778 -0.969072 0.0
vn -0.198149 -0.980172 0.0
vn -0.198149 -0.980172 0.0
vn -0.149035 -0.988832 0.0
vn -0.149035 -0.988832 0.0
vn -0.099549 -0.995033 0.0
vn -0.099549 -0.995033 0.0
vn -0.049851 -0.998757 0.0
vn -0.049851 -0.998757 0.0
vn 0.0 -1.0 0.0
vn 0.0 -1.0 0.0
vn 0.049851 -0.998757 0.0
vn 0.099549 -0.995033 0.0
vn 0.049851 -0.998757 0.0
vn 0.099549 -0.995033 0.0
vn 0.149035 -0.988832 0.0
vn 0.149035 -0.988832 0.0
vn 0.19815 -0.980172 0.0
vn 0.19815 -0.980172 0.0
vn 0.246776 -0.969073 0.0
vn 0.246776 -0.969073 0.0
vn 0.294733 -0.95558 0.0
vn 0.294733 -0.95558 0.0
vn 0.34204 -0.939685 0.0
vn 0.34204 -0.939685 0.0
vn 0.388439 -0.921475 0.0
vn 0.388439 -0.921475 0.0
vn 0.43388 -0.900971 0.0
vn 0.43388 -0.900971 0.0
vn 0.478255 -0.878221 0.0
vn 0.478255 -0.878221 0.0
vn 0.521436 -0.85329 0.0
vn 0.521436 -0.85329 0.0
vn 0.563304 -0.82625 0.0
vn 0.563304 -0.82625 0.0
vn 0.603812 -0.797126 0.0
vn 0.603812 -0.797126 0.0
vn 0.642778 -0.766053 0.0
vn 0.642778 -0.766053 0.0
vn 0.680188 -0.733038 0.0
vn 0.680188 -0.733038 0.0
vn 0.715862 -0.698242 0.0
vn 0.715862 -0.698242 0.0
vn 0.749781 -0.661686 0.0
vn 0.749781 -0.661686 0.0
vn 0.781833 -0.623488 0.0
vn 0.781833 -0.623488 0.0
vn 0.811941 -0.583739 0.0
vn 0.811941 -0.583739 0.0
vn 0.840018 -0.542558 0.0
vn 0.866025 -0.500001 0.0
vn 0.840018 -0.542558 0.0
vn 0.866025 -0.500001 0.0
vn 0.889874 -0.456206 0.0
vn 0.889874 -0.456206 0.0
vn 0.911503 -0.411293 0.0
vn 0.911503 -0.411293 0.0
vn 0.930877 -0.365332 0.0
vn 0.930877 -0.365332 0.0
vn 0.947926 -0.318492 0.0
vn 0.947926 -0.318492 0.0
vn 0.962625 -0.270838 0.0
vn 0.962625 -0.270838 0.0
vn 0.974929 -0.222517 0.0
vn 0.974929 -0.222517 0.0
vn 0.984807 -0.173652 0.0
vn 0.984807 -0.173652 0.0
vn 0.99224 -0.12434 0.0
vn 0.99224 -0.12434 0.0
vn 0.997204 -0.074731 0.0
vn 0.997204 -0.074731 0.0
vn 0.999689 -0.024933 0.0
vn 0.999689 -0.024933 0.0
vn 0.999689 0.024933 0.0
vn 0.999689 0.024933 -0.0
vn 0.997204 0.074731 0.0
vn 0.997204 0.074731 -0.0
vn 0.99224 0.12434 0.0
vn 0.99224 0.12434 -0.0
vn 0.984807 0.173652 0.0
vn 0.984807 0.173652 -0.0
vn 0.974929 0.222517 0.0
vn 0.974929 0.222517 -0.0
vn 0.962625 0.270838 0.0
vn 0.962625 0.270838 -0.0
vn 0.947926 0.318492 0.0
vn 0.947926 0.318492 -0.0
vn 0.930877 0.365332 0.0
vn 0.930877 0.365332 -0.0
vn 0.911503 0.411293 0.0
vn 0.911503 0.411293 -0.0
vn 0.889874 0.456206 0.0
vn 0.889874 0.456206 -0.0
vn 0.866025 0.500001 0.0
vn 0.866025 0.500001 -0.0
vn 0.840018 0.542558 0.0
vn 0.840018 0.542558 -0.0
vn 0.811941 0.583739 0.0
vn 0.811941 0.583739 -0.0
vn 0.781833 0.623488 0.0
vn 0.781833 0.623488 -0.0
vn 0.749781 0.661686 0.0
vn 0.749781 0.661686 -0.0
vn 0.715862 0.698242 0.0
vn 0.715862 0.698242 -0.0
vn 0.680188 0.733038 0.0
vn 0.680188 0.733038 -0.0
vn 0.642778 0.766053 0.0
vn 0.642778 0.766053 -0.0
vn 0.603812 0.797126 0.0
vn 0.603812 0.797126 -0.0
vn 0.563304 0.82625 -0.0
vn 0.563304 0.82625 0.0
vn 0.521436 0.85329 -0.0
vn 0.521436 0.85329 0.0
vn 0.478255 0.878221 -0.0
vn 0.478255 0.878221 0.0
vn 0.43388 0.900971 -0.0
vn 0.43388 0.900971 0.0
vn 0.388439 0.921475 -0.0
vn 0.388439 0.921475 0.0
vn 0.34204 0.939685 0.0
vn 0.34204 0.939685 -0.0
vn 0.294733 0.95558 0.0
vn 0.294733 0.95558 -0.0
vn 0.246776 0.969073 0.0
vn 0.246776 0.969073 -0.0
vn 0.19815 0.980172 0.0
vn 0.19815 0.980172 -0.0
vn 0.149035 0.988832 0.0
vn 0.149035 0.988832 -0.0
vn 0.099549 0.995033 0.0
vn 0.099549 0.995033 -0.0
vn 0.049851 0.998757 0.0
vn 0.049851 0.998757 -0.0
vn 0.0 1.0 0.0
vn 0.0 1.0 -0.0
vn -0.049851 0.998757 0.0
vn -0.049851 0.998757 0.0
vn -0.099549 0.995033 0.0
vn -0.099549 0.995033 0.0
vn -0.149035 0.988832 0.0
vn -0.149035 0.988832 0.0
vn -0.198149 0.980172 0.0
vn -0.198149 0.980172 0.0
vn -0.246778 0.969072 0.0
vn -0.246778 0.969072 0.0
vn -0.294733 0.95558 0.0
vn -0.294733 0.95558 0.0
vn -0.34204 0.939685 0.0
vn -0.34204 0.939685 0.0
vn -0.388439 0.921475 0.0
vn -0.388439 0.921475 0.0
vn -0.433883 0.900969 0.0
vn -0.433883 0.900969 0.0
vn -0.478252 0.878223 0.0
vn -0.478252 0.878223 0.0
vn -0.521436 0.85329 0.0
vn -0.521436 0.85329 0.0
vn -0.5633 0.826252 0.0
vn -0.5633 0.826252 0.0
vn -0.603812 0.797126 0.0
vn -0.603812 0.797126 0.0
vn -0.642781 0.76605 0.0
vn -0.642781 0.76605 0.0
vn -0.680188 0.733038 0.0
vn -0.680188 0.733038 0.0
vn -0.715858 0.698246 0.0
vn -0.715858 0.698246 0.0
vn -0.749785 0.661681 0.0
vn -0.749785 0.661681 0.0
vn -0.781829 0.623493 0.0
vn -0.781829 0.623493 0.0
vn -0.811941 0.583739 0.0
vn -0.811941 0.583739 0.0
vn -0.840025 0.542547 0.0
vn -0.840025 0.542547 0.0
vn -0.866018 0.500013 0.0
vn -0.866018 0.500013 0.0
vn -0.889877 0.4562 0.0
vn -0.889877 0.4562 0.0
vn -0.911506 0.411287 0.0
vn -0.911506 0.411287 0.0
vn -0.930875 0.365339 0.0
vn -0.930875 0.365339 0.0
vn -0.947928 0.318485 0.0
vn -0.947928 0.318485 0.0
vn -0.962623 0.270845 0.0
vn -0.962623 0.270845 0.0
vn -0.974927 0.222524 0.0
vn -0.974927 0.222524 0.0
vn -0.98481 0.173637 0.0
vn -0.98481 0.173637 0.0
vn -0.992238 0.124355 0.0
vn -0.992238 0.124355 0.0
vn -0.997204 0.074731 0.0
vn -0.997204 0.074731 0.0
vn -0.999689 0.024926 0.0
vn -0.999689 0.024926 0.0
vn -0.999689 -0.024941 0.0
vn -0.997205 -0.07471 0.0
vn -0.999689 -0.024941 0.0
vn -0.992237 -0.12436 0.0
vn -0.997205 -0.07471 0.0
vn -0.984811 -0.173628 0.0
vn -0.992237 -0.12436 0.0
vn -0.974928 -0.22252 0.0
vn -0.984811 -0.173628 0.0
vn -0.962618 -0.270864 0.0
vn -0.974928 -0.22252 0.0
vn -0.947935 -0.318465 0.0
vn -0.962618 -0.270864 0.0
vn -0.930871 -0.365348 0.0
vn -0.947935 -0.318465 0.0
vn -0.9115 -0.4113 0.0
vn -0.930871 -0.365348 0.0
vn -0.889876 -0.456203 0.0
vn -0.9115 -0.4113 0.0
vn -0.866019 -0.500011 0.0
vn -0.889876 -0.456203 0.0
vn -0.866019 -0.500011 0.0
vn -0.840031 -0.542539 0.0
vn -0.840031 -0.542539 0.0
vn -0.811933 -0.58375 0.0
vn -0.811933 -0.58375 0.0
vn -0.781842 -0.623477 0.0
vn -0.781842 -0.623477 0.0
vn -0.749764 -0.661705 0.0
vn -0.749764 -0.661705 0.0
vn -0.715869 -0.698234 0.0
vn -0.715869 -0.698234 0.0
vn -0.68018 -0.733045 0.0
vn -0.68018 -0.733045 0.0
vn -0.642792 -0.766041 0.0
vn -0.642792 -0.766041 0.0
vn -0.6038 -0.797136 0.0
vn -0.56333 -0.826232 0.0
vn -0.6038 -0.797136 0.0
vn -0.56333 -0.826232 0.0
vn -0.521438 -0.853289 0.0
vn -0.478246 -0.878226 0.0
vn -0.521438 -0.853289 0.0
vn -0.433898 -0.900962 0.0
vn -0.478246 -0.878226 0.0
vn -0.388423 -0.921481 0.0
vn -0.433898 -0.900962 0.0
vn -0.342023 -0.939692 0.0
vn -0.388423 -0.921481 0.0
vn -0.294734 -0.955579 0.0
vn -0.342023 -0.939692 0.0
vn -0.246773 -0.969073 0.0
vn -0.294734 -0.955579 0.0
vn -0.198153 -0.980171 0.0
vn -0.246773 -0.969073 0.0
vn -0.149033 -0.988832 0.0
vn -0.198153 -0.980171 0.0
vn -0.099572 -0.99503 0.0
vn -0.149033 -0.988832 0.0
vn -0.049844 -0.998757 0.0
vn -0.099572 -0.99503 0.0
vn 0.0 -1.0 0.0
vn -0.049844 -0.998757 0.0
vn 0.049844 -0.998757 0.0
vn 0.0 -1.0 0.0
vn 0.099572 -0.99503 0.0
vn 0.049844 -0.998757 0.0
vn 0.149035 -0.988832 0.0
vn 0.099572 -0.99503 0.0
vn 0.19815 -0.980172 0.0
vn 0.149035 -0.988832 0.0
vn 0.19815 -0.980172 0.0
vn 0.246768 -0.969074 0.0
vn 0.246768 -0.969074 0.0
vn 0.294744 -0.955576 0.0
vn 0.294744 -0.955576 0.0
vn 0.342016 -0.939694 0.0
vn 0.388423 -0.921481 0.0
vn 0.342016 -0.939694 0.0
vn 0.433898 -0.900962 0.0
vn 0.388423 -0.921481 0.0
vn 0.478246 -0.878226 0.0
vn 0.433898 -0.900962 0.0
vn 0.521429 -0.853295 0.0
vn 0.478246 -0.878226 0.0
vn 0.563339 -0.826226 0.0
vn 0.521429 -0.853295 0.0
vn 0.6038 -0.797136 0.0
vn 0.563339 -0.826226 0.0
vn 0.642792 -0.766041 0.0
vn 0.6038 -0.797136 0.0
vn 0.642792 -0.766041 0.0
vn 0.71586 -0.698244 0.0
vn 0.68018 -0.733045 0.0
vn 0.68018 -0.733045 0.0
vn 0.749774 -0.661694 0.0
vn 0.71586 -0.698244 0.0
vn 0.781842 -0.623477 0.0
vn 0.749774 -0.661694 0.0
vn 0.811933 -0.58375 0.0
vn 0.781842 -0.623477 0.0
vn 0.840031 -0.542539 0.0
vn 0.811933 -0.58375 0.0
vn 0.840031 -0.542539 0.0
vn 0.866019 -0.500011 0.0
vn 0.866019 -0.500011 0.0
vn 0.889876 -0.456203 0.0
vn 0.889876 -0.456203 0.0
vn 0.9115 -0.4113 0.0
vn 0.930877 -0.365332 0.0
vn 0.9115 -0.4113 0.0
vn 0.930877 -0.365332 0.0
vn 0.947923 -0.318499 0.0
vn 0.947923 -0.318499 0.0
vn 0.962628 -0.270829 0.0
vn 0.974928 -0.22252 0.0
vn 0.962628 -0.270829 0.0
vn 0.974928 -0.22252 0.0
vn 0.984808 -0.173647 0.0
vn 0.99224 -0.124341 0.0
vn 0.984808 -0.173647 0.0
vn 0.997202 -0.074748 0.0
vn 0.99224 -0.124341 0.0
vn 0.999689 -0.024921 0.0
vn 0.997202 -0.074748 0.0
vn 0.999689 -0.024921 0.0
vn 0.999689 0.024921 -0.0
vn 0.999689 0.024921 -0.0
vn 0.997202 0.074748 -0.0
vn 0.997202 0.074748 -0.0
vn 0.99224 0.124341 0.0
vn 0.99224 0.124341 -0.0
vn 0.984808 0.173647 0.0
vn 0.984808 0.173647 -0.0
vn 0.974928 0.22252 0.0
vn 0.962628 0.270829 -0.0
vn 0.974928 0.22252 -0.0
vn 0.962628 0.270829 -0.0
vn 0.947923 0.318499 0.0
vn 0.930877 0.365332 -0.0
vn 0.947923 0.318499 -0.0
vn 0.930877 0.365332 -0.0
vn 0.9115 0.4113 -0.0
vn 0.9115 0.4113 -0.0
vn 0.889876 0.456203 -0.0
vn 0.889876 0.456203 -0.0
vn 0.866019 0.500011 -0.0
vn 0.866019 0.500011 -0.0
vn 0.840031 0.542539 -0.0
vn 0.840031 0.542539 -0.0
vn 0.811933 0.58375 -0.0
vn 0.811933 0.58375 -0.0
vn 0.781842 0.623477 -0.0
vn 0.781842 0.623477 -0.0
vn 0.749774 0.661694 -0.0
vn 0.749774 0.661694 -0.0
vn 0.71586 0.698244 -0.0
vn 0.71586 0.698244 -0.0
vn 0.68018 0.733045 0.0
vn 0.642792 0.766041 -0.0
vn 0.68018 0.733045 -0.0
vn 0.6038 0.797136 -0.0
vn 0.642792 0.766041 -0.0
vn 0.563339 0.826226 -0.0
vn 0.6038 0.797136 -0.0
vn 0.521429 0.853295 -0.0
vn 0.563339 0.826226 -0.0
vn 0.521429 0.853295 -0.0
vn 0.478246 0.878226 -0.0
vn 0.478246 0.878226 0.0
vn 0.388423 0.921481 -0.0
vn 0.433898 0.900962 -0.0
vn 0.433898 0.900962 0.0
vn 0.388423 0.921481 -0.0
vn 0.342016 0.939694 0.0
vn 0.294744 0.955576 -0.0
vn 0.342016 0.939694 -0.0
vn 0.294744 0.955576 -0.0
vn 0.246768 0.969074 0.0
vn 0.19815 0.980172 -0.0
vn 0.246768 0.969074 -0.0
vn 0.19815 0.980172 -0.0
vn 0.149035 0.988832 0.0
vn 0.099572 0.99503 -0.0
vn 0.149035 0.988832 -0.0
vn 0.099572 0.99503 -0.0
vn 0.049844 0.998757 0.0
vn 0.049844 0.998757 -0.0
vn 0.0 1.0 0.0
vn -0.049844 0.998757 0.0
vn 0.0 1.0 -0.0
vn -0.049844 0.998757 0.0
vn -0.099572 0.99503 0.0
vn -0.099572 0.99503 0.0
vn -0.149033 0.988832 0.0
vn -0.149033 0.988832 0.0
vn -0.198153 0.980171 0.0
vn -0.198153 0.980171 0.0
vn -0.246773 0.969073 0.0
vn -0.246773 0.969073 0.0
vn -0.294734 0.955579 0.0
vn -0.342023 0.939692 0.0
vn -0.294734 0.955579 0.0
vn -0.342023 0.939692 0.0
vn -0.388423 0.921481 0.0
vn -0.388423 0.921481 0.0
vn -0.433898 0.900962 0.0
vn -0.433898 0.900962 0.0
vn -0.521438 0.853289 0.0
vn -0.478246 0.878226 0.0
vn -0.478246 0.878226 0.0
vn -0.521438 0.853289 0.0
vn -0.56333 0.826232 0.0
vn -0.56333 0.826232 0.0
vn -0.642792 0.766041 0.0
vn -0.6038 0.797136 0.0
vn -0.6038 0.797136 0.0
vn -0.642792 0.766041 0.0
vn -0.68018 0.733045 0.0
vn -0.68018 0.733045 0.0
vn -0.715869 0.698234 0.0
vn -0.715869 0.698234 0.0
vn -0.749764 0.661705 0.0
vn -0.749764 0.661705 0.0
vn -0.781842 0.623477 0.0
vn -0.781842 0.623477 0.0
vn -0.811933 0.58375 0.0
vn -0.840031 0.542539 0.0
vn -0.811933 0.58375 0.0
vn -0.840031 0.542539 0.0
vn -0.866019 0.500011 0.0
vn -0.866019 0.500011 0.0
vn -0.889876 0.456203 0.0
vn -0.9115 0.4113 0.0
vn -0.889876 0.456203 0.0
vn -0.9115 0.4113 0.0
vn -0.930871 0.365348 0.0
vn -0.930871 0.365348 0.0
vn -0.947935 0.318465 0.0
vn -0.947935 0.318465 0.0
vn -0.962618 0.270864 0.0
vn -0.962618 0.270864 0.0
vn -0.984811 0.173628 0.0
vn -0.974928 0.22252 0.0
vn -0.974928 0.22252 0.0
vn -0.992237 0.12436 0.0
vn -0.984811 0.173628 0.0
vn -0.997205 0.07471 0.0
vn -0.992237 0.12436 0.0
vn -0.997205 0.07471 0.0
vn -0.999689 0.024941 0.0
vn -0.999689 0.024941 0.0
vn -0.999689 -0.024931 0.0
vn -0.997204 -0.074729 0.0
vn -0.999689 -0.024931 0.0
vn -0.99224 -0.124341 0.0
vn -0.997204 -0.074729 0.0
vn -0.984808 -0.173647 0.0
vn -0.99224 -0.124341 0.0
vn -0.974926 -0.22253 0.0
vn -0.984808 -0.173647 0.0
vn -0.962625 -0.270838 0.0
vn -0.974926 -0.22253 0.0
vn -0.947926 -0.318491 0.0
vn -0.962625 -0.270838 0.0
vn -0.930877 -0.365332 0.0
vn -0.947926 -0.318491 0.0
vn -0.911504 -0.411292 0.0
vn -0.930877 -0.365332 0.0
vn -0.889872 -0.456211 0.0
vn -0.911504 -0.411292 0.0
vn -0.866023 -0.500003 0.0
vn -0.889872 -0.456211 0.0
vn -0.866023 -0.500003 0.0
vn -0.840026 -0.542546 0.0
vn -0.840026 -0.542546 0.0
vn -0.811933 -0.58375 0.0
vn -0.811933 -0.58375 0.0
vn -0.781842 -0.623477 0.0
vn -0.781842 -0.623477 0.0
vn -0.749769 -0.6617 0.0
vn -0.749769 -0.6617 0.0
vn -0.715869 -0.698234 0.0
vn -0.715869 -0.698234 0.0
vn -0.680175 -0.73305 0.0
vn -0.680175 -0.73305 0.0
vn -0.642797 -0.766037 0.0
vn -0.642797 -0.766037 0.0
vn -0.603791 -0.797143 0.0
vn -0.563343 -0.826223 0.0
vn -0.603791 -0.797143 0.0
vn -0.563343 -0.826223 0.0
vn -0.521429 -0.853295 0.0
vn -0.478242 -0.878228 0.0
vn -0.521429 -0.853295 0.0
vn -0.433902 -0.90096 0.0
vn -0.478242 -0.878228 0.0
vn -0.388423 -0.921481 0.0
vn -0.433902 -0.90096 0.0
vn -0.342019 -0.939693 0.0
vn -0.388423 -0.921481 0.0
vn -0.294742 -0.955577 0.0
vn -0.342019 -0.939693 0.0
vn -0.246768 -0.969074 0.0
vn -0.294742 -0.955577 0.0
vn -0.198152 -0.980171 0.0
vn -0.246768 -0.969074 0.0
vn -0.149034 -0.988832 0.0
vn -0.198152 -0.980171 0.0
vn -0.099572 -0.99503 0.0
vn -0.149034 -0.988832 0.0
vn -0.049844 -0.998757 0.0
vn -0.099572 -0.99503 0.0
vn 0.0 -1.0 0.0
vn -0.049844 -0.998757 0.0
vn 0.049844 -0.998757 0.0
vn 0.0 -1.0 0.0
vn 0.099572 -0.99503 0.0
vn 0.049844 -0.998757 0.0
vn 0.149034 -0.988832 0.0
vn 0.099572 -0.99503 0.0
vn 0.198152 -0.980171 0.0
vn 0.149034 -0.988832 0.0
vn 0.198152 -0.980171 0.0
vn 0.246768 -0.969074 0.0
vn 0.246768 -0.969074 0.0
vn 0.294742 -0.955577 0.0
vn 0.294742 -0.955577 0.0
vn 0.342019 -0.939693 0.0
vn 0.388423 -0.921481 0.0
vn 0.342019 -0.939693 0.0
vn 0.433902 -0.90096 0.0
vn 0.388423 -0.921481 0.0
vn 0.478242 -0.878228 0.0
vn 0.433902 -0.90096 0.0
vn 0.521429 -0.853295 0.0
vn 0.478242 -0.878228 0.0
vn 0.563343 -0.826223 0.0
vn 0.521429 -0.853295 0.0
vn 0.603791 -0.797143 0.0
vn 0.563343 -0.826223 0.0
vn 0.642797 -0.766037 0.0
vn 0.603791 -0.797143 0.0
vn 0.642797 -0.766037 0.0
vn 0.715869 -0.698234 0.0
vn 0.680175 -0.73305 0.0
vn 0.680175 -0.73305 0.0
vn 0.749769 -0.6617 0.0
vn 0.715869 -0.698234 0.0
vn 0.781842 -0.623477 0.0
vn 0.749769 -0.6617 0.0
vn 0.811933 -0.58375 0.0
vn 0.781842 -0.623477 0.0
vn 0.840026 -0.542546 0.0
vn 0.811933 -0.58375 0.0
vn 0.840026 -0.542546 0.0
vn 0.866023 -0.500003 0.0
vn 0.866023 -0.500003 0.0
vn 0.889872 -0.456211 0.0
vn 0.889872 -0.456211 0.0
vn 0.911504 -0.411292 0.0
vn 0.930877 -0.365332 0.0
vn 0.911504 -0.411292 0.0
vn 0.930877 -0.365332 0.0
vn 0.947926 -0.318491 0.0
vn 0.947926 -0.318491 0.0
vn 0.962625 -0.270838 0.0
vn 0.974926 -0.22253 0.0
vn 0.962625 -0.270838 0.0
vn 0.974926 -0.22253 0.0
vn 0.984808 -0.173647 0.0
vn 0.99224 -0.124341 0.0
vn 0.984808 -0.173647 0.0
vn 0.997204 -0.074729 0.0
vn 0.99224 -0.124341 0.0
vn 0.999689 -0.024931 0.0
vn 0.997204 -0.074729 0.0
vn 0.999689 -0.024931 0.0
vn 0.999689 0.024931 -0.0
vn 0.999689 0.024931 -0.0
vn 0.997204 0.074729 -0.0
vn 0.997204 0.074729 -0.0
vn 0.99224 0.124341 0.0
vn 0.99224 0.124341 -0.0
vn 0.984808 0.173647 0.0
vn 0.984808 0.173647 -0.0
vn 0.974926 0.22253 0.0
vn 0.962625 0.270838 -0.0
vn 0.974926 0.22253 -0.0
vn 0.962625 0.270838 -0.0
vn 0.947926 0.318491 0.0
vn 0.930877 0.365332 -0.0
vn 0.947926 0.318491 -0.0
vn 0.930877 0.365332 -0.0
vn 0.911504 0.411292 -0.0
vn 0.911504 0.411292 -0.0
vn 0.889872 0.456211 -0.0
vn 0.889872 0.456211 -0.0
vn 0.866023 0.500003 -0.0
vn 0.866023 0.500003 -0.0
vn 0.840026 0.542546 -0.0
vn 0.840026 0.542546 -0.0
vn 0.811933 0.58375 -0.0
vn 0.811933 0.58375 -0.0
vn 0.781842 0.623477 -0.0
vn 0.781842 0.623477 -0.0
vn 0.749769 0.6617 -0.0
vn 0.749769 0.6617 -0.0
vn 0.715869 0.698234 -0.0
vn 0.715869 0.698234 -0.0
vn 0.680175 0.73305 0.0
vn 0.642797 0.766037 -0.0
vn 0.680175 0.73305 -0.0
vn 0.603791 0.797143 -0.0
vn 0.642797 0.766037 -0.0
vn 0.563343 0.826223 -0.0
vn 0.603791 0.797143 -0.0
vn 0.521429 0.853295 -0.0
vn 0.563343 0.826223 -0.0
vn 0.521429 0.853295 -0.0
vn 0.478242 0.878228 -0.0
vn 0.478242 0.878228 0.0
vn 0.388423 0.921481 -0.0
vn 0.433902 0.90096 -0.0
vn 0.433902 0.90096 0.0
vn 0.388423 0.921481 -0.0
vn 0.342019 0.939693 0.0
vn 0.294742 0.955577 -0.0
vn 0.342019 0.939693 -0.0
vn 0.294742 0.955577 -0.0
vn 0.246768 0.969074 0.0
vn 0.198152 0.980171 -0.0
vn 0.246768 0.969074 -0.0
vn 0.198152 0.980171 -0.0
vn 0.149034 0.988832 0.0
vn 0.099572 0.99503 -0.0
vn 0.149034 0.988832 -0.0
vn 0.099572 0.99503 -0.0
vn 0.049844 0.998757 0.0
vn 0.049844 0.998757 -0.0
vn 0.0 1.0 0.0
vn -0.049844 0.998757 0.0
vn 0.0 1.0 -0.0
vn -0.049844 0.998757 0.0
vn -0.099572 0.99503 0.0
vn -0.099572 0.99503 0.0
vn -0.149034 0.988832 0.0
vn -0.149034 0.988832 0.0
vn -0.198152 0.980171 0.0
vn -0.198152 0.980171 0.0
vn -0.246768 0.969074 0.0
vn -0.246768 0.969074 0.0
vn -0.294742 0.955577 0.0
vn -0.342019 0.939693 0.0
vn -0.294742 0.955577 0.0
vn -0.342019 0.939693 0.0
vn -0.388423 0.921481 0.0
vn -0.388423 0.921481 0.0
vn -0.433902 0.90096 0.0
vn -0.433902 0.90096 0.0
vn -0.521429 0.853295 0.0
vn -0.478242 0.878228 0.0
vn -0.478242 0.878228 0.0
vn -0.521429 0.853295 0.0
vn -0.563343 0.826223 0.0
vn -0.563343 0.826223 0.0
vn -0.642797 0.766037 0.0
vn -0.603791 0.797143 0.0
vn -0.603791 0.797143 0.0
vn -0.642797 0.766037 0.0
vn -0.680175 0.73305 0.0
vn -0.680175 0.73305 0.0
vn -0.715869 0.698234 0.0
vn -0.715869 0.698234 0.0
vn -0.749769 0.6617 0.0
vn -0.749769 0.6617 0.0
vn -0.781842 0.623477 0.0
vn -0.781842 0.623477 0.0
vn -0.811933 0.58375 0.0
vn -0.840026 0.542546 0.0
vn -0.811933 0.58375 0.0
vn -0.840026 0.542546 0.0
vn -0.866023 0.500003 0.0
vn -0.866023 0.500003 0.0
vn -0.889872 0.456211 0.0
vn -0.911504 0.411292 0.0
vn -0.889872 0.456211 0.0
vn -0.911504 0.411292 0.0
vn -0.930877 0.365332 0.0
vn -0.930877 0.365332 0.0
vn -0.947926 0.318491 0.0
vn -0.947926 0.318491 0.0
vn -0.962625 0.270838 0.0
vn -0.962625 0.270838 0.0
vn -0.984808 0.173647 0.0
vn -0.974926 0.22253 0.0
vn -0.974926 0.22253 0.0
vn -0.99224 0.124341 0.0
vn -0.984808 0.173647 0.0
vn -0.997204 0.074729 0.0
vn -0.99224 0.124341 0.0
vn -0.997204 0.074729 0.0
vn -0.999689 0.024931 0.0
vn -0.999689 0.024931 0.0
vn -0.999689 -0.024941 0.0
vn -0.997205 -0.07471 0.0
vn -0.999689 -0.024941 0.0
vn -0.992238 -0.124355 0.0
vn -0.997205 -0.07471 0.0
vn -0.98481 -0.173635 0.0
vn -0.992238 -0.124355 0.0
vn -0.974928 -0.22252 0.0
vn -0.98481 -0.173635 0.0
vn -0.962615 -0.270874 0.0
vn -0.974928 -0.22252 0.0
vn -0.947942 -0.318442 0.0
vn -0.962615 -0.270874 0.0
vn -0.930866 -0.365361 0.0
vn -0.947942 -0.318442 0.0
vn -0.9115 -0.4113 0.0
vn -0.930866 -0.365361 0.0
vn -0.889868 -0.456219 0.0
vn -0.9115 -0.4113 0.0
vn -0.866029 -0.499994 0.0
vn -0.889868 -0.456219 0.0
vn -0.866029 -0.499994 0.0
vn -0.840031 -0.542539 0.0
vn -0.840031 -0.542539 0.0
vn -0.811946 -0.583732 0.0
vn -0.811946 -0.583732 0.0
vn -0.781827 -0.623495 0.0
vn -0.781827 -0.623495 0.0
vn -0.749764 -0.661705 0.0
vn -0.749764 -0.661705 0.0
vn -0.715869 -0.698234 0.0
vn -0.715869 -0.698234 0.0
vn -0.6802 -0.733026 0.0
vn -0.6802 -0.733026 0.0
vn -0.642747 -0.766079 0.0
vn -0.642747 -0.766079 0.0
vn -0.603849 -0.797099 0.0
vn -0.563304 -0.82625 0.0
vn -0.603849 -0.797099 0.0
vn -0.563304 -0.82625 0.0
vn -0.52141 -0.853306 0.0
vn -0.478305 -0.878194 0.0
vn -0.52141 -0.853306 0.0
vn -0.433867 -0.900977 0.0
vn -0.478305 -0.878194 0.0
vn -0.388423 -0.921481 0.0
vn -0.433867 -0.900977 0.0
vn -0.341989 -0.939704 0.0
vn -0.388423 -0.921481 0.0
vn -0.294769 -0.955569 0.0
vn -0.341989 -0.939704 0.0
vn -0.246809 -0.969064 0.0
vn -0.294769 -0.955569 0.0
vn -0.19808 -0.980186 0.0
vn -0.246809 -0.969064 0.0
vn -0.149107 -0.988821 0.0
vn -0.19808 -0.980186 0.0
vn -0.099534 -0.995034 0.0
vn -0.149107 -0.988821 0.0
vn -0.049882 -0.998755 0.0
vn -0.099534 -0.995034 0.0
vn 0.0 -1.0 0.0
vn -0.049882 -0.998755 0.0
vn 0.049882 -0.998755 0.0
vn 0.0 -1.0 0.0
vn 0.099534 -0.995034 0.0
vn 0.049882 -0.998755 0.0
vn 0.14911 -0.988821 0.0
vn 0.099534 -0.995034 0.0
vn 0.198076 -0.980187 0.0
vn 0.14911 -0.988821 0.0
vn 0.198076 -0.980187 0.0
vn 0.246804 -0.969065 0.0
vn 0.246804 -0.969065 0.0
vn 0.294779 -0.955565 0.0
vn 0.294779 -0.955565 0.0
vn 0.341983 -0.939706 0.0
vn 0.388423 -0.921481 0.0
vn 0.341983 -0.939706 0.0
vn 0.433867 -0.900977 0.0
vn 0.388423 -0.921481 0.0
vn 0.478305 -0.878194 0.0
vn 0.433867 -0.900977 0.0
vn 0.521401 -0.853312 0.0
vn 0.478305 -0.878194 0.0
vn 0.563313 -0.826244 0.0
vn 0.521401 -0.853312 0.0
vn 0.603849 -0.797099 0.0
vn 0.563313 -0.826244 0.0
vn 0.642747 -0.766079 0.0
vn 0.603849 -0.797099 0.0
vn 0.642747 -0.766079 0.0
vn 0.71586 -0.698244 0.0
vn 0.6802 -0.733026 0.0
vn 0.6802 -0.733026 0.0
vn 0.749774 -0.661694 0.0
vn 0.71586 -0.698244 0.0
vn 0.781827 -0.623495 0.0
vn 0.749774 -0.661694 0.0
vn 0.811946 -0.583732 0.0
vn 0.781827 -0.623495 0.0
vn 0.840031 -0.542539 0.0
vn 0.811946 -0.583732 0.0
vn 0.840031 -0.542539 0.0
vn 0.866029 -0.499994 0.0
vn 0.866029 -0.499994 0.0
vn 0.889868 -0.456219 0.0
vn 0.889868 -0.456219 0.0
vn 0.9115 -0.4113 0.0
vn 0.930872 -0.365345 0.0
vn 0.9115 -0.4113 0.0
vn 0.930872 -0.365345 0.0
vn 0.947931 -0.318476 0.0
vn 0.947931 -0.318476 0.0
vn 0.962625 -0.270839 0.0
vn 0.974928 -0.22252 0.0
vn 0.962625 -0.270839 0.0
vn 0.974928 -0.22252 0.0
vn 0.984807 -0.173653 0.0
vn 0.99224 -0.124336 0.0
vn 0.984807 -0.173653 0.0
vn 0.997202 -0.074748 0.0
vn 0.99224 -0.124336 0.0
vn 0.999689 -0.024921 0.0
vn 0.997202 -0.074748 0.0
vn 0.999689 -0.024921 0.0
vn 0.999689 0.024921 -0.0
vn 0.999689 0.024921 -0.0
vn 0.997202 0.074748 -0.0
vn 0.997202 0.074748 -0.0
vn 0.99224 0.124336 0.0
vn 0.99224 0.124336 -0.0
vn 0.984807 0.173653 0.0
vn 0.984807 0.173653 -0.0
vn 0.974928 0.22252 0.0
vn 0.962625 0.270839 -0.0
vn 0.974928 0.22252 -0.0
vn 0.962625 0.270839 -0.0
vn 0.947931 0.318476 0.0
vn 0.930872 0.365345 -0.0
vn 0.947931 0.318476 -0.0
vn 0.930872 0.365345 -0.0
vn 0.9115 0.4113 -0.0
vn 0.9115 0.4113 -0.0
vn 0.889868 0.456219 -0.0
vn 0.889868 0.456219 -0.0
vn 0.866029 0.499994 -0.0
vn 0.866029 0.499994 -0.0
vn 0.840031 0.542539 -0.0
vn 0.840031 0.542539 -0.0
vn 0.811946 0.583732 -0.0
vn 0.811946 0.583732 -0.0
vn 0.781827 0.623495 -0.0
vn 0.781827 0.623495 -0.0
vn 0.749774 0.661694 -0.0
vn 0.749774 0.661694 -0.0
vn 0.71586 0.698244 -0.0
vn 0.71586 0.698244 -0.0
vn 0.6802 0.733026 0.0
vn 0.642747 0.766079 -0.0
vn 0.6802 0.733026 -0.0
vn 0.603849 0.797099 -0.0
vn 0.642747 0.766079 -0.0
vn 0.563313 0.826244 -0.0
vn 0.603849 0.797099 -0.0
vn 0.521401 0.853312 -0.0
vn 0.563313 0.826244 -0.0
vn 0.521401 0.853312 -0.0
vn 0.478305 0.878194 -0.0
vn 0.478305 0.878194 0.0
vn 0.388423 0.921481 -0.0
vn 0.433867 0.900977 -0.0
vn 0.433867 0.900977 0.0
vn 0.388423 0.921481 -0.0
vn 0.341983 0.939706 0.0
vn 0.294779 0.955565 -0.0
vn 0.341983 0.939706 -0.0
vn 0.294779 0.955565 -0.0
vn 0.246804 0.969065 0.0
vn 0.198076 0.980187 -0.0
vn 0.246804 0.969065 -0.0
vn 0.198076 0.980187 -0.0
vn 0.14911 0.988821 0.0
vn 0.099534 0.995034 -0.0
vn 0.14911 0.988821 -0.0
vn 0.099534 0.995034 -0.0
vn 0.049882 0.998755 0.0
vn 0.049882 0.998755 -0.0
vn 0.0 1.0 0.0
vn -0.049882 0.998755 0.0
vn 0.0 1.0 -0.0
vn -0.049882 0.998755 0.0
vn -0.099534 0.995034 0.0
vn -0.099534 0.995034 0.0
vn -0.149107 0.988821 0.0
vn -0.149107 0.988821 0.0
vn -0.19808 0.980186 0.0
vn -0.19808 0.980186 0.0
vn -0.246809 0.969064 0.0
vn -0.246809 0.969064 0.0
vn -0.294769 0.955569 0.0
vn -0.341989 0.939704 0.0
vn -0.294769 0.955569 0.0
vn -0.341989 0.939704 0.0
vn -0.388423 0.921481 0.0
vn -0.388423 0.921481 0.0
vn -0.433867 0.900977 0.0
vn -0.433867 0.900977 0.0
vn -0.52141 0.853306 0.0
vn -0.478305 0.878194 0.0
vn -0.478305 0.878194 0.0
vn -0.52141 0.853306 0.0
vn -0.563304 0.82625 0.0
vn -0.563304 0.82625 0.0
vn -0.642747 0.766079 0.0
vn -0.603849 0.797099 0.0
vn -0.603849 0.797099 0.0
vn -0.642747 0.766079 0.0
vn -0.6802 0.733026 0.0
vn -0.6802 0.733026 0.0
vn -0.715869 0.698234 0.0
vn -0.715869 0.698234 0.0
vn -0.749764 0.661705 0.0
vn -0.749764 0.661705 0.0
vn -0.781827 0.623495 0.0
vn -0.781827 0.623495 0.0
vn -0.811946 0.583732 0.0
vn -0.840031 0.542539 0.0
vn -0.811946 0.583732 0.0
vn -0.840031 0.542539 0.0
vn -0.866029 0.499994 0.0
vn -0.866029 0.499994 0.0
vn -0.889868 0.456219 0.0
vn -0.9115 0.4113 0.0
vn -0.889868 0.456219 0.0
vn -0.9115 0.4113 0.0
vn -0.930866 0.365361 0.0
vn -0.930866 0.365361 0.0
vn -0.947942 0.318442 0.0
vn -0.947942 0.318442 0.0
vn -0.962615 0.270874 0.0
vn -0.962615 0.270874 0.0
vn -0.98481 0.173635 0.0
vn -0.974928 0.22252 0.0
vn -0.974928 0.22252 0.0
vn -0.992238 0.124355 0.0
vn -0.98481 0.173635 0.0
vn -0.997205 0.07471 0.0
vn -0.992238 0.124355 0.0
vn -0.997205 0.07471 0.0
vn -0.999689 0.024941 0.0
vn -0.999689 0.024941 0.0
vn -0.707109 0.0 0.707104
vn -0.707109 0.0 0.707104
vn 0.707107 0.0 0.707107
vn 0.707107 0.0 0.707107
vn 0.0 0.0 1.0
vn 0.0 0.0 1.0
vn 1.0 0.0 0.0
vn 1.0 -0.0 0.0
vn 0.707106 0.0 -0.707107
vn 0.707106 0.0 -0.707107
vn 0.707109 0.0 0.707104
vn 0.707109 0.0 0.707104
vn 0.0 0.0 1.0
vn 0.0 -0.0 1.0
vn 0.0 0.0 1.0
vn 0.0 0.0 1.0
vn 0.0 0.0 1.0
vn 0.0 0.0 1.0
vn 0.0 0.0 1.0
vn 0.0 0.0 1.0
vn 0.0 0.0 1.0
vn 0.0 0.0 1.0
vn 0.0 0.0 1.0
vn 0.0 0.0 1.0
vn 0.0 0.0 1.0
vn 0.0 0.0 1.0
vn 0.0 0.0 1.0
vn 0.0 0.0 1.0
vn 0.0 0.0 1.0
vn 0.0 0.0 1.0
vn 0.0 0.0 1.0
vn 0.0 0.0 1.0
vn 0.0 0.0 1.0
vn 0.0 0.0 1.0
vn 0.0 0.0 1.0
vn 0.0 0.0 1.0
vn 0.0 0.0 1.0
vn 0.0 0.0 1.0
vn 0.0 0.0 1.0
vn 0.0 0.0 1.0
vn 0.0 0.0 1.0
vn 0.0 0.0 1.0
vn 0.0 0.0 1.0
vn 0.0 0.0 1.0
vn 0.0 0.0 1.0
vn 0.0 0.0 1.0
vn 0.0 0.0 1.0
vn 0.0 0.0 1.0
vn 0.0 0.0 1.0
vn 0.0 0.0 1.0
vn 0.0 0.0 1.0
vn 0.0 0.0 1.0
vn 0.0 0.0 1.0
vn 0.0 0.0 1.0
vn 0.0 0.0 1.0
vn 0.0 0.0 1.0
vn 0.0 0.0 1.0
vn 0.0 0.0 1.0
vn 0.0 0.0 1.0
vn 0.0 0.0 1.0
vn 0.0 0.0 1.0
vn 0.0 0.0 1.0
vn 0.0 0.0 1.0
vn 0.0 0.0 1.0
vn 0.0 0.0 1.0
vn 0.0 0.0 1.0
vn 0.0 0.0 1.0
vn 0.0 0.0 1.0
vn 0.0 0.0 1.0
vn 0.0 0.0 1.0
vn 0.0 0.0 1.0
vn 0.0 0.0 1.0
vn 0.0 0.0 1.0
vn 0.0 0.0 1.0
vn 0.0 0.0 1.0
vn 0.0 0.0 1.0
vn 0.0 0.0 1.0
vn 0.0 0.0 1.0
vn 0.0 0.0 1.0
vn 0.0 0.0 1.0
vn 0.0 0.0 1.0
vn 0.0 0.0 1.0
vn 0.0 0.0 1.0
vn 0.0 0.0 1.0
vn 0.0 0.0 1.0
vn 0.0 0.0 1.0
vn 0.0 0.0 1.0
vn 0.0 0.0 1.0
vn 0.0 0.0 1.0
vn 0.0 0.0 1.0
vn 0.0 0.0 1.0
vn 0.0 0.0 1.0
vn 0.0 0.0 1.0
vn 0.0 0.0 1.0
vn 0.0 0.0 1.0
vn 0.0 0.0 1.0
vn 0.0 0.0 1.0
vn 0.0 0.0 1.0
vn 0.0 0.0 1.0
vn 0.0 0.0 1.0
vn 0.0 0.0 1.0
vn 0.0 0.0 1.0
vn 0.0 0.0 1.0
vn 0.0 0.0 1.0
vn 0.0 0.0 1.0
vn 0.0 0.0 1.0
vn 0.0 0.0 1.0
vn 0.0 0.0 1.0
vn 0.0 0.0 1.0
vn 0.0 0.0 1.0
vn 0.0 0.0 1.0
vn 0.0 0.0 1.0
vn 0.0 0.0 1.0
vn 0.0 0.0 1.0
vn 0.0 0.0 1.0
vn 0.0 0.0 1.0
vn 0.0 0.0 1.0
vn 0.0 0.0 1.0
vn 0.0 0.0 1.0
vn 0.0 0.0 1.0
vn 0.0 0.0 1.0
vn 0.0 0.0 1.0
vn 0.0 0.0 1.0
vn 0.0 0.0 1.0
vn 0.0 0.0 1.0
vn 0.0 0.0 1.0
vn 0.0 0.0 1.0
vn 0.0 0.0 1.0
vn 0.0 0.0 1.0
vn 0.0 0.0 1.0
vn 0.0 0.0 1.0
vn 0.0 0.0 1.0
vn 0.0 0.0 1.0
vn 0.0 0.0 1.0
vn 0.0 0.0 1.0
vn 0.0 0.0 1.0
vn 0.0 0.0 1.0
vn 0.0 0.0 1.0
vn 0.0 0.0 1.0
vn 0.0 0.0 1.0
vn 0.0 0.0 1.0
vn 0.0 0.0 1.0
vn 0.0 0.0 1.0
vn 0.0 0.0 1.0
vn 0.0 0.0 1.0
vn 0.0 0.0 1.0
vn 0.0 0.0 1.0
vn 0.0 0.0 1.0
vn 0.0 0.0 1.0
vn 0.0 0.0 1.0
vn 0.0 0.0 1.0
vn 0.0 0.0 1.0
vn 0.0 0.0 1.0
vn 0.0 0.0 1.0
vn 0.0 0.0 1.0
vn 0.0 0.0 1.0
vn 0.0 0.0 1.0
vn 0.0 0.0 1.0
vn 0.0 0.0 1.0
vn 0.0 0.0 1.0
vn 0.0 0.0 1.0
vn 0.0 0.0 1.0
vn 0.0 0.0 1.0
vn 0.0 0.0 1.0
vn 0.0 0.0 1.0
vn 0.0 0.0 1.0
vn 0.0 0.0 1.0
vn 0.0 0.0 1.0
vn 0.0 0.0 1.0
vn 0.0 0.0 1.0
vn 0.0 0.0 1.0
vn 0.0 0.0 1.0
vn 0.0 0.0 1.0
vn 0.0 0.0 1.0
vn 0.0 0.0 1.0
vn 0.0 0.0 1.0
vn 0.0 0.0 1.0
vn 0.0 0.0 1.0
vn 0.0 0.0 1.0
vn 0.0 0.0 1.0
vn 0.0 0.0 1.0
vn 0.0 0.0 1.0
vn 0.0 0.0 1.0
vn 0.0 0.0 1.0
vn 0.0 0.0 1.0
vn 0.0 0.0 1.0
vn 0.0 0.0 1.0
vn 0.0 0.0 1.0
vn 0.0 0.0 1.0
vn 0.0 0.0 1.0
vn 0.0 0.0 1.0
vn 0.0 0.0 1.0
vn 0.0 0.0 1.0
vn 0.0 0.0 1.0
vn 0.0 0.0 1.0
vn 0.0 0.0 1.0
vn 0.0 0.0 1.0
vn 0.0 0.0 1.0
vn 0.0 0.0 1.0
vn 0.0 0.0 1.0
vn 0.0 0.0 1.0
vn 0.0 0.0 1.0
vn 0.0 0.0 1.0
vn 0.0 0.0 1.0
vn 0.0 0.0 1.0
vn 0.0 0.0 1.0
vn 0.0 0.0 1.0
vn 0.0 0.0 1.0
vn 0.0 0.0 1.0
vn 0.0 0.0 1.0
vn 0.0 0.0 1.0
vn 0.0 0.0 1.0
vn 0.0 0.0 1.0
vn 0.0 0.0 1.0
vn 0.0 0.0 1.0
vn 0.0 0.0 1.0
vn 0.0 0.0 1.0
vn 0.0 0.0 1.0
vn 0.0 0.0 1.0
vn 0.0 0.0 1.0
vn 0.0 0.0 1.0
vn 0.0 0.0 1.0
vn 0.0 0.0 1.0
vn 0.0 0.0 1.0
vn 0.0 0.0 1.0
vn 0.0 0.0 1.0
vn 0.0 0.0 1.0
vn 0.0 0.0 1.0
vn 0.0 0.0 1.0
vn 0.0 0.0 1.0
vn 0.0 0.0 1.0
vn 0.0 0.0 1.0
vn 0.0 0.0 1.0
vn 0.0 0.0 1.0
vn 0.0 0.0 1.0
vn 0.0 0.0 1.0
vn 0.0 0.0 1.0
vn 0.0 0.0 1.0
vn 0.0 0.0 1.0
vn 0.0 0.0 1.0
vn 0.0 0.0 1.0
vn 0.0 0.0 1.0
vn 0.0 0.0 1.0
vn 0.0 0.0 1.0
vn 0.0 0.0 1.0
vn 0.0 0.0 1.0
vn 0.0 0.0 1.0
vn 0.0 0.0 1.0
vn 0.0 0.0 1.0
vn 0.0 0.0 1.0
vn 0.0 0.0 1.0
vn 0.0 0.0 1.0
vn 0.0 0.0 1.0
vn 0.0 0.0 1.0
vn 0.0 0.0 1.0
vn 0.0 0.0 1.0
vn 0.0 0.0 1.0
vn 0.0 0.0 1.0
vn 0.0 0.0 1.0
vn 0.0 0.0 1.0
vn 0.0 0.0 1.0
vn 0.0 0.0 1.0
vn 0.0 0.0 1.0
vn 0.0 0.0 1.0
vn 0.0 0.0 1.0
vn 0.0 0.0 1.0
vn 0.0 0.0 1.0
vn 0.0 0.0 1.0
vn 0.0 0.0 1.0
vn 0.0 0.0 1.0
vn 0.0 0.0 1.0
vn 0.0 0.0 1.0
vn 0.0 0.0 1.0
vn 0.0 0.0 1.0
vn 0.0 0.0 1.0
vn 0.0 0.0 1.0
vn 0.0 0.0 1.0
vn 0.0 0.0 1.0
vn 0.0 0.0 1.0
vn 0.0 0.0 1.0
vn 0.0 0.0 1.0
vn 0.0 0.0 1.0
vn 0.0 0.0 1.0
vn 0.0 0.0 1.0
vn 0.0 0.0 1.0
vn 0.0 0.0 1.0
vn 0.0 0.0 1.0
vn 0.0 0.0 1.0
vn 0.0 0.0 1.0
vn 0.0 0.0 1.0
vn 0.0 0.0 1.0
vn 0.0 0.0 1.0
vn 0.0 0.0 1.0
vn 0.0 0.0 1.0
vn 0.0 0.0 1.0
vn 0.0 0.0 1.0
vn 0.0 0.0 1.0
vn 0.0 0.0 1.0
vn 0.0 0.0 1.0
vn 0.0 0.0 1.0
vn 0.0 0.0 1.0
vn 0.0 0.0 1.0
vn 0.0 0.0 1.0
vn 0.0 0.0 1.0
vn 0.0 0.0 1.0
vn 0.0 0.0 1.0
vn 0.0 0.0 1.0
vn 0.0 0.0 1.0
vn 0.0 0.0 1.0
vn 0.0 0.0 1.0
vn 0.0 0.0 1.0
vn 0.0 0.0 1.0
vn 0.0 0.0 1.0
vn 0.0 0.0 1.0
vn 0.0 0.0 1.0
vn 0.0 0.0 1.0
vn 0.0 0.0 1.0
vn 0.0 0.0 1.0
vn 0.0 0.0 1.0
vn 0.0 0.0 1.0
vn 0.0 0.0 1.0
vn 0.0 0.0 1.0
vn 0.0 0.0 1.0
vn 0.0 0.0 1.0
vn 0.0 0.0 1.0
vn 0.0 0.0 1.0
vn 0.0 0.0 1.0
vn 0.0 0.0 1.0
vn 0.0 0.0 1.0
vn 0.0 0.0 1.0
vn 0.0 0.0 1.0
vn 0.0 0.0 1.0
vn 0.0 0.0 1.0
vn 0.0 0.0 1.0
vn 0.0 0.0 1.0
vn 0.0 0.0 1.0
vn 0.0 0.0 1.0
vn 0.0 0.0 1.0
vn 0.0 0.0 1.0
vn 0.0 0.0 1.0
vn 0.0 0.0 1.0
vn 0.0 0.0 1.0
vn 0.0 0.0 1.0
vn 0.0 0.0 1.0
vn 0.0 0.0 1.0
vn 0.0 0.0 1.0
vn 0.0 0.0 1.0
vn 0.0 0.0 1.0
vn 0.0 0.0 1.0
vn 0.0 0.0 1.0
vn 0.0 0.0 1.0
vn 0.0 0.0 1.0
vn 0.0 0.0 1.0
vn 0.0 0.0 1.0
vn 0.0 0.0 1.0
vn 0.0 0.0 1.0
vn 0.0 0.0 1.0
vn 0.0 0.0 1.0
vn 0.0 0.0 1.0
vn 0.0 0.0 1.0
vn 0.0 0.0 1.0
vn 0.0 0.0 1.0
vn 0.0 0.0 1.0
vn 0.0 0.0 1.0
vn 0.0 0.0 1.0
vn 0.0 0.0 1.0
vn 0.0 0.0 1.0
vn 0.0 0.0 1.0
vn 0.0 0.0 1.0
vn 0.0 0.0 1.0
vn 0.0 0.0 1.0
vn 0.0 0.0 1.0
vn 0.0 0.0 1.0
vn 0.0 0.0 1.0
vn 0.0 0.0 1.0
vn 0.0 0.0 1.0
vn 0.0 0.0 1.0
vn 0.0 0.0 1.0
vn 0.0 0.0 1.0
vn 0.0 0.0 1.0
vn 0.0 0.0 1.0
vn 0.0 0.0 1.0
vn 0.0 0.0 1.0
vn 0.0 0.0 1.0
vn 0.0 0.0 1.0
vn 0.0 0.0 1.0
vn 0.0 0.0 1.0
vn 0.0 0.0 1.0
vn 0.0 0.0 1.0
vn 0.0 0.0 1.0
vn 0.0 0.0 1.0
vn 0.0 0.0 1.0
vn 0.0 0.0 1.0
vn 0.0 0.0 1.0
vn 0.0 0.0 1.0
vn 0.0 0.0 1.0
vn 0.0 0.0 1.0
vn 0.0 0.0 1.0
vn 0.0 0.0 1.0
vn 0.0 0.0 1.0
vn 0.0 0.0 1.0
vn 0.0 0.0 1.0
vn 0.0 0.0 1.0
vn 0.0 0.0 1.0
vn 0.0 0.0 1.0
vn 0.0 0.0 1.0
vn 0.0 0.0 1.0
vn 0.0 0.0 1.0
vn 0.0 0.0 1.0
vn 0.0 0.0 1.0
vn 0.0 0.0 1.0
vn 0.0 0.0 1.0
vn 0.0 0.0 1.0
vn 0.0 0.0 1.0
vn 0.0 0.0 1.0
vn 0.0 0.0 1.0
vn 0.0 0.0 1.0
vn 0.0 0.0 1.0
vn 0.0 0.0 1.0
vn 0.0 0.0 1.0
vn 0.0 0.0 1.0
vn 0.0 0.0 1.0
vn 0.0 0.0 1.0
vn 0.0 0.0 1.0
vn 0.0 0.0 1.0
vn 0.0 0.0 1.0
vn 0.0 0.0 1.0
vn 0.0 0.0 1.0
vn 0.0 0.0 1.0
vn 0.0 0.0 1.0
vn 0.0 0.0 1.0
vn 0.0 0.0 1.0
vn 0.0 0.0 1.0
vn 0.0 0.0 1.0
vn 0.0 0.0 1.0
vn 0.0 0.0 1.0
vn 0.0 0.0 1.0
vn 0.0 0.0 1.0
vn 0.0 0.0 1.0
vn 0.0 0.0 1.0
vn 0.0 0.0 1.0
vn 0.0 0.0 1.0
vn 0.0 0.0 1.0
vn 0.0 0.0 1.0
vn 0.0 0.0 1.0
vn 0.0 0.0 1.0
vn 0.0 0.0 1.0
vn 0.0 0.0 1.0
vn 0.0 0.0 1.0
vn 0.0 0.0 1.0
vn 0.0 0.0 1.0
vn 0.0 0.0 1.0
vn 0.0 0.0 1.0
vn 0.0 0.0 1.0
vn 0.0 0.0 1.0
vn 0.0 0.0 1.0
vn 0.0 0.0 1.0
vn 0.0 0.0 1.0
vn 0.0 0.0 1.0
vn 0.0 0.0 1.0
vn 0.0 0.0 1.0
vn 0.0 0.0 1.0
vn 0.0 0.0 1.0
vn 0.0 0.0 1.0
vn 0.0 0.0 1.0
vn 0.0 0.0 1.0
vn 0.0 0.0 1.0
vn 0.0 0.0 1.0
vn 0.0 0.0 1.0
vn 0.0 0.0 1.0
vn 0.0 0.0 1.0
vn 0.0 0.0 1.0
vn 0.0 0.0 1.0
vn 0.0 0.0 1.0
vn 0.0 0.0 1.0
vn 0.0 0.0 1.0
vn 0.0 0.0 1.0
vn 0.0 0.0 1.0
vn 0.0 0.0 1.0
vn 0.0 0.0 1.0
vn 0.0 0.0 1.0
vn 0.0 0.0 1.0
vn 0.0 0.0 1.0
vn 0.0 0.0 1.0
vn 0.0 0.0 1.0
vn 0.0 0.0 1.0
vn 0.0 0.0 1.0
vn 0.0 0.0 1.0
vn 0.0 0.0 1.0
vn 0.0 0.0 1.0
vn 0.0 0.0 1.0
vn 0.0 0.0 1.0
vn 0.0 0.0 1.0
vn 0.0 0.0 1.0
vn 0.0 0.0 1.0
vn 0.0 0.0 1.0
vn 0.0 0.0 1.0
vn 0.0 0.0 1.0
vn 0.0 0.0 1.0
vn 0.0 0.0 1.0
vn 0.0 0.0 1.0
vn 0.0 0.0 1.0
vn 0.0 0.0 1.0
vn 0.0 0.0 1.0
vn 0.0 0.0 1.0
vn 0.0 0.0 1.0
vn 0.0 0.0 1.0
vn 0.0 0.0 1.0
vn 0.0 0.0 1.0
vn 0.0 0.0 1.0
vn 0.0 0.0 1.0
vn 0.0 0.0 1.0
vn 0.0 0.0 1.0
vn 0.0 0.0 1.0
vn 0.0 0.0 1.0
vn 0.0 0.0 1.0
vn 0.0 0.0 1.0
vn 0.0 0.0 1.0
vn 0.0 0.0 1.0
vn 0.0 0.0 1.0
vn 0.0 0.0 1.0
vn 0.0 0.0 1.0
vn 0.0 0.0 1.0
vn 0.0 0.0 1.0
vn 0.0 0.0 1.0
vn 0.0 0.0 1.0
vn 0.0 0.0 1.0
vn 0.0 0.0 1.0
vn 0.0 0.0 1.0
vn 0.0 0.0 1.0
vn 0.0 0.0 1.0
vn 0.0 0.0 1.0
vn 0.0 0.0 1.0
vn 0.0 0.0 1.0
vn 0.0 0.0 1.0
vn 0.0 0.0 1.0
vn 0.0 0.0 1.0
vn 0.0 0.0 1.0
vn 0.0 0.0 1.0
vn 0.0 0.0 1.0
vn 0.0 0.0 1.0
vn 0.0 0.0 1.0
vn 0.0 0.0 1.0
vn 0.0 0.0 1.0
vn 0.0 0.0 1.0
vn 0.0 0.0 1.0
vn 0.0 0.0 1.0
vn 0.0 0.0 1.0
vn 0.0 0.0 1.0
vn 0.0 0.0 1.0
vn 0.0 0.0 1.0
vn 0.0 0.0 1.0
vn 0.0 0.0 1.0
vn 0.0 0.0 1.0
vn 0.0 0.0 1.0
vn 0.0 0.0 1.0
vn 0.0 0.0 1.0
vn 0.0 0.0 1.0
vn 0.0 0.0 1.0
vn 0.0 0.0 1.0
vn 0.0 0.0 1.0
vn 0.0 0.0 1.0
vn 0.0 0.0 1.0
vn 0.0 0.0 1.0
vn 0.0 0.0 1.0
vn 0.0 0.0 1.0
vn 0.0 0.0 1.0
vn 0.0 0.0 1.0
vn 0.0 0.0 1.0
vn 0.0 0.0 1.0
vn 0.0 0.0 1.0
vn 0.0 0.0 1.0
vn 0.0 0.0 1.0
vn 0.0 0.0 1.0
vn 0.0 0.0 1.0
vn 0.0 0.0 1.0
vn 0.0 0.0 1.0
vn 0.0 0.0 1.0
vn 0.0 0.0 1.0
vn 0.0 0.0 1.0
vn 0.0 0.0 1.0
vn 0.0 0.0 1.0
vn 0.0 0.0 1.0
vn 0.0 0.0 1.0
vn 0.0 0.0 1.0
vn 0.0 0.0 1.0
vn 0.0 0.0 1.0
vn 0.0 0.0 1.0
vn 0.0 0.0 1.0
vn 0.0 0.0 1.0
vn 0.0 0.0 1.0
vn 0.0 0.0 1.0
vn 0.0 0.0 1.0
vn 0.0 0.0 1.0
vn 0.0 0.0 1.0
vn 0.0 0.0 1.0
vn 0.0 0.0 1.0
vn 0.0 0.0 1.0
vn 0.0 0.0 1.0
vn 0.0 0.0 1.0
vn 0.0 0.0 1.0
vn 0.0 0.0 1.0
vn 0.0 0.0 1.0
vn 0.0 0.0 1.0
vn 0.0 0.0 1.0
vn 0.0 0.0 1.0
vn 0.0 0.0 1.0
vn 0.0 0.0 1.0
vn 0.0 0.0 1.0
vn 0.0 0.0 1.0
vn 0.0 0.0 1.0
vn 0.0 0.0 1.0
vn 0.0 0.0 1.0
vn 0.0 0.0 1.0
vn 0.0 0.0 1.0
vn 0.0 0.0 1.0
vn 0.0 0.0 1.0
vn 0.0 0.0 1.0
vn 0.0 0.0 1.0
vn 0.0 0.0 1.0
vn 0.0 0.0 1.0
vn 0.0 0.0 1.0
vn 0.0 0.0 1.0
vn 0.0 0.0 1.0
vn 0.0 0.0 1.0
vn 0.0 0.0 1.0
vn 0.0 0.0 1.0
vn 0.0 0.0 1.0
vn 0.0 0.0 1.0
vn 0.0 0.0 1.0
vn 0.0 0.0 1.0
vn 0.0 0.0 1.0
vn 0.0 0.0 1.0
vn 0.0 0.0 1.0
vn 0.0 0.0 1.0
vn 0.0 0.0 1.0
vn 0.0 0.0 1.0
vn 0.0 0.0 1.0
vn 0.0 0.0 1.0
vn 0.0 0.0 1.0
vn 0.0 0.0 1.0
vn 0.0 0.0 1.0
vn 0.0 0.0 1.0
vn 0.0 0.0 1.0
vn 0.0 0.0 1.0
vn 0.0 0.0 1.0
vn 0.0 0.0 1.0
vn 0.0 0.0 1.0
vn 0.0 0.0 1.0
vn 0.0 0.0 1.0
vn 0.0 0.0 1.0
vn 0.0 0.0 1.0
vn 0.0 0.0 1.0
vn 0.0 0.0 1.0
vn 0.0 0.0 1.0
vn 0.0 0.0 1.0
vn 0.0 0.0 1.0
vn 0.0 0.0 1.0
vn 0.0 0.0 1.0
vn 0.0 0.0 1.0
vn 0.0 0.0 1.0
vn 0.0 0.0 1.0
vn 0.0 0.0 1.0
vn 0.0 0.0 1.0
vn 0.0 0.0 1.0
vn 0.0 0.0 1.0
vn 0.0 0.0 1.0
vn 0.0 0.0 1.0
vn 0.0 0.0 1.0
vn 0.0 0.0 1.0
vn 0.0 0.0 1.0
vn 0.0 0.0 1.0
vn 0.0 0.0 1.0
vn 0.0 0.0 1.0
vn 0.0 0.0 1.0
vn 0.0 0.0 1.0
vn 0.0 0.0 1.0
vn 0.0 0.0 1.0
vn 0.0 0.0 1.0
vn 0.0 0.0 1.0
vn 0.0 0.0 1.0
vn 0.0 0.0 1.0
vn 0.0 0.0 1.0
vn 0.0 0.0 1.0
vn 0.0 0.0 1.0
vn 0.0 0.0 1.0
vn 0.0 0.0 1.0
vn 0.0 0.0 1.0
vn 0.0 0.0 1.0
vn 0.0 0.0 1.0
vn 0.0 0.0 1.0
vn 0.0 0.0 1.0
vn 0.0 0.0 1.0
vn 0.0 0.0 1.0
vn 0.0 0.0 1.0
vn 0.0 0.0 1.0
vn 0.0 0.0 1.0
vn 0.0 0.0 1.0
vn 0.0 0.0 1.0
vn 0.0 0.0 1.0
vn 0.0 0.0 1.0
vn 0.0 0.0 1.0
vn 0.0 0.0 1.0
vn 0.0 0.0 1.0
vn 0.0 0.0 1.0
vn 0.0 0.0 1.0
vn 0.0 0.0 1.0
vn 0.0 0.0 1.0
vn 0.0 0.0 1.0
vn 0.0 0.0 1.0
vn 0.0 0.0 1.0
vn 0.0 0.0 1.0
vn 0.0 0.0 1.0
vn 0.0 0.0 1.0
vn 0.0 0.0 1.0
vn 0.0 0.0 1.0
vn 0.0 0.0 1.0
vn 0.0 0.0 1.0
vn 0.0 0.0 1.0
vn 0.0 0.0 1.0
vn 0.0 0.0 1.0
vn 0.0 0.0 1.0
vn 0.0 0.0 1.0
vn 0.0 0.0 1.0
vn 0.0 0.0 1.0
vn 0.0 0.0 1.0
vn 0.0 0.0 1.0
vn 0.0 0.0 1.0
vn 0.0 0.0 1.0
vn 0.0 0.0 1.0
vn 0.0 0.0 1.0
vn 0.0 0.0 1.0
vn 0.0 0.0 1.0
vn 0.0 0.0 1.0
vn 0.0 0.0 1.0
vn 0.0 0.0 1.0
vn 0.0 0.0 1.0
vn 0.0 0.0 1.0
vn 0.0 0.0 1.0
vn 0.0 0.0 1.0
vn 0.0 0.0 1.0
vn 0.0 0.0 1.0
vn 0.0 0.0 1.0
vn 0.0 0.0 1.0
vn 0.0 0.0 1.0
vn 0.0 0.0 1.0
vn 0.0 0.0 1.0
vn 0.0 0.0 1.0
vn 0.0 0.0 1.0
vn 0.0 0.0 1.0
vn 0.0 0.0 1.0
vn 0.0 0.0 1.0
vn 0.0 0.0 1.0
vn 0.0 0.0 1.0
vn 0.0 0.0 1.0
vn 0.0 0.0 1.0
vn 0.0 0.0 1.0
vn 0.0 0.0 1.0
vn 0.0 0.0 1.0
vn 0.0 0.0 1.0
vn 0.0 0.0 1.0
vn 0.0 0.0 1.0
vn 0.0 0.0 1.0
vn 0.0 0.0 1.0
vn 0.0 0.0 1.0
vn 0.0 0.0 1.0
vn 0.0 0.0 1.0
vn 0.0 0.0 1.0
vn 0.0 0.0 1.0
vn 0.0 0.0 1.0
f 1//1 2//1 3//1 
f 1//2 3//2 4//2 
f 5//3 6//3 3//3 
f 2//4 5//4 3//4 
f 7//5 8//5 9//5 
f 10//6 11//6 8//6 
f 10//7 8//7 7//7 
f 409//8 12//8 13//8 
f 5//9 12//9 409//9 
f 2//10 12//10 5//10 
f 1//11 10//11 12//11 
f 1//12 11//12 10//12 
f 1//13 12//13 2//13 
f 11//14 14//14 15//14 
f 16//15 11//15 1//15 
f 17//16 18//16 16//16 
f 4//17 16//17 1//17 
f 18//18 14//18 11//18 
f 18//19 11//19 16//19 
f 19//20 410//20 20//20 
f 6//21 410//21 19//21 
f 3//22 6//22 19//22 
f 4//23 3//23 19//23 
f 21//24 22//24 23//24 
f 21//25 23//25 24//25 
f 21//26 4//26 19//26 
f 16//27 21//27 24//27 
f 16//28 4//28 21//28 
f 6//29 5//29 410//29 
f 410//30 5//30 409//30 
f 25//31 26//31 27//31 
f 28//32 27//32 29//32 
f 30//33 29//33 27//33 
f 31//34 27//34 28//34 
f 32//35 30//35 27//35 
f 33//36 27//36 31//36 
f 34//37 32//37 27//37 
f 35//38 27//38 33//38 
f 36//39 34//39 27//39 
f 37//40 27//40 35//40 
f 38//41 36//41 27//41 
f 39//42 27//42 37//42 
f 40//43 38//43 27//43 
f 41//44 27//44 39//44 
f 41//45 25//45 27//45 
f 42//46 40//46 27//46 
f 43//47 25//47 41//47 
f 44//48 42//48 27//48 
f 45//49 25//49 43//49 
f 46//50 44//50 27//50 
f 47//51 25//51 45//51 
f 48//52 46//52 27//52 
f 49//53 25//53 47//53 
f 50//54 48//54 27//54 
f 51//55 25//55 49//55 
f 52//56 25//56 51//56 
f 53//57 25//57 52//57 
f 54//58 25//58 53//58 
f 55//59 25//59 54//59 
f 56//60 25//60 55//60 
f 57//61 25//61 56//61 
f 58//62 25//62 57//62 
f 59//63 25//63 58//63 
f 60//64 25//64 59//64 
f 61//65 25//65 60//65 
f 62//66 25//66 61//66 
f 63//67 25//67 62//67 
f 64//68 25//68 63//68 
f 65//69 25//69 66//69 
f 67//70 66//70 25//70 
f 68//71 25//71 65//71 
f 69//72 67//72 25//72 
f 70//73 25//73 68//73 
f 17//74 71//74 50//74 
f 17//75 72//75 71//75 
f 17//76 73//76 72//76 
f 17//77 74//77 73//77 
f 17//78 75//78 74//78 
f 17//79 76//79 75//79 
f 17//80 77//80 76//80 
f 17//81 78//81 77//81 
f 17//82 79//82 78//82 
f 17//83 80//83 79//83 
f 17//84 81//84 80//84 
f 17//85 82//85 81//85 
f 17//86 83//86 82//86 
f 17//87 84//87 83//87 
f 17//88 85//88 84//88 
f 17//89 86//89 85//89 
f 17//90 87//90 86//90 
f 17//91 88//91 87//91 
f 17//92 89//92 88//92 
f 17//93 90//93 89//93 
f 17//94 91//94 90//94 
f 17//95 92//95 91//95 
f 17//96 93//96 92//96 
f 17//97 50//97 27//97 
f 94//98 69//98 25//98 
f 95//99 25//99 70//99 
f 96//100 94//100 25//100 
f 97//101 25//101 95//101 
f 98//102 96//102 25//102 
f 99//103 25//103 97//103 
f 100//104 98//104 25//104 
f 101//105 93//105 17//105 
f 102//106 100//106 25//106 
f 103//107 102//107 25//107 
f 104//108 101//108 17//108 
f 105//109 103//109 25//109 
f 106//110 105//110 25//110 
f 107//111 104//111 17//111 
f 108//112 106//112 25//112 
f 109//113 108//113 25//113 
f 110//114 107//114 17//114 
f 111//115 109//115 25//115 
f 112//116 111//116 25//116 
f 113//117 110//117 17//117 
f 114//118 112//118 25//118 
f 115//119 113//119 17//119 
f 116//120 114//120 25//120 
f 117//121 116//121 25//121 
f 118//122 117//122 25//122 
f 118//123 64//123 119//123 
f 118//124 25//124 64//124 
f 120//125 118//125 119//125 
f 120//126 119//126 121//126 
f 122//127 120//127 121//127 
f 122//128 121//128 123//128 
f 124//129 122//129 123//129 
f 124//130 123//130 125//130 
f 126//131 125//131 127//131 
f 126//132 124//132 125//132 
f 128//133 127//133 129//133 
f 128//134 126//134 127//134 
f 130//135 128//135 129//135 
f 130//136 129//136 131//136 
f 132//137 130//137 131//137 
f 132//138 131//138 133//138 
f 134//139 133//139 135//139 
f 134//140 132//140 133//140 
f 136//141 135//141 137//141 
f 136//142 134//142 135//142 
f 138//143 136//143 137//143 
f 138//144 137//144 139//144 
f 140//145 138//145 139//145 
f 140//146 139//146 141//146 
f 142//147 141//147 143//147 
f 142//148 140//148 141//148 
f 144//149 143//149 145//149 
f 144//150 142//150 143//150 
f 146//151 145//151 147//151 
f 146//152 144//152 145//152 
f 148//153 146//153 147//153 
f 148//154 147//154 149//154 
f 150//155 148//155 149//155 
f 150//156 149//156 151//156 
f 152//157 151//157 153//157 
f 152//158 150//158 151//158 
f 154//159 152//159 153//159 
f 154//160 153//160 155//160 
f 156//161 155//161 157//161 
f 156//162 154//162 155//162 
f 158//163 157//163 159//163 
f 158//164 156//164 157//164 
f 160//165 159//165 161//165 
f 160//166 158//166 159//166 
f 162//167 160//167 161//167 
f 162//168 161//168 163//168 
f 164//169 162//169 163//169 
f 164//170 163//170 165//170 
f 166//171 164//171 165//171 
f 166//172 165//172 167//172 
f 168//173 167//173 169//173 
f 168//174 166//174 167//174 
f 170//175 168//175 169//175 
f 171//176 172//176 173//176 
f 171//177 174//177 172//177 
f 171//178 175//178 174//178 
f 171//179 176//179 175//179 
f 171//180 177//180 176//180 
f 171//181 178//181 177//181 
f 171//182 179//182 178//182 
f 171//183 180//183 179//183 
f 171//184 181//184 180//184 
f 171//185 182//185 181//185 
f 171//186 183//186 182//186 
f 171//187 184//187 183//187 
f 171//188 185//188 184//188 
f 171//189 186//189 185//189 
f 171//190 187//190 186//190 
f 171//191 188//191 187//191 
f 171//192 189//192 188//192 
f 171//193 190//193 189//193 
f 171//194 191//194 190//194 
f 171//195 192//195 191//195 
f 171//196 193//196 192//196 
f 171//197 194//197 193//197 
f 171//198 195//198 194//198 
f 171//199 196//199 195//199 
f 171//200 197//200 196//200 
f 171//201 198//201 197//201 
f 24//202 199//202 200//202 
f 24//203 201//203 199//203 
f 24//204 202//204 201//204 
f 24//205 203//205 202//205 
f 24//206 204//206 203//206 
f 24//207 205//207 204//207 
f 24//208 170//208 169//208 
f 24//209 206//209 205//209 
f 24//210 207//210 206//210 
f 24//211 208//211 207//211 
f 24//212 209//212 208//212 
f 24//213 210//213 209//213 
f 24//214 211//214 210//214 
f 24//215 212//215 211//215 
f 24//216 213//216 212//216 
f 24//217 214//217 213//217 
f 24//218 215//218 214//218 
f 24//219 216//219 215//219 
f 24//220 217//220 216//220 
f 24//221 218//221 217//221 
f 24//222 219//222 220//222 
f 24//223 221//223 218//223 
f 24//224 222//224 219//224 
f 24//225 223//225 221//225 
f 24//226 224//226 222//226 
f 24//227 225//227 223//227 
f 24//228 226//228 224//228 
f 24//229 227//229 225//229 
f 24//230 228//230 226//230 
f 24//231 229//231 227//231 
f 24//232 200//232 228//232 
f 24//233 230//233 229//233 
f 24//234 231//234 230//234 
f 24//235 232//235 231//235 
f 24//236 169//236 232//236 
f 24//237 233//237 170//237 
f 16//238 115//238 17//238 
f 16//239 220//239 115//239 
f 16//240 24//240 220//240 
f 234//241 235//241 171//241 
f 236//242 237//242 238//242 
f 239//243 240//243 237//243 
f 239//244 237//244 236//244 
f 241//245 238//245 242//245 
f 241//246 236//246 238//246 
f 243//247 240//247 239//247 
f 243//248 244//248 240//248 
f 245//249 241//249 242//249 
f 245//250 242//250 246//250 
f 247//251 244//251 243//251 
f 247//252 248//252 244//252 
f 249//253 245//253 246//253 
f 249//254 246//254 250//254 
f 251//255 248//255 247//255 
f 251//256 252//256 248//256 
f 253//257 249//257 250//257 
f 253//258 250//258 254//258 
f 255//259 252//259 251//259 
f 255//260 256//260 252//260 
f 257//261 253//261 254//261 
f 257//262 254//262 258//262 
f 259//263 256//263 255//263 
f 259//264 173//264 256//264 
f 260//265 257//265 258//265 
f 260//266 258//266 261//266 
f 262//267 173//267 259//267 
f 262//268 171//268 173//268 
f 263//269 260//269 261//269 
f 263//270 261//270 264//270 
f 265//271 171//271 262//271 
f 266//272 263//272 264//272 
f 266//273 264//273 267//273 
f 268//274 171//274 265//274 
f 269//275 266//275 267//275 
f 269//276 267//276 270//276 
f 271//277 171//277 268//277 
f 272//278 269//278 270//278 
f 272//279 270//279 273//279 
f 274//280 171//280 271//280 
f 275//281 273//281 276//281 
f 275//282 272//282 273//282 
f 277//283 171//283 274//283 
f 278//284 276//284 279//284 
f 278//285 275//285 276//285 
f 280//286 171//286 277//286 
f 281//287 279//287 282//287 
f 281//288 278//288 279//288 
f 283//289 171//289 280//289 
f 284//290 281//290 282//290 
f 284//291 282//291 285//291 
f 286//292 171//292 283//292 
f 287//293 284//293 285//293 
f 287//294 285//294 288//294 
f 289//295 171//295 286//295 
f 290//296 288//296 291//296 
f 290//297 287//297 288//297 
f 292//298 171//298 289//298 
f 293//299 171//299 292//299 
f 294//300 171//300 293//300 
f 295//301 171//301 294//301 
f 296//302 171//302 295//302 
f 297//303 234//303 171//303 
f 297//304 171//304 296//304 
f 298//305 234//305 297//305 
f 299//306 234//306 298//306 
f 300//307 234//307 299//307 
f 301//308 234//308 300//308 
f 302//309 234//309 301//309 
f 303//310 234//310 302//310 
f 304//311 234//311 303//311 
f 305//312 234//312 304//312 
f 306//313 234//313 305//313 
f 307//314 234//314 306//314 
f 308//315 234//315 307//315 
f 309//316 234//316 308//316 
f 310//317 234//317 309//317 
f 311//318 234//318 310//318 
f 312//319 234//319 311//319 
f 8//320 233//320 24//320 
f 8//321 313//321 314//321 
f 8//322 315//322 313//322 
f 8//323 316//323 315//323 
f 8//324 317//324 316//324 
f 8//325 318//325 317//325 
f 8//326 291//326 318//326 
f 8//327 290//327 291//327 
f 8//328 319//328 290//328 
f 8//329 320//329 319//329 
f 8//330 321//330 320//330 
f 8//331 322//331 321//331 
f 8//332 323//332 233//332 
f 8//333 324//333 322//333 
f 8//334 314//334 323//334 
f 8//335 325//335 324//335 
f 8//336 326//336 325//336 
f 8//337 327//337 326//337 
f 8//338 328//338 327//338 
f 8//339 329//339 328//339 
f 8//340 330//340 329//340 
f 8//341 331//341 330//341 
f 8//342 332//342 331//342 
f 8//343 333//343 332//343 
f 8//344 334//344 333//344 
f 8//345 335//345 334//345 
f 8//346 336//346 335//346 
f 8//347 337//347 336//347 
f 8//348 338//348 337//348 
f 8//349 339//349 338//349 
f 8//350 340//350 339//350 
f 341//351 234//351 312//351 
f 342//352 340//352 8//352 
f 343//353 234//353 341//353 
f 344//354 342//354 8//354 
f 345//355 234//355 343//355 
f 346//356 344//356 8//356 
f 347//357 234//357 345//357 
f 348//358 346//358 8//358 
f 349//359 234//359 347//359 
f 350//360 348//360 8//360 
f 351//361 234//361 349//361 
f 352//362 350//362 8//362 
f 353//363 234//363 351//363 
f 354//364 352//364 8//364 
f 355//365 354//365 8//365 
f 356//366 355//366 8//366 
f 357//367 356//367 8//367 
f 11//368 358//368 357//368 
f 11//369 359//369 358//369 
f 11//370 360//370 359//370 
f 11//371 357//371 8//371 
f 15//372 360//372 11//372 
f 15//373 361//373 360//373 
f 15//374 362//374 361//374 
f 15//375 363//375 362//375 
f 15//376 364//376 363//376 
f 15//377 365//377 364//377 
f 15//378 366//378 365//378 
f 15//379 367//379 366//379 
f 15//380 368//380 367//380 
f 15//381 369//381 368//381 
f 15//382 370//382 369//382 
f 15//383 371//383 370//383 
f 15//384 372//384 371//384 
f 15//385 373//385 372//385 
f 15//386 374//386 373//386 
f 15//387 375//387 374//387 
f 15//388 234//388 353//388 
f 15//389 376//389 375//389 
f 15//390 377//390 376//390 
f 15//391 378//391 377//391 
f 15//392 379//392 378//392 
f 15//393 380//393 379//393 
f 15//394 381//394 380//394 
f 15//395 382//395 381//395 
f 15//396 383//396 382//396 
f 15//397 384//397 383//397 
f 15//398 385//398 384//398 
f 15//399 386//399 385//399 
f 15//400 387//400 386//400 
f 15//401 388//401 387//401 
f 15//402 389//402 388//402 
f 15//403 390//403 389//403 
f 15//404 391//404 390//404 
f 15//405 353//405 391//405 
f 171//406 25//406 392//406 
f 392//407 25//407 393//407 
f 393//408 25//408 394//408 
f 394//409 25//409 395//409 
f 395//410 25//410 396//410 
f 396//411 25//411 397//411 
f 397//412 25//412 398//412 
f 398//413 25//413 399//413 
f 399//414 25//414 400//414 
f 400//415 25//415 401//415 
f 401//416 25//416 99//416 
f 171//417 392//417 402//417 
f 171//418 402//418 403//418 
f 171//419 403//419 404//419 
f 171//420 404//420 405//420 
f 171//421 405//421 406//421 
f 171//422 406//422 407//422 
f 171//423 407//423 408//423 
f 171//424 408//424 198//424 
f 8//425 24//425 9//425 
f 24//426 23//426 9//426 
f 22//427 7//427 23//427 
f 23//428 7//428 9//428 
f 7//429 22//429 21//429 
f 10//430 7//430 21//430 
f 21//431 19//431 10//431 
f 10//432 19//432 12//432 
f 13//433 12//433 20//433 
f 20//434 12//434 19//434 
f 13//435 20//435 409//435 
f 20//436 410//436 409//436 
f 18//437 17//437 411//437 
f 411//438 17//438 27//438 
f 411//439 412//439 413//439 
f 413//440 414//440 411//440 
f 411//441 415//441 412//441 
f 414//442 416//442 411//442 
f 411//443 417//443 415//443 
f 416//444 418//444 411//444 
f 411//445 419//445 417//445 
f 418//446 420//446 411//446 
f 411//447 421//447 419//447 
f 420//448 422//448 411//448 
f 411//449 423//449 421//449 
f 422//450 424//450 411//450 
f 411//451 425//451 423//451 
f 424//452 426//452 411//452 
f 411//453 427//453 425//453 
f 426//454 428//454 411//454 
f 411//455 429//455 427//455 
f 428//456 430//456 411//456 
f 411//457 431//457 429//457 
f 430//458 432//458 411//458 
f 411//459 433//459 431//459 
f 411//460 434//460 433//460 
f 411//461 435//461 434//461 
f 411//462 436//462 435//462 
f 411//463 437//463 436//463 
f 411//464 438//464 437//464 
f 411//465 439//465 438//465 
f 411//466 440//466 439//466 
f 441//467 18//467 442//467 
f 443//468 18//468 441//468 
f 444//469 18//469 443//469 
f 445//470 18//470 444//470 
f 446//471 18//471 445//471 
f 447//472 18//472 446//472 
f 448//473 18//473 447//473 
f 449//474 18//474 448//474 
f 450//475 18//475 449//475 
f 451//476 18//476 450//476 
f 452//477 18//477 451//477 
f 453//478 18//478 452//478 
f 454//479 18//479 453//479 
f 455//480 18//480 454//480 
f 456//481 18//481 455//481 
f 457//482 18//482 456//482 
f 458//483 18//483 457//483 
f 459//484 18//484 458//484 
f 460//485 18//485 459//485 
f 461//486 18//486 460//486 
f 462//487 18//487 461//487 
f 432//488 18//488 411//488 
f 463//489 18//489 432//489 
f 464//490 18//490 463//490 
f 465//491 18//491 464//491 
f 466//492 18//492 465//492 
f 467//493 18//493 466//493 
f 468//494 18//494 467//494 
f 442//495 18//495 468//495 
f 462//496 469//496 18//496 
f 469//497 470//497 18//497 
f 470//498 471//498 18//498 
f 471//499 472//499 18//499 
f 472//500 473//500 18//500 
f 473//501 474//501 18//501 
f 474//502 475//502 18//502 
f 475//503 476//503 18//503 
f 476//504 477//504 18//504 
f 477//505 478//505 18//505 
f 478//506 479//506 18//506 
f 479//507 480//507 18//507 
f 480//508 481//508 18//508 
f 481//509 482//509 18//509 
f 482//510 483//510 18//510 
f 483//511 484//511 18//511 
f 484//512 485//512 18//512 
f 485//513 486//513 18//513 
f 486//514 487//514 18//514 
f 411//515 488//515 489//515 
f 489//516 490//516 411//516 
f 411//517 491//517 488//517 
f 490//518 492//518 411//518 
f 411//519 493//519 491//519 
f 492//520 494//520 411//520 
f 411//521 495//521 493//521 
f 494//522 496//522 411//522 
f 411//523 497//523 495//523 
f 496//524 498//524 411//524 
f 411//525 499//525 497//525 
f 498//526 500//526 411//526 
f 411//527 501//527 499//527 
f 500//528 502//528 411//528 
f 411//529 503//529 501//529 
f 502//530 504//530 411//530 
f 411//531 505//531 503//531 
f 504//532 506//532 411//532 
f 411//533 507//533 505//533 
f 411//534 508//534 440//534 
f 506//535 508//535 411//535 
f 411//536 509//536 507//536 
f 508//537 510//537 440//537 
f 440//538 510//538 511//538 
f 411//539 512//539 509//539 
f 511//540 513//540 514//540 
f 510//541 513//541 511//541 
f 411//542 515//542 512//542 
f 514//543 516//543 517//543 
f 513//544 516//544 514//544 
f 411//545 518//545 515//545 
f 517//546 519//546 520//546 
f 516//547 519//547 517//547 
f 411//548 521//548 518//548 
f 519//549 522//549 520//549 
f 520//550 522//550 523//550 
f 523//551 524//551 525//551 
f 522//552 524//552 523//552 
f 525//553 526//553 527//553 
f 524//554 526//554 525//554 
f 527//555 528//555 529//555 
f 526//556 528//556 527//556 
f 528//557 530//557 529//557 
f 529//558 530//558 531//558 
f 530//559 532//559 531//559 
f 531//560 532//560 533//560 
f 532//561 534//561 533//561 
f 533//562 534//562 535//562 
f 534//563 536//563 535//563 
f 535//564 536//564 537//564 
f 536//565 538//565 537//565 
f 537//566 538//566 539//566 
f 538//567 540//567 539//567 
f 539//568 540//568 541//568 
f 540//569 542//569 541//569 
f 541//570 542//570 543//570 
f 542//571 544//571 543//571 
f 543//572 544//572 545//572 
f 544//573 546//573 545//573 
f 545//574 546//574 547//574 
f 546//575 548//575 547//575 
f 547//576 548//576 549//576 
f 549//577 550//577 551//577 
f 548//578 550//578 549//578 
f 550//579 552//579 551//579 
f 551//580 552//580 553//580 
f 552//581 554//581 553//581 
f 553//582 554//582 555//582 
f 555//583 556//583 557//583 
f 554//584 556//584 555//584 
f 557//585 558//585 559//585 
f 556//586 558//586 557//586 
f 559//587 560//587 561//587 
f 558//588 560//588 559//588 
f 561//589 562//589 563//589 
f 560//590 562//590 561//590 
f 563//591 564//591 565//591 
f 562//592 564//592 563//592 
f 565//593 566//593 567//593 
f 564//594 566//594 565//594 
f 566//595 568//595 567//595 
f 567//596 568//596 569//596 
f 569//597 570//597 571//597 
f 568//598 570//598 569//598 
f 570//599 572//599 571//599 
f 571//600 572//600 573//600 
f 572//601 574//601 573//601 
f 573//602 574//602 575//602 
f 575//603 576//603 577//603 
f 574//604 576//604 575//604 
f 577//605 578//605 579//605 
f 576//606 578//606 577//606 
f 578//607 580//607 579//607 
f 579//608 580//608 581//608 
f 580//609 582//609 581//609 
f 581//610 582//610 583//610 
f 582//611 584//611 583//611 
f 583//612 584//612 585//612 
f 584//613 586//613 585//613 
f 587//614 588//614 589//614 
f 590//615 588//615 587//615 
f 591//616 588//616 590//616 
f 592//617 588//617 591//617 
f 593//618 588//618 592//618 
f 594//619 588//619 593//619 
f 595//620 588//620 594//620 
f 596//621 588//621 595//621 
f 597//622 588//622 596//622 
f 598//623 588//623 597//623 
f 599//624 588//624 598//624 
f 600//625 588//625 599//625 
f 601//626 588//626 600//626 
f 602//627 588//627 601//627 
f 603//628 588//628 602//628 
f 604//629 588//629 603//629 
f 605//630 588//630 604//630 
f 606//631 588//631 605//631 
f 607//632 588//632 606//632 
f 608//633 588//633 607//633 
f 609//634 588//634 608//634 
f 610//635 588//635 609//635 
f 611//636 588//636 610//636 
f 612//637 588//637 611//637 
f 613//638 588//638 612//638 
f 614//639 588//639 613//639 
f 615//640 588//640 614//640 
f 521//641 588//641 615//641 
f 411//642 588//642 521//642 
f 616//643 617//643 618//643 
f 616//644 619//644 617//644 
f 620//645 619//645 616//645 
f 617//646 621//646 618//646 
f 618//647 621//647 622//647 
f 623//648 624//648 620//648 
f 620//649 624//649 619//649 
f 622//650 625//650 626//650 
f 621//651 625//651 622//651 
f 627//652 628//652 623//652 
f 623//653 628//653 624//653 
f 625//654 629//654 626//654 
f 626//655 629//655 630//655 
f 631//656 632//656 627//656 
f 627//657 632//657 628//657 
f 629//658 633//658 630//658 
f 630//659 633//659 634//659 
f 635//660 636//660 631//660 
f 631//661 636//661 632//661 
f 633//662 637//662 634//662 
f 634//663 637//663 638//663 
f 639//664 640//664 635//664 
f 635//665 640//665 636//665 
f 637//666 641//666 638//666 
f 638//667 641//667 642//667 
f 639//668 643//668 640//668 
f 644//669 643//669 639//669 
f 641//670 645//670 642//670 
f 642//671 645//671 646//671 
f 644//672 647//672 643//672 
f 648//673 647//673 644//673 
f 645//674 649//674 646//674 
f 646//675 649//675 650//675 
f 648//676 651//676 647//676 
f 652//677 651//677 648//677 
f 649//678 653//678 650//678 
f 650//679 653//679 654//679 
f 652//680 655//680 651//680 
f 656//681 655//681 652//681 
f 653//682 657//682 654//682 
f 654//683 657//683 658//683 
f 656//684 659//684 655//684 
f 660//685 659//685 656//685 
f 657//686 661//686 658//686 
f 658//687 661//687 662//687 
f 660//688 663//688 659//688 
f 664//689 663//689 660//689 
f 661//690 665//690 662//690 
f 662//691 665//691 666//691 
f 664//692 667//692 663//692 
f 589//693 667//693 664//693 
f 665//694 668//694 666//694 
f 666//695 668//695 669//695 
f 589//696 670//696 667//696 
f 588//697 670//697 589//697 
f 668//698 671//698 669//698 
f 669//699 671//699 672//699 
f 588//700 673//700 670//700 
f 672//701 674//701 675//701 
f 671//702 674//702 672//702 
f 588//703 676//703 673//703 
f 675//704 677//704 678//704 
f 674//705 677//705 675//705 
f 588//706 679//706 676//706 
f 678//707 680//707 681//707 
f 677//708 680//708 678//708 
f 588//709 682//709 679//709 
f 681//710 683//710 684//710 
f 680//711 683//711 681//711 
f 588//712 685//712 682//712 
f 684//713 686//713 687//713 
f 683//714 686//714 684//714 
f 588//715 688//715 685//715 
f 686//716 689//716 687//716 
f 687//717 689//717 690//717 
f 588//718 691//718 688//718 
f 690//719 692//719 693//719 
f 689//720 692//720 690//720 
f 588//721 694//721 691//721 
f 586//722 695//722 585//722 
f 585//723 695//723 696//723 
f 693//724 695//724 586//724 
f 692//725 695//725 693//725 
f 588//726 697//726 694//726 
f 695//727 698//727 696//727 
f 588//728 699//728 697//728 
f 700//729 701//729 702//729 
f 696//730 701//730 700//730 
f 698//731 701//731 696//731 
f 588//732 703//732 699//732 
f 701//733 704//733 702//733 
f 702//734 704//734 705//734 
f 588//735 706//735 703//735 
f 704//736 707//736 705//736 
f 588//737 708//737 706//737 
f 705//738 709//738 710//738 
f 707//739 709//739 705//739 
f 588//740 711//740 708//740 
f 712//741 713//741 714//741 
f 710//742 713//742 712//742 
f 709//743 713//743 710//743 
f 588//744 715//744 711//744 
f 713//745 716//745 714//745 
f 588//746 717//746 715//746 
f 714//747 718//747 719//747 
f 716//748 718//748 714//748 
f 588//749 720//749 717//749 
f 719//750 721//750 722//750 
f 718//751 721//751 719//751 
f 588//752 723//752 720//752 
f 722//753 724//753 725//753 
f 721//754 724//754 722//754 
f 588//755 726//755 723//755 
f 727//756 728//756 729//756 
f 725//757 728//757 727//757 
f 724//758 728//758 725//758 
f 588//759 730//759 726//759 
f 728//760 731//760 729//760 
f 588//761 732//761 730//761 
f 729//762 733//762 734//762 
f 731//763 733//763 729//763 
f 588//764 735//764 732//764 
f 588//765 736//765 735//765 
f 588//766 737//766 736//766 
f 588//767 738//767 737//767 
f 588//768 739//768 738//768 
f 588//769 740//769 739//769 
f 588//770 741//770 740//770 
f 588//771 742//771 741//771 
f 487//772 14//772 18//772 
f 743//773 14//773 487//773 
f 734//774 14//774 743//774 
f 733//775 14//775 734//775 
f 744//776 14//776 745//776 
f 588//777 14//777 742//777 
f 746//778 14//778 744//778 
f 747//779 14//779 746//779 
f 748//780 14//780 747//780 
f 749//781 14//781 748//781 
f 750//782 14//782 749//782 
f 751//783 14//783 750//783 
f 752//784 14//784 751//784 
f 753//785 14//785 752//785 
f 754//786 14//786 753//786 
f 755//787 14//787 754//787 
f 756//788 14//788 755//788 
f 757//789 14//789 756//789 
f 758//790 14//790 733//790 
f 759//791 14//791 757//791 
f 760//792 14//792 758//792 
f 761//793 14//793 759//793 
f 762//794 14//794 760//794 
f 763//795 14//795 761//795 
f 764//796 14//796 762//796 
f 765//797 14//797 763//797 
f 766//798 14//798 764//798 
f 767//799 14//799 765//799 
f 768//800 14//800 766//800 
f 769//801 14//801 767//801 
f 770//802 14//802 768//802 
f 771//803 14//803 769//803 
f 772//804 14//804 770//804 
f 773//805 14//805 771//805 
f 774//806 14//806 772//806 
f 775//807 14//807 773//807 
f 776//808 14//808 774//808 
f 777//809 14//809 775//809 
f 778//810 14//810 776//810 
f 779//811 14//811 777//811 
f 745//812 14//812 778//812 
f 780//813 14//813 779//813 
f 781//814 14//814 780//814 
f 782//815 14//815 781//815 
f 783//816 14//816 782//816 
f 784//817 14//817 783//817 
f 785//818 14//818 784//818 
f 786//819 14//819 785//819 
f 787//820 14//820 786//820 
f 788//821 14//821 787//821 
f 789//822 14//822 788//822 
f 790//823 14//823 789//823 
f 742//824 14//824 790//824 
f 15//825 14//825 588//825 
f 15//826 588//826 234//826 
f 235//827 234//827 588//827 
f 26//828 791//828 792//828 
f 26//829 792//829 235//829 
f 411//830 27//830 26//830 
f 588//831 411//831 26//831 
f 588//832 26//832 235//832 
f 793//833 794//833 1562//833 
f 793//834 1562//834 795//834 
f 793//835 795//835 791//835 
f 796//836 791//836 26//836 
f 796//837 793//837 791//837 
f 25//838 797//838 798//838 
f 25//839 798//839 796//839 
f 25//840 796//840 26//840 
f 25//841 171//841 799//841 
f 797//842 25//842 799//842 
f 800//843 171//843 235//843 
f 801//844 799//844 171//844 
f 801//845 171//845 800//845 
f 792//846 800//846 235//846 
f 802//847 792//847 803//847 
f 802//848 800//848 792//848 
f 804//849 802//849 803//849 
f 805//850 802//850 804//850 
f 806//851 807//851 200//851 
f 806//852 200//852 199//852 
f 808//853 199//853 201//853 
f 808//854 806//854 199//854 
f 809//855 201//855 202//855 
f 809//856 808//856 201//856 
f 810//857 202//857 203//857 
f 810//858 809//858 202//858 
f 811//859 203//859 204//859 
f 811//860 810//860 203//860 
f 812//861 204//861 205//861 
f 812//862 811//862 204//862 
f 813//863 205//863 206//863 
f 813//864 812//864 205//864 
f 814//865 206//865 207//865 
f 814//866 813//866 206//866 
f 815//867 207//867 208//867 
f 815//868 814//868 207//868 
f 816//869 208//869 209//869 
f 816//870 815//870 208//870 
f 817//871 816//871 209//871 
f 817//872 209//872 210//872 
f 818//873 817//873 210//873 
f 818//874 210//874 211//874 
f 819//875 818//875 211//875 
f 819//876 211//876 212//876 
f 819//877 212//877 213//877 
f 820//878 819//878 213//878 
f 820//879 213//879 214//879 
f 821//880 820//880 214//880 
f 822//881 821//881 214//881 
f 822//882 214//882 215//882 
f 822//883 215//883 216//883 
f 823//884 822//884 216//884 
f 824//885 216//885 217//885 
f 824//886 823//886 216//886 
f 825//887 217//887 218//887 
f 825//888 824//888 217//888 
f 826//889 218//889 221//889 
f 826//890 825//890 218//890 
f 827//891 221//891 223//891 
f 827//892 826//892 221//892 
f 828//893 223//893 225//893 
f 828//894 827//894 223//894 
f 829//895 225//895 227//895 
f 829//896 828//896 225//896 
f 830//897 227//897 229//897 
f 830//898 829//898 227//898 
f 831//899 229//899 230//899 
f 831//900 830//900 229//900 
f 832//901 230//901 231//901 
f 832//902 831//902 230//902 
f 833//903 231//903 232//903 
f 833//904 832//904 231//904 
f 834//905 232//905 169//905 
f 834//906 833//906 232//906 
f 835//907 169//907 167//907 
f 835//908 834//908 169//908 
f 836//909 167//909 165//909 
f 836//910 835//910 167//910 
f 837//911 165//911 163//911 
f 837//912 836//912 165//912 
f 838//913 163//913 161//913 
f 838//914 837//914 163//914 
f 839//915 161//915 159//915 
f 839//916 159//916 157//916 
f 839//917 838//917 161//917 
f 840//918 839//918 157//918 
f 841//919 157//919 155//919 
f 841//920 840//920 157//920 
f 842//921 155//921 153//921 
f 842//922 841//922 155//922 
f 843//923 153//923 151//923 
f 843//924 842//924 153//924 
f 844//925 843//925 151//925 
f 844//926 151//926 149//926 
f 844//927 149//927 147//927 
f 845//928 844//928 147//928 
f 846//929 845//929 147//929 
f 846//930 147//930 145//930 
f 847//931 846//931 145//931 
f 847//932 145//932 143//932 
f 848//933 847//933 143//933 
f 848//934 143//934 141//934 
f 849//935 848//935 141//935 
f 849//936 141//936 139//936 
f 850//937 849//937 139//937 
f 850//938 139//938 137//938 
f 851//939 850//939 137//939 
f 851//940 137//940 135//940 
f 852//941 851//941 135//941 
f 852//942 135//942 133//942 
f 853//943 852//943 133//943 
f 853//944 133//944 131//944 
f 854//945 131//945 129//945 
f 854//946 853//946 131//946 
f 855//947 129//947 127//947 
f 855//948 854//948 129//948 
f 856//949 127//949 125//949 
f 856//950 855//950 127//950 
f 857//951 125//951 123//951 
f 857//952 856//952 125//952 
f 858//953 123//953 121//953 
f 858//954 121//954 119//954 
f 858//955 857//955 123//955 
f 859//956 858//956 119//956 
f 860//957 119//957 64//957 
f 860//958 859//958 119//958 
f 861//959 64//959 63//959 
f 861//960 860//960 64//960 
f 862//961 63//961 62//961 
f 862//962 861//962 63//962 
f 863//963 62//963 61//963 
f 863//964 862//964 62//964 
f 864//965 61//965 60//965 
f 864//966 863//966 61//966 
f 865//967 60//967 59//967 
f 865//968 864//968 60//968 
f 866//969 59//969 58//969 
f 866//970 865//970 59//970 
f 867//971 58//971 57//971 
f 867//972 866//972 58//972 
f 868//973 867//973 57//973 
f 868//974 57//974 56//974 
f 869//975 868//975 56//975 
f 869//976 56//976 55//976 
f 870//977 869//977 55//977 
f 870//978 55//978 54//978 
f 871//979 870//979 54//979 
f 871//980 54//980 53//980 
f 872//981 871//981 53//981 
f 872//982 53//982 52//982 
f 873//983 872//983 52//983 
f 873//984 52//984 51//984 
f 874//985 873//985 51//985 
f 874//986 51//986 49//986 
f 875//987 874//987 49//987 
f 875//988 49//988 47//988 
f 876//989 875//989 47//989 
f 876//990 47//990 45//990 
f 877//991 876//991 45//991 
f 877//992 45//992 43//992 
f 878//993 877//993 43//993 
f 878//994 43//994 41//994 
f 879//995 878//995 41//995 
f 879//996 41//996 39//996 
f 880//997 879//997 39//997 
f 880//998 39//998 37//998 
f 881//999 880//999 37//999 
f 881//1000 37//1000 35//1000 
f 882//1001 881//1001 35//1001 
f 882//1002 35//1002 33//1002 
f 883//1003 882//1003 33//1003 
f 883//1004 33//1004 31//1004 
f 884//1005 883//1005 31//1005 
f 884//1006 31//1006 28//1006 
f 885//1007 884//1007 28//1007 
f 885//1008 28//1008 29//1008 
f 886//1009 885//1009 29//1009 
f 886//1010 29//1010 30//1010 
f 887//1011 886//1011 30//1011 
f 887//1012 30//1012 32//1012 
f 888//1013 887//1013 32//1013 
f 888//1014 32//1014 34//1014 
f 889//1015 34//1015 36//1015 
f 889//1016 888//1016 34//1016 
f 890//1017 36//1017 38//1017 
f 890//1018 889//1018 36//1018 
f 891//1019 38//1019 40//1019 
f 891//1020 890//1020 38//1020 
f 892//1021 40//1021 42//1021 
f 892//1022 891//1022 40//1022 
f 893//1023 42//1023 44//1023 
f 893//1024 892//1024 42//1024 
f 894//1025 893//1025 44//1025 
f 894//1026 44//1026 46//1026 
f 895//1027 894//1027 46//1027 
f 895//1028 46//1028 48//1028 
f 896//1029 895//1029 48//1029 
f 896//1030 48//1030 50//1030 
f 897//1031 896//1031 50//1031 
f 897//1032 50//1032 71//1032 
f 898//1033 897//1033 71//1033 
f 898//1034 71//1034 72//1034 
f 899//1035 898//1035 72//1035 
f 899//1036 72//1036 73//1036 
f 900//1037 899//1037 73//1037 
f 900//1038 73//1038 74//1038 
f 901//1039 900//1039 74//1039 
f 901//1040 74//1040 75//1040 
f 902//1041 901//1041 75//1041 
f 902//1042 75//1042 76//1042 
f 903//1043 902//1043 76//1043 
f 903//1044 76//1044 77//1044 
f 904//1045 903//1045 77//1045 
f 904//1046 77//1046 78//1046 
f 905//1047 904//1047 78//1047 
f 905//1048 78//1048 79//1048 
f 906//1049 79//1049 80//1049 
f 906//1050 905//1050 79//1050 
f 907//1051 80//1051 81//1051 
f 907//1052 906//1052 80//1052 
f 908//1053 81//1053 82//1053 
f 908//1054 907//1054 81//1054 
f 909//1055 82//1055 83//1055 
f 909//1056 908//1056 82//1056 
f 910//1057 83//1057 84//1057 
f 910//1058 909//1058 83//1058 
f 911//1059 84//1059 85//1059 
f 911//1060 910//1060 84//1060 
f 912//1061 85//1061 86//1061 
f 912//1062 911//1062 85//1062 
f 913//1063 86//1063 87//1063 
f 913//1064 912//1064 86//1064 
f 914//1065 87//1065 88//1065 
f 914//1066 913//1066 87//1066 
f 915//1067 88//1067 89//1067 
f 915//1068 914//1068 88//1068 
f 916//1069 89//1069 90//1069 
f 916//1070 915//1070 89//1070 
f 917//1071 90//1071 91//1071 
f 917//1072 916//1072 90//1072 
f 918//1073 91//1073 92//1073 
f 918//1074 917//1074 91//1074 
f 919//1075 918//1075 92//1075 
f 919//1076 92//1076 93//1076 
f 920//1077 919//1077 93//1077 
f 920//1078 93//1078 101//1078 
f 921//1079 920//1079 101//1079 
f 921//1080 101//1080 104//1080 
f 922//1081 921//1081 104//1081 
f 922//1082 104//1082 107//1082 
f 923//1083 107//1083 110//1083 
f 923//1084 922//1084 107//1084 
f 924//1085 110//1085 113//1085 
f 924//1086 923//1086 110//1086 
f 925//1087 113//1087 115//1087 
f 925//1088 924//1088 113//1088 
f 926//1089 115//1089 220//1089 
f 926//1090 925//1090 115//1090 
f 927//1091 220//1091 219//1091 
f 927//1092 926//1092 220//1092 
f 928//1093 219//1093 222//1093 
f 928//1094 927//1094 219//1094 
f 929//1095 222//1095 224//1095 
f 929//1096 928//1096 222//1096 
f 930//1097 224//1097 226//1097 
f 930//1098 929//1098 224//1098 
f 931//1099 226//1099 228//1099 
f 931//1100 930//1100 226//1100 
f 807//1101 228//1101 200//1101 
f 807//1102 931//1102 228//1102 
f 932//1103 933//1103 314//1103 
f 932//1104 314//1104 313//1104 
f 934//1105 313//1105 315//1105 
f 934//1106 932//1106 313//1106 
f 935//1107 315//1107 316//1107 
f 935//1108 934//1108 315//1108 
f 936//1109 316//1109 317//1109 
f 936//1110 935//1110 316//1110 
f 937//1111 317//1111 318//1111 
f 937//1112 936//1112 317//1112 
f 938//1113 318//1113 291//1113 
f 938//1114 937//1114 318//1114 
f 939//1115 291//1115 288//1115 
f 939//1116 938//1116 291//1116 
f 940//1117 288//1117 285//1117 
f 940//1118 939//1118 288//1118 
f 941//1119 285//1119 282//1119 
f 941//1120 940//1120 285//1120 
f 942//1121 282//1121 279//1121 
f 942//1122 941//1122 282//1122 
f 943//1123 942//1123 279//1123 
f 943//1124 279//1124 276//1124 
f 944//1125 943//1125 276//1125 
f 944//1126 276//1126 273//1126 
f 945//1127 944//1127 273//1127 
f 945//1128 273//1128 270//1128 
f 945//1129 270//1129 267//1129 
f 946//1130 945//1130 267//1130 
f 946//1131 267//1131 264//1131 
f 947//1132 946//1132 264//1132 
f 948//1133 947//1133 264//1133 
f 948//1134 264//1134 261//1134 
f 948//1135 261//1135 258//1135 
f 949//1136 948//1136 258//1136 
f 950//1137 258//1137 254//1137 
f 950//1138 949//1138 258//1138 
f 951//1139 254//1139 250//1139 
f 951//1140 950//1140 254//1140 
f 952//1141 250//1141 246//1141 
f 952//1142 951//1142 250//1142 
f 953//1143 246//1143 242//1143 
f 953//1144 952//1144 246//1144 
f 954//1145 242//1145 238//1145 
f 954//1146 953//1146 242//1146 
f 955//1147 238//1147 237//1147 
f 955//1148 954//1148 238//1148 
f 956//1149 237//1149 240//1149 
f 956//1150 955//1150 237//1150 
f 957//1151 240//1151 244//1151 
f 957//1152 956//1152 240//1152 
f 958//1153 244//1153 248//1153 
f 958//1154 957//1154 244//1154 
f 959//1155 248//1155 252//1155 
f 959//1156 958//1156 248//1156 
f 960//1157 252//1157 256//1157 
f 960//1158 959//1158 252//1158 
f 961//1159 256//1159 173//1159 
f 961//1160 960//1160 256//1160 
f 962//1161 173//1161 172//1161 
f 962//1162 961//1162 173//1162 
f 963//1163 172//1163 174//1163 
f 963//1164 962//1164 172//1164 
f 964//1165 174//1165 175//1165 
f 964//1166 963//1166 174//1166 
f 965//1167 175//1167 176//1167 
f 965//1168 176//1168 177//1168 
f 965//1169 964//1169 175//1169 
f 966//1170 965//1170 177//1170 
f 967//1171 177//1171 178//1171 
f 967//1172 966//1172 177//1172 
f 968//1173 178//1173 179//1173 
f 968//1174 967//1174 178//1174 
f 969//1175 179//1175 180//1175 
f 969//1176 968//1176 179//1176 
f 970//1177 969//1177 180//1177 
f 970//1178 180//1178 181//1178 
f 970//1179 181//1179 182//1179 
f 971//1180 970//1180 182//1180 
f 972//1181 971//1181 182//1181 
f 972//1182 182//1182 183//1182 
f 973//1183 972//1183 183//1183 
f 973//1184 183//1184 184//1184 
f 974//1185 973//1185 184//1185 
f 974//1186 184//1186 185//1186 
f 975//1187 974//1187 185//1187 
f 975//1188 185//1188 186//1188 
f 976//1189 975//1189 186//1189 
f 976//1190 186//1190 187//1190 
f 977//1191 976//1191 187//1191 
f 977//1192 187//1192 188//1192 
f 978//1193 977//1193 188//1193 
f 978//1194 188//1194 189//1194 
f 979//1195 978//1195 189//1195 
f 979//1196 189//1196 190//1196 
f 980//1197 190//1197 191//1197 
f 980//1198 979//1198 190//1198 
f 981//1199 191//1199 192//1199 
f 981//1200 980//1200 191//1200 
f 982//1201 192//1201 193//1201 
f 982//1202 981//1202 192//1202 
f 983//1203 193//1203 194//1203 
f 983//1204 982//1204 193//1204 
f 984//1205 194//1205 195//1205 
f 984//1206 195//1206 196//1206 
f 984//1207 983//1207 194//1207 
f 985//1208 984//1208 196//1208 
f 986//1209 196//1209 197//1209 
f 986//1210 985//1210 196//1210 
f 987//1211 197//1211 198//1211 
f 987//1212 986//1212 197//1212 
f 988//1213 198//1213 408//1213 
f 988//1214 987//1214 198//1214 
f 989//1215 408//1215 407//1215 
f 989//1216 988//1216 408//1216 
f 990//1217 407//1217 406//1217 
f 990//1218 989//1218 407//1218 
f 991//1219 406//1219 405//1219 
f 991//1220 990//1220 406//1220 
f 992//1221 405//1221 404//1221 
f 992//1222 991//1222 405//1222 
f 993//1223 404//1223 403//1223 
f 993//1224 992//1224 404//1224 
f 994//1225 993//1225 403//1225 
f 994//1226 403//1226 402//1226 
f 995//1227 994//1227 402//1227 
f 995//1228 402//1228 392//1228 
f 996//1229 995//1229 392//1229 
f 996//1230 392//1230 393//1230 
f 997//1231 996//1231 393//1231 
f 997//1232 393//1232 394//1232 
f 998//1233 997//1233 394//1233 
f 998//1234 394//1234 395//1234 
f 999//1235 998//1235 395//1235 
f 999//1236 395//1236 396//1236 
f 1000//1237 999//1237 396//1237 
f 1000//1238 396//1238 397//1238 
f 1001//1239 1000//1239 397//1239 
f 1001//1240 397//1240 398//1240 
f 1002//1241 1001//1241 398//1241 
f 1002//1242 398//1242 399//1242 
f 1003//1243 1002//1243 399//1243 
f 1003//1244 399//1244 400//1244 
f 1004//1245 1003//1245 400//1245 
f 1004//1246 400//1246 401//1246 
f 1005//1247 1004//1247 401//1247 
f 1005//1248 401//1248 99//1248 
f 1006//1249 1005//1249 99//1249 
f 1006//1250 99//1250 97//1250 
f 1007//1251 1006//1251 97//1251 
f 1007//1252 97//1252 95//1252 
f 1008//1253 1007//1253 95//1253 
f 1008//1254 95//1254 70//1254 
f 1009//1255 1008//1255 70//1255 
f 1009//1256 70//1256 68//1256 
f 1010//1257 1009//1257 68//1257 
f 1010//1258 68//1258 65//1258 
f 1011//1259 1010//1259 65//1259 
f 1011//1260 65//1260 66//1260 
f 1012//1261 1011//1261 66//1261 
f 1012//1262 66//1262 67//1262 
f 1013//1263 1012//1263 67//1263 
f 1013//1264 67//1264 69//1264 
f 1014//1265 1013//1265 69//1265 
f 1014//1266 69//1266 94//1266 
f 1015//1267 94//1267 96//1267 
f 1015//1268 1014//1268 94//1268 
f 1016//1269 96//1269 98//1269 
f 1016//1270 1015//1270 96//1270 
f 1017//1271 98//1271 100//1271 
f 1017//1272 1016//1272 98//1272 
f 1018//1273 100//1273 102//1273 
f 1018//1274 1017//1274 100//1274 
f 1019//1275 102//1275 103//1275 
f 1019//1276 1018//1276 102//1276 
f 1020//1277 1019//1277 103//1277 
f 1020//1278 103//1278 105//1278 
f 1021//1279 1020//1279 105//1279 
f 1021//1280 105//1280 106//1280 
f 1022//1281 1021//1281 106//1281 
f 1022//1282 106//1282 108//1282 
f 1023//1283 1022//1283 108//1283 
f 1023//1284 108//1284 109//1284 
f 1024//1285 1023//1285 109//1285 
f 1024//1286 109//1286 111//1286 
f 1025//1287 1024//1287 111//1287 
f 1025//1288 111//1288 112//1288 
f 1026//1289 1025//1289 112//1289 
f 1026//1290 112//1290 114//1290 
f 1027//1291 1026//1291 114//1291 
f 1027//1292 114//1292 116//1292 
f 1028//1293 1027//1293 116//1293 
f 1028//1294 116//1294 117//1294 
f 1029//1295 1028//1295 117//1295 
f 1029//1296 117//1296 118//1296 
f 1030//1297 1029//1297 118//1297 
f 1030//1298 118//1298 120//1298 
f 1031//1299 1030//1299 120//1299 
f 1031//1300 120//1300 122//1300 
f 1032//1301 122//1301 124//1301 
f 1032//1302 1031//1302 122//1302 
f 1033//1303 124//1303 126//1303 
f 1033//1304 1032//1304 124//1304 
f 1034//1305 126//1305 128//1305 
f 1034//1306 1033//1306 126//1306 
f 1035//1307 128//1307 130//1307 
f 1035//1308 1034//1308 128//1308 
f 1036//1309 130//1309 132//1309 
f 1036//1310 1035//1310 130//1310 
f 1037//1311 132//1311 134//1311 
f 1037//1312 1036//1312 132//1312 
f 1038//1313 134//1313 136//1313 
f 1038//1314 1037//1314 134//1314 
f 1039//1315 136//1315 138//1315 
f 1039//1316 1038//1316 136//1316 
f 1040//1317 138//1317 140//1317 
f 1040//1318 1039//1318 138//1318 
f 1041//1319 140//1319 142//1319 
f 1041//1320 1040//1320 140//1320 
f 1042//1321 142//1321 144//1321 
f 1042//1322 1041//1322 142//1322 
f 1043//1323 144//1323 146//1323 
f 1043//1324 1042//1324 144//1324 
f 1044//1325 146//1325 148//1325 
f 1044//1326 1043//1326 146//1326 
f 1045//1327 1044//1327 148//1327 
f 1045//1328 148//1328 150//1328 
f 1046//1329 1045//1329 150//1329 
f 1046//1330 150//1330 152//1330 
f 1047//1331 1046//1331 152//1331 
f 1047//1332 152//1332 154//1332 
f 1048//1333 1047//1333 154//1333 
f 1048//1334 154//1334 156//1334 
f 1049//1335 156//1335 158//1335 
f 1049//1336 1048//1336 156//1336 
f 1050//1337 158//1337 160//1337 
f 1050//1338 1049//1338 158//1338 
f 1051//1339 160//1339 162//1339 
f 1051//1340 1050//1340 160//1340 
f 1052//1341 162//1341 164//1341 
f 1052//1342 1051//1342 162//1342 
f 1053//1343 164//1343 166//1343 
f 1053//1344 1052//1344 164//1344 
f 1054//1345 166//1345 168//1345 
f 1054//1346 1053//1346 166//1346 
f 1055//1347 168//1347 170//1347 
f 1055//1348 1054//1348 168//1348 
f 1056//1349 170//1349 233//1349 
f 1056//1350 1055//1350 170//1350 
f 1057//1351 233//1351 323//1351 
f 1057//1352 1056//1352 233//1352 
f 933//1353 323//1353 314//1353 
f 933//1354 1057//1354 323//1354 
f 1058//1355 1059//1355 357//1355 
f 1058//1356 357//1356 358//1356 
f 1060//1357 358//1357 359//1357 
f 1060//1358 1058//1358 358//1358 
f 1061//1359 359//1359 360//1359 
f 1061//1360 1060//1360 359//1360 
f 1062//1361 360//1361 361//1361 
f 1062//1362 1061//1362 360//1362 
f 1063//1363 361//1363 362//1363 
f 1063//1364 1062//1364 361//1364 
f 1064//1365 362//1365 363//1365 
f 1064//1366 1063//1366 362//1366 
f 1065//1367 363//1367 364//1367 
f 1065//1368 1064//1368 363//1368 
f 1066//1369 364//1369 365//1369 
f 1066//1370 1065//1370 364//1370 
f 1067//1371 365//1371 366//1371 
f 1067//1372 1066//1372 365//1372 
f 1068//1373 366//1373 367//1373 
f 1068//1374 1067//1374 366//1374 
f 1069//1375 1068//1375 367//1375 
f 1069//1376 367//1376 368//1376 
f 1070//1377 1069//1377 368//1377 
f 1070//1378 368//1378 369//1378 
f 1071//1379 1070//1379 369//1379 
f 1071//1380 369//1380 370//1380 
f 1071//1381 370//1381 371//1381 
f 1072//1382 1071//1382 371//1382 
f 1072//1383 371//1383 372//1383 
f 1073//1384 1072//1384 372//1384 
f 1074//1385 1073//1385 372//1385 
f 1074//1386 372//1386 373//1386 
f 1074//1387 373//1387 374//1387 
f 1075//1388 1074//1388 374//1388 
f 1076//1389 374//1389 375//1389 
f 1076//1390 1075//1390 374//1390 
f 1077//1391 375//1391 376//1391 
f 1077//1392 1076//1392 375//1392 
f 1078//1393 376//1393 377//1393 
f 1078//1394 1077//1394 376//1394 
f 1079//1395 377//1395 378//1395 
f 1079//1396 1078//1396 377//1396 
f 1080//1397 378//1397 379//1397 
f 1080//1398 1079//1398 378//1398 
f 1081//1399 379//1399 380//1399 
f 1081//1400 1080//1400 379//1400 
f 1082//1401 380//1401 381//1401 
f 1082//1402 1081//1402 380//1402 
f 1083//1403 381//1403 382//1403 
f 1083//1404 1082//1404 381//1404 
f 1084//1405 382//1405 383//1405 
f 1084//1406 1083//1406 382//1406 
f 1085//1407 383//1407 384//1407 
f 1085//1408 1084//1408 383//1408 
f 1086//1409 384//1409 385//1409 
f 1086//1410 1085//1410 384//1410 
f 1087//1411 385//1411 386//1411 
f 1087//1412 1086//1412 385//1412 
f 1088//1413 386//1413 387//1413 
f 1088//1414 1087//1414 386//1414 
f 1089//1415 387//1415 388//1415 
f 1089//1416 1088//1416 387//1416 
f 1090//1417 388//1417 389//1417 
f 1090//1418 1089//1418 388//1418 
f 1091//1419 389//1419 390//1419 
f 1091//1420 390//1420 391//1420 
f 1091//1421 1090//1421 389//1421 
f 1092//1422 1091//1422 391//1422 
f 1093//1423 391//1423 353//1423 
f 1093//1424 1092//1424 391//1424 
f 1094//1425 353//1425 351//1425 
f 1094//1426 1093//1426 353//1426 
f 1095//1427 351//1427 349//1427 
f 1095//1428 1094//1428 351//1428 
f 1096//1429 1095//1429 349//1429 
f 1096//1430 349//1430 347//1430 
f 1096//1431 347//1431 345//1431 
f 1097//1432 1096//1432 345//1432 
f 1098//1433 1097//1433 345//1433 
f 1098//1434 345//1434 343//1434 
f 1099//1435 1098//1435 343//1435 
f 1099//1436 343//1436 341//1436 
f 1100//1437 1099//1437 341//1437 
f 1100//1438 341//1438 312//1438 
f 1101//1439 1100//1439 312//1439 
f 1101//1440 312//1440 311//1440 
f 1102//1441 1101//1441 311//1441 
f 1102//1442 311//1442 310//1442 
f 1103//1443 1102//1443 310//1443 
f 1103//1444 310//1444 309//1444 
f 1104//1445 1103//1445 309//1445 
f 1104//1446 309//1446 308//1446 
f 1105//1447 1104//1447 308//1447 
f 1105//1448 308//1448 307//1448 
f 1106//1449 307//1449 306//1449 
f 1106//1450 1105//1450 307//1450 
f 1107//1451 306//1451 305//1451 
f 1107//1452 1106//1452 306//1452 
f 1108//1453 305//1453 304//1453 
f 1108//1454 1107//1454 305//1454 
f 1109//1455 304//1455 303//1455 
f 1109//1456 1108//1456 304//1456 
f 1110//1457 303//1457 302//1457 
f 1110//1458 302//1458 301//1458 
f 1110//1459 1109//1459 303//1459 
f 1111//1460 1110//1460 301//1460 
f 1112//1461 301//1461 300//1461 
f 1112//1462 1111//1462 301//1462 
f 1113//1463 300//1463 299//1463 
f 1113//1464 1112//1464 300//1464 
f 1114//1465 299//1465 298//1465 
f 1114//1466 1113//1466 299//1466 
f 1115//1467 298//1467 297//1467 
f 1115//1468 1114//1468 298//1468 
f 1116//1469 297//1469 296//1469 
f 1116//1470 1115//1470 297//1470 
f 1117//1471 296//1471 295//1471 
f 1117//1472 1116//1472 296//1472 
f 1118//1473 295//1473 294//1473 
f 1118//1474 1117//1474 295//1474 
f 1119//1475 294//1475 293//1475 
f 1119//1476 1118//1476 294//1476 
f 1120//1477 1119//1477 293//1477 
f 1120//1478 293//1478 292//1478 
f 1121//1479 1120//1479 292//1479 
f 1121//1480 292//1480 289//1480 
f 1122//1481 1121//1481 289//1481 
f 1122//1482 289//1482 286//1482 
f 1123//1483 1122//1483 286//1483 
f 1123//1484 286//1484 283//1484 
f 1124//1485 1123//1485 283//1485 
f 1124//1486 283//1486 280//1486 
f 1125//1487 1124//1487 280//1487 
f 1125//1488 280//1488 277//1488 
f 1126//1489 1125//1489 277//1489 
f 1126//1490 277//1490 274//1490 
f 1127//1491 1126//1491 274//1491 
f 1127//1492 274//1492 271//1492 
f 1128//1493 1127//1493 271//1493 
f 1128//1494 271//1494 268//1494 
f 1129//1495 1128//1495 268//1495 
f 1129//1496 268//1496 265//1496 
f 1130//1497 1129//1497 265//1497 
f 1130//1498 265//1498 262//1498 
f 1131//1499 1130//1499 262//1499 
f 1131//1500 262//1500 259//1500 
f 1132//1501 1131//1501 259//1501 
f 1132//1502 259//1502 255//1502 
f 1133//1503 1132//1503 255//1503 
f 1133//1504 255//1504 251//1504 
f 1134//1505 1133//1505 251//1505 
f 1134//1506 251//1506 247//1506 
f 1135//1507 1134//1507 247//1507 
f 1135//1508 247//1508 243//1508 
f 1136//1509 1135//1509 243//1509 
f 1136//1510 243//1510 239//1510 
f 1137//1511 1136//1511 239//1511 
f 1137//1512 239//1512 236//1512 
f 1138//1513 1137//1513 236//1513 
f 1138//1514 236//1514 241//1514 
f 1139//1515 1138//1515 241//1515 
f 1139//1516 241//1516 245//1516 
f 1140//1517 1139//1517 245//1517 
f 1140//1518 245//1518 249//1518 
f 1141//1519 249//1519 253//1519 
f 1141//1520 1140//1520 249//1520 
f 1142//1521 253//1521 257//1521 
f 1142//1522 1141//1522 253//1522 
f 1143//1523 257//1523 260//1523 
f 1143//1524 1142//1524 257//1524 
f 1144//1525 260//1525 263//1525 
f 1144//1526 1143//1526 260//1526 
f 1145//1527 263//1527 266//1527 
f 1145//1528 1144//1528 263//1528 
f 1146//1529 1145//1529 266//1529 
f 1146//1530 266//1530 269//1530 
f 1147//1531 1146//1531 269//1531 
f 1147//1532 269//1532 272//1532 
f 1148//1533 1147//1533 272//1533 
f 1148//1534 272//1534 275//1534 
f 1149//1535 1148//1535 275//1535 
f 1149//1536 275//1536 278//1536 
f 1150//1537 1149//1537 278//1537 
f 1150//1538 278//1538 281//1538 
f 1151//1539 1150//1539 281//1539 
f 1151//1540 281//1540 284//1540 
f 1152//1541 1151//1541 284//1541 
f 1152//1542 284//1542 287//1542 
f 1153//1543 1152//1543 287//1543 
f 1153//1544 287//1544 290//1544 
f 1154//1545 1153//1545 290//1545 
f 1154//1546 290//1546 319//1546 
f 1155//1547 1154//1547 319//1547 
f 1155//1548 319//1548 320//1548 
f 1156//1549 1155//1549 320//1549 
f 1156//1550 320//1550 321//1550 
f 1157//1551 1156//1551 321//1551 
f 1157//1552 321//1552 322//1552 
f 1158//1553 322//1553 324//1553 
f 1158//1554 1157//1554 322//1554 
f 1159//1555 324//1555 325//1555 
f 1159//1556 1158//1556 324//1556 
f 1160//1557 325//1557 326//1557 
f 1160//1558 1159//1558 325//1558 
f 1161//1559 326//1559 327//1559 
f 1161//1560 1160//1560 326//1560 
f 1162//1561 327//1561 328//1561 
f 1162//1562 1161//1562 327//1562 
f 1163//1563 328//1563 329//1563 
f 1163//1564 1162//1564 328//1564 
f 1164//1565 329//1565 330//1565 
f 1164//1566 1163//1566 329//1566 
f 1165//1567 330//1567 331//1567 
f 1165//1568 1164//1568 330//1568 
f 1166//1569 331//1569 332//1569 
f 1166//1570 1165//1570 331//1570 
f 1167//1571 332//1571 333//1571 
f 1167//1572 1166//1572 332//1572 
f 1168//1573 333//1573 334//1573 
f 1168//1574 1167//1574 333//1574 
f 1169//1575 334//1575 335//1575 
f 1169//1576 1168//1576 334//1576 
f 1170//1577 335//1577 336//1577 
f 1170//1578 1169//1578 335//1578 
f 1171//1579 1170//1579 336//1579 
f 1171//1580 336//1580 337//1580 
f 1172//1581 1171//1581 337//1581 
f 1172//1582 337//1582 338//1582 
f 1173//1583 1172//1583 338//1583 
f 1173//1584 338//1584 339//1584 
f 1174//1585 1173//1585 339//1585 
f 1174//1586 339//1586 340//1586 
f 1175//1587 340//1587 342//1587 
f 1175//1588 1174//1588 340//1588 
f 1176//1589 342//1589 344//1589 
f 1176//1590 1175//1590 342//1590 
f 1177//1591 344//1591 346//1591 
f 1177//1592 1176//1592 344//1592 
f 1178//1593 346//1593 348//1593 
f 1178//1594 1177//1594 346//1594 
f 1179//1595 348//1595 350//1595 
f 1179//1596 1178//1596 348//1596 
f 1180//1597 350//1597 352//1597 
f 1180//1598 1179//1598 350//1598 
f 1181//1599 352//1599 354//1599 
f 1181//1600 1180//1600 352//1600 
f 1182//1601 354//1601 355//1601 
f 1182//1602 1181//1602 354//1602 
f 1183//1603 355//1603 356//1603 
f 1183//1604 1182//1604 355//1604 
f 1059//1605 356//1605 357//1605 
f 1059//1606 1183//1606 356//1606 
f 477//1607 1184//1607 1185//1607 
f 478//1608 1185//1608 1186//1608 
f 478//1609 477//1609 1185//1609 
f 479//1610 1186//1610 1187//1610 
f 479//1611 478//1611 1186//1611 
f 480//1612 1187//1612 1188//1612 
f 480//1613 479//1613 1187//1613 
f 481//1614 1188//1614 1189//1614 
f 481//1615 480//1615 1188//1615 
f 482//1616 1189//1616 1190//1616 
f 482//1617 481//1617 1189//1617 
f 483//1618 1190//1618 1191//1618 
f 483//1619 482//1619 1190//1619 
f 484//1620 1191//1620 1192//1620 
f 484//1621 483//1621 1191//1621 
f 485//1622 1192//1622 1193//1622 
f 485//1623 484//1623 1192//1623 
f 486//1624 1193//1624 1194//1624 
f 486//1625 485//1625 1193//1625 
f 487//1626 1194//1626 1195//1626 
f 487//1627 486//1627 1194//1627 
f 743//1628 487//1628 1195//1628 
f 743//1629 1195//1629 1196//1629 
f 734//1630 743//1630 1196//1630 
f 734//1631 1196//1631 1197//1631 
f 729//1632 734//1632 1197//1632 
f 729//1633 1197//1633 1198//1633 
f 727//1634 729//1634 1198//1634 
f 727//1635 1198//1635 1199//1635 
f 725//1636 727//1636 1199//1636 
f 725//1637 1199//1637 1200//1637 
f 722//1638 725//1638 1200//1638 
f 722//1639 1200//1639 1201//1639 
f 719//1640 722//1640 1201//1640 
f 719//1641 1201//1641 1202//1641 
f 714//1642 719//1642 1202//1642 
f 714//1643 1202//1643 1203//1643 
f 712//1644 1203//1644 1204//1644 
f 712//1645 714//1645 1203//1645 
f 710//1646 712//1646 1204//1646 
f 710//1647 1204//1647 1205//1647 
f 705//1648 1205//1648 1206//1648 
f 705//1649 710//1649 1205//1649 
f 702//1650 1206//1650 1207//1650 
f 702//1651 705//1651 1206//1651 
f 700//1652 1207//1652 1208//1652 
f 700//1653 702//1653 1207//1653 
f 696//1654 1208//1654 1209//1654 
f 696//1655 700//1655 1208//1655 
f 585//1656 1209//1656 1210//1656 
f 585//1657 696//1657 1209//1657 
f 583//1658 1210//1658 1211//1658 
f 583//1659 585//1659 1210//1659 
f 581//1660 1211//1660 1212//1660 
f 581//1661 583//1661 1211//1661 
f 579//1662 1212//1662 1213//1662 
f 579//1663 581//1663 1212//1663 
f 577//1664 1213//1664 1214//1664 
f 577//1665 579//1665 1213//1665 
f 575//1666 1214//1666 1215//1666 
f 575//1667 577//1667 1214//1667 
f 573//1668 1215//1668 1216//1668 
f 573//1669 575//1669 1215//1669 
f 571//1670 1216//1670 1217//1670 
f 571//1671 573//1671 1216//1671 
f 569//1672 1217//1672 1218//1672 
f 569//1673 571//1673 1217//1673 
f 567//1674 1218//1674 1219//1674 
f 567//1675 569//1675 1218//1675 
f 565//1676 1219//1676 1220//1676 
f 565//1677 567//1677 1219//1677 
f 563//1678 565//1678 1220//1678 
f 563//1679 1220//1679 1221//1679 
f 561//1680 563//1680 1221//1680 
f 561//1681 1221//1681 1222//1681 
f 559//1682 561//1682 1222//1682 
f 559//1683 1222//1683 1223//1683 
f 557//1684 1223//1684 1224//1684 
f 557//1685 559//1685 1223//1685 
f 555//1686 1224//1686 1225//1686 
f 555//1687 557//1687 1224//1687 
f 553//1688 1225//1688 1226//1688 
f 553//1689 555//1689 1225//1689 
f 551//1690 1226//1690 1227//1690 
f 551//1691 553//1691 1226//1691 
f 549//1692 1227//1692 1228//1692 
f 549//1693 551//1693 1227//1693 
f 547//1694 1228//1694 1229//1694 
f 547//1695 549//1695 1228//1695 
f 545//1696 1229//1696 1230//1696 
f 545//1697 547//1697 1229//1697 
f 543//1698 545//1698 1230//1698 
f 541//1699 1231//1699 1232//1699 
f 541//1700 1230//1700 1231//1700 
f 541//1701 543//1701 1230//1701 
f 539//1702 1232//1702 1233//1702 
f 539//1703 541//1703 1232//1703 
f 537//1704 1233//1704 1234//1704 
f 537//1705 539//1705 1233//1705 
f 535//1706 1234//1706 1235//1706 
f 535//1707 537//1707 1234//1707 
f 533//1708 1235//1708 1236//1708 
f 533//1709 535//1709 1235//1709 
f 531//1710 533//1710 1236//1710 
f 529//1711 1236//1711 1237//1711 
f 529//1712 531//1712 1236//1712 
f 529//1713 1237//1713 1238//1713 
f 527//1714 529//1714 1238//1714 
f 525//1715 527//1715 1238//1715 
f 525//1716 1239//1716 1240//1716 
f 525//1717 1238//1717 1239//1717 
f 523//1718 525//1718 1240//1718 
f 523//1719 1240//1719 1241//1719 
f 520//1720 523//1720 1241//1720 
f 517//1721 520//1721 1241//1721 
f 517//1722 1242//1722 1243//1722 
f 517//1723 1241//1723 1242//1723 
f 514//1724 517//1724 1243//1724 
f 514//1725 1243//1725 1244//1725 
f 511//1726 1244//1726 1245//1726 
f 511//1727 514//1727 1244//1727 
f 440//1728 1245//1728 1246//1728 
f 440//1729 511//1729 1245//1729 
f 439//1730 1246//1730 1247//1730 
f 439//1731 440//1731 1246//1731 
f 438//1732 439//1732 1247//1732 
f 438//1733 1247//1733 1248//1733 
f 437//1734 438//1734 1248//1734 
f 437//1735 1248//1735 1249//1735 
f 436//1736 437//1736 1249//1736 
f 435//1737 436//1737 1249//1737 
f 435//1738 1249//1738 1250//1738 
f 434//1739 435//1739 1250//1739 
f 434//1740 1250//1740 1251//1740 
f 433//1741 434//1741 1251//1741 
f 433//1742 1252//1742 1253//1742 
f 433//1743 1251//1743 1252//1743 
f 431//1744 433//1744 1253//1744 
f 429//1745 431//1745 1253//1745 
f 429//1746 1254//1746 1255//1746 
f 429//1747 1253//1747 1254//1747 
f 427//1748 429//1748 1255//1748 
f 427//1749 1255//1749 1256//1749 
f 425//1750 427//1750 1256//1750 
f 425//1751 1256//1751 1257//1751 
f 423//1752 425//1752 1257//1752 
f 423//1753 1257//1753 1258//1753 
f 421//1754 423//1754 1258//1754 
f 421//1755 1258//1755 1259//1755 
f 419//1756 421//1756 1259//1756 
f 419//1757 1259//1757 1260//1757 
f 417//1758 419//1758 1260//1758 
f 417//1759 1260//1759 1261//1759 
f 415//1760 417//1760 1261//1760 
f 415//1761 1261//1761 1262//1761 
f 412//1762 415//1762 1262//1762 
f 412//1763 1262//1763 1263//1763 
f 413//1764 412//1764 1263//1764 
f 414//1765 413//1765 1263//1765 
f 414//1766 1264//1766 1265//1766 
f 414//1767 1263//1767 1264//1767 
f 416//1768 1265//1768 1266//1768 
f 416//1769 414//1769 1265//1769 
f 418//1770 1266//1770 1267//1770 
f 418//1771 416//1771 1266//1771 
f 420//1772 1267//1772 1268//1772 
f 420//1773 418//1773 1267//1773 
f 422//1774 420//1774 1268//1774 
f 424//1775 1268//1775 1269//1775 
f 424//1776 422//1776 1268//1776 
f 426//1777 1270//1777 1271//1777 
f 426//1778 1269//1778 1270//1778 
f 426//1779 424//1779 1269//1779 
f 428//1780 426//1780 1271//1780 
f 430//1781 428//1781 1271//1781 
f 430//1782 1272//1782 1273//1782 
f 430//1783 1271//1783 1272//1783 
f 432//1784 430//1784 1273//1784 
f 463//1785 432//1785 1273//1785 
f 463//1786 1274//1786 1275//1786 
f 463//1787 1273//1787 1274//1787 
f 464//1788 463//1788 1275//1788 
f 465//1789 464//1789 1275//1789 
f 465//1790 1276//1790 1277//1790 
f 465//1791 1275//1791 1276//1791 
f 466//1792 465//1792 1277//1792 
f 467//1793 466//1793 1277//1793 
f 467//1794 1277//1794 1278//1794 
f 468//1795 467//1795 1278//1795 
f 468//1796 1279//1796 1280//1796 
f 468//1797 1278//1797 1279//1797 
f 442//1798 468//1798 1280//1798 
f 441//1799 442//1799 1280//1799 
f 441//1800 1280//1800 1281//1800 
f 443//1801 441//1801 1281//1801 
f 443//1802 1281//1802 1282//1802 
f 444//1803 443//1803 1282//1803 
f 444//1804 1282//1804 1283//1804 
f 445//1805 1283//1805 1284//1805 
f 445//1806 444//1806 1283//1806 
f 446//1807 445//1807 1284//1807 
f 446//1808 1285//1808 1286//1808 
f 446//1809 1284//1809 1285//1809 
f 447//1810 446//1810 1286//1810 
f 448//1811 1286//1811 1287//1811 
f 448//1812 447//1812 1286//1812 
f 449//1813 1287//1813 1288//1813 
f 449//1814 448//1814 1287//1814 
f 450//1815 1289//1815 1290//1815 
f 450//1816 1288//1816 1289//1816 
f 450//1817 449//1817 1288//1817 
f 451//1818 450//1818 1290//1818 
f 452//1819 1290//1819 1291//1819 
f 452//1820 451//1820 1290//1820 
f 453//1821 1292//1821 1293//1821 
f 453//1822 1291//1822 1292//1822 
f 453//1823 452//1823 1291//1823 
f 454//1824 453//1824 1293//1824 
f 455//1825 1293//1825 1294//1825 
f 455//1826 454//1826 1293//1826 
f 456//1827 1294//1827 1295//1827 
f 456//1828 455//1828 1294//1828 
f 457//1829 1295//1829 1296//1829 
f 457//1830 456//1830 1295//1830 
f 458//1831 457//1831 1296//1831 
f 458//1832 1296//1832 1297//1832 
f 459//1833 458//1833 1297//1833 
f 459//1834 1298//1834 1299//1834 
f 459//1835 1297//1835 1298//1835 
f 460//1836 459//1836 1299//1836 
f 460//1837 1299//1837 1300//1837 
f 461//1838 460//1838 1300//1838 
f 462//1839 461//1839 1300//1839 
f 462//1840 1301//1840 1302//1840 
f 462//1841 1300//1841 1301//1841 
f 469//1842 462//1842 1302//1842 
f 469//1843 1302//1843 1303//1843 
f 470//1844 469//1844 1303//1844 
f 470//1845 1303//1845 1304//1845 
f 471//1846 470//1846 1304//1846 
f 471//1847 1304//1847 1305//1847 
f 472//1848 471//1848 1305//1848 
f 473//1849 1306//1849 1307//1849 
f 473//1850 1305//1850 1306//1850 
f 473//1851 472//1851 1305//1851 
f 474//1852 1307//1852 1308//1852 
f 474//1853 473//1853 1307//1853 
f 475//1854 1308//1854 1309//1854 
f 475//1855 474//1855 1308//1855 
f 476//1856 475//1856 1309//1856 
f 477//1857 1309//1857 1184//1857 
f 477//1858 476//1858 1309//1858 
f 586//1859 1310//1859 1311//1859 
f 693//1860 1311//1860 1312//1860 
f 693//1861 586//1861 1311//1861 
f 690//1862 1312//1862 1313//1862 
f 690//1863 693//1863 1312//1863 
f 687//1864 1313//1864 1314//1864 
f 687//1865 690//1865 1313//1865 
f 684//1866 1314//1866 1315//1866 
f 684//1867 687//1867 1314//1867 
f 681//1868 1315//1868 1316//1868 
f 681//1869 684//1869 1315//1869 
f 678//1870 1316//1870 1317//1870 
f 678//1871 681//1871 1316//1871 
f 675//1872 1317//1872 1318//1872 
f 675//1873 678//1873 1317//1873 
f 672//1874 1318//1874 1319//1874 
f 672//1875 675//1875 1318//1875 
f 669//1876 1319//1876 1320//1876 
f 669//1877 672//1877 1319//1877 
f 666//1878 1320//1878 1321//1878 
f 666//1879 669//1879 1320//1879 
f 662//1880 666//1880 1321//1880 
f 662//1881 1321//1881 1322//1881 
f 658//1882 662//1882 1322//1882 
f 658//1883 1322//1883 1323//1883 
f 654//1884 658//1884 1323//1884 
f 654//1885 1323//1885 1324//1885 
f 650//1886 654//1886 1324//1886 
f 650//1887 1324//1887 1325//1887 
f 646//1888 650//1888 1325//1888 
f 646//1889 1325//1889 1326//1889 
f 642//1890 646//1890 1326//1890 
f 642//1891 1326//1891 1327//1891 
f 638//1892 642//1892 1327//1892 
f 638//1893 1327//1893 1328//1893 
f 634//1894 638//1894 1328//1894 
f 634//1895 1328//1895 1329//1895 
f 630//1896 1329//1896 1330//1896 
f 630//1897 634//1897 1329//1897 
f 626//1898 630//1898 1330//1898 
f 626//1899 1330//1899 1331//1899 
f 622//1900 1331//1900 1332//1900 
f 622//1901 626//1901 1331//1901 
f 618//1902 1332//1902 1333//1902 
f 618//1903 622//1903 1332//1903 
f 616//1904 1333//1904 1334//1904 
f 616//1905 618//1905 1333//1905 
f 620//1906 1334//1906 1335//1906 
f 620//1907 616//1907 1334//1907 
f 623//1908 1335//1908 1336//1908 
f 623//1909 620//1909 1335//1909 
f 627//1910 1336//1910 1337//1910 
f 627//1911 623//1911 1336//1911 
f 631//1912 1337//1912 1338//1912 
f 631//1913 627//1913 1337//1913 
f 635//1914 1338//1914 1339//1914 
f 635//1915 631//1915 1338//1915 
f 639//1916 1339//1916 1340//1916 
f 639//1917 635//1917 1339//1917 
f 644//1918 1340//1918 1341//1918 
f 644//1919 639//1919 1340//1919 
f 648//1920 1341//1920 1342//1920 
f 648//1921 644//1921 1341//1921 
f 652//1922 1342//1922 1343//1922 
f 652//1923 648//1923 1342//1923 
f 656//1924 1343//1924 1344//1924 
f 656//1925 652//1925 1343//1925 
f 660//1926 1344//1926 1345//1926 
f 660//1927 656//1927 1344//1927 
f 664//1928 1345//1928 1346//1928 
f 664//1929 660//1929 1345//1929 
f 589//1930 664//1930 1346//1930 
f 589//1931 1346//1931 1347//1931 
f 587//1932 589//1932 1347//1932 
f 587//1933 1347//1933 1348//1933 
f 590//1934 587//1934 1348//1934 
f 590//1935 1348//1935 1349//1935 
f 591//1936 1349//1936 1350//1936 
f 591//1937 590//1937 1349//1937 
f 592//1938 1350//1938 1351//1938 
f 592//1939 591//1939 1350//1939 
f 593//1940 1351//1940 1352//1940 
f 593//1941 592//1941 1351//1941 
f 594//1942 1352//1942 1353//1942 
f 594//1943 593//1943 1352//1943 
f 595//1944 1353//1944 1354//1944 
f 595//1945 594//1945 1353//1945 
f 596//1946 1354//1946 1355//1946 
f 596//1947 595//1947 1354//1947 
f 597//1948 1355//1948 1356//1948 
f 597//1949 596//1949 1355//1949 
f 598//1950 597//1950 1356//1950 
f 599//1951 1357//1951 1358//1951 
f 599//1952 1356//1952 1357//1952 
f 599//1953 598//1953 1356//1953 
f 600//1954 1358//1954 1359//1954 
f 600//1955 599//1955 1358//1955 
f 601//1956 1359//1956 1360//1956 
f 601//1957 600//1957 1359//1957 
f 602//1958 1360//1958 1361//1958 
f 602//1959 601//1959 1360//1959 
f 603//1960 1361//1960 1362//1960 
f 603//1961 602//1961 1361//1961 
f 604//1962 603//1962 1362//1962 
f 605//1963 1362//1963 1363//1963 
f 605//1964 604//1964 1362//1964 
f 605//1965 1363//1965 1364//1965 
f 606//1966 605//1966 1364//1966 
f 607//1967 606//1967 1364//1967 
f 607//1968 1365//1968 1366//1968 
f 607//1969 1364//1969 1365//1969 
f 608//1970 607//1970 1366//1970 
f 608//1971 1366//1971 1367//1971 
f 609//1972 608//1972 1367//1972 
f 610//1973 609//1973 1367//1973 
f 610//1974 1368//1974 1369//1974 
f 610//1975 1367//1975 1368//1975 
f 611//1976 610//1976 1369//1976 
f 611//1977 1369//1977 1370//1977 
f 612//1978 1370//1978 1371//1978 
f 612//1979 611//1979 1370//1979 
f 613//1980 1371//1980 1372//1980 
f 613//1981 612//1981 1371//1981 
f 614//1982 1372//1982 1373//1982 
f 614//1983 613//1983 1372//1983 
f 615//1984 614//1984 1373//1984 
f 615//1985 1373//1985 1374//1985 
f 521//1986 615//1986 1374//1986 
f 521//1987 1374//1987 1375//1987 
f 518//1988 521//1988 1375//1988 
f 515//1989 518//1989 1375//1989 
f 515//1990 1375//1990 1376//1990 
f 512//1991 515//1991 1376//1991 
f 512//1992 1376//1992 1377//1992 
f 509//1993 512//1993 1377//1993 
f 509//1994 1378//1994 1379//1994 
f 509//1995 1377//1995 1378//1995 
f 507//1996 509//1996 1379//1996 
f 505//1997 507//1997 1379//1997 
f 505//1998 1380//1998 1381//1998 
f 505//1999 1379//1999 1380//1999 
f 503//2000 505//2000 1381//2000 
f 503//2001 1381//2001 1382//2001 
f 501//2002 503//2002 1382//2002 
f 501//2003 1382//2003 1383//2003 
f 499//2004 501//2004 1383//2004 
f 499//2005 1383//2005 1384//2005 
f 497//2006 499//2006 1384//2006 
f 497//2007 1384//2007 1385//2007 
f 495//2008 497//2008 1385//2008 
f 495//2009 1385//2009 1386//2009 
f 493//2010 495//2010 1386//2010 
f 493//2011 1386//2011 1387//2011 
f 491//2012 493//2012 1387//2012 
f 491//2013 1387//2013 1388//2013 
f 488//2014 491//2014 1388//2014 
f 488//2015 1388//2015 1389//2015 
f 489//2016 488//2016 1389//2016 
f 490//2017 489//2017 1389//2017 
f 490//2018 1390//2018 1391//2018 
f 490//2019 1389//2019 1390//2019 
f 492//2020 1391//2020 1392//2020 
f 492//2021 490//2021 1391//2021 
f 494//2022 1392//2022 1393//2022 
f 494//2023 492//2023 1392//2023 
f 496//2024 1393//2024 1394//2024 
f 496//2025 494//2025 1393//2025 
f 498//2026 496//2026 1394//2026 
f 500//2027 1394//2027 1395//2027 
f 500//2028 498//2028 1394//2028 
f 502//2029 1396//2029 1397//2029 
f 502//2030 1395//2030 1396//2030 
f 502//2031 500//2031 1395//2031 
f 504//2032 502//2032 1397//2032 
f 506//2033 504//2033 1397//2033 
f 506//2034 1398//2034 1399//2034 
f 506//2035 1397//2035 1398//2035 
f 508//2036 506//2036 1399//2036 
f 510//2037 508//2037 1399//2037 
f 510//2038 1400//2038 1401//2038 
f 510//2039 1399//2039 1400//2039 
f 513//2040 510//2040 1401//2040 
f 516//2041 513//2041 1401//2041 
f 516//2042 1402//2042 1403//2042 
f 516//2043 1401//2043 1402//2043 
f 519//2044 516//2044 1403//2044 
f 522//2045 519//2045 1403//2045 
f 522//2046 1403//2046 1404//2046 
f 524//2047 522//2047 1404//2047 
f 524//2048 1405//2048 1406//2048 
f 524//2049 1404//2049 1405//2049 
f 526//2050 524//2050 1406//2050 
f 528//2051 526//2051 1406//2051 
f 528//2052 1406//2052 1407//2052 
f 530//2053 528//2053 1407//2053 
f 530//2054 1407//2054 1408//2054 
f 532//2055 530//2055 1408//2055 
f 532//2056 1408//2056 1409//2056 
f 534//2057 1409//2057 1410//2057 
f 534//2058 532//2058 1409//2058 
f 536//2059 534//2059 1410//2059 
f 536//2060 1411//2060 1412//2060 
f 536//2061 1410//2061 1411//2061 
f 538//2062 536//2062 1412//2062 
f 540//2063 1412//2063 1413//2063 
f 540//2064 538//2064 1412//2064 
f 542//2065 1413//2065 1414//2065 
f 542//2066 540//2066 1413//2066 
f 544//2067 1415//2067 1416//2067 
f 544//2068 1414//2068 1415//2068 
f 544//2069 542//2069 1414//2069 
f 546//2070 544//2070 1416//2070 
f 548//2071 1416//2071 1417//2071 
f 548//2072 546//2072 1416//2072 
f 550//2073 1418//2073 1419//2073 
f 550//2074 1417//2074 1418//2074 
f 550//2075 548//2075 1417//2075 
f 552//2076 550//2076 1419//2076 
f 554//2077 1419//2077 1420//2077 
f 554//2078 552//2078 1419//2078 
f 556//2079 1420//2079 1421//2079 
f 556//2080 554//2080 1420//2080 
f 558//2081 1421//2081 1422//2081 
f 558//2082 556//2082 1421//2082 
f 560//2083 558//2083 1422//2083 
f 560//2084 1422//2084 1423//2084 
f 562//2085 560//2085 1423//2085 
f 562//2086 1424//2086 1425//2086 
f 562//2087 1423//2087 1424//2087 
f 564//2088 562//2088 1425//2088 
f 564//2089 1425//2089 1426//2089 
f 566//2090 564//2090 1426//2090 
f 568//2091 566//2091 1426//2091 
f 568//2092 1427//2092 1428//2092 
f 568//2093 1426//2093 1427//2093 
f 570//2094 568//2094 1428//2094 
f 570//2095 1428//2095 1429//2095 
f 572//2096 570//2096 1429//2096 
f 572//2097 1429//2097 1430//2097 
f 574//2098 572//2098 1430//2098 
f 574//2099 1430//2099 1431//2099 
f 576//2100 574//2100 1431//2100 
f 578//2101 1432//2101 1433//2101 
f 578//2102 1431//2102 1432//2102 
f 578//2103 576//2103 1431//2103 
f 580//2104 1433//2104 1434//2104 
f 580//2105 578//2105 1433//2105 
f 582//2106 1434//2106 1435//2106 
f 582//2107 580//2107 1434//2107 
f 584//2108 582//2108 1435//2108 
f 586//2109 1435//2109 1310//2109 
f 586//2110 584//2110 1435//2110 
f 745//2111 1436//2111 1437//2111 
f 744//2112 1437//2112 1438//2112 
f 744//2113 745//2113 1437//2113 
f 746//2114 1438//2114 1439//2114 
f 746//2115 744//2115 1438//2115 
f 747//2116 1439//2116 1440//2116 
f 747//2117 746//2117 1439//2117 
f 748//2118 1440//2118 1441//2118 
f 748//2119 747//2119 1440//2119 
f 749//2120 1441//2120 1442//2120 
f 749//2121 748//2121 1441//2121 
f 750//2122 1442//2122 1443//2122 
f 750//2123 749//2123 1442//2123 
f 751//2124 1443//2124 1444//2124 
f 751//2125 750//2125 1443//2125 
f 752//2126 1444//2126 1445//2126 
f 752//2127 751//2127 1444//2127 
f 753//2128 1445//2128 1446//2128 
f 753//2129 752//2129 1445//2129 
f 754//2130 1446//2130 1447//2130 
f 754//2131 753//2131 1446//2131 
f 755//2132 754//2132 1447//2132 
f 755//2133 1447//2133 1448//2133 
f 756//2134 755//2134 1448//2134 
f 756//2135 1448//2135 1449//2135 
f 757//2136 756//2136 1449//2136 
f 757//2137 1449//2137 1450//2137 
f 759//2138 757//2138 1450//2138 
f 759//2139 1450//2139 1451//2139 
f 761//2140 759//2140 1451//2140 
f 761//2141 1451//2141 1452//2141 
f 763//2142 761//2142 1452//2142 
f 763//2143 1452//2143 1453//2143 
f 765//2144 763//2144 1453//2144 
f 765//2145 1453//2145 1454//2145 
f 767//2146 765//2146 1454//2146 
f 767//2147 1454//2147 1455//2147 
f 769//2148 1455//2148 1456//2148 
f 769//2149 767//2149 1455//2149 
f 771//2150 769//2150 1456//2150 
f 771//2151 1456//2151 1457//2151 
f 773//2152 1457//2152 1458//2152 
f 773//2153 771//2153 1457//2153 
f 775//2154 1458//2154 1459//2154 
f 775//2155 773//2155 1458//2155 
f 777//2156 1459//2156 1460//2156 
f 777//2157 775//2157 1459//2157 
f 779//2158 1460//2158 1461//2158 
f 779//2159 777//2159 1460//2159 
f 780//2160 1461//2160 1462//2160 
f 780//2161 779//2161 1461//2161 
f 781//2162 1462//2162 1463//2162 
f 781//2163 780//2163 1462//2163 
f 782//2164 1463//2164 1464//2164 
f 782//2165 781//2165 1463//2165 
f 783//2166 1464//2166 1465//2166 
f 783//2167 782//2167 1464//2167 
f 784//2168 1465//2168 1466//2168 
f 784//2169 783//2169 1465//2169 
f 785//2170 1466//2170 1467//2170 
f 785//2171 784//2171 1466//2171 
f 786//2172 1467//2172 1468//2172 
f 786//2173 785//2173 1467//2173 
f 787//2174 1468//2174 1469//2174 
f 787//2175 786//2175 1468//2175 
f 788//2176 1469//2176 1470//2176 
f 788//2177 787//2177 1469//2177 
f 789//2178 1470//2178 1471//2178 
f 789//2179 788//2179 1470//2179 
f 790//2180 1471//2180 1472//2180 
f 790//2181 789//2181 1471//2181 
f 742//2182 790//2182 1472//2182 
f 742//2183 1472//2183 1473//2183 
f 741//2184 742//2184 1473//2184 
f 741//2185 1473//2185 1474//2185 
f 740//2186 741//2186 1474//2186 
f 740//2187 1474//2187 1475//2187 
f 739//2188 1475//2188 1476//2188 
f 739//2189 740//2189 1475//2189 
f 738//2190 1476//2190 1477//2190 
f 738//2191 739//2191 1476//2191 
f 737//2192 1477//2192 1478//2192 
f 737//2193 738//2193 1477//2193 
f 736//2194 1478//2194 1479//2194 
f 736//2195 737//2195 1478//2195 
f 735//2196 1479//2196 1480//2196 
f 735//2197 736//2197 1479//2197 
f 732//2198 1480//2198 1481//2198 
f 732//2199 735//2199 1480//2199 
f 730//2200 1481//2200 1482//2200 
f 730//2201 732//2201 1481//2201 
f 726//2202 730//2202 1482//2202 
f 723//2203 1483//2203 1484//2203 
f 723//2204 1482//2204 1483//2204 
f 723//2205 726//2205 1482//2205 
f 720//2206 1484//2206 1485//2206 
f 720//2207 723//2207 1484//2207 
f 717//2208 1485//2208 1486//2208 
f 717//2209 720//2209 1485//2209 
f 715//2210 1486//2210 1487//2210 
f 715//2211 717//2211 1486//2211 
f 711//2212 1487//2212 1488//2212 
f 711//2213 715//2213 1487//2213 
f 708//2214 711//2214 1488//2214 
f 706//2215 1488//2215 1489//2215 
f 706//2216 708//2216 1488//2216 
f 706//2217 1489//2217 1490//2217 
f 703//2218 706//2218 1490//2218 
f 699//2219 703//2219 1490//2219 
f 699//2220 1491//2220 1492//2220 
f 699//2221 1490//2221 1491//2221 
f 697//2222 699//2222 1492//2222 
f 697//2223 1492//2223 1493//2223 
f 694//2224 697//2224 1493//2224 
f 691//2225 694//2225 1493//2225 
f 691//2226 1494//2226 1495//2226 
f 691//2227 1493//2227 1494//2227 
f 688//2228 691//2228 1495//2228 
f 688//2229 1495//2229 1496//2229 
f 685//2230 1496//2230 1497//2230 
f 685//2231 688//2231 1496//2231 
f 682//2232 1497//2232 1498//2232 
f 682//2233 685//2233 1497//2233 
f 679//2234 1498//2234 1499//2234 
f 679//2235 682//2235 1498//2235 
f 676//2236 679//2236 1499//2236 
f 676//2237 1499//2237 1500//2237 
f 673//2238 676//2238 1500//2238 
f 673//2239 1500//2239 1501//2239 
f 670//2240 673//2240 1501//2240 
f 667//2241 670//2241 1501//2241 
f 667//2242 1501//2242 1502//2242 
f 663//2243 667//2243 1502//2243 
f 663//2244 1502//2244 1503//2244 
f 659//2245 663//2245 1503//2245 
f 659//2246 1504//2246 1505//2246 
f 659//2247 1503//2247 1504//2247 
f 655//2248 659//2248 1505//2248 
f 651//2249 655//2249 1505//2249 
f 651//2250 1506//2250 1507//2250 
f 651//2251 1505//2251 1506//2251 
f 647//2252 651//2252 1507//2252 
f 647//2253 1507//2253 1508//2253 
f 643//2254 647//2254 1508//2254 
f 643//2255 1508//2255 1509//2255 
f 640//2256 643//2256 1509//2256 
f 640//2257 1509//2257 1510//2257 
f 636//2258 640//2258 1510//2258 
f 636//2259 1510//2259 1511//2259 
f 632//2260 636//2260 1511//2260 
f 632//2261 1511//2261 1512//2261 
f 628//2262 632//2262 1512//2262 
f 628//2263 1512//2263 1513//2263 
f 624//2264 628//2264 1513//2264 
f 624//2265 1513//2265 1514//2265 
f 619//2266 624//2266 1514//2266 
f 619//2267 1514//2267 1515//2267 
f 617//2268 619//2268 1515//2268 
f 621//2269 617//2269 1515//2269 
f 621//2270 1516//2270 1517//2270 
f 621//2271 1515//2271 1516//2271 
f 625//2272 1517//2272 1518//2272 
f 625//2273 621//2273 1517//2273 
f 629//2274 1518//2274 1519//2274 
f 629//2275 625//2275 1518//2275 
f 633//2276 1519//2276 1520//2276 
f 633//2277 629//2277 1519//2277 
f 637//2278 633//2278 1520//2278 
f 641//2279 1520//2279 1521//2279 
f 641//2280 637//2280 1520//2280 
f 645//2281 1522//2281 1523//2281 
f 645//2282 1521//2282 1522//2282 
f 645//2283 641//2283 1521//2283 
f 649//2284 645//2284 1523//2284 
f 653//2285 649//2285 1523//2285 
f 653//2286 1524//2286 1525//2286 
f 653//2287 1523//2287 1524//2287 
f 657//2288 653//2288 1525//2288 
f 661//2289 657//2289 1525//2289 
f 661//2290 1526//2290 1527//2290 
f 661//2291 1525//2291 1526//2291 
f 665//2292 661//2292 1527//2292 
f 668//2293 665//2293 1527//2293 
f 668//2294 1528//2294 1529//2294 
f 668//2295 1527//2295 1528//2295 
f 671//2296 668//2296 1529//2296 
f 674//2297 671//2297 1529//2297 
f 674//2298 1529//2298 1530//2298 
f 677//2299 674//2299 1530//2299 
f 677//2300 1531//2300 1532//2300 
f 677//2301 1530//2301 1531//2301 
f 680//2302 677//2302 1532//2302 
f 683//2303 680//2303 1532//2303 
f 683//2304 1532//2304 1533//2304 
f 686//2305 683//2305 1533//2305 
f 686//2306 1533//2306 1534//2306 
f 689//2307 686//2307 1534//2307 
f 689//2308 1534//2308 1535//2308 
f 692//2309 1535//2309 1536//2309 
f 692//2310 689//2310 1535//2310 
f 695//2311 692//2311 1536//2311 
f 695//2312 1537//2312 1538//2312 
f 695//2313 1536//2313 1537//2313 
f 698//2314 695//2314 1538//2314 
f 701//2315 1538//2315 1539//2315 
f 701//2316 698//2316 1538//2316 
f 704//2317 1539//2317 1540//2317 
f 704//2318 701//2318 1539//2318 
f 707//2319 1541//2319 1542//2319 
f 707//2320 1540//2320 1541//2320 
f 707//2321 704//2321 1540//2321 
f 709//2322 707//2322 1542//2322 
f 713//2323 1542//2323 1543//2323 
f 713//2324 709//2324 1542//2324 
f 716//2325 1544//2325 1545//2325 
f 716//2326 1543//2326 1544//2326 
f 716//2327 713//2327 1543//2327 
f 718//2328 716//2328 1545//2328 
f 721//2329 1545//2329 1546//2329 
f 721//2330 718//2330 1545//2330 
f 724//2331 1546//2331 1547//2331 
f 724//2332 721//2332 1546//2332 
f 728//2333 1547//2333 1548//2333 
f 728//2334 724//2334 1547//2334 
f 731//2335 728//2335 1548//2335 
f 731//2336 1548//2336 1549//2336 
f 733//2337 731//2337 1549//2337 
f 733//2338 1550//2338 1551//2338 
f 733//2339 1549//2339 1550//2339 
f 758//2340 733//2340 1551//2340 
f 758//2341 1551//2341 1552//2341 
f 760//2342 758//2342 1552//2342 
f 762//2343 760//2343 1552//2343 
f 762//2344 1553//2344 1554//2344 
f 762//2345 1552//2345 1553//2345 
f 764//2346 762//2346 1554//2346 
f 764//2347 1554//2347 1555//2347 
f 766//2348 764//2348 1555//2348 
f 766//2349 1555//2349 1556//2349 
f 768//2350 766//2350 1556//2350 
f 768//2351 1556//2351 1557//2351 
f 770//2352 768//2352 1557//2352 
f 772//2353 1558//2353 1559//2353 
f 772//2354 1557//2354 1558//2354 
f 772//2355 770//2355 1557//2355 
f 774//2356 1559//2356 1560//2356 
f 774//2357 772//2357 1559//2357 
f 776//2358 1560//2358 1561//2358 
f 776//2359 774//2359 1560//2359 
f 778//2360 776//2360 1561//2360 
f 745//2361 1561//2361 1436//2361 
f 745//2362 778//2362 1561//2362 
f 792//2363 791//2363 803//2363 
f 791//2364 795//2364 803//2364 
f 801//2365 798//2365 797//2365 
f 801//2366 797//2366 799//2366 
f 800//2367 796//2367 798//2367 
f 801//2368 800//2368 798//2368 
f 793//2369 796//2369 800//2369 
f 793//2370 800//2370 802//2370 
f 794//2371 793//2371 802//2371 
f 794//2372 802//2372 805//2372 
f 804//2373 1562//2373 794//2373 
f 805//2374 804//2374 794//2374 
f 1562//2375 803//2375 795//2375 
f 1562//2376 804//2376 803//2376 
f 1262//2377 885//2377 1263//2377 
f 1262//2378 883//2378 884//2378 
f 1262//2379 884//2379 885//2379 
f 1264//2380 1263//2380 885//2380 
f 1264//2381 885//2381 886//2381 
f 1261//2382 883//2382 1262//2382 
f 1261//2383 882//2383 883//2383 
f 1265//2384 1264//2384 886//2384 
f 1265//2385 886//2385 887//2385 
f 1260//2386 882//2386 1261//2386 
f 1266//2387 1265//2387 887//2387 
f 1266//2388 887//2388 888//2388 
f 1259//2389 881//2389 882//2389 
f 1259//2390 882//2390 1260//2390 
f 1267//2391 1266//2391 888//2391 
f 1267//2392 888//2392 889//2392 
f 1258//2393 881//2393 1259//2393 
f 1258//2394 880//2394 881//2394 
f 1268//2395 1267//2395 889//2395 
f 1268//2396 889//2396 890//2396 
f 1257//2397 880//2397 1258//2397 
f 1257//2398 878//2398 879//2398 
f 1257//2399 879//2399 880//2399 
f 1269//2400 1268//2400 890//2400 
f 1269//2401 890//2401 891//2401 
f 1256//2402 878//2402 1257//2402 
f 1256//2403 877//2403 878//2403 
f 1270//2404 891//2404 892//2404 
f 1270//2405 1269//2405 891//2405 
f 1255//2406 877//2406 1256//2406 
f 1255//2407 876//2407 877//2407 
f 1271//2408 1270//2408 892//2408 
f 1271//2409 892//2409 893//2409 
f 1254//2410 876//2410 1255//2410 
f 1272//2411 893//2411 894//2411 
f 1272//2412 1271//2412 893//2412 
f 1253//2413 874//2413 875//2413 
f 1253//2414 875//2414 876//2414 
f 1253//2415 876//2415 1254//2415 
f 1273//2416 1272//2416 894//2416 
f 1273//2417 894//2417 895//2417 
f 1252//2418 874//2418 1253//2418 
f 1274//2419 1273//2419 895//2419 
f 1274//2420 895//2420 896//2420 
f 1251//2421 873//2421 874//2421 
f 1251//2422 874//2422 1252//2422 
f 1275//2423 1274//2423 896//2423 
f 1275//2424 896//2424 897//2424 
f 1250//2425 873//2425 1251//2425 
f 1250//2426 872//2426 873//2426 
f 1276//2427 1275//2427 897//2427 
f 1276//2428 897//2428 898//2428 
f 1249//2429 872//2429 1250//2429 
f 1249//2430 870//2430 871//2430 
f 1249//2431 871//2431 872//2431 
f 1277//2432 1276//2432 898//2432 
f 1277//2433 898//2433 899//2433 
f 1248//2434 870//2434 1249//2434 
f 1248//2435 869//2435 870//2435 
f 1278//2436 1277//2436 899//2436 
f 1278//2437 899//2437 900//2437 
f 1247//2438 869//2438 1248//2438 
f 1247//2439 868//2439 869//2439 
f 1279//2440 1278//2440 900//2440 
f 1279//2441 900//2441 901//2441 
f 1246//2442 868//2442 1247//2442 
f 1246//2443 867//2443 868//2443 
f 1280//2444 1279//2444 901//2444 
f 1280//2445 901//2445 902//2445 
f 1245//2446 867//2446 1246//2446 
f 1245//2447 866//2447 867//2447 
f 1281//2448 1280//2448 902//2448 
f 1281//2449 902//2449 903//2449 
f 1244//2450 866//2450 1245//2450 
f 1244//2451 865//2451 866//2451 
f 1282//2452 1281//2452 903//2452 
f 1282//2453 903//2453 904//2453 
f 1243//2454 865//2454 1244//2454 
f 1243//2455 864//2455 865//2455 
f 1283//2456 1282//2456 904//2456 
f 1283//2457 904//2457 905//2457 
f 1242//2458 864//2458 1243//2458 
f 1284//2459 1283//2459 905//2459 
f 1284//2460 905//2460 906//2460 
f 1241//2461 864//2461 1242//2461 
f 1241//2462 863//2462 864//2462 
f 1285//2463 906//2463 907//2463 
f 1285//2464 1284//2464 906//2464 
f 1240//2465 863//2465 1241//2465 
f 1240//2466 862//2466 863//2466 
f 1286//2467 907//2467 908//2467 
f 1286//2468 1285//2468 907//2468 
f 1239//2469 860//2469 861//2469 
f 1239//2470 862//2470 1240//2470 
f 1239//2471 861//2471 862//2471 
f 1287//2472 908//2472 909//2472 
f 1287//2473 1286//2473 908//2473 
f 1238//2474 860//2474 1239//2474 
f 1238//2475 859//2475 860//2475 
f 1288//2476 909//2476 910//2476 
f 1288//2477 1287//2477 909//2477 
f 1237//2478 859//2478 1238//2478 
f 1237//2479 858//2479 859//2479 
f 1289//2480 910//2480 911//2480 
f 1289//2481 1288//2481 910//2481 
f 1236//2482 858//2482 1237//2482 
f 1290//2483 911//2483 912//2483 
f 1290//2484 1289//2484 911//2484 
f 1235//2485 856//2485 857//2485 
f 1235//2486 857//2486 858//2486 
f 1235//2487 858//2487 1236//2487 
f 1291//2488 912//2488 913//2488 
f 1291//2489 1290//2489 912//2489 
f 1234//2490 856//2490 1235//2490 
f 1292//2491 913//2491 914//2491 
f 1292//2492 1291//2492 913//2492 
f 1233//2493 854//2493 855//2493 
f 1233//2494 855//2494 856//2494 
f 1233//2495 856//2495 1234//2495 
f 1293//2496 914//2496 915//2496 
f 1293//2497 1292//2497 914//2497 
f 1232//2498 854//2498 1233//2498 
f 1294//2499 915//2499 916//2499 
f 1294//2500 1293//2500 915//2500 
f 853//2501 1232//2501 1231//2501 
f 853//2502 854//2502 1232//2502 
f 1295//2503 1294//2503 916//2503 
f 917//2504 1295//2504 916//2504 
f 917//2505 1296//2505 1295//2505 
f 852//2506 1231//2506 1230//2506 
f 852//2507 1230//2507 1229//2507 
f 852//2508 853//2508 1231//2508 
f 918//2509 1296//2509 917//2509 
f 851//2510 852//2510 1229//2510 
f 919//2511 1296//2511 918//2511 
f 919//2512 1297//2512 1296//2512 
f 850//2513 1229//2513 1228//2513 
f 850//2514 851//2514 1229//2514 
f 920//2515 1298//2515 1297//2515 
f 920//2516 1297//2516 919//2516 
f 849//2517 1228//2517 1227//2517 
f 849//2518 850//2518 1228//2518 
f 921//2519 1298//2519 920//2519 
f 921//2520 1299//2520 1298//2520 
f 848//2521 1227//2521 1226//2521 
f 848//2522 849//2522 1227//2522 
f 922//2523 1299//2523 921//2523 
f 922//2524 1300//2524 1299//2524 
f 847//2525 1226//2525 1225//2525 
f 847//2526 848//2526 1226//2526 
f 923//2527 1302//2527 1301//2527 
f 923//2528 1301//2528 1300//2528 
f 923//2529 1300//2529 922//2529 
f 846//2530 1225//2530 1224//2530 
f 846//2531 847//2531 1225//2531 
f 924//2532 1302//2532 923//2532 
f 845//2533 1224//2533 1223//2533 
f 845//2534 846//2534 1224//2534 
f 925//2535 1303//2535 1302//2535 
f 925//2536 1302//2536 924//2536 
f 844//2537 1223//2537 1222//2537 
f 844//2538 845//2538 1223//2538 
f 926//2539 1304//2539 1303//2539 
f 926//2540 1303//2540 925//2540 
f 843//2541 1222//2541 1221//2541 
f 843//2542 844//2542 1222//2542 
f 927//2543 1304//2543 926//2543 
f 927//2544 1306//2544 1305//2544 
f 927//2545 1305//2545 1304//2545 
f 842//2546 1221//2546 1220//2546 
f 842//2547 843//2547 1221//2547 
f 928//2548 1306//2548 927//2548 
f 928//2549 1307//2549 1306//2549 
f 841//2550 1220//2550 1219//2550 
f 841//2551 842//2551 1220//2551 
f 929//2552 1307//2552 928//2552 
f 840//2553 1219//2553 1218//2553 
f 840//2554 841//2554 1219//2554 
f 930//2555 1309//2555 1308//2555 
f 930//2556 1308//2556 1307//2556 
f 930//2557 1307//2557 929//2557 
f 839//2558 1218//2558 1217//2558 
f 839//2559 840//2559 1218//2559 
f 931//2560 1309//2560 930//2560 
f 838//2561 1217//2561 1216//2561 
f 838//2562 1216//2562 1215//2562 
f 838//2563 839//2563 1217//2563 
f 807//2564 1184//2564 1309//2564 
f 807//2565 1309//2565 931//2565 
f 837//2566 838//2566 1215//2566 
f 806//2567 1186//2567 1185//2567 
f 806//2568 1185//2568 1184//2568 
f 806//2569 1184//2569 807//2569 
f 836//2570 1215//2570 1214//2570 
f 836//2571 837//2571 1215//2571 
f 808//2572 1187//2572 1186//2572 
f 808//2573 1186//2573 806//2573 
f 835//2574 1214//2574 1213//2574 
f 835//2575 836//2575 1214//2575 
f 809//2576 1187//2576 808//2576 
f 834//2577 1213//2577 1212//2577 
f 834//2578 835//2578 1213//2578 
f 810//2579 1187//2579 809//2579 
f 810//2580 1189//2580 1188//2580 
f 810//2581 1188//2581 1187//2581 
f 833//2582 1212//2582 1211//2582 
f 833//2583 1211//2583 1210//2583 
f 833//2584 834//2584 1212//2584 
f 811//2585 1189//2585 810//2585 
f 811//2586 1190//2586 1189//2586 
f 832//2587 833//2587 1210//2587 
f 812//2588 1190//2588 811//2588 
f 831//2589 1210//2589 1209//2589 
f 831//2590 832//2590 1210//2590 
f 813//2591 1192//2591 1191//2591 
f 813//2592 1191//2592 1190//2592 
f 813//2593 1190//2593 812//2593 
f 830//2594 831//2594 1209//2594 
f 830//2595 1209//2595 1208//2595 
f 814//2596 1192//2596 813//2596 
f 829//2597 830//2597 1208//2597 
f 829//2598 1208//2598 1207//2598 
f 815//2599 1192//2599 814//2599 
f 815//2600 1193//2600 1192//2600 
f 828//2601 829//2601 1207//2601 
f 828//2602 1207//2602 1206//2602 
f 816//2603 1193//2603 815//2603 
f 816//2604 1194//2604 1193//2604 
f 827//2605 828//2605 1206//2605 
f 827//2606 1206//2606 1205//2606 
f 817//2607 1194//2607 816//2607 
f 817//2608 1195//2608 1194//2608 
f 826//2609 1205//2609 1204//2609 
f 826//2610 827//2610 1205//2610 
f 818//2611 1195//2611 817//2611 
f 818//2612 1197//2612 1196//2612 
f 818//2613 1196//2613 1195//2613 
f 825//2614 1204//2614 1203//2614 
f 825//2615 826//2615 1204//2615 
f 819//2616 1198//2616 1197//2616 
f 819//2617 1197//2617 818//2617 
f 824//2618 1203//2618 1202//2618 
f 824//2619 825//2619 1203//2619 
f 820//2620 1199//2620 1198//2620 
f 820//2621 1198//2621 819//2621 
f 823//2622 824//2622 1202//2622 
f 823//2623 1202//2623 1201//2623 
f 821//2624 1199//2624 820//2624 
f 822//2625 1201//2625 1200//2625 
f 822//2626 1200//2626 1199//2626 
f 822//2627 1199//2627 821//2627 
f 822//2628 823//2628 1201//2628 
f 1388//2629 1011//2629 1389//2629 
f 1388//2630 1010//2630 1011//2630 
f 1390//2631 1389//2631 1011//2631 
f 1390//2632 1011//2632 1012//2632 
f 1387//2633 1010//2633 1388//2633 
f 1387//2634 1009//2634 1010//2634 
f 1391//2635 1390//2635 1012//2635 
f 1391//2636 1012//2636 1013//2636 
f 1386//2637 1009//2637 1387//2637 
f 1386//2638 1007//2638 1008//2638 
f 1386//2639 1008//2639 1009//2639 
f 1392//2640 1391//2640 1013//2640 
f 1392//2641 1013//2641 1014//2641 
f 1385//2642 1007//2642 1386//2642 
f 1393//2643 1392//2643 1014//2643 
f 1393//2644 1014//2644 1015//2644 
f 1384//2645 1007//2645 1385//2645 
f 1384//2646 1006//2646 1007//2646 
f 1394//2647 1393//2647 1015//2647 
f 1394//2648 1015//2648 1016//2648 
f 1383//2649 1006//2649 1384//2649 
f 1383//2650 1005//2650 1006//2650 
f 1395//2651 1394//2651 1016//2651 
f 1395//2652 1016//2652 1017//2652 
f 1382//2653 1005//2653 1383//2653 
f 1382//2654 1003//2654 1004//2654 
f 1382//2655 1004//2655 1005//2655 
f 1396//2656 1017//2656 1018//2656 
f 1396//2657 1395//2657 1017//2657 
f 1381//2658 1003//2658 1382//2658 
f 1381//2659 1002//2659 1003//2659 
f 1397//2660 1396//2660 1018//2660 
f 1397//2661 1018//2661 1019//2661 
f 1380//2662 1002//2662 1381//2662 
f 1398//2663 1397//2663 1019//2663 
f 1398//2664 1019//2664 1020//2664 
f 1379//2665 1002//2665 1380//2665 
f 1379//2666 1001//2666 1002//2666 
f 1399//2667 1398//2667 1020//2667 
f 1399//2668 1020//2668 1021//2668 
f 1378//2669 999//2669 1000//2669 
f 1378//2670 1000//2670 1001//2670 
f 1378//2671 1001//2671 1379//2671 
f 1400//2672 1399//2672 1021//2672 
f 1400//2673 1021//2673 1022//2673 
f 1377//2674 999//2674 1378//2674 
f 1377//2675 998//2675 999//2675 
f 1401//2676 1400//2676 1022//2676 
f 1401//2677 1022//2677 1023//2677 
f 1376//2678 998//2678 1377//2678 
f 1402//2679 1401//2679 1023//2679 
f 1402//2680 1023//2680 1024//2680 
f 1375//2681 996//2681 997//2681 
f 1375//2682 997//2682 998//2682 
f 1375//2683 998//2683 1376//2683 
f 1403//2684 1402//2684 1024//2684 
f 1403//2685 1024//2685 1025//2685 
f 1374//2686 996//2686 1375//2686 
f 1374//2687 995//2687 996//2687 
f 1404//2688 1403//2688 1025//2688 
f 1404//2689 1025//2689 1026//2689 
f 1373//2690 994//2690 995//2690 
f 1373//2691 995//2691 1374//2691 
f 1405//2692 1404//2692 1026//2692 
f 1405//2693 1026//2693 1027//2693 
f 1372//2694 994//2694 1373//2694 
f 1372//2695 993//2695 994//2695 
f 1406//2696 1027//2696 1028//2696 
f 1406//2697 1405//2697 1027//2697 
f 1371//2698 993//2698 1372//2698 
f 1371//2699 992//2699 993//2699 
f 1407//2700 1406//2700 1028//2700 
f 1407//2701 1028//2701 1029//2701 
f 1370//2702 992//2702 1371//2702 
f 1408//2703 1407//2703 1029//2703 
f 1408//2704 1029//2704 1030//2704 
f 1369//2705 992//2705 1370//2705 
f 1369//2706 990//2706 991//2706 
f 1369//2707 991//2707 992//2707 
f 1409//2708 1408//2708 1030//2708 
f 1409//2709 1030//2709 1031//2709 
f 1368//2710 990//2710 1369//2710 
f 1368//2711 989//2711 990//2711 
f 1410//2712 1409//2712 1031//2712 
f 1410//2713 1031//2713 1032//2713 
f 1367//2714 989//2714 1368//2714 
f 1411//2715 1032//2715 1033//2715 
f 1411//2716 1410//2716 1032//2716 
f 1366//2717 989//2717 1367//2717 
f 1366//2718 988//2718 989//2718 
f 1412//2719 1033//2719 1034//2719 
f 1412//2720 1411//2720 1033//2720 
f 1365//2721 987//2721 988//2721 
f 1365//2722 988//2722 1366//2722 
f 1413//2723 1034//2723 1035//2723 
f 1413//2724 1412//2724 1034//2724 
f 1364//2725 985//2725 986//2725 
f 1364//2726 986//2726 987//2726 
f 1364//2727 987//2727 1365//2727 
f 1414//2728 1035//2728 1036//2728 
f 1414//2729 1413//2729 1035//2729 
f 1363//2730 985//2730 1364//2730 
f 1415//2731 1036//2731 1037//2731 
f 1415//2732 1414//2732 1036//2732 
f 1362//2733 985//2733 1363//2733 
f 1362//2734 984//2734 985//2734 
f 1416//2735 1037//2735 1038//2735 
f 1416//2736 1415//2736 1037//2736 
f 1361//2737 982//2737 983//2737 
f 1361//2738 983//2738 984//2738 
f 1361//2739 984//2739 1362//2739 
f 1417//2740 1038//2740 1039//2740 
f 1417//2741 1416//2741 1038//2741 
f 1360//2742 982//2742 1361//2742 
f 1418//2743 1039//2743 1040//2743 
f 1418//2744 1417//2744 1039//2744 
f 1359//2745 981//2745 982//2745 
f 1359//2746 982//2746 1360//2746 
f 1419//2747 1040//2747 1041//2747 
f 1419//2748 1418//2748 1040//2748 
f 1358//2749 980//2749 981//2749 
f 1358//2750 981//2750 1359//2750 
f 1420//2751 1041//2751 1042//2751 
f 1420//2752 1419//2752 1041//2752 
f 979//2753 1358//2753 1357//2753 
f 979//2754 980//2754 1358//2754 
f 1043//2755 1422//2755 1421//2755 
f 1043//2756 1421//2756 1420//2756 
f 1043//2757 1420//2757 1042//2757 
f 978//2758 1357//2758 1356//2758 
f 978//2759 979//2759 1357//2759 
f 1044//2760 1422//2760 1043//2760 
f 977//2761 1356//2761 1355//2761 
f 977//2762 978//2762 1356//2762 
f 1045//2763 1422//2763 1044//2763 
f 1045//2764 1423//2764 1422//2764 
f 976//2765 1355//2765 1354//2765 
f 976//2766 977//2766 1355//2766 
f 1046//2767 1424//2767 1423//2767 
f 1046//2768 1423//2768 1045//2768 
f 975//2769 1354//2769 1353//2769 
f 975//2770 976//2770 1354//2770 
f 1047//2771 1424//2771 1046//2771 
f 1047//2772 1426//2772 1425//2772 
f 1047//2773 1425//2773 1424//2773 
f 974//2774 1353//2774 1352//2774 
f 974//2775 975//2775 1353//2775 
f 1048//2776 1426//2776 1047//2776 
f 973//2777 1352//2777 1351//2777 
f 973//2778 1351//2778 1350//2778 
f 973//2779 974//2779 1352//2779 
f 1049//2780 1428//2780 1427//2780 
f 1049//2781 1427//2781 1426//2781 
f 1049//2782 1426//2782 1048//2782 
f 972//2783 973//2783 1350//2783 
f 1050//2784 1428//2784 1049//2784 
f 971//2785 1350//2785 1349//2785 
f 971//2786 1349//2786 1348//2786 
f 971//2787 972//2787 1350//2787 
f 1051//2788 1428//2788 1050//2788 
f 1051//2789 1430//2789 1429//2789 
f 1051//2790 1429//2790 1428//2790 
f 970//2791 971//2791 1348//2791 
f 1052//2792 1430//2792 1051//2792 
f 969//2793 1348//2793 1347//2793 
f 969//2794 970//2794 1348//2794 
f 1053//2795 1430//2795 1052//2795 
f 1053//2796 1432//2796 1431//2796 
f 1053//2797 1431//2797 1430//2797 
f 968//2798 1347//2798 1346//2798 
f 968//2799 969//2799 1347//2799 
f 1054//2800 1433//2800 1432//2800 
f 1054//2801 1432//2801 1053//2801 
f 967//2802 1346//2802 1345//2802 
f 967//2803 968//2803 1346//2803 
f 1055//2804 1433//2804 1054//2804 
f 966//2805 1345//2805 1344//2805 
f 966//2806 967//2806 1345//2806 
f 1056//2807 1435//2807 1434//2807 
f 1056//2808 1434//2808 1433//2808 
f 1056//2809 1433//2809 1055//2809 
f 965//2810 1344//2810 1343//2810 
f 965//2811 966//2811 1344//2811 
f 1057//2812 1435//2812 1056//2812 
f 964//2813 1343//2813 1342//2813 
f 964//2814 965//2814 1343//2814 
f 933//2815 1310//2815 1435//2815 
f 933//2816 1311//2816 1310//2816 
f 933//2817 1435//2817 1057//2817 
f 963//2818 1342//2818 1341//2818 
f 963//2819 964//2819 1342//2819 
f 932//2820 1312//2820 1311//2820 
f 932//2821 1311//2821 933//2821 
f 962//2822 1341//2822 1340//2822 
f 962//2823 1340//2823 1339//2823 
f 962//2824 963//2824 1341//2824 
f 934//2825 1313//2825 1312//2825 
f 934//2826 1312//2826 932//2826 
f 961//2827 962//2827 1339//2827 
f 935//2828 1313//2828 934//2828 
f 960//2829 1339//2829 1338//2829 
f 960//2830 961//2830 1339//2830 
f 936//2831 1313//2831 935//2831 
f 936//2832 1315//2832 1314//2832 
f 936//2833 1314//2833 1313//2833 
f 959//2834 1338//2834 1337//2834 
f 959//2835 960//2835 1338//2835 
f 937//2836 1315//2836 936//2836 
f 937//2837 1316//2837 1315//2837 
f 958//2838 959//2838 1337//2838 
f 958//2839 1337//2839 1336//2839 
f 938//2840 1316//2840 937//2840 
f 938//2841 1317//2841 1316//2841 
f 957//2842 1336//2842 1335//2842 
f 957//2843 958//2843 1336//2843 
f 939//2844 1317//2844 938//2844 
f 939//2845 1318//2845 1317//2845 
f 956//2846 957//2846 1335//2846 
f 956//2847 1335//2847 1334//2847 
f 940//2848 1318//2848 939//2848 
f 955//2849 1334//2849 1333//2849 
f 955//2850 956//2850 1334//2850 
f 941//2851 1318//2851 940//2851 
f 941//2852 1320//2852 1319//2852 
f 941//2853 1319//2853 1318//2853 
f 954//2854 955//2854 1333//2854 
f 954//2855 1333//2855 1332//2855 
f 942//2856 1320//2856 941//2856 
f 942//2857 1321//2857 1320//2857 
f 953//2858 954//2858 1332//2858 
f 953//2859 1332//2859 1331//2859 
f 953//2860 1331//2860 1330//2860 
f 943//2861 1321//2861 942//2861 
f 943//2862 1322//2862 1321//2862 
f 952//2863 953//2863 1330//2863 
f 944//2864 1322//2864 943//2864 
f 951//2865 1330//2865 1329//2865 
f 951//2866 952//2866 1330//2866 
f 945//2867 1322//2867 944//2867 
f 945//2868 1324//2868 1323//2868 
f 945//2869 1323//2869 1322//2869 
f 950//2870 1329//2870 1328//2870 
f 950//2871 951//2871 1329//2871 
f 946//2872 1325//2872 1324//2872 
f 946//2873 1324//2873 945//2873 
f 949//2874 1328//2874 1327//2874 
f 949//2875 950//2875 1328//2875 
f 947//2876 1325//2876 946//2876 
f 948//2877 1327//2877 1326//2877 
f 948//2878 1326//2878 1325//2878 
f 948//2879 949//2879 1327//2879 
f 948//2880 1325//2880 947//2880 
f 1514//2881 1137//2881 1515//2881 
f 1514//2882 1136//2882 1137//2882 
f 1516//2883 1515//2883 1137//2883 
f 1516//2884 1137//2884 1138//2884 
f 1513//2885 1136//2885 1514//2885 
f 1513//2886 1135//2886 1136//2886 
f 1517//2887 1516//2887 1138//2887 
f 1517//2888 1138//2888 1139//2888 
f 1512//2889 1135//2889 1513//2889 
f 1512//2890 1133//2890 1134//2890 
f 1512//2891 1134//2891 1135//2891 
f 1518//2892 1517//2892 1139//2892 
f 1518//2893 1139//2893 1140//2893 
f 1511//2894 1133//2894 1512//2894 
f 1519//2895 1518//2895 1140//2895 
f 1519//2896 1140//2896 1141//2896 
f 1510//2897 1133//2897 1511//2897 
f 1510//2898 1132//2898 1133//2898 
f 1520//2899 1519//2899 1141//2899 
f 1520//2900 1141//2900 1142//2900 
f 1509//2901 1132//2901 1510//2901 
f 1509//2902 1131//2902 1132//2902 
f 1521//2903 1520//2903 1142//2903 
f 1521//2904 1142//2904 1143//2904 
f 1508//2905 1131//2905 1509//2905 
f 1508//2906 1129//2906 1130//2906 
f 1508//2907 1130//2907 1131//2907 
f 1522//2908 1143//2908 1144//2908 
f 1522//2909 1521//2909 1143//2909 
f 1507//2910 1129//2910 1508//2910 
f 1507//2911 1128//2911 1129//2911 
f 1523//2912 1522//2912 1144//2912 
f 1523//2913 1144//2913 1145//2913 
f 1506//2914 1128//2914 1507//2914 
f 1524//2915 1523//2915 1145//2915 
f 1524//2916 1145//2916 1146//2916 
f 1505//2917 1128//2917 1506//2917 
f 1505//2918 1127//2918 1128//2918 
f 1525//2919 1524//2919 1146//2919 
f 1525//2920 1146//2920 1147//2920 
f 1504//2921 1125//2921 1126//2921 
f 1504//2922 1126//2922 1127//2922 
f 1504//2923 1127//2923 1505//2923 
f 1526//2924 1525//2924 1147//2924 
f 1526//2925 1147//2925 1148//2925 
f 1503//2926 1125//2926 1504//2926 
f 1503//2927 1124//2927 1125//2927 
f 1527//2928 1526//2928 1148//2928 
f 1527//2929 1148//2929 1149//2929 
f 1502//2930 1124//2930 1503//2930 
f 1528//2931 1527//2931 1149//2931 
f 1528//2932 1149//2932 1150//2932 
f 1501//2933 1122//2933 1123//2933 
f 1501//2934 1123//2934 1124//2934 
f 1501//2935 1124//2935 1502//2935 
f 1529//2936 1528//2936 1150//2936 
f 1529//2937 1150//2937 1151//2937 
f 1500//2938 1122//2938 1501//2938 
f 1500//2939 1121//2939 1122//2939 
f 1530//2940 1529//2940 1151//2940 
f 1530//2941 1151//2941 1152//2941 
f 1499//2942 1120//2942 1121//2942 
f 1499//2943 1121//2943 1500//2943 
f 1531//2944 1530//2944 1152//2944 
f 1531//2945 1152//2945 1153//2945 
f 1498//2946 1120//2946 1499//2946 
f 1498//2947 1119//2947 1120//2947 
f 1532//2948 1153//2948 1154//2948 
f 1532//2949 1531//2949 1153//2949 
f 1497//2950 1119//2950 1498//2950 
f 1497//2951 1118//2951 1119//2951 
f 1533//2952 1532//2952 1154//2952 
f 1533//2953 1154//2953 1155//2953 
f 1496//2954 1118//2954 1497//2954 
f 1534//2955 1533//2955 1155//2955 
f 1534//2956 1155//2956 1156//2956 
f 1495//2957 1118//2957 1496//2957 
f 1495//2958 1116//2958 1117//2958 
f 1495//2959 1117//2959 1118//2959 
f 1535//2960 1534//2960 1156//2960 
f 1535//2961 1156//2961 1157//2961 
f 1494//2962 1116//2962 1495//2962 
f 1494//2963 1115//2963 1116//2963 
f 1536//2964 1535//2964 1157//2964 
f 1536//2965 1157//2965 1158//2965 
f 1493//2966 1115//2966 1494//2966 
f 1537//2967 1158//2967 1159//2967 
f 1537//2968 1536//2968 1158//2968 
f 1492//2969 1115//2969 1493//2969 
f 1492//2970 1114//2970 1115//2970 
f 1538//2971 1159//2971 1160//2971 
f 1538//2972 1537//2972 1159//2972 
f 1491//2973 1113//2973 1114//2973 
f 1491//2974 1114//2974 1492//2974 
f 1539//2975 1160//2975 1161//2975 
f 1539//2976 1538//2976 1160//2976 
f 1490//2977 1111//2977 1112//2977 
f 1490//2978 1112//2978 1113//2978 
f 1490//2979 1113//2979 1491//2979 
f 1540//2980 1161//2980 1162//2980 
f 1540//2981 1539//2981 1161//2981 
f 1489//2982 1111//2982 1490//2982 
f 1541//2983 1162//2983 1163//2983 
f 1541//2984 1540//2984 1162//2984 
f 1488//2985 1111//2985 1489//2985 
f 1488//2986 1110//2986 1111//2986 
f 1542//2987 1163//2987 1164//2987 
f 1542//2988 1541//2988 1163//2988 
f 1487//2989 1108//2989 1109//2989 
f 1487//2990 1109//2990 1110//2990 
f 1487//2991 1110//2991 1488//2991 
f 1543//2992 1164//2992 1165//2992 
f 1543//2993 1542//2993 1164//2993 
f 1486//2994 1108//2994 1487//2994 
f 1544//2995 1165//2995 1166//2995 
f 1544//2996 1543//2996 1165//2996 
f 1485//2997 1107//2997 1108//2997 
f 1485//2998 1108//2998 1486//2998 
f 1545//2999 1166//2999 1167//2999 
f 1545//3000 1544//3000 1166//3000 
f 1484//3001 1106//3001 1107//3001 
f 1484//3002 1107//3002 1485//3002 
f 1546//3003 1167//3003 1168//3003 
f 1546//3004 1545//3004 1167//3004 
f 1105//3005 1484//3005 1483//3005 
f 1105//3006 1106//3006 1484//3006 
f 1169//3007 1548//3007 1547//3007 
f 1169//3008 1547//3008 1546//3008 
f 1169//3009 1546//3009 1168//3009 
f 1104//3010 1483//3010 1482//3010 
f 1104//3011 1105//3011 1483//3011 
f 1170//3012 1548//3012 1169//3012 
f 1103//3013 1482//3013 1481//3013 
f 1103//3014 1104//3014 1482//3014 
f 1171//3015 1548//3015 1170//3015 
f 1171//3016 1549//3016 1548//3016 
f 1102//3017 1481//3017 1480//3017 
f 1102//3018 1103//3018 1481//3018 
f 1172//3019 1550//3019 1549//3019 
f 1172//3020 1549//3020 1171//3020 
f 1101//3021 1480//3021 1479//3021 
f 1101//3022 1102//3022 1480//3022 
f 1173//3023 1550//3023 1172//3023 
f 1173//3024 1552//3024 1551//3024 
f 1173//3025 1551//3025 1550//3025 
f 1100//3026 1479//3026 1478//3026 
f 1100//3027 1101//3027 1479//3027 
f 1174//3028 1552//3028 1173//3028 
f 1099//3029 1478//3029 1477//3029 
f 1099//3030 1477//3030 1476//3030 
f 1099//3031 1100//3031 1478//3031 
f 1175//3032 1554//3032 1553//3032 
f 1175//3033 1553//3033 1552//3033 
f 1175//3034 1552//3034 1174//3034 
f 1098//3035 1099//3035 1476//3035 
f 1176//3036 1554//3036 1175//3036 
f 1097//3037 1476//3037 1475//3037 
f 1097//3038 1475//3038 1474//3038 
f 1097//3039 1098//3039 1476//3039 
f 1177//3040 1554//3040 1176//3040 
f 1177//3041 1556//3041 1555//3041 
f 1177//3042 1555//3042 1554//3042 
f 1096//3043 1097//3043 1474//3043 
f 1178//3044 1556//3044 1177//3044 
f 1095//3045 1474//3045 1473//3045 
f 1095//3046 1096//3046 1474//3046 
f 1179//3047 1556//3047 1178//3047 
f 1179//3048 1558//3048 1557//3048 
f 1179//3049 1557//3049 1556//3049 
f 1094//3050 1473//3050 1472//3050 
f 1094//3051 1095//3051 1473//3051 
f 1180//3052 1559//3052 1558//3052 
f 1180//3053 1558//3053 1179//3053 
f 1093//3054 1472//3054 1471//3054 
f 1093//3055 1094//3055 1472//3055 
f 1181//3056 1559//3056 1180//3056 
f 1092//3057 1471//3057 1470//3057 
f 1092//3058 1093//3058 1471//3058 
f 1182//3059 1561//3059 1560//3059 
f 1182//3060 1560//3060 1559//3060 
f 1182//3061 1559//3061 1181//3061 
f 1091//3062 1470//3062 1469//3062 
f 1091//3063 1092//3063 1470//3063 
f 1183//3064 1561//3064 1182//3064 
f 1090//3065 1469//3065 1468//3065 
f 1090//3066 1091//3066 1469//3066 
f 1059//3067 1436//3067 1561//3067 
f 1059//3068 1437//3068 1436//3068 
f 1059//3069 1561//3069 1183//3069 
f 1089//3070 1468//3070 1467//3070 
f 1089//3071 1090//3071 1468//3071 
f 1058//3072 1438//3072 1437//3072 
f 1058//3073 1437//3073 1059//3073 
f 1088//3074 1467//3074 1466//3074 
f 1088//3075 1466//3075 1465//3075 
f 1088//3076 1089//3076 1467//3076 
f 1060//3077 1439//3077 1438//3077 
f 1060//3078 1438//3078 1058//3078 
f 1087//3079 1088//3079 1465//3079 
f 1061//3080 1439//3080 1060//3080 
f 1086//3081 1465//3081 1464//3081 
f 1086//3082 1087//3082 1465//3082 
f 1062//3083 1439//3083 1061//3083 
f 1062//3084 1441//3084 1440//3084 
f 1062//3085 1440//3085 1439//3085 
f 1085//3086 1464//3086 1463//3086 
f 1085//3087 1086//3087 1464//3087 
f 1063//3088 1441//3088 1062//3088 
f 1063//3089 1442//3089 1441//3089 
f 1084//3090 1085//3090 1463//3090 
f 1084//3091 1463//3091 1462//3091 
f 1064//3092 1442//3092 1063//3092 
f 1064//3093 1443//3093 1442//3093 
f 1083//3094 1462//3094 1461//3094 
f 1083//3095 1084//3095 1462//3095 
f 1065//3096 1443//3096 1064//3096 
f 1065//3097 1444//3097 1443//3097 
f 1082//3098 1083//3098 1461//3098 
f 1082//3099 1461//3099 1460//3099 
f 1066//3100 1444//3100 1065//3100 
f 1081//3101 1460//3101 1459//3101 
f 1081//3102 1082//3102 1460//3102 
f 1067//3103 1444//3103 1066//3103 
f 1067//3104 1446//3104 1445//3104 
f 1067//3105 1445//3105 1444//3105 
f 1080//3106 1081//3106 1459//3106 
f 1080//3107 1459//3107 1458//3107 
f 1068//3108 1446//3108 1067//3108 
f 1068//3109 1447//3109 1446//3109 
f 1079//3110 1080//3110 1458//3110 
f 1079//3111 1458//3111 1457//3111 
f 1079//3112 1457//3112 1456//3112 
f 1069//3113 1447//3113 1068//3113 
f 1069//3114 1448//3114 1447//3114 
f 1078//3115 1079//3115 1456//3115 
f 1070//3116 1448//3116 1069//3116 
f 1077//3117 1456//3117 1455//3117 
f 1077//3118 1078//3118 1456//3118 
f 1071//3119 1448//3119 1070//3119 
f 1071//3120 1450//3120 1449//3120 
f 1071//3121 1449//3121 1448//3121 
f 1076//3122 1455//3122 1454//3122 
f 1076//3123 1077//3123 1455//3123 
f 1072//3124 1451//3124 1450//3124 
f 1072//3125 1450//3125 1071//3125 
f 1075//3126 1454//3126 1453//3126 
f 1075//3127 1076//3127 1454//3127 
f 1073//3128 1451//3128 1072//3128 
f 1074//3129 1453//3129 1452//3129 
f 1074//3130 1452//3130 1451//3130 
f 1074//3131 1075//3131 1453//3131 
f 1074//3132 1451//3132 1073//3132 
