# Created by FreeCAD <https://www.freecad.org>
v -1.074892 3.199255 18.222221
v -0.751008 3.290382 18.222221
v -0.653655 2.863851 17.833334
v -1.468750 2.543950 17.833334
v -1.208156 2.677548 17.833334
v -1.140527 2.224679 17.444445
v -1.250000 2.165064 17.444445
v -1.356366 2.100065 17.444445
v -0.848361 3.716913 18.611111
v -0.945714 4.143444 19.000000
v -0.738005 4.185433 19.000000
v -1.151072 4.091153 19.000000
v -0.474060 3.782912 18.611111
v -0.419660 3.348807 18.222221
v 2.937500 -0.000000 17.833334
v 2.500000 -0.000000 17.444445
v 2.496892 0.124615 17.444445
v -1.388094 3.076332 18.222221
v -0.935555 2.784537 17.833334
v -1.714747 2.385068 17.833334
v -1.459359 2.029845 17.444445
v -1.558725 1.954579 17.444445
v -1.214230 3.613973 18.611111
v -1.353568 4.028691 19.000000
v -1.552699 3.956213 19.000000
v -1.687500 2.922836 18.222221
v -1.943702 2.202482 17.833334
v -1.654215 1.874453 17.444445
v -1.745592 1.789667 17.444445
v 4.244717 0.211845 19.000000
v 4.250000 -0.000000 19.000000
v 3.812500 -0.000000 18.611111
v -1.568032 3.475116 18.611111
v -1.747970 3.873900 19.000000
v -1.938895 3.781955 19.000000
v -1.970135 2.740291 18.222221
v -2.153340 1.998007 17.833334
v -1.832630 1.700432 17.444445
v -1.915111 1.606969 17.444445
v -1.906250 3.301722 18.611111
v -2.125000 3.680608 19.000000
v -2.305822 3.570110 19.000000
v -2.233190 2.530512 18.222221
v -2.341577 1.773675 17.833334
v -1.992831 1.509511 17.444445
v -2.065597 1.408300 17.444445
v -2.225523 3.095514 18.611111
v -2.480911 3.450737 19.000000
v -2.649832 3.322784 19.000000
v -2.474050 2.295583 18.222221
v -2.506542 1.531716 17.833334
v -2.133227 1.303588 17.444445
v -2.195554 1.195635 17.444445
v -2.522677 2.858541 18.611111
v -2.812165 3.186570 19.000000
v -2.967506 3.042434 19.000000
v -2.690322 2.037840 18.222221
v -2.646596 1.274534 17.833334
v -2.252422 1.084709 17.444445
v -2.303690 0.971087 17.444445
v -2.794760 2.593158 18.611111
v -3.115470 2.890734 19.000000
v -3.255689 2.731847 19.000000
v -2.879857 1.759844 18.222221
v -2.760347 1.004684 17.833334
v -2.349231 0.855050 17.444445
v -2.388932 0.736888 17.444445
v -3.039068 2.302004 18.611111
v -3.387813 2.566169 19.000000
v -3.511515 2.394110 19.000000
v -3.040770 1.464358 18.222221
v -2.846664 0.724850 17.833334
v -2.422693 0.616893 17.444445
v -2.450431 0.495365 17.444445
v -3.253171 1.987972 18.611111
v -3.626486 2.216100 19.000000
v -3.732442 2.032579 19.000000
v -3.171463 1.154318 18.222221
v -2.904691 0.437812 17.833334
v -2.472077 0.372606 17.444445
v -2.487577 0.248920 17.444445
v -3.434944 1.654182 18.611111
v -3.829118 1.844006 19.000000
v -3.916274 1.650848 19.000000
v -3.270636 0.832806 18.222221
v -2.933848 0.146422 17.833334
v -2.496892 0.124615 17.444445
v -2.500000 0.000000 17.444445
v -3.582578 1.303952 18.611111
v -3.993694 1.453586 19.000000
v -4.061184 1.252710 19.000000
v -3.337304 0.503018 18.222221
v -2.933848 -0.146422 17.833334
v -2.496892 -0.124615 17.444445
v -2.487577 -0.248920 17.444445
v -3.694607 0.940763 18.611111
v -4.118578 1.048719 19.000000
v -4.165733 0.842121 19.000000
v -3.370805 0.168230 18.222221
v -2.904691 -0.437812 17.833334
v -2.472077 -0.372606 17.444445
v -2.450431 -0.495365 17.444445
v -3.769917 0.568224 18.611111
v -4.202531 0.633430 19.000000
v -4.228881 0.423163 19.000000
v -3.370805 -0.168230 18.222221
v -2.846664 -0.724850 17.833334
v -2.422693 -0.616893 17.444445
v -2.388932 -0.736888 17.444445
v -3.807761 0.190037 18.611111
v -4.244717 0.211845 19.000000
v -4.250000 -0.000000 19.000000
v -3.337304 -0.503018 18.222221
v -2.760347 -1.004684 17.833334
v -2.349231 -0.855050 17.444445
v -2.303690 -0.971087 17.444445
v -3.807761 -0.190037 18.611111
v -4.244717 -0.211845 19.000000
v -4.228881 -0.423163 19.000000
v -3.270636 -0.832806 18.222221
v -2.646596 -1.274534 17.833334
v -2.252422 -1.084709 17.444445
v -2.195554 -1.195635 17.444445
v -3.769917 -0.568224 18.611111
v -4.202531 -0.633430 19.000000
v -4.165733 -0.842121 19.000000
v -3.171463 -1.154318 18.222221
v -2.506542 -1.531716 17.833334
v -2.133227 -1.303588 17.444445
v -2.065597 -1.408300 17.444445
v -3.694607 -0.940763 18.611111
v -4.118578 -1.048719 19.000000
v -4.061184 -1.252710 19.000000
v -3.040770 -1.464358 18.222221
v -2.341577 -1.773675 17.833334
v -1.992831 -1.509511 17.444445
v -1.915111 -1.606969 17.444445
v -3.582578 -1.303952 18.611111
v -3.993694 -1.453586 19.000000
v -3.916274 -1.650848 19.000000
v -2.879857 -1.759844 18.222221
v -2.153340 -1.998007 17.833334
v -1.832630 -1.700432 17.444445
v -1.745592 -1.789667 17.444445
v -3.434944 -1.654182 18.611111
v -3.829118 -1.844006 19.000000
v -3.732442 -2.032579 19.000000
v -2.690322 -2.037840 18.222221
v -1.943702 -2.202482 17.833334
v -1.654215 -1.874453 17.444445
v -1.558725 -1.954579 17.444445
v -3.253171 -1.987972 18.611111
v -3.626486 -2.216100 19.000000
v -3.511515 -2.394110 19.000000
v -2.474050 -2.295583 18.222221
v -1.714747 -2.385068 17.833334
v -1.459359 -2.029845 17.444445
v -1.356366 -2.100065 17.444445
v -3.039068 -2.302004 18.611111
v -3.387813 -2.566169 19.000000
v -3.255689 -2.731847 19.000000
v -2.233190 -2.530512 18.222221
v -1.468750 -2.543950 17.833334
v -1.250000 -2.165064 17.444445
v -1.140527 -2.224679 17.444445
v -2.794760 -2.593158 18.611111
v -3.115470 -2.890734 19.000000
v -2.967506 -3.042434 19.000000
v -1.970135 -2.740291 18.222221
v -1.208156 -2.677548 17.833334
v -1.028218 -2.278765 17.444445
v -0.913353 -2.327184 17.444445
v -2.522677 -2.858541 18.611111
v -2.812165 -3.186570 19.000000
v -2.649832 -3.322784 19.000000
v -1.687500 -2.922836 18.222221
v -0.935555 -2.784537 17.833334
v -0.796217 -2.369818 17.444445
v -0.677101 -2.406561 17.444445
v -2.225523 -3.095514 18.611111
v -2.480911 -3.450737 19.000000
v -2.305822 -3.570110 19.000000
v -1.388094 -3.076332 18.222221
v -0.653655 -2.863851 17.833334
v -0.556302 -2.437320 17.444445
v -0.434120 -2.462019 17.444445
v -1.906250 -3.301722 18.611111
v -2.125000 -3.680608 19.000000
v -1.938895 -3.781955 19.000000
v -1.074892 -3.199255 18.222221
v -0.365260 -2.914703 17.833334
v -0.310859 -2.480598 17.444445
v -0.186825 -2.493010 17.444445
v -1.568032 -3.475116 18.611111
v -1.747970 -3.873900 19.000000
v -1.552699 -3.956213 19.000000
v -0.751008 -3.290382 18.222221
v -0.073234 -2.936587 17.833334
v -0.062327 -2.499223 17.444445
v 0.062327 -2.499223 17.444445
v -1.214230 -3.613973 18.611111
v -1.353568 -4.028691 19.000000
v -1.151072 -4.091153 19.000000
v -0.419660 -3.348807 18.222221
v 0.219520 -2.929286 17.833334
v 0.186825 -2.493010 17.444445
v 0.310859 -2.480598 17.444445
v -0.848361 -3.716913 18.611111
v -0.945714 -4.143444 19.000000
v -0.738005 -4.185433 19.000000
v -0.084141 -3.373951 18.222221
v 0.510092 -2.892873 17.833334
v 0.434120 -2.462019 17.444445
v 0.556302 -2.437320 17.444445
v -0.474060 -3.782912 18.611111
v -0.528461 -4.217017 19.000000
v -0.317603 -4.238116 19.000000
v 0.252214 -3.365563 18.222221
v 0.795594 -2.827709 17.833334
v 0.677101 -2.406561 17.444445
v 0.796217 -2.369818 17.444445
v -0.095048 -3.811315 18.611111
v -0.105955 -4.248679 19.000000
v 0.105955 -4.248679 19.000000
v 0.586063 -3.323726 18.222221
v 1.073189 -2.734442 17.833334
v 0.913353 -2.327184 17.444445
v 1.028218 -2.278765 17.444445
v 0.284908 -3.801840 18.611111
v 0.528461 -4.217017 19.000000
v 0.317603 -4.238116 19.000000
v 0.914087 -3.248857 18.222221
v 1.340119 -2.613998 17.833334
v 1.140527 -2.224679 17.444445
v 1.250000 -2.165064 17.444445
v 0.662034 -3.754580 18.611111
v 0.738005 -4.185433 19.000000
v 0.945714 -4.143444 19.000000
v 1.233026 -3.141699 18.222221
v 1.593730 -2.467576 17.833334
v 1.356366 -2.100065 17.444445
v 1.459359 -2.029845 17.444445
v 1.032579 -3.670005 18.611111
v 1.151072 -4.091153 19.000000
v 1.353568 -4.028691 19.000000
v 1.539711 -3.003317 18.222221
v 1.831501 -2.296630 17.833334
v 1.558725 -1.954579 17.444445
v 1.654215 -1.874453 17.444445
v 1.392863 -3.548956 18.611111
v 1.552699 -3.956213 19.000000
v 1.747970 -3.873900 19.000000
v 1.831094 -2.835088 18.222221
v 2.051071 -2.102859 17.833334
v 1.745592 -1.789667 17.444445
v 1.832630 -1.700432 17.444445
v 1.739303 -3.392636 18.611111
v 1.938895 -3.781955 19.000000
v 2.125000 -3.680608 19.000000
v 2.104278 -2.638681 18.222221
v 2.250256 -1.888189 17.833334
v 1.915111 -1.606969 17.444445
v 1.992831 -1.509511 17.444445
v 2.068458 -3.202599 18.611111
v 2.305822 -3.570110 19.000000
v 2.480911 -3.450737 19.000000
v 2.356549 -2.416051 18.222221
v 2.427076 -1.654753 17.833334
v 2.065597 -1.408300 17.444445
v 2.133227 -1.303588 17.444445
v 2.377055 -2.980732 18.611111
v 2.649832 -3.322784 19.000000
v 2.812165 -3.186570 19.000000
v 2.585400 -2.169408 18.222221
v 2.579776 -1.404871 17.833334
v 2.195554 -1.195635 17.444445
v 2.252422 -1.084709 17.444445
v 2.662028 -2.729242 18.611111
v 2.967506 -3.042434 19.000000
v 3.115470 -2.890734 19.000000
v 2.788556 -1.901205 18.222221
v 2.706836 -1.141027 17.833334
v 2.303690 -0.971087 17.444445
v 2.349231 -0.855050 17.444445
v 2.920544 -2.450628 18.611111
v 3.255689 -2.731847 19.000000
v 3.387813 -2.566169 19.000000
v 2.963998 -1.614107 18.222221
v 2.806995 -0.865843 17.833334
v 2.388932 -0.736888 17.444445
v 2.422693 -0.616893 17.444445
v 3.150035 -2.147658 18.611111
v 3.511515 -2.394110 19.000000
v 3.626486 -2.216100 19.000000
v 3.109982 -1.310967 18.222221
v 2.879257 -0.582054 17.833334
v 2.450431 -0.495365 17.444445
v 2.472077 -0.372606 17.444445
v 3.348220 -1.823343 18.611111
v 3.732442 -2.032579 19.000000
v 3.829118 -1.844006 19.000000
v 3.225058 -0.994799 18.222221
v 2.922903 -0.292481 17.833334
v 2.496892 -0.124615 17.444445
v 2.487577 -0.248920 17.444445
v 3.513128 -1.480908 18.611111
v 3.916274 -1.650848 19.000000
v 3.993694 -1.453586 19.000000
v 3.308082 -0.668743 18.222221
v 3.643121 -1.123754 18.611111
v 4.061184 -1.252710 19.000000
v 4.118578 -1.048719 19.000000
v 3.358229 -0.336041 18.222221
v 3.375000 -0.000000 18.222221
v 3.736908 -0.755432 18.611111
v 4.165733 -0.842121 19.000000
v 4.202531 -0.633430 19.000000
v 3.793555 -0.379602 18.611111
v 4.228881 -0.423163 19.000000
v 4.244717 -0.211845 19.000000
v 2.922903 0.292481 17.833334
v 2.487577 0.248920 17.444445
v 2.472077 0.372606 17.444445
v 2.879257 0.582054 17.833334
v 2.450431 0.495365 17.444445
v 2.422693 0.616893 17.444445
v 3.358229 0.336041 18.222221
v 2.806995 0.865843 17.833334
v 2.388932 0.736888 17.444445
v 2.349231 0.855050 17.444445
v 3.308082 0.668743 18.222221
v 2.706836 1.141027 17.833334
v 2.303690 0.971087 17.444445
v 2.252422 1.084709 17.444445
v 3.793555 0.379602 18.611111
v 4.228881 0.423163 19.000000
v 4.202531 0.633430 19.000000
v 3.225058 0.994799 18.222221
v 2.579776 1.404871 17.833334
v 2.195554 1.195635 17.444445
v 2.133227 1.303588 17.444445
v 3.736908 0.755432 18.611111
v 4.165733 0.842121 19.000000
v 4.118578 1.048719 19.000000
v 3.109982 1.310967 18.222221
v 2.427076 1.654753 17.833334
v 2.065597 1.408300 17.444445
v 1.992831 1.509511 17.444445
v 3.643121 1.123754 18.611111
v 4.061184 1.252710 19.000000
v 3.993694 1.453586 19.000000
v 2.963998 1.614107 18.222221
v 2.250256 1.888189 17.833334
v 1.915111 1.606969 17.444445
v 1.832630 1.700432 17.444445
v 3.513128 1.480908 18.611111
v 3.916274 1.650848 19.000000
v 3.829118 1.844006 19.000000
v 2.788556 1.901205 18.222221
v 2.051071 2.102859 17.833334
v 1.745592 1.789667 17.444445
v 1.654215 1.874453 17.444445
v 3.348220 1.823343 18.611111
v 3.732442 2.032579 19.000000
v 3.626486 2.216100 19.000000
v 2.585400 2.169408 18.222221
v 1.831501 2.296630 17.833334
v 1.558725 1.954579 17.444445
v 1.459359 2.029845 17.444445
v 3.150035 2.147658 18.611111
v 3.511515 2.394110 19.000000
v 3.387813 2.566169 19.000000
v 2.356549 2.416051 18.222221
v 1.593730 2.467576 17.833334
v 1.356366 2.100065 17.444445
v 1.250000 2.165064 17.444445
v 2.920544 2.450628 18.611111
v 3.255689 2.731847 19.000000
v 3.115470 2.890734 19.000000
v 2.104278 2.638681 18.222221
v 1.340119 2.613998 17.833334
v 1.140527 2.224679 17.444445
v 1.028218 2.278765 17.444445
v 2.662028 2.729242 18.611111
v 2.967506 3.042434 19.000000
v 2.812165 3.186570 19.000000
v 1.831094 2.835088 18.222221
v 1.073189 2.734442 17.833334
v 0.913353 2.327184 17.444445
v 0.796217 2.369818 17.444445
v 2.377055 2.980732 18.611111
v 2.649832 3.322784 19.000000
v 2.480911 3.450737 19.000000
v 1.539711 3.003317 18.222221
v 0.795594 2.827709 17.833334
v 0.677101 2.406561 17.444445
v 0.556302 2.437320 17.444445
v 2.068458 3.202599 18.611111
v 2.305822 3.570110 19.000000
v 2.125000 3.680608 19.000000
v 1.233026 3.141699 18.222221
v 0.510092 2.892873 17.833334
v 0.434120 2.462019 17.444445
v 0.310859 2.480598 17.444445
v 1.739303 3.392636 18.611111
v 1.938895 3.781955 19.000000
v 1.747970 3.873900 19.000000
v 0.914087 3.248857 18.222221
v 0.219520 2.929286 17.833334
v 0.186825 2.493010 17.444445
v 0.062327 2.499223 17.444445
v 1.392863 3.548956 18.611111
v 1.552699 3.956213 19.000000
v 1.353568 4.028691 19.000000
v 0.586063 3.323726 18.222221
v -0.073234 2.936587 17.833334
v -0.062327 2.499223 17.444445
v -0.186825 2.493010 17.444445
v 1.032579 3.670005 18.611111
v 1.151072 4.091153 19.000000
v 0.945714 4.143444 19.000000
v 0.252214 3.365563 18.222221
v -0.365260 2.914703 17.833334
v -0.310859 2.480598 17.444445
v -0.434120 2.462019 17.444445
v 0.662034 3.754580 18.611111
v 0.738005 4.185433 19.000000
v 0.528461 4.217017 19.000000
v -0.084141 3.373951 18.222221
v -0.556302 2.437320 17.444445
v -0.677101 2.406561 17.444445
v 0.284908 3.801840 18.611111
v 0.317603 4.238116 19.000000
v 0.105955 4.248679 19.000000
v -0.796217 2.369818 17.444445
v -0.913353 2.327184 17.444445
v -0.095048 3.811315 18.611111
v -0.105955 4.248679 19.000000
v -0.317603 4.238116 19.000000
v -1.028218 2.278765 17.444445
v -0.528461 4.217017 19.000000
v 2.500000 -0.000000 5.285714
v 2.496892 0.124615 5.285714
v 2.487577 0.248920 5.285714
v 2.472077 0.372606 5.285714
v 2.450431 0.495365 5.285714
v 2.422693 0.616893 5.285714
v 2.388932 0.736888 5.285714
v 2.349231 0.855050 5.285714
v 2.303690 0.971087 5.285714
v 2.252422 1.084709 5.285714
v 2.195554 1.195635 5.285714
v 2.133227 1.303588 5.285714
v 2.065597 1.408300 5.285714
v 1.992831 1.509511 5.285714
v 1.915111 1.606969 5.285714
v 1.832630 1.700432 5.285714
v 1.745592 1.789667 5.285714
v 1.654215 1.874453 5.285714
v 1.558725 1.954579 5.285714
v 1.459359 2.029845 5.285714
v 1.356366 2.100065 5.285714
v 1.250000 2.165064 5.285714
v 1.140527 2.224679 5.285714
v 1.028218 2.278765 5.285714
v 0.913353 2.327184 5.285714
v 0.796217 2.369818 5.285714
v 0.677101 2.406561 5.285714
v 0.556302 2.437320 5.285714
v 0.434120 2.462019 5.285714
v 0.310859 2.480598 5.285714
v 0.186825 2.493010 5.285714
v 0.062327 2.499223 5.285714
v -0.062327 2.499223 5.285714
v -0.186825 2.493010 5.285714
v -0.310859 2.480598 5.285714
v -0.434120 2.462019 5.285714
v -0.556302 2.437320 5.285714
v -0.677101 2.406561 5.285714
v -0.796217 2.369818 5.285714
v -0.913353 2.327184 5.285714
v -1.028218 2.278765 5.285714
v -1.140527 2.224679 5.285714
v -1.250000 2.165064 5.285714
v -1.356366 2.100065 5.285714
v -1.459359 2.029845 5.285714
v -1.558725 1.954579 5.285714
v -1.654215 1.874453 5.285714
v -1.745592 1.789667 5.285714
v -1.832630 1.700432 5.285714
v -1.915111 1.606969 5.285714
v -1.992831 1.509511 5.285714
v -2.065597 1.408300 5.285714
v -2.133227 1.303588 5.285714
v -2.195554 1.195635 5.285714
v -2.252422 1.084709 5.285714
v -2.303690 0.971087 5.285714
v -2.349231 0.855050 5.285714
v -2.388932 0.736888 5.285714
v -2.422693 0.616893 5.285714
v -2.450431 0.495365 5.285714
v -2.472077 0.372606 5.285714
v -2.487577 0.248920 5.285714
v -2.496892 0.124615 5.285714
v -2.500000 -0.000000 5.285714
v -2.496892 -0.124615 5.285714
v -2.487577 -0.248920 5.285714
v -2.472077 -0.372606 5.285714
v -2.450431 -0.495365 5.285714
v -2.422693 -0.616893 5.285714
v -2.388932 -0.736888 5.285714
v -2.349231 -0.855050 5.285714
v -2.303690 -0.971087 5.285714
v -2.252422 -1.084709 5.285714
v -2.195554 -1.195635 5.285714
v -2.133227 -1.303588 5.285714
v -2.065597 -1.408300 5.285714
v -1.992831 -1.509511 5.285714
v -1.915111 -1.606969 5.285714
v -1.832630 -1.700432 5.285714
v -1.745592 -1.789667 5.285714
v -1.654215 -1.874453 5.285714
v -1.558725 -1.954579 5.285714
v -1.459359 -2.029845 5.285714
v -1.356366 -2.100065 5.285714
v -1.250000 -2.165064 5.285714
v -1.140527 -2.224679 5.285714
v -1.028218 -2.278765 5.285714
v -0.913353 -2.327184 5.285714
v -0.796217 -2.369818 5.285714
v -0.677101 -2.406561 5.285714
v -0.556302 -2.437320 5.285714
v -0.434120 -2.462019 5.285714
v -0.310859 -2.480598 5.285714
v -0.186825 -2.493010 5.285714
v -0.062327 -2.499223 5.285714
v 0.062327 -2.499223 5.285714
v 0.186825 -2.493010 5.285714
v 0.310859 -2.480598 5.285714
v 0.434120 -2.462019 5.285714
v 0.556302 -2.437320 5.285714
v 0.677101 -2.406561 5.285714
v 0.796217 -2.369818 5.285714
v 0.913353 -2.327184 5.285714
v 1.028218 -2.278765 5.285714
v 1.140527 -2.224679 5.285714
v 1.250000 -2.165064 5.285714
v 1.356366 -2.100065 5.285714
v 1.459359 -2.029845 5.285714
v 1.558725 -1.954579 5.285714
v 1.654215 -1.874453 5.285714
v 1.745592 -1.789667 5.285714
v 1.832630 -1.700432 5.285714
v 1.915111 -1.606969 5.285714
v 1.992831 -1.509511 5.285714
v 2.065597 -1.408300 5.285714
v 2.133227 -1.303588 5.285714
v 2.195554 -1.195635 5.285714
v 2.252422 -1.084709 5.285714
v 2.303690 -0.971087 5.285714
v 2.349231 -0.855050 5.285714
v 2.388932 -0.736888 5.285714
v 2.422693 -0.616893 5.285714
v 2.450431 -0.495365 5.285714
v 2.472077 -0.372606 5.285714
v 2.487577 -0.248920 5.285714
v 2.496892 -0.124615 5.285714
v 4.244717 0.211845 29.000000
v 4.250000 -0.000000 29.000000
v 4.228881 0.423163 29.000000
v 4.202531 0.633430 29.000000
v 4.165733 0.842121 29.000000
v 4.118578 1.048719 29.000000
v 4.061184 1.252710 29.000000
v 3.993694 1.453586 29.000000
v 3.916274 1.650848 29.000000
v 3.829118 1.844006 29.000000
v 3.732442 2.032579 29.000000
v 3.626486 2.216100 29.000000
v 3.511515 2.394110 29.000000
v 3.387813 2.566169 29.000000
v 3.255689 2.731847 29.000000
v 3.115470 2.890734 29.000000
v 2.967506 3.042434 29.000000
v 2.812165 3.186570 29.000000
v 2.649832 3.322784 29.000000
v 2.480911 3.450737 29.000000
v 2.305822 3.570110 29.000000
v 2.125000 3.680608 29.000000
v 1.938895 3.781955 29.000000
v 1.747970 3.873900 29.000000
v 1.552699 3.956213 29.000000
v 1.353568 4.028691 29.000000
v 1.151072 4.091153 29.000000
v 0.945714 4.143444 29.000000
v 0.738005 4.185433 29.000000
v 0.528461 4.217017 29.000000
v 0.317603 4.238116 29.000000
v 0.105955 4.248679 29.000000
v -0.105955 4.248679 29.000000
v -0.317603 4.238116 29.000000
v -0.528461 4.217017 29.000000
v -0.738005 4.185433 29.000000
v -0.945714 4.143444 29.000000
v -1.151072 4.091153 29.000000
v -1.353568 4.028691 29.000000
v -1.552699 3.956213 29.000000
v -1.747970 3.873900 29.000000
v -1.938895 3.781955 29.000000
v -2.125000 3.680608 29.000000
v -2.305822 3.570110 29.000000
v -2.480911 3.450737 29.000000
v -2.649832 3.322784 29.000000
v -2.812165 3.186570 29.000000
v -2.967506 3.042434 29.000000
v -3.115470 2.890734 29.000000
v -3.255689 2.731847 29.000000
v -3.387813 2.566169 29.000000
v -3.511515 2.394110 29.000000
v -3.626486 2.216100 29.000000
v -3.732442 2.032579 29.000000
v -3.829118 1.844006 29.000000
v -3.916274 1.650848 29.000000
v -3.993694 1.453586 29.000000
v -4.061184 1.252710 29.000000
v -4.118578 1.048719 29.000000
v -4.165733 0.842121 29.000000
v -4.202531 0.633430 29.000000
v -4.228881 0.423163 29.000000
v -4.244717 0.211845 29.000000
v -4.250000 -0.000000 29.000000
v -4.244717 -0.211845 29.000000
v -4.228881 -0.423163 29.000000
v -4.202531 -0.633430 29.000000
v -4.165733 -0.842121 29.000000
v -4.118578 -1.048719 29.000000
v -4.061184 -1.252710 29.000000
v -3.993694 -1.453586 29.000000
v -3.916274 -1.650848 29.000000
v -3.829118 -1.844006 29.000000
v -3.732442 -2.032579 29.000000
v -3.626486 -2.216100 29.000000
v -3.511515 -2.394110 29.000000
v -3.387813 -2.566169 29.000000
v -3.255689 -2.731847 29.000000
v -3.115470 -2.890734 29.000000
v -2.967506 -3.042434 29.000000
v -2.812165 -3.186570 29.000000
v -2.649832 -3.322784 29.000000
v -2.480911 -3.450737 29.000000
v -2.305822 -3.570110 29.000000
v -2.125000 -3.680608 29.000000
v -1.938895 -3.781955 29.000000
v -1.747970 -3.873900 29.000000
v -1.552699 -3.956213 29.000000
v -1.353568 -4.028691 29.000000
v -1.151072 -4.091153 29.000000
v -0.945714 -4.143444 29.000000
v -0.738005 -4.185433 29.000000
v -0.528461 -4.217017 29.000000
v -0.317603 -4.238116 29.000000
v -0.105955 -4.248679 29.000000
v 0.105955 -4.248679 29.000000
v 0.317603 -4.238116 29.000000
v 0.528461 -4.217017 29.000000
v 0.738005 -4.185433 29.000000
v 0.945714 -4.143444 29.000000
v 1.151072 -4.091153 29.000000
v 1.353568 -4.028691 29.000000
v 1.552699 -3.956213 29.000000
v 1.747970 -3.873900 29.000000
v 1.938895 -3.781955 29.000000
v 2.125000 -3.680608 29.000000
v 2.305822 -3.570110 29.000000
v 2.480911 -3.450737 29.000000
v 2.649832 -3.322784 29.000000
v 2.812165 -3.186570 29.000000
v 2.967506 -3.042434 29.000000
v 3.115470 -2.890734 29.000000
v 3.255689 -2.731847 29.000000
v 3.387813 -2.566169 29.000000
v 3.511515 -2.394110 29.000000
v 3.626486 -2.216100 29.000000
v 3.732442 -2.032579 29.000000
v 3.829118 -1.844006 29.000000
v 3.916274 -1.650848 29.000000
v 3.993694 -1.453586 29.000000
v 4.061184 -1.252710 29.000000
v 4.118578 -1.048719 29.000000
v 4.165733 -0.842121 29.000000
v 4.202531 -0.633430 29.000000
v 4.228881 -0.423163 29.000000
v 4.244717 -0.211845 29.000000
v 2.858778 0.727934 4.642857
v 2.560663 0.932005 4.964286
v 2.640736 0.672414 4.964286
v 2.983524 1.085914 4.321429
v 2.860576 1.377581 4.321429
v 2.657858 1.279957 4.642857
v 2.772093 1.008959 4.642857
v 3.133019 1.320678 4.000000
v 3.194955 1.162868 4.000000
v 3.248948 1.002168 4.000000
v 2.721613 0.135830 4.964286
v 2.694564 0.406140 4.964286
v 2.917051 0.439675 4.642857
v -2.725000 -0.000000 4.964286
v 3.076820 0.783455 4.321429
v 3.294863 0.838975 4.000000
v 3.332587 0.673697 4.000000
v 2.721613 -0.135830 4.964286
v 2.946333 0.147045 4.642857
v 3.139538 0.473209 4.321429
v 3.362025 0.506744 4.000000
v 3.383105 0.338531 4.000000
v 2.694564 -0.406140 4.964286
v 2.946333 -0.147045 4.642857
v -3.395774 0.169476 4.000000
v -3.400000 -0.000000 4.000000
v -3.175000 -0.000000 4.321429
v 3.171053 0.158261 4.321429
v 3.395774 0.169476 4.000000
v 3.400000 -0.000000 4.000000
v 2.640736 -0.672414 4.964286
v 2.917051 -0.439675 4.642857
v 3.171053 -0.158261 4.321429
v 3.395774 -0.169476 4.000000
v 3.383105 -0.338531 4.000000
v 2.560663 -0.932005 4.964286
v 2.858778 -0.727934 4.642857
v 3.139538 -0.473209 4.321429
v 3.362025 -0.506744 4.000000
v 3.332587 -0.673697 4.000000
v 2.455140 -1.182333 4.964286
v 2.772093 -1.008959 4.642857
v 3.076820 -0.783455 4.321429
v 3.294863 -0.838975 4.000000
v 3.248948 -1.002168 4.000000
v 2.325218 -1.420911 4.964286
v 2.657858 -1.279957 4.642857
v 2.983524 -1.085914 4.321429
v 3.194955 -1.162868 4.000000
v 3.133019 -1.320678 4.000000
v 2.172186 -1.645367 4.964286
v 2.517208 -1.538234 4.642857
v 2.860576 -1.377581 4.321429
v 3.063294 -1.475205 4.000000
v 2.985953 -1.626064 4.000000
v 1.997566 -1.853471 4.964286
v 2.351541 -1.781223 4.642857
v 2.709198 -1.655557 4.321429
v 2.901189 -1.772880 4.000000
v 2.809212 -1.915288 4.000000
v 1.803094 -2.043154 4.964286
v 2.162503 -2.006510 4.642857
v 2.530896 -1.917079 4.321429
v 2.710251 -2.052935 4.000000
v 2.604551 -2.185478 4.000000
v 1.590701 -2.212531 4.964286
v 1.951973 -2.211854 4.642857
v 2.327440 -2.159549 4.321429
v 2.492376 -2.312587 4.000000
v 2.374005 -2.433947 4.000000
v 1.362500 -2.359919 4.964286
v 1.722044 -2.395217 4.642857
v 2.100852 -2.380555 4.321429
v 2.249732 -2.549256 4.000000
v 2.119865 -2.658227 4.000000
v 1.120757 -2.483853 4.964286
v 1.475000 -2.554775 4.642857
v 1.853386 -2.577903 4.321429
v 1.984728 -2.760589 4.000000
v 1.844657 -2.856088 4.000000
v 0.867876 -2.583102 4.964286
v 1.213297 -2.688942 4.642857
v 1.587500 -2.749631 4.321429
v 1.700000 -2.944486 4.000000
v 1.551116 -3.025564 4.000000
v 0.606370 -2.656679 4.964286
v 0.939536 -2.796386 4.642857
v 1.305837 -2.894031 4.321429
v 1.398376 -3.099120 4.000000
v 1.242159 -3.164971 4.000000
v 0.338837 -2.703852 4.964286
v 0.656437 -2.876037 4.642857
v 1.011195 -3.009669 4.321429
v 1.082855 -3.222953 4.000000
v 0.920858 -3.272923 4.000000
v 0.067936 -2.724153 4.964286
v 0.366814 -2.927106 4.642857
v 0.706504 -3.095396 4.321429
v 0.756571 -3.314755 4.000000
v 0.590404 -3.348346 4.000000
v -0.203640 -2.717380 4.964286
v 0.073546 -2.949083 4.642857
v 0.394791 -3.150359 4.321429
v 0.422769 -3.373613 4.000000
v 0.254082 -3.390493 4.000000
v -0.473191 -2.683601 4.964286
v -0.220454 -2.941751 4.642857
v 0.079155 -3.174013 4.321429
v 0.084764 -3.398943 4.000000
v -0.084764 -3.398943 4.000000
v -0.738040 -2.623151 4.964286
v -0.512262 -2.905183 4.642857
v -0.237268 -3.166122 4.321429
v -0.422769 -3.373613 4.000000
v -0.254082 -3.390493 4.000000
v -0.995554 -2.536631 4.964286
v -0.798979 -2.839741 4.642857
v -0.551333 -3.126765 4.321429
v -0.590404 -3.348346 4.000000
v -0.756571 -3.314755 4.000000
v -1.243174 -2.424901 4.964286
v -1.077756 -2.746078 4.642857
v -0.859918 -3.056332 4.321429
v -0.920858 -3.272923 4.000000
v -1.082855 -3.222953 4.000000
v -1.478439 -2.289071 4.964286
v -1.345821 -2.625122 4.642857
v -1.159958 -2.955524 4.321429
v -1.242159 -3.164971 4.000000
v -1.398376 -3.099120 4.000000
v -1.699010 -2.130491 4.964286
v -1.600511 -2.478076 4.642857
v -1.448469 -2.825343 4.321429
v -1.551116 -3.025564 4.000000
v -1.700000 -2.944486 4.000000
v -1.902695 -1.950737 4.964286
v -1.839295 -2.306403 4.642857
v -1.722584 -2.667082 4.321429
v -1.844657 -2.856088 4.000000
v -1.984728 -2.760589 4.000000
v -2.087471 -1.751596 4.964286
v -2.059799 -2.111807 4.642857
v -1.979580 -2.482315 4.321429
v -2.119865 -2.658227 4.000000
v -2.249732 -2.549256 4.000000
v -2.251501 -1.535047 4.964286
v -2.259831 -1.896223 4.642857
v -2.216902 -2.272877 4.321429
v -2.374005 -2.433947 4.000000
v -2.492376 -2.312587 4.000000
v -2.393154 -1.303242 4.964286
v -2.437404 -1.661794 4.642857
v -2.432191 -2.040851 4.321429
v -2.604551 -2.185478 4.000000
v -2.710251 -2.052935 4.000000
v -2.511023 -1.058485 4.964286
v -2.590754 -1.410849 4.642857
v -2.623308 -1.788541 4.321429
v -2.809212 -1.915288 4.000000
v -2.901189 -1.772880 4.000000
v -2.603936 -0.803208 4.964286
v -2.718355 -1.145883 4.642857
v -2.788353 -1.518456 4.321429
v -2.985953 -1.626064 4.000000
v -3.063294 -1.475205 4.000000
v -2.670970 -0.539948 4.964286
v -2.818940 -0.869528 4.642857
v -2.925687 -1.233280 4.321429
v -3.133019 -1.320678 4.000000
v -3.194955 -1.162868 4.000000
v -2.711459 -0.271322 4.964286
v -2.891509 -0.584531 4.642857
v -3.033944 -0.935848 4.321429
v -3.248948 -1.002168 4.000000
v -3.294863 -0.838975 4.000000
v -2.935341 -0.293725 4.642857
v -2.950000 -0.000000 4.642857
v -3.112048 -0.629114 4.321429
v -3.332587 -0.673697 4.000000
v -3.362025 -0.506744 4.000000
v -3.159223 -0.316128 4.321429
v -3.383105 -0.338531 4.000000
v -3.395774 -0.169476 4.000000
v -2.711459 0.271322 4.964286
v -2.670970 0.539948 4.964286
v -2.935341 0.293725 4.642857
v -2.603936 0.803208 4.964286
v -2.891509 0.584531 4.642857
v -3.159223 0.316128 4.321429
v -3.383105 0.338531 4.000000
v -3.362025 0.506744 4.000000
v -2.511023 1.058485 4.964286
v -2.818940 0.869528 4.642857
v -3.112048 0.629114 4.321429
v -3.332587 0.673697 4.000000
v -3.294863 0.838975 4.000000
v -2.393154 1.303242 4.964286
v -2.718355 1.145883 4.642857
v -3.033944 0.935848 4.321429
v -3.248948 1.002168 4.000000
v -3.194955 1.162868 4.000000
v -2.251501 1.535047 4.964286
v -2.590754 1.410849 4.642857
v -2.925687 1.233280 4.321429
v -3.133019 1.320678 4.000000
v -3.063294 1.475205 4.000000
v -2.087471 1.751596 4.964286
v -2.437404 1.661794 4.642857
v -2.788353 1.518456 4.321429
v -2.985953 1.626064 4.000000
v -2.901189 1.772880 4.000000
v -1.902695 1.950737 4.964286
v -2.259831 1.896223 4.642857
v -2.623308 1.788541 4.321429
v -2.809212 1.915288 4.000000
v -2.710251 2.052935 4.000000
v -1.699010 2.130491 4.964286
v -2.059799 2.111807 4.642857
v -2.432191 2.040851 4.321429
v -2.604551 2.185478 4.000000
v -2.492376 2.312587 4.000000
v -1.478439 2.289071 4.964286
v -1.839295 2.306403 4.642857
v -2.216902 2.272877 4.321429
v -2.374005 2.433947 4.000000
v -2.249732 2.549256 4.000000
v -1.243174 2.424901 4.964286
v -1.600511 2.478076 4.642857
v -1.979580 2.482315 4.321429
v -2.119865 2.658227 4.000000
v -1.984728 2.760589 4.000000
v -0.995554 2.536631 4.964286
v -1.345821 2.625122 4.642857
v -1.722584 2.667082 4.321429
v -1.844657 2.856088 4.000000
v -1.700000 2.944486 4.000000
v -0.738040 2.623151 4.964286
v -1.077756 2.746078 4.642857
v -1.448469 2.825343 4.321429
v -1.551116 3.025564 4.000000
v -1.398376 3.099120 4.000000
v -0.473191 2.683601 4.964286
v -0.798979 2.839741 4.642857
v -1.159958 2.955524 4.321429
v -1.242159 3.164971 4.000000
v -1.082855 3.222953 4.000000
v -0.203640 2.717380 4.964286
v -0.512262 2.905183 4.642857
v -0.859918 3.056332 4.321429
v -0.920858 3.272923 4.000000
v -0.756571 3.314755 4.000000
v 0.067936 2.724153 4.964286
v -0.220454 2.941751 4.642857
v -0.551333 3.126765 4.321429
v -0.590404 3.348346 4.000000
v -0.422769 3.373613 4.000000
v 0.338837 2.703852 4.964286
v 0.073546 2.949083 4.642857
v -0.237268 3.166122 4.321429
v -0.254082 3.390493 4.000000
v -0.084764 3.398943 4.000000
v 0.606370 2.656679 4.964286
v 0.366814 2.927106 4.642857
v 0.079155 3.174013 4.321429
v 0.084764 3.398943 4.000000
v 0.254082 3.390493 4.000000
v 0.867876 2.583102 4.964286
v 0.656437 2.876037 4.642857
v 0.394791 3.150359 4.321429
v 0.422769 3.373613 4.000000
v 0.590404 3.348346 4.000000
v 1.120757 2.483853 4.964286
v 0.939536 2.796386 4.642857
v 0.706504 3.095396 4.321429
v 0.756571 3.314755 4.000000
v 0.920858 3.272923 4.000000
v 1.362500 2.359919 4.964286
v 1.213297 2.688942 4.642857
v 1.011195 3.009669 4.321429
v 1.082855 3.222953 4.000000
v 1.242159 3.164971 4.000000
v 1.590701 2.212531 4.964286
v 1.475000 2.554775 4.642857
v 1.305837 2.894031 4.321429
v 1.398376 3.099120 4.000000
v 1.551116 3.025564 4.000000
v 1.803094 2.043154 4.964286
v 1.722044 2.395217 4.642857
v 1.587500 2.749631 4.321429
v 1.700000 2.944486 4.000000
v 1.844657 2.856088 4.000000
v 1.997566 1.853471 4.964286
v 1.951973 2.211854 4.642857
v 1.853386 2.577903 4.321429
v 1.984728 2.760589 4.000000
v 2.119865 2.658227 4.000000
v 2.172186 1.645367 4.964286
v 2.162503 2.006510 4.642857
v 2.100852 2.380555 4.321429
v 2.249732 2.549256 4.000000
v 2.374005 2.433947 4.000000
v 2.325218 1.420911 4.964286
v 2.351541 1.781223 4.642857
v 2.327440 2.159549 4.321429
v 2.492376 2.312587 4.000000
v 2.604551 2.185478 4.000000
v 2.455140 1.182333 4.964286
v 2.517208 1.538234 4.642857
v 2.530896 1.917079 4.321429
v 2.710251 2.052935 4.000000
v 2.809212 1.915288 4.000000
v 2.709198 1.655557 4.321429
v 2.901189 1.772880 4.000000
v 2.985953 1.626064 4.000000
v 3.063294 1.475205 4.000000
v -2.382419 -2.210562 29.000000
v -2.269270 -2.326567 29.000000
v -2.150479 -2.436789 29.000000
v -2.489645 -2.089060 29.000000
v -2.026342 -2.540952 29.000000
v -2.590681 -1.962364 29.000000
v -1.897167 -2.638798 29.000000
v -2.685276 -1.830790 29.000000
v -1.763275 -2.730084 29.000000
v -2.773195 -1.694664 29.000000
v -1.625000 -2.814583 29.000000
v -2.854220 -1.554325 29.000000
v -1.482685 -2.892083 29.000000
v -2.928149 -1.410122 29.000000
v -1.336683 -2.962394 29.000000
v -2.994798 -1.262413 29.000000
v -1.187358 -3.025340 29.000000
v -3.054001 -1.111565 29.000000
v -1.035082 -3.080764 29.000000
v -3.105612 -0.957954 29.000000
v -0.880231 -3.128529 29.000000
v -3.149501 -0.801962 29.000000
v -0.723193 -3.168516 29.000000
v -3.185561 -0.643975 29.000000
v -0.564357 -3.200625 29.000000
v -3.213700 -0.484387 29.000000
v -0.404117 -3.224777 29.000000
v -3.233850 -0.323595 29.000000
v -0.242873 -3.240912 29.000000
v -3.245960 -0.161999 29.000000
v -0.081025 -3.248990 29.000000
v -3.250000 -0.000000 29.000000
v 0.081025 -3.248990 29.000000
v -3.245960 0.161999 29.000000
v 0.242873 -3.240912 29.000000
v -3.233850 0.323595 29.000000
v 0.404117 -3.224777 29.000000
v -3.213700 0.484387 29.000000
v 0.564357 -3.200625 29.000000
v -3.185561 0.643975 29.000000
v 0.723193 -3.168516 29.000000
v -3.149501 0.801962 29.000000
v 0.880231 -3.128529 29.000000
v -3.105612 0.957954 29.000000
v 1.035082 -3.080764 29.000000
v -3.054001 1.111565 29.000000
v 1.187358 -3.025340 29.000000
v -2.994798 1.262413 29.000000
v 1.336683 -2.962394 29.000000
v -2.928149 1.410122 29.000000
v 1.482685 -2.892083 29.000000
v -2.854220 1.554325 29.000000
v 1.625000 -2.814583 29.000000
v -2.773195 1.694664 29.000000
v 1.763275 -2.730084 29.000000
v -2.685276 1.830790 29.000000
v 1.897167 -2.638798 29.000000
v -2.590681 1.962364 29.000000
v 2.026342 -2.540952 29.000000
v -2.489645 2.089060 29.000000
v 2.150479 -2.436789 29.000000
v -2.382419 2.210562 29.000000
v 2.269270 -2.326567 29.000000
v -2.269270 2.326567 29.000000
v 2.382419 -2.210562 29.000000
v -2.150479 2.436789 29.000000
v 2.489645 -2.089060 29.000000
v -2.026342 2.540952 29.000000
v 2.590681 -1.962364 29.000000
v -1.897167 2.638798 29.000000
v 2.685276 -1.830790 29.000000
v 2.773195 -1.694664 29.000000
v -1.763275 2.730084 29.000000
v -1.625000 2.814583 29.000000
v 2.854220 -1.554325 29.000000
v -1.482685 2.892083 29.000000
v -1.336683 2.962394 29.000000
v 2.928149 -1.410122 29.000000
v 2.994798 -1.262413 29.000000
v -1.187358 3.025340 29.000000
v 3.054001 -1.111565 29.000000
v -1.035082 3.080764 29.000000
v 3.105612 -0.957954 29.000000
v -0.880231 3.128529 29.000000
v 3.149501 -0.801962 29.000000
v -0.723193 3.168516 29.000000
v 3.185561 -0.643975 29.000000
v 3.213700 -0.484387 29.000000
v -0.564357 3.200625 29.000000
v -0.404117 3.224777 29.000000
v 3.233850 -0.323595 29.000000
v 3.245960 -0.161999 29.000000
v -0.242873 3.240912 29.000000
v -0.081025 3.248990 29.000000
v 3.250000 -0.000000 29.000000
v 0.081025 3.248990 29.000000
v 3.245960 0.161999 29.000000
v 0.242873 3.240912 29.000000
v 0.404117 3.224777 29.000000
v 3.233850 0.323595 29.000000
v 3.213700 0.484387 29.000000
v 0.564357 3.200625 29.000000
v 3.185561 0.643975 29.000000
v 0.723193 3.168516 29.000000
v 3.149501 0.801962 29.000000
v 3.105612 0.957954 29.000000
v 0.880231 3.128529 29.000000
v 1.035082 3.080764 29.000000
v 1.187358 3.025340 29.000000
v 3.054001 1.111565 29.000000
v 2.994798 1.262413 29.000000
v 1.336683 2.962394 29.000000
v 2.928149 1.410122 29.000000
v 1.482685 2.892083 29.000000
v 2.854220 1.554325 29.000000
v 1.625000 2.814583 29.000000
v 2.773195 1.694664 29.000000
v 1.763275 2.730084 29.000000
v 2.685276 1.830790 29.000000
v 1.897167 2.638798 29.000000
v 2.590681 1.962364 29.000000
v 2.489645 2.089060 29.000000
v 2.026342 2.540952 29.000000
v 2.150479 2.436789 29.000000
v 2.269270 2.326567 29.000000
v 2.382419 2.210562 29.000000
v -2.565681 -2.380605 4.000000
v -2.443829 -2.505534 4.000000
v -2.681155 -2.249757 4.000000
v -2.315900 -2.624234 4.000000
v -2.789964 -2.113315 4.000000
v -2.182214 -2.736410 4.000000
v -2.891836 -1.971620 4.000000
v -2.043103 -2.841783 4.000000
v -2.986518 -1.825023 4.000000
v -1.898912 -2.940091 4.000000
v -3.073776 -1.673889 4.000000
v -1.750000 -3.031089 4.000000
v -3.153391 -1.518593 4.000000
v -1.596737 -3.114551 4.000000
v -3.225167 -1.359522 4.000000
v -1.439505 -3.190270 4.000000
v -3.288924 -1.197070 4.000000
v -1.278694 -3.258058 4.000000
v -3.344505 -1.031643 4.000000
v -1.114703 -3.317746 4.000000
v -3.391771 -0.863651 4.000000
v -0.947942 -3.369185 4.000000
v -3.430604 -0.693511 4.000000
v -0.778823 -3.412248 4.000000
v -3.460908 -0.521648 4.000000
v -0.607769 -3.446827 4.000000
v -3.482608 -0.348487 4.000000
v -0.435203 -3.472837 4.000000
v -3.495649 -0.174461 4.000000
v -0.261555 -3.490213 4.000000
v -3.500000 -0.000000 4.000000
v -0.087257 -3.498912 4.000000
v -3.495649 0.174461 4.000000
v 0.087257 -3.498912 4.000000
v 0.261555 -3.490213 4.000000
v -3.482608 0.348487 4.000000
v 0.435203 -3.472837 4.000000
v -3.460908 0.521648 4.000000
v 0.607769 -3.446827 4.000000
v -3.430604 0.693511 4.000000
v 0.778823 -3.412248 4.000000
v -3.391771 0.863651 4.000000
v 0.947942 -3.369185 4.000000
v -3.344505 1.031643 4.000000
v 1.114703 -3.317746 4.000000
v -3.288924 1.197070 4.000000
v 1.278694 -3.258058 4.000000
v -3.225167 1.359522 4.000000
v 1.439505 -3.190270 4.000000
v -3.153391 1.518593 4.000000
v 1.596737 -3.114551 4.000000
v -3.073776 1.673889 4.000000
v 1.750000 -3.031089 4.000000
v -2.986518 1.825023 4.000000
v 1.898912 -2.940091 4.000000
v -2.891836 1.971620 4.000000
v 2.043103 -2.841783 4.000000
v -2.789964 2.113315 4.000000
v 2.182214 -2.736410 4.000000
v -2.681155 2.249757 4.000000
v 2.315900 -2.624234 4.000000
v -2.565681 2.380605 4.000000
v 2.443829 -2.505534 4.000000
v -2.443829 2.505534 4.000000
v 2.565681 -2.380605 4.000000
v -2.315900 2.624234 4.000000
v 2.681155 -2.249757 4.000000
v -2.182214 2.736410 4.000000
v 2.789964 -2.113315 4.000000
v -2.043103 2.841783 4.000000
v 2.891836 -1.971620 4.000000
v -1.898912 2.940091 4.000000
v 2.986518 -1.825023 4.000000
v -1.750000 3.031089 4.000000
v 3.073776 -1.673889 4.000000
v -1.596737 3.114551 4.000000
v 3.153391 -1.518593 4.000000
v -1.439505 3.190270 4.000000
v 3.225167 -1.359522 4.000000
v -1.278694 3.258058 4.000000
v 3.288924 -1.197070 4.000000
v -1.114703 3.317746 4.000000
v 3.344505 -1.031643 4.000000
v -0.947942 3.369185 4.000000
v 3.391771 -0.863651 4.000000
v -0.778823 3.412248 4.000000
v 3.430604 -0.693511 4.000000
v -0.607769 3.446827 4.000000
v 3.460908 -0.521648 4.000000
v -0.435203 3.472837 4.000000
v 3.482608 -0.348487 4.000000
v -0.261555 3.490213 4.000000
v 3.495649 -0.174461 4.000000
v -0.087257 3.498912 4.000000
v 3.500000 -0.000000 4.000000
v 0.087257 3.498912 4.000000
v 3.495649 0.174461 4.000000
v 0.261555 3.490213 4.000000
v 3.482608 0.348487 4.000000
v 0.435203 3.472837 4.000000
v 3.460908 0.521648 4.000000
v 0.607769 3.446827 4.000000
v 3.430604 0.693511 4.000000
v 0.778823 3.412248 4.000000
v 3.391771 0.863651 4.000000
v 0.947942 3.369185 4.000000
v 3.344505 1.031643 4.000000
v 1.114703 3.317746 4.000000
v 3.288924 1.197070 4.000000
v 1.278694 3.258058 4.000000
v 3.225167 1.359522 4.000000
v 1.439505 3.190270 4.000000
v 3.153391 1.518593 4.000000
v 1.596737 3.114551 4.000000
v 3.073776 1.673889 4.000000
v 1.750000 3.031089 4.000000
v 2.986518 1.825023 4.000000
v 1.898912 2.940091 4.000000
v 2.891836 1.971620 4.000000
v 2.043103 2.841783 4.000000
v 2.789964 2.113315 4.000000
v 2.182214 2.736410 4.000000
v 2.681155 2.249757 4.000000
v 2.315900 2.624234 4.000000
v 2.565681 2.380605 4.000000
v 2.443829 2.505534 4.000000
v 3.250000 -0.000000 19.000000
v 3.245960 0.161999 19.000000
v 3.233850 0.323595 19.000000
v 3.213700 0.484387 19.000000
v 3.185561 0.643975 19.000000
v 3.149501 0.801962 19.000000
v 3.105612 0.957954 19.000000
v 3.054001 1.111565 19.000000
v 2.994798 1.262413 19.000000
v 2.928149 1.410122 19.000000
v 2.854220 1.554325 19.000000
v 2.773195 1.694664 19.000000
v 2.685276 1.830790 19.000000
v 2.590681 1.962364 19.000000
v 2.489645 2.089060 19.000000
v 2.382419 2.210562 19.000000
v 2.269270 2.326567 19.000000
v 2.150479 2.436789 19.000000
v 2.026342 2.540952 19.000000
v 1.897167 2.638798 19.000000
v 1.763275 2.730084 19.000000
v 1.625000 2.814583 19.000000
v 1.482685 2.892083 19.000000
v 1.336683 2.962394 19.000000
v 1.187358 3.025340 19.000000
v 1.035082 3.080764 19.000000
v 0.880231 3.128529 19.000000
v 0.723193 3.168516 19.000000
v 0.564357 3.200625 19.000000
v 0.404117 3.224777 19.000000
v 0.242873 3.240912 19.000000
v 0.081025 3.248990 19.000000
v -0.081025 3.248990 19.000000
v -0.242873 3.240912 19.000000
v -0.404117 3.224777 19.000000
v -0.564357 3.200625 19.000000
v -0.723193 3.168516 19.000000
v -0.880231 3.128529 19.000000
v -1.035082 3.080764 19.000000
v -1.187358 3.025340 19.000000
v -1.336683 2.962394 19.000000
v -1.482685 2.892083 19.000000
v -1.625000 2.814583 19.000000
v -1.763275 2.730084 19.000000
v -1.897167 2.638798 19.000000
v -2.026342 2.540952 19.000000
v -2.150479 2.436789 19.000000
v -2.269270 2.326567 19.000000
v -2.382419 2.210562 19.000000
v -2.489645 2.089060 19.000000
v -2.590681 1.962364 19.000000
v -2.685276 1.830790 19.000000
v -2.773195 1.694664 19.000000
v -2.854220 1.554325 19.000000
v -2.928149 1.410122 19.000000
v -2.994798 1.262413 19.000000
v -3.054001 1.111565 19.000000
v -3.105612 0.957954 19.000000
v -3.149501 0.801962 19.000000
v -3.185561 0.643975 19.000000
v -3.213700 0.484387 19.000000
v -3.233850 0.323595 19.000000
v -3.245960 0.161999 19.000000
v -3.250000 -0.000000 19.000000
v -3.245960 -0.161999 19.000000
v -3.233850 -0.323595 19.000000
v -3.213700 -0.484387 19.000000
v -3.185561 -0.643975 19.000000
v -3.149501 -0.801962 19.000000
v -3.105612 -0.957954 19.000000
v -3.054001 -1.111565 19.000000
v -2.994798 -1.262413 19.000000
v -2.928149 -1.410122 19.000000
v -2.854220 -1.554325 19.000000
v -2.773195 -1.694664 19.000000
v -2.685276 -1.830790 19.000000
v -2.590681 -1.962364 19.000000
v -2.489645 -2.089060 19.000000
v -2.382419 -2.210562 19.000000
v -2.269270 -2.326567 19.000000
v -2.150479 -2.436789 19.000000
v -2.026342 -2.540952 19.000000
v -1.897167 -2.638798 19.000000
v -1.763275 -2.730084 19.000000
v -1.625000 -2.814583 19.000000
v -1.482685 -2.892083 19.000000
v -1.336683 -2.962394 19.000000
v -1.187358 -3.025340 19.000000
v -1.035082 -3.080764 19.000000
v -0.880231 -3.128529 19.000000
v -0.723193 -3.168516 19.000000
v -0.564357 -3.200625 19.000000
v -0.404117 -3.224777 19.000000
v -0.242873 -3.240912 19.000000
v -0.081025 -3.248990 19.000000
v 0.081025 -3.248990 19.000000
v 0.242873 -3.240912 19.000000
v 0.404117 -3.224777 19.000000
v 0.564357 -3.200625 19.000000
v 0.723193 -3.168516 19.000000
v 0.880231 -3.128529 19.000000
v 1.035082 -3.080764 19.000000
v 1.187358 -3.025340 19.000000
v 1.336683 -2.962394 19.000000
v 1.482685 -2.892083 19.000000
v 1.625000 -2.814583 19.000000
v 1.763275 -2.730084 19.000000
v 1.897167 -2.638798 19.000000
v 2.026342 -2.540952 19.000000
v 2.150479 -2.436789 19.000000
v 2.269270 -2.326567 19.000000
v 2.382419 -2.210562 19.000000
v 2.489645 -2.089060 19.000000
v 2.590681 -1.962364 19.000000
v 2.685276 -1.830790 19.000000
v 2.773195 -1.694664 19.000000
v 2.854220 -1.554325 19.000000
v 2.928149 -1.410122 19.000000
v 2.994798 -1.262413 19.000000
v 3.054001 -1.111565 19.000000
v 3.105612 -0.957954 19.000000
v 3.149501 -0.801962 19.000000
v 3.185561 -0.643975 19.000000
v 3.213700 -0.484387 19.000000
v 3.233850 -0.323595 19.000000
v 3.245960 -0.161999 19.000000
v 3.500000 -0.000000 2.000000
v 3.495649 0.174461 2.000000
v 3.482608 0.348487 2.000000
v 3.460908 0.521648 2.000000
v 3.430604 0.693511 2.000000
v 3.391771 0.863651 2.000000
v 3.344505 1.031643 2.000000
v 3.288924 1.197070 2.000000
v 3.225167 1.359522 2.000000
v 3.153391 1.518593 2.000000
v 3.073776 1.673889 2.000000
v 2.986518 1.825023 2.000000
v 2.891836 1.971620 2.000000
v 2.789964 2.113315 2.000000
v 2.681155 2.249757 2.000000
v 2.565681 2.380605 2.000000
v 2.443829 2.505534 2.000000
v 2.315900 2.624234 2.000000
v 2.182214 2.736410 2.000000
v 2.043103 2.841783 2.000000
v 1.898912 2.940091 2.000000
v 1.750000 3.031089 2.000000
v 1.596737 3.114551 2.000000
v 1.439505 3.190270 2.000000
v 1.278694 3.258058 2.000000
v 1.114703 3.317746 2.000000
v 0.947942 3.369185 2.000000
v 0.778823 3.412248 2.000000
v 0.607769 3.446827 2.000000
v 0.435203 3.472837 2.000000
v 0.261555 3.490213 2.000000
v 0.087257 3.498912 2.000000
v -0.087257 3.498912 2.000000
v -0.261555 3.490213 2.000000
v -0.435203 3.472837 2.000000
v -0.607769 3.446827 2.000000
v -0.778823 3.412248 2.000000
v -0.947942 3.369185 2.000000
v -1.114703 3.317746 2.000000
v -1.278694 3.258058 2.000000
v -1.439505 3.190270 2.000000
v -1.596737 3.114551 2.000000
v -1.750000 3.031089 2.000000
v -1.898912 2.940091 2.000000
v -2.043103 2.841783 2.000000
v -2.182214 2.736410 2.000000
v -2.315900 2.624234 2.000000
v -2.443829 2.505534 2.000000
v -2.565681 2.380605 2.000000
v -2.681155 2.249757 2.000000
v -2.789964 2.113315 2.000000
v -2.891836 1.971620 2.000000
v -2.986518 1.825023 2.000000
v -3.073776 1.673889 2.000000
v -3.153391 1.518593 2.000000
v -3.225167 1.359522 2.000000
v -3.288924 1.197070 2.000000
v -3.344505 1.031643 2.000000
v -3.391771 0.863651 2.000000
v -3.430604 0.693511 2.000000
v -3.460908 0.521648 2.000000
v -3.482608 0.348487 2.000000
v -3.495649 0.174461 2.000000
v -3.500000 -0.000000 2.000000
v -3.495649 -0.174461 2.000000
v -3.482608 -0.348487 2.000000
v -3.460908 -0.521648 2.000000
v -3.430604 -0.693511 2.000000
v -3.391771 -0.863651 2.000000
v -3.344505 -1.031643 2.000000
v -3.288924 -1.197070 2.000000
v -3.225167 -1.359522 2.000000
v -3.153391 -1.518593 2.000000
v -3.073776 -1.673889 2.000000
v -2.986518 -1.825023 2.000000
v -2.891836 -1.971620 2.000000
v -2.789964 -2.113315 2.000000
v -2.681155 -2.249757 2.000000
v -2.565681 -2.380605 2.000000
v -2.443829 -2.505534 2.000000
v -2.315900 -2.624234 2.000000
v -2.182214 -2.736410 2.000000
v -2.043103 -2.841783 2.000000
v -1.898912 -2.940091 2.000000
v -1.750000 -3.031089 2.000000
v -1.596737 -3.114551 2.000000
v -1.439505 -3.190270 2.000000
v -1.278694 -3.258058 2.000000
v -1.114703 -3.317746 2.000000
v -0.947942 -3.369185 2.000000
v -0.778823 -3.412248 2.000000
v -0.607769 -3.446827 2.000000
v -0.435203 -3.472837 2.000000
v -0.261555 -3.490213 2.000000
v -0.087257 -3.498912 2.000000
v 0.087257 -3.498912 2.000000
v 0.261555 -3.490213 2.000000
v 0.435203 -3.472837 2.000000
v 0.607769 -3.446827 2.000000
v 0.778823 -3.412248 2.000000
v 0.947942 -3.369185 2.000000
v 1.114703 -3.317746 2.000000
v 1.278694 -3.258058 2.000000
v 1.439505 -3.190270 2.000000
v 1.596737 -3.114551 2.000000
v 1.750000 -3.031089 2.000000
v 1.898912 -2.940091 2.000000
v 2.043103 -2.841783 2.000000
v 2.182214 -2.736410 2.000000
v 2.315900 -2.624234 2.000000
v 2.443829 -2.505534 2.000000
v 2.565681 -2.380605 2.000000
v 2.681155 -2.249757 2.000000
v 2.789964 -2.113315 2.000000
v 2.891836 -1.971620 2.000000
v 2.986518 -1.825023 2.000000
v 3.073776 -1.673889 2.000000
v 3.153391 -1.518593 2.000000
v 3.225167 -1.359522 2.000000
v 3.288924 -1.197070 2.000000
v 3.344505 -1.031643 2.000000
v 3.391771 -0.863651 2.000000
v 3.430604 -0.693511 2.000000
v 3.460908 -0.521648 2.000000
v 3.482608 -0.348487 2.000000
v 3.495649 -0.174461 2.000000
v -1.832630 -1.700432 19.000000
v -1.745592 -1.789667 19.000000
v -1.654215 -1.874453 19.000000
v -1.915111 -1.606969 19.000000
v -1.558725 -1.954579 19.000000
v -1.992831 -1.509511 19.000000
v -1.459359 -2.029845 19.000000
v -2.065597 -1.408300 19.000000
v -1.356366 -2.100065 19.000000
v -2.133227 -1.303588 19.000000
v -1.250000 -2.165064 19.000000
v -2.195554 -1.195635 19.000000
v -1.140527 -2.224679 19.000000
v -2.252422 -1.084709 19.000000
v -1.028218 -2.278765 19.000000
v -2.303690 -0.971087 19.000000
v -0.913353 -2.327184 19.000000
v -2.349231 -0.855050 19.000000
v -0.796217 -2.369818 19.000000
v -2.388932 -0.736888 19.000000
v -0.677101 -2.406561 19.000000
v -2.422693 -0.616893 19.000000
v -0.556302 -2.437320 19.000000
v -2.450431 -0.495365 19.000000
v -0.434120 -2.462019 19.000000
v -2.472077 -0.372606 19.000000
v -0.310859 -2.480598 19.000000
v -2.487577 -0.248920 19.000000
v -0.186825 -2.493010 19.000000
v -2.496892 -0.124615 19.000000
v -0.062327 -2.499223 19.000000
v -2.500000 -0.000000 19.000000
v 0.062327 -2.499223 19.000000
v -2.496892 0.124615 19.000000
v 0.186825 -2.493010 19.000000
v -2.487577 0.248920 19.000000
v 0.310859 -2.480598 19.000000
v -2.472077 0.372606 19.000000
v 0.434120 -2.462019 19.000000
v -2.450431 0.495365 19.000000
v 0.556302 -2.437320 19.000000
v -2.422693 0.616893 19.000000
v 0.677101 -2.406561 19.000000
v -2.388932 0.736888 19.000000
v 0.796217 -2.369818 19.000000
v -2.349231 0.855050 19.000000
v 0.913353 -2.327184 19.000000
v -2.303690 0.971087 19.000000
v 1.028218 -2.278765 19.000000
v -2.252422 1.084709 19.000000
v 1.140527 -2.224679 19.000000
v -2.195554 1.195635 19.000000
v 1.250000 -2.165064 19.000000
v -2.133227 1.303588 19.000000
v 1.356366 -2.100065 19.000000
v -2.065597 1.408300 19.000000
v 1.459359 -2.029845 19.000000
v -1.992831 1.509511 19.000000
v 1.558725 -1.954579 19.000000
v -1.915111 1.606969 19.000000
v 1.654215 -1.874453 19.000000
v -1.832630 1.700432 19.000000
v 1.745592 -1.789667 19.000000
v -1.745592 1.789667 19.000000
v 1.832630 -1.700432 19.000000
v -1.654215 1.874453 19.000000
v 1.915111 -1.606969 19.000000
v 1.992831 -1.509511 19.000000
v -1.558725 1.954579 19.000000
v 2.065597 -1.408300 19.000000
v -1.459359 2.029845 19.000000
v -1.356366 2.100065 19.000000
v 2.133227 -1.303588 19.000000
v -1.250000 2.165064 19.000000
v 2.195554 -1.195635 19.000000
v -1.140527 2.224679 19.000000
v 2.252422 -1.084709 19.000000
v -1.028218 2.278765 19.000000
v -0.913353 2.327184 19.000000
v 2.303690 -0.971087 19.000000
v 2.349231 -0.855050 19.000000
v 2.388932 -0.736888 19.000000
v -0.796217 2.369818 19.000000
v -0.677101 2.406561 19.000000
v 2.422693 -0.616893 19.000000
v -0.556302 2.437320 19.000000
v -0.434120 2.462019 19.000000
v 2.450431 -0.495365 19.000000
v 2.472077 -0.372606 19.000000
v 2.487577 -0.248920 19.000000
v -0.310859 2.480598 19.000000
v 2.496892 -0.124615 19.000000
v -0.186825 2.493010 19.000000
v -0.062327 2.499223 19.000000
v 2.500000 -0.000000 19.000000
v 0.062327 2.499223 19.000000
v 2.496892 0.124615 19.000000
v 0.186825 2.493010 19.000000
v 2.487577 0.248920 19.000000
v 2.472077 0.372606 19.000000
v 0.310859 2.480598 19.000000
v 0.434120 2.462019 19.000000
v 2.450431 0.495365 19.000000
v 2.422693 0.616893 19.000000
v 0.556302 2.437320 19.000000
v 0.677101 2.406561 19.000000
v 2.388932 0.736888 19.000000
v 2.349231 0.855050 19.000000
v 0.796217 2.369818 19.000000
v 0.913353 2.327184 19.000000
v 2.303690 0.971087 19.000000
v 1.028218 2.278765 19.000000
v 1.140527 2.224679 19.000000
v 2.252422 1.084709 19.000000
v 2.195554 1.195635 19.000000
v 2.133227 1.303588 19.000000
v 1.250000 2.165064 19.000000
v 1.356366 2.100065 19.000000
v 2.065597 1.408300 19.000000
v 1.459359 2.029845 19.000000
v 1.992831 1.509511 19.000000
v 1.915111 1.606969 19.000000
v 1.558725 1.954579 19.000000
v 1.654215 1.874453 19.000000
v 1.832630 1.700432 19.000000
v 1.745592 1.789667 19.000000
v -1.832630 -1.700432 2.000000
v -1.745592 -1.789667 2.000000
v -1.654215 -1.874453 2.000000
v -1.915111 -1.606969 2.000000
v -1.558725 -1.954579 2.000000
v -1.992831 -1.509511 2.000000
v -1.459359 -2.029845 2.000000
v -2.065597 -1.408300 2.000000
v -1.356366 -2.100065 2.000000
v -2.133227 -1.303588 2.000000
v -1.250000 -2.165064 2.000000
v -2.195554 -1.195635 2.000000
v -1.140527 -2.224679 2.000000
v -2.252422 -1.084709 2.000000
v -1.028218 -2.278765 2.000000
v -2.303690 -0.971087 2.000000
v -0.913353 -2.327184 2.000000
v -2.349231 -0.855050 2.000000
v -0.796217 -2.369818 2.000000
v -2.388932 -0.736888 2.000000
v -0.677101 -2.406561 2.000000
v -2.422693 -0.616893 2.000000
v -0.556302 -2.437320 2.000000
v -2.450431 -0.495365 2.000000
v -0.434120 -2.462019 2.000000
v -2.472077 -0.372606 2.000000
v -0.310859 -2.480598 2.000000
v -2.487577 -0.248920 2.000000
v -0.186825 -2.493010 2.000000
v -2.496892 -0.124615 2.000000
v -0.062327 -2.499223 2.000000
v -2.500000 -0.000000 2.000000
v 0.062327 -2.499223 2.000000
v -2.496892 0.124615 2.000000
v 0.186825 -2.493010 2.000000
v -2.487577 0.248920 2.000000
v 0.310859 -2.480598 2.000000
v -2.472077 0.372606 2.000000
v 0.434120 -2.462019 2.000000
v -2.450431 0.495365 2.000000
v 0.556302 -2.437320 2.000000
v -2.422693 0.616893 2.000000
v 0.677101 -2.406561 2.000000
v -2.388932 0.736888 2.000000
v 0.796217 -2.369818 2.000000
v -2.349231 0.855050 2.000000
v 0.913353 -2.327184 2.000000
v -2.303690 0.971087 2.000000
v 1.028218 -2.278765 2.000000
v -2.252422 1.084709 2.000000
v 1.140527 -2.224679 2.000000
v -2.195554 1.195635 2.000000
v 1.250000 -2.165064 2.000000
v -2.133227 1.303588 2.000000
v 1.356366 -2.100065 2.000000
v -2.065597 1.408300 2.000000
v 1.459359 -2.029845 2.000000
v -1.992831 1.509511 2.000000
v 1.558725 -1.954579 2.000000
v -1.915111 1.606969 2.000000
v 1.654215 -1.874453 2.000000
v -1.832630 1.700432 2.000000
v 1.745592 -1.789667 2.000000
v -1.745592 1.789667 2.000000
v 1.832630 -1.700432 2.000000
v -1.654215 1.874453 2.000000
v -1.558725 1.954579 2.000000
v 1.915111 -1.606969 2.000000
v 1.992831 -1.509511 2.000000
v -1.459359 2.029845 2.000000
v 2.065597 -1.408300 2.000000
v -1.356366 2.100065 2.000000
v 2.133227 -1.303588 2.000000
v -1.250000 2.165064 2.000000
v 2.195554 -1.195635 2.000000
v -1.140527 2.224679 2.000000
v 2.252422 -1.084709 2.000000
v -1.028218 2.278765 2.000000
v 2.303690 -0.971087 2.000000
v -0.913353 2.327184 2.000000
v 2.349231 -0.855050 2.000000
v -0.796217 2.369818 2.000000
v 2.388932 -0.736888 2.000000
v -0.677101 2.406561 2.000000
v 2.422693 -0.616893 2.000000
v 2.450431 -0.495365 2.000000
v -0.556302 2.437320 2.000000
v -0.434120 2.462019 2.000000
v 2.472077 -0.372606 2.000000
v -0.310859 2.480598 2.000000
v 2.487577 -0.248920 2.000000
v -0.186825 2.493010 2.000000
v 2.496892 -0.124615 2.000000
v -0.062327 2.499223 2.000000
v 2.500000 -0.000000 2.000000
v 0.062327 2.499223 2.000000
v 0.186825 2.493010 2.000000
v 2.496892 0.124615 2.000000
v 2.487577 0.248920 2.000000
v 0.310859 2.480598 2.000000
v 2.472077 0.372606 2.000000
v 2.450431 0.495365 2.000000
v 0.434120 2.462019 2.000000
v 0.556302 2.437320 2.000000
v 2.422693 0.616893 2.000000
v 2.388932 0.736888 2.000000
v 0.677101 2.406561 2.000000
v 0.796217 2.369818 2.000000
v 2.349231 0.855050 2.000000
v 0.913353 2.327184 2.000000
v 2.303690 0.971087 2.000000
v 1.028218 2.278765 2.000000
v 2.252422 1.084709 2.000000
v 1.140527 2.224679 2.000000
v 2.195554 1.195635 2.000000
v 1.250000 2.165064 2.000000
v 2.133227 1.303588 2.000000
v 1.356366 2.100065 2.000000
v 2.065597 1.408300 2.000000
v 1.992831 1.509511 2.000000
v 1.459359 2.029845 2.000000
v 1.558725 1.954579 2.000000
v 1.915111 1.606969 2.000000
v 1.832630 1.700432 2.000000
v 1.654215 1.874453 2.000000
v 1.745592 1.789667 2.000000
v -1.282841 -1.190302 19.000000
v -1.221914 -1.252767 19.000000
v -1.157950 -1.312117 19.000000
v -1.340578 -1.124878 19.000000
v -1.091107 -1.368205 19.000000
v -1.394982 -1.056658 19.000000
v -1.021551 -1.420892 19.000000
v -1.445918 -0.985810 19.000000
v -0.949456 -1.470045 19.000000
v -1.493259 -0.912512 19.000000
v -0.875000 -1.515544 19.000000
v -1.536888 -0.836944 19.000000
v -0.798369 -1.557276 19.000000
v -1.576696 -0.759297 19.000000
v -0.719752 -1.595135 19.000000
v -1.612583 -0.679761 19.000000
v -0.639347 -1.629029 19.000000
v -1.644462 -0.598535 19.000000
v -0.557352 -1.658873 19.000000
v -1.672252 -0.515822 19.000000
v -0.473971 -1.684592 19.000000
v -1.695885 -0.431825 19.000000
v -0.389412 -1.706124 19.000000
v -1.715302 -0.346756 19.000000
v -0.303884 -1.723414 19.000000
v -1.730454 -0.260824 19.000000
v -0.217601 -1.736419 19.000000
v -1.741304 -0.174244 19.000000
v -0.130778 -1.745107 19.000000
v -1.747825 -0.087230 19.000000
v -0.043629 -1.749456 19.000000
v -1.750000 -0.000000 19.000000
v 0.043629 -1.749456 19.000000
v -1.747825 0.087230 19.000000
v 0.130778 -1.745107 19.000000
v -1.741304 0.174244 19.000000
v 0.217601 -1.736419 19.000000
v -1.730454 0.260824 19.000000
v 0.303884 -1.723414 19.000000
v -1.715302 0.346756 19.000000
v 0.389412 -1.706124 19.000000
v -1.695885 0.431825 19.000000
v 0.473971 -1.684592 19.000000
v -1.672252 0.515822 19.000000
v 0.557352 -1.658873 19.000000
v -1.644462 0.598535 19.000000
v 0.639347 -1.629029 19.000000
v -1.612583 0.679761 19.000000
v 0.719752 -1.595135 19.000000
v -1.576696 0.759297 19.000000
v 0.798369 -1.557276 19.000000
v -1.536888 0.836944 19.000000
v 0.875000 -1.515544 19.000000
v -1.493259 0.912512 19.000000
v 0.949456 -1.470045 19.000000
v -1.445918 0.985810 19.000000
v 1.021551 -1.420892 19.000000
v -1.394982 1.056658 19.000000
v 1.091107 -1.368205 19.000000
v -1.340578 1.124878 19.000000
v 1.157950 -1.312117 19.000000
v -1.282841 1.190302 19.000000
v 1.221914 -1.252767 19.000000
v -1.221914 1.252767 19.000000
v 1.282841 -1.190302 19.000000
v -1.157950 1.312117 19.000000
v -1.091107 1.368205 19.000000
v 1.340578 -1.124878 19.000000
v 1.394982 -1.056658 19.000000
v 1.445918 -0.985810 19.000000
v -1.021551 1.420892 19.000000
v 1.493259 -0.912512 19.000000
v -0.949456 1.470045 19.000000
v -0.875000 1.515544 19.000000
v 1.536888 -0.836944 19.000000
v -0.798369 1.557276 19.000000
v 1.576696 -0.759297 19.000000
v -0.719752 1.595135 19.000000
v -0.639347 1.629029 19.000000
v 1.612583 -0.679761 19.000000
v 1.644462 -0.598535 19.000000
v 1.672252 -0.515822 19.000000
v -0.557352 1.658873 19.000000
v -0.473971 1.684592 19.000000
v -0.389412 1.706124 19.000000
v 1.695885 -0.431825 19.000000
v 1.715302 -0.346756 19.000000
v 1.730454 -0.260824 19.000000
v -0.303884 1.723414 19.000000
v -0.217601 1.736419 19.000000
v 1.741304 -0.174244 19.000000
v -0.130778 1.745107 19.000000
v 1.747825 -0.087230 19.000000
v -0.043629 1.749456 19.000000
v 0.043629 1.749456 19.000000
v 1.750000 -0.000000 19.000000
v 0.130778 1.745107 19.000000
v 1.747825 0.087230 19.000000
v 0.217601 1.736419 19.000000
v 1.741304 0.174244 19.000000
v 1.730454 0.260824 19.000000
v 1.715302 0.346756 19.000000
v 0.303884 1.723414 19.000000
v 1.695885 0.431825 19.000000
v 0.389412 1.706124 19.000000
v 0.473971 1.684592 19.000000
v 1.672252 0.515822 19.000000
v 1.644462 0.598535 19.000000
v 0.557352 1.658873 19.000000
v 0.639347 1.629029 19.000000
v 1.612583 0.679761 19.000000
v 1.576696 0.759297 19.000000
v 0.719752 1.595135 19.000000
v 0.798369 1.557276 19.000000
v 1.536888 0.836944 19.000000
v 0.875000 1.515544 19.000000
v 1.493259 0.912512 19.000000
v 1.445918 0.985810 19.000000
v 0.949456 1.470045 19.000000
v 1.021551 1.420892 19.000000
v 1.394982 1.056658 19.000000
v 1.091107 1.368205 19.000000
v 1.157950 1.312117 19.000000
v 1.340578 1.124878 19.000000
v 1.282841 1.190302 19.000000
v 1.221914 1.252767 19.000000
v 2.500000 -0.000000 1.000000
v 2.496892 0.124615 1.000000
v 2.487577 0.248920 1.000000
v 2.472077 0.372606 1.000000
v 2.450431 0.495365 1.000000
v 2.422693 0.616893 1.000000
v 2.388932 0.736888 1.000000
v 2.349231 0.855050 1.000000
v 2.303690 0.971087 1.000000
v 2.252422 1.084709 1.000000
v 2.195554 1.195635 1.000000
v 2.133227 1.303588 1.000000
v 2.065597 1.408300 1.000000
v 1.992831 1.509511 1.000000
v 1.915111 1.606969 1.000000
v 1.832630 1.700432 1.000000
v 1.745592 1.789667 1.000000
v 1.654215 1.874453 1.000000
v 1.558725 1.954579 1.000000
v 1.459359 2.029845 1.000000
v 1.356366 2.100065 1.000000
v 1.250000 2.165064 1.000000
v 1.140527 2.224679 1.000000
v 1.028218 2.278765 1.000000
v 0.913353 2.327184 1.000000
v 0.796217 2.369818 1.000000
v 0.677101 2.406561 1.000000
v 0.556302 2.437320 1.000000
v 0.434120 2.462019 1.000000
v 0.310859 2.480598 1.000000
v 0.186825 2.493010 1.000000
v 0.062327 2.499223 1.000000
v -0.062327 2.499223 1.000000
v -0.186825 2.493010 1.000000
v -0.310859 2.480598 1.000000
v -0.434120 2.462019 1.000000
v -0.556302 2.437320 1.000000
v -0.677101 2.406561 1.000000
v -0.796217 2.369818 1.000000
v -0.913353 2.327184 1.000000
v -1.028218 2.278765 1.000000
v -1.140527 2.224679 1.000000
v -1.250000 2.165064 1.000000
v -1.356366 2.100065 1.000000
v -1.459359 2.029845 1.000000
v -1.558725 1.954579 1.000000
v -1.654215 1.874453 1.000000
v -1.745592 1.789667 1.000000
v -1.832630 1.700432 1.000000
v -1.915111 1.606969 1.000000
v -1.992831 1.509511 1.000000
v -2.065597 1.408300 1.000000
v -2.133227 1.303588 1.000000
v -2.195554 1.195635 1.000000
v -2.252422 1.084709 1.000000
v -2.303690 0.971087 1.000000
v -2.349231 0.855050 1.000000
v -2.388932 0.736888 1.000000
v -2.422693 0.616893 1.000000
v -2.450431 0.495365 1.000000
v -2.472077 0.372606 1.000000
v -2.487577 0.248920 1.000000
v -2.496892 0.124615 1.000000
v -2.500000 -0.000000 1.000000
v -2.496892 -0.124615 1.000000
v -2.487577 -0.248920 1.000000
v -2.472077 -0.372606 1.000000
v -2.450431 -0.495365 1.000000
v -2.422693 -0.616893 1.000000
v -2.388932 -0.736888 1.000000
v -2.349231 -0.855050 1.000000
v -2.303690 -0.971087 1.000000
v -2.252422 -1.084709 1.000000
v -2.195554 -1.195635 1.000000
v -2.133227 -1.303588 1.000000
v -2.065597 -1.408300 1.000000
v -1.992831 -1.509511 1.000000
v -1.915111 -1.606969 1.000000
v -1.832630 -1.700432 1.000000
v -1.745592 -1.789667 1.000000
v -1.654215 -1.874453 1.000000
v -1.558725 -1.954579 1.000000
v -1.459359 -2.029845 1.000000
v -1.356366 -2.100065 1.000000
v -1.250000 -2.165064 1.000000
v -1.140527 -2.224679 1.000000
v -1.028218 -2.278765 1.000000
v -0.913353 -2.327184 1.000000
v -0.796217 -2.369818 1.000000
v -0.677101 -2.406561 1.000000
v -0.556302 -2.437320 1.000000
v -0.434120 -2.462019 1.000000
v -0.310859 -2.480598 1.000000
v -0.186825 -2.493010 1.000000
v -0.062327 -2.499223 1.000000
v 0.062327 -2.499223 1.000000
v 0.186825 -2.493010 1.000000
v 0.310859 -2.480598 1.000000
v 0.434120 -2.462019 1.000000
v 0.556302 -2.437320 1.000000
v 0.677101 -2.406561 1.000000
v 0.796217 -2.369818 1.000000
v 0.913353 -2.327184 1.000000
v 1.028218 -2.278765 1.000000
v 1.140527 -2.224679 1.000000
v 1.250000 -2.165064 1.000000
v 1.356366 -2.100065 1.000000
v 1.459359 -2.029845 1.000000
v 1.558725 -1.954579 1.000000
v 1.654215 -1.874453 1.000000
v 1.745592 -1.789667 1.000000
v 1.832630 -1.700432 1.000000
v 1.915111 -1.606969 1.000000
v 1.992831 -1.509511 1.000000
v 2.065597 -1.408300 1.000000
v 2.133227 -1.303588 1.000000
v 2.195554 -1.195635 1.000000
v 2.252422 -1.084709 1.000000
v 2.303690 -0.971087 1.000000
v 2.349231 -0.855050 1.000000
v 2.388932 -0.736888 1.000000
v 2.422693 -0.616893 1.000000
v 2.450431 -0.495365 1.000000
v 2.472077 -0.372606 1.000000
v 2.487577 -0.248920 1.000000
v 2.496892 -0.124615 1.000000
v 1.747825 0.087230 1.000000
v 1.750000 -0.000000 1.000000
v 1.741304 0.174244 1.000000
v 1.730454 0.260824 1.000000
v 1.715302 0.346756 1.000000
v 1.695885 0.431825 1.000000
v 1.672252 0.515822 1.000000
v 1.644462 0.598535 1.000000
v 1.612583 0.679761 1.000000
v 1.576696 0.759297 1.000000
v 1.536888 0.836944 1.000000
v 1.493259 0.912512 1.000000
v 1.445918 0.985810 1.000000
v 1.394982 1.056658 1.000000
v 1.340578 1.124878 1.000000
v 1.282841 1.190302 1.000000
v 1.221914 1.252767 1.000000
v 1.157950 1.312117 1.000000
v 1.091107 1.368205 1.000000
v 1.021551 1.420892 1.000000
v 0.949456 1.470045 1.000000
v 0.875000 1.515544 1.000000
v 0.798369 1.557276 1.000000
v 0.719752 1.595135 1.000000
v 0.639347 1.629029 1.000000
v 0.557352 1.658873 1.000000
v 0.473971 1.684592 1.000000
v 0.389412 1.706124 1.000000
v 0.303884 1.723414 1.000000
v 0.217601 1.736419 1.000000
v 0.130778 1.745107 1.000000
v 0.043629 1.749456 1.000000
v -0.043629 1.749456 1.000000
v -0.130778 1.745107 1.000000
v -0.217601 1.736419 1.000000
v -0.303884 1.723414 1.000000
v -0.389412 1.706124 1.000000
v -0.473971 1.684592 1.000000
v -0.557352 1.658873 1.000000
v -0.639347 1.629029 1.000000
v -0.719752 1.595135 1.000000
v -0.798369 1.557276 1.000000
v -0.875000 1.515544 1.000000
v -0.949456 1.470045 1.000000
v -1.021551 1.420892 1.000000
v -1.091107 1.368205 1.000000
v -1.157950 1.312117 1.000000
v -1.221914 1.252767 1.000000
v -1.282841 1.190302 1.000000
v -1.340578 1.124878 1.000000
v -1.394982 1.056658 1.000000
v -1.445918 0.985810 1.000000
v -1.493259 0.912512 1.000000
v -1.536888 0.836944 1.000000
v -1.576696 0.759297 1.000000
v -1.612583 0.679761 1.000000
v -1.644462 0.598535 1.000000
v -1.672252 0.515822 1.000000
v -1.695885 0.431825 1.000000
v -1.715302 0.346756 1.000000
v -1.730454 0.260824 1.000000
v -1.741304 0.174244 1.000000
v -1.747825 0.087230 1.000000
v -1.750000 -0.000000 1.000000
v -1.747825 -0.087230 1.000000
v -1.741304 -0.174244 1.000000
v -1.730454 -0.260824 1.000000
v -1.715302 -0.346756 1.000000
v -1.695885 -0.431825 1.000000
v -1.672252 -0.515822 1.000000
v -1.644462 -0.598535 1.000000
v -1.612583 -0.679761 1.000000
v -1.576696 -0.759297 1.000000
v -1.536888 -0.836944 1.000000
v -1.493259 -0.912512 1.000000
v -1.445918 -0.985810 1.000000
v -1.394982 -1.056658 1.000000
v -1.340578 -1.124878 1.000000
v -1.282841 -1.190302 1.000000
v -1.221914 -1.252767 1.000000
v -1.157950 -1.312117 1.000000
v -1.091107 -1.368205 1.000000
v -1.021551 -1.420892 1.000000
v -0.949456 -1.470045 1.000000
v -0.875000 -1.515544 1.000000
v -0.798369 -1.557276 1.000000
v -0.719752 -1.595135 1.000000
v -0.639347 -1.629029 1.000000
v -0.557352 -1.658873 1.000000
v -0.473971 -1.684592 1.000000
v -0.389412 -1.706124 1.000000
v -0.303884 -1.723414 1.000000
v -0.217601 -1.736419 1.000000
v -0.130778 -1.745107 1.000000
v -0.043629 -1.749456 1.000000
v 0.043629 -1.749456 1.000000
v 0.130778 -1.745107 1.000000
v 0.217601 -1.736419 1.000000
v 0.303884 -1.723414 1.000000
v 0.389412 -1.706124 1.000000
v 0.473971 -1.684592 1.000000
v 0.557352 -1.658873 1.000000
v 0.639347 -1.629029 1.000000
v 0.719752 -1.595135 1.000000
v 0.798369 -1.557276 1.000000
v 0.875000 -1.515544 1.000000
v 0.949456 -1.470045 1.000000
v 1.021551 -1.420892 1.000000
v 1.091107 -1.368205 1.000000
v 1.157950 -1.312117 1.000000
v 1.221914 -1.252767 1.000000
v 1.282841 -1.190302 1.000000
v 1.340578 -1.124878 1.000000
v 1.394982 -1.056658 1.000000
v 1.445918 -0.985810 1.000000
v 1.493259 -0.912512 1.000000
v 1.536888 -0.836944 1.000000
v 1.576696 -0.759297 1.000000
v 1.612583 -0.679761 1.000000
v 1.644462 -0.598535 1.000000
v 1.672252 -0.515822 1.000000
v 1.695885 -0.431825 1.000000
v 1.715302 -0.346756 1.000000
v 1.730454 -0.260824 1.000000
v 1.741304 -0.174244 1.000000
v 1.747825 -0.087230 1.000000
vn -0.180061 0.639976 -0.747000
vn -0.304507 0.593963 -0.744636
vn -0.346484 0.566994 -0.747306
vn -0.317789 0.583561 -0.747306
vn -0.180062 0.639977 -0.746999
vn -0.131664 0.651305 -0.747306
vn -0.163965 0.643932 -0.747306
vn -0.114670 0.650326 -0.750950
vn -0.115446 0.654726 -0.746998
vn -0.115446 0.654725 -0.746999
vn 0.664273 0.016566 -0.747306
vn -0.242887 0.618867 -0.747000
vn -0.242888 0.618867 -0.747000
vn -0.401215 0.529678 -0.747306
vn -0.374315 0.549019 -0.747306
vn -0.362134 0.560693 -0.744636
vn -0.178852 0.635677 -0.750950
vn -0.195859 0.634958 -0.747307
vn -0.227265 0.624406 -0.747307
vn -0.180062 0.639977 -0.746998
vn -0.303300 0.591608 -0.747000
vn -0.303300 0.591608 -0.747000
vn -0.451961 0.487098 -0.747306
vn -0.427120 0.509021 -0.747306
vn -0.416161 0.521849 -0.744636
vn 0.664273 0.016565 -0.747306
vn -0.242888 0.618869 -0.746998
vn -0.258107 0.612302 -0.747307
vn -0.288307 0.598675 -0.747306
vn -0.241256 0.614711 -0.750950
vn -0.242888 0.618869 -0.746998
vn -0.360698 0.558469 -0.747000
vn -0.360698 0.558469 -0.747000
vn -0.466052 0.477820 -0.744636
vn -0.498214 0.439677 -0.747306
vn -0.475679 0.463964 -0.747306
vn -0.303301 0.591610 -0.746998
vn -0.303301 0.591610 -0.746998
vn -0.317790 0.583560 -0.747306
vn -0.346483 0.566994 -0.747306
vn -0.360699 0.558471 -0.746998
vn -0.301263 0.587635 -0.750950
vn -0.414511 0.519780 -0.747000
vn -0.414511 0.519780 -0.747000
vn -0.539516 0.387885 -0.747307
vn -0.519511 0.414296 -0.747306
vn -0.511312 0.429042 -0.744636
vn -0.414512 0.519782 -0.746998
vn -0.358275 0.554718 -0.750950
vn -0.374315 0.549019 -0.747306
vn -0.401216 0.529678 -0.747306
vn -0.360699 0.558471 -0.746998
vn -0.464204 0.475926 -0.747000
vn -0.509285 0.427341 -0.747000
vn -0.464204 0.475925 -0.747000
vn -0.575456 0.332240 -0.747306
vn -0.558180 0.360511 -0.747306
vn -0.551490 0.375999 -0.744636
vn -0.414512 0.519782 -0.746998
vn -0.427119 0.509021 -0.747306
vn -0.451961 0.487098 -0.747306
vn -0.411727 0.516289 -0.750950
vn -0.464206 0.475927 -0.746998
vn -0.509285 0.427341 -0.747000
vn -0.605677 0.273292 -0.747306
vn -0.591302 0.303142 -0.747306
vn -0.586187 0.319220 -0.744636
vn -0.461087 0.472729 -0.750950
vn -0.475679 0.463964 -0.747306
vn -0.464206 0.475927 -0.746998
vn -0.498214 0.439677 -0.747306
vn -0.583863 0.317955 -0.747000
vn -0.549303 0.374509 -0.747000
vn -0.549303 0.374508 -0.747000
vn -0.629878 0.211628 -0.747306
vn -0.618546 0.242762 -0.747306
vn -0.615058 0.259269 -0.744636
vn -0.509286 0.427342 -0.746999
vn -0.505864 0.424471 -0.750950
vn -0.519511 0.414296 -0.747306
vn -0.539516 0.387886 -0.747306
vn -0.509286 0.427342 -0.746998
vn -0.583863 0.317954 -0.747000
vn -0.647820 0.147860 -0.747306
vn -0.639644 0.179968 -0.747306
vn -0.637817 0.196740 -0.744636
vn -0.549305 0.374510 -0.746998
vn -0.549305 0.374509 -0.746999
vn -0.583865 0.317955 -0.746998
vn -0.545614 0.371993 -0.750950
vn -0.558180 0.360511 -0.747306
vn -0.575456 0.332240 -0.747306
vn -0.612619 0.258241 -0.747000
vn -0.612619 0.258241 -0.747000
vn -0.654236 0.132257 -0.744636
vn -0.659323 0.082624 -0.747306
vn -0.654385 0.115387 -0.747306
vn -0.579941 0.315819 -0.750950
vn -0.591301 0.303143 -0.747306
vn -0.605677 0.273291 -0.747306
vn -0.583864 0.317956 -0.746999
vn -0.635288 0.195960 -0.747000
vn -0.635288 0.195960 -0.747000
vn -0.664154 0.066459 -0.744636
vn -0.664273 0.016566 -0.747306
vn -0.662622 0.049656 -0.747306
vn -0.612621 0.258241 -0.746999
vn -0.618547 0.242762 -0.747306
vn -0.629878 0.211628 -0.747306
vn -0.608505 0.256506 -0.750950
vn -0.612621 0.258242 -0.746999
vn -0.651642 0.131732 -0.747000
vn -0.651642 0.131732 -0.747000
vn -0.667471 0.000000 -0.744636
vn -0.662622 -0.049656 -0.747306
vn -0.664273 -0.016566 -0.747306
vn -0.631021 0.194644 -0.750950
vn -0.639644 0.179968 -0.747306
vn -0.647820 0.147860 -0.747306
vn -0.635289 0.195961 -0.746999
vn -0.635289 0.195961 -0.746999
vn -0.664824 0.000000 -0.747000
vn -0.661520 0.066195 -0.747000
vn -0.661520 0.066195 -0.747000
vn -0.664154 -0.066459 -0.744636
vn -0.654385 -0.115387 -0.747306
vn -0.659323 -0.082624 -0.747306
vn -0.654385 0.115386 -0.747306
vn -0.659323 0.082625 -0.747306
vn -0.651644 0.131732 -0.746999
vn -0.647266 0.130847 -0.750950
vn -0.651644 0.131733 -0.746998
vn -0.661520 -0.066195 -0.747000
vn -0.664824 0.000000 -0.747000
vn -0.654236 -0.132257 -0.744636
vn -0.639644 -0.179968 -0.747306
vn -0.647820 -0.147860 -0.747306
vn -0.661522 0.066195 -0.746998
vn -0.661522 0.066195 -0.746998
vn -0.662621 0.049657 -0.747307
vn -0.664273 0.016565 -0.747307
vn -0.657077 0.065750 -0.750950
vn -0.661520 -0.066195 -0.747000
vn -0.618546 -0.242762 -0.747306
vn -0.629878 -0.211628 -0.747306
vn -0.637817 -0.196740 -0.744636
vn -0.664826 0.000000 -0.746998
vn -0.664273 -0.016565 -0.747307
vn -0.662621 -0.049657 -0.747307
vn -0.664826 0.000000 -0.746998
vn -0.660359 0.000000 -0.750950
vn -0.651642 -0.131732 -0.747000
vn -0.651642 -0.131732 -0.747000
vn -0.615058 -0.259269 -0.744636
vn -0.591302 -0.303142 -0.747306
vn -0.605677 -0.273292 -0.747306
vn -0.661522 -0.066195 -0.746998
vn -0.659323 -0.082625 -0.747306
vn -0.654385 -0.115386 -0.747306
vn -0.661522 -0.066195 -0.746998
vn -0.657077 -0.065750 -0.750950
vn -0.635288 -0.195960 -0.747000
vn -0.635288 -0.195960 -0.747000
vn -0.586187 -0.319220 -0.744636
vn -0.558180 -0.360511 -0.747306
vn -0.575456 -0.332240 -0.747306
vn -0.651644 -0.131733 -0.746998
vn -0.647266 -0.130847 -0.750950
vn -0.647820 -0.147860 -0.747306
vn -0.639644 -0.179968 -0.747306
vn -0.651644 -0.131732 -0.746998
vn -0.612619 -0.258241 -0.747000
vn -0.583863 -0.317955 -0.747000
vn -0.612619 -0.258241 -0.747000
vn -0.551490 -0.375999 -0.744636
vn -0.519511 -0.414296 -0.747306
vn -0.539516 -0.387885 -0.747307
vn -0.635289 -0.195961 -0.746999
vn -0.612621 -0.258242 -0.746999
vn -0.629878 -0.211628 -0.747306
vn -0.618547 -0.242762 -0.747306
vn -0.631021 -0.194644 -0.750950
vn -0.635289 -0.195961 -0.746999
vn -0.549303 -0.374508 -0.747000
vn -0.583863 -0.317954 -0.747000
vn -0.511312 -0.429042 -0.744636
vn -0.475679 -0.463964 -0.747306
vn -0.498214 -0.439677 -0.747306
vn -0.608505 -0.256506 -0.750950
vn -0.605677 -0.273291 -0.747306
vn -0.591301 -0.303143 -0.747306
vn -0.612621 -0.258241 -0.746999
vn -0.549303 -0.374509 -0.747000
vn -0.466052 -0.477820 -0.744636
vn -0.427120 -0.509021 -0.747306
vn -0.451961 -0.487098 -0.747306
vn -0.583864 -0.317956 -0.746999
vn -0.583865 -0.317955 -0.746998
vn -0.579941 -0.315819 -0.750950
vn -0.575456 -0.332240 -0.747306
vn -0.558180 -0.360511 -0.747306
vn -0.509285 -0.427341 -0.747000
vn -0.509285 -0.427341 -0.747000
vn -0.416161 -0.521849 -0.744636
vn -0.374315 -0.549019 -0.747306
vn -0.401215 -0.529678 -0.747306
vn -0.549305 -0.374510 -0.746999
vn -0.545614 -0.371993 -0.750950
vn -0.549305 -0.374510 -0.746998
vn -0.539516 -0.387886 -0.747306
vn -0.519511 -0.414296 -0.747306
vn -0.464204 -0.475926 -0.747000
vn -0.464205 -0.475926 -0.747000
vn -0.414511 -0.519780 -0.747000
vn -0.362133 -0.560693 -0.744636
vn -0.317789 -0.583561 -0.747306
vn -0.346484 -0.566994 -0.747306
vn -0.509286 -0.427342 -0.746998
vn -0.505864 -0.424471 -0.750950
vn -0.498214 -0.439677 -0.747306
vn -0.475679 -0.463964 -0.747306
vn -0.509286 -0.427342 -0.746999
vn -0.414511 -0.519780 -0.747000
vn -0.304507 -0.593963 -0.744636
vn -0.258107 -0.612302 -0.747306
vn -0.288308 -0.598675 -0.747306
vn -0.464206 -0.475927 -0.746998
vn -0.464206 -0.475927 -0.746998
vn -0.414512 -0.519782 -0.746998
vn -0.461087 -0.472729 -0.750950
vn -0.451961 -0.487098 -0.747306
vn -0.427119 -0.509021 -0.747306
vn -0.360698 -0.558469 -0.747000
vn -0.360698 -0.558469 -0.747000
vn -0.303300 -0.591608 -0.747000
vn -0.195859 -0.634959 -0.747306
vn -0.227265 -0.624407 -0.747306
vn -0.243855 -0.621331 -0.744636
vn -0.414512 -0.519782 -0.746998
vn -0.411727 -0.516289 -0.750950
vn -0.401216 -0.529678 -0.747306
vn -0.374315 -0.549019 -0.747306
vn -0.242888 -0.618867 -0.747000
vn -0.303300 -0.591608 -0.747000
vn -0.180778 -0.642523 -0.744636
vn -0.131665 -0.651304 -0.747306
vn -0.163965 -0.643932 -0.747307
vn -0.360699 -0.558471 -0.746998
vn -0.360699 -0.558471 -0.746998
vn -0.358275 -0.554718 -0.750950
vn -0.346483 -0.566994 -0.747306
vn -0.317790 -0.583560 -0.747306
vn -0.242887 -0.618867 -0.747000
vn -0.115905 -0.657330 -0.744636
vn -0.066161 -0.661178 -0.747306
vn -0.099035 -0.657058 -0.747306
vn -0.303301 -0.591610 -0.746998
vn -0.303301 -0.591610 -0.746998
vn -0.288307 -0.598675 -0.747306
vn -0.258107 -0.612302 -0.747307
vn -0.301263 -0.587635 -0.750950
vn -0.180061 -0.639976 -0.747000
vn -0.115445 -0.654724 -0.747000
vn -0.180061 -0.639976 -0.747000
vn -0.049880 -0.665604 -0.744636
vn 0.000000 -0.664480 -0.747306
vn -0.033121 -0.663654 -0.747306
vn -0.241256 -0.614711 -0.750950
vn -0.242888 -0.618869 -0.746998
vn -0.242888 -0.618869 -0.746998
vn -0.227265 -0.624406 -0.747307
vn -0.195859 -0.634958 -0.747307
vn -0.115446 -0.654724 -0.747000
vn -0.049682 -0.662965 -0.747000
vn 0.016640 -0.667263 -0.744636
vn 0.066161 -0.661178 -0.747306
vn 0.033121 -0.663654 -0.747306
vn -0.180062 -0.639977 -0.746999
vn -0.178852 -0.635677 -0.750950
vn -0.115446 -0.654725 -0.746999
vn -0.163965 -0.643932 -0.747306
vn -0.131664 -0.651305 -0.747306
vn -0.180062 -0.639977 -0.746998
vn -0.049682 -0.662965 -0.747000
vn 0.082996 -0.662290 -0.744636
vn 0.131664 -0.651305 -0.747306
vn 0.099035 -0.657058 -0.747306
vn -0.115446 -0.654726 -0.746998
vn -0.114670 -0.650326 -0.750950
vn -0.099036 -0.657058 -0.747306
vn -0.066161 -0.661178 -0.747306
vn 0.016574 -0.664617 -0.747000
vn 0.016574 -0.664617 -0.747000
vn 0.148526 -0.650736 -0.744636
vn 0.195859 -0.634959 -0.747306
vn 0.163965 -0.643932 -0.747306
vn -0.049682 -0.662967 -0.746998
vn -0.049683 -0.662967 -0.746998
vn -0.049349 -0.658512 -0.750950
vn -0.033122 -0.663654 -0.747306
vn 0.000000 -0.664480 -0.747306
vn 0.082667 -0.659664 -0.747000
vn 0.082667 -0.659664 -0.747000
vn 0.212581 -0.632714 -0.744636
vn 0.258107 -0.612302 -0.747306
vn 0.227266 -0.624407 -0.747306
vn 0.066161 -0.661178 -0.747306
vn 0.016574 -0.664619 -0.746998
vn 0.016574 -0.664619 -0.746999
vn 0.016463 -0.660153 -0.750950
vn 0.033122 -0.663654 -0.747306
vn 0.147937 -0.648155 -0.747000
vn 0.147937 -0.648155 -0.747000
vn 0.274522 -0.608404 -0.744636
vn 0.317789 -0.583561 -0.747306
vn 0.288308 -0.598675 -0.747306
vn 0.099036 -0.657058 -0.747306
vn 0.131664 -0.651305 -0.747306
vn 0.082112 -0.655234 -0.750950
vn 0.082667 -0.659666 -0.746998
vn 0.082667 -0.659666 -0.746998
vn 0.211738 -0.630205 -0.747000
vn 0.211738 -0.630205 -0.747000
vn 0.374315 -0.549019 -0.747306
vn 0.346484 -0.566994 -0.747307
vn 0.333735 -0.578047 -0.744636
vn 0.163965 -0.643932 -0.747307
vn 0.195859 -0.634958 -0.747307
vn 0.147938 -0.648157 -0.746998
vn 0.147938 -0.648157 -0.746998
vn 0.146944 -0.643802 -0.750950
vn 0.273433 -0.605991 -0.747000
vn 0.273433 -0.605991 -0.747000
vn 0.427119 -0.509021 -0.747306
vn 0.401216 -0.529679 -0.747306
vn 0.389632 -0.541945 -0.744636
vn 0.227266 -0.624406 -0.747306
vn 0.258107 -0.612302 -0.747306
vn 0.210315 -0.625972 -0.750950
vn 0.211738 -0.630207 -0.746998
vn 0.211738 -0.630206 -0.746999
vn 0.332412 -0.575755 -0.747000
vn 0.332412 -0.575754 -0.747000
vn 0.441656 -0.500457 -0.744636
vn 0.475679 -0.463964 -0.747306
vn 0.451961 -0.487098 -0.747306
vn 0.288307 -0.598675 -0.747306
vn 0.317790 -0.583560 -0.747306
vn 0.271597 -0.601921 -0.750950
vn 0.273434 -0.605993 -0.746998
vn 0.273434 -0.605993 -0.746998
vn 0.388087 -0.539796 -0.747000
vn 0.388087 -0.539796 -0.747000
vn 0.519511 -0.414296 -0.747306
vn 0.498214 -0.439676 -0.747307
vn 0.489290 -0.453995 -0.744636
vn 0.346483 -0.566994 -0.747306
vn 0.374315 -0.549019 -0.747306
vn 0.330179 -0.571887 -0.750950
vn 0.332413 -0.575756 -0.746998
vn 0.332413 -0.575756 -0.746998
vn 0.439905 -0.498473 -0.747000
vn 0.439904 -0.498473 -0.747000
vn 0.558180 -0.360511 -0.747306
vn 0.539516 -0.387886 -0.747306
vn 0.532063 -0.403021 -0.744636
vn 0.385480 -0.536170 -0.750950
vn 0.401216 -0.529678 -0.747306
vn 0.427119 -0.509021 -0.747306
vn 0.388088 -0.539797 -0.746998
vn 0.388088 -0.539797 -0.746998
vn 0.487350 -0.452195 -0.747000
vn 0.487350 -0.452195 -0.747000
vn 0.591302 -0.303142 -0.747306
vn 0.575456 -0.332240 -0.747306
vn 0.569546 -0.348043 -0.744636
vn 0.439906 -0.498474 -0.746998
vn 0.451961 -0.487098 -0.747306
vn 0.475679 -0.463964 -0.747306
vn 0.436950 -0.495124 -0.750950
vn 0.439906 -0.498474 -0.746998
vn 0.529953 -0.401424 -0.747000
vn 0.529953 -0.401423 -0.747000
vn 0.618546 -0.242762 -0.747307
vn 0.605677 -0.273292 -0.747307
vn 0.601370 -0.289605 -0.744636
vn 0.487352 -0.452196 -0.746998
vn 0.498214 -0.439677 -0.747306
vn 0.519511 -0.414296 -0.747306
vn 0.484077 -0.449158 -0.750950
vn 0.487352 -0.452196 -0.746998
vn 0.567288 -0.346663 -0.747000
vn 0.567288 -0.346663 -0.747000
vn 0.639644 -0.179968 -0.747306
vn 0.629878 -0.211628 -0.747306
vn 0.627217 -0.228288 -0.744636
vn 0.526393 -0.398728 -0.750950
vn 0.539516 -0.387886 -0.747306
vn 0.558180 -0.360511 -0.747306
vn 0.529954 -0.401425 -0.746998
vn 0.529954 -0.401425 -0.746998
vn 0.598986 -0.288457 -0.747000
vn 0.598986 -0.288456 -0.747000
vn 0.646830 -0.164703 -0.744636
vn 0.654384 -0.115387 -0.747306
vn 0.647820 -0.147860 -0.747307
vn 0.575456 -0.332240 -0.747306
vn 0.591301 -0.303143 -0.747307
vn 0.563478 -0.344334 -0.750950
vn 0.567290 -0.346663 -0.746998
vn 0.598987 -0.288457 -0.746998
vn 0.567290 -0.346664 -0.746998
vn 0.624730 -0.227383 -0.747000
vn 0.624730 -0.227383 -0.747000
vn 0.666641 -0.033271 -0.744636
vn 0.662622 -0.049656 -0.747306
vn 0.659323 -0.082624 -0.747306
vn 0.660016 -0.099481 -0.744636
vn 0.605677 -0.273291 -0.747306
vn 0.618547 -0.242762 -0.747306
vn 0.598987 -0.288457 -0.746998
vn 0.594962 -0.286519 -0.750950
vn 0.644266 -0.164050 -0.747000
vn 0.644266 -0.164050 -0.747000
vn 0.629878 -0.211628 -0.747306
vn 0.639644 -0.179968 -0.747306
vn 0.644268 -0.164050 -0.746998
vn 0.624732 -0.227384 -0.746998
vn 0.624732 -0.227384 -0.746998
vn 0.620534 -0.225856 -0.750950
vn 0.663998 -0.033139 -0.747000
vn 0.663997 -0.033139 -0.747000
vn 0.657398 -0.099087 -0.747000
vn 0.657399 -0.099087 -0.747000
vn 0.647820 -0.147860 -0.747306
vn 0.654385 -0.115386 -0.747306
vn 0.639939 -0.162949 -0.750950
vn 0.644267 -0.164051 -0.746999
vn 0.663999 -0.033139 -0.746998
vn 0.659323 -0.082625 -0.747306
vn 0.662621 -0.049657 -0.747307
vn 0.663999 -0.033139 -0.746998
vn 0.657400 -0.099087 -0.746998
vn 0.657400 -0.099087 -0.746999
vn 0.652983 -0.098421 -0.750950
vn 0.659538 -0.032916 -0.750950
vn 0.664273 -0.016566 -0.747306
vn 0.664273 -0.016565 -0.747306
vn 0.659323 0.082624 -0.747306
vn 0.662622 0.049656 -0.747306
vn 0.666641 0.033271 -0.744636
vn 0.660016 0.099481 -0.744636
vn 0.647820 0.147860 -0.747307
vn 0.654384 0.115387 -0.747306
vn 0.663998 0.033139 -0.747000
vn 0.663997 0.033139 -0.747000
vn 0.629878 0.211628 -0.747306
vn 0.639644 0.179968 -0.747306
vn 0.646830 0.164703 -0.744636
vn 0.657398 0.099087 -0.747000
vn 0.657399 0.099087 -0.747000
vn 0.605677 0.273292 -0.747307
vn 0.618546 0.242762 -0.747307
vn 0.627217 0.228288 -0.744636
vn 0.662621 0.049657 -0.747307
vn 0.659323 0.082625 -0.747306
vn 0.663999 0.033139 -0.746998
vn 0.663999 0.033139 -0.746998
vn 0.659538 0.032916 -0.750950
vn 0.644266 0.164050 -0.747000
vn 0.644266 0.164050 -0.747000
vn 0.575456 0.332240 -0.747306
vn 0.591302 0.303142 -0.747306
vn 0.601370 0.289605 -0.744636
vn 0.654385 0.115386 -0.747306
vn 0.647820 0.147860 -0.747306
vn 0.657400 0.099087 -0.746999
vn 0.652983 0.098421 -0.750950
vn 0.657400 0.099087 -0.746998
vn 0.624730 0.227383 -0.747000
vn 0.624730 0.227383 -0.747000
vn 0.539516 0.387886 -0.747306
vn 0.558180 0.360511 -0.747306
vn 0.569546 0.348043 -0.744636
vn 0.644268 0.164050 -0.746998
vn 0.639644 0.179968 -0.747306
vn 0.629878 0.211628 -0.747306
vn 0.639939 0.162949 -0.750950
vn 0.644267 0.164051 -0.746999
vn 0.598986 0.288456 -0.747000
vn 0.598985 0.288457 -0.747000
vn 0.532063 0.403021 -0.744636
vn 0.498214 0.439676 -0.747307
vn 0.519511 0.414296 -0.747306
vn 0.618547 0.242762 -0.747306
vn 0.605677 0.273291 -0.747306
vn 0.620534 0.225856 -0.750950
vn 0.624732 0.227384 -0.746998
vn 0.598987 0.288457 -0.746998
vn 0.624732 0.227384 -0.746998
vn 0.567288 0.346663 -0.747000
vn 0.567288 0.346663 -0.747000
vn 0.451961 0.487098 -0.747306
vn 0.475679 0.463964 -0.747306
vn 0.489290 0.453995 -0.744636
vn 0.591301 0.303143 -0.747307
vn 0.575456 0.332240 -0.747306
vn 0.598987 0.288457 -0.746998
vn 0.594962 0.286519 -0.750950
vn 0.529953 0.401424 -0.747000
vn 0.529953 0.401423 -0.747000
vn 0.441656 0.500457 -0.744636
vn 0.401216 0.529679 -0.747306
vn 0.427119 0.509021 -0.747306
vn 0.567290 0.346664 -0.746998
vn 0.563478 0.344334 -0.750950
vn 0.558180 0.360511 -0.747306
vn 0.539516 0.387886 -0.747306
vn 0.567290 0.346663 -0.746998
vn 0.529954 0.401425 -0.746998
vn 0.487350 0.452195 -0.747000
vn 0.487350 0.452195 -0.747000
vn 0.389632 0.541945 -0.744636
vn 0.346484 0.566994 -0.747307
vn 0.374315 0.549019 -0.747306
vn 0.526393 0.398728 -0.750950
vn 0.519511 0.414296 -0.747306
vn 0.498214 0.439677 -0.747306
vn 0.529954 0.401425 -0.746998
vn 0.439904 0.498473 -0.747000
vn 0.439904 0.498473 -0.747000
vn 0.288308 0.598675 -0.747306
vn 0.317789 0.583561 -0.747306
vn 0.333735 0.578047 -0.744636
vn 0.475679 0.463964 -0.747306
vn 0.451961 0.487098 -0.747306
vn 0.487352 0.452196 -0.746998
vn 0.484077 0.449158 -0.750950
vn 0.487352 0.452196 -0.746998
vn 0.388087 0.539796 -0.747000
vn 0.388087 0.539796 -0.747000
vn 0.227266 0.624407 -0.747306
vn 0.258107 0.612302 -0.747306
vn 0.274522 0.608404 -0.744636
vn 0.427119 0.509021 -0.747306
vn 0.401216 0.529678 -0.747306
vn 0.439906 0.498474 -0.746998
vn 0.439906 0.498474 -0.746998
vn 0.436950 0.495125 -0.750950
vn 0.332412 0.575754 -0.747000
vn 0.273433 0.605991 -0.747000
vn 0.332412 0.575755 -0.747000
vn 0.163965 0.643932 -0.747306
vn 0.195859 0.634959 -0.747306
vn 0.212581 0.632714 -0.744636
vn 0.374315 0.549019 -0.747306
vn 0.346483 0.566994 -0.747306
vn 0.388088 0.539797 -0.746998
vn 0.385480 0.536170 -0.750950
vn 0.388088 0.539797 -0.746998
vn 0.211738 0.630205 -0.747000
vn 0.273433 0.605991 -0.747000
vn 0.099035 0.657058 -0.747306
vn 0.131664 0.651305 -0.747306
vn 0.148526 0.650736 -0.744636
vn 0.317790 0.583560 -0.747306
vn 0.288307 0.598675 -0.747306
vn 0.332413 0.575756 -0.746998
vn 0.332413 0.575756 -0.746998
vn 0.330179 0.571887 -0.750950
vn 0.211738 0.630205 -0.747000
vn 0.033121 0.663654 -0.747306
vn 0.066161 0.661178 -0.747306
vn 0.082996 0.662290 -0.744636
vn 0.258107 0.612302 -0.747306
vn 0.227266 0.624406 -0.747306
vn 0.271597 0.601921 -0.750950
vn 0.273434 0.605993 -0.746998
vn 0.273434 0.605993 -0.746999
vn 0.211738 0.630206 -0.746999
vn 0.147937 0.648155 -0.747000
vn 0.147937 0.648155 -0.747000
vn -0.033121 0.663654 -0.747306
vn 0.000000 0.664480 -0.747306
vn 0.016640 0.667263 -0.744636
vn 0.147938 0.648157 -0.746998
vn 0.211738 0.630207 -0.746998
vn 0.210315 0.625972 -0.750950
vn 0.195859 0.634958 -0.747307
vn 0.163965 0.643932 -0.747307
vn 0.082667 0.659664 -0.747000
vn 0.016574 0.664617 -0.747000
vn 0.082667 0.659664 -0.747000
vn -0.099035 0.657058 -0.747306
vn -0.066161 0.661178 -0.747306
vn -0.049880 0.665604 -0.744636
vn 0.131664 0.651305 -0.747306
vn 0.099036 0.657058 -0.747306
vn 0.146944 0.643802 -0.750950
vn 0.147938 0.648157 -0.746998
vn 0.016574 0.664617 -0.747000
vn -0.163965 0.643932 -0.747307
vn -0.131665 0.651304 -0.747306
vn -0.115905 0.657330 -0.744636
vn 0.066161 0.661178 -0.747306
vn 0.033122 0.663654 -0.747306
vn 0.082667 0.659666 -0.746998
vn 0.082112 0.655234 -0.750950
vn 0.082667 0.659666 -0.746998
vn 0.016574 0.664619 -0.746998
vn -0.049682 0.662965 -0.747000
vn -0.049682 0.662965 -0.747000
vn -0.227265 0.624407 -0.747306
vn -0.195859 0.634959 -0.747306
vn -0.180778 0.642523 -0.744636
vn 0.016574 0.664619 -0.746999
vn 0.000000 0.664480 -0.747306
vn -0.033122 0.663654 -0.747306
vn 0.016463 0.660153 -0.750950
vn -0.115446 0.654724 -0.747000
vn -0.115445 0.654724 -0.747000
vn -0.288308 0.598675 -0.747306
vn -0.258107 0.612302 -0.747306
vn -0.243855 0.621331 -0.744636
vn -0.049349 0.658512 -0.750950
vn -0.066161 0.661178 -0.747306
vn -0.099036 0.657058 -0.747306
vn -0.049682 0.662967 -0.746998
vn -0.049683 0.662967 -0.746999
vn -0.180061 0.639976 -0.747000
vn 0.999689 0.024931 0.000000
vn 0.997204 0.074729 0.000000
vn 0.999689 0.024931 0.000000
vn 0.992239 0.124343 0.000000
vn 0.997204 0.074729 0.000000
vn 0.984807 0.173650 0.000000
vn 0.992239 0.124343 0.000000
vn 0.974928 0.222520 0.000000
vn 0.984807 0.173650 0.000000
vn 0.962624 0.270841 0.000000
vn 0.974928 0.222520 0.000000
vn 0.947927 0.318487 0.000000
vn 0.962624 0.270841 0.000000
vn 0.930874 0.365341 0.000000
vn 0.947927 0.318487 0.000000
vn 0.911506 0.411287 0.000000
vn 0.930874 0.365341 0.000000
vn 0.889872 0.456210 0.000000
vn 0.911506 0.411287 0.000000
vn 0.866025 0.500001 0.000000
vn 0.889872 0.456210 0.000000
vn 0.866025 0.500001 0.000000
vn 0.840026 0.542546 0.000000
vn 0.840026 0.542546 0.000000
vn 0.811938 0.583743 0.000000
vn 0.811938 0.583743 0.000000
vn 0.781832 0.623490 0.000000
vn 0.781832 0.623490 0.000000
vn 0.749781 0.661686 0.000000
vn 0.749781 0.661686 0.000000
vn 0.715867 0.698237 0.000000
vn 0.715867 0.698237 0.000000
vn 0.680173 0.733052 0.000000
vn 0.680173 0.733052 0.000000
vn 0.642788 0.766044 0.000000
vn 0.642788 0.766044 0.000000
vn 0.603804 0.797133 0.000000
vn 0.563320 0.826239 0.000000
vn 0.603804 0.797133 0.000000
vn 0.563320 0.826239 0.000000
vn 0.521436 0.853290 0.000000
vn 0.478253 0.878222 0.000000
vn 0.521436 0.853290 0.000000
vn 0.433885 0.900968 0.000000
vn 0.478253 0.878222 0.000000
vn 0.388434 0.921476 0.000000
vn 0.433885 0.900968 0.000000
vn 0.342020 0.939693 0.000000
vn 0.388434 0.921476 0.000000
vn 0.294755 0.955573 0.000000
vn 0.342020 0.939693 0.000000
vn 0.246757 0.969077 0.000000
vn 0.294755 0.955573 0.000000
vn 0.198147 0.980172 0.000000
vn 0.246757 0.969077 0.000000
vn 0.149041 0.988831 0.000000
vn 0.198147 0.980172 0.000000
vn 0.099569 0.995031 0.000000
vn 0.149041 0.988831 0.000000
vn 0.049846 0.998757 0.000000
vn 0.099569 0.995031 0.000000
vn 0.000000 1.000000 0.000000
vn 0.049846 0.998757 0.000000
vn -0.049846 0.998757 0.000000
vn 0.000000 1.000000 0.000000
vn -0.099569 0.995031 0.000000
vn -0.049846 0.998757 0.000000
vn -0.149041 0.988831 0.000000
vn -0.099569 0.995031 0.000000
vn -0.198147 0.980172 0.000000
vn -0.149041 0.988831 0.000000
vn -0.198147 0.980172 0.000000
vn -0.246757 0.969077 0.000000
vn -0.294755 0.955573 0.000000
vn -0.246757 0.969077 0.000000
vn -0.294755 0.955573 0.000000
vn -0.388434 0.921476 0.000000
vn -0.342020 0.939693 0.000000
vn -0.342020 0.939693 0.000000
vn -0.433885 0.900968 0.000000
vn -0.388434 0.921476 0.000000
vn -0.433885 0.900968 0.000000
vn -0.521436 0.853290 0.000000
vn -0.478253 0.878222 0.000000
vn -0.478253 0.878222 0.000000
vn -0.563320 0.826239 0.000000
vn -0.521436 0.853290 0.000000
vn -0.603804 0.797133 0.000000
vn -0.563320 0.826239 0.000000
vn -0.642788 0.766044 0.000000
vn -0.603804 0.797133 0.000000
vn -0.680173 0.733052 0.000000
vn -0.642788 0.766044 0.000000
vn -0.715867 0.698237 0.000000
vn -0.680173 0.733052 0.000000
vn -0.749781 0.661686 0.000000
vn -0.715867 0.698237 0.000000
vn -0.781832 0.623490 0.000000
vn -0.749781 0.661686 0.000000
vn -0.781832 0.623490 0.000000
vn -0.840026 0.542546 0.000000
vn -0.811938 0.583743 0.000000
vn -0.811938 0.583743 0.000000
vn -0.840026 0.542546 0.000000
vn -0.866025 0.500001 0.000000
vn -0.866025 0.500001 0.000000
vn -0.889872 0.456210 0.000000
vn -0.911506 0.411287 0.000000
vn -0.889872 0.456210 0.000000
vn -0.911506 0.411287 0.000000
vn -0.930874 0.365341 0.000000
vn -0.930874 0.365341 0.000000
vn -0.947927 0.318487 0.000000
vn -0.962624 0.270841 0.000000
vn -0.947927 0.318487 0.000000
vn -0.962624 0.270841 0.000000
vn -0.974928 0.222520 0.000000
vn -0.984807 0.173650 0.000000
vn -0.974928 0.222520 0.000000
vn -0.992239 0.124343 0.000000
vn -0.984807 0.173650 0.000000
vn -0.992239 0.124343 0.000000
vn -0.997204 0.074729 0.000000
vn -0.999689 0.024931 0.000000
vn -0.997204 0.074729 0.000000
vn -0.999689 0.024931 0.000000
vn -0.999689 -0.024931 0.000000
vn -0.999689 -0.024931 0.000000
vn -0.997204 -0.074729 0.000000
vn -0.997204 -0.074729 0.000000
vn -0.992239 -0.124343 0.000000
vn -0.992239 -0.124343 0.000000
vn -0.984807 -0.173650 0.000000
vn -0.984807 -0.173650 0.000000
vn -0.974928 -0.222520 0.000000
vn -0.974928 -0.222520 0.000000
vn -0.962624 -0.270841 0.000000
vn -0.962624 -0.270841 0.000000
vn -0.947927 -0.318487 0.000000
vn -0.947927 -0.318487 0.000000
vn -0.930874 -0.365341 0.000000
vn -0.930874 -0.365341 0.000000
vn -0.911506 -0.411287 0.000000
vn -0.911506 -0.411287 0.000000
vn -0.889872 -0.456210 0.000000
vn -0.889872 -0.456210 0.000000
vn -0.866025 -0.500001 0.000000
vn -0.866025 -0.500001 0.000000
vn -0.840026 -0.542546 0.000000
vn -0.840026 -0.542546 0.000000
vn -0.811938 -0.583743 0.000000
vn -0.811938 -0.583743 0.000000
vn -0.781832 -0.623490 0.000000
vn -0.781832 -0.623490 0.000000
vn -0.749781 -0.661686 0.000000
vn -0.749781 -0.661686 0.000000
vn -0.715867 -0.698237 0.000000
vn -0.715867 -0.698237 0.000000
vn -0.680173 -0.733052 0.000000
vn -0.680173 -0.733052 0.000000
vn -0.642788 -0.766044 0.000000
vn -0.642788 -0.766044 0.000000
vn -0.603804 -0.797133 0.000000
vn -0.603804 -0.797133 0.000000
vn -0.521436 -0.853290 -0.000000
vn -0.563320 -0.826239 0.000000
vn -0.563320 -0.826239 0.000000
vn -0.521436 -0.853290 0.000000
vn -0.433885 -0.900968 -0.000000
vn -0.478253 -0.878222 0.000000
vn -0.478253 -0.878222 0.000000
vn -0.433885 -0.900968 0.000000
vn -0.388434 -0.921476 0.000000
vn -0.388434 -0.921476 0.000000
vn -0.342020 -0.939693 0.000000
vn -0.294755 -0.955573 -0.000000
vn -0.342020 -0.939693 0.000000
vn -0.246757 -0.969077 -0.000000
vn -0.294755 -0.955573 0.000000
vn -0.246757 -0.969077 0.000000
vn -0.198147 -0.980172 -0.000000
vn -0.198147 -0.980172 0.000000
vn -0.149041 -0.988831 0.000000
vn -0.149041 -0.988831 0.000000
vn -0.099569 -0.995031 0.000000
vn -0.049846 -0.998757 -0.000000
vn -0.099569 -0.995031 0.000000
vn -0.049846 -0.998757 0.000000
vn 0.000000 -1.000000 0.000000
vn 0.049846 -0.998757 0.000000
vn 0.000000 -1.000000 0.000000
vn 0.049846 -0.998757 0.000000
vn 0.099569 -0.995031 0.000000
vn 0.149041 -0.988831 0.000000
vn 0.099569 -0.995031 0.000000
vn 0.149041 -0.988831 0.000000
vn 0.198147 -0.980172 0.000000
vn 0.246757 -0.969077 0.000000
vn 0.198147 -0.980172 0.000000
vn 0.246757 -0.969077 0.000000
vn 0.294755 -0.955573 0.000000
vn 0.294755 -0.955573 0.000000
vn 0.342020 -0.939693 0.000000
vn 0.342020 -0.939693 0.000000
vn 0.388434 -0.921476 0.000000
vn 0.388434 -0.921476 0.000000
vn 0.478253 -0.878222 0.000000
vn 0.433885 -0.900968 0.000000
vn 0.433885 -0.900968 0.000000
vn 0.521436 -0.853290 0.000000
vn 0.478253 -0.878222 0.000000
vn 0.521436 -0.853290 0.000000
vn 0.563320 -0.826239 0.000000
vn 0.563320 -0.826239 0.000000
vn 0.642788 -0.766044 0.000000
vn 0.603804 -0.797133 0.000000
vn 0.603804 -0.797133 0.000000
vn 0.642788 -0.766044 0.000000
vn 0.680173 -0.733052 0.000000
vn 0.680173 -0.733052 0.000000
vn 0.749781 -0.661686 0.000000
vn 0.715867 -0.698237 0.000000
vn 0.715867 -0.698237 0.000000
vn 0.749781 -0.661686 0.000000
vn 0.781832 -0.623490 0.000000
vn 0.781832 -0.623490 0.000000
vn 0.811938 -0.583743 0.000000
vn 0.840026 -0.542546 0.000000
vn 0.811938 -0.583743 0.000000
vn 0.840026 -0.542546 0.000000
vn 0.866025 -0.500001 0.000000
vn 0.889872 -0.456210 0.000000
vn 0.866025 -0.500001 0.000000
vn 0.889872 -0.456210 0.000000
vn 0.911506 -0.411287 0.000000
vn 0.930874 -0.365341 0.000000
vn 0.911506 -0.411287 0.000000
vn 0.930874 -0.365341 0.000000
vn 0.947927 -0.318487 0.000000
vn 0.962624 -0.270841 0.000000
vn 0.947927 -0.318487 0.000000
vn 0.962624 -0.270841 0.000000
vn 0.974928 -0.222520 0.000000
vn 0.974928 -0.222520 0.000000
vn 0.992239 -0.124343 0.000000
vn 0.984807 -0.173650 0.000000
vn 0.984807 -0.173650 0.000000
vn 0.992239 -0.124343 0.000000
vn 0.999689 -0.024931 0.000000
vn 0.997204 -0.074729 0.000000
vn 0.997204 -0.074729 0.000000
vn 0.999689 -0.024931 0.000000
vn 0.999689 0.024930 0.000000
vn 0.999689 0.024930 0.000000
vn 0.997204 0.074731 0.000000
vn 0.992239 0.124345 0.000000
vn 0.997204 0.074731 0.000000
vn 0.992239 0.124345 0.000000
vn 0.984808 0.173648 0.000000
vn 0.974928 0.222520 0.000000
vn 0.984808 0.173648 0.000000
vn 0.974928 0.222520 0.000000
vn 0.962624 0.270840 0.000000
vn 0.962624 0.270840 0.000000
vn 0.947927 0.318487 0.000000
vn 0.930874 0.365341 0.000000
vn 0.947927 0.318487 0.000000
vn 0.930874 0.365341 0.000000
vn 0.911506 0.411286 0.000000
vn 0.911506 0.411286 0.000000
vn 0.889872 0.456211 0.000000
vn 0.889872 0.456211 0.000000
vn 0.866025 0.500000 0.000000
vn 0.866025 0.500000 0.000000
vn 0.840026 0.542546 0.000000
vn 0.840026 0.542546 0.000000
vn 0.811938 0.583744 0.000000
vn 0.811938 0.583744 0.000000
vn 0.781832 0.623490 0.000000
vn 0.781832 0.623490 0.000000
vn 0.749781 0.661686 0.000000
vn 0.749781 0.661686 0.000000
vn 0.715867 0.698237 0.000000
vn 0.715867 0.698237 0.000000
vn 0.680173 0.733052 0.000000
vn 0.680173 0.733052 0.000000
vn 0.642788 0.766044 0.000000
vn 0.642788 0.766044 0.000000
vn 0.603804 0.797133 0.000000
vn 0.603804 0.797133 0.000000
vn 0.563320 0.826239 0.000000
vn 0.563320 0.826239 0.000000
vn 0.521436 0.853291 0.000000
vn 0.521436 0.853291 0.000000
vn 0.478254 0.878221 0.000000
vn 0.478254 0.878221 0.000000
vn 0.433884 0.900969 0.000000
vn 0.433884 0.900969 0.000000
vn 0.388435 0.921476 0.000000
vn 0.388435 0.921476 0.000000
vn 0.342020 0.939692 0.000000
vn 0.342020 0.939692 0.000000
vn 0.294755 0.955573 0.000000
vn 0.294755 0.955573 0.000000
vn 0.246757 0.969077 0.000000
vn 0.246757 0.969077 0.000000
vn 0.198146 0.980172 0.000000
vn 0.149043 0.988831 0.000000
vn 0.198146 0.980172 0.000000
vn 0.149043 0.988831 0.000000
vn 0.099568 0.995031 0.000000
vn 0.099568 0.995031 0.000000
vn 0.049846 0.998757 0.000000
vn 0.049846 0.998757 0.000000
vn 0.000000 1.000000 0.000000
vn -0.000000 1.000000 0.000000
vn -0.049846 0.998757 0.000000
vn -0.049846 0.998757 0.000000
vn -0.099568 0.995031 0.000000
vn -0.099568 0.995031 0.000000
vn -0.149043 0.988831 0.000000
vn -0.149043 0.988831 0.000000
vn -0.198146 0.980172 0.000000
vn -0.198146 0.980172 0.000000
vn -0.246757 0.969077 0.000000
vn -0.246757 0.969077 0.000000
vn -0.294755 0.955573 0.000000
vn -0.294755 0.955573 0.000000
vn -0.342020 0.939692 0.000000
vn -0.342020 0.939692 0.000000
vn -0.388435 0.921476 0.000000
vn -0.388435 0.921476 0.000000
vn -0.433884 0.900969 0.000000
vn -0.433884 0.900969 0.000000
vn -0.478254 0.878221 0.000000
vn -0.478254 0.878221 0.000000
vn -0.521436 0.853291 0.000000
vn -0.521436 0.853291 0.000000
vn -0.563320 0.826239 0.000000
vn -0.563320 0.826239 0.000000
vn -0.603804 0.797133 0.000000
vn -0.603804 0.797133 0.000000
vn -0.642788 0.766044 0.000000
vn -0.642788 0.766044 0.000000
vn -0.680173 0.733052 0.000000
vn -0.680173 0.733052 0.000000
vn -0.715867 0.698237 0.000000
vn -0.715867 0.698237 0.000000
vn -0.749781 0.661686 0.000000
vn -0.749781 0.661686 0.000000
vn -0.781832 0.623490 0.000000
vn -0.781832 0.623490 0.000000
vn -0.811938 0.583744 0.000000
vn -0.811938 0.583744 0.000000
vn -0.840026 0.542546 0.000000
vn -0.840026 0.542546 0.000000
vn -0.866025 0.500000 0.000000
vn -0.866025 0.500000 0.000000
vn -0.889872 0.456211 0.000000
vn -0.889872 0.456211 0.000000
vn -0.911506 0.411286 0.000000
vn -0.911506 0.411286 0.000000
vn -0.930874 0.365341 0.000000
vn -0.930874 0.365341 0.000000
vn -0.947927 0.318487 0.000000
vn -0.947927 0.318487 0.000000
vn -0.962624 0.270840 0.000000
vn -0.962624 0.270840 0.000000
vn -0.974928 0.222520 0.000000
vn -0.974928 0.222520 0.000000
vn -0.984808 0.173648 0.000000
vn -0.984808 0.173648 0.000000
vn -0.992239 0.124345 0.000000
vn -0.992239 0.124345 0.000000
vn -0.997204 0.074731 0.000000
vn -0.997204 0.074731 0.000000
vn -0.999689 0.024930 0.000000
vn -0.999689 0.024930 0.000000
vn -0.999689 -0.024930 -0.000000
vn -0.999689 -0.024930 -0.000000
vn -0.997204 -0.074731 0.000000
vn -0.997204 -0.074731 -0.000000
vn -0.992239 -0.124345 -0.000000
vn -0.992239 -0.124345 -0.000000
vn -0.984808 -0.173648 -0.000000
vn -0.984808 -0.173648 -0.000000
vn -0.974928 -0.222520 -0.000000
vn -0.974928 -0.222520 -0.000000
vn -0.962624 -0.270840 0.000000
vn -0.962624 -0.270840 -0.000000
vn -0.947927 -0.318487 -0.000000
vn -0.947927 -0.318487 -0.000000
vn -0.930874 -0.365341 0.000000
vn -0.930874 -0.365341 -0.000000
vn -0.911506 -0.411286 0.000000
vn -0.911506 -0.411286 -0.000000
vn -0.889872 -0.456211 -0.000000
vn -0.889872 -0.456211 -0.000000
vn -0.866025 -0.500000 0.000000
vn -0.866025 -0.500000 -0.000000
vn -0.840026 -0.542546 -0.000000
vn -0.840026 -0.542546 0.000000
vn -0.811938 -0.583744 -0.000000
vn -0.781832 -0.623490 -0.000000
vn -0.811938 -0.583744 0.000000
vn -0.781832 -0.623490 -0.000000
vn -0.749781 -0.661686 -0.000000
vn -0.749781 -0.661686 0.000000
vn -0.715867 -0.698237 -0.000000
vn -0.680173 -0.733052 -0.000000
vn -0.715867 -0.698237 0.000000
vn -0.680173 -0.733052 -0.000000
vn -0.642788 -0.766044 -0.000000
vn -0.642788 -0.766044 0.000000
vn -0.603804 -0.797133 -0.000000
vn -0.603804 -0.797133 0.000000
vn -0.563320 -0.826239 -0.000000
vn -0.521436 -0.853291 -0.000000
vn -0.563320 -0.826239 0.000000
vn -0.521436 -0.853291 -0.000000
vn -0.478254 -0.878221 -0.000000
vn -0.478254 -0.878221 0.000000
vn -0.433884 -0.900969 -0.000000
vn -0.433884 -0.900969 0.000000
vn -0.388435 -0.921476 -0.000000
vn -0.388435 -0.921476 0.000000
vn -0.342020 -0.939692 0.000000
vn -0.342020 -0.939692 -0.000000
vn -0.294755 -0.955573 0.000000
vn -0.294755 -0.955573 -0.000000
vn -0.246757 -0.969077 0.000000
vn -0.246757 -0.969077 -0.000000
vn -0.198146 -0.980172 0.000000
vn -0.198146 -0.980172 -0.000000
vn -0.149043 -0.988831 -0.000000
vn -0.149043 -0.988831 -0.000000
vn -0.099568 -0.995031 -0.000000
vn -0.099568 -0.995031 0.000000
vn -0.049846 -0.998757 -0.000000
vn -0.049846 -0.998757 0.000000
vn 0.000000 -1.000000 -0.000000
vn -0.000000 -1.000000 0.000000
vn 0.049846 -0.998757 0.000000
vn 0.049846 -0.998757 0.000000
vn 0.099568 -0.995031 0.000000
vn 0.099568 -0.995031 0.000000
vn 0.149043 -0.988831 0.000000
vn 0.149043 -0.988831 0.000000
vn 0.198146 -0.980172 0.000000
vn 0.198146 -0.980172 0.000000
vn 0.246757 -0.969077 0.000000
vn 0.246757 -0.969077 0.000000
vn 0.294755 -0.955573 0.000000
vn 0.294755 -0.955573 0.000000
vn 0.342020 -0.939692 0.000000
vn 0.342020 -0.939692 0.000000
vn 0.388435 -0.921476 0.000000
vn 0.388435 -0.921476 0.000000
vn 0.433884 -0.900969 0.000000
vn 0.478254 -0.878221 0.000000
vn 0.433884 -0.900969 0.000000
vn 0.478254 -0.878221 0.000000
vn 0.521436 -0.853291 0.000000
vn 0.521436 -0.853291 0.000000
vn 0.563320 -0.826239 0.000000
vn 0.563320 -0.826239 0.000000
vn 0.603804 -0.797133 0.000000
vn 0.603804 -0.797133 0.000000
vn 0.642788 -0.766044 0.000000
vn 0.642788 -0.766044 0.000000
vn 0.680173 -0.733052 0.000000
vn 0.680173 -0.733052 0.000000
vn 0.715867 -0.698237 0.000000
vn 0.715867 -0.698237 0.000000
vn 0.749781 -0.661686 0.000000
vn 0.749781 -0.661686 0.000000
vn 0.781832 -0.623490 0.000000
vn 0.781832 -0.623490 0.000000
vn 0.811938 -0.583744 0.000000
vn 0.811938 -0.583744 0.000000
vn 0.840026 -0.542546 0.000000
vn 0.840026 -0.542546 0.000000
vn 0.866025 -0.500000 0.000000
vn 0.866025 -0.500000 0.000000
vn 0.889872 -0.456211 0.000000
vn 0.889872 -0.456211 0.000000
vn 0.911506 -0.411286 0.000000
vn 0.911506 -0.411286 0.000000
vn 0.930874 -0.365341 0.000000
vn 0.930874 -0.365341 0.000000
vn 0.947927 -0.318487 0.000000
vn 0.947927 -0.318487 0.000000
vn 0.962624 -0.270840 0.000000
vn 0.962624 -0.270840 0.000000
vn 0.974928 -0.222520 0.000000
vn 0.974928 -0.222520 0.000000
vn 0.984808 -0.173648 0.000000
vn 0.984808 -0.173648 0.000000
vn 0.992239 -0.124345 0.000000
vn 0.992239 -0.124345 0.000000
vn 0.997204 -0.074731 0.000000
vn 0.997204 -0.074731 0.000000
vn 0.999689 -0.024930 0.000000
vn 0.999689 -0.024930 0.000000
vn 0.783156 0.241571 0.572983
vn 0.755211 0.318348 0.572984
vn 0.783156 0.241571 0.572984
vn 0.750548 0.316382 0.580155
vn 0.755211 0.318348 0.572984
vn 0.762680 0.299329 0.573342
vn 0.776652 0.260942 0.573342
vn 0.819196 0.081973 0.567625
vn 0.817024 0.061227 0.573343
vn 0.819061 0.020427 0.573343
vn 0.803317 0.162394 0.572983
vn 0.803317 0.162394 0.572983
vn -0.819061 0.020427 0.573343
vn 0.788693 0.221903 0.573342
vn 0.798774 0.182315 0.573342
vn 0.783156 0.241571 0.572984
vn 0.778320 0.240080 0.580155
vn 0.823287 -0.000000 0.567625
vn 0.819061 -0.020427 0.573343
vn 0.817024 -0.061227 0.573343
vn 0.815494 0.081602 0.572983
vn 0.815495 0.081603 0.572983
vn 0.806869 0.142272 0.573343
vn 0.812957 0.101877 0.573343
vn 0.798356 0.161391 0.580155
vn 0.803317 0.162394 0.572984
vn 0.803317 0.162394 0.572984
vn 0.819196 -0.081973 0.567625
vn 0.812957 -0.101876 0.573343
vn 0.806868 -0.142274 0.573343
vn 0.819567 -0.000000 0.572983
vn -0.819061 0.020426 0.573343
vn 0.819567 0.000000 0.572983
vn 0.810459 0.081099 0.580155
vn 0.819567 0.000000 0.572984
vn 0.817025 0.061228 0.573343
vn 0.819061 0.020426 0.573343
vn 0.815494 0.081603 0.572984
vn 0.815494 0.081602 0.572984
vn 0.798774 -0.182314 0.573343
vn 0.788693 -0.221904 0.573343
vn 0.806963 -0.163131 0.567625
vn 0.815495 -0.081602 0.572983
vn 0.815494 -0.081603 0.572983
vn 0.819061 -0.020426 0.573343
vn 0.817025 -0.061228 0.573343
vn 0.814506 -0.000000 0.580155
vn 0.819567 -0.000000 0.572984
vn 0.776651 -0.260941 0.573343
vn 0.762679 -0.299330 0.573343
vn 0.786711 -0.242668 0.567625
vn 0.803317 -0.162394 0.572983
vn 0.803317 -0.162394 0.572983
vn 0.815494 -0.081603 0.572984
vn 0.803317 -0.162394 0.572984
vn 0.812957 -0.101877 0.573343
vn 0.806869 -0.142272 0.573343
vn 0.815494 -0.081603 0.572984
vn 0.810459 -0.081099 0.580155
vn 0.746811 -0.336974 0.573343
vn 0.729086 -0.373780 0.573343
vn 0.758639 -0.319794 0.567625
vn 0.783156 -0.241571 0.572983
vn 0.783156 -0.241571 0.572983
vn 0.803317 -0.162394 0.572984
vn 0.798356 -0.161391 0.580155
vn 0.798774 -0.182315 0.573342
vn 0.788693 -0.221903 0.573342
vn 0.709547 -0.409659 0.573343
vn 0.723029 -0.393740 0.567625
vn 0.688246 -0.444517 0.573343
vn 0.755211 -0.318349 0.572983
vn 0.755211 -0.318349 0.572983
vn 0.783156 -0.241571 0.572984
vn 0.783156 -0.241571 0.572984
vn 0.778320 -0.240080 0.580155
vn 0.776652 -0.260942 0.573342
vn 0.762680 -0.299329 0.573342
vn 0.665233 -0.478270 0.573343
vn 0.640567 -0.510835 0.573343
vn 0.680232 -0.463774 0.567625
vn 0.719762 -0.391961 0.572983
vn 0.719761 -0.391961 0.572983
vn 0.719761 -0.391961 0.572984
vn 0.750548 -0.316382 0.580155
vn 0.755211 -0.318348 0.572984
vn 0.746811 -0.336974 0.573342
vn 0.729086 -0.373781 0.573343
vn 0.755211 -0.318348 0.572984
vn 0.614307 -0.542129 0.573343
vn 0.586521 -0.572076 0.573343
vn 0.630674 -0.529199 0.567625
vn 0.677158 -0.461679 0.572983
vn 0.677158 -0.461679 0.572983
vn 0.719761 -0.391961 0.572984
vn 0.715317 -0.389541 0.580155
vn 0.709548 -0.409658 0.573343
vn 0.688246 -0.444517 0.573343
vn 0.557276 -0.600601 0.573343
vn 0.526646 -0.627632 0.573343
vn 0.574849 -0.589364 0.567625
vn 0.627825 -0.526808 0.572983
vn 0.627825 -0.526808 0.572983
vn 0.627824 -0.526807 0.572984
vn 0.677158 -0.461678 0.572984
vn 0.677158 -0.461678 0.572984
vn 0.672977 -0.458828 0.580155
vn 0.665234 -0.478270 0.573343
vn 0.640567 -0.510835 0.573343
vn 0.494706 -0.653103 0.573343
vn 0.461537 -0.676950 0.573343
vn 0.513311 -0.643672 0.567625
vn 0.572252 -0.586701 0.572983
vn 0.572252 -0.586701 0.572983
vn 0.627825 -0.526807 0.572984
vn 0.623948 -0.523554 0.580155
vn 0.614307 -0.542130 0.573342
vn 0.586521 -0.572077 0.573342
vn 0.427221 -0.699114 0.573343
vn 0.391840 -0.719541 0.573343
vn 0.446671 -0.691582 0.567625
vn 0.510992 -0.640763 0.572984
vn 0.510992 -0.640763 0.572983
vn 0.572251 -0.586701 0.572984
vn 0.572251 -0.586701 0.572984
vn 0.568718 -0.583078 0.580155
vn 0.557276 -0.600601 0.573342
vn 0.526646 -0.627632 0.573342
vn 0.355489 -0.738178 0.573343
vn 0.318250 -0.754980 0.573343
vn 0.375592 -0.732620 0.567625
vn 0.444653 -0.688457 0.572984
vn 0.444653 -0.688457 0.572983
vn 0.510992 -0.640763 0.572984
vn 0.510991 -0.640763 0.572984
vn 0.507836 -0.636806 0.580155
vn 0.494706 -0.653104 0.573342
vn 0.461538 -0.676950 0.573342
vn 0.280223 -0.769905 0.573343
vn 0.241497 -0.782916 0.573343
vn 0.300781 -0.766376 0.567625
vn 0.373895 -0.729310 0.572983
vn 0.373895 -0.729310 0.572984
vn 0.444653 -0.688457 0.572984
vn 0.444653 -0.688457 0.572984
vn 0.441907 -0.684206 0.580155
vn 0.427220 -0.699115 0.573343
vn 0.391841 -0.719541 0.573343
vn 0.202171 -0.793980 0.573343
vn 0.162345 -0.803070 0.573343
vn 0.222980 -0.792516 0.567625
vn 0.299422 -0.762913 0.572983
vn 0.299422 -0.762913 0.572984
vn 0.373895 -0.729309 0.572984
vn 0.373895 -0.729309 0.572984
vn 0.355488 -0.738178 0.573343
vn 0.318250 -0.754980 0.573343
vn 0.371586 -0.724806 0.580155
vn 0.122112 -0.810164 0.573343
vn 0.081578 -0.815244 0.573343
vn 0.142962 -0.810779 0.567625
vn 0.221972 -0.788935 0.572984
vn 0.221972 -0.788935 0.572983
vn 0.297572 -0.758202 0.580155
vn 0.299422 -0.762913 0.572984
vn 0.280223 -0.769905 0.573343
vn 0.299421 -0.762913 0.572984
vn 0.241497 -0.782916 0.573343
vn 0.040839 -0.818297 0.573343
vn 0.000000 -0.819315 0.573343
vn 0.061524 -0.820985 0.567625
vn 0.142316 -0.807116 0.572983
vn 0.142316 -0.807116 0.572983
vn 0.220601 -0.784063 0.580155
vn 0.221972 -0.788935 0.572984
vn 0.202172 -0.793980 0.573343
vn 0.162344 -0.803071 0.573343
vn 0.221972 -0.788935 0.572984
vn -0.040839 -0.818297 0.573343
vn -0.081578 -0.815244 0.573343
vn -0.020525 -0.823031 0.567625
vn 0.061246 -0.817275 0.572983
vn 0.061246 -0.817275 0.572983
vn 0.141437 -0.802132 0.580155
vn 0.142316 -0.807116 0.572984
vn 0.142316 -0.807116 0.572984
vn 0.122112 -0.810165 0.573343
vn 0.081577 -0.815244 0.573343
vn -0.122112 -0.810165 0.573343
vn -0.162345 -0.803070 0.573343
vn -0.102370 -0.816898 0.567625
vn -0.020432 -0.819312 0.572983
vn -0.020433 -0.819312 0.572984
vn 0.061246 -0.817275 0.572984
vn 0.061246 -0.817275 0.572984
vn 0.060868 -0.812228 0.580155
vn 0.040839 -0.818297 0.573342
vn 0.000000 -0.819316 0.573342
vn -0.202172 -0.793980 0.573343
vn -0.241497 -0.782916 0.573343
vn -0.183199 -0.802646 0.567625
vn -0.101908 -0.813206 0.572984
vn -0.101908 -0.813207 0.572983
vn -0.081577 -0.815244 0.573343
vn -0.020433 -0.819312 0.572984
vn -0.020306 -0.814253 0.580155
vn -0.020432 -0.819312 0.572984
vn -0.040839 -0.818297 0.573343
vn -0.280222 -0.769905 0.573343
vn -0.318250 -0.754980 0.573343
vn -0.262206 -0.780416 0.567625
vn -0.182371 -0.799019 0.572983
vn -0.182371 -0.799019 0.572983
vn -0.122112 -0.810165 0.573343
vn -0.162345 -0.803070 0.573343
vn -0.101908 -0.813206 0.572984
vn -0.101908 -0.813206 0.572984
vn -0.101279 -0.808185 0.580155
vn -0.338607 -0.750431 0.567625
vn -0.355488 -0.738177 0.573343
vn -0.391840 -0.719541 0.573343
vn -0.261021 -0.776890 0.572983
vn -0.261021 -0.776890 0.572984
vn -0.202172 -0.793980 0.573343
vn -0.241497 -0.782916 0.573343
vn -0.181245 -0.794084 0.580155
vn -0.182371 -0.799018 0.572984
vn -0.182371 -0.799018 0.572984
vn -0.411644 -0.712987 0.567625
vn -0.427221 -0.699114 0.573343
vn -0.461537 -0.676950 0.573343
vn -0.337077 -0.747040 0.572984
vn -0.337077 -0.747041 0.572983
vn -0.280223 -0.769905 0.573342
vn -0.318250 -0.754980 0.573342
vn -0.261021 -0.776890 0.572984
vn -0.261021 -0.776890 0.572984
vn -0.259409 -0.772093 0.580155
vn -0.480589 -0.668458 0.567625
vn -0.494706 -0.653103 0.573343
vn -0.526646 -0.627632 0.573343
vn -0.409784 -0.709766 0.572983
vn -0.409784 -0.709766 0.572983
vn -0.355487 -0.738178 0.573343
vn -0.391841 -0.719541 0.573343
vn -0.334996 -0.742427 0.580155
vn -0.337077 -0.747040 0.572984
vn -0.337078 -0.747039 0.572984
vn -0.544757 -0.617285 0.567625
vn -0.557276 -0.600601 0.573343
vn -0.586521 -0.572076 0.573343
vn -0.478417 -0.665438 0.572983
vn -0.478417 -0.665437 0.572984
vn -0.427220 -0.699115 0.573343
vn -0.461537 -0.676950 0.573343
vn -0.407253 -0.705383 0.580155
vn -0.409783 -0.709765 0.572984
vn -0.409783 -0.709766 0.572984
vn -0.603512 -0.559977 0.567625
vn -0.614308 -0.542129 0.573343
vn -0.640567 -0.510835 0.573343
vn -0.542296 -0.614496 0.572983
vn -0.542296 -0.614496 0.572984
vn -0.494706 -0.653104 0.573342
vn -0.526646 -0.627632 0.573342
vn -0.478417 -0.665437 0.572984
vn -0.542296 -0.614495 0.572984
vn -0.475463 -0.661329 0.580155
vn -0.478417 -0.665437 0.572984
vn -0.656269 -0.497105 0.567625
vn -0.665233 -0.478270 0.573343
vn -0.688246 -0.444517 0.573343
vn -0.600785 -0.557447 0.572984
vn -0.600785 -0.557447 0.572984
vn -0.557276 -0.600601 0.573343
vn -0.586521 -0.572076 0.573343
vn -0.542296 -0.614495 0.572984
vn -0.538948 -0.610701 0.580155
vn -0.702503 -0.429291 0.567625
vn -0.709547 -0.409659 0.573343
vn -0.729086 -0.373780 0.573343
vn -0.653303 -0.494858 0.572984
vn -0.653303 -0.494858 0.572983
vn -0.600785 -0.557447 0.572984
vn -0.614307 -0.542130 0.573343
vn -0.640567 -0.510835 0.573343
vn -0.600785 -0.557447 0.572984
vn -0.597075 -0.554005 0.580155
vn -0.746811 -0.336973 0.573343
vn -0.762679 -0.299330 0.573343
vn -0.741756 -0.357210 0.567625
vn -0.699329 -0.427352 0.572983
vn -0.738405 -0.355596 0.572983
vn -0.699329 -0.427351 0.572984
vn -0.653303 -0.494858 0.572984
vn -0.665234 -0.478270 0.573342
vn -0.688246 -0.444517 0.573342
vn -0.653303 -0.494858 0.572984
vn -0.649269 -0.491802 0.580155
vn -0.773637 -0.281581 0.567625
vn -0.776651 -0.260941 0.573343
vn -0.788693 -0.221904 0.573343
vn -0.738404 -0.355597 0.572984
vn -0.699329 -0.427351 0.572984
vn -0.709548 -0.409658 0.573343
vn -0.729086 -0.373781 0.573343
vn -0.699329 -0.427351 0.572984
vn -0.695011 -0.424712 0.580155
vn -0.797829 -0.203152 0.567625
vn -0.798774 -0.182314 0.573343
vn -0.806868 -0.142274 0.573343
vn -0.770141 -0.280309 0.572983
vn -0.770141 -0.280308 0.572984
vn -0.733844 -0.353401 0.580155
vn -0.746811 -0.336974 0.573342
vn -0.762680 -0.299329 0.573342
vn -0.738404 -0.355597 0.572984
vn -0.738404 -0.355597 0.572984
vn -0.814092 -0.122705 0.567625
vn -0.822264 -0.041037 0.567625
vn -0.812957 -0.101876 0.573343
vn -0.817024 -0.061227 0.573343
vn -0.794224 -0.202234 0.572983
vn -0.794224 -0.202234 0.572983
vn -0.776652 -0.260942 0.573343
vn -0.788693 -0.221903 0.573343
vn -0.765385 -0.278577 0.580155
vn -0.770141 -0.280308 0.572984
vn -0.770141 -0.280308 0.572984
vn -0.818548 -0.040852 0.572984
vn -0.818548 -0.040852 0.572983
vn -0.810413 -0.122150 0.572984
vn -0.810413 -0.122150 0.572983
vn -0.789319 -0.200985 0.580155
vn -0.798774 -0.182315 0.573343
vn -0.806869 -0.142272 0.573343
vn -0.794223 -0.202234 0.572984
vn -0.794223 -0.202234 0.572984
vn -0.818548 -0.040852 0.572984
vn -0.812957 -0.101877 0.573343
vn -0.817025 -0.061228 0.573343
vn -0.805409 -0.121395 0.580155
vn -0.818548 -0.040852 0.572984
vn -0.810413 -0.122150 0.572984
vn -0.810413 -0.122150 0.572984
vn -0.813493 -0.040600 0.580155
vn -0.819061 -0.020427 0.573343
vn -0.819061 -0.020426 0.573343
vn -0.817024 0.061227 0.573343
vn -0.812957 0.101876 0.573343
vn -0.822264 0.041037 0.567625
vn -0.814092 0.122705 0.567625
vn -0.806868 0.142274 0.573343
vn -0.798774 0.182314 0.573343
vn -0.818548 0.040852 0.572983
vn -0.818548 0.040852 0.572984
vn -0.788693 0.221904 0.573343
vn -0.776651 0.260941 0.573343
vn -0.797829 0.203152 0.567625
vn -0.810413 0.122150 0.572983
vn -0.810413 0.122150 0.572983
vn -0.817025 0.061228 0.573343
vn -0.812957 0.101877 0.573343
vn -0.818548 0.040852 0.572984
vn -0.818548 0.040852 0.572984
vn -0.813493 0.040600 0.580155
vn -0.762679 0.299330 0.573343
vn -0.746811 0.336973 0.573343
vn -0.773637 0.281581 0.567625
vn -0.794224 0.202234 0.572983
vn -0.794224 0.202234 0.572983
vn -0.806869 0.142272 0.573343
vn -0.798774 0.182315 0.573343
vn -0.810413 0.122150 0.572984
vn -0.805409 0.121395 0.580155
vn -0.810413 0.122150 0.572984
vn -0.741756 0.357210 0.567625
vn -0.729086 0.373780 0.573343
vn -0.709547 0.409659 0.573343
vn -0.770141 0.280309 0.572984
vn -0.770141 0.280308 0.572983
vn -0.788693 0.221903 0.573343
vn -0.776652 0.260942 0.573343
vn -0.794223 0.202234 0.572984
vn -0.789319 0.200985 0.580155
vn -0.794223 0.202234 0.572984
vn -0.702503 0.429291 0.567625
vn -0.688246 0.444517 0.573343
vn -0.665233 0.478270 0.573343
vn -0.738404 0.355597 0.572984
vn -0.738405 0.355596 0.572983
vn -0.762680 0.299329 0.573342
vn -0.746811 0.336974 0.573342
vn -0.765385 0.278577 0.580155
vn -0.770141 0.280308 0.572984
vn -0.770141 0.280308 0.572984
vn -0.656269 0.497105 0.567625
vn -0.640567 0.510835 0.573343
vn -0.614308 0.542129 0.573343
vn -0.699329 0.427351 0.572983
vn -0.699329 0.427351 0.572983
vn -0.729086 0.373781 0.573343
vn -0.709548 0.409658 0.573343
vn -0.738404 0.355597 0.572984
vn -0.738404 0.355597 0.572984
vn -0.733844 0.353401 0.580155
vn -0.586521 0.572076 0.573343
vn -0.557276 0.600601 0.573343
vn -0.603512 0.559977 0.567625
vn -0.653303 0.494858 0.572984
vn -0.653304 0.494858 0.572983
vn -0.699329 0.427351 0.572984
vn -0.688246 0.444517 0.573342
vn -0.665234 0.478270 0.573342
vn -0.699329 0.427351 0.572984
vn -0.695011 0.424712 0.580155
vn -0.526646 0.627632 0.573343
vn -0.494706 0.653103 0.573343
vn -0.544757 0.617285 0.567625
vn -0.600785 0.557447 0.572984
vn -0.600785 0.557447 0.572984
vn -0.640567 0.510835 0.573343
vn -0.614307 0.542130 0.573343
vn -0.653303 0.494858 0.572984
vn -0.653303 0.494858 0.572984
vn -0.649269 0.491802 0.580155
vn -0.480589 0.668458 0.567625
vn -0.461537 0.676950 0.573343
vn -0.427221 0.699114 0.573343
vn -0.542296 0.614496 0.572984
vn -0.542296 0.614496 0.572984
vn -0.600785 0.557447 0.572984
vn -0.597075 0.554005 0.580155
vn -0.586521 0.572076 0.573343
vn -0.557276 0.600601 0.573343
vn -0.600785 0.557447 0.572984
vn -0.542296 0.614496 0.572984
vn -0.411644 0.712987 0.567625
vn -0.391840 0.719541 0.573343
vn -0.355488 0.738177 0.573343
vn -0.478417 0.665438 0.572984
vn -0.478417 0.665438 0.572983
vn -0.542296 0.614495 0.572984
vn -0.526646 0.627632 0.573342
vn -0.494706 0.653104 0.573342
vn -0.538948 0.610701 0.580155
vn -0.338607 0.750431 0.567625
vn -0.318250 0.754980 0.573343
vn -0.280222 0.769905 0.573343
vn -0.409784 0.709766 0.572983
vn -0.409784 0.709766 0.572983
vn -0.478417 0.665437 0.572984
vn -0.461537 0.676950 0.573343
vn -0.427220 0.699115 0.573343
vn -0.409783 0.709765 0.572984
vn -0.478417 0.665437 0.572984
vn -0.475463 0.661329 0.580155
vn -0.262206 0.780416 0.567625
vn -0.241497 0.782916 0.573343
vn -0.202172 0.793980 0.573343
vn -0.337077 0.747040 0.572983
vn -0.337077 0.747040 0.572984
vn -0.409783 0.709766 0.572984
vn -0.391841 0.719541 0.573343
vn -0.355487 0.738178 0.573343
vn -0.407253 0.705383 0.580155
vn -0.337077 0.747040 0.572984
vn -0.162345 0.803070 0.573343
vn -0.122112 0.810165 0.573343
vn -0.183199 0.802646 0.567625
vn -0.261021 0.776890 0.572983
vn -0.261021 0.776890 0.572984
vn -0.318250 0.754980 0.573342
vn -0.280223 0.769905 0.573342
vn -0.337078 0.747039 0.572984
vn -0.334996 0.742427 0.580155
vn -0.081578 0.815244 0.573343
vn -0.040839 0.818297 0.573343
vn -0.102370 0.816898 0.567625
vn -0.182371 0.799019 0.572983
vn -0.182371 0.799019 0.572983
vn -0.101908 0.813207 0.572983
vn -0.261021 0.776890 0.572984
vn -0.241497 0.782916 0.573343
vn -0.202172 0.793980 0.573343
vn -0.182371 0.799018 0.572984
vn -0.261021 0.776890 0.572984
vn -0.259409 0.772093 0.580155
vn 0.000000 0.819315 0.573343
vn 0.040839 0.818297 0.573343
vn -0.020525 0.823031 0.567625
vn -0.020433 0.819312 0.572984
vn -0.101908 0.813206 0.572984
vn -0.182371 0.799018 0.572984
vn -0.162345 0.803070 0.573343
vn -0.122112 0.810165 0.573343
vn -0.181245 0.794084 0.580155
vn 0.081578 0.815244 0.573343
vn 0.122112 0.810164 0.573343
vn 0.061524 0.820985 0.567625
vn -0.020432 0.819312 0.572983
vn -0.101908 0.813206 0.572984
vn -0.101908 0.813206 0.572984
vn -0.081577 0.815244 0.573343
vn -0.040839 0.818297 0.573343
vn -0.101279 0.808185 0.580155
vn 0.162345 0.803070 0.573343
vn 0.142962 0.810779 0.567625
vn 0.202171 0.793980 0.573343
vn 0.061246 0.817275 0.572983
vn 0.061246 0.817275 0.572983
vn -0.020306 0.814253 0.580155
vn 0.000000 0.819316 0.573342
vn 0.040839 0.818297 0.573342
vn -0.020433 0.819312 0.572984
vn -0.020432 0.819312 0.572984
vn 0.222980 0.792516 0.567625
vn 0.241497 0.782916 0.573343
vn 0.280223 0.769905 0.573343
vn 0.142316 0.807116 0.572983
vn 0.142316 0.807116 0.572983
vn 0.061246 0.817275 0.572984
vn 0.061246 0.817275 0.572984
vn 0.081577 0.815244 0.573343
vn 0.122112 0.810165 0.573343
vn 0.060868 0.812228 0.580155
vn 0.300781 0.766376 0.567625
vn 0.318250 0.754980 0.573343
vn 0.355489 0.738178 0.573343
vn 0.221972 0.788935 0.572984
vn 0.221972 0.788935 0.572983
vn 0.299422 0.762913 0.572984
vn 0.141437 0.802132 0.580155
vn 0.142316 0.807116 0.572984
vn 0.162344 0.803071 0.573343
vn 0.202172 0.793980 0.573343
vn 0.142316 0.807116 0.572984
vn 0.375592 0.732620 0.567625
vn 0.391840 0.719541 0.573343
vn 0.427221 0.699114 0.573343
vn 0.299422 0.762913 0.572983
vn 0.373895 0.729310 0.572984
vn 0.221972 0.788935 0.572984
vn 0.241497 0.782916 0.573343
vn 0.280223 0.769905 0.573343
vn 0.221972 0.788935 0.572984
vn 0.220601 0.784063 0.580155
vn 0.461537 0.676950 0.573343
vn 0.494706 0.653103 0.573343
vn 0.446671 0.691582 0.567625
vn 0.373895 0.729310 0.572983
vn 0.299422 0.762913 0.572984
vn 0.299421 0.762913 0.572984
vn 0.318250 0.754980 0.573343
vn 0.297572 0.758202 0.580155
vn 0.355488 0.738178 0.573343
vn 0.513311 0.643672 0.567625
vn 0.526646 0.627632 0.573343
vn 0.557276 0.600601 0.573343
vn 0.444653 0.688457 0.572983
vn 0.444653 0.688457 0.572984
vn 0.510992 0.640763 0.572984
vn 0.373895 0.729309 0.572984
vn 0.391841 0.719541 0.573343
vn 0.427220 0.699115 0.573343
vn 0.373895 0.729309 0.572984
vn 0.371586 0.724806 0.580155
vn 0.574849 0.589364 0.567625
vn 0.586521 0.572076 0.573343
vn 0.614307 0.542129 0.573343
vn 0.510992 0.640763 0.572983
vn 0.572252 0.586701 0.572983
vn 0.510992 0.640763 0.572984
vn 0.461538 0.676950 0.573342
vn 0.494706 0.653104 0.573342
vn 0.444653 0.688457 0.572984
vn 0.444653 0.688457 0.572984
vn 0.441907 0.684206 0.580155
vn 0.630674 0.529199 0.567625
vn 0.640567 0.510835 0.573343
vn 0.665233 0.478270 0.573343
vn 0.572252 0.586701 0.572983
vn 0.510991 0.640763 0.572984
vn 0.526646 0.627632 0.573342
vn 0.557276 0.600601 0.573342
vn 0.507836 0.636806 0.580155
vn 0.680232 0.463774 0.567625
vn 0.688246 0.444517 0.573343
vn 0.709547 0.409659 0.573343
vn 0.627825 0.526808 0.572983
vn 0.677158 0.461679 0.572983
vn 0.627825 0.526807 0.572983
vn 0.568718 0.583078 0.580155
vn 0.586521 0.572077 0.573342
vn 0.614307 0.542130 0.573342
vn 0.572251 0.586700 0.572984
vn 0.572251 0.586701 0.572984
vn 0.729086 0.373780 0.573343
vn 0.746811 0.336974 0.573343
vn 0.723029 0.393740 0.567625
vn 0.677158 0.461679 0.572983
vn 0.623948 0.523554 0.580155
vn 0.627824 0.526807 0.572984
vn 0.640567 0.510835 0.573343
vn 0.665234 0.478270 0.573343
vn 0.627825 0.526807 0.572984
vn 0.758639 0.319794 0.567625
vn 0.762679 0.299330 0.573343
vn 0.776651 0.260941 0.573343
vn 0.719761 0.391961 0.572983
vn 0.755211 0.318349 0.572983
vn 0.719761 0.391961 0.572983
vn 0.677158 0.461679 0.572984
vn 0.688246 0.444517 0.573343
vn 0.709548 0.409658 0.573343
vn 0.677158 0.461678 0.572984
vn 0.672977 0.458828 0.580155
vn 0.788693 0.221904 0.573343
vn 0.798774 0.182314 0.573343
vn 0.786711 0.242668 0.567625
vn 0.755211 0.318349 0.572983
vn 0.719761 0.391961 0.572984
vn 0.729086 0.373781 0.573343
vn 0.746811 0.336974 0.573342
vn 0.715317 0.389541 0.580155
vn 0.719761 0.391961 0.572984
vn 0.806963 0.163131 0.567625
vn 0.806868 0.142274 0.573343
vn 0.812957 0.101876 0.573343
vn 0.783156 0.241571 0.572983
vn 0.000000 0.000000 1.000000
vn 0.000000 0.000000 1.000000
vn 0.000000 0.000000 1.000000
vn 0.000000 0.000000 1.000000
vn 0.000000 0.000000 1.000000
vn 0.000000 0.000000 1.000000
vn 0.000000 0.000000 1.000000
vn 0.000000 0.000000 1.000000
vn 0.000000 0.000000 1.000000
vn 0.000000 0.000000 1.000000
vn 0.000000 0.000000 1.000000
vn 0.000000 0.000000 1.000000
vn 0.000000 0.000000 1.000000
vn 0.000000 0.000000 1.000000
vn 0.000000 0.000000 1.000000
vn 0.000000 0.000000 1.000000
vn 0.000000 0.000000 1.000000
vn 0.000000 0.000000 1.000000
vn 0.000000 0.000000 1.000000
vn 0.000000 0.000000 1.000000
vn 0.000000 0.000000 1.000000
vn 0.000000 0.000000 1.000000
vn 0.000000 0.000000 1.000000
vn 0.000000 0.000000 1.000000
vn 0.000000 0.000000 1.000000
vn 0.000000 0.000000 1.000000
vn 0.000000 0.000000 1.000000
vn 0.000000 0.000000 1.000000
vn 0.000000 0.000000 1.000000
vn 0.000000 0.000000 1.000000
vn 0.000000 0.000000 1.000000
vn 0.000000 0.000000 1.000000
vn 0.000000 0.000000 1.000000
vn 0.000000 0.000000 1.000000
vn 0.000000 0.000000 1.000000
vn 0.000000 0.000000 1.000000
vn 0.000000 0.000000 1.000000
vn 0.000000 0.000000 1.000000
vn 0.000000 0.000000 1.000000
vn 0.000000 0.000000 1.000000
vn 0.000000 0.000000 1.000000
vn 0.000000 0.000000 1.000000
vn 0.000000 0.000000 1.000000
vn 0.000000 0.000000 1.000000
vn 0.000000 0.000000 1.000000
vn 0.000000 0.000000 1.000000
vn 0.000000 0.000000 1.000000
vn 0.000000 0.000000 1.000000
vn 0.000000 0.000000 1.000000
vn 0.000000 0.000000 1.000000
vn 0.000000 0.000000 1.000000
vn 0.000000 0.000000 1.000000
vn 0.000000 0.000000 1.000000
vn 0.000000 0.000000 1.000000
vn 0.000000 0.000000 1.000000
vn 0.000000 0.000000 1.000000
vn 0.000000 0.000000 1.000000
vn 0.000000 0.000000 1.000000
vn 0.000000 0.000000 1.000000
vn 0.000000 0.000000 1.000000
vn 0.000000 0.000000 1.000000
vn 0.000000 0.000000 1.000000
vn 0.000000 0.000000 1.000000
vn 0.000000 0.000000 1.000000
vn 0.000000 0.000000 1.000000
vn 0.000000 0.000000 1.000000
vn 0.000000 0.000000 1.000000
vn 0.000000 0.000000 1.000000
vn 0.000000 0.000000 1.000000
vn 0.000000 0.000000 1.000000
vn 0.000000 0.000000 1.000000
vn 0.000000 0.000000 1.000000
vn 0.000000 0.000000 1.000000
vn 0.000000 0.000000 1.000000
vn 0.000000 0.000000 1.000000
vn 0.000000 0.000000 1.000000
vn 0.000000 0.000000 1.000000
vn 0.000000 0.000000 1.000000
vn 0.000000 0.000000 1.000000
vn 0.000000 0.000000 1.000000
vn 0.000000 0.000000 1.000000
vn 0.000000 0.000000 1.000000
vn 0.000000 0.000000 1.000000
vn 0.000000 0.000000 1.000000
vn 0.000000 0.000000 1.000000
vn 0.000000 0.000000 1.000000
vn 0.000000 0.000000 1.000000
vn 0.000000 0.000000 1.000000
vn 0.000000 0.000000 1.000000
vn 0.000000 0.000000 1.000000
vn 0.000000 0.000000 1.000000
vn 0.000000 0.000000 1.000000
vn 0.000000 0.000000 1.000000
vn 0.000000 0.000000 1.000000
vn 0.000000 0.000000 1.000000
vn 0.000000 0.000000 1.000000
vn 0.000000 0.000000 1.000000
vn 0.000000 0.000000 1.000000
vn 0.000000 0.000000 1.000000
vn 0.000000 0.000000 1.000000
vn 0.000000 0.000000 1.000000
vn 0.000000 0.000000 1.000000
vn 0.000000 0.000000 1.000000
vn 0.000000 0.000000 1.000000
vn 0.000000 0.000000 1.000000
vn 0.000000 0.000000 1.000000
vn 0.000000 0.000000 1.000000
vn 0.000000 0.000000 1.000000
vn 0.000000 0.000000 1.000000
vn 0.000000 0.000000 1.000000
vn 0.000000 0.000000 1.000000
vn 0.000000 0.000000 1.000000
vn 0.000000 0.000000 1.000000
vn 0.000000 0.000000 1.000000
vn 0.000000 0.000000 1.000000
vn 0.000000 0.000000 1.000000
vn 0.000000 0.000000 1.000000
vn 0.000000 0.000000 1.000000
vn 0.000000 0.000000 1.000000
vn 0.000000 0.000000 1.000000
vn 0.000000 0.000000 1.000000
vn 0.000000 0.000000 1.000000
vn 0.000000 0.000000 1.000000
vn 0.000000 0.000000 1.000000
vn 0.000000 0.000000 1.000000
vn 0.000000 0.000000 1.000000
vn 0.000000 0.000000 1.000000
vn 0.000000 0.000000 1.000000
vn 0.000000 0.000000 1.000000
vn 0.000000 0.000000 1.000000
vn 0.000000 0.000000 1.000000
vn 0.000000 0.000000 1.000000
vn 0.000000 0.000000 1.000000
vn 0.000000 0.000000 1.000000
vn 0.000000 0.000000 1.000000
vn 0.000000 0.000000 1.000000
vn 0.000000 0.000000 1.000000
vn 0.000000 0.000000 1.000000
vn 0.000000 0.000000 1.000000
vn 0.000000 0.000000 1.000000
vn 0.000000 0.000000 1.000000
vn 0.000000 0.000000 1.000000
vn 0.000000 0.000000 1.000000
vn 0.000000 0.000000 1.000000
vn 0.000000 0.000000 1.000000
vn 0.000000 0.000000 1.000000
vn 0.000000 0.000000 1.000000
vn 0.000000 0.000000 1.000000
vn 0.000000 0.000000 1.000000
vn 0.000000 0.000000 1.000000
vn 0.000000 0.000000 1.000000
vn 0.000000 0.000000 1.000000
vn 0.000000 0.000000 1.000000
vn 0.000000 0.000000 1.000000
vn 0.000000 0.000000 1.000000
vn 0.000000 0.000000 1.000000
vn 0.000000 0.000000 1.000000
vn 0.000000 0.000000 1.000000
vn 0.000000 0.000000 1.000000
vn 0.000000 0.000000 1.000000
vn 0.000000 0.000000 1.000000
vn 0.000000 0.000000 1.000000
vn 0.000000 0.000000 1.000000
vn 0.000000 0.000000 1.000000
vn 0.000000 0.000000 1.000000
vn 0.000000 0.000000 1.000000
vn 0.000000 0.000000 1.000000
vn 0.000000 0.000000 1.000000
vn 0.000000 0.000000 1.000000
vn 0.000000 0.000000 1.000000
vn 0.000000 0.000000 1.000000
vn 0.000000 0.000000 1.000000
vn 0.000000 0.000000 1.000000
vn 0.000000 0.000000 1.000000
vn 0.000000 0.000000 1.000000
vn 0.000000 0.000000 1.000000
vn 0.000000 0.000000 1.000000
vn 0.000000 0.000000 1.000000
vn 0.000000 0.000000 1.000000
vn 0.000000 0.000000 1.000000
vn 0.000000 0.000000 1.000000
vn 0.000000 0.000000 1.000000
vn 0.000000 0.000000 1.000000
vn 0.000000 0.000000 1.000000
vn 0.000000 0.000000 1.000000
vn 0.000000 0.000000 1.000000
vn 0.000000 0.000000 1.000000
vn 0.000000 0.000000 1.000000
vn 0.000000 0.000000 1.000000
vn 0.000000 0.000000 1.000000
vn 0.000000 0.000000 1.000000
vn 0.000000 0.000000 1.000000
vn 0.000000 0.000000 1.000000
vn 0.000000 0.000000 1.000000
vn 0.000000 0.000000 1.000000
vn 0.000000 0.000000 1.000000
vn 0.000000 0.000000 1.000000
vn 0.000000 0.000000 1.000000
vn 0.000000 0.000000 1.000000
vn 0.000000 0.000000 1.000000
vn 0.000000 0.000000 1.000000
vn 0.000000 0.000000 1.000000
vn 0.000000 0.000000 1.000000
vn 0.000000 0.000000 1.000000
vn 0.000000 0.000000 1.000000
vn 0.000000 0.000000 1.000000
vn 0.000000 0.000000 1.000000
vn 0.000000 0.000000 1.000000
vn 0.000000 0.000000 1.000000
vn 0.000000 0.000000 1.000000
vn 0.000000 0.000000 1.000000
vn 0.000000 0.000000 1.000000
vn 0.000000 0.000000 1.000000
vn 0.000000 0.000000 1.000000
vn 0.000000 0.000000 1.000000
vn 0.000000 0.000000 1.000000
vn 0.000000 0.000000 1.000000
vn 0.000000 0.000000 1.000000
vn 0.000000 0.000000 1.000000
vn 0.000000 0.000000 1.000000
vn 0.000000 0.000000 1.000000
vn 0.000000 0.000000 1.000000
vn 0.000000 0.000000 1.000000
vn 0.000000 0.000000 1.000000
vn 0.000000 0.000000 1.000000
vn 0.000000 0.000000 1.000000
vn 0.000000 0.000000 1.000000
vn 0.000000 0.000000 1.000000
vn 0.000000 0.000000 1.000000
vn 0.000000 0.000000 1.000000
vn 0.000000 0.000000 1.000000
vn 0.000000 0.000000 1.000000
vn 0.000000 0.000000 1.000000
vn 0.000000 0.000000 1.000000
vn 0.000000 0.000000 1.000000
vn 0.000000 0.000000 1.000000
vn 0.000000 0.000000 1.000000
vn 0.000000 0.000000 1.000000
vn 0.000000 0.000000 1.000000
vn 0.000000 0.000000 1.000000
vn 0.000000 0.000000 1.000000
vn 0.000000 0.000000 1.000000
vn 0.000000 0.000000 1.000000
vn 0.000000 0.000000 1.000000
vn 0.000000 0.000000 1.000000
vn 0.000000 0.000000 1.000000
vn 0.000000 0.000000 1.000000
vn 0.000000 0.000000 1.000000
vn 0.000000 0.000000 1.000000
vn 0.000000 0.000000 1.000000
vn 0.000000 0.000000 1.000000
vn 0.000000 0.000000 1.000000
vn 0.000000 0.000000 1.000000
vn 0.000000 0.000000 1.000000
vn 0.000000 0.000000 1.000000
vn 0.000000 0.000000 1.000000
vn 0.000000 0.000000 1.000000
vn 0.000000 0.000000 1.000000
vn 0.000000 0.000000 1.000000
vn 0.000000 0.000000 1.000000
vn 0.000000 0.000000 1.000000
vn 0.000000 0.000000 1.000000
vn 0.000000 0.000000 1.000000
vn 0.000000 0.000000 1.000000
vn 0.000000 0.000000 1.000000
vn 0.000000 0.000000 1.000000
vn 0.000000 0.000000 1.000000
vn 0.000000 0.000000 1.000000
vn 0.000000 0.000000 1.000000
vn 0.000000 0.000000 1.000000
vn 0.000000 0.000000 1.000000
vn 0.000000 0.000000 1.000000
vn 0.000000 0.000000 1.000000
vn 0.000000 0.000000 1.000000
vn 0.000000 0.000000 1.000000
vn 0.000000 0.000000 1.000000
vn 0.000000 0.000000 1.000000
vn 0.000000 0.000000 1.000000
vn 0.000000 0.000000 1.000000
vn 0.000000 0.000000 1.000000
vn 0.000000 0.000000 1.000000
vn 0.000000 0.000000 1.000000
vn 0.000000 0.000000 1.000000
vn 0.000000 0.000000 1.000000
vn 0.000000 0.000000 1.000000
vn 0.000000 0.000000 1.000000
vn 0.000000 0.000000 1.000000
vn 0.000000 0.000000 1.000000
vn 0.000000 0.000000 1.000000
vn 0.000000 0.000000 1.000000
vn 0.000000 0.000000 1.000000
vn 0.000000 0.000000 1.000000
vn 0.000000 0.000000 1.000000
vn 0.000000 0.000000 1.000000
vn 0.000000 0.000000 1.000000
vn 0.000000 0.000000 1.000000
vn 0.000000 0.000000 1.000000
vn 0.000000 0.000000 1.000000
vn 0.000000 0.000000 1.000000
vn 0.000000 0.000000 1.000000
vn 0.000000 0.000000 1.000000
vn 0.000000 0.000000 1.000000
vn 0.000000 0.000000 1.000000
vn 0.000000 0.000000 1.000000
vn 0.000000 0.000000 1.000000
vn 0.000000 0.000000 1.000000
vn 0.000000 0.000000 1.000000
vn 0.000000 0.000000 1.000000
vn 0.000000 0.000000 1.000000
vn 0.000000 0.000000 1.000000
vn 0.000000 0.000000 1.000000
vn 0.000000 0.000000 1.000000
vn 0.000000 0.000000 1.000000
vn 0.000000 0.000000 1.000000
vn 0.000000 0.000000 1.000000
vn 0.000000 0.000000 1.000000
vn 0.000000 0.000000 1.000000
vn 0.000000 0.000000 1.000000
vn 0.000000 0.000000 1.000000
vn 0.000000 0.000000 1.000000
vn 0.000000 0.000000 1.000000
vn 0.000000 0.000000 1.000000
vn 0.000000 0.000000 1.000000
vn 0.000000 0.000000 1.000000
vn 0.000000 0.000000 1.000000
vn 0.000000 0.000000 1.000000
vn 0.000000 0.000000 1.000000
vn 0.000000 0.000000 1.000000
vn 0.000000 0.000000 1.000000
vn 0.000000 0.000000 1.000000
vn 0.000000 0.000000 1.000000
vn 0.000000 0.000000 1.000000
vn 0.000000 0.000000 1.000000
vn 0.000000 0.000000 1.000000
vn 0.000000 0.000000 1.000000
vn 0.000000 0.000000 1.000000
vn 0.000000 0.000000 1.000000
vn 0.000000 0.000000 1.000000
vn 0.000000 0.000000 1.000000
vn 0.000000 0.000000 1.000000
vn 0.000000 0.000000 1.000000
vn 0.000000 0.000000 1.000000
vn 0.000000 0.000000 1.000000
vn 0.000000 0.000000 1.000000
vn 0.000000 0.000000 1.000000
vn 0.000000 0.000000 1.000000
vn 0.000000 0.000000 1.000000
vn 0.000000 0.000000 1.000000
vn 0.000000 0.000000 1.000000
vn 0.000000 0.000000 1.000000
vn 0.000000 0.000000 1.000000
vn 0.000000 0.000000 1.000000
vn 0.000000 0.000000 1.000000
vn 0.000000 0.000000 1.000000
vn 0.000000 0.000000 1.000000
vn 0.000000 0.000000 1.000000
vn 0.000000 0.000000 1.000000
vn 0.000000 0.000000 1.000000
vn 0.000000 0.000000 1.000000
vn 0.000000 0.000000 1.000000
vn 0.000000 0.000000 1.000000
vn 0.000000 0.000000 1.000000
vn 0.000000 0.000000 1.000000
vn 0.000000 0.000000 1.000000
vn 0.000000 0.000000 1.000000
vn 0.000000 0.000000 1.000000
vn 0.000000 0.000000 1.000000
vn 0.000000 0.000000 1.000000
vn 0.000000 0.000000 1.000000
vn 0.000000 0.000000 1.000000
vn 0.000000 0.000000 1.000000
vn 0.000000 0.000000 1.000000
vn 0.000000 0.000000 1.000000
vn 0.000000 0.000000 1.000000
vn 0.000000 0.000000 1.000000
vn 0.000000 0.000000 1.000000
vn 0.000000 0.000000 1.000000
vn 0.000000 0.000000 1.000000
vn 0.000000 0.000000 1.000000
vn 0.000000 0.000000 1.000000
vn 0.000000 0.000000 1.000000
vn 0.000000 0.000000 1.000000
vn 0.000000 0.000000 1.000000
vn 0.000000 0.000000 1.000000
vn 0.000000 0.000000 1.000000
vn 0.000000 0.000000 1.000000
vn 0.000000 0.000000 1.000000
vn 0.000000 0.000000 1.000000
vn 0.000000 0.000000 1.000000
vn 0.000000 0.000000 1.000000
vn 0.000000 0.000000 1.000000
vn 0.000000 0.000000 1.000000
vn 0.000000 0.000000 1.000000
vn 0.000000 0.000000 1.000000
vn 0.000000 0.000000 1.000000
vn 0.000000 0.000000 1.000000
vn 0.000000 0.000000 1.000000
vn 0.000000 0.000000 1.000000
vn 0.000000 0.000000 1.000000
vn 0.000000 0.000000 1.000000
vn 0.000000 0.000000 1.000000
vn 0.000000 0.000000 1.000000
vn 0.000000 0.000000 1.000000
vn 0.000000 0.000000 1.000000
vn 0.000000 0.000000 1.000000
vn 0.000000 0.000000 1.000000
vn 0.000000 0.000000 1.000000
vn 0.000000 0.000000 1.000000
vn 0.000000 0.000000 1.000000
vn 0.000000 0.000000 1.000000
vn 0.000000 0.000000 1.000000
vn 0.000000 0.000000 1.000000
vn 0.000000 0.000000 1.000000
vn 0.000000 0.000000 1.000000
vn 0.000000 0.000000 1.000000
vn 0.000000 0.000000 1.000000
vn 0.000000 0.000000 1.000000
vn 0.000000 0.000000 1.000000
vn 0.000000 0.000000 1.000000
vn 0.000000 0.000000 1.000000
vn 0.000000 0.000000 1.000000
vn 0.000000 0.000000 1.000000
vn 0.000000 0.000000 1.000000
vn 0.000000 0.000000 1.000000
vn 0.000000 0.000000 1.000000
vn 0.000000 0.000000 1.000000
vn 0.000000 0.000000 1.000000
vn 0.000000 0.000000 1.000000
vn 0.000000 0.000000 1.000000
vn 0.000000 0.000000 1.000000
vn 0.000000 0.000000 1.000000
vn 0.000000 0.000000 1.000000
vn 0.000000 0.000000 1.000000
vn 0.000000 0.000000 1.000000
vn 0.000000 0.000000 1.000000
vn 0.000000 0.000000 1.000000
vn 0.000000 0.000000 1.000000
vn 0.000000 0.000000 1.000000
vn 0.000000 0.000000 1.000000
vn 0.000000 0.000000 1.000000
vn 0.000000 0.000000 1.000000
vn 0.000000 0.000000 1.000000
vn 0.000000 0.000000 1.000000
vn 0.000000 0.000000 1.000000
vn 0.000000 0.000000 1.000000
vn 0.000000 0.000000 1.000000
vn 0.000000 0.000000 1.000000
vn 0.000000 0.000000 1.000000
vn 0.000000 0.000000 1.000000
vn 0.000000 0.000000 1.000000
vn 0.000000 0.000000 1.000000
vn 0.000000 0.000000 1.000000
vn 0.000000 0.000000 1.000000
vn 0.000000 0.000000 1.000000
vn 0.000000 0.000000 1.000000
vn 0.000000 0.000000 1.000000
vn 0.000000 0.000000 1.000000
vn 0.000000 0.000000 1.000000
vn 0.000000 0.000000 1.000000
vn 0.000000 0.000000 1.000000
vn 0.000000 0.000000 1.000000
vn 0.000000 0.000000 1.000000
vn 0.000000 0.000000 1.000000
vn 0.000000 0.000000 1.000000
vn 0.000000 0.000000 1.000000
vn 0.000000 0.000000 1.000000
vn 0.000000 0.000000 1.000000
vn 0.000000 0.000000 1.000000
vn 0.000000 0.000000 1.000000
vn 0.000000 0.000000 1.000000
vn 0.000000 0.000000 1.000000
vn 0.000000 0.000000 1.000000
vn 0.000000 0.000000 1.000000
vn 0.000000 0.000000 1.000000
vn 0.000000 0.000000 1.000000
vn 0.000000 0.000000 1.000000
vn 0.000000 0.000000 1.000000
vn 0.000000 0.000000 1.000000
vn 0.000000 0.000000 1.000000
vn 0.000000 0.000000 1.000000
vn 0.000000 0.000000 1.000000
vn 0.000000 0.000000 1.000000
vn 0.000000 0.000000 1.000000
vn 0.000000 0.000000 1.000000
vn 0.000000 0.000000 1.000000
vn 0.000000 0.000000 1.000000
vn 0.000000 0.000000 1.000000
vn 0.000000 0.000000 1.000000
vn 0.000000 0.000000 1.000000
vn 0.000000 0.000000 1.000000
vn 0.000000 0.000000 1.000000
vn 0.000000 0.000000 1.000000
vn 0.000000 0.000000 1.000000
vn 0.000000 0.000000 1.000000
vn 0.000000 0.000000 1.000000
vn 0.000000 0.000000 1.000000
vn 0.000000 0.000000 1.000000
vn 0.000000 0.000000 1.000000
vn 0.000000 0.000000 1.000000
vn 0.000000 0.000000 1.000000
vn 0.000000 0.000000 1.000000
vn 0.000000 0.000000 1.000000
vn 0.000000 0.000000 1.000000
vn 0.000000 0.000000 1.000000
vn -0.999689 -0.024931 -0.000000
vn -0.999689 -0.024931 0.000000
vn -0.997204 -0.074730 0.000000
vn -0.992239 -0.124343 0.000000
vn -0.997204 -0.074730 -0.000000
vn -0.992239 -0.124343 0.000000
vn -0.984808 -0.173648 0.000000
vn -0.974928 -0.222522 0.000000
vn -0.984808 -0.173648 -0.000000
vn -0.974928 -0.222522 0.000000
vn -0.962624 -0.270840 0.000000
vn -0.962624 -0.270840 -0.000000
vn -0.947928 -0.318486 0.000000
vn -0.930874 -0.365341 0.000000
vn -0.947928 -0.318486 -0.000000
vn -0.930874 -0.365341 0.000000
vn -0.911506 -0.411288 0.000000
vn -0.911506 -0.411288 -0.000000
vn -0.889872 -0.456210 0.000000
vn -0.889872 -0.456210 -0.000000
vn -0.866025 -0.500001 -0.000000
vn -0.866025 -0.500001 0.000000
vn -0.840026 -0.542546 0.000000
vn -0.840026 -0.542546 0.000000
vn -0.811938 -0.583744 -0.000000
vn -0.811938 -0.583744 0.000000
vn -0.781832 -0.623489 -0.000000
vn -0.781832 -0.623489 0.000000
vn -0.749781 -0.661686 -0.000000
vn -0.749781 -0.661686 0.000000
vn -0.715866 -0.698237 0.000000
vn -0.715866 -0.698237 0.000000
vn -0.680173 -0.733052 -0.000000
vn -0.680173 -0.733052 0.000000
vn -0.642787 -0.766045 -0.000000
vn -0.642787 -0.766045 0.000000
vn -0.603805 -0.797132 0.000000
vn -0.603805 -0.797132 0.000000
vn -0.563320 -0.826239 -0.000000
vn -0.563320 -0.826239 0.000000
vn -0.521436 -0.853291 -0.000000
vn -0.521436 -0.853291 0.000000
vn -0.478254 -0.878222 -0.000000
vn -0.478254 -0.878222 0.000000
vn -0.433883 -0.900969 0.000000
vn -0.433883 -0.900969 -0.000000
vn -0.388435 -0.921476 0.000000
vn -0.388435 -0.921476 -0.000000
vn -0.342020 -0.939693 0.000000
vn -0.342020 -0.939693 -0.000000
vn -0.294756 -0.955573 0.000000
vn -0.294756 -0.955573 -0.000000
vn -0.246757 -0.969077 0.000000
vn -0.246757 -0.969077 -0.000000
vn -0.198146 -0.980172 0.000000
vn -0.149043 -0.988831 0.000000
vn -0.198146 -0.980172 -0.000000
vn -0.149043 -0.988831 0.000000
vn -0.099568 -0.995031 0.000000
vn -0.099568 -0.995031 -0.000000
vn -0.049845 -0.998757 0.000000
vn -0.049845 -0.998757 -0.000000
vn 0.000000 -1.000000 0.000000
vn -0.000000 -1.000000 -0.000000
vn 0.049845 -0.998757 0.000000
vn 0.049845 -0.998757 0.000000
vn 0.099568 -0.995031 0.000000
vn 0.099568 -0.995031 0.000000
vn 0.149043 -0.988831 0.000000
vn 0.149043 -0.988831 0.000000
vn 0.198146 -0.980172 0.000000
vn 0.198146 -0.980172 0.000000
vn 0.246757 -0.969077 0.000000
vn 0.246757 -0.969077 0.000000
vn 0.294756 -0.955573 0.000000
vn 0.294756 -0.955573 0.000000
vn 0.342020 -0.939693 0.000000
vn 0.342020 -0.939693 0.000000
vn 0.388435 -0.921476 0.000000
vn 0.388435 -0.921476 0.000000
vn 0.433883 -0.900969 0.000000
vn 0.433883 -0.900969 0.000000
vn 0.478254 -0.878222 0.000000
vn 0.478254 -0.878222 0.000000
vn 0.521436 -0.853291 0.000000
vn 0.521436 -0.853291 0.000000
vn 0.563320 -0.826239 0.000000
vn 0.563320 -0.826239 0.000000
vn 0.603805 -0.797132 0.000000
vn 0.603805 -0.797132 0.000000
vn 0.642787 -0.766045 0.000000
vn 0.642787 -0.766045 0.000000
vn 0.680173 -0.733052 0.000000
vn 0.680173 -0.733052 0.000000
vn 0.715866 -0.698237 0.000000
vn 0.715866 -0.698237 0.000000
vn 0.749781 -0.661686 0.000000
vn 0.749781 -0.661686 0.000000
vn 0.781832 -0.623489 0.000000
vn 0.781832 -0.623489 0.000000
vn 0.811938 -0.583744 0.000000
vn 0.811938 -0.583744 0.000000
vn 0.840026 -0.542546 0.000000
vn 0.840026 -0.542546 0.000000
vn 0.866025 -0.500001 0.000000
vn 0.866025 -0.500001 0.000000
vn 0.889872 -0.456210 0.000000
vn 0.889872 -0.456210 0.000000
vn 0.911506 -0.411288 0.000000
vn 0.911506 -0.411288 0.000000
vn 0.930874 -0.365341 0.000000
vn 0.930874 -0.365341 0.000000
vn 0.947928 -0.318486 0.000000
vn 0.947928 -0.318486 0.000000
vn 0.962624 -0.270840 0.000000
vn 0.962624 -0.270840 0.000000
vn 0.974928 -0.222522 0.000000
vn 0.974928 -0.222522 0.000000
vn 0.984808 -0.173648 0.000000
vn 0.984808 -0.173648 0.000000
vn 0.992239 -0.124343 0.000000
vn 0.992239 -0.124343 0.000000
vn 0.997204 -0.074730 0.000000
vn 0.997204 -0.074730 0.000000
vn 0.999689 -0.024931 0.000000
vn 0.999689 -0.024931 0.000000
vn 0.999689 0.024931 -0.000000
vn 0.999689 0.024931 0.000000
vn 0.997204 0.074730 0.000000
vn 0.997204 0.074730 0.000000
vn 0.992239 0.124343 -0.000000
vn 0.992239 0.124343 0.000000
vn 0.984808 0.173648 -0.000000
vn 0.984808 0.173648 0.000000
vn 0.974928 0.222522 -0.000000
vn 0.974928 0.222522 0.000000
vn 0.962624 0.270840 0.000000
vn 0.962624 0.270840 0.000000
vn 0.947928 0.318486 -0.000000
vn 0.947928 0.318486 0.000000
vn 0.930874 0.365341 0.000000
vn 0.930874 0.365341 0.000000
vn 0.911506 0.411288 0.000000
vn 0.911506 0.411288 0.000000
vn 0.889872 0.456210 -0.000000
vn 0.889872 0.456210 0.000000
vn 0.866025 0.500001 0.000000
vn 0.866025 0.500001 0.000000
vn 0.840026 0.542546 0.000000
vn 0.840026 0.542546 0.000000
vn 0.811938 0.583744 0.000000
vn 0.781832 0.623489 -0.000000
vn 0.811938 0.583744 0.000000
vn 0.781832 0.623489 0.000000
vn 0.749781 0.661686 0.000000
vn 0.749781 0.661686 0.000000
vn 0.715866 0.698237 0.000000
vn 0.680173 0.733052 -0.000000
vn 0.715866 0.698237 0.000000
vn 0.680173 0.733052 0.000000
vn 0.642787 0.766045 0.000000
vn 0.642787 0.766045 0.000000
vn 0.603805 0.797132 0.000000
vn 0.603805 0.797132 0.000000
vn 0.563320 0.826239 0.000000
vn 0.521436 0.853291 -0.000000
vn 0.563320 0.826239 0.000000
vn 0.521436 0.853291 0.000000
vn 0.478254 0.878222 0.000000
vn 0.478254 0.878222 0.000000
vn 0.433883 0.900969 0.000000
vn 0.433883 0.900969 0.000000
vn 0.388435 0.921476 0.000000
vn 0.388435 0.921476 0.000000
vn 0.342020 0.939693 0.000000
vn 0.342020 0.939693 0.000000
vn 0.294756 0.955573 0.000000
vn 0.294756 0.955573 0.000000
vn 0.246757 0.969077 0.000000
vn 0.246757 0.969077 0.000000
vn 0.198146 0.980172 0.000000
vn 0.198146 0.980172 0.000000
vn 0.149043 0.988831 -0.000000
vn 0.149043 0.988831 0.000000
vn 0.099568 0.995031 0.000000
vn 0.099568 0.995031 0.000000
vn 0.049845 0.998757 0.000000
vn 0.049845 0.998757 0.000000
vn 0.000000 1.000000 0.000000
vn -0.000000 1.000000 0.000000
vn -0.049845 0.998757 0.000000
vn -0.049845 0.998757 0.000000
vn -0.099568 0.995031 0.000000
vn -0.099568 0.995031 0.000000
vn -0.149043 0.988831 0.000000
vn -0.149043 0.988831 0.000000
vn -0.198146 0.980172 0.000000
vn -0.198146 0.980172 0.000000
vn -0.246757 0.969077 0.000000
vn -0.246757 0.969077 0.000000
vn -0.294756 0.955573 0.000000
vn -0.294756 0.955573 0.000000
vn -0.342020 0.939693 0.000000
vn -0.342020 0.939693 0.000000
vn -0.388435 0.921476 0.000000
vn -0.388435 0.921476 0.000000
vn -0.433883 0.900969 0.000000
vn -0.478254 0.878222 0.000000
vn -0.433883 0.900969 0.000000
vn -0.478254 0.878222 0.000000
vn -0.521436 0.853291 0.000000
vn -0.521436 0.853291 0.000000
vn -0.563320 0.826239 0.000000
vn -0.563320 0.826239 0.000000
vn -0.603805 0.797132 0.000000
vn -0.603805 0.797132 0.000000
vn -0.642787 0.766045 0.000000
vn -0.642787 0.766045 0.000000
vn -0.680173 0.733052 0.000000
vn -0.680173 0.733052 0.000000
vn -0.715866 0.698237 0.000000
vn -0.715866 0.698237 0.000000
vn -0.749781 0.661686 0.000000
vn -0.749781 0.661686 0.000000
vn -0.781832 0.623489 0.000000
vn -0.781832 0.623489 0.000000
vn -0.811938 0.583744 0.000000
vn -0.811938 0.583744 0.000000
vn -0.840026 0.542546 0.000000
vn -0.840026 0.542546 0.000000
vn -0.866025 0.500001 0.000000
vn -0.866025 0.500001 0.000000
vn -0.889872 0.456210 0.000000
vn -0.889872 0.456210 0.000000
vn -0.911506 0.411288 0.000000
vn -0.911506 0.411288 0.000000
vn -0.930874 0.365341 0.000000
vn -0.930874 0.365341 0.000000
vn -0.947928 0.318486 0.000000
vn -0.947928 0.318486 0.000000
vn -0.962624 0.270840 0.000000
vn -0.962624 0.270840 0.000000
vn -0.974928 0.222522 0.000000
vn -0.974928 0.222522 0.000000
vn -0.984808 0.173648 0.000000
vn -0.984808 0.173648 0.000000
vn -0.992239 0.124343 0.000000
vn -0.992239 0.124343 0.000000
vn -0.997204 0.074730 0.000000
vn -0.997204 0.074730 0.000000
vn -0.999689 0.024931 0.000000
vn -0.999689 0.024931 0.000000
vn 0.999689 0.024930 -0.000000
vn 0.999689 0.024930 0.000000
vn 0.997204 0.074731 0.000000
vn 0.997204 0.074731 -0.000000
vn 0.992239 0.124343 0.000000
vn 0.992239 0.124343 -0.000000
vn 0.984808 0.173648 0.000000
vn 0.984808 0.173648 -0.000000
vn 0.974928 0.222521 0.000000
vn 0.974928 0.222521 -0.000000
vn 0.962624 0.270841 0.000000
vn 0.962624 0.270841 -0.000000
vn 0.947927 0.318487 0.000000
vn 0.947927 0.318487 -0.000000
vn 0.930874 0.365341 0.000000
vn 0.930874 0.365341 -0.000000
vn 0.911506 0.411287 0.000000
vn 0.911506 0.411287 -0.000000
vn 0.889872 0.456211 0.000000
vn 0.889872 0.456211 -0.000000
vn 0.866026 0.500000 -0.000000
vn 0.866026 0.500000 0.000000
vn 0.840026 0.542546 -0.000000
vn 0.840026 0.542546 0.000000
vn 0.811938 0.583744 -0.000000
vn 0.811938 0.583744 0.000000
vn 0.781831 0.623490 0.000000
vn 0.781831 0.623490 0.000000
vn 0.749781 0.661686 0.000000
vn 0.749781 0.661686 0.000000
vn 0.715867 0.698237 -0.000000
vn 0.715867 0.698237 0.000000
vn 0.680173 0.733052 0.000000
vn 0.680173 0.733052 0.000000
vn 0.642788 0.766044 0.000000
vn 0.642788 0.766044 -0.000000
vn 0.603805 0.797132 0.000000
vn 0.603805 0.797132 -0.000000
vn 0.563320 0.826239 0.000000
vn 0.563320 0.826239 -0.000000
vn 0.521435 0.853291 0.000000
vn 0.521435 0.853291 -0.000000
vn 0.478254 0.878221 0.000000
vn 0.478254 0.878221 -0.000000
vn 0.433884 0.900969 0.000000
vn 0.433884 0.900969 -0.000000
vn 0.388435 0.921476 0.000000
vn 0.388435 0.921476 -0.000000
vn 0.342020 0.939693 0.000000
vn 0.342020 0.939693 -0.000000
vn 0.294756 0.955573 0.000000
vn 0.294756 0.955573 -0.000000
vn 0.246757 0.969077 0.000000
vn 0.246757 0.969077 -0.000000
vn 0.198147 0.980172 0.000000
vn 0.198147 0.980172 -0.000000
vn 0.149042 0.988831 0.000000
vn 0.149042 0.988831 -0.000000
vn 0.099569 0.995031 0.000000
vn 0.099569 0.995031 -0.000000
vn 0.049845 0.998757 0.000000
vn 0.049845 0.998757 -0.000000
vn 0.000000 1.000000 0.000000
vn 0.000000 1.000000 -0.000000
vn -0.049845 0.998757 0.000000
vn -0.099569 0.995031 0.000000
vn -0.049845 0.998757 0.000000
vn -0.099569 0.995031 0.000000
vn -0.149042 0.988831 0.000000
vn -0.149042 0.988831 0.000000
vn -0.198147 0.980172 0.000000
vn -0.198147 0.980172 0.000000
vn -0.246757 0.969077 0.000000
vn -0.246757 0.969077 0.000000
vn -0.294756 0.955573 0.000000
vn -0.294756 0.955573 0.000000
vn -0.342020 0.939693 0.000000
vn -0.342020 0.939693 0.000000
vn -0.388435 0.921476 0.000000
vn -0.388435 0.921476 0.000000
vn -0.433884 0.900969 0.000000
vn -0.433884 0.900969 0.000000
vn -0.478254 0.878221 0.000000
vn -0.478254 0.878221 0.000000
vn -0.521435 0.853291 0.000000
vn -0.521435 0.853291 0.000000
vn -0.563320 0.826239 0.000000
vn -0.563320 0.826239 0.000000
vn -0.603805 0.797132 0.000000
vn -0.603805 0.797132 0.000000
vn -0.642788 0.766044 0.000000
vn -0.642788 0.766044 0.000000
vn -0.680173 0.733052 0.000000
vn -0.680173 0.733052 0.000000
vn -0.715867 0.698237 0.000000
vn -0.715867 0.698237 0.000000
vn -0.749781 0.661686 0.000000
vn -0.749781 0.661686 0.000000
vn -0.781831 0.623490 0.000000
vn -0.781831 0.623490 0.000000
vn -0.811938 0.583744 0.000000
vn -0.811938 0.583744 0.000000
vn -0.840026 0.542546 0.000000
vn -0.866026 0.500000 0.000000
vn -0.840026 0.542546 0.000000
vn -0.866026 0.500000 0.000000
vn -0.889872 0.456211 0.000000
vn -0.889872 0.456211 0.000000
vn -0.911506 0.411287 0.000000
vn -0.911506 0.411287 0.000000
vn -0.930874 0.365341 0.000000
vn -0.930874 0.365341 0.000000
vn -0.947927 0.318487 0.000000
vn -0.947927 0.318487 0.000000
vn -0.962624 0.270841 0.000000
vn -0.962624 0.270841 0.000000
vn -0.974928 0.222521 0.000000
vn -0.974928 0.222521 0.000000
vn -0.984808 0.173648 0.000000
vn -0.984808 0.173648 0.000000
vn -0.992239 0.124343 0.000000
vn -0.992239 0.124343 0.000000
vn -0.997204 0.074731 0.000000
vn -0.997204 0.074731 0.000000
vn -0.999689 0.024930 0.000000
vn -0.999689 0.024930 0.000000
vn -0.999689 -0.024930 0.000000
vn -0.999689 -0.024930 0.000000
vn -0.997204 -0.074731 0.000000
vn -0.997204 -0.074731 0.000000
vn -0.992239 -0.124343 0.000000
vn -0.992239 -0.124343 0.000000
vn -0.984808 -0.173648 0.000000
vn -0.984808 -0.173648 0.000000
vn -0.974928 -0.222521 0.000000
vn -0.974928 -0.222521 0.000000
vn -0.962624 -0.270841 0.000000
vn -0.962624 -0.270841 0.000000
vn -0.947927 -0.318487 0.000000
vn -0.947927 -0.318487 0.000000
vn -0.930874 -0.365341 0.000000
vn -0.930874 -0.365341 0.000000
vn -0.911506 -0.411287 0.000000
vn -0.911506 -0.411287 0.000000
vn -0.889872 -0.456211 0.000000
vn -0.889872 -0.456211 0.000000
vn -0.866026 -0.500000 0.000000
vn -0.866026 -0.500000 0.000000
vn -0.840026 -0.542546 0.000000
vn -0.840026 -0.542546 0.000000
vn -0.811938 -0.583744 0.000000
vn -0.811938 -0.583744 0.000000
vn -0.781831 -0.623490 0.000000
vn -0.781831 -0.623490 0.000000
vn -0.749781 -0.661686 0.000000
vn -0.749781 -0.661686 0.000000
vn -0.715867 -0.698237 0.000000
vn -0.715867 -0.698237 0.000000
vn -0.680173 -0.733052 0.000000
vn -0.680173 -0.733052 0.000000
vn -0.642788 -0.766044 0.000000
vn -0.642788 -0.766044 0.000000
vn -0.603805 -0.797132 0.000000
vn -0.603805 -0.797132 0.000000
vn -0.563320 -0.826239 0.000000
vn -0.563320 -0.826239 0.000000
vn -0.521435 -0.853291 0.000000
vn -0.521435 -0.853291 0.000000
vn -0.478254 -0.878221 0.000000
vn -0.478254 -0.878221 0.000000
vn -0.433884 -0.900969 0.000000
vn -0.433884 -0.900969 0.000000
vn -0.388435 -0.921476 0.000000
vn -0.388435 -0.921476 0.000000
vn -0.342020 -0.939693 0.000000
vn -0.342020 -0.939693 0.000000
vn -0.294756 -0.955573 0.000000
vn -0.294756 -0.955573 0.000000
vn -0.246757 -0.969077 0.000000
vn -0.246757 -0.969077 0.000000
vn -0.198147 -0.980172 0.000000
vn -0.198147 -0.980172 0.000000
vn -0.149042 -0.988831 0.000000
vn -0.149042 -0.988831 0.000000
vn -0.099569 -0.995031 0.000000
vn -0.099569 -0.995031 0.000000
vn -0.049845 -0.998757 0.000000
vn -0.049845 -0.998757 0.000000
vn 0.000000 -1.000000 0.000000
vn 0.000000 -1.000000 0.000000
vn 0.049845 -0.998757 0.000000
vn 0.049845 -0.998757 0.000000
vn 0.099569 -0.995031 0.000000
vn 0.099569 -0.995031 0.000000
vn 0.149042 -0.988831 0.000000
vn 0.149042 -0.988831 0.000000
vn 0.198147 -0.980172 0.000000
vn 0.198147 -0.980172 0.000000
vn 0.246757 -0.969077 0.000000
vn 0.246757 -0.969077 0.000000
vn 0.294756 -0.955573 0.000000
vn 0.294756 -0.955573 0.000000
vn 0.342020 -0.939693 0.000000
vn 0.342020 -0.939693 0.000000
vn 0.388435 -0.921476 0.000000
vn 0.388435 -0.921476 0.000000
vn 0.433884 -0.900969 0.000000
vn 0.433884 -0.900969 0.000000
vn 0.478254 -0.878221 0.000000
vn 0.478254 -0.878221 0.000000
vn 0.521435 -0.853291 0.000000
vn 0.521435 -0.853291 0.000000
vn 0.563320 -0.826239 0.000000
vn 0.563320 -0.826239 0.000000
vn 0.603805 -0.797132 0.000000
vn 0.603805 -0.797132 0.000000
vn 0.642788 -0.766044 0.000000
vn 0.642788 -0.766044 0.000000
vn 0.680173 -0.733052 0.000000
vn 0.680173 -0.733052 0.000000
vn 0.715867 -0.698237 0.000000
vn 0.715867 -0.698237 0.000000
vn 0.749781 -0.661686 0.000000
vn 0.749781 -0.661686 0.000000
vn 0.781831 -0.623490 0.000000
vn 0.781831 -0.623490 0.000000
vn 0.811938 -0.583744 0.000000
vn 0.811938 -0.583744 0.000000
vn 0.840026 -0.542546 0.000000
vn 0.840026 -0.542546 0.000000
vn 0.866026 -0.500000 0.000000
vn 0.866026 -0.500000 0.000000
vn 0.889872 -0.456211 0.000000
vn 0.889872 -0.456211 0.000000
vn 0.911506 -0.411287 0.000000
vn 0.911506 -0.411287 0.000000
vn 0.930874 -0.365341 0.000000
vn 0.930874 -0.365341 0.000000
vn 0.947927 -0.318487 0.000000
vn 0.947927 -0.318487 0.000000
vn 0.962624 -0.270841 0.000000
vn 0.962624 -0.270841 0.000000
vn 0.974928 -0.222521 0.000000
vn 0.974928 -0.222521 0.000000
vn 0.984808 -0.173648 0.000000
vn 0.984808 -0.173648 0.000000
vn 0.992239 -0.124343 0.000000
vn 0.992239 -0.124343 0.000000
vn 0.997204 -0.074731 0.000000
vn 0.997204 -0.074731 0.000000
vn 0.999689 -0.024930 0.000000
vn 0.999689 -0.024930 0.000000
vn 0.000000 0.000000 1.000000
vn 0.000000 0.000000 1.000000
vn 0.000000 0.000000 1.000000
vn 0.000000 0.000000 1.000000
vn 0.000000 0.000000 1.000000
vn 0.000000 0.000000 1.000000
vn 0.000000 0.000000 1.000000
vn 0.000000 0.000000 1.000000
vn 0.000000 0.000000 1.000000
vn 0.000000 0.000000 1.000000
vn 0.000000 0.000000 1.000000
vn 0.000000 0.000000 1.000000
vn 0.000000 0.000000 1.000000
vn 0.000000 0.000000 1.000000
vn 0.000000 0.000000 1.000000
vn 0.000000 0.000000 1.000000
vn 0.000000 0.000000 1.000000
vn 0.000000 0.000000 1.000000
vn 0.000000 0.000000 1.000000
vn 0.000000 0.000000 1.000000
vn 0.000000 0.000000 1.000000
vn 0.000000 0.000000 1.000000
vn 0.000000 0.000000 1.000000
vn 0.000000 0.000000 1.000000
vn 0.000000 0.000000 1.000000
vn 0.000000 0.000000 1.000000
vn 0.000000 0.000000 1.000000
vn 0.000000 0.000000 1.000000
vn 0.000000 0.000000 1.000000
vn 0.000000 0.000000 1.000000
vn 0.000000 0.000000 1.000000
vn 0.000000 0.000000 1.000000
vn 0.000000 0.000000 1.000000
vn 0.000000 0.000000 1.000000
vn 0.000000 0.000000 1.000000
vn 0.000000 0.000000 1.000000
vn 0.000000 0.000000 1.000000
vn 0.000000 0.000000 1.000000
vn 0.000000 0.000000 1.000000
vn 0.000000 0.000000 1.000000
vn 0.000000 0.000000 1.000000
vn 0.000000 0.000000 1.000000
vn 0.000000 0.000000 1.000000
vn 0.000000 0.000000 1.000000
vn 0.000000 0.000000 1.000000
vn 0.000000 0.000000 1.000000
vn 0.000000 0.000000 1.000000
vn 0.000000 0.000000 1.000000
vn 0.000000 0.000000 1.000000
vn 0.000000 0.000000 1.000000
vn 0.000000 0.000000 1.000000
vn 0.000000 0.000000 1.000000
vn 0.000000 0.000000 1.000000
vn 0.000000 0.000000 1.000000
vn 0.000000 0.000000 1.000000
vn 0.000000 0.000000 1.000000
vn 0.000000 0.000000 1.000000
vn 0.000000 0.000000 1.000000
vn 0.000000 0.000000 1.000000
vn 0.000000 0.000000 1.000000
vn 0.000000 0.000000 1.000000
vn 0.000000 0.000000 1.000000
vn 0.000000 0.000000 1.000000
vn 0.000000 0.000000 1.000000
vn 0.000000 0.000000 1.000000
vn 0.000000 0.000000 1.000000
vn 0.000000 0.000000 1.000000
vn 0.000000 0.000000 1.000000
vn 0.000000 0.000000 1.000000
vn 0.000000 0.000000 1.000000
vn 0.000000 0.000000 1.000000
vn 0.000000 0.000000 1.000000
vn 0.000000 0.000000 1.000000
vn 0.000000 0.000000 1.000000
vn 0.000000 0.000000 1.000000
vn 0.000000 0.000000 1.000000
vn 0.000000 0.000000 1.000000
vn 0.000000 0.000000 1.000000
vn 0.000000 0.000000 1.000000
vn 0.000000 0.000000 1.000000
vn 0.000000 0.000000 1.000000
vn 0.000000 0.000000 1.000000
vn 0.000000 0.000000 1.000000
vn 0.000000 0.000000 1.000000
vn 0.000000 0.000000 1.000000
vn 0.000000 0.000000 1.000000
vn 0.000000 0.000000 1.000000
vn 0.000000 0.000000 1.000000
vn 0.000000 0.000000 1.000000
vn 0.000000 0.000000 1.000000
vn 0.000000 0.000000 1.000000
vn 0.000000 0.000000 1.000000
vn 0.000000 0.000000 1.000000
vn 0.000000 0.000000 1.000000
vn 0.000000 0.000000 1.000000
vn 0.000000 0.000000 1.000000
vn 0.000000 0.000000 1.000000
vn 0.000000 0.000000 1.000000
vn 0.000000 0.000000 1.000000
vn 0.000000 0.000000 1.000000
vn 0.000000 0.000000 1.000000
vn 0.000000 0.000000 1.000000
vn 0.000000 0.000000 1.000000
vn 0.000000 0.000000 1.000000
vn 0.000000 0.000000 1.000000
vn 0.000000 0.000000 1.000000
vn 0.000000 0.000000 1.000000
vn 0.000000 0.000000 1.000000
vn 0.000000 0.000000 1.000000
vn 0.000000 0.000000 1.000000
vn 0.000000 0.000000 1.000000
vn 0.000000 0.000000 1.000000
vn 0.000000 0.000000 1.000000
vn 0.000000 0.000000 1.000000
vn 0.000000 0.000000 1.000000
vn 0.000000 0.000000 1.000000
vn 0.000000 0.000000 1.000000
vn 0.000000 0.000000 1.000000
vn 0.000000 0.000000 1.000000
vn 0.000000 0.000000 1.000000
vn 0.000000 0.000000 1.000000
vn 0.000000 0.000000 1.000000
vn 0.000000 0.000000 1.000000
vn 0.000000 0.000000 1.000000
vn 0.000000 0.000000 1.000000
vn 0.000000 0.000000 1.000000
vn 0.000000 0.000000 1.000000
vn 0.000000 0.000000 1.000000
vn 0.000000 0.000000 1.000000
vn 0.000000 0.000000 1.000000
vn 0.000000 0.000000 1.000000
vn 0.000000 0.000000 1.000000
vn 0.000000 0.000000 1.000000
vn 0.000000 0.000000 1.000000
vn 0.000000 0.000000 1.000000
vn 0.000000 0.000000 1.000000
vn 0.000000 0.000000 1.000000
vn 0.000000 0.000000 1.000000
vn 0.000000 0.000000 1.000000
vn 0.000000 0.000000 1.000000
vn 0.000000 0.000000 1.000000
vn 0.000000 0.000000 1.000000
vn 0.000000 0.000000 1.000000
vn 0.000000 0.000000 1.000000
vn 0.000000 0.000000 1.000000
vn 0.000000 0.000000 1.000000
vn 0.000000 0.000000 1.000000
vn 0.000000 0.000000 1.000000
vn 0.000000 0.000000 1.000000
vn 0.000000 0.000000 1.000000
vn 0.000000 0.000000 1.000000
vn 0.000000 0.000000 1.000000
vn 0.000000 0.000000 1.000000
vn 0.000000 0.000000 1.000000
vn 0.000000 0.000000 1.000000
vn 0.000000 0.000000 1.000000
vn 0.000000 0.000000 1.000000
vn 0.000000 0.000000 1.000000
vn 0.000000 0.000000 1.000000
vn 0.000000 0.000000 1.000000
vn 0.000000 0.000000 1.000000
vn 0.000000 0.000000 1.000000
vn 0.000000 0.000000 1.000000
vn 0.000000 0.000000 1.000000
vn 0.000000 0.000000 1.000000
vn 0.000000 0.000000 1.000000
vn 0.000000 0.000000 1.000000
vn 0.000000 0.000000 1.000000
vn 0.000000 0.000000 1.000000
vn 0.000000 0.000000 1.000000
vn 0.000000 0.000000 1.000000
vn 0.000000 0.000000 1.000000
vn 0.000000 0.000000 1.000000
vn 0.000000 0.000000 1.000000
vn 0.000000 0.000000 1.000000
vn 0.000000 0.000000 1.000000
vn 0.000000 0.000000 1.000000
vn 0.000000 0.000000 1.000000
vn 0.000000 0.000000 1.000000
vn 0.000000 0.000000 1.000000
vn 0.000000 0.000000 1.000000
vn 0.000000 0.000000 1.000000
vn 0.000000 0.000000 1.000000
vn 0.000000 0.000000 1.000000
vn 0.000000 0.000000 1.000000
vn 0.000000 0.000000 1.000000
vn 0.000000 0.000000 1.000000
vn 0.000000 0.000000 1.000000
vn 0.000000 0.000000 1.000000
vn 0.000000 0.000000 1.000000
vn 0.000000 0.000000 1.000000
vn 0.000000 0.000000 1.000000
vn 0.000000 0.000000 1.000000
vn 0.000000 0.000000 1.000000
vn 0.000000 0.000000 1.000000
vn 0.000000 0.000000 1.000000
vn 0.000000 0.000000 1.000000
vn 0.000000 0.000000 1.000000
vn 0.000000 0.000000 1.000000
vn 0.000000 0.000000 1.000000
vn 0.000000 0.000000 1.000000
vn 0.000000 0.000000 1.000000
vn 0.000000 0.000000 1.000000
vn 0.000000 0.000000 1.000000
vn 0.000000 0.000000 1.000000
vn 0.000000 0.000000 1.000000
vn 0.000000 0.000000 1.000000
vn 0.000000 0.000000 1.000000
vn 0.000000 0.000000 1.000000
vn 0.000000 0.000000 1.000000
vn 0.000000 0.000000 1.000000
vn 0.000000 0.000000 1.000000
vn 0.000000 0.000000 1.000000
vn 0.000000 0.000000 1.000000
vn 0.000000 0.000000 1.000000
vn 0.000000 0.000000 1.000000
vn 0.000000 0.000000 1.000000
vn 0.000000 0.000000 1.000000
vn 0.000000 0.000000 1.000000
vn 0.000000 0.000000 1.000000
vn 0.000000 0.000000 1.000000
vn 0.000000 0.000000 1.000000
vn 0.000000 0.000000 1.000000
vn 0.000000 0.000000 1.000000
vn 0.000000 0.000000 1.000000
vn 0.000000 0.000000 1.000000
vn 0.000000 0.000000 1.000000
vn 0.000000 0.000000 1.000000
vn 0.000000 0.000000 1.000000
vn 0.000000 0.000000 1.000000
vn 0.000000 0.000000 1.000000
vn 0.000000 0.000000 1.000000
vn 0.000000 0.000000 1.000000
vn 0.000000 0.000000 1.000000
vn 0.000000 0.000000 1.000000
vn 0.000000 0.000000 1.000000
vn 0.000000 0.000000 1.000000
vn 0.000000 0.000000 1.000000
vn 0.000000 0.000000 1.000000
vn 0.000000 0.000000 1.000000
vn 0.000000 0.000000 1.000000
vn 0.000000 0.000000 1.000000
vn 0.000000 0.000000 1.000000
vn 0.000000 0.000000 1.000000
vn 0.000000 0.000000 1.000000
vn 0.000000 0.000000 1.000000
vn 0.000000 0.000000 1.000000
vn 0.000000 0.000000 1.000000
vn 0.000000 0.000000 1.000000
vn 0.000000 0.000000 1.000000
vn 0.000000 0.000000 1.000000
vn 0.000000 0.000000 1.000000
vn 0.000000 0.000000 -1.000000
vn 0.000000 0.000000 -1.000000
vn 0.000000 0.000000 -1.000000
vn 0.000000 -0.000000 -1.000000
vn 0.000000 0.000000 -1.000000
vn 0.000000 0.000000 -1.000000
vn 0.000000 -0.000000 -1.000000
vn 0.000000 0.000000 -1.000000
vn 0.000000 0.000000 -1.000000
vn 0.000000 0.000000 -1.000000
vn 0.000000 0.000000 -1.000000
vn 0.000000 -0.000000 -1.000000
vn 0.000000 0.000000 -1.000000
vn 0.000000 0.000000 -1.000000
vn 0.000000 -0.000000 -1.000000
vn 0.000000 0.000000 -1.000000
vn 0.000000 0.000000 -1.000000
vn 0.000000 0.000000 -1.000000
vn 0.000000 0.000000 -1.000000
vn 0.000000 -0.000000 -1.000000
vn 0.000000 0.000000 -1.000000
vn 0.000000 0.000000 -1.000000
vn 0.000000 -0.000000 -1.000000
vn 0.000000 0.000000 -1.000000
vn 0.000000 0.000000 -1.000000
vn 0.000000 0.000000 -1.000000
vn 0.000000 0.000000 -1.000000
vn 0.000000 -0.000000 -1.000000
vn 0.000000 0.000000 -1.000000
vn 0.000000 0.000000 -1.000000
vn 0.000000 -0.000000 -1.000000
vn 0.000000 0.000000 -1.000000
vn 0.000000 0.000000 -1.000000
vn 0.000000 0.000000 -1.000000
vn 0.000000 -0.000000 -1.000000
vn 0.000000 0.000000 -1.000000
vn 0.000000 0.000000 -1.000000
vn 0.000000 0.000000 -1.000000
vn 0.000000 -0.000000 -1.000000
vn 0.000000 0.000000 -1.000000
vn 0.000000 0.000000 -1.000000
vn 0.000000 0.000000 -1.000000
vn 0.000000 0.000000 -1.000000
vn 0.000000 -0.000000 -1.000000
vn 0.000000 0.000000 -1.000000
vn 0.000000 0.000000 -1.000000
vn 0.000000 0.000000 -1.000000
vn 0.000000 -0.000000 -1.000000
vn 0.000000 0.000000 -1.000000
vn 0.000000 0.000000 -1.000000
vn 0.000000 -0.000000 -1.000000
vn 0.000000 0.000000 -1.000000
vn 0.000000 0.000000 -1.000000
vn 0.000000 0.000000 -1.000000
vn 0.000000 0.000000 -1.000000
vn 0.000000 0.000000 -1.000000
vn 0.000000 0.000000 -1.000000
vn 0.000000 0.000000 -1.000000
vn 0.000000 -0.000000 -1.000000
vn 0.000000 0.000000 -1.000000
vn 0.000000 0.000000 -1.000000
vn 0.000000 0.000000 -1.000000
vn 0.000000 -0.000000 -1.000000
vn 0.000000 0.000000 -1.000000
vn 0.000000 0.000000 -1.000000
vn 0.000000 0.000000 -1.000000
vn 0.000000 -0.000000 -1.000000
vn 0.000000 0.000000 -1.000000
vn 0.000000 0.000000 -1.000000
vn 0.000000 -0.000000 -1.000000
vn 0.000000 -0.000000 -1.000000
vn 0.000000 0.000000 -1.000000
vn 0.000000 0.000000 -1.000000
vn 0.000000 0.000000 -1.000000
vn 0.000000 0.000000 -1.000000
vn 0.000000 0.000000 -1.000000
vn 0.000000 -0.000000 -1.000000
vn 0.000000 0.000000 -1.000000
vn 0.000000 0.000000 -1.000000
vn 0.000000 0.000000 -1.000000
vn 0.000000 0.000000 -1.000000
vn 0.000000 0.000000 -1.000000
vn 0.000000 -0.000000 -1.000000
vn 0.000000 0.000000 -1.000000
vn 0.000000 0.000000 -1.000000
vn 0.000000 -0.000000 -1.000000
vn 0.000000 0.000000 -1.000000
vn 0.000000 0.000000 -1.000000
vn 0.000000 0.000000 -1.000000
vn 0.000000 -0.000000 -1.000000
vn 0.000000 0.000000 -1.000000
vn 0.000000 0.000000 -1.000000
vn 0.000000 0.000000 -1.000000
vn 0.000000 -0.000000 -1.000000
vn 0.000000 0.000000 -1.000000
vn 0.000000 0.000000 -1.000000
vn 0.000000 0.000000 -1.000000
vn 0.000000 -0.000000 -1.000000
vn 0.000000 0.000000 -1.000000
vn 0.000000 0.000000 -1.000000
vn 0.000000 0.000000 -1.000000
vn 0.000000 -0.000000 -1.000000
vn 0.000000 0.000000 -1.000000
vn 0.000000 0.000000 -1.000000
vn 0.000000 0.000000 -1.000000
vn 0.000000 -0.000000 -1.000000
vn 0.000000 0.000000 -1.000000
vn 0.000000 0.000000 -1.000000
vn 0.000000 -0.000000 -1.000000
vn 0.000000 0.000000 -1.000000
vn 0.000000 0.000000 -1.000000
vn 0.000000 0.000000 -1.000000
vn 0.000000 -0.000000 -1.000000
vn 0.000000 0.000000 -1.000000
vn 0.000000 0.000000 -1.000000
vn 0.000000 0.000000 -1.000000
vn 0.000000 0.000000 -1.000000
vn 0.000000 -0.000000 -1.000000
vn 0.000000 0.000000 -1.000000
vn 0.000000 0.000000 -1.000000
vn 0.000000 -0.000000 -1.000000
vn 0.000000 0.000000 -1.000000
vn 0.000000 0.000000 -1.000000
vn 0.000000 0.000000 -1.000000
vn 0.000000 0.000000 -1.000000
vn 0.000000 0.000000 -1.000000
vn 0.000000 -0.000000 -1.000000
vn 0.000000 0.000000 -1.000000
vn 0.000000 0.000000 -1.000000
vn 0.000000 0.000000 -1.000000
vn 0.000000 0.000000 -1.000000
vn 0.000000 0.000000 -1.000000
vn 0.000000 -0.000000 -1.000000
vn 0.000000 0.000000 -1.000000
vn 0.000000 0.000000 -1.000000
vn 0.000000 0.000000 -1.000000
vn 0.000000 0.000000 -1.000000
vn 0.000000 0.000000 -1.000000
vn 0.000000 0.000000 -1.000000
vn 0.000000 -0.000000 -1.000000
vn 0.000000 0.000000 -1.000000
vn 0.000000 0.000000 -1.000000
vn 0.000000 -0.000000 -1.000000
vn 0.000000 0.000000 -1.000000
vn 0.000000 0.000000 -1.000000
vn 0.000000 0.000000 -1.000000
vn 0.000000 0.000000 -1.000000
vn 0.000000 -0.000000 -1.000000
vn 0.000000 0.000000 -1.000000
vn 0.000000 0.000000 -1.000000
vn 0.000000 0.000000 -1.000000
vn 0.000000 -0.000000 -1.000000
vn 0.000000 0.000000 -1.000000
vn 0.000000 0.000000 -1.000000
vn 0.000000 0.000000 -1.000000
vn 0.000000 -0.000000 -1.000000
vn 0.000000 0.000000 -1.000000
vn 0.000000 0.000000 -1.000000
vn 0.000000 -0.000000 -1.000000
vn 0.000000 0.000000 -1.000000
vn 0.000000 0.000000 -1.000000
vn 0.000000 0.000000 -1.000000
vn 0.000000 -0.000000 -1.000000
vn 0.000000 0.000000 -1.000000
vn 0.000000 0.000000 -1.000000
vn 0.000000 0.000000 -1.000000
vn 0.000000 -0.000000 -1.000000
vn 0.000000 -0.000000 -1.000000
vn 0.000000 0.000000 -1.000000
vn 0.000000 0.000000 -1.000000
vn 0.000000 0.000000 -1.000000
vn 0.000000 0.000000 -1.000000
vn 0.000000 0.000000 -1.000000
vn 0.000000 0.000000 -1.000000
vn 0.000000 -0.000000 -1.000000
vn 0.000000 0.000000 -1.000000
vn 0.000000 0.000000 -1.000000
vn 0.000000 0.000000 -1.000000
vn 0.000000 0.000000 -1.000000
vn 0.000000 -0.000000 -1.000000
vn 0.000000 0.000000 -1.000000
vn 0.000000 0.000000 -1.000000
vn 0.000000 0.000000 -1.000000
vn 0.000000 -0.000000 -1.000000
vn 0.000000 0.000000 -1.000000
vn 0.000000 0.000000 -1.000000
vn 0.000000 -0.000000 -1.000000
vn 0.000000 0.000000 -1.000000
vn 0.000000 0.000000 -1.000000
vn 0.000000 0.000000 -1.000000
vn 0.000000 0.000000 -1.000000
vn 0.000000 0.000000 -1.000000
vn 0.000000 0.000000 -1.000000
vn 0.000000 0.000000 -1.000000
vn 0.000000 0.000000 -1.000000
vn 0.000000 0.000000 -1.000000
vn 0.000000 0.000000 -1.000000
vn 0.000000 -0.000000 -1.000000
vn 0.000000 0.000000 -1.000000
vn 0.000000 0.000000 -1.000000
vn 0.000000 0.000000 -1.000000
vn 0.000000 0.000000 -1.000000
vn 0.000000 -0.000000 -1.000000
vn 0.000000 0.000000 -1.000000
vn 0.000000 0.000000 -1.000000
vn 0.000000 -0.000000 -1.000000
vn 0.000000 0.000000 -1.000000
vn 0.000000 0.000000 -1.000000
vn 0.000000 0.000000 -1.000000
vn 0.000000 -0.000000 -1.000000
vn 0.000000 0.000000 -1.000000
vn 0.000000 0.000000 -1.000000
vn 0.000000 -0.000000 -1.000000
vn 0.000000 0.000000 -1.000000
vn 0.000000 0.000000 -1.000000
vn 0.000000 0.000000 -1.000000
vn 0.000000 -0.000000 -1.000000
vn 0.000000 0.000000 -1.000000
vn 0.000000 0.000000 -1.000000
vn 0.000000 0.000000 -1.000000
vn 0.000000 -0.000000 -1.000000
vn 0.000000 0.000000 -1.000000
vn 0.000000 0.000000 -1.000000
vn 0.000000 0.000000 -1.000000
vn 0.000000 -0.000000 -1.000000
vn 0.000000 0.000000 -1.000000
vn 0.000000 0.000000 -1.000000
vn 0.000000 0.000000 -1.000000
vn 0.000000 -0.000000 -1.000000
vn 0.000000 0.000000 -1.000000
vn 0.000000 0.000000 -1.000000
vn 0.000000 0.000000 -1.000000
vn 0.000000 -0.000000 -1.000000
vn 0.000000 0.000000 -1.000000
vn 0.000000 0.000000 -1.000000
vn 0.000000 0.000000 -1.000000
vn 0.000000 0.000000 -1.000000
vn 0.000000 -0.000000 -1.000000
vn 0.000000 0.000000 -1.000000
vn 0.000000 0.000000 -1.000000
vn 0.000000 0.000000 -1.000000
vn 0.000000 -0.000000 -1.000000
vn 0.000000 0.000000 -1.000000
vn 0.000000 0.000000 -1.000000
vn 0.000000 0.000000 -1.000000
vn 0.000000 -0.000000 -1.000000
vn 0.000000 0.000000 -1.000000
vn 0.000000 0.000000 -1.000000
vn 0.000000 0.000000 -1.000000
vn 0.000000 0.000000 -1.000000
vn 0.000000 -0.000000 -1.000000
vn 0.000000 0.000000 -1.000000
vn 0.000000 0.000000 1.000000
vn 0.000000 0.000000 1.000000
vn 0.000000 0.000000 1.000000
vn 0.000000 0.000000 1.000000
vn 0.000000 0.000000 1.000000
vn 0.000000 0.000000 1.000000
vn 0.000000 0.000000 1.000000
vn 0.000000 0.000000 1.000000
vn 0.000000 0.000000 1.000000
vn 0.000000 0.000000 1.000000
vn 0.000000 0.000000 1.000000
vn 0.000000 0.000000 1.000000
vn 0.000000 0.000000 1.000000
vn 0.000000 0.000000 1.000000
vn 0.000000 0.000000 1.000000
vn 0.000000 0.000000 1.000000
vn 0.000000 0.000000 1.000000
vn 0.000000 0.000000 1.000000
vn 0.000000 0.000000 1.000000
vn 0.000000 0.000000 1.000000
vn 0.000000 0.000000 1.000000
vn 0.000000 0.000000 1.000000
vn 0.000000 0.000000 1.000000
vn 0.000000 0.000000 1.000000
vn 0.000000 0.000000 1.000000
vn 0.000000 0.000000 1.000000
vn 0.000000 0.000000 1.000000
vn 0.000000 0.000000 1.000000
vn 0.000000 0.000000 1.000000
vn 0.000000 0.000000 1.000000
vn 0.000000 0.000000 1.000000
vn 0.000000 0.000000 1.000000
vn 0.000000 0.000000 1.000000
vn 0.000000 0.000000 1.000000
vn 0.000000 0.000000 1.000000
vn 0.000000 0.000000 1.000000
vn 0.000000 0.000000 1.000000
vn 0.000000 0.000000 1.000000
vn 0.000000 0.000000 1.000000
vn 0.000000 0.000000 1.000000
vn 0.000000 0.000000 1.000000
vn 0.000000 0.000000 1.000000
vn 0.000000 0.000000 1.000000
vn 0.000000 0.000000 1.000000
vn 0.000000 0.000000 1.000000
vn 0.000000 0.000000 1.000000
vn 0.000000 0.000000 1.000000
vn 0.000000 0.000000 1.000000
vn 0.000000 0.000000 1.000000
vn 0.000000 0.000000 1.000000
vn 0.000000 0.000000 1.000000
vn 0.000000 0.000000 1.000000
vn 0.000000 0.000000 1.000000
vn 0.000000 0.000000 1.000000
vn 0.000000 0.000000 1.000000
vn 0.000000 0.000000 1.000000
vn 0.000000 0.000000 1.000000
vn 0.000000 0.000000 1.000000
vn 0.000000 0.000000 1.000000
vn 0.000000 0.000000 1.000000
vn 0.000000 0.000000 1.000000
vn 0.000000 0.000000 1.000000
vn 0.000000 0.000000 1.000000
vn 0.000000 0.000000 1.000000
vn 0.000000 0.000000 1.000000
vn 0.000000 0.000000 1.000000
vn 0.000000 0.000000 1.000000
vn 0.000000 0.000000 1.000000
vn 0.000000 0.000000 1.000000
vn 0.000000 0.000000 1.000000
vn 0.000000 0.000000 1.000000
vn 0.000000 0.000000 1.000000
vn 0.000000 0.000000 1.000000
vn 0.000000 0.000000 1.000000
vn 0.000000 0.000000 1.000000
vn 0.000000 0.000000 1.000000
vn 0.000000 0.000000 1.000000
vn 0.000000 0.000000 1.000000
vn 0.000000 0.000000 1.000000
vn 0.000000 0.000000 1.000000
vn 0.000000 0.000000 1.000000
vn 0.000000 0.000000 1.000000
vn 0.000000 0.000000 1.000000
vn 0.000000 0.000000 1.000000
vn 0.000000 0.000000 1.000000
vn 0.000000 0.000000 1.000000
vn 0.000000 0.000000 1.000000
vn 0.000000 0.000000 1.000000
vn 0.000000 0.000000 1.000000
vn 0.000000 0.000000 1.000000
vn 0.000000 0.000000 1.000000
vn 0.000000 0.000000 1.000000
vn 0.000000 0.000000 1.000000
vn 0.000000 0.000000 1.000000
vn 0.000000 0.000000 1.000000
vn 0.000000 0.000000 1.000000
vn 0.000000 0.000000 1.000000
vn 0.000000 0.000000 1.000000
vn 0.000000 0.000000 1.000000
vn 0.000000 0.000000 1.000000
vn 0.000000 0.000000 1.000000
vn 0.000000 0.000000 1.000000
vn 0.000000 0.000000 1.000000
vn 0.000000 0.000000 1.000000
vn 0.000000 0.000000 1.000000
vn 0.000000 0.000000 1.000000
vn 0.000000 0.000000 1.000000
vn 0.000000 0.000000 1.000000
vn 0.000000 0.000000 1.000000
vn 0.000000 0.000000 1.000000
vn 0.000000 0.000000 1.000000
vn 0.000000 0.000000 1.000000
vn 0.000000 0.000000 1.000000
vn 0.000000 0.000000 1.000000
vn 0.000000 0.000000 1.000000
vn 0.000000 0.000000 1.000000
vn 0.000000 0.000000 1.000000
vn 0.000000 0.000000 1.000000
vn 0.000000 0.000000 1.000000
vn 0.000000 0.000000 1.000000
vn 0.000000 0.000000 1.000000
vn 0.000000 0.000000 1.000000
vn 0.000000 0.000000 1.000000
vn 0.000000 0.000000 1.000000
vn 0.000000 0.000000 1.000000
vn 0.000000 0.000000 1.000000
vn 0.000000 0.000000 1.000000
vn 0.000000 0.000000 1.000000
vn 0.000000 0.000000 1.000000
vn 0.000000 0.000000 1.000000
vn 0.000000 0.000000 1.000000
vn 0.000000 0.000000 1.000000
vn 0.000000 0.000000 1.000000
vn 0.000000 0.000000 1.000000
vn 0.000000 0.000000 1.000000
vn 0.000000 0.000000 1.000000
vn 0.000000 0.000000 1.000000
vn 0.000000 0.000000 1.000000
vn 0.000000 0.000000 1.000000
vn 0.000000 0.000000 1.000000
vn 0.000000 0.000000 1.000000
vn 0.000000 0.000000 1.000000
vn 0.000000 0.000000 1.000000
vn 0.000000 0.000000 1.000000
vn 0.000000 0.000000 1.000000
vn 0.000000 0.000000 1.000000
vn 0.000000 0.000000 1.000000
vn 0.000000 0.000000 1.000000
vn 0.000000 0.000000 1.000000
vn 0.000000 0.000000 1.000000
vn 0.000000 0.000000 1.000000
vn 0.000000 0.000000 1.000000
vn 0.000000 0.000000 1.000000
vn 0.000000 0.000000 1.000000
vn 0.000000 0.000000 1.000000
vn 0.000000 0.000000 1.000000
vn 0.000000 0.000000 1.000000
vn 0.000000 0.000000 1.000000
vn 0.000000 0.000000 1.000000
vn 0.000000 0.000000 1.000000
vn 0.000000 0.000000 1.000000
vn 0.000000 0.000000 1.000000
vn 0.000000 0.000000 1.000000
vn 0.000000 0.000000 1.000000
vn 0.000000 0.000000 1.000000
vn 0.000000 0.000000 1.000000
vn 0.000000 0.000000 1.000000
vn 0.000000 0.000000 1.000000
vn 0.000000 0.000000 1.000000
vn 0.000000 0.000000 1.000000
vn 0.000000 0.000000 1.000000
vn 0.000000 0.000000 1.000000
vn 0.000000 0.000000 1.000000
vn 0.000000 0.000000 1.000000
vn 0.000000 0.000000 1.000000
vn 0.000000 0.000000 1.000000
vn 0.000000 0.000000 1.000000
vn 0.000000 0.000000 1.000000
vn 0.000000 0.000000 1.000000
vn 0.000000 0.000000 1.000000
vn 0.000000 0.000000 1.000000
vn 0.000000 0.000000 1.000000
vn 0.000000 0.000000 1.000000
vn 0.000000 0.000000 1.000000
vn 0.000000 0.000000 1.000000
vn 0.000000 0.000000 1.000000
vn 0.000000 0.000000 1.000000
vn 0.000000 0.000000 1.000000
vn 0.000000 0.000000 1.000000
vn 0.000000 0.000000 1.000000
vn 0.000000 0.000000 1.000000
vn 0.000000 0.000000 1.000000
vn 0.000000 0.000000 1.000000
vn 0.000000 0.000000 1.000000
vn 0.000000 0.000000 1.000000
vn 0.000000 0.000000 1.000000
vn 0.000000 0.000000 1.000000
vn 0.000000 0.000000 1.000000
vn 0.000000 0.000000 1.000000
vn 0.000000 0.000000 1.000000
vn 0.000000 0.000000 1.000000
vn 0.000000 0.000000 1.000000
vn 0.000000 0.000000 1.000000
vn 0.000000 0.000000 1.000000
vn 0.000000 0.000000 1.000000
vn 0.000000 0.000000 1.000000
vn 0.000000 0.000000 1.000000
vn 0.000000 0.000000 1.000000
vn 0.000000 0.000000 1.000000
vn 0.000000 0.000000 1.000000
vn 0.000000 0.000000 1.000000
vn 0.000000 0.000000 1.000000
vn 0.000000 0.000000 1.000000
vn 0.000000 0.000000 1.000000
vn 0.000000 0.000000 1.000000
vn 0.000000 0.000000 1.000000
vn 0.000000 0.000000 1.000000
vn 0.000000 0.000000 1.000000
vn 0.000000 0.000000 1.000000
vn 0.000000 0.000000 1.000000
vn 0.000000 0.000000 1.000000
vn 0.000000 0.000000 1.000000
vn 0.000000 0.000000 1.000000
vn 0.000000 0.000000 1.000000
vn 0.000000 0.000000 1.000000
vn 0.000000 0.000000 1.000000
vn 0.000000 0.000000 1.000000
vn 0.000000 0.000000 1.000000
vn 0.000000 0.000000 1.000000
vn 0.000000 0.000000 1.000000
vn 0.000000 0.000000 1.000000
vn 0.000000 0.000000 1.000000
vn 0.000000 0.000000 1.000000
vn 0.000000 0.000000 1.000000
vn 0.000000 0.000000 1.000000
vn 0.000000 0.000000 1.000000
vn 0.000000 0.000000 1.000000
vn 0.000000 0.000000 1.000000
vn 0.000000 0.000000 1.000000
vn 0.000000 0.000000 1.000000
vn 0.000000 0.000000 1.000000
vn 0.000000 0.000000 1.000000
vn 0.000000 0.000000 1.000000
vn 0.000000 0.000000 1.000000
vn 0.000000 0.000000 1.000000
vn 0.000000 0.000000 1.000000
vn 0.000000 0.000000 1.000000
vn 0.000000 0.000000 1.000000
vn 0.000000 0.000000 1.000000
vn 0.000000 0.000000 1.000000
vn 0.000000 0.000000 1.000000
vn 0.000000 0.000000 1.000000
vn 0.999689 0.024931 -0.000000
vn 0.999689 0.024931 0.000000
vn 0.997204 0.074729 0.000000
vn 0.997204 0.074729 -0.000000
vn 0.992239 0.124343 0.000000
vn 0.992239 0.124343 -0.000000
vn 0.984807 0.173650 0.000000
vn 0.984807 0.173650 -0.000000
vn 0.974928 0.222520 0.000000
vn 0.974928 0.222520 -0.000000
vn 0.962624 0.270841 0.000000
vn 0.962624 0.270841 -0.000000
vn 0.947927 0.318487 0.000000
vn 0.947927 0.318487 -0.000000
vn 0.930874 0.365341 0.000000
vn 0.930874 0.365341 -0.000000
vn 0.911506 0.411287 0.000000
vn 0.911506 0.411287 -0.000000
vn 0.889872 0.456210 0.000000
vn 0.889872 0.456210 -0.000000
vn 0.866025 0.500001 -0.000000
vn 0.866025 0.500001 0.000000
vn 0.840026 0.542546 -0.000000
vn 0.840026 0.542546 0.000000
vn 0.811938 0.583743 -0.000000
vn 0.811938 0.583743 0.000000
vn 0.781832 0.623490 0.000000
vn 0.781832 0.623490 0.000000
vn 0.749781 0.661686 0.000000
vn 0.749781 0.661686 0.000000
vn 0.715867 0.698237 -0.000000
vn 0.715867 0.698237 0.000000
vn 0.680173 0.733052 0.000000
vn 0.680173 0.733052 0.000000
vn 0.642788 0.766044 0.000000
vn 0.642788 0.766044 -0.000000
vn 0.603804 0.797133 0.000000
vn 0.603804 0.797133 -0.000000
vn 0.563320 0.826239 0.000000
vn 0.563320 0.826239 -0.000000
vn 0.521436 0.853290 0.000000
vn 0.521436 0.853290 -0.000000
vn 0.478253 0.878222 0.000000
vn 0.478253 0.878222 -0.000000
vn 0.433885 0.900968 0.000000
vn 0.433885 0.900968 -0.000000
vn 0.388434 0.921476 0.000000
vn 0.388434 0.921476 -0.000000
vn 0.342020 0.939693 0.000000
vn 0.342020 0.939693 -0.000000
vn 0.294755 0.955573 0.000000
vn 0.294755 0.955573 -0.000000
vn 0.246757 0.969077 0.000000
vn 0.246757 0.969077 -0.000000
vn 0.198147 0.980172 0.000000
vn 0.198147 0.980172 -0.000000
vn 0.149041 0.988831 0.000000
vn 0.149041 0.988831 -0.000000
vn 0.099569 0.995031 0.000000
vn 0.099569 0.995031 -0.000000
vn 0.049846 0.998757 0.000000
vn 0.049846 0.998757 -0.000000
vn 0.000000 1.000000 0.000000
vn 0.000000 1.000000 -0.000000
vn -0.049846 0.998757 0.000000
vn -0.099569 0.995031 0.000000
vn -0.049846 0.998757 0.000000
vn -0.099569 0.995031 0.000000
vn -0.149041 0.988831 0.000000
vn -0.149041 0.988831 0.000000
vn -0.198147 0.980172 0.000000
vn -0.198147 0.980172 0.000000
vn -0.246757 0.969077 0.000000
vn -0.246757 0.969077 0.000000
vn -0.294755 0.955573 0.000000
vn -0.294755 0.955573 0.000000
vn -0.342020 0.939693 0.000000
vn -0.342020 0.939693 0.000000
vn -0.388434 0.921476 0.000000
vn -0.388434 0.921476 0.000000
vn -0.433885 0.900968 0.000000
vn -0.433885 0.900968 0.000000
vn -0.478253 0.878222 0.000000
vn -0.478253 0.878222 0.000000
vn -0.521436 0.853290 0.000000
vn -0.521436 0.853290 0.000000
vn -0.563320 0.826239 0.000000
vn -0.563320 0.826239 0.000000
vn -0.603804 0.797133 0.000000
vn -0.603804 0.797133 0.000000
vn -0.642788 0.766044 0.000000
vn -0.642788 0.766044 0.000000
vn -0.680173 0.733052 0.000000
vn -0.680173 0.733052 0.000000
vn -0.715867 0.698237 0.000000
vn -0.715867 0.698237 0.000000
vn -0.749781 0.661686 0.000000
vn -0.749781 0.661686 0.000000
vn -0.781832 0.623490 0.000000
vn -0.781832 0.623490 0.000000
vn -0.811938 0.583743 0.000000
vn -0.811938 0.583743 0.000000
vn -0.840026 0.542546 0.000000
vn -0.866025 0.500001 0.000000
vn -0.840026 0.542546 0.000000
vn -0.866025 0.500001 0.000000
vn -0.889872 0.456210 0.000000
vn -0.889872 0.456210 0.000000
vn -0.911506 0.411287 0.000000
vn -0.911506 0.411287 0.000000
vn -0.930874 0.365341 0.000000
vn -0.930874 0.365341 0.000000
vn -0.947927 0.318487 0.000000
vn -0.947927 0.318487 0.000000
vn -0.962624 0.270841 0.000000
vn -0.962624 0.270841 0.000000
vn -0.974928 0.222520 0.000000
vn -0.974928 0.222520 0.000000
vn -0.984807 0.173650 0.000000
vn -0.984807 0.173650 0.000000
vn -0.992239 0.124343 0.000000
vn -0.992239 0.124343 0.000000
vn -0.997204 0.074729 0.000000
vn -0.997204 0.074729 0.000000
vn -0.999689 0.024931 0.000000
vn -0.999689 0.024931 0.000000
vn -0.999689 -0.024931 0.000000
vn -0.999689 -0.024931 0.000000
vn -0.997204 -0.074729 0.000000
vn -0.997204 -0.074729 0.000000
vn -0.992239 -0.124343 0.000000
vn -0.992239 -0.124343 0.000000
vn -0.984807 -0.173650 0.000000
vn -0.984807 -0.173650 0.000000
vn -0.974928 -0.222520 0.000000
vn -0.974928 -0.222520 0.000000
vn -0.962624 -0.270841 0.000000
vn -0.962624 -0.270841 0.000000
vn -0.947927 -0.318487 0.000000
vn -0.947927 -0.318487 0.000000
vn -0.930874 -0.365341 0.000000
vn -0.930874 -0.365341 0.000000
vn -0.911506 -0.411287 0.000000
vn -0.911506 -0.411287 0.000000
vn -0.889872 -0.456210 0.000000
vn -0.889872 -0.456210 0.000000
vn -0.866025 -0.500001 0.000000
vn -0.866025 -0.500001 0.000000
vn -0.840026 -0.542546 0.000000
vn -0.840026 -0.542546 0.000000
vn -0.811938 -0.583743 0.000000
vn -0.811938 -0.583743 0.000000
vn -0.781832 -0.623490 0.000000
vn -0.781832 -0.623490 0.000000
vn -0.749781 -0.661686 0.000000
vn -0.749781 -0.661686 0.000000
vn -0.715867 -0.698237 0.000000
vn -0.715867 -0.698237 0.000000
vn -0.680173 -0.733052 0.000000
vn -0.680173 -0.733052 0.000000
vn -0.642788 -0.766044 0.000000
vn -0.642788 -0.766044 0.000000
vn -0.603804 -0.797133 0.000000
vn -0.603804 -0.797133 0.000000
vn -0.563320 -0.826239 0.000000
vn -0.563320 -0.826239 0.000000
vn -0.521436 -0.853290 0.000000
vn -0.521436 -0.853290 0.000000
vn -0.478253 -0.878222 0.000000
vn -0.478253 -0.878222 0.000000
vn -0.433885 -0.900968 0.000000
vn -0.433885 -0.900968 0.000000
vn -0.388434 -0.921476 0.000000
vn -0.388434 -0.921476 0.000000
vn -0.342020 -0.939693 0.000000
vn -0.342020 -0.939693 0.000000
vn -0.294755 -0.955573 0.000000
vn -0.294755 -0.955573 0.000000
vn -0.246757 -0.969077 0.000000
vn -0.246757 -0.969077 0.000000
vn -0.198147 -0.980172 0.000000
vn -0.198147 -0.980172 0.000000
vn -0.149041 -0.988831 0.000000
vn -0.149041 -0.988831 0.000000
vn -0.099569 -0.995031 0.000000
vn -0.099569 -0.995031 0.000000
vn -0.049846 -0.998757 0.000000
vn -0.049846 -0.998757 0.000000
vn 0.000000 -1.000000 0.000000
vn 0.000000 -1.000000 0.000000
vn 0.049846 -0.998757 0.000000
vn 0.049846 -0.998757 0.000000
vn 0.099569 -0.995031 0.000000
vn 0.099569 -0.995031 0.000000
vn 0.149041 -0.988831 0.000000
vn 0.149041 -0.988831 0.000000
vn 0.198147 -0.980172 0.000000
vn 0.198147 -0.980172 0.000000
vn 0.246757 -0.969077 0.000000
vn 0.246757 -0.969077 0.000000
vn 0.294755 -0.955573 0.000000
vn 0.294755 -0.955573 0.000000
vn 0.342020 -0.939693 0.000000
vn 0.342020 -0.939693 0.000000
vn 0.388434 -0.921476 0.000000
vn 0.388434 -0.921476 0.000000
vn 0.433885 -0.900968 0.000000
vn 0.433885 -0.900968 0.000000
vn 0.478253 -0.878222 0.000000
vn 0.478253 -0.878222 0.000000
vn 0.521436 -0.853290 0.000000
vn 0.521436 -0.853290 0.000000
vn 0.563320 -0.826239 0.000000
vn 0.563320 -0.826239 0.000000
vn 0.603804 -0.797133 0.000000
vn 0.603804 -0.797133 0.000000
vn 0.642788 -0.766044 0.000000
vn 0.642788 -0.766044 0.000000
vn 0.680173 -0.733052 0.000000
vn 0.680173 -0.733052 0.000000
vn 0.715867 -0.698237 0.000000
vn 0.715867 -0.698237 0.000000
vn 0.749781 -0.661686 0.000000
vn 0.749781 -0.661686 0.000000
vn 0.781832 -0.623490 0.000000
vn 0.781832 -0.623490 0.000000
vn 0.811938 -0.583743 0.000000
vn 0.811938 -0.583743 0.000000
vn 0.840026 -0.542546 0.000000
vn 0.840026 -0.542546 0.000000
vn 0.866025 -0.500001 0.000000
vn 0.866025 -0.500001 0.000000
vn 0.889872 -0.456210 0.000000
vn 0.889872 -0.456210 0.000000
vn 0.911506 -0.411287 0.000000
vn 0.911506 -0.411287 0.000000
vn 0.930874 -0.365341 0.000000
vn 0.930874 -0.365341 0.000000
vn 0.947927 -0.318487 0.000000
vn 0.947927 -0.318487 0.000000
vn 0.962624 -0.270841 0.000000
vn 0.962624 -0.270841 0.000000
vn 0.974928 -0.222520 0.000000
vn 0.974928 -0.222520 0.000000
vn 0.984807 -0.173650 0.000000
vn 0.984807 -0.173650 0.000000
vn 0.992239 -0.124343 0.000000
vn 0.992239 -0.124343 0.000000
vn 0.997204 -0.074729 0.000000
vn 0.997204 -0.074729 0.000000
vn 0.999689 -0.024931 0.000000
vn 0.999689 -0.024931 0.000000
vn -0.999689 -0.024930 0.000000
vn -0.999689 -0.024930 0.000000
vn -0.997204 -0.074731 0.000000
vn -0.992239 -0.124343 0.000000
vn -0.997204 -0.074731 0.000000
vn -0.992239 -0.124343 0.000000
vn -0.984808 -0.173648 0.000000
vn -0.974928 -0.222521 0.000000
vn -0.984808 -0.173648 0.000000
vn -0.962624 -0.270841 0.000000
vn -0.974928 -0.222521 0.000000
vn -0.962624 -0.270841 0.000000
vn -0.947927 -0.318487 0.000000
vn -0.947927 -0.318487 0.000000
vn -0.930874 -0.365341 0.000000
vn -0.930874 -0.365341 0.000000
vn -0.911506 -0.411287 0.000000
vn -0.889872 -0.456211 0.000000
vn -0.911506 -0.411287 0.000000
vn -0.889872 -0.456211 0.000000
vn -0.866025 -0.500000 0.000000
vn -0.866025 -0.500000 0.000000
vn -0.840026 -0.542547 0.000000
vn -0.840026 -0.542547 0.000000
vn -0.811938 -0.583744 0.000000
vn -0.811938 -0.583744 0.000000
vn -0.781831 -0.623490 0.000000
vn -0.781831 -0.623490 0.000000
vn -0.749781 -0.661686 0.000000
vn -0.749781 -0.661686 0.000000
vn -0.715867 -0.698237 0.000000
vn -0.715867 -0.698237 0.000000
vn -0.680173 -0.733052 0.000000
vn -0.680173 -0.733052 0.000000
vn -0.642788 -0.766044 0.000000
vn -0.603804 -0.797132 0.000000
vn -0.642788 -0.766044 0.000000
vn -0.563320 -0.826239 0.000000
vn -0.603804 -0.797132 0.000000
vn -0.563320 -0.826239 0.000000
vn -0.521435 -0.853291 0.000000
vn -0.478254 -0.878221 0.000000
vn -0.521435 -0.853291 0.000000
vn -0.478254 -0.878221 0.000000
vn -0.433884 -0.900969 0.000000
vn -0.388435 -0.921476 0.000000
vn -0.433884 -0.900969 0.000000
vn -0.388435 -0.921476 0.000000
vn -0.342020 -0.939692 0.000000
vn -0.294756 -0.955573 0.000000
vn -0.342020 -0.939692 0.000000
vn -0.294756 -0.955573 0.000000
vn -0.246757 -0.969078 0.000000
vn -0.198147 -0.980172 0.000000
vn -0.246757 -0.969078 0.000000
vn -0.149042 -0.988831 0.000000
vn -0.198147 -0.980172 0.000000
vn -0.149042 -0.988831 0.000000
vn -0.099569 -0.995031 0.000000
vn -0.099569 -0.995031 0.000000
vn -0.049845 -0.998757 0.000000
vn 0.000000 -1.000000 0.000000
vn -0.049845 -0.998757 0.000000
vn 0.000000 -1.000000 0.000000
vn 0.049845 -0.998757 0.000000
vn 0.099569 -0.995031 0.000000
vn 0.049845 -0.998757 0.000000
vn 0.099569 -0.995031 0.000000
vn 0.149042 -0.988831 0.000000
vn 0.149042 -0.988831 0.000000
vn 0.198147 -0.980172 0.000000
vn 0.246757 -0.969078 0.000000
vn 0.198147 -0.980172 0.000000
vn 0.246757 -0.969078 0.000000
vn 0.294756 -0.955573 0.000000
vn 0.294756 -0.955573 0.000000
vn 0.342020 -0.939692 0.000000
vn 0.342020 -0.939692 0.000000
vn 0.388435 -0.921476 0.000000
vn 0.388435 -0.921476 0.000000
vn 0.433884 -0.900969 0.000000
vn 0.433884 -0.900969 0.000000
vn 0.478254 -0.878221 0.000000
vn 0.478254 -0.878221 0.000000
vn 0.521435 -0.853291 0.000000
vn 0.521435 -0.853291 0.000000
vn 0.563320 -0.826239 0.000000
vn 0.563320 -0.826239 0.000000
vn 0.603804 -0.797132 0.000000
vn 0.603804 -0.797132 0.000000
vn 0.642788 -0.766044 0.000000
vn 0.642788 -0.766044 0.000000
vn 0.680173 -0.733052 0.000000
vn 0.680173 -0.733052 0.000000
vn 0.715867 -0.698237 0.000000
vn 0.715867 -0.698237 0.000000
vn 0.749781 -0.661686 0.000000
vn 0.749781 -0.661686 0.000000
vn 0.781831 -0.623490 0.000000
vn 0.811938 -0.583744 0.000000
vn 0.781831 -0.623490 0.000000
vn 0.811938 -0.583744 0.000000
vn 0.840026 -0.542547 0.000000
vn 0.840026 -0.542547 0.000000
vn 0.866025 -0.500000 0.000000
vn 0.866025 -0.500000 0.000000
vn 0.889872 -0.456211 0.000000
vn 0.889872 -0.456211 0.000000
vn 0.911506 -0.411287 0.000000
vn 0.911506 -0.411287 0.000000
vn 0.930874 -0.365341 0.000000
vn 0.930874 -0.365341 0.000000
vn 0.947927 -0.318487 0.000000
vn 0.947927 -0.318487 0.000000
vn 0.962624 -0.270841 0.000000
vn 0.962624 -0.270841 0.000000
vn 0.974928 -0.222521 0.000000
vn 0.974928 -0.222521 0.000000
vn 0.984808 -0.173648 0.000000
vn 0.984808 -0.173648 0.000000
vn 0.992239 -0.124343 0.000000
vn 0.992239 -0.124343 0.000000
vn 0.997204 -0.074731 0.000000
vn 0.997204 -0.074731 0.000000
vn 0.999689 -0.024930 0.000000
vn 0.999689 -0.024930 0.000000
vn 0.999689 0.024930 0.000000
vn 0.999689 0.024930 -0.000000
vn 0.997204 0.074731 0.000000
vn 0.997204 0.074731 -0.000000
vn 0.992239 0.124343 0.000000
vn 0.992239 0.124343 -0.000000
vn 0.984808 0.173648 0.000000
vn 0.984808 0.173648 -0.000000
vn 0.974928 0.222521 0.000000
vn 0.974928 0.222521 -0.000000
vn 0.962624 0.270841 0.000000
vn 0.962624 0.270841 -0.000000
vn 0.947927 0.318487 0.000000
vn 0.947927 0.318487 -0.000000
vn 0.930874 0.365341 0.000000
vn 0.930874 0.365341 -0.000000
vn 0.911506 0.411287 0.000000
vn 0.911506 0.411287 -0.000000
vn 0.889872 0.456211 0.000000
vn 0.889872 0.456211 -0.000000
vn 0.866025 0.500000 0.000000
vn 0.866025 0.500000 -0.000000
vn 0.840026 0.542547 0.000000
vn 0.840026 0.542547 -0.000000
vn 0.811938 0.583744 0.000000
vn 0.811938 0.583744 -0.000000
vn 0.781831 0.623490 0.000000
vn 0.781831 0.623490 -0.000000
vn 0.749781 0.661686 0.000000
vn 0.749781 0.661686 -0.000000
vn 0.715867 0.698237 -0.000000
vn 0.715867 0.698237 -0.000000
vn 0.680173 0.733052 0.000000
vn 0.680173 0.733052 -0.000000
vn 0.642788 0.766044 0.000000
vn 0.642788 0.766044 -0.000000
vn 0.603804 0.797132 0.000000
vn 0.603804 0.797132 -0.000000
vn 0.563320 0.826239 -0.000000
vn 0.563320 0.826239 0.000000
vn 0.521435 0.853291 -0.000000
vn 0.521435 0.853291 -0.000000
vn 0.478254 0.878221 -0.000000
vn 0.478254 0.878221 0.000000
vn 0.433884 0.900969 -0.000000
vn 0.388435 0.921476 -0.000000
vn 0.433884 0.900969 0.000000
vn 0.388435 0.921476 -0.000000
vn 0.342020 0.939692 -0.000000
vn 0.342020 0.939692 -0.000000
vn 0.294756 0.955573 0.000000
vn 0.294756 0.955573 -0.000000
vn 0.246757 0.969078 -0.000000
vn 0.246757 0.969078 -0.000000
vn 0.198147 0.980172 -0.000000
vn 0.198147 0.980172 -0.000000
vn 0.149042 0.988831 0.000000
vn 0.149042 0.988831 -0.000000
vn 0.099569 0.995031 0.000000
vn 0.099569 0.995031 -0.000000
vn 0.049845 0.998757 0.000000
vn 0.049845 0.998757 -0.000000
vn 0.000000 1.000000 0.000000
vn 0.000000 1.000000 -0.000000
vn -0.049845 0.998757 0.000000
vn -0.049845 0.998757 0.000000
vn -0.099569 0.995031 0.000000
vn -0.099569 0.995031 0.000000
vn -0.149042 0.988831 0.000000
vn -0.149042 0.988831 0.000000
vn -0.246757 0.969078 0.000000
vn -0.198147 0.980172 0.000000
vn -0.198147 0.980172 0.000000
vn -0.246757 0.969078 0.000000
vn -0.294756 0.955573 0.000000
vn -0.342020 0.939692 0.000000
vn -0.294756 0.955573 0.000000
vn -0.342020 0.939692 0.000000
vn -0.388435 0.921476 0.000000
vn -0.433884 0.900969 0.000000
vn -0.388435 0.921476 0.000000
vn -0.433884 0.900969 0.000000
vn -0.478254 0.878221 0.000000
vn -0.478254 0.878221 0.000000
vn -0.521435 0.853291 0.000000
vn -0.521435 0.853291 0.000000
vn -0.563320 0.826239 0.000000
vn -0.563320 0.826239 0.000000
vn -0.603804 0.797132 0.000000
vn -0.642788 0.766044 0.000000
vn -0.603804 0.797132 0.000000
vn -0.642788 0.766044 0.000000
vn -0.680173 0.733052 0.000000
vn -0.680173 0.733052 0.000000
vn -0.715867 0.698237 0.000000
vn -0.715867 0.698237 0.000000
vn -0.749781 0.661686 0.000000
vn -0.749781 0.661686 0.000000
vn -0.781831 0.623490 0.000000
vn -0.781831 0.623490 0.000000
vn -0.811938 0.583744 0.000000
vn -0.811938 0.583744 0.000000
vn -0.840026 0.542547 0.000000
vn -0.840026 0.542547 0.000000
vn -0.866025 0.500000 0.000000
vn -0.866025 0.500000 0.000000
vn -0.889872 0.456211 0.000000
vn -0.889872 0.456211 0.000000
vn -0.911506 0.411287 0.000000
vn -0.911506 0.411287 0.000000
vn -0.930874 0.365341 0.000000
vn -0.930874 0.365341 0.000000
vn -0.947927 0.318487 0.000000
vn -0.947927 0.318487 0.000000
vn -0.962624 0.270841 0.000000
vn -0.974928 0.222521 0.000000
vn -0.962624 0.270841 0.000000
vn -0.974928 0.222521 0.000000
vn -0.984808 0.173648 0.000000
vn -0.984808 0.173648 0.000000
vn -0.992239 0.124343 0.000000
vn -0.992239 0.124343 0.000000
vn -0.997204 0.074731 0.000000
vn -0.997204 0.074731 0.000000
vn -0.999689 0.024930 0.000000
vn -0.999689 0.024930 0.000000
vn 0.000000 0.000000 -1.000000
vn 0.000000 0.000000 -1.000000
vn 0.000000 0.000000 -1.000000
vn 0.000000 -0.000000 -1.000000
vn 0.000000 0.000000 -1.000000
vn 0.000000 0.000000 -1.000000
vn 0.000000 -0.000000 -1.000000
vn 0.000000 0.000000 -1.000000
vn 0.000000 0.000000 -1.000000
vn 0.000000 0.000000 -1.000000
vn 0.000000 0.000000 -1.000000
vn 0.000000 -0.000000 -1.000000
vn 0.000000 0.000000 -1.000000
vn 0.000000 0.000000 -1.000000
vn 0.000000 -0.000000 -1.000000
vn 0.000000 0.000000 -1.000000
vn 0.000000 0.000000 -1.000000
vn 0.000000 0.000000 -1.000000
vn 0.000000 -0.000000 -1.000000
vn 0.000000 0.000000 -1.000000
vn 0.000000 0.000000 -1.000000
vn 0.000000 0.000000 -1.000000
vn 0.000000 -0.000000 -1.000000
vn 0.000000 0.000000 -1.000000
vn 0.000000 0.000000 -1.000000
vn 0.000000 0.000000 -1.000000
vn 0.000000 -0.000000 -1.000000
vn 0.000000 0.000000 -1.000000
vn 0.000000 0.000000 -1.000000
vn 0.000000 0.000000 -1.000000
vn 0.000000 -0.000000 -1.000000
vn 0.000000 0.000000 -1.000000
vn 0.000000 0.000000 -1.000000
vn 0.000000 0.000000 -1.000000
vn 0.000000 -0.000000 -1.000000
vn 0.000000 0.000000 -1.000000
vn 0.000000 0.000000 -1.000000
vn 0.000000 0.000000 -1.000000
vn 0.000000 -0.000000 -1.000000
vn 0.000000 0.000000 -1.000000
vn 0.000000 0.000000 -1.000000
vn 0.000000 0.000000 -1.000000
vn 0.000000 -0.000000 -1.000000
vn 0.000000 0.000000 -1.000000
vn 0.000000 0.000000 -1.000000
vn 0.000000 0.000000 -1.000000
vn 0.000000 -0.000000 -1.000000
vn 0.000000 0.000000 -1.000000
vn 0.000000 0.000000 -1.000000
vn 0.000000 0.000000 -1.000000
vn 0.000000 -0.000000 -1.000000
vn 0.000000 0.000000 -1.000000
vn 0.000000 0.000000 -1.000000
vn 0.000000 0.000000 -1.000000
vn 0.000000 0.000000 -1.000000
vn 0.000000 0.000000 -1.000000
vn 0.000000 0.000000 -1.000000
vn 0.000000 0.000000 -1.000000
vn 0.000000 -0.000000 -1.000000
vn 0.000000 0.000000 -1.000000
vn 0.000000 0.000000 -1.000000
vn 0.000000 0.000000 -1.000000
vn 0.000000 -0.000000 -1.000000
vn 0.000000 0.000000 -1.000000
vn 0.000000 0.000000 -1.000000
vn 0.000000 -0.000000 -1.000000
vn 0.000000 0.000000 -1.000000
vn 0.000000 0.000000 -1.000000
vn 0.000000 0.000000 -1.000000
vn 0.000000 -0.000000 -1.000000
vn 0.000000 0.000000 -1.000000
vn 0.000000 0.000000 -1.000000
vn 0.000000 0.000000 -1.000000
vn 0.000000 -0.000000 -1.000000
vn 0.000000 0.000000 -1.000000
vn 0.000000 0.000000 -1.000000
vn 0.000000 0.000000 -1.000000
vn 0.000000 -0.000000 -1.000000
vn 0.000000 0.000000 -1.000000
vn 0.000000 0.000000 -1.000000
vn 0.000000 0.000000 -1.000000
vn 0.000000 -0.000000 -1.000000
vn 0.000000 -0.000000 -1.000000
vn 0.000000 0.000000 -1.000000
vn 0.000000 0.000000 -1.000000
vn 0.000000 0.000000 -1.000000
vn 0.000000 0.000000 -1.000000
vn 0.000000 0.000000 -1.000000
vn 0.000000 0.000000 -1.000000
vn 0.000000 -0.000000 -1.000000
vn 0.000000 0.000000 -1.000000
vn 0.000000 0.000000 -1.000000
vn 0.000000 0.000000 -1.000000
vn 0.000000 -0.000000 -1.000000
vn 0.000000 0.000000 -1.000000
vn 0.000000 0.000000 -1.000000
vn 0.000000 0.000000 -1.000000
vn 0.000000 0.000000 -1.000000
vn 0.000000 -0.000000 -1.000000
vn 0.000000 0.000000 -1.000000
vn 0.000000 0.000000 -1.000000
vn 0.000000 -0.000000 -1.000000
vn 0.000000 0.000000 -1.000000
vn 0.000000 0.000000 -1.000000
vn 0.000000 -0.000000 -1.000000
vn 0.000000 0.000000 -1.000000
vn 0.000000 0.000000 -1.000000
vn 0.000000 0.000000 -1.000000
vn 0.000000 -0.000000 -1.000000
vn 0.000000 -0.000000 -1.000000
vn 0.000000 0.000000 -1.000000
vn 0.000000 0.000000 -1.000000
vn 0.000000 0.000000 -1.000000
vn 0.000000 0.000000 -1.000000
vn 0.000000 0.000000 -1.000000
vn 0.000000 0.000000 -1.000000
vn 0.000000 0.000000 -1.000000
vn 0.000000 -0.000000 -1.000000
vn 0.000000 0.000000 -1.000000
vn 0.000000 0.000000 -1.000000
vn 0.000000 -0.000000 -1.000000
vn 0.000000 0.000000 -1.000000
vn 0.000000 0.000000 -1.000000
vn 0.000000 0.000000 -1.000000
vn 0.000000 0.000000 -1.000000
vn 0.000000 0.000000 -1.000000
vn 0.000000 -0.000000 -1.000000
vn 0.000000 0.000000 -1.000000
vn 0.000000 0.000000 -1.000000
vn 0.000000 0.000000 -1.000000
vn 0.000000 0.000000 -1.000000
vn 0.000000 0.000000 -1.000000
vn 0.000000 -0.000000 -1.000000
vn 0.000000 0.000000 -1.000000
vn 0.000000 0.000000 -1.000000
vn 0.000000 -0.000000 -1.000000
vn 0.000000 -0.000000 -1.000000
vn 0.000000 0.000000 -1.000000
vn 0.000000 0.000000 -1.000000
vn 0.000000 0.000000 -1.000000
vn 0.000000 -0.000000 -1.000000
vn 0.000000 0.000000 -1.000000
vn 0.000000 0.000000 -1.000000
vn 0.000000 0.000000 -1.000000
vn 0.000000 0.000000 -1.000000
vn 0.000000 0.000000 -1.000000
vn 0.000000 -0.000000 -1.000000
vn 0.000000 0.000000 -1.000000
vn 0.000000 0.000000 -1.000000
vn 0.000000 0.000000 -1.000000
vn 0.000000 0.000000 -1.000000
vn 0.000000 -0.000000 -1.000000
vn 0.000000 0.000000 -1.000000
vn 0.000000 0.000000 -1.000000
vn 0.000000 0.000000 -1.000000
vn 0.000000 0.000000 -1.000000
vn 0.000000 -0.000000 -1.000000
vn 0.000000 0.000000 -1.000000
vn 0.000000 -0.000000 -1.000000
vn 0.000000 -0.000000 -1.000000
vn 0.000000 0.000000 -1.000000
vn 0.000000 0.000000 -1.000000
vn 0.000000 0.000000 -1.000000
vn 0.000000 0.000000 -1.000000
vn 0.000000 0.000000 -1.000000
vn 0.000000 0.000000 -1.000000
vn 0.000000 0.000000 -1.000000
vn 0.000000 -0.000000 -1.000000
vn 0.000000 0.000000 -1.000000
vn 0.000000 0.000000 -1.000000
vn 0.000000 0.000000 -1.000000
vn 0.000000 -0.000000 -1.000000
vn 0.000000 -0.000000 -1.000000
vn 0.000000 0.000000 -1.000000
vn 0.000000 0.000000 -1.000000
vn 0.000000 0.000000 -1.000000
vn 0.000000 -0.000000 -1.000000
vn 0.000000 0.000000 -1.000000
vn 0.000000 0.000000 -1.000000
vn 0.000000 0.000000 -1.000000
vn 0.000000 0.000000 -1.000000
vn 0.000000 0.000000 -1.000000
vn 0.000000 0.000000 -1.000000
vn 0.000000 -0.000000 -1.000000
vn 0.000000 0.000000 -1.000000
vn 0.000000 0.000000 -1.000000
vn 0.000000 0.000000 -1.000000
vn 0.000000 -0.000000 -1.000000
vn 0.000000 0.000000 -1.000000
vn 0.000000 0.000000 -1.000000
vn 0.000000 0.000000 -1.000000
vn 0.000000 0.000000 -1.000000
vn 0.000000 0.000000 -1.000000
vn 0.000000 0.000000 -1.000000
vn 0.000000 0.000000 -1.000000
vn 0.000000 0.000000 -1.000000
vn 0.000000 0.000000 -1.000000
vn 0.000000 0.000000 -1.000000
vn 0.000000 0.000000 -1.000000
vn 0.000000 0.000000 -1.000000
vn 0.000000 0.000000 -1.000000
vn 0.000000 -0.000000 -1.000000
vn 0.000000 0.000000 -1.000000
vn 0.000000 0.000000 -1.000000
vn 0.000000 0.000000 -1.000000
vn 0.000000 -0.000000 -1.000000
vn 0.000000 0.000000 -1.000000
vn 0.000000 0.000000 -1.000000
vn 0.000000 0.000000 -1.000000
vn 0.000000 -0.000000 -1.000000
vn 0.000000 0.000000 -1.000000
vn 0.000000 0.000000 -1.000000
vn 0.000000 0.000000 -1.000000
vn 0.000000 0.000000 -1.000000
vn 0.000000 0.000000 -1.000000
vn 0.000000 -0.000000 -1.000000
vn 0.000000 0.000000 -1.000000
vn 0.000000 0.000000 -1.000000
vn 0.000000 -0.000000 -1.000000
vn 0.000000 0.000000 -1.000000
vn 0.000000 0.000000 -1.000000
vn 0.000000 -0.000000 -1.000000
vn 0.000000 0.000000 -1.000000
vn 0.000000 0.000000 -1.000000
vn 0.000000 0.000000 -1.000000
vn 0.000000 -0.000000 -1.000000
vn 0.000000 0.000000 -1.000000
vn 0.000000 0.000000 -1.000000
vn 0.000000 -0.000000 -1.000000
vn 0.000000 0.000000 -1.000000
vn 0.000000 0.000000 -1.000000
vn 0.000000 0.000000 -1.000000
vn 0.000000 0.000000 -1.000000
vn 0.000000 -0.000000 -1.000000
vn 0.000000 0.000000 -1.000000
vn 0.000000 0.000000 -1.000000
vn 0.000000 -0.000000 -1.000000
vn 0.000000 0.000000 -1.000000
vn 0.000000 0.000000 -1.000000
vn 0.000000 0.000000 -1.000000
vn 0.000000 -0.000000 -1.000000
vn 0.000000 0.000000 -1.000000
vn 0.000000 0.000000 -1.000000
vn 0.000000 0.000000 -1.000000
vn 0.000000 0.000000 -1.000000
vn 0.000000 0.000000 -1.000000
vn 0.000000 -0.000000 -1.000000
vn 0.000000 0.000000 -1.000000
vn 0.000000 0.000000 -1.000000
vn 0.000000 0.000000 -1.000000
vn 0.000000 0.000000 -1.000000
vn 0.000000 -0.000000 -1.000000
f 1//1 2//1 3//1
f 4//2 5//2 6//2
f 4//3 7//3 8//3
f 4//4 6//4 7//4
f 9//5 2//5 1//5
f 9//6 10//6 11//6
f 9//7 12//7 10//7
f 9//8 11//8 13//8
f 9//9 13//9 14//9
f 9//10 14//10 2//10
f 15//11 16//11 17//11
f 18//12 1//12 19//12
f 18//13 19//13 5//13
f 20//14 21//14 22//14
f 20//15 8//15 21//15
f 20//16 4//16 8//16
f 23//17 12//17 9//17
f 23//18 24//18 12//18
f 23//19 25//19 24//19
f 23//20 9//20 1//20
f 26//21 18//21 5//21
f 26//22 5//22 4//22
f 27//23 28//23 29//23
f 27//24 22//24 28//24
f 27//25 20//25 22//25
f 30//26 31//26 32//26
f 33//27 23//27 1//27
f 33//28 34//28 25//28
f 33//29 35//29 34//29
f 33//30 25//30 23//30
f 33//31 1//31 18//31
f 36//32 4//32 20//32
f 36//33 26//33 4//33
f 37//34 27//34 29//34
f 37//35 38//35 39//35
f 37//36 29//36 38//36
f 40//37 33//37 18//37
f 40//38 18//38 26//38
f 40//39 41//39 35//39
f 40//40 42//40 41//40
f 40//41 26//41 36//41
f 40//42 35//42 33//42
f 43//43 20//43 27//43
f 43//44 36//44 20//44
f 44//45 45//45 46//45
f 44//46 39//46 45//46
f 44//47 37//47 39//47
f 47//48 36//48 43//48
f 47//49 42//49 40//49
f 47//50 48//50 42//50
f 47//51 49//51 48//51
f 47//52 40//52 36//52
f 50//53 27//53 37//53
f 50//54 37//54 44//54
f 50//55 43//55 27//55
f 51//56 52//56 53//56
f 51//57 46//57 52//57
f 51//58 44//58 46//58
f 54//59 47//59 43//59
f 54//60 55//60 49//60
f 54//61 56//61 55//61
f 54//62 49//62 47//62
f 54//63 43//63 50//63
f 57//64 50//64 44//64
f 58//65 59//65 60//65
f 58//66 53//66 59//66
f 58//67 51//67 53//67
f 61//68 56//68 54//68
f 61//69 62//69 56//69
f 61//70 54//70 50//70
f 61//71 63//71 62//71
f 64//72 51//72 58//72
f 64//73 57//73 44//73
f 64//74 44//74 51//74
f 65//75 66//75 67//75
f 65//76 60//76 66//76
f 65//77 58//77 60//77
f 68//78 50//78 57//78
f 68//79 63//79 61//79
f 68//80 69//80 63//80
f 68//81 70//81 69//81
f 68//82 61//82 50//82
f 71//83 64//83 58//83
f 72//84 73//84 74//84
f 72//85 67//85 73//85
f 72//86 65//86 67//86
f 75//87 57//87 64//87
f 75//88 68//88 57//88
f 75//89 64//89 71//89
f 75//90 70//90 68//90
f 75//91 76//91 70//91
f 75//92 77//92 76//92
f 78//93 58//93 65//93
f 78//94 71//94 58//94
f 79//95 72//95 74//95
f 79//96 80//96 81//96
f 79//97 74//97 80//97
f 82//98 77//98 75//98
f 82//99 83//99 77//99
f 82//100 84//100 83//100
f 82//101 75//101 71//101
f 85//102 65//102 72//102
f 85//103 78//103 65//103
f 86//104 79//104 81//104
f 86//105 87//105 88//105
f 86//106 81//106 87//106
f 89//107 82//107 71//107
f 89//108 90//108 84//108
f 89//109 91//109 90//109
f 89//110 84//110 82//110
f 89//111 71//111 78//111
f 92//112 85//112 72//112
f 92//113 72//113 79//113
f 93//114 86//114 88//114
f 93//115 94//115 95//115
f 93//116 88//116 94//116
f 96//117 91//117 89//117
f 96//118 97//118 91//118
f 96//119 98//119 97//119
f 96//120 78//120 85//120
f 96//121 89//121 78//121
f 99//122 86//122 93//122
f 99//123 79//123 86//123
f 99//124 92//124 79//124
f 100//125 93//125 95//125
f 100//126 101//126 102//126
f 100//127 95//127 101//127
f 103//128 104//128 98//128
f 103//129 105//129 104//129
f 103//130 96//130 85//130
f 103//131 98//131 96//131
f 103//132 85//132 92//132
f 106//133 93//133 100//133
f 106//134 99//134 93//134
f 107//135 100//135 102//135
f 107//136 108//136 109//136
f 107//137 102//137 108//137
f 110//138 103//138 92//138
f 110//139 92//139 99//139
f 110//140 111//140 105//140
f 110//141 112//141 111//141
f 110//142 105//142 103//142
f 113//143 106//143 100//143
f 114//144 115//144 116//144
f 114//145 109//145 115//145
f 114//146 107//146 109//146
f 117//147 99//147 106//147
f 117//148 118//148 112//148
f 117//149 119//149 118//149
f 117//150 110//150 99//150
f 117//151 112//151 110//151
f 120//152 100//152 107//152
f 120//153 113//153 100//153
f 121//154 114//154 116//154
f 121//155 122//155 123//155
f 121//156 116//156 122//156
f 124//157 106//157 113//157
f 124//158 125//158 119//158
f 124//159 126//159 125//159
f 124//160 117//160 106//160
f 124//161 119//161 117//161
f 127//162 120//162 107//162
f 127//163 107//163 114//163
f 128//164 121//164 123//164
f 128//165 129//165 130//165
f 128//166 123//166 129//166
f 131//167 113//167 120//167
f 131//168 126//168 124//168
f 131//169 132//169 126//169
f 131//170 133//170 132//170
f 131//171 124//171 113//171
f 134//172 127//172 114//172
f 134//173 121//173 128//173
f 134//174 114//174 121//174
f 135//175 128//175 130//175
f 135//176 136//176 137//176
f 135//177 130//177 136//177
f 138//178 120//178 127//178
f 138//179 127//179 134//179
f 138//180 139//180 133//180
f 138//181 140//181 139//181
f 138//182 133//182 131//182
f 138//183 131//183 120//183
f 141//184 128//184 135//184
f 141//185 134//185 128//185
f 142//186 135//186 137//186
f 142//187 143//187 144//187
f 142//188 137//188 143//188
f 145//189 140//189 138//189
f 145//190 146//190 140//190
f 145//191 147//191 146//191
f 145//192 138//192 134//192
f 148//193 141//193 135//193
f 149//194 142//194 144//194
f 149//195 150//195 151//195
f 149//196 144//196 150//196
f 152//197 145//197 134//197
f 152//198 134//198 141//198
f 152//199 147//199 145//199
f 152//200 153//200 147//200
f 152//201 154//201 153//201
f 155//202 148//202 135//202
f 155//203 135//203 142//203
f 156//204 149//204 151//204
f 156//205 157//205 158//205
f 156//206 151//206 157//206
f 159//207 141//207 148//207
f 159//208 154//208 152//208
f 159//209 152//209 141//209
f 159//210 160//210 154//210
f 159//211 161//211 160//211
f 162//212 142//212 149//212
f 162//213 155//213 142//213
f 162//214 149//214 156//214
f 163//215 156//215 158//215
f 163//216 164//216 165//216
f 163//217 158//217 164//217
f 166//218 148//218 155//218
f 166//219 161//219 159//219
f 166//220 167//220 161//220
f 166//221 168//221 167//221
f 166//222 159//222 148//222
f 169//223 162//223 156//223
f 170//224 163//224 165//224
f 170//225 171//225 172//225
f 170//226 165//226 171//226
f 173//227 166//227 155//227
f 173//228 155//228 162//228
f 173//229 162//229 169//229
f 173//230 168//230 166//230
f 173//231 174//231 168//231
f 173//232 175//232 174//232
f 176//233 156//233 163//233
f 176//234 169//234 156//234
f 176//235 163//235 170//235
f 177//236 178//236 179//236
f 177//237 172//237 178//237
f 177//238 170//238 172//238
f 180//239 173//239 169//239
f 180//240 175//240 173//240
f 180//241 181//241 175//241
f 180//242 182//242 181//242
f 183//243 170//243 177//243
f 183//244 176//244 170//244
f 184//245 177//245 179//245
f 184//246 185//246 186//246
f 184//247 179//247 185//247
f 187//248 169//248 176//248
f 187//249 180//249 169//249
f 187//250 182//250 180//250
f 187//251 188//251 182//251
f 187//252 189//252 188//252
f 190//253 183//253 177//253
f 191//254 184//254 186//254
f 191//255 192//255 193//255
f 191//256 186//256 192//256
f 194//257 176//257 183//257
f 194//258 187//258 176//258
f 194//259 195//259 189//259
f 194//260 196//260 195//260
f 194//261 189//261 187//261
f 197//262 177//262 184//262
f 197//263 184//263 191//263
f 197//264 190//264 177//264
f 198//265 191//265 193//265
f 198//266 199//266 200//266
f 198//267 193//267 199//267
f 201//268 196//268 194//268
f 201//269 183//269 190//269
f 201//270 194//270 183//270
f 201//271 202//271 196//271
f 201//272 203//272 202//272
f 204//273 197//273 191//273
f 204//274 191//274 198//274
f 205//275 198//275 200//275
f 205//276 206//276 207//276
f 205//277 200//277 206//277
f 208//278 190//278 197//278
f 208//279 203//279 201//279
f 208//280 197//280 204//280
f 208//281 209//281 203//281
f 208//282 210//282 209//282
f 208//283 201//283 190//283
f 211//284 204//284 198//284
f 212//285 205//285 207//285
f 212//286 213//286 214//286
f 212//287 207//287 213//287
f 215//288 208//288 204//288
f 215//289 210//289 208//289
f 215//290 216//290 210//290
f 215//291 217//291 216//291
f 218//292 211//292 198//292
f 218//293 198//293 205//293
f 219//294 212//294 214//294
f 219//295 220//295 221//295
f 219//296 214//296 220//296
f 222//297 204//297 211//297
f 222//298 215//298 204//298
f 222//299 217//299 215//299
f 222//300 223//300 217//300
f 222//301 224//301 223//301
f 225//302 205//302 212//302
f 225//303 218//303 205//303
f 226//304 219//304 221//304
f 226//305 227//305 228//305
f 226//306 221//306 227//306
f 229//307 230//307 231//307
f 229//308 211//308 218//308
f 229//309 222//309 211//309
f 229//310 224//310 222//310
f 229//311 231//311 224//311
f 232//312 225//312 212//312
f 232//313 212//313 219//313
f 233//314 226//314 228//314
f 233//315 234//315 235//315
f 233//316 228//316 234//316
f 236//317 237//317 230//317
f 236//318 238//318 237//318
f 236//319 230//319 229//319
f 236//320 218//320 225//320
f 236//321 229//321 218//321
f 239//322 232//322 219//322
f 239//323 219//323 226//323
f 240//324 241//324 242//324
f 240//325 235//325 241//325
f 240//326 233//326 235//326
f 243//327 244//327 238//327
f 243//328 245//328 244//328
f 243//329 225//329 232//329
f 243//330 236//330 225//330
f 243//331 238//331 236//331
f 246//332 226//332 233//332
f 246//333 239//333 226//333
f 247//334 248//334 249//334
f 247//335 242//335 248//335
f 247//336 240//336 242//336
f 250//337 251//337 245//337
f 250//338 252//338 251//338
f 250//339 245//339 243//339
f 250//340 243//340 232//340
f 250//341 232//341 239//341
f 253//342 233//342 240//342
f 253//343 246//343 233//343
f 254//344 247//344 249//344
f 254//345 255//345 256//345
f 254//346 249//346 255//346
f 257//347 258//347 252//347
f 257//348 259//348 258//348
f 257//349 252//349 250//349
f 257//350 239//350 246//350
f 257//351 250//351 239//351
f 260//352 240//352 247//352
f 260//353 253//353 240//353
f 261//354 262//354 263//354
f 261//355 256//355 262//355
f 261//356 254//356 256//356
f 264//357 265//357 259//357
f 264//358 266//358 265//358
f 264//359 259//359 257//359
f 264//360 246//360 253//360
f 264//361 257//361 246//361
f 267//362 247//362 254//362
f 267//363 260//363 247//363
f 268//364 269//364 270//364
f 268//365 263//365 269//365
f 268//366 261//366 263//366
f 271//367 266//367 264//367
f 271//368 272//368 266//368
f 271//369 273//369 272//369
f 271//370 253//370 260//370
f 271//371 264//371 253//371
f 274//372 254//372 261//372
f 274//373 267//373 254//373
f 275//374 276//374 277//374
f 275//375 270//375 276//375
f 275//376 268//376 270//376
f 278//377 271//377 260//377
f 278//378 279//378 273//378
f 278//379 280//379 279//379
f 278//380 273//380 271//380
f 278//381 260//381 267//381
f 281//382 274//382 261//382
f 281//383 261//383 268//383
f 282//384 283//384 284//384
f 282//385 277//385 283//385
f 282//386 275//386 277//386
f 285//387 278//387 267//387
f 285//388 286//388 280//388
f 285//389 287//389 286//389
f 285//390 280//390 278//390
f 285//391 267//391 274//391
f 288//392 268//392 275//392
f 288//393 281//393 268//393
f 289//394 290//394 291//394
f 289//395 284//395 290//395
f 289//396 282//396 284//396
f 292//397 287//397 285//397
f 292//398 293//398 287//398
f 292//399 294//399 293//399
f 292//400 285//400 274//400
f 292//401 274//401 281//401
f 295//402 275//402 282//402
f 295//403 288//403 275//403
f 296//404 289//404 291//404
f 296//405 297//405 298//405
f 296//406 291//406 297//406
f 299//407 300//407 294//407
f 299//408 301//408 300//408
f 299//409 294//409 292//409
f 299//410 292//410 281//410
f 299//411 288//411 295//411
f 299//412 281//412 288//412
f 302//413 282//413 289//413
f 302//414 295//414 282//414
f 303//415 304//415 15//415
f 303//416 305//416 304//416
f 303//417 298//417 305//417
f 303//418 296//418 298//418
f 306//419 307//419 301//419
f 306//420 308//420 307//420
f 306//421 299//421 295//421
f 306//422 301//422 299//422
f 309//423 302//423 289//423
f 309//424 289//424 296//424
f 310//425 311//425 308//425
f 310//426 312//426 311//426
f 310//427 302//427 309//427
f 310//428 295//428 302//428
f 310//429 306//429 295//429
f 310//430 308//430 306//430
f 313//431 15//431 314//431
f 313//432 303//432 15//432
f 313//433 296//433 303//433
f 313//434 309//434 296//434
f 315//435 316//435 312//435
f 315//436 317//436 316//436
f 315//437 312//437 310//437
f 315//438 310//438 309//438
f 318//439 314//439 32//439
f 318//440 319//440 317//440
f 318//441 320//441 319//441
f 318//442 313//442 314//442
f 318//443 309//443 313//443
f 318//444 315//444 309//444
f 318//445 317//445 315//445
f 318//446 32//446 320//446
f 15//447 304//447 16//447
f 31//448 320//448 32//448
f 321//449 322//449 323//449
f 321//450 17//450 322//450
f 321//451 15//451 17//451
f 324//452 321//452 323//452
f 324//453 325//453 326//453
f 324//454 323//454 325//454
f 327//455 314//455 15//455
f 327//456 15//456 321//456
f 328//457 329//457 330//457
f 328//458 326//458 329//458
f 328//459 324//459 326//459
f 331//460 327//460 321//460
f 331//461 321//461 324//461
f 332//462 333//462 334//462
f 332//463 330//463 333//463
f 332//464 328//464 330//464
f 335//465 336//465 30//465
f 335//466 337//466 336//466
f 335//467 32//467 314//467
f 335//468 314//468 327//468
f 335//469 30//469 32//469
f 338//470 331//470 324//470
f 338//471 324//471 328//471
f 339//472 340//472 341//472
f 339//473 334//473 340//473
f 339//474 332//474 334//474
f 342//475 343//475 337//475
f 342//476 344//476 343//476
f 342//477 327//477 331//477
f 342//478 337//478 335//478
f 342//479 335//479 327//479
f 345//480 328//480 332//480
f 345//481 338//481 328//481
f 346//482 347//482 348//482
f 346//483 341//483 347//483
f 346//484 339//484 341//484
f 349//485 331//485 338//485
f 349//486 350//486 344//486
f 349//487 351//487 350//487
f 349//488 344//488 342//488
f 349//489 342//489 331//489
f 352//490 345//490 332//490
f 352//491 332//491 339//491
f 353//492 346//492 348//492
f 353//493 354//493 355//493
f 353//494 348//494 354//494
f 356//495 357//495 351//495
f 356//496 358//496 357//496
f 356//497 351//497 349//497
f 356//498 349//498 338//498
f 356//499 345//499 352//499
f 356//500 338//500 345//500
f 359//501 352//501 339//501
f 359//502 339//502 346//502
f 360//503 361//503 362//503
f 360//504 355//504 361//504
f 360//505 353//505 355//505
f 363//506 364//506 358//506
f 363//507 365//507 364//507
f 363//508 356//508 352//508
f 363//509 358//509 356//509
f 366//510 359//510 346//510
f 366//511 346//511 353//511
f 367//512 360//512 362//512
f 367//513 368//513 369//513
f 367//514 362//514 368//514
f 370//515 352//515 359//515
f 370//516 365//516 363//516
f 370//517 371//517 365//517
f 370//518 372//518 371//518
f 370//519 363//519 352//519
f 370//520 359//520 366//520
f 373//521 366//521 353//521
f 373//522 353//522 360//522
f 374//523 367//523 369//523
f 374//524 375//524 376//524
f 374//525 369//525 375//525
f 377//526 372//526 370//526
f 377//527 378//527 372//527
f 377//528 379//528 378//528
f 377//529 370//529 366//529
f 380//530 373//530 360//530
f 380//531 360//531 367//531
f 381//532 382//532 383//532
f 381//533 376//533 382//533
f 381//534 374//534 376//534
f 384//535 385//535 379//535
f 384//536 386//536 385//536
f 384//537 366//537 373//537
f 384//538 379//538 377//538
f 384//539 377//539 366//539
f 387//540 380//540 367//540
f 387//541 367//541 374//541
f 388//542 389//542 390//542
f 388//543 383//543 389//543
f 388//544 381//544 383//544
f 391//545 392//545 386//545
f 391//546 393//546 392//546
f 391//547 373//547 380//547
f 391//548 384//548 373//548
f 391//549 386//549 384//549
f 394//550 374//550 381//550
f 394//551 381//551 388//551
f 394//552 387//552 374//552
f 395//553 396//553 397//553
f 395//554 390//554 396//554
f 395//555 388//555 390//555
f 398//556 399//556 393//556
f 398//557 400//557 399//557
f 398//558 380//558 387//558
f 398//559 393//559 391//559
f 398//560 391//560 380//560
f 401//561 388//561 395//561
f 401//562 394//562 388//562
f 402//563 403//563 404//563
f 402//564 397//564 403//564
f 402//565 395//565 397//565
f 405//566 406//566 400//566
f 405//567 407//567 406//567
f 405//568 387//568 394//568
f 405//569 398//569 387//569
f 405//570 400//570 398//570
f 408//571 401//571 395//571
f 409//572 410//572 411//572
f 409//573 404//573 410//573
f 409//574 402//574 404//574
f 412//575 413//575 407//575
f 412//576 414//576 413//576
f 412//577 407//577 405//577
f 412//578 405//578 394//578
f 412//579 394//579 401//579
f 412//580 401//580 408//580
f 415//581 395//581 402//581
f 415//582 408//582 395//582
f 416//583 417//583 418//583
f 416//584 411//584 417//584
f 416//585 409//585 411//585
f 419//586 408//586 415//586
f 419//587 412//587 408//587
f 419//588 414//588 412//588
f 419//589 420//589 414//589
f 419//590 421//590 420//590
f 422//591 415//591 402//591
f 422//592 409//592 416//592
f 422//593 402//593 409//593
f 423//594 424//594 425//594
f 423//595 418//595 424//595
f 423//596 416//596 418//596
f 426//597 427//597 421//597
f 426//598 428//598 427//598
f 426//599 421//599 419//599
f 426//600 419//600 415//600
f 429//601 422//601 416//601
f 3//602 430//602 431//602
f 3//603 425//603 430//603
f 3//604 423//604 425//604
f 432//605 433//605 428//605
f 432//606 434//606 433//606
f 432//607 426//607 415//607
f 432//608 428//608 426//608
f 432//609 415//609 422//609
f 432//610 422//610 429//610
f 14//611 416//611 423//611
f 14//612 429//612 416//612
f 19//613 435//613 436//613
f 19//614 431//614 435//614
f 19//615 3//615 431//615
f 437//616 432//616 429//616
f 437//617 438//617 434//617
f 437//618 439//618 438//618
f 437//619 434//619 432//619
f 2//620 14//620 423//620
f 2//621 423//621 3//621
f 5//622 440//622 6//622
f 5//623 436//623 440//623
f 5//624 19//624 436//624
f 13//625 439//625 437//625
f 13//626 441//626 439//626
f 13//627 11//627 441//627
f 13//628 429//628 14//628
f 13//629 437//629 429//629
f 1//630 3//630 19//630
f 16//631 442//631 17//631
f 17//632 443//632 322//632
f 442//633 443//633 17//633
f 322//634 444//634 323//634
f 443//635 444//635 322//635
f 323//636 445//636 325//636
f 444//637 445//637 323//637
f 325//638 446//638 326//638
f 445//639 446//639 325//639
f 326//640 447//640 329//640
f 446//641 447//641 326//641
f 329//642 448//642 330//642
f 447//643 448//643 329//643
f 330//644 449//644 333//644
f 448//645 449//645 330//645
f 333//646 450//646 334//646
f 449//647 450//647 333//647
f 334//648 451//648 340//648
f 450//649 451//649 334//649
f 340//650 452//650 341//650
f 451//651 452//651 340//651
f 452//652 453//652 341//652
f 341//653 453//653 347//653
f 453//654 454//654 347//654
f 347//655 454//655 348//655
f 454//656 455//656 348//656
f 348//657 455//657 354//657
f 455//658 456//658 354//658
f 354//659 456//659 355//659
f 456//660 457//660 355//660
f 355//661 457//661 361//661
f 457//662 458//662 361//662
f 361//663 458//663 362//663
f 458//664 459//664 362//664
f 362//665 459//665 368//665
f 459//666 460//666 368//666
f 368//667 460//667 369//667
f 369//668 461//668 375//668
f 460//669 461//669 369//669
f 461//670 462//670 375//670
f 375//671 462//671 376//671
f 376//672 463//672 382//672
f 462//673 463//673 376//673
f 382//674 464//674 383//674
f 463//675 464//675 382//675
f 383//676 465//676 389//676
f 464//677 465//677 383//677
f 389//678 466//678 390//678
f 465//679 466//679 389//679
f 390//680 467//680 396//680
f 466//681 467//681 390//681
f 396//682 468//682 397//682
f 467//683 468//683 396//683
f 397//684 469//684 403//684
f 468//685 469//685 397//685
f 403//686 470//686 404//686
f 469//687 470//687 403//687
f 404//688 471//688 410//688
f 470//689 471//689 404//689
f 410//690 472//690 411//690
f 471//691 472//691 410//691
f 411//692 473//692 417//692
f 472//693 473//693 411//693
f 417//694 474//694 418//694
f 473//695 474//695 417//695
f 418//696 475//696 424//696
f 474//697 475//697 418//697
f 424//698 476//698 425//698
f 475//699 476//699 424//699
f 425//700 477//700 430//700
f 476//701 477//701 425//701
f 477//702 478//702 430//702
f 478//703 479//703 430//703
f 431//704 479//704 435//704
f 430//705 479//705 431//705
f 479//706 480//706 435//706
f 436//707 481//707 440//707
f 435//708 481//708 436//708
f 480//709 481//709 435//709
f 440//710 482//710 6//710
f 481//711 482//711 440//711
f 482//712 483//712 6//712
f 7//713 484//713 8//713
f 6//714 484//714 7//714
f 483//715 484//715 6//715
f 8//716 485//716 21//716
f 484//717 485//717 8//717
f 21//718 486//718 22//718
f 485//719 486//719 21//719
f 22//720 487//720 28//720
f 486//721 487//721 22//721
f 28//722 488//722 29//722
f 487//723 488//723 28//723
f 29//724 489//724 38//724
f 488//725 489//725 29//725
f 38//726 490//726 39//726
f 489//727 490//727 38//727
f 39//728 491//728 45//728
f 490//729 491//729 39//729
f 491//730 492//730 45//730
f 46//731 493//731 52//731
f 45//732 493//732 46//732
f 492//733 493//733 45//733
f 493//734 494//734 52//734
f 52//735 494//735 53//735
f 494//736 495//736 53//736
f 495//737 496//737 53//737
f 59//738 496//738 60//738
f 53//739 496//739 59//739
f 496//740 497//740 60//740
f 60//741 497//741 66//741
f 497//742 498//742 66//742
f 498//743 499//743 66//743
f 67//744 499//744 73//744
f 66//745 499//745 67//745
f 499//746 500//746 73//746
f 73//747 500//747 74//747
f 74//748 501//748 80//748
f 500//749 501//749 74//749
f 80//750 502//750 81//750
f 501//751 502//751 80//751
f 502//752 503//752 81//752
f 503//753 504//753 81//753
f 87//754 504//754 88//754
f 81//755 504//755 87//755
f 504//756 505//756 88//756
f 505//757 506//757 88//757
f 88//758 506//758 94//758
f 506//759 507//759 94//759
f 94//760 507//760 95//760
f 507//761 508//761 95//761
f 95//762 508//762 101//762
f 508//763 509//763 101//763
f 101//764 509//764 102//764
f 509//765 510//765 102//765
f 102//766 510//766 108//766
f 510//767 511//767 108//767
f 108//768 511//768 109//768
f 511//769 512//769 109//769
f 109//770 512//770 115//770
f 512//771 513//771 115//771
f 115//772 513//772 116//772
f 513//773 514//773 116//773
f 116//774 514//774 122//774
f 514//775 515//775 122//775
f 122//776 515//776 123//776
f 515//777 516//777 123//777
f 123//778 516//778 129//778
f 516//779 517//779 129//779
f 129//780 517//780 130//780
f 517//781 518//781 130//781
f 130//782 518//782 136//782
f 518//783 519//783 136//783
f 136//784 519//784 137//784
f 519//785 520//785 137//785
f 137//786 520//786 143//786
f 520//787 521//787 143//787
f 143//788 521//788 144//788
f 144//789 522//789 150//789
f 521//790 522//790 144//790
f 522//791 523//791 150//791
f 150//792 523//792 151//792
f 151//793 524//793 157//793
f 523//794 524//794 151//794
f 158//795 525//795 164//795
f 157//796 525//796 158//796
f 524//797 525//797 157//797
f 525//798 526//798 164//798
f 165//799 527//799 171//799
f 164//800 527//800 165//800
f 526//801 527//801 164//801
f 527//802 528//802 171//802
f 528//803 529//803 171//803
f 171//804 529//804 172//804
f 529//805 530//805 172//805
f 178//806 530//806 179//806
f 172//807 530//807 178//807
f 179//808 531//808 185//808
f 530//809 531//809 179//809
f 531//810 532//810 185//810
f 185//811 532//811 186//811
f 532//812 533//812 186//812
f 533//813 534//813 186//813
f 186//814 534//814 192//814
f 534//815 535//815 192//815
f 193//816 535//816 199//816
f 192//817 535//817 193//817
f 535//818 536//818 199//818
f 536//819 537//819 199//819
f 200//820 537//820 206//820
f 199//821 537//821 200//821
f 537//822 538//822 206//822
f 538//823 539//823 206//823
f 207//824 539//824 213//824
f 206//825 539//825 207//825
f 539//826 540//826 213//826
f 540//827 541//827 213//827
f 214//828 541//828 220//828
f 213//829 541//829 214//829
f 541//830 542//830 220//830
f 220//831 543//831 221//831
f 542//832 543//832 220//832
f 221//833 544//833 227//833
f 543//834 544//834 221//834
f 227//835 545//835 228//835
f 544//836 545//836 227//836
f 234//837 546//837 235//837
f 228//838 546//838 234//838
f 545//839 546//839 228//839
f 235//840 547//840 241//840
f 546//841 547//841 235//841
f 547//842 548//842 241//842
f 241//843 549//843 242//843
f 548//844 549//844 241//844
f 248//845 550//845 249//845
f 242//846 550//846 248//846
f 549//847 550//847 242//847
f 550//848 551//848 249//848
f 249//849 552//849 255//849
f 551//850 552//850 249//850
f 256//851 553//851 262//851
f 255//852 553//852 256//852
f 552//853 553//853 255//853
f 553//854 554//854 262//854
f 262//855 554//855 263//855
f 554//856 555//856 263//856
f 555//857 556//857 263//857
f 269//858 556//858 270//858
f 263//859 556//859 269//859
f 556//860 557//860 270//860
f 557//861 558//861 270//861
f 276//862 558//862 277//862
f 270//863 558//863 276//863
f 558//864 559//864 277//864
f 559//865 560//865 277//865
f 283//866 560//866 284//866
f 277//867 560//867 283//867
f 560//868 561//868 284//868
f 561//869 562//869 284//869
f 290//870 562//870 291//870
f 284//871 562//871 290//871
f 562//872 563//872 291//872
f 291//873 564//873 297//873
f 563//874 564//874 291//874
f 298//875 565//875 305//875
f 297//876 565//876 298//876
f 564//877 565//877 297//877
f 565//878 566//878 305//878
f 304//879 567//879 16//879
f 305//880 567//880 304//880
f 566//881 567//881 305//881
f 567//882 442//882 16//882
f 568//883 569//883 31//883
f 568//884 31//884 30//884
f 570//885 30//885 336//885
f 570//886 336//886 337//886
f 570//887 568//887 30//887
f 571//888 570//888 337//888
f 572//889 337//889 343//889
f 572//890 343//890 344//890
f 572//891 571//891 337//891
f 573//892 572//892 344//892
f 574//893 344//893 350//893
f 574//894 573//894 344//894
f 575//895 350//895 351//895
f 575//896 351//896 357//896
f 575//897 574//897 350//897
f 576//898 575//898 357//898
f 577//899 357//899 358//899
f 577//900 576//900 357//900
f 578//901 358//901 364//901
f 578//902 577//902 358//902
f 579//903 578//903 364//903
f 579//904 364//904 365//904
f 579//905 365//905 371//905
f 580//906 579//906 371//906
f 581//907 580//907 371//907
f 581//908 371//908 372//908
f 582//909 581//909 372//909
f 582//910 372//910 378//910
f 583//911 582//911 378//911
f 583//912 378//912 379//912
f 583//913 379//913 385//913
f 584//914 583//914 385//914
f 585//915 584//915 385//915
f 585//916 385//916 386//916
f 586//917 585//917 386//917
f 586//918 386//918 392//918
f 586//919 392//919 393//919
f 587//920 586//920 393//920
f 588//921 587//921 393//921
f 588//922 393//922 399//922
f 589//923 588//923 399//923
f 589//924 399//924 400//924
f 590//925 589//925 400//925
f 590//926 400//926 406//926
f 591//927 406//927 407//927
f 591//928 590//928 406//928
f 592//929 407//929 413//929
f 592//930 591//930 407//930
f 593//931 413//931 414//931
f 593//932 592//932 413//932
f 594//933 414//933 420//933
f 594//934 593//934 414//934
f 595//935 420//935 421//935
f 595//936 594//936 420//936
f 596//937 421//937 427//937
f 596//938 427//938 428//938
f 596//939 595//939 421//939
f 597//940 596//940 428//940
f 598//941 428//941 433//941
f 598//942 597//942 428//942
f 599//943 433//943 434//943
f 599//944 598//944 433//944
f 600//945 434//945 438//945
f 600//946 599//946 434//946
f 601//947 438//947 439//947
f 601//948 600//948 438//948
f 602//949 439//949 441//949
f 602//950 601//950 439//950
f 603//951 441//951 11//951
f 603//952 602//952 441//952
f 604//953 11//953 10//953
f 604//954 603//954 11//954
f 605//955 604//955 10//955
f 605//956 10//956 12//956
f 605//957 12//957 24//957
f 606//958 605//958 24//958
f 606//959 24//959 25//959
f 607//960 606//960 25//960
f 608//961 607//961 25//961
f 608//962 25//962 34//962
f 609//963 608//963 34//963
f 609//964 34//964 35//964
f 610//965 609//965 35//965
f 610//966 35//966 41//966
f 611//967 610//967 41//967
f 611//968 41//968 42//968
f 612//969 611//969 42//969
f 612//970 42//970 48//970
f 613//971 612//971 48//971
f 613//972 48//972 49//972
f 614//973 613//973 49//973
f 614//974 49//974 55//974
f 614//975 55//975 56//975
f 615//976 614//976 56//976
f 616//977 615//977 56//977
f 616//978 56//978 62//978
f 617//979 616//979 62//979
f 617//980 62//980 63//980
f 618//981 617//981 63//981
f 618//982 63//982 69//982
f 618//983 69//983 70//983
f 619//984 618//984 70//984
f 620//985 619//985 70//985
f 620//986 70//986 76//986
f 620//987 76//987 77//987
f 621//988 620//988 77//988
f 622//989 621//989 77//989
f 622//990 77//990 83//990
f 622//991 83//991 84//991
f 623//992 622//992 84//992
f 624//993 623//993 84//993
f 624//994 84//994 90//994
f 625//995 624//995 90//995
f 625//996 90//996 91//996
f 625//997 91//997 97//997
f 626//998 625//998 97//998
f 627//999 97//999 98//999
f 627//1000 626//1000 97//1000
f 628//1001 98//1001 104//1001
f 628//1002 627//1002 98//1002
f 629//1003 104//1003 105//1003
f 629//1004 628//1004 104//1004
f 630//1005 629//1005 105//1005
f 630//1006 105//1006 111//1006
f 630//1007 111//1007 112//1007
f 631//1008 630//1008 112//1008
f 631//1009 112//1009 118//1009
f 632//1010 631//1010 118//1010
f 633//1011 632//1011 118//1011
f 633//1012 118//1012 119//1012
f 633//1013 119//1013 125//1013
f 634//1014 633//1014 125//1014
f 634//1015 125//1015 126//1015
f 635//1016 634//1016 126//1016
f 635//1017 126//1017 132//1017
f 636//1018 635//1018 132//1018
f 637//1019 636//1019 132//1019
f 637//1020 132//1020 133//1020
f 637//1021 133//1021 139//1021
f 638//1022 637//1022 139//1022
f 639//1023 638//1023 139//1023
f 639//1024 139//1024 140//1024
f 640//1025 639//1025 140//1025
f 640//1026 140//1026 146//1026
f 640//1027 146//1027 147//1027
f 641//1028 640//1028 147//1028
f 642//1029 641//1029 147//1029
f 642//1030 147//1030 153//1030
f 643//1031 153//1031 154//1031
f 643//1032 642//1032 153//1032
f 644//1033 154//1033 160//1033
f 644//1034 160//1034 161//1034
f 644//1035 643//1035 154//1035
f 645//1036 644//1036 161//1036
f 646//1037 161//1037 167//1037
f 646//1038 645//1038 161//1038
f 647//1039 167//1039 168//1039
f 647//1040 168//1040 174//1040
f 647//1041 646//1041 167//1041
f 648//1042 647//1042 174//1042
f 649//1043 174//1043 175//1043
f 649//1044 648//1044 174//1044
f 650//1045 175//1045 181//1045
f 650//1046 649//1046 175//1046
f 651//1047 181//1047 182//1047
f 651//1048 182//1048 188//1048
f 651//1049 650//1049 181//1049
f 652//1050 651//1050 188//1050
f 653//1051 188//1051 189//1051
f 653//1052 652//1052 188//1052
f 654//1053 189//1053 195//1053
f 654//1054 653//1054 189//1054
f 655//1055 195//1055 196//1055
f 655//1056 654//1056 195//1056
f 656//1057 655//1057 196//1057
f 656//1058 196//1058 202//1058
f 657//1059 656//1059 202//1059
f 657//1060 202//1060 203//1060
f 658//1061 657//1061 203//1061
f 658//1062 203//1062 209//1062
f 659//1063 658//1063 209//1063
f 659//1064 209//1064 210//1064
f 659//1065 210//1065 216//1065
f 660//1066 659//1066 216//1066
f 661//1067 216//1067 217//1067
f 661//1068 660//1068 216//1068
f 662//1069 217//1069 223//1069
f 662//1070 661//1070 217//1070
f 663//1071 223//1071 224//1071
f 663//1072 662//1072 223//1072
f 664//1073 224//1073 231//1073
f 664//1074 663//1074 224//1074
f 665//1075 231//1075 230//1075
f 665//1076 664//1076 231//1076
f 666//1077 230//1077 237//1077
f 666//1078 665//1078 230//1078
f 667//1079 237//1079 238//1079
f 667//1080 666//1080 237//1080
f 668//1081 238//1081 244//1081
f 668//1082 667//1082 238//1082
f 669//1083 244//1083 245//1083
f 669//1084 668//1084 244//1084
f 670//1085 245//1085 251//1085
f 670//1086 669//1086 245//1086
f 671//1087 251//1087 252//1087
f 671//1088 670//1088 251//1088
f 672//1089 252//1089 258//1089
f 672//1090 258//1090 259//1090
f 672//1091 671//1091 252//1091
f 673//1092 672//1092 259//1092
f 674//1093 259//1093 265//1093
f 674//1094 673//1094 259//1094
f 675//1095 265//1095 266//1095
f 675//1096 674//1096 265//1096
f 676//1097 266//1097 272//1097
f 676//1098 675//1098 266//1098
f 677//1099 272//1099 273//1099
f 677//1100 676//1100 272//1100
f 678//1101 273//1101 279//1101
f 678//1102 677//1102 273//1102
f 679//1103 279//1103 280//1103
f 679//1104 678//1104 279//1104
f 680//1105 679//1105 280//1105
f 680//1106 280//1106 286//1106
f 681//1107 680//1107 286//1107
f 681//1108 286//1108 287//1108
f 682//1109 681//1109 287//1109
f 682//1110 287//1110 293//1110
f 683//1111 682//1111 293//1111
f 683//1112 293//1112 294//1112
f 684//1113 683//1113 294//1113
f 684//1114 294//1114 300//1114
f 685//1115 684//1115 300//1115
f 685//1116 300//1116 301//1116
f 686//1117 685//1117 301//1117
f 686//1118 301//1118 307//1118
f 687//1119 686//1119 307//1119
f 687//1120 307//1120 308//1120
f 687//1121 308//1121 311//1121
f 688//1122 687//1122 311//1122
f 689//1123 688//1123 311//1123
f 689//1124 311//1124 312//1124
f 690//1125 689//1125 312//1125
f 690//1126 312//1126 316//1126
f 691//1127 690//1127 316//1127
f 691//1128 316//1128 317//1128
f 692//1129 691//1129 317//1129
f 692//1130 317//1130 319//1130
f 693//1131 319//1131 320//1131
f 693//1132 692//1132 319//1132
f 693//1133 320//1133 31//1133
f 569//1134 693//1134 31//1134
f 694//1135 695//1135 696//1135
f 697//1136 698//1136 699//1136
f 697//1137 700//1137 694//1137
f 697//1138 701//1138 698//1138
f 697//1139 699//1139 700//1139
f 697//1140 702//1140 701//1140
f 697//1141 703//1141 702//1141
f 704//1142 705//1142 444//1142
f 704//1143 444//1143 443//1143
f 704//1144 443//1144 442//1144
f 706//1145 696//1145 705//1145
f 706//1146 694//1146 696//1146
f 707//1147 505//1147 504//1147
f 708//1148 709//1148 703//1148
f 708//1149 710//1149 709//1149
f 708//1150 697//1150 694//1150
f 708//1151 703//1151 697//1151
f 711//1152 704//1152 442//1152
f 711//1153 442//1153 567//1153
f 711//1154 567//1154 566//1154
f 712//1155 705//1155 704//1155
f 712//1156 706//1156 705//1156
f 713//1157 714//1157 710//1157
f 713//1158 715//1158 714//1158
f 713//1159 710//1159 708//1159
f 713//1160 708//1160 694//1160
f 713//1161 694//1161 706//1161
f 716//1162 711//1162 566//1162
f 716//1163 566//1163 565//1163
f 716//1164 565//1164 564//1164
f 717//1165 712//1165 704//1165
f 718//1166 719//1166 720//1166
f 717//1167 704//1167 711//1167
f 721//1168 715//1168 713//1168
f 721//1169 712//1169 717//1169
f 721//1170 722//1170 715//1170
f 721//1171 723//1171 722//1171
f 721//1172 706//1172 712//1172
f 721//1173 713//1173 706//1173
f 724//1174 564//1174 563//1174
f 724//1175 563//1175 562//1175
f 724//1176 716//1176 564//1176
f 725//1177 711//1177 716//1177
f 725//1178 717//1178 711//1178
f 726//1179 727//1179 723//1179
f 726//1180 728//1180 727//1180
f 726//1181 723//1181 721//1181
f 726//1182 721//1182 717//1182
f 729//1183 562//1183 561//1183
f 729//1184 561//1184 560//1184
f 729//1185 724//1185 562//1185
f 730//1186 716//1186 724//1186
f 730//1187 725//1187 716//1187
f 731//1188 717//1188 725//1188
f 731//1189 725//1189 730//1189
f 731//1190 732//1190 728//1190
f 731//1191 733//1191 732//1191
f 731//1192 726//1192 717//1192
f 731//1193 728//1193 726//1193
f 734//1194 560//1194 559//1194
f 734//1195 559//1195 558//1195
f 734//1196 729//1196 560//1196
f 735//1197 724//1197 729//1197
f 735//1198 730//1198 724//1198
f 736//1199 731//1199 730//1199
f 736//1200 733//1200 731//1200
f 736//1201 737//1201 733//1201
f 736//1202 738//1202 737//1202
f 739//1203 558//1203 557//1203
f 739//1204 734//1204 558//1204
f 739//1205 557//1205 556//1205
f 740//1206 735//1206 729//1206
f 740//1207 729//1207 734//1207
f 741//1208 736//1208 730//1208
f 741//1209 730//1209 735//1209
f 741//1210 738//1210 736//1210
f 741//1211 742//1211 738//1211
f 741//1212 743//1212 742//1212
f 744//1213 556//1213 555//1213
f 744//1214 555//1214 554//1214
f 744//1215 739//1215 556//1215
f 745//1216 734//1216 739//1216
f 745//1217 740//1217 734//1217
f 746//1218 740//1218 745//1218
f 746//1219 743//1219 741//1219
f 746//1220 741//1220 735//1220
f 746//1221 747//1221 743//1221
f 746//1222 748//1222 747//1222
f 746//1223 735//1223 740//1223
f 749//1224 554//1224 553//1224
f 749//1225 553//1225 552//1225
f 749//1226 744//1226 554//1226
f 750//1227 739//1227 744//1227
f 750//1228 745//1228 739//1228
f 751//1229 746//1229 745//1229
f 751//1230 748//1230 746//1230
f 751//1231 752//1231 748//1231
f 751//1232 753//1232 752//1232
f 754//1233 552//1233 551//1233
f 754//1234 551//1234 550//1234
f 754//1235 749//1235 552//1235
f 755//1236 750//1236 744//1236
f 755//1237 744//1237 749//1237
f 756//1238 750//1238 755//1238
f 756//1239 745//1239 750//1239
f 756//1240 751//1240 745//1240
f 756//1241 753//1241 751//1241
f 756//1242 757//1242 753//1242
f 756//1243 758//1243 757//1243
f 759//1244 550//1244 549//1244
f 759//1245 549//1245 548//1245
f 759//1246 754//1246 550//1246
f 760//1247 749//1247 754//1247
f 760//1248 755//1248 749//1248
f 761//1249 756//1249 755//1249
f 761//1250 758//1250 756//1250
f 761//1251 762//1251 758//1251
f 761//1252 763//1252 762//1252
f 764//1253 548//1253 547//1253
f 764//1254 547//1254 546//1254
f 764//1255 759//1255 548//1255
f 765//1256 754//1256 759//1256
f 765//1257 760//1257 754//1257
f 766//1258 755//1258 760//1258
f 766//1259 761//1259 755//1259
f 766//1260 763//1260 761//1260
f 766//1261 767//1261 763//1261
f 766//1262 768//1262 767//1262
f 769//1263 546//1263 545//1263
f 769//1264 545//1264 544//1264
f 769//1265 764//1265 546//1265
f 770//1266 765//1266 759//1266
f 770//1267 759//1267 764//1267
f 771//1268 760//1268 765//1268
f 771//1269 766//1269 760//1269
f 771//1270 768//1270 766//1270
f 771//1271 772//1271 768//1271
f 771//1272 773//1272 772//1272
f 774//1273 544//1273 543//1273
f 774//1274 543//1274 542//1274
f 774//1275 769//1275 544//1275
f 775//1276 770//1276 764//1276
f 775//1277 764//1277 769//1277
f 776//1278 765//1278 770//1278
f 776//1279 771//1279 765//1279
f 776//1280 773//1280 771//1280
f 776//1281 777//1281 773//1281
f 776//1282 778//1282 777//1282
f 779//1283 542//1283 541//1283
f 779//1284 541//1284 540//1284
f 779//1285 774//1285 542//1285
f 780//1286 775//1286 769//1286
f 780//1287 769//1287 774//1287
f 781//1288 770//1288 775//1288
f 781//1289 776//1289 770//1289
f 781//1290 782//1290 778//1290
f 781//1291 783//1291 782//1291
f 781//1292 778//1292 776//1292
f 784//1293 540//1293 539//1293
f 784//1294 539//1294 538//1294
f 784//1295 779//1295 540//1295
f 785//1296 780//1296 774//1296
f 785//1297 774//1297 779//1297
f 786//1298 783//1298 781//1298
f 786//1299 775//1299 780//1299
f 786//1300 787//1300 783//1300
f 786//1301 781//1301 775//1301
f 786//1302 788//1302 787//1302
f 789//1303 538//1303 537//1303
f 789//1304 537//1304 536//1304
f 789//1305 784//1305 538//1305
f 790//1306 785//1306 779//1306
f 790//1307 779//1307 784//1307
f 791//1308 788//1308 786//1308
f 791//1309 786//1309 780//1309
f 791//1310 792//1310 788//1310
f 791//1311 793//1311 792//1311
f 791//1312 780//1312 785//1312
f 794//1313 536//1313 535//1313
f 794//1314 535//1314 534//1314
f 794//1315 789//1315 536//1315
f 795//1316 790//1316 784//1316
f 795//1317 784//1317 789//1317
f 796//1318 793//1318 791//1318
f 796//1319 785//1319 790//1319
f 796//1320 791//1320 785//1320
f 796//1321 797//1321 793//1321
f 796//1322 798//1322 797//1322
f 799//1323 534//1323 533//1323
f 799//1324 533//1324 532//1324
f 799//1325 794//1325 534//1325
f 800//1326 795//1326 789//1326
f 800//1327 789//1327 794//1327
f 801//1328 790//1328 795//1328
f 801//1329 796//1329 790//1329
f 801//1330 798//1330 796//1330
f 801//1331 802//1331 798//1331
f 801//1332 803//1332 802//1332
f 804//1333 532//1333 531//1333
f 804//1334 531//1334 530//1334
f 804//1335 799//1335 532//1335
f 805//1336 800//1336 794//1336
f 805//1337 794//1337 799//1337
f 806//1338 807//1338 808//1338
f 806//1339 801//1339 795//1339
f 806//1340 803//1340 801//1340
f 806//1341 795//1341 800//1341
f 806//1342 808//1342 803//1342
f 809//1343 530//1343 529//1343
f 809//1344 529//1344 528//1344
f 809//1345 804//1345 530//1345
f 810//1346 799//1346 804//1346
f 810//1347 805//1347 799//1347
f 811//1348 812//1348 807//1348
f 811//1349 813//1349 812//1349
f 811//1350 800//1350 805//1350
f 811//1351 806//1351 800//1351
f 811//1352 807//1352 806//1352
f 814//1353 809//1353 528//1353
f 814//1354 528//1354 527//1354
f 814//1355 527//1355 526//1355
f 815//1356 810//1356 804//1356
f 815//1357 804//1357 809//1357
f 816//1358 817//1358 813//1358
f 816//1359 818//1359 817//1359
f 816//1360 813//1360 811//1360
f 816//1361 805//1361 810//1361
f 816//1362 811//1362 805//1362
f 819//1363 814//1363 526//1363
f 819//1364 526//1364 525//1364
f 819//1365 525//1365 524//1365
f 820//1366 815//1366 809//1366
f 820//1367 809//1367 814//1367
f 821//1368 822//1368 818//1368
f 821//1369 823//1369 822//1369
f 821//1370 810//1370 815//1370
f 821//1371 816//1371 810//1371
f 821//1372 818//1372 816//1372
f 824//1373 819//1373 524//1373
f 824//1374 524//1374 523//1374
f 824//1375 523//1375 522//1375
f 825//1376 814//1376 819//1376
f 825//1377 820//1377 814//1377
f 826//1378 827//1378 823//1378
f 826//1379 828//1379 827//1379
f 826//1380 823//1380 821//1380
f 826//1381 815//1381 820//1381
f 826//1382 821//1382 815//1382
f 829//1383 824//1383 522//1383
f 829//1384 522//1384 521//1384
f 829//1385 521//1385 520//1385
f 830//1386 825//1386 819//1386
f 830//1387 819//1387 824//1387
f 831//1388 832//1388 828//1388
f 831//1389 833//1389 832//1389
f 831//1390 828//1390 826//1390
f 831//1391 820//1391 825//1391
f 831//1392 826//1392 820//1392
f 834//1393 829//1393 520//1393
f 834//1394 520//1394 519//1394
f 834//1395 519//1395 518//1395
f 835//1396 824//1396 829//1396
f 835//1397 830//1397 824//1397
f 836//1398 837//1398 833//1398
f 836//1399 838//1399 837//1399
f 836//1400 825//1400 830//1400
f 836//1401 830//1401 835//1401
f 836//1402 833//1402 831//1402
f 836//1403 831//1403 825//1403
f 839//1404 834//1404 518//1404
f 839//1405 518//1405 517//1405
f 839//1406 517//1406 516//1406
f 840//1407 829//1407 834//1407
f 840//1408 835//1408 829//1408
f 841//1409 842//1409 838//1409
f 841//1410 843//1410 842//1410
f 841//1411 836//1411 835//1411
f 841//1412 838//1412 836//1412
f 844//1413 839//1413 516//1413
f 844//1414 516//1414 515//1414
f 844//1415 515//1415 514//1415
f 845//1416 840//1416 834//1416
f 845//1417 834//1417 839//1417
f 846//1418 835//1418 840//1418
f 846//1419 847//1419 843//1419
f 846//1420 848//1420 847//1420
f 846//1421 841//1421 835//1421
f 846//1422 843//1422 841//1422
f 849//1423 514//1423 513//1423
f 849//1424 513//1424 512//1424
f 849//1425 844//1425 514//1425
f 850//1426 839//1426 844//1426
f 850//1427 844//1427 849//1427
f 850//1428 845//1428 839//1428
f 851//1429 840//1429 845//1429
f 851//1430 852//1430 848//1430
f 851//1431 853//1431 852//1431
f 851//1432 846//1432 840//1432
f 851//1433 848//1433 846//1433
f 854//1434 849//1434 512//1434
f 854//1435 512//1435 511//1435
f 854//1436 511//1436 510//1436
f 855//1437 850//1437 849//1437
f 856//1438 851//1438 845//1438
f 856//1439 857//1439 853//1439
f 856//1440 858//1440 857//1440
f 856//1441 845//1441 850//1441
f 856//1442 853//1442 851//1442
f 859//1443 854//1443 510//1443
f 859//1444 510//1444 509//1444
f 859//1445 509//1445 508//1445
f 860//1446 849//1446 854//1446
f 860//1447 855//1447 849//1447
f 861//1448 858//1448 856//1448
f 861//1449 862//1449 858//1449
f 861//1450 863//1450 862//1450
f 861//1451 850//1451 855//1451
f 861//1452 856//1452 850//1452
f 864//1453 859//1453 508//1453
f 864//1454 506//1454 707//1454
f 864//1455 508//1455 507//1455
f 864//1456 507//1456 506//1456
f 865//1457 860//1457 854//1457
f 865//1458 854//1458 859//1458
f 866//1459 867//1459 863//1459
f 866//1460 868//1460 867//1460
f 866//1461 863//1461 861//1461
f 866//1462 861//1462 855//1462
f 866//1463 855//1463 860//1463
f 869//1464 707//1464 870//1464
f 869//1465 864//1465 707//1465
f 869//1466 865//1466 859//1466
f 869//1467 859//1467 864//1467
f 871//1468 868//1468 866//1468
f 871//1469 872//1469 868//1469
f 871//1470 873//1470 872//1470
f 871//1471 860//1471 865//1471
f 871//1472 866//1472 860//1472
f 874//1473 870//1473 720//1473
f 874//1474 875//1474 873//1474
f 874//1475 876//1475 875//1475
f 874//1476 873//1476 871//1476
f 874//1477 869//1477 870//1477
f 874//1478 865//1478 869//1478
f 874//1479 871//1479 865//1479
f 874//1480 720//1480 876//1480
f 707//1481 506//1481 505//1481
f 719//1482 876//1482 720//1482
f 877//1483 504//1483 503//1483
f 877//1484 503//1484 502//1484
f 877//1485 707//1485 504//1485
f 878//1486 877//1486 502//1486
f 878//1487 502//1487 501//1487
f 878//1488 501//1488 500//1488
f 879//1489 707//1489 877//1489
f 879//1490 870//1490 707//1490
f 880//1491 500//1491 499//1491
f 880//1492 499//1492 498//1492
f 880//1493 878//1493 500//1493
f 881//1494 877//1494 878//1494
f 881//1495 879//1495 877//1495
f 882//1496 883//1496 718//1496
f 882//1497 884//1497 883//1497
f 882//1498 870//1498 879//1498
f 882//1499 720//1499 870//1499
f 882//1500 718//1500 720//1500
f 885//1501 498//1501 497//1501
f 885//1502 497//1502 496//1502
f 885//1503 880//1503 498//1503
f 886//1504 881//1504 878//1504
f 886//1505 878//1505 880//1505
f 887//1506 888//1506 884//1506
f 887//1507 889//1507 888//1507
f 887//1508 879//1508 881//1508
f 887//1509 884//1509 882//1509
f 887//1510 882//1510 879//1510
f 890//1511 885//1511 496//1511
f 890//1512 496//1512 495//1512
f 890//1513 495//1513 494//1513
f 891//1514 880//1514 885//1514
f 891//1515 886//1515 880//1515
f 892//1516 893//1516 889//1516
f 892//1517 894//1517 893//1517
f 892//1518 881//1518 886//1518
f 892//1519 889//1519 887//1519
f 892//1520 887//1520 881//1520
f 895//1521 890//1521 494//1521
f 895//1522 494//1522 493//1522
f 895//1523 493//1523 492//1523
f 896//1524 891//1524 885//1524
f 896//1525 885//1525 890//1525
f 897//1526 898//1526 894//1526
f 897//1527 899//1527 898//1527
f 897//1528 894//1528 892//1528
f 897//1529 892//1529 886//1529
f 897//1530 886//1530 891//1530
f 900//1531 895//1531 492//1531
f 900//1532 492//1532 491//1532
f 900//1533 491//1533 490//1533
f 901//1534 890//1534 895//1534
f 901//1535 896//1535 890//1535
f 902//1536 903//1536 899//1536
f 902//1537 904//1537 903//1537
f 902//1538 891//1538 896//1538
f 902//1539 897//1539 891//1539
f 902//1540 899//1540 897//1540
f 905//1541 490//1541 489//1541
f 905//1542 489//1542 488//1542
f 905//1543 900//1543 490//1543
f 906//1544 895//1544 900//1544
f 906//1545 901//1545 895//1545
f 907//1546 896//1546 901//1546
f 907//1547 908//1547 904//1547
f 907//1548 909//1548 908//1548
f 907//1549 902//1549 896//1549
f 907//1550 904//1550 902//1550
f 910//1551 488//1551 487//1551
f 910//1552 487//1552 486//1552
f 910//1553 905//1553 488//1553
f 911//1554 900//1554 905//1554
f 911//1555 906//1555 900//1555
f 912//1556 913//1556 909//1556
f 912//1557 914//1557 913//1557
f 912//1558 901//1558 906//1558
f 912//1559 907//1559 901//1559
f 912//1560 909//1560 907//1560
f 915//1561 910//1561 486//1561
f 915//1562 486//1562 485//1562
f 915//1563 485//1563 484//1563
f 916//1564 911//1564 905//1564
f 916//1565 905//1565 910//1565
f 917//1566 912//1566 906//1566
f 917//1567 914//1567 912//1567
f 917//1568 918//1568 914//1568
f 917//1569 919//1569 918//1569
f 917//1570 906//1570 911//1570
f 917//1571 911//1571 916//1571
f 920//1572 915//1572 484//1572
f 920//1573 484//1573 483//1573
f 920//1574 483//1574 482//1574
f 921//1575 916//1575 910//1575
f 921//1576 910//1576 915//1576
f 922//1577 917//1577 916//1577
f 922//1578 923//1578 919//1578
f 922//1579 924//1579 923//1579
f 922//1580 919//1580 917//1580
f 925//1581 920//1581 482//1581
f 925//1582 482//1582 481//1582
f 925//1583 481//1583 480//1583
f 926//1584 915//1584 920//1584
f 926//1585 921//1585 915//1585
f 927//1586 922//1586 916//1586
f 927//1587 928//1587 924//1587
f 927//1588 929//1588 928//1588
f 927//1589 921//1589 926//1589
f 927//1590 916//1590 921//1590
f 927//1591 924//1591 922//1591
f 930//1592 925//1592 480//1592
f 930//1593 480//1593 479//1593
f 930//1594 479//1594 478//1594
f 931//1595 926//1595 920//1595
f 931//1596 920//1596 925//1596
f 932//1597 927//1597 926//1597
f 932//1598 933//1598 929//1598
f 932//1599 934//1599 933//1599
f 932//1600 929//1600 927//1600
f 932//1601 926//1601 931//1601
f 935//1602 478//1602 477//1602
f 935//1603 477//1603 476//1603
f 935//1604 930//1604 478//1604
f 936//1605 925//1605 930//1605
f 936//1606 931//1606 925//1606
f 937//1607 938//1607 934//1607
f 937//1608 939//1608 938//1608
f 937//1609 932//1609 931//1609
f 937//1610 934//1610 932//1610
f 940//1611 476//1611 475//1611
f 940//1612 475//1612 474//1612
f 940//1613 935//1613 476//1613
f 941//1614 936//1614 930//1614
f 941//1615 930//1615 935//1615
f 941//1616 935//1616 940//1616
f 942//1617 937//1617 931//1617
f 942//1618 943//1618 939//1618
f 942//1619 944//1619 943//1619
f 942//1620 936//1620 941//1620
f 942//1621 931//1621 936//1621
f 942//1622 939//1622 937//1622
f 945//1623 474//1623 473//1623
f 945//1624 473//1624 472//1624
f 945//1625 940//1625 474//1625
f 946//1626 940//1626 945//1626
f 946//1627 941//1627 940//1627
f 947//1628 942//1628 941//1628
f 947//1629 948//1629 944//1629
f 947//1630 949//1630 948//1630
f 947//1631 944//1631 942//1631
f 950//1632 472//1632 471//1632
f 950//1633 471//1633 470//1633
f 950//1634 945//1634 472//1634
f 951//1635 946//1635 945//1635
f 952//1636 941//1636 946//1636
f 952//1637 947//1637 941//1637
f 952//1638 953//1638 949//1638
f 952//1639 954//1639 953//1639
f 952//1640 949//1640 947//1640
f 955//1641 470//1641 469//1641
f 955//1642 950//1642 470//1642
f 955//1643 469//1643 468//1643
f 956//1644 945//1644 950//1644
f 956//1645 951//1645 945//1645
f 957//1646 954//1646 952//1646
f 957//1647 958//1647 954//1647
f 957//1648 959//1648 958//1648
f 957//1649 952//1649 946//1649
f 957//1650 946//1650 951//1650
f 960//1651 955//1651 468//1651
f 960//1652 468//1652 467//1652
f 960//1653 467//1653 466//1653
f 961//1654 956//1654 950//1654
f 961//1655 950//1655 955//1655
f 962//1656 951//1656 956//1656
f 962//1657 957//1657 951//1657
f 962//1658 963//1658 959//1658
f 962//1659 964//1659 963//1659
f 962//1660 959//1660 957//1660
f 965//1661 960//1661 466//1661
f 965//1662 466//1662 465//1662
f 965//1663 465//1663 464//1663
f 966//1664 955//1664 960//1664
f 966//1665 961//1665 955//1665
f 966//1666 960//1666 965//1666
f 967//1667 964//1667 962//1667
f 967//1668 962//1668 956//1668
f 967//1669 968//1669 964//1669
f 967//1670 969//1670 968//1670
f 967//1671 956//1671 961//1671
f 970//1672 965//1672 464//1672
f 970//1673 464//1673 463//1673
f 970//1674 463//1674 462//1674
f 971//1675 966//1675 965//1675
f 971//1676 965//1676 970//1676
f 972//1677 961//1677 966//1677
f 972//1678 973//1678 969//1678
f 972//1679 974//1679 973//1679
f 972//1680 967//1680 961//1680
f 972//1681 969//1681 967//1681
f 975//1682 462//1682 461//1682
f 975//1683 461//1683 460//1683
f 975//1684 970//1684 462//1684
f 976//1685 971//1685 970//1685
f 977//1686 966//1686 971//1686
f 977//1687 972//1687 966//1687
f 977//1688 978//1688 974//1688
f 977//1689 974//1689 972//1689
f 977//1690 979//1690 978//1690
f 980//1691 975//1691 460//1691
f 980//1692 460//1692 459//1692
f 980//1693 459//1693 458//1693
f 981//1694 976//1694 970//1694
f 981//1695 970//1695 975//1695
f 981//1696 975//1696 980//1696
f 982//1697 977//1697 971//1697
f 982//1698 983//1698 979//1698
f 982//1699 984//1699 983//1699
f 982//1700 971//1700 976//1700
f 982//1701 979//1701 977//1701
f 985//1702 980//1702 458//1702
f 985//1703 458//1703 457//1703
f 985//1704 457//1704 456//1704
f 986//1705 981//1705 980//1705
f 986//1706 980//1706 985//1706
f 987//1707 981//1707 986//1707
f 987//1708 988//1708 984//1708
f 987//1709 989//1709 988//1709
f 987//1710 976//1710 981//1710
f 987//1711 982//1711 976//1711
f 987//1712 984//1712 982//1712
f 990//1713 985//1713 456//1713
f 990//1714 456//1714 455//1714
f 990//1715 455//1715 454//1715
f 991//1716 986//1716 985//1716
f 992//1717 987//1717 986//1717
f 992//1718 993//1718 989//1718
f 992//1719 994//1719 993//1719
f 992//1720 989//1720 987//1720
f 995//1721 990//1721 454//1721
f 995//1722 454//1722 453//1722
f 995//1723 453//1723 452//1723
f 996//1724 985//1724 990//1724
f 996//1725 990//1725 995//1725
f 996//1726 991//1726 985//1726
f 997//1727 994//1727 992//1727
f 997//1728 998//1728 994//1728
f 997//1729 999//1729 998//1729
f 997//1730 986//1730 991//1730
f 997//1731 992//1731 986//1731
f 1000//1732 452//1732 451//1732
f 1000//1733 451//1733 450//1733
f 1000//1734 995//1734 452//1734
f 1001//1735 996//1735 995//1735
f 1002//1736 999//1736 997//1736
f 1002//1737 991//1737 996//1737
f 1002//1738 1003//1738 999//1738
f 1002//1739 1004//1739 1003//1739
f 1002//1740 997//1740 991//1740
f 695//1741 1000//1741 450//1741
f 695//1742 450//1742 449//1742
f 695//1743 449//1743 448//1743
f 699//1744 995//1744 1000//1744
f 699//1745 1000//1745 695//1745
f 699//1746 1001//1746 995//1746
f 1005//1747 996//1747 1001//1747
f 1005//1748 1006//1748 1004//1748
f 1005//1749 1007//1749 1006//1749
f 1005//1750 1002//1750 996//1750
f 1005//1751 1004//1751 1002//1751
f 696//1752 448//1752 447//1752
f 696//1753 447//1753 446//1753
f 696//1754 695//1754 448//1754
f 700//1755 699//1755 695//1755
f 698//1756 1001//1756 699//1756
f 698//1757 1008//1757 1007//1757
f 698//1758 701//1758 1008//1758
f 698//1759 1007//1759 1005//1759
f 698//1760 1005//1760 1001//1760
f 705//1761 696//1761 446//1761
f 705//1762 446//1762 445//1762
f 705//1763 445//1763 444//1763
f 694//1764 700//1764 695//1764
f 1009//1765 646//1765 647//1765
f 1009//1766 647//1766 1010//1766
f 1011//1767 647//1767 648//1767
f 1011//1768 1010//1768 647//1768
f 1012//1769 646//1769 1009//1769
f 1012//1770 645//1770 646//1770
f 1013//1771 1011//1771 648//1771
f 1013//1772 648//1772 649//1772
f 1014//1773 645//1773 1012//1773
f 1014//1774 644//1774 645//1774
f 1015//1775 649//1775 650//1775
f 1015//1776 1013//1776 649//1776
f 1016//1777 644//1777 1014//1777
f 1016//1778 643//1778 644//1778
f 1017//1779 1015//1779 650//1779
f 1017//1780 650//1780 651//1780
f 1018//1781 643//1781 1016//1781
f 1018//1782 642//1782 643//1782
f 1019//1783 1017//1783 651//1783
f 1019//1784 651//1784 652//1784
f 1020//1785 642//1785 1018//1785
f 1020//1786 641//1786 642//1786
f 1021//1787 1019//1787 652//1787
f 1021//1788 652//1788 653//1788
f 1022//1789 641//1789 1020//1789
f 1022//1790 640//1790 641//1790
f 1023//1791 1021//1791 653//1791
f 1023//1792 653//1792 654//1792
f 1024//1793 640//1793 1022//1793
f 1024//1794 639//1794 640//1794
f 1025//1795 1023//1795 654//1795
f 1025//1796 654//1796 655//1796
f 1026//1797 639//1797 1024//1797
f 1026//1798 638//1798 639//1798
f 1027//1799 1025//1799 655//1799
f 1027//1800 655//1800 656//1800
f 1028//1801 638//1801 1026//1801
f 1028//1802 636//1802 637//1802
f 1028//1803 637//1803 638//1803
f 1029//1804 1027//1804 656//1804
f 1029//1805 656//1805 657//1805
f 1029//1806 657//1806 658//1806
f 1030//1807 636//1807 1028//1807
f 1031//1808 1029//1808 658//1808
f 1032//1809 636//1809 1030//1809
f 1032//1810 635//1810 636//1810
f 1033//1811 1031//1811 658//1811
f 1033//1812 658//1812 659//1812
f 1033//1813 659//1813 660//1813
f 1034//1814 634//1814 635//1814
f 1034//1815 635//1815 1032//1815
f 1035//1816 1033//1816 660//1816
f 1035//1817 660//1817 661//1817
f 1036//1818 634//1818 1034//1818
f 1036//1819 633//1819 634//1819
f 1037//1820 1035//1820 661//1820
f 1038//1821 633//1821 1036//1821
f 1038//1822 632//1822 633//1822
f 1039//1823 1037//1823 661//1823
f 1039//1824 661//1824 662//1824
f 1040//1825 631//1825 632//1825
f 1040//1826 632//1826 1038//1826
f 1041//1827 1039//1827 662//1827
f 1041//1828 662//1828 663//1828
f 1042//1829 630//1829 631//1829
f 1042//1830 631//1830 1040//1830
f 1043//1831 1041//1831 663//1831
f 1043//1832 663//1832 664//1832
f 1044//1833 629//1833 630//1833
f 1044//1834 630//1834 1042//1834
f 1045//1835 664//1835 665//1835
f 1045//1836 1043//1836 664//1836
f 1046//1837 628//1837 629//1837
f 1046//1838 629//1838 1044//1838
f 1047//1839 1045//1839 665//1839
f 1047//1840 665//1840 666//1840
f 1048//1841 627//1841 628//1841
f 1048//1842 628//1842 1046//1842
f 1049//1843 1047//1843 666//1843
f 1049//1844 666//1844 667//1844
f 1049//1845 667//1845 668//1845
f 1050//1846 627//1846 1048//1846
f 1050//1847 626//1847 627//1847
f 1051//1848 1049//1848 668//1848
f 1052//1849 626//1849 1050//1849
f 1052//1850 625//1850 626//1850
f 1053//1851 668//1851 669//1851
f 1053//1852 1051//1852 668//1852
f 1054//1853 625//1853 1052//1853
f 1054//1854 624//1854 625//1854
f 1055//1855 669//1855 670//1855
f 1055//1856 1053//1856 669//1856
f 1056//1857 624//1857 1054//1857
f 1056//1858 623//1858 624//1858
f 1057//1859 670//1859 671//1859
f 1057//1860 1055//1860 670//1860
f 1058//1861 623//1861 1056//1861
f 1058//1862 622//1862 623//1862
f 1059//1863 671//1863 672//1863
f 1059//1864 1057//1864 671//1864
f 1060//1865 621//1865 622//1865
f 1060//1866 622//1866 1058//1866
f 1061//1867 672//1867 673//1867
f 1061//1868 1059//1868 672//1868
f 1062//1869 620//1869 621//1869
f 1062//1870 621//1870 1060//1870
f 1063//1871 673//1871 674//1871
f 1063//1872 1061//1872 673//1872
f 1064//1873 620//1873 1062//1873
f 1064//1874 619//1874 620//1874
f 618//1875 619//1875 1064//1875
f 1065//1876 674//1876 675//1876
f 1065//1877 1063//1877 674//1877
f 1066//1878 618//1878 1064//1878
f 1067//1879 675//1879 676//1879
f 1067//1880 1065//1880 675//1880
f 1068//1881 617//1881 618//1881
f 1068//1882 618//1882 1066//1882
f 1069//1883 676//1883 677//1883
f 1069//1884 1067//1884 676//1884
f 1070//1885 616//1885 617//1885
f 1070//1886 617//1886 1068//1886
f 1071//1887 677//1887 678//1887
f 1071//1888 1069//1888 677//1888
f 615//1889 1070//1889 1072//1889
f 615//1890 616//1890 1070//1890
f 1073//1891 1071//1891 678//1891
f 679//1892 1073//1892 678//1892
f 1074//1893 615//1893 1072//1893
f 614//1894 615//1894 1074//1894
f 1075//1895 1073//1895 679//1895
f 1076//1896 614//1896 1074//1896
f 680//1897 1075//1897 679//1897
f 613//1898 614//1898 1076//1898
f 681//1899 1075//1899 680//1899
f 681//1900 1077//1900 1075//1900
f 612//1901 613//1901 1076//1901
f 612//1902 1076//1902 1078//1902
f 682//1903 1077//1903 681//1903
f 682//1904 1079//1904 1077//1904
f 682//1905 1080//1905 1079//1905
f 611//1906 612//1906 1078//1906
f 611//1907 1081//1907 1082//1907
f 611//1908 1078//1908 1081//1908
f 683//1909 1080//1909 682//1909
f 610//1910 611//1910 1082//1910
f 684//1911 1083//1911 1080//1911
f 684//1912 1080//1912 683//1912
f 609//1913 610//1913 1082//1913
f 609//1914 1084//1914 1085//1914
f 609//1915 1082//1915 1084//1915
f 685//1916 1086//1916 1083//1916
f 685//1917 1083//1917 684//1917
f 608//1918 609//1918 1085//1918
f 686//1919 1087//1919 1086//1919
f 686//1920 1086//1920 685//1920
f 607//1921 608//1921 1085//1921
f 607//1922 1085//1922 1088//1922
f 687//1923 1089//1923 1087//1923
f 687//1924 1087//1924 686//1924
f 606//1925 1088//1925 1090//1925
f 606//1926 607//1926 1088//1926
f 688//1927 1091//1927 1089//1927
f 688//1928 1089//1928 687//1928
f 605//1929 1090//1929 1092//1929
f 605//1930 606//1930 1090//1930
f 689//1931 1093//1931 1091//1931
f 689//1932 1091//1932 688//1932
f 604//1933 1092//1933 1094//1933
f 604//1934 605//1934 1092//1934
f 690//1935 1095//1935 1093//1935
f 690//1936 1096//1936 1095//1936
f 690//1937 1093//1937 689//1937
f 603//1938 604//1938 1094//1938
f 603//1939 1097//1939 1098//1939
f 603//1940 1094//1940 1097//1940
f 691//1941 1096//1941 690//1941
f 602//1942 603//1942 1098//1942
f 692//1943 1096//1943 691//1943
f 692//1944 1099//1944 1096//1944
f 692//1945 1100//1945 1099//1945
f 601//1946 1101//1946 1102//1946
f 601//1947 1098//1947 1101//1947
f 601//1948 602//1948 1098//1948
f 693//1949 1100//1949 692//1949
f 600//1950 601//1950 1102//1950
f 569//1951 1100//1951 693//1951
f 569//1952 1103//1952 1100//1952
f 599//1953 600//1953 1102//1953
f 599//1954 1102//1954 1104//1954
f 568//1955 1105//1955 1103//1955
f 568//1956 1103//1956 569//1956
f 598//1957 1106//1957 1107//1957
f 598//1958 1104//1958 1106//1958
f 598//1959 599//1959 1104//1959
f 570//1960 1108//1960 1105//1960
f 570//1961 1105//1961 568//1961
f 597//1962 598//1962 1107//1962
f 571//1963 1109//1963 1108//1963
f 571//1964 1108//1964 570//1964
f 596//1965 597//1965 1107//1965
f 596//1966 1107//1966 1110//1966
f 572//1967 1111//1967 1109//1967
f 572//1968 1109//1968 571//1968
f 595//1969 596//1969 1110//1969
f 595//1970 1110//1970 1112//1970
f 573//1971 1113//1971 1111//1971
f 573//1972 1114//1972 1113//1972
f 573//1973 1111//1973 572//1973
f 594//1974 595//1974 1112//1974
f 594//1975 1112//1975 1115//1975
f 574//1976 1114//1976 573//1976
f 593//1977 594//1977 1115//1977
f 593//1978 1116//1978 1117//1978
f 593//1979 1115//1979 1116//1979
f 575//1980 1118//1980 1114//1980
f 575//1981 1119//1981 1118//1981
f 575//1982 1114//1982 574//1982
f 592//1983 593//1983 1117//1983
f 592//1984 1117//1984 1120//1984
f 576//1985 1119//1985 575//1985
f 591//1986 592//1986 1120//1986
f 577//1987 1121//1987 1119//1987
f 577//1988 1119//1988 576//1988
f 590//1989 1120//1989 1122//1989
f 590//1990 591//1990 1120//1990
f 578//1991 1121//1991 577//1991
f 578//1992 1123//1992 1121//1992
f 589//1993 590//1993 1122//1993
f 589//1994 1122//1994 1124//1994
f 579//1995 1123//1995 578//1995
f 579//1996 1125//1996 1123//1996
f 588//1997 589//1997 1124//1997
f 588//1998 1124//1998 1126//1998
f 580//1999 1125//1999 579//1999
f 580//2000 1127//2000 1125//2000
f 587//2001 588//2001 1126//2001
f 587//2002 1126//2002 1128//2002
f 581//2003 1127//2003 580//2003
f 581//2004 1129//2004 1127//2004
f 581//2005 1130//2005 1129//2005
f 586//2006 587//2006 1128//2006
f 586//2007 1128//2007 1131//2007
f 582//2008 1130//2008 581//2008
f 585//2009 1132//2009 1133//2009
f 585//2010 1131//2010 1132//2010
f 585//2011 586//2011 1131//2011
f 583//2012 1134//2012 1130//2012
f 583//2013 1130//2013 582//2013
f 584//2014 585//2014 1133//2014
f 584//2015 1133//2015 1134//2015
f 584//2016 1134//2016 583//2016
f 842//2017 1135//2017 1136//2017
f 843//2018 1135//2018 842//2018
f 843//2019 1137//2019 1135//2019
f 838//2020 842//2020 1136//2020
f 838//2021 1136//2021 1138//2021
f 847//2022 1139//2022 1137//2022
f 847//2023 1137//2023 843//2023
f 837//2024 838//2024 1138//2024
f 837//2025 1138//2025 1140//2025
f 848//2026 1141//2026 1139//2026
f 848//2027 1139//2027 847//2027
f 833//2028 837//2028 1140//2028
f 833//2029 1140//2029 1142//2029
f 852//2030 1143//2030 1141//2030
f 852//2031 1141//2031 848//2031
f 832//2032 833//2032 1142//2032
f 832//2033 1142//2033 1144//2033
f 853//2034 1145//2034 1143//2034
f 853//2035 1143//2035 852//2035
f 828//2036 832//2036 1144//2036
f 828//2037 1144//2037 1146//2037
f 857//2038 1147//2038 1145//2038
f 857//2039 1145//2039 853//2039
f 827//2040 1146//2040 1148//2040
f 827//2041 828//2041 1146//2041
f 858//2042 1149//2042 1147//2042
f 858//2043 1147//2043 857//2043
f 823//2044 827//2044 1148//2044
f 823//2045 1148//2045 1150//2045
f 862//2046 1151//2046 1149//2046
f 862//2047 1149//2047 858//2047
f 822//2048 823//2048 1150//2048
f 822//2049 1150//2049 1152//2049
f 863//2050 1151//2050 862//2050
f 863//2051 1153//2051 1151//2051
f 818//2052 822//2052 1152//2052
f 818//2053 1152//2053 1154//2053
f 867//2054 1153//2054 863//2054
f 867//2055 1155//2055 1153//2055
f 817//2056 818//2056 1154//2056
f 817//2057 1154//2057 1156//2057
f 868//2058 1155//2058 867//2058
f 1157//2059 1155//2059 868//2059
f 813//2060 817//2060 1156//2060
f 813//2061 1156//2061 1158//2061
f 872//2062 1157//2062 868//2062
f 1159//2063 1157//2063 872//2063
f 812//2064 813//2064 1158//2064
f 812//2065 1158//2065 1160//2065
f 873//2066 1159//2066 872//2066
f 1161//2067 1159//2067 873//2067
f 807//2068 812//2068 1160//2068
f 807//2069 1160//2069 1162//2069
f 875//2070 1161//2070 873//2070
f 1163//2071 1161//2071 875//2071
f 808//2072 807//2072 1162//2072
f 808//2073 1162//2073 1164//2073
f 876//2074 1163//2074 875//2074
f 1165//2075 1163//2075 876//2075
f 803//2076 808//2076 1164//2076
f 803//2077 1164//2077 1166//2077
f 719//2078 1165//2078 876//2078
f 1167//2079 1165//2079 719//2079
f 802//2080 803//2080 1166//2080
f 802//2081 1166//2081 1168//2081
f 718//2082 1167//2082 719//2082
f 798//2083 802//2083 1168//2083
f 798//2084 1168//2084 1169//2084
f 1170//2085 1167//2085 718//2085
f 883//2086 1170//2086 718//2086
f 797//2087 798//2087 1169//2087
f 797//2088 1169//2088 1171//2088
f 1172//2089 1170//2089 883//2089
f 884//2090 1172//2090 883//2090
f 793//2091 797//2091 1171//2091
f 793//2092 1171//2092 1173//2092
f 1174//2093 1172//2093 884//2093
f 888//2094 1174//2094 884//2094
f 792//2095 793//2095 1173//2095
f 792//2096 1173//2096 1175//2096
f 1176//2097 1174//2097 888//2097
f 889//2098 1176//2098 888//2098
f 788//2099 792//2099 1175//2099
f 788//2100 1175//2100 1177//2100
f 1178//2101 1176//2101 889//2101
f 893//2102 1178//2102 889//2102
f 787//2103 1177//2103 1179//2103
f 787//2104 788//2104 1177//2104
f 894//2105 1178//2105 893//2105
f 894//2106 1180//2106 1178//2106
f 783//2107 1179//2107 1181//2107
f 783//2108 787//2108 1179//2108
f 1182//2109 1180//2109 894//2109
f 898//2110 1182//2110 894//2110
f 782//2111 1181//2111 1183//2111
f 782//2112 783//2112 1181//2112
f 1184//2113 1182//2113 898//2113
f 899//2114 1184//2114 898//2114
f 778//2115 1183//2115 1185//2115
f 778//2116 782//2116 1183//2116
f 1186//2117 1184//2117 899//2117
f 903//2118 1186//2118 899//2118
f 777//2119 1185//2119 1187//2119
f 777//2120 778//2120 1185//2120
f 904//2121 1188//2121 1186//2121
f 904//2122 1186//2122 903//2122
f 773//2123 1187//2123 1189//2123
f 773//2124 777//2124 1187//2124
f 908//2125 1190//2125 1188//2125
f 908//2126 1188//2126 904//2126
f 772//2127 1189//2127 1191//2127
f 772//2128 773//2128 1189//2128
f 909//2129 1192//2129 1190//2129
f 909//2130 1190//2130 908//2130
f 768//2131 1191//2131 1193//2131
f 768//2132 772//2132 1191//2132
f 913//2133 1194//2133 1192//2133
f 913//2134 1192//2134 909//2134
f 767//2135 1193//2135 1195//2135
f 767//2136 768//2136 1193//2136
f 914//2137 1196//2137 1194//2137
f 914//2138 1194//2138 913//2138
f 763//2139 1195//2139 1197//2139
f 763//2140 767//2140 1195//2140
f 1198//2141 914//2141 918//2141
f 1198//2142 1196//2142 914//2142
f 762//2143 763//2143 1197//2143
f 1199//2144 762//2144 1197//2144
f 1200//2145 1198//2145 918//2145
f 1200//2146 918//2146 919//2146
f 758//2147 762//2147 1199//2147
f 1201//2148 758//2148 1199//2148
f 1202//2149 1200//2149 919//2149
f 1202//2150 919//2150 923//2150
f 757//2151 758//2151 1201//2151
f 1203//2152 757//2152 1201//2152
f 924//2153 1202//2153 923//2153
f 1204//2154 1202//2154 924//2154
f 753//2155 757//2155 1203//2155
f 1205//2156 753//2156 1203//2156
f 928//2157 1204//2157 924//2157
f 1206//2158 1204//2158 928//2158
f 752//2159 753//2159 1205//2159
f 1207//2160 752//2160 1205//2160
f 1208//2161 1206//2161 928//2161
f 1208//2162 928//2162 929//2162
f 748//2163 752//2163 1207//2163
f 1209//2164 748//2164 1207//2164
f 1210//2165 929//2165 933//2165
f 1210//2166 1208//2166 929//2166
f 747//2167 748//2167 1209//2167
f 1211//2168 747//2168 1209//2168
f 934//2169 1210//2169 933//2169
f 1212//2170 1210//2170 934//2170
f 743//2171 747//2171 1211//2171
f 1213//2172 743//2172 1211//2172
f 1214//2173 934//2173 938//2173
f 1214//2174 1212//2174 934//2174
f 1215//2175 743//2175 1213//2175
f 1215//2176 742//2176 743//2176
f 1216//2177 938//2177 939//2177
f 1216//2178 1214//2178 938//2178
f 738//2179 742//2179 1215//2179
f 1217//2180 738//2180 1215//2180
f 943//2181 1216//2181 939//2181
f 1218//2182 1216//2182 943//2182
f 737//2183 738//2183 1217//2183
f 1219//2184 737//2184 1217//2184
f 1220//2185 943//2185 944//2185
f 1220//2186 1218//2186 943//2186
f 733//2187 737//2187 1219//2187
f 1221//2188 733//2188 1219//2188
f 948//2189 1220//2189 944//2189
f 1222//2190 1220//2190 948//2190
f 732//2191 733//2191 1221//2191
f 1223//2192 732//2192 1221//2192
f 1224//2193 948//2193 949//2193
f 1224//2194 1222//2194 948//2194
f 728//2195 732//2195 1223//2195
f 1225//2196 728//2196 1223//2196
f 953//2197 1224//2197 949//2197
f 727//2198 728//2198 1225//2198
f 1226//2199 1224//2199 953//2199
f 1227//2200 727//2200 1225//2200
f 1228//2201 1226//2201 953//2201
f 1228//2202 953//2202 954//2202
f 1229//2203 723//2203 727//2203
f 1229//2204 727//2204 1227//2204
f 722//2205 723//2205 1229//2205
f 1230//2206 1228//2206 954//2206
f 1230//2207 954//2207 958//2207
f 1231//2208 722//2208 1229//2208
f 715//2209 722//2209 1231//2209
f 1232//2210 1230//2210 958//2210
f 1232//2211 958//2211 959//2211
f 1233//2212 715//2212 1231//2212
f 1234//2213 1232//2213 959//2213
f 1234//2214 959//2214 963//2214
f 964//2215 1234//2215 963//2215
f 1235//2216 715//2216 1233//2216
f 1235//2217 714//2217 715//2217
f 710//2218 714//2218 1235//2218
f 1236//2219 1234//2219 964//2219
f 968//2220 1236//2220 964//2220
f 1237//2221 710//2221 1235//2221
f 1238//2222 1236//2222 968//2222
f 1239//2223 710//2223 1237//2223
f 1239//2224 703//2224 709//2224
f 1239//2225 709//2225 710//2225
f 1240//2226 968//2226 969//2226
f 1240//2227 1238//2227 968//2227
f 1241//2228 703//2228 1239//2228
f 1241//2229 702//2229 703//2229
f 1242//2230 969//2230 973//2230
f 1242//2231 1240//2231 969//2231
f 1243//2232 702//2232 1241//2232
f 1244//2233 973//2233 974//2233
f 1244//2234 974//2234 978//2234
f 1244//2235 1242//2235 973//2235
f 1245//2236 701//2236 702//2236
f 1245//2237 702//2237 1243//2237
f 1246//2238 1244//2238 978//2238
f 1247//2239 1007//2239 1008//2239
f 1247//2240 1008//2240 701//2240
f 1247//2241 701//2241 1245//2241
f 1248//2242 1246//2242 978//2242
f 1248//2243 978//2243 979//2243
f 1249//2244 1007//2244 1247//2244
f 1250//2245 979//2245 983//2245
f 1250//2246 983//2246 984//2246
f 1250//2247 1248//2247 979//2247
f 1251//2248 1007//2248 1249//2248
f 1251//2249 1006//2249 1007//2249
f 1252//2250 1250//2250 984//2250
f 1253//2251 1006//2251 1251//2251
f 1253//2252 1004//2252 1006//2252
f 1254//2253 984//2253 988//2253
f 1254//2254 1252//2254 984//2254
f 1255//2255 1004//2255 1253//2255
f 1255//2256 1003//2256 1004//2256
f 1256//2257 1254//2257 988//2257
f 1256//2258 988//2258 989//2258
f 1257//2259 1003//2259 1255//2259
f 1257//2260 998//2260 999//2260
f 1257//2261 999//2261 1003//2261
f 1258//2262 1256//2262 989//2262
f 1258//2263 989//2263 993//2263
f 1258//2264 993//2264 994//2264
f 1259//2265 998//2265 1257//2265
f 1260//2266 1258//2266 994//2266
f 1260//2267 998//2267 1259//2267
f 1260//2268 994//2268 998//2268
f 1103//2269 1105//2269 1261//2269
f 1261//2270 1105//2270 1262//2270
f 1262//2271 1108//2271 1263//2271
f 1263//2272 1108//2272 1264//2272
f 1105//2273 1108//2273 1262//2273
f 1108//2274 1109//2274 1264//2274
f 1264//2275 1111//2275 1265//2275
f 1265//2276 1111//2276 1266//2276
f 1109//2277 1111//2277 1264//2277
f 1111//2278 1113//2278 1266//2278
f 1266//2279 1114//2279 1267//2279
f 1113//2280 1114//2280 1266//2280
f 1267//2281 1118//2281 1268//2281
f 1268//2282 1118//2282 1269//2282
f 1114//2283 1118//2283 1267//2283
f 1118//2284 1119//2284 1269//2284
f 1269//2285 1121//2285 1270//2285
f 1119//2286 1121//2286 1269//2286
f 1270//2287 1123//2287 1271//2287
f 1121//2288 1123//2288 1270//2288
f 1123//2289 1125//2289 1271//2289
f 1271//2290 1125//2290 1272//2290
f 1272//2291 1125//2291 1273//2291
f 1125//2292 1127//2292 1273//2292
f 1127//2293 1129//2293 1273//2293
f 1273//2294 1129//2294 1274//2294
f 1129//2295 1130//2295 1274//2295
f 1274//2296 1130//2296 1275//2296
f 1130//2297 1134//2297 1275//2297
f 1275//2298 1134//2298 1276//2298
f 1276//2299 1134//2299 1277//2299
f 1134//2300 1133//2300 1277//2300
f 1133//2301 1132//2301 1277//2301
f 1277//2302 1132//2302 1278//2302
f 1132//2303 1131//2303 1278//2303
f 1278//2304 1131//2304 1279//2304
f 1279//2305 1131//2305 1280//2305
f 1131//2306 1128//2306 1280//2306
f 1128//2307 1126//2307 1280//2307
f 1280//2308 1126//2308 1281//2308
f 1126//2309 1124//2309 1281//2309
f 1281//2310 1124//2310 1282//2310
f 1124//2311 1122//2311 1282//2311
f 1282//2312 1122//2312 1283//2312
f 1283//2313 1120//2313 1284//2313
f 1122//2314 1120//2314 1283//2314
f 1284//2315 1117//2315 1285//2315
f 1120//2316 1117//2316 1284//2316
f 1285//2317 1116//2317 1286//2317
f 1117//2318 1116//2318 1285//2318
f 1286//2319 1115//2319 1287//2319
f 1116//2320 1115//2320 1286//2320
f 1287//2321 1112//2321 1288//2321
f 1115//2322 1112//2322 1287//2322
f 1288//2323 1110//2323 1289//2323
f 1289//2324 1110//2324 1290//2324
f 1112//2325 1110//2325 1288//2325
f 1110//2326 1107//2326 1290//2326
f 1290//2327 1106//2327 1291//2327
f 1107//2328 1106//2328 1290//2328
f 1291//2329 1104//2329 1292//2329
f 1106//2330 1104//2330 1291//2330
f 1292//2331 1102//2331 1293//2331
f 1104//2332 1102//2332 1292//2332
f 1293//2333 1101//2333 1294//2333
f 1102//2334 1101//2334 1293//2334
f 1294//2335 1098//2335 1295//2335
f 1101//2336 1098//2336 1294//2336
f 1295//2337 1097//2337 1296//2337
f 1098//2338 1097//2338 1295//2338
f 1296//2339 1094//2339 1297//2339
f 1097//2340 1094//2340 1296//2340
f 1094//2341 1092//2341 1297//2341
f 1297//2342 1092//2342 1298//2342
f 1298//2343 1092//2343 1299//2343
f 1092//2344 1090//2344 1299//2344
f 1299//2345 1090//2345 1300//2345
f 1090//2346 1088//2346 1300//2346
f 1088//2347 1085//2347 1300//2347
f 1300//2348 1085//2348 1301//2348
f 1085//2349 1084//2349 1301//2349
f 1301//2350 1084//2350 1302//2350
f 1084//2351 1082//2351 1302//2351
f 1302//2352 1082//2352 1303//2352
f 1082//2353 1081//2353 1303//2353
f 1303//2354 1081//2354 1304//2354
f 1081//2355 1078//2355 1304//2355
f 1304//2356 1078//2356 1305//2356
f 1078//2357 1076//2357 1305//2357
f 1305//2358 1076//2358 1306//2358
f 1076//2359 1074//2359 1306//2359
f 1306//2360 1074//2360 1307//2360
f 1307//2361 1074//2361 1308//2361
f 1074//2362 1072//2362 1308//2362
f 1072//2363 1070//2363 1308//2363
f 1308//2364 1070//2364 1309//2364
f 1070//2365 1068//2365 1309//2365
f 1309//2366 1068//2366 1310//2366
f 1068//2367 1066//2367 1310//2367
f 1310//2368 1066//2368 1311//2368
f 1311//2369 1066//2369 1312//2369
f 1066//2370 1064//2370 1312//2370
f 1064//2371 1062//2371 1312//2371
f 1312//2372 1062//2372 1313//2372
f 1313//2373 1062//2373 1314//2373
f 1062//2374 1060//2374 1314//2374
f 1060//2375 1058//2375 1314//2375
f 1314//2376 1058//2376 1315//2376
f 1315//2377 1058//2377 1316//2377
f 1058//2378 1056//2378 1316//2378
f 1056//2379 1054//2379 1316//2379
f 1316//2380 1054//2380 1317//2380
f 1054//2381 1052//2381 1317//2381
f 1317//2382 1052//2382 1318//2382
f 1318//2383 1052//2383 1319//2383
f 1052//2384 1050//2384 1319//2384
f 1319//2385 1048//2385 1320//2385
f 1050//2386 1048//2386 1319//2386
f 1320//2387 1046//2387 1321//2387
f 1048//2388 1046//2388 1320//2388
f 1321//2389 1044//2389 1322//2389
f 1046//2390 1044//2390 1321//2390
f 1044//2391 1042//2391 1322//2391
f 1322//2392 1042//2392 1323//2392
f 1323//2393 1042//2393 1324//2393
f 1042//2394 1040//2394 1324//2394
f 1324//2395 1040//2395 1325//2395
f 1040//2396 1038//2396 1325//2396
f 1038//2397 1036//2397 1325//2397
f 1325//2398 1036//2398 1326//2398
f 1326//2399 1036//2399 1327//2399
f 1036//2400 1034//2400 1327//2400
f 1327//2401 1034//2401 1328//2401
f 1034//2402 1032//2402 1328//2402
f 1328//2403 1032//2403 1329//2403
f 1032//2404 1030//2404 1329//2404
f 1030//2405 1028//2405 1329//2405
f 1329//2406 1028//2406 1330//2406
f 1330//2407 1028//2407 1331//2407
f 1028//2408 1026//2408 1331//2408
f 1026//2409 1024//2409 1331//2409
f 1331//2410 1024//2410 1332//2410
f 1024//2411 1022//2411 1332//2411
f 1332//2412 1022//2412 1333//2412
f 1333//2413 1022//2413 1334//2413
f 1022//2414 1020//2414 1334//2414
f 1020//2415 1018//2415 1334//2415
f 1334//2416 1018//2416 1335//2416
f 1335//2417 1016//2417 1336//2417
f 1018//2418 1016//2418 1335//2418
f 1336//2419 1014//2419 1337//2419
f 1337//2420 1014//2420 1338//2420
f 1016//2421 1014//2421 1336//2421
f 1014//2422 1012//2422 1338//2422
f 1338//2423 1009//2423 1339//2423
f 1012//2424 1009//2424 1338//2424
f 1339//2425 1010//2425 1340//2425
f 1340//2426 1010//2426 1341//2426
f 1009//2427 1010//2427 1339//2427
f 1010//2428 1011//2428 1341//2428
f 1341//2429 1013//2429 1342//2429
f 1011//2430 1013//2430 1341//2430
f 1342//2431 1015//2431 1343//2431
f 1013//2432 1015//2432 1342//2432
f 1343//2433 1017//2433 1344//2433
f 1344//2434 1017//2434 1345//2434
f 1015//2435 1017//2435 1343//2435
f 1017//2436 1019//2436 1345//2436
f 1345//2437 1021//2437 1346//2437
f 1019//2438 1021//2438 1345//2438
f 1346//2439 1023//2439 1347//2439
f 1021//2440 1023//2440 1346//2440
f 1347//2441 1025//2441 1348//2441
f 1023//2442 1025//2442 1347//2442
f 1025//2443 1027//2443 1348//2443
f 1348//2444 1027//2444 1349//2444
f 1027//2445 1029//2445 1349//2445
f 1349//2446 1029//2446 1350//2446
f 1029//2447 1031//2447 1350//2447
f 1350//2448 1031//2448 1351//2448
f 1031//2449 1033//2449 1351//2449
f 1351//2450 1033//2450 1352//2450
f 1352//2451 1033//2451 1353//2451
f 1033//2452 1035//2452 1353//2452
f 1353//2453 1037//2453 1354//2453
f 1035//2454 1037//2454 1353//2454
f 1354//2455 1039//2455 1355//2455
f 1037//2456 1039//2456 1354//2456
f 1355//2457 1041//2457 1356//2457
f 1039//2458 1041//2458 1355//2458
f 1356//2459 1043//2459 1357//2459
f 1041//2460 1043//2460 1356//2460
f 1357//2461 1045//2461 1358//2461
f 1043//2462 1045//2462 1357//2462
f 1358//2463 1047//2463 1359//2463
f 1045//2464 1047//2464 1358//2464
f 1359//2465 1049//2465 1360//2465
f 1047//2466 1049//2466 1359//2466
f 1360//2467 1051//2467 1361//2467
f 1049//2468 1051//2468 1360//2468
f 1361//2469 1053//2469 1362//2469
f 1051//2470 1053//2470 1361//2470
f 1362//2471 1055//2471 1363//2471
f 1053//2472 1055//2472 1362//2472
f 1363//2473 1057//2473 1364//2473
f 1055//2474 1057//2474 1363//2474
f 1364//2475 1059//2475 1365//2475
f 1365//2476 1059//2476 1366//2476
f 1057//2477 1059//2477 1364//2477
f 1059//2478 1061//2478 1366//2478
f 1366//2479 1063//2479 1367//2479
f 1061//2480 1063//2480 1366//2480
f 1367//2481 1065//2481 1368//2481
f 1063//2482 1065//2482 1367//2482
f 1368//2483 1067//2483 1369//2483
f 1065//2484 1067//2484 1368//2484
f 1369//2485 1069//2485 1370//2485
f 1067//2486 1069//2486 1369//2486
f 1370//2487 1071//2487 1371//2487
f 1069//2488 1071//2488 1370//2488
f 1371//2489 1073//2489 1372//2489
f 1071//2490 1073//2490 1371//2490
f 1073//2491 1075//2491 1372//2491
f 1372//2492 1075//2492 1373//2492
f 1075//2493 1077//2493 1373//2493
f 1373//2494 1077//2494 1374//2494
f 1077//2495 1079//2495 1374//2495
f 1374//2496 1079//2496 1375//2496
f 1079//2497 1080//2497 1375//2497
f 1375//2498 1080//2498 1376//2498
f 1080//2499 1083//2499 1376//2499
f 1376//2500 1083//2500 1377//2500
f 1083//2501 1086//2501 1377//2501
f 1377//2502 1086//2502 1378//2502
f 1086//2503 1087//2503 1378//2503
f 1378//2504 1087//2504 1379//2504
f 1087//2505 1089//2505 1379//2505
f 1379//2506 1089//2506 1380//2506
f 1380//2507 1089//2507 1381//2507
f 1089//2508 1091//2508 1381//2508
f 1091//2509 1093//2509 1381//2509
f 1381//2510 1093//2510 1382//2510
f 1093//2511 1095//2511 1382//2511
f 1382//2512 1095//2512 1383//2512
f 1095//2513 1096//2513 1383//2513
f 1383//2514 1096//2514 1384//2514
f 1096//2515 1099//2515 1384//2515
f 1384//2516 1099//2516 1385//2516
f 1385//2517 1100//2517 1386//2517
f 1099//2518 1100//2518 1385//2518
f 1386//2519 1100//2519 1261//2519
f 1100//2520 1103//2520 1261//2520
f 1387//2521 1388//2521 1229//2521
f 1229//2522 1388//2522 1231//2522
f 1231//2523 1389//2523 1233//2523
f 1388//2524 1389//2524 1231//2524
f 1233//2525 1390//2525 1235//2525
f 1389//2526 1390//2526 1233//2526
f 1235//2527 1391//2527 1237//2527
f 1390//2528 1391//2528 1235//2528
f 1237//2529 1392//2529 1239//2529
f 1391//2530 1392//2530 1237//2530
f 1239//2531 1393//2531 1241//2531
f 1392//2532 1393//2532 1239//2532
f 1241//2533 1394//2533 1243//2533
f 1393//2534 1394//2534 1241//2534
f 1243//2535 1395//2535 1245//2535
f 1394//2536 1395//2536 1243//2536
f 1245//2537 1396//2537 1247//2537
f 1395//2538 1396//2538 1245//2538
f 1247//2539 1397//2539 1249//2539
f 1396//2540 1397//2540 1247//2540
f 1397//2541 1398//2541 1249//2541
f 1249//2542 1398//2542 1251//2542
f 1398//2543 1399//2543 1251//2543
f 1251//2544 1399//2544 1253//2544
f 1399//2545 1400//2545 1253//2545
f 1253//2546 1400//2546 1255//2546
f 1255//2547 1400//2547 1257//2547
f 1400//2548 1401//2548 1257//2548
f 1257//2549 1401//2549 1259//2549
f 1401//2550 1402//2550 1259//2550
f 1402//2551 1403//2551 1259//2551
f 1259//2552 1403//2552 1260//2552
f 1260//2553 1403//2553 1258//2553
f 1403//2554 1404//2554 1258//2554
f 1258//2555 1405//2555 1256//2555
f 1404//2556 1405//2556 1258//2556
f 1256//2557 1406//2557 1254//2557
f 1405//2558 1406//2558 1256//2558
f 1254//2559 1407//2559 1252//2559
f 1406//2560 1407//2560 1254//2560
f 1252//2561 1408//2561 1250//2561
f 1407//2562 1408//2562 1252//2562
f 1250//2563 1409//2563 1248//2563
f 1408//2564 1409//2564 1250//2564
f 1248//2565 1410//2565 1246//2565
f 1409//2566 1410//2566 1248//2566
f 1246//2567 1411//2567 1244//2567
f 1410//2568 1411//2568 1246//2568
f 1244//2569 1412//2569 1242//2569
f 1411//2570 1412//2570 1244//2570
f 1242//2571 1413//2571 1240//2571
f 1412//2572 1413//2572 1242//2572
f 1240//2573 1414//2573 1238//2573
f 1413//2574 1414//2574 1240//2574
f 1238//2575 1415//2575 1236//2575
f 1414//2576 1415//2576 1238//2576
f 1236//2577 1416//2577 1234//2577
f 1415//2578 1416//2578 1236//2578
f 1234//2579 1417//2579 1232//2579
f 1416//2580 1417//2580 1234//2580
f 1232//2581 1418//2581 1230//2581
f 1417//2582 1418//2582 1232//2582
f 1230//2583 1419//2583 1228//2583
f 1418//2584 1419//2584 1230//2584
f 1228//2585 1420//2585 1226//2585
f 1226//2586 1420//2586 1224//2586
f 1419//2587 1420//2587 1228//2587
f 1420//2588 1421//2588 1224//2588
f 1224//2589 1422//2589 1222//2589
f 1421//2590 1422//2590 1224//2590
f 1222//2591 1423//2591 1220//2591
f 1422//2592 1423//2592 1222//2592
f 1220//2593 1424//2593 1218//2593
f 1423//2594 1424//2594 1220//2594
f 1424//2595 1425//2595 1218//2595
f 1218//2596 1425//2596 1216//2596
f 1216//2597 1425//2597 1214//2597
f 1425//2598 1426//2598 1214//2598
f 1426//2599 1427//2599 1214//2599
f 1214//2600 1427//2600 1212//2600
f 1427//2601 1428//2601 1212//2601
f 1212//2602 1428//2602 1210//2602
f 1428//2603 1429//2603 1210//2603
f 1210//2604 1429//2604 1208//2604
f 1429//2605 1430//2605 1208//2605
f 1208//2606 1430//2606 1206//2606
f 1430//2607 1431//2607 1206//2607
f 1206//2608 1431//2608 1204//2608
f 1431//2609 1432//2609 1204//2609
f 1204//2610 1432//2610 1202//2610
f 1432//2611 1433//2611 1202//2611
f 1202//2612 1433//2612 1200//2612
f 1433//2613 1434//2613 1200//2613
f 1200//2614 1434//2614 1198//2614
f 1198//2615 1435//2615 1196//2615
f 1434//2616 1435//2616 1198//2616
f 1196//2617 1436//2617 1194//2617
f 1435//2618 1436//2618 1196//2618
f 1194//2619 1437//2619 1192//2619
f 1436//2620 1437//2620 1194//2620
f 1192//2621 1438//2621 1190//2621
f 1437//2622 1438//2622 1192//2622
f 1190//2623 1439//2623 1188//2623
f 1188//2624 1439//2624 1186//2624
f 1438//2625 1439//2625 1190//2625
f 1439//2626 1440//2626 1186//2626
f 1186//2627 1441//2627 1184//2627
f 1440//2628 1441//2628 1186//2628
f 1184//2629 1442//2629 1182//2629
f 1441//2630 1442//2630 1184//2630
f 1182//2631 1443//2631 1180//2631
f 1442//2632 1443//2632 1182//2632
f 1180//2633 1444//2633 1178//2633
f 1443//2634 1444//2634 1180//2634
f 1178//2635 1445//2635 1176//2635
f 1444//2636 1445//2636 1178//2636
f 1176//2637 1446//2637 1174//2637
f 1445//2638 1446//2638 1176//2638
f 1174//2639 1447//2639 1172//2639
f 1446//2640 1447//2640 1174//2640
f 1172//2641 1448//2641 1170//2641
f 1447//2642 1448//2642 1172//2642
f 1448//2643 1449//2643 1170//2643
f 1170//2644 1449//2644 1167//2644
f 1449//2645 1450//2645 1167//2645
f 1167//2646 1450//2646 1165//2646
f 1450//2647 1451//2647 1165//2647
f 1165//2648 1451//2648 1163//2648
f 1451//2649 1452//2649 1163//2649
f 1163//2650 1452//2650 1161//2650
f 1452//2651 1453//2651 1161//2651
f 1161//2652 1453//2652 1159//2652
f 1453//2653 1454//2653 1159//2653
f 1159//2654 1454//2654 1157//2654
f 1454//2655 1455//2655 1157//2655
f 1157//2656 1455//2656 1155//2656
f 1455//2657 1456//2657 1155//2657
f 1155//2658 1456//2658 1153//2658
f 1456//2659 1457//2659 1153//2659
f 1153//2660 1457//2660 1151//2660
f 1457//2661 1458//2661 1151//2661
f 1151//2662 1458//2662 1149//2662
f 1458//2663 1459//2663 1149//2663
f 1149//2664 1459//2664 1147//2664
f 1459//2665 1460//2665 1147//2665
f 1147//2666 1460//2666 1145//2666
f 1460//2667 1461//2667 1145//2667
f 1145//2668 1461//2668 1143//2668
f 1461//2669 1462//2669 1143//2669
f 1143//2670 1462//2670 1141//2670
f 1462//2671 1463//2671 1141//2671
f 1141//2672 1463//2672 1139//2672
f 1463//2673 1464//2673 1139//2673
f 1139//2674 1464//2674 1137//2674
f 1464//2675 1465//2675 1137//2675
f 1137//2676 1465//2676 1135//2676
f 1465//2677 1466//2677 1135//2677
f 1135//2678 1466//2678 1136//2678
f 1466//2679 1467//2679 1136//2679
f 1136//2680 1467//2680 1138//2680
f 1467//2681 1468//2681 1138//2681
f 1138//2682 1468//2682 1140//2682
f 1468//2683 1469//2683 1140//2683
f 1140//2684 1469//2684 1142//2684
f 1142//2685 1470//2685 1144//2685
f 1469//2686 1470//2686 1142//2686
f 1144//2687 1471//2687 1146//2687
f 1470//2688 1471//2688 1144//2688
f 1146//2689 1472//2689 1148//2689
f 1471//2690 1472//2690 1146//2690
f 1148//2691 1473//2691 1150//2691
f 1472//2692 1473//2692 1148//2692
f 1150//2693 1474//2693 1152//2693
f 1473//2694 1474//2694 1150//2694
f 1474//2695 1475//2695 1152//2695
f 1152//2696 1475//2696 1154//2696
f 1475//2697 1476//2697 1154//2697
f 1154//2698 1476//2698 1156//2698
f 1476//2699 1477//2699 1156//2699
f 1156//2700 1477//2700 1158//2700
f 1477//2701 1478//2701 1158//2701
f 1158//2702 1478//2702 1160//2702
f 1478//2703 1479//2703 1160//2703
f 1160//2704 1479//2704 1162//2704
f 1479//2705 1480//2705 1162//2705
f 1162//2706 1480//2706 1164//2706
f 1480//2707 1481//2707 1164//2707
f 1164//2708 1481//2708 1166//2708
f 1481//2709 1482//2709 1166//2709
f 1166//2710 1482//2710 1168//2710
f 1482//2711 1483//2711 1168//2711
f 1168//2712 1483//2712 1169//2712
f 1483//2713 1484//2713 1169//2713
f 1169//2714 1484//2714 1171//2714
f 1484//2715 1485//2715 1171//2715
f 1171//2716 1485//2716 1173//2716
f 1485//2717 1486//2717 1173//2717
f 1173//2718 1486//2718 1175//2718
f 1175//2719 1487//2719 1177//2719
f 1486//2720 1487//2720 1175//2720
f 1177//2721 1488//2721 1179//2721
f 1487//2722 1488//2722 1177//2722
f 1179//2723 1489//2723 1181//2723
f 1488//2724 1489//2724 1179//2724
f 1181//2725 1490//2725 1183//2725
f 1489//2726 1490//2726 1181//2726
f 1183//2727 1491//2727 1185//2727
f 1490//2728 1491//2728 1183//2728
f 1185//2729 1492//2729 1187//2729
f 1491//2730 1492//2730 1185//2730
f 1187//2731 1493//2731 1189//2731
f 1492//2732 1493//2732 1187//2732
f 1189//2733 1494//2733 1191//2733
f 1493//2734 1494//2734 1189//2734
f 1191//2735 1495//2735 1193//2735
f 1494//2736 1495//2736 1191//2736
f 1193//2737 1496//2737 1195//2737
f 1495//2738 1496//2738 1193//2738
f 1195//2739 1497//2739 1197//2739
f 1496//2740 1497//2740 1195//2740
f 1197//2741 1498//2741 1199//2741
f 1497//2742 1498//2742 1197//2742
f 1199//2743 1499//2743 1201//2743
f 1498//2744 1499//2744 1199//2744
f 1499//2745 1500//2745 1201//2745
f 1201//2746 1500//2746 1203//2746
f 1500//2747 1501//2747 1203//2747
f 1203//2748 1501//2748 1205//2748
f 1501//2749 1502//2749 1205//2749
f 1205//2750 1502//2750 1207//2750
f 1502//2751 1503//2751 1207//2751
f 1207//2752 1503//2752 1209//2752
f 1209//2753 1504//2753 1211//2753
f 1503//2754 1504//2754 1209//2754
f 1211//2755 1505//2755 1213//2755
f 1504//2756 1505//2756 1211//2756
f 1213//2757 1506//2757 1215//2757
f 1505//2758 1506//2758 1213//2758
f 1215//2759 1507//2759 1217//2759
f 1506//2760 1507//2760 1215//2760
f 1217//2761 1508//2761 1219//2761
f 1507//2762 1508//2762 1217//2762
f 1219//2763 1509//2763 1221//2763
f 1508//2764 1509//2764 1219//2764
f 1221//2765 1510//2765 1223//2765
f 1509//2766 1510//2766 1221//2766
f 1223//2767 1511//2767 1225//2767
f 1510//2768 1511//2768 1223//2768
f 1225//2769 1512//2769 1227//2769
f 1511//2770 1512//2770 1225//2770
f 1227//2771 1387//2771 1229//2771
f 1512//2772 1387//2772 1227//2772
f 1513//2773 1340//2773 1514//2773
f 1513//2774 1339//2774 1340//2774
f 1515//2775 1514//2775 1340//2775
f 1515//2776 1340//2776 1341//2776
f 1516//2777 1339//2777 1513//2777
f 1516//2778 1338//2778 1339//2778
f 1517//2779 1515//2779 1341//2779
f 1517//2780 1341//2780 1342//2780
f 1518//2781 1338//2781 1516//2781
f 1518//2782 1337//2782 1338//2782
f 1519//2783 1342//2783 1343//2783
f 1519//2784 1517//2784 1342//2784
f 1520//2785 1337//2785 1518//2785
f 1520//2786 1335//2786 1336//2786
f 1520//2787 1336//2787 1337//2787
f 1521//2788 1519//2788 1343//2788
f 1521//2789 1343//2789 1344//2789
f 1522//2790 1335//2790 1520//2790
f 1523//2791 1344//2791 1345//2791
f 1523//2792 1521//2792 1344//2792
f 1524//2793 1334//2793 1335//2793
f 1524//2794 1335//2794 1522//2794
f 1525//2795 1523//2795 1345//2795
f 1525//2796 1345//2796 1346//2796
f 1526//2797 1334//2797 1524//2797
f 1526//2798 1332//2798 1333//2798
f 1526//2799 1333//2799 1334//2799
f 1527//2800 1525//2800 1346//2800
f 1527//2801 1346//2801 1347//2801
f 1528//2802 1332//2802 1526//2802
f 1529//2803 1527//2803 1347//2803
f 1529//2804 1347//2804 1348//2804
f 1530//2805 1332//2805 1528//2805
f 1530//2806 1330//2806 1331//2806
f 1530//2807 1331//2807 1332//2807
f 1531//2808 1529//2808 1348//2808
f 1531//2809 1348//2809 1349//2809
f 1531//2810 1349//2810 1350//2810
f 1532//2811 1330//2811 1530//2811
f 1533//2812 1531//2812 1350//2812
f 1533//2813 1350//2813 1351//2813
f 1534//2814 1330//2814 1532//2814
f 1534//2815 1329//2815 1330//2815
f 1535//2816 1533//2816 1351//2816
f 1536//2817 1329//2817 1534//2817
f 1536//2818 1327//2818 1328//2818
f 1536//2819 1328//2819 1329//2819
f 1537//2820 1535//2820 1351//2820
f 1537//2821 1351//2821 1352//2821
f 1538//2822 1327//2822 1536//2822
f 1539//2823 1537//2823 1352//2823
f 1539//2824 1352//2824 1353//2824
f 1540//2825 1327//2825 1538//2825
f 1540//2826 1326//2826 1327//2826
f 1541//2827 1539//2827 1353//2827
f 1541//2828 1353//2828 1354//2828
f 1542//2829 1325//2829 1326//2829
f 1542//2830 1326//2830 1540//2830
f 1543//2831 1541//2831 1354//2831
f 1543//2832 1354//2832 1355//2832
f 1544//2833 1325//2833 1542//2833
f 1544//2834 1324//2834 1325//2834
f 1545//2835 1543//2835 1355//2835
f 1545//2836 1355//2836 1356//2836
f 1546//2837 1323//2837 1324//2837
f 1546//2838 1324//2838 1544//2838
f 1547//2839 1545//2839 1356//2839
f 1547//2840 1356//2840 1357//2840
f 1548//2841 1322//2841 1323//2841
f 1548//2842 1323//2842 1546//2842
f 1549//2843 1547//2843 1357//2843
f 1549//2844 1357//2844 1358//2844
f 1550//2845 1321//2845 1322//2845
f 1550//2846 1322//2846 1548//2846
f 1551//2847 1549//2847 1358//2847
f 1551//2848 1358//2848 1359//2848
f 1552//2849 1321//2849 1550//2849
f 1552//2850 1320//2850 1321//2850
f 1553//2851 1551//2851 1359//2851
f 1553//2852 1359//2852 1360//2852
f 1554//2853 1319//2853 1320//2853
f 1554//2854 1320//2854 1552//2854
f 1555//2855 1553//2855 1360//2855
f 1555//2856 1360//2856 1361//2856
f 1556//2857 1319//2857 1554//2857
f 1556//2858 1318//2858 1319//2858
f 1557//2859 1361//2859 1362//2859
f 1557//2860 1555//2860 1361//2860
f 1558//2861 1318//2861 1556//2861
f 1558//2862 1317//2862 1318//2862
f 1559//2863 1362//2863 1363//2863
f 1559//2864 1557//2864 1362//2864
f 1560//2865 1316//2865 1317//2865
f 1560//2866 1317//2866 1558//2866
f 1561//2867 1363//2867 1364//2867
f 1561//2868 1559//2868 1363//2868
f 1562//2869 1316//2869 1560//2869
f 1562//2870 1315//2870 1316//2870
f 1563//2871 1364//2871 1365//2871
f 1563//2872 1561//2872 1364//2872
f 1564//2873 1315//2873 1562//2873
f 1564//2874 1314//2874 1315//2874
f 1565//2875 1365//2875 1366//2875
f 1565//2876 1366//2876 1367//2876
f 1565//2877 1563//2877 1365//2877
f 1566//2878 1313//2878 1314//2878
f 1566//2879 1314//2879 1564//2879
f 1567//2880 1565//2880 1367//2880
f 1368//2881 1567//2881 1367//2881
f 1568//2882 1312//2882 1313//2882
f 1568//2883 1313//2883 1566//2883
f 1569//2884 1567//2884 1368//2884
f 1570//2885 1311//2885 1312//2885
f 1570//2886 1312//2886 1568//2886
f 1571//2887 1368//2887 1369//2887
f 1571//2888 1569//2888 1368//2888
f 1572//2889 1310//2889 1311//2889
f 1572//2890 1311//2890 1570//2890
f 1370//2891 1571//2891 1369//2891
f 1573//2892 1571//2892 1370//2892
f 1574//2893 1309//2893 1310//2893
f 1574//2894 1310//2894 1572//2894
f 1575//2895 1370//2895 1371//2895
f 1575//2896 1573//2896 1370//2896
f 1308//2897 1574//2897 1576//2897
f 1308//2898 1309//2898 1574//2898
f 1372//2899 1577//2899 1575//2899
f 1372//2900 1575//2900 1371//2900
f 1307//2901 1308//2901 1576//2901
f 1307//2902 1576//2902 1578//2902
f 1373//2903 1577//2903 1372//2903
f 1373//2904 1579//2904 1577//2904
f 1580//2905 1579//2905 1373//2905
f 1306//2906 1307//2906 1578//2906
f 1306//2907 1578//2907 1581//2907
f 1374//2908 1580//2908 1373//2908
f 1582//2909 1580//2909 1374//2909
f 1305//2910 1306//2910 1581//2910
f 1305//2911 1581//2911 1583//2911
f 1375//2912 1582//2912 1374//2912
f 1304//2913 1305//2913 1583//2913
f 1304//2914 1583//2914 1584//2914
f 1376//2915 1585//2915 1582//2915
f 1376//2916 1582//2916 1375//2916
f 1303//2917 1304//2917 1584//2917
f 1303//2918 1584//2918 1586//2918
f 1377//2919 1587//2919 1585//2919
f 1377//2920 1585//2920 1376//2920
f 1302//2921 1303//2921 1586//2921
f 1302//2922 1586//2922 1588//2922
f 1378//2923 1587//2923 1377//2923
f 1378//2924 1589//2924 1587//2924
f 1301//2925 1302//2925 1588//2925
f 1301//2926 1590//2926 1591//2926
f 1301//2927 1588//2927 1590//2927
f 1379//2928 1589//2928 1378//2928
f 1379//2929 1592//2929 1589//2929
f 1300//2930 1301//2930 1591//2930
f 1380//2931 1593//2931 1592//2931
f 1380//2932 1594//2932 1593//2932
f 1380//2933 1592//2933 1379//2933
f 1299//2934 1591//2934 1595//2934
f 1299//2935 1300//2935 1591//2935
f 1381//2936 1594//2936 1380//2936
f 1298//2937 1595//2937 1596//2937
f 1298//2938 1299//2938 1595//2938
f 1382//2939 1597//2939 1594//2939
f 1382//2940 1594//2940 1381//2940
f 1297//2941 1598//2941 1599//2941
f 1297//2942 1596//2942 1598//2942
f 1297//2943 1298//2943 1596//2943
f 1383//2944 1600//2944 1597//2944
f 1383//2945 1597//2945 1382//2945
f 1296//2946 1297//2946 1599//2946
f 1384//2947 1601//2947 1600//2947
f 1384//2948 1602//2948 1601//2948
f 1384//2949 1600//2949 1383//2949
f 1295//2950 1296//2950 1599//2950
f 1295//2951 1599//2951 1603//2951
f 1385//2952 1604//2952 1602//2952
f 1385//2953 1602//2953 1384//2953
f 1294//2954 1295//2954 1603//2954
f 1294//2955 1605//2955 1606//2955
f 1294//2956 1603//2956 1605//2956
f 1386//2957 1604//2957 1385//2957
f 1386//2958 1607//2958 1604//2958
f 1293//2959 1294//2959 1606//2959
f 1293//2960 1606//2960 1608//2960
f 1261//2961 1607//2961 1386//2961
f 1292//2962 1293//2962 1608//2962
f 1262//2963 1607//2963 1261//2963
f 1262//2964 1609//2964 1607//2964
f 1291//2965 1608//2965 1610//2965
f 1291//2966 1292//2966 1608//2966
f 1263//2967 1611//2967 1609//2967
f 1263//2968 1612//2968 1611//2968
f 1263//2969 1609//2969 1262//2969
f 1290//2970 1613//2970 1614//2970
f 1290//2971 1610//2971 1613//2971
f 1290//2972 1291//2972 1610//2972
f 1264//2973 1612//2973 1263//2973
f 1289//2974 1290//2974 1614//2974
f 1265//2975 1615//2975 1612//2975
f 1265//2976 1616//2976 1615//2976
f 1265//2977 1612//2977 1264//2977
f 1288//2978 1614//2978 1617//2978
f 1288//2979 1289//2979 1614//2979
f 1266//2980 1616//2980 1265//2980
f 1287//2981 1288//2981 1617//2981
f 1287//2982 1617//2982 1618//2982
f 1267//2983 1616//2983 1266//2983
f 1267//2984 1619//2984 1616//2984
f 1267//2985 1620//2985 1619//2985
f 1286//2986 1287//2986 1618//2986
f 1286//2987 1621//2987 1622//2987
f 1286//2988 1618//2988 1621//2988
f 1268//2989 1620//2989 1267//2989
f 1285//2990 1286//2990 1622//2990
f 1269//2991 1623//2991 1620//2991
f 1269//2992 1620//2992 1268//2992
f 1284//2993 1624//2993 1625//2993
f 1284//2994 1622//2994 1624//2994
f 1284//2995 1285//2995 1622//2995
f 1270//2996 1626//2996 1623//2996
f 1270//2997 1627//2997 1626//2997
f 1270//2998 1623//2998 1269//2998
f 1283//2999 1284//2999 1625//2999
f 1271//3000 1627//3000 1270//3000
f 1271//3001 1628//3001 1627//3001
f 1282//3002 1283//3002 1625//3002
f 1282//3003 1629//3003 1630//3003
f 1282//3004 1625//3004 1629//3004
f 1272//3005 1628//3005 1271//3005
f 1281//3006 1282//3006 1630//3006
f 1273//3007 1631//3007 1628//3007
f 1273//3008 1628//3008 1272//3008
f 1280//3009 1281//3009 1630//3009
f 1280//3010 1630//3010 1632//3010
f 1274//3011 1631//3011 1273//3011
f 1274//3012 1633//3012 1631//3012
f 1274//3013 1634//3013 1633//3013
f 1279//3014 1280//3014 1632//3014
f 1279//3015 1632//3015 1635//3015
f 1275//3016 1634//3016 1274//3016
f 1278//3017 1635//3017 1636//3017
f 1278//3018 1279//3018 1635//3018
f 1276//3019 1637//3019 1634//3019
f 1276//3020 1638//3020 1637//3020
f 1276//3021 1634//3021 1275//3021
f 1277//3022 1636//3022 1638//3022
f 1277//3023 1278//3023 1636//3023
f 1277//3024 1638//3024 1276//3024
f 1465//3025 1639//3025 1466//3025
f 1466//3026 1639//3026 1640//3026
f 1466//3027 1641//3027 1467//3027
f 1640//3028 1641//3028 1466//3028
f 1465//3029 1642//3029 1639//3029
f 1464//3030 1642//3030 1465//3030
f 1641//3031 1643//3031 1467//3031
f 1467//3032 1643//3032 1468//3032
f 1464//3033 1644//3033 1642//3033
f 1463//3034 1644//3034 1464//3034
f 1468//3035 1645//3035 1469//3035
f 1643//3036 1645//3036 1468//3036
f 1463//3037 1646//3037 1644//3037
f 1462//3038 1646//3038 1463//3038
f 1645//3039 1647//3039 1469//3039
f 1469//3040 1647//3040 1470//3040
f 1470//3041 1647//3041 1471//3041
f 1462//3042 1648//3042 1646//3042
f 1461//3043 1648//3043 1462//3043
f 1647//3044 1649//3044 1471//3044
f 1461//3045 1650//3045 1648//3045
f 1460//3046 1650//3046 1461//3046
f 1649//3047 1651//3047 1471//3047
f 1471//3048 1651//3048 1472//3048
f 1472//3049 1651//3049 1473//3049
f 1460//3050 1652//3050 1650//3050
f 1459//3051 1652//3051 1460//3051
f 1651//3052 1653//3052 1473//3052
f 1459//3053 1654//3053 1652//3053
f 1458//3054 1654//3054 1459//3054
f 1653//3055 1655//3055 1473//3055
f 1473//3056 1655//3056 1474//3056
f 1458//3057 1656//3057 1654//3057
f 1457//3058 1656//3058 1458//3058
f 1655//3059 1657//3059 1474//3059
f 1474//3060 1657//3060 1475//3060
f 1457//3061 1658//3061 1656//3061
f 1456//3062 1658//3062 1457//3062
f 1657//3063 1659//3063 1475//3063
f 1475//3064 1659//3064 1476//3064
f 1476//3065 1659//3065 1477//3065
f 1456//3066 1660//3066 1658//3066
f 1455//3067 1660//3067 1456//3067
f 1659//3068 1661//3068 1477//3068
f 1477//3069 1661//3069 1478//3069
f 1454//3070 1662//3070 1455//3070
f 1455//3071 1662//3071 1660//3071
f 1661//3072 1663//3072 1478//3072
f 1453//3073 1664//3073 1454//3073
f 1454//3074 1664//3074 1662//3074
f 1663//3075 1665//3075 1478//3075
f 1478//3076 1665//3076 1479//3076
f 1479//3077 1665//3077 1480//3077
f 1452//3078 1666//3078 1453//3078
f 1453//3079 1666//3079 1664//3079
f 1665//3080 1667//3080 1480//3080
f 1452//3081 1668//3081 1666//3081
f 1451//3082 1668//3082 1452//3082
f 1667//3083 1669//3083 1480//3083
f 1480//3084 1669//3084 1481//3084
f 1450//3085 1670//3085 1451//3085
f 1451//3086 1670//3086 1668//3086
f 1669//3087 1671//3087 1481//3087
f 1481//3088 1671//3088 1482//3088
f 1482//3089 1671//3089 1483//3089
f 1450//3090 1672//3090 1670//3090
f 1449//3091 1672//3091 1450//3091
f 1671//3092 1673//3092 1483//3092
f 1449//3093 1674//3093 1672//3093
f 1447//3094 1674//3094 1448//3094
f 1448//3095 1674//3095 1449//3095
f 1673//3096 1675//3096 1483//3096
f 1483//3097 1675//3097 1484//3097
f 1447//3098 1676//3098 1674//3098
f 1675//3099 1677//3099 1484//3099
f 1484//3100 1677//3100 1485//3100
f 1446//3101 1678//3101 1447//3101
f 1447//3102 1678//3102 1676//3102
f 1677//3103 1679//3103 1485//3103
f 1485//3104 1679//3104 1486//3104
f 1486//3105 1679//3105 1487//3105
f 1446//3106 1680//3106 1678//3106
f 1445//3107 1680//3107 1446//3107
f 1679//3108 1681//3108 1487//3108
f 1445//3109 1682//3109 1680//3109
f 1444//3110 1682//3110 1445//3110
f 1487//3111 1683//3111 1488//3111
f 1681//3112 1683//3112 1487//3112
f 1444//3113 1684//3113 1682//3113
f 1443//3114 1684//3114 1444//3114
f 1488//3115 1685//3115 1489//3115
f 1683//3116 1685//3116 1488//3116
f 1443//3117 1686//3117 1684//3117
f 1442//3118 1686//3118 1443//3118
f 1489//3119 1687//3119 1490//3119
f 1685//3120 1687//3120 1489//3120
f 1442//3121 1688//3121 1686//3121
f 1441//3122 1688//3122 1442//3122
f 1490//3123 1689//3123 1491//3123
f 1687//3124 1689//3124 1490//3124
f 1441//3125 1690//3125 1688//3125
f 1440//3126 1690//3126 1441//3126
f 1491//3127 1691//3127 1492//3127
f 1689//3128 1691//3128 1491//3128
f 1440//3129 1692//3129 1690//3129
f 1439//3130 1692//3130 1440//3130
f 1492//3131 1693//3131 1493//3131
f 1691//3132 1693//3132 1492//3132
f 1438//3133 1694//3133 1439//3133
f 1439//3134 1694//3134 1692//3134
f 1493//3135 1695//3135 1494//3135
f 1693//3136 1695//3136 1493//3136
f 1437//3137 1696//3137 1438//3137
f 1438//3138 1696//3138 1694//3138
f 1494//3139 1697//3139 1495//3139
f 1695//3140 1697//3140 1494//3140
f 1697//3141 1496//3141 1495//3141
f 1436//3142 1698//3142 1437//3142
f 1437//3143 1698//3143 1696//3143
f 1697//3144 1699//3144 1496//3144
f 1435//3145 1700//3145 1436//3145
f 1436//3146 1700//3146 1698//3146
f 1496//3147 1701//3147 1497//3147
f 1699//3148 1701//3148 1496//3148
f 1435//3149 1702//3149 1700//3149
f 1435//3150 1434//3150 1702//3150
f 1703//3151 1498//3151 1701//3151
f 1701//3152 1498//3152 1497//3152
f 1434//3153 1433//3153 1702//3153
f 1702//3154 1433//3154 1704//3154
f 1433//3155 1705//3155 1704//3155
f 1703//3156 1499//3156 1498//3156
f 1706//3157 1499//3157 1703//3157
f 1706//3158 1707//3158 1499//3158
f 1433//3159 1432//3159 1705//3159
f 1432//3160 1708//3160 1705//3160
f 1707//3161 1500//3161 1499//3161
f 1432//3162 1431//3162 1708//3162
f 1707//3163 1501//3163 1500//3163
f 1709//3164 1501//3164 1707//3164
f 1431//3165 1430//3165 1708//3165
f 1708//3166 1430//3166 1710//3166
f 1711//3167 1502//3167 1709//3167
f 1709//3168 1502//3168 1501//3168
f 1430//3169 1429//3169 1710//3169
f 1710//3170 1429//3170 1712//3170
f 1711//3171 1503//3171 1502//3171
f 1713//3172 1503//3172 1711//3172
f 1429//3173 1428//3173 1712//3173
f 1712//3174 1428//3174 1714//3174
f 1713//3175 1504//3175 1503//3175
f 1715//3176 1504//3176 1713//3176
f 1714//3177 1427//3177 1716//3177
f 1428//3178 1427//3178 1714//3178
f 1715//3179 1505//3179 1504//3179
f 1717//3180 1505//3180 1715//3180
f 1716//3181 1426//3181 1718//3181
f 1427//3182 1426//3182 1716//3182
f 1719//3183 1506//3183 1717//3183
f 1717//3184 1506//3184 1505//3184
f 1718//3185 1425//3185 1720//3185
f 1426//3186 1425//3186 1718//3186
f 1721//3187 1507//3187 1719//3187
f 1719//3188 1507//3188 1506//3188
f 1425//3189 1424//3189 1720//3189
f 1720//3190 1424//3190 1722//3190
f 1723//3191 1508//3191 1721//3191
f 1724//3192 1508//3192 1723//3192
f 1721//3193 1508//3193 1507//3193
f 1424//3194 1423//3194 1722//3194
f 1722//3195 1423//3195 1725//3195
f 1724//3196 1509//3196 1508//3196
f 1423//3197 1422//3197 1725//3197
f 1725//3198 1422//3198 1726//3198
f 1727//3199 1510//3199 1724//3199
f 1724//3200 1510//3200 1509//3200
f 1422//3201 1421//3201 1726//3201
f 1726//3202 1421//3202 1728//3202
f 1727//3203 1511//3203 1510//3203
f 1729//3204 1511//3204 1727//3204
f 1421//3205 1420//3205 1728//3205
f 1728//3206 1420//3206 1730//3206
f 1729//3207 1512//3207 1511//3207
f 1731//3208 1512//3208 1729//3208
f 1420//3209 1419//3209 1730//3209
f 1730//3210 1419//3210 1732//3210
f 1733//3211 1387//3211 1731//3211
f 1731//3212 1387//3212 1512//3212
f 1734//3213 1418//3213 1735//3213
f 1732//3214 1418//3214 1734//3214
f 1419//3215 1418//3215 1732//3215
f 1736//3216 1388//3216 1733//3216
f 1737//3217 1388//3217 1736//3217
f 1733//3218 1388//3218 1387//3218
f 1418//3219 1417//3219 1735//3219
f 1737//3220 1389//3220 1388//3220
f 1735//3221 1416//3221 1738//3221
f 1417//3222 1416//3222 1735//3222
f 1739//3223 1390//3223 1737//3223
f 1740//3224 1390//3224 1739//3224
f 1737//3225 1390//3225 1389//3225
f 1738//3226 1415//3226 1741//3226
f 1416//3227 1415//3227 1738//3227
f 1740//3228 1391//3228 1390//3228
f 1741//3229 1414//3229 1742//3229
f 1415//3230 1414//3230 1741//3230
f 1743//3231 1392//3231 1740//3231
f 1744//3232 1392//3232 1743//3232
f 1740//3233 1392//3233 1391//3233
f 1414//3234 1413//3234 1742//3234
f 1742//3235 1413//3235 1745//3235
f 1744//3236 1393//3236 1392//3236
f 1413//3237 1412//3237 1745//3237
f 1745//3238 1412//3238 1746//3238
f 1744//3239 1394//3239 1393//3239
f 1747//3240 1394//3240 1744//3240
f 1412//3241 1411//3241 1746//3241
f 1746//3242 1411//3242 1748//3242
f 1749//3243 1395//3243 1747//3243
f 1747//3244 1395//3244 1394//3244
f 1411//3245 1410//3245 1748//3245
f 1748//3246 1410//3246 1750//3246
f 1751//3247 1396//3247 1749//3247
f 1749//3248 1396//3248 1395//3248
f 1410//3249 1409//3249 1750//3249
f 1750//3250 1409//3250 1752//3250
f 1751//3251 1397//3251 1396//3251
f 1753//3252 1397//3252 1751//3252
f 1409//3253 1408//3253 1752//3253
f 1752//3254 1408//3254 1754//3254
f 1753//3255 1398//3255 1397//3255
f 1755//3256 1398//3256 1753//3256
f 1408//3257 1407//3257 1754//3257
f 1754//3258 1407//3258 1756//3258
f 1757//3259 1399//3259 1755//3259
f 1758//3260 1399//3260 1757//3260
f 1755//3261 1399//3261 1398//3261
f 1407//3262 1406//3262 1756//3262
f 1759//3263 1406//3263 1760//3263
f 1756//3264 1406//3264 1759//3264
f 1758//3265 1400//3265 1399//3265
f 1406//3266 1405//3266 1760//3266
f 1758//3267 1401//3267 1400//3267
f 1761//3268 1401//3268 1758//3268
f 1762//3269 1401//3269 1761//3269
f 1405//3270 1404//3270 1760//3270
f 1760//3271 1404//3271 1763//3271
f 1762//3272 1402//3272 1401//3272
f 1764//3273 1403//3273 1762//3273
f 1763//3274 1403//3274 1764//3274
f 1404//3275 1403//3275 1763//3275
f 1762//3276 1403//3276 1402//3276
f 1765//3277 1513//3277 1514//3277
f 1765//3278 1514//3278 1766//3278
f 1767//3279 1514//3279 1515//3279
f 1767//3280 1766//3280 1514//3280
f 1768//3281 1513//3281 1765//3281
f 1768//3282 1516//3282 1513//3282
f 1769//3283 1767//3283 1515//3283
f 1769//3284 1515//3284 1517//3284
f 1770//3285 1516//3285 1768//3285
f 1770//3286 1518//3286 1516//3286
f 1771//3287 1517//3287 1519//3287
f 1771//3288 1769//3288 1517//3288
f 1772//3289 1518//3289 1770//3289
f 1772//3290 1520//3290 1518//3290
f 1773//3291 1771//3291 1519//3291
f 1773//3292 1519//3292 1521//3292
f 1774//3293 1520//3293 1772//3293
f 1774//3294 1522//3294 1520//3294
f 1775//3295 1773//3295 1521//3295
f 1775//3296 1521//3296 1523//3296
f 1776//3297 1522//3297 1774//3297
f 1776//3298 1524//3298 1522//3298
f 1777//3299 1775//3299 1523//3299
f 1777//3300 1523//3300 1525//3300
f 1778//3301 1524//3301 1776//3301
f 1778//3302 1526//3302 1524//3302
f 1779//3303 1777//3303 1525//3303
f 1779//3304 1525//3304 1527//3304
f 1780//3305 1526//3305 1778//3305
f 1780//3306 1528//3306 1526//3306
f 1781//3307 1779//3307 1527//3307
f 1781//3308 1527//3308 1529//3308
f 1782//3309 1528//3309 1780//3309
f 1782//3310 1530//3310 1528//3310
f 1783//3311 1781//3311 1529//3311
f 1783//3312 1529//3312 1531//3312
f 1784//3313 1530//3313 1782//3313
f 1784//3314 1532//3314 1530//3314
f 1785//3315 1783//3315 1531//3315
f 1785//3316 1531//3316 1533//3316
f 1786//3317 1532//3317 1784//3317
f 1786//3318 1534//3318 1532//3318
f 1787//3319 1785//3319 1533//3319
f 1787//3320 1533//3320 1535//3320
f 1788//3321 1536//3321 1534//3321
f 1788//3322 1534//3322 1786//3322
f 1789//3323 1787//3323 1535//3323
f 1789//3324 1535//3324 1537//3324
f 1790//3325 1536//3325 1788//3325
f 1790//3326 1538//3326 1536//3326
f 1791//3327 1789//3327 1537//3327
f 1791//3328 1537//3328 1539//3328
f 1791//3329 1539//3329 1541//3329
f 1792//3330 1542//3330 1540//3330
f 1792//3331 1540//3331 1538//3331
f 1792//3332 1538//3332 1790//3332
f 1793//3333 1791//3333 1541//3333
f 1794//3334 1542//3334 1792//3334
f 1795//3335 1793//3335 1541//3335
f 1795//3336 1541//3336 1543//3336
f 1796//3337 1544//3337 1542//3337
f 1796//3338 1542//3338 1794//3338
f 1797//3339 1795//3339 1543//3339
f 1797//3340 1543//3340 1545//3340
f 1797//3341 1545//3341 1547//3341
f 1798//3342 1546//3342 1544//3342
f 1798//3343 1544//3343 1796//3343
f 1799//3344 1797//3344 1547//3344
f 1799//3345 1547//3345 1549//3345
f 1800//3346 1548//3346 1546//3346
f 1800//3347 1546//3347 1798//3347
f 1801//3348 1549//3348 1551//3348
f 1801//3349 1799//3349 1549//3349
f 1802//3350 1550//3350 1548//3350
f 1802//3351 1548//3351 1800//3351
f 1803//3352 1801//3352 1551//3352
f 1804//3353 1550//3353 1802//3353
f 1804//3354 1552//3354 1550//3354
f 1805//3355 1803//3355 1551//3355
f 1805//3356 1551//3356 1553//3356
f 1806//3357 1552//3357 1804//3357
f 1806//3358 1556//3358 1554//3358
f 1806//3359 1554//3359 1552//3359
f 1807//3360 1805//3360 1553//3360
f 1807//3361 1553//3361 1555//3361
f 1808//3362 1556//3362 1806//3362
f 1809//3363 1555//3363 1557//3363
f 1809//3364 1807//3364 1555//3364
f 1810//3365 1556//3365 1808//3365
f 1810//3366 1558//3366 1556//3366
f 1811//3367 1557//3367 1559//3367
f 1811//3368 1809//3368 1557//3368
f 1812//3369 1558//3369 1810//3369
f 1812//3370 1560//3370 1558//3370
f 1813//3371 1811//3371 1559//3371
f 1813//3372 1559//3372 1561//3372
f 1813//3373 1561//3373 1563//3373
f 1814//3374 1560//3374 1812//3374
f 1814//3375 1562//3375 1560//3375
f 1815//3376 1813//3376 1563//3376
f 1816//3377 1562//3377 1814//3377
f 1816//3378 1564//3378 1562//3378
f 1817//3379 1563//3379 1565//3379
f 1817//3380 1815//3380 1563//3380
f 1818//3381 1566//3381 1564//3381
f 1818//3382 1564//3382 1816//3382
f 1819//3383 1565//3383 1567//3383
f 1819//3384 1817//3384 1565//3384
f 1820//3385 1570//3385 1568//3385
f 1820//3386 1568//3386 1566//3386
f 1820//3387 1566//3387 1818//3387
f 1821//3388 1567//3388 1569//3388
f 1821//3389 1819//3389 1567//3389
f 1822//3390 1570//3390 1820//3390
f 1823//3391 1569//3391 1571//3391
f 1823//3392 1821//3392 1569//3392
f 1824//3393 1570//3393 1822//3393
f 1824//3394 1572//3394 1570//3394
f 1825//3395 1571//3395 1573//3395
f 1825//3396 1823//3396 1571//3396
f 1826//3397 1574//3397 1572//3397
f 1826//3398 1572//3398 1824//3398
f 1827//3399 1573//3399 1575//3399
f 1827//3400 1825//3400 1573//3400
f 1828//3401 1574//3401 1826//3401
f 1576//3402 1574//3402 1828//3402
f 1577//3403 1829//3403 1827//3403
f 1577//3404 1827//3404 1575//3404
f 1830//3405 1576//3405 1828//3405
f 1578//3406 1576//3406 1830//3406
f 1831//3407 1578//3407 1830//3407
f 1579//3408 1829//3408 1577//3408
f 1579//3409 1832//3409 1829//3409
f 1581//3410 1578//3410 1831//3410
f 1580//3411 1832//3411 1579//3411
f 1580//3412 1833//3412 1832//3412
f 1580//3413 1834//3413 1833//3413
f 1583//3414 1581//3414 1831//3414
f 1583//3415 1831//3415 1835//3415
f 1582//3416 1834//3416 1580//3416
f 1582//3417 1836//3417 1834//3417
f 1584//3418 1583//3418 1835//3418
f 1584//3419 1835//3419 1837//3419
f 1585//3420 1836//3420 1582//3420
f 1586//3421 1584//3421 1837//3421
f 1586//3422 1837//3422 1838//3422
f 1587//3423 1839//3423 1836//3423
f 1587//3424 1836//3424 1585//3424
f 1588//3425 1586//3425 1838//3425
f 1588//3426 1838//3426 1840//3426
f 1589//3427 1839//3427 1587//3427
f 1589//3428 1841//3428 1839//3428
f 1590//3429 1842//3429 1843//3429
f 1590//3430 1840//3430 1842//3430
f 1590//3431 1588//3431 1840//3431
f 1592//3432 1841//3432 1589//3432
f 1592//3433 1844//3433 1841//3433
f 1591//3434 1590//3434 1843//3434
f 1593//3435 1845//3435 1844//3435
f 1593//3436 1846//3436 1845//3436
f 1593//3437 1844//3437 1592//3437
f 1595//3438 1847//3438 1848//3438
f 1595//3439 1843//3439 1847//3439
f 1595//3440 1591//3440 1843//3440
f 1594//3441 1846//3441 1593//3441
f 1596//3442 1848//3442 1849//3442
f 1596//3443 1595//3443 1848//3443
f 1597//3444 1850//3444 1846//3444
f 1597//3445 1846//3445 1594//3445
f 1598//3446 1596//3446 1849//3446
f 1600//3447 1850//3447 1597//3447
f 1600//3448 1851//3448 1850//3448
f 1600//3449 1852//3449 1851//3449
f 1599//3450 1598//3450 1849//3450
f 1599//3451 1853//3451 1854//3451
f 1599//3452 1849//3452 1853//3452
f 1601//3453 1855//3453 1852//3453
f 1601//3454 1852//3454 1600//3454
f 1603//3455 1599//3455 1854//3455
f 1602//3456 1855//3456 1601//3456
f 1605//3457 1603//3457 1854//3457
f 1605//3458 1854//3458 1856//3458
f 1604//3459 1855//3459 1602//3459
f 1604//3460 1857//3460 1855//3460
f 1606//3461 1605//3461 1856//3461
f 1606//3462 1858//3462 1859//3462
f 1606//3463 1856//3463 1858//3463
f 1607//3464 1860//3464 1857//3464
f 1607//3465 1857//3465 1604//3465
f 1608//3466 1859//3466 1861//3466
f 1608//3467 1606//3467 1859//3467
f 1609//3468 1862//3468 1860//3468
f 1609//3469 1860//3469 1607//3469
f 1610//3470 1608//3470 1861//3470
f 1610//3471 1861//3471 1863//3471
f 1611//3472 1864//3472 1862//3472
f 1611//3473 1865//3473 1864//3473
f 1611//3474 1862//3474 1609//3474
f 1613//3475 1610//3475 1863//3475
f 1612//3476 1866//3476 1865//3476
f 1612//3477 1865//3477 1611//3477
f 1614//3478 1613//3478 1863//3478
f 1614//3479 1863//3479 1867//3479
f 1615//3480 1866//3480 1612//3480
f 1615//3481 1868//3481 1866//3481
f 1617//3482 1614//3482 1867//3482
f 1617//3483 1869//3483 1870//3483
f 1617//3484 1867//3484 1869//3484
f 1616//3485 1868//3485 1615//3485
f 1618//3486 1617//3486 1870//3486
f 1619//3487 1868//3487 1616//3487
f 1619//3488 1871//3488 1868//3488
f 1619//3489 1872//3489 1871//3489
f 1621//3490 1873//3490 1874//3490
f 1621//3491 1870//3491 1873//3491
f 1621//3492 1618//3492 1870//3492
f 1620//3493 1875//3493 1872//3493
f 1620//3494 1872//3494 1619//3494
f 1622//3495 1621//3495 1874//3495
f 1623//3496 1876//3496 1875//3496
f 1623//3497 1875//3497 1620//3497
f 1624//3498 1622//3498 1874//3498
f 1624//3499 1877//3499 1878//3499
f 1624//3500 1874//3500 1877//3500
f 1626//3501 1876//3501 1623//3501
f 1625//3502 1624//3502 1878//3502
f 1627//3503 1876//3503 1626//3503
f 1627//3504 1879//3504 1876//3504
f 1629//3505 1625//3505 1878//3505
f 1629//3506 1878//3506 1880//3506
f 1628//3507 1879//3507 1627//3507
f 1628//3508 1881//3508 1879//3508
f 1628//3509 1882//3509 1881//3509
f 1630//3510 1629//3510 1880//3510
f 1630//3511 1880//3511 1883//3511
f 1631//3512 1882//3512 1628//3512
f 1632//3513 1630//3513 1883//3513
f 1632//3514 1883//3514 1884//3514
f 1633//3515 1882//3515 1631//3515
f 1633//3516 1885//3516 1882//3516
f 1635//3517 1632//3517 1884//3517
f 1635//3518 1886//3518 1887//3518
f 1635//3519 1884//3519 1886//3519
f 1634//3520 1885//3520 1633//3520
f 1634//3521 1888//3521 1885//3521
f 1634//3522 1889//3522 1888//3522
f 1636//3523 1635//3523 1887//3523
f 1637//3524 1890//3524 1889//3524
f 1637//3525 1889//3525 1634//3525
f 1638//3526 1887//3526 1890//3526
f 1638//3527 1890//3527 1637//3527
f 1638//3528 1636//3528 1887//3528
f 1891//3529 1892//3529 1733//3529
f 1733//3530 1892//3530 1736//3530
f 1736//3531 1893//3531 1737//3531
f 1892//3532 1893//3532 1736//3532
f 1737//3533 1894//3533 1739//3533
f 1893//3534 1894//3534 1737//3534
f 1739//3535 1895//3535 1740//3535
f 1894//3536 1895//3536 1739//3536
f 1740//3537 1896//3537 1743//3537
f 1895//3538 1896//3538 1740//3538
f 1743//3539 1897//3539 1744//3539
f 1896//3540 1897//3540 1743//3540
f 1744//3541 1898//3541 1747//3541
f 1897//3542 1898//3542 1744//3542
f 1747//3543 1899//3543 1749//3543
f 1898//3544 1899//3544 1747//3544
f 1749//3545 1900//3545 1751//3545
f 1899//3546 1900//3546 1749//3546
f 1751//3547 1901//3547 1753//3547
f 1900//3548 1901//3548 1751//3548
f 1901//3549 1902//3549 1753//3549
f 1753//3550 1902//3550 1755//3550
f 1902//3551 1903//3551 1755//3551
f 1755//3552 1903//3552 1757//3552
f 1903//3553 1904//3553 1757//3553
f 1757//3554 1904//3554 1758//3554
f 1758//3555 1904//3555 1761//3555
f 1904//3556 1905//3556 1761//3556
f 1761//3557 1905//3557 1762//3557
f 1905//3558 1906//3558 1762//3558
f 1906//3559 1907//3559 1762//3559
f 1762//3560 1907//3560 1764//3560
f 1764//3561 1907//3561 1763//3561
f 1907//3562 1908//3562 1763//3562
f 1763//3563 1909//3563 1760//3563
f 1908//3564 1909//3564 1763//3564
f 1760//3565 1910//3565 1759//3565
f 1909//3566 1910//3566 1760//3566
f 1759//3567 1911//3567 1756//3567
f 1910//3568 1911//3568 1759//3568
f 1756//3569 1912//3569 1754//3569
f 1911//3570 1912//3570 1756//3570
f 1754//3571 1913//3571 1752//3571
f 1912//3572 1913//3572 1754//3572
f 1752//3573 1914//3573 1750//3573
f 1913//3574 1914//3574 1752//3574
f 1750//3575 1915//3575 1748//3575
f 1914//3576 1915//3576 1750//3576
f 1748//3577 1916//3577 1746//3577
f 1915//3578 1916//3578 1748//3578
f 1746//3579 1917//3579 1745//3579
f 1916//3580 1917//3580 1746//3580
f 1745//3581 1918//3581 1742//3581
f 1917//3582 1918//3582 1745//3582
f 1742//3583 1919//3583 1741//3583
f 1918//3584 1919//3584 1742//3584
f 1741//3585 1920//3585 1738//3585
f 1919//3586 1920//3586 1741//3586
f 1738//3587 1921//3587 1735//3587
f 1920//3588 1921//3588 1738//3588
f 1735//3589 1922//3589 1734//3589
f 1921//3590 1922//3590 1735//3590
f 1734//3591 1923//3591 1732//3591
f 1922//3592 1923//3592 1734//3592
f 1732//3593 1924//3593 1730//3593
f 1730//3594 1924//3594 1728//3594
f 1923//3595 1924//3595 1732//3595
f 1924//3596 1925//3596 1728//3596
f 1728//3597 1926//3597 1726//3597
f 1925//3598 1926//3598 1728//3598
f 1726//3599 1927//3599 1725//3599
f 1926//3600 1927//3600 1726//3600
f 1725//3601 1928//3601 1722//3601
f 1927//3602 1928//3602 1725//3602
f 1928//3603 1929//3603 1722//3603
f 1722//3604 1929//3604 1720//3604
f 1720//3605 1929//3605 1718//3605
f 1929//3606 1930//3606 1718//3606
f 1930//3607 1931//3607 1718//3607
f 1718//3608 1931//3608 1716//3608
f 1931//3609 1932//3609 1716//3609
f 1716//3610 1932//3610 1714//3610
f 1932//3611 1933//3611 1714//3611
f 1714//3612 1933//3612 1712//3612
f 1933//3613 1934//3613 1712//3613
f 1712//3614 1934//3614 1710//3614
f 1934//3615 1935//3615 1710//3615
f 1710//3616 1935//3616 1708//3616
f 1935//3617 1936//3617 1708//3617
f 1708//3618 1936//3618 1705//3618
f 1936//3619 1937//3619 1705//3619
f 1705//3620 1937//3620 1704//3620
f 1937//3621 1938//3621 1704//3621
f 1704//3622 1938//3622 1702//3622
f 1702//3623 1939//3623 1700//3623
f 1938//3624 1939//3624 1702//3624
f 1700//3625 1940//3625 1698//3625
f 1939//3626 1940//3626 1700//3626
f 1698//3627 1941//3627 1696//3627
f 1940//3628 1941//3628 1698//3628
f 1696//3629 1942//3629 1694//3629
f 1941//3630 1942//3630 1696//3630
f 1694//3631 1943//3631 1692//3631
f 1692//3632 1943//3632 1690//3632
f 1942//3633 1943//3633 1694//3633
f 1943//3634 1944//3634 1690//3634
f 1690//3635 1945//3635 1688//3635
f 1944//3636 1945//3636 1690//3636
f 1688//3637 1946//3637 1686//3637
f 1945//3638 1946//3638 1688//3638
f 1686//3639 1947//3639 1684//3639
f 1946//3640 1947//3640 1686//3640
f 1684//3641 1948//3641 1682//3641
f 1947//3642 1948//3642 1684//3642
f 1682//3643 1949//3643 1680//3643
f 1948//3644 1949//3644 1682//3644
f 1680//3645 1950//3645 1678//3645
f 1949//3646 1950//3646 1680//3646
f 1678//3647 1951//3647 1676//3647
f 1950//3648 1951//3648 1678//3648
f 1676//3649 1952//3649 1674//3649
f 1951//3650 1952//3650 1676//3650
f 1952//3651 1953//3651 1674//3651
f 1674//3652 1953//3652 1672//3652
f 1953//3653 1954//3653 1672//3653
f 1672//3654 1954//3654 1670//3654
f 1954//3655 1955//3655 1670//3655
f 1670//3656 1955//3656 1668//3656
f 1955//3657 1956//3657 1668//3657
f 1668//3658 1956//3658 1666//3658
f 1956//3659 1957//3659 1666//3659
f 1666//3660 1957//3660 1664//3660
f 1957//3661 1958//3661 1664//3661
f 1664//3662 1958//3662 1662//3662
f 1958//3663 1959//3663 1662//3663
f 1662//3664 1959//3664 1660//3664
f 1959//3665 1960//3665 1660//3665
f 1660//3666 1960//3666 1658//3666
f 1960//3667 1961//3667 1658//3667
f 1658//3668 1961//3668 1656//3668
f 1961//3669 1962//3669 1656//3669
f 1656//3670 1962//3670 1654//3670
f 1962//3671 1963//3671 1654//3671
f 1654//3672 1963//3672 1652//3672
f 1963//3673 1964//3673 1652//3673
f 1652//3674 1964//3674 1650//3674
f 1964//3675 1965//3675 1650//3675
f 1650//3676 1965//3676 1648//3676
f 1965//3677 1966//3677 1648//3677
f 1648//3678 1966//3678 1646//3678
f 1966//3679 1967//3679 1646//3679
f 1646//3680 1967//3680 1644//3680
f 1967//3681 1968//3681 1644//3681
f 1644//3682 1968//3682 1642//3682
f 1968//3683 1969//3683 1642//3683
f 1642//3684 1969//3684 1639//3684
f 1969//3685 1970//3685 1639//3685
f 1639//3686 1970//3686 1640//3686
f 1970//3687 1971//3687 1640//3687
f 1640//3688 1971//3688 1641//3688
f 1971//3689 1972//3689 1641//3689
f 1641//3690 1972//3690 1643//3690
f 1972//3691 1973//3691 1643//3691
f 1643//3692 1973//3692 1645//3692
f 1645//3693 1974//3693 1647//3693
f 1973//3694 1974//3694 1645//3694
f 1647//3695 1975//3695 1649//3695
f 1974//3696 1975//3696 1647//3696
f 1649//3697 1976//3697 1651//3697
f 1975//3698 1976//3698 1649//3698
f 1651//3699 1977//3699 1653//3699
f 1976//3700 1977//3700 1651//3700
f 1653//3701 1978//3701 1655//3701
f 1977//3702 1978//3702 1653//3702
f 1978//3703 1979//3703 1655//3703
f 1655//3704 1979//3704 1657//3704
f 1979//3705 1980//3705 1657//3705
f 1657//3706 1980//3706 1659//3706
f 1980//3707 1981//3707 1659//3707
f 1659//3708 1981//3708 1661//3708
f 1981//3709 1982//3709 1661//3709
f 1661//3710 1982//3710 1663//3710
f 1982//3711 1983//3711 1663//3711
f 1663//3712 1983//3712 1665//3712
f 1983//3713 1984//3713 1665//3713
f 1665//3714 1984//3714 1667//3714
f 1984//3715 1985//3715 1667//3715
f 1667//3716 1985//3716 1669//3716
f 1985//3717 1986//3717 1669//3717
f 1669//3718 1986//3718 1671//3718
f 1986//3719 1987//3719 1671//3719
f 1671//3720 1987//3720 1673//3720
f 1987//3721 1988//3721 1673//3721
f 1673//3722 1988//3722 1675//3722
f 1988//3723 1989//3723 1675//3723
f 1675//3724 1989//3724 1677//3724
f 1989//3725 1990//3725 1677//3725
f 1677//3726 1990//3726 1679//3726
f 1679//3727 1991//3727 1681//3727
f 1990//3728 1991//3728 1679//3728
f 1681//3729 1992//3729 1683//3729
f 1991//3730 1992//3730 1681//3730
f 1683//3731 1993//3731 1685//3731
f 1992//3732 1993//3732 1683//3732
f 1685//3733 1994//3733 1687//3733
f 1993//3734 1994//3734 1685//3734
f 1687//3735 1995//3735 1689//3735
f 1994//3736 1995//3736 1687//3736
f 1689//3737 1996//3737 1691//3737
f 1995//3738 1996//3738 1689//3738
f 1691//3739 1997//3739 1693//3739
f 1996//3740 1997//3740 1691//3740
f 1693//3741 1998//3741 1695//3741
f 1997//3742 1998//3742 1693//3742
f 1695//3743 1999//3743 1697//3743
f 1998//3744 1999//3744 1695//3744
f 1697//3745 2000//3745 1699//3745
f 1999//3746 2000//3746 1697//3746
f 1699//3747 2001//3747 1701//3747
f 2000//3748 2001//3748 1699//3748
f 1701//3749 2002//3749 1703//3749
f 2001//3750 2002//3750 1701//3750
f 1703//3751 2003//3751 1706//3751
f 2002//3752 2003//3752 1703//3752
f 2003//3753 2004//3753 1706//3753
f 1706//3754 2004//3754 1707//3754
f 2004//3755 2005//3755 1707//3755
f 1707//3756 2005//3756 1709//3756
f 2005//3757 2006//3757 1709//3757
f 1709//3758 2006//3758 1711//3758
f 2006//3759 2007//3759 1711//3759
f 1711//3760 2007//3760 1713//3760
f 1713//3761 2008//3761 1715//3761
f 2007//3762 2008//3762 1713//3762
f 1715//3763 2009//3763 1717//3763
f 2008//3764 2009//3764 1715//3764
f 1717//3765 2010//3765 1719//3765
f 2009//3766 2010//3766 1717//3766
f 1719//3767 2011//3767 1721//3767
f 2010//3768 2011//3768 1719//3768
f 1721//3769 2012//3769 1723//3769
f 2011//3770 2012//3770 1721//3770
f 1723//3771 2013//3771 1724//3771
f 2012//3772 2013//3772 1723//3772
f 1724//3773 2014//3773 1727//3773
f 2013//3774 2014//3774 1724//3774
f 1727//3775 2015//3775 1729//3775
f 2014//3776 2015//3776 1727//3776
f 1729//3777 2016//3777 1731//3777
f 2015//3778 2016//3778 1729//3778
f 1731//3779 1891//3779 1733//3779
f 2016//3780 1891//3780 1731//3780
f 2017//3781 2018//3781 1860//3781
f 2017//3782 1860//3782 1862//3782
f 2019//3783 1862//3783 1864//3783
f 2019//3784 1864//3784 1865//3784
f 2019//3785 2017//3785 1862//3785
f 2020//3786 2019//3786 1865//3786
f 2021//3787 1865//3787 1866//3787
f 2021//3788 1866//3788 1868//3788
f 2021//3789 2020//3789 1865//3789
f 2022//3790 1868//3790 1871//3790
f 2022//3791 2021//3791 1868//3791
f 2023//3792 2022//3792 1871//3792
f 2024//3793 1871//3793 1872//3793
f 2024//3794 2023//3794 1871//3794
f 2025//3795 1872//3795 1875//3795
f 2025//3796 2024//3796 1872//3796
f 2026//3797 1875//3797 1876//3797
f 2026//3798 1876//3798 1879//3798
f 2026//3799 2025//3799 1875//3799
f 2027//3800 2026//3800 1879//3800
f 2028//3801 2027//3801 1879//3801
f 2028//3802 1879//3802 1881//3802
f 2029//3803 2028//3803 1881//3803
f 2029//3804 1881//3804 1882//3804
f 2029//3805 1882//3805 1885//3805
f 2030//3806 2029//3806 1885//3806
f 2031//3807 2030//3807 1885//3807
f 2031//3808 1885//3808 1888//3808
f 2031//3809 1888//3809 1889//3809
f 2032//3810 2031//3810 1889//3810
f 2033//3811 2032//3811 1889//3811
f 2033//3812 1889//3812 1890//3812
f 2033//3813 1890//3813 1887//3813
f 2034//3814 2033//3814 1887//3814
f 2035//3815 1887//3815 1886//3815
f 2035//3816 1886//3816 1884//3816
f 2035//3817 2034//3817 1887//3817
f 2036//3818 1884//3818 1883//3818
f 2036//3819 2035//3819 1884//3819
f 2037//3820 2036//3820 1883//3820
f 2038//3821 1883//3821 1880//3821
f 2038//3822 1880//3822 1878//3822
f 2038//3823 2037//3823 1883//3823
f 2039//3824 2038//3824 1878//3824
f 2040//3825 1878//3825 1877//3825
f 2040//3826 1877//3826 1874//3826
f 2040//3827 2039//3827 1878//3827
f 2041//3828 2040//3828 1874//3828
f 2042//3829 1874//3829 1873//3829
f 2042//3830 1873//3830 1870//3830
f 2042//3831 2041//3831 1874//3831
f 2043//3832 2042//3832 1870//3832
f 2044//3833 1870//3833 1869//3833
f 2044//3834 1869//3834 1867//3834
f 2044//3835 2043//3835 1870//3835
f 2045//3836 1867//3836 1863//3836
f 2045//3837 2044//3837 1867//3837
f 2046//3838 2045//3838 1863//3838
f 2047//3839 1863//3839 1861//3839
f 2047//3840 2046//3840 1863//3840
f 2048//3841 1861//3841 1859//3841
f 2048//3842 1859//3842 1858//3842
f 2048//3843 2047//3843 1861//3843
f 2049//3844 2048//3844 1858//3844
f 2050//3845 1858//3845 1856//3845
f 2050//3846 1856//3846 1854//3846
f 2050//3847 2049//3847 1858//3847
f 2051//3848 2050//3848 1854//3848
f 2052//3849 1854//3849 1853//3849
f 2052//3850 2051//3850 1854//3850
f 2053//3851 1853//3851 1849//3851
f 2053//3852 1849//3852 1848//3852
f 2053//3853 2052//3853 1853//3853
f 2054//3854 2053//3854 1848//3854
f 2055//3855 2054//3855 1848//3855
f 2055//3856 1848//3856 1847//3856
f 2055//3857 1847//3857 1843//3857
f 2056//3858 2055//3858 1843//3858
f 2057//3859 2056//3859 1843//3859
f 2057//3860 1843//3860 1842//3860
f 2058//3861 2057//3861 1842//3861
f 2058//3862 1842//3862 1840//3862
f 2059//3863 2058//3863 1840//3863
f 2059//3864 1840//3864 1838//3864
f 2060//3865 2059//3865 1838//3865
f 2060//3866 1838//3866 1837//3866
f 2061//3867 2060//3867 1837//3867
f 2061//3868 1837//3868 1835//3868
f 2062//3869 2061//3869 1835//3869
f 2062//3870 1835//3870 1831//3870
f 2063//3871 2062//3871 1831//3871
f 2063//3872 1831//3872 1830//3872
f 2064//3873 2063//3873 1830//3873
f 2064//3874 1830//3874 1828//3874
f 2064//3875 1828//3875 1826//3875
f 2065//3876 2064//3876 1826//3876
f 2066//3877 1826//3877 1824//3877
f 2066//3878 2065//3878 1826//3878
f 2067//3879 1824//3879 1822//3879
f 2067//3880 1822//3880 1820//3880
f 2067//3881 2066//3881 1824//3881
f 2068//3882 2067//3882 1820//3882
f 2069//3883 1820//3883 1818//3883
f 2069//3884 2068//3884 1820//3884
f 2070//3885 1818//3885 1816//3885
f 2070//3886 2069//3886 1818//3886
f 2071//3887 1816//3887 1814//3887
f 2071//3888 2070//3888 1816//3888
f 2072//3889 1814//3889 1812//3889
f 2072//3890 2071//3890 1814//3890
f 2073//3891 1812//3891 1810//3891
f 2073//3892 2072//3892 1812//3892
f 2074//3893 1810//3893 1808//3893
f 2074//3894 2073//3894 1810//3894
f 2075//3895 1808//3895 1806//3895
f 2075//3896 2074//3896 1808//3896
f 2076//3897 1806//3897 1804//3897
f 2076//3898 2075//3898 1806//3898
f 2077//3899 1804//3899 1802//3899
f 2077//3900 2076//3900 1804//3900
f 2078//3901 1802//3901 1800//3901
f 2078//3902 2077//3902 1802//3902
f 2079//3903 2078//3903 1800//3903
f 2079//3904 1800//3904 1798//3904
f 2080//3905 2079//3905 1798//3905
f 2080//3906 1798//3906 1796//3906
f 2081//3907 2080//3907 1796//3907
f 2081//3908 1796//3908 1794//3908
f 2082//3909 2081//3909 1794//3909
f 2082//3910 1794//3910 1792//3910
f 2083//3911 2082//3911 1792//3911
f 2083//3912 1792//3912 1790//3912
f 2084//3913 2083//3913 1790//3913
f 2084//3914 1790//3914 1788//3914
f 2085//3915 2084//3915 1788//3915
f 2085//3916 1788//3916 1786//3916
f 2086//3917 2085//3917 1786//3917
f 2086//3918 1786//3918 1784//3918
f 2087//3919 2086//3919 1784//3919
f 2087//3920 1784//3920 1782//3920
f 2088//3921 2087//3921 1782//3921
f 2088//3922 1782//3922 1780//3922
f 2089//3923 2088//3923 1780//3923
f 2089//3924 1780//3924 1778//3924
f 2090//3925 2089//3925 1778//3925
f 2090//3926 1778//3926 1776//3926
f 2091//3927 2090//3927 1776//3927
f 2091//3928 1776//3928 1774//3928
f 2092//3929 2091//3929 1774//3929
f 2092//3930 1774//3930 1772//3930
f 2093//3931 2092//3931 1772//3931
f 2093//3932 1772//3932 1770//3932
f 2094//3933 2093//3933 1770//3933
f 2094//3934 1770//3934 1768//3934
f 2095//3935 2094//3935 1768//3935
f 2095//3936 1768//3936 1765//3936
f 2095//3937 1765//3937 1766//3937
f 2096//3938 2095//3938 1766//3938
f 2097//3939 2096//3939 1766//3939
f 2097//3940 1766//3940 1767//3940
f 2098//3941 2097//3941 1767//3941
f 2098//3942 1767//3942 1769//3942
f 2099//3943 2098//3943 1769//3943
f 2099//3944 1769//3944 1771//3944
f 2100//3945 1771//3945 1773//3945
f 2100//3946 2099//3946 1771//3946
f 2100//3947 1773//3947 1775//3947
f 2101//3948 2100//3948 1775//3948
f 2102//3949 1775//3949 1777//3949
f 2102//3950 2101//3950 1775//3950
f 2103//3951 1777//3951 1779//3951
f 2103//3952 1779//3952 1781//3952
f 2103//3953 2102//3953 1777//3953
f 2104//3954 2103//3954 1781//3954
f 2104//3955 1781//3955 1783//3955
f 2105//3956 2104//3956 1783//3956
f 2106//3957 2105//3957 1783//3957
f 2106//3958 1783//3958 1785//3958
f 2106//3959 1785//3959 1787//3959
f 2107//3960 2106//3960 1787//3960
f 2107//3961 1787//3961 1789//3961
f 2108//3962 2107//3962 1789//3962
f 2109//3963 2108//3963 1789//3963
f 2109//3964 1789//3964 1791//3964
f 2110//3965 2109//3965 1791//3965
f 2110//3966 1791//3966 1793//3966
f 2111//3967 2110//3967 1793//3967
f 2111//3968 1793//3968 1795//3968
f 2111//3969 1795//3969 1797//3969
f 2112//3970 2111//3970 1797//3970
f 2113//3971 2112//3971 1797//3971
f 2113//3972 1797//3972 1799//3972
f 2114//3973 2113//3973 1799//3973
f 2114//3974 1799//3974 1801//3974
f 2115//3975 2114//3975 1801//3975
f 2115//3976 1801//3976 1803//3976
f 2116//3977 1805//3977 1807//3977
f 2116//3978 2115//3978 1803//3978
f 2116//3979 1803//3979 1805//3979
f 2117//3980 2116//3980 1807//3980
f 2118//3981 1807//3981 1809//3981
f 2118//3982 1809//3982 1811//3982
f 2118//3983 2117//3983 1807//3983
f 2119//3984 2118//3984 1811//3984
f 2120//3985 1811//3985 1813//3985
f 2120//3986 1813//3986 1815//3986
f 2120//3987 2119//3987 1811//3987
f 2121//3988 2120//3988 1815//3988
f 2122//3989 1815//3989 1817//3989
f 2122//3990 2121//3990 1815//3990
f 2123//3991 1817//3991 1819//3991
f 2123//3992 2122//3992 1817//3992
f 2124//3993 1819//3993 1821//3993
f 2124//3994 2123//3994 1819//3994
f 2125//3995 1821//3995 1823//3995
f 2125//3996 1823//3996 1825//3996
f 2125//3997 2124//3997 1821//3997
f 2126//3998 2125//3998 1825//3998
f 2127//3999 1825//3999 1827//3999
f 2127//4000 2126//4000 1825//4000
f 2128//4001 1827//4001 1829//4001
f 2128//4002 2127//4002 1827//4002
f 2129//4003 2128//4003 1829//4003
f 2129//4004 1829//4004 1832//4004
f 2130//4005 2129//4005 1832//4005
f 2130//4006 1832//4006 1833//4006
f 2131//4007 2130//4007 1833//4007
f 2131//4008 1833//4008 1834//4008
f 2132//4009 2131//4009 1834//4009
f 2132//4010 1834//4010 1836//4010
f 2132//4011 1836//4011 1839//4011
f 2133//4012 2132//4012 1839//4012
f 2134//4013 1839//4013 1841//4013
f 2134//4014 2133//4014 1839//4014
f 2135//4015 1841//4015 1844//4015
f 2135//4016 2134//4016 1841//4016
f 2136//4017 1844//4017 1845//4017
f 2136//4018 2135//4018 1844//4018
f 2137//4019 1845//4019 1846//4019
f 2137//4020 2136//4020 1845//4020
f 2138//4021 1846//4021 1850//4021
f 2138//4022 1850//4022 1851//4022
f 2138//4023 2137//4023 1846//4023
f 2139//4024 2138//4024 1851//4024
f 2140//4025 1851//4025 1852//4025
f 2140//4026 2139//4026 1851//4026
f 2141//4027 1852//4027 1855//4027
f 2141//4028 2140//4028 1852//4028
f 2142//4029 1855//4029 1857//4029
f 2142//4030 2141//4030 1855//4030
f 2018//4031 2142//4031 1857//4031
f 2018//4032 1857//4032 1860//4032
f 1969//4033 2095//4033 1970//4033
f 1970//4034 2095//4034 2096//4034
f 1970//4035 2097//4035 1971//4035
f 2096//4036 2097//4036 1970//4036
f 1969//4037 2094//4037 2095//4037
f 1968//4038 2094//4038 1969//4038
f 2097//4039 2098//4039 1971//4039
f 1971//4040 2098//4040 1972//4040
f 1968//4041 2093//4041 2094//4041
f 1967//4042 2093//4042 1968//4042
f 1972//4043 2099//4043 1973//4043
f 2098//4044 2099//4044 1972//4044
f 1967//4045 2092//4045 2093//4045
f 1966//4046 2092//4046 1967//4046
f 2099//4047 2100//4047 1973//4047
f 1973//4048 2100//4048 1974//4048
f 1966//4049 2091//4049 2092//4049
f 1965//4050 2091//4050 1966//4050
f 2100//4051 2101//4051 1974//4051
f 1974//4052 2101//4052 1975//4052
f 1965//4053 2090//4053 2091//4053
f 1964//4054 2090//4054 1965//4054
f 2101//4055 2102//4055 1975//4055
f 1975//4056 2102//4056 1976//4056
f 1964//4057 2089//4057 2090//4057
f 1963//4058 2089//4058 1964//4058
f 2102//4059 2103//4059 1976//4059
f 1976//4060 2103//4060 1977//4060
f 1963//4061 2088//4061 2089//4061
f 1962//4062 2088//4062 1963//4062
f 2103//4063 2104//4063 1977//4063
f 1977//4064 2104//4064 1978//4064
f 1962//4065 2087//4065 2088//4065
f 1961//4066 2087//4066 1962//4066
f 2104//4067 2105//4067 1978//4067
f 1978//4068 2105//4068 1979//4068
f 1961//4069 2086//4069 2087//4069
f 1960//4070 2086//4070 1961//4070
f 2105//4071 2106//4071 1979//4071
f 1979//4072 2106//4072 1980//4072
f 1960//4073 2085//4073 2086//4073
f 1959//4074 2085//4074 1960//4074
f 2106//4075 2107//4075 1980//4075
f 1980//4076 2107//4076 1981//4076
f 1958//4077 2084//4077 1959//4077
f 1959//4078 2084//4078 2085//4078
f 2107//4079 2108//4079 1981//4079
f 1981//4080 2108//4080 1982//4080
f 1958//4081 2083//4081 2084//4081
f 1957//4082 2083//4082 1958//4082
f 2108//4083 2109//4083 1982//4083
f 1982//4084 2109//4084 1983//4084
f 1983//4085 2109//4085 1984//4085
f 1955//4086 2082//4086 1956//4086
f 1956//4087 2082//4087 1957//4087
f 1957//4088 2082//4088 2083//4088
f 2109//4089 2110//4089 1984//4089
f 1955//4090 2081//4090 2082//4090
f 2110//4091 2111//4091 1984//4091
f 1984//4092 2111//4092 1985//4092
f 1954//4093 2080//4093 1955//4093
f 1955//4094 2080//4094 2081//4094
f 2111//4095 2112//4095 1985//4095
f 1985//4096 2112//4096 1986//4096
f 1986//4097 2112//4097 1987//4097
f 1953//4098 2079//4098 1954//4098
f 1954//4099 2079//4099 2080//4099
f 2112//4100 2113//4100 1987//4100
f 1987//4101 2113//4101 1988//4101
f 1952//4102 2078//4102 1953//4102
f 1953//4103 2078//4103 2079//4103
f 1988//4104 2114//4104 1989//4104
f 2113//4105 2114//4105 1988//4105
f 1951//4106 2077//4106 1952//4106
f 1952//4107 2077//4107 2078//4107
f 2114//4108 2115//4108 1989//4108
f 1951//4109 2076//4109 2077//4109
f 1950//4110 2076//4110 1951//4110
f 2115//4111 2116//4111 1989//4111
f 1989//4112 2116//4112 1990//4112
f 1950//4113 2075//4113 2076//4113
f 1948//4114 2075//4114 1949//4114
f 1949//4115 2075//4115 1950//4115
f 2116//4116 2117//4116 1990//4116
f 1990//4117 2117//4117 1991//4117
f 1948//4118 2074//4118 2075//4118
f 1991//4119 2118//4119 1992//4119
f 2117//4120 2118//4120 1991//4120
f 1948//4121 2073//4121 2074//4121
f 1947//4122 2073//4122 1948//4122
f 1992//4123 2119//4123 1993//4123
f 2118//4124 2119//4124 1992//4124
f 1947//4125 2072//4125 2073//4125
f 1946//4126 2072//4126 1947//4126
f 2119//4127 2120//4127 1993//4127
f 1993//4128 2120//4128 1994//4128
f 1994//4129 2120//4129 1995//4129
f 1946//4130 2071//4130 2072//4130
f 1945//4131 2071//4131 1946//4131
f 2120//4132 2121//4132 1995//4132
f 1945//4133 2070//4133 2071//4133
f 1944//4134 2070//4134 1945//4134
f 1995//4135 2122//4135 1996//4135
f 2121//4136 2122//4136 1995//4136
f 1943//4137 2069//4137 1944//4137
f 1944//4138 2069//4138 2070//4138
f 1996//4139 2123//4139 1997//4139
f 2122//4140 2123//4140 1996//4140
f 1941//4141 2068//4141 1942//4141
f 1942//4142 2068//4142 1943//4142
f 1943//4143 2068//4143 2069//4143
f 1997//4144 2124//4144 1998//4144
f 2123//4145 2124//4145 1997//4145
f 1941//4146 2067//4146 2068//4146
f 1998//4147 2125//4147 1999//4147
f 2124//4148 2125//4148 1998//4148
f 1941//4149 2066//4149 2067//4149
f 1940//4150 2066//4150 1941//4150
f 1999//4151 2126//4151 2000//4151
f 2125//4152 2126//4152 1999//4152
f 1939//4153 2065//4153 1940//4153
f 1940//4154 2065//4154 2066//4154
f 2000//4155 2127//4155 2001//4155
f 2126//4156 2127//4156 2000//4156
f 1939//4157 2064//4157 2065//4157
f 1939//4158 1938//4158 2064//4158
f 2128//4159 2002//4159 2127//4159
f 2127//4160 2002//4160 2001//4160
f 1938//4161 2063//4161 2064//4161
f 1938//4162 1937//4162 2063//4162
f 1937//4163 2062//4163 2063//4163
f 2128//4164 2003//4164 2002//4164
f 2129//4165 2003//4165 2128//4165
f 1937//4166 1936//4166 2062//4166
f 2129//4167 2004//4167 2003//4167
f 2130//4168 2004//4168 2129//4168
f 2131//4169 2004//4169 2130//4169
f 1936//4170 1935//4170 2062//4170
f 2062//4171 1935//4171 2061//4171
f 2131//4172 2005//4172 2004//4172
f 2132//4173 2005//4173 2131//4173
f 1935//4174 1934//4174 2061//4174
f 2061//4175 1934//4175 2060//4175
f 2132//4176 2006//4176 2005//4176
f 1934//4177 1933//4177 2060//4177
f 2060//4178 1933//4178 2059//4178
f 2133//4179 2007//4179 2132//4179
f 2132//4180 2007//4180 2006//4180
f 1933//4181 1932//4181 2059//4181
f 2059//4182 1932//4182 2058//4182
f 2133//4183 2008//4183 2007//4183
f 2134//4184 2008//4184 2133//4184
f 2057//4185 1931//4185 2056//4185
f 2058//4186 1931//4186 2057//4186
f 1932//4187 1931//4187 2058//4187
f 2134//4188 2009//4188 2008//4188
f 2135//4189 2009//4189 2134//4189
f 1931//4190 1930//4190 2056//4190
f 2136//4191 2010//4191 2135//4191
f 2137//4192 2010//4192 2136//4192
f 2135//4193 2010//4193 2009//4193
f 2055//4194 1929//4194 2054//4194
f 2056//4195 1929//4195 2055//4195
f 1930//4196 1929//4196 2056//4196
f 2137//4197 2011//4197 2010//4197
f 2054//4198 1928//4198 2053//4198
f 1929//4199 1928//4199 2054//4199
f 2138//4200 2012//4200 2137//4200
f 2137//4201 2012//4201 2011//4201
f 1928//4202 1927//4202 2053//4202
f 2138//4203 2013//4203 2012//4203
f 2139//4204 2013//4204 2138//4204
f 2140//4205 2013//4205 2139//4205
f 1927//4206 1926//4206 2053//4206
f 2052//4207 1926//4207 2051//4207
f 2053//4208 1926//4208 2052//4208
f 2141//4209 2014//4209 2140//4209
f 2140//4210 2014//4210 2013//4210
f 1926//4211 1925//4211 2051//4211
f 2141//4212 2015//4212 2014//4212
f 1925//4213 1924//4213 2051//4213
f 2051//4214 1924//4214 2050//4214
f 2141//4215 2016//4215 2015//4215
f 2142//4216 2016//4216 2141//4216
f 1924//4217 1923//4217 2050//4217
f 2049//4218 1923//4218 2048//4218
f 2050//4219 1923//4219 2049//4219
f 2018//4220 1891//4220 2142//4220
f 2142//4221 1891//4221 2016//4221
f 2048//4222 1922//4222 2047//4222
f 1923//4223 1922//4223 2048//4223
f 2017//4224 1892//4224 2018//4224
f 2018//4225 1892//4225 1891//4225
f 1922//4226 1921//4226 2047//4226
f 2047//4227 1921//4227 2046//4227
f 2019//4228 1893//4228 2017//4228
f 2020//4229 1893//4229 2019//4229
f 2017//4230 1893//4230 1892//4230
f 1921//4231 1920//4231 2046//4231
f 2021//4232 1894//4232 2020//4232
f 2020//4233 1894//4233 1893//4233
f 1920//4234 1919//4234 2046//4234
f 2046//4235 1919//4235 2045//4235
f 2021//4236 1895//4236 1894//4236
f 2022//4237 1895//4237 2021//4237
f 1919//4238 1918//4238 2045//4238
f 2044//4239 1918//4239 2043//4239
f 2045//4240 1918//4240 2044//4240
f 2022//4241 1896//4241 1895//4241
f 1918//4242 1917//4242 2043//4242
f 2022//4243 1897//4243 1896//4243
f 2023//4244 1897//4244 2022//4244
f 2024//4245 1897//4245 2023//4245
f 2042//4246 1916//4246 2041//4246
f 2043//4247 1916//4247 2042//4247
f 1917//4248 1916//4248 2043//4248
f 2025//4249 1898//4249 2024//4249
f 2024//4250 1898//4250 1897//4250
f 1916//4251 1915//4251 2041//4251
f 2026//4252 1899//4252 2025//4252
f 2025//4253 1899//4253 1898//4253
f 1915//4254 1914//4254 2041//4254
f 2040//4255 1914//4255 2039//4255
f 2041//4256 1914//4256 2040//4256
f 2026//4257 1900//4257 1899//4257
f 1914//4258 1913//4258 2039//4258
f 2026//4259 1901//4259 1900//4259
f 2027//4260 1901//4260 2026//4260
f 1913//4261 1912//4261 2039//4261
f 2039//4262 1912//4262 2038//4262
f 2027//4263 1902//4263 1901//4263
f 2028//4264 1902//4264 2027//4264
f 2029//4265 1902//4265 2028//4265
f 1912//4266 1911//4266 2038//4266
f 2038//4267 1911//4267 2037//4267
f 2029//4268 1903//4268 1902//4268
f 1911//4269 1910//4269 2037//4269
f 2037//4270 1910//4270 2036//4270
f 2029//4271 1904//4271 1903//4271
f 2030//4272 1904//4272 2029//4272
f 1910//4273 1909//4273 2036//4273
f 2035//4274 1909//4274 2034//4274
f 2036//4275 1909//4275 2035//4275
f 2030//4276 1905//4276 1904//4276
f 2031//4277 1905//4277 2030//4277
f 2032//4278 1905//4278 2031//4278
f 1909//4279 1908//4279 2034//4279
f 2033//4280 1906//4280 2032//4280
f 2032//4281 1906//4281 1905//4281
f 2034//4282 1907//4282 2033//4282
f 2033//4283 1907//4283 1906//4283
f 1908//4284 1907//4284 2034//4284
