# Created by FreeCAD <https://www.freecad.org>
v -7.000000 81.000000 2.000000
v -7.000000 81.957260 2.116233
v -2.000000 81.000000 2.000000
v -2.000000 81.957260 2.116233
v -7.000000 82.858894 2.458176
v -2.000000 82.858894 2.458176
v -2.000000 83.652489 3.005957
v -7.000000 83.652489 3.005957
v -7.000000 84.291939 3.727741
v -2.000000 84.291939 3.727741
v -7.000000 84.740067 4.581581
v -2.000000 84.740067 4.581581
v -7.000000 84.970833 5.517853
v -2.000000 84.970833 5.517853
v -7.000000 84.970833 6.482147
v -2.000000 84.970833 6.482147
v -2.000000 84.740067 7.418419
v -7.000000 84.740067 7.418419
v -7.000000 84.291939 8.272259
v -2.000000 84.291939 8.272259
v -7.000000 83.652489 8.994043
v -2.000000 83.652489 8.994043
v -7.000000 82.858894 9.541824
v -2.000000 82.858894 9.541824
v -2.000000 81.957260 9.883767
v -7.000000 81.957260 9.883767
v -7.000000 81.000000 10.000000
v -2.000000 81.000000 10.000000
v -7.000000 80.042740 9.883767
v -2.000000 80.042740 9.883767
v -7.000000 79.141106 9.541824
v -2.000000 79.141106 9.541824
v -2.000000 78.347511 8.994043
v -7.000000 78.347511 8.994043
v -7.000000 77.708061 8.272259
v -2.000000 77.708061 8.272259
v -7.000000 77.259933 7.418419
v -2.000000 77.259933 7.418419
v -7.000000 77.029167 6.482147
v -2.000000 77.029167 6.482147
v -7.000000 77.029167 5.517853
v -2.000000 77.029167 5.517853
v -7.000000 77.259933 4.581581
v -2.000000 77.259933 4.581581
v -7.000000 77.708061 3.727741
v -2.000000 77.708061 3.727741
v -7.000000 78.347511 3.005957
v -2.000000 78.347511 3.005957
v -7.000000 79.141106 2.458176
v -2.000000 79.141106 2.458176
v -7.000000 80.042740 2.116233
v -2.000000 80.042740 2.116233
v -7.000000 78.531052 7.704194
v -7.000000 79.010635 8.245532
v -7.000000 79.605827 8.656368
v -7.000000 78.194954 7.063815
v -7.000000 80.282051 8.912826
v -7.000000 78.021873 6.361610
v -7.000000 81.000000 9.000000
v -7.000000 78.021873 5.638390
v -7.000000 81.717949 8.912826
v -7.000000 78.194954 4.936185
v -7.000000 82.394173 8.656368
v -7.000000 78.531052 4.295806
v -7.000000 82.989365 8.245532
v -7.000000 79.010635 3.754468
v -7.000000 83.468948 7.704194
v -7.000000 79.605827 3.343632
v -7.000000 83.805046 7.063815
v -7.000000 80.282051 3.087175
v -7.000000 83.978127 6.361610
v -7.000000 81.000000 3.000000
v -7.000000 83.978127 5.638390
v -7.000000 81.717949 3.087175
v -7.000000 83.805046 4.936185
v -7.000000 82.394173 3.343632
v -7.000000 82.989365 3.754468
v -7.000000 83.468948 4.295806
v -1.500000 81.000000 1.000000
v -1.000000 82.383698 0.161731
v -1.000000 81.000000 0.000000
v -1.000000 79.616302 0.161731
v -1.500000 82.623497 1.270914
v -1.000000 83.692795 0.638204
v -1.500000 84.071060 2.054297
v -1.000000 84.856728 1.403733
v -1.000000 85.812737 2.417048
v -1.500000 85.185829 3.265259
v -1.000000 86.509300 3.623521
v -1.500000 85.847000 4.772573
v -1.000000 86.908844 4.958111
v -1.500000 85.982925 6.412897
v -1.000000 86.989845 6.348869
v -1.000000 86.747940 7.720819
v -1.500000 85.578865 8.008477
v -1.000000 86.196152 9.000000
v -1.500000 84.678619 9.386408
v -1.000000 85.364243 10.117450
v -1.000000 84.297050 11.012927
v -1.500000 83.379738 10.397368
v -1.000000 83.052124 11.638156
v -1.500000 81.822975 10.931807
v -1.000000 81.696556 11.959430
v -1.500000 80.177025 10.931807
v -1.000000 80.303444 11.959430
v -1.000000 78.947876 11.638156
v -1.500000 78.620262 10.397368
v -1.000000 77.702950 11.012927
v -1.500000 77.321381 9.386408
v -1.000000 76.635757 10.117450
v -1.000000 75.803848 9.000000
v -1.500000 76.421135 8.008477
v -1.000000 75.252060 7.720819
v -1.500000 76.017075 6.412897
v -1.000000 75.010155 6.348869
v -1.000000 75.091156 4.958111
v -1.500000 76.153000 4.772573
v -1.000000 75.490700 3.623521
v -1.500000 76.814171 3.265259
v -1.000000 76.187263 2.417048
v -1.500000 77.928940 2.054297
v -1.000000 77.143272 1.403733
v -1.000000 78.307205 0.638204
v -1.500000 79.376503 1.270914
v -2.000000 81.000000 3.000000
v -2.000000 81.717949 3.087175
v -2.000000 82.394173 3.343632
v -2.000000 82.989365 3.754468
v -2.000000 83.468948 4.295806
v -2.000000 83.805046 4.936185
v -2.000000 83.978127 5.638390
v -2.000000 83.978127 6.361610
v -2.000000 83.805046 7.063815
v -2.000000 83.468948 7.704194
v -2.000000 82.989365 8.245532
v -2.000000 82.394173 8.656368
v -2.000000 81.717949 8.912826
v -2.000000 81.000000 9.000000
v -2.000000 80.282051 8.912826
v -2.000000 79.605827 8.656368
v -2.000000 79.010635 8.245532
v -2.000000 78.531052 7.704194
v -2.000000 78.194954 7.063815
v -2.000000 78.021873 6.361610
v -2.000000 78.021873 5.638390
v -2.000000 78.194954 4.936185
v -2.000000 78.531052 4.295806
v -2.000000 79.010635 3.754468
v -2.000000 79.605827 3.343632
v -2.000000 80.282051 3.087175
v -1.000000 88.828430 1.828427
v -1.000000 82.000000 -1.000000
v -1.000000 90.000000 3.000000
v -1.000000 90.000000 9.000000
v -1.000000 86.000000 13.000000
v -1.000000 70.020500 5.295600
v -1.000000 69.822273 5.071846
v -1.000000 69.576256 4.902035
v -1.000000 70.159424 5.560290
v -1.000000 69.296753 4.796032
v -1.000000 70.230957 5.850534
v -1.000000 69.000000 4.760000
v -1.000000 70.230957 6.149466
v -1.000000 70.159424 6.439710
v -1.000000 70.020500 6.704400
v -1.000000 69.822273 6.928154
v -1.000000 69.576256 7.097965
v -1.000000 69.296753 7.203968
v -1.000000 69.000000 7.240000
v -1.000000 68.703247 7.203968
v -1.000000 65.000000 4.000000
v -1.000000 67.840576 5.560290
v -1.000000 67.769043 5.850534
v -1.000000 67.979500 5.295600
v -1.000000 68.177727 5.071846
v -1.000000 68.423744 4.902035
v -1.000000 68.703247 4.796032
v -1.000000 65.000000 7.000000
v -1.000000 68.423744 7.097965
v -1.000000 68.177727 6.928154
v -1.000000 67.979500 6.704400
v -1.000000 67.840576 6.439710
v -1.000000 67.769043 6.149466
v -1.000000 49.000000 4.000000
v -1.000000 39.500000 3.000000
v -1.000000 49.000000 7.000000
v -1.000000 39.500000 11.000000
v -1.000000 20.000000 4.000000
v -1.000000 20.000000 7.000000
v -1.000000 29.500000 3.000000
v -1.000000 29.500000 11.000000
v -1.000000 4.000000 7.000000
v -1.000000 0.822272 5.071846
v -1.000000 1.020500 5.295600
v -1.000000 4.000000 4.000000
v -1.000000 0.576257 4.902035
v -1.000000 1.159420 5.560290
v -1.000000 0.296751 4.796032
v -1.000000 1.230959 5.850534
v -1.000000 0.000000 4.760000
v -1.000000 1.230959 6.149466
v -1.000000 1.159420 6.439710
v -1.000000 1.020500 6.704400
v -1.000000 0.822272 6.928154
v -1.000000 0.576257 7.097965
v -1.000000 0.296751 7.203968
v -1.000000 -8.021264 1.508935
v -1.000000 -0.296751 4.796032
v -1.000000 -7.062097 2.591612
v -1.000000 -0.576257 4.902035
v -1.000000 -9.211661 0.687264
v -1.000000 -6.389903 3.872371
v -1.000000 -0.822272 5.071846
v -1.000000 -1.020500 5.295600
v -1.000000 -10.564106 0.174349
v -1.000000 -6.043747 5.276780
v -1.000000 -1.159420 5.560290
v -1.000000 -1.230959 5.850534
v -1.000000 -6.043747 6.723220
v -1.000000 -1.159420 6.439710
v -1.000000 -1.020500 6.704400
v -1.000000 -1.230959 6.149466
v -1.000000 -6.389903 8.127629
v -1.000000 -0.822272 6.928154
v -1.000000 -0.576257 7.097965
v -1.000000 -17.000000 -1.000000
v -1.000000 -12.000000 0.000000
v -1.000000 -13.435894 0.174349
v -1.000000 -14.788339 0.687264
v -1.000000 -7.062097 9.408388
v -1.000000 -0.296751 7.203968
v -1.000000 -15.978736 1.508935
v -1.000000 -8.021264 10.491064
v -1.000000 0.000000 7.240000
v -1.000000 -16.937902 2.591612
v -1.000000 -9.211661 11.312737
v -1.000000 -10.564106 11.825651
v -1.000000 -17.610098 3.872371
v -1.000000 -21.000000 3.000000
v -1.000000 -17.956253 5.276780
v -1.000000 -17.956253 6.723220
v -1.000000 -17.610098 8.127629
v -1.000000 -21.000000 9.000000
v -1.000000 -16.937902 9.408388
v -1.000000 -12.000000 12.000000
v -1.000000 -17.000000 13.000000
v -1.000000 -13.435894 11.825651
v -1.000000 -14.788339 11.312737
v -1.000000 -15.978736 10.491064
v -1.000000 81.000000 3.000000
v -1.000000 81.717949 3.087175
v -1.000000 82.394173 3.343632
v -1.000000 82.989365 3.754468
v -1.000000 83.468948 4.295806
v -1.000000 83.805046 4.936185
v -1.000000 83.978127 5.638390
v -1.000000 83.978127 6.361610
v -1.000000 83.805046 7.063815
v -1.000000 83.468948 7.704194
v -1.000000 82.989365 8.245532
v -1.000000 82.394173 8.656368
v -1.000000 81.717949 8.912826
v -1.000000 81.000000 9.000000
v -1.000000 80.282051 8.912826
v -1.000000 79.605827 8.656368
v -1.000000 79.010635 8.245532
v -1.000000 78.531052 7.704194
v -1.000000 78.194954 7.063815
v -1.000000 78.021873 6.361610
v -1.000000 78.021873 5.638390
v -1.000000 78.194954 4.936185
v -1.000000 78.531052 4.295806
v -1.000000 79.010635 3.754468
v -1.000000 79.605827 3.343632
v -1.000000 80.282051 3.087175
v 2.000000 82.000000 -1.000000
v 2.000000 -17.000000 -1.000000
v 2.000000 -21.000000 3.000000
v 2.000000 88.828430 1.828427
v 2.000000 -21.000000 9.000000
v 2.000000 90.000000 3.000000
v 2.000000 -17.000000 13.000000
v 2.000000 90.000000 9.000000
v 2.000000 86.000000 13.000000
v 3.100000 60.452454 4.000000
v 3.100000 49.000000 4.000000
v 2.568491 61.087868 4.000000
v 2.201207 61.830399 4.000000
v 2.018723 62.638454 4.000000
v 2.031264 63.466766 4.000000
v 2.238125 64.268929 4.000000
v 2.627719 65.000000 4.000000
v 2.000000 65.000000 5.000000
v 2.627719 65.000000 4.472281
v 2.100000 65.000000 5.000000
v 2.000000 65.000000 7.000000
v 2.000000 49.000000 5.000000
v 2.100000 49.000000 5.000000
v 2.000000 49.000000 7.000000
v 2.000000 69.000000 4.760000
v 2.000000 69.301582 4.797233
v 2.000000 69.585052 4.906695
v 2.000000 69.833389 5.081815
v 2.000000 70.031677 5.312073
v 2.000000 70.168007 5.583644
v 2.000000 70.234200 5.880219
v 2.000000 70.226273 6.183986
v 2.000000 70.144707 6.476705
v 2.000000 69.994392 6.740796
v 2.000000 69.784370 6.960400
v 2.000000 69.527237 7.122329
v 2.000000 69.238441 7.216859
v 2.000000 68.935333 7.238312
v 2.000000 68.636101 7.185402
v 2.000000 68.358727 7.061304
v 2.000000 68.119858 6.873472
v 2.000000 67.933853 6.633185
v 2.000000 67.811867 6.354874
v 2.000000 67.761230 6.055251
v 2.000000 67.784988 5.752310
v 2.000000 67.881714 5.464244
v 2.000000 68.045593 5.208352
v 2.000000 68.266785 5.000000
v 2.000000 68.492363 4.868671
v 2.000000 68.740433 4.787472
v 2.238125 4.731075 4.000000
v 2.627719 4.000000 4.000000
v 2.031264 5.533236 4.000000
v 2.018723 6.361545 4.000000
v 2.201207 7.169600 4.000000
v 2.568491 7.912133 4.000000
v 3.100000 8.547548 4.000000
v 3.100000 20.000000 4.000000
v 2.000000 20.000000 5.000000
v 2.100000 20.000000 5.000000
v 2.000000 20.000000 7.000000
v 2.000000 4.000000 5.000000
v 2.627719 4.000000 4.472281
v 2.100000 4.000000 5.000000
v 2.000000 4.000000 7.000000
v 2.000000 29.500000 3.000000
v 2.000000 39.500000 3.000000
v 2.000000 29.500000 5.000000
v 2.000000 29.500000 11.000000
v 2.000000 39.500000 5.000000
v 2.000000 39.500000 11.000000
v 2.000000 0.000000 4.760000
v 2.000000 0.259570 4.787472
v 2.000000 0.507638 4.868671
v 2.000000 0.733212 5.000000
v 2.000000 0.954407 5.208352
v 2.000000 1.118287 5.464244
v 2.000000 1.215010 5.752310
v 2.000000 1.238768 6.055251
v 2.000000 1.188135 6.354874
v 2.000000 1.066150 6.633185
v 2.000000 0.880140 6.873472
v 2.000000 0.641275 7.061304
v 2.000000 0.363899 7.185402
v 2.000000 0.064670 7.238312
v 2.000000 -0.238443 7.216859
v 2.000000 -0.527236 7.122329
v 2.000000 -0.784368 6.960400
v 2.000000 -0.994395 6.740796
v 2.000000 -1.144706 6.476705
v 2.000000 -1.226274 6.183986
v 2.000000 -1.234201 5.880219
v 2.000000 -1.168010 5.583644
v 2.000000 -1.031677 5.312073
v 2.000000 -0.833388 5.081815
v 2.000000 -0.585052 4.906695
v 2.000000 -0.301581 4.797233
v -2.000000 -11.042737 2.116233
v -1.500000 -12.000000 1.000000
v -2.000000 -12.000000 2.000000
v -2.000000 -12.957263 2.116233
v -1.500000 -10.376503 1.270914
v -2.000000 -10.141108 2.458176
v -1.500000 -8.928936 2.054297
v -2.000000 -9.347509 3.005957
v -1.500000 -7.814167 3.265259
v -2.000000 -8.708064 3.727741
v -2.000000 -8.259935 4.581581
v -1.500000 -7.152998 4.772573
v -2.000000 -8.029164 5.517853
v -1.500000 -7.017077 6.412897
v -2.000000 -8.029164 6.482147
v -2.000000 -8.259935 7.418419
v -1.500000 -7.421134 8.008477
v -2.000000 -8.708064 8.272259
v -1.500000 -8.321381 9.386408
v -2.000000 -9.347509 8.994043
v -1.500000 -9.620263 10.397368
v -2.000000 -10.141108 9.541824
v -2.000000 -11.042737 9.883767
v -1.500000 -11.177027 10.931807
v -2.000000 -12.000000 10.000000
v -1.500000 -12.822973 10.931807
v -2.000000 -12.957263 9.883767
v -1.500000 -14.379737 10.397368
v -2.000000 -13.858892 9.541824
v -2.000000 -14.652491 8.994043
v -1.500000 -15.678619 9.386408
v -2.000000 -15.291936 8.272259
v -1.500000 -16.578867 8.008477
v -2.000000 -15.740065 7.418419
v -1.500000 -16.982922 6.412897
v -2.000000 -15.970836 6.482147
v -2.000000 -15.970836 5.517853
v -1.500000 -16.847002 4.772573
v -2.000000 -15.740065 4.581581
v -1.500000 -16.185833 3.265259
v -2.000000 -15.291936 3.727741
v -2.000000 -14.652491 3.005957
v -1.500000 -15.071064 2.054297
v -2.000000 -13.858892 2.458176
v -1.500000 -13.623497 1.270914
v -1.000000 78.347511 8.994043
v -1.000000 77.708061 8.272259
v -1.000000 79.141106 9.541824
v -1.000000 77.259933 7.418419
v -1.000000 80.042740 9.883767
v -1.000000 77.029167 6.482147
v -1.000000 81.000000 10.000000
v -1.000000 77.029167 5.517853
v -1.000000 81.957260 9.883767
v -1.000000 77.259933 4.581581
v -1.000000 82.858894 9.541824
v -1.000000 77.708061 3.727741
v -1.000000 83.652489 8.994043
v -1.000000 78.347511 3.005957
v -1.000000 84.291939 8.272259
v -1.000000 79.141106 2.458176
v -1.000000 84.740067 7.418419
v -1.000000 80.042740 2.116233
v -1.000000 84.970833 6.482147
v -1.000000 81.000000 2.000000
v -1.000000 84.970833 5.517853
v -1.000000 81.957260 2.116233
v -1.000000 84.740067 4.581581
v -1.000000 82.858894 2.458176
v -1.000000 84.291939 3.727741
v -1.000000 83.652489 3.005957
v 2.000000 83.652489 3.005957
v 2.000000 84.291939 3.727741
v 2.000000 82.858894 2.458176
v 2.000000 84.740067 4.581581
v 2.000000 81.957260 2.116233
v 2.000000 84.970833 5.517853
v 2.000000 81.000000 2.000000
v 2.000000 84.970833 6.482147
v 2.000000 80.042740 2.116233
v 2.000000 84.740067 7.418419
v 2.000000 79.141106 2.458176
v 2.000000 84.291939 8.272259
v 2.000000 82.858894 9.541824
v 2.000000 83.652489 8.994043
v 2.000000 81.957260 9.883767
v 2.000000 81.000000 10.000000
v 2.000000 80.042740 9.883767
v 2.000000 79.141106 9.541824
v 2.000000 69.000000 1.000000
v 2.000000 78.347511 3.005957
v 2.000000 77.708061 3.727741
v 2.000000 77.259933 4.581581
v 2.000000 77.029167 5.517853
v 2.000000 77.029167 6.482147
v 2.000000 77.259933 7.418419
v 2.000000 77.708061 8.272259
v 2.000000 78.347511 8.994043
v 2.000000 63.000000 1.000000
v 2.000000 0.000000 1.000000
v 2.000000 -7.885081 3.159676
v 2.000000 -8.684386 2.257446
v 2.000000 -9.676384 1.572720
v 2.000000 -7.324919 4.226975
v 2.000000 -10.803422 1.145291
v 2.000000 -7.036456 5.397316
v 2.000000 -7.036456 6.602684
v 2.000000 -7.324919 7.773025
v 2.000000 -12.000000 1.000000
v 2.000000 -13.196578 1.145291
v 2.000000 -14.323616 1.572720
v 2.000000 6.000000 1.000000
v 2.000000 -7.885081 8.840323
v 2.000000 -15.315614 2.257446
v 2.000000 -8.684386 9.742554
v 2.000000 -16.114920 3.159676
v 2.000000 -9.676384 10.427280
v 2.000000 -10.803422 10.854709
v 2.000000 -16.675081 4.226975
v 2.000000 -16.963545 5.397316
v 2.000000 -16.675081 7.773025
v 2.000000 -16.114920 8.840323
v 2.000000 -16.963545 6.602684
v 2.000000 -12.000000 11.000000
v 2.000000 -13.196578 10.854709
v 2.000000 -14.323616 10.427280
v 2.000000 -15.315614 9.742554
v 2.000000 29.500000 1.000000
v 2.000000 39.500000 1.000000
v 3.015396 65.465103 4.084604
v 3.330699 65.746658 1.000000
v 4.000000 66.162277 1.000000
v 4.000000 66.162277 3.100000
v 3.477432 65.856438 3.622568
v 2.771316 65.191864 1.000000
v 2.350194 64.526016 1.000000
v 2.088672 63.782841 1.000000
v 2.088672 62.217159 1.000000
v 2.350194 61.473984 1.000000
v 2.771316 60.808132 1.000000
v 3.306264 60.272820 3.793736
v 3.330699 60.253342 1.000000
v 3.525925 60.109840 3.574075
v 3.757642 59.964512 3.342358
v 4.000000 59.837723 1.000000
v 4.000000 59.837723 3.100000
v 2.100000 39.500000 5.000000
v 4.000000 39.500000 3.100000
v 4.000000 69.000000 3.100000
v 2.100000 69.000000 5.000000
v 2.000000 69.000000 5.000000
v 4.000000 29.500000 3.100000
v 4.000000 9.162277 3.100000
v 2.100000 29.500000 5.000000
v 3.306264 8.727181 3.793736
v 3.525925 8.890161 3.574075
v 3.757642 9.035488 3.342358
v 4.000000 9.162277 1.000000
v 3.330699 8.746658 1.000000
v 2.771316 8.191868 1.000000
v 2.350194 7.526016 1.000000
v 2.088672 6.782841 1.000000
v 2.088672 5.217159 1.000000
v 3.015396 3.534895 4.084604
v 2.350194 4.473984 1.000000
v 2.771316 3.808132 1.000000
v 3.330699 3.253341 1.000000
v 3.477432 3.143565 3.622568
v 4.000000 2.837722 3.100000
v 4.000000 2.837722 1.000000
v 2.100000 0.000000 5.000000
v 4.000000 0.000000 3.100000
v 2.000000 0.000000 5.000000
v 4.000000 29.500000 1.000000
v 4.000000 39.500000 1.000000
v -7.000000 -12.000000 2.000000
v -7.000000 -11.042737 2.116233
v -7.000000 -10.141108 2.458176
v -7.000000 -9.347509 3.005957
v -7.000000 -8.708064 3.727741
v -7.000000 -8.259935 4.581581
v -7.000000 -8.029164 5.517853
v -7.000000 -8.029164 6.482147
v -7.000000 -8.259935 7.418419
v -7.000000 -8.708064 8.272259
v -7.000000 -9.347509 8.994043
v -7.000000 -10.141108 9.541824
v -7.000000 -11.042737 9.883767
v -7.000000 -12.000000 10.000000
v -7.000000 -12.957263 9.883767
v -7.000000 -13.858892 9.541824
v -7.000000 -14.652491 8.994043
v -7.000000 -15.291936 8.272259
v -7.000000 -15.740065 7.418419
v -7.000000 -15.970836 6.482147
v -7.000000 -15.970836 5.517853
v -7.000000 -15.740065 4.581581
v -7.000000 -15.291936 3.727741
v -7.000000 -14.652491 3.005957
v -7.000000 -13.858892 2.458176
v -7.000000 -12.957263 2.116233
v 4.000000 69.000000 1.000000
v 4.000000 0.000000 1.000000
v -1.000000 -10.803422 1.145291
v -1.000000 -12.000000 1.000000
v -1.000000 -9.676384 1.572720
v -1.000000 -8.684386 2.257446
v -1.000000 -7.885081 3.159676
v -1.000000 -7.324919 4.226975
v -1.000000 -7.036456 5.397316
v -1.000000 -7.036456 6.602684
v -1.000000 -7.324919 7.773025
v -1.000000 -7.885081 8.840323
v -1.000000 -8.684386 9.742554
v -1.000000 -9.676384 10.427280
v -1.000000 -10.803422 10.854709
v -1.000000 -12.000000 11.000000
v -1.000000 -13.196578 10.854709
v -1.000000 -14.323616 10.427280
v -1.000000 -15.315614 9.742554
v -1.000000 -16.114920 8.840323
v -1.000000 -16.675081 7.773025
v -1.000000 -16.963545 6.602684
v -1.000000 -16.963545 5.397316
v -1.000000 -16.675081 4.226975
v -1.000000 -16.114920 3.159676
v -1.000000 -15.315614 2.257446
v -1.000000 -14.323616 1.572720
v -1.000000 -13.196578 1.145291
v -7.000000 -14.468951 7.704194
v -7.000000 -13.989368 8.245532
v -7.000000 -13.394170 8.656368
v -7.000000 -14.805049 7.063815
v -7.000000 -12.717947 8.912826
v -7.000000 -14.978127 6.361610
v -7.000000 -12.000000 9.000000
v -7.000000 -14.978127 5.638390
v -7.000000 -11.282053 8.912826
v -7.000000 -14.805049 4.936185
v -7.000000 -10.605830 8.656368
v -7.000000 -14.468951 4.295806
v -7.000000 -10.010632 8.245532
v -7.000000 -13.989368 3.754468
v -7.000000 -9.531049 7.704194
v -7.000000 -13.394170 3.343632
v -7.000000 -9.194951 7.063815
v -7.000000 -12.717947 3.087175
v -7.000000 -9.021873 6.361610
v -7.000000 -12.000000 3.000000
v -7.000000 -9.021873 5.638390
v -7.000000 -11.282053 3.087175
v -7.000000 -9.194951 4.936185
v -7.000000 -10.605830 3.343632
v -7.000000 -10.010632 3.754468
v -7.000000 -9.531049 4.295806
v -1.000000 -14.652491 8.994043
v -1.000000 -15.291936 8.272259
v -1.000000 -13.858892 9.541824
v -1.000000 -15.740065 7.418419
v -1.000000 -12.957263 9.883767
v -1.000000 -15.970836 6.482147
v -1.000000 -12.000000 10.000000
v -1.000000 -15.970836 5.517853
v -1.000000 -11.042737 9.883767
v -1.000000 -15.740065 4.581581
v -1.000000 -10.141108 9.541824
v -1.000000 -15.291936 3.727741
v -1.000000 -9.347509 8.994043
v -1.000000 -14.652491 3.005957
v -1.000000 -8.708064 8.272259
v -1.000000 -13.858892 2.458176
v -1.000000 -8.259935 7.418419
v -1.000000 -12.957263 2.116233
v -1.000000 -8.029164 6.482147
v -1.000000 -8.029164 5.517853
v -1.000000 -12.000000 2.000000
v -1.000000 -11.042737 2.116233
v -1.000000 -10.141108 2.458176
v -1.000000 -8.259935 4.581581
v -1.000000 -8.708064 3.727741
v -1.000000 -9.347509 3.005957
v -2.000000 -12.000000 3.000000
v -2.000000 -11.282053 3.087175
v -2.000000 -10.605830 3.343632
v -2.000000 -10.010632 3.754468
v -2.000000 -9.531049 4.295806
v -2.000000 -9.194951 4.936185
v -2.000000 -9.021873 5.638390
v -2.000000 -9.021873 6.361610
v -2.000000 -9.194951 7.063815
v -2.000000 -9.531049 7.704194
v -2.000000 -10.010632 8.245532
v -2.000000 -10.605830 8.656368
v -2.000000 -11.282053 8.912826
v -2.000000 -12.000000 9.000000
v -2.000000 -12.717947 8.912826
v -2.000000 -13.394170 8.656368
v -2.000000 -13.989368 8.245532
v -2.000000 -14.468951 7.704194
v -2.000000 -14.805049 7.063815
v -2.000000 -14.978127 6.361610
v -2.000000 -14.978127 5.638390
v -2.000000 -14.805049 4.936185
v -2.000000 -14.468951 4.295806
v -2.000000 -13.989368 3.754468
v -2.000000 -13.394170 3.343632
v -2.000000 -12.717947 3.087175
v -1.000000 -14.468951 7.704194
v -1.000000 -13.989368 8.245532
v -1.000000 -13.394170 8.656368
v -1.000000 -14.805049 7.063815
v -1.000000 -12.717947 8.912826
v -1.000000 -14.978127 6.361610
v -1.000000 -12.000000 9.000000
v -1.000000 -14.978127 5.638390
v -1.000000 -11.282053 8.912826
v -1.000000 -14.805049 4.936185
v -1.000000 -10.605830 8.656368
v -1.000000 -14.468951 4.295806
v -1.000000 -10.010632 8.245532
v -1.000000 -13.989368 3.754468
v -1.000000 -9.531049 7.704194
v -1.000000 -13.394170 3.343632
v -1.000000 -9.194951 7.063815
v -1.000000 -12.717947 3.087175
v -1.000000 -9.021873 6.361610
v -1.000000 -12.000000 3.000000
v -1.000000 -9.021873 5.638390
v -1.000000 -11.282053 3.087175
v -1.000000 -9.194951 4.936185
v -1.000000 -10.605830 3.343632
v -1.000000 -10.010632 3.754468
v -1.000000 -9.531049 4.295806
vn 0.000000 0.120537 -0.992709
vn 0.000000 0.120537 -0.992709
vn 0.000000 0.354604 -0.935017
vn 0.000000 0.568066 -0.822983
vn 0.000000 0.354604 -0.935017
vn 0.000000 0.568066 -0.822983
vn 0.000000 0.748508 -0.663126
vn 0.000000 0.748508 -0.663126
vn 0.000000 0.885457 -0.464722
vn 0.000000 0.885457 -0.464722
vn 0.000000 0.970943 -0.239312
vn 0.000000 0.970943 -0.239312
vn 0.000000 1.000000 -0.000000
vn 0.000000 0.970943 0.239312
vn 0.000000 1.000000 0.000000
vn 0.000000 0.970943 0.239312
vn 0.000000 0.885457 0.464722
vn -0.000000 0.885457 0.464722
vn 0.000000 0.748508 0.663125
vn -0.000000 0.748508 0.663125
vn -0.000000 0.568066 0.822983
vn 0.000000 0.568066 0.822983
vn 0.000000 0.354603 0.935017
vn 0.000000 0.354603 0.935017
vn -0.000000 0.120537 0.992709
vn 0.000000 0.120537 0.992709
vn 0.000000 -0.120537 0.992709
vn 0.000000 -0.120537 0.992709
vn 0.000000 -0.354603 0.935017
vn 0.000000 -0.354603 0.935017
vn 0.000000 -0.568066 0.822983
vn 0.000000 -0.568066 0.822983
vn 0.000000 -0.748508 0.663125
vn 0.000000 -0.748508 0.663125
vn 0.000000 -0.885457 0.464722
vn 0.000000 -0.885457 0.464722
vn 0.000000 -0.970943 0.239312
vn 0.000000 -0.970943 0.239312
vn 0.000000 -1.000000 0.000000
vn 0.000000 -1.000000 -0.000000
vn 0.000000 -0.970943 -0.239312
vn 0.000000 -0.970943 -0.239312
vn 0.000000 -0.885457 -0.464722
vn 0.000000 -0.885457 -0.464722
vn 0.000000 -0.748508 -0.663126
vn 0.000000 -0.748508 -0.663126
vn 0.000000 -0.568066 -0.822983
vn 0.000000 -0.568066 -0.822983
vn 0.000000 -0.354604 -0.935017
vn -0.000000 -0.120537 -0.992709
vn 0.000000 -0.354604 -0.935017
vn 0.000000 -0.120537 -0.992709
vn -1.000000 0.000000 -0.000000
vn -1.000000 -0.000000 0.000000
vn -1.000000 0.000000 -0.000000
vn -1.000000 0.000000 0.000000
vn -1.000000 0.000000 -0.000000
vn -1.000000 -0.000000 0.000000
vn -1.000000 0.000000 -0.000000
vn -1.000000 0.000000 0.000000
vn -1.000000 0.000000 -0.000000
vn -1.000000 -0.000000 0.000000
vn -1.000000 0.000000 -0.000000
vn -1.000000 0.000000 0.000000
vn -1.000000 0.000000 0.000000
vn -1.000000 -0.000000 -0.000000
vn -1.000000 -0.000000 0.000000
vn -1.000000 0.000000 0.000000
vn -1.000000 0.000000 0.000000
vn -1.000000 0.000000 -0.000000
vn -1.000000 -0.000000 0.000000
vn -1.000000 0.000000 -0.000000
vn -1.000000 0.000000 0.000000
vn -1.000000 0.000000 -0.000000
vn -1.000000 -0.000000 0.000000
vn -1.000000 0.000000 -0.000000
vn -1.000000 -0.000000 0.000000
vn -1.000000 0.000000 0.000000
vn -1.000000 0.000000 0.000000
vn -1.000000 0.000000 -0.000000
vn -1.000000 -0.000000 0.000000
vn -1.000000 0.000000 -0.000000
vn -1.000000 0.000000 -0.000000
vn -1.000000 0.000000 0.000000
vn -1.000000 0.000000 -0.000000
vn -1.000000 -0.000000 0.000000
vn -1.000000 0.000000 -0.000000
vn -1.000000 0.000000 0.000000
vn -1.000000 0.000000 -0.000000
vn -1.000000 -0.000000 -0.000000
vn -1.000000 0.000000 0.000000
vn -1.000000 0.000000 -0.000000
vn -1.000000 0.000000 -0.000000
vn -1.000000 0.000000 0.000000
vn -1.000000 0.000000 -0.000000
vn -1.000000 -0.000000 0.000000
vn -1.000000 0.000000 0.000000
vn -1.000000 0.000000 -0.000000
vn -1.000000 0.000000 0.000000
vn -1.000000 -0.000000 0.000000
vn -1.000000 0.000000 -0.000000
vn -1.000000 0.000000 -0.000000
vn -1.000000 0.000000 -0.000000
vn -1.000000 -0.000000 0.000000
vn -0.893111 0.054222 -0.446556
vn -0.893208 0.052200 -0.446604
vn -0.893111 -0.054222 -0.446556
vn -0.893208 -0.052200 -0.446604
vn -0.886968 0.157956 -0.433979
vn -0.899044 0.155266 -0.409405
vn -0.883584 0.077075 -0.461887
vn -0.903585 0.070514 -0.422565
vn -0.889869 0.250695 -0.381164
vn -0.897565 0.320687 -0.302551
vn -0.898087 0.249846 -0.361963
vn -0.905262 0.202208 -0.373647
vn -0.881226 0.224979 -0.415723
vn -0.900551 0.319857 -0.294449
vn -0.888287 0.397755 -0.229646
vn -0.885421 0.341957 -0.314794
vn -0.889963 0.341344 -0.302407
vn -0.895568 0.393962 -0.206766
vn -0.887704 0.441074 -0.132047
vn -0.905676 0.388261 -0.170308
vn -0.882244 0.431138 -0.189115
vn -0.899450 0.424325 -0.104585
vn -0.896009 0.443284 -0.025818
vn -0.890857 0.447383 0.078884
vn -0.896559 0.442924 0.000000
vn -0.888110 0.446276 0.109995
vn -0.901722 0.430840 -0.035702
vn -0.881772 0.470065 -0.038952
vn -0.886821 0.424320 0.183035
vn -0.897396 0.390687 0.205048
vn -0.904847 0.412709 0.104513
vn -0.886515 0.448540 0.113587
vn -0.891973 0.362631 0.269968
vn -0.894556 0.287297 0.342389
vn -0.899315 0.327324 0.289986
vn -0.881430 0.395406 0.258331
vn -0.904289 0.357404 0.233503
vn -0.902731 0.264237 0.339492
vn -0.887263 0.207016 0.412200
vn -0.882850 0.288468 0.370623
vn -0.894422 0.254053 0.368057
vn -0.891628 0.160553 0.423346
vn -0.889009 0.105596 0.445547
vn -0.905538 0.137759 0.401278
vn -0.898635 0.052879 0.435498
vn -0.884442 0.151521 0.441365
vn -0.899209 0.000000 0.437519
vn -0.889009 -0.105596 0.445547
vn -0.898635 -0.052879 0.435498
vn -0.899209 0.000000 0.437519
vn -0.881158 0.000000 0.472822
vn -0.887263 -0.207016 0.412200
vn -0.891628 -0.160553 0.423346
vn -0.894422 -0.254053 0.368057
vn -0.905538 -0.137759 0.401278
vn -0.884442 -0.151521 0.441365
vn -0.894556 -0.287297 0.342389
vn -0.891973 -0.362631 0.269968
vn -0.899315 -0.327324 0.289986
vn -0.902731 -0.264237 0.339492
vn -0.882850 -0.288468 0.370623
vn -0.886821 -0.424320 0.183035
vn -0.897396 -0.390687 0.205048
vn -0.904289 -0.357404 0.233503
vn -0.881430 -0.395406 0.258331
vn -0.886515 -0.448540 0.113587
vn -0.890857 -0.447383 0.078884
vn -0.896009 -0.443284 -0.025818
vn -0.888110 -0.446276 0.109995
vn -0.904847 -0.412709 0.104513
vn -0.896559 -0.442924 0.000000
vn -0.881772 -0.470065 -0.038952
vn -0.901722 -0.430840 -0.035702
vn -0.887704 -0.441074 -0.132047
vn -0.899450 -0.424325 -0.104585
vn -0.888287 -0.397755 -0.229646
vn -0.882244 -0.431138 -0.189115
vn -0.895568 -0.393962 -0.206766
vn -0.889963 -0.341344 -0.302407
vn -0.905676 -0.388261 -0.170308
vn -0.897565 -0.320687 -0.302551
vn -0.889869 -0.250695 -0.381164
vn -0.900551 -0.319857 -0.294449
vn -0.885421 -0.341957 -0.314794
vn -0.898087 -0.249846 -0.361963
vn -0.886968 -0.157956 -0.433979
vn -0.905262 -0.202208 -0.373647
vn -0.899044 -0.155266 -0.409405
vn -0.883584 -0.077075 -0.461887
vn -0.903585 -0.070514 -0.422565
vn -0.881226 -0.224979 -0.415723
vn 0.000000 -0.120537 0.992709
vn 0.000000 -0.120537 0.992709
vn 0.000000 -0.354604 0.935017
vn 0.000000 -0.354604 0.935017
vn 0.000000 -0.568069 0.822981
vn 0.000000 -0.568069 0.822981
vn 0.000000 -0.748511 0.663123
vn 0.000000 -0.748511 0.663123
vn 0.000000 -0.885456 0.464724
vn 0.000000 -0.885456 0.464724
vn 0.000000 -0.970941 0.239319
vn 0.000000 -0.970941 0.239319
vn 0.000000 -1.000000 0.000000
vn 0.000000 -1.000000 0.000000
vn 0.000000 -0.970941 -0.239319
vn 0.000000 -0.970941 -0.239319
vn 0.000000 -0.885456 -0.464724
vn 0.000000 -0.885456 -0.464724
vn 0.000000 -0.748511 -0.663123
vn 0.000000 -0.748511 -0.663123
vn 0.000000 -0.568069 -0.822981
vn 0.000000 -0.568069 -0.822981
vn 0.000000 -0.354604 -0.935017
vn 0.000000 -0.354604 -0.935017
vn 0.000000 -0.120536 -0.992709
vn 0.000000 -0.120536 -0.992709
vn 0.000000 0.120536 -0.992709
vn 0.000000 0.120536 -0.992709
vn 0.000000 0.354604 -0.935017
vn 0.000000 0.354604 -0.935017
vn 0.000000 0.568069 -0.822981
vn 0.000000 0.568069 -0.822981
vn 0.000000 0.748511 -0.663123
vn 0.000000 0.748511 -0.663123
vn 0.000000 0.885456 -0.464724
vn 0.000000 0.885456 -0.464724
vn 0.000000 0.970941 -0.239319
vn 0.000000 0.970941 -0.239319
vn 0.000000 1.000000 0.000000
vn 0.000000 1.000000 0.000000
vn -0.000000 0.970941 0.239319
vn 0.000000 0.970941 0.239319
vn -0.000000 0.885456 0.464724
vn 0.000000 0.885456 0.464724
vn -0.000000 0.748511 0.663123
vn 0.000000 0.748511 0.663123
vn -0.000000 0.568069 0.822981
vn 0.000000 0.568069 0.822981
vn -0.000000 0.354604 0.935017
vn 0.000000 0.354604 0.935017
vn -0.000000 0.120537 0.992709
vn 0.000000 0.120537 0.992709
vn -1.000000 0.000000 0.000000
vn -1.000000 0.000000 0.000000
vn -1.000000 0.000000 0.000000
vn -1.000000 0.000000 0.000000
vn -1.000000 0.000000 0.000000
vn -1.000000 0.000000 0.000000
vn -1.000000 0.000000 0.000000
vn -1.000000 0.000000 0.000000
vn -1.000000 0.000000 0.000000
vn -1.000000 0.000000 0.000000
vn -1.000000 0.000000 0.000000
vn -1.000000 0.000000 0.000000
vn -1.000000 0.000000 0.000000
vn -1.000000 0.000000 0.000000
vn -1.000000 0.000000 0.000000
vn -1.000000 0.000000 0.000000
vn -1.000000 0.000000 0.000000
vn -1.000000 0.000000 0.000000
vn -1.000000 0.000000 0.000000
vn -1.000000 0.000000 0.000000
vn -1.000000 0.000000 0.000000
vn -1.000000 0.000000 0.000000
vn -1.000000 0.000000 0.000000
vn -1.000000 0.000000 0.000000
vn -1.000000 0.000000 0.000000
vn -1.000000 0.000000 0.000000
vn -1.000000 0.000000 0.000000
vn -1.000000 0.000000 0.000000
vn -1.000000 0.000000 0.000000
vn -1.000000 0.000000 0.000000
vn -1.000000 0.000000 0.000000
vn -1.000000 0.000000 0.000000
vn -1.000000 0.000000 0.000000
vn -1.000000 0.000000 0.000000
vn -1.000000 0.000000 0.000000
vn -1.000000 -0.000000 0.000000
vn -1.000000 0.000000 0.000000
vn -1.000000 0.000000 0.000000
vn -1.000000 -0.000000 0.000000
vn -1.000000 0.000000 0.000000
vn -1.000000 -0.000000 0.000000
vn -1.000000 -0.000000 0.000000
vn -1.000000 0.000000 0.000000
vn -1.000000 0.000000 0.000000
vn -1.000000 0.000000 0.000000
vn -1.000000 -0.000000 0.000000
vn -1.000000 -0.000000 0.000000
vn -1.000000 -0.000000 0.000000
vn -1.000000 -0.000000 0.000000
vn -1.000000 -0.000000 0.000000
vn -1.000000 -0.000000 0.000000
vn -1.000000 -0.000000 0.000000
vn -1.000000 -0.000000 0.000000
vn -1.000000 0.000000 0.000000
vn -1.000000 0.000000 0.000000
vn -1.000000 0.000000 0.000000
vn -1.000000 0.000000 0.000000
vn -1.000000 0.000000 0.000000
vn -1.000000 0.000000 0.000000
vn -1.000000 0.000000 0.000000
vn -1.000000 -0.000000 0.000000
vn -1.000000 0.000000 0.000000
vn -1.000000 0.000000 0.000000
vn -1.000000 0.000000 0.000000
vn -1.000000 -0.000000 0.000000
vn -1.000000 0.000000 0.000000
vn -1.000000 0.000000 0.000000
vn -1.000000 0.000000 0.000000
vn -1.000000 0.000000 0.000000
vn -1.000000 0.000000 0.000000
vn -1.000000 0.000000 0.000000
vn -1.000000 0.000000 0.000000
vn -1.000000 0.000000 0.000000
vn -1.000000 0.000000 0.000000
vn -1.000000 0.000000 0.000000
vn -1.000000 0.000000 0.000000
vn -1.000000 0.000000 0.000000
vn -1.000000 0.000000 0.000000
vn -1.000000 0.000000 0.000000
vn -1.000000 0.000000 0.000000
vn -1.000000 0.000000 0.000000
vn -1.000000 -0.000000 0.000000
vn -1.000000 -0.000000 0.000000
vn -1.000000 0.000000 0.000000
vn -1.000000 -0.000000 0.000000
vn -1.000000 0.000000 0.000000
vn -1.000000 -0.000000 0.000000
vn -1.000000 0.000000 0.000000
vn -1.000000 -0.000000 0.000000
vn -1.000000 -0.000000 0.000000
vn -1.000000 0.000000 0.000000
vn -1.000000 -0.000000 0.000000
vn -1.000000 0.000000 0.000000
vn -1.000000 -0.000000 0.000000
vn -1.000000 -0.000000 0.000000
vn -1.000000 0.000000 0.000000
vn -1.000000 0.000000 0.000000
vn -1.000000 0.000000 0.000000
vn -1.000000 0.000000 0.000000
vn -1.000000 0.000000 0.000000
vn -1.000000 0.000000 0.000000
vn -1.000000 0.000000 0.000000
vn -1.000000 0.000000 0.000000
vn -1.000000 -0.000000 0.000000
vn -1.000000 -0.000000 0.000000
vn -1.000000 0.000000 0.000000
vn -1.000000 0.000000 0.000000
vn -1.000000 0.000000 0.000000
vn -1.000000 0.000000 0.000000
vn -1.000000 0.000000 0.000000
vn -1.000000 0.000000 0.000000
vn -1.000000 0.000000 0.000000
vn -1.000000 0.000000 0.000000
vn -1.000000 0.000000 0.000000
vn -1.000000 0.000000 0.000000
vn -1.000000 0.000000 0.000000
vn -1.000000 -0.000000 0.000000
vn -1.000000 0.000000 0.000000
vn -1.000000 0.000000 0.000000
vn -1.000000 0.000000 0.000000
vn -1.000000 0.000000 0.000000
vn -1.000000 0.000000 0.000000
vn -1.000000 0.000000 0.000000
vn -1.000000 0.000000 0.000000
vn -1.000000 0.000000 0.000000
vn -1.000000 0.000000 0.000000
vn -1.000000 0.000000 0.000000
vn -1.000000 0.000000 0.000000
vn -1.000000 0.000000 0.000000
vn -1.000000 0.000000 0.000000
vn -1.000000 0.000000 0.000000
vn -1.000000 0.000000 0.000000
vn -1.000000 0.000000 0.000000
vn -1.000000 0.000000 0.000000
vn -1.000000 0.000000 0.000000
vn -1.000000 0.000000 0.000000
vn -1.000000 0.000000 0.000000
vn -1.000000 0.000000 0.000000
vn 0.000000 -0.120537 0.992709
vn 0.000000 -0.354604 0.935016
vn 0.000000 -0.120537 0.992709
vn 0.000000 -0.568069 0.822981
vn 0.000000 -0.354604 0.935016
vn 0.000000 -0.748511 0.663123
vn 0.000000 -0.568069 0.822981
vn 0.000000 -0.885456 0.464724
vn 0.000000 -0.748511 0.663123
vn 0.000000 -0.970941 0.239319
vn 0.000000 -0.885456 0.464724
vn 0.000000 -1.000000 0.000000
vn 0.000000 -0.970941 0.239319
vn 0.000000 -0.970941 -0.239319
vn 0.000000 -1.000000 0.000000
vn 0.000000 -0.885456 -0.464724
vn 0.000000 -0.970941 -0.239319
vn 0.000000 -0.748511 -0.663123
vn 0.000000 -0.885456 -0.464724
vn 0.000000 -0.568069 -0.822981
vn 0.000000 -0.748511 -0.663123
vn 0.000000 -0.568069 -0.822981
vn 0.000000 -0.354604 -0.935016
vn 0.000000 -0.354604 -0.935016
vn 0.000000 -0.120536 -0.992709
vn 0.000000 -0.120536 -0.992709
vn 0.000000 0.120536 -0.992709
vn 0.000000 0.120536 -0.992709
vn 0.000000 0.354604 -0.935016
vn 0.000000 0.354604 -0.935016
vn 0.000000 0.568069 -0.822981
vn 0.000000 0.568069 -0.822981
vn 0.000000 0.748511 -0.663123
vn 0.000000 0.748511 -0.663123
vn 0.000000 0.885456 -0.464724
vn 0.000000 0.885456 -0.464724
vn 0.000000 0.970941 -0.239319
vn 0.000000 0.970941 -0.239319
vn 0.000000 1.000000 0.000000
vn 0.000000 1.000000 0.000000
vn 0.000000 0.970941 0.239319
vn -0.000000 0.970941 0.239319
vn -0.000000 0.885456 0.464724
vn -0.000000 0.885456 0.464724
vn 0.000000 0.748511 0.663123
vn -0.000000 0.748511 0.663123
vn -0.000000 0.568069 0.822981
vn -0.000000 0.354604 0.935016
vn 0.000000 0.568069 0.822981
vn -0.000000 0.354604 0.935016
vn -0.000000 0.120537 0.992709
vn 0.000000 0.120537 0.992709
vn 0.000000 0.000000 -1.000000
vn 0.000000 0.000000 -1.000000
vn -0.000000 -0.707107 -0.707107
vn 0.000000 -0.707107 -0.707107
vn 0.000000 0.382683 -0.923880
vn 0.000000 0.382683 -0.923880
vn 0.000000 -1.000000 0.000000
vn 0.000000 -1.000000 0.000000
vn 0.000000 0.707108 -0.707106
vn 0.000000 0.707108 -0.707106
vn 0.000000 -0.707107 0.707107
vn 0.000000 -0.707107 0.707107
vn 0.000000 1.000000 0.000000
vn 0.000000 1.000000 0.000000
vn 0.000000 0.000000 1.000000
vn 0.000000 0.000000 1.000000
vn -0.000000 0.707107 0.707107
vn -0.000000 0.707107 0.707107
vn 0.000000 0.000000 1.000000
vn 0.000000 0.000000 1.000000
vn 0.000000 0.000000 1.000000
vn 0.000000 0.000000 1.000000
vn 0.000000 0.000000 1.000000
vn 0.000000 0.000000 1.000000
vn 0.000000 0.000000 1.000000
vn 0.000000 0.000000 1.000000
vn 0.000000 -1.000000 0.000000
vn 0.000000 -1.000000 0.000000
vn 0.000000 -1.000000 0.000000
vn 0.000000 -1.000000 0.000000
vn 0.000000 -1.000000 0.000000
vn 0.000000 1.000000 0.000000
vn 0.000000 1.000000 0.000000
vn 0.000000 1.000000 0.000000
vn 0.000000 1.000000 0.000000
vn 0.000000 0.000000 -1.000000
vn 0.000000 0.000000 -1.000000
vn 0.000000 -0.120535 0.992709
vn -0.000200 -0.122528 0.992465
vn -0.000393 -0.360227 0.932865
vn 0.000196 -0.354609 0.935015
vn -0.000580 -0.576294 0.817242
vn 0.000387 -0.568060 0.822987
vn -0.000760 -0.757753 0.652542
vn 0.000570 -0.748513 0.663120
vn -0.000936 -0.893709 0.448645
vn 0.000747 -0.885451 0.464733
vn -0.001100 -0.975986 0.217831
vn 0.000915 -0.970946 0.239298
vn -0.001261 -0.999659 -0.026087
vn 0.001081 -0.999999 0.000000
vn -0.001416 -0.963300 -0.268423
vn 0.001237 -0.970945 -0.239298
vn -0.001562 -0.869084 -0.494662
vn 0.001387 -0.885450 -0.464732
vn -0.001702 -0.722697 -0.691163
vn 0.001531 -0.748512 -0.663119
vn 0.001669 -0.568060 -0.822986
vn -0.001835 -0.532884 -0.846187
vn 0.001799 -0.354608 -0.935013
vn -0.001963 -0.311084 -0.950380
vn 0.001923 -0.120534 -0.992707
vn -0.002083 -0.070601 -0.997502
vn 0.002040 0.120534 -0.992707
vn -0.002197 0.174119 -0.984722
vn 0.002150 0.354608 -0.935013
vn -0.002304 0.408391 -0.912804
vn 0.002254 0.568059 -0.822985
vn -0.002405 0.618124 -0.786077
vn 0.002352 0.748511 -0.663118
vn -0.002499 0.790759 -0.612122
vn 0.002441 0.885448 -0.464731
vn -0.002587 0.915882 -0.401439
vn 0.002525 0.970943 -0.239297
vn -0.002665 0.986015 -0.166637
vn 0.002604 0.999997 -0.000000
vn -0.002739 0.996935 0.078184
vn 0.002674 0.970943 0.239297
vn -0.002809 0.947983 0.318309
vn 0.002737 0.885448 0.464731
vn -0.002868 0.842106 0.539304
vn 0.002795 0.748510 0.663118
vn -0.002922 0.685661 0.727915
vn 0.002846 0.568058 0.822983
vn -0.001897 0.503130 0.864208
vn -0.001144 0.311083 0.950382
vn 0.002287 0.354608 0.935012
vn -0.000000 0.105250 0.994446
vn 0.001338 0.120535 0.992708
vn 0.000000 0.000000 1.000000
vn 0.000000 0.000000 1.000000
vn 0.000000 0.000000 1.000000
vn 0.000000 0.000000 1.000000
vn 0.000000 0.000000 1.000000
vn 0.000000 0.000000 1.000000
vn 0.000000 0.000000 1.000000
vn 0.000000 0.000000 1.000000
vn 0.000000 -1.000000 0.000000
vn 0.000000 -1.000000 0.000000
vn 0.000000 -1.000000 0.000000
vn 0.000000 -1.000000 0.000000
vn 0.000000 1.000000 0.000000
vn 0.000000 1.000000 0.000000
vn 0.000000 1.000000 0.000000
vn 0.000000 1.000000 0.000000
vn 0.000000 1.000000 0.000000
vn 0.000000 0.000000 -1.000000
vn 0.000000 0.000000 -1.000000
vn 0.000000 0.000000 1.000000
vn 0.000000 0.000000 1.000000
vn 0.000000 1.000000 0.000000
vn 0.000000 1.000000 0.000000
vn 0.000000 1.000000 0.000000
vn 0.000000 -1.000000 0.000000
vn -0.000000 -1.000000 0.000000
vn 0.000000 -1.000000 0.000000
vn 0.000000 0.000000 -1.000000
vn 0.000000 0.000000 -1.000000
vn 0.000000 -0.105249 0.994446
vn -0.001144 -0.311085 0.950381
vn 0.001339 -0.120535 0.992708
vn -0.001897 -0.503136 0.864205
vn 0.002287 -0.354605 0.935013
vn -0.002922 -0.685655 0.727921
vn 0.002846 -0.568061 0.822981
vn -0.002868 -0.842105 0.539305
vn 0.002795 -0.748509 0.663119
vn -0.002807 -0.947985 0.318303
vn 0.002738 -0.885452 0.464722
vn -0.002740 -0.996935 0.078185
vn 0.002674 -0.970938 0.239315
vn -0.002666 -0.986016 -0.166628
vn 0.002603 -0.999997 0.000000
vn -0.002586 -0.915884 -0.401434
vn 0.002526 -0.970939 -0.239315
vn -0.002498 -0.790750 -0.612134
vn 0.002442 -0.885453 -0.464722
vn -0.002405 -0.618129 -0.786073
vn 0.002351 -0.748509 -0.663120
vn 0.002254 -0.568062 -0.822982
vn -0.002304 -0.408389 -0.912805
vn 0.002150 -0.354605 -0.935014
vn -0.002197 -0.174121 -0.984722
vn 0.002040 -0.120535 -0.992707
vn -0.002083 0.070600 -0.997503
vn 0.001923 0.120535 -0.992707
vn -0.001963 0.311086 -0.950380
vn 0.001799 0.354606 -0.935014
vn -0.001835 0.532887 -0.846184
vn 0.001669 0.568063 -0.822983
vn -0.001702 0.722687 -0.691173
vn 0.001532 0.748511 -0.663121
vn -0.001561 0.869088 -0.494654
vn 0.001388 0.885455 -0.464723
vn -0.001414 0.963298 -0.268430
vn 0.001238 0.970941 -0.239316
vn -0.001261 0.999659 -0.026085
vn 0.001081 0.999999 -0.000000
vn -0.001101 0.975987 0.217826
vn 0.000917 0.970941 0.239316
vn -0.000934 0.893704 0.448655
vn 0.000747 0.885455 0.464724
vn -0.000760 0.757751 0.652543
vn 0.000570 0.748511 0.663122
vn -0.000580 0.576295 0.817242
vn -0.000393 0.360226 0.932865
vn 0.000387 0.568064 0.822984
vn -0.000200 0.122529 0.992465
vn 0.000197 0.354606 0.935016
vn -0.000000 0.120535 0.992709
vn -0.893111 0.054222 -0.446556
vn -0.893111 0.054222 -0.446556
vn -0.893111 -0.054222 -0.446556
vn -0.893111 -0.054222 -0.446556
vn -0.886673 0.163968 -0.432348
vn -0.899044 0.155267 -0.409405
vn -0.883584 0.077075 -0.461887
vn -0.902977 0.070725 -0.423829
vn -0.887785 0.261457 -0.378786
vn -0.898087 0.249845 -0.361963
vn -0.905618 0.201847 -0.372980
vn -0.881226 0.224978 -0.415723
vn -0.896133 0.332179 -0.294285
vn -0.890571 0.402744 -0.211376
vn -0.885421 0.341957 -0.314794
vn -0.889964 0.341343 -0.302404
vn -0.895569 0.393960 -0.206766
vn -0.900789 0.319494 -0.294115
vn -0.886192 0.449855 -0.110879
vn -0.904498 0.390556 -0.171314
vn -0.899450 0.424324 -0.104587
vn -0.882245 0.431137 -0.189114
vn -0.889500 0.456936 0.000000
vn -0.897803 0.427599 0.105394
vn -0.896558 0.442926 0.000000
vn -0.888109 0.446278 0.109998
vn -0.905023 0.423910 -0.035126
vn -0.881771 0.470067 -0.038951
vn -0.888569 0.406197 0.213188
vn -0.897396 0.390686 0.205048
vn -0.899427 0.423697 0.107295
vn -0.886516 0.448540 0.113586
vn -0.886353 0.346568 0.307033
vn -0.899315 0.327325 0.289985
vn -0.881431 0.395405 0.258331
vn -0.905396 0.355435 0.232217
vn -0.891777 0.257035 0.372379
vn -0.894566 0.158486 0.417892
vn -0.882850 0.288468 0.370624
vn -0.894422 0.254052 0.368058
vn -0.891628 0.160554 0.423345
vn -0.903818 0.262833 0.337687
vn -0.887152 0.055625 0.458113
vn -0.898635 0.052879 0.435498
vn -0.901969 0.140205 0.408404
vn -0.884442 0.151521 0.441366
vn -0.881158 0.000000 0.472822
vn -0.887152 -0.055625 0.458113
vn -0.898635 -0.052879 0.435498
vn -0.905692 0.000000 0.423936
vn -0.894566 -0.158486 0.417892
vn -0.891777 -0.257035 0.372379
vn -0.891628 -0.160554 0.423345
vn -0.894422 -0.254052 0.368058
vn -0.901969 -0.140205 0.408404
vn -0.884442 -0.151521 0.441366
vn -0.886353 -0.346568 0.307033
vn -0.899315 -0.327325 0.289985
vn -0.882850 -0.288468 0.370624
vn -0.903818 -0.262833 0.337687
vn -0.888569 -0.406197 0.213189
vn -0.897396 -0.390686 0.205047
vn -0.905395 -0.355435 0.232218
vn -0.881431 -0.395405 0.258331
vn -0.897804 -0.427599 0.105394
vn -0.889500 -0.456936 0.000000
vn -0.888108 -0.446278 0.109998
vn -0.896558 -0.442926 0.000000
vn -0.899427 -0.423697 0.107294
vn -0.886516 -0.448540 0.113585
vn -0.905023 -0.423910 -0.035126
vn -0.881771 -0.470067 -0.038950
vn -0.886192 -0.449855 -0.110879
vn -0.899450 -0.424324 -0.104587
vn -0.882245 -0.431137 -0.189114
vn -0.890571 -0.402745 -0.211377
vn -0.896132 -0.332179 -0.294285
vn -0.904498 -0.390556 -0.171314
vn -0.895569 -0.393960 -0.206765
vn -0.889964 -0.341343 -0.302404
vn -0.887785 -0.261457 -0.378786
vn -0.900789 -0.319494 -0.294115
vn -0.885421 -0.341957 -0.314794
vn -0.898087 -0.249845 -0.361963
vn -0.905618 -0.201847 -0.372980
vn -0.886673 -0.163968 -0.432348
vn -0.899044 -0.155267 -0.409405
vn -0.883584 -0.077075 -0.461887
vn -0.902977 -0.070725 -0.423829
vn -0.881226 -0.224978 -0.415723
vn 1.000000 0.000000 0.000000
vn 1.000000 0.000000 -0.000000
vn 1.000000 0.000000 0.000000
vn 1.000000 0.000000 0.000000
vn 1.000000 0.000000 0.000000
vn 1.000000 0.000000 -0.000000
vn 1.000000 0.000000 0.000000
vn 1.000000 0.000000 0.000000
vn 1.000000 0.000000 0.000000
vn 1.000000 0.000000 -0.000000
vn 1.000000 0.000000 -0.000000
vn 1.000000 0.000000 0.000000
vn 1.000000 0.000000 0.000000
vn 1.000000 0.000000 -0.000000
vn 1.000000 0.000000 -0.000000
vn 1.000000 0.000000 0.000000
vn 1.000000 0.000000 0.000000
vn 1.000000 0.000000 0.000000
vn 1.000000 0.000000 -0.000000
vn 1.000000 0.000000 0.000000
vn 1.000000 0.000000 0.000000
vn 1.000000 0.000000 0.000000
vn 1.000000 0.000000 -0.000000
vn 1.000000 0.000000 0.000000
vn 1.000000 0.000000 0.000000
vn 1.000000 0.000000 -0.000000
vn 1.000000 0.000000 0.000000
vn 1.000000 0.000000 0.000000
vn 1.000000 0.000000 -0.000000
vn 1.000000 0.000000 0.000000
vn 1.000000 0.000000 0.000000
vn 1.000000 0.000000 0.000000
vn 1.000000 0.000000 0.000000
vn 1.000000 0.000000 -0.000000
vn 1.000000 0.000000 0.000000
vn 1.000000 0.000000 0.000000
vn 1.000000 0.000000 0.000000
vn 1.000000 0.000000 -0.000000
vn 1.000000 0.000000 0.000000
vn 1.000000 0.000000 -0.000000
vn 1.000000 0.000000 0.000000
vn 1.000000 0.000000 0.000000
vn 1.000000 0.000000 0.000000
vn 1.000000 0.000000 -0.000000
vn 1.000000 0.000000 0.000000
vn 1.000000 0.000000 0.000000
vn 1.000000 0.000000 -0.000000
vn 1.000000 0.000000 -0.000000
vn 1.000000 0.000000 0.000000
vn 1.000000 0.000000 0.000000
vn 1.000000 0.000000 0.000000
vn 1.000000 0.000000 -0.000000
vn 1.000000 0.000000 0.000000
vn 1.000000 0.000000 0.000000
vn 1.000000 -0.000000 0.000000
vn 1.000000 0.000000 0.000000
vn 1.000000 0.000000 0.000000
vn 1.000000 -0.000000 0.000000
vn 1.000000 -0.000000 0.000000
vn 1.000000 0.000000 0.000000
vn 1.000000 -0.000000 0.000000
vn 1.000000 -0.000000 0.000000
vn 1.000000 0.000000 0.000000
vn 1.000000 -0.000000 0.000000
vn 1.000000 0.000000 0.000000
vn 1.000000 -0.000000 0.000000
vn 1.000000 0.000000 0.000000
vn 1.000000 0.000000 0.000000
vn 1.000000 0.000000 0.000000
vn 1.000000 -0.000000 0.000000
vn 1.000000 -0.000000 0.000000
vn 1.000000 0.000000 0.000000
vn 1.000000 0.000000 0.000000
vn 1.000000 0.000000 0.000000
vn 1.000000 0.000000 0.000000
vn 1.000000 0.000000 0.000000
vn 1.000000 -0.000000 0.000000
vn 1.000000 0.000000 0.000000
vn 1.000000 0.000000 0.000000
vn 1.000000 -0.000000 0.000000
vn 1.000000 0.000000 0.000000
vn 1.000000 0.000000 0.000000
vn 1.000000 -0.000000 0.000000
vn 1.000000 0.000000 0.000000
vn 1.000000 -0.000000 0.000000
vn 1.000000 -0.000000 0.000000
vn 1.000000 -0.000000 0.000000
vn 1.000000 -0.000000 0.000000
vn 1.000000 0.000000 0.000000
vn 1.000000 0.000000 0.000000
vn 1.000000 -0.000000 0.000000
vn 1.000000 -0.000000 0.000000
vn 1.000000 0.000000 0.000000
vn 1.000000 -0.000000 0.000000
vn 1.000000 0.000000 0.000000
vn 1.000000 -0.000000 0.000000
vn 1.000000 -0.000000 0.000000
vn 1.000000 -0.000000 0.000000
vn 1.000000 0.000000 0.000000
vn 1.000000 0.000000 0.000000
vn 1.000000 0.000000 0.000000
vn 1.000000 0.000000 0.000000
vn 1.000000 0.000000 0.000000
vn 1.000000 0.000000 0.000000
vn 1.000000 0.000000 0.000000
vn 1.000000 0.000000 0.000000
vn 1.000000 0.000000 0.000000
vn 1.000000 -0.000000 0.000000
vn 1.000000 0.000000 0.000000
vn 1.000000 0.000000 0.000000
vn 1.000000 0.000000 0.000000
vn 1.000000 0.000000 0.000000
vn 1.000000 -0.000000 0.000000
vn 1.000000 0.000000 0.000000
vn 1.000000 0.000000 0.000000
vn 1.000000 0.000000 0.000000
vn 1.000000 -0.000000 0.000000
vn 1.000000 0.000000 0.000000
vn 1.000000 0.000000 0.000000
vn 1.000000 0.000000 0.000000
vn 1.000000 0.000000 0.000000
vn 1.000000 0.000000 0.000000
vn 1.000000 -0.000000 0.000000
vn 1.000000 0.000000 0.000000
vn 1.000000 -0.000000 0.000000
vn 1.000000 0.000000 0.000000
vn 1.000000 -0.000000 0.000000
vn 1.000000 0.000000 0.000000
vn 1.000000 -0.000000 0.000000
vn 1.000000 0.000000 0.000000
vn 1.000000 0.000000 0.000000
vn 1.000000 0.000000 0.000000
vn 1.000000 0.000000 0.000000
vn 1.000000 -0.000000 0.000000
vn 1.000000 0.000000 0.000000
vn 1.000000 0.000000 0.000000
vn 1.000000 0.000000 0.000000
vn 1.000000 -0.000000 0.000000
vn 1.000000 -0.000000 0.000000
vn 1.000000 -0.000000 0.000000
vn 1.000000 0.000000 0.000000
vn 1.000000 0.000000 0.000000
vn 1.000000 0.000000 0.000000
vn 1.000000 0.000000 0.000000
vn 1.000000 0.000000 0.000000
vn 1.000000 0.000000 0.000000
vn 1.000000 0.000000 0.000000
vn 1.000000 0.000000 0.000000
vn 1.000000 0.000000 0.000000
vn 1.000000 0.000000 0.000000
vn 1.000000 0.000000 0.000000
vn 1.000000 0.000000 0.000000
vn 1.000000 0.000000 0.000000
vn 1.000000 0.000000 0.000000
vn 1.000000 0.000000 0.000000
vn 1.000000 0.000000 0.000000
vn 1.000000 0.000000 0.000000
vn 1.000000 0.000000 0.000000
vn 1.000000 0.000000 0.000000
vn 1.000000 0.000000 0.000000
vn 1.000000 0.000000 0.000000
vn 1.000000 -0.000000 0.000000
vn 1.000000 -0.000000 0.000000
vn 1.000000 0.000000 0.000000
vn 1.000000 0.000000 0.000000
vn 1.000000 -0.000000 0.000000
vn 1.000000 0.000000 0.000000
vn 1.000000 0.000000 0.000000
vn 1.000000 0.000000 0.000000
vn 1.000000 0.000000 0.000000
vn 1.000000 0.000000 0.000000
vn 1.000000 0.000000 0.000000
vn 1.000000 0.000000 0.000000
vn 1.000000 0.000000 0.000000
vn 1.000000 0.000000 0.000000
vn 1.000000 0.000000 0.000000
vn 1.000000 0.000000 0.000000
vn 1.000000 0.000000 0.000000
vn 1.000000 -0.000000 0.000000
vn 1.000000 -0.000000 0.000000
vn 1.000000 -0.000000 0.000000
vn 1.000000 0.000000 0.000000
vn 1.000000 0.000000 0.000000
vn 0.768147 -0.640274 0.000000
vn 0.527538 -0.849532 0.000000
vn 0.510616 -0.859777 0.007421
vn 0.643968 -0.765042 -0.004006
vn 0.704170 -0.709995 0.007173
vn 0.768510 -0.639824 -0.004134
vn 0.882485 -0.470283 -0.007335
vn 0.845136 -0.534514 0.006268
vn 0.968291 -0.249703 -0.007779
vn 0.943277 -0.331938 0.006792
vn 0.999853 -0.015137 -0.008065
vn 0.993621 -0.112547 0.007156
vn 0.975403 0.220276 -0.008191
vn 0.993619 0.112546 0.007362
vn 0.896312 0.443350 -0.008159
vn 0.943273 0.331936 0.007410
vn 0.767010 0.641586 -0.007968
vn 0.665476 0.746257 0.015565
vn 0.845132 0.534509 0.007298
vn 0.595606 0.803277 -0.000391
vn 0.535916 0.844247 0.006420
vn 0.704186 0.710015 0.001209
vn 0.463547 0.886073 -0.000000
vn 0.527518 0.849500 0.008599
vn 0.707107 0.000000 0.707107
vn 0.707107 0.000000 0.707107
vn 0.707107 0.000000 0.707107
vn 0.707106 0.000000 0.707107
vn 0.707107 -0.000000 0.707106
vn 0.707107 0.000000 0.707107
vn 0.707107 0.000000 0.707107
vn 0.707107 0.000001 0.707107
vn 0.707107 0.000000 0.707107
vn 0.707107 -0.000000 0.707107
vn 0.707107 0.000000 0.707107
vn 0.707107 0.000000 0.707107
vn 0.000000 0.000000 1.000000
vn 0.000000 0.000000 1.000000
vn 0.000000 -0.000000 1.000000
vn 0.000000 0.000000 1.000000
vn 0.000000 0.000000 1.000000
vn -1.000000 0.000000 0.000000
vn -1.000000 0.000000 0.000000
vn -1.000000 0.000000 0.000000
vn 0.707107 0.000000 0.707107
vn 0.707107 0.000000 0.707107
vn 0.707107 0.000000 0.707107
vn 0.707106 0.000000 0.707107
vn 0.707107 0.000000 0.707106
vn 0.707107 0.000000 0.707107
vn 0.707107 0.000000 0.707107
vn 0.463547 -0.886073 0.000000
vn 0.535914 -0.844248 0.006421
vn 0.595606 -0.803276 -0.000391
vn 0.527518 -0.849500 0.008599
vn 0.665475 -0.746258 0.015566
vn 0.767010 -0.641585 -0.007968
vn 0.704186 -0.710015 0.001209
vn 0.896312 -0.443349 -0.008159
vn 0.845132 -0.534508 0.007298
vn 0.975403 -0.220276 -0.008191
vn 0.943273 -0.331937 0.007409
vn 0.999853 0.015137 -0.008065
vn 0.993619 -0.112546 0.007362
vn 0.968291 0.249703 -0.007779
vn 0.993621 0.112547 0.007156
vn 0.768148 0.640272 0.000000
vn 0.882486 0.470281 -0.007335
vn 0.943277 0.331938 0.006791
vn 0.768512 0.639823 -0.004135
vn 0.845138 0.534512 0.006268
vn 0.643963 0.765046 -0.004006
vn 0.510619 0.859775 0.007419
vn 0.704168 0.709997 0.007172
vn 0.527538 0.849532 -0.000000
vn 0.000000 0.000000 1.000000
vn 0.000000 0.000000 1.000000
vn 0.707107 -0.000000 0.707107
vn 0.707107 0.000000 0.707107
vn 0.707107 0.000000 0.707107
vn 0.707107 -0.000001 0.707107
vn 0.707107 0.000000 0.707107
vn 0.000000 0.000000 1.000000
vn 0.000000 0.000000 1.000000
vn 0.000000 -0.000000 1.000000
vn 1.000000 0.000000 0.000000
vn 1.000000 -0.000000 0.000000
vn 0.000000 1.000000 0.000000
vn 0.000000 1.000000 0.000000
vn 0.000000 1.000000 0.000000
vn 0.000000 1.000000 0.000000
vn 0.000000 -1.000000 0.000000
vn 0.000000 -1.000000 0.000000
vn 0.000000 -1.000000 0.000000
vn -0.000000 -1.000000 0.000000
vn -1.000000 0.000000 0.000000
vn -1.000000 0.000000 0.000000
vn -1.000000 0.000000 0.000000
vn 0.000000 0.120537 -0.992709
vn 0.000000 0.120537 -0.992709
vn 0.000000 0.354605 -0.935016
vn 0.000000 0.568065 -0.822984
vn 0.000000 0.354605 -0.935016
vn 0.000000 0.568065 -0.822984
vn 0.000000 0.748511 -0.663123
vn 0.000000 0.748511 -0.663123
vn 0.000000 0.885456 -0.464722
vn 0.000000 0.885456 -0.464722
vn 0.000000 0.970942 -0.239316
vn 0.000000 0.970942 -0.239316
vn 0.000000 1.000000 -0.000000
vn 0.000000 0.970942 0.239316
vn 0.000000 1.000000 0.000000
vn 0.000000 0.970942 0.239316
vn 0.000000 0.885456 0.464723
vn -0.000000 0.885456 0.464723
vn 0.000000 0.748511 0.663123
vn -0.000000 0.748511 0.663123
vn -0.000000 0.568065 0.822984
vn 0.000000 0.568065 0.822984
vn 0.000000 0.354605 0.935016
vn 0.000000 0.354605 0.935016
vn -0.000000 0.120537 0.992709
vn 0.000000 0.120537 0.992709
vn 0.000000 -0.120537 0.992709
vn 0.000000 -0.120537 0.992709
vn 0.000000 -0.354605 0.935016
vn 0.000000 -0.354605 0.935016
vn 0.000000 -0.568065 0.822984
vn 0.000000 -0.568065 0.822984
vn 0.000000 -0.748511 0.663123
vn 0.000000 -0.748511 0.663123
vn 0.000000 -0.885456 0.464723
vn 0.000000 -0.885456 0.464723
vn 0.000000 -0.970942 0.239316
vn 0.000000 -0.970942 0.239316
vn 0.000000 -1.000000 0.000000
vn 0.000000 -1.000000 -0.000000
vn 0.000000 -0.970942 -0.239316
vn 0.000000 -0.970942 -0.239316
vn 0.000000 -0.885456 -0.464722
vn 0.000000 -0.885456 -0.464722
vn 0.000000 -0.748511 -0.663123
vn 0.000000 -0.748511 -0.663123
vn 0.000000 -0.568065 -0.822984
vn 0.000000 -0.568065 -0.822984
vn 0.000000 -0.354605 -0.935016
vn -0.000000 -0.120537 -0.992709
vn 0.000000 -0.354605 -0.935016
vn 0.000000 -0.120537 -0.992709
vn 0.000000 -0.120537 0.992709
vn 0.000000 -0.120537 0.992709
vn 0.000000 -0.354604 0.935017
vn 0.000000 -0.354604 0.935017
vn 0.000000 -0.568066 0.822983
vn 0.000000 -0.568066 0.822983
vn 0.000000 -0.748508 0.663126
vn 0.000000 -0.748508 0.663126
vn 0.000000 -0.885457 0.464722
vn 0.000000 -0.885457 0.464722
vn 0.000000 -0.970943 0.239312
vn 0.000000 -0.970943 0.239312
vn 0.000000 -1.000000 0.000000
vn 0.000000 -1.000000 0.000000
vn 0.000000 -0.970943 -0.239312
vn 0.000000 -0.970943 -0.239312
vn 0.000000 -0.885457 -0.464722
vn 0.000000 -0.885457 -0.464722
vn 0.000000 -0.748508 -0.663125
vn 0.000000 -0.748508 -0.663125
vn 0.000000 -0.568066 -0.822983
vn 0.000000 -0.568066 -0.822983
vn 0.000000 -0.354603 -0.935017
vn 0.000000 -0.354603 -0.935017
vn 0.000000 -0.120537 -0.992709
vn 0.000000 -0.120537 -0.992709
vn 0.000000 0.120537 -0.992709
vn 0.000000 0.354603 -0.935017
vn 0.000000 0.120537 -0.992709
vn 0.000000 0.354603 -0.935017
vn 0.000000 0.568066 -0.822983
vn 0.000000 0.568066 -0.822983
vn 0.000000 0.748508 -0.663125
vn 0.000000 0.748508 -0.663125
vn 0.000000 0.885457 -0.464722
vn 0.000000 0.885457 -0.464722
vn 0.000000 0.970943 -0.239312
vn 0.000000 0.970943 -0.239312
vn 0.000000 1.000000 0.000000
vn 0.000000 1.000000 0.000000
vn -0.000000 0.885457 0.464722
vn -0.000000 0.970943 0.239312
vn 0.000000 0.970943 0.239312
vn -0.000000 0.885457 0.464722
vn -0.000000 0.568066 0.822983
vn -0.000000 0.748508 0.663126
vn 0.000000 0.748508 0.663126
vn -0.000000 0.568066 0.822983
vn -0.000000 0.354604 0.935017
vn 0.000000 0.354604 0.935017
vn -0.000000 0.120537 0.992709
vn 0.000000 0.120537 0.992709
vn 0.000000 1.000000 0.000000
vn 0.000000 1.000000 0.000000
vn 0.000000 1.000000 0.000000
vn 0.000000 1.000000 0.000000
vn 0.000000 -0.000000 -1.000000
vn 0.000000 0.000000 -1.000000
vn 0.000000 -0.000000 -1.000000
vn 0.000000 0.000000 -1.000000
vn 0.000000 0.000000 -1.000000
vn 0.000000 0.000000 -1.000000
vn 0.000000 0.000000 -1.000000
vn 0.000000 0.000000 -1.000000
vn 0.000000 0.000000 -1.000000
vn 0.000000 0.000000 -1.000000
vn 0.000000 0.000000 -1.000000
vn 0.000000 0.000000 -1.000000
vn 0.000000 -0.000000 -1.000000
vn 0.000000 0.000000 -1.000000
vn 0.000000 0.000000 -1.000000
vn 0.000000 -0.000000 -1.000000
vn 0.000000 0.000000 -1.000000
vn 0.000000 0.000000 -1.000000
vn 0.000000 0.000000 -1.000000
vn 0.000000 0.000000 -1.000000
vn 0.000000 0.000000 -1.000000
vn 0.000000 0.000000 -1.000000
vn 0.000000 0.000000 -1.000000
vn 0.000000 0.000000 -1.000000
vn 0.000000 -1.000000 0.000000
vn 0.000000 -1.000000 0.000000
vn 0.000000 -1.000000 0.000000
vn 0.000000 -1.000000 0.000000
vn 0.000000 -0.120537 0.992709
vn 0.000000 -0.120537 0.992709
vn 0.000000 -0.354605 0.935016
vn 0.000000 -0.568065 0.822984
vn 0.000000 -0.354605 0.935016
vn 0.000000 -0.568065 0.822984
vn 0.000000 -0.748511 0.663122
vn 0.000000 -0.748511 0.663122
vn 0.000000 -0.885456 0.464723
vn 0.000000 -0.885456 0.464723
vn 0.000000 -0.970942 0.239316
vn 0.000000 -0.970942 0.239316
vn 0.000000 -1.000000 0.000000
vn 0.000000 -1.000000 0.000000
vn 0.000000 -0.970942 -0.239316
vn 0.000000 -0.885456 -0.464723
vn 0.000000 -0.970942 -0.239316
vn 0.000000 -0.885456 -0.464723
vn 0.000000 -0.748511 -0.663122
vn 0.000000 -0.748511 -0.663122
vn 0.000000 -0.568065 -0.822984
vn 0.000000 -0.568065 -0.822984
vn 0.000000 -0.354604 -0.935017
vn 0.000000 -0.354604 -0.935017
vn 0.000000 -0.120537 -0.992709
vn 0.000000 -0.120537 -0.992709
vn 0.000000 0.120537 -0.992709
vn 0.000000 0.120537 -0.992709
vn 0.000000 0.354604 -0.935017
vn 0.000000 0.354604 -0.935017
vn 0.000000 0.568065 -0.822984
vn 0.000000 0.748511 -0.663122
vn 0.000000 0.568065 -0.822984
vn 0.000000 0.748511 -0.663122
vn 0.000000 0.885456 -0.464723
vn 0.000000 0.885456 -0.464723
vn 0.000000 0.970942 -0.239316
vn -0.000000 1.000000 0.000000
vn 0.000000 0.970942 -0.239316
vn -0.000000 0.970942 0.239316
vn 0.000000 1.000000 0.000000
vn -0.000000 0.970942 0.239316
vn -0.000000 0.885456 0.464723
vn 0.000000 0.885456 0.464723
vn -0.000000 0.748511 0.663123
vn 0.000000 0.748511 0.663123
vn -0.000000 0.568065 0.822984
vn 0.000000 0.568065 0.822984
vn -0.000000 0.354605 0.935016
vn 0.000000 0.354605 0.935016
vn -0.000000 0.120537 0.992709
vn 0.000000 0.120537 0.992709
vn 1.000000 0.000000 0.000000
vn 1.000000 -0.000000 0.000000
vn 1.000000 0.000000 0.000000
vn 1.000000 -0.000000 0.000000
vn 1.000000 0.000000 0.000000
vn 1.000000 -0.000000 0.000000
vn 1.000000 0.000000 0.000000
vn 1.000000 -0.000000 0.000000
vn -1.000000 0.000000 -0.000000
vn -1.000000 0.000000 -0.000000
vn -1.000000 -0.000000 0.000000
vn -1.000000 0.000000 -0.000000
vn -1.000000 0.000000 0.000000
vn -1.000000 0.000000 0.000000
vn -1.000000 0.000000 -0.000000
vn -1.000000 0.000000 0.000000
vn -1.000000 0.000000 -0.000000
vn -1.000000 -0.000000 0.000000
vn -1.000000 0.000000 -0.000000
vn -1.000000 0.000000 0.000000
vn -1.000000 0.000000 0.000000
vn -1.000000 -0.000000 -0.000000
vn -1.000000 -0.000000 0.000000
vn -1.000000 0.000000 0.000000
vn -1.000000 0.000000 0.000000
vn -1.000000 0.000000 -0.000000
vn -1.000000 -0.000000 0.000000
vn -1.000000 0.000000 -0.000000
vn -1.000000 0.000000 0.000000
vn -1.000000 0.000000 -0.000000
vn -1.000000 -0.000000 0.000000
vn -1.000000 0.000000 -0.000000
vn -1.000000 -0.000000 0.000000
vn -1.000000 0.000000 0.000000
vn -1.000000 0.000000 -0.000000
vn -1.000000 0.000000 0.000000
vn -1.000000 -0.000000 0.000000
vn -1.000000 0.000000 -0.000000
vn -1.000000 0.000000 -0.000000
vn -1.000000 0.000000 0.000000
vn -1.000000 0.000000 -0.000000
vn -1.000000 -0.000000 0.000000
vn -1.000000 0.000000 -0.000000
vn -1.000000 0.000000 0.000000
vn -1.000000 0.000000 -0.000000
vn -1.000000 -0.000000 -0.000000
vn -1.000000 0.000000 -0.000000
vn -1.000000 0.000000 0.000000
vn -1.000000 0.000000 0.000000
vn -1.000000 0.000000 -0.000000
vn -1.000000 0.000000 -0.000000
vn -1.000000 -0.000000 0.000000
vn -1.000000 0.000000 -0.000000
vn -1.000000 0.000000 0.000000
vn -1.000000 0.000000 0.000000
vn -1.000000 0.000000 -0.000000
vn -1.000000 0.000000 -0.000000
vn -1.000000 -0.000000 0.000000
vn -1.000000 -0.000000 0.000000
vn -1.000000 0.000000 -0.000000
vn 1.000000 0.000000 -0.000000
vn 1.000000 0.000000 0.000000
vn 1.000000 0.000000 -0.000000
vn 1.000000 0.000000 0.000000
vn 1.000000 0.000000 0.000000
vn 1.000000 0.000000 -0.000000
vn 1.000000 0.000000 0.000000
vn 1.000000 0.000000 0.000000
vn 1.000000 0.000000 0.000000
vn 1.000000 0.000000 -0.000000
vn 1.000000 0.000000 -0.000000
vn 1.000000 0.000000 0.000000
vn 1.000000 0.000000 0.000000
vn 1.000000 0.000000 0.000000
vn 1.000000 0.000000 -0.000000
vn 1.000000 0.000000 -0.000000
vn 1.000000 0.000000 0.000000
vn 1.000000 0.000000 0.000000
vn 1.000000 0.000000 -0.000000
vn 1.000000 0.000000 0.000000
vn 1.000000 0.000000 0.000000
vn 1.000000 0.000000 0.000000
vn 1.000000 0.000000 -0.000000
vn 1.000000 0.000000 0.000000
vn 1.000000 0.000000 -0.000000
vn 1.000000 0.000000 0.000000
vn 1.000000 0.000000 0.000000
vn 1.000000 0.000000 0.000000
vn 1.000000 0.000000 0.000000
vn 1.000000 0.000000 -0.000000
vn 1.000000 0.000000 -0.000000
vn 1.000000 0.000000 0.000000
vn 1.000000 0.000000 0.000000
vn 1.000000 0.000000 -0.000000
vn 1.000000 0.000000 0.000000
vn 1.000000 0.000000 0.000000
vn 1.000000 0.000000 0.000000
vn 1.000000 0.000000 0.000000
vn 1.000000 0.000000 -0.000000
vn 1.000000 0.000000 -0.000000
vn 1.000000 0.000000 0.000000
vn 1.000000 0.000000 -0.000000
vn 1.000000 0.000000 0.000000
vn 1.000000 0.000000 0.000000
vn 1.000000 0.000000 -0.000000
vn 1.000000 0.000000 0.000000
vn 1.000000 0.000000 0.000000
vn 1.000000 0.000000 -0.000000
vn 1.000000 0.000000 0.000000
vn 1.000000 0.000000 0.000000
vn 1.000000 0.000000 0.000000
vn 1.000000 0.000000 -0.000000
vn 0.000000 -0.120537 0.992709
vn 0.000000 -0.120537 0.992709
vn 0.000000 -0.354605 0.935016
vn 0.000000 -0.354605 0.935016
vn 0.000000 -0.568065 0.822984
vn 0.000000 -0.568065 0.822984
vn 0.000000 -0.748511 0.663122
vn 0.000000 -0.748511 0.663122
vn 0.000000 -0.885456 0.464724
vn 0.000000 -0.885456 0.464724
vn 0.000000 -0.970942 0.239315
vn 0.000000 -0.970942 0.239315
vn 0.000000 -1.000000 0.000000
vn 0.000000 -1.000000 0.000000
vn 0.000000 -0.970942 -0.239315
vn 0.000000 -0.970942 -0.239315
vn 0.000000 -0.885456 -0.464724
vn 0.000000 -0.885456 -0.464724
vn 0.000000 -0.748511 -0.663122
vn 0.000000 -0.748511 -0.663122
vn 0.000000 -0.568065 -0.822984
vn 0.000000 -0.568065 -0.822984
vn 0.000000 -0.354605 -0.935016
vn 0.000000 -0.354605 -0.935016
vn 0.000000 -0.120536 -0.992709
vn 0.000000 -0.120536 -0.992709
vn 0.000000 0.120536 -0.992709
vn 0.000000 0.120536 -0.992709
vn 0.000000 0.354605 -0.935016
vn 0.000000 0.354605 -0.935016
vn 0.000000 0.568065 -0.822984
vn 0.000000 0.568065 -0.822984
vn 0.000000 0.748511 -0.663122
vn 0.000000 0.748511 -0.663122
vn 0.000000 0.885456 -0.464724
vn 0.000000 0.885456 -0.464724
vn 0.000000 0.970942 -0.239315
vn 0.000000 0.970942 -0.239315
vn 0.000000 1.000000 0.000000
vn 0.000000 1.000000 0.000000
vn -0.000000 0.970942 0.239315
vn 0.000000 0.970942 0.239315
vn -0.000000 0.885456 0.464724
vn 0.000000 0.885456 0.464724
vn -0.000000 0.748511 0.663122
vn 0.000000 0.748511 0.663122
vn -0.000000 0.568065 0.822984
vn 0.000000 0.568065 0.822984
vn -0.000000 0.354605 0.935016
vn 0.000000 0.354605 0.935016
vn -0.000000 0.120537 0.992709
vn 0.000000 0.120537 0.992709
vn 1.000000 0.000000 0.000000
vn 1.000000 0.000000 0.000000
vn 1.000000 0.000000 -0.000000
vn 1.000000 0.000000 0.000000
vn 1.000000 0.000000 0.000000
vn 1.000000 0.000000 -0.000000
vn 1.000000 0.000000 0.000000
vn 1.000000 0.000000 0.000000
vn 1.000000 0.000000 0.000000
vn 1.000000 0.000000 -0.000000
vn 1.000000 0.000000 -0.000000
vn 1.000000 0.000000 0.000000
vn 1.000000 0.000000 0.000000
vn 1.000000 0.000000 -0.000000
vn 1.000000 0.000000 -0.000000
vn 1.000000 0.000000 0.000000
vn 1.000000 0.000000 0.000000
vn 1.000000 0.000000 0.000000
vn 1.000000 0.000000 -0.000000
vn 1.000000 0.000000 0.000000
vn 1.000000 0.000000 0.000000
vn 1.000000 0.000000 0.000000
vn 1.000000 0.000000 -0.000000
vn 1.000000 0.000000 0.000000
vn 1.000000 0.000000 0.000000
vn 1.000000 0.000000 -0.000000
vn 1.000000 0.000000 0.000000
vn 1.000000 0.000000 0.000000
vn 1.000000 0.000000 -0.000000
vn 1.000000 0.000000 0.000000
vn 1.000000 0.000000 0.000000
vn 1.000000 0.000000 0.000000
vn 1.000000 0.000000 0.000000
vn 1.000000 0.000000 -0.000000
vn 1.000000 0.000000 0.000000
vn 1.000000 0.000000 0.000000
vn 1.000000 0.000000 0.000000
vn 1.000000 0.000000 -0.000000
vn 1.000000 0.000000 -0.000000
vn 1.000000 0.000000 0.000000
vn 1.000000 0.000000 0.000000
vn 1.000000 0.000000 0.000000
vn 1.000000 0.000000 0.000000
vn 1.000000 0.000000 -0.000000
vn 1.000000 0.000000 0.000000
vn 1.000000 0.000000 -0.000000
vn 1.000000 0.000000 0.000000
vn 1.000000 0.000000 0.000000
vn 1.000000 0.000000 0.000000
vn 1.000000 0.000000 -0.000000
vn 1.000000 0.000000 -0.000000
vn 1.000000 0.000000 0.000000
vn 0.000000 -0.120537 0.992709
vn 0.000000 -0.354605 0.935016
vn 0.000000 -0.120537 0.992709
vn 0.000000 -0.568065 0.822984
vn 0.000000 -0.354605 0.935016
vn 0.000000 -0.748511 0.663122
vn 0.000000 -0.568065 0.822984
vn 0.000000 -0.885456 0.464724
vn 0.000000 -0.748511 0.663122
vn 0.000000 -0.970942 0.239315
vn 0.000000 -0.885456 0.464724
vn 0.000000 -1.000000 0.000000
vn 0.000000 -0.970942 0.239315
vn 0.000000 -0.970942 -0.239315
vn 0.000000 -1.000000 0.000000
vn 0.000000 -0.885456 -0.464724
vn 0.000000 -0.970942 -0.239315
vn 0.000000 -0.748511 -0.663122
vn 0.000000 -0.885456 -0.464724
vn 0.000000 -0.568065 -0.822984
vn 0.000000 -0.748511 -0.663122
vn 0.000000 -0.568065 -0.822984
vn 0.000000 -0.354605 -0.935016
vn 0.000000 -0.354605 -0.935016
vn 0.000000 -0.120537 -0.992709
vn 0.000000 -0.120537 -0.992709
vn 0.000000 0.120537 -0.992709
vn 0.000000 0.120537 -0.992709
vn 0.000000 0.354605 -0.935016
vn 0.000000 0.354605 -0.935016
vn 0.000000 0.568065 -0.822984
vn 0.000000 0.568065 -0.822984
vn 0.000000 0.748511 -0.663122
vn 0.000000 0.748511 -0.663122
vn 0.000000 0.885456 -0.464724
vn 0.000000 0.885456 -0.464724
vn 0.000000 0.970942 -0.239315
vn 0.000000 0.970942 -0.239315
vn 0.000000 1.000000 0.000000
vn 0.000000 1.000000 0.000000
vn 0.000000 0.970942 0.239315
vn -0.000000 0.970942 0.239315
vn -0.000000 0.885456 0.464724
vn -0.000000 0.885456 0.464724
vn 0.000000 0.748511 0.663122
vn -0.000000 0.748511 0.663122
vn -0.000000 0.568065 0.822984
vn -0.000000 0.354605 0.935016
vn 0.000000 0.568065 0.822984
vn -0.000000 0.354605 0.935016
vn -0.000000 0.120537 0.992709
vn 0.000000 0.120537 0.992709
f 1//1 2//1 3//1
f 3//2 2//2 4//2
f 4//3 5//3 6//3
f 6//4 5//4 7//4
f 2//5 5//5 4//5
f 5//6 8//6 7//6
f 7//7 9//7 10//7
f 8//8 9//8 7//8
f 10//9 11//9 12//9
f 9//10 11//10 10//10
f 12//11 13//11 14//11
f 11//12 13//12 12//12
f 14//13 15//13 16//13
f 16//14 15//14 17//14
f 13//15 15//15 14//15
f 15//16 18//16 17//16
f 17//17 19//17 20//17
f 18//18 19//18 17//18
f 20//19 21//19 22//19
f 19//20 21//20 20//20
f 21//21 23//21 22//21
f 22//22 23//22 24//22
f 24//23 23//23 25//23
f 23//24 26//24 25//24
f 26//25 27//25 25//25
f 25//26 27//26 28//26
f 27//27 29//27 28//27
f 28//28 29//28 30//28
f 29//29 31//29 30//29
f 30//30 31//30 32//30
f 32//31 31//31 33//31
f 31//32 34//32 33//32
f 34//33 35//33 33//33
f 33//34 35//34 36//34
f 35//35 37//35 36//35
f 36//36 37//36 38//36
f 37//37 39//37 38//37
f 38//38 39//38 40//38
f 39//39 41//39 40//39
f 40//40 41//40 42//40
f 41//41 43//41 42//41
f 42//42 43//42 44//42
f 43//43 45//43 44//43
f 44//44 45//44 46//44
f 45//45 47//45 46//45
f 46//46 47//46 48//46
f 47//47 49//47 48//47
f 48//48 49//48 50//48
f 50//49 51//49 52//49
f 52//50 51//50 3//50
f 49//51 51//51 50//51
f 51//52 1//52 3//52
f 34//53 53//53 35//53
f 54//54 53//54 34//54
f 31//55 55//55 34//55
f 34//56 55//56 54//56
f 35//57 56//57 37//57
f 53//58 56//58 35//58
f 29//59 57//59 31//59
f 31//60 57//60 55//60
f 37//61 58//61 39//61
f 56//62 58//62 37//62
f 27//63 59//63 29//63
f 29//64 59//64 57//64
f 39//65 60//65 41//65
f 58//66 60//66 39//66
f 26//67 61//67 27//67
f 27//68 61//68 59//68
f 41//69 62//69 43//69
f 60//70 62//70 41//70
f 23//71 63//71 26//71
f 26//72 63//72 61//72
f 43//73 64//73 45//73
f 62//74 64//74 43//74
f 21//75 65//75 23//75
f 23//76 65//76 63//76
f 66//77 47//77 64//77
f 64//78 47//78 45//78
f 65//79 19//79 67//79
f 21//80 19//80 65//80
f 68//81 49//81 66//81
f 66//82 49//82 47//82
f 19//83 18//83 67//83
f 67//84 18//84 69//84
f 68//85 51//85 49//85
f 70//86 51//86 68//86
f 18//87 15//87 69//87
f 69//88 15//88 71//88
f 70//89 1//89 51//89
f 72//90 1//90 70//90
f 71//91 13//91 73//91
f 15//92 13//92 71//92
f 74//93 2//93 72//93
f 72//94 2//94 1//94
f 73//95 11//95 75//95
f 13//96 11//96 73//96
f 74//97 5//97 2//97
f 76//98 5//98 74//98
f 77//99 5//99 76//99
f 11//100 9//100 75//100
f 75//101 9//101 78//101
f 78//102 8//102 77//102
f 77//103 8//103 5//103
f 9//104 8//104 78//104
f 4//105 79//105 3//105
f 80//106 81//106 79//106
f 79//107 52//107 3//107
f 81//108 82//108 79//108
f 83//109 84//109 80//109
f 83//110 4//110 6//110
f 83//111 79//111 4//111
f 83//112 80//112 79//112
f 85//113 86//113 84//113
f 85//114 87//114 86//114
f 85//115 6//115 7//115
f 85//116 84//116 83//116
f 85//117 83//117 6//117
f 88//118 87//118 85//118
f 88//119 89//119 87//119
f 88//120 85//120 7//120
f 88//121 7//121 10//121
f 88//122 10//122 12//122
f 90//123 91//123 89//123
f 90//124 89//124 88//124
f 90//125 88//125 12//125
f 90//126 12//126 14//126
f 92//127 93//127 91//127
f 92//128 94//128 93//128
f 92//129 14//129 16//129
f 92//130 16//130 17//130
f 92//131 91//131 90//131
f 92//132 90//132 14//132
f 95//133 96//133 94//133
f 95//134 17//134 20//134
f 95//135 94//135 92//135
f 95//136 92//136 17//136
f 97//137 98//137 96//137
f 97//138 99//138 98//138
f 97//139 20//139 22//139
f 97//140 95//140 20//140
f 97//141 96//141 95//141
f 100//142 99//142 97//142
f 100//143 101//143 99//143
f 100//144 97//144 22//144
f 100//145 22//145 24//145
f 100//146 24//146 25//146
f 102//147 103//147 101//147
f 102//148 101//148 100//148
f 102//149 25//149 28//149
f 102//150 100//150 25//150
f 104//151 105//151 103//151
f 104//152 106//152 105//152
f 104//153 28//153 30//153
f 104//154 103//154 102//154
f 104//155 102//155 28//155
f 107//156 108//156 106//156
f 107//157 30//157 32//157
f 107//158 32//158 33//158
f 107//159 106//159 104//159
f 107//160 104//160 30//160
f 109//161 110//161 108//161
f 109//162 111//162 110//162
f 109//163 33//163 36//163
f 109//164 108//164 107//164
f 109//165 107//165 33//165
f 112//166 113//166 111//166
f 112//167 36//167 38//167
f 112//168 111//168 109//168
f 112//169 109//169 36//169
f 114//170 112//170 38//170
f 114//171 115//171 113//171
f 114//172 116//172 115//172
f 114//173 38//173 40//173
f 114//174 113//174 112//174
f 114//175 40//175 42//175
f 117//176 114//176 42//176
f 117//177 116//177 114//177
f 117//178 118//178 116//178
f 117//179 42//179 44//179
f 119//180 120//180 118//180
f 119//181 117//181 44//181
f 119//182 44//182 46//182
f 119//183 46//183 48//183
f 119//184 118//184 117//184
f 121//185 122//185 120//185
f 121//186 123//186 122//186
f 121//187 120//187 119//187
f 121//188 119//188 48//188
f 121//189 48//189 50//189
f 124//190 82//190 123//190
f 124//191 123//191 121//191
f 124//192 50//192 52//192
f 124//193 52//193 79//193
f 124//194 79//194 82//194
f 124//195 121//195 50//195
f 74//196 72//196 125//196
f 74//197 125//197 126//197
f 76//198 126//198 127//198
f 76//199 74//199 126//199
f 77//200 127//200 128//200
f 77//201 76//201 127//201
f 78//202 128//202 129//202
f 78//203 77//203 128//203
f 75//204 129//204 130//204
f 75//205 78//205 129//205
f 73//206 130//206 131//206
f 73//207 75//207 130//207
f 71//208 131//208 132//208
f 71//209 73//209 131//209
f 69//210 132//210 133//210
f 69//211 71//211 132//211
f 67//212 133//212 134//212
f 67//213 69//213 133//213
f 65//214 134//214 135//214
f 65//215 67//215 134//215
f 63//216 65//216 135//216
f 63//217 135//217 136//217
f 61//218 63//218 136//218
f 61//219 136//219 137//219
f 59//220 61//220 137//220
f 59//221 137//221 138//221
f 57//222 59//222 138//222
f 57//223 138//223 139//223
f 55//224 57//224 139//224
f 55//225 139//225 140//225
f 54//226 55//226 140//226
f 54//227 140//227 141//227
f 53//228 54//228 141//228
f 53//229 141//229 142//229
f 56//230 53//230 142//230
f 56//231 142//231 143//231
f 58//232 143//232 144//232
f 58//233 56//233 143//233
f 60//234 144//234 145//234
f 60//235 58//235 144//235
f 62//236 145//236 146//236
f 62//237 60//237 145//237
f 64//238 146//238 147//238
f 64//239 62//239 146//239
f 66//240 147//240 148//240
f 66//241 64//241 147//241
f 68//242 148//242 149//242
f 68//243 66//243 148//243
f 70//244 149//244 150//244
f 70//245 68//245 149//245
f 72//246 150//246 125//246
f 72//247 70//247 150//247
f 86//248 87//248 151//248
f 151//249 84//249 86//249
f 151//250 152//250 84//250
f 151//251 89//251 153//251
f 87//252 89//252 151//252
f 152//253 80//253 84//253
f 89//254 91//254 153//254
f 152//255 81//255 80//255
f 153//256 93//256 154//256
f 91//257 93//257 153//257
f 152//258 82//258 81//258
f 93//259 94//259 154//259
f 152//260 123//260 82//260
f 94//261 96//261 154//261
f 98//262 155//262 96//262
f 99//263 155//263 98//263
f 96//264 155//264 154//264
f 99//265 101//265 155//265
f 101//266 103//266 155//266
f 103//267 105//267 155//267
f 118//268 156//268 116//268
f 157//269 156//269 118//269
f 120//270 158//270 118//270
f 118//271 158//271 157//271
f 156//272 159//272 116//272
f 120//273 160//273 158//273
f 116//274 161//274 115//274
f 159//275 161//275 116//275
f 122//276 162//276 120//276
f 120//277 162//277 160//277
f 161//278 163//278 115//278
f 163//279 164//279 115//279
f 115//280 164//280 113//280
f 164//281 165//281 113//281
f 165//282 166//282 113//282
f 113//283 166//283 111//283
f 166//284 167//284 111//284
f 167//285 168//285 111//285
f 111//286 168//286 110//286
f 168//287 169//287 110//287
f 110//288 169//288 108//288
f 169//289 170//289 108//289
f 122//290 171//290 162//290
f 123//291 171//291 122//291
f 152//292 171//292 123//292
f 172//293 171//293 173//293
f 174//294 171//294 172//294
f 175//295 171//295 174//295
f 176//296 171//296 175//296
f 177//297 171//297 176//297
f 162//298 171//298 177//298
f 170//299 178//299 108//299
f 179//300 178//300 170//300
f 180//301 178//301 179//301
f 181//302 178//302 180//302
f 182//303 178//303 181//303
f 183//304 178//304 182//304
f 173//305 178//305 183//305
f 171//306 178//306 173//306
f 152//307 184//307 171//307
f 184//308 185//308 186//308
f 186//309 187//309 178//309
f 178//310 187//310 108//310
f 185//311 187//311 186//311
f 108//312 187//312 106//312
f 188//313 189//313 190//313
f 190//314 189//314 191//314
f 189//315 192//315 191//315
f 193//316 194//316 195//316
f 195//317 196//317 193//317
f 194//318 197//318 195//318
f 195//319 198//319 196//319
f 195//320 199//320 192//320
f 197//321 199//321 195//321
f 195//322 200//322 198//322
f 199//323 201//323 192//323
f 201//324 202//324 192//324
f 202//325 203//325 192//325
f 203//326 204//326 192//326
f 204//327 205//327 192//327
f 205//328 206//328 192//328
f 195//329 207//329 200//329
f 200//330 207//330 208//330
f 207//331 209//331 208//331
f 208//332 209//332 210//332
f 195//333 211//333 207//333
f 188//334 211//334 195//334
f 209//335 212//335 210//335
f 213//336 212//336 214//336
f 210//337 212//337 213//337
f 188//338 215//338 211//338
f 190//339 215//339 188//339
f 212//340 216//340 214//340
f 217//341 216//341 218//341
f 214//342 216//342 217//342
f 216//343 219//343 218//343
f 220//344 219//344 221//344
f 222//345 219//345 220//345
f 218//346 219//346 222//346
f 219//347 223//347 221//347
f 224//348 223//348 225//348
f 221//349 223//349 224//349
f 215//350 226//350 227//350
f 228//351 226//351 229//351
f 227//352 226//352 228//352
f 223//353 230//353 225//353
f 225//354 230//354 231//354
f 226//355 232//355 229//355
f 230//356 233//356 231//356
f 206//357 233//357 192//357
f 234//358 233//358 206//358
f 231//359 233//359 234//359
f 226//360 235//360 232//360
f 192//361 236//361 191//361
f 233//362 236//362 192//362
f 236//363 237//363 191//363
f 238//364 239//364 240//364
f 235//365 239//365 238//365
f 226//366 239//366 235//366
f 239//367 241//367 240//367
f 242//368 243//368 244//368
f 241//369 243//369 242//369
f 239//370 243//370 241//370
f 245//371 246//371 237//371
f 247//372 246//372 245//372
f 248//373 246//373 247//373
f 249//374 246//374 248//374
f 244//375 246//375 249//375
f 243//376 246//376 244//376
f 152//377 226//377 215//377
f 152//378 215//378 190//378
f 152//379 190//379 185//379
f 152//380 185//380 184//380
f 246//381 155//381 105//381
f 246//382 105//382 106//382
f 246//383 106//383 237//383
f 237//384 106//384 187//384
f 237//385 187//385 191//385
f 125//386 250//386 251//386
f 126//387 251//387 252//387
f 126//388 125//388 251//388
f 127//389 252//389 253//389
f 127//390 126//390 252//390
f 128//391 253//391 254//391
f 128//392 127//392 253//392
f 129//393 254//393 255//393
f 129//394 128//394 254//394
f 130//395 255//395 256//395
f 130//396 129//396 255//396
f 131//397 256//397 257//397
f 131//398 130//398 256//398
f 132//399 257//399 258//399
f 132//400 131//400 257//400
f 133//401 258//401 259//401
f 133//402 132//402 258//402
f 134//403 259//403 260//403
f 134//404 133//404 259//404
f 135//405 260//405 261//405
f 135//406 134//406 260//406
f 136//407 135//407 261//407
f 137//408 136//408 261//408
f 137//409 261//409 262//409
f 137//410 262//410 263//410
f 138//411 137//411 263//411
f 138//412 263//412 264//412
f 139//413 138//413 264//413
f 140//414 139//414 264//414
f 140//415 264//415 265//415
f 141//416 140//416 265//416
f 141//417 265//417 266//417
f 141//418 266//418 267//418
f 142//419 141//419 267//419
f 143//420 142//420 267//420
f 143//421 267//421 268//421
f 144//422 143//422 268//422
f 144//423 268//423 269//423
f 145//424 144//424 269//424
f 145//425 269//425 270//425
f 146//426 145//426 270//426
f 146//427 270//427 271//427
f 146//428 271//428 272//428
f 147//429 146//429 272//429
f 148//430 147//430 272//430
f 148//431 272//431 273//431
f 149//432 273//432 274//432
f 149//433 274//433 275//433
f 149//434 148//434 273//434
f 150//435 149//435 275//435
f 125//436 275//436 250//436
f 125//437 150//437 275//437
f 152//438 276//438 226//438
f 226//439 276//439 277//439
f 278//440 239//440 226//440
f 278//441 226//441 277//441
f 151//442 279//442 152//442
f 152//443 279//443 276//443
f 278//444 280//444 239//444
f 239//445 280//445 243//445
f 153//446 281//446 151//446
f 151//447 281//447 279//447
f 282//448 246//448 243//448
f 282//449 243//449 280//449
f 283//450 281//450 153//450
f 283//451 153//451 154//451
f 284//452 155//452 246//452
f 284//453 246//453 282//453
f 155//454 284//454 154//454
f 154//455 284//455 283//455
f 285//456 184//456 286//456
f 287//457 184//457 285//457
f 171//458 184//458 287//458
f 288//459 171//459 287//459
f 289//460 171//460 288//460
f 290//461 171//461 289//461
f 291//462 171//462 290//462
f 292//463 171//463 291//463
f 292//464 293//464 171//464
f 171//465 293//465 178//465
f 292//466 294//466 293//466
f 294//467 295//467 293//467
f 293//468 296//468 178//468
f 297//469 184//469 186//469
f 286//470 184//470 297//470
f 298//471 286//471 297//471
f 299//472 297//472 186//472
f 178//473 296//473 186//473
f 186//474 296//474 299//474
f 160//475 162//475 300//475
f 160//476 300//476 301//476
f 158//477 301//477 302//477
f 158//478 160//478 301//478
f 157//479 302//479 303//479
f 157//480 158//480 302//480
f 156//481 303//481 304//481
f 156//482 157//482 303//482
f 159//483 304//483 305//483
f 159//484 156//484 304//484
f 161//485 305//485 306//485
f 161//486 159//486 305//486
f 163//487 306//487 307//487
f 163//488 161//488 306//488
f 164//489 307//489 308//489
f 164//490 163//490 307//490
f 165//491 308//491 309//491
f 165//492 164//492 308//492
f 166//493 309//493 310//493
f 166//494 165//494 309//494
f 167//495 166//495 310//495
f 167//496 310//496 311//496
f 168//497 167//497 311//497
f 168//498 311//498 312//498
f 169//499 168//499 312//499
f 169//500 312//500 313//500
f 170//501 169//501 313//501
f 170//502 313//502 314//502
f 179//503 170//503 314//503
f 179//504 314//504 315//504
f 180//505 179//505 315//505
f 180//506 315//506 316//506
f 181//507 180//507 316//507
f 181//508 316//508 317//508
f 182//509 181//509 317//509
f 182//510 317//510 318//510
f 183//511 182//511 318//511
f 183//512 318//512 319//512
f 173//513 183//513 319//513
f 173//514 319//514 320//514
f 172//515 173//515 320//515
f 172//516 320//516 321//516
f 174//517 172//517 321//517
f 174//518 321//518 322//518
f 175//519 174//519 322//519
f 175//520 322//520 323//520
f 176//521 175//521 323//521
f 176//522 323//522 324//522
f 177//523 324//523 325//523
f 177//524 176//524 324//524
f 162//525 325//525 300//525
f 162//526 177//526 325//526
f 326//527 195//527 327//527
f 328//528 195//528 326//528
f 329//529 195//529 328//529
f 330//530 195//530 329//530
f 331//531 195//531 330//531
f 188//532 331//532 332//532
f 188//533 195//533 331//533
f 333//534 188//534 332//534
f 188//535 334//535 189//535
f 188//536 333//536 334//536
f 333//537 335//537 334//537
f 334//538 336//538 189//538
f 337//539 327//539 195//539
f 337//540 195//540 192//540
f 338//541 337//541 339//541
f 338//542 327//542 337//542
f 340//543 337//543 192//543
f 189//544 336//544 192//544
f 192//545 336//545 340//545
f 185//546 190//546 341//546
f 342//547 185//547 341//547
f 343//548 341//548 190//548
f 191//549 343//549 190//549
f 344//550 343//550 191//550
f 342//551 345//551 185//551
f 345//552 187//552 185//552
f 345//553 346//553 187//553
f 191//554 187//554 344//554
f 187//555 346//555 344//555
f 200//556 347//556 348//556
f 198//557 348//557 349//557
f 198//558 200//558 348//558
f 196//559 349//559 350//559
f 196//560 198//560 349//560
f 193//561 350//561 351//561
f 193//562 196//562 350//562
f 194//563 351//563 352//563
f 194//564 193//564 351//564
f 197//565 352//565 353//565
f 197//566 194//566 352//566
f 199//567 353//567 354//567
f 199//568 197//568 353//568
f 201//569 354//569 355//569
f 201//570 199//570 354//570
f 202//571 355//571 356//571
f 202//572 201//572 355//572
f 203//573 356//573 357//573
f 203//574 202//574 356//574
f 204//575 357//575 358//575
f 204//576 203//576 357//576
f 205//577 204//577 358//577
f 205//578 358//578 359//578
f 206//579 205//579 359//579
f 206//580 359//580 360//580
f 234//581 206//581 360//581
f 234//582 360//582 361//582
f 231//583 234//583 361//583
f 231//584 361//584 362//584
f 225//585 231//585 362//585
f 225//586 362//586 363//586
f 224//587 225//587 363//587
f 224//588 363//588 364//588
f 221//589 224//589 364//589
f 221//590 364//590 365//590
f 220//591 221//591 365//591
f 220//592 365//592 366//592
f 222//593 220//593 366//593
f 222//594 366//594 367//594
f 218//595 222//595 367//595
f 218//596 367//596 368//596
f 217//597 218//597 368//597
f 217//598 368//598 369//598
f 214//599 217//599 369//599
f 214//600 369//600 370//600
f 213//601 214//601 370//601
f 213//602 370//602 371//602
f 210//603 371//603 372//603
f 210//604 213//604 371//604
f 208//605 372//605 347//605
f 208//606 210//606 372//606
f 200//607 208//607 347//607
f 373//608 374//608 375//608
f 215//609 227//609 374//609
f 374//610 376//610 375//610
f 227//611 228//611 374//611
f 377//612 211//612 215//612
f 377//613 373//613 378//613
f 377//614 374//614 373//614
f 377//615 215//615 374//615
f 379//616 207//616 211//616
f 379//617 378//617 380//617
f 379//618 211//618 377//618
f 379//619 377//619 378//619
f 381//620 209//620 207//620
f 381//621 212//621 209//621
f 381//622 379//622 380//622
f 381//623 380//623 382//623
f 381//624 382//624 383//624
f 381//625 207//625 379//625
f 384//626 216//626 212//626
f 384//627 212//627 381//627
f 384//628 383//628 385//628
f 384//629 381//629 383//629
f 386//630 219//630 216//630
f 386//631 223//631 219//631
f 386//632 385//632 387//632
f 386//633 387//633 388//633
f 386//634 216//634 384//634
f 386//635 384//635 385//635
f 389//636 230//636 223//636
f 389//637 388//637 390//637
f 389//638 223//638 386//638
f 389//639 386//639 388//639
f 391//640 233//640 230//640
f 391//641 390//641 392//641
f 391//642 389//642 390//642
f 391//643 230//643 389//643
f 393//644 236//644 233//644
f 393//645 237//645 236//645
f 393//646 391//646 392//646
f 393//647 392//647 394//647
f 393//648 394//648 395//648
f 393//649 233//649 391//649
f 396//650 245//650 237//650
f 396//651 395//651 397//651
f 396//652 237//652 393//652
f 396//653 393//653 395//653
f 398//654 396//654 397//654
f 398//655 247//655 245//655
f 398//656 397//656 399//656
f 398//657 245//657 396//657
f 400//658 248//658 247//658
f 400//659 249//659 248//659
f 400//660 399//660 401//660
f 400//661 401//661 402//661
f 400//662 247//662 398//662
f 400//663 398//663 399//663
f 403//664 244//664 249//664
f 403//665 402//665 404//665
f 403//666 400//666 402//666
f 403//667 249//667 400//667
f 405//668 242//668 244//668
f 405//669 404//669 406//669
f 405//670 244//670 403//670
f 405//671 403//671 404//671
f 407//672 241//672 242//672
f 407//673 240//673 241//673
f 407//674 406//674 408//674
f 407//675 408//675 409//675
f 407//676 242//676 405//676
f 407//677 405//677 406//677
f 410//678 240//678 407//678
f 410//679 407//679 409//679
f 410//680 238//680 240//680
f 410//681 409//681 411//681
f 412//682 410//682 411//682
f 412//683 235//683 238//683
f 412//684 232//684 235//684
f 412//685 238//685 410//685
f 412//686 411//686 413//686
f 412//687 413//687 414//687
f 415//688 229//688 232//688
f 415//689 232//689 412//689
f 415//690 412//690 414//690
f 415//691 414//691 416//691
f 417//692 229//692 415//692
f 417//693 228//693 229//693
f 417//694 416//694 376//694
f 417//695 376//695 374//695
f 417//696 374//696 228//696
f 417//697 415//697 416//697
f 267//698 418//698 419//698
f 267//699 266//699 418//699
f 265//700 420//700 418//700
f 265//701 418//701 266//701
f 268//702 419//702 421//702
f 268//703 267//703 419//703
f 264//704 422//704 420//704
f 264//705 420//705 265//705
f 269//706 421//706 423//706
f 269//707 268//707 421//707
f 263//708 424//708 422//708
f 263//709 422//709 264//709
f 270//710 423//710 425//710
f 270//711 269//711 423//711
f 262//712 426//712 424//712
f 262//713 424//713 263//713
f 271//714 425//714 427//714
f 271//715 270//715 425//715
f 261//716 428//716 426//716
f 261//717 426//717 262//717
f 272//718 427//718 429//718
f 272//719 271//719 427//719
f 260//720 430//720 428//720
f 260//721 428//721 261//721
f 431//722 273//722 272//722
f 431//723 272//723 429//723
f 432//724 260//724 259//724
f 432//725 430//725 260//725
f 433//726 274//726 273//726
f 433//727 273//727 431//727
f 434//728 432//728 259//728
f 434//729 259//729 258//729
f 435//730 274//730 433//730
f 435//731 275//731 274//731
f 436//732 434//732 258//732
f 436//733 258//733 257//733
f 437//734 275//734 435//734
f 437//735 250//735 275//735
f 438//736 257//736 256//736
f 438//737 436//737 257//737
f 439//738 251//738 250//738
f 439//739 250//739 437//739
f 440//740 256//740 255//740
f 440//741 438//741 256//741
f 441//742 251//742 439//742
f 441//743 252//743 251//743
f 441//744 253//744 252//744
f 442//745 440//745 255//745
f 442//746 255//746 254//746
f 443//747 254//747 253//747
f 443//748 253//748 441//748
f 443//749 442//749 254//749
f 444//750 276//750 279//750
f 445//751 444//751 279//751
f 446//752 276//752 444//752
f 447//753 279//753 281//753
f 447//754 445//754 279//754
f 448//755 276//755 446//755
f 449//756 281//756 283//756
f 449//757 447//757 281//757
f 450//758 276//758 448//758
f 451//759 449//759 283//759
f 452//760 276//760 450//760
f 453//761 451//761 283//761
f 454//762 276//762 452//762
f 455//763 453//763 283//763
f 284//764 456//764 457//764
f 284//765 457//765 455//765
f 284//766 455//766 283//766
f 458//767 456//767 284//767
f 459//768 458//768 284//768
f 460//769 459//769 284//769
f 461//770 460//770 284//770
f 462//771 454//771 463//771
f 462//772 463//772 464//772
f 462//773 464//773 465//773
f 462//774 276//774 454//774
f 303//775 462//775 465//775
f 304//776 303//776 465//776
f 302//777 462//777 303//777
f 305//778 465//778 466//778
f 305//779 304//779 465//779
f 301//780 462//780 302//780
f 306//781 305//781 466//781
f 306//782 466//782 467//782
f 300//783 462//783 301//783
f 307//784 306//784 467//784
f 308//785 307//785 467//785
f 308//786 467//786 468//786
f 309//787 468//787 469//787
f 309//788 308//788 468//788
f 310//789 309//789 469//789
f 311//790 469//790 470//790
f 311//791 310//791 469//791
f 312//792 470//792 461//792
f 312//793 311//793 470//793
f 471//794 276//794 462//794
f 313//795 312//795 461//795
f 313//796 461//796 284//796
f 293//797 320//797 319//797
f 293//798 321//798 320//798
f 293//799 322//799 321//799
f 293//800 323//800 322//800
f 296//801 293//801 319//801
f 296//802 313//802 284//802
f 296//803 314//803 313//803
f 296//804 315//804 314//804
f 296//805 316//805 315//805
f 296//806 317//806 316//806
f 296//807 318//807 317//807
f 296//808 319//808 318//808
f 345//809 297//809 299//809
f 346//810 296//810 284//810
f 346//811 345//811 299//811
f 346//812 299//812 296//812
f 336//813 334//813 343//813
f 336//814 343//814 344//814
f 340//815 336//815 344//815
f 350//816 337//816 351//816
f 352//817 351//817 337//817
f 353//818 352//818 337//818
f 354//819 353//819 337//819
f 354//820 337//820 340//820
f 372//821 472//821 347//821
f 355//822 354//822 340//822
f 371//823 472//823 372//823
f 356//824 355//824 340//824
f 370//825 472//825 371//825
f 357//826 356//826 340//826
f 358//827 357//827 340//827
f 359//828 358//828 340//828
f 360//829 359//829 340//829
f 473//830 474//830 472//830
f 475//831 472//831 474//831
f 476//832 473//832 472//832
f 476//833 369//833 368//833
f 476//834 370//834 369//834
f 476//835 472//835 370//835
f 477//836 472//836 475//836
f 478//837 476//837 368//837
f 478//838 368//838 367//838
f 479//839 478//839 367//839
f 479//840 366//840 365//840
f 479//841 367//841 366//841
f 480//842 479//842 365//842
f 480//843 364//843 363//843
f 480//844 365//844 364//844
f 277//845 477//845 481//845
f 277//846 482//846 483//846
f 277//847 481//847 482//847
f 277//848 472//848 477//848
f 277//849 484//849 472//849
f 485//850 480//850 363//850
f 485//851 363//851 362//851
f 486//852 277//852 483//852
f 487//853 485//853 362//853
f 487//854 361//854 360//854
f 487//855 362//855 361//855
f 488//856 277//856 486//856
f 489//857 360//857 340//857
f 489//858 487//858 360//858
f 489//859 340//859 344//859
f 490//860 489//860 344//860
f 278//861 491//861 492//861
f 278//862 488//862 491//862
f 278//863 277//863 488//863
f 280//864 493//864 494//864
f 280//865 495//865 493//865
f 280//866 492//866 495//866
f 280//867 278//867 492//867
f 282//868 496//868 490//868
f 282//869 497//869 496//869
f 282//870 498//870 497//870
f 282//871 499//871 498//871
f 282//872 494//872 499//872
f 282//873 490//873 344//873
f 282//874 280//874 494//874
f 277//875 276//875 484//875
f 484//876 276//876 500//876
f 500//877 276//877 501//877
f 501//878 276//878 471//878
f 284//879 282//879 344//879
f 284//880 344//880 346//880
f 292//881 502//881 294//881
f 503//882 504//882 505//882
f 503//883 505//883 506//883
f 503//884 506//884 502//884
f 507//885 503//885 502//885
f 507//886 502//886 292//886
f 508//887 292//887 291//887
f 508//888 507//888 292//888
f 509//889 291//889 290//889
f 509//890 508//890 291//890
f 471//891 290//891 289//891
f 471//892 509//892 290//892
f 510//893 289//893 288//893
f 510//894 471//894 289//894
f 511//895 288//895 287//895
f 511//896 510//896 288//896
f 512//897 287//897 285//897
f 512//898 285//898 513//898
f 512//899 511//899 287//899
f 514//900 513//900 515//900
f 514//901 515//901 516//901
f 514//902 512//902 513//902
f 517//903 516//903 518//903
f 517//904 514//904 516//904
f 286//905 519//905 520//905
f 298//906 519//906 286//906
f 518//907 286//907 520//907
f 285//908 286//908 513//908
f 513//909 286//909 515//909
f 515//910 286//910 516//910
f 516//911 286//911 518//911
f 295//912 294//912 502//912
f 521//913 506//913 505//913
f 522//914 502//914 506//914
f 522//915 506//915 521//915
f 522//916 295//916 502//916
f 323//917 293//917 295//917
f 522//918 523//918 323//918
f 295//919 522//919 323//919
f 298//920 345//920 519//920
f 298//921 297//921 345//921
f 300//922 325//922 523//922
f 325//923 324//923 523//923
f 324//924 323//924 523//924
f 524//925 333//925 525//925
f 526//926 335//926 333//926
f 526//927 333//927 524//927
f 333//928 332//928 527//928
f 333//929 527//929 528//929
f 333//930 528//930 529//930
f 333//931 529//931 525//931
f 530//932 525//932 529//932
f 531//933 529//933 528//933
f 531//934 528//934 527//934
f 531//935 530//935 529//935
f 532//936 527//936 332//936
f 532//937 332//937 331//937
f 532//938 531//938 527//938
f 533//939 331//939 330//939
f 533//940 532//940 331//940
f 534//941 330//941 329//941
f 534//942 533//942 330//942
f 484//943 329//943 328//943
f 484//944 534//944 329//944
f 535//945 328//945 326//945
f 535//946 484//946 328//946
f 536//947 327//947 338//947
f 537//948 326//948 327//948
f 537//949 535//949 326//949
f 538//950 327//950 536//950
f 538//951 537//951 327//951
f 539//952 536//952 540//952
f 539//953 540//953 541//953
f 539//954 538//954 536//954
f 542//955 539//955 541//955
f 526//956 334//956 335//956
f 526//957 343//957 334//957
f 540//958 543//958 544//958
f 540//959 544//959 541//959
f 536//960 543//960 540//960
f 339//961 536//961 338//961
f 339//962 543//962 536//962
f 350//963 545//963 543//963
f 339//964 337//964 350//964
f 543//965 339//965 350//965
f 500//966 501//966 342//966
f 341//967 500//967 342//967
f 341//968 546//968 500//968
f 524//969 546//969 341//969
f 526//970 341//970 343//970
f 526//971 524//971 341//971
f 547//972 342//972 501//972
f 547//973 520//973 342//973
f 342//974 519//974 345//974
f 520//975 519//975 342//975
f 347//976 545//976 348//976
f 348//977 545//977 349//977
f 349//978 545//978 350//978
f 548//979 549//979 375//979
f 375//980 549//980 373//980
f 373//981 550//981 378//981
f 378//982 550//982 380//982
f 549//983 550//983 373//983
f 550//984 551//984 380//984
f 380//985 552//985 382//985
f 551//986 552//986 380//986
f 382//987 553//987 383//987
f 552//988 553//988 382//988
f 383//989 554//989 385//989
f 553//990 554//990 383//990
f 385//991 555//991 387//991
f 387//992 555//992 388//992
f 554//993 555//993 385//993
f 555//994 556//994 388//994
f 388//995 557//995 390//995
f 556//996 557//996 388//996
f 390//997 558//997 392//997
f 557//998 558//998 390//998
f 558//999 559//999 392//999
f 392//1000 559//1000 394//1000
f 394//1001 559//1001 395//1001
f 559//1002 560//1002 395//1002
f 560//1003 561//1003 395//1003
f 395//1004 561//1004 397//1004
f 561//1005 562//1005 397//1005
f 397//1006 562//1006 399//1006
f 562//1007 563//1007 399//1007
f 399//1008 563//1008 401//1008
f 401//1009 563//1009 402//1009
f 563//1010 564//1010 402//1010
f 564//1011 565//1011 402//1011
f 402//1012 565//1012 404//1012
f 565//1013 566//1013 404//1013
f 404//1014 566//1014 406//1014
f 566//1015 567//1015 406//1015
f 406//1016 567//1016 408//1016
f 567//1017 568//1017 408//1017
f 408//1018 568//1018 409//1018
f 568//1019 569//1019 409//1019
f 409//1020 569//1020 411//1020
f 569//1021 570//1021 411//1021
f 411//1022 570//1022 413//1022
f 570//1023 571//1023 413//1023
f 413//1024 571//1024 414//1024
f 571//1025 572//1025 414//1025
f 414//1026 572//1026 416//1026
f 416//1027 573//1027 376//1027
f 376//1028 573//1028 375//1028
f 572//1029 573//1029 416//1029
f 573//1030 548//1030 375//1030
f 439//1031 437//1031 450//1031
f 439//1032 450//1032 448//1032
f 441//1033 448//1033 446//1033
f 441//1034 439//1034 448//1034
f 443//1035 446//1035 444//1035
f 443//1036 441//1036 446//1036
f 442//1037 444//1037 445//1037
f 442//1038 443//1038 444//1038
f 440//1039 445//1039 447//1039
f 440//1040 442//1040 445//1040
f 438//1041 447//1041 449//1041
f 438//1042 440//1042 447//1042
f 436//1043 449//1043 451//1043
f 436//1044 438//1044 449//1044
f 434//1045 451//1045 453//1045
f 434//1046 436//1046 451//1046
f 432//1047 453//1047 455//1047
f 432//1048 434//1048 453//1048
f 430//1049 455//1049 457//1049
f 430//1050 432//1050 455//1050
f 428//1051 430//1051 457//1051
f 428//1052 457//1052 456//1052
f 426//1053 428//1053 456//1053
f 426//1054 456//1054 458//1054
f 424//1055 426//1055 458//1055
f 424//1056 458//1056 459//1056
f 422//1057 424//1057 459//1057
f 422//1058 460//1058 461//1058
f 422//1059 459//1059 460//1059
f 420//1060 422//1060 461//1060
f 418//1061 420//1061 461//1061
f 418//1062 461//1062 470//1062
f 419//1063 418//1063 470//1063
f 419//1064 470//1064 469//1064
f 421//1065 419//1065 469//1065
f 421//1066 469//1066 468//1066
f 423//1067 468//1067 467//1067
f 423//1068 421//1068 468//1068
f 425//1069 467//1069 466//1069
f 425//1070 423//1070 467//1070
f 427//1071 465//1071 464//1071
f 427//1072 466//1072 465//1072
f 427//1073 425//1073 466//1073
f 429//1074 427//1074 464//1074
f 431//1075 463//1075 454//1075
f 431//1076 464//1076 463//1076
f 431//1077 429//1077 464//1077
f 433//1078 431//1078 454//1078
f 435//1079 454//1079 452//1079
f 435//1080 433//1080 454//1080
f 437//1081 452//1081 450//1081
f 437//1082 435//1082 452//1082
f 521//1083 574//1083 462//1083
f 521//1084 462//1084 300//1084
f 522//1085 300//1085 523//1085
f 522//1086 521//1086 300//1086
f 512//1087 514//1087 501//1087
f 501//1088 517//1088 547//1088
f 514//1089 517//1089 501//1089
f 501//1090 471//1090 510//1090
f 501//1091 510//1091 511//1091
f 501//1092 511//1092 512//1092
f 503//1093 462//1093 504//1093
f 507//1094 462//1094 503//1094
f 508//1095 462//1095 507//1095
f 462//1096 574//1096 504//1096
f 471//1097 462//1097 509//1097
f 509//1098 462//1098 508//1098
f 538//1099 539//1099 472//1099
f 472//1100 537//1100 538//1100
f 472//1101 542//1101 575//1101
f 539//1102 542//1102 472//1102
f 472//1103 484//1103 535//1103
f 472//1104 535//1104 537//1104
f 531//1105 500//1105 530//1105
f 532//1106 500//1106 531//1106
f 500//1107 546//1107 530//1107
f 484//1108 500//1108 534//1108
f 534//1109 500//1109 533//1109
f 533//1110 500//1110 532//1110
f 575//1111 544//1111 472//1111
f 472//1112 544//1112 347//1112
f 347//1113 543//1113 545//1113
f 544//1114 543//1114 347//1114
f 576//1115 577//1115 481//1115
f 576//1116 481//1116 477//1116
f 578//1117 477//1117 475//1117
f 578//1118 475//1118 474//1118
f 578//1119 576//1119 477//1119
f 579//1120 578//1120 474//1120
f 580//1121 474//1121 473//1121
f 580//1122 579//1122 474//1122
f 581//1123 473//1123 476//1123
f 581//1124 580//1124 473//1124
f 582//1125 476//1125 478//1125
f 582//1126 581//1126 476//1126
f 583//1127 478//1127 479//1127
f 583//1128 582//1128 478//1128
f 584//1129 479//1129 480//1129
f 584//1130 480//1130 485//1130
f 584//1131 583//1131 479//1131
f 585//1132 584//1132 485//1132
f 586//1133 485//1133 487//1133
f 586//1134 585//1134 485//1134
f 587//1135 586//1135 487//1135
f 587//1136 487//1136 489//1136
f 587//1137 489//1137 490//1137
f 588//1138 587//1138 490//1138
f 588//1139 490//1139 496//1139
f 589//1140 588//1140 496//1140
f 590//1141 589//1141 496//1141
f 590//1142 496//1142 497//1142
f 591//1143 497//1143 498//1143
f 591//1144 590//1144 497//1144
f 592//1145 498//1145 499//1145
f 592//1146 499//1146 494//1146
f 592//1147 591//1147 498//1147
f 593//1148 592//1148 494//1148
f 594//1149 494//1149 493//1149
f 594//1150 593//1150 494//1150
f 595//1151 493//1151 495//1151
f 595//1152 495//1152 492//1152
f 595//1153 594//1153 493//1153
f 596//1154 492//1154 491//1154
f 596//1155 595//1155 492//1155
f 597//1156 596//1156 491//1156
f 598//1157 491//1157 488//1157
f 598//1158 597//1158 491//1158
f 599//1159 488//1159 486//1159
f 599//1160 598//1160 488//1160
f 600//1161 486//1161 483//1161
f 600//1162 599//1162 486//1162
f 601//1163 483//1163 482//1163
f 601//1164 600//1164 483//1164
f 577//1165 482//1165 481//1165
f 577//1166 601//1166 482//1166
f 547//1167 517//1167 518//1167
f 520//1168 547//1168 518//1168
f 505//1169 504//1169 574//1169
f 505//1170 574//1170 521//1170
f 525//1171 530//1171 546//1171
f 525//1172 546//1172 524//1172
f 544//1173 575//1173 542//1173
f 544//1174 542//1174 541//1174
f 564//1175 602//1175 565//1175
f 565//1176 602//1176 566//1176
f 603//1177 602//1177 564//1177
f 563//1178 604//1178 564//1178
f 564//1179 604//1179 603//1179
f 602//1180 605//1180 566//1180
f 562//1181 606//1181 563//1181
f 563//1182 606//1182 604//1182
f 566//1183 607//1183 567//1183
f 605//1184 607//1184 566//1184
f 561//1185 608//1185 562//1185
f 562//1186 608//1186 606//1186
f 567//1187 609//1187 568//1187
f 607//1188 609//1188 567//1188
f 560//1189 610//1189 561//1189
f 561//1190 610//1190 608//1190
f 568//1191 611//1191 569//1191
f 609//1192 611//1192 568//1192
f 559//1193 612//1193 560//1193
f 560//1194 612//1194 610//1194
f 569//1195 613//1195 570//1195
f 611//1196 613//1196 569//1196
f 558//1197 614//1197 559//1197
f 559//1198 614//1198 612//1198
f 615//1199 571//1199 613//1199
f 613//1200 571//1200 570//1200
f 558//1201 557//1201 614//1201
f 614//1202 557//1202 616//1202
f 617//1203 572//1203 615//1203
f 615//1204 572//1204 571//1204
f 557//1205 556//1205 616//1205
f 616//1206 556//1206 618//1206
f 617//1207 573//1207 572//1207
f 619//1208 573//1208 617//1208
f 556//1209 555//1209 618//1209
f 618//1210 555//1210 620//1210
f 619//1211 548//1211 573//1211
f 621//1212 548//1212 619//1212
f 555//1213 554//1213 620//1213
f 620//1214 554//1214 622//1214
f 621//1215 549//1215 548//1215
f 623//1216 549//1216 621//1216
f 622//1217 553//1217 624//1217
f 554//1218 553//1218 622//1218
f 625//1219 550//1219 623//1219
f 626//1220 550//1220 625//1220
f 623//1221 550//1221 549//1221
f 627//1222 552//1222 626//1222
f 624//1223 552//1223 627//1223
f 553//1224 552//1224 624//1224
f 552//1225 551//1225 626//1225
f 626//1226 551//1226 550//1226
f 628//1227 591//1227 592//1227
f 629//1228 592//1228 593//1228
f 629//1229 628//1229 592//1229
f 630//1230 591//1230 628//1230
f 631//1231 593//1231 594//1231
f 631//1232 629//1232 593//1232
f 632//1233 590//1233 591//1233
f 632//1234 591//1234 630//1234
f 633//1235 594//1235 595//1235
f 633//1236 631//1236 594//1236
f 634//1237 589//1237 590//1237
f 634//1238 590//1238 632//1238
f 588//1239 589//1239 634//1239
f 635//1240 595//1240 596//1240
f 635//1241 633//1241 595//1241
f 636//1242 588//1242 634//1242
f 637//1243 596//1243 597//1243
f 637//1244 635//1244 596//1244
f 638//1245 587//1245 588//1245
f 638//1246 588//1246 636//1246
f 639//1247 597//1247 598//1247
f 639//1248 637//1248 597//1248
f 640//1249 586//1249 587//1249
f 640//1250 587//1250 638//1250
f 599//1251 639//1251 598//1251
f 599//1252 641//1252 639//1252
f 585//1253 586//1253 640//1253
f 585//1254 640//1254 642//1254
f 643//1255 641//1255 599//1255
f 600//1256 643//1256 599//1256
f 644//1257 585//1257 642//1257
f 584//1258 585//1258 644//1258
f 601//1259 643//1259 600//1259
f 601//1260 645//1260 643//1260
f 583//1261 584//1261 644//1261
f 583//1262 644//1262 646//1262
f 647//1263 583//1263 646//1263
f 577//1264 645//1264 601//1264
f 577//1265 648//1265 645//1265
f 582//1266 583//1266 647//1266
f 576//1267 649//1267 648//1267
f 576//1268 650//1268 649//1268
f 576//1269 648//1269 577//1269
f 581//1270 647//1270 651//1270
f 581//1271 582//1271 647//1271
f 578//1272 650//1272 576//1272
f 580//1273 651//1273 652//1273
f 580//1274 581//1274 651//1274
f 579//1275 653//1275 650//1275
f 579//1276 652//1276 653//1276
f 579//1277 650//1277 578//1277
f 579//1278 580//1278 652//1278
f 623//1279 621//1279 654//1279
f 623//1280 654//1280 655//1280
f 625//1281 655//1281 656//1281
f 625//1282 623//1282 655//1282
f 626//1283 656//1283 657//1283
f 626//1284 625//1284 656//1284
f 627//1285 657//1285 658//1285
f 627//1286 626//1286 657//1286
f 624//1287 658//1287 659//1287
f 624//1288 627//1288 658//1288
f 622//1289 659//1289 660//1289
f 622//1290 624//1290 659//1290
f 620//1291 660//1291 661//1291
f 620//1292 622//1292 660//1292
f 618//1293 661//1293 662//1293
f 618//1294 620//1294 661//1294
f 616//1295 662//1295 663//1295
f 616//1296 618//1296 662//1296
f 614//1297 663//1297 664//1297
f 614//1298 616//1298 663//1298
f 612//1299 614//1299 664//1299
f 612//1300 664//1300 665//1300
f 610//1301 612//1301 665//1301
f 610//1302 665//1302 666//1302
f 608//1303 610//1303 666//1303
f 608//1304 666//1304 667//1304
f 606//1305 608//1305 667//1305
f 606//1306 667//1306 668//1306
f 604//1307 606//1307 668//1307
f 604//1308 668//1308 669//1308
f 603//1309 604//1309 669//1309
f 603//1310 669//1310 670//1310
f 602//1311 603//1311 670//1311
f 602//1312 670//1312 671//1312
f 605//1313 602//1313 671//1313
f 605//1314 671//1314 672//1314
f 607//1315 672//1315 673//1315
f 607//1316 605//1316 672//1316
f 609//1317 673//1317 674//1317
f 609//1318 607//1318 673//1318
f 611//1319 674//1319 675//1319
f 611//1320 609//1320 674//1320
f 613//1321 675//1321 676//1321
f 613//1322 611//1322 675//1322
f 615//1323 676//1323 677//1323
f 615//1324 613//1324 676//1324
f 617//1325 677//1325 678//1325
f 617//1326 615//1326 677//1326
f 619//1327 678//1327 679//1327
f 619//1328 617//1328 678//1328
f 621//1329 679//1329 654//1329
f 621//1330 619//1330 679//1330
f 680//1331 628//1331 629//1331
f 680//1332 629//1332 631//1332
f 680//1333 681//1333 628//1333
f 682//1334 630//1334 628//1334
f 682//1335 628//1335 681//1335
f 683//1336 680//1336 631//1336
f 684//1337 632//1337 630//1337
f 684//1338 630//1338 682//1338
f 685//1339 631//1339 633//1339
f 685//1340 683//1340 631//1340
f 686//1341 634//1341 632//1341
f 686//1342 632//1342 684//1342
f 687//1343 633//1343 635//1343
f 687//1344 685//1344 633//1344
f 688//1345 636//1345 634//1345
f 688//1346 634//1346 686//1346
f 689//1347 635//1347 637//1347
f 689//1348 687//1348 635//1348
f 690//1349 638//1349 636//1349
f 690//1350 636//1350 688//1350
f 691//1351 637//1351 639//1351
f 691//1352 689//1352 637//1352
f 692//1353 640//1353 638//1353
f 692//1354 638//1354 690//1354
f 641//1355 693//1355 691//1355
f 641//1356 691//1356 639//1356
f 642//1357 640//1357 692//1357
f 642//1358 692//1358 694//1358
f 643//1359 695//1359 693//1359
f 643//1360 693//1360 641//1360
f 644//1361 642//1361 694//1361
f 644//1362 694//1362 696//1362
f 645//1363 695//1363 643//1363
f 645//1364 697//1364 695//1364
f 646//1365 644//1365 696//1365
f 646//1366 696//1366 698//1366
f 648//1367 697//1367 645//1367
f 648//1368 699//1368 697//1368
f 647//1369 646//1369 698//1369
f 647//1370 698//1370 700//1370
f 649//1371 699//1371 648//1371
f 649//1372 701//1372 699//1372
f 651//1373 700//1373 702//1373
f 651//1374 647//1374 700//1374
f 650//1375 703//1375 701//1375
f 650//1376 704//1376 703//1376
f 650//1377 701//1377 649//1377
f 652//1378 705//1378 704//1378
f 652//1379 702//1379 705//1379
f 652//1380 651//1380 702//1380
f 653//1381 652//1381 704//1381
f 653//1382 704//1382 650//1382
f 654//1383 699//1383 701//1383
f 655//1384 701//1384 703//1384
f 655//1385 654//1385 701//1385
f 656//1386 703//1386 704//1386
f 656//1387 655//1387 703//1387
f 657//1388 704//1388 705//1388
f 657//1389 656//1389 704//1389
f 658//1390 705//1390 702//1390
f 658//1391 657//1391 705//1391
f 659//1392 702//1392 700//1392
f 659//1393 658//1393 702//1393
f 660//1394 700//1394 698//1394
f 660//1395 659//1395 700//1395
f 661//1396 698//1396 696//1396
f 661//1397 660//1397 698//1397
f 662//1398 696//1398 694//1398
f 662//1399 661//1399 696//1399
f 663//1400 694//1400 692//1400
f 663//1401 662//1401 694//1401
f 664//1402 692//1402 690//1402
f 664//1403 663//1403 692//1403
f 665//1404 664//1404 690//1404
f 666//1405 665//1405 690//1405
f 666//1406 690//1406 688//1406
f 666//1407 688//1407 686//1407
f 667//1408 666//1408 686//1408
f 667//1409 686//1409 684//1409
f 668//1410 667//1410 684//1410
f 669//1411 668//1411 684//1411
f 669//1412 684//1412 682//1412
f 670//1413 669//1413 682//1413
f 670//1414 682//1414 681//1414
f 670//1415 681//1415 680//1415
f 671//1416 670//1416 680//1416
f 672//1417 671//1417 680//1417
f 672//1418 680//1418 683//1418
f 673//1419 672//1419 683//1419
f 673//1420 683//1420 685//1420
f 674//1421 673//1421 685//1421
f 674//1422 685//1422 687//1422
f 675//1423 674//1423 687//1423
f 675//1424 687//1424 689//1424
f 675//1425 689//1425 691//1425
f 676//1426 675//1426 691//1426
f 677//1427 676//1427 691//1427
f 677//1428 691//1428 693//1428
f 678//1429 693//1429 695//1429
f 678//1430 695//1430 697//1430
f 678//1431 677//1431 693//1431
f 679//1432 678//1432 697//1432
f 654//1433 697//1433 699//1433
f 654//1434 679//1434 697//1434
