# Created by FreeCAD <http://www.freecadweb.org>
v 32.000000 3.000000 3.000000
v 32.000000 3.000000 7.000000
v 32.000000 66.000000 3.000000
v 32.000000 66.000000 7.000000
v 83.000000 3.000000 3.000000
v 83.000000 3.000000 7.000000
v 36.233955 16.357212 7.000000
v 36.357212 16.233955 7.000000
v 36.500000 16.133974 7.000000
v 36.133976 16.500000 7.000000
v 36.657978 16.060307 7.000000
v 36.060307 16.657980 7.000000
v 36.826351 16.015192 7.000000
v 36.015194 16.826351 7.000000
v 37.000000 16.000000 7.000000
v 36.000000 17.000000 7.000000
v 37.173649 16.015192 7.000000
v 36.015194 17.173649 7.000000
v 37.342022 16.060307 7.000000
v 37.500000 16.133974 7.000000
v 37.642788 16.233955 7.000000
v 37.766045 16.357212 7.000000
v 49.439339 25.439341 7.000000
v 37.866024 17.500000 7.000000
v 37.939693 17.342020 7.000000
v 49.286476 25.618322 7.000000
v 37.766045 17.642788 7.000000
v 49.618320 25.286474 7.000000
v 37.984806 17.173649 7.000000
v 49.163490 25.819014 7.000000
v 37.642788 17.766045 7.000000
v 49.819016 25.163490 7.000000
v 38.000000 17.000000 7.000000
v 49.073414 26.036474 7.000000
v 37.500000 17.866026 7.000000
v 50.036476 25.073416 7.000000
v 37.984806 16.826351 7.000000
v 49.018467 26.265348 7.000000
v 37.342022 17.939693 7.000000
v 50.265347 25.018467 7.000000
v 37.939693 16.657980 7.000000
v 50.500000 25.000000 7.000000
v 37.866024 16.500000 7.000000
v 49.000000 26.500000 7.000000
v 37.173649 17.984808 7.000000
v 50.734653 25.018467 7.000000
v 49.018467 26.734652 7.000000
v 37.000000 18.000000 7.000000
v 50.963524 25.073416 7.000000
v 49.073414 26.963526 7.000000
v 36.357212 44.233955 7.000000
v 36.357212 17.766045 7.000000
v 36.500000 17.866026 7.000000
v 36.233955 44.357212 7.000000
v 36.233955 17.642788 7.000000
v 36.133976 17.500000 7.000000
v 36.133976 44.500000 7.000000
v 36.500000 44.133976 7.000000
v 36.060307 44.657978 7.000000
v 36.060307 17.342020 7.000000
v 36.657978 44.060307 7.000000
v 36.657978 17.939693 7.000000
v 36.015194 44.826351 7.000000
v 36.826351 44.015194 7.000000
v 36.826351 17.984808 7.000000
v 37.000000 44.000000 7.000000
v 49.163490 27.180986 7.000000
v 37.173649 44.015194 7.000000
v 49.286476 27.381678 7.000000
v 37.342022 44.060307 7.000000
v 49.439339 27.560659 7.000000
v 37.500000 44.133976 7.000000
v 49.618320 27.713526 7.000000
v 37.642788 44.233955 7.000000
v 49.819016 27.836510 7.000000
v 37.766045 44.357212 7.000000
v 50.036476 27.926584 7.000000
v 37.866024 44.500000 7.000000
v 50.265347 27.981533 7.000000
v 37.939693 44.657978 7.000000
v 50.500000 28.000000 7.000000
v 37.984806 44.826351 7.000000
v 50.734653 27.981533 7.000000
v 38.000000 45.000000 7.000000
v 50.963524 27.926584 7.000000
v 37.984806 45.173649 7.000000
v 51.180984 27.836510 7.000000
v 51.180984 25.163490 7.000000
v 51.381680 25.286474 7.000000
v 51.560661 25.439341 7.000000
v 37.642788 45.766045 7.000000
v 37.766045 45.642788 7.000000
v 37.500000 45.866024 7.000000
v 37.342022 45.939693 7.000000
v 37.173649 45.984806 7.000000
v 37.000000 46.000000 7.000000
v 36.826351 45.984806 7.000000
v 36.657978 45.939693 7.000000
v 36.500000 45.866024 7.000000
v 36.357212 45.766045 7.000000
v 36.233955 45.642788 7.000000
v 36.133976 45.500000 7.000000
v 36.060307 45.342022 7.000000
v 36.015194 45.173649 7.000000
v 36.000000 45.000000 7.000000
v 79.439339 25.439341 7.000000
v 79.286476 25.618322 7.000000
v 51.713524 25.618322 7.000000
v 79.618324 25.286474 7.000000
v 79.163490 25.819014 7.000000
v 51.836510 25.819014 7.000000
v 79.819016 25.163490 7.000000
v 80.036476 25.073416 7.000000
v 79.073418 26.036474 7.000000
v 51.926586 26.036474 7.000000
v 80.265350 25.018467 7.000000
v 79.018471 26.265348 7.000000
v 51.981533 26.265348 7.000000
v 79.000000 26.500000 7.000000
v 52.000000 26.500000 7.000000
v 80.500000 25.000000 7.000000
v 79.018471 26.734652 7.000000
v 51.981533 26.734652 7.000000
v 80.734650 25.018467 7.000000
v 80.963524 25.073416 7.000000
v 79.073418 26.963526 7.000000
v 51.926586 26.963526 7.000000
v 79.163490 27.180986 7.000000
v 51.836510 27.180986 7.000000
v 51.713524 27.381678 7.000000
v 81.180984 25.163490 7.000000
v 81.381676 25.286474 7.000000
v 79.286476 27.381678 7.000000
v 79.439339 27.560659 7.000000
v 51.560661 27.560659 7.000000
v 81.560661 25.439341 7.000000
v 81.713524 25.618322 7.000000
v 79.618324 27.713526 7.000000
v 51.381680 27.713526 7.000000
v 81.836510 25.819014 7.000000
v 81.926582 26.036474 7.000000
v 81.981529 26.265348 7.000000
v 83.000000 66.000000 7.000000
v 37.939693 45.342022 7.000000
v 37.866024 45.500000 7.000000
v 81.926582 26.963526 7.000000
v 81.981529 26.734652 7.000000
v 81.836510 27.180986 7.000000
v 81.713524 27.381678 7.000000
v 81.560661 27.560659 7.000000
v 81.381676 27.713526 7.000000
v 81.180984 27.836510 7.000000
v 80.963524 27.926584 7.000000
v 80.734650 27.981533 7.000000
v 80.500000 28.000000 7.000000
v 80.265350 27.981533 7.000000
v 80.036476 27.926584 7.000000
v 79.819016 27.836510 7.000000
v 82.000000 26.500000 7.000000
v 83.000000 66.000000 3.000000
v 3.360627 3.701368 3.000000
v 2.000000 0.000000 3.000000
v 3.629514 3.424966 3.000000
v 3.927177 3.179822 3.000000
v 3.123778 4.005672 3.000000
v 4.250000 2.968911 3.000000
v 2.921842 4.334184 3.000000
v 4.594066 2.794793 3.000000
v 2.757271 4.682917 3.000000
v 4.955198 2.659582 3.000000
v 2.632062 5.047638 3.000000
v 5.329013 2.564920 3.000000
v 2.547735 5.423919 3.000000
v 5.710972 2.511954 3.000000
v 2.505315 5.807193 3.000000
v 6.096440 2.501329 3.000000
v 2.505315 6.192807 3.000000
v 6.480738 2.533173 3.000000
v 12.000000 0.000000 3.000000
v 6.859199 2.607099 3.000000
v 7.227232 2.722211 3.000000
v 7.580367 2.877110 3.000000
v 7.914319 3.069917 3.000000
v 8.225033 3.298292 3.000000
v 8.508739 3.559461 3.000000
v 8.761992 3.850255 3.000000
v 8.981718 4.167145 3.000000
v 9.165250 4.506282 3.000000
v 9.310360 4.863552 3.000000
v 9.415287 5.234616 3.000000
v 9.478757 5.614971 3.000000
v 9.500000 6.000000 3.000000
v 9.478757 6.385029 3.000000
v 2.000000 29.500000 3.000000
v 5.329013 9.435081 3.000000
v 5.710972 9.488046 3.000000
v 4.955198 9.340418 3.000000
v 4.594066 9.205207 3.000000
v 4.250000 9.031089 3.000000
v 3.927177 8.820178 3.000000
v 3.629514 8.575034 3.000000
v 3.360627 8.298632 3.000000
v 3.123778 7.994328 3.000000
v 2.921842 7.665816 3.000000
v 2.757271 7.317083 3.000000
v 2.632062 6.952362 3.000000
v 2.547735 6.576081 3.000000
v 9.415287 6.765384 3.000000
v 9.310360 7.136448 3.000000
v 9.165250 7.493718 3.000000
v 8.981718 7.832855 3.000000
v 8.000000 29.500000 3.000000
v 7.227232 9.277789 3.000000
v 7.580367 9.122890 3.000000
v 6.859199 9.392900 3.000000
v 6.480738 9.466827 3.000000
v 6.096440 9.498672 3.000000
v 14.266948 30.319828 3.000000
v 14.301764 30.284134 3.000000
v 14.338314 30.250219 3.000000
v 14.233955 30.357212 3.000000
v 14.376511 30.218168 3.000000
v 14.202868 30.396196 3.000000
v 14.416256 30.188063 3.000000
v 14.173761 30.436680 3.000000
v 14.457454 30.159973 3.000000
v 14.146709 30.478565 3.000000
v 14.500000 30.133974 3.000000
v 14.121778 30.521746 3.000000
v 14.543789 30.110128 3.000000
v 14.099031 30.566116 3.000000
v 14.588713 30.088493 3.000000
v 14.078524 30.611565 3.000000
v 14.634659 30.069126 3.000000
v 14.060308 30.657980 3.000000
v 14.681514 30.052073 3.000000
v 14.044427 30.705244 3.000000
v 14.729159 30.037376 3.000000
v 14.030923 30.753242 3.000000
v 14.777479 30.025072 3.000000
v 14.019828 30.801853 3.000000
v 14.826352 30.015192 3.000000
v 14.011169 30.850958 3.000000
v 14.875656 30.007761 3.000000
v 7.914319 8.930082 3.000000
v 14.004970 30.900433 3.000000
v 14.925270 30.002796 3.000000
v 14.001243 30.950153 3.000000
v 14.975069 30.000311 3.000000
v 14.000000 31.000000 3.000000
v 15.024931 30.000311 3.000000
v 8.225033 8.701708 3.000000
v 14.001243 31.049847 3.000000
v 15.074730 30.002796 3.000000
v 14.004970 31.099567 3.000000
v 15.124344 30.007761 3.000000
v 8.508739 8.440538 3.000000
v 14.011169 31.149042 3.000000
v 15.173648 30.015192 3.000000
v 14.019828 31.198147 3.000000
v 15.222521 30.025072 3.000000
v 14.030923 31.246758 3.000000
v 15.270841 30.037376 3.000000
v 8.761992 8.149744 3.000000
v 14.044427 31.294756 3.000000
v 15.318486 30.052073 3.000000
v 14.060308 31.342020 3.000000
v 15.365341 30.069126 3.000000
v 14.078524 31.388435 3.000000
v 15.411287 30.088493 3.000000
v 14.099031 31.433884 3.000000
v 15.456211 30.110128 3.000000
v 14.121778 31.478254 3.000000
v 15.500000 30.133974 3.000000
v 14.146709 31.521435 3.000000
v 15.542546 30.159973 3.000000
v 14.173761 31.563320 3.000000
v 15.583744 30.188063 3.000000
v 15.623489 30.218168 3.000000
v 15.661686 30.250219 3.000000
v 15.698236 30.284134 3.000000
v 15.733052 30.319828 3.000000
v 15.766045 30.357212 3.000000
v 15.797132 30.396196 3.000000
v 15.826239 30.436680 3.000000
v 15.853291 30.478565 3.000000
v 15.878222 30.521746 3.000000
v 15.900969 30.566116 3.000000
v 15.921476 30.611565 3.000000
v 15.939692 30.657980 3.000000
v 15.955573 30.705244 3.000000
v 15.969077 30.753242 3.000000
v 15.980172 30.801853 3.000000
v 15.988831 30.850958 3.000000
v 15.995030 30.900433 3.000000
v 15.998757 30.950153 3.000000
v 16.000000 31.000000 3.000000
v 15.998757 31.049847 3.000000
v 8.000000 39.500000 3.000000
v 15.456211 31.889872 3.000000
v 15.500000 31.866026 3.000000
v 15.411287 31.911507 3.000000
v 15.365341 31.930874 3.000000
v 15.318486 31.947927 3.000000
v 15.270841 31.962624 3.000000
v 15.222521 31.974928 3.000000
v 15.173648 31.984808 3.000000
v 15.124344 31.992239 3.000000
v 15.074730 31.997204 3.000000
v 15.024931 31.999689 3.000000
v 14.975069 31.999689 3.000000
v 14.925270 31.997204 3.000000
v 14.875656 31.992239 3.000000
v 14.826352 31.984808 3.000000
v 14.777479 31.974928 3.000000
v 14.729159 31.962624 3.000000
v 14.681514 31.947927 3.000000
v 14.634659 31.930874 3.000000
v 14.588713 31.911507 3.000000
v 14.543789 31.889872 3.000000
v 14.500000 31.866026 3.000000
v 14.457454 31.840027 3.000000
v 14.416256 31.811937 3.000000
v 14.376511 31.781832 3.000000
v 14.338314 31.749781 3.000000
v 14.301764 31.715866 3.000000
v 14.266948 31.680172 3.000000
v 14.233955 31.642788 3.000000
v 14.202868 31.603804 3.000000
v 3.360627 60.701366 3.000000
v 2.000000 39.500000 3.000000
v 3.629514 60.424965 3.000000
v 3.927177 60.179821 3.000000
v 3.123778 61.005672 3.000000
v 4.250000 59.968910 3.000000
v 2.921842 61.334183 3.000000
v 4.594066 59.794792 3.000000
v 2.757271 61.682919 3.000000
v 4.955198 59.659584 3.000000
v 2.632062 62.047638 3.000000
v 5.329013 59.564919 3.000000
v 2.547735 62.423920 3.000000
v 5.710972 59.511955 3.000000
v 2.505315 62.807194 3.000000
v 6.096440 59.501328 3.000000
v 6.480738 59.533173 3.000000
v 6.859199 59.607098 3.000000
v 7.227232 59.722210 3.000000
v 7.580367 59.877110 3.000000
v 7.914319 60.069916 3.000000
v 8.225033 60.298290 3.000000
v 8.508739 60.559460 3.000000
v 8.761992 60.850254 3.000000
v 2.000000 69.000000 3.000000
v 3.360627 65.298630 3.000000
v 3.629514 65.575035 3.000000
v 3.123778 64.994331 3.000000
v 2.921842 64.665817 3.000000
v 2.757271 64.317085 3.000000
v 2.632062 63.952362 3.000000
v 2.547735 63.576080 3.000000
v 2.505315 63.192806 3.000000
v 4.250000 66.031090 3.000000
v 4.594066 66.205208 3.000000
v 3.927177 65.820175 3.000000
v 4.955198 66.340416 3.000000
v 5.329013 66.435081 3.000000
v 5.710972 66.488045 3.000000
v 6.096440 66.498672 3.000000
v 6.480738 66.466827 3.000000
v 12.000000 69.000000 3.000000
v 9.500000 63.000000 3.000000
v 9.478757 62.614971 3.000000
v 9.478757 63.385029 3.000000
v 9.415287 63.765385 3.000000
v 9.310360 64.136452 3.000000
v 9.165250 64.493721 3.000000
v 8.981718 64.832855 3.000000
v 8.761992 65.149742 3.000000
v 8.508739 65.440536 3.000000
v 8.225033 65.701706 3.000000
v 7.914319 65.930084 3.000000
v 7.580367 66.122887 3.000000
v 7.227232 66.277786 3.000000
v 6.859199 66.392899 3.000000
v 15.980172 31.198147 3.000000
v 15.988831 31.149042 3.000000
v 15.969077 31.246758 3.000000
v 15.955573 31.294756 3.000000
v 15.939692 31.342020 3.000000
v 15.921476 31.388435 3.000000
v 15.900969 31.433884 3.000000
v 8.981718 61.167145 3.000000
v 15.878222 31.478254 3.000000
v 9.165250 61.506283 3.000000
v 15.853291 31.521435 3.000000
v 9.310360 61.863552 3.000000
v 15.826239 31.563320 3.000000
v 9.415287 62.234615 3.000000
v 15.797132 31.603804 3.000000
v 15.766045 31.642788 3.000000
v 15.733052 31.680172 3.000000
v 15.698236 31.715866 3.000000
v 15.661686 31.749781 3.000000
v 15.623489 31.781832 3.000000
v 15.583744 31.811937 3.000000
v 15.542546 31.840027 3.000000
v 101.000000 15.500000 3.000000
v 83.000000 15.500000 3.000000
v 142.877228 3.505316 3.000000
v 143.147903 3.265524 3.000000
v 142.671814 3.802915 3.000000
v 143.468094 3.097476 3.000000
v 142.543594 4.141026 3.000000
v 143.819199 3.010937 3.000000
v 142.500000 4.500000 3.000000
v 142.543594 4.858974 3.000000
v 142.671814 5.197085 3.000000
v 142.877228 5.494684 3.000000
v 143.147903 5.734476 3.000000
v 101.000000 53.500000 3.000000
v 83.000000 53.500000 3.000000
v 156.000000 0.000000 3.000000
v 145.456406 4.858974 3.000000
v 145.500000 4.500000 3.000000
v 145.328186 5.197085 3.000000
v 145.122772 5.494684 3.000000
v 144.180801 3.010937 3.000000
v 144.531906 3.097476 3.000000
v 144.852097 3.265524 3.000000
v 145.122772 3.505316 3.000000
v 145.328186 3.802915 3.000000
v 145.456406 4.141026 3.000000
v 160.000000 29.500000 3.000000
v 144.852097 5.734476 3.000000
v 144.531906 5.902524 3.000000
v 144.180801 5.989063 3.000000
v 143.819199 5.989063 3.000000
v 166.000000 0.000000 3.000000
v 143.468094 5.902524 3.000000
v 166.000000 29.500000 3.000000
v 143.086853 63.309971 3.000000
v 142.939346 63.439339 3.000000
v 142.809967 63.586857 3.000000
v 143.250000 63.200962 3.000000
v 160.000000 39.500000 3.000000
v 142.700958 63.750000 3.000000
v 143.425980 63.114182 3.000000
v 142.614182 63.925976 3.000000
v 143.611771 63.051113 3.000000
v 142.551117 64.111771 3.000000
v 143.804214 63.012833 3.000000
v 142.512833 64.304214 3.000000
v 144.000000 63.000000 3.000000
v 142.500000 64.500000 3.000000
v 144.195786 63.012833 3.000000
v 142.512833 64.695786 3.000000
v 144.388229 63.051113 3.000000
v 142.551117 64.888229 3.000000
v 144.574020 63.114182 3.000000
v 142.614182 65.074028 3.000000
v 144.750000 63.200962 3.000000
v 142.700958 65.250000 3.000000
v 142.809967 65.413139 3.000000
v 144.913147 63.309971 3.000000
v 142.939346 65.560661 3.000000
v 145.060654 63.439339 3.000000
v 143.086853 65.690033 3.000000
v 145.190033 63.586857 3.000000
v 143.250000 65.799042 3.000000
v 143.425980 65.885818 3.000000
v 156.000000 69.000000 3.000000
v 145.487167 64.695786 3.000000
v 145.500000 64.500000 3.000000
v 145.448883 64.888229 3.000000
v 145.385818 65.074028 3.000000
v 145.299042 65.250000 3.000000
v 145.190033 65.413139 3.000000
v 145.060654 65.560661 3.000000
v 144.913147 65.690033 3.000000
v 144.750000 65.799042 3.000000
v 144.574020 65.885818 3.000000
v 144.388229 65.948891 3.000000
v 144.195786 65.987167 3.000000
v 144.000000 66.000000 3.000000
v 143.804214 65.987167 3.000000
v 145.299042 63.750000 3.000000
v 145.385818 63.925976 3.000000
v 145.448883 64.111771 3.000000
v 145.487167 64.304214 3.000000
v 166.000000 69.000000 3.000000
v 166.000000 39.500000 3.000000
v 143.611771 65.948891 3.000000
v 15.995030 31.099567 3.000000
v 38.000000 17.000000 -1.000000
v 37.984806 17.173649 -1.000000
v 37.939693 17.342020 -1.000000
v 37.866024 17.500000 -1.000000
v 37.766045 17.642788 -1.000000
v 37.642788 17.766045 -1.000000
v 37.500000 17.866026 -1.000000
v 37.342022 17.939693 -1.000000
v 37.173649 17.984808 -1.000000
v 37.000000 18.000000 -1.000000
v 36.826351 17.984808 -1.000000
v 36.657978 17.939693 -1.000000
v 36.500000 17.866026 -1.000000
v 36.357212 17.766045 -1.000000
v 36.233955 17.642788 -1.000000
v 36.133976 17.500000 -1.000000
v 36.060307 17.342020 -1.000000
v 36.015194 17.173649 -1.000000
v 36.000000 17.000000 -1.000000
v 36.015194 16.826351 -1.000000
v 36.060307 16.657980 -1.000000
v 36.133976 16.500000 -1.000000
v 36.233955 16.357212 -1.000000
v 36.357212 16.233955 -1.000000
v 36.500000 16.133974 -1.000000
v 36.657978 16.060307 -1.000000
v 36.826351 16.015192 -1.000000
v 37.000000 16.000000 -1.000000
v 37.173649 16.015192 -1.000000
v 37.342022 16.060307 -1.000000
v 37.500000 16.133974 -1.000000
v 37.642788 16.233955 -1.000000
v 37.766045 16.357212 -1.000000
v 37.866024 16.500000 -1.000000
v 37.939693 16.657980 -1.000000
v 37.984806 16.826351 -1.000000
v 52.000000 26.500000 -1.000000
v 51.981533 26.734652 -1.000000
v 51.926586 26.963526 -1.000000
v 51.836510 27.180986 -1.000000
v 51.713524 27.381678 -1.000000
v 51.560661 27.560659 -1.000000
v 51.381680 27.713526 -1.000000
v 51.180984 27.836510 -1.000000
v 50.963524 27.926584 -1.000000
v 50.734653 27.981533 -1.000000
v 50.500000 28.000000 -1.000000
v 50.265347 27.981533 -1.000000
v 50.036476 27.926584 -1.000000
v 49.819016 27.836510 -1.000000
v 49.618320 27.713526 -1.000000
v 49.439339 27.560659 -1.000000
v 49.286476 27.381678 -1.000000
v 49.163490 27.180986 -1.000000
v 49.073414 26.963526 -1.000000
v 49.018467 26.734652 -1.000000
v 49.000000 26.500000 -1.000000
v 49.018467 26.265348 -1.000000
v 49.073414 26.036474 -1.000000
v 49.163490 25.819014 -1.000000
v 49.286476 25.618322 -1.000000
v 49.439339 25.439341 -1.000000
v 49.618320 25.286474 -1.000000
v 49.819016 25.163490 -1.000000
v 50.036476 25.073416 -1.000000
v 50.265347 25.018467 -1.000000
v 50.500000 25.000000 -1.000000
v 50.734653 25.018467 -1.000000
v 50.963524 25.073416 -1.000000
v 51.180984 25.163490 -1.000000
v 51.381680 25.286474 -1.000000
v 51.560661 25.439341 -1.000000
v 51.713524 25.618322 -1.000000
v 51.836510 25.819014 -1.000000
v 51.926586 26.036474 -1.000000
v 51.981533 26.265348 -1.000000
v 82.000000 26.500000 -1.000000
v 81.981529 26.734652 -1.000000
v 81.926582 26.963526 -1.000000
v 81.836510 27.180986 -1.000000
v 81.713524 27.381678 -1.000000
v 81.560661 27.560659 -1.000000
v 81.381676 27.713526 -1.000000
v 81.180984 27.836510 -1.000000
v 80.963524 27.926584 -1.000000
v 80.734650 27.981533 -1.000000
v 80.500000 28.000000 -1.000000
v 80.265350 27.981533 -1.000000
v 80.036476 27.926584 -1.000000
v 79.819016 27.836510 -1.000000
v 79.618324 27.713526 -1.000000
v 79.439339 27.560659 -1.000000
v 79.286476 27.381678 -1.000000
v 79.163490 27.180986 -1.000000
v 79.073418 26.963526 -1.000000
v 79.018471 26.734652 -1.000000
v 79.000000 26.500000 -1.000000
v 79.018471 26.265348 -1.000000
v 79.073418 26.036474 -1.000000
v 79.163490 25.819014 -1.000000
v 79.286476 25.618322 -1.000000
v 79.439339 25.439341 -1.000000
v 79.618324 25.286474 -1.000000
v 79.819016 25.163490 -1.000000
v 80.036476 25.073416 -1.000000
v 80.265350 25.018467 -1.000000
v 80.500000 25.000000 -1.000000
v 80.734650 25.018467 -1.000000
v 80.963524 25.073416 -1.000000
v 81.180984 25.163490 -1.000000
v 81.381676 25.286474 -1.000000
v 81.560661 25.439341 -1.000000
v 81.713524 25.618322 -1.000000
v 81.836510 25.819014 -1.000000
v 81.926582 26.036474 -1.000000
v 81.981529 26.265348 -1.000000
v 38.000000 45.000000 -1.000000
v 37.984806 45.173649 -1.000000
v 37.939693 45.342022 -1.000000
v 37.866024 45.500000 -1.000000
v 37.766045 45.642788 -1.000000
v 37.642788 45.766045 -1.000000
v 37.500000 45.866024 -1.000000
v 37.342022 45.939693 -1.000000
v 37.173649 45.984806 -1.000000
v 37.000000 46.000000 -1.000000
v 36.826351 45.984806 -1.000000
v 36.657978 45.939693 -1.000000
v 36.500000 45.866024 -1.000000
v 36.357212 45.766045 -1.000000
v 36.233955 45.642788 -1.000000
v 36.133976 45.500000 -1.000000
v 36.060307 45.342022 -1.000000
v 36.015194 45.173649 -1.000000
v 36.000000 45.000000 -1.000000
v 36.015194 44.826351 -1.000000
v 36.060307 44.657978 -1.000000
v 36.133976 44.500000 -1.000000
v 36.233955 44.357212 -1.000000
v 36.357212 44.233955 -1.000000
v 36.500000 44.133976 -1.000000
v 36.657978 44.060307 -1.000000
v 36.826351 44.015194 -1.000000
v 37.000000 44.000000 -1.000000
v 37.173649 44.015194 -1.000000
v 37.342022 44.060307 -1.000000
v 37.500000 44.133976 -1.000000
v 37.642788 44.233955 -1.000000
v 37.766045 44.357212 -1.000000
v 37.866024 44.500000 -1.000000
v 37.939693 44.657978 -1.000000
v 37.984806 44.826351 -1.000000
v 2.000000 0.000000 -1.000000
v 2.000000 29.500000 -1.000000
v 8.000000 29.500000 -1.000000
v 8.000000 39.500000 -1.000000
v 2.000000 39.500000 -1.000000
v 2.000000 69.000000 -1.000000
v 3.360627 70.701370 3.000000
v 3.629514 70.424965 3.000000
v 3.927177 70.179825 3.000000
v 3.123778 71.005669 3.000000
v 4.250000 69.968910 3.000000
v 2.921842 71.334183 3.000000
v 4.594066 69.794792 3.000000
v 2.757271 71.682915 3.000000
v 4.955198 69.659584 3.000000
v 2.632062 72.047638 3.000000
v 5.329013 69.564919 3.000000
v 2.547735 72.423920 3.000000
v 5.710972 69.511955 3.000000
v 2.505315 72.807190 3.000000
v 6.096440 69.501328 3.000000
v 2.000000 77.000000 3.000000
v 3.123778 74.994331 3.000000
v 3.360627 75.298630 3.000000
v 2.921842 74.665817 3.000000
v 2.757271 74.317085 3.000000
v 2.632062 73.952362 3.000000
v 2.547735 73.576080 3.000000
v 2.505315 73.192810 3.000000
v 3.629514 75.575035 3.000000
v 3.927177 75.820175 3.000000
v 4.250000 76.031090 3.000000
v 4.594066 76.205208 3.000000
v 6.480738 69.533173 3.000000
v 6.859199 69.607101 3.000000
v 7.227232 69.722214 3.000000
v 7.580367 69.877113 3.000000
v 7.914319 70.069916 3.000000
v 8.225033 70.298294 3.000000
v 8.508739 70.559464 3.000000
v 8.761992 70.850258 3.000000
v 8.981718 71.167145 3.000000
v 9.165250 71.506279 3.000000
v 9.310360 71.863548 3.000000
v 4.955198 76.340416 3.000000
v 5.329013 76.435081 3.000000
v 8.000000 77.000000 3.000000
v 8.508739 75.440536 3.000000
v 8.761992 75.149742 3.000000
v 8.225033 75.701706 3.000000
v 7.914319 75.930084 3.000000
v 7.580367 76.122887 3.000000
v 7.227232 76.277786 3.000000
v 6.859199 76.392899 3.000000
v 6.480738 76.466827 3.000000
v 6.096440 76.498672 3.000000
v 5.710972 76.488045 3.000000
v 12.000000 73.000000 3.000000
v 9.478757 73.385025 3.000000
v 9.500000 73.000000 3.000000
v 9.415287 73.765381 3.000000
v 9.310360 74.136452 3.000000
v 9.165250 74.493721 3.000000
v 8.981718 74.832855 3.000000
v 9.415287 72.234619 3.000000
v 9.478757 72.614975 3.000000
v 156.000000 69.000000 -1.000000
v 12.000000 69.000000 -1.000000
v 159.334946 70.731201 3.000000
v 159.646942 70.409027 3.000000
v 159.997589 70.129395 3.000000
v 159.066696 71.090630 3.000000
v 160.381119 69.896904 3.000000
v 158.846603 71.481407 3.000000
v 160.791229 69.715363 3.000000
v 158.678299 71.897118 3.000000
v 156.000000 73.000000 3.000000
v 161.221176 69.587753 3.000000
v 158.564545 72.330948 3.000000
v 161.663925 69.516174 3.000000
v 158.507187 72.775757 3.000000
v 158.507187 73.224243 3.000000
v 158.564545 73.669052 3.000000
v 158.678299 74.102882 3.000000
v 158.846603 74.518593 3.000000
v 159.066696 74.909370 3.000000
v 162.112183 69.501801 3.000000
v 162.558594 69.544861 3.000000
v 162.995850 69.644661 3.000000
v 163.416748 69.799553 3.000000
v 163.814377 70.007004 3.000000
v 164.182220 70.263588 3.000000
v 164.514221 70.565109 3.000000
v 164.804947 70.906616 3.000000
v 165.049622 71.282486 3.000000
v 165.244202 71.686569 3.000000
v 160.000000 77.000000 3.000000
v 159.997589 75.870605 3.000000
v 160.381119 76.103096 3.000000
v 159.646942 75.590973 3.000000
v 159.334946 75.268799 3.000000
v 160.791229 76.284637 3.000000
v 165.385529 72.112206 3.000000
v 161.221176 76.412247 3.000000
v 165.471268 72.552429 3.000000
v 161.663925 76.483826 3.000000
v 165.500000 73.000000 3.000000
v 162.112183 76.498199 3.000000
v 166.000000 77.000000 3.000000
v 165.471268 73.447571 3.000000
v 165.385529 73.887794 3.000000
v 165.244202 74.313431 3.000000
v 165.049622 74.717514 3.000000
v 164.804947 75.093384 3.000000
v 164.514221 75.434891 3.000000
v 164.182220 75.736412 3.000000
v 163.814377 75.992996 3.000000
v 163.416748 76.200447 3.000000
v 162.995850 76.355339 3.000000
v 162.558594 76.455139 3.000000
v 166.000000 39.500000 -1.000000
v 166.000000 69.000000 -1.000000
v 160.000000 39.500000 -1.000000
v 160.000000 29.500000 -1.000000
v 166.000000 29.500000 -1.000000
v 166.000000 0.000000 -1.000000
v 159.334946 -6.268799 3.000000
v 160.000000 -8.000000 3.000000
v 159.646942 -6.590973 3.000000
v 159.997589 -6.870603 3.000000
v 159.066696 -5.909372 3.000000
v 156.000000 -4.000000 3.000000
v 160.381119 -7.103097 3.000000
v 158.846603 -5.518593 3.000000
v 160.791229 -7.284639 3.000000
v 158.678299 -5.102879 3.000000
v 161.221176 -7.412248 3.000000
v 158.564545 -4.669055 3.000000
v 161.663925 -7.483827 3.000000
v 158.507187 -4.224246 3.000000
v 162.112183 -7.498202 3.000000
v 158.507187 -3.775754 3.000000
v 158.564545 -3.330945 3.000000
v 158.678299 -2.897121 3.000000
v 158.846603 -2.481407 3.000000
v 159.066696 -2.090628 3.000000
v 159.334946 -1.731201 3.000000
v 166.000000 -8.000000 3.000000
v 162.558594 -7.455136 3.000000
v 162.995850 -7.355338 3.000000
v 163.416748 -7.200444 3.000000
v 163.814377 -6.993000 3.000000
v 164.182220 -6.736410 3.000000
v 164.514221 -6.434889 3.000000
v 159.646942 -1.409027 3.000000
v 164.804947 -6.093387 3.000000
v 159.997589 -1.129397 3.000000
v 165.049622 -5.717512 3.000000
v 160.381119 -0.896902 3.000000
v 165.244202 -5.313435 3.000000
v 160.791229 -0.715361 3.000000
v 165.385529 -4.887791 3.000000
v 165.471268 -4.447570 3.000000
v 165.500000 -4.000000 3.000000
v 165.471268 -3.552430 3.000000
v 165.385529 -3.112209 3.000000
v 165.244202 -2.686565 3.000000
v 165.049622 -2.282489 3.000000
v 164.804947 -1.906613 3.000000
v 164.514221 -1.565111 3.000000
v 164.182220 -1.263590 3.000000
v 163.814377 -1.007000 3.000000
v 163.416748 -0.799556 3.000000
v 162.995850 -0.644662 3.000000
v 162.558594 -0.544864 3.000000
v 162.112183 -0.501798 3.000000
v 161.663925 -0.516173 3.000000
v 161.221176 -0.587752 3.000000
v 156.000000 0.000000 -1.000000
v 12.000000 0.000000 -1.000000
v 3.360627 -6.298632 3.000000
v 2.000000 -8.000000 3.000000
v 3.629514 -6.575034 3.000000
v 3.927177 -6.820178 3.000000
v 3.123778 -5.994328 3.000000
v 4.250000 -7.031089 3.000000
v 2.921842 -5.665816 3.000000
v 4.594066 -7.205207 3.000000
v 2.757271 -5.317083 3.000000
v 4.955198 -7.340417 3.000000
v 2.632062 -4.952362 3.000000
v 5.329013 -7.435080 3.000000
v 2.547735 -4.576081 3.000000
v 5.710972 -7.488046 3.000000
v 2.505315 -4.192807 3.000000
v 8.000000 -8.000000 3.000000
v 6.096440 -7.498671 3.000000
v 6.480738 -7.466827 3.000000
v 6.859199 -7.392901 3.000000
v 7.227232 -7.277789 3.000000
v 7.580367 -7.122890 3.000000
v 7.914319 -6.930083 3.000000
v 8.225033 -6.701708 3.000000
v 3.123778 -2.005672 3.000000
v 3.360627 -1.701368 3.000000
v 2.921842 -2.334184 3.000000
v 2.757271 -2.682917 3.000000
v 2.632062 -3.047638 3.000000
v 2.547735 -3.423919 3.000000
v 2.505315 -3.807193 3.000000
v 8.508739 -6.440539 3.000000
v 3.629514 -1.424966 3.000000
v 8.761992 -6.149745 3.000000
v 3.927177 -1.179822 3.000000
v 4.250000 -0.968911 3.000000
v 4.594066 -0.794793 3.000000
v 4.955198 -0.659582 3.000000
v 5.329013 -0.564920 3.000000
v 12.000000 -4.000000 3.000000
v 9.478757 -3.614971 3.000000
v 9.500000 -4.000000 3.000000
v 9.415287 -3.234616 3.000000
v 9.310360 -2.863552 3.000000
v 8.981718 -5.832855 3.000000
v 9.165250 -5.493718 3.000000
v 9.310360 -5.136448 3.000000
v 9.415287 -4.765384 3.000000
v 9.478757 -4.385029 3.000000
v 9.165250 -2.506283 3.000000
v 8.981718 -2.167145 3.000000
v 8.761992 -1.850255 3.000000
v 8.508739 -1.559461 3.000000
v 8.225033 -1.298292 3.000000
v 7.914319 -1.069917 3.000000
v 7.580367 -0.877110 3.000000
v 7.227232 -0.722211 3.000000
v 6.096440 -0.501329 3.000000
v 5.710972 -0.511954 3.000000
v 6.480738 -0.533173 3.000000
v 6.859199 -0.607099 3.000000
v 9.500000 6.000000 1.000000
v 9.478757 6.385029 1.000000
v 9.415287 6.765384 1.000000
v 9.310360 7.136448 1.000000
v 9.165250 7.493718 1.000000
v 8.981718 7.832855 1.000000
v 8.761992 8.149744 1.000000
v 8.508739 8.440538 1.000000
v 8.225033 8.701708 1.000000
v 7.914319 8.930082 1.000000
v 7.580367 9.122890 1.000000
v 7.227232 9.277789 1.000000
v 6.859199 9.392900 1.000000
v 6.480738 9.466827 1.000000
v 6.096440 9.498672 1.000000
v 5.710972 9.488046 1.000000
v 5.329013 9.435081 1.000000
v 4.955198 9.340418 1.000000
v 4.594066 9.205207 1.000000
v 4.250000 9.031089 1.000000
v 3.927177 8.820178 1.000000
v 3.629514 8.575034 1.000000
v 3.360627 8.298632 1.000000
v 3.123778 7.994328 1.000000
v 2.921842 7.665816 1.000000
v 2.757271 7.317083 1.000000
v 2.632062 6.952362 1.000000
v 2.547735 6.576081 1.000000
v 2.505315 6.192807 1.000000
v 2.505315 5.807193 1.000000
v 2.547735 5.423919 1.000000
v 2.632062 5.047638 1.000000
v 2.757271 4.682917 1.000000
v 2.921842 4.334184 1.000000
v 3.123778 4.005672 1.000000
v 3.360627 3.701368 1.000000
v 3.629514 3.424966 1.000000
v 3.927177 3.179822 1.000000
v 4.250000 2.968911 1.000000
v 4.594066 2.794793 1.000000
v 4.955198 2.659582 1.000000
v 5.329013 2.564920 1.000000
v 5.710972 2.511954 1.000000
v 6.096440 2.501329 1.000000
v 6.480738 2.533173 1.000000
v 6.859199 2.607099 1.000000
v 7.227232 2.722211 1.000000
v 7.580367 2.877110 1.000000
v 7.914319 3.069917 1.000000
v 8.225033 3.298292 1.000000
v 8.508739 3.559461 1.000000
v 8.761992 3.850255 1.000000
v 8.981718 4.167145 1.000000
v 9.165250 4.506282 1.000000
v 9.310360 4.863552 1.000000
v 9.415287 5.234616 1.000000
v 9.478757 5.614971 1.000000
v 16.000000 31.000000 -1.000000
v 15.998757 31.049847 -1.000000
v 15.995030 31.099567 -1.000000
v 15.988831 31.149042 -1.000000
v 15.980172 31.198147 -1.000000
v 15.969077 31.246758 -1.000000
v 15.955573 31.294756 -1.000000
v 15.939692 31.342020 -1.000000
v 15.921476 31.388435 -1.000000
v 15.900969 31.433884 -1.000000
v 15.878222 31.478254 -1.000000
v 15.853291 31.521435 -1.000000
v 15.826239 31.563320 -1.000000
v 15.797132 31.603804 -1.000000
v 15.766045 31.642788 -1.000000
v 15.733052 31.680172 -1.000000
v 15.698236 31.715866 -1.000000
v 15.661686 31.749781 -1.000000
v 15.623489 31.781832 -1.000000
v 15.583744 31.811937 -1.000000
v 15.542546 31.840027 -1.000000
v 15.500000 31.866026 -1.000000
v 15.456211 31.889872 -1.000000
v 15.411287 31.911507 -1.000000
v 15.365341 31.930874 -1.000000
v 15.318486 31.947927 -1.000000
v 15.270841 31.962624 -1.000000
v 15.222521 31.974928 -1.000000
v 15.173648 31.984808 -1.000000
v 15.124344 31.992239 -1.000000
v 15.074730 31.997204 -1.000000
v 15.024931 31.999689 -1.000000
v 14.975069 31.999689 -1.000000
v 14.925270 31.997204 -1.000000
v 14.875656 31.992239 -1.000000
v 14.826352 31.984808 -1.000000
v 14.777479 31.974928 -1.000000
v 14.729159 31.962624 -1.000000
v 14.681514 31.947927 -1.000000
v 14.634659 31.930874 -1.000000
v 14.588713 31.911507 -1.000000
v 14.543789 31.889872 -1.000000
v 14.500000 31.866026 -1.000000
v 14.457454 31.840027 -1.000000
v 14.416256 31.811937 -1.000000
v 14.376511 31.781832 -1.000000
v 14.338314 31.749781 -1.000000
v 14.301764 31.715866 -1.000000
v 14.266948 31.680172 -1.000000
v 14.233955 31.642788 -1.000000
v 14.202868 31.603804 -1.000000
v 14.173761 31.563320 -1.000000
v 14.146709 31.521435 -1.000000
v 14.121778 31.478254 -1.000000
v 14.099031 31.433884 -1.000000
v 14.078524 31.388435 -1.000000
v 14.060308 31.342020 -1.000000
v 14.044427 31.294756 -1.000000
v 14.030923 31.246758 -1.000000
v 14.019828 31.198147 -1.000000
v 14.011169 31.149042 -1.000000
v 14.004970 31.099567 -1.000000
v 14.001243 31.049847 -1.000000
v 14.000000 31.000000 -1.000000
v 14.001243 30.950153 -1.000000
v 14.004970 30.900433 -1.000000
v 14.011169 30.850958 -1.000000
v 14.019828 30.801853 -1.000000
v 14.030923 30.753242 -1.000000
v 14.044427 30.705244 -1.000000
v 14.060308 30.657980 -1.000000
v 14.078524 30.611565 -1.000000
v 14.099031 30.566116 -1.000000
v 14.121778 30.521746 -1.000000
v 14.146709 30.478565 -1.000000
v 14.173761 30.436680 -1.000000
v 14.202868 30.396196 -1.000000
v 14.233955 30.357212 -1.000000
v 14.266948 30.319828 -1.000000
v 14.301764 30.284134 -1.000000
v 14.338314 30.250219 -1.000000
v 14.376511 30.218168 -1.000000
v 14.416256 30.188063 -1.000000
v 14.457454 30.159973 -1.000000
v 14.500000 30.133974 -1.000000
v 14.543789 30.110128 -1.000000
v 14.588713 30.088493 -1.000000
v 14.634659 30.069126 -1.000000
v 14.681514 30.052073 -1.000000
v 14.729159 30.037376 -1.000000
v 14.777479 30.025072 -1.000000
v 14.826352 30.015192 -1.000000
v 14.875656 30.007761 -1.000000
v 14.925270 30.002796 -1.000000
v 14.975069 30.000311 -1.000000
v 15.024931 30.000311 -1.000000
v 15.074730 30.002796 -1.000000
v 15.124344 30.007761 -1.000000
v 15.173648 30.015192 -1.000000
v 15.222521 30.025072 -1.000000
v 15.270841 30.037376 -1.000000
v 15.318486 30.052073 -1.000000
v 15.365341 30.069126 -1.000000
v 15.411287 30.088493 -1.000000
v 15.456211 30.110128 -1.000000
v 15.500000 30.133974 -1.000000
v 15.542546 30.159973 -1.000000
v 15.583744 30.188063 -1.000000
v 15.623489 30.218168 -1.000000
v 15.661686 30.250219 -1.000000
v 15.698236 30.284134 -1.000000
v 15.733052 30.319828 -1.000000
v 15.766045 30.357212 -1.000000
v 15.797132 30.396196 -1.000000
v 15.826239 30.436680 -1.000000
v 15.853291 30.478565 -1.000000
v 15.878222 30.521746 -1.000000
v 15.900969 30.566116 -1.000000
v 15.921476 30.611565 -1.000000
v 15.939692 30.657980 -1.000000
v 15.955573 30.705244 -1.000000
v 15.969077 30.753242 -1.000000
v 15.980172 30.801853 -1.000000
v 15.988831 30.850958 -1.000000
v 15.995030 30.900433 -1.000000
v 15.998757 30.950153 -1.000000
v 145.500000 4.500000 -1.000000
v 145.456406 4.858974 -1.000000
v 145.328186 5.197085 -1.000000
v 145.122772 5.494684 -1.000000
v 144.852097 5.734476 -1.000000
v 144.531906 5.902524 -1.000000
v 144.180801 5.989063 -1.000000
v 143.819199 5.989063 -1.000000
v 143.468094 5.902524 -1.000000
v 143.147903 5.734476 -1.000000
v 142.877228 5.494684 -1.000000
v 142.671814 5.197085 -1.000000
v 142.543594 4.858974 -1.000000
v 142.500000 4.500000 -1.000000
v 142.543594 4.141026 -1.000000
v 142.671814 3.802915 -1.000000
v 142.877228 3.505316 -1.000000
v 143.147903 3.265524 -1.000000
v 143.468094 3.097476 -1.000000
v 143.819199 3.010937 -1.000000
v 144.180801 3.010937 -1.000000
v 144.531906 3.097476 -1.000000
v 144.852097 3.265524 -1.000000
v 145.122772 3.505316 -1.000000
v 145.328186 3.802915 -1.000000
v 145.456406 4.141026 -1.000000
v 101.000000 53.500000 -1.000000
v 83.000000 53.500000 -1.000000
v 101.000000 15.500000 -1.000000
v 83.000000 15.500000 -1.000000
v 9.500000 63.000000 1.000000
v 9.478757 63.385029 1.000000
v 9.415287 63.765385 1.000000
v 9.310360 64.136452 1.000000
v 9.165250 64.493721 1.000000
v 8.981718 64.832855 1.000000
v 8.761992 65.149742 1.000000
v 8.508739 65.440536 1.000000
v 8.225033 65.701706 1.000000
v 7.914319 65.930084 1.000000
v 7.580367 66.122887 1.000000
v 7.227232 66.277786 1.000000
v 6.859199 66.392899 1.000000
v 6.480738 66.466827 1.000000
v 6.096440 66.498672 1.000000
v 5.710972 66.488045 1.000000
v 5.329013 66.435081 1.000000
v 4.955198 66.340416 1.000000
v 4.594066 66.205208 1.000000
v 4.250000 66.031090 1.000000
v 3.927177 65.820175 1.000000
v 3.629514 65.575035 1.000000
v 3.360627 65.298630 1.000000
v 3.123778 64.994331 1.000000
v 2.921842 64.665817 1.000000
v 2.757271 64.317085 1.000000
v 2.632062 63.952362 1.000000
v 2.547735 63.576080 1.000000
v 2.505315 63.192806 1.000000
v 2.505315 62.807194 1.000000
v 2.547735 62.423920 1.000000
v 2.632062 62.047638 1.000000
v 2.757271 61.682919 1.000000
v 2.921842 61.334183 1.000000
v 3.123778 61.005672 1.000000
v 3.360627 60.701366 1.000000
v 3.629514 60.424965 1.000000
v 3.927177 60.179821 1.000000
v 4.250000 59.968910 1.000000
v 4.594066 59.794792 1.000000
v 4.955198 59.659584 1.000000
v 5.329013 59.564919 1.000000
v 5.710972 59.511955 1.000000
v 6.096440 59.501328 1.000000
v 6.480738 59.533173 1.000000
v 6.859199 59.607098 1.000000
v 7.227232 59.722210 1.000000
v 7.580367 59.877110 1.000000
v 7.914319 60.069916 1.000000
v 8.225033 60.298290 1.000000
v 8.508739 60.559460 1.000000
v 8.761992 60.850254 1.000000
v 8.981718 61.167145 1.000000
v 9.165250 61.506283 1.000000
v 9.310360 61.863552 1.000000
v 9.415287 62.234615 1.000000
v 9.478757 62.614971 1.000000
v 145.500000 64.500000 -1.000000
v 145.487167 64.695786 -1.000000
v 145.448883 64.888229 -1.000000
v 145.385818 65.074028 -1.000000
v 145.299042 65.250000 -1.000000
v 145.190033 65.413139 -1.000000
v 145.060654 65.560661 -1.000000
v 144.913147 65.690033 -1.000000
v 144.750000 65.799042 -1.000000
v 144.574020 65.885818 -1.000000
v 144.388229 65.948891 -1.000000
v 144.195786 65.987167 -1.000000
v 144.000000 66.000000 -1.000000
v 143.804214 65.987167 -1.000000
v 143.611771 65.948891 -1.000000
v 143.425980 65.885818 -1.000000
v 143.250000 65.799042 -1.000000
v 143.086853 65.690033 -1.000000
v 142.939346 65.560661 -1.000000
v 142.809967 65.413139 -1.000000
v 142.700958 65.250000 -1.000000
v 142.614182 65.074028 -1.000000
v 142.551117 64.888229 -1.000000
v 142.512833 64.695786 -1.000000
v 142.500000 64.500000 -1.000000
v 142.512833 64.304214 -1.000000
v 142.551117 64.111771 -1.000000
v 142.614182 63.925976 -1.000000
v 142.700958 63.750000 -1.000000
v 142.809967 63.586857 -1.000000
v 142.939346 63.439339 -1.000000
v 143.086853 63.309971 -1.000000
v 143.250000 63.200962 -1.000000
v 143.425980 63.114182 -1.000000
v 143.611771 63.051113 -1.000000
v 143.804214 63.012833 -1.000000
v 144.000000 63.000000 -1.000000
v 144.195786 63.012833 -1.000000
v 144.388229 63.051113 -1.000000
v 144.574020 63.114182 -1.000000
v 144.750000 63.200962 -1.000000
v 144.913147 63.309971 -1.000000
v 145.060654 63.439339 -1.000000
v 145.190033 63.586857 -1.000000
v 145.299042 63.750000 -1.000000
v 145.385818 63.925976 -1.000000
v 145.448883 64.111771 -1.000000
v 145.487167 64.304214 -1.000000
v 4.526518 4.647650 -1.000000
v 4.690279 4.488501 -1.000000
v 4.381966 4.824430 -1.000000
v 4.871114 4.349056 -1.000000
v 4.258508 5.016534 -1.000000
v 5.066665 4.231134 -1.000000
v 4.157753 5.221460 -1.000000
v 5.274384 4.136272 -1.000000
v 4.081014 5.436535 -1.000000
v 5.491563 4.065706 -1.000000
v 4.029292 5.658956 -1.000000
v 5.715370 4.020357 -1.000000
v 4.003262 5.885822 -1.000000
v 5.942888 4.000815 -1.000000
v 4.003262 6.114178 -1.000000
v 6.171150 4.007337 -1.000000
v 4.029292 6.341044 -1.000000
v 6.397181 4.039835 -1.000000
v 6.618034 4.097887 -1.000000
v 6.830830 4.180736 -1.000000
v 7.032795 4.287302 -1.000000
v 7.221296 4.416195 -1.000000
v 7.393875 4.565736 -1.000000
v 7.548283 4.733975 -1.000000
v 7.682507 4.918718 -1.000000
v 7.794797 5.117558 -1.000000
v 7.883689 5.327901 -1.000000
v 7.948024 5.547007 -1.000000
v 7.986963 5.772017 -1.000000
v 8.000000 6.000000 -1.000000
v 7.986963 6.227983 -1.000000
v 7.948024 6.452993 -1.000000
v 7.883689 6.672099 -1.000000
v 5.715370 7.979643 -1.000000
v 5.942888 7.999185 -1.000000
v 5.491563 7.934294 -1.000000
v 5.274384 7.863728 -1.000000
v 5.066665 7.768866 -1.000000
v 4.871114 7.650944 -1.000000
v 4.690279 7.511499 -1.000000
v 4.526518 7.352350 -1.000000
v 4.381966 7.175570 -1.000000
v 4.258508 6.983466 -1.000000
v 4.157753 6.778540 -1.000000
v 4.081014 6.563465 -1.000000
v 6.618034 7.902113 -1.000000
v 6.830830 7.819264 -1.000000
v 6.397181 7.960165 -1.000000
v 6.171150 7.992663 -1.000000
v 7.032795 7.712698 -1.000000
v 7.221296 7.583805 -1.000000
v 7.393875 7.434264 -1.000000
v 7.548283 7.266025 -1.000000
v 7.682507 7.081282 -1.000000
v 7.794797 6.882442 -1.000000
v 4.533896 61.639656 -1.000000
v 4.603527 61.568268 -1.000000
v 4.676628 61.500439 -1.000000
v 4.467911 61.714424 -1.000000
v 4.753020 61.436337 -1.000000
v 4.405735 61.792393 -1.000000
v 4.832513 61.376125 -1.000000
v 4.347522 61.873360 -1.000000
v 4.914907 61.319946 -1.000000
v 4.293418 61.957130 -1.000000
v 5.000000 61.267948 -1.000000
v 4.243557 62.043491 -1.000000
v 5.087579 61.220257 -1.000000
v 4.198062 62.132233 -1.000000
v 5.177426 61.176987 -1.000000
v 4.157048 62.223129 -1.000000
v 5.269318 61.138252 -1.000000
v 4.120615 62.315960 -1.000000
v 5.363027 61.104145 -1.000000
v 4.088854 62.410488 -1.000000
v 5.458319 61.074753 -1.000000
v 4.061845 62.506485 -1.000000
v 5.554958 61.050144 -1.000000
v 4.039655 62.603706 -1.000000
v 5.652704 61.030384 -1.000000
v 5.751313 61.015522 -1.000000
v 5.850540 61.005592 -1.000000
v 5.950139 61.000622 -1.000000
v 6.049861 61.000622 -1.000000
v 6.149460 61.005592 -1.000000
v 6.248687 61.015522 -1.000000
v 6.347296 61.030384 -1.000000
v 6.445042 61.050144 -1.000000
v 6.541681 61.074753 -1.000000
v 6.636973 61.104145 -1.000000
v 6.730682 61.138252 -1.000000
v 6.822574 61.176987 -1.000000
v 6.912421 61.220257 -1.000000
v 7.000000 61.267948 -1.000000
v 7.085093 61.319946 -1.000000
v 7.167487 61.376125 -1.000000
v 7.246980 61.436337 -1.000000
v 7.323372 61.500439 -1.000000
v 7.396473 61.568268 -1.000000
v 7.466104 61.639656 -1.000000
v 7.532089 61.714424 -1.000000
v 5.850540 64.994408 -1.000000
v 5.950139 64.999382 -1.000000
v 5.751313 64.984482 -1.000000
v 5.652704 64.969612 -1.000000
v 5.554958 64.949860 -1.000000
v 5.458319 64.925247 -1.000000
v 5.363027 64.895851 -1.000000
v 5.269318 64.861748 -1.000000
v 5.177426 64.823013 -1.000000
v 5.087579 64.779747 -1.000000
v 5.000000 64.732048 -1.000000
v 4.914907 64.680054 -1.000000
v 4.832513 64.623878 -1.000000
v 4.753020 64.563660 -1.000000
v 4.676628 64.499565 -1.000000
v 4.603527 64.431732 -1.000000
v 4.533896 64.360344 -1.000000
v 4.467911 64.285576 -1.000000
v 4.405735 64.207611 -1.000000
v 4.347522 64.126640 -1.000000
v 4.293418 64.042870 -1.000000
v 4.243557 63.956509 -1.000000
v 4.198062 63.867767 -1.000000
v 4.157048 63.776871 -1.000000
v 4.120615 63.684040 -1.000000
v 4.088854 63.589512 -1.000000
v 4.061845 63.493515 -1.000000
v 4.039655 63.396294 -1.000000
v 4.022338 63.298084 -1.000000
v 4.009938 63.199135 -1.000000
v 4.002486 63.099693 -1.000000
v 4.000000 63.000000 -1.000000
v 4.002486 62.900307 -1.000000
v 4.009938 62.800865 -1.000000
v 4.022338 62.701916 -1.000000
v 6.049861 64.999382 -1.000000
v 6.149460 64.994408 -1.000000
v 6.248687 64.984482 -1.000000
v 7.997514 63.099693 -1.000000
v 8.000000 63.000000 -1.000000
v 7.990062 63.199135 -1.000000
v 7.977662 63.298084 -1.000000
v 7.960345 63.396294 -1.000000
v 7.938155 63.493515 -1.000000
v 7.911146 63.589512 -1.000000
v 7.879385 63.684040 -1.000000
v 7.842952 63.776871 -1.000000
v 7.801938 63.867767 -1.000000
v 7.756443 63.956509 -1.000000
v 7.706582 64.042870 -1.000000
v 7.652478 64.126640 -1.000000
v 7.594265 64.207611 -1.000000
v 7.532089 64.285576 -1.000000
v 7.466104 64.360344 -1.000000
v 7.396473 64.431732 -1.000000
v 7.323372 64.499565 -1.000000
v 7.246980 64.563660 -1.000000
v 7.167487 64.623878 -1.000000
v 7.085093 64.680054 -1.000000
v 7.938155 62.506485 -1.000000
v 7.911146 62.410488 -1.000000
v 7.000000 64.732048 -1.000000
v 7.960345 62.603706 -1.000000
v 6.912421 64.779747 -1.000000
v 7.977662 62.701916 -1.000000
v 6.822574 64.823013 -1.000000
v 7.990062 62.800865 -1.000000
v 6.730682 64.861748 -1.000000
v 7.997514 62.900307 -1.000000
v 6.636973 64.895851 -1.000000
v 6.541681 64.925247 -1.000000
v 6.445042 64.949860 -1.000000
v 6.347296 64.969612 -1.000000
v 7.594265 61.792393 -1.000000
v 7.652478 61.873360 -1.000000
v 7.706582 61.957130 -1.000000
v 7.756443 62.043491 -1.000000
v 7.801938 62.132233 -1.000000
v 7.842952 62.223129 -1.000000
v 7.879385 62.315960 -1.000000
v 70.645866 13.323038 -1.000000
v 70.885933 13.090870 -1.000000
v 70.438896 13.585133 -1.000000
v 71.154793 12.892769 -1.000000
v 70.268700 13.872475 -1.000000
v 71.447662 12.732273 -1.000000
v 70.138329 14.179938 -1.000000
v 71.759308 12.612244 -1.000000
v 70.050095 14.502035 -1.000000
v 70.005585 14.833018 -1.000000
v 70.005585 15.166982 -1.000000
v 70.050095 15.497965 -1.000000
v 70.138329 15.820062 -1.000000
v 70.268700 16.127525 -1.000000
v 70.438896 16.414867 -1.000000
v 70.645866 16.676962 -1.000000
v 70.885933 16.909130 -1.000000
v 71.154793 17.107231 -1.000000
v 71.447662 17.267727 -1.000000
v 72.416466 12.501396 -1.000000
v 90.332703 4.895683 -1.000000
v 72.084175 12.534824 -1.000000
v 90.086861 5.148394 -1.000000
v 72.750237 12.512555 -1.000000
v 90.604851 4.671552 -1.000000
v 73.079552 12.568104 -1.000000
v 89.870308 5.426614 -1.000000
v 90.900002 4.478719 -1.000000
v 73.398521 12.667048 -1.000000
v 89.685684 5.726968 -1.000000
v 91.214577 4.319525 -1.000000
v 73.701454 12.807625 -1.000000
v 89.535217 6.045810 -1.000000
v 91.544754 4.195904 -1.000000
v 73.982948 12.987325 -1.000000
v 89.420746 6.379269 -1.000000
v 91.886528 4.109355 -1.000000
v 89.343643 6.723297 -1.000000
v 92.235748 4.060930 -1.000000
v 74.237984 13.202941 -1.000000
v 89.304855 7.073719 -1.000000
v 92.588173 4.051215 -1.000000
v 74.977692 15.333218 -1.000000
v 75.000000 15.000000 -1.000000
v 74.911171 15.660488 -1.000000
v 74.801628 15.975973 -1.000000
v 74.651001 16.274042 -1.000000
v 74.461998 13.450625 -1.000000
v 74.651001 13.725959 -1.000000
v 74.801628 14.024027 -1.000000
v 74.911171 14.339512 -1.000000
v 74.977692 14.666782 -1.000000
v 89.535217 8.454190 -1.000000
v 89.685684 8.773031 -1.000000
v 89.420746 8.120731 -1.000000
v 89.343643 7.776703 -1.000000
v 89.304855 7.426281 -1.000000
v 89.870308 9.073386 -1.000000
v 90.086861 9.351606 -1.000000
v 90.332703 9.604317 -1.000000
v 90.604851 9.828448 -1.000000
v 90.900002 10.021281 -1.000000
v 91.214577 10.180474 -1.000000
v 91.544754 10.304096 -1.000000
v 91.886528 10.390645 -1.000000
v 92.235748 10.439071 -1.000000
v 73.398521 17.332951 -1.000000
v 73.701454 17.192375 -1.000000
v 73.982948 17.012674 -1.000000
v 73.079552 17.431896 -1.000000
v 74.237984 16.797060 -1.000000
v 72.750237 17.487444 -1.000000
v 72.416466 17.498604 -1.000000
v 74.461998 16.549376 -1.000000
v 72.084175 17.465176 -1.000000
v 71.759308 17.387756 -1.000000
v 95.622551 6.550220 -1.000000
v 95.526619 6.210962 -1.000000
v 95.680580 6.897974 -1.000000
v 95.699997 7.250000 -1.000000
v 95.680580 7.602026 -1.000000
v 95.622551 7.949780 -1.000000
v 95.526619 8.289039 -1.000000
v 95.393944 8.615685 -1.000000
v 95.226143 8.925754 -1.000000
v 95.025253 9.215481 -1.000000
v 94.793701 9.481350 -1.000000
v 94.534317 9.720133 -1.000000
v 94.250237 9.928933 -1.000000
v 93.944908 10.105213 -1.000000
v 93.622040 10.246836 -1.000000
v 93.285553 10.352081 -1.000000
v 92.939529 10.419671 -1.000000
v 92.588173 10.448785 -1.000000
v 94.793701 5.018650 -1.000000
v 94.534317 4.779867 -1.000000
v 95.025253 5.284519 -1.000000
v 94.250237 4.571067 -1.000000
v 93.944908 4.394786 -1.000000
v 95.226143 5.574247 -1.000000
v 95.393944 5.884315 -1.000000
v 93.622040 4.253164 -1.000000
v 93.285553 4.147919 -1.000000
v 92.939529 4.080329 -1.000000
v 90.086861 59.148392 -1.000000
v 90.332703 58.895683 -1.000000
v 90.604851 58.671551 -1.000000
v 89.870308 59.426613 -1.000000
v 90.900002 58.478718 -1.000000
v 89.685684 59.726967 -1.000000
v 91.214577 58.319527 -1.000000
v 89.535217 60.045811 -1.000000
v 91.544754 58.195904 -1.000000
v 89.420746 60.379269 -1.000000
v 91.886528 58.109356 -1.000000
v 89.343643 60.723297 -1.000000
v 92.235748 58.060928 -1.000000
v 89.304855 61.073719 -1.000000
v 89.304855 61.426281 -1.000000
v 89.343643 61.776703 -1.000000
v 89.420746 62.120731 -1.000000
v 89.535217 62.454189 -1.000000
v 89.685684 62.773033 -1.000000
v 89.870308 63.073387 -1.000000
v 90.086861 63.351608 -1.000000
v 90.332703 63.604317 -1.000000
v 90.604851 63.828449 -1.000000
v 92.588173 58.051216 -1.000000
v 92.939529 58.080330 -1.000000
v 93.285553 58.147919 -1.000000
v 93.622040 58.253162 -1.000000
v 93.944908 58.394787 -1.000000
v 94.250237 58.571068 -1.000000
v 94.534317 58.779865 -1.000000
v 94.793701 59.018650 -1.000000
v 95.025253 59.284519 -1.000000
v 95.226143 59.574245 -1.000000
v 90.900002 64.021278 -1.000000
v 95.393944 59.884315 -1.000000
v 91.214577 64.180473 -1.000000
v 95.526619 60.210960 -1.000000
v 95.622551 60.550220 -1.000000
v 95.680580 60.897972 -1.000000
v 95.699997 61.250000 -1.000000
v 95.680580 61.602028 -1.000000
v 95.622551 61.949780 -1.000000
v 95.526619 62.289040 -1.000000
v 154.586853 5.148394 -1.000000
v 154.832703 4.895683 -1.000000
v 155.104843 4.671552 -1.000000
v 154.370316 5.426614 -1.000000
v 155.399994 4.478719 -1.000000
v 154.185684 5.726968 -1.000000
v 155.714569 4.319525 -1.000000
v 154.035217 6.045810 -1.000000
v 156.044754 4.195904 -1.000000
v 153.920746 6.379269 -1.000000
v 156.386520 4.109355 -1.000000
v 153.843643 6.723297 -1.000000
v 156.735748 4.060930 -1.000000
v 153.804855 7.073719 -1.000000
v 157.088181 4.051215 -1.000000
v 153.804855 7.426281 -1.000000
v 157.439529 4.080329 -1.000000
v 153.843643 7.776703 -1.000000
v 157.785553 4.147919 -1.000000
v 153.920746 8.120731 -1.000000
v 158.122040 4.253164 -1.000000
v 154.035217 8.454190 -1.000000
v 158.444901 4.394786 -1.000000
v 154.185684 8.773031 -1.000000
v 154.370316 9.073386 -1.000000
v 154.586853 9.351606 -1.000000
v 154.832703 9.604317 -1.000000
v 155.104843 9.828448 -1.000000
v 158.750229 4.571067 -1.000000
v 159.034317 4.779867 -1.000000
v 159.293701 5.018650 -1.000000
v 159.525253 5.284519 -1.000000
v 159.726135 5.574247 -1.000000
v 159.893936 5.884315 -1.000000
v 160.026611 6.210962 -1.000000
v 160.122543 6.550220 -1.000000
v 160.180573 6.897974 -1.000000
v 160.199997 7.250000 -1.000000
v 160.180573 7.602026 -1.000000
v 160.122543 7.949780 -1.000000
v 160.026611 8.289039 -1.000000
v 158.122040 10.246836 -1.000000
v 158.444901 10.105213 -1.000000
v 157.785553 10.352081 -1.000000
v 157.439529 10.419671 -1.000000
v 157.088181 10.448785 -1.000000
v 156.735748 10.439071 -1.000000
v 156.386520 10.390645 -1.000000
v 156.044754 10.304096 -1.000000
v 155.714569 10.180474 -1.000000
v 155.399994 10.021281 -1.000000
v 159.893936 8.615685 -1.000000
v 159.726135 8.925754 -1.000000
v 159.525253 9.215481 -1.000000
v 159.293701 9.481350 -1.000000
v 159.034317 9.720133 -1.000000
v 158.750229 9.928933 -1.000000
v 95.393944 62.615685 -1.000000
v 95.226143 62.925755 -1.000000
v 95.025253 63.215481 -1.000000
v 94.793701 63.481350 -1.000000
v 94.534317 63.720135 -1.000000
v 94.250237 63.928932 -1.000000
v 93.944908 64.105217 -1.000000
v 93.622040 64.246834 -1.000000
v 93.285553 64.352081 -1.000000
v 154.832703 58.895683 -1.000000
v 154.586853 59.148392 -1.000000
v 155.104843 58.671551 -1.000000
v 154.370316 59.426613 -1.000000
v 155.399994 58.478718 -1.000000
v 154.185684 59.726967 -1.000000
v 155.714569 58.319527 -1.000000
v 154.035217 60.045811 -1.000000
v 156.044754 58.195904 -1.000000
v 153.920746 60.379269 -1.000000
v 156.386520 58.109356 -1.000000
v 153.843643 60.723297 -1.000000
v 156.735748 58.060928 -1.000000
v 153.804855 61.073719 -1.000000
v 157.088181 58.051216 -1.000000
v 153.804855 61.426281 -1.000000
v 157.439529 58.080330 -1.000000
v 153.843643 61.776703 -1.000000
v 157.785553 58.147919 -1.000000
v 153.920746 62.120731 -1.000000
v 158.122040 58.253162 -1.000000
v 154.035217 62.454189 -1.000000
v 158.444901 58.394787 -1.000000
v 154.185684 62.773033 -1.000000
v 158.750229 58.571068 -1.000000
v 154.370316 63.073387 -1.000000
v 159.034317 58.779865 -1.000000
v 154.586853 63.351608 -1.000000
v 159.293701 59.018650 -1.000000
v 159.525253 59.284519 -1.000000
v 159.726135 59.574245 -1.000000
v 159.893936 59.884315 -1.000000
v 160.026611 60.210960 -1.000000
v 158.122040 64.246834 -1.000000
v 158.444901 64.105217 -1.000000
v 157.785553 64.352081 -1.000000
v 157.439529 64.419670 -1.000000
v 157.088181 64.448784 -1.000000
v 156.735748 64.439072 -1.000000
v 156.386520 64.390648 -1.000000
v 156.044754 64.304092 -1.000000
v 155.714569 64.180473 -1.000000
v 155.399994 64.021278 -1.000000
v 155.104843 63.828449 -1.000000
v 154.832703 63.604317 -1.000000
v 160.180573 61.602028 -1.000000
v 160.199997 61.250000 -1.000000
v 160.122543 61.949780 -1.000000
v 160.026611 62.289040 -1.000000
v 159.893936 62.615685 -1.000000
v 159.726135 62.925755 -1.000000
v 159.525253 63.215481 -1.000000
v 159.293701 63.481350 -1.000000
v 159.034317 63.720135 -1.000000
v 158.750229 63.928932 -1.000000
v 160.122543 60.550220 -1.000000
v 160.180573 60.897972 -1.000000
v 92.588173 64.448784 -1.000000
v 92.235748 64.439072 -1.000000
v 91.886528 64.390648 -1.000000
v 91.544754 64.304092 -1.000000
v 92.939529 64.419670 -1.000000
v 2.000000 -8.000000 -1.000000
v 2.000000 77.000000 -1.000000
v 8.000000 77.000000 -1.000000
v 12.000000 73.000000 -1.000000
v 9.500000 73.000000 1.000000
v 9.478757 73.385025 1.000000
v 9.415287 73.765381 1.000000
v 9.310360 74.136452 1.000000
v 9.165250 74.493721 1.000000
v 8.981718 74.832855 1.000000
v 8.761992 75.149742 1.000000
v 8.508739 75.440536 1.000000
v 8.225033 75.701706 1.000000
v 7.914319 75.930084 1.000000
v 7.580367 76.122887 1.000000
v 7.227232 76.277786 1.000000
v 6.859199 76.392899 1.000000
v 6.480738 76.466827 1.000000
v 6.096440 76.498672 1.000000
v 5.710972 76.488045 1.000000
v 5.329013 76.435081 1.000000
v 4.955198 76.340416 1.000000
v 4.594066 76.205208 1.000000
v 4.250000 76.031090 1.000000
v 3.927177 75.820175 1.000000
v 3.629514 75.575035 1.000000
v 3.360627 75.298630 1.000000
v 3.123778 74.994331 1.000000
v 2.921842 74.665817 1.000000
v 2.757271 74.317085 1.000000
v 2.632062 73.952362 1.000000
v 2.547735 73.576080 1.000000
v 2.505315 73.192810 1.000000
v 2.505315 72.807190 1.000000
v 2.547735 72.423920 1.000000
v 2.632062 72.047638 1.000000
v 2.757271 71.682915 1.000000
v 2.921842 71.334183 1.000000
v 3.123778 71.005669 1.000000
v 3.360627 70.701370 1.000000
v 3.629514 70.424965 1.000000
v 3.927177 70.179825 1.000000
v 4.250000 69.968910 1.000000
v 4.594066 69.794792 1.000000
v 4.955198 69.659584 1.000000
v 5.329013 69.564919 1.000000
v 5.710972 69.511955 1.000000
v 6.096440 69.501328 1.000000
v 6.480738 69.533173 1.000000
v 6.859199 69.607101 1.000000
v 7.227232 69.722214 1.000000
v 7.580367 69.877113 1.000000
v 7.914319 70.069916 1.000000
v 8.225033 70.298294 1.000000
v 8.508739 70.559464 1.000000
v 8.761992 70.850258 1.000000
v 8.981718 71.167145 1.000000
v 9.165250 71.506279 1.000000
v 9.310360 71.863548 1.000000
v 9.415287 72.234619 1.000000
v 9.478757 72.614975 1.000000
v 156.000000 73.000000 -1.000000
v 160.000000 77.000000 -1.000000
v 166.000000 77.000000 -1.000000
v 165.500000 73.000000 1.000000
v 165.471268 73.447571 1.000000
v 165.385529 73.887794 1.000000
v 165.244202 74.313431 1.000000
v 165.049622 74.717514 1.000000
v 164.804947 75.093384 1.000000
v 164.514221 75.434891 1.000000
v 164.182220 75.736412 1.000000
v 163.814377 75.992996 1.000000
v 163.416748 76.200447 1.000000
v 162.995850 76.355339 1.000000
v 162.558594 76.455139 1.000000
v 162.112183 76.498199 1.000000
v 161.663925 76.483826 1.000000
v 161.221176 76.412247 1.000000
v 160.791229 76.284637 1.000000
v 160.381119 76.103096 1.000000
v 159.997589 75.870605 1.000000
v 159.646942 75.590973 1.000000
v 159.334946 75.268799 1.000000
v 159.066696 74.909370 1.000000
v 158.846603 74.518593 1.000000
v 158.678299 74.102882 1.000000
v 158.564545 73.669052 1.000000
v 158.507187 73.224243 1.000000
v 158.507187 72.775757 1.000000
v 158.564545 72.330948 1.000000
v 158.678299 71.897118 1.000000
v 158.846603 71.481407 1.000000
v 159.066696 71.090630 1.000000
v 159.334946 70.731201 1.000000
v 159.646942 70.409027 1.000000
v 159.997589 70.129395 1.000000
v 160.381119 69.896904 1.000000
v 160.791229 69.715363 1.000000
v 161.221176 69.587753 1.000000
v 161.663925 69.516174 1.000000
v 162.112183 69.501801 1.000000
v 162.558594 69.544861 1.000000
v 162.995850 69.644661 1.000000
v 163.416748 69.799553 1.000000
v 163.814377 70.007004 1.000000
v 164.182220 70.263588 1.000000
v 164.514221 70.565109 1.000000
v 164.804947 70.906616 1.000000
v 165.049622 71.282486 1.000000
v 165.244202 71.686569 1.000000
v 165.385529 72.112206 1.000000
v 165.471268 72.552429 1.000000
v 166.000000 -8.000000 -1.000000
v 156.000000 -4.000000 -1.000000
v 160.000000 -8.000000 -1.000000
v 165.500000 -4.000000 1.000000
v 165.471268 -3.552430 1.000000
v 165.385529 -3.112209 1.000000
v 165.244202 -2.686565 1.000000
v 165.049622 -2.282489 1.000000
v 164.804947 -1.906613 1.000000
v 164.514221 -1.565111 1.000000
v 164.182220 -1.263590 1.000000
v 163.814377 -1.007000 1.000000
v 163.416748 -0.799556 1.000000
v 162.995850 -0.644662 1.000000
v 162.558594 -0.544864 1.000000
v 162.112183 -0.501798 1.000000
v 161.663925 -0.516173 1.000000
v 161.221176 -0.587752 1.000000
v 160.791229 -0.715361 1.000000
v 160.381119 -0.896902 1.000000
v 159.997589 -1.129397 1.000000
v 159.646942 -1.409027 1.000000
v 159.334946 -1.731201 1.000000
v 159.066696 -2.090628 1.000000
v 158.846603 -2.481407 1.000000
v 158.678299 -2.897121 1.000000
v 158.564545 -3.330945 1.000000
v 158.507187 -3.775754 1.000000
v 158.507187 -4.224246 1.000000
v 158.564545 -4.669055 1.000000
v 158.678299 -5.102879 1.000000
v 158.846603 -5.518593 1.000000
v 159.066696 -5.909372 1.000000
v 159.334946 -6.268799 1.000000
v 159.646942 -6.590973 1.000000
v 159.997589 -6.870603 1.000000
v 160.381119 -7.103097 1.000000
v 160.791229 -7.284639 1.000000
v 161.221176 -7.412248 1.000000
v 161.663925 -7.483827 1.000000
v 162.112183 -7.498202 1.000000
v 162.558594 -7.455136 1.000000
v 162.995850 -7.355338 1.000000
v 163.416748 -7.200444 1.000000
v 163.814377 -6.993000 1.000000
v 164.182220 -6.736410 1.000000
v 164.514221 -6.434889 1.000000
v 164.804947 -6.093387 1.000000
v 165.049622 -5.717512 1.000000
v 165.244202 -5.313435 1.000000
v 165.385529 -4.887791 1.000000
v 165.471268 -4.447570 1.000000
v 12.000000 -4.000000 -1.000000
v 8.000000 -8.000000 -1.000000
v 9.500000 -4.000000 1.000000
v 9.478757 -3.614971 1.000000
v 9.415287 -3.234616 1.000000
v 9.310360 -2.863552 1.000000
v 9.165250 -2.506283 1.000000
v 8.981718 -2.167145 1.000000
v 8.761992 -1.850255 1.000000
v 8.508739 -1.559461 1.000000
v 8.225033 -1.298292 1.000000
v 7.914319 -1.069917 1.000000
v 7.580367 -0.877110 1.000000
v 7.227232 -0.722211 1.000000
v 6.859199 -0.607099 1.000000
v 6.480738 -0.533173 1.000000
v 6.096440 -0.501329 1.000000
v 5.710972 -0.511954 1.000000
v 5.329013 -0.564920 1.000000
v 4.955198 -0.659582 1.000000
v 4.594066 -0.794793 1.000000
v 4.250000 -0.968911 1.000000
v 3.927177 -1.179822 1.000000
v 3.629514 -1.424966 1.000000
v 3.360627 -1.701368 1.000000
v 3.123778 -2.005672 1.000000
v 2.921842 -2.334184 1.000000
v 2.757271 -2.682917 1.000000
v 2.632062 -3.047638 1.000000
v 2.547735 -3.423919 1.000000
v 2.505315 -3.807193 1.000000
v 2.505315 -4.192807 1.000000
v 2.547735 -4.576081 1.000000
v 2.632062 -4.952362 1.000000
v 2.757271 -5.317083 1.000000
v 2.921842 -5.665816 1.000000
v 3.123778 -5.994328 1.000000
v 3.360627 -6.298632 1.000000
v 3.629514 -6.575034 1.000000
v 3.927177 -6.820178 1.000000
v 4.250000 -7.031089 1.000000
v 4.594066 -7.205207 1.000000
v 4.955198 -7.340417 1.000000
v 5.329013 -7.435080 1.000000
v 5.710972 -7.488046 1.000000
v 6.096440 -7.498671 1.000000
v 6.480738 -7.466827 1.000000
v 6.859199 -7.392901 1.000000
v 7.227232 -7.277789 1.000000
v 7.580367 -7.122890 1.000000
v 7.914319 -6.930083 1.000000
v 8.225033 -6.701708 1.000000
v 8.508739 -6.440539 1.000000
v 8.761992 -6.149745 1.000000
v 8.981718 -5.832855 1.000000
v 9.165250 -5.493718 1.000000
v 9.310360 -5.136448 1.000000
v 9.415287 -4.765384 1.000000
v 9.478757 -4.385029 1.000000
v 4.526518 4.647650 1.000000
v 4.690279 4.488501 1.000000
v 4.381966 4.824430 1.000000
v 4.871114 4.349056 1.000000
v 4.258508 5.016534 1.000000
v 5.066665 4.231134 1.000000
v 4.157753 5.221460 1.000000
v 5.274384 4.136272 1.000000
v 4.081014 5.436535 1.000000
v 5.491563 4.065706 1.000000
v 4.029292 5.658956 1.000000
v 5.715370 4.020357 1.000000
v 4.003262 5.885822 1.000000
v 5.942888 4.000815 1.000000
v 4.003262 6.114178 1.000000
v 6.171150 4.007337 1.000000
v 4.029292 6.341044 1.000000
v 6.397181 4.039835 1.000000
v 4.081014 6.563465 1.000000
v 6.618034 4.097887 1.000000
v 4.157753 6.778540 1.000000
v 6.830830 4.180736 1.000000
v 4.258508 6.983466 1.000000
v 7.032795 4.287302 1.000000
v 4.381966 7.175570 1.000000
v 7.221296 4.416195 1.000000
v 4.526518 7.352350 1.000000
v 7.393875 4.565736 1.000000
v 4.690279 7.511499 1.000000
v 7.548283 4.733975 1.000000
v 7.682507 4.918718 1.000000
v 4.871114 7.650944 1.000000
v 7.794797 5.117558 1.000000
v 5.066665 7.768866 1.000000
v 7.883689 5.327901 1.000000
v 5.274384 7.863728 1.000000
v 7.948024 5.547007 1.000000
v 5.491563 7.934294 1.000000
v 7.986963 5.772017 1.000000
v 5.715370 7.979643 1.000000
v 8.000000 6.000000 1.000000
v 5.942888 7.999185 1.000000
v 6.171150 7.992663 1.000000
v 7.986963 6.227983 1.000000
v 6.397181 7.960165 1.000000
v 7.948024 6.452993 1.000000
v 6.618034 7.902113 1.000000
v 7.883689 6.672099 1.000000
v 6.830830 7.819264 1.000000
v 7.794797 6.882442 1.000000
v 7.032795 7.712698 1.000000
v 7.682507 7.081282 1.000000
v 7.221296 7.583805 1.000000
v 7.548283 7.266025 1.000000
v 7.393875 7.434264 1.000000
v 4.533896 61.639656 1.000000
v 4.603527 61.568268 1.000000
v 4.676628 61.500439 1.000000
v 4.467911 61.714424 1.000000
v 4.753020 61.436337 1.000000
v 4.405735 61.792393 1.000000
v 4.832513 61.376125 1.000000
v 4.347522 61.873360 1.000000
v 4.914907 61.319946 1.000000
v 4.293418 61.957130 1.000000
v 5.000000 61.267948 1.000000
v 4.243557 62.043491 1.000000
v 5.087579 61.220257 1.000000
v 4.198062 62.132233 1.000000
v 5.177426 61.176987 1.000000
v 4.157048 62.223129 1.000000
v 5.269318 61.138252 1.000000
v 4.120615 62.315960 1.000000
v 5.363027 61.104145 1.000000
v 4.088854 62.410488 1.000000
v 5.458319 61.074753 1.000000
v 4.061845 62.506485 1.000000
v 5.554958 61.050144 1.000000
v 4.039655 62.603706 1.000000
v 5.652704 61.030384 1.000000
v 4.022338 62.701916 1.000000
v 5.751313 61.015522 1.000000
v 4.009938 62.800865 1.000000
v 5.850540 61.005592 1.000000
v 4.002486 62.900307 1.000000
v 5.950139 61.000622 1.000000
v 4.000000 63.000000 1.000000
v 6.049861 61.000622 1.000000
v 4.002486 63.099693 1.000000
v 6.149460 61.005592 1.000000
v 4.009938 63.199135 1.000000
v 6.248687 61.015522 1.000000
v 4.022338 63.298084 1.000000
v 6.347296 61.030384 1.000000
v 4.039655 63.396294 1.000000
v 6.445042 61.050144 1.000000
v 4.061845 63.493515 1.000000
v 6.541681 61.074753 1.000000
v 4.088854 63.589512 1.000000
v 6.636973 61.104145 1.000000
v 4.120615 63.684040 1.000000
v 6.730682 61.138252 1.000000
v 4.157048 63.776871 1.000000
v 6.822574 61.176987 1.000000
v 4.198062 63.867767 1.000000
v 6.912421 61.220257 1.000000
v 4.243557 63.956509 1.000000
v 7.000000 61.267948 1.000000
v 4.293418 64.042870 1.000000
v 7.085093 61.319946 1.000000
v 4.347522 64.126640 1.000000
v 7.167487 61.376125 1.000000
v 4.405735 64.207611 1.000000
v 7.246980 61.436337 1.000000
v 4.467911 64.285576 1.000000
v 7.323372 61.500439 1.000000
v 4.533896 64.360344 1.000000
v 7.396473 61.568268 1.000000
v 7.466104 61.639656 1.000000
v 4.603527 64.431732 1.000000
v 4.676628 64.499565 1.000000
v 7.532089 61.714424 1.000000
v 4.753020 64.563660 1.000000
v 7.594265 61.792393 1.000000
v 7.652478 61.873360 1.000000
v 4.832513 64.623878 1.000000
v 4.914907 64.680054 1.000000
v 7.706582 61.957130 1.000000
v 7.756443 62.043491 1.000000
v 5.000000 64.732048 1.000000
v 5.087579 64.779747 1.000000
v 7.801938 62.132233 1.000000
v 7.842952 62.223129 1.000000
v 5.177426 64.823013 1.000000
v 5.269318 64.861748 1.000000
v 7.879385 62.315960 1.000000
v 7.911146 62.410488 1.000000
v 5.458319 64.925247 1.000000
v 5.554958 64.949860 1.000000
v 5.363027 64.895851 1.000000
v 7.938155 62.506485 1.000000
v 7.960345 62.603706 1.000000
v 7.977662 62.701916 1.000000
v 5.652704 64.969612 1.000000
v 5.751313 64.984482 1.000000
v 7.990062 62.800865 1.000000
v 7.997514 62.900307 1.000000
v 5.850540 64.994408 1.000000
v 5.950139 64.999382 1.000000
v 7.997514 63.099693 1.000000
v 8.000000 63.000000 1.000000
v 6.049861 64.999382 1.000000
v 6.149460 64.994408 1.000000
v 7.990062 63.199135 1.000000
v 7.977662 63.298084 1.000000
v 6.248687 64.984482 1.000000
v 6.347296 64.969612 1.000000
v 7.960345 63.396294 1.000000
v 7.938155 63.493515 1.000000
v 7.911146 63.589512 1.000000
v 6.541681 64.925247 1.000000
v 6.636973 64.895851 1.000000
v 6.445042 64.949860 1.000000
v 7.879385 63.684040 1.000000
v 7.842952 63.776871 1.000000
v 6.730682 64.861748 1.000000
v 6.822574 64.823013 1.000000
v 7.801938 63.867767 1.000000
v 7.756443 63.956509 1.000000
v 6.912421 64.779747 1.000000
v 7.000000 64.732048 1.000000
v 7.706582 64.042870 1.000000
v 7.652478 64.126640 1.000000
v 7.085093 64.680054 1.000000
v 7.167487 64.623878 1.000000
v 7.594265 64.207611 1.000000
v 7.532089 64.285576 1.000000
v 7.246980 64.563660 1.000000
v 7.323372 64.499565 1.000000
v 7.466104 64.360344 1.000000
v 7.396473 64.431732 1.000000
v 4.526518 -5.352350 -1.000000
v 4.690279 -5.511499 -1.000000
v 4.381966 -5.175570 -1.000000
v 4.871114 -5.650944 -1.000000
v 4.258508 -4.983466 -1.000000
v 5.066665 -5.768866 -1.000000
v 4.157753 -4.778540 -1.000000
v 5.274384 -5.863728 -1.000000
v 4.081014 -4.563465 -1.000000
v 5.491563 -5.934294 -1.000000
v 4.029292 -4.341044 -1.000000
v 5.715370 -5.979643 -1.000000
v 4.003262 -4.114178 -1.000000
v 5.942888 -5.999185 -1.000000
v 4.003262 -3.885822 -1.000000
v 6.171150 -5.992663 -1.000000
v 6.397181 -5.960165 -1.000000
v 6.618034 -5.902113 -1.000000
v 6.830830 -5.819264 -1.000000
v 7.032795 -5.712698 -1.000000
v 7.221296 -5.583805 -1.000000
v 7.393875 -5.434264 -1.000000
v 4.381966 -2.824430 -1.000000
v 4.526518 -2.647650 -1.000000
v 4.258508 -3.016534 -1.000000
v 4.157753 -3.221460 -1.000000
v 4.081014 -3.436535 -1.000000
v 4.029292 -3.658956 -1.000000
v 4.690279 -2.488501 -1.000000
v 7.548283 -5.266025 -1.000000
v 4.871114 -2.349056 -1.000000
v 7.682507 -5.081282 -1.000000
v 5.066665 -2.231134 -1.000000
v 7.794797 -4.882442 -1.000000
v 5.274384 -2.136272 -1.000000
v 5.491563 -2.065706 -1.000000
v 5.715370 -2.020357 -1.000000
v 5.942888 -2.000816 -1.000000
v 6.171150 -2.007337 -1.000000
v 7.986963 -3.772017 -1.000000
v 8.000000 -4.000000 -1.000000
v 7.948024 -3.547006 -1.000000
v 7.883689 -3.327901 -1.000000
v 7.794797 -3.117558 -1.000000
v 7.883689 -4.672099 -1.000000
v 7.948024 -4.452993 -1.000000
v 7.986963 -4.227983 -1.000000
v 7.682507 -2.918718 -1.000000
v 7.548283 -2.733975 -1.000000
v 7.393875 -2.565736 -1.000000
v 7.221296 -2.416195 -1.000000
v 7.032795 -2.287302 -1.000000
v 6.830830 -2.180736 -1.000000
v 6.618034 -2.097887 -1.000000
v 6.397181 -2.039835 -1.000000
v 160.556091 -5.383878 -1.000000
v 160.810730 -5.607994 -1.000000
v 160.342987 -5.119949 -1.000000
v 161.099594 -5.785851 -1.000000
v 160.177536 -4.823802 -1.000000
v 161.414352 -5.912333 -1.000000
v 160.064529 -4.503956 -1.000000
v 161.745972 -5.983801 -1.000000
v 160.007202 -4.169612 -1.000000
v 162.084885 -5.998198 -1.000000
v 160.007202 -3.830388 -1.000000
v 162.421356 -5.955111 -1.000000
v 160.064529 -3.496044 -1.000000
v 160.177536 -3.176198 -1.000000
v 160.342987 -2.880050 -1.000000
v 160.556091 -2.616122 -1.000000
v 162.745712 -5.855778 -1.000000
v 163.048615 -5.703058 -1.000000
v 163.321350 -5.501345 -1.000000
v 163.556076 -5.256440 -1.000000
v 160.810730 -2.392006 -1.000000
v 163.746033 -4.975390 -1.000000
v 161.099594 -2.214148 -1.000000
v 163.885757 -4.666280 -1.000000
v 161.414352 -2.087667 -1.000000
v 163.971237 -4.338002 -1.000000
v 161.745972 -2.016199 -1.000000
v 164.000000 -4.000000 -1.000000
v 163.971237 -3.661998 -1.000000
v 163.885757 -3.333720 -1.000000
v 163.746033 -3.024610 -1.000000
v 163.556076 -2.743560 -1.000000
v 163.321350 -2.498655 -1.000000
v 163.048615 -2.296942 -1.000000
v 162.745712 -2.144222 -1.000000
v 162.421356 -2.044889 -1.000000
v 162.084885 -2.001802 -1.000000
v 4.526518 71.647652 -1.000000
v 4.690279 71.488503 -1.000000
v 4.381966 71.824432 -1.000000
v 4.871114 71.349052 -1.000000
v 4.258508 72.016533 -1.000000
v 5.066665 71.231133 -1.000000
v 4.157753 72.221458 -1.000000
v 5.274384 71.136269 -1.000000
v 4.081014 72.436539 -1.000000
v 5.491563 71.065704 -1.000000
v 4.029292 72.658958 -1.000000
v 5.715370 71.020355 -1.000000
v 4.003262 72.885826 -1.000000
v 5.942888 71.000816 -1.000000
v 4.003262 73.114174 -1.000000
v 6.171150 71.007339 -1.000000
v 4.381966 74.175568 -1.000000
v 4.526518 74.352348 -1.000000
v 4.258508 73.983467 -1.000000
v 4.157753 73.778542 -1.000000
v 4.081014 73.563461 -1.000000
v 4.029292 73.341042 -1.000000
v 4.690279 74.511497 -1.000000
v 4.871114 74.650948 -1.000000
v 5.066665 74.768867 -1.000000
v 5.274384 74.863731 -1.000000
v 5.491563 74.934296 -1.000000
v 5.715370 74.979645 -1.000000
v 6.397181 71.039833 -1.000000
v 6.618034 71.097885 -1.000000
v 6.830830 71.180733 -1.000000
v 7.032795 71.287300 -1.000000
v 7.221296 71.416199 -1.000000
v 7.393875 71.565735 -1.000000
v 7.548283 71.733978 -1.000000
v 7.682507 71.918716 -1.000000
v 7.794797 72.117561 -1.000000
v 7.682507 74.081284 -1.000000
v 7.794797 73.882439 -1.000000
v 7.548283 74.266022 -1.000000
v 7.393875 74.434265 -1.000000
v 7.221296 74.583801 -1.000000
v 7.032795 74.712700 -1.000000
v 6.830830 74.819267 -1.000000
v 6.618034 74.902115 -1.000000
v 6.397181 74.960167 -1.000000
v 6.171150 74.992661 -1.000000
v 5.942888 74.999184 -1.000000
v 7.986963 73.227982 -1.000000
v 8.000000 73.000000 -1.000000
v 7.948024 73.452995 -1.000000
v 7.883689 73.672096 -1.000000
v 7.883689 72.327904 -1.000000
v 7.948024 72.547005 -1.000000
v 7.986963 72.772018 -1.000000
v 160.556091 71.616119 -1.000000
v 160.810730 71.392006 -1.000000
v 160.342987 71.880051 -1.000000
v 161.099594 71.214149 -1.000000
v 160.177536 72.176201 -1.000000
v 161.414352 71.087669 -1.000000
v 160.064529 72.496040 -1.000000
v 161.745972 71.016197 -1.000000
v 160.007202 72.830391 -1.000000
v 160.007202 73.169609 -1.000000
v 160.064529 73.503960 -1.000000
v 160.177536 73.823799 -1.000000
v 162.084885 71.001801 -1.000000
v 162.421356 71.044891 -1.000000
v 162.745712 71.144218 -1.000000
v 163.048615 71.296944 -1.000000
v 163.321350 71.498657 -1.000000
v 163.556076 71.743561 -1.000000
v 163.746033 72.024612 -1.000000
v 163.885757 72.333717 -1.000000
v 163.971237 72.661995 -1.000000
v 164.000000 73.000000 -1.000000
v 161.414352 74.912331 -1.000000
v 161.745972 74.983803 -1.000000
v 161.099594 74.785851 -1.000000
v 160.810730 74.607994 -1.000000
v 160.556091 74.383881 -1.000000
v 160.342987 74.119949 -1.000000
v 162.084885 74.998199 -1.000000
v 162.421356 74.955109 -1.000000
v 163.971237 73.338005 -1.000000
v 163.885757 73.666283 -1.000000
v 163.746033 73.975388 -1.000000
v 163.556076 74.256439 -1.000000
v 163.321350 74.501343 -1.000000
v 163.048615 74.703056 -1.000000
v 162.745712 74.855782 -1.000000
v 75.000000 15.000000 6.000000
v 74.977692 15.333218 6.000000
v 74.911171 15.660488 6.000000
v 74.801628 15.975973 6.000000
v 74.651001 16.274042 6.000000
v 74.461998 16.549376 6.000000
v 74.237984 16.797060 6.000000
v 73.982948 17.012674 6.000000
v 73.701454 17.192375 6.000000
v 73.398521 17.332951 6.000000
v 73.079552 17.431896 6.000000
v 72.750237 17.487444 6.000000
v 72.416466 17.498604 6.000000
v 72.084175 17.465176 6.000000
v 71.759308 17.387756 6.000000
v 71.447662 17.267727 6.000000
v 71.154793 17.107231 6.000000
v 70.885933 16.909130 6.000000
v 70.645866 16.676962 6.000000
v 70.438896 16.414867 6.000000
v 70.268700 16.127525 6.000000
v 70.138329 15.820062 6.000000
v 70.050095 15.497965 6.000000
v 70.005585 15.166982 6.000000
v 70.005585 14.833018 6.000000
v 70.050095 14.502035 6.000000
v 70.138329 14.179938 6.000000
v 70.268700 13.872475 6.000000
v 70.438896 13.585133 6.000000
v 70.645866 13.323038 6.000000
v 70.885933 13.090870 6.000000
v 71.154793 12.892769 6.000000
v 71.447662 12.732273 6.000000
v 71.759308 12.612244 6.000000
v 72.084175 12.534824 6.000000
v 72.416466 12.501396 6.000000
v 72.750237 12.512555 6.000000
v 73.079552 12.568104 6.000000
v 73.398521 12.667048 6.000000
v 73.701454 12.807625 6.000000
v 73.982948 12.987325 6.000000
v 74.237984 13.202941 6.000000
v 74.461998 13.450625 6.000000
v 74.651001 13.725959 6.000000
v 74.801628 14.024027 6.000000
v 74.911171 14.339512 6.000000
v 74.977692 14.666782 6.000000
v 95.699997 7.250000 1.000000
v 95.680580 7.602026 1.000000
v 95.699997 7.250000 -1.000000
v 95.622551 7.949780 1.000000
v 95.526619 8.289039 1.000000
v 95.393944 8.615685 1.000000
v 95.226143 8.925754 1.000000
v 95.025253 9.215481 1.000000
v 94.793701 9.481350 1.000000
v 94.534317 9.720133 1.000000
v 94.250237 9.928933 1.000000
v 93.944908 10.105213 1.000000
v 93.622040 10.246836 1.000000
v 93.285553 10.352081 1.000000
v 92.939529 10.419671 1.000000
v 92.588173 10.448785 1.000000
v 92.235748 10.439071 1.000000
v 91.886528 10.390645 1.000000
v 91.544754 10.304096 1.000000
v 91.214577 10.180474 1.000000
v 90.900002 10.021281 1.000000
v 90.604851 9.828448 1.000000
v 90.332703 9.604317 1.000000
v 90.086861 9.351606 1.000000
v 89.870308 9.073386 1.000000
v 89.685684 8.773031 1.000000
v 89.535217 8.454190 1.000000
v 89.420746 8.120731 1.000000
v 89.343643 7.776703 1.000000
v 89.304855 7.426281 1.000000
v 89.304855 7.073719 1.000000
v 89.343643 6.723297 1.000000
v 89.420746 6.379269 1.000000
v 89.535217 6.045810 1.000000
v 89.685684 5.726968 1.000000
v 89.870308 5.426614 1.000000
v 90.086861 5.148394 1.000000
v 90.332703 4.895683 1.000000
v 90.604851 4.671552 1.000000
v 90.900002 4.478719 1.000000
v 91.214577 4.319525 1.000000
v 91.544754 4.195904 1.000000
v 91.886528 4.109355 1.000000
v 92.235748 4.060930 1.000000
v 92.588173 4.051215 1.000000
v 92.939529 4.080329 1.000000
v 93.285553 4.147919 1.000000
v 93.622040 4.253164 1.000000
v 93.944908 4.394786 1.000000
v 94.250237 4.571067 1.000000
v 94.534317 4.779867 1.000000
v 94.793701 5.018650 1.000000
v 95.025253 5.284519 1.000000
v 95.226143 5.574247 1.000000
v 95.393944 5.884315 1.000000
v 95.526619 6.210962 1.000000
v 95.622551 6.550220 1.000000
v 95.680580 6.897974 1.000000
v 160.199997 7.250000 1.000000
v 160.180573 7.602026 1.000000
v 160.199997 7.250000 -1.000000
v 160.122543 7.949780 1.000000
v 160.026611 8.289039 1.000000
v 159.893936 8.615685 1.000000
v 159.726135 8.925754 1.000000
v 159.525253 9.215481 1.000000
v 159.293701 9.481350 1.000000
v 159.034317 9.720133 1.000000
v 158.750229 9.928933 1.000000
v 158.444901 10.105213 1.000000
v 158.122040 10.246836 1.000000
v 157.785553 10.352081 1.000000
v 157.439529 10.419671 1.000000
v 157.088181 10.448785 1.000000
v 156.735748 10.439071 1.000000
v 156.386520 10.390645 1.000000
v 156.044754 10.304096 1.000000
v 155.714569 10.180474 1.000000
v 155.399994 10.021281 1.000000
v 155.104843 9.828448 1.000000
v 154.832703 9.604317 1.000000
v 154.586853 9.351606 1.000000
v 154.370316 9.073386 1.000000
v 154.185684 8.773031 1.000000
v 154.035217 8.454190 1.000000
v 153.920746 8.120731 1.000000
v 153.843643 7.776703 1.000000
v 153.804855 7.426281 1.000000
v 153.804855 7.073719 1.000000
v 153.843643 6.723297 1.000000
v 153.920746 6.379269 1.000000
v 154.035217 6.045810 1.000000
v 154.185684 5.726968 1.000000
v 154.370316 5.426614 1.000000
v 154.586853 5.148394 1.000000
v 154.832703 4.895683 1.000000
v 155.104843 4.671552 1.000000
v 155.399994 4.478719 1.000000
v 155.714569 4.319525 1.000000
v 156.044754 4.195904 1.000000
v 156.386520 4.109355 1.000000
v 156.735748 4.060930 1.000000
v 157.088181 4.051215 1.000000
v 157.439529 4.080329 1.000000
v 157.785553 4.147919 1.000000
v 158.122040 4.253164 1.000000
v 158.444901 4.394786 1.000000
v 158.750229 4.571067 1.000000
v 159.034317 4.779867 1.000000
v 159.293701 5.018650 1.000000
v 159.525253 5.284519 1.000000
v 159.726135 5.574247 1.000000
v 159.893936 5.884315 1.000000
v 160.026611 6.210962 1.000000
v 160.122543 6.550220 1.000000
v 160.180573 6.897974 1.000000
v 95.699997 61.250000 1.000000
v 95.680580 61.602028 1.000000
v 95.622551 61.949780 1.000000
v 95.526619 62.289040 1.000000
v 95.393944 62.615685 1.000000
v 95.226143 62.925755 1.000000
v 95.025253 63.215481 1.000000
v 94.793701 63.481350 1.000000
v 94.534317 63.720135 1.000000
v 94.250237 63.928932 1.000000
v 93.944908 64.105217 1.000000
v 93.622040 64.246834 1.000000
v 93.285553 64.352081 1.000000
v 92.939529 64.419670 1.000000
v 92.588173 64.448784 1.000000
v 92.235748 64.439072 1.000000
v 91.886528 64.390648 1.000000
v 91.544754 64.304092 1.000000
v 91.214577 64.180473 1.000000
v 90.900002 64.021278 1.000000
v 90.604851 63.828449 1.000000
v 90.332703 63.604317 1.000000
v 90.086861 63.351608 1.000000
v 89.870308 63.073387 1.000000
v 89.685684 62.773033 1.000000
v 89.535217 62.454189 1.000000
v 89.420746 62.120731 1.000000
v 89.343643 61.776703 1.000000
v 89.304855 61.426281 1.000000
v 89.304855 61.073719 1.000000
v 89.343643 60.723297 1.000000
v 89.420746 60.379269 1.000000
v 89.535217 60.045811 1.000000
v 89.685684 59.726967 1.000000
v 89.870308 59.426613 1.000000
v 90.086861 59.148392 1.000000
v 90.332703 58.895683 1.000000
v 90.604851 58.671551 1.000000
v 90.900002 58.478718 1.000000
v 91.214577 58.319527 1.000000
v 91.544754 58.195904 1.000000
v 91.886528 58.109356 1.000000
v 92.235748 58.060928 1.000000
v 92.588173 58.051216 1.000000
v 92.939529 58.080330 1.000000
v 93.285553 58.147919 1.000000
v 93.622040 58.253162 1.000000
v 93.944908 58.394787 1.000000
v 94.250237 58.571068 1.000000
v 94.534317 58.779865 1.000000
v 94.793701 59.018650 1.000000
v 95.025253 59.284519 1.000000
v 95.226143 59.574245 1.000000
v 95.393944 59.884315 1.000000
v 95.526619 60.210960 1.000000
v 95.622551 60.550220 1.000000
v 95.680580 60.897972 1.000000
v 160.199997 61.250000 1.000000
v 160.180573 61.602028 1.000000
v 160.122543 61.949780 1.000000
v 160.026611 62.289040 1.000000
v 159.893936 62.615685 1.000000
v 159.726135 62.925755 1.000000
v 159.525253 63.215481 1.000000
v 159.293701 63.481350 1.000000
v 159.034317 63.720135 1.000000
v 158.750229 63.928932 1.000000
v 158.444901 64.105217 1.000000
v 158.122040 64.246834 1.000000
v 157.785553 64.352081 1.000000
v 157.439529 64.419670 1.000000
v 157.088181 64.448784 1.000000
v 156.735748 64.439072 1.000000
v 156.386520 64.390648 1.000000
v 156.044754 64.304092 1.000000
v 155.714569 64.180473 1.000000
v 155.399994 64.021278 1.000000
v 155.104843 63.828449 1.000000
v 154.832703 63.604317 1.000000
v 154.586853 63.351608 1.000000
v 154.370316 63.073387 1.000000
v 154.185684 62.773033 1.000000
v 154.035217 62.454189 1.000000
v 153.920746 62.120731 1.000000
v 153.843643 61.776703 1.000000
v 153.804855 61.426281 1.000000
v 153.804855 61.073719 1.000000
v 153.843643 60.723297 1.000000
v 153.920746 60.379269 1.000000
v 154.035217 60.045811 1.000000
v 154.185684 59.726967 1.000000
v 154.370316 59.426613 1.000000
v 154.586853 59.148392 1.000000
v 154.832703 58.895683 1.000000
v 155.104843 58.671551 1.000000
v 155.399994 58.478718 1.000000
v 155.714569 58.319527 1.000000
v 156.044754 58.195904 1.000000
v 156.386520 58.109356 1.000000
v 156.735748 58.060928 1.000000
v 157.088181 58.051216 1.000000
v 157.439529 58.080330 1.000000
v 157.785553 58.147919 1.000000
v 158.122040 58.253162 1.000000
v 158.444901 58.394787 1.000000
v 158.750229 58.571068 1.000000
v 159.034317 58.779865 1.000000
v 159.293701 59.018650 1.000000
v 159.525253 59.284519 1.000000
v 159.726135 59.574245 1.000000
v 159.893936 59.884315 1.000000
v 160.026611 60.210960 1.000000
v 160.122543 60.550220 1.000000
v 160.180573 60.897972 1.000000
v 4.526518 71.647652 1.000000
v 4.690279 71.488503 1.000000
v 4.381966 71.824432 1.000000
v 4.871114 71.349052 1.000000
v 4.258508 72.016533 1.000000
v 5.066665 71.231133 1.000000
v 4.157753 72.221458 1.000000
v 5.274384 71.136269 1.000000
v 4.081014 72.436539 1.000000
v 5.491563 71.065704 1.000000
v 4.029292 72.658958 1.000000
v 5.715370 71.020355 1.000000
v 4.003262 72.885826 1.000000
v 5.942888 71.000816 1.000000
v 4.003262 73.114174 1.000000
v 6.171150 71.007339 1.000000
v 4.029292 73.341042 1.000000
v 6.397181 71.039833 1.000000
v 4.081014 73.563461 1.000000
v 6.618034 71.097885 1.000000
v 4.157753 73.778542 1.000000
v 6.830830 71.180733 1.000000
v 4.258508 73.983467 1.000000
v 7.032795 71.287300 1.000000
v 4.381966 74.175568 1.000000
v 7.221296 71.416199 1.000000
v 4.526518 74.352348 1.000000
v 7.393875 71.565735 1.000000
v 4.690279 74.511497 1.000000
v 7.548283 71.733978 1.000000
v 7.682507 71.918716 1.000000
v 4.871114 74.650948 1.000000
v 7.794797 72.117561 1.000000
v 5.066665 74.768867 1.000000
v 7.883689 72.327904 1.000000
v 5.274384 74.863731 1.000000
v 7.948024 72.547005 1.000000
v 5.491563 74.934296 1.000000
v 7.986963 72.772018 1.000000
v 5.715370 74.979645 1.000000
v 8.000000 73.000000 1.000000
v 5.942888 74.999184 1.000000
v 6.171150 74.992661 1.000000
v 7.986963 73.227982 1.000000
v 6.397181 74.960167 1.000000
v 7.948024 73.452995 1.000000
v 6.618034 74.902115 1.000000
v 7.883689 73.672096 1.000000
v 6.830830 74.819267 1.000000
v 7.794797 73.882439 1.000000
v 7.032795 74.712700 1.000000
v 7.682507 74.081284 1.000000
v 7.221296 74.583801 1.000000
v 7.548283 74.266022 1.000000
v 7.393875 74.434265 1.000000
v 160.556091 71.616119 1.000000
v 160.810730 71.392006 1.000000
v 160.342987 71.880051 1.000000
v 161.099594 71.214149 1.000000
v 160.177536 72.176201 1.000000
v 161.414352 71.087669 1.000000
v 160.064529 72.496040 1.000000
v 161.745972 71.016197 1.000000
v 160.007202 72.830391 1.000000
v 162.084885 71.001801 1.000000
v 160.007202 73.169609 1.000000
v 162.421356 71.044891 1.000000
v 160.064529 73.503960 1.000000
v 162.745712 71.144218 1.000000
v 160.177536 73.823799 1.000000
v 163.048615 71.296944 1.000000
v 160.342987 74.119949 1.000000
v 163.321350 71.498657 1.000000
v 160.556091 74.383881 1.000000
v 163.556076 71.743561 1.000000
v 160.810730 74.607994 1.000000
v 163.746033 72.024612 1.000000
v 161.099594 74.785851 1.000000
v 163.885757 72.333717 1.000000
v 161.414352 74.912331 1.000000
v 163.971237 72.661995 1.000000
v 161.745972 74.983803 1.000000
v 164.000000 73.000000 1.000000
v 162.084885 74.998199 1.000000
v 163.971237 73.338005 1.000000
v 162.421356 74.955109 1.000000
v 163.885757 73.666283 1.000000
v 162.745712 74.855782 1.000000
v 163.746033 73.975388 1.000000
v 163.048615 74.703056 1.000000
v 163.556076 74.256439 1.000000
v 163.321350 74.501343 1.000000
v 160.556091 -5.383878 1.000000
v 160.810730 -5.607994 1.000000
v 160.342987 -5.119949 1.000000
v 161.099594 -5.785851 1.000000
v 160.177536 -4.823802 1.000000
v 161.414352 -5.912333 1.000000
v 160.064529 -4.503956 1.000000
v 161.745972 -5.983801 1.000000
v 160.007202 -4.169612 1.000000
v 162.084885 -5.998198 1.000000
v 160.007202 -3.830388 1.000000
v 162.421356 -5.955111 1.000000
v 160.064529 -3.496044 1.000000
v 162.745712 -5.855778 1.000000
v 160.177536 -3.176198 1.000000
v 163.048615 -5.703058 1.000000
v 160.342987 -2.880050 1.000000
v 163.321350 -5.501345 1.000000
v 160.556091 -2.616122 1.000000
v 163.556076 -5.256440 1.000000
v 160.810730 -2.392006 1.000000
v 163.746033 -4.975390 1.000000
v 161.099594 -2.214148 1.000000
v 163.885757 -4.666280 1.000000
v 161.414352 -2.087667 1.000000
v 163.971237 -4.338002 1.000000
v 161.745972 -2.016199 1.000000
v 164.000000 -4.000000 1.000000
v 162.084885 -2.001802 1.000000
v 163.971237 -3.661998 1.000000
v 162.421356 -2.044889 1.000000
v 163.885757 -3.333720 1.000000
v 162.745712 -2.144222 1.000000
v 163.746033 -3.024610 1.000000
v 163.048615 -2.296942 1.000000
v 163.556076 -2.743560 1.000000
v 163.321350 -2.498655 1.000000
v 4.526518 -5.352350 1.000000
v 4.690279 -5.511499 1.000000
v 4.381966 -5.175570 1.000000
v 4.871114 -5.650944 1.000000
v 4.258508 -4.983466 1.000000
v 5.066665 -5.768866 1.000000
v 4.157753 -4.778540 1.000000
v 5.274384 -5.863728 1.000000
v 4.081014 -4.563465 1.000000
v 5.491563 -5.934294 1.000000
v 4.029292 -4.341044 1.000000
v 5.715370 -5.979643 1.000000
v 4.003262 -4.114178 1.000000
v 5.942888 -5.999185 1.000000
v 4.003262 -3.885822 1.000000
v 6.171150 -5.992663 1.000000
v 4.029292 -3.658956 1.000000
v 6.397181 -5.960165 1.000000
v 4.081014 -3.436535 1.000000
v 6.618034 -5.902113 1.000000
v 4.157753 -3.221460 1.000000
v 6.830830 -5.819264 1.000000
v 4.258508 -3.016534 1.000000
v 7.032795 -5.712698 1.000000
v 4.381966 -2.824430 1.000000
v 7.221296 -5.583805 1.000000
v 4.526518 -2.647650 1.000000
v 7.393875 -5.434264 1.000000
v 4.690279 -2.488501 1.000000
v 7.548283 -5.266025 1.000000
v 7.682507 -5.081282 1.000000
v 4.871114 -2.349056 1.000000
v 7.794797 -4.882442 1.000000
v 5.066665 -2.231134 1.000000
v 7.883689 -4.672099 1.000000
v 5.274384 -2.136272 1.000000
v 7.948024 -4.452993 1.000000
v 5.491563 -2.065706 1.000000
v 7.986963 -4.227983 1.000000
v 5.715370 -2.020357 1.000000
v 8.000000 -4.000000 1.000000
v 5.942888 -2.000816 1.000000
v 6.171150 -2.007337 1.000000
v 7.986963 -3.772017 1.000000
v 6.397181 -2.039835 1.000000
v 7.948024 -3.547006 1.000000
v 6.618034 -2.097887 1.000000
v 7.883689 -3.327901 1.000000
v 6.830830 -2.180736 1.000000
v 7.794797 -3.117558 1.000000
v 7.032795 -2.287302 1.000000
v 7.682507 -2.918718 1.000000
v 7.221296 -2.416195 1.000000
v 7.548283 -2.733975 1.000000
v 7.393875 -2.565736 1.000000
vn -1.000000 0.000000 0.000000
vn -1.000000 0.000000 0.000000
vn 0.000000 -1.000000 0.000000
vn 0.000000 -1.000000 0.000000
vn 0.000000 0.000000 1.000000
vn 0.000000 0.000000 1.000000
vn 0.000000 0.000000 1.000000
vn 0.000000 0.000000 1.000000
vn 0.000000 0.000000 1.000000
vn 0.000000 0.000000 1.000000
vn 0.000000 0.000000 1.000000
vn 0.000000 0.000000 1.000000
vn 0.000000 0.000000 1.000000
vn 0.000000 0.000000 1.000000
vn 0.000000 0.000000 1.000000
vn 0.000000 0.000000 1.000000
vn 0.000000 0.000000 1.000000
vn 0.000000 0.000000 1.000000
vn 0.000000 0.000000 1.000000
vn 0.000000 0.000000 1.000000
vn 0.000000 0.000000 1.000000
vn 0.000000 0.000000 1.000000
vn 0.000000 0.000000 1.000000
vn 0.000000 0.000000 1.000000
vn 0.000000 0.000000 1.000000
vn 0.000000 0.000000 1.000000
vn 0.000000 0.000000 1.000000
vn 0.000000 0.000000 1.000000
vn 0.000000 0.000000 1.000000
vn 0.000000 0.000000 1.000000
vn 0.000000 0.000000 1.000000
vn 0.000000 0.000000 1.000000
vn 0.000000 0.000000 1.000000
vn 0.000000 0.000000 1.000000
vn 0.000000 0.000000 1.000000
vn 0.000000 0.000000 1.000000
vn 0.000000 0.000000 1.000000
vn 0.000000 0.000000 1.000000
vn 0.000000 0.000000 1.000000
vn 0.000000 0.000000 1.000000
vn 0.000000 0.000000 1.000000
vn 0.000000 0.000000 1.000000
vn 0.000000 0.000000 1.000000
vn 0.000000 0.000000 1.000000
vn 0.000000 0.000000 1.000000
vn 0.000000 0.000000 1.000000
vn 0.000000 0.000000 1.000000
vn 0.000000 0.000000 1.000000
vn 0.000000 0.000000 1.000000
vn 0.000000 0.000000 1.000000
vn 0.000000 0.000000 1.000000
vn 0.000000 0.000000 1.000000
vn 0.000000 0.000000 1.000000
vn 0.000000 0.000000 1.000000
vn 0.000000 0.000000 1.000000
vn 0.000000 0.000000 1.000000
vn 0.000000 0.000000 1.000000
vn 0.000000 0.000000 1.000000
vn 0.000000 0.000000 1.000000
vn 0.000000 0.000000 1.000000
vn 0.000000 0.000000 1.000000
vn 0.000000 0.000000 1.000000
vn 0.000000 0.000000 1.000000
vn 0.000000 0.000000 1.000000
vn 0.000000 0.000000 1.000000
vn 0.000000 0.000000 1.000000
vn 0.000000 0.000000 1.000000
vn 0.000000 0.000000 1.000000
vn 0.000000 0.000000 1.000000
vn 0.000000 0.000000 1.000000
vn 0.000000 0.000000 1.000000
vn 0.000000 0.000000 1.000000
vn 0.000000 0.000000 1.000000
vn 0.000000 0.000000 1.000000
vn 0.000000 0.000000 1.000000
vn 0.000000 0.000000 1.000000
vn 0.000000 0.000000 1.000000
vn 0.000000 0.000000 1.000000
vn 0.000000 0.000000 1.000000
vn 0.000000 0.000000 1.000000
vn 0.000000 0.000000 1.000000
vn 0.000000 0.000000 1.000000
vn 0.000000 0.000000 1.000000
vn 0.000000 0.000000 1.000000
vn 0.000000 0.000000 1.000000
vn 0.000000 0.000000 1.000000
vn 0.000000 0.000000 1.000000
vn 0.000000 0.000000 1.000000
vn 0.000000 0.000000 1.000000
vn 0.000000 0.000000 1.000000
vn 0.000000 0.000000 1.000000
vn 0.000000 0.000000 1.000000
vn 0.000000 0.000000 1.000000
vn 0.000000 0.000000 1.000000
vn 0.000000 0.000000 1.000000
vn 0.000000 0.000000 1.000000
vn 0.000000 0.000000 1.000000
vn 0.000000 0.000000 1.000000
vn 0.000000 0.000000 1.000000
vn 0.000000 0.000000 1.000000
vn 0.000000 0.000000 1.000000
vn 0.000000 0.000000 1.000000
vn 0.000000 0.000000 1.000000
vn 0.000000 0.000000 1.000000
vn 0.000000 0.000000 1.000000
vn 0.000000 0.000000 1.000000
vn 0.000000 0.000000 1.000000
vn 0.000000 0.000000 1.000000
vn 0.000000 0.000000 1.000000
vn 0.000000 0.000000 1.000000
vn 0.000000 0.000000 1.000000
vn 0.000000 0.000000 1.000000
vn 0.000000 0.000000 1.000000
vn 0.000000 0.000000 1.000000
vn 0.000000 0.000000 1.000000
vn 0.000000 0.000000 1.000000
vn 0.000000 0.000000 1.000000
vn 0.000000 0.000000 1.000000
vn 0.000000 0.000000 1.000000
vn 0.000000 0.000000 1.000000
vn 0.000000 0.000000 1.000000
vn 0.000000 0.000000 1.000000
vn 0.000000 0.000000 1.000000
vn 0.000000 0.000000 1.000000
vn 0.000000 0.000000 1.000000
vn 0.000000 0.000000 1.000000
vn 0.000000 0.000000 1.000000
vn 0.000000 0.000000 1.000000
vn 0.000000 0.000000 1.000000
vn 0.000000 0.000000 1.000000
vn 0.000000 0.000000 1.000000
vn 0.000000 0.000000 1.000000
vn 0.000000 0.000000 1.000000
vn 0.000000 0.000000 1.000000
vn 0.000000 0.000000 1.000000
vn 0.000000 0.000000 1.000000
vn 0.000000 0.000000 1.000000
vn 0.000000 0.000000 1.000000
vn 0.000000 0.000000 1.000000
vn 0.000000 0.000000 1.000000
vn 0.000000 0.000000 1.000000
vn 0.000000 0.000000 1.000000
vn 0.000000 0.000000 1.000000
vn 0.000000 0.000000 1.000000
vn 0.000000 0.000000 1.000000
vn 0.000000 0.000000 1.000000
vn 0.000000 0.000000 1.000000
vn 0.000000 0.000000 1.000000
vn 0.000000 0.000000 1.000000
vn 0.000000 0.000000 1.000000
vn 0.000000 0.000000 1.000000
vn 0.000000 0.000000 1.000000
vn 0.000000 0.000000 1.000000
vn 0.000000 0.000000 1.000000
vn 0.000000 0.000000 1.000000
vn 0.000000 0.000000 1.000000
vn 0.000000 0.000000 1.000000
vn 0.000000 0.000000 1.000000
vn 0.000000 0.000000 1.000000
vn 0.000000 0.000000 1.000000
vn 0.000000 0.000000 1.000000
vn 0.000000 0.000000 1.000000
vn 0.000000 0.000000 1.000000
vn 0.000000 -0.000000 1.000000
vn 0.000000 -0.000000 1.000000
vn 0.000000 0.000000 1.000000
vn 0.000000 1.000000 0.000000
vn 0.000000 1.000000 0.000000
vn 0.000000 0.000000 1.000000
vn 0.000000 0.000000 1.000000
vn 0.000000 0.000000 1.000000
vn 0.000000 0.000000 1.000000
vn 0.000000 0.000000 1.000000
vn 0.000000 0.000000 1.000000
vn 0.000000 0.000000 1.000000
vn 0.000000 0.000000 1.000000
vn 0.000000 0.000000 1.000000
vn 0.000000 0.000000 1.000000
vn 0.000000 0.000000 1.000000
vn 0.000000 0.000000 1.000000
vn 0.000000 0.000000 1.000000
vn 0.000000 0.000000 1.000000
vn 0.000000 0.000000 1.000000
vn 0.000000 0.000000 1.000000
vn 0.000000 0.000000 1.000000
vn 0.000000 0.000000 1.000000
vn 0.000000 0.000000 1.000000
vn 0.000000 0.000000 1.000000
vn 0.000000 0.000000 1.000000
vn 0.000000 0.000000 1.000000
vn 0.000000 0.000000 1.000000
vn 0.000000 0.000000 1.000000
vn 0.000000 0.000000 1.000000
vn 0.000000 0.000000 1.000000
vn 0.000000 0.000000 1.000000
vn 0.000000 0.000000 1.000000
vn 0.000000 0.000000 1.000000
vn 0.000000 0.000000 1.000000
vn 0.000000 0.000000 1.000000
vn 0.000000 0.000000 1.000000
vn 0.000000 0.000000 1.000000
vn 0.000000 0.000000 1.000000
vn 0.000000 0.000000 1.000000
vn 0.000000 0.000000 1.000000
vn 0.000000 0.000000 1.000000
vn 0.000000 0.000000 1.000000
vn 0.000000 0.000000 1.000000
vn 0.000000 0.000000 1.000000
vn 0.000000 0.000000 1.000000
vn 0.000000 0.000000 1.000000
vn 0.000000 0.000000 1.000000
vn 0.000000 0.000000 1.000000
vn 0.000000 0.000000 1.000000
vn 0.000000 0.000000 1.000000
vn 0.000000 0.000000 1.000000
vn 0.000000 0.000000 1.000000
vn 0.000000 0.000000 1.000000
vn 0.000000 0.000000 1.000000
vn 0.000000 0.000000 1.000000
vn 0.000000 0.000000 1.000000
vn 0.000000 0.000000 1.000000
vn 0.000000 0.000000 1.000000
vn 0.000000 0.000000 1.000000
vn 0.000000 0.000000 1.000000
vn 0.000000 0.000000 1.000000
vn 0.000000 0.000000 1.000000
vn 0.000000 0.000000 1.000000
vn 0.000000 0.000000 1.000000
vn 0.000000 0.000000 1.000000
vn 0.000000 0.000000 1.000000
vn 0.000000 0.000000 1.000000
vn 0.000000 0.000000 1.000000
vn 0.000000 0.000000 1.000000
vn 0.000000 0.000000 1.000000
vn 0.000000 0.000000 1.000000
vn 0.000000 0.000000 1.000000
vn 0.000000 0.000000 1.000000
vn 0.000000 0.000000 1.000000
vn 0.000000 0.000000 1.000000
vn 0.000000 0.000000 1.000000
vn 0.000000 0.000000 1.000000
vn 0.000000 0.000000 1.000000
vn 0.000000 0.000000 1.000000
vn 0.000000 0.000000 1.000000
vn 0.000000 0.000000 1.000000
vn 0.000000 0.000000 1.000000
vn 0.000000 0.000000 1.000000
vn 0.000000 0.000000 1.000000
vn 0.000000 0.000000 1.000000
vn 0.000000 0.000000 1.000000
vn 0.000000 0.000000 1.000000
vn 0.000000 0.000000 1.000000
vn 0.000000 0.000000 1.000000
vn 0.000000 0.000000 1.000000
vn 0.000000 0.000000 1.000000
vn 0.000000 0.000000 1.000000
vn 0.000000 0.000000 1.000000
vn 0.000000 0.000000 1.000000
vn 0.000000 0.000000 1.000000
vn 0.000000 0.000000 1.000000
vn 0.000000 0.000000 1.000000
vn 0.000000 0.000000 1.000000
vn 0.000000 0.000000 1.000000
vn 0.000000 0.000000 1.000000
vn 0.000000 0.000000 1.000000
vn 0.000000 0.000000 1.000000
vn 0.000000 0.000000 1.000000
vn 0.000000 0.000000 1.000000
vn 0.000000 0.000000 1.000000
vn 0.000000 0.000000 1.000000
vn 0.000000 0.000000 1.000000
vn 0.000000 0.000000 1.000000
vn 0.000000 0.000000 1.000000
vn 0.000000 0.000000 1.000000
vn 0.000000 0.000000 1.000000
vn 0.000000 0.000000 1.000000
vn 0.000000 0.000000 1.000000
vn 0.000000 0.000000 1.000000
vn 0.000000 0.000000 1.000000
vn 0.000000 0.000000 1.000000
vn 0.000000 0.000000 1.000000
vn 0.000000 0.000000 1.000000
vn 0.000000 0.000000 1.000000
vn 0.000000 0.000000 1.000000
vn 0.000000 0.000000 1.000000
vn 0.000000 0.000000 1.000000
vn 0.000000 0.000000 1.000000
vn 0.000000 0.000000 1.000000
vn 0.000000 0.000000 1.000000
vn 0.000000 0.000000 1.000000
vn 0.000000 0.000000 1.000000
vn 0.000000 0.000000 1.000000
vn 0.000000 0.000000 1.000000
vn 0.000000 0.000000 1.000000
vn 0.000000 0.000000 1.000000
vn 0.000000 0.000000 1.000000
vn 0.000000 0.000000 1.000000
vn 0.000000 0.000000 1.000000
vn 0.000000 0.000000 1.000000
vn 0.000000 0.000000 1.000000
vn 0.000000 0.000000 1.000000
vn 0.000000 0.000000 1.000000
vn 0.000000 0.000000 1.000000
vn 0.000000 0.000000 1.000000
vn 0.000000 0.000000 1.000000
vn 0.000000 0.000000 1.000000
vn 0.000000 0.000000 1.000000
vn 0.000000 0.000000 1.000000
vn 0.000000 0.000000 1.000000
vn 0.000000 0.000000 1.000000
vn 0.000000 0.000000 1.000000
vn 0.000000 0.000000 1.000000
vn 0.000000 0.000000 1.000000
vn 0.000000 0.000000 1.000000
vn 0.000000 0.000000 1.000000
vn 0.000000 0.000000 1.000000
vn 0.000000 0.000000 1.000000
vn 0.000000 0.000000 1.000000
vn 0.000000 0.000000 1.000000
vn 0.000000 0.000000 1.000000
vn 0.000000 0.000000 1.000000
vn 0.000000 0.000000 1.000000
vn 0.000000 0.000000 1.000000
vn 0.000000 0.000000 1.000000
vn 0.000000 0.000000 1.000000
vn 0.000000 0.000000 1.000000
vn 0.000000 0.000000 1.000000
vn 0.000000 0.000000 1.000000
vn 0.000000 0.000000 1.000000
vn 0.000000 0.000000 1.000000
vn 0.000000 0.000000 1.000000
vn 0.000000 0.000000 1.000000
vn 0.000000 0.000000 1.000000
vn 0.000000 0.000000 1.000000
vn 0.000000 0.000000 1.000000
vn 0.000000 0.000000 1.000000
vn 0.000000 0.000000 1.000000
vn 0.000000 0.000000 1.000000
vn 0.000000 0.000000 1.000000
vn 0.000000 0.000000 1.000000
vn 0.000000 0.000000 1.000000
vn 0.000000 0.000000 1.000000
vn 0.000000 0.000000 1.000000
vn 0.000000 0.000000 1.000000
vn 0.000000 0.000000 1.000000
vn 0.000000 0.000000 1.000000
vn 0.000000 0.000000 1.000000
vn 0.000000 0.000000 1.000000
vn 0.000000 0.000000 1.000000
vn 0.000000 0.000000 1.000000
vn 0.000000 0.000000 1.000000
vn 0.000000 0.000000 1.000000
vn 0.000000 0.000000 1.000000
vn 0.000000 0.000000 1.000000
vn 0.000000 0.000000 1.000000
vn 0.000000 0.000000 1.000000
vn 0.000000 0.000000 1.000000
vn 0.000000 0.000000 1.000000
vn 0.000000 0.000000 1.000000
vn 0.000000 0.000000 1.000000
vn 0.000000 0.000000 1.000000
vn 0.000000 0.000000 1.000000
vn 0.000000 0.000000 1.000000
vn 0.000000 0.000000 1.000000
vn 0.000000 0.000000 1.000000
vn 0.000000 0.000000 1.000000
vn 0.000000 0.000000 1.000000
vn 0.000000 0.000000 1.000000
vn 0.000000 0.000000 1.000000
vn 0.000000 0.000000 1.000000
vn 0.000000 0.000000 1.000000
vn 0.000000 0.000000 1.000000
vn 0.000000 0.000000 1.000000
vn 0.000000 0.000000 1.000000
vn 0.000000 0.000000 1.000000
vn 0.000000 0.000000 1.000000
vn 0.000000 0.000000 1.000000
vn 0.000000 0.000000 1.000000
vn 0.000000 0.000000 1.000000
vn 0.000000 0.000000 1.000000
vn 0.000000 0.000000 1.000000
vn 0.000000 0.000000 1.000000
vn 0.000000 0.000000 1.000000
vn 0.000000 0.000000 1.000000
vn 0.000000 0.000000 1.000000
vn 0.000000 0.000000 1.000000
vn 0.000000 0.000000 1.000000
vn 0.000000 0.000000 1.000000
vn 0.000000 0.000000 1.000000
vn 0.000000 0.000000 1.000000
vn 0.000000 0.000000 1.000000
vn 0.000000 0.000000 1.000000
vn 0.000000 0.000000 1.000000
vn 0.000000 0.000000 1.000000
vn 0.000000 0.000000 1.000000
vn 0.000000 0.000000 1.000000
vn 0.000000 0.000000 1.000000
vn 0.000000 0.000000 1.000000
vn 0.000000 0.000000 1.000000
vn 0.000000 0.000000 1.000000
vn 0.000000 0.000000 1.000000
vn 0.000000 0.000000 1.000000
vn 0.000000 0.000000 1.000000
vn 0.000000 0.000000 1.000000
vn 0.000000 0.000000 1.000000
vn 0.000000 0.000000 1.000000
vn 0.000000 0.000000 1.000000
vn 0.000000 0.000000 1.000000
vn 0.000000 0.000000 1.000000
vn 0.000000 0.000000 1.000000
vn 0.000000 0.000000 1.000000
vn 0.000000 0.000000 1.000000
vn 0.000000 0.000000 1.000000
vn 0.000000 0.000000 1.000000
vn 0.000000 0.000000 1.000000
vn 0.000000 0.000000 1.000000
vn 0.000000 0.000000 1.000000
vn 0.000000 0.000000 1.000000
vn 0.000000 0.000000 1.000000
vn 0.000000 0.000000 1.000000
vn 0.000000 0.000000 1.000000
vn 0.000000 0.000000 1.000000
vn 0.000000 0.000000 1.000000
vn 0.000000 0.000000 1.000000
vn 0.000000 0.000000 1.000000
vn 0.000000 0.000000 1.000000
vn 0.000000 0.000000 1.000000
vn 0.000000 0.000000 1.000000
vn 0.000000 0.000000 1.000000
vn 0.000000 0.000000 1.000000
vn 0.000000 0.000000 1.000000
vn 0.000000 0.000000 1.000000
vn 0.000000 0.000000 1.000000
vn 0.000000 0.000000 1.000000
vn 0.000000 0.000000 1.000000
vn 0.000000 0.000000 1.000000
vn 0.000000 0.000000 1.000000
vn 0.000000 0.000000 1.000000
vn 0.000000 0.000000 1.000000
vn 0.000000 0.000000 1.000000
vn 0.000000 0.000000 1.000000
vn 0.000000 0.000000 1.000000
vn 0.000000 0.000000 1.000000
vn 0.000000 0.000000 1.000000
vn 0.000000 0.000000 1.000000
vn 0.000000 0.000000 1.000000
vn 0.000000 0.000000 1.000000
vn 0.000000 0.000000 1.000000
vn 0.000000 0.000000 1.000000
vn 0.000000 0.000000 1.000000
vn 0.000000 0.000000 1.000000
vn 0.000000 0.000000 1.000000
vn 0.000000 0.000000 1.000000
vn 0.000000 0.000000 1.000000
vn 0.000000 0.000000 1.000000
vn 0.000000 0.000000 1.000000
vn 0.000000 0.000000 1.000000
vn 0.000000 0.000000 1.000000
vn 0.000000 0.000000 1.000000
vn 0.000000 0.000000 1.000000
vn 0.000000 0.000000 1.000000
vn 0.000000 0.000000 1.000000
vn 0.000000 0.000000 1.000000
vn 0.000000 0.000000 1.000000
vn 0.000000 0.000000 1.000000
vn 0.000000 0.000000 1.000000
vn 0.000000 0.000000 1.000000
vn 0.000000 0.000000 1.000000
vn 0.000000 0.000000 1.000000
vn 0.000000 0.000000 1.000000
vn 0.000000 0.000000 1.000000
vn 0.000000 0.000000 1.000000
vn 0.000000 0.000000 1.000000
vn 0.000000 0.000000 1.000000
vn 0.000000 0.000000 1.000000
vn 0.000000 0.000000 1.000000
vn 0.000000 0.000000 1.000000
vn 0.000000 0.000000 1.000000
vn 0.000000 0.000000 1.000000
vn 0.000000 0.000000 1.000000
vn 0.000000 0.000000 1.000000
vn 0.000000 0.000000 1.000000
vn 0.000000 0.000000 1.000000
vn 0.000000 0.000000 1.000000
vn 0.000000 0.000000 1.000000
vn 0.000000 0.000000 1.000000
vn 0.000000 0.000000 1.000000
vn 0.000000 0.000000 1.000000
vn 0.000000 0.000000 1.000000
vn 0.000000 0.000000 1.000000
vn 0.000000 0.000000 1.000000
vn 0.000000 0.000000 1.000000
vn 0.000000 0.000000 1.000000
vn 0.000000 0.000000 1.000000
vn 0.000000 0.000000 1.000000
vn 0.000000 0.000000 1.000000
vn 0.000000 0.000000 1.000000
vn 0.000000 0.000000 1.000000
vn 0.000000 0.000000 1.000000
vn 0.000000 0.000000 1.000000
vn 0.000000 0.000000 1.000000
vn 0.000000 0.000000 1.000000
vn 0.000000 0.000000 1.000000
vn 0.000000 0.000000 1.000000
vn 0.000000 0.000000 1.000000
vn 0.000000 0.000000 1.000000
vn 0.000000 0.000000 1.000000
vn 0.000000 0.000000 1.000000
vn 0.000000 0.000000 1.000000
vn 0.000000 0.000000 1.000000
vn 0.000000 0.000000 1.000000
vn 0.000000 0.000000 1.000000
vn 0.000000 0.000000 1.000000
vn 0.000000 -0.000000 1.000000
vn 0.000000 -0.000000 1.000000
vn 0.000000 -0.000000 1.000000
vn 1.000000 0.000000 0.000000
vn 1.000000 0.000000 0.000000
vn 1.000000 0.000000 0.000000
vn 1.000000 0.000000 0.000000
vn -0.996194 -0.087165 0.000000
vn -0.996194 -0.087165 0.000000
vn -0.965929 -0.258807 0.000000
vn -0.965929 -0.258807 -0.000000
vn -0.906303 -0.422628 0.000000
vn -0.906303 -0.422628 -0.000000
vn -0.819157 -0.573570 0.000000
vn -0.819157 -0.573570 -0.000000
vn -0.707107 -0.707107 0.000000
vn -0.573577 -0.819152 0.000000
vn -0.707107 -0.707107 -0.000000
vn -0.573577 -0.819152 0.000000
vn -0.422624 -0.906305 0.000000
vn -0.422624 -0.906305 0.000000
vn -0.258814 -0.965927 -0.000000
vn -0.258814 -0.965927 0.000000
vn -0.087154 -0.996195 -0.000000
vn -0.087154 -0.996195 0.000000
vn 0.087154 -0.996195 0.000000
vn 0.087154 -0.996195 0.000000
vn 0.258814 -0.965927 0.000000
vn 0.258814 -0.965927 0.000000
vn 0.422624 -0.906305 0.000000
vn 0.422624 -0.906305 0.000000
vn 0.573577 -0.819152 0.000000
vn 0.573577 -0.819152 0.000000
vn 0.707107 -0.707107 0.000000
vn 0.707107 -0.707107 0.000000
vn 0.819157 -0.573570 0.000000
vn 0.819157 -0.573570 0.000000
vn 0.906303 -0.422628 0.000000
vn 0.906303 -0.422628 0.000000
vn 0.965929 -0.258807 0.000000
vn 0.965929 -0.258807 0.000000
vn 0.996194 -0.087165 0.000000
vn 0.996194 -0.087165 0.000000
vn 0.996194 0.087165 0.000000
vn 0.996194 0.087165 0.000000
vn 0.965929 0.258807 0.000000
vn 0.965929 0.258807 0.000000
vn 0.906303 0.422628 0.000000
vn 0.906303 0.422628 0.000000
vn 0.819157 0.573570 0.000000
vn 0.819157 0.573570 0.000000
vn 0.707107 0.707107 -0.000000
vn 0.573577 0.819152 -0.000000
vn 0.707107 0.707107 0.000000
vn 0.573577 0.819152 0.000000
vn 0.422624 0.906305 0.000000
vn 0.422624 0.906305 0.000000
vn 0.258814 0.965927 0.000000
vn 0.087154 0.996195 -0.000000
vn 0.258814 0.965927 0.000000
vn 0.087154 0.996195 0.000000
vn -0.087154 0.996195 0.000000
vn -0.087154 0.996195 0.000000
vn -0.258814 0.965927 0.000000
vn -0.258814 0.965927 0.000000
vn -0.422624 0.906305 0.000000
vn -0.422624 0.906305 0.000000
vn -0.573577 0.819152 0.000000
vn -0.707107 0.707107 0.000000
vn -0.573577 0.819152 0.000000
vn -0.707107 0.707107 0.000000
vn -0.819157 0.573570 0.000000
vn -0.819157 0.573570 0.000000
vn -0.906303 0.422628 0.000000
vn -0.906303 0.422628 0.000000
vn -0.965929 0.258807 0.000000
vn -0.965929 0.258807 0.000000
vn -0.996194 0.087165 0.000000
vn -0.996194 0.087165 0.000000
vn -0.996917 -0.078457 -0.000000
vn -0.996917 -0.078457 0.000000
vn -0.972371 -0.233442 0.000000
vn -0.972371 -0.233442 -0.000000
vn -0.923878 -0.382688 0.000000
vn -0.923878 -0.382688 -0.000000
vn -0.852636 -0.522505 -0.000000
vn -0.852636 -0.522505 0.000000
vn -0.760411 -0.649442 -0.000000
vn -0.760411 -0.649442 0.000000
vn -0.649452 -0.760403 -0.000000
vn -0.649452 -0.760403 0.000000
vn -0.522492 -0.852644 -0.000000
vn -0.522492 -0.852644 0.000000
vn -0.382681 -0.923880 -0.000000
vn -0.382681 -0.923880 0.000000
vn -0.233453 -0.972368 -0.000000
vn -0.233453 -0.972368 0.000000
vn -0.078456 -0.996918 -0.000000
vn -0.078456 -0.996918 0.000000
vn 0.078456 -0.996918 0.000000
vn 0.078456 -0.996918 0.000000
vn 0.233453 -0.972368 0.000000
vn 0.233453 -0.972368 0.000000
vn 0.382681 -0.923880 0.000000
vn 0.382681 -0.923880 0.000000
vn 0.522492 -0.852644 0.000000
vn 0.522492 -0.852644 0.000000
vn 0.649452 -0.760403 0.000000
vn 0.649452 -0.760403 0.000000
vn 0.760411 -0.649442 0.000000
vn 0.760411 -0.649442 0.000000
vn 0.852636 -0.522505 0.000000
vn 0.852636 -0.522505 0.000000
vn 0.923878 -0.382688 0.000000
vn 0.923878 -0.382688 0.000000
vn 0.972371 -0.233442 0.000000
vn 0.972371 -0.233442 0.000000
vn 0.996917 -0.078457 0.000000
vn 0.996917 -0.078457 0.000000
vn 0.996917 0.078457 0.000000
vn 0.996917 0.078457 0.000000
vn 0.972371 0.233442 0.000000
vn 0.923878 0.382688 -0.000000
vn 0.972371 0.233442 0.000000
vn 0.852636 0.522505 -0.000000
vn 0.923878 0.382688 0.000000
vn 0.852636 0.522505 0.000000
vn 0.760411 0.649442 0.000000
vn 0.649452 0.760403 -0.000000
vn 0.760411 0.649442 0.000000
vn 0.649452 0.760403 0.000000
vn 0.522492 0.852644 0.000000
vn 0.522492 0.852644 0.000000
vn 0.382681 0.923880 0.000000
vn 0.382681 0.923880 0.000000
vn 0.233453 0.972368 0.000000
vn 0.233453 0.972368 0.000000
vn 0.078456 0.996918 0.000000
vn 0.078456 0.996918 0.000000
vn -0.078456 0.996918 0.000000
vn -0.078456 0.996918 0.000000
vn -0.233453 0.972368 0.000000
vn -0.233453 0.972368 0.000000
vn -0.382681 0.923880 0.000000
vn -0.382681 0.923880 0.000000
vn -0.522492 0.852644 0.000000
vn -0.522492 0.852644 0.000000
vn -0.649452 0.760403 0.000000
vn -0.649452 0.760403 0.000000
vn -0.760411 0.649442 0.000000
vn -0.760411 0.649442 0.000000
vn -0.852636 0.522505 0.000000
vn -0.852636 0.522505 0.000000
vn -0.923878 0.382688 0.000000
vn -0.923878 0.382688 0.000000
vn -0.972371 0.233442 0.000000
vn -0.972371 0.233442 0.000000
vn -0.996917 0.078457 0.000000
vn -0.996917 0.078457 0.000000
vn -0.996916 -0.078473 -0.000000
vn -0.996916 -0.078473 0.000000
vn -0.972371 -0.233442 0.000000
vn -0.923883 -0.382674 0.000000
vn -0.972371 -0.233442 -0.000000
vn -0.923883 -0.382674 0.000000
vn -0.852636 -0.522505 -0.000000
vn -0.852636 -0.522505 0.000000
vn -0.760411 -0.649442 -0.000000
vn -0.760411 -0.649442 0.000000
vn -0.649444 -0.760410 0.000000
vn -0.649444 -0.760410 0.000000
vn -0.522499 -0.852640 -0.000000
vn -0.522499 -0.852640 0.000000
vn -0.382681 -0.923880 -0.000000
vn -0.382681 -0.923880 0.000000
vn -0.233449 -0.972369 -0.000000
vn -0.233449 -0.972369 0.000000
vn -0.078457 -0.996917 -0.000000
vn -0.078457 -0.996917 0.000000
vn 0.078457 -0.996917 0.000000
vn 0.078457 -0.996917 0.000000
vn 0.233449 -0.972369 0.000000
vn 0.233449 -0.972369 0.000000
vn 0.382681 -0.923880 0.000000
vn 0.382681 -0.923880 0.000000
vn 0.522499 -0.852640 0.000000
vn 0.522499 -0.852640 0.000000
vn 0.649444 -0.760410 0.000000
vn 0.649444 -0.760410 0.000000
vn 0.760411 -0.649442 0.000000
vn 0.760411 -0.649442 0.000000
vn 0.852636 -0.522505 0.000000
vn 0.852636 -0.522505 0.000000
vn 0.923883 -0.382674 0.000000
vn 0.923883 -0.382674 0.000000
vn 0.972371 -0.233442 0.000000
vn 0.972371 -0.233442 0.000000
vn 0.996916 -0.078473 0.000000
vn 0.996916 -0.078473 0.000000
vn 0.996916 0.078473 0.000000
vn 0.972371 0.233442 -0.000000
vn 0.996916 0.078473 0.000000
vn 0.923883 0.382674 -0.000000
vn 0.972371 0.233442 0.000000
vn 0.923883 0.382674 0.000000
vn 0.852636 0.522505 0.000000
vn 0.852636 0.522505 0.000000
vn 0.760411 0.649442 0.000000
vn 0.760411 0.649442 0.000000
vn 0.649444 0.760410 0.000000
vn 0.649444 0.760410 0.000000
vn 0.522499 0.852640 0.000000
vn 0.522499 0.852640 0.000000
vn 0.382681 0.923880 0.000000
vn 0.382681 0.923880 0.000000
vn 0.233449 0.972369 0.000000
vn 0.233449 0.972369 0.000000
vn 0.078457 0.996917 0.000000
vn 0.078457 0.996917 0.000000
vn -0.078457 0.996917 0.000000
vn -0.078457 0.996917 0.000000
vn -0.233449 0.972369 0.000000
vn -0.233449 0.972369 0.000000
vn -0.382681 0.923880 0.000000
vn -0.382681 0.923880 0.000000
vn -0.522499 0.852640 0.000000
vn -0.522499 0.852640 0.000000
vn -0.649444 0.760410 0.000000
vn -0.649444 0.760410 0.000000
vn -0.760411 0.649442 0.000000
vn -0.760411 0.649442 0.000000
vn -0.852636 0.522505 0.000000
vn -0.852636 0.522505 0.000000
vn -0.923883 0.382674 0.000000
vn -0.923883 0.382674 0.000000
vn -0.972371 0.233442 0.000000
vn -0.972371 0.233442 0.000000
vn -0.996916 0.078473 0.000000
vn -0.996916 0.078473 0.000000
vn -0.996194 -0.087165 0.000000
vn -0.996194 -0.087165 0.000000
vn -0.965930 -0.258804 0.000000
vn -0.965930 -0.258804 -0.000000
vn -0.906301 -0.422633 0.000000
vn -0.906301 -0.422633 -0.000000
vn -0.819157 -0.573570 0.000000
vn -0.819157 -0.573570 -0.000000
vn -0.707107 -0.707107 0.000000
vn -0.573570 -0.819157 0.000000
vn -0.707107 -0.707107 -0.000000
vn -0.573570 -0.819157 0.000000
vn -0.422633 -0.906301 0.000000
vn -0.422633 -0.906301 0.000000
vn -0.258804 -0.965930 -0.000000
vn -0.258804 -0.965930 0.000000
vn -0.087165 -0.996194 -0.000000
vn -0.087165 -0.996194 0.000000
vn 0.087165 -0.996194 0.000000
vn 0.087165 -0.996194 0.000000
vn 0.258804 -0.965930 0.000000
vn 0.258804 -0.965930 0.000000
vn 0.422633 -0.906301 0.000000
vn 0.422633 -0.906301 0.000000
vn 0.573570 -0.819157 0.000000
vn 0.573570 -0.819157 0.000000
vn 0.707107 -0.707107 0.000000
vn 0.707107 -0.707107 0.000000
vn 0.819157 -0.573570 0.000000
vn 0.819157 -0.573570 0.000000
vn 0.906301 -0.422633 0.000000
vn 0.906301 -0.422633 0.000000
vn 0.965930 -0.258804 0.000000
vn 0.965930 -0.258804 0.000000
vn 0.996194 -0.087165 0.000000
vn 0.996194 -0.087165 0.000000
vn 0.996194 0.087165 0.000000
vn 0.996194 0.087165 0.000000
vn 0.965930 0.258804 0.000000
vn 0.965930 0.258804 0.000000
vn 0.906301 0.422633 0.000000
vn 0.906301 0.422633 0.000000
vn 0.819157 0.573570 0.000000
vn 0.819157 0.573570 0.000000
vn 0.707107 0.707107 -0.000000
vn 0.573570 0.819157 -0.000000
vn 0.707107 0.707107 0.000000
vn 0.573570 0.819157 0.000000
vn 0.422633 0.906301 0.000000
vn 0.422633 0.906301 0.000000
vn 0.258804 0.965930 0.000000
vn 0.087165 0.996194 -0.000000
vn 0.258804 0.965930 0.000000
vn 0.087165 0.996194 0.000000
vn -0.087165 0.996194 0.000000
vn -0.087165 0.996194 0.000000
vn -0.258804 0.965930 0.000000
vn -0.258804 0.965930 0.000000
vn -0.422633 0.906301 0.000000
vn -0.422633 0.906301 0.000000
vn -0.573570 0.819157 0.000000
vn -0.707107 0.707107 0.000000
vn -0.573570 0.819157 0.000000
vn -0.707107 0.707107 0.000000
vn -0.819157 0.573570 0.000000
vn -0.819157 0.573570 0.000000
vn -0.906301 0.422633 0.000000
vn -0.906301 0.422633 0.000000
vn -0.965930 0.258804 0.000000
vn -0.965930 0.258804 0.000000
vn -0.996194 0.087165 0.000000
vn -0.996194 0.087165 0.000000
vn -1.000000 0.000000 0.000000
vn -1.000000 0.000000 0.000000
vn 0.000000 1.000000 0.000000
vn 0.000000 1.000000 0.000000
vn -1.000000 0.000000 0.000000
vn -1.000000 0.000000 0.000000
vn 0.000000 -1.000000 0.000000
vn 0.000000 -1.000000 0.000000
vn -1.000000 0.000000 0.000000
vn -1.000000 0.000000 0.000000
vn 0.000000 0.000000 1.000000
vn 0.000000 0.000000 1.000000
vn 0.000000 0.000000 1.000000
vn 0.000000 0.000000 1.000000
vn 0.000000 0.000000 1.000000
vn 0.000000 0.000000 1.000000
vn 0.000000 0.000000 1.000000
vn 0.000000 0.000000 1.000000
vn 0.000000 0.000000 1.000000
vn 0.000000 0.000000 1.000000
vn 0.000000 0.000000 1.000000
vn 0.000000 0.000000 1.000000
vn 0.000000 0.000000 1.000000
vn 0.000000 0.000000 1.000000
vn 0.000000 0.000000 1.000000
vn 0.000000 0.000000 1.000000
vn 0.000000 0.000000 1.000000
vn 0.000000 0.000000 1.000000
vn 0.000000 0.000000 1.000000
vn 0.000000 0.000000 1.000000
vn 0.000000 0.000000 1.000000
vn 0.000000 0.000000 1.000000
vn 0.000000 0.000000 1.000000
vn 0.000000 0.000000 1.000000
vn 0.000000 0.000000 1.000000
vn 0.000000 0.000000 1.000000
vn 0.000000 0.000000 1.000000
vn 0.000000 0.000000 1.000000
vn 0.000000 0.000000 1.000000
vn 0.000000 0.000000 1.000000
vn 0.000000 0.000000 1.000000
vn 0.000000 0.000000 1.000000
vn 0.000000 0.000000 1.000000
vn 0.000000 0.000000 1.000000
vn 0.000000 0.000000 1.000000
vn 0.000000 0.000000 1.000000
vn 0.000000 0.000000 1.000000
vn 0.000000 0.000000 1.000000
vn 0.000000 0.000000 1.000000
vn 0.000000 0.000000 1.000000
vn 0.000000 0.000000 1.000000
vn 0.000000 0.000000 1.000000
vn 0.000000 0.000000 1.000000
vn 0.000000 0.000000 1.000000
vn 0.000000 0.000000 1.000000
vn 0.000000 0.000000 1.000000
vn 0.000000 0.000000 1.000000
vn 0.000000 0.000000 1.000000
vn 0.000000 0.000000 1.000000
vn 0.000000 0.000000 1.000000
vn 0.000000 0.000000 1.000000
vn 0.000000 0.000000 1.000000
vn 0.000000 0.000000 1.000000
vn 0.000000 0.000000 1.000000
vn 0.000000 0.000000 1.000000
vn 0.000000 0.000000 1.000000
vn 0.000000 0.000000 1.000000
vn 0.000000 0.000000 1.000000
vn 0.000000 0.000000 1.000000
vn 0.000000 0.000000 1.000000
vn 0.000000 0.000000 1.000000
vn 0.000000 0.000000 1.000000
vn 0.000000 1.000000 0.000000
vn 0.000000 1.000000 0.000000
vn 0.000000 0.000000 1.000000
vn 0.000000 0.000000 1.000000
vn 0.000000 0.000000 1.000000
vn 0.000000 0.000000 1.000000
vn 0.000000 0.000000 1.000000
vn 0.000000 0.000000 1.000000
vn 0.000000 0.000000 1.000000
vn 0.000000 0.000000 1.000000
vn 0.000000 0.000000 1.000000
vn 0.000000 0.000000 1.000000
vn 0.000000 0.000000 1.000000
vn 0.000000 0.000000 1.000000
vn 0.000000 0.000000 1.000000
vn 0.000000 0.000000 1.000000
vn 0.000000 0.000000 1.000000
vn 0.000000 0.000000 1.000000
vn 0.000000 0.000000 1.000000
vn 0.000000 0.000000 1.000000
vn 0.000000 0.000000 1.000000
vn 0.000000 0.000000 1.000000
vn 0.000000 0.000000 1.000000
vn 0.000000 0.000000 1.000000
vn 0.000000 0.000000 1.000000
vn 0.000000 0.000000 1.000000
vn 0.000000 0.000000 1.000000
vn 0.000000 0.000000 1.000000
vn 0.000000 0.000000 1.000000
vn 0.000000 0.000000 1.000000
vn 0.000000 0.000000 1.000000
vn 0.000000 0.000000 1.000000
vn 0.000000 0.000000 1.000000
vn 0.000000 0.000000 1.000000
vn 0.000000 0.000000 1.000000
vn 0.000000 0.000000 1.000000
vn 0.000000 0.000000 1.000000
vn 0.000000 0.000000 1.000000
vn 0.000000 0.000000 1.000000
vn 0.000000 0.000000 1.000000
vn 0.000000 0.000000 1.000000
vn 0.000000 0.000000 1.000000
vn 0.000000 0.000000 1.000000
vn 0.000000 0.000000 1.000000
vn 0.000000 0.000000 1.000000
vn 0.000000 0.000000 1.000000
vn 0.000000 0.000000 1.000000
vn 0.000000 0.000000 1.000000
vn 0.000000 0.000000 1.000000
vn 0.000000 0.000000 1.000000
vn 0.000000 0.000000 1.000000
vn 0.000000 0.000000 1.000000
vn 0.000000 0.000000 1.000000
vn 0.000000 -0.000000 1.000000
vn 0.000000 0.000000 1.000000
vn 0.000000 0.000000 1.000000
vn 1.000000 0.000000 0.000000
vn 1.000000 -0.000000 0.000000
vn 0.000000 -1.000000 0.000000
vn 0.000000 -1.000000 0.000000
vn 1.000000 0.000000 0.000000
vn 1.000000 -0.000000 0.000000
vn 0.000000 1.000000 0.000000
vn 0.000000 1.000000 0.000000
vn 1.000000 0.000000 0.000000
vn 1.000000 -0.000000 0.000000
vn 0.000000 0.000000 1.000000
vn 0.000000 0.000000 1.000000
vn 0.000000 0.000000 1.000000
vn 0.000000 0.000000 1.000000
vn 0.000000 0.000000 1.000000
vn 0.000000 0.000000 1.000000
vn 0.000000 0.000000 1.000000
vn 0.000000 0.000000 1.000000
vn 0.000000 0.000000 1.000000
vn 0.000000 0.000000 1.000000
vn 0.000000 0.000000 1.000000
vn 0.000000 0.000000 1.000000
vn 0.000000 0.000000 1.000000
vn 0.000000 0.000000 1.000000
vn 0.000000 0.000000 1.000000
vn 0.000000 0.000000 1.000000
vn 0.000000 0.000000 1.000000
vn 0.000000 0.000000 1.000000
vn 0.000000 0.000000 1.000000
vn 0.000000 0.000000 1.000000
vn 0.000000 0.000000 1.000000
vn 0.000000 0.000000 1.000000
vn 0.000000 0.000000 1.000000
vn 0.000000 0.000000 1.000000
vn 0.000000 0.000000 1.000000
vn 0.000000 0.000000 1.000000
vn 0.000000 0.000000 1.000000
vn 0.000000 0.000000 1.000000
vn 0.000000 0.000000 1.000000
vn 0.000000 0.000000 1.000000
vn 0.000000 0.000000 1.000000
vn 0.000000 0.000000 1.000000
vn 0.000000 0.000000 1.000000
vn 0.000000 0.000000 1.000000
vn 0.000000 0.000000 1.000000
vn 0.000000 0.000000 1.000000
vn 0.000000 0.000000 1.000000
vn 0.000000 0.000000 1.000000
vn 0.000000 0.000000 1.000000
vn 0.000000 0.000000 1.000000
vn 0.000000 0.000000 1.000000
vn 0.000000 0.000000 1.000000
vn 0.000000 0.000000 1.000000
vn 0.000000 0.000000 1.000000
vn 0.000000 0.000000 1.000000
vn 0.000000 0.000000 1.000000
vn 0.000000 0.000000 1.000000
vn 0.000000 0.000000 1.000000
vn 0.000000 -0.000000 1.000000
vn 0.000000 0.000000 1.000000
vn 0.000000 0.000000 1.000000
vn 0.000000 0.000000 1.000000
vn 0.000000 0.000000 1.000000
vn 0.000000 0.000000 1.000000
vn 0.000000 -1.000000 0.000000
vn 0.000000 -1.000000 0.000000
vn 0.000000 0.000000 1.000000
vn 0.000000 0.000000 1.000000
vn 0.000000 0.000000 1.000000
vn 0.000000 0.000000 1.000000
vn 0.000000 0.000000 1.000000
vn 0.000000 0.000000 1.000000
vn 0.000000 0.000000 1.000000
vn 0.000000 0.000000 1.000000
vn 0.000000 0.000000 1.000000
vn 0.000000 0.000000 1.000000
vn 0.000000 0.000000 1.000000
vn 0.000000 0.000000 1.000000
vn 0.000000 0.000000 1.000000
vn 0.000000 0.000000 1.000000
vn 0.000000 0.000000 1.000000
vn 0.000000 0.000000 1.000000
vn 0.000000 0.000000 1.000000
vn 0.000000 0.000000 1.000000
vn 0.000000 0.000000 1.000000
vn 0.000000 0.000000 1.000000
vn 0.000000 0.000000 1.000000
vn 0.000000 0.000000 1.000000
vn 0.000000 0.000000 1.000000
vn 0.000000 0.000000 1.000000
vn 0.000000 0.000000 1.000000
vn 0.000000 0.000000 1.000000
vn 0.000000 0.000000 1.000000
vn 0.000000 0.000000 1.000000
vn 0.000000 0.000000 1.000000
vn 0.000000 0.000000 1.000000
vn 0.000000 0.000000 1.000000
vn 0.000000 0.000000 1.000000
vn 0.000000 0.000000 1.000000
vn 0.000000 0.000000 1.000000
vn 0.000000 0.000000 1.000000
vn 0.000000 0.000000 1.000000
vn 0.000000 0.000000 1.000000
vn 0.000000 0.000000 1.000000
vn 0.000000 0.000000 1.000000
vn 0.000000 0.000000 1.000000
vn 0.000000 0.000000 1.000000
vn 0.000000 0.000000 1.000000
vn 0.000000 0.000000 1.000000
vn 0.000000 0.000000 1.000000
vn 0.000000 0.000000 1.000000
vn 0.000000 0.000000 1.000000
vn 0.000000 0.000000 1.000000
vn 0.000000 0.000000 1.000000
vn 0.000000 0.000000 1.000000
vn 0.000000 0.000000 1.000000
vn 0.000000 0.000000 1.000000
vn 0.000000 0.000000 1.000000
vn 0.000000 0.000000 1.000000
vn 0.000000 0.000000 1.000000
vn 0.000000 0.000000 1.000000
vn 0.000000 0.000000 1.000000
vn 0.000000 0.000000 1.000000
vn 0.000000 0.000000 1.000000
vn 0.000000 0.000000 1.000000
vn 0.000000 0.000000 1.000000
vn 0.000000 0.000000 1.000000
vn 0.000000 0.000000 1.000000
vn -0.998481 -0.055089 -0.000000
vn -0.998481 -0.055089 0.000000
vn -0.986361 -0.164594 -0.000000
vn -0.986361 -0.164594 0.000000
vn -0.962268 -0.272104 -0.000000
vn -0.962268 -0.272104 0.000000
vn -0.926494 -0.376309 -0.000000
vn -0.926494 -0.376309 0.000000
vn -0.879474 -0.475947 -0.000000
vn -0.879474 -0.475947 0.000000
vn -0.821777 -0.569809 -0.000000
vn -0.821777 -0.569809 0.000000
vn -0.754107 -0.656752 0.000000
vn -0.754107 -0.656752 0.000000
vn -0.677281 -0.735724 -0.000000
vn -0.677281 -0.735724 0.000000
vn -0.592236 -0.805765 -0.000000
vn -0.592236 -0.805765 0.000000
vn -0.500000 -0.866025 -0.000000
vn -0.500000 -0.866025 0.000000
vn -0.401696 -0.915773 -0.000000
vn -0.401696 -0.915773 0.000000
vn -0.298514 -0.954405 -0.000000
vn -0.298514 -0.954405 0.000000
vn -0.191712 -0.981451 0.000000
vn -0.191712 -0.981451 0.000000
vn -0.082580 -0.996584 0.000000
vn -0.082580 -0.996584 -0.000000
vn 0.027556 -0.999620 0.000000
vn 0.027556 -0.999620 0.000000
vn 0.137353 -0.990522 0.000000
vn 0.137353 -0.990522 0.000000
vn 0.245485 -0.969400 0.000000
vn 0.245485 -0.969400 0.000000
vn 0.350638 -0.936511 0.000000
vn 0.350638 -0.936511 0.000000
vn 0.451534 -0.892254 0.000000
vn 0.546948 -0.837167 0.000000
vn 0.451534 -0.892254 0.000000
vn 0.546948 -0.837167 0.000000
vn 0.635723 -0.771917 0.000000
vn 0.635723 -0.771917 0.000000
vn 0.716784 -0.697295 0.000000
vn 0.716784 -0.697295 0.000000
vn 0.789140 -0.614213 0.000000
vn 0.789140 -0.614213 0.000000
vn 0.851919 -0.523673 0.000000
vn 0.851919 -0.523673 0.000000
vn 0.904357 -0.426776 0.000000
vn 0.904357 -0.426776 0.000000
vn 0.945817 -0.324700 0.000000
vn 0.945817 -0.324700 0.000000
vn 0.975796 -0.218681 0.000000
vn 0.975796 -0.218681 0.000000
vn 0.993931 -0.110008 0.000000
vn 0.993931 -0.110008 0.000000
vn 1.000000 0.000000 0.000000
vn 1.000000 0.000000 0.000000
vn 0.993931 0.110008 0.000000
vn 0.993931 0.110008 0.000000
vn 0.975796 0.218681 0.000000
vn 0.975796 0.218681 0.000000
vn 0.945817 0.324700 0.000000
vn 0.945817 0.324700 0.000000
vn 0.904357 0.426776 0.000000
vn 0.904357 0.426776 0.000000
vn 0.851919 0.523673 0.000000
vn 0.851919 0.523673 0.000000
vn 0.789141 0.614213 0.000000
vn 0.789141 0.614213 0.000000
vn 0.716783 0.697297 0.000000
vn 0.716783 0.697297 0.000000
vn 0.635723 0.771917 -0.000000
vn 0.635723 0.771917 0.000000
vn 0.546948 0.837166 0.000000
vn 0.546948 0.837166 0.000000
vn 0.451533 0.892254 0.000000
vn 0.451533 0.892254 0.000000
vn 0.350638 0.936511 0.000000
vn 0.350638 0.936511 0.000000
vn 0.245485 0.969400 0.000000
vn 0.245485 0.969400 0.000000
vn 0.137353 0.990522 0.000000
vn 0.137353 0.990522 0.000000
vn 0.027554 0.999620 0.000000
vn 0.027554 0.999620 0.000000
vn -0.082579 0.996585 0.000000
vn -0.082579 0.996585 0.000000
vn -0.191711 0.981451 0.000000
vn -0.191711 0.981451 0.000000
vn -0.298515 0.954405 0.000000
vn -0.298515 0.954405 0.000000
vn -0.401696 0.915773 0.000000
vn -0.401696 0.915773 0.000000
vn -0.500000 0.866025 0.000000
vn -0.500000 0.866025 0.000000
vn -0.592235 0.805765 0.000000
vn -0.592235 0.805765 0.000000
vn -0.677281 0.735724 0.000000
vn -0.677281 0.735724 0.000000
vn -0.754107 0.656752 0.000000
vn -0.754107 0.656752 0.000000
vn -0.821777 0.569809 0.000000
vn -0.821777 0.569809 0.000000
vn -0.879474 0.475947 0.000000
vn -0.879474 0.475947 0.000000
vn -0.926494 0.376309 0.000000
vn -0.926494 0.376309 0.000000
vn -0.962268 0.272104 0.000000
vn -0.962268 0.272104 0.000000
vn -0.986361 0.164594 0.000000
vn -0.986361 0.164594 0.000000
vn -0.998481 0.055089 0.000000
vn -0.998481 0.055089 0.000000
vn -0.999689 -0.024921 -0.000000
vn -0.999689 -0.024921 0.000000
vn -0.997202 -0.074748 0.000000
vn -0.997202 -0.074748 -0.000000
vn -0.992240 -0.124341 0.000000
vn -0.992240 -0.124341 -0.000000
vn -0.984808 -0.173647 0.000000
vn -0.984808 -0.173647 -0.000000
vn -0.974928 -0.222520 0.000000
vn -0.974928 -0.222520 -0.000000
vn -0.962628 -0.270829 0.000000
vn -0.962628 -0.270829 -0.000000
vn -0.947923 -0.318499 0.000000
vn -0.947923 -0.318499 -0.000000
vn -0.930877 -0.365332 0.000000
vn -0.930877 -0.365332 -0.000000
vn -0.911500 -0.411300 0.000000
vn -0.911500 -0.411300 -0.000000
vn -0.889876 -0.456203 0.000000
vn -0.889876 -0.456203 -0.000000
vn -0.866019 -0.500011 -0.000000
vn -0.866019 -0.500011 0.000000
vn -0.840031 -0.542539 -0.000000
vn -0.840031 -0.542539 0.000000
vn -0.811933 -0.583750 -0.000000
vn -0.811933 -0.583750 0.000000
vn -0.781842 -0.623477 0.000000
vn -0.781842 -0.623477 0.000000
vn -0.749774 -0.661694 -0.000000
vn -0.749774 -0.661694 0.000000
vn -0.715860 -0.698244 -0.000000
vn -0.715860 -0.698244 0.000000
vn -0.680180 -0.733045 -0.000000
vn -0.680180 -0.733045 0.000000
vn -0.642792 -0.766041 0.000000
vn -0.642792 -0.766041 0.000000
vn -0.603800 -0.797136 -0.000000
vn -0.603800 -0.797136 0.000000
vn -0.563339 -0.826226 0.000000
vn -0.563339 -0.826226 0.000000
vn -0.521429 -0.853295 -0.000000
vn -0.521429 -0.853295 0.000000
vn -0.478246 -0.878226 0.000000
vn -0.478246 -0.878226 0.000000
vn -0.433898 -0.900962 0.000000
vn -0.433898 -0.900962 -0.000000
vn -0.388423 -0.921481 0.000000
vn -0.388423 -0.921481 -0.000000
vn -0.342016 -0.939694 0.000000
vn -0.342016 -0.939694 -0.000000
vn -0.294744 -0.955576 0.000000
vn -0.294744 -0.955576 -0.000000
vn -0.246768 -0.969074 0.000000
vn -0.246768 -0.969074 -0.000000
vn -0.198150 -0.980172 0.000000
vn -0.198150 -0.980172 -0.000000
vn -0.149035 -0.988832 0.000000
vn -0.149035 -0.988832 -0.000000
vn -0.099572 -0.995030 0.000000
vn -0.099572 -0.995030 -0.000000
vn -0.049844 -0.998757 0.000000
vn -0.049844 -0.998757 -0.000000
vn 0.000000 -1.000000 0.000000
vn 0.049844 -0.998757 0.000000
vn -0.000000 -1.000000 -0.000000
vn 0.049844 -0.998757 0.000000
vn 0.099572 -0.995030 0.000000
vn 0.099572 -0.995030 0.000000
vn 0.149035 -0.988832 0.000000
vn 0.149035 -0.988832 0.000000
vn 0.198150 -0.980172 0.000000
vn 0.198150 -0.980172 0.000000
vn 0.246768 -0.969074 0.000000
vn 0.246768 -0.969074 0.000000
vn 0.294744 -0.955576 0.000000
vn 0.294744 -0.955576 0.000000
vn 0.342016 -0.939694 0.000000
vn 0.342016 -0.939694 0.000000
vn 0.388423 -0.921481 0.000000
vn 0.388423 -0.921481 0.000000
vn 0.433898 -0.900962 0.000000
vn 0.433898 -0.900962 0.000000
vn 0.478246 -0.878226 0.000000
vn 0.478246 -0.878226 0.000000
vn 0.521429 -0.853295 0.000000
vn 0.521429 -0.853295 0.000000
vn 0.563339 -0.826226 0.000000
vn 0.563339 -0.826226 0.000000
vn 0.603800 -0.797136 0.000000
vn 0.603800 -0.797136 0.000000
vn 0.642792 -0.766041 0.000000
vn 0.642792 -0.766041 0.000000
vn 0.680180 -0.733045 0.000000
vn 0.680180 -0.733045 0.000000
vn 0.715860 -0.698244 0.000000
vn 0.715860 -0.698244 0.000000
vn 0.749774 -0.661694 0.000000
vn 0.749774 -0.661694 0.000000
vn 0.781842 -0.623477 0.000000
vn 0.781842 -0.623477 0.000000
vn 0.811933 -0.583750 0.000000
vn 0.811933 -0.583750 0.000000
vn 0.840031 -0.542539 0.000000
vn 0.840031 -0.542539 0.000000
vn 0.866019 -0.500011 0.000000
vn 0.866019 -0.500011 0.000000
vn 0.889876 -0.456203 0.000000
vn 0.889876 -0.456203 0.000000
vn 0.911500 -0.411300 0.000000
vn 0.911500 -0.411300 0.000000
vn 0.930877 -0.365332 0.000000
vn 0.930877 -0.365332 0.000000
vn 0.947923 -0.318499 0.000000
vn 0.947923 -0.318499 0.000000
vn 0.962628 -0.270829 0.000000
vn 0.962628 -0.270829 0.000000
vn 0.974928 -0.222520 0.000000
vn 0.974928 -0.222520 0.000000
vn 0.984808 -0.173647 0.000000
vn 0.984808 -0.173647 0.000000
vn 0.992240 -0.124341 0.000000
vn 0.992240 -0.124341 0.000000
vn 0.997202 -0.074748 0.000000
vn 0.997202 -0.074748 0.000000
vn 0.999689 -0.024921 0.000000
vn 0.999689 -0.024921 0.000000
vn 0.999689 0.024921 0.000000
vn 0.999689 0.024921 0.000000
vn 0.997202 0.074748 0.000000
vn 0.997202 0.074748 0.000000
vn 0.992240 0.124341 0.000000
vn 0.992240 0.124341 0.000000
vn 0.984808 0.173647 0.000000
vn 0.984808 0.173647 0.000000
vn 0.974928 0.222520 0.000000
vn 0.974928 0.222520 0.000000
vn 0.962628 0.270829 0.000000
vn 0.962628 0.270829 0.000000
vn 0.947923 0.318499 0.000000
vn 0.947923 0.318499 0.000000
vn 0.930877 0.365332 0.000000
vn 0.930877 0.365332 0.000000
vn 0.911500 0.411300 0.000000
vn 0.911500 0.411300 0.000000
vn 0.889876 0.456203 0.000000
vn 0.889876 0.456203 0.000000
vn 0.866019 0.500011 -0.000000
vn 0.866019 0.500011 0.000000
vn 0.840031 0.542539 0.000000
vn 0.840031 0.542539 0.000000
vn 0.811933 0.583750 0.000000
vn 0.811933 0.583750 0.000000
vn 0.781842 0.623477 0.000000
vn 0.781842 0.623477 0.000000
vn 0.749774 0.661694 0.000000
vn 0.749774 0.661694 0.000000
vn 0.715860 0.698244 0.000000
vn 0.715860 0.698244 0.000000
vn 0.680180 0.733045 0.000000
vn 0.680180 0.733045 0.000000
vn 0.642792 0.766041 0.000000
vn 0.642792 0.766041 0.000000
vn 0.603800 0.797136 0.000000
vn 0.603800 0.797136 0.000000
vn 0.563339 0.826226 0.000000
vn 0.563339 0.826226 0.000000
vn 0.521429 0.853295 0.000000
vn 0.478246 0.878226 -0.000000
vn 0.521429 0.853295 0.000000
vn 0.478246 0.878226 0.000000
vn 0.433898 0.900962 0.000000
vn 0.433898 0.900962 0.000000
vn 0.388423 0.921481 0.000000
vn 0.388423 0.921481 0.000000
vn 0.342016 0.939694 0.000000
vn 0.342016 0.939694 0.000000
vn 0.294744 0.955576 0.000000
vn 0.294744 0.955576 0.000000
vn 0.246768 0.969074 0.000000
vn 0.246768 0.969074 0.000000
vn 0.198150 0.980172 0.000000
vn 0.198150 0.980172 0.000000
vn 0.149035 0.988832 0.000000
vn 0.149035 0.988832 0.000000
vn 0.099572 0.995030 0.000000
vn 0.099572 0.995030 0.000000
vn 0.049844 0.998757 0.000000
vn 0.049844 0.998757 0.000000
vn 0.000000 1.000000 0.000000
vn -0.000000 1.000000 0.000000
vn -0.049844 0.998757 0.000000
vn -0.049844 0.998757 0.000000
vn -0.099572 0.995030 0.000000
vn -0.099572 0.995030 0.000000
vn -0.149035 0.988832 0.000000
vn -0.149035 0.988832 0.000000
vn -0.198150 0.980172 0.000000
vn -0.198150 0.980172 0.000000
vn -0.246768 0.969074 0.000000
vn -0.246768 0.969074 0.000000
vn -0.294744 0.955576 0.000000
vn -0.294744 0.955576 0.000000
vn -0.342016 0.939694 0.000000
vn -0.342016 0.939694 0.000000
vn -0.388423 0.921481 0.000000
vn -0.388423 0.921481 0.000000
vn -0.433898 0.900962 0.000000
vn -0.433898 0.900962 0.000000
vn -0.478246 0.878226 0.000000
vn -0.478246 0.878226 0.000000
vn -0.521429 0.853295 0.000000
vn -0.521429 0.853295 0.000000
vn -0.563339 0.826226 0.000000
vn -0.563339 0.826226 0.000000
vn -0.603800 0.797136 0.000000
vn -0.603800 0.797136 0.000000
vn -0.642792 0.766041 0.000000
vn -0.642792 0.766041 0.000000
vn -0.680180 0.733045 0.000000
vn -0.680180 0.733045 0.000000
vn -0.715860 0.698244 0.000000
vn -0.715860 0.698244 0.000000
vn -0.749774 0.661694 0.000000
vn -0.749774 0.661694 0.000000
vn -0.781842 0.623477 0.000000
vn -0.781842 0.623477 0.000000
vn -0.811933 0.583750 0.000000
vn -0.811933 0.583750 0.000000
vn -0.840031 0.542539 0.000000
vn -0.840031 0.542539 0.000000
vn -0.866019 0.500011 0.000000
vn -0.866019 0.500011 0.000000
vn -0.889876 0.456203 0.000000
vn -0.889876 0.456203 0.000000
vn -0.911500 0.411300 0.000000
vn -0.911500 0.411300 0.000000
vn -0.930877 0.365332 0.000000
vn -0.930877 0.365332 0.000000
vn -0.947923 0.318499 0.000000
vn -0.947923 0.318499 0.000000
vn -0.962628 0.270829 0.000000
vn -0.962628 0.270829 0.000000
vn -0.974928 0.222520 0.000000
vn -0.974928 0.222520 0.000000
vn -0.984808 0.173647 0.000000
vn -0.984808 0.173647 0.000000
vn -0.992240 0.124341 0.000000
vn -0.992240 0.124341 0.000000
vn -0.997202 0.074748 0.000000
vn -0.997202 0.074748 0.000000
vn -0.999689 0.024921 0.000000
vn -0.999689 0.024921 0.000000
vn -0.992707 -0.120556 -0.000000
vn -0.992707 -0.120556 0.000000
vn -0.935025 -0.354583 0.000000
vn -0.935025 -0.354583 -0.000000
vn -0.822989 -0.568057 0.000000
vn -0.822989 -0.568057 -0.000000
vn -0.663113 -0.748519 0.000000
vn -0.663113 -0.748519 -0.000000
vn -0.464723 -0.885456 0.000000
vn -0.464723 -0.885456 -0.000000
vn -0.239314 -0.970942 0.000000
vn -0.239314 -0.970942 -0.000000
vn 0.000000 -1.000000 0.000000
vn 0.239314 -0.970942 0.000000
vn -0.000000 -1.000000 -0.000000
vn 0.239314 -0.970942 0.000000
vn 0.464723 -0.885456 0.000000
vn 0.464723 -0.885456 0.000000
vn 0.663113 -0.748519 0.000000
vn 0.663113 -0.748519 0.000000
vn 0.822989 -0.568057 0.000000
vn 0.822989 -0.568057 0.000000
vn 0.935025 -0.354583 0.000000
vn 0.935025 -0.354583 0.000000
vn 0.992707 -0.120556 0.000000
vn 0.992707 -0.120556 0.000000
vn 0.992707 0.120556 0.000000
vn 0.992707 0.120556 0.000000
vn 0.935024 0.354583 0.000000
vn 0.935024 0.354583 0.000000
vn 0.822989 0.568057 0.000000
vn 0.822989 0.568057 0.000000
vn 0.663114 0.748519 0.000000
vn 0.663114 0.748519 0.000000
vn 0.464723 0.885456 0.000000
vn 0.464723 0.885456 0.000000
vn 0.239314 0.970942 0.000000
vn 0.239314 0.970942 0.000000
vn -0.000000 1.000000 0.000000
vn 0.000000 1.000000 0.000000
vn -0.239314 0.970942 0.000000
vn -0.239314 0.970942 0.000000
vn -0.464723 0.885456 0.000000
vn -0.464723 0.885456 0.000000
vn -0.663114 0.748519 0.000000
vn -0.663114 0.748519 0.000000
vn -0.822989 0.568057 0.000000
vn -0.822989 0.568057 0.000000
vn -0.935024 0.354583 0.000000
vn -0.935024 0.354583 0.000000
vn -0.992707 0.120556 0.000000
vn -0.992707 0.120556 0.000000
vn 0.000000 -1.000000 0.000000
vn 0.000000 -1.000000 0.000000
vn -1.000000 0.000000 0.000000
vn -1.000000 0.000000 0.000000
vn 0.000000 1.000000 0.000000
vn 0.000000 1.000000 0.000000
vn -0.998481 -0.055089 -0.000000
vn -0.998481 -0.055089 0.000000
vn -0.986361 -0.164594 -0.000000
vn -0.986361 -0.164594 0.000000
vn -0.962268 -0.272102 -0.000000
vn -0.962268 -0.272102 0.000000
vn -0.926494 -0.376309 -0.000000
vn -0.926494 -0.376309 0.000000
vn -0.879472 -0.475950 -0.000000
vn -0.879472 -0.475950 0.000000
vn -0.821775 -0.569812 -0.000000
vn -0.821775 -0.569812 0.000000
vn -0.754107 -0.656752 0.000000
vn -0.754107 -0.656752 0.000000
vn -0.677281 -0.735724 -0.000000
vn -0.677281 -0.735724 0.000000
vn -0.592242 -0.805760 -0.000000
vn -0.592242 -0.805760 0.000000
vn -0.499991 -0.866031 -0.000000
vn -0.499991 -0.866031 0.000000
vn -0.401696 -0.915773 -0.000000
vn -0.401696 -0.915773 0.000000
vn -0.298516 -0.954404 -0.000000
vn -0.298516 -0.954404 0.000000
vn -0.191717 -0.981450 0.000000
vn -0.191717 -0.981450 0.000000
vn -0.082583 -0.996584 0.000000
vn -0.082583 -0.996584 -0.000000
vn 0.027561 -0.999620 0.000000
vn 0.027561 -0.999620 0.000000
vn 0.137348 -0.990523 0.000000
vn 0.137348 -0.990523 0.000000
vn 0.245492 -0.969399 0.000000
vn 0.245492 -0.969399 0.000000
vn 0.350631 -0.936514 0.000000
vn 0.350631 -0.936514 0.000000
vn 0.451534 -0.892254 0.000000
vn 0.546955 -0.837162 0.000000
vn 0.451534 -0.892254 0.000000
vn 0.546955 -0.837162 0.000000
vn 0.635717 -0.771922 0.000000
vn 0.635717 -0.771922 0.000000
vn 0.716787 -0.697292 0.000000
vn 0.716787 -0.697292 0.000000
vn 0.789135 -0.614220 0.000000
vn 0.789135 -0.614220 0.000000
vn 0.851921 -0.523671 0.000000
vn 0.851921 -0.523671 0.000000
vn 0.904357 -0.426777 0.000000
vn 0.904357 -0.426777 0.000000
vn 0.945818 -0.324698 0.000000
vn 0.945818 -0.324698 0.000000
vn 0.975797 -0.218681 0.000000
vn 0.975797 -0.218681 0.000000
vn 0.993931 -0.110008 0.000000
vn 0.993931 -0.110008 0.000000
vn 1.000000 0.000000 0.000000
vn 1.000000 0.000000 0.000000
vn 0.993931 0.110008 0.000000
vn 0.993931 0.110008 0.000000
vn 0.975797 0.218681 0.000000
vn 0.975797 0.218681 0.000000
vn 0.945817 0.324701 0.000000
vn 0.945817 0.324701 0.000000
vn 0.904359 0.426774 0.000000
vn 0.904359 0.426774 0.000000
vn 0.851918 0.523675 0.000000
vn 0.851918 0.523675 0.000000
vn 0.789142 0.614210 0.000000
vn 0.789142 0.614210 0.000000
vn 0.716783 0.697297 0.000000
vn 0.716783 0.697297 0.000000
vn 0.635723 0.771917 -0.000000
vn 0.635723 0.771917 0.000000
vn 0.546948 0.837167 0.000000
vn 0.546948 0.837167 0.000000
vn 0.451534 0.892254 0.000000
vn 0.451534 0.892254 0.000000
vn 0.350631 0.936514 0.000000
vn 0.350631 0.936514 0.000000
vn 0.245492 0.969399 0.000000
vn 0.245492 0.969399 0.000000
vn 0.137348 0.990523 0.000000
vn 0.137348 0.990523 0.000000
vn 0.027561 0.999620 0.000000
vn 0.027561 0.999620 0.000000
vn -0.082583 0.996584 0.000000
vn -0.082583 0.996584 0.000000
vn -0.191707 0.981452 0.000000
vn -0.191707 0.981452 0.000000
vn -0.298516 0.954404 0.000000
vn -0.298516 0.954404 0.000000
vn -0.401696 0.915773 0.000000
vn -0.401696 0.915773 0.000000
vn -0.499998 0.866027 0.000000
vn -0.499998 0.866027 0.000000
vn -0.592236 0.805765 0.000000
vn -0.592236 0.805765 0.000000
vn -0.677281 0.735724 0.000000
vn -0.677281 0.735724 0.000000
vn -0.754107 0.656752 0.000000
vn -0.754107 0.656752 0.000000
vn -0.821778 0.569807 0.000000
vn -0.821778 0.569807 0.000000
vn -0.879474 0.475946 0.000000
vn -0.879474 0.475946 0.000000
vn -0.926494 0.376309 0.000000
vn -0.926494 0.376309 0.000000
vn -0.962268 0.272104 0.000000
vn -0.962268 0.272104 0.000000
vn -0.986361 0.164594 0.000000
vn -0.986361 0.164594 0.000000
vn -0.998481 0.055089 0.000000
vn -0.998481 0.055089 0.000000
vn -0.997859 -0.065404 -0.000000
vn -0.997859 -0.065404 0.000000
vn -0.980781 -0.195114 -0.000000
vn -0.980781 -0.195114 0.000000
vn -0.946939 -0.321414 -0.000000
vn -0.946939 -0.321414 0.000000
vn -0.896879 -0.442276 -0.000000
vn -0.896879 -0.442276 0.000000
vn -0.831464 -0.555579 -0.000000
vn -0.831464 -0.555579 0.000000
vn -0.751825 -0.659363 -0.000000
vn -0.751825 -0.659363 0.000000
vn -0.659380 -0.751810 -0.000000
vn -0.659380 -0.751810 0.000000
vn -0.555561 -0.831476 -0.000000
vn -0.555561 -0.831476 0.000000
vn -0.442261 -0.896886 0.000000
vn -0.442261 -0.896886 0.000000
vn -0.321461 -0.946923 -0.000000
vn -0.321461 -0.946923 0.000000
vn -0.195077 -0.980788 -0.000000
vn -0.195077 -0.980788 0.000000
vn -0.065404 -0.997859 -0.000000
vn -0.065404 -0.997859 0.000000
vn 0.065404 -0.997859 0.000000
vn 0.065404 -0.997859 0.000000
vn 0.195077 -0.980788 0.000000
vn 0.195077 -0.980788 0.000000
vn 0.321461 -0.946923 0.000000
vn 0.321461 -0.946923 0.000000
vn 0.442261 -0.896886 0.000000
vn 0.442261 -0.896886 0.000000
vn 0.555561 -0.831476 0.000000
vn 0.659380 -0.751810 0.000000
vn 0.555561 -0.831476 0.000000
vn 0.659380 -0.751810 0.000000
vn 0.751825 -0.659363 0.000000
vn 0.831464 -0.555579 0.000000
vn 0.751825 -0.659363 0.000000
vn 0.831464 -0.555579 0.000000
vn 0.896879 -0.442276 0.000000
vn 0.896879 -0.442276 0.000000
vn 0.946939 -0.321414 0.000000
vn 0.946939 -0.321414 0.000000
vn 0.980781 -0.195114 0.000000
vn 0.980781 -0.195114 0.000000
vn 0.997859 -0.065404 0.000000
vn 0.997859 -0.065404 0.000000
vn 0.997859 0.065404 0.000000
vn 0.997859 0.065404 0.000000
vn 0.980781 0.195114 0.000000
vn 0.980781 0.195114 0.000000
vn 0.946937 0.321420 -0.000000
vn 0.946937 0.321420 0.000000
vn 0.896883 0.442268 -0.000000
vn 0.896883 0.442268 0.000000
vn 0.831470 0.555570 0.000000
vn 0.831470 0.555570 0.000000
vn 0.751816 0.659373 0.000000
vn 0.751816 0.659373 0.000000
vn 0.659369 0.751820 0.000000
vn 0.659369 0.751820 0.000000
vn 0.555561 0.831476 -0.000000
vn 0.555561 0.831476 0.000000
vn 0.442276 0.896879 0.000000
vn 0.442276 0.896879 0.000000
vn 0.321443 0.946929 -0.000000
vn 0.321443 0.946929 0.000000
vn 0.195095 0.980784 0.000000
vn 0.195095 0.980784 0.000000
vn 0.065404 0.997859 -0.000000
vn 0.065404 0.997859 0.000000
vn -0.065404 0.997859 0.000000
vn -0.065404 0.997859 0.000000
vn -0.195095 0.980784 0.000000
vn -0.195095 0.980784 0.000000
vn -0.321443 0.946929 0.000000
vn -0.321443 0.946929 0.000000
vn -0.442276 0.896879 0.000000
vn -0.442276 0.896879 0.000000
vn -0.555561 0.831476 0.000000
vn -0.555561 0.831476 0.000000
vn -0.659369 0.751820 0.000000
vn -0.659369 0.751820 0.000000
vn -0.751816 0.659373 0.000000
vn -0.751816 0.659373 0.000000
vn -0.831470 0.555570 0.000000
vn -0.831470 0.555570 0.000000
vn -0.896883 0.442268 0.000000
vn -0.896883 0.442268 0.000000
vn -0.946937 0.321420 0.000000
vn -0.946937 0.321420 0.000000
vn -0.980781 0.195114 0.000000
vn -0.980781 0.195114 0.000000
vn -0.997859 0.065404 0.000000
vn -0.997859 0.065404 0.000000
vn 1.000000 0.000000 0.000000
vn 1.000000 -0.000000 0.000000
vn 0.000000 -0.000000 -1.000000
vn 0.000000 0.000000 -1.000000
vn 0.000000 -0.000000 -1.000000
vn 0.000000 0.000000 -1.000000
vn 0.000000 -0.000000 -1.000000
vn 0.000000 0.000000 -1.000000
vn 0.000000 -0.000000 -1.000000
vn 0.000000 0.000000 -1.000000
vn 0.000000 -0.000000 -1.000000
vn 0.000000 0.000000 -1.000000
vn 0.000000 -0.000000 -1.000000
vn 0.000000 0.000000 -1.000000
vn 0.000000 -0.000000 -1.000000
vn 0.000000 0.000000 -1.000000
vn 0.000000 -0.000000 -1.000000
vn 0.000000 0.000000 -1.000000
vn 0.000000 -0.000000 -1.000000
vn 0.000000 -0.000000 -1.000000
vn 0.000000 -0.000000 -1.000000
vn 0.000000 -0.000000 -1.000000
vn 0.000000 -0.000000 -1.000000
vn 0.000000 -0.000000 -1.000000
vn 0.000000 -0.000000 -1.000000
vn 0.000000 0.000000 -1.000000
vn 0.000000 0.000000 -1.000000
vn 0.000000 0.000000 -1.000000
vn 0.000000 0.000000 -1.000000
vn 0.000000 0.000000 -1.000000
vn 0.000000 0.000000 -1.000000
vn 0.000000 0.000000 -1.000000
vn 0.000000 0.000000 -1.000000
vn 0.000000 0.000000 -1.000000
vn 0.000000 0.000000 -1.000000
vn 0.000000 0.000000 -1.000000
vn 0.000000 0.000000 -1.000000
vn 0.000000 0.000000 -1.000000
vn 0.000000 0.000000 -1.000000
vn 0.000000 0.000000 -1.000000
vn 0.000000 0.000000 -1.000000
vn 0.000000 0.000000 -1.000000
vn 0.000000 0.000000 -1.000000
vn 0.000000 0.000000 -1.000000
vn 0.000000 0.000000 -1.000000
vn 0.000000 0.000000 -1.000000
vn 0.000000 0.000000 -1.000000
vn 0.000000 0.000000 -1.000000
vn 0.000000 0.000000 -1.000000
vn 0.000000 0.000000 -1.000000
vn 0.000000 0.000000 -1.000000
vn 0.000000 0.000000 -1.000000
vn 0.000000 0.000000 -1.000000
vn 0.000000 0.000000 -1.000000
vn 0.000000 -0.000000 -1.000000
vn 0.000000 0.000000 -1.000000
vn 0.000000 -0.000000 -1.000000
vn 0.000000 0.000000 -1.000000
vn 0.000000 -0.000000 -1.000000
vn 0.000000 0.000000 -1.000000
vn 0.000000 -0.000000 -1.000000
vn 0.000000 0.000000 -1.000000
vn 0.000000 -0.000000 -1.000000
vn 0.000000 0.000000 -1.000000
vn 0.000000 -0.000000 -1.000000
vn 0.000000 0.000000 -1.000000
vn 0.000000 -0.000000 -1.000000
vn 0.000000 0.000000 -1.000000
vn 0.000000 -0.000000 -1.000000
vn 0.000000 0.000000 -1.000000
vn 0.000000 -0.000000 -1.000000
vn 0.000000 0.000000 -1.000000
vn 0.000000 -0.000000 -1.000000
vn 0.000000 0.000000 -1.000000
vn 0.000000 -0.000000 -1.000000
vn 0.000000 -0.000000 -1.000000
vn 0.000000 0.000000 -1.000000
vn 0.000000 0.000000 -1.000000
vn 0.000000 -0.000000 -1.000000
vn 0.000000 0.000000 -1.000000
vn 0.000000 -0.000000 -1.000000
vn 0.000000 0.000000 -1.000000
vn 0.000000 0.000000 -1.000000
vn 0.000000 -0.000000 -1.000000
vn 0.000000 0.000000 -1.000000
vn 0.000000 -0.000000 -1.000000
vn 0.000000 0.000000 -1.000000
vn 0.000000 -0.000000 -1.000000
vn 0.000000 0.000000 -1.000000
vn 0.000000 -0.000000 -1.000000
vn 0.000000 0.000000 -1.000000
vn 0.000000 0.000000 -1.000000
vn 0.000000 -0.000000 -1.000000
vn 0.000000 0.000000 -1.000000
vn 0.000000 0.000000 -1.000000
vn 0.000000 -0.000000 -1.000000
vn 0.000000 0.000000 -1.000000
vn 0.000000 -0.000000 -1.000000
vn 0.000000 0.000000 -1.000000
vn 0.000000 -0.000000 -1.000000
vn 0.000000 0.000000 -1.000000
vn 0.000000 0.000000 -1.000000
vn 0.000000 -0.000000 -1.000000
vn 0.000000 0.000000 -1.000000
vn 0.000000 0.000000 -1.000000
vn 0.000000 0.000000 -1.000000
vn 0.000000 0.000000 -1.000000
vn 0.000000 0.000000 -1.000000
vn 0.000000 0.000000 -1.000000
vn 0.000000 0.000000 -1.000000
vn 0.000000 0.000000 -1.000000
vn 0.000000 0.000000 -1.000000
vn 0.000000 0.000000 -1.000000
vn 0.000000 0.000000 -1.000000
vn 0.000000 0.000000 -1.000000
vn 0.000000 0.000000 -1.000000
vn 0.000000 0.000000 -1.000000
vn 0.000000 0.000000 -1.000000
vn 0.000000 0.000000 -1.000000
vn 0.000000 0.000000 -1.000000
vn 0.000000 0.000000 -1.000000
vn 0.000000 0.000000 -1.000000
vn 0.000000 0.000000 -1.000000
vn 0.000000 0.000000 -1.000000
vn 0.000000 0.000000 -1.000000
vn 0.000000 0.000000 -1.000000
vn 0.000000 0.000000 -1.000000
vn 0.000000 0.000000 -1.000000
vn 0.000000 0.000000 -1.000000
vn 0.000000 0.000000 -1.000000
vn 0.000000 0.000000 -1.000000
vn 0.000000 0.000000 -1.000000
vn 0.000000 0.000000 -1.000000
vn 0.000000 0.000000 -1.000000
vn 0.000000 0.000000 -1.000000
vn 0.000000 0.000000 -1.000000
vn 0.000000 0.000000 -1.000000
vn 0.000000 0.000000 -1.000000
vn 0.000000 0.000000 -1.000000
vn 0.000000 0.000000 -1.000000
vn 0.000000 -0.000000 -1.000000
vn 0.000000 0.000000 -1.000000
vn 0.000000 0.000000 -1.000000
vn 0.000000 0.000000 -1.000000
vn 0.000000 -0.000000 -1.000000
vn 0.000000 0.000000 -1.000000
vn 0.000000 -0.000000 -1.000000
vn 0.000000 0.000000 -1.000000
vn 0.000000 -0.000000 -1.000000
vn 0.000000 -0.000000 -1.000000
vn 0.000000 0.000000 -1.000000
vn 0.000000 -0.000000 -1.000000
vn 0.000000 -0.000000 -1.000000
vn 0.000000 -0.000000 -1.000000
vn 0.000000 -0.000000 -1.000000
vn 0.000000 -0.000000 -1.000000
vn 0.000000 0.000000 -1.000000
vn 0.000000 -0.000000 -1.000000
vn 0.000000 -0.000000 -1.000000
vn 0.000000 -0.000000 -1.000000
vn 0.000000 -0.000000 -1.000000
vn 0.000000 0.000000 -1.000000
vn 0.000000 -0.000000 -1.000000
vn 0.000000 -0.000000 -1.000000
vn 0.000000 -0.000000 -1.000000
vn 0.000000 -0.000000 -1.000000
vn 0.000000 -0.000000 -1.000000
vn 0.000000 -0.000000 -1.000000
vn 0.000000 -0.000000 -1.000000
vn 0.000000 0.000000 -1.000000
vn 0.000000 0.000000 -1.000000
vn 0.000000 -0.000000 -1.000000
vn 0.000000 -0.000000 -1.000000
vn 0.000000 -0.000000 -1.000000
vn 0.000000 0.000000 -1.000000
vn 0.000000 -0.000000 -1.000000
vn 0.000000 -0.000000 -1.000000
vn 0.000000 -0.000000 -1.000000
vn 0.000000 -0.000000 -1.000000
vn 0.000000 0.000000 -1.000000
vn 0.000000 -0.000000 -1.000000
vn 0.000000 -0.000000 -1.000000
vn 0.000000 -0.000000 -1.000000
vn 0.000000 0.000000 -1.000000
vn 0.000000 -0.000000 -1.000000
vn 0.000000 0.000000 -1.000000
vn 0.000000 -0.000000 -1.000000
vn 0.000000 0.000000 -1.000000
vn 0.000000 -0.000000 -1.000000
vn 0.000000 0.000000 -1.000000
vn 0.000000 -0.000000 -1.000000
vn 0.000000 0.000000 -1.000000
vn 0.000000 -0.000000 -1.000000
vn 0.000000 0.000000 -1.000000
vn 0.000000 -0.000000 -1.000000
vn 0.000000 0.000000 -1.000000
vn 0.000000 -0.000000 -1.000000
vn 0.000000 0.000000 -1.000000
vn 0.000000 -0.000000 -1.000000
vn 0.000000 0.000000 -1.000000
vn 0.000000 -0.000000 -1.000000
vn 0.000000 0.000000 -1.000000
vn 0.000000 -0.000000 -1.000000
vn 0.000000 0.000000 -1.000000
vn 0.000000 -0.000000 -1.000000
vn 0.000000 0.000000 -1.000000
vn 0.000000 -0.000000 -1.000000
vn 0.000000 -0.000000 -1.000000
vn 0.000000 0.000000 -1.000000
vn 0.000000 -0.000000 -1.000000
vn 0.000000 0.000000 -1.000000
vn 0.000000 0.000000 -1.000000
vn 0.000000 0.000000 -1.000000
vn 0.000000 0.000000 -1.000000
vn 0.000000 0.000000 -1.000000
vn 0.000000 0.000000 -1.000000
vn 0.000000 0.000000 -1.000000
vn 0.000000 0.000000 -1.000000
vn 0.000000 0.000000 -1.000000
vn 0.000000 0.000000 -1.000000
vn 0.000000 0.000000 -1.000000
vn 0.000000 0.000000 -1.000000
vn 0.000000 0.000000 -1.000000
vn 0.000000 0.000000 -1.000000
vn 0.000000 0.000000 -1.000000
vn 0.000000 0.000000 -1.000000
vn 0.000000 0.000000 -1.000000
vn 0.000000 0.000000 -1.000000
vn 0.000000 0.000000 -1.000000
vn 0.000000 0.000000 -1.000000
vn 0.000000 0.000000 -1.000000
vn 0.000000 0.000000 -1.000000
vn 0.000000 0.000000 -1.000000
vn 0.000000 0.000000 -1.000000
vn 0.000000 0.000000 -1.000000
vn 0.000000 0.000000 -1.000000
vn 0.000000 0.000000 -1.000000
vn 0.000000 0.000000 -1.000000
vn 0.000000 0.000000 -1.000000
vn 0.000000 0.000000 -1.000000
vn 0.000000 0.000000 -1.000000
vn 0.000000 0.000000 -1.000000
vn 0.000000 0.000000 -1.000000
vn 0.000000 0.000000 -1.000000
vn 0.000000 0.000000 -1.000000
vn 0.000000 0.000000 -1.000000
vn 0.000000 0.000000 -1.000000
vn 0.000000 0.000000 -1.000000
vn 0.000000 0.000000 -1.000000
vn 0.000000 0.000000 -1.000000
vn 0.000000 0.000000 -1.000000
vn 0.000000 0.000000 -1.000000
vn 0.000000 0.000000 -1.000000
vn 0.000000 0.000000 -1.000000
vn 0.000000 0.000000 -1.000000
vn 0.000000 0.000000 -1.000000
vn 0.000000 0.000000 -1.000000
vn 0.000000 0.000000 -1.000000
vn 0.000000 0.000000 -1.000000
vn 0.000000 0.000000 -1.000000
vn 0.000000 0.000000 -1.000000
vn 0.000000 0.000000 -1.000000
vn 0.000000 0.000000 -1.000000
vn 0.000000 0.000000 -1.000000
vn 0.000000 0.000000 -1.000000
vn 0.000000 0.000000 -1.000000
vn 0.000000 0.000000 -1.000000
vn 0.000000 0.000000 -1.000000
vn 0.000000 0.000000 -1.000000
vn 0.000000 0.000000 -1.000000
vn 0.000000 0.000000 -1.000000
vn 0.000000 -0.000000 -1.000000
vn 0.000000 0.000000 -1.000000
vn 0.000000 0.000000 -1.000000
vn 0.000000 0.000000 -1.000000
vn 0.000000 -0.000000 -1.000000
vn 0.000000 0.000000 -1.000000
vn 0.000000 0.000000 -1.000000
vn 0.000000 0.000000 -1.000000
vn 0.000000 -0.000000 -1.000000
vn 0.000000 -0.000000 -1.000000
vn 0.000000 0.000000 -1.000000
vn 0.000000 0.000000 -1.000000
vn 0.000000 -0.000000 -1.000000
vn 0.000000 -0.000000 -1.000000
vn 0.000000 -0.000000 -1.000000
vn 0.000000 -0.000000 -1.000000
vn 0.000000 0.000000 -1.000000
vn 0.000000 0.000000 -1.000000
vn 0.000000 0.000000 -1.000000
vn 0.000000 0.000000 -1.000000
vn 0.000000 -0.000000 -1.000000
vn 0.000000 0.000000 -1.000000
vn 0.000000 0.000000 -1.000000
vn 0.000000 0.000000 -1.000000
vn 0.000000 0.000000 -1.000000
vn 0.000000 0.000000 -1.000000
vn 0.000000 0.000000 -1.000000
vn 0.000000 0.000000 -1.000000
vn 0.000000 0.000000 -1.000000
vn 0.000000 0.000000 -1.000000
vn 0.000000 0.000000 -1.000000
vn 0.000000 0.000000 -1.000000
vn 0.000000 0.000000 -1.000000
vn 0.000000 0.000000 -1.000000
vn 0.000000 0.000000 -1.000000
vn 0.000000 -0.000000 -1.000000
vn 0.000000 0.000000 -1.000000
vn 0.000000 0.000000 -1.000000
vn 0.000000 0.000000 -1.000000
vn 0.000000 0.000000 -1.000000
vn 0.000000 0.000000 -1.000000
vn 0.000000 0.000000 -1.000000
vn 0.000000 0.000000 -1.000000
vn 0.000000 0.000000 -1.000000
vn 0.000000 0.000000 -1.000000
vn 0.000000 0.000000 -1.000000
vn 0.000000 0.000000 -1.000000
vn 0.000000 0.000000 -1.000000
vn 0.000000 0.000000 -1.000000
vn 0.000000 0.000000 -1.000000
vn 0.000000 0.000000 -1.000000
vn 0.000000 0.000000 -1.000000
vn 0.000000 0.000000 -1.000000
vn 0.000000 0.000000 -1.000000
vn 0.000000 0.000000 -1.000000
vn 0.000000 0.000000 -1.000000
vn 0.000000 0.000000 -1.000000
vn 0.000000 0.000000 -1.000000
vn 0.000000 0.000000 -1.000000
vn 0.000000 0.000000 -1.000000
vn 0.000000 0.000000 -1.000000
vn 0.000000 0.000000 -1.000000
vn 0.000000 0.000000 -1.000000
vn 0.000000 0.000000 -1.000000
vn 0.000000 0.000000 -1.000000
vn 0.000000 0.000000 -1.000000
vn 0.000000 0.000000 -1.000000
vn 0.000000 0.000000 -1.000000
vn 0.000000 0.000000 -1.000000
vn 0.000000 0.000000 -1.000000
vn 0.000000 0.000000 -1.000000
vn 0.000000 0.000000 -1.000000
vn 0.000000 0.000000 -1.000000
vn 0.000000 0.000000 -1.000000
vn 0.000000 0.000000 -1.000000
vn 0.000000 0.000000 -1.000000
vn 0.000000 0.000000 -1.000000
vn 0.000000 0.000000 -1.000000
vn 0.000000 0.000000 -1.000000
vn 0.000000 0.000000 -1.000000
vn 0.000000 0.000000 -1.000000
vn 0.000000 -0.000000 -1.000000
vn 0.000000 0.000000 -1.000000
vn 0.000000 -0.000000 -1.000000
vn 0.000000 0.000000 -1.000000
vn 0.000000 -0.000000 -1.000000
vn 0.000000 0.000000 -1.000000
vn 0.000000 -0.000000 -1.000000
vn 0.000000 0.000000 -1.000000
vn 0.000000 -0.000000 -1.000000
vn 0.000000 0.000000 -1.000000
vn 0.000000 -0.000000 -1.000000
vn 0.000000 0.000000 -1.000000
vn 0.000000 0.000000 -1.000000
vn 0.000000 0.000000 -1.000000
vn 0.000000 0.000000 -1.000000
vn 0.000000 0.000000 -1.000000
vn 0.000000 0.000000 -1.000000
vn 0.000000 0.000000 -1.000000
vn 0.000000 0.000000 -1.000000
vn 0.000000 0.000000 -1.000000
vn 0.000000 -0.000000 -1.000000
vn 0.000000 -0.000000 -1.000000
vn 0.000000 0.000000 -1.000000
vn 0.000000 0.000000 -1.000000
vn 0.000000 0.000000 -1.000000
vn 0.000000 0.000000 -1.000000
vn 0.000000 -0.000000 -1.000000
vn 0.000000 -0.000000 -1.000000
vn 0.000000 -0.000000 -1.000000
vn 0.000000 0.000000 -1.000000
vn 0.000000 0.000000 -1.000000
vn 0.000000 0.000000 -1.000000
vn 0.000000 0.000000 -1.000000
vn 0.000000 -0.000000 -1.000000
vn 0.000000 0.000000 -1.000000
vn 0.000000 -0.000000 -1.000000
vn 0.000000 -0.000000 -1.000000
vn 0.000000 -0.000000 -1.000000
vn 0.000000 0.000000 -1.000000
vn 0.000000 0.000000 -1.000000
vn 0.000000 0.000000 -1.000000
vn 0.000000 0.000000 -1.000000
vn 0.000000 0.000000 -1.000000
vn 0.000000 0.000000 -1.000000
vn 0.000000 0.000000 -1.000000
vn 0.000000 0.000000 -1.000000
vn 0.000000 0.000000 -1.000000
vn 0.000000 0.000000 -1.000000
vn 0.000000 0.000000 -1.000000
vn 0.000000 0.000000 -1.000000
vn 0.000000 0.000000 -1.000000
vn 0.000000 0.000000 -1.000000
vn 0.000000 0.000000 -1.000000
vn 0.000000 0.000000 -1.000000
vn 0.000000 0.000000 -1.000000
vn 0.000000 0.000000 -1.000000
vn 0.000000 0.000000 -1.000000
vn 0.000000 -0.000000 -1.000000
vn -0.000000 -0.000000 -1.000000
vn 0.000000 -0.000000 -1.000000
vn 0.000000 0.000000 -1.000000
vn 0.000000 -0.000000 -1.000000
vn -0.000000 -0.000000 -1.000000
vn 0.000000 -0.000000 -1.000000
vn 0.000000 0.000000 -1.000000
vn 0.000000 -0.000000 -1.000000
vn -0.000000 -0.000000 -1.000000
vn 0.000000 -0.000000 -1.000000
vn 0.000000 -0.000000 -1.000000
vn 0.000000 -0.000000 -1.000000
vn 0.000000 0.000000 -1.000000
vn 0.000000 -0.000000 -1.000000
vn 0.000000 -0.000000 -1.000000
vn 0.000000 0.000000 -1.000000
vn 0.000000 -0.000000 -1.000000
vn 0.000000 0.000000 -1.000000
vn 0.000000 -0.000000 -1.000000
vn 0.000000 0.000000 -1.000000
vn 0.000000 0.000000 -1.000000
vn 0.000000 -0.000000 -1.000000
vn 0.000000 0.000000 -1.000000
vn 0.000000 -0.000000 -1.000000
vn 0.000000 0.000000 -1.000000
vn 0.000000 -0.000000 -1.000000
vn 0.000000 0.000000 -1.000000
vn 0.000000 -0.000000 -1.000000
vn 0.000000 0.000000 -1.000000
vn 0.000000 -0.000000 -1.000000
vn 0.000000 0.000000 -1.000000
vn 0.000000 0.000000 -1.000000
vn 0.000000 0.000000 -1.000000
vn 0.000000 0.000000 -1.000000
vn -0.000000 -0.000000 -1.000000
vn 0.000000 0.000000 -1.000000
vn 0.000000 -0.000000 -1.000000
vn -0.000000 -0.000000 -1.000000
vn 0.000000 -0.000000 -1.000000
vn 0.000000 0.000000 -1.000000
vn -0.000000 -0.000000 -1.000000
vn -0.000000 -0.000000 -1.000000
vn 0.000000 -0.000000 -1.000000
vn 0.000000 -0.000000 -1.000000
vn 0.000000 0.000000 -1.000000
vn 0.000000 -0.000000 -1.000000
vn 0.000000 -0.000000 -1.000000
vn 0.000000 0.000000 -1.000000
vn 0.000000 -0.000000 -1.000000
vn 0.000000 -0.000000 -1.000000
vn 0.000000 0.000000 -1.000000
vn 0.000000 -0.000000 -1.000000
vn 0.000000 0.000000 -1.000000
vn 0.000000 -0.000000 -1.000000
vn 0.000000 -0.000000 -1.000000
vn 0.000000 0.000000 -1.000000
vn 0.000000 -0.000000 -1.000000
vn 0.000000 0.000000 -1.000000
vn 0.000000 0.000000 -1.000000
vn 0.000000 0.000000 -1.000000
vn 0.000000 0.000000 -1.000000
vn 0.000000 -0.000000 -1.000000
vn 0.000000 -0.000000 -1.000000
vn 0.000000 -0.000000 -1.000000
vn 0.000000 -0.000000 -1.000000
vn 0.000000 -0.000000 -1.000000
vn 0.000000 -0.000000 -1.000000
vn 0.000000 0.000000 -1.000000
vn 0.000000 0.000000 -1.000000
vn 0.000000 0.000000 -1.000000
vn 0.000000 0.000000 -1.000000
vn 0.000000 0.000000 -1.000000
vn 0.000000 0.000000 -1.000000
vn 0.000000 0.000000 -1.000000
vn 0.000000 0.000000 -1.000000
vn 0.000000 0.000000 -1.000000
vn 0.000000 0.000000 -1.000000
vn 0.000000 0.000000 -1.000000
vn 0.000000 0.000000 -1.000000
vn 0.000000 0.000000 -1.000000
vn 0.000000 0.000000 -1.000000
vn 0.000000 0.000000 -1.000000
vn 0.000000 0.000000 -1.000000
vn 0.000000 0.000000 -1.000000
vn 0.000000 -0.000000 -1.000000
vn 0.000000 0.000000 -1.000000
vn 0.000000 0.000000 -1.000000
vn 0.000000 0.000000 -1.000000
vn 0.000000 -0.000000 -1.000000
vn 0.000000 0.000000 -1.000000
vn 0.000000 0.000000 -1.000000
vn 0.000000 0.000000 -1.000000
vn 0.000000 0.000000 -1.000000
vn 0.000000 0.000000 -1.000000
vn 0.000000 -0.000000 -1.000000
vn 0.000000 0.000000 -1.000000
vn 0.000000 0.000000 -1.000000
vn 0.000000 -0.000000 -1.000000
vn 0.000000 0.000000 -1.000000
vn 0.000000 0.000000 -1.000000
vn 0.000000 0.000000 -1.000000
vn 0.000000 0.000000 -1.000000
vn 0.000000 0.000000 -1.000000
vn 0.000000 0.000000 -1.000000
vn 0.000000 0.000000 -1.000000
vn 0.000000 0.000000 -1.000000
vn 0.000000 0.000000 -1.000000
vn 0.000000 0.000000 -1.000000
vn 0.000000 0.000000 -1.000000
vn 0.000000 0.000000 -1.000000
vn 0.000000 0.000000 -1.000000
vn 0.000000 0.000000 -1.000000
vn 0.000000 0.000000 -1.000000
vn 0.000000 0.000000 -1.000000
vn 0.000000 0.000000 -1.000000
vn 0.000000 0.000000 -1.000000
vn 0.000000 0.000000 -1.000000
vn 0.000000 0.000000 -1.000000
vn 0.000000 0.000000 -1.000000
vn 0.000000 0.000000 -1.000000
vn 0.000000 0.000000 -1.000000
vn 0.000000 0.000000 -1.000000
vn 0.000000 -0.000000 -1.000000
vn 0.000000 -0.000000 -1.000000
vn 0.000000 -0.000000 -1.000000
vn 0.000000 0.000000 -1.000000
vn 0.000000 0.000000 -1.000000
vn 0.000000 0.000000 -1.000000
vn 0.000000 0.000000 -1.000000
vn 0.000000 0.000000 -1.000000
vn 0.000000 0.000000 -1.000000
vn 0.000000 0.000000 -1.000000
vn 0.000000 0.000000 -1.000000
vn 0.000000 0.000000 -1.000000
vn 0.000000 0.000000 -1.000000
vn 0.000000 0.000000 -1.000000
vn 0.000000 0.000000 -1.000000
vn 0.000000 0.000000 -1.000000
vn 0.000000 0.000000 -1.000000
vn 0.000000 0.000000 -1.000000
vn 0.000000 0.000000 -1.000000
vn 0.000000 0.000000 -1.000000
vn 0.000000 0.000000 -1.000000
vn 0.000000 0.000000 -1.000000
vn 0.000000 0.000000 -1.000000
vn 0.000000 0.000000 -1.000000
vn 0.000000 0.000000 -1.000000
vn 0.000000 0.000000 -1.000000
vn 0.000000 0.000000 -1.000000
vn 0.000000 0.000000 -1.000000
vn 0.000000 0.000000 -1.000000
vn 0.000000 0.000000 -1.000000
vn 0.000000 0.000000 -1.000000
vn 0.000000 0.000000 -1.000000
vn 0.000000 0.000000 -1.000000
vn 0.000000 0.000000 -1.000000
vn 0.000000 0.000000 -1.000000
vn 0.000000 0.000000 -1.000000
vn 0.000000 0.000000 -1.000000
vn 0.000000 -0.000000 -1.000000
vn 0.000000 -0.000000 -1.000000
vn 0.000000 -0.000000 -1.000000
vn 0.000000 -0.000000 -1.000000
vn -0.000000 -0.000000 -1.000000
vn 0.000000 -0.000000 -1.000000
vn 0.000000 -0.000000 -1.000000
vn 0.000000 0.000000 -1.000000
vn -0.000000 -0.000000 -1.000000
vn 0.000000 -0.000000 -1.000000
vn 0.000000 -0.000000 -1.000000
vn 0.000000 -0.000000 -1.000000
vn 0.000000 -0.000000 -1.000000
vn 0.000000 0.000000 -1.000000
vn 0.000000 -0.000000 -1.000000
vn -0.000000 -0.000000 -1.000000
vn 0.000000 0.000000 -1.000000
vn 0.000000 0.000000 -1.000000
vn 0.000000 0.000000 -1.000000
vn 0.000000 0.000000 -1.000000
vn 0.000000 0.000000 -1.000000
vn 0.000000 0.000000 -1.000000
vn 0.000000 -0.000000 -1.000000
vn 0.000000 0.000000 -1.000000
vn 0.000000 -0.000000 -1.000000
vn 0.000000 0.000000 -1.000000
vn 0.000000 -0.000000 -1.000000
vn 0.000000 0.000000 -1.000000
vn 0.000000 -0.000000 -1.000000
vn 0.000000 0.000000 -1.000000
vn 0.000000 -0.000000 -1.000000
vn 0.000000 0.000000 -1.000000
vn 0.000000 -0.000000 -1.000000
vn 0.000000 0.000000 -1.000000
vn 0.000000 0.000000 -1.000000
vn 0.000000 0.000000 -1.000000
vn 0.000000 0.000000 -1.000000
vn 0.000000 0.000000 -1.000000
vn 0.000000 0.000000 -1.000000
vn 0.000000 0.000000 -1.000000
vn 0.000000 0.000000 -1.000000
vn 0.000000 0.000000 -1.000000
vn 0.000000 0.000000 -1.000000
vn 0.000000 0.000000 -1.000000
vn 0.000000 0.000000 -1.000000
vn 0.000000 0.000000 -1.000000
vn -0.000000 -0.000000 -1.000000
vn 0.000000 -0.000000 -1.000000
vn 0.000000 -0.000000 -1.000000
vn 0.000000 -0.000000 -1.000000
vn 0.000000 -0.000000 -1.000000
vn 0.000000 -0.000000 -1.000000
vn 0.000000 -0.000000 -1.000000
vn 0.000000 -0.000000 -1.000000
vn 0.000000 -0.000000 -1.000000
vn 0.000000 -0.000000 -1.000000
vn 0.000000 0.000000 -1.000000
vn 0.000000 0.000000 -1.000000
vn 0.000000 0.000000 -1.000000
vn 0.000000 0.000000 -1.000000
vn 0.000000 0.000000 -1.000000
vn 0.000000 -0.000000 -1.000000
vn -0.000000 -0.000000 -1.000000
vn 0.000000 -0.000000 -1.000000
vn 0.000000 -0.000000 -1.000000
vn 0.000000 -0.000000 -1.000000
vn 0.000000 -0.000000 -1.000000
vn -0.000000 -0.000000 -1.000000
vn 0.000000 -0.000000 -1.000000
vn 0.000000 0.000000 -1.000000
vn 0.000000 0.000000 -1.000000
vn 0.000000 0.000000 -1.000000
vn 0.000000 0.000000 -1.000000
vn 0.000000 0.000000 -1.000000
vn 0.000000 0.000000 -1.000000
vn 0.000000 0.000000 -1.000000
vn 0.000000 0.000000 -1.000000
vn 0.000000 0.000000 -1.000000
vn 0.000000 0.000000 -1.000000
vn 0.000000 -0.000000 -1.000000
vn 0.000000 0.000000 -1.000000
vn 0.000000 0.000000 -1.000000
vn 0.000000 -0.000000 -1.000000
vn 0.000000 0.000000 -1.000000
vn 0.000000 0.000000 -1.000000
vn 0.000000 0.000000 -1.000000
vn 0.000000 0.000000 -1.000000
vn 0.000000 0.000000 -1.000000
vn 0.000000 -0.000000 -1.000000
vn 0.000000 0.000000 -1.000000
vn 0.000000 -0.000000 -1.000000
vn 0.000000 0.000000 -1.000000
vn 0.000000 0.000000 -1.000000
vn 0.000000 -0.000000 -1.000000
vn 0.000000 0.000000 -1.000000
vn 0.000000 0.000000 -1.000000
vn 0.000000 -0.000000 -1.000000
vn 0.000000 0.000000 -1.000000
vn 0.000000 -0.000000 -1.000000
vn 0.000000 0.000000 -1.000000
vn 0.000000 0.000000 -1.000000
vn 0.000000 -0.000000 -1.000000
vn 0.000000 0.000000 -1.000000
vn 0.000000 -0.000000 -1.000000
vn 0.000000 0.000000 -1.000000
vn 0.000000 0.000000 -1.000000
vn 0.000000 0.000000 -1.000000
vn 0.000000 0.000000 -1.000000
vn 0.000000 0.000000 -1.000000
vn 0.000000 0.000000 -1.000000
vn 0.000000 0.000000 -1.000000
vn 0.000000 -0.000000 -1.000000
vn 0.000000 -0.000000 -1.000000
vn 0.000000 -0.000000 -1.000000
vn 0.000000 -0.000000 -1.000000
vn 0.000000 -0.000000 -1.000000
vn 0.000000 -0.000000 -1.000000
vn 0.000000 -0.000000 -1.000000
vn 0.000000 0.000000 -1.000000
vn 0.000000 0.000000 -1.000000
vn 0.000000 0.000000 -1.000000
vn 0.000000 0.000000 -1.000000
vn 0.000000 0.000000 -1.000000
vn 0.000000 0.000000 -1.000000
vn 0.000000 0.000000 -1.000000
vn 0.000000 0.000000 -1.000000
vn 0.000000 0.000000 -1.000000
vn 0.000000 0.000000 -1.000000
vn 0.000000 0.000000 -1.000000
vn 0.000000 0.000000 -1.000000
vn 0.000000 0.000000 -1.000000
vn 0.000000 0.000000 -1.000000
vn 0.000000 0.000000 -1.000000
vn 0.000000 0.000000 -1.000000
vn 0.000000 0.000000 -1.000000
vn 0.000000 0.000000 -1.000000
vn 0.000000 0.000000 -1.000000
vn 0.000000 0.000000 -1.000000
vn 0.000000 0.000000 -1.000000
vn 0.000000 -0.000000 -1.000000
vn 0.000000 0.000000 -1.000000
vn 0.000000 0.000000 -1.000000
vn 0.000000 0.000000 -1.000000
vn 0.000000 0.000000 -1.000000
vn 0.000000 0.000000 -1.000000
vn 0.000000 0.000000 -1.000000
vn 0.000000 0.000000 -1.000000
vn 0.000000 0.000000 -1.000000
vn 0.000000 -0.000000 -1.000000
vn 0.000000 0.000000 -1.000000
vn 0.000000 0.000000 -1.000000
vn 0.000000 0.000000 -1.000000
vn 0.000000 0.000000 -1.000000
vn 0.000000 -0.000000 -1.000000
vn 0.000000 0.000000 -1.000000
vn 0.000000 0.000000 -1.000000
vn 0.000000 0.000000 -1.000000
vn 0.000000 0.000000 -1.000000
vn 0.000000 0.000000 -1.000000
vn 0.000000 0.000000 -1.000000
vn 0.000000 0.000000 -1.000000
vn 0.000000 0.000000 -1.000000
vn 0.000000 0.000000 -1.000000
vn 0.000000 0.000000 -1.000000
vn 0.000000 0.000000 -1.000000
vn 0.000000 0.000000 -1.000000
vn 0.000000 0.000000 -1.000000
vn 0.000000 0.000000 -1.000000
vn 0.000000 0.000000 -1.000000
vn 0.000000 0.000000 -1.000000
vn 0.000000 0.000000 -1.000000
vn 0.000000 0.000000 -1.000000
vn 0.000000 0.000000 -1.000000
vn 0.000000 0.000000 -1.000000
vn 0.000000 0.000000 -1.000000
vn 0.000000 0.000000 -1.000000
vn 0.000000 0.000000 -1.000000
vn 0.000000 0.000000 -1.000000
vn 0.000000 0.000000 -1.000000
vn 0.000000 0.000000 -1.000000
vn 0.000000 0.000000 -1.000000
vn 0.000000 0.000000 -1.000000
vn 0.000000 0.000000 -1.000000
vn 0.000000 0.000000 -1.000000
vn 0.000000 -0.000000 -1.000000
vn 0.000000 0.000000 -1.000000
vn 0.000000 -0.000000 -1.000000
vn 0.000000 0.000000 -1.000000
vn 0.000000 0.000000 -1.000000
vn 0.000000 -0.000000 -1.000000
vn 0.000000 0.000000 -1.000000
vn 0.000000 0.000000 -1.000000
vn 0.000000 0.000000 -1.000000
vn 0.000000 -0.000000 -1.000000
vn 0.000000 0.000000 -1.000000
vn 0.000000 -0.000000 -1.000000
vn 0.000000 0.000000 -1.000000
vn 0.000000 0.000000 -1.000000
vn 0.000000 -0.000000 -1.000000
vn 0.000000 0.000000 -1.000000
vn 0.000000 0.000000 -1.000000
vn 0.000000 -0.000000 -1.000000
vn 0.000000 0.000000 -1.000000
vn 0.000000 0.000000 -1.000000
vn 0.000000 -0.000000 -1.000000
vn 0.000000 0.000000 -1.000000
vn 0.000000 0.000000 -1.000000
vn 0.000000 -0.000000 -1.000000
vn 0.000000 0.000000 -1.000000
vn 0.000000 0.000000 -1.000000
vn 0.000000 -0.000000 -1.000000
vn 0.000000 0.000000 -1.000000
vn 0.000000 0.000000 -1.000000
vn 0.000000 -0.000000 -1.000000
vn 0.000000 0.000000 -1.000000
vn 0.000000 0.000000 -1.000000
vn 0.000000 -0.000000 -1.000000
vn 0.000000 0.000000 -1.000000
vn 0.000000 0.000000 -1.000000
vn 0.000000 0.000000 -1.000000
vn 0.000000 0.000000 -1.000000
vn 0.000000 0.000000 -1.000000
vn 0.000000 0.000000 -1.000000
vn 0.000000 0.000000 -1.000000
vn 0.000000 0.000000 -1.000000
vn 0.000000 0.000000 -1.000000
vn 0.000000 0.000000 -1.000000
vn 0.000000 0.000000 -1.000000
vn 0.000000 0.000000 -1.000000
vn 0.000000 0.000000 -1.000000
vn 0.000000 0.000000 -1.000000
vn 0.000000 0.000000 -1.000000
vn 0.000000 0.000000 -1.000000
vn 0.000000 0.000000 -1.000000
vn 0.000000 0.000000 -1.000000
vn 0.000000 0.000000 -1.000000
vn 0.000000 0.000000 -1.000000
vn 0.000000 0.000000 -1.000000
vn 0.000000 0.000000 -1.000000
vn 0.000000 0.000000 -1.000000
vn 0.000000 0.000000 -1.000000
vn 0.000000 0.000000 -1.000000
vn 0.000000 0.000000 -1.000000
vn 0.000000 0.000000 -1.000000
vn 0.000000 0.000000 -1.000000
vn 0.000000 0.000000 -1.000000
vn 0.000000 0.000000 -1.000000
vn 0.000000 0.000000 -1.000000
vn 0.000000 0.000000 -1.000000
vn 0.000000 0.000000 -1.000000
vn 0.000000 0.000000 -1.000000
vn 0.000000 0.000000 -1.000000
vn 0.000000 0.000000 -1.000000
vn 0.000000 0.000000 -1.000000
vn 0.000000 0.000000 -1.000000
vn 0.000000 0.000000 -1.000000
vn 0.000000 0.000000 -1.000000
vn 0.000000 0.000000 -1.000000
vn 0.000000 0.000000 -1.000000
vn 0.000000 0.000000 -1.000000
vn 0.000000 0.000000 -1.000000
vn 0.000000 0.000000 -1.000000
vn 0.000000 0.000000 -1.000000
vn 0.000000 0.000000 -1.000000
vn 0.000000 0.000000 -1.000000
vn 0.000000 0.000000 -1.000000
vn 0.000000 0.000000 -1.000000
vn 0.000000 0.000000 -1.000000
vn 0.000000 -0.000000 -1.000000
vn 0.000000 -0.000000 -1.000000
vn 0.000000 -0.000000 -1.000000
vn 0.000000 0.000000 -1.000000
vn 0.000000 0.000000 -1.000000
vn 0.000000 0.000000 -1.000000
vn 0.000000 0.000000 -1.000000
vn 0.000000 0.000000 -1.000000
vn 0.000000 0.000000 -1.000000
vn 0.000000 0.000000 -1.000000
vn 0.000000 0.000000 -1.000000
vn 0.000000 0.000000 -1.000000
vn 0.000000 -0.000000 -1.000000
vn 0.000000 0.000000 -1.000000
vn 0.000000 0.000000 -1.000000
vn 0.000000 0.000000 -1.000000
vn 0.000000 0.000000 -1.000000
vn 0.000000 0.000000 -1.000000
vn 0.000000 0.000000 -1.000000
vn 0.000000 -0.000000 -1.000000
vn 0.000000 -0.000000 -1.000000
vn -1.000000 0.000000 0.000000
vn -1.000000 0.000000 0.000000
vn -1.000000 0.000000 0.000000
vn -1.000000 0.000000 0.000000
vn 0.000000 1.000000 0.000000
vn 0.000000 1.000000 0.000000
vn 0.707107 0.707107 -0.000000
vn 0.707107 0.707107 -0.000000
vn 1.000000 0.000000 0.000000
vn 1.000000 -0.000000 0.000000
vn -0.998481 -0.055089 -0.000000
vn -0.998481 -0.055089 0.000000
vn -0.986361 -0.164594 -0.000000
vn -0.986361 -0.164594 0.000000
vn -0.962269 -0.272099 -0.000000
vn -0.962269 -0.272099 0.000000
vn -0.926494 -0.376309 -0.000000
vn -0.926494 -0.376309 0.000000
vn -0.879472 -0.475950 -0.000000
vn -0.879472 -0.475950 0.000000
vn -0.821775 -0.569812 -0.000000
vn -0.821775 -0.569812 0.000000
vn -0.754107 -0.656752 0.000000
vn -0.754107 -0.656752 0.000000
vn -0.677281 -0.735724 -0.000000
vn -0.677281 -0.735724 0.000000
vn -0.592242 -0.805760 -0.000000
vn -0.592242 -0.805760 0.000000
vn -0.499991 -0.866031 -0.000000
vn -0.499991 -0.866031 0.000000
vn -0.401696 -0.915773 -0.000000
vn -0.401696 -0.915773 0.000000
vn -0.298516 -0.954404 -0.000000
vn -0.298516 -0.954404 0.000000
vn -0.191717 -0.981450 0.000000
vn -0.191717 -0.981450 0.000000
vn -0.082583 -0.996584 0.000000
vn -0.082583 -0.996584 -0.000000
vn 0.027561 -0.999620 0.000000
vn 0.027561 -0.999620 0.000000
vn 0.137348 -0.990523 0.000000
vn 0.137348 -0.990523 0.000000
vn 0.245492 -0.969399 0.000000
vn 0.245492 -0.969399 0.000000
vn 0.350631 -0.936514 0.000000
vn 0.350631 -0.936514 0.000000
vn 0.451534 -0.892254 0.000000
vn 0.546955 -0.837162 0.000000
vn 0.451534 -0.892254 0.000000
vn 0.546955 -0.837162 0.000000
vn 0.635717 -0.771922 0.000000
vn 0.635717 -0.771922 0.000000
vn 0.716787 -0.697292 0.000000
vn 0.716787 -0.697292 0.000000
vn 0.789135 -0.614220 0.000000
vn 0.789135 -0.614220 0.000000
vn 0.851921 -0.523671 0.000000
vn 0.851921 -0.523671 0.000000
vn 0.904357 -0.426777 0.000000
vn 0.904357 -0.426777 0.000000
vn 0.945818 -0.324698 0.000000
vn 0.945818 -0.324698 0.000000
vn 0.975797 -0.218681 0.000000
vn 0.975797 -0.218681 0.000000
vn 0.993931 -0.110010 0.000000
vn 0.993931 -0.110010 0.000000
vn 1.000000 0.000000 0.000000
vn 1.000000 0.000000 0.000000
vn 0.993931 0.110010 0.000000
vn 0.993931 0.110010 0.000000
vn 0.975797 0.218681 0.000000
vn 0.975797 0.218681 0.000000
vn 0.945818 0.324698 0.000000
vn 0.945818 0.324698 0.000000
vn 0.904357 0.426777 0.000000
vn 0.904357 0.426777 0.000000
vn 0.851921 0.523671 0.000000
vn 0.851921 0.523671 0.000000
vn 0.789135 0.614220 0.000000
vn 0.789135 0.614220 0.000000
vn 0.716787 0.697292 0.000000
vn 0.716787 0.697292 0.000000
vn 0.635717 0.771922 -0.000000
vn 0.635717 0.771922 0.000000
vn 0.546955 0.837162 0.000000
vn 0.546955 0.837162 0.000000
vn 0.451534 0.892254 0.000000
vn 0.451534 0.892254 0.000000
vn 0.350631 0.936514 0.000000
vn 0.350631 0.936514 0.000000
vn 0.245492 0.969399 0.000000
vn 0.245492 0.969399 0.000000
vn 0.137348 0.990523 0.000000
vn 0.137348 0.990523 0.000000
vn 0.027561 0.999620 0.000000
vn 0.027561 0.999620 0.000000
vn -0.082583 0.996584 0.000000
vn -0.082583 0.996584 0.000000
vn -0.191717 0.981450 0.000000
vn -0.191717 0.981450 0.000000
vn -0.298516 0.954404 0.000000
vn -0.298516 0.954404 0.000000
vn -0.401696 0.915773 0.000000
vn -0.401696 0.915773 0.000000
vn -0.499991 0.866031 0.000000
vn -0.499991 0.866031 0.000000
vn -0.592242 0.805760 0.000000
vn -0.592242 0.805760 0.000000
vn -0.677281 0.735724 0.000000
vn -0.677281 0.735724 0.000000
vn -0.754107 0.656752 0.000000
vn -0.754107 0.656752 0.000000
vn -0.821775 0.569812 0.000000
vn -0.821775 0.569812 0.000000
vn -0.879472 0.475950 0.000000
vn -0.879472 0.475950 0.000000
vn -0.926494 0.376309 0.000000
vn -0.926494 0.376309 0.000000
vn -0.962269 0.272099 0.000000
vn -0.962269 0.272099 0.000000
vn -0.986361 0.164594 0.000000
vn -0.986361 0.164594 0.000000
vn -0.998481 0.055089 0.000000
vn -0.998481 0.055089 0.000000
vn -1.000000 0.000000 0.000000
vn -1.000000 0.000000 0.000000
vn -0.707107 0.707107 0.000000
vn -0.707107 0.707107 0.000000
vn 0.000000 1.000000 0.000000
vn 0.000000 1.000000 0.000000
vn 1.000000 0.000000 0.000000
vn 1.000000 -0.000000 0.000000
vn -0.997946 -0.064064 -0.000000
vn -0.997946 -0.064064 0.000000
vn -0.981557 -0.191171 -0.000000
vn -0.981557 -0.191171 0.000000
vn -0.949052 -0.315120 -0.000000
vn -0.949052 -0.315120 0.000000
vn -0.900983 -0.433854 -0.000000
vn -0.900983 -0.433854 0.000000
vn -0.838077 -0.545551 -0.000000
vn -0.838077 -0.545551 0.000000
vn -0.761450 -0.648224 -0.000000
vn -0.761450 -0.648224 0.000000
vn -0.672309 -0.740270 0.000000
vn -0.672309 -0.740270 0.000000
vn -0.572105 -0.820180 -0.000000
vn -0.572105 -0.820180 0.000000
vn -0.462553 -0.886592 0.000000
vn -0.462553 -0.886592 0.000000
vn -0.345360 -0.938470 -0.000000
vn -0.345360 -0.938470 0.000000
vn -0.222519 -0.974928 -0.000000
vn -0.222519 -0.974928 0.000000
vn -0.096013 -0.995380 -0.000000
vn -0.096013 -0.995380 0.000000
vn 0.032049 -0.999486 0.000000
vn 0.032049 -0.999486 0.000000
vn 0.159597 -0.987182 0.000000
vn 0.159597 -0.987182 0.000000
vn 0.284534 -0.958666 0.000000
vn 0.284534 -0.958666 0.000000
vn 0.404779 -0.914415 0.000000
vn 0.518381 -0.855150 0.000000
vn 0.404779 -0.914415 0.000000
vn 0.518381 -0.855150 0.000000
vn 0.623491 -0.781830 0.000000
vn 0.623491 -0.781830 0.000000
vn 0.718362 -0.695669 0.000000
vn 0.718362 -0.695669 0.000000
vn 0.801412 -0.598112 0.000000
vn 0.801412 -0.598112 0.000000
vn 0.871308 -0.490736 0.000000
vn 0.871308 -0.490736 0.000000
vn 0.926915 -0.375271 0.000000
vn 0.926915 -0.375271 0.000000
vn 0.967300 -0.253635 0.000000
vn 0.967300 -0.253635 0.000000
vn 0.991788 -0.127890 0.000000
vn 0.991788 -0.127890 0.000000
vn 1.000000 0.000000 0.000000
vn 1.000000 0.000000 0.000000
vn 0.991788 0.127890 0.000000
vn 0.991788 0.127890 0.000000
vn 0.967300 0.253635 0.000000
vn 0.967300 0.253635 0.000000
vn 0.926915 0.375271 -0.000000
vn 0.926915 0.375271 0.000000
vn 0.871308 0.490736 0.000000
vn 0.871308 0.490736 0.000000
vn 0.801412 0.598112 0.000000
vn 0.801412 0.598112 0.000000
vn 0.718362 0.695669 0.000000
vn 0.718362 0.695669 0.000000
vn 0.623491 0.781830 0.000000
vn 0.623491 0.781830 0.000000
vn 0.518381 0.855150 0.000000
vn 0.518381 0.855150 0.000000
vn 0.404779 0.914415 -0.000000
vn 0.404779 0.914415 0.000000
vn 0.284534 0.958666 0.000000
vn 0.284534 0.958666 0.000000
vn 0.159597 0.987182 0.000000
vn 0.159597 0.987182 0.000000
vn 0.032049 0.999486 0.000000
vn 0.032049 0.999486 0.000000
vn -0.096013 0.995380 0.000000
vn -0.096013 0.995380 0.000000
vn -0.222519 0.974928 0.000000
vn -0.222519 0.974928 0.000000
vn -0.345360 0.938470 0.000000
vn -0.345360 0.938470 0.000000
vn -0.462553 0.886592 0.000000
vn -0.462553 0.886592 0.000000
vn -0.572105 0.820180 0.000000
vn -0.572105 0.820180 0.000000
vn -0.672309 0.740270 0.000000
vn -0.672309 0.740270 0.000000
vn -0.761450 0.648224 0.000000
vn -0.761450 0.648224 0.000000
vn -0.838077 0.545551 0.000000
vn -0.838077 0.545551 0.000000
vn -0.900983 0.433854 0.000000
vn -0.900983 0.433854 0.000000
vn -0.949052 0.315120 0.000000
vn -0.949052 0.315120 0.000000
vn -0.981557 0.191171 0.000000
vn -0.981557 0.191171 0.000000
vn -0.997946 0.064064 0.000000
vn -0.997946 0.064064 0.000000
vn 1.000000 0.000000 0.000000
vn 1.000000 -0.000000 0.000000
vn -1.000000 0.000000 0.000000
vn -1.000000 0.000000 0.000000
vn -0.707107 -0.707107 0.000000
vn -0.707107 -0.707107 0.000000
vn 0.000000 -1.000000 0.000000
vn 0.000000 -1.000000 0.000000
vn -0.997946 -0.064064 -0.000000
vn -0.997946 -0.064064 0.000000
vn -0.981557 -0.191172 -0.000000
vn -0.981557 -0.191172 0.000000
vn -0.949053 -0.315115 -0.000000
vn -0.949053 -0.315115 0.000000
vn -0.900980 -0.433860 -0.000000
vn -0.900980 -0.433860 0.000000
vn -0.838081 -0.545546 -0.000000
vn -0.838081 -0.545546 0.000000
vn -0.761445 -0.648229 -0.000000
vn -0.761445 -0.648229 0.000000
vn -0.672309 -0.740270 0.000000
vn -0.672309 -0.740270 0.000000
vn -0.572113 -0.820175 -0.000000
vn -0.572113 -0.820175 0.000000
vn -0.462541 -0.886598 0.000000
vn -0.462541 -0.886598 0.000000
vn -0.345363 -0.938469 -0.000000
vn -0.345363 -0.938469 0.000000
vn -0.222517 -0.974929 -0.000000
vn -0.222517 -0.974929 0.000000
vn -0.096025 -0.995379 -0.000000
vn -0.096025 -0.995379 0.000000
vn 0.032052 -0.999486 0.000000
vn 0.032052 -0.999486 0.000000
vn 0.159598 -0.987182 0.000000
vn 0.159598 -0.987182 0.000000
vn 0.284532 -0.958667 0.000000
vn 0.284532 -0.958667 0.000000
vn 0.404780 -0.914414 0.000000
vn 0.518387 -0.855146 0.000000
vn 0.404780 -0.914414 0.000000
vn 0.518387 -0.855146 0.000000
vn 0.623487 -0.781833 0.000000
vn 0.623487 -0.781833 0.000000
vn 0.718362 -0.695670 0.000000
vn 0.718362 -0.695670 0.000000
vn 0.801412 -0.598113 0.000000
vn 0.801412 -0.598113 0.000000
vn 0.871309 -0.490735 0.000000
vn 0.871309 -0.490735 0.000000
vn 0.926916 -0.375268 0.000000
vn 0.926916 -0.375268 0.000000
vn 0.967299 -0.253639 0.000000
vn 0.967299 -0.253639 0.000000
vn 0.991788 -0.127890 0.000000
vn 0.991788 -0.127890 0.000000
vn 1.000000 0.000000 0.000000
vn 1.000000 0.000000 0.000000
vn 0.991788 0.127890 0.000000
vn 0.991788 0.127890 0.000000
vn 0.967299 0.253639 0.000000
vn 0.967299 0.253639 0.000000
vn 0.926917 0.375267 -0.000000
vn 0.926917 0.375267 0.000000
vn 0.871309 0.490735 0.000000
vn 0.871309 0.490735 0.000000
vn 0.801411 0.598114 0.000000
vn 0.801411 0.598114 0.000000
vn 0.718362 0.695670 0.000000
vn 0.718362 0.695670 0.000000
vn 0.623488 0.781833 0.000000
vn 0.623488 0.781833 0.000000
vn 0.518387 0.855146 0.000000
vn 0.518387 0.855146 0.000000
vn 0.404780 0.914414 -0.000000
vn 0.404780 0.914414 0.000000
vn 0.284532 0.958666 0.000000
vn 0.284532 0.958666 0.000000
vn 0.159598 0.987182 0.000000
vn 0.159598 0.987182 0.000000
vn 0.032052 0.999486 0.000000
vn 0.032052 0.999486 0.000000
vn -0.096025 0.995379 0.000000
vn -0.096025 0.995379 0.000000
vn -0.222516 0.974929 0.000000
vn -0.222516 0.974929 0.000000
vn -0.345363 0.938469 0.000000
vn -0.345363 0.938469 0.000000
vn -0.462542 0.886598 0.000000
vn -0.462542 0.886598 0.000000
vn -0.572113 0.820175 0.000000
vn -0.572113 0.820175 0.000000
vn -0.672309 0.740270 0.000000
vn -0.672309 0.740270 0.000000
vn -0.761445 0.648229 0.000000
vn -0.761445 0.648229 0.000000
vn -0.838081 0.545546 0.000000
vn -0.838081 0.545546 0.000000
vn -0.900980 0.433860 0.000000
vn -0.900980 0.433860 0.000000
vn -0.949053 0.315115 0.000000
vn -0.949053 0.315115 0.000000
vn -0.981557 0.191172 0.000000
vn -0.981557 0.191172 0.000000
vn -0.997946 0.064064 0.000000
vn -0.997946 0.064064 0.000000
vn 1.000000 0.000000 0.000000
vn 1.000000 -0.000000 0.000000
vn 0.707107 -0.707107 0.000000
vn 0.707107 -0.707107 0.000000
vn 0.000000 -1.000000 0.000000
vn 0.000000 -1.000000 0.000000
vn -0.998481 -0.055089 -0.000000
vn -0.998481 -0.055089 0.000000
vn -0.986361 -0.164594 -0.000000
vn -0.986361 -0.164594 0.000000
vn -0.962268 -0.272104 -0.000000
vn -0.962268 -0.272104 0.000000
vn -0.926494 -0.376309 -0.000000
vn -0.926494 -0.376309 0.000000
vn -0.879474 -0.475947 -0.000000
vn -0.879474 -0.475947 0.000000
vn -0.821777 -0.569809 -0.000000
vn -0.821777 -0.569809 0.000000
vn -0.754107 -0.656752 0.000000
vn -0.754107 -0.656752 0.000000
vn -0.677282 -0.735724 -0.000000
vn -0.677282 -0.735724 0.000000
vn -0.592236 -0.805765 -0.000000
vn -0.592236 -0.805765 0.000000
vn -0.500000 -0.866026 -0.000000
vn -0.500000 -0.866026 0.000000
vn -0.401696 -0.915773 -0.000000
vn -0.401696 -0.915773 0.000000
vn -0.298515 -0.954405 -0.000000
vn -0.298515 -0.954405 0.000000
vn -0.191711 -0.981451 0.000000
vn -0.191711 -0.981451 0.000000
vn -0.082579 -0.996585 0.000000
vn -0.082579 -0.996585 -0.000000
vn 0.027554 -0.999620 0.000000
vn 0.027554 -0.999620 0.000000
vn 0.137354 -0.990522 0.000000
vn 0.137354 -0.990522 0.000000
vn 0.245486 -0.969400 0.000000
vn 0.245486 -0.969400 0.000000
vn 0.350638 -0.936511 0.000000
vn 0.350638 -0.936511 0.000000
vn 0.451533 -0.892254 0.000000
vn 0.546948 -0.837166 0.000000
vn 0.451533 -0.892254 0.000000
vn 0.546948 -0.837166 0.000000
vn 0.635724 -0.771917 0.000000
vn 0.635724 -0.771917 0.000000
vn 0.716783 -0.697297 0.000000
vn 0.716783 -0.697297 0.000000
vn 0.789140 -0.614213 0.000000
vn 0.789140 -0.614213 0.000000
vn 0.851919 -0.523673 0.000000
vn 0.851919 -0.523673 0.000000
vn 0.904357 -0.426776 0.000000
vn 0.904357 -0.426776 0.000000
vn 0.945817 -0.324700 0.000000
vn 0.945817 -0.324700 0.000000
vn 0.975796 -0.218681 0.000000
vn 0.975796 -0.218681 0.000000
vn 0.993931 -0.110009 0.000000
vn 0.993931 -0.110009 0.000000
vn 1.000000 0.000000 0.000000
vn 1.000000 0.000000 0.000000
vn 0.993931 0.110008 0.000000
vn 0.993931 0.110008 0.000000
vn 0.975796 0.218681 0.000000
vn 0.975796 0.218681 0.000000
vn 0.945817 0.324700 0.000000
vn 0.945817 0.324700 0.000000
vn 0.904357 0.426776 0.000000
vn 0.904357 0.426776 0.000000
vn 0.851919 0.523673 0.000000
vn 0.851919 0.523673 0.000000
vn 0.789141 0.614213 0.000000
vn 0.789141 0.614213 0.000000
vn 0.716783 0.697297 0.000000
vn 0.716783 0.697297 0.000000
vn 0.635724 0.771917 -0.000000
vn 0.635724 0.771917 0.000000
vn 0.546948 0.837167 0.000000
vn 0.546948 0.837167 0.000000
vn 0.451534 0.892254 0.000000
vn 0.451534 0.892254 0.000000
vn 0.350637 0.936512 0.000000
vn 0.350637 0.936512 0.000000
vn 0.245485 0.969400 0.000000
vn 0.245485 0.969400 0.000000
vn 0.137354 0.990522 0.000000
vn 0.137354 0.990522 0.000000
vn 0.027554 0.999620 0.000000
vn 0.027554 0.999620 0.000000
vn -0.082579 0.996585 0.000000
vn -0.082579 0.996585 0.000000
vn -0.191711 0.981451 0.000000
vn -0.191711 0.981451 0.000000
vn -0.298515 0.954405 0.000000
vn -0.298515 0.954405 0.000000
vn -0.401695 0.915774 0.000000
vn -0.401695 0.915774 0.000000
vn -0.500000 0.866025 0.000000
vn -0.500000 0.866025 0.000000
vn -0.592236 0.805765 0.000000
vn -0.592236 0.805765 0.000000
vn -0.677281 0.735724 0.000000
vn -0.677281 0.735724 0.000000
vn -0.754107 0.656752 0.000000
vn -0.754107 0.656752 0.000000
vn -0.821777 0.569809 0.000000
vn -0.821777 0.569809 0.000000
vn -0.879474 0.475947 0.000000
vn -0.879474 0.475947 0.000000
vn -0.926494 0.376309 0.000000
vn -0.926494 0.376309 0.000000
vn -0.962268 0.272104 0.000000
vn -0.962268 0.272104 0.000000
vn -0.986361 0.164594 0.000000
vn -0.986361 0.164594 0.000000
vn -0.998481 0.055089 0.000000
vn -0.998481 0.055089 0.000000
vn 0.000000 0.000000 1.000000
vn 0.000000 0.000000 1.000000
vn 0.000000 0.000000 1.000000
vn 0.000000 0.000000 1.000000
vn 0.000000 0.000000 1.000000
vn 0.000000 0.000000 1.000000
vn 0.000000 0.000000 1.000000
vn 0.000000 0.000000 1.000000
vn 0.000000 0.000000 1.000000
vn 0.000000 0.000000 1.000000
vn 0.000000 0.000000 1.000000
vn 0.000000 0.000000 1.000000
vn 0.000000 0.000000 1.000000
vn 0.000000 0.000000 1.000000
vn 0.000000 0.000000 1.000000
vn 0.000000 0.000000 1.000000
vn 0.000000 0.000000 1.000000
vn 0.000000 0.000000 1.000000
vn 0.000000 0.000000 1.000000
vn 0.000000 0.000000 1.000000
vn 0.000000 0.000000 1.000000
vn 0.000000 0.000000 1.000000
vn 0.000000 0.000000 1.000000
vn 0.000000 0.000000 1.000000
vn 0.000000 0.000000 1.000000
vn 0.000000 0.000000 1.000000
vn 0.000000 0.000000 1.000000
vn 0.000000 0.000000 1.000000
vn 0.000000 0.000000 1.000000
vn 0.000000 0.000000 1.000000
vn 0.000000 0.000000 1.000000
vn 0.000000 0.000000 1.000000
vn 0.000000 0.000000 1.000000
vn 0.000000 0.000000 1.000000
vn 0.000000 0.000000 1.000000
vn 0.000000 0.000000 1.000000
vn 0.000000 0.000000 1.000000
vn 0.000000 0.000000 1.000000
vn 0.000000 0.000000 1.000000
vn 0.000000 0.000000 1.000000
vn 0.000000 0.000000 1.000000
vn 0.000000 0.000000 1.000000
vn 0.000000 0.000000 1.000000
vn 0.000000 0.000000 1.000000
vn 0.000000 0.000000 1.000000
vn 0.000000 0.000000 1.000000
vn 0.000000 0.000000 1.000000
vn 0.000000 0.000000 1.000000
vn 0.000000 0.000000 1.000000
vn 0.000000 0.000000 1.000000
vn 0.000000 0.000000 1.000000
vn 0.000000 0.000000 1.000000
vn 0.000000 0.000000 1.000000
vn 0.000000 0.000000 1.000000
vn 0.000000 0.000000 1.000000
vn 0.000000 0.000000 1.000000
vn 0.000000 0.000000 1.000000
vn 0.000000 0.000000 1.000000
vn 0.000000 0.000000 1.000000
vn 0.000000 0.000000 1.000000
vn 0.000000 0.000000 1.000000
vn 0.000000 0.000000 1.000000
vn 0.000000 0.000000 1.000000
vn 0.000000 0.000000 1.000000
vn 0.000000 0.000000 1.000000
vn 0.000000 0.000000 1.000000
vn 0.000000 0.000000 1.000000
vn 0.000000 0.000000 1.000000
vn 0.000000 0.000000 1.000000
vn 0.000000 0.000000 1.000000
vn 0.000000 0.000000 1.000000
vn 0.000000 0.000000 1.000000
vn 0.000000 0.000000 1.000000
vn 0.000000 0.000000 1.000000
vn 0.000000 0.000000 1.000000
vn 0.000000 0.000000 1.000000
vn 0.000000 0.000000 1.000000
vn 0.000000 0.000000 1.000000
vn 0.000000 0.000000 1.000000
vn 0.000000 0.000000 1.000000
vn 0.000000 0.000000 1.000000
vn 0.000000 0.000000 1.000000
vn 0.000000 0.000000 1.000000
vn 0.000000 0.000000 1.000000
vn 0.000000 0.000000 1.000000
vn 0.000000 0.000000 1.000000
vn 0.000000 0.000000 1.000000
vn 0.000000 0.000000 1.000000
vn 0.000000 0.000000 1.000000
vn 0.000000 0.000000 1.000000
vn 0.000000 0.000000 1.000000
vn 0.000000 0.000000 1.000000
vn 0.000000 0.000000 1.000000
vn 0.000000 0.000000 1.000000
vn 0.000000 0.000000 1.000000
vn 0.000000 0.000000 1.000000
vn 0.000000 0.000000 1.000000
vn 0.000000 0.000000 1.000000
vn 0.000000 0.000000 1.000000
vn 0.000000 0.000000 1.000000
vn 0.000000 0.000000 1.000000
vn 0.000000 0.000000 1.000000
vn 0.000000 0.000000 1.000000
vn 0.000000 0.000000 1.000000
vn 0.000000 0.000000 1.000000
vn 0.000000 0.000000 1.000000
vn 0.000000 0.000000 1.000000
vn 0.000000 0.000000 1.000000
vn 0.000000 0.000000 1.000000
vn 0.000000 0.000000 1.000000
vn 0.000000 0.000000 1.000000
vn 0.000000 0.000000 1.000000
vn 0.000000 0.000000 1.000000
vn 0.000000 0.000000 1.000000
vn 0.000000 0.000000 1.000000
vn 0.000000 0.000000 1.000000
vn 0.000000 0.000000 1.000000
vn 0.000000 0.000000 1.000000
vn 0.000000 0.000000 1.000000
vn 0.000000 0.000000 1.000000
vn 0.000000 0.000000 1.000000
vn 0.000000 0.000000 1.000000
vn 0.000000 0.000000 1.000000
vn 0.000000 0.000000 1.000000
vn 0.000000 0.000000 1.000000
vn 0.000000 0.000000 1.000000
vn 0.000000 0.000000 1.000000
vn 0.000000 0.000000 1.000000
vn 0.000000 0.000000 1.000000
vn 0.000000 0.000000 1.000000
vn 0.000000 0.000000 1.000000
vn 0.000000 0.000000 1.000000
vn 0.000000 0.000000 1.000000
vn 0.000000 0.000000 1.000000
vn 0.000000 0.000000 1.000000
vn 0.000000 0.000000 1.000000
vn 0.000000 0.000000 1.000000
vn 0.000000 0.000000 1.000000
vn 0.000000 0.000000 1.000000
vn 0.000000 0.000000 1.000000
vn 0.000000 0.000000 1.000000
vn 0.000000 0.000000 1.000000
vn 0.000000 0.000000 1.000000
vn 0.000000 0.000000 1.000000
vn 0.000000 0.000000 1.000000
vn 0.000000 0.000000 1.000000
vn 0.000000 0.000000 1.000000
vn 0.000000 0.000000 1.000000
vn 0.000000 0.000000 1.000000
vn 0.000000 0.000000 1.000000
vn 0.000000 0.000000 1.000000
vn 0.000000 0.000000 1.000000
vn 0.000000 0.000000 1.000000
vn 0.000000 0.000000 1.000000
vn 0.000000 0.000000 1.000000
vn 0.000000 0.000000 1.000000
vn 0.000000 0.000000 1.000000
vn 0.000000 0.000000 1.000000
vn 0.000000 0.000000 1.000000
vn 0.000000 0.000000 1.000000
vn 0.000000 0.000000 1.000000
vn 0.000000 0.000000 1.000000
vn 0.000000 0.000000 1.000000
vn 0.000000 0.000000 1.000000
vn 0.000000 0.000000 1.000000
vn 0.000000 0.000000 1.000000
vn 0.000000 0.000000 1.000000
vn 0.000000 0.000000 1.000000
vn 0.000000 0.000000 1.000000
vn 0.000000 0.000000 1.000000
vn 0.000000 0.000000 1.000000
vn 0.000000 0.000000 1.000000
vn 0.000000 0.000000 1.000000
vn 0.000000 0.000000 1.000000
vn 0.000000 0.000000 1.000000
vn 0.000000 0.000000 1.000000
vn 0.000000 0.000000 1.000000
vn 0.000000 0.000000 1.000000
vn 0.000000 0.000000 1.000000
vn 0.000000 0.000000 1.000000
vn 0.000000 0.000000 1.000000
vn 0.000000 0.000000 1.000000
vn 0.000000 0.000000 1.000000
vn 0.000000 0.000000 1.000000
vn 0.000000 0.000000 1.000000
vn 0.000000 0.000000 1.000000
vn 0.000000 0.000000 1.000000
vn 0.000000 0.000000 1.000000
vn 0.000000 0.000000 1.000000
vn 0.000000 0.000000 1.000000
vn 0.000000 0.000000 1.000000
vn 0.000000 0.000000 1.000000
vn 0.000000 0.000000 1.000000
vn 0.000000 0.000000 1.000000
vn 0.000000 0.000000 1.000000
vn 0.000000 0.000000 1.000000
vn 0.000000 0.000000 1.000000
vn 0.000000 0.000000 1.000000
vn 0.000000 0.000000 1.000000
vn 0.000000 0.000000 1.000000
vn 0.000000 0.000000 1.000000
vn 0.000000 0.000000 1.000000
vn 0.000000 0.000000 1.000000
vn 0.000000 0.000000 1.000000
vn 0.000000 0.000000 1.000000
vn 0.000000 0.000000 1.000000
vn 0.000000 0.000000 1.000000
vn 0.000000 0.000000 1.000000
vn 0.000000 0.000000 1.000000
vn 0.000000 0.000000 1.000000
vn 0.000000 0.000000 1.000000
vn 0.000000 0.000000 1.000000
vn 0.000000 0.000000 1.000000
vn 0.000000 0.000000 1.000000
vn 0.000000 0.000000 1.000000
vn 0.000000 0.000000 1.000000
vn 0.000000 0.000000 1.000000
vn 0.000000 0.000000 1.000000
vn 0.000000 0.000000 1.000000
vn 0.000000 0.000000 1.000000
vn 0.000000 0.000000 1.000000
vn 0.000000 0.000000 1.000000
vn 0.000000 0.000000 1.000000
vn 0.000000 0.000000 1.000000
vn 0.000000 0.000000 1.000000
vn 0.000000 0.000000 1.000000
vn 0.000000 0.000000 1.000000
vn 0.000000 0.000000 1.000000
vn 0.000000 0.000000 1.000000
vn 0.000000 0.000000 1.000000
vn 0.000000 0.000000 1.000000
vn 0.000000 0.000000 1.000000
vn 0.000000 0.000000 1.000000
vn 0.000000 0.000000 1.000000
vn 0.000000 0.000000 1.000000
vn 0.000000 0.000000 1.000000
vn 0.000000 0.000000 1.000000
vn 0.000000 0.000000 1.000000
vn 0.000000 0.000000 1.000000
vn 0.000000 0.000000 1.000000
vn 0.000000 0.000000 1.000000
vn 0.000000 0.000000 1.000000
vn 0.000000 0.000000 1.000000
vn 0.000000 0.000000 1.000000
vn 0.000000 0.000000 1.000000
vn 0.000000 0.000000 1.000000
vn 0.000000 0.000000 1.000000
vn 0.000000 0.000000 1.000000
vn 0.000000 0.000000 1.000000
vn 0.000000 0.000000 1.000000
vn 0.000000 0.000000 1.000000
vn 0.000000 0.000000 1.000000
vn 0.000000 0.000000 1.000000
vn 0.000000 0.000000 1.000000
vn 0.000000 0.000000 1.000000
vn 0.000000 0.000000 1.000000
vn 0.000000 0.000000 1.000000
vn 0.000000 0.000000 1.000000
vn 0.000000 0.000000 1.000000
vn 0.000000 0.000000 1.000000
vn 0.000000 0.000000 1.000000
vn 0.000000 0.000000 1.000000
vn 0.000000 0.000000 1.000000
vn 0.000000 0.000000 1.000000
vn 0.000000 0.000000 1.000000
vn 0.000000 0.000000 1.000000
vn 0.000000 0.000000 1.000000
vn 0.000000 0.000000 1.000000
vn 0.000000 0.000000 1.000000
vn 0.000000 0.000000 1.000000
vn 0.000000 0.000000 1.000000
vn 0.000000 0.000000 1.000000
vn 0.000000 0.000000 1.000000
vn 0.000000 0.000000 1.000000
vn 0.000000 0.000000 1.000000
vn 0.000000 0.000000 1.000000
vn 0.000000 0.000000 1.000000
vn 0.000000 0.000000 1.000000
vn 0.000000 0.000000 1.000000
vn 0.000000 0.000000 1.000000
vn 0.000000 0.000000 1.000000
vn 0.000000 0.000000 1.000000
vn 0.000000 0.000000 1.000000
vn 0.000000 0.000000 1.000000
vn 0.000000 0.000000 1.000000
vn 0.000000 0.000000 1.000000
vn 0.000000 0.000000 1.000000
vn 0.000000 0.000000 1.000000
vn 0.000000 0.000000 1.000000
vn 0.000000 0.000000 1.000000
vn 0.000000 0.000000 1.000000
vn 0.000000 0.000000 1.000000
vn 0.000000 0.000000 1.000000
vn 0.000000 0.000000 1.000000
vn 0.000000 0.000000 1.000000
vn 0.000000 -0.000000 -1.000000
vn 0.000000 0.000000 -1.000000
vn 0.000000 -0.000000 -1.000000
vn 0.000000 0.000000 -1.000000
vn 0.000000 -0.000000 -1.000000
vn 0.000000 0.000000 -1.000000
vn 0.000000 -0.000000 -1.000000
vn 0.000000 0.000000 -1.000000
vn 0.000000 -0.000000 -1.000000
vn 0.000000 0.000000 -1.000000
vn 0.000000 -0.000000 -1.000000
vn 0.000000 0.000000 -1.000000
vn -0.000000 -0.000000 -1.000000
vn 0.000000 -0.000000 -1.000000
vn 0.000000 0.000000 -1.000000
vn 0.000000 0.000000 -1.000000
vn 0.000000 0.000000 -1.000000
vn 0.000000 0.000000 -1.000000
vn 0.000000 0.000000 -1.000000
vn 0.000000 0.000000 -1.000000
vn 0.000000 0.000000 -1.000000
vn 0.000000 0.000000 -1.000000
vn 0.000000 0.000000 -1.000000
vn 0.000000 0.000000 -1.000000
vn 0.000000 0.000000 -1.000000
vn 0.000000 0.000000 -1.000000
vn 0.000000 0.000000 -1.000000
vn 0.000000 0.000000 -1.000000
vn 0.000000 0.000000 -1.000000
vn 0.000000 0.000000 -1.000000
vn 0.000000 0.000000 -1.000000
vn 0.000000 0.000000 -1.000000
vn 0.000000 0.000000 -1.000000
vn 0.000000 0.000000 -1.000000
vn 0.000000 0.000000 -1.000000
vn 0.000000 0.000000 -1.000000
vn 0.000000 0.000000 -1.000000
vn 0.000000 0.000000 -1.000000
vn 0.000000 0.000000 -1.000000
vn 0.000000 0.000000 -1.000000
vn 0.000000 0.000000 -1.000000
vn 0.000000 0.000000 -1.000000
vn 0.000000 0.000000 -1.000000
vn 0.000000 0.000000 -1.000000
vn 0.000000 0.000000 -1.000000
vn 0.000000 -0.000000 -1.000000
vn 0.000000 -0.000000 -1.000000
vn 0.000000 -0.000000 -1.000000
vn 0.000000 -0.000000 -1.000000
vn 0.000000 0.000000 -1.000000
vn 0.000000 0.000000 -1.000000
vn 0.000000 0.000000 -1.000000
vn 0.000000 0.000000 -1.000000
vn 0.000000 0.000000 -1.000000
vn 0.000000 0.000000 -1.000000
vn 0.000000 0.000000 -1.000000
vn 0.000000 0.000000 -1.000000
vn 0.000000 0.000000 -1.000000
vn 0.000000 0.000000 -1.000000
vn 0.000000 0.000000 -1.000000
vn 0.000000 -0.000000 -1.000000
vn 0.000000 0.000000 -1.000000
vn 0.000000 -0.000000 -1.000000
vn 0.000000 0.000000 -1.000000
vn 0.000000 0.000000 -1.000000
vn 0.000000 -0.000000 -1.000000
vn 0.000000 0.000000 -1.000000
vn 0.000000 -0.000000 -1.000000
vn 0.000000 0.000000 -1.000000
vn 0.000000 -0.000000 -1.000000
vn 0.000000 0.000000 -1.000000
vn 0.000000 -0.000000 -1.000000
vn 0.000000 0.000000 -1.000000
vn 0.000000 0.000000 -1.000000
vn 0.000000 0.000000 -1.000000
vn 0.000000 0.000000 -1.000000
vn 0.000000 0.000000 -1.000000
vn 0.000000 -0.000000 -1.000000
vn 0.000000 -0.000000 -1.000000
vn 0.000000 -0.000000 -1.000000
vn 0.000000 -0.000000 -1.000000
vn 0.000000 0.000000 -1.000000
vn 0.000000 0.000000 -1.000000
vn 0.000000 0.000000 -1.000000
vn 0.000000 0.000000 -1.000000
vn 0.000000 0.000000 -1.000000
vn 0.000000 0.000000 -1.000000
vn 0.000000 0.000000 -1.000000
vn 0.000000 0.000000 -1.000000
vn 0.000000 0.000000 -1.000000
vn 0.000000 0.000000 -1.000000
vn 0.000000 0.000000 -1.000000
vn 0.000000 0.000000 -1.000000
vn 0.000000 0.000000 -1.000000
vn 0.000000 0.000000 -1.000000
vn 0.000000 0.000000 -1.000000
vn 0.000000 0.000000 -1.000000
vn 0.000000 0.000000 -1.000000
vn 0.000000 0.000000 -1.000000
vn 0.000000 0.000000 -1.000000
vn 0.000000 0.000000 -1.000000
vn 0.000000 0.000000 -1.000000
vn 0.000000 -0.000000 -1.000000
vn 0.000000 0.000000 -1.000000
vn 0.000000 -0.000000 -1.000000
vn 0.000000 0.000000 -1.000000
vn 0.000000 -0.000000 -1.000000
vn 0.000000 0.000000 -1.000000
vn 0.000000 -0.000000 -1.000000
vn 0.000000 0.000000 -1.000000
vn 0.000000 -0.000000 -1.000000
vn 0.000000 0.000000 -1.000000
vn 0.000000 -0.000000 -1.000000
vn 0.000000 0.000000 -1.000000
vn 0.000000 -0.000000 -1.000000
vn 0.000000 0.000000 -1.000000
vn 0.000000 -0.000000 -1.000000
vn 0.000000 0.000000 -1.000000
vn 0.000000 0.000000 -1.000000
vn 0.000000 0.000000 -1.000000
vn 0.000000 0.000000 -1.000000
vn 0.000000 0.000000 -1.000000
vn 0.000000 0.000000 -1.000000
vn 0.000000 0.000000 -1.000000
vn 0.000000 0.000000 -1.000000
vn 0.000000 0.000000 -1.000000
vn 0.000000 0.000000 -1.000000
vn 0.000000 0.000000 -1.000000
vn 0.000000 0.000000 -1.000000
vn 0.000000 0.000000 -1.000000
vn 0.000000 -0.000000 -1.000000
vn 0.000000 -0.000000 -1.000000
vn 0.000000 -0.000000 -1.000000
vn 0.000000 -0.000000 -1.000000
vn 0.000000 -0.000000 -1.000000
vn 0.000000 -0.000000 -1.000000
vn 0.000000 -0.000000 -1.000000
vn 0.000000 -0.000000 -1.000000
vn 0.000000 -0.000000 -1.000000
vn 0.000000 -0.000000 -1.000000
vn 0.000000 0.000000 -1.000000
vn 0.000000 0.000000 -1.000000
vn 0.000000 0.000000 -1.000000
vn 0.000000 0.000000 -1.000000
vn 0.000000 0.000000 -1.000000
vn 0.000000 0.000000 -1.000000
vn 0.000000 0.000000 -1.000000
vn 0.000000 0.000000 -1.000000
vn 0.000000 0.000000 -1.000000
vn 0.000000 0.000000 -1.000000
vn 0.000000 0.000000 -1.000000
vn 0.000000 0.000000 -1.000000
vn 0.000000 0.000000 -1.000000
vn 0.000000 0.000000 -1.000000
vn 0.000000 0.000000 -1.000000
vn 0.000000 0.000000 -1.000000
vn 0.000000 -0.000000 -1.000000
vn 0.000000 -0.000000 -1.000000
vn 0.000000 -0.000000 -1.000000
vn 0.000000 -0.000000 -1.000000
vn 0.000000 -0.000000 -1.000000
vn 0.000000 0.000000 -1.000000
vn 0.000000 -0.000000 -1.000000
vn 0.000000 0.000000 -1.000000
vn 0.000000 -0.000000 -1.000000
vn 0.000000 0.000000 -1.000000
vn 0.000000 0.000000 -1.000000
vn 0.000000 -0.000000 -1.000000
vn 0.000000 0.000000 -1.000000
vn 0.000000 -0.000000 -1.000000
vn 0.000000 0.000000 -1.000000
vn 0.000000 0.000000 -1.000000
vn 0.000000 0.000000 -1.000000
vn 0.000000 0.000000 -1.000000
vn -0.000000 -0.000000 -1.000000
vn 0.000000 -0.000000 -1.000000
vn 0.000000 -0.000000 -1.000000
vn 0.000000 -0.000000 -1.000000
vn 0.000000 -0.000000 -1.000000
vn 0.000000 -0.000000 -1.000000
vn 0.000000 0.000000 -1.000000
vn 0.000000 0.000000 -1.000000
vn 0.000000 0.000000 -1.000000
vn 0.000000 0.000000 -1.000000
vn 0.000000 0.000000 -1.000000
vn 0.000000 0.000000 -1.000000
vn 0.000000 0.000000 -1.000000
vn 0.000000 0.000000 -1.000000
vn 0.000000 0.000000 -1.000000
vn 0.000000 0.000000 -1.000000
vn 0.000000 0.000000 -1.000000
vn 0.000000 0.000000 -1.000000
vn 0.000000 0.000000 -1.000000
vn 0.000000 0.000000 -1.000000
vn 0.000000 0.000000 -1.000000
vn 0.000000 0.000000 -1.000000
vn 0.000000 0.000000 -1.000000
vn 0.000000 0.000000 -1.000000
vn 0.000000 0.000000 -1.000000
vn 0.000000 0.000000 -1.000000
vn 0.000000 0.000000 -1.000000
vn 0.000000 0.000000 -1.000000
vn 0.000000 0.000000 -1.000000
vn 0.000000 0.000000 -1.000000
vn -0.998369 -0.057090 -0.000000
vn -0.998369 -0.057090 0.000000
vn -0.985354 -0.170522 -0.000000
vn -0.985354 -0.170522 0.000000
vn -0.959493 -0.281732 -0.000000
vn -0.959493 -0.281732 0.000000
vn -0.921123 -0.389271 -0.000000
vn -0.921123 -0.389271 0.000000
vn -0.870746 -0.491733 -0.000000
vn -0.870746 -0.491733 0.000000
vn -0.809017 -0.587785 -0.000000
vn -0.809017 -0.587785 0.000000
vn -0.736741 -0.676175 -0.000000
vn -0.736741 -0.676175 0.000000
vn -0.654861 -0.755749 -0.000000
vn -0.654861 -0.755749 0.000000
vn -0.564443 -0.825472 -0.000000
vn -0.564443 -0.825472 0.000000
vn -0.466667 -0.884433 -0.000000
vn -0.466667 -0.884433 0.000000
vn -0.362807 -0.931864 -0.000000
vn -0.362807 -0.931864 0.000000
vn -0.254218 -0.967147 -0.000000
vn -0.254218 -0.967147 0.000000
vn -0.142315 -0.989821 0.000000
vn -0.142315 -0.989821 -0.000000
vn -0.028557 -0.999592 0.000000
vn -0.028557 -0.999592 0.000000
vn 0.085576 -0.996332 0.000000
vn 0.085576 -0.996332 0.000000
vn 0.198590 -0.980083 0.000000
vn 0.198590 -0.980083 0.000000
vn 0.309017 -0.951056 0.000000
vn 0.309017 -0.951056 0.000000
vn 0.415414 -0.909632 0.000000
vn 0.415414 -0.909632 0.000000
vn 0.516399 -0.856348 0.000000
vn 0.516399 -0.856348 0.000000
vn 0.610648 -0.791902 0.000000
vn 0.610648 -0.791902 0.000000
vn 0.696938 -0.717132 0.000000
vn 0.696938 -0.717132 0.000000
vn 0.774141 -0.633013 0.000000
vn 0.774141 -0.633013 0.000000
vn 0.841253 -0.540641 0.000000
vn 0.841253 -0.540641 0.000000
vn 0.897398 -0.441221 0.000000
vn 0.897398 -0.441221 0.000000
vn 0.941845 -0.336048 0.000000
vn 0.941845 -0.336048 0.000000
vn 0.974012 -0.226498 0.000000
vn 0.974012 -0.226498 0.000000
vn 0.993482 -0.113991 0.000000
vn 0.993482 -0.113991 0.000000
vn 1.000000 0.000000 -0.000000
vn 1.000000 0.000000 0.000000
vn 0.993482 0.113991 0.000000
vn 0.993482 0.113991 0.000000
vn 0.974012 0.226498 0.000000
vn 0.974012 0.226498 0.000000
vn 0.941845 0.336048 0.000000
vn 0.941845 0.336048 0.000000
vn 0.897398 0.441221 0.000000
vn 0.897398 0.441221 0.000000
vn 0.841253 0.540641 0.000000
vn 0.841253 0.540641 0.000000
vn 0.774141 0.633013 -0.000000
vn 0.774141 0.633013 0.000000
vn 0.696938 0.717132 0.000000
vn 0.696938 0.717132 0.000000
vn 0.610648 0.791902 -0.000000
vn 0.610648 0.791902 0.000000
vn 0.516399 0.856348 0.000000
vn 0.516399 0.856348 0.000000
vn 0.415414 0.909632 0.000000
vn 0.415414 0.909632 0.000000
vn 0.309017 0.951056 0.000000
vn 0.309017 0.951056 0.000000
vn 0.198590 0.980083 0.000000
vn 0.198590 0.980083 0.000000
vn 0.085576 0.996332 0.000000
vn 0.085576 0.996332 0.000000
vn -0.028557 0.999592 0.000000
vn -0.028557 0.999592 0.000000
vn -0.142315 0.989821 0.000000
vn -0.142315 0.989821 0.000000
vn -0.254218 0.967147 0.000000
vn -0.254218 0.967147 0.000000
vn -0.362807 0.931864 0.000000
vn -0.362807 0.931864 0.000000
vn -0.466667 0.884433 0.000000
vn -0.564443 0.825472 0.000000
vn -0.466667 0.884433 0.000000
vn -0.564443 0.825472 0.000000
vn -0.654861 0.755749 0.000000
vn -0.654861 0.755749 0.000000
vn -0.736741 0.676175 0.000000
vn -0.736741 0.676175 0.000000
vn -0.809017 0.587785 0.000000
vn -0.809017 0.587785 0.000000
vn -0.870746 0.491733 0.000000
vn -0.870746 0.491733 0.000000
vn -0.921123 0.389271 0.000000
vn -0.921123 0.389271 0.000000
vn -0.959493 0.281732 0.000000
vn -0.985354 0.170522 0.000000
vn -0.959493 0.281732 0.000000
vn -0.985354 0.170522 0.000000
vn -0.998369 0.057090 0.000000
vn -0.998369 0.057090 0.000000
vn -0.997766 -0.066799 -0.000000
vn -0.997766 -0.066799 0.000000
vn -0.979962 -0.199186 -0.000000
vn -0.979962 -0.199186 0.000000
vn -0.944674 -0.328010 -0.000000
vn -0.944674 -0.328010 0.000000
vn -0.892511 -0.451025 0.000000
vn -0.892511 -0.451025 0.000000
vn -0.824445 -0.565942 -0.000000
vn -0.824445 -0.565942 0.000000
vn -0.741657 -0.670780 -0.000000
vn -0.741657 -0.670780 0.000000
vn -0.645620 -0.763659 -0.000000
vn -0.645620 -0.763659 0.000000
vn -0.538086 -0.842890 0.000000
vn -0.538086 -0.842890 0.000000
vn -0.420934 -0.907091 -0.000000
vn -0.420934 -0.907091 0.000000
vn -0.296276 -0.955102 -0.000000
vn -0.296276 -0.955102 0.000000
vn -0.166327 -0.986071 0.000000
vn -0.166327 -0.986071 0.000000
vn -0.033417 -0.999442 -0.000000
vn -0.033417 -0.999442 0.000000
vn 0.100094 -0.994978 0.000000
vn 0.100094 -0.994978 0.000000
vn 0.231819 -0.972759 0.000000
vn 0.231819 -0.972759 0.000000
vn 0.359411 -0.933179 0.000000
vn 0.359411 -0.933179 0.000000
vn 0.480579 -0.876951 0.000000
vn 0.480579 -0.876951 0.000000
vn 0.593187 -0.805065 0.000000
vn 0.695183 -0.718833 0.000000
vn 0.593187 -0.805065 0.000000
vn 0.784805 -0.619743 0.000000
vn 0.695183 -0.718833 0.000000
vn 0.784805 -0.619743 0.000000
vn 0.860397 -0.509625 0.000000
vn 0.920655 -0.390377 0.000000
vn 0.860397 -0.509625 0.000000
vn 0.964467 -0.264202 0.000000
vn 0.920655 -0.390377 0.000000
vn 0.964467 -0.264202 0.000000
vn 0.991079 -0.133278 0.000000
vn 0.991079 -0.133278 0.000000
vn 1.000000 0.000000 0.000000
vn 0.991079 0.133278 -0.000000
vn 1.000000 0.000000 0.000000
vn 0.991079 0.133278 0.000000
vn 0.964467 0.264202 0.000000
vn 0.964467 0.264202 0.000000
vn 0.920655 0.390377 0.000000
vn 0.920655 0.390377 0.000000
vn 0.860397 0.509625 -0.000000
vn 0.860397 0.509625 0.000000
vn 0.784805 0.619743 0.000000
vn 0.784805 0.619743 0.000000
vn 0.695183 0.718833 -0.000000
vn 0.695183 0.718833 0.000000
vn 0.593187 0.805065 -0.000000
vn 0.593187 0.805065 0.000000
vn 0.480579 0.876951 0.000000
vn 0.480579 0.876951 0.000000
vn 0.359411 0.933179 0.000000
vn 0.359411 0.933179 0.000000
vn 0.231819 0.972759 -0.000000
vn 0.231819 0.972759 0.000000
vn 0.100094 0.994978 -0.000000
vn 0.100094 0.994978 0.000000
vn -0.033414 0.999442 0.000000
vn -0.033414 0.999442 0.000000
vn -0.166330 0.986070 0.000000
vn -0.166330 0.986070 0.000000
vn -0.296274 0.955103 0.000000
vn -0.296274 0.955103 0.000000
vn -0.420936 0.907090 0.000000
vn -0.420936 0.907090 0.000000
vn -0.538084 0.842891 0.000000
vn -0.538084 0.842891 0.000000
vn -0.645623 0.763656 0.000000
vn -0.645623 0.763656 0.000000
vn -0.741657 0.670780 0.000000
vn -0.741657 0.670780 0.000000
vn -0.824445 0.565942 0.000000
vn -0.824445 0.565942 0.000000
vn -0.892511 0.451026 0.000000
vn -0.892511 0.451026 0.000000
vn -0.944674 0.328010 0.000000
vn -0.944674 0.328010 0.000000
vn -0.979962 0.199186 0.000000
vn -0.979962 0.199186 0.000000
vn -0.997766 0.066799 0.000000
vn -0.997766 0.066799 0.000000
vn -0.998482 -0.055074 -0.000000
vn -0.998482 -0.055074 0.000000
vn -0.986362 -0.164593 -0.000000
vn -0.986362 -0.164593 0.000000
vn -0.962269 -0.272100 -0.000000
vn -0.962269 -0.272100 0.000000
vn -0.926491 -0.376317 -0.000000
vn -0.926491 -0.376317 0.000000
vn -0.879474 -0.475947 -0.000000
vn -0.879474 -0.475947 0.000000
vn -0.821782 -0.569803 0.000000
vn -0.821782 -0.569803 0.000000
vn -0.754098 -0.656762 -0.000000
vn -0.754098 -0.656762 0.000000
vn -0.677286 -0.735720 -0.000000
vn -0.677286 -0.735720 0.000000
vn -0.592239 -0.805763 -0.000000
vn -0.592239 -0.805763 0.000000
vn -0.499997 -0.866027 -0.000000
vn -0.499997 -0.866027 0.000000
vn -0.401694 -0.915774 -0.000000
vn -0.401694 -0.915774 0.000000
vn -0.298516 -0.954404 -0.000000
vn -0.298516 -0.954404 0.000000
vn -0.191710 -0.981452 0.000000
vn -0.191710 -0.981452 -0.000000
vn -0.082578 -0.996585 0.000000
vn -0.082578 -0.996585 -0.000000
vn 0.027553 -0.999620 0.000000
vn 0.137354 -0.990522 0.000000
vn 0.027553 -0.999620 0.000000
vn 0.137354 -0.990522 0.000000
vn 0.245485 -0.969400 0.000000
vn 0.245485 -0.969400 0.000000
vn 0.350640 -0.936510 0.000000
vn 0.350640 -0.936510 0.000000
vn 0.451532 -0.892255 0.000000
vn 0.451532 -0.892255 0.000000
vn 0.546951 -0.837165 0.000000
vn 0.635723 -0.771917 0.000000
vn 0.546951 -0.837165 0.000000
vn 0.635723 -0.771917 0.000000
vn 0.716780 -0.697299 0.000000
vn 0.716780 -0.697299 0.000000
vn 0.789133 -0.614222 0.000000
vn 0.789133 -0.614222 0.000000
vn 0.851924 -0.523665 0.000000
vn 0.851924 -0.523665 0.000000
vn 0.904355 -0.426782 0.000000
vn 0.904355 -0.426782 0.000000
vn 0.945822 -0.324686 0.000000
vn 0.945822 -0.324686 0.000000
vn 0.975794 -0.218692 0.000000
vn 0.975794 -0.218692 0.000000
vn 0.993930 -0.110017 0.000000
vn 0.993930 -0.110017 0.000000
vn 1.000000 0.000000 0.000000
vn 1.000000 0.000000 0.000000
vn 0.993930 0.110017 0.000000
vn 0.993930 0.110017 0.000000
vn 0.975794 0.218692 -0.000000
vn 0.975794 0.218692 0.000000
vn 0.945822 0.324686 0.000000
vn 0.945822 0.324686 0.000000
vn 0.904355 0.426781 0.000000
vn 0.904355 0.426781 0.000000
vn 0.851923 0.523666 0.000000
vn 0.851923 0.523666 0.000000
vn 0.789134 0.614221 0.000000
vn 0.789134 0.614221 0.000000
vn 0.716780 0.697299 0.000000
vn 0.716780 0.697299 0.000000
vn 0.635723 0.771917 0.000000
vn 0.635723 0.771917 0.000000
vn 0.546951 0.837165 0.000000
vn 0.546951 0.837165 0.000000
vn 0.451533 0.892254 0.000000
vn 0.451533 0.892254 0.000000
vn 0.350638 0.936511 0.000000
vn 0.350638 0.936511 0.000000
vn 0.245484 0.969401 -0.000000
vn 0.245484 0.969401 0.000000
vn 0.137354 0.990522 -0.000000
vn 0.137354 0.990522 0.000000
vn 0.027555 0.999620 0.000000
vn 0.027555 0.999620 0.000000
vn -0.082579 0.996585 0.000000
vn -0.082579 0.996585 0.000000
vn -0.191710 0.981452 0.000000
vn -0.191710 0.981452 0.000000
vn -0.298514 0.954405 0.000000
vn -0.298514 0.954405 0.000000
vn -0.401694 0.915774 0.000000
vn -0.401694 0.915774 0.000000
vn -0.499999 0.866026 0.000000
vn -0.499999 0.866026 0.000000
vn -0.592237 0.805764 0.000000
vn -0.677287 0.735719 0.000000
vn -0.592237 0.805764 0.000000
vn -0.677287 0.735719 0.000000
vn -0.754098 0.656762 0.000000
vn -0.754098 0.656762 0.000000
vn -0.821782 0.569802 0.000000
vn -0.821782 0.569802 0.000000
vn -0.879474 0.475948 0.000000
vn -0.879474 0.475948 0.000000
vn -0.926491 0.376316 0.000000
vn -0.926491 0.376316 0.000000
vn -0.962269 0.272100 0.000000
vn -0.962269 0.272100 0.000000
vn -0.986362 0.164593 0.000000
vn -0.986362 0.164593 0.000000
vn -0.998482 0.055074 0.000000
vn -0.998482 0.055074 0.000000
vn -0.998481 -0.055095 -0.000000
vn -0.998481 -0.055095 0.000000
vn -0.986362 -0.164593 -0.000000
vn -0.986362 -0.164593 0.000000
vn -0.962269 -0.272100 0.000000
vn -0.962269 -0.272100 0.000000
vn -0.926491 -0.376317 -0.000000
vn -0.926491 -0.376317 0.000000
vn -0.879474 -0.475947 -0.000000
vn -0.879474 -0.475947 0.000000
vn -0.821792 -0.569788 -0.000000
vn -0.821792 -0.569788 0.000000
vn -0.754098 -0.656762 -0.000000
vn -0.754098 -0.656762 0.000000
vn -0.677286 -0.735720 -0.000000
vn -0.677286 -0.735720 0.000000
vn -0.592228 -0.805770 -0.000000
vn -0.592228 -0.805770 0.000000
vn -0.499997 -0.866027 -0.000000
vn -0.499997 -0.866027 0.000000
vn -0.401702 -0.915770 -0.000000
vn -0.401702 -0.915770 0.000000
vn -0.298516 -0.954404 -0.000000
vn -0.298516 -0.954404 0.000000
vn -0.191710 -0.981452 0.000000
vn -0.191710 -0.981452 -0.000000
vn -0.082580 -0.996584 0.000000
vn -0.082580 -0.996584 -0.000000
vn 0.027553 -0.999620 0.000000
vn 0.027553 -0.999620 0.000000
vn 0.137351 -0.990522 0.000000
vn 0.137351 -0.990522 0.000000
vn 0.245490 -0.969399 0.000000
vn 0.245490 -0.969399 0.000000
vn 0.350632 -0.936513 0.000000
vn 0.350632 -0.936513 0.000000
vn 0.451532 -0.892255 0.000000
vn 0.451532 -0.892255 0.000000
vn 0.546951 -0.837165 0.000000
vn 0.546951 -0.837165 0.000000
vn 0.635734 -0.771908 0.000000
vn 0.635734 -0.771908 0.000000
vn 0.716769 -0.697310 0.000000
vn 0.716769 -0.697310 0.000000
vn 0.789154 -0.614195 0.000000
vn 0.789154 -0.614195 0.000000
vn 0.851915 -0.523681 0.000000
vn 0.851915 -0.523681 0.000000
vn 0.904355 -0.426782 0.000000
vn 0.904355 -0.426782 0.000000
vn 0.945822 -0.324686 0.000000
vn 0.945822 -0.324686 0.000000
vn 0.975794 -0.218692 0.000000
vn 0.975794 -0.218692 0.000000
vn 0.993930 -0.110017 0.000000
vn 0.993930 -0.110017 0.000000
vn 1.000000 0.000000 0.000000
vn 1.000000 0.000000 0.000000
vn 0.993930 0.110017 0.000000
vn 0.993930 0.110017 0.000000
vn 0.975794 0.218692 0.000000
vn 0.975794 0.218692 0.000000
vn 0.945822 0.324686 0.000000
vn 0.945822 0.324686 0.000000
vn 0.904355 0.426781 -0.000000
vn 0.904355 0.426781 0.000000
vn 0.851914 0.523682 -0.000000
vn 0.851914 0.523682 0.000000
vn 0.789155 0.614194 0.000000
vn 0.789155 0.614194 0.000000
vn 0.716769 0.697310 0.000000
vn 0.716769 0.697310 0.000000
vn 0.635734 0.771908 0.000000
vn 0.635734 0.771908 0.000000
vn 0.546951 0.837165 0.000000
vn 0.546951 0.837165 0.000000
vn 0.451533 0.892254 0.000000
vn 0.451533 0.892254 0.000000
vn 0.350631 0.936514 0.000000
vn 0.350631 0.936514 0.000000
vn 0.245489 0.969399 0.000000
vn 0.245489 0.969399 0.000000
vn 0.027554 0.999620 -0.000000
vn 0.137351 0.990522 0.000000
vn 0.137351 0.990522 0.000000
vn -0.082581 0.996584 0.000000
vn 0.027554 0.999620 0.000000
vn -0.082581 0.996584 0.000000
vn -0.191710 0.981452 0.000000
vn -0.298514 0.954405 0.000000
vn -0.191710 0.981452 0.000000
vn -0.298514 0.954405 0.000000
vn -0.401702 0.915770 0.000000
vn -0.401702 0.915770 0.000000
vn -0.499999 0.866026 0.000000
vn -0.499999 0.866026 0.000000
vn -0.592227 0.805771 0.000000
vn -0.592227 0.805771 0.000000
vn -0.677287 0.735719 0.000000
vn -0.677287 0.735719 0.000000
vn -0.754098 0.656762 0.000000
vn -0.754098 0.656762 0.000000
vn -0.821792 0.569787 0.000000
vn -0.821792 0.569787 0.000000
vn -0.879474 0.475948 0.000000
vn -0.879474 0.475948 0.000000
vn -0.926491 0.376316 0.000000
vn -0.926491 0.376316 0.000000
vn -0.962269 0.272100 0.000000
vn -0.962269 0.272100 0.000000
vn -0.986362 0.164593 0.000000
vn -0.986362 0.164593 0.000000
vn -0.998481 0.055095 0.000000
vn -0.998481 0.055095 0.000000
vn -0.999689 -0.024931 -0.000000
vn -0.999689 -0.024931 0.000000
vn -0.997204 -0.074729 0.000000
vn -0.997204 -0.074729 -0.000000
vn -0.992239 -0.124345 0.000000
vn -0.992239 -0.124345 -0.000000
vn -0.984808 -0.173647 0.000000
vn -0.984808 -0.173647 -0.000000
vn -0.974928 -0.222520 0.000000
vn -0.974928 -0.222520 -0.000000
vn -0.962625 -0.270838 0.000000
vn -0.962625 -0.270838 -0.000000
vn -0.947926 -0.318491 0.000000
vn -0.947926 -0.318491 -0.000000
vn -0.930874 -0.365340 0.000000
vn -0.930874 -0.365340 -0.000000
vn -0.911504 -0.411292 0.000000
vn -0.911504 -0.411292 -0.000000
vn -0.889874 -0.456207 0.000000
vn -0.889874 -0.456207 -0.000000
vn -0.866021 -0.500007 -0.000000
vn -0.866021 -0.500007 0.000000
vn -0.840031 -0.542539 -0.000000
vn -0.840031 -0.542539 0.000000
vn -0.811944 -0.583735 -0.000000
vn -0.811944 -0.583735 0.000000
vn -0.781825 -0.623498 0.000000
vn -0.781825 -0.623498 0.000000
vn -0.749771 -0.661697 -0.000000
vn -0.749771 -0.661697 0.000000
vn -0.715867 -0.698237 -0.000000
vn -0.715867 -0.698237 0.000000
vn -0.680198 -0.733029 -0.000000
vn -0.680198 -0.733029 0.000000
vn -0.642752 -0.766075 0.000000
vn -0.642752 -0.766075 0.000000
vn -0.603840 -0.797106 -0.000000
vn -0.603840 -0.797106 0.000000
vn -0.563317 -0.826241 0.000000
vn -0.563317 -0.826241 0.000000
vn -0.521401 -0.853312 -0.000000
vn -0.521401 -0.853312 0.000000
vn -0.478301 -0.878196 0.000000
vn -0.478301 -0.878196 0.000000
vn -0.433869 -0.900976 0.000000
vn -0.433869 -0.900976 -0.000000
vn -0.388423 -0.921481 0.000000
vn -0.388423 -0.921481 -0.000000
vn -0.341987 -0.939705 0.000000
vn -0.341987 -0.939705 -0.000000
vn -0.294775 -0.955567 0.000000
vn -0.294775 -0.955567 -0.000000
vn -0.246805 -0.969065 0.000000
vn -0.246805 -0.969065 -0.000000
vn -0.198077 -0.980186 0.000000
vn -0.198077 -0.980186 -0.000000
vn -0.149109 -0.988821 0.000000
vn -0.149109 -0.988821 -0.000000
vn -0.099535 -0.995034 0.000000
vn -0.099535 -0.995034 -0.000000
vn -0.049882 -0.998755 0.000000
vn -0.049882 -0.998755 -0.000000
vn 0.000000 -1.000000 0.000000
vn 0.049882 -0.998755 0.000000
vn -0.000000 -1.000000 -0.000000
vn 0.049882 -0.998755 0.000000
vn 0.099535 -0.995034 0.000000
vn 0.099535 -0.995034 0.000000
vn 0.149109 -0.988821 0.000000
vn 0.149109 -0.988821 0.000000
vn 0.198077 -0.980186 0.000000
vn 0.198077 -0.980186 0.000000
vn 0.246805 -0.969065 0.000000
vn 0.246805 -0.969065 0.000000
vn 0.294775 -0.955567 0.000000
vn 0.294775 -0.955567 0.000000
vn 0.341987 -0.939705 0.000000
vn 0.341987 -0.939705 0.000000
vn 0.388423 -0.921481 0.000000
vn 0.388423 -0.921481 0.000000
vn 0.433869 -0.900976 0.000000
vn 0.433869 -0.900976 0.000000
vn 0.478301 -0.878196 0.000000
vn 0.478301 -0.878196 0.000000
vn 0.521401 -0.853312 0.000000
vn 0.521401 -0.853312 0.000000
vn 0.563317 -0.826241 0.000000
vn 0.563317 -0.826241 0.000000
vn 0.603840 -0.797106 0.000000
vn 0.603840 -0.797106 0.000000
vn 0.642752 -0.766075 0.000000
vn 0.642752 -0.766075 0.000000
vn 0.680198 -0.733029 0.000000
vn 0.680198 -0.733029 0.000000
vn 0.715867 -0.698237 0.000000
vn 0.715867 -0.698237 0.000000
vn 0.749771 -0.661697 0.000000
vn 0.749771 -0.661697 0.000000
vn 0.781825 -0.623498 0.000000
vn 0.781825 -0.623498 0.000000
vn 0.811944 -0.583735 0.000000
vn 0.811944 -0.583735 0.000000
vn 0.840031 -0.542539 0.000000
vn 0.840031 -0.542539 0.000000
vn 0.866021 -0.500007 0.000000
vn 0.866021 -0.500007 0.000000
vn 0.889874 -0.456207 0.000000
vn 0.889874 -0.456207 0.000000
vn 0.911504 -0.411292 0.000000
vn 0.911504 -0.411292 0.000000
vn 0.930874 -0.365340 0.000000
vn 0.930874 -0.365340 0.000000
vn 0.947926 -0.318491 0.000000
vn 0.947926 -0.318491 0.000000
vn 0.962625 -0.270838 0.000000
vn 0.962625 -0.270838 0.000000
vn 0.974928 -0.222520 0.000000
vn 0.974928 -0.222520 0.000000
vn 0.984808 -0.173647 0.000000
vn 0.984808 -0.173647 0.000000
vn 0.992239 -0.124345 0.000000
vn 0.992239 -0.124345 0.000000
vn 0.997204 -0.074729 0.000000
vn 0.997204 -0.074729 0.000000
vn 0.999689 -0.024931 0.000000
vn 0.999689 -0.024931 0.000000
vn 0.999689 0.024931 0.000000
vn 0.999689 0.024931 0.000000
vn 0.997204 0.074729 0.000000
vn 0.997204 0.074729 0.000000
vn 0.992239 0.124345 0.000000
vn 0.992239 0.124345 0.000000
vn 0.984808 0.173647 0.000000
vn 0.984808 0.173647 0.000000
vn 0.974928 0.222520 0.000000
vn 0.974928 0.222520 0.000000
vn 0.962625 0.270838 0.000000
vn 0.962625 0.270838 0.000000
vn 0.947926 0.318491 0.000000
vn 0.947926 0.318491 0.000000
vn 0.930874 0.365340 0.000000
vn 0.930874 0.365340 0.000000
vn 0.911504 0.411292 0.000000
vn 0.911504 0.411292 0.000000
vn 0.889874 0.456207 0.000000
vn 0.889874 0.456207 0.000000
vn 0.866021 0.500007 -0.000000
vn 0.866021 0.500007 0.000000
vn 0.840031 0.542539 0.000000
vn 0.840031 0.542539 0.000000
vn 0.811931 0.583754 0.000000
vn 0.811931 0.583754 0.000000
vn 0.781840 0.623480 0.000000
vn 0.781840 0.623480 0.000000
vn 0.749771 0.661697 0.000000
vn 0.749771 0.661697 0.000000
vn 0.715867 0.698237 0.000000
vn 0.715867 0.698237 0.000000
vn 0.680177 0.733048 0.000000
vn 0.680177 0.733048 0.000000
vn 0.642797 0.766037 0.000000
vn 0.642797 0.766037 0.000000
vn 0.603791 0.797143 0.000000
vn 0.603791 0.797143 0.000000
vn 0.563343 0.826223 0.000000
vn 0.563343 0.826223 0.000000
vn 0.521429 0.853295 0.000000
vn 0.478242 0.878228 -0.000000
vn 0.521429 0.853295 0.000000
vn 0.478242 0.878228 0.000000
vn 0.433900 0.900961 0.000000
vn 0.433900 0.900961 0.000000
vn 0.388423 0.921481 0.000000
vn 0.388423 0.921481 0.000000
vn 0.342021 0.939692 0.000000
vn 0.342021 0.939692 0.000000
vn 0.294740 0.955577 0.000000
vn 0.294740 0.955577 0.000000
vn 0.246769 0.969074 0.000000
vn 0.246769 0.969074 0.000000
vn 0.198151 0.980172 0.000000
vn 0.198151 0.980172 0.000000
vn 0.149034 0.988832 0.000000
vn 0.149034 0.988832 0.000000
vn 0.099573 0.995030 0.000000
vn 0.099573 0.995030 0.000000
vn 0.049844 0.998757 0.000000
vn 0.049844 0.998757 0.000000
vn 0.000000 1.000000 0.000000
vn -0.000000 1.000000 0.000000
vn -0.049844 0.998757 0.000000
vn -0.049844 0.998757 0.000000
vn -0.099573 0.995030 0.000000
vn -0.099573 0.995030 0.000000
vn -0.149034 0.988832 0.000000
vn -0.149034 0.988832 0.000000
vn -0.198151 0.980172 0.000000
vn -0.198151 0.980172 0.000000
vn -0.246769 0.969074 0.000000
vn -0.246769 0.969074 0.000000
vn -0.294740 0.955577 0.000000
vn -0.294740 0.955577 0.000000
vn -0.342021 0.939692 0.000000
vn -0.342021 0.939692 0.000000
vn -0.388423 0.921481 0.000000
vn -0.388423 0.921481 0.000000
vn -0.433900 0.900961 0.000000
vn -0.433900 0.900961 0.000000
vn -0.478242 0.878228 0.000000
vn -0.478242 0.878228 0.000000
vn -0.521429 0.853295 0.000000
vn -0.521429 0.853295 0.000000
vn -0.563343 0.826223 0.000000
vn -0.563343 0.826223 0.000000
vn -0.603791 0.797143 0.000000
vn -0.603791 0.797143 0.000000
vn -0.642797 0.766037 0.000000
vn -0.642797 0.766037 0.000000
vn -0.680177 0.733048 0.000000
vn -0.680177 0.733048 0.000000
vn -0.715867 0.698237 0.000000
vn -0.715867 0.698237 0.000000
vn -0.749771 0.661697 0.000000
vn -0.749771 0.661697 0.000000
vn -0.781840 0.623480 0.000000
vn -0.781840 0.623480 0.000000
vn -0.811931 0.583754 0.000000
vn -0.811931 0.583754 0.000000
vn -0.840031 0.542539 0.000000
vn -0.840031 0.542539 0.000000
vn -0.866021 0.500007 0.000000
vn -0.866021 0.500007 0.000000
vn -0.889874 0.456207 0.000000
vn -0.889874 0.456207 0.000000
vn -0.911504 0.411292 0.000000
vn -0.911504 0.411292 0.000000
vn -0.930874 0.365340 0.000000
vn -0.930874 0.365340 0.000000
vn -0.947926 0.318491 0.000000
vn -0.947926 0.318491 0.000000
vn -0.962625 0.270838 0.000000
vn -0.962625 0.270838 0.000000
vn -0.974928 0.222520 0.000000
vn -0.974928 0.222520 0.000000
vn -0.984808 0.173647 0.000000
vn -0.984808 0.173647 0.000000
vn -0.992239 0.124345 0.000000
vn -0.992239 0.124345 0.000000
vn -0.997204 0.074729 0.000000
vn -0.997204 0.074729 0.000000
vn -0.999689 0.024931 0.000000
vn -0.999689 0.024931 0.000000
vn -0.998482 -0.055073 -0.000000
vn -0.998482 -0.055073 0.000000
vn -0.986362 -0.164594 -0.000000
vn -0.986362 -0.164594 0.000000
vn -0.962269 -0.272099 -0.000000
vn -0.962269 -0.272099 0.000000
vn -0.926491 -0.376318 -0.000000
vn -0.926491 -0.376318 0.000000
vn -0.879474 -0.475946 -0.000000
vn -0.879474 -0.475946 0.000000
vn -0.821781 -0.569804 0.000000
vn -0.821781 -0.569804 0.000000
vn -0.754098 -0.656762 -0.000000
vn -0.754098 -0.656762 0.000000
vn -0.677289 -0.735717 -0.000000
vn -0.677289 -0.735717 0.000000
vn -0.592233 -0.805766 -0.000000
vn -0.592233 -0.805766 0.000000
vn -0.500007 -0.866021 -0.000000
vn -0.500007 -0.866021 0.000000
vn -0.401680 -0.915780 -0.000000
vn -0.401680 -0.915780 0.000000
vn -0.298521 -0.954403 -0.000000
vn -0.298521 -0.954403 0.000000
vn -0.191707 -0.981452 0.000000
vn -0.191707 -0.981452 -0.000000
vn -0.082578 -0.996585 0.000000
vn -0.082578 -0.996585 -0.000000
vn 0.027548 -0.999620 0.000000
vn 0.137348 -0.990523 0.000000
vn 0.027548 -0.999620 0.000000
vn 0.137348 -0.990523 0.000000
vn 0.245503 -0.969396 0.000000
vn 0.245503 -0.969396 0.000000
vn 0.350632 -0.936513 0.000000
vn 0.350632 -0.936513 0.000000
vn 0.451536 -0.892253 0.000000
vn 0.451536 -0.892253 0.000000
vn 0.546943 -0.837170 0.000000
vn 0.635725 -0.771915 0.000000
vn 0.546943 -0.837170 0.000000
vn 0.635725 -0.771915 0.000000
vn 0.716778 -0.697302 0.000000
vn 0.716778 -0.697302 0.000000
vn 0.789134 -0.614221 0.000000
vn 0.789134 -0.614221 0.000000
vn 0.851923 -0.523666 0.000000
vn 0.851923 -0.523666 0.000000
vn 0.904356 -0.426778 0.000000
vn 0.904356 -0.426778 0.000000
vn 0.945821 -0.324687 0.000000
vn 0.945821 -0.324687 0.000000
vn 0.975794 -0.218692 0.000000
vn 0.975794 -0.218692 0.000000
vn 0.993930 -0.110017 0.000000
vn 0.993930 -0.110017 0.000000
vn 1.000000 0.000000 0.000000
vn 1.000000 0.000000 0.000000
vn 0.993930 0.110017 0.000000
vn 0.993930 0.110017 0.000000
vn 0.975794 0.218692 -0.000000
vn 0.975794 0.218692 0.000000
vn 0.945821 0.324687 0.000000
vn 0.945821 0.324687 0.000000
vn 0.904356 0.426778 0.000000
vn 0.904356 0.426778 0.000000
vn 0.851923 0.523666 0.000000
vn 0.851923 0.523666 0.000000
vn 0.789134 0.614221 0.000000
vn 0.789134 0.614221 0.000000
vn 0.716778 0.697302 0.000000
vn 0.716778 0.697302 0.000000
vn 0.635725 0.771915 0.000000
vn 0.635725 0.771915 0.000000
vn 0.546951 0.837165 0.000000
vn 0.546951 0.837165 0.000000
vn 0.451528 0.892257 0.000000
vn 0.451528 0.892257 0.000000
vn 0.350642 0.936510 0.000000
vn 0.350642 0.936510 0.000000
vn 0.245483 0.969401 -0.000000
vn 0.245483 0.969401 0.000000
vn 0.137359 0.990521 -0.000000
vn 0.137359 0.990521 0.000000
vn 0.027548 0.999620 0.000000
vn 0.027548 0.999620 0.000000
vn -0.082578 0.996585 0.000000
vn -0.082578 0.996585 0.000000
vn -0.191707 0.981452 0.000000
vn -0.191707 0.981452 0.000000
vn -0.298512 0.954406 0.000000
vn -0.298512 0.954406 0.000000
vn -0.401698 0.915772 0.000000
vn -0.401698 0.915772 0.000000
vn -0.499999 0.866026 0.000000
vn -0.499999 0.866026 0.000000
vn -0.592233 0.805766 0.000000
vn -0.677289 0.735717 0.000000
vn -0.592233 0.805766 0.000000
vn -0.677289 0.735717 0.000000
vn -0.754098 0.656762 0.000000
vn -0.754098 0.656762 0.000000
vn -0.821781 0.569804 0.000000
vn -0.821781 0.569804 0.000000
vn -0.879474 0.475946 0.000000
vn -0.879474 0.475946 0.000000
vn -0.926491 0.376318 0.000000
vn -0.926491 0.376318 0.000000
vn -0.962269 0.272099 0.000000
vn -0.962269 0.272099 0.000000
vn -0.986362 0.164594 0.000000
vn -0.986362 0.164594 0.000000
vn -0.998482 0.055073 0.000000
vn -0.998482 0.055073 0.000000
vn -0.998481 -0.055095 -0.000000
vn -0.998481 -0.055095 0.000000
vn -0.986362 -0.164594 -0.000000
vn -0.986362 -0.164594 0.000000
vn -0.962269 -0.272099 -0.000000
vn -0.962269 -0.272099 0.000000
vn -0.926491 -0.376318 -0.000000
vn -0.926491 -0.376318 0.000000
vn -0.879474 -0.475946 -0.000000
vn -0.879474 -0.475946 0.000000
vn -0.821791 -0.569789 0.000000
vn -0.821791 -0.569789 0.000000
vn -0.754098 -0.656762 -0.000000
vn -0.754098 -0.656762 0.000000
vn -0.677289 -0.735717 -0.000000
vn -0.677289 -0.735717 0.000000
vn -0.592223 -0.805774 -0.000000
vn -0.592223 -0.805774 0.000000
vn -0.500007 -0.866021 -0.000000
vn -0.500007 -0.866021 0.000000
vn -0.401688 -0.915776 -0.000000
vn -0.401688 -0.915776 0.000000
vn -0.298521 -0.954403 -0.000000
vn -0.298521 -0.954403 0.000000
vn -0.191707 -0.981452 0.000000
vn -0.191707 -0.981452 -0.000000
vn -0.082580 -0.996584 0.000000
vn -0.082580 -0.996584 -0.000000
vn 0.027547 -0.999620 0.000000
vn 0.137345 -0.990523 0.000000
vn 0.027547 -0.999620 0.000000
vn 0.137345 -0.990523 0.000000
vn 0.245508 -0.969395 0.000000
vn 0.245508 -0.969395 0.000000
vn 0.350625 -0.936516 0.000000
vn 0.350625 -0.936516 0.000000
vn 0.451536 -0.892253 0.000000
vn 0.451536 -0.892253 0.000000
vn 0.546943 -0.837170 0.000000
vn 0.635736 -0.771907 0.000000
vn 0.546943 -0.837170 0.000000
vn 0.635736 -0.771907 0.000000
vn 0.716767 -0.697313 0.000000
vn 0.716767 -0.697313 0.000000
vn 0.789155 -0.614194 0.000000
vn 0.789155 -0.614194 0.000000
vn 0.851914 -0.523682 0.000000
vn 0.851914 -0.523682 0.000000
vn 0.904356 -0.426778 0.000000
vn 0.904356 -0.426778 0.000000
vn 0.945821 -0.324687 0.000000
vn 0.945821 -0.324687 0.000000
vn 0.975794 -0.218692 0.000000
vn 0.975794 -0.218692 0.000000
vn 0.993930 -0.110017 0.000000
vn 0.993930 -0.110017 0.000000
vn 1.000000 0.000000 0.000000
vn 1.000000 0.000000 0.000000
vn 0.993930 0.110017 0.000000
vn 0.993930 0.110017 0.000000
vn 0.975794 0.218692 -0.000000
vn 0.975794 0.218692 0.000000
vn 0.945821 0.324687 0.000000
vn 0.945821 0.324687 0.000000
vn 0.904356 0.426778 0.000000
vn 0.904356 0.426778 0.000000
vn 0.851914 0.523682 0.000000
vn 0.851914 0.523682 0.000000
vn 0.789155 0.614194 0.000000
vn 0.789155 0.614194 0.000000
vn 0.716767 0.697313 0.000000
vn 0.716767 0.697313 0.000000
vn 0.635736 0.771907 0.000000
vn 0.635736 0.771907 0.000000
vn 0.546951 0.837165 0.000000
vn 0.546951 0.837165 0.000000
vn 0.451528 0.892257 0.000000
vn 0.451528 0.892257 0.000000
vn 0.350635 0.936512 0.000000
vn 0.350635 0.936512 0.000000
vn 0.245488 0.969400 -0.000000
vn 0.245488 0.969400 0.000000
vn 0.137356 0.990522 -0.000000
vn 0.137356 0.990522 0.000000
vn 0.027547 0.999620 0.000000
vn 0.027547 0.999620 0.000000
vn -0.082580 0.996584 0.000000
vn -0.082580 0.996584 0.000000
vn -0.191707 0.981452 0.000000
vn -0.191707 0.981452 0.000000
vn -0.298512 0.954406 0.000000
vn -0.298512 0.954406 0.000000
vn -0.401706 0.915769 0.000000
vn -0.401706 0.915769 0.000000
vn -0.499999 0.866026 0.000000
vn -0.499999 0.866026 0.000000
vn -0.592223 0.805774 0.000000
vn -0.677289 0.735717 0.000000
vn -0.592223 0.805774 0.000000
vn -0.677289 0.735717 0.000000
vn -0.754098 0.656762 0.000000
vn -0.754098 0.656762 0.000000
vn -0.821791 0.569789 0.000000
vn -0.821791 0.569789 0.000000
vn -0.879474 0.475946 0.000000
vn -0.879474 0.475946 0.000000
vn -0.926491 0.376318 0.000000
vn -0.926491 0.376318 0.000000
vn -0.962269 0.272099 0.000000
vn -0.962269 0.272099 0.000000
vn -0.986362 0.164594 0.000000
vn -0.986362 0.164594 0.000000
vn -0.998481 0.055095 0.000000
vn -0.998481 0.055095 0.000000
vn 0.000000 0.000000 1.000000
vn 0.000000 0.000000 1.000000
vn 0.000000 0.000000 1.000000
vn 0.000000 0.000000 1.000000
vn 0.000000 0.000000 1.000000
vn 0.000000 0.000000 1.000000
vn 0.000000 0.000000 1.000000
vn 0.000000 0.000000 1.000000
vn 0.000000 0.000000 1.000000
vn 0.000000 0.000000 1.000000
vn 0.000000 0.000000 1.000000
vn 0.000000 0.000000 1.000000
vn 0.000000 0.000000 1.000000
vn 0.000000 0.000000 1.000000
vn 0.000000 0.000000 1.000000
vn 0.000000 0.000000 1.000000
vn 0.000000 0.000000 1.000000
vn 0.000000 0.000000 1.000000
vn 0.000000 0.000000 1.000000
vn 0.000000 0.000000 1.000000
vn 0.000000 0.000000 1.000000
vn 0.000000 0.000000 1.000000
vn 0.000000 0.000000 1.000000
vn 0.000000 0.000000 1.000000
vn 0.000000 0.000000 1.000000
vn 0.000000 0.000000 1.000000
vn 0.000000 0.000000 1.000000
vn 0.000000 0.000000 1.000000
vn 0.000000 0.000000 1.000000
vn 0.000000 0.000000 1.000000
vn 0.000000 0.000000 1.000000
vn 0.000000 0.000000 1.000000
vn 0.000000 0.000000 1.000000
vn 0.000000 0.000000 1.000000
vn 0.000000 0.000000 1.000000
vn 0.000000 0.000000 1.000000
vn 0.000000 0.000000 1.000000
vn 0.000000 0.000000 1.000000
vn 0.000000 0.000000 1.000000
vn 0.000000 0.000000 1.000000
vn 0.000000 0.000000 1.000000
vn 0.000000 0.000000 1.000000
vn 0.000000 0.000000 1.000000
vn 0.000000 0.000000 1.000000
vn 0.000000 0.000000 1.000000
vn 0.000000 0.000000 1.000000
vn 0.000000 0.000000 1.000000
vn 0.000000 0.000000 1.000000
vn 0.000000 0.000000 1.000000
vn 0.000000 0.000000 1.000000
vn 0.000000 0.000000 1.000000
vn 0.000000 0.000000 1.000000
vn 0.000000 0.000000 1.000000
vn 0.000000 0.000000 1.000000
vn 0.000000 0.000000 1.000000
vn 0.000000 0.000000 1.000000
vn 0.000000 0.000000 1.000000
vn 0.000000 0.000000 1.000000
vn 0.000000 0.000000 1.000000
vn 0.000000 0.000000 1.000000
vn 0.000000 0.000000 1.000000
vn 0.000000 0.000000 1.000000
vn 0.000000 0.000000 1.000000
vn 0.000000 0.000000 1.000000
vn 0.000000 0.000000 1.000000
vn 0.000000 0.000000 1.000000
vn 0.000000 0.000000 1.000000
vn 0.000000 0.000000 1.000000
vn 0.000000 0.000000 1.000000
vn 0.000000 0.000000 1.000000
vn 0.000000 0.000000 1.000000
vn 0.000000 0.000000 1.000000
vn 0.000000 0.000000 1.000000
vn 0.000000 0.000000 1.000000
vn 0.000000 0.000000 1.000000
vn 0.000000 0.000000 1.000000
vn 0.000000 0.000000 1.000000
vn 0.000000 0.000000 1.000000
vn 0.000000 0.000000 1.000000
vn 0.000000 0.000000 1.000000
vn 0.000000 0.000000 1.000000
vn 0.000000 0.000000 1.000000
vn 0.000000 0.000000 1.000000
vn 0.000000 0.000000 1.000000
vn 0.000000 0.000000 1.000000
vn 0.000000 0.000000 1.000000
vn 0.000000 0.000000 1.000000
vn 0.000000 0.000000 1.000000
vn 0.000000 0.000000 1.000000
vn 0.000000 0.000000 1.000000
vn 0.000000 0.000000 1.000000
vn 0.000000 0.000000 1.000000
vn 0.000000 0.000000 1.000000
vn 0.000000 0.000000 1.000000
vn 0.000000 0.000000 1.000000
vn 0.000000 0.000000 1.000000
vn 0.000000 0.000000 1.000000
vn 0.000000 0.000000 1.000000
vn 0.000000 0.000000 1.000000
vn 0.000000 0.000000 1.000000
vn 0.000000 0.000000 1.000000
vn 0.000000 0.000000 1.000000
vn 0.000000 0.000000 1.000000
vn 0.000000 0.000000 1.000000
vn 0.000000 0.000000 1.000000
vn 0.000000 0.000000 1.000000
vn 0.000000 0.000000 1.000000
vn 0.000000 0.000000 1.000000
vn 0.000000 0.000000 1.000000
vn 0.000000 0.000000 1.000000
vn 0.000000 0.000000 1.000000
vn 0.000000 0.000000 1.000000
vn 0.000000 0.000000 1.000000
vn 0.000000 0.000000 1.000000
vn 0.000000 0.000000 1.000000
vn 0.000000 0.000000 1.000000
vn 0.000000 0.000000 1.000000
vn 0.000000 0.000000 1.000000
vn 0.000000 0.000000 1.000000
vn 0.000000 0.000000 1.000000
vn 0.000000 0.000000 1.000000
vn 0.000000 0.000000 1.000000
vn 0.000000 0.000000 1.000000
vn 0.000000 0.000000 1.000000
vn 0.000000 0.000000 1.000000
vn 0.000000 0.000000 1.000000
vn 0.000000 0.000000 1.000000
vn 0.000000 0.000000 1.000000
vn 0.000000 0.000000 1.000000
vn 0.000000 0.000000 1.000000
vn 0.000000 0.000000 1.000000
vn 0.000000 0.000000 1.000000
vn 0.000000 0.000000 1.000000
vn 0.000000 0.000000 1.000000
vn 0.000000 0.000000 1.000000
vn 0.000000 0.000000 1.000000
vn 0.000000 0.000000 1.000000
vn 0.000000 0.000000 1.000000
vn 0.000000 0.000000 1.000000
vn 0.000000 0.000000 1.000000
vn 0.000000 0.000000 1.000000
vn 0.000000 0.000000 1.000000
vn 0.000000 0.000000 1.000000
vn 0.000000 0.000000 1.000000
vn 0.000000 0.000000 1.000000
vn 0.000000 0.000000 1.000000
vn 0.000000 0.000000 1.000000
vn 0.000000 0.000000 1.000000
vn 0.000000 0.000000 1.000000
vn 0.000000 0.000000 1.000000
vn 0.000000 0.000000 1.000000
vn 0.000000 0.000000 1.000000
vn 0.000000 0.000000 1.000000
vn 0.000000 0.000000 1.000000
vn 0.000000 0.000000 1.000000
vn 0.000000 0.000000 1.000000
vn 0.000000 0.000000 1.000000
vn 0.000000 0.000000 1.000000
vn 0.000000 0.000000 1.000000
vn 0.000000 0.000000 1.000000
vn 0.000000 0.000000 1.000000
vn 0.000000 0.000000 1.000000
vn 0.000000 0.000000 1.000000
vn 0.000000 0.000000 1.000000
vn 0.000000 0.000000 1.000000
vn 0.000000 0.000000 1.000000
vn 0.000000 0.000000 1.000000
vn 0.000000 0.000000 1.000000
vn 0.000000 0.000000 1.000000
vn 0.000000 0.000000 1.000000
vn 0.000000 0.000000 1.000000
vn 0.000000 0.000000 1.000000
vn 0.000000 0.000000 1.000000
vn 0.000000 0.000000 1.000000
vn 0.000000 0.000000 1.000000
vn 0.000000 0.000000 1.000000
vn 0.000000 0.000000 1.000000
vn 0.000000 0.000000 1.000000
vn 0.000000 0.000000 1.000000
vn 0.000000 0.000000 1.000000
vn 0.000000 0.000000 1.000000
vn 0.000000 0.000000 1.000000
vn 0.000000 0.000000 1.000000
vn 0.000000 0.000000 1.000000
vn 0.000000 0.000000 1.000000
vn 0.000000 0.000000 1.000000
vn 0.000000 0.000000 1.000000
vn 0.000000 0.000000 1.000000
vn 0.000000 0.000000 1.000000
vn 0.000000 0.000000 1.000000
vn 0.000000 0.000000 1.000000
vn 0.000000 0.000000 1.000000
vn 0.000000 0.000000 1.000000
vn 0.000000 0.000000 1.000000
vn 0.000000 0.000000 1.000000
vn 0.000000 0.000000 1.000000
vn 0.000000 0.000000 1.000000
vn 0.000000 0.000000 1.000000
vn 0.000000 0.000000 1.000000
vn 0.000000 0.000000 1.000000
vn 0.000000 0.000000 1.000000
vn 0.000000 0.000000 1.000000
vn 0.000000 0.000000 1.000000
vn 0.000000 0.000000 1.000000
vn 0.000000 0.000000 1.000000
vn 0.000000 0.000000 1.000000
vn 0.000000 0.000000 1.000000
vn 0.000000 0.000000 1.000000
vn 0.000000 0.000000 1.000000
vn 0.000000 0.000000 1.000000
vn 0.000000 0.000000 1.000000
vn 0.000000 0.000000 1.000000
vn 0.000000 0.000000 1.000000
vn 0.000000 0.000000 1.000000
vn 0.000000 0.000000 1.000000
vn 0.000000 0.000000 1.000000
vn 0.000000 0.000000 1.000000
vn 0.000000 0.000000 1.000000
vn 0.000000 0.000000 1.000000
vn 0.000000 0.000000 1.000000
vn 0.000000 0.000000 1.000000
vn 0.000000 0.000000 1.000000
vn 0.000000 0.000000 1.000000
vn 0.000000 0.000000 1.000000
vn 0.000000 0.000000 1.000000
vn 0.000000 0.000000 1.000000
vn 0.000000 0.000000 1.000000
vn 0.000000 0.000000 1.000000
vn 0.000000 0.000000 1.000000
vn 0.000000 0.000000 1.000000
vn 0.000000 0.000000 1.000000
vn 0.000000 0.000000 1.000000
vn 0.000000 0.000000 1.000000
vn 0.000000 0.000000 1.000000
vn 0.000000 0.000000 1.000000
vn 0.000000 0.000000 1.000000
vn 0.000000 0.000000 1.000000
vn 0.000000 0.000000 1.000000
vn 0.000000 0.000000 1.000000
vn 0.000000 0.000000 1.000000
vn 0.000000 0.000000 1.000000
vn 0.000000 0.000000 1.000000
vn 0.000000 0.000000 1.000000
vn 0.000000 0.000000 1.000000
vn 0.000000 0.000000 1.000000
vn 0.000000 0.000000 1.000000
vn 0.000000 0.000000 1.000000
vn 0.000000 0.000000 1.000000
vn 0.000000 0.000000 1.000000
vn 0.000000 0.000000 1.000000
vn 0.000000 0.000000 1.000000
vn 0.000000 0.000000 1.000000
vn 0.000000 0.000000 1.000000
vn 0.000000 0.000000 1.000000
vn 0.000000 0.000000 1.000000
vn 0.000000 0.000000 1.000000
vn 0.000000 0.000000 1.000000
vn 0.000000 0.000000 1.000000
vn 0.000000 0.000000 1.000000
vn 0.000000 0.000000 1.000000
vn 0.000000 0.000000 1.000000
vn 0.000000 0.000000 1.000000
vn 0.000000 0.000000 1.000000
vn 0.000000 0.000000 1.000000
vn 0.000000 0.000000 1.000000
vn 0.000000 0.000000 1.000000
vn 0.000000 0.000000 1.000000
vn 0.000000 0.000000 1.000000
vn 0.000000 0.000000 1.000000
vn 0.000000 0.000000 1.000000
vn 0.000000 0.000000 1.000000
vn 0.000000 0.000000 1.000000
vn 0.000000 0.000000 1.000000
vn 0.000000 0.000000 1.000000
vn 0.000000 0.000000 1.000000
vn 0.000000 0.000000 1.000000
vn 0.000000 0.000000 1.000000
vn 0.000000 0.000000 1.000000
vn 0.000000 0.000000 1.000000
vn 0.000000 0.000000 1.000000
vn 0.000000 0.000000 1.000000
vn 0.000000 0.000000 1.000000
vn 0.000000 0.000000 1.000000
vn 0.000000 0.000000 1.000000
vn 0.000000 0.000000 1.000000
vn 0.000000 0.000000 1.000000
vn 0.000000 0.000000 1.000000
vn 0.000000 0.000000 1.000000
vn 0.000000 0.000000 1.000000
vn 0.000000 0.000000 1.000000
vn 0.000000 0.000000 1.000000
vn 0.000000 0.000000 1.000000
vn 0.000000 0.000000 1.000000
vn 0.000000 0.000000 1.000000
vn 0.000000 0.000000 1.000000
vn 0.000000 0.000000 1.000000
vn 0.000000 0.000000 1.000000
vn 0.000000 0.000000 1.000000
vn 0.000000 0.000000 1.000000
vn 0.000000 0.000000 1.000000
vn 0.000000 0.000000 1.000000
vn 0.000000 0.000000 1.000000
vn 0.000000 0.000000 1.000000
vn 0.000000 0.000000 1.000000
vn 0.000000 0.000000 1.000000
vn 0.000000 0.000000 1.000000
vn 0.000000 0.000000 1.000000
vn 0.000000 0.000000 1.000000
vn 0.000000 0.000000 1.000000
vn 0.000000 0.000000 1.000000
vn 0.000000 0.000000 1.000000
vn 0.000000 0.000000 1.000000
vn 0.000000 0.000000 1.000000
vn 0.000000 0.000000 1.000000
vn 0.000000 0.000000 1.000000
vn 0.000000 0.000000 1.000000
vn 0.000000 0.000000 1.000000
vn 0.000000 0.000000 1.000000
vn 0.000000 0.000000 1.000000
vn 0.000000 0.000000 1.000000
vn 0.000000 0.000000 1.000000
vn 0.000000 0.000000 1.000000
vn 0.000000 0.000000 1.000000
vn 0.000000 0.000000 1.000000
vn 0.000000 0.000000 1.000000
vn 0.000000 0.000000 1.000000
vn 0.000000 0.000000 1.000000
vn 0.000000 0.000000 1.000000
vn 0.000000 0.000000 1.000000
vn 0.000000 0.000000 1.000000
vn 0.000000 0.000000 1.000000
vn 0.000000 0.000000 1.000000
vn 0.000000 0.000000 1.000000
vn 0.000000 0.000000 1.000000
vn 0.000000 0.000000 1.000000
vn 0.000000 0.000000 1.000000
vn 0.000000 0.000000 1.000000
vn 0.000000 0.000000 1.000000
vn 0.000000 0.000000 1.000000
vn 0.000000 0.000000 1.000000
vn 0.000000 0.000000 1.000000
vn 0.000000 0.000000 1.000000
vn 0.000000 0.000000 1.000000
vn 0.000000 0.000000 1.000000
vn 0.000000 0.000000 1.000000
vn 0.000000 0.000000 1.000000
vn 0.000000 0.000000 1.000000
vn 0.000000 0.000000 1.000000
vn 0.000000 0.000000 1.000000
vn 0.000000 0.000000 1.000000
vn 0.000000 0.000000 1.000000
vn 0.000000 0.000000 1.000000
vn 0.000000 0.000000 1.000000
vn 0.000000 0.000000 1.000000
vn 0.000000 0.000000 1.000000
vn 0.000000 0.000000 1.000000
vn 0.000000 0.000000 1.000000
vn 0.000000 0.000000 1.000000
vn 0.000000 0.000000 1.000000
vn 0.000000 0.000000 1.000000
vn 0.000000 0.000000 1.000000
vn 0.000000 0.000000 1.000000
vn 0.000000 0.000000 1.000000
vn 0.000000 0.000000 1.000000
vn 0.000000 0.000000 1.000000
vn 0.000000 0.000000 1.000000
vn 0.000000 0.000000 1.000000
vn 0.000000 0.000000 1.000000
vn 0.000000 0.000000 1.000000
vn 0.000000 0.000000 1.000000
vn 0.000000 0.000000 1.000000
vn 0.000000 0.000000 1.000000
vn 0.000000 0.000000 1.000000
vn 0.000000 0.000000 1.000000
vn 0.000000 0.000000 1.000000
vn 0.000000 0.000000 1.000000
vn 0.000000 0.000000 1.000000
vn 0.000000 0.000000 1.000000
vn 0.000000 0.000000 1.000000
vn 0.000000 0.000000 1.000000
vn 0.000000 0.000000 1.000000
vn 0.000000 0.000000 1.000000
vn 0.000000 0.000000 1.000000
vn 0.000000 0.000000 1.000000
vn 0.000000 0.000000 1.000000
vn 0.000000 0.000000 1.000000
vn 0.000000 0.000000 1.000000
vn 0.000000 0.000000 1.000000
vn 0.000000 0.000000 1.000000
vn 0.000000 0.000000 1.000000
vn 0.000000 0.000000 1.000000
vn 0.000000 0.000000 1.000000
vn 0.000000 0.000000 1.000000
vn 0.000000 0.000000 1.000000
vn 0.000000 0.000000 1.000000
vn 0.000000 0.000000 1.000000
vn -0.998369 -0.057090 -0.000000
vn -0.998369 -0.057090 0.000000
vn -0.985354 -0.170521 -0.000000
vn -0.985354 -0.170521 0.000000
vn -0.959493 -0.281732 -0.000000
vn -0.959493 -0.281732 0.000000
vn -0.921123 -0.389271 -0.000000
vn -0.921123 -0.389271 0.000000
vn -0.870746 -0.491733 -0.000000
vn -0.870746 -0.491733 0.000000
vn -0.809017 -0.587786 -0.000000
vn -0.809017 -0.587786 0.000000
vn -0.736742 -0.676174 -0.000000
vn -0.736742 -0.676174 0.000000
vn -0.654861 -0.755749 -0.000000
vn -0.654861 -0.755749 0.000000
vn -0.564443 -0.825472 -0.000000
vn -0.564443 -0.825472 0.000000
vn -0.466667 -0.884433 -0.000000
vn -0.466667 -0.884433 0.000000
vn -0.362807 -0.931864 -0.000000
vn -0.362807 -0.931864 0.000000
vn -0.254218 -0.967147 -0.000000
vn -0.254218 -0.967147 0.000000
vn -0.142315 -0.989821 0.000000
vn -0.142315 -0.989821 -0.000000
vn -0.028556 -0.999592 0.000000
vn -0.028556 -0.999592 0.000000
vn 0.085575 -0.996332 0.000000
vn 0.085575 -0.996332 0.000000
vn 0.198590 -0.980083 0.000000
vn 0.198590 -0.980083 0.000000
vn 0.309017 -0.951056 0.000000
vn 0.309017 -0.951056 0.000000
vn 0.415415 -0.909632 0.000000
vn 0.415415 -0.909632 0.000000
vn 0.516398 -0.856349 0.000000
vn 0.516398 -0.856349 0.000000
vn 0.610647 -0.791903 0.000000
vn 0.610647 -0.791903 0.000000
vn 0.696938 -0.717131 0.000000
vn 0.696938 -0.717131 0.000000
vn 0.774141 -0.633013 0.000000
vn 0.774141 -0.633013 0.000000
vn 0.841253 -0.540642 0.000000
vn 0.841253 -0.540642 0.000000
vn 0.897398 -0.441221 0.000000
vn 0.897398 -0.441221 0.000000
vn 0.941845 -0.336048 0.000000
vn 0.941845 -0.336048 0.000000
vn 0.974012 -0.226498 0.000000
vn 0.974012 -0.226498 0.000000
vn 0.993482 -0.113991 0.000000
vn 0.993482 -0.113991 0.000000
vn 1.000000 0.000000 -0.000000
vn 1.000000 0.000000 0.000000
vn 0.993482 0.113991 0.000000
vn 0.993482 0.113991 0.000000
vn 0.974012 0.226498 0.000000
vn 0.974012 0.226498 0.000000
vn 0.941845 0.336048 0.000000
vn 0.941845 0.336048 0.000000
vn 0.897398 0.441221 0.000000
vn 0.897398 0.441221 0.000000
vn 0.841253 0.540641 0.000000
vn 0.841253 0.540641 0.000000
vn 0.774141 0.633013 -0.000000
vn 0.774141 0.633013 0.000000
vn 0.696938 0.717132 0.000000
vn 0.696938 0.717132 0.000000
vn 0.610648 0.791902 -0.000000
vn 0.610648 0.791902 0.000000
vn 0.516399 0.856348 0.000000
vn 0.516399 0.856348 0.000000
vn 0.415414 0.909632 0.000000
vn 0.415414 0.909632 0.000000
vn 0.309017 0.951056 0.000000
vn 0.309017 0.951056 0.000000
vn 0.198590 0.980083 0.000000
vn 0.198590 0.980083 0.000000
vn 0.085576 0.996332 0.000000
vn 0.085576 0.996332 0.000000
vn -0.028557 0.999592 0.000000
vn -0.028557 0.999592 0.000000
vn -0.142315 0.989821 0.000000
vn -0.142315 0.989821 0.000000
vn -0.254218 0.967147 0.000000
vn -0.254218 0.967147 0.000000
vn -0.362807 0.931864 0.000000
vn -0.362807 0.931864 0.000000
vn -0.466667 0.884433 0.000000
vn -0.564443 0.825472 0.000000
vn -0.466667 0.884433 0.000000
vn -0.564443 0.825472 0.000000
vn -0.654861 0.755749 0.000000
vn -0.654861 0.755749 0.000000
vn -0.736741 0.676175 0.000000
vn -0.736741 0.676175 0.000000
vn -0.809017 0.587785 0.000000
vn -0.809017 0.587785 0.000000
vn -0.870746 0.491733 0.000000
vn -0.870746 0.491733 0.000000
vn -0.921123 0.389271 0.000000
vn -0.921123 0.389271 0.000000
vn -0.959493 0.281732 0.000000
vn -0.985354 0.170522 0.000000
vn -0.959493 0.281732 0.000000
vn -0.985354 0.170522 0.000000
vn -0.998369 0.057090 0.000000
vn -0.998369 0.057090 0.000000
vn -0.996399 -0.084790 -0.000000
vn -0.996399 -0.084790 0.000000
vn -0.967731 -0.251986 0.000000
vn -0.967731 -0.251986 -0.000000
vn -0.911231 -0.411896 0.000000
vn -0.911231 -0.411896 -0.000000
vn -0.828510 -0.559975 0.000000
vn -0.828510 -0.559975 -0.000000
vn -0.721951 -0.691945 0.000000
vn -0.721951 -0.691945 -0.000000
vn -0.594632 -0.803998 -0.000000
vn -0.594632 -0.803998 0.000000
vn -0.450203 -0.892926 -0.000000
vn -0.450203 -0.892926 0.000000
vn -0.292822 -0.956167 -0.000000
vn -0.292822 -0.956167 0.000000
vn -0.127020 -0.991900 -0.000000
vn -0.127020 -0.991900 0.000000
vn 0.042442 -0.999099 0.000000
vn 0.042442 -0.999099 0.000000
vn 0.210674 -0.977556 0.000000
vn 0.210674 -0.977556 0.000000
vn 0.372860 -0.927888 0.000000
vn 0.372860 -0.927888 0.000000
vn 0.524300 -0.851533 0.000000
vn 0.524300 -0.851533 0.000000
vn 0.660685 -0.750663 0.000000
vn 0.660685 -0.750663 0.000000
vn 0.778040 -0.628215 0.000000
vn 0.778040 -0.628215 0.000000
vn 0.872997 -0.487725 0.000000
vn 0.872997 -0.487725 0.000000
vn 0.942880 -0.333134 0.000000
vn 0.942880 -0.333134 0.000000
vn 0.985617 -0.168996 0.000000
vn 0.985617 -0.168996 0.000000
vn 1.000000 0.000000 0.000000
vn 1.000000 0.000000 0.000000
vn 0.985617 0.168996 0.000000
vn 0.942880 0.333134 -0.000000
vn 0.985617 0.168996 0.000000
vn 0.942880 0.333134 0.000000
vn 0.872997 0.487725 0.000000
vn 0.872997 0.487725 0.000000
vn 0.778040 0.628215 0.000000
vn 0.778040 0.628215 0.000000
vn 0.660685 0.750663 0.000000
vn 0.660685 0.750663 0.000000
vn 0.524300 0.851533 0.000000
vn 0.524300 0.851533 0.000000
vn 0.372861 0.927887 0.000000
vn 0.372861 0.927887 0.000000
vn 0.210674 0.977556 0.000000
vn 0.042442 0.999099 -0.000000
vn 0.210674 0.977556 0.000000
vn -0.127020 0.991900 0.000000
vn 0.042442 0.999099 0.000000
vn -0.127020 0.991900 0.000000
vn -0.292821 0.956167 0.000000
vn -0.292821 0.956167 0.000000
vn -0.450203 0.892926 0.000000
vn -0.450203 0.892926 0.000000
vn -0.594632 0.803998 0.000000
vn -0.721950 0.691945 0.000000
vn -0.594632 0.803998 0.000000
vn -0.721950 0.691945 0.000000
vn -0.828510 0.559975 0.000000
vn -0.828510 0.559975 0.000000
vn -0.911231 0.411897 0.000000
vn -0.911231 0.411897 0.000000
vn -0.967731 0.251986 0.000000
vn -0.967731 0.251986 0.000000
vn -0.996399 0.084790 0.000000
vn -0.996399 0.084790 0.000000
vn -0.998369 -0.057090 -0.000000
vn -0.998369 -0.057090 0.000000
vn -0.985354 -0.170519 -0.000000
vn -0.985354 -0.170519 0.000000
vn -0.959492 -0.281737 -0.000000
vn -0.959492 -0.281737 0.000000
vn -0.921123 -0.389272 -0.000000
vn -0.921123 -0.389272 0.000000
vn -0.870752 -0.491723 -0.000000
vn -0.870752 -0.491723 0.000000
vn -0.809009 -0.587796 -0.000000
vn -0.809009 -0.587796 0.000000
vn -0.736751 -0.676164 -0.000000
vn -0.736751 -0.676164 0.000000
vn -0.654849 -0.755760 -0.000000
vn -0.654849 -0.755760 0.000000
vn -0.564458 -0.825462 -0.000000
vn -0.564458 -0.825462 0.000000
vn -0.466672 -0.884430 -0.000000
vn -0.466672 -0.884430 0.000000
vn -0.362802 -0.931866 -0.000000
vn -0.362802 -0.931866 0.000000
vn -0.254218 -0.967147 -0.000000
vn -0.254218 -0.967147 0.000000
vn -0.142295 -0.989824 0.000000
vn -0.142295 -0.989824 -0.000000
vn -0.028566 -0.999592 0.000000
vn -0.028566 -0.999592 0.000000
vn 0.085564 -0.996333 0.000000
vn 0.085564 -0.996333 0.000000
vn 0.198590 -0.980083 0.000000
vn 0.198590 -0.980083 0.000000
vn 0.309011 -0.951058 0.000000
vn 0.309011 -0.951058 0.000000
vn 0.415421 -0.909629 0.000000
vn 0.415421 -0.909629 0.000000
vn 0.516391 -0.856353 0.000000
vn 0.516391 -0.856353 0.000000
vn 0.610662 -0.791891 0.000000
vn 0.610662 -0.791891 0.000000
vn 0.696938 -0.717132 0.000000
vn 0.696938 -0.717132 0.000000
vn 0.774144 -0.633010 0.000000
vn 0.774144 -0.633010 0.000000
vn 0.841248 -0.540650 0.000000
vn 0.841248 -0.540650 0.000000
vn 0.897398 -0.441221 0.000000
vn 0.897398 -0.441221 0.000000
vn 0.941847 -0.336041 0.000000
vn 0.941847 -0.336041 0.000000
vn 0.974011 -0.226499 0.000000
vn 0.974011 -0.226499 0.000000
vn 0.993482 -0.113991 0.000000
vn 0.993482 -0.113991 0.000000
vn 1.000000 0.000000 -0.000000
vn 1.000000 0.000000 0.000000
vn 0.993482 0.113991 0.000000
vn 0.993482 0.113991 0.000000
vn 0.974011 0.226499 0.000000
vn 0.974011 0.226499 0.000000
vn 0.941847 0.336041 0.000000
vn 0.941847 0.336041 0.000000
vn 0.897398 0.441221 0.000000
vn 0.897398 0.441221 0.000000
vn 0.841248 0.540650 0.000000
vn 0.841248 0.540650 0.000000
vn 0.774144 0.633010 -0.000000
vn 0.774144 0.633010 0.000000
vn 0.696938 0.717132 0.000000
vn 0.696938 0.717132 0.000000
vn 0.610662 0.791891 -0.000000
vn 0.610662 0.791891 0.000000
vn 0.516391 0.856353 0.000000
vn 0.516391 0.856353 0.000000
vn 0.415421 0.909629 0.000000
vn 0.415421 0.909629 0.000000
vn 0.309011 0.951058 0.000000
vn 0.309011 0.951058 0.000000
vn 0.198590 0.980083 0.000000
vn 0.198590 0.980083 0.000000
vn 0.085564 0.996333 0.000000
vn 0.085564 0.996333 0.000000
vn -0.028566 0.999592 0.000000
vn -0.028566 0.999592 0.000000
vn -0.142295 0.989824 0.000000
vn -0.142295 0.989824 0.000000
vn -0.254218 0.967147 0.000000
vn -0.254218 0.967147 0.000000
vn -0.362802 0.931866 0.000000
vn -0.362802 0.931866 0.000000
vn -0.466672 0.884430 0.000000
vn -0.564458 0.825462 0.000000
vn -0.466672 0.884430 0.000000
vn -0.564458 0.825462 0.000000
vn -0.654849 0.755760 0.000000
vn -0.654849 0.755760 0.000000
vn -0.736751 0.676164 0.000000
vn -0.736751 0.676164 0.000000
vn -0.809009 0.587796 0.000000
vn -0.809009 0.587796 0.000000
vn -0.870752 0.491723 0.000000
vn -0.870752 0.491723 0.000000
vn -0.921123 0.389272 0.000000
vn -0.921123 0.389272 0.000000
vn -0.959492 0.281737 0.000000
vn -0.985354 0.170519 0.000000
vn -0.959492 0.281737 0.000000
vn -0.985354 0.170519 0.000000
vn -0.998369 0.057090 0.000000
vn -0.998369 0.057090 0.000000
vn -0.996399 -0.084789 -0.000000
vn -0.996399 -0.084789 0.000000
vn -0.967731 -0.251986 0.000000
vn -0.967731 -0.251986 -0.000000
vn -0.911228 -0.411902 0.000000
vn -0.911228 -0.411902 -0.000000
vn -0.828511 -0.559973 0.000000
vn -0.828511 -0.559973 -0.000000
vn -0.721949 -0.691946 0.000000
vn -0.721949 -0.691946 -0.000000
vn -0.594632 -0.803998 -0.000000
vn -0.594632 -0.803998 0.000000
vn -0.450216 -0.892920 -0.000000
vn -0.450216 -0.892920 0.000000
vn -0.292807 -0.956172 -0.000000
vn -0.292807 -0.956172 0.000000
vn -0.127029 -0.991899 -0.000000
vn -0.127029 -0.991899 0.000000
vn 0.042441 -0.999099 0.000000
vn 0.042441 -0.999099 0.000000
vn 0.210687 -0.977554 0.000000
vn 0.210687 -0.977554 0.000000
vn 0.372856 -0.927889 0.000000
vn 0.372856 -0.927889 0.000000
vn 0.524298 -0.851535 0.000000
vn 0.524298 -0.851535 0.000000
vn 0.660680 -0.750668 0.000000
vn 0.660680 -0.750668 0.000000
vn 0.778044 -0.628210 0.000000
vn 0.778044 -0.628210 0.000000
vn 0.873000 -0.487721 0.000000
vn 0.873000 -0.487721 0.000000
vn 0.942877 -0.333140 0.000000
vn 0.942877 -0.333140 0.000000
vn 0.985617 -0.168993 0.000000
vn 0.985617 -0.168993 0.000000
vn 1.000000 0.000000 0.000000
vn 1.000000 0.000000 0.000000
vn 0.985617 0.168993 0.000000
vn 0.942877 0.333140 -0.000000
vn 0.985617 0.168993 0.000000
vn 0.942877 0.333140 0.000000
vn 0.873000 0.487721 0.000000
vn 0.873000 0.487721 0.000000
vn 0.778044 0.628210 0.000000
vn 0.778044 0.628210 0.000000
vn 0.660680 0.750668 0.000000
vn 0.660680 0.750668 0.000000
vn 0.524298 0.851535 0.000000
vn 0.524298 0.851535 0.000000
vn 0.372856 0.927889 0.000000
vn 0.372856 0.927889 0.000000
vn 0.210687 0.977554 0.000000
vn 0.042441 0.999099 -0.000000
vn 0.210687 0.977554 0.000000
vn -0.127029 0.991899 0.000000
vn 0.042441 0.999099 0.000000
vn -0.127029 0.991899 0.000000
vn -0.292807 0.956172 0.000000
vn -0.292807 0.956172 0.000000
vn -0.450216 0.892920 0.000000
vn -0.450216 0.892920 0.000000
vn -0.594632 0.803998 0.000000
vn -0.721949 0.691946 0.000000
vn -0.594632 0.803998 0.000000
vn -0.721949 0.691946 0.000000
vn -0.828511 0.559973 0.000000
vn -0.828511 0.559973 0.000000
vn -0.911228 0.411902 0.000000
vn -0.911228 0.411902 0.000000
vn -0.967731 0.251986 0.000000
vn -0.967731 0.251986 0.000000
vn -0.996399 0.084789 0.000000
vn -0.996399 0.084789 0.000000
vn 0.000000 0.000000 -1.000000
vn 0.000000 0.000000 -1.000000
vn 0.000000 0.000000 -1.000000
vn 0.000000 0.000000 -1.000000
vn 0.000000 0.000000 -1.000000
vn 0.000000 0.000000 -1.000000
vn 0.000000 -0.000000 -1.000000
vn 0.000000 0.000000 -1.000000
vn 0.000000 0.000000 -1.000000
vn 0.000000 0.000000 -1.000000
vn 0.000000 0.000000 -1.000000
vn 0.000000 0.000000 -1.000000
vn 0.000000 0.000000 -1.000000
vn 0.000000 0.000000 -1.000000
vn 0.000000 0.000000 -1.000000
vn 0.000000 0.000000 -1.000000
vn 0.000000 0.000000 -1.000000
vn 0.000000 0.000000 -1.000000
vn 0.000000 -0.000000 -1.000000
vn 0.000000 -0.000000 -1.000000
vn 0.000000 0.000000 -1.000000
vn 0.000000 0.000000 -1.000000
vn 0.000000 0.000000 -1.000000
vn 0.000000 -0.000000 -1.000000
vn 0.000000 -0.000000 -1.000000
vn 0.000000 -0.000000 -1.000000
vn 0.000000 0.000000 -1.000000
vn 0.000000 0.000000 -1.000000
vn -0.000000 -0.000000 -1.000000
vn 0.000000 0.000000 -1.000000
vn 0.000000 0.000000 -1.000000
vn 0.000000 -0.000000 -1.000000
vn 0.000000 -0.000000 -1.000000
vn 0.000000 0.000000 -1.000000
vn 0.000000 0.000000 -1.000000
vn -0.000000 -0.000000 -1.000000
vn -0.000000 -0.000000 -1.000000
vn 0.000000 0.000000 -1.000000
vn -0.000000 -0.000000 -1.000000
vn 0.000000 -0.000000 -1.000000
vn 0.000000 -0.000000 -1.000000
vn -0.000000 -0.000000 -1.000000
vn 0.000000 0.000000 -1.000000
vn 0.000000 0.000000 -1.000000
vn 0.000000 -0.000000 -1.000000
vn 0.000000 0.000000 -1.000000
vn 0.000000 0.000000 -1.000000
vn 0.000000 0.000000 -1.000000
vn 0.000000 0.000000 -1.000000
vn 0.000000 0.000000 -1.000000
vn 0.000000 0.000000 -1.000000
vn 0.000000 -0.000000 -1.000000
vn 0.000000 0.000000 -1.000000
vn 0.000000 0.000000 -1.000000
vn 0.000000 0.000000 -1.000000
vn 0.000000 -0.000000 -1.000000
vn 0.000000 -0.000000 -1.000000
vn 0.000000 -0.000000 -1.000000
vn 0.000000 0.000000 -1.000000
vn 0.000000 0.000000 -1.000000
vn 0.000000 -0.000000 -1.000000
vn 0.000000 0.000000 -1.000000
vn 0.000000 0.000000 -1.000000
vn 0.000000 0.000000 -1.000000
vn 0.000000 0.000000 -1.000000
vn 0.000000 -0.000000 -1.000000
vn 0.000000 0.000000 -1.000000
vn 0.000000 0.000000 -1.000000
vn 0.000000 0.000000 -1.000000
vn 0.000000 -0.000000 -1.000000
vn 0.000000 -0.000000 -1.000000
vn 0.000000 -0.000000 -1.000000
vn 0.000000 0.000000 -1.000000
vn 0.000000 0.000000 -1.000000
vn 0.000000 0.000000 -1.000000
vn 0.000000 -0.000000 -1.000000
vn 0.000000 -0.000000 -1.000000
vn 0.000000 0.000000 -1.000000
vn 0.000000 0.000000 -1.000000
vn 0.000000 0.000000 -1.000000
vn 0.000000 -0.000000 -1.000000
vn 0.000000 0.000000 -1.000000
vn -0.000000 -0.000000 -1.000000
vn 0.000000 -0.000000 -1.000000
vn 0.000000 -0.000000 -1.000000
vn 0.000000 0.000000 -1.000000
vn 0.000000 0.000000 -1.000000
vn 0.000000 0.000000 -1.000000
vn 0.000000 0.000000 -1.000000
vn 0.000000 0.000000 -1.000000
vn -0.000000 -0.000000 -1.000000
vn 0.000000 0.000000 -1.000000
vn -0.000000 -0.000000 -1.000000
vn 0.000000 -0.000000 -1.000000
vn 0.000000 0.000000 -1.000000
vn 0.000000 0.000000 -1.000000
vn 0.000000 0.000000 -1.000000
vn 0.000000 0.000000 -1.000000
vn 0.000000 0.000000 -1.000000
vn 0.000000 0.000000 -1.000000
vn 0.000000 0.000000 -1.000000
vn 0.000000 0.000000 -1.000000
vn 0.000000 0.000000 -1.000000
vn 0.000000 0.000000 -1.000000
vn 0.000000 -0.000000 -1.000000
vn 0.000000 0.000000 -1.000000
vn 0.000000 0.000000 -1.000000
vn 0.000000 0.000000 -1.000000
vn 0.000000 0.000000 -1.000000
vn 0.000000 -0.000000 -1.000000
vn 0.000000 0.000000 -1.000000
vn 0.000000 0.000000 -1.000000
vn 0.000000 -0.000000 -1.000000
vn 0.000000 0.000000 -1.000000
vn 0.000000 0.000000 -1.000000
vn 0.000000 0.000000 -1.000000
vn 0.000000 0.000000 -1.000000
vn 0.000000 0.000000 -1.000000
vn 0.000000 0.000000 -1.000000
vn 0.000000 0.000000 -1.000000
vn 0.000000 -0.000000 -1.000000
vn 0.000000 0.000000 -1.000000
vn 0.000000 0.000000 -1.000000
vn 0.000000 0.000000 -1.000000
vn 0.000000 0.000000 -1.000000
vn 0.000000 0.000000 -1.000000
vn 0.000000 0.000000 -1.000000
vn 0.000000 0.000000 -1.000000
vn 0.000000 0.000000 -1.000000
vn 0.000000 0.000000 -1.000000
vn 0.000000 -0.000000 -1.000000
vn 0.000000 -0.000000 -1.000000
vn 0.000000 -0.000000 -1.000000
vn 0.000000 -0.000000 -1.000000
vn 0.000000 0.000000 -1.000000
vn 0.000000 0.000000 -1.000000
vn -0.000000 -0.000000 -1.000000
vn 0.000000 -0.000000 -1.000000
vn 0.000000 0.000000 -1.000000
vn 0.000000 0.000000 -1.000000
vn 0.000000 0.000000 -1.000000
vn 0.000000 -0.000000 -1.000000
vn -0.000000 -0.000000 -1.000000
vn 0.000000 0.000000 -1.000000
vn 0.000000 0.000000 -1.000000
vn 0.000000 0.000000 -1.000000
vn -0.000000 -0.000000 -1.000000
vn 0.000000 -0.000000 -1.000000
vn -0.000000 -0.000000 -1.000000
vn -0.000000 -0.000000 -1.000000
vn 0.000000 -0.000000 -1.000000
vn 0.000000 -0.000000 -1.000000
vn 0.000000 -0.000000 -1.000000
vn 0.000000 0.000000 -1.000000
vn 0.000000 -0.000000 -1.000000
vn 0.000000 0.000000 -1.000000
vn 0.000000 0.000000 -1.000000
vn 0.000000 0.000000 -1.000000
vn 0.000000 0.000000 -1.000000
vn 0.000000 0.000000 -1.000000
vn 0.000000 -0.000000 -1.000000
vn 0.000000 -0.000000 -1.000000
vn 0.000000 -0.000000 -1.000000
vn 0.000000 0.000000 -1.000000
vn 0.000000 0.000000 -1.000000
vn 0.000000 0.000000 -1.000000
vn 0.000000 0.000000 -1.000000
vn 0.000000 0.000000 -1.000000
vn 0.000000 0.000000 -1.000000
vn 0.000000 -0.000000 -1.000000
vn 0.000000 0.000000 -1.000000
vn 0.000000 -0.000000 -1.000000
vn 0.000000 0.000000 -1.000000
vn 0.000000 0.000000 -1.000000
vn 0.000000 0.000000 -1.000000
vn 0.000000 0.000000 -1.000000
vn 0.000000 -0.000000 -1.000000
vn 0.000000 0.000000 -1.000000
vn 0.000000 -0.000000 -1.000000
vn 0.000000 -0.000000 -1.000000
vn 0.000000 0.000000 -1.000000
vn 0.000000 0.000000 -1.000000
vn 0.000000 -0.000000 -1.000000
vn 0.000000 -0.000000 -1.000000
vn 0.000000 -0.000000 -1.000000
vn 0.000000 -0.000000 -1.000000
vn 0.000000 0.000000 -1.000000
vn 0.000000 0.000000 -1.000000
vn 0.000000 0.000000 -1.000000
vn 0.000000 0.000000 -1.000000
vn 0.000000 0.000000 -1.000000
vn 0.000000 0.000000 -1.000000
vn 0.000000 0.000000 -1.000000
vn -0.000000 -0.000000 -1.000000
vn 0.000000 -0.000000 -1.000000
vn 0.000000 0.000000 -1.000000
vn 0.000000 0.000000 -1.000000
vn 0.000000 0.000000 -1.000000
vn 0.000000 0.000000 -1.000000
vn 0.000000 0.000000 -1.000000
vn -0.000000 -0.000000 -1.000000
vn 0.000000 0.000000 -1.000000
vn 0.000000 0.000000 -1.000000
vn -0.000000 -0.000000 -1.000000
vn 0.000000 0.000000 -1.000000
vn -0.000000 -0.000000 -1.000000
vn 0.000000 0.000000 -1.000000
vn 0.000000 -0.000000 -1.000000
vn 0.000000 0.000000 -1.000000
vn 0.000000 0.000000 -1.000000
vn 0.000000 0.000000 -1.000000
vn 0.000000 0.000000 -1.000000
vn 0.000000 0.000000 -1.000000
vn 0.000000 0.000000 -1.000000
vn 0.000000 0.000000 -1.000000
vn 0.000000 0.000000 -1.000000
vn 0.000000 0.000000 -1.000000
vn 0.000000 0.000000 -1.000000
vn 0.000000 -0.000000 -1.000000
vn 0.000000 0.000000 -1.000000
vn 0.000000 -0.000000 -1.000000
vn 0.000000 -0.000000 -1.000000
vn 0.000000 -0.000000 -1.000000
vn 0.000000 0.000000 -1.000000
vn 0.000000 0.000000 -1.000000
vn 0.000000 0.000000 -1.000000
vn 0.000000 0.000000 -1.000000
vn 0.000000 0.000000 -1.000000
vn 0.000000 0.000000 -1.000000
vn 0.000000 0.000000 -1.000000
vn 0.000000 0.000000 -1.000000
vn 0.000000 -0.000000 -1.000000
vn 0.000000 0.000000 -1.000000
vn 0.000000 0.000000 -1.000000
vn 0.000000 0.000000 -1.000000
vn 0.000000 0.000000 -1.000000
vn 0.000000 0.000000 -1.000000
vn 0.000000 0.000000 -1.000000
vn 0.000000 0.000000 -1.000000
vn 0.000000 0.000000 -1.000000
vn 0.000000 -0.000000 -1.000000
vn 0.000000 -0.000000 -1.000000
vn 0.000000 -0.000000 -1.000000
vn 0.000000 -0.000000 -1.000000
vn 0.000000 -0.000000 -1.000000
vn 0.000000 -0.000000 -1.000000
vn 0.000000 0.000000 -1.000000
vn -0.000000 -0.000000 -1.000000
vn 0.000000 -0.000000 -1.000000
vn 0.000000 -0.000000 -1.000000
vn 0.000000 0.000000 -1.000000
vn 0.000000 0.000000 -1.000000
vn 0.000000 0.000000 -1.000000
vn 0.000000 0.000000 -1.000000
vn 0.000000 0.000000 -1.000000
vn 0.000000 0.000000 -1.000000
vn 0.000000 0.000000 -1.000000
vn 0.000000 0.000000 -1.000000
vn 0.000000 -0.000000 -1.000000
vn -0.000000 -0.000000 -1.000000
vn -0.000000 -0.000000 -1.000000
vn -0.000000 -0.000000 -1.000000
vn -0.000000 -0.000000 -1.000000
vn 0.000000 -0.000000 -1.000000
vn 0.000000 0.000000 -1.000000
f 1//1 2//1 3//1
f 3//2 2//2 4//2
f 5//3 6//3 1//3
f 1//4 6//4 2//4
f 7//5 2//5 8//5
f 9//6 8//6 2//6
f 10//7 2//7 7//7
f 11//8 9//8 2//8
f 12//9 2//9 10//9
f 13//10 11//10 2//10
f 14//11 2//11 12//11
f 15//12 13//12 2//12
f 16//13 2//13 14//13
f 17//14 15//14 2//14
f 18//15 2//15 16//15
f 19//16 17//16 2//16
f 20//17 19//17 2//17
f 21//18 20//18 2//18
f 22//19 21//19 2//19
f 23//20 24//20 25//20
f 26//21 27//21 24//21
f 26//22 24//22 23//22
f 28//23 25//23 29//23
f 28//24 23//24 25//24
f 30//25 31//25 27//25
f 30//26 27//26 26//26
f 32//27 29//27 33//27
f 32//28 28//28 29//28
f 34//29 35//29 31//29
f 34//30 31//30 30//30
f 36//31 32//31 33//31
f 36//32 33//32 37//32
f 38//33 35//33 34//33
f 38//34 39//34 35//34
f 40//35 36//35 37//35
f 40//36 37//36 41//36
f 42//37 40//37 41//37
f 42//38 41//38 43//38
f 44//39 45//39 39//39
f 44//40 39//40 38//40
f 46//41 43//41 22//41
f 46//42 42//42 43//42
f 47//43 48//43 45//43
f 47//44 45//44 44//44
f 49//45 46//45 22//45
f 50//46 48//46 47//46
f 51//47 52//47 53//47
f 54//48 55//48 52//48
f 54//49 56//49 55//49
f 54//50 52//50 51//50
f 57//51 56//51 54//51
f 58//52 51//52 53//52
f 59//53 56//53 57//53
f 59//54 60//54 56//54
f 61//55 53//55 62//55
f 61//56 58//56 53//56
f 63//57 60//57 59//57
f 63//58 18//58 60//58
f 63//59 2//59 18//59
f 64//60 62//60 65//60
f 64//61 61//61 62//61
f 66//62 64//62 65//62
f 66//63 65//63 48//63
f 66//64 48//64 50//64
f 66//65 50//65 67//65
f 68//66 66//66 67//66
f 68//67 67//67 69//67
f 70//68 68//68 69//68
f 70//69 69//69 71//69
f 72//70 70//70 71//70
f 72//71 71//71 73//71
f 74//72 72//72 73//72
f 74//73 73//73 75//73
f 76//74 74//74 75//74
f 76//75 75//75 77//75
f 78//76 76//76 77//76
f 78//77 77//77 79//77
f 80//78 79//78 81//78
f 80//79 78//79 79//79
f 82//80 80//80 81//80
f 82//81 81//81 83//81
f 84//82 83//82 85//82
f 84//83 82//83 83//83
f 86//84 85//84 87//84
f 86//85 84//85 85//85
f 6//86 49//86 22//86
f 6//87 22//87 2//87
f 6//88 88//88 49//88
f 6//89 89//89 88//89
f 6//90 90//90 89//90
f 4//91 91//91 92//91
f 4//92 93//92 91//92
f 4//93 94//93 93//93
f 4//94 95//94 94//94
f 4//95 96//95 95//95
f 4//96 97//96 96//96
f 4//97 98//97 97//97
f 4//98 99//98 98//98
f 4//99 100//99 99//99
f 4//100 101//100 100//100
f 4//101 102//101 101//101
f 4//102 103//102 102//102
f 4//103 104//103 103//103
f 4//104 105//104 104//104
f 106//105 90//105 6//105
f 107//106 90//106 106//106
f 107//107 108//107 90//107
f 109//108 106//108 6//108
f 110//109 111//109 108//109
f 110//110 108//110 107//110
f 112//111 109//111 6//111
f 113//112 112//112 6//112
f 114//113 111//113 110//113
f 114//114 115//114 111//114
f 116//115 113//115 6//115
f 117//116 115//116 114//116
f 117//117 118//117 115//117
f 119//118 118//118 117//118
f 119//119 120//119 118//119
f 121//120 116//120 6//120
f 122//121 123//121 120//121
f 122//122 120//122 119//122
f 124//123 121//123 6//123
f 125//124 124//124 6//124
f 126//125 123//125 122//125
f 126//126 127//126 123//126
f 128//127 129//127 127//127
f 128//128 130//128 129//128
f 128//129 127//129 126//129
f 131//130 125//130 6//130
f 132//131 131//131 6//131
f 133//132 130//132 128//132
f 134//133 135//133 130//133
f 134//134 130//134 133//134
f 136//135 132//135 6//135
f 137//136 136//136 6//136
f 138//137 139//137 135//137
f 138//138 135//138 134//138
f 140//139 137//139 6//139
f 141//140 140//140 6//140
f 142//141 141//141 6//141
f 143//142 144//142 86//142
f 143//143 145//143 144//143
f 143//144 92//144 145//144
f 143//145 139//145 138//145
f 143//146 87//146 139//146
f 143//147 4//147 92//147
f 143//148 86//148 87//148
f 143//149 146//149 147//149
f 143//150 148//150 146//150
f 143//151 149//151 148//151
f 143//152 150//152 149//152
f 143//153 151//153 150//153
f 143//154 152//154 151//154
f 143//155 153//155 152//155
f 143//156 154//156 153//156
f 143//157 155//157 154//157
f 143//158 156//158 155//158
f 143//159 157//159 156//159
f 143//160 158//160 157//160
f 143//161 138//161 158//161
f 4//162 2//162 105//162
f 105//163 2//163 63//163
f 6//164 143//164 159//164
f 159//165 143//165 147//165
f 6//166 159//166 142//166
f 143//167 160//167 3//167
f 143//168 3//168 4//168
f 161//169 162//169 163//169
f 164//170 163//170 162//170
f 165//171 162//171 161//171
f 166//172 164//172 162//172
f 167//173 162//173 165//173
f 168//174 166//174 162//174
f 169//175 162//175 167//175
f 170//176 168//176 162//176
f 171//177 162//177 169//177
f 172//178 170//178 162//178
f 173//179 162//179 171//179
f 174//180 172//180 162//180
f 175//181 162//181 173//181
f 176//182 174//182 162//182
f 177//183 162//183 175//183
f 178//184 176//184 162//184
f 179//185 180//185 178//185
f 179//186 181//186 180//186
f 179//187 182//187 181//187
f 179//188 183//188 182//188
f 179//189 184//189 183//189
f 179//190 178//190 162//190
f 185//191 184//191 179//191
f 186//192 185//192 179//192
f 187//193 186//193 179//193
f 188//194 187//194 179//194
f 189//195 188//195 179//195
f 190//196 189//196 179//196
f 191//197 190//197 179//197
f 192//198 191//198 179//198
f 193//199 192//199 179//199
f 194//200 195//200 196//200
f 194//201 197//201 195//201
f 194//202 198//202 197//202
f 194//203 199//203 198//203
f 194//204 200//204 199//204
f 194//205 201//205 200//205
f 194//206 202//206 201//206
f 194//207 203//207 202//207
f 194//208 204//208 203//208
f 194//209 205//209 204//209
f 194//210 206//210 205//210
f 194//211 207//211 206//211
f 194//212 177//212 207//212
f 1//213 208//213 193//213
f 1//214 209//214 208//214
f 1//215 210//215 209//215
f 1//216 211//216 210//216
f 1//217 193//217 179//217
f 212//218 194//218 196//218
f 212//219 213//219 214//219
f 212//220 215//220 213//220
f 212//221 216//221 215//221
f 212//222 217//222 216//222
f 212//223 196//223 217//223
f 218//224 212//224 219//224
f 220//225 219//225 212//225
f 221//226 212//226 218//226
f 222//227 220//227 212//227
f 223//228 212//228 221//228
f 224//229 222//229 212//229
f 225//230 212//230 223//230
f 226//231 224//231 212//231
f 227//232 212//232 225//232
f 228//233 226//233 212//233
f 229//234 212//234 227//234
f 230//235 228//235 212//235
f 231//236 212//236 229//236
f 232//237 230//237 212//237
f 233//238 212//238 231//238
f 234//239 232//239 212//239
f 235//240 212//240 233//240
f 236//241 234//241 212//241
f 237//242 212//242 235//242
f 238//243 236//243 212//243
f 239//244 212//244 237//244
f 240//245 212//245 214//245
f 240//246 238//246 212//246
f 241//247 212//247 239//247
f 242//248 240//248 214//248
f 243//249 212//249 241//249
f 244//250 242//250 214//250
f 244//251 214//251 245//251
f 246//252 212//252 243//252
f 247//253 244//253 245//253
f 248//254 212//254 246//254
f 249//255 247//255 245//255
f 250//256 212//256 248//256
f 251//257 249//257 245//257
f 251//258 245//258 252//258
f 253//259 212//259 250//259
f 254//260 251//260 252//260
f 255//261 212//261 253//261
f 256//262 254//262 252//262
f 256//263 252//263 257//263
f 258//264 212//264 255//264
f 259//265 256//265 257//265
f 260//266 212//266 258//266
f 261//267 259//267 257//267
f 262//268 212//268 260//268
f 263//269 261//269 257//269
f 263//270 257//270 264//270
f 265//271 212//271 262//271
f 266//272 263//272 264//272
f 267//273 212//273 265//273
f 268//274 266//274 264//274
f 268//275 264//275 211//275
f 269//276 212//276 267//276
f 270//277 268//277 211//277
f 271//278 212//278 269//278
f 272//279 211//279 1//279
f 272//280 270//280 211//280
f 273//281 212//281 271//281
f 274//282 272//282 1//282
f 275//283 212//283 273//283
f 276//284 274//284 1//284
f 277//285 212//285 275//285
f 278//286 276//286 1//286
f 279//287 278//287 1//287
f 280//288 279//288 1//288
f 281//289 280//289 1//289
f 282//290 281//290 1//290
f 283//291 282//291 1//291
f 284//292 283//292 1//292
f 285//293 284//293 1//293
f 286//294 285//294 1//294
f 287//295 286//295 1//295
f 288//296 287//296 1//296
f 289//297 288//297 1//297
f 290//298 289//298 1//298
f 291//299 290//299 1//299
f 292//300 291//300 1//300
f 293//301 292//301 1//301
f 294//302 293//302 1//302
f 295//303 294//303 1//303
f 296//304 295//304 1//304
f 297//305 296//305 1//305
f 298//306 297//306 1//306
f 299//307 300//307 301//307
f 299//308 302//308 300//308
f 299//309 303//309 302//309
f 299//310 304//310 303//310
f 299//311 305//311 304//311
f 299//312 306//312 305//312
f 299//313 307//313 306//313
f 299//314 308//314 307//314
f 299//315 309//315 308//315
f 299//316 310//316 309//316
f 299//317 311//317 310//317
f 299//318 312//318 311//318
f 299//319 313//319 312//319
f 299//320 314//320 313//320
f 299//321 315//321 314//321
f 299//322 316//322 315//322
f 299//323 317//323 316//323
f 299//324 318//324 317//324
f 299//325 319//325 318//325
f 299//326 320//326 319//326
f 299//327 321//327 320//327
f 299//328 322//328 321//328
f 299//329 323//329 322//329
f 299//330 324//330 323//330
f 299//331 325//331 324//331
f 299//332 326//332 325//332
f 299//333 327//333 326//333
f 299//334 328//334 327//334
f 299//335 212//335 277//335
f 299//336 329//336 328//336
f 299//337 277//337 329//337
f 330//338 331//338 332//338
f 333//339 332//339 331//339
f 334//340 331//340 330//340
f 335//341 333//341 331//341
f 336//342 331//342 334//342
f 337//343 335//343 331//343
f 338//344 331//344 336//344
f 339//345 337//345 331//345
f 340//346 331//346 338//346
f 341//347 339//347 331//347
f 342//348 331//348 340//348
f 343//349 341//349 331//349
f 343//350 331//350 299//350
f 344//351 331//351 342//351
f 345//352 343//352 299//352
f 346//353 345//353 299//353
f 347//354 346//354 299//354
f 348//355 347//355 299//355
f 349//356 348//356 299//356
f 350//357 349//357 299//357
f 351//358 350//358 299//358
f 352//359 351//359 299//359
f 353//360 352//360 299//360
f 354//361 355//361 356//361
f 354//362 357//362 355//362
f 354//363 358//363 357//363
f 354//364 359//364 358//364
f 354//365 360//365 359//365
f 354//366 361//366 360//366
f 354//367 362//367 361//367
f 354//368 344//368 362//368
f 354//369 331//369 344//369
f 354//370 363//370 364//370
f 354//371 365//371 363//371
f 354//372 356//372 365//372
f 366//373 354//373 364//373
f 367//374 354//374 366//374
f 368//375 354//375 367//375
f 369//376 354//376 368//376
f 370//377 354//377 369//377
f 371//378 354//378 370//378
f 371//379 372//379 373//379
f 371//380 374//380 372//380
f 371//381 375//381 374//381
f 371//382 376//382 375//382
f 371//383 377//383 376//383
f 371//384 378//384 377//384
f 371//385 379//385 378//385
f 371//386 380//386 379//386
f 371//387 381//387 380//387
f 371//388 382//388 381//388
f 371//389 383//389 382//389
f 371//390 384//390 383//390
f 371//391 385//391 384//391
f 371//392 370//392 385//392
f 5//393 1//393 179//393
f 3//394 386//394 387//394
f 3//395 388//395 386//395
f 3//396 389//396 388//396
f 3//397 371//397 373//397
f 3//398 390//398 389//398
f 3//399 391//399 390//399
f 3//400 392//400 391//400
f 3//401 393//401 353//401
f 3//402 394//402 392//402
f 3//403 395//403 393//403
f 3//404 396//404 394//404
f 3//405 397//405 395//405
f 3//406 398//406 396//406
f 3//407 399//407 397//407
f 3//408 400//408 398//408
f 3//409 401//409 400//409
f 3//410 373//410 399//410
f 3//411 402//411 401//411
f 3//412 403//412 402//412
f 3//413 404//413 403//413
f 3//414 405//414 404//414
f 3//415 406//415 405//415
f 3//416 407//416 406//416
f 3//417 301//417 407//417
f 3//418 353//418 299//418
f 3//419 299//419 301//419
f 408//420 409//420 5//420
f 410//421 408//421 5//421
f 411//422 410//422 5//422
f 412//423 408//423 410//423
f 413//424 411//424 5//424
f 414//425 408//425 412//425
f 415//426 413//426 5//426
f 416//427 408//427 414//427
f 417//428 408//428 416//428
f 418//429 408//429 417//429
f 419//430 408//430 418//430
f 420//431 408//431 419//431
f 421//432 160//432 422//432
f 423//433 424//433 425//433
f 423//434 426//434 424//434
f 423//435 427//435 426//435
f 423//436 415//436 5//436
f 423//437 428//437 415//437
f 423//438 429//438 428//438
f 423//439 430//439 429//439
f 423//440 431//440 430//440
f 423//441 432//441 431//441
f 423//442 433//442 432//442
f 423//443 425//443 433//443
f 434//444 435//444 427//444
f 434//445 436//445 435//445
f 434//446 437//446 436//446
f 434//447 438//447 437//447
f 434//448 423//448 439//448
f 434//449 440//449 438//449
f 434//450 420//450 440//450
f 434//451 427//451 423//451
f 441//452 434//452 439//452
f 442//453 443//453 421//453
f 444//454 421//454 443//454
f 445//455 420//455 434//455
f 445//456 442//456 421//456
f 445//457 434//457 446//457
f 445//458 421//458 408//458
f 445//459 408//459 420//459
f 447//460 421//460 444//460
f 448//461 445//461 446//461
f 449//462 421//462 447//462
f 450//463 448//463 446//463
f 451//464 421//464 449//464
f 452//465 450//465 446//465
f 453//466 421//466 451//466
f 454//467 452//467 446//467
f 455//468 421//468 453//468
f 456//469 454//469 446//469
f 457//470 421//470 455//470
f 458//471 456//471 446//471
f 459//472 421//472 457//472
f 460//473 458//473 446//473
f 461//474 421//474 459//474
f 462//475 460//475 446//475
f 463//476 421//476 461//476
f 464//477 421//477 463//477
f 464//478 160//478 421//478
f 465//479 462//479 446//479
f 466//480 160//480 464//480
f 467//481 465//481 446//481
f 468//482 160//482 466//482
f 469//483 467//483 446//483
f 470//484 160//484 468//484
f 471//485 160//485 470//485
f 472//486 473//486 474//486
f 472//487 475//487 473//487
f 472//488 476//488 475//488
f 472//489 477//489 476//489
f 472//490 478//490 477//490
f 472//491 479//491 478//491
f 472//492 480//492 479//492
f 472//493 481//493 480//493
f 472//494 482//494 481//494
f 472//495 483//495 482//495
f 472//496 484//496 483//496
f 472//497 485//497 484//497
f 472//498 486//498 485//498
f 472//499 487//499 469//499
f 472//500 488//500 487//500
f 472//501 489//501 488//501
f 472//502 490//502 489//502
f 472//503 474//503 490//503
f 472//504 469//504 446//504
f 491//505 472//505 446//505
f 491//506 446//506 492//506
f 194//507 162//507 177//507
f 179//508 423//508 5//508
f 472//509 371//509 3//509
f 472//510 3//510 160//510
f 472//511 160//511 486//511
f 486//512 160//512 493//512
f 493//513 160//513 471//513
f 1//514 3//514 298//514
f 298//515 3//515 494//515
f 494//516 3//516 387//516
f 422//517 160//517 143//517
f 6//518 5//518 409//518
f 143//519 6//519 409//519
f 143//520 409//520 422//520
f 495//521 33//521 496//521
f 33//522 29//522 496//522
f 496//523 25//523 497//523
f 29//524 25//524 496//524
f 497//525 24//525 498//525
f 25//526 24//526 497//526
f 498//527 27//527 499//527
f 24//528 27//528 498//528
f 499//529 31//529 500//529
f 500//530 31//530 501//530
f 27//531 31//531 499//531
f 31//532 35//532 501//532
f 501//533 35//533 502//533
f 35//534 39//534 502//534
f 39//535 45//535 502//535
f 502//536 45//536 503//536
f 45//537 48//537 503//537
f 503//538 48//538 504//538
f 48//539 65//539 504//539
f 504//540 65//540 505//540
f 505//541 65//541 506//541
f 65//542 62//542 506//542
f 62//543 53//543 506//543
f 506//544 53//544 507//544
f 53//545 52//545 507//545
f 507//546 52//546 508//546
f 52//547 55//547 508//547
f 508//548 55//548 509//548
f 55//549 56//549 509//549
f 509//550 56//550 510//550
f 510//551 56//551 511//551
f 56//552 60//552 511//552
f 511//553 60//553 512//553
f 60//554 18//554 512//554
f 18//555 16//555 512//555
f 512//556 16//556 513//556
f 16//557 14//557 513//557
f 513//558 14//558 514//558
f 514//559 12//559 515//559
f 14//560 12//560 514//560
f 515//561 10//561 516//561
f 12//562 10//562 515//562
f 516//563 7//563 517//563
f 10//564 7//564 516//564
f 517//565 7//565 518//565
f 518//566 8//566 519//566
f 7//567 8//567 518//567
f 8//568 9//568 519//568
f 519//569 11//569 520//569
f 9//570 11//570 519//570
f 520//571 13//571 521//571
f 521//572 13//572 522//572
f 11//573 13//573 520//573
f 13//574 15//574 522//574
f 522//575 17//575 523//575
f 15//576 17//576 522//576
f 523//577 19//577 524//577
f 17//578 19//578 523//578
f 524//579 20//579 525//579
f 19//580 20//580 524//580
f 525//581 21//581 526//581
f 526//582 21//582 527//582
f 20//583 21//583 525//583
f 21//584 22//584 527//584
f 527//585 22//585 528//585
f 22//586 43//586 528//586
f 43//587 41//587 528//587
f 528//588 41//588 529//588
f 41//589 37//589 529//589
f 529//590 37//590 530//590
f 37//591 33//591 530//591
f 530//592 33//592 495//592
f 120//593 123//593 531//593
f 531//594 123//594 532//594
f 532//595 127//595 533//595
f 123//596 127//596 532//596
f 533//597 129//597 534//597
f 127//598 129//598 533//598
f 129//599 130//599 534//599
f 534//600 130//600 535//600
f 130//601 135//601 535//601
f 535//602 135//602 536//602
f 135//603 139//603 536//603
f 536//604 139//604 537//604
f 139//605 87//605 537//605
f 537//606 87//606 538//606
f 87//607 85//607 538//607
f 538//608 85//608 539//608
f 85//609 83//609 539//609
f 539//610 83//610 540//610
f 83//611 81//611 540//611
f 540//612 81//612 541//612
f 81//613 79//613 541//613
f 541//614 79//614 542//614
f 542//615 79//615 543//615
f 79//616 77//616 543//616
f 77//617 75//617 543//617
f 543//618 75//618 544//618
f 75//619 73//619 544//619
f 544//620 73//620 545//620
f 73//621 71//621 545//621
f 545//622 71//622 546//622
f 546//623 71//623 547//623
f 71//624 69//624 547//624
f 69//625 67//625 547//625
f 547//626 67//626 548//626
f 548//627 67//627 549//627
f 67//628 50//628 549//628
f 50//629 47//629 549//629
f 549//630 47//630 550//630
f 550//631 44//631 551//631
f 47//632 44//632 550//632
f 551//633 38//633 552//633
f 44//634 38//634 551//634
f 552//635 34//635 553//635
f 553//636 34//636 554//636
f 38//637 34//637 552//637
f 554//638 30//638 555//638
f 34//639 30//639 554//639
f 30//640 26//640 555//640
f 555//641 23//641 556//641
f 556//642 23//642 557//642
f 26//643 23//643 555//643
f 23//644 28//644 557//644
f 557//645 32//645 558//645
f 28//646 32//646 557//646
f 558//647 36//647 559//647
f 32//648 36//648 558//648
f 559//649 40//649 560//649
f 36//650 40//650 559//650
f 40//651 42//651 560//651
f 560//652 42//652 561//652
f 561//653 42//653 562//653
f 42//654 46//654 562//654
f 46//655 49//655 562//655
f 562//656 49//656 563//656
f 49//657 88//657 563//657
f 563//658 88//658 564//658
f 88//659 89//659 564//659
f 564//660 89//660 565//660
f 89//661 90//661 565//661
f 565//662 90//662 566//662
f 90//663 108//663 566//663
f 566//664 108//664 567//664
f 108//665 111//665 567//665
f 567//666 111//666 568//666
f 111//667 115//667 568//667
f 568//668 115//668 569//668
f 115//669 118//669 569//669
f 569//670 118//670 570//670
f 570//671 118//671 531//671
f 118//672 120//672 531//672
f 159//673 147//673 571//673
f 571//674 147//674 572//674
f 572//675 146//675 573//675
f 573//676 146//676 574//676
f 147//677 146//677 572//677
f 146//678 148//678 574//678
f 148//679 149//679 574//679
f 574//680 149//680 575//680
f 149//681 150//681 575//681
f 575//682 150//682 576//682
f 576//683 150//683 577//683
f 150//684 151//684 577//684
f 151//685 152//685 577//685
f 577//686 152//686 578//686
f 152//687 153//687 578//687
f 578//688 153//688 579//688
f 153//689 154//689 579//689
f 579//690 154//690 580//690
f 154//691 155//691 580//691
f 580//692 155//692 581//692
f 155//693 156//693 581//693
f 581//694 156//694 582//694
f 582//695 156//695 583//695
f 156//696 157//696 583//696
f 157//697 158//697 583//697
f 583//698 158//698 584//698
f 158//699 138//699 584//699
f 584//700 138//700 585//700
f 138//701 134//701 585//701
f 585//702 134//702 586//702
f 134//703 133//703 586//703
f 586//704 133//704 587//704
f 133//705 128//705 587//705
f 587//706 128//706 588//706
f 128//707 126//707 588//707
f 588//708 126//708 589//708
f 589//709 122//709 590//709
f 126//710 122//710 589//710
f 590//711 119//711 591//711
f 122//712 119//712 590//712
f 591//713 117//713 592//713
f 592//714 117//714 593//714
f 119//715 117//715 591//715
f 593//716 114//716 594//716
f 117//717 114//717 593//717
f 114//718 110//718 594//718
f 594//719 107//719 595//719
f 110//720 107//720 594//720
f 595//721 106//721 596//721
f 107//722 106//722 595//722
f 596//723 109//723 597//723
f 106//724 109//724 596//724
f 597//725 112//725 598//725
f 109//726 112//726 597//726
f 598//727 113//727 599//727
f 112//728 113//728 598//728
f 599//729 116//729 600//729
f 113//730 116//730 599//730
f 116//731 121//731 600//731
f 600//732 121//732 601//732
f 121//733 124//733 601//733
f 601//734 124//734 602//734
f 124//735 125//735 602//735
f 602//736 125//736 603//736
f 603//737 125//737 604//737
f 125//738 131//738 604//738
f 604//739 131//739 605//739
f 131//740 132//740 605//740
f 132//741 136//741 605//741
f 605//742 136//742 606//742
f 606//743 136//743 607//743
f 136//744 137//744 607//744
f 137//745 140//745 607//745
f 607//746 140//746 608//746
f 140//747 141//747 608//747
f 608//748 141//748 609//748
f 609//749 141//749 610//749
f 141//750 142//750 610//750
f 610//751 142//751 571//751
f 142//752 159//752 571//752
f 611//753 84//753 612//753
f 84//754 86//754 612//754
f 612//755 144//755 613//755
f 86//756 144//756 612//756
f 613//757 145//757 614//757
f 144//758 145//758 613//758
f 614//759 92//759 615//759
f 145//760 92//760 614//760
f 615//761 91//761 616//761
f 616//762 91//762 617//762
f 92//763 91//763 615//763
f 91//764 93//764 617//764
f 617//765 93//765 618//765
f 93//766 94//766 618//766
f 94//767 95//767 618//767
f 618//768 95//768 619//768
f 95//769 96//769 619//769
f 619//770 96//770 620//770
f 96//771 97//771 620//771
f 620//772 97//772 621//772
f 621//773 97//773 622//773
f 97//774 98//774 622//774
f 98//775 99//775 622//775
f 622//776 99//776 623//776
f 99//777 100//777 623//777
f 623//778 100//778 624//778
f 100//779 101//779 624//779
f 624//780 101//780 625//780
f 101//781 102//781 625//781
f 625//782 102//782 626//782
f 626//783 102//783 627//783
f 102//784 103//784 627//784
f 627//785 103//785 628//785
f 103//786 104//786 628//786
f 104//787 105//787 628//787
f 628//788 105//788 629//788
f 105//789 63//789 629//789
f 629//790 63//790 630//790
f 630//791 59//791 631//791
f 63//792 59//792 630//792
f 631//793 57//793 632//793
f 59//794 57//794 631//794
f 632//795 54//795 633//795
f 57//796 54//796 632//796
f 633//797 54//797 634//797
f 634//798 51//798 635//798
f 54//799 51//799 634//799
f 51//800 58//800 635//800
f 635//801 61//801 636//801
f 58//802 61//802 635//802
f 636//803 64//803 637//803
f 637//804 64//804 638//804
f 61//805 64//805 636//805
f 64//806 66//806 638//806
f 638//807 68//807 639//807
f 66//808 68//808 638//808
f 639//809 70//809 640//809
f 68//810 70//810 639//810
f 640//811 72//811 641//811
f 70//812 72//812 640//812
f 641//813 74//813 642//813
f 642//814 74//814 643//814
f 72//815 74//815 641//815
f 74//816 76//816 643//816
f 643//817 76//817 644//817
f 76//818 78//818 644//818
f 78//819 80//819 644//819
f 644//820 80//820 645//820
f 80//821 82//821 645//821
f 645//822 82//822 646//822
f 82//823 84//823 646//823
f 646//824 84//824 611//824
f 647//825 162//825 648//825
f 648//826 162//826 194//826
f 212//827 649//827 648//827
f 212//828 648//828 194//828
f 649//829 212//829 650//829
f 650//830 212//830 299//830
f 650//831 299//831 651//831
f 651//832 299//832 331//832
f 652//833 651//833 354//833
f 651//834 331//834 354//834
f 653//835 354//835 654//835
f 655//836 654//836 354//836
f 656//837 354//837 653//837
f 657//838 655//838 354//838
f 658//839 354//839 656//839
f 659//840 657//840 354//840
f 660//841 354//841 658//841
f 661//842 659//842 354//842
f 662//843 354//843 660//843
f 663//844 661//844 354//844
f 664//845 354//845 662//845
f 665//846 663//846 354//846
f 666//847 354//847 664//847
f 667//848 665//848 354//848
f 668//849 669//849 670//849
f 668//850 671//850 669//850
f 668//851 672//851 671//851
f 668//852 673//852 672//852
f 668//853 674//853 673//853
f 668//854 675//854 674//854
f 676//855 668//855 670//855
f 677//856 668//856 676//856
f 678//857 668//857 677//857
f 679//858 668//858 678//858
f 371//859 680//859 667//859
f 371//860 681//860 680//860
f 371//861 682//861 681//861
f 371//862 683//862 682//862
f 371//863 684//863 683//863
f 371//864 685//864 684//864
f 371//865 686//865 685//865
f 371//866 687//866 686//866
f 371//867 688//867 687//867
f 371//868 689//868 688//868
f 371//869 667//869 354//869
f 690//870 689//870 371//870
f 691//871 668//871 679//871
f 692//872 668//872 691//872
f 693//873 694//873 695//873
f 693//874 696//874 694//874
f 693//875 697//875 696//875
f 693//876 698//876 697//876
f 693//877 699//877 698//877
f 693//878 700//878 699//878
f 693//879 701//879 700//879
f 693//880 702//880 701//880
f 693//881 703//881 702//881
f 704//882 705//882 706//882
f 704//883 707//883 705//883
f 704//884 708//884 707//884
f 704//885 709//885 708//885
f 704//886 710//886 709//886
f 704//887 695//887 710//887
f 704//888 690//888 371//888
f 704//889 711//889 690//889
f 704//890 712//890 711//890
f 704//891 706//891 712//891
f 704//892 693//892 695//892
f 693//893 668//893 703//893
f 703//894 668//894 692//894
f 668//895 354//895 666//895
f 668//896 666//896 675//896
f 472//897 713//897 714//897
f 472//898 714//898 371//898
f 715//899 472//899 716//899
f 717//900 716//900 472//900
f 718//901 472//901 715//901
f 719//902 717//902 472//902
f 720//903 472//903 718//903
f 721//904 719//904 472//904
f 722//905 723//905 472//905
f 722//906 472//906 720//906
f 724//907 721//907 472//907
f 725//908 723//908 722//908
f 726//909 724//909 472//909
f 727//910 723//910 725//910
f 728//911 723//911 727//911
f 729//912 723//912 728//912
f 730//913 723//913 729//913
f 731//914 723//914 730//914
f 732//915 723//915 731//915
f 491//916 733//916 726//916
f 491//917 734//917 733//917
f 491//918 735//918 734//918
f 491//919 736//919 735//919
f 491//920 737//920 736//920
f 491//921 738//921 737//921
f 491//922 726//922 472//922
f 739//923 738//923 491//923
f 740//924 739//924 491//924
f 741//925 740//925 491//925
f 742//926 741//926 491//926
f 743//927 723//927 732//927
f 743//928 744//928 745//928
f 743//929 746//929 744//929
f 743//930 747//930 746//930
f 743//931 732//931 747//931
f 748//932 743//932 745//932
f 749//933 742//933 491//933
f 750//934 743//934 748//934
f 751//935 749//935 491//935
f 752//936 743//936 750//936
f 753//937 751//937 491//937
f 754//938 743//938 752//938
f 755//939 756//939 753//939
f 755//940 757//940 756//940
f 755//941 758//941 757//941
f 755//942 759//942 758//942
f 755//943 760//943 759//943
f 755//944 761//944 760//944
f 755//945 762//945 761//945
f 755//946 763//946 762//946
f 755//947 764//947 763//947
f 755//948 765//948 764//948
f 755//949 766//949 765//949
f 491//950 755//950 753//950
f 755//951 743//951 754//951
f 755//952 754//952 766//952
f 767//953 768//953 491//953
f 492//954 767//954 491//954
f 767//955 492//955 769//955
f 769//956 492//956 446//956
f 434//957 770//957 769//957
f 434//958 769//958 446//958
f 441//959 771//959 770//959
f 441//960 770//960 434//960
f 439//961 772//961 771//961
f 439//962 771//962 441//962
f 773//963 774//963 775//963
f 776//964 775//964 774//964
f 777//965 778//965 774//965
f 777//966 774//966 773//966
f 779//967 776//967 774//967
f 780//968 778//968 777//968
f 781//969 779//969 774//969
f 782//970 778//970 780//970
f 783//971 781//971 774//971
f 784//972 778//972 782//972
f 785//973 783//973 774//973
f 786//974 778//974 784//974
f 787//975 785//975 774//975
f 788//976 778//976 786//976
f 789//977 778//977 788//977
f 790//978 778//978 789//978
f 423//979 778//979 790//979
f 791//980 423//980 790//980
f 792//981 423//981 791//981
f 793//982 423//982 792//982
f 794//983 795//983 787//983
f 794//984 796//984 795//984
f 794//985 797//985 796//985
f 794//986 798//986 797//986
f 794//987 799//987 798//987
f 794//988 787//988 774//988
f 800//989 799//989 794//989
f 801//990 423//990 793//990
f 802//991 800//991 794//991
f 803//992 423//992 801//992
f 804//993 802//993 794//993
f 805//994 423//994 803//994
f 806//995 804//995 794//995
f 807//996 423//996 805//996
f 808//997 806//997 794//997
f 809//998 808//998 794//998
f 810//999 809//999 794//999
f 439//1000 811//1000 810//1000
f 439//1001 812//1001 811//1001
f 439//1002 813//1002 812//1002
f 439//1003 814//1003 813//1003
f 439//1004 815//1004 814//1004
f 439//1005 816//1005 815//1005
f 439//1006 817//1006 816//1006
f 439//1007 818//1007 817//1007
f 439//1008 819//1008 818//1008
f 439//1009 820//1009 819//1009
f 439//1010 821//1010 820//1010
f 794//1011 439//1011 810//1011
f 439//1012 423//1012 822//1012
f 822//1013 423//1013 823//1013
f 823//1014 423//1014 824//1014
f 824//1015 423//1015 807//1015
f 439//1016 822//1016 821//1016
f 825//1017 423//1017 826//1017
f 826//1018 423//1018 179//1018
f 827//1019 828//1019 829//1019
f 830//1020 829//1020 828//1020
f 831//1021 828//1021 827//1021
f 832//1022 830//1022 828//1022
f 833//1023 828//1023 831//1023
f 834//1024 832//1024 828//1024
f 835//1025 828//1025 833//1025
f 836//1026 834//1026 828//1026
f 837//1027 828//1027 835//1027
f 838//1028 836//1028 828//1028
f 839//1029 828//1029 837//1029
f 840//1030 838//1030 828//1030
f 841//1031 828//1031 839//1031
f 842//1032 843//1032 840//1032
f 842//1033 844//1033 843//1033
f 842//1034 845//1034 844//1034
f 842//1035 846//1035 845//1035
f 842//1036 840//1036 828//1036
f 847//1037 846//1037 842//1037
f 848//1038 847//1038 842//1038
f 849//1039 848//1039 842//1039
f 162//1040 850//1040 851//1040
f 162//1041 852//1041 850//1041
f 162//1042 853//1042 852//1042
f 162//1043 854//1043 853//1043
f 162//1044 855//1044 854//1044
f 162//1045 856//1045 855//1045
f 857//1046 849//1046 842//1046
f 858//1047 162//1047 851//1047
f 859//1048 857//1048 842//1048
f 860//1049 162//1049 858//1049
f 861//1050 162//1050 860//1050
f 862//1051 162//1051 861//1051
f 863//1052 162//1052 862//1052
f 864//1053 162//1053 863//1053
f 865//1054 866//1054 867//1054
f 865//1055 868//1055 866//1055
f 865//1056 869//1056 868//1056
f 865//1057 859//1057 842//1057
f 865//1058 870//1058 859//1058
f 865//1059 871//1059 870//1059
f 865//1060 872//1060 871//1060
f 865//1061 873//1061 872//1061
f 865//1062 874//1062 873//1062
f 865//1063 867//1063 874//1063
f 179//1064 875//1064 869//1064
f 179//1065 876//1065 875//1065
f 179//1066 877//1066 876//1066
f 179//1067 878//1067 877//1067
f 179//1068 879//1068 878//1068
f 179//1069 880//1069 879//1069
f 179//1070 881//1070 880//1070
f 179//1071 882//1071 881//1071
f 179//1072 869//1072 865//1072
f 179//1073 162//1073 883//1073
f 883//1074 162//1074 884//1074
f 884//1075 162//1075 864//1075
f 179//1076 883//1076 885//1076
f 179//1077 885//1077 886//1077
f 179//1078 886//1078 882//1078
f 162//1079 828//1079 841//1079
f 162//1080 841//1080 856//1080
f 192//1081 193//1081 887//1081
f 887//1082 193//1082 888//1082
f 193//1083 208//1083 888//1083
f 888//1084 208//1084 889//1084
f 208//1085 209//1085 889//1085
f 889//1086 209//1086 890//1086
f 209//1087 210//1087 890//1087
f 890//1088 210//1088 891//1088
f 210//1089 211//1089 891//1089
f 891//1090 211//1090 892//1090
f 211//1091 264//1091 892//1091
f 892//1092 264//1092 893//1092
f 893//1093 264//1093 894//1093
f 264//1094 257//1094 894//1094
f 257//1095 252//1095 894//1095
f 894//1096 252//1096 895//1096
f 252//1097 245//1097 895//1097
f 895//1098 245//1098 896//1098
f 245//1099 214//1099 896//1099
f 896//1100 214//1100 897//1100
f 214//1101 213//1101 897//1101
f 897//1102 213//1102 898//1102
f 213//1103 215//1103 898//1103
f 898//1104 215//1104 899//1104
f 899//1105 215//1105 900//1105
f 215//1106 216//1106 900//1106
f 900//1107 217//1107 901//1107
f 216//1108 217//1108 900//1108
f 901//1109 196//1109 902//1109
f 217//1110 196//1110 901//1110
f 902//1111 195//1111 903//1111
f 196//1112 195//1112 902//1112
f 903//1113 197//1113 904//1113
f 195//1114 197//1114 903//1114
f 904//1115 198//1115 905//1115
f 197//1116 198//1116 904//1116
f 905//1117 199//1117 906//1117
f 906//1118 199//1118 907//1118
f 198//1119 199//1119 905//1119
f 199//1120 200//1120 907//1120
f 200//1121 201//1121 907//1121
f 907//1122 201//1122 908//1122
f 201//1123 202//1123 908//1123
f 908//1124 202//1124 909//1124
f 202//1125 203//1125 909//1125
f 909//1126 203//1126 910//1126
f 203//1127 204//1127 910//1127
f 910//1128 204//1128 911//1128
f 204//1129 205//1129 911//1129
f 911//1130 205//1130 912//1130
f 205//1131 206//1131 912//1131
f 912//1132 206//1132 913//1132
f 206//1133 207//1133 913//1133
f 913//1134 207//1134 914//1134
f 207//1135 177//1135 914//1135
f 914//1136 177//1136 915//1136
f 177//1137 175//1137 915//1137
f 915//1138 175//1138 916//1138
f 175//1139 173//1139 916//1139
f 916//1140 173//1140 917//1140
f 173//1141 171//1141 917//1141
f 917//1142 171//1142 918//1142
f 171//1143 169//1143 918//1143
f 918//1144 169//1144 919//1144
f 169//1145 167//1145 919//1145
f 919//1146 167//1146 920//1146
f 167//1147 165//1147 920//1147
f 920//1148 165//1148 921//1148
f 165//1149 161//1149 921//1149
f 921//1150 161//1150 922//1150
f 161//1151 163//1151 922//1151
f 922//1152 163//1152 923//1152
f 923//1153 163//1153 924//1153
f 163//1154 164//1154 924//1154
f 164//1155 166//1155 924//1155
f 924//1156 166//1156 925//1156
f 166//1157 168//1157 925//1157
f 925//1158 168//1158 926//1158
f 168//1159 170//1159 926//1159
f 926//1160 170//1160 927//1160
f 170//1161 172//1161 927//1161
f 927//1162 172//1162 928//1162
f 172//1163 174//1163 928//1163
f 928//1164 174//1164 929//1164
f 929//1165 176//1165 930//1165
f 174//1166 176//1166 929//1166
f 930//1167 178//1167 931//1167
f 176//1168 178//1168 930//1168
f 931//1169 180//1169 932//1169
f 178//1170 180//1170 931//1170
f 180//1171 181//1171 932//1171
f 932//1172 181//1172 933//1172
f 181//1173 182//1173 933//1173
f 933//1174 182//1174 934//1174
f 934//1175 183//1175 935//1175
f 182//1176 183//1176 934//1176
f 935//1177 184//1177 936//1177
f 183//1178 184//1178 935//1178
f 936//1179 185//1179 937//1179
f 184//1180 185//1180 936//1180
f 937//1181 186//1181 938//1181
f 185//1182 186//1182 937//1182
f 938//1183 187//1183 939//1183
f 186//1184 187//1184 938//1184
f 939//1185 188//1185 940//1185
f 187//1186 188//1186 939//1186
f 940//1187 189//1187 941//1187
f 188//1188 189//1188 940//1188
f 941//1189 190//1189 942//1189
f 189//1190 190//1190 941//1190
f 942//1191 191//1191 943//1191
f 190//1192 191//1192 942//1192
f 943//1193 192//1193 887//1193
f 191//1194 192//1194 943//1194
f 297//1195 298//1195 944//1195
f 944//1196 298//1196 945//1196
f 945//1197 494//1197 946//1197
f 298//1198 494//1198 945//1198
f 946//1199 387//1199 947//1199
f 494//1200 387//1200 946//1200
f 947//1201 386//1201 948//1201
f 387//1202 386//1202 947//1202
f 948//1203 388//1203 949//1203
f 386//1204 388//1204 948//1204
f 949//1205 389//1205 950//1205
f 388//1206 389//1206 949//1206
f 950//1207 390//1207 951//1207
f 389//1208 390//1208 950//1208
f 951//1209 391//1209 952//1209
f 390//1210 391//1210 951//1210
f 952//1211 392//1211 953//1211
f 391//1212 392//1212 952//1212
f 953//1213 394//1213 954//1213
f 392//1214 394//1214 953//1214
f 394//1215 396//1215 954//1215
f 954//1216 396//1216 955//1216
f 396//1217 398//1217 955//1217
f 955//1218 398//1218 956//1218
f 398//1219 400//1219 956//1219
f 956//1220 400//1220 957//1220
f 957//1221 400//1221 958//1221
f 400//1222 401//1222 958//1222
f 401//1223 402//1223 958//1223
f 958//1224 402//1224 959//1224
f 402//1225 403//1225 959//1225
f 959//1226 403//1226 960//1226
f 403//1227 404//1227 960//1227
f 960//1228 404//1228 961//1228
f 961//1229 404//1229 962//1229
f 404//1230 405//1230 962//1230
f 405//1231 406//1231 962//1231
f 962//1232 406//1232 963//1232
f 963//1233 406//1233 964//1233
f 406//1234 407//1234 964//1234
f 407//1235 301//1235 964//1235
f 964//1236 301//1236 965//1236
f 965//1237 301//1237 966//1237
f 301//1238 300//1238 966//1238
f 966//1239 302//1239 967//1239
f 300//1240 302//1240 966//1240
f 967//1241 303//1241 968//1241
f 302//1242 303//1242 967//1242
f 968//1243 304//1243 969//1243
f 303//1244 304//1244 968//1244
f 969//1245 305//1245 970//1245
f 304//1246 305//1246 969//1246
f 970//1247 306//1247 971//1247
f 305//1248 306//1248 970//1248
f 971//1249 307//1249 972//1249
f 306//1250 307//1250 971//1250
f 972//1251 308//1251 973//1251
f 307//1252 308//1252 972//1252
f 973//1253 309//1253 974//1253
f 308//1254 309//1254 973//1254
f 974//1255 310//1255 975//1255
f 309//1256 310//1256 974//1256
f 975//1257 311//1257 976//1257
f 976//1258 311//1258 977//1258
f 310//1259 311//1259 975//1259
f 311//1260 312//1260 977//1260
f 977//1261 313//1261 978//1261
f 312//1262 313//1262 977//1262
f 978//1263 314//1263 979//1263
f 313//1264 314//1264 978//1264
f 979//1265 315//1265 980//1265
f 314//1266 315//1266 979//1266
f 315//1267 316//1267 980//1267
f 980//1268 316//1268 981//1268
f 316//1269 317//1269 981//1269
f 981//1270 317//1270 982//1270
f 982//1271 317//1271 983//1271
f 317//1272 318//1272 983//1272
f 318//1273 319//1273 983//1273
f 983//1274 319//1274 984//1274
f 319//1275 320//1275 984//1275
f 984//1276 320//1276 985//1276
f 320//1277 321//1277 985//1277
f 985//1278 321//1278 986//1278
f 321//1279 322//1279 986//1279
f 986//1280 322//1280 987//1280
f 322//1281 323//1281 987//1281
f 987//1282 323//1282 988//1282
f 323//1283 324//1283 988//1283
f 988//1284 324//1284 989//1284
f 324//1285 325//1285 989//1285
f 989//1286 325//1286 990//1286
f 325//1287 326//1287 990//1287
f 990//1288 326//1288 991//1288
f 326//1289 327//1289 991//1289
f 991//1290 327//1290 992//1290
f 327//1291 328//1291 992//1291
f 992//1292 328//1292 993//1292
f 328//1293 329//1293 993//1293
f 993//1294 329//1294 994//1294
f 329//1295 277//1295 994//1295
f 994//1296 277//1296 995//1296
f 277//1297 275//1297 995//1297
f 995//1298 275//1298 996//1298
f 996//1299 275//1299 997//1299
f 275//1300 273//1300 997//1300
f 273//1301 271//1301 997//1301
f 997//1302 271//1302 998//1302
f 271//1303 269//1303 998//1303
f 998//1304 269//1304 999//1304
f 269//1305 267//1305 999//1305
f 999//1306 267//1306 1000//1306
f 267//1307 265//1307 1000//1307
f 1000//1308 265//1308 1001//1308
f 1001//1309 262//1309 1002//1309
f 265//1310 262//1310 1001//1310
f 1002//1311 260//1311 1003//1311
f 262//1312 260//1312 1002//1312
f 1003//1313 258//1313 1004//1313
f 260//1314 258//1314 1003//1314
f 1004//1315 255//1315 1005//1315
f 258//1316 255//1316 1004//1316
f 255//1317 253//1317 1005//1317
f 1005//1318 253//1318 1006//1318
f 253//1319 250//1319 1006//1319
f 1006//1320 250//1320 1007//1320
f 250//1321 248//1321 1007//1321
f 1007//1322 248//1322 1008//1322
f 248//1323 246//1323 1008//1323
f 1008//1324 246//1324 1009//1324
f 246//1325 243//1325 1009//1325
f 1009//1326 243//1326 1010//1326
f 243//1327 241//1327 1010//1327
f 1010//1328 241//1328 1011//1328
f 241//1329 239//1329 1011//1329
f 1011//1330 239//1330 1012//1330
f 239//1331 237//1331 1012//1331
f 1012//1332 237//1332 1013//1332
f 237//1333 235//1333 1013//1333
f 1013//1334 235//1334 1014//1334
f 235//1335 233//1335 1014//1335
f 1014//1336 233//1336 1015//1336
f 233//1337 231//1337 1015//1337
f 1015//1338 231//1338 1016//1338
f 231//1339 229//1339 1016//1339
f 1016//1340 229//1340 1017//1340
f 1017//1341 229//1341 1018//1341
f 229//1342 227//1342 1018//1342
f 1018//1343 225//1343 1019//1343
f 227//1344 225//1344 1018//1344
f 1019//1345 223//1345 1020//1345
f 225//1346 223//1346 1019//1346
f 1020//1347 221//1347 1021//1347
f 223//1348 221//1348 1020//1348
f 1021//1349 218//1349 1022//1349
f 221//1350 218//1350 1021//1350
f 1022//1351 219//1351 1023//1351
f 218//1352 219//1352 1022//1352
f 1023//1353 220//1353 1024//1353
f 219//1354 220//1354 1023//1354
f 1024//1355 222//1355 1025//1355
f 220//1356 222//1356 1024//1356
f 1025//1357 224//1357 1026//1357
f 222//1358 224//1358 1025//1358
f 1026//1359 226//1359 1027//1359
f 224//1360 226//1360 1026//1360
f 1027//1361 228//1361 1028//1361
f 1028//1362 228//1362 1029//1362
f 226//1363 228//1363 1027//1363
f 228//1364 230//1364 1029//1364
f 1029//1365 232//1365 1030//1365
f 230//1366 232//1366 1029//1366
f 1030//1367 234//1367 1031//1367
f 232//1368 234//1368 1030//1368
f 234//1369 236//1369 1031//1369
f 1031//1370 236//1370 1032//1370
f 236//1371 238//1371 1032//1371
f 1032//1372 238//1372 1033//1372
f 238//1373 240//1373 1033//1373
f 1033//1374 240//1374 1034//1374
f 240//1375 242//1375 1034//1375
f 1034//1376 242//1376 1035//1376
f 1035//1377 244//1377 1036//1377
f 242//1378 244//1378 1035//1378
f 1036//1379 247//1379 1037//1379
f 244//1380 247//1380 1036//1380
f 1037//1381 249//1381 1038//1381
f 247//1382 249//1382 1037//1382
f 1038//1383 251//1383 1039//1383
f 249//1384 251//1384 1038//1384
f 1039//1385 254//1385 1040//1385
f 251//1386 254//1386 1039//1386
f 1040//1387 256//1387 1041//1387
f 254//1388 256//1388 1040//1388
f 1041//1389 259//1389 1042//1389
f 256//1390 259//1390 1041//1390
f 1042//1391 261//1391 1043//1391
f 259//1392 261//1392 1042//1392
f 1043//1393 263//1393 1044//1393
f 261//1394 263//1394 1043//1394
f 1044//1395 266//1395 1045//1395
f 263//1396 266//1396 1044//1396
f 1045//1397 268//1397 1046//1397
f 266//1398 268//1398 1045//1398
f 1046//1399 270//1399 1047//1399
f 268//1400 270//1400 1046//1400
f 1047//1401 272//1401 1048//1401
f 270//1402 272//1402 1047//1402
f 1048//1403 274//1403 1049//1403
f 272//1404 274//1404 1048//1404
f 1049//1405 276//1405 1050//1405
f 274//1406 276//1406 1049//1406
f 1050//1407 278//1407 1051//1407
f 276//1408 278//1408 1050//1408
f 1051//1409 279//1409 1052//1409
f 278//1410 279//1410 1051//1410
f 1052//1411 280//1411 1053//1411
f 279//1412 280//1412 1052//1412
f 1053//1413 281//1413 1054//1413
f 280//1414 281//1414 1053//1414
f 1054//1415 282//1415 1055//1415
f 281//1416 282//1416 1054//1416
f 282//1417 283//1417 1055//1417
f 1055//1418 283//1418 1056//1418
f 283//1419 284//1419 1056//1419
f 1056//1420 284//1420 1057//1420
f 284//1421 285//1421 1057//1421
f 1057//1422 285//1422 1058//1422
f 285//1423 286//1423 1058//1423
f 1058//1424 286//1424 1059//1424
f 286//1425 287//1425 1059//1425
f 1059//1426 287//1426 1060//1426
f 287//1427 288//1427 1060//1427
f 1060//1428 288//1428 1061//1428
f 288//1429 289//1429 1061//1429
f 1061//1430 289//1430 1062//1430
f 289//1431 290//1431 1062//1431
f 1062//1432 290//1432 1063//1432
f 290//1433 291//1433 1063//1433
f 1063//1434 291//1434 1064//1434
f 291//1435 292//1435 1064//1435
f 1064//1436 292//1436 1065//1436
f 292//1437 293//1437 1065//1437
f 1065//1438 293//1438 1066//1438
f 293//1439 294//1439 1066//1439
f 1066//1440 294//1440 1067//1440
f 294//1441 295//1441 1067//1441
f 1067//1442 295//1442 1068//1442
f 1068//1443 296//1443 1069//1443
f 295//1444 296//1444 1068//1444
f 1069//1445 297//1445 944//1445
f 296//1446 297//1446 1069//1446
f 425//1447 424//1447 1070//1447
f 1070//1448 424//1448 1071//1448
f 1071//1449 426//1449 1072//1449
f 424//1450 426//1450 1071//1450
f 1072//1451 427//1451 1073//1451
f 426//1452 427//1452 1072//1452
f 1073//1453 435//1453 1074//1453
f 427//1454 435//1454 1073//1454
f 1074//1455 436//1455 1075//1455
f 435//1456 436//1456 1074//1456
f 1075//1457 437//1457 1076//1457
f 436//1458 437//1458 1075//1458
f 1076//1459 438//1459 1077//1459
f 1077//1460 438//1460 1078//1460
f 437//1461 438//1461 1076//1461
f 438//1462 440//1462 1078//1462
f 1078//1463 420//1463 1079//1463
f 440//1464 420//1464 1078//1464
f 1079//1465 419//1465 1080//1465
f 420//1466 419//1466 1079//1466
f 1080//1467 418//1467 1081//1467
f 419//1468 418//1468 1080//1468
f 418//1469 417//1469 1081//1469
f 1081//1470 417//1470 1082//1470
f 417//1471 416//1471 1082//1471
f 1082//1472 416//1472 1083//1472
f 416//1473 414//1473 1083//1473
f 1083//1474 414//1474 1084//1474
f 414//1475 412//1475 1084//1475
f 1084//1476 412//1476 1085//1476
f 412//1477 410//1477 1085//1477
f 1085//1478 410//1478 1086//1478
f 410//1479 411//1479 1086//1479
f 1086//1480 411//1480 1087//1480
f 411//1481 413//1481 1087//1481
f 1087//1482 413//1482 1088//1482
f 413//1483 415//1483 1088//1483
f 1088//1484 415//1484 1089//1484
f 415//1485 428//1485 1089//1485
f 1089//1486 428//1486 1090//1486
f 1090//1487 428//1487 1091//1487
f 428//1488 429//1488 1091//1488
f 429//1489 430//1489 1091//1489
f 1091//1490 430//1490 1092//1490
f 430//1491 431//1491 1092//1491
f 1092//1492 431//1492 1093//1492
f 1093//1493 432//1493 1094//1493
f 431//1494 432//1494 1093//1494
f 1094//1495 432//1495 1095//1495
f 432//1496 433//1496 1095//1496
f 1095//1497 425//1497 1070//1497
f 433//1498 425//1498 1095//1498
f 1096//1499 421//1499 1097//1499
f 1097//1500 421//1500 422//1500
f 1098//1501 408//1501 1096//1501
f 1096//1502 408//1502 421//1502
f 408//1503 1098//1503 1099//1503
f 408//1504 1099//1504 409//1504
f 372//1505 374//1505 1100//1505
f 1100//1506 374//1506 1101//1506
f 374//1507 375//1507 1101//1507
f 1101//1508 375//1508 1102//1508
f 375//1509 376//1509 1102//1509
f 1102//1510 376//1510 1103//1510
f 376//1511 377//1511 1103//1511
f 1103//1512 377//1512 1104//1512
f 377//1513 378//1513 1104//1513
f 1104//1514 378//1514 1105//1514
f 378//1515 379//1515 1105//1515
f 1105//1516 379//1516 1106//1516
f 1106//1517 379//1517 1107//1517
f 379//1518 380//1518 1107//1518
f 380//1519 381//1519 1107//1519
f 1107//1520 381//1520 1108//1520
f 381//1521 382//1521 1108//1521
f 1108//1522 382//1522 1109//1522
f 382//1523 383//1523 1109//1523
f 1109//1524 383//1524 1110//1524
f 383//1525 384//1525 1110//1525
f 1110//1526 384//1526 1111//1526
f 384//1527 385//1527 1111//1527
f 1111//1528 385//1528 1112//1528
f 1112//1529 385//1529 1113//1529
f 385//1530 370//1530 1113//1530
f 1113//1531 369//1531 1114//1531
f 370//1532 369//1532 1113//1532
f 1114//1533 368//1533 1115//1533
f 369//1534 368//1534 1114//1534
f 1115//1535 367//1535 1116//1535
f 368//1536 367//1536 1115//1536
f 1116//1537 366//1537 1117//1537
f 367//1538 366//1538 1116//1538
f 1117//1539 364//1539 1118//1539
f 366//1540 364//1540 1117//1540
f 1118//1541 363//1541 1119//1541
f 1119//1542 363//1542 1120//1542
f 364//1543 363//1543 1118//1543
f 363//1544 365//1544 1120//1544
f 365//1545 356//1545 1120//1545
f 1120//1546 356//1546 1121//1546
f 356//1547 355//1547 1121//1547
f 1121//1548 355//1548 1122//1548
f 355//1549 357//1549 1122//1549
f 1122//1550 357//1550 1123//1550
f 357//1551 358//1551 1123//1551
f 1123//1552 358//1552 1124//1552
f 358//1553 359//1553 1124//1553
f 1124//1554 359//1554 1125//1554
f 359//1555 360//1555 1125//1555
f 1125//1556 360//1556 1126//1556
f 360//1557 361//1557 1126//1557
f 1126//1558 361//1558 1127//1558
f 361//1559 362//1559 1127//1559
f 1127//1560 362//1560 1128//1560
f 362//1561 344//1561 1128//1561
f 1128//1562 344//1562 1129//1562
f 344//1563 342//1563 1129//1563
f 1129//1564 342//1564 1130//1564
f 342//1565 340//1565 1130//1565
f 1130//1566 340//1566 1131//1566
f 340//1567 338//1567 1131//1567
f 1131//1568 338//1568 1132//1568
f 338//1569 336//1569 1132//1569
f 1132//1570 336//1570 1133//1570
f 336//1571 334//1571 1133//1571
f 1133//1572 334//1572 1134//1572
f 334//1573 330//1573 1134//1573
f 1134//1574 330//1574 1135//1574
f 330//1575 332//1575 1135//1575
f 1135//1576 332//1576 1136//1576
f 1136//1577 332//1577 1137//1577
f 332//1578 333//1578 1137//1578
f 333//1579 335//1579 1137//1579
f 1137//1580 335//1580 1138//1580
f 335//1581 337//1581 1138//1581
f 1138//1582 337//1582 1139//1582
f 337//1583 339//1583 1139//1583
f 1139//1584 339//1584 1140//1584
f 339//1585 341//1585 1140//1585
f 1140//1586 341//1586 1141//1586
f 341//1587 343//1587 1141//1587
f 1141//1588 343//1588 1142//1588
f 1142//1589 345//1589 1143//1589
f 343//1590 345//1590 1142//1590
f 1143//1591 346//1591 1144//1591
f 345//1592 346//1592 1143//1592
f 1144//1593 347//1593 1145//1593
f 346//1594 347//1594 1144//1594
f 347//1595 348//1595 1145//1595
f 1145//1596 348//1596 1146//1596
f 348//1597 349//1597 1146//1597
f 1146//1598 349//1598 1147//1598
f 1147//1599 350//1599 1148//1599
f 349//1600 350//1600 1147//1600
f 1148//1601 351//1601 1149//1601
f 350//1602 351//1602 1148//1602
f 1149//1603 352//1603 1150//1603
f 351//1604 352//1604 1149//1604
f 1150//1605 353//1605 1151//1605
f 352//1606 353//1606 1150//1606
f 1151//1607 393//1607 1152//1607
f 353//1608 393//1608 1151//1608
f 1152//1609 395//1609 1153//1609
f 393//1610 395//1610 1152//1610
f 1153//1611 397//1611 1154//1611
f 395//1612 397//1612 1153//1612
f 1154//1613 399//1613 1155//1613
f 397//1614 399//1614 1154//1614
f 1155//1615 373//1615 1156//1615
f 399//1616 373//1616 1155//1616
f 1156//1617 372//1617 1100//1617
f 373//1618 372//1618 1156//1618
f 474//1619 473//1619 1157//1619
f 1157//1620 473//1620 1158//1620
f 473//1621 475//1621 1158//1621
f 1158//1622 475//1622 1159//1622
f 475//1623 476//1623 1159//1623
f 1159//1624 476//1624 1160//1624
f 476//1625 477//1625 1160//1625
f 1160//1626 477//1626 1161//1626
f 477//1627 478//1627 1161//1627
f 1161//1628 478//1628 1162//1628
f 478//1629 479//1629 1162//1629
f 1162//1630 479//1630 1163//1630
f 479//1631 480//1631 1163//1631
f 1163//1632 480//1632 1164//1632
f 480//1633 481//1633 1164//1633
f 1164//1634 481//1634 1165//1634
f 1165//1635 481//1635 1166//1635
f 481//1636 482//1636 1166//1636
f 482//1637 483//1637 1166//1637
f 1166//1638 483//1638 1167//1638
f 483//1639 484//1639 1167//1639
f 1167//1640 484//1640 1168//1640
f 484//1641 485//1641 1168//1641
f 1168//1642 485//1642 1169//1642
f 485//1643 486//1643 1169//1643
f 1169//1644 486//1644 1170//1644
f 486//1645 493//1645 1170//1645
f 1170//1646 493//1646 1171//1646
f 1171//1647 493//1647 1172//1647
f 493//1648 471//1648 1172//1648
f 1172//1649 471//1649 1173//1649
f 471//1650 470//1650 1173//1650
f 1173//1651 468//1651 1174//1651
f 1174//1652 468//1652 1175//1652
f 470//1653 468//1653 1173//1653
f 468//1654 466//1654 1175//1654
f 1175//1655 464//1655 1176//1655
f 1176//1656 464//1656 1177//1656
f 466//1657 464//1657 1175//1657
f 464//1658 463//1658 1177//1658
f 1177//1659 461//1659 1178//1659
f 463//1660 461//1660 1177//1660
f 1178//1661 459//1661 1179//1661
f 461//1662 459//1662 1178//1662
f 1179//1663 457//1663 1180//1663
f 459//1664 457//1664 1179//1664
f 1180//1665 455//1665 1181//1665
f 457//1666 455//1666 1180//1666
f 1181//1667 453//1667 1182//1667
f 455//1668 453//1668 1181//1668
f 453//1669 451//1669 1182//1669
f 1182//1670 451//1670 1183//1670
f 1183//1671 451//1671 1184//1671
f 451//1672 449//1672 1184//1672
f 1184//1673 449//1673 1185//1673
f 449//1674 447//1674 1185//1674
f 447//1675 444//1675 1185//1675
f 1185//1676 444//1676 1186//1676
f 444//1677 443//1677 1186//1677
f 1186//1678 443//1678 1187//1678
f 443//1679 442//1679 1187//1679
f 1187//1680 442//1680 1188//1680
f 1188//1681 442//1681 1189//1681
f 442//1682 445//1682 1189//1682
f 445//1683 448//1683 1189//1683
f 1189//1684 448//1684 1190//1684
f 1190//1685 448//1685 1191//1685
f 448//1686 450//1686 1191//1686
f 450//1687 452//1687 1191//1687
f 1191//1688 452//1688 1192//1688
f 1192//1689 452//1689 1193//1689
f 452//1690 454//1690 1193//1690
f 454//1691 456//1691 1193//1691
f 1193//1692 456//1692 1194//1692
f 456//1693 458//1693 1194//1693
f 1194//1694 458//1694 1195//1694
f 458//1695 460//1695 1195//1695
f 1195//1696 460//1696 1196//1696
f 1196//1697 460//1697 1197//1697
f 460//1698 462//1698 1197//1698
f 462//1699 465//1699 1197//1699
f 1197//1700 465//1700 1198//1700
f 1198//1701 465//1701 1199//1701
f 465//1702 467//1702 1199//1702
f 467//1703 469//1703 1199//1703
f 1199//1704 469//1704 1200//1704
f 469//1705 487//1705 1200//1705
f 1200//1706 487//1706 1201//1706
f 487//1707 488//1707 1201//1707
f 1201//1708 488//1708 1202//1708
f 488//1709 489//1709 1202//1709
f 1202//1710 489//1710 1203//1710
f 489//1711 490//1711 1203//1711
f 1203//1712 490//1712 1204//1712
f 490//1713 474//1713 1204//1713
f 1204//1714 474//1714 1157//1714
f 409//1715 1099//1715 1097//1715
f 409//1716 1097//1716 422//1716
f 1205//1717 1206//1717 647//1717
f 647//1718 1207//1718 1205//1718
f 1206//1719 1208//1719 647//1719
f 647//1720 1209//1720 1207//1720
f 1208//1721 1210//1721 647//1721
f 647//1722 1211//1722 1209//1722
f 1210//1723 1212//1723 647//1723
f 647//1724 1213//1724 1211//1724
f 1212//1725 1214//1725 647//1725
f 647//1726 1215//1726 1213//1726
f 1214//1727 1216//1727 647//1727
f 647//1728 1217//1728 1215//1728
f 1216//1729 1218//1729 647//1729
f 647//1730 1219//1730 1217//1730
f 1218//1731 1220//1731 647//1731
f 647//1732 1221//1732 1219//1732
f 1220//1733 826//1733 647//1733
f 1222//1734 826//1734 1220//1734
f 1223//1735 826//1735 1222//1735
f 1224//1736 826//1736 1223//1736
f 1225//1737 826//1737 1224//1737
f 1226//1738 826//1738 1225//1738
f 1227//1739 826//1739 1226//1739
f 1227//1740 1228//1740 826//1740
f 1228//1741 1229//1741 826//1741
f 1229//1742 1230//1742 826//1742
f 1230//1743 1231//1743 826//1743
f 1231//1744 1232//1744 826//1744
f 1232//1745 1233//1745 826//1745
f 1233//1746 1234//1746 826//1746
f 1234//1747 1235//1747 826//1747
f 1235//1748 1236//1748 826//1748
f 1236//1749 1237//1749 826//1749
f 1238//1750 648//1750 1239//1750
f 1240//1751 648//1751 1238//1751
f 1241//1752 648//1752 1240//1752
f 1242//1753 648//1753 1241//1753
f 1243//1754 648//1754 1242//1754
f 1244//1755 648//1755 1243//1755
f 1245//1756 648//1756 1244//1756
f 1246//1757 648//1757 1245//1757
f 1247//1758 648//1758 1246//1758
f 1248//1759 648//1759 1247//1759
f 1249//1760 648//1760 1248//1760
f 1221//1761 648//1761 1249//1761
f 647//1762 648//1762 1221//1762
f 1250//1763 649//1763 1251//1763
f 1252//1764 649//1764 1250//1764
f 1253//1765 649//1765 1252//1765
f 1239//1766 649//1766 1253//1766
f 648//1767 649//1767 1239//1767
f 649//1768 1022//1768 1023//1768
f 1023//1769 1024//1769 649//1769
f 649//1770 1021//1770 1022//1770
f 1024//1771 1025//1771 649//1771
f 649//1772 1020//1772 1021//1772
f 1025//1773 1026//1773 649//1773
f 649//1774 1019//1774 1020//1774
f 1026//1775 1027//1775 649//1775
f 649//1776 1018//1776 1019//1776
f 1027//1777 1028//1777 649//1777
f 649//1778 1017//1778 1018//1778
f 1028//1779 1029//1779 649//1779
f 649//1780 1016//1780 1017//1780
f 1029//1781 1030//1781 649//1781
f 649//1782 1015//1782 1016//1782
f 1030//1783 1031//1783 649//1783
f 649//1784 1014//1784 1015//1784
f 1031//1785 1032//1785 649//1785
f 649//1786 1013//1786 1014//1786
f 1032//1787 1033//1787 649//1787
f 649//1788 1012//1788 1013//1788
f 649//1789 1034//1789 1251//1789
f 1033//1790 1034//1790 649//1790
f 649//1791 1011//1791 1012//1791
f 1251//1792 1035//1792 1254//1792
f 1034//1793 1035//1793 1251//1793
f 649//1794 1010//1794 1011//1794
f 1035//1795 1036//1795 1254//1795
f 649//1796 1009//1796 1010//1796
f 1254//1797 1037//1797 1255//1797
f 1036//1798 1037//1798 1254//1798
f 649//1799 1008//1799 1009//1799
f 1037//1800 1038//1800 1255//1800
f 649//1801 1007//1801 1008//1801
f 1038//1802 1039//1802 1255//1802
f 649//1803 1006//1803 1007//1803
f 1039//1804 1040//1804 1255//1804
f 1255//1805 1040//1805 1256//1805
f 649//1806 1005//1806 1006//1806
f 1040//1807 1041//1807 1256//1807
f 649//1808 1004//1808 1005//1808
f 1256//1809 1042//1809 1257//1809
f 1041//1810 1042//1810 1256//1810
f 649//1811 1003//1811 1004//1811
f 1042//1812 1043//1812 1257//1812
f 649//1813 1002//1813 1003//1813
f 1043//1814 1044//1814 1257//1814
f 1257//1815 1044//1815 1258//1815
f 649//1816 1001//1816 1002//1816
f 1044//1817 1045//1817 1258//1817
f 649//1818 1000//1818 1001//1818
f 649//1819 999//1819 1000//1819
f 649//1820 998//1820 999//1820
f 649//1821 997//1821 998//1821
f 649//1822 996//1822 997//1822
f 649//1823 995//1823 996//1823
f 992//1824 650//1824 991//1824
f 993//1825 650//1825 992//1825
f 994//1826 650//1826 993//1826
f 995//1827 650//1827 994//1827
f 649//1828 650//1828 995//1828
f 968//1829 650//1829 967//1829
f 969//1830 650//1830 968//1830
f 970//1831 650//1831 969//1831
f 971//1832 650//1832 970//1832
f 972//1833 650//1833 971//1833
f 973//1834 650//1834 972//1834
f 974//1835 650//1835 973//1835
f 975//1836 650//1836 974//1836
f 976//1837 650//1837 975//1837
f 977//1838 650//1838 976//1838
f 978//1839 650//1839 977//1839
f 979//1840 650//1840 978//1840
f 980//1841 650//1841 979//1841
f 981//1842 650//1842 980//1842
f 982//1843 650//1843 981//1843
f 983//1844 650//1844 982//1844
f 984//1845 650//1845 983//1845
f 985//1846 650//1846 984//1846
f 986//1847 650//1847 985//1847
f 987//1848 650//1848 986//1848
f 988//1849 650//1849 987//1849
f 989//1850 650//1850 988//1850
f 990//1851 650//1851 989//1851
f 991//1852 650//1852 990//1852
f 826//1853 517//1853 518//1853
f 826//1854 516//1854 517//1854
f 518//1855 519//1855 826//1855
f 1237//1856 515//1856 826//1856
f 1259//1857 515//1857 1237//1857
f 826//1858 515//1858 516//1858
f 519//1859 520//1859 826//1859
f 1258//1860 514//1860 1259//1860
f 1045//1861 514//1861 1258//1861
f 1259//1862 514//1862 515//1862
f 1046//1863 514//1863 1045//1863
f 520//1864 521//1864 826//1864
f 1046//1865 513//1865 514//1865
f 1047//1866 513//1866 1046//1866
f 1048//1867 513//1867 1047//1867
f 1049//1868 513//1868 1048//1868
f 521//1869 522//1869 826//1869
f 522//1870 523//1870 826//1870
f 1049//1871 512//1871 513//1871
f 1050//1872 512//1872 1049//1872
f 1051//1873 512//1873 1050//1873
f 1052//1874 512//1874 1051//1874
f 1053//1875 512//1875 1052//1875
f 1053//1876 511//1876 512//1876
f 1054//1877 511//1877 1053//1877
f 1055//1878 511//1878 1054//1878
f 1056//1879 511//1879 1055//1879
f 1057//1880 510//1880 1056//1880
f 1058//1881 510//1881 1057//1881
f 1059//1882 510//1882 1058//1882
f 1060//1883 510//1883 1059//1883
f 1056//1884 510//1884 511//1884
f 1060//1885 509//1885 510//1885
f 1061//1886 509//1886 1060//1886
f 1062//1887 509//1887 1061//1887
f 1063//1888 509//1888 1062//1888
f 1063//1889 508//1889 509//1889
f 1064//1890 508//1890 1063//1890
f 1065//1891 508//1891 1064//1891
f 1066//1892 508//1892 1065//1892
f 1067//1893 508//1893 1066//1893
f 1067//1894 507//1894 508//1894
f 1068//1895 507//1895 1067//1895
f 1069//1896 507//1896 1068//1896
f 944//1897 507//1897 1069//1897
f 651//1898 1260//1898 1261//1898
f 1261//1899 1262//1899 651//1899
f 651//1900 1263//1900 1260//1900
f 1262//1901 1264//1901 651//1901
f 651//1902 1265//1902 1263//1902
f 1264//1903 1266//1903 651//1903
f 651//1904 1267//1904 1265//1904
f 1266//1905 1268//1905 651//1905
f 651//1906 1269//1906 1267//1906
f 1268//1907 1270//1907 651//1907
f 651//1908 1271//1908 1269//1908
f 1270//1909 1272//1909 651//1909
f 651//1910 1273//1910 1271//1910
f 1272//1911 1274//1911 651//1911
f 651//1912 1275//1912 1273//1912
f 1274//1913 1276//1913 651//1913
f 651//1914 1277//1914 1275//1914
f 1276//1915 1278//1915 651//1915
f 651//1916 1279//1916 1277//1916
f 1278//1917 1280//1917 651//1917
f 651//1918 1281//1918 1279//1918
f 1280//1919 1282//1919 651//1919
f 651//1920 1283//1920 1281//1920
f 1282//1921 1284//1921 651//1921
f 1284//1922 1285//1922 651//1922
f 651//1923 1286//1923 650//1923
f 1285//1924 1286//1924 651//1924
f 1286//1925 1287//1925 650//1925
f 1287//1926 1288//1926 650//1926
f 1288//1927 1289//1927 650//1927
f 1289//1928 1290//1928 650//1928
f 1290//1929 1291//1929 650//1929
f 1291//1930 1292//1930 650//1930
f 1292//1931 1293//1931 650//1931
f 1293//1932 1294//1932 650//1932
f 1294//1933 1295//1933 650//1933
f 1295//1934 1296//1934 650//1934
f 1296//1935 1297//1935 650//1935
f 1297//1936 1298//1936 650//1936
f 1298//1937 1299//1937 650//1937
f 1299//1938 1300//1938 650//1938
f 1300//1939 1301//1939 650//1939
f 1301//1940 1302//1940 650//1940
f 1302//1941 1303//1941 650//1941
f 1303//1942 1304//1942 650//1942
f 1304//1943 1305//1943 650//1943
f 1306//1944 652//1944 1307//1944
f 1308//1945 652//1945 1306//1945
f 1309//1946 652//1946 1308//1946
f 1310//1947 652//1947 1309//1947
f 1311//1948 652//1948 1310//1948
f 1312//1949 652//1949 1311//1949
f 1313//1950 652//1950 1312//1950
f 1314//1951 652//1951 1313//1951
f 1315//1952 652//1952 1314//1952
f 1316//1953 652//1953 1315//1953
f 1317//1954 652//1954 1316//1954
f 1318//1955 652//1955 1317//1955
f 1319//1956 652//1956 1318//1956
f 1320//1957 652//1957 1319//1957
f 1321//1958 652//1958 1320//1958
f 1322//1959 652//1959 1321//1959
f 1323//1960 652//1960 1322//1960
f 1324//1961 652//1961 1323//1961
f 1325//1962 652//1962 1324//1962
f 1326//1963 652//1963 1325//1963
f 1327//1964 652//1964 1326//1964
f 1328//1965 652//1965 1327//1965
f 1329//1966 652//1966 1328//1966
f 1330//1967 652//1967 1329//1967
f 1331//1968 652//1968 1330//1968
f 1332//1969 652//1969 1331//1969
f 1333//1970 652//1970 1332//1970
f 1334//1971 652//1971 1333//1971
f 1335//1972 652//1972 1334//1972
f 1336//1973 652//1973 1335//1973
f 1337//1974 652//1974 1336//1974
f 1338//1975 652//1975 1337//1975
f 1339//1976 652//1976 1338//1976
f 1340//1977 652//1977 1339//1977
f 1283//1978 652//1978 1340//1978
f 651//1979 652//1979 1283//1979
f 652//1980 1341//1980 1307//1980
f 652//1981 1342//1981 1341//1981
f 652//1982 1343//1982 1342//1982
f 498//1983 556//1983 497//1983
f 498//1984 555//1984 556//1984
f 499//1985 555//1985 498//1985
f 556//1986 557//1986 497//1986
f 497//1987 557//1987 496//1987
f 499//1988 554//1988 555//1988
f 500//1989 554//1989 499//1989
f 557//1990 558//1990 496//1990
f 496//1991 558//1991 495//1991
f 500//1992 553//1992 554//1992
f 501//1993 553//1993 500//1993
f 495//1994 559//1994 530//1994
f 558//1995 559//1995 495//1995
f 501//1996 552//1996 553//1996
f 502//1997 552//1997 501//1997
f 530//1998 560//1998 529//1998
f 559//1999 560//1999 530//1999
f 529//2000 561//2000 528//2000
f 560//2001 561//2001 529//2001
f 503//2002 551//2002 502//2002
f 502//2003 551//2003 552//2003
f 504//2004 550//2004 503//2004
f 503//2005 550//2005 551//2005
f 561//2006 562//2006 528//2006
f 504//2007 549//2007 550//2007
f 948//2008 634//2008 947//2008
f 949//2009 634//2009 948//2009
f 950//2010 634//2010 949//2010
f 951//2011 634//2011 950//2011
f 952//2012 633//2012 951//2012
f 953//2013 633//2013 952//2013
f 954//2014 633//2014 953//2014
f 951//2015 633//2015 634//2015
f 954//2016 632//2016 633//2016
f 955//2017 632//2017 954//2017
f 956//2018 632//2018 955//2018
f 957//2019 632//2019 956//2019
f 958//2020 632//2020 957//2020
f 634//2021 635//2021 947//2021
f 945//2022 635//2022 944//2022
f 946//2023 635//2023 945//2023
f 947//2024 635//2024 946//2024
f 507//2025 635//2025 506//2025
f 944//2026 635//2026 507//2026
f 958//2027 631//2027 632//2027
f 959//2028 631//2028 958//2028
f 960//2029 631//2029 959//2029
f 961//2030 631//2030 960//2030
f 635//2031 636//2031 506//2031
f 506//2032 636//2032 505//2032
f 636//2033 637//2033 505//2033
f 961//2034 630//2034 631//2034
f 962//2035 630//2035 961//2035
f 963//2036 630//2036 962//2036
f 964//2037 630//2037 963//2037
f 965//2038 630//2038 964//2038
f 504//2039 638//2039 549//2039
f 637//2040 638//2040 505//2040
f 505//2041 638//2041 504//2041
f 549//2042 638//2042 548//2042
f 965//2043 629//2043 630//2043
f 650//2044 629//2044 967//2044
f 966//2045 629//2045 965//2045
f 967//2046 629//2046 966//2046
f 1344//2047 714//2047 1345//2047
f 1346//2048 714//2048 1344//2048
f 1347//2049 714//2049 1346//2049
f 1348//2050 714//2050 1347//2050
f 1349//2051 714//2051 1348//2051
f 1350//2052 714//2052 1349//2052
f 1351//2053 714//2053 1350//2053
f 1352//2054 714//2054 1351//2054
f 1353//2055 714//2055 1352//2055
f 1354//2056 714//2056 1353//2056
f 1355//2057 714//2057 1354//2057
f 1356//2058 714//2058 1355//2058
f 1357//2059 714//2059 1356//2059
f 1358//2060 714//2060 1357//2060
f 1359//2061 714//2061 1358//2061
f 1360//2062 714//2062 1359//2062
f 1361//2063 714//2063 1360//2063
f 1362//2064 714//2064 1361//2064
f 1363//2065 714//2065 1362//2065
f 1364//2066 714//2066 1363//2066
f 1365//2067 714//2067 1366//2067
f 1367//2068 714//2068 1364//2068
f 1368//2069 714//2069 1365//2069
f 1369//2070 714//2070 1367//2070
f 1370//2071 714//2071 1368//2071
f 1371//2072 714//2072 1369//2072
f 1372//2073 714//2073 1370//2073
f 1373//2074 714//2074 1371//2074
f 1374//2075 714//2075 1372//2075
f 1375//2076 714//2076 1373//2076
f 1345//2077 714//2077 1374//2077
f 1376//2078 714//2078 1375//2078
f 1377//2079 714//2079 1376//2079
f 1378//2080 714//2080 1377//2080
f 1343//2081 714//2081 1378//2081
f 652//2082 714//2082 1343//2082
f 650//2083 628//2083 629//2083
f 638//2084 639//2084 548//2084
f 548//2085 639//2085 547//2085
f 650//2086 627//2086 628//2086
f 1379//2087 627//2087 1305//2087
f 1380//2088 627//2088 1379//2088
f 1305//2089 627//2089 650//2089
f 639//2090 640//2090 547//2090
f 547//2091 640//2091 546//2091
f 1380//2092 626//2092 627//2092
f 1381//2093 626//2093 1380//2093
f 1382//2094 626//2094 1381//2094
f 1383//2095 626//2095 1382//2095
f 640//2096 641//2096 546//2096
f 546//2097 641//2097 545//2097
f 641//2098 642//2098 545//2098
f 545//2099 642//2099 544//2099
f 714//2100 625//2100 1366//2100
f 1383//2101 625//2101 626//2101
f 1384//2102 625//2102 1383//2102
f 1385//2103 625//2103 1384//2103
f 1366//2104 625//2104 1385//2104
f 642//2105 643//2105 544//2105
f 544//2106 643//2106 543//2106
f 714//2107 624//2107 625//2107
f 714//2108 623//2108 624//2108
f 643//2109 644//2109 543//2109
f 543//2110 644//2110 542//2110
f 714//2111 622//2111 623//2111
f 644//2112 645//2112 542//2112
f 542//2113 645//2113 541//2113
f 645//2114 646//2114 541//2114
f 541//2115 646//2115 540//2115
f 714//2116 621//2116 622//2116
f 646//2117 611//2117 540//2117
f 540//2118 611//2118 539//2118
f 714//2119 620//2119 621//2119
f 714//2120 619//2120 620//2120
f 611//2121 612//2121 539//2121
f 539//2122 612//2122 538//2122
f 714//2123 618//2123 619//2123
f 526//2124 1386//2124 525//2124
f 1386//2125 1387//2125 525//2125
f 527//2126 1388//2126 526//2126
f 526//2127 1388//2127 1386//2127
f 525//2128 1389//2128 524//2128
f 1387//2129 1389//2129 525//2129
f 528//2130 1390//2130 527//2130
f 527//2131 1390//2131 1388//2131
f 523//2132 1391//2132 826//2132
f 1389//2133 1391//2133 524//2133
f 524//2134 1391//2134 523//2134
f 563//2135 1392//2135 562//2135
f 562//2136 1392//2136 528//2136
f 528//2137 1392//2137 1390//2137
f 1391//2138 1393//2138 826//2138
f 564//2139 1394//2139 563//2139
f 563//2140 1394//2140 1392//2140
f 565//2141 1395//2141 564//2141
f 564//2142 1395//2142 1394//2142
f 566//2143 1396//2143 565//2143
f 565//2144 1396//2144 1395//2144
f 566//2145 1397//2145 1396//2145
f 567//2146 1398//2146 566//2146
f 566//2147 1398//2147 1397//2147
f 568//2148 1399//2148 567//2148
f 567//2149 1399//2149 1398//2149
f 569//2150 1400//2150 568//2150
f 568//2151 1400//2151 1399//2151
f 570//2152 1401//2152 569//2152
f 569//2153 1401//2153 1400//2153
f 531//2154 1402//2154 570//2154
f 570//2155 1402//2155 1401//2155
f 531//2156 1403//2156 1402//2156
f 532//2157 1403//2157 531//2157
f 532//2158 1404//2158 1403//2158
f 1405//2159 1406//2159 1407//2159
f 1405//2160 1408//2160 1406//2160
f 1409//2161 1408//2161 1405//2161
f 1406//2162 1410//2162 1407//2162
f 1411//2163 1412//2163 1409//2163
f 1409//2164 1412//2164 1408//2164
f 1410//2165 1413//2165 1407//2165
f 1407//2166 1413//2166 1393//2166
f 1393//2167 1413//2167 826//2167
f 1414//2168 1415//2168 1411//2168
f 1411//2169 1415//2169 1412//2169
f 1413//2170 1416//2170 826//2170
f 1417//2171 1418//2171 1414//2171
f 1414//2172 1418//2172 1415//2172
f 1416//2173 1419//2173 826//2173
f 1420//2174 1421//2174 1417//2174
f 1417//2175 1421//2175 1418//2175
f 1419//2176 1422//2176 826//2176
f 1420//2177 1423//2177 1421//2177
f 1422//2178 1424//2178 826//2178
f 1425//2179 1426//2179 1420//2179
f 1420//2180 1426//2180 1423//2180
f 1424//2181 1427//2181 826//2181
f 1428//2182 1099//2182 1429//2182
f 1430//2183 1099//2183 1428//2183
f 1431//2184 1099//2184 1430//2184
f 1432//2185 1099//2185 1431//2185
f 1433//2186 1099//2186 1425//2186
f 1434//2187 1099//2187 1433//2187
f 1435//2188 1099//2188 1434//2188
f 1436//2189 1099//2189 1435//2189
f 1437//2190 1099//2190 1436//2190
f 1429//2191 1099//2191 1437//2191
f 1425//2192 1099//2192 1426//2192
f 1438//2193 1099//2193 1439//2193
f 1440//2194 1099//2194 1438//2194
f 1441//2195 1099//2195 1440//2195
f 1442//2196 1099//2196 1441//2196
f 1426//2197 1099//2197 1442//2197
f 1099//2198 1443//2198 1439//2198
f 1099//2199 1444//2199 1443//2199
f 1099//2200 1445//2200 1444//2200
f 1099//2201 1446//2201 1445//2201
f 1099//2202 1447//2202 1446//2202
f 1099//2203 1448//2203 1447//2203
f 1099//2204 1449//2204 1448//2204
f 1099//2205 1450//2205 1449//2205
f 1099//2206 1451//2206 1450//2206
f 1452//2207 596//2207 1453//2207
f 1453//2208 597//2208 1454//2208
f 596//2209 597//2209 1453//2209
f 1452//2210 595//2210 596//2210
f 1455//2211 595//2211 1452//2211
f 1454//2212 598//2212 1456//2212
f 597//2213 598//2213 1454//2213
f 1455//2214 594//2214 595//2214
f 1457//2215 594//2215 1455//2215
f 1458//2216 593//2216 1457//2216
f 1457//2217 593//2217 594//2217
f 1456//2218 599//2218 1459//2218
f 598//2219 599//2219 1456//2219
f 1459//2220 600//2220 1432//2220
f 1432//2221 600//2221 1099//2221
f 599//2222 600//2222 1459//2222
f 1460//2223 592//2223 1458//2223
f 1458//2224 592//2224 593//2224
f 600//2225 601//2225 1099//2225
f 1461//2226 591//2226 1460//2226
f 1460//2227 591//2227 592//2227
f 1404//2228 590//2228 1461//2228
f 532//2229 590//2229 1404//2229
f 1461//2230 590//2230 591//2230
f 601//2231 602//2231 1099//2231
f 602//2232 603//2232 1099//2232
f 533//2233 589//2233 532//2233
f 534//2234 589//2234 533//2234
f 532//2235 589//2235 590//2235
f 603//2236 604//2236 1099//2236
f 534//2237 588//2237 589//2237
f 534//2238 587//2238 588//2238
f 535//2239 587//2239 534//2239
f 536//2240 587//2240 535//2240
f 604//2241 605//2241 1099//2241
f 605//2242 606//2242 1099//2242
f 536//2243 586//2243 587//2243
f 606//2244 607//2244 1099//2244
f 607//2245 608//2245 1099//2245
f 608//2246 609//2246 1099//2246
f 1462//2247 1098//2247 1463//2247
f 1464//2248 1098//2248 1462//2248
f 1465//2249 1098//2249 1464//2249
f 1099//2250 1098//2250 1451//2250
f 1466//2251 1098//2251 1465//2251
f 1467//2252 1098//2252 1466//2252
f 1468//2253 1098//2253 1467//2253
f 1469//2254 1098//2254 1468//2254
f 1470//2255 1098//2255 1469//2255
f 1471//2256 1098//2256 1470//2256
f 1472//2257 1098//2257 1471//2257
f 1473//2258 1098//2258 1472//2258
f 1474//2259 1098//2259 1473//2259
f 1475//2260 1098//2260 1474//2260
f 1476//2261 1098//2261 1475//2261
f 1477//2262 1098//2262 1476//2262
f 1478//2263 1098//2263 1477//2263
f 1479//2264 1098//2264 1478//2264
f 1451//2265 1098//2265 1479//2265
f 616//2266 1097//2266 615//2266
f 617//2267 1097//2267 616//2267
f 536//2268 1097//2268 586//2268
f 578//2269 1097//2269 577//2269
f 579//2270 1097//2270 578//2270
f 580//2271 1097//2271 579//2271
f 581//2272 1097//2272 580//2272
f 582//2273 1097//2273 581//2273
f 583//2274 1097//2274 582//2274
f 584//2275 1097//2275 583//2275
f 585//2276 1097//2276 584//2276
f 586//2277 1097//2277 585//2277
f 612//2278 1097//2278 538//2278
f 537//2279 1097//2279 536//2279
f 538//2280 1097//2280 537//2280
f 613//2281 1097//2281 612//2281
f 614//2282 1097//2282 613//2282
f 615//2283 1097//2283 614//2283
f 1480//2284 1086//2284 1481//2284
f 1482//2285 1086//2285 1480//2285
f 1483//2286 1087//2286 1484//2286
f 1481//2287 1087//2287 1483//2287
f 1086//2288 1087//2288 1481//2288
f 1485//2289 1085//2289 1482//2289
f 1486//2290 1085//2290 1485//2290
f 1482//2291 1085//2291 1086//2291
f 1087//2292 1088//2292 1484//2292
f 1487//2293 1088//2293 1488//2293
f 1484//2294 1088//2294 1487//2294
f 1463//2295 1084//2295 1486//2295
f 1098//2296 1084//2296 1463//2296
f 1486//2297 1084//2297 1085//2297
f 1488//2298 1089//2298 1489//2298
f 1088//2299 1089//2299 1488//2299
f 1098//2300 1083//2300 1084//2300
f 1098//2301 1082//2301 1083//2301
f 1098//2302 1081//2302 1082//2302
f 1098//2303 1080//2303 1081//2303
f 1098//2304 1079//2304 1080//2304
f 1097//2305 1490//2305 1491//2305
f 1491//2306 1492//2306 1097//2306
f 1097//2307 1493//2307 1490//2307
f 1492//2308 1494//2308 1097//2308
f 1097//2309 1495//2309 1493//2309
f 1494//2310 1496//2310 1097//2310
f 1097//2311 1497//2311 1495//2311
f 1496//2312 1498//2312 1097//2312
f 1097//2313 1499//2313 1497//2313
f 1498//2314 1500//2314 1097//2314
f 1097//2315 1501//2315 1499//2315
f 1500//2316 1502//2316 1097//2316
f 1097//2317 1503//2317 1501//2317
f 1097//2318 1504//2318 1503//2318
f 1097//2319 1505//2319 1504//2319
f 1097//2320 1506//2320 1505//2320
f 1097//2321 1507//2321 1506//2321
f 618//2322 1508//2322 617//2322
f 1097//2323 1508//2323 1507//2323
f 617//2324 1508//2324 1097//2324
f 618//2325 1509//2325 1508//2325
f 714//2326 1509//2326 618//2326
f 714//2327 1510//2327 1509//2327
f 714//2328 1511//2328 1510//2328
f 714//2329 1512//2329 1511//2329
f 1513//2330 1096//2330 1502//2330
f 1514//2331 1096//2331 1513//2331
f 1515//2332 1096//2332 1514//2332
f 1516//2333 1096//2333 1515//2333
f 1517//2334 1096//2334 1516//2334
f 1518//2335 1096//2335 1517//2335
f 1519//2336 1096//2336 1518//2336
f 1520//2337 1096//2337 1519//2337
f 1521//2338 1096//2338 1520//2338
f 1502//2339 1096//2339 1097//2339
f 1521//2340 1522//2340 1096//2340
f 714//2341 1523//2341 1512//2341
f 1522//2342 1524//2342 1096//2342
f 714//2343 1525//2343 1523//2343
f 1524//2344 1526//2344 1096//2344
f 1489//2345 825//2345 1427//2345
f 1090//2346 825//2346 1089//2346
f 1091//2347 825//2347 1090//2347
f 1092//2348 825//2348 1091//2348
f 1093//2349 825//2349 1092//2349
f 1094//2350 825//2350 1093//2350
f 1089//2351 825//2351 1489//2351
f 1427//2352 825//2352 826//2352
f 1526//2353 1527//2353 1096//2353
f 1527//2354 1528//2354 1096//2354
f 1528//2355 1529//2355 1096//2355
f 1529//2356 1530//2356 1096//2356
f 1530//2357 1531//2357 1096//2357
f 1531//2358 1532//2358 1096//2358
f 1094//2359 1533//2359 825//2359
f 825//2360 1533//2360 1534//2360
f 1534//2361 1535//2361 825//2361
f 1094//2362 1536//2362 1533//2362
f 1095//2363 1536//2363 1094//2363
f 1535//2364 1537//2364 825//2364
f 1095//2365 1538//2365 1536//2365
f 1070//2366 1538//2366 1095//2366
f 1537//2367 1539//2367 825//2367
f 1070//2368 1540//2368 1538//2368
f 1539//2369 1541//2369 825//2369
f 1071//2370 1542//2370 1070//2370
f 1070//2371 1542//2371 1540//2371
f 1541//2372 1543//2372 825//2372
f 1071//2373 1544//2373 1542//2373
f 1543//2374 1545//2374 825//2374
f 1072//2375 1546//2375 1071//2375
f 1071//2376 1546//2376 1544//2376
f 1545//2377 1547//2377 825//2377
f 1073//2378 1548//2378 1072//2378
f 1072//2379 1548//2379 1546//2379
f 1547//2380 1549//2380 825//2380
f 1073//2381 1550//2381 1548//2381
f 1549//2382 1551//2382 825//2382
f 1074//2383 1552//2383 1073//2383
f 1073//2384 1552//2384 1550//2384
f 1551//2385 1553//2385 825//2385
f 1074//2386 1554//2386 1552//2386
f 1553//2387 1555//2387 825//2387
f 1075//2388 1556//2388 1074//2388
f 1074//2389 1556//2389 1554//2389
f 1075//2390 1557//2390 1556//2390
f 1076//2391 1558//2391 1075//2391
f 1075//2392 1558//2392 1557//2392
f 1076//2393 1559//2393 1558//2393
f 1076//2394 1560//2394 1559//2394
f 1561//2395 772//2395 1555//2395
f 1562//2396 772//2396 1561//2396
f 1563//2397 772//2397 1562//2397
f 1564//2398 772//2398 1563//2398
f 1565//2399 772//2399 1564//2399
f 1566//2400 772//2400 1565//2400
f 1555//2401 772//2401 825//2401
f 1566//2402 1567//2402 772//2402
f 1567//2403 1568//2403 772//2403
f 1568//2404 1569//2404 772//2404
f 1569//2405 1570//2405 772//2405
f 1570//2406 1571//2406 772//2406
f 1571//2407 1572//2407 772//2407
f 1572//2408 1573//2408 772//2408
f 1077//2409 770//2409 1076//2409
f 1078//2410 770//2410 1077//2410
f 1079//2411 770//2411 1078//2411
f 1574//2412 770//2412 1575//2412
f 1576//2413 770//2413 1574//2413
f 1577//2414 770//2414 1576//2414
f 1578//2415 770//2415 1577//2415
f 1579//2416 770//2416 1578//2416
f 1580//2417 770//2417 1579//2417
f 1581//2418 770//2418 1580//2418
f 1582//2419 770//2419 1581//2419
f 1583//2420 770//2420 1582//2420
f 1560//2421 770//2421 1583//2421
f 1076//2422 770//2422 1560//2422
f 770//2423 771//2423 1575//2423
f 1573//2424 771//2424 772//2424
f 1584//2425 771//2425 1573//2425
f 1585//2426 771//2426 1584//2426
f 1586//2427 771//2427 1585//2427
f 1587//2428 771//2428 1586//2428
f 1588//2429 771//2429 1587//2429
f 1589//2430 771//2430 1588//2430
f 1575//2431 771//2431 1589//2431
f 1187//2432 1188//2432 1096//2432
f 1096//2433 1186//2433 1187//2433
f 1096//2434 1185//2434 1186//2434
f 770//2435 1189//2435 769//2435
f 1079//2436 1189//2436 770//2436
f 1188//2437 1189//2437 1096//2437
f 1096//2438 1189//2438 1098//2438
f 1098//2439 1189//2439 1079//2439
f 1096//2440 1184//2440 1185//2440
f 1189//2441 1190//2441 769//2441
f 1096//2442 1183//2442 1184//2442
f 1190//2443 1191//2443 769//2443
f 1191//2444 1192//2444 769//2444
f 1096//2445 1182//2445 1183//2445
f 1096//2446 1181//2446 1182//2446
f 1192//2447 1193//2447 769//2447
f 1096//2448 1180//2448 1181//2448
f 1532//2449 1179//2449 1096//2449
f 1590//2450 1179//2450 1532//2450
f 1096//2451 1179//2451 1180//2451
f 1590//2452 1178//2452 1179//2452
f 1591//2453 1178//2453 1590//2453
f 1591//2454 1177//2454 1178//2454
f 1592//2455 1177//2455 1591//2455
f 1592//2456 1176//2456 1177//2456
f 1593//2457 1176//2457 1592//2457
f 1594//2458 1175//2458 1593//2458
f 1593//2459 1175//2459 1176//2459
f 1595//2460 1174//2460 1594//2460
f 1596//2461 1174//2461 1595//2461
f 1594//2462 1174//2462 1175//2462
f 1597//2463 1173//2463 1596//2463
f 1596//2464 1173//2464 1174//2464
f 1597//2465 1172//2465 1173//2465
f 1598//2466 1172//2466 1597//2466
f 1598//2467 1171//2467 1172//2467
f 1194//2468 1599//2468 1193//2468
f 1193//2469 1599//2469 769//2469
f 1195//2470 1600//2470 1194//2470
f 1194//2471 1600//2471 1599//2471
f 1599//2472 1601//2472 769//2472
f 1196//2473 1602//2473 1195//2473
f 1195//2474 1602//2474 1600//2474
f 1601//2475 1603//2475 769//2475
f 1196//2476 1604//2476 1602//2476
f 1197//2477 1604//2477 1196//2477
f 1603//2478 1605//2478 769//2478
f 1198//2479 1606//2479 1197//2479
f 1197//2480 1606//2480 1604//2480
f 1605//2481 1607//2481 769//2481
f 1199//2482 1608//2482 1198//2482
f 1198//2483 1608//2483 1606//2483
f 1607//2484 1609//2484 769//2484
f 1200//2485 1610//2485 1199//2485
f 1199//2486 1610//2486 1608//2486
f 1609//2487 1611//2487 769//2487
f 1201//2488 1612//2488 1200//2488
f 1200//2489 1612//2489 1610//2489
f 1611//2490 1613//2490 769//2490
f 1202//2491 1614//2491 1201//2491
f 1201//2492 1614//2492 1612//2492
f 1613//2493 1615//2493 769//2493
f 1203//2494 1616//2494 1202//2494
f 1202//2495 1616//2495 1614//2495
f 1615//2496 1617//2496 769//2496
f 1204//2497 1618//2497 1203//2497
f 1203//2498 1618//2498 1616//2498
f 1617//2499 1619//2499 769//2499
f 1157//2500 1620//2500 1204//2500
f 1204//2501 1620//2501 1618//2501
f 769//2502 1621//2502 767//2502
f 1619//2503 1621//2503 769//2503
f 1157//2504 1622//2504 1620//2504
f 1158//2505 1622//2505 1157//2505
f 1621//2506 1623//2506 767//2506
f 1159//2507 1624//2507 1158//2507
f 1158//2508 1624//2508 1622//2508
f 1623//2509 1625//2509 767//2509
f 1160//2510 1626//2510 1159//2510
f 1159//2511 1626//2511 1624//2511
f 1625//2512 1627//2512 767//2512
f 1627//2513 1628//2513 767//2513
f 1628//2514 1629//2514 767//2514
f 1629//2515 1630//2515 767//2515
f 1630//2516 1631//2516 767//2516
f 1632//2517 713//2517 1633//2517
f 1634//2518 713//2518 1632//2518
f 1635//2519 713//2519 1634//2519
f 1636//2520 713//2520 1635//2520
f 1637//2521 713//2521 1636//2521
f 1638//2522 713//2522 1637//2522
f 1639//2523 713//2523 1638//2523
f 1640//2524 713//2524 1639//2524
f 1641//2525 713//2525 1640//2525
f 1642//2526 713//2526 1641//2526
f 1643//2527 713//2527 1642//2527
f 1626//2528 713//2528 1643//2528
f 1161//2529 713//2529 1160//2529
f 1162//2530 713//2530 1161//2530
f 1163//2531 713//2531 1162//2531
f 1164//2532 713//2532 1163//2532
f 1165//2533 713//2533 1164//2533
f 1166//2534 713//2534 1165//2534
f 1167//2535 713//2535 1166//2535
f 1168//2536 713//2536 1167//2536
f 1169//2537 713//2537 1168//2537
f 1170//2538 713//2538 1169//2538
f 1160//2539 713//2539 1626//2539
f 1631//2540 768//2540 767//2540
f 1644//2541 768//2541 1645//2541
f 1646//2542 768//2542 1644//2542
f 1647//2543 768//2543 1646//2543
f 1648//2544 768//2544 1647//2544
f 1649//2545 768//2545 1648//2545
f 1650//2546 768//2546 1649//2546
f 1651//2547 768//2547 1650//2547
f 1652//2548 768//2548 1651//2548
f 1653//2549 768//2549 1652//2549
f 1633//2550 768//2550 1653//2550
f 713//2551 768//2551 1633//2551
f 1654//2552 768//2552 1631//2552
f 1655//2553 768//2553 1654//2553
f 1645//2554 768//2554 1655//2554
f 714//2555 713//2555 1170//2555
f 714//2556 1170//2556 1171//2556
f 714//2557 1171//2557 1656//2557
f 714//2558 1656//2558 1657//2558
f 714//2559 1657//2559 1658//2559
f 714//2560 1658//2560 1659//2560
f 714//2561 1659//2561 1525//2561
f 1656//2562 1171//2562 1660//2562
f 1660//2563 1171//2563 1598//2563
f 1097//2564 1099//2564 571//2564
f 1097//2565 571//2565 572//2565
f 1097//2566 572//2566 573//2566
f 1097//2567 573//2567 574//2567
f 1097//2568 574//2568 575//2568
f 1097//2569 575//2569 576//2569
f 1097//2570 576//2570 577//2570
f 571//2571 1099//2571 610//2571
f 610//2572 1099//2572 609//2572
f 1661//2573 828//2573 647//2573
f 647//2574 828//2574 162//2574
f 652//2575 354//2575 1662//2575
f 1662//2576 354//2576 668//2576
f 693//2577 1663//2577 1662//2577
f 693//2578 1662//2578 668//2578
f 1663//2579 693//2579 1664//2579
f 1664//2580 693//2580 704//2580
f 371//2581 714//2581 1664//2581
f 371//2582 1664//2582 704//2582
f 706//2583 705//2583 1665//2583
f 1665//2584 705//2584 1666//2584
f 705//2585 707//2585 1666//2585
f 1666//2586 707//2586 1667//2586
f 707//2587 708//2587 1667//2587
f 1667//2588 708//2588 1668//2588
f 708//2589 709//2589 1668//2589
f 1668//2590 709//2590 1669//2590
f 709//2591 710//2591 1669//2591
f 1669//2592 710//2592 1670//2592
f 710//2593 695//2593 1670//2593
f 1670//2594 695//2594 1671//2594
f 1671//2595 695//2595 1672//2595
f 695//2596 694//2596 1672//2596
f 694//2597 696//2597 1672//2597
f 1672//2598 696//2598 1673//2598
f 696//2599 697//2599 1673//2599
f 1673//2600 697//2600 1674//2600
f 697//2601 698//2601 1674//2601
f 1674//2602 698//2602 1675//2602
f 698//2603 699//2603 1675//2603
f 1675//2604 699//2604 1676//2604
f 699//2605 700//2605 1676//2605
f 1676//2606 700//2606 1677//2606
f 1677//2607 700//2607 1678//2607
f 700//2608 701//2608 1678//2608
f 1678//2609 702//2609 1679//2609
f 701//2610 702//2610 1678//2610
f 1679//2611 703//2611 1680//2611
f 702//2612 703//2612 1679//2612
f 1680//2613 692//2613 1681//2613
f 703//2614 692//2614 1680//2614
f 1681//2615 691//2615 1682//2615
f 692//2616 691//2616 1681//2616
f 1682//2617 679//2617 1683//2617
f 691//2618 679//2618 1682//2618
f 1683//2619 678//2619 1684//2619
f 1684//2620 678//2620 1685//2620
f 679//2621 678//2621 1683//2621
f 678//2622 677//2622 1685//2622
f 677//2623 676//2623 1685//2623
f 1685//2624 676//2624 1686//2624
f 676//2625 670//2625 1686//2625
f 1686//2626 670//2626 1687//2626
f 670//2627 669//2627 1687//2627
f 1687//2628 669//2628 1688//2628
f 669//2629 671//2629 1688//2629
f 1688//2630 671//2630 1689//2630
f 671//2631 672//2631 1689//2631
f 1689//2632 672//2632 1690//2632
f 672//2633 673//2633 1690//2633
f 1690//2634 673//2634 1691//2634
f 673//2635 674//2635 1691//2635
f 1691//2636 674//2636 1692//2636
f 674//2637 675//2637 1692//2637
f 1692//2638 675//2638 1693//2638
f 675//2639 666//2639 1693//2639
f 1693//2640 666//2640 1694//2640
f 666//2641 664//2641 1694//2641
f 1694//2642 664//2642 1695//2642
f 664//2643 662//2643 1695//2643
f 1695//2644 662//2644 1696//2644
f 662//2645 660//2645 1696//2645
f 1696//2646 660//2646 1697//2646
f 660//2647 658//2647 1697//2647
f 1697//2648 658//2648 1698//2648
f 658//2649 656//2649 1698//2649
f 1698//2650 656//2650 1699//2650
f 656//2651 653//2651 1699//2651
f 1699//2652 653//2652 1700//2652
f 653//2653 654//2653 1700//2653
f 1700//2654 654//2654 1701//2654
f 1701//2655 654//2655 1702//2655
f 654//2656 655//2656 1702//2656
f 655//2657 657//2657 1702//2657
f 1702//2658 657//2658 1703//2658
f 657//2659 659//2659 1703//2659
f 1703//2660 659//2660 1704//2660
f 659//2661 661//2661 1704//2661
f 1704//2662 661//2662 1705//2662
f 661//2663 663//2663 1705//2663
f 1705//2664 663//2664 1706//2664
f 663//2665 665//2665 1706//2665
f 1706//2666 665//2666 1707//2666
f 1707//2667 667//2667 1708//2667
f 665//2668 667//2668 1707//2668
f 1708//2669 680//2669 1709//2669
f 667//2670 680//2670 1708//2670
f 1709//2671 681//2671 1710//2671
f 680//2672 681//2672 1709//2672
f 681//2673 682//2673 1710//2673
f 1710//2674 682//2674 1711//2674
f 682//2675 683//2675 1711//2675
f 1711//2676 683//2676 1712//2676
f 1712//2677 684//2677 1713//2677
f 683//2678 684//2678 1712//2678
f 1713//2679 685//2679 1714//2679
f 684//2680 685//2680 1713//2680
f 1714//2681 686//2681 1715//2681
f 685//2682 686//2682 1714//2682
f 1715//2683 687//2683 1716//2683
f 686//2684 687//2684 1715//2684
f 1716//2685 688//2685 1717//2685
f 687//2686 688//2686 1716//2686
f 1717//2687 689//2687 1718//2687
f 688//2688 689//2688 1717//2688
f 1718//2689 690//2689 1719//2689
f 689//2690 690//2690 1718//2690
f 1719//2691 711//2691 1720//2691
f 690//2692 711//2692 1719//2692
f 1720//2693 712//2693 1721//2693
f 711//2694 712//2694 1720//2694
f 1721//2695 706//2695 1665//2695
f 712//2696 706//2696 1721//2696
f 713//2697 472//2697 1722//2697
f 1722//2698 472//2698 723//2698
f 1723//2699 1722//2699 723//2699
f 743//2700 1723//2700 723//2700
f 755//2701 1724//2701 1723//2701
f 755//2702 1723//2702 743//2702
f 491//2703 768//2703 1724//2703
f 491//2704 1724//2704 755//2704
f 753//2705 756//2705 1725//2705
f 1725//2706 756//2706 1726//2706
f 756//2707 757//2707 1726//2707
f 1726//2708 757//2708 1727//2708
f 757//2709 758//2709 1727//2709
f 1727//2710 758//2710 1728//2710
f 758//2711 759//2711 1728//2711
f 1728//2712 759//2712 1729//2712
f 759//2713 760//2713 1729//2713
f 1729//2714 760//2714 1730//2714
f 760//2715 761//2715 1730//2715
f 1730//2716 761//2716 1731//2716
f 1731//2717 761//2717 1732//2717
f 761//2718 762//2718 1732//2718
f 762//2719 763//2719 1732//2719
f 1732//2720 763//2720 1733//2720
f 1733//2721 763//2721 1734//2721
f 763//2722 764//2722 1734//2722
f 764//2723 765//2723 1734//2723
f 1734//2724 765//2724 1735//2724
f 765//2725 766//2725 1735//2725
f 1735//2726 766//2726 1736//2726
f 766//2727 754//2727 1736//2727
f 1736//2728 754//2728 1737//2728
f 754//2729 752//2729 1737//2729
f 1737//2730 752//2730 1738//2730
f 752//2731 750//2731 1738//2731
f 1738//2732 750//2732 1739//2732
f 1739//2733 748//2733 1740//2733
f 750//2734 748//2734 1739//2734
f 1740//2735 745//2735 1741//2735
f 1741//2736 745//2736 1742//2736
f 748//2737 745//2737 1740//2737
f 745//2738 744//2738 1742//2738
f 1742//2739 746//2739 1743//2739
f 744//2740 746//2740 1742//2740
f 1743//2741 747//2741 1744//2741
f 746//2742 747//2742 1743//2742
f 1744//2743 732//2743 1745//2743
f 747//2744 732//2744 1744//2744
f 1745//2745 731//2745 1746//2745
f 732//2746 731//2746 1745//2746
f 1746//2747 730//2747 1747//2747
f 731//2748 730//2748 1746//2748
f 1747//2749 729//2749 1748//2749
f 730//2750 729//2750 1747//2750
f 1748//2751 728//2751 1749//2751
f 729//2752 728//2752 1748//2752
f 728//2753 727//2753 1749//2753
f 1749//2754 727//2754 1750//2754
f 727//2755 725//2755 1750//2755
f 1750//2756 725//2756 1751//2756
f 725//2757 722//2757 1751//2757
f 1751//2758 722//2758 1752//2758
f 1752//2759 722//2759 1753//2759
f 722//2760 720//2760 1753//2760
f 720//2761 718//2761 1753//2761
f 1753//2762 718//2762 1754//2762
f 718//2763 715//2763 1754//2763
f 1754//2764 715//2764 1755//2764
f 715//2765 716//2765 1755//2765
f 1755//2766 716//2766 1756//2766
f 716//2767 717//2767 1756//2767
f 1756//2768 717//2768 1757//2768
f 717//2769 719//2769 1757//2769
f 1757//2770 719//2770 1758//2770
f 1758//2771 719//2771 1759//2771
f 719//2772 721//2772 1759//2772
f 721//2773 724//2773 1759//2773
f 1759//2774 724//2774 1760//2774
f 724//2775 726//2775 1760//2775
f 1760//2776 726//2776 1761//2776
f 726//2777 733//2777 1761//2777
f 1761//2778 733//2778 1762//2778
f 733//2779 734//2779 1762//2779
f 1762//2780 734//2780 1763//2780
f 734//2781 735//2781 1763//2781
f 1763//2782 735//2782 1764//2782
f 735//2783 736//2783 1764//2783
f 1764//2784 736//2784 1765//2784
f 1765//2785 736//2785 1766//2785
f 736//2786 737//2786 1766//2786
f 737//2787 738//2787 1766//2787
f 1766//2788 738//2788 1767//2788
f 738//2789 739//2789 1767//2789
f 1767//2790 739//2790 1768//2790
f 739//2791 740//2791 1768//2791
f 1768//2792 740//2792 1769//2792
f 1769//2793 740//2793 1770//2793
f 740//2794 741//2794 1770//2794
f 741//2795 742//2795 1770//2795
f 1770//2796 742//2796 1771//2796
f 742//2797 749//2797 1771//2797
f 1771//2798 749//2798 1772//2798
f 749//2799 751//2799 1772//2799
f 1772//2800 751//2800 1773//2800
f 1773//2801 753//2801 1725//2801
f 751//2802 753//2802 1773//2802
f 794//2803 1774//2803 772//2803
f 794//2804 772//2804 439//2804
f 1775//2805 423//2805 825//2805
f 1775//2806 778//2806 423//2806
f 1775//2807 1776//2807 778//2807
f 1776//2808 774//2808 778//2808
f 1774//2809 794//2809 1776//2809
f 1776//2810 794//2810 774//2810
f 810//2811 811//2811 1777//2811
f 1777//2812 811//2812 1778//2812
f 811//2813 812//2813 1778//2813
f 1778//2814 812//2814 1779//2814
f 812//2815 813//2815 1779//2815
f 1779//2816 813//2816 1780//2816
f 813//2817 814//2817 1780//2817
f 1780//2818 814//2818 1781//2818
f 814//2819 815//2819 1781//2819
f 1781//2820 815//2820 1782//2820
f 815//2821 816//2821 1782//2821
f 1782//2822 816//2822 1783//2822
f 1783//2823 816//2823 1784//2823
f 816//2824 817//2824 1784//2824
f 817//2825 818//2825 1784//2825
f 1784//2826 818//2826 1785//2826
f 1785//2827 818//2827 1786//2827
f 818//2828 819//2828 1786//2828
f 819//2829 820//2829 1786//2829
f 1786//2830 820//2830 1787//2830
f 820//2831 821//2831 1787//2831
f 1787//2832 821//2832 1788//2832
f 821//2833 822//2833 1788//2833
f 1788//2834 822//2834 1789//2834
f 822//2835 823//2835 1789//2835
f 1789//2836 823//2836 1790//2836
f 823//2837 824//2837 1790//2837
f 1790//2838 824//2838 1791//2838
f 1791//2839 807//2839 1792//2839
f 824//2840 807//2840 1791//2840
f 1792//2841 805//2841 1793//2841
f 1793//2842 805//2842 1794//2842
f 807//2843 805//2843 1792//2843
f 805//2844 803//2844 1794//2844
f 1794//2845 801//2845 1795//2845
f 803//2846 801//2846 1794//2846
f 1795//2847 793//2847 1796//2847
f 801//2848 793//2848 1795//2848
f 1796//2849 792//2849 1797//2849
f 793//2850 792//2850 1796//2850
f 1797//2851 791//2851 1798//2851
f 792//2852 791//2852 1797//2852
f 1798//2853 790//2853 1799//2853
f 791//2854 790//2854 1798//2854
f 1799//2855 789//2855 1800//2855
f 790//2856 789//2856 1799//2856
f 1800//2857 788//2857 1801//2857
f 789//2858 788//2858 1800//2858
f 788//2859 786//2859 1801//2859
f 1801//2860 786//2860 1802//2860
f 786//2861 784//2861 1802//2861
f 1802//2862 784//2862 1803//2862
f 784//2863 782//2863 1803//2863
f 1803//2864 782//2864 1804//2864
f 1804//2865 782//2865 1805//2865
f 782//2866 780//2866 1805//2866
f 780//2867 777//2867 1805//2867
f 1805//2868 777//2868 1806//2868
f 777//2869 773//2869 1806//2869
f 1806//2870 773//2870 1807//2870
f 773//2871 775//2871 1807//2871
f 1807//2872 775//2872 1808//2872
f 775//2873 776//2873 1808//2873
f 1808//2874 776//2874 1809//2874
f 776//2875 779//2875 1809//2875
f 1809//2876 779//2876 1810//2876
f 1810//2877 779//2877 1811//2877
f 779//2878 781//2878 1811//2878
f 781//2879 783//2879 1811//2879
f 1811//2880 783//2880 1812//2880
f 783//2881 785//2881 1812//2881
f 1812//2882 785//2882 1813//2882
f 785//2883 787//2883 1813//2883
f 1813//2884 787//2884 1814//2884
f 787//2885 795//2885 1814//2885
f 1814//2886 795//2886 1815//2886
f 795//2887 796//2887 1815//2887
f 1815//2888 796//2888 1816//2888
f 796//2889 797//2889 1816//2889
f 1816//2890 797//2890 1817//2890
f 1817//2891 797//2891 1818//2891
f 797//2892 798//2892 1818//2892
f 798//2893 799//2893 1818//2893
f 1818//2894 799//2894 1819//2894
f 799//2895 800//2895 1819//2895
f 1819//2896 800//2896 1820//2896
f 800//2897 802//2897 1820//2897
f 1820//2898 802//2898 1821//2898
f 1821//2899 802//2899 1822//2899
f 802//2900 804//2900 1822//2900
f 804//2901 806//2901 1822//2901
f 1822//2902 806//2902 1823//2902
f 806//2903 808//2903 1823//2903
f 1823//2904 808//2904 1824//2904
f 808//2905 809//2905 1824//2905
f 1824//2906 809//2906 1825//2906
f 1825//2907 810//2907 1777//2907
f 809//2908 810//2908 1825//2908
f 1826//2909 826//2909 179//2909
f 865//2910 1826//2910 179//2910
f 842//2911 1827//2911 1826//2911
f 842//2912 1826//2912 865//2912
f 1827//2913 842//2913 1661//2913
f 1661//2914 842//2914 828//2914
f 867//2915 866//2915 1828//2915
f 1828//2916 866//2916 1829//2916
f 866//2917 868//2917 1829//2917
f 1829//2918 868//2918 1830//2918
f 868//2919 869//2919 1830//2919
f 1830//2920 869//2920 1831//2920
f 869//2921 875//2921 1831//2921
f 1831//2922 875//2922 1832//2922
f 875//2923 876//2923 1832//2923
f 1832//2924 876//2924 1833//2924
f 876//2925 877//2925 1833//2925
f 1833//2926 877//2926 1834//2926
f 1834//2927 877//2927 1835//2927
f 877//2928 878//2928 1835//2928
f 878//2929 879//2929 1835//2929
f 1835//2930 879//2930 1836//2930
f 879//2931 880//2931 1836//2931
f 1836//2932 880//2932 1837//2932
f 880//2933 881//2933 1837//2933
f 1837//2934 881//2934 1838//2934
f 881//2935 882//2935 1838//2935
f 1838//2936 882//2936 1839//2936
f 882//2937 886//2937 1839//2937
f 1839//2938 886//2938 1840//2938
f 1840//2939 886//2939 1841//2939
f 886//2940 885//2940 1841//2940
f 1841//2941 883//2941 1842//2941
f 885//2942 883//2942 1841//2942
f 1842//2943 884//2943 1843//2943
f 883//2944 884//2944 1842//2944
f 1843//2945 864//2945 1844//2945
f 884//2946 864//2946 1843//2946
f 1844//2947 863//2947 1845//2947
f 864//2948 863//2948 1844//2948
f 1845//2949 862//2949 1846//2949
f 863//2950 862//2950 1845//2950
f 1846//2951 861//2951 1847//2951
f 1847//2952 861//2952 1848//2952
f 862//2953 861//2953 1846//2953
f 861//2954 860//2954 1848//2954
f 860//2955 858//2955 1848//2955
f 1848//2956 858//2956 1849//2956
f 858//2957 851//2957 1849//2957
f 1849//2958 851//2958 1850//2958
f 851//2959 850//2959 1850//2959
f 1850//2960 850//2960 1851//2960
f 850//2961 852//2961 1851//2961
f 1851//2962 852//2962 1852//2962
f 852//2963 853//2963 1852//2963
f 1852//2964 853//2964 1853//2964
f 853//2965 854//2965 1853//2965
f 1853//2966 854//2966 1854//2966
f 854//2967 855//2967 1854//2967
f 1854//2968 855//2968 1855//2968
f 855//2969 856//2969 1855//2969
f 1855//2970 856//2970 1856//2970
f 856//2971 841//2971 1856//2971
f 1856//2972 841//2972 1857//2972
f 841//2973 839//2973 1857//2973
f 1857//2974 839//2974 1858//2974
f 839//2975 837//2975 1858//2975
f 1858//2976 837//2976 1859//2976
f 837//2977 835//2977 1859//2977
f 1859//2978 835//2978 1860//2978
f 835//2979 833//2979 1860//2979
f 1860//2980 833//2980 1861//2980
f 833//2981 831//2981 1861//2981
f 1861//2982 831//2982 1862//2982
f 831//2983 827//2983 1862//2983
f 1862//2984 827//2984 1863//2984
f 827//2985 829//2985 1863//2985
f 1863//2986 829//2986 1864//2986
f 1864//2987 829//2987 1865//2987
f 829//2988 830//2988 1865//2988
f 830//2989 832//2989 1865//2989
f 1865//2990 832//2990 1866//2990
f 832//2991 834//2991 1866//2991
f 1866//2992 834//2992 1867//2992
f 834//2993 836//2993 1867//2993
f 1867//2994 836//2994 1868//2994
f 836//2995 838//2995 1868//2995
f 1868//2996 838//2996 1869//2996
f 838//2997 840//2997 1869//2997
f 1869//2998 840//2998 1870//2998
f 1870//2999 843//2999 1871//2999
f 840//3000 843//3000 1870//3000
f 1871//3001 844//3001 1872//3001
f 843//3002 844//3002 1871//3002
f 1872//3003 845//3003 1873//3003
f 844//3004 845//3004 1872//3004
f 845//3005 846//3005 1873//3005
f 1873//3006 846//3006 1874//3006
f 846//3007 847//3007 1874//3007
f 1874//3008 847//3008 1875//3008
f 1875//3009 848//3009 1876//3009
f 847//3010 848//3010 1875//3010
f 1876//3011 849//3011 1877//3011
f 848//3012 849//3012 1876//3012
f 1877//3013 857//3013 1878//3013
f 849//3014 857//3014 1877//3014
f 1878//3015 859//3015 1879//3015
f 857//3016 859//3016 1878//3016
f 1879//3017 870//3017 1880//3017
f 859//3018 870//3018 1879//3018
f 1880//3019 871//3019 1881//3019
f 870//3020 871//3020 1880//3020
f 1881//3021 872//3021 1882//3021
f 871//3022 872//3022 1881//3022
f 1882//3023 873//3023 1883//3023
f 872//3024 873//3024 1882//3024
f 1883//3025 874//3025 1884//3025
f 873//3026 874//3026 1883//3026
f 1884//3027 867//3027 1828//3027
f 874//3028 867//3028 1884//3028
f 1885//3029 922//3029 923//3029
f 1886//3030 923//3030 924//3030
f 1886//3031 1885//3031 923//3031
f 1887//3032 921//3032 922//3032
f 1887//3033 922//3033 1885//3033
f 1888//3034 924//3034 925//3034
f 1888//3035 1886//3035 924//3035
f 1889//3036 920//3036 921//3036
f 1889//3037 921//3037 1887//3037
f 1890//3038 925//3038 926//3038
f 1890//3039 1888//3039 925//3039
f 1891//3040 919//3040 920//3040
f 1891//3041 920//3041 1889//3041
f 1892//3042 926//3042 927//3042
f 1892//3043 1890//3043 926//3043
f 1893//3044 918//3044 919//3044
f 1893//3045 919//3045 1891//3045
f 1894//3046 1892//3046 927//3046
f 1894//3047 927//3047 928//3047
f 1895//3048 917//3048 918//3048
f 1895//3049 918//3049 1893//3049
f 1896//3050 928//3050 929//3050
f 1896//3051 1894//3051 928//3051
f 1897//3052 916//3052 917//3052
f 1897//3053 917//3053 1895//3053
f 1898//3054 929//3054 930//3054
f 1898//3055 1896//3055 929//3055
f 1899//3056 914//3056 915//3056
f 1899//3057 915//3057 916//3057
f 1899//3058 916//3058 1897//3058
f 1900//3059 930//3059 931//3059
f 1900//3060 1898//3060 930//3060
f 1901//3061 913//3061 914//3061
f 1901//3062 914//3062 1899//3062
f 1902//3063 931//3063 932//3063
f 1902//3064 1900//3064 931//3064
f 1903//3065 912//3065 913//3065
f 1903//3066 913//3066 1901//3066
f 1904//3067 932//3067 933//3067
f 1904//3068 1902//3068 932//3068
f 1905//3069 911//3069 912//3069
f 1905//3070 912//3070 1903//3070
f 1906//3071 1904//3071 933//3071
f 1906//3072 933//3072 934//3072
f 1907//3073 910//3073 911//3073
f 1907//3074 911//3074 1905//3074
f 1908//3075 934//3075 935//3075
f 1908//3076 1906//3076 934//3076
f 1909//3077 910//3077 1907//3077
f 1910//3078 935//3078 936//3078
f 1910//3079 1908//3079 935//3079
f 909//3080 910//3080 1909//3080
f 1911//3081 909//3081 1909//3081
f 1912//3082 1910//3082 936//3082
f 937//3083 1912//3083 936//3083
f 908//3084 909//3084 1911//3084
f 908//3085 1911//3085 1913//3085
f 1914//3086 1912//3086 937//3086
f 938//3087 1915//3087 1914//3087
f 938//3088 1914//3088 937//3088
f 907//3089 908//3089 1913//3089
f 907//3090 1913//3090 1916//3090
f 939//3091 1917//3091 1915//3091
f 939//3092 1915//3092 938//3092
f 906//3093 907//3093 1916//3093
f 906//3094 1916//3094 1918//3094
f 940//3095 1919//3095 1917//3095
f 940//3096 1917//3096 939//3096
f 905//3097 906//3097 1918//3097
f 905//3098 1918//3098 1920//3098
f 941//3099 1921//3099 1919//3099
f 941//3100 1919//3100 940//3100
f 904//3101 905//3101 1920//3101
f 904//3102 1920//3102 1922//3102
f 942//3103 1923//3103 1921//3103
f 942//3104 1921//3104 941//3104
f 903//3105 1922//3105 1924//3105
f 903//3106 904//3106 1922//3106
f 943//3107 1925//3107 1923//3107
f 943//3108 1923//3108 942//3108
f 902//3109 1924//3109 1926//3109
f 902//3110 903//3110 1924//3110
f 887//3111 1925//3111 943//3111
f 901//3112 902//3112 1926//3112
f 901//3113 1926//3113 1927//3113
f 888//3114 1928//3114 1925//3114
f 888//3115 1925//3115 887//3115
f 900//3116 901//3116 1927//3116
f 900//3117 1927//3117 1929//3117
f 889//3118 1930//3118 1928//3118
f 889//3119 1928//3119 888//3119
f 899//3120 900//3120 1929//3120
f 899//3121 1929//3121 1931//3121
f 890//3122 1930//3122 889//3122
f 890//3123 1932//3123 1930//3123
f 898//3124 899//3124 1931//3124
f 898//3125 1931//3125 1933//3125
f 891//3126 1932//3126 890//3126
f 891//3127 1934//3127 1932//3127
f 897//3128 898//3128 1933//3128
f 897//3129 1933//3129 1935//3129
f 892//3130 1934//3130 891//3130
f 892//3131 1936//3131 1934//3131
f 896//3132 897//3132 1935//3132
f 896//3133 1935//3133 1937//3133
f 893//3134 1936//3134 892//3134
f 893//3135 1938//3135 1936//3135
f 895//3136 896//3136 1937//3136
f 895//3137 1937//3137 1939//3137
f 894//3138 895//3138 1939//3138
f 894//3139 1938//3139 893//3139
f 894//3140 1939//3140 1938//3140
f 1940//3141 1136//3141 1941//3141
f 1940//3142 1135//3142 1136//3142
f 1942//3143 1941//3143 1136//3143
f 1943//3144 1135//3144 1940//3144
f 1944//3145 1942//3145 1136//3145
f 1944//3146 1136//3146 1137//3146
f 1945//3147 1135//3147 1943//3147
f 1945//3148 1134//3148 1135//3148
f 1946//3149 1944//3149 1137//3149
f 1947//3150 1134//3150 1945//3150
f 1948//3151 1946//3151 1137//3151
f 1948//3152 1137//3152 1138//3152
f 1949//3153 1133//3153 1134//3153
f 1949//3154 1134//3154 1947//3154
f 1950//3155 1948//3155 1138//3155
f 1951//3156 1133//3156 1949//3156
f 1952//3157 1138//3157 1139//3157
f 1952//3158 1950//3158 1138//3158
f 1953//3159 1132//3159 1133//3159
f 1953//3160 1133//3160 1951//3160
f 1954//3161 1952//3161 1139//3161
f 1955//3162 1132//3162 1953//3162
f 1956//3163 1139//3163 1140//3163
f 1956//3164 1954//3164 1139//3164
f 1957//3165 1131//3165 1132//3165
f 1957//3166 1132//3166 1955//3166
f 1958//3167 1956//3167 1140//3167
f 1959//3168 1131//3168 1957//3168
f 1960//3169 1958//3169 1140//3169
f 1961//3170 1131//3170 1959//3170
f 1962//3171 1140//3171 1141//3171
f 1962//3172 1960//3172 1140//3172
f 1963//3173 1130//3173 1131//3173
f 1963//3174 1131//3174 1961//3174
f 1964//3175 1962//3175 1141//3175
f 1965//3176 1130//3176 1963//3176
f 1966//3177 1141//3177 1142//3177
f 1966//3178 1964//3178 1141//3178
f 1967//3179 1129//3179 1130//3179
f 1967//3180 1130//3180 1965//3180
f 1968//3181 1966//3181 1142//3181
f 1969//3182 1129//3182 1967//3182
f 1970//3183 1142//3183 1143//3183
f 1970//3184 1968//3184 1142//3184
f 1971//3185 1129//3185 1969//3185
f 1971//3186 1128//3186 1129//3186
f 1972//3187 1970//3187 1143//3187
f 1973//3188 1128//3188 1971//3188
f 1974//3189 1972//3189 1143//3189
f 1974//3190 1143//3190 1144//3190
f 1975//3191 1127//3191 1128//3191
f 1975//3192 1128//3192 1973//3192
f 1976//3193 1974//3193 1144//3193
f 1977//3194 1127//3194 1975//3194
f 1978//3195 1144//3195 1145//3195
f 1978//3196 1976//3196 1144//3196
f 1979//3197 1126//3197 1127//3197
f 1979//3198 1127//3198 1977//3198
f 1980//3199 1978//3199 1145//3199
f 1981//3200 1126//3200 1979//3200
f 1982//3201 1980//3201 1145//3201
f 1983//3202 1126//3202 1981//3202
f 1984//3203 1982//3203 1145//3203
f 1984//3204 1145//3204 1146//3204
f 1985//3205 1126//3205 1983//3205
f 1985//3206 1125//3206 1126//3206
f 1986//3207 1984//3207 1146//3207
f 1987//3208 1125//3208 1985//3208
f 1988//3209 1146//3209 1147//3209
f 1988//3210 1986//3210 1146//3210
f 1989//3211 1124//3211 1125//3211
f 1989//3212 1125//3212 1987//3212
f 1990//3213 1988//3213 1147//3213
f 1991//3214 1124//3214 1989//3214
f 1992//3215 1990//3215 1147//3215
f 1992//3216 1147//3216 1148//3216
f 1993//3217 1123//3217 1124//3217
f 1993//3218 1124//3218 1991//3218
f 1994//3219 1992//3219 1148//3219
f 1995//3220 1123//3220 1993//3220
f 1996//3221 1994//3221 1148//3221
f 1996//3222 1148//3222 1149//3222
f 1997//3223 1123//3223 1995//3223
f 1122//3224 1123//3224 1997//3224
f 1998//3225 1996//3225 1149//3225
f 1999//3226 1122//3226 1997//3226
f 2000//3227 1998//3227 1149//3227
f 2001//3228 1122//3228 1999//3228
f 1150//3229 2000//3229 1149//3229
f 1150//3230 2002//3230 2000//3230
f 2003//3231 2002//3231 1150//3231
f 1121//3232 2004//3232 2005//3232
f 1121//3233 2001//3233 2004//3233
f 1121//3234 1122//3234 2001//3234
f 2006//3235 2003//3235 1150//3235
f 2007//3236 1121//3236 2005//3236
f 1151//3237 2008//3237 2006//3237
f 1151//3238 2009//3238 2008//3238
f 1151//3239 2006//3239 1150//3239
f 1120//3240 2010//3240 2011//3240
f 1120//3241 2007//3241 2010//3241
f 1120//3242 1121//3242 2007//3242
f 1152//3243 2012//3243 2009//3243
f 1152//3244 2013//3244 2012//3244
f 1152//3245 2009//3245 1151//3245
f 1119//3246 1120//3246 2011//3246
f 1119//3247 2014//3247 2015//3247
f 1119//3248 2011//3248 2014//3248
f 1153//3249 2013//3249 1152//3249
f 1153//3250 2016//3250 2013//3250
f 1153//3251 2017//3251 2016//3251
f 1118//3252 1119//3252 2015//3252
f 1118//3253 2018//3253 2019//3253
f 1118//3254 2015//3254 2018//3254
f 1154//3255 2017//3255 1153//3255
f 1154//3256 2020//3256 2017//3256
f 1154//3257 2021//3257 2020//3257
f 1117//3258 1118//3258 2019//3258
f 1117//3259 2022//3259 2023//3259
f 1117//3260 2024//3260 2022//3260
f 1117//3261 2019//3261 2024//3261
f 1155//3262 2021//3262 1154//3262
f 1155//3263 2025//3263 2021//3263
f 1155//3264 2026//3264 2025//3264
f 1155//3265 2027//3265 2026//3265
f 1116//3266 2028//3266 2029//3266
f 1116//3267 2023//3267 2028//3267
f 1116//3268 1117//3268 2023//3268
f 1156//3269 2027//3269 1155//3269
f 1156//3270 2030//3270 2027//3270
f 1156//3271 2031//3271 2030//3271
f 1115//3272 1116//3272 2029//3272
f 1115//3273 2032//3273 2033//3273
f 1115//3274 2029//3274 2032//3274
f 1100//3275 2031//3275 1156//3275
f 1100//3276 2034//3276 2035//3276
f 1100//3277 2035//3277 2031//3277
f 1114//3278 1115//3278 2033//3278
f 1114//3279 2036//3279 2037//3279
f 1114//3280 2033//3280 2036//3280
f 1101//3281 2038//3281 2034//3281
f 1101//3282 2039//3282 2038//3282
f 1101//3283 2034//3283 1100//3283
f 1113//3284 1114//3284 2037//3284
f 1113//3285 2040//3285 2041//3285
f 1113//3286 2037//3286 2040//3286
f 1102//3287 2039//3287 1101//3287
f 1102//3288 2042//3288 2039//3288
f 1102//3289 2043//3289 2042//3289
f 1102//3290 2044//3290 2043//3290
f 1112//3291 1113//3291 2041//3291
f 1112//3292 2045//3292 2046//3292
f 1112//3293 2047//3293 2045//3293
f 1112//3294 2041//3294 2047//3294
f 1103//3295 2044//3295 1102//3295
f 1103//3296 2048//3296 2044//3296
f 1103//3297 2049//3297 2048//3297
f 1111//3298 2050//3298 2051//3298
f 1111//3299 2046//3299 2050//3299
f 1111//3300 1112//3300 2046//3300
f 1104//3301 2049//3301 1103//3301
f 1104//3302 2052//3302 2049//3302
f 1104//3303 2053//3303 2052//3303
f 1110//3304 1111//3304 2051//3304
f 1110//3305 2054//3305 2055//3305
f 1110//3306 2051//3306 2054//3306
f 1105//3307 2053//3307 1104//3307
f 1105//3308 2056//3308 2053//3308
f 1105//3309 2057//3309 2056//3309
f 1109//3310 1110//3310 2055//3310
f 1109//3311 2058//3311 2059//3311
f 1109//3312 2055//3312 2058//3312
f 1106//3313 2060//3313 2057//3313
f 1106//3314 2061//3314 2060//3314
f 1106//3315 2057//3315 1105//3315
f 1108//3316 1109//3316 2059//3316
f 1108//3317 2062//3317 2063//3317
f 1108//3318 2059//3318 2062//3318
f 1107//3319 1108//3319 2063//3319
f 1107//3320 2064//3320 2061//3320
f 1107//3321 2065//3321 2064//3321
f 1107//3322 2063//3322 2065//3322
f 1107//3323 2061//3323 1106//3323
f 2066//3324 2067//3324 1661//3324
f 1661//3325 2068//3325 2066//3325
f 2067//3326 2069//3326 1661//3326
f 1661//3327 2070//3327 2068//3327
f 2069//3328 2071//3328 1661//3328
f 1661//3329 2072//3329 2070//3329
f 2071//3330 2073//3330 1661//3330
f 1661//3331 2074//3331 2072//3331
f 2073//3332 2075//3332 1661//3332
f 1661//3333 2076//3333 2074//3333
f 2075//3334 2077//3334 1661//3334
f 1661//3335 2078//3335 2076//3335
f 2079//3336 1827//3336 2077//3336
f 2077//3337 1827//3337 1661//3337
f 1661//3338 2080//3338 2078//3338
f 2079//3339 2081//3339 1827//3339
f 2081//3340 2082//3340 1827//3340
f 2082//3341 2083//3341 1827//3341
f 2083//3342 2084//3342 1827//3342
f 2084//3343 2085//3343 1827//3343
f 2085//3344 2086//3344 1827//3344
f 2086//3345 2087//3345 1827//3345
f 2088//3346 647//3346 2089//3346
f 2090//3347 647//3347 2088//3347
f 2091//3348 647//3348 2090//3348
f 2092//3349 647//3349 2091//3349
f 2093//3350 647//3350 2092//3350
f 2080//3351 647//3351 2093//3351
f 1661//3352 647//3352 2080//3352
f 647//3353 2094//3353 2089//3353
f 2087//3354 2095//3354 1827//3354
f 647//3355 2096//3355 2094//3355
f 2095//3356 2097//3356 1827//3356
f 647//3357 2098//3357 2096//3357
f 2097//3358 2099//3358 1827//3358
f 647//3359 2100//3359 2098//3359
f 647//3360 2101//3360 2100//3360
f 647//3361 2102//3361 2101//3361
f 647//3362 2103//3362 2102//3362
f 647//3363 2104//3363 2103//3363
f 2105//3364 1826//3364 2106//3364
f 2107//3365 1826//3365 2105//3365
f 2108//3366 1826//3366 2107//3366
f 2109//3367 1826//3367 2108//3367
f 2099//3368 1826//3368 1827//3368
f 2110//3369 1826//3369 2099//3369
f 2111//3370 1826//3370 2110//3370
f 2112//3371 1826//3371 2111//3371
f 2106//3372 1826//3372 2112//3372
f 2113//3373 826//3373 2109//3373
f 2114//3374 826//3374 2113//3374
f 2115//3375 826//3375 2114//3375
f 2116//3376 826//3376 2115//3376
f 2117//3377 826//3377 2116//3377
f 2118//3378 826//3378 2117//3378
f 2119//3379 826//3379 2118//3379
f 2120//3380 826//3380 2119//3380
f 2109//3381 826//3381 1826//3381
f 647//3382 826//3382 2104//3382
f 2104//3383 826//3383 2120//3383
f 2121//3384 2122//3384 1776//3384
f 1776//3385 2123//3385 2121//3385
f 2122//3386 2124//3386 1776//3386
f 1775//3387 2125//3387 1776//3387
f 1776//3388 2125//3388 2123//3388
f 2124//3389 2126//3389 1776//3389
f 1775//3390 2127//3390 2125//3390
f 2126//3391 2128//3391 1776//3391
f 1775//3392 2129//3392 2127//3392
f 2128//3393 2130//3393 1776//3393
f 1775//3394 2131//3394 2129//3394
f 2130//3395 2132//3395 1776//3395
f 1775//3396 2133//3396 2131//3396
f 825//3397 2134//3397 1775//3397
f 1775//3398 2134//3398 2133//3398
f 825//3399 2135//3399 2134//3399
f 825//3400 2136//3400 2135//3400
f 2137//3401 1774//3401 2132//3401
f 2138//3402 1774//3402 2137//3402
f 2139//3403 1774//3403 2138//3403
f 2132//3404 1774//3404 1776//3404
f 2139//3405 2140//3405 1774//3405
f 825//3406 2141//3406 2136//3406
f 2140//3407 2142//3407 1774//3407
f 825//3408 2143//3408 2141//3408
f 2142//3409 2144//3409 1774//3409
f 825//3410 2145//3410 2143//3410
f 2144//3411 2146//3411 1774//3411
f 825//3412 2147//3412 2145//3412
f 2146//3413 2148//3413 1774//3413
f 2149//3414 772//3414 2148//3414
f 2150//3415 772//3415 2149//3415
f 2151//3416 772//3416 2150//3416
f 2152//3417 772//3417 2151//3417
f 2148//3418 772//3418 1774//3418
f 2153//3419 772//3419 2152//3419
f 2154//3420 772//3420 2153//3420
f 2155//3421 772//3421 2154//3421
f 2156//3422 772//3422 2155//3422
f 2157//3423 772//3423 2156//3423
f 2147//3424 772//3424 2157//3424
f 825//3425 772//3425 2147//3425
f 2158//3426 2159//3426 652//3426
f 652//3427 2160//3427 2158//3427
f 2159//3428 2161//3428 652//3428
f 652//3429 2162//3429 2160//3429
f 2161//3430 2163//3430 652//3430
f 652//3431 2164//3431 2162//3431
f 2163//3432 2165//3432 652//3432
f 652//3433 2166//3433 2164//3433
f 2165//3434 2167//3434 652//3434
f 652//3435 2168//3435 2166//3435
f 2167//3436 2169//3436 652//3436
f 652//3437 2170//3437 2168//3437
f 2169//3438 2171//3438 652//3438
f 652//3439 2172//3439 2170//3439
f 2171//3440 2173//3440 652//3440
f 2174//3441 1662//3441 2175//3441
f 2176//3442 1662//3442 2174//3442
f 2177//3443 1662//3443 2176//3443
f 2178//3444 1662//3444 2177//3444
f 2179//3445 1662//3445 2178//3445
f 2172//3446 1662//3446 2179//3446
f 652//3447 1662//3447 2172//3447
f 1662//3448 2180//3448 2175//3448
f 1662//3449 2181//3449 2180//3449
f 1662//3450 2182//3450 2181//3450
f 1662//3451 2183//3451 2182//3451
f 1662//3452 2184//3452 2183//3452
f 1662//3453 2185//3453 2184//3453
f 2186//3454 714//3454 2173//3454
f 2187//3455 714//3455 2186//3455
f 2188//3456 714//3456 2187//3456
f 2189//3457 714//3457 2188//3457
f 2190//3458 714//3458 2189//3458
f 2191//3459 714//3459 2190//3459
f 2192//3460 714//3460 2191//3460
f 2193//3461 714//3461 2192//3461
f 2194//3462 714//3462 2193//3462
f 2173//3463 714//3463 652//3463
f 2195//3464 1663//3464 2196//3464
f 2197//3465 1663//3465 2195//3465
f 2198//3466 1663//3466 2197//3466
f 2199//3467 1663//3467 2198//3467
f 2200//3468 1663//3468 2199//3468
f 2201//3469 1663//3469 2200//3469
f 2202//3470 1663//3470 2201//3470
f 2203//3471 1663//3471 2202//3471
f 2204//3472 1663//3472 2203//3472
f 2205//3473 1663//3473 2204//3473
f 2185//3474 1663//3474 2205//3474
f 1662//3475 1663//3475 2185//3475
f 2206//3476 1664//3476 2207//3476
f 2208//3477 1664//3477 2206//3477
f 2209//3478 1664//3478 2208//3478
f 2196//3479 1664//3479 2209//3479
f 2210//3480 1664//3480 2194//3480
f 2211//3481 1664//3481 2210//3481
f 2212//3482 1664//3482 2211//3482
f 2207//3483 1664//3483 2212//3483
f 1663//3484 1664//3484 2196//3484
f 2194//3485 1664//3485 714//3485
f 2213//3486 2214//3486 713//3486
f 713//3487 2215//3487 2213//3487
f 2214//3488 2216//3488 713//3488
f 1722//3489 2217//3489 713//3489
f 713//3490 2217//3490 2215//3490
f 2216//3491 2218//3491 713//3491
f 1722//3492 2219//3492 2217//3492
f 2218//3493 2220//3493 713//3493
f 1722//3494 2221//3494 2219//3494
f 1722//3495 2222//3495 2221//3495
f 1722//3496 2223//3496 2222//3496
f 1722//3497 2224//3497 2223//3497
f 2225//3498 768//3498 2220//3498
f 2226//3499 768//3499 2225//3499
f 2227//3500 768//3500 2226//3500
f 2228//3501 768//3501 2227//3501
f 2229//3502 768//3502 2228//3502
f 2220//3503 768//3503 713//3503
f 2229//3504 2230//3504 768//3504
f 2230//3505 2231//3505 768//3505
f 2231//3506 2232//3506 768//3506
f 2232//3507 2233//3507 768//3507
f 2233//3508 2234//3508 768//3508
f 2235//3509 1723//3509 2236//3509
f 2237//3510 1723//3510 2235//3510
f 2238//3511 1723//3511 2237//3511
f 2239//3512 1723//3512 2238//3512
f 2240//3513 1723//3513 2239//3513
f 2224//3514 1723//3514 2240//3514
f 1722//3515 1723//3515 2224//3515
f 1723//3516 2241//3516 2236//3516
f 1723//3517 2242//3517 2241//3517
f 1723//3518 1724//3518 2242//3518
f 2243//3519 1724//3519 2234//3519
f 2244//3520 1724//3520 2243//3520
f 2234//3521 1724//3521 768//3521
f 2245//3522 1724//3522 2244//3522
f 2246//3523 1724//3523 2245//3523
f 2247//3524 1724//3524 2246//3524
f 2248//3525 1724//3525 2247//3525
f 2249//3526 1724//3526 2248//3526
f 2242//3527 1724//3527 2249//3527
f 1925//3528 1928//3528 1234//3528
f 1234//3529 1928//3529 1235//3529
f 1928//3530 1930//3530 1235//3530
f 1235//3531 1930//3531 1236//3531
f 1930//3532 1932//3532 1236//3532
f 1236//3533 1932//3533 1237//3533
f 1932//3534 1934//3534 1237//3534
f 1237//3535 1934//3535 1259//3535
f 1934//3536 1936//3536 1259//3536
f 1259//3537 1936//3537 1258//3537
f 1936//3538 1938//3538 1258//3538
f 1258//3539 1938//3539 1257//3539
f 1938//3540 1939//3540 1257//3540
f 1257//3541 1939//3541 1256//3541
f 1939//3542 1937//3542 1256//3542
f 1256//3543 1937//3543 1255//3543
f 1937//3544 1935//3544 1255//3544
f 1255//3545 1935//3545 1254//3545
f 1935//3546 1933//3546 1254//3546
f 1254//3547 1933//3547 1251//3547
f 1933//3548 1931//3548 1251//3548
f 1251//3549 1931//3549 1250//3549
f 1931//3550 1929//3550 1250//3550
f 1250//3551 1929//3551 1252//3551
f 1252//3552 1927//3552 1253//3552
f 1929//3553 1927//3553 1252//3553
f 1253//3554 1927//3554 1239//3554
f 1927//3555 1926//3555 1239//3555
f 1239//3556 1924//3556 1238//3556
f 1926//3557 1924//3557 1239//3557
f 1238//3558 1922//3558 1240//3558
f 1924//3559 1922//3559 1238//3559
f 1240//3560 1920//3560 1241//3560
f 1922//3561 1920//3561 1240//3561
f 1241//3562 1918//3562 1242//3562
f 1920//3563 1918//3563 1241//3563
f 1242//3564 1916//3564 1243//3564
f 1918//3565 1916//3565 1242//3565
f 1243//3566 1913//3566 1244//3566
f 1916//3567 1913//3567 1243//3567
f 1244//3568 1911//3568 1245//3568
f 1913//3569 1911//3569 1244//3569
f 1911//3570 1909//3570 1245//3570
f 1245//3571 1909//3571 1246//3571
f 1909//3572 1907//3572 1246//3572
f 1246//3573 1907//3573 1247//3573
f 1907//3574 1905//3574 1247//3574
f 1247//3575 1905//3575 1248//3575
f 1905//3576 1903//3576 1248//3576
f 1248//3577 1903//3577 1249//3577
f 1903//3578 1901//3578 1249//3578
f 1249//3579 1901//3579 1221//3579
f 1901//3580 1899//3580 1221//3580
f 1221//3581 1899//3581 1219//3581
f 1219//3582 1899//3582 1217//3582
f 1899//3583 1897//3583 1217//3583
f 1897//3584 1895//3584 1217//3584
f 1217//3585 1895//3585 1215//3585
f 1895//3586 1893//3586 1215//3586
f 1215//3587 1893//3587 1213//3587
f 1893//3588 1891//3588 1213//3588
f 1213//3589 1891//3589 1211//3589
f 1891//3590 1889//3590 1211//3590
f 1211//3591 1889//3591 1209//3591
f 1889//3592 1887//3592 1209//3592
f 1209//3593 1887//3593 1207//3593
f 1207//3594 1887//3594 1205//3594
f 1887//3595 1885//3595 1205//3595
f 1885//3596 1886//3596 1205//3596
f 1205//3597 1886//3597 1206//3597
f 1206//3598 1886//3598 1208//3598
f 1886//3599 1888//3599 1208//3599
f 1888//3600 1890//3600 1208//3600
f 1208//3601 1890//3601 1210//3601
f 1890//3602 1892//3602 1210//3602
f 1210//3603 1892//3603 1212//3603
f 1892//3604 1894//3604 1212//3604
f 1212//3605 1894//3605 1214//3605
f 1894//3606 1896//3606 1214//3606
f 1214//3607 1896//3607 1216//3607
f 1896//3608 1898//3608 1216//3608
f 1216//3609 1898//3609 1218//3609
f 1218//3610 1898//3610 1220//3610
f 1898//3611 1900//3611 1220//3611
f 1900//3612 1902//3612 1220//3612
f 1220//3613 1902//3613 1222//3613
f 1902//3614 1904//3614 1222//3614
f 1222//3615 1904//3615 1223//3615
f 1223//3616 1906//3616 1224//3616
f 1904//3617 1906//3617 1223//3617
f 1224//3618 1908//3618 1225//3618
f 1225//3619 1908//3619 1226//3619
f 1906//3620 1908//3620 1224//3620
f 1908//3621 1910//3621 1226//3621
f 1226//3622 1912//3622 1227//3622
f 1910//3623 1912//3623 1226//3623
f 1227//3624 1912//3624 1228//3624
f 1912//3625 1914//3625 1228//3625
f 1228//3626 1914//3626 1229//3626
f 1914//3627 1915//3627 1229//3627
f 1229//3628 1917//3628 1230//3628
f 1915//3629 1917//3629 1229//3629
f 1230//3630 1919//3630 1231//3630
f 1917//3631 1919//3631 1230//3631
f 1231//3632 1921//3632 1232//3632
f 1232//3633 1921//3633 1233//3633
f 1919//3634 1921//3634 1231//3634
f 1921//3635 1923//3635 1233//3635
f 1233//3636 1925//3636 1234//3636
f 1923//3637 1925//3637 1233//3637
f 2250//3638 2251//3638 1429//3638
f 1429//3639 2251//3639 1428//3639
f 2251//3640 2252//3640 1428//3640
f 1428//3641 2252//3641 1430//3641
f 2252//3642 2253//3642 1430//3642
f 1430//3643 2253//3643 1431//3643
f 1431//3644 2253//3644 1432//3644
f 2253//3645 2254//3645 1432//3645
f 2254//3646 2255//3646 1432//3646
f 1432//3647 2255//3647 1459//3647
f 2255//3648 2256//3648 1459//3648
f 1459//3649 2256//3649 1456//3649
f 2256//3650 2257//3650 1456//3650
f 1456//3651 2257//3651 1454//3651
f 1454//3652 2257//3652 1453//3652
f 2257//3653 2258//3653 1453//3653
f 2258//3654 2259//3654 1453//3654
f 1453//3655 2259//3655 1452//3655
f 2259//3656 2260//3656 1452//3656
f 1452//3657 2260//3657 1455//3657
f 1455//3658 2260//3658 1457//3658
f 2260//3659 2261//3659 1457//3659
f 2261//3660 2262//3660 1457//3660
f 1457//3661 2262//3661 1458//3661
f 1458//3662 2262//3662 1460//3662
f 2262//3663 2263//3663 1460//3663
f 2263//3664 2264//3664 1460//3664
f 1460//3665 2264//3665 1461//3665
f 1461//3666 2264//3666 1404//3666
f 2264//3667 2265//3667 1404//3667
f 1404//3668 2265//3668 1403//3668
f 2265//3669 2266//3669 1403//3669
f 1403//3670 2267//3670 1402//3670
f 1402//3671 2267//3671 1401//3671
f 2266//3672 2267//3672 1403//3672
f 1401//3673 2268//3673 1400//3673
f 2267//3674 2268//3674 1401//3674
f 2268//3675 2269//3675 1400//3675
f 1400//3676 2270//3676 1399//3676
f 1399//3677 2270//3677 1398//3677
f 2269//3678 2270//3678 1400//3678
f 1398//3679 2271//3679 1397//3679
f 2270//3680 2271//3680 1398//3680
f 2271//3681 2272//3681 1397//3681
f 1397//3682 2273//3682 1396//3682
f 2272//3683 2273//3683 1397//3683
f 1396//3684 2274//3684 1395//3684
f 1395//3685 2274//3685 1394//3685
f 2273//3686 2274//3686 1396//3686
f 2274//3687 2275//3687 1394//3687
f 2275//3688 2276//3688 1394//3688
f 1394//3689 2276//3689 1392//3689
f 2276//3690 2277//3690 1392//3690
f 1392//3691 2277//3691 1390//3691
f 1390//3692 2277//3692 1388//3692
f 2277//3693 2278//3693 1388//3693
f 2278//3694 2279//3694 1388//3694
f 1388//3695 2279//3695 1386//3695
f 1386//3696 2279//3696 1387//3696
f 2279//3697 2280//3697 1387//3697
f 1387//3698 2280//3698 1389//3698
f 2280//3699 2281//3699 1389//3699
f 2281//3700 2282//3700 1389//3700
f 1389//3701 2282//3701 1391//3701
f 2282//3702 2283//3702 1391//3702
f 1391//3703 2283//3703 1393//3703
f 1393//3704 2283//3704 1407//3704
f 2283//3705 2284//3705 1407//3705
f 1407//3706 2284//3706 1405//3706
f 2284//3707 2285//3707 1405//3707
f 1405//3708 2285//3708 1409//3708
f 2285//3709 2286//3709 1409//3709
f 2286//3710 2287//3710 1409//3710
f 1409//3711 2287//3711 1411//3711
f 1411//3712 2287//3712 1414//3712
f 2287//3713 2288//3713 1414//3713
f 2288//3714 2289//3714 1414//3714
f 1414//3715 2289//3715 1417//3715
f 1417//3716 2289//3716 1420//3716
f 2289//3717 2290//3717 1420//3717
f 1420//3718 2290//3718 1425//3718
f 2290//3719 2291//3719 1425//3719
f 1425//3720 2291//3720 1433//3720
f 2291//3721 2292//3721 1433//3721
f 2292//3722 2293//3722 1433//3722
f 1433//3723 2293//3723 1434//3723
f 2293//3724 2294//3724 1434//3724
f 1434//3725 2294//3725 1435//3725
f 2294//3726 2295//3726 1435//3726
f 1435//3727 2295//3727 1436//3727
f 2295//3728 2296//3728 1436//3728
f 1436//3729 2296//3729 1437//3729
f 1437//3730 2296//3730 1429//3730
f 2296//3731 2250//3731 1429//3731
f 2297//3732 2298//3732 2299//3732
f 2299//3733 2298//3733 1466//3733
f 2298//3734 2300//3734 1466//3734
f 1466//3735 2300//3735 1467//3735
f 2300//3736 2301//3736 1467//3736
f 1467//3737 2301//3737 1468//3737
f 2301//3738 2302//3738 1468//3738
f 1468//3739 2302//3739 1469//3739
f 2302//3740 2303//3740 1469//3740
f 1469//3741 2303//3741 1470//3741
f 1470//3742 2303//3742 1471//3742
f 2303//3743 2304//3743 1471//3743
f 2304//3744 2305//3744 1471//3744
f 1471//3745 2305//3745 1472//3745
f 2305//3746 2306//3746 1472//3746
f 1472//3747 2306//3747 1473//3747
f 2306//3748 2307//3748 1473//3748
f 1473//3749 2307//3749 1474//3749
f 2307//3750 2308//3750 1474//3750
f 1474//3751 2308//3751 1475//3751
f 2308//3752 2309//3752 1475//3752
f 1475//3753 2309//3753 1476//3753
f 2309//3754 2310//3754 1476//3754
f 1476//3755 2310//3755 1477//3755
f 1477//3756 2311//3756 1478//3756
f 2310//3757 2311//3757 1477//3757
f 1478//3758 2312//3758 1479//3758
f 2311//3759 2312//3759 1478//3759
f 1479//3760 2313//3760 1451//3760
f 1451//3761 2313//3761 1450//3761
f 2312//3762 2313//3762 1479//3762
f 2313//3763 2314//3763 1450//3763
f 1450//3764 2315//3764 1449//3764
f 2314//3765 2315//3765 1450//3765
f 1449//3766 2316//3766 1448//3766
f 2315//3767 2316//3767 1449//3767
f 1448//3768 2317//3768 1447//3768
f 2316//3769 2317//3769 1448//3769
f 1447//3770 2318//3770 1446//3770
f 1446//3771 2318//3771 1445//3771
f 2317//3772 2318//3772 1447//3772
f 2318//3773 2319//3773 1445//3773
f 2319//3774 2320//3774 1445//3774
f 1445//3775 2320//3775 1444//3775
f 2320//3776 2321//3776 1444//3776
f 1444//3777 2321//3777 1443//3777
f 2321//3778 2322//3778 1443//3778
f 1443//3779 2322//3779 1439//3779
f 2322//3780 2323//3780 1439//3780
f 1439//3781 2323//3781 1438//3781
f 2323//3782 2324//3782 1438//3782
f 1438//3783 2324//3783 1440//3783
f 1440//3784 2324//3784 1441//3784
f 2324//3785 2325//3785 1441//3785
f 2325//3786 2326//3786 1441//3786
f 1441//3787 2326//3787 1442//3787
f 2326//3788 2327//3788 1442//3788
f 1442//3789 2327//3789 1426//3789
f 2327//3790 2328//3790 1426//3790
f 1426//3791 2328//3791 1423//3791
f 1423//3792 2328//3792 1421//3792
f 2328//3793 2329//3793 1421//3793
f 2329//3794 2330//3794 1421//3794
f 1421//3795 2330//3795 1418//3795
f 2330//3796 2331//3796 1418//3796
f 1418//3797 2331//3797 1415//3797
f 2331//3798 2332//3798 1415//3798
f 1415//3799 2332//3799 1412//3799
f 2332//3800 2333//3800 1412//3800
f 1412//3801 2333//3801 1408//3801
f 2333//3802 2334//3802 1408//3802
f 1408//3803 2334//3803 1406//3803
f 2334//3804 2335//3804 1406//3804
f 1406//3805 2335//3805 1410//3805
f 2335//3806 2336//3806 1410//3806
f 1410//3807 2336//3807 1413//3807
f 2336//3808 2337//3808 1413//3808
f 1413//3809 2337//3809 1416//3809
f 2337//3810 2338//3810 1416//3810
f 1416//3811 2338//3811 1419//3811
f 1419//3812 2338//3812 1422//3812
f 2338//3813 2339//3813 1422//3813
f 1422//3814 2339//3814 1424//3814
f 2339//3815 2340//3815 1424//3815
f 1424//3816 2341//3816 1427//3816
f 2340//3817 2341//3817 1424//3817
f 1427//3818 2342//3818 1489//3818
f 2341//3819 2342//3819 1427//3819
f 1489//3820 2343//3820 1488//3820
f 2342//3821 2343//3821 1489//3821
f 2343//3822 2344//3822 1488//3822
f 1488//3823 2344//3823 1487//3823
f 2344//3824 2345//3824 1487//3824
f 1487//3825 2345//3825 1484//3825
f 1484//3826 2346//3826 1483//3826
f 2345//3827 2346//3827 1484//3827
f 1483//3828 2347//3828 1481//3828
f 1481//3829 2347//3829 1480//3829
f 2346//3830 2347//3830 1483//3830
f 2347//3831 2348//3831 1480//3831
f 1480//3832 2349//3832 1482//3832
f 2348//3833 2349//3833 1480//3833
f 1482//3834 2350//3834 1485//3834
f 2349//3835 2350//3835 1482//3835
f 1485//3836 2351//3836 1486//3836
f 2350//3837 2351//3837 1485//3837
f 1486//3838 2352//3838 1463//3838
f 2351//3839 2352//3839 1486//3839
f 1463//3840 2353//3840 1462//3840
f 2352//3841 2353//3841 1463//3841
f 1462//3842 2354//3842 1464//3842
f 2353//3843 2354//3843 1462//3843
f 1464//3844 2297//3844 2299//3844
f 2354//3845 2297//3845 1464//3845
f 2355//3846 2356//3846 2357//3846
f 2357//3847 2356//3847 1571//3847
f 2356//3848 2358//3848 1571//3848
f 1571//3849 2358//3849 1572//3849
f 1572//3850 2358//3850 1573//3850
f 2358//3851 2359//3851 1573//3851
f 2359//3852 2360//3852 1573//3852
f 1573//3853 2360//3853 1584//3853
f 2360//3854 2361//3854 1584//3854
f 1584//3855 2361//3855 1585//3855
f 2361//3856 2362//3856 1585//3856
f 1585//3857 2362//3857 1586//3857
f 2362//3858 2363//3858 1586//3858
f 1586//3859 2363//3859 1587//3859
f 2363//3860 2364//3860 1587//3860
f 1587//3861 2364//3861 1588//3861
f 2364//3862 2365//3862 1588//3862
f 1588//3863 2365//3863 1589//3863
f 2365//3864 2366//3864 1589//3864
f 1589//3865 2366//3865 1575//3865
f 2366//3866 2367//3866 1575//3866
f 1575//3867 2367//3867 1574//3867
f 2367//3868 2368//3868 1574//3868
f 1574//3869 2368//3869 1576//3869
f 1576//3870 2369//3870 1577//3870
f 2368//3871 2369//3871 1576//3871
f 1577//3872 2370//3872 1578//3872
f 2369//3873 2370//3873 1577//3873
f 1578//3874 2371//3874 1579//3874
f 2370//3875 2371//3875 1578//3875
f 1579//3876 2372//3876 1580//3876
f 2371//3877 2372//3877 1579//3877
f 1580//3878 2373//3878 1581//3878
f 2372//3879 2373//3879 1580//3879
f 1581//3880 2374//3880 1582//3880
f 2373//3881 2374//3881 1581//3881
f 1582//3882 2375//3882 1583//3882
f 2374//3883 2375//3883 1582//3883
f 1583//3884 2376//3884 1560//3884
f 2375//3885 2376//3885 1583//3885
f 2376//3886 2377//3886 1560//3886
f 1560//3887 2377//3887 1559//3887
f 1559//3888 2377//3888 1558//3888
f 2377//3889 2378//3889 1558//3889
f 2378//3890 2379//3890 1558//3890
f 1558//3891 2379//3891 1557//3891
f 2379//3892 2380//3892 1557//3892
f 1557//3893 2380//3893 1556//3893
f 2380//3894 2381//3894 1556//3894
f 1556//3895 2381//3895 1554//3895
f 2381//3896 2382//3896 1554//3896
f 1554//3897 2382//3897 1552//3897
f 2382//3898 2383//3898 1552//3898
f 1552//3899 2383//3899 1550//3899
f 2383//3900 2384//3900 1550//3900
f 1550//3901 2384//3901 1548//3901
f 2384//3902 2385//3902 1548//3902
f 1548//3903 2385//3903 1546//3903
f 2385//3904 2386//3904 1546//3904
f 1546//3905 2386//3905 1544//3905
f 2386//3906 2387//3906 1544//3906
f 1544//3907 2387//3907 1542//3907
f 2387//3908 2388//3908 1542//3908
f 1542//3909 2388//3909 1540//3909
f 1540//3910 2388//3910 1538//3910
f 2388//3911 2389//3911 1538//3911
f 1538//3912 2389//3912 1536//3912
f 2389//3913 2390//3913 1536//3913
f 2390//3914 2391//3914 1536//3914
f 1536//3915 2391//3915 1533//3915
f 2391//3916 2392//3916 1533//3916
f 1533//3917 2392//3917 1534//3917
f 2392//3918 2393//3918 1534//3918
f 1534//3919 2393//3919 1535//3919
f 2393//3920 2394//3920 1535//3920
f 1535//3921 2394//3921 1537//3921
f 2394//3922 2395//3922 1537//3922
f 1537//3923 2395//3923 1539//3923
f 2395//3924 2396//3924 1539//3924
f 1539//3925 2396//3925 1541//3925
f 2396//3926 2397//3926 1541//3926
f 1541//3927 2397//3927 1543//3927
f 1545//3928 2398//3928 1547//3928
f 2397//3929 2398//3929 1543//3929
f 1543//3930 2398//3930 1545//3930
f 1547//3931 2399//3931 1549//3931
f 2398//3932 2399//3932 1547//3932
f 2399//3933 2400//3933 1549//3933
f 1549//3934 2401//3934 1551//3934
f 1551//3935 2401//3935 1553//3935
f 2400//3936 2401//3936 1549//3936
f 2401//3937 2402//3937 1553//3937
f 2402//3938 2403//3938 1553//3938
f 1553//3939 2403//3939 1555//3939
f 1555//3940 2404//3940 1561//3940
f 2403//3941 2404//3941 1555//3941
f 1561//3942 2405//3942 1562//3942
f 2404//3943 2405//3943 1561//3943
f 1562//3944 2406//3944 1563//3944
f 2405//3945 2406//3945 1562//3945
f 1563//3946 2407//3946 1564//3946
f 2406//3947 2407//3947 1563//3947
f 1564//3948 2408//3948 1565//3948
f 2407//3949 2408//3949 1564//3949
f 1565//3950 2409//3950 1566//3950
f 2408//3951 2409//3951 1565//3951
f 1566//3952 2410//3952 1567//3952
f 2409//3953 2410//3953 1566//3953
f 1567//3954 2411//3954 1568//3954
f 2410//3955 2411//3955 1567//3955
f 1568//3956 2412//3956 1569//3956
f 2411//3957 2412//3957 1568//3957
f 1569//3958 2355//3958 2357//3958
f 2412//3959 2355//3959 1569//3959
f 2035//3960 2034//3960 1345//3960
f 1345//3961 2034//3961 1344//3961
f 1344//3962 2038//3962 1346//3962
f 2034//3963 2038//3963 1344//3963
f 1346//3964 2039//3964 1347//3964
f 2038//3965 2039//3965 1346//3965
f 1347//3966 2042//3966 1348//3966
f 2039//3967 2042//3967 1347//3967
f 1348//3968 2043//3968 1349//3968
f 2042//3969 2043//3969 1348//3969
f 1349//3970 2044//3970 1350//3970
f 2043//3971 2044//3971 1349//3971
f 1350//3972 2048//3972 1351//3972
f 2044//3973 2048//3973 1350//3973
f 1351//3974 2049//3974 1352//3974
f 2048//3975 2049//3975 1351//3975
f 1352//3976 2052//3976 1353//3976
f 2049//3977 2052//3977 1352//3977
f 1353//3978 2053//3978 1354//3978
f 2052//3979 2053//3979 1353//3979
f 2053//3980 2056//3980 1354//3980
f 1354//3981 2056//3981 1355//3981
f 2056//3982 2057//3982 1355//3982
f 1355//3983 2057//3983 1356//3983
f 2057//3984 2060//3984 1356//3984
f 1356//3985 2060//3985 1357//3985
f 1357//3986 2060//3986 1358//3986
f 2060//3987 2061//3987 1358//3987
f 2061//3988 2064//3988 1358//3988
f 1358//3989 2064//3989 1359//3989
f 2064//3990 2065//3990 1359//3990
f 1359//3991 2065//3991 1360//3991
f 2065//3992 2063//3992 1360//3992
f 1360//3993 2063//3993 1361//3993
f 1361//3994 2063//3994 1362//3994
f 2063//3995 2062//3995 1362//3995
f 2062//3996 2059//3996 1362//3996
f 1362//3997 2059//3997 1363//3997
f 1363//3998 2059//3998 1364//3998
f 2059//3999 2058//3999 1364//3999
f 2058//4000 2055//4000 1364//4000
f 1364//4001 2055//4001 1367//4001
f 1367//4002 2055//4002 1369//4002
f 2055//4003 2054//4003 1369//4003
f 1369//4004 2051//4004 1371//4004
f 2054//4005 2051//4005 1369//4005
f 1371//4006 2050//4006 1373//4006
f 2051//4007 2050//4007 1371//4007
f 1373//4008 2046//4008 1375//4008
f 2050//4009 2046//4009 1373//4009
f 1375//4010 2045//4010 1376//4010
f 2046//4011 2045//4011 1375//4011
f 1376//4012 2047//4012 1377//4012
f 2045//4013 2047//4013 1376//4013
f 1377//4014 2041//4014 1378//4014
f 2047//4015 2041//4015 1377//4015
f 1378//4016 2040//4016 1343//4016
f 2041//4017 2040//4017 1378//4017
f 1343//4018 2037//4018 1342//4018
f 2040//4019 2037//4019 1343//4019
f 1342//4020 2036//4020 1341//4020
f 2037//4021 2036//4021 1342//4021
f 1341//4022 2033//4022 1307//4022
f 1307//4023 2033//4023 1306//4023
f 2036//4024 2033//4024 1341//4024
f 2033//4025 2032//4025 1306//4025
f 1306//4026 2029//4026 1308//4026
f 2032//4027 2029//4027 1306//4027
f 1308//4028 2028//4028 1309//4028
f 2029//4029 2028//4029 1308//4029
f 1309//4030 2023//4030 1310//4030
f 2028//4031 2023//4031 1309//4031
f 2023//4032 2022//4032 1310//4032
f 1310//4033 2022//4033 1311//4033
f 2022//4034 2024//4034 1311//4034
f 1311//4035 2024//4035 1312//4035
f 1312//4036 2024//4036 1313//4036
f 2024//4037 2019//4037 1313//4037
f 2019//4038 2018//4038 1313//4038
f 1313//4039 2018//4039 1314//4039
f 2018//4040 2015//4040 1314//4040
f 1314//4041 2015//4041 1315//4041
f 2015//4042 2014//4042 1315//4042
f 1315//4043 2014//4043 1316//4043
f 2014//4044 2011//4044 1316//4044
f 1316//4045 2011//4045 1317//4045
f 2011//4046 2010//4046 1317//4046
f 1317//4047 2010//4047 1318//4047
f 2010//4048 2007//4048 1318//4048
f 1318//4049 2007//4049 1319//4049
f 2007//4050 2005//4050 1319//4050
f 1319//4051 2005//4051 1320//4051
f 2005//4052 2004//4052 1320//4052
f 1320//4053 2004//4053 1321//4053
f 2004//4054 2001//4054 1321//4054
f 1321//4055 2001//4055 1322//4055
f 2001//4056 1999//4056 1322//4056
f 1322//4057 1999//4057 1323//4057
f 1999//4058 1997//4058 1323//4058
f 1323//4059 1997//4059 1324//4059
f 1997//4060 1995//4060 1324//4060
f 1324//4061 1995//4061 1325//4061
f 1995//4062 1993//4062 1325//4062
f 1325//4063 1993//4063 1326//4063
f 1326//4064 1993//4064 1327//4064
f 1993//4065 1991//4065 1327//4065
f 1991//4066 1989//4066 1327//4066
f 1327//4067 1989//4067 1328//4067
f 1989//4068 1987//4068 1328//4068
f 1328//4069 1987//4069 1329//4069
f 1987//4070 1985//4070 1329//4070
f 1329//4071 1985//4071 1330//4071
f 1985//4072 1983//4072 1330//4072
f 1330//4073 1983//4073 1331//4073
f 1331//4074 1981//4074 1332//4074
f 1983//4075 1981//4075 1331//4075
f 1332//4076 1979//4076 1333//4076
f 1981//4077 1979//4077 1332//4077
f 1333//4078 1977//4078 1334//4078
f 1979//4079 1977//4079 1333//4079
f 1334//4080 1975//4080 1335//4080
f 1977//4081 1975//4081 1334//4081
f 1975//4082 1973//4082 1335//4082
f 1335//4083 1973//4083 1336//4083
f 1973//4084 1971//4084 1336//4084
f 1336//4085 1971//4085 1337//4085
f 1971//4086 1969//4086 1337//4086
f 1337//4087 1969//4087 1338//4087
f 1969//4088 1967//4088 1338//4088
f 1338//4089 1967//4089 1339//4089
f 1967//4090 1965//4090 1339//4090
f 1339//4091 1965//4091 1340//4091
f 1965//4092 1963//4092 1340//4092
f 1340//4093 1963//4093 1283//4093
f 1963//4094 1961//4094 1283//4094
f 1283//4095 1961//4095 1281//4095
f 1961//4096 1959//4096 1281//4096
f 1281//4097 1959//4097 1279//4097
f 1959//4098 1957//4098 1279//4098
f 1279//4099 1957//4099 1277//4099
f 1957//4100 1955//4100 1277//4100
f 1277//4101 1955//4101 1275//4101
f 1955//4102 1953//4102 1275//4102
f 1275//4103 1953//4103 1273//4103
f 1953//4104 1951//4104 1273//4104
f 1273//4105 1951//4105 1271//4105
f 1271//4106 1951//4106 1269//4106
f 1951//4107 1949//4107 1269//4107
f 1269//4108 1947//4108 1267//4108
f 1949//4109 1947//4109 1269//4109
f 1267//4110 1945//4110 1265//4110
f 1947//4111 1945//4111 1267//4111
f 1265//4112 1943//4112 1263//4112
f 1945//4113 1943//4113 1265//4113
f 1263//4114 1940//4114 1260//4114
f 1943//4115 1940//4115 1263//4115
f 1260//4116 1941//4116 1261//4116
f 1940//4117 1941//4117 1260//4117
f 1261//4118 1942//4118 1262//4118
f 1941//4119 1942//4119 1261//4119
f 1262//4120 1944//4120 1264//4120
f 1942//4121 1944//4121 1262//4121
f 1264//4122 1946//4122 1266//4122
f 1944//4123 1946//4123 1264//4123
f 1266//4124 1948//4124 1268//4124
f 1946//4125 1948//4125 1266//4125
f 1268//4126 1950//4126 1270//4126
f 1270//4127 1950//4127 1272//4127
f 1948//4128 1950//4128 1268//4128
f 1950//4129 1952//4129 1272//4129
f 1272//4130 1954//4130 1274//4130
f 1952//4131 1954//4131 1272//4131
f 1274//4132 1956//4132 1276//4132
f 1954//4133 1956//4133 1274//4133
f 1956//4134 1958//4134 1276//4134
f 1276//4135 1958//4135 1278//4135
f 1958//4136 1960//4136 1278//4136
f 1278//4137 1960//4137 1280//4137
f 1960//4138 1962//4138 1280//4138
f 1280//4139 1962//4139 1282//4139
f 1962//4140 1964//4140 1282//4140
f 1282//4141 1964//4141 1284//4141
f 1284//4142 1966//4142 1285//4142
f 1964//4143 1966//4143 1284//4143
f 1285//4144 1968//4144 1286//4144
f 1966//4145 1968//4145 1285//4145
f 1286//4146 1970//4146 1287//4146
f 1968//4147 1970//4147 1286//4147
f 1287//4148 1972//4148 1288//4148
f 1970//4149 1972//4149 1287//4149
f 1288//4150 1974//4150 1289//4150
f 1972//4151 1974//4151 1288//4151
f 1289//4152 1976//4152 1290//4152
f 1974//4153 1976//4153 1289//4153
f 1290//4154 1978//4154 1291//4154
f 1976//4155 1978//4155 1290//4155
f 1291//4156 1980//4156 1292//4156
f 1978//4157 1980//4157 1291//4157
f 1292//4158 1982//4158 1293//4158
f 1980//4159 1982//4159 1292//4159
f 1293//4160 1984//4160 1294//4160
f 1982//4161 1984//4161 1293//4161
f 1294//4162 1986//4162 1295//4162
f 1984//4163 1986//4163 1294//4163
f 1295//4164 1988//4164 1296//4164
f 1986//4165 1988//4165 1295//4165
f 1296//4166 1990//4166 1297//4166
f 1988//4167 1990//4167 1296//4167
f 1297//4168 1992//4168 1298//4168
f 1990//4169 1992//4169 1297//4169
f 1298//4170 1994//4170 1299//4170
f 1992//4171 1994//4171 1298//4171
f 1299//4172 1996//4172 1300//4172
f 1994//4173 1996//4173 1299//4173
f 1300//4174 1998//4174 1301//4174
f 1996//4175 1998//4175 1300//4175
f 1301//4176 2000//4176 1302//4176
f 1998//4177 2000//4177 1301//4177
f 1302//4178 2002//4178 1303//4178
f 2000//4179 2002//4179 1302//4179
f 1303//4180 2003//4180 1304//4180
f 2002//4181 2003//4181 1303//4181
f 2003//4182 2006//4182 1304//4182
f 1304//4183 2006//4183 1305//4183
f 2006//4184 2008//4184 1305//4184
f 1305//4185 2008//4185 1379//4185
f 2008//4186 2009//4186 1379//4186
f 1379//4187 2009//4187 1380//4187
f 2009//4188 2012//4188 1380//4188
f 1380//4189 2012//4189 1381//4189
f 2012//4190 2013//4190 1381//4190
f 1381//4191 2013//4191 1382//4191
f 2013//4192 2016//4192 1382//4192
f 1382//4193 2016//4193 1383//4193
f 2016//4194 2017//4194 1383//4194
f 1383//4195 2017//4195 1384//4195
f 2017//4196 2020//4196 1384//4196
f 1384//4197 2020//4197 1385//4197
f 2020//4198 2021//4198 1385//4198
f 1385//4199 2021//4199 1366//4199
f 2021//4200 2025//4200 1366//4200
f 1366//4201 2025//4201 1365//4201
f 2025//4202 2026//4202 1365//4202
f 1365//4203 2026//4203 1368//4203
f 2026//4204 2027//4204 1368//4204
f 1368//4205 2027//4205 1370//4205
f 2027//4206 2030//4206 1370//4206
f 1370//4207 2030//4207 1372//4207
f 1372//4208 2031//4208 1374//4208
f 2030//4209 2031//4209 1372//4209
f 1374//4210 2035//4210 1345//4210
f 2031//4211 2035//4211 1374//4211
f 2413//4212 2414//4212 1529//4212
f 1529//4213 2414//4213 1530//4213
f 2414//4214 2415//4214 1530//4214
f 1530//4215 2415//4215 1531//4215
f 2415//4216 2416//4216 1531//4216
f 1531//4217 2416//4217 1532//4217
f 2416//4218 2417//4218 1532//4218
f 1532//4219 2417//4219 1590//4219
f 2417//4220 2418//4220 1590//4220
f 1590//4221 2418//4221 1591//4221
f 1591//4222 2418//4222 1592//4222
f 2418//4223 2419//4223 1592//4223
f 2419//4224 2420//4224 1592//4224
f 1592//4225 2420//4225 1593//4225
f 2420//4226 2421//4226 1593//4226
f 1593//4227 2421//4227 1594//4227
f 2421//4228 2422//4228 1594//4228
f 1594//4229 2422//4229 1595//4229
f 2422//4230 2423//4230 1595//4230
f 1595//4231 2423//4231 1596//4231
f 2423//4232 2424//4232 1596//4232
f 1596//4233 2424//4233 1597//4233
f 2424//4234 2425//4234 1597//4234
f 1597//4235 2425//4235 1598//4235
f 1598//4236 2426//4236 1660//4236
f 2425//4237 2426//4237 1598//4237
f 1660//4238 2427//4238 1656//4238
f 2426//4239 2427//4239 1660//4239
f 1656//4240 2428//4240 1657//4240
f 1657//4241 2428//4241 1658//4241
f 2427//4242 2428//4242 1656//4242
f 2428//4243 2429//4243 1658//4243
f 1658//4244 2430//4244 1659//4244
f 2429//4245 2430//4245 1658//4245
f 1659//4246 2431//4246 1525//4246
f 2430//4247 2431//4247 1659//4247
f 1525//4248 2432//4248 1523//4248
f 2431//4249 2432//4249 1525//4249
f 1523//4250 2433//4250 1512//4250
f 1512//4251 2433//4251 1511//4251
f 2432//4252 2433//4252 1523//4252
f 2433//4253 2434//4253 1511//4253
f 2434//4254 2435//4254 1511//4254
f 1511//4255 2435//4255 1510//4255
f 2435//4256 2436//4256 1510//4256
f 1510//4257 2436//4257 1509//4257
f 2436//4258 2437//4258 1509//4258
f 1509//4259 2437//4259 1508//4259
f 2437//4260 2438//4260 1508//4260
f 1508//4261 2438//4261 1507//4261
f 2438//4262 2439//4262 1507//4262
f 1507//4263 2439//4263 1506//4263
f 1506//4264 2439//4264 1505//4264
f 2439//4265 2440//4265 1505//4265
f 2440//4266 2441//4266 1505//4266
f 1505//4267 2441//4267 1504//4267
f 2441//4268 2442//4268 1504//4268
f 1504//4269 2442//4269 1503//4269
f 2442//4270 2443//4270 1503//4270
f 1503//4271 2443//4271 1501//4271
f 1501//4272 2443//4272 1499//4272
f 2443//4273 2444//4273 1499//4273
f 2444//4274 2445//4274 1499//4274
f 1499//4275 2445//4275 1497//4275
f 2445//4276 2446//4276 1497//4276
f 1497//4277 2446//4277 1495//4277
f 2446//4278 2447//4278 1495//4278
f 1495//4279 2447//4279 1493//4279
f 2447//4280 2448//4280 1493//4280
f 1493//4281 2448//4281 1490//4281
f 2448//4282 2449//4282 1490//4282
f 1490//4283 2449//4283 1491//4283
f 2449//4284 2450//4284 1491//4284
f 1491//4285 2450//4285 1492//4285
f 2450//4286 2451//4286 1492//4286
f 1492//4287 2451//4287 1494//4287
f 2451//4288 2452//4288 1494//4288
f 1494//4289 2452//4289 1496//4289
f 2452//4290 2453//4290 1496//4290
f 1496//4291 2453//4291 1498//4291
f 1498//4292 2453//4292 1500//4292
f 2453//4293 2454//4293 1500//4293
f 1500//4294 2454//4294 1502//4294
f 2454//4295 2455//4295 1502//4295
f 1502//4296 2456//4296 1513//4296
f 2455//4297 2456//4297 1502//4297
f 1513//4298 2457//4298 1514//4298
f 2456//4299 2457//4299 1513//4299
f 1514//4300 2458//4300 1515//4300
f 2457//4301 2458//4301 1514//4301
f 2458//4302 2459//4302 1515//4302
f 1515//4303 2459//4303 1516//4303
f 2459//4304 2460//4304 1516//4304
f 1516//4305 2460//4305 1517//4305
f 1517//4306 2461//4306 1518//4306
f 2460//4307 2461//4307 1517//4307
f 1518//4308 2462//4308 1519//4308
f 1519//4309 2462//4309 1520//4309
f 2461//4310 2462//4310 1518//4310
f 2462//4311 2463//4311 1520//4311
f 1520//4312 2464//4312 1521//4312
f 2463//4313 2464//4313 1520//4313
f 1521//4314 2465//4314 1522//4314
f 2464//4315 2465//4315 1521//4315
f 1522//4316 2466//4316 1524//4316
f 2465//4317 2466//4317 1522//4317
f 1524//4318 2467//4318 1526//4318
f 2466//4319 2467//4319 1524//4319
f 1526//4320 2468//4320 1527//4320
f 2467//4321 2468//4321 1526//4321
f 1527//4322 2469//4322 1528//4322
f 2468//4323 2469//4323 1527//4323
f 1528//4324 2413//4324 1529//4324
f 2469//4325 2413//4325 1528//4325
f 2470//4326 2471//4326 1645//4326
f 1645//4327 2471//4327 1644//4327
f 2471//4328 2472//4328 1644//4328
f 1644//4329 2472//4329 1646//4329
f 2472//4330 2473//4330 1646//4330
f 1646//4331 2473//4331 1647//4331
f 2473//4332 2474//4332 1647//4332
f 1647//4333 2474//4333 1648//4333
f 2474//4334 2475//4334 1648//4334
f 1648//4335 2475//4335 1649//4335
f 1649//4336 2475//4336 1650//4336
f 2475//4337 2476//4337 1650//4337
f 2476//4338 2477//4338 1650//4338
f 1650//4339 2477//4339 1651//4339
f 2477//4340 2478//4340 1651//4340
f 1651//4341 2478//4341 1652//4341
f 2478//4342 2479//4342 1652//4342
f 1652//4343 2479//4343 1653//4343
f 2479//4344 2480//4344 1653//4344
f 1653//4345 2480//4345 1633//4345
f 2480//4346 2481//4346 1633//4346
f 1633//4347 2481//4347 1632//4347
f 2481//4348 2482//4348 1632//4348
f 1632//4349 2482//4349 1634//4349
f 1634//4350 2483//4350 1635//4350
f 2482//4351 2483//4351 1634//4351
f 1635//4352 2484//4352 1636//4352
f 2483//4353 2484//4353 1635//4353
f 1636//4354 2485//4354 1637//4354
f 1637//4355 2485//4355 1638//4355
f 2484//4356 2485//4356 1636//4356
f 2485//4357 2486//4357 1638//4357
f 1638//4358 2487//4358 1639//4358
f 2486//4359 2487//4359 1638//4359
f 1639//4360 2488//4360 1640//4360
f 2487//4361 2488//4361 1639//4361
f 1640//4362 2489//4362 1641//4362
f 2488//4363 2489//4363 1640//4363
f 1641//4364 2490//4364 1642//4364
f 1642//4365 2490//4365 1643//4365
f 2489//4366 2490//4366 1641//4366
f 2490//4367 2491//4367 1643//4367
f 2491//4368 2492//4368 1643//4368
f 1643//4369 2492//4369 1626//4369
f 2492//4370 2493//4370 1626//4370
f 1626//4371 2493//4371 1624//4371
f 2493//4372 2494//4372 1624//4372
f 1624//4373 2494//4373 1622//4373
f 2494//4374 2495//4374 1622//4374
f 1622//4375 2495//4375 1620//4375
f 2495//4376 2496//4376 1620//4376
f 1620//4377 2496//4377 1618//4377
f 1618//4378 2496//4378 1616//4378
f 2496//4379 2497//4379 1616//4379
f 2497//4380 2498//4380 1616//4380
f 1616//4381 2498//4381 1614//4381
f 2498//4382 2499//4382 1614//4382
f 1614//4383 2499//4383 1612//4383
f 2499//4384 2500//4384 1612//4384
f 1612//4385 2500//4385 1610//4385
f 1610//4386 2500//4386 1608//4386
f 2500//4387 2501//4387 1608//4387
f 2501//4388 2502//4388 1608//4388
f 1608//4389 2502//4389 1606//4389
f 2502//4390 2503//4390 1606//4390
f 1606//4391 2503//4391 1604//4391
f 2503//4392 2504//4392 1604//4392
f 1604//4393 2504//4393 1602//4393
f 2504//4394 2505//4394 1602//4394
f 1602//4395 2505//4395 1600//4395
f 2505//4396 2506//4396 1600//4396
f 1600//4397 2506//4397 1599//4397
f 2506//4398 2507//4398 1599//4398
f 1599//4399 2507//4399 1601//4399
f 2507//4400 2508//4400 1601//4400
f 1601//4401 2508//4401 1603//4401
f 2508//4402 2509//4402 1603//4402
f 1603//4403 2509//4403 1605//4403
f 2509//4404 2510//4404 1605//4404
f 1605//4405 2510//4405 1607//4405
f 1607//4406 2510//4406 1609//4406
f 2510//4407 2511//4407 1609//4407
f 1609//4408 2511//4408 1611//4408
f 2511//4409 2512//4409 1611//4409
f 1611//4410 2513//4410 1613//4410
f 2512//4411 2513//4411 1611//4411
f 1613//4412 2514//4412 1615//4412
f 2513//4413 2514//4413 1613//4413
f 1615//4414 2515//4414 1617//4414
f 2514//4415 2515//4415 1615//4415
f 2515//4416 2516//4416 1617//4416
f 1617//4417 2516//4417 1619//4417
f 2516//4418 2517//4418 1619//4418
f 1619//4419 2517//4419 1621//4419
f 1621//4420 2518//4420 1623//4420
f 2517//4421 2518//4421 1621//4421
f 1623//4422 2519//4422 1625//4422
f 1625//4423 2519//4423 1627//4423
f 2518//4424 2519//4424 1623//4424
f 2519//4425 2520//4425 1627//4425
f 1627//4426 2521//4426 1628//4426
f 2520//4427 2521//4427 1627//4427
f 1628//4428 2522//4428 1629//4428
f 2521//4429 2522//4429 1628//4429
f 1629//4430 2523//4430 1630//4430
f 2522//4431 2523//4431 1629//4431
f 1630//4432 2524//4432 1631//4432
f 2523//4433 2524//4433 1630//4433
f 1631//4434 2525//4434 1654//4434
f 2524//4435 2525//4435 1631//4435
f 1654//4436 2526//4436 1655//4436
f 2525//4437 2526//4437 1654//4437
f 1655//4438 2470//4438 1645//4438
f 2526//4439 2470//4439 1655//4439
f 2527//4440 1700//4440 1701//4440
f 2528//4441 1701//4441 1702//4441
f 2528//4442 2527//4442 1701//4442
f 2529//4443 1699//4443 1700//4443
f 2529//4444 1700//4444 2527//4444
f 2530//4445 1702//4445 1703//4445
f 2530//4446 2528//4446 1702//4446
f 2531//4447 1698//4447 1699//4447
f 2531//4448 1699//4448 2529//4448
f 2532//4449 1703//4449 1704//4449
f 2532//4450 2530//4450 1703//4450
f 2533//4451 1697//4451 1698//4451
f 2533//4452 1698//4452 2531//4452
f 2534//4453 1704//4453 1705//4453
f 2534//4454 2532//4454 1704//4454
f 2535//4455 1696//4455 1697//4455
f 2535//4456 1697//4456 2533//4456
f 2536//4457 2534//4457 1705//4457
f 2536//4458 1705//4458 1706//4458
f 2537//4459 1695//4459 1696//4459
f 2537//4460 1696//4460 2535//4460
f 2538//4461 1706//4461 1707//4461
f 2538//4462 2536//4462 1706//4462
f 2539//4463 1695//4463 2537//4463
f 2539//4464 1694//4464 1695//4464
f 2540//4465 1707//4465 1708//4465
f 2540//4466 2538//4466 1707//4466
f 2541//4467 1692//4467 1693//4467
f 2541//4468 1693//4468 1694//4468
f 2541//4469 1694//4469 2539//4469
f 2542//4470 1708//4470 1709//4470
f 2542//4471 2540//4471 1708//4471
f 2543//4472 1691//4472 1692//4472
f 2543//4473 1692//4473 2541//4473
f 2544//4474 1709//4474 1710//4474
f 2544//4475 2542//4475 1709//4475
f 2545//4476 1690//4476 1691//4476
f 2545//4477 1691//4477 2543//4477
f 2546//4478 2544//4478 1710//4478
f 2546//4479 1710//4479 1711//4479
f 2547//4480 1689//4480 1690//4480
f 2547//4481 1690//4481 2545//4481
f 2548//4482 1711//4482 1712//4482
f 2548//4483 2546//4483 1711//4483
f 2549//4484 1688//4484 1689//4484
f 2549//4485 1689//4485 2547//4485
f 2550//4486 2548//4486 1712//4486
f 2550//4487 1712//4487 1713//4487
f 2551//4488 1688//4488 2549//4488
f 2552//4489 2550//4489 1713//4489
f 2552//4490 1713//4490 1714//4490
f 1687//4491 1688//4491 2551//4491
f 2553//4492 1687//4492 2551//4492
f 2554//4493 2552//4493 1714//4493
f 1715//4494 2554//4494 1714//4494
f 1686//4495 1687//4495 2553//4495
f 1686//4496 2553//4496 2555//4496
f 2556//4497 2554//4497 1715//4497
f 1716//4498 2557//4498 2556//4498
f 1716//4499 2556//4499 1715//4499
f 1685//4500 1686//4500 2555//4500
f 1685//4501 2555//4501 2558//4501
f 1717//4502 2559//4502 2557//4502
f 1717//4503 2557//4503 1716//4503
f 1684//4504 1685//4504 2558//4504
f 1684//4505 2558//4505 2560//4505
f 1718//4506 2561//4506 2559//4506
f 1718//4507 2559//4507 1717//4507
f 1683//4508 1684//4508 2560//4508
f 1683//4509 2560//4509 2562//4509
f 1719//4510 2561//4510 1718//4510
f 1719//4511 2563//4511 2561//4511
f 1682//4512 1683//4512 2562//4512
f 1682//4513 2562//4513 2564//4513
f 1720//4514 2565//4514 2563//4514
f 1720//4515 2563//4515 1719//4515
f 1681//4516 2564//4516 2566//4516
f 1681//4517 1682//4517 2564//4517
f 1721//4518 2567//4518 2565//4518
f 1721//4519 2565//4519 1720//4519
f 1680//4520 2566//4520 2568//4520
f 1680//4521 1681//4521 2566//4521
f 1665//4522 2567//4522 1721//4522
f 1679//4523 1680//4523 2568//4523
f 1679//4524 2568//4524 2569//4524
f 1666//4525 2567//4525 1665//4525
f 1666//4526 2570//4526 2567//4526
f 1678//4527 1679//4527 2569//4527
f 1678//4528 2569//4528 2571//4528
f 1667//4529 2570//4529 1666//4529
f 1667//4530 2572//4530 2570//4530
f 1677//4531 1678//4531 2571//4531
f 1677//4532 2571//4532 2573//4532
f 1668//4533 2572//4533 1667//4533
f 1668//4534 2574//4534 2572//4534
f 1676//4535 1677//4535 2573//4535
f 1676//4536 2573//4536 2575//4536
f 1669//4537 2576//4537 2574//4537
f 1669//4538 2574//4538 1668//4538
f 1675//4539 1676//4539 2575//4539
f 1675//4540 2575//4540 2577//4540
f 1670//4541 2576//4541 1669//4541
f 1670//4542 2578//4542 2576//4542
f 1674//4543 1675//4543 2577//4543
f 1674//4544 2577//4544 2579//4544
f 1671//4545 2578//4545 1670//4545
f 1671//4546 2580//4546 2578//4546
f 1673//4547 1674//4547 2579//4547
f 1673//4548 2579//4548 2581//4548
f 1672//4549 1673//4549 2581//4549
f 1672//4550 2580//4550 1671//4550
f 1672//4551 2581//4551 2580//4551
f 2582//4552 1755//4552 1756//4552
f 2583//4553 2582//4553 1756//4553
f 2583//4554 1756//4554 1757//4554
f 2584//4555 1755//4555 2582//4555
f 2584//4556 1753//4556 1754//4556
f 2584//4557 1754//4557 1755//4557
f 2585//4558 2583//4558 1757//4558
f 2585//4559 1757//4559 1758//4559
f 2585//4560 1758//4560 1759//4560
f 2586//4561 1753//4561 2584//4561
f 2586//4562 1752//4562 1753//4562
f 2587//4563 1759//4563 1760//4563
f 2587//4564 2585//4564 1759//4564
f 2588//4565 1752//4565 2586//4565
f 2588//4566 1751//4566 1752//4566
f 2589//4567 1760//4567 1761//4567
f 2589//4568 2587//4568 1760//4568
f 2590//4569 1750//4569 1751//4569
f 2590//4570 1751//4570 2588//4570
f 2591//4571 2589//4571 1761//4571
f 2591//4572 1761//4572 1762//4572
f 2591//4573 1762//4573 1763//4573
f 2592//4574 1750//4574 2590//4574
f 2592//4575 1748//4575 1749//4575
f 2592//4576 1749//4576 1750//4576
f 2593//4577 2591//4577 1763//4577
f 2593//4578 1763//4578 1764//4578
f 2594//4579 1747//4579 1748//4579
f 2594//4580 1748//4580 2592//4580
f 2595//4581 1764//4581 1765//4581
f 2595//4582 2593//4582 1764//4582
f 2596//4583 1746//4583 1747//4583
f 2596//4584 1747//4584 2594//4584
f 2597//4585 2595//4585 1765//4585
f 2597//4586 1765//4586 1766//4586
f 1767//4587 2597//4587 1766//4587
f 2598//4588 1745//4588 1746//4588
f 2598//4589 1746//4589 2596//4589
f 1744//4590 1745//4590 2598//4590
f 2599//4591 2597//4591 1767//4591
f 2600//4592 1744//4592 2598//4592
f 1768//4593 2599//4593 1767//4593
f 1743//4594 1744//4594 2600//4594
f 2601//4595 2599//4595 1768//4595
f 2602//4596 1743//4596 2600//4596
f 1769//4597 2601//4597 1768//4597
f 2603//4598 2601//4598 1769//4598
f 1742//4599 1743//4599 2602//4599
f 2604//4600 1742//4600 2602//4600
f 1770//4601 2603//4601 1769//4601
f 1741//4602 1742//4602 2604//4602
f 1771//4603 2605//4603 2603//4603
f 1771//4604 2603//4604 1770//4604
f 1740//4605 2604//4605 2606//4605
f 1740//4606 1741//4606 2604//4606
f 1772//4607 2607//4607 2605//4607
f 1772//4608 2605//4608 1771//4608
f 1739//4609 1740//4609 2606//4609
f 1739//4610 2606//4610 2608//4610
f 1773//4611 2607//4611 1772//4611
f 1773//4612 2609//4612 2607//4612
f 1738//4613 1739//4613 2608//4613
f 1738//4614 2608//4614 2610//4614
f 1725//4615 2609//4615 1773//4615
f 1737//4616 1738//4616 2610//4616
f 1726//4617 2611//4617 2609//4617
f 1726//4618 2609//4618 1725//4618
f 1736//4619 1737//4619 2610//4619
f 1736//4620 2610//4620 2612//4620
f 1727//4621 2611//4621 1726//4621
f 1727//4622 2613//4622 2611//4622
f 1735//4623 1736//4623 2612//4623
f 1735//4624 2612//4624 2614//4624
f 1728//4625 2613//4625 1727//4625
f 1728//4626 2615//4626 2613//4626
f 1734//4627 1735//4627 2614//4627
f 1734//4628 2614//4628 2616//4628
f 1729//4629 2615//4629 1728//4629
f 1733//4630 1734//4630 2616//4630
f 1730//4631 2615//4631 1729//4631
f 1730//4632 2617//4632 2615//4632
f 1732//4633 1733//4633 2616//4633
f 1732//4634 2616//4634 2618//4634
f 1731//4635 2618//4635 2617//4635
f 1731//4636 2617//4636 1730//4636
f 1731//4637 1732//4637 2618//4637
f 2619//4638 1807//4638 1808//4638
f 2620//4639 1808//4639 1809//4639
f 2620//4640 2619//4640 1808//4640
f 2621//4641 1807//4641 2619//4641
f 2621//4642 1805//4642 1806//4642
f 2621//4643 1806//4643 1807//4643
f 2622//4644 2620//4644 1809//4644
f 2622//4645 1809//4645 1810//4645
f 2622//4646 1810//4646 1811//4646
f 2623//4647 1805//4647 2621//4647
f 2623//4648 1804//4648 1805//4648
f 2624//4649 1811//4649 1812//4649
f 2624//4650 2622//4650 1811//4650
f 2625//4651 1803//4651 1804//4651
f 2625//4652 1804//4652 2623//4652
f 2626//4653 1812//4653 1813//4653
f 2626//4654 2624//4654 1812//4654
f 2627//4655 1802//4655 1803//4655
f 2627//4656 1803//4656 2625//4656
f 2628//4657 2626//4657 1813//4657
f 2628//4658 1813//4658 1814//4658
f 2628//4659 1814//4659 1815//4659
f 2629//4660 1800//4660 1801//4660
f 2629//4661 1801//4661 1802//4661
f 2629//4662 1802//4662 2627//4662
f 2630//4663 1815//4663 1816//4663
f 2630//4664 2628//4664 1815//4664
f 2631//4665 1800//4665 2629//4665
f 2631//4666 1799//4666 1800//4666
f 2632//4667 2630//4667 1816//4667
f 2632//4668 1816//4668 1817//4668
f 2633//4669 1799//4669 2631//4669
f 2633//4670 1798//4670 1799//4670
f 2634//4671 1817//4671 1818//4671
f 2634//4672 2632//4672 1817//4672
f 1819//4673 2634//4673 1818//4673
f 2635//4674 1797//4674 1798//4674
f 2635//4675 1798//4675 2633//4675
f 1796//4676 1797//4676 2635//4676
f 2636//4677 2634//4677 1819//4677
f 2637//4678 1796//4678 2635//4678
f 1820//4679 2636//4679 1819//4679
f 1795//4680 1796//4680 2637//4680
f 2638//4681 2636//4681 1820//4681
f 2639//4682 1795//4682 2637//4682
f 1821//4683 2638//4683 1820//4683
f 2640//4684 2638//4684 1821//4684
f 1794//4685 1795//4685 2639//4685
f 2641//4686 1794//4686 2639//4686
f 1822//4687 2640//4687 1821//4687
f 1793//4688 1794//4688 2641//4688
f 1823//4689 2642//4689 2640//4689
f 1823//4690 2640//4690 1822//4690
f 1792//4691 2641//4691 2643//4691
f 1792//4692 1793//4692 2641//4692
f 1824//4693 2644//4693 2642//4693
f 1824//4694 2642//4694 1823//4694
f 1791//4695 1792//4695 2643//4695
f 1791//4696 2643//4696 2645//4696
f 1825//4697 2644//4697 1824//4697
f 1825//4698 2646//4698 2644//4698
f 1790//4699 1791//4699 2645//4699
f 1790//4700 2645//4700 2647//4700
f 1777//4701 2646//4701 1825//4701
f 1789//4702 1790//4702 2647//4702
f 1778//4703 2646//4703 1777//4703
f 1778//4704 2648//4704 2646//4704
f 1788//4705 1789//4705 2647//4705
f 1788//4706 2647//4706 2649//4706
f 1779//4707 2648//4707 1778//4707
f 1779//4708 2650//4708 2648//4708
f 1787//4709 1788//4709 2649//4709
f 1787//4710 2649//4710 2651//4710
f 1780//4711 2650//4711 1779//4711
f 1780//4712 2652//4712 2650//4712
f 1786//4713 1787//4713 2651//4713
f 1786//4714 2651//4714 2653//4714
f 1781//4715 2652//4715 1780//4715
f 1785//4716 1786//4716 2653//4716
f 1782//4717 2652//4717 1781//4717
f 1782//4718 2654//4718 2652//4718
f 1784//4719 1785//4719 2653//4719
f 1784//4720 2653//4720 2655//4720
f 1783//4721 2655//4721 2654//4721
f 1783//4722 2654//4722 1782//4722
f 1783//4723 1784//4723 2655//4723
f 2656//4724 1863//4724 1864//4724
f 2657//4725 1864//4725 1865//4725
f 2657//4726 2656//4726 1864//4726
f 2658//4727 1862//4727 1863//4727
f 2658//4728 1863//4728 2656//4728
f 2659//4729 1865//4729 1866//4729
f 2659//4730 2657//4730 1865//4730
f 2660//4731 1861//4731 1862//4731
f 2660//4732 1862//4732 2658//4732
f 2661//4733 1866//4733 1867//4733
f 2661//4734 2659//4734 1866//4734
f 2662//4735 1860//4735 1861//4735
f 2662//4736 1861//4736 2660//4736
f 2663//4737 1867//4737 1868//4737
f 2663//4738 2661//4738 1867//4738
f 2664//4739 1859//4739 1860//4739
f 2664//4740 1860//4740 2662//4740
f 2665//4741 2663//4741 1868//4741
f 2665//4742 1868//4742 1869//4742
f 2666//4743 1858//4743 1859//4743
f 2666//4744 1859//4744 2664//4744
f 2667//4745 1869//4745 1870//4745
f 2667//4746 2665//4746 1869//4746
f 2668//4747 1857//4747 1858//4747
f 2668//4748 1858//4748 2666//4748
f 2669//4749 1870//4749 1871//4749
f 2669//4750 2667//4750 1870//4750
f 2670//4751 1855//4751 1856//4751
f 2670//4752 1856//4752 1857//4752
f 2670//4753 1857//4753 2668//4753
f 2671//4754 1871//4754 1872//4754
f 2671//4755 2669//4755 1871//4755
f 2672//4756 1854//4756 1855//4756
f 2672//4757 1855//4757 2670//4757
f 2673//4758 1872//4758 1873//4758
f 2673//4759 2671//4759 1872//4759
f 2674//4760 1853//4760 1854//4760
f 2674//4761 1854//4761 2672//4761
f 2675//4762 1873//4762 1874//4762
f 2675//4763 2673//4763 1873//4763
f 2676//4764 1852//4764 1853//4764
f 2676//4765 1853//4765 2674//4765
f 2677//4766 2675//4766 1874//4766
f 2677//4767 1874//4767 1875//4767
f 2678//4768 1851//4768 1852//4768
f 2678//4769 1852//4769 2676//4769
f 2679//4770 1875//4770 1876//4770
f 2679//4771 2677//4771 1875//4771
f 2680//4772 1851//4772 2678//4772
f 2681//4773 1876//4773 1877//4773
f 2681//4774 2679//4774 1876//4774
f 1850//4775 1851//4775 2680//4775
f 2682//4776 1850//4776 2680//4776
f 2683//4777 2681//4777 1877//4777
f 1878//4778 2683//4778 1877//4778
f 1849//4779 1850//4779 2682//4779
f 1849//4780 2682//4780 2684//4780
f 2685//4781 2683//4781 1878//4781
f 1879//4782 2686//4782 2685//4782
f 1879//4783 2685//4783 1878//4783
f 1848//4784 1849//4784 2684//4784
f 1848//4785 2684//4785 2687//4785
f 1880//4786 2688//4786 2686//4786
f 1880//4787 2686//4787 1879//4787
f 1847//4788 1848//4788 2687//4788
f 1847//4789 2687//4789 2689//4789
f 1881//4790 2690//4790 2688//4790
f 1881//4791 2688//4791 1880//4791
f 1846//4792 1847//4792 2689//4792
f 1846//4793 2689//4793 2691//4793
f 1882//4794 2692//4794 2690//4794
f 1882//4795 2690//4795 1881//4795
f 1845//4796 1846//4796 2691//4796
f 1845//4797 2691//4797 2693//4797
f 1883//4798 2694//4798 2692//4798
f 1883//4799 2692//4799 1882//4799
f 1844//4800 2693//4800 2695//4800
f 1844//4801 1845//4801 2693//4801
f 1884//4802 2696//4802 2694//4802
f 1884//4803 2694//4803 1883//4803
f 1843//4804 2695//4804 2697//4804
f 1843//4805 1844//4805 2695//4805
f 1828//4806 2696//4806 1884//4806
f 1842//4807 1843//4807 2697//4807
f 1842//4808 2697//4808 2698//4808
f 1829//4809 2699//4809 2696//4809
f 1829//4810 2696//4810 1828//4810
f 1841//4811 1842//4811 2698//4811
f 1841//4812 2698//4812 2700//4812
f 1830//4813 2701//4813 2699//4813
f 1830//4814 2699//4814 1829//4814
f 1840//4815 1841//4815 2700//4815
f 1840//4816 2700//4816 2702//4816
f 1831//4817 2701//4817 1830//4817
f 1831//4818 2703//4818 2701//4818
f 1839//4819 1840//4819 2702//4819
f 1839//4820 2702//4820 2704//4820
f 1832//4821 2703//4821 1831//4821
f 1832//4822 2705//4822 2703//4822
f 1838//4823 1839//4823 2704//4823
f 1838//4824 2704//4824 2706//4824
f 1833//4825 2705//4825 1832//4825
f 1833//4826 2707//4826 2705//4826
f 1837//4827 1838//4827 2706//4827
f 1837//4828 2706//4828 2708//4828
f 1834//4829 2707//4829 1833//4829
f 1834//4830 2709//4830 2707//4830
f 1836//4831 1837//4831 2708//4831
f 1836//4832 2708//4832 2710//4832
f 1835//4833 1836//4833 2710//4833
f 1835//4834 2709//4834 1834//4834
f 1835//4835 2710//4835 2709//4835
f 2696//4836 2699//4836 2106//4836
f 2106//4837 2699//4837 2105//4837
f 2699//4838 2701//4838 2105//4838
f 2105//4839 2701//4839 2107//4839
f 2701//4840 2703//4840 2107//4840
f 2107//4841 2703//4841 2108//4841
f 2703//4842 2705//4842 2108//4842
f 2108//4843 2705//4843 2109//4843
f 2705//4844 2707//4844 2109//4844
f 2109//4845 2707//4845 2113//4845
f 2707//4846 2709//4846 2113//4846
f 2113//4847 2709//4847 2114//4847
f 2709//4848 2710//4848 2114//4848
f 2114//4849 2710//4849 2115//4849
f 2710//4850 2708//4850 2115//4850
f 2115//4851 2708//4851 2116//4851
f 2708//4852 2706//4852 2116//4852
f 2116//4853 2706//4853 2117//4853
f 2706//4854 2704//4854 2117//4854
f 2117//4855 2704//4855 2118//4855
f 2704//4856 2702//4856 2118//4856
f 2118//4857 2702//4857 2119//4857
f 2702//4858 2700//4858 2119//4858
f 2119//4859 2700//4859 2120//4859
f 2120//4860 2698//4860 2104//4860
f 2700//4861 2698//4861 2120//4861
f 2104//4862 2698//4862 2103//4862
f 2698//4863 2697//4863 2103//4863
f 2103//4864 2695//4864 2102//4864
f 2697//4865 2695//4865 2103//4865
f 2102//4866 2693//4866 2101//4866
f 2695//4867 2693//4867 2102//4867
f 2101//4868 2691//4868 2100//4868
f 2693//4869 2691//4869 2101//4869
f 2100//4870 2689//4870 2098//4870
f 2691//4871 2689//4871 2100//4871
f 2098//4872 2687//4872 2096//4872
f 2689//4873 2687//4873 2098//4873
f 2096//4874 2684//4874 2094//4874
f 2687//4875 2684//4875 2096//4875
f 2094//4876 2682//4876 2089//4876
f 2684//4877 2682//4877 2094//4877
f 2682//4878 2680//4878 2089//4878
f 2089//4879 2680//4879 2088//4879
f 2680//4880 2678//4880 2088//4880
f 2088//4881 2678//4881 2090//4881
f 2678//4882 2676//4882 2090//4882
f 2090//4883 2676//4883 2091//4883
f 2676//4884 2674//4884 2091//4884
f 2091//4885 2674//4885 2092//4885
f 2674//4886 2672//4886 2092//4886
f 2092//4887 2672//4887 2093//4887
f 2672//4888 2670//4888 2093//4888
f 2093//4889 2670//4889 2080//4889
f 2080//4890 2670//4890 2078//4890
f 2670//4891 2668//4891 2078//4891
f 2668//4892 2666//4892 2078//4892
f 2078//4893 2666//4893 2076//4893
f 2666//4894 2664//4894 2076//4894
f 2076//4895 2664//4895 2074//4895
f 2664//4896 2662//4896 2074//4896
f 2074//4897 2662//4897 2072//4897
f 2662//4898 2660//4898 2072//4898
f 2072//4899 2660//4899 2070//4899
f 2660//4900 2658//4900 2070//4900
f 2070//4901 2658//4901 2068//4901
f 2068//4902 2658//4902 2066//4902
f 2658//4903 2656//4903 2066//4903
f 2656//4904 2657//4904 2066//4904
f 2066//4905 2657//4905 2067//4905
f 2067//4906 2657//4906 2069//4906
f 2657//4907 2659//4907 2069//4907
f 2659//4908 2661//4908 2069//4908
f 2069//4909 2661//4909 2071//4909
f 2661//4910 2663//4910 2071//4910
f 2071//4911 2663//4911 2073//4911
f 2663//4912 2665//4912 2073//4912
f 2073//4913 2665//4913 2075//4913
f 2665//4914 2667//4914 2075//4914
f 2075//4915 2667//4915 2077//4915
f 2667//4916 2669//4916 2077//4916
f 2077//4917 2669//4917 2079//4917
f 2079//4918 2669//4918 2081//4918
f 2669//4919 2671//4919 2081//4919
f 2671//4920 2673//4920 2081//4920
f 2081//4921 2673//4921 2082//4921
f 2673//4922 2675//4922 2082//4922
f 2082//4923 2675//4923 2083//4923
f 2083//4924 2677//4924 2084//4924
f 2675//4925 2677//4925 2083//4925
f 2084//4926 2679//4926 2085//4926
f 2085//4927 2679//4927 2086//4927
f 2677//4928 2679//4928 2084//4928
f 2679//4929 2681//4929 2086//4929
f 2086//4930 2683//4930 2087//4930
f 2681//4931 2683//4931 2086//4931
f 2087//4932 2683//4932 2095//4932
f 2683//4933 2685//4933 2095//4933
f 2095//4934 2685//4934 2097//4934
f 2685//4935 2686//4935 2097//4935
f 2097//4936 2688//4936 2099//4936
f 2686//4937 2688//4937 2097//4937
f 2099//4938 2690//4938 2110//4938
f 2688//4939 2690//4939 2099//4939
f 2110//4940 2692//4940 2111//4940
f 2111//4941 2692//4941 2112//4941
f 2690//4942 2692//4942 2110//4942
f 2692//4943 2694//4943 2112//4943
f 2112//4944 2696//4944 2106//4944
f 2694//4945 2696//4945 2112//4945
f 2646//4946 2648//4946 2148//4946
f 2148//4947 2648//4947 2149//4947
f 2149//4948 2650//4948 2150//4948
f 2648//4949 2650//4949 2149//4949
f 2150//4950 2652//4950 2151//4950
f 2650//4951 2652//4951 2150//4951
f 2151//4952 2654//4952 2152//4952
f 2652//4953 2654//4953 2151//4953
f 2152//4954 2655//4954 2153//4954
f 2654//4955 2655//4955 2152//4955
f 2655//4956 2653//4956 2153//4956
f 2153//4957 2653//4957 2154//4957
f 2653//4958 2651//4958 2154//4958
f 2154//4959 2651//4959 2155//4959
f 2651//4960 2649//4960 2155//4960
f 2155//4961 2649//4961 2156//4961
f 2649//4962 2647//4962 2156//4962
f 2156//4963 2647//4963 2157//4963
f 2647//4964 2645//4964 2157//4964
f 2157//4965 2645//4965 2147//4965
f 2645//4966 2643//4966 2147//4966
f 2147//4967 2643//4967 2145//4967
f 2643//4968 2641//4968 2145//4968
f 2145//4969 2641//4969 2143//4969
f 2641//4970 2639//4970 2143//4970
f 2143//4971 2639//4971 2141//4971
f 2141//4972 2639//4972 2136//4972
f 2639//4973 2637//4973 2136//4973
f 2637//4974 2635//4974 2136//4974
f 2136//4975 2635//4975 2135//4975
f 2635//4976 2633//4976 2135//4976
f 2135//4977 2633//4977 2134//4977
f 2134//4978 2633//4978 2133//4978
f 2633//4979 2631//4979 2133//4979
f 2631//4980 2629//4980 2133//4980
f 2133//4981 2629//4981 2131//4981
f 2131//4982 2627//4982 2129//4982
f 2629//4983 2627//4983 2131//4983
f 2129//4984 2625//4984 2127//4984
f 2127//4985 2625//4985 2125//4985
f 2627//4986 2625//4986 2129//4986
f 2625//4987 2623//4987 2125//4987
f 2125//4988 2621//4988 2123//4988
f 2623//4989 2621//4989 2125//4989
f 2123//4990 2619//4990 2121//4990
f 2621//4991 2619//4991 2123//4991
f 2121//4992 2620//4992 2122//4992
f 2619//4993 2620//4993 2121//4993
f 2122//4994 2622//4994 2124//4994
f 2620//4995 2622//4995 2122//4995
f 2124//4996 2624//4996 2126//4996
f 2622//4997 2624//4997 2124//4997
f 2126//4998 2626//4998 2128//4998
f 2128//4999 2626//4999 2130//4999
f 2624//5000 2626//5000 2126//5000
f 2130//5001 2628//5001 2132//5001
f 2626//5002 2628//5002 2130//5002
f 2628//5003 2630//5003 2132//5003
f 2132//5004 2632//5004 2137//5004
f 2630//5005 2632//5005 2132//5005
f 2632//5006 2634//5006 2137//5006
f 2137//5007 2634//5007 2138//5007
f 2138//5008 2634//5008 2139//5008
f 2139//5009 2636//5009 2140//5009
f 2634//5010 2636//5010 2139//5010
f 2636//5011 2638//5011 2140//5011
f 2638//5012 2640//5012 2140//5012
f 2140//5013 2640//5013 2142//5013
f 2640//5014 2642//5014 2142//5014
f 2142//5015 2642//5015 2144//5015
f 2642//5016 2644//5016 2144//5016
f 2144//5017 2644//5017 2146//5017
f 2644//5018 2646//5018 2146//5018
f 2146//5019 2646//5019 2148//5019
f 2567//5020 2570//5020 2207//5020
f 2207//5021 2570//5021 2206//5021
f 2570//5022 2572//5022 2206//5022
f 2206//5023 2572//5023 2208//5023
f 2572//5024 2574//5024 2208//5024
f 2208//5025 2574//5025 2209//5025
f 2574//5026 2576//5026 2209//5026
f 2209//5027 2576//5027 2196//5027
f 2576//5028 2578//5028 2196//5028
f 2196//5029 2578//5029 2195//5029
f 2578//5030 2580//5030 2195//5030
f 2195//5031 2580//5031 2197//5031
f 2580//5032 2581//5032 2197//5032
f 2197//5033 2581//5033 2198//5033
f 2581//5034 2579//5034 2198//5034
f 2198//5035 2579//5035 2199//5035
f 2579//5036 2577//5036 2199//5036
f 2199//5037 2577//5037 2200//5037
f 2577//5038 2575//5038 2200//5038
f 2200//5039 2575//5039 2201//5039
f 2575//5040 2573//5040 2201//5040
f 2201//5041 2573//5041 2202//5041
f 2573//5042 2571//5042 2202//5042
f 2202//5043 2571//5043 2203//5043
f 2203//5044 2569//5044 2204//5044
f 2571//5045 2569//5045 2203//5045
f 2204//5046 2569//5046 2205//5046
f 2569//5047 2568//5047 2205//5047
f 2205//5048 2566//5048 2185//5048
f 2568//5049 2566//5049 2205//5049
f 2185//5050 2564//5050 2184//5050
f 2566//5051 2564//5051 2185//5051
f 2184//5052 2562//5052 2183//5052
f 2564//5053 2562//5053 2184//5053
f 2183//5054 2560//5054 2182//5054
f 2562//5055 2560//5055 2183//5055
f 2182//5056 2558//5056 2181//5056
f 2560//5057 2558//5057 2182//5057
f 2181//5058 2555//5058 2180//5058
f 2558//5059 2555//5059 2181//5059
f 2180//5060 2553//5060 2175//5060
f 2555//5061 2553//5061 2180//5061
f 2553//5062 2551//5062 2175//5062
f 2175//5063 2551//5063 2174//5063
f 2551//5064 2549//5064 2174//5064
f 2174//5065 2549//5065 2176//5065
f 2549//5066 2547//5066 2176//5066
f 2176//5067 2547//5067 2177//5067
f 2547//5068 2545//5068 2177//5068
f 2177//5069 2545//5069 2178//5069
f 2545//5070 2543//5070 2178//5070
f 2178//5071 2543//5071 2179//5071
f 2543//5072 2541//5072 2179//5072
f 2179//5073 2541//5073 2172//5073
f 2172//5074 2541//5074 2170//5074
f 2541//5075 2539//5075 2170//5075
f 2539//5076 2537//5076 2170//5076
f 2170//5077 2537//5077 2168//5077
f 2537//5078 2535//5078 2168//5078
f 2168//5079 2535//5079 2166//5079
f 2535//5080 2533//5080 2166//5080
f 2166//5081 2533//5081 2164//5081
f 2533//5082 2531//5082 2164//5082
f 2164//5083 2531//5083 2162//5083
f 2531//5084 2529//5084 2162//5084
f 2162//5085 2529//5085 2160//5085
f 2160//5086 2529//5086 2158//5086
f 2529//5087 2527//5087 2158//5087
f 2527//5088 2528//5088 2158//5088
f 2158//5089 2528//5089 2159//5089
f 2159//5090 2528//5090 2161//5090
f 2528//5091 2530//5091 2161//5091
f 2530//5092 2532//5092 2161//5092
f 2161//5093 2532//5093 2163//5093
f 2532//5094 2534//5094 2163//5094
f 2163//5095 2534//5095 2165//5095
f 2534//5096 2536//5096 2165//5096
f 2165//5097 2536//5097 2167//5097
f 2536//5098 2538//5098 2167//5098
f 2167//5099 2538//5099 2169//5099
f 2538//5100 2540//5100 2169//5100
f 2169//5101 2540//5101 2171//5101
f 2171//5102 2540//5102 2173//5102
f 2540//5103 2542//5103 2173//5103
f 2542//5104 2544//5104 2173//5104
f 2173//5105 2544//5105 2186//5105
f 2544//5106 2546//5106 2186//5106
f 2186//5107 2546//5107 2187//5107
f 2187//5108 2548//5108 2188//5108
f 2546//5109 2548//5109 2187//5109
f 2188//5110 2550//5110 2189//5110
f 2189//5111 2550//5111 2190//5111
f 2548//5112 2550//5112 2188//5112
f 2550//5113 2552//5113 2190//5113
f 2190//5114 2554//5114 2191//5114
f 2552//5115 2554//5115 2190//5115
f 2191//5116 2554//5116 2192//5116
f 2554//5117 2556//5117 2192//5117
f 2192//5118 2556//5118 2193//5118
f 2556//5119 2557//5119 2193//5119
f 2193//5120 2559//5120 2194//5120
f 2557//5121 2559//5121 2193//5121
f 2194//5122 2561//5122 2210//5122
f 2559//5123 2561//5123 2194//5123
f 2210//5124 2563//5124 2211//5124
f 2211//5125 2563//5125 2212//5125
f 2561//5126 2563//5126 2210//5126
f 2563//5127 2565//5127 2212//5127
f 2212//5128 2567//5128 2207//5128
f 2565//5129 2567//5129 2212//5129
f 2609//5130 2611//5130 2234//5130
f 2234//5131 2611//5131 2243//5131
f 2243//5132 2613//5132 2244//5132
f 2611//5133 2613//5133 2243//5133
f 2244//5134 2615//5134 2245//5134
f 2613//5135 2615//5135 2244//5135
f 2245//5136 2617//5136 2246//5136
f 2615//5137 2617//5137 2245//5137
f 2246//5138 2618//5138 2247//5138
f 2617//5139 2618//5139 2246//5139
f 2618//5140 2616//5140 2247//5140
f 2247//5141 2616//5141 2248//5141
f 2616//5142 2614//5142 2248//5142
f 2248//5143 2614//5143 2249//5143
f 2614//5144 2612//5144 2249//5144
f 2249//5145 2612//5145 2242//5145
f 2612//5146 2610//5146 2242//5146
f 2242//5147 2610//5147 2241//5147
f 2610//5148 2608//5148 2241//5148
f 2241//5149 2608//5149 2236//5149
f 2608//5150 2606//5150 2236//5150
f 2236//5151 2606//5151 2235//5151
f 2606//5152 2604//5152 2235//5152
f 2235//5153 2604//5153 2237//5153
f 2604//5154 2602//5154 2237//5154
f 2237//5155 2602//5155 2238//5155
f 2238//5156 2602//5156 2239//5156
f 2602//5157 2600//5157 2239//5157
f 2600//5158 2598//5158 2239//5158
f 2239//5159 2598//5159 2240//5159
f 2598//5160 2596//5160 2240//5160
f 2240//5161 2596//5161 2224//5161
f 2224//5162 2596//5162 2223//5162
f 2596//5163 2594//5163 2223//5163
f 2594//5164 2592//5164 2223//5164
f 2223//5165 2592//5165 2222//5165
f 2222//5166 2590//5166 2221//5166
f 2592//5167 2590//5167 2222//5167
f 2221//5168 2588//5168 2219//5168
f 2219//5169 2588//5169 2217//5169
f 2590//5170 2588//5170 2221//5170
f 2588//5171 2586//5171 2217//5171
f 2217//5172 2584//5172 2215//5172
f 2586//5173 2584//5173 2217//5173
f 2215//5174 2582//5174 2213//5174
f 2584//5175 2582//5175 2215//5175
f 2213//5176 2583//5176 2214//5176
f 2582//5177 2583//5177 2213//5177
f 2214//5178 2585//5178 2216//5178
f 2583//5179 2585//5179 2214//5179
f 2216//5180 2587//5180 2218//5180
f 2585//5181 2587//5181 2216//5181
f 2218//5182 2589//5182 2220//5182
f 2220//5183 2589//5183 2225//5183
f 2587//5184 2589//5184 2218//5184
f 2225//5185 2591//5185 2226//5185
f 2589//5186 2591//5186 2225//5186
f 2591//5187 2593//5187 2226//5187
f 2226//5188 2595//5188 2227//5188
f 2593//5189 2595//5189 2226//5189
f 2595//5190 2597//5190 2227//5190
f 2227//5191 2597//5191 2228//5191
f 2228//5192 2597//5192 2229//5192
f 2229//5193 2599//5193 2230//5193
f 2597//5194 2599//5194 2229//5194
f 2599//5195 2601//5195 2230//5195
f 2601//5196 2603//5196 2230//5196
f 2230//5197 2603//5197 2231//5197
f 2603//5198 2605//5198 2231//5198
f 2231//5199 2605//5199 2232//5199
f 2605//5200 2607//5200 2232//5200
f 2232//5201 2607//5201 2233//5201
f 2607//5202 2609//5202 2233//5202
f 2233//5203 2609//5203 2234//5203
f 2274//5204 2273//5204 2275//5204
f 2284//5205 2287//5205 2285//5205
f 2285//5206 2287//5206 2286//5206
f 2283//5207 2289//5207 2284//5207
f 2287//5208 2289//5208 2288//5208
f 2284//5209 2289//5209 2287//5209
f 2270//5210 2269//5210 2271//5210
f 2283//5211 2290//5211 2289//5211
f 2279//5212 2292//5212 2280//5212
f 2280//5213 2292//5213 2281//5213
f 2281//5214 2292//5214 2282//5214
f 2282//5215 2292//5215 2283//5215
f 2290//5216 2292//5216 2291//5216
f 2283//5217 2292//5217 2290//5217
f 2276//5218 2293//5218 2277//5218
f 2277//5219 2293//5219 2278//5219
f 2278//5220 2293//5220 2279//5220
f 2279//5221 2293//5221 2292//5221
f 2266//5222 2265//5222 2267//5222
f 2264//5223 2263//5223 2265//5223
f 2293//5224 2296//5224 2294//5224
f 2294//5225 2296//5225 2295//5225
f 2276//5226 2296//5226 2293//5226
f 2263//5227 2262//5227 2265//5227
f 2267//5228 2262//5228 2268//5228
f 2265//5229 2262//5229 2267//5229
f 2250//5230 2252//5230 2251//5230
f 2296//5231 2252//5231 2250//5231
f 2260//5232 2259//5232 2261//5232
f 2296//5233 2253//5233 2252//5233
f 2276//5234 2253//5234 2296//5234
f 2271//5235 2253//5235 2272//5235
f 2272//5236 2253//5236 2273//5236
f 2275//5237 2253//5237 2276//5237
f 2273//5238 2253//5238 2275//5238
f 2261//5239 2258//5239 2262//5239
f 2259//5240 2258//5240 2261//5240
f 2253//5241 2255//5241 2254//5241
f 2257//5242 2256//5242 2258//5242
f 2268//5243 2256//5243 2269//5243
f 2262//5244 2256//5244 2268//5244
f 2258//5245 2256//5245 2262//5245
f 2271//5246 2256//5246 2253//5246
f 2253//5247 2256//5247 2255//5247
f 2269//5248 2256//5248 2271//5248
f 2334//5249 2336//5249 2335//5249
f 2331//5250 2330//5250 2332//5250
f 2332//5251 2330//5251 2333//5251
f 2336//5252 2339//5252 2337//5252
f 2337//5253 2339//5253 2338//5253
f 2327//5254 2326//5254 2328//5254
f 2325//5255 2324//5255 2326//5255
f 2340//5256 2344//5256 2341//5256
f 2341//5257 2344//5257 2342//5257
f 2342//5258 2344//5258 2343//5258
f 2324//5259 2323//5259 2326//5259
f 2323//5260 2321//5260 2326//5260
f 2322//5261 2321//5261 2323//5261
f 2345//5262 2347//5262 2346//5262
f 2345//5263 2348//5263 2347//5263
f 2320//5264 2319//5264 2321//5264
f 2328//5265 2319//5265 2329//5265
f 2329//5266 2319//5266 2330//5266
f 2326//5267 2319//5267 2328//5267
f 2330//5268 2319//5268 2333//5268
f 2321//5269 2319//5269 2326//5269
f 2345//5270 2350//5270 2348//5270
f 2344//5271 2350//5271 2345//5271
f 2348//5272 2350//5272 2349//5272
f 2317//5273 2316//5273 2318//5273
f 2316//5274 2315//5274 2318//5274
f 2318//5275 2315//5275 2319//5275
f 2344//5276 2353//5276 2350//5276
f 2350//5277 2353//5277 2351//5277
f 2351//5278 2353//5278 2352//5278
f 2314//5279 2313//5279 2315//5279
f 2315//5280 2313//5280 2319//5280
f 2333//5281 2313//5281 2334//5281
f 2334//5282 2313//5282 2336//5282
f 2336//5283 2313//5283 2339//5283
f 2319//5284 2313//5284 2333//5284
f 2353//5285 2297//5285 2354//5285
f 2311//5286 2310//5286 2312//5286
f 2312//5287 2310//5287 2313//5287
f 2313//5288 2310//5288 2339//5288
f 2339//5289 2310//5289 2340//5289
f 2340//5290 2310//5290 2344//5290
f 2297//5291 2301//5291 2298//5291
f 2298//5292 2301//5292 2300//5292
f 2353//5293 2301//5293 2297//5293
f 2309//5294 2308//5294 2310//5294
f 2310//5295 2308//5295 2344//5295
f 2307//5296 2306//5296 2308//5296
f 2308//5297 2306//5297 2344//5297
f 2344//5298 2306//5298 2353//5298
f 2301//5299 2305//5299 2302//5299
f 2302//5300 2305//5300 2303//5300
f 2303//5301 2305//5301 2304//5301
f 2353//5302 2305//5302 2301//5302
f 2306//5303 2305//5303 2353//5303
f 2392//5304 2394//5304 2393//5304
f 2394//5305 2397//5305 2395//5305
f 2395//5306 2397//5306 2396//5306
f 2385//5307 2384//5307 2386//5307
f 2383//5308 2382//5308 2384//5308
f 2397//5309 2402//5309 2398//5309
f 2398//5310 2402//5310 2399//5310
f 2399//5311 2402//5311 2400//5311
f 2400//5312 2402//5312 2401//5312
f 2382//5313 2381//5313 2384//5313
f 2402//5314 2405//5314 2403//5314
f 2403//5315 2405//5315 2404//5315
f 2378//5316 2377//5316 2379//5316
f 2391//5317 2408//5317 2392//5317
f 2405//5318 2408//5318 2406//5318
f 2406//5319 2408//5319 2407//5319
f 2392//5320 2408//5320 2394//5320
f 2394//5321 2408//5321 2397//5321
f 2397//5322 2408//5322 2402//5322
f 2402//5323 2408//5323 2405//5323
f 2375//5324 2374//5324 2376//5324
f 2408//5325 2410//5325 2409//5325
f 2386//5326 2411//5326 2387//5326
f 2387//5327 2411//5327 2388//5327
f 2408//5328 2411//5328 2410//5328
f 2388//5329 2411//5329 2389//5329
f 2389//5330 2411//5330 2390//5330
f 2390//5331 2411//5331 2391//5331
f 2384//5332 2411//5332 2386//5332
f 2391//5333 2411//5333 2408//5333
f 2372//5334 2371//5334 2373//5334
f 2373//5335 2371//5335 2374//5335
f 2376//5336 2371//5336 2377//5336
f 2374//5337 2371//5337 2376//5337
f 2411//5338 2355//5338 2412//5338
f 2355//5339 2358//5339 2356//5339
f 2369//5340 2368//5340 2370//5340
f 2370//5341 2368//5341 2371//5341
f 2411//5342 2359//5342 2355//5342
f 2384//5343 2359//5343 2411//5343
f 2355//5344 2359//5344 2358//5344
f 2381//5345 2359//5345 2384//5345
f 2367//5346 2366//5346 2368//5346
f 2359//5347 2362//5347 2360//5347
f 2360//5348 2362//5348 2361//5348
f 2381//5349 2362//5349 2359//5349
f 2365//5350 2364//5350 2366//5350
f 2371//5351 2364//5351 2377//5351
f 2368//5352 2364//5352 2371//5352
f 2366//5353 2364//5353 2368//5353
f 2377//5354 2363//5354 2379//5354
f 2379//5355 2363//5355 2380//5355
f 2380//5356 2363//5356 2381//5356
f 2381//5357 2363//5357 2362//5357
f 2364//5358 2363//5358 2377//5358
f 2449//5359 2452//5359 2450//5359
f 2450//5360 2452//5360 2451//5360
f 2442//5361 2441//5361 2443//5361
f 2455//5362 2457//5362 2456//5362
f 2457//5363 2459//5363 2458//5363
f 2439//5364 2438//5364 2440//5364
f 2438//5365 2437//5365 2440//5365
f 2440//5366 2436//5366 2441//5366
f 2443//5367 2436//5367 2444//5367
f 2444//5368 2436//5368 2445//5368
f 2445//5369 2436//5369 2446//5369
f 2446//5370 2436//5370 2447//5370
f 2447//5371 2436//5371 2448//5371
f 2441//5372 2436//5372 2443//5372
f 2437//5373 2436//5373 2440//5373
f 2460//5374 2462//5374 2461//5374
f 2435//5375 2434//5375 2436//5375
f 2436//5376 2434//5376 2448//5376
f 2460//5377 2464//5377 2462//5377
f 2459//5378 2464//5378 2460//5378
f 2462//5379 2464//5379 2463//5379
f 2432//5380 2431//5380 2433//5380
f 2465//5381 2467//5381 2466//5381
f 2433//5382 2430//5382 2434//5382
f 2431//5383 2430//5383 2433//5383
f 2465//5384 2468//5384 2467//5384
f 2464//5385 2468//5385 2465//5385
f 2430//5386 2429//5386 2434//5386
f 2434//5387 2428//5387 2448//5387
f 2429//5388 2428//5388 2434//5388
f 2428//5389 2427//5389 2448//5389
f 2448//5390 2427//5390 2449//5390
f 2452//5391 2427//5391 2453//5391
f 2453//5392 2427//5392 2454//5392
f 2449//5393 2427//5393 2452//5393
f 2464//5394 2414//5394 2468//5394
f 2468//5395 2414//5395 2469//5395
f 2469//5396 2414//5396 2413//5396
f 2426//5397 2425//5397 2427//5397
f 2427//5398 2425//5398 2454//5398
f 2454//5399 2425//5399 2455//5399
f 2455//5400 2425//5400 2457//5400
f 2457//5401 2425//5401 2459//5401
f 2414//5402 2417//5402 2415//5402
f 2415//5403 2417//5403 2416//5403
f 2424//5404 2423//5404 2425//5404
f 2414//5405 2418//5405 2417//5405
f 2414//5406 2419//5406 2418//5406
f 2422//5407 2421//5407 2423//5407
f 2425//5408 2421//5408 2459//5408
f 2423//5409 2421//5409 2425//5409
f 2459//5410 2420//5410 2464//5410
f 2421//5411 2420//5411 2459//5411
f 2414//5412 2420//5412 2419//5412
f 2464//5413 2420//5413 2414//5413
f 2506//5414 2509//5414 2507//5414
f 2507//5415 2509//5415 2508//5415
f 2509//5416 2511//5416 2510//5416
f 2499//5417 2498//5417 2500//5417
f 2511//5418 2516//5418 2512//5418
f 2512//5419 2516//5419 2513//5419
f 2513//5420 2516//5420 2514//5420
f 2514//5421 2516//5421 2515//5421
f 2496//5422 2495//5422 2497//5422
f 2516//5423 2518//5423 2517//5423
f 2494//5424 2493//5424 2495//5424
f 2497//5425 2493//5425 2498//5425
f 2495//5426 2493//5426 2497//5426
f 2518//5427 2521//5427 2519//5427
f 2519//5428 2521//5428 2520//5428
f 2516//5429 2521//5429 2518//5429
f 2516//5430 2522//5430 2521//5430
f 2505//5431 2522//5431 2506//5431
f 2509//5432 2522//5432 2511//5432
f 2506//5433 2522//5433 2509//5433
f 2511//5434 2522//5434 2516//5434
f 2490//5435 2489//5435 2491//5435
f 2505//5436 2523//5436 2522//5436
f 2505//5437 2524//5437 2523//5437
f 2504//5438 2524//5438 2505//5438
f 2501//5439 2525//5439 2502//5439
f 2504//5440 2525//5440 2524//5440
f 2502//5441 2525//5441 2503//5441
f 2503//5442 2525//5442 2504//5442
f 2501//5443 2526//5443 2525//5443
f 2486//5444 2485//5444 2487//5444
f 2487//5445 2485//5445 2488//5445
f 2488//5446 2485//5446 2489//5446
f 2491//5447 2485//5447 2492//5447
f 2489//5448 2485//5448 2491//5448
f 2492//5449 2485//5449 2493//5449
f 2526//5450 2471//5450 2470//5450
f 2483//5451 2482//5451 2484//5451
f 2484//5452 2482//5452 2485//5452
f 2485//5453 2482//5453 2493//5453
f 2471//5454 2473//5454 2472//5454
f 2500//5455 2473//5455 2501//5455
f 2501//5456 2473//5456 2526//5456
f 2526//5457 2473//5457 2471//5457
f 2498//5458 2473//5458 2500//5458
f 2473//5459 2476//5459 2474//5459
f 2474//5460 2476//5460 2475//5460
f 2498//5461 2476//5461 2473//5461
f 2493//5462 2476//5462 2498//5462
f 2478//5463 2477//5463 2479//5463
f 2479//5464 2477//5464 2480//5464
f 2480//5465 2477//5465 2481//5465
f 2481//5466 2477//5466 2482//5466
f 2482//5467 2477//5467 2493//5467
f 2493//5468 2477//5468 2476//5468
