# Created by FreeCAD <http://www.freecadweb.org>
v 4.000000 0.000000 3.100000
v 4.000000 0.000000 3.000000
v 4.000000 2.837722 3.000000
v 4.000000 2.837722 3.100000
v 2.321953 0.210789 4.778048
v 2.340000 0.000000 4.760000
v 2.268335 0.415443 4.831665
v 2.195748 0.580462 4.904252
v 3.477432 3.143565 3.622568
v 2.100000 0.733212 5.000000
v 3.015396 3.534895 4.084604
v 2.100000 4.000000 5.000000
v 2.627719 4.000000 4.472281
v 4.000000 9.162277 3.100000
v 3.846792 9.084948 3.000000
v 4.000000 9.162277 3.000000
v 3.525925 8.890161 3.574075
v 3.697559 9.000201 3.000000
v 3.552659 8.908240 3.000000
v 3.412442 8.809288 3.000000
v 3.277243 8.703582 3.000000
v 3.100000 8.547548 4.000000
v 3.147389 8.591374 3.000000
v 3.023191 8.472937 3.000000
v 2.904948 8.348554 3.000000
v 2.792944 8.218524 3.000000
v 2.568491 7.912133 4.000000
v 2.687449 8.083160 3.000000
v 2.588716 7.942788 3.000000
v 2.496983 7.797745 3.000000
v 2.412469 7.648379 3.000000
v 2.335379 7.495050 3.000000
v 2.201207 7.169600 4.000000
v 2.265898 7.338127 3.000000
v 2.204192 7.177987 3.000000
v 2.150411 7.015014 3.000000
v 2.104683 6.849601 3.000000
v 2.018723 6.361545 4.000000
v 2.067118 6.682145 3.000000
v 2.037807 6.513049 3.000000
v 2.016820 6.342720 3.000000
v 2.004208 6.171566 3.000000
v 2.000000 6.000000 3.000000
v 2.031264 5.533236 4.000000
v 2.004208 5.828434 3.000000
v 2.016820 5.657280 3.000000
v 2.037807 5.486951 3.000000
v 2.067118 5.317855 3.000000
v 2.104683 5.150399 3.000000
v 2.238125 4.731075 4.000000
v 2.150411 4.984986 3.000000
v 2.204192 4.822013 3.000000
v 2.265898 4.661873 3.000000
v 2.335379 4.504950 3.000000
v 2.412469 4.351621 3.000000
v 2.496983 4.202255 3.000000
v 2.627719 4.000000 4.000000
v 2.588716 4.057212 3.000000
v 2.687449 3.916840 3.000000
v 2.792944 3.781476 3.000000
v 2.904948 3.651446 3.000000
v 3.023191 3.527063 3.000000
v 3.147389 3.408626 3.000000
v 3.277243 3.296419 3.000000
v 3.412442 3.190712 3.000000
v 3.552659 3.091759 3.000000
v 3.697559 2.999799 3.000000
v 3.846792 2.915052 3.000000
v 3.380212 3.679071 3.000000
v 4.011774 3.119556 3.000000
v 2.900904 4.373469 3.000000
v 4.758883 2.727443 3.000000
v 2.601704 5.162395 3.000000
v 5.578122 2.525519 3.000000
v 2.500000 6.000000 3.000000
v 6.421878 2.525519 3.000000
v 2.601704 6.837605 3.000000
v 7.241117 2.727443 3.000000
v 2.900904 7.626531 3.000000
v 3.380212 8.320930 3.000000
v 12.000000 0.000000 3.000000
v 7.988226 3.119556 3.000000
v 8.619787 3.679071 3.000000
v 4.011774 8.880444 3.000000
v 9.099096 4.373469 3.000000
v 4.758883 9.272557 3.000000
v 9.398296 5.162395 3.000000
v 5.578122 9.474481 3.000000
v 9.500000 6.000000 3.000000
v 23.000000 3.000000 3.000000
v 23.000000 0.000000 3.000000
v 23.000000 8.000000 3.000000
v 9.398296 6.837605 3.000000
v 9.099096 7.626531 3.000000
v 8.619787 8.320930 3.000000
v 7.988226 8.880444 3.000000
v 4.000000 29.500000 3.000000
v 8.000000 29.500000 3.000000
v 7.241117 9.272557 3.000000
v 6.421878 9.474481 3.000000
v 20.266949 30.319828 3.000000
v 20.301764 30.284134 3.000000
v 20.338314 30.250219 3.000000
v 20.233955 30.357212 3.000000
v 20.376511 30.218168 3.000000
v 20.202868 30.396196 3.000000
v 20.416256 30.188063 3.000000
v 20.173761 30.436680 3.000000
v 20.457455 30.159973 3.000000
v 20.146709 30.478565 3.000000
v 20.500000 30.133974 3.000000
v 20.121778 30.521746 3.000000
v 20.543789 30.110128 3.000000
v 20.099031 30.566116 3.000000
v 20.588713 30.088493 3.000000
v 20.078524 30.611565 3.000000
v 20.634659 30.069126 3.000000
v 20.060307 30.657980 3.000000
v 20.681513 30.052073 3.000000
v 20.044428 30.705244 3.000000
v 20.729160 30.037376 3.000000
v 20.030922 30.753242 3.000000
v 20.777479 30.025072 3.000000
v 20.019827 30.801853 3.000000
v 20.826351 30.015192 3.000000
v 20.011169 30.850958 3.000000
v 20.875656 30.007761 3.000000
v 20.004969 30.900433 3.000000
v 20.925270 30.002796 3.000000
v 20.001244 30.950153 3.000000
v 20.975069 30.000311 3.000000
v 20.000000 31.000000 3.000000
v 21.024931 30.000311 3.000000
v 20.001244 31.049847 3.000000
v 21.074730 30.002796 3.000000
v 20.004969 31.099567 3.000000
v 21.124344 30.007761 3.000000
v 20.011169 31.149042 3.000000
v 21.173649 30.015192 3.000000
v 20.019827 31.198147 3.000000
v 21.222521 30.025072 3.000000
v 20.030922 31.246758 3.000000
v 21.270840 30.037376 3.000000
v 20.044428 31.294756 3.000000
v 21.318487 30.052073 3.000000
v 20.060307 31.342020 3.000000
v 21.365341 30.069126 3.000000
v 20.078524 31.388435 3.000000
v 21.411287 30.088493 3.000000
v 20.099031 31.433884 3.000000
v 8.000000 39.500000 3.000000
v 21.456211 30.110128 3.000000
v 20.121778 31.478254 3.000000
v 21.500000 30.133974 3.000000
v 32.000000 8.000000 3.000000
v 20.146709 31.521435 3.000000
v 21.542545 30.159973 3.000000
v 20.173761 31.563320 3.000000
v 21.583744 30.188063 3.000000
v 20.202868 31.603804 3.000000
v 21.623489 30.218168 3.000000
v 20.233955 31.642788 3.000000
v 21.661686 30.250219 3.000000
v 20.266949 31.680172 3.000000
v 21.698236 30.284134 3.000000
v 20.301764 31.715866 3.000000
v 21.733051 30.319828 3.000000
v 20.338314 31.749781 3.000000
v 21.766045 30.357212 3.000000
v 20.376511 31.781832 3.000000
v 21.797132 30.396196 3.000000
v 20.416256 31.811937 3.000000
v 21.826239 30.436680 3.000000
v 20.457455 31.840027 3.000000
v 21.853291 30.478565 3.000000
v 20.500000 31.866026 3.000000
v 21.878222 30.521746 3.000000
v 20.543789 31.889872 3.000000
v 21.900969 30.566116 3.000000
v 20.588713 31.911507 3.000000
v 21.921476 30.611565 3.000000
v 20.634659 31.930874 3.000000
v 21.939693 30.657980 3.000000
v 20.681513 31.947927 3.000000
v 21.955572 30.705244 3.000000
v 20.729160 31.962624 3.000000
v 21.969078 30.753242 3.000000
v 20.777479 31.974928 3.000000
v 21.980173 30.801853 3.000000
v 20.826351 31.984808 3.000000
v 21.988831 30.850958 3.000000
v 20.875656 31.992239 3.000000
v 21.995031 30.900433 3.000000
v 20.925270 31.997204 3.000000
v 21.998756 30.950153 3.000000
v 20.975069 31.999689 3.000000
v 22.000000 31.000000 3.000000
v 21.998756 31.049847 3.000000
v 21.995031 31.099567 3.000000
v 3.380212 60.679070 3.000000
v 2.792944 60.781475 3.000000
v 2.904948 60.651447 3.000000
v 3.023191 60.527061 3.000000
v 3.147389 60.408627 3.000000
v 3.277243 60.296417 3.000000
v 3.412442 60.190712 3.000000
v 3.552659 60.091759 3.000000
v 4.011774 60.119556 3.000000
v 3.697559 59.999798 3.000000
v 3.846792 59.915051 3.000000
v 4.000000 59.837723 3.000000
v 2.900904 61.373470 3.000000
v 2.335379 61.504951 3.000000
v 2.412469 61.351620 3.000000
v 2.496983 61.202255 3.000000
v 2.588716 61.057213 3.000000
v 2.687449 60.916840 3.000000
v 4.758883 59.727444 3.000000
v 2.601704 62.162395 3.000000
v 2.037807 62.486950 3.000000
v 2.067118 62.317856 3.000000
v 2.104683 62.150398 3.000000
v 2.150411 61.984985 3.000000
v 2.204192 61.822014 3.000000
v 2.265898 61.661873 3.000000
v 5.578122 59.525520 3.000000
v 4.000000 39.500000 3.000000
v 2.500000 63.000000 3.000000
v 2.016820 63.342720 3.000000
v 2.004208 63.171566 3.000000
v 2.000000 63.000000 3.000000
v 2.004208 62.828434 3.000000
v 2.016820 62.657280 3.000000
v 2.037807 63.513050 3.000000
v 6.421878 59.525520 3.000000
v 2.601704 63.837605 3.000000
v 2.204192 64.177986 3.000000
v 2.150411 64.015015 3.000000
v 2.104683 63.849602 3.000000
v 2.067118 63.682144 3.000000
v 2.265898 64.338127 3.000000
v 2.335379 64.495049 3.000000
v 7.241117 59.727444 3.000000
v 2.900904 64.626534 3.000000
v 2.496983 64.797745 3.000000
v 2.412469 64.648376 3.000000
v 2.588716 64.942787 3.000000
v 2.687449 65.083160 3.000000
v 2.792944 65.218521 3.000000
v 7.988226 60.119556 3.000000
v 3.380212 65.320930 3.000000
v 3.023191 65.472939 3.000000
v 2.904948 65.348557 3.000000
v 3.147389 65.591377 3.000000
v 3.277243 65.703583 3.000000
v 3.412442 65.809288 3.000000
v 3.552659 65.908241 3.000000
v 4.011774 65.880440 3.000000
v 3.697559 66.000198 3.000000
v 3.846792 66.084946 3.000000
v 4.000000 66.162277 3.000000
v 4.758883 66.272560 3.000000
v 4.000000 69.000000 3.000000
v 5.578122 66.474480 3.000000
v 6.421878 66.474480 3.000000
v 7.241117 66.272560 3.000000
v 12.000000 69.000000 3.000000
v 9.398296 63.837605 3.000000
v 9.500000 63.000000 3.000000
v 9.099096 64.626534 3.000000
v 8.619787 65.320930 3.000000
v 7.988226 65.880440 3.000000
v 23.000000 61.000000 3.000000
v 8.619787 60.679070 3.000000
v 9.099096 61.373470 3.000000
v 9.398296 62.162395 3.000000
v 21.365341 31.930874 3.000000
v 21.411287 31.911507 3.000000
v 21.318487 31.947927 3.000000
v 21.270840 31.962624 3.000000
v 21.222521 31.974928 3.000000
v 21.173649 31.984808 3.000000
v 21.124344 31.992239 3.000000
v 21.074730 31.997204 3.000000
v 21.024931 31.999689 3.000000
v 23.000000 66.000000 3.000000
v 23.000000 69.000000 3.000000
v 32.000000 61.000000 3.000000
v 21.988831 31.149042 3.000000
v 21.980173 31.198147 3.000000
v 21.969078 31.246758 3.000000
v 21.955572 31.294756 3.000000
v 21.939693 31.342020 3.000000
v 21.921476 31.388435 3.000000
v 21.900969 31.433884 3.000000
v 21.878222 31.478254 3.000000
v 21.853291 31.521435 3.000000
v 21.826239 31.563320 3.000000
v 21.797132 31.603804 3.000000
v 21.766045 31.642788 3.000000
v 21.733051 31.680172 3.000000
v 21.698236 31.715866 3.000000
v 21.661686 31.749781 3.000000
v 21.623489 31.781832 3.000000
v 21.583744 31.811937 3.000000
v 21.542545 31.840027 3.000000
v 21.500000 31.866026 3.000000
v 21.456211 31.889872 3.000000
v 2.000000 0.000000 3.000000
v 2.000000 0.000000 4.760000
v 2.000000 0.259570 4.787472
v 2.000000 0.507638 4.868671
v 2.000000 0.733212 5.000000
v 2.000000 4.000000 5.000000
v -1.000000 4.000000 4.000000
v -1.000000 4.000000 7.000000
v 2.000000 4.000000 7.000000
v 4.000000 29.500000 3.100000
v 3.100000 20.000000 4.000000
v 2.100000 29.500000 5.000000
v 2.100000 20.000000 5.000000
v -1.000000 20.000000 4.000000
v 4.000000 29.500000 1.000000
v 2.000000 29.500000 -1.000000
v 2.000000 29.500000 1.000000
v 8.000000 29.500000 -1.000000
v 8.000000 39.500000 -1.000000
v 2.000000 39.500000 -1.000000
v 4.000000 39.500000 1.000000
v 2.000000 39.500000 1.000000
v 4.000000 39.500000 3.100000
v 4.000000 59.837723 3.100000
v 4.000000 66.162277 3.100000
v 3.477432 65.856438 3.622568
v 3.015396 65.465103 4.084604
v 2.627719 65.000000 4.000000
v 2.627719 65.000000 4.472281
v 2.238125 64.268929 4.000000
v 2.031264 63.466766 4.000000
v 2.018723 62.638454 4.000000
v 2.201207 61.830399 4.000000
v 2.568491 61.087868 4.000000
v 3.100000 60.452454 4.000000
v 3.525925 60.109840 3.574075
v 4.000000 69.000000 3.100000
v 4.011774 70.119560 3.000000
v 2.000000 69.000000 3.000000
v 3.380212 70.679070 3.000000
v 2.900904 71.373466 3.000000
v 4.758883 69.727440 3.000000
v 2.601704 72.162392 3.000000
v 5.578122 69.525520 3.000000
v 2.500000 73.000000 3.000000
v 6.421878 69.525520 3.000000
v 2.000000 77.000000 3.000000
v 2.900904 74.626534 3.000000
v 3.380212 75.320930 3.000000
v 2.601704 73.837608 3.000000
v 4.011774 75.880440 3.000000
v 7.241117 69.727440 3.000000
v 7.988226 70.119560 3.000000
v 8.619787 70.679070 3.000000
v 9.099096 71.373466 3.000000
v 4.758883 76.272560 3.000000
v 5.578122 76.474480 3.000000
v 8.000000 77.000000 3.000000
v 7.988226 75.880440 3.000000
v 8.619787 75.320930 3.000000
v 7.241117 76.272560 3.000000
v 6.421878 76.474480 3.000000
v 12.000000 73.000000 3.000000
v 9.398296 73.837608 3.000000
v 9.500000 73.000000 3.000000
v 9.099096 74.626534 3.000000
v 9.398296 72.162392 3.000000
v 12.000000 69.000000 -1.000000
v 156.000000 69.000000 -1.000000
v 128.000000 69.000000 3.000000
v 132.000000 69.000000 3.000000
v 156.000000 69.000000 3.000000
v 23.000000 69.000000 16.500000
v 23.000000 66.000000 16.500000
v 23.000000 61.000000 16.500000
v 32.000000 61.000000 7.000000
v 23.071068 61.000000 16.428932
v 26.502979 61.000000 13.673755
v 26.863871 61.000000 13.354033
v 26.229088 61.000000 14.070554
v 27.290791 61.000000 13.129968
v 26.058117 61.000000 14.521369
v 27.758926 61.000000 13.014583
v 26.000000 61.000000 15.000000
v 28.241074 61.000000 13.014583
v 26.058117 61.000000 15.478631
v 28.709209 61.000000 13.129968
v 26.229088 61.000000 15.929446
v 29.136129 61.000000 13.354033
v 26.502979 61.000000 16.326246
v 29.497021 61.000000 13.673755
v 29.770912 61.000000 14.070554
v 29.941883 61.000000 14.521369
v 28.709209 61.000000 16.870033
v 26.642136 61.000000 20.000000
v 28.241074 61.000000 16.985418
v 27.758926 61.000000 16.985418
v 27.290791 61.000000 16.870033
v 26.863871 61.000000 16.645967
v 30.000000 61.000000 15.000000
v 32.000000 61.000000 20.000000
v 29.941883 61.000000 15.478631
v 29.770912 61.000000 15.929446
v 29.497021 61.000000 16.326246
v 29.136129 61.000000 16.645967
v 32.000000 8.000000 7.000000
v 23.000000 8.000000 16.500000
v 23.071068 8.000000 16.428932
v 26.502979 8.000000 13.673755
v 26.863871 8.000000 13.354033
v 26.229088 8.000000 14.070554
v 27.290791 8.000000 13.129968
v 26.058117 8.000000 14.521369
v 27.758926 8.000000 13.014583
v 26.000000 8.000000 15.000000
v 28.241074 8.000000 13.014583
v 26.058117 8.000000 15.478631
v 28.709209 8.000000 13.129968
v 26.229088 8.000000 15.929446
v 29.136129 8.000000 13.354033
v 26.502979 8.000000 16.326246
v 29.497021 8.000000 13.673755
v 29.770912 8.000000 14.070554
v 29.941883 8.000000 14.521369
v 26.642136 8.000000 20.000000
v 28.709209 8.000000 16.870033
v 28.241074 8.000000 16.985418
v 27.758926 8.000000 16.985418
v 27.290791 8.000000 16.870033
v 26.863871 8.000000 16.645967
v 32.000000 8.000000 20.000000
v 30.000000 8.000000 15.000000
v 29.941883 8.000000 15.478631
v 29.770912 8.000000 15.929446
v 29.497021 8.000000 16.326246
v 29.136129 8.000000 16.645967
v 23.000000 3.000000 16.500000
v 23.000000 0.000000 16.500000
v 12.000000 0.000000 -1.000000
v 128.000000 0.000000 3.000000
v 156.000000 0.000000 -1.000000
v 132.000000 0.000000 3.000000
v 156.000000 0.000000 3.000000
v 4.011774 -6.880444 3.000000
v 3.380212 -6.320930 3.000000
v 2.000000 -8.000000 3.000000
v 2.900904 -5.626531 3.000000
v 4.758883 -7.272557 3.000000
v 2.601704 -4.837605 3.000000
v 5.578122 -7.474481 3.000000
v 2.500000 -4.000000 3.000000
v 8.000000 -8.000000 3.000000
v 6.421878 -7.474481 3.000000
v 7.241117 -7.272557 3.000000
v 7.988226 -6.880444 3.000000
v 2.900904 -2.373469 3.000000
v 3.380212 -1.679071 3.000000
v 2.601704 -3.162395 3.000000
v 8.619787 -6.320930 3.000000
v 4.011774 -1.119556 3.000000
v 4.758883 -0.727443 3.000000
v 5.578122 -0.525519 3.000000
v 6.421878 -0.525519 3.000000
v 12.000000 -4.000000 3.000000
v 9.398296 -3.162395 3.000000
v 9.500000 -4.000000 3.000000
v 9.099096 -2.373469 3.000000
v 9.099096 -5.626531 3.000000
v 9.398296 -4.837605 3.000000
v 8.619787 -1.679071 3.000000
v 7.988226 -1.119556 3.000000
v 7.241117 -0.727443 3.000000
v 9.500000 6.000000 1.000000
v 9.398296 6.837605 1.000000
v 9.099096 7.626531 1.000000
v 8.619787 8.320930 1.000000
v 7.988226 8.880444 1.000000
v 7.241117 9.272557 1.000000
v 6.421878 9.474481 1.000000
v 5.578122 9.474481 1.000000
v 4.758883 9.272557 1.000000
v 4.011774 8.880444 1.000000
v 3.380212 8.320930 1.000000
v 2.900904 7.626531 1.000000
v 2.601704 6.837605 1.000000
v 2.500000 6.000000 1.000000
v 2.601704 5.162395 1.000000
v 2.900904 4.373469 1.000000
v 3.380212 3.679071 1.000000
v 4.011774 3.119556 1.000000
v 4.758883 2.727443 1.000000
v 5.578122 2.525519 1.000000
v 6.421878 2.525519 1.000000
v 7.241117 2.727443 1.000000
v 7.988226 3.119556 1.000000
v 8.619787 3.679071 1.000000
v 9.099096 4.373469 1.000000
v 9.398296 5.162395 1.000000
v 22.000000 31.000000 -1.000000
v 21.998756 31.049847 -1.000000
v 21.995031 31.099567 -1.000000
v 21.988831 31.149042 -1.000000
v 21.980173 31.198147 -1.000000
v 21.969078 31.246758 -1.000000
v 21.955572 31.294756 -1.000000
v 21.939693 31.342020 -1.000000
v 21.921476 31.388435 -1.000000
v 21.900969 31.433884 -1.000000
v 21.878222 31.478254 -1.000000
v 21.853291 31.521435 -1.000000
v 21.826239 31.563320 -1.000000
v 21.797132 31.603804 -1.000000
v 21.766045 31.642788 -1.000000
v 21.733051 31.680172 -1.000000
v 21.698236 31.715866 -1.000000
v 21.661686 31.749781 -1.000000
v 21.623489 31.781832 -1.000000
v 21.583744 31.811937 -1.000000
v 21.542545 31.840027 -1.000000
v 21.500000 31.866026 -1.000000
v 21.456211 31.889872 -1.000000
v 21.411287 31.911507 -1.000000
v 21.365341 31.930874 -1.000000
v 21.318487 31.947927 -1.000000
v 21.270840 31.962624 -1.000000
v 21.222521 31.974928 -1.000000
v 21.173649 31.984808 -1.000000
v 21.124344 31.992239 -1.000000
v 21.074730 31.997204 -1.000000
v 21.024931 31.999689 -1.000000
v 20.975069 31.999689 -1.000000
v 20.925270 31.997204 -1.000000
v 20.875656 31.992239 -1.000000
v 20.826351 31.984808 -1.000000
v 20.777479 31.974928 -1.000000
v 20.729160 31.962624 -1.000000
v 20.681513 31.947927 -1.000000
v 20.634659 31.930874 -1.000000
v 20.588713 31.911507 -1.000000
v 20.543789 31.889872 -1.000000
v 20.500000 31.866026 -1.000000
v 20.457455 31.840027 -1.000000
v 20.416256 31.811937 -1.000000
v 20.376511 31.781832 -1.000000
v 20.338314 31.749781 -1.000000
v 20.301764 31.715866 -1.000000
v 20.266949 31.680172 -1.000000
v 20.233955 31.642788 -1.000000
v 20.202868 31.603804 -1.000000
v 20.173761 31.563320 -1.000000
v 20.146709 31.521435 -1.000000
v 20.121778 31.478254 -1.000000
v 20.099031 31.433884 -1.000000
v 20.078524 31.388435 -1.000000
v 20.060307 31.342020 -1.000000
v 20.044428 31.294756 -1.000000
v 20.030922 31.246758 -1.000000
v 20.019827 31.198147 -1.000000
v 20.011169 31.149042 -1.000000
v 20.004969 31.099567 -1.000000
v 20.001244 31.049847 -1.000000
v 20.000000 31.000000 -1.000000
v 20.001244 30.950153 -1.000000
v 20.004969 30.900433 -1.000000
v 20.011169 30.850958 -1.000000
v 20.019827 30.801853 -1.000000
v 20.030922 30.753242 -1.000000
v 20.044428 30.705244 -1.000000
v 20.060307 30.657980 -1.000000
v 20.078524 30.611565 -1.000000
v 20.099031 30.566116 -1.000000
v 20.121778 30.521746 -1.000000
v 20.146709 30.478565 -1.000000
v 20.173761 30.436680 -1.000000
v 20.202868 30.396196 -1.000000
v 20.233955 30.357212 -1.000000
v 20.266949 30.319828 -1.000000
v 20.301764 30.284134 -1.000000
v 20.338314 30.250219 -1.000000
v 20.376511 30.218168 -1.000000
v 20.416256 30.188063 -1.000000
v 20.457455 30.159973 -1.000000
v 20.500000 30.133974 -1.000000
v 20.543789 30.110128 -1.000000
v 20.588713 30.088493 -1.000000
v 20.634659 30.069126 -1.000000
v 20.681513 30.052073 -1.000000
v 20.729160 30.037376 -1.000000
v 20.777479 30.025072 -1.000000
v 20.826351 30.015192 -1.000000
v 20.875656 30.007761 -1.000000
v 20.925270 30.002796 -1.000000
v 20.975069 30.000311 -1.000000
v 21.024931 30.000311 -1.000000
v 21.074730 30.002796 -1.000000
v 21.124344 30.007761 -1.000000
v 21.173649 30.015192 -1.000000
v 21.222521 30.025072 -1.000000
v 21.270840 30.037376 -1.000000
v 21.318487 30.052073 -1.000000
v 21.365341 30.069126 -1.000000
v 21.411287 30.088493 -1.000000
v 21.456211 30.110128 -1.000000
v 21.500000 30.133974 -1.000000
v 21.542545 30.159973 -1.000000
v 21.583744 30.188063 -1.000000
v 21.623489 30.218168 -1.000000
v 21.661686 30.250219 -1.000000
v 21.698236 30.284134 -1.000000
v 21.733051 30.319828 -1.000000
v 21.766045 30.357212 -1.000000
v 21.797132 30.396196 -1.000000
v 21.826239 30.436680 -1.000000
v 21.853291 30.478565 -1.000000
v 21.878222 30.521746 -1.000000
v 21.900969 30.566116 -1.000000
v 21.921476 30.611565 -1.000000
v 21.939693 30.657980 -1.000000
v 21.955572 30.705244 -1.000000
v 21.969078 30.753242 -1.000000
v 21.980173 30.801853 -1.000000
v 21.988831 30.850958 -1.000000
v 21.995031 30.900433 -1.000000
v 21.998756 30.950153 -1.000000
v 9.500000 63.000000 1.000000
v 9.398296 63.837605 1.000000
v 9.099096 64.626534 1.000000
v 8.619787 65.320930 1.000000
v 7.988226 65.880440 1.000000
v 7.241117 66.272560 1.000000
v 6.421878 66.474480 1.000000
v 5.578122 66.474480 1.000000
v 4.758883 66.272560 1.000000
v 4.011774 65.880440 1.000000
v 3.380212 65.320930 1.000000
v 2.900904 64.626534 1.000000
v 2.601704 63.837605 1.000000
v 2.500000 63.000000 1.000000
v 2.601704 62.162395 1.000000
v 2.900904 61.373470 1.000000
v 3.380212 60.679070 1.000000
v 4.011774 60.119556 1.000000
v 4.758883 59.727444 1.000000
v 5.578122 59.525520 1.000000
v 6.421878 59.525520 1.000000
v 7.241117 59.727444 1.000000
v 7.988226 60.119556 1.000000
v 8.619787 60.679070 1.000000
v 9.099096 61.373470 1.000000
v 9.398296 62.162395 1.000000
v 2.000000 84.385719 2.320745
v 2.000000 86.000000 -1.000000
v 2.000000 84.563942 2.493102
v 2.000000 84.733398 2.674083
v 2.000000 84.199173 2.157434
v 2.000000 84.893677 2.863241
v 2.000000 84.004753 2.003571
v 2.000000 85.044388 3.060112
v 2.000000 90.000000 3.000000
v 2.000000 83.802956 1.859535
v 2.000000 85.185150 3.264211
v 2.000000 83.594261 1.725679
v 2.000000 85.315620 3.475038
v 2.000000 83.379189 1.602333
v 2.000000 85.435478 3.692072
v 2.000000 83.158264 1.489801
v 2.000000 85.544434 3.914782
v 2.000000 82.932037 1.388358
v 2.000000 85.642212 4.142619
v 2.000000 82.701057 1.298254
v 2.000000 85.728577 4.375022
v 2.000000 82.465889 1.219711
v 2.000000 85.803314 4.611422
v 2.000000 82.227127 1.152922
v 2.000000 85.866241 4.851235
v 2.000000 81.985336 1.098051
v 2.000000 85.917206 5.093874
v 2.000000 81.741135 1.055233
v 2.000000 85.956078 5.338740
v 2.000000 81.495102 1.024573
v 2.000000 85.982765 5.585232
v 2.000000 81.247856 1.006147
v 2.000000 85.997200 5.832744
v 2.000000 85.999352 6.080667
v 2.000000 90.000000 9.000000
v 2.000000 85.989204 6.328392
v 2.000000 85.966789 6.575309
v 2.000000 85.932167 6.820812
v 2.000000 85.885414 7.064296
v 2.000000 85.826653 7.305164
v 2.000000 85.756020 7.542822
v 2.000000 77.000000 -1.000000
v 2.000000 79.556686 1.212846
v 2.000000 79.324860 1.288959
v 2.000000 79.791946 1.148133
v 2.000000 80.030090 1.094975
v 2.000000 80.270538 1.053498
v 2.000000 80.512726 1.023800
v 2.000000 80.756073 1.005954
v 2.000000 81.000000 1.000000
v 2.000000 85.673691 7.776688
v 2.000000 79.097023 1.376292
v 2.000000 85.579872 8.006184
v 2.000000 78.873718 1.474635
v 2.000000 85.474792 8.230747
v 2.000000 78.655479 1.583756
v 2.000000 85.358711 8.449826
v 2.000000 78.442818 1.703393
v 2.000000 85.231911 8.662881
v 2.000000 78.236252 1.833263
v 2.000000 85.094704 8.869389
v 2.000000 78.036263 1.973056
v 2.000000 77.843338 2.122438
v 2.000000 77.657928 2.281055
v 2.000000 77.480476 2.448529
v 2.000000 77.311409 2.624460
v 2.000000 77.151123 2.808430
v 2.000000 86.000000 13.000000
v 2.000000 84.947433 9.068840
v 2.000000 84.790451 9.260746
v 2.000000 84.624153 9.444635
v 2.000000 84.448944 9.620054
v 2.000000 84.265251 9.786572
v 2.000000 84.073532 9.943779
v 2.000000 83.874260 10.091290
v 2.000000 83.667915 10.228741
v 2.000000 83.455009 10.355793
v 2.000000 83.236069 10.472136
v 2.000000 83.011627 10.577482
v 2.000000 82.782242 10.671574
v 2.000000 82.548477 10.754179
v 2.000000 82.310905 10.825094
v 2.000000 82.070107 10.884145
v 2.000000 81.826675 10.931187
v 2.000000 81.581215 10.966104
v 2.000000 81.334328 10.988811
v 2.000000 81.086617 10.999249
v 2.000000 80.838684 10.997397
v 2.000000 80.591156 10.983257
v 2.000000 80.344635 10.956863
v 2.000000 80.099724 10.918283
v 2.000000 79.857025 10.867608
v 2.000000 79.617134 10.804965
v 2.000000 76.487236 3.847102
v 2.000000 76.386063 4.073452
v 2.000000 76.599510 3.626046
v 2.000000 76.722595 3.410826
v 2.000000 69.833389 5.081815
v 2.000000 70.031677 5.312073
v 2.000000 76.217972 4.539795
v 2.000000 76.151466 4.778642
v 2.000000 76.296234 4.304540
v 2.000000 69.585052 4.906695
v 2.000000 70.168007 5.583644
v 2.000000 76.054352 5.264749
v 2.000000 76.023987 5.510815
v 2.000000 76.096886 5.020491
v 2.000000 69.301582 4.797233
v 2.000000 70.234200 5.880219
v 2.000000 76.005859 5.758083
v 2.000000 76.000000 6.005947
v 2.000000 69.000000 4.760000
v 2.000000 70.226273 6.183986
v 2.000000 76.025162 6.501020
v 2.000000 76.056114 6.747013
v 2.000000 76.006447 6.253796
v 2.000000 70.144707 6.476705
v 2.000000 76.154388 7.232888
v 2.000000 76.221458 7.471576
v 2.000000 76.099228 6.991169
v 2.000000 69.994392 6.740796
v 2.000000 76.300278 7.706645
v 2.000000 76.390656 7.937518
v 2.000000 69.784370 6.960400
v 2.000000 76.605164 8.384416
v 2.000000 76.728767 8.599341
v 2.000000 76.492371 8.163627
v 2.000000 69.527237 7.122329
v 2.000000 76.862869 8.807876
v 2.000000 77.007149 9.009506
v 2.000000 77.161240 9.203737
v 2.000000 77.324776 9.390091
v 2.000000 69.238441 7.216859
v 2.000000 77.678528 9.737352
v 2.000000 77.867874 9.897408
v 2.000000 77.497345 9.568109
v 2.000000 68.935333 7.238312
v 2.000000 78.480171 10.318619
v 2.000000 78.697350 10.438220
v 2.000000 78.269188 10.188398
v 2.000000 78.064926 10.047879
v 2.000000 65.000000 5.000000
v 2.000000 67.784988 5.752310
v 2.000000 67.761230 6.055251
v 2.000000 67.881714 5.464244
v 2.000000 68.045593 5.208352
v 2.000000 68.266785 5.000000
v 2.000000 65.000000 7.000000
v 2.000000 68.636101 7.185402
v 2.000000 68.358727 7.061304
v 2.000000 68.119858 6.873472
v 2.000000 67.933853 6.633185
v 2.000000 67.811867 6.354874
v 2.000000 78.920189 10.546909
v 2.000000 79.148140 10.644418
v 2.000000 39.500000 5.000000
v 2.000000 49.000000 5.000000
v 2.000000 49.000000 7.000000
v 2.000000 39.500000 11.000000
v 2.000000 79.380646 10.730507
v 2.000000 20.000000 7.000000
v 2.000000 20.000000 5.000000
v 2.000000 29.500000 5.000000
v 2.000000 29.500000 11.000000
v 2.000000 0.954407 5.208352
v 2.000000 1.118287 5.464244
v 2.000000 1.215010 5.752310
v 2.000000 1.238768 6.055251
v 2.000000 -0.301581 4.797233
v 2.000000 1.188135 6.354874
v 2.000000 -0.585052 4.906695
v 2.000000 1.066150 6.633185
v 2.000000 -0.833388 5.081815
v 2.000000 0.880140 6.873472
v 2.000000 0.641275 7.061304
v 2.000000 0.363899 7.185402
v 2.000000 0.064670 7.238312
v 2.000000 -8.311405 2.624460
v 2.000000 -8.480475 2.448529
v 2.000000 -8.000000 -1.000000
v 2.000000 -8.657928 2.281055
v 2.000000 -8.151120 2.808430
v 2.000000 -8.843338 2.122438
v 2.000000 -9.036265 1.973056
v 2.000000 -9.236252 1.833263
v 2.000000 -9.442820 1.703393
v 2.000000 -7.599507 3.626046
v 2.000000 -7.722597 3.410826
v 2.000000 -9.655478 1.583756
v 2.000000 -7.487237 3.847102
v 2.000000 -9.873718 1.474635
v 2.000000 -7.386063 4.073452
v 2.000000 -1.031677 5.312073
v 2.000000 -10.097023 1.376292
v 2.000000 -7.296234 4.304540
v 2.000000 -10.324860 1.288959
v 2.000000 -7.217971 4.539795
v 2.000000 -10.556685 1.212846
v 2.000000 -7.151466 4.778642
v 2.000000 -1.168010 5.583644
v 2.000000 -10.791948 1.148133
v 2.000000 -7.096882 5.020491
v 2.000000 -11.030088 1.094975
v 2.000000 -7.054355 5.264749
v 2.000000 -11.270537 1.053498
v 2.000000 -7.023988 5.510815
v 2.000000 -1.234201 5.880219
v 2.000000 -11.512725 1.023800
v 2.000000 -11.756072 1.005954
v 2.000000 -7.005856 5.758083
v 2.000000 -12.000000 1.000000
v 2.000000 -7.000003 6.005947
v 2.000000 -1.226274 6.183986
v 2.000000 -12.247856 1.006147
v 2.000000 -7.006445 6.253796
v 2.000000 -7.025166 6.501020
v 2.000000 -7.056118 6.747013
v 2.000000 -1.144706 6.476705
v 2.000000 -7.099226 6.991169
v 2.000000 -7.154385 7.232888
v 2.000000 -7.221458 7.471576
v 2.000000 -0.994395 6.740796
v 2.000000 -7.300281 7.706645
v 2.000000 -7.390659 7.937518
v 2.000000 -0.784368 6.960400
v 2.000000 -7.492371 8.163627
v 2.000000 -7.605166 8.384416
v 2.000000 -17.000000 -1.000000
v 2.000000 -13.701054 1.298254
v 2.000000 -13.932034 1.388358
v 2.000000 -13.465891 1.219711
v 2.000000 -13.227124 1.152922
v 2.000000 -12.985340 1.098051
v 2.000000 -12.741133 1.055233
v 2.000000 -12.495103 1.024573
v 2.000000 -14.158263 1.489801
v 2.000000 -14.379187 1.602333
v 2.000000 -14.594259 1.725679
v 2.000000 -7.728768 8.599341
v 2.000000 -0.527236 7.122329
v 2.000000 -14.802954 1.859535
v 2.000000 -7.862871 8.807876
v 2.000000 -15.004755 2.003571
v 2.000000 -8.007148 9.009506
v 2.000000 -15.199169 2.157434
v 2.000000 -8.161242 9.203737
v 2.000000 -15.385717 2.320745
v 2.000000 -8.324774 9.390091
v 2.000000 -0.238443 7.216859
v 2.000000 -15.563940 2.493102
v 2.000000 -8.497343 9.568109
v 2.000000 -15.733399 2.674083
v 2.000000 -8.678525 9.737352
v 2.000000 -15.893680 2.863241
v 2.000000 -8.867874 9.897408
v 2.000000 -16.044386 3.060112
v 2.000000 -9.064924 10.047879
v 2.000000 -9.269191 10.188398
v 2.000000 -9.480172 10.318619
v 2.000000 -9.697350 10.438220
v 2.000000 -9.920189 10.546909
v 2.000000 -10.148142 10.644418
v 2.000000 -10.380648 10.730507
v 2.000000 -10.617136 10.804965
v 2.000000 -21.000000 3.000000
v 2.000000 -16.997202 5.832744
v 2.000000 -16.999350 6.080667
v 2.000000 -16.982767 5.585232
v 2.000000 -16.956081 5.338740
v 2.000000 -16.917208 5.093874
v 2.000000 -16.866245 4.851235
v 2.000000 -16.803316 4.611422
v 2.000000 -16.728579 4.375022
v 2.000000 -16.642212 4.142619
v 2.000000 -16.544432 3.914782
v 2.000000 -16.435478 3.692072
v 2.000000 -16.315619 3.475038
v 2.000000 -16.185148 3.264211
v 2.000000 -17.000000 13.000000
v 2.000000 -10.857024 10.867608
v 2.000000 -11.099723 10.918283
v 2.000000 -11.344635 10.956863
v 2.000000 -11.591159 10.983257
v 2.000000 -11.838687 10.997397
v 2.000000 -12.086613 10.999249
v 2.000000 -12.334326 10.988811
v 2.000000 -12.581216 10.966104
v 2.000000 -12.826677 10.931187
v 2.000000 -13.070107 10.884145
v 2.000000 -13.310904 10.825094
v 2.000000 -13.548478 10.754179
v 2.000000 -13.782245 10.671574
v 2.000000 -14.011629 10.577482
v 2.000000 -14.236068 10.472136
v 2.000000 -14.455009 10.355793
v 2.000000 -14.667912 10.228741
v 2.000000 -14.874256 10.091290
v 2.000000 -15.073533 9.943779
v 2.000000 -15.265252 9.786572
v 2.000000 -15.448943 9.620054
v 2.000000 -15.624153 9.444635
v 2.000000 -15.790453 9.260746
v 2.000000 -15.947433 9.068840
v 2.000000 -16.094706 8.869389
v 2.000000 -21.000000 9.000000
v 2.000000 -16.231911 8.662881
v 2.000000 -16.358709 8.449826
v 2.000000 -16.474792 8.230747
v 2.000000 -16.579872 8.006184
v 2.000000 -16.673691 7.776688
v 2.000000 -16.756018 7.542822
v 2.000000 -16.826649 7.305164
v 2.000000 -16.885414 7.064296
v 2.000000 -16.932167 6.820812
v 2.000000 -16.966791 6.575309
v 2.000000 -16.989204 6.328392
v 2.000000 -7.856204 3.201973
v 2.000000 76.856201 3.201973
v -1.000000 0.000000 4.760000
v -1.000000 0.296751 4.796032
v -1.000000 0.576257 4.902035
v -1.000000 0.822272 5.071846
v -1.000000 1.020500 5.295600
v -1.000000 1.159420 5.560290
v -1.000000 1.230959 5.850534
v -1.000000 1.230959 6.149466
v -1.000000 1.159420 6.439710
v -1.000000 1.020500 6.704400
v -1.000000 0.822272 6.928154
v -1.000000 0.576257 7.097965
v -1.000000 0.296751 7.203968
v -1.000000 0.000000 7.240000
v -1.000000 -0.296751 7.203968
v -1.000000 -0.576257 7.097965
v -1.000000 -0.822272 6.928154
v -1.000000 -1.020500 6.704400
v -1.000000 -1.159420 6.439710
v -1.000000 -1.230959 6.149466
v -1.000000 -1.230959 5.850534
v -1.000000 -1.159420 5.560290
v -1.000000 -1.020500 5.295600
v -1.000000 -0.822272 5.071846
v -1.000000 -0.576257 4.902035
v -1.000000 -0.296751 4.796032
v -1.000000 20.000000 7.000000
v -1.000000 86.000000 -1.000000
v -1.000000 85.937904 2.591612
v -1.000000 90.000000 3.000000
v -1.000000 84.978737 1.508935
v -1.000000 83.788338 0.687264
v -1.000000 86.610100 3.872371
v -1.000000 82.435890 0.174349
v -1.000000 86.956253 5.276780
v -1.000000 81.000000 0.000000
v -1.000000 86.956253 6.723220
v -1.000000 90.000000 9.000000
v -1.000000 79.564110 0.174349
v -1.000000 86.610100 8.127629
v -1.000000 85.937904 9.408388
v -1.000000 84.978737 10.491064
v -1.000000 86.000000 13.000000
v -1.000000 83.788338 11.312737
v -1.000000 82.435890 11.825651
v -1.000000 81.000000 12.000000
v -1.000000 79.564110 11.825651
v -1.000000 75.389900 3.872371
v -1.000000 70.020500 5.295600
v -1.000000 75.043747 5.276780
v -1.000000 69.822273 5.071846
v -1.000000 76.062096 2.591612
v -1.000000 69.576256 4.902035
v -1.000000 70.159424 5.560290
v -1.000000 77.021263 1.508935
v -1.000000 69.296753 4.796032
v -1.000000 70.230957 5.850534
v -1.000000 69.000000 4.760000
v -1.000000 70.230957 6.149466
v -1.000000 75.043747 6.723220
v -1.000000 70.159424 6.439710
v -1.000000 70.020500 6.704400
v -1.000000 75.389900 8.127629
v -1.000000 69.822273 6.928154
v -1.000000 69.576256 7.097965
v -1.000000 76.062096 9.408388
v -1.000000 69.296753 7.203968
v -1.000000 77.021263 10.491064
v -1.000000 69.000000 7.240000
v -1.000000 68.703247 7.203968
v -1.000000 78.211662 0.687264
v -1.000000 65.000000 4.000000
v -1.000000 67.840576 5.560290
v -1.000000 67.769043 5.850534
v -1.000000 67.979500 5.295600
v -1.000000 68.177727 5.071846
v -1.000000 68.423744 4.902035
v -1.000000 68.703247 4.796032
v -1.000000 65.000000 7.000000
v -1.000000 78.211662 11.312737
v -1.000000 68.423744 7.097965
v -1.000000 68.177727 6.928154
v -1.000000 67.979500 6.704400
v -1.000000 67.840576 6.439710
v -1.000000 67.769043 6.149466
v -1.000000 49.000000 4.000000
v -1.000000 39.500000 3.000000
v -1.000000 49.000000 7.000000
v -1.000000 39.500000 11.000000
v -1.000000 29.500000 3.000000
v -1.000000 29.500000 11.000000
v -1.000000 -8.021264 1.508935
v -1.000000 -7.062097 2.591612
v -1.000000 -9.211661 0.687264
v -1.000000 -6.389903 3.872371
v -1.000000 -10.564106 0.174349
v -1.000000 -6.043747 5.276780
v -1.000000 -6.043747 6.723220
v -1.000000 -6.389903 8.127629
v -1.000000 -13.435894 0.174349
v -1.000000 -17.000000 -1.000000
v -1.000000 -14.788339 0.687264
v -1.000000 -12.000000 0.000000
v -1.000000 -7.062097 9.408388
v -1.000000 -15.978736 1.508935
v -1.000000 -8.021264 10.491064
v -1.000000 -16.937902 2.591612
v -1.000000 -9.211661 11.312737
v -1.000000 -10.564106 11.825651
v -1.000000 -17.610098 3.872371
v -1.000000 -21.000000 3.000000
v -1.000000 -17.956253 5.276780
v -1.000000 -17.956253 6.723220
v -1.000000 -12.000000 12.000000
v -1.000000 -17.000000 13.000000
v -1.000000 -13.435894 11.825651
v -1.000000 -14.788339 11.312737
v -1.000000 -15.978736 10.491064
v -1.000000 -16.937902 9.408388
v -1.000000 -17.610098 8.127629
v -1.000000 -21.000000 9.000000
v 2.000000 29.500000 3.000000
v 4.502978 4.673755 -1.000000
v 4.863871 4.354032 -1.000000
v 2.000000 0.000000 -1.000000
v 4.229088 5.070554 -1.000000
v 5.290790 4.129968 -1.000000
v 4.058116 5.521369 -1.000000
v 5.758927 4.014582 -1.000000
v 4.000000 6.000000 -1.000000
v 6.241073 4.014582 -1.000000
v 4.058116 6.478631 -1.000000
v 6.709210 4.129968 -1.000000
v 7.136129 4.354032 -1.000000
v 7.497022 4.673755 -1.000000
v 7.770912 5.070554 -1.000000
v 7.941884 5.521369 -1.000000
v 8.000000 6.000000 -1.000000
v 7.941884 6.478631 -1.000000
v 5.290790 7.870032 -1.000000
v 5.758927 7.985418 -1.000000
v 4.863871 7.645968 -1.000000
v 4.502978 7.326245 -1.000000
v 4.229088 6.929446 -1.000000
v 6.709210 7.870032 -1.000000
v 7.136129 7.645968 -1.000000
v 6.241073 7.985418 -1.000000
v 7.497022 7.326245 -1.000000
v 7.770912 6.929446 -1.000000
v 42.251488 16.336878 -1.000000
v 42.431934 16.177015 -1.000000
v 42.114544 16.535276 -1.000000
v 42.645393 16.064983 -1.000000
v 42.029057 16.760685 -1.000000
v 42.879463 16.007292 -1.000000
v 42.000000 17.000000 -1.000000
v 42.029057 17.239315 -1.000000
v 42.114544 17.464724 -1.000000
v 42.251488 17.663122 -1.000000
v 42.431934 17.822985 -1.000000
v 42.645393 17.935017 -1.000000
v 4.502978 61.673756 -1.000000
v 4.863871 61.354031 -1.000000
v 4.229088 62.070553 -1.000000
v 5.290790 61.129967 -1.000000
v 4.058116 62.521370 -1.000000
v 5.758927 61.014584 -1.000000
v 6.241073 61.014584 -1.000000
v 6.709210 61.129967 -1.000000
v 7.136129 61.354031 -1.000000
v 7.497022 61.673756 -1.000000
v 7.770912 62.070553 -1.000000
v 5.290790 64.870033 -1.000000
v 2.000000 69.000000 -1.000000
v 5.758927 64.985420 -1.000000
v 4.863871 64.645966 -1.000000
v 4.502978 64.326248 -1.000000
v 4.229088 63.929447 -1.000000
v 4.058116 63.478630 -1.000000
v 4.000000 63.000000 -1.000000
v 43.354607 16.064983 -1.000000
v 60.251488 10.836877 -1.000000
v 43.120537 16.007292 -1.000000
v 60.431934 10.677016 -1.000000
v 60.114544 11.035276 -1.000000
v 43.568066 16.177015 -1.000000
v 60.645393 10.564983 -1.000000
v 6.241073 64.985420 -1.000000
v 60.029057 11.260684 -1.000000
v 43.748512 16.336878 -1.000000
v 60.879463 10.507291 -1.000000
v 60.000000 11.500000 -1.000000
v 43.885456 16.535276 -1.000000
v 61.120537 10.507291 -1.000000
v 60.029057 11.739316 -1.000000
v 43.970943 16.760685 -1.000000
v 43.748512 17.663122 -1.000000
v 50.939339 23.439341 -1.000000
v 43.885456 17.464724 -1.000000
v 51.118320 23.286474 -1.000000
v 43.970943 17.239315 -1.000000
v 43.568066 17.822985 -1.000000
v 50.786476 23.618322 -1.000000
v 51.319016 23.163490 -1.000000
v 50.663490 23.819014 -1.000000
v 43.354607 17.935017 -1.000000
v 50.573414 24.036474 -1.000000
v 51.536476 23.073416 -1.000000
v 44.000000 17.000000 -1.000000
v 51.765347 23.018467 -1.000000
v 43.120537 17.992708 -1.000000
v 50.518467 24.265348 -1.000000
v 50.500000 24.500000 -1.000000
v 52.000000 23.000000 -1.000000
v 60.114544 11.964724 -1.000000
v 52.234653 23.018467 -1.000000
v 50.518467 24.734652 -1.000000
v 42.879463 17.992708 -1.000000
v 52.463524 23.073416 -1.000000
v 60.251488 12.163123 -1.000000
v 50.573414 24.963526 -1.000000
v 52.680984 23.163490 -1.000000
v 60.431934 12.322984 -1.000000
v 50.663490 25.180986 -1.000000
v 52.881680 23.286474 -1.000000
v 53.060661 23.439341 -1.000000
v 60.645393 12.435017 -1.000000
v 53.213524 23.618322 -1.000000
v 60.879463 12.492709 -1.000000
v 53.336510 23.819014 -1.000000
v 61.120537 12.492709 -1.000000
v 53.426586 24.036474 -1.000000
v 53.481533 24.265348 -1.000000
v 61.354607 12.435017 -1.000000
v 8.000000 63.000000 -1.000000
v 7.941884 62.521370 -1.000000
v 7.941884 63.478630 -1.000000
v 7.770912 63.929447 -1.000000
v 7.497022 64.326248 -1.000000
v 7.136129 64.645966 -1.000000
v 6.709210 64.870033 -1.000000
v 61.885456 11.035276 -1.000000
v 72.145866 11.323038 -1.000000
v 61.748512 10.836877 -1.000000
v 72.385933 11.090870 -1.000000
v 61.568066 10.677016 -1.000000
v 71.938896 11.585133 -1.000000
v 72.654793 10.892769 -1.000000
v 71.768700 11.872475 -1.000000
v 61.970943 11.260684 -1.000000
v 72.947662 10.732273 -1.000000
v 61.354607 10.564983 -1.000000
v 71.638329 12.179938 -1.000000
v 62.000000 11.500000 -1.000000
v 73.259308 10.612244 -1.000000
v 71.550095 12.502035 -1.000000
v 73.584175 10.534824 -1.000000
v 71.505585 12.833018 -1.000000
v 61.970943 11.739316 -1.000000
v 73.916466 10.501396 -1.000000
v 71.505585 13.166982 -1.000000
v 61.885456 11.964724 -1.000000
v 71.550095 13.497965 -1.000000
v 71.638329 13.820062 -1.000000
v 61.748512 12.163123 -1.000000
v 71.768700 14.127525 -1.000000
v 61.568066 12.322984 -1.000000
v 71.938896 14.414867 -1.000000
v 42.251488 44.336876 -1.000000
v 42.431934 44.177017 -1.000000
v 42.114544 44.535278 -1.000000
v 42.645393 44.064983 -1.000000
v 42.029057 44.760685 -1.000000
v 72.145866 14.676962 -1.000000
v 42.879463 44.007290 -1.000000
v 50.786476 25.381678 -1.000000
v 50.939339 25.560659 -1.000000
v 42.000000 45.000000 -1.000000
v 43.120537 44.007290 -1.000000
v 51.118320 25.713526 -1.000000
v 42.029057 45.239315 -1.000000
v 53.500000 24.500000 -1.000000
v 72.385933 14.909130 -1.000000
v 43.354607 44.064983 -1.000000
v 51.319016 25.836510 -1.000000
v 51.536476 25.926584 -1.000000
v 42.114544 45.464722 -1.000000
v 43.568066 44.177017 -1.000000
v 51.765347 25.981533 -1.000000
v 72.654793 15.107231 -1.000000
v 53.481533 24.734652 -1.000000
v 42.251488 45.663124 -1.000000
v 43.748512 44.336876 -1.000000
v 52.000000 26.000000 -1.000000
v 52.234653 25.981533 -1.000000
v 72.947662 15.267727 -1.000000
v 42.431934 45.822983 -1.000000
v 43.885456 44.535278 -1.000000
v 52.463524 25.926584 -1.000000
v 42.645393 45.935017 -1.000000
v 43.970943 44.760685 -1.000000
v 52.680984 25.836510 -1.000000
v 42.879463 45.992710 -1.000000
v 75.201454 10.807625 -1.000000
v 91.354767 8.378008 -1.000000
v 74.898521 10.667048 -1.000000
v 75.482948 10.987325 -1.000000
v 91.932190 7.866452 -1.000000
v 74.579552 10.568104 -1.000000
v 74.250237 10.512555 -1.000000
v 90.916542 9.012886 -1.000000
v 75.737984 11.202941 -1.000000
v 75.961998 11.450625 -1.000000
v 92.615265 7.507948 -1.000000
v 90.642982 9.734190 -1.000000
v 76.151001 11.725959 -1.000000
v 76.301628 12.024027 -1.000000
v 93.364281 7.323332 -1.000000
v 90.550003 10.500000 -1.000000
v 76.411171 12.339512 -1.000000
v 76.477692 12.666782 -1.000000
v 76.500000 13.000000 -1.000000
v 90.642982 11.265810 -1.000000
v 76.477692 13.333218 -1.000000
v 90.916542 11.987114 -1.000000
v 76.411171 13.660488 -1.000000
v 74.898521 15.332952 -1.000000
v 80.400421 23.479740 -1.000000
v 80.452644 23.426199 -1.000000
v 80.507469 23.375328 -1.000000
v 75.201454 15.192375 -1.000000
v 74.579552 15.431896 -1.000000
v 80.350937 23.535818 -1.000000
v 80.564766 23.327253 -1.000000
v 80.304298 23.594294 -1.000000
v 80.624382 23.282093 -1.000000
v 80.260643 23.655020 -1.000000
v 80.686180 23.239962 -1.000000
v 75.482948 15.012675 -1.000000
v 80.220062 23.717848 -1.000000
v 80.750000 23.200962 -1.000000
v 74.250237 15.487445 -1.000000
v 80.182671 23.782619 -1.000000
v 80.815681 23.165192 -1.000000
v 80.148544 23.849174 -1.000000
v 80.883072 23.132742 -1.000000
v 75.737984 14.797059 -1.000000
v 80.117783 23.917347 -1.000000
v 80.951988 23.103689 -1.000000
v 73.916466 15.498604 -1.000000
v 80.090462 23.986969 -1.000000
v 81.022270 23.078110 -1.000000
v 80.066643 24.057867 -1.000000
v 81.093742 23.056063 -1.000000
v 75.961998 14.549375 -1.000000
v 80.046387 24.129864 -1.000000
v 81.166222 23.037607 -1.000000
v 73.584175 15.465176 -1.000000
v 80.029739 24.202782 -1.000000
v 81.239525 23.022789 -1.000000
v 80.016754 24.276436 -1.000000
v 81.313484 23.011641 -1.000000
v 76.151001 14.274041 -1.000000
v 80.007454 24.350649 -1.000000
v 81.387901 23.004194 -1.000000
v 73.259308 15.387756 -1.000000
v 80.001862 24.425232 -1.000000
v 81.462601 23.000465 -1.000000
v 80.000000 24.500000 -1.000000
v 81.537399 23.000465 -1.000000
v 76.301628 13.975973 -1.000000
v 80.001862 24.574768 -1.000000
v 81.612099 23.004194 -1.000000
v 80.007454 24.649351 -1.000000
v 81.686516 23.011641 -1.000000
v 80.016754 24.723564 -1.000000
v 81.760475 23.022789 -1.000000
v 80.029739 24.797218 -1.000000
v 81.833778 23.037607 -1.000000
v 53.426586 24.963526 -1.000000
v 80.046387 24.870136 -1.000000
v 81.906258 23.056063 -1.000000
v 80.066643 24.942133 -1.000000
v 81.977730 23.078110 -1.000000
v 80.090462 25.013031 -1.000000
v 82.048012 23.103689 -1.000000
v 80.117783 25.082653 -1.000000
v 53.336510 25.180986 -1.000000
v 82.116928 23.132742 -1.000000
v 91.354767 12.621992 -1.000000
v 80.148544 25.150826 -1.000000
v 82.184319 23.165192 -1.000000
v 80.182671 25.217381 -1.000000
v 82.250000 23.200962 -1.000000
v 80.220062 25.282152 -1.000000
v 53.213524 25.381678 -1.000000
v 82.313820 23.239962 -1.000000
v 80.260643 25.344980 -1.000000
v 80.304298 25.405706 -1.000000
v 80.350937 25.464182 -1.000000
v 53.060661 25.560659 -1.000000
v 80.400421 25.520260 -1.000000
v 82.998138 24.574768 -1.000000
v 93.000000 15.500000 -1.000000
v 83.000000 24.500000 -1.000000
v 82.992546 24.649351 -1.000000
v 82.983246 24.723564 -1.000000
v 82.970261 24.797218 -1.000000
v 82.953613 24.870136 -1.000000
v 82.375618 23.282093 -1.000000
v 82.933357 24.942133 -1.000000
v 82.435234 23.327253 -1.000000
v 82.909538 25.013031 -1.000000
v 82.492531 23.375328 -1.000000
v 82.882217 25.082653 -1.000000
v 82.547356 23.426199 -1.000000
v 82.851456 25.150826 -1.000000
v 82.599579 23.479740 -1.000000
v 82.649063 23.535818 -1.000000
v 82.695702 23.594294 -1.000000
v 82.739357 23.655020 -1.000000
v 82.779938 23.717848 -1.000000
v 82.817329 23.782619 -1.000000
v 82.851456 23.849174 -1.000000
v 82.882217 23.917347 -1.000000
v 82.909538 23.986969 -1.000000
v 82.933357 24.057867 -1.000000
v 82.953613 24.129864 -1.000000
v 82.970261 24.202782 -1.000000
v 82.983246 24.276436 -1.000000
v 82.992546 24.350649 -1.000000
v 82.998138 24.425232 -1.000000
v 94.135719 13.676668 -1.000000
v 94.884735 13.492052 -1.000000
v 93.364281 13.676668 -1.000000
v 92.615265 13.492052 -1.000000
v 91.932190 13.133549 -1.000000
v 95.567810 13.133549 -1.000000
v 43.748512 45.663124 -1.000000
v 60.251488 56.836876 -1.000000
v 43.885456 45.464722 -1.000000
v 60.431934 56.677017 -1.000000
v 43.970943 45.239315 -1.000000
v 43.568066 45.822983 -1.000000
v 60.114544 57.035278 -1.000000
v 60.645393 56.564983 -1.000000
v 44.000000 45.000000 -1.000000
v 60.029057 57.260685 -1.000000
v 43.354607 45.935017 -1.000000
v 60.879463 56.507290 -1.000000
v 43.120537 45.992710 -1.000000
v 60.000000 57.500000 -1.000000
v 61.120537 56.507290 -1.000000
v 52.881680 25.713526 -1.000000
v 60.029057 57.739315 -1.000000
v 61.354607 56.564983 -1.000000
v 80.564766 25.672747 -1.000000
v 80.624382 25.717907 -1.000000
v 80.507469 25.624672 -1.000000
v 80.452644 25.573801 -1.000000
v 60.114544 57.964722 -1.000000
v 61.568066 56.677017 -1.000000
v 80.883072 25.867258 -1.000000
v 80.951988 25.896311 -1.000000
v 80.815681 25.834808 -1.000000
v 80.750000 25.799038 -1.000000
v 80.686180 25.760038 -1.000000
v 60.251488 58.163124 -1.000000
v 61.748512 56.836876 -1.000000
v 81.022270 25.921890 -1.000000
v 81.093742 25.943937 -1.000000
v 60.431934 58.322983 -1.000000
v 60.645393 58.435017 -1.000000
v 60.879463 58.492710 -1.000000
v 111.000000 15.500000 -1.000000
v 96.857018 11.265810 -1.000000
v 96.949997 10.500000 -1.000000
v 96.583458 11.987114 -1.000000
v 96.145233 12.621992 -1.000000
v 96.145233 8.378008 -1.000000
v 95.567810 7.866452 -1.000000
v 96.583458 9.012886 -1.000000
v 96.857018 9.734190 -1.000000
v 142.877228 3.505316 -1.000000
v 143.147903 3.265524 -1.000000
v 94.884735 7.507948 -1.000000
v 142.671814 3.802915 -1.000000
v 82.817329 25.217381 -1.000000
v 93.000000 53.500000 -1.000000
v 82.779938 25.282152 -1.000000
v 82.739357 25.344980 -1.000000
v 82.695702 25.405706 -1.000000
v 82.649063 25.464182 -1.000000
v 82.599579 25.520260 -1.000000
v 82.547356 25.573801 -1.000000
v 82.492531 25.624672 -1.000000
v 82.435234 25.672747 -1.000000
v 82.375618 25.717907 -1.000000
v 82.313820 25.760038 -1.000000
v 82.250000 25.799038 -1.000000
v 82.184319 25.834808 -1.000000
v 82.116928 25.867258 -1.000000
v 82.048012 25.896311 -1.000000
v 81.977730 25.921890 -1.000000
v 81.906258 25.943937 -1.000000
v 81.833778 25.962393 -1.000000
v 81.760475 25.977211 -1.000000
v 81.686516 25.988359 -1.000000
v 81.612099 25.995806 -1.000000
v 81.537399 25.999535 -1.000000
v 81.462601 25.999535 -1.000000
v 81.387901 25.995806 -1.000000
v 81.313484 25.988359 -1.000000
v 81.239525 25.977211 -1.000000
v 81.166222 25.962393 -1.000000
v 143.468094 3.097476 -1.000000
v 94.135719 7.323332 -1.000000
v 142.543594 4.141026 -1.000000
v 143.819199 3.010937 -1.000000
v 142.500000 4.500000 -1.000000
v 91.354767 55.878006 -1.000000
v 91.932190 55.366451 -1.000000
v 142.543594 4.858974 -1.000000
v 61.885456 57.035278 -1.000000
v 90.916542 56.512886 -1.000000
v 92.615265 55.007950 -1.000000
v 142.671814 5.197085 -1.000000
v 61.970943 57.260685 -1.000000
v 90.642982 57.234188 -1.000000
v 62.000000 57.500000 -1.000000
v 93.364281 54.823330 -1.000000
v 142.877228 5.494684 -1.000000
v 61.970943 57.739315 -1.000000
v 90.550003 58.000000 -1.000000
v 143.147903 5.734476 -1.000000
v 94.135719 54.823330 -1.000000
v 61.885456 57.964722 -1.000000
v 90.642982 58.765812 -1.000000
v 94.884735 55.007950 -1.000000
v 61.748512 58.163124 -1.000000
v 90.916542 59.487114 -1.000000
v 95.567810 55.366451 -1.000000
v 61.568066 58.322983 -1.000000
v 91.354767 60.121994 -1.000000
v 61.354607 58.435017 -1.000000
v 91.932190 60.633549 -1.000000
v 61.120537 58.492710 -1.000000
v 92.615265 60.992050 -1.000000
v 144.180801 3.010937 -1.000000
v 144.531906 3.097476 -1.000000
v 144.852097 3.265524 -1.000000
v 145.122772 3.505316 -1.000000
v 145.328186 3.802915 -1.000000
v 145.456406 4.141026 -1.000000
v 145.328186 5.197085 -1.000000
v 150.604767 8.378008 -1.000000
v 145.456406 4.858974 -1.000000
v 151.182190 7.866452 -1.000000
v 145.500000 4.500000 -1.000000
v 145.122772 5.494684 -1.000000
v 150.166534 9.012886 -1.000000
v 144.852097 5.734476 -1.000000
v 151.865265 7.507948 -1.000000
v 144.531906 5.902524 -1.000000
v 149.892990 9.734190 -1.000000
v 152.614288 7.323332 -1.000000
v 144.180801 5.989063 -1.000000
v 149.800003 10.500000 -1.000000
v 153.385712 7.323332 -1.000000
v 143.819199 5.989063 -1.000000
v 149.892990 11.265810 -1.000000
v 143.468094 5.902524 -1.000000
v 154.134735 7.507948 -1.000000
v 150.166534 11.987114 -1.000000
v 159.318848 3.750243 -1.000000
v 159.598160 3.454192 -1.000000
v 159.909943 3.192569 -1.000000
v 159.075790 4.076719 -1.000000
v 160.250000 2.968911 -1.000000
v 150.604767 12.621992 -1.000000
v 158.872284 4.429203 -1.000000
v 160.613724 2.786244 -1.000000
v 158.711075 4.802929 -1.000000
v 160.996185 2.647037 -1.000000
v 158.594345 5.192844 -1.000000
v 161.392227 2.553173 -1.000000
v 158.523666 5.593675 -1.000000
v 154.817810 7.866452 -1.000000
v 161.796494 2.505921 -1.000000
v 158.500000 6.000000 -1.000000
v 111.000000 53.500000 -1.000000
v 96.857018 58.765812 -1.000000
v 96.949997 58.000000 -1.000000
v 96.583458 59.487114 -1.000000
v 96.145233 60.121994 -1.000000
v 95.567810 60.633549 -1.000000
v 96.145233 55.878006 -1.000000
v 96.583458 56.512886 -1.000000
v 96.857018 57.234188 -1.000000
v 158.523666 6.406325 -1.000000
v 155.395233 8.378008 -1.000000
v 158.594345 6.807156 -1.000000
v 158.711075 7.197071 -1.000000
v 155.833466 9.012886 -1.000000
v 162.203506 2.505921 -1.000000
v 166.000000 0.000000 -1.000000
v 162.607773 2.553173 -1.000000
v 163.003815 2.647037 -1.000000
v 163.386276 2.786244 -1.000000
v 158.872284 7.570797 -1.000000
v 163.750000 2.968911 -1.000000
v 156.107010 9.734190 -1.000000
v 159.075790 7.923281 -1.000000
v 164.090057 3.192569 -1.000000
v 159.318848 8.249757 -1.000000
v 164.401840 3.454192 -1.000000
v 156.199997 10.500000 -1.000000
v 159.598160 8.545808 -1.000000
v 164.681152 3.750243 -1.000000
v 159.909943 8.807431 -1.000000
v 164.924210 4.076719 -1.000000
v 156.107010 11.265810 -1.000000
v 160.250000 9.031089 -1.000000
v 165.127716 4.429203 -1.000000
v 160.613724 9.213757 -1.000000
v 165.288925 4.802929 -1.000000
v 155.833466 11.987114 -1.000000
v 160.996185 9.352963 -1.000000
v 165.405655 5.192844 -1.000000
v 161.392227 9.446827 -1.000000
v 165.476334 5.593675 -1.000000
v 161.796494 9.494079 -1.000000
v 155.395233 12.621992 -1.000000
v 165.500000 6.000000 -1.000000
v 162.203506 9.494079 -1.000000
v 165.476334 6.406325 -1.000000
v 160.000000 29.500000 -1.000000
v 154.817810 13.133549 -1.000000
v 154.134735 13.492052 -1.000000
v 153.385712 13.676668 -1.000000
v 152.614288 13.676668 -1.000000
v 151.865265 13.492052 -1.000000
v 151.182190 13.133549 -1.000000
v 166.000000 29.500000 -1.000000
v 165.405655 6.807156 -1.000000
v 165.288925 7.197071 -1.000000
v 165.127716 7.570797 -1.000000
v 164.924210 7.923281 -1.000000
v 164.681152 8.249757 -1.000000
v 164.401840 8.545808 -1.000000
v 164.090057 8.807431 -1.000000
v 163.750000 9.031089 -1.000000
v 163.386276 9.213757 -1.000000
v 163.003815 9.352963 -1.000000
v 162.607773 9.446827 -1.000000
v 142.877228 63.505318 -1.000000
v 143.147903 63.265526 -1.000000
v 142.671814 63.802914 -1.000000
v 150.604767 55.878006 -1.000000
v 151.182190 55.366451 -1.000000
v 160.000000 39.500000 -1.000000
v 143.468094 63.097477 -1.000000
v 150.166534 56.512886 -1.000000
v 142.543594 64.141029 -1.000000
v 151.865265 55.007950 -1.000000
v 142.500000 64.500000 -1.000000
v 143.819199 63.010937 -1.000000
v 149.892990 57.234188 -1.000000
v 142.543594 64.858971 -1.000000
v 152.614288 54.823330 -1.000000
v 144.180801 63.010937 -1.000000
v 149.800003 58.000000 -1.000000
v 144.531906 63.097477 -1.000000
v 142.671814 65.197083 -1.000000
v 153.385712 54.823330 -1.000000
v 142.877228 65.494682 -1.000000
v 144.852097 63.265526 -1.000000
v 149.892990 58.765812 -1.000000
v 94.884735 60.992050 -1.000000
v 143.147903 65.734474 -1.000000
v 154.134735 55.007950 -1.000000
v 94.135719 61.176670 -1.000000
v 143.468094 65.902527 -1.000000
v 145.122772 63.505318 -1.000000
v 150.166534 59.487114 -1.000000
v 154.817810 55.366451 -1.000000
v 150.604767 60.121994 -1.000000
v 145.328186 63.802914 -1.000000
v 145.456406 64.141029 -1.000000
v 155.395233 55.878006 -1.000000
v 166.000000 39.500000 -1.000000
v 145.500000 64.500000 -1.000000
v 151.182190 60.633549 -1.000000
v 155.833466 56.512886 -1.000000
v 151.865265 60.992050 -1.000000
v 145.456406 64.858971 -1.000000
v 156.107010 57.234188 -1.000000
v 154.817810 60.633549 -1.000000
v 155.395233 60.121994 -1.000000
v 154.134735 60.992050 -1.000000
v 153.385712 61.176670 -1.000000
v 152.614288 61.176670 -1.000000
v 145.328186 65.197083 -1.000000
v 145.122772 65.494682 -1.000000
v 144.852097 65.734474 -1.000000
v 144.531906 65.902527 -1.000000
v 144.180801 65.989067 -1.000000
v 143.819199 65.989067 -1.000000
v 166.000000 69.000000 -1.000000
v 156.107010 58.765812 -1.000000
v 156.199997 58.000000 -1.000000
v 155.833466 59.487114 -1.000000
v 93.364281 61.176670 -1.000000
v 2.000000 39.500000 3.000000
v 3.100000 49.000000 4.000000
v 2.100000 39.500000 5.000000
v 2.100000 49.000000 5.000000
v 2.100000 65.000000 5.000000
v 2.100000 68.266785 5.000000
v 2.231328 68.492363 4.868671
v 2.306785 68.714920 4.793215
v 2.331668 68.856499 4.768332
v 2.340000 69.000000 4.760000
v 8.000000 77.000000 -1.000000
v 12.000000 73.000000 -1.000000
v 9.500000 73.000000 1.000000
v 9.398296 73.837608 1.000000
v 9.099096 74.626534 1.000000
v 8.619787 75.320930 1.000000
v 7.988226 75.880440 1.000000
v 7.241117 76.272560 1.000000
v 6.421878 76.474480 1.000000
v 5.578122 76.474480 1.000000
v 4.758883 76.272560 1.000000
v 4.011774 75.880440 1.000000
v 3.380212 75.320930 1.000000
v 2.900904 74.626534 1.000000
v 2.601704 73.837608 1.000000
v 2.500000 73.000000 1.000000
v 2.601704 72.162392 1.000000
v 2.900904 71.373466 1.000000
v 3.380212 70.679070 1.000000
v 4.011774 70.119560 1.000000
v 4.758883 69.727440 1.000000
v 5.578122 69.525520 1.000000
v 6.421878 69.525520 1.000000
v 7.241117 69.727440 1.000000
v 7.988226 70.119560 1.000000
v 8.619787 70.679070 1.000000
v 9.099096 71.373466 1.000000
v 9.398296 72.162392 1.000000
v 156.000000 73.000000 -1.000000
v 156.000000 73.000000 3.000000
v 25.727741 69.000000 11.708064
v 25.005957 69.000000 12.347509
v 24.458176 69.000000 13.141108
v 26.581581 69.000000 11.259935
v 24.116232 69.000000 14.042737
v 27.517853 69.000000 11.029164
v 23.071068 69.000000 16.428932
v 24.000000 69.000000 15.000000
v 28.482147 69.000000 11.029164
v 24.116232 69.000000 15.957263
v 29.418419 69.000000 11.259935
v 24.458176 69.000000 16.858892
v 30.272259 69.000000 11.708064
v 26.642136 69.000000 20.000000
v 27.517853 69.000000 18.970835
v 26.581581 69.000000 18.740065
v 25.727741 69.000000 18.291935
v 25.005957 69.000000 17.652491
v 28.482147 69.000000 18.970835
v 29.418419 69.000000 18.740065
v 46.000000 69.000000 20.000000
v 32.000000 69.000000 15.000000
v 31.883768 69.000000 15.957263
v 31.541824 69.000000 16.858892
v 30.994043 69.000000 12.347509
v 31.541824 69.000000 13.141108
v 31.883768 69.000000 14.042737
v 46.630291 69.000000 22.000000
v 46.000000 69.000000 21.248850
v 108.295807 69.000000 13.531049
v 107.754471 69.000000 14.010632
v 107.343636 69.000000 14.605830
v 108.936188 69.000000 13.194951
v 107.087173 69.000000 15.282053
v 107.000000 69.000000 16.000000
v 107.087173 69.000000 16.717947
v 107.343636 69.000000 17.394169
v 107.754471 69.000000 17.989368
v 108.295807 69.000000 18.468952
v 108.936188 69.000000 18.805048
v 109.638390 69.000000 13.021873
v 110.361610 69.000000 13.021873
v 111.063812 69.000000 13.194951
v 111.704193 69.000000 13.531049
v 112.245529 69.000000 14.010632
v 112.656364 69.000000 14.605830
v 112.912827 69.000000 15.282053
v 124.000000 69.000000 22.000000
v 113.000000 69.000000 16.000000
v 112.912827 69.000000 16.717947
v 112.656364 69.000000 17.394169
v 112.245529 69.000000 17.989368
v 111.704193 69.000000 18.468952
v 111.063812 69.000000 18.805048
v 110.361610 69.000000 18.978127
v 109.638390 69.000000 18.978127
v 128.000000 69.000000 21.000000
v 125.000000 69.000000 22.000000
v 132.000000 69.000000 22.000000
v 132.000000 69.000000 21.000000
v 30.272259 69.000000 18.291935
v 30.994043 69.000000 17.652491
v 128.000000 69.356033 3.000000
v 132.000000 69.356033 3.000000
v 95.000000 5.000000 3.000000
v 83.000000 3.000000 3.000000
v 95.000000 3.000000 3.000000
v 93.000000 15.500000 3.000000
v 83.000000 24.500000 3.000000
v 111.000000 15.500000 3.000000
v 132.000000 3.000000 3.000000
v 125.000000 5.000000 3.000000
v 125.000000 3.000000 3.000000
v 143.147903 3.265524 3.000000
v 142.877228 3.505316 3.000000
v 142.671814 3.802915 3.000000
v 93.000000 53.500000 3.000000
v 143.468094 3.097476 3.000000
v 142.543594 4.141026 3.000000
v 143.819199 3.010937 3.000000
v 142.500000 4.500000 3.000000
v 142.543594 4.858974 3.000000
v 142.671814 5.197085 3.000000
v 142.877228 5.494684 3.000000
v 143.147903 5.734476 3.000000
v 83.000000 66.000000 3.000000
v 143.468094 5.902524 3.000000
v 144.180801 3.010937 3.000000
v 144.531906 3.097476 3.000000
v 144.852097 3.265524 3.000000
v 145.122772 3.505316 3.000000
v 145.328186 3.802915 3.000000
v 145.456406 4.141026 3.000000
v 145.500000 4.500000 3.000000
v 95.000000 64.000000 3.000000
v 95.000000 66.000000 3.000000
v 159.422104 3.632622 3.000000
v 159.542465 3.507910 3.000000
v 159.668839 3.389309 3.000000
v 159.308075 3.763139 3.000000
v 159.800934 3.277110 3.000000
v 159.200638 3.899141 3.000000
v 159.938431 3.171587 3.000000
v 159.100082 4.040295 3.000000
v 160.080978 3.073000 3.000000
v 159.006622 4.186254 3.000000
v 160.228226 2.981590 3.000000
v 158.920502 4.336660 3.000000
v 160.379822 2.897582 3.000000
v 158.841934 4.491145 3.000000
v 160.535385 2.821181 3.000000
v 158.771118 4.649330 3.000000
v 160.694534 2.752574 3.000000
v 158.708206 4.810827 3.000000
v 160.856903 2.691931 3.000000
v 158.653381 4.975239 3.000000
v 161.022064 2.639400 3.000000
v 158.606750 5.142165 3.000000
v 158.568451 5.311194 3.000000
v 164.000000 0.000000 3.000000
v 161.189621 2.595108 3.000000
v 161.359177 2.559166 3.000000
v 158.538559 5.481912 3.000000
v 161.530289 2.531662 3.000000
v 158.517151 5.653901 3.000000
v 161.702560 2.512662 3.000000
v 158.504288 5.826738 3.000000
v 145.456406 4.858974 3.000000
v 161.875565 2.502213 3.000000
v 111.000000 53.500000 3.000000
v 158.500000 6.000000 3.000000
v 162.048859 2.500341 3.000000
v 158.504288 6.173262 3.000000
v 162.222046 2.507051 3.000000
v 158.517151 6.346099 3.000000
v 162.394684 2.522326 3.000000
v 158.538559 6.518088 3.000000
v 145.328186 5.197085 3.000000
v 162.566360 2.546128 3.000000
v 158.568451 6.688806 3.000000
v 162.736649 2.578399 3.000000
v 158.606750 6.857835 3.000000
v 162.905121 2.619061 3.000000
v 158.653381 7.024761 3.000000
v 163.071381 2.668013 3.000000
v 158.708206 7.189173 3.000000
v 145.122772 5.494684 3.000000
v 163.235016 2.725135 3.000000
v 158.771118 7.350670 3.000000
v 163.395615 2.790288 3.000000
v 158.841934 7.508855 3.000000
v 163.552795 2.863311 3.000000
v 158.920502 7.663340 3.000000
v 163.706177 2.944025 3.000000
v 159.006622 7.813746 3.000000
v 144.852097 5.734476 3.000000
v 163.855362 3.032233 3.000000
v 159.100082 7.959705 3.000000
v 164.000000 3.127719 3.000000
v 159.200638 8.100859 3.000000
v 159.308075 8.236860 3.000000
v 159.422104 8.367377 3.000000
v 144.531906 5.902524 3.000000
v 159.542465 8.492089 3.000000
v 159.668839 8.610691 3.000000
v 160.000000 29.500000 3.000000
v 144.180801 5.989063 3.000000
v 143.819199 5.989063 3.000000
v 161.875565 9.497787 3.000000
v 162.048859 9.499659 3.000000
v 161.702560 9.487338 3.000000
v 161.530289 9.468338 3.000000
v 161.359177 9.440834 3.000000
v 161.189621 9.404892 3.000000
v 161.022064 9.360600 3.000000
v 160.856903 9.308069 3.000000
v 160.694534 9.247426 3.000000
v 160.535385 9.178820 3.000000
v 160.379822 9.102418 3.000000
v 160.228226 9.018410 3.000000
v 160.080978 8.927000 3.000000
v 159.938431 8.828413 3.000000
v 159.800934 8.722890 3.000000
v 164.000000 29.500000 3.000000
v 163.855362 8.967767 3.000000
v 164.000000 8.872281 3.000000
v 163.706177 9.055975 3.000000
v 163.552795 9.136689 3.000000
v 163.395615 9.209712 3.000000
v 163.235016 9.274865 3.000000
v 163.071381 9.331987 3.000000
v 162.905121 9.380939 3.000000
v 162.736649 9.421600 3.000000
v 162.566360 9.453873 3.000000
v 162.394684 9.477674 3.000000
v 162.222046 9.492949 3.000000
v 132.000000 66.000000 3.000000
v 125.000000 66.000000 3.000000
v 125.000000 64.000000 3.000000
v 160.000000 39.500000 3.000000
v 143.147903 63.265526 3.000000
v 142.877228 63.505318 3.000000
v 142.671814 63.802914 3.000000
v 143.468094 63.097477 3.000000
v 142.543594 64.141029 3.000000
v 143.819199 63.010937 3.000000
v 142.500000 64.500000 3.000000
v 144.180801 63.010937 3.000000
v 142.543594 64.858971 3.000000
v 144.531906 63.097477 3.000000
v 142.671814 65.197083 3.000000
v 142.877228 65.494682 3.000000
v 143.147903 65.734474 3.000000
v 143.468094 65.902527 3.000000
v 143.819199 65.989067 3.000000
v 159.422104 60.632622 3.000000
v 144.852097 63.265526 3.000000
v 159.542465 60.507912 3.000000
v 159.668839 60.389309 3.000000
v 159.308075 60.763138 3.000000
v 159.800934 60.277111 3.000000
v 159.200638 60.899139 3.000000
v 159.938431 60.171589 3.000000
v 159.100082 61.040295 3.000000
v 160.080978 60.072998 3.000000
v 159.006622 61.186253 3.000000
v 145.122772 63.505318 3.000000
v 160.228226 59.981590 3.000000
v 158.920502 61.336658 3.000000
v 160.379822 59.897583 3.000000
v 158.841934 61.491146 3.000000
v 160.535385 59.821182 3.000000
v 158.771118 61.649330 3.000000
v 160.694534 59.752575 3.000000
v 158.708206 61.810825 3.000000
v 145.328186 63.802914 3.000000
v 160.856903 59.691933 3.000000
v 158.653381 61.975239 3.000000
v 161.022064 59.639400 3.000000
v 158.606750 62.142166 3.000000
v 161.189621 59.595108 3.000000
v 158.568451 62.311195 3.000000
v 161.359177 59.559166 3.000000
v 158.538559 62.481911 3.000000
v 145.456406 64.141029 3.000000
v 161.530289 59.531662 3.000000
v 158.517151 62.653900 3.000000
v 161.702560 59.512661 3.000000
v 158.504288 62.826736 3.000000
v 161.875565 59.502213 3.000000
v 158.500000 63.000000 3.000000
v 162.048859 59.500340 3.000000
v 164.000000 39.500000 3.000000
v 158.504288 63.173264 3.000000
v 145.500000 64.500000 3.000000
v 162.222046 59.507050 3.000000
v 158.517151 63.346100 3.000000
v 162.394684 59.522324 3.000000
v 162.566360 59.546127 3.000000
v 162.736649 59.578400 3.000000
v 162.905121 59.619061 3.000000
v 163.071381 59.668015 3.000000
v 163.235016 59.725136 3.000000
v 163.395615 59.790287 3.000000
v 163.552795 59.863312 3.000000
v 163.706177 59.944027 3.000000
v 163.855362 60.032234 3.000000
v 164.000000 60.127720 3.000000
v 145.456406 64.858971 3.000000
v 145.328186 65.197083 3.000000
v 145.122772 65.494682 3.000000
v 144.852097 65.734474 3.000000
v 144.531906 65.902527 3.000000
v 144.180801 65.989067 3.000000
v 159.308075 65.236862 3.000000
v 159.422104 65.367378 3.000000
v 159.200638 65.100861 3.000000
v 159.100082 64.959702 3.000000
v 159.006622 64.813744 3.000000
v 158.920502 64.663338 3.000000
v 158.841934 64.508858 3.000000
v 158.771118 64.350670 3.000000
v 158.708206 64.189171 3.000000
v 158.653381 64.024757 3.000000
v 158.606750 63.857834 3.000000
v 158.568451 63.688805 3.000000
v 158.538559 63.518089 3.000000
v 159.542465 65.492088 3.000000
v 159.668839 65.610687 3.000000
v 159.800934 65.722893 3.000000
v 159.938431 65.828415 3.000000
v 160.080978 65.927002 3.000000
v 160.228226 66.018410 3.000000
v 160.379822 66.102417 3.000000
v 160.535385 66.178818 3.000000
v 160.694534 66.247429 3.000000
v 160.856903 66.308067 3.000000
v 161.022064 66.360603 3.000000
v 164.000000 69.000000 3.000000
v 163.855362 65.967766 3.000000
v 164.000000 65.872284 3.000000
v 163.706177 66.055977 3.000000
v 163.552795 66.136688 3.000000
v 163.395615 66.209709 3.000000
v 163.235016 66.274864 3.000000
v 163.071381 66.331985 3.000000
v 162.905121 66.380936 3.000000
v 162.736649 66.421600 3.000000
v 162.566360 66.453873 3.000000
v 162.394684 66.477676 3.000000
v 162.222046 66.492950 3.000000
v 162.048859 66.499657 3.000000
v 161.875565 66.497787 3.000000
v 161.702560 66.487335 3.000000
v 161.530289 66.468338 3.000000
v 161.359177 66.440834 3.000000
v 161.189621 66.404892 3.000000
v 32.000000 66.000000 7.000000
v 32.000000 65.000000 15.000000
v 32.000000 66.000000 15.000000
v 32.000000 66.000000 20.000000
v 26.642136 66.000000 20.000000
v 29.941883 65.000000 15.478631
v 30.000000 65.000000 15.000000
v 29.770912 65.000000 15.929446
v 29.497021 65.000000 16.326246
v 29.136129 65.000000 16.645967
v 28.709209 65.000000 16.870033
v 28.241074 65.000000 16.985418
v 27.758926 65.000000 16.985418
v 27.290791 65.000000 16.870033
v 26.863871 65.000000 16.645967
v 26.502979 65.000000 16.326246
v 26.229088 65.000000 15.929446
v 26.058117 65.000000 15.478631
v 26.000000 65.000000 15.000000
v 26.058117 65.000000 14.521369
v 26.229088 65.000000 14.070554
v 26.502979 65.000000 13.673755
v 26.863871 65.000000 13.354033
v 27.290791 65.000000 13.129968
v 27.758926 65.000000 13.014583
v 28.241074 65.000000 13.014583
v 28.709209 65.000000 13.129968
v 29.136129 65.000000 13.354033
v 29.497021 65.000000 13.673755
v 29.770912 65.000000 14.070554
v 29.941883 65.000000 14.521369
v 42.431934 16.177015 7.000000
v 42.251488 16.336878 7.000000
v 42.114544 16.535276 7.000000
v 42.645393 16.064983 7.000000
v 42.029057 16.760685 7.000000
v 42.879463 16.007292 7.000000
v 32.000000 3.000000 7.000000
v 42.000000 17.000000 7.000000
v 43.120537 16.007292 7.000000
v 42.029057 17.239315 7.000000
v 43.354607 16.064983 7.000000
v 42.114544 17.464724 7.000000
v 60.251488 10.836877 7.000000
v 60.431934 10.677016 7.000000
v 60.114544 11.035276 7.000000
v 43.568066 16.177015 7.000000
v 60.645393 10.564983 7.000000
v 60.029057 11.260684 7.000000
v 43.748512 16.336878 7.000000
v 60.879463 10.507291 7.000000
v 60.000000 11.500000 7.000000
v 43.885456 16.535276 7.000000
v 60.029057 11.739316 7.000000
v 43.970943 16.760685 7.000000
v 50.939339 23.439341 7.000000
v 43.748512 17.663122 7.000000
v 43.885456 17.464724 7.000000
v 51.118320 23.286474 7.000000
v 43.970943 17.239315 7.000000
v 50.786476 23.618322 7.000000
v 43.568066 17.822985 7.000000
v 51.319016 23.163490 7.000000
v 50.663490 23.819014 7.000000
v 51.536476 23.073416 7.000000
v 44.000000 17.000000 7.000000
v 50.573414 24.036474 7.000000
v 43.354607 17.935017 7.000000
v 51.765347 23.018467 7.000000
v 50.518467 24.265348 7.000000
v 43.120537 17.992708 7.000000
v 52.000000 23.000000 7.000000
v 60.114544 11.964724 7.000000
v 50.500000 24.500000 7.000000
v 52.234653 23.018467 7.000000
v 50.518467 24.734652 7.000000
v 42.879463 17.992708 7.000000
v 52.463524 23.073416 7.000000
v 60.251488 12.163123 7.000000
v 50.573414 24.963526 7.000000
v 42.645393 17.935017 7.000000
v 52.680984 23.163490 7.000000
v 60.431934 12.322984 7.000000
v 50.663490 25.180986 7.000000
v 52.881680 23.286474 7.000000
v 53.060661 23.439341 7.000000
v 60.645393 12.435017 7.000000
v 53.213524 23.618322 7.000000
v 60.879463 12.492709 7.000000
v 53.336510 23.819014 7.000000
v 61.120537 12.492709 7.000000
v 53.426586 24.036474 7.000000
v 53.481533 24.265348 7.000000
v 61.354607 12.435017 7.000000
v 53.500000 24.500000 7.000000
v 83.000000 3.000000 7.000000
v 61.120537 10.507291 7.000000
v 61.354607 10.564983 7.000000
v 61.568066 10.677016 7.000000
v 61.748512 10.836877 7.000000
v 61.885456 11.035276 7.000000
v 61.970943 11.260684 7.000000
v 62.000000 11.500000 7.000000
v 42.431934 44.177017 7.000000
v 42.251488 44.336876 7.000000
v 42.251488 17.663122 7.000000
v 42.431934 17.822985 7.000000
v 42.114544 44.535278 7.000000
v 42.645393 44.064983 7.000000
v 42.029057 44.760685 7.000000
v 42.879463 44.007290 7.000000
v 50.786476 25.381678 7.000000
v 50.939339 25.560659 7.000000
v 43.120537 44.007290 7.000000
v 51.118320 25.713526 7.000000
v 43.354607 44.064983 7.000000
v 51.319016 25.836510 7.000000
v 51.536476 25.926584 7.000000
v 43.568066 44.177017 7.000000
v 51.765347 25.981533 7.000000
v 43.748512 44.336876 7.000000
v 52.000000 26.000000 7.000000
v 52.234653 25.981533 7.000000
v 43.885456 44.535278 7.000000
v 52.463524 25.926584 7.000000
v 43.970943 44.760685 7.000000
v 52.680984 25.836510 7.000000
v 42.879463 45.992710 7.000000
v 43.120537 45.992710 7.000000
v 42.645393 45.935017 7.000000
v 42.431934 45.822983 7.000000
v 42.251488 45.663124 7.000000
v 42.114544 45.464722 7.000000
v 42.029057 45.239315 7.000000
v 42.000000 45.000000 7.000000
v 80.400421 23.479740 7.000000
v 61.885456 11.964724 7.000000
v 61.970943 11.739316 7.000000
v 80.452644 23.426199 7.000000
v 80.507469 23.375328 7.000000
v 80.350937 23.535818 7.000000
v 80.564766 23.327253 7.000000
v 80.304298 23.594294 7.000000
v 80.624382 23.282093 7.000000
v 80.260643 23.655020 7.000000
v 80.686180 23.239962 7.000000
v 80.220062 23.717848 7.000000
v 61.748512 12.163123 7.000000
v 80.750000 23.200962 7.000000
v 80.182671 23.782619 7.000000
v 80.815681 23.165192 7.000000
v 80.148544 23.849174 7.000000
v 80.883072 23.132742 7.000000
v 80.117783 23.917347 7.000000
v 80.951988 23.103689 7.000000
v 80.090462 23.986969 7.000000
v 81.022270 23.078110 7.000000
v 80.066643 24.057867 7.000000
v 61.568066 12.322984 7.000000
v 81.093742 23.056063 7.000000
v 80.046387 24.129864 7.000000
v 81.166222 23.037607 7.000000
v 80.029739 24.202782 7.000000
v 81.239525 23.022789 7.000000
v 80.016754 24.276436 7.000000
v 81.313484 23.011641 7.000000
v 80.007454 24.350649 7.000000
v 81.387901 23.004194 7.000000
v 80.001862 24.425232 7.000000
v 81.462601 23.000465 7.000000
v 80.000000 24.500000 7.000000
v 81.537399 23.000465 7.000000
v 80.001862 24.574768 7.000000
v 81.612099 23.004194 7.000000
v 80.007454 24.649351 7.000000
v 53.481533 24.734652 7.000000
v 81.686516 23.011641 7.000000
v 80.016754 24.723564 7.000000
v 81.760475 23.022789 7.000000
v 80.029739 24.797218 7.000000
v 81.833778 23.037607 7.000000
v 80.046387 24.870136 7.000000
v 53.426586 24.963526 7.000000
v 81.906258 23.056063 7.000000
v 80.066643 24.942133 7.000000
v 81.977730 23.078110 7.000000
v 80.090462 25.013031 7.000000
v 82.048012 23.103689 7.000000
v 80.117783 25.082653 7.000000
v 53.336510 25.180986 7.000000
v 82.116928 23.132742 7.000000
v 80.148544 25.150826 7.000000
v 82.184319 23.165192 7.000000
v 80.182671 25.217381 7.000000
v 82.250000 23.200962 7.000000
v 80.220062 25.282152 7.000000
v 53.213524 25.381678 7.000000
v 82.313820 23.239962 7.000000
v 80.260643 25.344980 7.000000
v 82.375618 23.282093 7.000000
v 80.304298 25.405706 7.000000
v 82.435234 23.327253 7.000000
v 80.350937 25.464182 7.000000
v 53.060661 25.560659 7.000000
v 82.492531 23.375328 7.000000
v 80.400421 25.520260 7.000000
v 82.547356 23.426199 7.000000
v 82.599579 23.479740 7.000000
v 82.649063 23.535818 7.000000
v 82.695702 23.594294 7.000000
v 82.739357 23.655020 7.000000
v 82.779938 23.717848 7.000000
v 82.817329 23.782619 7.000000
v 82.851456 23.849174 7.000000
v 82.882217 23.917347 7.000000
v 82.909538 23.986969 7.000000
v 82.933357 24.057867 7.000000
v 82.953613 24.129864 7.000000
v 82.970261 24.202782 7.000000
v 82.983246 24.276436 7.000000
v 60.251488 56.836876 7.000000
v 43.748512 45.663124 7.000000
v 43.885456 45.464722 7.000000
v 60.431934 56.677017 7.000000
v 43.970943 45.239315 7.000000
v 60.114544 57.035278 7.000000
v 43.568066 45.822983 7.000000
v 60.645393 56.564983 7.000000
v 44.000000 45.000000 7.000000
v 60.029057 57.260685 7.000000
v 43.354607 45.935017 7.000000
v 60.879463 56.507290 7.000000
v 60.000000 57.500000 7.000000
v 61.120537 56.507290 7.000000
v 52.881680 25.713526 7.000000
v 60.029057 57.739315 7.000000
v 61.354607 56.564983 7.000000
v 80.564766 25.672747 7.000000
v 80.624382 25.717907 7.000000
v 80.507469 25.624672 7.000000
v 80.452644 25.573801 7.000000
v 60.114544 57.964722 7.000000
v 61.568066 56.677017 7.000000
v 80.883072 25.867258 7.000000
v 80.951988 25.896311 7.000000
v 80.815681 25.834808 7.000000
v 80.750000 25.799038 7.000000
v 80.686180 25.760038 7.000000
v 60.251488 58.163124 7.000000
v 61.748512 56.836876 7.000000
v 81.166222 25.962393 7.000000
v 81.239525 25.977211 7.000000
v 81.093742 25.943937 7.000000
v 81.022270 25.921890 7.000000
v 60.431934 58.322983 7.000000
v 61.885456 57.035278 7.000000
v 81.313484 25.988359 7.000000
v 60.645393 58.435017 7.000000
v 60.879463 58.492710 7.000000
v 83.000000 66.000000 7.000000
v 61.970943 57.739315 7.000000
v 62.000000 57.500000 7.000000
v 61.885456 57.964722 7.000000
v 61.748512 58.163124 7.000000
v 61.568066 58.322983 7.000000
v 61.354607 58.435017 7.000000
v 61.120537 58.492710 7.000000
v 61.970943 57.260685 7.000000
v 82.953613 24.870136 7.000000
v 82.970261 24.797218 7.000000
v 82.933357 24.942133 7.000000
v 82.909538 25.013031 7.000000
v 82.882217 25.082653 7.000000
v 82.851456 25.150826 7.000000
v 82.817329 25.217381 7.000000
v 82.779938 25.282152 7.000000
v 82.739357 25.344980 7.000000
v 82.695702 25.405706 7.000000
v 82.649063 25.464182 7.000000
v 82.599579 25.520260 7.000000
v 82.547356 25.573801 7.000000
v 82.492531 25.624672 7.000000
v 82.435234 25.672747 7.000000
v 82.375618 25.717907 7.000000
v 82.313820 25.760038 7.000000
v 82.250000 25.799038 7.000000
v 82.184319 25.834808 7.000000
v 82.116928 25.867258 7.000000
v 82.048012 25.896311 7.000000
v 81.977730 25.921890 7.000000
v 81.906258 25.943937 7.000000
v 81.833778 25.962393 7.000000
v 81.760475 25.977211 7.000000
v 81.686516 25.988359 7.000000
v 81.612099 25.995806 7.000000
v 81.537399 25.999535 7.000000
v 81.462601 25.999535 7.000000
v 81.387901 25.995806 7.000000
v 83.000000 24.500000 7.000000
v 82.998138 24.425232 7.000000
v 82.992546 24.350649 7.000000
v 82.998138 24.574768 7.000000
v 82.992546 24.649351 7.000000
v 82.983246 24.723564 7.000000
v 32.000000 4.000000 15.000000
v 32.000000 3.000000 15.000000
v 32.000000 3.000000 20.000000
v 26.642136 3.000000 20.000000
v 23.071068 0.000000 16.428932
v 26.642136 0.000000 20.000000
v 30.000000 4.000000 15.000000
v 29.941883 4.000000 15.478631
v 29.770912 4.000000 15.929446
v 29.497021 4.000000 16.326246
v 29.136129 4.000000 16.645967
v 28.709209 4.000000 16.870033
v 28.241074 4.000000 16.985418
v 27.758926 4.000000 16.985418
v 27.290791 4.000000 16.870033
v 26.863871 4.000000 16.645967
v 26.502979 4.000000 16.326246
v 26.229088 4.000000 15.929446
v 26.058117 4.000000 15.478631
v 26.000000 4.000000 15.000000
v 26.058117 4.000000 14.521369
v 26.229088 4.000000 14.070554
v 26.502979 4.000000 13.673755
v 26.863871 4.000000 13.354033
v 27.290791 4.000000 13.129968
v 27.758926 4.000000 13.014583
v 28.241074 4.000000 13.014583
v 28.709209 4.000000 13.129968
v 29.136129 4.000000 13.354033
v 29.497021 4.000000 13.673755
v 29.770912 4.000000 14.070554
v 29.941883 4.000000 14.521369
v 25.727741 0.000000 11.708064
v 25.005957 0.000000 12.347509
v 24.458176 0.000000 13.141108
v 26.581581 0.000000 11.259935
v 24.116232 0.000000 14.042737
v 27.517853 0.000000 11.029164
v 24.000000 0.000000 15.000000
v 28.482147 0.000000 11.029164
v 24.116232 0.000000 15.957263
v 29.418419 0.000000 11.259935
v 24.458176 0.000000 16.858892
v 30.272259 0.000000 11.708064
v 27.517853 0.000000 18.970835
v 26.581581 0.000000 18.740065
v 25.727741 0.000000 18.291935
v 25.005957 0.000000 17.652491
v 28.482147 0.000000 18.970835
v 29.418419 0.000000 18.740065
v 32.000000 0.000000 15.000000
v 46.000000 0.000000 20.000000
v 31.883768 0.000000 15.957263
v 31.541824 0.000000 16.858892
v 30.994043 0.000000 12.347509
v 31.541824 0.000000 13.141108
v 31.883768 0.000000 14.042737
v 46.630291 0.000000 22.000000
v 46.000000 0.000000 21.248850
v 108.295807 -0.000000 13.531049
v 107.754471 -0.000000 14.010632
v 107.343636 -0.000000 14.605830
v 108.936188 -0.000000 13.194951
v 107.087173 -0.000000 15.282053
v 107.000000 0.000000 16.000000
v 107.087173 0.000000 16.717947
v 107.343636 0.000000 17.394169
v 107.754471 0.000000 17.989368
v 108.295807 0.000000 18.468952
v 108.936188 0.000000 18.805048
v 109.638390 -0.000000 13.021873
v 110.361610 -0.000000 13.021873
v 111.063812 -0.000000 13.194951
v 111.704193 -0.000000 13.531049
v 112.245529 -0.000000 14.010632
v 112.656364 -0.000000 14.605830
v 112.912827 -0.000000 15.282053
v 113.000000 0.000000 16.000000
v 124.000000 0.000000 22.000000
v 112.912827 0.000000 16.717947
v 112.656364 0.000000 17.394169
v 112.245529 0.000000 17.989368
v 111.704193 0.000000 18.468952
v 111.063812 0.000000 18.805048
v 110.361610 0.000000 18.978127
v 109.638390 0.000000 18.978127
v 128.000000 0.000000 21.000000
v 125.000000 0.000000 22.000000
v 132.000000 0.000000 21.000000
v 132.000000 0.000000 22.000000
v 30.272259 0.000000 18.291935
v 30.994043 0.000000 17.652491
v 156.000000 -4.000000 -1.000000
v 156.000000 -4.000000 3.000000
v 128.000000 -0.356031 3.000000
v 132.000000 -0.356031 3.000000
v 12.000000 -4.000000 -1.000000
v 8.000000 -8.000000 -1.000000
v 9.500000 -4.000000 1.000000
v 9.398296 -3.162395 1.000000
v 9.099096 -2.373469 1.000000
v 8.619787 -1.679071 1.000000
v 7.988226 -1.119556 1.000000
v 7.241117 -0.727443 1.000000
v 6.421878 -0.525519 1.000000
v 5.578122 -0.525519 1.000000
v 4.758883 -0.727443 1.000000
v 4.011774 -1.119556 1.000000
v 3.380212 -1.679071 1.000000
v 2.900904 -2.373469 1.000000
v 2.601704 -3.162395 1.000000
v 2.500000 -4.000000 1.000000
v 2.601704 -4.837605 1.000000
v 2.900904 -5.626531 1.000000
v 3.380212 -6.320930 1.000000
v 4.011774 -6.880444 1.000000
v 4.758883 -7.272557 1.000000
v 5.578122 -7.474481 1.000000
v 6.421878 -7.474481 1.000000
v 7.241117 -7.272557 1.000000
v 7.988226 -6.880444 1.000000
v 8.619787 -6.320930 1.000000
v 9.099096 -5.626531 1.000000
v 9.398296 -4.837605 1.000000
v 4.863871 4.354032 1.000000
v 4.502978 4.673755 1.000000
v 4.229088 5.070554 1.000000
v 5.290790 4.129968 1.000000
v 4.058116 5.521369 1.000000
v 5.758927 4.014582 1.000000
v 4.000000 6.000000 1.000000
v 6.241073 4.014582 1.000000
v 4.058116 6.478631 1.000000
v 6.709210 4.129968 1.000000
v 4.229088 6.929446 1.000000
v 7.136129 4.354032 1.000000
v 4.502978 7.326245 1.000000
v 7.497022 4.673755 1.000000
v 4.863871 7.645968 1.000000
v 7.770912 5.070554 1.000000
v 5.290790 7.870032 1.000000
v 7.941884 5.521369 1.000000
v 5.758927 7.985418 1.000000
v 6.241073 7.985418 1.000000
v 7.941884 6.478631 1.000000
v 8.000000 6.000000 1.000000
v 6.709210 7.870032 1.000000
v 7.770912 6.929446 1.000000
v 7.136129 7.645968 1.000000
v 7.497022 7.326245 1.000000
v 4.863871 61.354031 1.000000
v 4.502978 61.673756 1.000000
v 4.229088 62.070553 1.000000
v 5.290790 61.129967 1.000000
v 4.058116 62.521370 1.000000
v 5.758927 61.014584 1.000000
v 4.000000 63.000000 1.000000
v 6.241073 61.014584 1.000000
v 4.058116 63.478630 1.000000
v 6.709210 61.129967 1.000000
v 4.229088 63.929447 1.000000
v 7.136129 61.354031 1.000000
v 4.502978 64.326248 1.000000
v 7.497022 61.673756 1.000000
v 7.770912 62.070553 1.000000
v 4.863871 64.645966 1.000000
v 5.290790 64.870033 1.000000
v 7.941884 62.521370 1.000000
v 5.758927 64.985420 1.000000
v 8.000000 63.000000 1.000000
v 6.241073 64.985420 1.000000
v 6.709210 64.870033 1.000000
v 7.941884 63.478630 1.000000
v 7.770912 63.929447 1.000000
v 7.136129 64.645966 1.000000
v 7.497022 64.326248 1.000000
v 2.000000 68.492363 4.868671
v 2.000000 68.740433 4.787472
v -3.000000 81.000000 1.000000
v -3.000000 82.196579 1.145291
v -3.000000 83.323616 1.572720
v -3.000000 84.315613 2.257446
v -3.000000 85.114922 3.159676
v -3.000000 85.675079 4.226975
v -3.000000 85.963547 5.397316
v -3.000000 85.963547 6.602684
v -3.000000 85.675079 7.773025
v -3.000000 85.114922 8.840323
v -3.000000 84.315613 9.742554
v -3.000000 83.323616 10.427280
v -3.000000 82.196579 10.854709
v -3.000000 81.000000 11.000000
v -3.000000 79.803421 10.854709
v -3.000000 78.676384 10.427280
v -3.000000 77.684387 9.742554
v -3.000000 76.885078 8.840323
v -3.000000 76.324921 7.773025
v -3.000000 76.036453 6.602684
v -3.000000 76.036453 5.397316
v -3.000000 76.324921 4.226975
v -3.000000 76.885078 3.159676
v -3.000000 77.684387 2.257446
v -3.000000 78.676384 1.572720
v -3.000000 79.803421 1.145291
v -3.000000 -12.000000 1.000000
v -3.000000 -10.803422 1.145291
v -3.000000 -9.676384 1.572720
v -3.000000 -8.684386 2.257446
v -3.000000 -7.885081 3.159676
v -3.000000 -7.324919 4.226975
v -3.000000 -7.036456 5.397316
v -3.000000 -7.036456 6.602684
v -3.000000 -7.324919 7.773025
v -3.000000 -7.885081 8.840323
v -3.000000 -8.684386 9.742554
v -3.000000 -9.676384 10.427280
v -3.000000 -10.803422 10.854709
v -3.000000 -12.000000 11.000000
v -3.000000 -13.196578 10.854709
v -3.000000 -14.323616 10.427280
v -3.000000 -15.315614 9.742554
v -3.000000 -16.114920 8.840323
v -3.000000 -16.675081 7.773025
v -3.000000 -16.963545 6.602684
v -3.000000 -16.963545 5.397316
v -3.000000 -16.675081 4.226975
v -3.000000 -16.114920 3.159676
v -3.000000 -15.315614 2.257446
v -3.000000 -14.323616 1.572720
v -3.000000 -13.196578 1.145291
v -4.000000 81.000000 0.000000
v -4.000000 82.435890 0.174349
v -4.000000 83.788338 0.687264
v -4.000000 84.978737 1.508935
v -4.000000 85.937904 2.591612
v -4.000000 86.610100 3.872371
v -4.000000 86.956253 5.276780
v -4.000000 86.956253 6.723220
v -4.000000 86.610100 8.127629
v -4.000000 85.937904 9.408388
v -4.000000 84.978737 10.491064
v -4.000000 83.788338 11.312737
v -4.000000 82.435890 11.825651
v -4.000000 81.000000 12.000000
v -4.000000 79.564110 11.825651
v -4.000000 78.211662 11.312737
v -4.000000 77.021263 10.491064
v -4.000000 76.062096 9.408388
v -4.000000 75.389900 8.127629
v -4.000000 75.043747 6.723220
v -4.000000 75.043747 5.276780
v -4.000000 75.389900 3.872371
v -4.000000 76.062096 2.591612
v -4.000000 77.021263 1.508935
v -4.000000 78.211662 0.687264
v -4.000000 79.564110 0.174349
v -4.000000 -12.000000 0.000000
v -4.000000 -10.564106 0.174349
v -4.000000 -9.211661 0.687264
v -4.000000 -8.021264 1.508935
v -4.000000 -7.062097 2.591612
v -4.000000 -6.389903 3.872371
v -4.000000 -6.043747 5.276780
v -4.000000 -6.043747 6.723220
v -4.000000 -6.389903 8.127629
v -4.000000 -7.062097 9.408388
v -4.000000 -8.021264 10.491064
v -4.000000 -9.211661 11.312737
v -4.000000 -10.564106 11.825651
v -4.000000 -12.000000 12.000000
v -4.000000 -13.435894 11.825651
v -4.000000 -14.788339 11.312737
v -4.000000 -15.978736 10.491064
v -4.000000 -16.937902 9.408388
v -4.000000 -17.610098 8.127629
v -4.000000 -17.956253 6.723220
v -4.000000 -17.956253 5.276780
v -4.000000 -17.610098 3.872371
v -4.000000 -16.937902 2.591612
v -4.000000 -15.978736 1.508935
v -4.000000 -14.788339 0.687264
v -4.000000 -13.435894 0.174349
v 4.502978 -5.326245 -1.000000
v 4.863871 -5.645968 -1.000000
v 4.229088 -4.929446 -1.000000
v 5.290790 -5.870032 -1.000000
v 4.058116 -4.478631 -1.000000
v 5.758927 -5.985418 -1.000000
v 4.000000 -4.000000 -1.000000
v 6.241073 -5.985418 -1.000000
v 6.709210 -5.870032 -1.000000
v 7.136129 -5.645968 -1.000000
v 4.229088 -3.070554 -1.000000
v 4.502978 -2.673755 -1.000000
v 4.058116 -3.521369 -1.000000
v 7.497022 -5.326245 -1.000000
v 4.863871 -2.354032 -1.000000
v 7.770912 -4.929446 -1.000000
v 5.290790 -2.129967 -1.000000
v 5.758927 -2.014582 -1.000000
v 6.241073 -2.014582 -1.000000
v 7.941884 -3.521369 -1.000000
v 8.000000 -4.000000 -1.000000
v 7.770912 -3.070554 -1.000000
v 7.941884 -4.478631 -1.000000
v 7.497022 -2.673755 -1.000000
v 7.136129 -2.354032 -1.000000
v 6.709210 -2.129967 -1.000000
v 160.556091 -5.383878 -1.000000
v 160.810730 -5.607994 -1.000000
v 160.000000 -8.000000 -1.000000
v 160.342987 -5.119949 -1.000000
v 161.099594 -5.785851 -1.000000
v 160.177536 -4.823802 -1.000000
v 161.414352 -5.912333 -1.000000
v 160.064529 -4.503956 -1.000000
v 161.745972 -5.983801 -1.000000
v 160.007202 -4.169612 -1.000000
v 162.084885 -5.998198 -1.000000
v 160.007202 -3.830388 -1.000000
v 162.421356 -5.955111 -1.000000
v 160.064529 -3.496044 -1.000000
v 160.177536 -3.176198 -1.000000
v 160.342987 -2.880050 -1.000000
v 160.556091 -2.616122 -1.000000
v 162.745712 -5.855778 -1.000000
v 166.000000 -8.000000 -1.000000
v 163.048615 -5.703058 -1.000000
v 163.321350 -5.501345 -1.000000
v 163.556076 -5.256440 -1.000000
v 160.810730 -2.392006 -1.000000
v 163.746033 -4.975390 -1.000000
v 161.099594 -2.214148 -1.000000
v 163.885757 -4.666280 -1.000000
v 161.414352 -2.087667 -1.000000
v 163.971237 -4.338002 -1.000000
v 161.745972 -2.016199 -1.000000
v 164.000000 -4.000000 -1.000000
v 163.971237 -3.661998 -1.000000
v 163.885757 -3.333720 -1.000000
v 163.746033 -3.024610 -1.000000
v 163.556076 -2.743560 -1.000000
v 163.321350 -2.498655 -1.000000
v 163.048615 -2.296942 -1.000000
v 162.745712 -2.144222 -1.000000
v 162.421356 -2.044889 -1.000000
v 162.084885 -2.001802 -1.000000
v 169.000000 86.000000 -1.000000
v 166.000000 77.000000 -1.000000
v 166.000000 86.000000 -1.000000
v 169.000000 -17.000000 -1.000000
v 166.000000 -17.000000 -1.000000
v 164.000000 29.500000 1.000000
v 166.000000 29.500000 1.000000
v 4.502978 71.673752 -1.000000
v 4.863871 71.354034 -1.000000
v 4.229088 72.070557 -1.000000
v 5.290790 71.129967 -1.000000
v 4.058116 72.521370 -1.000000
v 5.758927 71.014580 -1.000000
v 4.000000 73.000000 -1.000000
v 6.241073 71.014580 -1.000000
v 4.229088 73.929443 -1.000000
v 4.502978 74.326248 -1.000000
v 4.058116 73.478630 -1.000000
v 4.863871 74.645966 -1.000000
v 5.290790 74.870033 -1.000000
v 5.758927 74.985420 -1.000000
v 6.709210 71.129967 -1.000000
v 7.136129 71.354034 -1.000000
v 7.497022 71.673752 -1.000000
v 7.770912 72.070557 -1.000000
v 7.497022 74.326248 -1.000000
v 7.770912 73.929443 -1.000000
v 7.136129 74.645966 -1.000000
v 6.709210 74.870033 -1.000000
v 6.241073 74.985420 -1.000000
v 7.941884 73.478630 -1.000000
v 8.000000 73.000000 -1.000000
v 7.941884 72.521370 -1.000000
v 164.000000 39.500000 1.000000
v 166.000000 39.500000 1.000000
v 160.556091 71.616119 -1.000000
v 160.810730 71.392006 -1.000000
v 160.342987 71.880051 -1.000000
v 161.099594 71.214149 -1.000000
v 160.177536 72.176201 -1.000000
v 161.414352 71.087669 -1.000000
v 160.064529 72.496040 -1.000000
v 161.745972 71.016197 -1.000000
v 160.007202 72.830391 -1.000000
v 160.007202 73.169609 -1.000000
v 160.064529 73.503960 -1.000000
v 160.177536 73.823799 -1.000000
v 162.084885 71.001801 -1.000000
v 162.421356 71.044891 -1.000000
v 162.745712 71.144218 -1.000000
v 163.048615 71.296944 -1.000000
v 163.321350 71.498657 -1.000000
v 163.556076 71.743561 -1.000000
v 163.746033 72.024612 -1.000000
v 163.885757 72.333717 -1.000000
v 163.971237 72.661995 -1.000000
v 164.000000 73.000000 -1.000000
v 161.414352 74.912331 -1.000000
v 160.000000 77.000000 -1.000000
v 161.745972 74.983803 -1.000000
v 161.099594 74.785851 -1.000000
v 160.810730 74.607994 -1.000000
v 160.556091 74.383881 -1.000000
v 160.342987 74.119949 -1.000000
v 162.084885 74.998199 -1.000000
v 162.421356 74.955109 -1.000000
v 163.971237 73.338005 -1.000000
v 163.885757 73.666283 -1.000000
v 163.746033 73.975388 -1.000000
v 163.556076 74.256439 -1.000000
v 163.321350 74.501343 -1.000000
v 163.048615 74.703056 -1.000000
v 162.745712 74.855782 -1.000000
v 76.500000 13.000000 6.000000
v 76.477692 13.333218 6.000000
v 76.411171 13.660488 6.000000
v 76.301628 13.975973 6.000000
v 76.151001 14.274041 6.000000
v 75.961998 14.549375 6.000000
v 75.737984 14.797059 6.000000
v 75.482948 15.012675 6.000000
v 75.201454 15.192375 6.000000
v 74.898521 15.332952 6.000000
v 74.579552 15.431896 6.000000
v 74.250237 15.487445 6.000000
v 73.916466 15.498604 6.000000
v 73.584175 15.465176 6.000000
v 73.259308 15.387756 6.000000
v 72.947662 15.267727 6.000000
v 72.654793 15.107231 6.000000
v 72.385933 14.909130 6.000000
v 72.145866 14.676962 6.000000
v 71.938896 14.414867 6.000000
v 71.768700 14.127525 6.000000
v 71.638329 13.820062 6.000000
v 71.550095 13.497965 6.000000
v 71.505585 13.166982 6.000000
v 71.505585 12.833018 6.000000
v 71.550095 12.502035 6.000000
v 71.638329 12.179938 6.000000
v 71.768700 11.872475 6.000000
v 71.938896 11.585133 6.000000
v 72.145866 11.323038 6.000000
v 72.385933 11.090870 6.000000
v 72.654793 10.892769 6.000000
v 72.947662 10.732273 6.000000
v 73.259308 10.612244 6.000000
v 73.584175 10.534824 6.000000
v 73.916466 10.501396 6.000000
v 74.250237 10.512555 6.000000
v 74.579552 10.568104 6.000000
v 74.898521 10.667048 6.000000
v 75.201454 10.807625 6.000000
v 75.482948 10.987325 6.000000
v 75.737984 11.202941 6.000000
v 75.961998 11.450625 6.000000
v 76.151001 11.725959 6.000000
v 76.301628 12.024027 6.000000
v 76.411171 12.339512 6.000000
v 76.477692 12.666782 6.000000
v 96.949997 10.500000 1.000000
v 96.857018 11.265810 1.000000
v 96.583458 11.987114 1.000000
v 96.145233 12.621992 1.000000
v 95.567810 13.133549 1.000000
v 94.884735 13.492052 1.000000
v 94.135719 13.676668 1.000000
v 93.364281 13.676668 1.000000
v 92.615265 13.492052 1.000000
v 91.932190 13.133549 1.000000
v 91.354767 12.621992 1.000000
v 90.916542 11.987114 1.000000
v 90.642982 11.265810 1.000000
v 90.550003 10.500000 1.000000
v 90.642982 9.734190 1.000000
v 90.916542 9.012886 1.000000
v 91.354767 8.378008 1.000000
v 91.932190 7.866452 1.000000
v 92.615265 7.507948 1.000000
v 93.364281 7.323332 1.000000
v 94.135719 7.323332 1.000000
v 94.884735 7.507948 1.000000
v 95.567810 7.866452 1.000000
v 96.145233 8.378008 1.000000
v 96.583458 9.012886 1.000000
v 96.857018 9.734190 1.000000
v 156.199997 10.500000 1.000000
v 156.107010 11.265810 1.000000
v 155.833466 11.987114 1.000000
v 155.395233 12.621992 1.000000
v 154.817810 13.133549 1.000000
v 154.134735 13.492052 1.000000
v 153.385712 13.676668 1.000000
v 152.614288 13.676668 1.000000
v 151.865265 13.492052 1.000000
v 151.182190 13.133549 1.000000
v 150.604767 12.621992 1.000000
v 150.166534 11.987114 1.000000
v 149.892990 11.265810 1.000000
v 149.800003 10.500000 1.000000
v 149.892990 9.734190 1.000000
v 150.166534 9.012886 1.000000
v 150.604767 8.378008 1.000000
v 151.182190 7.866452 1.000000
v 151.865265 7.507948 1.000000
v 152.614288 7.323332 1.000000
v 153.385712 7.323332 1.000000
v 154.134735 7.507948 1.000000
v 154.817810 7.866452 1.000000
v 155.395233 8.378008 1.000000
v 155.833466 9.012886 1.000000
v 156.107010 9.734190 1.000000
v 96.949997 58.000000 1.000000
v 96.857018 58.765812 1.000000
v 96.583458 59.487114 1.000000
v 96.145233 60.121994 1.000000
v 95.567810 60.633549 1.000000
v 94.884735 60.992050 1.000000
v 94.135719 61.176670 1.000000
v 93.364281 61.176670 1.000000
v 92.615265 60.992050 1.000000
v 91.932190 60.633549 1.000000
v 91.354767 60.121994 1.000000
v 90.916542 59.487114 1.000000
v 90.642982 58.765812 1.000000
v 90.550003 58.000000 1.000000
v 90.642982 57.234188 1.000000
v 90.916542 56.512886 1.000000
v 91.354767 55.878006 1.000000
v 91.932190 55.366451 1.000000
v 92.615265 55.007950 1.000000
v 93.364281 54.823330 1.000000
v 94.135719 54.823330 1.000000
v 94.884735 55.007950 1.000000
v 95.567810 55.366451 1.000000
v 96.145233 55.878006 1.000000
v 96.583458 56.512886 1.000000
v 96.857018 57.234188 1.000000
v 156.199997 58.000000 1.000000
v 156.107010 58.765812 1.000000
v 155.833466 59.487114 1.000000
v 155.395233 60.121994 1.000000
v 154.817810 60.633549 1.000000
v 154.134735 60.992050 1.000000
v 153.385712 61.176670 1.000000
v 152.614288 61.176670 1.000000
v 151.865265 60.992050 1.000000
v 151.182190 60.633549 1.000000
v 150.604767 60.121994 1.000000
v 150.166534 59.487114 1.000000
v 149.892990 58.765812 1.000000
v 149.800003 58.000000 1.000000
v 149.892990 57.234188 1.000000
v 150.166534 56.512886 1.000000
v 150.604767 55.878006 1.000000
v 151.182190 55.366451 1.000000
v 151.865265 55.007950 1.000000
v 152.614288 54.823330 1.000000
v 153.385712 54.823330 1.000000
v 154.134735 55.007950 1.000000
v 154.817810 55.366451 1.000000
v 155.395233 55.878006 1.000000
v 155.833466 56.512886 1.000000
v 156.107010 57.234188 1.000000
v 4.863871 71.354034 1.000000
v 4.502978 71.673752 1.000000
v 4.229088 72.070557 1.000000
v 5.290790 71.129967 1.000000
v 4.058116 72.521370 1.000000
v 5.758927 71.014580 1.000000
v 4.000000 73.000000 1.000000
v 6.241073 71.014580 1.000000
v 4.058116 73.478630 1.000000
v 6.709210 71.129967 1.000000
v 4.229088 73.929443 1.000000
v 7.136129 71.354034 1.000000
v 4.502978 74.326248 1.000000
v 7.497022 71.673752 1.000000
v 7.770912 72.070557 1.000000
v 4.863871 74.645966 1.000000
v 5.290790 74.870033 1.000000
v 7.941884 72.521370 1.000000
v 5.758927 74.985420 1.000000
v 8.000000 73.000000 1.000000
v 6.241073 74.985420 1.000000
v 6.709210 74.870033 1.000000
v 7.941884 73.478630 1.000000
v 7.770912 73.929443 1.000000
v 7.136129 74.645966 1.000000
v 7.497022 74.326248 1.000000
v 159.334946 70.731201 3.000000
v 159.646942 70.409027 3.000000
v 159.997589 70.129395 3.000000
v 159.066696 71.090630 3.000000
v 160.381119 69.896904 3.000000
v 158.846603 71.481407 3.000000
v 160.791229 69.715363 3.000000
v 158.678299 71.897118 3.000000
v 161.221176 69.587753 3.000000
v 158.564545 72.330948 3.000000
v 161.663925 69.516174 3.000000
v 158.507187 72.775757 3.000000
v 158.507187 73.224243 3.000000
v 158.564545 73.669052 3.000000
v 158.678299 74.102882 3.000000
v 162.112183 69.501801 3.000000
v 162.558594 69.544861 3.000000
v 162.995850 69.644661 3.000000
v 163.416748 69.799553 3.000000
v 158.846603 74.518593 3.000000
v 163.814377 70.007004 3.000000
v 159.066696 74.909370 3.000000
v 164.182220 70.263588 3.000000
v 166.000000 69.000000 3.000000
v 164.514221 70.565109 3.000000
v 164.804947 70.906616 3.000000
v 165.049622 71.282486 3.000000
v 165.244202 71.686569 3.000000
v 160.000000 77.000000 3.000000
v 159.997589 75.870605 3.000000
v 160.381119 76.103096 3.000000
v 159.646942 75.590973 3.000000
v 159.334946 75.268799 3.000000
v 160.791229 76.284637 3.000000
v 165.385529 72.112206 3.000000
v 161.221176 76.412247 3.000000
v 165.471268 72.552429 3.000000
v 161.663925 76.483826 3.000000
v 165.500000 73.000000 3.000000
v 162.112183 76.498199 3.000000
v 166.000000 77.000000 3.000000
v 165.471268 73.447571 3.000000
v 165.385529 73.887794 3.000000
v 165.244202 74.313431 3.000000
v 165.049622 74.717514 3.000000
v 164.804947 75.093384 3.000000
v 164.514221 75.434891 3.000000
v 164.182220 75.736412 3.000000
v 163.814377 75.992996 3.000000
v 163.416748 76.200447 3.000000
v 162.995850 76.355339 3.000000
v 162.558594 76.455139 3.000000
v 128.000000 73.500000 14.500000
v 128.000000 76.000000 12.488571
v 128.000000 75.000000 14.500000
v 128.000000 76.000000 15.500000
v 128.000000 73.500000 19.000000
v 128.000000 76.000000 21.000000
v 128.000000 76.000000 18.000000
v 128.000000 75.000000 19.000000
v 132.000000 76.000000 21.000000
v 132.000000 66.000000 22.000000
v 46.000000 66.000000 20.000000
v 125.000000 66.000000 22.000000
v 46.000000 66.000000 21.248850
v 124.000000 66.000000 22.000000
v 50.810665 61.000000 26.981977
v 46.630291 66.000000 22.000000
v 46.630291 65.180374 22.000000
v 57.119034 69.000000 34.500000
v 57.119034 61.000000 34.500000
v 57.727741 69.000000 26.208065
v 57.005959 69.000000 26.847509
v 56.458176 69.000000 27.641108
v 58.581581 69.000000 25.759935
v 56.116234 69.000000 28.542738
v 59.517853 69.000000 25.529165
v 56.000000 69.000000 29.500000
v 60.482147 69.000000 25.529165
v 56.116234 69.000000 30.457262
v 57.727741 69.000000 32.791935
v 57.005959 69.000000 32.152493
v 56.458176 69.000000 31.358892
v 58.581581 69.000000 33.240067
v 59.517853 69.000000 33.470837
v 60.482147 69.000000 33.470837
v 61.418419 69.000000 33.240067
v 80.727737 69.000000 26.208065
v 62.272259 69.000000 26.208065
v 62.994041 69.000000 26.847509
v 80.005959 69.000000 26.847509
v 79.458176 69.000000 27.641108
v 63.541824 69.000000 27.641108
v 63.883766 69.000000 28.542738
v 81.581581 69.000000 25.759935
v 61.418419 69.000000 25.759935
v 79.116234 69.000000 28.542738
v 82.517853 69.000000 25.529165
v 79.000000 69.000000 29.500000
v 64.000000 69.000000 29.500000
v 79.116234 69.000000 30.457262
v 63.883766 69.000000 30.457262
v 79.458176 69.000000 31.358892
v 63.541824 69.000000 31.358892
v 80.005959 69.000000 32.152493
v 62.994041 69.000000 32.152493
v 62.272259 69.000000 32.791935
v 80.727737 69.000000 32.791935
v 81.581581 69.000000 33.240067
v 82.517853 69.000000 33.470837
v 103.005959 69.000000 26.847509
v 85.994041 69.000000 26.847509
v 86.541824 69.000000 27.641108
v 103.727737 69.000000 26.208065
v 85.272263 69.000000 26.208065
v 102.458176 69.000000 27.641108
v 104.581581 69.000000 25.759935
v 84.418419 69.000000 25.759935
v 102.116234 69.000000 28.542738
v 86.883766 69.000000 28.542738
v 105.517853 69.000000 25.529165
v 83.482147 69.000000 25.529165
v 102.000000 69.000000 29.500000
v 87.000000 69.000000 29.500000
v 102.116234 69.000000 30.457262
v 86.883766 69.000000 30.457262
v 86.541824 69.000000 31.358892
v 102.458176 69.000000 31.358892
v 103.005959 69.000000 32.152493
v 85.994041 69.000000 32.152493
v 103.727737 69.000000 32.791935
v 85.272263 69.000000 32.791935
v 84.418419 69.000000 33.240067
v 104.581581 69.000000 33.240067
v 105.517853 69.000000 33.470837
v 83.482147 69.000000 33.470837
v 110.103081 69.000000 34.500000
v 109.883766 69.000000 30.457262
v 109.541824 69.000000 31.358892
v 108.994041 69.000000 32.152493
v 108.272263 69.000000 32.791935
v 107.418419 69.000000 33.240067
v 106.482147 69.000000 33.470837
v 106.482147 69.000000 25.529165
v 107.418419 69.000000 25.759935
v 108.272263 69.000000 26.208065
v 108.994041 69.000000 26.847509
v 124.000000 69.000000 22.839100
v 110.000000 69.000000 29.500000
v 109.541824 69.000000 27.641108
v 109.883766 69.000000 28.542738
v 31.883768 65.000000 15.957263
v 31.541824 65.000000 16.858892
v 30.994043 65.000000 17.652491
v 30.272259 65.000000 18.291935
v 29.418419 65.000000 18.740065
v 28.482147 65.000000 18.970835
v 27.517853 65.000000 18.970835
v 26.581581 65.000000 18.740065
v 25.727741 65.000000 18.291935
v 25.005957 65.000000 17.652491
v 24.458176 65.000000 16.858892
v 24.116232 65.000000 15.957263
v 24.000000 65.000000 15.000000
v 24.116232 65.000000 14.042737
v 24.458176 65.000000 13.141108
v 25.005957 65.000000 12.347509
v 25.727741 65.000000 11.708064
v 26.581581 65.000000 11.259935
v 27.517853 65.000000 11.029164
v 28.482147 65.000000 11.029164
v 29.418419 65.000000 11.259935
v 30.272259 65.000000 11.708064
v 30.994043 65.000000 12.347509
v 31.541824 65.000000 13.141108
v 31.883768 65.000000 14.042737
v 113.000000 66.000000 16.000000
v 112.912827 66.000000 16.717947
v 112.656364 66.000000 17.394169
v 112.245529 66.000000 17.989368
v 111.704193 66.000000 18.468952
v 111.063812 66.000000 18.805048
v 110.361610 66.000000 18.978127
v 109.638390 66.000000 18.978127
v 108.936188 66.000000 18.805048
v 108.295807 66.000000 18.468952
v 107.754471 66.000000 17.989368
v 107.343636 66.000000 17.394169
v 107.087173 66.000000 16.717947
v 107.000000 66.000000 16.000000
v 107.087173 66.000000 15.282053
v 107.343636 66.000000 14.605830
v 107.754471 66.000000 14.010632
v 108.295807 66.000000 13.531049
v 108.936188 66.000000 13.194951
v 109.638390 66.000000 13.021873
v 110.361610 66.000000 13.021873
v 111.063812 66.000000 13.194951
v 111.704193 66.000000 13.531049
v 112.245529 66.000000 14.010632
v 112.656364 66.000000 14.605830
v 112.912827 66.000000 15.282053
v 132.000000 73.500000 14.500000
v 132.000000 76.000000 12.488571
v 132.000000 75.000000 14.500000
v 132.000000 76.000000 15.500000
v 132.000000 73.500000 19.000000
v 132.000000 76.000000 18.000000
v 132.000000 75.000000 19.000000
v 132.000000 3.000000 22.000000
v 46.000000 3.000000 20.000000
v 46.630291 3.000000 22.000000
v 46.000000 3.000000 21.248850
v 95.000000 3.000000 6.000000
v 108.295807 3.000000 13.531049
v 107.754471 3.000000 14.010632
v 107.343636 3.000000 14.605830
v 108.936188 3.000000 13.194951
v 107.087173 3.000000 15.282053
v 107.000000 3.000000 16.000000
v 107.087173 3.000000 16.717947
v 107.343636 3.000000 17.394169
v 107.754471 3.000000 17.989368
v 108.295807 3.000000 18.468952
v 108.936188 3.000000 18.805048
v 125.000000 3.000000 6.000000
v 111.063812 3.000000 13.194951
v 111.704193 3.000000 13.531049
v 112.245529 3.000000 14.010632
v 112.656364 3.000000 14.605830
v 112.912827 3.000000 15.282053
v 124.000000 3.000000 22.000000
v 113.000000 3.000000 16.000000
v 112.912827 3.000000 16.717947
v 112.656364 3.000000 17.394169
v 112.245529 3.000000 17.989368
v 111.704193 3.000000 18.468952
v 111.063812 3.000000 18.805048
v 110.361610 3.000000 18.978127
v 109.638390 3.000000 18.978127
v 125.000000 3.000000 22.000000
v 110.361610 3.000000 13.021873
v 109.638390 3.000000 13.021873
v 125.000000 5.000000 4.000000
v 95.000000 5.000000 4.000000
v 95.000000 66.000000 6.000000
v 125.000000 66.000000 6.000000
v 95.000000 64.000000 4.000000
v 125.000000 64.000000 4.000000
v 164.000000 39.500000 3.100000
v 164.000000 65.872284 1.000000
v 164.000000 60.127720 1.000000
v 164.000000 69.000000 3.100000
v 163.855362 65.967766 1.000000
v 163.706177 66.055977 1.000000
v 163.552795 66.136688 1.000000
v 163.395615 66.209709 1.000000
v 163.235016 66.274864 1.000000
v 163.071381 66.331985 1.000000
v 162.905121 66.380936 1.000000
v 162.736649 66.421600 1.000000
v 162.566360 66.453873 1.000000
v 162.394684 66.477676 1.000000
v 162.222046 66.492950 1.000000
v 162.048859 66.499657 1.000000
v 161.875565 66.497787 1.000000
v 161.702560 66.487335 1.000000
v 161.530289 66.468338 1.000000
v 161.359177 66.440834 1.000000
v 161.189621 66.404892 1.000000
v 161.022064 66.360603 1.000000
v 160.856903 66.308067 1.000000
v 160.694534 66.247429 1.000000
v 160.535385 66.178818 1.000000
v 160.379822 66.102417 1.000000
v 160.228226 66.018410 1.000000
v 160.080978 65.927002 1.000000
v 159.938431 65.828415 1.000000
v 159.800934 65.722893 1.000000
v 159.668839 65.610687 1.000000
v 159.542465 65.492088 1.000000
v 159.422104 65.367378 1.000000
v 159.308075 65.236862 1.000000
v 159.200638 65.100861 1.000000
v 159.100082 64.959702 1.000000
v 159.006622 64.813744 1.000000
v 158.920502 64.663338 1.000000
v 158.841934 64.508858 1.000000
v 158.771118 64.350670 1.000000
v 158.708206 64.189171 1.000000
v 158.653381 64.024757 1.000000
v 158.606750 63.857834 1.000000
v 158.568451 63.688805 1.000000
v 158.538559 63.518089 1.000000
v 158.517151 63.346100 1.000000
v 158.504288 63.173264 1.000000
v 158.500000 63.000000 1.000000
v 158.504288 62.826736 1.000000
v 158.517151 62.653900 1.000000
v 158.538559 62.481911 1.000000
v 158.568451 62.311195 1.000000
v 158.606750 62.142166 1.000000
v 158.653381 61.975239 1.000000
v 158.708206 61.810825 1.000000
v 158.771118 61.649330 1.000000
v 158.841934 61.491146 1.000000
v 158.920502 61.336658 1.000000
v 159.006622 61.186253 1.000000
v 159.100082 61.040295 1.000000
v 159.200638 60.899139 1.000000
v 159.308075 60.763138 1.000000
v 159.422104 60.632622 1.000000
v 159.542465 60.507912 1.000000
v 159.668839 60.389309 1.000000
v 159.800934 60.277111 1.000000
v 159.938431 60.171589 1.000000
v 160.080978 60.072998 1.000000
v 160.228226 59.981590 1.000000
v 160.379822 59.897583 1.000000
v 160.535385 59.821182 1.000000
v 160.694534 59.752575 1.000000
v 160.856903 59.691933 1.000000
v 161.022064 59.639400 1.000000
v 161.189621 59.595108 1.000000
v 161.359177 59.559166 1.000000
v 161.530289 59.531662 1.000000
v 161.702560 59.512661 1.000000
v 161.875565 59.502213 1.000000
v 162.048859 59.500340 1.000000
v 162.222046 59.507050 1.000000
v 162.394684 59.522324 1.000000
v 162.566360 59.546127 1.000000
v 162.736649 59.578400 1.000000
v 162.905121 59.619061 1.000000
v 163.071381 59.668015 1.000000
v 163.235016 59.725136 1.000000
v 163.395615 59.790287 1.000000
v 163.552795 59.863312 1.000000
v 163.706177 59.944027 1.000000
v 163.855362 60.032234 1.000000
v 164.000000 0.000000 3.100000
v 164.000000 29.500000 3.100000
v 159.334946 -6.268799 3.000000
v 160.000000 -8.000000 3.000000
v 159.646942 -6.590973 3.000000
v 159.997589 -6.870603 3.000000
v 159.066696 -5.909372 3.000000
v 160.381119 -7.103097 3.000000
v 158.846603 -5.518593 3.000000
v 160.791229 -7.284639 3.000000
v 158.678299 -5.102879 3.000000
v 161.221176 -7.412248 3.000000
v 158.564545 -4.669055 3.000000
v 161.663925 -7.483827 3.000000
v 158.507187 -4.224246 3.000000
v 162.112183 -7.498202 3.000000
v 158.507187 -3.775754 3.000000
v 158.564545 -3.330945 3.000000
v 158.678299 -2.897121 3.000000
v 158.846603 -2.481407 3.000000
v 159.066696 -2.090628 3.000000
v 159.334946 -1.731201 3.000000
v 166.000000 -8.000000 3.000000
v 162.558594 -7.455136 3.000000
v 162.995850 -7.355338 3.000000
v 163.416748 -7.200444 3.000000
v 163.814377 -6.993000 3.000000
v 164.182220 -6.736410 3.000000
v 164.514221 -6.434889 3.000000
v 159.646942 -1.409027 3.000000
v 164.804947 -6.093387 3.000000
v 159.997589 -1.129397 3.000000
v 165.049622 -5.717512 3.000000
v 160.381119 -0.896902 3.000000
v 165.244202 -5.313435 3.000000
v 160.791229 -0.715361 3.000000
v 165.385529 -4.887791 3.000000
v 165.471268 -4.447570 3.000000
v 165.500000 -4.000000 3.000000
v 163.814377 -1.007000 3.000000
v 164.182220 -1.263590 3.000000
v 163.416748 -0.799556 3.000000
v 162.995850 -0.644662 3.000000
v 162.558594 -0.544864 3.000000
v 162.112183 -0.501798 3.000000
v 166.000000 0.000000 3.000000
v 165.471268 -3.552430 3.000000
v 165.385529 -3.112209 3.000000
v 165.244202 -2.686565 3.000000
v 165.049622 -2.282489 3.000000
v 164.804947 -1.906613 3.000000
v 164.514221 -1.565111 3.000000
v 161.663925 -0.516173 3.000000
v 161.221176 -0.587752 3.000000
v 25.005957 4.000000 12.347509
v 25.727741 4.000000 11.708064
v 24.458176 4.000000 13.141108
v 26.581581 4.000000 11.259935
v 24.116232 4.000000 14.042737
v 27.517853 4.000000 11.029164
v 24.116232 4.000000 15.957263
v 24.000000 4.000000 15.000000
v 28.482147 4.000000 11.029164
v 29.418419 4.000000 11.259935
v 24.458176 4.000000 16.858892
v 30.272259 4.000000 11.708064
v 25.005957 4.000000 17.652491
v 30.994043 4.000000 12.347509
v 25.727741 4.000000 18.291935
v 31.541824 4.000000 13.141108
v 26.581581 4.000000 18.740065
v 31.883768 4.000000 14.042737
v 27.517853 4.000000 18.970835
v 28.482147 4.000000 18.970835
v 31.883768 4.000000 15.957263
v 29.418419 4.000000 18.740065
v 31.541824 4.000000 16.858892
v 30.272259 4.000000 18.291935
v 30.994043 4.000000 17.652491
v 128.000000 -4.500000 14.500000
v 128.000000 -7.000000 12.488571
v 128.000000 -6.000000 14.500000
v 128.000000 -7.000000 15.500000
v 128.000000 -4.500000 19.000000
v 128.000000 -7.000000 18.000000
v 128.000000 -7.000000 21.000000
v 128.000000 -6.000000 19.000000
v 132.000000 -7.000000 21.000000
v 50.810665 8.000000 26.981977
v 46.630291 3.819624 22.000000
v 57.119034 0.000000 34.500000
v 57.119034 8.000000 34.500000
v 57.727741 0.000000 26.208065
v 57.005959 0.000000 26.847509
v 56.458176 0.000000 27.641108
v 58.581581 0.000000 25.759935
v 56.116234 0.000000 28.542738
v 59.517853 0.000000 25.529165
v 56.000000 0.000000 29.500000
v 60.482147 0.000000 25.529165
v 56.116234 0.000000 30.457262
v 57.727741 0.000000 32.791935
v 57.005959 0.000000 32.152493
v 56.458176 0.000000 31.358892
v 58.581581 0.000000 33.240067
v 59.517853 0.000000 33.470837
v 60.482147 0.000000 33.470837
v 61.418419 0.000000 33.240067
v 62.994041 0.000000 26.847509
v 80.727737 0.000000 26.208065
v 80.005959 0.000000 26.847509
v 62.272259 0.000000 26.208065
v 79.458176 0.000000 27.641108
v 63.541824 0.000000 27.641108
v 63.883766 0.000000 28.542738
v 61.418419 0.000000 25.759935
v 81.581581 0.000000 25.759935
v 79.116234 0.000000 28.542738
v 82.517853 0.000000 25.529165
v 79.000000 0.000000 29.500000
v 64.000000 0.000000 29.500000
v 79.116234 0.000000 30.457262
v 63.883766 0.000000 30.457262
v 79.458176 0.000000 31.358892
v 63.541824 0.000000 31.358892
v 80.005959 0.000000 32.152493
v 62.994041 0.000000 32.152493
v 62.272259 0.000000 32.791935
v 80.727737 0.000000 32.791935
v 81.581581 0.000000 33.240067
v 82.517853 0.000000 33.470837
v 85.272263 0.000000 26.208065
v 103.727737 0.000000 26.208065
v 85.994041 0.000000 26.847509
v 103.005959 0.000000 26.847509
v 102.458176 0.000000 27.641108
v 86.541824 0.000000 27.641108
v 84.418419 0.000000 25.759935
v 104.581581 0.000000 25.759935
v 102.116234 0.000000 28.542738
v 86.883766 0.000000 28.542738
v 83.482147 0.000000 25.529165
v 105.517853 0.000000 25.529165
v 102.000000 0.000000 29.500000
v 87.000000 0.000000 29.500000
v 102.116234 0.000000 30.457262
v 86.883766 0.000000 30.457262
v 102.458176 0.000000 31.358892
v 86.541824 0.000000 31.358892
v 103.005959 0.000000 32.152493
v 85.994041 0.000000 32.152493
v 103.727737 0.000000 32.791935
v 85.272263 0.000000 32.791935
v 104.581581 0.000000 33.240067
v 84.418419 0.000000 33.240067
v 105.517853 0.000000 33.470837
v 83.482147 0.000000 33.470837
v 110.103081 0.000000 34.500000
v 109.883766 0.000000 30.457262
v 109.541824 0.000000 31.358892
v 108.994041 0.000000 32.152493
v 108.272263 0.000000 32.791935
v 107.418419 0.000000 33.240067
v 106.482147 0.000000 33.470837
v 106.482147 0.000000 25.529165
v 107.418419 0.000000 25.759935
v 108.272263 0.000000 26.208065
v 108.994041 0.000000 26.847509
v 124.000000 0.000000 22.839100
v 110.000000 0.000000 29.500000
v 109.541824 0.000000 27.641108
v 109.883766 0.000000 28.542738
v 132.000000 -4.500000 14.500000
v 132.000000 -7.000000 12.488571
v 132.000000 -6.000000 14.500000
v 132.000000 -7.000000 15.500000
v 132.000000 -4.500000 19.000000
v 132.000000 -7.000000 18.000000
v 132.000000 -6.000000 19.000000
v 4.863871 -5.645968 1.000000
v 4.502978 -5.326245 1.000000
v 4.229088 -4.929446 1.000000
v 5.290790 -5.870032 1.000000
v 4.058116 -4.478631 1.000000
v 5.758927 -5.985418 1.000000
v 4.000000 -4.000000 1.000000
v 6.241073 -5.985418 1.000000
v 4.058116 -3.521369 1.000000
v 6.709210 -5.870032 1.000000
v 4.229088 -3.070554 1.000000
v 7.136129 -5.645968 1.000000
v 4.502978 -2.673755 1.000000
v 7.497022 -5.326245 1.000000
v 4.863871 -2.354032 1.000000
v 7.770912 -4.929446 1.000000
v 5.290790 -2.129967 1.000000
v 7.941884 -4.478631 1.000000
v 5.758927 -2.014582 1.000000
v 6.241073 -2.014582 1.000000
v 7.941884 -3.521369 1.000000
v 8.000000 -4.000000 1.000000
v 6.709210 -2.129967 1.000000
v 7.770912 -3.070554 1.000000
v 7.136129 -2.354032 1.000000
v 7.497022 -2.673755 1.000000
v -3.000000 78.531052 7.704194
v -3.000000 79.010635 8.245532
v -3.000000 79.605827 8.656368
v -3.000000 78.194954 7.063815
v -3.000000 80.282051 8.912826
v -3.000000 78.021873 6.361610
v -3.000000 81.000000 9.000000
v -3.000000 78.021873 5.638390
v -3.000000 81.717949 8.912826
v -3.000000 78.194954 4.936185
v -3.000000 82.394173 8.656368
v -3.000000 78.531052 4.295806
v -3.000000 82.989365 8.245532
v -3.000000 79.010635 3.754468
v -3.000000 83.468948 7.704194
v -3.000000 79.605827 3.343632
v -3.000000 80.282051 3.087175
v -3.000000 83.805046 7.063815
v -3.000000 83.978127 6.361610
v -3.000000 83.978127 5.638390
v -3.000000 81.717949 3.087175
v -3.000000 81.000000 3.000000
v -3.000000 82.394173 3.343632
v -3.000000 83.805046 4.936185
v -3.000000 83.468948 4.295806
v -3.000000 82.989365 3.754468
v -3.000000 -14.468951 7.704194
v -3.000000 -13.989368 8.245532
v -3.000000 -13.394170 8.656368
v -3.000000 -14.805049 7.063815
v -3.000000 -12.717947 8.912826
v -3.000000 -14.978127 6.361610
v -3.000000 -12.000000 9.000000
v -3.000000 -14.978127 5.638390
v -3.000000 -11.282053 8.912826
v -3.000000 -14.805049 4.936185
v -3.000000 -10.605830 8.656368
v -3.000000 -14.468951 4.295806
v -3.000000 -10.010632 8.245532
v -3.000000 -13.989368 3.754468
v -3.000000 -13.394170 3.343632
v -3.000000 -9.531049 7.704194
v -3.000000 -9.194951 7.063815
v -3.000000 -9.021873 6.361610
v -3.000000 -12.717947 3.087175
v -3.000000 -9.021873 5.638390
v -3.000000 -11.282053 3.087175
v -3.000000 -12.000000 3.000000
v -3.000000 -10.605830 3.343632
v -3.000000 -9.194951 4.936185
v -3.000000 -9.531049 4.295806
v -3.000000 -10.010632 3.754468
v -4.000000 78.347511 8.994043
v -4.000000 77.708061 8.272259
v -4.000000 79.141106 9.541824
v -4.000000 77.259933 7.418419
v -4.000000 80.042740 9.883767
v -4.000000 77.029167 6.482147
v -4.000000 81.000000 10.000000
v -4.000000 77.029167 5.517853
v -4.000000 81.957260 9.883767
v -4.000000 77.259933 4.581581
v -4.000000 82.858894 9.541824
v -4.000000 77.708061 3.727741
v -4.000000 83.652489 8.994043
v -4.000000 78.347511 3.005957
v -4.000000 84.291939 8.272259
v -4.000000 79.141106 2.458176
v -4.000000 84.740067 7.418419
v -4.000000 80.042740 2.116233
v -4.000000 84.970833 6.482147
v -4.000000 81.957260 2.116233
v -4.000000 81.000000 2.000000
v -4.000000 84.970833 5.517853
v -4.000000 84.740067 4.581581
v -4.000000 82.858894 2.458176
v -4.000000 84.291939 3.727741
v -4.000000 83.652489 3.005957
v -4.000000 -14.652491 8.994043
v -4.000000 -15.291936 8.272259
v -4.000000 -13.858892 9.541824
v -4.000000 -15.740065 7.418419
v -4.000000 -12.957263 9.883767
v -4.000000 -15.970836 6.482147
v -4.000000 -12.000000 10.000000
v -4.000000 -15.970836 5.517853
v -4.000000 -11.042737 9.883767
v -4.000000 -15.740065 4.581581
v -4.000000 -10.141108 9.541824
v -4.000000 -15.291936 3.727741
v -4.000000 -9.347509 8.994043
v -4.000000 -14.652491 3.005957
v -4.000000 -8.708064 8.272259
v -4.000000 -13.858892 2.458176
v -4.000000 -8.259935 7.418419
v -4.000000 -12.957263 2.116233
v -4.000000 -8.029164 6.482147
v -4.000000 -11.042737 2.116233
v -4.000000 -12.000000 2.000000
v -4.000000 -8.029164 5.517853
v -4.000000 -8.259935 4.581581
v -4.000000 -10.141108 2.458176
v -4.000000 -8.708064 3.727741
v -4.000000 -9.347509 3.005957
v 164.000000 -4.000000 1.000000
v 163.971237 -3.661998 1.000000
v 163.885757 -3.333720 1.000000
v 163.746033 -3.024610 1.000000
v 163.556076 -2.743560 1.000000
v 163.321350 -2.498655 1.000000
v 163.048615 -2.296942 1.000000
v 162.745712 -2.144222 1.000000
v 162.421356 -2.044889 1.000000
v 162.084885 -2.001802 1.000000
v 161.745972 -2.016199 1.000000
v 161.414352 -2.087667 1.000000
v 161.099594 -2.214148 1.000000
v 160.810730 -2.392006 1.000000
v 160.556091 -2.616122 1.000000
v 160.342987 -2.880050 1.000000
v 160.177536 -3.176198 1.000000
v 160.064529 -3.496044 1.000000
v 160.007202 -3.830388 1.000000
v 160.007202 -4.169612 1.000000
v 160.064529 -4.503956 1.000000
v 160.177536 -4.823802 1.000000
v 160.342987 -5.119949 1.000000
v 160.556091 -5.383878 1.000000
v 160.810730 -5.607994 1.000000
v 161.099594 -5.785851 1.000000
v 161.414352 -5.912333 1.000000
v 161.745972 -5.983801 1.000000
v 162.084885 -5.998198 1.000000
v 162.421356 -5.955111 1.000000
v 162.745712 -5.855778 1.000000
v 163.048615 -5.703058 1.000000
v 163.321350 -5.501345 1.000000
v 163.556076 -5.256440 1.000000
v 163.746033 -4.975390 1.000000
v 163.885757 -4.666280 1.000000
v 163.971237 -4.338002 1.000000
v 169.000000 -16.937902 2.591612
v 169.000000 -21.000000 3.000000
v 169.000000 -15.978736 1.508935
v 169.000000 -14.788339 0.687264
v 169.000000 -17.610098 3.872371
v 169.000000 -13.435894 0.174349
v 169.000000 -17.956253 5.276780
v 169.000000 -12.000000 0.000000
v 169.000000 -17.956253 6.723220
v 169.000000 -21.000000 9.000000
v 169.000000 -10.564106 0.174349
v 169.000000 -17.610098 8.127629
v 169.000000 -16.937902 9.408388
v 169.000000 -15.978736 10.491064
v 169.000000 -17.000000 13.000000
v 169.000000 -14.788339 11.312737
v 169.000000 -13.435894 11.825651
v 169.000000 -12.000000 12.000000
v 169.000000 -10.564106 11.825651
v 169.000000 -6.389903 3.872371
v 169.000000 -1.020500 5.295600
v 169.000000 -6.043747 5.276780
v 169.000000 -0.822272 5.071846
v 169.000000 -7.062097 2.591612
v 169.000000 -0.576257 4.902035
v 169.000000 -1.159420 5.560290
v 169.000000 -8.021264 1.508935
v 169.000000 -0.296751 4.796032
v 169.000000 -1.230959 5.850534
v 169.000000 0.000000 4.760000
v 169.000000 -1.230959 6.149466
v 169.000000 -6.043747 6.723220
v 169.000000 -1.159420 6.439710
v 169.000000 -1.020500 6.704400
v 169.000000 -6.389903 8.127629
v 169.000000 -0.822272 6.928154
v 169.000000 -0.576257 7.097965
v 169.000000 -7.062097 9.408388
v 169.000000 -0.296751 7.203968
v 169.000000 -8.021264 10.491064
v 169.000000 0.000000 7.240000
v 169.000000 0.296751 7.203968
v 169.000000 4.000000 4.000000
v 169.000000 -9.211661 0.687264
v 169.000000 1.159420 5.560290
v 169.000000 1.230959 5.850534
v 169.000000 1.020500 5.295600
v 169.000000 0.822272 5.071846
v 169.000000 0.576257 4.902035
v 169.000000 0.296751 4.796032
v 169.000000 4.000000 7.000000
v 169.000000 -9.211661 11.312737
v 169.000000 0.576257 7.097965
v 169.000000 0.822272 6.928154
v 169.000000 1.020500 6.704400
v 169.000000 1.159420 6.439710
v 169.000000 1.230959 6.149466
v 169.000000 20.000000 4.000000
v 169.000000 29.500000 3.000000
v 169.000000 20.000000 7.000000
v 169.000000 29.500000 11.000000
v 169.000000 39.500000 3.000000
v 169.000000 49.000000 7.000000
v 169.000000 39.500000 11.000000
v 169.000000 49.000000 4.000000
v 169.000000 65.000000 7.000000
v 169.000000 68.177727 5.071846
v 169.000000 67.979500 5.295600
v 169.000000 65.000000 4.000000
v 169.000000 68.423744 4.902035
v 169.000000 67.840576 5.560290
v 169.000000 68.703247 4.796032
v 169.000000 67.769043 5.850534
v 169.000000 69.000000 4.760000
v 169.000000 67.769043 6.149466
v 169.000000 67.840576 6.439710
v 169.000000 67.979500 6.704400
v 169.000000 68.177727 6.928154
v 169.000000 68.423744 7.097965
v 169.000000 68.703247 7.203968
v 169.000000 77.021263 1.508935
v 169.000000 69.296753 4.796032
v 169.000000 76.062096 2.591612
v 169.000000 69.576256 4.902035
v 169.000000 78.211662 0.687264
v 169.000000 75.389900 3.872371
v 169.000000 69.822273 5.071846
v 169.000000 70.020500 5.295600
v 169.000000 79.564110 0.174349
v 169.000000 75.043747 5.276780
v 169.000000 70.159424 5.560290
v 169.000000 70.230957 5.850534
v 169.000000 75.043747 6.723220
v 169.000000 70.159424 6.439710
v 169.000000 70.020500 6.704400
v 169.000000 70.230957 6.149466
v 169.000000 75.389900 8.127629
v 169.000000 69.822273 6.928154
v 169.000000 69.576256 7.097965
v 169.000000 82.435890 0.174349
v 169.000000 83.788338 0.687264
v 169.000000 81.000000 0.000000
v 169.000000 76.062096 9.408388
v 169.000000 69.296753 7.203968
v 169.000000 84.978737 1.508935
v 169.000000 77.021263 10.491064
v 169.000000 69.000000 7.240000
v 169.000000 85.937904 2.591612
v 169.000000 78.211662 11.312737
v 169.000000 79.564110 11.825651
v 169.000000 86.610100 3.872371
v 169.000000 90.000000 3.000000
v 169.000000 86.956253 5.276780
v 169.000000 86.956253 6.723220
v 169.000000 81.000000 12.000000
v 169.000000 86.000000 13.000000
v 169.000000 82.435890 11.825651
v 169.000000 83.788338 11.312737
v 169.000000 84.978737 10.491064
v 169.000000 85.937904 9.408388
v 169.000000 86.610100 8.127629
v 169.000000 90.000000 9.000000
v 166.000000 90.000000 3.000000
v 166.000000 -15.385717 2.320745
v 166.000000 -15.563940 2.493102
v 166.000000 -15.733399 2.674083
v 166.000000 -15.199169 2.157434
v 166.000000 -15.893680 2.863241
v 166.000000 -15.004755 2.003571
v 166.000000 -16.044386 3.060112
v 166.000000 -21.000000 3.000000
v 166.000000 -14.802954 1.859535
v 166.000000 -16.185148 3.264211
v 166.000000 -14.594259 1.725679
v 166.000000 -16.315619 3.475038
v 166.000000 -14.379187 1.602333
v 166.000000 -16.435478 3.692072
v 166.000000 -14.158263 1.489801
v 166.000000 -16.544432 3.914782
v 166.000000 -13.932034 1.388358
v 166.000000 -16.642212 4.142619
v 166.000000 -13.701054 1.298254
v 166.000000 -16.728579 4.375022
v 166.000000 -13.465891 1.219711
v 166.000000 -16.803316 4.611422
v 166.000000 -13.227124 1.152922
v 166.000000 -16.866245 4.851235
v 166.000000 -12.985340 1.098051
v 166.000000 -16.917208 5.093874
v 166.000000 -12.741133 1.055233
v 166.000000 -16.956081 5.338740
v 166.000000 -12.495103 1.024573
v 166.000000 -16.982767 5.585232
v 166.000000 -12.247856 1.006147
v 166.000000 -16.997202 5.832744
v 166.000000 -16.999350 6.080667
v 166.000000 -21.000000 9.000000
v 166.000000 -16.989204 6.328392
v 166.000000 -16.966791 6.575309
v 166.000000 -16.932167 6.820812
v 166.000000 -16.885414 7.064296
v 166.000000 -16.826649 7.305164
v 166.000000 -16.756018 7.542822
v 166.000000 -10.556685 1.212846
v 166.000000 -10.324860 1.288959
v 166.000000 -10.791948 1.148133
v 166.000000 -11.030088 1.094975
v 166.000000 -11.270537 1.053498
v 166.000000 -11.512725 1.023800
v 166.000000 -11.756072 1.005954
v 166.000000 -12.000000 1.000000
v 166.000000 -16.673691 7.776688
v 166.000000 -10.097023 1.376292
v 166.000000 -16.579872 8.006184
v 166.000000 -9.873718 1.474635
v 166.000000 -16.474792 8.230747
v 166.000000 -9.655478 1.583756
v 166.000000 -16.358709 8.449826
v 166.000000 -9.442820 1.703393
v 166.000000 -16.231911 8.662881
v 166.000000 -9.236252 1.833263
v 166.000000 -16.094706 8.869389
v 166.000000 -9.036265 1.973056
v 166.000000 -8.843338 2.122438
v 166.000000 -8.657928 2.281055
v 166.000000 -8.480475 2.448529
v 166.000000 -8.311405 2.624460
v 166.000000 -8.151120 2.808430
v 166.000000 -17.000000 13.000000
v 166.000000 -15.947433 9.068840
v 166.000000 -15.790453 9.260746
v 166.000000 -15.624153 9.444635
v 166.000000 -15.448943 9.620054
v 166.000000 -15.265252 9.786572
v 166.000000 -15.073533 9.943779
v 166.000000 -14.874256 10.091290
v 166.000000 -14.667912 10.228741
v 166.000000 -14.455009 10.355793
v 166.000000 -14.236068 10.472136
v 166.000000 -14.011629 10.577482
v 166.000000 -13.782245 10.671574
v 166.000000 -13.548478 10.754179
v 166.000000 -13.310904 10.825094
v 166.000000 -13.070107 10.884145
v 166.000000 -12.826677 10.931187
v 166.000000 -12.581216 10.966104
v 166.000000 -12.334326 10.988811
v 166.000000 -12.086613 10.999249
v 166.000000 -11.838687 10.997397
v 166.000000 -11.591159 10.983257
v 166.000000 -11.344635 10.956863
v 166.000000 -11.099723 10.918283
v 166.000000 -10.857024 10.867608
v 166.000000 -10.617136 10.804965
v 166.000000 -7.487237 3.847102
v 166.000000 -7.386063 4.073452
v 166.000000 -7.599507 3.626046
v 166.000000 -7.722597 3.410826
v 166.000000 -0.833388 5.081815
v 166.000000 -1.031677 5.312073
v 166.000000 -7.217971 4.539795
v 166.000000 -7.151466 4.778642
v 166.000000 -7.296234 4.304540
v 166.000000 -0.585052 4.906695
v 166.000000 -1.168010 5.583644
v 166.000000 -7.054355 5.264749
v 166.000000 -7.023988 5.510815
v 166.000000 -7.096882 5.020491
v 166.000000 -0.301581 4.797233
v 166.000000 -1.234201 5.880219
v 166.000000 -7.005856 5.758083
v 166.000000 -7.000003 6.005947
v 166.000000 0.000000 4.760000
v 166.000000 -1.226274 6.183986
v 166.000000 -7.025166 6.501020
v 166.000000 -7.056118 6.747013
v 166.000000 -7.006445 6.253796
v 166.000000 -1.144706 6.476705
v 166.000000 -7.154385 7.232888
v 166.000000 -7.221458 7.471576
v 166.000000 -7.099226 6.991169
v 166.000000 -0.994395 6.740796
v 166.000000 -7.300281 7.706645
v 166.000000 -7.390659 7.937518
v 166.000000 -0.784368 6.960400
v 166.000000 -7.605166 8.384416
v 166.000000 -7.728768 8.599341
v 166.000000 -7.492371 8.163627
v 166.000000 -0.527236 7.122329
v 166.000000 -7.862871 8.807876
v 166.000000 -8.007148 9.009506
v 166.000000 -8.161242 9.203737
v 166.000000 -8.324774 9.390091
v 166.000000 -0.238443 7.216859
v 166.000000 -8.678525 9.737352
v 166.000000 -8.867874 9.897408
v 166.000000 -8.497343 9.568109
v 166.000000 0.064670 7.238312
v 166.000000 -9.480172 10.318619
v 166.000000 -9.697350 10.438220
v 166.000000 -9.269191 10.188398
v 166.000000 -9.064924 10.047879
v 166.000000 4.000000 5.000000
v 166.000000 1.215010 5.752310
v 166.000000 1.238768 6.055251
v 166.000000 1.118287 5.464244
v 166.000000 0.954407 5.208352
v 166.000000 0.733212 5.000000
v 166.000000 4.000000 7.000000
v 166.000000 0.363899 7.185402
v 166.000000 0.641275 7.061304
v 166.000000 0.880140 6.873472
v 166.000000 1.066150 6.633185
v 166.000000 1.188135 6.354874
v 166.000000 -9.920189 10.546909
v 166.000000 -10.148142 10.644418
v 166.000000 29.500000 5.000000
v 166.000000 20.000000 5.000000
v 166.000000 20.000000 7.000000
v 166.000000 29.500000 11.000000
v 166.000000 -10.380648 10.730507
v 166.000000 49.000000 7.000000
v 166.000000 49.000000 5.000000
v 166.000000 39.500000 5.000000
v 166.000000 39.500000 11.000000
v 166.000000 65.000000 7.000000
v 166.000000 68.266785 5.000000
v 166.000000 65.000000 5.000000
v 166.000000 68.045593 5.208352
v 166.000000 67.881714 5.464244
v 166.000000 67.784988 5.752310
v 166.000000 67.761230 6.055251
v 166.000000 69.301582 4.797233
v 166.000000 69.000000 4.760000
v 166.000000 67.811867 6.354874
v 166.000000 69.585052 4.906695
v 166.000000 67.933853 6.633185
v 166.000000 69.833389 5.081815
v 166.000000 68.119858 6.873472
v 166.000000 68.358727 7.061304
v 166.000000 68.636101 7.185402
v 166.000000 68.935333 7.238312
v 166.000000 77.311409 2.624460
v 166.000000 77.480476 2.448529
v 166.000000 77.657928 2.281055
v 166.000000 77.151123 2.808430
v 166.000000 77.843338 2.122438
v 166.000000 78.036263 1.973056
v 166.000000 78.236252 1.833263
v 166.000000 78.442818 1.703393
v 166.000000 76.599510 3.626046
v 166.000000 76.722595 3.410826
v 166.000000 78.655479 1.583756
v 166.000000 76.487236 3.847102
v 166.000000 78.873718 1.474635
v 166.000000 76.386063 4.073452
v 166.000000 70.031677 5.312073
v 166.000000 79.097023 1.376292
v 166.000000 76.296234 4.304540
v 166.000000 79.324860 1.288959
v 166.000000 76.217972 4.539795
v 166.000000 79.556686 1.212846
v 166.000000 76.151466 4.778642
v 166.000000 70.168007 5.583644
v 166.000000 79.791946 1.148133
v 166.000000 76.096886 5.020491
v 166.000000 80.030090 1.094975
v 166.000000 76.054352 5.264749
v 166.000000 80.270538 1.053498
v 166.000000 76.023987 5.510815
v 166.000000 70.234200 5.880219
v 166.000000 80.512726 1.023800
v 166.000000 80.756073 1.005954
v 166.000000 76.005859 5.758083
v 166.000000 81.000000 1.000000
v 166.000000 76.000000 6.005947
v 166.000000 70.226273 6.183986
v 166.000000 81.247856 1.006147
v 166.000000 76.006447 6.253796
v 166.000000 76.025162 6.501020
v 166.000000 76.056114 6.747013
v 166.000000 70.144707 6.476705
v 166.000000 76.099228 6.991169
v 166.000000 76.154388 7.232888
v 166.000000 76.221458 7.471576
v 166.000000 69.994392 6.740796
v 166.000000 76.300278 7.706645
v 166.000000 76.390656 7.937518
v 166.000000 69.784370 6.960400
v 166.000000 76.492371 8.163627
v 166.000000 76.605164 8.384416
v 166.000000 82.701057 1.298254
v 166.000000 82.932037 1.388358
v 166.000000 82.465889 1.219711
v 166.000000 82.227127 1.152922
v 166.000000 81.985336 1.098051
v 166.000000 81.741135 1.055233
v 166.000000 81.495102 1.024573
v 166.000000 83.158264 1.489801
v 166.000000 83.379189 1.602333
v 166.000000 83.594261 1.725679
v 166.000000 76.728767 8.599341
v 166.000000 69.527237 7.122329
v 166.000000 83.802956 1.859535
v 166.000000 76.862869 8.807876
v 166.000000 84.004753 2.003571
v 166.000000 77.007149 9.009506
v 166.000000 84.199173 2.157434
v 166.000000 77.161240 9.203737
v 166.000000 84.385719 2.320745
v 166.000000 77.324776 9.390091
v 166.000000 69.238441 7.216859
v 166.000000 84.563942 2.493102
v 166.000000 77.497345 9.568109
v 166.000000 84.733398 2.674083
v 166.000000 77.678528 9.737352
v 166.000000 84.893677 2.863241
v 166.000000 77.867874 9.897408
v 166.000000 85.044388 3.060112
v 166.000000 78.064926 10.047879
v 166.000000 78.269188 10.188398
v 166.000000 78.480171 10.318619
v 166.000000 78.697350 10.438220
v 166.000000 78.920189 10.546909
v 166.000000 79.148140 10.644418
v 166.000000 79.380646 10.730507
v 166.000000 79.617134 10.804965
v 166.000000 85.997200 5.832744
v 166.000000 85.999352 6.080667
v 166.000000 85.982765 5.585232
v 166.000000 85.956078 5.338740
v 166.000000 85.917206 5.093874
v 166.000000 85.866241 4.851235
v 166.000000 85.803314 4.611422
v 166.000000 85.728577 4.375022
v 166.000000 85.642212 4.142619
v 166.000000 85.544434 3.914782
v 166.000000 85.435478 3.692072
v 166.000000 85.315620 3.475038
v 166.000000 85.185150 3.264211
v 166.000000 86.000000 13.000000
v 166.000000 79.857025 10.867608
v 166.000000 80.099724 10.918283
v 166.000000 80.344635 10.956863
v 166.000000 80.591156 10.983257
v 166.000000 80.838684 10.997397
v 166.000000 81.086617 10.999249
v 166.000000 81.334328 10.988811
v 166.000000 81.581215 10.966104
v 166.000000 81.826675 10.931187
v 166.000000 82.070107 10.884145
v 166.000000 82.310905 10.825094
v 166.000000 82.548477 10.754179
v 166.000000 82.782242 10.671574
v 166.000000 83.011627 10.577482
v 166.000000 83.236069 10.472136
v 166.000000 83.455009 10.355793
v 166.000000 83.667915 10.228741
v 166.000000 83.874260 10.091290
v 166.000000 84.073532 9.943779
v 166.000000 84.265251 9.786572
v 166.000000 84.448944 9.620054
v 166.000000 84.624153 9.444635
v 166.000000 84.790451 9.260746
v 166.000000 84.947433 9.068840
v 166.000000 85.094704 8.869389
v 166.000000 90.000000 9.000000
v 166.000000 85.231911 8.662881
v 166.000000 85.358711 8.449826
v 166.000000 85.474792 8.230747
v 166.000000 85.579872 8.006184
v 166.000000 85.673691 7.776688
v 166.000000 85.756020 7.542822
v 166.000000 85.826653 7.305164
v 166.000000 85.885414 7.064296
v 166.000000 85.932167 6.820812
v 166.000000 85.966789 6.575309
v 166.000000 85.989204 6.328392
v 166.000000 76.856201 3.201973
v 166.000000 -7.856204 3.201973
v 166.000000 29.500000 3.000000
v 166.000000 39.500000 3.000000
v 164.000000 73.000000 1.000000
v 163.971237 73.338005 1.000000
v 163.885757 73.666283 1.000000
v 163.746033 73.975388 1.000000
v 163.556076 74.256439 1.000000
v 163.321350 74.501343 1.000000
v 163.048615 74.703056 1.000000
v 162.745712 74.855782 1.000000
v 162.421356 74.955109 1.000000
v 162.084885 74.998199 1.000000
v 161.745972 74.983803 1.000000
v 161.414352 74.912331 1.000000
v 161.099594 74.785851 1.000000
v 160.810730 74.607994 1.000000
v 160.556091 74.383881 1.000000
v 160.342987 74.119949 1.000000
v 160.177536 73.823799 1.000000
v 160.064529 73.503960 1.000000
v 160.007202 73.169609 1.000000
v 160.007202 72.830391 1.000000
v 160.064529 72.496040 1.000000
v 160.177536 72.176201 1.000000
v 160.342987 71.880051 1.000000
v 160.556091 71.616119 1.000000
v 160.810730 71.392006 1.000000
v 161.099594 71.214149 1.000000
v 161.414352 71.087669 1.000000
v 161.745972 71.016197 1.000000
v 162.084885 71.001801 1.000000
v 162.421356 71.044891 1.000000
v 162.745712 71.144218 1.000000
v 163.048615 71.296944 1.000000
v 163.321350 71.498657 1.000000
v 163.556076 71.743561 1.000000
v 163.746033 72.024612 1.000000
v 163.885757 72.333717 1.000000
v 163.971237 72.661995 1.000000
v 165.660004 69.000000 4.760000
v 165.500000 73.000000 1.000000
v 165.471268 73.447571 1.000000
v 165.385529 73.887794 1.000000
v 165.244202 74.313431 1.000000
v 165.049622 74.717514 1.000000
v 164.804947 75.093384 1.000000
v 164.514221 75.434891 1.000000
v 164.182220 75.736412 1.000000
v 163.814377 75.992996 1.000000
v 163.416748 76.200447 1.000000
v 162.995850 76.355339 1.000000
v 162.558594 76.455139 1.000000
v 162.112183 76.498199 1.000000
v 161.663925 76.483826 1.000000
v 161.221176 76.412247 1.000000
v 160.791229 76.284637 1.000000
v 160.381119 76.103096 1.000000
v 159.997589 75.870605 1.000000
v 159.646942 75.590973 1.000000
v 159.334946 75.268799 1.000000
v 159.066696 74.909370 1.000000
v 158.846603 74.518593 1.000000
v 158.678299 74.102882 1.000000
v 158.564545 73.669052 1.000000
v 158.507187 73.224243 1.000000
v 158.507187 72.775757 1.000000
v 158.564545 72.330948 1.000000
v 158.678299 71.897118 1.000000
v 158.846603 71.481407 1.000000
v 159.066696 71.090630 1.000000
v 159.334946 70.731201 1.000000
v 159.646942 70.409027 1.000000
v 159.997589 70.129395 1.000000
v 160.381119 69.896904 1.000000
v 160.791229 69.715363 1.000000
v 161.221176 69.587753 1.000000
v 161.663925 69.516174 1.000000
v 162.112183 69.501801 1.000000
v 162.558594 69.544861 1.000000
v 162.995850 69.644661 1.000000
v 163.416748 69.799553 1.000000
v 163.814377 70.007004 1.000000
v 164.182220 70.263588 1.000000
v 164.514221 70.565109 1.000000
v 164.804947 70.906616 1.000000
v 165.049622 71.282486 1.000000
v 165.244202 71.686569 1.000000
v 165.385529 72.112206 1.000000
v 165.471268 72.552429 1.000000
v 124.000000 65.180374 22.000000
v 124.000000 64.476288 22.839100
v 110.103081 61.000000 34.500000
v 58.863869 61.000000 27.854033
v 58.502979 61.000000 28.173754
v 58.229088 61.000000 28.570553
v 59.290791 61.000000 27.629967
v 58.058117 61.000000 29.021368
v 59.758926 61.000000 27.514582
v 58.000000 61.000000 29.500000
v 58.058117 61.000000 29.978632
v 59.758926 61.000000 31.485418
v 59.290791 61.000000 31.370033
v 58.863869 61.000000 31.145967
v 58.502979 61.000000 30.826246
v 58.229088 61.000000 30.429447
v 60.241074 61.000000 31.485418
v 60.709209 61.000000 31.370033
v 61.136131 61.000000 31.145967
v 61.497021 61.000000 28.173754
v 81.502975 61.000000 28.173754
v 61.770912 61.000000 28.570553
v 61.136131 61.000000 27.854033
v 81.863869 61.000000 27.854033
v 81.229088 61.000000 28.570553
v 61.941883 61.000000 29.021368
v 60.709209 61.000000 27.629967
v 82.290787 61.000000 27.629967
v 81.058113 61.000000 29.021368
v 62.000000 61.000000 29.500000
v 81.000000 61.000000 29.500000
v 81.058113 61.000000 29.978632
v 61.941883 61.000000 29.978632
v 81.229088 61.000000 30.429447
v 61.770912 61.000000 30.429447
v 81.502975 61.000000 30.826246
v 61.497021 61.000000 30.826246
v 81.863869 61.000000 31.145967
v 82.290787 61.000000 31.370033
v 82.758926 61.000000 31.485418
v 84.136131 61.000000 27.854033
v 104.502975 61.000000 28.173754
v 84.497025 61.000000 28.173754
v 104.863869 61.000000 27.854033
v 104.229088 61.000000 28.570553
v 84.770912 61.000000 28.570553
v 83.709213 61.000000 27.629967
v 105.290787 61.000000 27.629967
v 104.058113 61.000000 29.021368
v 84.941887 61.000000 29.021368
v 83.241074 61.000000 27.514582
v 105.758926 61.000000 27.514582
v 104.000000 61.000000 29.500000
v 85.000000 61.000000 29.500000
v 104.058113 61.000000 29.978632
v 84.941887 61.000000 29.978632
v 104.229088 61.000000 30.429447
v 84.770912 61.000000 30.429447
v 104.502975 61.000000 30.826246
v 84.497025 61.000000 30.826246
v 104.863869 61.000000 31.145967
v 84.136131 61.000000 31.145967
v 105.290787 61.000000 31.370033
v 83.709213 61.000000 31.370033
v 83.241074 61.000000 31.485418
v 108.000000 61.000000 29.500000
v 107.941887 61.000000 29.978632
v 107.770912 61.000000 30.429447
v 107.497025 61.000000 30.826246
v 107.136131 61.000000 31.145967
v 106.709213 61.000000 31.370033
v 106.241074 61.000000 31.485418
v 105.758926 61.000000 31.485418
v 119.062714 61.000000 26.981977
v 106.241074 61.000000 27.514582
v 106.709213 61.000000 27.629967
v 107.136131 61.000000 27.854033
v 107.497025 61.000000 28.173754
v 107.770912 61.000000 28.570553
v 107.941887 61.000000 29.021368
v 82.758926 61.000000 27.514582
v 60.241074 61.000000 27.514582
v 64.000000 65.000000 29.500000
v 63.883766 65.000000 30.457262
v 63.541824 65.000000 31.358892
v 62.994041 65.000000 32.152493
v 62.272259 65.000000 32.791935
v 61.418419 65.000000 33.240067
v 60.482147 65.000000 33.470837
v 59.517853 65.000000 33.470837
v 58.581581 65.000000 33.240067
v 57.727741 65.000000 32.791935
v 57.005959 65.000000 32.152493
v 56.458176 65.000000 31.358892
v 56.116234 65.000000 30.457262
v 56.000000 65.000000 29.500000
v 56.116234 65.000000 28.542738
v 56.458176 65.000000 27.641108
v 57.005959 65.000000 26.847509
v 57.727741 65.000000 26.208065
v 58.581581 65.000000 25.759935
v 59.517853 65.000000 25.529165
v 60.482147 65.000000 25.529165
v 61.418419 65.000000 25.759935
v 62.272259 65.000000 26.208065
v 62.994041 65.000000 26.847509
v 63.541824 65.000000 27.641108
v 63.883766 65.000000 28.542738
v 87.000000 65.000000 29.500000
v 86.883766 65.000000 30.457262
v 86.541824 65.000000 31.358892
v 85.994041 65.000000 32.152493
v 85.272263 65.000000 32.791935
v 84.418419 65.000000 33.240067
v 83.482147 65.000000 33.470837
v 82.517853 65.000000 33.470837
v 81.581581 65.000000 33.240067
v 80.727737 65.000000 32.791935
v 80.005959 65.000000 32.152493
v 79.458176 65.000000 31.358892
v 79.116234 65.000000 30.457262
v 79.000000 65.000000 29.500000
v 79.116234 65.000000 28.542738
v 79.458176 65.000000 27.641108
v 80.005959 65.000000 26.847509
v 80.727737 65.000000 26.208065
v 81.581581 65.000000 25.759935
v 82.517853 65.000000 25.529165
v 83.482147 65.000000 25.529165
v 84.418419 65.000000 25.759935
v 85.272263 65.000000 26.208065
v 85.994041 65.000000 26.847509
v 86.541824 65.000000 27.641108
v 86.883766 65.000000 28.542738
v 110.000000 65.000000 29.500000
v 109.883766 65.000000 30.457262
v 109.541824 65.000000 31.358892
v 108.994041 65.000000 32.152493
v 108.272263 65.000000 32.791935
v 107.418419 65.000000 33.240067
v 106.482147 65.000000 33.470837
v 105.517853 65.000000 33.470837
v 104.581581 65.000000 33.240067
v 103.727737 65.000000 32.791935
v 103.005959 65.000000 32.152493
v 102.458176 65.000000 31.358892
v 102.116234 65.000000 30.457262
v 102.000000 65.000000 29.500000
v 102.116234 65.000000 28.542738
v 102.458176 65.000000 27.641108
v 103.005959 65.000000 26.847509
v 103.727737 65.000000 26.208065
v 104.581581 65.000000 25.759935
v 105.517853 65.000000 25.529165
v 106.482147 65.000000 25.529165
v 107.418419 65.000000 25.759935
v 108.272263 65.000000 26.208065
v 108.994041 65.000000 26.847509
v 109.541824 65.000000 27.641108
v 109.883766 65.000000 28.542738
v 124.000000 3.819624 22.000000
v 165.678055 68.789207 4.778048
v 165.731659 68.584557 4.831665
v 165.804245 68.419540 4.904252
v 164.899994 65.000000 4.000000
v 165.899994 68.266785 5.000000
v 165.899994 65.000000 5.000000
v 164.899994 49.000000 4.000000
v 165.899994 39.500000 5.000000
v 165.899994 49.000000 5.000000
v 164.899994 20.000000 4.000000
v 165.899994 29.500000 5.000000
v 165.899994 20.000000 5.000000
v 164.899994 4.000000 4.000000
v 165.899994 0.733212 5.000000
v 165.899994 4.000000 5.000000
v 165.768677 0.507638 4.868671
v 165.693222 0.285081 4.793215
v 165.668335 0.143505 4.768332
v 165.660004 0.000000 4.760000
v 165.500000 -4.000000 1.000000
v 165.471268 -3.552430 1.000000
v 165.385529 -3.112209 1.000000
v 165.244202 -2.686565 1.000000
v 165.049622 -2.282489 1.000000
v 164.804947 -1.906613 1.000000
v 164.514221 -1.565111 1.000000
v 164.182220 -1.263590 1.000000
v 163.814377 -1.007000 1.000000
v 163.416748 -0.799556 1.000000
v 162.995850 -0.644662 1.000000
v 162.558594 -0.544864 1.000000
v 162.112183 -0.501798 1.000000
v 161.663925 -0.516173 1.000000
v 161.221176 -0.587752 1.000000
v 160.791229 -0.715361 1.000000
v 160.381119 -0.896902 1.000000
v 159.997589 -1.129397 1.000000
v 159.646942 -1.409027 1.000000
v 159.334946 -1.731201 1.000000
v 159.066696 -2.090628 1.000000
v 158.846603 -2.481407 1.000000
v 158.678299 -2.897121 1.000000
v 158.564545 -3.330945 1.000000
v 158.507187 -3.775754 1.000000
v 158.507187 -4.224246 1.000000
v 158.564545 -4.669055 1.000000
v 158.678299 -5.102879 1.000000
v 158.846603 -5.518593 1.000000
v 159.066696 -5.909372 1.000000
v 159.334946 -6.268799 1.000000
v 159.646942 -6.590973 1.000000
v 159.997589 -6.870603 1.000000
v 160.381119 -7.103097 1.000000
v 160.791229 -7.284639 1.000000
v 161.221176 -7.412248 1.000000
v 161.663925 -7.483827 1.000000
v 162.112183 -7.498202 1.000000
v 162.558594 -7.455136 1.000000
v 162.995850 -7.355338 1.000000
v 163.416748 -7.200444 1.000000
v 163.814377 -6.993000 1.000000
v 164.182220 -6.736410 1.000000
v 164.514221 -6.434889 1.000000
v 164.804947 -6.093387 1.000000
v 165.049622 -5.717512 1.000000
v 165.244202 -5.313435 1.000000
v 165.385529 -4.887791 1.000000
v 165.471268 -4.447570 1.000000
v 124.000000 4.523713 22.839100
v 110.103081 8.000000 34.500000
v 58.863869 8.000000 27.854033
v 58.502979 8.000000 28.173754
v 58.229088 8.000000 28.570553
v 59.290791 8.000000 27.629967
v 58.058117 8.000000 29.021368
v 59.758926 8.000000 27.514582
v 58.000000 8.000000 29.500000
v 58.058117 8.000000 29.978632
v 59.758926 8.000000 31.485418
v 59.290791 8.000000 31.370033
v 58.863869 8.000000 31.145967
v 58.502979 8.000000 30.826246
v 58.229088 8.000000 30.429447
v 60.241074 8.000000 31.485418
v 60.709209 8.000000 31.370033
v 61.136131 8.000000 31.145967
v 81.502975 8.000000 28.173754
v 61.497021 8.000000 28.173754
v 61.770912 8.000000 28.570553
v 81.863869 8.000000 27.854033
v 61.136131 8.000000 27.854033
v 81.229088 8.000000 28.570553
v 61.941883 8.000000 29.021368
v 82.290787 8.000000 27.629967
v 60.709209 8.000000 27.629967
v 81.058113 8.000000 29.021368
v 62.000000 8.000000 29.500000
v 81.000000 8.000000 29.500000
v 81.058113 8.000000 29.978632
v 61.941883 8.000000 29.978632
v 81.229088 8.000000 30.429447
v 61.770912 8.000000 30.429447
v 81.502975 8.000000 30.826246
v 61.497021 8.000000 30.826246
v 81.863869 8.000000 31.145967
v 82.290787 8.000000 31.370033
v 82.758926 8.000000 31.485418
v 104.502975 8.000000 28.173754
v 84.136131 8.000000 27.854033
v 84.497025 8.000000 28.173754
v 104.863869 8.000000 27.854033
v 104.229088 8.000000 28.570553
v 84.770912 8.000000 28.570553
v 105.290787 8.000000 27.629967
v 83.709213 8.000000 27.629967
v 104.058113 8.000000 29.021368
v 84.941887 8.000000 29.021368
v 105.758926 8.000000 27.514582
v 83.241074 8.000000 27.514582
v 104.000000 8.000000 29.500000
v 85.000000 8.000000 29.500000
v 104.058113 8.000000 29.978632
v 84.941887 8.000000 29.978632
v 104.229088 8.000000 30.429447
v 84.770912 8.000000 30.429447
v 104.502975 8.000000 30.826246
v 84.497025 8.000000 30.826246
v 104.863869 8.000000 31.145967
v 84.136131 8.000000 31.145967
v 105.290787 8.000000 31.370033
v 83.709213 8.000000 31.370033
v 83.241074 8.000000 31.485418
v 108.000000 8.000000 29.500000
v 107.941887 8.000000 29.978632
v 107.770912 8.000000 30.429447
v 107.497025 8.000000 30.826246
v 107.136131 8.000000 31.145967
v 106.709213 8.000000 31.370033
v 106.241074 8.000000 31.485418
v 105.758926 8.000000 31.485418
v 119.062714 8.000000 26.981977
v 106.241074 8.000000 27.514582
v 106.709213 8.000000 27.629967
v 107.136131 8.000000 27.854033
v 107.497025 8.000000 28.173754
v 107.770912 8.000000 28.570553
v 107.941887 8.000000 29.021368
v 82.758926 8.000000 27.514582
v 60.241074 8.000000 27.514582
v 64.000000 4.000000 29.500000
v 63.883766 4.000000 30.457262
v 63.541824 4.000000 31.358892
v 62.994041 4.000000 32.152493
v 62.272259 4.000000 32.791935
v 61.418419 4.000000 33.240067
v 60.482147 4.000000 33.470837
v 59.517853 4.000000 33.470837
v 58.581581 4.000000 33.240067
v 57.727741 4.000000 32.791935
v 57.005959 4.000000 32.152493
v 56.458176 4.000000 31.358892
v 56.116234 4.000000 30.457262
v 56.000000 4.000000 29.500000
v 56.116234 4.000000 28.542738
v 56.458176 4.000000 27.641108
v 57.005959 4.000000 26.847509
v 57.727741 4.000000 26.208065
v 58.581581 4.000000 25.759935
v 59.517853 4.000000 25.529165
v 60.482147 4.000000 25.529165
v 61.418419 4.000000 25.759935
v 62.272259 4.000000 26.208065
v 62.994041 4.000000 26.847509
v 63.541824 4.000000 27.641108
v 63.883766 4.000000 28.542738
v 87.000000 4.000000 29.500000
v 86.883766 4.000000 30.457262
v 86.541824 4.000000 31.358892
v 85.994041 4.000000 32.152493
v 85.272263 4.000000 32.791935
v 84.418419 4.000000 33.240067
v 83.482147 4.000000 33.470837
v 82.517853 4.000000 33.470837
v 81.581581 4.000000 33.240067
v 80.727737 4.000000 32.791935
v 80.005959 4.000000 32.152493
v 79.458176 4.000000 31.358892
v 79.116234 4.000000 30.457262
v 79.000000 4.000000 29.500000
v 79.116234 4.000000 28.542738
v 79.458176 4.000000 27.641108
v 80.005959 4.000000 26.847509
v 80.727737 4.000000 26.208065
v 81.581581 4.000000 25.759935
v 82.517853 4.000000 25.529165
v 83.482147 4.000000 25.529165
v 84.418419 4.000000 25.759935
v 85.272263 4.000000 26.208065
v 85.994041 4.000000 26.847509
v 86.541824 4.000000 27.641108
v 86.883766 4.000000 28.542738
v 110.000000 4.000000 29.500000
v 109.883766 4.000000 30.457262
v 109.541824 4.000000 31.358892
v 108.994041 4.000000 32.152493
v 108.272263 4.000000 32.791935
v 107.418419 4.000000 33.240067
v 106.482147 4.000000 33.470837
v 105.517853 4.000000 33.470837
v 104.581581 4.000000 33.240067
v 103.727737 4.000000 32.791935
v 103.005959 4.000000 32.152493
v 102.458176 4.000000 31.358892
v 102.116234 4.000000 30.457262
v 102.000000 4.000000 29.500000
v 102.116234 4.000000 28.542738
v 102.458176 4.000000 27.641108
v 103.005959 4.000000 26.847509
v 103.727737 4.000000 26.208065
v 104.581581 4.000000 25.759935
v 105.517853 4.000000 25.529165
v 106.482147 4.000000 25.529165
v 107.418419 4.000000 25.759935
v 108.272263 4.000000 26.208065
v 108.994041 4.000000 26.847509
v 109.541824 4.000000 27.641108
v 109.883766 4.000000 28.542738
v -7.000000 81.000000 3.000000
v -7.000000 81.717949 3.087175
v -7.000000 82.394173 3.343632
v -7.000000 82.989365 3.754468
v -7.000000 83.468948 4.295806
v -7.000000 83.805046 4.936185
v -7.000000 83.978127 5.638390
v -7.000000 83.978127 6.361610
v -7.000000 83.805046 7.063815
v -7.000000 83.468948 7.704194
v -7.000000 82.989365 8.245532
v -7.000000 82.394173 8.656368
v -7.000000 81.717949 8.912826
v -7.000000 81.000000 9.000000
v -7.000000 80.282051 8.912826
v -7.000000 79.605827 8.656368
v -7.000000 79.010635 8.245532
v -7.000000 78.531052 7.704194
v -7.000000 78.194954 7.063815
v -7.000000 78.021873 6.361610
v -7.000000 78.021873 5.638390
v -7.000000 78.194954 4.936185
v -7.000000 78.531052 4.295806
v -7.000000 79.010635 3.754468
v -7.000000 79.605827 3.343632
v -7.000000 80.282051 3.087175
v -7.000000 -12.000000 3.000000
v -7.000000 -11.282053 3.087175
v -7.000000 -10.605830 3.343632
v -7.000000 -10.010632 3.754468
v -7.000000 -9.531049 4.295806
v -7.000000 -9.194951 4.936185
v -7.000000 -9.021873 5.638390
v -7.000000 -9.021873 6.361610
v -7.000000 -9.194951 7.063815
v -7.000000 -9.531049 7.704194
v -7.000000 -10.010632 8.245532
v -7.000000 -10.605830 8.656368
v -7.000000 -11.282053 8.912826
v -7.000000 -12.000000 9.000000
v -7.000000 -12.717947 8.912826
v -7.000000 -13.394170 8.656368
v -7.000000 -13.989368 8.245532
v -7.000000 -14.468951 7.704194
v -7.000000 -14.805049 7.063815
v -7.000000 -14.978127 6.361610
v -7.000000 -14.978127 5.638390
v -7.000000 -14.805049 4.936185
v -7.000000 -14.468951 4.295806
v -7.000000 -13.989368 3.754468
v -7.000000 -13.394170 3.343632
v -7.000000 -12.717947 3.087175
v -7.000000 81.000000 2.000000
v -7.000000 81.957260 2.116233
v -7.000000 82.858894 2.458176
v -7.000000 83.652489 3.005957
v -7.000000 84.291939 3.727741
v -7.000000 84.740067 4.581581
v -7.000000 84.970833 5.517853
v -7.000000 84.970833 6.482147
v -7.000000 84.740067 7.418419
v -7.000000 84.291939 8.272259
v -7.000000 83.652489 8.994043
v -7.000000 82.858894 9.541824
v -7.000000 81.957260 9.883767
v -7.000000 81.000000 10.000000
v -7.000000 80.042740 9.883767
v -7.000000 79.141106 9.541824
v -7.000000 78.347511 8.994043
v -7.000000 77.708061 8.272259
v -7.000000 77.259933 7.418419
v -7.000000 77.029167 6.482147
v -7.000000 77.029167 5.517853
v -7.000000 77.259933 4.581581
v -7.000000 77.708061 3.727741
v -7.000000 78.347511 3.005957
v -7.000000 79.141106 2.458176
v -7.000000 80.042740 2.116233
v -7.000000 -12.000000 2.000000
v -7.000000 -11.042737 2.116233
v -7.000000 -10.141108 2.458176
v -7.000000 -9.347509 3.005957
v -7.000000 -8.708064 3.727741
v -7.000000 -8.259935 4.581581
v -7.000000 -8.029164 5.517853
v -7.000000 -8.029164 6.482147
v -7.000000 -8.259935 7.418419
v -7.000000 -8.708064 8.272259
v -7.000000 -9.347509 8.994043
v -7.000000 -10.141108 9.541824
v -7.000000 -11.042737 9.883767
v -7.000000 -12.000000 10.000000
v -7.000000 -12.957263 9.883767
v -7.000000 -13.858892 9.541824
v -7.000000 -14.652491 8.994043
v -7.000000 -15.291936 8.272259
v -7.000000 -15.740065 7.418419
v -7.000000 -15.970836 6.482147
v -7.000000 -15.970836 5.517853
v -7.000000 -15.740065 4.581581
v -7.000000 -15.291936 3.727741
v -7.000000 -14.652491 3.005957
v -7.000000 -13.858892 2.458176
v -7.000000 -12.957263 2.116233
v 169.000000 -13.435894 0.174349
v 169.000000 -12.000000 0.000000
v 172.000000 -12.000000 0.000000
v 172.000000 -13.435894 0.174349
v 169.000000 -14.788339 0.687264
v 172.000000 -14.788339 0.687264
v 169.000000 -15.978736 1.508935
v 172.000000 -15.978736 1.508935
v 172.000000 -16.937902 2.591612
v 172.000000 -17.610098 3.872371
v 169.000000 -17.610098 3.872371
v 172.000000 -17.956253 5.276780
v 172.000000 -17.956253 6.723220
v 172.000000 -17.610098 8.127629
v 169.000000 -17.610098 8.127629
v 172.000000 -16.937902 9.408388
v 169.000000 -15.978736 10.491064
v 172.000000 -15.978736 10.491064
v 169.000000 -14.788339 11.312737
v 172.000000 -14.788339 11.312737
v 172.000000 -13.435894 11.825651
v 169.000000 -13.435894 11.825651
v 169.000000 -12.000000 12.000000
v 172.000000 -12.000000 12.000000
v 169.000000 -10.564106 11.825651
v 172.000000 -10.564106 11.825651
v 169.000000 -9.211661 11.312737
v 172.000000 -9.211661 11.312737
v 169.000000 -8.021264 10.491064
v 172.000000 -8.021264 10.491064
v 169.000000 -7.062097 9.408388
v 172.000000 -7.062097 9.408388
v 172.000000 -6.389903 8.127629
v 172.000000 -6.043747 6.723220
v 169.000000 -6.043747 6.723220
v 169.000000 -6.043747 5.276780
v 172.000000 -6.043747 5.276780
v 169.000000 -6.389903 3.872371
v 172.000000 -6.389903 3.872371
v 169.000000 -7.062097 2.591612
v 172.000000 -7.062097 2.591612
v 169.000000 -8.021264 1.508935
v 172.000000 -8.021264 1.508935
v 169.000000 -9.211661 0.687264
v 172.000000 -9.211661 0.687264
v 169.000000 -10.564106 0.174349
v 172.000000 -10.564106 0.174349
v 166.000000 0.507638 4.868671
v 166.000000 0.259570 4.787472
v 166.000000 68.740433 4.787472
v 166.000000 68.492363 4.868671
v 172.000000 81.000000 0.000000
v 172.000000 79.564110 0.174349
v 172.000000 78.211662 0.687264
v 172.000000 77.021263 1.508935
v 172.000000 76.062096 2.591612
v 172.000000 75.389900 3.872371
v 172.000000 75.043747 5.276780
v 172.000000 75.043747 6.723220
v 172.000000 75.389900 8.127629
v 172.000000 76.062096 9.408388
v 172.000000 77.021263 10.491064
v 172.000000 78.211662 11.312737
v 172.000000 79.564110 11.825651
v 172.000000 81.000000 12.000000
v 172.000000 82.435890 11.825651
v 172.000000 83.788338 11.312737
v 172.000000 84.978737 10.491064
v 172.000000 85.937904 9.408388
v 172.000000 86.610100 8.127629
v 172.000000 86.956253 6.723220
v 172.000000 86.956253 5.276780
v 172.000000 86.610100 3.872371
v 172.000000 85.937904 2.591612
v 172.000000 84.978737 1.508935
v 172.000000 83.788338 0.687264
v 172.000000 82.435890 0.174349
v 171.000000 -12.000000 1.000000
v 171.000000 -13.196578 1.145291
v 171.000000 -14.323616 1.572720
v 171.000000 -15.315614 2.257446
v 171.000000 -16.114920 3.159676
v 171.000000 -16.675081 4.226975
v 171.000000 -16.963545 5.397316
v 171.000000 -16.963545 6.602684
v 171.000000 -16.675081 7.773025
v 171.000000 -16.114920 8.840323
v 171.000000 -15.315614 9.742554
v 171.000000 -14.323616 10.427280
v 171.000000 -13.196578 10.854709
v 171.000000 -12.000000 11.000000
v 171.000000 -10.803422 10.854709
v 171.000000 -9.676384 10.427280
v 171.000000 -8.684386 9.742554
v 171.000000 -7.885081 8.840323
v 171.000000 -7.324919 7.773025
v 171.000000 -7.036456 6.602684
v 171.000000 -7.036456 5.397316
v 171.000000 -7.324919 4.226975
v 171.000000 -7.885081 3.159676
v 171.000000 -8.684386 2.257446
v 171.000000 -9.676384 1.572720
v 171.000000 -10.803422 1.145291
v 171.000000 81.000000 1.000000
v 171.000000 79.803421 1.145291
v 171.000000 78.676384 1.572720
v 171.000000 77.684387 2.257446
v 171.000000 76.885078 3.159676
v 171.000000 76.324921 4.226975
v 171.000000 76.036453 5.397316
v 171.000000 76.036453 6.602684
v 171.000000 76.324921 7.773025
v 171.000000 76.885078 8.840323
v 171.000000 77.684387 9.742554
v 171.000000 78.676384 10.427280
v 171.000000 79.803421 10.854709
v 171.000000 81.000000 11.000000
v 171.000000 82.196579 10.854709
v 171.000000 83.323616 10.427280
v 171.000000 84.315613 9.742554
v 171.000000 85.114922 8.840323
v 171.000000 85.675079 7.773025
v 171.000000 85.963547 6.602684
v 171.000000 85.963547 5.397316
v 171.000000 85.675079 4.226975
v 171.000000 85.114922 3.159676
v 171.000000 84.315613 2.257446
v 171.000000 83.323616 1.572720
v 171.000000 82.196579 1.145291
v 61.941883 65.000000 29.978632
v 62.000000 65.000000 29.500000
v 61.770912 65.000000 30.429447
v 61.497021 65.000000 30.826246
v 61.136131 65.000000 31.145967
v 60.709209 65.000000 31.370033
v 60.241074 65.000000 31.485418
v 59.758926 65.000000 31.485418
v 59.290791 65.000000 31.370033
v 58.863869 65.000000 31.145967
v 58.502979 65.000000 30.826246
v 58.229088 65.000000 30.429447
v 58.058117 65.000000 29.978632
v 58.000000 65.000000 29.500000
v 58.058117 65.000000 29.021368
v 58.229088 65.000000 28.570553
v 58.502979 65.000000 28.173754
v 58.863869 65.000000 27.854033
v 59.290791 65.000000 27.629967
v 59.758926 65.000000 27.514582
v 60.241074 65.000000 27.514582
v 60.709209 65.000000 27.629967
v 61.136131 65.000000 27.854033
v 61.497021 65.000000 28.173754
v 61.770912 65.000000 28.570553
v 61.941883 65.000000 29.021368
v 84.941887 65.000000 29.978632
v 85.000000 65.000000 29.500000
v 84.770912 65.000000 30.429447
v 84.497025 65.000000 30.826246
v 84.136131 65.000000 31.145967
v 83.709213 65.000000 31.370033
v 83.241074 65.000000 31.485418
v 82.758926 65.000000 31.485418
v 82.290787 65.000000 31.370033
v 81.863869 65.000000 31.145967
v 81.502975 65.000000 30.826246
v 81.229088 65.000000 30.429447
v 81.058113 65.000000 29.978632
v 81.000000 65.000000 29.500000
v 81.058113 65.000000 29.021368
v 81.229088 65.000000 28.570553
v 81.502975 65.000000 28.173754
v 81.863869 65.000000 27.854033
v 82.290787 65.000000 27.629967
v 82.758926 65.000000 27.514582
v 83.241074 65.000000 27.514582
v 83.709213 65.000000 27.629967
v 84.136131 65.000000 27.854033
v 84.497025 65.000000 28.173754
v 84.770912 65.000000 28.570553
v 84.941887 65.000000 29.021368
v 107.941887 65.000000 29.978632
v 108.000000 65.000000 29.500000
v 107.770912 65.000000 30.429447
v 107.497025 65.000000 30.826246
v 107.136131 65.000000 31.145967
v 106.709213 65.000000 31.370033
v 106.241074 65.000000 31.485418
v 105.758926 65.000000 31.485418
v 105.290787 65.000000 31.370033
v 104.863869 65.000000 31.145967
v 104.502975 65.000000 30.826246
v 104.229088 65.000000 30.429447
v 104.058113 65.000000 29.978632
v 104.000000 65.000000 29.500000
v 104.058113 65.000000 29.021368
v 104.229088 65.000000 28.570553
v 104.502975 65.000000 28.173754
v 104.863869 65.000000 27.854033
v 105.290787 65.000000 27.629967
v 105.758926 65.000000 27.514582
v 106.241074 65.000000 27.514582
v 106.709213 65.000000 27.629967
v 107.136131 65.000000 27.854033
v 107.497025 65.000000 28.173754
v 107.770912 65.000000 28.570553
v 107.941887 65.000000 29.021368
v 62.000000 4.000000 29.500000
v 61.941883 4.000000 29.978632
v 61.770912 4.000000 30.429447
v 61.497021 4.000000 30.826246
v 61.136131 4.000000 31.145967
v 60.709209 4.000000 31.370033
v 60.241074 4.000000 31.485418
v 59.758926 4.000000 31.485418
v 59.290791 4.000000 31.370033
v 58.863869 4.000000 31.145967
v 58.502979 4.000000 30.826246
v 58.229088 4.000000 30.429447
v 58.058117 4.000000 29.978632
v 58.000000 4.000000 29.500000
v 58.058117 4.000000 29.021368
v 58.229088 4.000000 28.570553
v 58.502979 4.000000 28.173754
v 58.863869 4.000000 27.854033
v 59.290791 4.000000 27.629967
v 59.758926 4.000000 27.514582
v 60.241074 4.000000 27.514582
v 60.709209 4.000000 27.629967
v 61.136131 4.000000 27.854033
v 61.497021 4.000000 28.173754
v 61.770912 4.000000 28.570553
v 61.941883 4.000000 29.021368
v 85.000000 4.000000 29.500000
v 84.941887 4.000000 29.978632
v 84.770912 4.000000 30.429447
v 84.497025 4.000000 30.826246
v 84.136131 4.000000 31.145967
v 83.709213 4.000000 31.370033
v 83.241074 4.000000 31.485418
v 82.758926 4.000000 31.485418
v 82.290787 4.000000 31.370033
v 81.863869 4.000000 31.145967
v 81.502975 4.000000 30.826246
v 81.229088 4.000000 30.429447
v 81.058113 4.000000 29.978632
v 81.000000 4.000000 29.500000
v 81.058113 4.000000 29.021368
v 81.229088 4.000000 28.570553
v 81.502975 4.000000 28.173754
v 81.863869 4.000000 27.854033
v 82.290787 4.000000 27.629967
v 82.758926 4.000000 27.514582
v 83.241074 4.000000 27.514582
v 83.709213 4.000000 27.629967
v 84.136131 4.000000 27.854033
v 84.497025 4.000000 28.173754
v 84.770912 4.000000 28.570553
v 84.941887 4.000000 29.021368
v 108.000000 4.000000 29.500000
v 107.941887 4.000000 29.978632
v 107.770912 4.000000 30.429447
v 107.497025 4.000000 30.826246
v 107.136131 4.000000 31.145967
v 106.709213 4.000000 31.370033
v 106.241074 4.000000 31.485418
v 105.758926 4.000000 31.485418
v 105.290787 4.000000 31.370033
v 104.863869 4.000000 31.145967
v 104.502975 4.000000 30.826246
v 104.229088 4.000000 30.429447
v 104.058113 4.000000 29.978632
v 104.000000 4.000000 29.500000
v 104.058113 4.000000 29.021368
v 104.229088 4.000000 28.570553
v 104.502975 4.000000 28.173754
v 104.863869 4.000000 27.854033
v 105.290787 4.000000 27.629967
v 105.758926 4.000000 27.514582
v 106.241074 4.000000 27.514582
v 106.709213 4.000000 27.629967
v 107.136131 4.000000 27.854033
v 107.497025 4.000000 28.173754
v 107.770912 4.000000 28.570553
v 107.941887 4.000000 29.021368
v 172.000000 -9.211661 11.312737
v 172.000000 -9.347509 8.994043
v 172.000000 -8.021264 10.491064
v 172.000000 -8.708064 8.272259
v 172.000000 -7.062097 9.408388
v 172.000000 -10.564106 11.825651
v 172.000000 -10.141108 9.541824
v 172.000000 -8.259935 7.418419
v 172.000000 -11.042737 9.883767
v 172.000000 -8.029164 6.482147
v 172.000000 -6.043747 6.723220
v 172.000000 -13.435894 11.825651
v 172.000000 -12.000000 10.000000
v 172.000000 -12.000000 12.000000
v 172.000000 -8.029164 5.517853
v 172.000000 -6.043747 5.276780
v 172.000000 -12.957263 9.883767
v 172.000000 -8.259935 4.581581
v 172.000000 -6.389903 3.872371
v 172.000000 -14.788339 11.312737
v 172.000000 -13.858892 9.541824
v 172.000000 -8.708064 3.727741
v 172.000000 -7.062097 2.591612
v 172.000000 -15.978736 10.491064
v 172.000000 -14.652491 8.994043
v 172.000000 -8.021264 1.508935
v 172.000000 -9.347509 3.005957
v 172.000000 -15.291936 8.272259
v 172.000000 -9.211661 0.687264
v 172.000000 -10.141108 2.458176
v 172.000000 -17.610098 8.127629
v 172.000000 -15.740065 7.418419
v 172.000000 -10.564106 0.174349
v 172.000000 -11.042737 2.116233
v 172.000000 -15.970836 6.482147
v 172.000000 -12.957263 2.116233
v 172.000000 -12.000000 0.000000
v 172.000000 -12.000000 2.000000
v 172.000000 -15.970836 5.517853
v 172.000000 -13.435894 0.174349
v 172.000000 -17.610098 3.872371
v 172.000000 -15.740065 4.581581
v 172.000000 -13.858892 2.458176
v 172.000000 -14.788339 0.687264
v 172.000000 -15.291936 3.727741
v 172.000000 -14.652491 3.005957
v 172.000000 -15.978736 1.508935
v 172.000000 83.652489 8.994043
v 172.000000 84.291939 8.272259
v 172.000000 82.858894 9.541824
v 172.000000 84.740067 7.418419
v 172.000000 81.957260 9.883767
v 172.000000 84.970833 6.482147
v 172.000000 81.000000 10.000000
v 172.000000 84.970833 5.517853
v 172.000000 80.042740 9.883767
v 172.000000 84.740067 4.581581
v 172.000000 79.141106 9.541824
v 172.000000 84.291939 3.727741
v 172.000000 78.347511 8.994043
v 172.000000 83.652489 3.005957
v 172.000000 77.708061 8.272259
v 172.000000 82.858894 2.458176
v 172.000000 77.259933 7.418419
v 172.000000 81.957260 2.116233
v 172.000000 77.029167 6.482147
v 172.000000 80.042740 2.116233
v 172.000000 81.000000 2.000000
v 172.000000 77.029167 5.517853
v 172.000000 77.259933 4.581581
v 172.000000 79.141106 2.458176
v 172.000000 77.708061 3.727741
v 172.000000 78.347511 3.005957
v 171.000000 -9.531049 7.704194
v 171.000000 -10.010632 8.245532
v 171.000000 -10.605830 8.656368
v 171.000000 -9.194951 7.063815
v 171.000000 -11.282053 8.912826
v 171.000000 -9.021873 6.361610
v 171.000000 -12.000000 9.000000
v 171.000000 -9.021873 5.638390
v 171.000000 -12.717947 8.912826
v 171.000000 -9.194951 4.936185
v 171.000000 -13.394170 8.656368
v 171.000000 -9.531049 4.295806
v 171.000000 -13.989368 8.245532
v 171.000000 -10.010632 3.754468
v 171.000000 -10.605830 3.343632
v 171.000000 -14.468951 7.704194
v 171.000000 -14.805049 7.063815
v 171.000000 -14.978127 6.361610
v 171.000000 -11.282053 3.087175
v 171.000000 -14.978127 5.638390
v 171.000000 -12.000000 1.000000
v 171.000000 -12.717947 3.087175
v 171.000000 -12.000000 3.000000
v 171.000000 -13.394170 3.343632
v 171.000000 -14.805049 4.936185
v 171.000000 -14.468951 4.295806
v 171.000000 -13.989368 3.754468
v 171.000000 83.468948 7.704194
v 171.000000 82.989365 8.245532
v 171.000000 82.394173 8.656368
v 171.000000 83.805046 7.063815
v 171.000000 81.717949 8.912826
v 171.000000 83.978127 6.361610
v 171.000000 81.000000 9.000000
v 171.000000 83.978127 5.638390
v 171.000000 80.282051 8.912826
v 171.000000 83.805046 4.936185
v 171.000000 79.605827 8.656368
v 171.000000 83.468948 4.295806
v 171.000000 79.010635 8.245532
v 171.000000 82.989365 3.754468
v 171.000000 78.531052 7.704194
v 171.000000 82.394173 3.343632
v 171.000000 81.717949 3.087175
v 171.000000 78.194954 7.063815
v 171.000000 78.021873 6.361610
v 171.000000 78.021873 5.638390
v 171.000000 80.282051 3.087175
v 171.000000 81.000000 3.000000
v 171.000000 79.605827 3.343632
v 171.000000 78.194954 4.936185
v 171.000000 78.531052 4.295806
v 171.000000 79.010635 3.754468
v 172.000000 -12.957263 2.116233
v 172.000000 -12.000000 2.000000
v 175.000000 -12.000000 2.000000
v 175.000000 -12.957263 2.116233
v 172.000000 -13.858892 2.458176
v 175.000000 -13.858892 2.458176
v 175.000000 -14.652491 3.005957
v 172.000000 -14.652491 3.005957
v 172.000000 -15.291936 3.727741
v 175.000000 -15.291936 3.727741
v 172.000000 -15.740065 4.581581
v 175.000000 -15.740065 4.581581
v 175.000000 -15.970836 5.517853
v 172.000000 -15.970836 5.517853
v 172.000000 -15.970836 6.482147
v 175.000000 -15.970836 6.482147
v 175.000000 -15.740065 7.418419
v 172.000000 -15.740065 7.418419
v 172.000000 -15.291936 8.272259
v 175.000000 -15.291936 8.272259
v 175.000000 -14.652491 8.994043
v 172.000000 -14.652491 8.994043
v 175.000000 -13.858892 9.541824
v 172.000000 -13.858892 9.541824
v 172.000000 -12.957263 9.883767
v 175.000000 -12.957263 9.883767
v 175.000000 -12.000000 10.000000
v 172.000000 -12.000000 10.000000
v 172.000000 -11.042737 9.883767
v 175.000000 -11.042737 9.883767
v 172.000000 -10.141108 9.541824
v 175.000000 -10.141108 9.541824
v 172.000000 -9.347509 8.994043
v 175.000000 -9.347509 8.994043
v 175.000000 -8.708064 8.272259
v 172.000000 -8.708064 8.272259
v 175.000000 -8.259935 7.418419
v 172.000000 -8.029164 6.482147
v 175.000000 -8.029164 6.482147
v 172.000000 -8.029164 5.517853
v 175.000000 -8.029164 5.517853
v 172.000000 -8.259935 4.581581
v 175.000000 -8.259935 4.581581
v 175.000000 -8.708064 3.727741
v 172.000000 -9.347509 3.005957
v 175.000000 -9.347509 3.005957
v 175.000000 -10.141108 2.458176
v 172.000000 -10.141108 2.458176
v 172.000000 -11.042737 2.116233
v 175.000000 -11.042737 2.116233
v 175.000000 81.000000 2.000000
v 175.000000 80.042740 2.116233
v 175.000000 79.141106 2.458176
v 175.000000 78.347511 3.005957
v 175.000000 77.708061 3.727741
v 175.000000 77.259933 4.581581
v 175.000000 77.029167 5.517853
v 175.000000 77.029167 6.482147
v 175.000000 77.259933 7.418419
v 175.000000 77.708061 8.272259
v 175.000000 78.347511 8.994043
v 175.000000 79.141106 9.541824
v 175.000000 80.042740 9.883767
v 175.000000 81.000000 10.000000
v 175.000000 81.957260 9.883767
v 175.000000 82.858894 9.541824
v 175.000000 83.652489 8.994043
v 175.000000 84.291939 8.272259
v 175.000000 84.740067 7.418419
v 175.000000 84.970833 6.482147
v 175.000000 84.970833 5.517853
v 175.000000 84.740067 4.581581
v 175.000000 84.291939 3.727741
v 175.000000 83.652489 3.005957
v 175.000000 82.858894 2.458176
v 175.000000 81.957260 2.116233
v 175.000000 -12.000000 3.000000
v 175.000000 -12.717947 3.087175
v 175.000000 -13.394170 3.343632
v 175.000000 -13.989368 3.754468
v 175.000000 -14.468951 4.295806
v 175.000000 -14.805049 4.936185
v 175.000000 -14.978127 5.638390
v 175.000000 -14.978127 6.361610
v 175.000000 -14.805049 7.063815
v 175.000000 -14.468951 7.704194
v 175.000000 -13.989368 8.245532
v 175.000000 -13.394170 8.656368
v 175.000000 -12.717947 8.912826
v 175.000000 -12.000000 9.000000
v 175.000000 -11.282053 8.912826
v 175.000000 -10.605830 8.656368
v 175.000000 -10.010632 8.245532
v 175.000000 -9.531049 7.704194
v 175.000000 -9.194951 7.063815
v 175.000000 -9.021873 6.361610
v 175.000000 -9.021873 5.638390
v 175.000000 -9.194951 4.936185
v 175.000000 -9.531049 4.295806
v 175.000000 -10.010632 3.754468
v 175.000000 -10.605830 3.343632
v 175.000000 -11.282053 3.087175
v 175.000000 81.000000 3.000000
v 175.000000 80.282051 3.087175
v 175.000000 79.605827 3.343632
v 175.000000 79.010635 3.754468
v 175.000000 78.531052 4.295806
v 175.000000 78.194954 4.936185
v 175.000000 78.021873 5.638390
v 175.000000 78.021873 6.361610
v 175.000000 78.194954 7.063815
v 175.000000 78.531052 7.704194
v 175.000000 79.010635 8.245532
v 175.000000 79.605827 8.656368
v 175.000000 80.282051 8.912826
v 175.000000 81.000000 9.000000
v 175.000000 81.717949 8.912826
v 175.000000 82.394173 8.656368
v 175.000000 82.989365 8.245532
v 175.000000 83.468948 7.704194
v 175.000000 83.805046 7.063815
v 175.000000 83.978127 6.361610
v 175.000000 83.978127 5.638390
v 175.000000 83.805046 4.936185
v 175.000000 83.468948 4.295806
v 175.000000 82.989365 3.754468
v 175.000000 82.394173 3.343632
v 175.000000 81.717949 3.087175
v 175.000000 -9.347509 8.994043
v 175.000000 -8.708064 8.272259
v 175.000000 -10.141108 9.541824
v 175.000000 -11.042737 9.883767
v 175.000000 -8.029164 6.482147
v 175.000000 -12.000000 10.000000
v 175.000000 -8.029164 5.517853
v 175.000000 -12.957263 9.883767
v 175.000000 -8.259935 4.581581
v 175.000000 -13.858892 9.541824
v 175.000000 -14.652491 8.994043
v 175.000000 -9.347509 3.005957
v 175.000000 -15.291936 8.272259
v 175.000000 -10.141108 2.458176
v 175.000000 -15.740065 7.418419
v 175.000000 -11.042737 2.116233
v 175.000000 -15.970836 6.482147
v 175.000000 -12.000000 2.000000
v 175.000000 -15.970836 5.517853
v 175.000000 -12.957263 2.116233
v 175.000000 -15.740065 4.581581
v 175.000000 -13.858892 2.458176
v 175.000000 -15.291936 3.727741
v 175.000000 -14.652491 3.005957
vn 1.000000 0.000000 0.000000
vn 1.000000 -0.000000 0.000000
vn 0.707107 0.000000 0.707107
vn 0.707107 0.000000 0.707107
vn 0.707107 0.000001 0.707107
vn 0.707107 -0.000001 0.707106
vn 0.707106 0.000001 0.707107
vn 0.707107 -0.000000 0.707107
vn 0.707107 0.000000 0.707107
vn 0.707107 -0.000001 0.707107
vn 0.707107 0.000000 0.707107
vn 0.450593 -0.892730 0.000000
vn 0.493721 -0.869412 -0.019042
vn 0.535846 -0.844314 -0.001636
vn 0.469411 -0.882205 -0.036970
vn 0.576586 -0.817035 0.001120
vn 0.615906 -0.787746 -0.010779
vn 0.653821 -0.756647 -0.002177
vn 0.690125 -0.723689 0.000988
vn 0.618898 -0.785366 -0.012848
vn 0.724762 -0.688986 -0.004262
vn 0.757550 -0.652532 -0.017911
vn 0.788702 -0.614672 -0.011303
vn 0.817936 -0.575308 -0.001093
vn 0.845154 -0.534522 0.000708
vn 0.766806 -0.641414 -0.024411
vn 0.870324 -0.492444 -0.005906
vn 0.893238 -0.449097 -0.020914
vn 0.896083 -0.443236 -0.024022
vn 0.914340 -0.404845 -0.009078
vn 0.933125 -0.359553 -0.000230
vn 0.949628 -0.313380 0.000207
vn 0.963819 -0.266445 -0.007769
vn 0.975163 -0.220221 -0.023656
vn 0.975493 -0.218830 -0.022948
vn 0.985282 -0.170788 -0.007072
vn 0.992494 -0.122290 0.000413
vn 0.997296 -0.073491 -0.000515
vn 0.999651 -0.024516 -0.009853
vn 0.999593 0.015134 -0.024187
vn 0.999503 0.024513 -0.019807
vn 0.997282 0.073490 -0.005289
vn 0.992494 0.122290 0.000834
vn 0.985306 0.170792 -0.001458
vn 0.975678 0.218871 -0.012158
vn 0.968030 0.249636 -0.024498
vn 0.963710 0.266415 -0.016885
vn 0.949621 0.313378 -0.003725
vn 0.933124 0.359553 0.001034
vn 0.914375 0.404860 -0.002622
vn 0.893337 0.449147 -0.014683
vn 0.845152 0.534521 -0.002382
vn 0.817936 0.575309 0.001013
vn 0.788746 0.614706 -0.004007
vn 0.797659 0.603108 -0.000000
vn 0.757653 0.652620 -0.007023
vn 0.724770 0.688991 0.000234
vn 0.690125 0.723690 -0.000266
vn 0.763986 0.645155 -0.010020
vn 0.653797 0.756622 -0.008521
vn 0.615938 0.787781 -0.004641
vn 0.576587 0.817034 0.001683
vn 0.637070 0.770647 -0.015643
vn 0.535836 0.844304 -0.005511
vn 0.493643 0.869270 -0.026194
vn 0.450594 0.892729 0.000000
vn 0.472353 0.880365 -0.042898
vn 0.882243 0.470152 -0.024587
vn 0.870252 0.492403 -0.014182
vn 0.000000 0.000000 1.000000
vn 0.000000 0.000000 1.000000
vn 0.000000 0.000000 1.000000
vn 0.000000 0.000000 1.000000
vn 0.000000 0.000000 1.000000
vn 0.000000 0.000000 1.000000
vn 0.000000 0.000000 1.000000
vn 0.000000 0.000000 1.000000
vn 0.000000 0.000000 1.000000
vn 0.000000 0.000000 1.000000
vn 0.000000 0.000000 1.000000
vn 0.000000 0.000000 1.000000
vn 0.000000 0.000000 1.000000
vn 0.000000 0.000000 1.000000
vn 0.000000 0.000000 1.000000
vn 0.000000 0.000000 1.000000
vn 0.000000 0.000000 1.000000
vn 0.000000 0.000000 1.000000
vn 0.000000 0.000000 1.000000
vn 0.000000 0.000000 1.000000
vn 0.000000 0.000000 1.000000
vn 0.000000 0.000000 1.000000
vn 0.000000 0.000000 1.000000
vn 0.000000 0.000000 1.000000
vn 0.000000 0.000000 1.000000
vn 0.000000 0.000000 1.000000
vn 0.000000 0.000000 1.000000
vn 0.000000 0.000000 1.000000
vn 0.000000 0.000000 1.000000
vn 0.000000 0.000000 1.000000
vn 0.000000 0.000000 1.000000
vn 0.000000 0.000000 1.000000
vn 0.000000 0.000000 1.000000
vn 0.000000 0.000000 1.000000
vn 0.000000 0.000000 1.000000
vn 0.000000 0.000000 1.000000
vn 0.000000 0.000000 1.000000
vn 0.000000 0.000000 1.000000
vn 0.000000 0.000000 1.000000
vn 0.000000 0.000000 1.000000
vn 0.000000 0.000000 1.000000
vn 0.000000 0.000000 1.000000
vn 0.000000 0.000000 1.000000
vn 0.000000 0.000000 1.000000
vn 0.000000 0.000000 1.000000
vn 0.000000 0.000000 1.000000
vn 0.000000 0.000000 1.000000
vn 0.000000 0.000000 1.000000
vn 0.000000 0.000000 1.000000
vn 0.000000 0.000000 1.000000
vn 0.000000 0.000000 1.000000
vn 0.000000 0.000000 1.000000
vn 0.000000 0.000000 1.000000
vn 0.000000 0.000000 1.000000
vn 0.000000 0.000000 1.000000
vn 0.000000 0.000000 1.000000
vn 0.000000 0.000000 1.000000
vn 0.000000 0.000000 1.000000
vn 0.000000 0.000000 1.000000
vn 0.000000 0.000000 1.000000
vn 0.000000 0.000000 1.000000
vn 0.000000 0.000000 1.000000
vn 0.000000 0.000000 1.000000
vn 0.000000 0.000000 1.000000
vn 0.000000 0.000000 1.000000
vn 0.000000 0.000000 1.000000
vn 0.000000 0.000000 1.000000
vn 0.000000 0.000000 1.000000
vn 0.000000 0.000000 1.000000
vn 0.000000 0.000000 1.000000
vn 0.000000 0.000000 1.000000
vn 0.000000 0.000000 1.000000
vn 0.000000 0.000000 1.000000
vn 0.000000 0.000000 1.000000
vn 0.000000 0.000000 1.000000
vn 0.000000 0.000000 1.000000
vn 0.000000 0.000000 1.000000
vn 0.000000 0.000000 1.000000
vn 0.000000 0.000000 1.000000
vn 0.000000 0.000000 1.000000
vn 0.000000 0.000000 1.000000
vn 0.000000 0.000000 1.000000
vn 0.000000 0.000000 1.000000
vn 0.000000 0.000000 1.000000
vn 0.000000 0.000000 1.000000
vn 0.000000 0.000000 1.000000
vn 0.000000 0.000000 1.000000
vn 0.000000 0.000000 1.000000
vn 0.000000 0.000000 1.000000
vn 0.000000 0.000000 1.000000
vn 0.000000 0.000000 1.000000
vn 0.000000 0.000000 1.000000
vn 0.000000 0.000000 1.000000
vn 0.000000 0.000000 1.000000
vn 0.000000 0.000000 1.000000
vn 0.000000 0.000000 1.000000
vn 0.000000 0.000000 1.000000
vn 0.000000 0.000000 1.000000
vn 0.000000 0.000000 1.000000
vn 0.000000 0.000000 1.000000
vn 0.000000 0.000000 1.000000
vn 0.000000 0.000000 1.000000
vn 0.000000 0.000000 1.000000
vn 0.000000 0.000000 1.000000
vn 0.000000 0.000000 1.000000
vn 0.000000 0.000000 1.000000
vn 0.000000 0.000000 1.000000
vn 0.000000 0.000000 1.000000
vn 0.000000 0.000000 1.000000
vn 0.000000 0.000000 1.000000
vn 0.000000 0.000000 1.000000
vn 0.000000 0.000000 1.000000
vn 0.000000 0.000000 1.000000
vn 0.000000 0.000000 1.000000
vn 0.000000 0.000000 1.000000
vn 0.000000 0.000000 1.000000
vn 0.000000 0.000000 1.000000
vn 0.000000 0.000000 1.000000
vn 0.000000 0.000000 1.000000
vn 0.000000 0.000000 1.000000
vn 0.000000 0.000000 1.000000
vn 0.000000 0.000000 1.000000
vn 0.000000 0.000000 1.000000
vn 0.000000 0.000000 1.000000
vn 0.000000 0.000000 1.000000
vn 0.000000 0.000000 1.000000
vn 0.000000 0.000000 1.000000
vn 0.000000 0.000000 1.000000
vn 0.000000 0.000000 1.000000
vn 0.000000 0.000000 1.000000
vn 0.000000 0.000000 1.000000
vn 0.000000 0.000000 1.000000
vn 0.000000 0.000000 1.000000
vn 0.000000 0.000000 1.000000
vn 0.000000 0.000000 1.000000
vn 0.000000 0.000000 1.000000
vn 0.000000 0.000000 1.000000
vn 0.000000 0.000000 1.000000
vn 0.000000 0.000000 1.000000
vn 0.000000 0.000000 1.000000
vn 0.000000 0.000000 1.000000
vn 0.000000 0.000000 1.000000
vn 0.000000 0.000000 1.000000
vn 0.000000 0.000000 1.000000
vn 0.000000 0.000000 1.000000
vn 0.000000 0.000000 1.000000
vn 0.000000 0.000000 1.000000
vn 0.000000 0.000000 1.000000
vn 0.000000 0.000000 1.000000
vn 0.000000 0.000000 1.000000
vn 0.000000 0.000000 1.000000
vn 0.000000 0.000000 1.000000
vn 0.000000 0.000000 1.000000
vn 0.000000 0.000000 1.000000
vn 0.000000 0.000000 1.000000
vn 0.000000 0.000000 1.000000
vn 0.000000 0.000000 1.000000
vn 0.000000 0.000000 1.000000
vn 0.000000 0.000000 1.000000
vn 0.000000 0.000000 1.000000
vn 0.000000 0.000000 1.000000
vn 0.000000 0.000000 1.000000
vn 0.000000 0.000000 1.000000
vn 0.000000 0.000000 1.000000
vn 0.000000 0.000000 1.000000
vn 0.000000 0.000000 1.000000
vn 0.000000 0.000000 1.000000
vn 0.000000 0.000000 1.000000
vn 0.000000 0.000000 1.000000
vn 0.000000 0.000000 1.000000
vn 0.000000 0.000000 1.000000
vn 0.000000 0.000000 1.000000
vn 0.000000 0.000000 1.000000
vn 0.000000 0.000000 1.000000
vn 0.000000 0.000000 1.000000
vn 0.000000 0.000000 1.000000
vn 0.000000 0.000000 1.000000
vn 0.000000 0.000000 1.000000
vn 0.000000 0.000000 1.000000
vn 0.000000 0.000000 1.000000
vn 0.000000 0.000000 1.000000
vn 0.000000 0.000000 1.000000
vn 0.000000 0.000000 1.000000
vn 0.000000 0.000000 1.000000
vn 0.000000 0.000000 1.000000
vn 0.000000 0.000000 1.000000
vn 0.000000 0.000000 1.000000
vn 0.000000 0.000000 1.000000
vn 0.000000 0.000000 1.000000
vn 0.000000 0.000000 1.000000
vn 0.000000 0.000000 1.000000
vn 0.000000 0.000000 1.000000
vn 0.000000 0.000000 1.000000
vn 0.000000 0.000000 1.000000
vn 0.000000 0.000000 1.000000
vn 0.000000 0.000000 1.000000
vn 0.000000 0.000000 1.000000
vn 0.000000 0.000000 1.000000
vn 0.000000 0.000000 1.000000
vn 0.000000 0.000000 1.000000
vn 0.000000 0.000000 1.000000
vn 0.000000 0.000000 1.000000
vn 0.000000 0.000000 1.000000
vn 0.000000 0.000000 1.000000
vn 0.000000 0.000000 1.000000
vn 0.000000 0.000000 1.000000
vn 0.000000 0.000000 1.000000
vn 0.000000 0.000000 1.000000
vn 0.000000 0.000000 1.000000
vn 0.000000 0.000000 1.000000
vn 0.000000 0.000000 1.000000
vn 0.000000 0.000000 1.000000
vn 0.000000 0.000000 1.000000
vn 0.000000 0.000000 1.000000
vn 0.000000 0.000000 1.000000
vn 0.000000 0.000000 1.000000
vn 0.000000 0.000000 1.000000
vn 0.000000 0.000000 1.000000
vn 0.000000 0.000000 1.000000
vn 0.000000 0.000000 1.000000
vn 0.000000 0.000000 1.000000
vn 0.000000 0.000000 1.000000
vn 0.000000 0.000000 1.000000
vn 0.000000 0.000000 1.000000
vn 0.000000 0.000000 1.000000
vn 0.000000 0.000000 1.000000
vn 0.000000 0.000000 1.000000
vn 0.000000 0.000000 1.000000
vn 0.000000 0.000000 1.000000
vn 0.000000 0.000000 1.000000
vn 0.000000 0.000000 1.000000
vn 0.000000 0.000000 1.000000
vn 0.000000 0.000000 1.000000
vn 0.000000 0.000000 1.000000
vn 0.000000 0.000000 1.000000
vn 0.000000 0.000000 1.000000
vn 0.000000 0.000000 1.000000
vn 0.000000 0.000000 1.000000
vn 0.000000 0.000000 1.000000
vn 0.000000 0.000000 1.000000
vn 0.000000 0.000000 1.000000
vn 0.000000 0.000000 1.000000
vn 0.000000 0.000000 1.000000
vn 0.000000 0.000000 1.000000
vn 0.000000 0.000000 1.000000
vn 0.000000 0.000000 1.000000
vn 0.000000 0.000000 1.000000
vn 0.000000 0.000000 1.000000
vn 0.000000 0.000000 1.000000
vn 0.000000 0.000000 1.000000
vn 0.000000 0.000000 1.000000
vn 0.000000 0.000000 1.000000
vn 0.000000 0.000000 1.000000
vn 0.000000 0.000000 1.000000
vn 0.000000 0.000000 1.000000
vn 0.000000 0.000000 1.000000
vn 0.000000 0.000000 1.000000
vn 0.000000 0.000000 1.000000
vn 0.000000 0.000000 1.000000
vn 0.000000 0.000000 1.000000
vn 0.000000 0.000000 1.000000
vn 0.000000 0.000000 1.000000
vn 0.000000 0.000000 1.000000
vn 0.000000 0.000000 1.000000
vn 0.000000 0.000000 1.000000
vn 0.000000 0.000000 1.000000
vn 0.000000 0.000000 1.000000
vn 0.000000 0.000000 1.000000
vn 0.000000 0.000000 1.000000
vn 0.000000 0.000000 1.000000
vn 0.000000 0.000000 1.000000
vn 0.000000 0.000000 1.000000
vn 0.000000 0.000000 1.000000
vn 0.000000 0.000000 1.000000
vn 0.000000 0.000000 1.000000
vn 0.000000 0.000000 1.000000
vn 0.000000 0.000000 1.000000
vn 0.000000 0.000000 1.000000
vn 0.000000 0.000000 1.000000
vn 0.000000 0.000000 1.000000
vn 0.000000 0.000000 1.000000
vn 0.000000 0.000000 1.000000
vn 0.000000 0.000000 1.000000
vn 0.000000 0.000000 1.000000
vn 0.000000 0.000000 1.000000
vn 0.000000 0.000000 1.000000
vn 0.000000 0.000000 1.000000
vn 0.000000 0.000000 1.000000
vn 0.000000 0.000000 1.000000
vn 0.000000 0.000000 1.000000
vn 0.000000 0.000000 1.000000
vn 0.000000 0.000000 1.000000
vn 0.000000 -1.000000 0.000000
vn 0.000000 -1.000000 0.000000
vn -0.000000 -1.000000 0.000000
vn 0.000000 -0.085306 0.996355
vn 0.013163 -0.105240 0.994360
vn -0.010490 -0.255993 0.966622
vn -0.056923 -0.310581 0.948841
vn 0.066831 -0.376964 0.923814
vn 0.000000 -0.503137 0.864206
vn 0.035729 -0.514598 0.856687
vn 0.000000 0.000000 1.000000
vn 0.000000 0.000000 1.000000
vn 0.000000 1.000000 0.000000
vn 0.000000 1.000000 0.000000
vn 0.000000 1.000000 0.000000
vn 0.000000 1.000000 0.000000
vn 0.000000 1.000000 0.000000
vn 1.000000 0.000000 0.000000
vn 1.000000 -0.000000 0.000000
vn 0.707107 0.000000 0.707107
vn 0.707107 0.000000 0.707107
vn 0.707107 0.000000 0.707107
vn 0.707107 0.000000 0.707107
vn 0.707107 0.000000 0.707107
vn 0.000000 0.000000 1.000000
vn 0.000000 0.000000 1.000000
vn 0.000000 0.000000 1.000000
vn 0.000000 0.000000 1.000000
vn 0.000000 0.000000 1.000000
vn 0.000000 0.000000 1.000000
vn 0.000000 0.000000 1.000000
vn 0.000000 0.000000 1.000000
vn 0.000000 1.000000 0.000000
vn 0.000000 1.000000 0.000000
vn 0.000000 1.000000 0.000000
vn 0.000000 1.000000 0.000000
vn -1.000000 0.000000 0.000000
vn -1.000000 0.000000 0.000000
vn 0.000000 -1.000000 0.000000
vn 0.000000 -1.000000 0.000000
vn 0.000000 -1.000000 0.000000
vn 0.000000 -1.000000 0.000000
vn 1.000000 0.000000 0.000000
vn 1.000000 -0.000000 0.000000
vn 0.450602 -0.892725 0.000000
vn 0.493645 -0.869269 -0.026186
vn 0.535823 -0.844312 -0.005510
vn 0.576590 -0.817032 0.001686
vn 0.472356 -0.880364 -0.042888
vn 0.615932 -0.787786 -0.004636
vn 0.653792 -0.756626 -0.008525
vn 0.690128 -0.723687 -0.000268
vn 0.724766 -0.688995 0.000231
vn 0.637075 -0.770643 -0.015643
vn 0.757667 -0.652604 -0.007029
vn 0.788739 -0.614715 -0.004008
vn 0.817938 -0.575305 0.001013
vn 0.845150 -0.534523 -0.002382
vn 0.763985 -0.645156 -0.010019
vn 0.797656 -0.603113 0.000000
vn 0.893336 -0.449149 -0.014681
vn 0.914373 -0.404864 -0.002621
vn 0.933125 -0.359552 0.001035
vn 0.949620 -0.313380 -0.003724
vn 0.963710 -0.266415 -0.016885
vn 0.968030 -0.249635 -0.024497
vn 0.975678 -0.218869 -0.012158
vn 0.985306 -0.170794 -0.001458
vn 0.992494 -0.122289 0.000834
vn 0.997282 -0.073490 -0.005288
vn 0.999503 -0.024513 -0.019807
vn 0.999593 -0.015133 -0.024187
vn 0.999651 0.024516 -0.009853
vn 0.997296 0.073491 -0.000515
vn 0.992494 0.122289 0.000413
vn 0.985282 0.170790 -0.007073
vn 0.975494 0.218828 -0.022947
vn 0.963819 0.266445 -0.007769
vn 0.949627 0.313382 0.000207
vn 0.933125 0.359552 -0.000229
vn 0.975163 0.220221 -0.023656
vn 0.914338 0.404849 -0.009078
vn 0.893242 0.449090 -0.020917
vn 0.870323 0.492446 -0.005906
vn 0.845153 0.534525 0.000707
vn 0.817938 0.575305 -0.001093
vn 0.896083 0.443237 -0.024020
vn 0.788704 0.614670 -0.011303
vn 0.757545 0.652537 -0.017910
vn 0.724770 0.688977 -0.004266
vn 0.690116 0.723698 0.000986
vn 0.653827 0.756641 -0.002177
vn 0.766806 0.641415 -0.024413
vn 0.615903 0.787749 -0.010779
vn 0.576590 0.817033 0.001118
vn 0.618897 0.785367 -0.012850
vn 0.535846 0.844314 -0.001639
vn 0.493725 0.869410 -0.019043
vn 0.450584 0.892734 0.000000
vn 0.469407 0.882208 -0.036977
vn 0.882328 -0.470199 -0.020252
vn 0.869807 -0.492142 -0.035096
vn 1.000000 0.000000 0.000000
vn 1.000000 -0.000000 0.000000
vn 0.000000 0.000000 1.000000
vn 0.000000 0.000000 1.000000
vn 0.000000 0.000000 1.000000
vn 0.000000 0.000000 1.000000
vn 0.000000 0.000000 1.000000
vn 0.000000 0.000000 1.000000
vn 0.000000 0.000000 1.000000
vn 0.000000 0.000000 1.000000
vn 0.000000 0.000000 1.000000
vn 0.000000 0.000000 1.000000
vn 0.000000 0.000000 1.000000
vn 0.000000 0.000000 1.000000
vn 0.000000 0.000000 1.000000
vn 0.000000 0.000000 1.000000
vn 0.000000 0.000000 1.000000
vn 0.000000 0.000000 1.000000
vn 0.000000 0.000000 1.000000
vn 0.000000 0.000000 1.000000
vn 0.000000 0.000000 1.000000
vn 0.000000 0.000000 1.000000
vn 0.000000 0.000000 1.000000
vn 0.000000 0.000000 1.000000
vn 0.000000 0.000000 1.000000
vn 0.000000 0.000000 1.000000
vn 0.000000 0.000000 1.000000
vn 0.000000 0.000000 1.000000
vn 0.000000 0.000000 1.000000
vn 0.000000 0.000000 1.000000
vn 0.000000 0.000000 1.000000
vn 0.000000 0.000000 1.000000
vn 0.000000 0.000000 1.000000
vn 0.000000 0.000000 1.000000
vn 0.000000 1.000000 0.000000
vn 0.000000 1.000000 0.000000
vn 0.000000 1.000000 0.000000
vn 0.000000 1.000000 0.000000
vn 0.000000 1.000000 0.000000
vn -1.000000 0.000000 -0.000000
vn -1.000000 -0.000000 0.000000
vn -1.000000 0.000000 -0.000000
vn -1.000000 -0.000000 0.000000
vn 0.000000 -1.000000 0.000000
vn -0.000000 -1.000000 0.000000
vn 0.000000 -1.000000 0.000000
vn 0.000000 -1.000000 0.000000
vn 0.000000 -1.000000 0.000000
vn 0.000000 -1.000000 0.000000
vn 0.000000 -1.000000 0.000000
vn -0.000000 -1.000000 0.000000
vn 0.000000 -1.000000 0.000000
vn 0.000000 -1.000000 0.000000
vn 0.000000 -1.000000 0.000000
vn 0.000000 -1.000000 0.000000
vn 0.000000 -1.000000 0.000000
vn 0.000000 -1.000000 0.000000
vn 0.000000 -1.000000 0.000000
vn 0.000000 -1.000000 0.000000
vn 0.000000 -1.000000 0.000000
vn 0.000000 -1.000000 0.000000
vn 0.000000 -1.000000 0.000000
vn 0.000000 -1.000000 0.000000
vn 0.000000 -1.000000 0.000000
vn -0.000000 -1.000000 0.000000
vn -0.000000 -1.000000 0.000000
vn -0.000000 -1.000000 0.000000
vn 0.000000 -1.000000 0.000000
vn 0.000000 -1.000000 0.000000
vn 0.000000 -1.000000 0.000000
vn 0.000000 -1.000000 0.000000
vn 0.000000 -1.000000 0.000000
vn 0.000000 -1.000000 0.000000
vn 0.000000 -1.000000 0.000000
vn 0.000000 -1.000000 0.000000
vn 0.000000 -1.000000 0.000000
vn -1.000000 0.000000 0.000000
vn -1.000000 0.000000 0.000000
vn 0.000000 1.000000 0.000000
vn 0.000000 1.000000 0.000000
vn 0.000000 1.000000 0.000000
vn 0.000000 1.000000 0.000000
vn 0.000000 1.000000 0.000000
vn 0.000000 1.000000 0.000000
vn 0.000000 1.000000 0.000000
vn 0.000000 1.000000 0.000000
vn 0.000000 1.000000 0.000000
vn 0.000000 1.000000 0.000000
vn 0.000000 1.000000 0.000000
vn 0.000000 1.000000 0.000000
vn 0.000000 1.000000 0.000000
vn 0.000000 1.000000 0.000000
vn 0.000000 1.000000 0.000000
vn 0.000000 1.000000 0.000000
vn 0.000000 1.000000 0.000000
vn 0.000000 1.000000 0.000000
vn 0.000000 1.000000 0.000000
vn 0.000000 1.000000 0.000000
vn 0.000000 1.000000 0.000000
vn 0.000000 1.000000 0.000000
vn 0.000000 1.000000 0.000000
vn 0.000000 1.000000 0.000000
vn 0.000000 1.000000 0.000000
vn 0.000000 1.000000 0.000000
vn 0.000000 1.000000 0.000000
vn 0.000000 1.000000 0.000000
vn 0.000000 1.000000 0.000000
vn 0.000000 1.000000 0.000000
vn 0.000000 1.000000 0.000000
vn 0.000000 1.000000 0.000000
vn 0.000000 1.000000 0.000000
vn -1.000000 0.000000 0.000000
vn -1.000000 0.000000 0.000000
vn -1.000000 0.000000 0.000000
vn -1.000000 0.000000 0.000000
vn 0.000000 -1.000000 0.000000
vn 0.000000 -1.000000 0.000000
vn 0.000000 -1.000000 0.000000
vn 0.000000 -1.000000 0.000000
vn 0.000000 -1.000000 0.000000
vn 0.000000 0.000000 1.000000
vn 0.000000 0.000000 1.000000
vn 0.000000 0.000000 1.000000
vn 0.000000 0.000000 1.000000
vn 0.000000 0.000000 1.000000
vn 0.000000 0.000000 1.000000
vn 0.000000 0.000000 1.000000
vn 0.000000 0.000000 1.000000
vn 0.000000 0.000000 1.000000
vn 0.000000 0.000000 1.000000
vn 0.000000 0.000000 1.000000
vn 0.000000 0.000000 1.000000
vn 0.000000 0.000000 1.000000
vn 0.000000 0.000000 1.000000
vn 0.000000 0.000000 1.000000
vn 0.000000 0.000000 1.000000
vn 0.000000 0.000000 1.000000
vn 0.000000 0.000000 1.000000
vn 0.000000 0.000000 1.000000
vn 0.000000 0.000000 1.000000
vn 0.000000 0.000000 1.000000
vn 0.000000 0.000000 1.000000
vn 0.000000 0.000000 1.000000
vn 0.000000 0.000000 1.000000
vn 0.000000 0.000000 1.000000
vn 0.000000 0.000000 1.000000
vn 0.000000 0.000000 1.000000
vn 0.000000 0.000000 1.000000
vn 0.000000 0.000000 1.000000
vn 0.000000 0.000000 1.000000
vn 0.000000 0.000000 1.000000
vn 0.000000 0.000000 1.000000
vn -0.992709 -0.120537 -0.000000
vn -0.992709 -0.120537 0.000000
vn -0.935016 -0.354605 0.000000
vn -0.935016 -0.354605 -0.000000
vn -0.822984 -0.568065 0.000000
vn -0.822984 -0.568065 -0.000000
vn -0.663123 -0.748511 0.000000
vn -0.464724 -0.885456 0.000000
vn -0.663123 -0.748511 -0.000000
vn -0.464724 -0.885456 0.000000
vn -0.239315 -0.970942 0.000000
vn -0.239315 -0.970942 -0.000000
vn 0.000000 -1.000000 0.000000
vn 0.239315 -0.970942 0.000000
vn -0.000000 -1.000000 -0.000000
vn 0.464724 -0.885456 0.000000
vn 0.239315 -0.970942 0.000000
vn 0.464724 -0.885456 0.000000
vn 0.663122 -0.748511 0.000000
vn 0.663122 -0.748511 0.000000
vn 0.822984 -0.568065 0.000000
vn 0.822984 -0.568065 0.000000
vn 0.935016 -0.354605 0.000000
vn 0.935016 -0.354605 0.000000
vn 0.992709 -0.120537 0.000000
vn 0.992709 -0.120537 0.000000
vn 0.992709 0.120537 0.000000
vn 0.992709 0.120537 0.000000
vn 0.935016 0.354605 0.000000
vn 0.935016 0.354605 0.000000
vn 0.822984 0.568065 0.000000
vn 0.822984 0.568065 0.000000
vn 0.663123 0.748511 0.000000
vn 0.663123 0.748511 0.000000
vn 0.464723 0.885456 0.000000
vn 0.464723 0.885456 0.000000
vn 0.239316 0.970942 0.000000
vn 0.239316 0.970942 0.000000
vn -0.000000 1.000000 0.000000
vn 0.000000 1.000000 0.000000
vn -0.239316 0.970942 0.000000
vn -0.239316 0.970942 0.000000
vn -0.464723 0.885456 0.000000
vn -0.464723 0.885456 0.000000
vn -0.663123 0.748511 0.000000
vn -0.663123 0.748511 0.000000
vn -0.822984 0.568065 0.000000
vn -0.822984 0.568065 0.000000
vn -0.935016 0.354605 0.000000
vn -0.992709 0.120537 0.000000
vn -0.935016 0.354605 0.000000
vn -0.992709 0.120537 0.000000
vn -0.999689 -0.024941 -0.000000
vn -0.999689 -0.024941 0.000000
vn -0.997205 -0.074710 0.000000
vn -0.997205 -0.074710 -0.000000
vn -0.992237 -0.124360 0.000000
vn -0.992237 -0.124360 -0.000000
vn -0.984811 -0.173628 0.000000
vn -0.984811 -0.173628 -0.000000
vn -0.974928 -0.222520 0.000000
vn -0.974928 -0.222520 -0.000000
vn -0.962618 -0.270864 0.000000
vn -0.962618 -0.270864 -0.000000
vn -0.947935 -0.318465 0.000000
vn -0.947935 -0.318465 -0.000000
vn -0.930871 -0.365348 0.000000
vn -0.930871 -0.365348 -0.000000
vn -0.911500 -0.411300 0.000000
vn -0.911500 -0.411300 -0.000000
vn -0.889876 -0.456203 0.000000
vn -0.889876 -0.456203 -0.000000
vn -0.866019 -0.500011 -0.000000
vn -0.866019 -0.500011 0.000000
vn -0.840031 -0.542539 -0.000000
vn -0.840031 -0.542539 0.000000
vn -0.811933 -0.583750 -0.000000
vn -0.811933 -0.583750 0.000000
vn -0.781842 -0.623477 0.000000
vn -0.781842 -0.623477 0.000000
vn -0.749764 -0.661705 -0.000000
vn -0.749764 -0.661705 0.000000
vn -0.715869 -0.698234 -0.000000
vn -0.715869 -0.698234 0.000000
vn -0.680180 -0.733045 -0.000000
vn -0.680180 -0.733045 0.000000
vn -0.642792 -0.766041 0.000000
vn -0.642792 -0.766041 0.000000
vn -0.603800 -0.797136 -0.000000
vn -0.603800 -0.797136 0.000000
vn -0.563330 -0.826232 0.000000
vn -0.563330 -0.826232 0.000000
vn -0.521438 -0.853289 -0.000000
vn -0.521438 -0.853289 0.000000
vn -0.478246 -0.878226 0.000000
vn -0.478246 -0.878226 0.000000
vn -0.433898 -0.900962 0.000000
vn -0.433898 -0.900962 -0.000000
vn -0.388423 -0.921481 0.000000
vn -0.388423 -0.921481 -0.000000
vn -0.342023 -0.939692 0.000000
vn -0.342023 -0.939692 -0.000000
vn -0.294734 -0.955579 0.000000
vn -0.294734 -0.955579 -0.000000
vn -0.246773 -0.969073 0.000000
vn -0.246773 -0.969073 -0.000000
vn -0.198153 -0.980171 0.000000
vn -0.198153 -0.980171 -0.000000
vn -0.149033 -0.988832 0.000000
vn -0.149033 -0.988832 -0.000000
vn -0.099572 -0.995030 0.000000
vn -0.099572 -0.995030 -0.000000
vn -0.049844 -0.998757 0.000000
vn -0.049844 -0.998757 -0.000000
vn 0.000000 -1.000000 0.000000
vn 0.049844 -0.998757 0.000000
vn -0.000000 -1.000000 -0.000000
vn 0.049844 -0.998757 0.000000
vn 0.099572 -0.995030 0.000000
vn 0.099572 -0.995030 0.000000
vn 0.149033 -0.988832 0.000000
vn 0.149033 -0.988832 0.000000
vn 0.198153 -0.980171 0.000000
vn 0.198153 -0.980171 0.000000
vn 0.246773 -0.969073 0.000000
vn 0.246773 -0.969073 0.000000
vn 0.294734 -0.955579 0.000000
vn 0.294734 -0.955579 0.000000
vn 0.342023 -0.939692 0.000000
vn 0.342023 -0.939692 0.000000
vn 0.388423 -0.921481 0.000000
vn 0.388423 -0.921481 0.000000
vn 0.433898 -0.900962 0.000000
vn 0.433898 -0.900962 0.000000
vn 0.478246 -0.878226 0.000000
vn 0.478246 -0.878226 0.000000
vn 0.521438 -0.853289 0.000000
vn 0.521438 -0.853289 0.000000
vn 0.563330 -0.826232 0.000000
vn 0.563330 -0.826232 0.000000
vn 0.603800 -0.797136 0.000000
vn 0.603800 -0.797136 0.000000
vn 0.642792 -0.766041 0.000000
vn 0.642792 -0.766041 0.000000
vn 0.680180 -0.733045 0.000000
vn 0.680180 -0.733045 0.000000
vn 0.715869 -0.698234 0.000000
vn 0.715869 -0.698234 0.000000
vn 0.749764 -0.661705 0.000000
vn 0.749764 -0.661705 0.000000
vn 0.781842 -0.623477 0.000000
vn 0.781842 -0.623477 0.000000
vn 0.811933 -0.583750 0.000000
vn 0.811933 -0.583750 0.000000
vn 0.840031 -0.542539 0.000000
vn 0.840031 -0.542539 0.000000
vn 0.866019 -0.500011 0.000000
vn 0.866019 -0.500011 0.000000
vn 0.889876 -0.456203 0.000000
vn 0.889876 -0.456203 0.000000
vn 0.911500 -0.411300 0.000000
vn 0.911500 -0.411300 0.000000
vn 0.930871 -0.365348 0.000000
vn 0.930871 -0.365348 0.000000
vn 0.947935 -0.318465 0.000000
vn 0.947935 -0.318465 0.000000
vn 0.962618 -0.270864 0.000000
vn 0.962618 -0.270864 0.000000
vn 0.974928 -0.222520 0.000000
vn 0.974928 -0.222520 0.000000
vn 0.984811 -0.173628 0.000000
vn 0.984811 -0.173628 0.000000
vn 0.992237 -0.124360 0.000000
vn 0.992237 -0.124360 0.000000
vn 0.997205 -0.074710 0.000000
vn 0.997205 -0.074710 0.000000
vn 0.999689 -0.024941 0.000000
vn 0.999689 -0.024941 0.000000
vn 0.999689 0.024941 0.000000
vn 0.999689 0.024941 0.000000
vn 0.997205 0.074710 0.000000
vn 0.997205 0.074710 0.000000
vn 0.992237 0.124360 0.000000
vn 0.992237 0.124360 0.000000
vn 0.984811 0.173628 0.000000
vn 0.984811 0.173628 0.000000
vn 0.974928 0.222520 0.000000
vn 0.974928 0.222520 0.000000
vn 0.962618 0.270864 0.000000
vn 0.962618 0.270864 0.000000
vn 0.947935 0.318465 0.000000
vn 0.947935 0.318465 0.000000
vn 0.930871 0.365348 0.000000
vn 0.930871 0.365348 0.000000
vn 0.911500 0.411300 0.000000
vn 0.911500 0.411300 0.000000
vn 0.889876 0.456203 0.000000
vn 0.889876 0.456203 0.000000
vn 0.866019 0.500011 -0.000000
vn 0.866019 0.500011 0.000000
vn 0.840031 0.542539 0.000000
vn 0.840031 0.542539 0.000000
vn 0.811933 0.583750 0.000000
vn 0.811933 0.583750 0.000000
vn 0.781842 0.623477 0.000000
vn 0.781842 0.623477 0.000000
vn 0.749764 0.661705 0.000000
vn 0.749764 0.661705 0.000000
vn 0.715869 0.698234 0.000000
vn 0.715869 0.698234 0.000000
vn 0.680180 0.733045 0.000000
vn 0.680180 0.733045 0.000000
vn 0.642792 0.766041 0.000000
vn 0.642792 0.766041 0.000000
vn 0.603800 0.797136 0.000000
vn 0.603800 0.797136 0.000000
vn 0.563330 0.826232 0.000000
vn 0.563330 0.826232 0.000000
vn 0.521438 0.853289 0.000000
vn 0.478246 0.878226 -0.000000
vn 0.521438 0.853289 0.000000
vn 0.478246 0.878226 0.000000
vn 0.433898 0.900962 0.000000
vn 0.433898 0.900962 0.000000
vn 0.388423 0.921481 0.000000
vn 0.388423 0.921481 0.000000
vn 0.342023 0.939692 0.000000
vn 0.342023 0.939692 0.000000
vn 0.294734 0.955579 0.000000
vn 0.294734 0.955579 0.000000
vn 0.246773 0.969073 0.000000
vn 0.246773 0.969073 0.000000
vn 0.198153 0.980171 0.000000
vn 0.198153 0.980171 0.000000
vn 0.149033 0.988832 0.000000
vn 0.149033 0.988832 0.000000
vn 0.099572 0.995030 0.000000
vn 0.099572 0.995030 0.000000
vn 0.049844 0.998757 0.000000
vn 0.049844 0.998757 0.000000
vn 0.000000 1.000000 0.000000
vn -0.000000 1.000000 0.000000
vn -0.049844 0.998757 0.000000
vn -0.049844 0.998757 0.000000
vn -0.099572 0.995030 0.000000
vn -0.099572 0.995030 0.000000
vn -0.149033 0.988832 0.000000
vn -0.149033 0.988832 0.000000
vn -0.198153 0.980171 0.000000
vn -0.198153 0.980171 0.000000
vn -0.246773 0.969073 0.000000
vn -0.246773 0.969073 0.000000
vn -0.294734 0.955579 0.000000
vn -0.294734 0.955579 0.000000
vn -0.342023 0.939692 0.000000
vn -0.342023 0.939692 0.000000
vn -0.388423 0.921481 0.000000
vn -0.388423 0.921481 0.000000
vn -0.433898 0.900962 0.000000
vn -0.433898 0.900962 0.000000
vn -0.478246 0.878226 0.000000
vn -0.478246 0.878226 0.000000
vn -0.521438 0.853289 0.000000
vn -0.521438 0.853289 0.000000
vn -0.563330 0.826232 0.000000
vn -0.563330 0.826232 0.000000
vn -0.603800 0.797136 0.000000
vn -0.603800 0.797136 0.000000
vn -0.642792 0.766041 0.000000
vn -0.642792 0.766041 0.000000
vn -0.680180 0.733045 0.000000
vn -0.680180 0.733045 0.000000
vn -0.715869 0.698234 0.000000
vn -0.715869 0.698234 0.000000
vn -0.749764 0.661705 0.000000
vn -0.749764 0.661705 0.000000
vn -0.781842 0.623477 0.000000
vn -0.781842 0.623477 0.000000
vn -0.811933 0.583750 0.000000
vn -0.811933 0.583750 0.000000
vn -0.840031 0.542539 0.000000
vn -0.840031 0.542539 0.000000
vn -0.866019 0.500011 0.000000
vn -0.866019 0.500011 0.000000
vn -0.889876 0.456203 0.000000
vn -0.889876 0.456203 0.000000
vn -0.911500 0.411300 0.000000
vn -0.911500 0.411300 0.000000
vn -0.930871 0.365348 0.000000
vn -0.930871 0.365348 0.000000
vn -0.947935 0.318465 0.000000
vn -0.947935 0.318465 0.000000
vn -0.962618 0.270864 0.000000
vn -0.962618 0.270864 0.000000
vn -0.974928 0.222520 0.000000
vn -0.974928 0.222520 0.000000
vn -0.984811 0.173628 0.000000
vn -0.984811 0.173628 0.000000
vn -0.992237 0.124360 0.000000
vn -0.992237 0.124360 0.000000
vn -0.997205 0.074710 0.000000
vn -0.997205 0.074710 0.000000
vn -0.999689 0.024941 0.000000
vn -0.999689 0.024941 0.000000
vn -0.992709 -0.120537 -0.000000
vn -0.992709 -0.120537 0.000000
vn -0.935017 -0.354604 0.000000
vn -0.935017 -0.354604 -0.000000
vn -0.822983 -0.568066 0.000000
vn -0.822983 -0.568066 -0.000000
vn -0.663119 -0.748514 0.000000
vn -0.464730 -0.885453 0.000000
vn -0.663119 -0.748514 -0.000000
vn -0.464730 -0.885453 0.000000
vn -0.239310 -0.970943 0.000000
vn -0.239310 -0.970943 -0.000000
vn 0.000000 -1.000000 0.000000
vn 0.239310 -0.970943 0.000000
vn -0.000000 -1.000000 -0.000000
vn 0.464730 -0.885453 0.000000
vn 0.239310 -0.970943 0.000000
vn 0.464730 -0.885453 0.000000
vn 0.663119 -0.748514 0.000000
vn 0.663119 -0.748514 0.000000
vn 0.822984 -0.568065 0.000000
vn 0.822984 -0.568065 0.000000
vn 0.935017 -0.354604 0.000000
vn 0.935017 -0.354604 0.000000
vn 0.992709 -0.120537 0.000000
vn 0.992709 -0.120537 0.000000
vn 0.992709 0.120537 0.000000
vn 0.992709 0.120537 0.000000
vn 0.935016 0.354605 0.000000
vn 0.935016 0.354605 0.000000
vn 0.822985 0.568063 0.000000
vn 0.822985 0.568063 0.000000
vn 0.663122 0.748512 0.000000
vn 0.663122 0.748512 0.000000
vn 0.464723 0.885456 0.000000
vn 0.464723 0.885456 0.000000
vn 0.239315 0.970942 0.000000
vn 0.239315 0.970942 0.000000
vn -0.000000 1.000000 0.000000
vn 0.000000 1.000000 0.000000
vn -0.239315 0.970942 0.000000
vn -0.239315 0.970942 0.000000
vn -0.464723 0.885456 0.000000
vn -0.464723 0.885456 0.000000
vn -0.663122 0.748511 0.000000
vn -0.663122 0.748511 0.000000
vn -0.822985 0.568064 0.000000
vn -0.822985 0.568064 0.000000
vn -0.935016 0.354605 0.000000
vn -0.992709 0.120537 0.000000
vn -0.935016 0.354605 0.000000
vn -0.992709 0.120537 0.000000
vn 1.000000 -0.000000 0.000000
vn 1.000000 0.000000 0.000000
vn 1.000000 -0.000000 0.000000
vn 1.000000 0.000000 0.000000
vn 1.000000 -0.000000 0.000000
vn 1.000000 0.000000 0.000000
vn 1.000000 0.000000 0.000000
vn 1.000000 -0.000000 0.000000
vn 1.000000 0.000000 0.000000
vn 1.000000 -0.000000 0.000000
vn 1.000000 0.000000 0.000000
vn 1.000000 -0.000000 0.000000
vn 1.000000 0.000000 0.000000
vn 1.000000 -0.000000 0.000000
vn 1.000000 0.000000 0.000000
vn 1.000000 -0.000000 0.000000
vn 1.000000 0.000000 0.000000
vn 1.000000 -0.000000 0.000000
vn 1.000000 0.000000 0.000000
vn 1.000000 -0.000000 0.000000
vn 1.000000 0.000000 0.000000
vn 1.000000 -0.000000 0.000000
vn 1.000000 0.000000 0.000000
vn 1.000000 -0.000000 0.000000
vn 1.000000 0.000000 0.000000
vn 1.000000 -0.000000 0.000000
vn 1.000000 0.000000 0.000000
vn 1.000000 -0.000000 0.000000
vn 1.000000 0.000000 0.000000
vn 1.000000 -0.000000 0.000000
vn 1.000000 0.000000 0.000000
vn 1.000000 -0.000000 0.000000
vn 1.000000 0.000000 0.000000
vn 1.000000 -0.000000 0.000000
vn 1.000000 -0.000000 0.000000
vn 1.000000 -0.000000 0.000000
vn 1.000000 -0.000000 0.000000
vn 1.000000 -0.000000 0.000000
vn 1.000000 -0.000000 0.000000
vn 1.000000 0.000000 0.000000
vn 1.000000 0.000000 0.000000
vn 1.000000 0.000000 0.000000
vn 1.000000 0.000000 0.000000
vn 1.000000 0.000000 0.000000
vn 1.000000 0.000000 0.000000
vn 1.000000 0.000000 0.000000
vn 1.000000 0.000000 0.000000
vn 1.000000 0.000000 0.000000
vn 1.000000 -0.000000 0.000000
vn 1.000000 0.000000 0.000000
vn 1.000000 -0.000000 0.000000
vn 1.000000 0.000000 0.000000
vn 1.000000 -0.000000 0.000000
vn 1.000000 0.000000 0.000000
vn 1.000000 -0.000000 0.000000
vn 1.000000 0.000000 0.000000
vn 1.000000 -0.000000 0.000000
vn 1.000000 0.000000 0.000000
vn 1.000000 -0.000000 0.000000
vn 1.000000 0.000000 0.000000
vn 1.000000 0.000000 0.000000
vn 1.000000 0.000000 0.000000
vn 1.000000 0.000000 0.000000
vn 1.000000 0.000000 0.000000
vn 1.000000 0.000000 0.000000
vn 1.000000 0.000000 0.000000
vn 1.000000 0.000000 0.000000
vn 1.000000 0.000000 0.000000
vn 1.000000 0.000000 0.000000
vn 1.000000 0.000000 0.000000
vn 1.000000 0.000000 0.000000
vn 1.000000 0.000000 0.000000
vn 1.000000 0.000000 0.000000
vn 1.000000 0.000000 0.000000
vn 1.000000 0.000000 0.000000
vn 1.000000 0.000000 0.000000
vn 1.000000 -0.000000 0.000000
vn 1.000000 -0.000000 0.000000
vn 1.000000 -0.000000 0.000000
vn 1.000000 -0.000000 0.000000
vn 1.000000 -0.000000 0.000000
vn 1.000000 -0.000000 0.000000
vn 1.000000 -0.000000 0.000000
vn 1.000000 -0.000000 0.000000
vn 1.000000 -0.000000 0.000000
vn 1.000000 -0.000000 0.000000
vn 1.000000 0.000000 0.000000
vn 1.000000 0.000000 0.000000
vn 1.000000 0.000000 0.000000
vn 1.000000 0.000000 0.000000
vn 1.000000 0.000000 0.000000
vn 1.000000 0.000000 0.000000
vn 1.000000 0.000000 0.000000
vn 1.000000 0.000000 0.000000
vn 1.000000 0.000000 0.000000
vn 1.000000 0.000000 0.000000
vn 1.000000 0.000000 0.000000
vn 1.000000 0.000000 0.000000
vn 1.000000 0.000000 0.000000
vn 1.000000 0.000000 0.000000
vn 1.000000 -0.000000 0.000000
vn 1.000000 0.000000 0.000000
vn 1.000000 0.000000 0.000000
vn 1.000000 0.000000 0.000000
vn 1.000000 0.000000 0.000000
vn 1.000000 -0.000000 0.000000
vn 1.000000 -0.000000 0.000000
vn 1.000000 0.000000 0.000000
vn 1.000000 0.000000 0.000000
vn 1.000000 -0.000000 0.000000
vn 1.000000 0.000000 0.000000
vn 1.000000 0.000000 0.000000
vn 1.000000 -0.000000 0.000000
vn 1.000000 0.000000 0.000000
vn 1.000000 0.000000 0.000000
vn 1.000000 0.000000 0.000000
vn 1.000000 0.000000 0.000000
vn 1.000000 -0.000000 0.000000
vn 1.000000 -0.000000 0.000000
vn 1.000000 0.000000 0.000000
vn 1.000000 0.000000 0.000000
vn 1.000000 0.000000 0.000000
vn 1.000000 0.000000 0.000000
vn 1.000000 0.000000 0.000000
vn 1.000000 -0.000000 0.000000
vn 1.000000 0.000000 0.000000
vn 1.000000 0.000000 0.000000
vn 1.000000 -0.000000 0.000000
vn 1.000000 0.000000 0.000000
vn 1.000000 0.000000 0.000000
vn 1.000000 -0.000000 0.000000
vn 1.000000 0.000000 0.000000
vn 1.000000 0.000000 0.000000
vn 1.000000 0.000000 0.000000
vn 1.000000 -0.000000 0.000000
vn 1.000000 0.000000 0.000000
vn 1.000000 0.000000 0.000000
vn 1.000000 0.000000 0.000000
vn 1.000000 0.000000 0.000000
vn 1.000000 0.000000 0.000000
vn 1.000000 0.000000 0.000000
vn 1.000000 0.000000 0.000000
vn 1.000000 0.000000 0.000000
vn 1.000000 0.000000 0.000000
vn 1.000000 0.000000 0.000000
vn 1.000000 0.000000 0.000000
vn 1.000000 0.000000 0.000000
vn 1.000000 -0.000000 0.000000
vn 1.000000 0.000000 0.000000
vn 1.000000 0.000000 0.000000
vn 1.000000 0.000000 0.000000
vn 1.000000 0.000000 0.000000
vn 1.000000 0.000000 0.000000
vn 1.000000 0.000000 0.000000
vn 1.000000 0.000000 0.000000
vn 1.000000 0.000000 0.000000
vn 1.000000 -0.000000 0.000000
vn 1.000000 0.000000 0.000000
vn 1.000000 0.000000 0.000000
vn 1.000000 0.000000 0.000000
vn 1.000000 0.000000 0.000000
vn 1.000000 -0.000000 0.000000
vn 1.000000 0.000000 0.000000
vn 1.000000 0.000000 0.000000
vn 1.000000 0.000000 0.000000
vn 1.000000 0.000000 0.000000
vn 1.000000 -0.000000 0.000000
vn 1.000000 0.000000 0.000000
vn 1.000000 0.000000 0.000000
vn 1.000000 -0.000000 0.000000
vn 1.000000 0.000000 0.000000
vn 1.000000 -0.000000 0.000000
vn 1.000000 0.000000 0.000000
vn 1.000000 -0.000000 0.000000
vn 1.000000 0.000000 0.000000
vn 1.000000 0.000000 0.000000
vn 1.000000 0.000000 0.000000
vn 1.000000 0.000000 0.000000
vn 1.000000 -0.000000 0.000000
vn 1.000000 0.000000 0.000000
vn 1.000000 -0.000000 0.000000
vn 1.000000 0.000000 0.000000
vn 1.000000 -0.000000 0.000000
vn 1.000000 -0.000000 0.000000
vn 1.000000 -0.000000 0.000000
vn 1.000000 0.000000 0.000000
vn 1.000000 -0.000000 0.000000
vn 1.000000 0.000000 0.000000
vn 1.000000 -0.000000 0.000000
vn 1.000000 0.000000 0.000000
vn 1.000000 0.000000 0.000000
vn 1.000000 -0.000000 0.000000
vn 1.000000 -0.000000 0.000000
vn 1.000000 -0.000000 0.000000
vn 1.000000 -0.000000 0.000000
vn 1.000000 -0.000000 0.000000
vn 1.000000 -0.000000 0.000000
vn 1.000000 -0.000000 0.000000
vn 1.000000 0.000000 0.000000
vn 1.000000 -0.000000 0.000000
vn 1.000000 -0.000000 0.000000
vn 1.000000 -0.000000 0.000000
vn 1.000000 -0.000000 0.000000
vn 1.000000 -0.000000 0.000000
vn 1.000000 0.000000 0.000000
vn 1.000000 -0.000000 0.000000
vn 1.000000 -0.000000 0.000000
vn 1.000000 -0.000000 0.000000
vn 1.000000 -0.000000 0.000000
vn 1.000000 -0.000000 0.000000
vn 1.000000 -0.000000 0.000000
vn 1.000000 0.000000 0.000000
vn 1.000000 0.000000 0.000000
vn 1.000000 0.000000 0.000000
vn 1.000000 0.000000 0.000000
vn 1.000000 0.000000 0.000000
vn 1.000000 0.000000 0.000000
vn 1.000000 0.000000 0.000000
vn 1.000000 0.000000 0.000000
vn 1.000000 0.000000 0.000000
vn 1.000000 0.000000 0.000000
vn 1.000000 0.000000 0.000000
vn 1.000000 0.000000 0.000000
vn 1.000000 0.000000 0.000000
vn 1.000000 0.000000 0.000000
vn 1.000000 0.000000 0.000000
vn 1.000000 0.000000 0.000000
vn 1.000000 0.000000 0.000000
vn 1.000000 0.000000 0.000000
vn 1.000000 0.000000 0.000000
vn 1.000000 0.000000 0.000000
vn 1.000000 0.000000 0.000000
vn 1.000000 0.000000 0.000000
vn 1.000000 0.000000 0.000000
vn 1.000000 0.000000 0.000000
vn 1.000000 0.000000 0.000000
vn 1.000000 0.000000 0.000000
vn 1.000000 0.000000 0.000000
vn 1.000000 0.000000 0.000000
vn 1.000000 0.000000 0.000000
vn 1.000000 0.000000 0.000000
vn 1.000000 0.000000 0.000000
vn 1.000000 0.000000 0.000000
vn 1.000000 0.000000 0.000000
vn 1.000000 0.000000 0.000000
vn 1.000000 0.000000 0.000000
vn 1.000000 0.000000 0.000000
vn 1.000000 0.000000 0.000000
vn 1.000000 0.000000 0.000000
vn 1.000000 0.000000 0.000000
vn 1.000000 0.000000 0.000000
vn 1.000000 0.000000 0.000000
vn 1.000000 0.000000 0.000000
vn 1.000000 0.000000 0.000000
vn 1.000000 0.000000 0.000000
vn 1.000000 0.000000 0.000000
vn 1.000000 0.000000 0.000000
vn 1.000000 0.000000 0.000000
vn 1.000000 0.000000 0.000000
vn 1.000000 0.000000 0.000000
vn 1.000000 0.000000 0.000000
vn 1.000000 0.000000 0.000000
vn 1.000000 -0.000000 0.000000
vn 1.000000 0.000000 0.000000
vn 1.000000 -0.000000 0.000000
vn 1.000000 -0.000000 0.000000
vn 1.000000 -0.000000 0.000000
vn 1.000000 0.000000 0.000000
vn 1.000000 0.000000 0.000000
vn 1.000000 0.000000 0.000000
vn 1.000000 0.000000 0.000000
vn 1.000000 0.000000 0.000000
vn 1.000000 0.000000 0.000000
vn 1.000000 0.000000 0.000000
vn 1.000000 0.000000 0.000000
vn 1.000000 0.000000 0.000000
vn 1.000000 0.000000 0.000000
vn 1.000000 0.000000 0.000000
vn 1.000000 0.000000 0.000000
vn 1.000000 0.000000 0.000000
vn 1.000000 0.000000 0.000000
vn 1.000000 0.000000 0.000000
vn 1.000000 0.000000 0.000000
vn 1.000000 0.000000 0.000000
vn 1.000000 0.000000 0.000000
vn 1.000000 0.000000 0.000000
vn 1.000000 0.000000 0.000000
vn 1.000000 0.000000 0.000000
vn 1.000000 0.000000 0.000000
vn 1.000000 0.000000 0.000000
vn 1.000000 0.000000 0.000000
vn 1.000000 0.000000 0.000000
vn 1.000000 0.000000 0.000000
vn 1.000000 0.000000 0.000000
vn 1.000000 0.000000 0.000000
vn 1.000000 0.000000 0.000000
vn 1.000000 0.000000 0.000000
vn 1.000000 0.000000 0.000000
vn 1.000000 0.000000 0.000000
vn 1.000000 0.000000 0.000000
vn 1.000000 0.000000 0.000000
vn 1.000000 0.000000 0.000000
vn 1.000000 0.000000 0.000000
vn 1.000000 0.000000 0.000000
vn 1.000000 0.000000 0.000000
vn 1.000000 0.000000 0.000000
vn 1.000000 0.000000 0.000000
vn 1.000000 0.000000 0.000000
vn 1.000000 0.000000 0.000000
vn 1.000000 0.000000 0.000000
vn 1.000000 0.000000 0.000000
vn 1.000000 0.000000 0.000000
vn 1.000000 0.000000 0.000000
vn 1.000000 0.000000 0.000000
vn 1.000000 0.000000 0.000000
vn 1.000000 0.000000 0.000000
vn 1.000000 0.000000 0.000000
vn 1.000000 0.000000 0.000000
vn 1.000000 -0.000000 0.000000
vn 1.000000 0.000000 0.000000
vn 1.000000 0.000000 0.000000
vn 1.000000 -0.000000 0.000000
vn 1.000000 0.000000 0.000000
vn 1.000000 0.000000 0.000000
vn 1.000000 0.000000 0.000000
vn 1.000000 0.000000 0.000000
vn 0.001339 -0.120535 0.992708
vn 0.000000 -0.105249 0.994446
vn 0.002287 -0.354605 0.935013
vn -0.001144 -0.311085 0.950381
vn 0.002846 -0.568061 0.822981
vn -0.001897 -0.503136 0.864205
vn 0.002795 -0.748509 0.663119
vn -0.002922 -0.685655 0.727921
vn 0.002738 -0.885452 0.464722
vn -0.002868 -0.842105 0.539305
vn 0.002674 -0.970938 0.239315
vn -0.002807 -0.947985 0.318303
vn 0.002603 -0.999997 0.000000
vn -0.002740 -0.996935 0.078185
vn 0.002526 -0.970939 -0.239315
vn -0.002666 -0.986016 -0.166628
vn 0.002442 -0.885453 -0.464722
vn -0.002586 -0.915884 -0.401434
vn 0.002351 -0.748509 -0.663120
vn -0.002498 -0.790750 -0.612134
vn -0.002405 -0.618129 -0.786073
vn 0.002254 -0.568062 -0.822982
vn -0.002304 -0.408389 -0.912805
vn 0.002150 -0.354605 -0.935014
vn -0.002197 -0.174121 -0.984722
vn 0.002040 -0.120535 -0.992707
vn -0.002083 0.070600 -0.997503
vn 0.001923 0.120535 -0.992707
vn -0.001963 0.311086 -0.950380
vn 0.001799 0.354606 -0.935014
vn 0.001669 0.568063 -0.822983
vn -0.001835 0.532887 -0.846184
vn 0.001532 0.748511 -0.663121
vn -0.001702 0.722687 -0.691173
vn 0.001388 0.885455 -0.464723
vn -0.001561 0.869088 -0.494654
vn 0.001238 0.970941 -0.239316
vn -0.001414 0.963298 -0.268430
vn 0.001081 0.999999 0.000000
vn -0.001261 0.999659 -0.026085
vn 0.000917 0.970941 0.239316
vn -0.001101 0.975987 0.217826
vn 0.000747 0.885455 0.464724
vn -0.000934 0.893704 0.448655
vn 0.000570 0.748511 0.663122
vn -0.000760 0.757751 0.652543
vn 0.000387 0.568064 0.822984
vn -0.000580 0.576295 0.817242
vn 0.000197 0.354606 0.935016
vn -0.000393 0.360226 0.932865
vn -0.000200 0.122529 0.992465
vn 0.000000 0.120535 0.992709
vn 0.000000 0.000000 -1.000000
vn 0.000000 0.000000 -1.000000
vn -1.000000 0.000000 0.000000
vn -1.000000 0.000000 0.000000
vn -1.000000 0.000000 0.000000
vn -1.000000 0.000000 0.000000
vn -1.000000 0.000000 0.000000
vn -1.000000 0.000000 0.000000
vn -1.000000 0.000000 0.000000
vn -1.000000 0.000000 0.000000
vn -1.000000 0.000000 0.000000
vn -1.000000 0.000000 0.000000
vn -1.000000 0.000000 0.000000
vn -1.000000 0.000000 0.000000
vn -1.000000 0.000000 0.000000
vn -1.000000 0.000000 0.000000
vn -1.000000 0.000000 0.000000
vn -1.000000 0.000000 0.000000
vn -1.000000 0.000000 0.000000
vn -1.000000 -0.000000 0.000000
vn -1.000000 0.000000 0.000000
vn -1.000000 0.000000 0.000000
vn -1.000000 0.000000 0.000000
vn -1.000000 0.000000 0.000000
vn -1.000000 0.000000 0.000000
vn -1.000000 0.000000 0.000000
vn -1.000000 0.000000 0.000000
vn -1.000000 0.000000 0.000000
vn -1.000000 0.000000 0.000000
vn -1.000000 0.000000 0.000000
vn -1.000000 0.000000 0.000000
vn -1.000000 0.000000 0.000000
vn -1.000000 -0.000000 0.000000
vn -1.000000 0.000000 0.000000
vn -1.000000 0.000000 0.000000
vn -1.000000 0.000000 0.000000
vn -1.000000 -0.000000 0.000000
vn -1.000000 0.000000 0.000000
vn -1.000000 -0.000000 0.000000
vn -1.000000 0.000000 0.000000
vn -1.000000 -0.000000 0.000000
vn -1.000000 0.000000 0.000000
vn -1.000000 -0.000000 0.000000
vn -1.000000 -0.000000 0.000000
vn -1.000000 -0.000000 0.000000
vn -1.000000 -0.000000 0.000000
vn -1.000000 -0.000000 0.000000
vn -1.000000 -0.000000 0.000000
vn -1.000000 0.000000 0.000000
vn -1.000000 -0.000000 0.000000
vn -1.000000 -0.000000 0.000000
vn -1.000000 -0.000000 0.000000
vn -1.000000 0.000000 0.000000
vn -1.000000 0.000000 0.000000
vn -1.000000 0.000000 0.000000
vn -1.000000 0.000000 0.000000
vn -1.000000 0.000000 0.000000
vn -1.000000 0.000000 0.000000
vn -1.000000 0.000000 0.000000
vn -1.000000 0.000000 0.000000
vn -1.000000 -0.000000 0.000000
vn -1.000000 -0.000000 0.000000
vn -1.000000 0.000000 0.000000
vn -1.000000 0.000000 0.000000
vn -1.000000 0.000000 0.000000
vn -1.000000 0.000000 0.000000
vn -1.000000 0.000000 0.000000
vn -1.000000 0.000000 0.000000
vn -1.000000 0.000000 0.000000
vn -1.000000 0.000000 0.000000
vn -1.000000 0.000000 0.000000
vn -1.000000 0.000000 0.000000
vn -1.000000 0.000000 0.000000
vn -1.000000 0.000000 0.000000
vn -1.000000 0.000000 0.000000
vn -1.000000 0.000000 0.000000
vn -1.000000 0.000000 0.000000
vn -1.000000 0.000000 0.000000
vn -1.000000 0.000000 0.000000
vn -1.000000 0.000000 0.000000
vn -1.000000 0.000000 0.000000
vn -1.000000 -0.000000 0.000000
vn -1.000000 -0.000000 0.000000
vn -1.000000 0.000000 0.000000
vn -1.000000 -0.000000 0.000000
vn -1.000000 0.000000 0.000000
vn -1.000000 -0.000000 0.000000
vn -1.000000 0.000000 0.000000
vn -1.000000 -0.000000 0.000000
vn -1.000000 -0.000000 0.000000
vn -1.000000 0.000000 0.000000
vn -1.000000 -0.000000 0.000000
vn -1.000000 0.000000 0.000000
vn -1.000000 -0.000000 0.000000
vn -1.000000 -0.000000 0.000000
vn -1.000000 -0.000000 0.000000
vn -1.000000 0.000000 0.000000
vn -1.000000 0.000000 0.000000
vn -1.000000 0.000000 0.000000
vn -1.000000 0.000000 0.000000
vn -1.000000 0.000000 0.000000
vn -1.000000 0.000000 0.000000
vn -1.000000 -0.000000 0.000000
vn -1.000000 -0.000000 0.000000
vn -1.000000 0.000000 0.000000
vn -1.000000 0.000000 0.000000
vn -1.000000 0.000000 0.000000
vn -1.000000 0.000000 0.000000
vn -1.000000 0.000000 0.000000
vn -1.000000 0.000000 0.000000
vn -1.000000 0.000000 0.000000
vn -1.000000 0.000000 0.000000
vn -1.000000 0.000000 0.000000
vn -1.000000 0.000000 0.000000
vn -1.000000 0.000000 0.000000
vn -1.000000 0.000000 0.000000
vn -1.000000 -0.000000 0.000000
vn -1.000000 0.000000 0.000000
vn -1.000000 0.000000 0.000000
vn -1.000000 0.000000 0.000000
vn -1.000000 0.000000 0.000000
vn -1.000000 0.000000 0.000000
vn -1.000000 0.000000 0.000000
vn -1.000000 0.000000 0.000000
vn -1.000000 0.000000 0.000000
vn -1.000000 0.000000 0.000000
vn -1.000000 0.000000 0.000000
vn -1.000000 -0.000000 0.000000
vn -1.000000 0.000000 0.000000
vn -1.000000 0.000000 0.000000
vn -1.000000 0.000000 0.000000
vn -1.000000 0.000000 0.000000
vn -1.000000 0.000000 0.000000
vn -1.000000 -0.000000 0.000000
vn -1.000000 0.000000 0.000000
vn -1.000000 0.000000 0.000000
vn -1.000000 0.000000 0.000000
vn -1.000000 0.000000 0.000000
vn 0.000000 1.000000 0.000000
vn 0.000000 1.000000 0.000000
vn 0.000000 1.000000 0.000000
vn 0.000000 -1.000000 0.000000
vn 0.000000 -1.000000 0.000000
vn 0.000000 -1.000000 0.000000
vn 0.000000 -1.000000 0.000000
vn 0.000000 0.000000 1.000000
vn 0.000000 0.000000 1.000000
vn 0.000000 1.000000 0.000000
vn 0.000000 1.000000 0.000000
vn 1.000000 0.000000 0.000000
vn 1.000000 -0.000000 0.000000
vn 0.000000 -0.000000 -1.000000
vn 0.000000 0.000000 -1.000000
vn 0.000000 -0.000000 -1.000000
vn 0.000000 0.000000 -1.000000
vn 0.000000 -0.000000 -1.000000
vn 0.000000 0.000000 -1.000000
vn 0.000000 -0.000000 -1.000000
vn 0.000000 0.000000 -1.000000
vn 0.000000 -0.000000 -1.000000
vn 0.000000 -0.000000 -1.000000
vn 0.000000 -0.000000 -1.000000
vn 0.000000 0.000000 -1.000000
vn 0.000000 0.000000 -1.000000
vn 0.000000 0.000000 -1.000000
vn 0.000000 0.000000 -1.000000
vn 0.000000 0.000000 -1.000000
vn 0.000000 0.000000 -1.000000
vn 0.000000 0.000000 -1.000000
vn 0.000000 0.000000 -1.000000
vn 0.000000 0.000000 -1.000000
vn 0.000000 0.000000 -1.000000
vn 0.000000 0.000000 -1.000000
vn 0.000000 0.000000 -1.000000
vn 0.000000 0.000000 -1.000000
vn 0.000000 0.000000 -1.000000
vn 0.000000 0.000000 -1.000000
vn 0.000000 0.000000 -1.000000
vn 0.000000 -0.000000 -1.000000
vn 0.000000 0.000000 -1.000000
vn 0.000000 -0.000000 -1.000000
vn 0.000000 0.000000 -1.000000
vn 0.000000 -0.000000 -1.000000
vn 0.000000 0.000000 -1.000000
vn 0.000000 -0.000000 -1.000000
vn 0.000000 0.000000 -1.000000
vn 0.000000 -0.000000 -1.000000
vn 0.000000 0.000000 -1.000000
vn 0.000000 -0.000000 -1.000000
vn 0.000000 -0.000000 -1.000000
vn 0.000000 0.000000 -1.000000
vn 0.000000 -0.000000 -1.000000
vn 0.000000 0.000000 -1.000000
vn 0.000000 -0.000000 -1.000000
vn 0.000000 0.000000 -1.000000
vn 0.000000 -0.000000 -1.000000
vn 0.000000 0.000000 -1.000000
vn 0.000000 0.000000 -1.000000
vn 0.000000 -0.000000 -1.000000
vn 0.000000 0.000000 -1.000000
vn 0.000000 -0.000000 -1.000000
vn 0.000000 0.000000 -1.000000
vn 0.000000 -0.000000 -1.000000
vn 0.000000 0.000000 -1.000000
vn 0.000000 -0.000000 -1.000000
vn 0.000000 0.000000 -1.000000
vn 0.000000 0.000000 -1.000000
vn 0.000000 -0.000000 -1.000000
vn 0.000000 0.000000 -1.000000
vn 0.000000 -0.000000 -1.000000
vn 0.000000 0.000000 -1.000000
vn 0.000000 -0.000000 -1.000000
vn 0.000000 0.000000 -1.000000
vn 0.000000 -0.000000 -1.000000
vn 0.000000 0.000000 -1.000000
vn 0.000000 -0.000000 -1.000000
vn 0.000000 0.000000 -1.000000
vn 0.000000 0.000000 -1.000000
vn 0.000000 -0.000000 -1.000000
vn 0.000000 0.000000 -1.000000
vn 0.000000 0.000000 -1.000000
vn 0.000000 0.000000 -1.000000
vn 0.000000 0.000000 -1.000000
vn 0.000000 0.000000 -1.000000
vn 0.000000 0.000000 -1.000000
vn 0.000000 0.000000 -1.000000
vn 0.000000 0.000000 -1.000000
vn 0.000000 0.000000 -1.000000
vn 0.000000 0.000000 -1.000000
vn 0.000000 0.000000 -1.000000
vn 0.000000 0.000000 -1.000000
vn 0.000000 0.000000 -1.000000
vn 0.000000 0.000000 -1.000000
vn 0.000000 0.000000 -1.000000
vn 0.000000 0.000000 -1.000000
vn 0.000000 0.000000 -1.000000
vn 0.000000 0.000000 -1.000000
vn 0.000000 0.000000 -1.000000
vn 0.000000 0.000000 -1.000000
vn 0.000000 0.000000 -1.000000
vn 0.000000 0.000000 -1.000000
vn 0.000000 0.000000 -1.000000
vn 0.000000 0.000000 -1.000000
vn 0.000000 0.000000 -1.000000
vn 0.000000 0.000000 -1.000000
vn 0.000000 0.000000 -1.000000
vn 0.000000 0.000000 -1.000000
vn 0.000000 0.000000 -1.000000
vn 0.000000 0.000000 -1.000000
vn 0.000000 0.000000 -1.000000
vn 0.000000 0.000000 -1.000000
vn 0.000000 -0.000000 -1.000000
vn 0.000000 0.000000 -1.000000
vn 0.000000 -0.000000 -1.000000
vn 0.000000 0.000000 -1.000000
vn 0.000000 -0.000000 -1.000000
vn 0.000000 -0.000000 -1.000000
vn 0.000000 -0.000000 -1.000000
vn 0.000000 -0.000000 -1.000000
vn 0.000000 0.000000 -1.000000
vn 0.000000 -0.000000 -1.000000
vn 0.000000 0.000000 -1.000000
vn 0.000000 -0.000000 -1.000000
vn 0.000000 -0.000000 -1.000000
vn 0.000000 -0.000000 -1.000000
vn 0.000000 -0.000000 -1.000000
vn 0.000000 -0.000000 -1.000000
vn 0.000000 0.000000 -1.000000
vn 0.000000 -0.000000 -1.000000
vn 0.000000 -0.000000 -1.000000
vn 0.000000 -0.000000 -1.000000
vn 0.000000 -0.000000 -1.000000
vn 0.000000 -0.000000 -1.000000
vn 0.000000 -0.000000 -1.000000
vn 0.000000 -0.000000 -1.000000
vn 0.000000 -0.000000 -1.000000
vn 0.000000 -0.000000 -1.000000
vn 0.000000 0.000000 -1.000000
vn 0.000000 -0.000000 -1.000000
vn 0.000000 -0.000000 -1.000000
vn 0.000000 -0.000000 -1.000000
vn 0.000000 -0.000000 -1.000000
vn 0.000000 -0.000000 -1.000000
vn 0.000000 0.000000 -1.000000
vn 0.000000 -0.000000 -1.000000
vn 0.000000 -0.000000 -1.000000
vn 0.000000 -0.000000 -1.000000
vn 0.000000 -0.000000 -1.000000
vn 0.000000 -0.000000 -1.000000
vn 0.000000 0.000000 -1.000000
vn 0.000000 -0.000000 -1.000000
vn 0.000000 0.000000 -1.000000
vn 0.000000 -0.000000 -1.000000
vn 0.000000 0.000000 -1.000000
vn 0.000000 -0.000000 -1.000000
vn 0.000000 0.000000 -1.000000
vn 0.000000 0.000000 -1.000000
vn 0.000000 -0.000000 -1.000000
vn 0.000000 0.000000 -1.000000
vn 0.000000 0.000000 -1.000000
vn 0.000000 0.000000 -1.000000
vn 0.000000 0.000000 -1.000000
vn 0.000000 0.000000 -1.000000
vn 0.000000 0.000000 -1.000000
vn 0.000000 0.000000 -1.000000
vn 0.000000 0.000000 -1.000000
vn 0.000000 0.000000 -1.000000
vn 0.000000 0.000000 -1.000000
vn 0.000000 0.000000 -1.000000
vn 0.000000 0.000000 -1.000000
vn 0.000000 0.000000 -1.000000
vn 0.000000 0.000000 -1.000000
vn 0.000000 -0.000000 -1.000000
vn 0.000000 -0.000000 -1.000000
vn -0.000000 -0.000000 -1.000000
vn -0.000000 -0.000000 -1.000000
vn 0.000000 0.000000 -1.000000
vn 0.000000 -0.000000 -1.000000
vn 0.000000 -0.000000 -1.000000
vn 0.000000 0.000000 -1.000000
vn 0.000000 0.000000 -1.000000
vn 0.000000 -0.000000 -1.000000
vn 0.000000 -0.000000 -1.000000
vn 0.000000 0.000000 -1.000000
vn 0.000000 -0.000000 -1.000000
vn 0.000000 -0.000000 -1.000000
vn 0.000000 0.000000 -1.000000
vn 0.000000 -0.000000 -1.000000
vn 0.000000 0.000000 -1.000000
vn 0.000000 0.000000 -1.000000
vn 0.000000 -0.000000 -1.000000
vn 0.000000 0.000000 -1.000000
vn 0.000000 0.000000 -1.000000
vn 0.000000 -0.000000 -1.000000
vn 0.000000 0.000000 -1.000000
vn 0.000000 0.000000 -1.000000
vn 0.000000 0.000000 -1.000000
vn 0.000000 0.000000 -1.000000
vn 0.000000 -0.000000 -1.000000
vn 0.000000 -0.000000 -1.000000
vn 0.000000 -0.000000 -1.000000
vn 0.000000 0.000000 -1.000000
vn 0.000000 0.000000 -1.000000
vn 0.000000 0.000000 -1.000000
vn 0.000000 -0.000000 -1.000000
vn 0.000000 0.000000 -1.000000
vn 0.000000 0.000000 -1.000000
vn 0.000000 0.000000 -1.000000
vn 0.000000 0.000000 -1.000000
vn 0.000000 0.000000 -1.000000
vn 0.000000 0.000000 -1.000000
vn 0.000000 0.000000 -1.000000
vn 0.000000 0.000000 -1.000000
vn 0.000000 0.000000 -1.000000
vn 0.000000 0.000000 -1.000000
vn 0.000000 0.000000 -1.000000
vn 0.000000 0.000000 -1.000000
vn 0.000000 0.000000 -1.000000
vn 0.000000 0.000000 -1.000000
vn 0.000000 0.000000 -1.000000
vn 0.000000 0.000000 -1.000000
vn 0.000000 0.000000 -1.000000
vn 0.000000 0.000000 -1.000000
vn 0.000000 0.000000 -1.000000
vn 0.000000 0.000000 -1.000000
vn 0.000000 0.000000 -1.000000
vn 0.000000 0.000000 -1.000000
vn 0.000000 -0.000000 -1.000000
vn 0.000000 0.000000 -1.000000
vn 0.000000 0.000000 -1.000000
vn 0.000000 0.000000 -1.000000
vn 0.000000 0.000000 -1.000000
vn 0.000000 0.000000 -1.000000
vn 0.000000 0.000000 -1.000000
vn 0.000000 0.000000 -1.000000
vn 0.000000 -0.000000 -1.000000
vn 0.000000 -0.000000 -1.000000
vn 0.000000 -0.000000 -1.000000
vn 0.000000 0.000000 -1.000000
vn 0.000000 -0.000000 -1.000000
vn 0.000000 0.000000 -1.000000
vn 0.000000 -0.000000 -1.000000
vn 0.000000 -0.000000 -1.000000
vn 0.000000 -0.000000 -1.000000
vn 0.000000 0.000000 -1.000000
vn 0.000000 -0.000000 -1.000000
vn 0.000000 -0.000000 -1.000000
vn 0.000000 -0.000000 -1.000000
vn 0.000000 0.000000 -1.000000
vn 0.000000 -0.000000 -1.000000
vn 0.000000 0.000000 -1.000000
vn 0.000000 0.000000 -1.000000
vn 0.000000 -0.000000 -1.000000
vn 0.000000 0.000000 -1.000000
vn 0.000000 0.000000 -1.000000
vn 0.000000 0.000000 -1.000000
vn 0.000000 0.000000 -1.000000
vn 0.000000 0.000000 -1.000000
vn 0.000000 0.000000 -1.000000
vn 0.000000 0.000000 -1.000000
vn 0.000000 0.000000 -1.000000
vn 0.000000 0.000000 -1.000000
vn 0.000000 0.000000 -1.000000
vn 0.000000 0.000000 -1.000000
vn 0.000000 0.000000 -1.000000
vn 0.000000 0.000000 -1.000000
vn 0.000000 -0.000000 -1.000000
vn 0.000000 0.000000 -1.000000
vn 0.000000 0.000000 -1.000000
vn 0.000000 0.000000 -1.000000
vn 0.000000 0.000000 -1.000000
vn 0.000000 0.000000 -1.000000
vn 0.000000 0.000000 -1.000000
vn 0.000000 0.000000 -1.000000
vn 0.000000 0.000000 -1.000000
vn 0.000000 0.000000 -1.000000
vn 0.000000 0.000000 -1.000000
vn 0.000000 0.000000 -1.000000
vn 0.000000 -0.000000 -1.000000
vn 0.000000 0.000000 -1.000000
vn 0.000000 0.000000 -1.000000
vn 0.000000 0.000000 -1.000000
vn 0.000000 0.000000 -1.000000
vn 0.000000 0.000000 -1.000000
vn 0.000000 0.000000 -1.000000
vn 0.000000 0.000000 -1.000000
vn 0.000000 0.000000 -1.000000
vn 0.000000 0.000000 -1.000000
vn 0.000000 0.000000 -1.000000
vn 0.000000 0.000000 -1.000000
vn 0.000000 0.000000 -1.000000
vn 0.000000 0.000000 -1.000000
vn 0.000000 0.000000 -1.000000
vn 0.000000 0.000000 -1.000000
vn 0.000000 0.000000 -1.000000
vn 0.000000 0.000000 -1.000000
vn 0.000000 0.000000 -1.000000
vn 0.000000 0.000000 -1.000000
vn 0.000000 0.000000 -1.000000
vn 0.000000 0.000000 -1.000000
vn 0.000000 0.000000 -1.000000
vn 0.000000 0.000000 -1.000000
vn 0.000000 0.000000 -1.000000
vn 0.000000 0.000000 -1.000000
vn 0.000000 0.000000 -1.000000
vn 0.000000 0.000000 -1.000000
vn 0.000000 -0.000000 -1.000000
vn 0.000000 0.000000 -1.000000
vn 0.000000 0.000000 -1.000000
vn 0.000000 0.000000 -1.000000
vn 0.000000 0.000000 -1.000000
vn 0.000000 0.000000 -1.000000
vn 0.000000 -0.000000 -1.000000
vn 0.000000 0.000000 -1.000000
vn 0.000000 -0.000000 -1.000000
vn 0.000000 0.000000 -1.000000
vn 0.000000 0.000000 -1.000000
vn 0.000000 0.000000 -1.000000
vn 0.000000 0.000000 -1.000000
vn 0.000000 0.000000 -1.000000
vn 0.000000 0.000000 -1.000000
vn 0.000000 0.000000 -1.000000
vn 0.000000 0.000000 -1.000000
vn 0.000000 0.000000 -1.000000
vn 0.000000 0.000000 -1.000000
vn 0.000000 0.000000 -1.000000
vn 0.000000 0.000000 -1.000000
vn 0.000000 0.000000 -1.000000
vn 0.000000 0.000000 -1.000000
vn 0.000000 0.000000 -1.000000
vn 0.000000 0.000000 -1.000000
vn 0.000000 -0.000000 -1.000000
vn 0.000000 -0.000000 -1.000000
vn -0.000000 -0.000000 -1.000000
vn 0.000000 -0.000000 -1.000000
vn 0.000000 -0.000000 -1.000000
vn 0.000000 0.000000 -1.000000
vn 0.000000 -0.000000 -1.000000
vn 0.000000 -0.000000 -1.000000
vn -0.000000 -0.000000 -1.000000
vn 0.000000 -0.000000 -1.000000
vn -0.000000 -0.000000 -1.000000
vn 0.000000 0.000000 -1.000000
vn 0.000000 -0.000000 -1.000000
vn 0.000000 -0.000000 -1.000000
vn -0.000000 -0.000000 -1.000000
vn 0.000000 -0.000000 -1.000000
vn 0.000000 0.000000 -1.000000
vn 0.000000 -0.000000 -1.000000
vn 0.000000 -0.000000 -1.000000
vn 0.000000 -0.000000 -1.000000
vn 0.000000 0.000000 -1.000000
vn 0.000000 0.000000 -1.000000
vn 0.000000 0.000000 -1.000000
vn 0.000000 0.000000 -1.000000
vn 0.000000 0.000000 -1.000000
vn 0.000000 0.000000 -1.000000
vn 0.000000 -0.000000 -1.000000
vn 0.000000 0.000000 -1.000000
vn 0.000000 0.000000 -1.000000
vn 0.000000 -0.000000 -1.000000
vn 0.000000 0.000000 -1.000000
vn 0.000000 -0.000000 -1.000000
vn 0.000000 0.000000 -1.000000
vn 0.000000 0.000000 -1.000000
vn 0.000000 -0.000000 -1.000000
vn 0.000000 0.000000 -1.000000
vn 0.000000 -0.000000 -1.000000
vn 0.000000 0.000000 -1.000000
vn 0.000000 0.000000 -1.000000
vn 0.000000 -0.000000 -1.000000
vn 0.000000 0.000000 -1.000000
vn 0.000000 0.000000 -1.000000
vn 0.000000 -0.000000 -1.000000
vn 0.000000 0.000000 -1.000000
vn 0.000000 -0.000000 -1.000000
vn 0.000000 0.000000 -1.000000
vn 0.000000 0.000000 -1.000000
vn 0.000000 -0.000000 -1.000000
vn 0.000000 0.000000 -1.000000
vn 0.000000 -0.000000 -1.000000
vn 0.000000 0.000000 -1.000000
vn 0.000000 0.000000 -1.000000
vn 0.000000 -0.000000 -1.000000
vn 0.000000 0.000000 -1.000000
vn 0.000000 0.000000 -1.000000
vn 0.000000 -0.000000 -1.000000
vn 0.000000 0.000000 -1.000000
vn 0.000000 -0.000000 -1.000000
vn 0.000000 0.000000 -1.000000
vn 0.000000 0.000000 -1.000000
vn 0.000000 -0.000000 -1.000000
vn 0.000000 0.000000 -1.000000
vn 0.000000 0.000000 -1.000000
vn 0.000000 -0.000000 -1.000000
vn 0.000000 0.000000 -1.000000
vn 0.000000 -0.000000 -1.000000
vn 0.000000 0.000000 -1.000000
vn 0.000000 0.000000 -1.000000
vn 0.000000 -0.000000 -1.000000
vn 0.000000 0.000000 -1.000000
vn 0.000000 0.000000 -1.000000
vn 0.000000 -0.000000 -1.000000
vn 0.000000 0.000000 -1.000000
vn 0.000000 -0.000000 -1.000000
vn 0.000000 0.000000 -1.000000
vn 0.000000 0.000000 -1.000000
vn 0.000000 0.000000 -1.000000
vn 0.000000 -0.000000 -1.000000
vn 0.000000 0.000000 -1.000000
vn 0.000000 0.000000 -1.000000
vn 0.000000 -0.000000 -1.000000
vn 0.000000 0.000000 -1.000000
vn 0.000000 0.000000 -1.000000
vn 0.000000 0.000000 -1.000000
vn 0.000000 0.000000 -1.000000
vn 0.000000 0.000000 -1.000000
vn 0.000000 0.000000 -1.000000
vn 0.000000 0.000000 -1.000000
vn 0.000000 0.000000 -1.000000
vn 0.000000 0.000000 -1.000000
vn 0.000000 0.000000 -1.000000
vn 0.000000 0.000000 -1.000000
vn 0.000000 0.000000 -1.000000
vn 0.000000 0.000000 -1.000000
vn 0.000000 0.000000 -1.000000
vn 0.000000 0.000000 -1.000000
vn 0.000000 0.000000 -1.000000
vn 0.000000 0.000000 -1.000000
vn 0.000000 0.000000 -1.000000
vn 0.000000 0.000000 -1.000000
vn 0.000000 0.000000 -1.000000
vn 0.000000 0.000000 -1.000000
vn 0.000000 0.000000 -1.000000
vn 0.000000 0.000000 -1.000000
vn 0.000000 0.000000 -1.000000
vn 0.000000 0.000000 -1.000000
vn 0.000000 0.000000 -1.000000
vn 0.000000 -0.000000 -1.000000
vn 0.000000 0.000000 -1.000000
vn 0.000000 -0.000000 -1.000000
vn 0.000000 0.000000 -1.000000
vn 0.000000 -0.000000 -1.000000
vn 0.000000 0.000000 -1.000000
vn 0.000000 -0.000000 -1.000000
vn 0.000000 0.000000 -1.000000
vn 0.000000 -0.000000 -1.000000
vn 0.000000 -0.000000 -1.000000
vn 0.000000 -0.000000 -1.000000
vn 0.000000 -0.000000 -1.000000
vn 0.000000 -0.000000 -1.000000
vn 0.000000 -0.000000 -1.000000
vn 0.000000 -0.000000 -1.000000
vn 0.000000 -0.000000 -1.000000
vn 0.000000 -0.000000 -1.000000
vn 0.000000 -0.000000 -1.000000
vn 0.000000 -0.000000 -1.000000
vn 0.000000 -0.000000 -1.000000
vn 0.000000 -0.000000 -1.000000
vn 0.000000 -0.000000 -1.000000
vn 0.000000 -0.000000 -1.000000
vn 0.000000 -0.000000 -1.000000
vn 0.000000 0.000000 -1.000000
vn 0.000000 0.000000 -1.000000
vn 0.000000 0.000000 -1.000000
vn 0.000000 0.000000 -1.000000
vn 0.000000 0.000000 -1.000000
vn 0.000000 0.000000 -1.000000
vn 0.000000 0.000000 -1.000000
vn 0.000000 0.000000 -1.000000
vn 0.000000 0.000000 -1.000000
vn 0.000000 -0.000000 -1.000000
vn 0.000000 0.000000 -1.000000
vn 0.000000 0.000000 -1.000000
vn 0.000000 0.000000 -1.000000
vn 0.000000 -0.000000 -1.000000
vn 0.000000 0.000000 -1.000000
vn 0.000000 0.000000 -1.000000
vn 0.000000 -0.000000 -1.000000
vn 0.000000 0.000000 -1.000000
vn 0.000000 -0.000000 -1.000000
vn 0.000000 0.000000 -1.000000
vn 0.000000 0.000000 -1.000000
vn 0.000000 -0.000000 -1.000000
vn 0.000000 0.000000 -1.000000
vn 0.000000 0.000000 -1.000000
vn 0.000000 0.000000 -1.000000
vn 0.000000 0.000000 -1.000000
vn 0.000000 -0.000000 -1.000000
vn 0.000000 0.000000 -1.000000
vn 0.000000 0.000000 -1.000000
vn 0.000000 0.000000 -1.000000
vn 0.000000 0.000000 -1.000000
vn 0.000000 0.000000 -1.000000
vn 0.000000 0.000000 -1.000000
vn 0.000000 0.000000 -1.000000
vn 0.000000 0.000000 -1.000000
vn 0.000000 0.000000 -1.000000
vn 0.000000 0.000000 -1.000000
vn 0.000000 0.000000 -1.000000
vn 0.000000 0.000000 -1.000000
vn 0.000000 0.000000 -1.000000
vn 0.000000 0.000000 -1.000000
vn 0.000000 0.000000 -1.000000
vn 0.000000 0.000000 -1.000000
vn 0.000000 0.000000 -1.000000
vn 0.000000 0.000000 -1.000000
vn 0.000000 0.000000 -1.000000
vn 0.000000 0.000000 -1.000000
vn 0.000000 0.000000 -1.000000
vn 0.000000 0.000000 -1.000000
vn 0.000000 0.000000 -1.000000
vn 0.000000 0.000000 -1.000000
vn 0.000000 0.000000 -1.000000
vn 0.000000 -0.000000 -1.000000
vn 0.000000 -0.000000 -1.000000
vn 0.000000 -0.000000 -1.000000
vn 0.000000 -0.000000 -1.000000
vn 0.000000 -0.000000 -1.000000
vn 0.000000 -0.000000 -1.000000
vn -0.000000 -0.000000 -1.000000
vn 0.000000 0.000000 -1.000000
vn 0.000000 0.000000 -1.000000
vn 0.000000 0.000000 -1.000000
vn 0.000000 0.000000 -1.000000
vn 0.000000 0.000000 -1.000000
vn 0.000000 0.000000 -1.000000
vn 0.000000 0.000000 -1.000000
vn 0.000000 0.000000 -1.000000
vn 0.000000 0.000000 -1.000000
vn 0.000000 0.000000 -1.000000
vn 0.000000 0.000000 -1.000000
vn 0.000000 0.000000 -1.000000
vn 0.000000 0.000000 -1.000000
vn 0.000000 0.000000 -1.000000
vn 0.000000 0.000000 -1.000000
vn 0.000000 0.000000 -1.000000
vn 0.000000 0.000000 -1.000000
vn 0.000000 0.000000 -1.000000
vn 0.000000 0.000000 -1.000000
vn 0.000000 0.000000 -1.000000
vn 0.000000 0.000000 -1.000000
vn 0.000000 0.000000 -1.000000
vn 0.000000 0.000000 -1.000000
vn 0.000000 0.000000 -1.000000
vn 0.000000 0.000000 -1.000000
vn 0.000000 0.000000 -1.000000
vn 0.000000 0.000000 -1.000000
vn 0.000000 0.000000 -1.000000
vn 0.000000 0.000000 -1.000000
vn 0.000000 -0.000000 -1.000000
vn -0.000000 -0.000000 -1.000000
vn 0.000000 0.000000 -1.000000
vn -0.000000 -0.000000 -1.000000
vn 0.000000 0.000000 -1.000000
vn 0.000000 0.000000 -1.000000
vn 0.000000 0.000000 -1.000000
vn 0.000000 0.000000 -1.000000
vn 0.000000 0.000000 -1.000000
vn 0.000000 0.000000 -1.000000
vn 0.000000 -0.000000 -1.000000
vn 0.000000 0.000000 -1.000000
vn 0.000000 0.000000 -1.000000
vn 0.000000 0.000000 -1.000000
vn 0.000000 -0.000000 -1.000000
vn 0.000000 -0.000000 -1.000000
vn 0.000000 0.000000 -1.000000
vn 0.000000 0.000000 -1.000000
vn 0.000000 0.000000 -1.000000
vn 0.000000 0.000000 -1.000000
vn 0.000000 0.000000 -1.000000
vn 0.000000 0.000000 -1.000000
vn 0.000000 -0.000000 -1.000000
vn 0.000000 0.000000 -1.000000
vn 0.000000 0.000000 -1.000000
vn 0.000000 -0.000000 -1.000000
vn 0.000000 0.000000 -1.000000
vn 0.000000 0.000000 -1.000000
vn 0.000000 -0.000000 -1.000000
vn 0.000000 0.000000 -1.000000
vn 0.000000 0.000000 -1.000000
vn 0.000000 0.000000 -1.000000
vn 0.000000 0.000000 -1.000000
vn 0.000000 0.000000 -1.000000
vn 0.000000 0.000000 -1.000000
vn 0.000000 -0.000000 -1.000000
vn -0.000000 -0.000000 -1.000000
vn -0.000000 -0.000000 -1.000000
vn 0.000000 -0.000000 -1.000000
vn 0.000000 -0.000000 -1.000000
vn 0.000000 -0.000000 -1.000000
vn 0.000000 -0.000000 -1.000000
vn 0.000000 -0.000000 -1.000000
vn -0.000000 -0.000000 -1.000000
vn 0.000000 0.000000 -1.000000
vn 0.000000 0.000000 -1.000000
vn 0.000000 -0.000000 -1.000000
vn 0.000000 0.000000 -1.000000
vn 0.000000 0.000000 -1.000000
vn 0.000000 0.000000 -1.000000
vn 0.000000 0.000000 -1.000000
vn 0.000000 -0.000000 -1.000000
vn 0.000000 -0.000000 -1.000000
vn 0.000000 0.000000 -1.000000
vn 0.000000 0.000000 -1.000000
vn 0.000000 0.000000 -1.000000
vn 0.000000 0.000000 -1.000000
vn 0.000000 0.000000 -1.000000
vn 0.000000 0.000000 -1.000000
vn 0.000000 0.000000 -1.000000
vn 0.000000 0.000000 -1.000000
vn 0.000000 0.000000 -1.000000
vn 0.000000 0.000000 -1.000000
vn 0.000000 0.000000 -1.000000
vn 0.000000 0.000000 -1.000000
vn 0.000000 0.000000 -1.000000
vn 0.000000 -0.000000 -1.000000
vn 0.000000 0.000000 -1.000000
vn 0.000000 -0.000000 -1.000000
vn 0.000000 0.000000 -1.000000
vn 0.000000 0.000000 -1.000000
vn 0.000000 0.000000 -1.000000
vn 0.000000 -0.000000 -1.000000
vn 0.000000 0.000000 -1.000000
vn 0.000000 0.000000 -1.000000
vn 0.000000 -0.000000 -1.000000
vn 0.000000 0.000000 -1.000000
vn 0.000000 -0.000000 -1.000000
vn 0.000000 0.000000 -1.000000
vn 0.000000 -0.000000 -1.000000
vn 0.000000 -0.000000 -1.000000
vn 0.000000 0.000000 -1.000000
vn 0.000000 -0.000000 -1.000000
vn 0.000000 0.000000 -1.000000
vn 0.000000 0.000000 -1.000000
vn 0.000000 0.000000 -1.000000
vn 0.000000 0.000000 -1.000000
vn 0.000000 -0.000000 -1.000000
vn 0.000000 -0.000000 -1.000000
vn 0.000000 -0.000000 -1.000000
vn 0.000000 -0.000000 -1.000000
vn 0.000000 0.000000 -1.000000
vn 0.000000 -0.000000 -1.000000
vn 0.000000 0.000000 -1.000000
vn 0.000000 0.000000 -1.000000
vn 0.000000 -0.000000 -1.000000
vn -0.000000 -0.000000 -1.000000
vn 0.000000 -0.000000 -1.000000
vn 0.000000 -0.000000 -1.000000
vn 0.000000 -0.000000 -1.000000
vn 0.000000 0.000000 -1.000000
vn 0.000000 0.000000 -1.000000
vn 0.000000 0.000000 -1.000000
vn 0.000000 -0.000000 -1.000000
vn 0.000000 0.000000 -1.000000
vn 0.000000 0.000000 -1.000000
vn 0.000000 0.000000 -1.000000
vn 0.000000 0.000000 -1.000000
vn 0.000000 -0.000000 -1.000000
vn 0.000000 0.000000 -1.000000
vn 0.000000 0.000000 -1.000000
vn 0.000000 0.000000 -1.000000
vn 0.000000 0.000000 -1.000000
vn 0.000000 0.000000 -1.000000
vn 0.000000 0.000000 -1.000000
vn 0.000000 0.000000 -1.000000
vn 0.000000 0.000000 -1.000000
vn 0.000000 0.000000 -1.000000
vn 0.000000 0.000000 -1.000000
vn 0.000000 0.000000 -1.000000
vn 0.000000 0.000000 -1.000000
vn 0.000000 0.000000 -1.000000
vn 0.000000 0.000000 -1.000000
vn 0.000000 0.000000 -1.000000
vn 0.000000 0.000000 -1.000000
vn 0.000000 0.000000 -1.000000
vn 0.000000 0.000000 -1.000000
vn 0.000000 0.000000 -1.000000
vn 0.000000 0.000000 -1.000000
vn 0.000000 0.000000 -1.000000
vn 0.000000 0.000000 -1.000000
vn 0.000000 0.000000 -1.000000
vn 0.000000 0.000000 -1.000000
vn 0.000000 0.000000 -1.000000
vn 0.000000 0.000000 -1.000000
vn 0.000000 0.000000 -1.000000
vn 0.000000 0.000000 -1.000000
vn 0.000000 0.000000 -1.000000
vn 0.000000 0.000000 -1.000000
vn 0.000000 0.000000 -1.000000
vn 0.000000 0.000000 -1.000000
vn 0.000000 0.000000 -1.000000
vn 0.000000 0.000000 -1.000000
vn 0.000000 0.000000 -1.000000
vn 0.000000 0.000000 -1.000000
vn 0.000000 0.000000 -1.000000
vn 0.000000 0.000000 -1.000000
vn 0.000000 0.000000 -1.000000
vn 0.000000 0.000000 -1.000000
vn 0.000000 0.000000 -1.000000
vn 0.000000 -0.000000 -1.000000
vn 0.000000 0.000000 -1.000000
vn 0.000000 0.000000 -1.000000
vn 0.000000 0.000000 -1.000000
vn 0.000000 0.000000 -1.000000
vn 0.000000 0.000000 -1.000000
vn -0.000000 -0.000000 -1.000000
vn 0.000000 0.000000 -1.000000
vn 0.000000 -0.000000 -1.000000
vn 0.000000 0.000000 -1.000000
vn 0.000000 0.000000 -1.000000
vn 0.000000 0.000000 -1.000000
vn -0.000000 -0.000000 -1.000000
vn 0.000000 0.000000 -1.000000
vn 0.000000 0.000000 -1.000000
vn 0.000000 0.000000 -1.000000
vn -0.000000 -0.000000 -1.000000
vn 0.000000 -0.000000 -1.000000
vn 0.000000 0.000000 -1.000000
vn 0.000000 0.000000 -1.000000
vn 0.000000 0.000000 -1.000000
vn 0.000000 0.000000 -1.000000
vn 0.000000 0.000000 -1.000000
vn 0.000000 -0.000000 -1.000000
vn 0.000000 0.000000 -1.000000
vn 0.000000 0.000000 -1.000000
vn 0.000000 0.000000 -1.000000
vn 0.000000 0.000000 -1.000000
vn 0.000000 0.000000 -1.000000
vn 0.000000 0.000000 -1.000000
vn 0.000000 -0.000000 -1.000000
vn 0.000000 0.000000 -1.000000
vn 0.000000 0.000000 -1.000000
vn 0.000000 0.000000 -1.000000
vn 0.000000 -0.000000 -1.000000
vn 0.000000 -0.000000 -1.000000
vn 0.000000 0.000000 -1.000000
vn 0.000000 0.000000 -1.000000
vn 0.000000 -0.000000 -1.000000
vn 0.000000 0.000000 -1.000000
vn 0.000000 0.000000 -1.000000
vn 0.000000 0.000000 -1.000000
vn 0.000000 0.000000 -1.000000
vn 0.000000 0.000000 -1.000000
vn 0.000000 0.000000 -1.000000
vn 0.000000 0.000000 -1.000000
vn 0.000000 0.000000 -1.000000
vn 0.000000 0.000000 -1.000000
vn 0.000000 0.000000 -1.000000
vn 0.000000 0.000000 -1.000000
vn 0.000000 0.000000 -1.000000
vn 0.000000 0.000000 -1.000000
vn 0.000000 0.000000 -1.000000
vn 0.000000 0.000000 -1.000000
vn 0.000000 0.000000 -1.000000
vn 0.000000 0.000000 -1.000000
vn 0.000000 0.000000 -1.000000
vn 0.000000 -0.000000 -1.000000
vn 0.000000 0.000000 -1.000000
vn 0.000000 0.000000 -1.000000
vn 0.000000 0.000000 -1.000000
vn 0.000000 -0.000000 -1.000000
vn 0.000000 -0.000000 -1.000000
vn 0.000000 0.000000 -1.000000
vn 0.000000 0.000000 -1.000000
vn 0.000000 0.000000 -1.000000
vn 0.000000 0.000000 -1.000000
vn 0.000000 0.000000 -1.000000
vn 0.000000 0.000000 -1.000000
vn 0.000000 0.000000 -1.000000
vn 0.000000 -1.000000 0.000000
vn 0.000000 -1.000000 0.000000
vn 0.707107 0.000000 0.707107
vn 0.707107 0.000000 0.707107
vn 0.707107 0.000000 0.707107
vn 0.707107 0.000000 0.707107
vn 0.707107 0.000000 0.707107
vn 0.000000 -1.000000 0.000000
vn 0.000000 -1.000000 0.000000
vn -0.000000 -1.000000 0.000000
vn 0.707107 0.000001 0.707107
vn 0.707107 -0.000000 0.707107
vn 0.707107 0.000000 0.707107
vn 0.707107 0.000000 0.707107
vn 0.707107 0.000000 0.707107
vn 0.707107 0.000000 0.707107
vn 0.707107 0.000000 0.707107
vn 0.707107 -0.000001 0.707107
vn 0.707107 -0.000000 0.707107
vn 0.000000 -1.000000 0.000000
vn 0.000000 -1.000000 0.000000
vn 0.000000 -1.000000 0.000000
vn 0.000000 -1.000000 0.000000
vn 0.000000 -1.000000 0.000000
vn 0.000000 0.000000 1.000000
vn 0.000000 0.000000 1.000000
vn 0.000000 0.000000 1.000000
vn 0.000000 0.000000 1.000000
vn 0.000000 0.000000 1.000000
vn 0.000000 0.000000 1.000000
vn 0.000000 0.000000 1.000000
vn 0.000000 0.000000 1.000000
vn 0.000000 1.000000 0.000000
vn 0.000000 1.000000 0.000000
vn 0.000000 1.000000 0.000000
vn 0.000000 1.000000 0.000000
vn 0.000000 1.000000 0.000000
vn 0.707107 0.707107 -0.000000
vn 0.707107 0.707107 -0.000000
vn 1.000000 0.000000 0.000000
vn 1.000000 -0.000000 0.000000
vn -0.992709 -0.120536 -0.000000
vn -0.992709 -0.120536 0.000000
vn -0.935016 -0.354605 0.000000
vn -0.935016 -0.354605 -0.000000
vn -0.822983 -0.568066 0.000000
vn -0.822983 -0.568066 -0.000000
vn -0.663119 -0.748514 0.000000
vn -0.464730 -0.885453 0.000000
vn -0.663119 -0.748514 -0.000000
vn -0.464730 -0.885453 0.000000
vn -0.239310 -0.970943 0.000000
vn -0.239310 -0.970943 -0.000000
vn 0.000000 -1.000000 0.000000
vn 0.239310 -0.970943 0.000000
vn -0.000000 -1.000000 -0.000000
vn 0.464730 -0.885453 0.000000
vn 0.239310 -0.970943 0.000000
vn 0.464730 -0.885453 0.000000
vn 0.663119 -0.748514 0.000000
vn 0.663119 -0.748514 0.000000
vn 0.822984 -0.568065 0.000000
vn 0.822984 -0.568065 0.000000
vn 0.935016 -0.354605 0.000000
vn 0.935016 -0.354605 0.000000
vn 0.992709 -0.120536 0.000000
vn 0.992709 -0.120536 0.000000
vn 0.992709 0.120536 0.000000
vn 0.992709 0.120536 0.000000
vn 0.935016 0.354605 0.000000
vn 0.935016 0.354605 0.000000
vn 0.822984 0.568065 0.000000
vn 0.822984 0.568065 0.000000
vn 0.663119 0.748514 0.000000
vn 0.663119 0.748514 0.000000
vn 0.464730 0.885453 0.000000
vn 0.464730 0.885453 0.000000
vn 0.239310 0.970943 0.000000
vn 0.239310 0.970943 0.000000
vn -0.000000 1.000000 0.000000
vn 0.000000 1.000000 0.000000
vn -0.239310 0.970943 0.000000
vn -0.239310 0.970943 0.000000
vn -0.464730 0.885453 0.000000
vn -0.464730 0.885453 0.000000
vn -0.663119 0.748514 0.000000
vn -0.663119 0.748514 0.000000
vn -0.822983 0.568066 0.000000
vn -0.822983 0.568066 0.000000
vn -0.935016 0.354605 0.000000
vn -0.992709 0.120536 0.000000
vn -0.935016 0.354605 0.000000
vn -0.992709 0.120536 0.000000
vn -1.000000 0.000000 0.000000
vn -1.000000 0.000000 0.000000
vn 0.000000 1.000000 0.000000
vn 0.000000 1.000000 0.000000
vn 0.000000 1.000000 0.000000
vn 0.000000 1.000000 0.000000
vn 0.000000 1.000000 0.000000
vn 0.000000 1.000000 0.000000
vn 0.000000 1.000000 0.000000
vn 0.000000 1.000000 0.000000
vn 0.000000 1.000000 0.000000
vn 0.000000 1.000000 0.000000
vn 0.000000 1.000000 0.000000
vn 0.000000 1.000000 0.000000
vn 0.000000 1.000000 0.000000
vn 0.000000 1.000000 0.000000
vn 0.000000 1.000000 0.000000
vn 0.000000 1.000000 0.000000
vn 0.000000 1.000000 0.000000
vn 0.000000 1.000000 0.000000
vn 0.000000 1.000000 0.000000
vn 0.000000 1.000000 0.000000
vn 0.000000 1.000000 0.000000
vn 0.000000 1.000000 0.000000
vn 0.000000 1.000000 0.000000
vn 0.000000 1.000000 0.000000
vn 0.000000 1.000000 0.000000
vn 0.000000 1.000000 0.000000
vn 0.000000 1.000000 0.000000
vn 0.000000 1.000000 0.000000
vn 0.000000 1.000000 0.000000
vn 0.000000 1.000000 0.000000
vn 0.000000 1.000000 0.000000
vn 0.000000 1.000000 0.000000
vn 0.000000 1.000000 0.000000
vn 0.000000 1.000000 0.000000
vn 0.000000 1.000000 0.000000
vn 0.000000 1.000000 0.000000
vn 0.000000 1.000000 0.000000
vn 0.000000 1.000000 0.000000
vn 0.000000 1.000000 0.000000
vn 0.000000 1.000000 0.000000
vn 0.000000 1.000000 0.000000
vn 0.000000 1.000000 0.000000
vn 0.000000 1.000000 0.000000
vn 0.000000 1.000000 0.000000
vn 0.000000 1.000000 0.000000
vn 0.000000 1.000000 0.000000
vn 0.000000 1.000000 0.000000
vn 0.000000 1.000000 0.000000
vn 0.000000 1.000000 0.000000
vn 0.000000 1.000000 0.000000
vn 0.000000 1.000000 0.000000
vn 0.000000 1.000000 0.000000
vn 0.000000 1.000000 0.000000
vn 0.000000 1.000000 0.000000
vn 0.000000 1.000000 0.000000
vn 0.000000 1.000000 0.000000
vn 0.000000 1.000000 0.000000
vn 0.000000 1.000000 0.000000
vn 0.000000 1.000000 0.000000
vn 0.000000 1.000000 0.000000
vn 0.000000 1.000000 0.000000
vn -0.000000 1.000000 0.000000
vn -0.000000 1.000000 0.000000
vn -0.000000 1.000000 0.000000
vn -0.000000 1.000000 0.000000
vn -0.000000 1.000000 0.000000
vn 0.000000 1.000000 0.000000
vn 0.000000 0.000000 -1.000000
vn 0.000000 0.000000 -1.000000
vn 0.000000 0.000000 1.000000
vn 0.000000 0.000000 1.000000
vn 0.000000 0.000000 1.000000
vn 0.000000 0.000000 1.000000
vn 0.000000 0.000000 1.000000
vn 0.000000 0.000000 1.000000
vn 0.000000 0.000000 1.000000
vn 0.000000 0.000000 1.000000
vn 0.000000 0.000000 1.000000
vn 0.000000 0.000000 1.000000
vn 0.000000 0.000000 1.000000
vn 0.000000 0.000000 1.000000
vn 0.000000 0.000000 1.000000
vn 0.000000 0.000000 1.000000
vn 0.000000 0.000000 1.000000
vn 0.000000 0.000000 1.000000
vn 0.000000 0.000000 1.000000
vn 0.000000 0.000000 1.000000
vn 0.000000 0.000000 1.000000
vn 0.000000 0.000000 1.000000
vn 0.000000 0.000000 1.000000
vn 0.000000 0.000000 1.000000
vn 0.000000 0.000000 1.000000
vn 0.000000 0.000000 1.000000
vn 0.000000 0.000000 1.000000
vn 0.000000 0.000000 1.000000
vn 0.000000 0.000000 1.000000
vn 0.000000 0.000000 1.000000
vn 0.000000 0.000000 1.000000
vn 0.000000 0.000000 1.000000
vn 0.000000 0.000000 1.000000
vn 0.000000 0.000000 1.000000
vn 0.000000 0.000000 1.000000
vn 0.000000 0.000000 1.000000
vn 0.000000 0.000000 1.000000
vn 0.000000 0.000000 1.000000
vn 0.000000 0.000000 1.000000
vn 0.000000 0.000000 1.000000
vn 0.000000 0.000000 1.000000
vn 0.000000 0.000000 1.000000
vn 0.000000 0.000000 1.000000
vn 0.000000 0.000000 1.000000
vn 0.000000 0.000000 1.000000
vn 0.000000 0.000000 1.000000
vn 0.000000 0.000000 1.000000
vn 0.000000 0.000000 1.000000
vn 0.000000 0.000000 1.000000
vn 0.000000 0.000000 1.000000
vn 0.000000 0.000000 1.000000
vn 0.000000 0.000000 1.000000
vn 0.000000 0.000000 1.000000
vn 0.000000 0.000000 1.000000
vn 0.000000 0.000000 1.000000
vn 0.000000 0.000000 1.000000
vn 0.000000 0.000000 1.000000
vn 0.000000 0.000000 1.000000
vn 0.000000 0.000000 1.000000
vn 0.000000 0.000000 1.000000
vn 0.000000 0.000000 1.000000
vn 0.000000 0.000000 1.000000
vn 0.000000 0.000000 1.000000
vn 0.000000 0.000000 1.000000
vn 0.000000 0.000000 1.000000
vn 0.000000 0.000000 1.000000
vn 0.000000 0.000000 1.000000
vn 0.000000 0.000000 1.000000
vn 0.000000 0.000000 1.000000
vn 0.000000 0.000000 1.000000
vn 0.000000 0.000000 1.000000
vn 0.000000 0.000000 1.000000
vn 0.000000 0.000000 1.000000
vn 0.000000 0.000000 1.000000
vn 0.000000 0.000000 1.000000
vn 0.000000 0.000000 1.000000
vn 0.000000 0.000000 1.000000
vn 0.000000 0.000000 1.000000
vn 0.000000 0.000000 1.000000
vn 0.000000 0.000000 1.000000
vn 0.000000 0.000000 1.000000
vn 0.000000 0.000000 1.000000
vn 0.000000 0.000000 1.000000
vn 0.000000 0.000000 1.000000
vn 0.000000 0.000000 1.000000
vn 0.000000 0.000000 1.000000
vn 0.000000 0.000000 1.000000
vn 0.000000 0.000000 1.000000
vn 0.000000 0.000000 1.000000
vn 0.000000 0.000000 1.000000
vn 0.000000 0.000000 1.000000
vn 0.000000 0.000000 1.000000
vn 0.000000 0.000000 1.000000
vn 0.000000 0.000000 1.000000
vn 0.000000 0.000000 1.000000
vn 0.000000 0.000000 1.000000
vn 0.000000 0.000000 1.000000
vn 0.000000 0.000000 1.000000
vn 0.000000 0.000000 1.000000
vn 0.000000 0.000000 1.000000
vn 0.000000 0.000000 1.000000
vn 0.000000 0.000000 1.000000
vn 0.000000 0.000000 1.000000
vn 0.000000 0.000000 1.000000
vn 0.000000 0.000000 1.000000
vn 0.000000 0.000000 1.000000
vn 0.000000 0.000000 1.000000
vn 0.000000 0.000000 1.000000
vn 0.000000 0.000000 1.000000
vn 0.000000 0.000000 1.000000
vn 0.000000 0.000000 1.000000
vn 0.000000 0.000000 1.000000
vn 0.000000 0.000000 1.000000
vn 0.000000 0.000000 1.000000
vn 0.000000 0.000000 1.000000
vn 0.000000 0.000000 1.000000
vn 0.000000 0.000000 1.000000
vn 0.000000 0.000000 1.000000
vn 0.000000 0.000000 1.000000
vn 0.000000 0.000000 1.000000
vn 0.000000 0.000000 1.000000
vn 0.000000 0.000000 1.000000
vn 0.000000 0.000000 1.000000
vn 0.000000 0.000000 1.000000
vn 0.000000 0.000000 1.000000
vn 0.000000 0.000000 1.000000
vn 0.000000 0.000000 1.000000
vn 0.000000 0.000000 1.000000
vn 0.000000 0.000000 1.000000
vn 0.000000 0.000000 1.000000
vn 0.000000 0.000000 1.000000
vn 0.000000 0.000000 1.000000
vn 0.000000 0.000000 1.000000
vn 0.000000 0.000000 1.000000
vn 0.000000 0.000000 1.000000
vn 0.000000 0.000000 1.000000
vn 0.000000 0.000000 1.000000
vn 0.000000 0.000000 1.000000
vn 0.000000 0.000000 1.000000
vn 0.000000 0.000000 1.000000
vn 0.000000 0.000000 1.000000
vn 0.000000 0.000000 1.000000
vn 0.000000 0.000000 1.000000
vn 0.000000 0.000000 1.000000
vn 0.000000 0.000000 1.000000
vn 0.000000 0.000000 1.000000
vn 0.000000 0.000000 1.000000
vn 0.000000 0.000000 1.000000
vn 0.000000 0.000000 1.000000
vn 0.000000 0.000000 1.000000
vn 0.000000 0.000000 1.000000
vn 0.000000 0.000000 1.000000
vn 0.000000 0.000000 1.000000
vn 0.000000 0.000000 1.000000
vn 0.000000 0.000000 1.000000
vn 0.000000 0.000000 1.000000
vn 0.000000 0.000000 1.000000
vn 0.000000 0.000000 1.000000
vn 0.000000 0.000000 1.000000
vn 0.000000 0.000000 1.000000
vn 0.000000 0.000000 1.000000
vn 0.000000 0.000000 1.000000
vn 0.000000 0.000000 1.000000
vn 0.000000 0.000000 1.000000
vn 0.000000 0.000000 1.000000
vn 0.000000 0.000000 1.000000
vn 0.000000 0.000000 1.000000
vn 0.000000 0.000000 1.000000
vn 0.000000 0.000000 1.000000
vn 0.000000 0.000000 1.000000
vn 0.000000 0.000000 1.000000
vn 0.000000 0.000000 1.000000
vn 0.000000 0.000000 1.000000
vn 0.000000 0.000000 1.000000
vn 0.000000 0.000000 1.000000
vn 0.000000 0.000000 1.000000
vn 0.000000 0.000000 1.000000
vn 0.000000 0.000000 1.000000
vn 0.000000 0.000000 1.000000
vn 0.000000 0.000000 1.000000
vn 0.000000 0.000000 1.000000
vn 0.000000 0.000000 1.000000
vn 0.000000 0.000000 1.000000
vn 0.000000 0.000000 1.000000
vn 0.000000 0.000000 1.000000
vn 0.000000 0.000000 1.000000
vn 0.000000 0.000000 1.000000
vn 0.000000 0.000000 1.000000
vn 0.000000 0.000000 1.000000
vn 0.000000 0.000000 1.000000
vn 0.000000 0.000000 1.000000
vn 0.000000 0.000000 1.000000
vn 0.000000 0.000000 1.000000
vn 0.000000 0.000000 1.000000
vn 0.000000 0.000000 1.000000
vn 0.000000 0.000000 1.000000
vn 0.000000 0.000000 1.000000
vn 0.000000 0.000000 1.000000
vn 0.000000 0.000000 1.000000
vn 0.000000 0.000000 1.000000
vn 0.000000 0.000000 1.000000
vn 0.000000 0.000000 1.000000
vn 0.000000 0.000000 1.000000
vn 0.000000 0.000000 1.000000
vn 0.000000 0.000000 1.000000
vn 0.000000 0.000000 1.000000
vn 0.000000 0.000000 1.000000
vn 0.000000 0.000000 1.000000
vn 0.000000 0.000000 1.000000
vn 0.000000 0.000000 1.000000
vn 0.000000 0.000000 1.000000
vn 0.000000 0.000000 1.000000
vn 0.000000 0.000000 1.000000
vn 0.000000 0.000000 1.000000
vn 0.000000 0.000000 1.000000
vn 0.000000 0.000000 1.000000
vn 0.000000 0.000000 1.000000
vn 0.000000 0.000000 1.000000
vn 0.000000 0.000000 1.000000
vn 0.000000 0.000000 1.000000
vn 0.000000 0.000000 1.000000
vn 0.000000 0.000000 1.000000
vn 0.000000 0.000000 1.000000
vn 0.000000 0.000000 1.000000
vn 0.000000 0.000000 1.000000
vn 0.000000 0.000000 1.000000
vn 0.000000 0.000000 1.000000
vn 0.000000 0.000000 1.000000
vn 0.000000 0.000000 1.000000
vn 0.000000 0.000000 1.000000
vn 0.000000 0.000000 1.000000
vn 0.000000 0.000000 1.000000
vn 0.000000 0.000000 1.000000
vn 0.000000 0.000000 1.000000
vn 0.000000 0.000000 1.000000
vn 0.000000 0.000000 1.000000
vn 0.000000 0.000000 1.000000
vn 0.000000 0.000000 1.000000
vn 0.000000 0.000000 1.000000
vn 0.000000 0.000000 1.000000
vn 0.000000 0.000000 1.000000
vn 0.000000 0.000000 1.000000
vn 0.000000 0.000000 1.000000
vn 0.000000 0.000000 1.000000
vn 0.000000 0.000000 1.000000
vn 0.000000 0.000000 1.000000
vn 0.000000 0.000000 1.000000
vn 0.000000 0.000000 1.000000
vn 0.000000 0.000000 1.000000
vn 0.000000 0.000000 1.000000
vn 0.000000 0.000000 1.000000
vn 0.000000 0.000000 1.000000
vn 0.000000 0.000000 1.000000
vn 0.000000 0.000000 1.000000
vn 0.000000 0.000000 1.000000
vn 0.000000 0.000000 1.000000
vn 0.000000 0.000000 1.000000
vn 0.000000 0.000000 1.000000
vn 0.000000 0.000000 1.000000
vn 0.000000 0.000000 1.000000
vn 0.000000 0.000000 1.000000
vn 0.000000 0.000000 1.000000
vn 0.000000 0.000000 1.000000
vn 0.707107 0.000000 0.707107
vn 0.707107 -0.000000 0.707107
vn 0.707107 -0.000000 0.707107
vn 1.000000 0.000000 0.000000
vn 1.000000 0.000000 -0.000000
vn 1.000000 0.000000 0.000000
vn 1.000000 0.000000 -0.000000
vn 1.000000 0.000000 -0.000000
vn 0.000000 0.000000 1.000000
vn 0.000000 0.000000 1.000000
vn -0.707107 0.000000 0.707107
vn -0.707107 0.000000 0.707107
vn -0.707107 0.000000 0.707107
vn -0.992709 0.000000 -0.120538
vn -0.992709 -0.000000 -0.120538
vn -0.935017 -0.000000 -0.354604
vn -0.935017 0.000000 -0.354604
vn -0.822984 -0.000000 -0.568065
vn -0.822984 0.000000 -0.568065
vn -0.663122 -0.000000 -0.748511
vn -0.663122 0.000000 -0.748511
vn -0.464725 -0.000000 -0.885455
vn -0.464725 0.000000 -0.885455
vn -0.239316 -0.000000 -0.970942
vn -0.239316 0.000000 -0.970942
vn 0.000000 0.000000 -1.000000
vn 0.000000 0.000000 -1.000000
vn 0.239316 0.000000 -0.970942
vn 0.239316 0.000000 -0.970942
vn 0.464725 0.000000 -0.885455
vn 0.464725 0.000000 -0.885455
vn 0.663122 0.000000 -0.748511
vn 0.663122 0.000000 -0.748511
vn 0.822984 0.000000 -0.568065
vn 0.822984 0.000000 -0.568065
vn 0.935017 0.000000 -0.354604
vn 0.935017 0.000000 -0.354604
vn 0.992709 0.000000 -0.120538
vn 0.992709 0.000000 -0.120538
vn 0.992709 0.000000 0.120538
vn 0.992709 0.000000 0.120538
vn 0.935017 0.000000 0.354604
vn 0.935017 0.000000 0.354604
vn 0.822983 0.000000 0.568066
vn 0.822983 0.000000 0.568066
vn 0.663123 0.000000 0.748510
vn 0.663123 0.000000 0.748510
vn 0.464723 0.000000 0.885456
vn 0.464723 0.000000 0.885456
vn 0.239316 0.000000 0.970942
vn 0.239316 0.000000 0.970942
vn 0.000000 0.000000 1.000000
vn 0.000000 0.000000 1.000000
vn -0.239316 0.000000 0.970942
vn -0.239316 0.000000 0.970942
vn -0.464723 0.000000 0.885456
vn -0.464723 0.000000 0.885456
vn -0.663123 0.000000 0.748510
vn -0.663123 0.000000 0.748510
vn -0.822983 0.000000 0.568066
vn -0.935017 0.000000 0.354604
vn -0.822983 0.000000 0.568066
vn -0.935017 0.000000 0.354604
vn -0.992709 0.000000 0.120538
vn -0.992709 0.000000 0.120538
vn 0.000000 0.000000 1.000000
vn 0.000000 0.000000 1.000000
vn 0.000000 0.000000 1.000000
vn 0.000000 0.000000 1.000000
vn 0.000000 0.000000 1.000000
vn 0.000000 0.000000 1.000000
vn 0.000000 0.000000 1.000000
vn 0.000000 0.000000 1.000000
vn 0.000000 0.000000 1.000000
vn 0.000000 0.000000 1.000000
vn 0.000000 0.000000 1.000000
vn 0.000000 0.000000 1.000000
vn 0.000000 0.000000 1.000000
vn 0.000000 0.000000 1.000000
vn 0.000000 0.000000 1.000000
vn 0.000000 0.000000 1.000000
vn 0.000000 0.000000 1.000000
vn 0.000000 0.000000 1.000000
vn 0.000000 0.000000 1.000000
vn 0.000000 0.000000 1.000000
vn 0.000000 0.000000 1.000000
vn 0.000000 0.000000 1.000000
vn 0.000000 0.000000 1.000000
vn 0.000000 0.000000 1.000000
vn 0.000000 0.000000 1.000000
vn 0.000000 0.000000 1.000000
vn 0.000000 0.000000 1.000000
vn 0.000000 0.000000 1.000000
vn 0.000000 0.000000 1.000000
vn 0.000000 0.000000 1.000000
vn 0.000000 0.000000 1.000000
vn 0.000000 0.000000 1.000000
vn 0.000000 0.000000 1.000000
vn 0.000000 0.000000 1.000000
vn 0.000000 0.000000 1.000000
vn 0.000000 0.000000 1.000000
vn 0.000000 0.000000 1.000000
vn 0.000000 0.000000 1.000000
vn 0.000000 0.000000 1.000000
vn 0.000000 0.000000 1.000000
vn 0.000000 0.000000 1.000000
vn 0.000000 0.000000 1.000000
vn 0.000000 0.000000 1.000000
vn 0.000000 0.000000 1.000000
vn 0.000000 0.000000 1.000000
vn 0.000000 0.000000 1.000000
vn 0.000000 0.000000 1.000000
vn 0.000000 0.000000 1.000000
vn 0.000000 0.000000 1.000000
vn 0.000000 0.000000 1.000000
vn 0.000000 0.000000 1.000000
vn 0.000000 0.000000 1.000000
vn 0.000000 0.000000 1.000000
vn 0.000000 0.000000 1.000000
vn 0.000000 0.000000 1.000000
vn 0.000000 0.000000 1.000000
vn 0.000000 0.000000 1.000000
vn 0.000000 0.000000 1.000000
vn 0.000000 0.000000 1.000000
vn 0.000000 0.000000 1.000000
vn 0.000000 0.000000 1.000000
vn 0.000000 0.000000 1.000000
vn 0.000000 0.000000 1.000000
vn 0.000000 0.000000 1.000000
vn 0.000000 0.000000 1.000000
vn 0.000000 0.000000 1.000000
vn 0.000000 0.000000 1.000000
vn 0.000000 0.000000 1.000000
vn 0.000000 0.000000 1.000000
vn 0.000000 0.000000 1.000000
vn 0.000000 0.000000 1.000000
vn 0.000000 0.000000 1.000000
vn 0.000000 0.000000 1.000000
vn 0.000000 0.000000 1.000000
vn 0.000000 0.000000 1.000000
vn 0.000000 0.000000 1.000000
vn 0.000000 0.000000 1.000000
vn 0.000000 0.000000 1.000000
vn 0.000000 0.000000 1.000000
vn 0.000000 0.000000 1.000000
vn 0.000000 0.000000 1.000000
vn 0.000000 0.000000 1.000000
vn 0.000000 0.000000 1.000000
vn 0.000000 0.000000 1.000000
vn 0.000000 0.000000 1.000000
vn 0.000000 0.000000 1.000000
vn 0.000000 0.000000 1.000000
vn 0.000000 0.000000 1.000000
vn 0.000000 0.000000 1.000000
vn 0.000000 0.000000 1.000000
vn 0.000000 0.000000 1.000000
vn 0.000000 0.000000 1.000000
vn 0.000000 0.000000 1.000000
vn 0.000000 0.000000 1.000000
vn 0.000000 0.000000 1.000000
vn 0.000000 0.000000 1.000000
vn 0.000000 0.000000 1.000000
vn 0.000000 0.000000 1.000000
vn 0.000000 0.000000 1.000000
vn 0.000000 0.000000 1.000000
vn 0.000000 0.000000 1.000000
vn 0.000000 0.000000 1.000000
vn 0.000000 0.000000 1.000000
vn 0.000000 0.000000 1.000000
vn 0.000000 0.000000 1.000000
vn 0.000000 0.000000 1.000000
vn 0.000000 0.000000 1.000000
vn 0.000000 0.000000 1.000000
vn 0.000000 0.000000 1.000000
vn 0.000000 0.000000 1.000000
vn 0.000000 0.000000 1.000000
vn 0.000000 0.000000 1.000000
vn 0.000000 0.000000 1.000000
vn 0.000000 0.000000 1.000000
vn 0.000000 0.000000 1.000000
vn 0.000000 0.000000 1.000000
vn 0.000000 0.000000 1.000000
vn 0.000000 0.000000 1.000000
vn 0.000000 0.000000 1.000000
vn 0.000000 0.000000 1.000000
vn 0.000000 0.000000 1.000000
vn 0.000000 0.000000 1.000000
vn 0.000000 0.000000 1.000000
vn 0.000000 0.000000 1.000000
vn 0.000000 0.000000 1.000000
vn 0.000000 0.000000 1.000000
vn 0.000000 0.000000 1.000000
vn 0.000000 0.000000 1.000000
vn 0.000000 0.000000 1.000000
vn 0.000000 0.000000 1.000000
vn 0.000000 0.000000 1.000000
vn 0.000000 0.000000 1.000000
vn 0.000000 0.000000 1.000000
vn 0.000000 0.000000 1.000000
vn 0.000000 0.000000 1.000000
vn 0.000000 0.000000 1.000000
vn 0.000000 0.000000 1.000000
vn 0.000000 0.000000 1.000000
vn 0.000000 0.000000 1.000000
vn 0.000000 0.000000 1.000000
vn 0.000000 0.000000 1.000000
vn 0.000000 0.000000 1.000000
vn 0.000000 0.000000 1.000000
vn 0.000000 0.000000 1.000000
vn 0.000000 0.000000 1.000000
vn 0.000000 0.000000 1.000000
vn 0.000000 0.000000 1.000000
vn 0.000000 0.000000 1.000000
vn 0.000000 0.000000 1.000000
vn 0.000000 0.000000 1.000000
vn 0.000000 0.000000 1.000000
vn 0.000000 0.000000 1.000000
vn 0.000000 0.000000 1.000000
vn 0.000000 0.000000 1.000000
vn 0.000000 0.000000 1.000000
vn 0.000000 0.000000 1.000000
vn 0.000000 0.000000 1.000000
vn 0.000000 0.000000 1.000000
vn 0.000000 0.000000 1.000000
vn 0.000000 0.000000 1.000000
vn 0.000000 0.000000 1.000000
vn 0.000000 0.000000 1.000000
vn 0.000000 0.000000 1.000000
vn 0.000000 0.000000 1.000000
vn 0.000000 0.000000 1.000000
vn 0.000000 0.000000 1.000000
vn 0.000000 0.000000 1.000000
vn 0.000000 0.000000 1.000000
vn 0.000000 0.000000 1.000000
vn 0.000000 0.000000 1.000000
vn 0.000000 0.000000 1.000000
vn 0.000000 0.000000 1.000000
vn 0.000000 0.000000 1.000000
vn 0.000000 0.000000 1.000000
vn 0.000000 0.000000 1.000000
vn 0.000000 0.000000 1.000000
vn 0.000000 0.000000 1.000000
vn 0.000000 0.000000 1.000000
vn 0.000000 0.000000 1.000000
vn 0.000000 0.000000 1.000000
vn 0.000000 0.000000 1.000000
vn 0.000000 0.000000 1.000000
vn 0.000000 0.000000 1.000000
vn 0.000000 0.000000 1.000000
vn 0.000000 0.000000 1.000000
vn 0.000000 0.000000 1.000000
vn 0.000000 0.000000 1.000000
vn 0.000000 0.000000 1.000000
vn 0.000000 0.000000 1.000000
vn 0.000000 0.000000 1.000000
vn 0.000000 0.000000 1.000000
vn 0.000000 0.000000 1.000000
vn 0.000000 0.000000 1.000000
vn 0.000000 0.000000 1.000000
vn 0.000000 0.000000 1.000000
vn 0.000000 0.000000 1.000000
vn 0.000000 0.000000 1.000000
vn 0.000000 0.000000 1.000000
vn 0.000000 0.000000 1.000000
vn 0.000000 0.000000 1.000000
vn 0.000000 0.000000 1.000000
vn 0.000000 0.000000 1.000000
vn 0.000000 0.000000 1.000000
vn 0.000000 0.000000 1.000000
vn 0.000000 0.000000 1.000000
vn 0.000000 0.000000 1.000000
vn 0.000000 0.000000 1.000000
vn 0.000000 0.000000 1.000000
vn 0.000000 0.000000 1.000000
vn 0.000000 0.000000 1.000000
vn 0.000000 0.000000 1.000000
vn 0.000000 0.000000 1.000000
vn 0.000000 0.000000 1.000000
vn 0.000000 0.000000 1.000000
vn 0.000000 0.000000 1.000000
vn 0.000000 0.000000 1.000000
vn 0.000000 0.000000 1.000000
vn 0.000000 0.000000 1.000000
vn 0.000000 0.000000 1.000000
vn 0.000000 0.000000 1.000000
vn 0.000000 0.000000 1.000000
vn 0.000000 0.000000 1.000000
vn 0.000000 0.000000 1.000000
vn 0.000000 0.000000 1.000000
vn 0.000000 0.000000 1.000000
vn 0.000000 0.000000 1.000000
vn 0.000000 0.000000 1.000000
vn 0.000000 0.000000 1.000000
vn 0.000000 0.000000 1.000000
vn 0.000000 0.000000 1.000000
vn 0.000000 0.000000 1.000000
vn 0.000000 0.000000 1.000000
vn 0.000000 0.000000 1.000000
vn 0.000000 0.000000 1.000000
vn 0.000000 0.000000 1.000000
vn 0.000000 0.000000 1.000000
vn 0.000000 0.000000 1.000000
vn 0.000000 0.000000 1.000000
vn 0.000000 0.000000 1.000000
vn 0.000000 0.000000 1.000000
vn 0.000000 0.000000 1.000000
vn 0.000000 0.000000 1.000000
vn 0.000000 0.000000 1.000000
vn 0.000000 0.000000 1.000000
vn 0.000000 0.000000 1.000000
vn 0.000000 0.000000 1.000000
vn 0.000000 0.000000 1.000000
vn 0.000000 0.000000 1.000000
vn 0.000000 0.000000 1.000000
vn 0.000000 0.000000 1.000000
vn 0.000000 0.000000 1.000000
vn 0.000000 0.000000 1.000000
vn 0.000000 0.000000 1.000000
vn 0.000000 0.000000 1.000000
vn 0.000000 0.000000 1.000000
vn 0.000000 0.000000 1.000000
vn 0.000000 0.000000 1.000000
vn 0.000000 0.000000 1.000000
vn 0.000000 0.000000 1.000000
vn 0.000000 0.000000 1.000000
vn 0.000000 0.000000 1.000000
vn 0.000000 0.000000 1.000000
vn 0.000000 0.000000 1.000000
vn 0.000000 0.000000 1.000000
vn 0.000000 0.000000 1.000000
vn 0.000000 0.000000 1.000000
vn 0.000000 0.000000 1.000000
vn 0.000000 0.000000 1.000000
vn 0.000000 0.000000 1.000000
vn 0.000000 0.000000 1.000000
vn 0.000000 0.000000 1.000000
vn 0.000000 0.000000 1.000000
vn 0.000000 0.000000 1.000000
vn 0.000000 0.000000 1.000000
vn 0.000000 0.000000 1.000000
vn 0.000000 0.000000 1.000000
vn 0.000000 -0.000000 1.000000
vn 0.000000 0.000000 1.000000
vn 0.000000 0.000000 1.000000
vn 0.000000 -0.000000 1.000000
vn 0.000000 -0.000000 1.000000
vn 0.000000 -0.000000 1.000000
vn 0.000000 -0.000000 1.000000
vn 0.000000 0.000000 1.000000
vn 0.000000 0.000000 1.000000
vn 1.000000 0.000000 0.000000
vn 1.000000 -0.000000 0.000000
vn 1.000000 0.000000 0.000000
vn 1.000000 0.000000 0.000000
vn 1.000000 -0.000000 0.000000
vn 0.000000 0.000000 1.000000
vn 0.000000 0.000000 1.000000
vn -0.707107 0.000000 0.707107
vn -0.707107 0.000000 0.707107
vn -0.707107 0.000000 0.707107
vn 0.707107 0.000000 0.707107
vn 0.707107 0.000000 0.707107
vn 0.707107 -0.000000 0.707107
vn -0.992709 0.000000 -0.120538
vn -0.992709 0.000000 -0.120538
vn -0.935017 0.000000 -0.354604
vn -0.935017 0.000000 -0.354604
vn -0.822984 0.000000 -0.568065
vn -0.822984 0.000000 -0.568065
vn -0.663122 0.000000 -0.748511
vn -0.663122 0.000000 -0.748511
vn -0.464725 0.000000 -0.885455
vn -0.464725 0.000000 -0.885455
vn -0.239316 0.000000 -0.970942
vn -0.239316 0.000000 -0.970942
vn -0.000000 0.000000 -1.000000
vn 0.000000 0.000000 -1.000000
vn 0.239316 0.000000 -0.970942
vn 0.239316 0.000000 -0.970942
vn 0.464725 0.000000 -0.885455
vn 0.464725 0.000000 -0.885455
vn 0.663122 0.000000 -0.748511
vn 0.663122 0.000000 -0.748511
vn 0.822984 0.000000 -0.568065
vn 0.822984 0.000000 -0.568065
vn 0.935017 0.000000 -0.354604
vn 0.935017 0.000000 -0.354604
vn 0.992709 0.000000 -0.120538
vn 0.992709 0.000000 -0.120538
vn 0.992709 -0.000000 0.120538
vn 0.992709 0.000000 0.120538
vn 0.935017 -0.000000 0.354604
vn 0.935017 0.000000 0.354604
vn 0.822983 -0.000000 0.568066
vn 0.822983 0.000000 0.568066
vn 0.663123 -0.000000 0.748510
vn 0.663123 0.000000 0.748510
vn 0.464723 -0.000000 0.885456
vn 0.464723 0.000000 0.885456
vn 0.239316 -0.000000 0.970942
vn 0.239316 0.000000 0.970942
vn 0.000000 0.000000 1.000000
vn -0.000000 0.000000 1.000000
vn -0.239316 0.000000 0.970942
vn -0.239316 0.000000 0.970942
vn -0.464723 0.000000 0.885456
vn -0.464723 0.000000 0.885456
vn -0.663123 0.000000 0.748510
vn -0.663123 0.000000 0.748510
vn -0.822983 0.000000 0.568066
vn -0.822983 0.000000 0.568066
vn -0.935017 0.000000 0.354604
vn -0.935017 0.000000 0.354604
vn -0.992709 0.000000 0.120538
vn -0.992709 0.000000 0.120538
vn 0.000000 -1.000000 0.000000
vn -0.000000 -1.000000 0.000000
vn 0.000000 -1.000000 0.000000
vn -0.000000 -1.000000 0.000000
vn 0.000000 -1.000000 0.000000
vn -0.000000 -1.000000 0.000000
vn -0.000000 -1.000000 -0.000000
vn 0.000000 -1.000000 0.000000
vn 0.000000 -1.000000 0.000000
vn 0.000000 -1.000000 0.000000
vn 0.000000 -1.000000 0.000000
vn 0.000000 -1.000000 0.000000
vn 0.000000 -1.000000 0.000000
vn -0.000000 -1.000000 0.000000
vn -0.000000 -1.000000 0.000000
vn -0.000000 -1.000000 0.000000
vn 0.000000 -1.000000 0.000000
vn 0.000000 -1.000000 0.000000
vn 0.000000 -1.000000 0.000000
vn 0.000000 -1.000000 0.000000
vn 0.000000 -1.000000 0.000000
vn 0.000000 -1.000000 0.000000
vn 0.000000 -1.000000 0.000000
vn 0.000000 -1.000000 0.000000
vn 0.000000 -1.000000 0.000000
vn 0.000000 -1.000000 0.000000
vn 0.000000 -1.000000 0.000000
vn -0.000000 -1.000000 0.000000
vn 0.000000 -1.000000 0.000000
vn -0.000000 -1.000000 0.000000
vn -0.000000 -1.000000 0.000000
vn 0.000000 -1.000000 0.000000
vn 0.000000 -1.000000 0.000000
vn 0.000000 -1.000000 0.000000
vn 0.000000 -1.000000 0.000000
vn 0.000000 -1.000000 0.000000
vn 0.000000 -1.000000 0.000000
vn 0.000000 -1.000000 0.000000
vn -0.000000 -1.000000 -0.000000
vn 0.000000 -1.000000 -0.000000
vn 0.000000 -1.000000 0.000000
vn 0.000000 -1.000000 0.000000
vn 0.000000 -1.000000 0.000000
vn 0.000000 -1.000000 0.000000
vn 0.000000 -1.000000 0.000000
vn -0.000000 -1.000000 0.000000
vn -0.000000 -1.000000 0.000000
vn -0.000000 -1.000000 0.000000
vn -0.000000 -1.000000 0.000000
vn -0.000000 -1.000000 0.000000
vn -0.000000 -1.000000 0.000000
vn -0.000000 -1.000000 -0.000000
vn -0.000000 -1.000000 0.000000
vn 0.000000 -1.000000 0.000000
vn 0.000000 -1.000000 0.000000
vn 0.000000 -1.000000 0.000000
vn 0.000000 -1.000000 0.000000
vn 0.000000 -1.000000 0.000000
vn 0.000000 -1.000000 -0.000000
vn 0.000000 -1.000000 0.000000
vn 0.000000 -1.000000 0.000000
vn -0.000000 -1.000000 0.000000
vn 0.000000 -1.000000 0.000000
vn 0.000000 -1.000000 0.000000
vn 0.000000 -1.000000 0.000000
vn -0.000000 -1.000000 -0.000000
vn 0.000000 -1.000000 0.000000
vn -1.000000 0.000000 0.000000
vn -1.000000 0.000000 0.000000
vn 0.000000 0.000000 -1.000000
vn 0.000000 0.000000 -1.000000
vn 1.000000 0.000000 0.000000
vn 1.000000 -0.000000 0.000000
vn 0.707107 -0.707107 0.000000
vn 0.707107 -0.707107 0.000000
vn 0.000000 -1.000000 0.000000
vn 0.000000 -1.000000 0.000000
vn -0.992709 -0.120537 -0.000000
vn -0.992709 -0.120537 0.000000
vn -0.935016 -0.354605 0.000000
vn -0.935016 -0.354605 -0.000000
vn -0.822984 -0.568065 0.000000
vn -0.822984 -0.568065 -0.000000
vn -0.663123 -0.748511 0.000000
vn -0.464723 -0.885456 0.000000
vn -0.663123 -0.748511 -0.000000
vn -0.464723 -0.885456 0.000000
vn -0.239316 -0.970942 0.000000
vn -0.239316 -0.970942 -0.000000
vn 0.000000 -1.000000 0.000000
vn 0.239316 -0.970942 0.000000
vn -0.000000 -1.000000 -0.000000
vn 0.464723 -0.885456 0.000000
vn 0.239316 -0.970942 0.000000
vn 0.464723 -0.885456 0.000000
vn 0.663123 -0.748511 0.000000
vn 0.663123 -0.748511 0.000000
vn 0.822984 -0.568065 0.000000
vn 0.822984 -0.568065 0.000000
vn 0.935016 -0.354605 0.000000
vn 0.935016 -0.354605 0.000000
vn 0.992709 -0.120537 0.000000
vn 0.992709 -0.120537 0.000000
vn 0.992709 0.120537 0.000000
vn 0.992709 0.120537 0.000000
vn 0.935016 0.354605 0.000000
vn 0.935016 0.354605 0.000000
vn 0.822984 0.568065 0.000000
vn 0.822984 0.568065 0.000000
vn 0.663122 0.748511 0.000000
vn 0.663122 0.748511 0.000000
vn 0.464723 0.885456 0.000000
vn 0.464723 0.885456 0.000000
vn 0.239316 0.970942 0.000000
vn 0.239316 0.970942 0.000000
vn -0.000000 1.000000 0.000000
vn 0.000000 1.000000 0.000000
vn -0.239316 0.970942 0.000000
vn -0.239316 0.970942 0.000000
vn -0.464723 0.885456 0.000000
vn -0.464723 0.885456 0.000000
vn -0.663123 0.748511 0.000000
vn -0.663123 0.748511 0.000000
vn -0.822984 0.568065 0.000000
vn -0.822984 0.568065 0.000000
vn -0.935016 0.354605 0.000000
vn -0.992709 0.120537 0.000000
vn -0.935016 0.354605 0.000000
vn -0.992709 0.120537 0.000000
vn 0.000000 0.000000 1.000000
vn 0.000000 0.000000 1.000000
vn 0.000000 0.000000 1.000000
vn 0.000000 0.000000 1.000000
vn 0.000000 0.000000 1.000000
vn 0.000000 0.000000 1.000000
vn 0.000000 0.000000 1.000000
vn 0.000000 0.000000 1.000000
vn 0.000000 0.000000 1.000000
vn 0.000000 0.000000 1.000000
vn 0.000000 0.000000 1.000000
vn 0.000000 0.000000 1.000000
vn 0.000000 0.000000 1.000000
vn 0.000000 0.000000 1.000000
vn 0.000000 0.000000 1.000000
vn 0.000000 0.000000 1.000000
vn 0.000000 0.000000 1.000000
vn 0.000000 0.000000 1.000000
vn 0.000000 0.000000 1.000000
vn 0.000000 0.000000 1.000000
vn 0.000000 0.000000 1.000000
vn 0.000000 0.000000 1.000000
vn 0.000000 0.000000 1.000000
vn 0.000000 0.000000 1.000000
vn 0.000000 0.000000 1.000000
vn 0.000000 0.000000 1.000000
vn 0.000000 0.000000 1.000000
vn 0.000000 0.000000 1.000000
vn 0.000000 0.000000 1.000000
vn 0.000000 0.000000 1.000000
vn 0.000000 0.000000 1.000000
vn 0.000000 0.000000 1.000000
vn 0.000000 0.000000 1.000000
vn 0.000000 0.000000 1.000000
vn 0.000000 0.000000 1.000000
vn 0.000000 0.000000 1.000000
vn 0.000000 0.000000 1.000000
vn 0.000000 0.000000 1.000000
vn 0.000000 0.000000 1.000000
vn 0.000000 0.000000 1.000000
vn 0.000000 0.000000 1.000000
vn 0.000000 0.000000 1.000000
vn 0.000000 0.000000 1.000000
vn 0.000000 0.000000 1.000000
vn 0.000000 0.000000 1.000000
vn 0.000000 0.000000 1.000000
vn 0.000000 0.000000 1.000000
vn 0.000000 0.000000 1.000000
vn 0.000000 0.000000 1.000000
vn 0.000000 0.000000 1.000000
vn 0.000000 0.000000 1.000000
vn 0.000000 0.000000 1.000000
vn 0.000000 0.000000 1.000000
vn 0.000000 0.000000 1.000000
vn 0.000000 0.000000 1.000000
vn 0.000000 0.000000 1.000000
vn 0.000000 0.000000 1.000000
vn 0.000000 0.000000 1.000000
vn 0.000000 0.000000 1.000000
vn 0.000000 0.000000 1.000000
vn 0.000000 0.000000 1.000000
vn 0.000000 0.000000 1.000000
vn 0.000000 0.000000 1.000000
vn 0.000000 0.000000 1.000000
vn 0.000000 0.000000 1.000000
vn 0.000000 0.000000 1.000000
vn 0.000000 0.000000 1.000000
vn 0.000000 0.000000 1.000000
vn 0.000000 0.000000 1.000000
vn 0.000000 0.000000 1.000000
vn 0.000000 0.000000 1.000000
vn 0.000000 0.000000 1.000000
vn 0.000000 0.000000 1.000000
vn 0.000000 0.000000 1.000000
vn 0.000000 0.000000 1.000000
vn 0.000000 0.000000 1.000000
vn 0.000000 0.000000 1.000000
vn 0.000000 0.000000 1.000000
vn 0.000000 0.000000 1.000000
vn 0.000000 0.000000 1.000000
vn 0.000000 0.000000 1.000000
vn 0.000000 0.000000 1.000000
vn 0.000000 0.000000 1.000000
vn 0.000000 0.000000 1.000000
vn 0.000000 0.000000 1.000000
vn 0.000000 0.000000 1.000000
vn 0.000000 0.000000 1.000000
vn 0.000000 0.000000 1.000000
vn 0.000000 0.000000 1.000000
vn 0.000000 0.000000 1.000000
vn 0.000000 0.000000 1.000000
vn 0.000000 0.000000 1.000000
vn 0.000000 0.000000 1.000000
vn 0.000000 0.000000 1.000000
vn 0.000000 0.000000 1.000000
vn 0.000000 0.000000 1.000000
vn 0.000000 0.000000 1.000000
vn 0.000000 0.000000 1.000000
vn 0.000000 0.000000 1.000000
vn 0.000000 0.000000 1.000000
vn 0.000000 0.000000 1.000000
vn 0.000000 0.000000 1.000000
vn 0.000000 0.000000 1.000000
vn 0.000000 0.000000 1.000000
vn -0.000000 -0.707107 -0.707107
vn 0.000000 -0.707107 -0.707107
vn 0.000000 -1.000000 0.000000
vn 0.000000 -1.000000 0.000000
vn 0.000000 -0.707107 0.707107
vn 0.000000 -0.707107 0.707107
vn 0.000000 0.000000 1.000000
vn 0.000000 0.000000 1.000000
vn -0.000000 0.707107 0.707107
vn -0.000000 0.707107 0.707107
vn 0.000000 1.000000 0.000000
vn 0.000000 1.000000 0.000000
vn 0.000000 0.707107 -0.707107
vn 0.000000 0.707107 -0.707107
vn 0.000000 0.000000 -1.000000
vn 0.000000 0.000000 -1.000000
vn 0.000000 0.000000 -1.000000
vn 0.000000 0.000000 -1.000000
vn 0.000000 0.000000 -1.000000
vn 0.000000 0.000000 -1.000000
vn 0.000000 0.000000 -1.000000
vn 0.000000 0.000000 -1.000000
vn 0.000000 -0.120535 0.992709
vn 0.000196 -0.354609 0.935015
vn -0.000200 -0.122528 0.992465
vn 0.000387 -0.568060 0.822987
vn -0.000393 -0.360227 0.932865
vn 0.000570 -0.748513 0.663120
vn -0.000580 -0.576294 0.817242
vn 0.000747 -0.885451 0.464733
vn -0.000760 -0.757753 0.652542
vn 0.000915 -0.970946 0.239298
vn -0.000936 -0.893709 0.448645
vn 0.001081 -0.999999 0.000000
vn -0.001100 -0.975986 0.217831
vn 0.001237 -0.970945 -0.239298
vn -0.001261 -0.999659 -0.026087
vn 0.001387 -0.885450 -0.464732
vn -0.001416 -0.963300 -0.268423
vn 0.001531 -0.748512 -0.663119
vn -0.001562 -0.869084 -0.494662
vn 0.001669 -0.568060 -0.822986
vn -0.001702 -0.722697 -0.691163
vn -0.001835 -0.532884 -0.846187
vn 0.001799 -0.354608 -0.935013
vn -0.001963 -0.311084 -0.950380
vn 0.001923 -0.120534 -0.992707
vn -0.002083 -0.070601 -0.997502
vn 0.002040 0.120534 -0.992707
vn 0.002150 0.354608 -0.935013
vn -0.002197 0.174119 -0.984722
vn 0.002254 0.568059 -0.822985
vn -0.002304 0.408391 -0.912804
vn 0.002352 0.748511 -0.663118
vn -0.002405 0.618124 -0.786077
vn 0.002441 0.885448 -0.464731
vn -0.002499 0.790759 -0.612122
vn 0.002525 0.970943 -0.239297
vn -0.002587 0.915882 -0.401439
vn 0.002604 0.999997 0.000000
vn -0.002665 0.986015 -0.166637
vn 0.002674 0.970943 0.239297
vn -0.002739 0.996935 0.078184
vn 0.002737 0.885448 0.464731
vn -0.002809 0.947983 0.318309
vn 0.002795 0.748510 0.663118
vn -0.002868 0.842106 0.539304
vn 0.002846 0.568058 0.822983
vn -0.002922 0.685661 0.727915
vn 0.002287 0.354608 0.935012
vn -0.001897 0.503130 0.864208
vn 0.001338 0.120535 0.992708
vn -0.001144 0.311083 0.950382
vn 0.000000 0.105250 0.994446
vn 0.000000 0.000000 1.000000
vn 0.000000 0.000000 1.000000
vn 0.000000 0.000000 -1.000000
vn 0.000000 0.000000 -1.000000
vn 0.000000 1.000000 0.000000
vn 0.000000 1.000000 0.000000
vn 0.000000 1.000000 0.000000
vn 0.000000 1.000000 0.000000
vn 0.000000 0.000000 1.000000
vn 0.000000 0.000000 1.000000
vn 0.000000 -1.000000 0.000000
vn -0.000000 -1.000000 0.000000
vn 0.000000 -1.000000 0.000000
vn 0.000000 0.000000 -1.000000
vn 0.000000 0.000000 -1.000000
vn 0.000000 1.000000 0.000000
vn 0.000000 1.000000 0.000000
vn 0.000000 1.000000 0.000000
vn 0.000000 -0.024793 0.999693
vn 0.002458 -0.074319 0.997231
vn 0.007057 -0.120534 0.992684
vn 0.006609 -0.123657 0.992303
vn 0.002010 -0.172704 0.984972
vn -0.000136 -0.221309 0.975204
vn 0.000176 -0.269390 0.963031
vn 0.002945 -0.316784 0.948493
vn 0.007173 -0.354596 0.934992
vn 0.005890 -0.363414 0.931609
vn 0.001601 -0.409160 0.912461
vn -0.000233 -0.453882 0.891062
vn 0.000392 -0.497498 0.867465
vn 0.003473 -0.539883 0.841733
vn 0.007250 -0.568050 0.822962
vn 0.005208 -0.580950 0.813922
vn 0.001233 -0.620571 0.784149
vn -0.000290 -0.658694 0.752411
vn 0.000647 -0.695180 0.718836
vn 0.004041 -0.729959 0.683479
vn 0.007287 -0.748490 0.663106
vn 0.004567 -0.762938 0.646456
vn 0.000903 -0.794041 0.607864
vn -0.000307 -0.823205 0.567744
vn 0.000942 -0.850339 0.526234
vn 0.004647 -0.875373 0.483426
vn 0.007285 -0.885434 0.464708
vn 0.003968 -0.898258 0.439451
vn 0.000613 -0.918949 0.394376
vn -0.000285 -0.937368 0.348340
vn 0.001276 -0.953483 0.301443
vn 0.005292 -0.967241 0.253805
vn 0.007242 -0.970916 0.239313
vn 0.003405 -0.978639 0.205556
vn 0.000361 -0.987633 0.156784
vn -0.000224 -0.994190 0.107641
vn 0.001649 -0.998302 0.058221
vn 0.005975 -0.999945 0.008678
vn 0.007161 -0.999974 0.000000
vn 0.002882 -0.999158 -0.040927
vn 0.000151 -0.995905 -0.090408
vn -0.000122 -0.990202 -0.139644
vn 0.002063 -0.982057 -0.188571
vn 0.007040 -0.970917 -0.239313
vn 0.006700 -0.971486 -0.237002
vn 0.002401 -0.958558 -0.284887
vn -0.000019 -0.943258 -0.332060
vn 0.000020 -0.925640 -0.378405
vn 0.002517 -0.905742 -0.423822
vn 0.007073 -0.885435 -0.464709
vn 0.006518 -0.883605 -0.468187
vn 0.001956 -0.859323 -0.511430
vn -0.000151 -0.832914 -0.553402
vn 0.000200 -0.804466 -0.593999
vn 0.003010 -0.774016 -0.633159
vn 0.007184 -0.748490 -0.663107
vn 0.005803 -0.741680 -0.670729
vn 0.001553 -0.707529 -0.706683
vn -0.000242 -0.671620 -0.740896
vn 0.000421 -0.634074 -0.773272
vn 0.003541 -0.594967 -0.803742
vn 0.007257 -0.568050 -0.822962
vn 0.005128 -0.554380 -0.832248
vn 0.001189 -0.512444 -0.858720
vn -0.000294 -0.469250 -0.883065
vn 0.000681 -0.424896 -0.905242
vn 0.004113 -0.379500 -0.925183
vn 0.007289 -0.354595 -0.934992
vn 0.004492 -0.333176 -0.942854
vn 0.000865 -0.286029 -0.958221
vn -0.000307 -0.238171 -0.971223
vn 0.000981 -0.189735 -0.981835
vn 0.004724 -0.140831 -0.990022
vn 0.007282 -0.120534 -0.992682
vn 0.003895 -0.091586 -0.995790
vn 0.000579 -0.042104 -0.999113
vn -0.000280 0.007470 -0.999972
vn 0.001320 0.057032 -0.998371
vn 0.005375 0.106456 -0.994303
vn 0.007235 0.120534 -0.992683
vn 0.003338 0.155610 -0.987813
vn 0.000334 0.204388 -0.978890
vn -0.000213 0.252659 -0.967555
vn 0.001699 0.300315 -0.953839
vn 0.006065 0.347222 -0.937763
vn 0.007148 0.354595 -0.934993
vn 0.002821 0.393288 -0.919411
vn 0.000128 0.438382 -0.898789
vn -0.000106 0.482393 -0.875955
vn 0.002118 0.525221 -0.850963
vn 0.006796 0.566760 -0.823855
vn 0.007021 0.568051 -0.822963
vn 0.002343 0.606901 -0.794774
vn -0.000038 0.645564 -0.763706
vn 0.000040 0.682620 -0.730774
vn 0.002576 0.718007 -0.696032
vn 0.007089 0.748491 -0.663107
vn 0.006427 0.751608 -0.659579
vn 0.001903 0.783407 -0.621506
vn -0.000164 0.813242 -0.581926
vn 0.000226 0.841097 -0.540884
vn 0.003073 0.866865 -0.498534
vn 0.007196 0.885434 -0.464709
vn 0.005716 0.890510 -0.454929
vn 0.001507 0.911972 -0.410250
vn -0.000250 0.931193 -0.364526
vn 0.000452 0.948121 -0.317908
vn 0.003611 0.962709 -0.270516
vn 0.007262 0.970915 -0.239313
vn 0.005046 0.974925 -0.222479
vn 0.001147 0.984764 -0.173892
vn -0.000298 0.992176 -0.124842
vn 0.000717 0.997147 -0.075484
vn 0.004185 0.999653 -0.026002
vn 0.007290 0.999973 0.000000
vn 0.004412 0.999711 0.023633
vn 0.000827 0.997323 0.073114
vn -0.000306 0.992472 0.122473
vn 0.001022 0.985174 0.171553
vn 0.004801 0.975456 0.220141
vn 0.007278 0.970915 0.239313
vn 0.003824 0.963345 0.268238
vn 0.000547 0.948872 0.315660
vn -0.000273 0.932057 0.362310
vn 0.001366 0.912951 0.408068
vn 0.005460 0.891579 0.452832
vn 0.007225 0.885434 0.464708
vn 0.003272 0.868060 0.496448
vn 0.000307 0.842381 0.538882
vn -0.000202 0.814625 0.579988
vn 0.001734 0.785114 0.619349
vn 0.006029 0.753958 0.656895
vn 0.007160 0.748490 0.663107
vn 0.002925 0.721029 0.692899
vn 0.000198 0.686363 0.727259
vn -0.000148 0.650069 0.759875
vn 0.001887 0.612228 0.790679
vn 0.006299 0.572901 0.819600
vn 0.007120 0.568051 0.822963
vn 0.002738 0.532253 0.846581
vn 0.000126 0.490309 0.871549
vn -0.000104 0.447217 0.894425
vn 0.002046 0.403045 0.915178
vn 0.006572 0.357910 0.933733
vn 0.007073 0.354596 0.934993
vn 0.002556 0.311936 0.950100
vn 0.000061 0.265219 0.964188
vn -0.000055 0.217858 0.975981
vn 0.002210 0.169989 0.985444
vn 0.007021 0.120534 0.992684
vn 0.006851 0.121707 0.992542
vn 0.002381 0.073142 0.997319
vn 0.000000 0.024400 0.999702
vn 0.000000 -0.024400 0.999702
vn 0.002381 -0.073142 0.997319
vn 0.007021 -0.120534 0.992684
vn 0.006851 -0.121707 0.992542
vn 0.002211 -0.169988 0.985444
vn -0.000055 -0.217861 0.975980
vn 0.000060 -0.265216 0.964189
vn 0.002556 -0.311937 0.950099
vn 0.007073 -0.354596 0.934993
vn 0.006572 -0.357910 0.933733
vn 0.002046 -0.403045 0.915178
vn -0.000104 -0.447214 0.894427
vn 0.000126 -0.490316 0.871545
vn 0.002738 -0.532250 0.846583
vn 0.007120 -0.568050 0.822963
vn 0.006298 -0.572907 0.819596
vn 0.001887 -0.612222 0.790684
vn -0.000148 -0.650068 0.759876
vn 0.000198 -0.686363 0.727259
vn 0.002924 -0.721023 0.692905
vn 0.007161 -0.748492 0.663105
vn 0.006030 -0.753960 0.656892
vn 0.001734 -0.785120 0.619342
vn -0.000201 -0.814630 0.579981
vn 0.000306 -0.842379 0.538886
vn 0.003272 -0.868052 0.496462
vn 0.007226 -0.885433 0.464711
vn 0.005459 -0.891586 0.452818
vn 0.001365 -0.912950 0.408070
vn -0.000273 -0.932057 0.362312
vn 0.000547 -0.948871 0.315664
vn 0.003824 -0.963346 0.268236
vn 0.007278 -0.970916 0.239309
vn 0.004803 -0.975454 0.220152
vn 0.001021 -0.985179 0.171529
vn -0.000305 -0.992471 0.122481
vn 0.000827 -0.997322 0.073134
vn 0.004415 -0.999712 0.023604
vn 0.007290 -0.999973 0.000000
vn 0.004187 -0.999654 -0.025983
vn 0.000716 -0.997145 -0.075505
vn -0.000298 -0.992176 -0.124842
vn 0.001146 -0.984768 -0.173870
vn 0.005046 -0.974926 -0.222471
vn 0.007263 -0.970916 -0.239309
vn 0.003610 -0.962705 -0.270529
vn 0.000451 -0.948117 -0.317920
vn -0.000251 -0.931193 -0.364527
vn 0.001506 -0.911977 -0.410239
vn 0.005716 -0.890506 -0.454936
vn 0.007196 -0.885433 -0.464711
vn 0.003073 -0.866868 -0.498528
vn 0.000226 -0.841095 -0.540888
vn -0.000164 -0.813247 -0.581918
vn 0.001904 -0.783401 -0.621513
vn 0.006426 -0.751615 -0.659570
vn 0.007089 -0.748492 -0.663106
vn 0.002576 -0.718007 -0.696032
vn 0.000040 -0.682621 -0.730772
vn -0.000038 -0.645558 -0.763711
vn 0.002343 -0.606905 -0.794771
vn 0.007021 -0.568051 -0.822964
vn 0.006794 -0.566751 -0.823861
vn 0.002118 -0.525224 -0.850961
vn -0.000106 -0.482395 -0.875954
vn 0.000128 -0.438382 -0.898789
vn 0.002821 -0.393285 -0.919412
vn 0.007148 -0.354595 -0.934993
vn 0.006065 -0.347222 -0.937763
vn 0.001699 -0.300315 -0.953839
vn -0.000212 -0.252662 -0.967555
vn 0.000334 -0.204388 -0.978890
vn 0.003338 -0.155610 -0.987813
vn 0.007235 -0.120534 -0.992683
vn 0.005375 -0.106454 -0.994303
vn 0.001320 -0.057032 -0.998371
vn -0.000280 -0.007470 -0.999972
vn 0.000579 0.042104 -0.999113
vn 0.003895 0.091585 -0.995790
vn 0.007282 0.120534 -0.992682
vn 0.004724 0.140831 -0.990022
vn 0.000981 0.189736 -0.981835
vn -0.000307 0.238173 -0.971223
vn 0.000865 0.286026 -0.958221
vn 0.004492 0.333174 -0.942855
vn 0.007289 0.354595 -0.934992
vn 0.004113 0.379501 -0.925182
vn 0.000681 0.424900 -0.905240
vn -0.000294 0.469250 -0.883065
vn 0.001189 0.512447 -0.858718
vn 0.005128 0.554382 -0.832246
vn 0.007257 0.568050 -0.822962
vn 0.003541 0.594958 -0.803749
vn 0.000421 0.634074 -0.773272
vn -0.000242 0.671624 -0.740892
vn 0.001553 0.707527 -0.706685
vn 0.005803 0.741676 -0.670733
vn 0.007185 0.748492 -0.663105
vn 0.003009 0.774022 -0.633152
vn 0.000201 0.804461 -0.594006
vn -0.000150 0.832918 -0.553396
vn 0.001957 0.859326 -0.511424
vn 0.007073 0.885434 -0.464711
vn 0.006517 0.883602 -0.468193
vn 0.002517 0.905742 -0.423822
vn 0.000020 0.925640 -0.378405
vn -0.000019 0.943261 -0.332053
vn 0.002401 0.958560 -0.284880
vn 0.007039 0.970918 -0.239310
vn 0.006701 0.971483 -0.237016
vn 0.002064 0.982057 -0.188571
vn -0.000122 0.990201 -0.139651
vn 0.000152 0.995905 -0.090401
vn 0.002883 0.999158 -0.040919
vn 0.007161 0.999974 0.000000
vn 0.005977 0.999945 0.008662
vn 0.001650 0.998302 0.058221
vn -0.000223 0.994191 0.107633
vn 0.000363 0.987632 0.156791
vn 0.003405 0.978641 0.205549
vn 0.007243 0.970916 0.239310
vn 0.005291 0.967239 0.253812
vn 0.001276 0.953483 0.301443
vn -0.000285 0.937366 0.348347
vn 0.000613 0.918946 0.394382
vn 0.003967 0.898261 0.439445
vn 0.007285 0.885433 0.464711
vn 0.004646 0.875370 0.483432
vn 0.000942 0.850339 0.526234
vn -0.000307 0.823205 0.567744
vn 0.000903 0.794050 0.607852
vn 0.004568 0.762934 0.646460
vn 0.007287 0.748491 0.663105
vn 0.004040 0.729953 0.683485
vn 0.000647 0.695180 0.718836
vn -0.000290 0.658690 0.752415
vn 0.001232 0.620582 0.784140
vn 0.005209 0.580943 0.813927
vn 0.007250 0.568050 0.822962
vn 0.003473 0.539883 0.841733
vn 0.000392 0.497498 0.867465
vn -0.000233 0.453883 0.891061
vn 0.001601 0.409155 0.912463
vn 0.005889 0.363414 0.931609
vn 0.007173 0.354596 0.934992
vn 0.002946 0.316791 0.948491
vn 0.000176 0.269385 0.963033
vn -0.000136 0.221314 0.975203
vn 0.002010 0.172700 0.984972
vn 0.007057 0.120534 0.992684
vn 0.006609 0.123659 0.992303
vn 0.002458 0.074319 0.997231
vn 0.000000 0.024793 0.999693
vn 0.000000 0.120537 -0.992709
vn 0.000000 0.120537 -0.992709
vn 0.000000 0.354604 -0.935016
vn 0.000000 0.354604 -0.935016
vn 0.000000 0.568064 -0.822984
vn 0.000000 0.568064 -0.822984
vn 0.000000 0.748511 -0.663123
vn 0.000000 0.885456 -0.464724
vn 0.000000 0.748511 -0.663123
vn 0.000000 0.885456 -0.464724
vn 0.000000 0.970942 -0.239314
vn 0.000000 0.970942 -0.239314
vn 0.000000 1.000000 0.000000
vn 0.000000 0.970942 0.239314
vn 0.000000 1.000000 0.000000
vn 0.000000 0.885456 0.464724
vn 0.000000 0.970942 0.239314
vn 0.000000 0.885456 0.464724
vn 0.000000 0.748511 0.663123
vn 0.000000 0.748511 0.663123
vn 0.000000 0.568064 0.822984
vn 0.000000 0.568064 0.822984
vn 0.000000 0.354604 0.935016
vn 0.000000 0.354604 0.935016
vn 0.000000 0.120537 0.992709
vn 0.000000 0.120537 0.992709
vn 0.000000 -0.120537 0.992709
vn 0.000000 -0.120537 0.992709
vn 0.000000 -0.354604 0.935016
vn 0.000000 -0.354604 0.935016
vn 0.000000 -0.568064 0.822984
vn 0.000000 -0.568064 0.822984
vn 0.000000 -0.748511 0.663123
vn 0.000000 -0.748511 0.663123
vn 0.000000 -0.885456 0.464724
vn 0.000000 -0.885456 0.464724
vn 0.000000 -0.970942 0.239314
vn 0.000000 -0.970942 0.239314
vn 0.000000 -1.000000 0.000000
vn 0.000000 -1.000000 0.000000
vn 0.000000 -0.970942 -0.239314
vn -0.000000 -0.970942 -0.239314
vn 0.000000 -0.885456 -0.464724
vn -0.000000 -0.885456 -0.464724
vn 0.000000 -0.748511 -0.663123
vn -0.000000 -0.748511 -0.663123
vn 0.000000 -0.568064 -0.822984
vn -0.000000 -0.568064 -0.822984
vn -0.000000 -0.354604 -0.935016
vn 0.000000 -0.354604 -0.935016
vn -0.000000 -0.120537 -0.992709
vn 0.000000 -0.120537 -0.992709
vn 0.000000 0.120537 -0.992709
vn 0.000000 0.120537 -0.992709
vn 0.000000 0.354605 -0.935016
vn 0.000000 0.354605 -0.935016
vn 0.000000 0.568065 -0.822984
vn 0.000000 0.568065 -0.822984
vn 0.000000 0.748511 -0.663123
vn 0.000000 0.885456 -0.464723
vn 0.000000 0.748511 -0.663123
vn 0.000000 0.885456 -0.464723
vn 0.000000 0.970942 -0.239316
vn 0.000000 0.970942 -0.239316
vn 0.000000 1.000000 0.000000
vn 0.000000 0.970942 0.239316
vn 0.000000 1.000000 0.000000
vn 0.000000 0.885456 0.464723
vn 0.000000 0.970942 0.239316
vn 0.000000 0.885456 0.464723
vn 0.000000 0.748511 0.663123
vn 0.000000 0.748511 0.663123
vn 0.000000 0.568065 0.822984
vn 0.000000 0.568065 0.822984
vn 0.000000 0.354605 0.935016
vn 0.000000 0.354605 0.935016
vn 0.000000 0.120537 0.992709
vn 0.000000 0.120537 0.992709
vn 0.000000 -0.120537 0.992709
vn 0.000000 -0.120537 0.992709
vn 0.000000 -0.354605 0.935016
vn 0.000000 -0.354605 0.935016
vn 0.000000 -0.568065 0.822984
vn 0.000000 -0.568065 0.822984
vn 0.000000 -0.748511 0.663122
vn 0.000000 -0.748511 0.663122
vn 0.000000 -0.885456 0.464724
vn 0.000000 -0.885456 0.464724
vn 0.000000 -0.970942 0.239315
vn 0.000000 -0.970942 0.239315
vn 0.000000 -1.000000 0.000000
vn 0.000000 -1.000000 0.000000
vn 0.000000 -0.970942 -0.239315
vn -0.000000 -0.970942 -0.239315
vn 0.000000 -0.885456 -0.464724
vn -0.000000 -0.885456 -0.464724
vn 0.000000 -0.748511 -0.663122
vn -0.000000 -0.748511 -0.663122
vn 0.000000 -0.568065 -0.822984
vn -0.000000 -0.568065 -0.822984
vn -0.000000 -0.354605 -0.935016
vn 0.000000 -0.354605 -0.935016
vn -0.000000 -0.120537 -0.992709
vn 0.000000 -0.120537 -0.992709
vn 0.000000 0.000000 1.000000
vn 0.000000 0.000000 1.000000
vn 1.000000 0.000000 0.000000
vn 1.000000 -0.000000 0.000000
vn 0.000000 -0.000000 -1.000000
vn 0.000000 0.000000 -1.000000
vn 0.000000 -0.000000 -1.000000
vn 0.000000 0.000000 -1.000000
vn 0.000000 -0.000000 -1.000000
vn 0.000000 -0.000000 -1.000000
vn 0.000000 0.000000 -1.000000
vn 0.000000 0.000000 -1.000000
vn 0.000000 0.000000 -1.000000
vn 0.000000 0.000000 -1.000000
vn 0.000000 0.000000 -1.000000
vn 0.000000 0.000000 -1.000000
vn 0.000000 0.000000 -1.000000
vn 0.000000 0.000000 -1.000000
vn 0.000000 0.000000 -1.000000
vn 0.000000 0.000000 -1.000000
vn 0.000000 0.000000 -1.000000
vn 0.000000 0.000000 -1.000000
vn 0.000000 0.000000 -1.000000
vn 0.000000 0.000000 -1.000000
vn 0.000000 0.000000 -1.000000
vn 0.000000 0.000000 -1.000000
vn 0.000000 -0.000000 -1.000000
vn 0.000000 -0.000000 -1.000000
vn 0.000000 0.000000 -1.000000
vn 0.000000 0.000000 -1.000000
vn 0.000000 0.000000 -1.000000
vn 0.000000 0.000000 -1.000000
vn 0.000000 0.000000 -1.000000
vn 0.000000 0.000000 -1.000000
vn 0.000000 0.000000 -1.000000
vn 0.000000 -0.000000 -1.000000
vn 0.000000 0.000000 -1.000000
vn 0.000000 -0.000000 -1.000000
vn 0.000000 0.000000 -1.000000
vn 0.000000 0.000000 -1.000000
vn 0.000000 -0.000000 -1.000000
vn 0.000000 0.000000 -1.000000
vn 0.000000 -0.000000 -1.000000
vn 0.000000 0.000000 -1.000000
vn 0.000000 -0.000000 -1.000000
vn 0.000000 0.000000 -1.000000
vn 0.000000 -0.000000 -1.000000
vn 0.000000 0.000000 -1.000000
vn 0.000000 0.000000 -1.000000
vn 0.000000 0.000000 -1.000000
vn 0.000000 0.000000 -1.000000
vn 0.000000 0.000000 -1.000000
vn 0.000000 -0.000000 -1.000000
vn 0.000000 -0.000000 -1.000000
vn 0.000000 -0.000000 -1.000000
vn 0.000000 -0.000000 -1.000000
vn 0.000000 0.000000 -1.000000
vn 0.000000 0.000000 -1.000000
vn 0.000000 0.000000 -1.000000
vn 0.000000 0.000000 -1.000000
vn 0.000000 0.000000 -1.000000
vn 0.000000 0.000000 -1.000000
vn 0.000000 0.000000 -1.000000
vn 0.000000 0.000000 -1.000000
vn 0.000000 0.000000 -1.000000
vn 0.000000 0.000000 -1.000000
vn 0.000000 0.000000 -1.000000
vn 0.000000 0.000000 -1.000000
vn 0.000000 0.000000 -1.000000
vn 0.000000 0.000000 -1.000000
vn 0.000000 0.000000 -1.000000
vn 0.000000 0.000000 -1.000000
vn 0.000000 0.000000 -1.000000
vn 0.000000 0.000000 -1.000000
vn 0.000000 0.000000 -1.000000
vn 0.000000 0.000000 -1.000000
vn 0.000000 0.000000 -1.000000
vn -0.000000 0.000000 -1.000000
vn 0.000000 0.000000 -1.000000
vn 0.000000 0.000000 -1.000000
vn 0.000000 0.000000 -1.000000
vn 0.000000 -0.000000 -1.000000
vn 0.000000 0.000000 -1.000000
vn 0.000000 0.000000 -1.000000
vn 0.000000 0.000000 -1.000000
vn 0.000000 1.000000 0.000000
vn 0.000000 1.000000 0.000000
vn 0.000000 1.000000 0.000000
vn 0.000000 1.000000 0.000000
vn 0.000000 -0.000000 -1.000000
vn 0.000000 0.000000 -1.000000
vn 0.000000 -0.000000 -1.000000
vn 0.000000 0.000000 -1.000000
vn 0.000000 -0.000000 -1.000000
vn 0.000000 0.000000 -1.000000
vn 0.000000 -0.000000 -1.000000
vn 0.000000 0.000000 -1.000000
vn 0.000000 0.000000 -1.000000
vn 0.000000 0.000000 -1.000000
vn 0.000000 0.000000 -1.000000
vn 0.000000 0.000000 -1.000000
vn 0.000000 0.000000 -1.000000
vn 0.000000 0.000000 -1.000000
vn 0.000000 -0.000000 -1.000000
vn 0.000000 -0.000000 -1.000000
vn 0.000000 -0.000000 -1.000000
vn 0.000000 -0.000000 -1.000000
vn 0.000000 -0.000000 -1.000000
vn 0.000000 0.000000 -1.000000
vn 0.000000 0.000000 -1.000000
vn 0.000000 0.000000 -1.000000
vn 0.000000 0.000000 -1.000000
vn 0.000000 0.000000 -1.000000
vn 0.000000 0.000000 -1.000000
vn 0.000000 0.000000 -1.000000
vn 0.000000 0.000000 -1.000000
vn 0.000000 -0.000000 -1.000000
vn 0.000000 -0.000000 -1.000000
vn 0.000000 0.000000 -1.000000
vn 0.000000 -0.000000 -1.000000
vn 1.000000 0.000000 0.000000
vn 1.000000 -0.000000 0.000000
vn 0.000000 -1.000000 0.000000
vn 0.000000 -1.000000 0.000000
vn 0.000000 -1.000000 0.000000
vn 0.000000 -1.000000 0.000000
vn 0.000000 -0.000000 -1.000000
vn 0.000000 0.000000 -1.000000
vn 0.000000 -0.000000 -1.000000
vn 0.000000 0.000000 -1.000000
vn 0.000000 0.000000 -1.000000
vn 0.000000 -0.000000 -1.000000
vn 0.000000 0.000000 -1.000000
vn 0.000000 -0.000000 -1.000000
vn 0.000000 0.000000 -1.000000
vn 0.000000 0.000000 -1.000000
vn 0.000000 0.000000 -1.000000
vn 0.000000 0.000000 -1.000000
vn -0.000000 -0.000000 -1.000000
vn 0.000000 -0.000000 -1.000000
vn 0.000000 -0.000000 -1.000000
vn 0.000000 -0.000000 -1.000000
vn 0.000000 -0.000000 -1.000000
vn 0.000000 -0.000000 -1.000000
vn 0.000000 0.000000 -1.000000
vn 0.000000 0.000000 -1.000000
vn 0.000000 0.000000 -1.000000
vn 0.000000 0.000000 -1.000000
vn 0.000000 0.000000 -1.000000
vn 0.000000 0.000000 -1.000000
vn 0.000000 0.000000 -1.000000
vn 0.000000 0.000000 -1.000000
vn 0.000000 0.000000 -1.000000
vn 0.000000 0.000000 -1.000000
vn 0.000000 0.000000 -1.000000
vn 0.000000 0.000000 -1.000000
vn 0.000000 0.000000 -1.000000
vn 0.000000 0.000000 -1.000000
vn 0.000000 0.000000 -1.000000
vn 0.000000 0.000000 -1.000000
vn 0.000000 0.000000 -1.000000
vn 0.000000 0.000000 -1.000000
vn 0.000000 0.000000 -1.000000
vn 0.000000 0.000000 -1.000000
vn 0.000000 0.000000 -1.000000
vn 0.000000 0.000000 -1.000000
vn 0.000000 0.000000 -1.000000
vn 0.000000 0.000000 -1.000000
vn -0.992709 -0.120537 -0.000000
vn -0.992709 -0.120537 0.000000
vn -0.935016 -0.354605 0.000000
vn -0.935016 -0.354605 -0.000000
vn -0.822984 -0.568065 0.000000
vn -0.822984 -0.568065 -0.000000
vn -0.663123 -0.748511 0.000000
vn -0.663123 -0.748511 -0.000000
vn -0.464723 -0.885456 0.000000
vn -0.464723 -0.885456 -0.000000
vn -0.239316 -0.970942 0.000000
vn -0.239316 -0.970942 -0.000000
vn 0.000000 -1.000000 0.000000
vn 0.239316 -0.970942 0.000000
vn -0.000000 -1.000000 -0.000000
vn 0.239316 -0.970942 0.000000
vn 0.464723 -0.885456 0.000000
vn 0.464723 -0.885456 0.000000
vn 0.663123 -0.748511 0.000000
vn 0.663123 -0.748511 0.000000
vn 0.822984 -0.568065 0.000000
vn 0.822984 -0.568065 0.000000
vn 0.935016 -0.354605 0.000000
vn 0.935016 -0.354605 0.000000
vn 0.992709 -0.120537 0.000000
vn 0.992709 -0.120537 0.000000
vn 0.992709 0.120537 0.000000
vn 0.992709 0.120537 0.000000
vn 0.935016 0.354605 0.000000
vn 0.935016 0.354605 0.000000
vn 0.822984 0.568065 0.000000
vn 0.822984 0.568065 0.000000
vn 0.663123 0.748511 0.000000
vn 0.663123 0.748511 0.000000
vn 0.464723 0.885456 0.000000
vn 0.464723 0.885456 0.000000
vn 0.239316 0.970942 0.000000
vn 0.239316 0.970942 0.000000
vn -0.000000 1.000000 0.000000
vn 0.000000 1.000000 0.000000
vn -0.239316 0.970942 0.000000
vn -0.239316 0.970942 0.000000
vn -0.464723 0.885456 0.000000
vn -0.464723 0.885456 0.000000
vn -0.663123 0.748511 0.000000
vn -0.663123 0.748511 0.000000
vn -0.822984 0.568065 0.000000
vn -0.822984 0.568065 0.000000
vn -0.935016 0.354605 0.000000
vn -0.935016 0.354605 0.000000
vn -0.992709 0.120537 0.000000
vn -0.992709 0.120537 0.000000
vn -0.992710 -0.120530 -0.000000
vn -0.992710 -0.120530 0.000000
vn -0.935015 -0.354609 0.000000
vn -0.935015 -0.354609 -0.000000
vn -0.822986 -0.568062 0.000000
vn -0.822986 -0.568062 -0.000000
vn -0.663124 -0.748509 0.000000
vn -0.663124 -0.748509 -0.000000
vn -0.464723 -0.885456 0.000000
vn -0.239310 -0.970943 0.000000
vn -0.464723 -0.885456 -0.000000
vn -0.239310 -0.970943 0.000000
vn 0.000000 -1.000000 0.000000
vn 0.239310 -0.970943 0.000000
vn -0.000000 -1.000000 -0.000000
vn 0.239310 -0.970943 0.000000
vn 0.464723 -0.885456 0.000000
vn 0.464723 -0.885456 0.000000
vn 0.663124 -0.748509 0.000000
vn 0.663124 -0.748509 0.000000
vn 0.822986 -0.568062 0.000000
vn 0.822986 -0.568062 0.000000
vn 0.935015 -0.354609 0.000000
vn 0.935015 -0.354609 0.000000
vn 0.992710 -0.120530 0.000000
vn 0.992710 -0.120530 0.000000
vn 0.992710 0.120530 0.000000
vn 0.992710 0.120530 0.000000
vn 0.935015 0.354609 0.000000
vn 0.935015 0.354609 0.000000
vn 0.822986 0.568062 0.000000
vn 0.822986 0.568062 0.000000
vn 0.663124 0.748509 0.000000
vn 0.663124 0.748509 0.000000
vn 0.464723 0.885456 0.000000
vn 0.464723 0.885456 0.000000
vn 0.239310 0.970943 0.000000
vn 0.239310 0.970943 0.000000
vn -0.000000 1.000000 0.000000
vn 0.000000 1.000000 0.000000
vn -0.239310 0.970943 0.000000
vn -0.239310 0.970943 0.000000
vn -0.464723 0.885456 0.000000
vn -0.464723 0.885456 0.000000
vn -0.663124 0.748509 0.000000
vn -0.663124 0.748509 0.000000
vn -0.822986 0.568062 0.000000
vn -0.822986 0.568062 0.000000
vn -0.935015 0.354609 0.000000
vn -0.935015 0.354609 0.000000
vn -0.992710 0.120530 0.000000
vn -0.992710 0.120530 0.000000
vn -0.992710 -0.120530 -0.000000
vn -0.992710 -0.120530 0.000000
vn -0.935014 -0.354610 0.000000
vn -0.935014 -0.354610 -0.000000
vn -0.822987 -0.568061 0.000000
vn -0.822987 -0.568061 -0.000000
vn -0.663120 -0.748513 0.000000
vn -0.663120 -0.748513 -0.000000
vn -0.464726 -0.885454 0.000000
vn -0.239314 -0.970942 0.000000
vn -0.464726 -0.885454 -0.000000
vn -0.239314 -0.970942 0.000000
vn 0.000000 -1.000000 0.000000
vn 0.239314 -0.970942 0.000000
vn -0.000000 -1.000000 -0.000000
vn 0.239314 -0.970942 0.000000
vn 0.464726 -0.885454 0.000000
vn 0.464726 -0.885454 0.000000
vn 0.663120 -0.748513 0.000000
vn 0.663120 -0.748513 0.000000
vn 0.822987 -0.568061 0.000000
vn 0.822987 -0.568061 0.000000
vn 0.935014 -0.354610 0.000000
vn 0.935014 -0.354610 0.000000
vn 0.992710 -0.120530 0.000000
vn 0.992710 -0.120530 0.000000
vn 0.992710 0.120530 0.000000
vn 0.992710 0.120530 0.000000
vn 0.935014 0.354610 0.000000
vn 0.935014 0.354610 0.000000
vn 0.822987 0.568061 0.000000
vn 0.822987 0.568061 0.000000
vn 0.663120 0.748513 0.000000
vn 0.663120 0.748513 0.000000
vn 0.464726 0.885454 0.000000
vn 0.464726 0.885454 0.000000
vn 0.239314 0.970942 0.000000
vn 0.239314 0.970942 0.000000
vn -0.000000 1.000000 0.000000
vn 0.000000 1.000000 0.000000
vn -0.239314 0.970942 0.000000
vn -0.239314 0.970942 0.000000
vn -0.464726 0.885454 0.000000
vn -0.464726 0.885454 0.000000
vn -0.663120 0.748513 0.000000
vn -0.663120 0.748513 0.000000
vn -0.822987 0.568061 0.000000
vn -0.822987 0.568061 0.000000
vn -0.935014 0.354610 0.000000
vn -0.935014 0.354610 0.000000
vn -0.992710 0.120530 0.000000
vn -0.992710 0.120530 0.000000
vn -0.997766 -0.066799 -0.000000
vn -0.997766 -0.066799 0.000000
vn -0.979962 -0.199186 -0.000000
vn -0.979962 -0.199186 0.000000
vn -0.944674 -0.328010 -0.000000
vn -0.944674 -0.328010 0.000000
vn -0.892511 -0.451026 0.000000
vn -0.892511 -0.451026 0.000000
vn -0.824445 -0.565942 -0.000000
vn -0.824445 -0.565942 0.000000
vn -0.741657 -0.670780 -0.000000
vn -0.741657 -0.670780 0.000000
vn -0.645623 -0.763656 -0.000000
vn -0.645623 -0.763656 0.000000
vn -0.538084 -0.842891 0.000000
vn -0.538084 -0.842891 0.000000
vn -0.420936 -0.907090 -0.000000
vn -0.420936 -0.907090 0.000000
vn -0.296274 -0.955103 -0.000000
vn -0.296274 -0.955103 0.000000
vn -0.166330 -0.986070 0.000000
vn -0.166330 -0.986070 0.000000
vn -0.033414 -0.999442 -0.000000
vn -0.033414 -0.999442 0.000000
vn 0.100094 -0.994978 0.000000
vn 0.100094 -0.994978 0.000000
vn 0.231819 -0.972759 0.000000
vn 0.231819 -0.972759 0.000000
vn 0.359411 -0.933179 0.000000
vn 0.359411 -0.933179 0.000000
vn 0.480579 -0.876951 0.000000
vn 0.480579 -0.876951 0.000000
vn 0.593187 -0.805065 0.000000
vn 0.695183 -0.718833 0.000000
vn 0.593187 -0.805065 0.000000
vn 0.784805 -0.619743 0.000000
vn 0.695183 -0.718833 0.000000
vn 0.784805 -0.619743 0.000000
vn 0.860397 -0.509625 0.000000
vn 0.920655 -0.390377 0.000000
vn 0.860397 -0.509625 0.000000
vn 0.964467 -0.264202 0.000000
vn 0.920655 -0.390377 0.000000
vn 0.964467 -0.264202 0.000000
vn 0.991079 -0.133278 0.000000
vn 0.991079 -0.133278 0.000000
vn 1.000000 0.000000 0.000000
vn 0.991079 0.133278 -0.000000
vn 1.000000 0.000000 0.000000
vn 0.991079 0.133278 0.000000
vn 0.964467 0.264202 0.000000
vn 0.964467 0.264202 0.000000
vn 0.920655 0.390377 0.000000
vn 0.920655 0.390377 0.000000
vn 0.860397 0.509625 -0.000000
vn 0.860397 0.509625 0.000000
vn 0.784805 0.619743 0.000000
vn 0.784805 0.619743 0.000000
vn 0.695183 0.718833 -0.000000
vn 0.695183 0.718833 0.000000
vn 0.593187 0.805065 -0.000000
vn 0.593187 0.805065 0.000000
vn 0.480579 0.876951 0.000000
vn 0.480579 0.876951 0.000000
vn 0.359411 0.933179 0.000000
vn 0.359411 0.933179 0.000000
vn 0.231819 0.972759 -0.000000
vn 0.231819 0.972759 0.000000
vn 0.100094 0.994978 -0.000000
vn 0.100094 0.994978 0.000000
vn -0.033414 0.999442 0.000000
vn -0.033414 0.999442 0.000000
vn -0.166330 0.986070 0.000000
vn -0.166330 0.986070 0.000000
vn -0.296274 0.955103 0.000000
vn -0.296274 0.955103 0.000000
vn -0.420936 0.907090 0.000000
vn -0.420936 0.907090 0.000000
vn -0.538084 0.842891 0.000000
vn -0.538084 0.842891 0.000000
vn -0.645623 0.763656 0.000000
vn -0.645623 0.763656 0.000000
vn -0.741657 0.670780 0.000000
vn -0.741657 0.670780 0.000000
vn -0.824445 0.565942 0.000000
vn -0.824445 0.565942 0.000000
vn -0.892511 0.451026 0.000000
vn -0.892511 0.451026 0.000000
vn -0.944674 0.328010 0.000000
vn -0.944674 0.328010 0.000000
vn -0.979962 0.199186 0.000000
vn -0.979962 0.199186 0.000000
vn -0.997766 0.066799 0.000000
vn -0.997766 0.066799 0.000000
vn -0.996917 -0.078457 -0.000000
vn -0.996917 -0.078457 0.000000
vn -0.972371 -0.233442 0.000000
vn -0.923878 -0.382688 0.000000
vn -0.972371 -0.233442 -0.000000
vn -0.923878 -0.382688 0.000000
vn -0.852636 -0.522505 -0.000000
vn -0.852636 -0.522505 0.000000
vn -0.760411 -0.649442 -0.000000
vn -0.760411 -0.649442 0.000000
vn -0.649452 -0.760403 0.000000
vn -0.649452 -0.760403 0.000000
vn -0.522492 -0.852644 -0.000000
vn -0.522492 -0.852644 0.000000
vn -0.382681 -0.923880 -0.000000
vn -0.382681 -0.923880 0.000000
vn -0.233453 -0.972368 -0.000000
vn -0.233453 -0.972368 0.000000
vn -0.078456 -0.996918 -0.000000
vn -0.078456 -0.996918 0.000000
vn 0.078456 -0.996918 0.000000
vn 0.078456 -0.996918 0.000000
vn 0.233453 -0.972368 0.000000
vn 0.233453 -0.972368 0.000000
vn 0.382681 -0.923880 0.000000
vn 0.382681 -0.923880 0.000000
vn 0.522492 -0.852644 0.000000
vn 0.522492 -0.852644 0.000000
vn 0.649452 -0.760403 0.000000
vn 0.649452 -0.760403 0.000000
vn 0.760411 -0.649442 0.000000
vn 0.760411 -0.649442 0.000000
vn 0.852636 -0.522505 0.000000
vn 0.852636 -0.522505 0.000000
vn 0.923878 -0.382688 0.000000
vn 0.923878 -0.382688 0.000000
vn 0.972371 -0.233442 0.000000
vn 0.972371 -0.233442 0.000000
vn 0.996917 -0.078457 0.000000
vn 0.996917 -0.078457 0.000000
vn 0.996917 0.078457 0.000000
vn 0.972371 0.233442 -0.000000
vn 0.996917 0.078457 0.000000
vn 0.923878 0.382688 -0.000000
vn 0.972371 0.233442 0.000000
vn 0.923878 0.382688 0.000000
vn 0.852636 0.522505 0.000000
vn 0.852636 0.522505 0.000000
vn 0.760411 0.649442 0.000000
vn 0.760411 0.649442 0.000000
vn 0.649452 0.760403 0.000000
vn 0.649452 0.760403 0.000000
vn 0.522492 0.852644 0.000000
vn 0.522492 0.852644 0.000000
vn 0.382681 0.923880 0.000000
vn 0.382681 0.923880 0.000000
vn 0.233453 0.972368 0.000000
vn 0.233453 0.972368 0.000000
vn 0.078456 0.996918 0.000000
vn 0.078456 0.996918 0.000000
vn -0.078456 0.996918 0.000000
vn -0.078456 0.996918 0.000000
vn -0.233453 0.972368 0.000000
vn -0.233453 0.972368 0.000000
vn -0.382681 0.923880 0.000000
vn -0.382681 0.923880 0.000000
vn -0.522492 0.852644 0.000000
vn -0.522492 0.852644 0.000000
vn -0.649452 0.760403 0.000000
vn -0.649452 0.760403 0.000000
vn -0.760411 0.649442 0.000000
vn -0.760411 0.649442 0.000000
vn -0.852636 0.522505 0.000000
vn -0.852636 0.522505 0.000000
vn -0.923878 0.382688 0.000000
vn -0.923878 0.382688 0.000000
vn -0.972371 0.233442 0.000000
vn -0.972371 0.233442 0.000000
vn -0.996917 0.078457 0.000000
vn -0.996917 0.078457 0.000000
vn -0.999690 -0.024890 0.000000
vn -0.999690 -0.024890 -0.000000
vn -0.999690 -0.024890 0.000000
vn -0.997201 -0.074772 0.000000
vn -0.997201 -0.074772 -0.000000
vn -0.992239 -0.124345 0.000000
vn -0.992239 -0.124345 -0.000000
vn -0.984812 -0.173622 0.000000
vn -0.984812 -0.173622 -0.000000
vn -0.974915 -0.222576 0.000000
vn -0.974915 -0.222576 -0.000000
vn -0.962627 -0.270832 0.000000
vn -0.962627 -0.270832 -0.000000
vn -0.947933 -0.318469 0.000000
vn -0.947933 -0.318469 -0.000000
vn -0.930891 -0.365297 0.000000
vn -0.930891 -0.365297 -0.000000
vn -0.911500 -0.411300 0.000000
vn -0.911500 -0.411300 -0.000000
vn -0.889842 -0.456269 -0.000000
vn -0.889842 -0.456269 0.000000
vn -0.866050 -0.499957 -0.000000
vn -0.866050 -0.499957 0.000000
vn -0.840013 -0.542566 -0.000000
vn -0.840013 -0.542566 0.000000
vn -0.811962 -0.583711 -0.000000
vn -0.811962 -0.583711 0.000000
vn -0.781793 -0.623538 0.000000
vn -0.781793 -0.623538 0.000000
vn -0.749813 -0.661649 -0.000000
vn -0.749813 -0.661649 0.000000
vn -0.715863 -0.698241 -0.000000
vn -0.715863 -0.698241 0.000000
vn -0.680179 -0.733046 -0.000000
vn -0.680179 -0.733046 0.000000
vn -0.642764 -0.766064 0.000000
vn -0.642764 -0.766064 0.000000
vn -0.603829 -0.797114 -0.000000
vn -0.603829 -0.797114 0.000000
vn -0.563304 -0.826250 0.000000
vn -0.563304 -0.826250 0.000000
vn -0.521436 -0.853291 -0.000000
vn -0.521436 -0.853291 0.000000
vn -0.478277 -0.878209 0.000000
vn -0.478277 -0.878209 0.000000
vn -0.433842 -0.900989 0.000000
vn -0.433842 -0.900989 -0.000000
vn -0.388458 -0.921466 0.000000
vn -0.388458 -0.921466 -0.000000
vn -0.342007 -0.939697 0.000000
vn -0.342007 -0.939697 -0.000000
vn -0.294765 -0.955570 0.000000
vn -0.294765 -0.955570 -0.000000
vn -0.246758 -0.969077 0.000000
vn -0.246758 -0.969077 -0.000000
vn -0.198141 -0.980173 0.000000
vn -0.198141 -0.980173 -0.000000
vn -0.149054 -0.988829 0.000000
vn -0.149054 -0.988829 -0.000000
vn -0.099564 -0.995031 0.000000
vn -0.099564 -0.995031 -0.000000
vn -0.049856 -0.998756 0.000000
vn -0.049856 -0.998756 -0.000000
vn 0.000000 -1.000000 0.000000
vn 0.049856 -0.998756 0.000000
vn -0.000000 -1.000000 -0.000000
vn 0.049856 -0.998756 0.000000
vn 0.099564 -0.995031 0.000000
vn 0.099564 -0.995031 0.000000
vn 0.149054 -0.988829 0.000000
vn 0.149054 -0.988829 0.000000
vn 0.198141 -0.980173 0.000000
vn 0.198141 -0.980173 0.000000
vn 0.246758 -0.969077 0.000000
vn 0.246758 -0.969077 0.000000
vn 0.294765 -0.955570 0.000000
vn 0.294765 -0.955570 0.000000
vn 0.342007 -0.939697 0.000000
vn 0.342007 -0.939697 0.000000
vn 0.388458 -0.921466 0.000000
vn 0.388458 -0.921466 0.000000
vn 0.433842 -0.900989 0.000000
vn 0.433842 -0.900989 0.000000
vn 0.478277 -0.878209 0.000000
vn 0.478277 -0.878209 0.000000
vn 0.521436 -0.853291 0.000000
vn 0.521436 -0.853291 0.000000
vn 0.563304 -0.826250 0.000000
vn 0.563304 -0.826250 0.000000
vn 0.603829 -0.797114 0.000000
vn 0.603829 -0.797114 0.000000
vn 0.642764 -0.766064 0.000000
vn 0.642764 -0.766064 0.000000
vn 0.680179 -0.733046 0.000000
vn 0.680179 -0.733046 0.000000
vn 0.715863 -0.698241 0.000000
vn 0.715863 -0.698241 0.000000
vn 0.749813 -0.661649 0.000000
vn 0.749813 -0.661649 0.000000
vn 0.781793 -0.623538 0.000000
vn 0.781793 -0.623538 0.000000
vn 0.811962 -0.583711 0.000000
vn 0.811962 -0.583711 0.000000
vn 0.840013 -0.542566 0.000000
vn 0.840013 -0.542566 0.000000
vn 0.866050 -0.499957 0.000000
vn 0.866050 -0.499957 0.000000
vn 0.889842 -0.456269 0.000000
vn 0.889842 -0.456269 0.000000
vn 0.911500 -0.411300 0.000000
vn 0.911500 -0.411300 0.000000
vn 0.930891 -0.365297 0.000000
vn 0.930891 -0.365297 0.000000
vn 0.947933 -0.318469 0.000000
vn 0.947933 -0.318469 0.000000
vn 0.962627 -0.270832 0.000000
vn 0.962627 -0.270832 0.000000
vn 0.974915 -0.222576 0.000000
vn 0.974915 -0.222576 0.000000
vn 0.984812 -0.173622 0.000000
vn 0.984812 -0.173622 0.000000
vn 0.992239 -0.124345 0.000000
vn 0.992239 -0.124345 0.000000
vn 0.997201 -0.074772 0.000000
vn 0.997201 -0.074772 0.000000
vn 0.999690 -0.024890 0.000000
vn 0.999690 -0.024890 0.000000
vn 0.999690 0.024890 0.000000
vn 0.999690 0.024890 0.000000
vn 0.997201 0.074772 0.000000
vn 0.997201 0.074772 0.000000
vn 0.992239 0.124345 0.000000
vn 0.992239 0.124345 0.000000
vn 0.984812 0.173622 0.000000
vn 0.984812 0.173622 0.000000
vn 0.974915 0.222576 0.000000
vn 0.974915 0.222576 0.000000
vn 0.962627 0.270832 0.000000
vn 0.962627 0.270832 0.000000
vn 0.947933 0.318469 0.000000
vn 0.947933 0.318469 0.000000
vn 0.930891 0.365297 0.000000
vn 0.930891 0.365297 0.000000
vn 0.911500 0.411300 0.000000
vn 0.911500 0.411300 0.000000
vn 0.866050 0.499957 -0.000000
vn 0.889842 0.456269 0.000000
vn 0.889842 0.456269 0.000000
vn 0.866050 0.499957 0.000000
vn 0.840013 0.542566 0.000000
vn 0.840013 0.542566 0.000000
vn 0.811962 0.583711 0.000000
vn 0.811962 0.583711 0.000000
vn 0.781793 0.623538 0.000000
vn 0.781793 0.623538 0.000000
vn 0.749813 0.661649 0.000000
vn 0.749813 0.661649 0.000000
vn 0.715863 0.698241 0.000000
vn 0.715863 0.698241 0.000000
vn 0.680179 0.733046 0.000000
vn 0.680179 0.733046 0.000000
vn 0.642764 0.766064 0.000000
vn 0.642764 0.766064 0.000000
vn 0.603829 0.797114 0.000000
vn 0.603829 0.797114 0.000000
vn 0.563304 0.826250 0.000000
vn 0.563304 0.826250 0.000000
vn 0.521436 0.853291 0.000000
vn 0.478277 0.878209 -0.000000
vn 0.521436 0.853291 0.000000
vn 0.478277 0.878209 0.000000
vn 0.433842 0.900989 0.000000
vn 0.433842 0.900989 0.000000
vn 0.388458 0.921466 0.000000
vn 0.388458 0.921466 0.000000
vn 0.342007 0.939697 0.000000
vn 0.342007 0.939697 0.000000
vn 0.294765 0.955570 0.000000
vn 0.294765 0.955570 0.000000
vn 0.246758 0.969077 0.000000
vn 0.246758 0.969077 0.000000
vn 0.198141 0.980173 0.000000
vn 0.198141 0.980173 0.000000
vn 0.149054 0.988829 0.000000
vn 0.149054 0.988829 0.000000
vn 0.099564 0.995031 0.000000
vn 0.099564 0.995031 0.000000
vn 0.049856 0.998756 0.000000
vn 0.049856 0.998756 0.000000
vn 0.000000 1.000000 0.000000
vn -0.000000 1.000000 0.000000
vn -0.049856 0.998756 0.000000
vn -0.049856 0.998756 0.000000
vn -0.099564 0.995031 0.000000
vn -0.099564 0.995031 0.000000
vn -0.149054 0.988829 0.000000
vn -0.149054 0.988829 0.000000
vn -0.198141 0.980173 0.000000
vn -0.198141 0.980173 0.000000
vn -0.246758 0.969077 0.000000
vn -0.246758 0.969077 0.000000
vn -0.294765 0.955570 0.000000
vn -0.294765 0.955570 0.000000
vn -0.342007 0.939697 0.000000
vn -0.342007 0.939697 0.000000
vn -0.388458 0.921466 0.000000
vn -0.388458 0.921466 0.000000
vn -0.433842 0.900989 0.000000
vn -0.433842 0.900989 0.000000
vn -0.478277 0.878209 0.000000
vn -0.478277 0.878209 0.000000
vn -0.521436 0.853291 0.000000
vn -0.521436 0.853291 0.000000
vn -0.563304 0.826250 0.000000
vn -0.563304 0.826250 0.000000
vn -0.603829 0.797114 0.000000
vn -0.603829 0.797114 0.000000
vn -0.642764 0.766064 0.000000
vn -0.642764 0.766064 0.000000
vn -0.680179 0.733046 0.000000
vn -0.680179 0.733046 0.000000
vn -0.715863 0.698241 0.000000
vn -0.715863 0.698241 0.000000
vn -0.749813 0.661649 0.000000
vn -0.749813 0.661649 0.000000
vn -0.781793 0.623538 0.000000
vn -0.781793 0.623538 0.000000
vn -0.811962 0.583711 0.000000
vn -0.811962 0.583711 0.000000
vn -0.840013 0.542566 0.000000
vn -0.840013 0.542566 0.000000
vn -0.866050 0.499957 0.000000
vn -0.866050 0.499957 0.000000
vn -0.889842 0.456269 0.000000
vn -0.889842 0.456269 0.000000
vn -0.911500 0.411300 0.000000
vn -0.911500 0.411300 0.000000
vn -0.930891 0.365297 0.000000
vn -0.930891 0.365297 0.000000
vn -0.947933 0.318469 0.000000
vn -0.947933 0.318469 0.000000
vn -0.962627 0.270832 0.000000
vn -0.962627 0.270832 0.000000
vn -0.974915 0.222576 0.000000
vn -0.974915 0.222576 0.000000
vn -0.984812 0.173622 0.000000
vn -0.984812 0.173622 0.000000
vn -0.992239 0.124345 0.000000
vn -0.992239 0.124345 0.000000
vn -0.999690 0.024890 0.000000
vn -0.997201 0.074772 0.000000
vn -0.997201 0.074772 0.000000
vn -0.999690 0.024890 0.000000
vn -0.999690 0.024890 0.000000
vn -0.992710 -0.120528 -0.000000
vn -0.992710 -0.120528 0.000000
vn -0.935014 -0.354611 0.000000
vn -0.935014 -0.354611 -0.000000
vn -0.822984 -0.568065 0.000000
vn -0.822984 -0.568065 -0.000000
vn -0.663126 -0.748508 0.000000
vn -0.663126 -0.748508 -0.000000
vn -0.464721 -0.885457 0.000000
vn -0.464721 -0.885457 -0.000000
vn -0.239316 -0.970942 0.000000
vn -0.239316 -0.970942 -0.000000
vn 0.000000 -1.000000 0.000000
vn -0.000000 -1.000000 -0.000000
vn 0.239316 -0.970942 0.000000
vn 0.239316 -0.970942 0.000000
vn 0.464721 -0.885457 0.000000
vn 0.464721 -0.885457 0.000000
vn 0.663126 -0.748508 0.000000
vn 0.663126 -0.748508 0.000000
vn 0.822984 -0.568065 0.000000
vn 0.822984 -0.568065 0.000000
vn 0.935014 -0.354611 0.000000
vn 0.935014 -0.354611 0.000000
vn 0.992710 -0.120528 0.000000
vn 0.992710 -0.120528 0.000000
vn 0.992710 0.120528 0.000000
vn 0.992710 0.120528 0.000000
vn 0.935014 0.354611 0.000000
vn 0.935014 0.354611 0.000000
vn 0.822984 0.568065 0.000000
vn 0.822984 0.568065 0.000000
vn 0.663126 0.748508 0.000000
vn 0.663126 0.748508 0.000000
vn 0.464722 0.885457 0.000000
vn 0.464722 0.885457 0.000000
vn 0.239316 0.970942 0.000000
vn 0.239316 0.970942 0.000000
vn -0.000000 1.000000 0.000000
vn 0.000000 1.000000 0.000000
vn -0.239316 0.970942 0.000000
vn -0.239316 0.970942 0.000000
vn -0.464722 0.885457 0.000000
vn -0.464722 0.885457 0.000000
vn -0.663126 0.748508 0.000000
vn -0.663126 0.748508 0.000000
vn -0.822984 0.568065 0.000000
vn -0.935014 0.354611 0.000000
vn -0.822984 0.568065 0.000000
vn -0.935014 0.354611 0.000000
vn -0.992710 0.120528 0.000000
vn -0.992710 0.120528 0.000000
vn -0.992707 -0.120556 -0.000000
vn -0.992707 -0.120556 0.000000
vn -0.935025 -0.354583 0.000000
vn -0.935025 -0.354583 -0.000000
vn -0.822989 -0.568057 0.000000
vn -0.822989 -0.568057 -0.000000
vn -0.663113 -0.748519 0.000000
vn -0.663113 -0.748519 -0.000000
vn -0.464723 -0.885456 0.000000
vn -0.464723 -0.885456 -0.000000
vn -0.239314 -0.970942 0.000000
vn -0.239314 -0.970942 -0.000000
vn 0.000000 -1.000000 0.000000
vn 0.239314 -0.970942 0.000000
vn -0.000000 -1.000000 -0.000000
vn 0.239314 -0.970942 0.000000
vn 0.464723 -0.885456 0.000000
vn 0.464723 -0.885456 0.000000
vn 0.663113 -0.748519 0.000000
vn 0.663113 -0.748519 0.000000
vn 0.822989 -0.568057 0.000000
vn 0.822989 -0.568057 0.000000
vn 0.935025 -0.354583 0.000000
vn 0.935025 -0.354583 0.000000
vn 0.992707 -0.120556 0.000000
vn 0.992707 -0.120556 0.000000
vn 0.992707 0.120556 0.000000
vn 0.992707 0.120556 0.000000
vn 0.935024 0.354583 0.000000
vn 0.935024 0.354583 0.000000
vn 0.822989 0.568057 0.000000
vn 0.822989 0.568057 0.000000
vn 0.663114 0.748519 0.000000
vn 0.663114 0.748519 0.000000
vn 0.464723 0.885456 0.000000
vn 0.464723 0.885456 0.000000
vn 0.239314 0.970942 0.000000
vn 0.239314 0.970942 0.000000
vn -0.000000 1.000000 0.000000
vn 0.000000 1.000000 0.000000
vn -0.239314 0.970942 0.000000
vn -0.239314 0.970942 0.000000
vn -0.464723 0.885456 0.000000
vn -0.464723 0.885456 0.000000
vn -0.663114 0.748519 0.000000
vn -0.663114 0.748519 0.000000
vn -0.822989 0.568057 0.000000
vn -0.822989 0.568057 0.000000
vn -0.935024 0.354583 0.000000
vn -0.935024 0.354583 0.000000
vn -0.992707 0.120556 0.000000
vn -0.992707 0.120556 0.000000
vn 0.000000 0.000000 -1.000000
vn 0.000000 0.000000 -1.000000
vn 0.000000 0.000000 -1.000000
vn 0.000000 0.000000 -1.000000
vn 0.000000 0.000000 -1.000000
vn 0.000000 0.000000 -1.000000
vn 0.000000 0.000000 -1.000000
vn 0.000000 0.000000 -1.000000
vn 0.000000 0.000000 -1.000000
vn 0.000000 0.000000 -1.000000
vn 0.000000 0.000000 -1.000000
vn 0.000000 -0.000000 -1.000000
vn 0.000000 0.000000 -1.000000
vn 0.000000 -0.000000 -1.000000
vn 0.000000 -0.000000 -1.000000
vn 0.000000 0.000000 -1.000000
vn 0.000000 0.000000 -1.000000
vn 0.000000 0.000000 -1.000000
vn 0.000000 -0.000000 -1.000000
vn 0.000000 0.000000 -1.000000
vn 0.000000 0.000000 -1.000000
vn 0.000000 0.000000 -1.000000
vn 0.000000 0.000000 -1.000000
vn 0.000000 0.000000 -1.000000
vn 0.000000 0.000000 -1.000000
vn 0.000000 0.000000 -1.000000
vn 0.000000 -0.000000 -1.000000
vn 0.000000 -0.000000 -1.000000
vn 0.000000 0.000000 -1.000000
vn 0.000000 0.000000 -1.000000
vn 0.000000 0.000000 -1.000000
vn -0.000000 -0.000000 -1.000000
vn 0.000000 0.000000 -1.000000
vn 0.000000 -0.000000 -1.000000
vn 0.000000 0.000000 -1.000000
vn 0.000000 0.000000 -1.000000
vn 0.000000 -0.000000 -1.000000
vn 0.000000 -0.000000 -1.000000
vn 0.000000 -0.000000 -1.000000
vn -0.000000 -0.000000 -1.000000
vn -0.000000 -0.000000 -1.000000
vn 0.000000 -0.000000 -1.000000
vn -0.000000 -0.000000 -1.000000
vn 0.000000 0.000000 -1.000000
vn 0.000000 0.000000 -1.000000
vn 0.000000 0.000000 -1.000000
vn -0.000000 -0.000000 -1.000000
vn 0.000000 0.000000 -1.000000
vn 0.000000 -0.000000 -1.000000
vn 0.000000 -0.000000 -1.000000
vn 0.000000 0.000000 -1.000000
vn -0.000000 -0.000000 -1.000000
vn -0.992709 -0.120538 -0.000000
vn -0.992709 -0.120538 0.000000
vn -0.935021 -0.354593 0.000000
vn -0.935021 -0.354593 -0.000000
vn -0.822979 -0.568071 0.000000
vn -0.822979 -0.568071 -0.000000
vn -0.663126 -0.748508 0.000000
vn -0.663126 -0.748508 -0.000000
vn -0.464721 -0.885457 0.000000
vn -0.464721 -0.885457 -0.000000
vn -0.239314 -0.970942 0.000000
vn -0.239314 -0.970942 -0.000000
vn 0.000000 -1.000000 0.000000
vn -0.000000 -1.000000 -0.000000
vn 0.239314 -0.970942 0.000000
vn 0.239314 -0.970942 0.000000
vn 0.464721 -0.885457 0.000000
vn 0.464721 -0.885457 0.000000
vn 0.663126 -0.748508 0.000000
vn 0.663126 -0.748508 0.000000
vn 0.822979 -0.568071 0.000000
vn 0.822979 -0.568071 0.000000
vn 0.935021 -0.354593 0.000000
vn 0.935021 -0.354593 0.000000
vn 0.992709 -0.120538 0.000000
vn 0.992709 -0.120538 0.000000
vn 0.992709 0.120538 0.000000
vn 0.992709 0.120538 0.000000
vn 0.935021 0.354593 0.000000
vn 0.935021 0.354593 0.000000
vn 0.822979 0.568071 0.000000
vn 0.822979 0.568071 0.000000
vn 0.663126 0.748508 0.000000
vn 0.663126 0.748508 0.000000
vn 0.464722 0.885457 0.000000
vn 0.464722 0.885457 0.000000
vn 0.239314 0.970942 0.000000
vn 0.239314 0.970942 0.000000
vn -0.000000 1.000000 0.000000
vn 0.000000 1.000000 0.000000
vn -0.239314 0.970942 0.000000
vn -0.239314 0.970942 0.000000
vn -0.464722 0.885457 0.000000
vn -0.464722 0.885457 0.000000
vn -0.663126 0.748508 0.000000
vn -0.663126 0.748508 0.000000
vn -0.822979 0.568071 0.000000
vn -0.935021 0.354593 0.000000
vn -0.822979 0.568071 0.000000
vn -0.935021 0.354593 0.000000
vn -0.992709 0.120538 0.000000
vn -0.992709 0.120538 0.000000
vn -0.992710 -0.120530 -0.000000
vn -0.992710 -0.120530 0.000000
vn -0.935014 -0.354612 0.000000
vn -0.935014 -0.354612 -0.000000
vn -0.822991 -0.568055 0.000000
vn -0.822991 -0.568055 -0.000000
vn -0.663116 -0.748517 0.000000
vn -0.663116 -0.748517 -0.000000
vn -0.464729 -0.885453 0.000000
vn -0.239317 -0.970941 0.000000
vn -0.464729 -0.885453 -0.000000
vn -0.239317 -0.970941 0.000000
vn 0.000000 -1.000000 0.000000
vn 0.239317 -0.970941 0.000000
vn -0.000000 -1.000000 -0.000000
vn 0.239317 -0.970941 0.000000
vn 0.464729 -0.885453 0.000000
vn 0.464729 -0.885453 0.000000
vn 0.663116 -0.748517 0.000000
vn 0.663116 -0.748517 0.000000
vn 0.822991 -0.568055 0.000000
vn 0.822991 -0.568055 0.000000
vn 0.935014 -0.354612 0.000000
vn 0.935014 -0.354612 0.000000
vn 0.992710 -0.120530 0.000000
vn 0.992710 -0.120530 0.000000
vn 0.992710 0.120530 0.000000
vn 0.992710 0.120530 0.000000
vn 0.935014 0.354612 0.000000
vn 0.935014 0.354612 0.000000
vn 0.822991 0.568055 0.000000
vn 0.822991 0.568055 0.000000
vn 0.663116 0.748517 0.000000
vn 0.663116 0.748517 0.000000
vn 0.464729 0.885453 0.000000
vn 0.464729 0.885453 0.000000
vn 0.239317 0.970941 0.000000
vn 0.239317 0.970941 0.000000
vn -0.000000 1.000000 0.000000
vn 0.000000 1.000000 0.000000
vn -0.239317 0.970941 0.000000
vn -0.239317 0.970941 0.000000
vn -0.464729 0.885453 0.000000
vn -0.464729 0.885453 0.000000
vn -0.663116 0.748517 0.000000
vn -0.663116 0.748517 0.000000
vn -0.822991 0.568055 0.000000
vn -0.822991 0.568055 0.000000
vn -0.935014 0.354612 0.000000
vn -0.935014 0.354612 0.000000
vn -0.992710 0.120530 0.000000
vn -0.992710 0.120530 0.000000
vn -0.992709 -0.120537 -0.000000
vn -0.992709 -0.120537 0.000000
vn -0.935017 -0.354603 0.000000
vn -0.935017 -0.354603 -0.000000
vn -0.822985 -0.568063 0.000000
vn -0.822985 -0.568063 -0.000000
vn -0.663117 -0.748516 0.000000
vn -0.663117 -0.748516 -0.000000
vn -0.464728 -0.885453 0.000000
vn -0.464728 -0.885453 -0.000000
vn -0.239319 -0.970941 0.000000
vn -0.239319 -0.970941 -0.000000
vn 0.000000 -1.000000 0.000000
vn 0.239319 -0.970941 0.000000
vn -0.000000 -1.000000 -0.000000
vn 0.239319 -0.970941 0.000000
vn 0.464728 -0.885453 0.000000
vn 0.464728 -0.885453 0.000000
vn 0.663117 -0.748516 0.000000
vn 0.663117 -0.748516 0.000000
vn 0.822985 -0.568063 0.000000
vn 0.822985 -0.568063 0.000000
vn 0.935017 -0.354603 0.000000
vn 0.935017 -0.354603 0.000000
vn 0.992709 -0.120537 0.000000
vn 0.992709 -0.120537 0.000000
vn 0.992709 0.120537 0.000000
vn 0.992709 0.120537 0.000000
vn 0.935017 0.354603 0.000000
vn 0.935017 0.354603 0.000000
vn 0.822983 0.568066 0.000000
vn 0.822983 0.568066 0.000000
vn 0.663125 0.748508 0.000000
vn 0.663125 0.748508 0.000000
vn 0.464722 0.885457 0.000000
vn 0.464722 0.885457 0.000000
vn 0.239311 0.970943 0.000000
vn 0.239311 0.970943 0.000000
vn -0.000000 1.000000 0.000000
vn 0.000000 1.000000 0.000000
vn -0.239311 0.970943 0.000000
vn -0.239311 0.970943 0.000000
vn -0.464722 0.885457 0.000000
vn -0.464722 0.885457 0.000000
vn -0.663125 0.748508 0.000000
vn -0.663125 0.748508 0.000000
vn -0.822983 0.568066 0.000000
vn -0.822983 0.568066 0.000000
vn -0.935017 0.354603 0.000000
vn -0.935017 0.354603 0.000000
vn -0.992709 0.120537 0.000000
vn -0.992709 0.120537 0.000000
vn -0.992710 -0.120530 -0.000000
vn -0.992710 -0.120530 0.000000
vn -0.935014 -0.354612 0.000000
vn -0.935014 -0.354612 -0.000000
vn -0.822991 -0.568055 0.000000
vn -0.822991 -0.568055 -0.000000
vn -0.663116 -0.748517 0.000000
vn -0.663116 -0.748517 -0.000000
vn -0.464729 -0.885453 0.000000
vn -0.239317 -0.970941 0.000000
vn -0.464729 -0.885453 -0.000000
vn -0.239317 -0.970941 0.000000
vn 0.000000 -1.000000 0.000000
vn 0.239317 -0.970941 0.000000
vn -0.000000 -1.000000 -0.000000
vn 0.239317 -0.970941 0.000000
vn 0.464729 -0.885453 0.000000
vn 0.464729 -0.885453 0.000000
vn 0.663116 -0.748517 0.000000
vn 0.663116 -0.748517 0.000000
vn 0.822991 -0.568055 0.000000
vn 0.822991 -0.568055 0.000000
vn 0.935014 -0.354612 0.000000
vn 0.935014 -0.354612 0.000000
vn 0.992710 -0.120530 0.000000
vn 0.992710 -0.120530 0.000000
vn 0.992710 0.120530 0.000000
vn 0.992710 0.120530 0.000000
vn 0.935014 0.354612 0.000000
vn 0.935014 0.354612 0.000000
vn 0.822991 0.568055 0.000000
vn 0.822991 0.568055 0.000000
vn 0.663116 0.748517 0.000000
vn 0.663116 0.748517 0.000000
vn 0.464729 0.885453 0.000000
vn 0.464729 0.885453 0.000000
vn 0.239317 0.970941 0.000000
vn 0.239317 0.970941 0.000000
vn -0.000000 1.000000 0.000000
vn 0.000000 1.000000 0.000000
vn -0.239317 0.970941 0.000000
vn -0.239317 0.970941 0.000000
vn -0.464729 0.885453 0.000000
vn -0.464729 0.885453 0.000000
vn -0.663116 0.748517 0.000000
vn -0.663116 0.748517 0.000000
vn -0.822991 0.568055 0.000000
vn -0.822991 0.568055 0.000000
vn -0.935014 0.354612 0.000000
vn -0.935014 0.354612 0.000000
vn -0.992710 0.120530 0.000000
vn -0.992710 0.120530 0.000000
vn 1.000000 0.000000 0.000000
vn 1.000000 -0.000000 0.000000
vn 0.000000 -1.000000 0.000000
vn 0.000000 -1.000000 0.000000
vn 0.000000 1.000000 0.000000
vn 0.000000 1.000000 0.000000
vn -1.000000 0.000000 0.000000
vn -1.000000 0.000000 0.000000
vn -0.992710 -0.120528 -0.000000
vn -0.992710 -0.120528 0.000000
vn -0.935014 -0.354611 0.000000
vn -0.935014 -0.354611 -0.000000
vn -0.822985 -0.568064 0.000000
vn -0.822985 -0.568064 -0.000000
vn -0.663125 -0.748509 0.000000
vn -0.663125 -0.748509 -0.000000
vn -0.464719 -0.885458 0.000000
vn -0.464719 -0.885458 -0.000000
vn -0.239321 -0.970941 0.000000
vn -0.239321 -0.970941 -0.000000
vn 0.000000 -1.000000 0.000000
vn -0.000000 -1.000000 -0.000000
vn 0.239321 -0.970941 0.000000
vn 0.239321 -0.970941 0.000000
vn 0.464719 -0.885458 0.000000
vn 0.464719 -0.885458 0.000000
vn 0.663125 -0.748509 0.000000
vn 0.663125 -0.748509 0.000000
vn 0.822985 -0.568064 0.000000
vn 0.822985 -0.568064 0.000000
vn 0.935014 -0.354611 0.000000
vn 0.935014 -0.354611 0.000000
vn 0.992710 -0.120528 0.000000
vn 0.992710 -0.120528 0.000000
vn 0.992710 0.120528 0.000000
vn 0.992710 0.120528 0.000000
vn 0.935014 0.354611 0.000000
vn 0.935014 0.354611 0.000000
vn 0.822985 0.568064 0.000000
vn 0.822985 0.568064 0.000000
vn 0.663125 0.748509 0.000000
vn 0.663125 0.748509 0.000000
vn 0.464719 0.885458 0.000000
vn 0.464719 0.885458 0.000000
vn 0.239321 0.970941 0.000000
vn 0.239321 0.970941 0.000000
vn -0.000000 1.000000 0.000000
vn 0.000000 1.000000 0.000000
vn -0.239321 0.970941 0.000000
vn -0.239321 0.970941 0.000000
vn -0.464719 0.885458 0.000000
vn -0.464719 0.885458 0.000000
vn -0.663125 0.748509 0.000000
vn -0.663125 0.748509 0.000000
vn -0.822985 0.568064 0.000000
vn -0.935014 0.354611 0.000000
vn -0.822985 0.568064 0.000000
vn -0.935014 0.354611 0.000000
vn -0.992710 0.120528 0.000000
vn -0.992710 0.120528 0.000000
vn -0.992709 -0.120538 -0.000000
vn -0.992709 -0.120538 0.000000
vn -0.935020 -0.354594 0.000000
vn -0.935020 -0.354594 -0.000000
vn -0.822980 -0.568070 0.000000
vn -0.822980 -0.568070 -0.000000
vn -0.663125 -0.748509 0.000000
vn -0.663125 -0.748509 -0.000000
vn -0.464719 -0.885458 0.000000
vn -0.464719 -0.885458 -0.000000
vn -0.239318 -0.970941 0.000000
vn -0.239318 -0.970941 -0.000000
vn 0.000000 -1.000000 0.000000
vn -0.000000 -1.000000 -0.000000
vn 0.239318 -0.970941 0.000000
vn 0.239318 -0.970941 0.000000
vn 0.464719 -0.885458 0.000000
vn 0.464719 -0.885458 0.000000
vn 0.663125 -0.748509 0.000000
vn 0.663125 -0.748509 0.000000
vn 0.822980 -0.568070 0.000000
vn 0.822980 -0.568070 0.000000
vn 0.935020 -0.354594 0.000000
vn 0.935020 -0.354594 0.000000
vn 0.992709 -0.120538 0.000000
vn 0.992709 -0.120538 0.000000
vn 0.992709 0.120538 0.000000
vn 0.992709 0.120538 0.000000
vn 0.935020 0.354594 0.000000
vn 0.935020 0.354594 0.000000
vn 0.822980 0.568070 0.000000
vn 0.822980 0.568070 0.000000
vn 0.663125 0.748509 0.000000
vn 0.663125 0.748509 0.000000
vn 0.464719 0.885458 0.000000
vn 0.464719 0.885458 0.000000
vn 0.239318 0.970941 0.000000
vn 0.239318 0.970941 0.000000
vn -0.000000 1.000000 0.000000
vn 0.000000 1.000000 0.000000
vn -0.239318 0.970941 0.000000
vn -0.239318 0.970941 0.000000
vn -0.464719 0.885458 0.000000
vn -0.464719 0.885458 0.000000
vn -0.663125 0.748509 0.000000
vn -0.663125 0.748509 0.000000
vn -0.822980 0.568070 0.000000
vn -0.935020 0.354594 0.000000
vn -0.822980 0.568070 0.000000
vn -0.935020 0.354594 0.000000
vn -0.992709 0.120538 0.000000
vn -0.992709 0.120538 0.000000
vn -0.992706 -0.120557 -0.000000
vn -0.992706 -0.120557 0.000000
vn -0.935025 -0.354582 0.000000
vn -0.935025 -0.354582 -0.000000
vn -0.822990 -0.568056 0.000000
vn -0.822990 -0.568056 -0.000000
vn -0.663114 -0.748519 0.000000
vn -0.663114 -0.748519 -0.000000
vn -0.464731 -0.885452 0.000000
vn -0.464731 -0.885452 -0.000000
vn -0.239317 -0.970941 0.000000
vn -0.239317 -0.970941 -0.000000
vn 0.000000 -1.000000 0.000000
vn 0.239317 -0.970941 0.000000
vn -0.000000 -1.000000 -0.000000
vn 0.239317 -0.970941 0.000000
vn 0.464731 -0.885452 0.000000
vn 0.464731 -0.885452 0.000000
vn 0.663114 -0.748519 0.000000
vn 0.663114 -0.748519 0.000000
vn 0.822990 -0.568056 0.000000
vn 0.822990 -0.568056 0.000000
vn 0.935025 -0.354582 0.000000
vn 0.935025 -0.354582 0.000000
vn 0.992706 -0.120557 0.000000
vn 0.992706 -0.120557 0.000000
vn 0.992706 0.120557 0.000000
vn 0.992706 0.120557 0.000000
vn 0.935026 0.354579 0.000000
vn 0.935026 0.354579 0.000000
vn 0.822986 0.568061 0.000000
vn 0.822986 0.568061 0.000000
vn 0.663114 0.748519 0.000000
vn 0.663114 0.748519 0.000000
vn 0.464723 0.885456 0.000000
vn 0.464723 0.885456 0.000000
vn 0.239317 0.970941 0.000000
vn 0.239317 0.970941 0.000000
vn -0.000000 1.000000 0.000000
vn 0.000000 1.000000 0.000000
vn -0.239317 0.970941 0.000000
vn -0.239317 0.970941 0.000000
vn -0.464723 0.885456 0.000000
vn -0.464723 0.885456 0.000000
vn -0.663114 0.748519 0.000000
vn -0.663114 0.748519 0.000000
vn -0.822986 0.568061 0.000000
vn -0.822986 0.568061 0.000000
vn -0.935026 0.354579 0.000000
vn -0.935026 0.354579 0.000000
vn -0.992706 0.120557 0.000000
vn -0.992706 0.120557 0.000000
vn 0.000000 0.503131 0.864210
vn -0.000000 0.311083 0.950383
vn 0.000000 0.503131 0.864210
vn -0.009863 0.105245 0.994397
vn 0.008735 0.318419 0.947910
vn 0.046623 0.164960 0.985198
vn 0.000000 0.057963 0.998319
vn 0.000000 0.000000 1.000000
vn 0.000000 0.000000 1.000000
vn 0.000000 0.000000 1.000000
vn 0.000000 0.000000 1.000000
vn 0.000000 0.000000 1.000000
vn 0.000000 0.000000 1.000000
vn 0.000000 0.000000 1.000000
vn 0.000000 0.000000 1.000000
vn 0.000000 0.000000 1.000000
vn 0.000000 0.000000 1.000000
vn 0.000000 0.000000 1.000000
vn 0.000000 0.000000 1.000000
vn 0.000000 0.000000 1.000000
vn 0.000000 0.000000 1.000000
vn 0.000000 0.000000 1.000000
vn 0.000000 0.000000 1.000000
vn 0.000000 0.000000 1.000000
vn 0.000000 0.000000 1.000000
vn 0.000000 0.000000 1.000000
vn 0.000000 0.000000 1.000000
vn 0.000000 0.000000 1.000000
vn 0.000000 0.000000 1.000000
vn 0.000000 0.000000 1.000000
vn 0.000000 0.000000 1.000000
vn 0.000000 0.000000 1.000000
vn 0.000000 0.000000 1.000000
vn 0.000000 0.000000 1.000000
vn 0.000000 0.000000 1.000000
vn 0.000000 0.000000 1.000000
vn 0.000000 0.000000 1.000000
vn 0.000000 0.000000 1.000000
vn 0.000000 0.000000 1.000000
vn 0.000000 0.000000 1.000000
vn 0.000000 0.000000 1.000000
vn 0.000000 0.000000 1.000000
vn 0.000000 0.000000 1.000000
vn 0.000000 0.000000 1.000000
vn 0.000000 0.000000 1.000000
vn 0.000000 0.000000 1.000000
vn 0.000000 0.000000 1.000000
vn 0.000000 0.000000 1.000000
vn 0.000000 0.000000 1.000000
vn 0.000000 0.000000 1.000000
vn 0.000000 0.000000 1.000000
vn 0.000000 0.000000 1.000000
vn 0.000000 0.000000 1.000000
vn 0.000000 0.000000 1.000000
vn 0.000000 0.000000 1.000000
vn 0.000000 0.000000 1.000000
vn 0.000000 0.000000 1.000000
vn 0.000000 0.000000 1.000000
vn 0.000000 0.000000 1.000000
vn 0.000000 0.000000 1.000000
vn 0.000000 0.000000 1.000000
vn 0.000000 0.000000 1.000000
vn 0.000000 0.000000 1.000000
vn 0.000000 0.000000 1.000000
vn 0.000000 0.000000 1.000000
vn 0.000000 0.000000 1.000000
vn 0.000000 0.000000 1.000000
vn 0.000000 0.000000 1.000000
vn 0.000000 0.000000 1.000000
vn 0.000000 0.000000 1.000000
vn 0.000000 0.000000 1.000000
vn 0.000000 0.000000 1.000000
vn 0.000000 0.000000 1.000000
vn 0.000000 0.000000 1.000000
vn 0.000000 0.000000 1.000000
vn 0.000000 0.000000 1.000000
vn 0.000000 0.000000 1.000000
vn 0.000000 0.000000 1.000000
vn 0.000000 0.000000 1.000000
vn 0.000000 0.000000 1.000000
vn 0.000000 0.000000 1.000000
vn 0.000000 0.000000 1.000000
vn 0.000000 0.000000 1.000000
vn 0.000000 0.000000 1.000000
vn 0.000000 0.000000 1.000000
vn 0.000000 0.000000 1.000000
vn 0.000000 0.000000 1.000000
vn 0.000000 0.000000 1.000000
vn 0.000000 0.000000 1.000000
vn 0.000000 0.000000 1.000000
vn 0.000000 0.000000 1.000000
vn 0.000000 0.000000 1.000000
vn 0.000000 0.000000 1.000000
vn 0.000000 0.000000 1.000000
vn 0.000000 0.000000 1.000000
vn 0.000000 0.000000 1.000000
vn 0.000000 0.000000 1.000000
vn 0.000000 0.000000 1.000000
vn 0.000000 0.000000 1.000000
vn 0.000000 0.000000 1.000000
vn 0.000000 0.000000 1.000000
vn 0.000000 0.000000 1.000000
vn 0.000000 0.000000 1.000000
vn 0.000000 0.000000 1.000000
vn 0.000000 0.000000 1.000000
vn 0.000000 0.000000 1.000000
vn 0.000000 0.000000 1.000000
vn 0.000000 0.000000 1.000000
vn 0.000000 0.000000 1.000000
vn 0.000000 0.000000 1.000000
vn 0.000000 0.000000 1.000000
vn 0.000000 -0.000000 1.000000
vn 0.000000 0.000000 1.000000
vn 0.000000 0.000000 1.000000
vn -0.707107 0.707107 0.000000
vn -0.707107 0.707107 0.000000
vn -1.000000 0.000000 0.000000
vn -1.000000 -0.000000 0.000000
vn -1.000000 -0.000000 -0.000000
vn -1.000000 0.000000 0.000000
vn -1.000000 0.000000 -0.000000
vn -1.000000 -0.000000 -0.000000
vn -1.000000 0.000000 -0.000000
vn -1.000000 0.000000 0.000000
vn -1.000000 -0.000000 0.000000
vn -0.000000 0.000000 1.000000
vn 0.000000 0.000000 1.000000
vn 1.000000 0.000000 -0.000000
vn 1.000000 0.000000 0.000000
vn 1.000000 0.000000 -0.000000
vn 0.000000 0.000000 1.000000
vn 0.000000 -0.000000 1.000000
vn 0.000000 0.000000 1.000000
vn 0.000000 0.000000 1.000000
vn -0.000000 0.000000 1.000000
vn -1.000000 0.000000 -0.000000
vn -1.000000 -0.000000 0.000000
vn 0.000000 0.000000 1.000000
vn -0.000000 0.000000 1.000000
vn -0.766045 0.000000 0.642788
vn -0.766044 0.000000 0.642788
vn -0.766044 0.000000 0.642788
vn -0.766045 0.000000 0.642788
vn -0.766045 0.000000 0.642788
vn -0.766045 0.000000 0.642788
vn 0.000000 1.000000 0.000000
vn 0.000000 1.000000 0.000000
vn 0.000000 1.000000 0.000000
vn 0.000000 1.000000 0.000000
vn 0.000000 1.000000 0.000000
vn 0.000000 1.000000 0.000000
vn 0.000000 1.000000 0.000000
vn 0.000000 1.000000 0.000000
vn 0.000000 1.000000 0.000000
vn 0.000000 1.000000 0.000000
vn 0.000000 1.000000 0.000000
vn 0.000000 1.000000 0.000000
vn 0.000000 1.000000 0.000000
vn 0.000000 1.000000 0.000000
vn 0.000000 1.000000 0.000000
vn 0.000000 1.000000 0.000000
vn 0.000000 1.000000 0.000000
vn 0.000000 1.000000 0.000000
vn 0.000000 1.000000 0.000000
vn 0.000000 1.000000 0.000000
vn 0.000000 1.000000 0.000000
vn 0.000000 1.000000 0.000000
vn 0.000000 1.000000 0.000000
vn 0.000000 1.000000 0.000000
vn 0.000000 1.000000 0.000000
vn 0.000000 1.000000 0.000000
vn 0.000000 1.000000 0.000000
vn 0.000000 1.000000 0.000000
vn 0.000000 1.000000 0.000000
vn 0.000000 1.000000 0.000000
vn 0.000000 1.000000 0.000000
vn 0.000000 1.000000 0.000000
vn 0.000000 1.000000 0.000000
vn 0.000000 1.000000 0.000000
vn 0.000000 1.000000 0.000000
vn 0.000000 1.000000 0.000000
vn 0.000000 1.000000 0.000000
vn 0.000000 1.000000 0.000000
vn 0.000000 1.000000 0.000000
vn 0.000000 1.000000 0.000000
vn 0.000000 1.000000 0.000000
vn 0.000000 1.000000 0.000000
vn 0.000000 1.000000 0.000000
vn 0.000000 1.000000 0.000000
vn 0.000000 1.000000 0.000000
vn 0.000000 1.000000 0.000000
vn 0.000000 1.000000 0.000000
vn 0.000000 1.000000 0.000000
vn 0.000000 1.000000 0.000000
vn 0.000000 1.000000 0.000000
vn 0.000000 1.000000 0.000000
vn 0.000000 1.000000 0.000000
vn 0.000000 1.000000 0.000000
vn 0.000000 1.000000 0.000000
vn 0.000000 1.000000 0.000000
vn 0.000000 1.000000 0.000000
vn 0.000000 1.000000 0.000000
vn 0.000000 1.000000 0.000000
vn 0.000000 1.000000 0.000000
vn 0.000000 1.000000 0.000000
vn 0.000000 1.000000 0.000000
vn 0.000000 1.000000 0.000000
vn 0.000000 1.000000 0.000000
vn 0.000000 1.000000 0.000000
vn 0.000000 1.000000 0.000000
vn 0.000000 1.000000 0.000000
vn 0.000000 1.000000 0.000000
vn 0.000000 1.000000 0.000000
vn 0.000000 1.000000 0.000000
vn 0.000000 1.000000 0.000000
vn 0.000000 1.000000 0.000000
vn 0.000000 1.000000 0.000000
vn 0.000000 1.000000 0.000000
vn 0.000000 1.000000 0.000000
vn 0.000000 1.000000 0.000000
vn 0.000000 1.000000 0.000000
vn 0.000000 1.000000 0.000000
vn 0.000000 1.000000 0.000000
vn 0.000000 1.000000 0.000000
vn 0.000000 1.000000 0.000000
vn 0.000000 1.000000 0.000000
vn 0.000000 1.000000 0.000000
vn 0.000000 1.000000 0.000000
vn 0.000000 1.000000 0.000000
vn 0.000000 1.000000 0.000000
vn -0.000000 1.000000 0.000000
vn 0.000000 1.000000 0.000000
vn -0.992709 0.000000 -0.120536
vn -0.992709 0.000000 -0.120536
vn -0.992709 -0.000000 -0.120536
vn -0.935016 -0.000000 -0.354606
vn -0.935016 0.000000 -0.354606
vn -0.822984 -0.000000 -0.568065
vn -0.822984 0.000000 -0.568065
vn -0.663122 -0.000000 -0.748511
vn -0.663122 0.000000 -0.748511
vn -0.464723 -0.000000 -0.885456
vn -0.464723 0.000000 -0.885456
vn -0.239316 -0.000000 -0.970942
vn -0.239316 0.000000 -0.970942
vn 0.000000 0.000000 -1.000000
vn 0.000000 0.000000 -1.000000
vn 0.239316 0.000000 -0.970942
vn 0.239316 0.000000 -0.970942
vn 0.464723 0.000000 -0.885456
vn 0.464723 0.000000 -0.885456
vn 0.663122 0.000000 -0.748511
vn 0.663122 0.000000 -0.748511
vn 0.822984 0.000000 -0.568065
vn 0.822984 0.000000 -0.568065
vn 0.935016 0.000000 -0.354606
vn 0.935016 0.000000 -0.354606
vn 0.992709 0.000000 -0.120536
vn 0.992709 0.000000 -0.120536
vn 0.992709 0.000000 0.120536
vn 0.992709 0.000000 0.120536
vn 0.935016 0.000000 0.354606
vn 0.935016 0.000000 0.354606
vn 0.822984 0.000000 0.568065
vn 0.822984 0.000000 0.568065
vn 0.663123 0.000000 0.748511
vn 0.663123 0.000000 0.748511
vn 0.464722 0.000000 0.885457
vn 0.464722 0.000000 0.885457
vn 0.239316 0.000000 0.970942
vn 0.239316 0.000000 0.970942
vn 0.000000 0.000000 1.000000
vn 0.000000 0.000000 1.000000
vn -0.239316 0.000000 0.970942
vn -0.239316 0.000000 0.970942
vn -0.464722 0.000000 0.885457
vn -0.464722 0.000000 0.885457
vn -0.663123 0.000000 0.748511
vn -0.663123 0.000000 0.748511
vn -0.822984 0.000000 0.568065
vn -0.822984 0.000000 0.568065
vn -0.992709 0.000000 0.120536
vn -0.935016 0.000000 0.354606
vn -0.935016 0.000000 0.354606
vn -0.992709 0.000000 0.120536
vn -0.992709 0.000000 0.120536
vn -0.992709 0.000000 -0.120535
vn -0.992709 -0.000000 -0.120535
vn -0.935014 -0.000000 -0.354611
vn -0.935014 0.000000 -0.354611
vn -0.822985 -0.000000 -0.568063
vn -0.822985 0.000000 -0.568063
vn -0.663124 -0.000000 -0.748509
vn -0.663124 0.000000 -0.748509
vn -0.464721 -0.000000 -0.885457
vn -0.464721 0.000000 -0.885457
vn -0.239317 -0.000000 -0.970941
vn -0.239317 0.000000 -0.970941
vn 0.000000 0.000000 -1.000000
vn 0.000000 0.000000 -1.000000
vn 0.239317 0.000000 -0.970941
vn 0.239317 0.000000 -0.970941
vn 0.464721 0.000000 -0.885457
vn 0.663124 0.000000 -0.748509
vn 0.464721 0.000000 -0.885457
vn 0.663124 0.000000 -0.748509
vn 0.822985 0.000000 -0.568063
vn 0.822985 0.000000 -0.568063
vn 0.935014 0.000000 -0.354611
vn 0.935014 0.000000 -0.354611
vn 0.992709 0.000000 -0.120535
vn 0.992709 0.000000 -0.120535
vn 0.992709 0.000000 0.120535
vn 0.992709 0.000000 0.120535
vn 0.935014 0.000000 0.354610
vn 0.935014 0.000000 0.354610
vn 0.822984 0.000000 0.568064
vn 0.822984 0.000000 0.568064
vn 0.663123 0.000000 0.748510
vn 0.663123 0.000000 0.748510
vn 0.464723 0.000000 0.885456
vn 0.464723 0.000000 0.885456
vn 0.239316 0.000000 0.970942
vn 0.239316 0.000000 0.970942
vn 0.000000 0.000000 1.000000
vn 0.000000 0.000000 1.000000
vn -0.239316 0.000000 0.970942
vn -0.239316 0.000000 0.970942
vn -0.464723 0.000000 0.885456
vn -0.464723 0.000000 0.885456
vn -0.663123 0.000000 0.748510
vn -0.663123 0.000000 0.748510
vn -0.822984 0.000000 0.568064
vn -0.822984 0.000000 0.568064
vn -0.935014 0.000000 0.354610
vn -0.992709 0.000000 0.120535
vn -0.935014 0.000000 0.354610
vn -0.992709 0.000000 0.120535
vn 1.000000 0.000000 -0.000000
vn 1.000000 0.000000 0.000000
vn 1.000000 0.000000 0.000000
vn 1.000000 0.000000 0.000000
vn 1.000000 0.000000 -0.000000
vn 1.000000 0.000000 -0.000000
vn 1.000000 0.000000 -0.000000
vn 1.000000 0.000000 -0.000000
vn 1.000000 0.000000 -0.000000
vn 0.000000 0.819152 -0.573576
vn 0.000000 0.819152 -0.573576
vn 1.000000 0.000000 0.000000
vn 1.000000 -0.000000 0.000000
vn 1.000000 -0.000000 0.000000
vn 0.000000 1.000000 0.000000
vn 0.000000 1.000000 0.000000
vn 0.000000 1.000000 0.000000
vn 0.000000 1.000000 0.000000
vn 0.000000 1.000000 0.000000
vn 0.000000 1.000000 0.000000
vn 0.000000 1.000000 0.000000
vn 0.000000 1.000000 0.000000
vn 0.000000 1.000000 0.000000
vn 0.000000 1.000000 0.000000
vn 0.000000 1.000000 0.000000
vn 0.000000 1.000000 0.000000
vn 0.000000 1.000000 0.000000
vn 0.000000 1.000000 0.000000
vn 0.000000 1.000000 0.000000
vn 0.000000 1.000000 0.000000
vn 0.000000 1.000000 0.000000
vn 0.000000 1.000000 0.000000
vn 0.000000 1.000000 0.000000
vn 0.000000 1.000000 0.000000
vn 0.000000 1.000000 0.000000
vn 0.000000 1.000000 0.000000
vn 0.000000 1.000000 0.000000
vn 0.000000 1.000000 0.000000
vn 0.000000 1.000000 0.000000
vn 0.000000 1.000000 0.000000
vn 0.000000 1.000000 0.000000
vn 0.000000 1.000000 0.000000
vn 0.000000 1.000000 0.000000
vn 0.000000 1.000000 0.000000
vn 0.000000 1.000000 0.000000
vn 0.000000 1.000000 0.000000
vn 0.000000 1.000000 0.000000
vn 0.000000 1.000000 0.000000
vn 0.000000 1.000000 0.000000
vn 0.000000 1.000000 0.000000
vn -0.000000 1.000000 0.000000
vn 0.000000 1.000000 0.000000
vn 0.000000 1.000000 0.000000
vn 0.000000 1.000000 0.000000
vn 0.000000 1.000000 0.000000
vn 0.000000 1.000000 0.000000
vn 1.000000 0.000000 0.000000
vn 1.000000 0.000000 0.000000
vn 0.000000 1.000000 0.000000
vn 0.000000 1.000000 0.000000
vn -1.000000 0.000000 0.000000
vn -1.000000 0.000000 0.000000
vn 1.000000 0.000000 0.000000
vn 1.000000 -0.000000 0.000000
vn 1.000000 0.000000 0.000000
vn 1.000000 -0.000000 0.000000
vn 0.000000 -1.000000 0.000000
vn 0.000000 -1.000000 0.000000
vn 0.000000 -1.000000 0.000000
vn 0.000000 -1.000000 0.000000
vn 0.000000 -1.000000 0.000000
vn 0.000000 -1.000000 0.000000
vn 0.000000 -1.000000 0.000000
vn -0.000000 -1.000000 0.000000
vn 0.000000 -1.000000 0.000000
vn -0.000000 -1.000000 0.000000
vn -0.000000 -1.000000 0.000000
vn 0.000000 -1.000000 0.000000
vn -0.000000 -1.000000 0.000000
vn -0.000000 -1.000000 0.000000
vn 0.000000 -1.000000 0.000000
vn -0.000000 -1.000000 0.000000
vn 0.000000 -1.000000 0.000000
vn 0.000000 -1.000000 0.000000
vn 0.000000 -1.000000 0.000000
vn 0.000000 -1.000000 0.000000
vn 0.000000 -1.000000 0.000000
vn 0.000000 -1.000000 0.000000
vn 0.000000 -1.000000 0.000000
vn 0.000000 -1.000000 0.000000
vn 0.000000 -1.000000 0.000000
vn 0.000000 -1.000000 0.000000
vn 0.000000 -1.000000 0.000000
vn 0.000000 -1.000000 0.000000
vn 0.000000 -1.000000 0.000000
vn 0.000000 -1.000000 0.000000
vn 0.000000 -1.000000 0.000000
vn 0.000000 -1.000000 0.000000
vn 0.000000 -1.000000 0.000000
vn 0.000000 -1.000000 0.000000
vn 0.000000 -1.000000 0.000000
vn 0.000000 -1.000000 0.000000
vn -0.000000 -1.000000 0.000000
vn -0.000000 -1.000000 0.000000
vn 0.000000 -1.000000 0.000000
vn 0.000000 -1.000000 0.000000
vn 0.000000 -1.000000 0.000000
vn 0.000000 -1.000000 0.000000
vn -1.000000 0.000000 0.000000
vn -1.000000 0.000000 -0.000000
vn 0.000000 -1.000000 0.000000
vn 0.000000 -1.000000 0.000000
vn 1.000000 0.000000 0.000000
vn 1.000000 0.000000 -0.000000
vn -1.000000 0.000000 0.000000
vn -1.000000 0.000000 -0.000000
vn -1.000000 -0.000000 0.000000
vn -1.000000 0.000000 -0.000000
vn -1.000000 0.000000 0.000000
vn -1.000000 0.000000 0.000000
vn -0.550926 -0.834554 -0.000000
vn -0.550926 -0.834554 0.000000
vn -0.508970 -0.860785 -0.000000
vn -0.508970 -0.860785 0.000000
vn -0.465676 -0.884955 0.000000
vn -0.465676 -0.884955 -0.000000
vn -0.421321 -0.906912 0.000000
vn -0.421321 -0.906912 -0.000000
vn -0.375940 -0.926644 -0.000000
vn -0.375940 -0.926644 0.000000
vn -0.329574 -0.944130 -0.000000
vn -0.329574 -0.944130 0.000000
vn -0.282433 -0.959287 -0.000000
vn -0.282433 -0.959287 0.000000
vn -0.234635 -0.972084 -0.000000
vn -0.234635 -0.972084 0.000000
vn -0.186202 -0.982512 -0.000000
vn -0.186202 -0.982512 0.000000
vn -0.137340 -0.990524 -0.000000
vn -0.137340 -0.990524 0.000000
vn -0.088130 -0.996109 -0.000000
vn -0.088130 -0.996109 0.000000
vn -0.038693 -0.999251 0.000000
vn -0.038693 -0.999251 -0.000000
vn 0.010786 -0.999942 0.000000
vn 0.010786 -0.999942 0.000000
vn 0.060306 -0.998180 0.000000
vn 0.060306 -0.998180 0.000000
vn 0.109610 -0.993975 0.000000
vn 0.109610 -0.993975 0.000000
vn 0.158700 -0.987327 0.000000
vn 0.158700 -0.987327 0.000000
vn 0.207370 -0.978263 0.000000
vn 0.207370 -0.978263 0.000000
vn 0.255544 -0.966797 0.000000
vn 0.255544 -0.966797 0.000000
vn 0.303124 -0.952951 0.000000
vn 0.303124 -0.952951 0.000000
vn 0.349859 -0.936802 0.000000
vn 0.349859 -0.936802 0.000000
vn 0.395890 -0.918298 0.000000
vn 0.395890 -0.918298 0.000000
vn 0.440828 -0.897592 0.000000
vn 0.440828 -0.897592 0.000000
vn 0.484705 -0.874678 0.000000
vn 0.484705 -0.874678 0.000000
vn 0.527417 -0.849607 0.000000
vn 0.527417 -0.849607 0.000000
vn 0.568821 -0.822462 0.000000
vn 0.568821 -0.822462 0.000000
vn 0.608823 -0.793306 0.000000
vn 0.608823 -0.793306 0.000000
vn 0.647395 -0.762154 0.000000
vn 0.647395 -0.762154 0.000000
vn 0.684322 -0.729180 0.000000
vn 0.684322 -0.729180 0.000000
vn 0.719541 -0.694450 0.000000
vn 0.719541 -0.694450 0.000000
vn 0.753070 -0.657940 0.000000
vn 0.753070 -0.657940 0.000000
vn 0.784693 -0.619884 0.000000
vn 0.784693 -0.619884 0.000000
vn 0.814476 -0.580197 0.000000
vn 0.814476 -0.580197 0.000000
vn 0.842148 -0.539246 0.000000
vn 0.842148 -0.539246 0.000000
vn 0.867809 -0.496897 0.000000
vn 0.867809 -0.496897 0.000000
vn 0.891342 -0.453331 0.000000
vn 0.891342 -0.453331 0.000000
vn 0.912715 -0.408596 0.000000
vn 0.912715 -0.408596 0.000000
vn 0.931796 -0.362982 0.000000
vn 0.931796 -0.362982 0.000000
vn 0.948648 -0.316333 0.000000
vn 0.948648 -0.316333 0.000000
vn 0.963125 -0.269053 0.000000
vn 0.963125 -0.269053 0.000000
vn 0.975277 -0.220984 0.000000
vn 0.975277 -0.220984 0.000000
vn 0.985014 -0.172474 0.000000
vn 0.985014 -0.172474 0.000000
vn 0.992342 -0.123520 0.000000
vn 0.992342 -0.123520 0.000000
vn 0.997242 -0.074219 0.000000
vn 0.999694 -0.024739 0.000000
vn 0.997242 -0.074219 0.000000
vn 0.999694 -0.024739 0.000000
vn 0.999694 0.024739 0.000000
vn 0.997242 0.074219 -0.000000
vn 0.999694 0.024739 0.000000
vn 0.992342 0.123520 -0.000000
vn 0.997242 0.074219 0.000000
vn 0.992342 0.123520 0.000000
vn 0.985014 0.172474 0.000000
vn 0.975277 0.220984 -0.000000
vn 0.985014 0.172474 0.000000
vn 0.963127 0.269048 -0.000000
vn 0.975277 0.220984 0.000000
vn 0.948648 0.316333 -0.000000
vn 0.963127 0.269048 0.000000
vn 0.948648 0.316333 0.000000
vn 0.931793 0.362989 0.000000
vn 0.931793 0.362989 0.000000
vn 0.912712 0.408604 0.000000
vn 0.891351 0.453313 -0.000000
vn 0.912712 0.408604 0.000000
vn 0.867809 0.496897 -0.000000
vn 0.891351 0.453313 0.000000
vn 0.842148 0.539246 -0.000000
vn 0.867809 0.496897 0.000000
vn 0.842148 0.539246 0.000000
vn 0.814469 0.580207 -0.000000
vn 0.814469 0.580207 0.000000
vn 0.784693 0.619884 -0.000000
vn 0.784693 0.619884 0.000000
vn 0.753070 0.657940 -0.000000
vn 0.753070 0.657940 0.000000
vn 0.719541 0.694450 -0.000000
vn 0.719541 0.694450 0.000000
vn 0.684334 0.729169 -0.000000
vn 0.684334 0.729169 0.000000
vn 0.647370 0.762176 -0.000000
vn 0.647370 0.762176 0.000000
vn 0.608823 0.793306 -0.000000
vn 0.608823 0.793306 0.000000
vn 0.568836 0.822451 -0.000000
vn 0.568836 0.822451 0.000000
vn 0.527417 0.849607 -0.000000
vn 0.527417 0.849607 0.000000
vn 0.484705 0.874678 -0.000000
vn 0.484705 0.874678 0.000000
vn 0.440828 0.897592 -0.000000
vn 0.440828 0.897592 0.000000
vn 0.395871 0.918306 -0.000000
vn 0.395871 0.918306 0.000000
vn 0.349879 0.936795 -0.000000
vn 0.303104 0.952958 -0.000000
vn 0.349879 0.936795 0.000000
vn 0.303104 0.952958 0.000000
vn 0.255565 0.966792 -0.000000
vn 0.207370 0.978263 -0.000000
vn 0.255565 0.966792 0.000000
vn 0.158700 0.987327 -0.000000
vn 0.207370 0.978263 0.000000
vn 0.109632 0.993972 -0.000000
vn 0.158700 0.987327 0.000000
vn 0.060284 0.998181 -0.000000
vn 0.109632 0.993972 0.000000
vn 0.010808 0.999942 -0.000000
vn 0.060284 0.998181 0.000000
vn -0.038715 0.999250 0.000000
vn 0.010808 0.999942 0.000000
vn -0.088130 0.996109 0.000000
vn -0.038715 0.999250 0.000000
vn -0.137340 0.990524 0.000000
vn -0.088130 0.996109 0.000000
vn -0.186202 0.982512 0.000000
vn -0.137340 0.990524 0.000000
vn -0.234614 0.972089 0.000000
vn -0.186202 0.982512 0.000000
vn -0.234614 0.972089 0.000000
vn -0.282454 0.959281 0.000000
vn -0.282454 0.959281 0.000000
vn -0.329574 0.944130 0.000000
vn -0.329574 0.944130 0.000000
vn -0.375921 0.926652 0.000000
vn -0.375921 0.926652 0.000000
vn -0.421339 0.906903 0.000000
vn -0.421339 0.906903 0.000000
vn -0.465693 0.884946 0.000000
vn -0.465693 0.884946 0.000000
vn -0.508953 0.860794 0.000000
vn -0.508953 0.860794 0.000000
vn -0.550941 0.834544 0.000000
vn -0.550941 0.834544 0.000000
vn -1.000000 0.000000 0.000000
vn -1.000000 0.000000 -0.000000
vn -1.000000 0.000000 0.000000
vn -1.000000 0.000000 0.000000
vn 0.000000 0.000000 1.000000
vn 0.000000 0.000000 1.000000
vn 0.000000 0.000000 1.000000
vn 0.000000 0.000000 1.000000
vn 0.000000 0.000000 1.000000
vn 0.000000 0.000000 1.000000
vn 0.000000 0.000000 1.000000
vn 0.000000 0.000000 1.000000
vn 0.000000 0.000000 1.000000
vn 0.000000 0.000000 1.000000
vn 0.000000 0.000000 1.000000
vn 0.000000 0.000000 1.000000
vn 0.000000 0.000000 1.000000
vn 0.000000 0.000000 1.000000
vn 0.000000 0.000000 1.000000
vn 0.000000 0.000000 1.000000
vn 0.000000 0.000000 1.000000
vn 0.000000 0.000000 1.000000
vn 0.000000 0.000000 1.000000
vn 0.000000 0.000000 1.000000
vn 0.000000 0.000000 1.000000
vn 0.000000 0.000000 1.000000
vn 0.000000 0.000000 1.000000
vn 0.000000 0.000000 1.000000
vn 0.000000 0.000000 1.000000
vn 0.000000 0.000000 1.000000
vn 0.000000 0.000000 1.000000
vn 0.000000 0.000000 1.000000
vn 0.000000 0.000000 1.000000
vn 0.000000 0.000000 1.000000
vn 0.000000 0.000000 1.000000
vn 0.000000 0.000000 1.000000
vn 0.000000 0.000000 1.000000
vn 0.000000 0.000000 1.000000
vn 0.000000 0.000000 1.000000
vn 0.000000 0.000000 1.000000
vn 0.000000 0.000000 1.000000
vn 0.000000 0.000000 1.000000
vn 0.000000 0.000000 1.000000
vn 0.000000 0.000000 1.000000
vn 0.000000 0.000000 1.000000
vn 0.000000 0.000000 1.000000
vn 0.000000 0.000000 1.000000
vn 0.000000 0.000000 1.000000
vn 0.000000 0.000000 1.000000
vn 0.000000 0.000000 1.000000
vn 0.000000 0.000000 1.000000
vn 0.000000 0.000000 1.000000
vn 0.000000 0.000000 1.000000
vn 0.000000 0.000000 1.000000
vn 0.000000 0.000000 1.000000
vn 0.000000 0.000000 1.000000
vn 0.000000 0.000000 1.000000
vn 0.000000 0.000000 1.000000
vn 0.000000 0.000000 1.000000
vn 0.000000 0.000000 1.000000
vn 0.000000 0.000000 1.000000
vn 0.000000 0.000000 1.000000
vn 0.000000 0.000000 1.000000
vn 0.000000 0.000000 1.000000
vn 0.000000 0.000000 1.000000
vn 0.000000 0.000000 1.000000
vn 0.000000 0.000000 1.000000
vn 0.000000 0.000000 1.000000
vn 0.000000 0.000000 1.000000
vn 0.000000 0.000000 1.000000
vn 0.000000 0.000000 1.000000
vn 0.000000 0.000000 1.000000
vn 0.000000 0.000000 1.000000
vn 0.000000 0.000000 1.000000
vn 0.000000 0.000000 1.000000
vn 0.000000 0.000000 1.000000
vn 0.000000 0.000000 1.000000
vn 0.000000 0.000000 1.000000
vn 0.000000 0.000000 1.000000
vn 0.000000 0.000000 1.000000
vn 0.000000 0.000000 1.000000
vn 0.000000 0.000000 1.000000
vn 0.000000 0.000000 1.000000
vn 0.000000 0.000000 1.000000
vn 0.000000 0.000000 1.000000
vn 0.000000 0.000000 1.000000
vn 0.000000 0.000000 1.000000
vn 0.000000 0.000000 1.000000
vn 0.000000 0.000000 1.000000
vn 0.000000 0.000000 1.000000
vn 0.000000 0.000000 1.000000
vn 0.000000 0.000000 1.000000
vn 0.000000 0.000000 1.000000
vn 0.000000 0.000000 1.000000
vn 0.000000 0.000000 1.000000
vn 0.000000 0.000000 1.000000
vn 0.000000 0.000000 1.000000
vn 0.000000 0.000000 1.000000
vn 0.000000 0.000000 1.000000
vn 0.000000 0.000000 1.000000
vn 0.000000 0.000000 1.000000
vn 0.000000 0.000000 1.000000
vn 0.000000 0.000000 1.000000
vn 0.000000 0.000000 1.000000
vn 0.000000 0.000000 1.000000
vn 0.000000 0.000000 1.000000
vn 0.000000 0.000000 1.000000
vn 0.000000 0.000000 1.000000
vn 0.000000 0.000000 1.000000
vn 0.000000 0.000000 1.000000
vn 0.000000 0.000000 1.000000
vn 0.000000 0.000000 1.000000
vn 0.000000 0.000000 1.000000
vn 0.000000 0.000000 1.000000
vn 0.000000 0.000000 1.000000
vn 0.000000 0.000000 1.000000
vn 0.000000 0.000000 1.000000
vn 0.000000 0.000000 1.000000
vn 0.000000 0.000000 1.000000
vn 0.000000 0.000000 1.000000
vn 0.000000 0.000000 1.000000
vn 0.000000 0.000000 1.000000
vn 0.000000 0.000000 1.000000
vn 0.000000 0.000000 1.000000
vn 0.000000 0.000000 1.000000
vn 0.000000 0.000000 1.000000
vn 0.000000 0.000000 1.000000
vn 0.000000 0.000000 1.000000
vn 0.000000 0.000000 1.000000
vn 0.000000 0.000000 1.000000
vn 0.000000 0.000000 1.000000
vn 0.000000 0.000000 1.000000
vn 0.000000 0.000000 1.000000
vn 0.000000 0.000000 1.000000
vn 0.000000 0.000000 1.000000
vn 0.000000 0.000000 1.000000
vn 0.000000 0.000000 1.000000
vn 0.000000 0.000000 1.000000
vn 0.000000 0.000000 1.000000
vn 0.000000 0.000000 1.000000
vn 0.000000 0.000000 1.000000
vn 0.000000 -0.000000 1.000000
vn 0.000000 0.000000 1.000000
vn 0.000000 0.000000 1.000000
vn 0.000000 0.000000 1.000000
vn 0.000000 0.000000 1.000000
vn -0.000000 1.000000 0.000000
vn 0.000000 1.000000 0.000000
vn -0.000000 1.000000 0.000000
vn 0.000000 1.000000 0.000000
vn -0.000000 1.000000 0.000000
vn 0.000000 1.000000 0.000000
vn -0.000000 1.000000 0.000000
vn 0.000000 1.000000 0.000000
vn -0.000000 1.000000 0.000000
vn 0.000000 1.000000 0.000000
vn -0.000000 1.000000 0.000000
vn 0.000000 1.000000 0.000000
vn 0.000000 1.000000 0.000000
vn -0.000000 1.000000 0.000000
vn 0.000000 1.000000 0.000000
vn 0.000000 1.000000 0.000000
vn 0.000000 1.000000 0.000000
vn -0.000000 1.000000 0.000000
vn 0.000000 1.000000 0.000000
vn 0.000000 1.000000 0.000000
vn 0.000000 1.000000 -0.000000
vn -0.000000 1.000000 0.000000
vn -0.000000 1.000000 0.000000
vn 0.000000 1.000000 0.000000
vn -0.000000 1.000000 0.000000
vn 0.000000 1.000000 0.000000
vn -0.000000 1.000000 0.000000
vn -0.000000 1.000000 0.000000
vn 0.000000 1.000000 -0.000000
vn 0.000000 1.000000 0.000000
vn 0.000000 1.000000 0.000000
vn -0.000000 1.000000 0.000000
vn 0.000000 1.000000 -0.000000
vn 0.000000 1.000000 0.000000
vn 0.000000 1.000000 0.000000
vn -0.000000 1.000000 0.000000
vn 0.000000 1.000000 -0.000000
vn 0.000000 1.000000 0.000000
vn -0.000000 1.000000 0.000000
vn -0.000000 1.000000 0.000000
vn -0.000000 1.000000 0.000000
vn 0.000000 1.000000 0.000000
vn 0.000000 1.000000 0.000000
vn -0.000000 1.000000 0.000000
vn -0.000000 1.000000 0.000000
vn 0.000000 1.000000 0.000000
vn 0.000000 1.000000 0.000000
vn -0.000000 1.000000 0.000000
vn -0.000000 1.000000 0.000000
vn -0.000000 1.000000 0.000000
vn 0.000000 1.000000 0.000000
vn 0.000000 1.000000 0.000000
vn 0.000000 0.000000 1.000000
vn 0.000000 0.000000 1.000000
vn 0.000000 0.000000 1.000000
vn 0.000000 -1.000000 0.000000
vn -0.000000 -1.000000 0.000000
vn 0.000000 -1.000000 0.000000
vn 0.000000 -1.000000 -0.000000
vn 0.000000 -1.000000 0.000000
vn -0.000000 -1.000000 0.000000
vn 0.000000 -1.000000 0.000000
vn 0.000000 -1.000000 -0.000000
vn 0.000000 -1.000000 0.000000
vn -0.000000 -1.000000 0.000000
vn 0.000000 -1.000000 0.000000
vn -0.000000 -1.000000 0.000000
vn 0.000000 -1.000000 -0.000000
vn 0.000000 -1.000000 -0.000000
vn -0.000000 -1.000000 0.000000
vn -0.000000 -1.000000 0.000000
vn 0.000000 -1.000000 -0.000000
vn 0.000000 -1.000000 0.000000
vn 0.000000 -1.000000 0.000000
vn -0.000000 -1.000000 0.000000
vn 0.000000 -1.000000 0.000000
vn 0.000000 -1.000000 -0.000000
vn 0.000000 -1.000000 -0.000000
vn -0.000000 -1.000000 0.000000
vn 0.000000 -1.000000 0.000000
vn -0.000000 -1.000000 0.000000
vn -0.000000 -1.000000 0.000000
vn 0.000000 -1.000000 -0.000000
vn 0.000000 -1.000000 -0.000000
vn -0.000000 -1.000000 0.000000
vn 0.000000 -1.000000 -0.000000
vn 0.000000 -1.000000 0.000000
vn -0.000000 -1.000000 0.000000
vn 0.000000 -1.000000 0.000000
vn 0.000000 -1.000000 0.000000
vn 0.000000 -1.000000 0.000000
vn 0.000000 -1.000000 -0.000000
vn 0.000000 -1.000000 0.000000
vn -0.000000 -1.000000 0.000000
vn -0.000000 -1.000000 0.000000
vn 0.000000 -1.000000 0.000000
vn 0.000000 -1.000000 -0.000000
vn -0.000000 -1.000000 0.000000
vn 0.000000 -1.000000 0.000000
vn 0.000000 -1.000000 0.000000
vn 0.000000 -1.000000 0.000000
vn 0.000000 -1.000000 -0.000000
vn 0.000000 -1.000000 0.000000
vn -0.000000 -1.000000 0.000000
vn 0.000000 -1.000000 0.000000
vn -0.000000 -1.000000 0.000000
vn 0.000000 -1.000000 -0.000000
vn -1.000000 0.000000 0.000000
vn -1.000000 0.000000 0.000000
vn -1.000000 0.000000 0.000000
vn -1.000000 0.000000 0.000000
vn -1.000000 0.000000 0.000000
vn -1.000000 0.000000 0.000000
vn -1.000000 0.000000 0.000000
vn -1.000000 0.000000 0.000000
vn -1.000000 0.000000 0.000000
vn 0.000000 0.000000 1.000000
vn 0.000000 0.000000 1.000000
vn 0.000000 0.000000 1.000000
vn 0.000000 0.000000 1.000000
vn -1.000000 0.000000 0.000000
vn -1.000000 0.000000 0.000000
vn 0.000000 0.000000 1.000000
vn 0.000000 0.000000 1.000000
vn -0.766045 0.000000 0.642788
vn -0.766044 0.000000 0.642788
vn -0.766044 0.000000 0.642788
vn -0.766045 0.000000 0.642788
vn -0.766045 0.000000 0.642788
vn -0.766045 -0.000000 0.642788
vn 0.000000 -1.000000 0.000000
vn -0.000000 -1.000000 0.000000
vn 0.000000 -1.000000 0.000000
vn -0.000000 -1.000000 0.000000
vn 0.000000 -1.000000 0.000000
vn -0.000000 -1.000000 0.000000
vn 0.000000 -1.000000 0.000000
vn -0.000000 -1.000000 0.000000
vn -0.000000 -1.000000 0.000000
vn -0.000000 -1.000000 0.000000
vn -0.000000 -1.000000 0.000000
vn -0.000000 -1.000000 0.000000
vn 0.000000 -1.000000 0.000000
vn 0.000000 -1.000000 0.000000
vn 0.000000 -1.000000 0.000000
vn 0.000000 -1.000000 0.000000
vn 0.000000 -1.000000 0.000000
vn 0.000000 -1.000000 0.000000
vn 0.000000 -1.000000 0.000000
vn 0.000000 -1.000000 0.000000
vn 0.000000 -1.000000 0.000000
vn 0.000000 -1.000000 0.000000
vn 0.000000 -1.000000 0.000000
vn 0.000000 -1.000000 0.000000
vn 0.000000 -1.000000 0.000000
vn 0.000000 -1.000000 0.000000
vn 0.000000 -1.000000 0.000000
vn 0.000000 -1.000000 0.000000
vn 0.000000 -1.000000 0.000000
vn 0.000000 -1.000000 0.000000
vn 0.000000 -1.000000 0.000000
vn 0.000000 -1.000000 0.000000
vn 0.000000 -1.000000 0.000000
vn 0.000000 -1.000000 0.000000
vn 0.000000 -1.000000 0.000000
vn 0.000000 -1.000000 0.000000
vn 0.000000 -1.000000 0.000000
vn 0.000000 -1.000000 0.000000
vn 0.000000 -1.000000 0.000000
vn 0.000000 -1.000000 0.000000
vn 0.000000 -1.000000 0.000000
vn 0.000000 -1.000000 0.000000
vn 0.000000 -1.000000 0.000000
vn 0.000000 -1.000000 0.000000
vn 0.000000 -1.000000 0.000000
vn 0.000000 -1.000000 0.000000
vn 0.000000 -1.000000 0.000000
vn 0.000000 -1.000000 0.000000
vn 0.000000 -1.000000 0.000000
vn 0.000000 -1.000000 0.000000
vn 0.000000 -1.000000 0.000000
vn 0.000000 -1.000000 0.000000
vn 0.000000 -1.000000 0.000000
vn 0.000000 -1.000000 0.000000
vn 0.000000 -1.000000 0.000000
vn 0.000000 -1.000000 0.000000
vn 0.000000 -1.000000 0.000000
vn 0.000000 -1.000000 0.000000
vn 0.000000 -1.000000 0.000000
vn 0.000000 -1.000000 0.000000
vn 0.000000 -1.000000 0.000000
vn 0.000000 -1.000000 0.000000
vn 0.000000 -1.000000 0.000000
vn 0.000000 -1.000000 0.000000
vn 0.000000 -1.000000 0.000000
vn 0.000000 -1.000000 0.000000
vn 0.000000 -1.000000 0.000000
vn 0.000000 -1.000000 0.000000
vn 0.000000 -1.000000 0.000000
vn 0.000000 -1.000000 0.000000
vn 0.000000 -1.000000 0.000000
vn 0.000000 -1.000000 0.000000
vn 0.000000 -1.000000 0.000000
vn 0.000000 -1.000000 0.000000
vn 0.000000 -1.000000 0.000000
vn 0.000000 -1.000000 0.000000
vn 0.000000 -1.000000 0.000000
vn 0.000000 -1.000000 0.000000
vn 0.000000 -1.000000 0.000000
vn 0.000000 -1.000000 0.000000
vn 0.000000 -1.000000 0.000000
vn 0.000000 -1.000000 0.000000
vn 0.000000 -1.000000 0.000000
vn 0.000000 -1.000000 0.000000
vn 0.000000 -1.000000 0.000000
vn -0.000000 -1.000000 0.000000
vn 0.000000 -1.000000 0.000000
vn -0.992709 0.000000 -0.120536
vn -0.992709 0.000000 -0.120536
vn -0.992709 0.000000 -0.120536
vn -0.935016 0.000000 -0.354606
vn -0.935016 0.000000 -0.354606
vn -0.822984 0.000000 -0.568065
vn -0.822984 0.000000 -0.568065
vn -0.663122 0.000000 -0.748511
vn -0.663122 0.000000 -0.748511
vn -0.464723 0.000000 -0.885456
vn -0.464723 0.000000 -0.885456
vn -0.239316 0.000000 -0.970942
vn -0.000000 -0.000000 -1.000000
vn -0.239316 0.000000 -0.970942
vn 0.000000 0.000000 -1.000000
vn 0.239316 0.000000 -0.970942
vn 0.239316 0.000000 -0.970942
vn 0.464723 0.000000 -0.885456
vn 0.464723 0.000000 -0.885456
vn 0.663122 0.000000 -0.748511
vn 0.663122 0.000000 -0.748511
vn 0.822984 0.000000 -0.568065
vn 0.822984 0.000000 -0.568065
vn 0.935016 0.000000 -0.354606
vn 0.935016 0.000000 -0.354606
vn 0.992709 0.000000 -0.120536
vn 0.992709 0.000000 -0.120536
vn 0.992709 -0.000000 0.120536
vn 0.992709 0.000000 0.120536
vn 0.935016 -0.000000 0.354606
vn 0.935016 0.000000 0.354606
vn 0.822984 -0.000000 0.568065
vn 0.822984 0.000000 0.568065
vn 0.663123 -0.000000 0.748511
vn 0.663123 0.000000 0.748511
vn 0.464722 -0.000000 0.885457
vn 0.464722 0.000000 0.885457
vn 0.239316 -0.000000 0.970942
vn 0.239316 0.000000 0.970942
vn 0.000000 0.000000 1.000000
vn -0.000000 0.000000 1.000000
vn -0.239316 0.000000 0.970942
vn -0.239316 0.000000 0.970942
vn -0.464722 0.000000 0.885457
vn -0.464722 0.000000 0.885457
vn -0.663123 0.000000 0.748511
vn -0.663123 0.000000 0.748511
vn -0.822984 0.000000 0.568065
vn -0.822984 0.000000 0.568065
vn -0.992709 0.000000 0.120536
vn -0.935016 0.000000 0.354606
vn -0.935016 0.000000 0.354606
vn -0.992709 0.000000 0.120536
vn -0.992709 0.000000 0.120536
vn -0.992709 0.000000 -0.120535
vn -0.992709 0.000000 -0.120535
vn -0.935014 0.000000 -0.354611
vn -0.935014 0.000000 -0.354611
vn -0.822985 0.000000 -0.568063
vn -0.822985 0.000000 -0.568063
vn -0.663124 0.000000 -0.748509
vn -0.663124 0.000000 -0.748509
vn -0.464721 0.000000 -0.885457
vn -0.464721 0.000000 -0.885457
vn -0.239317 0.000000 -0.970941
vn -0.239317 0.000000 -0.970941
vn -0.000000 0.000000 -1.000000
vn 0.000000 0.000000 -1.000000
vn 0.239317 0.000000 -0.970941
vn 0.464721 0.000000 -0.885457
vn 0.239317 0.000000 -0.970941
vn 0.464721 0.000000 -0.885457
vn 0.663124 0.000000 -0.748509
vn 0.822985 0.000000 -0.568063
vn 0.663124 0.000000 -0.748509
vn 0.822985 0.000000 -0.568063
vn 0.935014 0.000000 -0.354611
vn 0.935014 0.000000 -0.354611
vn 0.992709 0.000000 -0.120535
vn 0.992709 0.000000 -0.120535
vn 0.992709 0.000000 0.120535
vn 0.992709 0.000000 0.120535
vn 0.935014 -0.000000 0.354610
vn 0.935014 0.000000 0.354610
vn 0.822984 -0.000000 0.568064
vn 0.822984 0.000000 0.568064
vn 0.663123 0.000000 0.748510
vn 0.663123 0.000000 0.748510
vn 0.464723 -0.000000 0.885456
vn 0.464723 0.000000 0.885456
vn 0.239316 0.000000 0.970942
vn 0.239316 0.000000 0.970942
vn 0.000000 0.000000 1.000000
vn -0.000000 0.000000 1.000000
vn -0.239316 0.000000 0.970942
vn -0.239316 0.000000 0.970942
vn -0.464723 0.000000 0.885456
vn -0.464723 0.000000 0.885456
vn -0.663123 0.000000 0.748510
vn -0.663123 0.000000 0.748510
vn -0.822984 0.000000 0.568064
vn -0.822984 0.000000 0.568064
vn -0.935014 0.000000 0.354610
vn -0.992709 0.000000 0.120535
vn -0.935014 0.000000 0.354610
vn -0.992709 0.000000 0.120535
vn -0.707107 -0.707107 0.000000
vn -0.707107 -0.707107 0.000000
vn 1.000000 0.000000 0.000000
vn 1.000000 -0.000000 0.000000
vn 1.000000 -0.000000 0.000000
vn 1.000000 0.000000 0.000000
vn 1.000000 0.000000 0.000000
vn 1.000000 -0.000000 0.000000
vn 1.000000 0.000000 0.000000
vn 1.000000 0.000000 0.000000
vn 1.000000 -0.000000 0.000000
vn -0.000000 -0.819152 -0.573577
vn 0.000000 -0.819152 -0.573577
vn 0.000000 0.000000 1.000000
vn 0.000000 0.000000 1.000000
vn 0.000000 0.000000 1.000000
vn 0.000000 0.000000 1.000000
vn 0.000000 0.000000 1.000000
vn 0.000000 0.000000 1.000000
vn 0.000000 0.000000 1.000000
vn 0.000000 0.000000 1.000000
vn 0.000000 0.000000 1.000000
vn 0.000000 0.000000 1.000000
vn 0.000000 0.000000 1.000000
vn 0.000000 0.000000 1.000000
vn 0.000000 0.000000 1.000000
vn 0.000000 0.000000 1.000000
vn 0.000000 0.000000 1.000000
vn 0.000000 0.000000 1.000000
vn 0.000000 0.000000 1.000000
vn 0.000000 0.000000 1.000000
vn 0.000000 0.000000 1.000000
vn 0.000000 0.000000 1.000000
vn 0.000000 0.000000 1.000000
vn 0.000000 0.000000 1.000000
vn 0.000000 0.000000 1.000000
vn 0.000000 0.000000 1.000000
vn 0.000000 0.000000 1.000000
vn 0.000000 0.000000 1.000000
vn 0.000000 0.000000 1.000000
vn 0.000000 0.000000 1.000000
vn 0.000000 0.000000 1.000000
vn 0.000000 0.000000 1.000000
vn 0.000000 0.000000 1.000000
vn 0.000000 0.000000 1.000000
vn 0.000000 0.000000 1.000000
vn 0.000000 0.000000 1.000000
vn 0.000000 0.000000 1.000000
vn 0.000000 0.000000 1.000000
vn 0.000000 0.000000 1.000000
vn 0.000000 0.000000 1.000000
vn 0.000000 0.000000 1.000000
vn 0.000000 0.000000 1.000000
vn 0.000000 0.000000 1.000000
vn 0.000000 0.000000 1.000000
vn 0.000000 0.000000 1.000000
vn 0.000000 0.000000 1.000000
vn 0.000000 0.000000 1.000000
vn 0.000000 0.000000 1.000000
vn 0.000000 0.000000 1.000000
vn 0.000000 0.000000 1.000000
vn 0.000000 0.000000 1.000000
vn 0.000000 0.000000 1.000000
vn 0.000000 0.000000 1.000000
vn 0.000000 0.000000 1.000000
vn 1.000000 0.000000 0.000000
vn 1.000000 0.000000 0.000000
vn 1.000000 0.000000 -0.000000
vn 1.000000 0.000000 0.000000
vn 1.000000 0.000000 0.000000
vn 1.000000 0.000000 -0.000000
vn 1.000000 0.000000 0.000000
vn 1.000000 0.000000 0.000000
vn 1.000000 0.000000 0.000000
vn 1.000000 0.000000 -0.000000
vn 1.000000 0.000000 -0.000000
vn 1.000000 0.000000 0.000000
vn 1.000000 0.000000 0.000000
vn 1.000000 0.000000 -0.000000
vn 1.000000 0.000000 -0.000000
vn 1.000000 0.000000 0.000000
vn 1.000000 0.000000 0.000000
vn 1.000000 0.000000 0.000000
vn 1.000000 0.000000 -0.000000
vn 1.000000 0.000000 0.000000
vn 1.000000 0.000000 0.000000
vn 1.000000 0.000000 0.000000
vn 1.000000 0.000000 0.000000
vn 1.000000 0.000000 -0.000000
vn 1.000000 0.000000 -0.000000
vn 1.000000 0.000000 0.000000
vn 1.000000 0.000000 0.000000
vn 1.000000 0.000000 0.000000
vn 1.000000 0.000000 -0.000000
vn 1.000000 0.000000 0.000000
vn 1.000000 0.000000 0.000000
vn 1.000000 0.000000 0.000000
vn 1.000000 0.000000 0.000000
vn 1.000000 0.000000 0.000000
vn 1.000000 0.000000 -0.000000
vn 1.000000 0.000000 0.000000
vn 1.000000 0.000000 0.000000
vn 1.000000 0.000000 0.000000
vn 1.000000 0.000000 0.000000
vn 1.000000 0.000000 -0.000000
vn 1.000000 0.000000 -0.000000
vn 1.000000 0.000000 -0.000000
vn 1.000000 0.000000 0.000000
vn 1.000000 0.000000 0.000000
vn 1.000000 0.000000 0.000000
vn 1.000000 0.000000 -0.000000
vn 1.000000 0.000000 0.000000
vn 1.000000 0.000000 -0.000000
vn 1.000000 0.000000 0.000000
vn 1.000000 0.000000 0.000000
vn 1.000000 0.000000 0.000000
vn 1.000000 0.000000 -0.000000
vn 1.000000 0.000000 0.000000
vn 1.000000 0.000000 -0.000000
vn 1.000000 0.000000 0.000000
vn 1.000000 0.000000 0.000000
vn 1.000000 0.000000 0.000000
vn 1.000000 0.000000 -0.000000
vn 1.000000 0.000000 0.000000
vn 1.000000 0.000000 0.000000
vn 1.000000 0.000000 0.000000
vn 1.000000 0.000000 -0.000000
vn 1.000000 0.000000 -0.000000
vn 1.000000 0.000000 0.000000
vn 1.000000 0.000000 0.000000
vn 1.000000 0.000000 -0.000000
vn 1.000000 0.000000 -0.000000
vn 1.000000 0.000000 0.000000
vn 1.000000 0.000000 0.000000
vn 1.000000 0.000000 0.000000
vn 1.000000 0.000000 -0.000000
vn 1.000000 0.000000 0.000000
vn 1.000000 0.000000 0.000000
vn 1.000000 0.000000 0.000000
vn 1.000000 0.000000 0.000000
vn 1.000000 0.000000 -0.000000
vn 1.000000 0.000000 -0.000000
vn 1.000000 0.000000 0.000000
vn 1.000000 0.000000 0.000000
vn 1.000000 0.000000 0.000000
vn 1.000000 0.000000 0.000000
vn 1.000000 0.000000 -0.000000
vn 1.000000 0.000000 0.000000
vn 1.000000 0.000000 0.000000
vn 1.000000 0.000000 0.000000
vn 1.000000 0.000000 0.000000
vn 1.000000 0.000000 -0.000000
vn 1.000000 0.000000 0.000000
vn 1.000000 0.000000 0.000000
vn 1.000000 0.000000 0.000000
vn 1.000000 0.000000 0.000000
vn 1.000000 0.000000 -0.000000
vn 1.000000 0.000000 -0.000000
vn 1.000000 0.000000 0.000000
vn 1.000000 0.000000 -0.000000
vn 1.000000 0.000000 0.000000
vn 1.000000 0.000000 -0.000000
vn 1.000000 0.000000 0.000000
vn 1.000000 0.000000 0.000000
vn 1.000000 0.000000 -0.000000
vn 1.000000 0.000000 0.000000
vn 1.000000 0.000000 0.000000
vn 1.000000 0.000000 0.000000
vn 1.000000 0.000000 -0.000000
vn -1.000000 0.000000 -0.000000
vn -1.000000 0.000000 -0.000000
vn -1.000000 -0.000000 0.000000
vn -1.000000 0.000000 0.000000
vn -1.000000 0.000000 0.000000
vn -1.000000 0.000000 -0.000000
vn -1.000000 -0.000000 0.000000
vn -1.000000 0.000000 -0.000000
vn -1.000000 0.000000 -0.000000
vn -1.000000 -0.000000 0.000000
vn -1.000000 -0.000000 0.000000
vn -1.000000 0.000000 -0.000000
vn -1.000000 0.000000 0.000000
vn -1.000000 0.000000 0.000000
vn -1.000000 -0.000000 -0.000000
vn -1.000000 0.000000 0.000000
vn -1.000000 0.000000 0.000000
vn -1.000000 0.000000 -0.000000
vn -1.000000 -0.000000 0.000000
vn -1.000000 0.000000 -0.000000
vn -1.000000 0.000000 0.000000
vn -1.000000 0.000000 -0.000000
vn -1.000000 -0.000000 0.000000
vn -1.000000 0.000000 0.000000
vn -1.000000 0.000000 0.000000
vn -1.000000 -0.000000 0.000000
vn -1.000000 0.000000 0.000000
vn -1.000000 0.000000 -0.000000
vn -1.000000 0.000000 0.000000
vn -1.000000 -0.000000 0.000000
vn -1.000000 0.000000 -0.000000
vn -1.000000 0.000000 0.000000
vn -1.000000 0.000000 -0.000000
vn -1.000000 -0.000000 0.000000
vn -1.000000 0.000000 -0.000000
vn -1.000000 0.000000 0.000000
vn -1.000000 0.000000 0.000000
vn -1.000000 0.000000 -0.000000
vn -1.000000 -0.000000 -0.000000
vn -1.000000 0.000000 0.000000
vn -1.000000 0.000000 -0.000000
vn -1.000000 0.000000 -0.000000
vn -1.000000 -0.000000 0.000000
vn -1.000000 0.000000 -0.000000
vn -1.000000 0.000000 -0.000000
vn -1.000000 0.000000 0.000000
vn -1.000000 0.000000 -0.000000
vn -1.000000 0.000000 -0.000000
vn -1.000000 -0.000000 0.000000
vn -1.000000 0.000000 -0.000000
vn -1.000000 0.000000 0.000000
vn -1.000000 -0.000000 0.000000
vn -1.000000 0.000000 -0.000000
vn -1.000000 0.000000 -0.000000
vn -1.000000 -0.000000 0.000000
vn -1.000000 0.000000 0.000000
vn -1.000000 0.000000 0.000000
vn -1.000000 0.000000 -0.000000
vn -1.000000 -0.000000 0.000000
vn -1.000000 0.000000 -0.000000
vn -1.000000 0.000000 -0.000000
vn -1.000000 -0.000000 0.000000
vn -1.000000 -0.000000 0.000000
vn -1.000000 0.000000 -0.000000
vn -1.000000 0.000000 0.000000
vn -1.000000 0.000000 0.000000
vn -1.000000 -0.000000 -0.000000
vn -1.000000 0.000000 0.000000
vn -1.000000 0.000000 0.000000
vn -1.000000 0.000000 -0.000000
vn -1.000000 -0.000000 0.000000
vn -1.000000 0.000000 -0.000000
vn -1.000000 0.000000 0.000000
vn -1.000000 0.000000 -0.000000
vn -1.000000 -0.000000 0.000000
vn -1.000000 0.000000 0.000000
vn -1.000000 0.000000 0.000000
vn -1.000000 -0.000000 0.000000
vn -1.000000 0.000000 0.000000
vn -1.000000 0.000000 -0.000000
vn -1.000000 0.000000 0.000000
vn -1.000000 -0.000000 0.000000
vn -1.000000 0.000000 -0.000000
vn -1.000000 0.000000 0.000000
vn -1.000000 0.000000 -0.000000
vn -1.000000 -0.000000 0.000000
vn -1.000000 0.000000 -0.000000
vn -1.000000 0.000000 0.000000
vn -1.000000 0.000000 0.000000
vn -1.000000 0.000000 -0.000000
vn -1.000000 -0.000000 -0.000000
vn -1.000000 0.000000 0.000000
vn -1.000000 0.000000 -0.000000
vn -1.000000 0.000000 -0.000000
vn -1.000000 -0.000000 0.000000
vn -1.000000 0.000000 -0.000000
vn -1.000000 0.000000 -0.000000
vn -1.000000 0.000000 0.000000
vn -1.000000 0.000000 -0.000000
vn -1.000000 0.000000 -0.000000
vn -1.000000 -0.000000 0.000000
vn -1.000000 0.000000 -0.000000
vn -1.000000 0.000000 0.000000
vn -1.000000 -0.000000 0.000000
vn -0.992709 -0.120537 -0.000000
vn -0.992709 -0.120537 0.000000
vn -0.935016 -0.354604 0.000000
vn -0.935016 -0.354604 -0.000000
vn -0.822984 -0.568065 0.000000
vn -0.822984 -0.568065 -0.000000
vn -0.663122 -0.748511 0.000000
vn -0.663122 -0.748511 -0.000000
vn -0.464723 -0.885456 0.000000
vn -0.464723 -0.885456 -0.000000
vn -0.239316 -0.970942 0.000000
vn -0.239316 -0.970942 -0.000000
vn 0.000000 -1.000000 0.000000
vn 0.239316 -0.970942 0.000000
vn -0.000000 -1.000000 -0.000000
vn 0.239316 -0.970942 0.000000
vn 0.464723 -0.885456 0.000000
vn 0.464723 -0.885456 0.000000
vn 0.663122 -0.748511 0.000000
vn 0.663122 -0.748511 0.000000
vn 0.822984 -0.568065 0.000000
vn 0.822984 -0.568065 0.000000
vn 0.935016 -0.354604 0.000000
vn 0.935016 -0.354604 0.000000
vn 0.992709 -0.120537 0.000000
vn 0.992709 -0.120537 0.000000
vn 0.992709 0.120537 0.000000
vn 0.992709 0.120537 0.000000
vn 0.935016 0.354605 0.000000
vn 0.935016 0.354605 0.000000
vn 0.822984 0.568065 0.000000
vn 0.822984 0.568065 0.000000
vn 0.663123 0.748511 0.000000
vn 0.663123 0.748511 0.000000
vn 0.464723 0.885456 0.000000
vn 0.464723 0.885456 0.000000
vn 0.239316 0.970942 0.000000
vn 0.239316 0.970942 0.000000
vn -0.000000 1.000000 0.000000
vn 0.000000 1.000000 0.000000
vn -0.239316 0.970942 0.000000
vn -0.239316 0.970942 0.000000
vn -0.464723 0.885456 0.000000
vn -0.464723 0.885456 0.000000
vn -0.663123 0.748511 0.000000
vn -0.663123 0.748511 0.000000
vn -0.822984 0.568065 0.000000
vn -0.822984 0.568065 0.000000
vn -0.935016 0.354605 0.000000
vn -0.935016 0.354605 0.000000
vn -0.992709 0.120537 0.000000
vn -0.992709 0.120537 0.000000
vn 0.000000 -1.000000 0.000000
vn 0.000000 -1.000000 0.000000
vn -0.996399 -0.084790 -0.000000
vn -0.996399 -0.084790 0.000000
vn -0.967731 -0.251986 0.000000
vn -0.967731 -0.251986 -0.000000
vn -0.911231 -0.411896 0.000000
vn -0.911231 -0.411896 -0.000000
vn -0.828510 -0.559975 0.000000
vn -0.828510 -0.559975 -0.000000
vn -0.721951 -0.691945 0.000000
vn -0.721951 -0.691945 -0.000000
vn -0.594632 -0.803998 -0.000000
vn -0.594632 -0.803998 0.000000
vn -0.450203 -0.892926 -0.000000
vn -0.450203 -0.892926 0.000000
vn -0.292822 -0.956167 -0.000000
vn -0.292822 -0.956167 0.000000
vn -0.127020 -0.991900 -0.000000
vn -0.127020 -0.991900 0.000000
vn 0.042442 -0.999099 0.000000
vn 0.042442 -0.999099 0.000000
vn 0.210674 -0.977556 0.000000
vn 0.210674 -0.977556 0.000000
vn 0.372860 -0.927888 0.000000
vn 0.372860 -0.927888 0.000000
vn 0.524300 -0.851533 0.000000
vn 0.524300 -0.851533 0.000000
vn 0.660685 -0.750663 0.000000
vn 0.660685 -0.750663 0.000000
vn 0.778040 -0.628215 0.000000
vn 0.778040 -0.628215 0.000000
vn 0.872997 -0.487725 0.000000
vn 0.872997 -0.487725 0.000000
vn 0.942880 -0.333134 0.000000
vn 0.942880 -0.333134 0.000000
vn 0.985617 -0.168996 0.000000
vn 0.985617 -0.168996 0.000000
vn 1.000000 0.000000 0.000000
vn 1.000000 0.000000 0.000000
vn 0.985617 0.168996 0.000000
vn 0.942880 0.333134 -0.000000
vn 0.985617 0.168996 0.000000
vn 0.942880 0.333134 0.000000
vn 0.872997 0.487725 0.000000
vn 0.872997 0.487725 0.000000
vn 0.778040 0.628215 0.000000
vn 0.778040 0.628215 0.000000
vn 0.660685 0.750663 0.000000
vn 0.660685 0.750663 0.000000
vn 0.524300 0.851533 0.000000
vn 0.524300 0.851533 0.000000
vn 0.372861 0.927887 0.000000
vn 0.372861 0.927887 0.000000
vn 0.210674 0.977556 0.000000
vn 0.042442 0.999099 -0.000000
vn 0.210674 0.977556 0.000000
vn -0.127020 0.991900 0.000000
vn 0.042442 0.999099 0.000000
vn -0.127020 0.991900 0.000000
vn -0.292821 0.956167 0.000000
vn -0.292821 0.956167 0.000000
vn -0.450203 0.892926 0.000000
vn -0.450203 0.892926 0.000000
vn -0.594632 0.803998 0.000000
vn -0.721950 0.691945 0.000000
vn -0.594632 0.803998 0.000000
vn -0.721950 0.691945 0.000000
vn -0.828510 0.559975 0.000000
vn -0.828510 0.559975 0.000000
vn -0.911231 0.411897 0.000000
vn -0.911231 0.411897 0.000000
vn -0.967731 0.251986 0.000000
vn -0.967731 0.251986 0.000000
vn -0.996399 0.084790 0.000000
vn -0.996399 0.084790 0.000000
vn 1.000000 0.000000 -0.000000
vn 1.000000 0.000000 0.000000
vn 1.000000 0.000000 0.000000
vn 1.000000 0.000000 0.000000
vn 1.000000 0.000000 0.000000
vn 1.000000 0.000000 0.000000
vn 1.000000 0.000000 0.000000
vn 1.000000 0.000000 0.000000
vn 1.000000 0.000000 -0.000000
vn 1.000000 0.000000 0.000000
vn 1.000000 0.000000 -0.000000
vn 1.000000 0.000000 -0.000000
vn 1.000000 0.000000 0.000000
vn 1.000000 0.000000 0.000000
vn 1.000000 0.000000 -0.000000
vn 1.000000 0.000000 -0.000000
vn 1.000000 0.000000 -0.000000
vn 1.000000 -0.000000 -0.000000
vn 1.000000 0.000000 0.000000
vn 1.000000 0.000000 0.000000
vn 1.000000 0.000000 0.000000
vn 1.000000 0.000000 0.000000
vn 1.000000 0.000000 0.000000
vn 1.000000 0.000000 0.000000
vn 1.000000 0.000000 0.000000
vn 1.000000 0.000000 0.000000
vn 1.000000 0.000000 0.000000
vn 1.000000 0.000000 0.000000
vn 1.000000 0.000000 -0.000000
vn 1.000000 0.000000 -0.000000
vn 1.000000 0.000000 -0.000000
vn 1.000000 -0.000000 -0.000000
vn 1.000000 0.000000 -0.000000
vn 1.000000 -0.000000 -0.000000
vn 1.000000 0.000000 -0.000000
vn 1.000000 -0.000000 -0.000000
vn 1.000000 0.000000 -0.000000
vn 1.000000 0.000000 -0.000000
vn 1.000000 -0.000000 -0.000000
vn 1.000000 0.000000 0.000000
vn 1.000000 0.000000 0.000000
vn 1.000000 -0.000000 0.000000
vn 1.000000 -0.000000 0.000000
vn 1.000000 -0.000000 0.000000
vn 1.000000 -0.000000 0.000000
vn 1.000000 -0.000000 0.000000
vn 1.000000 -0.000000 0.000000
vn 1.000000 -0.000000 -0.000000
vn 1.000000 -0.000000 -0.000000
vn 1.000000 -0.000000 -0.000000
vn 1.000000 0.000000 -0.000000
vn 1.000000 0.000000 -0.000000
vn 1.000000 0.000000 -0.000000
vn 1.000000 0.000000 -0.000000
vn 1.000000 0.000000 0.000000
vn 1.000000 0.000000 -0.000000
vn 1.000000 0.000000 0.000000
vn 1.000000 0.000000 0.000000
vn 1.000000 -0.000000 0.000000
vn 1.000000 0.000000 -0.000000
vn 1.000000 -0.000000 -0.000000
vn 1.000000 0.000000 -0.000000
vn 1.000000 0.000000 -0.000000
vn 1.000000 0.000000 0.000000
vn 1.000000 0.000000 -0.000000
vn 1.000000 0.000000 -0.000000
vn 1.000000 0.000000 0.000000
vn 1.000000 0.000000 0.000000
vn 1.000000 0.000000 0.000000
vn 1.000000 0.000000 0.000000
vn 1.000000 0.000000 0.000000
vn 1.000000 0.000000 0.000000
vn 1.000000 0.000000 0.000000
vn 1.000000 0.000000 -0.000000
vn 1.000000 0.000000 -0.000000
vn 1.000000 0.000000 -0.000000
vn 1.000000 0.000000 -0.000000
vn 1.000000 0.000000 -0.000000
vn 1.000000 0.000000 -0.000000
vn 1.000000 -0.000000 0.000000
vn 1.000000 -0.000000 0.000000
vn 1.000000 0.000000 0.000000
vn 1.000000 -0.000000 0.000000
vn 1.000000 0.000000 0.000000
vn 1.000000 -0.000000 0.000000
vn 1.000000 0.000000 0.000000
vn 1.000000 -0.000000 0.000000
vn 1.000000 -0.000000 0.000000
vn 1.000000 0.000000 0.000000
vn 1.000000 -0.000000 0.000000
vn 1.000000 0.000000 0.000000
vn 1.000000 -0.000000 0.000000
vn 1.000000 -0.000000 0.000000
vn 1.000000 0.000000 -0.000000
vn 1.000000 0.000000 -0.000000
vn 1.000000 0.000000 -0.000000
vn 1.000000 0.000000 0.000000
vn 1.000000 0.000000 -0.000000
vn 1.000000 0.000000 -0.000000
vn 1.000000 0.000000 -0.000000
vn 1.000000 -0.000000 0.000000
vn 1.000000 -0.000000 0.000000
vn 1.000000 0.000000 0.000000
vn 1.000000 0.000000 -0.000000
vn 1.000000 0.000000 -0.000000
vn 1.000000 0.000000 0.000000
vn 1.000000 0.000000 -0.000000
vn 1.000000 0.000000 -0.000000
vn 1.000000 0.000000 -0.000000
vn 1.000000 0.000000 -0.000000
vn 1.000000 0.000000 0.000000
vn 1.000000 0.000000 -0.000000
vn 1.000000 0.000000 -0.000000
vn 1.000000 0.000000 -0.000000
vn 1.000000 -0.000000 0.000000
vn 1.000000 0.000000 0.000000
vn 1.000000 0.000000 -0.000000
vn 1.000000 0.000000 0.000000
vn 1.000000 0.000000 -0.000000
vn 1.000000 0.000000 -0.000000
vn 1.000000 0.000000 -0.000000
vn 1.000000 0.000000 -0.000000
vn 1.000000 0.000000 -0.000000
vn 1.000000 0.000000 -0.000000
vn 1.000000 0.000000 -0.000000
vn 1.000000 -0.000000 0.000000
vn 1.000000 0.000000 -0.000000
vn 1.000000 0.000000 0.000000
vn 1.000000 0.000000 0.000000
vn 1.000000 0.000000 0.000000
vn 1.000000 0.000000 0.000000
vn 1.000000 -0.000000 0.000000
vn 1.000000 0.000000 0.000000
vn 1.000000 0.000000 0.000000
vn 1.000000 0.000000 0.000000
vn 1.000000 0.000000 0.000000
vn 0.000000 0.707107 -0.707107
vn 0.000000 0.707107 -0.707107
vn -1.000000 -0.000000 0.000000
vn -1.000000 0.000000 -0.000000
vn -1.000000 -0.000000 0.000000
vn -1.000000 0.000000 -0.000000
vn -1.000000 -0.000000 0.000000
vn -1.000000 0.000000 -0.000000
vn -1.000000 0.000000 0.000000
vn -1.000000 -0.000000 0.000000
vn -1.000000 0.000000 -0.000000
vn -1.000000 -0.000000 0.000000
vn -1.000000 0.000000 -0.000000
vn -1.000000 -0.000000 0.000000
vn -1.000000 0.000000 -0.000000
vn -1.000000 -0.000000 0.000000
vn -1.000000 0.000000 -0.000000
vn -1.000000 -0.000000 0.000000
vn -1.000000 0.000000 -0.000000
vn -1.000000 -0.000000 0.000000
vn -1.000000 0.000000 -0.000000
vn -1.000000 -0.000000 0.000000
vn -1.000000 0.000000 -0.000000
vn -1.000000 -0.000000 0.000000
vn -1.000000 0.000000 -0.000000
vn -1.000000 -0.000000 0.000000
vn -1.000000 0.000000 -0.000000
vn -1.000000 -0.000000 0.000000
vn -1.000000 0.000000 -0.000000
vn -1.000000 -0.000000 0.000000
vn -1.000000 0.000000 -0.000000
vn -1.000000 -0.000000 0.000000
vn -1.000000 0.000000 -0.000000
vn -1.000000 -0.000000 0.000000
vn -1.000000 0.000000 -0.000000
vn -1.000000 -0.000000 0.000000
vn -1.000000 -0.000000 0.000000
vn -1.000000 -0.000000 0.000000
vn -1.000000 -0.000000 0.000000
vn -1.000000 -0.000000 0.000000
vn -1.000000 -0.000000 0.000000
vn -1.000000 0.000000 0.000000
vn -1.000000 0.000000 0.000000
vn -1.000000 0.000000 0.000000
vn -1.000000 0.000000 0.000000
vn -1.000000 0.000000 0.000000
vn -1.000000 0.000000 0.000000
vn -1.000000 0.000000 0.000000
vn -1.000000 0.000000 0.000000
vn -1.000000 0.000000 0.000000
vn -1.000000 -0.000000 0.000000
vn -1.000000 0.000000 -0.000000
vn -1.000000 -0.000000 0.000000
vn -1.000000 0.000000 -0.000000
vn -1.000000 -0.000000 0.000000
vn -1.000000 0.000000 -0.000000
vn -1.000000 -0.000000 0.000000
vn -1.000000 0.000000 -0.000000
vn -1.000000 -0.000000 0.000000
vn -1.000000 0.000000 -0.000000
vn -1.000000 -0.000000 0.000000
vn -1.000000 0.000000 -0.000000
vn -1.000000 0.000000 -0.000000
vn -1.000000 0.000000 -0.000000
vn -1.000000 0.000000 -0.000000
vn -1.000000 0.000000 -0.000000
vn -1.000000 0.000000 -0.000000
vn -1.000000 0.000000 -0.000000
vn -1.000000 0.000000 -0.000000
vn -1.000000 0.000000 0.000000
vn -1.000000 0.000000 0.000000
vn -1.000000 0.000000 0.000000
vn -1.000000 0.000000 0.000000
vn -1.000000 0.000000 0.000000
vn -1.000000 0.000000 0.000000
vn -1.000000 0.000000 0.000000
vn -1.000000 0.000000 0.000000
vn -1.000000 0.000000 0.000000
vn -1.000000 -0.000000 0.000000
vn -1.000000 -0.000000 0.000000
vn -1.000000 -0.000000 0.000000
vn -1.000000 -0.000000 0.000000
vn -1.000000 -0.000000 0.000000
vn -1.000000 -0.000000 0.000000
vn -1.000000 -0.000000 0.000000
vn -1.000000 -0.000000 0.000000
vn -1.000000 -0.000000 0.000000
vn -1.000000 -0.000000 0.000000
vn -1.000000 0.000000 0.000000
vn -1.000000 0.000000 0.000000
vn -1.000000 0.000000 0.000000
vn -1.000000 0.000000 0.000000
vn -1.000000 0.000000 0.000000
vn -1.000000 0.000000 0.000000
vn -1.000000 0.000000 0.000000
vn -1.000000 0.000000 0.000000
vn -1.000000 0.000000 0.000000
vn -1.000000 0.000000 -0.000000
vn -1.000000 0.000000 0.000000
vn -1.000000 0.000000 0.000000
vn -1.000000 0.000000 0.000000
vn -1.000000 0.000000 -0.000000
vn -1.000000 -0.000000 -0.000000
vn -1.000000 0.000000 0.000000
vn -1.000000 0.000000 0.000000
vn -1.000000 0.000000 0.000000
vn -1.000000 0.000000 -0.000000
vn -1.000000 -0.000000 -0.000000
vn -1.000000 -0.000000 0.000000
vn -1.000000 0.000000 0.000000
vn -1.000000 0.000000 -0.000000
vn -1.000000 -0.000000 -0.000000
vn -1.000000 0.000000 0.000000
vn -1.000000 0.000000 0.000000
vn -1.000000 -0.000000 0.000000
vn -1.000000 0.000000 0.000000
vn -1.000000 -0.000000 0.000000
vn -1.000000 0.000000 0.000000
vn -1.000000 0.000000 0.000000
vn -1.000000 0.000000 0.000000
vn -1.000000 0.000000 0.000000
vn -1.000000 0.000000 0.000000
vn -1.000000 -0.000000 0.000000
vn -1.000000 0.000000 0.000000
vn -1.000000 0.000000 0.000000
vn -1.000000 0.000000 0.000000
vn -1.000000 -0.000000 0.000000
vn -1.000000 0.000000 0.000000
vn -1.000000 0.000000 0.000000
vn -1.000000 -0.000000 0.000000
vn -1.000000 0.000000 0.000000
vn -1.000000 0.000000 0.000000
vn -1.000000 -0.000000 0.000000
vn -1.000000 0.000000 0.000000
vn -1.000000 0.000000 0.000000
vn -1.000000 0.000000 0.000000
vn -1.000000 -0.000000 0.000000
vn -1.000000 0.000000 0.000000
vn -1.000000 0.000000 0.000000
vn -1.000000 0.000000 0.000000
vn -1.000000 0.000000 0.000000
vn -1.000000 0.000000 0.000000
vn -1.000000 0.000000 0.000000
vn -1.000000 0.000000 0.000000
vn -1.000000 0.000000 0.000000
vn -1.000000 0.000000 0.000000
vn -1.000000 0.000000 -0.000000
vn -1.000000 0.000000 0.000000
vn -1.000000 0.000000 0.000000
vn -1.000000 -0.000000 0.000000
vn -1.000000 0.000000 0.000000
vn -1.000000 0.000000 0.000000
vn -1.000000 0.000000 0.000000
vn -1.000000 0.000000 0.000000
vn -1.000000 0.000000 0.000000
vn -1.000000 0.000000 0.000000
vn -1.000000 0.000000 0.000000
vn -1.000000 0.000000 -0.000000
vn -1.000000 -0.000000 0.000000
vn -1.000000 0.000000 0.000000
vn -1.000000 0.000000 0.000000
vn -1.000000 0.000000 0.000000
vn -1.000000 0.000000 -0.000000
vn -1.000000 -0.000000 0.000000
vn -1.000000 0.000000 0.000000
vn -1.000000 0.000000 0.000000
vn -1.000000 0.000000 -0.000000
vn -1.000000 0.000000 -0.000000
vn -1.000000 -0.000000 0.000000
vn -1.000000 0.000000 -0.000000
vn -1.000000 0.000000 0.000000
vn -1.000000 -0.000000 0.000000
vn -1.000000 0.000000 0.000000
vn -1.000000 -0.000000 0.000000
vn -1.000000 0.000000 0.000000
vn -1.000000 -0.000000 0.000000
vn -1.000000 0.000000 0.000000
vn -1.000000 0.000000 0.000000
vn -1.000000 0.000000 0.000000
vn -1.000000 0.000000 -0.000000
vn -1.000000 -0.000000 0.000000
vn -1.000000 0.000000 -0.000000
vn -1.000000 -0.000000 0.000000
vn -1.000000 0.000000 0.000000
vn -1.000000 -0.000000 0.000000
vn -1.000000 -0.000000 0.000000
vn -1.000000 -0.000000 0.000000
vn -1.000000 0.000000 -0.000000
vn -1.000000 -0.000000 0.000000
vn -1.000000 0.000000 -0.000000
vn -1.000000 -0.000000 0.000000
vn -1.000000 0.000000 -0.000000
vn -1.000000 0.000000 0.000000
vn -1.000000 -0.000000 0.000000
vn -1.000000 -0.000000 0.000000
vn -1.000000 -0.000000 -0.000000
vn -1.000000 -0.000000 0.000000
vn -1.000000 -0.000000 -0.000000
vn -1.000000 -0.000000 0.000000
vn -1.000000 0.000000 0.000000
vn -1.000000 -0.000000 -0.000000
vn -1.000000 -0.000000 0.000000
vn -1.000000 -0.000000 -0.000000
vn -1.000000 -0.000000 0.000000
vn -1.000000 -0.000000 -0.000000
vn -1.000000 -0.000000 0.000000
vn -1.000000 0.000000 0.000000
vn -1.000000 -0.000000 -0.000000
vn -1.000000 -0.000000 0.000000
vn -1.000000 -0.000000 0.000000
vn -1.000000 -0.000000 -0.000000
vn -1.000000 -0.000000 0.000000
vn -1.000000 -0.000000 0.000000
vn -1.000000 0.000000 -0.000000
vn -1.000000 0.000000 0.000000
vn -1.000000 0.000000 0.000000
vn -1.000000 0.000000 0.000000
vn -1.000000 0.000000 0.000000
vn -1.000000 0.000000 0.000000
vn -1.000000 0.000000 0.000000
vn -1.000000 0.000000 0.000000
vn -1.000000 0.000000 0.000000
vn -1.000000 0.000000 0.000000
vn -1.000000 0.000000 0.000000
vn -1.000000 0.000000 0.000000
vn -1.000000 0.000000 0.000000
vn -1.000000 0.000000 0.000000
vn -1.000000 0.000000 0.000000
vn -1.000000 0.000000 0.000000
vn -1.000000 0.000000 0.000000
vn -1.000000 0.000000 0.000000
vn -1.000000 0.000000 0.000000
vn -1.000000 0.000000 0.000000
vn -1.000000 0.000000 0.000000
vn -1.000000 0.000000 0.000000
vn -1.000000 0.000000 0.000000
vn -1.000000 0.000000 0.000000
vn -1.000000 0.000000 0.000000
vn -1.000000 0.000000 -0.000000
vn -1.000000 0.000000 0.000000
vn -1.000000 0.000000 0.000000
vn -1.000000 0.000000 -0.000000
vn -1.000000 0.000000 0.000000
vn -1.000000 0.000000 -0.000000
vn -1.000000 0.000000 0.000000
vn -1.000000 0.000000 -0.000000
vn -1.000000 0.000000 0.000000
vn -1.000000 0.000000 -0.000000
vn -1.000000 0.000000 0.000000
vn -1.000000 0.000000 0.000000
vn -1.000000 0.000000 -0.000000
vn -1.000000 0.000000 0.000000
vn -1.000000 0.000000 -0.000000
vn -1.000000 0.000000 0.000000
vn -1.000000 0.000000 -0.000000
vn -1.000000 0.000000 0.000000
vn -1.000000 0.000000 0.000000
vn -1.000000 0.000000 -0.000000
vn -1.000000 0.000000 0.000000
vn -1.000000 0.000000 0.000000
vn -1.000000 0.000000 0.000000
vn -1.000000 0.000000 0.000000
vn -1.000000 0.000000 0.000000
vn -1.000000 0.000000 0.000000
vn -1.000000 -0.000000 0.000000
vn -1.000000 0.000000 0.000000
vn -1.000000 -0.000000 0.000000
vn -1.000000 -0.000000 0.000000
vn -1.000000 -0.000000 0.000000
vn -1.000000 0.000000 0.000000
vn -1.000000 0.000000 0.000000
vn -1.000000 0.000000 0.000000
vn -1.000000 0.000000 0.000000
vn -1.000000 0.000000 0.000000
vn -1.000000 0.000000 0.000000
vn -1.000000 0.000000 0.000000
vn -1.000000 0.000000 0.000000
vn -1.000000 0.000000 0.000000
vn -1.000000 0.000000 0.000000
vn -1.000000 0.000000 0.000000
vn -1.000000 0.000000 0.000000
vn -1.000000 0.000000 0.000000
vn -1.000000 0.000000 0.000000
vn -1.000000 0.000000 0.000000
vn -1.000000 0.000000 0.000000
vn -1.000000 0.000000 0.000000
vn -1.000000 0.000000 0.000000
vn -1.000000 0.000000 0.000000
vn -1.000000 0.000000 0.000000
vn -1.000000 0.000000 0.000000
vn -1.000000 0.000000 0.000000
vn -1.000000 0.000000 0.000000
vn -1.000000 0.000000 0.000000
vn -1.000000 0.000000 0.000000
vn -1.000000 0.000000 0.000000
vn -1.000000 0.000000 0.000000
vn -1.000000 0.000000 0.000000
vn -1.000000 0.000000 0.000000
vn -1.000000 0.000000 0.000000
vn -1.000000 0.000000 0.000000
vn -1.000000 0.000000 0.000000
vn -1.000000 0.000000 0.000000
vn -1.000000 0.000000 0.000000
vn -1.000000 0.000000 0.000000
vn -1.000000 0.000000 0.000000
vn -1.000000 0.000000 0.000000
vn -1.000000 0.000000 0.000000
vn -1.000000 0.000000 0.000000
vn -1.000000 0.000000 0.000000
vn -1.000000 0.000000 0.000000
vn -1.000000 0.000000 0.000000
vn -1.000000 0.000000 0.000000
vn -1.000000 0.000000 0.000000
vn -1.000000 0.000000 0.000000
vn -1.000000 0.000000 0.000000
vn -1.000000 0.000000 0.000000
vn -1.000000 0.000000 0.000000
vn -1.000000 0.000000 0.000000
vn -1.000000 0.000000 0.000000
vn -1.000000 0.000000 0.000000
vn -1.000000 -0.000000 0.000000
vn -1.000000 0.000000 -0.000000
vn -1.000000 0.000000 -0.000000
vn -1.000000 -0.000000 0.000000
vn -1.000000 0.000000 0.000000
vn -1.000000 0.000000 0.000000
vn -1.000000 0.000000 0.000000
vn -1.000000 0.000000 0.000000
vn -1.000000 0.000000 0.000000
vn -1.000000 -0.000000 -0.000000
vn -0.000000 -0.707107 -0.707107
vn -0.000000 -0.707107 -0.707107
vn 0.000000 1.000000 0.000000
vn 0.000000 1.000000 0.000000
vn -0.992709 -0.120537 -0.000000
vn -0.992709 -0.120537 0.000000
vn -0.935016 -0.354606 0.000000
vn -0.935016 -0.354606 -0.000000
vn -0.822988 -0.568059 0.000000
vn -0.822988 -0.568059 -0.000000
vn -0.663117 -0.748516 0.000000
vn -0.663117 -0.748516 -0.000000
vn -0.464728 -0.885453 0.000000
vn -0.464728 -0.885453 -0.000000
vn -0.239319 -0.970941 0.000000
vn -0.239319 -0.970941 -0.000000
vn 0.000000 -1.000000 0.000000
vn 0.239319 -0.970941 0.000000
vn -0.000000 -1.000000 -0.000000
vn 0.239319 -0.970941 0.000000
vn 0.464728 -0.885453 0.000000
vn 0.464728 -0.885453 0.000000
vn 0.663117 -0.748516 0.000000
vn 0.663117 -0.748516 0.000000
vn 0.822988 -0.568059 0.000000
vn 0.822988 -0.568059 0.000000
vn 0.935016 -0.354606 0.000000
vn 0.935016 -0.354606 0.000000
vn 0.992709 -0.120537 0.000000
vn 0.992709 -0.120537 0.000000
vn 0.992709 0.120537 0.000000
vn 0.992709 0.120537 0.000000
vn 0.935016 0.354606 0.000000
vn 0.935016 0.354606 0.000000
vn 0.822988 0.568059 0.000000
vn 0.822988 0.568059 0.000000
vn 0.663117 0.748516 0.000000
vn 0.663117 0.748516 0.000000
vn 0.464728 0.885453 0.000000
vn 0.464728 0.885453 0.000000
vn 0.239319 0.970941 0.000000
vn 0.239319 0.970941 0.000000
vn -0.000000 1.000000 0.000000
vn 0.000000 1.000000 0.000000
vn -0.239319 0.970941 0.000000
vn -0.239319 0.970941 0.000000
vn -0.464728 0.885453 0.000000
vn -0.464728 0.885453 0.000000
vn -0.663117 0.748516 0.000000
vn -0.663117 0.748516 0.000000
vn -0.822988 0.568059 0.000000
vn -0.822988 0.568059 0.000000
vn -0.935016 0.354606 0.000000
vn -0.935016 0.354606 0.000000
vn -0.992709 0.120537 0.000000
vn -0.992709 0.120537 0.000000
vn 0.000000 -1.000000 0.000000
vn 0.000000 -1.000000 0.000000
vn 0.000000 1.000000 0.000000
vn 0.000000 1.000000 0.000000
vn -0.996399 -0.084789 -0.000000
vn -0.996399 -0.084789 0.000000
vn -0.967731 -0.251986 0.000000
vn -0.967731 -0.251986 -0.000000
vn -0.911228 -0.411902 0.000000
vn -0.911228 -0.411902 -0.000000
vn -0.828511 -0.559973 0.000000
vn -0.828511 -0.559973 -0.000000
vn -0.721949 -0.691946 0.000000
vn -0.721949 -0.691946 -0.000000
vn -0.594632 -0.803998 -0.000000
vn -0.594632 -0.803998 0.000000
vn -0.450216 -0.892920 -0.000000
vn -0.450216 -0.892920 0.000000
vn -0.292807 -0.956172 -0.000000
vn -0.292807 -0.956172 0.000000
vn -0.127029 -0.991899 -0.000000
vn -0.127029 -0.991899 0.000000
vn 0.042441 -0.999099 0.000000
vn 0.042441 -0.999099 0.000000
vn 0.210687 -0.977554 0.000000
vn 0.210687 -0.977554 0.000000
vn 0.372856 -0.927889 0.000000
vn 0.372856 -0.927889 0.000000
vn 0.524298 -0.851535 0.000000
vn 0.524298 -0.851535 0.000000
vn 0.660680 -0.750668 0.000000
vn 0.660680 -0.750668 0.000000
vn 0.778044 -0.628210 0.000000
vn 0.778044 -0.628210 0.000000
vn 0.873000 -0.487721 0.000000
vn 0.873000 -0.487721 0.000000
vn 0.942877 -0.333140 0.000000
vn 0.942877 -0.333140 0.000000
vn 0.985617 -0.168993 0.000000
vn 0.985617 -0.168993 0.000000
vn 1.000000 0.000000 0.000000
vn 1.000000 0.000000 0.000000
vn 0.985617 0.168993 0.000000
vn 0.942877 0.333140 -0.000000
vn 0.985617 0.168993 0.000000
vn 0.942877 0.333140 0.000000
vn 0.873000 0.487721 0.000000
vn 0.873000 0.487721 0.000000
vn 0.778044 0.628210 0.000000
vn 0.778044 0.628210 0.000000
vn 0.660680 0.750668 0.000000
vn 0.660680 0.750668 0.000000
vn 0.524298 0.851535 0.000000
vn 0.524298 0.851535 0.000000
vn 0.372856 0.927889 0.000000
vn 0.372856 0.927889 0.000000
vn 0.210687 0.977554 0.000000
vn 0.042441 0.999099 -0.000000
vn 0.210687 0.977554 0.000000
vn -0.127029 0.991899 0.000000
vn 0.042441 0.999099 0.000000
vn -0.127029 0.991899 0.000000
vn -0.292807 0.956172 0.000000
vn -0.292807 0.956172 0.000000
vn -0.450216 0.892920 0.000000
vn -0.450216 0.892920 0.000000
vn -0.594632 0.803998 0.000000
vn -0.721949 0.691946 0.000000
vn -0.594632 0.803998 0.000000
vn -0.721949 0.691946 0.000000
vn -0.828511 0.559973 0.000000
vn -0.828511 0.559973 0.000000
vn -0.911228 0.411902 0.000000
vn -0.911228 0.411902 0.000000
vn -0.967731 0.251986 0.000000
vn -0.967731 0.251986 0.000000
vn -0.996399 0.084789 0.000000
vn -0.996399 0.084789 0.000000
vn 0.000000 0.000000 -1.000000
vn 0.000000 0.000000 -1.000000
vn 0.000000 -0.000000 -1.000000
vn 0.000000 0.000000 -1.000000
vn 0.000000 0.000000 -1.000000
vn 0.000000 0.000000 -1.000000
vn 0.000000 0.000000 -1.000000
vn 0.000000 0.000000 -1.000000
vn 0.000000 0.000000 -1.000000
vn 0.000000 0.000000 -1.000000
vn 0.000000 -0.000000 -1.000000
vn 0.000000 -0.000000 -1.000000
vn 0.000000 0.000000 -1.000000
vn 0.000000 0.000000 -1.000000
vn 0.000000 0.000000 -1.000000
vn 0.000000 0.000000 -1.000000
vn 0.000000 0.000000 -1.000000
vn 0.000000 0.000000 -1.000000
vn 0.000000 0.000000 -1.000000
vn 0.000000 0.000000 -1.000000
vn 0.000000 0.000000 -1.000000
vn 0.000000 -0.000000 -1.000000
vn 0.000000 -0.000000 -1.000000
vn 0.000000 0.000000 -1.000000
vn 0.000000 -0.000000 -1.000000
vn 0.000000 -0.000000 -1.000000
vn 0.000000 -0.000000 -1.000000
vn 0.000000 -0.000000 -1.000000
vn 0.000000 0.000000 -1.000000
vn 0.000000 0.000000 -1.000000
vn 0.000000 0.000000 -1.000000
vn 0.000000 0.000000 -1.000000
vn 0.000000 0.000000 -1.000000
vn 0.000000 0.000000 -1.000000
vn 0.000000 0.000000 -1.000000
vn 0.000000 -0.000000 -1.000000
vn -0.000000 -0.000000 -1.000000
vn -0.000000 -0.000000 -1.000000
vn -0.000000 -0.000000 -1.000000
vn -0.000000 -0.000000 -1.000000
vn 0.000000 0.000000 -1.000000
vn 0.000000 0.000000 -1.000000
vn 0.000000 -0.000000 -1.000000
vn 0.000000 0.000000 -1.000000
vn -0.000000 -0.000000 -1.000000
vn 0.000000 0.000000 -1.000000
vn 0.000000 0.000000 -1.000000
vn 0.000000 0.000000 -1.000000
vn 0.000000 0.000000 -1.000000
vn 0.000000 0.000000 -1.000000
vn 0.000000 -0.000000 -1.000000
vn 0.000000 -0.000000 -1.000000
vn 0.000000 -0.000000 -1.000000
vn 0.000000 0.000000 -1.000000
vn 0.000000 0.000000 -1.000000
vn 0.000000 -0.000000 -1.000000
vn 0.000000 0.000000 -1.000000
vn 0.000000 0.000000 -1.000000
vn 0.000000 0.000000 -1.000000
vn 0.000000 0.000000 -1.000000
vn 0.000000 0.000000 -1.000000
vn 0.000000 0.000000 -1.000000
vn 0.000000 0.000000 -1.000000
vn 0.000000 0.000000 -1.000000
vn -0.000000 -0.000000 -1.000000
vn 0.000000 0.000000 -1.000000
vn 0.000000 0.000000 -1.000000
vn 0.000000 0.000000 -1.000000
vn -0.000000 -0.000000 -1.000000
vn 0.000000 0.000000 -1.000000
vn 0.000000 0.000000 -1.000000
vn 0.000000 0.000000 -1.000000
vn 0.000000 0.000000 -1.000000
vn 0.000000 0.000000 -1.000000
vn 0.000000 0.000000 -1.000000
vn 0.000000 -0.000000 -1.000000
vn 0.000000 0.000000 -1.000000
vn 0.000000 0.000000 -1.000000
vn 0.000000 0.000000 -1.000000
vn 0.000000 0.000000 -1.000000
vn 0.000000 -0.000000 -1.000000
vn 0.000000 -0.000000 -1.000000
vn 0.000000 0.000000 -1.000000
vn 0.000000 0.000000 -1.000000
vn 0.000000 0.000000 -1.000000
vn 0.000000 -0.000000 -1.000000
vn 0.000000 -0.000000 -1.000000
vn 0.000000 0.000000 -1.000000
vn -0.000000 -0.000000 -1.000000
vn -0.000000 -0.000000 -1.000000
vn 0.000000 -0.000000 -1.000000
vn 0.000000 0.000000 -1.000000
vn -0.000000 -0.000000 -1.000000
vn 0.000000 0.000000 -1.000000
vn 0.000000 0.000000 -1.000000
vn 0.000000 0.000000 -1.000000
vn 0.000000 0.000000 -1.000000
vn 0.000000 0.000000 -1.000000
vn 0.000000 -0.000000 -1.000000
vn 0.000000 -0.000000 -1.000000
vn 0.000000 -0.000000 -1.000000
vn 0.000000 0.000000 -1.000000
vn 0.000000 0.000000 -1.000000
vn 0.000000 -0.000000 -1.000000
vn 0.000000 0.000000 -1.000000
vn 0.000000 0.000000 -1.000000
vn 0.000000 0.000000 -1.000000
vn 0.000000 0.000000 -1.000000
vn 0.000000 0.000000 -1.000000
vn 0.000000 0.000000 -1.000000
vn 0.000000 0.000000 -1.000000
vn 0.000000 0.000000 -1.000000
vn -0.000000 -0.000000 -1.000000
vn 0.000000 0.000000 -1.000000
vn 0.000000 0.000000 -1.000000
vn 0.000000 0.000000 -1.000000
vn -0.000000 -0.000000 -1.000000
vn 0.000000 0.000000 -1.000000
vn 0.000000 0.000000 -1.000000
vn 0.000000 0.000000 -1.000000
vn 0.000000 0.000000 -1.000000
vn 0.000000 0.000000 -1.000000
vn 0.000000 0.000000 -1.000000
vn 0.000000 -0.000000 -1.000000
vn 0.000000 0.000000 -1.000000
vn 0.000000 0.000000 -1.000000
vn 0.000000 0.000000 -1.000000
vn 0.000000 0.000000 -1.000000
vn 0.000000 -0.000000 -1.000000
vn 0.000000 -0.000000 -1.000000
vn 0.000000 0.000000 -1.000000
vn 0.000000 0.000000 -1.000000
vn 0.000000 0.000000 -1.000000
vn 0.000000 -0.000000 -1.000000
vn 0.000000 -0.000000 -1.000000
vn 0.000000 0.000000 -1.000000
vn -0.000000 -0.000000 -1.000000
vn -0.000000 -0.000000 -1.000000
vn 0.000000 -0.000000 -1.000000
vn 0.000000 0.000000 -1.000000
vn -0.000000 -0.000000 -1.000000
vn 0.000000 1.000000 0.000000
vn 0.000000 1.000000 -0.000000
vn -0.000000 1.000000 0.000000
vn -0.997946 -0.064064 -0.000000
vn -0.997946 -0.064064 0.000000
vn -0.981557 -0.191171 -0.000000
vn -0.981557 -0.191171 0.000000
vn -0.949052 -0.315120 -0.000000
vn -0.949052 -0.315120 0.000000
vn -0.900983 -0.433854 -0.000000
vn -0.900983 -0.433854 0.000000
vn -0.838077 -0.545551 -0.000000
vn -0.838077 -0.545551 0.000000
vn -0.761450 -0.648224 -0.000000
vn -0.761450 -0.648224 0.000000
vn -0.672309 -0.740270 0.000000
vn -0.672309 -0.740270 0.000000
vn -0.572105 -0.820180 -0.000000
vn -0.572105 -0.820180 0.000000
vn -0.462553 -0.886592 0.000000
vn -0.462553 -0.886592 0.000000
vn -0.345360 -0.938470 -0.000000
vn -0.345360 -0.938470 0.000000
vn -0.222519 -0.974928 -0.000000
vn -0.222519 -0.974928 0.000000
vn -0.096013 -0.995380 -0.000000
vn -0.096013 -0.995380 0.000000
vn 0.032049 -0.999486 0.000000
vn 0.032049 -0.999486 0.000000
vn 0.159597 -0.987182 0.000000
vn 0.159597 -0.987182 0.000000
vn 0.284534 -0.958666 0.000000
vn 0.284534 -0.958666 0.000000
vn 0.404779 -0.914415 0.000000
vn 0.518381 -0.855150 0.000000
vn 0.404779 -0.914415 0.000000
vn 0.518381 -0.855150 0.000000
vn 0.623491 -0.781830 0.000000
vn 0.623491 -0.781830 0.000000
vn 0.718362 -0.695669 0.000000
vn 0.718362 -0.695669 0.000000
vn 0.801412 -0.598112 0.000000
vn 0.801412 -0.598112 0.000000
vn 0.871308 -0.490736 0.000000
vn 0.871308 -0.490736 0.000000
vn 0.926915 -0.375271 0.000000
vn 0.926915 -0.375271 0.000000
vn 0.967300 -0.253635 0.000000
vn 0.967300 -0.253635 0.000000
vn 0.991788 -0.127890 0.000000
vn 0.991788 -0.127890 0.000000
vn 1.000000 0.000000 0.000000
vn 1.000000 0.000000 0.000000
vn 0.991788 0.127890 0.000000
vn 0.991788 0.127890 0.000000
vn 0.967300 0.253635 0.000000
vn 0.967300 0.253635 0.000000
vn 0.926915 0.375271 -0.000000
vn 0.926915 0.375271 0.000000
vn 0.871308 0.490736 0.000000
vn 0.871308 0.490736 0.000000
vn 0.801412 0.598112 0.000000
vn 0.801412 0.598112 0.000000
vn 0.718362 0.695669 0.000000
vn 0.718362 0.695669 0.000000
vn 0.623491 0.781830 0.000000
vn 0.623491 0.781830 0.000000
vn 0.518381 0.855150 0.000000
vn 0.518381 0.855150 0.000000
vn 0.404779 0.914415 -0.000000
vn 0.404779 0.914415 0.000000
vn 0.284534 0.958666 0.000000
vn 0.284534 0.958666 0.000000
vn 0.159597 0.987182 0.000000
vn 0.159597 0.987182 0.000000
vn 0.032049 0.999486 0.000000
vn 0.032049 0.999486 0.000000
vn -0.096013 0.995380 0.000000
vn -0.096013 0.995380 0.000000
vn -0.222519 0.974928 0.000000
vn -0.222519 0.974928 0.000000
vn -0.345360 0.938470 0.000000
vn -0.345360 0.938470 0.000000
vn -0.462553 0.886592 0.000000
vn -0.462553 0.886592 0.000000
vn -0.572105 0.820180 0.000000
vn -0.572105 0.820180 0.000000
vn -0.672309 0.740270 0.000000
vn -0.672309 0.740270 0.000000
vn -0.761450 0.648224 0.000000
vn -0.761450 0.648224 0.000000
vn -0.838077 0.545551 0.000000
vn -0.838077 0.545551 0.000000
vn -0.900983 0.433854 0.000000
vn -0.900983 0.433854 0.000000
vn -0.949052 0.315120 0.000000
vn -0.949052 0.315120 0.000000
vn -0.981557 0.191171 0.000000
vn -0.981557 0.191171 0.000000
vn -0.997946 0.064064 0.000000
vn -0.997946 0.064064 0.000000
vn 0.000000 1.000000 0.000000
vn 0.000000 1.000000 0.000000
vn 0.000000 -0.707107 0.707107
vn 0.000000 -0.707107 0.707107
vn 0.000000 0.000000 1.000000
vn -0.000000 0.000000 1.000000
vn 0.000000 1.000000 0.000000
vn 0.000000 1.000000 0.000000
vn 0.000000 0.000000 -1.000000
vn 0.000000 0.000000 -1.000000
vn -0.000000 -0.707107 -0.707107
vn 0.000000 -0.707107 -0.707107
vn 0.000000 1.000000 0.000000
vn 0.000000 1.000000 0.000000
vn 1.000000 0.000000 -0.000000
vn 1.000000 0.000000 -0.000000
vn 1.000000 0.000000 -0.000000
vn 0.000000 0.000000 1.000000
vn -0.000000 0.000000 1.000000
vn 0.000000 -1.000000 0.000000
vn -0.000000 -1.000000 0.000000
vn 0.000000 -1.000000 0.000000
vn -0.000000 -1.000000 0.000000
vn 0.000000 -1.000000 0.000000
vn -0.000000 -1.000000 0.000000
vn -0.000000 -1.000000 0.000000
vn -0.000000 -1.000000 0.000000
vn -0.000000 -1.000000 0.000000
vn -0.000000 -1.000000 0.000000
vn -0.000000 -1.000000 0.000000
vn -0.000000 -1.000000 0.000000
vn -0.000000 -1.000000 0.000000
vn 0.000000 -1.000000 0.000000
vn 0.000000 -1.000000 0.000000
vn 0.000000 -1.000000 0.000000
vn 0.000000 -1.000000 0.000000
vn 0.000000 -1.000000 0.000000
vn 0.000000 -1.000000 0.000000
vn 0.000000 -1.000000 0.000000
vn 0.000000 -1.000000 0.000000
vn 0.000000 -1.000000 0.000000
vn 0.000000 -1.000000 0.000000
vn 0.000000 -1.000000 0.000000
vn 0.000000 -1.000000 0.000000
vn 0.000000 -1.000000 0.000000
vn 0.000000 -1.000000 0.000000
vn 0.000000 -1.000000 0.000000
vn 0.000000 -1.000000 0.000000
vn 0.000000 -1.000000 0.000000
vn 0.000000 -1.000000 0.000000
vn 0.000000 -1.000000 0.000000
vn 0.000000 -1.000000 0.000000
vn 0.000000 -1.000000 0.000000
vn 0.000000 -1.000000 0.000000
vn 0.000000 -1.000000 0.000000
vn 0.000000 -1.000000 0.000000
vn 0.000000 -1.000000 0.000000
vn 0.000000 -1.000000 0.000000
vn 0.000000 -1.000000 0.000000
vn 0.000000 -1.000000 0.000000
vn 0.000000 -1.000000 0.000000
vn 0.000000 -1.000000 0.000000
vn 0.000000 -1.000000 0.000000
vn 0.000000 -1.000000 0.000000
vn 0.000000 -1.000000 0.000000
vn 0.000000 -1.000000 0.000000
vn 0.000000 -1.000000 0.000000
vn 0.000000 -1.000000 0.000000
vn 0.000000 -1.000000 0.000000
vn 0.000000 -1.000000 0.000000
vn 0.000000 -1.000000 0.000000
vn 0.000000 -1.000000 0.000000
vn 0.000000 -1.000000 0.000000
vn 0.000000 -1.000000 0.000000
vn 0.000000 -1.000000 0.000000
vn 0.000000 -1.000000 0.000000
vn 0.000000 -1.000000 0.000000
vn 0.000000 -1.000000 0.000000
vn 0.000000 -1.000000 0.000000
vn 0.000000 -1.000000 0.000000
vn 0.000000 -1.000000 0.000000
vn 0.000000 -1.000000 0.000000
vn 0.000000 -1.000000 0.000000
vn 0.000000 -1.000000 0.000000
vn 0.000000 -1.000000 0.000000
vn 0.000000 -1.000000 0.000000
vn -0.000000 -1.000000 0.000000
vn 0.000000 -1.000000 0.000000
vn 0.000000 -1.000000 0.000000
vn 0.000000 -1.000000 0.000000
vn 0.000000 -1.000000 0.000000
vn 0.000000 -1.000000 0.000000
vn 0.000000 -1.000000 0.000000
vn 0.000000 -1.000000 0.000000
vn 0.000000 -1.000000 0.000000
vn 0.000000 -1.000000 0.000000
vn 0.000000 -1.000000 0.000000
vn 0.000000 -1.000000 0.000000
vn 0.000000 -1.000000 0.000000
vn 0.000000 -1.000000 0.000000
vn 0.000000 -1.000000 0.000000
vn 0.000000 -1.000000 0.000000
vn 0.000000 -1.000000 0.000000
vn -0.000000 -1.000000 0.000000
vn 0.000000 -1.000000 0.000000
vn -0.000000 -0.766045 -0.642788
vn 0.000000 -0.766044 -0.642787
vn 0.000002 -0.766046 -0.642786
vn 0.000000 0.000000 -1.000000
vn 0.000000 0.000000 -1.000000
vn 0.642788 -0.000000 0.766044
vn 0.642788 0.000000 0.766045
vn 0.642788 0.000000 0.766044
vn -0.992709 0.000000 -0.120538
vn -0.992709 -0.000000 -0.120538
vn -0.935017 -0.000000 -0.354604
vn -0.935017 0.000000 -0.354604
vn -0.822984 -0.000000 -0.568065
vn -0.822984 0.000000 -0.568065
vn -0.663122 -0.000000 -0.748511
vn -0.663122 0.000000 -0.748511
vn -0.464725 -0.000000 -0.885455
vn -0.464725 0.000000 -0.885455
vn -0.239316 -0.000000 -0.970942
vn -0.239316 0.000000 -0.970942
vn 0.000000 0.000000 -1.000000
vn 0.000000 0.000000 -1.000000
vn 0.239316 0.000000 -0.970942
vn 0.239316 0.000000 -0.970942
vn 0.464725 0.000000 -0.885455
vn 0.464725 0.000000 -0.885455
vn 0.663122 0.000000 -0.748511
vn 0.663122 0.000000 -0.748511
vn 0.822984 0.000000 -0.568065
vn 0.822984 0.000000 -0.568065
vn 0.935017 0.000000 -0.354604
vn 0.935017 0.000000 -0.354604
vn 0.992709 0.000000 -0.120538
vn 0.992709 0.000000 -0.120538
vn 0.992709 0.000000 0.120538
vn 0.992709 0.000000 0.120538
vn 0.935017 0.000000 0.354604
vn 0.935017 0.000000 0.354604
vn 0.822983 0.000000 0.568066
vn 0.822983 0.000000 0.568066
vn 0.663123 0.000000 0.748510
vn 0.663123 0.000000 0.748510
vn 0.464723 0.000000 0.885456
vn 0.464723 0.000000 0.885456
vn 0.239316 0.000000 0.970942
vn 0.239316 0.000000 0.970942
vn 0.000000 0.000000 1.000000
vn 0.000000 0.000000 1.000000
vn -0.239316 0.000000 0.970942
vn -0.239316 0.000000 0.970942
vn -0.464723 0.000000 0.885456
vn -0.464723 0.000000 0.885456
vn -0.663123 0.000000 0.748510
vn -0.663123 0.000000 0.748510
vn -0.822983 0.000000 0.568066
vn -0.822983 0.000000 0.568066
vn -0.935017 0.000000 0.354604
vn -0.935017 0.000000 0.354604
vn -0.992709 0.000000 0.120538
vn -0.992709 0.000000 0.120538
vn -0.992709 0.000000 -0.120538
vn -0.992709 -0.000000 -0.120538
vn -0.935017 -0.000000 -0.354604
vn -0.935017 0.000000 -0.354604
vn -0.822984 -0.000000 -0.568065
vn -0.822984 0.000000 -0.568065
vn -0.663124 -0.000000 -0.748510
vn -0.663124 0.000000 -0.748510
vn -0.464723 -0.000000 -0.885456
vn -0.464723 0.000000 -0.885456
vn -0.239316 -0.000000 -0.970942
vn -0.239316 0.000000 -0.970942
vn 0.000000 0.000000 -1.000000
vn 0.000000 0.000000 -1.000000
vn 0.239316 0.000000 -0.970942
vn 0.239316 0.000000 -0.970942
vn 0.464723 0.000000 -0.885456
vn 0.464723 0.000000 -0.885456
vn 0.663124 0.000000 -0.748510
vn 0.663124 0.000000 -0.748510
vn 0.822984 0.000000 -0.568065
vn 0.822984 0.000000 -0.568065
vn 0.935017 0.000000 -0.354604
vn 0.935017 0.000000 -0.354604
vn 0.992709 0.000000 -0.120538
vn 0.992709 0.000000 -0.120538
vn 0.992709 0.000000 0.120538
vn 0.992709 0.000000 0.120538
vn 0.935017 0.000000 0.354604
vn 0.935017 0.000000 0.354604
vn 0.822983 0.000000 0.568066
vn 0.822983 0.000000 0.568066
vn 0.663125 0.000000 0.748509
vn 0.663125 0.000000 0.748509
vn 0.464721 0.000000 0.885457
vn 0.464721 0.000000 0.885457
vn 0.239316 0.000000 0.970942
vn 0.239316 0.000000 0.970942
vn 0.000000 0.000000 1.000000
vn 0.000000 0.000000 1.000000
vn -0.239316 0.000000 0.970942
vn -0.239316 0.000000 0.970942
vn -0.464721 0.000000 0.885457
vn -0.464721 0.000000 0.885457
vn -0.663125 0.000000 0.748509
vn -0.663125 0.000000 0.748509
vn -0.822983 0.000000 0.568066
vn -0.822983 0.000000 0.568066
vn -0.935017 0.000000 0.354604
vn -0.935017 0.000000 0.354604
vn -0.992709 0.000000 0.120538
vn -0.992709 0.000000 0.120538
vn -0.992709 0.000000 -0.120538
vn -0.992709 -0.000000 -0.120538
vn -0.935017 -0.000000 -0.354604
vn -0.935017 0.000000 -0.354604
vn -0.822984 -0.000000 -0.568065
vn -0.822984 0.000000 -0.568065
vn -0.663124 -0.000000 -0.748510
vn -0.663124 0.000000 -0.748510
vn -0.464723 -0.000000 -0.885456
vn -0.464723 0.000000 -0.885456
vn -0.239316 -0.000000 -0.970942
vn -0.239316 0.000000 -0.970942
vn 0.000000 0.000000 -1.000000
vn 0.000000 0.000000 -1.000000
vn 0.239316 0.000000 -0.970942
vn 0.239316 0.000000 -0.970942
vn 0.464723 0.000000 -0.885456
vn 0.464723 0.000000 -0.885456
vn 0.663124 0.000000 -0.748510
vn 0.663124 0.000000 -0.748510
vn 0.822984 0.000000 -0.568065
vn 0.822984 0.000000 -0.568065
vn 0.935017 0.000000 -0.354604
vn 0.935017 0.000000 -0.354604
vn 0.992709 0.000000 -0.120538
vn 0.992709 0.000000 -0.120538
vn 0.992709 0.000000 0.120538
vn 0.992709 0.000000 0.120538
vn 0.935017 0.000000 0.354604
vn 0.935017 0.000000 0.354604
vn 0.822983 0.000000 0.568066
vn 0.822983 0.000000 0.568066
vn 0.663125 0.000000 0.748509
vn 0.663125 0.000000 0.748509
vn 0.464721 0.000000 0.885457
vn 0.464721 0.000000 0.885457
vn 0.239316 0.000000 0.970942
vn 0.239316 0.000000 0.970942
vn 0.000000 0.000000 1.000000
vn 0.000000 0.000000 1.000000
vn -0.239316 0.000000 0.970942
vn -0.239316 0.000000 0.970942
vn -0.464721 0.000000 0.885457
vn -0.464721 0.000000 0.885457
vn -0.663125 0.000000 0.748509
vn -0.663125 0.000000 0.748509
vn -0.822983 0.000000 0.568066
vn -0.822983 0.000000 0.568066
vn -0.935017 0.000000 0.354604
vn -0.935017 0.000000 0.354604
vn -0.992709 0.000000 0.120538
vn -0.992709 0.000000 0.120538
vn -0.000000 0.707107 0.707107
vn -0.000000 0.707107 0.707107
vn 0.000000 0.000000 -1.000000
vn 0.000000 0.000000 -1.000000
vn 0.000000 -0.707107 0.707107
vn 0.000000 -0.707107 0.707107
vn -0.707106 -0.000013 0.707108
vn -0.707102 0.000047 0.707111
vn -0.707107 0.000006 0.707106
vn -0.707104 -0.000001 0.707109
vn -0.707108 0.000001 0.707106
vn -0.707107 0.000000 0.707107
vn -0.707109 0.000000 0.707104
vn -0.707109 0.000000 0.707104
vn -0.707107 0.000000 0.707107
vn -0.707108 -0.000000 0.707106
vn 0.000000 -1.000000 0.000000
vn 0.000000 -1.000000 0.000000
vn 0.000000 -1.000000 -0.000000
vn 0.000000 0.000000 1.000000
vn 0.000000 0.000000 1.000000
vn 0.000000 0.000000 1.000000
vn 0.000000 0.000000 1.000000
vn 0.000000 0.000000 1.000000
vn 0.000000 0.000000 1.000000
vn 0.000000 0.000000 1.000000
vn 0.000000 0.000000 1.000000
vn 0.000000 0.000000 1.000000
vn 0.000000 0.000000 1.000000
vn 0.000000 0.000000 1.000000
vn 0.000000 0.000000 1.000000
vn 0.000000 0.000000 1.000000
vn 0.000000 0.000000 1.000000
vn 0.000000 0.000000 1.000000
vn 0.000000 0.000000 1.000000
vn 0.000000 0.000000 1.000000
vn 0.000000 0.000000 1.000000
vn 0.000000 0.000000 1.000000
vn 0.000000 0.000000 1.000000
vn 0.000000 0.000000 1.000000
vn 0.000000 0.000000 1.000000
vn 0.000000 0.000000 1.000000
vn 0.000000 0.000000 1.000000
vn 0.000000 0.000000 1.000000
vn 0.000000 0.000000 1.000000
vn 0.000000 0.000000 1.000000
vn 0.000000 0.000000 1.000000
vn 0.000000 0.000000 1.000000
vn 0.000000 0.000000 1.000000
vn 0.000000 0.000000 1.000000
vn 0.000000 0.000000 1.000000
vn 0.000000 0.000000 1.000000
vn 0.000000 0.000000 1.000000
vn 0.000000 0.000000 1.000000
vn 0.000000 0.000000 1.000000
vn 0.000000 0.000000 1.000000
vn 0.000000 0.000000 1.000000
vn 0.000000 0.000000 1.000000
vn 0.000000 0.000000 1.000000
vn 0.000000 0.000000 1.000000
vn 0.000000 0.000000 1.000000
vn 0.000000 0.000000 1.000000
vn 0.000000 0.000000 1.000000
vn 0.000000 0.000000 1.000000
vn 0.000000 0.000000 1.000000
vn 0.000000 0.000000 1.000000
vn 0.000000 0.000000 1.000000
vn 0.000000 0.000000 1.000000
vn 0.000000 0.000000 1.000000
vn 0.000000 0.000000 1.000000
vn 0.000000 0.000000 1.000000
vn 0.000000 0.000000 1.000000
vn 0.000000 0.000000 1.000000
vn 0.000000 0.000000 1.000000
vn 0.000000 0.000000 1.000000
vn 0.000000 0.000000 1.000000
vn 0.000000 0.000000 1.000000
vn 0.000000 0.000000 1.000000
vn 0.000000 0.000000 1.000000
vn 0.000000 0.000000 1.000000
vn 0.000000 0.000000 1.000000
vn 0.000000 0.000000 1.000000
vn 0.000000 0.000000 1.000000
vn 0.000000 0.000000 1.000000
vn 0.000000 0.000000 1.000000
vn 0.000000 0.000000 1.000000
vn 0.000000 0.000000 1.000000
vn 0.000000 0.000000 1.000000
vn 0.000000 0.000000 1.000000
vn 0.000000 0.000000 1.000000
vn 0.000000 0.000000 1.000000
vn 0.000000 0.000000 1.000000
vn 0.000000 0.000000 1.000000
vn 0.000000 0.000000 1.000000
vn 0.000000 0.000000 1.000000
vn 0.000000 0.000000 1.000000
vn 0.000000 0.000000 1.000000
vn 0.000000 0.000000 1.000000
vn 0.000000 0.000000 1.000000
vn 0.000000 0.000000 1.000000
vn 0.000000 0.000000 1.000000
vn 0.000000 0.000000 1.000000
vn 0.000000 0.000000 1.000000
vn 0.000000 0.000000 1.000000
vn 0.000000 0.000000 1.000000
vn 0.000000 0.000000 1.000000
vn -0.707108 0.000000 0.707106
vn -0.707107 0.000000 0.707107
vn -0.707109 0.000000 0.707104
vn -0.707109 0.000000 0.707104
vn -0.707107 0.000000 0.707107
vn -0.707105 -0.000002 0.707108
vn -0.707127 -0.000012 0.707087
vn -0.707105 -0.000006 0.707109
vn -0.707107 0.000019 0.707107
vn -0.707106 -0.000002 0.707107
vn 0.000000 -1.000000 0.000000
vn 0.000000 -1.000000 0.000000
vn 0.000000 -1.000000 -0.000000
vn 0.000000 1.000000 0.000000
vn 0.000000 1.000000 -0.000000
vn -0.000000 1.000000 0.000000
vn -0.997946 -0.064064 -0.000000
vn -0.997946 -0.064064 0.000000
vn -0.981557 -0.191172 -0.000000
vn -0.981557 -0.191172 0.000000
vn -0.949053 -0.315115 -0.000000
vn -0.949053 -0.315115 0.000000
vn -0.900980 -0.433860 -0.000000
vn -0.900980 -0.433860 0.000000
vn -0.838081 -0.545546 -0.000000
vn -0.838081 -0.545546 0.000000
vn -0.761445 -0.648229 -0.000000
vn -0.761445 -0.648229 0.000000
vn -0.672309 -0.740270 0.000000
vn -0.672309 -0.740270 0.000000
vn -0.572113 -0.820175 -0.000000
vn -0.572113 -0.820175 0.000000
vn -0.462541 -0.886598 0.000000
vn -0.462541 -0.886598 0.000000
vn -0.345363 -0.938469 -0.000000
vn -0.345363 -0.938469 0.000000
vn -0.222517 -0.974929 -0.000000
vn -0.222517 -0.974929 0.000000
vn -0.096025 -0.995379 -0.000000
vn -0.096025 -0.995379 0.000000
vn 0.032052 -0.999486 0.000000
vn 0.032052 -0.999486 0.000000
vn 0.159598 -0.987182 0.000000
vn 0.159598 -0.987182 0.000000
vn 0.284532 -0.958667 0.000000
vn 0.284532 -0.958667 0.000000
vn 0.404780 -0.914414 0.000000
vn 0.518387 -0.855146 0.000000
vn 0.404780 -0.914414 0.000000
vn 0.518387 -0.855146 0.000000
vn 0.623487 -0.781833 0.000000
vn 0.623487 -0.781833 0.000000
vn 0.718362 -0.695670 0.000000
vn 0.718362 -0.695670 0.000000
vn 0.801412 -0.598113 0.000000
vn 0.801412 -0.598113 0.000000
vn 0.871309 -0.490735 0.000000
vn 0.871309 -0.490735 0.000000
vn 0.926916 -0.375268 0.000000
vn 0.926916 -0.375268 0.000000
vn 0.967299 -0.253639 0.000000
vn 0.967299 -0.253639 0.000000
vn 0.991788 -0.127890 0.000000
vn 0.991788 -0.127890 0.000000
vn 1.000000 0.000000 0.000000
vn 1.000000 0.000000 0.000000
vn 0.991788 0.127890 0.000000
vn 0.991788 0.127890 0.000000
vn 0.967299 0.253639 0.000000
vn 0.967299 0.253639 0.000000
vn 0.926917 0.375267 -0.000000
vn 0.926917 0.375267 0.000000
vn 0.871309 0.490735 0.000000
vn 0.871309 0.490735 0.000000
vn 0.801411 0.598114 0.000000
vn 0.801411 0.598114 0.000000
vn 0.718362 0.695670 0.000000
vn 0.718362 0.695670 0.000000
vn 0.623488 0.781833 0.000000
vn 0.623488 0.781833 0.000000
vn 0.518387 0.855146 0.000000
vn 0.518387 0.855146 0.000000
vn 0.404780 0.914414 -0.000000
vn 0.404780 0.914414 0.000000
vn 0.284532 0.958666 0.000000
vn 0.284532 0.958666 0.000000
vn 0.159598 0.987182 0.000000
vn 0.159598 0.987182 0.000000
vn 0.032052 0.999486 0.000000
vn 0.032052 0.999486 0.000000
vn -0.096025 0.995379 0.000000
vn -0.096025 0.995379 0.000000
vn -0.222516 0.974929 0.000000
vn -0.222516 0.974929 0.000000
vn -0.345363 0.938469 0.000000
vn -0.345363 0.938469 0.000000
vn -0.462542 0.886598 0.000000
vn -0.462542 0.886598 0.000000
vn -0.572113 0.820175 0.000000
vn -0.572113 0.820175 0.000000
vn -0.672309 0.740270 0.000000
vn -0.672309 0.740270 0.000000
vn -0.761445 0.648229 0.000000
vn -0.761445 0.648229 0.000000
vn -0.838081 0.545546 0.000000
vn -0.838081 0.545546 0.000000
vn -0.900980 0.433860 0.000000
vn -0.900980 0.433860 0.000000
vn -0.949053 0.315115 0.000000
vn -0.949053 0.315115 0.000000
vn -0.981557 0.191172 0.000000
vn -0.981557 0.191172 0.000000
vn -0.997946 0.064064 0.000000
vn -0.997946 0.064064 0.000000
vn 0.000000 -1.000000 0.000000
vn 0.000000 -1.000000 0.000000
vn 0.000000 0.707107 0.707107
vn 0.000000 0.707107 0.707107
vn 0.000000 0.000000 1.000000
vn 0.000000 0.000000 1.000000
vn 0.000000 -1.000000 0.000000
vn 0.000000 -1.000000 0.000000
vn 0.000000 0.000000 -1.000000
vn 0.000000 0.000000 -1.000000
vn 0.000000 0.707107 -0.707107
vn 0.000000 0.707107 -0.707107
vn 0.000000 -1.000000 0.000000
vn 0.000000 -1.000000 0.000000
vn 1.000000 0.000000 0.000000
vn 1.000000 0.000000 0.000000
vn 1.000000 -0.000000 0.000000
vn 0.000000 0.000000 1.000000
vn 0.000000 0.000000 1.000000
vn 0.000000 1.000000 0.000000
vn 0.000000 1.000000 0.000000
vn 0.000000 1.000000 0.000000
vn 0.000000 1.000000 0.000000
vn 0.000000 1.000000 0.000000
vn 0.000000 1.000000 0.000000
vn 0.000000 1.000000 0.000000
vn 0.000000 1.000000 0.000000
vn 0.000000 1.000000 0.000000
vn 0.000000 1.000000 0.000000
vn 0.000000 1.000000 0.000000
vn 0.000000 1.000000 0.000000
vn 0.000000 1.000000 0.000000
vn 0.000000 1.000000 0.000000
vn 0.000000 1.000000 0.000000
vn 0.000000 1.000000 0.000000
vn 0.000000 1.000000 0.000000
vn 0.000000 1.000000 0.000000
vn 0.000000 1.000000 0.000000
vn 0.000000 1.000000 0.000000
vn 0.000000 1.000000 0.000000
vn 0.000000 1.000000 0.000000
vn 0.000000 1.000000 0.000000
vn 0.000000 1.000000 0.000000
vn 0.000000 1.000000 0.000000
vn 0.000000 1.000000 0.000000
vn 0.000000 1.000000 0.000000
vn 0.000000 1.000000 0.000000
vn 0.000000 1.000000 0.000000
vn 0.000000 1.000000 0.000000
vn 0.000000 1.000000 0.000000
vn 0.000000 1.000000 0.000000
vn 0.000000 1.000000 0.000000
vn 0.000000 1.000000 0.000000
vn 0.000000 1.000000 0.000000
vn 0.000000 1.000000 0.000000
vn 0.000000 1.000000 0.000000
vn 0.000000 1.000000 0.000000
vn 0.000000 1.000000 0.000000
vn 0.000000 1.000000 0.000000
vn 0.000000 1.000000 0.000000
vn 0.000000 1.000000 0.000000
vn 0.000000 1.000000 0.000000
vn 0.000000 1.000000 0.000000
vn 0.000000 1.000000 0.000000
vn 0.000000 1.000000 0.000000
vn 0.000000 1.000000 0.000000
vn 0.000000 1.000000 0.000000
vn 0.000000 1.000000 0.000000
vn 0.000000 1.000000 0.000000
vn 0.000000 1.000000 0.000000
vn 0.000000 1.000000 0.000000
vn 0.000000 1.000000 0.000000
vn 0.000000 1.000000 0.000000
vn 0.000000 1.000000 0.000000
vn 0.000000 1.000000 0.000000
vn 0.000000 1.000000 0.000000
vn 0.000000 1.000000 0.000000
vn 0.000000 1.000000 0.000000
vn 0.000000 1.000000 0.000000
vn 0.000000 1.000000 0.000000
vn 0.000000 1.000000 0.000000
vn 0.000000 1.000000 0.000000
vn 0.000000 1.000000 0.000000
vn 0.000000 1.000000 0.000000
vn 0.000000 1.000000 0.000000
vn 0.000000 1.000000 0.000000
vn 0.000000 1.000000 0.000000
vn 0.000000 1.000000 0.000000
vn 0.000000 1.000000 0.000000
vn 0.000000 1.000000 0.000000
vn 0.000000 1.000000 0.000000
vn 0.000000 1.000000 0.000000
vn 0.000000 1.000000 0.000000
vn 0.000000 1.000000 0.000000
vn 0.000000 1.000000 0.000000
vn 0.000000 1.000000 0.000000
vn 0.000000 1.000000 0.000000
vn 0.000000 1.000000 0.000000
vn 0.000000 1.000000 0.000000
vn 0.000000 1.000000 0.000000
vn 0.000000 1.000000 0.000000
vn 0.000000 1.000000 0.000000
vn 0.000000 1.000000 0.000000
vn -0.000000 1.000000 0.000000
vn 0.000000 1.000000 0.000000
vn 0.000000 0.766044 -0.642788
vn 0.000000 0.766044 -0.642788
vn 0.000000 0.766045 -0.642788
vn 0.642788 -0.000000 0.766044
vn 0.642788 -0.000000 0.766045
vn 0.642788 -0.000000 0.766044
vn -0.992709 0.000000 -0.120538
vn -0.992709 0.000000 -0.120538
vn -0.935017 0.000000 -0.354604
vn -0.935017 0.000000 -0.354604
vn -0.822984 0.000000 -0.568065
vn -0.822984 0.000000 -0.568065
vn -0.663122 0.000000 -0.748511
vn -0.663122 0.000000 -0.748511
vn -0.464725 0.000000 -0.885455
vn -0.464725 0.000000 -0.885455
vn -0.239316 0.000000 -0.970942
vn -0.000000 -0.000000 -1.000000
vn -0.239316 0.000000 -0.970942
vn 0.000000 0.000000 -1.000000
vn 0.239316 0.000000 -0.970942
vn 0.239316 0.000000 -0.970942
vn 0.464725 0.000000 -0.885455
vn 0.464725 0.000000 -0.885455
vn 0.663122 0.000000 -0.748511
vn 0.663122 0.000000 -0.748511
vn 0.822984 0.000000 -0.568065
vn 0.822984 0.000000 -0.568065
vn 0.935017 0.000000 -0.354604
vn 0.935017 0.000000 -0.354604
vn 0.992709 0.000000 -0.120538
vn 0.992709 0.000000 -0.120538
vn 0.992709 -0.000000 0.120538
vn 0.992709 0.000000 0.120538
vn 0.935017 -0.000000 0.354604
vn 0.935017 0.000000 0.354604
vn 0.822983 -0.000000 0.568066
vn 0.822983 0.000000 0.568066
vn 0.663123 -0.000000 0.748510
vn 0.663123 0.000000 0.748510
vn 0.464723 -0.000000 0.885456
vn 0.464723 0.000000 0.885456
vn 0.239316 -0.000000 0.970942
vn 0.239316 0.000000 0.970942
vn 0.000000 0.000000 1.000000
vn -0.000000 0.000000 1.000000
vn -0.239316 0.000000 0.970942
vn -0.239316 0.000000 0.970942
vn -0.464723 0.000000 0.885456
vn -0.464723 0.000000 0.885456
vn -0.663123 0.000000 0.748510
vn -0.663123 0.000000 0.748510
vn -0.822983 0.000000 0.568066
vn -0.822983 0.000000 0.568066
vn -0.935017 0.000000 0.354604
vn -0.935017 0.000000 0.354604
vn -0.992709 0.000000 0.120538
vn -0.992709 0.000000 0.120538
vn -0.992709 0.000000 -0.120538
vn -0.992709 0.000000 -0.120538
vn -0.935017 0.000000 -0.354604
vn -0.935017 0.000000 -0.354604
vn -0.822984 0.000000 -0.568065
vn -0.822984 0.000000 -0.568065
vn -0.663124 0.000000 -0.748510
vn -0.663124 0.000000 -0.748510
vn -0.464723 0.000000 -0.885456
vn -0.464723 0.000000 -0.885456
vn -0.239316 0.000000 -0.970942
vn -0.000000 -0.000000 -1.000000
vn -0.239316 0.000000 -0.970942
vn 0.000000 0.000000 -1.000000
vn 0.239316 0.000000 -0.970942
vn 0.239316 0.000000 -0.970942
vn 0.464723 0.000000 -0.885456
vn 0.464723 0.000000 -0.885456
vn 0.663124 0.000000 -0.748510
vn 0.663124 0.000000 -0.748510
vn 0.822984 0.000000 -0.568065
vn 0.822984 0.000000 -0.568065
vn 0.935017 0.000000 -0.354604
vn 0.935017 0.000000 -0.354604
vn 0.992709 0.000000 -0.120538
vn 0.992709 0.000000 -0.120538
vn 0.992709 -0.000000 0.120538
vn 0.992709 0.000000 0.120538
vn 0.935017 -0.000000 0.354604
vn 0.935017 0.000000 0.354604
vn 0.822983 -0.000000 0.568066
vn 0.822983 0.000000 0.568066
vn 0.663125 -0.000000 0.748509
vn 0.663125 0.000000 0.748509
vn 0.464721 -0.000000 0.885457
vn 0.464721 0.000000 0.885457
vn 0.239316 -0.000000 0.970942
vn 0.239316 0.000000 0.970942
vn 0.000000 0.000000 1.000000
vn -0.000000 0.000000 1.000000
vn -0.239316 0.000000 0.970942
vn -0.239316 0.000000 0.970942
vn -0.464721 0.000000 0.885457
vn -0.464721 0.000000 0.885457
vn -0.663125 0.000000 0.748509
vn -0.663125 0.000000 0.748509
vn -0.822983 0.000000 0.568066
vn -0.822983 0.000000 0.568066
vn -0.935017 0.000000 0.354604
vn -0.935017 0.000000 0.354604
vn -0.992709 0.000000 0.120538
vn -0.992709 0.000000 0.120538
vn -0.992709 0.000000 -0.120538
vn -0.992709 0.000000 -0.120538
vn -0.935017 0.000000 -0.354604
vn -0.935017 0.000000 -0.354604
vn -0.822984 0.000000 -0.568065
vn -0.822984 0.000000 -0.568065
vn -0.663124 0.000000 -0.748510
vn -0.663124 0.000000 -0.748510
vn -0.464723 0.000000 -0.885456
vn -0.464723 0.000000 -0.885456
vn -0.239316 0.000000 -0.970942
vn -0.000000 -0.000000 -1.000000
vn -0.239316 0.000000 -0.970942
vn 0.000000 0.000000 -1.000000
vn 0.239316 0.000000 -0.970942
vn 0.239316 0.000000 -0.970942
vn 0.464723 0.000000 -0.885456
vn 0.464723 0.000000 -0.885456
vn 0.663124 0.000000 -0.748510
vn 0.663124 0.000000 -0.748510
vn 0.822984 0.000000 -0.568065
vn 0.822984 0.000000 -0.568065
vn 0.935017 0.000000 -0.354604
vn 0.935017 0.000000 -0.354604
vn 0.992709 0.000000 -0.120538
vn 0.992709 0.000000 -0.120538
vn 0.992709 -0.000000 0.120538
vn 0.992709 0.000000 0.120538
vn 0.935017 -0.000000 0.354604
vn 0.935017 0.000000 0.354604
vn 0.822983 -0.000000 0.568066
vn 0.822983 0.000000 0.568066
vn 0.663125 -0.000000 0.748509
vn 0.663125 0.000000 0.748509
vn 0.464721 -0.000000 0.885457
vn 0.464721 0.000000 0.885457
vn 0.239316 -0.000000 0.970942
vn 0.239316 0.000000 0.970942
vn 0.000000 0.000000 1.000000
vn -0.000000 0.000000 1.000000
vn -0.239316 0.000000 0.970942
vn -0.239316 0.000000 0.970942
vn -0.464721 0.000000 0.885457
vn -0.464721 0.000000 0.885457
vn -0.663125 0.000000 0.748509
vn -0.663125 0.000000 0.748509
vn -0.822983 0.000000 0.568066
vn -0.822983 0.000000 0.568066
vn -0.935017 0.000000 0.354604
vn -0.935017 0.000000 0.354604
vn -0.992709 0.000000 0.120538
vn -0.992709 0.000000 0.120538
vn 0.000000 -0.120537 0.992709
vn 0.000000 -0.120537 0.992709
vn 0.000000 -0.354604 0.935016
vn 0.000000 -0.354604 0.935016
vn 0.000000 -0.568069 0.822981
vn 0.000000 -0.568069 0.822981
vn 0.000000 -0.748511 0.663123
vn 0.000000 -0.748511 0.663123
vn 0.000000 -0.885456 0.464724
vn 0.000000 -0.885456 0.464724
vn 0.000000 -0.970941 0.239319
vn 0.000000 -1.000000 0.000000
vn 0.000000 -0.970941 0.239319
vn 0.000000 -1.000000 0.000000
vn 0.000000 -0.970941 -0.239319
vn -0.000000 -0.970941 -0.239319
vn 0.000000 -0.885456 -0.464724
vn 0.000000 -0.748511 -0.663123
vn -0.000000 -0.885456 -0.464724
vn 0.000000 -0.748511 -0.663123
vn -0.000000 -0.568069 -0.822981
vn 0.000000 -0.568069 -0.822981
vn -0.000000 -0.354604 -0.935016
vn 0.000000 -0.354604 -0.935016
vn -0.000000 -0.120536 -0.992709
vn 0.000000 -0.120536 -0.992709
vn 0.000000 0.120536 -0.992709
vn 0.000000 0.120536 -0.992709
vn 0.000000 0.354604 -0.935016
vn 0.000000 0.354604 -0.935016
vn 0.000000 0.568069 -0.822981
vn 0.000000 0.568069 -0.822981
vn 0.000000 0.748511 -0.663123
vn 0.000000 0.748511 -0.663123
vn 0.000000 0.885456 -0.464724
vn 0.000000 0.885456 -0.464724
vn 0.000000 0.970941 -0.239319
vn 0.000000 0.970941 -0.239319
vn 0.000000 1.000000 0.000000
vn 0.000000 1.000000 0.000000
vn 0.000000 0.970941 0.239319
vn 0.000000 0.970941 0.239319
vn 0.000000 0.885456 0.464724
vn 0.000000 0.885456 0.464724
vn 0.000000 0.748511 0.663123
vn 0.000000 0.748511 0.663123
vn -0.000000 0.568069 0.822981
vn 0.000000 0.568069 0.822981
vn 0.000000 0.354604 0.935016
vn 0.000000 0.354604 0.935016
vn 0.000000 0.120537 0.992709
vn 0.000000 0.120537 0.992709
vn 0.000000 -0.120537 0.992709
vn 0.000000 -0.120537 0.992709
vn 0.000000 -0.354605 0.935016
vn 0.000000 -0.354605 0.935016
vn 0.000000 -0.568065 0.822984
vn 0.000000 -0.568065 0.822984
vn 0.000000 -0.748511 0.663122
vn 0.000000 -0.748511 0.663122
vn 0.000000 -0.885456 0.464724
vn 0.000000 -0.885456 0.464724
vn 0.000000 -0.970942 0.239315
vn 0.000000 -1.000000 0.000000
vn 0.000000 -0.970942 0.239315
vn 0.000000 -1.000000 0.000000
vn 0.000000 -0.970942 -0.239315
vn -0.000000 -0.970942 -0.239315
vn 0.000000 -0.885456 -0.464724
vn 0.000000 -0.748511 -0.663122
vn -0.000000 -0.885456 -0.464724
vn 0.000000 -0.748511 -0.663122
vn -0.000000 -0.568065 -0.822984
vn 0.000000 -0.568065 -0.822984
vn -0.000000 -0.354605 -0.935016
vn 0.000000 -0.354605 -0.935016
vn -0.000000 -0.120537 -0.992709
vn 0.000000 -0.120537 -0.992709
vn 0.000000 0.120537 -0.992709
vn 0.000000 0.120537 -0.992709
vn 0.000000 0.354605 -0.935016
vn 0.000000 0.354605 -0.935016
vn 0.000000 0.568065 -0.822984
vn 0.000000 0.568065 -0.822984
vn 0.000000 0.748511 -0.663122
vn 0.000000 0.748511 -0.663122
vn 0.000000 0.885456 -0.464724
vn 0.000000 0.885456 -0.464724
vn 0.000000 0.970942 -0.239315
vn 0.000000 0.970942 -0.239315
vn 0.000000 1.000000 0.000000
vn 0.000000 1.000000 0.000000
vn 0.000000 0.970942 0.239315
vn 0.000000 0.970942 0.239315
vn 0.000000 0.885456 0.464724
vn 0.000000 0.885456 0.464724
vn 0.000000 0.748511 0.663122
vn 0.000000 0.748511 0.663122
vn -0.000000 0.568065 0.822984
vn 0.000000 0.568065 0.822984
vn 0.000000 0.354605 0.935016
vn 0.000000 0.354605 0.935016
vn 0.000000 0.120537 0.992709
vn 0.000000 0.120537 0.992709
vn 0.000000 0.120537 -0.992709
vn 0.000000 0.120537 -0.992709
vn 0.000000 0.354604 -0.935017
vn 0.000000 0.568066 -0.822983
vn 0.000000 0.354604 -0.935017
vn 0.000000 0.568066 -0.822983
vn 0.000000 0.748508 -0.663126
vn 0.000000 0.748508 -0.663126
vn 0.000000 0.885457 -0.464722
vn 0.000000 0.970943 -0.239312
vn 0.000000 0.885457 -0.464722
vn 0.000000 0.970943 -0.239312
vn 0.000000 1.000000 0.000000
vn 0.000000 0.970943 0.239312
vn 0.000000 1.000000 0.000000
vn 0.000000 0.970943 0.239312
vn 0.000000 0.885457 0.464722
vn 0.000000 0.748508 0.663125
vn 0.000000 0.885457 0.464722
vn 0.000000 0.568066 0.822983
vn 0.000000 0.748508 0.663125
vn 0.000000 0.568066 0.822983
vn 0.000000 0.354603 0.935017
vn 0.000000 0.354603 0.935017
vn 0.000000 0.120537 0.992709
vn 0.000000 0.120537 0.992709
vn 0.000000 -0.120537 0.992709
vn 0.000000 -0.120537 0.992709
vn 0.000000 -0.354603 0.935017
vn 0.000000 -0.354603 0.935017
vn 0.000000 -0.568066 0.822983
vn 0.000000 -0.568066 0.822983
vn 0.000000 -0.748508 0.663125
vn 0.000000 -0.748508 0.663125
vn 0.000000 -0.885457 0.464722
vn 0.000000 -0.885457 0.464722
vn 0.000000 -0.970943 0.239312
vn 0.000000 -0.970943 0.239312
vn 0.000000 -1.000000 0.000000
vn 0.000000 -1.000000 0.000000
vn 0.000000 -0.970943 -0.239312
vn -0.000000 -0.970943 -0.239312
vn 0.000000 -0.885457 -0.464722
vn -0.000000 -0.885457 -0.464722
vn 0.000000 -0.748508 -0.663126
vn -0.000000 -0.748508 -0.663126
vn -0.000000 -0.568066 -0.822983
vn -0.000000 -0.568066 -0.822983
vn -0.000000 -0.354604 -0.935017
vn 0.000000 -0.354604 -0.935017
vn -0.000000 -0.120537 -0.992709
vn 0.000000 -0.120537 -0.992709
vn 0.000000 0.120537 -0.992709
vn 0.000000 0.120537 -0.992709
vn 0.000000 0.354605 -0.935016
vn 0.000000 0.568065 -0.822984
vn 0.000000 0.354605 -0.935016
vn 0.000000 0.568065 -0.822984
vn 0.000000 0.748511 -0.663123
vn 0.000000 0.748511 -0.663123
vn 0.000000 0.885456 -0.464722
vn 0.000000 0.970942 -0.239316
vn 0.000000 0.885456 -0.464722
vn 0.000000 0.970942 -0.239316
vn 0.000000 1.000000 0.000000
vn 0.000000 0.970942 0.239316
vn 0.000000 1.000000 0.000000
vn 0.000000 0.970942 0.239316
vn 0.000000 0.885456 0.464723
vn 0.000000 0.748511 0.663123
vn 0.000000 0.885456 0.464723
vn 0.000000 0.568065 0.822984
vn 0.000000 0.748511 0.663123
vn 0.000000 0.568065 0.822984
vn 0.000000 0.354605 0.935016
vn 0.000000 0.354605 0.935016
vn 0.000000 0.120537 0.992709
vn 0.000000 0.120537 0.992709
vn 0.000000 -0.120537 0.992709
vn 0.000000 -0.120537 0.992709
vn 0.000000 -0.354605 0.935016
vn 0.000000 -0.354605 0.935016
vn 0.000000 -0.568065 0.822984
vn 0.000000 -0.568065 0.822984
vn 0.000000 -0.748511 0.663123
vn 0.000000 -0.748511 0.663123
vn 0.000000 -0.885456 0.464723
vn 0.000000 -0.885456 0.464723
vn 0.000000 -0.970942 0.239316
vn 0.000000 -0.970942 0.239316
vn 0.000000 -1.000000 0.000000
vn 0.000000 -1.000000 0.000000
vn 0.000000 -0.970942 -0.239316
vn -0.000000 -0.970942 -0.239316
vn 0.000000 -0.885456 -0.464722
vn -0.000000 -0.885456 -0.464722
vn 0.000000 -0.748511 -0.663123
vn -0.000000 -0.748511 -0.663123
vn -0.000000 -0.568065 -0.822984
vn -0.000000 -0.568065 -0.822984
vn -0.000000 -0.354605 -0.935016
vn 0.000000 -0.354605 -0.935016
vn -0.000000 -0.120537 -0.992709
vn 0.000000 -0.120537 -0.992709
vn 0.000000 0.000000 1.000000
vn 0.000000 0.000000 1.000000
vn 0.000000 0.000000 1.000000
vn 0.000000 0.000000 1.000000
vn 0.000000 0.000000 1.000000
vn 0.000000 0.000000 1.000000
vn 0.000000 0.000000 1.000000
vn 0.000000 0.000000 1.000000
vn 0.000000 0.000000 1.000000
vn 0.000000 0.000000 1.000000
vn 0.000000 0.000000 1.000000
vn 0.000000 0.000000 1.000000
vn 0.000000 0.000000 1.000000
vn 0.000000 0.000000 1.000000
vn 0.000000 0.000000 1.000000
vn 0.000000 0.000000 1.000000
vn 0.000000 0.000000 1.000000
vn 0.000000 0.000000 1.000000
vn 0.000000 0.000000 1.000000
vn 0.000000 0.000000 1.000000
vn 0.000000 0.000000 1.000000
vn 0.000000 0.000000 1.000000
vn 0.000000 0.000000 1.000000
vn 0.000000 0.000000 1.000000
vn 0.000000 0.000000 1.000000
vn 0.000000 0.000000 1.000000
vn 0.000000 0.000000 1.000000
vn 0.000000 0.000000 1.000000
vn 0.000000 0.000000 1.000000
vn 0.000000 0.000000 1.000000
vn 0.000000 0.000000 1.000000
vn 0.000000 0.000000 1.000000
vn 0.000000 0.000000 1.000000
vn 0.000000 0.000000 1.000000
vn 0.000000 0.000000 1.000000
vn 0.000000 0.000000 1.000000
vn 0.000000 0.000000 1.000000
vn 0.000000 0.000000 1.000000
vn 0.000000 0.000000 1.000000
vn 0.000000 0.000000 1.000000
vn 0.000000 0.000000 1.000000
vn 0.000000 0.000000 1.000000
vn 0.000000 0.000000 1.000000
vn 0.000000 0.000000 1.000000
vn 0.000000 0.000000 1.000000
vn 0.000000 0.000000 1.000000
vn 0.000000 0.000000 1.000000
vn 0.000000 0.000000 1.000000
vn 0.000000 0.000000 1.000000
vn 0.000000 0.000000 1.000000
vn 0.000000 0.000000 1.000000
vn 0.000000 0.000000 1.000000
vn 0.000000 0.000000 1.000000
vn 0.000000 0.000000 1.000000
vn 0.000000 0.000000 1.000000
vn 0.000000 0.000000 1.000000
vn 0.000000 0.000000 1.000000
vn 0.000000 0.000000 1.000000
vn 0.000000 0.000000 1.000000
vn 0.000000 0.000000 1.000000
vn 0.000000 0.000000 1.000000
vn 0.000000 0.000000 1.000000
vn 0.000000 0.000000 1.000000
vn 0.000000 0.000000 1.000000
vn 0.000000 0.000000 1.000000
vn 0.000000 0.000000 1.000000
vn 0.000000 0.000000 1.000000
vn 0.000000 0.000000 1.000000
vn 0.000000 0.000000 1.000000
vn 0.000000 0.000000 1.000000
vn 0.000000 0.000000 1.000000
vn 0.000000 0.000000 1.000000
vn 0.000000 0.000000 1.000000
vn 0.000000 0.000000 1.000000
vn 0.000000 0.000000 1.000000
vn 0.000000 0.000000 1.000000
vn 0.000000 0.000000 1.000000
vn 0.000000 0.000000 1.000000
vn 0.000000 0.000000 1.000000
vn 0.000000 0.000000 1.000000
vn 0.000000 0.000000 1.000000
vn 0.000000 0.000000 1.000000
vn 0.000000 0.000000 1.000000
vn 0.000000 0.000000 1.000000
vn 0.000000 0.000000 1.000000
vn 0.000000 0.000000 1.000000
vn 0.000000 1.000000 0.000000
vn 0.000000 1.000000 -0.000000
vn 0.000000 -1.000000 0.000000
vn 0.000000 -1.000000 0.000000
vn -0.000000 0.707107 0.707107
vn 0.000000 0.707107 0.707107
vn 0.000000 -0.707107 0.707107
vn 0.000000 -0.707107 0.707107
vn 0.000000 0.000000 1.000000
vn 0.000000 0.000000 1.000000
vn 0.000000 -0.120537 -0.992709
vn 0.000000 -0.120537 -0.992709
vn 0.000000 -0.354605 -0.935016
vn 0.000000 -0.354605 -0.935016
vn 0.000000 -0.568065 -0.822984
vn 0.000000 -0.568065 -0.822984
vn 0.000000 -0.748511 -0.663122
vn 0.000000 -0.885456 -0.464724
vn 0.000000 -0.748511 -0.663122
vn 0.000000 -0.885456 -0.464724
vn 0.000000 -0.970942 -0.239315
vn 0.000000 -0.970942 -0.239315
vn 0.000000 -1.000000 0.000000
vn 0.000000 -0.970942 0.239315
vn 0.000000 -1.000000 0.000000
vn 0.000000 -0.885456 0.464724
vn 0.000000 -0.970942 0.239315
vn 0.000000 -0.885456 0.464724
vn 0.000000 -0.748511 0.663122
vn 0.000000 -0.748511 0.663122
vn 0.000000 -0.568065 0.822984
vn 0.000000 -0.568065 0.822984
vn 0.000000 -0.354605 0.935016
vn 0.000000 -0.354605 0.935016
vn 0.000000 -0.120537 0.992709
vn 0.000000 -0.120537 0.992709
vn 0.000000 0.120537 0.992709
vn -0.000000 0.120537 0.992709
vn 0.000000 0.354605 0.935016
vn -0.000000 0.354605 0.935016
vn 0.000000 0.568065 0.822984
vn -0.000000 0.568065 0.822984
vn 0.000000 0.748511 0.663123
vn -0.000000 0.748511 0.663123
vn 0.000000 0.885456 0.464723
vn -0.000000 0.885456 0.464723
vn -0.000000 0.970942 0.239316
vn -0.000000 0.970942 0.239316
vn 0.000000 1.000000 0.000000
vn 0.000000 1.000000 0.000000
vn 0.000000 0.970942 -0.239316
vn 0.000000 0.970942 -0.239316
vn 0.000000 0.885456 -0.464723
vn 0.000000 0.885456 -0.464723
vn 0.000000 0.748511 -0.663123
vn 0.000000 0.748511 -0.663123
vn 0.000000 0.568065 -0.822984
vn 0.000000 0.568065 -0.822984
vn 0.000000 0.354605 -0.935016
vn 0.000000 0.354605 -0.935016
vn 0.000000 0.120537 -0.992709
vn 0.000000 0.120537 -0.992709
vn 0.000000 0.120535 0.992709
vn -0.000197 0.354606 0.935016
vn 0.000200 0.122529 0.992465
vn -0.000387 0.568064 0.822984
vn 0.000393 0.360226 0.932865
vn -0.000570 0.748511 0.663122
vn 0.000580 0.576295 0.817242
vn -0.000747 0.885455 0.464724
vn 0.000760 0.757751 0.652543
vn -0.000917 0.970941 0.239316
vn 0.000934 0.893704 0.448655
vn -0.001081 0.999999 0.000000
vn 0.001101 0.975987 0.217826
vn -0.001238 0.970941 -0.239316
vn 0.001261 0.999659 -0.026085
vn -0.001388 0.885455 -0.464723
vn 0.001414 0.963298 -0.268430
vn -0.001532 0.748511 -0.663121
vn 0.001561 0.869088 -0.494654
vn -0.001669 0.568063 -0.822983
vn 0.001702 0.722687 -0.691173
vn 0.001835 0.532887 -0.846184
vn -0.001799 0.354606 -0.935014
vn 0.001963 0.311086 -0.950380
vn -0.001923 0.120535 -0.992707
vn 0.002083 0.070600 -0.997503
vn -0.002040 -0.120535 -0.992707
vn -0.002150 -0.354605 -0.935014
vn 0.002197 -0.174121 -0.984722
vn -0.002254 -0.568062 -0.822982
vn 0.002304 -0.408389 -0.912805
vn -0.002351 -0.748509 -0.663120
vn 0.002405 -0.618129 -0.786073
vn -0.002442 -0.885453 -0.464722
vn 0.002498 -0.790750 -0.612134
vn -0.002526 -0.970939 -0.239315
vn 0.002586 -0.915884 -0.401434
vn -0.002603 -0.999997 -0.000000
vn 0.002666 -0.986016 -0.166628
vn -0.002674 -0.970938 0.239315
vn 0.002740 -0.996935 0.078185
vn -0.002738 -0.885452 0.464722
vn 0.002807 -0.947985 0.318303
vn -0.002795 -0.748509 0.663119
vn 0.002868 -0.842105 0.539305
vn -0.002846 -0.568061 0.822981
vn 0.002922 -0.685655 0.727921
vn -0.002287 -0.354605 0.935013
vn 0.001897 -0.503136 0.864205
vn -0.001339 -0.120535 0.992708
vn 0.001144 -0.311085 0.950381
vn 0.000000 -0.105249 0.994446
vn 0.000000 0.000000 1.000000
vn 0.000000 0.000000 1.000000
vn 0.000000 1.000000 -0.000000
vn 0.000000 1.000000 0.000000
vn 0.000000 1.000000 0.000000
vn 0.000000 1.000000 0.000000
vn 0.000000 0.000000 -1.000000
vn -0.000000 0.000000 -1.000000
vn 0.000000 -1.000000 0.000000
vn 0.000000 -1.000000 0.000000
vn 0.000000 -1.000000 -0.000000
vn 0.000000 -1.000000 0.000000
vn 0.000000 0.000000 1.000000
vn 0.000000 0.000000 1.000000
vn 0.000000 1.000000 -0.000000
vn 0.000000 1.000000 0.000000
vn 0.000000 1.000000 0.000000
vn 0.000000 1.000000 0.000000
vn 0.000000 0.000000 -1.000000
vn -0.000000 0.000000 -1.000000
vn 0.000000 -1.000000 0.000000
vn 0.000000 -1.000000 0.000000
vn 0.000000 -1.000000 -0.000000
vn 0.000000 -1.000000 0.000000
vn -0.001338 0.120535 0.992708
vn -0.000000 0.105250 0.994446
vn -0.002287 0.354608 0.935012
vn 0.001144 0.311083 0.950382
vn -0.002846 0.568058 0.822983
vn 0.001897 0.503130 0.864208
vn -0.002795 0.748510 0.663118
vn 0.002922 0.685661 0.727915
vn -0.002737 0.885448 0.464731
vn 0.002868 0.842106 0.539304
vn -0.002674 0.970943 0.239297
vn 0.002809 0.947983 0.318309
vn -0.002604 0.999997 0.000000
vn 0.002739 0.996935 0.078184
vn -0.002525 0.970943 -0.239297
vn 0.002665 0.986015 -0.166637
vn -0.002441 0.885448 -0.464731
vn 0.002587 0.915882 -0.401439
vn -0.002352 0.748511 -0.663118
vn 0.002499 0.790759 -0.612122
vn 0.002405 0.618124 -0.786077
vn -0.002254 0.568059 -0.822985
vn 0.002304 0.408391 -0.912804
vn -0.002150 0.354608 -0.935013
vn 0.002197 0.174119 -0.984722
vn -0.002040 0.120534 -0.992707
vn 0.002083 -0.070601 -0.997502
vn -0.001923 -0.120534 -0.992707
vn 0.001963 -0.311084 -0.950380
vn -0.001799 -0.354608 -0.935013
vn -0.001669 -0.568060 -0.822986
vn 0.001835 -0.532884 -0.846187
vn -0.001531 -0.748512 -0.663119
vn 0.001702 -0.722697 -0.691163
vn -0.001387 -0.885450 -0.464732
vn 0.001562 -0.869084 -0.494662
vn -0.001237 -0.970945 -0.239298
vn 0.001416 -0.963300 -0.268423
vn -0.001081 -0.999999 -0.000000
vn 0.001261 -0.999659 -0.026087
vn -0.000915 -0.970946 0.239298
vn 0.001100 -0.975986 0.217831
vn -0.000747 -0.885451 0.464733
vn 0.000936 -0.893709 0.448645
vn -0.000570 -0.748513 0.663120
vn 0.000760 -0.757753 0.652542
vn -0.000387 -0.568060 0.822987
vn 0.000580 -0.576294 0.817242
vn -0.000196 -0.354609 0.935015
vn 0.000393 -0.360227 0.932865
vn 0.000200 -0.122528 0.992465
vn 0.000000 -0.120535 0.992709
vn 0.000000 -0.120537 -0.992709
vn 0.000000 -0.120537 -0.992709
vn 0.000000 -0.354604 -0.935016
vn 0.000000 -0.354604 -0.935016
vn 0.000000 -0.568064 -0.822984
vn 0.000000 -0.568064 -0.822984
vn 0.000000 -0.748511 -0.663123
vn 0.000000 -0.885456 -0.464724
vn 0.000000 -0.748511 -0.663123
vn 0.000000 -0.885456 -0.464724
vn 0.000000 -0.970942 -0.239314
vn 0.000000 -0.970942 -0.239314
vn 0.000000 -1.000000 0.000000
vn 0.000000 -0.970942 0.239314
vn 0.000000 -1.000000 0.000000
vn 0.000000 -0.885456 0.464724
vn 0.000000 -0.970942 0.239314
vn 0.000000 -0.885456 0.464724
vn 0.000000 -0.748511 0.663123
vn 0.000000 -0.748511 0.663123
vn 0.000000 -0.568064 0.822984
vn 0.000000 -0.568064 0.822984
vn 0.000000 -0.354604 0.935016
vn 0.000000 -0.354604 0.935016
vn 0.000000 -0.120537 0.992709
vn 0.000000 -0.120537 0.992709
vn 0.000000 0.120537 0.992709
vn -0.000000 0.120537 0.992709
vn 0.000000 0.354604 0.935016
vn -0.000000 0.354604 0.935016
vn 0.000000 0.568064 0.822984
vn -0.000000 0.568064 0.822984
vn 0.000000 0.748511 0.663123
vn -0.000000 0.748511 0.663123
vn 0.000000 0.885456 0.464724
vn -0.000000 0.885456 0.464724
vn -0.000000 0.970942 0.239314
vn -0.000000 0.970942 0.239314
vn 0.000000 1.000000 0.000000
vn 0.000000 1.000000 0.000000
vn 0.000000 0.970942 -0.239314
vn 0.000000 0.970942 -0.239314
vn 0.000000 0.885456 -0.464724
vn 0.000000 0.885456 -0.464724
vn 0.000000 0.748511 -0.663123
vn 0.000000 0.748511 -0.663123
vn 0.000000 0.568064 -0.822984
vn 0.000000 0.568064 -0.822984
vn 0.000000 0.354604 -0.935016
vn 0.000000 0.354604 -0.935016
vn 0.000000 0.120537 -0.992709
vn 0.000000 0.120537 -0.992709
vn 0.000000 -1.000000 0.000000
vn 0.000000 -1.000000 -0.000000
vn 0.000000 -1.000000 0.000000
vn 0.000000 0.000000 -1.000000
vn -0.000000 0.000000 -1.000000
vn 0.000000 0.000000 1.000000
vn 0.000000 0.000000 1.000000
vn 0.000000 1.000000 0.000000
vn -0.000000 1.000000 0.000000
vn 0.000000 1.000000 0.000000
vn 0.000000 0.000000 1.000000
vn 0.000000 0.000000 1.000000
vn 0.000000 0.000000 1.000000
vn 0.000000 0.000000 1.000000
vn 0.000000 0.000000 1.000000
vn 0.000000 0.000000 1.000000
vn 0.000000 0.000000 1.000000
vn 0.000000 0.000000 1.000000
vn -0.000000 0.024793 0.999693
vn -0.002458 0.074319 0.997231
vn -0.007057 0.120534 0.992684
vn -0.006609 0.123659 0.992303
vn -0.002010 0.172700 0.984972
vn 0.000136 0.221314 0.975203
vn -0.000176 0.269385 0.963033
vn -0.002946 0.316791 0.948491
vn -0.007173 0.354596 0.934992
vn -0.005889 0.363414 0.931609
vn -0.001601 0.409155 0.912463
vn 0.000233 0.453883 0.891061
vn -0.000392 0.497498 0.867465
vn -0.003473 0.539883 0.841733
vn -0.007250 0.568050 0.822962
vn -0.005209 0.580943 0.813927
vn -0.001232 0.620582 0.784140
vn 0.000290 0.658690 0.752415
vn -0.000647 0.695180 0.718836
vn -0.004040 0.729953 0.683485
vn -0.007287 0.748491 0.663105
vn -0.004568 0.762934 0.646460
vn -0.000903 0.794050 0.607852
vn 0.000307 0.823205 0.567744
vn -0.000942 0.850339 0.526234
vn -0.004646 0.875370 0.483432
vn -0.007285 0.885433 0.464711
vn -0.003967 0.898261 0.439445
vn -0.000613 0.918946 0.394382
vn 0.000285 0.937366 0.348347
vn -0.001276 0.953483 0.301443
vn -0.005291 0.967239 0.253812
vn -0.007243 0.970916 0.239310
vn -0.003405 0.978641 0.205549
vn -0.000363 0.987632 0.156791
vn 0.000223 0.994191 0.107633
vn -0.001650 0.998302 0.058221
vn -0.005977 0.999945 0.008662
vn -0.007161 0.999974 0.000000
vn -0.002883 0.999158 -0.040919
vn -0.000152 0.995905 -0.090401
vn 0.000122 0.990201 -0.139651
vn -0.002064 0.982057 -0.188571
vn -0.007039 0.970918 -0.239310
vn -0.006701 0.971483 -0.237016
vn -0.002401 0.958560 -0.284880
vn 0.000019 0.943261 -0.332053
vn -0.000020 0.925640 -0.378405
vn -0.002517 0.905742 -0.423822
vn -0.007073 0.885434 -0.464711
vn -0.006517 0.883602 -0.468193
vn -0.001957 0.859326 -0.511424
vn 0.000150 0.832918 -0.553396
vn -0.000201 0.804461 -0.594006
vn -0.003009 0.774022 -0.633152
vn -0.007185 0.748492 -0.663105
vn -0.005803 0.741676 -0.670733
vn -0.001553 0.707527 -0.706685
vn 0.000242 0.671624 -0.740892
vn -0.000421 0.634074 -0.773272
vn -0.003541 0.594958 -0.803749
vn -0.007257 0.568050 -0.822962
vn -0.005128 0.554382 -0.832246
vn -0.001189 0.512447 -0.858718
vn 0.000294 0.469250 -0.883065
vn -0.000681 0.424900 -0.905240
vn -0.004113 0.379501 -0.925182
vn -0.007289 0.354595 -0.934992
vn -0.004492 0.333174 -0.942855
vn -0.000865 0.286026 -0.958221
vn 0.000307 0.238173 -0.971223
vn -0.000981 0.189736 -0.981835
vn -0.004724 0.140831 -0.990022
vn -0.007282 0.120534 -0.992682
vn -0.003895 0.091585 -0.995790
vn -0.000579 0.042104 -0.999113
vn 0.000280 -0.007470 -0.999972
vn -0.001320 -0.057032 -0.998371
vn -0.005375 -0.106454 -0.994303
vn -0.007235 -0.120534 -0.992683
vn -0.003338 -0.155610 -0.987813
vn -0.000334 -0.204388 -0.978890
vn 0.000212 -0.252662 -0.967555
vn -0.001699 -0.300315 -0.953839
vn -0.006065 -0.347222 -0.937763
vn -0.007148 -0.354595 -0.934993
vn -0.002821 -0.393285 -0.919412
vn -0.000128 -0.438382 -0.898789
vn 0.000106 -0.482395 -0.875954
vn -0.002118 -0.525224 -0.850961
vn -0.006794 -0.566751 -0.823861
vn -0.007021 -0.568051 -0.822964
vn -0.002343 -0.606905 -0.794771
vn 0.000038 -0.645558 -0.763711
vn -0.000040 -0.682621 -0.730772
vn -0.002576 -0.718007 -0.696032
vn -0.007089 -0.748492 -0.663106
vn -0.006426 -0.751615 -0.659570
vn -0.001904 -0.783401 -0.621513
vn 0.000164 -0.813247 -0.581918
vn -0.000226 -0.841095 -0.540888
vn -0.003073 -0.866868 -0.498528
vn -0.007196 -0.885433 -0.464711
vn -0.005716 -0.890506 -0.454936
vn -0.001506 -0.911977 -0.410239
vn 0.000251 -0.931193 -0.364527
vn -0.000451 -0.948117 -0.317920
vn -0.003610 -0.962705 -0.270529
vn -0.007263 -0.970916 -0.239309
vn -0.005046 -0.974926 -0.222471
vn -0.001146 -0.984768 -0.173870
vn 0.000298 -0.992176 -0.124842
vn -0.000716 -0.997145 -0.075505
vn -0.004187 -0.999654 -0.025983
vn -0.007290 -0.999973 0.000000
vn -0.004415 -0.999712 0.023604
vn -0.000827 -0.997322 0.073134
vn 0.000305 -0.992471 0.122481
vn -0.001021 -0.985179 0.171529
vn -0.004803 -0.975454 0.220152
vn -0.007278 -0.970916 0.239309
vn -0.003824 -0.963346 0.268236
vn -0.000547 -0.948871 0.315664
vn 0.000273 -0.932057 0.362312
vn -0.001365 -0.912950 0.408070
vn -0.005459 -0.891586 0.452818
vn -0.007226 -0.885433 0.464711
vn -0.003272 -0.868052 0.496462
vn -0.000306 -0.842379 0.538886
vn 0.000201 -0.814630 0.579981
vn -0.001734 -0.785120 0.619342
vn -0.006030 -0.753960 0.656892
vn -0.007161 -0.748492 0.663105
vn -0.002924 -0.721023 0.692905
vn -0.000198 -0.686363 0.727259
vn 0.000148 -0.650068 0.759876
vn -0.001887 -0.612222 0.790684
vn -0.006298 -0.572907 0.819596
vn -0.007120 -0.568050 0.822963
vn -0.002738 -0.532250 0.846583
vn -0.000126 -0.490316 0.871545
vn 0.000104 -0.447214 0.894427
vn -0.002046 -0.403045 0.915178
vn -0.006572 -0.357910 0.933733
vn -0.007073 -0.354596 0.934993
vn -0.002556 -0.311937 0.950099
vn -0.000060 -0.265216 0.964189
vn 0.000055 -0.217861 0.975980
vn -0.002211 -0.169988 0.985444
vn -0.007021 -0.120534 0.992684
vn -0.006851 -0.121707 0.992542
vn -0.002381 -0.073142 0.997319
vn 0.000000 -0.024400 0.999702
vn -0.000000 0.024400 0.999702
vn -0.002381 0.073142 0.997319
vn -0.007021 0.120534 0.992684
vn -0.006851 0.121707 0.992542
vn -0.002210 0.169989 0.985444
vn 0.000055 0.217858 0.975981
vn -0.000061 0.265219 0.964188
vn -0.002556 0.311936 0.950100
vn -0.007073 0.354596 0.934993
vn -0.006572 0.357910 0.933733
vn -0.002046 0.403045 0.915178
vn 0.000104 0.447217 0.894425
vn -0.000126 0.490309 0.871549
vn -0.002738 0.532253 0.846581
vn -0.007120 0.568051 0.822963
vn -0.006299 0.572901 0.819600
vn -0.001887 0.612228 0.790679
vn 0.000148 0.650069 0.759875
vn -0.000198 0.686363 0.727259
vn -0.002925 0.721029 0.692899
vn -0.007160 0.748490 0.663107
vn -0.006029 0.753958 0.656895
vn -0.001734 0.785114 0.619349
vn 0.000202 0.814625 0.579988
vn -0.000307 0.842381 0.538882
vn -0.003272 0.868060 0.496448
vn -0.007225 0.885434 0.464708
vn -0.005460 0.891579 0.452832
vn -0.001366 0.912951 0.408068
vn 0.000273 0.932057 0.362310
vn -0.000547 0.948872 0.315660
vn -0.003824 0.963345 0.268238
vn -0.007278 0.970915 0.239313
vn -0.004801 0.975456 0.220141
vn -0.001022 0.985174 0.171553
vn 0.000306 0.992472 0.122473
vn -0.000827 0.997323 0.073114
vn -0.004412 0.999711 0.023633
vn -0.007290 0.999973 0.000000
vn -0.004185 0.999653 -0.026002
vn -0.000717 0.997147 -0.075484
vn 0.000298 0.992176 -0.124842
vn -0.001147 0.984764 -0.173892
vn -0.005046 0.974925 -0.222479
vn -0.007262 0.970915 -0.239313
vn -0.003611 0.962709 -0.270516
vn -0.000452 0.948121 -0.317908
vn 0.000250 0.931193 -0.364526
vn -0.001507 0.911972 -0.410250
vn -0.005716 0.890510 -0.454929
vn -0.007196 0.885434 -0.464709
vn -0.003073 0.866865 -0.498534
vn -0.000226 0.841097 -0.540884
vn 0.000164 0.813242 -0.581926
vn -0.001903 0.783407 -0.621506
vn -0.006427 0.751608 -0.659579
vn -0.007089 0.748491 -0.663107
vn -0.002576 0.718007 -0.696032
vn -0.000040 0.682620 -0.730774
vn 0.000038 0.645564 -0.763706
vn -0.002343 0.606901 -0.794774
vn -0.007021 0.568051 -0.822963
vn -0.006796 0.566760 -0.823855
vn -0.002118 0.525221 -0.850963
vn 0.000106 0.482393 -0.875955
vn -0.000128 0.438382 -0.898789
vn -0.002821 0.393288 -0.919411
vn -0.007148 0.354595 -0.934993
vn -0.006065 0.347222 -0.937763
vn -0.001699 0.300315 -0.953839
vn 0.000213 0.252659 -0.967555
vn -0.000334 0.204388 -0.978890
vn -0.003338 0.155610 -0.987813
vn -0.007235 0.120534 -0.992683
vn -0.005375 0.106456 -0.994303
vn -0.001320 0.057032 -0.998371
vn 0.000280 0.007470 -0.999972
vn -0.000579 -0.042104 -0.999113
vn -0.003895 -0.091586 -0.995790
vn -0.007282 -0.120534 -0.992682
vn -0.004724 -0.140831 -0.990022
vn -0.000981 -0.189735 -0.981835
vn 0.000307 -0.238171 -0.971223
vn -0.000865 -0.286029 -0.958221
vn -0.004492 -0.333176 -0.942854
vn -0.007289 -0.354595 -0.934992
vn -0.004113 -0.379500 -0.925183
vn -0.000681 -0.424896 -0.905242
vn 0.000294 -0.469250 -0.883065
vn -0.001189 -0.512444 -0.858720
vn -0.005128 -0.554380 -0.832248
vn -0.007257 -0.568050 -0.822962
vn -0.003541 -0.594967 -0.803742
vn -0.000421 -0.634074 -0.773272
vn 0.000242 -0.671620 -0.740896
vn -0.001553 -0.707529 -0.706683
vn -0.005803 -0.741680 -0.670729
vn -0.007184 -0.748490 -0.663107
vn -0.003010 -0.774016 -0.633159
vn -0.000200 -0.804466 -0.593999
vn 0.000151 -0.832914 -0.553402
vn -0.001956 -0.859323 -0.511430
vn -0.007073 -0.885435 -0.464709
vn -0.006518 -0.883605 -0.468187
vn -0.002517 -0.905742 -0.423822
vn -0.000020 -0.925640 -0.378405
vn 0.000019 -0.943258 -0.332060
vn -0.002401 -0.958558 -0.284887
vn -0.007040 -0.970917 -0.239313
vn -0.006700 -0.971486 -0.237002
vn -0.002063 -0.982057 -0.188571
vn 0.000122 -0.990202 -0.139644
vn -0.000151 -0.995905 -0.090408
vn -0.002882 -0.999158 -0.040927
vn -0.007161 -0.999974 0.000000
vn -0.005975 -0.999945 0.008678
vn -0.001649 -0.998302 0.058221
vn 0.000224 -0.994190 0.107641
vn -0.000361 -0.987633 0.156784
vn -0.003405 -0.978639 0.205556
vn -0.007242 -0.970916 0.239313
vn -0.005292 -0.967241 0.253805
vn -0.001276 -0.953483 0.301443
vn 0.000285 -0.937368 0.348340
vn -0.000613 -0.918949 0.394376
vn -0.003968 -0.898258 0.439451
vn -0.007285 -0.885434 0.464708
vn -0.004647 -0.875373 0.483426
vn -0.000942 -0.850339 0.526234
vn 0.000307 -0.823205 0.567744
vn -0.000903 -0.794041 0.607864
vn -0.004567 -0.762938 0.646456
vn -0.007287 -0.748490 0.663106
vn -0.004041 -0.729959 0.683479
vn -0.000647 -0.695180 0.718836
vn 0.000290 -0.658694 0.752411
vn -0.001233 -0.620571 0.784149
vn -0.005208 -0.580950 0.813922
vn -0.007250 -0.568050 0.822962
vn -0.003473 -0.539883 0.841733
vn -0.000392 -0.497498 0.867465
vn 0.000233 -0.453882 0.891062
vn -0.001601 -0.409160 0.912461
vn -0.005890 -0.363414 0.931609
vn -0.007173 -0.354596 0.934992
vn -0.002945 -0.316784 0.948493
vn -0.000176 -0.269390 0.963031
vn 0.000136 -0.221309 0.975204
vn -0.002010 -0.172704 0.984972
vn -0.007057 -0.120534 0.992684
vn -0.006609 -0.123657 0.992303
vn -0.002458 -0.074319 0.997231
vn 0.000000 -0.024793 0.999693
vn -1.000000 0.000000 0.000000
vn -1.000000 -0.000000 -0.000000
vn 0.000000 0.000000 1.000000
vn 0.000000 0.000000 1.000000
vn 0.000000 0.000000 1.000000
vn 0.000000 0.000000 1.000000
vn 0.000000 0.000000 1.000000
vn 0.000000 0.000000 1.000000
vn 0.000000 0.000000 1.000000
vn 0.000000 0.000000 1.000000
vn 0.000000 0.000000 1.000000
vn 0.000000 0.000000 1.000000
vn 0.000000 0.000000 1.000000
vn 0.000000 0.000000 1.000000
vn 0.000000 0.000000 1.000000
vn 0.000000 0.000000 1.000000
vn 0.000000 0.000000 1.000000
vn 0.000000 0.000000 1.000000
vn 0.000000 0.000000 1.000000
vn 0.000000 0.000000 1.000000
vn 0.000000 0.000000 1.000000
vn 0.000000 0.000000 1.000000
vn 0.000000 0.000000 1.000000
vn 0.000000 0.000000 1.000000
vn 0.000000 0.000000 1.000000
vn 0.000000 0.000000 1.000000
vn 0.000000 0.000000 1.000000
vn 0.000000 0.000000 1.000000
vn 0.000000 0.000000 1.000000
vn 0.000000 0.000000 1.000000
vn 0.000000 0.000000 1.000000
vn 0.000000 0.000000 1.000000
vn 0.000000 0.000000 1.000000
vn 0.000000 0.000000 1.000000
vn 0.000000 0.000000 1.000000
vn 0.000000 0.000000 1.000000
vn 0.000000 0.000000 1.000000
vn 0.000000 0.000000 1.000000
vn 0.000000 0.000000 1.000000
vn 0.000000 0.000000 1.000000
vn 0.000000 0.000000 1.000000
vn 0.000000 0.000000 1.000000
vn 0.000000 0.000000 1.000000
vn 0.000000 0.000000 1.000000
vn 0.000000 0.000000 1.000000
vn 0.000000 0.000000 1.000000
vn 0.000000 0.000000 1.000000
vn 0.000000 0.000000 1.000000
vn 0.000000 0.000000 1.000000
vn 0.000000 0.000000 1.000000
vn 0.000000 0.000000 1.000000
vn 0.000000 0.000000 1.000000
vn 0.000000 0.000000 1.000000
vn 0.000000 0.000000 1.000000
vn 0.000000 0.000000 1.000000
vn 0.000000 0.000000 1.000000
vn 0.000000 0.000000 1.000000
vn 0.000000 0.000000 1.000000
vn 0.000000 0.000000 1.000000
vn 0.000000 0.000000 1.000000
vn 0.000000 0.000000 1.000000
vn 0.000000 0.000000 1.000000
vn 0.000000 0.000000 1.000000
vn 0.000000 0.000000 1.000000
vn 0.000000 0.000000 1.000000
vn 0.000000 0.000000 1.000000
vn 0.000000 0.000000 1.000000
vn 0.000000 0.000000 1.000000
vn 0.000000 0.000000 1.000000
vn 0.000000 0.000000 1.000000
vn 0.000000 0.000000 1.000000
vn 0.000000 0.000000 1.000000
vn 0.000000 0.000000 1.000000
vn 0.000000 0.000000 1.000000
vn 0.000000 0.000000 1.000000
vn 0.000000 0.000000 1.000000
vn 0.000000 0.000000 1.000000
vn 0.000000 0.000000 1.000000
vn 0.000000 0.000000 1.000000
vn 0.000000 0.000000 1.000000
vn 0.000000 0.000000 1.000000
vn 0.000000 0.000000 1.000000
vn 0.000000 0.000000 1.000000
vn 0.000000 0.000000 1.000000
vn 0.000000 0.000000 1.000000
vn 0.000000 0.000000 1.000000
vn 0.000000 0.000000 1.000000
vn 0.000000 0.000000 1.000000
vn -0.000000 0.085304 0.996355
vn -0.013165 0.105241 0.994360
vn 0.010486 0.255994 0.966622
vn 0.056924 0.310579 0.948842
vn -0.066836 0.376968 0.923812
vn 0.000000 0.503131 0.864210
vn -0.035719 0.514590 0.856692
vn -0.992709 0.000000 -0.120538
vn -0.992709 -0.000000 -0.120538
vn -0.935017 -0.000000 -0.354604
vn -0.935017 0.000000 -0.354604
vn -0.822983 -0.000000 -0.568066
vn -0.822983 0.000000 -0.568066
vn -0.663124 -0.000000 -0.748510
vn -0.663124 0.000000 -0.748510
vn -0.464723 -0.000000 -0.885456
vn -0.464723 0.000000 -0.885456
vn -0.239316 -0.000000 -0.970942
vn -0.239316 0.000000 -0.970942
vn 0.000000 0.000000 -1.000000
vn 0.000000 0.000000 -1.000000
vn 0.239316 0.000000 -0.970942
vn 0.239316 0.000000 -0.970942
vn 0.464723 0.000000 -0.885456
vn 0.464723 0.000000 -0.885456
vn 0.663124 0.000000 -0.748510
vn 0.663124 0.000000 -0.748510
vn 0.822983 0.000000 -0.568066
vn 0.822983 0.000000 -0.568066
vn 0.935017 0.000000 -0.354604
vn 0.935017 0.000000 -0.354604
vn 0.992709 0.000000 -0.120538
vn 0.992709 0.000000 -0.120538
vn 0.992709 0.000000 0.120538
vn 0.992709 0.000000 0.120538
vn 0.935017 0.000000 0.354604
vn 0.935017 0.000000 0.354604
vn 0.822983 0.000000 0.568066
vn 0.822983 0.000000 0.568066
vn 0.663124 0.000000 0.748510
vn 0.663124 0.000000 0.748510
vn 0.464723 0.000000 0.885456
vn 0.464723 0.000000 0.885456
vn 0.239316 0.000000 0.970942
vn 0.239316 0.000000 0.970942
vn 0.000000 0.000000 1.000000
vn 0.000000 0.000000 1.000000
vn -0.239316 0.000000 0.970942
vn -0.239316 0.000000 0.970942
vn -0.464723 0.000000 0.885456
vn -0.464723 0.000000 0.885456
vn -0.663124 0.000000 0.748510
vn -0.663124 0.000000 0.748510
vn -0.822983 0.000000 0.568066
vn -0.935017 0.000000 0.354604
vn -0.822983 0.000000 0.568066
vn -0.935017 0.000000 0.354604
vn -0.992709 0.000000 0.120538
vn -0.992709 0.000000 0.120538
vn -0.992710 0.000000 -0.120530
vn -0.992710 -0.000000 -0.120530
vn -0.935014 -0.000000 -0.354610
vn -0.935014 0.000000 -0.354610
vn -0.822987 -0.000000 -0.568061
vn -0.822987 0.000000 -0.568061
vn -0.663120 -0.000000 -0.748513
vn -0.663120 0.000000 -0.748513
vn -0.464726 -0.000000 -0.885454
vn -0.464726 0.000000 -0.885454
vn -0.239314 -0.000000 -0.970942
vn -0.239314 0.000000 -0.970942
vn 0.000000 0.000000 -1.000000
vn 0.000000 0.000000 -1.000000
vn 0.239314 0.000000 -0.970942
vn 0.239314 0.000000 -0.970942
vn 0.464726 0.000000 -0.885454
vn 0.464726 0.000000 -0.885454
vn 0.663120 0.000000 -0.748513
vn 0.663120 0.000000 -0.748513
vn 0.822987 0.000000 -0.568061
vn 0.822987 0.000000 -0.568061
vn 0.935014 0.000000 -0.354610
vn 0.935014 0.000000 -0.354610
vn 0.992710 0.000000 -0.120530
vn 0.992710 0.000000 -0.120530
vn 0.992710 0.000000 0.120530
vn 0.992710 0.000000 0.120530
vn 0.935014 0.000000 0.354610
vn 0.935014 0.000000 0.354610
vn 0.822987 0.000000 0.568061
vn 0.822987 0.000000 0.568061
vn 0.663120 0.000000 0.748513
vn 0.663120 0.000000 0.748513
vn 0.464726 0.000000 0.885454
vn 0.464726 0.000000 0.885454
vn 0.239314 0.000000 0.970942
vn 0.239314 0.000000 0.970942
vn 0.000000 0.000000 1.000000
vn 0.000000 0.000000 1.000000
vn -0.239314 0.000000 0.970942
vn -0.239314 0.000000 0.970942
vn -0.464726 0.000000 0.885454
vn -0.464726 0.000000 0.885454
vn -0.663120 0.000000 0.748513
vn -0.663120 0.000000 0.748513
vn -0.822987 0.000000 0.568061
vn -0.935014 0.000000 0.354610
vn -0.822987 0.000000 0.568061
vn -0.935014 0.000000 0.354610
vn -0.992710 0.000000 0.120530
vn -0.992710 0.000000 0.120530
vn -0.992710 0.000000 -0.120530
vn -0.992710 -0.000000 -0.120530
vn -0.935014 -0.000000 -0.354610
vn -0.935014 0.000000 -0.354610
vn -0.822987 -0.000000 -0.568061
vn -0.822987 0.000000 -0.568061
vn -0.663120 -0.000000 -0.748513
vn -0.663120 0.000000 -0.748513
vn -0.464726 -0.000000 -0.885454
vn -0.464726 0.000000 -0.885454
vn -0.239314 -0.000000 -0.970942
vn -0.239314 0.000000 -0.970942
vn 0.000000 0.000000 -1.000000
vn 0.000000 0.000000 -1.000000
vn 0.239314 0.000000 -0.970942
vn 0.239314 0.000000 -0.970942
vn 0.464726 0.000000 -0.885454
vn 0.464726 0.000000 -0.885454
vn 0.663120 0.000000 -0.748513
vn 0.663120 0.000000 -0.748513
vn 0.822987 0.000000 -0.568061
vn 0.822987 0.000000 -0.568061
vn 0.935014 0.000000 -0.354610
vn 0.935014 0.000000 -0.354610
vn 0.992710 0.000000 -0.120530
vn 0.992710 0.000000 -0.120530
vn 0.992710 0.000000 0.120530
vn 0.992710 0.000000 0.120530
vn 0.935014 0.000000 0.354610
vn 0.935014 0.000000 0.354610
vn 0.822987 0.000000 0.568061
vn 0.822987 0.000000 0.568061
vn 0.663120 0.000000 0.748513
vn 0.663120 0.000000 0.748513
vn 0.464726 0.000000 0.885454
vn 0.464726 0.000000 0.885454
vn 0.239314 0.000000 0.970942
vn 0.239314 0.000000 0.970942
vn 0.000000 0.000000 1.000000
vn 0.000000 0.000000 1.000000
vn -0.239314 0.000000 0.970942
vn -0.239314 0.000000 0.970942
vn -0.464726 0.000000 0.885454
vn -0.464726 0.000000 0.885454
vn -0.663120 0.000000 0.748513
vn -0.663120 0.000000 0.748513
vn -0.822987 0.000000 0.568061
vn -0.935014 0.000000 0.354610
vn -0.822987 0.000000 0.568061
vn -0.935014 0.000000 0.354610
vn -0.992710 0.000000 0.120530
vn -0.992710 0.000000 0.120530
vn -0.000000 1.000000 0.000000
vn 0.000000 1.000000 0.000000
vn -0.000000 1.000000 0.000000
vn 0.000000 1.000000 0.000000
vn -0.000000 1.000000 0.000000
vn 0.000000 1.000000 0.000000
vn -0.000000 1.000000 0.000000
vn 0.000000 1.000000 0.000000
vn -0.000000 1.000000 0.000000
vn 0.000000 1.000000 0.000000
vn -0.000000 1.000000 0.000000
vn 0.000000 1.000000 0.000000
vn 0.000000 1.000000 0.000000
vn -0.000000 1.000000 0.000000
vn 0.000000 1.000000 0.000000
vn 0.000000 1.000000 0.000000
vn 0.000000 1.000000 0.000000
vn -0.000000 1.000000 0.000000
vn 0.000000 1.000000 0.000000
vn 0.000000 1.000000 0.000000
vn 0.000000 1.000000 -0.000000
vn -0.000000 1.000000 0.000000
vn -0.000000 1.000000 0.000000
vn 0.000000 1.000000 0.000000
vn -0.000000 1.000000 0.000000
vn 0.000000 1.000000 0.000000
vn -0.000000 1.000000 0.000000
vn -0.000000 1.000000 0.000000
vn 0.000000 1.000000 -0.000000
vn 0.000000 1.000000 0.000000
vn 0.000000 1.000000 0.000000
vn -0.000000 1.000000 0.000000
vn 0.000000 1.000000 -0.000000
vn 0.000000 1.000000 0.000000
vn 0.000000 1.000000 0.000000
vn -0.000000 1.000000 0.000000
vn 0.000000 1.000000 -0.000000
vn 0.000000 1.000000 0.000000
vn -0.000000 1.000000 0.000000
vn -0.000000 1.000000 0.000000
vn -0.000000 1.000000 0.000000
vn 0.000000 1.000000 0.000000
vn 0.000000 1.000000 0.000000
vn -0.000000 1.000000 0.000000
vn -0.000000 1.000000 0.000000
vn 0.000000 1.000000 0.000000
vn 0.000000 1.000000 0.000000
vn -0.000000 1.000000 0.000000
vn -0.000000 1.000000 0.000000
vn -0.000000 1.000000 0.000000
vn 0.000000 1.000000 0.000000
vn 0.000000 1.000000 0.000000
vn -0.000000 1.000000 0.000000
vn 0.000000 1.000000 0.000000
vn -0.000000 1.000000 0.000000
vn 0.000000 1.000000 0.000000
vn -0.000000 1.000000 0.000000
vn 0.000000 1.000000 0.000000
vn -0.000000 1.000000 0.000000
vn 0.000000 1.000000 0.000000
vn -0.000000 1.000000 0.000000
vn 0.000000 1.000000 0.000000
vn -0.000000 1.000000 0.000000
vn 0.000000 1.000000 0.000000
vn 0.000000 1.000000 0.000000
vn -0.000000 1.000000 0.000000
vn 0.000000 1.000000 0.000000
vn 0.000000 1.000000 0.000000
vn 0.000000 1.000000 0.000000
vn -0.000000 1.000000 0.000000
vn 0.000000 1.000000 0.000000
vn 0.000000 1.000000 0.000000
vn 0.000000 1.000000 -0.000000
vn -0.000000 1.000000 0.000000
vn -0.000000 1.000000 0.000000
vn 0.000000 1.000000 0.000000
vn -0.000000 1.000000 0.000000
vn 0.000000 1.000000 0.000000
vn -0.000000 1.000000 0.000000
vn -0.000000 1.000000 0.000000
vn 0.000000 1.000000 -0.000000
vn 0.000000 1.000000 0.000000
vn 0.000000 1.000000 0.000000
vn -0.000000 1.000000 0.000000
vn 0.000000 1.000000 -0.000000
vn 0.000000 1.000000 0.000000
vn 0.000000 1.000000 0.000000
vn -0.000000 1.000000 0.000000
vn 0.000000 1.000000 -0.000000
vn 0.000000 1.000000 0.000000
vn -0.000000 1.000000 0.000000
vn -0.000000 1.000000 0.000000
vn -0.000000 1.000000 0.000000
vn 0.000000 1.000000 0.000000
vn 0.000000 1.000000 0.000000
vn -0.000000 1.000000 0.000000
vn -0.000000 1.000000 0.000000
vn 0.000000 1.000000 0.000000
vn 0.000000 1.000000 0.000000
vn -0.000000 1.000000 0.000000
vn -0.000000 1.000000 0.000000
vn -0.000000 1.000000 0.000000
vn 0.000000 1.000000 0.000000
vn 0.000000 1.000000 0.000000
vn -0.000000 1.000000 0.000000
vn 0.000000 1.000000 0.000000
vn -0.000000 1.000000 0.000000
vn 0.000000 1.000000 0.000000
vn -0.000000 1.000000 0.000000
vn 0.000000 1.000000 0.000000
vn -0.000000 1.000000 0.000000
vn 0.000000 1.000000 0.000000
vn -0.000000 1.000000 0.000000
vn 0.000000 1.000000 0.000000
vn -0.000000 1.000000 0.000000
vn 0.000000 1.000000 0.000000
vn 0.000000 1.000000 0.000000
vn -0.000000 1.000000 0.000000
vn 0.000000 1.000000 0.000000
vn 0.000000 1.000000 0.000000
vn 0.000000 1.000000 0.000000
vn -0.000000 1.000000 0.000000
vn 0.000000 1.000000 0.000000
vn 0.000000 1.000000 0.000000
vn 0.000000 1.000000 -0.000000
vn -0.000000 1.000000 0.000000
vn -0.000000 1.000000 0.000000
vn 0.000000 1.000000 0.000000
vn -0.000000 1.000000 0.000000
vn 0.000000 1.000000 0.000000
vn -0.000000 1.000000 0.000000
vn -0.000000 1.000000 0.000000
vn 0.000000 1.000000 -0.000000
vn 0.000000 1.000000 0.000000
vn 0.000000 1.000000 0.000000
vn -0.000000 1.000000 0.000000
vn 0.000000 1.000000 -0.000000
vn 0.000000 1.000000 0.000000
vn 0.000000 1.000000 0.000000
vn -0.000000 1.000000 0.000000
vn 0.000000 1.000000 -0.000000
vn 0.000000 1.000000 0.000000
vn -0.000000 1.000000 0.000000
vn -0.000000 1.000000 0.000000
vn -0.000000 1.000000 0.000000
vn 0.000000 1.000000 0.000000
vn 0.000000 1.000000 0.000000
vn -0.000000 1.000000 0.000000
vn -0.000000 1.000000 0.000000
vn 0.000000 1.000000 0.000000
vn 0.000000 1.000000 0.000000
vn -0.000000 1.000000 0.000000
vn -0.000000 1.000000 0.000000
vn -0.000000 1.000000 0.000000
vn 0.000000 1.000000 0.000000
vn 0.000000 1.000000 0.000000
vn 0.000000 -0.503137 0.864206
vn 0.000000 -0.311085 0.950382
vn 0.000000 -0.503137 0.864206
vn 0.009864 -0.105244 0.994398
vn -0.008734 -0.318420 0.947909
vn -0.046626 -0.164961 0.985197
vn 0.000000 -0.057962 0.998319
vn -0.992709 0.000000 -0.120538
vn -0.992709 0.000000 -0.120538
vn -0.935017 0.000000 -0.354604
vn -0.935017 0.000000 -0.354604
vn -0.822983 0.000000 -0.568066
vn -0.822983 0.000000 -0.568066
vn -0.663124 0.000000 -0.748510
vn -0.663124 0.000000 -0.748510
vn -0.464723 0.000000 -0.885456
vn -0.464723 0.000000 -0.885456
vn -0.239316 0.000000 -0.970942
vn -0.239316 0.000000 -0.970942
vn -0.000000 0.000000 -1.000000
vn 0.000000 0.000000 -1.000000
vn 0.239316 0.000000 -0.970942
vn 0.239316 0.000000 -0.970942
vn 0.464723 0.000000 -0.885456
vn 0.464723 0.000000 -0.885456
vn 0.663124 0.000000 -0.748510
vn 0.663124 0.000000 -0.748510
vn 0.822983 0.000000 -0.568066
vn 0.822983 0.000000 -0.568066
vn 0.935017 0.000000 -0.354604
vn 0.935017 0.000000 -0.354604
vn 0.992709 0.000000 -0.120538
vn 0.992709 0.000000 -0.120538
vn 0.992709 -0.000000 0.120538
vn 0.992709 0.000000 0.120538
vn 0.935017 -0.000000 0.354604
vn 0.935017 0.000000 0.354604
vn 0.822983 -0.000000 0.568066
vn 0.822983 0.000000 0.568066
vn 0.663124 -0.000000 0.748510
vn 0.663124 0.000000 0.748510
vn 0.464723 -0.000000 0.885456
vn 0.464723 0.000000 0.885456
vn 0.239316 -0.000000 0.970942
vn 0.239316 0.000000 0.970942
vn 0.000000 0.000000 1.000000
vn -0.000000 0.000000 1.000000
vn -0.239316 0.000000 0.970942
vn -0.239316 0.000000 0.970942
vn -0.464723 0.000000 0.885456
vn -0.464723 0.000000 0.885456
vn -0.663124 0.000000 0.748510
vn -0.663124 0.000000 0.748510
vn -0.822983 0.000000 0.568066
vn -0.822983 0.000000 0.568066
vn -0.935017 0.000000 0.354604
vn -0.935017 0.000000 0.354604
vn -0.992709 0.000000 0.120538
vn -0.992709 0.000000 0.120538
vn -0.992710 0.000000 -0.120530
vn -0.992710 0.000000 -0.120530
vn -0.935014 0.000000 -0.354610
vn -0.935014 0.000000 -0.354610
vn -0.822987 0.000000 -0.568061
vn -0.822987 0.000000 -0.568061
vn -0.663120 0.000000 -0.748513
vn -0.663120 0.000000 -0.748513
vn -0.464726 0.000000 -0.885454
vn -0.464726 0.000000 -0.885454
vn -0.239314 0.000000 -0.970942
vn -0.239314 0.000000 -0.970942
vn -0.000000 0.000000 -1.000000
vn 0.000000 0.000000 -1.000000
vn 0.239314 0.000000 -0.970942
vn 0.239314 0.000000 -0.970942
vn 0.464726 0.000000 -0.885454
vn 0.464726 0.000000 -0.885454
vn 0.663120 0.000000 -0.748513
vn 0.663120 0.000000 -0.748513
vn 0.822987 0.000000 -0.568061
vn 0.822987 0.000000 -0.568061
vn 0.935014 0.000000 -0.354610
vn 0.935014 0.000000 -0.354610
vn 0.992710 0.000000 -0.120530
vn 0.992710 0.000000 -0.120530
vn 0.992710 -0.000000 0.120530
vn 0.992710 0.000000 0.120530
vn 0.935014 -0.000000 0.354610
vn 0.935014 0.000000 0.354610
vn 0.822987 -0.000000 0.568061
vn 0.822987 0.000000 0.568061
vn 0.663120 -0.000000 0.748513
vn 0.663120 0.000000 0.748513
vn 0.464726 -0.000000 0.885454
vn 0.464726 0.000000 0.885454
vn 0.239314 -0.000000 0.970942
vn 0.239314 0.000000 0.970942
vn 0.000000 0.000000 1.000000
vn -0.000000 0.000000 1.000000
vn -0.239314 0.000000 0.970942
vn -0.239314 0.000000 0.970942
vn -0.464726 0.000000 0.885454
vn -0.464726 0.000000 0.885454
vn -0.663120 0.000000 0.748513
vn -0.663120 0.000000 0.748513
vn -0.822987 0.000000 0.568061
vn -0.822987 0.000000 0.568061
vn -0.935014 0.000000 0.354610
vn -0.935014 0.000000 0.354610
vn -0.992710 0.000000 0.120530
vn -0.992710 0.000000 0.120530
vn -0.992710 0.000000 -0.120530
vn -0.992710 0.000000 -0.120530
vn -0.935014 0.000000 -0.354610
vn -0.935014 0.000000 -0.354610
vn -0.822987 0.000000 -0.568061
vn -0.822987 0.000000 -0.568061
vn -0.663120 0.000000 -0.748513
vn -0.663120 0.000000 -0.748513
vn -0.464726 0.000000 -0.885454
vn -0.464726 0.000000 -0.885454
vn -0.239314 0.000000 -0.970942
vn -0.239314 0.000000 -0.970942
vn -0.000000 0.000000 -1.000000
vn 0.000000 0.000000 -1.000000
vn 0.239314 0.000000 -0.970942
vn 0.239314 0.000000 -0.970942
vn 0.464726 0.000000 -0.885454
vn 0.464726 0.000000 -0.885454
vn 0.663120 0.000000 -0.748513
vn 0.663120 0.000000 -0.748513
vn 0.822987 0.000000 -0.568061
vn 0.822987 0.000000 -0.568061
vn 0.935014 0.000000 -0.354610
vn 0.935014 0.000000 -0.354610
vn 0.992710 0.000000 -0.120530
vn 0.992710 0.000000 -0.120530
vn 0.992710 -0.000000 0.120530
vn 0.992710 0.000000 0.120530
vn 0.935014 -0.000000 0.354610
vn 0.935014 0.000000 0.354610
vn 0.822987 -0.000000 0.568061
vn 0.822987 0.000000 0.568061
vn 0.663120 -0.000000 0.748513
vn 0.663120 0.000000 0.748513
vn 0.464726 -0.000000 0.885454
vn 0.464726 0.000000 0.885454
vn 0.239314 -0.000000 0.970942
vn 0.239314 0.000000 0.970942
vn 0.000000 0.000000 1.000000
vn -0.000000 0.000000 1.000000
vn -0.239314 0.000000 0.970942
vn -0.239314 0.000000 0.970942
vn -0.464726 0.000000 0.885454
vn -0.464726 0.000000 0.885454
vn -0.663120 0.000000 0.748513
vn -0.663120 0.000000 0.748513
vn -0.822987 0.000000 0.568061
vn -0.822987 0.000000 0.568061
vn -0.935014 0.000000 0.354610
vn -0.935014 0.000000 0.354610
vn -0.992710 0.000000 0.120530
vn -0.992710 0.000000 0.120530
vn 0.000000 -1.000000 0.000000
vn -0.000000 -1.000000 0.000000
vn 0.000000 -1.000000 0.000000
vn 0.000000 -1.000000 -0.000000
vn 0.000000 -1.000000 0.000000
vn -0.000000 -1.000000 0.000000
vn 0.000000 -1.000000 0.000000
vn 0.000000 -1.000000 -0.000000
vn 0.000000 -1.000000 0.000000
vn -0.000000 -1.000000 0.000000
vn -0.000000 -1.000000 0.000000
vn 0.000000 -1.000000 -0.000000
vn 0.000000 -1.000000 -0.000000
vn -0.000000 -1.000000 0.000000
vn -0.000000 -1.000000 0.000000
vn 0.000000 -1.000000 0.000000
vn 0.000000 -1.000000 -0.000000
vn 0.000000 -1.000000 0.000000
vn 0.000000 -1.000000 0.000000
vn -0.000000 -1.000000 0.000000
vn 0.000000 -1.000000 0.000000
vn 0.000000 -1.000000 -0.000000
vn 0.000000 -1.000000 -0.000000
vn -0.000000 -1.000000 0.000000
vn 0.000000 -1.000000 -0.000000
vn -0.000000 -1.000000 0.000000
vn 0.000000 -1.000000 -0.000000
vn 0.000000 -1.000000 -0.000000
vn 0.000000 -1.000000 0.000000
vn -0.000000 -1.000000 0.000000
vn 0.000000 -1.000000 0.000000
vn 0.000000 -1.000000 -0.000000
vn 0.000000 -1.000000 0.000000
vn -0.000000 -1.000000 0.000000
vn 0.000000 -1.000000 0.000000
vn 0.000000 -1.000000 0.000000
vn 0.000000 -1.000000 0.000000
vn 0.000000 -1.000000 -0.000000
vn -0.000000 -1.000000 0.000000
vn -0.000000 -1.000000 0.000000
vn 0.000000 -1.000000 0.000000
vn 0.000000 -1.000000 -0.000000
vn -0.000000 -1.000000 0.000000
vn 0.000000 -1.000000 0.000000
vn 0.000000 -1.000000 0.000000
vn 0.000000 -1.000000 -0.000000
vn -0.000000 -1.000000 0.000000
vn 0.000000 -1.000000 0.000000
vn 0.000000 -1.000000 0.000000
vn 0.000000 -1.000000 0.000000
vn -0.000000 -1.000000 0.000000
vn 0.000000 -1.000000 -0.000000
vn 0.000000 -1.000000 0.000000
vn -0.000000 -1.000000 0.000000
vn 0.000000 -1.000000 0.000000
vn 0.000000 -1.000000 -0.000000
vn 0.000000 -1.000000 0.000000
vn -0.000000 -1.000000 0.000000
vn 0.000000 -1.000000 0.000000
vn 0.000000 -1.000000 -0.000000
vn 0.000000 -1.000000 0.000000
vn -0.000000 -1.000000 0.000000
vn -0.000000 -1.000000 0.000000
vn 0.000000 -1.000000 -0.000000
vn 0.000000 -1.000000 -0.000000
vn -0.000000 -1.000000 0.000000
vn -0.000000 -1.000000 0.000000
vn 0.000000 -1.000000 0.000000
vn 0.000000 -1.000000 -0.000000
vn 0.000000 -1.000000 0.000000
vn 0.000000 -1.000000 0.000000
vn -0.000000 -1.000000 0.000000
vn 0.000000 -1.000000 0.000000
vn 0.000000 -1.000000 -0.000000
vn 0.000000 -1.000000 -0.000000
vn -0.000000 -1.000000 0.000000
vn 0.000000 -1.000000 -0.000000
vn -0.000000 -1.000000 0.000000
vn 0.000000 -1.000000 -0.000000
vn 0.000000 -1.000000 -0.000000
vn 0.000000 -1.000000 0.000000
vn -0.000000 -1.000000 0.000000
vn 0.000000 -1.000000 0.000000
vn 0.000000 -1.000000 -0.000000
vn 0.000000 -1.000000 0.000000
vn -0.000000 -1.000000 0.000000
vn 0.000000 -1.000000 0.000000
vn 0.000000 -1.000000 0.000000
vn 0.000000 -1.000000 0.000000
vn 0.000000 -1.000000 -0.000000
vn -0.000000 -1.000000 0.000000
vn -0.000000 -1.000000 0.000000
vn 0.000000 -1.000000 0.000000
vn 0.000000 -1.000000 -0.000000
vn -0.000000 -1.000000 0.000000
vn 0.000000 -1.000000 0.000000
vn 0.000000 -1.000000 0.000000
vn 0.000000 -1.000000 -0.000000
vn -0.000000 -1.000000 0.000000
vn 0.000000 -1.000000 0.000000
vn 0.000000 -1.000000 0.000000
vn 0.000000 -1.000000 0.000000
vn -0.000000 -1.000000 0.000000
vn 0.000000 -1.000000 -0.000000
vn 0.000000 -1.000000 0.000000
vn -0.000000 -1.000000 0.000000
vn 0.000000 -1.000000 0.000000
vn 0.000000 -1.000000 -0.000000
vn 0.000000 -1.000000 0.000000
vn -0.000000 -1.000000 0.000000
vn 0.000000 -1.000000 0.000000
vn 0.000000 -1.000000 -0.000000
vn 0.000000 -1.000000 0.000000
vn -0.000000 -1.000000 0.000000
vn -0.000000 -1.000000 0.000000
vn 0.000000 -1.000000 -0.000000
vn 0.000000 -1.000000 -0.000000
vn -0.000000 -1.000000 0.000000
vn -0.000000 -1.000000 0.000000
vn 0.000000 -1.000000 0.000000
vn 0.000000 -1.000000 -0.000000
vn 0.000000 -1.000000 0.000000
vn 0.000000 -1.000000 0.000000
vn -0.000000 -1.000000 0.000000
vn 0.000000 -1.000000 0.000000
vn 0.000000 -1.000000 -0.000000
vn 0.000000 -1.000000 -0.000000
vn -0.000000 -1.000000 0.000000
vn 0.000000 -1.000000 -0.000000
vn -0.000000 -1.000000 0.000000
vn 0.000000 -1.000000 -0.000000
vn 0.000000 -1.000000 -0.000000
vn 0.000000 -1.000000 0.000000
vn -0.000000 -1.000000 0.000000
vn 0.000000 -1.000000 0.000000
vn 0.000000 -1.000000 -0.000000
vn 0.000000 -1.000000 0.000000
vn -0.000000 -1.000000 0.000000
vn 0.000000 -1.000000 0.000000
vn 0.000000 -1.000000 0.000000
vn 0.000000 -1.000000 0.000000
vn 0.000000 -1.000000 -0.000000
vn -0.000000 -1.000000 0.000000
vn -0.000000 -1.000000 0.000000
vn 0.000000 -1.000000 0.000000
vn 0.000000 -1.000000 -0.000000
vn -0.000000 -1.000000 0.000000
vn 0.000000 -1.000000 0.000000
vn 0.000000 -1.000000 0.000000
vn 0.000000 -1.000000 -0.000000
vn -0.000000 -1.000000 0.000000
vn 0.000000 -1.000000 0.000000
vn 0.000000 -1.000000 0.000000
vn 0.000000 -1.000000 0.000000
vn -0.000000 -1.000000 0.000000
vn 0.000000 -1.000000 -0.000000
vn -1.000000 0.000000 -0.000000
vn -1.000000 -0.000000 0.000000
vn -1.000000 0.000000 -0.000000
vn -1.000000 0.000000 0.000000
vn -1.000000 0.000000 -0.000000
vn -1.000000 -0.000000 0.000000
vn -1.000000 0.000000 -0.000000
vn -1.000000 0.000000 0.000000
vn -1.000000 0.000000 -0.000000
vn -1.000000 -0.000000 0.000000
vn -1.000000 0.000000 -0.000000
vn -1.000000 0.000000 0.000000
vn -1.000000 0.000000 0.000000
vn -1.000000 -0.000000 -0.000000
vn -1.000000 -0.000000 0.000000
vn -1.000000 0.000000 0.000000
vn -1.000000 0.000000 0.000000
vn -1.000000 0.000000 -0.000000
vn -1.000000 -0.000000 0.000000
vn -1.000000 0.000000 -0.000000
vn -1.000000 0.000000 0.000000
vn -1.000000 0.000000 -0.000000
vn -1.000000 -0.000000 0.000000
vn -1.000000 0.000000 -0.000000
vn -1.000000 -0.000000 0.000000
vn -1.000000 0.000000 0.000000
vn -1.000000 0.000000 0.000000
vn -1.000000 0.000000 -0.000000
vn -1.000000 -0.000000 0.000000
vn -1.000000 0.000000 -0.000000
vn -1.000000 0.000000 -0.000000
vn -1.000000 0.000000 0.000000
vn -1.000000 0.000000 -0.000000
vn -1.000000 -0.000000 0.000000
vn -1.000000 0.000000 -0.000000
vn -1.000000 0.000000 0.000000
vn -1.000000 0.000000 -0.000000
vn -1.000000 -0.000000 -0.000000
vn -1.000000 0.000000 0.000000
vn -1.000000 0.000000 -0.000000
vn -1.000000 0.000000 -0.000000
vn -1.000000 0.000000 0.000000
vn -1.000000 0.000000 -0.000000
vn -1.000000 -0.000000 0.000000
vn -1.000000 0.000000 0.000000
vn -1.000000 0.000000 -0.000000
vn -1.000000 0.000000 0.000000
vn -1.000000 -0.000000 0.000000
vn -1.000000 0.000000 -0.000000
vn -1.000000 0.000000 -0.000000
vn -1.000000 0.000000 -0.000000
vn -1.000000 -0.000000 0.000000
vn -1.000000 0.000000 -0.000000
vn -1.000000 0.000000 -0.000000
vn -1.000000 -0.000000 0.000000
vn -1.000000 0.000000 -0.000000
vn -1.000000 0.000000 0.000000
vn -1.000000 0.000000 0.000000
vn -1.000000 0.000000 -0.000000
vn -1.000000 0.000000 0.000000
vn -1.000000 0.000000 -0.000000
vn -1.000000 -0.000000 0.000000
vn -1.000000 0.000000 -0.000000
vn -1.000000 0.000000 0.000000
vn -1.000000 0.000000 0.000000
vn -1.000000 -0.000000 -0.000000
vn -1.000000 -0.000000 0.000000
vn -1.000000 0.000000 0.000000
vn -1.000000 0.000000 0.000000
vn -1.000000 0.000000 -0.000000
vn -1.000000 -0.000000 0.000000
vn -1.000000 0.000000 -0.000000
vn -1.000000 0.000000 0.000000
vn -1.000000 0.000000 -0.000000
vn -1.000000 -0.000000 0.000000
vn -1.000000 0.000000 -0.000000
vn -1.000000 -0.000000 0.000000
vn -1.000000 0.000000 0.000000
vn -1.000000 0.000000 -0.000000
vn -1.000000 0.000000 0.000000
vn -1.000000 -0.000000 0.000000
vn -1.000000 0.000000 -0.000000
vn -1.000000 0.000000 -0.000000
vn -1.000000 0.000000 0.000000
vn -1.000000 0.000000 -0.000000
vn -1.000000 -0.000000 0.000000
vn -1.000000 0.000000 -0.000000
vn -1.000000 0.000000 0.000000
vn -1.000000 0.000000 -0.000000
vn -1.000000 -0.000000 -0.000000
vn -1.000000 0.000000 -0.000000
vn -1.000000 0.000000 0.000000
vn -1.000000 0.000000 0.000000
vn -1.000000 0.000000 -0.000000
vn -1.000000 0.000000 -0.000000
vn -1.000000 -0.000000 0.000000
vn -1.000000 0.000000 -0.000000
vn -1.000000 0.000000 0.000000
vn -1.000000 0.000000 0.000000
vn -1.000000 0.000000 -0.000000
vn -1.000000 0.000000 -0.000000
vn -1.000000 -0.000000 0.000000
vn -1.000000 -0.000000 0.000000
vn -1.000000 0.000000 -0.000000
vn 1.000000 0.000000 0.000000
vn 1.000000 0.000000 0.000000
vn 1.000000 -0.000000 0.000000
vn 1.000000 0.000000 0.000000
vn 1.000000 0.000000 0.000000
vn 1.000000 0.000000 0.000000
vn 1.000000 -0.000000 0.000000
vn 1.000000 0.000000 0.000000
vn 1.000000 0.000000 0.000000
vn 1.000000 -0.000000 0.000000
vn 1.000000 -0.000000 0.000000
vn 1.000000 0.000000 0.000000
vn 1.000000 0.000000 0.000000
vn 1.000000 0.000000 0.000000
vn 1.000000 -0.000000 0.000000
vn 1.000000 0.000000 0.000000
vn 1.000000 0.000000 0.000000
vn 1.000000 0.000000 0.000000
vn 1.000000 -0.000000 0.000000
vn 1.000000 0.000000 0.000000
vn 1.000000 0.000000 0.000000
vn 1.000000 0.000000 0.000000
vn 1.000000 -0.000000 0.000000
vn 1.000000 0.000000 0.000000
vn 1.000000 0.000000 0.000000
vn 1.000000 -0.000000 0.000000
vn 1.000000 0.000000 0.000000
vn 1.000000 0.000000 0.000000
vn 1.000000 0.000000 0.000000
vn 1.000000 -0.000000 0.000000
vn 1.000000 0.000000 0.000000
vn 1.000000 0.000000 0.000000
vn 1.000000 0.000000 0.000000
vn 1.000000 -0.000000 0.000000
vn 1.000000 0.000000 0.000000
vn 1.000000 0.000000 0.000000
vn 1.000000 0.000000 0.000000
vn 1.000000 0.000000 0.000000
vn 1.000000 -0.000000 0.000000
vn 1.000000 0.000000 0.000000
vn 1.000000 0.000000 0.000000
vn 1.000000 0.000000 0.000000
vn 1.000000 -0.000000 0.000000
vn 1.000000 0.000000 0.000000
vn 1.000000 0.000000 0.000000
vn 1.000000 0.000000 0.000000
vn 1.000000 0.000000 0.000000
vn 1.000000 0.000000 0.000000
vn 1.000000 -0.000000 0.000000
vn 1.000000 0.000000 0.000000
vn 1.000000 0.000000 0.000000
vn 1.000000 -0.000000 0.000000
vn 1.000000 0.000000 0.000000
vn 1.000000 0.000000 0.000000
vn 1.000000 -0.000000 0.000000
vn 1.000000 0.000000 0.000000
vn 1.000000 0.000000 0.000000
vn 1.000000 0.000000 0.000000
vn 1.000000 -0.000000 0.000000
vn 1.000000 0.000000 0.000000
vn 1.000000 0.000000 0.000000
vn 1.000000 -0.000000 0.000000
vn 1.000000 -0.000000 0.000000
vn 1.000000 0.000000 0.000000
vn 1.000000 0.000000 0.000000
vn 1.000000 0.000000 0.000000
vn 1.000000 -0.000000 0.000000
vn 1.000000 0.000000 0.000000
vn 1.000000 0.000000 0.000000
vn 1.000000 0.000000 0.000000
vn 1.000000 -0.000000 0.000000
vn 1.000000 0.000000 0.000000
vn 1.000000 0.000000 0.000000
vn 1.000000 0.000000 0.000000
vn 1.000000 -0.000000 0.000000
vn 1.000000 0.000000 0.000000
vn 1.000000 0.000000 0.000000
vn 1.000000 -0.000000 0.000000
vn 1.000000 0.000000 0.000000
vn 1.000000 0.000000 0.000000
vn 1.000000 0.000000 0.000000
vn 1.000000 -0.000000 0.000000
vn 1.000000 0.000000 0.000000
vn 1.000000 0.000000 0.000000
vn 1.000000 0.000000 0.000000
vn 1.000000 -0.000000 0.000000
vn 1.000000 0.000000 0.000000
vn 1.000000 0.000000 0.000000
vn 1.000000 0.000000 0.000000
vn 1.000000 0.000000 0.000000
vn 1.000000 -0.000000 0.000000
vn 1.000000 0.000000 0.000000
vn 1.000000 0.000000 0.000000
vn 1.000000 0.000000 0.000000
vn 1.000000 -0.000000 0.000000
vn 1.000000 0.000000 0.000000
vn 1.000000 0.000000 0.000000
vn 1.000000 0.000000 0.000000
vn 1.000000 0.000000 0.000000
vn 1.000000 0.000000 0.000000
vn 1.000000 -0.000000 0.000000
vn 1.000000 0.000000 0.000000
vn 1.000000 0.000000 0.000000
vn 1.000000 -0.000000 0.000000
vn -1.000000 0.000000 0.000000
vn -1.000000 0.000000 0.000000
vn -1.000000 0.000000 0.000000
vn -1.000000 0.000000 0.000000
vn -1.000000 0.000000 0.000000
vn -1.000000 0.000000 0.000000
vn -1.000000 0.000000 0.000000
vn -1.000000 0.000000 0.000000
vn -1.000000 0.000000 0.000000
vn -1.000000 0.000000 0.000000
vn -1.000000 0.000000 0.000000
vn -1.000000 0.000000 0.000000
vn -1.000000 0.000000 0.000000
vn -1.000000 0.000000 0.000000
vn -1.000000 0.000000 0.000000
vn -1.000000 0.000000 0.000000
vn -1.000000 0.000000 0.000000
vn -1.000000 0.000000 0.000000
vn -1.000000 0.000000 0.000000
vn -1.000000 0.000000 0.000000
vn -1.000000 0.000000 0.000000
vn -1.000000 0.000000 0.000000
vn -1.000000 0.000000 0.000000
vn -1.000000 0.000000 0.000000
vn -1.000000 0.000000 0.000000
vn -1.000000 0.000000 0.000000
vn -1.000000 0.000000 0.000000
vn -1.000000 0.000000 0.000000
vn -1.000000 0.000000 0.000000
vn -1.000000 0.000000 0.000000
vn -1.000000 0.000000 0.000000
vn -1.000000 0.000000 0.000000
vn -1.000000 0.000000 0.000000
vn -1.000000 0.000000 0.000000
vn -1.000000 0.000000 0.000000
vn -1.000000 0.000000 0.000000
vn -1.000000 0.000000 0.000000
vn -1.000000 0.000000 0.000000
vn -1.000000 0.000000 0.000000
vn -1.000000 0.000000 0.000000
vn -1.000000 0.000000 0.000000
vn -1.000000 0.000000 0.000000
vn -1.000000 0.000000 0.000000
vn -1.000000 0.000000 0.000000
vn -1.000000 0.000000 0.000000
vn -1.000000 0.000000 0.000000
vn -1.000000 0.000000 0.000000
vn -1.000000 0.000000 0.000000
vn -1.000000 0.000000 0.000000
vn -1.000000 0.000000 0.000000
vn -1.000000 0.000000 0.000000
vn -1.000000 0.000000 0.000000
vn -1.000000 0.000000 0.000000
vn -1.000000 0.000000 0.000000
vn -1.000000 0.000000 0.000000
vn -1.000000 0.000000 0.000000
vn -1.000000 0.000000 0.000000
vn -1.000000 0.000000 0.000000
vn -1.000000 0.000000 0.000000
vn -1.000000 0.000000 0.000000
vn -1.000000 0.000000 0.000000
vn -1.000000 0.000000 0.000000
vn -1.000000 0.000000 0.000000
vn -1.000000 0.000000 0.000000
vn -1.000000 0.000000 0.000000
vn -1.000000 0.000000 0.000000
vn -1.000000 0.000000 0.000000
vn -1.000000 0.000000 0.000000
vn -1.000000 0.000000 0.000000
vn -1.000000 0.000000 0.000000
vn -1.000000 0.000000 0.000000
vn -1.000000 0.000000 0.000000
vn -1.000000 0.000000 0.000000
vn -1.000000 0.000000 0.000000
vn -1.000000 0.000000 0.000000
vn -1.000000 0.000000 0.000000
vn -1.000000 0.000000 0.000000
vn -1.000000 0.000000 0.000000
vn -1.000000 0.000000 0.000000
vn -1.000000 0.000000 0.000000
vn -1.000000 0.000000 0.000000
vn -1.000000 0.000000 0.000000
vn -1.000000 0.000000 0.000000
vn -1.000000 0.000000 0.000000
vn -1.000000 0.000000 0.000000
vn -1.000000 0.000000 0.000000
vn -1.000000 0.000000 0.000000
vn -1.000000 0.000000 0.000000
vn -1.000000 0.000000 0.000000
vn -1.000000 0.000000 0.000000
vn -1.000000 0.000000 0.000000
vn -1.000000 0.000000 0.000000
vn -1.000000 0.000000 0.000000
vn -1.000000 0.000000 0.000000
vn -1.000000 0.000000 0.000000
vn -1.000000 0.000000 0.000000
vn -1.000000 0.000000 0.000000
vn -1.000000 0.000000 0.000000
vn -1.000000 0.000000 0.000000
vn -1.000000 0.000000 0.000000
vn -1.000000 0.000000 0.000000
vn -1.000000 0.000000 0.000000
vn -1.000000 0.000000 0.000000
vn -1.000000 0.000000 0.000000
vn 0.000000 -0.120537 -0.992709
vn 0.000000 -0.120537 -0.992709
vn 0.000000 -0.354605 -0.935016
vn 0.000000 -0.568065 -0.822984
vn 0.000000 -0.354605 -0.935016
vn 0.000000 -0.568065 -0.822984
vn 0.000000 -0.748511 -0.663123
vn 0.000000 -0.748511 -0.663123
vn 0.000000 -0.885456 -0.464722
vn 0.000000 -0.970942 -0.239316
vn 0.000000 -0.885456 -0.464722
vn 0.000000 -0.970942 -0.239316
vn 0.000000 -1.000000 0.000000
vn 0.000000 -0.970942 0.239316
vn 0.000000 -1.000000 0.000000
vn 0.000000 -0.970942 0.239316
vn 0.000000 -0.885456 0.464723
vn 0.000000 -0.748511 0.663123
vn 0.000000 -0.885456 0.464723
vn 0.000000 -0.568065 0.822984
vn 0.000000 -0.748511 0.663123
vn 0.000000 -0.568065 0.822984
vn 0.000000 -0.354605 0.935016
vn 0.000000 -0.354605 0.935016
vn 0.000000 -0.120537 0.992709
vn 0.000000 -0.120537 0.992709
vn 0.000000 0.120537 0.992709
vn -0.000000 0.120537 0.992709
vn 0.000000 0.354605 0.935016
vn -0.000000 0.354605 0.935016
vn 0.000000 0.568065 0.822984
vn -0.000000 0.568065 0.822984
vn -0.000000 0.748511 0.663123
vn -0.000000 0.748511 0.663123
vn 0.000000 0.885456 0.464723
vn -0.000000 0.885456 0.464723
vn 0.000000 0.970942 0.239316
vn -0.000000 0.970942 0.239316
vn 0.000000 1.000000 0.000000
vn 0.000000 1.000000 0.000000
vn 0.000000 0.970942 -0.239316
vn 0.000000 0.970942 -0.239316
vn 0.000000 0.885456 -0.464722
vn 0.000000 0.885456 -0.464722
vn 0.000000 0.748511 -0.663123
vn 0.000000 0.748511 -0.663123
vn 0.000000 0.568065 -0.822984
vn 0.000000 0.568065 -0.822984
vn 0.000000 0.354605 -0.935016
vn 0.000000 0.354605 -0.935016
vn 0.000000 0.120537 -0.992709
vn 0.000000 0.120537 -0.992709
vn 0.000000 -0.120537 -0.992709
vn 0.000000 -0.120537 -0.992709
vn 0.000000 -0.354604 -0.935017
vn 0.000000 -0.568066 -0.822983
vn 0.000000 -0.354604 -0.935017
vn 0.000000 -0.568066 -0.822983
vn 0.000000 -0.748508 -0.663126
vn 0.000000 -0.748508 -0.663126
vn 0.000000 -0.885457 -0.464722
vn 0.000000 -0.970943 -0.239312
vn 0.000000 -0.885457 -0.464722
vn 0.000000 -0.970943 -0.239312
vn 0.000000 -1.000000 0.000000
vn 0.000000 -0.970943 0.239312
vn 0.000000 -1.000000 0.000000
vn 0.000000 -0.970943 0.239312
vn 0.000000 -0.885457 0.464722
vn 0.000000 -0.748508 0.663125
vn 0.000000 -0.885457 0.464722
vn 0.000000 -0.568066 0.822983
vn 0.000000 -0.748508 0.663125
vn 0.000000 -0.568066 0.822983
vn 0.000000 -0.354603 0.935017
vn 0.000000 -0.354603 0.935017
vn 0.000000 -0.120537 0.992709
vn 0.000000 -0.120537 0.992709
vn 0.000000 0.120537 0.992709
vn -0.000000 0.120537 0.992709
vn 0.000000 0.354603 0.935017
vn -0.000000 0.354603 0.935017
vn 0.000000 0.568066 0.822983
vn -0.000000 0.568066 0.822983
vn -0.000000 0.748508 0.663125
vn -0.000000 0.748508 0.663125
vn 0.000000 0.885457 0.464722
vn -0.000000 0.885457 0.464722
vn 0.000000 0.970943 0.239312
vn -0.000000 0.970943 0.239312
vn 0.000000 1.000000 0.000000
vn 0.000000 1.000000 0.000000
vn 0.000000 0.970943 -0.239312
vn 0.000000 0.970943 -0.239312
vn 0.000000 0.885457 -0.464722
vn 0.000000 0.885457 -0.464722
vn 0.000000 0.748508 -0.663126
vn 0.000000 0.748508 -0.663126
vn 0.000000 0.568066 -0.822983
vn 0.000000 0.568066 -0.822983
vn 0.000000 0.354604 -0.935017
vn 0.000000 0.354604 -0.935017
vn 0.000000 0.120537 -0.992709
vn 0.000000 0.120537 -0.992709
vn -0.000000 0.120537 0.992709
vn 0.000000 0.120537 0.992709
vn 0.000000 0.354605 0.935016
vn -0.000000 0.354605 0.935016
vn 0.000000 0.568065 0.822984
vn -0.000000 0.568065 0.822984
vn 0.000000 0.748511 0.663122
vn -0.000000 0.748511 0.663122
vn 0.000000 0.885456 0.464724
vn -0.000000 0.885456 0.464724
vn 0.000000 0.970942 0.239315
vn -0.000000 0.970942 0.239315
vn 0.000000 1.000000 -0.000000
vn 0.000000 1.000000 0.000000
vn 0.000000 0.970942 -0.239315
vn 0.000000 0.970942 -0.239315
vn 0.000000 0.885456 -0.464724
vn 0.000000 0.748511 -0.663122
vn 0.000000 0.885456 -0.464724
vn 0.000000 0.748511 -0.663122
vn 0.000000 0.568065 -0.822984
vn 0.000000 0.568065 -0.822984
vn 0.000000 0.354605 -0.935016
vn 0.000000 0.354605 -0.935016
vn 0.000000 0.120537 -0.992709
vn 0.000000 0.120537 -0.992709
vn 0.000000 -0.120537 -0.992709
vn 0.000000 -0.120537 -0.992709
vn -0.000000 -0.354605 -0.935016
vn 0.000000 -0.354605 -0.935016
vn 0.000000 -0.568065 -0.822984
vn 0.000000 -0.568065 -0.822984
vn 0.000000 -0.748511 -0.663122
vn 0.000000 -0.748511 -0.663122
vn 0.000000 -0.885456 -0.464724
vn 0.000000 -0.885456 -0.464724
vn 0.000000 -0.970942 -0.239315
vn 0.000000 -0.970942 -0.239315
vn 0.000000 -1.000000 0.000000
vn 0.000000 -1.000000 -0.000000
vn 0.000000 -0.970942 0.239315
vn 0.000000 -0.970942 0.239315
vn 0.000000 -0.885456 0.464724
vn 0.000000 -0.885456 0.464724
vn 0.000000 -0.748511 0.663122
vn 0.000000 -0.748511 0.663122
vn 0.000000 -0.568065 0.822984
vn 0.000000 -0.354605 0.935016
vn 0.000000 -0.568065 0.822984
vn 0.000000 -0.354605 0.935016
vn 0.000000 -0.120537 0.992709
vn 0.000000 -0.120537 0.992709
vn -0.000000 0.120537 0.992709
vn 0.000000 0.120537 0.992709
vn 0.000000 0.354604 0.935016
vn -0.000000 0.354604 0.935016
vn 0.000000 0.568069 0.822981
vn -0.000000 0.568069 0.822981
vn 0.000000 0.748511 0.663123
vn -0.000000 0.748511 0.663123
vn 0.000000 0.885456 0.464724
vn -0.000000 0.885456 0.464724
vn 0.000000 0.970941 0.239319
vn -0.000000 0.970941 0.239319
vn 0.000000 1.000000 -0.000000
vn 0.000000 1.000000 0.000000
vn 0.000000 0.970941 -0.239319
vn 0.000000 0.970941 -0.239319
vn 0.000000 0.885456 -0.464724
vn 0.000000 0.748511 -0.663123
vn 0.000000 0.885456 -0.464724
vn 0.000000 0.748511 -0.663123
vn 0.000000 0.568069 -0.822981
vn 0.000000 0.568069 -0.822981
vn 0.000000 0.354604 -0.935016
vn 0.000000 0.354604 -0.935016
vn 0.000000 0.120536 -0.992709
vn 0.000000 0.120536 -0.992709
vn 0.000000 -0.120536 -0.992709
vn 0.000000 -0.120536 -0.992709
vn -0.000000 -0.354604 -0.935016
vn 0.000000 -0.354604 -0.935016
vn 0.000000 -0.568069 -0.822981
vn 0.000000 -0.568069 -0.822981
vn 0.000000 -0.748511 -0.663123
vn 0.000000 -0.748511 -0.663123
vn 0.000000 -0.885456 -0.464724
vn 0.000000 -0.885456 -0.464724
vn 0.000000 -0.970941 -0.239319
vn 0.000000 -0.970941 -0.239319
vn 0.000000 -1.000000 0.000000
vn 0.000000 -1.000000 -0.000000
vn 0.000000 -0.970941 0.239319
vn 0.000000 -0.970941 0.239319
vn 0.000000 -0.885456 0.464724
vn 0.000000 -0.885456 0.464724
vn 0.000000 -0.748511 0.663123
vn 0.000000 -0.748511 0.663123
vn 0.000000 -0.568069 0.822981
vn 0.000000 -0.354604 0.935016
vn 0.000000 -0.568069 0.822981
vn 0.000000 -0.354604 0.935016
vn 0.000000 -0.120537 0.992709
vn 0.000000 -0.120537 0.992709
vn 1.000000 0.000000 0.000000
vn 1.000000 0.000000 0.000000
vn 1.000000 -0.000000 0.000000
vn 1.000000 0.000000 0.000000
vn 1.000000 0.000000 0.000000
vn 1.000000 0.000000 0.000000
vn 1.000000 0.000000 0.000000
vn 1.000000 0.000000 0.000000
vn 1.000000 0.000000 0.000000
vn 1.000000 -0.000000 0.000000
vn 1.000000 0.000000 0.000000
vn 1.000000 0.000000 0.000000
vn 1.000000 0.000000 0.000000
vn 1.000000 -0.000000 0.000000
vn 1.000000 -0.000000 0.000000
vn 1.000000 0.000000 0.000000
vn 1.000000 0.000000 0.000000
vn 1.000000 0.000000 0.000000
vn 1.000000 -0.000000 0.000000
vn 1.000000 0.000000 0.000000
vn 1.000000 0.000000 0.000000
vn 1.000000 0.000000 0.000000
vn 1.000000 -0.000000 0.000000
vn 1.000000 0.000000 0.000000
vn 1.000000 -0.000000 0.000000
vn 1.000000 0.000000 0.000000
vn 1.000000 0.000000 0.000000
vn 1.000000 0.000000 0.000000
vn 1.000000 -0.000000 0.000000
vn 1.000000 0.000000 0.000000
vn 1.000000 0.000000 0.000000
vn 1.000000 0.000000 0.000000
vn 1.000000 0.000000 0.000000
vn 1.000000 -0.000000 0.000000
vn 1.000000 0.000000 0.000000
vn 1.000000 0.000000 0.000000
vn 1.000000 0.000000 0.000000
vn 1.000000 -0.000000 0.000000
vn 1.000000 0.000000 0.000000
vn 1.000000 0.000000 0.000000
vn 1.000000 0.000000 0.000000
vn 1.000000 0.000000 0.000000
vn 1.000000 0.000000 0.000000
vn 1.000000 -0.000000 0.000000
vn 1.000000 0.000000 0.000000
vn 1.000000 0.000000 0.000000
vn 1.000000 0.000000 0.000000
vn 1.000000 0.000000 0.000000
vn 1.000000 0.000000 0.000000
vn 1.000000 -0.000000 0.000000
vn 1.000000 -0.000000 0.000000
vn 1.000000 0.000000 0.000000
vn 1.000000 0.000000 0.000000
vn 1.000000 -0.000000 0.000000
vn 1.000000 0.000000 0.000000
vn 1.000000 0.000000 0.000000
vn 1.000000 0.000000 0.000000
vn 1.000000 -0.000000 0.000000
vn 1.000000 0.000000 0.000000
vn 1.000000 0.000000 0.000000
vn 1.000000 0.000000 0.000000
vn 1.000000 -0.000000 0.000000
vn 1.000000 0.000000 0.000000
vn 1.000000 0.000000 0.000000
vn 1.000000 0.000000 0.000000
vn 1.000000 -0.000000 0.000000
vn 1.000000 -0.000000 0.000000
vn 1.000000 0.000000 0.000000
vn 1.000000 0.000000 0.000000
vn 1.000000 0.000000 0.000000
vn 1.000000 -0.000000 0.000000
vn 1.000000 0.000000 0.000000
vn 1.000000 0.000000 0.000000
vn 1.000000 0.000000 0.000000
vn 1.000000 -0.000000 0.000000
vn 1.000000 0.000000 0.000000
vn 1.000000 -0.000000 0.000000
vn 1.000000 0.000000 0.000000
vn 1.000000 0.000000 0.000000
vn 1.000000 0.000000 0.000000
vn 1.000000 -0.000000 0.000000
vn 1.000000 0.000000 0.000000
vn 1.000000 0.000000 0.000000
vn 1.000000 0.000000 0.000000
vn 1.000000 0.000000 0.000000
vn 1.000000 -0.000000 0.000000
vn 1.000000 0.000000 0.000000
vn 1.000000 0.000000 0.000000
vn 1.000000 0.000000 0.000000
vn 1.000000 -0.000000 0.000000
vn 1.000000 0.000000 0.000000
vn 1.000000 0.000000 0.000000
vn 1.000000 0.000000 0.000000
vn 1.000000 0.000000 0.000000
vn 1.000000 0.000000 0.000000
vn 1.000000 -0.000000 0.000000
vn 1.000000 0.000000 0.000000
vn 1.000000 0.000000 0.000000
vn 1.000000 0.000000 0.000000
vn 1.000000 -0.000000 0.000000
vn 1.000000 0.000000 0.000000
vn 1.000000 0.000000 0.000000
vn 1.000000 0.000000 0.000000
vn 1.000000 -0.000000 0.000000
f 1//1 2//1 3//1
f 1//2 3//2 4//2
f 5//3 6//3 1//3
f 7//4 1//4 4//4
f 7//5 5//5 1//5
f 8//6 7//6 4//6
f 9//7 10//7 8//7
f 9//8 8//8 4//8
f 11//9 10//9 9//9
f 12//10 11//10 13//10
f 12//11 10//11 11//11
f 14//12 15//12 16//12
f 15//13 17//13 18//13
f 18//14 17//14 19//14
f 14//15 17//15 15//15
f 17//16 20//16 19//16
f 17//17 21//17 20//17
f 21//18 22//18 23//18
f 23//19 22//19 24//19
f 17//20 22//20 21//20
f 22//21 25//21 24//21
f 22//22 26//22 25//22
f 26//23 27//23 28//23
f 28//24 27//24 29//24
f 29//25 27//25 30//25
f 22//26 27//26 26//26
f 27//27 31//27 30//27
f 27//28 32//28 31//28
f 27//29 33//29 32//29
f 32//30 33//30 34//30
f 34//31 33//31 35//31
f 35//32 33//32 36//32
f 33//33 37//33 36//33
f 33//34 38//34 37//34
f 37//35 38//35 39//35
f 39//36 38//36 40//36
f 40//37 38//37 41//37
f 41//38 38//38 42//38
f 38//39 43//39 42//39
f 38//40 44//40 43//40
f 43//41 44//41 45//41
f 45//42 44//42 46//42
f 46//43 44//43 47//43
f 47//44 44//44 48//44
f 44//45 49//45 48//45
f 44//46 50//46 49//46
f 49//47 50//47 51//47
f 51//48 50//48 52//48
f 52//49 50//49 53//49
f 50//50 54//50 53//50
f 50//51 55//51 54//51
f 56//52 57//52 58//52
f 58//53 57//53 59//53
f 57//54 60//54 59//54
f 57//55 13//55 60//55
f 60//56 11//56 61//56
f 61//57 11//57 62//57
f 62//58 11//58 63//58
f 13//59 11//59 60//59
f 11//60 64//60 63//60
f 64//61 9//61 65//61
f 65//62 9//62 66//62
f 11//63 9//63 64//63
f 9//64 67//64 66//64
f 9//65 68//65 67//65
f 68//66 4//66 3//66
f 9//67 4//67 68//67
f 50//68 57//68 55//68
f 55//69 57//69 56//69
f 69//70 60//70 61//70
f 69//71 61//71 62//71
f 69//72 62//72 63//72
f 69//73 63//73 64//73
f 69//74 64//74 65//74
f 69//75 65//75 66//75
f 70//76 69//76 66//76
f 70//77 66//77 67//77
f 70//78 67//78 68//78
f 70//79 68//79 3//79
f 71//80 60//80 69//80
f 71//81 54//81 55//81
f 71//82 55//82 56//82
f 71//83 56//83 58//83
f 71//84 58//84 59//84
f 71//85 59//85 60//85
f 72//86 70//86 3//86
f 72//87 3//87 2//87
f 73//88 54//88 71//88
f 73//89 47//89 48//89
f 73//90 48//90 49//90
f 73//91 49//91 51//91
f 73//92 51//92 52//92
f 73//93 52//93 53//93
f 73//94 53//94 54//94
f 74//95 72//95 2//95
f 75//96 47//96 73//96
f 75//97 41//97 42//97
f 75//98 42//98 43//98
f 75//99 43//99 45//99
f 75//100 45//100 46//100
f 75//101 46//101 47//101
f 40//102 41//102 75//102
f 76//103 74//103 2//103
f 77//104 40//104 75//104
f 77//105 35//105 36//105
f 77//106 36//106 37//106
f 77//107 37//107 39//107
f 77//108 39//108 40//108
f 34//109 35//109 77//109
f 32//110 34//110 77//110
f 78//111 76//111 2//111
f 79//112 30//112 31//112
f 79//113 31//113 32//113
f 79//114 32//114 77//114
f 29//115 30//115 79//115
f 28//116 29//116 79//116
f 26//117 28//117 79//117
f 80//118 24//118 25//118
f 80//119 25//119 26//119
f 80//120 26//120 79//120
f 23//121 24//121 80//121
f 21//122 23//122 80//122
f 81//123 82//123 78//123
f 81//124 78//124 2//124
f 20//125 21//125 80//125
f 83//126 82//126 81//126
f 19//127 20//127 80//127
f 84//128 19//128 80//128
f 84//129 18//129 19//129
f 15//130 18//130 84//130
f 16//131 15//131 84//131
f 85//132 83//132 81//132
f 86//133 16//133 84//133
f 87//134 85//134 81//134
f 88//135 16//135 86//135
f 89//136 87//136 81//136
f 90//137 89//137 81//137
f 90//138 81//138 91//138
f 92//139 93//139 89//139
f 92//140 94//140 93//140
f 92//141 89//141 90//141
f 92//142 95//142 94//142
f 92//143 96//143 95//143
f 97//144 16//144 88//144
f 98//145 99//145 96//145
f 98//146 100//146 99//146
f 98//147 88//147 100//147
f 98//148 97//148 88//148
f 101//149 98//149 102//149
f 103//150 102//150 98//150
f 104//151 98//151 101//151
f 105//152 103//152 98//152
f 106//153 98//153 104//153
f 107//154 105//154 98//154
f 108//155 98//155 106//155
f 109//156 107//156 98//156
f 110//157 98//157 108//157
f 111//158 109//158 98//158
f 112//159 98//159 110//159
f 113//160 111//160 98//160
f 113//161 98//161 96//161
f 114//162 98//162 112//162
f 115//163 113//163 96//163
f 116//164 98//164 114//164
f 117//165 96//165 92//165
f 117//166 115//166 96//166
f 118//167 98//167 116//167
f 119//168 117//168 92//168
f 120//169 98//169 118//169
f 121//170 119//170 92//170
f 122//171 98//171 120//171
f 123//172 121//172 92//172
f 124//173 98//173 122//173
f 125//174 123//174 92//174
f 126//175 98//175 124//175
f 127//176 125//176 92//176
f 128//177 98//177 126//177
f 129//178 127//178 92//178
f 130//179 98//179 128//179
f 131//180 129//180 92//180
f 132//181 98//181 130//181
f 133//182 131//182 92//182
f 134//183 98//183 132//183
f 135//184 133//184 92//184
f 136//185 98//185 134//185
f 137//186 135//186 92//186
f 138//187 98//187 136//187
f 139//188 137//188 92//188
f 140//189 98//189 138//189
f 141//190 139//190 92//190
f 142//191 98//191 140//191
f 143//192 141//192 92//192
f 144//193 98//193 142//193
f 145//194 143//194 92//194
f 146//195 98//195 144//195
f 147//196 145//196 92//196
f 148//197 98//197 146//197
f 149//198 147//198 92//198
f 150//199 151//199 98//199
f 150//200 98//200 148//200
f 152//201 149//201 92//201
f 153//202 151//202 150//202
f 154//203 152//203 92//203
f 154//204 92//204 155//204
f 156//205 151//205 153//205
f 157//206 154//206 155//206
f 158//207 151//207 156//207
f 159//208 157//208 155//208
f 160//209 151//209 158//209
f 161//210 159//210 155//210
f 162//211 151//211 160//211
f 163//212 161//212 155//212
f 164//213 151//213 162//213
f 165//214 163//214 155//214
f 166//215 151//215 164//215
f 167//216 165//216 155//216
f 168//217 151//217 166//217
f 169//218 167//218 155//218
f 170//219 151//219 168//219
f 171//220 169//220 155//220
f 172//221 151//221 170//221
f 173//222 171//222 155//222
f 174//223 151//223 172//223
f 175//224 173//224 155//224
f 176//225 151//225 174//225
f 177//226 175//226 155//226
f 178//227 151//227 176//227
f 179//228 177//228 155//228
f 180//229 151//229 178//229
f 181//230 179//230 155//230
f 182//231 151//231 180//231
f 183//232 181//232 155//232
f 184//233 151//233 182//233
f 185//234 183//234 155//234
f 186//235 151//235 184//235
f 187//236 185//236 155//236
f 188//237 151//237 186//237
f 189//238 187//238 155//238
f 190//239 151//239 188//239
f 191//240 189//240 155//240
f 192//241 151//241 190//241
f 193//242 191//242 155//242
f 194//243 151//243 192//243
f 195//244 193//244 155//244
f 196//245 151//245 194//245
f 197//246 195//246 155//246
f 198//247 197//247 155//247
f 199//248 198//248 155//248
f 200//249 201//249 202//249
f 200//250 202//250 203//250
f 200//251 203//251 204//251
f 200//252 204//252 205//252
f 200//253 205//253 206//253
f 200//254 206//254 207//254
f 208//255 207//255 209//255
f 208//256 209//256 210//256
f 208//257 210//257 211//257
f 208//258 200//258 207//258
f 212//259 213//259 214//259
f 212//260 214//260 215//260
f 212//261 215//261 216//261
f 212//262 216//262 217//262
f 212//263 217//263 201//263
f 212//264 201//264 200//264
f 218//265 208//265 211//265
f 219//266 220//266 221//266
f 219//267 221//267 222//267
f 219//268 222//268 223//268
f 219//269 223//269 224//269
f 219//270 224//270 225//270
f 219//271 225//271 213//271
f 219//272 213//272 212//272
f 226//273 211//273 227//273
f 226//274 218//274 211//274
f 228//275 229//275 230//275
f 228//276 230//276 231//276
f 228//277 231//277 232//277
f 228//278 232//278 233//278
f 228//279 233//279 220//279
f 228//280 220//280 219//280
f 234//281 229//281 228//281
f 235//282 227//282 151//282
f 235//283 226//283 227//283
f 236//284 237//284 238//284
f 236//285 238//285 239//285
f 236//286 239//286 240//286
f 236//287 240//287 234//287
f 236//288 234//288 228//288
f 241//289 237//289 236//289
f 242//290 241//290 236//290
f 243//291 235//291 151//291
f 244//292 242//292 236//292
f 244//293 245//293 246//293
f 244//294 246//294 242//294
f 247//295 245//295 244//295
f 248//296 247//296 244//296
f 249//297 248//297 244//297
f 250//298 243//298 151//298
f 251//299 249//299 244//299
f 251//300 252//300 253//300
f 251//301 253//301 249//301
f 254//302 252//302 251//302
f 255//303 254//303 251//303
f 256//304 255//304 251//304
f 257//305 256//305 251//305
f 258//306 257//306 251//306
f 258//307 259//307 257//307
f 260//308 259//308 258//308
f 261//309 260//309 258//309
f 262//310 261//310 258//310
f 263//311 264//311 265//311
f 263//312 262//312 264//312
f 263//313 261//313 262//313
f 266//314 263//314 265//314
f 267//315 268//315 269//315
f 267//316 270//316 268//316
f 267//317 271//317 270//317
f 267//318 272//318 271//318
f 267//319 266//319 272//319
f 267//320 263//320 266//320
f 273//321 274//321 250//321
f 273//322 275//322 274//322
f 273//323 276//323 275//323
f 273//324 269//324 276//324
f 273//325 250//325 151//325
f 273//326 151//326 196//326
f 273//327 277//327 278//327
f 273//328 279//328 277//328
f 273//329 280//329 279//329
f 273//330 281//330 280//330
f 273//331 282//331 281//331
f 273//332 283//332 282//332
f 273//333 284//333 283//333
f 273//334 285//334 284//334
f 273//335 196//335 285//335
f 286//336 269//336 273//336
f 286//337 267//337 269//337
f 287//338 267//338 286//338
f 288//339 199//339 155//339
f 288//340 273//340 278//340
f 288//341 289//341 199//341
f 288//342 290//342 289//342
f 288//343 291//343 290//343
f 288//344 292//344 291//344
f 288//345 293//345 292//345
f 288//346 294//346 293//346
f 288//347 295//347 294//347
f 288//348 296//348 295//348
f 288//349 297//349 296//349
f 288//350 298//350 297//350
f 288//351 299//351 298//351
f 288//352 300//352 299//352
f 288//353 301//353 300//353
f 288//354 302//354 301//354
f 288//355 303//355 302//355
f 288//356 304//356 303//356
f 288//357 305//357 304//357
f 288//358 306//358 305//358
f 288//359 307//359 306//359
f 288//360 308//360 307//360
f 288//361 278//361 308//361
f 2//362 1//362 309//362
f 309//363 6//363 310//363
f 1//364 6//364 309//364
f 6//365 5//365 310//365
f 310//366 5//366 311//366
f 5//367 7//367 311//367
f 311//368 8//368 312//368
f 7//369 8//369 311//369
f 312//370 10//370 313//370
f 8//371 10//371 312//371
f 12//372 314//372 313//372
f 12//373 313//373 10//373
f 314//374 57//374 315//374
f 314//375 315//375 316//375
f 13//376 314//376 12//376
f 13//377 57//377 314//377
f 317//378 314//378 316//378
f 14//379 16//379 97//379
f 14//380 97//380 318//380
f 318//381 319//381 14//381
f 320//382 321//382 319//382
f 320//383 319//383 318//383
f 319//384 22//384 17//384
f 319//385 17//385 14//385
f 50//386 315//386 57//386
f 44//387 315//387 50//387
f 38//388 315//388 44//388
f 33//389 315//389 38//389
f 27//390 315//390 33//390
f 322//391 27//391 22//391
f 322//392 315//392 27//392
f 319//393 322//393 22//393
f 323//394 324//394 325//394
f 326//395 324//395 323//395
f 98//396 323//396 97//396
f 98//397 326//397 323//397
f 326//398 98//398 327//398
f 327//399 98//399 151//399
f 328//400 329//400 330//400
f 328//401 327//401 329//401
f 329//402 151//402 227//402
f 327//403 151//403 329//403
f 331//404 227//404 211//404
f 331//405 211//405 332//405
f 333//406 260//406 261//406
f 260//407 334//407 259//407
f 259//408 334//408 257//408
f 257//409 334//409 256//409
f 333//410 334//410 260//410
f 334//411 255//411 256//411
f 255//412 335//412 254//412
f 254//413 335//413 252//413
f 252//414 335//414 253//414
f 334//415 335//415 255//415
f 335//416 249//416 253//416
f 249//417 336//417 248//417
f 248//418 336//418 247//418
f 336//419 245//419 247//419
f 335//420 337//420 249//420
f 249//421 337//421 336//421
f 246//422 338//422 242//422
f 242//423 338//423 241//423
f 241//424 338//424 237//424
f 338//425 238//425 237//425
f 338//426 239//426 238//426
f 338//427 339//427 239//427
f 239//428 339//428 240//428
f 240//429 339//429 234//429
f 234//430 339//430 229//430
f 339//431 230//431 229//431
f 339//432 231//432 230//432
f 339//433 340//433 231//433
f 231//434 340//434 232//434
f 232//435 340//435 233//435
f 233//436 340//436 220//436
f 340//437 221//437 220//437
f 340//438 222//438 221//438
f 222//439 341//439 223//439
f 223//440 341//440 224//440
f 224//441 341//441 225//441
f 340//442 341//442 222//442
f 341//443 213//443 225//443
f 213//444 342//444 214//444
f 214//445 342//445 215//445
f 215//446 342//446 216//446
f 216//447 342//447 217//447
f 341//448 342//448 213//448
f 342//449 201//449 217//449
f 201//450 343//450 202//450
f 202//451 343//451 203//451
f 203//452 343//452 204//452
f 204//453 343//453 205//453
f 342//454 343//454 201//454
f 205//455 344//455 206//455
f 206//456 344//456 207//456
f 343//457 344//457 205//457
f 344//458 209//458 207//458
f 344//459 210//459 209//459
f 210//460 332//460 211//460
f 344//461 332//461 210//461
f 336//462 338//462 245//462
f 245//463 338//463 246//463
f 333//464 261//464 263//464
f 333//465 263//465 345//465
f 346//466 347//466 263//466
f 346//467 348//467 347//467
f 349//468 347//468 348//468
f 350//469 346//469 263//469
f 351//470 347//470 349//470
f 352//471 350//471 263//471
f 353//472 347//472 351//472
f 354//473 352//473 263//473
f 355//474 356//474 357//474
f 355//475 358//475 356//475
f 355//476 353//476 358//476
f 359//477 355//477 357//477
f 267//478 360//478 354//478
f 267//479 361//479 360//479
f 267//480 362//480 361//480
f 267//481 363//481 362//481
f 267//482 354//482 263//482
f 364//483 355//483 359//483
f 365//484 355//484 364//484
f 366//485 367//485 368//485
f 366//486 369//486 367//486
f 366//487 370//487 369//487
f 366//488 365//488 370//488
f 371//489 372//489 373//489
f 371//490 374//490 372//490
f 371//491 368//491 374//491
f 371//492 375//492 363//492
f 371//493 373//493 375//493
f 371//494 363//494 267//494
f 371//495 366//495 368//495
f 366//496 355//496 365//496
f 355//497 347//497 353//497
f 287//498 376//498 267//498
f 377//499 378//499 379//499
f 380//500 377//500 379//500
f 377//501 376//501 287//501
f 377//502 287//502 378//502
f 381//503 287//503 286//503
f 381//504 286//504 382//504
f 382//505 286//505 273//505
f 382//506 273//506 383//506
f 288//507 384//507 273//507
f 385//508 383//508 273//508
f 273//509 386//509 385//509
f 273//510 387//510 386//510
f 386//511 388//511 385//511
f 273//512 389//512 387//512
f 388//513 390//513 385//513
f 384//514 391//514 273//514
f 273//515 391//515 389//515
f 390//516 392//516 385//516
f 384//517 393//517 391//517
f 392//518 394//518 385//518
f 384//519 395//519 393//519
f 394//520 396//520 385//520
f 384//521 397//521 395//521
f 396//522 398//522 385//522
f 384//523 399//523 397//523
f 384//524 400//524 399//524
f 384//525 401//525 400//525
f 402//526 403//526 404//526
f 404//527 403//527 405//527
f 405//528 403//528 406//528
f 406//529 403//529 407//529
f 407//530 403//530 398//530
f 398//531 403//531 385//531
f 408//532 409//532 410//532
f 410//533 409//533 411//533
f 411//534 409//534 412//534
f 412//535 409//535 413//535
f 413//536 409//536 402//536
f 402//537 409//537 403//537
f 384//538 409//538 408//538
f 384//539 408//539 401//539
f 155//540 414//540 288//540
f 288//541 414//541 384//541
f 414//542 155//542 92//542
f 415//543 416//543 92//543
f 417//544 92//544 416//544
f 418//545 92//545 417//545
f 419//546 417//546 416//546
f 420//547 92//547 418//547
f 421//548 419//548 416//548
f 422//549 414//549 92//549
f 422//550 92//550 420//550
f 423//551 421//551 416//551
f 424//552 414//552 422//552
f 425//553 423//553 416//553
f 426//554 414//554 424//554
f 427//555 425//555 416//555
f 428//556 414//556 426//556
f 429//557 427//557 416//557
f 430//558 414//558 428//558
f 431//559 414//559 430//559
f 432//560 414//560 431//560
f 433//561 434//561 435//561
f 433//562 435//562 436//562
f 433//563 436//563 437//563
f 433//564 437//564 438//564
f 433//565 438//565 429//565
f 433//566 429//566 416//566
f 439//567 440//567 441//567
f 439//568 441//568 442//568
f 439//569 442//569 443//569
f 439//570 443//570 444//570
f 439//571 444//571 434//571
f 439//572 434//572 433//572
f 439//573 414//573 440//573
f 440//574 414//574 432//574
f 90//575 445//575 92//575
f 92//576 445//576 415//576
f 91//577 446//577 90//577
f 90//578 446//578 445//578
f 447//579 91//579 81//579
f 448//580 449//580 450//580
f 449//581 451//581 450//581
f 447//582 449//582 91//582
f 91//583 449//583 448//583
f 452//584 453//584 454//584
f 455//585 454//585 453//585
f 456//586 452//586 454//586
f 457//587 454//587 455//587
f 458//588 456//588 454//588
f 459//589 454//589 457//589
f 460//590 461//590 458//590
f 460//591 462//591 461//591
f 460//592 458//592 454//592
f 463//593 462//593 460//593
f 309//594 464//594 465//594
f 309//595 466//595 464//595
f 309//596 459//596 466//596
f 467//597 463//597 460//597
f 468//598 309//598 465//598
f 2//599 309//599 468//599
f 469//600 2//600 468//600
f 470//601 2//601 469//601
f 471//602 2//602 470//602
f 472//603 473//603 474//603
f 472//604 475//604 473//604
f 472//605 476//605 467//605
f 472//606 477//606 476//606
f 472//607 474//607 477//607
f 472//608 467//608 460//608
f 81//609 478//609 475//609
f 81//610 479//610 478//610
f 81//611 480//611 479//611
f 81//612 475//612 472//612
f 81//613 2//613 471//613
f 81//614 471//614 480//614
f 309//615 454//615 459//615
f 89//616 93//616 481//616
f 481//617 93//617 482//617
f 482//618 94//618 483//618
f 93//619 94//619 482//619
f 483//620 95//620 484//620
f 94//621 95//621 483//621
f 484//622 96//622 485//622
f 485//623 96//623 486//623
f 95//624 96//624 484//624
f 96//625 99//625 486//625
f 486//626 100//626 487//626
f 99//627 100//627 486//627
f 487//628 88//628 488//628
f 488//629 88//629 489//629
f 100//630 88//630 487//630
f 489//631 86//631 490//631
f 88//632 86//632 489//632
f 86//633 84//633 490//633
f 490//634 80//634 491//634
f 84//635 80//635 490//635
f 80//636 79//636 491//636
f 491//637 79//637 492//637
f 79//638 77//638 492//638
f 492//639 77//639 493//639
f 77//640 75//640 493//640
f 493//641 75//641 494//641
f 75//642 73//642 494//642
f 494//643 73//643 495//643
f 73//644 71//644 495//644
f 495//645 71//645 496//645
f 71//646 69//646 496//646
f 496//647 69//647 497//647
f 69//648 70//648 497//648
f 497//649 70//649 498//649
f 70//650 72//650 498//650
f 498//651 72//651 499//651
f 72//652 74//652 499//652
f 499//653 74//653 500//653
f 74//654 76//654 500//654
f 500//655 76//655 501//655
f 76//656 78//656 501//656
f 501//657 78//657 502//657
f 78//658 82//658 502//658
f 502//659 82//659 503//659
f 82//660 83//660 503//660
f 503//661 83//661 504//661
f 83//662 85//662 504//662
f 504//663 85//663 505//663
f 505//664 87//664 506//664
f 506//665 87//665 481//665
f 85//666 87//666 505//666
f 87//667 89//667 481//667
f 197//668 198//668 507//668
f 507//669 198//669 508//669
f 508//670 199//670 509//670
f 198//671 199//671 508//671
f 509//672 289//672 510//672
f 199//673 289//673 509//673
f 510//674 290//674 511//674
f 289//675 290//675 510//675
f 511//676 291//676 512//676
f 290//677 291//677 511//677
f 512//678 292//678 513//678
f 291//679 292//679 512//679
f 513//680 293//680 514//680
f 292//681 293//681 513//681
f 514//682 294//682 515//682
f 293//683 294//683 514//683
f 515//684 295//684 516//684
f 294//685 295//685 515//685
f 516//686 296//686 517//686
f 295//687 296//687 516//687
f 296//688 297//688 517//688
f 517//689 297//689 518//689
f 297//690 298//690 518//690
f 518//691 298//691 519//691
f 298//692 299//692 519//692
f 519//693 299//693 520//693
f 520//694 299//694 521//694
f 299//695 300//695 521//695
f 300//696 301//696 521//696
f 521//697 301//697 522//697
f 301//698 302//698 522//698
f 522//699 302//699 523//699
f 302//700 303//700 523//700
f 523//701 303//701 524//701
f 524//702 303//702 525//702
f 303//703 304//703 525//703
f 304//704 305//704 525//704
f 525//705 305//705 526//705
f 526//706 305//706 527//706
f 305//707 306//707 527//707
f 306//708 307//708 527//708
f 527//709 307//709 528//709
f 528//710 307//710 529//710
f 307//711 308//711 529//711
f 529//712 278//712 530//712
f 308//713 278//713 529//713
f 530//714 277//714 531//714
f 278//715 277//715 530//715
f 531//716 279//716 532//716
f 277//717 279//717 531//717
f 532//718 280//718 533//718
f 279//719 280//719 532//719
f 533//720 281//720 534//720
f 280//721 281//721 533//721
f 534//722 282//722 535//722
f 281//723 282//723 534//723
f 535//724 283//724 536//724
f 282//725 283//725 535//725
f 536//726 284//726 537//726
f 283//727 284//727 536//727
f 537//728 285//728 538//728
f 284//729 285//729 537//729
f 538//730 196//730 539//730
f 539//731 196//731 540//731
f 285//732 196//732 538//732
f 196//733 194//733 540//733
f 540//734 192//734 541//734
f 194//735 192//735 540//735
f 541//736 190//736 542//736
f 192//737 190//737 541//737
f 542//738 188//738 543//738
f 190//739 188//739 542//739
f 188//740 186//740 543//740
f 543//741 186//741 544//741
f 186//742 184//742 544//742
f 544//743 184//743 545//743
f 545//744 184//744 546//744
f 184//745 182//745 546//745
f 182//746 180//746 546//746
f 546//747 180//747 547//747
f 180//748 178//748 547//748
f 547//749 178//749 548//749
f 178//750 176//750 548//750
f 548//751 176//751 549//751
f 176//752 174//752 549//752
f 549//753 174//753 550//753
f 174//754 172//754 550//754
f 550//755 172//755 551//755
f 172//756 170//756 551//756
f 551//757 170//757 552//757
f 170//758 168//758 552//758
f 552//759 168//759 553//759
f 168//760 166//760 553//760
f 553//761 166//761 554//761
f 166//762 164//762 554//762
f 554//763 164//763 555//763
f 164//764 162//764 555//764
f 555//765 162//765 556//765
f 162//766 160//766 556//766
f 556//767 160//767 557//767
f 160//768 158//768 557//768
f 557//769 158//769 558//769
f 158//770 156//770 558//770
f 558//771 156//771 559//771
f 559//772 156//772 560//772
f 156//773 153//773 560//773
f 153//774 150//774 560//774
f 560//775 150//775 561//775
f 150//776 148//776 561//776
f 561//777 148//777 562//777
f 148//778 146//778 562//778
f 562//779 146//779 563//779
f 146//780 144//780 563//780
f 563//781 144//781 564//781
f 564//782 142//782 565//782
f 144//783 142//783 564//783
f 565//784 140//784 566//784
f 142//785 140//785 565//785
f 566//786 138//786 567//786
f 140//787 138//787 566//787
f 567//788 136//788 568//788
f 138//789 136//789 567//789
f 136//790 134//790 568//790
f 568//791 134//791 569//791
f 134//792 132//792 569//792
f 569//793 132//793 570//793
f 132//794 130//794 570//794
f 570//795 130//795 571//795
f 130//796 128//796 571//796
f 571//797 128//797 572//797
f 128//798 126//798 572//798
f 572//799 126//799 573//799
f 126//800 124//800 573//800
f 573//801 124//801 574//801
f 124//802 122//802 574//802
f 574//803 122//803 575//803
f 122//804 120//804 575//804
f 575//805 120//805 576//805
f 120//806 118//806 576//806
f 576//807 118//807 577//807
f 118//808 116//808 577//808
f 577//809 116//809 578//809
f 116//810 114//810 578//810
f 578//811 114//811 579//811
f 114//812 112//812 579//812
f 579//813 112//813 580//813
f 580//814 112//814 581//814
f 112//815 110//815 581//815
f 581//816 108//816 582//816
f 110//817 108//817 581//817
f 582//818 106//818 583//818
f 108//819 106//819 582//819
f 583//820 104//820 584//820
f 106//821 104//821 583//821
f 584//822 101//822 585//822
f 104//823 101//823 584//823
f 585//824 102//824 586//824
f 101//825 102//825 585//825
f 586//826 103//826 587//826
f 102//827 103//827 586//827
f 587//828 105//828 588//828
f 103//829 105//829 587//829
f 588//830 107//830 589//830
f 105//831 107//831 588//831
f 589//832 109//832 590//832
f 107//833 109//833 589//833
f 590//834 111//834 591//834
f 591//835 111//835 592//835
f 109//836 111//836 590//836
f 111//837 113//837 592//837
f 592//838 115//838 593//838
f 113//839 115//839 592//839
f 593//840 117//840 594//840
f 115//841 117//841 593//841
f 117//842 119//842 594//842
f 594//843 119//843 595//843
f 119//844 121//844 595//844
f 595//845 121//845 596//845
f 121//846 123//846 596//846
f 596//847 123//847 597//847
f 123//848 125//848 597//848
f 597//849 125//849 598//849
f 598//850 127//850 599//850
f 125//851 127//851 598//851
f 599//852 129//852 600//852
f 127//853 129//853 599//853
f 600//854 131//854 601//854
f 129//855 131//855 600//855
f 601//856 133//856 602//856
f 131//857 133//857 601//857
f 602//858 135//858 603//858
f 133//859 135//859 602//859
f 603//860 137//860 604//860
f 135//861 137//861 603//861
f 604//862 139//862 605//862
f 137//863 139//863 604//863
f 605//864 141//864 606//864
f 139//865 141//865 605//865
f 606//866 143//866 607//866
f 141//867 143//867 606//867
f 607//868 145//868 608//868
f 143//869 145//869 607//869
f 608//870 147//870 609//870
f 145//871 147//871 608//871
f 609//872 149//872 610//872
f 147//873 149//873 609//873
f 610//874 152//874 611//874
f 149//875 152//875 610//875
f 611//876 154//876 612//876
f 152//877 154//877 611//877
f 612//878 157//878 613//878
f 154//879 157//879 612//879
f 613//880 159//880 614//880
f 157//881 159//881 613//881
f 614//882 161//882 615//882
f 159//883 161//883 614//883
f 615//884 163//884 616//884
f 161//885 163//885 615//885
f 616//886 165//886 617//886
f 163//887 165//887 616//887
f 617//888 167//888 618//888
f 165//889 167//889 617//889
f 167//890 169//890 618//890
f 618//891 169//891 619//891
f 169//892 171//892 619//892
f 619//893 171//893 620//893
f 171//894 173//894 620//894
f 620//895 173//895 621//895
f 173//896 175//896 621//896
f 621//897 175//897 622//897
f 175//898 177//898 622//898
f 622//899 177//899 623//899
f 177//900 179//900 623//900
f 623//901 179//901 624//901
f 179//902 181//902 624//902
f 624//903 181//903 625//903
f 181//904 183//904 625//904
f 625//905 183//905 626//905
f 183//906 185//906 626//906
f 626//907 185//907 627//907
f 185//908 187//908 627//908
f 627//909 187//909 628//909
f 187//910 189//910 628//910
f 628//911 189//911 629//911
f 189//912 191//912 629//912
f 629//913 191//913 630//913
f 191//914 193//914 630//914
f 630//915 193//915 631//915
f 631//916 195//916 632//916
f 193//917 195//917 631//917
f 632//918 197//918 507//918
f 195//919 197//919 632//919
f 269//920 268//920 633//920
f 633//921 268//921 634//921
f 634//922 270//922 635//922
f 268//923 270//923 634//923
f 635//924 271//924 636//924
f 270//925 271//925 635//925
f 636//926 272//926 637//926
f 637//927 272//927 638//927
f 271//928 272//928 636//928
f 272//929 266//929 638//929
f 638//930 265//930 639//930
f 266//931 265//931 638//931
f 639//932 264//932 640//932
f 640//933 264//933 641//933
f 265//934 264//934 639//934
f 641//935 262//935 642//935
f 264//936 262//936 641//936
f 262//937 258//937 642//937
f 642//938 251//938 643//938
f 258//939 251//939 642//939
f 251//940 244//940 643//940
f 643//941 244//941 644//941
f 244//942 236//942 644//942
f 644//943 236//943 645//943
f 236//944 228//944 645//944
f 645//945 228//945 646//945
f 228//946 219//946 646//946
f 646//947 219//947 647//947
f 219//948 212//948 647//948
f 647//949 212//949 648//949
f 212//950 200//950 648//950
f 648//951 200//951 649//951
f 200//952 208//952 649//952
f 649//953 208//953 650//953
f 208//954 218//954 650//954
f 650//955 218//955 651//955
f 218//956 226//956 651//956
f 651//957 226//957 652//957
f 226//958 235//958 652//958
f 652//959 235//959 653//959
f 235//960 243//960 653//960
f 653//961 243//961 654//961
f 243//962 250//962 654//962
f 654//963 250//963 655//963
f 250//964 274//964 655//964
f 655//965 274//965 656//965
f 274//966 275//966 656//966
f 656//967 275//967 657//967
f 657//968 276//968 658//968
f 658//969 276//969 633//969
f 275//970 276//970 657//970
f 276//971 269//971 633//971
f 659//972 660//972 661//972
f 662//973 661//973 660//973
f 663//974 660//974 659//974
f 664//975 662//975 660//975
f 665//976 660//976 663//976
f 666//977 664//977 660//977
f 666//978 660//978 667//978
f 668//979 660//979 665//979
f 669//980 666//980 667//980
f 670//981 660//981 668//981
f 671//982 669//982 667//982
f 672//983 660//983 670//983
f 673//984 671//984 667//984
f 674//985 660//985 672//985
f 675//986 673//986 667//986
f 676//987 660//987 674//987
f 677//988 675//988 667//988
f 678//989 660//989 676//989
f 679//990 677//990 667//990
f 680//991 660//991 678//991
f 681//992 679//992 667//992
f 682//993 660//993 680//993
f 683//994 681//994 667//994
f 684//995 660//995 682//995
f 685//996 683//996 667//996
f 686//997 660//997 684//997
f 687//998 685//998 667//998
f 688//999 660//999 686//999
f 689//1000 687//1000 667//1000
f 690//1001 660//1001 688//1001
f 691//1002 689//1002 667//1002
f 692//1003 667//1003 693//1003
f 692//1004 691//1004 667//1004
f 694//1005 692//1005 693//1005
f 695//1006 694//1006 693//1006
f 696//1007 695//1007 693//1007
f 697//1008 696//1008 693//1008
f 698//1009 697//1009 693//1009
f 699//1010 698//1010 693//1010
f 700//1011 701//1011 702//1011
f 700//1012 703//1012 701//1012
f 700//1013 704//1013 703//1013
f 700//1014 705//1014 704//1014
f 700//1015 706//1015 705//1015
f 700//1016 707//1016 706//1016
f 700//1017 708//1017 707//1017
f 700//1018 690//1018 708//1018
f 700//1019 660//1019 690//1019
f 709//1020 699//1020 693//1020
f 710//1021 700//1021 702//1021
f 711//1022 709//1022 693//1022
f 712//1023 700//1023 710//1023
f 713//1024 711//1024 693//1024
f 714//1025 700//1025 712//1025
f 715//1026 713//1026 693//1026
f 716//1027 700//1027 714//1027
f 717//1028 715//1028 693//1028
f 718//1029 700//1029 716//1029
f 719//1030 717//1030 693//1030
f 720//1031 700//1031 718//1031
f 721//1032 700//1032 720//1032
f 722//1033 700//1033 721//1033
f 723//1034 700//1034 722//1034
f 724//1035 700//1035 723//1035
f 725//1036 700//1036 724//1036
f 355//1037 700//1037 725//1037
f 726//1038 719//1038 693//1038
f 726//1039 727//1039 719//1039
f 726//1040 728//1040 727//1040
f 726//1041 729//1041 728//1041
f 726//1042 730//1042 729//1042
f 726//1043 731//1043 730//1043
f 726//1044 732//1044 731//1044
f 726//1045 733//1045 732//1045
f 726//1046 734//1046 733//1046
f 726//1047 735//1047 734//1047
f 736//1048 735//1048 726//1048
f 737//1049 736//1049 726//1049
f 738//1050 737//1050 726//1050
f 739//1051 738//1051 726//1051
f 740//1052 739//1052 726//1052
f 741//1053 740//1053 726//1053
f 742//1054 741//1054 726//1054
f 743//1055 742//1055 726//1055
f 744//1056 743//1056 726//1056
f 745//1057 744//1057 726//1057
f 746//1058 745//1058 726//1058
f 747//1059 746//1059 726//1059
f 748//1060 747//1060 726//1060
f 749//1061 748//1061 726//1061
f 750//1062 749//1062 726//1062
f 751//1063 750//1063 726//1063
f 347//1064 752//1064 753//1064
f 347//1065 754//1065 752//1065
f 347//1066 755//1066 754//1066
f 756//1067 347//1067 753//1067
f 757//1068 758//1068 759//1068
f 757//1069 760//1069 758//1069
f 757//1070 753//1070 760//1070
f 757//1071 756//1071 753//1071
f 761//1072 347//1072 756//1072
f 762//1073 763//1073 764//1073
f 762//1074 765//1074 763//1074
f 762//1075 759//1075 765//1075
f 762//1076 757//1076 759//1076
f 766//1077 347//1077 761//1077
f 767//1078 768//1078 769//1078
f 767//1079 764//1079 768//1079
f 767//1080 762//1080 764//1080
f 770//1081 347//1081 766//1081
f 771//1082 772//1082 773//1082
f 771//1083 774//1083 772//1083
f 771//1084 769//1084 774//1084
f 771//1085 767//1085 769//1085
f 775//1086 776//1086 777//1086
f 775//1087 778//1087 776//1087
f 775//1088 773//1088 778//1088
f 775//1089 771//1089 773//1089
f 779//1090 775//1090 777//1090
f 779//1091 780//1091 781//1091
f 779//1092 777//1092 780//1092
f 782//1093 783//1093 784//1093
f 782//1094 785//1094 783//1094
f 782//1095 781//1095 785//1095
f 782//1096 779//1096 781//1096
f 786//1097 787//1097 788//1097
f 786//1098 784//1098 787//1098
f 786//1099 782//1099 784//1099
f 786//1100 789//1100 790//1100
f 786//1101 788//1101 789//1101
f 791//1102 786//1102 790//1102
f 791//1103 792//1103 793//1103
f 791//1104 794//1104 792//1104
f 791//1105 790//1105 794//1105
f 795//1106 791//1106 793//1106
f 795//1107 796//1107 797//1107
f 795//1108 798//1108 796//1108
f 795//1109 799//1109 798//1109
f 795//1110 793//1110 799//1110
f 800//1111 801//1111 802//1111
f 800//1112 803//1112 801//1112
f 800//1113 804//1113 803//1113
f 800//1114 805//1114 804//1114
f 806//1115 800//1115 802//1115
f 806//1116 795//1116 797//1116
f 806//1117 807//1117 795//1117
f 806//1118 808//1118 807//1118
f 806//1119 809//1119 808//1119
f 806//1120 810//1120 809//1120
f 806//1121 811//1121 810//1121
f 806//1122 802//1122 811//1122
f 806//1123 812//1123 813//1123
f 806//1124 797//1124 812//1124
f 814//1125 815//1125 816//1125
f 817//1126 806//1126 813//1126
f 817//1127 814//1127 816//1127
f 817//1128 751//1128 726//1128
f 817//1129 816//1129 806//1129
f 817//1130 818//1130 751//1130
f 817//1131 813//1131 818//1131
f 819//1132 820//1132 821//1132
f 819//1133 821//1133 822//1133
f 317//1134 819//1134 822//1134
f 313//1135 314//1135 823//1135
f 824//1136 823//1136 314//1136
f 825//1137 824//1137 314//1137
f 826//1138 314//1138 317//1138
f 826//1139 825//1139 314//1139
f 827//1140 309//1140 310//1140
f 828//1141 826//1141 317//1141
f 829//1142 309//1142 827//1142
f 830//1143 828//1143 317//1143
f 831//1144 309//1144 829//1144
f 832//1145 830//1145 317//1145
f 833//1146 832//1146 317//1146
f 834//1147 833//1147 317//1147
f 835//1148 834//1148 317//1148
f 836//1149 837//1149 838//1149
f 839//1150 838//1150 837//1150
f 840//1151 836//1151 838//1151
f 841//1152 838//1152 839//1152
f 454//1153 840//1153 838//1153
f 842//1154 838//1154 841//1154
f 843//1155 838//1155 842//1155
f 844//1156 838//1156 843//1156
f 845//1157 846//1157 309//1157
f 847//1158 838//1158 844//1158
f 848//1159 845//1159 309//1159
f 849//1160 838//1160 847//1160
f 850//1161 848//1161 309//1161
f 850//1162 831//1162 851//1162
f 850//1163 309//1163 831//1163
f 852//1164 838//1164 849//1164
f 853//1165 850//1165 851//1165
f 854//1166 838//1166 852//1166
f 855//1167 853//1167 851//1167
f 856//1168 838//1168 854//1168
f 857//1169 855//1169 851//1169
f 857//1170 851//1170 858//1170
f 859//1171 838//1171 856//1171
f 860//1172 857//1172 858//1172
f 861//1173 838//1173 859//1173
f 862//1174 860//1174 858//1174
f 863//1175 838//1175 861//1175
f 864//1176 858//1176 865//1176
f 864//1177 862//1177 858//1177
f 866//1178 838//1178 863//1178
f 867//1179 838//1179 866//1179
f 868//1180 864//1180 865//1180
f 869//1181 838//1181 867//1181
f 870//1182 865//1182 871//1182
f 870//1183 868//1183 865//1183
f 872//1184 838//1184 869//1184
f 873//1185 870//1185 871//1185
f 874//1186 873//1186 871//1186
f 875//1187 871//1187 876//1187
f 875//1188 874//1188 871//1188
f 877//1189 875//1189 876//1189
f 878//1190 877//1190 876//1190
f 879//1191 878//1191 876//1191
f 879//1192 876//1192 880//1192
f 881//1193 879//1193 880//1193
f 882//1194 880//1194 883//1194
f 882//1195 881//1195 880//1195
f 884//1196 882//1196 883//1196
f 885//1197 884//1197 883//1197
f 886//1198 887//1198 888//1198
f 886//1199 889//1199 887//1199
f 886//1200 890//1200 889//1200
f 886//1201 891//1201 890//1201
f 886//1202 892//1202 891//1202
f 886//1203 893//1203 892//1203
f 886//1204 872//1204 893//1204
f 886//1205 838//1205 872//1205
f 886//1206 894//1206 895//1206
f 886//1207 888//1207 894//1207
f 896//1208 886//1208 895//1208
f 897//1209 885//1209 883//1209
f 897//1210 883//1210 898//1210
f 899//1211 886//1211 896//1211
f 900//1212 897//1212 898//1212
f 901//1213 886//1213 899//1213
f 902//1214 900//1214 898//1214
f 903//1215 886//1215 901//1215
f 904//1216 902//1216 898//1216
f 905//1217 886//1217 903//1217
f 906//1218 904//1218 898//1218
f 906//1219 898//1219 907//1219
f 908//1220 886//1220 905//1220
f 909//1221 906//1221 907//1221
f 910//1222 886//1222 908//1222
f 911//1223 909//1223 907//1223
f 912//1224 886//1224 910//1224
f 913//1225 911//1225 907//1225
f 913//1226 907//1226 835//1226
f 914//1227 886//1227 912//1227
f 915//1228 913//1228 835//1228
f 916//1229 915//1229 835//1229
f 917//1230 916//1230 835//1230
f 918//1231 917//1231 835//1231
f 918//1232 835//1232 317//1232
f 919//1233 918//1233 317//1233
f 920//1234 317//1234 822//1234
f 920//1235 919//1235 317//1235
f 921//1236 920//1236 822//1236
f 922//1237 921//1237 822//1237
f 923//1238 886//1238 914//1238
f 923//1239 924//1239 925//1239
f 923//1240 926//1240 924//1240
f 923//1241 927//1241 926//1241
f 923//1242 928//1242 927//1242
f 923//1243 929//1243 928//1243
f 923//1244 930//1244 929//1244
f 923//1245 931//1245 930//1245
f 923//1246 932//1246 931//1246
f 923//1247 933//1247 932//1247
f 923//1248 934//1248 933//1248
f 923//1249 935//1249 934//1249
f 923//1250 936//1250 935//1250
f 923//1251 914//1251 936//1251
f 937//1252 938//1252 922//1252
f 937//1253 939//1253 938//1253
f 937//1254 940//1254 939//1254
f 937//1255 941//1255 940//1255
f 937//1256 942//1256 941//1256
f 937//1257 943//1257 942//1257
f 937//1258 944//1258 943//1258
f 937//1259 945//1259 944//1259
f 937//1260 946//1260 945//1260
f 937//1261 947//1261 946//1261
f 937//1262 948//1262 947//1262
f 937//1263 949//1263 948//1263
f 937//1264 950//1264 949//1264
f 937//1265 951//1265 950//1265
f 937//1266 952//1266 951//1266
f 937//1267 953//1267 952//1267
f 937//1268 954//1268 953//1268
f 937//1269 955//1269 954//1269
f 937//1270 956//1270 955//1270
f 937//1271 957//1271 956//1271
f 937//1272 958//1272 957//1272
f 937//1273 959//1273 958//1273
f 937//1274 960//1274 959//1274
f 937//1275 961//1275 960//1275
f 937//1276 962//1276 961//1276
f 937//1277 922//1277 822//1277
f 963//1278 964//1278 962//1278
f 963//1279 965//1279 964//1279
f 963//1280 966//1280 965//1280
f 963//1281 967//1281 966//1281
f 963//1282 968//1282 967//1282
f 963//1283 969//1283 968//1283
f 963//1284 970//1284 969//1284
f 963//1285 971//1285 970//1285
f 963//1286 972//1286 971//1286
f 963//1287 973//1287 972//1287
f 963//1288 974//1288 973//1288
f 963//1289 925//1289 974//1289
f 963//1290 962//1290 937//1290
f 963//1291 923//1291 925//1291
f 975//1292 454//1292 309//1292
f 975//1293 309//1293 846//1293
f 347//1294 355//1294 976//1294
f 347//1295 976//1295 755//1295
f 726//1296 937//1296 822//1296
f 726//1297 822//1297 817//1297
f 977//1298 311//1298 978//1298
f 310//1299 311//1299 977//1299
f 978//1300 312//1300 979//1300
f 311//1301 312//1301 978//1301
f 979//1302 313//1302 980//1302
f 312//1303 313//1303 979//1303
f 980//1304 823//1304 981//1304
f 313//1305 823//1305 980//1305
f 981//1306 824//1306 982//1306
f 823//1307 824//1307 981//1307
f 982//1308 825//1308 983//1308
f 824//1309 825//1309 982//1309
f 983//1310 826//1310 984//1310
f 825//1311 826//1311 983//1311
f 984//1312 828//1312 985//1312
f 826//1313 828//1313 984//1313
f 985//1314 830//1314 986//1314
f 828//1315 830//1315 985//1315
f 986//1316 832//1316 987//1316
f 830//1317 832//1317 986//1317
f 832//1318 833//1318 987//1318
f 987//1319 833//1319 988//1319
f 833//1320 834//1320 988//1320
f 988//1321 834//1321 989//1321
f 834//1322 835//1322 989//1322
f 989//1323 835//1323 990//1323
f 835//1324 907//1324 990//1324
f 990//1325 907//1325 991//1325
f 907//1326 898//1326 991//1326
f 991//1327 898//1327 992//1327
f 992//1328 883//1328 993//1328
f 898//1329 883//1329 992//1329
f 993//1330 880//1330 994//1330
f 883//1331 880//1331 993//1331
f 994//1332 876//1332 995//1332
f 880//1333 876//1333 994//1333
f 995//1334 871//1334 996//1334
f 876//1335 871//1335 995//1335
f 996//1336 865//1336 997//1336
f 871//1337 865//1337 996//1337
f 997//1338 858//1338 998//1338
f 865//1339 858//1339 997//1339
f 998//1340 851//1340 999//1340
f 858//1341 851//1341 998//1341
f 999//1342 831//1342 1000//1342
f 851//1343 831//1343 999//1343
f 1000//1344 829//1344 1001//1344
f 831//1345 829//1345 1000//1345
f 1001//1346 827//1346 1002//1346
f 829//1347 827//1347 1001//1347
f 827//1348 310//1348 1002//1348
f 1002//1349 310//1349 977//1349
f 1003//1350 819//1350 316//1350
f 316//1351 819//1351 317//1351
f 1004//1352 1005//1352 1006//1352
f 1007//1353 1005//1353 1004//1353
f 1004//1354 1008//1354 1007//1354
f 1005//1355 1009//1355 1006//1355
f 1004//1356 1010//1356 1008//1356
f 1009//1357 1011//1357 1006//1357
f 1004//1358 1012//1358 1010//1358
f 1006//1359 1013//1359 1014//1359
f 1011//1360 1013//1360 1006//1360
f 1004//1361 1015//1361 1012//1361
f 1013//1362 1016//1362 1014//1362
f 1016//1363 1017//1363 1014//1363
f 1018//1364 1019//1364 1017//1364
f 1017//1365 1019//1365 1014//1365
f 1018//1366 1020//1366 1019//1366
f 1020//1367 1021//1367 1019//1367
f 1021//1368 1022//1368 1019//1368
f 1022//1369 1023//1369 1019//1369
f 1024//1370 1025//1370 1026//1370
f 1027//1371 1025//1371 1024//1371
f 1028//1372 1029//1372 1024//1372
f 1024//1373 1029//1373 1027//1373
f 1025//1374 1030//1374 1026//1374
f 1031//1375 1032//1375 1028//1375
f 1028//1376 1032//1376 1029//1376
f 1030//1377 1033//1377 1026//1377
f 1031//1378 1034//1378 1032//1378
f 1026//1379 1035//1379 1036//1379
f 1033//1380 1035//1380 1026//1380
f 1035//1381 1037//1381 1036//1381
f 1036//1382 1038//1382 1039//1382
f 1037//1383 1038//1383 1036//1383
f 1038//1384 1040//1384 1039//1384
f 1040//1385 1041//1385 1039//1385
f 1039//1386 1041//1386 1042//1386
f 1041//1387 1043//1387 1042//1387
f 1042//1388 1043//1388 1044//1388
f 1043//1389 1045//1389 1044//1389
f 1045//1390 1046//1390 1044//1390
f 1047//1391 1048//1391 1031//1391
f 1049//1392 1048//1392 1050//1392
f 1051//1393 1048//1393 1049//1393
f 1052//1394 1048//1394 1051//1394
f 1053//1395 1048//1395 1052//1395
f 1054//1396 1048//1396 1053//1396
f 1034//1397 1048//1397 1054//1397
f 1031//1398 1048//1398 1034//1398
f 1044//1399 1055//1399 1056//1399
f 1046//1400 1055//1400 1044//1400
f 1057//1401 1055//1401 1046//1401
f 1058//1402 1055//1402 1057//1402
f 1059//1403 1055//1403 1058//1403
f 1060//1404 1055//1404 1059//1404
f 1061//1405 1055//1405 1060//1405
f 1050//1406 1055//1406 1061//1406
f 1048//1407 1055//1407 1050//1407
f 1047//1408 1062//1408 1048//1408
f 1015//1409 1062//1409 1047//1409
f 1062//1410 1063//1410 1064//1410
f 1056//1411 1065//1411 1023//1411
f 1055//1412 1065//1412 1056//1412
f 1063//1413 1065//1413 1064//1413
f 1064//1414 1065//1414 1055//1414
f 1066//1415 1003//1415 1067//1415
f 322//1416 1003//1416 1066//1416
f 1003//1417 316//1417 1067//1417
f 980//1418 981//1418 315//1418
f 315//1419 979//1419 980//1419
f 981//1420 982//1420 315//1420
f 315//1421 978//1421 979//1421
f 315//1422 983//1422 316//1422
f 982//1423 983//1423 315//1423
f 315//1424 977//1424 978//1424
f 983//1425 984//1425 316//1425
f 984//1426 985//1426 316//1426
f 985//1427 986//1427 316//1427
f 986//1428 987//1428 316//1428
f 987//1429 988//1429 316//1429
f 988//1430 989//1430 316//1430
f 315//1431 1068//1431 977//1431
f 977//1432 1068//1432 1002//1432
f 1068//1433 1069//1433 1002//1433
f 1002//1434 1069//1434 1001//1434
f 315//1435 1070//1435 1068//1435
f 322//1436 1070//1436 315//1436
f 1069//1437 1071//1437 1001//1437
f 1000//1438 1071//1438 999//1438
f 1001//1439 1071//1439 1000//1439
f 322//1440 1072//1440 1070//1440
f 1066//1441 1072//1441 322//1441
f 1071//1442 1073//1442 999//1442
f 997//1443 1073//1443 996//1443
f 998//1444 1073//1444 997//1444
f 999//1445 1073//1445 998//1445
f 1073//1446 1074//1446 996//1446
f 995//1447 1074//1447 994//1447
f 996//1448 1074//1448 995//1448
f 1074//1449 1075//1449 994//1449
f 993//1450 1075//1450 992//1450
f 994//1451 1075//1451 993//1451
f 1076//1452 1077//1452 1078//1452
f 1079//1453 1077//1453 1076//1453
f 1072//1454 1077//1454 1079//1454
f 992//1455 1080//1455 991//1455
f 1075//1456 1080//1456 992//1456
f 1077//1457 1081//1457 1078//1457
f 1080//1458 1082//1458 991//1458
f 990//1459 1082//1459 989//1459
f 991//1460 1082//1460 990//1460
f 989//1461 1082//1461 316//1461
f 1077//1462 1083//1462 1081//1462
f 316//1463 1084//1463 1067//1463
f 1082//1464 1084//1464 316//1464
f 1084//1465 1085//1465 1067//1465
f 1086//1466 1087//1466 1088//1466
f 1083//1467 1087//1467 1086//1467
f 1077//1468 1087//1468 1083//1468
f 1087//1469 1089//1469 1088//1469
f 1090//1470 1091//1470 1085//1470
f 1092//1471 1091//1471 1090//1471
f 1093//1472 1091//1472 1092//1472
f 1094//1473 1091//1473 1093//1473
f 1095//1474 1091//1474 1094//1474
f 1096//1475 1097//1475 1095//1475
f 1089//1476 1097//1476 1096//1476
f 1095//1477 1097//1477 1091//1477
f 1087//1478 1097//1478 1089//1478
f 1004//1479 1077//1479 1072//1479
f 1004//1480 1072//1480 1015//1480
f 1015//1481 1072//1481 1063//1481
f 1015//1482 1063//1482 1062//1482
f 1063//1483 1072//1483 1066//1483
f 1091//1484 1019//1484 1023//1484
f 1091//1485 1023//1485 1085//1485
f 1085//1486 1023//1486 1067//1486
f 1067//1487 1023//1487 1065//1487
f 318//1488 97//1488 1098//1488
f 320//1489 1098//1489 821//1489
f 320//1490 318//1490 1098//1490
f 322//1491 820//1491 1003//1491
f 322//1492 319//1492 820//1492
f 319//1493 321//1493 820//1493
f 820//1494 819//1494 1003//1494
f 320//1495 821//1495 820//1495
f 320//1496 820//1496 321//1496
f 97//1497 323//1497 325//1497
f 97//1498 325//1498 1098//1498
f 324//1499 328//1499 330//1499
f 325//1500 324//1500 330//1500
f 1099//1501 1100//1501 1101//1501
f 1101//1502 1102//1502 1099//1502
f 1100//1503 1103//1503 1101//1503
f 1101//1504 1104//1504 1102//1504
f 1103//1505 1105//1505 1101//1505
f 1101//1506 1106//1506 1104//1506
f 1105//1507 1107//1507 1101//1507
f 1101//1508 1108//1508 1106//1508
f 1107//1509 447//1509 1101//1509
f 1109//1510 447//1510 1107//1510
f 1110//1511 447//1511 1109//1511
f 1110//1512 1111//1512 447//1512
f 1111//1513 1112//1513 447//1513
f 1112//1514 1113//1514 447//1514
f 1113//1515 1114//1515 447//1515
f 1114//1516 1115//1516 447//1516
f 1116//1517 324//1517 1117//1517
f 1118//1518 324//1518 1116//1518
f 1119//1519 324//1519 1118//1519
f 1120//1520 324//1520 1119//1520
f 1108//1521 324//1521 1120//1521
f 1101//1522 324//1522 1108//1522
f 1121//1523 326//1523 1122//1523
f 1123//1524 326//1524 1121//1524
f 1117//1525 326//1525 1123//1525
f 324//1526 326//1526 1117//1526
f 326//1527 585//1527 586//1527
f 586//1528 587//1528 326//1528
f 326//1529 584//1529 585//1529
f 587//1530 588//1530 326//1530
f 326//1531 583//1531 584//1531
f 588//1532 589//1532 326//1532
f 326//1533 582//1533 583//1533
f 589//1534 590//1534 326//1534
f 326//1535 581//1535 582//1535
f 590//1536 591//1536 326//1536
f 326//1537 580//1537 581//1537
f 591//1538 592//1538 326//1538
f 326//1539 592//1539 1122//1539
f 326//1540 579//1540 580//1540
f 592//1541 593//1541 1122//1541
f 326//1542 578//1542 579//1542
f 593//1543 594//1543 1122//1543
f 326//1544 577//1544 578//1544
f 594//1545 595//1545 1122//1545
f 1122//1546 595//1546 1124//1546
f 326//1547 576//1547 577//1547
f 595//1548 596//1548 1124//1548
f 326//1549 575//1549 576//1549
f 596//1550 597//1550 1124//1550
f 326//1551 574//1551 575//1551
f 597//1552 598//1552 1124//1552
f 326//1553 573//1553 574//1553
f 598//1554 599//1554 1124//1554
f 326//1555 572//1555 573//1555
f 1124//1556 600//1556 1125//1556
f 599//1557 600//1557 1124//1557
f 326//1558 571//1558 572//1558
f 600//1559 601//1559 1125//1559
f 326//1560 570//1560 571//1560
f 601//1561 602//1561 1125//1561
f 326//1562 569//1562 570//1562
f 602//1563 603//1563 1125//1563
f 326//1564 568//1564 569//1564
f 603//1565 604//1565 1125//1565
f 326//1566 567//1566 568//1566
f 1125//1567 605//1567 1115//1567
f 604//1568 605//1568 1125//1568
f 326//1569 566//1569 567//1569
f 326//1570 565//1570 566//1570
f 326//1571 564//1571 565//1571
f 326//1572 563//1572 564//1572
f 326//1573 562//1573 563//1573
f 327//1574 561//1574 326//1574
f 326//1575 561//1575 562//1575
f 327//1576 560//1576 561//1576
f 327//1577 559//1577 560//1577
f 327//1578 558//1578 559//1578
f 327//1579 557//1579 558//1579
f 327//1580 556//1580 557//1580
f 327//1581 555//1581 556//1581
f 327//1582 554//1582 555//1582
f 327//1583 553//1583 554//1583
f 327//1584 552//1584 553//1584
f 327//1585 551//1585 552//1585
f 327//1586 550//1586 551//1586
f 327//1587 549//1587 550//1587
f 327//1588 548//1588 549//1588
f 327//1589 547//1589 548//1589
f 327//1590 546//1590 547//1590
f 327//1591 545//1591 546//1591
f 327//1592 544//1592 545//1592
f 327//1593 543//1593 544//1593
f 327//1594 542//1594 543//1594
f 327//1595 541//1595 542//1595
f 327//1596 540//1596 541//1596
f 327//1597 539//1597 540//1597
f 327//1598 538//1598 539//1598
f 327//1599 537//1599 538//1599
f 327//1600 536//1600 537//1600
f 1126//1601 1127//1601 447//1601
f 447//1602 1128//1602 1126//1602
f 1127//1603 1129//1603 447//1603
f 447//1604 1130//1604 1128//1604
f 606//1605 1130//1605 605//1605
f 607//1606 1130//1606 606//1606
f 608//1607 1130//1607 607//1607
f 605//1608 1130//1608 1115//1608
f 1115//1609 1130//1609 447//1609
f 1129//1610 1131//1610 447//1610
f 608//1611 1132//1611 1130//1611
f 609//1612 1132//1612 608//1612
f 610//1613 1132//1613 609//1613
f 611//1614 1132//1614 610//1614
f 612//1615 1132//1615 611//1615
f 613//1616 1132//1616 612//1616
f 613//1617 1133//1617 1132//1617
f 614//1618 1133//1618 613//1618
f 615//1619 1133//1619 614//1619
f 616//1620 1133//1620 615//1620
f 617//1621 1133//1621 616//1621
f 618//1622 1133//1622 617//1622
f 619//1623 1134//1623 618//1623
f 620//1624 1134//1624 619//1624
f 621//1625 1134//1625 620//1625
f 622//1626 1134//1626 621//1626
f 618//1627 1134//1627 1133//1627
f 623//1628 1135//1628 622//1628
f 624//1629 1135//1629 623//1629
f 625//1630 1135//1630 624//1630
f 626//1631 1135//1631 625//1631
f 627//1632 1135//1632 626//1632
f 622//1633 1135//1633 1134//1633
f 628//1634 1136//1634 627//1634
f 629//1635 1136//1635 628//1635
f 630//1636 1136//1636 629//1636
f 631//1637 1136//1637 630//1637
f 632//1638 1136//1638 631//1638
f 627//1639 1136//1639 1135//1639
f 507//1640 1137//1640 632//1640
f 632//1641 1137//1641 1136//1641
f 1138//1642 1139//1642 328//1642
f 328//1643 1140//1643 1138//1643
f 1139//1644 1141//1644 328//1644
f 328//1645 1142//1645 1140//1645
f 328//1646 1143//1646 327//1646
f 1141//1647 1143//1647 328//1647
f 1143//1648 1144//1648 327//1648
f 1144//1649 1145//1649 327//1649
f 1145//1650 1146//1650 327//1650
f 1146//1651 1147//1651 327//1651
f 327//1652 1147//1652 536//1652
f 1147//1653 1148//1653 536//1653
f 1149//1654 1150//1654 1151//1654
f 1152//1655 1150//1655 1149//1655
f 1153//1656 1150//1656 1152//1656
f 1154//1657 1150//1657 1153//1657
f 328//1658 1150//1658 1142//1658
f 1155//1659 1150//1659 1154//1659
f 1156//1660 1150//1660 1155//1660
f 1142//1661 1150//1661 1156//1661
f 1157//1662 1158//1662 1159//1662
f 1131//1663 1160//1663 447//1663
f 1159//1664 1160//1664 1131//1664
f 1158//1665 1160//1665 1159//1665
f 1157//1666 1161//1666 1158//1666
f 1162//1667 1161//1667 1157//1667
f 1160//1668 1163//1668 447//1668
f 1150//1669 1164//1669 1151//1669
f 1162//1670 1165//1670 1161//1670
f 1166//1671 1165//1671 1162//1671
f 1163//1672 1167//1672 447//1672
f 1166//1673 1168//1673 1165//1673
f 1169//1674 1168//1674 1166//1674
f 1167//1675 1170//1675 447//1675
f 1169//1676 1171//1676 1168//1676
f 1172//1677 1171//1677 1169//1677
f 1173//1678 1174//1678 1175//1678
f 1175//1679 1176//1679 1177//1679
f 1174//1680 1176//1680 1175//1680
f 1178//1681 1179//1681 1173//1681
f 1173//1682 1179//1682 1174//1682
f 1176//1683 1180//1683 1177//1683
f 1178//1684 1181//1684 1179//1684
f 1182//1685 1183//1685 1178//1685
f 1178//1686 1183//1686 1181//1686
f 1177//1687 1184//1687 1185//1687
f 1180//1688 1184//1688 1177//1688
f 1184//1689 1186//1689 1185//1689
f 1185//1690 1186//1690 1172//1690
f 1187//1691 1188//1691 1182//1691
f 1182//1692 1188//1692 1183//1692
f 1187//1693 1189//1693 1188//1693
f 1186//1694 1190//1694 1172//1694
f 1172//1695 1190//1695 1171//1695
f 1171//1696 1190//1696 1191//1696
f 1190//1697 1192//1697 1191//1697
f 1187//1698 1193//1698 1189//1698
f 1194//1699 1193//1699 1187//1699
f 1191//1700 1195//1700 1196//1700
f 1192//1701 1195//1701 1191//1701
f 1137//1702 1197//1702 1194//1702
f 1194//1703 1197//1703 1193//1703
f 1195//1704 1198//1704 1196//1704
f 1196//1705 1198//1705 1199//1705
f 1137//1706 1200//1706 1197//1706
f 1198//1707 1201//1707 1199//1707
f 1201//1708 1202//1708 1199//1708
f 1199//1709 1202//1709 1203//1709
f 1202//1710 1204//1710 1203//1710
f 1203//1711 1204//1711 1205//1711
f 1204//1712 1206//1712 1205//1712
f 1205//1713 1206//1713 1207//1713
f 1206//1714 1208//1714 1207//1714
f 1208//1715 1209//1715 1207//1715
f 1207//1716 1209//1716 1210//1716
f 1211//1717 376//1717 1212//1717
f 1150//1718 376//1718 1164//1718
f 1213//1719 376//1719 1211//1719
f 1214//1720 376//1720 1213//1720
f 1215//1721 376//1721 1214//1721
f 1216//1722 376//1722 1215//1722
f 1217//1723 376//1723 1216//1723
f 1164//1724 376//1724 1217//1724
f 1218//1725 1219//1725 1220//1725
f 1219//1726 1221//1726 1220//1726
f 1220//1727 1221//1727 1222//1727
f 1218//1728 1223//1728 1219//1728
f 1221//1729 1224//1729 1222//1729
f 1218//1730 1225//1730 1223//1730
f 1226//1731 1225//1731 1218//1731
f 1224//1732 1227//1732 1222//1732
f 1222//1733 1227//1733 1228//1733
f 1226//1734 1229//1734 1225//1734
f 1230//1735 1229//1735 1226//1735
f 1227//1736 1231//1736 1228//1736
f 1228//1737 1231//1737 1170//1737
f 1230//1738 1232//1738 1229//1738
f 1231//1739 1233//1739 1170//1739
f 1230//1740 1234//1740 1232//1740
f 1235//1741 1234//1741 1230//1741
f 1233//1742 1236//1742 1170//1742
f 1235//1743 1237//1743 1234//1743
f 1238//1744 1237//1744 1235//1744
f 1238//1745 1239//1745 1237//1745
f 1238//1746 1240//1746 1239//1746
f 1241//1747 1240//1747 1238//1747
f 1241//1748 1242//1748 1240//1748
f 1243//1749 1242//1749 1241//1749
f 1243//1750 1244//1750 1242//1750
f 514//1751 1245//1751 513//1751
f 515//1752 1245//1752 514//1752
f 516//1753 1245//1753 515//1753
f 517//1754 1245//1754 516//1754
f 518//1755 1245//1755 517//1755
f 1245//1756 1246//1756 513//1756
f 509//1757 1246//1757 508//1757
f 510//1758 1246//1758 509//1758
f 511//1759 1246//1759 510//1759
f 512//1760 1246//1760 511//1760
f 513//1761 1246//1761 512//1761
f 518//1762 1247//1762 1245//1762
f 519//1763 1247//1763 518//1763
f 520//1764 1247//1764 519//1764
f 521//1765 1247//1765 520//1765
f 522//1766 1247//1766 521//1766
f 1137//1767 1248//1767 1200//1767
f 1246//1768 1248//1768 508//1768
f 508//1769 1248//1769 507//1769
f 507//1770 1248//1770 1137//1770
f 523//1771 1249//1771 522//1771
f 524//1772 1249//1772 523//1772
f 525//1773 1249//1773 524//1773
f 526//1774 1249//1774 525//1774
f 527//1775 1249//1775 526//1775
f 522//1776 1249//1776 1247//1776
f 1243//1777 1250//1777 1244//1777
f 1210//1778 1250//1778 1243//1778
f 1248//1779 1251//1779 1200//1779
f 1252//1780 1251//1780 1253//1780
f 1200//1781 1251//1781 1252//1781
f 527//1782 1254//1782 1249//1782
f 528//1783 1254//1783 527//1783
f 529//1784 1254//1784 528//1784
f 530//1785 1254//1785 529//1785
f 531//1786 1254//1786 530//1786
f 532//1787 1254//1787 531//1787
f 1251//1788 1255//1788 1253//1788
f 1253//1789 1255//1789 1256//1789
f 532//1790 1257//1790 1254//1790
f 533//1791 1257//1791 532//1791
f 534//1792 1257//1792 533//1792
f 535//1793 1257//1793 534//1793
f 536//1794 1257//1794 535//1794
f 1148//1795 1257//1795 536//1795
f 1258//1796 1259//1796 1209//1796
f 1209//1797 1259//1797 1210//1797
f 1210//1798 1259//1798 1250//1798
f 1255//1799 1260//1799 1256//1799
f 1261//1800 1260//1800 1262//1800
f 1256//1801 1260//1801 1261//1801
f 1212//1802 1263//1802 1148//1802
f 1148//1803 1263//1803 1257//1803
f 376//1804 1263//1804 1212//1804
f 1260//1805 1264//1805 1262//1805
f 1262//1806 1264//1806 1265//1806
f 1258//1807 1266//1807 1259//1807
f 1267//1808 1266//1808 1258//1808
f 376//1809 1268//1809 1263//1809
f 1264//1810 1269//1810 1265//1810
f 1270//1811 1269//1811 1271//1811
f 1265//1812 1269//1812 1270//1812
f 1267//1813 1272//1813 1266//1813
f 376//1814 1273//1814 1268//1814
f 1269//1815 1274//1815 1271//1815
f 1271//1816 1274//1816 1275//1816
f 376//1817 1276//1817 1273//1817
f 1274//1818 1277//1818 1275//1818
f 1275//1819 1277//1819 1278//1819
f 376//1820 1279//1820 1276//1820
f 1280//1821 1281//1821 1282//1821
f 1283//1822 1281//1822 1280//1822
f 1281//1823 1284//1823 1282//1823
f 1285//1824 1284//1824 1286//1824
f 1282//1825 1284//1825 1285//1825
f 1283//1826 1287//1826 1281//1826
f 1288//1827 1287//1827 1283//1827
f 1289//1828 1287//1828 1288//1828
f 1284//1829 1290//1829 1286//1829
f 1286//1830 1290//1830 1236//1830
f 1236//1831 1290//1831 1170//1831
f 1289//1832 1291//1832 1287//1832
f 1292//1833 1291//1833 1289//1833
f 1293//1834 1291//1834 1292//1834
f 1290//1835 1294//1835 1170//1835
f 1170//1836 1294//1836 447//1836
f 1293//1837 1295//1837 1291//1837
f 1296//1838 1295//1838 1293//1838
f 1297//1839 1295//1839 1296//1839
f 1298//1840 1299//1840 1297//1840
f 1297//1841 1299//1841 1295//1841
f 1300//1842 1299//1842 1298//1842
f 1300//1843 1301//1843 1299//1843
f 1302//1844 1301//1844 1300//1844
f 1303//1845 1304//1845 1305//1845
f 1303//1846 1306//1846 1307//1846
f 1305//1847 1306//1847 1303//1847
f 1308//1848 1309//1848 1303//1848
f 1303//1849 1309//1849 1304//1849
f 1306//1850 1310//1850 1307//1850
f 1308//1851 1311//1851 1309//1851
f 1310//1852 1312//1852 1307//1852
f 1308//1853 1313//1853 1311//1853
f 1307//1854 1314//1854 1315//1854
f 1312//1855 1314//1855 1307//1855
f 1308//1856 1316//1856 1313//1856
f 1314//1857 1317//1857 1315//1857
f 1318//1858 1319//1858 1308//1858
f 1308//1859 1319//1859 1316//1859
f 1317//1860 1320//1860 1315//1860
f 1318//1861 1321//1861 1319//1861
f 1315//1862 1322//1862 1323//1862
f 1320//1863 1322//1863 1315//1863
f 1318//1864 1324//1864 1321//1864
f 1322//1865 1325//1865 1323//1865
f 1326//1866 1327//1866 1318//1866
f 1318//1867 1327//1867 1324//1867
f 1325//1868 1328//1868 1323//1868
f 1326//1869 1329//1869 1327//1869
f 1328//1870 1330//1870 1323//1870
f 1323//1871 1330//1871 1331//1871
f 1326//1872 1332//1872 1329//1872
f 1330//1873 1333//1873 1331//1873
f 1334//1874 1335//1874 1326//1874
f 1326//1875 1335//1875 1332//1875
f 1333//1876 1336//1876 1331//1876
f 1334//1877 1337//1877 1335//1877
f 1336//1878 1338//1878 1331//1878
f 1331//1879 1338//1879 1339//1879
f 1334//1880 1340//1880 1337//1880
f 1338//1881 1341//1881 1339//1881
f 1342//1882 1343//1882 1334//1882
f 1334//1883 1343//1883 1340//1883
f 1341//1884 1344//1884 1339//1884
f 1342//1885 1345//1885 1343//1885
f 1344//1886 1346//1886 1339//1886
f 1339//1887 1346//1887 1347//1887
f 1342//1888 1348//1888 1345//1888
f 1346//1889 1349//1889 1347//1889
f 1272//1890 1350//1890 1342//1890
f 1342//1891 1350//1891 1348//1891
f 1349//1892 1351//1892 1347//1892
f 1272//1893 1352//1893 1350//1893
f 1351//1894 1353//1894 1347//1894
f 1347//1895 1353//1895 1302//1895
f 1272//1896 1354//1896 1352//1896
f 1267//1897 1354//1897 1272//1897
f 1353//1898 1355//1898 1302//1898
f 1356//1899 1357//1899 1267//1899
f 1267//1900 1357//1900 1354//1900
f 1355//1901 1358//1901 1302//1901
f 1302//1902 1358//1902 1301//1902
f 1356//1903 1359//1903 1357//1903
f 1358//1904 1360//1904 1301//1904
f 1356//1905 1361//1905 1359//1905
f 1360//1906 1362//1906 1301//1906
f 1356//1907 1363//1907 1361//1907
f 1364//1908 1363//1908 1356//1908
f 1362//1909 1365//1909 1301//1909
f 1301//1910 1365//1910 1366//1910
f 1364//1911 1367//1911 1363//1911
f 1365//1912 1368//1912 1366//1912
f 1364//1913 1369//1913 1367//1913
f 1368//1914 1370//1914 1366//1914
f 1364//1915 1371//1915 1369//1915
f 1372//1916 1371//1916 1364//1916
f 1370//1917 1373//1917 1366//1917
f 1372//1918 1374//1918 1371//1918
f 1372//1919 1375//1919 1374//1919
f 1372//1920 1376//1920 1375//1920
f 1377//1921 1376//1921 1372//1921
f 1377//1922 1378//1922 1376//1922
f 1379//1923 1380//1923 1381//1923
f 1382//1924 1380//1924 1379//1924
f 1383//1925 1380//1925 1382//1925
f 1384//1926 1380//1926 1383//1926
f 1385//1927 1380//1927 1384//1927
f 1386//1928 1380//1928 1373//1928
f 1387//1929 1380//1929 1385//1929
f 1388//1930 1380//1930 1386//1930
f 1389//1931 1380//1931 1387//1931
f 1390//1932 1380//1932 1388//1932
f 1391//1933 1380//1933 1389//1933
f 1392//1934 1380//1934 1390//1934
f 1393//1935 1380//1935 1391//1935
f 1394//1936 1380//1936 1392//1936
f 1395//1937 1380//1937 1394//1937
f 1396//1938 1380//1938 1395//1938
f 1397//1939 1380//1939 1396//1939
f 1398//1940 1380//1940 1397//1940
f 1399//1941 1380//1941 1398//1941
f 1400//1942 1380//1942 1399//1942
f 1401//1943 1380//1943 1400//1943
f 1402//1944 1380//1944 1401//1944
f 1403//1945 1380//1945 1402//1945
f 1404//1946 1380//1946 1403//1946
f 1405//1947 1380//1947 1404//1947
f 1406//1948 1380//1948 1405//1948
f 1407//1949 1380//1949 1406//1949
f 1408//1950 1380//1950 1407//1950
f 1381//1951 1380//1951 1408//1951
f 1409//1952 1380//1952 1410//1952
f 1411//1953 1380//1953 1409//1953
f 1412//1954 1380//1954 1411//1954
f 1413//1955 1380//1955 1412//1955
f 1366//1956 1380//1956 1413//1956
f 1373//1957 1380//1957 1366//1957
f 1380//1958 1414//1958 1410//1958
f 1415//1959 1416//1959 1417//1959
f 1417//1960 1418//1960 1419//1960
f 1416//1961 1418//1961 1417//1961
f 1420//1962 1421//1962 1415//1962
f 1415//1963 1421//1963 1416//1963
f 1419//1964 1422//1964 1423//1964
f 1418//1965 1422//1965 1419//1965
f 1420//1966 1424//1966 1421//1966
f 1425//1967 1424//1967 1420//1967
f 1422//1968 1426//1968 1423//1968
f 1277//1969 1426//1969 1278//1969
f 1423//1970 1426//1970 1277//1970
f 1427//1971 1428//1971 1425//1971
f 1425//1972 1428//1972 1424//1972
f 1426//1973 1429//1973 1278//1973
f 1430//1974 1429//1974 1377//1974
f 1278//1975 1429//1975 1430//1975
f 1427//1976 1431//1976 1428//1976
f 1279//1977 1431//1977 1427//1977
f 1429//1978 1432//1978 1377//1978
f 1433//1979 1432//1979 1434//1979
f 1435//1980 1432//1980 1433//1980
f 1436//1981 1432//1981 1435//1981
f 1378//1982 1432//1982 1436//1982
f 1377//1983 1432//1983 1378//1983
f 1279//1984 1437//1984 1431//1984
f 376//1985 1437//1985 1279//1985
f 1432//1986 1438//1986 1434//1986
f 1439//1987 1438//1987 1440//1987
f 1441//1988 1438//1988 1439//1988
f 1442//1989 1438//1989 1441//1989
f 1443//1990 1438//1990 1442//1990
f 1434//1991 1438//1991 1443//1991
f 376//1992 1444//1992 1437//1992
f 1438//1993 1445//1993 1440//1993
f 1446//1994 1445//1994 1447//1994
f 1440//1995 1445//1995 1446//1995
f 376//1996 1448//1996 1444//1996
f 376//1997 1449//1997 1448//1997
f 376//1998 1450//1998 1449//1998
f 1380//1999 1451//1999 1414//1999
f 1452//2000 1451//2000 1453//2000
f 1454//2001 1451//2001 1452//2001
f 1455//2002 1451//2002 1454//2002
f 1414//2003 1451//2003 1455//2003
f 1456//2004 1451//2004 1457//2004
f 1458//2005 1451//2005 1456//2005
f 1459//2006 1451//2006 1458//2006
f 1453//2007 1451//2007 1459//2007
f 1451//2008 1460//2008 1457//2008
f 1457//2009 1461//2009 1462//2009
f 1460//2010 1461//2010 1457//2010
f 1451//2011 1463//2011 1460//2011
f 1464//2012 1465//2012 1393//2012
f 1466//2013 1465//2013 1464//2013
f 1467//2014 1465//2014 1466//2014
f 1468//2015 1465//2015 1467//2015
f 1469//2016 1465//2016 1468//2016
f 1470//2017 1465//2017 1469//2017
f 1471//2018 1465//2018 1470//2018
f 1472//2019 1465//2019 1471//2019
f 1473//2020 1465//2020 1472//2020
f 1474//2021 1465//2021 1473//2021
f 1475//2022 1465//2022 1474//2022
f 1476//2023 1465//2023 1475//2023
f 1477//2024 1465//2024 1476//2024
f 1478//2025 1465//2025 1477//2025
f 1479//2026 1465//2026 1478//2026
f 1480//2027 1465//2027 1479//2027
f 1481//2028 1465//2028 1480//2028
f 1482//2029 1465//2029 1481//2029
f 1483//2030 1465//2030 1482//2030
f 1484//2031 1465//2031 1483//2031
f 1485//2032 1465//2032 1484//2032
f 1486//2033 1465//2033 1485//2033
f 1487//2034 1465//2034 1486//2034
f 1488//2035 1465//2035 1487//2035
f 1489//2036 1465//2036 1488//2036
f 1490//2037 1465//2037 1489//2037
f 1491//2038 1465//2038 1490//2038
f 1393//2039 1465//2039 1380//2039
f 1462//2040 1492//2040 1493//2040
f 1461//2041 1492//2041 1462//2041
f 1451//2042 1494//2042 1463//2042
f 1492//2043 1495//2043 1493//2043
f 1451//2044 1496//2044 1494//2044
f 1447//2045 1497//2045 1491//2045
f 1445//2046 1497//2046 1447//2046
f 1491//2047 1497//2047 1465//2047
f 1497//2048 1498//2048 1465//2048
f 1451//2049 1499//2049 1496//2049
f 1500//2050 1501//2050 1445//2050
f 1445//2051 1501//2051 1497//2051
f 1498//2052 1502//2052 1465//2052
f 1451//2053 1503//2053 1499//2053
f 1504//2054 1505//2054 1500//2054
f 1506//2055 1505//2055 1504//2055
f 1500//2056 1505//2056 1501//2056
f 1502//2057 1507//2057 1465//2057
f 1451//2058 1508//2058 1503//2058
f 1509//2059 1510//2059 1506//2059
f 1506//2060 1510//2060 1505//2060
f 1451//2061 1511//2061 1508//2061
f 1507//2062 1512//2062 1465//2062
f 1513//2063 1514//2063 1509//2063
f 1509//2064 1514//2064 1510//2064
f 1512//2065 1515//2065 1465//2065
f 1516//2066 1517//2066 1513//2066
f 1513//2067 1517//2067 1514//2067
f 1515//2068 1518//2068 1465//2068
f 1519//2069 1520//2069 1516//2069
f 1516//2070 1520//2070 1517//2070
f 1521//2071 1522//2071 1519//2071
f 1519//2072 1522//2072 1520//2072
f 1523//2073 1524//2073 1521//2073
f 1521//2074 1524//2074 1522//2074
f 1294//2075 449//2075 447//2075
f 1493//2076 449//2076 1294//2076
f 1525//2077 449//2077 1495//2077
f 1526//2078 449//2078 1525//2078
f 1527//2079 449//2079 1526//2079
f 1528//2080 449//2080 1527//2080
f 1529//2081 449//2081 1528//2081
f 1530//2082 449//2082 1529//2082
f 1495//2083 449//2083 1493//2083
f 1531//2084 1532//2084 1533//2084
f 1533//2085 1534//2085 1535//2085
f 1532//2086 1534//2086 1533//2086
f 1536//2087 1537//2087 1531//2087
f 1538//2088 1537//2088 1536//2088
f 1531//2089 1537//2089 1532//2089
f 1530//2090 1539//2090 449//2090
f 1535//2091 1539//2091 1530//2091
f 1534//2092 1539//2092 1535//2092
f 1540//2093 1541//2093 1538//2093
f 1538//2094 1541//2094 1537//2094
f 1539//2095 1542//2095 449//2095
f 1543//2096 1544//2096 1540//2096
f 1540//2097 1544//2097 1541//2097
f 1542//2098 1545//2098 449//2098
f 1546//2099 1547//2099 1543//2099
f 1548//2100 1547//2100 1546//2100
f 1543//2101 1547//2101 1544//2101
f 1545//2102 1549//2102 449//2102
f 1548//2103 1550//2103 1547//2103
f 1511//2104 1550//2104 1548//2104
f 449//2105 1551//2105 1552//2105
f 1552//2106 1553//2106 449//2106
f 449//2107 1554//2107 1551//2107
f 1553//2108 1555//2108 449//2108
f 1511//2109 1556//2109 1550//2109
f 1451//2110 1556//2110 1511//2110
f 449//2111 1557//2111 1554//2111
f 1555//2112 1558//2112 449//2112
f 449//2113 1559//2113 1557//2113
f 1549//2114 1559//2114 449//2114
f 1558//2115 1560//2115 449//2115
f 1549//2116 1561//2116 1559//2116
f 1560//2117 1562//2117 449//2117
f 1549//2118 1563//2118 1561//2118
f 1564//2119 1563//2119 1549//2119
f 1562//2120 1565//2120 449//2120
f 1564//2121 1566//2121 1563//2121
f 1518//2122 1567//2122 1465//2122
f 1568//2123 1567//2123 1569//2123
f 1570//2124 1567//2124 1568//2124
f 1571//2125 1567//2125 1570//2125
f 1572//2126 1567//2126 1571//2126
f 1573//2127 1567//2127 1518//2127
f 1574//2128 1567//2128 1573//2128
f 1575//2129 1567//2129 1574//2129
f 1569//2130 1567//2130 1575//2130
f 1564//2131 1576//2131 1566//2131
f 1577//2132 1576//2132 1564//2132
f 1577//2133 1578//2133 1576//2133
f 1577//2134 1579//2134 1578//2134
f 1580//2135 1579//2135 1577//2135
f 1581//2136 1582//2136 1565//2136
f 1583//2137 1582//2137 1581//2137
f 1584//2138 1582//2138 1583//2138
f 1565//2139 1582//2139 449//2139
f 1584//2140 1585//2140 1582//2140
f 1580//2141 1586//2141 1579//2141
f 1585//2142 1587//2142 1582//2142
f 1588//2143 1589//2143 1580//2143
f 1580//2144 1589//2144 1586//2144
f 1587//2145 1590//2145 1582//2145
f 1588//2146 1591//2146 1589//2146
f 1590//2147 1592//2147 1582//2147
f 1593//2148 1594//2148 1588//2148
f 1588//2149 1594//2149 1591//2149
f 1592//2150 1595//2150 1582//2150
f 1593//2151 1596//2151 1594//2151
f 1595//2152 1597//2152 1582//2152
f 1598//2153 1599//2153 1593//2153
f 1593//2154 1599//2154 1596//2154
f 1597//2155 1600//2155 1582//2155
f 1598//2156 1601//2156 1599//2156
f 1600//2157 1602//2157 1582//2157
f 1603//2158 1604//2158 1598//2158
f 1598//2159 1604//2159 1601//2159
f 1602//2160 1605//2160 1582//2160
f 1603//2161 1606//2161 1604//2161
f 1605//2162 1607//2162 1582//2162
f 1603//2163 1608//2163 1606//2163
f 1609//2164 1608//2164 1603//2164
f 1607//2165 1610//2165 1582//2165
f 1609//2166 1611//2166 1608//2166
f 1610//2167 1612//2167 1582//2167
f 1609//2168 1613//2168 1611//2168
f 1451//2169 1613//2169 1556//2169
f 1614//2170 1613//2170 1609//2170
f 1615//2171 1613//2171 1614//2171
f 1616//2172 1613//2172 1615//2172
f 1617//2173 1613//2173 1616//2173
f 1618//2174 1613//2174 1617//2174
f 1619//2175 1613//2175 1618//2175
f 1556//2176 1613//2176 1619//2176
f 1613//2177 1620//2177 1611//2177
f 1621//2178 1620//2178 1612//2178
f 1622//2179 1620//2179 1621//2179
f 1623//2180 1620//2180 1622//2180
f 1624//2181 1620//2181 1623//2181
f 1625//2182 1620//2182 1624//2182
f 1626//2183 1620//2183 1625//2183
f 1627//2184 1620//2184 1626//2184
f 1628//2185 1620//2185 1627//2185
f 1629//2186 1620//2186 1628//2186
f 1630//2187 1620//2187 1629//2187
f 1631//2188 1620//2188 1630//2188
f 1611//2189 1620//2189 1631//2189
f 1632//2190 1633//2190 1567//2190
f 1567//2191 1634//2191 1632//2191
f 1451//2192 1635//2192 1613//2192
f 1567//2193 1635//2193 1451//2193
f 1613//2194 1636//2194 1637//2194
f 1635//2195 1636//2195 1613//2195
f 1638//2196 1639//2196 1633//2196
f 1567//2197 1639//2197 1635//2197
f 1633//2198 1639//2198 1567//2198
f 1567//2199 1640//2199 1634//2199
f 1636//2200 1641//2200 1637//2200
f 1567//2201 1642//2201 1640//2201
f 1643//2202 1644//2202 1638//2202
f 1638//2203 1644//2203 1639//2203
f 1567//2204 1645//2204 1642//2204
f 1641//2205 1646//2205 1637//2205
f 1647//2206 1648//2206 1643//2206
f 1649//2207 1648//2207 1647//2207
f 1643//2208 1648//2208 1644//2208
f 1567//2209 1650//2209 1645//2209
f 1646//2210 1651//2210 1637//2210
f 1572//2211 1652//2211 1567//2211
f 1567//2212 1652//2212 1650//2212
f 1653//2213 1654//2213 1649//2213
f 1649//2214 1654//2214 1648//2214
f 1655//2215 1656//2215 1572//2215
f 1572//2216 1656//2216 1652//2216
f 1651//2217 1657//2217 1637//2217
f 1658//2218 1659//2218 1655//2218
f 1655//2219 1659//2219 1656//2219
f 1660//2220 1661//2220 1653//2220
f 1653//2221 1661//2221 1654//2221
f 1657//2222 1662//2222 1637//2222
f 1660//2223 1663//2223 1661//2223
f 1664//2224 1663//2224 1660//2224
f 1665//2225 1663//2225 1664//2225
f 1637//2226 1666//2226 1667//2226
f 1662//2227 1666//2227 1637//2227
f 1668//2228 1669//2228 1665//2228
f 1665//2229 1669//2229 1663//2229
f 1666//2230 1670//2230 1667//2230
f 1668//2231 1671//2231 1669//2231
f 1672//2232 1671//2232 1668//2232
f 1670//2233 1673//2233 1667//2233
f 1672//2234 377//2234 1671//2234
f 1674//2235 377//2235 1675//2235
f 1676//2236 377//2236 1674//2236
f 1677//2237 377//2237 1676//2237
f 1678//2238 377//2238 1677//2238
f 1671//2239 377//2239 1678//2239
f 1679//2240 377//2240 1672//2240
f 1680//2241 377//2241 1679//2241
f 1681//2242 377//2242 1680//2242
f 1682//2243 377//2243 1681//2243
f 1683//2244 377//2244 1682//2244
f 1684//2245 377//2245 1683//2245
f 1673//2246 1685//2246 1667//2246
f 377//2247 1685//2247 1675//2247
f 1686//2248 1685//2248 1687//2248
f 1688//2249 1685//2249 1686//2249
f 1675//2250 1685//2250 1688//2250
f 1687//2251 1685//2251 1673//2251
f 1620//2252 1582//2252 1612//2252
f 376//2253 377//2253 1684//2253
f 376//2254 1684//2254 1659//2254
f 376//2255 1659//2255 1658//2255
f 376//2256 1658//2256 1689//2256
f 376//2257 1689//2257 1524//2257
f 376//2258 1524//2258 1523//2258
f 376//2259 1523//2259 1450//2259
f 329//2260 227//2260 330//2260
f 330//2261 227//2261 1690//2261
f 1691//2262 1692//2262 331//2262
f 1693//2263 1692//2263 1691//2263
f 332//2264 1691//2264 331//2264
f 343//2265 1691//2265 344//2265
f 344//2266 1691//2266 332//2266
f 227//2267 331//2267 1690//2267
f 1690//2268 1692//2268 814//2268
f 331//2269 1692//2269 1690//2269
f 1694//2270 337//2270 335//2270
f 1695//2271 335//2271 334//2271
f 1695//2272 1694//2272 335//2272
f 1696//2273 334//2273 333//2273
f 1696//2274 333//2274 345//2274
f 1696//2275 1695//2275 334//2275
f 1697//2276 1696//2276 345//2276
f 1698//2277 1697//2277 345//2277
f 1699//2278 1698//2278 345//2278
f 336//2279 800//2279 1048//2279
f 1048//2280 800//2280 1055//2280
f 336//2281 337//2281 800//2281
f 337//2282 1694//2282 800//2282
f 800//2283 806//2283 1055//2283
f 343//2284 1062//2284 1691//2284
f 342//2285 1062//2285 343//2285
f 1048//2286 1062//2286 342//2286
f 341//2287 1048//2287 342//2287
f 340//2288 1048//2288 341//2288
f 339//2289 1048//2289 340//2289
f 338//2290 1048//2290 339//2290
f 336//2291 1048//2291 338//2291
f 345//2292 263//2292 347//2292
f 1699//2293 347//2293 770//2293
f 1699//2294 345//2294 347//2294
f 366//2295 1700//2295 700//2295
f 366//2296 700//2296 355//2296
f 1700//2297 366//2297 1701//2297
f 1701//2298 366//2298 371//2298
f 267//2299 376//2299 1701//2299
f 267//2300 1701//2300 371//2300
f 373//2301 372//2301 1702//2301
f 1702//2302 372//2302 1703//2302
f 1703//2303 374//2303 1704//2303
f 372//2304 374//2304 1703//2304
f 1704//2305 368//2305 1705//2305
f 374//2306 368//2306 1704//2306
f 1705//2307 367//2307 1706//2307
f 1706//2308 367//2308 1707//2308
f 368//2309 367//2309 1705//2309
f 367//2310 369//2310 1707//2310
f 1707//2311 370//2311 1708//2311
f 369//2312 370//2312 1707//2312
f 1708//2313 365//2313 1709//2313
f 1709//2314 365//2314 1710//2314
f 370//2315 365//2315 1708//2315
f 1710//2316 364//2316 1711//2316
f 365//2317 364//2317 1710//2317
f 364//2318 359//2318 1711//2318
f 1711//2319 357//2319 1712//2319
f 359//2320 357//2320 1711//2320
f 357//2321 356//2321 1712//2321
f 1712//2322 356//2322 1713//2322
f 356//2323 358//2323 1713//2323
f 1713//2324 358//2324 1714//2324
f 358//2325 353//2325 1714//2325
f 1714//2326 353//2326 1715//2326
f 353//2327 351//2327 1715//2327
f 1715//2328 351//2328 1716//2328
f 351//2329 349//2329 1716//2329
f 1716//2330 349//2330 1717//2330
f 349//2331 348//2331 1717//2331
f 1717//2332 348//2332 1718//2332
f 348//2333 346//2333 1718//2333
f 1718//2334 346//2334 1719//2334
f 346//2335 350//2335 1719//2335
f 1719//2336 350//2336 1720//2336
f 350//2337 352//2337 1720//2337
f 1720//2338 352//2338 1721//2338
f 352//2339 354//2339 1721//2339
f 1721//2340 354//2340 1722//2340
f 354//2341 360//2341 1722//2341
f 1722//2342 360//2342 1723//2342
f 360//2343 361//2343 1723//2343
f 1723//2344 361//2344 1724//2344
f 361//2345 362//2345 1724//2345
f 1724//2346 362//2346 1725//2346
f 362//2347 363//2347 1725//2347
f 1725//2348 363//2348 1726//2348
f 1726//2349 375//2349 1727//2349
f 1727//2350 375//2350 1702//2350
f 363//2351 375//2351 1726//2351
f 375//2352 373//2352 1702//2352
f 377//2353 380//2353 1728//2353
f 1728//2354 380//2354 1729//2354
f 1730//2355 287//2355 1731//2355
f 1732//2356 1731//2356 287//2356
f 1733//2357 287//2357 1730//2357
f 1734//2358 1732//2358 287//2358
f 1735//2359 287//2359 1733//2359
f 381//2360 1734//2360 287//2360
f 1736//2361 1737//2361 1734//2361
f 1736//2362 1734//2362 381//2362
f 1738//2363 287//2363 1735//2363
f 1739//2364 1737//2364 1736//2364
f 1740//2365 287//2365 1738//2365
f 1741//2366 1739//2366 1736//2366
f 1742//2367 287//2367 1740//2367
f 1743//2368 1744//2368 1745//2368
f 1743//2369 1745//2369 1746//2369
f 1743//2370 1746//2370 1747//2370
f 1748//2371 1744//2371 1743//2371
f 1749//2372 1748//2372 1743//2372
f 1750//2373 1751//2373 1752//2373
f 1750//2374 1752//2374 1753//2374
f 1750//2375 1742//2375 1754//2375
f 1750//2376 1754//2376 1755//2376
f 1750//2377 1755//2377 1756//2377
f 1750//2378 1756//2378 1751//2378
f 1750//2379 287//2379 1742//2379
f 1757//2380 1750//2380 1758//2380
f 1759//2381 1750//2381 1760//2381
f 1759//2382 287//2382 1750//2382
f 1761//2383 1760//2383 1750//2383
f 1762//2384 287//2384 1759//2384
f 1763//2385 1750//2385 1757//2385
f 1763//2386 1761//2386 1750//2386
f 1764//2387 1763//2387 1757//2387
f 1765//2388 1764//2388 1757//2388
f 1766//2389 1765//2389 1757//2389
f 1767//2390 1766//2390 1757//2390
f 1768//2391 1767//2391 1757//2391
f 1769//2392 1768//2392 1757//2392
f 378//2393 1762//2393 1770//2393
f 378//2394 1770//2394 1771//2394
f 378//2395 1771//2395 1772//2395
f 378//2396 1772//2396 1773//2396
f 378//2397 1773//2397 1774//2397
f 378//2398 1774//2398 1775//2398
f 378//2399 1775//2399 1776//2399
f 1777//2400 1778//2400 1779//2400
f 1777//2401 1779//2401 1780//2401
f 1777//2402 1780//2402 1781//2402
f 1777//2403 1781//2403 1782//2403
f 1777//2404 1782//2404 1783//2404
f 1777//2405 1783//2405 1784//2405
f 1777//2406 1784//2406 1785//2406
f 1777//2407 1776//2407 1778//2407
f 1777//2408 378//2408 1776//2408
f 1786//2409 1777//2409 1787//2409
f 1786//2410 378//2410 1777//2410
f 1788//2411 1789//2411 1786//2411
f 1788//2412 1786//2412 1787//2412
f 378//2413 287//2413 1762//2413
f 1736//2414 1743//2414 1747//2414
f 1736//2415 1747//2415 1741//2415
f 1743//2416 1750//2416 1749//2416
f 1749//2417 1750//2417 1790//2417
f 1790//2418 1750//2418 1791//2418
f 1791//2419 1750//2419 1753//2419
f 1757//2420 1777//2420 1785//2420
f 1757//2421 1785//2421 1769//2421
f 379//2422 378//2422 1792//2422
f 379//2423 1792//2423 1793//2423
f 1794//2424 1795//2424 1796//2424
f 1797//2425 1798//2425 1795//2425
f 1797//2426 1795//2426 1794//2426
f 1799//2427 1797//2427 1794//2427
f 1800//2428 1801//2428 1802//2428
f 1803//2429 1804//2429 450//2429
f 1805//2430 1800//2430 450//2430
f 1805//2431 450//2431 1804//2431
f 1806//2432 1798//2432 1797//2432
f 1807//2433 1803//2433 450//2433
f 1808//2434 1800//2434 1805//2434
f 1809//2435 1807//2435 450//2435
f 1810//2436 1800//2436 1808//2436
f 1811//2437 1800//2437 1810//2437
f 1812//2438 1800//2438 1811//2438
f 1813//2439 1800//2439 1812//2439
f 1814//2440 1800//2440 1813//2440
f 1814//2441 1801//2441 1800//2441
f 1815//2442 1798//2442 1806//2442
f 1816//2443 1801//2443 1814//2443
f 1816//2444 1799//2444 1801//2444
f 451//2445 1817//2445 1809//2445
f 451//2446 1818//2446 1817//2446
f 451//2447 1819//2447 1818//2447
f 451//2448 1820//2448 1819//2448
f 451//2449 1821//2449 1820//2449
f 451//2450 1822//2450 1821//2450
f 451//2451 1823//2451 1822//2451
f 451//2452 1809//2452 450//2452
f 1824//2453 1815//2453 1806//2453
f 1825//2454 1815//2454 1824//2454
f 1826//2455 451//2455 1827//2455
f 1828//2456 1827//2456 451//2456
f 1829//2457 451//2457 1826//2457
f 1830//2458 1828//2458 451//2458
f 1831//2459 451//2459 1829//2459
f 1832//2460 1830//2460 451//2460
f 1833//2461 451//2461 1831//2461
f 1834//2462 1832//2462 451//2462
f 1835//2463 451//2463 1833//2463
f 1836//2464 1834//2464 451//2464
f 1837//2465 451//2465 1835//2465
f 1838//2466 1836//2466 451//2466
f 1839//2467 451//2467 1837//2467
f 1840//2468 1838//2468 451//2468
f 1841//2469 451//2469 1839//2469
f 1842//2470 1840//2470 451//2470
f 1843//2471 451//2471 1841//2471
f 1844//2472 1842//2472 451//2472
f 1845//2473 451//2473 1843//2473
f 1846//2474 1844//2474 451//2474
f 1847//2475 451//2475 1845//2475
f 1848//2476 451//2476 1847//2476
f 1849//2477 1850//2477 1846//2477
f 1849//2478 1851//2478 1850//2478
f 1849//2479 1846//2479 451//2479
f 1852//2480 451//2480 1848//2480
f 1853//2481 1851//2481 1849//2481
f 1854//2482 1823//2482 451//2482
f 1854//2483 451//2483 1852//2483
f 1855//2484 1853//2484 1849//2484
f 1856//2485 1857//2485 1823//2485
f 1856//2486 1823//2486 1854//2486
f 1858//2487 1855//2487 1849//2487
f 1859//2488 1824//2488 1806//2488
f 1860//2489 1857//2489 1856//2489
f 1861//2490 1858//2490 1849//2490
f 1862//2491 1857//2491 1860//2491
f 1863//2492 1861//2492 1849//2492
f 1864//2493 1857//2493 1862//2493
f 1865//2494 1863//2494 1849//2494
f 1866//2495 1867//2495 1857//2495
f 1866//2496 1857//2496 1864//2496
f 1868//2497 1865//2497 1849//2497
f 1869//2498 1867//2498 1866//2498
f 1870//2499 1868//2499 1849//2499
f 1871//2500 1867//2500 1869//2500
f 1872//2501 1870//2501 1849//2501
f 1873//2502 1867//2502 1871//2502
f 1874//2503 1872//2503 1849//2503
f 1875//2504 1867//2504 1873//2504
f 1875//2505 1876//2505 1867//2505
f 1877//2506 1874//2506 1849//2506
f 1878//2507 1876//2507 1875//2507
f 1879//2508 1877//2508 1849//2508
f 1880//2509 1876//2509 1878//2509
f 1881//2510 1879//2510 1849//2510
f 1882//2511 1876//2511 1880//2511
f 1883//2512 1881//2512 1849//2512
f 1884//2513 1876//2513 1882//2513
f 1884//2514 1885//2514 1876//2514
f 1886//2515 1883//2515 1849//2515
f 1887//2516 1885//2516 1884//2516
f 1888//2517 1886//2517 1849//2517
f 1889//2518 1885//2518 1887//2518
f 1890//2519 1885//2519 1889//2519
f 1891//2520 1892//2520 1885//2520
f 1891//2521 1885//2521 1890//2521
f 1893//2522 1892//2522 1891//2522
f 1894//2523 1892//2523 1893//2523
f 1895//2524 1799//2524 1816//2524
f 1895//2525 1896//2525 1892//2525
f 1895//2526 1897//2526 1896//2526
f 1895//2527 1816//2527 1897//2527
f 1895//2528 1898//2528 1899//2528
f 1895//2529 1900//2529 1898//2529
f 1895//2530 1901//2530 1900//2530
f 1895//2531 1902//2531 1901//2531
f 1895//2532 1903//2532 1902//2532
f 1895//2533 1904//2533 1903//2533
f 1895//2534 1905//2534 1904//2534
f 1895//2535 1906//2535 1905//2535
f 1895//2536 1907//2536 1906//2536
f 1895//2537 1908//2537 1907//2537
f 1895//2538 1909//2538 1908//2538
f 1895//2539 1910//2539 1909//2539
f 1895//2540 1911//2540 1910//2540
f 1895//2541 1912//2541 1911//2541
f 1895//2542 1894//2542 1912//2542
f 1895//2543 1892//2543 1894//2543
f 1913//2544 1895//2544 1899//2544
f 1913//2545 1914//2545 1915//2545
f 1913//2546 1916//2546 1914//2546
f 1913//2547 1917//2547 1916//2547
f 1913//2548 1918//2548 1917//2548
f 1913//2549 1919//2549 1918//2549
f 1913//2550 1920//2550 1919//2550
f 1913//2551 1921//2551 1920//2551
f 1913//2552 1922//2552 1921//2552
f 1913//2553 1923//2553 1922//2553
f 1913//2554 1924//2554 1923//2554
f 1913//2555 1925//2555 1924//2555
f 1913//2556 1899//2556 1925//2556
f 1926//2557 1927//2557 1928//2557
f 1929//2558 1799//2558 1895//2558
f 1929//2559 1859//2559 1799//2559
f 1930//2560 1926//2560 1928//2560
f 1930//2561 1931//2561 1926//2561
f 1932//2562 1926//2562 1931//2562
f 1933//2563 1859//2563 1929//2563
f 1933//2564 1930//2564 1928//2564
f 1933//2565 1928//2565 1859//2565
f 1934//2566 1926//2566 1932//2566
f 1935//2567 1933//2567 1929//2567
f 1936//2568 1926//2568 1934//2568
f 1937//2569 1935//2569 1929//2569
f 1938//2570 1926//2570 1936//2570
f 1939//2571 1937//2571 1929//2571
f 1940//2572 379//2572 1926//2572
f 1940//2573 1926//2573 1938//2573
f 1941//2574 379//2574 1940//2574
f 1942//2575 379//2575 1941//2575
f 1943//2576 379//2576 1942//2576
f 1944//2577 379//2577 1943//2577
f 1945//2578 1946//2578 1939//2578
f 1945//2579 1939//2579 1947//2579
f 1948//2580 1947//2580 1939//2580
f 1948//2581 1939//2581 1929//2581
f 1949//2582 1946//2582 1945//2582
f 1950//2583 1948//2583 1929//2583
f 1951//2584 1946//2584 1949//2584
f 1952//2585 1950//2585 1929//2585
f 1953//2586 1946//2586 1951//2586
f 1954//2587 1952//2587 1929//2587
f 1955//2588 1946//2588 1953//2588
f 1955//2589 1956//2589 1946//2589
f 1957//2590 1954//2590 1929//2590
f 1958//2591 1956//2591 1955//2591
f 1959//2592 1957//2592 1929//2592
f 1960//2593 1956//2593 1958//2593
f 1961//2594 1959//2594 1929//2594
f 1962//2595 1956//2595 1960//2595
f 1963//2596 1961//2596 1929//2596
f 1964//2597 1956//2597 1962//2597
f 1964//2598 1965//2598 1956//2598
f 1966//2599 1963//2599 1929//2599
f 1967//2600 1965//2600 1964//2600
f 1968//2601 1966//2601 1929//2601
f 1969//2602 1965//2602 1967//2602
f 1970//2603 1968//2603 1929//2603
f 1971//2604 1965//2604 1969//2604
f 1972//2605 1970//2605 1929//2605
f 1973//2606 1974//2606 1965//2606
f 1973//2607 1965//2607 1971//2607
f 1975//2608 1972//2608 1929//2608
f 1976//2609 1974//2609 1973//2609
f 1977//2610 1975//2610 1929//2610
f 1978//2611 1974//2611 1976//2611
f 1979//2612 1977//2612 1929//2612
f 1980//2613 1974//2613 1978//2613
f 1981//2614 1929//2614 1982//2614
f 1981//2615 1979//2615 1929//2615
f 1983//2616 1984//2616 1974//2616
f 1983//2617 1974//2617 1980//2617
f 1985//2618 1981//2618 1982//2618
f 1986//2619 1984//2619 1983//2619
f 1987//2620 1985//2620 1982//2620
f 1988//2621 1987//2621 1982//2621
f 1989//2622 1988//2622 1982//2622
f 1990//2623 1989//2623 1982//2623
f 1991//2624 1990//2624 1982//2624
f 1992//2625 1991//2625 1982//2625
f 1993//2626 1992//2626 1982//2626
f 1994//2627 1993//2627 1982//2627
f 1995//2628 1994//2628 1982//2628
f 1996//2629 1995//2629 1982//2629
f 1997//2630 1996//2630 1982//2630
f 380//2631 1998//2631 1984//2631
f 380//2632 1999//2632 1998//2632
f 380//2633 2000//2633 1999//2633
f 380//2634 2001//2634 2000//2634
f 380//2635 2002//2635 2001//2635
f 380//2636 2003//2636 2002//2636
f 380//2637 1944//2637 2003//2637
f 380//2638 2004//2638 2005//2638
f 380//2639 2006//2639 2004//2639
f 380//2640 2007//2640 2006//2640
f 380//2641 2008//2641 2007//2641
f 380//2642 2009//2642 2008//2642
f 380//2643 2010//2643 2009//2643
f 380//2644 2011//2644 2010//2644
f 380//2645 2012//2645 2011//2645
f 380//2646 1984//2646 1986//2646
f 380//2647 2013//2647 2012//2647
f 380//2648 2014//2648 2013//2648
f 380//2649 2015//2649 2014//2649
f 380//2650 2016//2650 2015//2650
f 380//2651 1986//2651 2016//2651
f 380//2652 379//2652 1944//2652
f 2017//2653 380//2653 2005//2653
f 2018//2654 380//2654 2017//2654
f 2019//2655 380//2655 2018//2655
f 2020//2656 380//2656 2019//2656
f 2021//2657 380//2657 2020//2657
f 2022//2658 380//2658 2021//2658
f 2023//2659 380//2659 2022//2659
f 2024//2660 380//2660 2023//2660
f 2025//2661 380//2661 2024//2661
f 2026//2662 380//2662 2025//2662
f 2027//2663 380//2663 2026//2663
f 2028//2664 2029//2664 2030//2664
f 2028//2665 2031//2665 2029//2665
f 2028//2666 2032//2666 2031//2666
f 2028//2667 2033//2667 2032//2667
f 2028//2668 2034//2668 2033//2668
f 2028//2669 380//2669 2027//2669
f 2028//2670 2035//2670 2034//2670
f 2028//2671 2036//2671 2035//2671
f 2028//2672 2037//2672 2036//2672
f 2028//2673 2038//2673 2037//2673
f 2028//2674 2039//2674 2038//2674
f 2028//2675 2040//2675 2039//2675
f 2028//2676 2041//2676 2040//2676
f 2028//2677 2042//2677 2041//2677
f 2028//2678 2043//2678 2042//2678
f 2028//2679 2044//2679 2043//2679
f 2028//2680 2045//2680 2044//2680
f 2028//2681 2046//2681 2045//2681
f 2028//2682 2027//2682 2046//2682
f 1928//2683 1824//2683 1859//2683
f 1794//2684 1801//2684 1799//2684
f 381//2685 382//2685 1736//2685
f 383//2686 385//2686 382//2686
f 385//2687 1736//2687 382//2687
f 2047//2688 2048//2688 384//2688
f 2047//2689 2049//2689 2048//2689
f 2048//2690 409//2690 384//2690
f 2049//2691 2050//2691 2048//2691
f 2048//2692 2050//2692 409//2692
f 403//2693 2050//2693 2051//2693
f 403//2694 409//2694 2050//2694
f 2051//2695 1736//2695 385//2695
f 2051//2696 385//2696 403//2696
f 1743//2697 1736//2697 2051//2697
f 2052//2698 2053//2698 408//2698
f 2052//2699 408//2699 410//2699
f 2054//2700 410//2700 411//2700
f 2054//2701 2052//2701 410//2701
f 2055//2702 411//2702 412//2702
f 2055//2703 2054//2703 411//2703
f 2056//2704 412//2704 413//2704
f 2056//2705 2055//2705 412//2705
f 2057//2706 413//2706 402//2706
f 2057//2707 2056//2707 413//2707
f 2058//2708 402//2708 404//2708
f 2058//2709 2057//2709 402//2709
f 2059//2710 404//2710 405//2710
f 2059//2711 2058//2711 404//2711
f 2060//2712 405//2712 406//2712
f 2060//2713 2059//2713 405//2713
f 2061//2714 406//2714 407//2714
f 2061//2715 2060//2715 406//2715
f 2062//2716 407//2716 398//2716
f 2062//2717 2061//2717 407//2717
f 2063//2718 398//2718 396//2718
f 2063//2719 2062//2719 398//2719
f 2064//2720 2063//2720 396//2720
f 2064//2721 396//2721 394//2721
f 2064//2722 394//2722 392//2722
f 2065//2723 2064//2723 392//2723
f 2066//2724 2065//2724 392//2724
f 2066//2725 392//2725 390//2725
f 2067//2726 2066//2726 390//2726
f 2067//2727 390//2727 388//2727
f 2068//2728 2067//2728 388//2728
f 2068//2729 388//2729 386//2729
f 2069//2730 2068//2730 386//2730
f 2069//2731 386//2731 387//2731
f 2069//2732 387//2732 389//2732
f 2070//2733 2069//2733 389//2733
f 2071//2734 2070//2734 389//2734
f 2071//2735 389//2735 391//2735
f 2072//2736 2071//2736 391//2736
f 2072//2737 391//2737 393//2737
f 2073//2738 2072//2738 393//2738
f 2073//2739 393//2739 395//2739
f 2074//2740 2073//2740 395//2740
f 2074//2741 395//2741 397//2741
f 2075//2742 2074//2742 397//2742
f 2075//2743 397//2743 399//2743
f 2076//2744 399//2744 400//2744
f 2076//2745 400//2745 401//2745
f 2076//2746 2075//2746 399//2746
f 2077//2747 2076//2747 401//2747
f 2053//2748 401//2748 408//2748
f 2053//2749 2077//2749 401//2749
f 2078//2750 2079//2750 414//2750
f 2080//2751 414//2751 2079//2751
f 2081//2752 2078//2752 414//2752
f 2082//2753 414//2753 2080//2753
f 2083//2754 414//2754 2084//2754
f 2083//2755 2081//2755 414//2755
f 2085//2756 414//2756 2082//2756
f 2086//2757 2083//2757 2084//2757
f 2087//2758 414//2758 2085//2758
f 2088//2759 2086//2759 2084//2759
f 2089//2760 414//2760 2087//2760
f 2090//2761 2088//2761 2084//2761
f 2091//2762 2090//2762 2084//2762
f 2092//2763 2088//2763 2090//2763
f 2092//2764 2093//2764 2088//2764
f 2094//2765 2091//2765 2084//2765
f 2095//2766 2096//2766 2093//2766
f 2095//2767 2093//2767 2092//2767
f 2097//2768 2094//2768 2084//2768
f 2098//2769 2096//2769 2095//2769
f 2098//2770 2099//2770 2096//2770
f 2100//2771 2099//2771 2098//2771
f 2100//2772 2101//2772 2099//2772
f 2102//2773 2103//2773 2104//2773
f 2105//2774 2104//2774 2106//2774
f 2105//2775 2102//2775 2104//2775
f 2107//2776 2108//2776 2103//2776
f 2107//2777 2103//2777 2102//2777
f 2109//2778 2105//2778 2106//2778
f 2110//2779 2108//2779 2107//2779
f 2111//2780 2109//2780 2106//2780
f 2111//2781 2106//2781 2112//2781
f 2113//2782 2108//2782 2110//2782
f 2113//2783 2114//2783 2108//2783
f 2115//2784 2112//2784 2101//2784
f 2115//2785 2111//2785 2112//2785
f 2116//2786 2117//2786 2114//2786
f 2116//2787 2114//2787 2113//2787
f 2118//2788 2101//2788 2100//2788
f 2118//2789 2115//2789 2101//2789
f 2118//2790 2100//2790 2119//2790
f 2120//2791 2117//2791 2116//2791
f 2121//2792 2118//2792 2119//2792
f 2122//2793 2117//2793 2120//2793
f 2122//2794 2123//2794 2117//2794
f 2124//2795 2119//2795 2125//2795
f 2124//2796 2121//2796 2119//2796
f 2126//2797 2123//2797 2122//2797
f 2126//2798 2127//2798 2123//2798
f 2128//2799 2124//2799 2125//2799
f 2128//2800 2125//2800 2129//2800
f 2130//2801 2127//2801 2126//2801
f 2131//2802 2128//2802 2129//2802
f 2132//2803 2131//2803 2129//2803
f 2132//2804 2129//2804 2133//2804
f 2134//2805 2132//2805 2133//2805
f 2134//2806 2133//2806 2135//2806
f 2136//2807 2134//2807 2135//2807
f 2136//2808 2135//2808 2137//2808
f 2138//2809 2136//2809 2137//2809
f 2139//2810 2138//2810 2137//2810
f 2139//2811 2137//2811 2140//2811
f 2141//2812 2139//2812 2140//2812
f 2142//2813 2097//2813 2084//2813
f 2142//2814 2143//2814 2097//2814
f 2142//2815 2144//2815 2143//2815
f 2142//2816 2145//2816 2144//2816
f 2142//2817 2146//2817 2145//2817
f 2142//2818 2147//2818 2146//2818
f 2142//2819 2148//2819 2147//2819
f 2142//2820 2149//2820 2148//2820
f 2150//2821 2151//2821 2152//2821
f 2150//2822 2152//2822 2153//2822
f 2154//2823 2152//2823 2151//2823
f 2154//2824 2089//2824 2152//2824
f 2154//2825 414//2825 2089//2825
f 2155//2826 2127//2826 2130//2826
f 2155//2827 2150//2827 2153//2827
f 2155//2828 2153//2828 2127//2828
f 2156//2829 414//2829 2154//2829
f 2157//2830 2158//2830 2159//2830
f 2157//2831 2130//2831 2158//2831
f 2157//2832 2155//2832 2130//2832
f 2160//2833 2157//2833 2159//2833
f 2160//2834 2159//2834 2161//2834
f 2162//2835 2160//2835 2161//2835
f 2162//2836 2163//2836 2164//2836
f 2162//2837 2161//2837 2163//2837
f 2165//2838 2162//2838 2164//2838
f 2165//2839 2164//2839 2166//2839
f 2167//2840 2165//2840 2166//2840
f 2167//2841 2168//2841 2169//2841
f 2167//2842 2166//2842 2168//2842
f 2170//2843 2169//2843 2171//2843
f 2170//2844 2167//2844 2169//2844
f 2172//2845 2170//2845 2171//2845
f 2172//2846 2171//2846 2173//2846
f 384//2847 2174//2847 2175//2847
f 384//2848 2176//2848 2174//2848
f 384//2849 2177//2849 2176//2849
f 384//2850 2178//2850 2177//2850
f 384//2851 2179//2851 2178//2851
f 384//2852 2180//2852 2179//2852
f 384//2853 2181//2853 2180//2853
f 384//2854 2156//2854 2181//2854
f 384//2855 414//2855 2156//2855
f 2182//2856 2183//2856 2184//2856
f 2182//2857 2184//2857 2185//2857
f 2186//2858 2185//2858 2184//2858
f 2187//2859 2183//2859 2182//2859
f 2188//2860 2186//2860 2184//2860
f 2189//2861 2183//2861 2187//2861
f 2190//2862 2188//2862 2184//2862
f 2191//2863 2183//2863 2189//2863
f 2192//2864 2184//2864 2149//2864
f 2192//2865 2190//2865 2184//2865
f 2193//2866 2183//2866 2191//2866
f 2193//2867 2194//2867 2183//2867
f 2195//2868 2192//2868 2149//2868
f 2195//2869 2149//2869 2142//2869
f 2196//2870 2194//2870 2193//2870
f 2197//2871 2195//2871 2142//2871
f 2198//2872 2194//2872 2196//2872
f 2199//2873 2197//2873 2142//2873
f 2200//2874 2194//2874 2198//2874
f 2201//2875 2199//2875 2142//2875
f 2202//2876 2194//2876 2200//2876
f 2203//2877 2201//2877 2142//2877
f 2204//2878 2194//2878 2202//2878
f 2204//2879 2205//2879 2194//2879
f 2206//2880 2203//2880 2142//2880
f 2207//2881 2205//2881 2204//2881
f 2208//2882 2206//2882 2142//2882
f 2209//2883 2205//2883 2207//2883
f 2210//2884 2208//2884 2142//2884
f 2211//2885 2205//2885 2209//2885
f 2212//2886 2210//2886 2142//2886
f 2213//2887 2205//2887 2211//2887
f 2214//2888 2212//2888 2142//2888
f 2215//2889 2205//2889 2213//2889
f 2215//2890 2140//2890 2205//2890
f 2216//2891 2214//2891 2142//2891
f 2217//2892 2141//2892 2140//2892
f 2217//2893 2140//2893 2215//2893
f 2218//2894 2216//2894 2142//2894
f 2219//2895 2141//2895 2217//2895
f 2220//2896 2218//2896 2142//2896
f 2221//2897 2222//2897 2141//2897
f 2221//2898 2141//2898 2219//2898
f 2223//2899 2220//2899 2142//2899
f 2224//2900 2222//2900 2221//2900
f 2225//2901 2223//2901 2142//2901
f 2226//2902 2222//2902 2224//2902
f 2227//2903 2225//2903 2142//2903
f 2228//2904 2222//2904 2226//2904
f 2228//2905 2229//2905 2222//2905
f 2230//2906 2227//2906 2142//2906
f 2231//2907 2229//2907 2228//2907
f 2232//2908 2230//2908 2142//2908
f 2233//2909 2229//2909 2231//2909
f 2234//2910 2232//2910 2142//2910
f 2235//2911 2229//2911 2233//2911
f 2235//2912 2236//2912 2229//2912
f 2237//2913 2234//2913 2142//2913
f 2238//2914 2236//2914 2235//2914
f 2239//2915 2237//2915 2142//2915
f 2240//2916 2236//2916 2238//2916
f 2241//2917 2239//2917 2142//2917
f 2242//2918 2236//2918 2240//2918
f 2242//2919 2243//2919 2236//2919
f 2244//2920 2241//2920 2142//2920
f 2245//2921 2243//2921 2242//2921
f 2246//2922 2244//2922 2142//2922
f 2247//2923 2243//2923 2245//2923
f 2248//2924 2246//2924 2142//2924
f 2249//2925 2243//2925 2247//2925
f 2249//2926 2250//2926 2243//2926
f 2251//2927 2248//2927 2142//2927
f 2252//2928 2250//2928 2249//2928
f 2253//2929 2251//2929 2142//2929
f 2254//2930 2253//2930 2142//2930
f 2255//2931 2254//2931 2142//2931
f 2256//2932 2255//2932 2142//2932
f 2257//2933 2256//2933 2142//2933
f 2258//2934 2257//2934 2142//2934
f 2259//2935 2258//2935 2142//2935
f 2260//2936 2259//2936 2142//2936
f 2261//2937 2260//2937 2142//2937
f 2262//2938 2261//2938 2142//2938
f 2263//2939 2262//2939 2142//2939
f 2264//2940 2263//2940 2142//2940
f 2265//2941 2264//2941 2142//2941
f 2266//2942 2265//2942 2142//2942
f 2267//2943 2268//2943 2269//2943
f 2270//2944 2269//2944 2271//2944
f 2270//2945 2267//2945 2269//2945
f 2272//2946 2273//2946 2268//2946
f 2272//2947 2268//2947 2267//2947
f 2274//2948 2270//2948 2271//2948
f 2274//2949 2271//2949 2275//2949
f 2276//2950 2277//2950 2273//2950
f 2276//2951 2273//2951 2272//2951
f 2278//2952 2172//2952 2173//2952
f 2278//2953 2274//2953 2275//2953
f 2278//2954 2275//2954 2172//2954
f 2279//2955 2277//2955 2276//2955
f 2279//2956 2175//2956 2277//2956
f 2280//2957 2281//2957 2250//2957
f 2280//2958 2173//2958 2281//2958
f 2280//2959 2278//2959 2173//2959
f 2282//2960 384//2960 2175//2960
f 2282//2961 2175//2961 2279//2961
f 2283//2962 2250//2962 2252//2962
f 2283//2963 2284//2963 2285//2963
f 2283//2964 2286//2964 2284//2964
f 2283//2965 2287//2965 2286//2965
f 2283//2966 2252//2966 2287//2966
f 2283//2967 2280//2967 2250//2967
f 2288//2968 2047//2968 384//2968
f 2288//2969 384//2969 2282//2969
f 2289//2970 2290//2970 2291//2970
f 2289//2971 2292//2971 2290//2971
f 2289//2972 2293//2972 2292//2972
f 2289//2973 2294//2973 2293//2973
f 2289//2974 2285//2974 2294//2974
f 2289//2975 2283//2975 2285//2975
f 2295//2976 2047//2976 2288//2976
f 2296//2977 2289//2977 2291//2977
f 2296//2978 2297//2978 2298//2978
f 2296//2979 2299//2979 2297//2979
f 2296//2980 2300//2980 2299//2980
f 2296//2981 2291//2981 2300//2981
f 2301//2982 2047//2982 2295//2982
f 2302//2983 2296//2983 2298//2983
f 2302//2984 2298//2984 2303//2984
f 2304//2985 2047//2985 2301//2985
f 2305//2986 2047//2986 2304//2986
f 2306//2987 2307//2987 2308//2987
f 2306//2988 2309//2988 2307//2988
f 2306//2989 2302//2989 2303//2989
f 2306//2990 2310//2990 2309//2990
f 2306//2991 2311//2991 2310//2991
f 2306//2992 2312//2992 2311//2992
f 2306//2993 2313//2993 2312//2993
f 2306//2994 2314//2994 2302//2994
f 2306//2995 2308//2995 2314//2995
f 2306//2996 2315//2996 2316//2996
f 2306//2997 2317//2997 2315//2997
f 2306//2998 2318//2998 2317//2998
f 2306//2999 2319//2999 2318//2999
f 2306//3000 2320//3000 2319//3000
f 2306//3001 2321//3001 2320//3001
f 2306//3002 2322//3002 2321//3002
f 2306//3003 2323//3003 2322//3003
f 2306//3004 2324//3004 2323//3004
f 2306//3005 2325//3005 2324//3005
f 2306//3006 2326//3006 2325//3006
f 2306//3007 2327//3007 2326//3007
f 2306//3008 2328//3008 2327//3008
f 2306//3009 2329//3009 2328//3009
f 2306//3010 2330//3010 2329//3010
f 2306//3011 2331//3011 2330//3011
f 2306//3012 2332//3012 2331//3012
f 2306//3013 2333//3013 2332//3013
f 2306//3014 2334//3014 2333//3014
f 2306//3015 2335//3015 2334//3015
f 2306//3016 2336//3016 2335//3016
f 2306//3017 2337//3017 2336//3017
f 2306//3018 2338//3018 2337//3018
f 2306//3019 2339//3019 2338//3019
f 2306//3020 2340//3020 2339//3020
f 2306//3021 2341//3021 2340//3021
f 2306//3022 2342//3022 2341//3022
f 2306//3023 2343//3023 2342//3023
f 2306//3024 2344//3024 2343//3024
f 2306//3025 2303//3025 2344//3025
f 2142//3026 2345//3026 2346//3026
f 2142//3027 2346//3027 2347//3027
f 2142//3028 2347//3028 2266//3028
f 2345//3029 2306//3029 2348//3029
f 2348//3030 2306//3030 2349//3030
f 2349//3031 2306//3031 2350//3031
f 2350//3032 2306//3032 2316//3032
f 2306//3033 2047//3033 2305//3033
f 2306//3034 2305//3034 2313//3034
f 2351//3035 2084//3035 414//3035
f 2352//3036 2084//3036 2351//3036
f 439//3037 2351//3037 414//3037
f 2353//3038 2352//3038 2351//3038
f 2353//3039 2351//3039 439//3039
f 2353//3040 433//3040 2354//3040
f 439//3041 433//3041 2353//3041
f 2355//3042 2354//3042 416//3042
f 416//3043 2354//3043 433//3043
f 2355//3044 2356//3044 2354//3044
f 445//3045 446//3045 2355//3045
f 416//3046 415//3046 445//3046
f 2355//3047 416//3047 445//3047
f 2357//3048 2358//3048 440//3048
f 440//3049 2358//3049 441//3049
f 441//3050 2359//3050 442//3050
f 2358//3051 2359//3051 441//3051
f 442//3052 2360//3052 443//3052
f 2359//3053 2360//3053 442//3053
f 443//3054 2361//3054 444//3054
f 2360//3055 2361//3055 443//3055
f 444//3056 2362//3056 434//3056
f 2361//3057 2362//3057 444//3057
f 434//3058 2363//3058 435//3058
f 2362//3059 2363//3059 434//3059
f 435//3060 2364//3060 436//3060
f 2363//3061 2364//3061 435//3061
f 436//3062 2365//3062 437//3062
f 2364//3063 2365//3063 436//3063
f 437//3064 2366//3064 438//3064
f 2365//3065 2366//3065 437//3065
f 438//3066 2367//3066 429//3066
f 2366//3067 2367//3067 438//3067
f 429//3068 2368//3068 427//3068
f 2367//3069 2368//3069 429//3069
f 2368//3070 2369//3070 427//3070
f 427//3071 2369//3071 425//3071
f 2369//3072 2370//3072 425//3072
f 425//3073 2370//3073 423//3073
f 2370//3074 2371//3074 423//3074
f 423//3075 2371//3075 421//3075
f 2371//3076 2372//3076 421//3076
f 421//3077 2372//3077 419//3077
f 2372//3078 2373//3078 419//3078
f 419//3079 2373//3079 417//3079
f 2373//3080 2374//3080 417//3080
f 417//3081 2374//3081 418//3081
f 2374//3082 2375//3082 418//3082
f 418//3083 2375//3083 420//3083
f 2375//3084 2376//3084 420//3084
f 420//3085 2376//3085 422//3085
f 2376//3086 2377//3086 422//3086
f 422//3087 2377//3087 424//3087
f 424//3088 2377//3088 426//3088
f 2377//3089 2378//3089 426//3089
f 2378//3090 2379//3090 426//3090
f 426//3091 2379//3091 428//3091
f 2379//3092 2380//3092 428//3092
f 428//3093 2380//3093 430//3093
f 430//3094 2381//3094 431//3094
f 2380//3095 2381//3095 430//3095
f 431//3096 2382//3096 432//3096
f 2381//3097 2382//3097 431//3097
f 2382//3098 2357//3098 432//3098
f 432//3099 2357//3099 440//3099
f 91//3100 2383//3100 2384//3100
f 2384//3101 2385//3101 91//3101
f 91//3102 2386//3102 2383//3102
f 2385//3103 2387//3103 91//3103
f 91//3104 2388//3104 2386//3104
f 2387//3105 446//3105 91//3105
f 2389//3106 2355//3106 2387//3106
f 2387//3107 2355//3107 446//3107
f 91//3108 2390//3108 2388//3108
f 2389//3109 2391//3109 2355//3109
f 91//3110 2392//3110 2390//3110
f 2391//3111 2393//3111 2355//3111
f 91//3112 2394//3112 2392//3112
f 2395//3113 2356//3113 2396//3113
f 2396//3114 2356//3114 2397//3114
f 2397//3115 2356//3115 2398//3115
f 2395//3116 2399//3116 2356//3116
f 2399//3117 2400//3117 2356//3117
f 2401//3118 2402//3118 2403//3118
f 2403//3119 2402//3119 2404//3119
f 2394//3120 2402//3120 2405//3120
f 2405//3121 2402//3121 2406//3121
f 2406//3122 2402//3122 2407//3122
f 2407//3123 2402//3123 2401//3123
f 91//3124 2402//3124 2394//3124
f 2402//3125 2408//3125 2409//3125
f 2402//3126 2410//3126 2411//3126
f 91//3127 2410//3127 2402//3127
f 2411//3128 2412//3128 2402//3128
f 91//3129 2413//3129 2410//3129
f 2402//3130 2414//3130 2408//3130
f 2412//3131 2414//3131 2402//3131
f 2414//3132 2415//3132 2408//3132
f 2415//3133 2416//3133 2408//3133
f 2416//3134 2417//3134 2408//3134
f 2417//3135 2418//3135 2408//3135
f 2418//3136 2419//3136 2408//3136
f 2419//3137 2420//3137 2408//3137
f 2413//3138 448//3138 2421//3138
f 2421//3139 448//3139 2422//3139
f 2422//3140 448//3140 2423//3140
f 2423//3141 448//3141 2424//3141
f 2424//3142 448//3142 2425//3142
f 2425//3143 448//3143 2426//3143
f 2426//3144 448//3144 2427//3144
f 2428//3145 2429//3145 2430//3145
f 2430//3146 2429//3146 2431//3146
f 2431//3147 2429//3147 2432//3147
f 2432//3148 2429//3148 2433//3148
f 2433//3149 2429//3149 2434//3149
f 2434//3150 2429//3150 2435//3150
f 2435//3151 2429//3151 2436//3151
f 2427//3152 2429//3152 2428//3152
f 448//3153 2429//3153 2427//3153
f 2429//3154 2437//3154 2438//3154
f 448//3155 2437//3155 2429//3155
f 2439//3156 2440//3156 2437//3156
f 2437//3157 2440//3157 2438//3157
f 91//3158 448//3158 2413//3158
f 2356//3159 2355//3159 2398//3159
f 2398//3160 2355//3160 2393//3160
f 2402//3161 2356//3161 2400//3161
f 2402//3162 2400//3162 2441//3162
f 2402//3163 2441//3163 2442//3163
f 2402//3164 2442//3164 2404//3164
f 2429//3165 2408//3165 2436//3165
f 2436//3166 2408//3166 2420//3166
f 2443//3167 451//3167 449//3167
f 2443//3168 2444//3168 451//3168
f 448//3169 450//3169 2445//3169
f 2445//3170 450//3170 2446//3170
f 2447//3171 447//3171 81//3171
f 472//3172 2447//3172 81//3172
f 460//3173 2448//3173 2447//3173
f 460//3174 2447//3174 472//3174
f 2448//3175 460//3175 838//3175
f 838//3176 460//3176 454//3176
f 474//3177 473//3177 2449//3177
f 2449//3178 473//3178 2450//3178
f 2450//3179 475//3179 2451//3179
f 473//3180 475//3180 2450//3180
f 2451//3181 478//3181 2452//3181
f 475//3182 478//3182 2451//3182
f 2452//3183 479//3183 2453//3183
f 2453//3184 479//3184 2454//3184
f 478//3185 479//3185 2452//3185
f 479//3186 480//3186 2454//3186
f 2454//3187 471//3187 2455//3187
f 480//3188 471//3188 2454//3188
f 2455//3189 470//3189 2456//3189
f 2456//3190 470//3190 2457//3190
f 471//3191 470//3191 2455//3191
f 2457//3192 469//3192 2458//3192
f 470//3193 469//3193 2457//3193
f 469//3194 468//3194 2458//3194
f 2458//3195 465//3195 2459//3195
f 468//3196 465//3196 2458//3196
f 465//3197 464//3197 2459//3197
f 2459//3198 464//3198 2460//3198
f 464//3199 466//3199 2460//3199
f 2460//3200 466//3200 2461//3200
f 466//3201 459//3201 2461//3201
f 2461//3202 459//3202 2462//3202
f 459//3203 457//3203 2462//3203
f 2462//3204 457//3204 2463//3204
f 457//3205 455//3205 2463//3205
f 2463//3206 455//3206 2464//3206
f 455//3207 453//3207 2464//3207
f 2464//3208 453//3208 2465//3208
f 453//3209 452//3209 2465//3209
f 2465//3210 452//3210 2466//3210
f 452//3211 456//3211 2466//3211
f 2466//3212 456//3212 2467//3212
f 456//3213 458//3213 2467//3213
f 2467//3214 458//3214 2468//3214
f 458//3215 461//3215 2468//3215
f 2468//3216 461//3216 2469//3216
f 461//3217 462//3217 2469//3217
f 2469//3218 462//3218 2470//3218
f 462//3219 463//3219 2470//3219
f 2470//3220 463//3220 2471//3220
f 463//3221 467//3221 2471//3221
f 2471//3222 467//3222 2472//3222
f 467//3223 476//3223 2472//3223
f 2472//3224 476//3224 2473//3224
f 2473//3225 477//3225 2474//3225
f 2474//3226 477//3226 2449//3226
f 476//3227 477//3227 2473//3227
f 477//3228 474//3228 2449//3228
f 2475//3229 497//3229 498//3229
f 2475//3230 2476//3230 497//3230
f 2477//3231 496//3231 497//3231
f 2477//3232 497//3232 2476//3232
f 2478//3233 498//3233 499//3233
f 2478//3234 2475//3234 498//3234
f 2479//3235 495//3235 496//3235
f 2479//3236 496//3236 2477//3236
f 2480//3237 499//3237 500//3237
f 2480//3238 2478//3238 499//3238
f 2481//3239 494//3239 495//3239
f 2481//3240 495//3240 2479//3240
f 2482//3241 500//3241 501//3241
f 2482//3242 2480//3242 500//3242
f 2483//3243 492//3243 493//3243
f 2483//3244 493//3244 494//3244
f 2483//3245 494//3245 2481//3245
f 2484//3246 501//3246 502//3246
f 2484//3247 2482//3247 501//3247
f 2485//3248 492//3248 2483//3248
f 2486//3249 502//3249 503//3249
f 2486//3250 2484//3250 502//3250
f 491//3251 492//3251 2485//3251
f 2487//3252 491//3252 2485//3252
f 504//3253 2486//3253 503//3253
f 504//3254 2488//3254 2486//3254
f 490//3255 491//3255 2487//3255
f 490//3256 2487//3256 2489//3256
f 505//3257 2488//3257 504//3257
f 505//3258 2490//3258 2488//3258
f 489//3259 490//3259 2489//3259
f 489//3260 2489//3260 2491//3260
f 506//3261 2490//3261 505//3261
f 506//3262 2492//3262 2490//3262
f 488//3263 489//3263 2491//3263
f 488//3264 2493//3264 2494//3264
f 488//3265 2491//3265 2493//3265
f 481//3266 2495//3266 2496//3266
f 481//3267 2492//3267 506//3267
f 481//3268 2496//3268 2492//3268
f 487//3269 488//3269 2494//3269
f 482//3270 2495//3270 481//3270
f 486//3271 2494//3271 2497//3271
f 486//3272 487//3272 2494//3272
f 483//3273 2498//3273 2495//3273
f 483//3274 2495//3274 482//3274
f 485//3275 2497//3275 2499//3275
f 485//3276 486//3276 2497//3276
f 484//3277 485//3277 2499//3277
f 484//3278 2498//3278 483//3278
f 484//3279 2500//3279 2498//3279
f 484//3280 2499//3280 2500//3280
f 2501//3281 649//3281 650//3281
f 2501//3282 2502//3282 649//3282
f 2503//3283 648//3283 649//3283
f 2503//3284 649//3284 2502//3284
f 2504//3285 650//3285 651//3285
f 2504//3286 2501//3286 650//3286
f 2505//3287 647//3287 648//3287
f 2505//3288 648//3288 2503//3288
f 2506//3289 651//3289 652//3289
f 2506//3290 2504//3290 651//3290
f 2507//3291 645//3291 646//3291
f 2507//3292 646//3292 647//3292
f 2507//3293 647//3293 2505//3293
f 2508//3294 652//3294 653//3294
f 2508//3295 2506//3295 652//3295
f 2509//3296 645//3296 2507//3296
f 2510//3297 653//3297 654//3297
f 2510//3298 2508//3298 653//3298
f 2511//3299 644//3299 645//3299
f 2511//3300 645//3300 2509//3300
f 2512//3301 654//3301 655//3301
f 2512//3302 2510//3302 654//3302
f 2513//3303 643//3303 644//3303
f 2513//3304 644//3304 2511//3304
f 656//3305 2512//3305 655//3305
f 656//3306 2514//3306 2512//3306
f 2515//3307 2514//3307 656//3307
f 642//3308 2513//3308 2516//3308
f 642//3309 643//3309 2513//3309
f 2517//3310 642//3310 2516//3310
f 657//3311 2515//3311 656//3311
f 641//3312 642//3312 2517//3312
f 658//3313 2515//3313 657//3313
f 658//3314 2518//3314 2515//3314
f 640//3315 641//3315 2517//3315
f 640//3316 2517//3316 2519//3316
f 633//3317 2518//3317 658//3317
f 633//3318 2520//3318 2518//3318
f 639//3319 2521//3319 2522//3319
f 639//3320 2519//3320 2521//3320
f 639//3321 640//3321 2519//3321
f 634//3322 2520//3322 633//3322
f 634//3323 2523//3323 2520//3323
f 638//3324 639//3324 2522//3324
f 635//3325 2524//3325 2523//3325
f 635//3326 2523//3326 634//3326
f 637//3327 2522//3327 2525//3327
f 637//3328 638//3328 2522//3328
f 636//3329 637//3329 2525//3329
f 636//3330 2526//3330 2524//3330
f 636//3331 2525//3331 2526//3331
f 636//3332 2524//3332 635//3332
f 923//3333 1087//3333 1077//3333
f 923//3334 1077//3334 886//3334
f 923//3335 963//3335 1087//3335
f 1087//3336 963//3336 1097//3336
f 937//3337 1091//3337 1097//3337
f 937//3338 1097//3338 963//3338
f 726//3339 1019//3339 1091//3339
f 726//3340 1091//3340 937//3340
f 1019//3341 726//3341 1014//3341
f 1014//3342 726//3342 693//3342
f 693//3343 667//3343 1006//3343
f 693//3344 1006//3344 1014//3344
f 1006//3345 667//3345 1004//3345
f 1004//3346 667//3346 660//3346
f 1077//3347 838//3347 886//3347
f 1077//3348 1101//3348 838//3348
f 1150//3349 1004//3349 700//3349
f 1004//3350 660//3350 700//3350
f 1077//3351 1004//3351 1101//3351
f 1101//3352 1004//3352 324//3352
f 324//3353 1004//3353 328//3353
f 328//3354 1004//3354 1150//3354
f 1034//3355 770//3355 1032//3355
f 1032//3356 766//3356 1029//3356
f 770//3357 766//3357 1032//3357
f 1029//3358 761//3358 1027//3358
f 766//3359 761//3359 1029//3359
f 1027//3360 756//3360 1025//3360
f 761//3361 756//3361 1027//3361
f 1025//3362 757//3362 1030//3362
f 756//3363 757//3363 1025//3363
f 1030//3364 762//3364 1033//3364
f 757//3365 762//3365 1030//3365
f 1033//3366 767//3366 1035//3366
f 762//3367 767//3367 1033//3367
f 1035//3368 771//3368 1037//3368
f 767//3369 771//3369 1035//3369
f 1037//3370 775//3370 1038//3370
f 771//3371 775//3371 1037//3371
f 1038//3372 779//3372 1040//3372
f 775//3373 779//3373 1038//3373
f 1040//3374 782//3374 1041//3374
f 779//3375 782//3375 1040//3375
f 782//3376 786//3376 1041//3376
f 1041//3377 786//3377 1043//3377
f 786//3378 791//3378 1043//3378
f 1043//3379 791//3379 1045//3379
f 791//3380 795//3380 1045//3380
f 1045//3381 795//3381 1046//3381
f 1046//3382 807//3382 1057//3382
f 795//3383 807//3383 1046//3383
f 1057//3384 808//3384 1058//3384
f 807//3385 808//3385 1057//3385
f 1058//3386 809//3386 1059//3386
f 808//3387 809//3387 1058//3387
f 1059//3388 810//3388 1060//3388
f 809//3389 810//3389 1059//3389
f 1060//3390 811//3390 1061//3390
f 810//3391 811//3391 1060//3391
f 1061//3392 802//3392 1050//3392
f 811//3393 802//3393 1061//3393
f 1050//3394 801//3394 1049//3394
f 802//3395 801//3395 1050//3395
f 1049//3396 803//3396 1051//3396
f 801//3397 803//3397 1049//3397
f 1051//3398 804//3398 1052//3398
f 803//3399 804//3399 1051//3399
f 1052//3400 805//3400 1053//3400
f 804//3401 805//3401 1052//3401
f 1053//3402 2527//3402 1054//3402
f 805//3403 2527//3403 1053//3403
f 1054//3404 2528//3404 1034//3404
f 2527//3405 2528//3405 1054//3405
f 2528//3406 770//3406 1034//3406
f 1695//3407 805//3407 800//3407
f 1695//3408 800//3408 1694//3408
f 1055//3409 806//3409 1064//3409
f 1064//3410 806//3410 816//3410
f 815//3411 1062//3411 1064//3411
f 1691//3412 1062//3412 815//3412
f 1693//3413 1691//3413 815//3413
f 816//3414 815//3414 1064//3414
f 1693//3415 815//3415 814//3415
f 1693//3416 814//3416 1692//3416
f 1690//3417 814//3417 1063//3417
f 814//3418 1065//3418 1063//3418
f 814//3419 817//3419 1065//3419
f 1067//3420 1065//3420 822//3420
f 1065//3421 817//3421 822//3421
f 821//3422 1098//3422 1066//3422
f 1067//3423 821//3423 1066//3423
f 822//3424 821//3424 1067//3424
f 708//3425 690//3425 2529//3425
f 690//3426 688//3426 2529//3426
f 688//3427 2530//3427 2529//3427
f 688//3428 686//3428 2530//3428
f 686//3429 684//3429 2530//3429
f 684//3430 682//3430 2530//3430
f 682//3431 680//3431 2530//3431
f 680//3432 678//3432 2530//3432
f 678//3433 2531//3433 2530//3433
f 678//3434 676//3434 2531//3434
f 676//3435 674//3435 2531//3435
f 674//3436 672//3436 2531//3436
f 672//3437 670//3437 2531//3437
f 670//3438 668//3438 2531//3438
f 668//3439 2532//3439 2531//3439
f 668//3440 665//3440 2532//3440
f 665//3441 663//3441 2532//3441
f 663//3442 659//3442 2532//3442
f 659//3443 661//3443 2532//3443
f 661//3444 662//3444 2532//3444
f 662//3445 2533//3445 2532//3445
f 662//3446 664//3446 2533//3446
f 664//3447 666//3447 2533//3447
f 666//3448 669//3448 2533//3448
f 669//3449 671//3449 2533//3449
f 671//3450 673//3450 2533//3450
f 673//3451 2534//3451 2533//3451
f 673//3452 675//3452 2534//3452
f 675//3453 677//3453 2534//3453
f 677//3454 679//3454 2534//3454
f 679//3455 681//3455 2534//3455
f 681//3456 683//3456 2534//3456
f 683//3457 2535//3457 2534//3457
f 683//3458 685//3458 2535//3458
f 685//3459 687//3459 2535//3459
f 687//3460 689//3460 2535//3460
f 689//3461 691//3461 2535//3461
f 691//3462 692//3462 2535//3462
f 692//3463 2536//3463 2535//3463
f 692//3464 694//3464 2536//3464
f 694//3465 695//3465 2536//3465
f 695//3466 696//3466 2536//3466
f 696//3467 697//3467 2536//3467
f 2536//3468 698//3468 2537//3468
f 697//3469 698//3469 2536//3469
f 698//3470 699//3470 2537//3470
f 699//3471 709//3471 2537//3471
f 709//3472 711//3472 2537//3472
f 711//3473 713//3473 2537//3473
f 713//3474 2538//3474 2537//3474
f 713//3475 715//3475 2538//3475
f 715//3476 717//3476 2538//3476
f 717//3477 719//3477 2538//3477
f 719//3478 727//3478 2538//3478
f 727//3479 728//3479 2538//3479
f 728//3480 2539//3480 2538//3480
f 728//3481 729//3481 2539//3481
f 729//3482 730//3482 2539//3482
f 730//3483 731//3483 2539//3483
f 731//3484 732//3484 2539//3484
f 732//3485 733//3485 2539//3485
f 733//3486 2540//3486 2539//3486
f 733//3487 734//3487 2540//3487
f 734//3488 735//3488 2540//3488
f 735//3489 736//3489 2540//3489
f 736//3490 737//3490 2540//3490
f 737//3491 738//3491 2540//3491
f 738//3492 2541//3492 2540//3492
f 738//3493 739//3493 2541//3493
f 739//3494 740//3494 2541//3494
f 740//3495 741//3495 2541//3495
f 741//3496 742//3496 2541//3496
f 742//3497 743//3497 2541//3497
f 743//3498 2542//3498 2541//3498
f 743//3499 744//3499 2542//3499
f 744//3500 745//3500 2542//3500
f 745//3501 746//3501 2542//3501
f 746//3502 747//3502 2542//3502
f 747//3503 748//3503 2542//3503
f 748//3504 2543//3504 2542//3504
f 748//3505 749//3505 2543//3505
f 749//3506 750//3506 2543//3506
f 750//3507 751//3507 2543//3507
f 751//3508 818//3508 2543//3508
f 818//3509 813//3509 2543//3509
f 813//3510 2544//3510 2543//3510
f 813//3511 812//3511 2544//3511
f 812//3512 797//3512 2544//3512
f 797//3513 796//3513 2544//3513
f 796//3514 798//3514 2544//3514
f 798//3515 799//3515 2544//3515
f 2544//3516 799//3516 2545//3516
f 799//3517 793//3517 2545//3517
f 793//3518 792//3518 2545//3518
f 792//3519 794//3519 2545//3519
f 794//3520 790//3520 2545//3520
f 790//3521 2546//3521 2545//3521
f 790//3522 789//3522 2546//3522
f 789//3523 788//3523 2546//3523
f 788//3524 787//3524 2546//3524
f 787//3525 784//3525 2546//3525
f 784//3526 783//3526 2546//3526
f 783//3527 2547//3527 2546//3527
f 783//3528 785//3528 2547//3528
f 785//3529 781//3529 2547//3529
f 781//3530 780//3530 2547//3530
f 780//3531 777//3531 2547//3531
f 777//3532 776//3532 2547//3532
f 776//3533 2548//3533 2547//3533
f 776//3534 778//3534 2548//3534
f 778//3535 773//3535 2548//3535
f 773//3536 772//3536 2548//3536
f 772//3537 774//3537 2548//3537
f 774//3538 769//3538 2548//3538
f 769//3539 2549//3539 2548//3539
f 769//3540 768//3540 2549//3540
f 768//3541 764//3541 2549//3541
f 764//3542 763//3542 2549//3542
f 763//3543 765//3543 2549//3543
f 765//3544 759//3544 2549//3544
f 759//3545 2550//3545 2549//3545
f 759//3546 758//3546 2550//3546
f 758//3547 760//3547 2550//3547
f 760//3548 753//3548 2550//3548
f 753//3549 752//3549 2550//3549
f 752//3550 754//3550 2550//3550
f 754//3551 2551//3551 2550//3551
f 754//3552 755//3552 2551//3552
f 755//3553 976//3553 2551//3553
f 976//3554 355//3554 2551//3554
f 355//3555 725//3555 2551//3555
f 725//3556 724//3556 2551//3556
f 724//3557 2552//3557 2551//3557
f 724//3558 723//3558 2552//3558
f 723//3559 722//3559 2552//3559
f 722//3560 721//3560 2552//3560
f 721//3561 720//3561 2552//3561
f 720//3562 718//3562 2552//3562
f 718//3563 2553//3563 2552//3563
f 718//3564 716//3564 2553//3564
f 716//3565 714//3565 2553//3565
f 714//3566 712//3566 2553//3566
f 712//3567 710//3567 2553//3567
f 710//3568 702//3568 2553//3568
f 2553//3569 702//3569 2554//3569
f 702//3570 701//3570 2554//3570
f 701//3571 703//3571 2554//3571
f 703//3572 704//3572 2554//3572
f 704//3573 705//3573 2554//3573
f 2554//3574 706//3574 2529//3574
f 705//3575 706//3575 2554//3575
f 706//3576 707//3576 2529//3576
f 707//3577 708//3577 2529//3577
f 869//3578 867//3578 2555//3578
f 867//3579 866//3579 2555//3579
f 866//3580 2556//3580 2555//3580
f 866//3581 863//3581 2556//3581
f 863//3582 861//3582 2556//3582
f 861//3583 859//3583 2556//3583
f 859//3584 856//3584 2556//3584
f 856//3585 854//3585 2556//3585
f 854//3586 2557//3586 2556//3586
f 854//3587 852//3587 2557//3587
f 852//3588 849//3588 2557//3588
f 849//3589 847//3589 2557//3589
f 847//3590 844//3590 2557//3590
f 844//3591 843//3591 2557//3591
f 843//3592 2558//3592 2557//3592
f 843//3593 842//3593 2558//3593
f 842//3594 841//3594 2558//3594
f 841//3595 839//3595 2558//3595
f 839//3596 837//3596 2558//3596
f 837//3597 836//3597 2558//3597
f 836//3598 2559//3598 2558//3598
f 836//3599 840//3599 2559//3599
f 840//3600 454//3600 2559//3600
f 454//3601 975//3601 2559//3601
f 975//3602 846//3602 2559//3602
f 846//3603 845//3603 2559//3603
f 845//3604 2560//3604 2559//3604
f 845//3605 848//3605 2560//3605
f 848//3606 850//3606 2560//3606
f 850//3607 853//3607 2560//3607
f 853//3608 855//3608 2560//3608
f 855//3609 857//3609 2560//3609
f 857//3610 2561//3610 2560//3610
f 857//3611 860//3611 2561//3611
f 860//3612 862//3612 2561//3612
f 862//3613 864//3613 2561//3613
f 864//3614 868//3614 2561//3614
f 868//3615 870//3615 2561//3615
f 870//3616 2562//3616 2561//3616
f 870//3617 873//3617 2562//3617
f 873//3618 874//3618 2562//3618
f 874//3619 875//3619 2562//3619
f 875//3620 877//3620 2562//3620
f 877//3621 878//3621 2562//3621
f 878//3622 2563//3622 2562//3622
f 878//3623 879//3623 2563//3623
f 879//3624 881//3624 2563//3624
f 881//3625 882//3625 2563//3625
f 882//3626 884//3626 2563//3626
f 884//3627 885//3627 2563//3627
f 885//3628 2564//3628 2563//3628
f 885//3629 897//3629 2564//3629
f 897//3630 900//3630 2564//3630
f 900//3631 902//3631 2564//3631
f 902//3632 904//3632 2564//3632
f 904//3633 906//3633 2564//3633
f 906//3634 2565//3634 2564//3634
f 906//3635 909//3635 2565//3635
f 909//3636 911//3636 2565//3636
f 911//3637 913//3637 2565//3637
f 913//3638 915//3638 2565//3638
f 915//3639 2566//3639 2565//3639
f 915//3640 916//3640 2566//3640
f 916//3641 917//3641 2566//3641
f 917//3642 918//3642 2566//3642
f 918//3643 919//3643 2566//3643
f 919//3644 920//3644 2566//3644
f 920//3645 2567//3645 2566//3645
f 920//3646 921//3646 2567//3646
f 921//3647 922//3647 2567//3647
f 922//3648 938//3648 2567//3648
f 938//3649 939//3649 2567//3649
f 939//3650 940//3650 2567//3650
f 940//3651 2568//3651 2567//3651
f 940//3652 941//3652 2568//3652
f 941//3653 942//3653 2568//3653
f 942//3654 943//3654 2568//3654
f 943//3655 944//3655 2568//3655
f 944//3656 945//3656 2568//3656
f 945//3657 2569//3657 2568//3657
f 945//3658 946//3658 2569//3658
f 946//3659 947//3659 2569//3659
f 947//3660 948//3660 2569//3660
f 948//3661 949//3661 2569//3661
f 949//3662 950//3662 2569//3662
f 950//3663 2570//3663 2569//3663
f 950//3664 951//3664 2570//3664
f 951//3665 952//3665 2570//3665
f 952//3666 953//3666 2570//3666
f 953//3667 954//3667 2570//3667
f 954//3668 955//3668 2570//3668
f 955//3669 2571//3669 2570//3669
f 955//3670 956//3670 2571//3670
f 956//3671 957//3671 2571//3671
f 957//3672 958//3672 2571//3672
f 958//3673 959//3673 2571//3673
f 959//3674 960//3674 2571//3674
f 960//3675 2572//3675 2571//3675
f 960//3676 961//3676 2572//3676
f 961//3677 962//3677 2572//3677
f 962//3678 964//3678 2572//3678
f 964//3679 965//3679 2572//3679
f 2572//3680 966//3680 2573//3680
f 965//3681 966//3681 2572//3681
f 966//3682 967//3682 2573//3682
f 967//3683 968//3683 2573//3683
f 968//3684 969//3684 2573//3684
f 969//3685 970//3685 2573//3685
f 970//3686 2574//3686 2573//3686
f 970//3687 971//3687 2574//3687
f 971//3688 972//3688 2574//3688
f 972//3689 973//3689 2574//3689
f 973//3690 974//3690 2574//3690
f 974//3691 925//3691 2574//3691
f 925//3692 2575//3692 2574//3692
f 925//3693 924//3693 2575//3693
f 924//3694 926//3694 2575//3694
f 926//3695 927//3695 2575//3695
f 927//3696 928//3696 2575//3696
f 928//3697 929//3697 2575//3697
f 929//3698 2576//3698 2575//3698
f 929//3699 930//3699 2576//3699
f 930//3700 931//3700 2576//3700
f 931//3701 932//3701 2576//3701
f 932//3702 933//3702 2576//3702
f 933//3703 934//3703 2576//3703
f 934//3704 2577//3704 2576//3704
f 934//3705 935//3705 2577//3705
f 935//3706 936//3706 2577//3706
f 936//3707 914//3707 2577//3707
f 914//3708 912//3708 2577//3708
f 912//3709 910//3709 2577//3709
f 910//3710 2578//3710 2577//3710
f 910//3711 908//3711 2578//3711
f 908//3712 905//3712 2578//3712
f 905//3713 903//3713 2578//3713
f 903//3714 901//3714 2578//3714
f 901//3715 899//3715 2578//3715
f 899//3716 2579//3716 2578//3716
f 899//3717 896//3717 2579//3717
f 896//3718 895//3718 2579//3718
f 895//3719 894//3719 2579//3719
f 894//3720 888//3720 2579//3720
f 888//3721 887//3721 2579//3721
f 887//3722 2580//3722 2579//3722
f 887//3723 889//3723 2580//3723
f 889//3724 890//3724 2580//3724
f 890//3725 891//3725 2580//3725
f 891//3726 892//3726 2580//3726
f 2580//3727 893//3727 2555//3727
f 892//3728 893//3728 2580//3728
f 893//3729 872//3729 2555//3729
f 872//3730 869//3730 2555//3730
f 1010//3731 1012//3731 2581//3731
f 1010//3732 2581//3732 2582//3732
f 1008//3733 2582//3733 2583//3733
f 1008//3734 1010//3734 2582//3734
f 1007//3735 2583//3735 2584//3735
f 1007//3736 1008//3736 2583//3736
f 1005//3737 2584//3737 2585//3737
f 1005//3738 2585//3738 2586//3738
f 1005//3739 1007//3739 2584//3739
f 1009//3740 1005//3740 2586//3740
f 1011//3741 2586//3741 2587//3741
f 1011//3742 1009//3742 2586//3742
f 1013//3743 2587//3743 2588//3743
f 1013//3744 2588//3744 2589//3744
f 1013//3745 1011//3745 2587//3745
f 1016//3746 2589//3746 2590//3746
f 1016//3747 1013//3747 2589//3747
f 1017//3748 1016//3748 2590//3748
f 1018//3749 2590//3749 2591//3749
f 1018//3750 1017//3750 2590//3750
f 1020//3751 1018//3751 2591//3751
f 1020//3752 2591//3752 2592//3752
f 1020//3753 2592//3753 2593//3753
f 1021//3754 1020//3754 2593//3754
f 1022//3755 1021//3755 2593//3755
f 1022//3756 2593//3756 2594//3756
f 1023//3757 1022//3757 2594//3757
f 1023//3758 2594//3758 2595//3758
f 1056//3759 1023//3759 2595//3759
f 1056//3760 2595//3760 2596//3760
f 1044//3761 1056//3761 2596//3761
f 1044//3762 2596//3762 2597//3762
f 1042//3763 1044//3763 2597//3763
f 1042//3764 2597//3764 2598//3764
f 1039//3765 1042//3765 2598//3765
f 1039//3766 2598//3766 2599//3766
f 1039//3767 2599//3767 2600//3767
f 1036//3768 1039//3768 2600//3768
f 1026//3769 1036//3769 2600//3769
f 1026//3770 2600//3770 2601//3770
f 1024//3771 1026//3771 2601//3771
f 1024//3772 2601//3772 2602//3772
f 1028//3773 1024//3773 2602//3773
f 1028//3774 2602//3774 2603//3774
f 1031//3775 1028//3775 2603//3775
f 1031//3776 2603//3776 2604//3776
f 1047//3777 1031//3777 2604//3777
f 1047//3778 2604//3778 2605//3778
f 1015//3779 2605//3779 2606//3779
f 1015//3780 1047//3780 2605//3780
f 1012//3781 2606//3781 2581//3781
f 1012//3782 1015//3782 2606//3782
f 1072//3783 1079//3783 2607//3783
f 1072//3784 2607//3784 2608//3784
f 1070//3785 2608//3785 2609//3785
f 1070//3786 1072//3786 2608//3786
f 1068//3787 2609//3787 2610//3787
f 1068//3788 1070//3788 2609//3788
f 1069//3789 2610//3789 2611//3789
f 1069//3790 2611//3790 2612//3790
f 1069//3791 1068//3791 2610//3791
f 1071//3792 1069//3792 2612//3792
f 1073//3793 2612//3793 2613//3793
f 1073//3794 1071//3794 2612//3794
f 1074//3795 2613//3795 2614//3795
f 1074//3796 2614//3796 2615//3796
f 1074//3797 1073//3797 2613//3797
f 1075//3798 2615//3798 2616//3798
f 1075//3799 1074//3799 2615//3799
f 1080//3800 1075//3800 2616//3800
f 1082//3801 2616//3801 2617//3801
f 1082//3802 1080//3802 2616//3802
f 1084//3803 1082//3803 2617//3803
f 1084//3804 2617//3804 2618//3804
f 1084//3805 2618//3805 2619//3805
f 1085//3806 1084//3806 2619//3806
f 1090//3807 1085//3807 2619//3807
f 1090//3808 2619//3808 2620//3808
f 1092//3809 1090//3809 2620//3809
f 1092//3810 2620//3810 2621//3810
f 1093//3811 1092//3811 2621//3811
f 1093//3812 2621//3812 2622//3812
f 1094//3813 1093//3813 2622//3813
f 1094//3814 2622//3814 2623//3814
f 1095//3815 1094//3815 2623//3815
f 1095//3816 2623//3816 2624//3816
f 1096//3817 1095//3817 2624//3817
f 1096//3818 2624//3818 2625//3818
f 1096//3819 2625//3819 2626//3819
f 1089//3820 1096//3820 2626//3820
f 1088//3821 1089//3821 2626//3821
f 1088//3822 2626//3822 2627//3822
f 1086//3823 1088//3823 2627//3823
f 1086//3824 2627//3824 2628//3824
f 1083//3825 1086//3825 2628//3825
f 1083//3826 2628//3826 2629//3826
f 1081//3827 1083//3827 2629//3827
f 1081//3828 2629//3828 2630//3828
f 1078//3829 1081//3829 2630//3829
f 1078//3830 2630//3830 2631//3830
f 1076//3831 2631//3831 2632//3831
f 1076//3832 1078//3832 2631//3832
f 1079//3833 2632//3833 2607//3833
f 1079//3834 1076//3834 2632//3834
f 1063//3835 1066//3835 1098//3835
f 1690//3836 1063//3836 1098//3836
f 325//3837 330//3837 1690//3837
f 1098//3838 325//3838 1690//3838
f 2633//3839 2634//3839 838//3839
f 838//3840 2635//3840 2633//3840
f 2634//3841 2636//3841 838//3841
f 838//3842 2637//3842 2635//3842
f 2636//3843 2638//3843 838//3843
f 2638//3844 2448//3844 838//3844
f 838//3845 2639//3845 2637//3845
f 2638//3846 2640//3846 2448//3846
f 2640//3847 2641//3847 2448//3847
f 2641//3848 2642//3848 2448//3848
f 2643//3849 1101//3849 2644//3849
f 2645//3850 1101//3850 2643//3850
f 2639//3851 1101//3851 2645//3851
f 838//3852 1101//3852 2639//3852
f 2642//3853 2646//3853 2448//3853
f 1101//3854 2647//3854 2644//3854
f 2646//3855 2648//3855 2448//3855
f 1101//3856 2649//3856 2647//3856
f 1101//3857 2650//3857 2649//3857
f 1101//3858 2651//3858 2650//3858
f 2652//3859 2447//3859 2653//3859
f 2654//3860 2447//3860 2652//3860
f 2655//3861 2447//3861 2648//3861
f 2653//3862 2447//3862 2655//3862
f 2648//3863 2447//3863 2448//3863
f 2656//3864 447//3864 2654//3864
f 2657//3865 447//3865 2656//3865
f 2658//3866 447//3866 2657//3866
f 2651//3867 447//3867 2658//3867
f 2654//3868 447//3868 2447//3868
f 1101//3869 447//3869 2651//3869
f 2659//3870 2660//3870 2661//3870
f 2661//3871 2662//3871 2659//3871
f 2660//3872 2663//3872 2661//3872
f 2443//3873 2664//3873 2661//3873
f 2661//3874 2664//3874 2662//3874
f 2663//3875 2665//3875 2661//3875
f 2443//3876 2666//3876 2664//3876
f 2665//3877 2667//3877 2661//3877
f 2443//3878 2668//3878 2666//3878
f 2667//3879 2669//3879 2661//3879
f 2443//3880 2670//3880 2668//3880
f 2669//3881 2671//3881 2661//3881
f 2443//3882 2672//3882 2670//3882
f 449//3883 2673//3883 2443//3883
f 2443//3884 2673//3884 2672//3884
f 449//3885 2674//3885 2673//3885
f 449//3886 2675//3886 2674//3886
f 2676//3887 2677//3887 2671//3887
f 2678//3888 2677//3888 2676//3888
f 2679//3889 2677//3889 2678//3889
f 2671//3890 2677//3890 2661//3890
f 2679//3891 2680//3891 2677//3891
f 449//3892 2681//3892 2675//3892
f 2680//3893 2682//3893 2677//3893
f 449//3894 2683//3894 2681//3894
f 2682//3895 2684//3895 2677//3895
f 449//3896 2685//3896 2683//3896
f 2684//3897 2686//3897 2677//3897
f 449//3898 2687//3898 2685//3898
f 2686//3899 2688//3899 2677//3899
f 2689//3900 1582//3900 2688//3900
f 2690//3901 1582//3901 2689//3901
f 2691//3902 1582//3902 2690//3902
f 2692//3903 1582//3903 2691//3903
f 2688//3904 1582//3904 2677//3904
f 2693//3905 1582//3905 2692//3905
f 2694//3906 1582//3906 2693//3906
f 2695//3907 1582//3907 2694//3907
f 2696//3908 1582//3908 2695//3908
f 2697//3909 1582//3909 2696//3909
f 2687//3910 1582//3910 2697//3910
f 449//3911 1582//3911 2687//3911
f 2698//3912 2699//3912 2700//3912
f 2698//3913 1685//3913 2699//3913
f 1582//3914 2701//3914 2677//3914
f 2701//3915 2702//3915 2677//3915
f 2698//3916 2701//3916 1685//3916
f 1685//3917 2701//3917 1667//3917
f 1667//3918 2701//3918 1620//3918
f 1620//3919 2701//3919 1582//3919
f 2703//3920 1620//3920 1613//3920
f 2703//3921 1613//3921 1895//3921
f 2704//3922 1620//3922 2703//3922
f 1913//3923 2703//3923 1895//3923
f 2705//3924 2706//3924 1150//3924
f 1150//3925 2707//3925 2705//3925
f 2706//3926 2708//3926 1150//3926
f 1150//3927 2709//3927 2707//3927
f 2708//3928 2710//3928 1150//3928
f 1150//3929 2711//3929 2709//3929
f 2710//3930 2712//3930 1150//3930
f 2713//3931 700//3931 2714//3931
f 2715//3932 700//3932 2713//3932
f 2711//3933 700//3933 2715//3933
f 1150//3934 700//3934 2711//3934
f 700//3935 2716//3935 2714//3935
f 700//3936 2717//3936 2716//3936
f 700//3937 2718//3937 2717//3937
f 2719//3938 376//3938 2712//3938
f 2720//3939 376//3939 2719//3939
f 2721//3940 376//3940 2720//3940
f 2722//3941 376//3941 2721//3941
f 2712//3942 376//3942 1150//3942
f 2723//3943 1700//3943 2724//3943
f 2725//3944 1700//3944 2723//3944
f 2726//3945 1700//3945 2725//3945
f 2727//3946 1700//3946 2726//3946
f 2718//3947 1700//3947 2727//3947
f 700//3948 1700//3948 2718//3948
f 2728//3949 1701//3949 2729//3949
f 2724//3950 1701//3950 2728//3950
f 2730//3951 1701//3951 2722//3951
f 2729//3952 1701//3952 2730//3952
f 2722//3953 1701//3953 376//3953
f 1700//3954 1701//3954 2724//3954
f 1895//3955 1613//3955 1637//3955
f 1895//3956 1637//3956 1929//3956
f 1667//3957 2731//3957 1637//3957
f 1637//3958 2731//3958 1929//3958
f 1667//3959 2732//3959 2731//3959
f 2731//3960 1982//3960 1929//3960
f 2733//3961 2734//3961 377//3961
f 377//3962 2735//3962 2733//3962
f 2734//3963 2736//3963 377//3963
f 1728//3964 2737//3964 377//3964
f 377//3965 2737//3965 2735//3965
f 2736//3966 2738//3966 377//3966
f 1728//3967 2739//3967 2737//3967
f 2738//3968 2740//3968 377//3968
f 1728//3969 2741//3969 2739//3969
f 1728//3970 2742//3970 2741//3970
f 1728//3971 2743//3971 2742//3971
f 1728//3972 2744//3972 2743//3972
f 2745//3973 1685//3973 2740//3973
f 2746//3974 1685//3974 2745//3974
f 2747//3975 1685//3975 2746//3975
f 2748//3976 1685//3976 2747//3976
f 2749//3977 1685//3977 2748//3977
f 2740//3978 1685//3978 377//3978
f 2749//3979 2750//3979 1685//3979
f 2750//3980 2751//3980 1685//3980
f 2751//3981 2752//3981 1685//3981
f 2752//3982 2753//3982 1685//3982
f 2753//3983 2754//3983 1685//3983
f 2755//3984 2756//3984 2757//3984
f 2758//3985 2756//3985 2755//3985
f 2759//3986 2756//3986 2758//3986
f 2760//3987 2756//3987 2759//3987
f 2761//3988 2756//3988 2760//3988
f 2744//3989 2756//3989 2761//3989
f 1728//3990 2756//3990 2744//3990
f 2756//3991 2762//3991 2757//3991
f 2756//3992 2763//3992 2762//3992
f 2756//3993 2699//3993 2763//3993
f 2764//3994 2699//3994 2754//3994
f 2765//3995 2699//3995 2764//3995
f 2754//3996 2699//3996 1685//3996
f 2766//3997 2699//3997 2765//3997
f 2767//3998 2699//3998 2766//3998
f 2768//3999 2699//3999 2767//3999
f 2769//4000 2699//4000 2768//4000
f 2770//4001 2699//4001 2769//4001
f 2763//4002 2699//4002 2770//4002
f 2496//4003 2495//4003 1114//4003
f 1114//4004 2495//4004 1115//4004
f 1115//4005 2498//4005 1125//4005
f 2495//4006 2498//4006 1115//4006
f 1125//4007 2500//4007 1124//4007
f 2498//4008 2500//4008 1125//4008
f 1124//4009 2499//4009 1122//4009
f 2500//4010 2499//4010 1124//4010
f 1122//4011 2497//4011 1121//4011
f 2499//4012 2497//4012 1122//4012
f 1121//4013 2494//4013 1123//4013
f 2497//4014 2494//4014 1121//4014
f 1123//4015 2493//4015 1117//4015
f 1117//4016 2493//4016 1116//4016
f 2494//4017 2493//4017 1123//4017
f 2493//4018 2491//4018 1116//4018
f 1116//4019 2489//4019 1118//4019
f 2491//4020 2489//4020 1116//4020
f 1118//4021 2487//4021 1119//4021
f 2489//4022 2487//4022 1118//4022
f 1119//4023 2485//4023 1120//4023
f 2487//4024 2485//4024 1119//4024
f 2485//4025 2483//4025 1120//4025
f 1120//4026 2483//4026 1108//4026
f 2483//4027 2481//4027 1108//4027
f 1108//4028 2481//4028 1106//4028
f 2481//4029 2479//4029 1106//4029
f 1106//4030 2479//4030 1104//4030
f 2479//4031 2477//4031 1104//4031
f 1104//4032 2477//4032 1102//4032
f 2477//4033 2476//4033 1102//4033
f 1102//4034 2476//4034 1099//4034
f 2476//4035 2475//4035 1099//4035
f 1099//4036 2475//4036 1100//4036
f 2475//4037 2478//4037 1100//4037
f 1100//4038 2478//4038 1103//4038
f 2478//4039 2480//4039 1103//4039
f 1103//4040 2480//4040 1105//4040
f 2480//4041 2482//4041 1105//4041
f 1105//4042 2482//4042 1107//4042
f 1107//4043 2482//4043 1109//4043
f 2482//4044 2484//4044 1109//4044
f 2484//4045 2486//4045 1109//4045
f 1109//4046 2486//4046 1110//4046
f 2486//4047 2488//4047 1110//4047
f 1110//4048 2488//4048 1111//4048
f 1111//4049 2490//4049 1112//4049
f 2488//4050 2490//4050 1111//4050
f 1112//4051 2490//4051 1113//4051
f 2490//4052 2492//4052 1113//4052
f 1113//4053 2496//4053 1114//4053
f 2492//4054 2496//4054 1113//4054
f 2112//4055 2106//4055 1185//4055
f 1185//4056 2106//4056 1177//4056
f 1177//4057 2104//4057 1175//4057
f 2106//4058 2104//4058 1177//4058
f 1175//4059 2103//4059 1173//4059
f 2104//4060 2103//4060 1175//4060
f 1173//4061 2108//4061 1178//4061
f 2103//4062 2108//4062 1173//4062
f 1178//4063 2114//4063 1182//4063
f 1182//4064 2114//4064 1187//4064
f 2108//4065 2114//4065 1178//4065
f 2114//4066 2117//4066 1187//4066
f 1187//4067 2123//4067 1194//4067
f 1194//4068 2123//4068 1137//4068
f 2117//4069 2123//4069 1187//4069
f 2123//4070 2127//4070 1137//4070
f 1137//4071 2153//4071 1136//4071
f 2127//4072 2153//4072 1137//4072
f 1136//4073 2152//4073 1135//4073
f 2153//4074 2152//4074 1136//4074
f 1135//4075 2089//4075 1134//4075
f 2152//4076 2089//4076 1135//4076
f 2089//4077 2087//4077 1134//4077
f 1134//4078 2087//4078 1133//4078
f 2087//4079 2085//4079 1133//4079
f 1133//4080 2085//4080 1132//4080
f 2085//4081 2082//4081 1132//4081
f 1132//4082 2082//4082 1130//4082
f 2082//4083 2080//4083 1130//4083
f 1130//4084 2080//4084 1128//4084
f 2080//4085 2079//4085 1128//4085
f 1128//4086 2079//4086 1126//4086
f 2079//4087 2078//4087 1126//4087
f 1126//4088 2078//4088 1127//4088
f 2078//4089 2081//4089 1127//4089
f 1127//4090 2081//4090 1129//4090
f 2081//4091 2083//4091 1129//4091
f 1129//4092 2083//4092 1131//4092
f 2083//4093 2086//4093 1131//4093
f 1131//4094 2086//4094 1159//4094
f 1159//4095 2086//4095 1157//4095
f 2086//4096 2088//4096 1157//4096
f 2088//4097 2093//4097 1157//4097
f 1157//4098 2093//4098 1162//4098
f 2093//4099 2096//4099 1162//4099
f 1162//4100 2096//4100 1166//4100
f 1166//4101 2096//4101 1169//4101
f 2096//4102 2099//4102 1169//4102
f 1169//4103 2099//4103 1172//4103
f 2099//4104 2101//4104 1172//4104
f 1172//4105 2112//4105 1185//4105
f 2101//4106 2112//4106 1172//4106
f 2149//4107 2184//4107 1230//4107
f 1230//4108 2184//4108 1235//4108
f 1235//4109 2183//4109 1238//4109
f 2184//4110 2183//4110 1235//4110
f 1238//4111 2194//4111 1241//4111
f 2183//4112 2194//4112 1238//4112
f 1241//4113 2205//4113 1243//4113
f 2194//4114 2205//4114 1241//4114
f 1243//4115 2140//4115 1210//4115
f 1210//4116 2140//4116 1207//4116
f 2205//4117 2140//4117 1243//4117
f 2140//4118 2137//4118 1207//4118
f 1207//4119 2135//4119 1205//4119
f 1205//4120 2135//4120 1203//4120
f 2137//4121 2135//4121 1207//4121
f 2135//4122 2133//4122 1203//4122
f 1203//4123 2129//4123 1199//4123
f 2133//4124 2129//4124 1203//4124
f 1199//4125 2125//4125 1196//4125
f 2129//4126 2125//4126 1199//4126
f 1196//4127 2119//4127 1191//4127
f 2125//4128 2119//4128 1196//4128
f 2119//4129 2100//4129 1191//4129
f 1191//4130 2100//4130 1171//4130
f 2100//4131 2098//4131 1171//4131
f 1171//4132 2098//4132 1168//4132
f 2098//4133 2095//4133 1168//4133
f 1168//4134 2095//4134 1165//4134
f 2095//4135 2092//4135 1165//4135
f 1165//4136 2092//4136 1161//4136
f 2092//4137 2090//4137 1161//4137
f 1161//4138 2090//4138 1158//4138
f 2090//4139 2091//4139 1158//4139
f 1158//4140 2091//4140 1160//4140
f 2091//4141 2094//4141 1160//4141
f 1160//4142 2094//4142 1163//4142
f 2094//4143 2097//4143 1163//4143
f 1163//4144 2097//4144 1167//4144
f 2097//4145 2143//4145 1167//4145
f 1167//4146 2143//4146 1170//4146
f 1170//4147 2143//4147 1228//4147
f 2143//4148 2144//4148 1228//4148
f 2144//4149 2145//4149 1228//4149
f 1228//4150 2145//4150 1222//4150
f 2145//4151 2146//4151 1222//4151
f 1222//4152 2146//4152 1220//4152
f 1220//4153 2146//4153 1218//4153
f 2146//4154 2147//4154 1218//4154
f 1218//4155 2147//4155 1226//4155
f 2147//4156 2148//4156 1226//4156
f 1226//4157 2149//4157 1230//4157
f 2148//4158 2149//4158 1226//4158
f 2771//4159 2772//4159 1298//4159
f 1298//4160 2772//4160 1300//4160
f 2772//4161 2773//4161 1300//4161
f 1300//4162 2773//4162 1302//4162
f 2773//4163 2774//4163 1302//4163
f 1302//4164 2774//4164 1347//4164
f 1347//4165 2774//4165 1339//4165
f 2774//4166 2775//4166 1339//4166
f 2775//4167 2776//4167 1339//4167
f 1339//4168 2776//4168 1331//4168
f 2776//4169 2777//4169 1331//4169
f 1331//4170 2777//4170 1323//4170
f 2777//4171 2778//4171 1323//4171
f 1323//4172 2778//4172 1315//4172
f 1315//4173 2778//4173 1307//4173
f 2778//4174 2779//4174 1307//4174
f 2779//4175 2780//4175 1307//4175
f 1307//4176 2780//4176 1303//4176
f 2780//4177 2781//4177 1303//4177
f 1303//4178 2781//4178 1308//4178
f 1308//4179 2781//4179 1318//4179
f 2781//4180 2782//4180 1318//4180
f 2782//4181 2783//4181 1318//4181
f 1318//4182 2783//4182 1326//4182
f 1326//4183 2783//4183 1334//4183
f 2783//4184 2784//4184 1334//4184
f 2784//4185 2785//4185 1334//4185
f 1334//4186 2785//4186 1342//4186
f 1342//4187 2785//4187 1272//4187
f 2785//4188 2786//4188 1272//4188
f 1272//4189 2786//4189 1266//4189
f 2786//4190 2787//4190 1266//4190
f 1266//4191 2788//4191 1259//4191
f 1259//4192 2788//4192 1250//4192
f 2787//4193 2788//4193 1266//4193
f 1250//4194 2789//4194 1244//4194
f 2788//4195 2789//4195 1250//4195
f 2789//4196 2790//4196 1244//4196
f 1244//4197 2791//4197 1242//4197
f 1242//4198 2791//4198 1240//4198
f 2790//4199 2791//4199 1244//4199
f 1240//4200 2792//4200 1239//4200
f 2791//4201 2792//4201 1240//4201
f 2792//4202 2793//4202 1239//4202
f 1239//4203 2794//4203 1237//4203
f 2793//4204 2794//4204 1239//4204
f 1237//4205 2795//4205 1234//4205
f 1234//4206 2795//4206 1232//4206
f 2794//4207 2795//4207 1237//4207
f 2795//4208 2796//4208 1232//4208
f 2796//4209 2797//4209 1232//4209
f 1232//4210 2797//4210 1229//4210
f 2797//4211 2798//4211 1229//4211
f 1229//4212 2798//4212 1225//4212
f 1225//4213 2798//4213 1223//4213
f 2798//4214 2799//4214 1223//4214
f 2799//4215 2800//4215 1223//4215
f 1223//4216 2800//4216 1219//4216
f 1219//4217 2800//4217 1221//4217
f 2800//4218 2801//4218 1221//4218
f 1221//4219 2801//4219 1224//4219
f 2801//4220 2802//4220 1224//4220
f 2802//4221 2803//4221 1224//4221
f 1224//4222 2803//4222 1227//4222
f 2803//4223 2804//4223 1227//4223
f 1227//4224 2804//4224 1231//4224
f 1231//4225 2804//4225 1233//4225
f 2804//4226 2805//4226 1233//4226
f 1233//4227 2805//4227 1236//4227
f 2805//4228 2806//4228 1236//4228
f 1236//4229 2806//4229 1286//4229
f 2806//4230 2807//4230 1286//4230
f 2807//4231 2808//4231 1286//4231
f 1286//4232 2808//4232 1285//4232
f 1285//4233 2808//4233 1282//4233
f 2808//4234 2809//4234 1282//4234
f 2809//4235 2810//4235 1282//4235
f 1282//4236 2810//4236 1280//4236
f 1280//4237 2810//4237 1283//4237
f 2810//4238 2811//4238 1283//4238
f 1283//4239 2811//4239 1288//4239
f 2811//4240 2812//4240 1288//4240
f 1288//4241 2812//4241 1289//4241
f 2812//4242 2813//4242 1289//4242
f 2813//4243 2814//4243 1289//4243
f 1289//4244 2814//4244 1292//4244
f 2814//4245 2815//4245 1292//4245
f 1292//4246 2815//4246 1293//4246
f 2815//4247 2816//4247 1293//4247
f 1293//4248 2816//4248 1296//4248
f 2816//4249 2817//4249 1296//4249
f 1296//4250 2817//4250 1297//4250
f 1297//4251 2817//4251 1298//4251
f 2817//4252 2771//4252 1298//4252
f 2141//4253 2222//4253 1258//4253
f 1258//4254 2222//4254 1267//4254
f 1267//4255 2229//4255 1356//4255
f 1356//4256 2229//4256 1364//4256
f 2222//4257 2229//4257 1267//4257
f 2229//4258 2236//4258 1364//4258
f 2236//4259 2243//4259 1364//4259
f 1364//4260 2243//4260 1372//4260
f 2243//4261 2250//4261 1372//4261
f 1372//4262 2250//4262 1377//4262
f 1377//4263 2250//4263 1430//4263
f 2250//4264 2281//4264 1430//4264
f 2281//4265 2173//4265 1430//4265
f 1430//4266 2173//4266 1278//4266
f 2173//4267 2171//4267 1278//4267
f 1278//4268 2171//4268 1275//4268
f 2171//4269 2169//4269 1275//4269
f 1275//4270 2169//4270 1271//4270
f 2169//4271 2168//4271 1271//4271
f 1271//4272 2168//4272 1270//4272
f 2168//4273 2166//4273 1270//4273
f 1270//4274 2166//4274 1265//4274
f 1265//4275 2166//4275 1262//4275
f 2166//4276 2164//4276 1262//4276
f 2164//4277 2163//4277 1262//4277
f 1262//4278 2163//4278 1261//4278
f 2163//4279 2161//4279 1261//4279
f 1261//4280 2161//4280 1256//4280
f 2161//4281 2159//4281 1256//4281
f 1256//4282 2159//4282 1253//4282
f 2159//4283 2158//4283 1253//4283
f 1253//4284 2158//4284 1252//4284
f 2158//4285 2130//4285 1252//4285
f 1252//4286 2130//4286 1200//4286
f 2130//4287 2126//4287 1200//4287
f 1200//4288 2126//4288 1197//4288
f 1197//4289 2122//4289 1193//4289
f 2126//4290 2122//4290 1197//4290
f 1193//4291 2120//4291 1189//4291
f 2122//4292 2120//4292 1193//4292
f 1189//4293 2116//4293 1188//4293
f 1188//4294 2116//4294 1183//4294
f 2120//4295 2116//4295 1189//4295
f 1183//4296 2113//4296 1181//4296
f 2116//4297 2113//4297 1183//4297
f 2113//4298 2110//4298 1181//4298
f 1181//4299 2107//4299 1179//4299
f 2110//4300 2107//4300 1181//4300
f 1179//4301 2102//4301 1174//4301
f 2107//4302 2102//4302 1179//4302
f 1174//4303 2105//4303 1176//4303
f 2102//4304 2105//4304 1174//4304
f 1176//4305 2109//4305 1180//4305
f 2105//4306 2109//4306 1176//4306
f 1180//4307 2111//4307 1184//4307
f 2109//4308 2111//4308 1180//4308
f 1184//4309 2115//4309 1186//4309
f 2111//4310 2115//4310 1184//4310
f 2115//4311 2118//4311 1186//4311
f 1186//4312 2118//4312 1190//4312
f 2118//4313 2121//4313 1190//4313
f 1190//4314 2121//4314 1192//4314
f 2121//4315 2124//4315 1192//4315
f 1192//4316 2124//4316 1195//4316
f 1195//4317 2124//4317 1198//4317
f 2124//4318 2128//4318 1198//4318
f 1198//4319 2128//4319 1201//4319
f 2128//4320 2131//4320 1201//4320
f 2131//4321 2132//4321 1201//4321
f 1201//4322 2132//4322 1202//4322
f 1202//4323 2132//4323 1204//4323
f 2132//4324 2134//4324 1204//4324
f 2134//4325 2136//4325 1204//4325
f 1204//4326 2136//4326 1206//4326
f 2136//4327 2138//4327 1206//4327
f 1206//4328 2138//4328 1208//4328
f 1208//4329 2138//4329 1209//4329
f 2138//4330 2139//4330 1209//4330
f 1209//4331 2139//4331 1258//4331
f 2139//4332 2141//4332 1258//4332
f 1381//4333 1798//4333 1379//4333
f 2345//4334 2348//4334 1798//4334
f 1798//4335 2348//4335 1379//4335
f 1379//4336 2349//4336 1382//4336
f 2348//4337 2349//4337 1379//4337
f 1382//4338 2350//4338 1383//4338
f 2349//4339 2350//4339 1382//4339
f 1383//4340 2316//4340 1384//4340
f 2350//4341 2316//4341 1383//4341
f 1384//4342 2315//4342 1385//4342
f 2316//4343 2315//4343 1384//4343
f 1385//4344 2317//4344 1387//4344
f 2315//4345 2317//4345 1385//4345
f 1387//4346 2318//4346 1389//4346
f 2317//4347 2318//4347 1387//4347
f 1389//4348 2319//4348 1391//4348
f 2318//4349 2319//4349 1389//4349
f 1391//4350 2320//4350 1393//4350
f 2319//4351 2320//4351 1391//4351
f 2320//4352 2321//4352 1393//4352
f 1393//4353 2321//4353 1464//4353
f 2321//4354 2322//4354 1464//4354
f 1464//4355 2322//4355 1466//4355
f 2322//4356 2323//4356 1466//4356
f 1466//4357 2323//4357 1467//4357
f 2323//4358 2324//4358 1467//4358
f 1467//4359 2324//4359 1468//4359
f 1468//4360 2324//4360 1469//4360
f 2324//4361 2325//4361 1469//4361
f 2325//4362 2326//4362 1469//4362
f 1469//4363 2326//4363 1470//4363
f 2326//4364 2327//4364 1470//4364
f 1470//4365 2327//4365 1471//4365
f 2327//4366 2328//4366 1471//4366
f 1471//4367 2328//4367 1472//4367
f 1472//4368 2328//4368 1473//4368
f 2328//4369 2329//4369 1473//4369
f 2329//4370 2330//4370 1473//4370
f 1473//4371 2330//4371 1474//4371
f 1474//4372 2330//4372 1475//4372
f 2330//4373 2331//4373 1475//4373
f 2331//4374 2332//4374 1475//4374
f 1475//4375 2332//4375 1476//4375
f 1476//4376 2332//4376 1477//4376
f 2332//4377 2333//4377 1477//4377
f 1477//4378 2334//4378 1478//4378
f 2333//4379 2334//4379 1477//4379
f 1478//4380 2335//4380 1479//4380
f 2334//4381 2335//4381 1478//4381
f 1479//4382 2336//4382 1480//4382
f 2335//4383 2336//4383 1479//4383
f 1480//4384 2337//4384 1481//4384
f 2336//4385 2337//4385 1480//4385
f 1481//4386 2338//4386 1482//4386
f 2337//4387 2338//4387 1481//4387
f 1482//4388 2339//4388 1483//4388
f 2338//4389 2339//4389 1482//4389
f 1483//4390 2340//4390 1484//4390
f 2339//4391 2340//4391 1483//4391
f 1484//4392 2341//4392 1485//4392
f 2340//4393 2341//4393 1484//4393
f 1485//4394 2342//4394 1486//4394
f 2341//4395 2342//4395 1485//4395
f 1486//4396 2343//4396 1487//4396
f 1487//4397 2343//4397 1488//4397
f 2342//4398 2343//4398 1486//4398
f 2343//4399 2344//4399 1488//4399
f 1488//4400 2303//4400 1489//4400
f 2344//4401 2303//4401 1488//4401
f 1489//4402 2298//4402 1490//4402
f 2303//4403 2298//4403 1489//4403
f 2298//4404 2297//4404 1490//4404
f 1490//4405 2297//4405 1491//4405
f 2297//4406 2299//4406 1491//4406
f 1491//4407 2299//4407 1447//4407
f 2299//4408 2300//4408 1447//4408
f 1447//4409 2300//4409 1446//4409
f 1446//4410 2300//4410 1440//4410
f 2300//4411 2291//4411 1440//4411
f 2291//4412 2290//4412 1440//4412
f 1440//4413 2290//4413 1439//4413
f 2290//4414 2292//4414 1439//4414
f 1439//4415 2292//4415 1441//4415
f 2292//4416 2293//4416 1441//4416
f 1441//4417 2293//4417 1442//4417
f 2293//4418 2294//4418 1442//4418
f 1442//4419 2294//4419 1443//4419
f 2294//4420 2285//4420 1443//4420
f 1443//4421 2285//4421 1434//4421
f 2285//4422 2284//4422 1434//4422
f 1434//4423 2284//4423 1433//4423
f 2284//4424 2286//4424 1433//4424
f 1433//4425 2286//4425 1435//4425
f 2286//4426 2287//4426 1435//4426
f 1435//4427 2287//4427 1436//4427
f 2287//4428 2252//4428 1436//4428
f 1436//4429 2252//4429 1378//4429
f 2252//4430 2249//4430 1378//4430
f 1378//4431 2249//4431 1376//4431
f 2249//4432 2247//4432 1376//4432
f 1376//4433 2247//4433 1375//4433
f 2247//4434 2245//4434 1375//4434
f 1375//4435 2245//4435 1374//4435
f 2245//4436 2242//4436 1374//4436
f 1374//4437 2242//4437 1371//4437
f 1371//4438 2242//4438 1369//4438
f 2242//4439 2240//4439 1369//4439
f 2240//4440 2238//4440 1369//4440
f 1369//4441 2238//4441 1367//4441
f 2238//4442 2235//4442 1367//4442
f 1367//4443 2235//4443 1363//4443
f 2235//4444 2233//4444 1363//4444
f 1363//4445 2233//4445 1361//4445
f 1361//4446 2231//4446 1359//4446
f 2233//4447 2231//4447 1361//4447
f 1359//4448 2228//4448 1357//4448
f 2231//4449 2228//4449 1359//4449
f 1357//4450 2226//4450 1354//4450
f 2228//4451 2226//4451 1357//4451
f 1354//4452 2224//4452 1352//4452
f 2226//4453 2224//4453 1354//4453
f 2224//4454 2221//4454 1352//4454
f 1352//4455 2221//4455 1350//4455
f 2221//4456 2219//4456 1350//4456
f 1350//4457 2219//4457 1348//4457
f 2219//4458 2217//4458 1348//4458
f 1348//4459 2217//4459 1345//4459
f 2217//4460 2215//4460 1345//4460
f 1345//4461 2215//4461 1343//4461
f 2215//4462 2213//4462 1343//4462
f 1343//4463 2213//4463 1340//4463
f 2213//4464 2211//4464 1340//4464
f 1340//4465 2211//4465 1337//4465
f 2211//4466 2209//4466 1337//4466
f 1337//4467 2209//4467 1335//4467
f 2209//4468 2207//4468 1335//4468
f 1335//4469 2207//4469 1332//4469
f 2207//4470 2204//4470 1332//4470
f 1332//4471 2204//4471 1329//4471
f 2204//4472 2202//4472 1329//4472
f 1329//4473 2202//4473 1327//4473
f 2202//4474 2200//4474 1327//4474
f 1327//4475 2200//4475 1324//4475
f 2200//4476 2198//4476 1324//4476
f 1324//4477 2198//4477 1321//4477
f 1319//4478 2196//4478 1316//4478
f 2198//4479 2196//4479 1321//4479
f 1321//4480 2196//4480 1319//4480
f 2196//4481 2193//4481 1316//4481
f 1316//4482 2191//4482 1313//4482
f 2193//4483 2191//4483 1316//4483
f 1313//4484 2189//4484 1311//4484
f 2191//4485 2189//4485 1313//4485
f 1311//4486 2187//4486 1309//4486
f 2189//4487 2187//4487 1311//4487
f 1309//4488 2182//4488 1304//4488
f 2187//4489 2182//4489 1309//4489
f 1304//4490 2185//4490 1305//4490
f 2182//4491 2185//4491 1304//4491
f 1305//4492 2186//4492 1306//4492
f 2185//4493 2186//4493 1305//4493
f 1306//4494 2188//4494 1310//4494
f 2186//4495 2188//4495 1306//4495
f 1310//4496 2190//4496 1312//4496
f 2188//4497 2190//4497 1310//4497
f 1312//4498 2192//4498 1314//4498
f 2190//4499 2192//4499 1312//4499
f 1314//4500 2195//4500 1317//4500
f 1317//4501 2195//4501 1320//4501
f 2192//4502 2195//4502 1314//4502
f 2195//4503 2197//4503 1320//4503
f 1320//4504 2199//4504 1322//4504
f 2197//4505 2199//4505 1320//4505
f 2199//4506 2201//4506 1322//4506
f 1322//4507 2201//4507 1325//4507
f 2201//4508 2203//4508 1325//4508
f 1325//4509 2203//4509 1328//4509
f 2203//4510 2206//4510 1328//4510
f 1328//4511 2206//4511 1330//4511
f 1330//4512 2208//4512 1333//4512
f 2206//4513 2208//4513 1330//4513
f 1333//4514 2210//4514 1336//4514
f 2208//4515 2210//4515 1333//4515
f 1336//4516 2212//4516 1338//4516
f 2210//4517 2212//4517 1336//4517
f 1338//4518 2214//4518 1341//4518
f 2212//4519 2214//4519 1338//4519
f 1341//4520 2216//4520 1344//4520
f 2214//4521 2216//4521 1341//4521
f 1344//4522 2218//4522 1346//4522
f 2216//4523 2218//4523 1344//4523
f 1346//4524 2220//4524 1349//4524
f 2218//4525 2220//4525 1346//4525
f 1349//4526 2223//4526 1351//4526
f 2220//4527 2223//4527 1349//4527
f 1351//4528 2225//4528 1353//4528
f 2223//4529 2225//4529 1351//4529
f 1353//4530 2227//4530 1355//4530
f 2225//4531 2227//4531 1353//4531
f 1355//4532 2230//4532 1358//4532
f 2227//4533 2230//4533 1355//4533
f 1358//4534 2232//4534 1360//4534
f 2230//4535 2232//4535 1358//4535
f 1360//4536 2234//4536 1362//4536
f 2232//4537 2234//4537 1360//4537
f 1362//4538 2237//4538 1365//4538
f 2234//4539 2237//4539 1362//4539
f 1365//4540 2239//4540 1368//4540
f 2237//4541 2239//4541 1365//4541
f 1368//4542 2241//4542 1370//4542
f 2239//4543 2241//4543 1368//4543
f 1370//4544 2244//4544 1373//4544
f 2241//4545 2244//4545 1370//4545
f 1373//4546 2246//4546 1386//4546
f 2244//4547 2246//4547 1373//4547
f 1386//4548 2248//4548 1388//4548
f 2246//4549 2248//4549 1386//4549
f 1388//4550 2251//4550 1390//4550
f 2248//4551 2251//4551 1388//4551
f 1390//4552 2253//4552 1392//4552
f 2251//4553 2253//4553 1390//4553
f 2253//4554 2254//4554 1392//4554
f 1392//4555 2254//4555 1394//4555
f 2254//4556 2255//4556 1394//4556
f 1394//4557 2255//4557 1395//4557
f 2255//4558 2256//4558 1395//4558
f 1395//4559 2256//4559 1396//4559
f 2256//4560 2257//4560 1396//4560
f 1396//4561 2257//4561 1397//4561
f 2257//4562 2258//4562 1397//4562
f 1397//4563 2258//4563 1398//4563
f 2258//4564 2259//4564 1398//4564
f 1398//4565 2259//4565 1399//4565
f 2259//4566 2260//4566 1399//4566
f 1399//4567 2260//4567 1400//4567
f 2260//4568 2261//4568 1400//4568
f 1400//4569 2261//4569 1401//4569
f 2261//4570 2262//4570 1401//4570
f 1401//4571 2262//4571 1402//4571
f 2262//4572 2263//4572 1402//4572
f 1402//4573 2263//4573 1403//4573
f 2263//4574 2264//4574 1403//4574
f 1403//4575 2264//4575 1404//4575
f 2264//4576 2265//4576 1404//4576
f 1404//4577 2265//4577 1405//4577
f 2265//4578 2266//4578 1405//4578
f 1405//4579 2266//4579 1406//4579
f 1406//4580 2347//4580 1407//4580
f 2266//4581 2347//4581 1406//4581
f 1408//4582 1798//4582 1381//4582
f 1407//4583 2346//4583 1408//4583
f 2347//4584 2346//4584 1407//4584
f 1408//4585 2346//4585 1798//4585
f 2346//4586 2345//4586 1798//4586
f 2818//4587 2819//4587 1453//4587
f 1453//4588 2819//4588 1452//4588
f 1452//4589 2820//4589 1454//4589
f 2819//4590 2820//4590 1452//4590
f 1454//4591 2821//4591 1455//4591
f 2820//4592 2821//4592 1454//4592
f 1455//4593 2822//4593 1414//4593
f 2821//4594 2822//4594 1455//4594
f 1414//4595 2823//4595 1410//4595
f 2822//4596 2823//4596 1414//4596
f 1410//4597 2824//4597 1409//4597
f 2823//4598 2824//4598 1410//4598
f 1409//4599 2825//4599 1411//4599
f 2824//4600 2825//4600 1409//4600
f 1411//4601 2826//4601 1412//4601
f 2825//4602 2826//4602 1411//4602
f 1412//4603 2827//4603 1413//4603
f 2826//4604 2827//4604 1412//4604
f 1413//4605 2828//4605 1366//4605
f 2827//4606 2828//4606 1413//4606
f 2828//4607 2829//4607 1366//4607
f 1366//4608 2829//4608 1301//4608
f 1301//4609 2829//4609 1299//4609
f 2829//4610 2830//4610 1299//4610
f 2830//4611 2831//4611 1299//4611
f 1299//4612 2831//4612 1295//4612
f 2831//4613 2832//4613 1295//4613
f 1295//4614 2832//4614 1291//4614
f 2832//4615 2833//4615 1291//4615
f 1291//4616 2833//4616 1287//4616
f 2833//4617 2834//4617 1287//4617
f 1287//4618 2834//4618 1281//4618
f 2834//4619 2835//4619 1281//4619
f 1281//4620 2835//4620 1284//4620
f 2835//4621 2836//4621 1284//4621
f 1284//4622 2836//4622 1290//4622
f 2836//4623 2837//4623 1290//4623
f 1290//4624 2837//4624 1294//4624
f 2837//4625 2838//4625 1294//4625
f 1294//4626 2838//4626 1493//4626
f 2838//4627 2839//4627 1493//4627
f 1493//4628 2839//4628 1462//4628
f 1462//4629 2839//4629 1457//4629
f 2839//4630 2840//4630 1457//4630
f 1457//4631 2840//4631 1456//4631
f 2840//4632 2841//4632 1456//4632
f 1456//4633 2842//4633 1458//4633
f 1458//4634 2842//4634 1459//4634
f 2841//4635 2842//4635 1456//4635
f 2842//4636 2843//4636 1459//4636
f 1459//4637 2818//4637 1453//4637
f 2843//4638 2818//4638 1459//4638
f 1823//4639 1857//4639 1535//4639
f 1535//4640 1857//4640 1533//4640
f 1533//4641 1867//4641 1531//4641
f 1857//4642 1867//4642 1533//4642
f 1531//4643 1876//4643 1536//4643
f 1867//4644 1876//4644 1531//4644
f 1536//4645 1885//4645 1538//4645
f 1876//4646 1885//4646 1536//4646
f 1538//4647 1892//4647 1540//4647
f 1885//4648 1892//4648 1538//4648
f 1540//4649 1896//4649 1543//4649
f 1892//4650 1896//4650 1540//4650
f 1543//4651 1897//4651 1546//4651
f 1546//4652 1897//4652 1548//4652
f 1896//4653 1897//4653 1543//4653
f 1897//4654 1816//4654 1548//4654
f 1548//4655 1814//4655 1511//4655
f 1816//4656 1814//4656 1548//4656
f 1511//4657 1813//4657 1508//4657
f 1814//4658 1813//4658 1511//4658
f 1508//4659 1812//4659 1503//4659
f 1813//4660 1812//4660 1508//4660
f 1812//4661 1811//4661 1503//4661
f 1503//4662 1811//4662 1499//4662
f 1811//4663 1810//4663 1499//4663
f 1499//4664 1810//4664 1496//4664
f 1810//4665 1808//4665 1496//4665
f 1496//4666 1808//4666 1494//4666
f 1808//4667 1805//4667 1494//4667
f 1494//4668 1805//4668 1463//4668
f 1805//4669 1804//4669 1463//4669
f 1463//4670 1804//4670 1460//4670
f 1804//4671 1803//4671 1460//4671
f 1460//4672 1803//4672 1461//4672
f 1803//4673 1807//4673 1461//4673
f 1461//4674 1807//4674 1492//4674
f 1807//4675 1809//4675 1492//4675
f 1492//4676 1809//4676 1495//4676
f 1809//4677 1817//4677 1495//4677
f 1495//4678 1817//4678 1525//4678
f 1525//4679 1817//4679 1526//4679
f 1817//4680 1818//4680 1526//4680
f 1818//4681 1819//4681 1526//4681
f 1526//4682 1819//4682 1527//4682
f 1819//4683 1820//4683 1527//4683
f 1527//4684 1820//4684 1528//4684
f 1528//4685 1821//4685 1529//4685
f 1820//4686 1821//4686 1528//4686
f 1529//4687 1821//4687 1530//4687
f 1821//4688 1822//4688 1530//4688
f 1530//4689 1823//4689 1535//4689
f 1822//4690 1823//4690 1530//4690
f 1557//4691 1559//4691 1554//4691
f 1554//4692 1559//4692 1551//4692
f 1559//4693 1561//4693 1551//4693
f 1560//4694 1565//4694 1562//4694
f 1563//4695 1566//4695 1561//4695
f 1552//4696 1583//4696 1553//4696
f 1553//4697 1583//4697 1555//4697
f 1555//4698 1583//4698 1558//4698
f 1558//4699 1583//4699 1560//4699
f 1565//4700 1583//4700 1581//4700
f 1560//4701 1583//4701 1565//4701
f 1576//4702 1578//4702 1566//4702
f 1583//4703 1585//4703 1584//4703
f 1586//4704 1589//4704 1579//4704
f 1579//4705 1589//4705 1578//4705
f 1585//4706 1590//4706 1587//4706
f 1583//4707 1590//4707 1585//4707
f 1590//4708 1595//4708 1592//4708
f 1594//4709 1596//4709 1591//4709
f 1590//4710 1597//4710 1595//4710
f 1583//4711 1600//4711 1590//4711
f 1590//4712 1600//4712 1597//4712
f 1551//4713 1602//4713 1552//4713
f 1561//4714 1602//4714 1551//4714
f 1552//4715 1602//4715 1583//4715
f 1583//4716 1602//4716 1600//4716
f 1604//4717 1606//4717 1601//4717
f 1601//4718 1606//4718 1599//4718
f 1602//4719 1607//4719 1605//4719
f 1602//4720 1612//4720 1607//4720
f 1607//4721 1612//4721 1610//4721
f 1611//4722 1631//4722 1608//4722
f 1561//4723 1621//4723 1602//4723
f 1591//4724 1621//4724 1589//4724
f 1602//4725 1621//4725 1612//4725
f 1566//4726 1621//4726 1561//4726
f 1578//4727 1621//4727 1566//4727
f 1589//4728 1621//4728 1578//4728
f 1608//4729 1630//4729 1606//4729
f 1631//4730 1630//4730 1608//4730
f 1629//4731 1628//4731 1630//4731
f 1606//4732 1628//4732 1599//4732
f 1630//4733 1628//4733 1606//4733
f 1622//4734 1625//4734 1623//4734
f 1623//4735 1625//4735 1624//4735
f 1621//4736 1626//4736 1622//4736
f 1627//4737 1626//4737 1628//4737
f 1622//4738 1626//4738 1625//4738
f 1596//4739 1626//4739 1591//4739
f 1599//4740 1626//4740 1596//4740
f 1591//4741 1626//4741 1621//4741
f 1628//4742 1626//4742 1599//4742
f 2844//4743 2845//4743 1593//4743
f 1593//4744 2845//4744 1598//4744
f 1598//4745 2846//4745 1603//4745
f 2845//4746 2846//4746 1598//4746
f 1603//4747 2847//4747 1609//4747
f 2846//4748 2847//4748 1603//4748
f 1609//4749 2848//4749 1614//4749
f 2847//4750 2848//4750 1609//4750
f 1614//4751 2849//4751 1615//4751
f 2848//4752 2849//4752 1614//4752
f 1615//4753 2850//4753 1616//4753
f 2849//4754 2850//4754 1615//4754
f 1616//4755 2851//4755 1617//4755
f 2850//4756 2851//4756 1616//4756
f 1617//4757 2852//4757 1618//4757
f 2851//4758 2852//4758 1617//4758
f 1618//4759 2853//4759 1619//4759
f 2852//4760 2853//4760 1618//4760
f 1619//4761 2854//4761 1556//4761
f 2853//4762 2854//4762 1619//4762
f 2854//4763 2855//4763 1556//4763
f 1556//4764 2855//4764 1550//4764
f 1550//4765 2855//4765 1547//4765
f 2855//4766 2856//4766 1547//4766
f 2856//4767 2857//4767 1547//4767
f 1547//4768 2857//4768 1544//4768
f 2857//4769 2858//4769 1544//4769
f 1544//4770 2858//4770 1541//4770
f 2858//4771 2859//4771 1541//4771
f 1541//4772 2859//4772 1537//4772
f 2859//4773 2860//4773 1537//4773
f 1537//4774 2860//4774 1532//4774
f 2860//4775 2861//4775 1532//4775
f 1532//4776 2861//4776 1534//4776
f 2861//4777 2862//4777 1534//4777
f 1534//4778 2862//4778 1539//4778
f 2862//4779 2863//4779 1539//4779
f 1539//4780 2863//4780 1542//4780
f 2863//4781 2864//4781 1542//4781
f 1542//4782 2864//4782 1545//4782
f 2864//4783 2865//4783 1545//4783
f 1545//4784 2865//4784 1549//4784
f 1549//4785 2865//4785 1564//4785
f 2865//4786 2866//4786 1564//4786
f 1564//4787 2866//4787 1577//4787
f 2866//4788 2867//4788 1577//4788
f 1577//4789 2868//4789 1580//4789
f 1580//4790 2868//4790 1588//4790
f 2867//4791 2868//4791 1577//4791
f 2868//4792 2869//4792 1588//4792
f 1588//4793 2844//4793 1593//4793
f 2869//4794 2844//4794 1588//4794
f 2275//4795 2271//4795 1423//4795
f 1423//4796 2271//4796 1419//4796
f 1419//4797 2269//4797 1417//4797
f 2271//4798 2269//4798 1419//4798
f 1417//4799 2268//4799 1415//4799
f 2269//4800 2268//4800 1417//4800
f 1415//4801 2273//4801 1420//4801
f 2268//4802 2273//4802 1415//4802
f 1420//4803 2277//4803 1425//4803
f 1425//4804 2277//4804 1427//4804
f 2273//4805 2277//4805 1420//4805
f 2277//4806 2175//4806 1427//4806
f 1427//4807 2174//4807 1279//4807
f 1279//4808 2174//4808 1276//4808
f 2175//4809 2174//4809 1427//4809
f 2174//4810 2176//4810 1276//4810
f 1276//4811 2177//4811 1273//4811
f 2176//4812 2177//4812 1276//4812
f 1273//4813 2178//4813 1268//4813
f 2177//4814 2178//4814 1273//4814
f 1268//4815 2179//4815 1263//4815
f 2178//4816 2179//4816 1268//4816
f 2179//4817 2180//4817 1263//4817
f 1263//4818 2180//4818 1257//4818
f 2180//4819 2181//4819 1257//4819
f 1257//4820 2181//4820 1254//4820
f 2181//4821 2156//4821 1254//4821
f 1254//4822 2156//4822 1249//4822
f 2156//4823 2154//4823 1249//4823
f 1249//4824 2154//4824 1247//4824
f 2154//4825 2151//4825 1247//4825
f 1247//4826 2151//4826 1245//4826
f 2151//4827 2150//4827 1245//4827
f 1245//4828 2150//4828 1246//4828
f 2150//4829 2155//4829 1246//4829
f 1246//4830 2155//4830 1248//4830
f 2155//4831 2157//4831 1248//4831
f 1248//4832 2157//4832 1251//4832
f 2157//4833 2160//4833 1251//4833
f 1251//4834 2160//4834 1255//4834
f 1255//4835 2160//4835 1260//4835
f 2160//4836 2162//4836 1260//4836
f 2162//4837 2165//4837 1260//4837
f 1260//4838 2165//4838 1264//4838
f 2165//4839 2167//4839 1264//4839
f 1264//4840 2167//4840 1269//4840
f 1269//4841 2167//4841 1274//4841
f 2167//4842 2170//4842 1274//4842
f 1274//4843 2170//4843 1277//4843
f 2170//4844 2172//4844 1277//4844
f 1277//4845 2275//4845 1423//4845
f 2172//4846 2275//4846 1277//4846
f 2520//4847 2523//4847 1211//4847
f 1211//4848 2523//4848 1213//4848
f 1213//4849 2524//4849 1214//4849
f 2523//4850 2524//4850 1213//4850
f 1214//4851 2526//4851 1215//4851
f 2524//4852 2526//4852 1214//4852
f 1215//4853 2525//4853 1216//4853
f 2526//4854 2525//4854 1215//4854
f 1216//4855 2522//4855 1217//4855
f 2525//4856 2522//4856 1216//4856
f 1217//4857 2521//4857 1164//4857
f 2522//4858 2521//4858 1217//4858
f 1164//4859 2519//4859 1151//4859
f 1151//4860 2519//4860 1149//4860
f 2521//4861 2519//4861 1164//4861
f 2519//4862 2517//4862 1149//4862
f 1149//4863 2516//4863 1152//4863
f 2517//4864 2516//4864 1149//4864
f 1152//4865 2513//4865 1153//4865
f 2516//4866 2513//4866 1152//4866
f 1153//4867 2511//4867 1154//4867
f 2513//4868 2511//4868 1153//4868
f 2511//4869 2509//4869 1154//4869
f 1154//4870 2509//4870 1155//4870
f 2509//4871 2507//4871 1155//4871
f 1155//4872 2507//4872 1156//4872
f 2507//4873 2505//4873 1156//4873
f 1156//4874 2505//4874 1142//4874
f 2505//4875 2503//4875 1142//4875
f 1142//4876 2503//4876 1140//4876
f 2503//4877 2502//4877 1140//4877
f 1140//4878 2502//4878 1138//4878
f 2502//4879 2501//4879 1138//4879
f 1138//4880 2501//4880 1139//4880
f 2501//4881 2504//4881 1139//4881
f 1139//4882 2504//4882 1141//4882
f 2504//4883 2506//4883 1141//4883
f 1141//4884 2506//4884 1143//4884
f 2506//4885 2508//4885 1143//4885
f 1143//4886 2508//4886 1144//4886
f 1144//4887 2508//4887 1145//4887
f 2508//4888 2510//4888 1145//4888
f 2510//4889 2512//4889 1145//4889
f 1145//4890 2512//4890 1146//4890
f 2512//4891 2514//4891 1146//4891
f 1146//4892 2514//4892 1147//4892
f 1147//4893 2515//4893 1148//4893
f 2514//4894 2515//4894 1147//4894
f 1148//4895 2515//4895 1212//4895
f 2515//4896 2518//4896 1212//4896
f 1212//4897 2520//4897 1211//4897
f 2518//4898 2520//4898 1212//4898
f 2308//4899 2307//4899 1506//4899
f 1506//4900 2307//4900 1509//4900
f 1509//4901 2309//4901 1513//4901
f 2307//4902 2309//4902 1509//4902
f 1513//4903 2310//4903 1516//4903
f 2309//4904 2310//4904 1513//4904
f 1516//4905 2311//4905 1519//4905
f 2310//4906 2311//4906 1516//4906
f 1519//4907 2312//4907 1521//4907
f 1521//4908 2312//4908 1523//4908
f 2311//4909 2312//4909 1519//4909
f 2312//4910 2313//4910 1523//4910
f 1523//4911 2305//4911 1450//4911
f 1450//4912 2305//4912 1449//4912
f 2313//4913 2305//4913 1523//4913
f 2305//4914 2304//4914 1449//4914
f 1449//4915 2301//4915 1448//4915
f 2304//4916 2301//4916 1449//4916
f 1448//4917 2295//4917 1444//4917
f 2301//4918 2295//4918 1448//4918
f 1444//4919 2288//4919 1437//4919
f 2295//4920 2288//4920 1444//4920
f 2288//4921 2282//4921 1437//4921
f 1437//4922 2282//4922 1431//4922
f 2282//4923 2279//4923 1431//4923
f 1431//4924 2279//4924 1428//4924
f 2279//4925 2276//4925 1428//4925
f 1428//4926 2276//4926 1424//4926
f 2276//4927 2272//4927 1424//4927
f 1424//4928 2272//4928 1421//4928
f 2272//4929 2267//4929 1421//4929
f 1421//4930 2267//4930 1416//4930
f 2267//4931 2270//4931 1416//4931
f 1416//4932 2270//4932 1418//4932
f 2270//4933 2274//4933 1418//4933
f 1418//4934 2274//4934 1422//4934
f 2274//4935 2278//4935 1422//4935
f 1422//4936 2278//4936 1426//4936
f 2278//4937 2280//4937 1426//4937
f 1426//4938 2280//4938 1429//4938
f 1429//4939 2280//4939 1432//4939
f 2280//4940 2283//4940 1432//4940
f 2283//4941 2289//4941 1432//4941
f 1432//4942 2289//4942 1438//4942
f 2289//4943 2296//4943 1438//4943
f 1438//4944 2296//4944 1445//4944
f 1445//4945 2296//4945 1500//4945
f 2296//4946 2302//4946 1500//4946
f 1500//4947 2302//4947 1504//4947
f 2302//4948 2314//4948 1504//4948
f 1504//4949 2308//4949 1506//4949
f 2314//4950 2308//4950 1504//4950
f 1797//4951 1380//4951 1465//4951
f 1797//4952 1465//4952 1806//4952
f 1567//4953 1859//4953 1465//4953
f 1465//4954 1859//4954 1806//4954
f 1799//4955 1451//4955 1380//4955
f 1799//4956 1380//4956 1797//4956
f 1451//4957 1799//4957 1567//4957
f 1567//4958 1799//4958 1859//4958
f 2870//4959 2871//4959 1569//4959
f 1569//4960 2871//4960 1568//4960
f 1568//4961 2872//4961 1570//4961
f 2871//4962 2872//4962 1568//4962
f 1570//4963 2873//4963 1571//4963
f 2872//4964 2873//4964 1570//4964
f 1571//4965 2874//4965 1572//4965
f 2873//4966 2874//4966 1571//4966
f 1572//4967 2875//4967 1655//4967
f 2874//4968 2875//4968 1572//4968
f 1655//4969 2876//4969 1658//4969
f 2875//4970 2876//4970 1655//4970
f 1658//4971 2877//4971 1689//4971
f 2876//4972 2877//4972 1658//4972
f 1689//4973 2878//4973 1524//4973
f 2877//4974 2878//4974 1689//4974
f 1524//4975 2879//4975 1522//4975
f 2878//4976 2879//4976 1524//4976
f 1522//4977 2880//4977 1520//4977
f 2879//4978 2880//4978 1522//4978
f 2880//4979 2881//4979 1520//4979
f 1520//4980 2881//4980 1517//4980
f 1517//4981 2881//4981 1514//4981
f 2881//4982 2882//4982 1514//4982
f 2882//4983 2883//4983 1514//4983
f 1514//4984 2883//4984 1510//4984
f 2883//4985 2884//4985 1510//4985
f 1510//4986 2884//4986 1505//4986
f 2884//4987 2885//4987 1505//4987
f 1505//4988 2885//4988 1501//4988
f 2885//4989 2886//4989 1501//4989
f 1501//4990 2886//4990 1497//4990
f 2886//4991 2887//4991 1497//4991
f 1497//4992 2887//4992 1498//4992
f 2887//4993 2888//4993 1498//4993
f 1498//4994 2888//4994 1502//4994
f 2888//4995 2889//4995 1502//4995
f 1502//4996 2889//4996 1507//4996
f 2889//4997 2890//4997 1507//4997
f 1507//4998 2890//4998 1512//4998
f 2890//4999 2891//4999 1512//4999
f 1512//5000 2891//5000 1515//5000
f 1515//5001 2891//5001 1518//5001
f 2891//5002 2892//5002 1518//5002
f 1518//5003 2892//5003 1573//5003
f 2892//5004 2893//5004 1573//5004
f 1573//5005 2894//5005 1574//5005
f 1574//5006 2894//5006 1575//5006
f 2893//5007 2894//5007 1573//5007
f 2894//5008 2895//5008 1575//5008
f 1575//5009 2870//5009 1569//5009
f 2895//5010 2870//5010 1575//5010
f 2896//5011 2897//5011 1687//5011
f 1687//5012 2897//5012 1686//5012
f 1686//5013 2898//5013 1688//5013
f 2897//5014 2898//5014 1686//5014
f 1688//5015 2899//5015 1675//5015
f 2898//5016 2899//5016 1688//5016
f 1675//5017 2900//5017 1674//5017
f 2899//5018 2900//5018 1675//5018
f 1674//5019 2901//5019 1676//5019
f 2900//5020 2901//5020 1674//5020
f 1676//5021 2902//5021 1677//5021
f 2901//5022 2902//5022 1676//5022
f 1677//5023 2903//5023 1678//5023
f 2902//5024 2903//5024 1677//5024
f 1678//5025 2904//5025 1671//5025
f 2903//5026 2904//5026 1678//5026
f 1671//5027 2905//5027 1669//5027
f 2904//5028 2905//5028 1671//5028
f 1669//5029 2906//5029 1663//5029
f 2905//5030 2906//5030 1669//5030
f 2906//5031 2907//5031 1663//5031
f 1663//5032 2907//5032 1661//5032
f 1661//5033 2907//5033 1654//5033
f 2907//5034 2908//5034 1654//5034
f 2908//5035 2909//5035 1654//5035
f 1654//5036 2909//5036 1648//5036
f 2909//5037 2910//5037 1648//5037
f 1648//5038 2910//5038 1644//5038
f 2910//5039 2911//5039 1644//5039
f 1644//5040 2911//5040 1639//5040
f 2911//5041 2912//5041 1639//5041
f 1639//5042 2912//5042 1635//5042
f 2912//5043 2913//5043 1635//5043
f 1635//5044 2913//5044 1636//5044
f 2913//5045 2914//5045 1636//5045
f 1636//5046 2914//5046 1641//5046
f 2914//5047 2915//5047 1641//5047
f 1641//5048 2915//5048 1646//5048
f 2915//5049 2916//5049 1646//5049
f 1646//5050 2916//5050 1651//5050
f 2916//5051 2917//5051 1651//5051
f 1651//5052 2917//5052 1657//5052
f 1657//5053 2917//5053 1662//5053
f 2917//5054 2918//5054 1662//5054
f 1662//5055 2918//5055 1666//5055
f 2918//5056 2919//5056 1666//5056
f 1666//5057 2920//5057 1670//5057
f 1670//5058 2920//5058 1673//5058
f 2919//5059 2920//5059 1666//5059
f 2920//5060 2921//5060 1673//5060
f 1673//5061 2896//5061 1687//5061
f 2921//5062 2896//5062 1673//5062
f 1984//5063 1998//5063 1668//5063
f 1668//5064 1998//5064 1672//5064
f 1672//5065 1999//5065 1679//5065
f 1998//5066 1999//5066 1672//5066
f 1679//5067 2000//5067 1680//5067
f 1999//5068 2000//5068 1679//5068
f 1680//5069 2001//5069 1681//5069
f 2000//5070 2001//5070 1680//5070
f 1681//5071 2002//5071 1682//5071
f 2001//5072 2002//5072 1681//5072
f 1682//5073 2003//5073 1683//5073
f 2002//5074 2003//5074 1682//5074
f 1683//5075 1944//5075 1684//5075
f 1684//5076 1944//5076 1659//5076
f 2003//5077 1944//5077 1683//5077
f 1944//5078 1943//5078 1659//5078
f 1659//5079 1942//5079 1656//5079
f 1943//5080 1942//5080 1659//5080
f 1656//5081 1941//5081 1652//5081
f 1942//5082 1941//5082 1656//5082
f 1652//5083 1940//5083 1650//5083
f 1941//5084 1940//5084 1652//5084
f 1940//5085 1938//5085 1650//5085
f 1650//5086 1938//5086 1645//5086
f 1938//5087 1936//5087 1645//5087
f 1645//5088 1936//5088 1642//5088
f 1936//5089 1934//5089 1642//5089
f 1642//5090 1934//5090 1640//5090
f 1934//5091 1932//5091 1640//5091
f 1640//5092 1932//5092 1634//5092
f 1932//5093 1931//5093 1634//5093
f 1634//5094 1931//5094 1632//5094
f 1931//5095 1930//5095 1632//5095
f 1632//5096 1930//5096 1633//5096
f 1930//5097 1933//5097 1633//5097
f 1633//5098 1933//5098 1638//5098
f 1933//5099 1935//5099 1638//5099
f 1638//5100 1935//5100 1643//5100
f 1935//5101 1937//5101 1643//5101
f 1643//5102 1937//5102 1647//5102
f 1647//5103 1937//5103 1649//5103
f 1937//5104 1939//5104 1649//5104
f 1939//5105 1946//5105 1649//5105
f 1649//5106 1946//5106 1653//5106
f 1946//5107 1956//5107 1653//5107
f 1653//5108 1956//5108 1660//5108
f 1660//5109 1965//5109 1664//5109
f 1956//5110 1965//5110 1660//5110
f 1664//5111 1965//5111 1665//5111
f 1965//5112 1974//5112 1665//5112
f 1665//5113 1984//5113 1668//5113
f 1974//5114 1984//5114 1665//5114
f 1695//5115 2527//5115 805//5115
f 2527//5116 1696//5116 2528//5116
f 1695//5117 1696//5117 2527//5117
f 2528//5118 1697//5118 770//5118
f 1696//5119 1697//5119 2528//5119
f 1697//5120 1698//5120 770//5120
f 1698//5121 1699//5121 770//5121
f 2922//5122 1718//5122 1719//5122
f 2922//5123 2923//5123 1718//5123
f 2924//5124 1717//5124 1718//5124
f 2924//5125 1718//5125 2923//5125
f 2925//5126 1719//5126 1720//5126
f 2925//5127 2922//5127 1719//5127
f 2926//5128 1716//5128 1717//5128
f 2926//5129 1717//5129 2924//5129
f 2927//5130 1720//5130 1721//5130
f 2927//5131 2925//5131 1720//5131
f 2928//5132 1714//5132 1715//5132
f 2928//5133 1715//5133 1716//5133
f 2928//5134 1716//5134 2926//5134
f 2929//5135 1721//5135 1722//5135
f 2929//5136 2927//5136 1721//5136
f 2930//5137 1714//5137 2928//5137
f 2931//5138 1722//5138 1723//5138
f 2931//5139 2929//5139 1722//5139
f 2932//5140 1713//5140 1714//5140
f 2932//5141 1714//5141 2930//5141
f 2933//5142 1723//5142 1724//5142
f 2933//5143 2931//5143 1723//5143
f 2934//5144 1712//5144 1713//5144
f 2934//5145 1713//5145 2932//5145
f 1725//5146 2933//5146 1724//5146
f 1725//5147 2935//5147 2933//5147
f 2936//5148 2935//5148 1725//5148
f 1711//5149 2934//5149 2937//5149
f 1711//5150 1712//5150 2934//5150
f 2938//5151 1711//5151 2937//5151
f 1726//5152 2936//5152 1725//5152
f 1710//5153 1711//5153 2938//5153
f 1727//5154 2936//5154 1726//5154
f 1727//5155 2939//5155 2936//5155
f 1709//5156 1710//5156 2938//5156
f 1709//5157 2938//5157 2940//5157
f 1702//5158 2939//5158 1727//5158
f 1702//5159 2941//5159 2939//5159
f 1708//5160 2942//5160 2943//5160
f 1708//5161 2940//5161 2942//5161
f 1708//5162 1709//5162 2940//5162
f 1703//5163 2941//5163 1702//5163
f 1703//5164 2944//5164 2941//5164
f 1707//5165 1708//5165 2943//5165
f 1704//5166 2945//5166 2944//5166
f 1704//5167 2944//5167 1703//5167
f 1706//5168 2943//5168 2946//5168
f 1706//5169 1707//5169 2943//5169
f 1705//5170 1706//5170 2946//5170
f 1705//5171 2947//5171 2945//5171
f 1705//5172 2946//5172 2947//5172
f 1705//5173 2945//5173 1704//5173
f 2948//5174 380//5174 2949//5174
f 2950//5175 2949//5175 380//5175
f 2951//5176 380//5176 2948//5176
f 2952//5177 2950//5177 380//5177
f 2953//5178 380//5178 2951//5178
f 2954//5179 2952//5179 380//5179
f 2955//5180 1729//5180 380//5180
f 2955//5181 380//5181 2953//5181
f 2956//5182 2954//5182 380//5182
f 2957//5183 1729//5183 2955//5183
f 2958//5184 2956//5184 380//5184
f 2959//5185 1729//5185 2957//5185
f 2960//5186 1729//5186 2959//5186
f 2961//5187 1729//5187 2960//5187
f 2962//5188 1729//5188 2961//5188
f 2028//5189 2963//5189 2958//5189
f 2028//5190 2964//5190 2963//5190
f 2028//5191 2965//5191 2964//5191
f 2028//5192 2958//5192 380//5192
f 2966//5193 2965//5193 2028//5193
f 2967//5194 1729//5194 2962//5194
f 2968//5195 2966//5195 2028//5195
f 2969//5196 1729//5196 2967//5196
f 2970//5197 2968//5197 2028//5197
f 2971//5198 2970//5198 2028//5198
f 2972//5199 2970//5199 2971//5199
f 2973//5200 2972//5200 2971//5200
f 2974//5201 2973//5201 2971//5201
f 2975//5202 2974//5202 2971//5202
f 2976//5203 1729//5203 2969//5203
f 2976//5204 2977//5204 2978//5204
f 2976//5205 2979//5205 2977//5205
f 2976//5206 2980//5206 2979//5206
f 2976//5207 2969//5207 2980//5207
f 2981//5208 2976//5208 2978//5208
f 2982//5209 2975//5209 2971//5209
f 2983//5210 2976//5210 2981//5210
f 2984//5211 2982//5211 2971//5211
f 2985//5212 2976//5212 2983//5212
f 2986//5213 2984//5213 2971//5213
f 2987//5214 2976//5214 2985//5214
f 2988//5215 2989//5215 2986//5215
f 2988//5216 2990//5216 2989//5216
f 2988//5217 2991//5217 2990//5217
f 2988//5218 2992//5218 2991//5218
f 2988//5219 2993//5219 2992//5219
f 2988//5220 2994//5220 2993//5220
f 2988//5221 2995//5221 2994//5221
f 2988//5222 2996//5222 2995//5222
f 2988//5223 2997//5223 2996//5223
f 2988//5224 2998//5224 2997//5224
f 2988//5225 2999//5225 2998//5225
f 2971//5226 2988//5226 2986//5226
f 2988//5227 2976//5227 2987//5227
f 2988//5228 2987//5228 2999//5228
f 2756//5229 1728//5229 1729//5229
f 2976//5230 2756//5230 1729//5230
f 3000//5231 1792//5231 378//5231
f 3001//5232 1792//5232 3000//5232
f 3002//5233 3001//5233 3000//5233
f 1786//5234 3000//5234 378//5234
f 3003//5235 3001//5235 3002//5235
f 3004//5236 3000//5236 1786//5236
f 3005//5237 3006//5237 3007//5237
f 3005//5238 3007//5238 3004//5238
f 3005//5239 3004//5239 1786//5239
f 3005//5240 1786//5240 3008//5240
f 1786//5241 1789//5241 3008//5241
f 379//5242 1789//5242 1926//5242
f 1926//5243 1789//5243 3009//5243
f 1789//5244 1788//5244 3009//5244
f 2051//5245 2050//5245 1743//5245
f 2050//5246 1750//5246 1743//5246
f 2050//5247 3010//5247 1750//5247
f 3011//5248 3009//5248 1787//5248
f 1787//5249 3009//5249 1788//5249
f 1758//5250 1750//5250 3010//5250
f 1758//5251 3010//5251 3012//5251
f 3013//5252 3011//5252 1777//5252
f 1777//5253 3011//5253 1787//5253
f 3014//5254 3015//5254 3016//5254
f 1757//5255 1758//5255 3012//5255
f 1757//5256 3012//5256 3015//5256
f 1757//5257 3015//5257 3014//5257
f 3017//5258 3014//5258 3018//5258
f 3017//5259 1757//5259 3014//5259
f 3019//5260 1757//5260 3020//5260
f 3021//5261 3020//5261 1757//5261
f 3022//5262 1757//5262 3019//5262
f 3023//5263 3021//5263 1757//5263
f 3024//5264 1757//5264 3022//5264
f 3025//5265 3023//5265 1757//5265
f 3026//5266 1757//5266 3024//5266
f 3027//5267 3025//5267 1757//5267
f 3017//5268 3028//5268 3029//5268
f 3017//5269 3029//5269 3030//5269
f 3017//5270 3030//5270 3027//5270
f 3017//5271 3027//5271 1757//5271
f 3031//5272 3028//5272 3017//5272
f 3032//5273 3031//5273 3017//5273
f 3033//5274 3032//5274 3017//5274
f 3034//5275 3033//5275 3017//5275
f 3035//5276 3036//5276 3037//5276
f 3035//5277 3037//5277 3038//5277
f 3039//5278 3037//5278 3040//5278
f 3039//5279 3040//5279 3041//5279
f 3039//5280 3038//5280 3037//5280
f 3042//5281 3036//5281 3035//5281
f 3042//5282 3043//5282 3036//5282
f 3044//5283 3039//5283 3041//5283
f 3045//5284 3026//5284 3043//5284
f 3045//5285 3043//5285 3042//5285
f 3046//5286 3041//5286 3047//5286
f 3046//5287 3044//5287 3041//5287
f 3048//5288 3047//5288 3049//5288
f 3048//5289 3046//5289 3047//5289
f 3050//5290 3049//5290 3051//5290
f 3050//5291 3048//5291 3049//5291
f 3052//5292 3051//5292 3053//5292
f 3052//5293 3053//5293 3054//5293
f 3052//5294 3050//5294 3051//5294
f 3055//5295 3052//5295 3054//5295
f 3056//5296 3054//5296 3034//5296
f 3056//5297 3034//5297 3017//5297
f 3056//5298 3055//5298 3054//5298
f 3057//5299 3056//5299 3017//5299
f 3058//5300 3059//5300 3060//5300
f 3061//5301 3062//5301 3059//5301
f 3061//5302 3059//5302 3058//5302
f 3063//5303 3058//5303 3060//5303
f 3064//5304 3065//5304 3062//5304
f 3064//5305 3062//5305 3061//5305
f 3066//5306 3060//5306 3067//5306
f 3066//5307 3063//5307 3060//5307
f 3068//5308 3069//5308 3065//5308
f 3068//5309 3065//5309 3064//5309
f 3070//5310 3067//5310 3071//5310
f 3070//5311 3066//5311 3067//5311
f 3072//5312 3070//5312 3071//5312
f 3072//5313 3071//5313 3073//5313
f 3072//5314 3073//5314 3074//5314
f 3075//5315 3072//5315 3074//5315
f 3076//5316 3075//5316 3074//5316
f 3076//5317 3074//5317 3077//5317
f 3078//5318 3076//5318 3077//5318
f 3078//5319 3077//5319 3079//5319
f 3078//5320 3079//5320 3080//5320
f 3081//5321 3078//5321 3080//5321
f 3082//5322 3081//5322 3080//5322
f 3082//5323 3080//5323 3083//5323
f 3084//5324 3082//5324 3083//5324
f 3084//5325 3085//5325 3086//5325
f 3084//5326 3086//5326 3087//5326
f 3084//5327 3087//5327 3088//5327
f 3084//5328 3088//5328 3089//5328
f 3084//5329 3089//5329 3090//5329
f 3084//5330 3090//5330 3082//5330
f 1777//5331 3068//5331 3091//5331
f 1777//5332 3091//5332 3092//5332
f 1777//5333 3092//5333 3093//5333
f 1777//5334 3093//5334 3094//5334
f 3095//5335 3085//5335 3084//5335
f 3095//5336 1777//5336 3094//5336
f 3095//5337 3096//5337 3085//5337
f 3095//5338 3094//5338 3097//5338
f 3095//5339 3097//5339 3098//5339
f 3095//5340 3098//5340 3096//5340
f 1777//5341 1757//5341 3026//5341
f 1777//5342 3026//5342 3045//5342
f 1777//5343 3045//5343 3069//5343
f 1777//5344 3069//5344 3068//5344
f 3017//5345 3084//5345 3083//5345
f 3017//5346 3083//5346 3057//5346
f 3099//5347 2049//5347 2048//5347
f 1752//5348 1751//5348 2049//5348
f 1752//5349 2049//5349 3099//5349
f 1753//5350 3099//5350 3100//5350
f 1753//5351 1752//5351 3099//5351
f 1791//5352 3100//5352 3101//5352
f 1791//5353 1753//5353 3100//5353
f 1790//5354 3101//5354 3102//5354
f 1790//5355 1791//5355 3101//5355
f 1749//5356 3102//5356 3103//5356
f 1749//5357 1790//5357 3102//5357
f 1748//5358 3103//5358 3104//5358
f 1748//5359 1749//5359 3103//5359
f 1744//5360 3104//5360 3105//5360
f 1744//5361 1748//5361 3104//5361
f 1745//5362 3105//5362 3106//5362
f 1745//5363 1744//5363 3105//5363
f 1746//5364 3106//5364 3107//5364
f 1746//5365 1745//5365 3106//5365
f 1747//5366 1746//5366 3107//5366
f 1747//5367 3107//5367 3108//5367
f 1741//5368 1747//5368 3108//5368
f 1741//5369 3108//5369 3109//5369
f 1739//5370 1741//5370 3109//5370
f 1739//5371 3109//5371 3110//5371
f 1737//5372 1739//5372 3110//5372
f 1737//5373 3110//5373 3111//5373
f 1734//5374 1737//5374 3111//5374
f 1734//5375 3111//5375 3112//5375
f 1732//5376 1734//5376 3112//5376
f 1732//5377 3112//5377 3113//5377
f 1731//5378 1732//5378 3113//5378
f 1731//5379 3113//5379 3114//5379
f 1730//5380 1731//5380 3114//5380
f 1730//5381 3114//5381 3115//5381
f 1730//5382 3115//5382 3116//5382
f 1733//5383 1730//5383 3116//5383
f 1735//5384 1733//5384 3116//5384
f 1735//5385 3116//5385 3117//5385
f 1738//5386 1735//5386 3117//5386
f 1738//5387 3117//5387 3118//5387
f 1740//5388 1738//5388 3118//5388
f 1740//5389 3118//5389 3119//5389
f 1742//5390 1740//5390 3119//5390
f 1742//5391 3119//5391 3120//5391
f 1742//5392 3120//5392 3121//5392
f 1754//5393 1742//5393 3121//5393
f 1755//5394 3121//5394 3122//5394
f 1755//5395 1754//5395 3121//5395
f 2049//5396 3123//5396 2048//5396
f 1756//5397 3122//5397 3123//5397
f 1756//5398 1755//5398 3122//5398
f 1756//5399 3123//5399 2049//5399
f 1751//5400 1756//5400 2049//5400
f 1779//5401 1778//5401 3124//5401
f 1779//5402 3124//5402 3125//5402
f 1780//5403 3125//5403 3126//5403
f 1780//5404 1779//5404 3125//5404
f 1781//5405 3126//5405 3127//5405
f 1781//5406 1780//5406 3126//5406
f 1782//5407 3127//5407 3128//5407
f 1782//5408 1781//5408 3127//5408
f 1783//5409 3128//5409 3129//5409
f 1783//5410 1782//5410 3128//5410
f 1784//5411 3129//5411 3130//5411
f 1784//5412 1783//5412 3129//5412
f 1785//5413 3130//5413 3131//5413
f 1785//5414 1784//5414 3130//5414
f 1769//5415 3131//5415 3132//5415
f 1769//5416 1785//5416 3131//5416
f 1768//5417 3132//5417 3133//5417
f 1768//5418 3133//5418 3134//5418
f 1768//5419 1769//5419 3132//5419
f 1767//5420 1768//5420 3134//5420
f 1766//5421 1767//5421 3134//5421
f 1766//5422 3134//5422 3135//5422
f 1765//5423 1766//5423 3135//5423
f 1765//5424 3135//5424 3136//5424
f 1764//5425 1765//5425 3136//5425
f 1764//5426 3136//5426 3137//5426
f 1764//5427 3137//5427 3138//5427
f 1763//5428 1764//5428 3138//5428
f 1761//5429 1763//5429 3138//5429
f 1761//5430 3138//5430 3139//5430
f 1761//5431 3139//5431 3140//5431
f 1760//5432 1761//5432 3140//5432
f 1759//5433 1760//5433 3140//5433
f 1759//5434 3140//5434 3141//5434
f 1759//5435 3141//5435 3142//5435
f 1762//5436 1759//5436 3142//5436
f 1770//5437 1762//5437 3142//5437
f 1770//5438 3142//5438 3143//5438
f 1770//5439 3143//5439 3144//5439
f 1771//5440 1770//5440 3144//5440
f 1771//5441 3144//5441 3145//5441
f 1772//5442 1771//5442 3145//5442
f 1773//5443 1772//5443 3145//5443
f 1773//5444 3145//5444 3146//5444
f 1774//5445 1773//5445 3146//5445
f 1774//5446 3146//5446 3147//5446
f 1775//5447 3147//5447 3148//5447
f 1775//5448 1774//5448 3147//5448
f 1776//5449 3148//5449 3149//5449
f 1776//5450 3149//5450 3124//5450
f 1776//5451 1775//5451 3148//5451
f 1778//5452 1776//5452 3124//5452
f 1793//5453 3150//5453 379//5453
f 1793//5454 3151//5454 3150//5454
f 3151//5455 3152//5455 3150//5455
f 3150//5456 1789//5456 379//5456
f 3151//5457 3153//5457 3152//5457
f 3150//5458 3154//5458 1789//5458
f 3155//5459 3008//5459 3156//5459
f 3156//5460 3008//5460 3154//5460
f 3154//5461 3008//5461 1789//5461
f 3151//5462 1793//5462 1792//5462
f 3151//5463 1792//5463 3001//5463
f 2439//5464 450//5464 1800//5464
f 2439//5465 1800//5465 3157//5465
f 2440//5466 2439//5466 3157//5466
f 3158//5467 2084//5467 2352//5467
f 3158//5468 2352//5468 2353//5468
f 3159//5469 3158//5469 3160//5469
f 2142//5470 3158//5470 3159//5470
f 3161//5471 1796//5471 1795//5471
f 3161//5472 1795//5472 2142//5472
f 3162//5473 3161//5473 3163//5473
f 3164//5474 3163//5474 3161//5474
f 3165//5475 3161//5475 3162//5475
f 3166//5476 3164//5476 3161//5476
f 3167//5477 3166//5477 3161//5477
f 3168//5478 3161//5478 2142//5478
f 3168//5479 3167//5479 3161//5479
f 3169//5480 3168//5480 2142//5480
f 3170//5481 2142//5481 3159//5481
f 3170//5482 3169//5482 2142//5482
f 3171//5483 3170//5483 3159//5483
f 3172//5484 3171//5484 3159//5484
f 3173//5485 3174//5485 3175//5485
f 3173//5486 3175//5486 3176//5486
f 3173//5487 3176//5487 3177//5487
f 3173//5488 3177//5488 3178//5488
f 1800//5489 1802//5489 3173//5489
f 3179//5490 3180//5490 3181//5490
f 3179//5491 3181//5491 3182//5491
f 3179//5492 3182//5492 3183//5492
f 3179//5493 3183//5493 3184//5493
f 3179//5494 3184//5494 3185//5494
f 3179//5495 3185//5495 3186//5495
f 3179//5496 3186//5496 3187//5496
f 3179//5497 3173//5497 3178//5497
f 3179//5498 3178//5498 3180//5498
f 3188//5499 3173//5499 3179//5499
f 3157//5500 1800//5500 3173//5500
f 3157//5501 3173//5501 3188//5501
f 2142//5502 2084//5502 3158//5502
f 3159//5503 3179//5503 3187//5503
f 3159//5504 3187//5504 3172//5504
f 3173//5505 3161//5505 3189//5505
f 3189//5506 3161//5506 3190//5506
f 3190//5507 3161//5507 3165//5507
f 3173//5508 3189//5508 3174//5508
f 1802//5509 1801//5509 3191//5509
f 3173//5510 1802//5510 3191//5510
f 3191//5511 1801//5511 1794//5511
f 3191//5512 1794//5512 3192//5512
f 1794//5513 1796//5513 3192//5513
f 1796//5514 3161//5514 3192//5514
f 2142//5515 1795//5515 1798//5515
f 2142//5516 1798//5516 2345//5516
f 2345//5517 1798//5517 1815//5517
f 2345//5518 1815//5518 2306//5518
f 2047//5519 3010//5519 2049//5519
f 2049//5520 3010//5520 2050//5520
f 3010//5521 3015//5521 3012//5521
f 3010//5522 2306//5522 3015//5522
f 1825//5523 3193//5523 1815//5523
f 1815//5524 3193//5524 2306//5524
f 3193//5525 3141//5525 3140//5525
f 3140//5526 3139//5526 3193//5526
f 3193//5527 3142//5527 3141//5527
f 3139//5528 3138//5528 3193//5528
f 3138//5529 3137//5529 3193//5529
f 3193//5530 3136//5530 2306//5530
f 3137//5531 3136//5531 3193//5531
f 3136//5532 3135//5532 2306//5532
f 2306//5533 3134//5533 3015//5533
f 3135//5534 3134//5534 2306//5534
f 3134//5535 3133//5535 3015//5535
f 3133//5536 3132//5536 3015//5536
f 3145//5537 3194//5537 3146//5537
f 3146//5538 3194//5538 3147//5538
f 3147//5539 3194//5539 3148//5539
f 3148//5540 3194//5540 3149//5540
f 1927//5541 1926//5541 3194//5541
f 3124//5542 3013//5542 3125//5542
f 3125//5543 3013//5543 3126//5543
f 3126//5544 3013//5544 3127//5544
f 3127//5545 3013//5545 3128//5545
f 3128//5546 3013//5546 3129//5546
f 3129//5547 3013//5547 3130//5547
f 3130//5548 3013//5548 3131//5548
f 3194//5549 3013//5549 3149//5549
f 3149//5550 3013//5550 3124//5550
f 3194//5551 3011//5551 3013//5551
f 1926//5552 3009//5552 3194//5552
f 3194//5553 3009//5553 3011//5553
f 2047//5554 2306//5554 3010//5554
f 3013//5555 3015//5555 3131//5555
f 3131//5556 3015//5556 3132//5556
f 3193//5557 3194//5557 3144//5557
f 3193//5558 3144//5558 3143//5558
f 3193//5559 3143//5559 3142//5559
f 3144//5560 3194//5560 3145//5560
f 1825//5561 1824//5561 3195//5561
f 3193//5562 1825//5562 3195//5562
f 1928//5563 3196//5563 1824//5563
f 1824//5564 3196//5564 3195//5564
f 1928//5565 1927//5565 3196//5565
f 1927//5566 3194//5566 3196//5566
f 1997//5567 1982//5567 3197//5567
f 2030//5568 3198//5568 3199//5568
f 2030//5569 3199//5569 1997//5569
f 3200//5570 2028//5570 2030//5570
f 3197//5571 3200//5571 2030//5571
f 3197//5572 2030//5572 1997//5572
f 2030//5573 2029//5573 3198//5573
f 3198//5574 2029//5574 3201//5574
f 2029//5575 2031//5575 3201//5575
f 3201//5576 2031//5576 3202//5576
f 3202//5577 2032//5577 3203//5577
f 2031//5578 2032//5578 3202//5578
f 3203//5579 2033//5579 3204//5579
f 2032//5580 2033//5580 3203//5580
f 2033//5581 2034//5581 3204//5581
f 3204//5582 2034//5582 3205//5582
f 2034//5583 2035//5583 3205//5583
f 3205//5584 2035//5584 3206//5584
f 2035//5585 2036//5585 3206//5585
f 3206//5586 2036//5586 3207//5586
f 2036//5587 2037//5587 3207//5587
f 3207//5588 2037//5588 3208//5588
f 2037//5589 2038//5589 3208//5589
f 3208//5590 2038//5590 3209//5590
f 2038//5591 2039//5591 3209//5591
f 3209//5592 2039//5592 3210//5592
f 2039//5593 2040//5593 3210//5593
f 3210//5594 2040//5594 3211//5594
f 3211//5595 2041//5595 3212//5595
f 2040//5596 2041//5596 3211//5596
f 3212//5597 2042//5597 3213//5597
f 2041//5598 2042//5598 3212//5598
f 3213//5599 2043//5599 3214//5599
f 2042//5600 2043//5600 3213//5600
f 3214//5601 2044//5601 3215//5601
f 2043//5602 2044//5602 3214//5602
f 3215//5603 2045//5603 3216//5603
f 2044//5604 2045//5604 3215//5604
f 3216//5605 2046//5605 3217//5605
f 2045//5606 2046//5606 3216//5606
f 3217//5607 2027//5607 3218//5607
f 2046//5608 2027//5608 3217//5608
f 3218//5609 2026//5609 3219//5609
f 2027//5610 2026//5610 3218//5610
f 3219//5611 2025//5611 3220//5611
f 2026//5612 2025//5612 3219//5612
f 3220//5613 2024//5613 3221//5613
f 2025//5614 2024//5614 3220//5614
f 3221//5615 2023//5615 3222//5615
f 2024//5616 2023//5616 3221//5616
f 3222//5617 2022//5617 3223//5617
f 2023//5618 2022//5618 3222//5618
f 3223//5619 2021//5619 3224//5619
f 2022//5620 2021//5620 3223//5620
f 3224//5621 2020//5621 3225//5621
f 2021//5622 2020//5622 3224//5622
f 3225//5623 2019//5623 3226//5623
f 2020//5624 2019//5624 3225//5624
f 3226//5625 2018//5625 3227//5625
f 2019//5626 2018//5626 3226//5626
f 3227//5627 2017//5627 3228//5627
f 2018//5628 2017//5628 3227//5628
f 3228//5629 2005//5629 3229//5629
f 2017//5630 2005//5630 3228//5630
f 2005//5631 2004//5631 3229//5631
f 3229//5632 2004//5632 3230//5632
f 2004//5633 2006//5633 3230//5633
f 3230//5634 2006//5634 3231//5634
f 2006//5635 2007//5635 3231//5635
f 3231//5636 2007//5636 3232//5636
f 2007//5637 2008//5637 3232//5637
f 3232//5638 2008//5638 3233//5638
f 2008//5639 2009//5639 3233//5639
f 3233//5640 2009//5640 3234//5640
f 2009//5641 2010//5641 3234//5641
f 3234//5642 2010//5642 3235//5642
f 3235//5643 2011//5643 3236//5643
f 2010//5644 2011//5644 3235//5644
f 3236//5645 2012//5645 3237//5645
f 2011//5646 2012//5646 3236//5646
f 3237//5647 2013//5647 3238//5647
f 2012//5648 2013//5648 3237//5648
f 3238//5649 2014//5649 3239//5649
f 2013//5650 2014//5650 3238//5650
f 3239//5651 2015//5651 3240//5651
f 2014//5652 2015//5652 3239//5652
f 3240//5653 2016//5653 3241//5653
f 2015//5654 2016//5654 3240//5654
f 3241//5655 1986//5655 3242//5655
f 2016//5656 1986//5656 3241//5656
f 3242//5657 1983//5657 3243//5657
f 3243//5658 1983//5658 3244//5658
f 1986//5659 1983//5659 3242//5659
f 1983//5660 1980//5660 3244//5660
f 3244//5661 1978//5661 3245//5661
f 3245//5662 1978//5662 3246//5662
f 1980//5663 1978//5663 3244//5663
f 3246//5664 1976//5664 3247//5664
f 1978//5665 1976//5665 3246//5665
f 1976//5666 1973//5666 3247//5666
f 3247//5667 1971//5667 3248//5667
f 3248//5668 1971//5668 3249//5668
f 1973//5669 1971//5669 3247//5669
f 3249//5670 1969//5670 3250//5670
f 1971//5671 1969//5671 3249//5671
f 3250//5672 1967//5672 3251//5672
f 1969//5673 1967//5673 3250//5673
f 1967//5674 1964//5674 3251//5674
f 3251//5675 1962//5675 3252//5675
f 1964//5676 1962//5676 3251//5676
f 3252//5677 1960//5677 3253//5677
f 3253//5678 1960//5678 3254//5678
f 1962//5679 1960//5679 3252//5679
f 3254//5680 1958//5680 3255//5680
f 1960//5681 1958//5681 3254//5681
f 3255//5682 1955//5682 3256//5682
f 1958//5683 1955//5683 3255//5683
f 1955//5684 1953//5684 3256//5684
f 3256//5685 1953//5685 3257//5685
f 1953//5686 1951//5686 3257//5686
f 3257//5687 1951//5687 3258//5687
f 1951//5688 1949//5688 3258//5688
f 3258//5689 1949//5689 3259//5689
f 1949//5690 1945//5690 3259//5690
f 3259//5691 1945//5691 3260//5691
f 1945//5692 1947//5692 3260//5692
f 3260//5693 1947//5693 3261//5693
f 1947//5694 1948//5694 3261//5694
f 3261//5695 1948//5695 3262//5695
f 1948//5696 1950//5696 3262//5696
f 3262//5697 1950//5697 3263//5697
f 1950//5698 1952//5698 3263//5698
f 3263//5699 1952//5699 3264//5699
f 1952//5700 1954//5700 3264//5700
f 3264//5701 1954//5701 3265//5701
f 1954//5702 1957//5702 3265//5702
f 3265//5703 1957//5703 3266//5703
f 1957//5704 1959//5704 3266//5704
f 3266//5705 1959//5705 3267//5705
f 1959//5706 1961//5706 3267//5706
f 3267//5707 1961//5707 3268//5707
f 1961//5708 1963//5708 3268//5708
f 3268//5709 1963//5709 3269//5709
f 3269//5710 1966//5710 3270//5710
f 1963//5711 1966//5711 3269//5711
f 1966//5712 1968//5712 3270//5712
f 3270//5713 1968//5713 3271//5713
f 3271//5714 1970//5714 3272//5714
f 1968//5715 1970//5715 3271//5715
f 3272//5716 1972//5716 3273//5716
f 1970//5717 1972//5717 3272//5717
f 3273//5718 1975//5718 3274//5718
f 1972//5719 1975//5719 3273//5719
f 3274//5720 1977//5720 3275//5720
f 1975//5721 1977//5721 3274//5721
f 3275//5722 1979//5722 3276//5722
f 1977//5723 1979//5723 3275//5723
f 3276//5724 1981//5724 3277//5724
f 1979//5725 1981//5725 3276//5725
f 3277//5726 1985//5726 3278//5726
f 1981//5727 1985//5727 3277//5727
f 3278//5728 1987//5728 3279//5728
f 1985//5729 1987//5729 3278//5729
f 3279//5730 1988//5730 3280//5730
f 1987//5731 1988//5731 3279//5731
f 3280//5732 1989//5732 3281//5732
f 1988//5733 1989//5733 3280//5733
f 1989//5734 1990//5734 3281//5734
f 3281//5735 1990//5735 3282//5735
f 1990//5736 1991//5736 3282//5736
f 3282//5737 1991//5737 3283//5737
f 1991//5738 1992//5738 3283//5738
f 3283//5739 1992//5739 3284//5739
f 1992//5740 1993//5740 3284//5740
f 3284//5741 1993//5741 3285//5741
f 1993//5742 1994//5742 3285//5742
f 3285//5743 1994//5743 3286//5743
f 1994//5744 1995//5744 3286//5744
f 3286//5745 1995//5745 3287//5745
f 1995//5746 1996//5746 3287//5746
f 3287//5747 1996//5747 3199//5747
f 1996//5748 1997//5748 3199//5748
f 1888//5749 1849//5749 3288//5749
f 3289//5750 1913//5750 1915//5750
f 3288//5751 3289//5751 1915//5751
f 3288//5752 1915//5752 1888//5752
f 1833//5753 1831//5753 1829//5753
f 1834//5754 1829//5754 1826//5754
f 1834//5755 1826//5755 1827//5755
f 1834//5756 1827//5756 1828//5756
f 1834//5757 1828//5757 1830//5757
f 1834//5758 1830//5758 1832//5758
f 1837//5759 1835//5759 1833//5759
f 1838//5760 1834//5760 1836//5760
f 1841//5761 1839//5761 1837//5761
f 1842//5762 1838//5762 1840//5762
f 1843//5763 1841//5763 1837//5763
f 1843//5764 1837//5764 1833//5764
f 1843//5765 1833//5765 1829//5765
f 1846//5766 1842//5766 1844//5766
f 1853//5767 1846//5767 1850//5767
f 1853//5768 1850//5768 1851//5768
f 1854//5769 1852//5769 1848//5769
f 1854//5770 1848//5770 1847//5770
f 1858//5771 1853//5771 1855//5771
f 1862//5772 1860//5772 1856//5772
f 1862//5773 1856//5773 1854//5773
f 1863//5774 1853//5774 1858//5774
f 1863//5775 1858//5775 1861//5775
f 1868//5776 1863//5776 1865//5776
f 1869//5777 1866//5777 1864//5777
f 1870//5778 1863//5778 1868//5778
f 1871//5779 1864//5779 1862//5779
f 1871//5780 1869//5780 1864//5780
f 1872//5781 1863//5781 1870//5781
f 1872//5782 1853//5782 1863//5782
f 1873//5783 1871//5783 1862//5783
f 1878//5784 1873//5784 1862//5784
f 1878//5785 1875//5785 1873//5785
f 1878//5786 1854//5786 1847//5786
f 1878//5787 1847//5787 1845//5787
f 1878//5788 1845//5788 1843//5788
f 1878//5789 1862//5789 1854//5789
f 1881//5790 1842//5790 1846//5790
f 1881//5791 1853//5791 1872//5791
f 1881//5792 1846//5792 1853//5792
f 1881//5793 1872//5793 1874//5793
f 1881//5794 1874//5794 1877//5794
f 1881//5795 1877//5795 1879//5795
f 1884//5796 1882//5796 1880//5796
f 1884//5797 1880//5797 1878//5797
f 1886//5798 1881//5798 1883//5798
f 1888//5799 1829//5799 1834//5799
f 1888//5800 1834//5800 1838//5800
f 1888//5801 1838//5801 1842//5801
f 1888//5802 1842//5802 1881//5802
f 1888//5803 1881//5803 1886//5803
f 1890//5804 1889//5804 1887//5804
f 1890//5805 1887//5805 1884//5805
f 1890//5806 1884//5806 1878//5806
f 1894//5807 1893//5807 1891//5807
f 1911//5808 1890//5808 1878//5808
f 1911//5809 1894//5809 1891//5809
f 1911//5810 1912//5810 1894//5810
f 1911//5811 1891//5811 1890//5811
f 1909//5812 1910//5812 1911//5812
f 1908//5813 1909//5813 1911//5813
f 1906//5814 1908//5814 1911//5814
f 1906//5815 1907//5815 1908//5815
f 1905//5816 1906//5816 1911//5816
f 1904//5817 1905//5817 1911//5817
f 1903//5818 1911//5818 1878//5818
f 1903//5819 1904//5819 1911//5819
f 1903//5820 1878//5820 1843//5820
f 1925//5821 1899//5821 1898//5821
f 1925//5822 1898//5822 1900//5822
f 1925//5823 1900//5823 1901//5823
f 1925//5824 1901//5824 1902//5824
f 1923//5825 1924//5825 1925//5825
f 1923//5826 1902//5826 1903//5826
f 1923//5827 1925//5827 1902//5827
f 1921//5828 1922//5828 1923//5828
f 1921//5829 1923//5829 1903//5829
f 1918//5830 1919//5830 1920//5830
f 1918//5831 1920//5831 1921//5831
f 1917//5832 1918//5832 1921//5832
f 1914//5833 1916//5833 1917//5833
f 1914//5834 1903//5834 1843//5834
f 1914//5835 1843//5835 1829//5835
f 1914//5836 1921//5836 1903//5836
f 1914//5837 1917//5837 1921//5837
f 1914//5838 1829//5838 1888//5838
f 1915//5839 1914//5839 1888//5839
f 3290//5840 3291//5840 3292//5840
f 3293//5841 3292//5841 3291//5841
f 3294//5842 2444//5842 3291//5842
f 3294//5843 3291//5843 3290//5843
f 3295//5844 3293//5844 3291//5844
f 3296//5845 2444//5845 3294//5845
f 3297//5846 3295//5846 3291//5846
f 3298//5847 2444//5847 3296//5847
f 3299//5848 3297//5848 3291//5848
f 3300//5849 2444//5849 3298//5849
f 3301//5850 3299//5850 3291//5850
f 3302//5851 2444//5851 3300//5851
f 3303//5852 3301//5852 3291//5852
f 3304//5853 2444//5853 3302//5853
f 3305//5854 2444//5854 3304//5854
f 3306//5855 2444//5855 3305//5855
f 451//5856 2444//5856 3306//5856
f 3307//5857 451//5857 3306//5857
f 3308//5858 451//5858 3307//5858
f 3309//5859 451//5859 3308//5859
f 3310//5860 3311//5860 3303//5860
f 3310//5861 3312//5861 3311//5861
f 3310//5862 3313//5862 3312//5862
f 3310//5863 3314//5863 3313//5863
f 3310//5864 3315//5864 3314//5864
f 3310//5865 3303//5865 3291//5865
f 3316//5866 3315//5866 3310//5866
f 3317//5867 451//5867 3309//5867
f 3318//5868 3316//5868 3310//5868
f 3319//5869 451//5869 3317//5869
f 3320//5870 3318//5870 3310//5870
f 3321//5871 451//5871 3319//5871
f 3322//5872 3320//5872 3310//5872
f 3323//5873 451//5873 3321//5873
f 3324//5874 3322//5874 3310//5874
f 3325//5875 3324//5875 3310//5875
f 3326//5876 3325//5876 3310//5876
f 1849//5877 3327//5877 3328//5877
f 1849//5878 3329//5878 3327//5878
f 1849//5879 3330//5879 3329//5879
f 1849//5880 3331//5880 3330//5880
f 1849//5881 3332//5881 3331//5881
f 3333//5882 3334//5882 3326//5882
f 3333//5883 3335//5883 3334//5883
f 3333//5884 3336//5884 3335//5884
f 3333//5885 3337//5885 3336//5885
f 3333//5886 3338//5886 3337//5886
f 3333//5887 3339//5887 3338//5887
f 3333//5888 3328//5888 3339//5888
f 3333//5889 1849//5889 3328//5889
f 3310//5890 3333//5890 3326//5890
f 1849//5891 451//5891 3332//5891
f 3332//5892 451//5892 3340//5892
f 3340//5893 451//5893 3341//5893
f 3341//5894 451//5894 3323//5894
f 3114//5895 2069//5895 3115//5895
f 2068//5896 2069//5896 3114//5896
f 3113//5897 2067//5897 3114//5897
f 3114//5898 2067//5898 2068//5898
f 3115//5899 2070//5899 3116//5899
f 2069//5900 2070//5900 3115//5900
f 3112//5901 2066//5901 3113//5901
f 3113//5902 2066//5902 2067//5902
f 3116//5903 2071//5903 3117//5903
f 2070//5904 2071//5904 3116//5904
f 3111//5905 2065//5905 3112//5905
f 3112//5906 2065//5906 2066//5906
f 3117//5907 2072//5907 3118//5907
f 2071//5908 2072//5908 3117//5908
f 3110//5909 2064//5909 3111//5909
f 3111//5910 2064//5910 2065//5910
f 3118//5911 2073//5911 3119//5911
f 2072//5912 2073//5912 3118//5912
f 3109//5913 2063//5913 3110//5913
f 3110//5914 2063//5914 2064//5914
f 3119//5915 2074//5915 3120//5915
f 2073//5916 2074//5916 3119//5916
f 3109//5917 3108//5917 2063//5917
f 3108//5918 2062//5918 2063//5918
f 2074//5919 2075//5919 3120//5919
f 2075//5920 3121//5920 3120//5920
f 2075//5921 2076//5921 3121//5921
f 3108//5922 3107//5922 2062//5922
f 2062//5923 3107//5923 2061//5923
f 2076//5924 3122//5924 3121//5924
f 2077//5925 3122//5925 2076//5925
f 3107//5926 3106//5926 2061//5926
f 2061//5927 3106//5927 2060//5927
f 2077//5928 3123//5928 3122//5928
f 2053//5929 3123//5929 2077//5929
f 3106//5930 3105//5930 2060//5930
f 2059//5931 3105//5931 2058//5931
f 2060//5932 3105//5932 2059//5932
f 2053//5933 2048//5933 3123//5933
f 3105//5934 3104//5934 2058//5934
f 2052//5935 3099//5935 2053//5935
f 2053//5936 3099//5936 2048//5936
f 3104//5937 3103//5937 2058//5937
f 2058//5938 3103//5938 2057//5938
f 2054//5939 3100//5939 2052//5939
f 2052//5940 3100//5940 3099//5940
f 3103//5941 3102//5941 2057//5941
f 2057//5942 3102//5942 2056//5942
f 2055//5943 3101//5943 2054//5943
f 2056//5944 3101//5944 2055//5944
f 3102//5945 3101//5945 2056//5945
f 2054//5946 3101//5946 3100//5946
f 2353//5947 2354//5947 2356//5947
f 2402//5948 2353//5948 2356//5948
f 3158//5949 2353//5949 2402//5949
f 2374//5950 3342//5950 3343//5950
f 2374//5951 2373//5951 3342//5951
f 2372//5952 3344//5952 3342//5952
f 2372//5953 3342//5953 2373//5953
f 2375//5954 3343//5954 3345//5954
f 2375//5955 2374//5955 3343//5955
f 2371//5956 3346//5956 3344//5956
f 2371//5957 3344//5957 2372//5957
f 2376//5958 3345//5958 3347//5958
f 2376//5959 2375//5959 3345//5959
f 2370//5960 3348//5960 3349//5960
f 2370//5961 3349//5961 3346//5961
f 2370//5962 3346//5962 2371//5962
f 2377//5963 3347//5963 3350//5963
f 2377//5964 2376//5964 3347//5964
f 2369//5965 3348//5965 2370//5965
f 2378//5966 3350//5966 3351//5966
f 2378//5967 2377//5967 3350//5967
f 2368//5968 3352//5968 3348//5968
f 2368//5969 3348//5969 2369//5969
f 2379//5970 3351//5970 3353//5970
f 2379//5971 2378//5971 3351//5971
f 3354//5972 3352//5972 2368//5972
f 2367//5973 3354//5973 2368//5973
f 3355//5974 2380//5974 2379//5974
f 3355//5975 2379//5975 3353//5975
f 2366//5976 3354//5976 2367//5976
f 2381//5977 2380//5977 3355//5977
f 3356//5978 3354//5978 2366//5978
f 3357//5979 2381//5979 3355//5979
f 3358//5980 3356//5980 2366//5980
f 3358//5981 2366//5981 2365//5981
f 3359//5982 2381//5982 3357//5982
f 3359//5983 2382//5983 2381//5983
f 3360//5984 3358//5984 2365//5984
f 3360//5985 2364//5985 2363//5985
f 3360//5986 2365//5986 2364//5986
f 2351//5987 2382//5987 3359//5987
f 2351//5988 2357//5988 2382//5988
f 3361//5989 3360//5989 2363//5989
f 3362//5990 2358//5990 2357//5990
f 3362//5991 2357//5991 2351//5991
f 3363//5992 3361//5992 2363//5992
f 3363//5993 2363//5993 2362//5993
f 3364//5994 2359//5994 2358//5994
f 3364//5995 2360//5995 2359//5995
f 3364//5996 2358//5996 3362//5996
f 3365//5997 2362//5997 2361//5997
f 3365//5998 3363//5998 2362//5998
f 3366//5999 2361//5999 2360//5999
f 3366//6000 3365//6000 2361//6000
f 3366//6001 2360//6001 3364//6001
f 2445//6002 3367//6002 448//6002
f 2445//6003 3368//6003 3367//6003
f 3368//6004 3369//6004 3367//6004
f 3367//6005 2437//6005 448//6005
f 3368//6006 3370//6006 3369//6006
f 3367//6007 3371//6007 2437//6007
f 3372//6008 3373//6008 3374//6008
f 3374//6009 3373//6009 3371//6009
f 3371//6010 3373//6010 2437//6010
f 2437//6011 3373//6011 3375//6011
f 2439//6012 2437//6012 3375//6012
f 3157//6013 3188//6013 2438//6013
f 3157//6014 2438//6014 2440//6014
f 2402//6015 2409//6015 3158//6015
f 3158//6016 2409//6016 3160//6016
f 3188//6017 3179//6017 2429//6017
f 3188//6018 2429//6018 2438//6018
f 3159//6019 3376//6019 3377//6019
f 2409//6020 2408//6020 3160//6020
f 3160//6021 2408//6021 3159//6021
f 3159//6022 2408//6022 3376//6022
f 3376//6023 3378//6023 3379//6023
f 2408//6024 3378//6024 3376//6024
f 2408//6025 3380//6025 3381//6025
f 3381//6026 3382//6026 2408//6026
f 2408//6027 3383//6027 3380//6027
f 3382//6028 3384//6028 2408//6028
f 2408//6029 3385//6029 3383//6029
f 3384//6030 3386//6030 2408//6030
f 2408//6031 3387//6031 3385//6031
f 3386//6032 3388//6032 2408//6032
f 3388//6033 3378//6033 2408//6033
f 3389//6034 3378//6034 3390//6034
f 3390//6035 3378//6035 3391//6035
f 3391//6036 3378//6036 3388//6036
f 3389//6037 3392//6037 3378//6037
f 3392//6038 3393//6038 3378//6038
f 3393//6039 3394//6039 3378//6039
f 3394//6040 3395//6040 3378//6040
f 3396//6041 3397//6041 3398//6041
f 3399//6042 3397//6042 3396//6042
f 3398//6043 3400//6043 3396//6043
f 3396//6044 3400//6044 3401//6044
f 3401//6045 3400//6045 3402//6045
f 3403//6046 3404//6046 3399//6046
f 3399//6047 3404//6047 3397//6047
f 3400//6048 3405//6048 3402//6048
f 3403//6049 3406//6049 3404//6049
f 3387//6050 3406//6050 3403//6050
f 3402//6051 3407//6051 3408//6051
f 3405//6052 3407//6052 3402//6052
f 3408//6053 3409//6053 3410//6053
f 3407//6054 3409//6054 3408//6054
f 3410//6055 3411//6055 3412//6055
f 3409//6056 3411//6056 3410//6056
f 3412//6057 3413//6057 3414//6057
f 3414//6058 3413//6058 3415//6058
f 3411//6059 3413//6059 3412//6059
f 3415//6060 3416//6060 3395//6060
f 3413//6061 3416//6061 3415//6061
f 3395//6062 3417//6062 3378//6062
f 3416//6063 3417//6063 3395//6063
f 3417//6064 3418//6064 3378//6064
f 3419//6065 3420//6065 3421//6065
f 3421//6066 3420//6066 3422//6066
f 3421//6067 3423//6067 3424//6067
f 3422//6068 3423//6068 3421//6068
f 3425//6069 3426//6069 3419//6069
f 3419//6070 3426//6070 3420//6070
f 3424//6071 3427//6071 3428//6071
f 3423//6072 3427//6072 3424//6072
f 3429//6073 3430//6073 3425//6073
f 3425//6074 3430//6074 3426//6074
f 3428//6075 3431//6075 3432//6075
f 3427//6076 3431//6076 3428//6076
f 3431//6077 3433//6077 3432//6077
f 3432//6078 3433//6078 3434//6078
f 3434//6079 3435//6079 3436//6079
f 3433//6080 3435//6080 3434//6080
f 3436//6081 3437//6081 3438//6081
f 3435//6082 3437//6082 3436//6082
f 3438//6083 3439//6083 3440//6083
f 3437//6084 3439//6084 3438//6084
f 3439//6085 3441//6085 3440//6085
f 3440//6086 3441//6086 3442//6086
f 3442//6087 3443//6087 3444//6087
f 3441//6088 3443//6088 3442//6088
f 3443//6089 3445//6089 3444//6089
f 3446//6090 3445//6090 3447//6090
f 3447//6091 3445//6091 3448//6091
f 3448//6092 3445//6092 3449//6092
f 3449//6093 3445//6093 3450//6093
f 3450//6094 3445//6094 3451//6094
f 3451//6095 3445//6095 3443//6095
f 3430//6096 2429//6096 3452//6096
f 3452//6097 2429//6097 3453//6097
f 3453//6098 2429//6098 3454//6098
f 3454//6099 2429//6099 3455//6099
f 2429//6100 3456//6100 3455//6100
f 3457//6101 3456//6101 3446//6101
f 3455//6102 3456//6102 3458//6102
f 3458//6103 3456//6103 3459//6103
f 3459//6104 3456//6104 3457//6104
f 3446//6105 3456//6105 3445//6105
f 2408//6106 2429//6106 3387//6106
f 3387//6107 2429//6107 3406//6107
f 3406//6108 2429//6108 3429//6108
f 3429//6109 2429//6109 3430//6109
f 3445//6110 3378//6110 3444//6110
f 3444//6111 3378//6111 3418//6111
f 2352//6112 3362//6112 2351//6112
f 2401//6113 2403//6113 2352//6113
f 2352//6114 2403//6114 3362//6114
f 3362//6115 2404//6115 3364//6115
f 2403//6116 2404//6116 3362//6116
f 3364//6117 2442//6117 3366//6117
f 2404//6118 2442//6118 3364//6118
f 3366//6119 2441//6119 3365//6119
f 2442//6120 2441//6120 3366//6120
f 3365//6121 2400//6121 3363//6121
f 2441//6122 2400//6122 3365//6122
f 3363//6123 2399//6123 3361//6123
f 3361//6124 2399//6124 3360//6124
f 2400//6125 2399//6125 3363//6125
f 2399//6126 2395//6126 3360//6126
f 3360//6127 2396//6127 3358//6127
f 2395//6128 2396//6128 3360//6128
f 3358//6129 2397//6129 3356//6129
f 2396//6130 2397//6130 3358//6130
f 2397//6131 2398//6131 3356//6131
f 3356//6132 2398//6132 3354//6132
f 2398//6133 2393//6133 3354//6133
f 3354//6134 2393//6134 3352//6134
f 2393//6135 2391//6135 3352//6135
f 3352//6136 2391//6136 3348//6136
f 2391//6137 2389//6137 3348//6137
f 3348//6138 2389//6138 3349//6138
f 2389//6139 2387//6139 3349//6139
f 3349//6140 2387//6140 3346//6140
f 2387//6141 2385//6141 3346//6141
f 3346//6142 2385//6142 3344//6142
f 2385//6143 2384//6143 3344//6143
f 3344//6144 2384//6144 3342//6144
f 2384//6145 2383//6145 3342//6145
f 3342//6146 2383//6146 3343//6146
f 2383//6147 2386//6147 3343//6147
f 3343//6148 2386//6148 3345//6148
f 2386//6149 2388//6149 3345//6149
f 3345//6150 2388//6150 3347//6150
f 2388//6151 2390//6151 3347//6151
f 3347//6152 2390//6152 3350//6152
f 3350//6153 2390//6153 3351//6153
f 2390//6154 2392//6154 3351//6154
f 2392//6155 2394//6155 3351//6155
f 3351//6156 2394//6156 3353//6156
f 2394//6157 2405//6157 3353//6157
f 3353//6158 2405//6158 3355//6158
f 3355//6159 2406//6159 3357//6159
f 2405//6160 2406//6160 3355//6160
f 3359//6161 2352//6161 2351//6161
f 3357//6162 2407//6162 3359//6162
f 2406//6163 2407//6163 3357//6163
f 3359//6164 2407//6164 2352//6164
f 2407//6165 2401//6165 2352//6165
f 2428//6166 2430//6166 3180//6166
f 3180//6167 2430//6167 3181//6167
f 3181//6168 2431//6168 3182//6168
f 2430//6169 2431//6169 3181//6169
f 3182//6170 2432//6170 3183//6170
f 2431//6171 2432//6171 3182//6171
f 3183//6172 2433//6172 3184//6172
f 2432//6173 2433//6173 3183//6173
f 3184//6174 2434//6174 3185//6174
f 2433//6175 2434//6175 3184//6175
f 3185//6176 2435//6176 3186//6176
f 2434//6177 2435//6177 3185//6177
f 3186//6178 2436//6178 3187//6178
f 2435//6179 2436//6179 3186//6179
f 3187//6180 2420//6180 3172//6180
f 3172//6181 2420//6181 3171//6181
f 2436//6182 2420//6182 3187//6182
f 2420//6183 2419//6183 3171//6183
f 3171//6184 2418//6184 3170//6184
f 3170//6185 2418//6185 3169//6185
f 2419//6186 2418//6186 3171//6186
f 2418//6187 2417//6187 3169//6187
f 2417//6188 2416//6188 3169//6188
f 3169//6189 2416//6189 3168//6189
f 2416//6190 2415//6190 3168//6190
f 3168//6191 2415//6191 3167//6191
f 3167//6192 2415//6192 3166//6192
f 2415//6193 2414//6193 3166//6193
f 2414//6194 2412//6194 3166//6194
f 3166//6195 2412//6195 3164//6195
f 2412//6196 2411//6196 3164//6196
f 3164//6197 2411//6197 3163//6197
f 3163//6198 2411//6198 3162//6198
f 2411//6199 2410//6199 3162//6199
f 2410//6200 2413//6200 3162//6200
f 3162//6201 2413//6201 3165//6201
f 3165//6202 2413//6202 3190//6202
f 2413//6203 2421//6203 3190//6203
f 2421//6204 2422//6204 3190//6204
f 3190//6205 2422//6205 3189//6205
f 3189//6206 2422//6206 3174//6206
f 2422//6207 2423//6207 3174//6207
f 2423//6208 2424//6208 3174//6208
f 3174//6209 2424//6209 3175//6209
f 2424//6210 2425//6210 3175//6210
f 3175//6211 2425//6211 3176//6211
f 3176//6212 2426//6212 3177//6212
f 2425//6213 2426//6213 3176//6213
f 3177//6214 2427//6214 3178//6214
f 3178//6215 2427//6215 3180//6215
f 2426//6216 2427//6216 3177//6216
f 2427//6217 2428//6217 3180//6217
f 2443//6218 2661//6218 2444//6218
f 2661//6219 3291//6219 2444//6219
f 3460//6220 2446//6220 450//6220
f 3461//6221 2446//6221 3460//6221
f 3462//6222 3461//6222 3460//6222
f 2439//6223 3460//6223 450//6223
f 3463//6224 3461//6224 3462//6224
f 3464//6225 3460//6225 2439//6225
f 3375//6226 3465//6226 3466//6226
f 3375//6227 3466//6227 3464//6227
f 3375//6228 3464//6228 2439//6228
f 2446//6229 3461//6229 2445//6229
f 2445//6230 3461//6230 3368//6230
f 3467//6231 2465//6231 2466//6231
f 3467//6232 3468//6232 2465//6232
f 3469//6233 2464//6233 2465//6233
f 3469//6234 2465//6234 3468//6234
f 3470//6235 2466//6235 2467//6235
f 3470//6236 3467//6236 2466//6236
f 3471//6237 2463//6237 2464//6237
f 3471//6238 2464//6238 3469//6238
f 3472//6239 2467//6239 2468//6239
f 3472//6240 3470//6240 2467//6240
f 3473//6241 2462//6241 2463//6241
f 3473//6242 2463//6242 3471//6242
f 3474//6243 2468//6243 2469//6243
f 3474//6244 3472//6244 2468//6244
f 3475//6245 2460//6245 2461//6245
f 3475//6246 2461//6246 2462//6246
f 3475//6247 2462//6247 3473//6247
f 3476//6248 2469//6248 2470//6248
f 3476//6249 3474//6249 2469//6249
f 3477//6250 2460//6250 3475//6250
f 3478//6251 2470//6251 2471//6251
f 3478//6252 3476//6252 2470//6252
f 2459//6253 2460//6253 3477//6253
f 3479//6254 2459//6254 3477//6254
f 2472//6255 3478//6255 2471//6255
f 2472//6256 3480//6256 3478//6256
f 2458//6257 2459//6257 3479//6257
f 2458//6258 3479//6258 3481//6258
f 2473//6259 3480//6259 2472//6259
f 2473//6260 3482//6260 3480//6260
f 2457//6261 2458//6261 3481//6261
f 2457//6262 3481//6262 3483//6262
f 2474//6263 3482//6263 2473//6263
f 2474//6264 3484//6264 3482//6264
f 2456//6265 2457//6265 3483//6265
f 2456//6266 3485//6266 3486//6266
f 2456//6267 3483//6267 3485//6267
f 2449//6268 3487//6268 3488//6268
f 2449//6269 3484//6269 2474//6269
f 2449//6270 3488//6270 3484//6270
f 2455//6271 2456//6271 3486//6271
f 2450//6272 3487//6272 2449//6272
f 2454//6273 3486//6273 3489//6273
f 2454//6274 2455//6274 3486//6274
f 2451//6275 3490//6275 3487//6275
f 2451//6276 3487//6276 2450//6276
f 2453//6277 3489//6277 3491//6277
f 2453//6278 2454//6278 3489//6278
f 2452//6279 2453//6279 3491//6279
f 2452//6280 3490//6280 2451//6280
f 2452//6281 3492//6281 3490//6281
f 2452//6282 3491//6282 3492//6282
f 3493//6283 2545//6283 2546//6283
f 3493//6284 2546//6284 2547//6284
f 3493//6285 3494//6285 2545//6285
f 3495//6286 2544//6286 2545//6286
f 3495//6287 2545//6287 3494//6287
f 3496//6288 3493//6288 2547//6288
f 3497//6289 2543//6289 2544//6289
f 3497//6290 2544//6290 3495//6290
f 3498//6291 2547//6291 2548//6291
f 3498//6292 3496//6292 2547//6292
f 3499//6293 2542//6293 2543//6293
f 3499//6294 2543//6294 3497//6294
f 3500//6295 2548//6295 2549//6295
f 3500//6296 3498//6296 2548//6296
f 3501//6297 2541//6297 2542//6297
f 3501//6298 2542//6298 3499//6298
f 3502//6299 2549//6299 2550//6299
f 3502//6300 3500//6300 2549//6300
f 3503//6301 2540//6301 2541//6301
f 3503//6302 2541//6302 3501//6302
f 3504//6303 2550//6303 2551//6303
f 3504//6304 3502//6304 2550//6304
f 3505//6305 2539//6305 2540//6305
f 3505//6306 2540//6306 3503//6306
f 2552//6307 3504//6307 2551//6307
f 2552//6308 3506//6308 3504//6308
f 2538//6309 2539//6309 3505//6309
f 2538//6310 3505//6310 3507//6310
f 2553//6311 3506//6311 2552//6311
f 2553//6312 3508//6312 3506//6312
f 3509//6313 3508//6313 2553//6313
f 2537//6314 2538//6314 3507//6314
f 2537//6315 3510//6315 3511//6315
f 2537//6316 3507//6316 3510//6316
f 2554//6317 3509//6317 2553//6317
f 2536//6318 2537//6318 3511//6318
f 2536//6319 3511//6319 3512//6319
f 2529//6320 3513//6320 3514//6320
f 2529//6321 3509//6321 2554//6321
f 2529//6322 3514//6322 3509//6322
f 2535//6323 2536//6323 3512//6323
f 2530//6324 3515//6324 3513//6324
f 2530//6325 3513//6325 2529//6325
f 2534//6326 3516//6326 3517//6326
f 2534//6327 3512//6327 3516//6327
f 2534//6328 2535//6328 3512//6328
f 2531//6329 3515//6329 2530//6329
f 2533//6330 2534//6330 3517//6330
f 2532//6331 3518//6331 3515//6331
f 2532//6332 3517//6332 3518//6332
f 2532//6333 3515//6333 2531//6333
f 2532//6334 2533//6334 3517//6334
f 3519//6335 2571//6335 2572//6335
f 3519//6336 3520//6336 2571//6336
f 3521//6337 2570//6337 2571//6337
f 3521//6338 2571//6338 3520//6338
f 3522//6339 2572//6339 2573//6339
f 3522//6340 3519//6340 2572//6340
f 3523//6341 2569//6341 2570//6341
f 3523//6342 2570//6342 3521//6342
f 3524//6343 2573//6343 2574//6343
f 3524//6344 3522//6344 2573//6344
f 3525//6345 2568//6345 2569//6345
f 3525//6346 2569//6346 3523//6346
f 3526//6347 2574//6347 2575//6347
f 3526//6348 3524//6348 2574//6348
f 3527//6349 2567//6349 2568//6349
f 3527//6350 2568//6350 3525//6350
f 3528//6351 2575//6351 2576//6351
f 3528//6352 3526//6352 2575//6352
f 3529//6353 2566//6353 2567//6353
f 3529//6354 2567//6354 3527//6354
f 3530//6355 2576//6355 2577//6355
f 3530//6356 3528//6356 2576//6356
f 3531//6357 2565//6357 2566//6357
f 3531//6358 2566//6358 3529//6358
f 2578//6359 3530//6359 2577//6359
f 2578//6360 3532//6360 3530//6360
f 3533//6361 3532//6361 2578//6361
f 2564//6362 2565//6362 3531//6362
f 2564//6363 3531//6363 3534//6363
f 2579//6364 3533//6364 2578//6364
f 2563//6365 2564//6365 3534//6365
f 2563//6366 3535//6366 3536//6366
f 2563//6367 3534//6367 3535//6367
f 2580//6368 3533//6368 2579//6368
f 2580//6369 3537//6369 3533//6369
f 2562//6370 2563//6370 3536//6370
f 2562//6371 3536//6371 3538//6371
f 2555//6372 3539//6372 3540//6372
f 2555//6373 3537//6373 2580//6373
f 2555//6374 3540//6374 3537//6374
f 2561//6375 2562//6375 3538//6375
f 2556//6376 3539//6376 2555//6376
f 2556//6377 3541//6377 3539//6377
f 2560//6378 3538//6378 3542//6378
f 2560//6379 2561//6379 3538//6379
f 2557//6380 3541//6380 2556//6380
f 2559//6381 3542//6381 3543//6381
f 2559//6382 2560//6382 3542//6382
f 2558//6383 3544//6383 3541//6383
f 2558//6384 3543//6384 3544//6384
f 2558//6385 3541//6385 2557//6385
f 2558//6386 2559//6386 3543//6386
f 2596//6387 3545//6387 2597//6387
f 2597//6388 3546//6388 2598//6388
f 3545//6389 3546//6389 2597//6389
f 2595//6390 3547//6390 2596//6390
f 2596//6391 3547//6391 3545//6391
f 2598//6392 3548//6392 2599//6392
f 3546//6393 3548//6393 2598//6393
f 2595//6394 3549//6394 3547//6394
f 2599//6395 3550//6395 2600//6395
f 3548//6396 3550//6396 2599//6396
f 2593//6397 3551//6397 2594//6397
f 2594//6398 3551//6398 2595//6398
f 2595//6399 3551//6399 3549//6399
f 2600//6400 3552//6400 2601//6400
f 3550//6401 3552//6401 2600//6401
f 2593//6402 3553//6402 3551//6402
f 2601//6403 3554//6403 2602//6403
f 3552//6404 3554//6404 2601//6404
f 2592//6405 3555//6405 2593//6405
f 2593//6406 3555//6406 3553//6406
f 2602//6407 3556//6407 2603//6407
f 3554//6408 3556//6408 2602//6408
f 2591//6409 3557//6409 2592//6409
f 2592//6410 3557//6410 3555//6410
f 3556//6411 2604//6411 2603//6411
f 3558//6412 2604//6412 3556//6412
f 2591//6413 3559//6413 3557//6413
f 2591//6414 2590//6414 3559//6414
f 3558//6415 2605//6415 2604//6415
f 3560//6416 2605//6416 3558//6416
f 2590//6417 2589//6417 3559//6417
f 3559//6418 2589//6418 3561//6418
f 3560//6419 2606//6419 2605//6419
f 3562//6420 2606//6420 3560//6420
f 2589//6421 2588//6421 3561//6421
f 3561//6422 2588//6422 3563//6422
f 3564//6423 2581//6423 3565//6423
f 3562//6424 2581//6424 2606//6424
f 3565//6425 2581//6425 3562//6425
f 3563//6426 2587//6426 3566//6426
f 2588//6427 2587//6427 3563//6427
f 3564//6428 2582//6428 2581//6428
f 2587//6429 2586//6429 3566//6429
f 3566//6430 2586//6430 3567//6430
f 3568//6431 2583//6431 3564//6431
f 3564//6432 2583//6432 2582//6432
f 3569//6433 2585//6433 3570//6433
f 3567//6434 2585//6434 3569//6434
f 2586//6435 2585//6435 3567//6435
f 3570//6436 2584//6436 3568//6436
f 3568//6437 2584//6437 2583//6437
f 2585//6438 2584//6438 3570//6438
f 2622//6439 3571//6439 2623//6439
f 2623//6440 3572//6440 2624//6440
f 3571//6441 3572//6441 2623//6441
f 2621//6442 3573//6442 2622//6442
f 2622//6443 3573//6443 3571//6443
f 2624//6444 3574//6444 2625//6444
f 3572//6445 3574//6445 2624//6445
f 2621//6446 3575//6446 3573//6446
f 2625//6447 3576//6447 2626//6447
f 3574//6448 3576//6448 2625//6448
f 2619//6449 3577//6449 2620//6449
f 2620//6450 3577//6450 2621//6450
f 2621//6451 3577//6451 3575//6451
f 2626//6452 3578//6452 2627//6452
f 3576//6453 3578//6453 2626//6453
f 2619//6454 3579//6454 3577//6454
f 2627//6455 3580//6455 2628//6455
f 3578//6456 3580//6456 2627//6456
f 2618//6457 3581//6457 2619//6457
f 2619//6458 3581//6458 3579//6458
f 2628//6459 3582//6459 2629//6459
f 3580//6460 3582//6460 2628//6460
f 2617//6461 3583//6461 2618//6461
f 2618//6462 3583//6462 3581//6462
f 3582//6463 2630//6463 2629//6463
f 3584//6464 2630//6464 3582//6464
f 2617//6465 3585//6465 3583//6465
f 2617//6466 2616//6466 3585//6466
f 3584//6467 2631//6467 2630//6467
f 3586//6468 2631//6468 3584//6468
f 2616//6469 2615//6469 3585//6469
f 3585//6470 2615//6470 3587//6470
f 3586//6471 2632//6471 2631//6471
f 3588//6472 2632//6472 3586//6472
f 2615//6473 2614//6473 3587//6473
f 3587//6474 2614//6474 3589//6474
f 3590//6475 2607//6475 3591//6475
f 3588//6476 2607//6476 2632//6476
f 3591//6477 2607//6477 3588//6477
f 3589//6478 2613//6478 3592//6478
f 2614//6479 2613//6479 3589//6479
f 3590//6480 2608//6480 2607//6480
f 2613//6481 2612//6481 3592//6481
f 3592//6482 2612//6482 3593//6482
f 3594//6483 2609//6483 3590//6483
f 3590//6484 2609//6484 2608//6484
f 3595//6485 2611//6485 3596//6485
f 3593//6486 2611//6486 3595//6486
f 2612//6487 2611//6487 3593//6487
f 3596//6488 2610//6488 3594//6488
f 3594//6489 2610//6489 2609//6489
f 2611//6490 2610//6490 3596//6490
f 3488//6491 3487//6491 2653//6491
f 2653//6492 3487//6492 2652//6492
f 2652//6493 3490//6493 2654//6493
f 3487//6494 3490//6494 2652//6494
f 2654//6495 3492//6495 2656//6495
f 3490//6496 3492//6496 2654//6496
f 2656//6497 3491//6497 2657//6497
f 3492//6498 3491//6498 2656//6498
f 2657//6499 3489//6499 2658//6499
f 3491//6500 3489//6500 2657//6500
f 2658//6501 3486//6501 2651//6501
f 3489//6502 3486//6502 2658//6502
f 2651//6503 3485//6503 2650//6503
f 2650//6504 3485//6504 2649//6504
f 3486//6505 3485//6505 2651//6505
f 3485//6506 3483//6506 2649//6506
f 2649//6507 3481//6507 2647//6507
f 3483//6508 3481//6508 2649//6508
f 2647//6509 3479//6509 2644//6509
f 3481//6510 3479//6510 2647//6510
f 2644//6511 3477//6511 2643//6511
f 3479//6512 3477//6512 2644//6512
f 3477//6513 3475//6513 2643//6513
f 2643//6514 3475//6514 2645//6514
f 3475//6515 3473//6515 2645//6515
f 2645//6516 3473//6516 2639//6516
f 3473//6517 3471//6517 2639//6517
f 2639//6518 3471//6518 2637//6518
f 3471//6519 3469//6519 2637//6519
f 2637//6520 3469//6520 2635//6520
f 3469//6521 3468//6521 2635//6521
f 2635//6522 3468//6522 2633//6522
f 3468//6523 3467//6523 2633//6523
f 2633//6524 3467//6524 2634//6524
f 3467//6525 3470//6525 2634//6525
f 2634//6526 3470//6526 2636//6526
f 3470//6527 3472//6527 2636//6527
f 2636//6528 3472//6528 2638//6528
f 3472//6529 3474//6529 2638//6529
f 2638//6530 3474//6530 2640//6530
f 2640//6531 3474//6531 2641//6531
f 3474//6532 3476//6532 2641//6532
f 3476//6533 3478//6533 2641//6533
f 2641//6534 3478//6534 2642//6534
f 3478//6535 3480//6535 2642//6535
f 2642//6536 3480//6536 2646//6536
f 2646//6537 3482//6537 2648//6537
f 3480//6538 3482//6538 2646//6538
f 2648//6539 3482//6539 2655//6539
f 3482//6540 3484//6540 2655//6540
f 2655//6541 3488//6541 2653//6541
f 3484//6542 3488//6542 2655//6542
f 2677//6543 3310//6543 2661//6543
f 2661//6544 3310//6544 3291//6544
f 3597//6545 3598//6545 2688//6545
f 2688//6546 3598//6546 2689//6546
f 2689//6547 3599//6547 2690//6547
f 3598//6548 3599//6548 2689//6548
f 2690//6549 3600//6549 2691//6549
f 3599//6550 3600//6550 2690//6550
f 2691//6551 3601//6551 2692//6551
f 3600//6552 3601//6552 2691//6552
f 2692//6553 3602//6553 2693//6553
f 3601//6554 3602//6554 2692//6554
f 3602//6555 3603//6555 2693//6555
f 2693//6556 3603//6556 2694//6556
f 3603//6557 3604//6557 2694//6557
f 2694//6558 3604//6558 2695//6558
f 3604//6559 3605//6559 2695//6559
f 2695//6560 3605//6560 2696//6560
f 3605//6561 3606//6561 2696//6561
f 2696//6562 3606//6562 2697//6562
f 3606//6563 3607//6563 2697//6563
f 2697//6564 3607//6564 2687//6564
f 3607//6565 3608//6565 2687//6565
f 2687//6566 3608//6566 2685//6566
f 3608//6567 3609//6567 2685//6567
f 2685//6568 3609//6568 2683//6568
f 3609//6569 3610//6569 2683//6569
f 2683//6570 3610//6570 2681//6570
f 2681//6571 3610//6571 2675//6571
f 3610//6572 3611//6572 2675//6572
f 3611//6573 3612//6573 2675//6573
f 2675//6574 3612//6574 2674//6574
f 3612//6575 3613//6575 2674//6575
f 2674//6576 3613//6576 2673//6576
f 2673//6577 3613//6577 2672//6577
f 3613//6578 3614//6578 2672//6578
f 3614//6579 3615//6579 2672//6579
f 2672//6580 3615//6580 2670//6580
f 2670//6581 3616//6581 2668//6581
f 3615//6582 3616//6582 2670//6582
f 2668//6583 3617//6583 2666//6583
f 2666//6584 3617//6584 2664//6584
f 3616//6585 3617//6585 2668//6585
f 3617//6586 3618//6586 2664//6586
f 2664//6587 3619//6587 2662//6587
f 3618//6588 3619//6588 2664//6588
f 2662//6589 3620//6589 2659//6589
f 3619//6590 3620//6590 2662//6590
f 2659//6591 3621//6591 2660//6591
f 3620//6592 3621//6592 2659//6592
f 2660//6593 3622//6593 2663//6593
f 3621//6594 3622//6594 2660//6594
f 2663//6595 3623//6595 2665//6595
f 3622//6596 3623//6596 2663//6596
f 2665//6597 3624//6597 2667//6597
f 2667//6598 3624//6598 2669//6598
f 3623//6599 3624//6599 2665//6599
f 2669//6600 3625//6600 2671//6600
f 3624//6601 3625//6601 2669//6601
f 3625//6602 3626//6602 2671//6602
f 2671//6603 3627//6603 2676//6603
f 3626//6604 3627//6604 2671//6604
f 3627//6605 3628//6605 2676//6605
f 2676//6606 3628//6606 2678//6606
f 2678//6607 3628//6607 2679//6607
f 2679//6608 3629//6608 2680//6608
f 3628//6609 3629//6609 2679//6609
f 3629//6610 3630//6610 2680//6610
f 3630//6611 3631//6611 2680//6611
f 2680//6612 3631//6612 2682//6612
f 3631//6613 3632//6613 2682//6613
f 2682//6614 3632//6614 2684//6614
f 3632//6615 3633//6615 2684//6615
f 2684//6616 3633//6616 2686//6616
f 3633//6617 3597//6617 2686//6617
f 2686//6618 3597//6618 2688//6618
f 2701//6619 3634//6619 3635//6619
f 3636//6620 3634//6620 2701//6620
f 2701//6621 3637//6621 3636//6621
f 3634//6622 3638//6622 3635//6622
f 2701//6623 3639//6623 3637//6623
f 3638//6624 3640//6624 3635//6624
f 2701//6625 3641//6625 3639//6625
f 3635//6626 3642//6626 3643//6626
f 3640//6627 3642//6627 3635//6627
f 2701//6628 3644//6628 3641//6628
f 3642//6629 3645//6629 3643//6629
f 3645//6630 3646//6630 3643//6630
f 3647//6631 3648//6631 3646//6631
f 3646//6632 3648//6632 3643//6632
f 3647//6633 3649//6633 3648//6633
f 3649//6634 3650//6634 3648//6634
f 3650//6635 3651//6635 3648//6635
f 3651//6636 3652//6636 3648//6636
f 3653//6637 3654//6637 3655//6637
f 3656//6638 3654//6638 3653//6638
f 3657//6639 3658//6639 3653//6639
f 3653//6640 3658//6640 3656//6640
f 3654//6641 3659//6641 3655//6641
f 3660//6642 3661//6642 3657//6642
f 3657//6643 3661//6643 3658//6643
f 3659//6644 3662//6644 3655//6644
f 3660//6645 3663//6645 3661//6645
f 3655//6646 3664//6646 3665//6646
f 3662//6647 3664//6647 3655//6647
f 3664//6648 3666//6648 3665//6648
f 3666//6649 3667//6649 3665//6649
f 3665//6650 3667//6650 3668//6650
f 3667//6651 3669//6651 3668//6651
f 3668//6652 3670//6652 3671//6652
f 3669//6653 3670//6653 3668//6653
f 3671//6654 3672//6654 3673//6654
f 3670//6655 3672//6655 3671//6655
f 3672//6656 3674//6656 3673//6656
f 3674//6657 3675//6657 3673//6657
f 3660//6658 3676//6658 3663//6658
f 3677//6659 3676//6659 3660//6659
f 3678//6660 3676//6660 3679//6660
f 3680//6661 3676//6661 3678//6661
f 3681//6662 3676//6662 3680//6662
f 3682//6663 3676//6663 3681//6663
f 3683//6664 3676//6664 3682//6664
f 3663//6665 3676//6665 3683//6665
f 3673//6666 3684//6666 3685//6666
f 3675//6667 3684//6667 3673//6667
f 3686//6668 3684//6668 3675//6668
f 3687//6669 3684//6669 3686//6669
f 3688//6670 3684//6670 3687//6670
f 3689//6671 3684//6671 3688//6671
f 3690//6672 3684//6672 3689//6672
f 3679//6673 3684//6673 3690//6673
f 3676//6674 3684//6674 3679//6674
f 3677//6675 3691//6675 3676//6675
f 3644//6676 3691//6676 3677//6676
f 3691//6677 3692//6677 3693//6677
f 3684//6678 3694//6678 3685//6678
f 3685//6679 3694//6679 3652//6679
f 3692//6680 3694//6680 3693//6680
f 3693//6681 3694//6681 3684//6681
f 3695//6682 3696//6682 3697//6682
f 3698//6683 3696//6683 3695//6683
f 3696//6684 3699//6684 3697//6684
f 3700//6685 3701//6685 3702//6685
f 3702//6686 3703//6686 3700//6686
f 3701//6687 3704//6687 3702//6687
f 3702//6688 3705//6688 3703//6688
f 3702//6689 3706//6689 3699//6689
f 3704//6690 3706//6690 3702//6690
f 3702//6691 3707//6691 3705//6691
f 3706//6692 3708//6692 3699//6692
f 3708//6693 3709//6693 3699//6693
f 3709//6694 3710//6694 3699//6694
f 3710//6695 3711//6695 3699//6695
f 3711//6696 3712//6696 3699//6696
f 3712//6697 3713//6697 3699//6697
f 3702//6698 3714//6698 3707//6698
f 3707//6699 3714//6699 3715//6699
f 3714//6700 3716//6700 3715//6700
f 3715//6701 3716//6701 3717//6701
f 3702//6702 3718//6702 3714//6702
f 3698//6703 3718//6703 3702//6703
f 3716//6704 3719//6704 3717//6704
f 3720//6705 3719//6705 3721//6705
f 3717//6706 3719//6706 3720//6706
f 3698//6707 3722//6707 3718//6707
f 3695//6708 3722//6708 3698//6708
f 3719//6709 3723//6709 3721//6709
f 3724//6710 3723//6710 3725//6710
f 3721//6711 3723//6711 3724//6711
f 3723//6712 3726//6712 3725//6712
f 3727//6713 3726//6713 3728//6713
f 3729//6714 3726//6714 3727//6714
f 3725//6715 3726//6715 3729//6715
f 3726//6716 3730//6716 3728//6716
f 3731//6717 3730//6717 3732//6717
f 3728//6718 3730//6718 3731//6718
f 3733//6719 2698//6719 3734//6719
f 3735//6720 2698//6720 3733//6720
f 3722//6721 2698//6721 3735//6721
f 3730//6722 3736//6722 3732//6722
f 3732//6723 3736//6723 3737//6723
f 2698//6724 3738//6724 3734//6724
f 3736//6725 3739//6725 3737//6725
f 3713//6726 3739//6726 3699//6726
f 3740//6727 3739//6727 3713//6727
f 3737//6728 3739//6728 3740//6728
f 2698//6729 3741//6729 3738//6729
f 3739//6730 3742//6730 3699//6730
f 3699//6731 3742//6731 3697//6731
f 3742//6732 3743//6732 3697//6732
f 3744//6733 3745//6733 3746//6733
f 3741//6734 3745//6734 3744//6734
f 2698//6735 3745//6735 3741//6735
f 3745//6736 3747//6736 3746//6736
f 3748//6737 3749//6737 3743//6737
f 3750//6738 3749//6738 3748//6738
f 3751//6739 3749//6739 3750//6739
f 3752//6740 3749//6740 3751//6740
f 3753//6741 3749//6741 3752//6741
f 3754//6742 3755//6742 3753//6742
f 3747//6743 3755//6743 3754//6743
f 3753//6744 3755//6744 3749//6744
f 3745//6745 3755//6745 3747//6745
f 2701//6746 2698//6746 3722//6746
f 2701//6747 3722//6747 3644//6747
f 3644//6748 3722//6748 3692//6748
f 3644//6749 3692//6749 3691//6749
f 3692//6750 3722//6750 3695//6750
f 3749//6751 3648//6751 3652//6751
f 3749//6752 3652//6752 3743//6752
f 3743//6753 3652//6753 3697//6753
f 3697//6754 3652//6754 3694//6754
f 3756//6755 3745//6755 2698//6755
f 3756//6756 2698//6756 2700//6756
f 3757//6757 2702//6757 3758//6757
f 3759//6758 3758//6758 2702//6758
f 3760//6759 2702//6759 3757//6759
f 3761//6760 3759//6760 2702//6760
f 3762//6761 2702//6761 3760//6761
f 3763//6762 3761//6762 2702//6762
f 3763//6763 2702//6763 3764//6763
f 3765//6764 2702//6764 3762//6764
f 3766//6765 3763//6765 3764//6765
f 3767//6766 2702//6766 3765//6766
f 3768//6767 3766//6767 3764//6767
f 3769//6768 2702//6768 3767//6768
f 3770//6769 3768//6769 3764//6769
f 3771//6770 2702//6770 3769//6770
f 3772//6771 3770//6771 3764//6771
f 3773//6772 2702//6772 3771//6772
f 3774//6773 3772//6773 3764//6773
f 3775//6774 2702//6774 3773//6774
f 3776//6775 3774//6775 3764//6775
f 3777//6776 2702//6776 3775//6776
f 3778//6777 3776//6777 3764//6777
f 3779//6778 2702//6778 3777//6778
f 3780//6779 3778//6779 3764//6779
f 3781//6780 2702//6780 3779//6780
f 3782//6781 3780//6781 3764//6781
f 3783//6782 2702//6782 3781//6782
f 3784//6783 3782//6783 3764//6783
f 3785//6784 2702//6784 3783//6784
f 3786//6785 3784//6785 3764//6785
f 3787//6786 2702//6786 3785//6786
f 3788//6787 3786//6787 3764//6787
f 3789//6788 3764//6788 3790//6788
f 3789//6789 3788//6789 3764//6789
f 3791//6790 3789//6790 3790//6790
f 3792//6791 3791//6791 3790//6791
f 3793//6792 3792//6792 3790//6792
f 3794//6793 3793//6793 3790//6793
f 3795//6794 3794//6794 3790//6794
f 3796//6795 3795//6795 3790//6795
f 2677//6796 3797//6796 3798//6796
f 2677//6797 3799//6797 3797//6797
f 2677//6798 3800//6798 3799//6798
f 2677//6799 3801//6799 3800//6799
f 2677//6800 3802//6800 3801//6800
f 2677//6801 3803//6801 3802//6801
f 2677//6802 3804//6802 3803//6802
f 2677//6803 3787//6803 3804//6803
f 2677//6804 2702//6804 3787//6804
f 3805//6805 3796//6805 3790//6805
f 3806//6806 2677//6806 3798//6806
f 3807//6807 3805//6807 3790//6807
f 3808//6808 2677//6808 3806//6808
f 3809//6809 3807//6809 3790//6809
f 3810//6810 2677//6810 3808//6810
f 3811//6811 3809//6811 3790//6811
f 3812//6812 2677//6812 3810//6812
f 3813//6813 3811//6813 3790//6813
f 3814//6814 2677//6814 3812//6814
f 3815//6815 3813//6815 3790//6815
f 3816//6816 2677//6816 3814//6816
f 3817//6817 2677//6817 3816//6817
f 3818//6818 2677//6818 3817//6818
f 3819//6819 2677//6819 3818//6819
f 3820//6820 2677//6820 3819//6820
f 3821//6821 2677//6821 3820//6821
f 3310//6822 2677//6822 3821//6822
f 3822//6823 3815//6823 3790//6823
f 3822//6824 3823//6824 3815//6824
f 3822//6825 3824//6825 3823//6825
f 3822//6826 3825//6826 3824//6826
f 3822//6827 3826//6827 3825//6827
f 3822//6828 3827//6828 3826//6828
f 3822//6829 3828//6829 3827//6829
f 3822//6830 3829//6830 3828//6830
f 3822//6831 3830//6831 3829//6831
f 3822//6832 3831//6832 3830//6832
f 3832//6833 3831//6833 3822//6833
f 3833//6834 3832//6834 3822//6834
f 3834//6835 3833//6835 3822//6835
f 3835//6836 3834//6836 3822//6836
f 3836//6837 3835//6837 3822//6837
f 3837//6838 3836//6838 3822//6838
f 3838//6839 3837//6839 3822//6839
f 3839//6840 3838//6840 3822//6840
f 3840//6841 3839//6841 3822//6841
f 3841//6842 3840//6842 3822//6842
f 3842//6843 3841//6843 3822//6843
f 3843//6844 3842//6844 3822//6844
f 3844//6845 3843//6845 3822//6845
f 3845//6846 3844//6846 3822//6846
f 3846//6847 3845//6847 3822//6847
f 3847//6848 3846//6848 3822//6848
f 3333//6849 3848//6849 3849//6849
f 3333//6850 3850//6850 3848//6850
f 3333//6851 3851//6851 3850//6851
f 3852//6852 3333//6852 3849//6852
f 3853//6853 3854//6853 3855//6853
f 3853//6854 3856//6854 3854//6854
f 3853//6855 3849//6855 3856//6855
f 3853//6856 3852//6856 3849//6856
f 3857//6857 3333//6857 3852//6857
f 3858//6858 3859//6858 3860//6858
f 3858//6859 3861//6859 3859//6859
f 3858//6860 3855//6860 3861//6860
f 3858//6861 3853//6861 3855//6861
f 3862//6862 3333//6862 3857//6862
f 3863//6863 3864//6863 3865//6863
f 3863//6864 3860//6864 3864//6864
f 3863//6865 3858//6865 3860//6865
f 3866//6866 3333//6866 3862//6866
f 3867//6867 3868//6867 3869//6867
f 3867//6868 3870//6868 3868//6868
f 3867//6869 3865//6869 3870//6869
f 3867//6870 3863//6870 3865//6870
f 3871//6871 3867//6871 3869//6871
f 3871//6872 3872//6872 3873//6872
f 3871//6873 3874//6873 3872//6873
f 3871//6874 3869//6874 3874//6874
f 3875//6875 3876//6875 3877//6875
f 3875//6876 3873//6876 3876//6876
f 3875//6877 3871//6877 3873//6877
f 3878//6878 3879//6878 3880//6878
f 3878//6879 3881//6879 3879//6879
f 3878//6880 3877//6880 3881//6880
f 3878//6881 3875//6881 3877//6881
f 3882//6882 3883//6882 3884//6882
f 3882//6883 3880//6883 3883//6883
f 3882//6884 3878//6884 3880//6884
f 3882//6885 3885//6885 3886//6885
f 3882//6886 3884//6886 3885//6886
f 3887//6887 3882//6887 3886//6887
f 3887//6888 3888//6888 3889//6888
f 3887//6889 3890//6889 3888//6889
f 3887//6890 3886//6890 3890//6890
f 3891//6891 3887//6891 3889//6891
f 3891//6892 3892//6892 3893//6892
f 3891//6893 3894//6893 3892//6893
f 3891//6894 3895//6894 3894//6894
f 3891//6895 3889//6895 3895//6895
f 3896//6896 3897//6896 3898//6896
f 3896//6897 3899//6897 3897//6897
f 3896//6898 3900//6898 3899//6898
f 3896//6899 3901//6899 3900//6899
f 3902//6900 3891//6900 3893//6900
f 3902//6901 3896//6901 3898//6901
f 3902//6902 3903//6902 3891//6902
f 3902//6903 3904//6903 3903//6903
f 3902//6904 3905//6904 3904//6904
f 3902//6905 3906//6905 3905//6905
f 3902//6906 3907//6906 3906//6906
f 3902//6907 3898//6907 3907//6907
f 3902//6908 3908//6908 3909//6908
f 3902//6909 3893//6909 3908//6909
f 3910//6910 3911//6910 3912//6910
f 3913//6911 3902//6911 3909//6911
f 3913//6912 3910//6912 3912//6912
f 3913//6913 3847//6913 3822//6913
f 3913//6914 3912//6914 3902//6914
f 3913//6915 3914//6915 3847//6915
f 3913//6916 3909//6916 3914//6916
f 3915//6917 3916//6917 3917//6917
f 3915//6918 3917//6918 3918//6918
f 3919//6919 3915//6919 3918//6919
f 3920//6920 3921//6920 3922//6920
f 3923//6921 3922//6921 3921//6921
f 3924//6922 3923//6922 3921//6922
f 3925//6923 3921//6923 3919//6923
f 3925//6924 3924//6924 3921//6924
f 3926//6925 2971//6925 3927//6925
f 3928//6926 3925//6926 3919//6926
f 3929//6927 2971//6927 3926//6927
f 3930//6928 3928//6928 3919//6928
f 3931//6929 2971//6929 3929//6929
f 3932//6930 3930//6930 3919//6930
f 3933//6931 3932//6931 3919//6931
f 3934//6932 3933//6932 3919//6932
f 3935//6933 3934//6933 3919//6933
f 3936//6934 3937//6934 2699//6934
f 3938//6935 2699//6935 3937//6935
f 3939//6936 3936//6936 2699//6936
f 3940//6937 2699//6937 3938//6937
f 2988//6938 3939//6938 2699//6938
f 3941//6939 2699//6939 3940//6939
f 3942//6940 2699//6940 3941//6940
f 3943//6941 2699//6941 3942//6941
f 3944//6942 3945//6942 2971//6942
f 3946//6943 2699//6943 3943//6943
f 3947//6944 3944//6944 2971//6944
f 3948//6945 2699//6945 3946//6945
f 3949//6946 3947//6946 2971//6946
f 3949//6947 3931//6947 3950//6947
f 3949//6948 2971//6948 3931//6948
f 3951//6949 2699//6949 3948//6949
f 3952//6950 3949//6950 3950//6950
f 3953//6951 2699//6951 3951//6951
f 3954//6952 3952//6952 3950//6952
f 3955//6953 2699//6953 3953//6953
f 3956//6954 3950//6954 3957//6954
f 3956//6955 3954//6955 3950//6955
f 3958//6956 2699//6956 3955//6956
f 3959//6957 3956//6957 3957//6957
f 3960//6958 2699//6958 3958//6958
f 3961//6959 3959//6959 3957//6959
f 3962//6960 2699//6960 3960//6960
f 3963//6961 3957//6961 3964//6961
f 3963//6962 3961//6962 3957//6962
f 3965//6963 2699//6963 3962//6963
f 3966//6964 2699//6964 3965//6964
f 3967//6965 3963//6965 3964//6965
f 3968//6966 2699//6966 3966//6966
f 3969//6967 3964//6967 3970//6967
f 3969//6968 3967//6968 3964//6968
f 3971//6969 2699//6969 3968//6969
f 3972//6970 3969//6970 3970//6970
f 3973//6971 3972//6971 3970//6971
f 3974//6972 3970//6972 3975//6972
f 3974//6973 3973//6973 3970//6973
f 3976//6974 3974//6974 3975//6974
f 3977//6975 3976//6975 3975//6975
f 3978//6976 3977//6976 3975//6976
f 3978//6977 3975//6977 3979//6977
f 3980//6978 3978//6978 3979//6978
f 3981//6979 3979//6979 3982//6979
f 3981//6980 3980//6980 3979//6980
f 3983//6981 3981//6981 3982//6981
f 3984//6982 3983//6982 3982//6982
f 2700//6983 3985//6983 3986//6983
f 2700//6984 3987//6984 3985//6984
f 2700//6985 3988//6985 3987//6985
f 2700//6986 3989//6986 3988//6986
f 2700//6987 3990//6987 3989//6987
f 2700//6988 3991//6988 3990//6988
f 2700//6989 3971//6989 3991//6989
f 2700//6990 2699//6990 3971//6990
f 2700//6991 3992//6991 3993//6991
f 2700//6992 3986//6992 3992//6992
f 3994//6993 2700//6993 3993//6993
f 3995//6994 3984//6994 3982//6994
f 3995//6995 3982//6995 3996//6995
f 3997//6996 2700//6996 3994//6996
f 3998//6997 3995//6997 3996//6997
f 3999//6998 2700//6998 3997//6998
f 4000//6999 3998//6999 3996//6999
f 4001//7000 2700//7000 3999//7000
f 4002//7001 4000//7001 3996//7001
f 4003//7002 2700//7002 4001//7002
f 4004//7003 3996//7003 4005//7003
f 4004//7004 4002//7004 3996//7004
f 4006//7005 2700//7005 4003//7005
f 4007//7006 4004//7006 4005//7006
f 4008//7007 2700//7007 4006//7007
f 4009//7008 4007//7008 4005//7008
f 4010//7009 2700//7009 4008//7009
f 4011//7010 4005//7010 3935//7010
f 4011//7011 4009//7011 4005//7011
f 4012//7012 2700//7012 4010//7012
f 4013//7013 4011//7013 3935//7013
f 4014//7014 4013//7014 3935//7014
f 4015//7015 4014//7015 3935//7015
f 4016//7016 4015//7016 3935//7016
f 4016//7017 3935//7017 3919//7017
f 4017//7018 4016//7018 3919//7018
f 4018//7019 3919//7019 3918//7019
f 4018//7020 4017//7020 3919//7020
f 4019//7021 4018//7021 3918//7021
f 4020//7022 4019//7022 3918//7022
f 3756//7023 2700//7023 4012//7023
f 3756//7024 4021//7024 4022//7024
f 3756//7025 4023//7025 4021//7025
f 3756//7026 4024//7026 4023//7026
f 3756//7027 4025//7027 4024//7027
f 3756//7028 4026//7028 4025//7028
f 3756//7029 4027//7029 4026//7029
f 3756//7030 4028//7030 4027//7030
f 3756//7031 4029//7031 4028//7031
f 3756//7032 4030//7032 4029//7032
f 3756//7033 4031//7033 4030//7033
f 3756//7034 4032//7034 4031//7034
f 3756//7035 4033//7035 4032//7035
f 3756//7036 4012//7036 4033//7036
f 4034//7037 4035//7037 4020//7037
f 4034//7038 4036//7038 4035//7038
f 4034//7039 4037//7039 4036//7039
f 4034//7040 4038//7040 4037//7040
f 4034//7041 4039//7041 4038//7041
f 4034//7042 4040//7042 4039//7042
f 4034//7043 4041//7043 4040//7043
f 4034//7044 4042//7044 4041//7044
f 4034//7045 4043//7045 4042//7045
f 4034//7046 4044//7046 4043//7046
f 4034//7047 4045//7047 4044//7047
f 4034//7048 4046//7048 4045//7048
f 4034//7049 4047//7049 4046//7049
f 4034//7050 4048//7050 4047//7050
f 4034//7051 4049//7051 4048//7051
f 4034//7052 4050//7052 4049//7052
f 4034//7053 4051//7053 4050//7053
f 4034//7054 4052//7054 4051//7054
f 4034//7055 4053//7055 4052//7055
f 4034//7056 4054//7056 4053//7056
f 4034//7057 4055//7057 4054//7057
f 4034//7058 4056//7058 4055//7058
f 4034//7059 4057//7059 4056//7059
f 4034//7060 4058//7060 4057//7060
f 4034//7061 4059//7061 4058//7061
f 4034//7062 4020//7062 3918//7062
f 4060//7063 4061//7063 4059//7063
f 4060//7064 4062//7064 4061//7064
f 4060//7065 4063//7065 4062//7065
f 4060//7066 4064//7066 4063//7066
f 4060//7067 4065//7067 4064//7067
f 4060//7068 4066//7068 4065//7068
f 4060//7069 4067//7069 4066//7069
f 4060//7070 4068//7070 4067//7070
f 4060//7071 4069//7071 4068//7071
f 4060//7072 4070//7072 4069//7072
f 4060//7073 4071//7073 4070//7073
f 4060//7074 4022//7074 4071//7074
f 4060//7075 4059//7075 4034//7075
f 4060//7076 3756//7076 4022//7076
f 4072//7077 2988//7077 2971//7077
f 4072//7078 2971//7078 3945//7078
f 3333//7079 3310//7079 4073//7079
f 3333//7080 4073//7080 3851//7080
f 3822//7081 4034//7081 3918//7081
f 3822//7082 3918//7082 3913//7082
f 1667//7083 1620//7083 2704//7083
f 2732//7084 1667//7084 2704//7084
f 3635//7085 3764//7085 2701//7085
f 2701//7086 3764//7086 2702//7086
f 4074//7087 2704//7087 2703//7087
f 4074//7088 2703//7088 1913//7088
f 2941//7089 2944//7089 2729//7089
f 2729//7090 2944//7090 2728//7090
f 2728//7091 2945//7091 2724//7091
f 2944//7092 2945//7092 2728//7092
f 2724//7093 2947//7093 2723//7093
f 2945//7094 2947//7094 2724//7094
f 2723//7095 2946//7095 2725//7095
f 2947//7096 2946//7096 2723//7096
f 2725//7097 2943//7097 2726//7097
f 2946//7098 2943//7098 2725//7098
f 2726//7099 2942//7099 2727//7099
f 2943//7100 2942//7100 2726//7100
f 2727//7101 2940//7101 2718//7101
f 2718//7102 2940//7102 2717//7102
f 2942//7103 2940//7103 2727//7103
f 2940//7104 2938//7104 2717//7104
f 2717//7105 2937//7105 2716//7105
f 2938//7106 2937//7106 2717//7106
f 2716//7107 2934//7107 2714//7107
f 2937//7108 2934//7108 2716//7108
f 2714//7109 2932//7109 2713//7109
f 2934//7110 2932//7110 2714//7110
f 2932//7111 2930//7111 2713//7111
f 2713//7112 2930//7112 2715//7112
f 2930//7113 2928//7113 2715//7113
f 2715//7114 2928//7114 2711//7114
f 2928//7115 2926//7115 2711//7115
f 2711//7116 2926//7116 2709//7116
f 2926//7117 2924//7117 2709//7117
f 2709//7118 2924//7118 2707//7118
f 2924//7119 2923//7119 2707//7119
f 2707//7120 2923//7120 2705//7120
f 2923//7121 2922//7121 2705//7121
f 2705//7122 2922//7122 2706//7122
f 2922//7123 2925//7123 2706//7123
f 2706//7124 2925//7124 2708//7124
f 2925//7125 2927//7125 2708//7125
f 2708//7126 2927//7126 2710//7126
f 2927//7127 2929//7127 2710//7127
f 2710//7128 2929//7128 2712//7128
f 2712//7129 2929//7129 2719//7129
f 2929//7130 2931//7130 2719//7130
f 2931//7131 2933//7131 2719//7131
f 2719//7132 2933//7132 2720//7132
f 2933//7133 2935//7133 2720//7133
f 2720//7134 2935//7134 2721//7134
f 2721//7135 2936//7135 2722//7135
f 2935//7136 2936//7136 2721//7136
f 2722//7137 2936//7137 2730//7137
f 2936//7138 2939//7138 2730//7138
f 2730//7139 2941//7139 2729//7139
f 2939//7140 2941//7140 2730//7140
f 2732//7141 4075//7141 2731//7141
f 2731//7142 4075//7142 1982//7142
f 2988//7143 2699//7143 2756//7143
f 2988//7144 2756//7144 2976//7144
f 4076//7145 4077//7145 2754//7145
f 2754//7146 4077//7146 2764//7146
f 2764//7147 4078//7147 2765//7147
f 4077//7148 4078//7148 2764//7148
f 2765//7149 4079//7149 2766//7149
f 4078//7150 4079//7150 2765//7150
f 2766//7151 4080//7151 2767//7151
f 4079//7152 4080//7152 2766//7152
f 2767//7153 4081//7153 2768//7153
f 4080//7154 4081//7154 2767//7154
f 4081//7155 4082//7155 2768//7155
f 2768//7156 4082//7156 2769//7156
f 4082//7157 4083//7157 2769//7157
f 2769//7158 4083//7158 2770//7158
f 4083//7159 4084//7159 2770//7159
f 2770//7160 4084//7160 2763//7160
f 4084//7161 4085//7161 2763//7161
f 2763//7162 4085//7162 2762//7162
f 4085//7163 4086//7163 2762//7163
f 2762//7164 4086//7164 2757//7164
f 4086//7165 4087//7165 2757//7165
f 2757//7166 4087//7166 2755//7166
f 4087//7167 4088//7167 2755//7167
f 2755//7168 4088//7168 2758//7168
f 4088//7169 4089//7169 2758//7169
f 2758//7170 4089//7170 2759//7170
f 2759//7171 4089//7171 2760//7171
f 4089//7172 4090//7172 2760//7172
f 4090//7173 4091//7173 2760//7173
f 2760//7174 4091//7174 2761//7174
f 4091//7175 4092//7175 2761//7175
f 2761//7176 4092//7176 2744//7176
f 2744//7177 4092//7177 2743//7177
f 4092//7178 4093//7178 2743//7178
f 4093//7179 4094//7179 2743//7179
f 2743//7180 4094//7180 2742//7180
f 2742//7181 4095//7181 2741//7181
f 4094//7182 4095//7182 2742//7182
f 2741//7183 4096//7183 2739//7183
f 2739//7184 4096//7184 2737//7184
f 4095//7185 4096//7185 2741//7185
f 4096//7186 4097//7186 2737//7186
f 2737//7187 4098//7187 2735//7187
f 4097//7188 4098//7188 2737//7188
f 2735//7189 4099//7189 2733//7189
f 4098//7190 4099//7190 2735//7190
f 2733//7191 4100//7191 2734//7191
f 4099//7192 4100//7192 2733//7192
f 2734//7193 4101//7193 2736//7193
f 4100//7194 4101//7194 2734//7194
f 2736//7195 4102//7195 2738//7195
f 4101//7196 4102//7196 2736//7196
f 2738//7197 4103//7197 2740//7197
f 2740//7198 4103//7198 2745//7198
f 4102//7199 4103//7199 2738//7199
f 2745//7200 4104//7200 2746//7200
f 4103//7201 4104//7201 2745//7201
f 4104//7202 4105//7202 2746//7202
f 2746//7203 4106//7203 2747//7203
f 4105//7204 4106//7204 2746//7204
f 4106//7205 4107//7205 2747//7205
f 2747//7206 4107//7206 2748//7206
f 2748//7207 4107//7207 2749//7207
f 2749//7208 4108//7208 2750//7208
f 4107//7209 4108//7209 2749//7209
f 4108//7210 4109//7210 2750//7210
f 4109//7211 4110//7211 2750//7211
f 2750//7212 4110//7212 2751//7212
f 4110//7213 4111//7213 2751//7213
f 2751//7214 4111//7214 2752//7214
f 4111//7215 4112//7215 2752//7215
f 2752//7216 4112//7216 2753//7216
f 4112//7217 4076//7217 2753//7217
f 2753//7218 4076//7218 2754//7218
f 2801//7219 2803//7219 2802//7219
f 2795//7220 2794//7220 2796//7220
f 2793//7221 2792//7221 2794//7221
f 2794//7222 2792//7222 2796//7222
f 2807//7223 2810//7223 2808//7223
f 2808//7224 2810//7224 2809//7224
f 2804//7225 2811//7225 2805//7225
f 2805//7226 2811//7226 2806//7226
f 2806//7227 2811//7227 2807//7227
f 2807//7228 2811//7228 2810//7228
f 2790//7229 2789//7229 2791//7229
f 2789//7230 2788//7230 2791//7230
f 2797//7231 2814//7231 2798//7231
f 2798//7232 2814//7232 2799//7232
f 2799//7233 2814//7233 2800//7233
f 2800//7234 2814//7234 2801//7234
f 2803//7235 2814//7235 2804//7235
f 2811//7236 2814//7236 2812//7236
f 2812//7237 2814//7237 2813//7237
f 2801//7238 2814//7238 2803//7238
f 2804//7239 2814//7239 2811//7239
f 2787//7240 2786//7240 2788//7240
f 2785//7241 2784//7241 2786//7241
f 2815//7242 2817//7242 2816//7242
f 2786//7243 2783//7243 2788//7243
f 2784//7244 2783//7244 2786//7244
f 2791//7245 2783//7245 2792//7245
f 2788//7246 2783//7246 2791//7246
f 2815//7247 2771//7247 2817//7247
f 2814//7248 2771//7248 2815//7248
f 2771//7249 2773//7249 2772//7249
f 2814//7250 2773//7250 2771//7250
f 2797//7251 2774//7251 2814//7251
f 2814//7252 2774//7252 2773//7252
f 2796//7253 2774//7253 2797//7253
f 2792//7254 2774//7254 2796//7254
f 2780//7255 2779//7255 2781//7255
f 2781//7256 2779//7256 2782//7256
f 2782//7257 2778//7257 2783//7257
f 2779//7258 2778//7258 2782//7258
f 2774//7259 2777//7259 2775//7259
f 2775//7260 2777//7260 2776//7260
f 2783//7261 2777//7261 2792//7261
f 2792//7262 2777//7262 2774//7262
f 2778//7263 2777//7263 2783//7263
f 2834//7264 2837//7264 2835//7264
f 2835//7265 2837//7265 2836//7265
f 2831//7266 2830//7266 2832//7266
f 2832//7267 2830//7267 2833//7267
f 2833//7268 2830//7268 2834//7268
f 2827//7269 2826//7269 2828//7269
f 2828//7270 2825//7270 2829//7270
f 2829//7271 2825//7271 2830//7271
f 2834//7272 2825//7272 2837//7272
f 2830//7273 2825//7273 2834//7273
f 2826//7274 2825//7274 2828//7274
f 2837//7275 2824//7275 2838//7275
f 2838//7276 2824//7276 2839//7276
f 2839//7277 2824//7277 2840//7277
f 2840//7278 2824//7278 2841//7278
f 2841//7279 2824//7279 2842//7279
f 2842//7280 2824//7280 2843//7280
f 2825//7281 2824//7281 2837//7281
f 2843//7282 2819//7282 2818//7282
f 2823//7283 2822//7283 2824//7283
f 2819//7284 2821//7284 2820//7284
f 2824//7285 2821//7285 2843//7285
f 2843//7286 2821//7286 2819//7286
f 2822//7287 2821//7287 2824//7287
f 2860//7288 2862//7288 2861//7288
f 2862//7289 2865//7289 2863//7289
f 2863//7290 2865//7290 2864//7290
f 2865//7291 2867//7291 2866//7291
f 2860//7292 2867//7292 2862//7292
f 2862//7293 2867//7293 2865//7293
f 2853//7294 2852//7294 2854//7294
f 2858//7295 2869//7295 2859//7295
f 2859//7296 2869//7296 2860//7296
f 2867//7297 2869//7297 2868//7297
f 2860//7298 2869//7298 2867//7298
f 2854//7299 2851//7299 2855//7299
f 2852//7300 2851//7300 2854//7300
f 2857//7301 2844//7301 2858//7301
f 2858//7302 2844//7302 2869//7302
f 2844//7303 2846//7303 2845//7303
f 2855//7304 2846//7304 2856//7304
f 2856//7305 2846//7305 2857//7305
f 2857//7306 2846//7306 2844//7306
f 2849//7307 2848//7307 2850//7307
f 2850//7308 2847//7308 2851//7308
f 2851//7309 2847//7309 2855//7309
f 2855//7310 2847//7310 2846//7310
f 2848//7311 2847//7311 2850//7311
f 2886//7312 2889//7312 2887//7312
f 2887//7313 2889//7313 2888//7313
f 2883//7314 2882//7314 2884//7314
f 2884//7315 2882//7315 2885//7315
f 2885//7316 2882//7316 2886//7316
f 2879//7317 2878//7317 2880//7317
f 2880//7318 2877//7318 2881//7318
f 2881//7319 2877//7319 2882//7319
f 2886//7320 2877//7320 2889//7320
f 2882//7321 2877//7321 2886//7321
f 2878//7322 2877//7322 2880//7322
f 2889//7323 2876//7323 2890//7323
f 2890//7324 2876//7324 2891//7324
f 2891//7325 2876//7325 2892//7325
f 2892//7326 2876//7326 2893//7326
f 2893//7327 2876//7327 2894//7327
f 2894//7328 2876//7328 2895//7328
f 2877//7329 2876//7329 2889//7329
f 2895//7330 2871//7330 2870//7330
f 2875//7331 2874//7331 2876//7331
f 2871//7332 2873//7332 2872//7332
f 2876//7333 2873//7333 2895//7333
f 2895//7334 2873//7334 2871//7334
f 2874//7335 2873//7335 2876//7335
f 2912//7336 2914//7336 2913//7336
f 2914//7337 2917//7337 2915//7337
f 2915//7338 2917//7338 2916//7338
f 2917//7339 2919//7339 2918//7339
f 2912//7340 2919//7340 2914//7340
f 2914//7341 2919//7341 2917//7341
f 2905//7342 2904//7342 2906//7342
f 2910//7343 2921//7343 2911//7343
f 2911//7344 2921//7344 2912//7344
f 2919//7345 2921//7345 2920//7345
f 2912//7346 2921//7346 2919//7346
f 2906//7347 2903//7347 2907//7347
f 2904//7348 2903//7348 2906//7348
f 2909//7349 2896//7349 2910//7349
f 2910//7350 2896//7350 2921//7350
f 2896//7351 2898//7351 2897//7351
f 2907//7352 2898//7352 2908//7352
f 2908//7353 2898//7353 2909//7353
f 2909//7354 2898//7354 2896//7354
f 2901//7355 2900//7355 2902//7355
f 2902//7356 2899//7356 2903//7356
f 2903//7357 2899//7357 2907//7357
f 2907//7358 2899//7358 2898//7358
f 2900//7359 2899//7359 2902//7359
f 2028//7360 3200//7360 2971//7360
f 2971//7361 4113//7361 3927//7361
f 3200//7362 4113//7362 2971//7362
f 2986//7363 2989//7363 4114//7363
f 4114//7364 2989//7364 4115//7364
f 2989//7365 2990//7365 4115//7365
f 4115//7366 2990//7366 4116//7366
f 2990//7367 2991//7367 4116//7367
f 4116//7368 2991//7368 4117//7368
f 2991//7369 2992//7369 4117//7369
f 4117//7370 2992//7370 4118//7370
f 2992//7371 2993//7371 4118//7371
f 4118//7372 2993//7372 4119//7372
f 2993//7373 2994//7373 4119//7373
f 4119//7374 2994//7374 4120//7374
f 4120//7375 2994//7375 4121//7375
f 2994//7376 2995//7376 4121//7376
f 2995//7377 2996//7377 4121//7377
f 4121//7378 2996//7378 4122//7378
f 4122//7379 2996//7379 4123//7379
f 2996//7380 2997//7380 4123//7380
f 2997//7381 2998//7381 4123//7381
f 4123//7382 2998//7382 4124//7382
f 2998//7383 2999//7383 4124//7383
f 4124//7384 2999//7384 4125//7384
f 2999//7385 2987//7385 4125//7385
f 4125//7386 2987//7386 4126//7386
f 2987//7387 2985//7387 4126//7387
f 4126//7388 2985//7388 4127//7388
f 2985//7389 2983//7389 4127//7389
f 4127//7390 2983//7390 4128//7390
f 4128//7391 2981//7391 4129//7391
f 2983//7392 2981//7392 4128//7392
f 4129//7393 2978//7393 4130//7393
f 4130//7394 2978//7394 4131//7394
f 2981//7395 2978//7395 4129//7395
f 2978//7396 2977//7396 4131//7396
f 4131//7397 2979//7397 4132//7397
f 2977//7398 2979//7398 4131//7398
f 4132//7399 2980//7399 4133//7399
f 2979//7400 2980//7400 4132//7400
f 4133//7401 2969//7401 4134//7401
f 2980//7402 2969//7402 4133//7402
f 4134//7403 2967//7403 4135//7403
f 2969//7404 2967//7404 4134//7404
f 4135//7405 2962//7405 4136//7405
f 2967//7406 2962//7406 4135//7406
f 4136//7407 2961//7407 4137//7407
f 2962//7408 2961//7408 4136//7408
f 4137//7409 2960//7409 4138//7409
f 2961//7410 2960//7410 4137//7410
f 2960//7411 2959//7411 4138//7411
f 4138//7412 2959//7412 4139//7412
f 2959//7413 2957//7413 4139//7413
f 4139//7414 2957//7414 4140//7414
f 2957//7415 2955//7415 4140//7415
f 4140//7416 2955//7416 4141//7416
f 4141//7417 2955//7417 4142//7417
f 2955//7418 2953//7418 4142//7418
f 2953//7419 2951//7419 4142//7419
f 4142//7420 2951//7420 4143//7420
f 2951//7421 2948//7421 4143//7421
f 4143//7422 2948//7422 4144//7422
f 2948//7423 2949//7423 4144//7423
f 4144//7424 2949//7424 4145//7424
f 2949//7425 2950//7425 4145//7425
f 4145//7426 2950//7426 4146//7426
f 2950//7427 2952//7427 4146//7427
f 4146//7428 2952//7428 4147//7428
f 4147//7429 2952//7429 4148//7429
f 2952//7430 2954//7430 4148//7430
f 2954//7431 2956//7431 4148//7431
f 4148//7432 2956//7432 4149//7432
f 2956//7433 2958//7433 4149//7433
f 4149//7434 2958//7434 4150//7434
f 2958//7435 2963//7435 4150//7435
f 4150//7436 2963//7436 4151//7436
f 2963//7437 2964//7437 4151//7437
f 4151//7438 2964//7438 4152//7438
f 2964//7439 2965//7439 4152//7439
f 4152//7440 2965//7440 4153//7440
f 2965//7441 2966//7441 4153//7441
f 4153//7442 2966//7442 4154//7442
f 4154//7443 2966//7443 4155//7443
f 2966//7444 2968//7444 4155//7444
f 2968//7445 2970//7445 4155//7445
f 4155//7446 2970//7446 4156//7446
f 2970//7447 2972//7447 4156//7447
f 4156//7448 2972//7448 4157//7448
f 2972//7449 2973//7449 4157//7449
f 4157//7450 2973//7450 4158//7450
f 4158//7451 2973//7451 4159//7451
f 2973//7452 2974//7452 4159//7452
f 2974//7453 2975//7453 4159//7453
f 4159//7454 2975//7454 4160//7454
f 2975//7455 2982//7455 4160//7455
f 4160//7456 2982//7456 4161//7456
f 2982//7457 2984//7457 4161//7457
f 4161//7458 2984//7458 4162//7458
f 4162//7459 2986//7459 4114//7459
f 2984//7460 2986//7460 4162//7460
f 3151//7461 3001//7461 3003//7461
f 3153//7462 3151//7462 3003//7462
f 3002//7463 3153//7463 3003//7463
f 3002//7464 3152//7464 3153//7464
f 3000//7465 3150//7465 3002//7465
f 3002//7466 3150//7466 3152//7466
f 3154//7467 3150//7467 3000//7467
f 3154//7468 3000//7468 3004//7468
f 3154//7469 3004//7469 3007//7469
f 3154//7470 3007//7470 3156//7470
f 3156//7471 3007//7471 3006//7471
f 3156//7472 3006//7472 3155//7472
f 3008//7473 3155//7473 3006//7473
f 3008//7474 3006//7474 3005//7474
f 4163//7475 3013//7475 4164//7475
f 1777//7476 3095//7476 3013//7476
f 3013//7477 3095//7477 4164//7477
f 3018//7478 4165//7478 3017//7478
f 3017//7479 4165//7479 3084//7479
f 3014//7480 4166//7480 4167//7480
f 4167//7481 4168//7481 3014//7481
f 3014//7482 4169//7482 4166//7482
f 4168//7483 4170//7483 3014//7483
f 3014//7484 4171//7484 4169//7484
f 4170//7485 4172//7485 3014//7485
f 4172//7486 4173//7486 3014//7486
f 4174//7487 3018//7487 4175//7487
f 4175//7488 3018//7488 4176//7488
f 4176//7489 3018//7489 4177//7489
f 4177//7490 3018//7490 4178//7490
f 4178//7491 3018//7491 4173//7491
f 4173//7492 3018//7492 3014//7492
f 4174//7493 4179//7493 3018//7493
f 4179//7494 4180//7494 3018//7494
f 4180//7495 4181//7495 3018//7495
f 4182//7496 4183//7496 4184//7496
f 4185//7497 4186//7497 4182//7497
f 4182//7498 4186//7498 4183//7498
f 4183//7499 4187//7499 4184//7499
f 4184//7500 4187//7500 4188//7500
f 4189//7501 4190//7501 4185//7501
f 4185//7502 4190//7502 4186//7502
f 4187//7503 4191//7503 4188//7503
f 4188//7504 4191//7504 4192//7504
f 4191//7505 4193//7505 4192//7505
f 4192//7506 4194//7506 4195//7506
f 4193//7507 4194//7507 4192//7507
f 4195//7508 4196//7508 4197//7508
f 4194//7509 4196//7509 4195//7509
f 4197//7510 4198//7510 4199//7510
f 4196//7511 4198//7511 4197//7511
f 4199//7512 4200//7512 4181//7512
f 4181//7513 4200//7513 3018//7513
f 4198//7514 4200//7514 4199//7514
f 4200//7515 4201//7515 3018//7515
f 4201//7516 4202//7516 3018//7516
f 4203//7517 4204//7517 4205//7517
f 4203//7518 4206//7518 4204//7518
f 4205//7519 4207//7519 4208//7519
f 4204//7520 4207//7520 4205//7520
f 4209//7521 4210//7521 4203//7521
f 4203//7522 4210//7522 4206//7522
f 4208//7523 4211//7523 4212//7523
f 4207//7524 4211//7524 4208//7524
f 4213//7525 4214//7525 4209//7525
f 4209//7526 4214//7526 4210//7526
f 4212//7527 4215//7527 4216//7527
f 4211//7528 4215//7528 4212//7528
f 4216//7529 4217//7529 4218//7529
f 4215//7530 4217//7530 4216//7530
f 4218//7531 4219//7531 4220//7531
f 4217//7532 4219//7532 4218//7532
f 4220//7533 4221//7533 4222//7533
f 4219//7534 4221//7534 4220//7534
f 4221//7535 4223//7535 4222//7535
f 4222//7536 4223//7536 4224//7536
f 4223//7537 4225//7537 4224//7537
f 4224//7538 4225//7538 4226//7538
f 4226//7539 4165//7539 4227//7539
f 4228//7540 4165//7540 4229//7540
f 4229//7541 4165//7541 4230//7541
f 4230//7542 4165//7542 4231//7542
f 4231//7543 4165//7543 4232//7543
f 4232//7544 4165//7544 4233//7544
f 4233//7545 4165//7545 4234//7545
f 4234//7546 4165//7546 4235//7546
f 4235//7547 4165//7547 4225//7547
f 4225//7548 4165//7548 4226//7548
f 4228//7549 4236//7549 4165//7549
f 4237//7550 4236//7550 4238//7550
f 4238//7551 4236//7551 4239//7551
f 4239//7552 4236//7552 4240//7552
f 4240//7553 4236//7553 4241//7553
f 4241//7554 4236//7554 4242//7554
f 4242//7555 4236//7555 4228//7555
f 3014//7556 4236//7556 4237//7556
f 3014//7557 4237//7557 4214//7557
f 3014//7558 4214//7558 4213//7558
f 3014//7559 4213//7559 4243//7559
f 3014//7560 4243//7560 4190//7560
f 3014//7561 4190//7561 4244//7561
f 3014//7562 4244//7562 4171//7562
f 4244//7563 4190//7563 4189//7563
f 4165//7564 3018//7564 4227//7564
f 4227//7565 3018//7565 4202//7565
f 4236//7566 3014//7566 3016//7566
f 4236//7567 3016//7567 4163//7567
f 4236//7568 4163//7568 4164//7568
f 4163//7569 3016//7569 3015//7569
f 4163//7570 3015//7570 3013//7570
f 4164//7571 3095//7571 4236//7571
f 4236//7572 3084//7572 4165//7572
f 3095//7573 3084//7573 4236//7573
f 3049//7574 3047//7574 4245//7574
f 3049//7575 4245//7575 4246//7575
f 3051//7576 4246//7576 4247//7576
f 3051//7577 3049//7577 4246//7577
f 3053//7578 4247//7578 4248//7578
f 3053//7579 3051//7579 4247//7579
f 3054//7580 4248//7580 4249//7580
f 3054//7581 3053//7581 4248//7581
f 3034//7582 4249//7582 4250//7582
f 3034//7583 3054//7583 4249//7583
f 3033//7584 4250//7584 4251//7584
f 3033//7585 3034//7585 4250//7585
f 3032//7586 4251//7586 4252//7586
f 3032//7587 3033//7587 4251//7587
f 3031//7588 4252//7588 4253//7588
f 3031//7589 3032//7589 4252//7589
f 3028//7590 4253//7590 4254//7590
f 3028//7591 3031//7591 4253//7591
f 3029//7592 4254//7592 4255//7592
f 3029//7593 3028//7593 4254//7593
f 3030//7594 3029//7594 4255//7594
f 3030//7595 4255//7595 4256//7595
f 3027//7596 3030//7596 4256//7596
f 3027//7597 4256//7597 4257//7597
f 3025//7598 3027//7598 4257//7598
f 3025//7599 4257//7599 4258//7599
f 3023//7600 3025//7600 4258//7600
f 3023//7601 4258//7601 4259//7601
f 3021//7602 3023//7602 4259//7602
f 3021//7603 4259//7603 4260//7603
f 3020//7604 3021//7604 4260//7604
f 3020//7605 4260//7605 4261//7605
f 3019//7606 3020//7606 4261//7606
f 3019//7607 4261//7607 4262//7607
f 3019//7608 4262//7608 4263//7608
f 3022//7609 3019//7609 4263//7609
f 3024//7610 3022//7610 4263//7610
f 3024//7611 4263//7611 4264//7611
f 3026//7612 3024//7612 4264//7612
f 3026//7613 4264//7613 4265//7613
f 3043//7614 3026//7614 4265//7614
f 3043//7615 4265//7615 4266//7615
f 3036//7616 3043//7616 4266//7616
f 3036//7617 4266//7617 4267//7617
f 3036//7618 4267//7618 4268//7618
f 3037//7619 3036//7619 4268//7619
f 3040//7620 4268//7620 4269//7620
f 3040//7621 3037//7621 4268//7621
f 3041//7622 4269//7622 4270//7622
f 3041//7623 3040//7623 4269//7623
f 3047//7624 4270//7624 4245//7624
f 3047//7625 3041//7625 4270//7625
f 3073//7626 3071//7626 4271//7626
f 3073//7627 4271//7627 4272//7627
f 3074//7628 4272//7628 4273//7628
f 3074//7629 3073//7629 4272//7629
f 3077//7630 4273//7630 4274//7630
f 3077//7631 3074//7631 4273//7631
f 3079//7632 4274//7632 4275//7632
f 3079//7633 3077//7633 4274//7633
f 3080//7634 4275//7634 4276//7634
f 3080//7635 3079//7635 4275//7635
f 3083//7636 4276//7636 4277//7636
f 3083//7637 3080//7637 4276//7637
f 3057//7638 4277//7638 4278//7638
f 3057//7639 3083//7639 4277//7639
f 3056//7640 4278//7640 4279//7640
f 3056//7641 3057//7641 4278//7641
f 3055//7642 4279//7642 4280//7642
f 3055//7643 3056//7643 4279//7643
f 3052//7644 4280//7644 4281//7644
f 3052//7645 3055//7645 4280//7645
f 3050//7646 3052//7646 4281//7646
f 3050//7647 4281//7647 4282//7647
f 3048//7648 3050//7648 4282//7648
f 3048//7649 4282//7649 4283//7649
f 3046//7650 3048//7650 4283//7650
f 3046//7651 4283//7651 4284//7651
f 3044//7652 3046//7652 4284//7652
f 3044//7653 4284//7653 4285//7653
f 3039//7654 3044//7654 4285//7654
f 3039//7655 4285//7655 4286//7655
f 3038//7656 3039//7656 4286//7656
f 3038//7657 4286//7657 4287//7657
f 3035//7658 3038//7658 4287//7658
f 3035//7659 4287//7659 4288//7659
f 3035//7660 4288//7660 4289//7660
f 3042//7661 3035//7661 4289//7661
f 3045//7662 3042//7662 4289//7662
f 3045//7663 4289//7663 4290//7663
f 3069//7664 3045//7664 4290//7664
f 3069//7665 4290//7665 4291//7665
f 3065//7666 3069//7666 4291//7666
f 3065//7667 4291//7667 4292//7667
f 3062//7668 3065//7668 4292//7668
f 3062//7669 4292//7669 4293//7669
f 3062//7670 4293//7670 4294//7670
f 3059//7671 3062//7671 4294//7671
f 3060//7672 4294//7672 4295//7672
f 3060//7673 3059//7673 4294//7673
f 3067//7674 4295//7674 4296//7674
f 3067//7675 3060//7675 4295//7675
f 3071//7676 4296//7676 4271//7676
f 3071//7677 3067//7677 4296//7677
f 3085//7678 3096//7678 4297//7678
f 3085//7679 4297//7679 4298//7679
f 3086//7680 4298//7680 4299//7680
f 3086//7681 3085//7681 4298//7681
f 3087//7682 4299//7682 4300//7682
f 3087//7683 3086//7683 4299//7683
f 3088//7684 4300//7684 4301//7684
f 3088//7685 3087//7685 4300//7685
f 3089//7686 4301//7686 4302//7686
f 3089//7687 3088//7687 4301//7687
f 3090//7688 4302//7688 4303//7688
f 3090//7689 3089//7689 4302//7689
f 3082//7690 4303//7690 4304//7690
f 3082//7691 3090//7691 4303//7691
f 3081//7692 4304//7692 4305//7692
f 3081//7693 3082//7693 4304//7693
f 3078//7694 4305//7694 4306//7694
f 3078//7695 3081//7695 4305//7695
f 3076//7696 4306//7696 4307//7696
f 3076//7697 3078//7697 4306//7697
f 3075//7698 3076//7698 4307//7698
f 3075//7699 4307//7699 4308//7699
f 3072//7700 3075//7700 4308//7700
f 3072//7701 4308//7701 4309//7701
f 3070//7702 3072//7702 4309//7702
f 3070//7703 4309//7703 4310//7703
f 3066//7704 3070//7704 4310//7704
f 3066//7705 4310//7705 4311//7705
f 3063//7706 3066//7706 4311//7706
f 3063//7707 4311//7707 4312//7707
f 3058//7708 3063//7708 4312//7708
f 3058//7709 4312//7709 4313//7709
f 3061//7710 3058//7710 4313//7710
f 3061//7711 4313//7711 4314//7711
f 3061//7712 4314//7712 4315//7712
f 3064//7713 3061//7713 4315//7713
f 3068//7714 3064//7714 4315//7714
f 3068//7715 4315//7715 4316//7715
f 3091//7716 3068//7716 4316//7716
f 3091//7717 4316//7717 4317//7717
f 3092//7718 3091//7718 4317//7718
f 3092//7719 4317//7719 4318//7719
f 3093//7720 3092//7720 4318//7720
f 3093//7721 4318//7721 4319//7721
f 3093//7722 4319//7722 4320//7722
f 3094//7723 3093//7723 4320//7723
f 3097//7724 4320//7724 4321//7724
f 3097//7725 3094//7725 4320//7725
f 3098//7726 4321//7726 4322//7726
f 3098//7727 3097//7727 4321//7727
f 3096//7728 4322//7728 4297//7728
f 3096//7729 3098//7729 4322//7729
f 3161//7730 3173//7730 3192//7730
f 3192//7731 3173//7731 3191//7731
f 3377//7732 4323//7732 3159//7732
f 3159//7733 4323//7733 3179//7733
f 3194//7734 3193//7734 3195//7734
f 3194//7735 3195//7735 3196//7735
f 4324//7736 4113//7736 3200//7736
f 4325//7737 4324//7737 3200//7737
f 4326//7738 4325//7738 3200//7738
f 4327//7739 4328//7739 4326//7739
f 4327//7740 4326//7740 3200//7740
f 4329//7741 4328//7741 4327//7741
f 4330//7742 4327//7742 3200//7742
f 3197//7743 4330//7743 3200//7743
f 4331//7744 4332//7744 4330//7744
f 4331//7745 4330//7745 3197//7745
f 3197//7746 1982//7746 4075//7746
f 4331//7747 4075//7747 3917//7747
f 4331//7748 3197//7748 4075//7748
f 3256//7749 3257//7749 3258//7749
f 3266//7750 3262//7750 3263//7750
f 3266//7751 3263//7751 3264//7751
f 3266//7752 3264//7752 3265//7752
f 3253//7753 3254//7753 3255//7753
f 3252//7754 3253//7754 3255//7754
f 3268//7755 3266//7755 3267//7755
f 3250//7756 3251//7756 3252//7756
f 3271//7757 3268//7757 3269//7757
f 3271//7758 3269//7758 3270//7758
f 3247//7759 3252//7759 3255//7759
f 3247//7760 3250//7760 3252//7760
f 3247//7761 3248//7761 3249//7761
f 3247//7762 3249//7762 3250//7762
f 3247//7763 3255//7763 3256//7763
f 3247//7764 3258//7764 3259//7764
f 3247//7765 3259//7765 3260//7765
f 3247//7766 3260//7766 3261//7766
f 3247//7767 3261//7767 3262//7767
f 3247//7768 3256//7768 3258//7768
f 3273//7769 3268//7769 3271//7769
f 3273//7770 3271//7770 3272//7770
f 3275//7771 3273//7771 3274//7771
f 3243//7772 3244//7772 3245//7772
f 3243//7773 3245//7773 3246//7773
f 3279//7774 3276//7774 3277//7774
f 3279//7775 3277//7775 3278//7775
f 3240//7776 3241//7776 3242//7776
f 3240//7777 3242//7777 3243//7777
f 3281//7778 3276//7778 3279//7778
f 3281//7779 3275//7779 3276//7779
f 3281//7780 3279//7780 3280//7780
f 3236//7781 3237//7781 3238//7781
f 3236//7782 3238//7782 3239//7782
f 3236//7783 3239//7783 3240//7783
f 3284//7784 3273//7784 3275//7784
f 3284//7785 3275//7785 3281//7785
f 3284//7786 3281//7786 3282//7786
f 3284//7787 3282//7787 3283//7787
f 3235//7788 3236//7788 3240//7788
f 3233//7789 3234//7789 3235//7789
f 3233//7790 3235//7790 3240//7790
f 3231//7791 3232//7791 3233//7791
f 3229//7792 3230//7792 3231//7792
f 3229//7793 3231//7793 3233//7793
f 3228//7794 3229//7794 3233//7794
f 3228//7795 3247//7795 3262//7795
f 3228//7796 3246//7796 3247//7796
f 3228//7797 3243//7797 3246//7797
f 3228//7798 3240//7798 3243//7798
f 3228//7799 3233//7799 3240//7799
f 3226//7800 3262//7800 3266//7800
f 3226//7801 3228//7801 3262//7801
f 3226//7802 3266//7802 3268//7802
f 3226//7803 3268//7803 3273//7803
f 3226//7804 3227//7804 3228//7804
f 3226//7805 3273//7805 3284//7805
f 3226//7806 3284//7806 3285//7806
f 3226//7807 3285//7807 3286//7807
f 3223//7808 3226//7808 3286//7808
f 3223//7809 3224//7809 3225//7809
f 3223//7810 3225//7810 3226//7810
f 3221//7811 3222//7811 3223//7811
f 3220//7812 3221//7812 3223//7812
f 3219//7813 3220//7813 3223//7813
f 3218//7814 3219//7814 3223//7814
f 3215//7815 3216//7815 3217//7815
f 3215//7816 3217//7816 3218//7816
f 3212//7817 3213//7817 3214//7817
f 3212//7818 3214//7818 3215//7818
f 3212//7819 3218//7819 3223//7819
f 3212//7820 3215//7820 3218//7820
f 3209//7821 3210//7821 3211//7821
f 3209//7822 3211//7822 3212//7822
f 3209//7823 3223//7823 3286//7823
f 3209//7824 3212//7824 3223//7824
f 3209//7825 3286//7825 3287//7825
f 3207//7826 3208//7826 3209//7826
f 3206//7827 3207//7827 3209//7827
f 3204//7828 3205//7828 3206//7828
f 3202//7829 3203//7829 3204//7829
f 3202//7830 3206//7830 3209//7830
f 3202//7831 3204//7831 3206//7831
f 3201//7832 3209//7832 3287//7832
f 3201//7833 3202//7833 3209//7833
f 3201//7834 3287//7834 3199//7834
f 3198//7835 3201//7835 3199//7835
f 4333//7836 4334//7836 3289//7836
f 4335//7837 4334//7837 4333//7837
f 3288//7838 4336//7838 4333//7838
f 3288//7839 4333//7839 3289//7839
f 4337//7840 4338//7840 4336//7840
f 4339//7841 4336//7841 3288//7841
f 4339//7842 4337//7842 4336//7842
f 4340//7843 4339//7843 3288//7843
f 4341//7844 4340//7844 3288//7844
f 4342//7845 4341//7845 3288//7845
f 3288//7846 1849//7846 3333//7846
f 4342//7847 3333//7847 3866//7847
f 4342//7848 3288//7848 3333//7848
f 1913//7849 3289//7849 4074//7849
f 4074//7850 4334//7850 3910//7850
f 3289//7851 4334//7851 4074//7851
f 3326//7852 3334//7852 4343//7852
f 4343//7853 3334//7853 4344//7853
f 3334//7854 3335//7854 4344//7854
f 4344//7855 3335//7855 4345//7855
f 3335//7856 3336//7856 4345//7856
f 4345//7857 3336//7857 4346//7857
f 3336//7858 3337//7858 4346//7858
f 4346//7859 3337//7859 4347//7859
f 3337//7860 3338//7860 4347//7860
f 4347//7861 3338//7861 4348//7861
f 3338//7862 3339//7862 4348//7862
f 4348//7863 3339//7863 4349//7863
f 4349//7864 3339//7864 4350//7864
f 3339//7865 3328//7865 4350//7865
f 3328//7866 3327//7866 4350//7866
f 4350//7867 3327//7867 4351//7867
f 4351//7868 3327//7868 4352//7868
f 3327//7869 3329//7869 4352//7869
f 3329//7870 3330//7870 4352//7870
f 4352//7871 3330//7871 4353//7871
f 3330//7872 3331//7872 4353//7872
f 4353//7873 3331//7873 4354//7873
f 3331//7874 3332//7874 4354//7874
f 4354//7875 3332//7875 4355//7875
f 3332//7876 3340//7876 4355//7876
f 4355//7877 3340//7877 4356//7877
f 3340//7878 3341//7878 4356//7878
f 4356//7879 3341//7879 4357//7879
f 4357//7880 3323//7880 4358//7880
f 3341//7881 3323//7881 4357//7881
f 4358//7882 3321//7882 4359//7882
f 4359//7883 3321//7883 4360//7883
f 3323//7884 3321//7884 4358//7884
f 3321//7885 3319//7885 4360//7885
f 4360//7886 3317//7886 4361//7886
f 3319//7887 3317//7887 4360//7887
f 4361//7888 3309//7888 4362//7888
f 3317//7889 3309//7889 4361//7889
f 4362//7890 3308//7890 4363//7890
f 3309//7891 3308//7891 4362//7891
f 4363//7892 3307//7892 4364//7892
f 3308//7893 3307//7893 4363//7893
f 4364//7894 3306//7894 4365//7894
f 3307//7895 3306//7895 4364//7895
f 4365//7896 3305//7896 4366//7896
f 3306//7897 3305//7897 4365//7897
f 4366//7898 3304//7898 4367//7898
f 3305//7899 3304//7899 4366//7899
f 3304//7900 3302//7900 4367//7900
f 4367//7901 3302//7901 4368//7901
f 3302//7902 3300//7902 4368//7902
f 4368//7903 3300//7903 4369//7903
f 3300//7904 3298//7904 4369//7904
f 4369//7905 3298//7905 4370//7905
f 4370//7906 3298//7906 4371//7906
f 3298//7907 3296//7907 4371//7907
f 3296//7908 3294//7908 4371//7908
f 4371//7909 3294//7909 4372//7909
f 3294//7910 3290//7910 4372//7910
f 4372//7911 3290//7911 4373//7911
f 3290//7912 3292//7912 4373//7912
f 4373//7913 3292//7913 4374//7913
f 3292//7914 3293//7914 4374//7914
f 4374//7915 3293//7915 4375//7915
f 3293//7916 3295//7916 4375//7916
f 4375//7917 3295//7917 4376//7917
f 4376//7918 3295//7918 4377//7918
f 3295//7919 3297//7919 4377//7919
f 3297//7920 3299//7920 4377//7920
f 4377//7921 3299//7921 4378//7921
f 3299//7922 3301//7922 4378//7922
f 4378//7923 3301//7923 4379//7923
f 3301//7924 3303//7924 4379//7924
f 4379//7925 3303//7925 4380//7925
f 3303//7926 3311//7926 4380//7926
f 4380//7927 3311//7927 4381//7927
f 3311//7928 3312//7928 4381//7928
f 4381//7929 3312//7929 4382//7929
f 3312//7930 3313//7930 4382//7930
f 4382//7931 3313//7931 4383//7931
f 4383//7932 3313//7932 4384//7932
f 3313//7933 3314//7933 4384//7933
f 3314//7934 3315//7934 4384//7934
f 4384//7935 3315//7935 4385//7935
f 3315//7936 3316//7936 4385//7936
f 4385//7937 3316//7937 4386//7937
f 3316//7938 3318//7938 4386//7938
f 4386//7939 3318//7939 4387//7939
f 4387//7940 3318//7940 4388//7940
f 3318//7941 3320//7941 4388//7941
f 3320//7942 3322//7942 4388//7942
f 4388//7943 3322//7943 4389//7943
f 3322//7944 3324//7944 4389//7944
f 4389//7945 3324//7945 4390//7945
f 3324//7946 3325//7946 4390//7946
f 4390//7947 3325//7947 4391//7947
f 4391//7948 3326//7948 4343//7948
f 3325//7949 3326//7949 4391//7949
f 3368//7950 3461//7950 3370//7950
f 3461//7951 3463//7951 3370//7951
f 3462//7952 3369//7952 3370//7952
f 3462//7953 3370//7953 3463//7953
f 3460//7954 3367//7954 3369//7954
f 3460//7955 3369//7955 3462//7955
f 3460//7956 3464//7956 3367//7956
f 3367//7957 3464//7957 3371//7957
f 3371//7958 3464//7958 3374//7958
f 3374//7959 3464//7959 3466//7959
f 3374//7960 3466//7960 3372//7960
f 3372//7961 3466//7961 3465//7961
f 3465//7962 3375//7962 3372//7962
f 3372//7963 3375//7963 3373//7963
f 3179//7964 4323//7964 4392//7964
f 3456//7965 2429//7965 3179//7965
f 3456//7966 3179//7966 4392//7966
f 4393//7967 3379//7967 3378//7967
f 4393//7968 3378//7968 3445//7968
f 4394//7969 3376//7969 4395//7969
f 4396//7970 4395//7970 3376//7970
f 4397//7971 3376//7971 4394//7971
f 4398//7972 4396//7972 3376//7972
f 4399//7973 3376//7973 4397//7973
f 4400//7974 4398//7974 3376//7974
f 4401//7975 4400//7975 3376//7975
f 3379//7976 4402//7976 4403//7976
f 3379//7977 4403//7977 4404//7977
f 3379//7978 4404//7978 4405//7978
f 3379//7979 4405//7979 4406//7979
f 3379//7980 4406//7980 4401//7980
f 3379//7981 4401//7981 3376//7981
f 4407//7982 4402//7982 3379//7982
f 4408//7983 4407//7983 3379//7983
f 4409//7984 4408//7984 3379//7984
f 4410//7985 4411//7985 4412//7985
f 4413//7986 4414//7986 4411//7986
f 4413//7987 4411//7987 4410//7987
f 4415//7988 4410//7988 4412//7988
f 4415//7989 4412//7989 4416//7989
f 4417//7990 4418//7990 4414//7990
f 4417//7991 4414//7991 4413//7991
f 4419//7992 4415//7992 4416//7992
f 4419//7993 4416//7993 4420//7993
f 4421//7994 4419//7994 4420//7994
f 4422//7995 4420//7995 4423//7995
f 4422//7996 4421//7996 4420//7996
f 4424//7997 4423//7997 4425//7997
f 4424//7998 4422//7998 4423//7998
f 4426//7999 4425//7999 4427//7999
f 4426//8000 4424//8000 4425//8000
f 4428//8001 4427//8001 4409//8001
f 4428//8002 4409//8002 3379//8002
f 4428//8003 4426//8003 4427//8003
f 4429//8004 4428//8004 3379//8004
f 4430//8005 4429//8005 3379//8005
f 4431//8006 4432//8006 4433//8006
f 4434//8007 4432//8007 4431//8007
f 4435//8008 4433//8008 4436//8008
f 4435//8009 4431//8009 4433//8009
f 4437//8010 4438//8010 4432//8010
f 4437//8011 4432//8011 4434//8011
f 4439//8012 4436//8012 4440//8012
f 4439//8013 4435//8013 4436//8013
f 4441//8014 4442//8014 4438//8014
f 4441//8015 4438//8015 4437//8015
f 4443//8016 4440//8016 4444//8016
f 4443//8017 4439//8017 4440//8017
f 4445//8018 4444//8018 4446//8018
f 4445//8019 4443//8019 4444//8019
f 4447//8020 4446//8020 4448//8020
f 4447//8021 4445//8021 4446//8021
f 4449//8022 4448//8022 4450//8022
f 4449//8023 4447//8023 4448//8023
f 4451//8024 4449//8024 4450//8024
f 4451//8025 4450//8025 4452//8025
f 4453//8026 4451//8026 4452//8026
f 4453//8027 4452//8027 4454//8027
f 4393//8028 4454//8028 4455//8028
f 4393//8029 4456//8029 4457//8029
f 4393//8030 4457//8030 4458//8030
f 4393//8031 4458//8031 4459//8031
f 4393//8032 4459//8032 4460//8032
f 4393//8033 4460//8033 4461//8033
f 4393//8034 4461//8034 4462//8034
f 4393//8035 4462//8035 4463//8035
f 4393//8036 4463//8036 4453//8036
f 4393//8037 4453//8037 4454//8037
f 4464//8038 4456//8038 4393//8038
f 4464//8039 4465//8039 4466//8039
f 4464//8040 4466//8040 4467//8040
f 4464//8041 4467//8041 4468//8041
f 4464//8042 4468//8042 4469//8042
f 4464//8043 4469//8043 4470//8043
f 4464//8044 4470//8044 4456//8044
f 4464//8045 3376//8045 4465//8045
f 4465//8046 3376//8046 4441//8046
f 4441//8047 3376//8047 4442//8047
f 4442//8048 3376//8048 4471//8048
f 4471//8049 3376//8049 4417//8049
f 4417//8050 3376//8050 4472//8050
f 4472//8051 3376//8051 4399//8051
f 4417//8052 4472//8052 4418//8052
f 3379//8053 4393//8053 4455//8053
f 3379//8054 4455//8054 4430//8054
f 3376//8055 4464//8055 3377//8055
f 3377//8056 4464//8056 4323//8056
f 4323//8057 4464//8057 4392//8057
f 3456//8058 4392//8058 4464//8058
f 3445//8059 4464//8059 4393//8059
f 3445//8060 3456//8060 4464//8060
f 3408//8061 3410//8061 4473//8061
f 4473//8062 3410//8062 4474//8062
f 4474//8063 3412//8063 4475//8063
f 3410//8064 3412//8064 4474//8064
f 4475//8065 3414//8065 4476//8065
f 3412//8066 3414//8066 4475//8066
f 4476//8067 3415//8067 4477//8067
f 3414//8068 3415//8068 4476//8068
f 4477//8069 3395//8069 4478//8069
f 3415//8070 3395//8070 4477//8070
f 4478//8071 3394//8071 4479//8071
f 4479//8072 3394//8072 4480//8072
f 3395//8073 3394//8073 4478//8073
f 3394//8074 3393//8074 4480//8074
f 4480//8075 3392//8075 4481//8075
f 3393//8076 3392//8076 4480//8076
f 4481//8077 3389//8077 4482//8077
f 3392//8078 3389//8078 4481//8078
f 4482//8079 3390//8079 4483//8079
f 3389//8080 3390//8080 4482//8080
f 3390//8081 3391//8081 4483//8081
f 4483//8082 3391//8082 4484//8082
f 3391//8083 3388//8083 4484//8083
f 4484//8084 3388//8084 4485//8084
f 3388//8085 3386//8085 4485//8085
f 4485//8086 3386//8086 4486//8086
f 3386//8087 3384//8087 4486//8087
f 4486//8088 3384//8088 4487//8088
f 3384//8089 3382//8089 4487//8089
f 4487//8090 3382//8090 4488//8090
f 3382//8091 3381//8091 4488//8091
f 4488//8092 3381//8092 4489//8092
f 3381//8093 3380//8093 4489//8093
f 4489//8094 3380//8094 4490//8094
f 3380//8095 3383//8095 4490//8095
f 4490//8096 3383//8096 4491//8096
f 3383//8097 3385//8097 4491//8097
f 4491//8098 3385//8098 4492//8098
f 3385//8099 3387//8099 4492//8099
f 4492//8100 3387//8100 4493//8100
f 4493//8101 3387//8101 4494//8101
f 3387//8102 3403//8102 4494//8102
f 3403//8103 3399//8103 4494//8103
f 4494//8104 3399//8104 4495//8104
f 4495//8105 3396//8105 4496//8105
f 3399//8106 3396//8106 4495//8106
f 3396//8107 3401//8107 4496//8107
f 4496//8108 3401//8108 4497//8108
f 4497//8109 3402//8109 4498//8109
f 3401//8110 3402//8110 4497//8110
f 4498//8111 3408//8111 4473//8111
f 3402//8112 3408//8112 4498//8112
f 3432//8113 3434//8113 4499//8113
f 4499//8114 3434//8114 4500//8114
f 4500//8115 3436//8115 4501//8115
f 3434//8116 3436//8116 4500//8116
f 4501//8117 3438//8117 4502//8117
f 3436//8118 3438//8118 4501//8118
f 4502//8119 3440//8119 4503//8119
f 3438//8120 3440//8120 4502//8120
f 4503//8121 3442//8121 4504//8121
f 3440//8122 3442//8122 4503//8122
f 4504//8123 3444//8123 4505//8123
f 4505//8124 3444//8124 4506//8124
f 3442//8125 3444//8125 4504//8125
f 3444//8126 3418//8126 4506//8126
f 4506//8127 3417//8127 4507//8127
f 3418//8128 3417//8128 4506//8128
f 4507//8129 3416//8129 4508//8129
f 3417//8130 3416//8130 4507//8130
f 4508//8131 3413//8131 4509//8131
f 3416//8132 3413//8132 4508//8132
f 3413//8133 3411//8133 4509//8133
f 4509//8134 3411//8134 4510//8134
f 3411//8135 3409//8135 4510//8135
f 4510//8136 3409//8136 4511//8136
f 3409//8137 3407//8137 4511//8137
f 4511//8138 3407//8138 4512//8138
f 3407//8139 3405//8139 4512//8139
f 4512//8140 3405//8140 4513//8140
f 3405//8141 3400//8141 4513//8141
f 4513//8142 3400//8142 4514//8142
f 3400//8143 3398//8143 4514//8143
f 4514//8144 3398//8144 4515//8144
f 3398//8145 3397//8145 4515//8145
f 4515//8146 3397//8146 4516//8146
f 3397//8147 3404//8147 4516//8147
f 4516//8148 3404//8148 4517//8148
f 3404//8149 3406//8149 4517//8149
f 4517//8150 3406//8150 4518//8150
f 3406//8151 3429//8151 4518//8151
f 4518//8152 3429//8152 4519//8152
f 4519//8153 3429//8153 4520//8153
f 3429//8154 3425//8154 4520//8154
f 3425//8155 3419//8155 4520//8155
f 4520//8156 3419//8156 4521//8156
f 4521//8157 3421//8157 4522//8157
f 3419//8158 3421//8158 4521//8158
f 3421//8159 3424//8159 4522//8159
f 4522//8160 3424//8160 4523//8160
f 4523//8161 3428//8161 4524//8161
f 3424//8162 3428//8162 4523//8162
f 4524//8163 3432//8163 4499//8163
f 3428//8164 3432//8164 4524//8164
f 3457//8165 3446//8165 4525//8165
f 4525//8166 3446//8166 4526//8166
f 4526//8167 3447//8167 4527//8167
f 3446//8168 3447//8168 4526//8168
f 4527//8169 3448//8169 4528//8169
f 3447//8170 3448//8170 4527//8170
f 4528//8171 3449//8171 4529//8171
f 3448//8172 3449//8172 4528//8172
f 4529//8173 3450//8173 4530//8173
f 3449//8174 3450//8174 4529//8174
f 4530//8175 3451//8175 4531//8175
f 4531//8176 3451//8176 4532//8176
f 3450//8177 3451//8177 4530//8177
f 3451//8178 3443//8178 4532//8178
f 4532//8179 3441//8179 4533//8179
f 3443//8180 3441//8180 4532//8180
f 4533//8181 3439//8181 4534//8181
f 3441//8182 3439//8182 4533//8182
f 4534//8183 3437//8183 4535//8183
f 3439//8184 3437//8184 4534//8184
f 3437//8185 3435//8185 4535//8185
f 4535//8186 3435//8186 4536//8186
f 3435//8187 3433//8187 4536//8187
f 4536//8188 3433//8188 4537//8188
f 3433//8189 3431//8189 4537//8189
f 4537//8190 3431//8190 4538//8190
f 3431//8191 3427//8191 4538//8191
f 4538//8192 3427//8192 4539//8192
f 3427//8193 3423//8193 4539//8193
f 4539//8194 3423//8194 4540//8194
f 3423//8195 3422//8195 4540//8195
f 4540//8196 3422//8196 4541//8196
f 3422//8197 3420//8197 4541//8197
f 4541//8198 3420//8198 4542//8198
f 3420//8199 3426//8199 4542//8199
f 4542//8200 3426//8200 4543//8200
f 3426//8201 3430//8201 4543//8201
f 4543//8202 3430//8202 4544//8202
f 3430//8203 3452//8203 4544//8203
f 4544//8204 3452//8204 4545//8204
f 4545//8205 3452//8205 4546//8205
f 3452//8206 3453//8206 4546//8206
f 3453//8207 3454//8207 4546//8207
f 4546//8208 3454//8208 4547//8208
f 4547//8209 3455//8209 4548//8209
f 3454//8210 3455//8210 4547//8210
f 3455//8211 3458//8211 4548//8211
f 4548//8212 3458//8212 4549//8212
f 4549//8213 3459//8213 4550//8213
f 3458//8214 3459//8214 4549//8214
f 4550//8215 3457//8215 4525//8215
f 3459//8216 3457//8216 4550//8216
f 3514//8217 3513//8217 4551//8217
f 4551//8218 3513//8218 4552//8218
f 4552//8219 3515//8219 4553//8219
f 3513//8220 3515//8220 4552//8220
f 4553//8221 3518//8221 4554//8221
f 3515//8222 3518//8222 4553//8222
f 4554//8223 3517//8223 4555//8223
f 3518//8224 3517//8224 4554//8224
f 4555//8225 3516//8225 4556//8225
f 3517//8226 3516//8226 4555//8226
f 4556//8227 3512//8227 4557//8227
f 4557//8228 3512//8228 4558//8228
f 3516//8229 3512//8229 4556//8229
f 3512//8230 3511//8230 4558//8230
f 4558//8231 3510//8231 4559//8231
f 3511//8232 3510//8232 4558//8232
f 4559//8233 3507//8233 4560//8233
f 4560//8234 3507//8234 4561//8234
f 3510//8235 3507//8235 4559//8235
f 3507//8236 3505//8236 4561//8236
f 3505//8237 3503//8237 4561//8237
f 4561//8238 3503//8238 4562//8238
f 3503//8239 3501//8239 4562//8239
f 4562//8240 3501//8240 4563//8240
f 3501//8241 3499//8241 4563//8241
f 4563//8242 3499//8242 4564//8242
f 3499//8243 3497//8243 4564//8243
f 4564//8244 3497//8244 4565//8244
f 3497//8245 3495//8245 4565//8245
f 4565//8246 3495//8246 4566//8246
f 4566//8247 3495//8247 4567//8247
f 3495//8248 3494//8248 4567//8248
f 3494//8249 3493//8249 4567//8249
f 4567//8250 3493//8250 4568//8250
f 3493//8251 3496//8251 4568//8251
f 4568//8252 3496//8252 4569//8252
f 3496//8253 3498//8253 4569//8253
f 4569//8254 3498//8254 4570//8254
f 3498//8255 3500//8255 4570//8255
f 4570//8256 3500//8256 4571//8256
f 3500//8257 3502//8257 4571//8257
f 4571//8258 3502//8258 4572//8258
f 3502//8259 3504//8259 4572//8259
f 4572//8260 3504//8260 4573//8260
f 3504//8261 3506//8261 4573//8261
f 4573//8262 3506//8262 4574//8262
f 4574//8263 3506//8263 4575//8263
f 3506//8264 3508//8264 4575//8264
f 4575//8265 3509//8265 4576//8265
f 3508//8266 3509//8266 4575//8266
f 4576//8267 3514//8267 4551//8267
f 3509//8268 3514//8268 4576//8268
f 3540//8269 3539//8269 4577//8269
f 4577//8270 3539//8270 4578//8270
f 4578//8271 3541//8271 4579//8271
f 3539//8272 3541//8272 4578//8272
f 4579//8273 3544//8273 4580//8273
f 3541//8274 3544//8274 4579//8274
f 4580//8275 3543//8275 4581//8275
f 3544//8276 3543//8276 4580//8276
f 4581//8277 3542//8277 4582//8277
f 3543//8278 3542//8278 4581//8278
f 4582//8279 3538//8279 4583//8279
f 4583//8280 3538//8280 4584//8280
f 3542//8281 3538//8281 4582//8281
f 3538//8282 3536//8282 4584//8282
f 4584//8283 3535//8283 4585//8283
f 3536//8284 3535//8284 4584//8284
f 4585//8285 3534//8285 4586//8285
f 4586//8286 3534//8286 4587//8286
f 3535//8287 3534//8287 4585//8287
f 3534//8288 3531//8288 4587//8288
f 3531//8289 3529//8289 4587//8289
f 4587//8290 3529//8290 4588//8290
f 3529//8291 3527//8291 4588//8291
f 4588//8292 3527//8292 4589//8292
f 3527//8293 3525//8293 4589//8293
f 4589//8294 3525//8294 4590//8294
f 3525//8295 3523//8295 4590//8295
f 4590//8296 3523//8296 4591//8296
f 3523//8297 3521//8297 4591//8297
f 4591//8298 3521//8298 4592//8298
f 4592//8299 3521//8299 4593//8299
f 3521//8300 3520//8300 4593//8300
f 3520//8301 3519//8301 4593//8301
f 4593//8302 3519//8302 4594//8302
f 3519//8303 3522//8303 4594//8303
f 4594//8304 3522//8304 4595//8304
f 3522//8305 3524//8305 4595//8305
f 4595//8306 3524//8306 4596//8306
f 3524//8307 3526//8307 4596//8307
f 4596//8308 3526//8308 4597//8308
f 3526//8309 3528//8309 4597//8309
f 4597//8310 3528//8310 4598//8310
f 3528//8311 3530//8311 4598//8311
f 4598//8312 3530//8312 4599//8312
f 3530//8313 3532//8313 4599//8313
f 4599//8314 3532//8314 4600//8314
f 4600//8315 3532//8315 4601//8315
f 3532//8316 3533//8316 4601//8316
f 4601//8317 3537//8317 4602//8317
f 3533//8318 3537//8318 4601//8318
f 4602//8319 3540//8319 4577//8319
f 3537//8320 3540//8320 4602//8320
f 3564//8321 3565//8321 4603//8321
f 3564//8322 4603//8322 4604//8322
f 3568//8323 4604//8323 4605//8323
f 3568//8324 4605//8324 4606//8324
f 3568//8325 3564//8325 4604//8325
f 3570//8326 3568//8326 4606//8326
f 3569//8327 4606//8327 4607//8327
f 3569//8328 3570//8328 4606//8328
f 3567//8329 4607//8329 4608//8329
f 3567//8330 4608//8330 4609//8330
f 3567//8331 3569//8331 4607//8331
f 3566//8332 3567//8332 4609//8332
f 3563//8333 4609//8333 4610//8333
f 3563//8334 4610//8334 4611//8334
f 3563//8335 3566//8335 4609//8335
f 3561//8336 3563//8336 4611//8336
f 3559//8337 4611//8337 4612//8337
f 3559//8338 4612//8338 4613//8338
f 3559//8339 3561//8339 4611//8339
f 3557//8340 4613//8340 4614//8340
f 3557//8341 3559//8341 4613//8341
f 3555//8342 3557//8342 4614//8342
f 3553//8343 3555//8343 4614//8343
f 3553//8344 4614//8344 4615//8344
f 3553//8345 4615//8345 4616//8345
f 3551//8346 3553//8346 4616//8346
f 3549//8347 3551//8347 4616//8347
f 3549//8348 4616//8348 4617//8348
f 3547//8349 3549//8349 4617//8349
f 3547//8350 4617//8350 4618//8350
f 3545//8351 3547//8351 4618//8351
f 3545//8352 4618//8352 4619//8352
f 3545//8353 4619//8353 4620//8353
f 3546//8354 3545//8354 4620//8354
f 3548//8355 3546//8355 4620//8355
f 3548//8356 4620//8356 4621//8356
f 3550//8357 3548//8357 4621//8357
f 3550//8358 4621//8358 4622//8358
f 3552//8359 3550//8359 4622//8359
f 3552//8360 4622//8360 4623//8360
f 3554//8361 3552//8361 4623//8361
f 3554//8362 4623//8362 4624//8362
f 3556//8363 3554//8363 4624//8363
f 3556//8364 4624//8364 4625//8364
f 3558//8365 3556//8365 4625//8365
f 3558//8366 4625//8366 4626//8366
f 3558//8367 4626//8367 4627//8367
f 3560//8368 3558//8368 4627//8368
f 3562//8369 4627//8369 4628//8369
f 3562//8370 3560//8370 4627//8370
f 3565//8371 4628//8371 4603//8371
f 3565//8372 3562//8372 4628//8372
f 3590//8373 3591//8373 4629//8373
f 3590//8374 4629//8374 4630//8374
f 3594//8375 4630//8375 4631//8375
f 3594//8376 4631//8376 4632//8376
f 3594//8377 3590//8377 4630//8377
f 3596//8378 3594//8378 4632//8378
f 3595//8379 4632//8379 4633//8379
f 3595//8380 3596//8380 4632//8380
f 3593//8381 4633//8381 4634//8381
f 3593//8382 4634//8382 4635//8382
f 3593//8383 3595//8383 4633//8383
f 3592//8384 3593//8384 4635//8384
f 3589//8385 4635//8385 4636//8385
f 3589//8386 4636//8386 4637//8386
f 3589//8387 3592//8387 4635//8387
f 3587//8388 3589//8388 4637//8388
f 3585//8389 4637//8389 4638//8389
f 3585//8390 4638//8390 4639//8390
f 3585//8391 3587//8391 4637//8391
f 3583//8392 4639//8392 4640//8392
f 3583//8393 3585//8393 4639//8393
f 3581//8394 3583//8394 4640//8394
f 3579//8395 3581//8395 4640//8395
f 3579//8396 4640//8396 4641//8396
f 3579//8397 4641//8397 4642//8397
f 3577//8398 3579//8398 4642//8398
f 3575//8399 3577//8399 4642//8399
f 3575//8400 4642//8400 4643//8400
f 3573//8401 3575//8401 4643//8401
f 3573//8402 4643//8402 4644//8402
f 3571//8403 3573//8403 4644//8403
f 3571//8404 4644//8404 4645//8404
f 3571//8405 4645//8405 4646//8405
f 3572//8406 3571//8406 4646//8406
f 3574//8407 3572//8407 4646//8407
f 3574//8408 4646//8408 4647//8408
f 3576//8409 3574//8409 4647//8409
f 3576//8410 4647//8410 4648//8410
f 3578//8411 3576//8411 4648//8411
f 3578//8412 4648//8412 4649//8412
f 3580//8413 3578//8413 4649//8413
f 3580//8414 4649//8414 4650//8414
f 3582//8415 3580//8415 4650//8415
f 3582//8416 4650//8416 4651//8416
f 3584//8417 3582//8417 4651//8417
f 3584//8418 4651//8418 4652//8418
f 3584//8419 4652//8419 4653//8419
f 3586//8420 3584//8420 4653//8420
f 3588//8421 4653//8421 4654//8421
f 3588//8422 3586//8422 4653//8422
f 3591//8423 4654//8423 4629//8423
f 3591//8424 3588//8424 4654//8424
f 3620//8425 4373//8425 4374//8425
f 3621//8426 4374//8426 4375//8426
f 3621//8427 3620//8427 4374//8427
f 3619//8428 4373//8428 3620//8428
f 3619//8429 4371//8429 4372//8429
f 3619//8430 4372//8430 4373//8430
f 3622//8431 3621//8431 4375//8431
f 3622//8432 4375//8432 4376//8432
f 3622//8433 4376//8433 4377//8433
f 3618//8434 4371//8434 3619//8434
f 3618//8435 4370//8435 4371//8435
f 3623//8436 4377//8436 4378//8436
f 3623//8437 3622//8437 4377//8437
f 3617//8438 4369//8438 4370//8438
f 3617//8439 4370//8439 3618//8439
f 3624//8440 4378//8440 4379//8440
f 3624//8441 3623//8441 4378//8441
f 3616//8442 4368//8442 4369//8442
f 3616//8443 4369//8443 3617//8443
f 3625//8444 3624//8444 4379//8444
f 3625//8445 4379//8445 4380//8445
f 3625//8446 4380//8446 4381//8446
f 3615//8447 4366//8447 4367//8447
f 3615//8448 4367//8448 4368//8448
f 3615//8449 4368//8449 3616//8449
f 3626//8450 4381//8450 4382//8450
f 3626//8451 3625//8451 4381//8451
f 3614//8452 4366//8452 3615//8452
f 3614//8453 4365//8453 4366//8453
f 3627//8454 3626//8454 4382//8454
f 3627//8455 4382//8455 4383//8455
f 3613//8456 4365//8456 3614//8456
f 3613//8457 4364//8457 4365//8457
f 3628//8458 4383//8458 4384//8458
f 3628//8459 3627//8459 4383//8459
f 4385//8460 3628//8460 4384//8460
f 3612//8461 4363//8461 4364//8461
f 3612//8462 4364//8462 3613//8462
f 4362//8463 4363//8463 3612//8463
f 3629//8464 3628//8464 4385//8464
f 3611//8465 4362//8465 3612//8465
f 4386//8466 3629//8466 4385//8466
f 4361//8467 4362//8467 3611//8467
f 3630//8468 3629//8468 4386//8468
f 3610//8469 4361//8469 3611//8469
f 4387//8470 3630//8470 4386//8470
f 3631//8471 3630//8471 4387//8471
f 4360//8472 4361//8472 3610//8472
f 3609//8473 4360//8473 3610//8473
f 4388//8474 3631//8474 4387//8474
f 4359//8475 4360//8475 3609//8475
f 4389//8476 3632//8476 3631//8476
f 4389//8477 3631//8477 4388//8477
f 4358//8478 3609//8478 3608//8478
f 4358//8479 4359//8479 3609//8479
f 4390//8480 3633//8480 3632//8480
f 4390//8481 3632//8481 4389//8481
f 4357//8482 4358//8482 3608//8482
f 4357//8483 3608//8483 3607//8483
f 4391//8484 3633//8484 4390//8484
f 4391//8485 3597//8485 3633//8485
f 4356//8486 4357//8486 3607//8486
f 4356//8487 3607//8487 3606//8487
f 4343//8488 3597//8488 4391//8488
f 4355//8489 4356//8489 3606//8489
f 4344//8490 3597//8490 4343//8490
f 4344//8491 3598//8491 3597//8491
f 4354//8492 4355//8492 3606//8492
f 4354//8493 3606//8493 3605//8493
f 4345//8494 3598//8494 4344//8494
f 4345//8495 3599//8495 3598//8495
f 4353//8496 4354//8496 3605//8496
f 4353//8497 3605//8497 3604//8497
f 4346//8498 3599//8498 4345//8498
f 4346//8499 3600//8499 3599//8499
f 4352//8500 4353//8500 3604//8500
f 4352//8501 3604//8501 3603//8501
f 4347//8502 3600//8502 4346//8502
f 4351//8503 4352//8503 3603//8503
f 4348//8504 3600//8504 4347//8504
f 4348//8505 3601//8505 3600//8505
f 4350//8506 4351//8506 3603//8506
f 4350//8507 3603//8507 3602//8507
f 4349//8508 3602//8508 3601//8508
f 4349//8509 3601//8509 4348//8509
f 4349//8510 4350//8510 3602//8510
f 3756//8511 4060//8511 3745//8511
f 3745//8512 4060//8512 3755//8512
f 3790//8513 3764//8513 3635//8513
f 3790//8514 3635//8514 3643//8514
f 4034//8515 3749//8515 3755//8515
f 4034//8516 3755//8516 4060//8516
f 3648//8517 3822//8517 3643//8517
f 3643//8518 3822//8518 3790//8518
f 3822//8519 3648//8519 3749//8519
f 3822//8520 3749//8520 4034//8520
f 4655//8521 4656//8521 4657//8521
f 4655//8522 4657//8522 4658//8522
f 4659//8523 4658//8523 4660//8523
f 4659//8524 4655//8524 4658//8524
f 4661//8525 4660//8525 4662//8525
f 4661//8526 4659//8526 4660//8526
f 3634//8527 4662//8527 4663//8527
f 3634//8528 4663//8528 4664//8528
f 3634//8529 4661//8529 4662//8529
f 4665//8530 3634//8530 4664//8530
f 3640//8531 4664//8531 4666//8531
f 3640//8532 4665//8532 4664//8532
f 3642//8533 4666//8533 4667//8533
f 3642//8534 4667//8534 4668//8534
f 3642//8535 3640//8535 4666//8535
f 4669//8536 4668//8536 4670//8536
f 4669//8537 3642//8537 4668//8537
f 3646//8538 4669//8538 4670//8538
f 4671//8539 4670//8539 4672//8539
f 4671//8540 3646//8540 4670//8540
f 4673//8541 4671//8541 4672//8541
f 4673//8542 4672//8542 4674//8542
f 4673//8543 4674//8543 4675//8543
f 4676//8544 4673//8544 4675//8544
f 4677//8545 4676//8545 4675//8545
f 4677//8546 4675//8546 4678//8546
f 4679//8547 4677//8547 4678//8547
f 4679//8548 4678//8548 4680//8548
f 4681//8549 4679//8549 4680//8549
f 4681//8550 4680//8550 4682//8550
f 4683//8551 4681//8551 4682//8551
f 4683//8552 4682//8552 4684//8552
f 4685//8553 4683//8553 4684//8553
f 4685//8554 4684//8554 4686//8554
f 3668//8555 4685//8555 4686//8555
f 3668//8556 4686//8556 4687//8556
f 3668//8557 4687//8557 4688//8557
f 4689//8558 3668//8558 4688//8558
f 4690//8559 4689//8559 4688//8559
f 4690//8560 4688//8560 4691//8560
f 4692//8561 4690//8561 4691//8561
f 4692//8562 4691//8562 4693//8562
f 4694//8563 4692//8563 4693//8563
f 4694//8564 4693//8564 4695//8564
f 4696//8565 4694//8565 4695//8565
f 4696//8566 4695//8566 4697//8566
f 4698//8567 4696//8567 4697//8567
f 4698//8568 4697//8568 4699//8568
f 4700//8569 4699//8569 4701//8569
f 4700//8570 4698//8570 4699//8570
f 4656//8571 4701//8571 4657//8571
f 4656//8572 4700//8572 4701//8572
f 3663//8573 3866//8573 3661//8573
f 3661//8574 3862//8574 3658//8574
f 3866//8575 3862//8575 3661//8575
f 3658//8576 3857//8576 3656//8576
f 3862//8577 3857//8577 3658//8577
f 3656//8578 3852//8578 3654//8578
f 3857//8579 3852//8579 3656//8579
f 3654//8580 3853//8580 3659//8580
f 3852//8581 3853//8581 3654//8581
f 3659//8582 3858//8582 3662//8582
f 3853//8583 3858//8583 3659//8583
f 3662//8584 3863//8584 3664//8584
f 3858//8585 3863//8585 3662//8585
f 3664//8586 3867//8586 3666//8586
f 3863//8587 3867//8587 3664//8587
f 3666//8588 3871//8588 3667//8588
f 3867//8589 3871//8589 3666//8589
f 3667//8590 3875//8590 3669//8590
f 3871//8591 3875//8591 3667//8591
f 3669//8592 3878//8592 3670//8592
f 3875//8593 3878//8593 3669//8593
f 3878//8594 3882//8594 3670//8594
f 3670//8595 3882//8595 3672//8595
f 3882//8596 3887//8596 3672//8596
f 3672//8597 3887//8597 3674//8597
f 3887//8598 3891//8598 3674//8598
f 3674//8599 3891//8599 3675//8599
f 3675//8600 3903//8600 3686//8600
f 3891//8601 3903//8601 3675//8601
f 3686//8602 3904//8602 3687//8602
f 3903//8603 3904//8603 3686//8603
f 3687//8604 3905//8604 3688//8604
f 3904//8605 3905//8605 3687//8605
f 3688//8606 3906//8606 3689//8606
f 3905//8607 3906//8607 3688//8607
f 3689//8608 3907//8608 3690//8608
f 3906//8609 3907//8609 3689//8609
f 3690//8610 3898//8610 3679//8610
f 3907//8611 3898//8611 3690//8611
f 3679//8612 3897//8612 3678//8612
f 3898//8613 3897//8613 3679//8613
f 3678//8614 3899//8614 3680//8614
f 3897//8615 3899//8615 3678//8615
f 3680//8616 3900//8616 3681//8616
f 3899//8617 3900//8617 3680//8617
f 3681//8618 3901//8618 3682//8618
f 3900//8619 3901//8619 3681//8619
f 3682//8620 4702//8620 3683//8620
f 3901//8621 4702//8621 3682//8621
f 3683//8622 4703//8622 3663//8622
f 4702//8623 4703//8623 3683//8623
f 4703//8624 3866//8624 3663//8624
f 4336//8625 3676//8625 3691//8625
f 4336//8626 3691//8626 4333//8626
f 3676//8627 3896//8627 3684//8627
f 3676//8628 4336//8628 3896//8628
f 4336//8629 4338//8629 3896//8629
f 3896//8630 3902//8630 3684//8630
f 3684//8631 3902//8631 3693//8631
f 3693//8632 3902//8632 3912//8632
f 3911//8633 3691//8633 3693//8633
f 4333//8634 3691//8634 3911//8634
f 4335//8635 4333//8635 3911//8635
f 3912//8636 3911//8636 3693//8636
f 4330//8637 3698//8637 3702//8637
f 4330//8638 3702//8638 4327//8638
f 3698//8639 3916//8639 3696//8639
f 3698//8640 4330//8640 3916//8640
f 4330//8641 4332//8641 3916//8641
f 3916//8642 3915//8642 3696//8642
f 3696//8643 3915//8643 3699//8643
f 3699//8644 3915//8644 3919//8644
f 3921//8645 3702//8645 3699//8645
f 4327//8646 3702//8646 3921//8646
f 4329//8647 4327//8647 3921//8647
f 3919//8648 3921//8648 3699//8648
f 3707//8649 4704//8649 3705//8649
f 3927//8650 4704//8650 3707//8650
f 3705//8651 4705//8651 3703//8651
f 4704//8652 4705//8652 3705//8652
f 3703//8653 3920//8653 3700//8653
f 4705//8654 3920//8654 3703//8654
f 3700//8655 3922//8655 3701//8655
f 3920//8656 3922//8656 3700//8656
f 3701//8657 3923//8657 3704//8657
f 3922//8658 3923//8658 3701//8658
f 3704//8659 3924//8659 3706//8659
f 3923//8660 3924//8660 3704//8660
f 3706//8661 3925//8661 3708//8661
f 3924//8662 3925//8662 3706//8662
f 3708//8663 3928//8663 3709//8663
f 3925//8664 3928//8664 3708//8664
f 3709//8665 3930//8665 3710//8665
f 3928//8666 3930//8666 3709//8666
f 3710//8667 3932//8667 3711//8667
f 3930//8668 3932//8668 3710//8668
f 3932//8669 3933//8669 3711//8669
f 3711//8670 3933//8670 3712//8670
f 3933//8671 3934//8671 3712//8671
f 3712//8672 3934//8672 3713//8672
f 3934//8673 3935//8673 3713//8673
f 3713//8674 3935//8674 3740//8674
f 3935//8675 4005//8675 3740//8675
f 3740//8676 4005//8676 3737//8676
f 4005//8677 3996//8677 3737//8677
f 3737//8678 3996//8678 3732//8678
f 3732//8679 3982//8679 3731//8679
f 3996//8680 3982//8680 3732//8680
f 3731//8681 3979//8681 3728//8681
f 3982//8682 3979//8682 3731//8682
f 3728//8683 3975//8683 3727//8683
f 3979//8684 3975//8684 3728//8684
f 3727//8685 3970//8685 3729//8685
f 3975//8686 3970//8686 3727//8686
f 3729//8687 3964//8687 3725//8687
f 3970//8688 3964//8688 3729//8688
f 3725//8689 3957//8689 3724//8689
f 3964//8690 3957//8690 3725//8690
f 3724//8691 3950//8691 3721//8691
f 3957//8692 3950//8692 3724//8692
f 3721//8693 3931//8693 3720//8693
f 3950//8694 3931//8694 3721//8694
f 3720//8695 3929//8695 3717//8695
f 3931//8696 3929//8696 3720//8696
f 3717//8697 3926//8697 3715//8697
f 3929//8698 3926//8698 3717//8698
f 3926//8699 3927//8699 3715//8699
f 3715//8700 3927//8700 3707//8700
f 3722//8701 3735//8701 4706//8701
f 3722//8702 4706//8702 4707//8702
f 3718//8703 4707//8703 4708//8703
f 3718//8704 3722//8704 4707//8704
f 3714//8705 4708//8705 4709//8705
f 3714//8706 3718//8706 4708//8706
f 3716//8707 4709//8707 4710//8707
f 3716//8708 4710//8708 4711//8708
f 3716//8709 3714//8709 4709//8709
f 3719//8710 3716//8710 4711//8710
f 3723//8711 4711//8711 4712//8711
f 3723//8712 3719//8712 4711//8712
f 3726//8713 4712//8713 4713//8713
f 3726//8714 4713//8714 4714//8714
f 3726//8715 3723//8715 4712//8715
f 3730//8716 4714//8716 4715//8716
f 3730//8717 3726//8717 4714//8717
f 3736//8718 3730//8718 4715//8718
f 3739//8719 4715//8719 4716//8719
f 3739//8720 3736//8720 4715//8720
f 3742//8721 3739//8721 4716//8721
f 3742//8722 4716//8722 4717//8722
f 3742//8723 4717//8723 4718//8723
f 3743//8724 3742//8724 4718//8724
f 3748//8725 3743//8725 4718//8725
f 3748//8726 4718//8726 4719//8726
f 3750//8727 3748//8727 4719//8727
f 3750//8728 4719//8728 4720//8728
f 3751//8729 3750//8729 4720//8729
f 3751//8730 4720//8730 4721//8730
f 3752//8731 3751//8731 4721//8731
f 3752//8732 4721//8732 4722//8732
f 3753//8733 3752//8733 4722//8733
f 3753//8734 4722//8734 4723//8734
f 3754//8735 3753//8735 4723//8735
f 3754//8736 4723//8736 4724//8736
f 3754//8737 4724//8737 4725//8737
f 3747//8738 3754//8738 4725//8738
f 3746//8739 3747//8739 4725//8739
f 3746//8740 4725//8740 4726//8740
f 3744//8741 3746//8741 4726//8741
f 3744//8742 4726//8742 4727//8742
f 3741//8743 3744//8743 4727//8743
f 3741//8744 4727//8744 4728//8744
f 3738//8745 3741//8745 4728//8745
f 3738//8746 4728//8746 4729//8746
f 3734//8747 3738//8747 4729//8747
f 3734//8748 4729//8748 4730//8748
f 3733//8749 4730//8749 4731//8749
f 3733//8750 3734//8750 4730//8750
f 3735//8751 4731//8751 4706//8751
f 3735//8752 3733//8752 4731//8752
f 3917//8753 4075//8753 3695//8753
f 3697//8754 3917//8754 3695//8754
f 3918//8755 3917//8755 3697//8755
f 3694//8756 3913//8756 3697//8756
f 3697//8757 3913//8757 3918//8757
f 4074//8758 3692//8758 3695//8758
f 4074//8759 3695//8759 4075//8759
f 4074//8760 3910//8760 3692//8760
f 3910//8761 3694//8761 3692//8761
f 3910//8762 3913//8762 3694//8762
f 4337//8763 3901//8763 3896//8763
f 4337//8764 3896//8764 4338//8764
f 4335//8765 3911//8765 3910//8765
f 4335//8766 3910//8766 4334//8766
f 4331//8767 3917//8767 3916//8767
f 4331//8768 3916//8768 4332//8768
f 4329//8769 3921//8769 3920//8769
f 4329//8770 3920//8770 4328//8770
f 3804//8771 3787//8771 4732//8771
f 3787//8772 3785//8772 4732//8772
f 3785//8773 4733//8773 4732//8773
f 3785//8774 3783//8774 4733//8774
f 3783//8775 3781//8775 4733//8775
f 3781//8776 3779//8776 4733//8776
f 3779//8777 3777//8777 4733//8777
f 3777//8778 3775//8778 4733//8778
f 3775//8779 4734//8779 4733//8779
f 3775//8780 3773//8780 4734//8780
f 3773//8781 3771//8781 4734//8781
f 3771//8782 3769//8782 4734//8782
f 3769//8783 3767//8783 4734//8783
f 3767//8784 3765//8784 4734//8784
f 3765//8785 4735//8785 4734//8785
f 3765//8786 3762//8786 4735//8786
f 3762//8787 3760//8787 4735//8787
f 3760//8788 3757//8788 4735//8788
f 3757//8789 3758//8789 4735//8789
f 3758//8790 3759//8790 4735//8790
f 3759//8791 4736//8791 4735//8791
f 3759//8792 3761//8792 4736//8792
f 3761//8793 3763//8793 4736//8793
f 3763//8794 3766//8794 4736//8794
f 3766//8795 3768//8795 4736//8795
f 3768//8796 3770//8796 4736//8796
f 3770//8797 4737//8797 4736//8797
f 3770//8798 3772//8798 4737//8798
f 3772//8799 3774//8799 4737//8799
f 3774//8800 3776//8800 4737//8800
f 3776//8801 3778//8801 4737//8801
f 3778//8802 3780//8802 4737//8802
f 3780//8803 4738//8803 4737//8803
f 3780//8804 3782//8804 4738//8804
f 3782//8805 3784//8805 4738//8805
f 3784//8806 3786//8806 4738//8806
f 3786//8807 3788//8807 4738//8807
f 3788//8808 3789//8808 4738//8808
f 3789//8809 4739//8809 4738//8809
f 3789//8810 3791//8810 4739//8810
f 3791//8811 3792//8811 4739//8811
f 3792//8812 3793//8812 4739//8812
f 3793//8813 3794//8813 4739//8813
f 4739//8814 3795//8814 4740//8814
f 3794//8815 3795//8815 4739//8815
f 3795//8816 3796//8816 4740//8816
f 3796//8817 3805//8817 4740//8817
f 3805//8818 3807//8818 4740//8818
f 3807//8819 3809//8819 4740//8819
f 3809//8820 4741//8820 4740//8820
f 3809//8821 3811//8821 4741//8821
f 3811//8822 3813//8822 4741//8822
f 3813//8823 3815//8823 4741//8823
f 3815//8824 3823//8824 4741//8824
f 3823//8825 3824//8825 4741//8825
f 3824//8826 4742//8826 4741//8826
f 3824//8827 3825//8827 4742//8827
f 3825//8828 3826//8828 4742//8828
f 3826//8829 3827//8829 4742//8829
f 3827//8830 3828//8830 4742//8830
f 3828//8831 3829//8831 4742//8831
f 3829//8832 4743//8832 4742//8832
f 3829//8833 3830//8833 4743//8833
f 3830//8834 3831//8834 4743//8834
f 3831//8835 3832//8835 4743//8835
f 3832//8836 3833//8836 4743//8836
f 3833//8837 3834//8837 4743//8837
f 3834//8838 4744//8838 4743//8838
f 3834//8839 3835//8839 4744//8839
f 3835//8840 3836//8840 4744//8840
f 3836//8841 3837//8841 4744//8841
f 3837//8842 3838//8842 4744//8842
f 3838//8843 3839//8843 4744//8843
f 3839//8844 4745//8844 4744//8844
f 3839//8845 3840//8845 4745//8845
f 3840//8846 3841//8846 4745//8846
f 3841//8847 3842//8847 4745//8847
f 3842//8848 3843//8848 4745//8848
f 3843//8849 3844//8849 4745//8849
f 3844//8850 4746//8850 4745//8850
f 3844//8851 3845//8851 4746//8851
f 3845//8852 3846//8852 4746//8852
f 3846//8853 3847//8853 4746//8853
f 3847//8854 3914//8854 4746//8854
f 3914//8855 3909//8855 4746//8855
f 3909//8856 4747//8856 4746//8856
f 3909//8857 3908//8857 4747//8857
f 3908//8858 3893//8858 4747//8858
f 3893//8859 3892//8859 4747//8859
f 3892//8860 3894//8860 4747//8860
f 3894//8861 3895//8861 4747//8861
f 4747//8862 3895//8862 4748//8862
f 3895//8863 3889//8863 4748//8863
f 3889//8864 3888//8864 4748//8864
f 3888//8865 3890//8865 4748//8865
f 3890//8866 3886//8866 4748//8866
f 3886//8867 4749//8867 4748//8867
f 3886//8868 3885//8868 4749//8868
f 3885//8869 3884//8869 4749//8869
f 3884//8870 3883//8870 4749//8870
f 3883//8871 3880//8871 4749//8871
f 3880//8872 3879//8872 4749//8872
f 3879//8873 4750//8873 4749//8873
f 3879//8874 3881//8874 4750//8874
f 3881//8875 3877//8875 4750//8875
f 3877//8876 3876//8876 4750//8876
f 3876//8877 3873//8877 4750//8877
f 3873//8878 3872//8878 4750//8878
f 3872//8879 4751//8879 4750//8879
f 3872//8880 3874//8880 4751//8880
f 3874//8881 3869//8881 4751//8881
f 3869//8882 3868//8882 4751//8882
f 3868//8883 3870//8883 4751//8883
f 3870//8884 3865//8884 4751//8884
f 3865//8885 4752//8885 4751//8885
f 3865//8886 3864//8886 4752//8886
f 3864//8887 3860//8887 4752//8887
f 3860//8888 3859//8888 4752//8888
f 3859//8889 3861//8889 4752//8889
f 3861//8890 3855//8890 4752//8890
f 3855//8891 4753//8891 4752//8891
f 3855//8892 3854//8892 4753//8892
f 3854//8893 3856//8893 4753//8893
f 3856//8894 3849//8894 4753//8894
f 3849//8895 3848//8895 4753//8895
f 3848//8896 3850//8896 4753//8896
f 3850//8897 4754//8897 4753//8897
f 3850//8898 3851//8898 4754//8898
f 3851//8899 4073//8899 4754//8899
f 4073//8900 3310//8900 4754//8900
f 3310//8901 3821//8901 4754//8901
f 3821//8902 3820//8902 4754//8902
f 3820//8903 4755//8903 4754//8903
f 3820//8904 3819//8904 4755//8904
f 3819//8905 3818//8905 4755//8905
f 3818//8906 3817//8906 4755//8906
f 3817//8907 3816//8907 4755//8907
f 3816//8908 3814//8908 4755//8908
f 3814//8909 4756//8909 4755//8909
f 3814//8910 3812//8910 4756//8910
f 3812//8911 3810//8911 4756//8911
f 3810//8912 3808//8912 4756//8912
f 3808//8913 3806//8913 4756//8913
f 3806//8914 3798//8914 4756//8914
f 4756//8915 3798//8915 4757//8915
f 3798//8916 3797//8916 4757//8916
f 3797//8917 3799//8917 4757//8917
f 3799//8918 3800//8918 4757//8918
f 3800//8919 3801//8919 4757//8919
f 4757//8920 3802//8920 4732//8920
f 3801//8921 3802//8921 4757//8921
f 3802//8922 3803//8922 4732//8922
f 3803//8923 3804//8923 4732//8923
f 3968//8924 3966//8924 4758//8924
f 3966//8925 3965//8925 4758//8925
f 3965//8926 4759//8926 4758//8926
f 3965//8927 3962//8927 4759//8927
f 3962//8928 3960//8928 4759//8928
f 3960//8929 3958//8929 4759//8929
f 3958//8930 3955//8930 4759//8930
f 3955//8931 3953//8931 4759//8931
f 3953//8932 4760//8932 4759//8932
f 3953//8933 3951//8933 4760//8933
f 3951//8934 3948//8934 4760//8934
f 3948//8935 3946//8935 4760//8935
f 3946//8936 3943//8936 4760//8936
f 3943//8937 3942//8937 4760//8937
f 3942//8938 4761//8938 4760//8938
f 3942//8939 3941//8939 4761//8939
f 3941//8940 3940//8940 4761//8940
f 3940//8941 3938//8941 4761//8941
f 3938//8942 3937//8942 4761//8942
f 3937//8943 3936//8943 4761//8943
f 3936//8944 4762//8944 4761//8944
f 3936//8945 3939//8945 4762//8945
f 3939//8946 2988//8946 4762//8946
f 2988//8947 4072//8947 4762//8947
f 4072//8948 3945//8948 4762//8948
f 3945//8949 3944//8949 4762//8949
f 3944//8950 4763//8950 4762//8950
f 3944//8951 3947//8951 4763//8951
f 3947//8952 3949//8952 4763//8952
f 3949//8953 3952//8953 4763//8953
f 3952//8954 3954//8954 4763//8954
f 3954//8955 3956//8955 4763//8955
f 3956//8956 4764//8956 4763//8956
f 3956//8957 3959//8957 4764//8957
f 3959//8958 3961//8958 4764//8958
f 3961//8959 3963//8959 4764//8959
f 3963//8960 3967//8960 4764//8960
f 3967//8961 3969//8961 4764//8961
f 3969//8962 4765//8962 4764//8962
f 3969//8963 3972//8963 4765//8963
f 3972//8964 3973//8964 4765//8964
f 3973//8965 3974//8965 4765//8965
f 3974//8966 3976//8966 4765//8966
f 3976//8967 3977//8967 4765//8967
f 3977//8968 4766//8968 4765//8968
f 3977//8969 3978//8969 4766//8969
f 3978//8970 3980//8970 4766//8970
f 3980//8971 3981//8971 4766//8971
f 3981//8972 3983//8972 4766//8972
f 3983//8973 3984//8973 4766//8973
f 3984//8974 4767//8974 4766//8974
f 3984//8975 3995//8975 4767//8975
f 3995//8976 3998//8976 4767//8976
f 3998//8977 4000//8977 4767//8977
f 4000//8978 4002//8978 4767//8978
f 4002//8979 4004//8979 4767//8979
f 4004//8980 4768//8980 4767//8980
f 4004//8981 4007//8981 4768//8981
f 4007//8982 4009//8982 4768//8982
f 4009//8983 4011//8983 4768//8983
f 4011//8984 4013//8984 4768//8984
f 4013//8985 4769//8985 4768//8985
f 4013//8986 4014//8986 4769//8986
f 4014//8987 4015//8987 4769//8987
f 4015//8988 4016//8988 4769//8988
f 4016//8989 4017//8989 4769//8989
f 4017//8990 4018//8990 4769//8990
f 4018//8991 4770//8991 4769//8991
f 4018//8992 4019//8992 4770//8992
f 4019//8993 4020//8993 4770//8993
f 4020//8994 4035//8994 4770//8994
f 4035//8995 4036//8995 4770//8995
f 4036//8996 4037//8996 4770//8996
f 4037//8997 4771//8997 4770//8997
f 4037//8998 4038//8998 4771//8998
f 4038//8999 4039//8999 4771//8999
f 4039//9000 4040//9000 4771//9000
f 4040//9001 4041//9001 4771//9001
f 4041//9002 4042//9002 4771//9002
f 4042//9003 4772//9003 4771//9003
f 4042//9004 4043//9004 4772//9004
f 4043//9005 4044//9005 4772//9005
f 4044//9006 4045//9006 4772//9006
f 4045//9007 4046//9007 4772//9007
f 4046//9008 4047//9008 4772//9008
f 4047//9009 4773//9009 4772//9009
f 4047//9010 4048//9010 4773//9010
f 4048//9011 4049//9011 4773//9011
f 4049//9012 4050//9012 4773//9012
f 4050//9013 4051//9013 4773//9013
f 4051//9014 4052//9014 4773//9014
f 4052//9015 4774//9015 4773//9015
f 4052//9016 4053//9016 4774//9016
f 4053//9017 4054//9017 4774//9017
f 4054//9018 4055//9018 4774//9018
f 4055//9019 4056//9019 4774//9019
f 4056//9020 4057//9020 4774//9020
f 4057//9021 4775//9021 4774//9021
f 4057//9022 4058//9022 4775//9022
f 4058//9023 4059//9023 4775//9023
f 4059//9024 4061//9024 4775//9024
f 4061//9025 4062//9025 4775//9025
f 4775//9026 4063//9026 4776//9026
f 4062//9027 4063//9027 4775//9027
f 4063//9028 4064//9028 4776//9028
f 4064//9029 4065//9029 4776//9029
f 4065//9030 4066//9030 4776//9030
f 4066//9031 4067//9031 4776//9031
f 4067//9032 4777//9032 4776//9032
f 4067//9033 4068//9033 4777//9033
f 4068//9034 4069//9034 4777//9034
f 4069//9035 4070//9035 4777//9035
f 4070//9036 4071//9036 4777//9036
f 4071//9037 4022//9037 4777//9037
f 4022//9038 4778//9038 4777//9038
f 4022//9039 4021//9039 4778//9039
f 4021//9040 4023//9040 4778//9040
f 4023//9041 4024//9041 4778//9041
f 4024//9042 4025//9042 4778//9042
f 4025//9043 4026//9043 4778//9043
f 4026//9044 4779//9044 4778//9044
f 4026//9045 4027//9045 4779//9045
f 4027//9046 4028//9046 4779//9046
f 4028//9047 4029//9047 4779//9047
f 4029//9048 4030//9048 4779//9048
f 4030//9049 4031//9049 4779//9049
f 4031//9050 4780//9050 4779//9050
f 4031//9051 4032//9051 4780//9051
f 4032//9052 4033//9052 4780//9052
f 4033//9053 4012//9053 4780//9053
f 4012//9054 4010//9054 4780//9054
f 4010//9055 4008//9055 4780//9055
f 4008//9056 4781//9056 4780//9056
f 4008//9057 4006//9057 4781//9057
f 4006//9058 4003//9058 4781//9058
f 4003//9059 4001//9059 4781//9059
f 4001//9060 3999//9060 4781//9060
f 3999//9061 3997//9061 4781//9061
f 3997//9062 4782//9062 4781//9062
f 3997//9063 3994//9063 4782//9063
f 3994//9064 3993//9064 4782//9064
f 3993//9065 3992//9065 4782//9065
f 3992//9066 3986//9066 4782//9066
f 3986//9067 3985//9067 4782//9067
f 3985//9068 4783//9068 4782//9068
f 3985//9069 3987//9069 4783//9069
f 3987//9070 3988//9070 4783//9070
f 3988//9071 3989//9071 4783//9071
f 3989//9072 3990//9072 4783//9072
f 4783//9073 3991//9073 4758//9073
f 3990//9074 3991//9074 4783//9074
f 3991//9075 3971//9075 4758//9075
f 3971//9076 3968//9076 4758//9076
f 2732//9077 2704//9077 4074//9077
f 4075//9078 2732//9078 4074//9078
f 4099//9079 4144//9079 4145//9079
f 4100//9080 4099//9080 4145//9080
f 4100//9081 4145//9081 4146//9081
f 4098//9082 4144//9082 4099//9082
f 4098//9083 4142//9083 4143//9083
f 4098//9084 4143//9084 4144//9084
f 4101//9085 4100//9085 4146//9085
f 4101//9086 4146//9086 4147//9086
f 4101//9087 4147//9087 4148//9087
f 4097//9088 4142//9088 4098//9088
f 4097//9089 4141//9089 4142//9089
f 4102//9090 4148//9090 4149//9090
f 4102//9091 4101//9091 4148//9091
f 4096//9092 4141//9092 4097//9092
f 4096//9093 4140//9093 4141//9093
f 4103//9094 4149//9094 4150//9094
f 4103//9095 4102//9095 4149//9095
f 4095//9096 4139//9096 4140//9096
f 4095//9097 4140//9097 4096//9097
f 4104//9098 4103//9098 4150//9098
f 4104//9099 4150//9099 4151//9099
f 4104//9100 4151//9100 4152//9100
f 4094//9101 4139//9101 4095//9101
f 4094//9102 4137//9102 4138//9102
f 4094//9103 4138//9103 4139//9103
f 4105//9104 4104//9104 4152//9104
f 4105//9105 4152//9105 4153//9105
f 4093//9106 4136//9106 4137//9106
f 4093//9107 4137//9107 4094//9107
f 4106//9108 4153//9108 4154//9108
f 4106//9109 4105//9109 4153//9109
f 4092//9110 4135//9110 4136//9110
f 4092//9111 4136//9111 4093//9111
f 4107//9112 4106//9112 4154//9112
f 4107//9113 4154//9113 4155//9113
f 4156//9114 4107//9114 4155//9114
f 4091//9115 4134//9115 4135//9115
f 4091//9116 4135//9116 4092//9116
f 4133//9117 4134//9117 4091//9117
f 4108//9118 4107//9118 4156//9118
f 4090//9119 4133//9119 4091//9119
f 4157//9120 4108//9120 4156//9120
f 4132//9121 4133//9121 4090//9121
f 4109//9122 4108//9122 4157//9122
f 4089//9123 4132//9123 4090//9123
f 4158//9124 4109//9124 4157//9124
f 4110//9125 4109//9125 4158//9125
f 4131//9126 4132//9126 4089//9126
f 4088//9127 4131//9127 4089//9127
f 4159//9128 4110//9128 4158//9128
f 4130//9129 4131//9129 4088//9129
f 4160//9130 4111//9130 4110//9130
f 4160//9131 4110//9131 4159//9131
f 4129//9132 4088//9132 4087//9132
f 4129//9133 4130//9133 4088//9133
f 4161//9134 4112//9134 4111//9134
f 4161//9135 4111//9135 4160//9135
f 4128//9136 4129//9136 4087//9136
f 4128//9137 4087//9137 4086//9137
f 4162//9138 4112//9138 4161//9138
f 4162//9139 4076//9139 4112//9139
f 4127//9140 4128//9140 4086//9140
f 4127//9141 4086//9141 4085//9141
f 4114//9142 4076//9142 4162//9142
f 4126//9143 4127//9143 4085//9143
f 4115//9144 4077//9144 4076//9144
f 4115//9145 4076//9145 4114//9145
f 4125//9146 4126//9146 4085//9146
f 4125//9147 4085//9147 4084//9147
f 4116//9148 4077//9148 4115//9148
f 4116//9149 4078//9149 4077//9149
f 4124//9150 4125//9150 4084//9150
f 4124//9151 4084//9151 4083//9151
f 4117//9152 4078//9152 4116//9152
f 4117//9153 4079//9153 4078//9153
f 4123//9154 4124//9154 4083//9154
f 4123//9155 4083//9155 4082//9155
f 4118//9156 4079//9156 4117//9156
f 4122//9157 4123//9157 4082//9157
f 4119//9158 4079//9158 4118//9158
f 4119//9159 4080//9159 4079//9159
f 4121//9160 4122//9160 4082//9160
f 4121//9161 4082//9161 4081//9161
f 4120//9162 4081//9162 4080//9162
f 4120//9163 4080//9163 4119//9163
f 4120//9164 4121//9164 4081//9164
f 4113//9165 4324//9165 3927//9165
f 3927//9166 4324//9166 4704//9166
f 4324//9167 4325//9167 4704//9167
f 4704//9168 4326//9168 4705//9168
f 4325//9169 4326//9169 4704//9169
f 4705//9170 4328//9170 3920//9170
f 4326//9171 4328//9171 4705//9171
f 4784//9172 4785//9172 4192//9172
f 4784//9173 4192//9173 4195//9173
f 4786//9174 4195//9174 4197//9174
f 4786//9175 4784//9175 4195//9175
f 4787//9176 4197//9176 4199//9176
f 4787//9177 4786//9177 4197//9177
f 4788//9178 4199//9178 4181//9178
f 4788//9179 4787//9179 4199//9179
f 4789//9180 4181//9180 4180//9180
f 4789//9181 4788//9181 4181//9181
f 4790//9182 4180//9182 4179//9182
f 4790//9183 4789//9183 4180//9183
f 4791//9184 4179//9184 4174//9184
f 4791//9185 4790//9185 4179//9185
f 4792//9186 4174//9186 4175//9186
f 4792//9187 4791//9187 4174//9187
f 4793//9188 4175//9188 4176//9188
f 4793//9189 4792//9189 4175//9189
f 4794//9190 4176//9190 4177//9190
f 4794//9191 4793//9191 4176//9191
f 4795//9192 4177//9192 4178//9192
f 4795//9193 4794//9193 4177//9193
f 4796//9194 4795//9194 4178//9194
f 4796//9195 4178//9195 4173//9195
f 4796//9196 4173//9196 4172//9196
f 4797//9197 4796//9197 4172//9197
f 4798//9198 4797//9198 4172//9198
f 4798//9199 4172//9199 4170//9199
f 4799//9200 4798//9200 4170//9200
f 4799//9201 4170//9201 4168//9201
f 4800//9202 4799//9202 4168//9202
f 4800//9203 4168//9203 4167//9203
f 4801//9204 4800//9204 4167//9204
f 4801//9205 4167//9205 4166//9205
f 4801//9206 4166//9206 4169//9206
f 4802//9207 4801//9207 4169//9207
f 4803//9208 4802//9208 4169//9208
f 4803//9209 4169//9209 4171//9209
f 4804//9210 4803//9210 4171//9210
f 4804//9211 4171//9211 4244//9211
f 4805//9212 4804//9212 4244//9212
f 4805//9213 4244//9213 4189//9213
f 4806//9214 4805//9214 4189//9214
f 4806//9215 4189//9215 4185//9215
f 4807//9216 4806//9216 4185//9216
f 4807//9217 4185//9217 4182//9217
f 4808//9218 4182//9218 4184//9218
f 4808//9219 4184//9219 4188//9219
f 4808//9220 4807//9220 4182//9220
f 4809//9221 4808//9221 4188//9221
f 4785//9222 4188//9222 4192//9222
f 4785//9223 4809//9223 4188//9223
f 4810//9224 4811//9224 4216//9224
f 4810//9225 4216//9225 4218//9225
f 4812//9226 4218//9226 4220//9226
f 4812//9227 4810//9227 4218//9227
f 4813//9228 4220//9228 4222//9228
f 4813//9229 4812//9229 4220//9229
f 4814//9230 4222//9230 4224//9230
f 4814//9231 4813//9231 4222//9231
f 4815//9232 4224//9232 4226//9232
f 4815//9233 4814//9233 4224//9233
f 4816//9234 4226//9234 4227//9234
f 4816//9235 4815//9235 4226//9235
f 4817//9236 4227//9236 4202//9236
f 4817//9237 4816//9237 4227//9237
f 4818//9238 4202//9238 4201//9238
f 4818//9239 4817//9239 4202//9239
f 4819//9240 4201//9240 4200//9240
f 4819//9241 4818//9241 4201//9241
f 4820//9242 4200//9242 4198//9242
f 4820//9243 4819//9243 4200//9243
f 4821//9244 4198//9244 4196//9244
f 4821//9245 4820//9245 4198//9245
f 4822//9246 4821//9246 4196//9246
f 4822//9247 4196//9247 4194//9247
f 4822//9248 4194//9248 4193//9248
f 4823//9249 4822//9249 4193//9249
f 4824//9250 4823//9250 4193//9250
f 4824//9251 4193//9251 4191//9251
f 4825//9252 4824//9252 4191//9252
f 4825//9253 4191//9253 4187//9253
f 4826//9254 4825//9254 4187//9254
f 4826//9255 4187//9255 4183//9255
f 4827//9256 4826//9256 4183//9256
f 4827//9257 4183//9257 4186//9257
f 4827//9258 4186//9258 4190//9258
f 4828//9259 4827//9259 4190//9259
f 4829//9260 4828//9260 4190//9260
f 4829//9261 4190//9261 4243//9261
f 4830//9262 4829//9262 4243//9262
f 4830//9263 4243//9263 4213//9263
f 4831//9264 4830//9264 4213//9264
f 4831//9265 4213//9265 4209//9265
f 4832//9266 4831//9266 4209//9266
f 4832//9267 4209//9267 4203//9267
f 4833//9268 4832//9268 4203//9268
f 4833//9269 4203//9269 4205//9269
f 4834//9270 4205//9270 4208//9270
f 4834//9271 4208//9271 4212//9271
f 4834//9272 4833//9272 4205//9272
f 4835//9273 4834//9273 4212//9273
f 4811//9274 4212//9274 4216//9274
f 4811//9275 4835//9275 4212//9275
f 4836//9276 4837//9276 4228//9276
f 4836//9277 4228//9277 4229//9277
f 4838//9278 4229//9278 4230//9278
f 4838//9279 4836//9279 4229//9279
f 4839//9280 4230//9280 4231//9280
f 4839//9281 4838//9281 4230//9281
f 4840//9282 4231//9282 4232//9282
f 4840//9283 4839//9283 4231//9283
f 4841//9284 4232//9284 4233//9284
f 4841//9285 4840//9285 4232//9285
f 4842//9286 4233//9286 4234//9286
f 4842//9287 4841//9287 4233//9287
f 4843//9288 4234//9288 4235//9288
f 4843//9289 4842//9289 4234//9289
f 4844//9290 4235//9290 4225//9290
f 4844//9291 4843//9291 4235//9291
f 4845//9292 4225//9292 4223//9292
f 4845//9293 4844//9293 4225//9293
f 4846//9294 4223//9294 4221//9294
f 4846//9295 4845//9295 4223//9295
f 4847//9296 4221//9296 4219//9296
f 4847//9297 4846//9297 4221//9297
f 4848//9298 4847//9298 4219//9298
f 4848//9299 4219//9299 4217//9299
f 4848//9300 4217//9300 4215//9300
f 4849//9301 4848//9301 4215//9301
f 4850//9302 4849//9302 4215//9302
f 4850//9303 4215//9303 4211//9303
f 4851//9304 4850//9304 4211//9304
f 4851//9305 4211//9305 4207//9305
f 4852//9306 4851//9306 4207//9306
f 4852//9307 4207//9307 4204//9307
f 4853//9308 4852//9308 4204//9308
f 4853//9309 4204//9309 4206//9309
f 4853//9310 4206//9310 4210//9310
f 4854//9311 4853//9311 4210//9311
f 4855//9312 4854//9312 4210//9312
f 4855//9313 4210//9313 4214//9313
f 4856//9314 4855//9314 4214//9314
f 4856//9315 4214//9315 4237//9315
f 4857//9316 4856//9316 4237//9316
f 4857//9317 4237//9317 4238//9317
f 4858//9318 4857//9318 4238//9318
f 4858//9319 4238//9319 4239//9319
f 4859//9320 4858//9320 4239//9320
f 4859//9321 4239//9321 4240//9321
f 4860//9322 4240//9322 4241//9322
f 4860//9323 4241//9323 4242//9323
f 4860//9324 4859//9324 4240//9324
f 4861//9325 4860//9325 4242//9325
f 4837//9326 4242//9326 4228//9326
f 4837//9327 4861//9327 4242//9327
f 4261//9328 4801//9328 4262//9328
f 4800//9329 4801//9329 4261//9329
f 4260//9330 4799//9330 4261//9330
f 4261//9331 4799//9331 4800//9331
f 4262//9332 4802//9332 4263//9332
f 4801//9333 4802//9333 4262//9333
f 4259//9334 4798//9334 4260//9334
f 4260//9335 4798//9335 4799//9335
f 4263//9336 4803//9336 4264//9336
f 4802//9337 4803//9337 4263//9337
f 4258//9338 4797//9338 4259//9338
f 4259//9339 4797//9339 4798//9339
f 4264//9340 4804//9340 4265//9340
f 4803//9341 4804//9341 4264//9341
f 4257//9342 4796//9342 4258//9342
f 4258//9343 4796//9343 4797//9343
f 4265//9344 4805//9344 4266//9344
f 4804//9345 4805//9345 4265//9345
f 4256//9346 4795//9346 4257//9346
f 4257//9347 4795//9347 4796//9347
f 4266//9348 4806//9348 4267//9348
f 4805//9349 4806//9349 4266//9349
f 4256//9350 4255//9350 4795//9350
f 4255//9351 4794//9351 4795//9351
f 4806//9352 4807//9352 4267//9352
f 4807//9353 4268//9353 4267//9353
f 4807//9354 4808//9354 4268//9354
f 4255//9355 4254//9355 4794//9355
f 4794//9356 4254//9356 4793//9356
f 4808//9357 4269//9357 4268//9357
f 4809//9358 4269//9358 4808//9358
f 4254//9359 4253//9359 4793//9359
f 4793//9360 4253//9360 4792//9360
f 4809//9361 4270//9361 4269//9361
f 4785//9362 4270//9362 4809//9362
f 4253//9363 4252//9363 4792//9363
f 4791//9364 4252//9364 4790//9364
f 4792//9365 4252//9365 4791//9365
f 4785//9366 4245//9366 4270//9366
f 4252//9367 4251//9367 4790//9367
f 4784//9368 4246//9368 4785//9368
f 4785//9369 4246//9369 4245//9369
f 4251//9370 4250//9370 4790//9370
f 4790//9371 4250//9371 4789//9371
f 4786//9372 4247//9372 4784//9372
f 4784//9373 4247//9373 4246//9373
f 4250//9374 4249//9374 4789//9374
f 4789//9375 4249//9375 4788//9375
f 4787//9376 4248//9376 4786//9376
f 4788//9377 4248//9377 4787//9377
f 4249//9378 4248//9378 4788//9378
f 4786//9379 4248//9379 4247//9379
f 4287//9380 4827//9380 4288//9380
f 4826//9381 4827//9381 4287//9381
f 4286//9382 4825//9382 4287//9382
f 4287//9383 4825//9383 4826//9383
f 4288//9384 4828//9384 4289//9384
f 4827//9385 4828//9385 4288//9385
f 4285//9386 4824//9386 4286//9386
f 4286//9387 4824//9387 4825//9387
f 4289//9388 4829//9388 4290//9388
f 4828//9389 4829//9389 4289//9389
f 4284//9390 4823//9390 4285//9390
f 4285//9391 4823//9391 4824//9391
f 4290//9392 4830//9392 4291//9392
f 4829//9393 4830//9393 4290//9393
f 4283//9394 4822//9394 4284//9394
f 4284//9395 4822//9395 4823//9395
f 4291//9396 4831//9396 4292//9396
f 4830//9397 4831//9397 4291//9397
f 4282//9398 4821//9398 4283//9398
f 4283//9399 4821//9399 4822//9399
f 4292//9400 4832//9400 4293//9400
f 4831//9401 4832//9401 4292//9401
f 4282//9402 4281//9402 4821//9402
f 4281//9403 4820//9403 4821//9403
f 4832//9404 4833//9404 4293//9404
f 4833//9405 4294//9405 4293//9405
f 4833//9406 4834//9406 4294//9406
f 4281//9407 4280//9407 4820//9407
f 4820//9408 4280//9408 4819//9408
f 4834//9409 4295//9409 4294//9409
f 4835//9410 4295//9410 4834//9410
f 4280//9411 4279//9411 4819//9411
f 4819//9412 4279//9412 4818//9412
f 4835//9413 4296//9413 4295//9413
f 4811//9414 4296//9414 4835//9414
f 4279//9415 4278//9415 4818//9415
f 4817//9416 4278//9416 4816//9416
f 4818//9417 4278//9417 4817//9417
f 4811//9418 4271//9418 4296//9418
f 4278//9419 4277//9419 4816//9419
f 4810//9420 4272//9420 4811//9420
f 4811//9421 4272//9421 4271//9421
f 4277//9422 4276//9422 4816//9422
f 4816//9423 4276//9423 4815//9423
f 4812//9424 4273//9424 4810//9424
f 4810//9425 4273//9425 4272//9425
f 4276//9426 4275//9426 4815//9426
f 4815//9427 4275//9427 4814//9427
f 4813//9428 4274//9428 4812//9428
f 4814//9429 4274//9429 4813//9429
f 4275//9430 4274//9430 4814//9430
f 4812//9431 4274//9431 4273//9431
f 4313//9432 4853//9432 4314//9432
f 4852//9433 4853//9433 4313//9433
f 4312//9434 4851//9434 4313//9434
f 4313//9435 4851//9435 4852//9435
f 4314//9436 4854//9436 4315//9436
f 4853//9437 4854//9437 4314//9437
f 4311//9438 4850//9438 4312//9438
f 4312//9439 4850//9439 4851//9439
f 4315//9440 4855//9440 4316//9440
f 4854//9441 4855//9441 4315//9441
f 4310//9442 4849//9442 4311//9442
f 4311//9443 4849//9443 4850//9443
f 4316//9444 4856//9444 4317//9444
f 4855//9445 4856//9445 4316//9445
f 4309//9446 4848//9446 4310//9446
f 4310//9447 4848//9447 4849//9447
f 4317//9448 4857//9448 4318//9448
f 4856//9449 4857//9449 4317//9449
f 4308//9450 4847//9450 4309//9450
f 4309//9451 4847//9451 4848//9451
f 4318//9452 4858//9452 4319//9452
f 4857//9453 4858//9453 4318//9453
f 4308//9454 4307//9454 4847//9454
f 4307//9455 4846//9455 4847//9455
f 4858//9456 4859//9456 4319//9456
f 4859//9457 4320//9457 4319//9457
f 4859//9458 4860//9458 4320//9458
f 4307//9459 4306//9459 4846//9459
f 4846//9460 4306//9460 4845//9460
f 4860//9461 4321//9461 4320//9461
f 4861//9462 4321//9462 4860//9462
f 4306//9463 4305//9463 4845//9463
f 4845//9464 4305//9464 4844//9464
f 4861//9465 4322//9465 4321//9465
f 4837//9466 4322//9466 4861//9466
f 4305//9467 4304//9467 4844//9467
f 4843//9468 4304//9468 4842//9468
f 4844//9469 4304//9469 4843//9469
f 4837//9470 4297//9470 4322//9470
f 4304//9471 4303//9471 4842//9471
f 4836//9472 4298//9472 4837//9472
f 4837//9473 4298//9473 4297//9473
f 4303//9474 4302//9474 4842//9474
f 4842//9475 4302//9475 4841//9475
f 4838//9476 4299//9476 4836//9476
f 4836//9477 4299//9477 4298//9477
f 4302//9478 4301//9478 4841//9478
f 4841//9479 4301//9479 4840//9479
f 4839//9480 4300//9480 4838//9480
f 4840//9481 4300//9481 4839//9481
f 4301//9482 4300//9482 4840//9482
f 4838//9483 4300//9483 4299//9483
f 4337//9484 4702//9484 3901//9484
f 4702//9485 4339//9485 4703//9485
f 4337//9486 4339//9486 4702//9486
f 4703//9487 4340//9487 3866//9487
f 4339//9488 4340//9488 4703//9488
f 4340//9489 4341//9489 3866//9489
f 4341//9490 4342//9490 3866//9490
f 4862//9491 4863//9491 4420//9491
f 4420//9492 4863//9492 4423//9492
f 4423//9493 4864//9493 4425//9493
f 4863//9494 4864//9494 4423//9494
f 4425//9495 4865//9495 4427//9495
f 4864//9496 4865//9496 4425//9496
f 4427//9497 4866//9497 4409//9497
f 4865//9498 4866//9498 4427//9498
f 4409//9499 4867//9499 4408//9499
f 4866//9500 4867//9500 4409//9500
f 4408//9501 4868//9501 4407//9501
f 4867//9502 4868//9502 4408//9502
f 4407//9503 4869//9503 4402//9503
f 4868//9504 4869//9504 4407//9504
f 4402//9505 4870//9505 4403//9505
f 4869//9506 4870//9506 4402//9506
f 4403//9507 4871//9507 4404//9507
f 4870//9508 4871//9508 4403//9508
f 4404//9509 4872//9509 4405//9509
f 4871//9510 4872//9510 4404//9510
f 4405//9511 4873//9511 4406//9511
f 4872//9512 4873//9512 4405//9512
f 4873//9513 4874//9513 4406//9513
f 4406//9514 4874//9514 4401//9514
f 4874//9515 4875//9515 4401//9515
f 4401//9516 4875//9516 4400//9516
f 4875//9517 4876//9517 4400//9517
f 4400//9518 4876//9518 4398//9518
f 4876//9519 4877//9519 4398//9519
f 4398//9520 4877//9520 4396//9520
f 4877//9521 4878//9521 4396//9521
f 4396//9522 4878//9522 4395//9522
f 4878//9523 4879//9523 4395//9523
f 4395//9524 4879//9524 4394//9524
f 4879//9525 4880//9525 4394//9525
f 4394//9526 4880//9526 4397//9526
f 4880//9527 4881//9527 4397//9527
f 4397//9528 4881//9528 4399//9528
f 4881//9529 4882//9529 4399//9529
f 4399//9530 4882//9530 4472//9530
f 4472//9531 4882//9531 4418//9531
f 4882//9532 4883//9532 4418//9532
f 4883//9533 4884//9533 4418//9533
f 4418//9534 4884//9534 4414//9534
f 4884//9535 4885//9535 4414//9535
f 4414//9536 4885//9536 4411//9536
f 4411//9537 4886//9537 4412//9537
f 4885//9538 4886//9538 4411//9538
f 4412//9539 4887//9539 4416//9539
f 4886//9540 4887//9540 4412//9540
f 4887//9541 4862//9541 4416//9541
f 4416//9542 4862//9542 4420//9542
f 4888//9543 4889//9543 4444//9543
f 4444//9544 4889//9544 4446//9544
f 4446//9545 4890//9545 4448//9545
f 4889//9546 4890//9546 4446//9546
f 4448//9547 4891//9547 4450//9547
f 4890//9548 4891//9548 4448//9548
f 4450//9549 4892//9549 4452//9549
f 4891//9550 4892//9550 4450//9550
f 4452//9551 4893//9551 4454//9551
f 4892//9552 4893//9552 4452//9552
f 4454//9553 4894//9553 4455//9553
f 4893//9554 4894//9554 4454//9554
f 4455//9555 4895//9555 4430//9555
f 4894//9556 4895//9556 4455//9556
f 4430//9557 4896//9557 4429//9557
f 4895//9558 4896//9558 4430//9558
f 4429//9559 4897//9559 4428//9559
f 4896//9560 4897//9560 4429//9560
f 4428//9561 4898//9561 4426//9561
f 4897//9562 4898//9562 4428//9562
f 4426//9563 4899//9563 4424//9563
f 4898//9564 4899//9564 4426//9564
f 4899//9565 4900//9565 4424//9565
f 4424//9566 4900//9566 4422//9566
f 4900//9567 4901//9567 4422//9567
f 4422//9568 4901//9568 4421//9568
f 4901//9569 4902//9569 4421//9569
f 4421//9570 4902//9570 4419//9570
f 4902//9571 4903//9571 4419//9571
f 4419//9572 4903//9572 4415//9572
f 4903//9573 4904//9573 4415//9573
f 4415//9574 4904//9574 4410//9574
f 4904//9575 4905//9575 4410//9575
f 4410//9576 4905//9576 4413//9576
f 4905//9577 4906//9577 4413//9577
f 4413//9578 4906//9578 4417//9578
f 4906//9579 4907//9579 4417//9579
f 4417//9580 4907//9580 4471//9580
f 4907//9581 4908//9581 4471//9581
f 4471//9582 4908//9582 4442//9582
f 4442//9583 4908//9583 4438//9583
f 4908//9584 4909//9584 4438//9584
f 4909//9585 4910//9585 4438//9585
f 4438//9586 4910//9586 4432//9586
f 4910//9587 4911//9587 4432//9587
f 4432//9588 4911//9588 4433//9588
f 4433//9589 4912//9589 4436//9589
f 4911//9590 4912//9590 4433//9590
f 4436//9591 4913//9591 4440//9591
f 4912//9592 4913//9592 4436//9592
f 4913//9593 4888//9593 4440//9593
f 4440//9594 4888//9594 4444//9594
f 4914//9595 4915//9595 4456//9595
f 4456//9596 4915//9596 4457//9596
f 4457//9597 4916//9597 4458//9597
f 4915//9598 4916//9598 4457//9598
f 4458//9599 4917//9599 4459//9599
f 4916//9600 4917//9600 4458//9600
f 4459//9601 4918//9601 4460//9601
f 4917//9602 4918//9602 4459//9602
f 4460//9603 4919//9603 4461//9603
f 4918//9604 4919//9604 4460//9604
f 4461//9605 4920//9605 4462//9605
f 4919//9606 4920//9606 4461//9606
f 4462//9607 4921//9607 4463//9607
f 4920//9608 4921//9608 4462//9608
f 4463//9609 4922//9609 4453//9609
f 4921//9610 4922//9610 4463//9610
f 4453//9611 4923//9611 4451//9611
f 4922//9612 4923//9612 4453//9612
f 4451//9613 4924//9613 4449//9613
f 4923//9614 4924//9614 4451//9614
f 4449//9615 4925//9615 4447//9615
f 4924//9616 4925//9616 4449//9616
f 4925//9617 4926//9617 4447//9617
f 4447//9618 4926//9618 4445//9618
f 4926//9619 4927//9619 4445//9619
f 4445//9620 4927//9620 4443//9620
f 4927//9621 4928//9621 4443//9621
f 4443//9622 4928//9622 4439//9622
f 4928//9623 4929//9623 4439//9623
f 4439//9624 4929//9624 4435//9624
f 4929//9625 4930//9625 4435//9625
f 4435//9626 4930//9626 4431//9626
f 4930//9627 4931//9627 4431//9627
f 4431//9628 4931//9628 4434//9628
f 4931//9629 4932//9629 4434//9629
f 4434//9630 4932//9630 4437//9630
f 4932//9631 4933//9631 4437//9631
f 4437//9632 4933//9632 4441//9632
f 4933//9633 4934//9633 4441//9633
f 4441//9634 4934//9634 4465//9634
f 4465//9635 4934//9635 4466//9635
f 4934//9636 4935//9636 4466//9636
f 4935//9637 4936//9637 4466//9637
f 4466//9638 4936//9638 4467//9638
f 4936//9639 4937//9639 4467//9639
f 4467//9640 4937//9640 4468//9640
f 4468//9641 4938//9641 4469//9641
f 4937//9642 4938//9642 4468//9642
f 4469//9643 4939//9643 4470//9643
f 4938//9644 4939//9644 4469//9644
f 4939//9645 4914//9645 4470//9645
f 4470//9646 4914//9646 4456//9646
f 4879//9647 4489//9647 4490//9647
f 4879//9648 4878//9648 4489//9648
f 4877//9649 4488//9649 4489//9649
f 4877//9650 4489//9650 4878//9650
f 4880//9651 4490//9651 4491//9651
f 4880//9652 4879//9652 4490//9652
f 4876//9653 4487//9653 4488//9653
f 4876//9654 4488//9654 4877//9654
f 4881//9655 4491//9655 4492//9655
f 4881//9656 4880//9656 4491//9656
f 4875//9657 4486//9657 4487//9657
f 4875//9658 4487//9658 4876//9658
f 4882//9659 4492//9659 4493//9659
f 4882//9660 4881//9660 4492//9660
f 4874//9661 4485//9661 4486//9661
f 4874//9662 4486//9662 4875//9662
f 4883//9663 4493//9663 4494//9663
f 4883//9664 4882//9664 4493//9664
f 4873//9665 4484//9665 4485//9665
f 4873//9666 4485//9666 4874//9666
f 4884//9667 4494//9667 4495//9667
f 4884//9668 4883//9668 4494//9668
f 4483//9669 4484//9669 4873//9669
f 4872//9670 4483//9670 4873//9670
f 4885//9671 4884//9671 4495//9671
f 4496//9672 4885//9672 4495//9672
f 4886//9673 4885//9673 4496//9673
f 4482//9674 4483//9674 4872//9674
f 4482//9675 4872//9675 4871//9675
f 4497//9676 4886//9676 4496//9676
f 4497//9677 4887//9677 4886//9677
f 4481//9678 4482//9678 4871//9678
f 4481//9679 4871//9679 4870//9679
f 4498//9680 4887//9680 4497//9680
f 4498//9681 4862//9681 4887//9681
f 4480//9682 4481//9682 4870//9682
f 4480//9683 4869//9683 4868//9683
f 4480//9684 4870//9684 4869//9684
f 4473//9685 4862//9685 4498//9685
f 4479//9686 4480//9686 4868//9686
f 4474//9687 4863//9687 4862//9687
f 4474//9688 4862//9688 4473//9688
f 4478//9689 4479//9689 4868//9689
f 4478//9690 4868//9690 4867//9690
f 4475//9691 4864//9691 4863//9691
f 4475//9692 4863//9692 4474//9692
f 4477//9693 4478//9693 4867//9693
f 4477//9694 4867//9694 4866//9694
f 4476//9695 4865//9695 4864//9695
f 4476//9696 4866//9696 4865//9696
f 4476//9697 4477//9697 4866//9697
f 4476//9698 4864//9698 4475//9698
f 4905//9699 4515//9699 4516//9699
f 4905//9700 4904//9700 4515//9700
f 4903//9701 4514//9701 4515//9701
f 4903//9702 4515//9702 4904//9702
f 4906//9703 4516//9703 4517//9703
f 4906//9704 4905//9704 4516//9704
f 4902//9705 4513//9705 4514//9705
f 4902//9706 4514//9706 4903//9706
f 4907//9707 4517//9707 4518//9707
f 4907//9708 4906//9708 4517//9708
f 4901//9709 4512//9709 4513//9709
f 4901//9710 4513//9710 4902//9710
f 4908//9711 4518//9711 4519//9711
f 4908//9712 4907//9712 4518//9712
f 4900//9713 4511//9713 4512//9713
f 4900//9714 4512//9714 4901//9714
f 4909//9715 4519//9715 4520//9715
f 4909//9716 4908//9716 4519//9716
f 4899//9717 4510//9717 4511//9717
f 4899//9718 4511//9718 4900//9718
f 4910//9719 4520//9719 4521//9719
f 4910//9720 4909//9720 4520//9720
f 4509//9721 4510//9721 4899//9721
f 4898//9722 4509//9722 4899//9722
f 4911//9723 4910//9723 4521//9723
f 4522//9724 4911//9724 4521//9724
f 4912//9725 4911//9725 4522//9725
f 4508//9726 4509//9726 4898//9726
f 4508//9727 4898//9727 4897//9727
f 4523//9728 4912//9728 4522//9728
f 4523//9729 4913//9729 4912//9729
f 4507//9730 4508//9730 4897//9730
f 4507//9731 4897//9731 4896//9731
f 4524//9732 4913//9732 4523//9732
f 4524//9733 4888//9733 4913//9733
f 4506//9734 4507//9734 4896//9734
f 4506//9735 4895//9735 4894//9735
f 4506//9736 4896//9736 4895//9736
f 4499//9737 4888//9737 4524//9737
f 4505//9738 4506//9738 4894//9738
f 4500//9739 4889//9739 4888//9739
f 4500//9740 4888//9740 4499//9740
f 4504//9741 4505//9741 4894//9741
f 4504//9742 4894//9742 4893//9742
f 4501//9743 4890//9743 4889//9743
f 4501//9744 4889//9744 4500//9744
f 4503//9745 4504//9745 4893//9745
f 4503//9746 4893//9746 4892//9746
f 4502//9747 4891//9747 4890//9747
f 4502//9748 4892//9748 4891//9748
f 4502//9749 4503//9749 4892//9749
f 4502//9750 4890//9750 4501//9750
f 4931//9751 4541//9751 4542//9751
f 4931//9752 4930//9752 4541//9752
f 4929//9753 4540//9753 4541//9753
f 4929//9754 4541//9754 4930//9754
f 4932//9755 4542//9755 4543//9755
f 4932//9756 4931//9756 4542//9756
f 4928//9757 4539//9757 4540//9757
f 4928//9758 4540//9758 4929//9758
f 4933//9759 4543//9759 4544//9759
f 4933//9760 4932//9760 4543//9760
f 4927//9761 4538//9761 4539//9761
f 4927//9762 4539//9762 4928//9762
f 4934//9763 4544//9763 4545//9763
f 4934//9764 4933//9764 4544//9764
f 4926//9765 4537//9765 4538//9765
f 4926//9766 4538//9766 4927//9766
f 4935//9767 4545//9767 4546//9767
f 4935//9768 4934//9768 4545//9768
f 4925//9769 4536//9769 4537//9769
f 4925//9770 4537//9770 4926//9770
f 4936//9771 4546//9771 4547//9771
f 4936//9772 4935//9772 4546//9772
f 4535//9773 4536//9773 4925//9773
f 4924//9774 4535//9774 4925//9774
f 4937//9775 4936//9775 4547//9775
f 4548//9776 4937//9776 4547//9776
f 4938//9777 4937//9777 4548//9777
f 4534//9778 4535//9778 4924//9778
f 4534//9779 4924//9779 4923//9779
f 4549//9780 4938//9780 4548//9780
f 4549//9781 4939//9781 4938//9781
f 4533//9782 4534//9782 4923//9782
f 4533//9783 4923//9783 4922//9783
f 4550//9784 4939//9784 4549//9784
f 4550//9785 4914//9785 4939//9785
f 4532//9786 4533//9786 4922//9786
f 4532//9787 4921//9787 4920//9787
f 4532//9788 4922//9788 4921//9788
f 4525//9789 4914//9789 4550//9789
f 4531//9790 4532//9790 4920//9790
f 4526//9791 4915//9791 4914//9791
f 4526//9792 4914//9792 4525//9792
f 4530//9793 4531//9793 4920//9793
f 4530//9794 4920//9794 4919//9794
f 4527//9795 4916//9795 4915//9795
f 4527//9796 4915//9796 4526//9796
f 4529//9797 4530//9797 4919//9797
f 4529//9798 4919//9798 4918//9798
f 4528//9799 4917//9799 4916//9799
f 4528//9800 4918//9800 4917//9800
f 4528//9801 4529//9801 4918//9801
f 4528//9802 4916//9802 4527//9802
f 4619//9803 4568//9803 4620//9803
f 4567//9804 4568//9804 4619//9804
f 4618//9805 4566//9805 4619//9805
f 4619//9806 4566//9806 4567//9806
f 4620//9807 4569//9807 4621//9807
f 4568//9808 4569//9808 4620//9808
f 4617//9809 4565//9809 4618//9809
f 4618//9810 4565//9810 4566//9810
f 4621//9811 4570//9811 4622//9811
f 4569//9812 4570//9812 4621//9812
f 4616//9813 4564//9813 4617//9813
f 4617//9814 4564//9814 4565//9814
f 4622//9815 4571//9815 4623//9815
f 4570//9816 4571//9816 4622//9816
f 4615//9817 4563//9817 4616//9817
f 4616//9818 4563//9818 4564//9818
f 4623//9819 4572//9819 4624//9819
f 4571//9820 4572//9820 4623//9820
f 4614//9821 4562//9821 4615//9821
f 4615//9822 4562//9822 4563//9822
f 4624//9823 4573//9823 4625//9823
f 4572//9824 4573//9824 4624//9824
f 4613//9825 4561//9825 4614//9825
f 4614//9826 4561//9826 4562//9826
f 4574//9827 4626//9827 4573//9827
f 4573//9828 4626//9828 4625//9828
f 4561//9829 4612//9829 4560//9829
f 4613//9830 4612//9830 4561//9830
f 4575//9831 4627//9831 4574//9831
f 4574//9832 4627//9832 4626//9832
f 4612//9833 4611//9833 4560//9833
f 4560//9834 4611//9834 4559//9834
f 4575//9835 4628//9835 4627//9835
f 4576//9836 4628//9836 4575//9836
f 4611//9837 4610//9837 4559//9837
f 4559//9838 4610//9838 4558//9838
f 4576//9839 4603//9839 4628//9839
f 4551//9840 4603//9840 4576//9840
f 4558//9841 4609//9841 4557//9841
f 4610//9842 4609//9842 4558//9842
f 4552//9843 4604//9843 4551//9843
f 4551//9844 4604//9844 4603//9844
f 4557//9845 4608//9845 4556//9845
f 4609//9846 4608//9846 4557//9846
f 4552//9847 4605//9847 4604//9847
f 4553//9848 4605//9848 4552//9848
f 4554//9849 4605//9849 4553//9849
f 4608//9850 4607//9850 4556//9850
f 4556//9851 4607//9851 4555//9851
f 4555//9852 4606//9852 4554//9852
f 4554//9853 4606//9853 4605//9853
f 4607//9854 4606//9854 4555//9854
f 4645//9855 4594//9855 4646//9855
f 4646//9856 4594//9856 4647//9856
f 4593//9857 4594//9857 4645//9857
f 4644//9858 4592//9858 4645//9858
f 4645//9859 4592//9859 4593//9859
f 4594//9860 4595//9860 4647//9860
f 4643//9861 4591//9861 4644//9861
f 4644//9862 4591//9862 4592//9862
f 4647//9863 4596//9863 4648//9863
f 4595//9864 4596//9864 4647//9864
f 4642//9865 4590//9865 4643//9865
f 4643//9866 4590//9866 4591//9866
f 4648//9867 4597//9867 4649//9867
f 4596//9868 4597//9868 4648//9868
f 4641//9869 4589//9869 4642//9869
f 4642//9870 4589//9870 4590//9870
f 4649//9871 4598//9871 4650//9871
f 4597//9872 4598//9872 4649//9872
f 4640//9873 4588//9873 4641//9873
f 4641//9874 4588//9874 4589//9874
f 4650//9875 4599//9875 4651//9875
f 4598//9876 4599//9876 4650//9876
f 4639//9877 4587//9877 4640//9877
f 4640//9878 4587//9878 4588//9878
f 4600//9879 4652//9879 4599//9879
f 4599//9880 4652//9880 4651//9880
f 4639//9881 4638//9881 4587//9881
f 4587//9882 4638//9882 4586//9882
f 4601//9883 4653//9883 4600//9883
f 4600//9884 4653//9884 4652//9884
f 4638//9885 4637//9885 4586//9885
f 4586//9886 4637//9886 4585//9886
f 4601//9887 4654//9887 4653//9887
f 4602//9888 4654//9888 4601//9888
f 4637//9889 4636//9889 4585//9889
f 4585//9890 4636//9890 4584//9890
f 4602//9891 4629//9891 4654//9891
f 4577//9892 4629//9892 4602//9892
f 4636//9893 4635//9893 4584//9893
f 4584//9894 4635//9894 4583//9894
f 4577//9895 4630//9895 4629//9895
f 4578//9896 4630//9896 4577//9896
f 4583//9897 4634//9897 4582//9897
f 4635//9898 4634//9898 4583//9898
f 4579//9899 4631//9899 4578//9899
f 4580//9900 4631//9900 4579//9900
f 4578//9901 4631//9901 4630//9901
f 4581//9902 4633//9902 4580//9902
f 4582//9903 4633//9903 4581//9903
f 4634//9904 4633//9904 4582//9904
f 4633//9905 4632//9905 4580//9905
f 4580//9906 4632//9906 4631//9906
f 4940//9907 4941//9907 4942//9907
f 4942//9908 4943//9908 4944//9908
f 4941//9909 4943//9909 4942//9909
f 4945//9910 4946//9910 4940//9910
f 4940//9911 4946//9911 4941//9911
f 4944//9912 4947//9912 4687//9912
f 4943//9913 4947//9913 4944//9913
f 4945//9914 4948//9914 4946//9914
f 4687//9915 4949//9915 4950//9915
f 4947//9916 4949//9916 4687//9916
f 4951//9917 4952//9917 4953//9917
f 4953//9918 4952//9918 4945//9918
f 4945//9919 4952//9919 4948//9919
f 4950//9920 4954//9920 4955//9920
f 4949//9921 4954//9921 4950//9921
f 4951//9922 4956//9922 4952//9922
f 4955//9923 4957//9923 4958//9923
f 4954//9924 4957//9924 4955//9924
f 4959//9925 4960//9925 4951//9925
f 4951//9926 4960//9926 4956//9926
f 4958//9927 4961//9927 4962//9927
f 4957//9928 4961//9928 4958//9928
f 4963//9929 4964//9929 4959//9929
f 4959//9930 4964//9930 4960//9930
f 4961//9931 4965//9931 4962//9931
f 4966//9932 4965//9932 4961//9932
f 4963//9933 4967//9933 4964//9933
f 4963//9934 4670//9934 4967//9934
f 4966//9935 4968//9935 4965//9935
f 4969//9936 4968//9936 4966//9936
f 4670//9937 4970//9937 4967//9937
f 4967//9938 4970//9938 4971//9938
f 4969//9939 4972//9939 4968//9939
f 4973//9940 4972//9940 4969//9940
f 4970//9941 4667//9941 4971//9941
f 4971//9942 4667//9942 4974//9942
f 4975//9943 4976//9943 4977//9943
f 4973//9944 4976//9944 4972//9944
f 4977//9945 4976//9945 4973//9945
f 4974//9946 4666//9946 4978//9946
f 4667//9947 4666//9947 4974//9947
f 4975//9948 4979//9948 4976//9948
f 4666//9949 4980//9949 4978//9949
f 4978//9950 4980//9950 4981//9950
f 4982//9951 4983//9951 4975//9951
f 4975//9952 4983//9952 4979//9952
f 4984//9953 4663//9953 4985//9953
f 4981//9954 4663//9954 4984//9954
f 4980//9955 4663//9955 4981//9955
f 4985//9956 4986//9956 4982//9956
f 4982//9957 4986//9957 4983//9957
f 4663//9958 4986//9958 4985//9958
f 4721//9959 4987//9959 4722//9959
f 4722//9960 4988//9960 4723//9960
f 4987//9961 4988//9961 4722//9961
f 4720//9962 4989//9962 4721//9962
f 4721//9963 4989//9963 4987//9963
f 4723//9964 4990//9964 4724//9964
f 4988//9965 4990//9965 4723//9965
f 4720//9966 4991//9966 4989//9966
f 4724//9967 4992//9967 4725//9967
f 4990//9968 4992//9968 4724//9968
f 4718//9969 4993//9969 4719//9969
f 4719//9970 4993//9970 4720//9970
f 4720//9971 4993//9971 4991//9971
f 4725//9972 4994//9972 4726//9972
f 4992//9973 4994//9973 4725//9973
f 4718//9974 4995//9974 4993//9974
f 4726//9975 4996//9975 4727//9975
f 4994//9976 4996//9976 4726//9976
f 4717//9977 4997//9977 4718//9977
f 4718//9978 4997//9978 4995//9978
f 4727//9979 4998//9979 4728//9979
f 4996//9980 4998//9980 4727//9980
f 4716//9981 4999//9981 4717//9981
f 4717//9982 4999//9982 4997//9982
f 4998//9983 4729//9983 4728//9983
f 5000//9984 4729//9984 4998//9984
f 4716//9985 5001//9985 4999//9985
f 4716//9986 4715//9986 5001//9986
f 5000//9987 4730//9987 4729//9987
f 5002//9988 4730//9988 5000//9988
f 4715//9989 4714//9989 5001//9989
f 5001//9990 4714//9990 5003//9990
f 5002//9991 4731//9991 4730//9991
f 5004//9992 4731//9992 5002//9992
f 4714//9993 4713//9993 5003//9993
f 5003//9994 4713//9994 5005//9994
f 5006//9995 4706//9995 5007//9995
f 5004//9996 4706//9996 4731//9996
f 5007//9997 4706//9997 5004//9997
f 5005//9998 4712//9998 5008//9998
f 4713//9999 4712//9999 5005//9999
f 5006//10000 4707//10000 4706//10000
f 4712//10001 4711//10001 5008//10001
f 5008//10002 4711//10002 5009//10002
f 5010//10003 4708//10003 5006//10003
f 5006//10004 4708//10004 4707//10004
f 5011//10005 4710//10005 5012//10005
f 5009//10006 4710//10006 5011//10006
f 4711//10007 4710//10007 5009//10007
f 5012//10008 4709//10008 5010//10008
f 5010//10009 4709//10009 4708//10009
f 4710//10010 4709//10010 5012//10010
f 5013//10011 4748//10011 4749//10011
f 5013//10012 5014//10012 4748//10012
f 5015//10013 4747//10013 4748//10013
f 5015//10014 4748//10014 5014//10014
f 5016//10015 4749//10015 4750//10015
f 5016//10016 5013//10016 4749//10016
f 5017//10017 4746//10017 4747//10017
f 5017//10018 4747//10018 5015//10018
f 5018//10019 4750//10019 4751//10019
f 5018//10020 5016//10020 4750//10020
f 5019//10021 4745//10021 4746//10021
f 5019//10022 4746//10022 5017//10022
f 5020//10023 4751//10023 4752//10023
f 5020//10024 5018//10024 4751//10024
f 5021//10025 4744//10025 4745//10025
f 5021//10026 4745//10026 5019//10026
f 5022//10027 4752//10027 4753//10027
f 5022//10028 5020//10028 4752//10028
f 5023//10029 4743//10029 4744//10029
f 5023//10030 4744//10030 5021//10030
f 5024//10031 4753//10031 4754//10031
f 5024//10032 5022//10032 4753//10032
f 5025//10033 4742//10033 4743//10033
f 5025//10034 4743//10034 5023//10034
f 4755//10035 5024//10035 4754//10035
f 4755//10036 5026//10036 5024//10036
f 5027//10037 5026//10037 4755//10037
f 4741//10038 4742//10038 5025//10038
f 4741//10039 5025//10039 5028//10039
f 4756//10040 5027//10040 4755//10040
f 4740//10041 4741//10041 5028//10041
f 4740//10042 5029//10042 5030//10042
f 4740//10043 5028//10043 5029//10043
f 4757//10044 5027//10044 4756//10044
f 4757//10045 5031//10045 5027//10045
f 4739//10046 4740//10046 5030//10046
f 4739//10047 5030//10047 5032//10047
f 5033//10048 5034//10048 5035//10048
f 5033//10049 5031//10049 4757//10049
f 5033//10050 5035//10050 5031//10050
f 4738//10051 4739//10051 5032//10051
f 4733//10052 5034//10052 5033//10052
f 4733//10053 5036//10053 5034//10053
f 4737//10054 5032//10054 5037//10054
f 4737//10055 4738//10055 5032//10055
f 4734//10056 5036//10056 4733//10056
f 4736//10057 5037//10057 5038//10057
f 4736//10058 4737//10058 5037//10058
f 4735//10059 5039//10059 5036//10059
f 4735//10060 5038//10060 5039//10060
f 4735//10061 5036//10061 4734//10061
f 4735//10062 4736//10062 5038//10062
f 5040//10063 4774//10063 4775//10063
f 5040//10064 4775//10064 4776//10064
f 5040//10065 5041//10065 4774//10065
f 5042//10066 4773//10066 4774//10066
f 5042//10067 4774//10067 5041//10067
f 5043//10068 5040//10068 4776//10068
f 5044//10069 4772//10069 4773//10069
f 5044//10070 4773//10070 5042//10070
f 5045//10071 4776//10071 4777//10071
f 5045//10072 5043//10072 4776//10072
f 5046//10073 4771//10073 4772//10073
f 5046//10074 4772//10074 5044//10074
f 5047//10075 4777//10075 4778//10075
f 5047//10076 5045//10076 4777//10076
f 5048//10077 4770//10077 4771//10077
f 5048//10078 4771//10078 5046//10078
f 5049//10079 4778//10079 4779//10079
f 5049//10080 5047//10080 4778//10080
f 5050//10081 4769//10081 4770//10081
f 5050//10082 4770//10082 5048//10082
f 5051//10083 4779//10083 4780//10083
f 5051//10084 5049//10084 4779//10084
f 5052//10085 4768//10085 4769//10085
f 5052//10086 4769//10086 5050//10086
f 4781//10087 5051//10087 4780//10087
f 4781//10088 5053//10088 5051//10088
f 4767//10089 4768//10089 5052//10089
f 4767//10090 5052//10090 5054//10090
f 4782//10091 5053//10091 4781//10091
f 4782//10092 5055//10092 5053//10092
f 5056//10093 5055//10093 4782//10093
f 4766//10094 4767//10094 5054//10094
f 4766//10095 5057//10095 5058//10095
f 4766//10096 5054//10096 5057//10096
f 4783//10097 5056//10097 4782//10097
f 4765//10098 4766//10098 5058//10098
f 4765//10099 5058//10099 5059//10099
f 4758//10100 5060//10100 5061//10100
f 4758//10101 5056//10101 4783//10101
f 4758//10102 5061//10102 5056//10102
f 4764//10103 4765//10103 5059//10103
f 4759//10104 5062//10104 5060//10104
f 4759//10105 5060//10105 4758//10105
f 4763//10106 5063//10106 5064//10106
f 4763//10107 5059//10107 5063//10107
f 4763//10108 4764//10108 5059//10108
f 4760//10109 5062//10109 4759//10109
f 4762//10110 4763//10110 5064//10110
f 4761//10111 5065//10111 5062//10111
f 4761//10112 5064//10112 5065//10112
f 4761//10113 5062//10113 4760//10113
f 4761//10114 4762//10114 5064//10114
f 5066//10115 5067//10115 5068//10115
f 5066//10116 5068//10116 5069//10116
f 5070//10117 5069//10117 5071//10117
f 5070//10118 5071//10118 5072//10118
f 5070//10119 5066//10119 5069//10119
f 5073//10120 5070//10120 5072//10120
f 5074//10121 5072//10121 5075//10121
f 5074//10122 5073//10122 5072//10122
f 5076//10123 5075//10123 5077//10123
f 5076//10124 5077//10124 5078//10124
f 5076//10125 5074//10125 5075//10125
f 5079//10126 5076//10126 5078//10126
f 5080//10127 5078//10127 5081//10127
f 5080//10128 5081//10128 5082//10128
f 5080//10129 5079//10129 5078//10129
f 5083//10130 5080//10130 5082//10130
f 5084//10131 5082//10131 5085//10131
f 5084//10132 5085//10132 5086//10132
f 5084//10133 5083//10133 5082//10133
f 5087//10134 5086//10134 5088//10134
f 5087//10135 5084//10135 5086//10135
f 5089//10136 5087//10136 5088//10136
f 5090//10137 5089//10137 5088//10137
f 5090//10138 5088//10138 5091//10138
f 5090//10139 5091//10139 5092//10139
f 5093//10140 5090//10140 5092//10140
f 5094//10141 5093//10141 5092//10141
f 5094//10142 5092//10142 5095//10142
f 5096//10143 5094//10143 5095//10143
f 5096//10144 5095//10144 5097//10144
f 5098//10145 5096//10145 5097//10145
f 5098//10146 5097//10146 5099//10146
f 5098//10147 5099//10147 5100//10147
f 5101//10148 5098//10148 5100//10148
f 4947//10149 5101//10149 5100//10149
f 4947//10150 5100//10150 5102//10150
f 5103//10151 4947//10151 5102//10151
f 5103//10152 5102//10152 5104//10152
f 5105//10153 5103//10153 5104//10153
f 5105//10154 5104//10154 5106//10154
f 5107//10155 5105//10155 5106//10155
f 5107//10156 5106//10156 5108//10156
f 4961//10157 5107//10157 5108//10157
f 4961//10158 5108//10158 5109//10158
f 5110//10159 4961//10159 5109//10159
f 5110//10160 5109//10160 5111//10160
f 5110//10161 5111//10161 5112//10161
f 5113//10162 5110//10162 5112//10162
f 5114//10163 5112//10163 5115//10163
f 5114//10164 5113//10164 5112//10164
f 5067//10165 5115//10165 5068//10165
f 5067//10166 5114//10166 5115//10166
f 5006//10167 5007//10167 5116//10167
f 5006//10168 5116//10168 5117//10168
f 5010//10169 5117//10169 5118//10169
f 5010//10170 5118//10170 5119//10170
f 5010//10171 5006//10171 5117//10171
f 5012//10172 5010//10172 5119//10172
f 5011//10173 5119//10173 5120//10173
f 5011//10174 5012//10174 5119//10174
f 5009//10175 5120//10175 5121//10175
f 5009//10176 5121//10176 5122//10176
f 5009//10177 5011//10177 5120//10177
f 5008//10178 5009//10178 5122//10178
f 5005//10179 5122//10179 5123//10179
f 5005//10180 5123//10180 5124//10180
f 5005//10181 5008//10181 5122//10181
f 5003//10182 5005//10182 5124//10182
f 5001//10183 5124//10183 5125//10183
f 5001//10184 5125//10184 5126//10184
f 5001//10185 5003//10185 5124//10185
f 4999//10186 5126//10186 5127//10186
f 4999//10187 5001//10187 5126//10187
f 4997//10188 4999//10188 5127//10188
f 4995//10189 4997//10189 5127//10189
f 4995//10190 5127//10190 5128//10190
f 4995//10191 5128//10191 5129//10191
f 4993//10192 4995//10192 5129//10192
f 4991//10193 4993//10193 5129//10193
f 4991//10194 5129//10194 5130//10194
f 4989//10195 4991//10195 5130//10195
f 4989//10196 5130//10196 5131//10196
f 4987//10197 4989//10197 5131//10197
f 4987//10198 5131//10198 5132//10198
f 4987//10199 5132//10199 5133//10199
f 4988//10200 4987//10200 5133//10200
f 4990//10201 4988//10201 5133//10201
f 4990//10202 5133//10202 5134//10202
f 4992//10203 4990//10203 5134//10203
f 4992//10204 5134//10204 5135//10204
f 4994//10205 4992//10205 5135//10205
f 4994//10206 5135//10206 5136//10206
f 4996//10207 4994//10207 5136//10207
f 4996//10208 5136//10208 5137//10208
f 4998//10209 4996//10209 5137//10209
f 4998//10210 5137//10210 5138//10210
f 5000//10211 4998//10211 5138//10211
f 5000//10212 5138//10212 5139//10212
f 5000//10213 5139//10213 5140//10213
f 5002//10214 5000//10214 5140//10214
f 5004//10215 5140//10215 5141//10215
f 5004//10216 5002//10216 5140//10216
f 5007//10217 5141//10217 5116//10217
f 5007//10218 5004//10218 5141//10218
f 5035//10219 5034//10219 5142//10219
f 5142//10220 5034//10220 5143//10220
f 5143//10221 5036//10221 5144//10221
f 5034//10222 5036//10222 5143//10222
f 5144//10223 5039//10223 5145//10223
f 5036//10224 5039//10224 5144//10224
f 5145//10225 5038//10225 5146//10225
f 5039//10226 5038//10226 5145//10226
f 5146//10227 5037//10227 5147//10227
f 5038//10228 5037//10228 5146//10228
f 5147//10229 5032//10229 5148//10229
f 5037//10230 5032//10230 5147//10230
f 5148//10231 5030//10231 5149//10231
f 5032//10232 5030//10232 5148//10232
f 5149//10233 5029//10233 5150//10233
f 5030//10234 5029//10234 5149//10234
f 5150//10235 5028//10235 5151//10235
f 5151//10236 5028//10236 5152//10236
f 5029//10237 5028//10237 5150//10237
f 5028//10238 5025//10238 5152//10238
f 5025//10239 5023//10239 5152//10239
f 5152//10240 5023//10240 5153//10240
f 5153//10241 5023//10241 5154//10241
f 5023//10242 5021//10242 5154//10242
f 5021//10243 5019//10243 5154//10243
f 5154//10244 5019//10244 5155//10244
f 5019//10245 5017//10245 5155//10245
f 5155//10246 5017//10246 5156//10246
f 5156//10247 5017//10247 5157//10247
f 5017//10248 5015//10248 5157//10248
f 5015//10249 5014//10249 5157//10249
f 5157//10250 5014//10250 5158//10250
f 5014//10251 5013//10251 5158//10251
f 5158//10252 5013//10252 5159//10252
f 5013//10253 5016//10253 5159//10253
f 5159//10254 5016//10254 5160//10254
f 5016//10255 5018//10255 5160//10255
f 5160//10256 5018//10256 5161//10256
f 5018//10257 5020//10257 5161//10257
f 5161//10258 5020//10258 5162//10258
f 5020//10259 5022//10259 5162//10259
f 5162//10260 5022//10260 5163//10260
f 5163//10261 5022//10261 5164//10261
f 5022//10262 5024//10262 5164//10262
f 5024//10263 5026//10263 5164//10263
f 5164//10264 5026//10264 5165//10264
f 5165//10265 5027//10265 5166//10265
f 5166//10266 5027//10266 5167//10266
f 5026//10267 5027//10267 5165//10267
f 5027//10268 5031//10268 5167//10268
f 5167//10269 5035//10269 5142//10269
f 5031//10270 5035//10270 5167//10270
f 5061//10271 5060//10271 5168//10271
f 5168//10272 5060//10272 5169//10272
f 5169//10273 5062//10273 5170//10273
f 5060//10274 5062//10274 5169//10274
f 5170//10275 5065//10275 5171//10275
f 5062//10276 5065//10276 5170//10276
f 5171//10277 5064//10277 5172//10277
f 5065//10278 5064//10278 5171//10278
f 5172//10279 5063//10279 5173//10279
f 5064//10280 5063//10280 5172//10280
f 5173//10281 5059//10281 5174//10281
f 5063//10282 5059//10282 5173//10282
f 5174//10283 5058//10283 5175//10283
f 5059//10284 5058//10284 5174//10284
f 5175//10285 5057//10285 5176//10285
f 5058//10286 5057//10286 5175//10286
f 5176//10287 5054//10287 5177//10287
f 5177//10288 5054//10288 5178//10288
f 5057//10289 5054//10289 5176//10289
f 5054//10290 5052//10290 5178//10290
f 5052//10291 5050//10291 5178//10291
f 5178//10292 5050//10292 5179//10292
f 5179//10293 5050//10293 5180//10293
f 5050//10294 5048//10294 5180//10294
f 5048//10295 5046//10295 5180//10295
f 5180//10296 5046//10296 5181//10296
f 5046//10297 5044//10297 5181//10297
f 5181//10298 5044//10298 5182//10298
f 5182//10299 5044//10299 5183//10299
f 5044//10300 5042//10300 5183//10300
f 5042//10301 5041//10301 5183//10301
f 5183//10302 5041//10302 5184//10302
f 5041//10303 5040//10303 5184//10303
f 5184//10304 5040//10304 5185//10304
f 5040//10305 5043//10305 5185//10305
f 5185//10306 5043//10306 5186//10306
f 5043//10307 5045//10307 5186//10307
f 5186//10308 5045//10308 5187//10308
f 5045//10309 5047//10309 5187//10309
f 5187//10310 5047//10310 5188//10310
f 5047//10311 5049//10311 5188//10311
f 5188//10312 5049//10312 5189//10312
f 5189//10313 5049//10313 5190//10313
f 5049//10314 5051//10314 5190//10314
f 5051//10315 5053//10315 5190//10315
f 5190//10316 5053//10316 5191//10316
f 5191//10317 5055//10317 5192//10317
f 5192//10318 5055//10318 5193//10318
f 5053//10319 5055//10319 5191//10319
f 5055//10320 5056//10320 5193//10320
f 5193//10321 5061//10321 5168//10321
f 5056//10322 5061//10322 5193//10322
f 5194//10323 5159//10323 5195//10323
f 5195//10324 5159//10324 5102//10324
f 5158//10325 5159//10325 5194//10325
f 5196//10326 5157//10326 5194//10326
f 5194//10327 5157//10327 5158//10327
f 5159//10328 5160//10328 5102//10328
f 5197//10329 5156//10329 5196//10329
f 5196//10330 5156//10330 5157//10330
f 5102//10331 5161//10331 5198//10331
f 5160//10332 5161//10332 5102//10332
f 5199//10333 5155//10333 5197//10333
f 5197//10334 5155//10334 5156//10334
f 5198//10335 5162//10335 5200//10335
f 5161//10336 5162//10336 5198//10336
f 5201//10337 5154//10337 5199//10337
f 5199//10338 5154//10338 5155//10338
f 5200//10339 5163//10339 5202//10339
f 5162//10340 5163//10340 5200//10340
f 5203//10341 5153//10341 5201//10341
f 5201//10342 5153//10342 5154//10342
f 5202//10343 5164//10343 5109//10343
f 5163//10344 5164//10344 5202//10344
f 5204//10345 5152//10345 5203//10345
f 5203//10346 5152//10346 5153//10346
f 5165//10347 5205//10347 5164//10347
f 5164//10348 5205//10348 5109//10348
f 5204//10349 5206//10349 5152//10349
f 5152//10350 5206//10350 5151//10350
f 5166//10351 5207//10351 5165//10351
f 5165//10352 5207//10352 5205//10352
f 5206//10353 5208//10353 5151//10353
f 5151//10354 5208//10354 5150//10354
f 5166//10355 5209//10355 5207//10355
f 5167//10356 5209//10356 5166//10356
f 5208//10357 5210//10357 5150//10357
f 5150//10358 5210//10358 5149//10358
f 5167//10359 5211//10359 5209//10359
f 5142//10360 5211//10360 5167//10360
f 5210//10361 5212//10361 5149//10361
f 5149//10362 5212//10362 5148//10362
f 5142//10363 5213//10363 5211//10363
f 5143//10364 5213//10364 5142//10364
f 5148//10365 5214//10365 5147//10365
f 5212//10366 5214//10366 5148//10366
f 5144//10367 5215//10367 5143//10367
f 5145//10368 5215//10368 5144//10368
f 5143//10369 5215//10369 5213//10369
f 5146//10370 5216//10370 5145//10370
f 5147//10371 5216//10371 5146//10371
f 5214//10372 5216//10372 5147//10372
f 5216//10373 5217//10373 5145//10373
f 5145//10374 5217//10374 5215//10374
f 5132//10375 5185//10375 5133//10375
f 5184//10376 5185//10376 5132//10376
f 5131//10377 5183//10377 5132//10377
f 5132//10378 5183//10378 5184//10378
f 5133//10379 5186//10379 5134//10379
f 5185//10380 5186//10380 5133//10380
f 5130//10381 5182//10381 5131//10381
f 5131//10382 5182//10382 5183//10382
f 5134//10383 5187//10383 5135//10383
f 5186//10384 5187//10384 5134//10384
f 5129//10385 5181//10385 5130//10385
f 5130//10386 5181//10386 5182//10386
f 5135//10387 5188//10387 5136//10387
f 5187//10388 5188//10388 5135//10388
f 5128//10389 5180//10389 5129//10389
f 5129//10390 5180//10390 5181//10390
f 5136//10391 5189//10391 5137//10391
f 5188//10392 5189//10392 5136//10392
f 5127//10393 5179//10393 5128//10393
f 5128//10394 5179//10394 5180//10394
f 5137//10395 5190//10395 5138//10395
f 5189//10396 5190//10396 5137//10396
f 5126//10397 5178//10397 5127//10397
f 5127//10398 5178//10398 5179//10398
f 5191//10399 5139//10399 5190//10399
f 5190//10400 5139//10400 5138//10400
f 5178//10401 5125//10401 5177//10401
f 5126//10402 5125//10402 5178//10402
f 5192//10403 5140//10403 5191//10403
f 5191//10404 5140//10404 5139//10404
f 5125//10405 5124//10405 5177//10405
f 5177//10406 5124//10406 5176//10406
f 5192//10407 5141//10407 5140//10407
f 5193//10408 5141//10408 5192//10408
f 5124//10409 5123//10409 5176//10409
f 5176//10410 5123//10410 5175//10410
f 5193//10411 5116//10411 5141//10411
f 5168//10412 5116//10412 5193//10412
f 5175//10413 5122//10413 5174//10413
f 5123//10414 5122//10414 5175//10414
f 5169//10415 5117//10415 5168//10415
f 5168//10416 5117//10416 5116//10416
f 5174//10417 5121//10417 5173//10417
f 5122//10418 5121//10418 5174//10418
f 5169//10419 5118//10419 5117//10419
f 5170//10420 5118//10420 5169//10420
f 5171//10421 5118//10421 5170//10421
f 5121//10422 5120//10422 5173//10422
f 5173//10423 5120//10423 5172//10423
f 5172//10424 5119//10424 5171//10424
f 5171//10425 5119//10425 5118//10425
f 5120//10426 5119//10426 5172//10426
