# Created by FreeCAD <https://www.freecad.org>
v 166.000000 -4.500000 -11.839746
v 166.000000 0.000000 -14.437822
v 166.000000 -4.000000 -12.000000
v 166.000000 -4.000000 -8.000000
v 166.000000 -4.500000 -8.000000
v 166.000000 0.000000 -1.000000
v 166.000000 -4.000000 -1.000000
v 158.000000 -4.000000 -8.000000
v 158.003494 -4.167055 -8.000000
v 158.000000 -4.000000 -1.000000
v 158.004974 -4.199384 -1.000000
v 158.013947 -4.333819 -8.000000
v 158.019882 -4.398272 -1.000000
v 158.031372 -4.500000 -8.000000
v 158.044678 -4.596169 -1.000000
v 158.031372 -4.500000 -11.600000
v 158.046616 -4.608847 -11.491153
v 158.064835 -4.717234 -11.382766
v 158.079315 -4.792584 -1.000000
v 158.105469 -4.912465 -11.187534
v 158.123688 -4.987030 -1.000000
v 158.155777 -5.105429 -10.994572
v 158.177704 -5.179021 -1.000000
v 158.215652 -5.295645 -10.804356
v 158.241226 -5.368081 -1.000000
v 158.284927 -5.482640 -10.617360
v 158.314102 -5.553739 -1.000000
v 158.363434 -5.665951 -10.434049
v 158.396118 -5.735535 -1.000000
v 158.450989 -5.845121 -10.254879
v 158.487106 -5.913016 -1.000000
v 158.547348 -6.019706 -10.080295
v 158.586838 -6.085741 -1.000000
v 158.640228 -6.170691 -9.929309
v 158.695038 -6.253280 -1.000000
v 158.714218 -6.281148 -9.818852
v 158.791840 -6.389085 -9.710915
v 158.811462 -6.415218 -1.000000
v 158.873016 -6.494383 -9.605618
v 158.935822 -6.571150 -1.000000
v 158.957642 -6.596925 -9.503075
v 159.045624 -6.696598 -9.403402
v 159.067795 -6.720691 -1.000000
v 159.136871 -6.793292 -9.306708
v 159.207047 -6.863467 -1.000000
v 159.231277 -6.886900 -9.213099
v 159.328751 -6.977319 -9.122681
v 159.353256 -6.999125 -1.000000
v 159.429169 -7.064449 -9.035551
v 159.506042 -7.127326 -1.000000
v 159.532440 -7.148193 -8.951807
v 159.638428 -7.228459 -8.871541
v 159.665024 -7.247752 -1.000000
v 159.747025 -7.305159 -8.794842
v 159.829819 -7.360104 -1.000000
v 159.858109 -7.378207 -8.721793
v 159.971558 -7.447523 -8.652477
v 160.000000 -7.464102 -1.000000
v 160.087250 -7.513030 -8.586969
v 160.175156 -7.559487 -1.000000
v 160.205048 -7.574656 -8.525343
v 160.324844 -7.632334 -8.467666
v 160.354858 -7.646023 -1.000000
v 160.446487 -7.685998 -8.414001
v 160.538635 -7.723495 -1.000000
v 160.569839 -7.735591 -8.364409
v 160.694778 -7.781056 -8.318944
v 160.726059 -7.791709 -1.000000
v 160.821152 -7.822344 -8.277656
v 160.916641 -7.850497 -1.000000
v 160.948837 -7.859410 -8.240590
v 161.077667 -7.892212 -8.207788
v 161.109909 -7.899712 -1.000000
v 161.207535 -7.920714 -8.179286
v 161.305405 -7.939231 -1.000000
v 161.338272 -7.944884 -8.155116
v 161.469742 -7.964697 -8.135303
v 161.502625 -7.968957 -1.000000
v 161.601791 -7.980129 -8.119871
v 161.701080 -7.988815 -1.000000
v 161.734283 -7.991164 -8.108835
v 161.867065 -7.997790 -8.102209
v 161.900284 -7.998757 -1.000000
v 162.000000 -8.000000 -8.100000
v 162.099716 -7.998757 -1.000000
v 162.096512 -7.998836 -8.101164
v 162.192947 -7.995344 -8.104656
v 162.298920 -7.988815 -1.000000
v 162.328522 -7.986487 -8.113513
v 162.463699 -7.973032 -8.126968
v 162.497375 -7.968957 -1.000000
v 162.598343 -7.954994 -8.145006
v 162.694595 -7.939231 -1.000000
v 162.732315 -7.932394 -8.167606
v 162.890091 -7.899712 -1.000000
v 162.865417 -7.905258 -8.194742
v 162.997543 -7.873617 -8.226382
v 163.083359 -7.850497 -1.000000
v 163.128510 -7.837509 -8.262491
v 163.273941 -7.791709 -1.000000
v 163.258179 -7.796973 -8.303027
v 163.386383 -7.752058 -8.347942
v 163.461365 -7.723495 -1.000000
v 163.513000 -7.702815 -8.397185
v 163.645142 -7.646023 -1.000000
v 163.637863 -7.649301 -8.450700
v 163.774384 -7.584906 -8.515094
v 163.824844 -7.559487 -1.000000
v 163.923111 -7.507373 -8.592627
v 164.000000 -7.464102 -1.000000
v 164.068436 -7.423675 -8.676325
v 164.170181 -7.360104 -1.000000
v 164.210144 -7.333957 -8.766043
v 164.334976 -7.247752 -1.000000
v 164.347961 -7.238379 -8.861621
v 164.493958 -7.127326 -1.000000
v 164.481644 -7.137107 -8.962893
v 164.610962 -7.030320 -9.069680
v 164.646744 -6.999125 -1.000000
v 164.749268 -6.905428 -9.194571
v 164.792953 -6.863467 -1.000000
v 164.895920 -6.759276 -9.340724
v 164.932205 -6.720691 -1.000000
v 165.034821 -6.605731 -9.494268
v 165.064178 -6.571150 -1.000000
v 165.165588 -6.445205 -9.654795
v 165.188538 -6.415218 -1.000000
v 165.287872 -6.278127 -9.821873
v 165.304962 -6.253280 -1.000000
v 165.401352 -6.104946 -9.995054
v 165.413162 -6.085741 -1.000000
v 165.505722 -5.926125 -10.173876
v 165.512894 -5.913016 -1.000000
v 165.603882 -5.735535 -1.000000
v 165.610641 -5.721403 -10.378597
v 165.685898 -5.553739 -1.000000
v 165.713211 -5.487287 -10.612714
v 165.758774 -5.368081 -1.000000
v 165.800629 -5.247097 -10.852902
v 165.822296 -5.179021 -1.000000
v 165.872513 -5.001816 -11.098184
v 165.876312 -4.987030 -1.000000
v 165.920685 -4.792584 -1.000000
v 165.928589 -4.752444 -11.347556
v 165.968628 -4.500000 -8.000000
v 165.955322 -4.596169 -1.000000
v 165.980118 -4.398272 -1.000000
v 165.968628 -4.500000 -11.600000
v 165.986053 -4.333819 -8.000000
v 165.995026 -4.199384 -1.000000
v 165.996506 -4.167055 -8.000000
v 4.900422 -5.020259 -1.000000
v 3.207053 -6.863467 -1.000000
v 4.952645 -5.073800 -1.000000
v 2.935822 -6.571150 -1.000000
v 3.067792 -6.720691 -1.000000
v 5.007471 -5.124672 -1.000000
v 3.353257 -6.999125 -1.000000
v 4.850934 -4.964181 -1.000000
v 5.064765 -5.172747 -1.000000
v 3.506041 -7.127326 -1.000000
v 4.804301 -4.905706 -1.000000
v 2.811470 -6.415218 -1.000000
v 5.124384 -5.217907 -1.000000
v 3.665025 -7.247752 -1.000000
v 4.760642 -4.844980 -1.000000
v 2.695045 -6.253280 -1.000000
v 5.186181 -5.260039 -1.000000
v 3.829815 -7.360104 -1.000000
v 4.720064 -4.782153 -1.000000
v 2.487114 -5.913016 -1.000000
v 2.586837 -6.085741 -1.000000
v 5.250000 -5.299038 -1.000000
v 4.000000 -7.464102 -1.000000
v 4.682668 -4.717381 -1.000000
v 5.315684 -5.334808 -1.000000
v 4.175158 -7.559487 -1.000000
v 4.354852 -7.646023 -1.000000
v 4.648547 -4.650826 -1.000000
v 2.314095 -5.553739 -1.000000
v 2.396125 -5.735535 -1.000000
v 5.383070 -5.367259 -1.000000
v 4.617785 -4.582652 -1.000000
v 5.451989 -5.396311 -1.000000
v 4.538636 -7.723495 -1.000000
v 4.590461 -4.513030 -1.000000
v 2.177709 -5.179021 -1.000000
v 2.241230 -5.368081 -1.000000
v 5.522270 -5.421891 -1.000000
v 4.726053 -7.791709 -1.000000
v 4.566641 -4.442133 -1.000000
v 2.123691 -4.987030 -1.000000
v 5.593740 -5.443936 -1.000000
v 4.916638 -7.850497 -1.000000
v 4.546384 -4.370136 -1.000000
v 5.666219 -5.462392 -1.000000
v 5.109916 -7.899712 -1.000000
v 5.305408 -7.939231 -1.000000
v 4.529741 -4.297219 -1.000000
v 2.044677 -4.596169 -1.000000
v 2.079310 -4.792584 -1.000000
v 5.739528 -5.477211 -1.000000
v 4.516754 -4.223563 -1.000000
v 5.813485 -5.488359 -1.000000
v 5.502625 -7.968957 -1.000000
v 5.701080 -7.988815 -1.000000
v 4.507454 -4.149352 -1.000000
v 2.004972 -4.199384 -1.000000
v 2.019877 -4.398272 -1.000000
v 5.887905 -5.495806 -1.000000
v 4.501864 -4.074769 -1.000000
v 5.962604 -5.499534 -1.000000
v 5.900277 -7.998757 -1.000000
v 6.099723 -7.998757 -1.000000
v 4.500000 -4.000000 -1.000000
v 2.000000 -4.000000 -1.000000
v 6.037396 -5.499534 -1.000000
v 4.501864 -3.925231 -1.000000
v 6.112095 -5.495806 -1.000000
v 6.298920 -7.988815 -1.000000
v 6.497375 -7.968957 -1.000000
v 4.507454 -3.850648 -1.000000
v 6.186515 -5.488359 -1.000000
v 4.516754 -3.776437 -1.000000
v 6.260472 -5.477211 -1.000000
v 6.694592 -7.939231 -1.000000
v 4.529741 -3.702781 -1.000000
v 6.333781 -5.462392 -1.000000
v 6.890084 -7.899712 -1.000000
v 7.083362 -7.850497 -1.000000
v 4.546384 -3.629864 -1.000000
v 6.406260 -5.443936 -1.000000
v 4.566641 -3.557867 -1.000000
v 6.477730 -5.421891 -1.000000
v 7.273947 -7.791709 -1.000000
v 4.590461 -3.486970 -1.000000
v 6.548011 -5.396311 -1.000000
v 7.461364 -7.723495 -1.000000
v 7.645148 -7.646023 -1.000000
v 4.617785 -3.417348 -1.000000
v 6.616930 -5.367259 -1.000000
v 4.648547 -3.349174 -1.000000
v 6.684316 -5.334808 -1.000000
v 7.824842 -7.559487 -1.000000
v 4.682668 -3.282619 -1.000000
v 6.750000 -5.299038 -1.000000
v 8.000000 -7.464102 -1.000000
v 8.170185 -7.360104 -1.000000
v 4.720064 -3.217847 -1.000000
v 6.813819 -5.260039 -1.000000
v 6.875616 -5.217907 -1.000000
v 8.334974 -7.247752 -1.000000
v 6.935235 -5.172747 -1.000000
v 8.493959 -7.127326 -1.000000
v 6.992529 -5.124672 -1.000000
v 8.646744 -6.999125 -1.000000
v 7.047355 -5.073800 -1.000000
v 8.792947 -6.863467 -1.000000
v 2.000000 0.000000 -1.000000
v 4.850934 -3.035819 -1.000000
v 4.900422 -2.979741 -1.000000
v 4.804301 -3.094293 -1.000000
v 4.760642 -3.155020 -1.000000
v -1.000000 2.000000 -1.000000
v -1.000000 0.000000 -1.000000
v 4.952645 -2.926200 -1.000000
v 5.007471 -2.875328 -1.000000
v 8.932207 -6.720691 -1.000000
v 7.099578 -5.020259 -1.000000
v 5.064765 -2.827253 -1.000000
v 5.124384 -2.782093 -1.000000
v 5.186181 -2.739961 -1.000000
v 9.064178 -6.571150 -1.000000
v 7.149066 -4.964181 -1.000000
v 7.195699 -4.905706 -1.000000
v 5.250000 -2.700962 -1.000000
v 5.315684 -2.665192 -1.000000
v 5.383070 -2.632741 -1.000000
v 9.188530 -6.415218 -1.000000
v 5.451989 -2.603689 -1.000000
v 5.522270 -2.578109 -1.000000
v 5.593740 -2.556064 -1.000000
v 9.304955 -6.253280 -1.000000
v 7.239358 -4.844980 -1.000000
v 5.666219 -2.537608 -1.000000
v 5.739528 -2.522788 -1.000000
v 5.813485 -2.511641 -1.000000
v 9.413163 -6.085741 -1.000000
v 7.279936 -4.782153 -1.000000
v 7.317332 -4.717381 -1.000000
v 5.887905 -2.504194 -1.000000
v 5.962604 -2.500466 -1.000000
v 6.037396 -2.500466 -1.000000
v 9.512886 -5.913016 -1.000000
v 9.603875 -5.735535 -1.000000
v 7.351453 -4.650826 -1.000000
v 9.685905 -5.553739 -1.000000
v 7.382215 -4.582652 -1.000000
v 7.409539 -4.513030 -1.000000
v 9.758771 -5.368081 -1.000000
v 9.822291 -5.179021 -1.000000
v 7.433359 -4.442133 -1.000000
v 9.876309 -4.987030 -1.000000
v 7.453616 -4.370136 -1.000000
v 9.920690 -4.792584 -1.000000
v 7.470259 -4.297219 -1.000000
v 9.955323 -4.596169 -1.000000
v 7.483246 -4.223563 -1.000000
v 7.492546 -4.149352 -1.000000
v 9.980124 -4.398272 -1.000000
v 7.498136 -4.074769 -1.000000
v 9.995028 -4.199384 -1.000000
v 10.000000 -4.000000 -1.000000
v 7.498136 -3.925231 -1.000000
v 7.500000 -4.000000 -1.000000
v 7.492546 -3.850648 -1.000000
v 7.483246 -3.776437 -1.000000
v 7.470259 -3.702781 -1.000000
v 7.453616 -3.629864 -1.000000
v 7.433359 -3.557867 -1.000000
v 7.409539 -3.486970 -1.000000
v 7.382215 -3.417348 -1.000000
v 7.351453 -3.349174 -1.000000
v 7.317332 -3.282619 -1.000000
v 7.279936 -3.217847 -1.000000
v 10.000000 0.000000 -1.000000
v 6.112095 -2.504194 -1.000000
v 7.239358 -3.155020 -1.000000
v 7.195699 -3.094293 -1.000000
v 7.149066 -3.035819 -1.000000
v 7.099578 -2.979741 -1.000000
v 7.047355 -2.926200 -1.000000
v 6.992529 -2.875328 -1.000000
v 6.935235 -2.827253 -1.000000
v 6.875616 -2.782093 -1.000000
v 6.813819 -2.739961 -1.000000
v 6.750000 -2.700962 -1.000000
v 6.684316 -2.665192 -1.000000
v 6.616930 -2.632741 -1.000000
v 6.548011 -2.603689 -1.000000
v 6.477730 -2.578109 -1.000000
v 6.406260 -2.556064 -1.000000
v 6.333781 -2.537608 -1.000000
v 6.260472 -2.522788 -1.000000
v 6.186515 -2.511641 -1.000000
v 2.000000 69.000000 -1.000000
v -1.000000 69.000000 -1.000000
v -1.000000 67.000000 -1.000000
v 4.900422 71.979744 -1.000000
v 4.952645 71.926201 -1.000000
v 5.007471 71.875328 -1.000000
v 4.850934 72.035820 -1.000000
v 5.064765 71.827255 -1.000000
v 4.804301 72.094292 -1.000000
v 5.124384 71.782089 -1.000000
v 4.760642 72.155022 -1.000000
v 5.186181 71.739960 -1.000000
v 4.720064 72.217850 -1.000000
v 2.000000 73.000000 -1.000000
v 5.250000 71.700958 -1.000000
v 4.682668 72.282616 -1.000000
v 5.315684 71.665192 -1.000000
v 4.648547 72.349174 -1.000000
v 5.383070 71.632744 -1.000000
v 4.617785 72.417351 -1.000000
v 5.451989 71.603691 -1.000000
v 4.590461 72.486969 -1.000000
v 5.522270 71.578110 -1.000000
v 4.566641 72.557869 -1.000000
v 5.593740 71.556061 -1.000000
v 4.546384 72.629868 -1.000000
v 5.666219 71.537605 -1.000000
v 4.529741 72.702782 -1.000000
v 5.739528 71.522789 -1.000000
v 4.516754 72.776436 -1.000000
v 5.813485 71.511642 -1.000000
v 4.507454 72.850647 -1.000000
v 5.887905 71.504196 -1.000000
v 4.501864 72.925232 -1.000000
v 5.962604 71.500465 -1.000000
v 4.500000 73.000000 -1.000000
v 4.501864 73.074768 -1.000000
v 2.004972 73.199387 -1.000000
v 4.507454 73.149353 -1.000000
v 2.019877 73.398270 -1.000000
v 4.516754 73.223564 -1.000000
v 2.044677 73.596169 -1.000000
v 4.529741 73.297218 -1.000000
v 2.079310 73.792587 -1.000000
v 4.546384 73.370132 -1.000000
v 2.177709 74.179024 -1.000000
v 2.123691 73.987030 -1.000000
v 4.566641 73.442131 -1.000000
v 4.590461 73.513031 -1.000000
v 2.241230 74.368080 -1.000000
v 4.617785 73.582649 -1.000000
v 2.314095 74.553741 -1.000000
v 4.648547 73.650826 -1.000000
v 2.396125 74.735535 -1.000000
v 4.682668 73.717384 -1.000000
v 2.586837 75.085739 -1.000000
v 2.487114 74.913017 -1.000000
v 4.720064 73.782150 -1.000000
v 2.695045 75.253281 -1.000000
v 4.760642 73.844978 -1.000000
v 2.811470 75.415215 -1.000000
v 4.804301 73.905708 -1.000000
v 4.850934 73.964180 -1.000000
v 2.935822 75.571152 -1.000000
v 4.900422 74.020256 -1.000000
v 3.067792 75.720688 -1.000000
v 10.000000 69.000000 -1.000000
v 6.037396 71.500465 -1.000000
v 6.112095 71.504196 -1.000000
v 6.186515 71.511642 -1.000000
v 6.260472 71.522789 -1.000000
v 6.333781 71.537605 -1.000000
v 6.406260 71.556061 -1.000000
v 6.477730 71.578110 -1.000000
v 6.548011 71.603691 -1.000000
v 6.616930 71.632744 -1.000000
v 6.684316 71.665192 -1.000000
v 6.750000 71.700958 -1.000000
v 6.813819 71.739960 -1.000000
v 6.875616 71.782089 -1.000000
v 6.935235 71.827255 -1.000000
v 6.992529 71.875328 -1.000000
v 7.047355 71.926201 -1.000000
v 4.952645 74.073799 -1.000000
v 3.207053 75.863464 -1.000000
v 7.099578 71.979744 -1.000000
v 5.007471 74.124672 -1.000000
v 7.149066 72.035820 -1.000000
v 7.195699 72.094292 -1.000000
v 3.353257 75.999123 -1.000000
v 7.239358 72.155022 -1.000000
v 7.279936 72.217850 -1.000000
v 3.506041 76.127327 -1.000000
v 5.064765 74.172745 -1.000000
v 3.665025 76.247749 -1.000000
v 5.124384 74.217911 -1.000000
v 3.829815 76.360107 -1.000000
v 5.186181 74.260040 -1.000000
v 4.000000 76.464104 -1.000000
v 5.250000 74.299042 -1.000000
v 5.315684 74.334808 -1.000000
v 4.175158 76.559486 -1.000000
v 4.354852 76.646027 -1.000000
v 5.383070 74.367256 -1.000000
v 4.538636 76.723495 -1.000000
v 5.451989 74.396309 -1.000000
v 4.726053 76.791710 -1.000000
v 5.522270 74.421890 -1.000000
v 5.593740 74.443939 -1.000000
v 4.916638 76.850494 -1.000000
v 5.109916 76.899712 -1.000000
v 5.666219 74.462395 -1.000000
v 5.305408 76.939232 -1.000000
v 5.739528 74.477211 -1.000000
v 5.502625 76.968956 -1.000000
v 5.813485 74.488358 -1.000000
v 5.701080 76.988815 -1.000000
v 5.887905 74.495804 -1.000000
v 5.962604 74.499535 -1.000000
v 5.900277 76.998756 -1.000000
v 10.000000 73.000000 -1.000000
v 7.317332 72.282616 -1.000000
v 7.351453 72.349174 -1.000000
v 7.382215 72.417351 -1.000000
v 7.409539 72.486969 -1.000000
v 7.433359 72.557869 -1.000000
v 7.453616 72.629868 -1.000000
v 7.470259 72.702782 -1.000000
v 7.483246 72.776436 -1.000000
v 7.492546 72.850647 -1.000000
v 7.498136 72.925232 -1.000000
v 7.500000 73.000000 -1.000000
v 6.099723 76.998756 -1.000000
v 6.037396 74.499535 -1.000000
v 9.995028 73.199387 -1.000000
v 7.498136 73.074768 -1.000000
v 7.492546 73.149353 -1.000000
v 6.298920 76.988815 -1.000000
v 6.112095 74.495804 -1.000000
v 6.186515 74.488358 -1.000000
v 9.980124 73.398270 -1.000000
v 7.483246 73.223564 -1.000000
v 6.497375 76.968956 -1.000000
v 6.260472 74.477211 -1.000000
v 9.955323 73.596169 -1.000000
v 7.470259 73.297218 -1.000000
v 6.694592 76.939232 -1.000000
v 9.920690 73.792587 -1.000000
v 7.453616 73.370132 -1.000000
v 6.890084 76.899712 -1.000000
v 6.333781 74.462395 -1.000000
v 9.876309 73.987030 -1.000000
v 7.083362 76.850494 -1.000000
v 6.406260 74.443939 -1.000000
v 6.477730 74.421890 -1.000000
v 9.822291 74.179024 -1.000000
v 7.433359 73.442131 -1.000000
v 7.409539 73.513031 -1.000000
v 7.273947 76.791710 -1.000000
v 9.758771 74.368080 -1.000000
v 7.461364 76.723495 -1.000000
v 6.548011 74.396309 -1.000000
v 6.616930 74.367256 -1.000000
v 9.685905 74.553741 -1.000000
v 7.382215 73.582649 -1.000000
v 7.351453 73.650826 -1.000000
v 7.645148 76.646027 -1.000000
v 9.603875 74.735535 -1.000000
v 7.824842 76.559486 -1.000000
v 6.684316 74.334808 -1.000000
v 9.512886 74.913017 -1.000000
v 7.317332 73.717384 -1.000000
v 8.000000 76.464104 -1.000000
v 6.750000 74.299042 -1.000000
v 6.813819 74.260040 -1.000000
v 9.413163 75.085739 -1.000000
v 7.279936 73.782150 -1.000000
v 7.239358 73.844978 -1.000000
v 8.170185 76.360107 -1.000000
v 9.304955 75.253281 -1.000000
v 8.334974 76.247749 -1.000000
v 6.875616 74.217911 -1.000000
v 6.935235 74.172745 -1.000000
v 9.188530 75.415215 -1.000000
v 7.195699 73.905708 -1.000000
v 8.493959 76.127327 -1.000000
v 6.992529 74.124672 -1.000000
v 9.064178 75.571152 -1.000000
v 7.149066 73.964180 -1.000000
v 8.646744 75.999123 -1.000000
v 8.932207 75.720688 -1.000000
v 7.099578 74.020256 -1.000000
v 8.792947 75.863464 -1.000000
v 7.047355 74.073799 -1.000000
v 160.900421 -5.020259 -1.000000
v 160.952652 -5.073800 -1.000000
v 161.007477 -5.124672 -1.000000
v 160.850937 -4.964181 -1.000000
v 161.064758 -5.172747 -1.000000
v 160.804306 -4.905706 -1.000000
v 161.124390 -5.217907 -1.000000
v 160.760635 -4.844980 -1.000000
v 161.186188 -5.260039 -1.000000
v 160.720062 -4.782153 -1.000000
v 161.250000 -5.299038 -1.000000
v 160.682663 -4.717381 -1.000000
v 161.315689 -5.334808 -1.000000
v 160.648544 -4.650826 -1.000000
v 161.383072 -5.367259 -1.000000
v 160.617783 -4.582652 -1.000000
v 161.451996 -5.396311 -1.000000
v 160.590454 -4.513030 -1.000000
v 161.522263 -5.421891 -1.000000
v 160.566635 -4.442133 -1.000000
v 161.593735 -5.443936 -1.000000
v 160.546387 -4.370136 -1.000000
v 161.666214 -5.462392 -1.000000
v 160.529739 -4.297219 -1.000000
v 161.739532 -5.477211 -1.000000
v 160.516754 -4.223563 -1.000000
v 161.813492 -5.488359 -1.000000
v 160.507446 -4.149352 -1.000000
v 161.887909 -5.495806 -1.000000
v 160.501862 -4.074769 -1.000000
v 161.962601 -5.499534 -1.000000
v 160.500000 -4.000000 -1.000000
v 162.037399 -5.499534 -1.000000
v 160.501862 -3.925231 -1.000000
v 162.112091 -5.495806 -1.000000
v 160.507446 -3.850648 -1.000000
v 162.186508 -5.488359 -1.000000
v 160.516754 -3.776437 -1.000000
v 162.260468 -5.477211 -1.000000
v 160.529739 -3.702781 -1.000000
v 162.333786 -5.462392 -1.000000
v 160.546387 -3.629864 -1.000000
v 162.406265 -5.443936 -1.000000
v 160.566635 -3.557867 -1.000000
v 162.477737 -5.421891 -1.000000
v 160.590454 -3.486970 -1.000000
v 162.548004 -5.396311 -1.000000
v 160.617783 -3.417348 -1.000000
v 162.616928 -5.367259 -1.000000
v 160.648544 -3.349174 -1.000000
v 162.684311 -5.334808 -1.000000
v 160.682663 -3.282619 -1.000000
v 162.750000 -5.299038 -1.000000
v 160.720062 -3.217847 -1.000000
v 162.813812 -5.260039 -1.000000
v 162.875610 -5.217907 -1.000000
v 162.935242 -5.172747 -1.000000
v 162.992523 -5.124672 -1.000000
v 163.047348 -5.073800 -1.000000
v 158.000000 0.000000 -1.000000
v 160.850937 -3.035819 -1.000000
v 160.900421 -2.979741 -1.000000
v 160.804306 -3.094293 -1.000000
v 160.760635 -3.155020 -1.000000
v 160.952652 -2.926200 -1.000000
v 163.099579 -5.020259 -1.000000
v 161.007477 -2.875328 -1.000000
v 163.149063 -4.964181 -1.000000
v 161.064758 -2.827253 -1.000000
v 161.124390 -2.782093 -1.000000
v 161.186188 -2.739961 -1.000000
v 161.250000 -2.700962 -1.000000
v 161.315689 -2.665192 -1.000000
v 161.383072 -2.632741 -1.000000
v 163.195694 -4.905706 -1.000000
v 161.451996 -2.603689 -1.000000
v 161.522263 -2.578109 -1.000000
v 161.593735 -2.556064 -1.000000
v 163.239365 -4.844980 -1.000000
v 161.666214 -2.537608 -1.000000
v 161.739532 -2.522788 -1.000000
v 161.813492 -2.511641 -1.000000
v 163.279938 -4.782153 -1.000000
v 163.317337 -4.717381 -1.000000
v 161.887909 -2.504194 -1.000000
v 161.962601 -2.500466 -1.000000
v 162.037399 -2.500466 -1.000000
v 163.351456 -4.650826 -1.000000
v 163.382217 -4.582652 -1.000000
v 163.409546 -4.513030 -1.000000
v 163.433365 -4.442133 -1.000000
v 163.453613 -4.370136 -1.000000
v 163.470261 -4.297219 -1.000000
v 163.483246 -4.223563 -1.000000
v 163.492554 -4.149352 -1.000000
v 163.498138 -4.074769 -1.000000
v 163.433365 -3.557867 -1.000000
v 163.453613 -3.629864 -1.000000
v 163.409546 -3.486970 -1.000000
v 163.382217 -3.417348 -1.000000
v 163.351456 -3.349174 -1.000000
v 163.317337 -3.282619 -1.000000
v 163.279938 -3.217847 -1.000000
v 163.500000 -4.000000 -1.000000
v 163.498138 -3.925231 -1.000000
v 163.492554 -3.850648 -1.000000
v 163.483246 -3.776437 -1.000000
v 163.470261 -3.702781 -1.000000
v 163.239365 -3.155020 -1.000000
v 163.195694 -3.094293 -1.000000
v 163.149063 -3.035819 -1.000000
v 163.099579 -2.979741 -1.000000
v 163.047348 -2.926200 -1.000000
v 162.992523 -2.875328 -1.000000
v 162.935242 -2.827253 -1.000000
v 162.875610 -2.782093 -1.000000
v 162.813812 -2.739961 -1.000000
v 162.750000 -2.700962 -1.000000
v 162.684311 -2.665192 -1.000000
v 162.616928 -2.632741 -1.000000
v 162.548004 -2.603689 -1.000000
v 162.477737 -2.578109 -1.000000
v 162.406265 -2.556064 -1.000000
v 162.333786 -2.537608 -1.000000
v 162.260468 -2.522788 -1.000000
v 162.186508 -2.511641 -1.000000
v 162.112091 -2.504194 -1.000000
v 167.000000 2.000000 -1.000000
v 169.000000 0.000000 -1.000000
v 160.900421 71.979744 -1.000000
v 158.000000 69.000000 -1.000000
v 160.952652 71.926201 -1.000000
v 161.007477 71.875328 -1.000000
v 160.850937 72.035820 -1.000000
v 161.064758 71.827255 -1.000000
v 160.804306 72.094292 -1.000000
v 161.124390 71.782089 -1.000000
v 160.760635 72.155022 -1.000000
v 161.186188 71.739960 -1.000000
v 160.720062 72.217850 -1.000000
v 158.000000 73.000000 -1.000000
v 161.250000 71.700958 -1.000000
v 160.682663 72.282616 -1.000000
v 161.315689 71.665192 -1.000000
v 160.648544 72.349174 -1.000000
v 161.383072 71.632744 -1.000000
v 160.617783 72.417351 -1.000000
v 161.451996 71.603691 -1.000000
v 160.590454 72.486969 -1.000000
v 161.522263 71.578110 -1.000000
v 160.566635 72.557869 -1.000000
v 161.593735 71.556061 -1.000000
v 160.546387 72.629868 -1.000000
v 161.666214 71.537605 -1.000000
v 160.529739 72.702782 -1.000000
v 161.739532 71.522789 -1.000000
v 160.516754 72.776436 -1.000000
v 161.813492 71.511642 -1.000000
v 160.507446 72.850647 -1.000000
v 161.887909 71.504196 -1.000000
v 160.501862 72.925232 -1.000000
v 161.962601 71.500465 -1.000000
v 160.500000 73.000000 -1.000000
v 160.501862 73.074768 -1.000000
v 158.004974 73.199387 -1.000000
v 160.507446 73.149353 -1.000000
v 158.019882 73.398270 -1.000000
v 160.516754 73.223564 -1.000000
v 158.079315 73.792587 -1.000000
v 158.044678 73.596169 -1.000000
v 160.529739 73.297218 -1.000000
v 160.546387 73.370132 -1.000000
v 158.177704 74.179024 -1.000000
v 158.123688 73.987030 -1.000000
v 160.566635 73.442131 -1.000000
v 160.590454 73.513031 -1.000000
v 158.314102 74.553741 -1.000000
v 158.241226 74.368080 -1.000000
v 160.617783 73.582649 -1.000000
v 160.648544 73.650826 -1.000000
v 158.396118 74.735535 -1.000000
v 160.682663 73.717384 -1.000000
v 158.487106 74.913017 -1.000000
v 160.720062 73.782150 -1.000000
v 158.586838 75.085739 -1.000000
v 160.760635 73.844978 -1.000000
v 158.811462 75.415215 -1.000000
v 158.695038 75.253281 -1.000000
v 160.804306 73.905708 -1.000000
v 158.935822 75.571152 -1.000000
v 160.850937 73.964180 -1.000000
v 160.900421 74.020256 -1.000000
v 159.067795 75.720688 -1.000000
v 166.000000 69.000000 -1.000000
v 167.000000 67.000000 -1.000000
v 162.037399 71.500465 -1.000000
v 162.112091 71.504196 -1.000000
v 162.186508 71.511642 -1.000000
v 162.260468 71.522789 -1.000000
v 162.333786 71.537605 -1.000000
v 162.406265 71.556061 -1.000000
v 162.477737 71.578110 -1.000000
v 162.548004 71.603691 -1.000000
v 162.616928 71.632744 -1.000000
v 162.684311 71.665192 -1.000000
v 162.750000 71.700958 -1.000000
v 162.813812 71.739960 -1.000000
v 162.875610 71.782089 -1.000000
v 162.935242 71.827255 -1.000000
v 162.992523 71.875328 -1.000000
v 163.047348 71.926201 -1.000000
v 159.207047 75.863464 -1.000000
v 160.952652 74.073799 -1.000000
v 163.099579 71.979744 -1.000000
v 161.007477 74.124672 -1.000000
v 163.149063 72.035820 -1.000000
v 163.195694 72.094292 -1.000000
v 159.353256 75.999123 -1.000000
v 163.239365 72.155022 -1.000000
v 163.279938 72.217850 -1.000000
v 159.506042 76.127327 -1.000000
v 161.064758 74.172745 -1.000000
v 161.124390 74.217911 -1.000000
v 159.665024 76.247749 -1.000000
v 159.829819 76.360107 -1.000000
v 161.186188 74.260040 -1.000000
v 160.000000 76.464104 -1.000000
v 161.250000 74.299042 -1.000000
v 160.175156 76.559486 -1.000000
v 161.315689 74.334808 -1.000000
v 160.354858 76.646027 -1.000000
v 161.383072 74.367256 -1.000000
v 160.538635 76.723495 -1.000000
v 161.451996 74.396309 -1.000000
v 160.726059 76.791710 -1.000000
v 161.522263 74.421890 -1.000000
v 161.593735 74.443939 -1.000000
v 160.916641 76.850494 -1.000000
v 169.000000 69.000000 -1.000000
v 161.109909 76.899712 -1.000000
v 161.666214 74.462395 -1.000000
v 161.305405 76.939232 -1.000000
v 161.739532 74.477211 -1.000000
v 161.502625 76.968956 -1.000000
v 161.813492 74.488358 -1.000000
v 161.701080 76.988815 -1.000000
v 161.887909 74.495804 -1.000000
v 161.900284 76.998756 -1.000000
v 161.962601 74.499535 -1.000000
v 166.000000 73.000000 -1.000000
v 163.433365 72.557869 -1.000000
v 163.409546 72.486969 -1.000000
v 163.453613 72.629868 -1.000000
v 163.470261 72.702782 -1.000000
v 163.483246 72.776436 -1.000000
v 163.492554 72.850647 -1.000000
v 163.498138 72.925232 -1.000000
v 163.500000 73.000000 -1.000000
v 163.498138 73.074768 -1.000000
v 163.317337 72.282616 -1.000000
v 163.351456 72.349174 -1.000000
v 163.382217 72.417351 -1.000000
v 162.099716 76.998756 -1.000000
v 162.037399 74.499535 -1.000000
v 165.995026 73.199387 -1.000000
v 162.298920 76.988815 -1.000000
v 162.112091 74.495804 -1.000000
v 165.980118 73.398270 -1.000000
v 163.492554 73.149353 -1.000000
v 163.483246 73.223564 -1.000000
v 162.497375 76.968956 -1.000000
v 162.186508 74.488358 -1.000000
v 165.955322 73.596169 -1.000000
v 162.694595 76.939232 -1.000000
v 162.260468 74.477211 -1.000000
v 162.333786 74.462395 -1.000000
v 165.920685 73.792587 -1.000000
v 163.470261 73.297218 -1.000000
v 162.890091 76.899712 -1.000000
v 165.876312 73.987030 -1.000000
v 163.453613 73.370132 -1.000000
v 163.433365 73.442131 -1.000000
v 163.083359 76.850494 -1.000000
v 162.406265 74.443939 -1.000000
v 165.822296 74.179024 -1.000000
v 163.273941 76.791710 -1.000000
v 162.477737 74.421890 -1.000000
v 165.758774 74.368080 -1.000000
v 163.409546 73.513031 -1.000000
v 163.382217 73.582649 -1.000000
v 163.461365 76.723495 -1.000000
v 162.548004 74.396309 -1.000000
v 165.685898 74.553741 -1.000000
v 163.645142 76.646027 -1.000000
v 162.616928 74.367256 -1.000000
v 165.603882 74.735535 -1.000000
v 163.351456 73.650826 -1.000000
v 163.824844 76.559486 -1.000000
v 162.684311 74.334808 -1.000000
v 165.512894 74.913017 -1.000000
v 163.317337 73.717384 -1.000000
v 164.000000 76.464104 -1.000000
v 162.750000 74.299042 -1.000000
v 162.813812 74.260040 -1.000000
v 165.413162 75.085739 -1.000000
v 163.279938 73.782150 -1.000000
v 164.170181 76.360107 -1.000000
v 162.875610 74.217911 -1.000000
v 165.304962 75.253281 -1.000000
v 163.239365 73.844978 -1.000000
v 164.334976 76.247749 -1.000000
v 162.935242 74.172745 -1.000000
v 165.188538 75.415215 -1.000000
v 163.195694 73.905708 -1.000000
v 164.493958 76.127327 -1.000000
v 165.064178 75.571152 -1.000000
v 163.149063 73.964180 -1.000000
v 163.099579 74.020256 -1.000000
v 164.646744 75.999123 -1.000000
v 162.992523 74.124672 -1.000000
v 164.932205 75.720688 -1.000000
v 163.047348 74.073799 -1.000000
v 164.792953 75.863464 -1.000000
v 2.000000 0.000000 -14.437822
v -1.000000 0.000000 -34.000000
v 10.000000 0.000000 -14.437822
v 55.000000 0.000000 -34.000000
v 106.000000 0.000000 -25.000000
v 133.000000 0.000000 -7.000000
v 106.000000 0.000000 -40.000000
v 55.000000 0.000000 -40.000000
v 133.000000 0.000000 -13.000000
v 153.000000 0.000000 -7.000000
v 158.000000 0.000000 -14.437822
v 153.000000 0.000000 -13.000000
v 169.000000 0.000000 -18.000000
v 162.000000 0.000000 -25.000000
v 158.000000 -4.500000 -11.839746
v 158.000000 -4.500000 -8.000000
v 158.000000 -4.000000 -12.000000
v 169.000000 67.000000 -18.000000
v 169.000000 69.000000 -18.000000
v 169.000000 2.000000 -18.000000
v 10.000000 69.000000 -14.437822
v -1.000000 69.000000 -34.000000
v 2.000000 69.000000 -14.437822
v 55.000000 69.000000 -34.000000
v 106.000000 69.000000 -40.000000
v 55.000000 69.000000 -40.000000
v 106.000000 69.000000 -25.000000
v 158.000000 69.000000 -14.437822
v 162.000000 69.000000 -25.000000
v 166.000000 69.000000 -14.437822
v 166.000000 73.000000 -8.000000
v 166.000000 73.500000 -11.839746
v 166.000000 73.500000 -8.000000
v 166.000000 73.000000 -12.000000
v 165.996506 73.167053 -8.000000
v 165.986053 73.333817 -8.000000
v 165.968628 73.500000 -8.000000
v 165.968628 73.500000 -11.600000
v 165.953384 73.608849 -11.491153
v 165.935165 73.717232 -11.382766
v 165.894531 73.912468 -11.187534
v 165.844223 74.105431 -10.994572
v 165.784348 74.295647 -10.804356
v 165.715073 74.482643 -10.617360
v 165.636566 74.665955 -10.434049
v 165.549011 74.845123 -10.254879
v 165.452652 75.019707 -10.080295
v 165.359772 75.170692 -9.929309
v 165.285782 75.281151 -9.818852
v 165.208160 75.389084 -9.710915
v 165.126984 75.494385 -9.605618
v 165.042358 75.596924 -9.503075
v 164.954376 75.696594 -9.403402
v 164.863129 75.793289 -9.306708
v 164.768723 75.886902 -9.213099
v 164.671249 75.977318 -9.122681
v 164.570831 76.064445 -9.035551
v 164.467560 76.148193 -8.951807
v 164.361572 76.228462 -8.871541
v 164.252975 76.305161 -8.794842
v 164.141891 76.378204 -8.721793
v 164.028442 76.447525 -8.652477
v 163.912750 76.513031 -8.586969
v 163.794952 76.574654 -8.525343
v 163.675156 76.632332 -8.467666
v 163.553513 76.685997 -8.414001
v 163.430161 76.735588 -8.364409
v 163.305222 76.781059 -8.318944
v 163.178848 76.822342 -8.277656
v 163.051163 76.859413 -8.240590
v 162.922333 76.892212 -8.207788
v 162.792465 76.920715 -8.179286
v 162.661728 76.944885 -8.155116
v 162.530258 76.964699 -8.135303
v 162.398209 76.980125 -8.119871
v 162.265717 76.991165 -8.108835
v 162.132935 76.997787 -8.102209
v 162.000000 77.000000 -8.100000
v 161.903488 76.998833 -8.101164
v 161.807053 76.995346 -8.104656
v 161.671478 76.986488 -8.113513
v 161.536301 76.973030 -8.126968
v 161.401657 76.954994 -8.145006
v 161.267685 76.932396 -8.167606
v 161.134583 76.905258 -8.194742
v 161.002457 76.873619 -8.226382
v 160.871490 76.837509 -8.262491
v 160.741821 76.796974 -8.303027
v 160.613617 76.752060 -8.347942
v 160.487000 76.702812 -8.397185
v 160.362137 76.649300 -8.450700
v 160.225616 76.584908 -8.515094
v 160.076889 76.507370 -8.592627
v 159.931564 76.423676 -8.676325
v 159.789856 76.333954 -8.766043
v 159.652039 76.238380 -8.861621
v 159.518356 76.137108 -8.962893
v 159.389038 76.030319 -9.069680
v 159.250732 75.905426 -9.194571
v 159.104080 75.759277 -9.340724
v 158.965179 75.605728 -9.494268
v 158.834412 75.445206 -9.654795
v 158.712128 75.278130 -9.821873
v 158.598648 75.104942 -9.995054
v 158.494278 74.926125 -10.173876
v 158.389359 74.721405 -10.378597
v 158.286789 74.487289 -10.612714
v 158.199371 74.247101 -10.852902
v 158.127487 74.001816 -11.098184
v 158.071411 73.752441 -11.347556
v 158.031372 73.500000 -8.000000
v 158.031372 73.500000 -11.600000
v 158.013947 73.333817 -8.000000
v 158.003494 73.167053 -8.000000
v 158.000000 73.000000 -8.000000
v 158.000000 73.500000 -11.839746
v 158.000000 73.500000 -8.000000
v 158.000000 73.000000 -12.000000
v 10.000000 73.000000 -8.000000
v 10.000000 73.500000 -11.839746
v 10.000000 73.500000 -8.000000
v 10.000000 73.000000 -12.000000
v 9.996511 73.167053 -8.000000
v 9.986046 73.333817 -8.000000
v 9.968627 73.500000 -8.000000
v 9.968627 73.500000 -11.600000
v 9.953392 73.608849 -11.491153
v 9.935171 73.717232 -11.382766
v 9.894535 73.912468 -11.187534
v 9.844220 74.105431 -10.994572
v 9.784350 74.295647 -10.804356
v 9.715075 74.482643 -10.617360
v 9.636565 74.665955 -10.434049
v 9.549018 74.845123 -10.254879
v 9.452649 75.019707 -10.080295
v 9.359777 75.170692 -9.929309
v 9.285782 75.281151 -9.818852
v 9.208158 75.389084 -9.710915
v 9.126988 75.494385 -9.605618
v 9.042364 75.596924 -9.503075
v 8.954380 75.696594 -9.403402
v 8.863132 75.793289 -9.306708
v 8.768720 75.886902 -9.213099
v 8.671249 75.977318 -9.122681
v 8.570827 76.064445 -9.035551
v 8.467566 76.148193 -8.951807
v 8.361578 76.228462 -8.871541
v 8.252982 76.305161 -8.794842
v 8.141896 76.378204 -8.721793
v 8.028444 76.447525 -8.652477
v 7.912752 76.513031 -8.586969
v 7.794946 76.574654 -8.525343
v 7.675157 76.632332 -8.467666
v 7.553517 76.685997 -8.414001
v 7.430161 76.735588 -8.364409
v 7.305226 76.781059 -8.318944
v 7.178848 76.822342 -8.277656
v 7.051168 76.859413 -8.240590
v 6.922327 76.892212 -8.207788
v 6.792467 76.920715 -8.179286
v 6.661731 76.944885 -8.155116
v 6.530264 76.964699 -8.135303
v 6.398211 76.980125 -8.119871
v 6.265719 76.991165 -8.108835
v 6.132933 76.997787 -8.102209
v 6.000000 77.000000 -8.100000
v 5.903496 76.998833 -8.101164
v 5.807047 76.995346 -8.104656
v 5.671484 76.986488 -8.113513
v 5.536299 76.973030 -8.126968
v 5.401649 76.954994 -8.145006
v 5.267690 76.932396 -8.167606
v 5.134575 76.905258 -8.194742
v 5.002459 76.873619 -8.226382
v 4.871493 76.837509 -8.262491
v 4.741829 76.796974 -8.303027
v 4.613616 76.752060 -8.347942
v 4.487002 76.702812 -8.397185
v 4.362134 76.649300 -8.450700
v 4.225613 76.584908 -8.515094
v 4.076895 76.507370 -8.592627
v 3.931559 76.423676 -8.676325
v 3.789858 76.333954 -8.766043
v 3.652043 76.238380 -8.861621
v 3.518355 76.137108 -8.962893
v 3.389031 76.030319 -9.069680
v 3.250730 75.905426 -9.194571
v 3.104073 75.759277 -9.340724
v 2.965175 75.605728 -9.494268
v 2.834408 75.445206 -9.654795
v 2.712123 75.278130 -9.821873
v 2.598647 75.104942 -9.995054
v 2.494284 74.926125 -10.173876
v 2.389353 74.721405 -10.378597
v 2.286783 74.487289 -10.612714
v 2.199375 74.247101 -10.852902
v 2.127486 74.001816 -11.098184
v 2.071409 73.752441 -11.347556
v 2.031373 73.500000 -8.000000
v 2.031373 73.500000 -11.600000
v 2.013954 73.333817 -8.000000
v 2.003490 73.167053 -8.000000
v 2.000000 73.000000 -8.000000
v 2.000000 73.500000 -11.839746
v 2.000000 73.500000 -8.000000
v 2.000000 73.000000 -12.000000
v -1.000000 67.000000 -30.000000
v -1.000000 67.000000 -31.500000
v -1.000000 67.000000 -32.000000
v -1.000000 65.000000 -31.500000
v -1.000000 65.000000 -30.000000
v -1.000000 66.000000 -33.000000
v -1.000000 65.000000 -34.000000
v -1.000000 65.000000 -33.000000
v 55.000000 67.000000 -29.000000
v 55.000000 67.000000 -30.000000
v 57.000000 67.000000 -29.000000
v 109.047600 67.000000 -23.000000
v 106.000000 67.000000 -25.000000
v 109.047600 67.000000 -25.000000
v 106.000000 67.000000 -37.000000
v 57.000000 67.000000 -37.000000
v 162.000000 67.000000 -23.000000
v 167.000000 67.000000 -18.000000
v 167.000000 2.000000 -18.000000
v 55.000000 2.000000 -29.000000
v 55.000000 2.000000 -30.000000
v -1.000000 2.000000 -30.000000
v 62.000000 2.000000 -15.000000
v 57.000000 2.000000 -29.000000
v 62.000000 2.000000 -12.000000
v 66.000000 2.000000 -15.000000
v 57.000000 2.000000 -37.000000
v 62.000000 2.000000 -7.000000
v 62.000000 2.000000 -6.000000
v 66.000000 2.000000 -7.000000
v 66.000000 2.000000 -12.000000
v 106.000000 2.000000 -37.000000
v 106.000000 2.000000 -25.000000
v 106.000000 2.000000 -23.000000
v 66.000000 2.000000 -6.000000
v 133.000000 2.000000 -7.000000
v 133.000000 2.000000 -13.000000
v 153.000000 2.000000 -13.000000
v 162.000000 2.000000 -23.000000
v 153.000000 2.000000 -7.000000
v -1.000000 2.000000 -31.500000
v -1.000000 4.000000 -30.000000
v -1.000000 4.000000 -31.500000
v -1.000000 3.000000 -33.000000
v -1.000000 4.000000 -33.000000
v -1.000000 4.000000 -34.000000
v -1.000000 2.000000 -32.000000
v 2.000000 -4.000000 -8.000000
v 2.000000 -4.000000 -12.000000
v 2.000000 -4.500000 -11.839746
v 2.000000 -4.500000 -8.000000
v 2.003490 -4.167055 -8.000000
v 2.013954 -4.333819 -8.000000
v 2.031373 -4.500000 -8.000000
v 2.031373 -4.500000 -11.600000
v 2.046608 -4.608847 -11.491153
v 2.064828 -4.717234 -11.382766
v 2.105464 -4.912465 -11.187534
v 2.155780 -5.105429 -10.994572
v 2.215650 -5.295645 -10.804356
v 2.284926 -5.482640 -10.617360
v 2.363435 -5.665951 -10.434049
v 2.450982 -5.845121 -10.254879
v 2.547350 -6.019706 -10.080295
v 2.640223 -6.170691 -9.929309
v 2.714218 -6.281148 -9.818852
v 2.791843 -6.389085 -9.710915
v 2.873012 -6.494383 -9.605618
v 2.957636 -6.596925 -9.503075
v 3.045620 -6.696598 -9.403402
v 3.136869 -6.793292 -9.306708
v 3.231281 -6.886900 -9.213099
v 3.328751 -6.977319 -9.122681
v 3.429173 -7.064449 -9.035551
v 3.532434 -7.148193 -8.951807
v 3.638422 -7.228459 -8.871541
v 3.747018 -7.305159 -8.794842
v 3.858104 -7.378207 -8.721793
v 3.971556 -7.447523 -8.652477
v 4.087248 -7.513030 -8.586969
v 4.205054 -7.574656 -8.525343
v 4.324843 -7.632334 -8.467666
v 4.446483 -7.685998 -8.414001
v 4.569839 -7.735591 -8.364409
v 4.694774 -7.781056 -8.318944
v 4.821152 -7.822344 -8.277656
v 4.948832 -7.859410 -8.240590
v 5.077673 -7.892212 -8.207788
v 5.207533 -7.920714 -8.179286
v 5.338269 -7.944884 -8.155116
v 5.469736 -7.964697 -8.135303
v 5.601789 -7.980129 -8.119871
v 5.734281 -7.991164 -8.108835
v 5.867067 -7.997790 -8.102209
v 6.000000 -8.000000 -8.100000
v 6.096504 -7.998836 -8.101164
v 6.192953 -7.995344 -8.104656
v 6.328516 -7.986487 -8.113513
v 6.463701 -7.973032 -8.126968
v 6.598351 -7.954994 -8.145006
v 6.732310 -7.932394 -8.167606
v 6.865425 -7.905258 -8.194742
v 6.997541 -7.873617 -8.226382
v 7.128507 -7.837509 -8.262491
v 7.258171 -7.796973 -8.303027
v 7.386384 -7.752058 -8.347942
v 7.512998 -7.702815 -8.397185
v 7.637866 -7.649301 -8.450700
v 7.774387 -7.584906 -8.515094
v 7.923105 -7.507373 -8.592627
v 8.068441 -7.423675 -8.676325
v 8.210142 -7.333957 -8.766043
v 8.347958 -7.238379 -8.861621
v 8.481645 -7.137107 -8.962893
v 8.610970 -7.030320 -9.069680
v 8.749270 -6.905428 -9.194571
v 8.895927 -6.759276 -9.340724
v 9.034825 -6.605731 -9.494268
v 9.165592 -6.445205 -9.654795
v 9.287877 -6.278127 -9.821873
v 9.401353 -6.104946 -9.995054
v 9.505716 -5.926125 -10.173876
v 9.610647 -5.721403 -10.378597
v 9.713217 -5.487287 -10.612714
v 9.800625 -5.247097 -10.852902
v 9.872514 -5.001816 -11.098184
v 9.928591 -4.752444 -11.347556
v 9.968627 -4.500000 -8.000000
v 9.968627 -4.500000 -11.600000
v 9.986046 -4.333819 -8.000000
v 9.996511 -4.167055 -8.000000
v 10.000000 -4.000000 -8.000000
v 10.000000 -4.500000 -11.839746
v 10.000000 -4.000000 -12.000000
v 10.000000 -4.500000 -8.000000
v 7.498136 -3.925231 -7.000000
v 7.500000 -4.000000 -7.000000
v 7.492546 -3.850648 -7.000000
v 7.483246 -3.776437 -7.000000
v 7.470259 -3.702781 -7.000000
v 7.453616 -3.629864 -7.000000
v 7.433359 -3.557867 -7.000000
v 7.409539 -3.486970 -7.000000
v 7.382215 -3.417348 -7.000000
v 7.351453 -3.349174 -7.000000
v 7.317332 -3.282619 -7.000000
v 7.279936 -3.217847 -7.000000
v 7.239358 -3.155020 -7.000000
v 7.195699 -3.094293 -7.000000
v 7.149066 -3.035819 -7.000000
v 7.099578 -2.979741 -7.000000
v 7.047355 -2.926200 -7.000000
v 6.992529 -2.875328 -7.000000
v 6.935235 -2.827253 -7.000000
v 6.875616 -2.782093 -7.000000
v 6.813819 -2.739961 -7.000000
v 6.750000 -2.700962 -7.000000
v 6.684316 -2.665192 -7.000000
v 6.616930 -2.632741 -7.000000
v 6.548011 -2.603689 -7.000000
v 6.477730 -2.578109 -7.000000
v 6.406260 -2.556064 -7.000000
v 6.333781 -2.537608 -7.000000
v 6.260472 -2.522788 -7.000000
v 6.186515 -2.511641 -7.000000
v 6.112095 -2.504194 -7.000000
v 6.037396 -2.500466 -7.000000
v 5.962604 -2.500466 -7.000000
v 5.887905 -2.504194 -7.000000
v 5.813485 -2.511641 -7.000000
v 5.739528 -2.522788 -7.000000
v 5.666219 -2.537608 -7.000000
v 5.593740 -2.556064 -7.000000
v 5.522270 -2.578109 -7.000000
v 5.451989 -2.603689 -7.000000
v 5.383070 -2.632741 -7.000000
v 5.315684 -2.665192 -7.000000
v 5.250000 -2.700962 -7.000000
v 5.186181 -2.739961 -7.000000
v 5.124384 -2.782093 -7.000000
v 5.064765 -2.827253 -7.000000
v 5.007471 -2.875328 -7.000000
v 4.952645 -2.926200 -7.000000
v 4.900422 -2.979741 -7.000000
v 4.850934 -3.035819 -7.000000
v 4.804301 -3.094293 -7.000000
v 4.760642 -3.155020 -7.000000
v 4.720064 -3.217847 -7.000000
v 4.682668 -3.282619 -7.000000
v 4.648547 -3.349174 -7.000000
v 4.617785 -3.417348 -7.000000
v 4.590461 -3.486970 -7.000000
v 4.566641 -3.557867 -7.000000
v 4.546384 -3.629864 -7.000000
v 4.529741 -3.702781 -7.000000
v 4.516754 -3.776437 -7.000000
v 4.507454 -3.850648 -7.000000
v 4.501864 -3.925231 -7.000000
v 4.500000 -4.000000 -7.000000
v 4.501864 -4.074769 -7.000000
v 4.507454 -4.149352 -7.000000
v 4.516754 -4.223563 -7.000000
v 4.529741 -4.297219 -7.000000
v 4.546384 -4.370136 -7.000000
v 4.566641 -4.442133 -7.000000
v 4.590461 -4.513030 -7.000000
v 4.617785 -4.582652 -7.000000
v 4.648547 -4.650826 -7.000000
v 4.682668 -4.717381 -7.000000
v 4.720064 -4.782153 -7.000000
v 4.760642 -4.844980 -7.000000
v 4.804301 -4.905706 -7.000000
v 4.850934 -4.964181 -7.000000
v 4.900422 -5.020259 -7.000000
v 4.952645 -5.073800 -7.000000
v 5.007471 -5.124672 -7.000000
v 5.064765 -5.172747 -7.000000
v 5.124384 -5.217907 -7.000000
v 5.186181 -5.260039 -7.000000
v 5.250000 -5.299038 -7.000000
v 5.315684 -5.334808 -7.000000
v 5.383070 -5.367259 -7.000000
v 5.451989 -5.396311 -7.000000
v 5.522270 -5.421891 -7.000000
v 5.593740 -5.443936 -7.000000
v 5.666219 -5.462392 -7.000000
v 5.739528 -5.477211 -7.000000
v 5.813485 -5.488359 -7.000000
v 5.887905 -5.495806 -7.000000
v 5.962604 -5.499534 -7.000000
v 6.037396 -5.499534 -7.000000
v 6.112095 -5.495806 -7.000000
v 6.186515 -5.488359 -7.000000
v 6.260472 -5.477211 -7.000000
v 6.333781 -5.462392 -7.000000
v 6.406260 -5.443936 -7.000000
v 6.477730 -5.421891 -7.000000
v 6.548011 -5.396311 -7.000000
v 6.616930 -5.367259 -7.000000
v 6.684316 -5.334808 -7.000000
v 6.750000 -5.299038 -7.000000
v 6.813819 -5.260039 -7.000000
v 6.875616 -5.217907 -7.000000
v 6.935235 -5.172747 -7.000000
v 6.992529 -5.124672 -7.000000
v 7.047355 -5.073800 -7.000000
v 7.099578 -5.020259 -7.000000
v 7.149066 -4.964181 -7.000000
v 7.195699 -4.905706 -7.000000
v 7.239358 -4.844980 -7.000000
v 7.279936 -4.782153 -7.000000
v 7.317332 -4.717381 -7.000000
v 7.351453 -4.650826 -7.000000
v 7.382215 -4.582652 -7.000000
v 7.409539 -4.513030 -7.000000
v 7.433359 -4.442133 -7.000000
v 7.453616 -4.370136 -7.000000
v 7.470259 -4.297219 -7.000000
v 7.483246 -4.223563 -7.000000
v 7.492546 -4.149352 -7.000000
v 7.498136 -4.074769 -7.000000
v 163.498138 -3.925231 -7.000000
v 163.500000 -4.000000 -7.000000
v 163.492554 -3.850648 -7.000000
v 163.483246 -3.776437 -7.000000
v 163.470261 -3.702781 -7.000000
v 163.453613 -3.629864 -7.000000
v 163.433365 -3.557867 -7.000000
v 163.409546 -3.486970 -7.000000
v 163.382217 -3.417348 -7.000000
v 163.351456 -3.349174 -7.000000
v 163.317337 -3.282619 -7.000000
v 163.279938 -3.217847 -7.000000
v 163.239365 -3.155020 -7.000000
v 163.195694 -3.094293 -7.000000
v 163.149063 -3.035819 -7.000000
v 163.099579 -2.979741 -7.000000
v 163.047348 -2.926200 -7.000000
v 162.992523 -2.875328 -7.000000
v 162.935242 -2.827253 -7.000000
v 162.875610 -2.782093 -7.000000
v 162.813812 -2.739961 -7.000000
v 162.750000 -2.700962 -7.000000
v 162.684311 -2.665192 -7.000000
v 162.616928 -2.632741 -7.000000
v 162.548004 -2.603689 -7.000000
v 162.477737 -2.578109 -7.000000
v 162.406265 -2.556064 -7.000000
v 162.333786 -2.537608 -7.000000
v 162.260468 -2.522788 -7.000000
v 162.186508 -2.511641 -7.000000
v 162.112091 -2.504194 -7.000000
v 162.037399 -2.500466 -7.000000
v 161.962601 -2.500466 -7.000000
v 161.887909 -2.504194 -7.000000
v 161.813492 -2.511641 -7.000000
v 161.739532 -2.522788 -7.000000
v 161.666214 -2.537608 -7.000000
v 161.593735 -2.556064 -7.000000
v 161.522263 -2.578109 -7.000000
v 161.451996 -2.603689 -7.000000
v 161.383072 -2.632741 -7.000000
v 161.315689 -2.665192 -7.000000
v 161.250000 -2.700962 -7.000000
v 161.186188 -2.739961 -7.000000
v 161.124390 -2.782093 -7.000000
v 161.064758 -2.827253 -7.000000
v 161.007477 -2.875328 -7.000000
v 160.952652 -2.926200 -7.000000
v 160.900421 -2.979741 -7.000000
v 160.850937 -3.035819 -7.000000
v 160.804306 -3.094293 -7.000000
v 160.760635 -3.155020 -7.000000
v 160.720062 -3.217847 -7.000000
v 160.682663 -3.282619 -7.000000
v 160.648544 -3.349174 -7.000000
v 160.617783 -3.417348 -7.000000
v 160.590454 -3.486970 -7.000000
v 160.566635 -3.557867 -7.000000
v 160.546387 -3.629864 -7.000000
v 160.529739 -3.702781 -7.000000
v 160.516754 -3.776437 -7.000000
v 160.507446 -3.850648 -7.000000
v 160.501862 -3.925231 -7.000000
v 160.500000 -4.000000 -7.000000
v 160.501862 -4.074769 -7.000000
v 160.507446 -4.149352 -7.000000
v 160.516754 -4.223563 -7.000000
v 160.529739 -4.297219 -7.000000
v 160.546387 -4.370136 -7.000000
v 160.566635 -4.442133 -7.000000
v 160.590454 -4.513030 -7.000000
v 160.617783 -4.582652 -7.000000
v 160.648544 -4.650826 -7.000000
v 160.682663 -4.717381 -7.000000
v 160.720062 -4.782153 -7.000000
v 160.760635 -4.844980 -7.000000
v 160.804306 -4.905706 -7.000000
v 160.850937 -4.964181 -7.000000
v 160.900421 -5.020259 -7.000000
v 160.952652 -5.073800 -7.000000
v 161.007477 -5.124672 -7.000000
v 161.064758 -5.172747 -7.000000
v 161.124390 -5.217907 -7.000000
v 161.186188 -5.260039 -7.000000
v 161.250000 -5.299038 -7.000000
v 161.315689 -5.334808 -7.000000
v 161.383072 -5.367259 -7.000000
v 161.451996 -5.396311 -7.000000
v 161.522263 -5.421891 -7.000000
v 161.593735 -5.443936 -7.000000
v 161.666214 -5.462392 -7.000000
v 161.739532 -5.477211 -7.000000
v 161.813492 -5.488359 -7.000000
v 161.887909 -5.495806 -7.000000
v 161.962601 -5.499534 -7.000000
v 162.037399 -5.499534 -7.000000
v 162.112091 -5.495806 -7.000000
v 162.186508 -5.488359 -7.000000
v 162.260468 -5.477211 -7.000000
v 162.333786 -5.462392 -7.000000
v 162.406265 -5.443936 -7.000000
v 162.477737 -5.421891 -7.000000
v 162.548004 -5.396311 -7.000000
v 162.616928 -5.367259 -7.000000
v 162.684311 -5.334808 -7.000000
v 162.750000 -5.299038 -7.000000
v 162.813812 -5.260039 -7.000000
v 162.875610 -5.217907 -7.000000
v 162.935242 -5.172747 -7.000000
v 162.992523 -5.124672 -7.000000
v 163.047348 -5.073800 -7.000000
v 163.099579 -5.020259 -7.000000
v 163.149063 -4.964181 -7.000000
v 163.195694 -4.905706 -7.000000
v 163.239365 -4.844980 -7.000000
v 163.279938 -4.782153 -7.000000
v 163.317337 -4.717381 -7.000000
v 163.351456 -4.650826 -7.000000
v 163.382217 -4.582652 -7.000000
v 163.409546 -4.513030 -7.000000
v 163.433365 -4.442133 -7.000000
v 163.453613 -4.370136 -7.000000
v 163.470261 -4.297219 -7.000000
v 163.483246 -4.223563 -7.000000
v 163.492554 -4.149352 -7.000000
v 163.498138 -4.074769 -7.000000
v 7.498136 73.074768 -7.000000
v 7.500000 73.000000 -7.000000
v 7.492546 73.149353 -7.000000
v 7.483246 73.223564 -7.000000
v 7.470259 73.297218 -7.000000
v 7.453616 73.370132 -7.000000
v 7.433359 73.442131 -7.000000
v 7.409539 73.513031 -7.000000
v 7.382215 73.582649 -7.000000
v 7.351453 73.650826 -7.000000
v 7.317332 73.717384 -7.000000
v 7.279936 73.782150 -7.000000
v 7.239358 73.844978 -7.000000
v 7.195699 73.905708 -7.000000
v 7.149066 73.964180 -7.000000
v 7.099578 74.020256 -7.000000
v 7.047355 74.073799 -7.000000
v 6.992529 74.124672 -7.000000
v 6.935235 74.172745 -7.000000
v 6.875616 74.217911 -7.000000
v 6.813819 74.260040 -7.000000
v 6.750000 74.299042 -7.000000
v 6.684316 74.334808 -7.000000
v 6.616930 74.367256 -7.000000
v 6.548011 74.396309 -7.000000
v 6.477730 74.421890 -7.000000
v 6.406260 74.443939 -7.000000
v 6.333781 74.462395 -7.000000
v 6.260472 74.477211 -7.000000
v 6.186515 74.488358 -7.000000
v 6.112095 74.495804 -7.000000
v 6.037396 74.499535 -7.000000
v 5.962604 74.499535 -7.000000
v 5.887905 74.495804 -7.000000
v 5.813485 74.488358 -7.000000
v 5.739528 74.477211 -7.000000
v 5.666219 74.462395 -7.000000
v 5.593740 74.443939 -7.000000
v 5.522270 74.421890 -7.000000
v 5.451989 74.396309 -7.000000
v 5.383070 74.367256 -7.000000
v 5.315684 74.334808 -7.000000
v 5.250000 74.299042 -7.000000
v 5.186181 74.260040 -7.000000
v 5.124384 74.217911 -7.000000
v 5.064765 74.172745 -7.000000
v 5.007471 74.124672 -7.000000
v 4.952645 74.073799 -7.000000
v 4.900422 74.020256 -7.000000
v 4.850934 73.964180 -7.000000
v 4.804301 73.905708 -7.000000
v 4.760642 73.844978 -7.000000
v 4.720064 73.782150 -7.000000
v 4.682668 73.717384 -7.000000
v 4.648547 73.650826 -7.000000
v 4.617785 73.582649 -7.000000
v 4.590461 73.513031 -7.000000
v 4.566641 73.442131 -7.000000
v 4.546384 73.370132 -7.000000
v 4.529741 73.297218 -7.000000
v 4.516754 73.223564 -7.000000
v 4.507454 73.149353 -7.000000
v 4.501864 73.074768 -7.000000
v 4.500000 73.000000 -7.000000
v 4.501864 72.925232 -7.000000
v 4.507454 72.850647 -7.000000
v 4.516754 72.776436 -7.000000
v 4.529741 72.702782 -7.000000
v 4.546384 72.629868 -7.000000
v 4.566641 72.557869 -7.000000
v 4.590461 72.486969 -7.000000
v 4.617785 72.417351 -7.000000
v 4.648547 72.349174 -7.000000
v 4.682668 72.282616 -7.000000
v 4.720064 72.217850 -7.000000
v 4.760642 72.155022 -7.000000
v 4.804301 72.094292 -7.000000
v 4.850934 72.035820 -7.000000
v 4.900422 71.979744 -7.000000
v 4.952645 71.926201 -7.000000
v 5.007471 71.875328 -7.000000
v 5.064765 71.827255 -7.000000
v 5.124384 71.782089 -7.000000
v 5.186181 71.739960 -7.000000
v 5.250000 71.700958 -7.000000
v 5.315684 71.665192 -7.000000
v 5.383070 71.632744 -7.000000
v 5.451989 71.603691 -7.000000
v 5.522270 71.578110 -7.000000
v 5.593740 71.556061 -7.000000
v 5.666219 71.537605 -7.000000
v 5.739528 71.522789 -7.000000
v 5.813485 71.511642 -7.000000
v 5.887905 71.504196 -7.000000
v 5.962604 71.500465 -7.000000
v 6.037396 71.500465 -7.000000
v 6.112095 71.504196 -7.000000
v 6.186515 71.511642 -7.000000
v 6.260472 71.522789 -7.000000
v 6.333781 71.537605 -7.000000
v 6.406260 71.556061 -7.000000
v 6.477730 71.578110 -7.000000
v 6.548011 71.603691 -7.000000
v 6.616930 71.632744 -7.000000
v 6.684316 71.665192 -7.000000
v 6.750000 71.700958 -7.000000
v 6.813819 71.739960 -7.000000
v 6.875616 71.782089 -7.000000
v 6.935235 71.827255 -7.000000
v 6.992529 71.875328 -7.000000
v 7.047355 71.926201 -7.000000
v 7.099578 71.979744 -7.000000
v 7.149066 72.035820 -7.000000
v 7.195699 72.094292 -7.000000
v 7.239358 72.155022 -7.000000
v 7.279936 72.217850 -7.000000
v 7.317332 72.282616 -7.000000
v 7.351453 72.349174 -7.000000
v 7.382215 72.417351 -7.000000
v 7.409539 72.486969 -7.000000
v 7.433359 72.557869 -7.000000
v 7.453616 72.629868 -7.000000
v 7.470259 72.702782 -7.000000
v 7.483246 72.776436 -7.000000
v 7.492546 72.850647 -7.000000
v 7.498136 72.925232 -7.000000
v 163.498138 73.074768 -7.000000
v 163.500000 73.000000 -7.000000
v 163.492554 73.149353 -7.000000
v 163.483246 73.223564 -7.000000
v 163.470261 73.297218 -7.000000
v 163.453613 73.370132 -7.000000
v 163.433365 73.442131 -7.000000
v 163.409546 73.513031 -7.000000
v 163.382217 73.582649 -7.000000
v 163.351456 73.650826 -7.000000
v 163.317337 73.717384 -7.000000
v 163.279938 73.782150 -7.000000
v 163.239365 73.844978 -7.000000
v 163.195694 73.905708 -7.000000
v 163.149063 73.964180 -7.000000
v 163.099579 74.020256 -7.000000
v 163.047348 74.073799 -7.000000
v 162.992523 74.124672 -7.000000
v 162.935242 74.172745 -7.000000
v 162.875610 74.217911 -7.000000
v 162.813812 74.260040 -7.000000
v 162.750000 74.299042 -7.000000
v 162.684311 74.334808 -7.000000
v 162.616928 74.367256 -7.000000
v 162.548004 74.396309 -7.000000
v 162.477737 74.421890 -7.000000
v 162.406265 74.443939 -7.000000
v 162.333786 74.462395 -7.000000
v 162.260468 74.477211 -7.000000
v 162.186508 74.488358 -7.000000
v 162.112091 74.495804 -7.000000
v 162.037399 74.499535 -7.000000
v 161.962601 74.499535 -7.000000
v 161.887909 74.495804 -7.000000
v 161.813492 74.488358 -7.000000
v 161.739532 74.477211 -7.000000
v 161.666214 74.462395 -7.000000
v 161.593735 74.443939 -7.000000
v 161.522263 74.421890 -7.000000
v 161.451996 74.396309 -7.000000
v 161.383072 74.367256 -7.000000
v 161.315689 74.334808 -7.000000
v 161.250000 74.299042 -7.000000
v 161.186188 74.260040 -7.000000
v 161.124390 74.217911 -7.000000
v 161.064758 74.172745 -7.000000
v 161.007477 74.124672 -7.000000
v 160.952652 74.073799 -7.000000
v 160.900421 74.020256 -7.000000
v 160.850937 73.964180 -7.000000
v 160.804306 73.905708 -7.000000
v 160.760635 73.844978 -7.000000
v 160.720062 73.782150 -7.000000
v 160.682663 73.717384 -7.000000
v 160.648544 73.650826 -7.000000
v 160.617783 73.582649 -7.000000
v 160.590454 73.513031 -7.000000
v 160.566635 73.442131 -7.000000
v 160.546387 73.370132 -7.000000
v 160.529739 73.297218 -7.000000
v 160.516754 73.223564 -7.000000
v 160.507446 73.149353 -7.000000
v 160.501862 73.074768 -7.000000
v 160.500000 73.000000 -7.000000
v 160.501862 72.925232 -7.000000
v 160.507446 72.850647 -7.000000
v 160.516754 72.776436 -7.000000
v 160.529739 72.702782 -7.000000
v 160.546387 72.629868 -7.000000
v 160.566635 72.557869 -7.000000
v 160.590454 72.486969 -7.000000
v 160.617783 72.417351 -7.000000
v 160.648544 72.349174 -7.000000
v 160.682663 72.282616 -7.000000
v 160.720062 72.217850 -7.000000
v 160.760635 72.155022 -7.000000
v 160.804306 72.094292 -7.000000
v 160.850937 72.035820 -7.000000
v 160.900421 71.979744 -7.000000
v 160.952652 71.926201 -7.000000
v 161.007477 71.875328 -7.000000
v 161.064758 71.827255 -7.000000
v 161.124390 71.782089 -7.000000
v 161.186188 71.739960 -7.000000
v 161.250000 71.700958 -7.000000
v 161.315689 71.665192 -7.000000
v 161.383072 71.632744 -7.000000
v 161.451996 71.603691 -7.000000
v 161.522263 71.578110 -7.000000
v 161.593735 71.556061 -7.000000
v 161.666214 71.537605 -7.000000
v 161.739532 71.522789 -7.000000
v 161.813492 71.511642 -7.000000
v 161.887909 71.504196 -7.000000
v 161.962601 71.500465 -7.000000
v 162.037399 71.500465 -7.000000
v 162.112091 71.504196 -7.000000
v 162.186508 71.511642 -7.000000
v 162.260468 71.522789 -7.000000
v 162.333786 71.537605 -7.000000
v 162.406265 71.556061 -7.000000
v 162.477737 71.578110 -7.000000
v 162.548004 71.603691 -7.000000
v 162.616928 71.632744 -7.000000
v 162.684311 71.665192 -7.000000
v 162.750000 71.700958 -7.000000
v 162.813812 71.739960 -7.000000
v 162.875610 71.782089 -7.000000
v 162.935242 71.827255 -7.000000
v 162.992523 71.875328 -7.000000
v 163.047348 71.926201 -7.000000
v 163.099579 71.979744 -7.000000
v 163.149063 72.035820 -7.000000
v 163.195694 72.094292 -7.000000
v 163.239365 72.155022 -7.000000
v 163.279938 72.217850 -7.000000
v 163.317337 72.282616 -7.000000
v 163.351456 72.349174 -7.000000
v 163.382217 72.417351 -7.000000
v 163.409546 72.486969 -7.000000
v 163.433365 72.557869 -7.000000
v 163.453613 72.629868 -7.000000
v 163.470261 72.702782 -7.000000
v 163.483246 72.776436 -7.000000
v 163.492554 72.850647 -7.000000
v 163.498138 72.925232 -7.000000
v 164.000000 67.000000 -23.000000
v 164.000000 44.827568 -23.000000
v 163.938446 44.721371 -23.061550
v 163.880661 44.611038 -23.119345
v 163.826752 44.496826 -23.173246
v 163.776871 44.379021 -23.223124
v 163.731140 44.257893 -23.268856
v 163.689667 44.133743 -23.310335
v 163.652542 44.006866 -23.347460
v 163.619858 43.877567 -23.380142
v 163.591690 43.746159 -23.408304
v 163.568130 43.612957 -23.431875
v 164.000000 35.327568 -23.000000
v 163.938446 41.278629 -23.061550
v 164.000000 41.172432 -23.000000
v 163.938446 35.221371 -23.061550
v 163.880661 41.388962 -23.119345
v 163.880661 35.111038 -23.119345
v 163.826752 34.996826 -23.173246
v 163.826752 41.503174 -23.173246
v 163.776871 34.879021 -23.223124
v 163.776871 41.620979 -23.223124
v 163.731140 34.757893 -23.268856
v 163.731140 41.742107 -23.268856
v 163.689667 41.866257 -23.310335
v 163.689667 34.633743 -23.310335
v 163.652542 34.506866 -23.347460
v 163.652542 41.993134 -23.347460
v 163.619858 34.377567 -23.380142
v 163.619858 42.122433 -23.380142
v 163.591690 42.253841 -23.408304
v 163.591690 34.246159 -23.408304
v 163.568130 34.112957 -23.431875
v 163.568130 42.387043 -23.431875
v 163.549194 33.978279 -23.450802
v 163.549194 42.521721 -23.450802
v 163.534958 33.842453 -23.465034
v 163.534958 42.657547 -23.465034
v 163.525452 33.705803 -23.474545
v 163.525452 42.794197 -23.474545
v 164.000000 25.827566 -23.000000
v 163.938446 31.778629 -23.061550
v 164.000000 31.672434 -23.000000
v 163.938446 25.721371 -23.061550
v 163.880661 25.611036 -23.119345
v 163.880661 31.888964 -23.119345
v 163.826752 25.496828 -23.173246
v 163.826752 32.003174 -23.173246
v 163.776871 25.379019 -23.223124
v 163.776871 32.120979 -23.223124
v 163.731140 32.242107 -23.268856
v 163.731140 25.257895 -23.268856
v 163.689667 32.366257 -23.310335
v 163.689667 25.133743 -23.310335
v 163.652542 25.006866 -23.347460
v 163.652542 32.493134 -23.347460
v 163.619858 32.622433 -23.380142
v 163.619858 24.877569 -23.380142
v 163.591690 24.746161 -23.408304
v 163.591690 32.753841 -23.408304
v 163.568130 24.612957 -23.431875
v 163.568130 32.887043 -23.431875
v 163.549194 24.478279 -23.450802
v 163.549194 33.021721 -23.450802
v 163.534958 24.342453 -23.465034
v 163.534958 33.157547 -23.465034
v 163.525452 24.205801 -23.474545
v 163.525452 33.294197 -23.474545
v 163.938446 22.278629 -23.061550
v 164.000000 22.172434 -23.000000
v 163.880661 22.388964 -23.119345
v 163.826752 22.503172 -23.173246
v 163.776871 22.620981 -23.223124
v 163.731140 22.742105 -23.268856
v 163.689667 22.866257 -23.310335
v 163.652542 22.993134 -23.347460
v 163.619858 23.122431 -23.380142
v 163.591690 23.253839 -23.408304
v 163.568130 23.387043 -23.431875
v 163.549194 23.521721 -23.450802
v 163.534958 23.657547 -23.465034
v 163.525452 23.794199 -23.474545
v 164.000000 2.000000 -23.000000
v 163.520691 43.068657 -23.479303
v 163.525452 43.205803 -23.474545
v 163.534958 43.342453 -23.465034
v 163.549194 43.478279 -23.450802
v 163.520691 42.931343 -23.479303
v 163.520691 33.568657 -23.479303
v 163.520691 33.431343 -23.479303
v 163.520691 24.068655 -23.479303
v 163.520691 23.931345 -23.479303
v 131.542755 11.309103 -25.000000
v 130.372650 10.082308 -25.000000
v 129.143707 8.914475 -25.000000
v 132.651169 12.591899 -25.000000
v 127.858864 7.808425 -25.000000
v 133.695236 13.927597 -25.000000
v 126.521240 6.766829 -25.000000
v 134.672424 15.312972 -25.000000
v 125.134064 5.792202 -25.000000
v 135.580368 16.744680 -25.000000
v 123.700684 4.886896 -25.000000
v 136.416901 18.219261 -25.000000
v 122.224556 4.053099 -25.000000
v 137.179962 19.733158 -25.000000
v 120.709251 3.292824 -25.000000
v 137.867752 21.282711 -25.000000
v 119.158432 2.607906 -25.000000
v 138.478577 22.864183 -25.000000
v 117.575836 2.000000 -25.000000
v 139.010971 24.473751 -25.000000
v 115.973999 1.473203 -25.000000
v 139.463654 26.107531 -25.000000
v 114.348335 1.025303 -25.000000
v 139.835541 27.761576 -25.000000
v 112.702728 0.657372 -25.000000
v 140.125717 29.431892 -25.000000
v 111.041107 0.370288 -25.000000
v 140.333481 31.114447 -25.000000
v 109.367439 0.164736 -25.000000
v 140.458344 32.805176 -25.000000
v 140.500000 34.500000 -25.000000
v 140.458344 36.194824 -25.000000
v 140.333481 37.885551 -25.000000
v 140.125717 39.568108 -25.000000
v 139.835541 41.238426 -25.000000
v 139.463654 42.892471 -25.000000
v 139.010971 44.526249 -25.000000
v 138.478577 46.135818 -25.000000
v 137.867752 47.717289 -25.000000
v 137.179962 49.266842 -25.000000
v 136.416901 50.780739 -25.000000
v 135.580368 52.255322 -25.000000
v 134.672424 53.687027 -25.000000
v 133.695236 55.072403 -25.000000
v 132.651169 56.408100 -25.000000
v 131.542755 57.690895 -25.000000
v 130.372650 58.917694 -25.000000
v 129.143707 60.085526 -25.000000
v 127.858864 61.191574 -25.000000
v 126.521240 62.233170 -25.000000
v 125.134064 63.207798 -25.000000
v 123.700684 64.113106 -25.000000
v 122.224556 64.946899 -25.000000
v 107.685738 68.958794 -25.000000
v 109.367439 68.835266 -25.000000
v 111.041107 68.629715 -25.000000
v 112.702728 68.342628 -25.000000
v 114.348335 67.974693 -25.000000
v 115.973999 67.526794 -25.000000
v 117.575836 67.000000 -25.000000
v 119.158432 66.392097 -25.000000
v 120.709251 65.707176 -25.000000
v 107.685738 0.041209 -25.000000
v 107.719681 0.042886 -40.000000
v 109.435089 0.171438 -40.000000
v 111.141960 0.385336 -40.000000
v 112.836044 0.684049 -40.000000
v 114.513130 1.066834 -40.000000
v 116.169052 1.532738 -40.000000
v 117.799698 2.080605 -40.000000
v 119.401001 2.709071 -40.000000
v 120.968987 3.416574 -40.000000
v 122.499763 4.201356 -40.000000
v 123.989517 5.061465 -40.000000
v 125.434540 5.994762 -40.000000
v 126.831253 6.998929 -40.000000
v 128.176178 8.071466 -40.000000
v 129.465958 9.209710 -40.000000
v 130.697403 10.410830 -40.000000
v 131.867447 11.671839 -40.000000
v 132.973190 12.989602 -40.000000
v 134.011856 14.360844 -40.000000
v 134.980896 15.782154 -40.000000
v 135.877884 17.250000 -40.000000
v 136.700577 18.760733 -40.000000
v 137.446945 20.310595 -40.000000
v 138.115143 21.895735 -40.000000
v 138.703491 23.512211 -40.000000
v 139.210541 25.156004 -40.000000
v 139.635010 26.823029 -40.000000
v 139.975861 28.509138 -40.000000
v 140.232254 30.210142 -40.000000
v 140.403534 31.921812 -40.000000
v 140.489273 33.639893 -40.000000
v 140.489273 35.360107 -40.000000
v 140.403534 37.078190 -40.000000
v 140.232254 38.789856 -40.000000
v 139.975861 40.490864 -40.000000
v 139.635010 42.176971 -40.000000
v 139.210541 43.843998 -40.000000
v 138.703491 45.487789 -40.000000
v 138.115143 47.104267 -40.000000
v 137.446945 48.689404 -40.000000
v 136.700577 50.239269 -40.000000
v 135.877884 51.750000 -40.000000
v 134.980896 53.217846 -40.000000
v 134.011856 54.639156 -40.000000
v 132.973190 56.010399 -40.000000
v 131.867447 57.328163 -40.000000
v 130.697403 58.589169 -40.000000
v 129.465958 59.790291 -40.000000
v 128.176178 60.928532 -40.000000
v 126.831253 62.001072 -40.000000
v 125.434540 63.005238 -40.000000
v 123.989517 63.938534 -40.000000
v 122.499763 64.798645 -40.000000
v 120.968987 65.583427 -40.000000
v 119.401001 66.290932 -40.000000
v 117.799698 66.919395 -40.000000
v 116.169052 67.467262 -40.000000
v 114.513130 67.933167 -40.000000
v 112.836044 68.315948 -40.000000
v 111.141960 68.614662 -40.000000
v 109.435089 68.828560 -40.000000
v 107.719681 68.957115 -40.000000
v 129.176285 11.716018 -40.000000
v 128.017654 10.594506 -40.000000
v 130.277847 12.893617 -40.000000
v 126.804832 9.531844 -40.000000
v 131.319656 14.124404 -40.000000
v 125.540794 8.530646 -40.000000
v 132.299133 15.405352 -40.000000
v 124.228653 7.593378 -40.000000
v 133.213867 16.733303 -40.000000
v 122.871628 6.722346 -40.000000
v 134.061600 18.104994 -40.000000
v 121.473076 5.919695 -40.000000
v 134.840271 19.517042 -40.000000
v 120.036438 5.187401 -40.000000
v 135.547928 20.965977 -40.000000
v 118.565239 4.527267 -40.000000
v 136.182861 22.448227 -40.000000
v 117.063110 3.940917 -40.000000
v 136.743484 23.960146 -40.000000
v 115.533752 3.429796 -40.000000
v 137.228424 25.498011 -40.000000
v 113.980919 2.995160 -40.000000
v 137.636490 27.058035 -40.000000
v 126.506233 16.466614 -40.000000
v 130.173447 13.036012 -40.000000
v 129.075882 11.863429 -40.000000
v 125.280075 15.256589 -40.000000
v 127.921738 10.746503 -40.000000
v 127.358269 17.409380 -40.000000
v 131.211746 14.261385 -40.000000
v 126.409592 16.487183 -40.000000
v 126.458168 16.478092 -40.000000
v 124.343834 14.431985 -40.000000
v 126.713814 9.687960 -40.000000
v 125.260788 15.353496 -40.000000
v 125.269234 15.304804 -40.000000
v 128.163589 18.392351 -40.000000
v 132.188232 15.536558 -40.000000
v 112.408440 2.638081 -40.000000
v 126.262009 16.499928 -40.000000
v 126.360626 16.493862 -40.000000
v 126.311394 16.498114 -40.000000
v 125.250000 15.501238 -40.000000
v 125.254761 15.402545 -40.000000
v 125.251160 15.451833 -40.000000
v 123.369400 13.652885 -40.000000
v 125.455070 8.690385 -40.000000
v 126.163269 16.496231 -40.000000
v 126.212593 16.499300 -40.000000
v 126.017044 16.472488 -40.000000
v 126.114159 16.490730 -40.000000
v 126.065376 16.482809 -40.000000
v 125.969284 16.459791 -40.000000
v 128.920288 19.413212 -40.000000
v 133.100525 16.858416 -40.000000
v 125.294014 15.793400 -40.000000
v 125.269722 15.697624 -40.000000
v 125.280685 15.745812 -40.000000
v 125.309669 15.840271 -40.000000
v 125.261154 15.648953 -40.000000
v 125.327629 15.886312 -40.000000
v 125.255005 15.599919 -40.000000
v 125.251282 15.550640 -40.000000
v 122.358978 12.921058 -40.000000
v 125.830582 16.407791 -40.000000
v 125.922211 16.444752 -40.000000
v 125.875938 16.427404 -40.000000
v 125.370255 15.975451 -40.000000
v 125.347847 15.931408 -40.000000
v 125.701073 16.335871 -40.000000
v 125.786240 16.385962 -40.000000
v 125.743042 16.361969 -40.000000
v 125.421471 16.059950 -40.000000
v 125.394821 16.018333 -40.000000
v 125.660446 16.307730 -40.000000
v 125.621262 16.277618 -40.000000
v 125.450150 16.100199 -40.000000
v 125.513283 16.176203 -40.000000
v 125.480774 16.138981 -40.000000
v 125.547592 16.211775 -40.000000
v 125.583611 16.245607 -40.000000
v 137.966675 28.636379 -40.000000
v 129.626602 20.469563 -40.000000
v 133.946396 18.223730 -40.000000
v 121.314865 12.238160 -40.000000
v 124.148582 7.756215 -40.000000
v 130.280884 21.558920 -40.000000
v 134.723785 19.629166 -40.000000
v 120.239426 11.605742 -40.000000
v 122.797539 6.887731 -40.000000
v 110.820183 2.359437 -40.000000
v 130.881561 22.678717 -40.000000
v 135.430801 21.071293 -40.000000
v 119.135101 11.025238 -40.000000
v 121.405235 6.087054 -40.000000
v 138.218155 30.229160 -40.000000
v 131.427231 23.826323 -40.000000
v 136.065704 22.546587 -40.000000
v 118.004395 10.497964 -40.000000
v 119.975075 5.356140 -40.000000
v 109.220062 2.159914 -40.000000
v 131.916626 24.999039 -40.000000
v 136.626938 24.051445 -40.000000
v 116.849861 10.025114 -40.000000
v 118.510551 4.696774 -40.000000
v 138.390335 31.832453 -40.000000
v 132.348587 26.194103 -40.000000
v 137.113144 25.582193 -40.000000
v 115.674133 9.607762 -40.000000
v 117.015244 4.110565 -40.000000
v 107.612015 2.040003 -40.000000
v 132.722092 27.408707 -40.000000
v 137.523132 27.135094 -40.000000
v 114.479874 9.246854 -40.000000
v 115.492798 3.598946 -40.000000
v 138.482788 33.442314 -40.000000
v 133.036255 28.639990 -40.000000
v 137.855911 28.706352 -40.000000
v 113.269783 8.943208 -40.000000
v 113.946938 3.163166 -40.000000
v 106.000000 2.000000 -40.000000
v 138.495270 35.054779 -40.000000
v 133.290359 29.885059 -40.000000
v 138.110641 30.292133 -40.000000
v 112.046608 8.697513 -40.000000
v 112.381439 2.804290 -40.000000
v 133.483780 31.140985 -40.000000
v 138.286728 31.888561 -40.000000
v 110.813126 8.510324 -40.000000
v 110.800117 2.523193 -40.000000
v 138.427750 36.665874 -40.000000
v 133.616089 32.404812 -40.000000
v 138.383728 33.491741 -40.000000
v 109.572128 8.382070 -40.000000
v 109.206841 2.320563 -40.000000
v 133.686966 33.673569 -40.000000
v 138.401413 35.097752 -40.000000
v 108.326431 8.313037 -40.000000
v 107.605499 2.196893 -40.000000
v 138.280411 38.271641 -40.000000
v 133.570038 33.766750 -40.000000
v 133.646454 33.702671 -40.000000
v 133.607452 33.733757 -40.000000
v 108.233246 8.429960 -40.000000
v 108.297325 8.353546 -40.000000
v 108.266243 8.392552 -40.000000
v 133.534317 33.801567 -40.000000
v 133.500381 33.838123 -40.000000
v 108.161873 8.499613 -40.000000
v 108.198433 8.465677 -40.000000
v 108.083923 8.561810 -40.000000
v 108.123672 8.531684 -40.000000
v 108.042717 8.589916 -40.000000
v 133.360199 34.043640 -40.000000
v 133.410080 33.957283 -40.000000
v 133.384064 33.999840 -40.000000
v 133.438187 33.916077 -40.000000
v 133.468323 33.876324 -40.000000
v 107.911423 8.661445 -40.000000
v 108.000160 8.615933 -40.000000
v 107.956360 8.639795 -40.000000
v 133.319168 34.134537 -40.000000
v 133.338562 34.088577 -40.000000
v 107.865463 8.680825 -40.000000
v 133.302109 34.181404 -40.000000
v 107.818596 8.697891 -40.000000
v 107.770935 8.712598 -40.000000
v 133.275085 34.277401 -40.000000
v 133.287399 34.229065 -40.000000
v 133.265198 34.326290 -40.000000
v 133.257767 34.375614 -40.000000
v 133.252792 34.425243 -40.000000
v 107.574753 8.747202 -40.000000
v 107.722595 8.724911 -40.000000
v 107.673706 8.734797 -40.000000
v 107.624390 8.742233 -40.000000
v 133.250305 34.475060 -40.000000
v 107.524940 8.749689 -40.000000
v 133.250305 34.524940 -40.000000
v 107.475060 8.749689 -40.000000
v 107.326294 8.734797 -40.000000
v 107.425247 8.747202 -40.000000
v 107.375610 8.742233 -40.000000
v 107.277405 8.724911 -40.000000
v 133.287399 34.770935 -40.000000
v 133.265198 34.673710 -40.000000
v 133.275085 34.722599 -40.000000
v 133.257767 34.624386 -40.000000
v 133.302109 34.818596 -40.000000
v 133.252792 34.574757 -40.000000
v 107.134537 8.680825 -40.000000
v 107.229065 8.712598 -40.000000
v 107.181404 8.697891 -40.000000
v 133.319168 34.865463 -40.000000
v 107.043640 8.639795 -40.000000
v 107.088577 8.661445 -40.000000
v 133.384064 35.000160 -40.000000
v 133.338562 34.911423 -40.000000
v 133.360199 34.956360 -40.000000
v 133.410080 35.042717 -40.000000
v 106.673569 8.313037 -40.000000
v 106.000000 2.152488 -40.000000
v 133.686966 35.326431 -40.000000
v 138.339722 36.702679 -40.000000
v 106.916077 8.561810 -40.000000
v 106.999840 8.615933 -40.000000
v 106.957283 8.589916 -40.000000
v 106.702675 8.353546 -40.000000
v 133.646454 35.297329 -40.000000
v 106.876328 8.531684 -40.000000
v 106.733757 8.392552 -40.000000
v 106.838127 8.499613 -40.000000
v 133.500381 35.161877 -40.000000
v 133.438187 35.083923 -40.000000
v 133.468323 35.123676 -40.000000
v 106.766754 8.429960 -40.000000
v 106.801567 8.465677 -40.000000
v 133.534317 35.198433 -40.000000
v 133.607452 35.266243 -40.000000
v 133.570038 35.233250 -40.000000
v 138.053604 39.868122 -40.000000
v 106.448959 8.321090 -40.000000
v 106.224434 8.331069 -40.000000
v 106.000000 8.342974 -40.000000
v 105.968132 8.344821 -40.000000
v 105.936272 8.346706 -40.000000
v 105.904404 8.348632 -40.000000
v 133.616089 36.595188 -40.000000
v 138.198822 38.302597 -40.000000
v 137.747879 41.451389 -40.000000
v 104.628143 8.457872 -40.000000
v 133.483780 37.859016 -40.000000
v 137.979050 39.893600 -40.000000
v 103.358742 8.629361 -40.000000
v 137.364014 43.017544 -40.000000
v 133.290359 39.114941 -40.000000
v 102.099236 8.862688 -40.000000
v 133.036255 40.360008 -40.000000
v 137.680939 41.471802 -40.000000
v 136.902939 44.562733 -40.000000
v 100.852646 9.157295 -40.000000
v 132.722092 41.591293 -40.000000
v 137.305237 43.033352 -40.000000
v 136.365784 46.083145 -40.000000
v 99.621941 9.512479 -40.000000
v 132.348587 42.805897 -40.000000
v 136.852844 44.574429 -40.000000
v 98.410072 9.927390 -40.000000
v 135.753876 47.575047 -40.000000
v 131.916626 44.000961 -40.000000
v 136.324860 46.091278 -40.000000
v 97.219925 10.401036 -40.000000
v 131.427231 45.173676 -40.000000
v 135.722580 47.580189 -40.000000
v 135.068726 49.034760 -40.000000
v 96.054352 10.932285 -40.000000
v 130.881561 46.321281 -40.000000
v 135.047501 49.037529 -40.000000
v 134.312012 50.458694 -40.000000
v 94.916138 11.519869 -40.000000
v 130.280884 47.441082 -40.000000
v 134.301224 50.459736 -40.000000
v 133.485611 51.843338 -40.000000
v 129.626602 48.530437 -40.000000
v 128.920288 49.586788 -40.000000
v 128.163589 50.607651 -40.000000
v 127.358269 51.590618 -40.000000
v 89.751968 15.373542 -40.000000
v 89.737755 15.290240 -40.000000
v 89.728020 15.249114 -40.000000
v 89.745743 15.331740 -40.000000
v 89.756432 15.415569 -40.000000
v 89.760002 15.500000 -40.000000
v 89.759109 15.457747 -40.000000
v 89.758766 15.549660 -40.000000
v 89.755066 15.599197 -40.000000
v 89.748917 15.648490 -40.000000
v 126.506233 52.533386 -40.000000
v 89.715904 15.793687 -40.000000
v 89.729309 15.745854 -40.000000
v 89.740318 15.697415 -40.000000
v 89.700134 15.840795 -40.000000
v 126.311394 52.501884 -40.000000
v 126.409592 52.512817 -40.000000
v 126.360626 52.506138 -40.000000
v 126.458168 52.521908 -40.000000
v 89.682053 15.887061 -40.000000
v 89.661697 15.932373 -40.000000
v 126.212593 52.500698 -40.000000
v 126.262009 52.500072 -40.000000
v 126.163269 52.503769 -40.000000
v 89.614357 16.019686 -40.000000
v 89.639114 15.976617 -40.000000
v 126.065376 52.517189 -40.000000
v 126.114159 52.509270 -40.000000
v 89.587494 16.061472 -40.000000
v 89.527718 16.140787 -40.000000
v 89.558594 16.101871 -40.000000
v 125.922211 52.555248 -40.000000
v 126.017044 52.527512 -40.000000
v 125.969284 52.540207 -40.000000
v 89.494949 16.178122 -40.000000
v 125.875938 52.572598 -40.000000
v 89.460365 16.213783 -40.000000
v 125.830582 52.592209 -40.000000
v 89.424057 16.247683 -40.000000
v 89.386108 16.279736 -40.000000
v 125.743042 52.638031 -40.000000
v 125.786240 52.614037 -40.000000
v 125.701073 52.664131 -40.000000
v 125.660446 52.692268 -40.000000
v 89.305672 16.337999 -40.000000
v 89.346611 16.309866 -40.000000
v 89.175186 16.409735 -40.000000
v 89.219856 16.387995 -40.000000
v 89.263382 16.364063 -40.000000
v 125.547592 52.788227 -40.000000
v 125.621262 52.722382 -40.000000
v 125.583611 52.754395 -40.000000
v 89.129501 16.429232 -40.000000
v 89.082901 16.446434 -40.000000
v 125.480774 52.861019 -40.000000
v 125.513283 52.823795 -40.000000
v 125.421471 52.940052 -40.000000
v 125.450150 52.899803 -40.000000
v 88.938782 16.483889 -40.000000
v 89.035500 16.461302 -40.000000
v 88.987419 16.473797 -40.000000
v 88.889702 16.491552 -40.000000
v 125.370255 53.024548 -40.000000
v 125.394821 52.981667 -40.000000
v 88.790703 16.499529 -40.000000
v 88.840302 16.496771 -40.000000
v 125.347847 53.068592 -40.000000
v 88.741028 16.499821 -40.000000
v 125.327629 53.113689 -40.000000
v 88.641945 16.493008 -40.000000
v 88.691399 16.497644 -40.000000
v 88.544022 16.476398 -40.000000
v 88.592773 16.485918 -40.000000
v 88.495804 16.464468 -40.000000
v 125.280685 53.254189 -40.000000
v 125.309669 53.159729 -40.000000
v 125.294014 53.206600 -40.000000
v 125.269722 53.302376 -40.000000
v 125.261154 53.351048 -40.000000
v 125.255005 53.400082 -40.000000
v 125.251282 53.449360 -40.000000
v 125.250000 53.498760 -40.000000
v 125.251160 53.548168 -40.000000
v 125.269234 53.695194 -40.000000
v 125.254761 53.597454 -40.000000
v 125.260788 53.646503 -40.000000
v 125.280075 53.743412 -40.000000
v 124.318657 54.589119 -40.000000
v 123.317070 55.386848 -40.000000
v 122.277695 56.134686 -40.000000
v 121.203033 56.830853 -40.000000
v 120.095634 57.473679 -40.000000
v 118.958160 58.061634 -40.000000
v 117.793312 58.593315 -40.000000
v 116.603874 59.067448 -40.000000
v 90.690163 14.403500 -40.000000
v 91.692490 13.605922 -40.000000
v 92.732597 12.858287 -40.000000
v 93.808006 12.162381 -40.000000
v 84.119240 22.677134 -40.000000
v 84.720093 21.557203 -40.000000
v 85.374550 20.467731 -40.000000
v 86.081070 19.411278 -40.000000
v 86.837997 18.390329 -40.000000
v 87.643532 17.407288 -40.000000
v 115.392700 59.482899 -40.000000
v 114.162674 59.838680 -40.000000
v 112.916725 60.133942 -40.000000
v 81.352554 33.701920 -40.000000
v 81.427216 33.764214 -40.000000
v 81.390640 33.732159 -40.000000
v 81.556679 33.909016 -40.000000
v 81.462181 33.798008 -40.000000
v 81.495468 33.833462 -40.000000
v 81.526993 33.870495 -40.000000
v 81.313034 33.673569 -40.000000
v 81.584457 33.948933 -40.000000
v 81.610268 33.990154 -40.000000
v 81.655716 34.076115 -40.000000
v 81.634033 34.032581 -40.000000
v 81.675255 34.120647 -40.000000
v 81.692604 34.166080 -40.000000
v 81.731133 34.306679 -40.000000
v 81.707718 34.212303 -40.000000
v 81.720573 34.259205 -40.000000
v 81.739372 34.354607 -40.000000
v 81.745270 34.402878 -40.000000
v 81.750000 34.500000 -40.000000
v 81.748817 34.451382 -40.000000
v 81.745270 34.597122 -40.000000
v 81.748817 34.548618 -40.000000
v 107.805359 60.657215 -40.000000
v 107.774979 60.618015 -40.000000
v 107.742691 60.580368 -40.000000
v 107.833763 60.697872 -40.000000
v 107.708580 60.544373 -40.000000
v 107.672722 60.510109 -40.000000
v 107.513695 60.392029 -40.000000
v 107.596138 60.447121 -40.000000
v 107.555603 60.418552 -40.000000
v 107.635216 60.477665 -40.000000
v 81.739372 34.645393 -40.000000
v 107.426201 60.345371 -40.000000
v 107.470528 60.367615 -40.000000
v 107.380821 60.325352 -40.000000
v 81.731133 34.693321 -40.000000
v 107.287376 60.292183 -40.000000
v 107.334511 60.307610 -40.000000
v 81.720573 34.740795 -40.000000
v 107.239540 60.279114 -40.000000
v 81.707718 34.787697 -40.000000
v 107.142204 60.260162 -40.000000
v 107.191109 60.268429 -40.000000
v 81.675255 34.879353 -40.000000
v 81.692604 34.833920 -40.000000
v 107.043472 60.250946 -40.000000
v 107.092957 60.254330 -40.000000
v 81.634033 34.967419 -40.000000
v 81.655716 34.923885 -40.000000
v 81.610268 35.009846 -40.000000
v 111.657852 60.367977 -40.000000
v 106.796913 60.270840 -40.000000
v 106.894882 60.255539 -40.000000
v 106.845711 60.261974 -40.000000
v 106.944321 60.251553 -40.000000
v 106.748619 60.282112 -40.000000
v 106.993889 60.250019 -40.000000
v 81.526993 35.129505 -40.000000
v 81.584457 35.051067 -40.000000
v 81.556679 35.090984 -40.000000
v 106.653999 60.311768 -40.000000
v 106.700935 60.295765 -40.000000
v 106.607903 60.330074 -40.000000
v 81.427216 35.235786 -40.000000
v 81.495468 35.166538 -40.000000
v 81.462181 35.201992 -40.000000
v 81.390640 35.267841 -40.000000
v 106.475861 60.398369 -40.000000
v 106.562775 60.350647 -40.000000
v 106.518723 60.373428 -40.000000
v 106.434280 60.425404 -40.000000
v 81.313034 35.326431 -40.000000
v 81.352554 35.298080 -40.000000
v 106.394089 60.454464 -40.000000
v 106.249176 60.589497 -40.000000
v 106.318283 60.518383 -40.000000
v 106.282852 60.553082 -40.000000
v 106.355392 60.485485 -40.000000
v 106.217354 60.627533 -40.000000
v 106.187454 60.667103 -40.000000
v 110.389038 60.540226 -40.000000
v 77.000000 32.750000 -40.000000
v 81.383926 32.404617 -40.000000
v 81.516266 31.140594 -40.000000
v 81.709747 29.884478 -40.000000
v 81.963921 28.639221 -40.000000
v 82.278183 27.407757 -40.000000
v 109.113327 60.650280 -40.000000
v 77.000000 35.750000 -40.000000
v 81.963745 40.360008 -40.000000
v 81.709648 39.114941 -40.000000
v 81.516212 37.859016 -40.000000
v 81.383911 36.595188 -40.000000
v 82.277916 41.591293 -40.000000
v 73.000000 32.750000 -40.000000
v 82.651794 26.192980 -40.000000
v 83.083870 24.997751 -40.000000
v 83.573410 23.824883 -40.000000
v 73.000000 35.750000 -40.000000
v 83.572762 45.173676 -40.000000
v 83.083374 44.000961 -40.000000
v 82.651421 42.805897 -40.000000
v 106.062477 60.660534 -40.000000
v 106.000000 60.657024 -40.000000
v 105.968132 60.655178 -40.000000
v 105.936272 60.653294 -40.000000
v 105.904404 60.651367 -40.000000
v 104.627357 60.542042 -40.000000
v 103.357185 60.370392 -40.000000
v 102.096931 60.136826 -40.000000
v 100.849602 59.841908 -40.000000
v 99.618187 59.486340 -40.000000
v 98.405640 59.070972 -40.000000
v 97.214859 58.596802 -40.000000
v 96.048691 58.064964 -40.000000
v 94.909927 57.476730 -40.000000
v 106.124962 60.663891 -40.000000
v 89.379234 52.722782 -40.000000
v 89.452911 52.788719 -40.000000
v 89.416885 52.754841 -40.000000
v 89.214203 52.614269 -40.000000
v 89.299400 52.664444 -40.000000
v 89.257423 52.638302 -40.000000
v 89.340042 52.692623 -40.000000
v 89.672745 53.114582 -40.000000
v 89.630173 53.025345 -40.000000
v 89.605629 52.982410 -40.000000
v 89.652557 53.069439 -40.000000
v 89.078163 52.555382 -40.000000
v 89.169846 52.592403 -40.000000
v 89.124466 52.572758 -40.000000
v 89.487213 52.824341 -40.000000
v 89.031067 52.540310 -40.000000
v 89.519714 52.861610 -40.000000
v 89.550331 52.900444 -40.000000
v 89.578995 52.940742 -40.000000
v 89.719582 53.255226 -40.000000
v 89.706291 53.207592 -40.000000
v 89.690666 53.160671 -40.000000
v 89.730499 53.303459 -40.000000
v 89.739014 53.352173 -40.000000
v 88.983276 52.527592 -40.000000
v 89.745110 53.401245 -40.000000
v 88.934921 52.517246 -40.000000
v 89.748779 53.450562 -40.000000
v 88.886108 52.509308 -40.000000
v 88.836967 52.503788 -40.000000
v 88.688744 52.501877 -40.000000
v 88.787613 52.500706 -40.000000
v 88.738159 52.500069 -40.000000
v 88.590477 52.512806 -40.000000
v 88.639473 52.506126 -40.000000
v 89.730713 53.695438 -40.000000
v 89.745171 53.598194 -40.000000
v 89.748795 53.549156 -40.000000
v 89.739136 53.646996 -40.000000
v 88.541862 52.521900 -40.000000
v 89.719925 53.743412 -40.000000
v 88.493767 52.533386 -40.000000
v 89.750000 53.500000 -40.000000
v 87.641731 51.590618 -40.000000
v 86.836418 50.607651 -40.000000
v 86.079712 49.586788 -40.000000
v 85.373390 48.530437 -40.000000
v 84.719124 47.441082 -40.000000
v 84.118439 46.321281 -40.000000
v 93.801292 56.833504 -40.000000
v 92.725449 56.136833 -40.000000
v 91.684959 55.388378 -40.000000
v 90.682312 54.589935 -40.000000
v 55.000000 65.000000 -30.000000
v 55.000000 65.000000 -31.500000
v 55.000000 67.000000 -31.500000
v 55.000000 67.000000 -32.000000
v 55.000000 66.000000 -33.000000
v 55.000000 65.000000 -33.000000
v 55.000000 65.000000 -34.000000
v 55.000000 4.000000 -30.000000
v 55.000000 4.000000 -31.500000
v 55.000000 4.000000 -33.000000
v 55.000000 3.000000 -33.000000
v 55.000000 4.000000 -34.000000
v 55.000000 2.000000 -32.000000
v 55.000000 2.000000 -31.500000
v 168.979904 67.000000 -18.000000
v 168.979904 2.000000 -18.000000
v 107.559242 66.962578 -25.000000
v 109.114891 66.850388 -25.000000
v 110.603798 66.810799 -25.000000
v 110.663368 66.663689 -25.000000
v 112.149063 66.546783 -25.000000
v 112.201103 66.402924 -25.000000
v 113.679802 66.208549 -25.000000
v 113.724556 66.068672 -25.000000
v 115.192444 65.796898 -25.000000
v 115.230217 65.661728 -25.000000
v 116.683479 65.312790 -25.000000
v 116.714622 65.183006 -25.000000
v 118.149437 64.757339 -25.000000
v 118.174355 64.633621 -25.000000
v 119.586899 64.131844 -25.000000
v 119.606041 64.014839 -25.000000
v 120.992531 63.437759 -25.000000
v 121.006393 63.328079 -25.000000
v 122.363060 62.676701 -25.000000
v 122.372192 62.574924 -25.000000
v 123.695290 61.850441 -25.000000
v 123.700279 61.757114 -25.000000
v 132.624542 53.153347 -25.000000
v 132.621887 53.142036 -25.000000
v 133.485611 51.843338 -25.000000
v 124.986130 60.960896 -25.000000
v 124.987602 60.876526 -25.000000
v 131.696838 54.397797 -25.000000
v 131.701309 54.420311 -25.000000
v 126.232574 60.010143 -25.000000
v 126.231194 59.935192 -25.000000
v 130.712616 55.607731 -25.000000
v 130.718063 55.641277 -25.000000
v 127.431717 59.000389 -25.000000
v 127.428185 58.935276 -25.000000
v 129.671494 56.769051 -25.000000
v 129.677078 56.813412 -25.000000
v 128.575836 57.879086 -25.000000
v 128.580780 57.933987 -25.000000
v 107.605499 2.196893 -25.000000
v 106.000000 2.152488 -25.000000
v 106.000000 2.152488 -23.000000
v 107.619827 2.197648 -23.000000
v 109.206841 2.320563 -25.000000
v 109.235390 2.323492 -23.000000
v 110.800117 2.523193 -25.000000
v 110.842674 2.529707 -23.000000
v 112.381439 2.804290 -25.000000
v 112.437683 2.815780 -23.000000
v 113.946938 3.163166 -25.000000
v 114.016449 3.181000 -23.000000
v 115.492798 3.598946 -25.000000
v 115.575043 3.624460 -23.000000
v 117.015244 4.110565 -25.000000
v 117.109596 4.145056 -23.000000
v 118.510551 4.696774 -25.000000
v 118.616302 4.741495 -23.000000
v 119.975075 5.356140 -25.000000
v 120.091393 5.412293 -23.000000
v 121.405235 6.087054 -25.000000
v 121.531227 6.155783 -23.000000
v 122.797539 6.887731 -25.000000
v 122.932205 6.970117 -23.000000
v 124.148582 7.756215 -25.000000
v 124.290848 7.853270 -23.000000
v 125.455070 8.690385 -25.000000
v 125.603790 8.803047 -23.000000
v 126.713814 9.687960 -25.000000
v 126.867752 9.817086 -23.000000
v 127.921738 10.746503 -25.000000
v 128.079605 10.892867 -23.000000
v 129.075882 11.863429 -25.000000
v 129.236328 12.027715 -23.000000
v 130.173447 13.036012 -25.000000
v 130.335037 13.218808 -23.000000
v 131.211746 14.261385 -25.000000
v 131.373016 14.463187 -23.000000
v 132.188232 15.536558 -25.000000
v 132.347687 15.757756 -23.000000
v 133.100525 16.858416 -25.000000
v 133.256607 17.099298 -23.000000
v 133.946396 18.223730 -25.000000
v 134.097549 18.484478 -23.000000
v 134.723785 19.629166 -25.000000
v 134.868378 19.909853 -23.000000
v 135.430801 21.071293 -25.000000
v 135.567215 21.371876 -23.000000
v 136.065704 22.546587 -25.000000
v 136.192307 22.866917 -23.000000
v 136.626938 24.051445 -25.000000
v 136.742096 24.391256 -23.000000
v 137.113144 25.582193 -25.000000
v 137.215225 25.941105 -23.000000
v 137.523132 27.135094 -25.000000
v 137.610519 27.512609 -23.000000
v 137.855911 28.706352 -25.000000
v 137.926987 29.101866 -23.000000
v 138.110641 30.292133 -25.000000
v 138.163834 30.704920 -23.000000
v 138.286728 31.888561 -25.000000
v 138.320496 32.317787 -23.000000
v 138.383728 33.491741 -25.000000
v 138.396576 33.936459 -23.000000
v 138.401413 35.097752 -25.000000
v 138.391861 35.556908 -23.000000
v 138.339722 36.702679 -25.000000
v 138.306396 37.175110 -23.000000
v 138.198822 38.302597 -25.000000
v 138.140381 38.787041 -23.000000
v 137.979050 39.893600 -25.000000
v 137.894211 40.388691 -23.000000
v 137.680939 41.471802 -25.000000
v 137.568527 41.976082 -23.000000
v 137.305237 43.033352 -25.000000
v 137.164108 43.545265 -23.000000
v 136.852844 44.574429 -25.000000
v 136.681992 45.092342 -23.000000
v 136.324860 46.091278 -25.000000
v 136.123352 46.613461 -23.000000
v 135.722580 47.580189 -25.000000
v 135.489594 48.104847 -23.000000
v 135.047501 49.037529 -25.000000
v 134.782288 49.562790 -23.000000
v 134.301224 50.459736 -25.000000
v 134.003174 50.983662 -23.000000
v 133.154221 52.363934 -23.000000
v 132.237518 53.700176 -23.000000
v 131.255356 54.989063 -23.000000
v 130.210159 56.227394 -23.000000
v 129.104553 57.412086 -23.000000
v 127.941261 58.540199 -23.000000
v 126.723183 59.608925 -23.000000
v 125.453346 60.615608 -23.000000
v 124.134918 61.557743 -23.000000
v 122.771164 62.432991 -23.000000
v 121.365479 63.239178 -23.000000
v 119.921356 63.974293 -23.000000
v 118.442390 64.636513 -23.000000
v 116.932251 65.224190 -23.000000
v 115.394699 65.735870 -23.000000
v 113.833549 66.170273 -23.000000
v 112.252693 66.526314 -23.000000
v 110.656052 66.803123 -23.000000
v 163.463303 51.860344 -21.536692
v 163.512543 51.931732 -21.487455
v 163.564240 51.999561 -21.435764
v 163.416656 51.785576 -21.583351
v 163.618256 52.063663 -21.381748
v 163.372681 51.707607 -21.627316
v 163.674469 52.123875 -21.325539
v 163.331528 51.626640 -21.668478
v 163.732727 52.180054 -21.267277
v 163.293259 51.542870 -21.706736
v 163.792892 52.232052 -21.207108
v 163.258011 51.456509 -21.741993
v 163.854828 52.279743 -21.145180
v 163.225830 51.367767 -21.774162
v 163.918350 52.323013 -21.081648
v 163.196838 51.276871 -21.803164
v 163.983322 52.361748 -21.016670
v 163.171082 51.184040 -21.828926
v 164.049591 52.395855 -20.950409
v 163.148621 51.089512 -21.851383
v 164.116974 52.425247 -20.883026
v 163.129517 50.993515 -21.870481
v 164.185303 52.449856 -20.814692
v 163.113831 50.896294 -21.886173
v 164.254425 52.469616 -20.745575
v 163.101578 50.798084 -21.898418
v 164.324158 52.484478 -20.675848
v 163.092819 50.699135 -21.907187
v 164.394318 52.494408 -20.605684
v 164.464737 52.499378 -20.535257
v 164.535263 52.499378 -20.464743
v 164.605682 52.494408 -20.394316
v 164.675842 52.484478 -20.324152
v 164.745575 52.469616 -20.254425
v 164.814697 52.449856 -20.185308
v 164.883026 52.425247 -20.116974
v 164.950409 52.395855 -20.049591
v 165.016678 52.361748 -19.983330
v 165.081650 52.323013 -19.918352
v 165.145172 52.279743 -19.854820
v 165.207108 52.232052 -19.792892
v 165.267273 52.180054 -19.732723
v 165.325531 52.123875 -19.674461
v 165.381744 52.063663 -19.618252
v 165.435760 51.999561 -19.564236
v 165.487457 51.931732 -19.512545
v 165.536697 51.860344 -19.463308
v 165.583344 51.785576 -19.416649
v 165.627319 51.707607 -19.372684
v 165.668472 51.626640 -19.331522
v 165.706741 51.542870 -19.293264
v 165.741989 51.456509 -19.258007
v 165.774170 51.367767 -19.225838
v 165.803162 51.276871 -19.196836
v 165.828918 51.184040 -19.171074
v 165.851379 51.089512 -19.148617
v 165.870483 50.993515 -19.129519
v 165.886169 50.896294 -19.113827
v 165.898422 50.798084 -19.101582
v 165.907181 50.699135 -19.092813
v 163.331528 49.373360 -21.668478
v 163.117569 45.004429 -21.882439
v 163.372681 49.292393 -21.627316
v 163.048630 44.904484 -21.951368
v 163.293259 49.457130 -21.706736
v 163.189926 45.099388 -21.810072
v 163.416656 49.214424 -21.583351
v 163.463303 49.139656 -21.536692
v 163.258011 49.543491 -21.741993
v 162.983307 44.799805 -22.016691
v 163.265549 45.189129 -21.734447
v 163.512543 49.068268 -21.487455
v 163.225830 49.632233 -21.774162
v 162.921753 44.690651 -22.078241
v 163.344254 45.273426 -21.655754
v 163.564240 49.000439 -21.435764
v 163.196838 49.723129 -21.803164
v 162.864136 44.577297 -22.135870
v 163.425812 45.352074 -21.574186
v 163.618256 48.936337 -21.381748
v 162.810577 44.460018 -22.189430
v 163.171082 49.815960 -21.828926
v 163.510056 45.424870 -21.489950
v 163.674469 48.876125 -21.325539
v 162.761215 44.339111 -22.238791
v 163.148621 49.910488 -21.851383
v 163.596756 45.491642 -21.403252
v 163.732727 48.819946 -21.267277
v 162.716171 44.214874 -22.283827
v 163.113831 50.103706 -21.886173
v 163.129517 50.006485 -21.870481
v 163.685699 45.552216 -21.314306
v 163.792892 48.767948 -21.207108
v 163.854828 48.720257 -21.145180
v 162.675568 44.087616 -22.324430
v 163.101578 50.201916 -21.898418
v 163.776657 45.606445 -21.223339
v 163.918350 48.676987 -21.081648
v 162.639511 43.957657 -22.360497
v 163.092819 50.300865 -21.907187
v 163.869431 45.654198 -21.130571
v 163.983322 48.638252 -21.016670
v 162.608063 43.825314 -22.391937
v 163.087540 50.400307 -21.912457
v 163.963760 45.695347 -21.036238
v 164.049591 48.604145 -20.950409
v 162.581329 43.690922 -22.418674
v 163.085785 50.500000 -21.914213
v 164.059433 45.729797 -20.940569
v 164.116974 48.574753 -20.883026
v 164.185303 48.550144 -20.814692
v 162.559357 43.554810 -22.440643
v 164.156189 45.757462 -20.843805
v 164.254425 48.530384 -20.745575
v 164.253815 45.778271 -20.746187
v 164.324158 48.515522 -20.675848
v 164.352036 45.792171 -20.647959
v 164.394318 48.505592 -20.605684
v 164.450638 45.799129 -20.549360
v 164.464737 48.500622 -20.535257
v 164.549362 45.799129 -20.450640
v 164.535263 48.500622 -20.464743
v 164.605682 48.505592 -20.394316
v 164.647964 45.792171 -20.352041
v 164.675842 48.515522 -20.324152
v 164.746185 45.778271 -20.253813
v 164.745575 48.530384 -20.254425
v 164.843811 45.757462 -20.156195
v 164.814697 48.550144 -20.185308
v 164.940567 45.729797 -20.059431
v 164.883026 48.574753 -20.116974
v 164.950409 48.604145 -20.049591
v 165.036240 45.695347 -19.963762
v 165.016678 48.638252 -19.983330
v 165.130569 45.654198 -19.869429
v 165.081650 48.676987 -19.918352
v 165.223343 45.606445 -19.776661
v 165.145172 48.720257 -19.854820
v 165.314301 45.552216 -19.685694
v 165.207108 48.767948 -19.792892
v 165.267273 48.819946 -19.732723
v 165.403244 45.491642 -19.596748
v 165.325531 48.876125 -19.674461
v 165.489944 45.424870 -19.510050
v 165.381744 48.936337 -19.618252
v 165.574188 45.352074 -19.425814
v 165.435760 49.000439 -19.564236
v 165.655746 45.273426 -19.344246
v 165.487457 49.068268 -19.512545
v 165.734451 45.189129 -19.265553
v 165.536697 49.139656 -19.463308
v 165.810074 45.099388 -19.189928
v 165.583344 49.214424 -19.416649
v 165.627319 49.292393 -19.372684
v 165.882431 45.004429 -19.117561
v 165.668472 49.373360 -19.331522
v 165.951370 44.904484 -19.048632
v 165.706741 49.457130 -19.293264
v 166.016693 44.799805 -18.983309
v 165.741989 49.543491 -19.258007
v 166.078247 44.690651 -18.921759
v 165.774170 49.632233 -19.225838
v 166.135864 44.577297 -18.864130
v 165.803162 49.723129 -19.196836
v 166.189423 44.460018 -18.810570
v 165.828918 49.815960 -19.171074
v 166.238785 44.339111 -18.761209
v 165.851379 49.910488 -19.148617
v 166.283829 44.214874 -18.716173
v 165.870483 50.006485 -19.129519
v 165.886169 50.103706 -19.113827
v 166.324432 44.087616 -18.675570
v 165.898422 50.201916 -19.101582
v 166.360489 43.957657 -18.639503
v 165.907181 50.300865 -19.092813
v 166.391937 43.825314 -18.608063
v 165.912460 50.400307 -19.087543
v 166.418671 43.690922 -18.581326
v 165.914215 50.500000 -19.085787
v 166.440643 43.554810 -18.559357
v 163.048630 41.095516 -21.951368
v 163.048630 35.404484 -21.951368
v 163.117569 40.995571 -21.882439
v 163.117569 35.504429 -21.882439
v 163.189926 40.900612 -21.810072
v 163.189926 35.599388 -21.810072
v 163.265549 40.810871 -21.734447
v 162.983307 35.299805 -22.016691
v 162.983307 41.200195 -22.016691
v 163.265549 35.689129 -21.734447
v 162.921753 35.190651 -22.078241
v 162.921753 41.309349 -22.078241
v 163.344254 35.773426 -21.655754
v 163.344254 40.726574 -21.655754
v 163.425812 40.647926 -21.574186
v 162.864136 35.077297 -22.135870
v 162.864136 41.422703 -22.135870
v 163.425812 35.852074 -21.574186
v 162.810577 34.960018 -22.189430
v 162.810577 41.539982 -22.189430
v 162.761215 41.660889 -22.238791
v 163.510056 35.924870 -21.489950
v 163.510056 40.575130 -21.489950
v 163.596756 40.508358 -21.403252
v 162.761215 34.839111 -22.238791
v 163.596756 35.991642 -21.403252
v 162.716171 34.714874 -22.283827
v 162.716171 41.785126 -22.283827
v 162.675568 41.912384 -22.324430
v 163.685699 36.052216 -21.314306
v 163.685699 40.447784 -21.314306
v 162.675568 34.587616 -22.324430
v 163.776657 36.106445 -21.223339
v 163.776657 40.393555 -21.223339
v 162.639511 34.457657 -22.360497
v 162.639511 42.042343 -22.360497
v 162.608063 42.174686 -22.391937
v 163.869431 40.345802 -21.130571
v 163.869431 36.154198 -21.130571
v 163.963760 40.304653 -21.036238
v 162.608063 34.325314 -22.391937
v 163.963760 36.195347 -21.036238
v 162.581329 34.190922 -22.418674
v 162.581329 42.309078 -22.418674
v 164.059433 40.270203 -20.940569
v 164.059433 36.229797 -20.940569
v 164.156189 40.242538 -20.843805
v 162.559357 34.054810 -22.440643
v 162.559357 42.445190 -22.440643
v 162.542221 42.582680 -22.457785
v 164.156189 36.257462 -20.843805
v 162.542221 33.917320 -22.457785
v 164.253815 36.278271 -20.746187
v 164.253815 40.221729 -20.746187
v 162.529938 33.778790 -22.470060
v 162.529938 42.721210 -22.470060
v 164.352036 36.292171 -20.647959
v 164.352036 40.207829 -20.647959
v 164.450638 40.200871 -20.549360
v 164.450638 36.299129 -20.549360
v 164.549362 40.200871 -20.450640
v 164.549362 36.299129 -20.450640
v 164.647964 36.292171 -20.352041
v 164.647964 40.207829 -20.352041
v 164.746185 36.278271 -20.253813
v 164.746185 40.221729 -20.253813
v 164.843811 40.242538 -20.156195
v 164.843811 36.257462 -20.156195
v 164.940567 36.229797 -20.059431
v 164.940567 40.270203 -20.059431
v 165.036240 36.195347 -19.963762
v 165.036240 40.304653 -19.963762
v 165.130569 36.154198 -19.869429
v 165.130569 40.345802 -19.869429
v 165.223343 36.106445 -19.776661
v 165.223343 40.393555 -19.776661
v 165.314301 36.052216 -19.685694
v 165.314301 40.447784 -19.685694
v 165.403244 35.991642 -19.596748
v 165.403244 40.508358 -19.596748
v 165.489944 40.575130 -19.510050
v 165.489944 35.924870 -19.510050
v 165.574188 40.647926 -19.425814
v 165.574188 35.852074 -19.425814
v 165.655746 35.773426 -19.344246
v 165.655746 40.726574 -19.344246
v 165.734451 35.689129 -19.265553
v 165.734451 40.810871 -19.265553
v 165.810074 35.599388 -19.189928
v 165.810074 40.900612 -19.189928
v 165.882431 40.995571 -19.117561
v 165.882431 35.504429 -19.117561
v 165.951370 41.095516 -19.048632
v 165.951370 35.404484 -19.048632
v 166.016693 41.200195 -18.983309
v 166.016693 35.299805 -18.983309
v 166.078247 41.309349 -18.921759
v 166.078247 35.190651 -18.921759
v 166.135864 35.077297 -18.864130
v 166.135864 41.422703 -18.864130
v 166.189423 41.539982 -18.810570
v 166.189423 34.960018 -18.810570
v 166.238785 41.660889 -18.761209
v 166.238785 34.839111 -18.761209
v 166.283829 41.785126 -18.716173
v 166.283829 34.714874 -18.716173
v 166.324432 41.912384 -18.675570
v 166.324432 34.587616 -18.675570
v 166.360489 42.042343 -18.639503
v 166.360489 34.457657 -18.639503
v 166.391937 42.174686 -18.608063
v 166.391937 34.325314 -18.608063
v 166.418671 34.190922 -18.581326
v 166.418671 42.309078 -18.581326
v 166.440643 42.445190 -18.559357
v 166.440643 34.054810 -18.559357
v 166.457779 42.582680 -18.542215
v 166.457779 33.917320 -18.542215
v 166.470062 42.721210 -18.529940
v 166.470062 33.778790 -18.529940
v 163.117569 31.495573 -21.882439
v 163.117569 26.004427 -21.882439
v 163.189926 31.400612 -21.810072
v 163.048630 31.595516 -21.951368
v 162.983307 31.700195 -22.016691
v 163.048630 25.904484 -21.951368
v 163.189926 26.099388 -21.810072
v 163.265549 31.310871 -21.734447
v 162.983307 25.799805 -22.016691
v 163.265549 26.189129 -21.734447
v 162.921753 31.809347 -22.078241
v 162.921753 25.690653 -22.078241
v 163.344254 26.273426 -21.655754
v 163.344254 31.226574 -21.655754
v 163.425812 31.147928 -21.574186
v 162.864136 31.922705 -22.135870
v 162.864136 25.577295 -22.135870
v 163.425812 26.352072 -21.574186
v 162.810577 32.039982 -22.189430
v 162.810577 25.460018 -22.189430
v 163.510056 26.424871 -21.489950
v 163.510056 31.075129 -21.489950
v 163.596756 31.008358 -21.403252
v 162.761215 32.160889 -22.238791
v 162.761215 25.339111 -22.238791
v 163.596756 26.491642 -21.403252
v 162.716171 32.285126 -22.283827
v 162.716171 25.214874 -22.283827
v 162.675568 32.412384 -22.324430
v 163.685699 26.552216 -21.314306
v 163.685699 30.947784 -21.314306
v 162.675568 25.087618 -22.324430
v 163.776657 26.606447 -21.223339
v 163.776657 30.893553 -21.223339
v 162.639511 32.542343 -22.360497
v 162.639511 24.957657 -22.360497
v 162.608063 32.674686 -22.391937
v 163.869431 26.654196 -21.130571
v 163.869431 30.845804 -21.130571
v 162.608063 24.825314 -22.391937
v 163.963760 26.695349 -21.036238
v 163.963760 30.804651 -21.036238
v 162.581329 32.809078 -22.418674
v 162.581329 24.690920 -22.418674
v 164.059433 26.729797 -20.940569
v 164.059433 30.770203 -20.940569
v 162.559357 32.945190 -22.440643
v 162.559357 24.554810 -22.440643
v 164.156189 26.757462 -20.843805
v 164.156189 30.742538 -20.843805
v 162.542221 33.082680 -22.457785
v 162.542221 24.417318 -22.457785
v 164.253815 26.778271 -20.746187
v 164.253815 30.721729 -20.746187
v 162.529938 33.221210 -22.470060
v 162.529938 24.278790 -22.470060
v 164.352036 26.792171 -20.647959
v 164.352036 30.707829 -20.647959
v 164.450638 30.700871 -20.549360
v 164.450638 26.799129 -20.549360
v 164.549362 30.700871 -20.450640
v 164.549362 26.799129 -20.450640
v 164.647964 26.792171 -20.352041
v 164.647964 30.707829 -20.352041
v 164.746185 26.778271 -20.253813
v 164.746185 30.721729 -20.253813
v 164.843811 30.742538 -20.156195
v 164.843811 26.757462 -20.156195
v 164.940567 26.729797 -20.059431
v 164.940567 30.770203 -20.059431
v 165.036240 26.695349 -19.963762
v 165.036240 30.804651 -19.963762
v 165.130569 30.845804 -19.869429
v 165.130569 26.654196 -19.869429
v 165.223343 26.606447 -19.776661
v 165.223343 30.893553 -19.776661
v 165.314301 26.552216 -19.685694
v 165.314301 30.947784 -19.685694
v 165.403244 31.008358 -19.596748
v 165.403244 26.491642 -19.596748
v 165.489944 31.075129 -19.510050
v 165.489944 26.424871 -19.510050
v 165.574188 26.352072 -19.425814
v 165.574188 31.147928 -19.425814
v 165.655746 31.226574 -19.344246
v 165.655746 26.273426 -19.344246
v 165.734451 26.189129 -19.265553
v 165.734451 31.310871 -19.265553
v 165.810074 26.099388 -19.189928
v 165.810074 31.400612 -19.189928
v 165.882431 31.495573 -19.117561
v 165.882431 26.004427 -19.117561
v 165.951370 25.904484 -19.048632
v 165.951370 31.595516 -19.048632
v 166.016693 31.700195 -18.983309
v 166.016693 25.799805 -18.983309
v 166.078247 25.690653 -18.921759
v 166.078247 31.809347 -18.921759
v 166.135864 25.577295 -18.864130
v 166.135864 31.922705 -18.864130
v 166.189423 32.039982 -18.810570
v 166.189423 25.460018 -18.810570
v 166.238785 32.160889 -18.761209
v 166.238785 25.339111 -18.761209
v 166.283829 32.285126 -18.716173
v 166.283829 25.214874 -18.716173
v 166.324432 25.087618 -18.675570
v 166.324432 32.412384 -18.675570
v 166.360489 32.542343 -18.639503
v 166.360489 24.957657 -18.639503
v 166.391937 32.674686 -18.608063
v 166.391937 24.825314 -18.608063
v 166.418671 24.690920 -18.581326
v 166.418671 32.809078 -18.581326
v 166.440643 24.554810 -18.559357
v 166.440643 32.945190 -18.559357
v 166.457779 33.082680 -18.542215
v 166.457779 24.417318 -18.542215
v 166.470062 33.221210 -18.529940
v 166.470062 24.278790 -18.529940
v 163.265549 21.810871 -21.734447
v 163.512543 17.931734 -21.487455
v 163.344254 21.726574 -21.655754
v 163.463303 17.860346 -21.536692
v 163.189926 21.900612 -21.810072
v 163.564240 17.999563 -21.435764
v 163.425812 21.647928 -21.574186
v 163.416656 17.785576 -21.583351
v 163.618256 18.063663 -21.381748
v 163.510056 21.575129 -21.489950
v 163.117569 21.995573 -21.882439
v 163.372681 17.707609 -21.627316
v 163.674469 18.123877 -21.325539
v 163.596756 21.508358 -21.403252
v 163.048630 22.095516 -21.951368
v 163.331528 17.626640 -21.668478
v 163.732727 18.180052 -21.267277
v 163.685699 21.447784 -21.314306
v 162.983307 22.200195 -22.016691
v 163.293259 17.542870 -21.706736
v 163.792892 18.232050 -21.207108
v 163.258011 17.456509 -21.741993
v 162.921753 22.309347 -22.078241
v 163.854828 18.279743 -21.145180
v 163.776657 21.393553 -21.223339
v 162.864136 22.422705 -22.135870
v 163.225830 17.367767 -21.774162
v 163.918350 18.323011 -21.081648
v 163.869431 21.345804 -21.130571
v 163.196838 17.276869 -21.803164
v 162.810577 22.539982 -22.189430
v 163.983322 18.361748 -21.016670
v 163.963760 21.304651 -21.036238
v 162.761215 22.660889 -22.238791
v 163.171082 17.184040 -21.828926
v 164.049591 18.395855 -20.950409
v 164.059433 21.270203 -20.940569
v 162.716171 22.785126 -22.283827
v 163.148621 17.089510 -21.851383
v 164.116974 18.425249 -20.883026
v 163.129517 16.993515 -21.870481
v 164.185303 18.449856 -20.814692
v 164.156189 21.242538 -20.843805
v 162.675568 22.912382 -22.324430
v 163.113831 16.896292 -21.886173
v 164.254425 18.469616 -20.745575
v 164.253815 21.221729 -20.746187
v 163.101578 16.798084 -21.898418
v 162.639511 23.042343 -22.360497
v 164.324158 18.484478 -20.675848
v 164.352036 21.207829 -20.647959
v 163.092819 16.699135 -21.907187
v 162.608063 23.174686 -22.391937
v 164.394318 18.494408 -20.605684
v 164.450638 21.200871 -20.549360
v 162.581329 23.309080 -22.418674
v 163.087540 16.599691 -21.912457
v 164.464737 18.499378 -20.535257
v 164.549362 21.200871 -20.450640
v 163.085785 16.500000 -21.914213
v 162.559357 23.445190 -22.440643
v 164.535263 18.499378 -20.464743
v 163.087540 16.400309 -21.912457
v 164.605682 18.494408 -20.394316
v 164.647964 21.207829 -20.352041
v 164.675842 18.484478 -20.324152
v 164.746185 21.221729 -20.253813
v 164.745575 18.469616 -20.254425
v 164.843811 21.242538 -20.156195
v 164.814697 18.449856 -20.185308
v 164.940567 21.270203 -20.059431
v 164.883026 18.425249 -20.116974
v 164.950409 18.395855 -20.049591
v 165.036240 21.304651 -19.963762
v 165.016678 18.361748 -19.983330
v 165.130569 21.345804 -19.869429
v 165.081650 18.323011 -19.918352
v 165.223343 21.393553 -19.776661
v 165.145172 18.279743 -19.854820
v 165.314301 21.447784 -19.685694
v 165.207108 18.232050 -19.792892
v 165.267273 18.180052 -19.732723
v 165.403244 21.508358 -19.596748
v 165.325531 18.123877 -19.674461
v 165.489944 21.575129 -19.510050
v 165.381744 18.063663 -19.618252
v 165.574188 21.647928 -19.425814
v 165.435760 17.999563 -19.564236
v 165.655746 21.726574 -19.344246
v 165.487457 17.931734 -19.512545
v 165.734451 21.810871 -19.265553
v 165.536697 17.860346 -19.463308
v 165.810074 21.900612 -19.189928
v 165.583344 17.785576 -19.416649
v 165.627319 17.707609 -19.372684
v 165.882431 21.995573 -19.117561
v 165.668472 17.626640 -19.331522
v 165.951370 22.095516 -19.048632
v 165.706741 17.542870 -19.293264
v 166.016693 22.200195 -18.983309
v 165.741989 17.456509 -19.258007
v 166.078247 22.309347 -18.921759
v 165.774170 17.367767 -19.225838
v 166.135864 22.422705 -18.864130
v 165.803162 17.276869 -19.196836
v 166.189423 22.539982 -18.810570
v 165.828918 17.184040 -19.171074
v 166.238785 22.660889 -18.761209
v 165.851379 17.089510 -19.148617
v 166.283829 22.785126 -18.716173
v 165.870483 16.993515 -19.129519
v 165.886169 16.896292 -19.113827
v 166.324432 22.912382 -18.675570
v 165.898422 16.798084 -19.101582
v 166.360489 23.042343 -18.639503
v 165.907181 16.699135 -19.092813
v 166.391937 23.174686 -18.608063
v 165.912460 16.599691 -19.087543
v 166.418671 23.309080 -18.581326
v 165.914215 16.500000 -19.085787
v 166.440643 23.445190 -18.559357
v 165.912460 16.400309 -19.087543
v 162.542221 23.582682 -22.457785
v 163.092819 16.300865 -21.907187
v 163.101578 16.201916 -21.898418
v 163.113831 16.103708 -21.886173
v 163.129517 16.006485 -21.870481
v 163.148621 15.910490 -21.851383
v 163.171082 15.815960 -21.828926
v 163.196838 15.723130 -21.803164
v 163.225830 15.632233 -21.774162
v 163.258011 15.543492 -21.741993
v 163.293259 15.457129 -21.706736
v 163.331528 15.373360 -21.668478
v 163.372681 15.292391 -21.627316
v 163.416656 15.214425 -21.583351
v 163.463303 15.139654 -21.536692
v 163.512543 15.068266 -21.487455
v 163.564240 15.000438 -21.435764
v 163.618256 14.936337 -21.381748
v 163.674469 14.876124 -21.325539
v 163.732727 14.819948 -21.267277
v 163.792892 14.767949 -21.207108
v 163.854828 14.720257 -21.145180
v 163.918350 14.676989 -21.081648
v 163.983322 14.638252 -21.016670
v 164.049591 14.604145 -20.950409
v 164.116974 14.574752 -20.883026
v 164.185303 14.550144 -20.814692
v 164.254425 14.530384 -20.745575
v 164.324158 14.515522 -20.675848
v 164.394318 14.505592 -20.605684
v 164.464737 14.500622 -20.535257
v 164.675842 14.515522 -20.324152
v 164.745575 14.530384 -20.254425
v 164.814697 14.550144 -20.185308
v 164.883026 14.574752 -20.116974
v 164.950409 14.604145 -20.049591
v 165.016678 14.638252 -19.983330
v 165.081650 14.676989 -19.918352
v 165.145172 14.720257 -19.854820
v 165.207108 14.767949 -19.792892
v 165.267273 14.819948 -19.732723
v 165.325531 14.876124 -19.674461
v 165.381744 14.936337 -19.618252
v 165.435760 15.000438 -19.564236
v 165.487457 15.068266 -19.512545
v 165.536697 15.139654 -19.463308
v 165.583344 15.214425 -19.416649
v 165.627319 15.292391 -19.372684
v 165.668472 15.373360 -19.331522
v 165.706741 15.457129 -19.293264
v 165.741989 15.543492 -19.258007
v 165.774170 15.632233 -19.225838
v 165.803162 15.723130 -19.196836
v 165.828918 15.815960 -19.171074
v 165.851379 15.910490 -19.148617
v 165.870483 16.006485 -19.129519
v 165.886169 16.103708 -19.113827
v 165.898422 16.201916 -19.101582
v 165.907181 16.300865 -19.092813
v 166.457779 23.582682 -18.542215
v 164.535263 14.500622 -20.464743
v 164.605682 14.505592 -20.394316
v 166.479904 24.000000 -18.520102
v 166.477432 23.860432 -18.522562
v 166.470062 23.721210 -18.529940
v 166.477432 24.139568 -18.522562
v 166.479904 33.500000 -18.520102
v 166.477432 33.360432 -18.522562
v 166.477432 33.639568 -18.522562
v 166.479904 43.000000 -18.520102
v 166.477432 42.860432 -18.522562
v 166.477432 43.139568 -18.522562
v 166.470062 43.278790 -18.529940
v 166.457779 43.417320 -18.542215
v 165.912460 50.599693 -19.087543
v 162.520096 24.000000 -22.479898
v 162.522568 24.139568 -22.477438
v 162.520096 33.500000 -22.479898
v 162.522568 33.639568 -22.477438
v 162.520096 43.000000 -22.479898
v 162.522568 43.139568 -22.477438
v 162.529938 43.278790 -22.470060
v 162.542221 43.417320 -22.457785
v 163.087540 50.599693 -21.912457
v 162.522568 23.860432 -22.477438
v 162.529938 23.721210 -22.470060
v 162.522568 33.360432 -22.477438
v 162.522568 42.860432 -22.477438
v 71.094063 13.231551 -37.000000
v 71.184586 13.138746 -37.000000
v 71.279617 13.050569 -37.000000
v 71.008286 13.328753 -37.000000
v 71.378929 12.967238 -37.000000
v 70.927452 13.430108 -37.000000
v 71.482269 12.888961 -37.000000
v 70.851776 13.535368 -37.000000
v 71.589378 12.815932 -37.000000
v 70.781441 13.644268 -37.000000
v 71.699997 12.748334 -37.000000
v 70.716621 13.756539 -37.000000
v 71.813850 12.686334 -37.000000
v 70.657478 13.871902 -37.000000
v 71.930656 12.630085 -37.000000
v 70.604164 13.990069 -37.000000
v 72.050110 12.579728 -37.000000
v 70.556801 14.110747 -37.000000
v 72.171936 12.535389 -37.000000
v 70.515511 14.233637 -37.000000
v 72.295815 12.497177 -37.000000
v 70.480400 14.358431 -37.000000
v 72.421448 12.465187 -37.000000
v 70.451553 14.484820 -37.000000
v 72.548515 12.439500 -37.000000
v 70.429039 14.612490 -37.000000
v 72.676704 12.420178 -37.000000
v 70.412918 14.741123 -37.000000
v 72.805702 12.407270 -37.000000
v 70.403229 14.870400 -37.000000
v 72.935181 12.400808 -37.000000
v 70.400002 15.000000 -37.000000
v 73.064819 12.400808 -37.000000
v 70.403229 15.129600 -37.000000
v 73.194298 12.407270 -37.000000
v 70.412918 15.258877 -37.000000
v 73.323296 12.420178 -37.000000
v 70.429039 15.387510 -37.000000
v 73.451485 12.439500 -37.000000
v 70.451553 15.515180 -37.000000
v 73.578552 12.465187 -37.000000
v 70.480400 15.641569 -37.000000
v 67.000000 31.500000 -37.000000
v 72.050110 17.420271 -37.000000
v 72.171936 17.464611 -37.000000
v 71.930656 17.369915 -37.000000
v 71.813850 17.313667 -37.000000
v 71.699997 17.251665 -37.000000
v 71.589378 17.184067 -37.000000
v 71.482269 17.111038 -37.000000
v 71.378929 17.032763 -37.000000
v 71.279617 16.949430 -37.000000
v 71.184586 16.861254 -37.000000
v 71.094063 16.768450 -37.000000
v 71.008286 16.671247 -37.000000
v 70.927452 16.569891 -37.000000
v 70.851776 16.464632 -37.000000
v 70.781441 16.355732 -37.000000
v 70.716621 16.243460 -37.000000
v 70.657478 16.128098 -37.000000
v 70.604164 16.009930 -37.000000
v 70.556801 15.889253 -37.000000
v 70.515511 15.766363 -37.000000
v 73.000000 31.500000 -37.000000
v 72.805702 17.592730 -37.000000
v 72.935181 17.599192 -37.000000
v 72.676704 17.579823 -37.000000
v 72.548515 17.560501 -37.000000
v 72.421448 17.534813 -37.000000
v 72.295815 17.502823 -37.000000
v 73.578552 17.534813 -37.000000
v 73.704185 17.502823 -37.000000
v 73.451485 17.560501 -37.000000
v 73.323296 17.579823 -37.000000
v 73.194298 17.592730 -37.000000
v 73.064819 17.599192 -37.000000
v 88.495804 16.464468 -37.000000
v 75.342522 13.871902 -37.000000
v 75.283379 13.756539 -37.000000
v 75.395836 13.990069 -37.000000
v 75.443199 14.110747 -37.000000
v 75.484489 14.233637 -37.000000
v 89.728020 15.249114 -37.000000
v 75.148224 13.535368 -37.000000
v 75.072548 13.430108 -37.000000
v 75.218559 13.644268 -37.000000
v 87.643532 17.407288 -37.000000
v 75.519600 14.358431 -37.000000
v 75.548447 14.484820 -37.000000
v 75.570961 14.612490 -37.000000
v 90.690163 14.403500 -37.000000
v 74.905937 13.231551 -37.000000
v 74.815414 13.138746 -37.000000
v 74.991714 13.328753 -37.000000
v 89.756432 15.415569 -37.000000
v 89.745743 15.331740 -37.000000
v 89.751968 15.373542 -37.000000
v 88.691399 16.497644 -37.000000
v 88.641945 16.493008 -37.000000
v 88.592773 16.485918 -37.000000
v 88.544022 16.476398 -37.000000
v 89.759109 15.457747 -37.000000
v 89.737755 15.290240 -37.000000
v 86.837997 18.390329 -37.000000
v 75.596771 15.129600 -37.000000
v 75.599998 15.000000 -37.000000
v 75.587082 14.741123 -37.000000
v 75.596771 14.870400 -37.000000
v 89.760002 15.500000 -37.000000
v 88.790703 16.499529 -37.000000
v 88.741028 16.499821 -37.000000
v 91.692490 13.605922 -37.000000
v 74.720383 13.050569 -37.000000
v 74.621071 12.967238 -37.000000
v 88.840302 16.496771 -37.000000
v 86.081070 19.411278 -37.000000
v 75.587082 15.258877 -37.000000
v 75.570961 15.387510 -37.000000
v 75.548447 15.515180 -37.000000
v 89.715904 15.793687 -37.000000
v 89.740318 15.697415 -37.000000
v 89.729309 15.745854 -37.000000
v 89.082901 16.446434 -37.000000
v 89.035500 16.461302 -37.000000
v 88.987419 16.473797 -37.000000
v 88.938782 16.483889 -37.000000
v 88.889702 16.491552 -37.000000
v 89.129501 16.429232 -37.000000
v 89.682053 15.887061 -37.000000
v 89.758766 15.549660 -37.000000
v 89.755066 15.599197 -37.000000
v 89.748917 15.648490 -37.000000
v 89.700134 15.840795 -37.000000
v 89.175186 16.409735 -37.000000
v 92.732597 12.858287 -37.000000
v 74.410622 12.815932 -37.000000
v 74.300003 12.748334 -37.000000
v 74.517731 12.888961 -37.000000
v 89.639114 15.976617 -37.000000
v 89.661697 15.932373 -37.000000
v 89.263382 16.364063 -37.000000
v 89.219856 16.387995 -37.000000
v 89.305672 16.337999 -37.000000
v 89.346611 16.309866 -37.000000
v 89.558594 16.101871 -37.000000
v 89.614357 16.019686 -37.000000
v 89.587494 16.061472 -37.000000
v 89.386108 16.279736 -37.000000
v 89.527718 16.140787 -37.000000
v 89.424057 16.247683 -37.000000
v 89.494949 16.178122 -37.000000
v 89.460365 16.213783 -37.000000
v 85.374550 20.467731 -37.000000
v 75.519600 15.641569 -37.000000
v 75.484489 15.766363 -37.000000
v 75.443199 15.889253 -37.000000
v 75.395836 16.009930 -37.000000
v 93.808006 12.162381 -37.000000
v 74.186150 12.686334 -37.000000
v 74.069344 12.630085 -37.000000
v 84.720093 21.557203 -37.000000
v 75.342522 16.128098 -37.000000
v 75.283379 16.243460 -37.000000
v 75.218559 16.355732 -37.000000
v 75.148224 16.464632 -37.000000
v 94.916138 11.519869 -37.000000
v 73.949890 12.579728 -37.000000
v 84.119240 22.677134 -37.000000
v 75.072548 16.569891 -37.000000
v 74.991714 16.671247 -37.000000
v 74.905937 16.768450 -37.000000
v 74.815414 16.861254 -37.000000
v 96.054352 10.932285 -37.000000
v 73.828064 12.535389 -37.000000
v 83.573410 23.824883 -37.000000
v 74.720383 16.949430 -37.000000
v 74.621071 17.032763 -37.000000
v 74.517731 17.111038 -37.000000
v 74.410622 17.184067 -37.000000
v 73.704185 12.497177 -37.000000
v 97.219925 10.401036 -37.000000
v 83.083870 24.997751 -37.000000
v 74.300003 17.251665 -37.000000
v 74.186150 17.313667 -37.000000
v 74.069344 17.369915 -37.000000
v 98.410072 9.927390 -37.000000
v 82.651794 26.192980 -37.000000
v 73.949890 17.420271 -37.000000
v 73.828064 17.464611 -37.000000
v 99.621941 9.512479 -37.000000
v 82.278183 27.407757 -37.000000
v 100.852646 9.157295 -37.000000
v 106.000000 2.152488 -37.000000
v 81.963921 28.639221 -37.000000
v 102.099236 8.862688 -37.000000
v 81.709747 29.884478 -37.000000
v 103.358742 8.629361 -37.000000
v 81.516266 31.140594 -37.000000
v 104.628143 8.457872 -37.000000
v 81.383926 32.404617 -37.000000
v 105.904404 8.348632 -37.000000
v 105.936272 8.346706 -37.000000
v 105.968132 8.344821 -37.000000
v 106.000000 8.342974 -37.000000
v 106.224434 8.331069 -37.000000
v 106.448959 8.321090 -37.000000
v 81.313034 33.673569 -37.000000
v 73.000000 37.500000 -37.000000
v 106.673569 8.313037 -37.000000
v 107.605499 2.196893 -37.000000
v 106.733757 8.392552 -37.000000
v 106.702675 8.353546 -37.000000
v 81.427216 33.764214 -37.000000
v 81.352554 33.701920 -37.000000
v 81.390640 33.732159 -37.000000
v 106.801567 8.465677 -37.000000
v 106.766754 8.429960 -37.000000
v 81.526993 33.870495 -37.000000
v 81.462181 33.798008 -37.000000
v 81.495468 33.833462 -37.000000
v 106.916077 8.561810 -37.000000
v 106.876328 8.531684 -37.000000
v 106.838127 8.499613 -37.000000
v 106.957283 8.589916 -37.000000
v 81.610268 33.990154 -37.000000
v 81.556679 33.909016 -37.000000
v 81.584457 33.948933 -37.000000
v 107.043640 8.639795 -37.000000
v 106.999840 8.615933 -37.000000
v 107.088577 8.661445 -37.000000
v 81.675255 34.120647 -37.000000
v 81.634033 34.032581 -37.000000
v 81.655716 34.076115 -37.000000
v 107.134537 8.680825 -37.000000
v 81.707718 34.212303 -37.000000
v 81.692604 34.166080 -37.000000
v 107.229065 8.712598 -37.000000
v 107.181404 8.697891 -37.000000
v 107.326294 8.734797 -37.000000
v 107.277405 8.724911 -37.000000
v 107.375610 8.742233 -37.000000
v 81.745270 34.402878 -37.000000
v 81.720573 34.259205 -37.000000
v 81.731133 34.306679 -37.000000
v 81.739372 34.354607 -37.000000
v 107.425247 8.747202 -37.000000
v 107.574753 8.747202 -37.000000
v 107.524940 8.749689 -37.000000
v 107.475060 8.749689 -37.000000
v 107.624390 8.742233 -37.000000
v 81.739372 34.645393 -37.000000
v 81.748817 34.548618 -37.000000
v 81.745270 34.597122 -37.000000
v 107.770935 8.712598 -37.000000
v 107.722595 8.724911 -37.000000
v 107.673706 8.734797 -37.000000
v 81.707718 34.787697 -37.000000
v 81.731133 34.693321 -37.000000
v 81.720573 34.740795 -37.000000
v 107.818596 8.697891 -37.000000
v 81.692604 34.833920 -37.000000
v 81.750000 34.500000 -37.000000
v 81.675255 34.879353 -37.000000
v 81.748817 34.451382 -37.000000
v 107.911423 8.661445 -37.000000
v 107.865463 8.680825 -37.000000
v 107.956360 8.639795 -37.000000
v 81.634033 34.967419 -37.000000
v 81.655716 34.923885 -37.000000
v 81.610268 35.009846 -37.000000
v 108.042717 8.589916 -37.000000
v 108.000160 8.615933 -37.000000
v 81.584457 35.051067 -37.000000
v 81.313034 35.326431 -37.000000
v 108.326431 8.313037 -37.000000
v 109.206841 2.320563 -37.000000
v 81.352554 35.298080 -37.000000
v 108.123672 8.531684 -37.000000
v 108.083923 8.561810 -37.000000
v 81.526993 35.129505 -37.000000
v 81.556679 35.090984 -37.000000
v 81.390640 35.267841 -37.000000
v 108.161873 8.499613 -37.000000
v 81.427216 35.235786 -37.000000
v 108.233246 8.429960 -37.000000
v 108.297325 8.353546 -37.000000
v 108.266243 8.392552 -37.000000
v 108.198433 8.465677 -37.000000
v 81.462181 35.201992 -37.000000
v 81.495468 35.166538 -37.000000
v 109.572128 8.382070 -37.000000
v 110.800117 2.523193 -37.000000
v 81.383911 36.595188 -37.000000
v 110.813126 8.510324 -37.000000
v 112.381439 2.804290 -37.000000
v 81.516212 37.859016 -37.000000
v 112.046608 8.697513 -37.000000
v 113.946938 3.163166 -37.000000
v 81.709648 39.114941 -37.000000
v 113.269783 8.943208 -37.000000
v 115.492798 3.598946 -37.000000
v 81.963745 40.360008 -37.000000
v 114.479874 9.246854 -37.000000
v 117.015244 4.110565 -37.000000
v 82.277916 41.591293 -37.000000
v 67.000000 37.500000 -37.000000
v 115.674133 9.607762 -37.000000
v 118.510551 4.696774 -37.000000
v 82.651421 42.805897 -37.000000
v 116.849861 10.025114 -37.000000
v 119.975075 5.356140 -37.000000
v 83.083374 44.000961 -37.000000
v 118.004395 10.497964 -37.000000
v 121.405235 6.087054 -37.000000
v 83.572762 45.173676 -37.000000
v 119.135101 11.025238 -37.000000
v 122.797539 6.887731 -37.000000
v 84.118439 46.321281 -37.000000
v 120.239426 11.605742 -37.000000
v 124.148582 7.756215 -37.000000
v 84.719124 47.441082 -37.000000
v 121.314865 12.238160 -37.000000
v 85.373390 48.530437 -37.000000
v 125.455070 8.690385 -37.000000
v 122.358978 12.921058 -37.000000
v 86.079712 49.586788 -37.000000
v 123.369400 13.652885 -37.000000
v 126.713814 9.687960 -37.000000
v 86.836418 50.607651 -37.000000
v 124.343834 14.431985 -37.000000
v 127.921738 10.746503 -37.000000
v 87.641731 51.590618 -37.000000
v 125.280075 15.256589 -37.000000
v 125.260788 15.353496 -37.000000
v 125.269234 15.304804 -37.000000
v 125.254761 15.402545 -37.000000
v 125.251282 15.550640 -37.000000
v 125.250000 15.501238 -37.000000
v 125.251160 15.451833 -37.000000
v 125.255005 15.599919 -37.000000
v 125.261154 15.648953 -37.000000
v 129.075882 11.863429 -37.000000
v 125.280685 15.745812 -37.000000
v 125.269722 15.697624 -37.000000
v 88.493767 52.533386 -37.000000
v 88.590477 52.512806 -37.000000
v 88.541862 52.521900 -37.000000
v 88.688744 52.501877 -37.000000
v 88.639473 52.506126 -37.000000
v 125.327629 15.886312 -37.000000
v 125.309669 15.840271 -37.000000
v 125.294014 15.793400 -37.000000
v 88.738159 52.500069 -37.000000
v 125.347847 15.931408 -37.000000
v 125.370255 15.975451 -37.000000
v 88.886108 52.509308 -37.000000
v 88.787613 52.500706 -37.000000
v 88.836967 52.503788 -37.000000
v 125.421471 16.059950 -37.000000
v 125.394821 16.018333 -37.000000
v 88.983276 52.527592 -37.000000
v 88.934921 52.517246 -37.000000
v 125.450150 16.100199 -37.000000
v 89.031067 52.540310 -37.000000
v 89.078163 52.555382 -37.000000
v 125.513283 16.176203 -37.000000
v 125.480774 16.138981 -37.000000
v 89.214203 52.614269 -37.000000
v 89.124466 52.572758 -37.000000
v 89.169846 52.592403 -37.000000
v 125.583611 16.245607 -37.000000
v 125.547592 16.211775 -37.000000
v 89.257423 52.638302 -37.000000
v 125.621262 16.277618 -37.000000
v 125.660446 16.307730 -37.000000
v 89.340042 52.692623 -37.000000
v 89.299400 52.664444 -37.000000
v 89.379234 52.722782 -37.000000
v 89.416885 52.754841 -37.000000
v 125.830582 16.407791 -37.000000
v 125.786240 16.385962 -37.000000
v 125.743042 16.361969 -37.000000
v 125.701073 16.335871 -37.000000
v 125.875938 16.427404 -37.000000
v 89.487213 52.824341 -37.000000
v 89.452911 52.788719 -37.000000
v 125.922211 16.444752 -37.000000
v 125.969284 16.459791 -37.000000
v 89.550331 52.900444 -37.000000
v 89.519714 52.861610 -37.000000
v 126.017044 16.472488 -37.000000
v 89.578995 52.940742 -37.000000
v 89.605629 52.982410 -37.000000
v 126.114159 16.490730 -37.000000
v 126.065376 16.482809 -37.000000
v 89.630173 53.025345 -37.000000
v 126.163269 16.496231 -37.000000
v 89.672745 53.114582 -37.000000
v 89.652557 53.069439 -37.000000
v 126.311394 16.498114 -37.000000
v 126.262009 16.499928 -37.000000
v 126.212593 16.499300 -37.000000
v 89.690666 53.160671 -37.000000
v 126.506233 16.466614 -37.000000
v 126.458168 16.478092 -37.000000
v 126.409592 16.487183 -37.000000
v 126.360626 16.493862 -37.000000
v 89.719582 53.255226 -37.000000
v 89.706291 53.207592 -37.000000
v 89.739014 53.352173 -37.000000
v 89.730499 53.303459 -37.000000
v 89.745110 53.401245 -37.000000
v 130.173447 13.036012 -37.000000
v 89.750000 53.500000 -37.000000
v 89.748779 53.450562 -37.000000
v 89.748795 53.549156 -37.000000
v 89.745171 53.598194 -37.000000
v 89.719925 53.743412 -37.000000
v 89.739136 53.646996 -37.000000
v 89.730713 53.695438 -37.000000
v 127.358269 17.409380 -37.000000
v 90.682312 54.589935 -37.000000
v 131.211746 14.261385 -37.000000
v 128.163589 18.392351 -37.000000
v 91.684959 55.388378 -37.000000
v 132.188232 15.536558 -37.000000
v 128.920288 19.413212 -37.000000
v 92.725449 56.136833 -37.000000
v 133.100525 16.858416 -37.000000
v 129.626602 20.469563 -37.000000
v 93.801292 56.833504 -37.000000
v 133.946396 18.223730 -37.000000
v 130.280884 21.558920 -37.000000
v 94.909927 57.476730 -37.000000
v 134.723785 19.629166 -37.000000
v 130.881561 22.678717 -37.000000
v 135.430801 21.071293 -37.000000
v 131.427231 23.826323 -37.000000
v 136.065704 22.546587 -37.000000
v 131.916626 24.999039 -37.000000
v 136.626938 24.051445 -37.000000
v 132.348587 26.194103 -37.000000
v 137.113144 25.582193 -37.000000
v 132.722092 27.408707 -37.000000
v 137.523132 27.135094 -37.000000
v 133.036255 28.639990 -37.000000
v 137.855911 28.706352 -37.000000
v 133.290359 29.885059 -37.000000
v 106.187454 60.667103 -37.000000
v 106.217354 60.627533 -37.000000
v 106.249176 60.589497 -37.000000
v 106.282852 60.553082 -37.000000
v 106.318283 60.518383 -37.000000
v 106.355392 60.485485 -37.000000
v 106.394089 60.454464 -37.000000
v 106.434280 60.425404 -37.000000
v 106.475861 60.398369 -37.000000
v 106.518723 60.373428 -37.000000
v 106.653999 60.311768 -37.000000
v 106.562775 60.350647 -37.000000
v 106.607903 60.330074 -37.000000
v 106.845711 60.261974 -37.000000
v 106.700935 60.295765 -37.000000
v 106.748619 60.282112 -37.000000
v 106.796913 60.270840 -37.000000
v 106.944321 60.251553 -37.000000
v 106.894882 60.255539 -37.000000
v 106.993889 60.250019 -37.000000
v 107.043472 60.250946 -37.000000
v 133.500381 33.838123 -37.000000
v 133.534317 33.801567 -37.000000
v 133.570038 33.766750 -37.000000
v 133.646454 33.702671 -37.000000
v 133.468323 33.876324 -37.000000
v 133.607452 33.733757 -37.000000
v 133.410080 33.957283 -37.000000
v 133.438187 33.916077 -37.000000
v 133.686966 33.673569 -37.000000
v 133.384064 33.999840 -37.000000
v 107.142204 60.260162 -37.000000
v 107.092957 60.254330 -37.000000
v 133.360199 34.043640 -37.000000
v 133.319168 34.134537 -37.000000
v 133.338562 34.088577 -37.000000
v 107.191109 60.268429 -37.000000
v 133.302109 34.181404 -37.000000
v 133.287399 34.229065 -37.000000
v 107.239540 60.279114 -37.000000
v 133.275085 34.277401 -37.000000
v 133.257767 34.375614 -37.000000
v 133.265198 34.326290 -37.000000
v 133.252792 34.425243 -37.000000
v 107.380821 60.325352 -37.000000
v 107.287376 60.292183 -37.000000
v 107.334511 60.307610 -37.000000
v 133.250305 34.524940 -37.000000
v 133.250305 34.475060 -37.000000
v 133.252792 34.574757 -37.000000
v 107.470528 60.367615 -37.000000
v 107.426201 60.345371 -37.000000
v 107.513695 60.392029 -37.000000
v 133.275085 34.722599 -37.000000
v 133.265198 34.673710 -37.000000
v 133.257767 34.624386 -37.000000
v 107.596138 60.447121 -37.000000
v 107.555603 60.418552 -37.000000
v 107.635216 60.477665 -37.000000
v 133.302109 34.818596 -37.000000
v 133.287399 34.770935 -37.000000
v 133.319168 34.865463 -37.000000
v 133.338562 34.911423 -37.000000
v 107.708580 60.544373 -37.000000
v 107.672722 60.510109 -37.000000
v 133.360199 34.956360 -37.000000
v 133.384064 35.000160 -37.000000
v 138.110641 30.292133 -37.000000
v 133.483780 31.140985 -37.000000
v 107.805359 60.657215 -37.000000
v 107.742691 60.580368 -37.000000
v 107.774979 60.618015 -37.000000
v 133.438187 35.083923 -37.000000
v 133.410080 35.042717 -37.000000
v 107.833763 60.697872 -37.000000
v 133.468323 35.123676 -37.000000
v 133.500381 35.161877 -37.000000
v 133.607452 35.266243 -37.000000
v 133.570038 35.233250 -37.000000
v 133.534317 35.198433 -37.000000
v 133.646454 35.297329 -37.000000
v 133.686966 35.326431 -37.000000
v 138.286728 31.888561 -37.000000
v 133.616089 32.404812 -37.000000
v 138.383728 33.491741 -37.000000
v 100.849602 59.841908 -37.000000
v 102.096931 60.136826 -37.000000
v 99.618187 59.486340 -37.000000
v 98.405640 59.070972 -37.000000
v 97.214859 58.596802 -37.000000
v 96.048691 58.064964 -37.000000
v 105.968132 60.655178 -37.000000
v 106.000000 60.657024 -37.000000
v 105.936272 60.653294 -37.000000
v 105.904404 60.651367 -37.000000
v 106.124962 60.663891 -37.000000
v 106.062477 60.660534 -37.000000
v 104.627357 60.542042 -37.000000
v 103.357185 60.370392 -37.000000
v 138.401413 35.097752 -37.000000
v 107.559242 66.962578 -37.000000
v 138.339722 36.702679 -37.000000
v 133.616089 36.595188 -37.000000
v 109.114891 66.850388 -37.000000
v 109.113327 60.650280 -37.000000
v 138.198822 38.302597 -37.000000
v 133.483780 37.859016 -37.000000
v 110.663368 66.663689 -37.000000
v 110.389038 60.540226 -37.000000
v 137.979050 39.893600 -37.000000
v 133.290359 39.114941 -37.000000
v 133.036255 40.360008 -37.000000
v 125.621262 52.722382 -37.000000
v 125.513283 52.823795 -37.000000
v 125.547592 52.788227 -37.000000
v 125.583611 52.754395 -37.000000
v 125.660446 52.692268 -37.000000
v 125.480774 52.861019 -37.000000
v 125.743042 52.638031 -37.000000
v 125.421471 52.940052 -37.000000
v 125.450150 52.899803 -37.000000
v 125.701073 52.664131 -37.000000
v 125.347847 53.068592 -37.000000
v 125.370255 53.024548 -37.000000
v 125.394821 52.981667 -37.000000
v 125.922211 52.555248 -37.000000
v 125.786240 52.614037 -37.000000
v 125.830582 52.592209 -37.000000
v 125.875938 52.572598 -37.000000
v 125.294014 53.206600 -37.000000
v 125.309669 53.159729 -37.000000
v 125.327629 53.113689 -37.000000
v 112.201103 66.402924 -37.000000
v 111.657852 60.367977 -37.000000
v 125.261154 53.351048 -37.000000
v 125.269722 53.302376 -37.000000
v 125.280685 53.254189 -37.000000
v 126.114159 52.509270 -37.000000
v 126.017044 52.527512 -37.000000
v 126.065376 52.517189 -37.000000
v 125.255005 53.400082 -37.000000
v 125.969284 52.540207 -37.000000
v 125.251282 53.449360 -37.000000
v 126.163269 52.503769 -37.000000
v 126.212593 52.500698 -37.000000
v 125.254761 53.597454 -37.000000
v 125.251160 53.548168 -37.000000
v 125.250000 53.498760 -37.000000
v 125.260788 53.646503 -37.000000
v 125.269234 53.695194 -37.000000
v 126.262009 52.500072 -37.000000
v 126.458168 52.521908 -37.000000
v 126.311394 52.501884 -37.000000
v 126.360626 52.506138 -37.000000
v 126.409592 52.512817 -37.000000
v 126.506233 52.533386 -37.000000
v 125.280075 53.743412 -37.000000
v 137.680939 41.471802 -37.000000
v 132.722092 41.591293 -37.000000
v 113.724556 66.068672 -37.000000
v 112.916725 60.133942 -37.000000
v 137.305237 43.033352 -37.000000
v 132.348587 42.805897 -37.000000
v 115.230217 65.661728 -37.000000
v 114.162674 59.838680 -37.000000
v 136.852844 44.574429 -37.000000
v 131.916626 44.000961 -37.000000
v 116.714622 65.183006 -37.000000
v 115.392700 59.482899 -37.000000
v 136.324860 46.091278 -37.000000
v 131.427231 45.173676 -37.000000
v 118.174355 64.633621 -37.000000
v 116.603874 59.067448 -37.000000
v 135.722580 47.580189 -37.000000
v 130.881561 46.321281 -37.000000
v 119.606041 64.014839 -37.000000
v 117.793312 58.593315 -37.000000
v 135.047501 49.037529 -37.000000
v 130.280884 47.441082 -37.000000
v 121.006393 63.328079 -37.000000
v 118.958160 58.061634 -37.000000
v 134.301224 50.459736 -37.000000
v 129.626602 48.530437 -37.000000
v 122.372192 62.574924 -37.000000
v 120.095634 57.473679 -37.000000
v 133.485611 51.843338 -37.000000
v 128.920288 49.586788 -37.000000
v 123.700279 61.757114 -37.000000
v 121.203033 56.830853 -37.000000
v 132.621887 53.142036 -37.000000
v 128.163589 50.607651 -37.000000
v 124.987602 60.876526 -37.000000
v 122.277695 56.134686 -37.000000
v 131.696838 54.397797 -37.000000
v 127.358269 51.590618 -37.000000
v 126.231194 59.935192 -37.000000
v 123.317070 55.386848 -37.000000
v 130.712616 55.607731 -37.000000
v 127.428185 58.935276 -37.000000
v 124.318657 54.589119 -37.000000
v 129.671494 56.769051 -37.000000
v 128.575836 57.879086 -37.000000
v 107.612015 2.040003 -25.000000
v 109.220062 2.159914 -25.000000
v 110.820183 2.359437 -25.000000
v 112.408440 2.638081 -25.000000
v 113.980919 2.995160 -25.000000
v 115.533752 3.429796 -25.000000
v 117.063110 3.940917 -25.000000
v 118.565239 4.527267 -25.000000
v 120.036438 5.187401 -25.000000
v 121.473076 5.919695 -25.000000
v 122.871628 6.722346 -25.000000
v 124.228653 7.593378 -25.000000
v 125.540794 8.530646 -25.000000
v 126.804832 9.531844 -25.000000
v 128.017654 10.594506 -25.000000
v 129.176285 11.716018 -25.000000
v 130.277847 12.893617 -25.000000
v 131.319656 14.124404 -25.000000
v 132.299133 15.405352 -25.000000
v 133.213867 16.733303 -25.000000
v 134.061600 18.104994 -25.000000
v 134.840271 19.517042 -25.000000
v 135.547928 20.965977 -25.000000
v 136.182861 22.448227 -25.000000
v 136.743484 23.960146 -25.000000
v 137.228424 25.498011 -25.000000
v 137.636490 27.058035 -25.000000
v 137.966675 28.636379 -25.000000
v 138.218155 30.229160 -25.000000
v 138.390335 31.832453 -25.000000
v 138.482788 33.442314 -25.000000
v 138.495270 35.054779 -25.000000
v 138.427750 36.665874 -25.000000
v 138.280411 38.271641 -25.000000
v 138.053604 39.868122 -25.000000
v 137.747879 41.451389 -25.000000
v 137.364014 43.017544 -25.000000
v 136.902939 44.562733 -25.000000
v 136.365784 46.083145 -25.000000
v 135.753876 47.575047 -25.000000
v 135.068726 49.034760 -25.000000
v 134.312012 50.458694 -25.000000
v 62.000000 3.000000 -12.000000
v 66.000000 3.000000 -12.000000
v 66.000000 4.000000 -13.000000
v 66.000000 4.000000 -11.000000
v 62.000000 4.000000 -13.000000
v 62.000000 4.000000 -11.000000
v 66.000000 4.000000 -6.000000
v 62.000000 4.000000 -6.000000
v 62.000000 4.000000 -8.000000
v 62.000000 3.000000 -7.000000
v 66.000000 3.000000 -7.000000
v 66.000000 4.000000 -8.000000
v 163.979904 2.000000 -23.000000
v 163.984909 22.184895 -23.000000
v 163.979904 22.189062 -23.000000
v 163.989929 22.180735 -23.000000
v 163.994965 22.176580 -23.000000
v 167.467392 24.139271 -19.512501
v 167.469849 24.000000 -19.510050
v 167.460052 24.278198 -19.519848
v 167.447830 24.416437 -19.532070
v 167.430756 24.553644 -19.549141
v 167.408890 24.689480 -19.571014
v 167.382263 24.823610 -19.597641
v 167.350952 24.955702 -19.628950
v 167.315033 25.085426 -19.664867
v 167.274597 25.212463 -19.705303
v 167.229736 25.336500 -19.750154
v 167.180588 25.457228 -19.799314
v 167.127243 25.574348 -19.852661
v 167.069839 25.687571 -19.910059
v 167.008530 25.796616 -19.971369
v 166.943466 25.901213 -20.036438
v 166.874786 26.001104 -20.105106
v 166.802704 26.096041 -20.177202
v 166.727356 26.185789 -20.252546
v 166.648941 26.270124 -20.330956
v 166.567657 26.348843 -20.412233
v 166.483719 26.421743 -20.496180
v 166.397308 26.488651 -20.582586
v 166.308655 26.549397 -20.671238
v 166.217987 26.603832 -20.761919
v 166.125504 26.651821 -20.854401
v 166.031448 26.693245 -20.948454
v 165.936050 26.728001 -21.043850
v 165.839554 26.756004 -21.140350
v 165.742188 26.777185 -21.237715
v 165.644196 26.791491 -21.335705
v 165.545822 26.798885 -21.434076
v 165.447311 26.799351 -21.532587
v 165.348907 26.792887 -21.630991
v 165.250854 26.779509 -21.729046
v 165.153397 26.759249 -21.826509
v 165.056763 26.732159 -21.923140
v 164.961197 26.698305 -22.018696
v 164.866959 26.657772 -22.112946
v 164.774246 26.610659 -22.205652
v 164.683319 26.557083 -22.296587
v 164.594376 26.497177 -22.385525
v 164.507660 26.431089 -22.472244
v 164.423370 26.358982 -22.556534
v 164.341721 26.281036 -22.638182
v 164.262909 26.197443 -22.716988
v 164.187149 26.108410 -22.792757
v 164.114594 26.014156 -22.865299
v 164.045456 25.914917 -22.934437
v 163.994965 25.823420 -23.000000
v 163.989929 25.819265 -23.000000
v 163.984909 25.815105 -23.000000
v 163.979904 25.810938 -23.000000
v 164.045456 22.085083 -22.934437
v 164.114594 21.985844 -22.865299
v 164.187149 21.891590 -22.792757
v 164.262909 21.802557 -22.716988
v 164.341721 21.718964 -22.638182
v 164.423370 21.641018 -22.556534
v 164.507660 21.568911 -22.472244
v 164.594376 21.502823 -22.385525
v 164.683319 21.442917 -22.296587
v 164.774246 21.389341 -22.205652
v 164.866959 21.342228 -22.112946
v 164.961197 21.301695 -22.018696
v 165.056763 21.267841 -21.923140
v 165.153397 21.240751 -21.826509
v 165.250854 21.220491 -21.729046
v 165.348907 21.207113 -21.630991
v 165.447311 21.200649 -21.532587
v 165.545822 21.201115 -21.434076
v 165.644196 21.208509 -21.335705
v 165.742188 21.222815 -21.237715
v 165.839554 21.243996 -21.140350
v 165.936050 21.271999 -21.043850
v 166.031448 21.306755 -20.948454
v 166.125504 21.348179 -20.854401
v 166.217987 21.396168 -20.761919
v 166.308655 21.450603 -20.671238
v 166.397308 21.511349 -20.582586
v 166.483719 21.578257 -20.496180
v 166.567657 21.651157 -20.412233
v 166.648941 21.729876 -20.330956
v 166.727356 21.814211 -20.252546
v 166.802704 21.903959 -20.177202
v 166.874786 21.998896 -20.105106
v 166.943466 22.098787 -20.036438
v 167.008530 22.203384 -19.971369
v 167.069839 22.312429 -19.910059
v 167.127243 22.425652 -19.852661
v 167.180588 22.542772 -19.799314
v 167.229736 22.663500 -19.750154
v 167.274597 22.787537 -19.705303
v 167.315033 22.914574 -19.664867
v 167.350952 23.044298 -19.628950
v 167.382263 23.176390 -19.597641
v 167.408890 23.310520 -19.571014
v 167.430756 23.446356 -19.549141
v 167.447830 23.583563 -19.532070
v 167.460052 23.721802 -19.519848
v 167.467392 23.860729 -19.512501
v 163.979904 31.689062 -23.000000
v 163.984909 31.684895 -23.000000
v 163.989929 31.680735 -23.000000
v 163.994965 31.676580 -23.000000
v 167.467392 33.639271 -19.512501
v 167.469849 33.500000 -19.510050
v 167.460052 33.778198 -19.519848
v 167.447830 33.916435 -19.532070
v 167.430756 34.053642 -19.549141
v 167.408890 34.189480 -19.571014
v 167.382263 34.323608 -19.597641
v 167.350952 34.455700 -19.628950
v 167.315033 34.585426 -19.664867
v 167.274597 34.712463 -19.705303
v 167.229736 34.836498 -19.750154
v 167.180588 34.957230 -19.799314
v 167.127243 35.074348 -19.852661
v 167.069839 35.187572 -19.910059
v 167.008530 35.296616 -19.971369
v 166.943466 35.401215 -20.036438
v 166.874786 35.501102 -20.105106
v 166.802704 35.596039 -20.177202
v 166.727356 35.685787 -20.252546
v 166.648941 35.770126 -20.330956
v 166.567657 35.848843 -20.412233
v 166.483719 35.921745 -20.496180
v 166.397308 35.988651 -20.582586
v 166.308655 36.049397 -20.671238
v 166.217987 36.103832 -20.761919
v 166.125504 36.151821 -20.854401
v 166.031448 36.193245 -20.948454
v 165.936050 36.228001 -21.043850
v 165.839554 36.256004 -21.140350
v 165.742188 36.277184 -21.237715
v 165.644196 36.291489 -21.335705
v 165.545822 36.298885 -21.434076
v 165.447311 36.299351 -21.532587
v 165.348907 36.292885 -21.630991
v 165.250854 36.279507 -21.729046
v 165.153397 36.259251 -21.826509
v 165.056763 36.232159 -21.923140
v 164.961197 36.198307 -22.018696
v 164.866959 36.157772 -22.112946
v 164.774246 36.110661 -22.205652
v 164.683319 36.057083 -22.296587
v 164.594376 35.997177 -22.385525
v 164.507660 35.931087 -22.472244
v 164.423370 35.858982 -22.556534
v 164.341721 35.781036 -22.638182
v 164.262909 35.697441 -22.716988
v 164.187149 35.608410 -22.792757
v 164.114594 35.514156 -22.865299
v 164.045456 35.414917 -22.934437
v 163.994965 35.323421 -23.000000
v 163.989929 35.319267 -23.000000
v 163.984909 35.315105 -23.000000
v 163.979904 35.310936 -23.000000
v 164.045456 31.585083 -22.934437
v 164.114594 31.485844 -22.865299
v 164.187149 31.391590 -22.792757
v 164.262909 31.302557 -22.716988
v 164.341721 31.218964 -22.638182
v 164.423370 31.141018 -22.556534
v 164.507660 31.068911 -22.472244
v 164.594376 31.002823 -22.385525
v 164.683319 30.942917 -22.296587
v 164.774246 30.889341 -22.205652
v 164.866959 30.842228 -22.112946
v 164.961197 30.801695 -22.018696
v 165.056763 30.767841 -21.923140
v 165.153397 30.740751 -21.826509
v 165.250854 30.720491 -21.729046
v 165.348907 30.707113 -21.630991
v 165.447311 30.700649 -21.532587
v 165.545822 30.701115 -21.434076
v 165.644196 30.708509 -21.335705
v 165.742188 30.722815 -21.237715
v 165.839554 30.743996 -21.140350
v 165.936050 30.771999 -21.043850
v 166.031448 30.806755 -20.948454
v 166.125504 30.848179 -20.854401
v 166.217987 30.896168 -20.761919
v 166.308655 30.950603 -20.671238
v 166.397308 31.011349 -20.582586
v 166.483719 31.078257 -20.496180
v 166.567657 31.151157 -20.412233
v 166.648941 31.229876 -20.330956
v 166.727356 31.314211 -20.252546
v 166.802704 31.403959 -20.177202
v 166.874786 31.498896 -20.105106
v 166.943466 31.598787 -20.036438
v 167.008530 31.703384 -19.971369
v 167.069839 31.812429 -19.910059
v 167.127243 31.925652 -19.852661
v 167.180588 32.042770 -19.799314
v 167.229736 32.163502 -19.750154
v 167.274597 32.287537 -19.705303
v 167.315033 32.414574 -19.664867
v 167.350952 32.544300 -19.628950
v 167.382263 32.676392 -19.597641
v 167.408890 32.810520 -19.571014
v 167.430756 32.946358 -19.549141
v 167.447830 33.083565 -19.532070
v 167.460052 33.221802 -19.519848
v 167.467392 33.360729 -19.512501
v 163.984909 41.184895 -23.000000
v 163.979904 41.189064 -23.000000
v 163.989929 41.180733 -23.000000
v 163.994965 41.176579 -23.000000
v 167.467392 43.139271 -19.512501
v 167.469849 43.000000 -19.510050
v 167.460052 43.278198 -19.519848
v 167.447830 43.416435 -19.532070
v 167.430756 43.553642 -19.549141
v 167.408890 43.689480 -19.571014
v 167.382263 43.823608 -19.597641
v 167.350952 43.955700 -19.628950
v 167.315033 44.085426 -19.664867
v 167.274597 44.212463 -19.705303
v 167.229736 44.336498 -19.750154
v 167.180588 44.457230 -19.799314
v 167.127243 44.574348 -19.852661
v 167.069839 44.687572 -19.910059
v 167.008530 44.796616 -19.971369
v 166.943466 44.901215 -20.036438
v 166.874786 45.001102 -20.105106
v 166.802704 45.096039 -20.177202
v 166.727356 45.185787 -20.252546
v 166.648941 45.270126 -20.330956
v 166.567657 45.348843 -20.412233
v 166.483719 45.421745 -20.496180
v 166.397308 45.488651 -20.582586
v 166.308655 45.549397 -20.671238
v 166.217987 45.603832 -20.761919
v 166.125504 45.651821 -20.854401
v 166.031448 45.693245 -20.948454
v 165.936050 45.728001 -21.043850
v 165.839554 45.756004 -21.140350
v 165.742188 45.777184 -21.237715
v 165.644196 45.791489 -21.335705
v 165.545822 45.798885 -21.434076
v 165.447311 45.799351 -21.532587
v 165.348907 45.792885 -21.630991
v 165.250854 45.779507 -21.729046
v 165.153397 45.759251 -21.826509
v 165.056763 45.732159 -21.923140
v 164.961197 45.698307 -22.018696
v 164.866959 45.657772 -22.112946
v 164.774246 45.610661 -22.205652
v 164.683319 45.557083 -22.296587
v 164.594376 45.497177 -22.385525
v 164.507660 45.431087 -22.472244
v 164.423370 45.358982 -22.556534
v 164.341721 45.281036 -22.638182
v 164.262909 45.197441 -22.716988
v 164.187149 45.108410 -22.792757
v 164.114594 45.014156 -22.865299
v 164.045456 44.914917 -22.934437
v 163.994965 44.823421 -23.000000
v 163.989929 44.819267 -23.000000
v 163.984909 44.815105 -23.000000
v 163.979904 44.810936 -23.000000
v 164.045456 41.085083 -22.934437
v 164.114594 40.985844 -22.865299
v 164.187149 40.891590 -22.792757
v 164.262909 40.802559 -22.716988
v 164.341721 40.718964 -22.638182
v 164.423370 40.641018 -22.556534
v 164.507660 40.568913 -22.472244
v 164.594376 40.502823 -22.385525
v 164.683319 40.442917 -22.296587
v 164.774246 40.389339 -22.205652
v 164.866959 40.342228 -22.112946
v 164.961197 40.301693 -22.018696
v 165.056763 40.267841 -21.923140
v 165.153397 40.240749 -21.826509
v 165.250854 40.220493 -21.729046
v 165.348907 40.207115 -21.630991
v 165.447311 40.200649 -21.532587
v 165.545822 40.201115 -21.434076
v 165.644196 40.208511 -21.335705
v 165.742188 40.222816 -21.237715
v 165.839554 40.243996 -21.140350
v 165.936050 40.271999 -21.043850
v 166.031448 40.306755 -20.948454
v 166.125504 40.348179 -20.854401
v 166.217987 40.396168 -20.761919
v 166.308655 40.450603 -20.671238
v 166.397308 40.511349 -20.582586
v 166.483719 40.578255 -20.496180
v 166.567657 40.651157 -20.412233
v 166.648941 40.729874 -20.330956
v 166.727356 40.814213 -20.252546
v 166.802704 40.903961 -20.177202
v 166.874786 40.998898 -20.105106
v 166.943466 41.098785 -20.036438
v 167.008530 41.203384 -19.971369
v 167.069839 41.312428 -19.910059
v 167.127243 41.425652 -19.852661
v 167.180588 41.542770 -19.799314
v 167.229736 41.663502 -19.750154
v 167.274597 41.787537 -19.705303
v 167.315033 41.914574 -19.664867
v 167.350952 42.044300 -19.628950
v 167.382263 42.176392 -19.597641
v 167.408890 42.310520 -19.571014
v 167.430756 42.446358 -19.549141
v 167.447830 42.583565 -19.532070
v 167.460052 42.721802 -19.519848
v 167.467392 42.860729 -19.512501
v 163.979904 67.000000 -23.000000
v 73.000000 36.250000 -39.500000
v 77.000000 36.750000 -39.000000
v 73.000000 36.750000 -39.000000
v 77.000000 36.750000 -37.500000
v 77.000000 31.750000 -37.500000
v 77.000000 31.750000 -39.000000
v 73.000000 32.250000 -39.500000
v 73.000000 31.750000 -39.000000
v 163.584030 50.599693 -16.759117
v 163.585785 50.500000 -16.757359
v 163.578766 50.699135 -16.764387
v 163.557739 50.896294 -16.785400
v 163.522964 51.089512 -16.820189
v 163.445740 51.367767 -16.897411
v 163.107346 51.999561 -17.235807
v 163.053314 52.063663 -17.289825
v 162.997116 52.123875 -17.346035
v 162.938843 52.180054 -17.404297
v 162.753220 52.323013 -17.589926
v 162.688248 52.361748 -17.654903
v 162.621979 52.395855 -17.721165
v 162.417145 52.469616 -17.925997
v 162.347427 52.484478 -17.995724
v 162.277252 52.494408 -18.065889
v 162.206833 52.499378 -18.136316
v 162.136322 52.499378 -18.206831
v 161.925995 52.469616 -18.417149
v 161.856888 52.449856 -18.486265
v 161.721161 52.395855 -18.621981
v 161.654907 52.361748 -18.688244
v 161.589920 52.323013 -18.753222
v 161.464462 52.232052 -18.878679
v 161.404297 52.180054 -18.938848
v 161.346039 52.123875 -18.997110
v 161.184113 51.931732 -19.159029
v 161.003098 51.626640 -19.340052
v 160.929581 51.456509 -19.413567
v 160.897415 51.367767 -19.445736
v 160.785400 50.896294 -19.557747
v 160.759125 50.599693 -19.584028
v 160.757355 50.500000 -19.585787
v 160.759125 50.400307 -19.584028
v 160.773148 50.201916 -19.569990
v 160.801086 50.006485 -19.542055
v 160.820190 49.910488 -19.522957
v 160.868408 49.723129 -19.474737
v 160.897415 49.632233 -19.445736
v 160.929581 49.543491 -19.413567
v 161.003098 49.373360 -19.340052
v 161.044250 49.292393 -19.298889
v 161.134888 49.139656 -19.208265
v 161.235809 49.000439 -19.107338
v 161.404297 48.819946 -18.938848
v 161.526398 48.720257 -18.816751
v 161.589920 48.676987 -18.753222
v 161.654907 48.638252 -18.688244
v 161.721161 48.604145 -18.621981
v 161.788544 48.574753 -18.554600
v 161.856888 48.550144 -18.486265
v 162.136322 48.500622 -18.206831
v 162.277252 48.505592 -18.065889
v 162.486267 48.550144 -17.856880
v 162.621979 48.604145 -17.721165
v 162.688248 48.638252 -17.654903
v 162.753220 48.676987 -17.589926
v 162.816757 48.720257 -17.526394
v 162.878677 48.767948 -17.464466
v 163.254929 49.214424 -17.088223
v 163.298889 49.292393 -17.044258
v 163.340057 49.373360 -17.003096
v 163.413559 49.543491 -16.929581
v 163.445740 49.632233 -16.897411
v 163.500504 49.815960 -16.842648
v 163.522964 49.910488 -16.820189
v 163.542053 50.006485 -16.801090
v 163.569992 50.201916 -16.773155
v 163.578766 50.300865 -16.764387
v 163.584030 16.599691 -16.759117
v 163.585785 16.500000 -16.757359
v 163.578766 16.699135 -16.764387
v 163.569992 16.798084 -16.773155
v 163.542053 16.993515 -16.801090
v 163.522964 17.089510 -16.820189
v 163.474731 17.276869 -16.868408
v 163.378311 17.542870 -16.964838
v 163.340057 17.626640 -17.003096
v 163.254929 17.785576 -17.088223
v 163.159027 17.931734 -17.184116
v 163.053314 18.063663 -17.289825
v 162.938843 18.180052 -17.404297
v 162.753220 18.323011 -17.589926
v 162.688248 18.361748 -17.654903
v 162.621979 18.395855 -17.721165
v 162.554596 18.425249 -17.788548
v 162.486267 18.449856 -17.856880
v 162.417145 18.469616 -17.925997
v 162.277252 18.494408 -18.065889
v 162.206833 18.499378 -18.136316
v 162.065887 18.494408 -18.277258
v 161.995728 18.484478 -18.347422
v 161.856888 18.449856 -18.486265
v 161.788544 18.425249 -18.554600
v 161.721161 18.395855 -18.621981
v 161.654907 18.361748 -18.688244
v 161.589920 18.323011 -18.753222
v 161.526398 18.279743 -18.816751
v 161.464462 18.232050 -18.878679
v 161.346039 18.123877 -18.997110
v 161.184113 17.931734 -19.159029
v 161.088226 17.785576 -19.254923
v 161.003098 17.626640 -19.340052
v 160.964844 17.542870 -19.378309
v 160.929581 17.456509 -19.413567
v 160.897415 17.367767 -19.445736
v 160.842651 17.184040 -19.500500
v 160.820190 17.089510 -19.522957
v 160.785400 16.896292 -19.557747
v 160.764389 16.699135 -19.578758
v 160.757355 16.500000 -19.585787
v 160.759125 16.400309 -19.584028
v 160.764389 16.300865 -19.578758
v 160.842651 15.815960 -19.500500
v 160.868408 15.723130 -19.474737
v 161.044250 15.292391 -19.298889
v 161.134888 15.139654 -19.208265
v 161.184113 15.068266 -19.159029
v 161.235809 15.000438 -19.107338
v 161.404297 14.819948 -18.938848
v 161.464462 14.767949 -18.878679
v 161.526398 14.720257 -18.816751
v 161.589920 14.676989 -18.753222
v 161.654907 14.638252 -18.688244
v 161.721161 14.604145 -18.621981
v 161.856888 14.550144 -18.486265
v 161.995728 14.515522 -18.347422
v 162.065887 14.505592 -18.277258
v 162.136322 14.500622 -18.206831
v 162.347427 14.515522 -17.995724
v 162.417145 14.530384 -17.925997
v 162.621979 14.604145 -17.721165
v 162.878677 14.767949 -17.464466
v 162.938843 14.819948 -17.404297
v 163.107346 15.000438 -17.235807
v 163.159027 15.068266 -17.184116
v 163.254929 15.214425 -17.088223
v 163.298889 15.292391 -17.044258
v 163.378311 15.457129 -16.964838
v 163.413559 15.543492 -16.929581
v 163.474731 15.723130 -16.868408
v 163.500504 15.815960 -16.842648
v 163.522964 15.910490 -16.820189
v 163.557739 16.103708 -16.785400
v 163.569992 16.201916 -16.773155
v 163.578766 16.300865 -16.764387
v 163.584030 16.400309 -16.759117
v 75.596771 15.129600 -39.000000
v 75.599998 15.000000 -39.000000
v 75.587082 15.258877 -39.000000
v 75.570961 15.387510 -39.000000
v 75.548447 15.515180 -39.000000
v 75.519600 15.641569 -39.000000
v 75.484489 15.766363 -39.000000
v 75.443199 15.889253 -39.000000
v 75.395836 16.009930 -39.000000
v 75.342522 16.128098 -39.000000
v 75.283379 16.243460 -39.000000
v 75.218559 16.355732 -39.000000
v 75.148224 16.464632 -39.000000
v 75.072548 16.569891 -39.000000
v 74.991714 16.671247 -39.000000
v 74.905937 16.768450 -39.000000
v 74.815414 16.861254 -39.000000
v 74.720383 16.949430 -39.000000
v 74.621071 17.032763 -39.000000
v 74.517731 17.111038 -39.000000
v 74.410622 17.184067 -39.000000
v 74.300003 17.251665 -39.000000
v 74.186150 17.313667 -39.000000
v 74.069344 17.369915 -39.000000
v 73.949890 17.420271 -39.000000
v 73.828064 17.464611 -39.000000
v 73.704185 17.502823 -39.000000
v 73.578552 17.534813 -39.000000
v 73.451485 17.560501 -39.000000
v 73.323296 17.579823 -39.000000
v 73.194298 17.592730 -39.000000
v 73.064819 17.599192 -39.000000
v 72.935181 17.599192 -39.000000
v 72.805702 17.592730 -39.000000
v 72.676704 17.579823 -39.000000
v 72.548515 17.560501 -39.000000
v 72.421448 17.534813 -39.000000
v 72.295815 17.502823 -39.000000
v 72.171936 17.464611 -39.000000
v 72.050110 17.420271 -39.000000
v 71.930656 17.369915 -39.000000
v 71.813850 17.313667 -39.000000
v 71.699997 17.251665 -39.000000
v 71.589378 17.184067 -39.000000
v 71.482269 17.111038 -39.000000
v 71.378929 17.032763 -39.000000
v 71.279617 16.949430 -39.000000
v 71.184586 16.861254 -39.000000
v 71.094063 16.768450 -39.000000
v 71.008286 16.671247 -39.000000
v 70.927452 16.569891 -39.000000
v 70.851776 16.464632 -39.000000
v 70.781441 16.355732 -39.000000
v 70.716621 16.243460 -39.000000
v 70.657478 16.128098 -39.000000
v 70.604164 16.009930 -39.000000
v 70.556801 15.889253 -39.000000
v 70.515511 15.766363 -39.000000
v 70.480400 15.641569 -39.000000
v 70.451553 15.515180 -39.000000
v 70.429039 15.387510 -39.000000
v 70.412918 15.258877 -39.000000
v 70.403229 15.129600 -39.000000
v 70.400002 15.000000 -39.000000
v 70.403229 14.870400 -39.000000
v 70.412918 14.741123 -39.000000
v 70.429039 14.612490 -39.000000
v 70.451553 14.484820 -39.000000
v 70.480400 14.358431 -39.000000
v 70.515511 14.233637 -39.000000
v 70.556801 14.110747 -39.000000
v 70.604164 13.990069 -39.000000
v 70.657478 13.871902 -39.000000
v 70.716621 13.756539 -39.000000
v 70.781441 13.644268 -39.000000
v 70.851776 13.535368 -39.000000
v 70.927452 13.430108 -39.000000
v 71.008286 13.328753 -39.000000
v 71.094063 13.231551 -39.000000
v 71.184586 13.138746 -39.000000
v 71.279617 13.050569 -39.000000
v 71.378929 12.967238 -39.000000
v 71.482269 12.888961 -39.000000
v 71.589378 12.815932 -39.000000
v 71.699997 12.748334 -39.000000
v 71.813850 12.686334 -39.000000
v 71.930656 12.630085 -39.000000
v 72.050110 12.579728 -39.000000
v 72.171936 12.535389 -39.000000
v 72.295815 12.497177 -39.000000
v 72.421448 12.465187 -39.000000
v 72.548515 12.439500 -39.000000
v 72.676704 12.420178 -39.000000
v 72.805702 12.407270 -39.000000
v 72.935181 12.400808 -39.000000
v 73.064819 12.400808 -39.000000
v 73.194298 12.407270 -39.000000
v 73.323296 12.420178 -39.000000
v 73.451485 12.439500 -39.000000
v 73.578552 12.465187 -39.000000
v 73.704185 12.497177 -39.000000
v 73.828064 12.535389 -39.000000
v 73.949890 12.579728 -39.000000
v 74.069344 12.630085 -39.000000
v 74.186150 12.686334 -39.000000
v 74.300003 12.748334 -39.000000
v 74.410622 12.815932 -39.000000
v 74.517731 12.888961 -39.000000
v 74.621071 12.967238 -39.000000
v 74.720383 13.050569 -39.000000
v 74.815414 13.138746 -39.000000
v 74.905937 13.231551 -39.000000
v 74.991714 13.328753 -39.000000
v 75.072548 13.430108 -39.000000
v 75.148224 13.535368 -39.000000
v 75.218559 13.644268 -39.000000
v 75.283379 13.756539 -39.000000
v 75.342522 13.871902 -39.000000
v 75.395836 13.990069 -39.000000
v 75.443199 14.110747 -39.000000
v 75.484489 14.233637 -39.000000
v 75.519600 14.358431 -39.000000
v 75.548447 14.484820 -39.000000
v 75.570961 14.612490 -39.000000
v 75.587082 14.741123 -39.000000
v 75.596771 14.870400 -39.000000
v 73.000000 31.500000 -39.500000
v 67.000000 31.500000 -39.500000
v 67.000000 37.500000 -39.500000
v 73.000000 37.500000 -39.500000
v 73.000000 36.750000 -37.500000
v 73.000000 31.750000 -37.500000
v 161.184113 49.068268 -19.159029
v 161.677841 49.784134 -18.665300
v 161.703690 49.750217 -18.639456
v 161.629898 49.857212 -18.713247
v 161.088226 49.214424 -19.254923
v 161.730698 49.718170 -18.612446
v 161.289825 48.936337 -19.053320
v 161.346039 48.876125 -18.997110
v 161.587341 49.936680 -18.755812
v 160.964844 49.457130 -19.378309
v 161.464462 48.767948 -18.878679
v 161.848984 49.610126 -18.494162
v 161.534485 50.066116 -18.808655
v 161.507111 50.157978 -18.836037
v 160.842651 49.815960 -19.500500
v 161.946365 49.552074 -18.396776
v 161.495880 50.205246 -18.847265
v 161.980057 49.537376 -18.363087
v 161.486328 50.253242 -18.856813
v 160.785400 50.103706 -19.557747
v 162.048782 49.515194 -18.294361
v 161.925995 48.530384 -18.417149
v 161.472366 50.350956 -18.870781
v 162.083649 49.507759 -18.259497
v 161.995728 48.515522 -18.347422
v 161.467987 50.400433 -18.875166
v 160.764389 50.300865 -19.578758
v 162.118729 49.502796 -18.224415
v 162.065887 48.505592 -18.277258
v 162.153946 49.500309 -18.189201
v 161.464462 50.500000 -18.878679
v 162.189209 49.500309 -18.153944
v 162.206833 48.500622 -18.136316
v 161.465347 50.549847 -18.877800
v 162.347427 48.515522 -17.995724
v 160.764389 50.699135 -19.578758
v 162.259491 49.507759 -18.083649
v 160.773148 50.798084 -19.569990
v 162.417145 48.530384 -17.925997
v 161.478485 50.698147 -18.864660
v 162.328918 49.525070 -18.014227
v 161.486328 50.746758 -18.856813
v 160.801086 50.993515 -19.542055
v 162.554596 48.574753 -17.788548
v 161.495880 50.794754 -18.847265
v 160.820190 51.089512 -19.522957
v 161.507111 50.842022 -18.836037
v 160.842651 51.184040 -19.500500
v 162.429901 49.569126 -17.913239
v 161.519989 50.888435 -18.823154
v 160.868408 51.276871 -19.474737
v 161.534485 50.933884 -18.808655
v 162.525131 49.633976 -17.818020
v 160.964844 51.542870 -19.378309
v 162.938843 48.819946 -17.404297
v 161.587341 51.063320 -18.755812
v 162.997116 48.876125 -17.346035
v 161.044250 51.707607 -19.298889
v 163.053314 48.936337 -17.289825
v 161.088226 51.785576 -19.254923
v 163.107346 49.000439 -17.235807
v 161.134888 51.860344 -19.208265
v 162.665298 49.784134 -17.677845
v 163.159027 49.068268 -17.184116
v 163.208267 49.139656 -17.134880
v 161.235809 51.999561 -19.107338
v 162.713242 49.857212 -17.629898
v 161.289825 52.063663 -19.053320
v 161.730698 51.281830 -18.612446
v 161.787933 51.340027 -18.555210
v 162.755814 49.936680 -17.587334
v 163.378311 49.457130 -16.964838
v 162.774948 49.978565 -17.568205
v 161.818024 51.366024 -18.525126
v 161.848984 51.389874 -18.494162
v 162.792572 50.021748 -17.550577
v 162.808655 50.066116 -17.534492
v 161.526398 52.279743 -18.816751
v 161.880753 51.411507 -18.462397
v 161.913239 51.430874 -18.429909
v 163.474731 49.723129 -16.868408
v 162.823151 50.111565 -17.519991
v 162.836029 50.157978 -17.507111
v 161.946365 51.447926 -18.396776
v 161.980057 51.462624 -18.363087
v 161.788544 52.425247 -18.554600
v 162.014221 51.474930 -18.328918
v 162.864655 50.301853 -17.478487
v 162.048782 51.484806 -18.294361
v 163.557739 50.103706 -16.785400
v 162.083649 51.492241 -18.259497
v 162.870789 50.350956 -17.472364
v 161.995728 52.484478 -18.347422
v 162.875168 50.400433 -17.467979
v 162.877808 50.450153 -17.465345
v 162.065887 52.494408 -18.277258
v 162.118729 51.497204 -18.224415
v 163.584030 50.400307 -16.759117
v 162.877808 50.549847 -17.465345
v 162.189209 51.499691 -18.153944
v 162.259491 51.492241 -18.083649
v 162.294357 51.484806 -18.048784
v 163.569992 50.798084 -16.773155
v 162.864655 50.698147 -17.478487
v 162.486267 52.449856 -17.856880
v 163.542053 50.993515 -16.801090
v 162.856812 50.746758 -17.486332
v 162.554596 52.425247 -17.788548
v 162.396774 51.447926 -17.946369
v 163.500504 51.184040 -16.842648
v 162.836029 50.842022 -17.507111
v 162.429901 51.430874 -17.913239
v 163.474731 51.276871 -16.868408
v 162.823151 50.888435 -17.519991
v 162.462402 51.411507 -17.880749
v 162.816757 52.279743 -17.526394
v 162.525131 51.366024 -17.818020
v 163.413559 51.456509 -16.929581
v 162.792572 50.978252 -17.550577
v 162.878677 52.232052 -17.464466
v 163.378311 51.542870 -16.964838
v 162.584335 51.311939 -17.758804
v 163.340057 51.626640 -17.003096
v 162.755814 51.063320 -17.587334
v 162.612442 51.281830 -17.730700
v 163.298889 51.707607 -17.044258
v 162.735229 51.103806 -17.607916
v 163.254929 51.785576 -17.088223
v 162.713242 51.142788 -17.629898
v 163.208267 51.860344 -17.134880
v 162.689926 51.180172 -17.653227
v 163.159027 51.931732 -17.184116
v 162.665298 51.215866 -17.677845
v 161.677841 15.784133 -18.665300
v 161.629898 15.857212 -18.713247
v 161.088226 15.214425 -19.254923
v 161.289825 14.936337 -19.053320
v 161.758804 15.688062 -18.584341
v 161.346039 14.876124 -18.997110
v 161.587341 15.936680 -18.755812
v 161.003098 15.373360 -19.340052
v 161.787933 15.659974 -18.555210
v 161.568207 15.978565 -18.774940
v 160.964844 15.457129 -19.378309
v 160.929581 15.543492 -19.413567
v 161.848984 15.610128 -18.494162
v 160.897415 15.632233 -19.445736
v 161.519989 16.111565 -18.823154
v 161.507111 16.157980 -18.836037
v 161.495880 16.205244 -18.847265
v 160.820190 15.910490 -19.522957
v 161.980057 15.537375 -18.363087
v 161.788544 14.574752 -18.554600
v 161.486328 16.253242 -18.856813
v 160.801086 16.006485 -19.542055
v 161.478485 16.301853 -18.864660
v 160.785400 16.103708 -19.557747
v 162.048782 15.515192 -18.294361
v 161.925995 14.530384 -18.417149
v 160.773148 16.201916 -19.569990
v 161.467987 16.400433 -18.875166
v 162.118729 15.502796 -18.224415
v 161.464462 16.500000 -18.878679
v 162.189209 15.500311 -18.153944
v 162.206833 14.500622 -18.136316
v 161.465347 16.549847 -18.877800
v 160.759125 16.599691 -19.584028
v 162.277252 14.505592 -18.065889
v 160.773148 16.798084 -19.569990
v 161.478485 16.698147 -18.864660
v 162.486267 14.550144 -17.856880
v 160.801086 16.993515 -19.542055
v 162.363083 15.537375 -17.980061
v 162.554596 14.574752 -17.788548
v 162.429901 15.569126 -17.913239
v 162.688248 14.638252 -17.654903
v 160.868408 17.276869 -19.474737
v 162.753220 14.676989 -17.589926
v 162.816757 14.720257 -17.526394
v 162.525131 15.633975 -17.818020
v 161.568207 17.021435 -18.774940
v 162.555206 15.659974 -17.787935
v 161.587341 17.063320 -18.755812
v 162.584335 15.688062 -17.758804
v 162.997116 14.876124 -17.346035
v 161.044250 17.707609 -19.298889
v 163.053314 14.936337 -17.289825
v 161.629898 17.142788 -18.713247
v 162.639450 15.750218 -17.703690
v 161.134888 17.860346 -19.208265
v 162.665298 15.784133 -17.677845
v 161.677841 17.215866 -18.665300
v 163.208267 15.139654 -17.134880
v 162.689926 15.819827 -17.653227
v 161.235809 17.999563 -19.107338
v 161.703690 17.249781 -18.639456
v 162.713242 15.857212 -17.629898
v 161.289825 18.063663 -19.053320
v 161.730698 17.281832 -18.612446
v 161.758804 17.311937 -18.584341
v 163.340057 15.373360 -17.003096
v 161.404297 18.180052 -18.938848
v 162.774948 15.978565 -17.568205
v 161.818024 17.366026 -18.525126
v 162.808655 16.066116 -17.534492
v 163.445740 15.632233 -16.897411
v 161.880753 17.411507 -18.462397
v 162.823151 16.111565 -17.519991
v 161.946365 17.447927 -18.396776
v 161.980057 17.462624 -18.363087
v 162.847260 16.205244 -17.495880
v 162.014221 17.474928 -18.328918
v 163.542053 16.006485 -16.801090
v 162.856812 16.253242 -17.486332
v 162.864655 16.301853 -17.478487
v 162.048782 17.484808 -18.294361
v 161.925995 18.469616 -18.417149
v 162.083649 17.492239 -18.259497
v 162.870789 16.350958 -17.472364
v 162.877808 16.450153 -17.465345
v 162.136322 18.499378 -18.206831
v 162.153946 17.499689 -18.189201
v 162.877808 16.549847 -17.465345
v 162.878677 16.500000 -17.464466
v 162.347427 18.484478 -17.995724
v 162.259491 17.492239 -18.083649
v 162.294357 17.484808 -18.048784
v 162.870789 16.649042 -17.472364
v 162.328918 17.474928 -18.014227
v 163.557739 16.896292 -16.785400
v 162.856812 16.746758 -17.486332
v 162.363083 17.462624 -17.980061
v 162.396774 17.447927 -17.946369
v 162.847260 16.794756 -17.495880
v 163.500504 17.184040 -16.842648
v 162.429901 17.430874 -17.913239
v 163.445740 17.367767 -16.897411
v 162.816757 18.279743 -17.526394
v 162.494156 17.389872 -17.848984
v 162.525131 17.366026 -17.818020
v 163.413559 17.456509 -16.929581
v 162.878677 18.232050 -17.464466
v 162.774948 17.021435 -17.568205
v 162.755814 17.063320 -17.587334
v 162.997116 18.123877 -17.346035
v 162.612442 17.281832 -17.730700
v 163.298889 17.707609 -17.044258
v 162.735229 17.103804 -17.607916
v 163.107346 17.999563 -17.235807
v 163.208267 17.860346 -17.134880
v 162.689926 17.180172 -17.653227
v 162.878677 50.500000 -17.464466
v 165.207108 50.500000 -19.792892
v 165.206223 50.549847 -19.793772
v 162.875168 50.599567 -17.467979
v 165.203598 50.599567 -19.796408
v 162.870789 50.649044 -17.472364
v 165.199203 50.649044 -19.800791
v 165.193085 50.698147 -19.806913
v 165.185242 50.746758 -19.814758
v 165.175690 50.794754 -19.824308
v 162.847260 50.794754 -17.495880
v 165.164459 50.842022 -19.835537
v 165.151581 50.888435 -19.848417
v 162.808655 50.933884 -17.534492
v 165.137085 50.933884 -19.862919
v 165.121002 50.978252 -19.879004
v 162.774948 51.021435 -17.568205
v 165.103363 51.021435 -19.896633
v 165.084244 51.063320 -19.915760
v 165.063660 51.103806 -19.936342
v 165.041672 51.142788 -19.958324
v 165.018341 51.180172 -19.981653
v 164.993729 51.215866 -20.006271
v 164.967880 51.249783 -20.032118
v 162.639450 51.249783 -17.703690
v 164.940872 51.281830 -20.059126
v 164.912766 51.311939 -20.087231
v 164.883636 51.340027 -20.116362
v 162.555206 51.340027 -17.787935
v 164.853546 51.366024 -20.146446
v 162.494156 51.389874 -17.848984
v 164.822586 51.389874 -20.177410
v 164.790817 51.411507 -20.209177
v 164.758331 51.430874 -20.241665
v 164.725204 51.447926 -20.274796
v 164.691513 51.462624 -20.308487
v 162.363083 51.462624 -17.980061
v 164.657349 51.474930 -20.342653
v 162.328918 51.474930 -18.014227
v 164.622787 51.484806 -20.377213
v 164.587921 51.492241 -20.412075
v 162.224411 51.497204 -18.118731
v 164.552841 51.497204 -20.447157
v 164.517624 51.499691 -20.482372
v 162.153946 51.499691 -18.189201
v 164.482376 51.499691 -20.517628
v 164.447159 51.497204 -20.552843
v 164.412079 51.492241 -20.587925
v 164.377213 51.484806 -20.622787
v 164.342651 51.474930 -20.657347
v 164.308487 51.462624 -20.691513
v 164.274796 51.447926 -20.725204
v 164.241669 51.430874 -20.758335
v 164.209183 51.411507 -20.790823
v 164.177414 51.389874 -20.822590
v 164.146454 51.366024 -20.853554
v 164.116364 51.340027 -20.883638
v 161.758804 51.311939 -18.584341
v 164.087234 51.311939 -20.912769
v 164.059128 51.281830 -20.940874
v 161.703690 51.249783 -18.639456
v 164.032120 51.249783 -20.967882
v 164.006271 51.215866 -20.993729
v 161.677841 51.215866 -18.665300
v 163.981659 51.180172 -21.018347
v 161.653229 51.180172 -18.689919
v 163.958328 51.142788 -21.041676
v 161.629898 51.142788 -18.713247
v 163.936340 51.103806 -21.063658
v 161.607910 51.103806 -18.735231
v 163.915756 51.063320 -21.084240
v 163.896637 51.021435 -21.103367
v 161.568207 51.021435 -18.774940
v 163.878998 50.978252 -21.120996
v 161.550583 50.978252 -18.792570
v 163.862915 50.933884 -21.137081
v 163.848419 50.888435 -21.151583
v 163.835541 50.842022 -21.164463
v 163.824310 50.794754 -21.175692
v 163.814758 50.746758 -21.185242
v 163.806915 50.698147 -21.193087
v 161.472366 50.649044 -18.870781
v 163.800797 50.649044 -21.199209
v 161.467987 50.599567 -18.875166
v 163.796402 50.599567 -21.203592
v 163.793777 50.549847 -21.206228
v 163.792892 50.500000 -21.207108
v 161.465347 50.450153 -18.877800
v 163.793777 50.450153 -21.206228
v 163.796402 50.400433 -21.203592
v 163.800797 50.350956 -21.199209
v 161.478485 50.301853 -18.864660
v 163.806915 50.301853 -21.193087
v 163.814758 50.253242 -21.185242
v 163.824310 50.205246 -21.175692
v 163.835541 50.157978 -21.164463
v 161.519989 50.111565 -18.823154
v 163.848419 50.111565 -21.151583
v 163.862915 50.066116 -21.137081
v 161.550583 50.021748 -18.792570
v 163.878998 50.021748 -21.120996
v 161.568207 49.978565 -18.774940
v 163.896637 49.978565 -21.103367
v 163.915756 49.936680 -21.084240
v 161.607910 49.896194 -18.735231
v 163.936340 49.896194 -21.063658
v 163.958328 49.857212 -21.041676
v 161.653229 49.819828 -18.689919
v 163.981659 49.819828 -21.018347
v 164.006271 49.784134 -20.993729
v 164.032120 49.750217 -20.967882
v 164.059128 49.718170 -20.940874
v 161.758804 49.688061 -18.584341
v 164.087234 49.688061 -20.912769
v 164.116364 49.659973 -20.883638
v 161.787933 49.659973 -18.555210
v 164.146454 49.633976 -20.853554
v 161.818024 49.633976 -18.525126
v 164.177414 49.610126 -20.822590
v 161.880753 49.588493 -18.462397
v 164.209183 49.588493 -20.790823
v 161.913239 49.569126 -18.429909
v 164.241669 49.569126 -20.758335
v 164.274796 49.552074 -20.725204
v 164.308487 49.537376 -20.691513
v 162.014221 49.525070 -18.328918
v 164.342651 49.525070 -20.657347
v 164.377213 49.515194 -20.622787
v 164.412079 49.507759 -20.587925
v 164.447159 49.502796 -20.552843
v 164.482376 49.500309 -20.517628
v 164.517624 49.500309 -20.482372
v 162.224411 49.502796 -18.118731
v 164.552841 49.502796 -20.447157
v 164.587921 49.507759 -20.412075
v 162.294357 49.515194 -18.048784
v 164.622787 49.515194 -20.377213
v 164.657349 49.525070 -20.342653
v 162.363083 49.537376 -17.980061
v 164.691513 49.537376 -20.308487
v 162.396774 49.552074 -17.946369
v 164.725204 49.552074 -20.274796
v 164.758331 49.569126 -20.241665
v 162.462402 49.588493 -17.880749
v 164.790817 49.588493 -20.209177
v 164.822586 49.610126 -20.177410
v 162.494156 49.610126 -17.848984
v 164.853546 49.633976 -20.146446
v 162.555206 49.659973 -17.787935
v 164.883636 49.659973 -20.116362
v 162.584335 49.688061 -17.758804
v 164.912766 49.688061 -20.087231
v 162.612442 49.718170 -17.730700
v 164.940872 49.718170 -20.059126
v 162.639450 49.750217 -17.703690
v 164.967880 49.750217 -20.032118
v 164.993729 49.784134 -20.006271
v 162.689926 49.819828 -17.653227
v 165.018341 49.819828 -19.981653
v 165.041672 49.857212 -19.958324
v 162.735229 49.896194 -17.607916
v 165.063660 49.896194 -19.936342
v 165.084244 49.936680 -19.915760
v 165.103363 49.978565 -19.896633
v 165.121002 50.021748 -19.879004
v 165.137085 50.066116 -19.862919
v 165.151581 50.111565 -19.848417
v 165.164459 50.157978 -19.835537
v 162.847260 50.205246 -17.495880
v 165.175690 50.205246 -19.824308
v 162.856812 50.253242 -17.486332
v 165.185242 50.253242 -19.814758
v 165.193085 50.301853 -19.806913
v 165.199203 50.350956 -19.800791
v 165.203598 50.400433 -19.796408
v 165.206223 50.450153 -19.793772
v 165.207108 16.500000 -19.792892
v 165.206223 16.549847 -19.793772
v 162.875168 16.599567 -17.467979
v 165.203598 16.599567 -19.796408
v 165.199203 16.649042 -19.800791
v 162.864655 16.698147 -17.478487
v 165.193085 16.698147 -19.806913
v 165.185242 16.746758 -19.814758
v 165.175690 16.794756 -19.824308
v 162.836029 16.842020 -17.507111
v 165.164459 16.842020 -19.835537
v 165.151581 16.888435 -19.848417
v 162.823151 16.888435 -17.519991
v 162.808655 16.933884 -17.534492
v 165.137085 16.933884 -19.862919
v 162.792572 16.978254 -17.550577
v 165.121002 16.978254 -19.879004
v 165.103363 17.021435 -19.896633
v 165.084244 17.063320 -19.915760
v 165.063660 17.103804 -19.936342
v 162.713242 17.142788 -17.629898
v 165.041672 17.142788 -19.958324
v 165.018341 17.180172 -19.981653
v 162.665298 17.215866 -17.677845
v 164.993729 17.215866 -20.006271
v 164.967880 17.249781 -20.032118
v 162.639450 17.249781 -17.703690
v 164.940872 17.281832 -20.059126
v 162.584335 17.311937 -17.758804
v 164.912766 17.311937 -20.087231
v 164.883636 17.340027 -20.116362
v 162.555206 17.340027 -17.787935
v 164.853546 17.366026 -20.146446
v 164.822586 17.389872 -20.177410
v 162.462402 17.411507 -17.880749
v 164.790817 17.411507 -20.209177
v 164.758331 17.430874 -20.241665
v 164.725204 17.447927 -20.274796
v 164.691513 17.462624 -20.308487
v 164.657349 17.474928 -20.342653
v 164.622787 17.484808 -20.377213
v 164.587921 17.492239 -20.412075
v 162.224411 17.497204 -18.118731
v 164.552841 17.497204 -20.447157
v 162.189209 17.499689 -18.153944
v 164.517624 17.499689 -20.482372
v 164.482376 17.499689 -20.517628
v 162.118729 17.497204 -18.224415
v 164.447159 17.497204 -20.552843
v 164.412079 17.492239 -20.587925
v 164.377213 17.484808 -20.622787
v 164.342651 17.474928 -20.657347
v 164.308487 17.462624 -20.691513
v 164.274796 17.447927 -20.725204
v 161.913239 17.430874 -18.429909
v 164.241669 17.430874 -20.758335
v 164.209183 17.411507 -20.790823
v 164.177414 17.389872 -20.822590
v 161.848984 17.389872 -18.494162
v 164.146454 17.366026 -20.853554
v 161.787933 17.340027 -18.555210
v 164.116364 17.340027 -20.883638
v 164.087234 17.311937 -20.912769
v 164.059128 17.281832 -20.940874
v 164.032120 17.249781 -20.967882
v 164.006271 17.215866 -20.993729
v 163.981659 17.180172 -21.018347
v 161.653229 17.180172 -18.689919
v 163.958328 17.142788 -21.041676
v 163.936340 17.103804 -21.063658
v 161.607910 17.103804 -18.735231
v 163.915756 17.063320 -21.084240
v 163.896637 17.021435 -21.103367
v 163.878998 16.978254 -21.120996
v 161.550583 16.978254 -18.792570
v 163.862915 16.933884 -21.137081
v 161.534485 16.933884 -18.808655
v 163.848419 16.888435 -21.151583
v 161.519989 16.888435 -18.823154
v 163.835541 16.842020 -21.164463
v 161.507111 16.842020 -18.836037
v 161.495880 16.794756 -18.847265
v 163.824310 16.794756 -21.175692
v 161.486328 16.746758 -18.856813
v 163.814758 16.746758 -21.185242
v 163.806915 16.698147 -21.193087
v 161.472366 16.649042 -18.870781
v 163.800797 16.649042 -21.199209
v 161.467987 16.599567 -18.875166
v 163.796402 16.599567 -21.203592
v 163.793777 16.549847 -21.206228
v 163.792892 16.500000 -21.207108
v 161.465347 16.450153 -18.877800
v 163.793777 16.450153 -21.206228
v 163.796402 16.400433 -21.203592
v 161.472366 16.350958 -18.870781
v 163.800797 16.350958 -21.199209
v 163.806915 16.301853 -21.193087
v 163.814758 16.253242 -21.185242
v 163.824310 16.205244 -21.175692
v 163.835541 16.157980 -21.164463
v 163.848419 16.111565 -21.151583
v 161.534485 16.066116 -18.808655
v 163.862915 16.066116 -21.137081
v 161.550583 16.021746 -18.792570
v 163.878998 16.021746 -21.120996
v 163.896637 15.978565 -21.103367
v 163.915756 15.936680 -21.084240
v 161.607910 15.896195 -18.735231
v 163.936340 15.896195 -21.063658
v 163.958328 15.857212 -21.041676
v 161.653229 15.819827 -18.689919
v 163.981659 15.819827 -21.018347
v 164.006271 15.784133 -20.993729
v 161.703690 15.750218 -18.639456
v 164.032120 15.750218 -20.967882
v 161.730698 15.718168 -18.612446
v 164.059128 15.718168 -20.940874
v 164.087234 15.688062 -20.912769
v 164.116364 15.659974 -20.883638
v 164.146454 15.633975 -20.853554
v 161.818024 15.633975 -18.525126
v 164.177414 15.610128 -20.822590
v 161.880753 15.588494 -18.462397
v 164.209183 15.588494 -20.790823
v 161.913239 15.569126 -18.429909
v 164.241669 15.569126 -20.758335
v 161.946365 15.552073 -18.396776
v 164.274796 15.552073 -20.725204
v 164.308487 15.537375 -20.691513
v 162.014221 15.525072 -18.328918
v 164.342651 15.525072 -20.657347
v 164.377213 15.515192 -20.622787
v 162.083649 15.507761 -18.259497
v 164.412079 15.507761 -20.587925
v 164.447159 15.502796 -20.552843
v 162.153946 15.500311 -18.189201
v 164.482376 15.500311 -20.517628
v 164.517624 15.500311 -20.482372
v 162.224411 15.502796 -18.118731
v 164.552841 15.502796 -20.447157
v 162.259491 15.507761 -18.083649
v 164.587921 15.507761 -20.412075
v 162.294357 15.515192 -18.048784
v 164.622787 15.515192 -20.377213
v 164.657349 15.525072 -20.342653
v 162.328918 15.525072 -18.014227
v 164.691513 15.537375 -20.308487
v 162.396774 15.552073 -17.946369
v 164.725204 15.552073 -20.274796
v 164.758331 15.569126 -20.241665
v 162.462402 15.588494 -17.880749
v 164.790817 15.588494 -20.209177
v 164.822586 15.610128 -20.177410
v 162.494156 15.610128 -17.848984
v 164.853546 15.633975 -20.146446
v 164.883636 15.659974 -20.116362
v 164.912766 15.688062 -20.087231
v 162.612442 15.718168 -17.730700
v 164.940872 15.718168 -20.059126
v 164.967880 15.750218 -20.032118
v 164.993729 15.784133 -20.006271
v 165.018341 15.819827 -19.981653
v 165.041672 15.857212 -19.958324
v 162.735229 15.896195 -17.607916
v 165.063660 15.896195 -19.936342
v 162.755814 15.936680 -17.587334
v 165.084244 15.936680 -19.915760
v 165.103363 15.978565 -19.896633
v 162.792572 16.021746 -17.550577
v 165.121002 16.021746 -19.879004
v 165.137085 16.066116 -19.862919
v 165.151581 16.111565 -19.848417
v 162.836029 16.157980 -17.507111
v 165.164459 16.157980 -19.835537
v 165.175690 16.205244 -19.824308
v 165.185242 16.253242 -19.814758
v 165.193085 16.301853 -19.806913
v 165.199203 16.350958 -19.800791
v 162.875168 16.400433 -17.467979
v 165.203598 16.400433 -19.796408
v 165.206223 16.450153 -19.793772
vn 1.000000 0.000000 0.000000
vn 1.000000 0.000000 0.000000
vn 1.000000 0.000000 0.000000
vn 1.000000 -0.000000 0.000000
vn 1.000000 0.000000 0.000000
vn 1.000000 -0.000000 0.000000
vn -0.999781 -0.020912 0.000000
vn -0.999689 -0.024941 0.000096
vn -0.997203 -0.074746 0.000157
vn -0.998042 -0.062554 -0.000078
vn -0.992242 -0.124323 0.000178
vn -0.994547 -0.104287 -0.000117
vn -0.990336 -0.138692 0.000000
vn -0.984804 -0.173668 0.000113
vn -0.988751 -0.149574 -0.000175
vn -0.986301 -0.164952 0.000836
vn -0.974937 -0.222482 0.000115
vn -0.978997 -0.203876 -0.000114
vn -0.962627 -0.270832 0.000118
vn -0.967626 -0.252390 -0.000117
vn -0.947925 -0.318494 0.000119
vn -0.953826 -0.300361 -0.000119
vn -0.930856 -0.365386 0.000123
vn -0.937681 -0.347497 -0.000122
vn -0.911531 -0.411231 0.000125
vn -0.919201 -0.393788 -0.000123
vn -0.889874 -0.456207 0.000126
vn -0.898412 -0.439153 -0.000127
vn -0.866007 -0.500032 0.000130
vn -0.875445 -0.483318 -0.000129
vn -0.840045 -0.542517 0.000138
vn -0.851695 -0.524038 -0.000107
vn -0.830805 -0.556563 -0.000048
vn -0.811905 -0.583790 0.000079
vn -0.811940 -0.583741 0.000078
vn -0.791951 -0.610584 -0.000048
vn -0.781814 -0.623512 0.000144
vn -0.771245 -0.636538 -0.000050
vn -0.749747 -0.661724 0.000082
vn -0.749774 -0.661694 0.000081
vn -0.727269 -0.686353 -0.000049
vn -0.715888 -0.698215 0.000149
vn -0.704073 -0.710128 -0.000051
vn -0.680124 -0.733097 0.000085
vn -0.680159 -0.733064 0.000084
vn -0.655337 -0.755336 -0.000051
vn -0.642782 -0.766049 0.000155
vn -0.629824 -0.776738 -0.000053
vn -0.603768 -0.797160 0.000088
vn -0.603812 -0.797126 0.000086
vn -0.576875 -0.816833 -0.000053
vn -0.563307 -0.826248 0.000159
vn -0.549416 -0.835549 -0.000054
vn -0.521413 -0.853305 0.000090
vn -0.521445 -0.853285 0.000089
vn -0.492696 -0.870201 -0.000054
vn -0.478257 -0.878220 0.000164
vn -0.463529 -0.886082 -0.000055
vn -0.433836 -0.900992 0.000093
vn -0.433866 -0.900977 0.000092
vn -0.403611 -0.914931 -0.000055
vn -0.388449 -0.921470 0.000168
vn -0.373002 -0.927830 -0.000057
vn -0.341990 -0.939704 0.000094
vn -0.342010 -0.939696 0.000094
vn -0.294757 -0.955572 0.000171
vn -0.310546 -0.950558 -0.000056
vn -0.278764 -0.960360 -0.000057
vn -0.246771 -0.969074 0.000096
vn -0.246766 -0.969075 0.000096
vn -0.198141 -0.980173 0.000173
vn -0.214356 -0.976756 -0.000057
vn -0.181786 -0.983338 -0.000058
vn -0.149042 -0.988831 0.000096
vn -0.149032 -0.988832 0.000097
vn -0.099567 -0.995031 0.000175
vn -0.116071 -0.993241 -0.000058
vn -0.082996 -0.996550 -0.000058
vn -0.049845 -0.998757 0.000097
vn -0.049845 -0.998757 0.000097
vn 0.000000 -1.000000 0.000175
vn -0.016619 -0.999862 -0.000058
vn 0.012064 -0.999927 0.000006
vn 0.036186 -0.999345 -0.000005
vn 0.049845 -0.998757 0.000174
vn 0.065185 -0.997873 -0.000055
vn 0.099054 -0.995082 0.000086
vn 0.099567 -0.995031 0.000098
vn 0.132776 -0.991146 -0.000061
vn 0.149042 -0.988831 0.000174
vn 0.166329 -0.986070 -0.000065
vn 0.198141 -0.980173 0.000108
vn 0.199777 -0.979841 0.000070
vn 0.232880 -0.972505 -0.000049
vn 0.246771 -0.969074 0.000170
vn 0.265773 -0.964036 -0.000072
vn 0.294757 -0.955572 0.000124
vn 0.298380 -0.954447 0.000044
vn 0.330626 -0.943762 -0.000033
vn 0.342010 -0.939696 0.000163
vn 0.362439 -0.932007 -0.000076
vn 0.388449 -0.921470 0.000135
vn 0.393938 -0.919137 0.000019
vn 0.426601 -0.904440 -0.000019
vn 0.433866 -0.900977 0.000134
vn 0.462223 -0.886764 -0.000104
vn 0.478257 -0.878220 0.000162
vn 0.499033 -0.866583 -0.000115
vn 0.521445 -0.853285 0.000155
vn 0.534879 -0.844928 -0.000092
vn 0.563307 -0.826248 0.000117
vn 0.569863 -0.821739 -0.000039
vn 0.603812 -0.797126 0.000047
vn 0.603869 -0.797084 0.000045
vn 0.636716 -0.771098 -0.000037
vn 0.642782 -0.766049 0.000111
vn 0.670148 -0.742227 -0.000102
vn 0.680159 -0.733064 0.000128
vn 0.705830 -0.708381 -0.000135
vn 0.715888 -0.698215 0.000116
vn 0.741525 -0.670925 -0.000122
vn 0.749774 -0.661694 0.000102
vn 0.775256 -0.631647 -0.000108
vn 0.781814 -0.623512 0.000087
vn 0.806913 -0.590670 -0.000093
vn 0.811940 -0.583741 0.000071
vn 0.836391 -0.548133 -0.000076
vn 0.840045 -0.542517 0.000055
vn 0.863632 -0.504122 -0.000058
vn 0.866007 -0.500032 0.000038
vn 0.889874 -0.456207 -0.000044
vn 0.889916 -0.456125 -0.000046
vn 0.911531 -0.411231 0.000037
vn 0.930856 -0.365386 0.000119
vn 0.915887 -0.401436 -0.000173
vn 0.947925 -0.318494 0.000116
vn 0.939630 -0.342192 -0.000210
vn 0.962627 -0.270832 0.000034
vn 0.974937 -0.222482 -0.000041
vn 0.959593 -0.281392 -0.000166
vn 0.975614 -0.219492 -0.000106
vn 0.984804 -0.173668 -0.000514
vn 0.992242 -0.124323 0.000178
vn 0.987367 -0.158452 0.000140
vn 0.987655 -0.156648 0.000000
vn 0.997203 -0.074746 0.000157
vn 0.994547 -0.104287 -0.000117
vn 0.999689 -0.024941 0.000096
vn 0.998042 -0.062554 -0.000078
vn 0.999781 -0.020912 0.000000
vn 0.000000 0.000000 1.000000
vn 0.000000 0.000000 1.000000
vn 0.000000 0.000000 1.000000
vn 0.000000 0.000000 1.000000
vn 0.000000 0.000000 1.000000
vn 0.000000 0.000000 1.000000
vn 0.000000 0.000000 1.000000
vn 0.000000 0.000000 1.000000
vn 0.000000 0.000000 1.000000
vn 0.000000 0.000000 1.000000
vn 0.000000 0.000000 1.000000
vn 0.000000 0.000000 1.000000
vn 0.000000 0.000000 1.000000
vn 0.000000 0.000000 1.000000
vn 0.000000 0.000000 1.000000
vn 0.000000 0.000000 1.000000
vn 0.000000 0.000000 1.000000
vn 0.000000 0.000000 1.000000
vn 0.000000 0.000000 1.000000
vn 0.000000 0.000000 1.000000
vn 0.000000 0.000000 1.000000
vn 0.000000 0.000000 1.000000
vn 0.000000 0.000000 1.000000
vn 0.000000 0.000000 1.000000
vn 0.000000 0.000000 1.000000
vn 0.000000 0.000000 1.000000
vn 0.000000 0.000000 1.000000
vn 0.000000 0.000000 1.000000
vn 0.000000 0.000000 1.000000
vn 0.000000 0.000000 1.000000
vn 0.000000 0.000000 1.000000
vn 0.000000 0.000000 1.000000
vn 0.000000 0.000000 1.000000
vn 0.000000 0.000000 1.000000
vn 0.000000 0.000000 1.000000
vn 0.000000 0.000000 1.000000
vn 0.000000 0.000000 1.000000
vn 0.000000 0.000000 1.000000
vn 0.000000 0.000000 1.000000
vn 0.000000 0.000000 1.000000
vn 0.000000 0.000000 1.000000
vn 0.000000 0.000000 1.000000
vn 0.000000 0.000000 1.000000
vn 0.000000 0.000000 1.000000
vn 0.000000 0.000000 1.000000
vn 0.000000 0.000000 1.000000
vn 0.000000 0.000000 1.000000
vn 0.000000 0.000000 1.000000
vn 0.000000 0.000000 1.000000
vn 0.000000 0.000000 1.000000
vn 0.000000 0.000000 1.000000
vn 0.000000 0.000000 1.000000
vn 0.000000 0.000000 1.000000
vn 0.000000 0.000000 1.000000
vn 0.000000 0.000000 1.000000
vn 0.000000 0.000000 1.000000
vn 0.000000 0.000000 1.000000
vn 0.000000 0.000000 1.000000
vn 0.000000 0.000000 1.000000
vn 0.000000 0.000000 1.000000
vn 0.000000 0.000000 1.000000
vn 0.000000 0.000000 1.000000
vn 0.000000 0.000000 1.000000
vn 0.000000 0.000000 1.000000
vn 0.000000 0.000000 1.000000
vn 0.000000 0.000000 1.000000
vn 0.000000 0.000000 1.000000
vn 0.000000 0.000000 1.000000
vn 0.000000 0.000000 1.000000
vn 0.000000 0.000000 1.000000
vn 0.000000 0.000000 1.000000
vn 0.000000 0.000000 1.000000
vn 0.000000 0.000000 1.000000
vn 0.000000 0.000000 1.000000
vn 0.000000 0.000000 1.000000
vn 0.000000 0.000000 1.000000
vn 0.000000 0.000000 1.000000
vn 0.000000 0.000000 1.000000
vn 0.000000 0.000000 1.000000
vn 0.000000 0.000000 1.000000
vn 0.000000 0.000000 1.000000
vn 0.000000 0.000000 1.000000
vn 0.000000 0.000000 1.000000
vn 0.000000 0.000000 1.000000
vn 0.000000 0.000000 1.000000
vn 0.000000 0.000000 1.000000
vn 0.000000 0.000000 1.000000
vn 0.000000 0.000000 1.000000
vn 0.000000 0.000000 1.000000
vn 0.000000 0.000000 1.000000
vn 0.000000 0.000000 1.000000
vn 0.000000 0.000000 1.000000
vn 0.000000 0.000000 1.000000
vn 0.000000 0.000000 1.000000
vn 0.000000 0.000000 1.000000
vn 0.000000 0.000000 1.000000
vn 0.000000 0.000000 1.000000
vn 0.000000 0.000000 1.000000
vn 0.000000 0.000000 1.000000
vn 0.000000 0.000000 1.000000
vn 0.000000 0.000000 1.000000
vn 0.000000 0.000000 1.000000
vn 0.000000 0.000000 1.000000
vn 0.000000 0.000000 1.000000
vn 0.000000 0.000000 1.000000
vn 0.000000 0.000000 1.000000
vn 0.000000 0.000000 1.000000
vn 0.000000 0.000000 1.000000
vn 0.000000 0.000000 1.000000
vn 0.000000 0.000000 1.000000
vn 0.000000 0.000000 1.000000
vn 0.000000 0.000000 1.000000
vn 0.000000 0.000000 1.000000
vn 0.000000 0.000000 1.000000
vn 0.000000 0.000000 1.000000
vn 0.000000 0.000000 1.000000
vn 0.000000 0.000000 1.000000
vn 0.000000 0.000000 1.000000
vn 0.000000 0.000000 1.000000
vn 0.000000 0.000000 1.000000
vn 0.000000 0.000000 1.000000
vn 0.000000 0.000000 1.000000
vn 0.000000 0.000000 1.000000
vn 0.000000 0.000000 1.000000
vn 0.000000 0.000000 1.000000
vn 0.000000 0.000000 1.000000
vn 0.000000 0.000000 1.000000
vn 0.000000 0.000000 1.000000
vn 0.000000 0.000000 1.000000
vn 0.000000 0.000000 1.000000
vn 0.000000 0.000000 1.000000
vn 0.000000 0.000000 1.000000
vn 0.000000 0.000000 1.000000
vn 0.000000 0.000000 1.000000
vn 0.000000 0.000000 1.000000
vn 0.000000 0.000000 1.000000
vn 0.000000 0.000000 1.000000
vn 0.000000 0.000000 1.000000
vn 0.000000 0.000000 1.000000
vn 0.000000 0.000000 1.000000
vn 0.000000 0.000000 1.000000
vn 0.000000 0.000000 1.000000
vn 0.000000 0.000000 1.000000
vn 0.000000 0.000000 1.000000
vn 0.000000 0.000000 1.000000
vn 0.000000 0.000000 1.000000
vn 0.000000 0.000000 1.000000
vn 0.000000 0.000000 1.000000
vn 0.000000 0.000000 1.000000
vn 0.000000 0.000000 1.000000
vn 0.000000 0.000000 1.000000
vn 0.000000 0.000000 1.000000
vn 0.000000 0.000000 1.000000
vn 0.000000 0.000000 1.000000
vn 0.000000 0.000000 1.000000
vn 0.000000 0.000000 1.000000
vn 0.000000 0.000000 1.000000
vn 0.000000 0.000000 1.000000
vn 0.000000 0.000000 1.000000
vn 0.000000 0.000000 1.000000
vn 0.000000 0.000000 1.000000
vn 0.000000 0.000000 1.000000
vn 0.000000 0.000000 1.000000
vn 0.000000 0.000000 1.000000
vn 0.000000 0.000000 1.000000
vn 0.000000 0.000000 1.000000
vn 0.000000 0.000000 1.000000
vn 0.000000 0.000000 1.000000
vn 0.000000 0.000000 1.000000
vn 0.000000 0.000000 1.000000
vn 0.000000 0.000000 1.000000
vn 0.000000 0.000000 1.000000
vn 0.000000 0.000000 1.000000
vn 0.000000 0.000000 1.000000
vn 0.000000 0.000000 1.000000
vn 0.000000 0.000000 1.000000
vn 0.000000 0.000000 1.000000
vn 0.000000 0.000000 1.000000
vn 0.000000 0.000000 1.000000
vn 0.000000 0.000000 1.000000
vn 0.000000 0.000000 1.000000
vn 0.000000 0.000000 1.000000
vn 0.000000 0.000000 1.000000
vn 0.000000 0.000000 1.000000
vn 0.000000 0.000000 1.000000
vn 0.000000 0.000000 1.000000
vn 0.000000 0.000000 1.000000
vn 0.000000 0.000000 1.000000
vn 0.000000 0.000000 1.000000
vn 0.000000 0.000000 1.000000
vn 0.000000 0.000000 1.000000
vn 0.000000 0.000000 1.000000
vn 0.000000 0.000000 1.000000
vn 0.000000 0.000000 1.000000
vn 0.000000 0.000000 1.000000
vn 0.000000 0.000000 1.000000
vn 0.000000 0.000000 1.000000
vn 0.000000 0.000000 1.000000
vn 0.000000 0.000000 1.000000
vn 0.000000 0.000000 1.000000
vn 0.000000 0.000000 1.000000
vn 0.000000 0.000000 1.000000
vn 0.000000 0.000000 1.000000
vn 0.000000 0.000000 1.000000
vn 0.000000 0.000000 1.000000
vn 0.000000 0.000000 1.000000
vn 0.000000 0.000000 1.000000
vn 0.000000 0.000000 1.000000
vn 0.000000 0.000000 1.000000
vn 0.000000 0.000000 1.000000
vn 0.000000 0.000000 1.000000
vn 0.000000 0.000000 1.000000
vn 0.000000 0.000000 1.000000
vn 0.000000 0.000000 1.000000
vn 0.000000 0.000000 1.000000
vn 0.000000 0.000000 1.000000
vn 0.000000 0.000000 1.000000
vn 0.000000 0.000000 1.000000
vn 0.000000 0.000000 1.000000
vn 0.000000 0.000000 1.000000
vn 0.000000 0.000000 1.000000
vn 0.000000 0.000000 1.000000
vn 0.000000 0.000000 1.000000
vn 0.000000 0.000000 1.000000
vn 0.000000 0.000000 1.000000
vn 0.000000 0.000000 1.000000
vn 0.000000 0.000000 1.000000
vn 0.000000 0.000000 1.000000
vn 0.000000 0.000000 1.000000
vn 0.000000 0.000000 1.000000
vn 0.000000 0.000000 1.000000
vn 0.000000 0.000000 1.000000
vn 0.000000 0.000000 1.000000
vn 0.000000 0.000000 1.000000
vn 0.000000 0.000000 1.000000
vn 0.000000 0.000000 1.000000
vn 0.000000 0.000000 1.000000
vn 0.000000 0.000000 1.000000
vn 0.000000 0.000000 1.000000
vn 0.000000 0.000000 1.000000
vn 0.000000 0.000000 1.000000
vn 0.000000 0.000000 1.000000
vn 0.000000 0.000000 1.000000
vn 0.000000 0.000000 1.000000
vn 0.000000 0.000000 1.000000
vn 0.000000 0.000000 1.000000
vn 0.000000 0.000000 1.000000
vn 0.000000 0.000000 1.000000
vn 0.000000 0.000000 1.000000
vn 0.000000 0.000000 1.000000
vn 0.000000 0.000000 1.000000
vn 0.000000 0.000000 1.000000
vn 0.000000 0.000000 1.000000
vn 0.000000 0.000000 1.000000
vn 0.000000 0.000000 1.000000
vn 0.000000 0.000000 1.000000
vn 0.000000 0.000000 1.000000
vn 0.000000 0.000000 1.000000
vn 0.000000 0.000000 1.000000
vn 0.000000 0.000000 1.000000
vn 0.000000 0.000000 1.000000
vn 0.000000 0.000000 1.000000
vn 0.000000 0.000000 1.000000
vn 0.000000 0.000000 1.000000
vn 0.000000 0.000000 1.000000
vn 0.000000 0.000000 1.000000
vn 0.000000 0.000000 1.000000
vn 0.000000 0.000000 1.000000
vn 0.000000 0.000000 1.000000
vn 0.000000 0.000000 1.000000
vn 0.000000 0.000000 1.000000
vn 0.000000 0.000000 1.000000
vn 0.000000 0.000000 1.000000
vn 0.000000 0.000000 1.000000
vn 0.000000 0.000000 1.000000
vn 0.000000 0.000000 1.000000
vn 0.000000 0.000000 1.000000
vn 0.000000 0.000000 1.000000
vn 0.000000 0.000000 1.000000
vn 0.000000 0.000000 1.000000
vn 0.000000 0.000000 1.000000
vn 0.000000 0.000000 1.000000
vn 0.000000 0.000000 1.000000
vn 0.000000 0.000000 1.000000
vn 0.000000 0.000000 1.000000
vn 0.000000 0.000000 1.000000
vn 0.000000 0.000000 1.000000
vn 0.000000 0.000000 1.000000
vn 0.000000 0.000000 1.000000
vn 0.000000 0.000000 1.000000
vn 0.000000 0.000000 1.000000
vn 0.000000 0.000000 1.000000
vn 0.000000 0.000000 1.000000
vn 0.000000 0.000000 1.000000
vn 0.000000 0.000000 1.000000
vn 0.000000 0.000000 1.000000
vn 0.000000 0.000000 1.000000
vn 0.000000 0.000000 1.000000
vn 0.000000 0.000000 1.000000
vn 0.000000 0.000000 1.000000
vn 0.000000 0.000000 1.000000
vn 0.000000 0.000000 1.000000
vn 0.000000 0.000000 1.000000
vn 0.000000 0.000000 1.000000
vn 0.000000 0.000000 1.000000
vn 0.000000 0.000000 1.000000
vn 0.000000 0.000000 1.000000
vn 0.000000 0.000000 1.000000
vn 0.000000 0.000000 1.000000
vn 0.000000 0.000000 1.000000
vn 0.000000 0.000000 1.000000
vn 0.000000 0.000000 1.000000
vn 0.000000 0.000000 1.000000
vn 0.000000 0.000000 1.000000
vn 0.000000 0.000000 1.000000
vn 0.000000 0.000000 1.000000
vn 0.000000 0.000000 1.000000
vn 0.000000 0.000000 1.000000
vn 0.000000 0.000000 1.000000
vn 0.000000 0.000000 1.000000
vn 0.000000 0.000000 1.000000
vn 0.000000 0.000000 1.000000
vn 0.000000 0.000000 1.000000
vn 0.000000 0.000000 1.000000
vn 0.000000 0.000000 1.000000
vn 0.000000 0.000000 1.000000
vn 0.000000 0.000000 1.000000
vn 0.000000 0.000000 1.000000
vn 0.000000 0.000000 1.000000
vn 0.000000 0.000000 1.000000
vn 0.000000 0.000000 1.000000
vn 0.000000 0.000000 1.000000
vn 0.000000 0.000000 1.000000
vn 0.000000 0.000000 1.000000
vn 0.000000 0.000000 1.000000
vn 0.000000 0.000000 1.000000
vn 0.000000 0.000000 1.000000
vn 0.000000 0.000000 1.000000
vn 0.000000 0.000000 1.000000
vn 0.000000 0.000000 1.000000
vn 0.000000 0.000000 1.000000
vn 0.000000 0.000000 1.000000
vn 0.000000 0.000000 1.000000
vn 0.000000 0.000000 1.000000
vn 0.000000 0.000000 1.000000
vn 0.000000 0.000000 1.000000
vn 0.000000 0.000000 1.000000
vn 0.000000 0.000000 1.000000
vn 0.000000 0.000000 1.000000
vn 0.000000 0.000000 1.000000
vn 0.000000 0.000000 1.000000
vn 0.000000 0.000000 1.000000
vn 0.000000 0.000000 1.000000
vn 0.000000 0.000000 1.000000
vn 0.000000 0.000000 1.000000
vn 0.000000 0.000000 1.000000
vn 0.000000 0.000000 1.000000
vn 0.000000 0.000000 1.000000
vn 0.000000 0.000000 1.000000
vn 0.000000 0.000000 1.000000
vn 0.000000 0.000000 1.000000
vn 0.000000 0.000000 1.000000
vn 0.000000 0.000000 1.000000
vn 0.000000 0.000000 1.000000
vn 0.000000 0.000000 1.000000
vn 0.000000 0.000000 1.000000
vn 0.000000 0.000000 1.000000
vn 0.000000 0.000000 1.000000
vn 0.000000 0.000000 1.000000
vn 0.000000 0.000000 1.000000
vn 0.000000 0.000000 1.000000
vn 0.000000 0.000000 1.000000
vn 0.000000 0.000000 1.000000
vn 0.000000 0.000000 1.000000
vn 0.000000 0.000000 1.000000
vn 0.000000 0.000000 1.000000
vn 0.000000 0.000000 1.000000
vn 0.000000 0.000000 1.000000
vn 0.000000 0.000000 1.000000
vn 0.000000 0.000000 1.000000
vn 0.000000 0.000000 1.000000
vn 0.000000 0.000000 1.000000
vn 0.000000 0.000000 1.000000
vn 0.000000 0.000000 1.000000
vn 0.000000 0.000000 1.000000
vn 0.000000 0.000000 1.000000
vn 0.000000 0.000000 1.000000
vn 0.000000 0.000000 1.000000
vn 0.000000 0.000000 1.000000
vn 0.000000 0.000000 1.000000
vn 0.000000 0.000000 1.000000
vn 0.000000 0.000000 1.000000
vn 0.000000 0.000000 1.000000
vn 0.000000 0.000000 1.000000
vn 0.000000 0.000000 1.000000
vn 0.000000 0.000000 1.000000
vn 0.000000 0.000000 1.000000
vn 0.000000 0.000000 1.000000
vn 0.000000 0.000000 1.000000
vn 0.000000 0.000000 1.000000
vn 0.000000 0.000000 1.000000
vn 0.000000 0.000000 1.000000
vn 0.000000 0.000000 1.000000
vn 0.000000 0.000000 1.000000
vn 0.000000 0.000000 1.000000
vn 0.000000 0.000000 1.000000
vn 0.000000 0.000000 1.000000
vn 0.000000 0.000000 1.000000
vn 0.000000 0.000000 1.000000
vn 0.000000 0.000000 1.000000
vn 0.000000 0.000000 1.000000
vn 0.000000 0.000000 1.000000
vn 0.000000 0.000000 1.000000
vn 0.000000 0.000000 1.000000
vn 0.000000 0.000000 1.000000
vn 0.000000 0.000000 1.000000
vn 0.000000 0.000000 1.000000
vn 0.000000 0.000000 1.000000
vn 0.000000 0.000000 1.000000
vn 0.000000 0.000000 1.000000
vn 0.000000 0.000000 1.000000
vn 0.000000 0.000000 1.000000
vn 0.000000 0.000000 1.000000
vn 0.000000 0.000000 1.000000
vn 0.000000 0.000000 1.000000
vn 0.000000 0.000000 1.000000
vn 0.000000 0.000000 1.000000
vn 0.000000 0.000000 1.000000
vn 0.000000 0.000000 1.000000
vn 0.000000 0.000000 1.000000
vn 0.000000 0.000000 1.000000
vn 0.000000 0.000000 1.000000
vn 0.000000 0.000000 1.000000
vn 0.000000 0.000000 1.000000
vn 0.000000 0.000000 1.000000
vn 0.000000 0.000000 1.000000
vn 0.000000 0.000000 1.000000
vn 0.000000 0.000000 1.000000
vn 0.000000 0.000000 1.000000
vn 0.000000 0.000000 1.000000
vn 0.000000 0.000000 1.000000
vn 0.000000 0.000000 1.000000
vn 0.000000 0.000000 1.000000
vn 0.000000 0.000000 1.000000
vn 0.000000 0.000000 1.000000
vn 0.000000 0.000000 1.000000
vn 0.000000 0.000000 1.000000
vn 0.000000 0.000000 1.000000
vn 0.000000 0.000000 1.000000
vn 0.000000 0.000000 1.000000
vn 0.000000 0.000000 1.000000
vn 0.000000 0.000000 1.000000
vn 0.000000 0.000000 1.000000
vn 0.000000 0.000000 1.000000
vn 0.000000 0.000000 1.000000
vn 0.000000 0.000000 1.000000
vn 0.000000 0.000000 1.000000
vn 0.000000 0.000000 1.000000
vn 0.000000 0.000000 1.000000
vn 0.000000 0.000000 1.000000
vn 0.000000 0.000000 1.000000
vn 0.000000 0.000000 1.000000
vn 0.000000 0.000000 1.000000
vn 0.000000 0.000000 1.000000
vn 0.000000 0.000000 1.000000
vn 0.000000 0.000000 1.000000
vn 0.000000 0.000000 1.000000
vn 0.000000 0.000000 1.000000
vn 0.000000 0.000000 1.000000
vn 0.000000 0.000000 1.000000
vn 0.000000 0.000000 1.000000
vn 0.000000 0.000000 1.000000
vn 0.000000 0.000000 1.000000
vn 0.000000 0.000000 1.000000
vn 0.000000 0.000000 1.000000
vn 0.000000 0.000000 1.000000
vn 0.000000 0.000000 1.000000
vn 0.000000 0.000000 1.000000
vn 0.000000 0.000000 1.000000
vn 0.000000 0.000000 1.000000
vn 0.000000 0.000000 1.000000
vn 0.000000 0.000000 1.000000
vn 0.000000 0.000000 1.000000
vn 0.000000 0.000000 1.000000
vn 0.000000 0.000000 1.000000
vn 0.000000 0.000000 1.000000
vn 0.000000 0.000000 1.000000
vn 0.000000 0.000000 1.000000
vn 0.000000 0.000000 1.000000
vn 0.000000 0.000000 1.000000
vn 0.000000 0.000000 1.000000
vn 0.000000 0.000000 1.000000
vn 0.000000 0.000000 1.000000
vn 0.000000 0.000000 1.000000
vn 0.000000 0.000000 1.000000
vn 0.000000 0.000000 1.000000
vn 0.000000 0.000000 1.000000
vn 0.000000 0.000000 1.000000
vn 0.000000 0.000000 1.000000
vn 0.000000 0.000000 1.000000
vn 0.000000 0.000000 1.000000
vn 0.000000 0.000000 1.000000
vn 0.000000 0.000000 1.000000
vn 0.000000 0.000000 1.000000
vn 0.000000 0.000000 1.000000
vn 0.000000 0.000000 1.000000
vn 0.000000 0.000000 1.000000
vn 0.000000 0.000000 1.000000
vn 0.000000 0.000000 1.000000
vn 0.000000 0.000000 1.000000
vn 0.000000 0.000000 1.000000
vn 0.000000 0.000000 1.000000
vn 0.000000 0.000000 1.000000
vn 0.000000 0.000000 1.000000
vn 0.000000 0.000000 1.000000
vn 0.000000 0.000000 1.000000
vn 0.000000 0.000000 1.000000
vn 0.000000 0.000000 1.000000
vn 0.000000 0.000000 1.000000
vn 0.000000 0.000000 1.000000
vn 0.000000 0.000000 1.000000
vn 0.000000 0.000000 1.000000
vn 0.000000 0.000000 1.000000
vn 0.000000 0.000000 1.000000
vn 0.000000 0.000000 1.000000
vn 0.000000 0.000000 1.000000
vn 0.000000 0.000000 1.000000
vn 0.000000 0.000000 1.000000
vn 0.000000 0.000000 1.000000
vn 0.000000 0.000000 1.000000
vn 0.000000 0.000000 1.000000
vn 0.000000 0.000000 1.000000
vn 0.000000 0.000000 1.000000
vn 0.000000 0.000000 1.000000
vn 0.000000 0.000000 1.000000
vn 0.000000 0.000000 1.000000
vn 0.000000 0.000000 1.000000
vn 0.000000 0.000000 1.000000
vn 0.000000 0.000000 1.000000
vn 0.000000 0.000000 1.000000
vn 0.000000 0.000000 1.000000
vn 0.000000 0.000000 1.000000
vn 0.000000 0.000000 1.000000
vn 0.000000 0.000000 1.000000
vn 0.000000 0.000000 1.000000
vn 0.000000 0.000000 1.000000
vn 0.000000 0.000000 1.000000
vn 0.000000 0.000000 1.000000
vn 0.000000 0.000000 1.000000
vn 0.000000 0.000000 1.000000
vn 0.000000 0.000000 1.000000
vn 0.000000 0.000000 1.000000
vn 0.000000 0.000000 1.000000
vn 0.000000 0.000000 1.000000
vn 0.000000 0.000000 1.000000
vn 0.000000 0.000000 1.000000
vn 0.000000 0.000000 1.000000
vn 0.000000 0.000000 1.000000
vn 0.000000 0.000000 1.000000
vn 0.000000 0.000000 1.000000
vn 0.000000 0.000000 1.000000
vn 0.000000 0.000000 1.000000
vn 0.000000 0.000000 1.000000
vn 0.000000 0.000000 1.000000
vn 0.000000 0.000000 1.000000
vn 0.000000 0.000000 1.000000
vn 0.000000 0.000000 1.000000
vn 0.000000 0.000000 1.000000
vn 0.000000 0.000000 1.000000
vn 0.000000 0.000000 1.000000
vn 0.000000 0.000000 1.000000
vn 0.000000 0.000000 1.000000
vn 0.000000 0.000000 1.000000
vn 0.000000 0.000000 1.000000
vn 0.000000 0.000000 1.000000
vn 0.000000 0.000000 1.000000
vn 0.000000 0.000000 1.000000
vn 0.000000 0.000000 1.000000
vn 0.000000 0.000000 1.000000
vn 0.000000 0.000000 1.000000
vn 0.000000 0.000000 1.000000
vn 0.000000 0.000000 1.000000
vn 0.000000 0.000000 1.000000
vn 0.000000 0.000000 1.000000
vn 0.000000 0.000000 1.000000
vn 0.000000 0.000000 1.000000
vn 0.000000 0.000000 1.000000
vn 0.000000 0.000000 1.000000
vn 0.000000 0.000000 1.000000
vn 0.000000 0.000000 1.000000
vn 0.000000 0.000000 1.000000
vn 0.000000 0.000000 1.000000
vn 0.000000 0.000000 1.000000
vn 0.000000 0.000000 1.000000
vn 0.000000 0.000000 1.000000
vn 0.000000 0.000000 1.000000
vn 0.000000 0.000000 1.000000
vn 0.000000 0.000000 1.000000
vn 0.000000 0.000000 1.000000
vn 0.000000 0.000000 1.000000
vn 0.000000 0.000000 1.000000
vn 0.000000 0.000000 1.000000
vn 0.000000 0.000000 1.000000
vn 0.000000 0.000000 1.000000
vn 0.000000 0.000000 1.000000
vn 0.000000 0.000000 1.000000
vn 0.000000 0.000000 1.000000
vn 0.000000 0.000000 1.000000
vn 0.000000 0.000000 1.000000
vn 0.000000 0.000000 1.000000
vn 0.000000 0.000000 1.000000
vn 0.000000 0.000000 1.000000
vn 0.000000 0.000000 1.000000
vn 0.000000 0.000000 1.000000
vn 0.000000 0.000000 1.000000
vn 0.000000 0.000000 1.000000
vn 0.000000 0.000000 1.000000
vn 0.000000 0.000000 1.000000
vn 0.000000 0.000000 1.000000
vn 0.000000 0.000000 1.000000
vn 0.000000 0.000000 1.000000
vn 0.000000 0.000000 1.000000
vn 0.000000 0.000000 1.000000
vn 0.000000 0.000000 1.000000
vn 0.000000 0.000000 1.000000
vn 0.000000 0.000000 1.000000
vn 0.000000 0.000000 1.000000
vn 0.000000 0.000000 1.000000
vn 0.000000 0.000000 1.000000
vn 0.000000 0.000000 1.000000
vn 0.000000 0.000000 1.000000
vn 0.000000 0.000000 1.000000
vn 0.000000 0.000000 1.000000
vn 0.000000 0.000000 1.000000
vn 0.000000 0.000000 1.000000
vn 0.000000 0.000000 1.000000
vn 0.000000 0.000000 1.000000
vn 0.000000 0.000000 1.000000
vn 0.000000 0.000000 1.000000
vn 0.000000 0.000000 1.000000
vn 0.000000 0.000000 1.000000
vn 0.000000 0.000000 1.000000
vn 0.000000 0.000000 1.000000
vn 0.000000 0.000000 1.000000
vn 0.000000 0.000000 1.000000
vn 0.000000 0.000000 1.000000
vn 0.000000 0.000000 1.000000
vn 0.000000 0.000000 1.000000
vn 0.000000 0.000000 1.000000
vn 0.000000 0.000000 1.000000
vn 0.000000 0.000000 1.000000
vn 0.000000 0.000000 1.000000
vn 0.000000 0.000000 1.000000
vn 0.000000 0.000000 1.000000
vn 0.000000 0.000000 1.000000
vn 0.000000 0.000000 1.000000
vn 0.000000 0.000000 1.000000
vn 0.000000 0.000000 1.000000
vn 0.000000 0.000000 1.000000
vn 0.000000 0.000000 1.000000
vn 0.000000 0.000000 1.000000
vn 0.000000 0.000000 1.000000
vn 0.000000 0.000000 1.000000
vn 0.000000 0.000000 1.000000
vn 0.000000 0.000000 1.000000
vn 0.000000 0.000000 1.000000
vn 0.000000 0.000000 1.000000
vn 0.000000 0.000000 1.000000
vn 0.000000 0.000000 1.000000
vn 0.000000 0.000000 1.000000
vn 0.000000 0.000000 1.000000
vn 0.000000 0.000000 1.000000
vn 0.000000 0.000000 1.000000
vn 0.000000 0.000000 1.000000
vn 0.000000 0.000000 1.000000
vn 0.000000 0.000000 1.000000
vn 0.000000 0.000000 1.000000
vn 0.000000 0.000000 1.000000
vn 0.000000 0.000000 1.000000
vn 0.000000 0.000000 1.000000
vn 0.000000 0.000000 1.000000
vn 0.000000 0.000000 1.000000
vn 0.000000 0.000000 1.000000
vn 0.000000 0.000000 1.000000
vn 0.000000 0.000000 1.000000
vn 0.000000 0.000000 1.000000
vn 0.000000 0.000000 1.000000
vn 0.000000 0.000000 1.000000
vn 0.000000 0.000000 1.000000
vn 0.000000 0.000000 1.000000
vn 0.000000 0.000000 1.000000
vn 0.000000 0.000000 1.000000
vn 0.000000 0.000000 1.000000
vn 0.000000 0.000000 1.000000
vn 0.000000 0.000000 1.000000
vn 0.000000 0.000000 1.000000
vn 0.000000 0.000000 1.000000
vn 0.000000 0.000000 1.000000
vn 0.000000 0.000000 1.000000
vn 0.000000 0.000000 1.000000
vn 0.000000 0.000000 1.000000
vn 0.000000 0.000000 1.000000
vn 0.000000 0.000000 1.000000
vn 0.000000 0.000000 1.000000
vn 0.000000 0.000000 1.000000
vn 0.000000 0.000000 1.000000
vn 0.000000 0.000000 1.000000
vn 0.000000 0.000000 1.000000
vn 0.000000 0.000000 1.000000
vn 0.000000 0.000000 1.000000
vn 0.000000 0.000000 1.000000
vn 0.000000 0.000000 1.000000
vn 0.000000 0.000000 1.000000
vn 0.000000 0.000000 1.000000
vn 0.000000 0.000000 1.000000
vn 0.000000 0.000000 1.000000
vn 0.000000 0.000000 1.000000
vn 0.000000 0.000000 1.000000
vn 0.000000 0.000000 1.000000
vn 0.000000 0.000000 1.000000
vn 0.000000 0.000000 1.000000
vn 0.000000 0.000000 1.000000
vn 0.000000 0.000000 1.000000
vn 0.000000 0.000000 1.000000
vn 0.000000 0.000000 1.000000
vn 0.000000 0.000000 1.000000
vn 0.000000 0.000000 1.000000
vn 0.000000 0.000000 1.000000
vn 0.000000 0.000000 1.000000
vn 0.000000 0.000000 1.000000
vn 0.000000 0.000000 1.000000
vn 0.000000 0.000000 1.000000
vn 0.000000 0.000000 1.000000
vn 0.000000 0.000000 1.000000
vn 0.000000 0.000000 1.000000
vn 0.000000 0.000000 1.000000
vn 0.000000 0.000000 1.000000
vn 0.000000 0.000000 1.000000
vn 0.000000 0.000000 1.000000
vn 0.000000 0.000000 1.000000
vn 0.000000 0.000000 1.000000
vn 0.000000 0.000000 1.000000
vn 0.000000 0.000000 1.000000
vn 0.000000 0.000000 1.000000
vn 0.000000 0.000000 1.000000
vn 0.000000 0.000000 1.000000
vn 0.000000 0.000000 1.000000
vn 0.000000 0.000000 1.000000
vn 0.000000 0.000000 1.000000
vn 0.000000 0.000000 1.000000
vn 0.000000 0.000000 1.000000
vn 0.000000 0.000000 1.000000
vn 0.000000 0.000000 1.000000
vn 0.000000 0.000000 1.000000
vn 0.000000 0.000000 1.000000
vn 0.000000 0.000000 1.000000
vn 0.000000 0.000000 1.000000
vn 0.000000 0.000000 1.000000
vn 0.000000 0.000000 1.000000
vn 0.000000 0.000000 1.000000
vn 0.000000 0.000000 1.000000
vn 0.000000 0.000000 1.000000
vn 0.000000 0.000000 1.000000
vn 0.000000 0.000000 1.000000
vn 0.000000 0.000000 1.000000
vn 0.000000 0.000000 1.000000
vn 0.000000 0.000000 1.000000
vn 0.000000 0.000000 1.000000
vn 0.000000 0.000000 1.000000
vn 0.000000 0.000000 1.000000
vn 0.000000 0.000000 1.000000
vn 0.000000 0.000000 1.000000
vn 0.000000 0.000000 1.000000
vn 0.000000 0.000000 1.000000
vn 0.000000 0.000000 1.000000
vn 0.000000 0.000000 1.000000
vn 0.000000 0.000000 1.000000
vn 0.000000 0.000000 1.000000
vn 0.000000 0.000000 1.000000
vn 0.000000 0.000000 1.000000
vn 0.000000 0.000000 1.000000
vn 0.000000 0.000000 1.000000
vn 0.000000 -1.000000 0.000000
vn 0.000000 -1.000000 0.000000
vn 0.000000 -1.000000 0.000000
vn 0.000000 -1.000000 0.000000
vn 0.000000 -1.000000 0.000000
vn -0.000000 -1.000000 0.000000
vn -0.000000 -1.000000 0.000000
vn 0.000000 -1.000000 0.000000
vn 0.000000 -1.000000 0.000000
vn -0.000000 -1.000000 0.000000
vn 0.000000 -1.000000 0.000000
vn 0.000000 -1.000000 0.000000
vn 0.000000 -1.000000 0.000000
vn 0.000000 -1.000000 0.000000
vn 0.000000 -1.000000 0.000000
vn 0.000000 -1.000000 0.000000
vn 0.000000 -1.000000 0.000000
vn 0.000000 -1.000000 0.000000
vn 0.000000 -1.000000 0.000000
vn -0.000000 -1.000000 0.000000
vn 0.000000 -1.000000 0.000000
vn -0.000000 -0.500000 -0.866025
vn 0.000000 -0.500000 -0.866025
vn -0.000000 -1.000000 0.000000
vn 0.000000 -1.000000 0.000000
vn 0.000000 -1.000000 0.000000
vn 0.000000 -1.000000 0.000000
vn 0.000000 -1.000000 0.000000
vn 0.000000 -1.000000 0.000000
vn 0.000000 0.000000 1.000000
vn 0.000000 -0.000000 1.000000
vn 0.000000 0.000000 1.000000
vn 0.000002 -0.706896 -0.707317
vn -0.000001 -0.707116 -0.707098
vn -0.000000 -0.707150 -0.707064
vn -0.000000 -0.707138 -0.707076
vn -0.000001 -0.707102 -0.707112
vn 0.000000 -0.707107 -0.707107
vn 0.000000 -0.707120 -0.707093
vn 0.000000 -0.707106 -0.707108
vn 0.000000 -0.707098 -0.707116
vn -0.000000 -0.707100 -0.707113
vn 0.000000 -0.707115 -0.707099
vn -0.000000 -0.707113 -0.707101
vn -0.000000 -0.707106 -0.707107
vn 0.000000 -0.707101 -0.707112
vn 0.000000 -0.707096 -0.707117
vn 0.000000 -0.707107 -0.707107
vn 0.000000 -0.707112 -0.707102
vn -0.000000 -0.707107 -0.707107
vn -0.000000 -0.707111 -0.707103
vn -0.000000 -0.707111 -0.707103
vn -0.000000 -0.707107 -0.707107
vn -0.000000 -0.707103 -0.707110
vn 0.000000 -0.707107 -0.707107
vn -0.000000 -0.707104 -0.707110
vn -0.000000 -0.707107 -0.707107
vn -0.000000 -0.707107 -0.707107
vn -0.000000 -0.707104 -0.707110
vn -0.000000 -0.707107 -0.707107
vn -0.000000 -0.707109 -0.707104
vn -0.000000 -0.707107 -0.707107
vn 0.000000 -0.707107 -0.707107
vn 0.000000 -0.707107 -0.707107
vn 0.000000 -0.707109 -0.707105
vn 0.000000 -0.707107 -0.707107
vn 0.000000 -0.707105 -0.707109
vn 0.000000 -0.707107 -0.707107
vn 0.000000 -0.707105 -0.707108
vn -0.000000 -0.707107 -0.707107
vn -0.000000 -0.707110 -0.707103
vn -0.000000 -0.707107 -0.707107
vn -0.000000 -0.707107 -0.707107
vn -0.000000 -0.707105 -0.707109
vn -0.000000 -0.707110 -0.707103
vn -0.000000 -0.707105 -0.707108
vn 0.000000 -0.707108 -0.707106
vn 0.000000 -0.707107 -0.707107
vn 0.000000 -0.707106 -0.707108
vn -0.000000 -0.707103 -0.707110
vn -0.000000 -0.707110 -0.707103
vn 0.000000 -0.707105 -0.707108
vn 0.000000 -0.707107 -0.707107
vn 0.000000 -0.707108 -0.707105
vn 0.000000 -0.707104 -0.707110
vn 0.000000 -0.707107 -0.707107
vn -0.000000 -0.707109 -0.707105
vn -0.000000 -0.707107 -0.707107
vn 0.000000 -0.707108 -0.707106
vn 0.000000 -0.707107 -0.707107
vn 0.000000 -0.707106 -0.707108
vn 0.000000 -0.707106 -0.707108
vn -0.000000 -0.707108 -0.707106
vn 0.000000 -0.707107 -0.707107
vn -0.000000 -0.707107 -0.707106
vn 0.000000 -0.707107 -0.707107
vn 0.000000 -0.707106 -0.707107
vn 0.000000 -0.707107 -0.707107
vn -0.000000 -0.707105 -0.707108
vn -0.000000 -0.707108 -0.707106
vn -0.000000 -0.707105 -0.707108
vn -0.000000 -0.707107 -0.707106
vn 0.000000 -0.707110 -0.707104
vn -0.000000 -0.707107 -0.707107
vn 0.000000 0.000000 1.000000
vn 0.000000 0.000000 1.000000
vn 0.000000 0.000000 1.000000
vn -1.000000 0.000000 0.000000
vn -1.000000 0.000000 0.000000
vn -1.000000 0.000000 0.000000
vn -1.000000 0.000000 0.000000
vn -1.000000 0.000000 0.000000
vn -1.000000 0.000000 0.000000
vn 1.000000 0.000000 0.000000
vn 1.000000 0.000000 0.000000
vn 1.000000 0.000000 0.000000
vn 1.000000 -0.000000 0.000000
vn 0.000000 1.000000 0.000000
vn 0.000000 1.000000 0.000000
vn 0.000000 1.000000 0.000000
vn 0.000000 1.000000 0.000000
vn 0.000000 1.000000 0.000000
vn 0.000000 1.000000 0.000000
vn 0.000000 1.000000 0.000000
vn 0.000000 1.000000 0.000000
vn 0.000000 1.000000 0.000000
vn 0.000000 1.000000 0.000000
vn 0.000000 1.000000 0.000000
vn 0.000000 1.000000 0.000000
vn 0.000000 1.000000 0.000000
vn 0.000000 1.000000 0.000000
vn 0.000000 1.000000 0.000000
vn 1.000000 -0.000000 0.000000
vn 1.000000 0.000000 0.000000
vn 1.000000 0.000000 0.000000
vn 1.000000 -0.000000 0.000000
vn 1.000000 0.000000 0.000000
vn 1.000000 0.000000 0.000000
vn 0.999781 0.020912 0.000000
vn 0.998042 0.062555 -0.000078
vn 0.999689 0.024941 0.000096
vn 0.990336 0.138690 0.000000
vn 0.986300 0.164958 0.000837
vn 0.994547 0.104285 -0.000117
vn 0.997202 0.074748 0.000157
vn 0.992242 0.124322 0.000178
vn 0.988750 0.149575 -0.000175
vn 0.978998 0.203871 -0.000114
vn 0.984805 0.173665 0.000113
vn 0.967625 0.252391 -0.000117
vn 0.974936 0.222484 0.000115
vn 0.953826 0.300361 -0.000119
vn 0.962628 0.270829 0.000118
vn 0.937681 0.347496 -0.000121
vn 0.947923 0.318499 0.000120
vn 0.919201 0.393787 -0.000123
vn 0.930858 0.365381 0.000123
vn 0.898411 0.439156 -0.000126
vn 0.911529 0.411236 0.000125
vn 0.875444 0.483320 -0.000129
vn 0.889876 0.456203 0.000126
vn 0.851696 0.524036 -0.000107
vn 0.866003 0.500039 0.000130
vn 0.811894 0.583805 0.000079
vn 0.830808 0.556560 -0.000048
vn 0.840048 0.542512 0.000139
vn 0.811933 0.583750 0.000078
vn 0.791961 0.610572 -0.000048
vn 0.781823 0.623500 0.000144
vn 0.749738 0.661735 0.000082
vn 0.771236 0.636549 -0.000050
vn 0.749764 0.661705 0.000081
vn 0.727272 0.686350 -0.000049
vn 0.715888 0.698215 0.000149
vn 0.680111 0.733109 0.000086
vn 0.704091 0.710110 -0.000051
vn 0.655329 0.755343 -0.000051
vn 0.680161 0.733063 0.000084
vn 0.642792 0.766041 0.000155
vn 0.603782 0.797150 0.000087
vn 0.629841 0.776724 -0.000053
vn 0.576868 0.816837 -0.000052
vn 0.603800 0.797136 0.000087
vn 0.521439 0.853289 0.000089
vn 0.549393 0.835564 -0.000055
vn 0.563330 0.826232 0.000159
vn 0.521438 0.853289 0.000089
vn 0.492688 0.870206 -0.000054
vn 0.433841 0.900989 0.000093
vn 0.463506 0.886094 -0.000055
vn 0.478246 0.878226 0.000164
vn 0.403614 0.914929 -0.000056
vn 0.433884 0.900969 0.000092
vn 0.342031 0.939689 0.000094
vn 0.372993 0.927834 -0.000057
vn 0.388437 0.921475 0.000167
vn 0.310507 0.950571 -0.000056
vn 0.342010 0.939696 0.000094
vn 0.246743 0.969081 0.000097
vn 0.278803 0.960348 -0.000057
vn 0.294744 0.955576 0.000171
vn 0.214366 0.976753 -0.000057
vn 0.246782 0.969071 0.000096
vn 0.149039 0.988831 0.000097
vn 0.181783 0.983339 -0.000058
vn 0.198146 0.980173 0.000173
vn 0.116029 0.993246 -0.000058
vn 0.149033 0.988832 0.000097
vn 0.049817 0.998758 0.000097
vn 0.083031 0.996547 -0.000058
vn 0.099572 0.995030 0.000174
vn 0.016640 0.999861 -0.000059
vn 0.049842 0.998757 0.000097
vn -0.000000 1.000000 0.000175
vn -0.036131 0.999347 -0.000006
vn -0.012094 0.999927 0.000005
vn -0.049842 0.998757 0.000175
vn -0.099079 0.995080 0.000087
vn -0.065192 0.997873 -0.000055
vn -0.099572 0.995030 0.000098
vn -0.132759 0.991148 -0.000061
vn -0.149033 0.988832 0.000174
vn -0.166318 0.986072 -0.000065
vn -0.198146 0.980173 0.000108
vn -0.232867 0.972509 -0.000049
vn -0.199790 0.979839 0.000070
vn -0.246782 0.969071 0.000170
vn -0.265783 0.964033 -0.000071
vn -0.294744 0.955576 0.000124
vn -0.330620 0.943764 -0.000033
vn -0.298377 0.954448 0.000044
vn -0.342010 0.939696 0.000163
vn -0.362469 0.931996 -0.000076
vn -0.388437 0.921475 0.000135
vn -0.426588 0.904446 -0.000019
vn -0.393926 0.919142 0.000019
vn -0.433883 0.900969 0.000134
vn -0.462245 0.886752 -0.000104
vn -0.478246 0.878226 0.000161
vn -0.499016 0.866593 -0.000115
vn -0.521438 0.853289 0.000155
vn -0.534895 0.844918 -0.000093
vn -0.569842 0.821754 -0.000038
vn -0.563330 0.826232 0.000116
vn -0.636723 0.771092 -0.000037
vn -0.603872 0.797081 0.000045
vn -0.603800 0.797136 0.000047
vn -0.670152 0.742223 -0.000102
vn -0.642792 0.766041 0.000111
vn -0.705822 0.708389 -0.000135
vn -0.680161 0.733063 0.000128
vn -0.741534 0.670915 -0.000122
vn -0.715888 0.698215 0.000116
vn -0.775249 0.631656 -0.000108
vn -0.749764 0.661705 0.000102
vn -0.806910 0.590675 -0.000093
vn -0.781823 0.623500 0.000087
vn -0.836399 0.548121 -0.000076
vn -0.811933 0.583750 0.000071
vn -0.863628 0.504129 -0.000058
vn -0.840048 0.542512 0.000055
vn -0.866003 0.500039 0.000037
vn -0.889913 0.456129 -0.000046
vn -0.889876 0.456203 -0.000044
vn -0.911529 0.411236 0.000037
vn -0.915887 0.401437 -0.000173
vn -0.930858 0.365381 0.000119
vn -0.939630 0.342192 -0.000210
vn -0.947923 0.318499 0.000116
vn -0.959594 0.281388 -0.000166
vn -0.962628 0.270829 0.000034
vn -0.974936 0.222484 -0.000041
vn -0.975615 0.219490 -0.000106
vn -0.987367 0.158453 0.000139
vn -0.987654 0.156649 0.000000
vn -0.984805 0.173665 -0.000514
vn -0.992242 0.124322 0.000178
vn -0.994547 0.104285 -0.000117
vn -0.997202 0.074748 0.000157
vn -0.998042 0.062555 -0.000078
vn -0.999689 0.024941 0.000096
vn -0.999781 0.020912 0.000000
vn -1.000000 0.000000 0.000000
vn -1.000000 0.000000 0.000000
vn -1.000000 0.000000 0.000000
vn -1.000000 0.000000 0.000000
vn -1.000000 0.000000 0.000000
vn -1.000000 0.000000 0.000000
vn 1.000000 -0.000000 0.000000
vn 1.000000 0.000000 0.000000
vn 1.000000 0.000000 0.000000
vn 1.000000 -0.000000 0.000000
vn 1.000000 0.000000 0.000000
vn 1.000000 0.000000 0.000000
vn 0.999782 0.020884 0.000000
vn 0.998037 0.062628 -0.000078
vn 0.999689 0.024931 0.000097
vn 0.990347 0.138613 0.000000
vn 0.986298 0.164972 0.000840
vn 0.994552 0.104246 -0.000118
vn 0.997204 0.074729 0.000156
vn 0.992239 0.124345 0.000177
vn 0.988755 0.149547 -0.000175
vn 0.978996 0.203880 -0.000114
vn 0.984808 0.173647 0.000113
vn 0.967617 0.252422 -0.000116
vn 0.974928 0.222520 0.000116
vn 0.953834 0.300334 -0.000119
vn 0.962625 0.270838 0.000118
vn 0.937680 0.347500 -0.000121
vn 0.947926 0.318491 0.000120
vn 0.919196 0.393800 -0.000123
vn 0.930874 0.365340 0.000123
vn 0.898426 0.439124 -0.000126
vn 0.911504 0.411292 0.000125
vn 0.875424 0.483356 -0.000128
vn 0.889874 0.456207 0.000127
vn 0.851718 0.524001 -0.000107
vn 0.866021 0.500007 0.000130
vn 0.811884 0.583819 0.000080
vn 0.830788 0.556589 -0.000047
vn 0.840031 0.542539 0.000139
vn 0.811931 0.583754 0.000078
vn 0.791989 0.610536 -0.000047
vn 0.781840 0.623480 0.000145
vn 0.749731 0.661743 0.000082
vn 0.771240 0.636545 -0.000049
vn 0.749771 0.661697 0.000081
vn 0.727268 0.686353 -0.000049
vn 0.715867 0.698237 0.000150
vn 0.680122 0.733099 0.000086
vn 0.704070 0.710131 -0.000050
vn 0.655315 0.755356 -0.000051
vn 0.680177 0.733048 0.000084
vn 0.642797 0.766037 0.000154
vn 0.603782 0.797150 0.000088
vn 0.629876 0.776696 -0.000053
vn 0.576872 0.816835 -0.000052
vn 0.603791 0.797143 0.000087
vn 0.521429 0.853295 0.000090
vn 0.549387 0.835568 -0.000054
vn 0.563343 0.826223 0.000160
vn 0.521429 0.853295 0.000090
vn 0.492687 0.870207 -0.000054
vn 0.433864 0.900979 0.000092
vn 0.463481 0.886107 -0.000055
vn 0.478242 0.878228 0.000164
vn 0.403625 0.914925 -0.000056
vn 0.433900 0.900961 0.000091
vn 0.342039 0.939686 0.000094
vn 0.372983 0.927838 -0.000057
vn 0.388424 0.921481 0.000167
vn 0.310497 0.950574 -0.000056
vn 0.342020 0.939693 0.000094
vn 0.246722 0.969086 0.000097
vn 0.278814 0.960345 -0.000057
vn 0.294741 0.955577 0.000171
vn 0.214378 0.976751 -0.000057
vn 0.246769 0.969074 0.000096
vn 0.149043 0.988831 0.000097
vn 0.181785 0.983338 -0.000058
vn 0.198150 0.980172 0.000173
vn 0.116026 0.993246 -0.000058
vn 0.149034 0.988832 0.000097
vn 0.049815 0.998758 0.000097
vn 0.083031 0.996547 -0.000058
vn 0.099572 0.995030 0.000174
vn 0.016641 0.999861 -0.000059
vn 0.049844 0.998757 0.000097
vn -0.000000 1.000000 0.000175
vn -0.036126 0.999347 -0.000006
vn -0.012095 0.999927 0.000005
vn -0.049844 0.998757 0.000175
vn -0.099073 0.995080 0.000087
vn -0.065197 0.997872 -0.000055
vn -0.099572 0.995030 0.000098
vn -0.132753 0.991149 -0.000061
vn -0.149034 0.988832 0.000174
vn -0.166334 0.986069 -0.000065
vn -0.198150 0.980172 0.000108
vn -0.232883 0.972505 -0.000048
vn -0.199772 0.979842 0.000071
vn -0.246769 0.969074 0.000170
vn -0.265783 0.964033 -0.000072
vn -0.294741 0.955577 0.000124
vn -0.330600 0.943771 -0.000034
vn -0.298388 0.954445 0.000043
vn -0.342020 0.939693 0.000163
vn -0.362479 0.931992 -0.000076
vn -0.388424 0.921481 0.000135
vn -0.426587 0.904447 -0.000020
vn -0.393911 0.919149 0.000019
vn -0.433900 0.900961 0.000134
vn -0.462268 0.886740 -0.000104
vn -0.478242 0.878228 0.000161
vn -0.498985 0.866610 -0.000115
vn -0.521429 0.853295 0.000155
vn -0.534916 0.844905 -0.000093
vn -0.569849 0.821749 -0.000038
vn -0.563342 0.826224 0.000116
vn -0.636704 0.771108 -0.000038
vn -0.603857 0.797092 0.000045
vn -0.603793 0.797141 0.000047
vn -0.670165 0.742212 -0.000102
vn -0.642797 0.766036 0.000112
vn -0.705811 0.708400 -0.000134
vn -0.680175 0.733050 0.000128
vn -0.741542 0.670907 -0.000122
vn -0.715867 0.698237 0.000117
vn -0.775251 0.631653 -0.000108
vn -0.749772 0.661696 0.000103
vn -0.806908 0.590678 -0.000092
vn -0.781840 0.623479 0.000088
vn -0.836408 0.548108 -0.000075
vn -0.811932 0.583752 0.000072
vn -0.863643 0.504104 -0.000058
vn -0.840029 0.542541 0.000055
vn -0.866021 0.500007 0.000038
vn -0.889893 0.456169 -0.000045
vn -0.889874 0.456207 -0.000044
vn -0.911504 0.411292 0.000039
vn -0.915887 0.401437 -0.000173
vn -0.930875 0.365337 0.000119
vn -0.939642 0.342158 -0.000210
vn -0.947926 0.318492 0.000116
vn -0.959589 0.281407 -0.000166
vn -0.962625 0.270838 0.000035
vn -0.974927 0.222524 -0.000041
vn -0.975614 0.219494 -0.000107
vn -0.987369 0.158438 0.000139
vn -0.987656 0.156637 0.000000
vn -0.984808 0.173644 -0.000514
vn -0.992239 0.124343 0.000178
vn -0.994551 0.104249 -0.000118
vn -0.997204 0.074733 0.000156
vn -0.998037 0.062623 -0.000078
vn -0.999689 0.024930 0.000097
vn -0.999782 0.020887 0.000000
vn -1.000000 0.000000 0.000000
vn -1.000000 0.000000 0.000000
vn -1.000000 0.000000 0.000000
vn -1.000000 0.000000 0.000000
vn -1.000000 0.000000 0.000000
vn -1.000000 0.000000 0.000000
vn -1.000000 0.000000 0.000000
vn -1.000000 0.000000 0.000000
vn -1.000000 0.000000 0.000000
vn -1.000000 0.000000 0.000000
vn -1.000000 0.000000 0.000000
vn -1.000000 0.000000 0.000000
vn -1.000000 0.000000 0.000000
vn -1.000000 0.000000 0.000000
vn -1.000000 0.000000 0.000000
vn -0.000000 -1.000000 0.000000
vn 0.000000 -1.000000 0.000000
vn 0.000000 -1.000000 0.000000
vn 0.000000 -1.000000 0.000000
vn -0.000000 -1.000000 0.000000
vn 0.000000 -1.000000 0.000000
vn 0.000000 -1.000000 0.000000
vn 0.000000 -1.000000 0.000000
vn 0.000000 -1.000000 0.000000
vn 0.000000 -1.000000 0.000000
vn -0.000000 -1.000000 0.000000
vn -1.000000 0.000000 0.000000
vn -1.000000 0.000000 0.000000
vn 0.000000 1.000000 0.000000
vn 0.000000 1.000000 0.000000
vn 0.000000 1.000000 0.000000
vn 0.000000 1.000000 0.000000
vn 0.000000 1.000000 0.000000
vn 0.000000 1.000000 0.000000
vn 0.000000 1.000000 0.000000
vn 0.000000 1.000000 0.000000
vn 0.000000 1.000000 0.000000
vn 0.000000 1.000000 0.000000
vn 0.000000 1.000000 0.000000
vn 0.000000 1.000000 0.000000
vn 0.000000 1.000000 0.000000
vn 0.000000 1.000000 0.000000
vn 0.000000 1.000000 0.000000
vn 0.000000 1.000000 0.000000
vn 0.000000 1.000000 0.000000
vn 0.000000 1.000000 0.000000
vn 0.000000 1.000000 0.000000
vn 0.000000 1.000000 0.000000
vn 0.000000 1.000000 0.000000
vn 0.000000 1.000000 0.000000
vn 0.000000 1.000000 0.000000
vn 0.000000 1.000000 0.000000
vn 0.000000 1.000000 0.000000
vn -0.000000 1.000000 0.000000
vn -0.000000 1.000000 0.000000
vn 0.000000 1.000000 0.000000
vn -1.000000 0.000000 0.000000
vn -1.000000 0.000000 0.000000
vn -1.000000 0.000000 0.000000
vn -1.000000 0.000000 0.000000
vn -1.000000 0.000000 0.000000
vn -1.000000 0.000000 0.000000
vn -1.000000 0.000000 0.000000
vn -1.000000 0.000000 0.000000
vn -1.000000 0.000000 0.000000
vn -1.000000 0.000000 0.000000
vn -1.000000 0.000000 0.000000
vn -1.000000 0.000000 0.000000
vn -1.000000 0.000000 0.000000
vn -1.000000 0.000000 0.000000
vn -1.000000 0.000000 0.000000
vn -0.999782 -0.020887 0.000000
vn -0.999689 -0.024930 0.000097
vn -0.997204 -0.074731 0.000156
vn -0.998037 -0.062623 -0.000078
vn -0.992239 -0.124344 0.000177
vn -0.994551 -0.104250 -0.000118
vn -0.990346 -0.138620 0.000000
vn -0.984808 -0.173647 0.000113
vn -0.988755 -0.149544 -0.000175
vn -0.986300 -0.164958 0.000839
vn -0.974928 -0.222521 0.000116
vn -0.978995 -0.203886 -0.000114
vn -0.962624 -0.270841 0.000118
vn -0.967617 -0.252424 -0.000116
vn -0.947927 -0.318487 0.000120
vn -0.953834 -0.300335 -0.000119
vn -0.930874 -0.365342 0.000122
vn -0.937680 -0.347500 -0.000121
vn -0.911506 -0.411286 0.000125
vn -0.919196 -0.393800 -0.000123
vn -0.889872 -0.456211 0.000127
vn -0.898428 -0.439121 -0.000126
vn -0.866026 -0.500000 0.000130
vn -0.875426 -0.483352 -0.000128
vn -0.840025 -0.542547 0.000139
vn -0.851714 -0.524007 -0.000107
vn -0.830788 -0.556588 -0.000047
vn -0.811893 -0.583806 0.000080
vn -0.811939 -0.583743 0.000078
vn -0.791979 -0.610548 -0.000047
vn -0.781831 -0.623491 0.000144
vn -0.771250 -0.636532 -0.000049
vn -0.749738 -0.661735 0.000083
vn -0.749781 -0.661686 0.000081
vn -0.727265 -0.686357 -0.000049
vn -0.715867 -0.698237 0.000150
vn -0.704052 -0.710148 -0.000051
vn -0.680135 -0.733087 0.000085
vn -0.680174 -0.733051 0.000084
vn -0.655324 -0.755348 -0.000051
vn -0.642787 -0.766045 0.000155
vn -0.629860 -0.776708 -0.000052
vn -0.603768 -0.797160 0.000088
vn -0.603805 -0.797132 0.000087
vn -0.576875 -0.816832 -0.000052
vn -0.563319 -0.826239 0.000159
vn -0.549411 -0.835552 -0.000054
vn -0.521403 -0.853310 0.000090
vn -0.521436 -0.853290 0.000090
vn -0.492695 -0.870202 -0.000054
vn -0.478253 -0.878222 0.000164
vn -0.463504 -0.886095 -0.000055
vn -0.433858 -0.900981 0.000093
vn -0.433883 -0.900969 0.000092
vn -0.403622 -0.914926 -0.000055
vn -0.388436 -0.921476 0.000168
vn -0.372993 -0.927834 -0.000056
vn -0.341998 -0.939701 0.000094
vn -0.342020 -0.939693 0.000094
vn -0.294754 -0.955573 0.000171
vn -0.310536 -0.950562 -0.000056
vn -0.278774 -0.960357 -0.000057
vn -0.246758 -0.969077 0.000096
vn -0.246745 -0.969080 0.000096
vn -0.198146 -0.980173 0.000173
vn -0.214368 -0.976753 -0.000057
vn -0.181788 -0.983338 -0.000058
vn -0.149044 -0.988831 0.000097
vn -0.149036 -0.988832 0.000097
vn -0.099568 -0.995031 0.000175
vn -0.116069 -0.993241 -0.000058
vn -0.082995 -0.996550 -0.000058
vn -0.049846 -0.998757 0.000097
vn -0.049844 -0.998757 0.000097
vn 0.000000 -1.000000 0.000175
vn -0.016619 -0.999862 -0.000058
vn 0.012065 -0.999927 0.000006
vn 0.036181 -0.999345 -0.000005
vn 0.049846 -0.998757 0.000174
vn 0.065190 -0.997873 -0.000055
vn 0.099049 -0.995083 0.000086
vn 0.099568 -0.995031 0.000098
vn 0.132770 -0.991147 -0.000061
vn 0.149044 -0.988831 0.000174
vn 0.166344 -0.986068 -0.000065
vn 0.198146 -0.980173 0.000108
vn 0.199759 -0.979845 0.000071
vn 0.232896 -0.972502 -0.000049
vn 0.246758 -0.969077 0.000170
vn 0.265773 -0.964036 -0.000072
vn 0.294754 -0.955573 0.000123
vn 0.298391 -0.954444 0.000043
vn 0.330607 -0.943769 -0.000034
vn 0.342020 -0.939693 0.000163
vn 0.362448 -0.932004 -0.000076
vn 0.388436 -0.921476 0.000135
vn 0.393923 -0.919143 0.000019
vn 0.426600 -0.904441 -0.000019
vn 0.433883 -0.900969 0.000134
vn 0.462246 -0.886752 -0.000104
vn 0.478253 -0.878222 0.000162
vn 0.499003 -0.866600 -0.000115
vn 0.521436 -0.853290 0.000155
vn 0.534900 -0.844915 -0.000093
vn 0.563320 -0.826239 0.000117
vn 0.569869 -0.821736 -0.000039
vn 0.603803 -0.797133 0.000047
vn 0.603855 -0.797094 0.000045
vn 0.636697 -0.771114 -0.000038
vn 0.642787 -0.766045 0.000112
vn 0.670161 -0.742216 -0.000102
vn 0.680176 -0.733049 0.000128
vn 0.705819 -0.708392 -0.000135
vn 0.715867 -0.698237 0.000116
vn 0.741532 -0.670917 -0.000122
vn 0.749781 -0.661686 0.000103
vn 0.775259 -0.631644 -0.000107
vn 0.781830 -0.623491 0.000088
vn 0.806911 -0.590673 -0.000092
vn 0.811937 -0.583744 0.000072
vn 0.836400 -0.548120 -0.000075
vn 0.840027 -0.542544 0.000055
vn 0.863646 -0.504098 -0.000058
vn 0.866026 -0.500000 0.000038
vn 0.889872 -0.456211 -0.000044
vn 0.889896 -0.456164 -0.000045
vn 0.911506 -0.411286 0.000038
vn 0.930872 -0.365345 0.000119
vn 0.915887 -0.401436 -0.000173
vn 0.947928 -0.318485 0.000116
vn 0.939642 -0.342158 -0.000210
vn 0.962624 -0.270841 0.000035
vn 0.974929 -0.222518 -0.000041
vn 0.959588 -0.281409 -0.000166
vn 0.975613 -0.219496 -0.000107
vn 0.984807 -0.173650 -0.000514
vn 0.992239 -0.124346 0.000177
vn 0.987369 -0.158438 0.000139
vn 0.987656 -0.156637 0.000000
vn 0.997204 -0.074727 0.000156
vn 0.994551 -0.104247 -0.000118
vn 0.999689 -0.024931 0.000097
vn 0.998037 -0.062628 -0.000078
vn 0.999782 -0.020884 0.000000
vn 1.000000 0.000000 0.000000
vn 1.000000 0.000000 0.000000
vn 1.000000 0.000000 0.000000
vn 1.000000 -0.000000 0.000000
vn 1.000000 0.000000 0.000000
vn 1.000000 -0.000000 0.000000
vn -0.999689 -0.024928 0.000000
vn -0.999689 -0.024928 0.000000
vn -0.997204 -0.074734 0.000000
vn -0.992239 -0.124342 0.000000
vn -0.997204 -0.074734 0.000000
vn -0.992239 -0.124342 0.000000
vn -0.984807 -0.173649 0.000000
vn -0.974928 -0.222518 0.000000
vn -0.984807 -0.173649 0.000000
vn -0.962623 -0.270844 0.000000
vn -0.974928 -0.222518 0.000000
vn -0.962623 -0.270844 0.000000
vn -0.947927 -0.318488 0.000000
vn -0.947927 -0.318488 0.000000
vn -0.930875 -0.365337 0.000000
vn -0.911505 -0.411290 0.000000
vn -0.930875 -0.365337 0.000000
vn -0.911505 -0.411290 0.000000
vn -0.889872 -0.456211 0.000000
vn -0.889872 -0.456211 0.000000
vn -0.866026 -0.499999 0.000000
vn -0.866026 -0.499999 0.000000
vn -0.840024 -0.542549 0.000000
vn -0.840024 -0.542549 0.000000
vn -0.811940 -0.583741 0.000000
vn -0.811940 -0.583741 0.000000
vn -0.781830 -0.623492 0.000000
vn -0.781830 -0.623492 0.000000
vn -0.749783 -0.661683 0.000000
vn -0.749783 -0.661683 0.000000
vn -0.715866 -0.698238 0.000000
vn -0.715866 -0.698238 0.000000
vn -0.680173 -0.733052 0.000000
vn -0.680173 -0.733052 0.000000
vn -0.642786 -0.766046 0.000000
vn -0.642786 -0.766046 0.000000
vn -0.603806 -0.797131 0.000000
vn -0.603806 -0.797131 0.000000
vn -0.563320 -0.826239 0.000000
vn -0.563320 -0.826239 0.000000
vn -0.521436 -0.853290 0.000000
vn -0.521436 -0.853290 0.000000
vn -0.478253 -0.878222 0.000000
vn -0.478253 -0.878222 0.000000
vn -0.433883 -0.900969 0.000000
vn -0.433883 -0.900969 0.000000
vn -0.388434 -0.921477 0.000000
vn -0.342020 -0.939692 0.000000
vn -0.388434 -0.921477 0.000000
vn -0.342020 -0.939692 0.000000
vn -0.294755 -0.955573 0.000000
vn -0.294755 -0.955573 0.000000
vn -0.246758 -0.969077 0.000000
vn -0.198148 -0.980172 0.000000
vn -0.246758 -0.969077 0.000000
vn -0.149040 -0.988831 0.000000
vn -0.198148 -0.980172 0.000000
vn -0.149040 -0.988831 0.000000
vn -0.099570 -0.995031 0.000000
vn -0.049847 -0.998757 0.000000
vn -0.099570 -0.995031 0.000000
vn -0.049847 -0.998757 0.000000
vn 0.000000 -1.000000 0.000000
vn 0.049847 -0.998757 0.000000
vn 0.000000 -1.000000 0.000000
vn 0.049847 -0.998757 0.000000
vn 0.099570 -0.995031 0.000000
vn 0.149040 -0.988831 0.000000
vn 0.099570 -0.995031 0.000000
vn 0.149040 -0.988831 0.000000
vn 0.198148 -0.980172 0.000000
vn 0.198148 -0.980172 0.000000
vn 0.246758 -0.969077 0.000000
vn 0.246758 -0.969077 0.000000
vn 0.294755 -0.955573 0.000000
vn 0.294755 -0.955573 0.000000
vn 0.342020 -0.939692 0.000000
vn 0.342020 -0.939692 0.000000
vn 0.388434 -0.921477 0.000000
vn 0.388434 -0.921477 0.000000
vn 0.433883 -0.900969 0.000000
vn 0.433883 -0.900969 0.000000
vn 0.478253 -0.878222 0.000000
vn 0.478253 -0.878222 0.000000
vn 0.521436 -0.853290 0.000000
vn 0.521436 -0.853290 0.000000
vn 0.563320 -0.826239 0.000000
vn 0.563320 -0.826239 0.000000
vn 0.603806 -0.797131 0.000000
vn 0.603806 -0.797131 0.000000
vn 0.642786 -0.766046 0.000000
vn 0.642786 -0.766046 0.000000
vn 0.680173 -0.733052 0.000000
vn 0.680173 -0.733052 0.000000
vn 0.715866 -0.698238 0.000000
vn 0.715866 -0.698238 0.000000
vn 0.749783 -0.661683 0.000000
vn 0.749783 -0.661683 0.000000
vn 0.781830 -0.623492 0.000000
vn 0.781830 -0.623492 0.000000
vn 0.811940 -0.583741 0.000000
vn 0.811940 -0.583741 0.000000
vn 0.840024 -0.542549 0.000000
vn 0.840024 -0.542549 0.000000
vn 0.866026 -0.499999 0.000000
vn 0.866026 -0.499999 0.000000
vn 0.889872 -0.456211 0.000000
vn 0.889872 -0.456211 0.000000
vn 0.911505 -0.411290 0.000000
vn 0.911505 -0.411290 0.000000
vn 0.930875 -0.365337 0.000000
vn 0.930875 -0.365337 0.000000
vn 0.947927 -0.318488 0.000000
vn 0.947927 -0.318488 0.000000
vn 0.962623 -0.270844 0.000000
vn 0.962623 -0.270844 0.000000
vn 0.974928 -0.222518 0.000000
vn 0.974928 -0.222518 0.000000
vn 0.984807 -0.173649 0.000000
vn 0.984807 -0.173649 0.000000
vn 0.992239 -0.124342 0.000000
vn 0.992239 -0.124342 0.000000
vn 0.997204 -0.074734 0.000000
vn 0.997204 -0.074734 0.000000
vn 0.999689 -0.024928 0.000000
vn 0.999689 -0.024928 0.000000
vn 0.999689 0.024928 -0.000000
vn 0.999689 0.024928 -0.000000
vn 0.997203 0.074734 0.000000
vn 0.997203 0.074734 -0.000000
vn 0.992239 0.124342 0.000000
vn 0.992239 0.124342 -0.000000
vn 0.984808 0.173649 -0.000000
vn 0.984808 0.173649 -0.000000
vn 0.974929 0.222518 0.000000
vn 0.974929 0.222518 -0.000000
vn 0.962623 0.270844 -0.000000
vn 0.962623 0.270844 -0.000000
vn 0.947926 0.318490 -0.000000
vn 0.947926 0.318490 -0.000000
vn 0.930876 0.365336 -0.000000
vn 0.930876 0.365336 -0.000000
vn 0.911505 0.411290 0.000000
vn 0.911505 0.411290 -0.000000
vn 0.889872 0.456211 0.000000
vn 0.889872 0.456211 -0.000000
vn 0.866025 0.500000 0.000000
vn 0.866025 0.500000 -0.000000
vn 0.840026 0.542546 -0.000000
vn 0.811938 0.583744 -0.000000
vn 0.840026 0.542546 0.000000
vn 0.811938 0.583744 -0.000000
vn 0.781831 0.623490 -0.000000
vn 0.781831 0.623490 0.000000
vn 0.749782 0.661685 -0.000000
vn 0.749782 0.661685 0.000000
vn 0.715866 0.698238 -0.000000
vn 0.680176 0.733048 -0.000000
vn 0.715866 0.698238 0.000000
vn 0.680176 0.733048 -0.000000
vn 0.642784 0.766048 -0.000000
vn 0.642784 0.766048 0.000000
vn 0.603806 0.797131 -0.000000
vn 0.563320 0.826239 -0.000000
vn 0.603806 0.797131 0.000000
vn 0.563320 0.826239 -0.000000
vn 0.521434 0.853292 -0.000000
vn 0.521434 0.853292 0.000000
vn 0.478258 0.878219 -0.000000
vn 0.478258 0.878219 0.000000
vn 0.433878 0.900972 -0.000000
vn 0.433878 0.900972 0.000000
vn 0.388439 0.921474 -0.000000
vn 0.388439 0.921474 0.000000
vn 0.342020 0.939692 0.000000
vn 0.342020 0.939692 -0.000000
vn 0.294752 0.955574 0.000000
vn 0.294752 0.955574 -0.000000
vn 0.246758 0.969077 0.000000
vn 0.246758 0.969077 -0.000000
vn 0.198145 0.980173 0.000000
vn 0.198145 0.980173 -0.000000
vn 0.149046 0.988830 -0.000000
vn 0.149046 0.988830 -0.000000
vn 0.099567 0.995031 -0.000000
vn 0.099567 0.995031 0.000000
vn 0.049843 0.998757 -0.000000
vn 0.000000 1.000000 0.000000
vn 0.049843 0.998757 0.000000
vn 0.000000 1.000000 -0.000000
vn -0.049843 0.998757 0.000000
vn -0.049843 0.998757 0.000000
vn -0.099567 0.995031 0.000000
vn -0.149046 0.988830 0.000000
vn -0.099567 0.995031 0.000000
vn -0.149046 0.988830 0.000000
vn -0.198145 0.980173 0.000000
vn -0.246758 0.969077 0.000000
vn -0.198145 0.980173 0.000000
vn -0.246758 0.969077 0.000000
vn -0.294752 0.955574 0.000000
vn -0.294752 0.955574 0.000000
vn -0.342020 0.939692 0.000000
vn -0.342020 0.939692 0.000000
vn -0.388439 0.921474 0.000000
vn -0.388439 0.921474 0.000000
vn -0.433878 0.900972 0.000000
vn -0.433878 0.900972 0.000000
vn -0.478258 0.878219 0.000000
vn -0.478258 0.878219 0.000000
vn -0.521434 0.853292 0.000000
vn -0.521434 0.853292 0.000000
vn -0.563320 0.826239 0.000000
vn -0.603806 0.797131 0.000000
vn -0.563320 0.826239 0.000000
vn -0.603806 0.797131 0.000000
vn -0.642784 0.766048 0.000000
vn -0.680176 0.733048 0.000000
vn -0.642784 0.766048 0.000000
vn -0.680176 0.733048 0.000000
vn -0.715866 0.698238 0.000000
vn -0.715866 0.698238 0.000000
vn -0.749782 0.661685 0.000000
vn -0.749782 0.661685 0.000000
vn -0.781831 0.623490 0.000000
vn -0.781831 0.623490 0.000000
vn -0.811938 0.583744 0.000000
vn -0.811938 0.583744 0.000000
vn -0.840026 0.542546 0.000000
vn -0.840026 0.542546 0.000000
vn -0.866025 0.500000 0.000000
vn -0.866025 0.500000 0.000000
vn -0.889872 0.456211 0.000000
vn -0.889872 0.456211 0.000000
vn -0.911505 0.411290 0.000000
vn -0.911505 0.411290 0.000000
vn -0.930876 0.365336 0.000000
vn -0.930876 0.365336 0.000000
vn -0.947926 0.318490 0.000000
vn -0.947926 0.318490 0.000000
vn -0.962623 0.270844 0.000000
vn -0.962623 0.270844 0.000000
vn -0.974929 0.222518 0.000000
vn -0.974929 0.222518 0.000000
vn -0.984808 0.173649 0.000000
vn -0.984808 0.173649 0.000000
vn -0.992239 0.124342 0.000000
vn -0.992239 0.124342 0.000000
vn -0.997203 0.074734 0.000000
vn -0.997203 0.074734 0.000000
vn -0.999689 0.024928 0.000000
vn -0.999689 0.024928 0.000000
vn -0.999690 -0.024890 0.000000
vn -0.999690 -0.024890 0.000000
vn -0.997208 -0.074670 0.000000
vn -0.992226 -0.124448 0.000000
vn -0.997208 -0.074670 0.000000
vn -0.992226 -0.124448 0.000000
vn -0.984813 -0.173619 0.000000
vn -0.974915 -0.222579 0.000000
vn -0.984813 -0.173619 0.000000
vn -0.962653 -0.270737 0.000000
vn -0.974915 -0.222579 0.000000
vn -0.962653 -0.270737 0.000000
vn -0.947933 -0.318470 0.000000
vn -0.947933 -0.318470 0.000000
vn -0.930856 -0.365387 0.000000
vn -0.911502 -0.411295 0.000000
vn -0.930856 -0.365387 0.000000
vn -0.911502 -0.411295 0.000000
vn -0.889885 -0.456186 0.000000
vn -0.889885 -0.456186 0.000000
vn -0.866007 -0.500032 0.000000
vn -0.866007 -0.500032 0.000000
vn -0.840056 -0.542500 0.000000
vn -0.840056 -0.542500 0.000000
vn -0.811867 -0.583842 0.000000
vn -0.811867 -0.583842 0.000000
vn -0.781839 -0.623480 0.000000
vn -0.781839 -0.623480 0.000000
vn -0.749812 -0.661651 0.000000
vn -0.749812 -0.661651 0.000000
vn -0.715812 -0.698293 0.000000
vn -0.715812 -0.698293 0.000000
vn -0.680183 -0.733043 0.000000
vn -0.680183 -0.733043 0.000000
vn -0.642870 -0.765975 0.000000
vn -0.642870 -0.765975 0.000000
vn -0.603727 -0.797192 0.000000
vn -0.603727 -0.797192 0.000000
vn -0.563308 -0.826247 0.000000
vn -0.563308 -0.826247 0.000000
vn -0.521479 -0.853264 0.000000
vn -0.521479 -0.853264 0.000000
vn -0.478224 -0.878238 0.000000
vn -0.478224 -0.878238 0.000000
vn -0.433898 -0.900962 0.000000
vn -0.433898 -0.900962 0.000000
vn -0.388411 -0.921486 0.000000
vn -0.342084 -0.939669 0.000000
vn -0.388411 -0.921486 0.000000
vn -0.342084 -0.939669 0.000000
vn -0.294745 -0.955576 0.000000
vn -0.294745 -0.955576 0.000000
vn -0.246758 -0.969077 0.000000
vn -0.198123 -0.980177 0.000000
vn -0.246758 -0.969077 0.000000
vn -0.149035 -0.988832 0.000000
vn -0.198123 -0.980177 0.000000
vn -0.149035 -0.988832 0.000000
vn -0.099574 -0.995030 0.000000
vn -0.049852 -0.998757 0.000000
vn -0.099574 -0.995030 0.000000
vn -0.049852 -0.998757 0.000000
vn 0.000000 -1.000000 0.000000
vn 0.049852 -0.998757 0.000000
vn 0.000000 -1.000000 0.000000
vn 0.049852 -0.998757 0.000000
vn 0.099574 -0.995030 0.000000
vn 0.149035 -0.988832 0.000000
vn 0.099574 -0.995030 0.000000
vn 0.149035 -0.988832 0.000000
vn 0.198123 -0.980177 0.000000
vn 0.198123 -0.980177 0.000000
vn 0.246758 -0.969077 0.000000
vn 0.246758 -0.969077 0.000000
vn 0.294745 -0.955576 0.000000
vn 0.294745 -0.955576 0.000000
vn 0.342084 -0.939669 0.000000
vn 0.342084 -0.939669 0.000000
vn 0.388411 -0.921486 0.000000
vn 0.388411 -0.921486 0.000000
vn 0.433898 -0.900962 0.000000
vn 0.433898 -0.900962 0.000000
vn 0.478224 -0.878238 0.000000
vn 0.478224 -0.878238 0.000000
vn 0.521479 -0.853264 0.000000
vn 0.521479 -0.853264 0.000000
vn 0.563308 -0.826247 0.000000
vn 0.563308 -0.826247 0.000000
vn 0.603727 -0.797192 0.000000
vn 0.603727 -0.797192 0.000000
vn 0.642870 -0.765975 0.000000
vn 0.642870 -0.765975 0.000000
vn 0.680183 -0.733043 0.000000
vn 0.680183 -0.733043 0.000000
vn 0.715812 -0.698293 0.000000
vn 0.715812 -0.698293 0.000000
vn 0.749812 -0.661651 0.000000
vn 0.749812 -0.661651 0.000000
vn 0.781839 -0.623480 0.000000
vn 0.781839 -0.623480 0.000000
vn 0.811867 -0.583842 0.000000
vn 0.811867 -0.583842 0.000000
vn 0.840056 -0.542500 0.000000
vn 0.840056 -0.542500 0.000000
vn 0.866007 -0.500032 0.000000
vn 0.866007 -0.500032 0.000000
vn 0.889885 -0.456186 0.000000
vn 0.889885 -0.456186 0.000000
vn 0.911502 -0.411295 0.000000
vn 0.911502 -0.411295 0.000000
vn 0.930856 -0.365387 0.000000
vn 0.930856 -0.365387 0.000000
vn 0.947933 -0.318470 0.000000
vn 0.947933 -0.318470 0.000000
vn 0.962653 -0.270737 0.000000
vn 0.962653 -0.270737 0.000000
vn 0.974915 -0.222579 0.000000
vn 0.974915 -0.222579 0.000000
vn 0.984813 -0.173619 0.000000
vn 0.984813 -0.173619 0.000000
vn 0.992226 -0.124448 0.000000
vn 0.992226 -0.124448 0.000000
vn 0.997208 -0.074670 0.000000
vn 0.997208 -0.074670 0.000000
vn 0.999690 -0.024890 0.000000
vn 0.999690 -0.024890 0.000000
vn 0.999690 0.024890 -0.000000
vn 0.999690 0.024890 -0.000000
vn 0.997208 0.074671 0.000000
vn 0.997208 0.074671 -0.000000
vn 0.992226 0.124448 0.000000
vn 0.992226 0.124448 -0.000000
vn 0.984813 0.173618 -0.000000
vn 0.984813 0.173618 -0.000000
vn 0.974915 0.222578 0.000000
vn 0.974915 0.222578 -0.000000
vn 0.962653 0.270737 -0.000000
vn 0.962653 0.270737 -0.000000
vn 0.947932 0.318472 -0.000000
vn 0.947932 0.318472 -0.000000
vn 0.930856 0.365386 -0.000000
vn 0.930856 0.365386 -0.000000
vn 0.911502 0.411295 0.000000
vn 0.911502 0.411295 -0.000000
vn 0.889885 0.456186 0.000000
vn 0.889885 0.456186 -0.000000
vn 0.866006 0.500034 0.000000
vn 0.866006 0.500034 -0.000000
vn 0.840058 0.542497 -0.000000
vn 0.811865 0.583845 -0.000000
vn 0.840058 0.542497 0.000000
vn 0.811865 0.583845 -0.000000
vn 0.781841 0.623478 -0.000000
vn 0.781841 0.623478 0.000000
vn 0.749811 0.661653 -0.000000
vn 0.749811 0.661653 0.000000
vn 0.715812 0.698293 -0.000000
vn 0.680186 0.733040 -0.000000
vn 0.715812 0.698293 0.000000
vn 0.680186 0.733040 -0.000000
vn 0.642869 0.765976 -0.000000
vn 0.642869 0.765976 0.000000
vn 0.603727 0.797192 -0.000000
vn 0.563308 0.826247 -0.000000
vn 0.603727 0.797192 0.000000
vn 0.563308 0.826247 -0.000000
vn 0.521476 0.853266 -0.000000
vn 0.521476 0.853266 0.000000
vn 0.478229 0.878235 -0.000000
vn 0.478229 0.878235 0.000000
vn 0.433893 0.900965 -0.000000
vn 0.433893 0.900965 0.000000
vn 0.388416 0.921484 -0.000000
vn 0.388416 0.921484 0.000000
vn 0.342084 0.939669 0.000000
vn 0.342084 0.939669 -0.000000
vn 0.294742 0.955577 0.000000
vn 0.294742 0.955577 -0.000000
vn 0.246758 0.969077 0.000000
vn 0.246758 0.969077 -0.000000
vn 0.198120 0.980178 0.000000
vn 0.198120 0.980178 -0.000000
vn 0.149041 0.988831 -0.000000
vn 0.149041 0.988831 -0.000000
vn 0.099571 0.995030 -0.000000
vn 0.099571 0.995030 0.000000
vn 0.049849 0.998757 -0.000000
vn 0.000000 1.000000 0.000000
vn 0.049849 0.998757 0.000000
vn 0.000000 1.000000 -0.000000
vn -0.049849 0.998757 0.000000
vn -0.049849 0.998757 0.000000
vn -0.099571 0.995030 0.000000
vn -0.149041 0.988831 0.000000
vn -0.099571 0.995030 0.000000
vn -0.149041 0.988831 0.000000
vn -0.198120 0.980178 0.000000
vn -0.246758 0.969077 0.000000
vn -0.198120 0.980178 0.000000
vn -0.246758 0.969077 0.000000
vn -0.294742 0.955577 0.000000
vn -0.294742 0.955577 0.000000
vn -0.342084 0.939669 0.000000
vn -0.342084 0.939669 0.000000
vn -0.388416 0.921484 0.000000
vn -0.388416 0.921484 0.000000
vn -0.433893 0.900965 0.000000
vn -0.433893 0.900965 0.000000
vn -0.478229 0.878235 0.000000
vn -0.478229 0.878235 0.000000
vn -0.521476 0.853266 0.000000
vn -0.521476 0.853266 0.000000
vn -0.563308 0.826247 0.000000
vn -0.603727 0.797192 0.000000
vn -0.563308 0.826247 0.000000
vn -0.603727 0.797192 0.000000
vn -0.642869 0.765976 0.000000
vn -0.680186 0.733040 0.000000
vn -0.642869 0.765976 0.000000
vn -0.680186 0.733040 0.000000
vn -0.715812 0.698293 0.000000
vn -0.715812 0.698293 0.000000
vn -0.749811 0.661653 0.000000
vn -0.749811 0.661653 0.000000
vn -0.781841 0.623478 0.000000
vn -0.781841 0.623478 0.000000
vn -0.811865 0.583845 0.000000
vn -0.811865 0.583845 0.000000
vn -0.840058 0.542497 0.000000
vn -0.840058 0.542497 0.000000
vn -0.866006 0.500034 0.000000
vn -0.866006 0.500034 0.000000
vn -0.889885 0.456186 0.000000
vn -0.889885 0.456186 0.000000
vn -0.911502 0.411295 0.000000
vn -0.911502 0.411295 0.000000
vn -0.930856 0.365386 0.000000
vn -0.930856 0.365386 0.000000
vn -0.947932 0.318472 0.000000
vn -0.947932 0.318472 0.000000
vn -0.962653 0.270737 0.000000
vn -0.962653 0.270737 0.000000
vn -0.974915 0.222578 0.000000
vn -0.974915 0.222578 0.000000
vn -0.984813 0.173618 0.000000
vn -0.984813 0.173618 0.000000
vn -0.992226 0.124448 0.000000
vn -0.992226 0.124448 0.000000
vn -0.997208 0.074671 0.000000
vn -0.997208 0.074671 0.000000
vn -0.999690 0.024890 0.000000
vn -0.999690 0.024890 0.000000
vn -0.999689 -0.024928 0.000000
vn -0.999689 -0.024928 0.000000
vn -0.997204 -0.074732 0.000000
vn -0.992239 -0.124342 0.000000
vn -0.997204 -0.074732 0.000000
vn -0.992239 -0.124342 0.000000
vn -0.984807 -0.173653 0.000000
vn -0.974927 -0.222526 0.000000
vn -0.984807 -0.173653 0.000000
vn -0.962625 -0.270837 0.000000
vn -0.974927 -0.222526 0.000000
vn -0.962625 -0.270837 0.000000
vn -0.947930 -0.318478 0.000000
vn -0.947930 -0.318478 0.000000
vn -0.930869 -0.365353 0.000000
vn -0.911511 -0.411275 0.000000
vn -0.930869 -0.365353 0.000000
vn -0.911511 -0.411275 0.000000
vn -0.889881 -0.456193 0.000000
vn -0.889881 -0.456193 0.000000
vn -0.866006 -0.500033 0.000000
vn -0.866006 -0.500033 0.000000
vn -0.840028 -0.542543 0.000000
vn -0.840028 -0.542543 0.000000
vn -0.811955 -0.583720 0.000000
vn -0.811955 -0.583720 0.000000
vn -0.781814 -0.623512 0.000000
vn -0.781814 -0.623512 0.000000
vn -0.749774 -0.661694 0.000000
vn -0.749774 -0.661694 0.000000
vn -0.715878 -0.698225 0.000000
vn -0.715878 -0.698225 0.000000
vn -0.680183 -0.733042 0.000000
vn -0.680183 -0.733042 0.000000
vn -0.642765 -0.766063 0.000000
vn -0.642765 -0.766063 0.000000
vn -0.603859 -0.797091 0.000000
vn -0.603859 -0.797091 0.000000
vn -0.563298 -0.826254 0.000000
vn -0.563298 -0.826254 0.000000
vn -0.521457 -0.853278 0.000000
vn -0.521457 -0.853278 0.000000
vn -0.478224 -0.878238 0.000000
vn -0.478224 -0.878238 0.000000
vn -0.433847 -0.900987 0.000000
vn -0.433847 -0.900987 0.000000
vn -0.388445 -0.921472 0.000000
vn -0.342032 -0.939688 0.000000
vn -0.388445 -0.921472 0.000000
vn -0.342032 -0.939688 0.000000
vn -0.294799 -0.955559 0.000000
vn -0.294799 -0.955559 0.000000
vn -0.246758 -0.969077 0.000000
vn -0.198102 -0.980181 0.000000
vn -0.246758 -0.969077 0.000000
vn -0.149033 -0.988832 0.000000
vn -0.198102 -0.980181 0.000000
vn -0.149033 -0.988832 0.000000
vn -0.099561 -0.995032 0.000000
vn -0.049882 -0.998755 0.000000
vn -0.099561 -0.995032 0.000000
vn -0.049882 -0.998755 0.000000
vn 0.000000 -1.000000 0.000000
vn 0.049882 -0.998755 0.000000
vn 0.000000 -1.000000 0.000000
vn 0.049882 -0.998755 0.000000
vn 0.099561 -0.995032 0.000000
vn 0.149033 -0.988832 0.000000
vn 0.099561 -0.995032 0.000000
vn 0.149033 -0.988832 0.000000
vn 0.198102 -0.980181 0.000000
vn 0.198102 -0.980181 0.000000
vn 0.246758 -0.969077 0.000000
vn 0.246758 -0.969077 0.000000
vn 0.294799 -0.955559 0.000000
vn 0.294799 -0.955559 0.000000
vn 0.342032 -0.939688 0.000000
vn 0.342032 -0.939688 0.000000
vn 0.388445 -0.921472 0.000000
vn 0.388445 -0.921472 0.000000
vn 0.433847 -0.900987 0.000000
vn 0.433847 -0.900987 0.000000
vn 0.478224 -0.878238 0.000000
vn 0.478224 -0.878238 0.000000
vn 0.521457 -0.853278 0.000000
vn 0.521457 -0.853278 0.000000
vn 0.563298 -0.826254 0.000000
vn 0.563298 -0.826254 0.000000
vn 0.603859 -0.797091 0.000000
vn 0.603859 -0.797091 0.000000
vn 0.642765 -0.766063 0.000000
vn 0.642765 -0.766063 0.000000
vn 0.680183 -0.733042 0.000000
vn 0.680183 -0.733042 0.000000
vn 0.715878 -0.698225 0.000000
vn 0.715878 -0.698225 0.000000
vn 0.749774 -0.661694 0.000000
vn 0.749774 -0.661694 0.000000
vn 0.781814 -0.623512 0.000000
vn 0.781814 -0.623512 0.000000
vn 0.811955 -0.583720 0.000000
vn 0.811955 -0.583720 0.000000
vn 0.840028 -0.542543 0.000000
vn 0.840028 -0.542543 0.000000
vn 0.866006 -0.500033 0.000000
vn 0.866006 -0.500033 0.000000
vn 0.889881 -0.456193 0.000000
vn 0.889881 -0.456193 0.000000
vn 0.911511 -0.411275 0.000000
vn 0.911511 -0.411275 0.000000
vn 0.930869 -0.365353 0.000000
vn 0.930869 -0.365353 0.000000
vn 0.947930 -0.318478 0.000000
vn 0.947930 -0.318478 0.000000
vn 0.962625 -0.270837 0.000000
vn 0.962625 -0.270837 0.000000
vn 0.974927 -0.222526 0.000000
vn 0.974927 -0.222526 0.000000
vn 0.984807 -0.173653 0.000000
vn 0.984807 -0.173653 0.000000
vn 0.992239 -0.124342 0.000000
vn 0.992239 -0.124342 0.000000
vn 0.997204 -0.074732 0.000000
vn 0.997204 -0.074732 0.000000
vn 0.999689 -0.024928 0.000000
vn 0.999689 -0.024928 0.000000
vn 0.999689 0.024928 -0.000000
vn 0.999689 0.024928 -0.000000
vn 0.997204 0.074732 0.000000
vn 0.997204 0.074732 -0.000000
vn 0.992239 0.124342 0.000000
vn 0.992239 0.124342 -0.000000
vn 0.984807 0.173653 -0.000000
vn 0.984807 0.173653 -0.000000
vn 0.974927 0.222526 0.000000
vn 0.974927 0.222526 -0.000000
vn 0.962625 0.270837 -0.000000
vn 0.962625 0.270837 -0.000000
vn 0.947930 0.318478 -0.000000
vn 0.947930 0.318478 -0.000000
vn 0.930869 0.365353 -0.000000
vn 0.930869 0.365353 -0.000000
vn 0.911511 0.411275 0.000000
vn 0.911511 0.411275 -0.000000
vn 0.889881 0.456193 0.000000
vn 0.889881 0.456193 -0.000000
vn 0.866006 0.500033 0.000000
vn 0.866006 0.500033 -0.000000
vn 0.840028 0.542543 -0.000000
vn 0.811955 0.583720 -0.000000
vn 0.840028 0.542543 0.000000
vn 0.811955 0.583720 -0.000000
vn 0.781814 0.623512 -0.000000
vn 0.781814 0.623512 0.000000
vn 0.749774 0.661694 -0.000000
vn 0.749774 0.661694 0.000000
vn 0.715878 0.698225 -0.000000
vn 0.680183 0.733042 -0.000000
vn 0.715878 0.698225 0.000000
vn 0.680183 0.733042 -0.000000
vn 0.642765 0.766063 -0.000000
vn 0.642765 0.766063 0.000000
vn 0.603859 0.797091 -0.000000
vn 0.563298 0.826254 -0.000000
vn 0.603859 0.797091 0.000000
vn 0.563298 0.826254 -0.000000
vn 0.521457 0.853278 -0.000000
vn 0.521457 0.853278 0.000000
vn 0.478224 0.878238 -0.000000
vn 0.478224 0.878238 0.000000
vn 0.433847 0.900987 -0.000000
vn 0.433847 0.900987 0.000000
vn 0.388445 0.921472 -0.000000
vn 0.388445 0.921472 0.000000
vn 0.342032 0.939688 0.000000
vn 0.342032 0.939688 -0.000000
vn 0.294799 0.955559 0.000000
vn 0.294799 0.955559 -0.000000
vn 0.246758 0.969077 0.000000
vn 0.246758 0.969077 -0.000000
vn 0.198102 0.980181 0.000000
vn 0.198102 0.980181 -0.000000
vn 0.149033 0.988832 -0.000000
vn 0.149033 0.988832 -0.000000
vn 0.099561 0.995032 -0.000000
vn 0.099561 0.995032 0.000000
vn 0.049882 0.998755 -0.000000
vn 0.000000 1.000000 0.000000
vn 0.049882 0.998755 0.000000
vn 0.000000 1.000000 -0.000000
vn -0.049882 0.998755 0.000000
vn -0.049882 0.998755 0.000000
vn -0.099561 0.995032 0.000000
vn -0.149033 0.988832 0.000000
vn -0.099561 0.995032 0.000000
vn -0.149033 0.988832 0.000000
vn -0.198102 0.980181 0.000000
vn -0.246758 0.969077 0.000000
vn -0.198102 0.980181 0.000000
vn -0.246758 0.969077 0.000000
vn -0.294799 0.955559 0.000000
vn -0.294799 0.955559 0.000000
vn -0.342032 0.939688 0.000000
vn -0.342032 0.939688 0.000000
vn -0.388445 0.921472 0.000000
vn -0.388445 0.921472 0.000000
vn -0.433847 0.900987 0.000000
vn -0.433847 0.900987 0.000000
vn -0.478224 0.878238 0.000000
vn -0.478224 0.878238 0.000000
vn -0.521457 0.853278 0.000000
vn -0.521457 0.853278 0.000000
vn -0.563298 0.826254 0.000000
vn -0.603859 0.797091 0.000000
vn -0.563298 0.826254 0.000000
vn -0.603859 0.797091 0.000000
vn -0.642765 0.766063 0.000000
vn -0.680183 0.733042 0.000000
vn -0.642765 0.766063 0.000000
vn -0.680183 0.733042 0.000000
vn -0.715878 0.698225 0.000000
vn -0.715878 0.698225 0.000000
vn -0.749774 0.661694 0.000000
vn -0.749774 0.661694 0.000000
vn -0.781814 0.623512 0.000000
vn -0.781814 0.623512 0.000000
vn -0.811955 0.583720 0.000000
vn -0.811955 0.583720 0.000000
vn -0.840028 0.542543 0.000000
vn -0.840028 0.542543 0.000000
vn -0.866006 0.500033 0.000000
vn -0.866006 0.500033 0.000000
vn -0.889881 0.456193 0.000000
vn -0.889881 0.456193 0.000000
vn -0.911511 0.411275 0.000000
vn -0.911511 0.411275 0.000000
vn -0.930869 0.365353 0.000000
vn -0.930869 0.365353 0.000000
vn -0.947930 0.318478 0.000000
vn -0.947930 0.318478 0.000000
vn -0.962625 0.270837 0.000000
vn -0.962625 0.270837 0.000000
vn -0.974927 0.222526 0.000000
vn -0.974927 0.222526 0.000000
vn -0.984807 0.173653 0.000000
vn -0.984807 0.173653 0.000000
vn -0.992239 0.124342 0.000000
vn -0.992239 0.124342 0.000000
vn -0.997204 0.074732 0.000000
vn -0.997204 0.074732 0.000000
vn -0.999689 0.024928 0.000000
vn -0.999689 0.024928 0.000000
vn -0.999690 -0.024890 0.000000
vn -0.999690 -0.024890 0.000000
vn -0.997208 -0.074668 0.000000
vn -0.992226 -0.124449 0.000000
vn -0.997208 -0.074668 0.000000
vn -0.992226 -0.124449 0.000000
vn -0.984812 -0.173622 0.000000
vn -0.974913 -0.222587 0.000000
vn -0.984812 -0.173622 0.000000
vn -0.962655 -0.270731 0.000000
vn -0.974913 -0.222587 0.000000
vn -0.962655 -0.270731 0.000000
vn -0.947936 -0.318461 0.000000
vn -0.947936 -0.318461 0.000000
vn -0.930849 -0.365403 0.000000
vn -0.911509 -0.411281 0.000000
vn -0.930849 -0.365403 0.000000
vn -0.911509 -0.411281 0.000000
vn -0.889894 -0.456168 0.000000
vn -0.889894 -0.456168 0.000000
vn -0.865987 -0.500067 0.000000
vn -0.865987 -0.500067 0.000000
vn -0.840060 -0.542494 0.000000
vn -0.840060 -0.542494 0.000000
vn -0.811882 -0.583821 0.000000
vn -0.811882 -0.583821 0.000000
vn -0.781823 -0.623500 0.000000
vn -0.781823 -0.623500 0.000000
vn -0.749802 -0.661662 0.000000
vn -0.749802 -0.661662 0.000000
vn -0.715824 -0.698281 0.000000
vn -0.715824 -0.698281 0.000000
vn -0.680193 -0.733033 0.000000
vn -0.680193 -0.733033 0.000000
vn -0.642850 -0.765992 0.000000
vn -0.642850 -0.765992 0.000000
vn -0.603779 -0.797152 0.000000
vn -0.603779 -0.797152 0.000000
vn -0.563286 -0.826262 0.000000
vn -0.563286 -0.826262 0.000000
vn -0.521500 -0.853252 0.000000
vn -0.521500 -0.853252 0.000000
vn -0.478195 -0.878254 0.000000
vn -0.478195 -0.878254 0.000000
vn -0.433862 -0.900980 0.000000
vn -0.433862 -0.900980 0.000000
vn -0.388422 -0.921482 0.000000
vn -0.342095 -0.939665 0.000000
vn -0.388422 -0.921482 0.000000
vn -0.342095 -0.939665 0.000000
vn -0.294788 -0.955563 0.000000
vn -0.294788 -0.955563 0.000000
vn -0.246758 -0.969077 0.000000
vn -0.198077 -0.980186 0.000000
vn -0.246758 -0.969077 0.000000
vn -0.149029 -0.988833 0.000000
vn -0.198077 -0.980186 0.000000
vn -0.149029 -0.988833 0.000000
vn -0.099564 -0.995031 0.000000
vn -0.049887 -0.998755 0.000000
vn -0.099564 -0.995031 0.000000
vn -0.049887 -0.998755 0.000000
vn 0.000000 -1.000000 0.000000
vn 0.049887 -0.998755 0.000000
vn 0.000000 -1.000000 0.000000
vn 0.049887 -0.998755 0.000000
vn 0.099564 -0.995031 0.000000
vn 0.149029 -0.988833 0.000000
vn 0.099564 -0.995031 0.000000
vn 0.149029 -0.988833 0.000000
vn 0.198077 -0.980186 0.000000
vn 0.198077 -0.980186 0.000000
vn 0.246758 -0.969077 0.000000
vn 0.246758 -0.969077 0.000000
vn 0.294788 -0.955563 0.000000
vn 0.294788 -0.955563 0.000000
vn 0.342095 -0.939665 0.000000
vn 0.342095 -0.939665 0.000000
vn 0.388422 -0.921482 0.000000
vn 0.388422 -0.921482 0.000000
vn 0.433862 -0.900980 0.000000
vn 0.433862 -0.900980 0.000000
vn 0.478195 -0.878254 0.000000
vn 0.478195 -0.878254 0.000000
vn 0.521500 -0.853252 0.000000
vn 0.521500 -0.853252 0.000000
vn 0.563286 -0.826262 0.000000
vn 0.563286 -0.826262 0.000000
vn 0.603779 -0.797152 0.000000
vn 0.603779 -0.797152 0.000000
vn 0.642850 -0.765992 0.000000
vn 0.642850 -0.765992 0.000000
vn 0.680193 -0.733033 0.000000
vn 0.680193 -0.733033 0.000000
vn 0.715824 -0.698281 0.000000
vn 0.715824 -0.698281 0.000000
vn 0.749802 -0.661662 0.000000
vn 0.749802 -0.661662 0.000000
vn 0.781823 -0.623500 0.000000
vn 0.781823 -0.623500 0.000000
vn 0.811882 -0.583821 0.000000
vn 0.811882 -0.583821 0.000000
vn 0.840060 -0.542494 0.000000
vn 0.840060 -0.542494 0.000000
vn 0.865987 -0.500067 0.000000
vn 0.865987 -0.500067 0.000000
vn 0.889894 -0.456168 0.000000
vn 0.889894 -0.456168 0.000000
vn 0.911509 -0.411281 0.000000
vn 0.911509 -0.411281 0.000000
vn 0.930849 -0.365403 0.000000
vn 0.930849 -0.365403 0.000000
vn 0.947936 -0.318461 0.000000
vn 0.947936 -0.318461 0.000000
vn 0.962655 -0.270731 0.000000
vn 0.962655 -0.270731 0.000000
vn 0.974913 -0.222587 0.000000
vn 0.974913 -0.222587 0.000000
vn 0.984812 -0.173622 0.000000
vn 0.984812 -0.173622 0.000000
vn 0.992226 -0.124449 0.000000
vn 0.992226 -0.124449 0.000000
vn 0.997208 -0.074668 0.000000
vn 0.997208 -0.074668 0.000000
vn 0.999690 -0.024890 0.000000
vn 0.999690 -0.024890 0.000000
vn 0.999690 0.024890 -0.000000
vn 0.999690 0.024890 -0.000000
vn 0.997208 0.074668 0.000000
vn 0.997208 0.074668 -0.000000
vn 0.992226 0.124449 0.000000
vn 0.992226 0.124449 -0.000000
vn 0.984812 0.173622 -0.000000
vn 0.984812 0.173622 -0.000000
vn 0.974913 0.222587 0.000000
vn 0.974913 0.222587 -0.000000
vn 0.962655 0.270731 -0.000000
vn 0.962655 0.270731 -0.000000
vn 0.947936 0.318461 -0.000000
vn 0.947936 0.318461 -0.000000
vn 0.930849 0.365403 -0.000000
vn 0.930849 0.365403 -0.000000
vn 0.911509 0.411281 0.000000
vn 0.911509 0.411281 -0.000000
vn 0.889894 0.456168 0.000000
vn 0.889894 0.456168 -0.000000
vn 0.865987 0.500067 0.000000
vn 0.865987 0.500067 -0.000000
vn 0.840060 0.542494 -0.000000
vn 0.811882 0.583821 -0.000000
vn 0.840060 0.542494 0.000000
vn 0.811882 0.583821 -0.000000
vn 0.781823 0.623500 -0.000000
vn 0.781823 0.623500 0.000000
vn 0.749802 0.661662 -0.000000
vn 0.749802 0.661662 0.000000
vn 0.715824 0.698281 -0.000000
vn 0.680193 0.733033 -0.000000
vn 0.715824 0.698281 0.000000
vn 0.680193 0.733033 -0.000000
vn 0.642850 0.765992 -0.000000
vn 0.642850 0.765992 0.000000
vn 0.603779 0.797152 -0.000000
vn 0.563286 0.826262 -0.000000
vn 0.603779 0.797152 0.000000
vn 0.563286 0.826262 -0.000000
vn 0.521500 0.853252 -0.000000
vn 0.521500 0.853252 0.000000
vn 0.478195 0.878254 -0.000000
vn 0.478195 0.878254 0.000000
vn 0.433862 0.900980 -0.000000
vn 0.433862 0.900980 0.000000
vn 0.388422 0.921482 -0.000000
vn 0.388422 0.921482 0.000000
vn 0.342095 0.939665 0.000000
vn 0.342095 0.939665 -0.000000
vn 0.294788 0.955563 0.000000
vn 0.294788 0.955563 -0.000000
vn 0.246758 0.969077 0.000000
vn 0.246758 0.969077 -0.000000
vn 0.198077 0.980186 0.000000
vn 0.198077 0.980186 -0.000000
vn 0.149029 0.988833 -0.000000
vn 0.149029 0.988833 -0.000000
vn 0.099564 0.995031 -0.000000
vn 0.099564 0.995031 0.000000
vn 0.049887 0.998755 -0.000000
vn 0.000000 1.000000 0.000000
vn 0.049887 0.998755 0.000000
vn 0.000000 1.000000 -0.000000
vn -0.049887 0.998755 0.000000
vn -0.049887 0.998755 0.000000
vn -0.099564 0.995031 0.000000
vn -0.149029 0.988833 0.000000
vn -0.099564 0.995031 0.000000
vn -0.149029 0.988833 0.000000
vn -0.198077 0.980186 0.000000
vn -0.246758 0.969077 0.000000
vn -0.198077 0.980186 0.000000
vn -0.246758 0.969077 0.000000
vn -0.294788 0.955563 0.000000
vn -0.294788 0.955563 0.000000
vn -0.342095 0.939665 0.000000
vn -0.342095 0.939665 0.000000
vn -0.388422 0.921482 0.000000
vn -0.388422 0.921482 0.000000
vn -0.433862 0.900980 0.000000
vn -0.433862 0.900980 0.000000
vn -0.478195 0.878254 0.000000
vn -0.478195 0.878254 0.000000
vn -0.521500 0.853252 0.000000
vn -0.521500 0.853252 0.000000
vn -0.563286 0.826262 0.000000
vn -0.603779 0.797152 0.000000
vn -0.563286 0.826262 0.000000
vn -0.603779 0.797152 0.000000
vn -0.642850 0.765992 0.000000
vn -0.680193 0.733033 0.000000
vn -0.642850 0.765992 0.000000
vn -0.680193 0.733033 0.000000
vn -0.715824 0.698281 0.000000
vn -0.715824 0.698281 0.000000
vn -0.749802 0.661662 0.000000
vn -0.749802 0.661662 0.000000
vn -0.781823 0.623500 0.000000
vn -0.781823 0.623500 0.000000
vn -0.811882 0.583821 0.000000
vn -0.811882 0.583821 0.000000
vn -0.840060 0.542494 0.000000
vn -0.840060 0.542494 0.000000
vn -0.865987 0.500067 0.000000
vn -0.865987 0.500067 0.000000
vn -0.889894 0.456168 0.000000
vn -0.889894 0.456168 0.000000
vn -0.911509 0.411281 0.000000
vn -0.911509 0.411281 0.000000
vn -0.930849 0.365403 0.000000
vn -0.930849 0.365403 0.000000
vn -0.947936 0.318461 0.000000
vn -0.947936 0.318461 0.000000
vn -0.962655 0.270731 0.000000
vn -0.962655 0.270731 0.000000
vn -0.974913 0.222587 0.000000
vn -0.974913 0.222587 0.000000
vn -0.984812 0.173622 0.000000
vn -0.984812 0.173622 0.000000
vn -0.992226 0.124449 0.000000
vn -0.992226 0.124449 0.000000
vn -0.997208 0.074668 0.000000
vn -0.997208 0.074668 0.000000
vn -0.999690 0.024890 0.000000
vn -0.999690 0.024890 0.000000
vn 0.707107 0.000000 -0.707107
vn 0.707107 0.000000 -0.707107
vn 0.707107 0.000000 -0.707107
vn 0.707088 -0.000003 -0.707126
vn 0.707157 0.000008 -0.707056
vn 0.707064 -0.000006 -0.707150
vn 0.707084 -0.000003 -0.707130
vn 0.707119 0.000002 -0.707094
vn 0.707147 0.000006 -0.707066
vn 0.707107 0.000000 -0.707107
vn 0.707090 -0.000002 -0.707123
vn 0.707052 -0.000007 -0.707162
vn 0.707234 0.000016 -0.706980
vn 0.707085 0.000000 -0.707129
vn 0.707165 0.000000 -0.707048
vn 0.707085 0.000000 -0.707129
vn 0.707165 0.000000 -0.707048
vn 0.707057 0.000000 -0.707157
vn 0.707057 0.000000 -0.707157
vn 0.707080 0.000000 -0.707134
vn 0.707080 0.000000 -0.707134
vn 0.707121 0.000000 -0.707092
vn 0.707156 0.000000 -0.707058
vn 0.707122 0.000000 -0.707092
vn 0.707156 0.000000 -0.707058
vn 0.707107 0.000000 -0.707107
vn 0.707107 0.000000 -0.707107
vn 0.707086 0.000000 -0.707127
vn 0.707035 0.000000 -0.707179
vn 0.707086 0.000000 -0.707127
vn 0.707035 0.000000 -0.707179
vn 0.707279 0.000000 -0.706935
vn 0.707278 0.000000 -0.706935
vn 0.706929 0.000000 -0.707285
vn 0.706929 0.000000 -0.707285
vn 0.707012 0.000000 -0.707201
vn 0.707012 0.000000 -0.707202
vn 0.707249 0.000000 -0.706965
vn 0.707249 0.000000 -0.706965
vn 0.707085 0.000000 -0.707129
vn 0.707085 0.000000 -0.707129
vn 0.707165 0.000000 -0.707048
vn 0.707165 0.000000 -0.707048
vn 0.707057 0.000000 -0.707157
vn 0.707057 0.000000 -0.707157
vn 0.707080 0.000000 -0.707134
vn 0.707080 0.000000 -0.707134
vn 0.707121 0.000000 -0.707092
vn 0.707122 0.000000 -0.707092
vn 0.707156 0.000000 -0.707058
vn 0.707156 0.000000 -0.707058
vn 0.707107 0.000000 -0.707107
vn 0.707107 0.000000 -0.707107
vn 0.707086 0.000000 -0.707127
vn 0.707086 0.000000 -0.707127
vn 0.707035 0.000000 -0.707179
vn 0.707035 0.000000 -0.707179
vn 0.707278 0.000000 -0.706935
vn 0.707279 0.000000 -0.706935
vn 0.706929 0.000000 -0.707285
vn 0.706929 0.000000 -0.707285
vn 0.707012 0.000000 -0.707202
vn 0.707012 0.000000 -0.707201
vn 0.707249 0.000000 -0.706965
vn 0.707249 0.000000 -0.706965
vn 0.707088 0.000003 -0.707126
vn 0.707156 -0.000009 -0.707057
vn 0.707064 0.000007 -0.707149
vn 0.707084 0.000004 -0.707130
vn 0.707119 -0.000002 -0.707095
vn 0.707146 -0.000006 -0.707067
vn 0.707107 0.000000 -0.707107
vn 0.707090 0.000002 -0.707124
vn 0.707052 0.000008 -0.707161
vn 0.707233 -0.000017 -0.706981
vn 0.706987 0.000016 -0.707226
vn 0.707047 0.000008 -0.707166
vn 0.707178 -0.000010 -0.707035
vn 0.707107 0.000000 -0.707107
vn 0.707107 0.000000 -0.707107
vn 0.707107 0.000000 -0.707107
vn 0.707108 0.000000 -0.707105
vn 0.707055 -0.000006 -0.707159
vn 0.707184 0.000009 -0.707030
vn 0.707047 -0.000007 -0.707166
vn 0.706983 -0.000015 -0.707231
vn 0.707094 0.000000 -0.707120
vn 0.707042 0.000005 -0.707172
vn 0.707108 0.000000 -0.707106
vn 0.707577 -0.000041 -0.706637
vn 0.707113 0.000000 -0.707100
vn 0.707044 0.000006 -0.707169
vn 0.707108 0.000000 -0.707106
vn 0.707279 -0.000022 -0.706935
vn 0.707107 0.000000 -0.707107
vn 0.707057 0.000006 -0.707157
vn 0.000000 -0.000000 -1.000000
vn 0.000000 0.000000 -1.000000
vn 0.000000 -0.000000 -1.000000
vn 0.000000 0.000000 -1.000000
vn 0.000000 -0.000000 -1.000000
vn 0.000000 0.000000 -1.000000
vn 0.000000 -0.000000 -1.000000
vn 0.000000 0.000000 -1.000000
vn 0.000000 -0.000000 -1.000000
vn 0.000000 0.000000 -1.000000
vn 0.000000 -0.000000 -1.000000
vn 0.000000 0.000000 -1.000000
vn 0.000000 -0.000000 -1.000000
vn 0.000000 0.000000 -1.000000
vn 0.000000 -0.000000 -1.000000
vn 0.000000 0.000000 -1.000000
vn 0.000000 -0.000000 -1.000000
vn 0.000000 0.000000 -1.000000
vn 0.000000 -0.000000 -1.000000
vn 0.000000 0.000000 -1.000000
vn 0.000000 -0.000000 -1.000000
vn 0.000000 0.000000 -1.000000
vn 0.000000 -0.000000 -1.000000
vn 0.000000 0.000000 -1.000000
vn 0.000000 -0.000000 -1.000000
vn 0.000000 0.000000 -1.000000
vn 0.000000 -0.000000 -1.000000
vn 0.000000 0.000000 -1.000000
vn 0.000000 -0.000000 -1.000000
vn 0.000000 -0.000000 -1.000000
vn 0.000000 0.000000 -1.000000
vn 0.000000 0.000000 -1.000000
vn 0.000000 0.000000 -1.000000
vn 0.000000 0.000000 -1.000000
vn 0.000000 0.000000 -1.000000
vn 0.000000 -0.000000 -1.000000
vn 0.000000 0.000000 -1.000000
vn 0.000000 0.000000 -1.000000
vn 0.000000 0.000000 -1.000000
vn 0.000000 0.000000 -1.000000
vn 0.000000 0.000000 -1.000000
vn 0.000000 0.000000 -1.000000
vn 0.000000 0.000000 -1.000000
vn 0.000000 0.000000 -1.000000
vn 0.000000 0.000000 -1.000000
vn 0.000000 0.000000 -1.000000
vn 0.000000 0.000000 -1.000000
vn 0.000000 0.000000 -1.000000
vn 0.000000 0.000000 -1.000000
vn 0.000000 0.000000 -1.000000
vn 0.000000 0.000000 -1.000000
vn 0.000000 0.000000 -1.000000
vn 0.000000 0.000000 -1.000000
vn 0.000000 0.000000 -1.000000
vn 0.000000 0.000000 -1.000000
vn 0.000000 0.000000 -1.000000
vn 0.000000 0.000000 -1.000000
vn 0.000000 0.000000 -1.000000
vn 0.000000 0.000000 -1.000000
vn 0.000000 0.000000 -1.000000
vn 0.000000 0.000000 -1.000000
vn 0.000000 0.000000 -1.000000
vn 0.000000 0.000000 -1.000000
vn 0.000000 0.000000 -1.000000
vn 0.000000 0.000000 -1.000000
vn 0.024438 -0.999701 0.000000
vn 0.073257 -0.997313 0.000054
vn 0.024931 -0.999689 -0.000055
vn 0.121899 -0.992543 0.000106
vn 0.074730 -0.997204 -0.000109
vn 0.170251 -0.985401 0.000156
vn 0.124343 -0.992239 -0.000159
vn 0.218197 -0.975905 0.000204
vn 0.173648 -0.984808 -0.000208
vn 0.265621 -0.964078 0.000249
vn 0.222521 -0.974928 -0.000255
vn 0.312410 -0.949947 0.000292
vn 0.270841 -0.962624 -0.000299
vn 0.358576 -0.933501 0.000335
vn 0.318486 -0.947928 -0.000341
vn 0.404002 -0.914758 0.000364
vn 0.365342 -0.930874 -0.000370
vn 0.448451 -0.893807 0.000391
vn 0.411288 -0.911506 -0.000398
vn 0.491818 -0.870698 0.000418
vn 0.456210 -0.889872 -0.000425
vn 0.533998 -0.845485 0.000443
vn 0.500000 -0.866026 -0.000451
vn 0.574888 -0.818232 0.000467
vn 0.542547 -0.840025 -0.000476
vn 0.614390 -0.789003 0.000489
vn 0.583743 -0.811939 -0.000499
vn 0.652407 -0.757869 0.000511
vn 0.623488 -0.781833 -0.000521
vn 0.688854 -0.724900 0.000531
vn 0.661688 -0.749779 -0.000542
vn 0.723628 -0.690190 0.000551
vn 0.698237 -0.715866 -0.000562
vn 0.733052 -0.680172 -0.000580
vn 0.756664 -0.653804 0.000568
vn 0.766042 -0.642790 -0.000597
vn 0.787866 -0.615847 0.000586
vn 0.797135 -0.603801 -0.000614
vn 0.817169 -0.576398 0.000601
vn 0.826237 -0.563323 -0.000629
vn 0.844500 -0.535555 0.000615
vn 0.853289 -0.521438 -0.000642
vn 0.869785 -0.493431 0.000629
vn 0.878223 -0.478250 -0.000655
vn 0.892980 -0.450096 0.000640
vn 0.914008 -0.405695 0.000651
vn 0.900970 -0.433881 -0.000666
vn 0.932837 -0.360297 0.000660
vn 0.921475 -0.388437 -0.000677
vn 0.949411 -0.314035 0.000669
vn 0.939693 -0.342020 -0.000686
vn 0.963692 -0.267017 0.000677
vn 0.955572 -0.294759 -0.000693
vn 0.975644 -0.219359 0.000682
vn 0.969078 -0.246753 -0.000700
vn 0.985243 -0.171162 0.000686
vn 0.980173 -0.198144 -0.000706
vn 0.992462 -0.122550 0.000691
vn 0.988830 -0.149047 -0.000710
vn 0.997284 -0.073651 0.000693
vn 0.995030 -0.099569 -0.000712
vn 0.999698 -0.024571 0.000694
vn 0.998757 -0.049842 -0.000714
vn 0.999698 0.024571 0.000694
vn 1.000000 0.000000 -0.000715
vn 0.997284 0.073651 0.000693
vn 0.998757 0.049842 -0.000714
vn 0.992462 0.122550 0.000691
vn 0.995030 0.099569 -0.000712
vn 0.985243 0.171161 0.000686
vn 0.988830 0.149047 -0.000710
vn 0.975644 0.219359 0.000682
vn 0.980173 0.198144 -0.000706
vn 0.963692 0.267017 0.000677
vn 0.969078 0.246753 -0.000700
vn 0.949411 0.314035 0.000669
vn 0.955571 0.294759 -0.000693
vn 0.932837 0.360298 0.000660
vn 0.939693 0.342019 -0.000686
vn 0.914008 0.405695 0.000651
vn 0.921475 0.388438 -0.000677
vn 0.892980 0.450096 0.000640
vn 0.900970 0.433880 -0.000666
vn 0.878223 0.478251 -0.000655
vn 0.869785 0.493430 0.000629
vn 0.853289 0.521438 -0.000642
vn 0.844500 0.535556 0.000615
vn 0.826237 0.563323 -0.000629
vn 0.817169 0.576398 0.000601
vn 0.797135 0.603801 -0.000614
vn 0.787866 0.615847 0.000586
vn 0.766042 0.642790 -0.000597
vn 0.756664 0.653804 0.000568
vn 0.733051 0.680173 -0.000580
vn 0.723629 0.690188 0.000550
vn 0.698238 0.715865 -0.000562
vn 0.688853 0.724900 0.000531
vn 0.661687 0.749780 -0.000542
vn 0.652406 0.757869 0.000511
vn 0.623489 0.781832 -0.000521
vn 0.614389 0.789003 0.000490
vn 0.583742 0.811939 -0.000499
vn 0.574889 0.818232 0.000467
vn 0.542547 0.840025 -0.000476
vn 0.533999 0.845485 0.000443
vn 0.500001 0.866025 -0.000451
vn 0.491816 0.870699 0.000418
vn 0.456210 0.889872 -0.000425
vn 0.448452 0.893807 0.000391
vn 0.411288 0.911505 -0.000398
vn 0.404004 0.914757 0.000364
vn 0.358574 0.933501 0.000335
vn 0.365340 0.930874 -0.000370
vn 0.312408 0.949948 0.000292
vn 0.318486 0.947927 -0.000341
vn 0.265620 0.964078 0.000249
vn 0.270840 0.962624 -0.000299
vn 0.218199 0.975904 0.000203
vn 0.222520 0.974928 -0.000254
vn 0.170253 0.985400 0.000156
vn 0.173649 0.984808 -0.000208
vn 0.121899 0.992543 0.000106
vn 0.124343 0.992239 -0.000160
vn 0.073257 0.997313 0.000054
vn 0.074732 0.997204 -0.000109
vn 0.024437 0.999701 0.000000
vn 0.024930 0.999689 -0.000055
vn -0.000000 -0.500000 -0.866025
vn 0.000000 -0.500000 -0.866025
vn 0.000000 0.000000 -1.000000
vn 0.000000 0.000000 -1.000000
vn 0.000000 0.000000 -1.000000
vn 0.000000 0.000000 -1.000000
vn 0.000000 -0.000000 -1.000000
vn 0.000000 0.000000 -1.000000
vn 0.000000 0.000000 -1.000000
vn 0.000000 0.000000 -1.000000
vn 0.000000 -0.000000 -1.000000
vn 0.000000 -0.000000 -1.000000
vn 0.000000 0.000000 -1.000000
vn 0.000000 0.000000 -1.000000
vn 0.000000 -0.000000 -1.000000
vn 0.000000 -0.000000 -1.000000
vn 0.000000 0.000000 -1.000000
vn 0.000000 0.000000 -1.000000
vn 0.000000 -0.000000 -1.000000
vn 0.000000 -0.000000 -1.000000
vn 0.000000 0.000000 -1.000000
vn 0.000000 0.000000 -1.000000
vn 0.000000 -0.000000 -1.000000
vn 0.000000 -0.000000 -1.000000
vn 0.000000 0.000000 -1.000000
vn 0.000000 0.000000 -1.000000
vn 0.000000 -0.000000 -1.000000
vn 0.000000 -0.000000 -1.000000
vn 0.000000 0.000000 -1.000000
vn 0.000000 -0.000000 -1.000000
vn 0.000000 0.000000 -1.000000
vn 0.000000 -0.000000 -1.000000
vn 0.000000 0.000000 -1.000000
vn 0.000000 0.000000 -1.000000
vn 0.000000 -0.000000 -1.000000
vn 0.000000 -0.000000 -1.000000
vn 0.000000 0.000000 -1.000000
vn 0.000000 -0.000000 -1.000000
vn 0.000000 0.000000 -1.000000
vn 0.000000 -0.000000 -1.000000
vn 0.000000 0.000000 -1.000000
vn 0.000000 -0.000000 -1.000000
vn 0.000000 0.000000 -1.000000
vn 0.000000 -0.000000 -1.000000
vn 0.000000 0.000000 -1.000000
vn 0.000000 0.000000 -1.000000
vn 0.000000 -0.000000 -1.000000
vn 0.000000 0.000000 -1.000000
vn 0.000000 0.000000 -1.000000
vn 0.000000 0.000000 -1.000000
vn 0.000000 0.000000 -1.000000
vn 0.000000 -0.000000 -1.000000
vn 0.000000 -0.000000 -1.000000
vn 0.000000 0.000000 -1.000000
vn 0.000000 0.000000 -1.000000
vn 0.000000 0.000000 -1.000000
vn 0.000000 0.000000 -1.000000
vn 0.000000 0.000000 -1.000000
vn 0.000000 -0.000000 -1.000000
vn 0.000000 -0.000000 -1.000000
vn 0.000000 0.000000 -1.000000
vn 0.000000 0.000000 -1.000000
vn 0.000000 0.000000 -1.000000
vn 0.000000 0.000000 -1.000000
vn 0.000000 0.000000 -1.000000
vn 0.000000 0.000000 -1.000000
vn 0.000000 0.000000 -1.000000
vn 0.000000 0.000000 -1.000000
vn 0.000000 -0.000000 -1.000000
vn 0.000000 0.000000 -1.000000
vn 0.000000 0.000000 -1.000000
vn 0.000000 0.000000 -1.000000
vn 0.000000 0.000000 -1.000000
vn 0.000000 0.000000 -1.000000
vn 0.000000 0.000000 -1.000000
vn 0.000000 -0.000000 -1.000000
vn 0.000000 -0.000000 -1.000000
vn 0.000000 0.000000 -1.000000
vn 0.000000 0.000000 -1.000000
vn 0.000000 0.000000 -1.000000
vn 0.000000 0.000000 -1.000000
vn 0.000000 0.000000 -1.000000
vn 0.000000 0.000000 -1.000000
vn 0.000000 0.000000 -1.000000
vn 0.000000 0.000000 -1.000000
vn 0.000000 0.000000 -1.000000
vn 0.000000 0.000000 -1.000000
vn 0.000000 0.000000 -1.000000
vn 0.000000 -0.000000 -1.000000
vn 0.000000 0.000000 -1.000000
vn 0.000000 0.000000 -1.000000
vn 0.000000 0.000000 -1.000000
vn 0.000000 0.000000 -1.000000
vn 0.000000 0.000000 -1.000000
vn 0.000000 0.000000 -1.000000
vn 0.000000 0.000000 -1.000000
vn 0.000000 0.000000 -1.000000
vn 0.000000 -0.000000 -1.000000
vn 0.000000 0.000000 -1.000000
vn 0.000000 0.000000 -1.000000
vn 0.000000 0.000000 -1.000000
vn 0.000000 0.000000 -1.000000
vn 0.000000 -0.000000 -1.000000
vn 0.000000 0.000000 -1.000000
vn 0.000000 0.000000 -1.000000
vn 0.000000 -0.000000 -1.000000
vn 0.000000 0.000000 -1.000000
vn 0.000000 -0.000000 -1.000000
vn 0.000000 0.000000 -1.000000
vn 0.000000 0.000000 -1.000000
vn 0.000000 -0.000000 -1.000000
vn 0.000000 0.000000 -1.000000
vn 0.000000 0.000000 -1.000000
vn 0.000000 0.000000 -1.000000
vn 0.000000 -0.000000 -1.000000
vn 0.000000 0.000000 -1.000000
vn 0.000000 0.000000 -1.000000
vn 0.000000 -0.000000 -1.000000
vn 0.000000 0.000000 -1.000000
vn 0.000000 0.000000 -1.000000
vn 0.000000 0.000000 -1.000000
vn 0.000000 -0.000000 -1.000000
vn 0.000000 -0.000000 -1.000000
vn 0.000000 0.000000 -1.000000
vn 0.000000 0.000000 -1.000000
vn 0.000000 0.000000 -1.000000
vn 0.000000 -0.000000 -1.000000
vn 0.000000 0.000000 -1.000000
vn 0.000000 0.000000 -1.000000
vn 0.000000 -0.000000 -1.000000
vn 0.000000 0.000000 -1.000000
vn 0.000000 0.000000 -1.000000
vn 0.000000 0.000000 -1.000000
vn 0.000000 -0.000000 -1.000000
vn 0.000000 0.000000 -1.000000
vn 0.000000 -0.000000 -1.000000
vn 0.000000 0.000000 -1.000000
vn 0.000000 0.000000 -1.000000
vn 0.000000 -0.000000 -1.000000
vn 0.000000 0.000000 -1.000000
vn 0.000000 -0.000000 -1.000000
vn 0.000000 0.000000 -1.000000
vn 0.000000 0.000000 -1.000000
vn 0.000000 0.000000 -1.000000
vn 0.000000 0.000000 -1.000000
vn 0.000000 -0.000000 -1.000000
vn 0.000000 0.000000 -1.000000
vn 0.000000 -0.000000 -1.000000
vn 0.000000 0.000000 -1.000000
vn 0.000000 0.000000 -1.000000
vn 0.000000 0.000000 -1.000000
vn 0.000000 -0.000000 -1.000000
vn 0.000000 0.000000 -1.000000
vn 0.000000 -0.000000 -1.000000
vn 0.000000 0.000000 -1.000000
vn 0.000000 0.000000 -1.000000
vn 0.000000 0.000000 -1.000000
vn 0.000000 -0.000000 -1.000000
vn 0.000000 0.000000 -1.000000
vn 0.000000 -0.000000 -1.000000
vn 0.000000 0.000000 -1.000000
vn 0.000000 0.000000 -1.000000
vn 0.000000 0.000000 -1.000000
vn 0.000000 -0.000000 -1.000000
vn 0.000000 0.000000 -1.000000
vn 0.000000 -0.000000 -1.000000
vn 0.000000 0.000000 -1.000000
vn 0.000000 -0.000000 -1.000000
vn 0.000000 0.000000 -1.000000
vn 0.000000 -0.000000 -1.000000
vn 0.000000 0.000000 -1.000000
vn 0.000000 0.000000 -1.000000
vn 0.000000 0.000000 -1.000000
vn 0.000000 0.000000 -1.000000
vn 0.000000 0.000000 -1.000000
vn 0.000000 0.000000 -1.000000
vn 0.000000 0.000000 -1.000000
vn 0.000000 0.000000 -1.000000
vn 0.000000 0.000000 -1.000000
vn 0.000000 0.000000 -1.000000
vn 0.000000 0.000000 -1.000000
vn 0.000000 0.000000 -1.000000
vn 0.000000 0.000000 -1.000000
vn 0.000000 0.000000 -1.000000
vn 0.000000 0.000000 -1.000000
vn 0.000000 0.000000 -1.000000
vn 0.000000 0.000000 -1.000000
vn 0.000000 0.000000 -1.000000
vn 0.000000 0.000000 -1.000000
vn 0.000000 0.000000 -1.000000
vn 0.000000 0.000000 -1.000000
vn 0.000000 0.000000 -1.000000
vn 0.000000 0.000000 -1.000000
vn 0.000000 0.000000 -1.000000
vn 0.000000 0.000000 -1.000000
vn 0.000000 0.000000 -1.000000
vn 0.000000 0.000000 -1.000000
vn 0.000000 0.000000 -1.000000
vn 0.000000 0.000000 -1.000000
vn 0.000000 0.000000 -1.000000
vn 0.000000 0.000000 -1.000000
vn 0.000000 0.000000 -1.000000
vn 0.000000 0.000000 -1.000000
vn 0.000000 0.000000 -1.000000
vn 0.000000 0.000000 -1.000000
vn 0.000000 0.000000 -1.000000
vn 0.000000 0.000000 -1.000000
vn 0.000000 0.000000 -1.000000
vn 0.000000 0.000000 -1.000000
vn 0.000000 0.000000 -1.000000
vn 0.000000 0.000000 -1.000000
vn 0.000000 0.000000 -1.000000
vn 0.000000 0.000000 -1.000000
vn 0.000000 0.000000 -1.000000
vn 0.000000 0.000000 -1.000000
vn 0.000000 0.000000 -1.000000
vn 0.000000 0.000000 -1.000000
vn 0.000000 0.000000 -1.000000
vn 0.000000 0.000000 -1.000000
vn 0.000000 0.000000 -1.000000
vn 0.000000 0.000000 -1.000000
vn 0.000000 0.000000 -1.000000
vn 0.000000 0.000000 -1.000000
vn 0.000000 0.000000 -1.000000
vn 0.000000 0.000000 -1.000000
vn 0.000000 0.000000 -1.000000
vn 0.000000 0.000000 -1.000000
vn 0.000000 0.000000 -1.000000
vn 0.000000 -0.000000 -1.000000
vn 0.000000 0.000000 -1.000000
vn 0.000000 0.000000 -1.000000
vn 0.000000 0.000000 -1.000000
vn 0.000000 0.000000 -1.000000
vn 0.000000 0.000000 -1.000000
vn 0.000000 0.000000 -1.000000
vn 0.000000 -0.000000 -1.000000
vn 0.000000 0.000000 -1.000000
vn 0.000000 0.000000 -1.000000
vn 0.000000 -0.000000 -1.000000
vn 0.000000 0.000000 -1.000000
vn 0.000000 0.000000 -1.000000
vn 0.000000 0.000000 -1.000000
vn 0.000000 -0.000000 -1.000000
vn 0.000000 0.000000 -1.000000
vn 0.000000 0.000000 -1.000000
vn 0.000000 -0.000000 -1.000000
vn 0.000000 0.000000 -1.000000
vn 0.000000 0.000000 -1.000000
vn 0.000000 -0.000000 -1.000000
vn 0.000000 0.000000 -1.000000
vn 0.000000 0.000000 -1.000000
vn 0.000000 0.000000 -1.000000
vn 0.000000 0.000000 -1.000000
vn 0.000000 0.000000 -1.000000
vn 0.000000 0.000000 -1.000000
vn 0.000000 -0.000000 -1.000000
vn 0.000000 -0.000000 -1.000000
vn 0.000000 0.000000 -1.000000
vn 0.000000 0.000000 -1.000000
vn 0.000000 0.000000 -1.000000
vn 0.000000 0.000000 -1.000000
vn 0.000000 0.000000 -1.000000
vn 0.000000 0.000000 -1.000000
vn 0.000000 0.000000 -1.000000
vn 0.000000 0.000000 -1.000000
vn 0.000000 0.000000 -1.000000
vn 0.000000 0.000000 -1.000000
vn 0.000000 0.000000 -1.000000
vn 0.000000 0.000000 -1.000000
vn 0.000000 0.000000 -1.000000
vn 0.000000 0.000000 -1.000000
vn 0.000000 0.000000 -1.000000
vn 0.000000 0.000000 -1.000000
vn 0.000000 0.000000 -1.000000
vn 0.000000 0.000000 -1.000000
vn 0.000000 0.000000 -1.000000
vn 0.000000 0.000000 -1.000000
vn 0.000000 0.000000 -1.000000
vn 0.000000 0.000000 -1.000000
vn 0.000000 0.000000 -1.000000
vn 0.000000 0.000000 -1.000000
vn 0.000000 0.000000 -1.000000
vn 0.000000 0.000000 -1.000000
vn 0.000000 0.000000 -1.000000
vn 0.000000 0.000000 -1.000000
vn 0.000000 0.000000 -1.000000
vn 0.000000 0.000000 -1.000000
vn 0.000000 0.000000 -1.000000
vn 0.000000 0.000000 -1.000000
vn 0.000000 0.000000 -1.000000
vn 0.000000 0.000000 -1.000000
vn 0.000000 0.000000 -1.000000
vn 0.000000 0.000000 -1.000000
vn 0.000000 0.000000 -1.000000
vn 0.000000 0.000000 -1.000000
vn 0.000000 0.000000 -1.000000
vn 0.000000 0.000000 -1.000000
vn 0.000000 0.000000 -1.000000
vn 0.000000 0.000000 -1.000000
vn 0.000000 0.000000 -1.000000
vn 0.000000 0.000000 -1.000000
vn 0.000000 0.000000 -1.000000
vn 0.000000 0.000000 -1.000000
vn 0.000000 0.000000 -1.000000
vn 0.000000 0.000000 -1.000000
vn 0.000000 0.000000 -1.000000
vn 0.000000 0.000000 -1.000000
vn 0.000000 0.000000 -1.000000
vn 0.000000 0.000000 -1.000000
vn 0.000000 -0.000000 -1.000000
vn 0.000000 0.000000 -1.000000
vn 0.000000 0.000000 -1.000000
vn 0.000000 0.000000 -1.000000
vn 0.000000 0.000000 -1.000000
vn 0.000000 0.000000 -1.000000
vn 0.000000 -0.000000 -1.000000
vn 0.000000 0.000000 -1.000000
vn 0.000000 0.000000 -1.000000
vn 0.000000 0.000000 -1.000000
vn 0.000000 0.000000 -1.000000
vn 0.000000 0.000000 -1.000000
vn 0.000000 -0.000000 -1.000000
vn 0.000000 -0.000000 -1.000000
vn 0.000000 -0.000000 -1.000000
vn 0.000000 0.000000 -1.000000
vn 0.000000 0.000000 -1.000000
vn 0.000000 0.000000 -1.000000
vn 0.000000 0.000000 -1.000000
vn 0.000000 0.000000 -1.000000
vn 0.000000 0.000000 -1.000000
vn 0.000000 0.000000 -1.000000
vn 0.000000 0.000000 -1.000000
vn 0.000000 0.000000 -1.000000
vn 0.000000 0.000000 -1.000000
vn 0.000000 0.000000 -1.000000
vn 0.000000 0.000000 -1.000000
vn 0.000000 0.000000 -1.000000
vn 0.000000 0.000000 -1.000000
vn 0.000000 0.000000 -1.000000
vn 0.000000 0.000000 -1.000000
vn 0.000000 0.000000 -1.000000
vn 0.000000 0.000000 -1.000000
vn 0.000000 0.000000 -1.000000
vn 0.000000 0.000000 -1.000000
vn 0.000000 0.000000 -1.000000
vn 0.000000 0.000000 -1.000000
vn 0.000000 0.000000 -1.000000
vn 0.000000 0.000000 -1.000000
vn 0.000000 0.000000 -1.000000
vn 0.000000 0.000000 -1.000000
vn 0.000000 0.000000 -1.000000
vn 0.000000 0.000000 -1.000000
vn 0.000000 0.000000 -1.000000
vn 0.000000 0.000000 -1.000000
vn 0.000000 0.000000 -1.000000
vn 0.000000 0.000000 -1.000000
vn 0.000000 0.000000 -1.000000
vn 0.000000 0.000000 -1.000000
vn 0.000000 0.000000 -1.000000
vn 0.000000 0.000000 -1.000000
vn 0.000000 0.000000 -1.000000
vn 0.000000 0.000000 -1.000000
vn 0.000000 0.000000 -1.000000
vn 0.000000 0.000000 -1.000000
vn 0.000000 0.000000 -1.000000
vn 0.000000 0.000000 -1.000000
vn 0.000000 0.000000 -1.000000
vn 0.000000 0.000000 -1.000000
vn 0.000000 0.000000 -1.000000
vn 0.000000 0.000000 -1.000000
vn 0.000000 0.000000 -1.000000
vn 0.000000 0.000000 -1.000000
vn 0.000000 0.000000 -1.000000
vn 0.000000 0.000000 -1.000000
vn 0.000000 0.000000 -1.000000
vn 0.000000 0.000000 -1.000000
vn 0.000000 0.000000 -1.000000
vn 0.000000 0.000000 -1.000000
vn 0.000000 0.000000 -1.000000
vn 0.000000 0.000000 -1.000000
vn 0.000000 0.000000 -1.000000
vn 0.000000 0.000000 -1.000000
vn 0.000000 0.000000 -1.000000
vn 0.000000 -0.000000 -1.000000
vn 0.000000 0.000000 -1.000000
vn 0.000000 0.000000 -1.000000
vn 0.000000 0.000000 -1.000000
vn 0.000000 0.000000 -1.000000
vn 0.000000 0.000000 -1.000000
vn 0.000000 0.000000 -1.000000
vn 0.000000 0.000000 -1.000000
vn 0.000000 0.000000 -1.000000
vn 0.000000 0.000000 -1.000000
vn 0.000000 0.000000 -1.000000
vn 0.000000 0.000000 -1.000000
vn 0.000000 -0.000000 -1.000000
vn 0.000000 0.000000 -1.000000
vn 0.000000 0.000000 -1.000000
vn 0.000000 0.000000 -1.000000
vn 0.000000 -0.000000 -1.000000
vn 0.000000 0.000000 -1.000000
vn 0.000000 0.000000 -1.000000
vn 0.000000 -0.000000 -1.000000
vn 0.000000 0.000000 -1.000000
vn 0.000000 -0.000000 -1.000000
vn 0.000000 0.000000 -1.000000
vn 0.000000 -0.000000 -1.000000
vn 0.000000 0.000000 -1.000000
vn 0.000000 0.000000 -1.000000
vn 0.000000 -0.000000 -1.000000
vn 0.000000 -0.000000 -1.000000
vn 0.000000 0.000000 -1.000000
vn 0.000000 0.000000 -1.000000
vn 0.000000 -0.000000 -1.000000
vn 0.000000 0.000000 -1.000000
vn 0.000000 0.000000 -1.000000
vn 0.000000 -0.000000 -1.000000
vn 0.000000 0.000000 -1.000000
vn 0.000000 0.000000 -1.000000
vn 0.000000 0.000000 -1.000000
vn 0.000000 0.000000 -1.000000
vn 0.000000 0.000000 -1.000000
vn 0.000000 0.000000 -1.000000
vn 0.000000 0.000000 -1.000000
vn 0.000000 0.000000 -1.000000
vn 0.000000 0.000000 -1.000000
vn 0.000000 0.000000 -1.000000
vn 0.000000 0.000000 -1.000000
vn 0.000000 0.000000 -1.000000
vn 0.000000 0.000000 -1.000000
vn 0.000000 -0.000000 -1.000000
vn 0.000000 0.000000 -1.000000
vn 0.000000 0.000000 -1.000000
vn 0.000000 -0.000000 -1.000000
vn 0.000000 0.000000 -1.000000
vn 0.000000 -0.000000 -1.000000
vn 0.000000 0.000000 -1.000000
vn 0.000000 0.000000 -1.000000
vn 0.000000 0.000000 -1.000000
vn 0.000000 0.000000 -1.000000
vn 0.000000 0.000000 -1.000000
vn 0.000000 0.000000 -1.000000
vn 0.000000 0.000000 -1.000000
vn 0.000000 0.000000 -1.000000
vn 0.000000 0.000000 -1.000000
vn 0.000000 0.000000 -1.000000
vn 0.000000 0.000000 -1.000000
vn 0.000000 0.000000 -1.000000
vn 0.000000 0.000000 -1.000000
vn 0.000000 0.000000 -1.000000
vn 0.000000 0.000000 -1.000000
vn 0.000000 0.000000 -1.000000
vn 0.000000 0.000000 -1.000000
vn 0.000000 0.000000 -1.000000
vn 0.000000 0.000000 -1.000000
vn 0.000000 0.000000 -1.000000
vn 0.000000 0.000000 -1.000000
vn 0.000000 0.000000 -1.000000
vn 0.000000 0.000000 -1.000000
vn 0.000000 0.000000 -1.000000
vn 0.000000 0.000000 -1.000000
vn 0.000000 0.000000 -1.000000
vn 0.000000 0.000000 -1.000000
vn 0.000000 0.000000 -1.000000
vn 0.000000 0.000000 -1.000000
vn 0.000000 0.000000 -1.000000
vn 0.000000 0.000000 -1.000000
vn 0.000000 0.000000 -1.000000
vn 0.000000 0.000000 -1.000000
vn 0.000000 0.000000 -1.000000
vn 0.000000 0.000000 -1.000000
vn 0.000000 0.000000 -1.000000
vn 0.000000 0.000000 -1.000000
vn 0.000000 -0.000000 -1.000000
vn 0.000000 0.000000 -1.000000
vn 0.000000 0.000000 -1.000000
vn 0.000000 0.000000 -1.000000
vn 0.000000 -0.000000 -1.000000
vn 0.000000 0.000000 -1.000000
vn 0.000000 0.000000 -1.000000
vn 0.000000 0.000000 -1.000000
vn 0.000000 0.000000 -1.000000
vn 0.000000 0.000000 -1.000000
vn 0.000000 0.000000 -1.000000
vn 0.000000 -0.000000 -1.000000
vn 0.000000 0.000000 -1.000000
vn 0.000000 0.000000 -1.000000
vn 0.000000 0.000000 -1.000000
vn 0.000000 0.000000 -1.000000
vn 0.000000 0.000000 -1.000000
vn 0.000000 0.000000 -1.000000
vn 0.000000 0.000000 -1.000000
vn 0.000000 0.000000 -1.000000
vn 0.000000 0.000000 -1.000000
vn 0.000000 0.000000 -1.000000
vn 0.000000 0.000000 -1.000000
vn 0.000000 0.000000 -1.000000
vn 0.000000 0.000000 -1.000000
vn 0.000000 0.000000 -1.000000
vn 0.000000 0.000000 -1.000000
vn 0.000000 0.000000 -1.000000
vn 0.000000 0.000000 -1.000000
vn 0.000000 0.000000 -1.000000
vn 0.000000 0.000000 -1.000000
vn 0.000000 0.000000 -1.000000
vn 0.000000 0.000000 -1.000000
vn 0.000000 0.000000 -1.000000
vn 0.000000 0.000000 -1.000000
vn 0.000000 0.000000 -1.000000
vn 0.000000 0.000000 -1.000000
vn 0.000000 0.000000 -1.000000
vn 0.000000 0.000000 -1.000000
vn 0.000000 0.000000 -1.000000
vn 0.000000 0.000000 -1.000000
vn 0.000000 0.000000 -1.000000
vn 0.000000 0.000000 -1.000000
vn 0.000000 -0.000000 -1.000000
vn 0.000000 0.000000 -1.000000
vn 0.000000 0.000000 -1.000000
vn 0.000000 0.000000 -1.000000
vn 0.000000 0.000000 -1.000000
vn 0.000000 0.000000 -1.000000
vn 0.000000 0.000000 -1.000000
vn 0.000000 -0.000000 -1.000000
vn 0.000000 0.000000 -1.000000
vn 0.000000 0.000000 -1.000000
vn 0.000000 0.000000 -1.000000
vn 0.000000 0.000000 -1.000000
vn 0.000000 0.000000 -1.000000
vn 0.000000 0.000000 -1.000000
vn 0.000000 0.000000 -1.000000
vn 0.000000 0.000000 -1.000000
vn 0.000000 -0.000000 -1.000000
vn 0.000000 -0.000000 -1.000000
vn 0.000000 0.000000 -1.000000
vn 0.000000 0.000000 -1.000000
vn 0.000000 0.000000 -1.000000
vn 0.000000 0.000000 -1.000000
vn 0.000000 0.000000 -1.000000
vn 0.000000 0.000000 -1.000000
vn 0.000000 -0.000000 -1.000000
vn 0.000000 0.000000 -1.000000
vn 0.000000 0.000000 -1.000000
vn 0.000000 0.000000 -1.000000
vn 0.000000 0.000000 -1.000000
vn 0.000000 -0.000000 -1.000000
vn 0.000000 0.000000 -1.000000
vn 0.000000 -0.000000 -1.000000
vn 0.000000 0.000000 -1.000000
vn 0.000000 0.000000 -1.000000
vn 0.000000 0.000000 -1.000000
vn 0.000000 0.000000 -1.000000
vn 0.000000 0.000000 -1.000000
vn 0.000000 0.000000 -1.000000
vn 0.000000 0.000000 -1.000000
vn 0.000000 0.000000 -1.000000
vn 0.000000 0.000000 -1.000000
vn 0.000000 0.000000 -1.000000
vn 0.000000 0.000000 -1.000000
vn 0.000000 0.000000 -1.000000
vn 0.000000 0.000000 -1.000000
vn 0.000000 0.000000 -1.000000
vn 0.000000 0.000000 -1.000000
vn 0.000000 0.000000 -1.000000
vn 0.000000 0.000000 -1.000000
vn 0.000000 0.000000 -1.000000
vn 0.000000 0.000000 -1.000000
vn 0.000000 0.000000 -1.000000
vn 0.000000 0.000000 -1.000000
vn 0.000000 0.000000 -1.000000
vn 0.000000 0.000000 -1.000000
vn 0.000000 0.000000 -1.000000
vn 0.000000 0.000000 -1.000000
vn 0.000000 0.000000 -1.000000
vn 0.000000 0.000000 -1.000000
vn 0.000000 0.000000 -1.000000
vn 0.000000 0.000000 -1.000000
vn 0.000000 0.000000 -1.000000
vn 0.000000 0.000000 -1.000000
vn 0.000000 0.000000 -1.000000
vn 0.000000 0.000000 -1.000000
vn 0.000000 0.000000 -1.000000
vn 0.000000 0.000000 -1.000000
vn 0.000000 0.000000 -1.000000
vn 0.000000 0.000000 -1.000000
vn 0.000000 0.000000 -1.000000
vn 0.000000 0.000000 -1.000000
vn 0.000000 0.000000 -1.000000
vn 0.000000 0.000000 -1.000000
vn 0.000000 0.000000 -1.000000
vn 0.000000 0.000000 -1.000000
vn 0.000000 0.000000 -1.000000
vn 0.000000 0.000000 -1.000000
vn 0.000000 0.000000 -1.000000
vn 0.000000 0.000000 -1.000000
vn 0.000000 0.000000 -1.000000
vn 0.000000 0.000000 -1.000000
vn 0.000000 0.000000 -1.000000
vn 0.000000 0.000000 -1.000000
vn 0.000000 0.000000 -1.000000
vn 0.000000 0.000000 -1.000000
vn 0.000000 0.000000 -1.000000
vn 0.000000 0.000000 -1.000000
vn 0.000000 0.000000 -1.000000
vn 0.000000 0.000000 -1.000000
vn 0.000000 0.000000 -1.000000
vn 0.000000 0.000000 -1.000000
vn 0.000000 0.000000 -1.000000
vn 0.000000 0.000000 -1.000000
vn 0.000000 0.000000 -1.000000
vn 0.000000 0.000000 -1.000000
vn 0.000000 0.000000 -1.000000
vn 0.000000 0.000000 -1.000000
vn 0.000000 0.000000 -1.000000
vn 0.000000 0.000000 -1.000000
vn 0.000000 0.000000 -1.000000
vn 0.000000 0.000000 -1.000000
vn 0.000000 0.000000 -1.000000
vn 0.000000 0.000000 -1.000000
vn -1.000000 0.000000 0.000000
vn -1.000000 0.000000 0.000000
vn -1.000000 0.000000 0.000000
vn -1.000000 0.000000 0.000000
vn -1.000000 0.000000 0.000000
vn -1.000000 0.000000 0.000000
vn -1.000000 0.000000 0.000000
vn -1.000000 0.000000 0.000000
vn -1.000000 0.000000 0.000000
vn -1.000000 0.000000 0.000000
vn -1.000000 0.000000 0.000000
vn -1.000000 0.000000 0.000000
vn -1.000000 0.000000 0.000000
vn -1.000000 0.000000 0.000000
vn -1.000000 0.000000 0.000000
vn -1.000000 0.000000 0.000000
vn -1.000000 0.000000 0.000000
vn -1.000000 0.000000 0.000000
vn -1.000000 0.000000 0.000000
vn -1.000000 0.000000 0.000000
vn 0.000000 0.000000 -1.000000
vn 0.000000 0.000000 -1.000000
vn 0.000000 0.000000 1.000000
vn 0.000000 0.000000 1.000000
vn -1.000000 0.000000 0.000000
vn -1.000000 0.000000 0.000000
vn 0.000000 0.000000 -1.000000
vn 0.000000 0.000000 -1.000000
vn 1.000000 0.000000 0.000000
vn 1.000000 -0.000000 0.000000
vn 0.000000 0.000000 -1.000000
vn 0.000000 0.000000 -1.000000
vn 0.000000 0.000000 -1.000000
vn 0.000000 0.000000 -1.000000
vn 0.000000 0.500000 -0.866025
vn 0.000000 0.500000 -0.866025
vn 0.000000 0.500000 -0.866025
vn 0.000000 0.500000 -0.866025
vn 0.000000 -0.000000 1.000000
vn 0.000000 -0.000000 1.000000
vn 0.000000 -0.000000 1.000000
vn -0.000000 1.000000 0.000000
vn 0.000000 1.000000 0.000000
vn 0.000000 1.000000 0.000000
vn 0.000000 1.000000 0.000000
vn 0.000000 1.000000 -0.000000
vn 0.000000 1.000000 0.000000
vn -0.000008 0.706266 -0.707947
vn 0.000008 0.707392 -0.706822
vn 0.000005 0.707622 -0.706592
vn 0.000003 0.707001 -0.707212
vn 0.000002 0.707054 -0.707160
vn -0.000001 0.707236 -0.706978
vn 0.000003 0.707016 -0.707197
vn -0.000001 0.707087 -0.707127
vn -0.000002 0.707151 -0.707062
vn 0.000000 0.707108 -0.707106
vn -0.000000 0.707137 -0.707077
vn -0.000000 0.707095 -0.707119
vn 0.000000 0.707082 -0.707132
vn -0.000000 0.707137 -0.707076
vn 0.000000 0.707117 -0.707096
vn 0.000000 0.707052 -0.707161
vn -0.000001 0.707099 -0.707115
vn 0.000000 0.707156 -0.707058
vn 0.000001 0.707114 -0.707100
vn 0.000001 0.707063 -0.707150
vn -0.000000 0.707115 -0.707099
vn -0.000000 0.707113 -0.707100
vn 0.000001 0.707072 -0.707142
vn 0.000000 0.707101 -0.707113
vn -0.000000 0.707119 -0.707094
vn 0.000001 0.707102 -0.707112
vn 0.000001 0.707117 -0.707097
vn -0.000001 0.707128 -0.707086
vn -0.000001 0.707116 -0.707097
vn 0.000001 0.707084 -0.707129
vn -0.000000 0.707082 -0.707131
vn -0.000001 0.707123 -0.707090
vn -0.000001 0.707129 -0.707084
vn 0.000000 0.707092 -0.707122
vn -0.000000 0.707111 -0.707103
vn -0.000000 0.707094 -0.707120
vn -0.000001 0.707125 -0.707089
vn 0.000000 0.707091 -0.707123
vn 0.000000 0.707107 -0.707107
vn 0.000000 0.707115 -0.707099
vn 0.000000 0.707100 -0.707113
vn -0.000000 0.707118 -0.707096
vn -0.000001 0.707092 -0.707121
vn 0.000000 0.707101 -0.707112
vn 0.000000 0.707116 -0.707098
vn 0.000001 0.707104 -0.707110
vn 0.000000 0.707096 -0.707118
vn -0.000000 0.707113 -0.707100
vn -0.000000 0.707120 -0.707094
vn -0.000000 0.707094 -0.707120
vn -0.000000 0.707115 -0.707098
vn -0.000000 0.707122 -0.707091
vn -0.000000 0.707101 -0.707113
vn 0.000000 0.707111 -0.707103
vn -0.000000 0.707107 -0.707107
vn -0.000000 0.707095 -0.707118
vn -0.000000 0.707114 -0.707099
vn -0.000000 0.707109 -0.707105
vn -0.000000 0.707110 -0.707103
vn -0.000000 0.707109 -0.707105
vn 0.000000 0.707107 -0.707107
vn -0.000000 0.707105 -0.707109
vn -0.000000 0.707108 -0.707105
vn 0.000000 0.707107 -0.707107
vn 0.000000 0.707107 -0.707107
vn -0.000000 0.707101 -0.707112
vn -0.000000 0.707107 -0.707107
vn -0.000000 0.707098 -0.707115
vn 0.000000 0.707119 -0.707094
vn -0.000000 0.707104 -0.707110
vn 0.000000 0.707104 -0.707110
vn -0.000000 0.707111 -0.707103
vn 0.000000 -0.000000 1.000000
vn 0.000000 0.000000 1.000000
vn 0.000000 0.000000 1.000000
vn 0.000000 -0.000000 1.000000
vn 0.000000 -0.000000 1.000000
vn 0.000000 -0.000000 1.000000
vn -0.000000 1.000000 0.000000
vn 0.000000 1.000000 0.000000
vn 0.000000 1.000000 0.000000
vn 0.000000 1.000000 0.000000
vn 0.000000 1.000000 -0.000000
vn 0.000000 1.000000 0.000000
vn -0.000008 0.706266 -0.707947
vn 0.000008 0.707392 -0.706822
vn 0.000005 0.707622 -0.706592
vn 0.000003 0.707001 -0.707212
vn 0.000002 0.707054 -0.707160
vn -0.000001 0.707236 -0.706978
vn 0.000003 0.707016 -0.707197
vn -0.000001 0.707087 -0.707127
vn -0.000002 0.707152 -0.707062
vn 0.000000 0.707108 -0.707106
vn -0.000000 0.707137 -0.707077
vn -0.000000 0.707095 -0.707119
vn 0.000000 0.707082 -0.707132
vn -0.000000 0.707137 -0.707076
vn 0.000000 0.707117 -0.707096
vn 0.000000 0.707052 -0.707161
vn -0.000001 0.707099 -0.707115
vn 0.000000 0.707156 -0.707058
vn 0.000001 0.707114 -0.707100
vn 0.000001 0.707063 -0.707150
vn -0.000000 0.707115 -0.707099
vn -0.000000 0.707113 -0.707100
vn 0.000001 0.707072 -0.707142
vn 0.000000 0.707101 -0.707113
vn -0.000000 0.707119 -0.707094
vn 0.000001 0.707102 -0.707112
vn 0.000001 0.707117 -0.707097
vn -0.000001 0.707128 -0.707086
vn -0.000001 0.707116 -0.707097
vn 0.000001 0.707084 -0.707129
vn -0.000000 0.707082 -0.707131
vn -0.000001 0.707123 -0.707090
vn -0.000001 0.707129 -0.707084
vn 0.000000 0.707092 -0.707122
vn -0.000000 0.707111 -0.707103
vn -0.000000 0.707094 -0.707120
vn -0.000001 0.707125 -0.707089
vn 0.000000 0.707091 -0.707123
vn 0.000000 0.707107 -0.707107
vn 0.000000 0.707115 -0.707099
vn 0.000000 0.707100 -0.707113
vn -0.000000 0.707118 -0.707096
vn -0.000001 0.707092 -0.707121
vn 0.000000 0.707101 -0.707112
vn 0.000000 0.707116 -0.707098
vn 0.000001 0.707103 -0.707110
vn 0.000000 0.707096 -0.707118
vn -0.000000 0.707113 -0.707100
vn -0.000000 0.707120 -0.707094
vn -0.000000 0.707094 -0.707120
vn -0.000000 0.707115 -0.707098
vn -0.000000 0.707122 -0.707091
vn -0.000000 0.707101 -0.707113
vn 0.000000 0.707111 -0.707103
vn -0.000000 0.707107 -0.707107
vn -0.000000 0.707095 -0.707118
vn -0.000000 0.707114 -0.707099
vn -0.000000 0.707109 -0.707105
vn -0.000000 0.707110 -0.707103
vn -0.000000 0.707109 -0.707105
vn 0.000000 0.707107 -0.707107
vn -0.000000 0.707105 -0.707109
vn -0.000000 0.707108 -0.707105
vn 0.000000 0.707107 -0.707107
vn 0.000000 0.707107 -0.707107
vn -0.000000 0.707101 -0.707112
vn -0.000000 0.707107 -0.707107
vn -0.000000 0.707098 -0.707115
vn 0.000000 0.707119 -0.707094
vn -0.000000 0.707104 -0.707109
vn 0.000000 0.707104 -0.707110
vn -0.000000 0.707111 -0.707103
vn 0.000000 -0.000000 1.000000
vn 0.000000 0.000000 1.000000
vn 0.000000 0.000000 1.000000
vn 0.000000 -1.000000 0.000000
vn 0.000000 -1.000000 0.000000
vn 0.000000 0.000000 1.000000
vn 0.000000 0.000000 1.000000
vn 0.000000 -0.707107 0.707107
vn 0.000000 -0.707107 0.707107
vn 0.000000 -1.000000 0.000000
vn 0.000000 -1.000000 0.000000
vn 0.000000 0.000000 -1.000000
vn 0.000000 0.000000 -1.000000
vn 0.000000 -1.000000 0.000000
vn 0.000000 -1.000000 0.000000
vn 0.000000 0.000000 1.000000
vn 0.000000 0.000000 1.000000
vn 0.000000 0.000000 1.000000
vn 0.000000 0.000000 1.000000
vn 0.000000 0.000000 1.000000
vn 0.000000 0.000000 1.000000
vn 0.000000 0.000000 1.000000
vn 0.000000 0.000000 1.000000
vn 0.000000 0.000000 1.000000
vn 0.000000 0.000000 1.000000
vn 0.000000 0.000000 1.000000
vn 0.000000 0.000000 1.000000
vn 0.000000 0.000000 1.000000
vn 0.000000 0.000000 1.000000
vn 0.000000 0.000000 1.000000
vn 0.000000 0.000000 1.000000
vn 0.000000 0.000000 1.000000
vn 0.000000 0.000000 1.000000
vn 0.000000 0.000000 1.000000
vn 0.000000 0.000000 1.000000
vn 0.000000 0.000000 1.000000
vn 0.000000 0.000000 1.000000
vn 0.000000 0.000000 1.000000
vn 0.000000 0.000000 1.000000
vn 0.000000 0.000000 1.000000
vn 0.000000 0.000000 1.000000
vn 0.000000 0.000000 1.000000
vn 0.000000 0.000000 1.000000
vn 0.000000 0.000000 1.000000
vn 0.000000 0.000000 1.000000
vn 0.000000 0.000000 1.000000
vn 0.000000 0.000000 1.000000
vn 0.000000 0.000000 1.000000
vn 0.000000 0.000000 1.000000
vn 0.000000 0.000000 1.000000
vn 0.000000 0.000000 1.000000
vn 0.000000 0.000000 1.000000
vn 0.000000 0.000000 1.000000
vn 0.000000 0.000000 1.000000
vn 0.000000 0.000000 1.000000
vn 0.000000 0.000000 1.000000
vn -0.027648 0.999618 0.000000
vn -0.027869 0.999612 -0.000177
vn -0.076999 0.997031 0.000176
vn -0.077660 0.996980 -0.000352
vn -0.126162 0.992010 0.000348
vn -0.127257 0.991870 -0.000523
vn -0.175017 0.984565 0.000517
vn -0.176538 0.984294 -0.000690
vn -0.225381 0.974270 -0.000855
vn -0.223445 0.974716 0.000684
vn -0.273664 0.961825 -0.001016
vn -0.271326 0.962487 0.000847
vn -0.321265 0.946989 -0.001175
vn -0.318545 0.947907 0.001007
vn -0.368066 0.929799 -0.001329
vn -0.364986 0.931012 0.001163
vn -0.413957 0.910295 -0.001483
vn -0.410536 0.911844 0.001318
vn -0.458813 0.888531 -0.001631
vn -0.455083 0.890448 0.001467
vn -0.502533 0.864556 -0.001777
vn -0.498518 0.866878 0.001615
vn -0.545003 0.838432 -0.001920
vn -0.540737 0.841190 0.001758
vn -0.586114 0.810226 -0.002058
vn -0.581635 0.813448 0.001899
vn -0.625773 0.780002 -0.002194
vn -0.621111 0.783720 0.002038
vn -0.663872 0.747843 -0.002327
vn -0.659071 0.752078 0.002171
vn -0.700323 0.713822 -0.002453
vn -0.695424 0.718596 0.002304
vn -0.735035 0.678024 -0.002583
vn -0.730073 0.683365 0.002435
vn -0.767916 0.640545 -0.002711
vn -0.762940 0.646464 0.002556
vn -0.793948 0.607980 0.002674
vn -0.798887 0.601475 -0.002830
vn -0.823016 0.568012 0.002795
vn -0.827877 0.560902 -0.002947
vn -0.850073 0.526657 0.002909
vn -0.854800 0.518949 -0.003054
vn -0.875053 0.484018 0.003030
vn -0.879610 0.475684 -0.003167
vn -0.897894 0.440201 0.003135
vn -0.902223 0.431257 -0.003276
vn -0.918545 0.395302 0.003240
vn -0.922598 0.385748 -0.003382
vn -0.936955 0.349435 0.003343
vn -0.940679 0.339278 -0.003482
vn -0.953073 0.302721 0.003443
vn -0.956421 0.291971 -0.003580
vn -0.966864 0.255266 0.003540
vn -0.969784 0.243938 -0.003672
vn -0.978293 0.207194 0.003636
vn -0.980738 0.195293 -0.003767
vn -0.987336 0.158600 0.003724
vn -0.989254 0.146160 -0.003856
vn -0.993965 0.109635 0.003808
vn -0.995308 0.096677 -0.003943
vn -0.998167 0.060394 0.003892
vn -0.998889 0.046949 -0.004023
vn -0.999932 0.011011 0.003975
vn -0.999987 -0.002910 -0.004108
vn -0.999254 -0.038410 0.004046
vn -0.998599 -0.052740 -0.004181
vn -0.996136 -0.087726 0.004124
vn -0.994729 -0.102449 -0.004251
vn -0.990585 -0.136834 0.004199
vn -0.988384 -0.151912 -0.004321
vn -0.982614 -0.185609 0.004265
vn -0.979585 -0.200981 -0.004383
vn -0.972247 -0.233918 0.004334
vn -0.968347 -0.249568 -0.004452
vn -0.959502 -0.281668 0.004388
vn -0.954706 -0.297516 -0.004513
vn -0.938688 -0.344739 -0.004568
vn -0.944413 -0.328731 0.004449
vn -0.920339 -0.391094 -0.004618
vn -0.927019 -0.374988 0.004506
vn -0.899701 -0.436481 -0.004673
vn -0.907366 -0.420316 0.004559
vn -0.876822 -0.480792 -0.004719
vn -0.885486 -0.464643 0.004608
vn -0.851771 -0.523892 -0.004766
vn -0.861454 -0.507814 0.004650
vn -0.835637 -0.549264 0.004511
vn -0.824598 -0.565699 -0.004899
vn -0.808179 -0.588918 0.004626
vn -0.795376 -0.606096 -0.004991
vn -0.778842 -0.627203 0.004698
vn -0.764174 -0.644991 -0.005044
vn -0.747690 -0.664031 0.004723
vn -0.731079 -0.682274 -0.005050
vn -0.714799 -0.699314 0.004710
vn -0.696160 -0.717869 -0.005013
vn -0.680243 -0.732972 0.004654
vn -0.659512 -0.751678 -0.004932
vn -0.644110 -0.764919 0.004553
vn -0.621225 -0.783617 -0.004812
vn -0.606473 -0.795092 0.004410
vn -0.581396 -0.813608 -0.004645
vn -0.567430 -0.823411 0.004224
vn -0.540118 -0.841577 -0.004438
vn -0.527063 -0.849817 0.003994
vn -0.497501 -0.867453 -0.004187
vn -0.485471 -0.874245 0.003723
vn -0.453643 -0.891175 -0.003893
vn -0.442749 -0.896639 0.003407
vn -0.408660 -0.912680 -0.003557
vn -0.398999 -0.916946 0.003048
vn -0.362659 -0.931916 -0.003179
vn -0.315762 -0.948834 -0.002757
vn -0.354317 -0.935122 0.002646
vn -0.268073 -0.963396 -0.002287
vn -0.308809 -0.951121 0.002207
vn -0.219716 -0.975562 -0.001780
vn -0.262590 -0.964906 0.001720
vn -0.170822 -0.985301 -0.001233
vn -0.215757 -0.976446 0.001186
vn -0.121494 -0.992592 -0.000635
vn -0.168414 -0.985716 0.000617
vn -0.120690 -0.992690 0.000000
vn 0.000000 0.000000 1.000000
vn 0.000000 0.000000 1.000000
vn 0.000000 0.000000 1.000000
vn 0.000000 0.000000 1.000000
vn 0.000000 0.000000 1.000000
vn 0.000000 0.000000 1.000000
vn 0.000000 0.000000 1.000000
vn 0.000000 0.000000 1.000000
vn 0.000000 0.000000 1.000000
vn 0.000000 0.000000 1.000000
vn 0.000000 0.000000 1.000000
vn 0.000000 0.000000 1.000000
vn 0.000000 0.000000 1.000000
vn 0.000000 0.000000 1.000000
vn 0.000000 0.000000 1.000000
vn 0.000000 0.000000 1.000000
vn 0.000000 0.000000 1.000000
vn 0.000000 0.000000 1.000000
vn 0.000000 0.000000 1.000000
vn 0.000000 0.000000 1.000000
vn 0.000000 0.000000 1.000000
vn 0.000000 0.000000 1.000000
vn 0.000000 0.000000 1.000000
vn 0.000000 0.000000 1.000000
vn 0.000000 0.000000 1.000000
vn 0.000000 0.000000 1.000000
vn 0.000000 0.000000 1.000000
vn 0.000000 0.000000 1.000000
vn 0.000000 0.000000 1.000000
vn 0.000000 0.000000 1.000000
vn 0.000000 0.000000 1.000000
vn 0.000000 0.000000 1.000000
vn 0.000000 0.000000 1.000000
vn 0.000000 0.000000 1.000000
vn 0.000000 0.000000 1.000000
vn 0.000000 0.000000 1.000000
vn 0.000000 0.000000 1.000000
vn 0.000000 0.000000 1.000000
vn 0.000000 0.000000 1.000000
vn 0.000000 0.000000 1.000000
vn 0.000000 0.000000 1.000000
vn 0.000000 0.000000 1.000000
vn 0.000000 0.000000 1.000000
vn 0.000000 0.000000 1.000000
vn 0.000000 0.000000 1.000000
vn 0.000000 0.000000 1.000000
vn 0.000000 0.000000 1.000000
vn 0.000000 0.000000 1.000000
vn 0.000000 0.000000 1.000000
vn 0.000000 0.000000 1.000000
vn 0.000000 0.000000 1.000000
vn 0.000000 0.000000 1.000000
vn 0.000000 0.000000 1.000000
vn 0.000000 0.000000 1.000000
vn 0.000000 0.000000 1.000000
vn 0.000000 0.000000 1.000000
vn 0.000000 0.000000 1.000000
vn 0.000000 0.000000 1.000000
vn 0.000000 0.000000 1.000000
vn 0.000000 0.000000 1.000000
vn 0.000000 0.000000 1.000000
vn 0.000000 0.000000 1.000000
vn 0.000000 0.000000 1.000000
vn -0.707084 0.000005 0.707130
vn -0.707072 0.000007 0.707141
vn -0.707195 -0.000017 0.707018
vn -0.707107 -0.000000 0.707107
vn -0.707027 0.000014 0.707186
vn -0.707085 0.000004 0.707128
vn -0.707177 -0.000012 0.707037
vn -0.707128 -0.000005 0.707086
vn -0.707017 0.000015 0.707196
vn -0.707127 -0.000005 0.707087
vn -0.707187 -0.000013 0.707027
vn -0.707067 0.000010 0.707147
vn -0.707003 0.000016 0.707210
vn -0.707156 -0.000013 0.707058
vn -0.707199 -0.000014 0.707015
vn -0.707136 -0.000007 0.707078
vn -0.707168 -0.000009 0.707045
vn -0.707069 0.000011 0.707145
vn -0.707062 0.000007 0.707152
vn -0.707107 0.000000 0.707107
vn -0.707029 0.000011 0.707185
vn -0.707135 -0.000008 0.707079
vn -0.707196 -0.000013 0.707017
vn -0.707079 0.000009 0.707135
vn -0.706966 0.000020 0.707247
vn -0.707079 0.000009 0.707135
vn -0.707324 -0.000030 0.706889
vn -0.707126 -0.000006 0.707088
vn -0.707145 -0.000013 0.707069
vn -0.707107 -0.000000 0.707107
vn -0.707049 0.000020 0.707164
vn -0.707145 0.000013 0.707069
vn -0.707126 0.000006 0.707088
vn -0.707079 -0.000009 0.707135
vn -0.707079 -0.000009 0.707135
vn -0.707135 0.000008 0.707079
vn -0.707107 0.000000 0.707107
vn -0.707069 -0.000011 0.707145
vn -0.707136 0.000007 0.707078
vn -0.707156 0.000013 0.707058
vn -0.707067 -0.000010 0.707147
vn -0.707127 0.000005 0.707087
vn -0.707128 0.000005 0.707086
vn -0.707085 -0.000004 0.707128
vn -0.707107 0.000000 0.707107
vn -0.707072 -0.000007 0.707141
vn -0.707083 -0.000005 0.707131
vn -0.707195 0.000017 0.707019
vn -0.707027 -0.000014 0.707186
vn -0.707177 0.000012 0.707037
vn -0.707018 -0.000015 0.707196
vn -0.707186 0.000013 0.707027
vn -0.707004 -0.000017 0.707210
vn -0.707201 0.000014 0.707013
vn -0.707168 0.000009 0.707045
vn -0.707060 -0.000007 0.707153
vn -0.707029 -0.000011 0.707185
vn -0.707197 0.000013 0.707017
vn -0.706965 -0.000019 0.707249
vn -0.707325 0.000030 0.706889
vn -0.707182 0.000007 0.707032
vn -0.707054 -0.000005 0.707160
vn -0.707013 -0.000011 0.707201
vn -0.707022 -0.000008 0.707192
vn -0.707199 0.000012 0.707015
vn -0.707156 0.000004 0.707058
vn -0.707190 0.000010 0.707024
vn -0.707106 -0.000001 0.707107
vn -0.707116 0.000001 0.707098
vn -0.707081 -0.000003 0.707132
vn -0.707000 -0.000013 0.707214
vn -0.707083 -0.000002 0.707130
vn -0.707052 -0.000007 0.707162
vn -0.707071 -0.000005 0.707143
vn -0.707204 0.000012 0.707009
vn -0.707186 0.000010 0.707027
vn -0.707150 0.000004 0.707063
vn -0.707106 0.000001 0.707107
vn -0.707121 0.000001 0.707093
vn -0.707170 0.000009 0.707044
vn -0.707084 -0.000002 0.707130
vn -0.707074 -0.000002 0.707140
vn -0.707090 -0.000002 0.707123
vn -0.707061 -0.000007 0.707153
vn -0.707099 -0.000000 0.707115
vn -0.707129 0.000001 0.707084
vn -0.707032 -0.000011 0.707182
vn -0.707196 0.000013 0.707017
vn -0.707029 -0.000011 0.707185
vn -0.707114 -0.000000 0.707099
vn -0.707129 0.000000 0.707084
vn -0.707065 -0.000004 0.707149
vn -0.707108 0.000001 0.707105
vn -0.706966 -0.000020 0.707247
vn -0.707145 0.000005 0.707068
vn -0.707158 0.000005 0.707055
vn -0.707231 0.000017 0.706982
vn -0.707320 0.000030 0.706893
vn -0.707085 -0.000002 0.707129
vn -0.707138 0.000000 0.707076
vn -0.706983 -0.000018 0.707231
vn -0.706839 -0.000039 0.707374
vn -0.707121 -0.000001 0.707093
vn -0.707067 -0.000002 0.707147
vn -0.707186 0.000011 0.707028
vn -0.707184 0.000011 0.707030
vn -0.707093 -0.000000 0.707121
vn -0.707107 -0.000000 0.707107
vn -0.707136 0.000001 0.707077
vn -0.706990 -0.000018 0.707223
vn -0.707135 0.000001 0.707079
vn -0.707078 -0.000001 0.707136
vn -0.707079 -0.000001 0.707134
vn -0.707078 -0.000001 0.707136
vn -0.707134 0.000002 0.707079
vn -0.707126 0.000003 0.707088
vn -0.707093 0.000002 0.707120
vn -0.707145 -0.000001 0.707069
vn -0.707093 -0.000001 0.707120
vn -0.707049 0.000002 0.707164
vn -0.707145 0.000001 0.707069
vn -0.707126 -0.000003 0.707088
vn -0.707093 -0.000002 0.707120
vn -0.707078 0.000001 0.707136
vn -0.707134 -0.000002 0.707079
vn -0.707078 0.000001 0.707136
vn -0.707079 0.000001 0.707134
vn -0.707136 -0.000001 0.707077
vn -0.707107 0.000000 0.707107
vn -0.707135 -0.000001 0.707079
vn -0.707067 0.000002 0.707147
vn -0.707093 0.000000 0.707121
vn -0.707138 -0.000000 0.707076
vn -0.707121 0.000001 0.707093
vn -0.707158 -0.000005 0.707056
vn -0.707085 0.000002 0.707129
vn -0.707065 0.000004 0.707149
vn -0.707129 -0.000000 0.707084
vn -0.707145 -0.000005 0.707068
vn -0.707129 -0.000001 0.707084
vn -0.707114 0.000000 0.707099
vn -0.707084 0.000002 0.707130
vn -0.707099 0.000000 0.707115
vn -0.707106 -0.000001 0.707107
vn -0.707074 0.000002 0.707140
vn -0.707071 0.000005 0.707143
vn -0.707150 -0.000004 0.707063
vn -0.707081 0.000003 0.707132
vn -0.707052 0.000007 0.707162
vn -0.707199 -0.000012 0.707015
vn -0.707022 0.000008 0.707192
vn -0.707116 -0.000001 0.707097
vn -0.707182 -0.000007 0.707032
vn -0.707156 -0.000004 0.707058
vn -0.707054 0.000005 0.707160
vn -0.707013 0.000011 0.707201
vn -0.707106 0.000001 0.707107
vn -0.707190 -0.000010 0.707024
vn -0.707083 0.000002 0.707130
vn -0.707000 0.000013 0.707214
vn -0.707204 -0.000012 0.707009
vn -0.707186 -0.000010 0.707027
vn -0.707121 -0.000001 0.707093
vn -0.707170 -0.000009 0.707044
vn -0.707061 0.000007 0.707153
vn -0.707090 0.000002 0.707123
vn -0.707032 0.000011 0.707181
vn -0.707029 0.000011 0.707185
vn -0.707196 -0.000013 0.707017
vn -0.707108 -0.000001 0.707105
vn -0.706966 0.000020 0.707247
vn -0.707320 -0.000030 0.706893
vn -0.707231 -0.000017 0.706982
vn -0.706839 0.000039 0.707374
vn -0.706983 0.000018 0.707230
vn -0.707184 -0.000011 0.707030
vn -0.707185 -0.000011 0.707029
vn -0.706990 0.000018 0.707224
vn -0.707058 0.000000 0.707156
vn -0.707058 0.000000 0.707156
vn -0.707116 0.000000 0.707098
vn -0.707153 0.000000 0.707060
vn -0.707153 0.000000 0.707060
vn -0.707107 0.000000 0.707107
vn -0.707107 0.000000 0.707107
vn -0.707116 0.000000 0.707098
vn -0.707085 0.000000 0.707129
vn -0.707085 0.000000 0.707129
vn -0.707055 0.000000 0.707158
vn -0.707148 0.000000 0.707065
vn -0.707055 0.000000 0.707158
vn -0.707177 0.000000 0.707037
vn -0.707177 0.000000 0.707037
vn -0.707148 0.000000 0.707065
vn -0.707119 0.000000 0.707094
vn -0.707119 0.000000 0.707094
vn -0.707093 0.000000 0.707120
vn -0.707075 0.000000 0.707139
vn -0.707099 0.000000 0.707115
vn -0.707075 0.000000 0.707139
vn -0.707093 0.000000 0.707120
vn -0.707099 0.000000 0.707115
vn -0.707047 0.000000 0.707167
vn -0.707047 0.000000 0.707167
vn -0.707107 0.000000 0.707107
vn -0.707114 0.000000 0.707099
vn -0.707114 0.000000 0.707099
vn -0.707107 0.000000 0.707107
vn -0.707144 0.000000 0.707070
vn -0.707144 0.000000 0.707070
vn -0.707200 0.000000 0.707013
vn -0.707200 0.000000 0.707013
vn -0.707021 0.000000 0.707193
vn -0.707121 0.000000 0.707092
vn -0.707085 0.000000 0.707129
vn -0.707085 0.000000 0.707129
vn -0.707021 0.000000 0.707193
vn -0.707121 0.000000 0.707092
vn -0.707157 0.000000 0.707056
vn -0.707157 0.000000 0.707056
vn -0.707135 0.000000 0.707079
vn -0.707093 0.000000 0.707121
vn -0.707093 0.000000 0.707121
vn -0.707045 0.000000 0.707168
vn -0.707045 0.000000 0.707168
vn -0.707225 0.000000 0.706989
vn -0.707135 0.000000 0.707079
vn -0.707225 0.000000 0.706989
vn -0.707079 0.000000 0.707134
vn -0.707079 0.000000 0.707134
vn -0.706887 0.000000 0.707326
vn -0.706887 0.000000 0.707326
vn -0.707134 0.000000 0.707079
vn -0.707134 0.000000 0.707079
vn -0.707093 0.000000 0.707120
vn -0.707093 0.000000 0.707120
vn -0.707093 0.000000 0.707120
vn -0.707093 0.000000 0.707120
vn -0.707093 0.000000 0.707120
vn -0.707093 0.000000 0.707120
vn -0.707134 0.000000 0.707079
vn -0.707079 0.000000 0.707134
vn -0.707134 0.000000 0.707079
vn -0.707079 0.000000 0.707134
vn -0.707135 0.000000 0.707079
vn -0.707135 0.000000 0.707079
vn -0.707093 0.000000 0.707121
vn -0.707093 0.000000 0.707121
vn -0.707121 0.000000 0.707092
vn -0.707121 0.000000 0.707092
vn -0.707085 0.000000 0.707129
vn -0.707085 0.000000 0.707129
vn -0.707144 0.000000 0.707070
vn -0.707144 0.000000 0.707070
vn -0.707114 0.000000 0.707099
vn -0.707099 0.000000 0.707115
vn -0.707114 0.000000 0.707099
vn -0.707099 0.000000 0.707115
vn -0.707075 0.000000 0.707139
vn -0.707075 0.000000 0.707139
vn -0.707148 0.000000 0.707065
vn -0.707148 0.000000 0.707065
vn -0.707055 0.000000 0.707158
vn -0.707055 0.000000 0.707158
vn -0.707116 0.000000 0.707098
vn -0.707116 0.000000 0.707098
vn -0.707058 0.000000 0.707156
vn -0.707153 0.000000 0.707060
vn -0.707153 0.000000 0.707060
vn -0.707058 0.000000 0.707156
vn -0.707107 0.000000 0.707107
vn -0.707085 0.000000 0.707129
vn -0.707107 0.000000 0.707107
vn -0.707085 0.000000 0.707129
vn -0.707177 0.000000 0.707037
vn -0.707119 0.000000 0.707094
vn -0.707177 0.000000 0.707036
vn -0.707093 0.000000 0.707120
vn -0.707119 0.000000 0.707094
vn -0.707047 0.000000 0.707167
vn -0.707093 0.000000 0.707120
vn -0.707047 0.000000 0.707167
vn -0.707200 0.000000 0.707013
vn -0.707107 0.000000 0.707107
vn -0.707107 0.000000 0.707107
vn -0.707200 0.000000 0.707013
vn -0.707021 0.000000 0.707193
vn -0.707021 0.000000 0.707193
vn -0.707157 0.000000 0.707056
vn -0.707157 0.000000 0.707056
vn -0.707225 0.000000 0.706989
vn -0.707045 0.000000 0.707168
vn -0.707045 0.000000 0.707168
vn -0.707225 0.000000 0.706989
vn -0.706887 0.000000 0.707326
vn -0.706887 0.000000 0.707326
vn -0.707153 0.000000 0.707060
vn -0.707058 0.000000 0.707156
vn -0.707107 0.000000 0.707107
vn -0.707058 0.000000 0.707156
vn -0.707153 0.000000 0.707060
vn -0.707116 0.000000 0.707098
vn -0.707107 0.000000 0.707107
vn -0.707116 0.000000 0.707098
vn -0.707085 0.000000 0.707129
vn -0.707085 0.000000 0.707129
vn -0.707055 0.000000 0.707158
vn -0.707148 0.000000 0.707065
vn -0.707055 0.000000 0.707158
vn -0.707177 0.000000 0.707037
vn -0.707177 0.000000 0.707037
vn -0.707148 0.000000 0.707065
vn -0.707119 0.000000 0.707094
vn -0.707119 0.000000 0.707094
vn -0.707075 0.000000 0.707139
vn -0.707099 0.000000 0.707115
vn -0.707075 0.000000 0.707139
vn -0.707093 0.000000 0.707120
vn -0.707093 0.000000 0.707120
vn -0.707099 0.000000 0.707115
vn -0.707047 0.000000 0.707167
vn -0.707107 0.000000 0.707107
vn -0.707047 0.000000 0.707167
vn -0.707114 0.000000 0.707099
vn -0.707114 0.000000 0.707099
vn -0.707107 0.000000 0.707107
vn -0.707144 0.000000 0.707070
vn -0.707144 0.000000 0.707070
vn -0.707200 0.000000 0.707013
vn -0.707021 0.000000 0.707193
vn -0.707200 0.000000 0.707013
vn -0.707085 0.000000 0.707129
vn -0.707085 0.000000 0.707129
vn -0.707021 0.000000 0.707193
vn -0.707121 0.000000 0.707093
vn -0.707121 0.000000 0.707092
vn -0.707157 0.000000 0.707056
vn -0.707157 0.000000 0.707056
vn -0.707093 0.000000 0.707121
vn -0.707093 0.000000 0.707121
vn -0.707045 0.000000 0.707168
vn -0.707045 0.000000 0.707168
vn -0.707135 0.000000 0.707079
vn -0.707135 0.000000 0.707079
vn -0.707225 0.000000 0.706989
vn -0.707225 0.000000 0.706989
vn -0.707079 0.000000 0.707134
vn -0.707079 0.000000 0.707134
vn -0.706887 0.000000 0.707326
vn -0.706887 0.000000 0.707326
vn -0.707134 0.000000 0.707079
vn -0.707093 0.000000 0.707120
vn -0.707134 0.000000 0.707079
vn -0.707093 0.000000 0.707120
vn -0.707093 0.000000 0.707120
vn -0.707093 0.000000 0.707120
vn -0.707093 0.000000 0.707120
vn -0.707093 0.000000 0.707120
vn -0.707134 0.000000 0.707079
vn -0.707079 0.000000 0.707134
vn -0.707134 0.000000 0.707079
vn -0.707079 0.000000 0.707134
vn -0.707135 0.000000 0.707079
vn -0.707135 0.000000 0.707079
vn -0.707093 0.000000 0.707121
vn -0.707121 0.000000 0.707092
vn -0.707093 0.000000 0.707121
vn -0.707121 0.000000 0.707092
vn -0.707085 0.000000 0.707129
vn -0.707085 0.000000 0.707129
vn -0.707144 0.000000 0.707070
vn -0.707144 0.000000 0.707070
vn -0.707099 0.000000 0.707115
vn -0.707114 0.000000 0.707099
vn -0.707114 0.000000 0.707099
vn -0.707099 0.000000 0.707115
vn -0.707075 0.000000 0.707139
vn -0.707148 0.000000 0.707065
vn -0.707075 0.000000 0.707139
vn -0.707148 0.000000 0.707066
vn -0.707055 0.000000 0.707158
vn -0.707055 0.000000 0.707158
vn -0.707116 0.000000 0.707098
vn -0.707153 0.000000 0.707060
vn -0.707116 0.000000 0.707098
vn -0.707153 0.000000 0.707060
vn -0.707058 0.000000 0.707156
vn -0.707107 0.000000 0.707107
vn -0.707058 0.000000 0.707156
vn -0.707107 0.000000 0.707107
vn -0.707085 0.000000 0.707129
vn -0.707085 0.000000 0.707129
vn -0.707177 0.000000 0.707037
vn -0.707119 0.000000 0.707094
vn -0.707177 0.000000 0.707037
vn -0.707119 0.000000 0.707094
vn -0.707093 0.000000 0.707120
vn -0.707093 0.000000 0.707120
vn -0.707047 0.000000 0.707167
vn -0.707047 0.000000 0.707167
vn -0.707107 0.000000 0.707107
vn -0.707200 0.000000 0.707013
vn -0.707107 0.000000 0.707107
vn -0.707200 0.000000 0.707013
vn -0.707021 0.000000 0.707193
vn -0.707021 0.000000 0.707193
vn -0.707157 0.000000 0.707056
vn -0.707157 0.000000 0.707056
vn -0.707045 0.000000 0.707168
vn -0.707225 0.000000 0.706989
vn -0.707045 0.000000 0.707168
vn -0.706887 0.000000 0.707326
vn -0.707225 0.000000 0.706989
vn -0.706887 0.000000 0.707326
vn -0.707052 0.000007 0.707162
vn -0.707081 0.000003 0.707132
vn -0.707116 -0.000001 0.707098
vn -0.707071 0.000005 0.707143
vn -0.707150 -0.000004 0.707063
vn -0.707199 -0.000012 0.707015
vn -0.707074 0.000002 0.707140
vn -0.707106 -0.000001 0.707107
vn -0.707156 -0.000004 0.707058
vn -0.707022 0.000008 0.707192
vn -0.707099 0.000000 0.707115
vn -0.707084 0.000002 0.707130
vn -0.707054 0.000005 0.707160
vn -0.707182 -0.000007 0.707032
vn -0.707114 0.000000 0.707099
vn -0.707129 -0.000001 0.707084
vn -0.707106 0.000001 0.707107
vn -0.707013 0.000011 0.707201
vn -0.707129 -0.000000 0.707084
vn -0.707190 -0.000010 0.707024
vn -0.707083 0.000002 0.707130
vn -0.707065 0.000004 0.707149
vn -0.707145 -0.000005 0.707068
vn -0.707186 -0.000010 0.707027
vn -0.707000 0.000013 0.707214
vn -0.707085 0.000002 0.707129
vn -0.707158 -0.000005 0.707055
vn -0.707204 -0.000012 0.707009
vn -0.707121 -0.000001 0.707093
vn -0.707121 0.000001 0.707093
vn -0.707138 -0.000000 0.707076
vn -0.707090 0.000002 0.707123
vn -0.707170 -0.000009 0.707044
vn -0.707093 0.000000 0.707121
vn -0.707067 0.000002 0.707147
vn -0.707032 0.000011 0.707181
vn -0.707061 0.000007 0.707153
vn -0.707107 0.000000 0.707107
vn -0.707029 0.000011 0.707185
vn -0.707135 -0.000001 0.707079
vn -0.707136 -0.000001 0.707077
vn -0.707108 -0.000001 0.707105
vn -0.707196 -0.000013 0.707017
vn -0.707079 0.000001 0.707134
vn -0.707078 0.000001 0.707136
vn -0.706967 0.000020 0.707247
vn -0.707231 -0.000017 0.706982
vn -0.707134 -0.000002 0.707079
vn -0.707078 0.000001 0.707136
vn -0.707321 -0.000030 0.706893
vn -0.706983 0.000018 0.707230
vn -0.707093 -0.000002 0.707120
vn -0.707126 -0.000003 0.707088
vn -0.707185 -0.000011 0.707029
vn -0.706840 0.000040 0.707374
vn -0.707093 0.000001 0.707120
vn -0.707145 0.000001 0.707069
vn -0.707184 -0.000011 0.707030
vn -0.706990 0.000018 0.707224
vn -0.707049 -0.000002 0.707164
vn -0.706992 0.000018 0.707222
vn -0.707093 0.000002 0.707120
vn -0.707145 -0.000001 0.707069
vn -0.707134 0.000002 0.707079
vn -0.707126 0.000003 0.707088
vn -0.707078 -0.000001 0.707136
vn -0.707079 -0.000001 0.707134
vn -0.707135 0.000001 0.707079
vn -0.707078 -0.000001 0.707136
vn -0.707136 0.000001 0.707077
vn -0.707093 -0.000000 0.707121
vn -0.707107 -0.000000 0.707107
vn -0.707121 -0.000001 0.707093
vn -0.707067 -0.000002 0.707147
vn -0.707085 -0.000002 0.707129
vn -0.707138 0.000000 0.707076
vn -0.707145 0.000005 0.707068
vn -0.707158 0.000005 0.707055
vn -0.707065 -0.000004 0.707149
vn -0.707114 -0.000000 0.707099
vn -0.707129 0.000000 0.707084
vn -0.707099 -0.000000 0.707115
vn -0.707129 0.000001 0.707084
vn -0.707084 -0.000002 0.707130
vn -0.707074 -0.000002 0.707140
vn -0.707106 0.000001 0.707107
vn -0.707150 0.000004 0.707063
vn -0.707071 -0.000005 0.707143
vn -0.707052 -0.000007 0.707162
vn -0.707081 -0.000003 0.707132
vn -0.707116 0.000001 0.707097
vn -0.707199 0.000012 0.707015
vn -0.707022 -0.000008 0.707192
vn -0.707156 0.000004 0.707058
vn -0.707182 0.000007 0.707032
vn -0.707054 -0.000005 0.707160
vn -0.707013 -0.000011 0.707201
vn -0.707106 -0.000001 0.707107
vn -0.707190 0.000010 0.707024
vn -0.707083 -0.000002 0.707130
vn -0.707000 -0.000013 0.707214
vn -0.707186 0.000010 0.707027
vn -0.707204 0.000012 0.707009
vn -0.707121 0.000001 0.707093
vn -0.707090 -0.000002 0.707123
vn -0.707170 0.000009 0.707044
vn -0.707032 -0.000011 0.707181
vn -0.707061 -0.000007 0.707153
vn -0.707029 -0.000011 0.707185
vn -0.707196 0.000013 0.707017
vn -0.707108 0.000001 0.707105
vn -0.706966 -0.000020 0.707248
vn -0.707231 0.000017 0.706982
vn -0.707320 0.000030 0.706893
vn -0.706983 -0.000018 0.707230
vn -0.706839 -0.000039 0.707374
vn -0.707185 0.000011 0.707029
vn -0.707184 0.000011 0.707030
vn -0.706990 -0.000018 0.707224
vn -0.706992 -0.000018 0.707221
vn -0.707204 0.000005 0.707009
vn -0.706844 -0.000040 0.707370
vn -0.707312 0.000032 0.706901
vn -0.706971 -0.000021 0.707242
vn -0.707109 0.000000 0.707105
vn -0.707193 0.000014 0.707021
vn -0.707032 -0.000012 0.707182
vn -0.707062 -0.000007 0.707152
vn -0.707166 0.000011 0.707047
vn -0.707198 0.000016 0.707016
vn -0.707007 -0.000018 0.707207
vn -0.707184 0.000015 0.707029
vn -0.707020 -0.000017 0.707194
vn -0.707175 0.000014 0.707039
vn -0.707029 -0.000016 0.707184
vn -0.707193 0.000019 0.707021
vn -0.707083 -0.000006 0.707130
vn -0.707073 -0.000008 0.707141
vn -0.707107 0.000000 0.707107
vn -0.707085 -0.000005 0.707128
vn -0.707127 0.000006 0.707086
vn -0.707127 0.000006 0.707087
vn -0.707067 -0.000011 0.707146
vn -0.707155 0.000014 0.707059
vn -0.707135 0.000009 0.707078
vn -0.707069 -0.000012 0.707144
vn -0.707107 0.000000 0.707107
vn -0.707135 0.000009 0.707079
vn -0.707079 -0.000010 0.707135
vn -0.707079 -0.000010 0.707135
vn -0.707126 0.000007 0.707088
vn -0.707145 0.000015 0.707069
vn -0.707079 0.000010 0.707135
vn -0.707079 0.000010 0.707135
vn -0.707135 -0.000009 0.707079
vn -0.707107 0.000000 0.707107
vn -0.707069 0.000012 0.707144
vn -0.707135 -0.000009 0.707078
vn -0.707155 -0.000014 0.707059
vn -0.707067 0.000011 0.707146
vn -0.707127 -0.000006 0.707087
vn -0.707127 -0.000006 0.707086
vn -0.707085 0.000005 0.707128
vn -0.707107 -0.000000 0.707107
vn -0.707073 0.000008 0.707141
vn -0.707083 0.000006 0.707130
vn -0.707193 -0.000019 0.707021
vn -0.707029 0.000016 0.707184
vn -0.707175 -0.000014 0.707039
vn -0.707020 0.000017 0.707194
vn -0.707184 -0.000015 0.707029
vn -0.707007 0.000018 0.707207
vn -0.707198 -0.000016 0.707016
vn -0.707166 -0.000010 0.707047
vn -0.707109 -0.000000 0.707105
vn -0.707062 0.000007 0.707152
vn -0.707032 0.000012 0.707182
vn -0.707193 -0.000014 0.707021
vn -0.706971 0.000021 0.707242
vn -0.707312 -0.000032 0.706901
vn -0.706844 0.000040 0.707370
vn -0.707204 -0.000005 0.707009
vn -0.707107 -0.000000 0.707107
vn -0.707049 0.000023 0.707164
vn -0.707145 -0.000015 0.707069
vn -0.707126 -0.000007 0.707088
vn -0.707111 0.000000 0.707103
vn -0.706407 0.000033 0.707806
vn -0.707358 -0.000012 0.706856
vn -0.706935 0.000008 0.707278
vn -0.706134 -0.000024 0.708079
vn -0.707403 0.000007 0.706810
vn -0.707121 0.000000 0.707092
vn -0.705367 -0.000003 0.708842
vn -0.707472 0.000000 0.706741
vn -0.706235 -0.000027 0.707978
vn -0.707388 0.000009 0.706825
vn -0.707118 0.000000 0.707096
vn -0.705367 -0.000003 0.708842
vn -0.707472 0.000000 0.706741
vn -0.706372 -0.000032 0.707841
vn -0.707364 0.000011 0.706849
vn -0.706932 -0.000008 0.707282
vn -0.707206 0.000005 0.707008
vn -0.707108 0.000000 0.707106
vn -0.707188 0.000011 0.707025
vn -0.706823 -0.000038 0.707390
vn -0.707111 0.000000 0.707103
vn -0.706136 0.000024 0.708076
vn -0.707403 -0.000007 0.706810
vn -0.707121 -0.000000 0.707093
vn -0.706237 0.000027 0.707975
vn -0.707388 -0.000009 0.706825
vn -0.707118 -0.000000 0.707096
vn -0.706372 0.000032 0.707841
vn -0.707364 -0.000011 0.706849
vn -0.706931 0.000008 0.707282
vn -0.707205 -0.000005 0.707008
vn -0.707108 -0.000000 0.707106
vn -0.707185 -0.000011 0.707028
vn -0.706823 0.000038 0.707391
vn -0.706407 -0.000033 0.707806
vn -0.707358 0.000012 0.706856
vn -0.706935 -0.000008 0.707279
vn -0.705367 0.000003 0.708842
vn -0.707472 0.000000 0.706741
vn -0.705367 0.000003 0.708842
vn -0.707472 0.000000 0.706741
vn 0.000000 0.000000 1.000000
vn 0.000000 0.000000 1.000000
vn 1.000000 0.000000 0.000000
vn 1.000000 -0.000000 0.000000
vn 0.000000 0.000000 1.000000
vn 0.000000 0.000000 1.000000
vn 0.000000 0.000000 1.000000
vn 0.000000 0.000000 1.000000
vn 0.000000 0.000000 1.000000
vn 0.000000 0.000000 1.000000
vn 0.000000 0.000000 1.000000
vn 0.000000 0.000000 1.000000
vn 0.000000 0.000000 1.000000
vn 0.000000 0.000000 1.000000
vn 0.000000 0.000000 1.000000
vn 0.000000 0.000000 1.000000
vn 0.000000 0.000000 1.000000
vn 0.000000 0.000000 1.000000
vn 0.000000 0.000000 1.000000
vn 0.000000 0.000000 1.000000
vn 0.000000 0.000000 1.000000
vn 0.000000 0.000000 1.000000
vn 0.000000 0.000000 1.000000
vn 0.000000 0.000000 1.000000
vn 0.000000 0.000000 1.000000
vn 0.000000 0.000000 1.000000
vn 0.000000 0.000000 1.000000
vn 0.000000 0.000000 1.000000
vn 0.000000 0.000000 1.000000
vn 0.000000 0.000000 1.000000
vn 0.000000 0.000000 1.000000
vn 0.000000 0.000000 1.000000
vn 0.000000 0.000000 1.000000
vn 0.000000 0.000000 1.000000
vn 0.000000 0.000000 1.000000
vn 0.000000 0.000000 1.000000
vn 0.000000 0.000000 1.000000
vn 0.000000 0.000000 1.000000
vn 0.000000 0.000000 1.000000
vn 0.000000 0.000000 1.000000
vn 0.000000 0.000000 1.000000
vn 0.000000 0.000000 1.000000
vn 0.000000 0.000000 1.000000
vn 0.000000 0.000000 1.000000
vn 0.000000 0.000000 1.000000
vn 0.000000 0.000000 1.000000
vn 0.000000 0.000000 1.000000
vn 0.000000 0.000000 1.000000
vn 0.000000 0.000000 1.000000
vn 0.000000 0.000000 1.000000
vn 0.000000 0.000000 1.000000
vn 0.000000 0.000000 1.000000
vn 0.000000 0.000000 1.000000
vn 0.000000 0.000000 1.000000
vn 0.000000 0.000000 1.000000
vn 0.000000 0.000000 1.000000
vn 0.000000 0.000000 1.000000
vn 0.000000 0.000000 1.000000
vn 0.000000 0.000000 1.000000
vn 0.000000 0.000000 1.000000
vn 0.000000 0.000000 1.000000
vn 0.000000 0.000000 1.000000
vn 0.000000 0.000000 1.000000
vn 0.000000 0.000000 1.000000
vn 0.000000 0.000000 1.000000
vn 0.000000 0.000000 1.000000
vn 0.000000 0.000000 1.000000
vn 0.000000 0.000000 1.000000
vn 0.000000 0.000000 1.000000
vn 0.000000 0.000000 1.000000
vn 0.000000 0.000000 1.000000
vn 0.000000 0.000000 1.000000
vn 0.000000 0.000000 1.000000
vn 0.000000 0.000000 1.000000
vn 0.000000 0.000000 1.000000
vn 0.000000 0.000000 1.000000
vn 0.000000 0.000000 1.000000
vn 0.000000 0.000000 1.000000
vn 0.000000 0.000000 1.000000
vn 0.000000 0.000000 1.000000
vn 0.000000 0.000000 1.000000
vn 0.000000 0.000000 1.000000
vn 0.000000 0.000000 1.000000
vn 0.000000 0.000000 1.000000
vn 0.000000 0.000000 1.000000
vn 0.000000 0.000000 1.000000
vn 0.000000 0.000000 1.000000
vn 0.000000 0.000000 1.000000
vn 0.000000 0.000000 1.000000
vn 0.000000 0.000000 1.000000
vn 0.000000 0.000000 1.000000
vn 0.000000 0.000000 1.000000
vn 0.000000 0.000000 1.000000
vn 0.000000 0.000000 1.000000
vn 0.000000 0.000000 1.000000
vn 0.000000 0.000000 1.000000
vn 0.000000 0.000000 1.000000
vn 0.000000 0.000000 1.000000
vn 0.000000 0.000000 1.000000
vn 0.000000 0.000000 1.000000
vn 0.000000 0.000000 1.000000
vn 0.000000 0.000000 1.000000
vn 0.000000 0.000000 1.000000
vn 0.000000 0.000000 1.000000
vn 0.000000 0.000000 1.000000
vn 0.000000 0.000000 1.000000
vn 0.000000 0.000000 1.000000
vn 0.000000 0.000000 1.000000
vn 0.000000 0.000000 1.000000
vn 0.000000 0.000000 1.000000
vn 0.000000 0.000000 1.000000
vn 0.000000 0.000000 1.000000
vn 0.000000 0.000000 1.000000
vn 0.000000 0.000000 1.000000
vn 0.000000 0.000000 1.000000
vn 0.000000 0.000000 1.000000
vn 0.000000 0.000000 1.000000
vn 0.000000 0.000000 1.000000
vn 0.000000 0.000000 1.000000
vn 0.000000 0.000000 1.000000
vn 0.000000 0.000000 1.000000
vn 0.000000 0.000000 1.000000
vn 0.000000 0.000000 1.000000
vn 0.000000 0.000000 1.000000
vn 0.000000 0.000000 1.000000
vn 0.000000 0.000000 1.000000
vn 0.000000 0.000000 1.000000
vn 0.000000 0.000000 1.000000
vn 0.000000 0.000000 1.000000
vn 0.000000 0.000000 1.000000
vn 0.000000 0.000000 1.000000
vn 0.000000 0.000000 1.000000
vn 0.000000 0.000000 1.000000
vn 0.000000 0.000000 1.000000
vn 0.000000 0.000000 1.000000
vn 0.000000 0.000000 1.000000
vn 0.000000 0.000000 1.000000
vn 0.000000 0.000000 1.000000
vn 0.000000 0.000000 1.000000
vn 0.000000 0.000000 1.000000
vn 0.000000 0.000000 1.000000
vn 0.000000 0.000000 1.000000
vn 0.000000 0.000000 1.000000
vn 0.000000 0.000000 1.000000
vn 0.000000 0.000000 1.000000
vn 0.000000 0.000000 1.000000
vn 0.000000 0.000000 1.000000
vn 0.000000 0.000000 1.000000
vn 0.000000 0.000000 1.000000
vn 0.000000 0.000000 1.000000
vn 0.000000 0.000000 1.000000
vn 0.000000 0.000000 1.000000
vn 0.000000 0.000000 1.000000
vn 0.000000 0.000000 1.000000
vn 0.000000 0.000000 1.000000
vn 0.000000 0.000000 1.000000
vn 0.000000 0.000000 1.000000
vn 0.000000 0.000000 1.000000
vn 0.000000 0.000000 1.000000
vn 0.000000 0.000000 1.000000
vn 0.000000 0.000000 1.000000
vn 0.000000 0.000000 1.000000
vn 0.000000 0.000000 1.000000
vn 0.000000 0.000000 1.000000
vn 0.000000 0.000000 1.000000
vn 0.000000 0.000000 1.000000
vn 0.000000 0.000000 1.000000
vn 0.000000 0.000000 1.000000
vn 0.000000 0.000000 1.000000
vn 0.000000 0.000000 1.000000
vn 0.000000 0.000000 1.000000
vn 0.000000 0.000000 1.000000
vn 0.000000 0.000000 1.000000
vn 0.000000 0.000000 1.000000
vn 0.000000 0.000000 1.000000
vn 0.000000 0.000000 1.000000
vn 0.000000 0.000000 1.000000
vn 0.000000 0.000000 1.000000
vn 0.000000 0.000000 1.000000
vn 0.000000 0.000000 1.000000
vn 0.000000 0.000000 1.000000
vn 0.000000 0.000000 1.000000
vn 0.000000 0.000000 1.000000
vn 0.000000 0.000000 1.000000
vn 0.000000 0.000000 1.000000
vn 0.000000 0.000000 1.000000
vn 0.000000 0.000000 1.000000
vn 0.000000 0.000000 1.000000
vn 0.000000 0.000000 1.000000
vn 0.000000 0.000000 1.000000
vn 0.000000 0.000000 1.000000
vn 0.000000 0.000000 1.000000
vn 0.000000 0.000000 1.000000
vn 0.000000 0.000000 1.000000
vn 0.000000 0.000000 1.000000
vn 0.000000 0.000000 1.000000
vn 0.000000 0.000000 1.000000
vn 0.000000 0.000000 1.000000
vn 0.000000 0.000000 1.000000
vn 0.000000 0.000000 1.000000
vn 0.000000 0.000000 1.000000
vn 0.000000 0.000000 1.000000
vn 0.000000 0.000000 1.000000
vn 0.000000 0.000000 1.000000
vn 0.000000 0.000000 1.000000
vn 0.000000 0.000000 1.000000
vn 0.000000 0.000000 1.000000
vn 0.000000 0.000000 1.000000
vn 0.000000 0.000000 1.000000
vn 0.000000 0.000000 1.000000
vn 0.000000 0.000000 1.000000
vn 0.000000 0.000000 1.000000
vn 0.000000 0.000000 1.000000
vn 0.000000 0.000000 1.000000
vn 0.000000 0.000000 1.000000
vn 0.000000 0.000000 1.000000
vn 0.000000 0.000000 1.000000
vn 0.000000 0.000000 1.000000
vn 0.000000 0.000000 1.000000
vn 0.000000 0.000000 1.000000
vn 0.000000 0.000000 1.000000
vn 0.000000 0.000000 1.000000
vn 0.000000 0.000000 1.000000
vn 0.000000 0.000000 1.000000
vn 0.000000 0.000000 1.000000
vn 0.000000 0.000000 1.000000
vn 0.000000 0.000000 1.000000
vn 0.000000 0.000000 1.000000
vn 0.000000 0.000000 1.000000
vn 0.000000 0.000000 1.000000
vn 0.000000 0.000000 1.000000
vn 0.000000 0.000000 1.000000
vn 0.000000 0.000000 1.000000
vn 0.000000 0.000000 1.000000
vn 0.000000 0.000000 1.000000
vn 0.000000 0.000000 1.000000
vn 0.000000 0.000000 1.000000
vn 0.000000 0.000000 1.000000
vn 0.000000 0.000000 1.000000
vn 0.000000 0.000000 1.000000
vn 0.000000 0.000000 1.000000
vn 0.000000 0.000000 1.000000
vn 0.000000 0.000000 1.000000
vn 0.000000 0.000000 1.000000
vn 0.000000 0.000000 1.000000
vn 0.000000 0.000000 1.000000
vn 0.000000 0.000000 1.000000
vn 0.000000 0.000000 1.000000
vn 0.000000 0.000000 1.000000
vn 0.000000 0.000000 1.000000
vn 0.000000 0.000000 1.000000
vn 0.000000 0.000000 1.000000
vn 0.000000 0.000000 1.000000
vn 0.000000 0.000000 1.000000
vn 0.000000 0.000000 1.000000
vn 0.000000 0.000000 1.000000
vn 0.000000 0.000000 1.000000
vn 0.000000 0.000000 1.000000
vn 0.000000 0.000000 1.000000
vn 0.000000 0.000000 1.000000
vn 0.000000 0.000000 1.000000
vn 0.000000 0.000000 1.000000
vn 0.000000 0.000000 1.000000
vn 0.000000 0.000000 1.000000
vn 0.000000 0.000000 1.000000
vn 0.000000 0.000000 1.000000
vn 0.000000 0.000000 1.000000
vn 0.000000 0.000000 1.000000
vn 0.000000 0.000000 1.000000
vn 0.000000 0.000000 1.000000
vn 0.000000 0.000000 1.000000
vn 0.000000 0.000000 1.000000
vn 0.000000 0.000000 1.000000
vn 0.000000 0.000000 1.000000
vn 0.000000 0.000000 1.000000
vn 0.000000 0.000000 1.000000
vn 0.000000 0.000000 1.000000
vn 0.000000 0.000000 1.000000
vn 0.000000 0.000000 1.000000
vn 0.000000 0.000000 1.000000
vn 0.000000 0.000000 1.000000
vn 0.000000 0.000000 1.000000
vn 0.000000 0.000000 1.000000
vn 0.000000 0.000000 1.000000
vn 0.000000 0.000000 1.000000
vn 0.000000 0.000000 1.000000
vn 0.000000 0.000000 1.000000
vn 0.000000 0.000000 1.000000
vn 0.000000 0.000000 1.000000
vn 0.000000 0.000000 1.000000
vn 0.000000 0.000000 1.000000
vn 0.000000 0.000000 1.000000
vn 0.000000 0.000000 1.000000
vn 0.000000 0.000000 1.000000
vn 0.000000 0.000000 1.000000
vn 0.000000 0.000000 1.000000
vn 0.000000 0.000000 1.000000
vn 0.000000 0.000000 1.000000
vn 0.000000 0.000000 1.000000
vn 0.000000 0.000000 1.000000
vn 0.000000 0.000000 1.000000
vn 0.000000 0.000000 1.000000
vn 0.000000 0.000000 1.000000
vn 0.000000 0.000000 1.000000
vn 0.000000 0.000000 1.000000
vn 0.000000 0.000000 1.000000
vn 0.000000 0.000000 1.000000
vn 0.000000 0.000000 1.000000
vn 0.000000 0.000000 1.000000
vn 0.000000 0.000000 1.000000
vn 0.000000 0.000000 1.000000
vn 0.000000 0.000000 1.000000
vn 0.000000 0.000000 1.000000
vn 0.000000 0.000000 1.000000
vn 0.000000 0.000000 1.000000
vn 0.000000 0.000000 1.000000
vn 0.000000 0.000000 1.000000
vn 0.000000 0.000000 1.000000
vn 0.000000 0.000000 1.000000
vn 0.000000 0.000000 1.000000
vn 0.000000 0.000000 1.000000
vn 0.000000 0.000000 1.000000
vn 0.000000 0.000000 1.000000
vn 0.000000 0.000000 1.000000
vn 0.000000 0.000000 1.000000
vn 0.000000 0.000000 1.000000
vn 0.000000 0.000000 1.000000
vn 0.000000 0.000000 1.000000
vn 0.000000 0.000000 1.000000
vn 0.000000 0.000000 1.000000
vn 0.000000 0.000000 1.000000
vn 0.000000 0.000000 1.000000
vn 0.000000 0.000000 1.000000
vn 0.000000 0.000000 1.000000
vn 0.000000 0.000000 1.000000
vn 0.000000 0.000000 1.000000
vn 0.000000 0.000000 1.000000
vn 0.000000 0.000000 1.000000
vn 0.000000 0.000000 1.000000
vn 0.000000 0.000000 1.000000
vn 0.000000 0.000000 1.000000
vn 0.000000 0.000000 1.000000
vn 0.000000 0.000000 1.000000
vn 0.000000 0.000000 1.000000
vn 0.000000 0.000000 1.000000
vn 0.000000 0.000000 1.000000
vn 0.000000 0.000000 1.000000
vn 0.000000 0.000000 1.000000
vn 0.000000 0.000000 1.000000
vn 0.000000 0.000000 1.000000
vn 0.000000 0.000000 1.000000
vn 0.000000 0.000000 1.000000
vn 0.000000 0.000000 1.000000
vn 0.000000 0.000000 1.000000
vn 0.000000 0.000000 1.000000
vn 0.000000 0.000000 1.000000
vn 0.000000 0.000000 1.000000
vn 0.000000 0.000000 1.000000
vn 0.000000 0.000000 1.000000
vn 0.000000 0.000000 1.000000
vn 0.000000 0.000000 1.000000
vn 0.000000 0.000000 1.000000
vn 0.000000 0.000000 1.000000
vn 0.000000 0.000000 1.000000
vn 0.000000 0.000000 1.000000
vn 0.000000 0.000000 1.000000
vn 0.000000 0.000000 1.000000
vn 0.000000 0.000000 1.000000
vn 0.000000 0.000000 1.000000
vn 0.000000 0.000000 1.000000
vn 0.000000 0.000000 1.000000
vn 0.000000 0.000000 1.000000
vn 0.000000 0.000000 1.000000
vn 0.000000 0.000000 1.000000
vn 0.000000 0.000000 1.000000
vn 0.000000 0.000000 1.000000
vn 0.000000 0.000000 1.000000
vn 0.000000 0.000000 1.000000
vn 0.000000 0.000000 1.000000
vn 0.000000 0.000000 1.000000
vn 0.000000 0.000000 1.000000
vn 0.000000 0.000000 1.000000
vn 0.000000 0.000000 1.000000
vn 0.000000 0.000000 1.000000
vn 0.000000 0.000000 1.000000
vn 0.000000 0.000000 1.000000
vn 0.000000 0.000000 1.000000
vn 0.000000 0.000000 1.000000
vn 0.000000 0.000000 1.000000
vn 0.000000 0.000000 1.000000
vn 0.000000 0.000000 1.000000
vn 0.000000 0.000000 1.000000
vn 0.000000 0.000000 1.000000
vn 0.000000 0.000000 1.000000
vn 0.000000 0.000000 1.000000
vn 0.000000 0.000000 1.000000
vn 0.000000 0.000000 1.000000
vn 0.000000 0.000000 1.000000
vn 0.000000 0.000000 1.000000
vn 0.000000 0.000000 1.000000
vn 0.000000 0.000000 1.000000
vn 0.000000 0.000000 1.000000
vn 0.000000 0.000000 1.000000
vn 0.000000 0.000000 1.000000
vn 0.000000 0.000000 1.000000
vn 0.000000 0.000000 1.000000
vn 0.000000 0.000000 1.000000
vn 0.000000 0.000000 1.000000
vn 0.000000 0.000000 1.000000
vn 0.000000 0.000000 1.000000
vn 0.000000 0.000000 1.000000
vn 0.000000 0.000000 1.000000
vn 0.000000 0.000000 1.000000
vn 0.000000 0.000000 1.000000
vn 0.000000 0.000000 1.000000
vn 0.000000 0.000000 1.000000
vn 0.000000 0.000000 1.000000
vn 0.000000 0.000000 1.000000
vn 0.000000 0.000000 1.000000
vn 0.000000 0.000000 1.000000
vn 0.000000 0.000000 1.000000
vn 0.000000 0.000000 1.000000
vn 0.000000 0.000000 1.000000
vn 0.000000 0.000000 1.000000
vn 0.000000 0.000000 1.000000
vn 0.000000 0.000000 1.000000
vn 0.000000 0.000000 1.000000
vn 0.000000 0.000000 1.000000
vn 0.000000 0.000000 1.000000
vn 0.000000 0.000000 1.000000
vn 0.000000 0.000000 1.000000
vn 0.000000 0.000000 1.000000
vn 0.000000 0.000000 1.000000
vn 0.000000 0.000000 1.000000
vn 0.000000 0.000000 1.000000
vn 0.000000 0.000000 1.000000
vn 0.000000 0.000000 1.000000
vn 0.000000 0.000000 1.000000
vn 0.000000 0.000000 1.000000
vn 0.000000 0.000000 1.000000
vn 0.000000 0.000000 1.000000
vn 0.000000 0.000000 1.000000
vn 0.000000 0.000000 1.000000
vn 0.000000 0.000000 1.000000
vn 0.000000 0.000000 1.000000
vn 0.000000 0.000000 1.000000
vn 0.000000 0.000000 1.000000
vn 0.000000 0.000000 1.000000
vn 0.000000 0.000000 1.000000
vn 0.000000 0.000000 1.000000
vn 0.000000 0.000000 1.000000
vn 0.000000 0.000000 1.000000
vn 0.000000 0.000000 1.000000
vn 0.000000 0.000000 1.000000
vn 0.000000 0.000000 1.000000
vn 0.000000 0.000000 1.000000
vn 0.000000 0.000000 1.000000
vn 0.000000 0.000000 1.000000
vn 0.000000 0.000000 1.000000
vn 0.000000 0.000000 1.000000
vn 0.000000 0.000000 1.000000
vn 0.000000 0.000000 1.000000
vn 0.000000 0.000000 1.000000
vn 0.000000 0.000000 1.000000
vn 0.000000 0.000000 1.000000
vn 0.000000 0.000000 1.000000
vn 0.000000 0.000000 1.000000
vn 0.000000 0.000000 1.000000
vn 0.000000 0.000000 1.000000
vn 0.000000 0.000000 1.000000
vn 0.000000 0.000000 1.000000
vn 0.000000 0.000000 1.000000
vn 0.000000 0.000000 1.000000
vn 0.000000 0.000000 1.000000
vn 0.000000 0.000000 1.000000
vn 0.000000 0.000000 1.000000
vn 0.000000 0.000000 1.000000
vn 0.000000 0.000000 1.000000
vn 0.000000 0.000000 1.000000
vn 0.000000 0.000000 1.000000
vn 0.000000 0.000000 1.000000
vn 0.000000 0.000000 1.000000
vn 0.000000 0.000000 1.000000
vn 0.000000 0.000000 1.000000
vn 0.000000 0.000000 1.000000
vn 0.000000 0.000000 1.000000
vn 0.000000 0.000000 1.000000
vn 0.000000 0.000000 1.000000
vn 0.000000 0.000000 1.000000
vn 0.000000 0.000000 1.000000
vn 0.000000 0.000000 1.000000
vn 0.000000 0.000000 1.000000
vn 0.000000 0.000000 1.000000
vn 0.000000 0.000000 1.000000
vn 0.000000 0.000000 1.000000
vn 0.000000 0.000000 1.000000
vn 0.000000 0.000000 1.000000
vn 0.000000 0.000000 1.000000
vn 0.000000 0.000000 1.000000
vn 0.000000 0.000000 1.000000
vn 0.000000 0.000000 1.000000
vn 0.000000 0.000000 1.000000
vn 0.000000 0.000000 1.000000
vn 0.000000 0.000000 1.000000
vn 0.000000 0.000000 1.000000
vn 0.000000 0.000000 1.000000
vn 0.000000 0.000000 1.000000
vn 0.000000 0.000000 1.000000
vn 0.000000 0.000000 1.000000
vn 0.000000 0.000000 1.000000
vn 0.000000 0.000000 1.000000
vn 0.000000 0.000000 1.000000
vn 0.000000 0.000000 1.000000
vn 0.000000 0.000000 1.000000
vn 0.000000 0.000000 1.000000
vn 0.000000 0.000000 1.000000
vn 0.000000 0.000000 1.000000
vn 0.000000 0.000000 1.000000
vn 0.000000 0.000000 1.000000
vn 0.000000 0.000000 1.000000
vn 0.000000 0.000000 1.000000
vn 0.000000 0.000000 1.000000
vn 0.000000 0.000000 1.000000
vn 0.000000 0.000000 1.000000
vn 0.000000 0.000000 1.000000
vn 0.000000 0.000000 1.000000
vn 0.000000 0.000000 1.000000
vn 0.000000 0.000000 1.000000
vn 0.000000 0.000000 1.000000
vn 0.000000 0.000000 1.000000
vn 0.000000 0.000000 1.000000
vn 0.000000 0.000000 1.000000
vn 0.000000 0.000000 1.000000
vn 0.000000 0.000000 1.000000
vn 0.000000 0.000000 1.000000
vn 0.000000 0.000000 1.000000
vn 0.000000 0.000000 1.000000
vn 0.000000 0.000000 1.000000
vn 0.000000 0.000000 1.000000
vn 0.000000 0.000000 1.000000
vn 0.000000 0.000000 1.000000
vn 0.000000 0.000000 1.000000
vn 0.000000 0.000000 1.000000
vn 0.000000 0.000000 1.000000
vn 0.000000 0.000000 1.000000
vn 0.000000 0.000000 1.000000
vn 0.000000 0.000000 1.000000
vn 0.000000 0.000000 1.000000
vn 0.000000 0.000000 1.000000
vn 0.000000 0.000000 1.000000
vn 0.000000 0.000000 1.000000
vn 0.000000 0.000000 1.000000
vn 0.000000 0.000000 1.000000
vn 0.000000 0.000000 1.000000
vn 0.000000 0.000000 1.000000
vn 0.000000 0.000000 1.000000
vn 0.000000 0.000000 1.000000
vn 0.000000 0.000000 1.000000
vn 0.000000 0.000000 1.000000
vn 0.000000 0.000000 1.000000
vn 0.000000 0.000000 1.000000
vn 0.000000 0.000000 1.000000
vn 0.000000 0.000000 1.000000
vn 0.000000 0.000000 1.000000
vn 0.000000 0.000000 1.000000
vn 0.000000 0.000000 1.000000
vn 0.000000 0.000000 1.000000
vn 0.000000 0.000000 1.000000
vn 0.000000 0.000000 1.000000
vn 0.000000 0.000000 1.000000
vn 0.000000 0.000000 1.000000
vn 0.000000 0.000000 1.000000
vn 0.000000 0.000000 1.000000
vn 0.000000 0.000000 1.000000
vn 0.000000 0.000000 1.000000
vn 0.000000 0.000000 1.000000
vn 0.000000 0.000000 1.000000
vn 0.000000 0.000000 1.000000
vn 0.000000 0.000000 1.000000
vn 0.000000 0.000000 1.000000
vn 0.000000 0.000000 1.000000
vn 0.000000 0.000000 1.000000
vn 0.000000 0.000000 1.000000
vn 0.000000 0.000000 1.000000
vn 0.000000 0.000000 1.000000
vn 0.000000 0.000000 1.000000
vn 0.000000 0.000000 1.000000
vn 0.000000 0.000000 1.000000
vn 0.000000 0.000000 1.000000
vn 0.000000 0.000000 1.000000
vn 0.000000 0.000000 1.000000
vn 0.000000 0.000000 1.000000
vn 0.000000 0.000000 1.000000
vn 0.000000 0.000000 1.000000
vn 0.000000 0.000000 1.000000
vn 0.000000 0.000000 1.000000
vn 0.000000 0.000000 1.000000
vn 0.000000 0.000000 1.000000
vn 0.000000 0.000000 1.000000
vn 0.000000 0.000000 1.000000
vn 0.000000 0.000000 1.000000
vn 0.000000 0.000000 1.000000
vn 0.000000 0.000000 1.000000
vn 0.000000 0.000000 1.000000
vn 0.000000 0.000000 1.000000
vn 0.000000 0.000000 1.000000
vn 0.000000 0.000000 1.000000
vn 0.000000 0.000000 1.000000
vn 0.000000 0.000000 1.000000
vn 0.000000 0.000000 1.000000
vn 0.000000 0.000000 1.000000
vn 0.000000 0.000000 1.000000
vn 0.000000 0.000000 1.000000
vn 0.000000 0.000000 1.000000
vn 0.000000 0.000000 1.000000
vn 0.000000 0.000000 1.000000
vn 0.000000 0.000000 1.000000
vn 0.000000 0.000000 1.000000
vn 0.000000 0.000000 1.000000
vn 0.000000 0.000000 1.000000
vn 0.000000 0.000000 1.000000
vn 0.000000 0.000000 1.000000
vn 0.000000 0.000000 1.000000
vn 0.000000 0.000000 1.000000
vn 0.000000 0.000000 1.000000
vn 0.000000 0.000000 1.000000
vn 0.000000 0.000000 1.000000
vn 0.000000 0.000000 1.000000
vn 0.000000 0.000000 1.000000
vn 0.000000 0.000000 1.000000
vn 0.000000 0.000000 1.000000
vn 0.000000 0.000000 1.000000
vn 0.000000 0.000000 1.000000
vn 0.000000 0.000000 1.000000
vn 0.000000 0.000000 1.000000
vn 0.000000 0.000000 1.000000
vn 0.000000 0.000000 1.000000
vn 0.000000 0.000000 1.000000
vn 0.000000 0.000000 1.000000
vn 0.000000 0.000000 1.000000
vn 0.000000 0.000000 1.000000
vn 0.000000 0.000000 1.000000
vn 0.000000 0.000000 1.000000
vn 0.000000 0.000000 1.000000
vn 0.000000 0.000000 1.000000
vn 0.000000 0.000000 1.000000
vn 0.000000 0.000000 1.000000
vn 0.000000 0.000000 1.000000
vn 0.000000 0.000000 1.000000
vn 0.000000 0.000000 1.000000
vn 0.000000 0.000000 1.000000
vn 0.000000 0.000000 1.000000
vn 0.000000 0.000000 1.000000
vn 0.000000 0.000000 1.000000
vn 0.000000 0.000000 1.000000
vn 0.000000 0.000000 1.000000
vn 0.000000 0.000000 1.000000
vn 0.000000 0.000000 1.000000
vn 0.000000 0.000000 1.000000
vn 0.000000 0.000000 1.000000
vn 0.000000 0.000000 1.000000
vn 0.000000 0.000000 1.000000
vn -0.024808 0.999692 0.000000
vn -0.024808 0.999692 0.000000
vn -0.024808 0.999692 0.000000
vn -0.074363 0.997231 0.000000
vn -0.123734 0.992315 0.000000
vn -0.074363 0.997231 0.000000
vn -0.172801 0.984957 0.000000
vn -0.123734 0.992315 0.000000
vn -0.221443 0.975173 0.000000
vn -0.172801 0.984957 0.000000
vn -0.269539 0.962989 0.000000
vn -0.221443 0.975173 0.000000
vn -0.316973 0.948435 0.000000
vn -0.269539 0.962989 0.000000
vn -0.363625 0.931545 0.000000
vn -0.316973 0.948435 0.000000
vn -0.409382 0.912363 0.000000
vn -0.363625 0.931545 0.000000
vn -0.454134 0.890934 0.000000
vn -0.409382 0.912363 0.000000
vn -0.497764 0.867312 0.000000
vn -0.454134 0.890934 0.000000
vn -0.540169 0.841557 0.000000
vn -0.497764 0.867312 0.000000
vn -0.581248 0.813726 0.000000
vn -0.540169 0.841557 0.000000
vn -0.620894 0.783895 0.000000
vn -0.581248 0.813726 0.000000
vn -0.659011 0.752133 0.000000
vn -0.620894 0.783895 0.000000
vn -0.695504 0.718523 0.000000
vn -0.659011 0.752133 0.000000
vn -0.695504 0.718523 0.000000
vn -0.730291 0.683137 0.000000
vn -0.730291 0.683137 0.000000
vn -0.763272 0.646077 0.000000
vn -0.763272 0.646077 0.000000
vn -0.794379 0.607422 0.000000
vn -0.794379 0.607422 0.000000
vn -0.823530 0.567273 0.000000
vn -0.823530 0.567273 0.000000
vn -0.850656 0.525723 0.000000
vn -0.850656 0.525723 0.000000
vn -0.875680 0.482892 0.000000
vn -0.875680 0.482892 0.000000
vn -0.898558 0.438854 0.000000
vn -0.898558 0.438854 0.000000
vn -0.919216 0.393753 0.000000
vn -0.919216 0.393753 0.000000
vn -0.937617 0.347671 0.000000
vn -0.937617 0.347671 0.000000
vn -0.953708 0.300736 0.000000
vn -0.953708 0.300736 0.000000
vn -0.967450 0.253062 0.000000
vn -0.967450 0.253062 0.000000
vn -0.978811 0.204764 0.000000
vn -0.978811 0.204764 0.000000
vn -0.987764 0.155956 0.000000
vn -0.987764 0.155956 0.000000
vn -0.994283 0.106778 0.000000
vn -0.994283 0.106778 0.000000
vn -0.998355 0.057335 0.000000
vn -0.998355 0.057335 0.000000
vn -0.999970 0.007741 0.000000
vn -0.999970 0.007741 0.000000
vn -0.999123 -0.041873 0.000000
vn -0.999123 -0.041873 0.000000
vn -0.995817 -0.091372 0.000000
vn -0.995817 -0.091372 0.000000
vn -0.990059 -0.140654 0.000000
vn -0.990059 -0.140654 0.000000
vn -0.981862 -0.189595 0.000000
vn -0.971252 -0.238054 0.000000
vn -0.981862 -0.189595 0.000000
vn -0.958249 -0.285936 0.000000
vn -0.971252 -0.238054 0.000000
vn -0.942885 -0.333117 0.000000
vn -0.958249 -0.285936 0.000000
vn -0.925202 -0.379475 0.000000
vn -0.942885 -0.333117 0.000000
vn -0.905242 -0.424896 0.000000
vn -0.925202 -0.379475 0.000000
vn -0.905242 -0.424896 0.000000
vn -0.883052 -0.469275 0.000000
vn -0.883052 -0.469275 0.000000
vn -0.858690 -0.512495 0.000000
vn -0.858690 -0.512495 0.000000
vn -0.832664 -0.553779 0.000000
vn -0.858690 -0.512495 0.000000
vn -0.832664 -0.553779 0.000000
vn -0.805132 -0.593096 0.000000
vn -0.805132 -0.593096 0.000000
vn -0.775753 -0.631037 0.000000
vn -0.775753 -0.631037 0.000000
vn -0.744589 -0.667523 0.000000
vn -0.744589 -0.667523 0.000000
vn -0.711701 -0.702483 0.000000
vn -0.711701 -0.702483 0.000000
vn -0.677178 -0.735819 0.000000
vn -0.677178 -0.735819 0.000000
vn -0.641101 -0.767457 0.000000
vn -0.641101 -0.767457 0.000000
vn -0.603540 -0.797333 0.000000
vn -0.603540 -0.797333 0.000000
vn -0.564592 -0.825370 0.000000
vn -0.564592 -0.825370 0.000000
vn -0.524342 -0.851508 0.000000
vn -0.524342 -0.851508 0.000000
vn -0.482886 -0.875683 0.000000
vn -0.482886 -0.875683 0.000000
vn -0.440319 -0.897841 0.000000
vn -0.396735 -0.917933 0.000000
vn -0.440319 -0.897841 0.000000
vn -0.352239 -0.935910 0.000000
vn -0.396735 -0.917933 0.000000
vn -0.352239 -0.935910 0.000000
vn -0.306934 -0.951731 0.000000
vn -0.260914 -0.965362 0.000000
vn -0.306934 -0.951731 0.000000
vn -0.260914 -0.965362 0.000000
vn -0.214306 -0.976766 0.000000
vn -0.167191 -0.985925 0.000000
vn -0.214306 -0.976766 0.000000
vn -0.167191 -0.985925 0.000000
vn -0.119702 -0.992810 0.000000
vn -0.119702 -0.992810 0.000000
vn -0.071931 -0.997410 0.000000
vn -0.023993 -0.999712 0.000000
vn -0.071931 -0.997410 0.000000
vn -0.023993 -0.999712 0.000000
vn -1.000000 0.000000 0.000000
vn -1.000000 0.000000 0.000000
vn 0.000000 0.000000 1.000000
vn 0.000000 0.000000 1.000000
vn 0.000000 0.000000 1.000000
vn -0.000000 0.000000 1.000000
vn 1.000000 0.000000 0.000000
vn 1.000000 0.000000 0.000000
vn 1.000000 -0.000000 0.000000
vn -1.000000 0.000000 0.000000
vn -1.000000 0.000000 0.000000
vn -1.000000 0.000000 0.000000
vn 0.000000 0.707107 -0.707107
vn 0.000000 0.707107 -0.707107
vn 0.000000 0.000000 1.000000
vn 0.000000 0.000000 1.000000
vn -1.000000 0.000000 0.000000
vn -1.000000 0.000000 0.000000
vn -1.000000 0.000000 0.000000
vn 1.000000 -0.000000 0.000000
vn 1.000000 0.000000 0.000000
vn 1.000000 -0.000000 0.000000
vn 0.000000 0.000000 -1.000000
vn 0.000000 0.000000 -1.000000
vn 0.000000 0.707107 0.707107
vn 0.000000 0.707107 0.707107
vn 0.000000 0.000000 1.000000
vn 0.000000 0.000000 1.000000
vn 0.000000 1.000000 0.000000
vn 0.000000 1.000000 0.000000
vn 0.000000 1.000000 0.000000
vn 0.000000 1.000000 0.000000
vn 0.000000 0.000000 -1.000000
vn 0.000000 0.000000 -1.000000
vn 0.000000 1.000000 0.000000
vn 0.000000 1.000000 0.000000
vn 0.000000 0.000000 1.000000
vn 0.000000 0.000000 1.000000
vn 0.000000 0.000000 1.000000
vn -0.000000 -1.000000 0.000000
vn 0.000000 -1.000000 0.000000
vn 0.000000 -1.000000 0.000000
vn 0.000000 -1.000000 0.000000
vn 0.000000 -1.000000 0.000000
vn 0.000000 -1.000000 0.000000
vn 0.000002 -0.706896 -0.707317
vn -0.000001 -0.707116 -0.707098
vn -0.000000 -0.707150 -0.707064
vn -0.000000 -0.707138 -0.707076
vn -0.000001 -0.707102 -0.707112
vn 0.000000 -0.707107 -0.707107
vn 0.000000 -0.707120 -0.707093
vn 0.000000 -0.707106 -0.707108
vn 0.000000 -0.707098 -0.707116
vn -0.000000 -0.707100 -0.707113
vn 0.000000 -0.707115 -0.707099
vn -0.000000 -0.707113 -0.707101
vn -0.000000 -0.707106 -0.707107
vn 0.000000 -0.707101 -0.707112
vn 0.000000 -0.707096 -0.707117
vn 0.000000 -0.707107 -0.707107
vn 0.000000 -0.707112 -0.707102
vn -0.000000 -0.707107 -0.707107
vn -0.000000 -0.707111 -0.707103
vn -0.000000 -0.707111 -0.707103
vn -0.000000 -0.707107 -0.707107
vn -0.000000 -0.707103 -0.707110
vn 0.000000 -0.707107 -0.707107
vn -0.000000 -0.707104 -0.707110
vn -0.000000 -0.707107 -0.707107
vn -0.000000 -0.707107 -0.707107
vn -0.000000 -0.707104 -0.707110
vn -0.000000 -0.707107 -0.707107
vn -0.000000 -0.707109 -0.707104
vn -0.000000 -0.707107 -0.707107
vn 0.000000 -0.707107 -0.707107
vn 0.000000 -0.707107 -0.707107
vn 0.000000 -0.707109 -0.707105
vn 0.000000 -0.707107 -0.707107
vn 0.000000 -0.707105 -0.707109
vn 0.000000 -0.707107 -0.707107
vn 0.000000 -0.707105 -0.707108
vn -0.000000 -0.707107 -0.707107
vn -0.000000 -0.707110 -0.707103
vn -0.000000 -0.707107 -0.707107
vn -0.000000 -0.707107 -0.707107
vn -0.000000 -0.707105 -0.707109
vn -0.000000 -0.707110 -0.707103
vn -0.000000 -0.707105 -0.707108
vn 0.000000 -0.707108 -0.707106
vn 0.000000 -0.707107 -0.707107
vn 0.000000 -0.707106 -0.707108
vn -0.000000 -0.707103 -0.707110
vn -0.000000 -0.707110 -0.707103
vn 0.000000 -0.707105 -0.707108
vn 0.000000 -0.707107 -0.707107
vn 0.000000 -0.707108 -0.707105
vn 0.000000 -0.707104 -0.707110
vn 0.000000 -0.707107 -0.707107
vn -0.000000 -0.707109 -0.707105
vn -0.000000 -0.707107 -0.707107
vn 0.000000 -0.707108 -0.707106
vn 0.000000 -0.707107 -0.707107
vn 0.000000 -0.707106 -0.707108
vn 0.000000 -0.707106 -0.707108
vn -0.000000 -0.707108 -0.707106
vn 0.000000 -0.707107 -0.707107
vn -0.000000 -0.707107 -0.707106
vn 0.000000 -0.707107 -0.707107
vn 0.000000 -0.707106 -0.707107
vn 0.000000 -0.707107 -0.707107
vn -0.000000 -0.707105 -0.707109
vn -0.000000 -0.707108 -0.707106
vn -0.000000 -0.707105 -0.707108
vn -0.000000 -0.707107 -0.707106
vn 0.000000 -0.707110 -0.707104
vn -0.000000 -0.707107 -0.707107
vn 0.000000 0.000000 1.000000
vn 0.000000 -0.000000 1.000000
vn 0.000000 0.000000 1.000000
vn 0.000000 0.000000 1.000000
vn 0.000000 0.000000 1.000000
vn 0.000000 0.000000 1.000000
vn 0.000000 0.000000 1.000000
vn 0.000000 0.000000 1.000000
vn 0.000000 0.000000 1.000000
vn 0.000000 0.000000 1.000000
vn 0.000000 0.000000 1.000000
vn 0.000000 0.000000 1.000000
vn 0.000000 0.000000 1.000000
vn 0.000000 0.000000 1.000000
vn 0.000000 0.000000 1.000000
vn 0.000000 0.000000 1.000000
vn 0.000000 0.000000 1.000000
vn 0.000000 0.000000 1.000000
vn 0.000000 0.000000 1.000000
vn 0.000000 0.000000 1.000000
vn 0.000000 0.000000 1.000000
vn 0.000000 0.000000 1.000000
vn 0.000000 0.000000 1.000000
vn 0.000000 0.000000 1.000000
vn 0.000000 0.000000 1.000000
vn 0.000000 0.000000 1.000000
vn 0.000000 0.000000 1.000000
vn 0.000000 0.000000 1.000000
vn 0.000000 0.000000 1.000000
vn 0.000000 0.000000 1.000000
vn 0.000000 0.000000 1.000000
vn 0.000000 0.000000 1.000000
vn 0.000000 0.000000 1.000000
vn 0.000000 0.000000 1.000000
vn 0.000000 0.000000 1.000000
vn 0.000000 0.000000 1.000000
vn 0.000000 0.000000 1.000000
vn 0.000000 0.000000 1.000000
vn 0.000000 0.000000 1.000000
vn 0.000000 0.000000 1.000000
vn 0.000000 0.000000 1.000000
vn 0.000000 0.000000 1.000000
vn 0.000000 0.000000 1.000000
vn 0.000000 0.000000 1.000000
vn 0.000000 0.000000 1.000000
vn 0.000000 0.000000 1.000000
vn 0.000000 0.000000 1.000000
vn 0.000000 0.000000 1.000000
vn 0.000000 0.000000 1.000000
vn 0.000000 0.000000 1.000000
vn 0.000000 0.000000 1.000000
vn 0.000000 0.000000 1.000000
vn 0.000000 0.000000 1.000000
vn 0.000000 0.000000 1.000000
vn 0.000000 0.000000 1.000000
vn 0.000000 0.000000 1.000000
vn 0.000000 0.000000 1.000000
vn 0.000000 0.000000 1.000000
vn 0.000000 0.000000 1.000000
vn 0.000000 0.000000 1.000000
vn 0.000000 0.000000 1.000000
vn 0.000000 0.000000 1.000000
vn 0.000000 0.000000 1.000000
vn 0.000000 0.000000 1.000000
vn 0.000000 0.000000 1.000000
vn 0.000000 0.000000 1.000000
vn 0.000000 0.000000 1.000000
vn 0.000000 0.000000 1.000000
vn 0.000000 0.000000 1.000000
vn 0.000000 0.000000 1.000000
vn 0.000000 0.000000 1.000000
vn 0.000000 0.000000 1.000000
vn 0.000000 0.000000 1.000000
vn 0.000000 0.000000 1.000000
vn 0.000000 0.000000 1.000000
vn 0.000000 0.000000 1.000000
vn 0.000000 0.000000 1.000000
vn 0.000000 0.000000 1.000000
vn 0.000000 0.000000 1.000000
vn 0.000000 0.000000 1.000000
vn 0.000000 0.000000 1.000000
vn 0.000000 0.000000 1.000000
vn 0.000000 0.000000 1.000000
vn 0.000000 0.000000 1.000000
vn 0.000000 0.000000 1.000000
vn 0.000000 0.000000 1.000000
vn 0.000000 0.000000 1.000000
vn 0.000000 0.000000 1.000000
vn 0.000000 0.000000 1.000000
vn 0.000000 0.000000 1.000000
vn 0.000000 0.000000 1.000000
vn 0.000000 0.000000 1.000000
vn 0.000000 0.000000 1.000000
vn 0.000000 0.000000 1.000000
vn 0.000000 0.000000 1.000000
vn 0.000000 0.000000 1.000000
vn 0.000000 0.000000 1.000000
vn 0.000000 0.000000 1.000000
vn 0.000000 0.000000 1.000000
vn 0.000000 0.000000 1.000000
vn 0.000000 0.000000 1.000000
vn 0.000000 0.000000 1.000000
vn 0.000000 0.000000 1.000000
vn 0.000000 0.000000 1.000000
vn 0.000000 0.000000 1.000000
vn 0.000000 0.000000 1.000000
vn 0.000000 0.000000 1.000000
vn 0.000000 0.000000 1.000000
vn 0.000000 0.000000 1.000000
vn 0.000000 0.000000 1.000000
vn 0.000000 0.000000 1.000000
vn 0.000000 0.000000 1.000000
vn 0.000000 0.000000 1.000000
vn 0.000000 0.000000 1.000000
vn 0.000000 0.000000 1.000000
vn 0.000000 0.000000 1.000000
vn 0.000000 0.000000 1.000000
vn 0.000000 0.000000 1.000000
vn 0.000000 0.000000 1.000000
vn 0.000000 0.000000 1.000000
vn 0.000000 0.000000 1.000000
vn 0.000000 0.000000 1.000000
vn 0.000000 0.000000 1.000000
vn 0.000000 0.000000 1.000000
vn 0.000000 0.000000 1.000000
vn 0.000000 0.000000 1.000000
vn 0.000000 0.000000 1.000000
vn 0.000000 0.000000 1.000000
vn 0.000000 0.000000 1.000000
vn 0.000000 0.000000 1.000000
vn 0.000000 0.000000 1.000000
vn 0.000000 0.000000 1.000000
vn 0.000000 0.000000 1.000000
vn 0.000000 0.000000 1.000000
vn 0.000000 0.000000 1.000000
vn 0.000000 0.000000 1.000000
vn 0.000000 0.000000 1.000000
vn 0.000000 0.000000 1.000000
vn 0.000000 0.000000 1.000000
vn 0.000000 0.000000 1.000000
vn 0.000000 0.000000 1.000000
vn 0.000000 0.000000 1.000000
vn 0.000000 0.000000 1.000000
vn 0.000000 0.000000 1.000000
vn 0.000000 0.000000 1.000000
vn 0.000000 0.000000 1.000000
vn 0.000000 0.000000 1.000000
vn 0.000000 0.000000 1.000000
vn 0.000000 0.000000 1.000000
vn 0.000000 0.000000 1.000000
vn 0.000000 0.000000 1.000000
vn 0.000000 0.000000 1.000000
vn 0.000000 0.000000 1.000000
vn 0.000000 0.000000 1.000000
vn 0.000000 0.000000 1.000000
vn 0.000000 0.000000 1.000000
vn 0.000000 0.000000 1.000000
vn 0.000000 0.000000 1.000000
vn 0.000000 0.000000 1.000000
vn 0.000000 0.000000 1.000000
vn 0.000000 0.000000 1.000000
vn 0.000000 0.000000 1.000000
vn 0.000000 0.000000 1.000000
vn 0.000000 0.000000 1.000000
vn 0.000000 0.000000 1.000000
vn 0.000000 0.000000 1.000000
vn 0.000000 0.000000 1.000000
vn 0.000000 0.000000 1.000000
vn 0.000000 0.000000 1.000000
vn 0.000000 0.000000 1.000000
vn 0.000000 0.000000 1.000000
vn 0.000000 0.000000 1.000000
vn 0.000000 0.000000 1.000000
vn 0.000000 0.000000 1.000000
vn 0.000000 0.000000 1.000000
vn 0.000000 0.000000 1.000000
vn 0.000000 0.000000 1.000000
vn 0.000000 0.000000 1.000000
vn 0.000000 0.000000 1.000000
vn 0.000000 0.000000 1.000000
vn 0.000000 0.000000 1.000000
vn 0.000000 0.000000 1.000000
vn 0.000000 0.000000 1.000000
vn 0.000000 0.000000 1.000000
vn 0.000000 0.000000 1.000000
vn 0.000000 0.000000 1.000000
vn 0.000000 0.000000 1.000000
vn 0.000000 0.000000 1.000000
vn 0.000000 0.000000 1.000000
vn 0.000000 0.000000 1.000000
vn 0.000000 0.000000 1.000000
vn 0.000000 0.000000 1.000000
vn 0.000000 0.000000 1.000000
vn 0.000000 0.000000 1.000000
vn 0.000000 0.000000 1.000000
vn 0.000000 0.000000 1.000000
vn 0.000000 0.000000 1.000000
vn 0.000000 0.000000 1.000000
vn 0.000000 0.000000 1.000000
vn 0.000000 0.000000 1.000000
vn 0.000000 0.000000 1.000000
vn 0.000000 0.000000 1.000000
vn 0.000000 0.000000 1.000000
vn 0.000000 0.000000 1.000000
vn 0.000000 0.000000 1.000000
vn 0.000000 0.000000 1.000000
vn 0.000000 0.000000 1.000000
vn 0.000000 0.000000 1.000000
vn 0.000000 0.000000 1.000000
vn 0.000000 0.000000 1.000000
vn 0.000000 0.000000 1.000000
vn 0.000000 0.000000 1.000000
vn 0.000000 0.000000 1.000000
vn 0.000000 0.000000 1.000000
vn 0.000000 0.000000 1.000000
vn 0.000000 0.000000 1.000000
vn 0.000000 0.000000 1.000000
vn 0.000000 0.000000 1.000000
vn 0.000000 0.000000 1.000000
vn 0.000000 0.000000 1.000000
vn 0.000000 0.000000 1.000000
vn 0.000000 0.000000 1.000000
vn 0.000000 0.000000 1.000000
vn 0.000000 0.000000 1.000000
vn 0.000000 0.000000 1.000000
vn 0.000000 0.000000 1.000000
vn 0.000000 0.000000 1.000000
vn 0.000000 0.000000 1.000000
vn 0.000000 0.000000 1.000000
vn 0.000000 0.000000 1.000000
vn 0.000000 0.000000 1.000000
vn 0.000000 0.000000 1.000000
vn 0.000000 0.000000 1.000000
vn 0.000000 0.000000 1.000000
vn 0.000000 0.000000 1.000000
vn 0.000000 0.000000 1.000000
vn 0.000000 0.000000 1.000000
vn 0.000000 0.000000 1.000000
vn 0.000000 0.000000 1.000000
vn 0.000000 0.000000 1.000000
vn 0.000000 0.000000 1.000000
vn 0.000000 0.000000 1.000000
vn 0.000000 0.000000 1.000000
vn 0.000000 0.000000 1.000000
vn 0.000000 0.000000 1.000000
vn 0.000000 0.000000 1.000000
vn 0.000000 0.000000 1.000000
vn 0.000000 0.000000 1.000000
vn 0.000000 0.000000 1.000000
vn 0.000000 0.000000 1.000000
vn 0.000000 0.000000 1.000000
vn 0.000000 0.000000 1.000000
vn 0.000000 0.000000 1.000000
vn 0.000000 0.000000 1.000000
vn 0.000000 0.000000 1.000000
vn 0.000000 0.000000 1.000000
vn 0.000000 0.000000 1.000000
vn 0.000000 0.000000 1.000000
vn 0.000000 0.000000 1.000000
vn 0.000000 0.000000 1.000000
vn 0.000000 0.000000 1.000000
vn 0.000000 0.000000 1.000000
vn 0.000000 0.000000 1.000000
vn 0.000000 0.000000 1.000000
vn 0.000000 0.000000 1.000000
vn 0.000000 0.000000 1.000000
vn 0.000000 0.000000 1.000000
vn 0.000000 0.000000 1.000000
vn 0.000000 0.000000 1.000000
vn 0.000000 0.000000 1.000000
vn 0.000000 0.000000 1.000000
vn 0.000000 0.000000 1.000000
vn 0.000000 0.000000 1.000000
vn 0.000000 0.000000 1.000000
vn 0.000000 0.000000 1.000000
vn 0.000000 0.000000 1.000000
vn 0.000000 0.000000 1.000000
vn 0.000000 0.000000 1.000000
vn 0.000000 0.000000 1.000000
vn 0.000000 0.000000 1.000000
vn 0.000000 0.000000 1.000000
vn 0.000000 0.000000 1.000000
vn 0.000000 0.000000 1.000000
vn 0.000000 0.000000 1.000000
vn 0.000000 0.000000 1.000000
vn 0.000000 0.000000 1.000000
vn 0.000000 0.000000 1.000000
vn 0.000000 0.000000 1.000000
vn 0.000000 0.000000 1.000000
vn 0.000000 0.000000 1.000000
vn 0.000000 0.000000 1.000000
vn 0.000000 0.000000 1.000000
vn 0.000000 0.000000 1.000000
vn 0.000000 0.000000 1.000000
vn 0.000000 0.000000 1.000000
vn 0.000000 0.000000 1.000000
vn 0.000000 0.000000 1.000000
vn 0.000000 0.000000 1.000000
vn 0.000000 0.000000 1.000000
vn 0.000000 0.000000 1.000000
vn 0.000000 0.000000 1.000000
vn 0.000000 0.000000 1.000000
vn 0.000000 0.000000 1.000000
vn 0.000000 0.000000 1.000000
vn 0.000000 0.000000 1.000000
vn 0.000000 0.000000 1.000000
vn 0.000000 0.000000 1.000000
vn 0.000000 0.000000 1.000000
vn 0.000000 0.000000 1.000000
vn 0.000000 0.000000 1.000000
vn 0.000000 0.000000 1.000000
vn 0.000000 0.000000 1.000000
vn 0.000000 0.000000 1.000000
vn 0.000000 0.000000 1.000000
vn 0.000000 0.000000 1.000000
vn 0.000000 0.000000 1.000000
vn 0.000000 0.000000 1.000000
vn 0.000000 0.000000 1.000000
vn 0.000000 0.000000 1.000000
vn 0.000000 0.000000 1.000000
vn 0.000000 0.000000 1.000000
vn 0.000000 0.000000 1.000000
vn 0.000000 0.000000 1.000000
vn 0.000000 0.000000 1.000000
vn 0.000000 0.000000 1.000000
vn 0.000000 0.000000 1.000000
vn 0.000000 0.000000 1.000000
vn 0.000000 0.000000 1.000000
vn 0.000000 0.000000 1.000000
vn 0.000000 0.000000 1.000000
vn 0.000000 0.000000 1.000000
vn 0.000000 0.000000 1.000000
vn 0.000000 0.000000 1.000000
vn 0.000000 0.000000 1.000000
vn 0.000000 0.000000 1.000000
vn 0.000000 0.000000 1.000000
vn 0.000000 0.000000 1.000000
vn 0.000000 0.000000 1.000000
vn 0.000000 0.000000 1.000000
vn 0.000000 0.000000 1.000000
vn 0.000000 0.000000 1.000000
vn 0.000000 0.000000 1.000000
vn 0.000000 0.000000 1.000000
vn 0.000000 0.000000 1.000000
vn 0.000000 0.000000 1.000000
vn 0.000000 0.000000 1.000000
vn 0.000000 0.000000 1.000000
vn 0.000000 0.000000 1.000000
vn 0.000000 0.000000 1.000000
vn 0.000000 0.000000 1.000000
vn 0.000000 0.000000 1.000000
vn 0.000000 0.000000 1.000000
vn 0.000000 0.000000 1.000000
vn 0.000000 0.000000 1.000000
vn 0.000000 0.000000 1.000000
vn 0.000000 0.000000 1.000000
vn 0.000000 0.000000 1.000000
vn 0.000000 0.000000 1.000000
vn 0.000000 0.000000 1.000000
vn 0.000000 0.000000 1.000000
vn 0.000000 0.000000 1.000000
vn 0.000000 0.000000 1.000000
vn 0.000000 0.000000 1.000000
vn 0.000000 0.000000 1.000000
vn 0.000000 0.000000 1.000000
vn 0.000000 0.000000 1.000000
vn 0.000000 0.000000 1.000000
vn 0.000000 0.000000 1.000000
vn 0.000000 0.000000 1.000000
vn 0.000000 0.000000 1.000000
vn 0.000000 0.000000 1.000000
vn 0.000000 0.000000 1.000000
vn 0.000000 0.000000 1.000000
vn 0.000000 0.000000 1.000000
vn 0.000000 0.000000 1.000000
vn 0.000000 0.000000 1.000000
vn 0.000000 0.000000 1.000000
vn 0.000000 0.000000 1.000000
vn 0.000000 0.000000 1.000000
vn 0.000000 0.000000 1.000000
vn 0.000000 0.000000 1.000000
vn 0.000000 0.000000 1.000000
vn 0.000000 0.000000 1.000000
vn 0.000000 0.000000 1.000000
vn 0.000000 0.000000 1.000000
vn 0.000000 0.000000 1.000000
vn 0.000000 0.000000 1.000000
vn 0.000000 0.000000 1.000000
vn 0.000000 0.000000 1.000000
vn 0.000000 0.000000 1.000000
vn 0.000000 0.000000 1.000000
vn 0.000000 0.000000 1.000000
vn 0.000000 0.000000 1.000000
vn 0.000000 0.000000 1.000000
vn 0.000000 0.000000 1.000000
vn 0.000000 0.000000 1.000000
vn 0.000000 0.000000 1.000000
vn 0.000000 0.000000 1.000000
vn 0.000000 0.000000 1.000000
vn 0.000000 0.000000 1.000000
vn 0.000000 0.000000 1.000000
vn 0.000000 0.000000 1.000000
vn 0.000000 0.000000 1.000000
vn 0.000000 0.000000 1.000000
vn 0.000000 0.000000 1.000000
vn 0.000000 0.000000 1.000000
vn 0.000000 0.000000 1.000000
vn 0.000000 0.000000 1.000000
vn 0.000000 0.000000 1.000000
vn 0.000000 0.000000 1.000000
vn 0.000000 0.000000 1.000000
vn 0.000000 0.000000 1.000000
vn 0.000000 0.000000 1.000000
vn 0.000000 0.000000 1.000000
vn 0.000000 0.000000 1.000000
vn 0.000000 0.000000 1.000000
vn 0.000000 0.000000 1.000000
vn 0.000000 0.000000 1.000000
vn 0.000000 0.000000 1.000000
vn 0.000000 0.000000 1.000000
vn 0.000000 0.000000 1.000000
vn 0.000000 0.000000 1.000000
vn 0.000000 0.000000 1.000000
vn 0.000000 0.000000 1.000000
vn 0.000000 0.000000 1.000000
vn 0.000000 0.000000 1.000000
vn 0.000000 0.000000 1.000000
vn 0.000000 0.000000 1.000000
vn 0.000000 0.000000 1.000000
vn 0.000000 0.000000 1.000000
vn 0.000000 0.000000 1.000000
vn 0.000000 0.000000 1.000000
vn 0.000000 0.000000 1.000000
vn 0.000000 0.000000 1.000000
vn 0.000000 0.000000 1.000000
vn 0.000000 0.000000 1.000000
vn 0.000000 0.000000 1.000000
vn 0.000000 0.000000 1.000000
vn 0.000000 0.000000 1.000000
vn 0.000000 0.000000 1.000000
vn 0.000000 0.000000 1.000000
vn 0.000000 0.000000 1.000000
vn 0.000000 0.000000 1.000000
vn 0.000000 0.000000 1.000000
vn 0.000000 0.000000 1.000000
vn 0.000000 0.000000 1.000000
vn 0.000000 0.000000 1.000000
vn 0.000000 0.000000 1.000000
vn 0.000000 0.000000 1.000000
vn 0.000000 0.000000 1.000000
vn 0.000000 0.000000 1.000000
vn 0.000000 0.000000 1.000000
vn 0.000000 0.000000 1.000000
vn 0.000000 0.000000 1.000000
vn 0.000000 0.000000 1.000000
vn 0.000000 0.000000 1.000000
vn 0.000000 0.000000 1.000000
vn 0.000000 0.000000 1.000000
vn 0.000000 0.000000 1.000000
vn 0.000000 0.000000 1.000000
vn 0.000000 0.000000 1.000000
vn 0.000000 0.000000 1.000000
vn 0.000000 0.000000 1.000000
vn 0.000000 0.000000 1.000000
vn 0.000000 0.000000 1.000000
vn 0.000000 0.000000 1.000000
vn 0.000000 0.000000 1.000000
vn 0.000000 0.000000 1.000000
vn 0.000000 0.000000 1.000000
vn 0.000000 0.000000 1.000000
vn 0.000000 0.000000 1.000000
vn 0.000000 0.000000 1.000000
vn 0.000000 0.000000 1.000000
vn 0.000000 0.000000 1.000000
vn 0.000000 0.000000 1.000000
vn 0.000000 0.000000 1.000000
vn 0.000000 0.000000 1.000000
vn 0.000000 0.000000 1.000000
vn 0.000000 0.000000 1.000000
vn 0.000000 0.000000 1.000000
vn 0.000000 0.000000 1.000000
vn 0.000000 0.000000 1.000000
vn 0.000000 0.000000 1.000000
vn 0.000000 0.000000 1.000000
vn 0.000000 0.000000 1.000000
vn 0.000000 0.000000 1.000000
vn 0.000000 0.000000 1.000000
vn 0.000000 0.000000 1.000000
vn 0.000000 0.000000 1.000000
vn 0.000000 0.000000 1.000000
vn 0.000000 0.000000 1.000000
vn 0.000000 0.000000 1.000000
vn 0.000000 0.000000 1.000000
vn 0.000000 0.000000 1.000000
vn 0.000000 0.000000 1.000000
vn 0.000000 0.000000 1.000000
vn 0.000000 0.000000 1.000000
vn 0.000000 0.000000 1.000000
vn 0.000000 0.000000 1.000000
vn 0.000000 1.000000 0.000000
vn 0.000000 1.000000 0.000000
vn 0.000000 0.000000 1.000000
vn 0.000000 0.000000 1.000000
vn 0.000000 0.000000 1.000000
vn 0.000000 0.000000 1.000000
vn 0.000000 0.000000 1.000000
vn -0.706889 -0.024909 -0.706886
vn -0.706882 -0.024982 -0.706890
vn -0.705125 -0.074694 -0.705138
vn -0.705143 -0.074543 -0.705136
vn -0.701601 -0.124385 -0.701630
vn -0.701651 -0.124071 -0.701635
vn -0.696356 -0.173607 -0.696383
vn -0.696415 -0.173308 -0.696399
vn -0.689350 -0.222556 -0.689395
vn -0.689477 -0.222008 -0.689444
vn -0.680658 -0.270820 -0.680706
vn -0.680802 -0.270290 -0.680773
vn -0.670250 -0.318514 -0.670309
vn -0.670461 -0.317834 -0.670421
vn -0.658211 -0.365294 -0.658269
vn -0.658451 -0.364613 -0.658407
vn -0.644821 -0.410473 -0.644761
vn -0.644496 -0.411299 -0.644561
vn -0.629585 -0.455336 -0.629518
vn -0.629191 -0.456232 -0.629263
vn -0.612821 -0.498991 -0.612747
vn -0.612325 -0.500009 -0.612413
vn -0.594492 -0.541521 -0.594419
vn -0.593944 -0.542540 -0.594038
vn -0.574707 -0.582682 -0.574625
vn -0.574099 -0.583709 -0.574191
vn -0.553518 -0.622369 -0.553421
vn -0.552783 -0.623499 -0.552883
vn -0.530956 -0.660516 -0.530853
vn -0.530118 -0.661688 -0.530229
vn -0.507038 -0.697089 -0.506931
vn -0.506121 -0.698259 -0.506237
vn -0.481942 -0.731830 -0.481827
vn -0.480915 -0.733024 -0.481038
vn -0.455586 -0.764849 -0.455464
vn -0.454457 -0.766041 -0.454587
vn -0.428109 -0.795962 -0.427980
vn -0.426862 -0.797158 -0.427000
vn -0.399599 -0.825075 -0.399464
vn -0.398268 -0.826228 -0.398409
vn -0.370101 -0.852148 -0.369957
vn -0.368631 -0.853294 -0.368782
vn -0.338097 -0.878222 -0.338255
vn -0.339664 -0.877130 -0.339515
vn -0.306712 -0.900974 -0.306876
vn -0.308398 -0.899933 -0.308241
vn -0.276387 -0.920494 -0.276225
vn -0.274602 -0.921463 -0.274773
vn -0.241740 -0.939700 -0.241919
vn -0.243656 -0.938801 -0.243485
vn -0.208345 -0.955567 -0.208529
vn -0.210340 -0.954771 -0.210165
vn -0.174375 -0.969082 -0.174567
vn -0.176496 -0.968382 -0.176312
vn -0.140020 -0.980170 -0.140217
vn -0.142232 -0.979589 -0.142043
vn -0.105288 -0.988831 -0.105492
vn -0.107605 -0.988375 -0.107408
vn -0.070304 -0.995030 -0.070513
vn -0.072708 -0.994714 -0.072505
vn -0.035131 -0.998757 -0.035349
vn -0.037638 -0.998590 -0.037427
vn 0.000112 -1.000000 -0.000112
vn -0.002470 -0.999994 -0.002254
vn 0.035355 -0.998757 0.035126
vn 0.032698 -0.998923 0.032920
vn 0.070526 -0.995030 0.070291
vn 0.067788 -0.995378 0.068018
vn 0.105511 -0.988831 0.105269
vn 0.102716 -0.989369 0.102952
vn 0.137374 -0.980913 0.137618
vn 0.140243 -0.980170 0.139994
vn 0.171698 -0.970028 0.171945
vn 0.174598 -0.969082 0.174344
vn 0.205612 -0.956735 0.205867
vn 0.208567 -0.955567 0.208306
vn 0.238991 -0.941085 0.239252
vn 0.241963 -0.939700 0.241697
vn 0.271803 -0.923092 0.272073
vn 0.274825 -0.921463 0.274550
vn 0.303916 -0.902832 0.304187
vn 0.306935 -0.900974 0.306653
vn 0.335306 -0.880314 0.335584
vn 0.338319 -0.878222 0.338033
vn 0.368852 -0.853294 0.368561
vn 0.365842 -0.855634 0.366128
vn 0.395475 -0.828835 0.395768
vn 0.398488 -0.826228 0.398188
vn 0.427083 -0.797158 0.426779
vn 0.424129 -0.799986 0.424425
vn 0.454675 -0.766041 0.454369
vn 0.451757 -0.769126 0.452063
vn 0.481138 -0.733024 0.480815
vn 0.478215 -0.736425 0.478529
vn 0.506341 -0.698260 0.506016
vn 0.503547 -0.701833 0.503856
vn 0.553181 -0.623499 0.552485
vn 0.521717 -0.633547 0.571340
vn 0.522677 -0.633548 0.570461
vn 0.524931 -0.633478 0.568465
vn 0.527364 -0.633320 0.566386
vn 0.548458 -0.630947 0.548726
vn 0.574504 -0.583709 0.573785
vn 0.567863 -0.595218 0.568548
vn 0.594366 -0.542539 0.593616
vn 0.587770 -0.555179 0.588475
vn 0.612755 -0.500009 0.611982
vn 0.606310 -0.513714 0.607031
vn 0.629621 -0.456232 0.628832
vn 0.623388 -0.471011 0.624129
vn 0.644928 -0.411298 0.644129
vn 0.638960 -0.427181 0.639724
vn 0.658649 -0.365294 0.657832
vn 0.652983 -0.382360 0.653768
vn 0.670695 -0.318515 0.669863
vn 0.665445 -0.336618 0.666237
vn 0.681107 -0.270820 0.680258
vn 0.676301 -0.290076 0.677106
vn 0.685557 -0.242710 0.686370
vn 0.689797 -0.222555 0.688948
vn 0.693121 -0.194978 0.693950
vn 0.696802 -0.173607 0.695937
vn 0.702050 -0.124386 0.701180
vn 0.699054 -0.146608 0.699878
vn 0.703290 -0.097927 0.704126
vn 0.705568 -0.074694 0.704695
vn 0.707323 -0.024981 0.706449
vn 0.705840 -0.049023 0.706673
vn 0.707323 0.024981 0.706449
vn 0.706686 -0.000000 0.707528
vn 0.705568 0.074694 0.704695
vn 0.705840 0.049023 0.706673
vn 0.702050 0.124386 0.701180
vn 0.703291 0.097927 0.704126
vn 0.696802 0.173607 0.695937
vn 0.699054 0.146608 0.699878
vn 0.689797 0.222555 0.688948
vn 0.693121 0.194978 0.693950
vn 0.681107 0.270820 0.680258
vn 0.685557 0.242710 0.686370
vn 0.670695 0.318515 0.669863
vn 0.676301 0.290076 0.677106
vn 0.658649 0.365294 0.657832
vn 0.665445 0.336618 0.666237
vn 0.644928 0.411298 0.644129
vn 0.652983 0.382360 0.653768
vn 0.629621 0.456232 0.628832
vn 0.638960 0.427181 0.639724
vn 0.612755 0.500009 0.611982
vn 0.623388 0.471011 0.624129
vn 0.594366 0.542539 0.593616
vn 0.606310 0.513714 0.607031
vn 0.574504 0.583709 0.573785
vn 0.587770 0.555179 0.588475
vn 0.567863 0.595218 0.568548
vn 0.553181 0.623499 0.552485
vn 0.548458 0.630947 0.548726
vn 0.527364 0.633320 0.566386
vn 0.524931 0.633479 0.568465
vn 0.522677 0.633548 0.570460
vn 0.521716 0.633547 0.571341
vn 0.506341 0.698260 0.506016
vn 0.503547 0.701833 0.503856
vn 0.481138 0.733024 0.480815
vn 0.478215 0.736425 0.478528
vn 0.454675 0.766041 0.454369
vn 0.451757 0.769126 0.452063
vn 0.427083 0.797158 0.426779
vn 0.424129 0.799986 0.424425
vn 0.398488 0.826228 0.398188
vn 0.395475 0.828835 0.395768
vn 0.368852 0.853294 0.368561
vn 0.365842 0.855634 0.366128
vn 0.338319 0.878222 0.338033
vn 0.335306 0.880314 0.335584
vn 0.306935 0.900974 0.306653
vn 0.303916 0.902832 0.304187
vn 0.274825 0.921463 0.274550
vn 0.271803 0.923092 0.272073
vn 0.241963 0.939700 0.241697
vn 0.238991 0.941085 0.239252
vn 0.208567 0.955567 0.208306
vn 0.205612 0.956735 0.205867
vn 0.174598 0.969082 0.174344
vn 0.171698 0.970028 0.171945
vn 0.140243 0.980170 0.139994
vn 0.137374 0.980913 0.137618
vn 0.105511 0.988831 0.105269
vn 0.102716 0.989369 0.102952
vn 0.070526 0.995030 0.070291
vn 0.067788 0.995378 0.068018
vn 0.035355 0.998757 0.035126
vn 0.032698 0.998923 0.032920
vn 0.000112 1.000000 -0.000112
vn -0.002470 0.999994 -0.002254
vn -0.035131 0.998757 -0.035349
vn -0.037638 0.998590 -0.037427
vn -0.070304 0.995030 -0.070513
vn -0.072708 0.994714 -0.072505
vn -0.105288 0.988831 -0.105492
vn -0.107605 0.988375 -0.107408
vn -0.140020 0.980170 -0.140217
vn -0.174375 0.969082 -0.174567
vn -0.142232 0.979589 -0.142043
vn -0.176496 0.968382 -0.176312
vn -0.208345 0.955567 -0.208529
vn -0.241740 0.939700 -0.241919
vn -0.210340 0.954771 -0.210165
vn -0.274602 0.921463 -0.274773
vn -0.243656 0.938801 -0.243485
vn -0.306712 0.900974 -0.306876
vn -0.276387 0.920494 -0.276225
vn -0.338097 0.878222 -0.338255
vn -0.308398 0.899933 -0.308241
vn -0.368631 0.853294 -0.368782
vn -0.339664 0.877130 -0.339515
vn -0.370101 0.852148 -0.369957
vn -0.398268 0.826228 -0.398409
vn -0.399599 0.825075 -0.399464
vn -0.426862 0.797158 -0.427000
vn -0.428109 0.795962 -0.427980
vn -0.454457 0.766041 -0.454587
vn -0.455586 0.764849 -0.455464
vn -0.480915 0.733024 -0.481038
vn -0.481942 0.731830 -0.481827
vn -0.506121 0.698259 -0.506237
vn -0.507038 0.697089 -0.506931
vn -0.530118 0.661688 -0.530229
vn -0.530956 0.660516 -0.530853
vn -0.552783 0.623499 -0.552883
vn -0.553518 0.622369 -0.553421
vn -0.574099 0.583709 -0.574191
vn -0.574707 0.582682 -0.574625
vn -0.593944 0.542540 -0.594038
vn -0.594492 0.541521 -0.594419
vn -0.612325 0.500009 -0.612413
vn -0.612821 0.498991 -0.612747
vn -0.629191 0.456232 -0.629263
vn -0.629585 0.455336 -0.629518
vn -0.644496 0.411299 -0.644561
vn -0.644821 0.410473 -0.644761
vn -0.658211 0.365294 -0.658269
vn -0.658451 0.364613 -0.658407
vn -0.670250 0.318514 -0.670309
vn -0.680658 0.270820 -0.680706
vn -0.670461 0.317834 -0.670421
vn -0.689350 0.222556 -0.689395
vn -0.680802 0.270290 -0.680773
vn -0.696356 0.173607 -0.696383
vn -0.689477 0.222008 -0.689444
vn -0.701601 0.124385 -0.701630
vn -0.696415 0.173308 -0.696399
vn -0.705125 0.074694 -0.705138
vn -0.701651 0.124071 -0.701635
vn -0.706882 0.024982 -0.706890
vn -0.705143 0.074543 -0.705136
vn -0.706889 0.024909 -0.706886
vn 0.527976 -0.665511 0.527576
vn 0.529977 -0.661688 0.530371
vn 0.527976 0.665511 0.527576
vn 0.529977 0.661688 0.530371
vn 0.000000 0.000000 1.000000
vn 0.000000 0.000000 1.000000
vn 0.000000 0.000000 1.000000
vn 0.000000 0.000000 1.000000
vn 0.000000 0.000000 1.000000
vn 0.000000 0.000000 1.000000
vn 0.000000 0.000000 1.000000
vn 0.000000 0.000000 1.000000
vn -0.706889 -0.024909 -0.706886
vn -0.706882 -0.024982 -0.706890
vn -0.705125 -0.074694 -0.705138
vn -0.705143 -0.074543 -0.705136
vn -0.701602 -0.124384 -0.701630
vn -0.701651 -0.124072 -0.701635
vn -0.696356 -0.173609 -0.696382
vn -0.696415 -0.173308 -0.696398
vn -0.689350 -0.222553 -0.689396
vn -0.689478 -0.222005 -0.689445
vn -0.680658 -0.270823 -0.680705
vn -0.680801 -0.270293 -0.680772
vn -0.670250 -0.318514 -0.670309
vn -0.670461 -0.317834 -0.670420
vn -0.658210 -0.365298 -0.658268
vn -0.658453 -0.364608 -0.658408
vn -0.644821 -0.410473 -0.644762
vn -0.644497 -0.411293 -0.644562
vn -0.629583 -0.455341 -0.629516
vn -0.629191 -0.456232 -0.629262
vn -0.612826 -0.498979 -0.612751
vn -0.612324 -0.500009 -0.612413
vn -0.594489 -0.541527 -0.594417
vn -0.593948 -0.542533 -0.594040
vn -0.574711 -0.582675 -0.574628
vn -0.574091 -0.583722 -0.574185
vn -0.553513 -0.622375 -0.553418
vn -0.552787 -0.623492 -0.552887
vn -0.530960 -0.660509 -0.530857
vn -0.530118 -0.661688 -0.530230
vn -0.507028 -0.697103 -0.506922
vn -0.506127 -0.698253 -0.506240
vn -0.481943 -0.731830 -0.481825
vn -0.480910 -0.733030 -0.481032
vn -0.455587 -0.764849 -0.455463
vn -0.454458 -0.766041 -0.454586
vn -0.428122 -0.795949 -0.427991
vn -0.426861 -0.797158 -0.427001
vn -0.399591 -0.825082 -0.399459
vn -0.398275 -0.826222 -0.398415
vn -0.370109 -0.852142 -0.369963
vn -0.368615 -0.853307 -0.368769
vn -0.338105 -0.878216 -0.338262
vn -0.339655 -0.877136 -0.339509
vn -0.306712 -0.900974 -0.306876
vn -0.308398 -0.899933 -0.308241
vn -0.276387 -0.920494 -0.276225
vn -0.274593 -0.921468 -0.274765
vn -0.241758 -0.939692 -0.241936
vn -0.243655 -0.938801 -0.243486
vn -0.208326 -0.955575 -0.208512
vn -0.210341 -0.954771 -0.210164
vn -0.174384 -0.969079 -0.174576
vn -0.176495 -0.968382 -0.176313
vn -0.140020 -0.980170 -0.140217
vn -0.142232 -0.979589 -0.142043
vn -0.105289 -0.988831 -0.105491
vn -0.107596 -0.988377 -0.107399
vn -0.070305 -0.995030 -0.070512
vn -0.072709 -0.994714 -0.072504
vn -0.035131 -0.998757 -0.035349
vn -0.037648 -0.998590 -0.037436
vn 0.000112 -1.000000 -0.000112
vn -0.002470 -0.999994 -0.002254
vn 0.035354 -0.998757 0.035127
vn 0.032707 -0.998922 0.032930
vn 0.070525 -0.995030 0.070292
vn 0.067787 -0.995378 0.068019
vn 0.105511 -0.988831 0.105268
vn 0.102696 -0.989373 0.102933
vn 0.137384 -0.980910 0.137626
vn 0.140243 -0.980170 0.139994
vn 0.171689 -0.970031 0.171936
vn 0.174609 -0.969079 0.174351
vn 0.205622 -0.956732 0.205874
vn 0.208549 -0.955575 0.208289
vn 0.238982 -0.941090 0.239244
vn 0.241981 -0.939692 0.241712
vn 0.271813 -0.923087 0.272079
vn 0.274817 -0.921468 0.274542
vn 0.303916 -0.902832 0.304187
vn 0.306935 -0.900974 0.306653
vn 0.335313 -0.880309 0.335592
vn 0.338326 -0.878216 0.338040
vn 0.368837 -0.853307 0.368547
vn 0.365835 -0.855640 0.366121
vn 0.395474 -0.828835 0.395769
vn 0.398495 -0.826222 0.398195
vn 0.427082 -0.797158 0.426780
vn 0.424135 -0.799980 0.424431
vn 0.454675 -0.766041 0.454369
vn 0.451751 -0.769132 0.452058
vn 0.481132 -0.733030 0.480810
vn 0.478215 -0.736425 0.478529
vn 0.506345 -0.698253 0.506021
vn 0.503546 -0.701833 0.503857
vn 0.553186 -0.623492 0.552488
vn 0.521711 -0.633540 0.571354
vn 0.522671 -0.633541 0.570474
vn 0.525159 -0.633464 0.568271
vn 0.527593 -0.633305 0.566190
vn 0.548452 -0.630955 0.548722
vn 0.574498 -0.583721 0.573778
vn 0.567860 -0.595224 0.568544
vn 0.594368 -0.542533 0.593619
vn 0.587775 -0.555166 0.588481
vn 0.612756 -0.500009 0.611982
vn 0.606304 -0.513726 0.607026
vn 0.629620 -0.456232 0.628833
vn 0.623392 -0.470999 0.624133
vn 0.644930 -0.411293 0.644130
vn 0.638958 -0.427186 0.639723
vn 0.658648 -0.365298 0.657830
vn 0.652984 -0.382360 0.653768
vn 0.670695 -0.318515 0.669863
vn 0.665446 -0.336614 0.666238
vn 0.681106 -0.270823 0.680257
vn 0.676301 -0.290076 0.677106
vn 0.685556 -0.242714 0.686370
vn 0.689797 -0.222552 0.688949
vn 0.693121 -0.194978 0.693950
vn 0.696801 -0.173609 0.695937
vn 0.702051 -0.124384 0.701180
vn 0.699054 -0.146608 0.699879
vn 0.703290 -0.097928 0.704125
vn 0.705568 -0.074694 0.704695
vn 0.707323 -0.024981 0.706449
vn 0.705840 -0.049023 0.706673
vn 0.707323 0.024981 0.706449
vn 0.706686 -0.000000 0.707527
vn 0.705568 0.074694 0.704695
vn 0.705840 0.049023 0.706673
vn 0.702051 0.124384 0.701180
vn 0.703290 0.097928 0.704125
vn 0.696801 0.173609 0.695937
vn 0.699054 0.146608 0.699878
vn 0.689797 0.222552 0.688949
vn 0.693121 0.194978 0.693950
vn 0.681106 0.270823 0.680257
vn 0.685556 0.242714 0.686370
vn 0.670695 0.318515 0.669863
vn 0.676301 0.290076 0.677107
vn 0.658648 0.365298 0.657830
vn 0.665446 0.336614 0.666238
vn 0.644930 0.411293 0.644130
vn 0.652984 0.382360 0.653768
vn 0.629620 0.456232 0.628833
vn 0.638958 0.427186 0.639723
vn 0.612756 0.500009 0.611982
vn 0.623392 0.470999 0.624133
vn 0.594366 0.542539 0.593616
vn 0.606304 0.513726 0.607026
vn 0.574504 0.583709 0.573785
vn 0.587772 0.555173 0.588478
vn 0.567863 0.595218 0.568548
vn 0.553181 0.623499 0.552485
vn 0.548458 0.630947 0.548726
vn 0.527364 0.633320 0.566386
vn 0.524931 0.633479 0.568465
vn 0.522677 0.633548 0.570460
vn 0.521716 0.633547 0.571341
vn 0.506341 0.698260 0.506016
vn 0.503547 0.701833 0.503856
vn 0.481138 0.733024 0.480815
vn 0.478215 0.736425 0.478528
vn 0.454675 0.766041 0.454369
vn 0.451757 0.769126 0.452063
vn 0.427083 0.797158 0.426779
vn 0.424129 0.799986 0.424425
vn 0.398488 0.826228 0.398188
vn 0.395475 0.828835 0.395768
vn 0.368852 0.853294 0.368561
vn 0.365842 0.855634 0.366128
vn 0.338319 0.878222 0.338033
vn 0.335306 0.880314 0.335584
vn 0.306935 0.900974 0.306653
vn 0.303916 0.902832 0.304187
vn 0.274825 0.921463 0.274550
vn 0.271803 0.923092 0.272073
vn 0.241963 0.939700 0.241697
vn 0.238991 0.941085 0.239252
vn 0.208567 0.955567 0.208306
vn 0.205612 0.956735 0.205867
vn 0.174598 0.969082 0.174344
vn 0.171698 0.970028 0.171945
vn 0.140243 0.980170 0.139994
vn 0.137374 0.980913 0.137618
vn 0.105511 0.988831 0.105269
vn 0.102716 0.989369 0.102952
vn 0.070526 0.995030 0.070291
vn 0.067788 0.995378 0.068018
vn 0.035355 0.998757 0.035126
vn 0.032698 0.998923 0.032920
vn 0.000112 1.000000 -0.000112
vn -0.002470 0.999994 -0.002254
vn -0.035131 0.998757 -0.035349
vn -0.037638 0.998590 -0.037427
vn -0.070304 0.995030 -0.070513
vn -0.072708 0.994714 -0.072505
vn -0.105288 0.988831 -0.105492
vn -0.107605 0.988375 -0.107408
vn -0.140020 0.980170 -0.140217
vn -0.174375 0.969082 -0.174567
vn -0.142232 0.979589 -0.142043
vn -0.176496 0.968382 -0.176312
vn -0.208345 0.955567 -0.208529
vn -0.241740 0.939700 -0.241919
vn -0.210340 0.954771 -0.210165
vn -0.274602 0.921463 -0.274773
vn -0.243656 0.938801 -0.243485
vn -0.306712 0.900974 -0.306876
vn -0.276387 0.920494 -0.276225
vn -0.338097 0.878222 -0.338255
vn -0.308398 0.899933 -0.308241
vn -0.368631 0.853294 -0.368782
vn -0.339664 0.877130 -0.339515
vn -0.370101 0.852148 -0.369957
vn -0.398268 0.826228 -0.398409
vn -0.399599 0.825075 -0.399464
vn -0.426862 0.797158 -0.427000
vn -0.428109 0.795962 -0.427980
vn -0.454457 0.766041 -0.454587
vn -0.455586 0.764849 -0.455464
vn -0.480915 0.733024 -0.481038
vn -0.481942 0.731830 -0.481827
vn -0.506121 0.698259 -0.506237
vn -0.507038 0.697089 -0.506931
vn -0.530118 0.661688 -0.530229
vn -0.530956 0.660516 -0.530853
vn -0.552783 0.623499 -0.552883
vn -0.553518 0.622369 -0.553421
vn -0.574099 0.583709 -0.574191
vn -0.574707 0.582682 -0.574625
vn -0.593944 0.542540 -0.594038
vn -0.594489 0.541527 -0.594417
vn -0.612324 0.500009 -0.612413
vn -0.612826 0.498979 -0.612751
vn -0.629191 0.456232 -0.629262
vn -0.629583 0.455341 -0.629516
vn -0.644497 0.411293 -0.644562
vn -0.644821 0.410473 -0.644762
vn -0.658210 0.365298 -0.658268
vn -0.658453 0.364608 -0.658408
vn -0.670250 0.318514 -0.670309
vn -0.680658 0.270823 -0.680705
vn -0.670461 0.317834 -0.670420
vn -0.689350 0.222553 -0.689396
vn -0.680801 0.270293 -0.680772
vn -0.696356 0.173609 -0.696382
vn -0.689478 0.222005 -0.689445
vn -0.701602 0.124384 -0.701630
vn -0.696415 0.173308 -0.696398
vn -0.705125 0.074694 -0.705138
vn -0.701651 0.124072 -0.701635
vn -0.706882 0.024982 -0.706890
vn -0.705143 0.074543 -0.705136
vn -0.706889 0.024909 -0.706886
vn 0.527979 -0.665505 0.527581
vn 0.529977 -0.661688 0.530371
vn 0.527976 0.665511 0.527576
vn 0.529977 0.661688 0.530371
vn 0.000000 0.000000 1.000000
vn 0.000000 0.000000 1.000000
vn 0.000000 0.000000 1.000000
vn 0.000000 0.000000 1.000000
vn 0.000000 0.000000 1.000000
vn 0.000000 0.000000 1.000000
vn 0.000000 0.000000 1.000000
vn 0.000000 0.000000 1.000000
vn -0.706889 -0.024909 -0.706886
vn -0.706882 -0.024982 -0.706890
vn -0.705125 -0.074694 -0.705138
vn -0.705143 -0.074543 -0.705136
vn -0.701602 -0.124384 -0.701630
vn -0.701651 -0.124072 -0.701635
vn -0.696356 -0.173609 -0.696382
vn -0.696415 -0.173308 -0.696398
vn -0.689350 -0.222553 -0.689396
vn -0.689478 -0.222005 -0.689445
vn -0.680658 -0.270823 -0.680705
vn -0.680801 -0.270293 -0.680772
vn -0.670250 -0.318514 -0.670309
vn -0.670461 -0.317834 -0.670420
vn -0.658210 -0.365298 -0.658268
vn -0.658453 -0.364608 -0.658408
vn -0.644821 -0.410473 -0.644762
vn -0.644497 -0.411293 -0.644562
vn -0.629583 -0.455341 -0.629516
vn -0.629191 -0.456232 -0.629262
vn -0.612826 -0.498979 -0.612751
vn -0.612324 -0.500009 -0.612413
vn -0.594489 -0.541527 -0.594417
vn -0.593948 -0.542533 -0.594040
vn -0.574711 -0.582675 -0.574628
vn -0.574091 -0.583722 -0.574185
vn -0.553513 -0.622375 -0.553418
vn -0.552787 -0.623492 -0.552887
vn -0.530960 -0.660509 -0.530857
vn -0.530118 -0.661688 -0.530230
vn -0.507028 -0.697103 -0.506922
vn -0.506127 -0.698253 -0.506240
vn -0.481943 -0.731830 -0.481825
vn -0.480910 -0.733030 -0.481032
vn -0.455587 -0.764849 -0.455463
vn -0.454458 -0.766041 -0.454586
vn -0.428122 -0.795949 -0.427991
vn -0.426861 -0.797158 -0.427001
vn -0.399591 -0.825082 -0.399459
vn -0.398275 -0.826222 -0.398415
vn -0.370109 -0.852142 -0.369963
vn -0.368615 -0.853307 -0.368769
vn -0.338105 -0.878216 -0.338262
vn -0.339655 -0.877136 -0.339509
vn -0.306712 -0.900974 -0.306876
vn -0.308398 -0.899933 -0.308241
vn -0.276387 -0.920494 -0.276225
vn -0.274593 -0.921468 -0.274765
vn -0.241758 -0.939692 -0.241936
vn -0.243655 -0.938801 -0.243486
vn -0.208326 -0.955575 -0.208512
vn -0.210341 -0.954771 -0.210164
vn -0.174384 -0.969079 -0.174576
vn -0.176495 -0.968382 -0.176313
vn -0.140020 -0.980170 -0.140217
vn -0.142232 -0.979589 -0.142043
vn -0.105289 -0.988831 -0.105491
vn -0.107596 -0.988377 -0.107399
vn -0.070305 -0.995030 -0.070512
vn -0.072709 -0.994714 -0.072504
vn -0.035131 -0.998757 -0.035349
vn -0.037648 -0.998590 -0.037436
vn 0.000112 -1.000000 -0.000112
vn -0.002470 -0.999994 -0.002254
vn 0.035354 -0.998757 0.035127
vn 0.032707 -0.998922 0.032930
vn 0.070525 -0.995030 0.070292
vn 0.067787 -0.995378 0.068019
vn 0.105511 -0.988831 0.105268
vn 0.102696 -0.989373 0.102933
vn 0.137384 -0.980910 0.137626
vn 0.140243 -0.980170 0.139994
vn 0.171689 -0.970031 0.171936
vn 0.174609 -0.969079 0.174351
vn 0.205622 -0.956732 0.205874
vn 0.208549 -0.955575 0.208289
vn 0.238982 -0.941090 0.239244
vn 0.241981 -0.939692 0.241712
vn 0.271813 -0.923087 0.272079
vn 0.274817 -0.921468 0.274542
vn 0.303916 -0.902832 0.304187
vn 0.306935 -0.900974 0.306653
vn 0.335313 -0.880309 0.335592
vn 0.338326 -0.878216 0.338040
vn 0.368837 -0.853307 0.368547
vn 0.365835 -0.855640 0.366121
vn 0.395474 -0.828835 0.395769
vn 0.398495 -0.826222 0.398195
vn 0.427082 -0.797158 0.426780
vn 0.424135 -0.799980 0.424431
vn 0.454675 -0.766041 0.454369
vn 0.451751 -0.769132 0.452058
vn 0.481132 -0.733030 0.480810
vn 0.478215 -0.736425 0.478529
vn 0.506345 -0.698253 0.506021
vn 0.503546 -0.701833 0.503857
vn 0.553186 -0.623492 0.552488
vn 0.521711 -0.633540 0.571354
vn 0.522671 -0.633541 0.570474
vn 0.525159 -0.633464 0.568271
vn 0.527593 -0.633305 0.566190
vn 0.548452 -0.630955 0.548722
vn 0.574498 -0.583721 0.573778
vn 0.567860 -0.595224 0.568544
vn 0.594368 -0.542533 0.593619
vn 0.587775 -0.555166 0.588481
vn 0.612756 -0.500009 0.611982
vn 0.606304 -0.513726 0.607026
vn 0.629620 -0.456232 0.628833
vn 0.623392 -0.470999 0.624133
vn 0.644930 -0.411293 0.644130
vn 0.638958 -0.427186 0.639723
vn 0.658648 -0.365298 0.657830
vn 0.652984 -0.382360 0.653768
vn 0.670695 -0.318515 0.669863
vn 0.665446 -0.336614 0.666238
vn 0.681106 -0.270823 0.680257
vn 0.676301 -0.290076 0.677106
vn 0.685556 -0.242714 0.686370
vn 0.689797 -0.222552 0.688949
vn 0.693121 -0.194978 0.693950
vn 0.696801 -0.173609 0.695937
vn 0.702051 -0.124384 0.701180
vn 0.699054 -0.146608 0.699879
vn 0.703290 -0.097928 0.704125
vn 0.705568 -0.074694 0.704695
vn 0.707323 -0.024981 0.706449
vn 0.705840 -0.049023 0.706673
vn 0.707323 0.024981 0.706449
vn 0.706686 -0.000000 0.707527
vn 0.705568 0.074694 0.704695
vn 0.705840 0.049023 0.706673
vn 0.702051 0.124384 0.701180
vn 0.703290 0.097928 0.704125
vn 0.696801 0.173609 0.695937
vn 0.699054 0.146608 0.699878
vn 0.689797 0.222552 0.688949
vn 0.693121 0.194978 0.693950
vn 0.681106 0.270823 0.680257
vn 0.685556 0.242714 0.686370
vn 0.670695 0.318515 0.669863
vn 0.676301 0.290076 0.677107
vn 0.658648 0.365298 0.657830
vn 0.665446 0.336614 0.666238
vn 0.644930 0.411293 0.644130
vn 0.652984 0.382360 0.653768
vn 0.629620 0.456232 0.628833
vn 0.638958 0.427186 0.639723
vn 0.612756 0.500009 0.611982
vn 0.623392 0.470999 0.624133
vn 0.594368 0.542533 0.593619
vn 0.606304 0.513726 0.607026
vn 0.574498 0.583721 0.573778
vn 0.587775 0.555166 0.588481
vn 0.567860 0.595224 0.568544
vn 0.553186 0.623492 0.552488
vn 0.548452 0.630955 0.548722
vn 0.527593 0.633304 0.566190
vn 0.525159 0.633464 0.568270
vn 0.522671 0.633541 0.570474
vn 0.521710 0.633540 0.571354
vn 0.506345 0.698253 0.506021
vn 0.503546 0.701833 0.503857
vn 0.481132 0.733030 0.480810
vn 0.478215 0.736425 0.478528
vn 0.454675 0.766041 0.454369
vn 0.451751 0.769132 0.452058
vn 0.427082 0.797158 0.426780
vn 0.424135 0.799980 0.424431
vn 0.398495 0.826222 0.398195
vn 0.395474 0.828835 0.395769
vn 0.368837 0.853307 0.368547
vn 0.365835 0.855640 0.366121
vn 0.338326 0.878216 0.338040
vn 0.335313 0.880309 0.335592
vn 0.306935 0.900974 0.306653
vn 0.303916 0.902832 0.304187
vn 0.274817 0.921468 0.274542
vn 0.271813 0.923088 0.272079
vn 0.241981 0.939692 0.241712
vn 0.238982 0.941090 0.239244
vn 0.208549 0.955575 0.208289
vn 0.205622 0.956732 0.205874
vn 0.174609 0.969079 0.174351
vn 0.171689 0.970031 0.171936
vn 0.140243 0.980170 0.139994
vn 0.137384 0.980910 0.137626
vn 0.105511 0.988831 0.105268
vn 0.102696 0.989373 0.102933
vn 0.070525 0.995030 0.070292
vn 0.067787 0.995378 0.068019
vn 0.035354 0.998757 0.035127
vn 0.032707 0.998922 0.032930
vn 0.000112 1.000000 -0.000112
vn -0.002470 0.999994 -0.002254
vn -0.035131 0.998757 -0.035349
vn -0.037648 0.998590 -0.037436
vn -0.070305 0.995030 -0.070512
vn -0.072709 0.994714 -0.072504
vn -0.105289 0.988831 -0.105491
vn -0.107596 0.988377 -0.107399
vn -0.140020 0.980170 -0.140217
vn -0.174384 0.969079 -0.174576
vn -0.142232 0.979589 -0.142043
vn -0.176495 0.968382 -0.176313
vn -0.208326 0.955575 -0.208512
vn -0.241758 0.939692 -0.241936
vn -0.210340 0.954771 -0.210164
vn -0.274593 0.921468 -0.274765
vn -0.243655 0.938801 -0.243486
vn -0.306712 0.900974 -0.306876
vn -0.276387 0.920494 -0.276225
vn -0.338105 0.878216 -0.338262
vn -0.308398 0.899933 -0.308241
vn -0.368615 0.853307 -0.368769
vn -0.339655 0.877136 -0.339509
vn -0.370109 0.852142 -0.369963
vn -0.398275 0.826222 -0.398415
vn -0.399591 0.825082 -0.399459
vn -0.426861 0.797158 -0.427001
vn -0.428122 0.795949 -0.427991
vn -0.454458 0.766041 -0.454586
vn -0.455587 0.764849 -0.455463
vn -0.480910 0.733030 -0.481032
vn -0.481943 0.731830 -0.481825
vn -0.506127 0.698253 -0.506240
vn -0.507028 0.697103 -0.506922
vn -0.530118 0.661688 -0.530230
vn -0.530960 0.660509 -0.530857
vn -0.552787 0.623492 -0.552887
vn -0.553513 0.622375 -0.553418
vn -0.574091 0.583722 -0.574185
vn -0.574711 0.582675 -0.574628
vn -0.593948 0.542533 -0.594040
vn -0.594489 0.541527 -0.594417
vn -0.612324 0.500009 -0.612413
vn -0.612826 0.498979 -0.612751
vn -0.629191 0.456232 -0.629262
vn -0.629583 0.455341 -0.629516
vn -0.644497 0.411293 -0.644562
vn -0.644821 0.410473 -0.644762
vn -0.658210 0.365298 -0.658268
vn -0.658453 0.364608 -0.658408
vn -0.670250 0.318514 -0.670309
vn -0.680658 0.270823 -0.680705
vn -0.670461 0.317834 -0.670420
vn -0.689350 0.222553 -0.689396
vn -0.680801 0.270293 -0.680772
vn -0.696356 0.173609 -0.696382
vn -0.689478 0.222005 -0.689445
vn -0.701602 0.124384 -0.701630
vn -0.696415 0.173308 -0.696398
vn -0.705125 0.074694 -0.705138
vn -0.701651 0.124072 -0.701635
vn -0.706882 0.024982 -0.706890
vn -0.705143 0.074543 -0.705136
vn -0.706889 0.024909 -0.706886
vn 0.527979 -0.665505 0.527581
vn 0.529977 -0.661688 0.530371
vn 0.527979 0.665505 0.527581
vn 0.529977 0.661688 0.530371
vn 0.000000 0.000000 1.000000
vn 0.000000 0.000000 1.000000
vn 0.000000 0.000000 1.000000
vn 0.000000 0.000000 1.000000
vn 0.000000 0.000000 1.000000
vn 0.000000 -1.000000 0.000000
vn 0.000000 -1.000000 0.000000
vn 1.000000 0.000000 0.000000
vn 1.000000 -0.000000 0.000000
vn 0.027648 -0.999618 0.000000
vn 0.027648 -0.999618 0.000000
vn 0.076999 -0.997031 0.000000
vn 0.076999 -0.997031 0.000000
vn 0.126162 -0.992010 0.000000
vn 0.126162 -0.992010 0.000000
vn 0.175017 -0.984565 0.000000
vn 0.175017 -0.984565 0.000000
vn 0.223445 -0.974717 0.000000
vn 0.223445 -0.974717 0.000000
vn 0.271326 -0.962487 0.000000
vn 0.271326 -0.962487 0.000000
vn 0.318545 -0.947908 0.000000
vn 0.318545 -0.947908 0.000000
vn 0.364987 -0.931013 0.000000
vn 0.364987 -0.931013 0.000000
vn 0.410536 -0.911844 0.000000
vn 0.410536 -0.911844 0.000000
vn 0.455083 -0.890449 0.000000
vn 0.455083 -0.890449 0.000000
vn 0.498519 -0.866879 0.000000
vn 0.498519 -0.866879 0.000000
vn 0.540738 -0.841191 0.000000
vn 0.540738 -0.841191 0.000000
vn 0.581636 -0.813450 0.000000
vn 0.581636 -0.813450 0.000000
vn 0.621112 -0.783722 0.000000
vn 0.621112 -0.783722 0.000000
vn 0.659072 -0.752080 0.000000
vn 0.659072 -0.752080 0.000000
vn 0.695425 -0.718598 0.000000
vn 0.695425 -0.718598 0.000000
vn 0.730075 -0.683367 0.000000
vn 0.730075 -0.683367 0.000000
vn 0.762942 -0.646466 0.000000
vn 0.762942 -0.646466 0.000000
vn 0.793951 -0.607982 0.000000
vn 0.793951 -0.607982 0.000000
vn 0.823019 -0.568014 0.000000
vn 0.823019 -0.568014 0.000000
vn 0.850077 -0.526659 0.000000
vn 0.850077 -0.526659 0.000000
vn 0.875057 -0.484021 0.000000
vn 0.897898 -0.440203 0.000000
vn 0.875057 -0.484021 0.000000
vn 0.897898 -0.440203 0.000000
vn 0.918550 -0.395304 0.000000
vn 0.936960 -0.349437 0.000000
vn 0.918550 -0.395304 0.000000
vn 0.936960 -0.349437 0.000000
vn 0.953079 -0.302723 0.000000
vn 0.966870 -0.255268 0.000000
vn 0.953079 -0.302723 0.000000
vn 0.978300 -0.207195 0.000000
vn 0.966870 -0.255268 0.000000
vn 0.978300 -0.207195 0.000000
vn 0.987343 -0.158601 0.000000
vn 0.987343 -0.158601 0.000000
vn 0.993972 -0.109635 0.000000
vn 0.993972 -0.109635 0.000000
vn 0.998175 -0.060394 0.000000
vn 0.998175 -0.060394 0.000000
vn 0.999939 -0.011011 0.000000
vn 0.999939 -0.011011 0.000000
vn 0.999262 0.038410 0.000000
vn 0.999262 0.038410 0.000000
vn 0.996144 0.087727 -0.000000
vn 0.996144 0.087727 0.000000
vn 0.990594 0.136835 -0.000000
vn 0.990594 0.136835 0.000000
vn 0.982623 0.185611 0.000000
vn 0.982623 0.185611 0.000000
vn 0.972256 0.233920 0.000000
vn 0.972256 0.233920 0.000000
vn 0.959511 0.281670 -0.000000
vn 0.959511 0.281670 0.000000
vn 0.944422 0.328734 -0.000000
vn 0.944422 0.328734 0.000000
vn 0.927028 0.374992 -0.000000
vn 0.927028 0.374992 0.000000
vn 0.907376 0.420321 -0.000000
vn 0.907376 0.420321 0.000000
vn 0.885496 0.464648 0.000000
vn 0.885496 0.464648 0.000000
vn 0.861463 0.507820 -0.000000
vn 0.861463 0.507820 0.000000
vn 0.051330 -0.998682 0.000000
vn 0.051330 -0.998682 0.000000
vn 0.053647 -0.998560 0.000000
vn 0.053647 -0.998560 0.000000
vn 0.056085 -0.998426 0.000000
vn 0.056085 -0.998426 0.000000
vn 0.057839 -0.998326 0.000000
vn 0.057839 -0.998326 0.000000
vn 0.059044 -0.998255 0.000000
vn 0.059044 -0.998255 0.000000
vn 0.060340 -0.998178 0.000000
vn 0.060340 -0.998178 0.000000
vn 0.085296 -0.996356 0.000000
vn 0.085296 -0.996356 0.000000
vn 0.133922 -0.990992 0.000000
vn 0.133922 -0.990992 0.000000
vn 0.182230 -0.983256 0.000000
vn 0.230095 -0.973168 0.000000
vn 0.182230 -0.983256 0.000000
vn 0.230095 -0.973168 0.000000
vn 0.277414 -0.960750 0.000000
vn 0.277414 -0.960750 0.000000
vn 0.324071 -0.946033 0.000000
vn 0.324071 -0.946033 0.000000
vn 0.369950 -0.929052 0.000000
vn 0.369950 -0.929052 0.000000
vn 0.414941 -0.909848 0.000000
vn 0.414941 -0.909848 0.000000
vn 0.458942 -0.888466 0.000000
vn 0.458942 -0.888466 0.000000
vn 0.501846 -0.864957 0.000000
vn 0.501846 -0.864957 0.000000
vn 0.543546 -0.839379 0.000000
vn 0.543546 -0.839379 0.000000
vn 0.583946 -0.811792 0.000000
vn 0.583946 -0.811792 0.000000
vn 0.622945 -0.782266 0.000000
vn 0.622945 -0.782266 0.000000
vn 0.660462 -0.750859 0.000000
vn 0.660462 -0.750859 0.000000
vn -0.232284 -0.972648 0.000000
vn -0.232284 -0.972648 0.000000
vn -0.183879 -0.982949 0.000000
vn -0.183879 -0.982949 0.000000
vn -0.135079 -0.990835 0.000000
vn -0.135079 -0.990835 0.000000
vn -0.085931 -0.996301 0.000000
vn -0.085931 -0.996301 0.000000
vn -0.036567 -0.999331 -0.000000
vn -0.036567 -0.999331 0.000000
vn 0.012881 -0.999917 0.000000
vn 0.012881 -0.999917 0.000000
vn 0.062330 -0.998056 0.000000
vn 0.062330 -0.998056 0.000000
vn 0.111625 -0.993750 0.000000
vn 0.111625 -0.993750 0.000000
vn 0.160520 -0.987033 0.000000
vn 0.160520 -0.987033 0.000000
vn 0.209213 -0.977870 0.000000
vn 0.209213 -0.977870 0.000000
vn 0.257173 -0.966365 0.000000
vn 0.257173 -0.966365 0.000000
vn 0.304795 -0.952418 0.000000
vn 0.351343 -0.936247 0.000000
vn 0.304795 -0.952418 0.000000
vn 0.351343 -0.936247 0.000000
vn 0.397287 -0.917694 0.000000
vn 0.397287 -0.917694 0.000000
vn 0.442146 -0.896943 0.000000
vn 0.485970 -0.873975 0.000000
vn 0.442146 -0.896943 0.000000
vn 0.485970 -0.873975 0.000000
vn 0.528639 -0.848847 0.000000
vn 0.569791 -0.821789 0.000000
vn 0.528639 -0.848847 0.000000
vn 0.609852 -0.792515 0.000000
vn 0.569791 -0.821789 0.000000
vn 0.648298 -0.761387 0.000000
vn 0.609852 -0.792515 0.000000
vn 0.648298 -0.761387 0.000000
vn 0.685059 -0.728487 0.000000
vn 0.685059 -0.728487 0.000000
vn 0.720326 -0.693636 0.000000
vn 0.720326 -0.693636 0.000000
vn 0.753675 -0.657248 0.000000
vn 0.753675 -0.657248 0.000000
vn 0.785289 -0.619129 0.000000
vn 0.785289 -0.619129 0.000000
vn 0.814889 -0.579617 0.000000
vn 0.814889 -0.579617 0.000000
vn 0.842577 -0.538576 0.000000
vn 0.842577 -0.538576 0.000000
vn 0.868158 -0.496288 0.000000
vn 0.868158 -0.496288 0.000000
vn 0.891680 -0.452667 0.000000
vn 0.891680 -0.452667 0.000000
vn 0.912880 -0.408227 0.000000
vn 0.912880 -0.408227 0.000000
vn 0.932019 -0.362409 0.000000
vn 0.932019 -0.362409 0.000000
vn 0.948776 -0.315950 0.000000
vn 0.948776 -0.315950 0.000000
vn 0.963211 -0.268746 0.000000
vn 0.963211 -0.268746 0.000000
vn 0.975326 -0.220767 0.000000
vn 0.975326 -0.220767 0.000000
vn 0.985066 -0.172174 0.000000
vn 0.985066 -0.172174 0.000000
vn 0.992373 -0.123275 0.000000
vn 0.992373 -0.123275 0.000000
vn 0.997243 -0.074207 0.000000
vn 0.997243 -0.074207 0.000000
vn 0.999695 -0.024684 0.000000
vn 0.999695 -0.024684 0.000000
vn 0.999699 0.024515 0.000000
vn 0.999699 0.024515 0.000000
vn 0.997280 0.073700 0.000000
vn 0.997280 0.073700 -0.000000
vn 0.992441 0.122727 0.000000
vn 0.992441 0.122727 -0.000000
vn 0.985219 0.171302 0.000000
vn 0.985219 0.171302 -0.000000
vn 0.975636 0.219394 0.000000
vn 0.975636 0.219394 -0.000000
vn -0.797844 -0.602864 -0.000000
vn -0.797844 -0.602864 0.000000
vn -0.766978 -0.641674 0.000000
vn -0.766978 -0.641674 0.000000
vn -0.734178 -0.678957 0.000000
vn -0.734178 -0.678957 0.000000
vn -0.699684 -0.714453 0.000000
vn -0.699684 -0.714453 0.000000
vn -0.663370 -0.748291 0.000000
vn -0.663370 -0.748291 0.000000
vn -0.625483 -0.780238 0.000000
vn -0.625483 -0.780238 0.000000
vn -0.585928 -0.810363 0.000000
vn -0.585928 -0.810363 0.000000
vn -0.545097 -0.838373 0.000000
vn -0.545097 -0.838373 0.000000
vn -0.502933 -0.864325 -0.000000
vn -0.502933 -0.864325 0.000000
vn -0.459356 -0.888252 0.000000
vn -0.459356 -0.888252 0.000000
vn -0.414805 -0.909910 -0.000000
vn -0.414805 -0.909910 0.000000
vn -0.369095 -0.929392 0.000000
vn -0.369095 -0.929392 0.000000
vn -0.322705 -0.946500 0.000000
vn -0.322705 -0.946500 0.000000
vn -0.275259 -0.961370 0.000000
vn -0.275259 -0.961370 0.000000
vn -0.227303 -0.973824 -0.000000
vn -0.227303 -0.973824 0.000000
vn -0.178750 -0.983895 0.000000
vn -0.178750 -0.983895 0.000000
vn -0.129770 -0.991544 -0.000000
vn -0.129770 -0.991544 0.000000
vn -0.080372 -0.996765 0.000000
vn -0.080372 -0.996765 0.000000
vn -0.030923 -0.999522 0.000000
vn -0.030923 -0.999522 0.000000
vn 0.018692 -0.999825 0.000000
vn 0.018692 -0.999825 0.000000
vn 0.068219 -0.997670 0.000000
vn 0.068219 -0.997670 0.000000
vn 0.117613 -0.993060 0.000000
vn 0.117613 -0.993060 0.000000
vn 0.166669 -0.986013 0.000000
vn 0.215440 -0.976517 0.000000
vn 0.166669 -0.986013 0.000000
vn 0.215440 -0.976517 0.000000
vn 0.263547 -0.964647 0.000000
vn 0.311054 -0.950392 0.000000
vn 0.263547 -0.964647 0.000000
vn 0.311054 -0.950392 0.000000
vn 0.357757 -0.933815 0.000000
vn 0.403625 -0.914925 0.000000
vn 0.357757 -0.933815 0.000000
vn 0.448505 -0.893780 0.000000
vn 0.403625 -0.914925 0.000000
vn 0.448505 -0.893780 0.000000
vn 0.492290 -0.870431 0.000000
vn 0.492290 -0.870431 0.000000
vn 0.534789 -0.844986 0.000000
vn 0.534789 -0.844986 0.000000
vn 0.576082 -0.817392 0.000000
vn 0.576082 -0.817392 0.000000
vn 0.615829 -0.787880 0.000000
vn 0.615829 -0.787880 0.000000
vn 0.654224 -0.756300 0.000000
vn 0.654224 -0.756300 0.000000
vn 0.690849 -0.722999 0.000000
vn 0.690849 -0.722999 0.000000
vn 0.725852 -0.687851 0.000000
vn 0.725852 -0.687851 0.000000
vn 0.759072 -0.651007 0.000000
vn 0.759072 -0.651007 0.000000
vn 0.790411 -0.612576 0.000000
vn 0.790411 -0.612576 0.000000
vn 0.819759 -0.572708 0.000000
vn 0.819759 -0.572708 0.000000
vn 0.741906 -0.670504 0.000000
vn 0.741906 -0.670504 0.000000
vn 0.773546 -0.633741 0.000000
vn 0.773546 -0.633741 0.000000
vn 0.803365 -0.595488 0.000000
vn 0.831291 -0.555837 0.000000
vn 0.803365 -0.595488 0.000000
vn 0.831291 -0.555837 0.000000
vn 0.857266 -0.514874 0.000000
vn 0.881220 -0.472706 0.000000
vn 0.857266 -0.514874 0.000000
vn 0.881220 -0.472706 0.000000
vn 0.903105 -0.429419 0.000000
vn 0.903105 -0.429419 0.000000
vn 0.922865 -0.385123 0.000000
vn 0.922865 -0.385123 0.000000
vn 0.940453 -0.339925 0.000000
vn 0.955828 -0.293928 0.000000
vn 0.940453 -0.339925 0.000000
vn 0.955828 -0.293928 0.000000
vn 0.968955 -0.247236 0.000000
vn 0.968955 -0.247236 0.000000
vn 0.979804 -0.199961 0.000000
vn 0.979804 -0.199961 0.000000
vn 0.988346 -0.152224 0.000000
vn 0.988346 -0.152224 0.000000
vn 0.994565 -0.104114 0.000000
vn 0.998443 -0.055776 0.000000
vn 0.994565 -0.104114 0.000000
vn 0.998443 -0.055776 0.000000
vn -0.660478 -0.750846 0.000000
vn -0.660478 -0.750846 0.000000
vn -0.623008 -0.782216 0.000000
vn -0.623008 -0.782216 0.000000
vn -0.584041 -0.811724 0.000000
vn -0.584041 -0.811724 0.000000
vn -0.543690 -0.839286 0.000000
vn -0.543690 -0.839286 0.000000
vn -0.502030 -0.864850 0.000000
vn -0.502030 -0.864850 0.000000
vn -0.459181 -0.888343 0.000000
vn -0.459181 -0.888343 0.000000
vn -0.415229 -0.909717 0.000000
vn -0.415229 -0.909717 0.000000
vn -0.370285 -0.928918 0.000000
vn -0.370285 -0.928918 0.000000
vn -0.324458 -0.945900 0.000000
vn -0.324458 -0.945900 0.000000
vn -0.277857 -0.960622 0.000000
vn -0.277857 -0.960622 0.000000
vn -0.230591 -0.973051 0.000000
vn -0.182777 -0.983154 0.000000
vn -0.230591 -0.973051 0.000000
vn -0.182777 -0.983154 0.000000
vn -0.134522 -0.990911 0.000000
vn -0.134522 -0.990911 0.000000
vn -0.085950 -0.996300 0.000000
vn -0.085950 -0.996300 0.000000
vn -0.037168 -0.999309 0.000000
vn -0.037168 -0.999309 0.000000
vn 0.582899 -0.812545 0.000000
vn 0.582899 -0.812545 0.000000
vn 0.621811 -0.783167 0.000000
vn 0.621811 -0.783167 0.000000
vn 0.659104 -0.752052 0.000000
vn 0.659104 -0.752052 0.000000
vn 0.694963 -0.719046 0.000000
vn 0.729033 -0.684478 0.000000
vn 0.694963 -0.719046 0.000000
vn 0.729033 -0.684478 0.000000
vn 0.761467 -0.648204 0.000000
vn 0.761467 -0.648204 0.000000
vn 0.792081 -0.610416 0.000000
vn 0.792081 -0.610416 0.000000
vn 0.820806 -0.571207 0.000000
vn 0.847566 -0.530690 0.000000
vn 0.820806 -0.571207 0.000000
vn 0.847566 -0.530690 0.000000
vn 0.872450 -0.488704 0.000000
vn 0.872450 -0.488704 0.000000
vn 0.895116 -0.445833 0.000000
vn 0.915736 -0.401782 0.000000
vn 0.895116 -0.445833 0.000000
vn 0.934204 -0.356739 0.000000
vn 0.915736 -0.401782 0.000000
vn 0.934204 -0.356739 0.000000
vn 0.950480 -0.310787 0.000000
vn 0.950480 -0.310787 0.000000
vn 0.964428 -0.264345 0.000000
vn 0.964428 -0.264345 0.000000
vn 0.976146 -0.217113 0.000000
vn 0.985542 -0.169434 0.000000
vn 0.976146 -0.217113 0.000000
vn 0.992619 -0.121273 0.000000
vn 0.985542 -0.169434 0.000000
vn 0.992619 -0.121273 0.000000
vn 0.997336 -0.072947 0.000000
vn 0.997336 -0.072947 0.000000
vn 0.999704 -0.024316 0.000000
vn 0.999704 -0.024316 0.000000
vn 0.999704 0.024316 0.000000
vn 0.999704 0.024316 -0.000000
vn 0.997336 0.072947 0.000000
vn 0.997336 0.072947 -0.000000
vn 0.992619 0.121273 0.000000
vn 0.992619 0.121273 -0.000000
vn 0.985542 0.169434 0.000000
vn 0.976146 0.217113 0.000000
vn 0.985542 0.169434 -0.000000
vn 0.976146 0.217113 0.000000
vn 0.964428 0.264345 0.000000
vn 0.950480 0.310787 0.000000
vn 0.964428 0.264345 -0.000000
vn 0.950480 0.310787 0.000000
vn 0.934204 0.356739 0.000000
vn 0.934204 0.356739 -0.000000
vn 0.915736 0.401782 -0.000000
vn 0.915736 0.401782 0.000000
vn 0.895116 0.445833 -0.000000
vn 0.895116 0.445833 0.000000
vn 0.872450 0.488704 -0.000000
vn 0.872450 0.488704 0.000000
vn 0.847566 0.530690 -0.000000
vn 0.847566 0.530690 0.000000
vn 0.820806 0.571207 -0.000000
vn 0.820806 0.571207 0.000000
vn 0.792081 0.610416 -0.000000
vn 0.792081 0.610416 0.000000
vn 0.761467 0.648204 -0.000000
vn 0.761467 0.648204 0.000000
vn 0.729033 0.684478 0.000000
vn 0.729033 0.684478 0.000000
vn 0.694963 0.719046 -0.000000
vn 0.694963 0.719046 0.000000
vn 0.659104 0.752052 0.000000
vn 0.659104 0.752052 -0.000000
vn 0.621811 0.783167 -0.000000
vn 0.621811 0.783167 0.000000
vn 0.582899 0.812545 0.000000
vn 0.582899 0.812545 0.000000
vn -0.975643 0.219365 0.000000
vn -0.975643 0.219365 0.000000
vn -0.985288 0.170905 0.000000
vn -0.985288 0.170905 0.000000
vn -0.992535 0.121963 0.000000
vn -0.992535 0.121963 0.000000
vn -0.997341 0.072871 0.000000
vn -0.997341 0.072871 0.000000
vn -0.999725 0.023465 0.000000
vn -0.999725 0.023465 0.000000
vn -0.999664 -0.025937 -0.000000
vn -0.999664 -0.025937 0.000000
vn -0.997158 -0.075339 -0.000000
vn -0.997158 -0.075339 0.000000
vn -0.992228 -0.124434 0.000000
vn -0.992228 -0.124434 0.000000
vn -0.984857 -0.173367 0.000000
vn -0.984857 -0.173367 0.000000
vn -0.975081 -0.221848 0.000000
vn -0.975081 -0.221848 0.000000
vn -0.962944 -0.269702 -0.000000
vn -0.962944 -0.269702 0.000000
vn -0.948490 -0.316807 -0.000000
vn -0.948490 -0.316807 0.000000
vn -0.931626 -0.363418 0.000000
vn -0.931626 -0.363418 0.000000
vn -0.912495 -0.409087 0.000000
vn -0.912495 -0.409087 0.000000
vn -0.891287 -0.453440 0.000000
vn -0.891287 -0.453440 0.000000
vn -0.867692 -0.497103 -0.000000
vn -0.867692 -0.497103 0.000000
vn -0.842123 -0.539286 0.000000
vn -0.842123 -0.539286 0.000000
vn -0.814406 -0.580296 -0.000000
vn -0.814406 -0.580296 0.000000
vn -0.784829 -0.619712 0.000000
vn -0.784829 -0.619712 0.000000
vn -0.753198 -0.657794 0.000000
vn -0.719729 -0.694256 -0.000000
vn -0.753198 -0.657794 0.000000
vn -0.684644 -0.728877 -0.000000
vn -0.719729 -0.694256 0.000000
vn -0.647760 -0.761844 -0.000000
vn -0.684644 -0.728877 0.000000
vn -0.647760 -0.761844 0.000000
vn -0.609345 -0.792905 0.000000
vn -0.609345 -0.792905 0.000000
vn -0.569363 -0.822087 0.000000
vn -0.569363 -0.822087 0.000000
vn -0.528097 -0.849184 0.000000
vn -0.528097 -0.849184 0.000000
vn -0.485577 -0.874194 0.000000
vn -0.485577 -0.874194 0.000000
vn -0.441648 -0.897189 0.000000
vn -0.441648 -0.897189 0.000000
vn -0.396871 -0.917874 0.000000
vn -0.396871 -0.917874 0.000000
vn -0.351073 -0.936348 0.000000
vn -0.351073 -0.936348 0.000000
vn -0.304370 -0.952554 0.000000
vn -0.304370 -0.952554 0.000000
vn -0.256894 -0.966440 0.000000
vn -0.256894 -0.966440 0.000000
vn -0.208865 -0.977945 0.000000
vn -0.208865 -0.977945 0.000000
vn -0.160242 -0.987078 0.000000
vn -0.160242 -0.987078 0.000000
vn -0.111313 -0.993785 -0.000000
vn -0.111313 -0.993785 0.000000
vn -0.062138 -0.998068 0.000000
vn -0.062138 -0.998068 0.000000
vn -0.012659 -0.999920 -0.000000
vn -0.012659 -0.999920 0.000000
vn 0.036666 -0.999328 0.000000
vn 0.036666 -0.999328 0.000000
vn 0.086073 -0.996289 0.000000
vn 0.086073 -0.996289 0.000000
vn 0.135161 -0.990824 0.000000
vn 0.135161 -0.990824 0.000000
vn 0.183944 -0.982937 0.000000
vn 0.183944 -0.982937 0.000000
vn 0.232278 -0.972649 0.000000
vn 0.232278 -0.972649 0.000000
vn -0.998443 -0.055776 0.000000
vn -0.998443 -0.055776 0.000000
vn -0.994565 -0.104120 0.000000
vn -0.988348 -0.152212 0.000000
vn -0.994565 -0.104120 0.000000
vn -0.988348 -0.152212 0.000000
vn -0.979803 -0.199967 0.000000
vn -0.979803 -0.199967 0.000000
vn -0.968957 -0.247230 0.000000
vn -0.968957 -0.247230 0.000000
vn -0.955828 -0.293928 0.000000
vn -0.955828 -0.293928 0.000000
vn -0.940451 -0.339930 0.000000
vn -0.940451 -0.339930 0.000000
vn -0.922863 -0.385128 0.000000
vn -0.922863 -0.385128 0.000000
vn -0.903108 -0.429414 0.000000
vn -0.903108 -0.429414 0.000000
vn -0.881223 -0.472701 0.000000
vn -0.857261 -0.514882 0.000000
vn -0.881223 -0.472701 0.000000
vn -0.857261 -0.514882 0.000000
vn -0.831294 -0.555833 0.000000
vn -0.831294 -0.555833 0.000000
vn -0.803367 -0.595484 0.000000
vn -0.773543 -0.633744 0.000000
vn -0.803367 -0.595484 0.000000
vn -0.773543 -0.633744 0.000000
vn -0.741906 -0.670504 0.000000
vn -0.741906 -0.670504 0.000000
vn 0.998443 0.055780 -0.000000
vn 0.998443 0.055780 -0.000000
vn 0.994564 0.104128 -0.000000
vn 0.988344 0.152236 -0.000000
vn 0.994564 0.104128 0.000000
vn 0.988344 0.152236 -0.000000
vn 0.979798 0.199990 -0.000000
vn 0.979798 0.199990 0.000000
vn 0.968947 0.247269 -0.000000
vn 0.955816 0.293966 -0.000000
vn 0.968947 0.247269 0.000000
vn 0.955816 0.293966 -0.000000
vn 0.940437 0.339968 -0.000000
vn 0.940437 0.339968 0.000000
vn 0.922841 0.385182 -0.000000
vn 0.922841 0.385182 0.000000
vn 0.903080 0.429473 -0.000000
vn 0.903080 0.429473 0.000000
vn 0.881188 0.472766 -0.000000
vn 0.857224 0.514943 -0.000000
vn 0.881188 0.472766 0.000000
vn 0.857224 0.514943 -0.000000
vn 0.831244 0.555908 -0.000000
vn 0.831244 0.555908 0.000000
vn 0.803305 0.595568 -0.000000
vn 0.803305 0.595568 0.000000
vn 0.773484 0.633816 -0.000000
vn 0.773484 0.633816 0.000000
vn 0.741831 0.670586 -0.000000
vn 0.741831 0.670586 0.000000
vn -0.583428 0.812165 0.000000
vn -0.583428 0.812165 0.000000
vn -0.623286 0.781994 0.000000
vn -0.623286 0.781994 0.000000
vn -0.661402 0.750032 0.000000
vn -0.697986 0.716111 0.000000
vn -0.661402 0.750032 0.000000
vn -0.697986 0.716111 0.000000
vn -0.732889 0.680348 0.000000
vn -0.732889 0.680348 0.000000
vn -0.765997 0.642844 0.000000
vn -0.765997 0.642844 0.000000
vn -0.796897 0.604115 0.000000
vn -0.796897 0.604115 0.000000
vn -0.826121 0.563493 0.000000
vn -0.826121 0.563493 0.000000
vn -0.853199 0.521586 0.000000
vn -0.853199 0.521586 0.000000
vn -0.878118 0.478445 0.000000
vn -0.878118 0.478445 0.000000
vn -0.900997 0.433825 0.000000
vn -0.900997 0.433825 0.000000
vn -0.921330 0.388782 0.000000
vn -0.921330 0.388782 0.000000
vn -0.939686 0.342038 0.000000
vn -0.939686 0.342038 0.000000
vn -0.955527 0.294903 0.000000
vn -0.955527 0.294903 0.000000
vn -0.969049 0.246870 0.000000
vn -0.969049 0.246870 0.000000
vn -0.980155 0.198234 0.000000
vn -0.980155 0.198234 0.000000
vn -0.988841 0.148976 0.000000
vn -0.988841 0.148976 0.000000
vn -0.995014 0.099731 0.000000
vn -0.995014 0.099731 0.000000
vn -0.998756 0.049865 0.000000
vn -1.000000 -0.000000 -0.000000
vn -0.998756 0.049865 0.000000
vn -1.000000 0.000000 0.000000
vn -0.998756 -0.049865 0.000000
vn -0.998756 -0.049865 0.000000
vn -0.995014 -0.099731 0.000000
vn -0.995014 -0.099731 0.000000
vn -0.988841 -0.148976 0.000000
vn -0.988841 -0.148976 0.000000
vn -0.980155 -0.198234 0.000000
vn -0.969049 -0.246870 -0.000000
vn -0.980155 -0.198234 0.000000
vn -0.969049 -0.246870 0.000000
vn -0.955527 -0.294903 0.000000
vn -0.955527 -0.294903 0.000000
vn -0.939686 -0.342038 0.000000
vn -0.939686 -0.342038 0.000000
vn -0.921330 -0.388782 0.000000
vn -0.921330 -0.388782 0.000000
vn -0.900997 -0.433825 0.000000
vn -0.900997 -0.433825 0.000000
vn -0.878118 -0.478445 0.000000
vn -0.878118 -0.478445 0.000000
vn -0.853199 -0.521586 0.000000
vn -0.853199 -0.521586 0.000000
vn -0.826121 -0.563493 0.000000
vn -0.826121 -0.563493 0.000000
vn -0.796897 -0.604115 0.000000
vn -0.796897 -0.604115 0.000000
vn -0.765997 -0.642844 0.000000
vn -0.765997 -0.642844 0.000000
vn -0.732889 -0.680348 0.000000
vn -0.732889 -0.680348 0.000000
vn -0.697986 -0.716111 0.000000
vn -0.697986 -0.716111 0.000000
vn -0.661402 -0.750032 0.000000
vn -0.661402 -0.750032 0.000000
vn -0.623286 -0.781994 0.000000
vn -0.623286 -0.781994 0.000000
vn -0.583428 -0.812165 0.000000
vn -0.583428 -0.812165 0.000000
vn 0.973108 -0.230347 0.000000
vn 0.973108 -0.230347 0.000000
vn 0.981975 -0.189011 0.000000
vn 0.981975 -0.189011 0.000000
vn 0.989091 -0.147308 0.000000
vn 0.989091 -0.147308 0.000000
vn 0.994408 -0.105603 0.000000
vn 0.994408 -0.105603 0.000000
vn 0.997990 -0.063364 0.000000
vn 0.997990 -0.063364 0.000000
vn 0.999777 -0.021121 0.000000
vn 0.999690 0.024881 0.000000
vn 0.999777 -0.021121 0.000000
vn 0.997222 0.074488 0.000000
vn 0.999690 0.024881 0.000000
vn 0.997222 0.074488 0.000000
vn 0.992308 0.123791 0.000000
vn 0.992308 0.123791 -0.000000
vn 0.984906 0.173091 0.000000
vn 0.984906 0.173091 -0.000000
vn 0.975131 0.221628 0.000000
vn 0.975131 0.221628 -0.000000
vn 0.962903 0.269849 0.000000
vn 0.962903 0.269849 -0.000000
vn 0.948275 0.317448 0.000000
vn 0.948275 0.317448 -0.000000
vn 0.931397 0.364004 0.000000
vn 0.931397 0.364004 -0.000000
vn 0.912186 0.409776 0.000000
vn 0.890683 0.454624 0.000000
vn 0.912186 0.409776 -0.000000
vn 0.890683 0.454624 0.000000
vn 0.866969 0.498362 0.000000
vn 0.866969 0.498362 -0.000000
vn 0.841173 0.540765 0.000000
vn 0.841173 0.540765 -0.000000
vn 0.813321 0.581816 0.000000
vn 0.813321 0.581816 -0.000000
vn 0.783380 0.621543 0.000000
vn 0.783380 0.621543 -0.000000
vn 0.751572 0.659651 0.000000
vn 0.717870 0.696177 0.000000
vn 0.751572 0.659651 -0.000000
vn 0.717870 0.696177 0.000000
vn 0.682443 0.730939 0.000000
vn 0.645269 0.763956 0.000000
vn 0.682443 0.730939 -0.000000
vn 0.645269 0.763956 0.000000
vn 0.606516 0.795071 0.000000
vn 0.566359 0.824158 0.000000
vn 0.606516 0.795071 -0.000000
vn 0.566359 0.824158 0.000000
vn 0.524674 0.851304 -0.000000
vn 0.524674 0.851304 0.000000
vn 0.481801 0.876281 -0.000000
vn 0.481801 0.876281 0.000000
vn 0.437605 0.899167 0.000000
vn 0.437605 0.899167 0.000000
vn 0.392519 0.919744 -0.000000
vn 0.392519 0.919744 0.000000
vn 0.346305 0.938122 0.000000
vn 0.346305 0.938122 0.000000
vn 0.299280 0.954165 -0.000000
vn 0.299280 0.954165 0.000000
vn 0.251523 0.967851 0.000000
vn 0.251523 0.967851 0.000000
vn 0.203163 0.979145 -0.000000
vn 0.203163 0.979145 0.000000
vn 0.154278 0.988027 0.000000
vn 0.154278 0.988027 0.000000
vn 0.105053 0.994467 0.000000
vn 0.105053 0.994467 0.000000
vn 0.055521 0.998458 -0.000000
vn 0.055521 0.998458 0.000000
vn 0.005875 0.999983 0.000000
vn -0.043809 0.999040 0.000000
vn 0.005875 0.999983 -0.000000
vn -0.043809 0.999040 0.000000
vn -0.093350 0.995633 0.000000
vn -0.093350 0.995633 0.000000
vn -0.142706 0.989765 0.000000
vn -0.142706 0.989765 0.000000
vn -0.191647 0.981464 0.000000
vn -0.240186 0.970727 0.000000
vn -0.191647 0.981464 0.000000
vn -0.240186 0.970727 0.000000
vn -0.741905 0.670505 0.000000
vn -0.741905 0.670505 0.000000
vn -0.773544 0.633743 0.000000
vn -0.773544 0.633743 0.000000
vn -0.803367 0.595484 0.000000
vn -0.803367 0.595484 0.000000
vn -0.831294 0.555833 0.000000
vn -0.831294 0.555833 0.000000
vn -0.857261 0.514882 0.000000
vn -0.857261 0.514882 0.000000
vn -0.881222 0.472702 0.000000
vn -0.903108 0.429414 0.000000
vn -0.881222 0.472702 0.000000
vn -0.903108 0.429414 0.000000
vn -0.922863 0.385127 0.000000
vn -0.940451 0.339930 0.000000
vn -0.922863 0.385127 0.000000
vn -0.940451 0.339930 0.000000
vn -0.955828 0.293928 0.000000
vn -0.955828 0.293928 0.000000
vn -0.968957 0.247230 0.000000
vn -0.968957 0.247230 0.000000
vn -0.979803 0.199967 0.000000
vn -0.988348 0.152212 0.000000
vn -0.979803 0.199967 0.000000
vn -0.994565 0.104120 0.000000
vn -0.988348 0.152212 0.000000
vn -0.994565 0.104120 0.000000
vn -0.998443 0.055776 0.000000
vn -0.998443 0.055776 0.000000
vn 0.232278 0.972649 0.000000
vn 0.232278 0.972649 0.000000
vn 0.183944 0.982937 0.000000
vn 0.183944 0.982937 -0.000000
vn 0.135161 0.990824 0.000000
vn 0.135161 0.990824 -0.000000
vn 0.086035 0.996292 -0.000000
vn 0.086035 0.996292 0.000000
vn 0.036705 0.999326 -0.000000
vn 0.036705 0.999326 0.000000
vn -0.012698 0.999919 0.000000
vn -0.012698 0.999919 0.000000
vn -0.062100 0.998070 0.000000
vn -0.062100 0.998070 0.000000
vn -0.111313 0.993785 0.000000
vn -0.111313 0.993785 0.000000
vn -0.160280 0.987072 0.000000
vn -0.160280 0.987072 0.000000
vn -0.208828 0.977952 0.000000
vn -0.208828 0.977952 0.000000
vn -0.256930 0.966430 0.000000
vn -0.256930 0.966430 0.000000
vn -0.304335 0.952565 0.000000
vn -0.304335 0.952565 0.000000
vn -0.351039 0.936361 0.000000
vn -0.351039 0.936361 0.000000
vn -0.396903 0.917860 0.000000
vn -0.396903 0.917860 0.000000
vn -0.441679 0.897173 0.000000
vn -0.441679 0.897173 0.000000
vn -0.485548 0.874210 0.000000
vn -0.485548 0.874210 0.000000
vn -0.528069 0.849202 0.000000
vn -0.528069 0.849202 0.000000
vn -0.569415 0.822050 0.000000
vn -0.569415 0.822050 0.000000
vn -0.609321 0.792924 0.000000
vn -0.609321 0.792924 0.000000
vn -0.647738 0.761863 0.000000
vn -0.647738 0.761863 0.000000
vn -0.684644 0.728877 0.000000
vn -0.684644 0.728877 0.000000
vn -0.719766 0.694217 0.000000
vn -0.753181 0.657813 0.000000
vn -0.719766 0.694217 0.000000
vn -0.753181 0.657813 0.000000
vn -0.784815 0.619731 0.000000
vn -0.784815 0.619731 0.000000
vn -0.814406 0.580296 0.000000
vn -0.814406 0.580296 0.000000
vn -0.842134 0.539268 0.000000
vn -0.842134 0.539268 0.000000
vn -0.867696 0.497095 0.000000
vn -0.867696 0.497095 0.000000
vn -0.891283 0.453448 0.000000
vn -0.912492 0.409094 0.000000
vn -0.891283 0.453448 0.000000
vn -0.912492 0.409094 0.000000
vn -0.931629 0.363412 0.000000
vn -0.931629 0.363412 0.000000
vn -0.948490 0.316807 0.000000
vn -0.948490 0.316807 0.000000
vn -0.962943 0.269707 0.000000
vn -0.962943 0.269707 0.000000
vn -0.975082 0.221844 0.000000
vn -0.975082 0.221844 0.000000
vn -0.984857 0.173370 0.000000
vn -0.984857 0.173370 0.000000
vn -0.992228 0.124434 0.000000
vn -0.992228 0.124434 0.000000
vn -0.997158 0.075337 0.000000
vn -0.997158 0.075337 0.000000
vn -0.999664 0.025936 0.000000
vn -0.999664 0.025936 0.000000
vn -0.999725 -0.023466 -0.000000
vn -0.999725 -0.023466 0.000000
vn -0.997342 -0.072868 0.000000
vn -0.997342 -0.072868 0.000000
vn -0.992535 -0.121963 0.000000
vn -0.992535 -0.121963 0.000000
vn -0.985288 -0.170901 0.000000
vn -0.985288 -0.170901 0.000000
vn -0.975640 -0.219378 -0.000000
vn -0.975640 -0.219378 0.000000
vn 0.660156 0.751128 0.000000
vn 0.660156 0.751128 -0.000000
vn 0.622654 0.782497 -0.000000
vn 0.622654 0.782497 0.000000
vn 0.583666 0.811994 -0.000000
vn 0.583666 0.811994 0.000000
vn 0.543280 0.839551 -0.000000
vn 0.543280 0.839551 0.000000
vn 0.501599 0.865100 -0.000000
vn 0.501599 0.865100 0.000000
vn 0.458716 0.888583 -0.000000
vn 0.458716 0.888583 0.000000
vn 0.414736 0.909942 -0.000000
vn 0.414736 0.909942 0.000000
vn 0.369766 0.929125 -0.000000
vn 0.369766 0.929125 0.000000
vn 0.323915 0.946086 -0.000000
vn 0.323915 0.946086 0.000000
vn 0.277285 0.960788 -0.000000
vn 0.277285 0.960788 0.000000
vn 0.229995 0.973192 -0.000000
vn 0.229995 0.973192 0.000000
vn 0.182153 0.983270 -0.000000
vn 0.182153 0.983270 0.000000
vn 0.133878 0.990998 0.000000
vn 0.133878 0.990998 -0.000000
vn 0.085282 0.996357 0.000000
vn 0.085282 0.996357 -0.000000
vn 0.060310 0.998180 -0.000000
vn 0.060310 0.998180 -0.000000
vn 0.059074 0.998254 0.000000
vn 0.059074 0.998254 -0.000000
vn 0.057869 0.998324 -0.000000
vn 0.052969 0.998596 -0.000000
vn 0.057869 0.998324 0.000000
vn 0.052969 0.998596 -0.000000
vn 0.044402 0.999014 0.000000
vn 0.044402 0.999014 -0.000000
vn 0.035830 0.999358 0.000000
vn 0.035830 0.999358 -0.000000
vn -0.055332 0.998468 0.000000
vn -0.055332 0.998468 0.000000
vn -0.102801 0.994702 0.000000
vn -0.102801 0.994702 0.000000
vn -0.150038 0.988680 0.000000
vn -0.196933 0.980417 0.000000
vn -0.150038 0.988680 0.000000
vn -0.196933 0.980417 0.000000
vn -0.243383 0.969930 0.000000
vn -0.289282 0.957244 0.000000
vn -0.243383 0.969930 0.000000
vn -0.289282 0.957244 0.000000
vn -0.334522 0.942388 0.000000
vn -0.334522 0.942388 0.000000
vn -0.379004 0.925395 0.000000
vn -0.379004 0.925395 0.000000
vn -0.422629 0.906303 0.000000
vn -0.465295 0.885156 0.000000
vn -0.422629 0.906303 0.000000
vn -0.506905 0.862002 0.000000
vn -0.465295 0.885156 0.000000
vn -0.506905 0.862002 0.000000
vn -0.547366 0.836893 0.000000
vn -0.547366 0.836893 0.000000
vn -0.586585 0.809888 0.000000
vn -0.624476 0.781044 0.000000
vn -0.586585 0.809888 0.000000
vn -0.624476 0.781044 0.000000
vn -0.660949 0.750431 0.000000
vn -0.660949 0.750431 0.000000
vn 0.812109 0.583506 -0.000000
vn 0.812109 0.583506 0.000000
vn 0.782069 0.623192 0.000000
vn 0.782069 0.623192 -0.000000
vn 0.749935 0.661511 0.000000
vn 0.749935 0.661511 -0.000000
vn 0.716112 0.697985 -0.000000
vn 0.716112 0.697985 0.000000
vn 0.680310 0.732924 -0.000000
vn 0.680310 0.732924 0.000000
vn 0.642990 0.765875 0.000000
vn 0.642990 0.765875 0.000000
vn 0.604019 0.796970 -0.000000
vn 0.604019 0.796970 0.000000
vn 0.563493 0.826121 -0.000000
vn 0.563493 0.826121 0.000000
vn 0.521600 0.853190 0.000000
vn 0.521600 0.853190 0.000000
vn 0.478401 0.878142 -0.000000
vn 0.478401 0.878142 0.000000
vn 0.434027 0.900900 -0.000000
vn 0.434027 0.900900 0.000000
vn 0.388554 0.921426 -0.000000
vn 0.388554 0.921426 0.000000
vn 0.342156 0.939643 0.000000
vn 0.342156 0.939643 0.000000
vn 0.294850 0.955544 0.000000
vn 0.294850 0.955544 0.000000
vn 0.246834 0.969058 -0.000000
vn 0.246834 0.969058 0.000000
vn 0.198215 0.980159 -0.000000
vn 0.198215 0.980159 0.000000
vn 0.149092 0.988823 -0.000000
vn 0.149092 0.988823 0.000000
vn 0.099602 0.995027 0.000000
vn 0.099602 0.995027 0.000000
vn 0.049869 0.998756 0.000000
vn 0.049869 0.998756 -0.000000
vn 0.000000 1.000000 0.000000
vn 0.000000 1.000000 -0.000000
vn -0.049869 0.998756 0.000000
vn -0.099602 0.995027 0.000000
vn -0.049869 0.998756 0.000000
vn -0.099602 0.995027 0.000000
vn -0.149092 0.988823 0.000000
vn -0.149092 0.988823 0.000000
vn -0.198215 0.980159 0.000000
vn -0.198215 0.980159 0.000000
vn -0.246834 0.969058 0.000000
vn -0.246834 0.969058 0.000000
vn -0.294850 0.955544 0.000000
vn -0.294850 0.955544 0.000000
vn -0.342156 0.939643 0.000000
vn -0.388554 0.921426 0.000000
vn -0.342156 0.939643 0.000000
vn -0.388554 0.921426 0.000000
vn -0.434027 0.900900 0.000000
vn -0.434027 0.900900 0.000000
vn -0.478401 0.878142 0.000000
vn -0.478401 0.878142 0.000000
vn -0.521600 0.853190 0.000000
vn -0.521600 0.853190 0.000000
vn -0.563493 0.826121 0.000000
vn -0.563493 0.826121 0.000000
vn -0.604019 0.796970 0.000000
vn -0.604019 0.796970 0.000000
vn -0.642990 0.765875 0.000000
vn -0.642990 0.765875 0.000000
vn -0.680310 0.732924 0.000000
vn -0.680310 0.732924 0.000000
vn -0.716112 0.697985 0.000000
vn -0.716112 0.697985 0.000000
vn -0.749935 0.661511 0.000000
vn -0.749935 0.661511 0.000000
vn -0.782069 0.623192 0.000000
vn -0.782069 0.623192 0.000000
vn -0.812109 0.583506 0.000000
vn -0.812109 0.583506 0.000000
vn 0.000000 -0.707107 0.707107
vn 0.000000 -0.707107 0.707107
vn 0.000000 -0.707107 0.707107
vn -1.000000 -0.000000 0.000000
vn -1.000000 -0.000000 0.000000
vn -1.000000 0.000000 0.000000
vn -1.000000 0.000000 0.000000
vn 0.000000 0.707107 0.707107
vn -0.000000 0.707107 0.707107
vn 0.000000 0.707107 0.707107
vn 1.000000 0.000000 0.000000
vn 1.000000 -0.000000 0.000000
vn 0.707107 -0.000000 -0.707107
vn 0.707043 -0.000001 -0.707171
vn 0.707169 0.000000 -0.707045
vn 0.707151 0.000001 -0.707063
vn 0.707082 -0.000001 -0.707132
vn 0.707099 -0.000000 -0.707115
vn 0.707107 0.000000 -0.707107
vn 0.707122 0.000001 -0.707091
vn 0.707084 -0.000001 -0.707129
vn 0.707136 0.000002 -0.707078
vn 0.707085 -0.000002 -0.707128
vn 0.707149 0.000004 -0.707065
vn 0.707072 -0.000004 -0.707141
vn 0.707093 -0.000001 -0.707120
vn 0.707127 0.000002 -0.707086
vn 0.707114 0.000001 -0.707100
vn 0.707107 -0.000000 -0.707107
vn 0.707107 -0.000000 -0.707107
vn 0.707100 -0.000001 -0.707114
vn 0.707107 -0.000000 -0.707107
vn 0.707100 0.000002 -0.707114
vn 0.707100 0.000002 -0.707114
vn 0.707120 -0.000004 -0.707093
vn 0.707100 0.000002 -0.707114
vn 0.707100 0.000002 -0.707114
vn 0.707100 0.000002 -0.707114
vn 0.707155 -0.000012 -0.707058
vn 0.707100 0.000001 -0.707114
vn 0.707092 0.000003 -0.707121
vn 0.707136 -0.000007 -0.707078
vn 0.707084 0.000005 -0.707129
vn 0.707084 0.000005 -0.707130
vn 0.707091 0.000003 -0.707123
vn 0.707165 -0.000011 -0.707049
vn 0.707055 0.000010 -0.707159
vn 0.707134 -0.000005 -0.707080
vn 0.707107 -0.000000 -0.707107
vn 0.707076 0.000005 -0.707137
vn 0.707117 -0.000002 -0.707096
vn 0.707176 -0.000011 -0.707038
vn 0.707044 0.000009 -0.707169
vn 0.707107 -0.000000 -0.707107
vn 0.707092 0.000002 -0.707122
vn 0.707090 0.000002 -0.707123
vn 0.707107 0.000000 -0.707107
vn 0.707194 -0.000012 -0.707020
vn 0.707107 0.000000 -0.707107
vn 0.707107 0.000000 -0.707107
vn 0.707168 0.000000 -0.707045
vn 0.707042 0.000000 -0.707172
vn 0.707042 0.000000 -0.707172
vn 0.707169 0.000000 -0.707045
vn 0.707151 0.000000 -0.707062
vn 0.707151 0.000000 -0.707062
vn 0.707081 0.000000 -0.707132
vn 0.707081 0.000000 -0.707132
vn 0.707098 0.000000 -0.707115
vn 0.707107 0.000000 -0.707107
vn 0.707099 0.000000 -0.707115
vn 0.707107 0.000000 -0.707107
vn 0.707122 0.000000 -0.707091
vn 0.707122 0.000000 -0.707091
vn 0.707084 0.000000 -0.707129
vn 0.707136 0.000000 -0.707077
vn 0.707084 0.000000 -0.707130
vn 0.707136 0.000000 -0.707077
vn 0.707085 0.000000 -0.707129
vn 0.707085 0.000000 -0.707129
vn 0.707150 0.000000 -0.707064
vn 0.707150 0.000000 -0.707064
vn 0.707071 0.000000 -0.707142
vn 0.707071 0.000000 -0.707142
vn 0.707093 0.000000 -0.707121
vn 0.707093 0.000000 -0.707121
vn 0.707128 0.000000 -0.707086
vn 0.707114 0.000000 -0.707100
vn 0.707128 0.000000 -0.707086
vn 0.707114 0.000000 -0.707100
vn 0.707107 0.000000 -0.707107
vn 0.707107 0.000000 -0.707107
vn 0.707107 0.000000 -0.707107
vn 0.707107 0.000000 -0.707107
vn 0.707100 0.000000 -0.707114
vn 0.707100 0.000000 -0.707114
vn 0.707100 0.000000 -0.707114
vn 0.707100 0.000000 -0.707114
vn 0.707100 0.000000 -0.707114
vn 0.707100 0.000000 -0.707114
vn 0.707100 0.000000 -0.707114
vn 0.707121 0.000000 -0.707093
vn 0.707121 0.000000 -0.707093
vn 0.707100 0.000000 -0.707114
vn 0.707100 0.000000 -0.707114
vn 0.707100 0.000000 -0.707114
vn 0.707099 0.000000 -0.707114
vn 0.707100 0.000000 -0.707114
vn 0.707159 0.000000 -0.707055
vn 0.707159 0.000000 -0.707055
vn 0.707091 0.000000 -0.707122
vn 0.707099 0.000000 -0.707114
vn 0.707099 0.000000 -0.707114
vn 0.707091 0.000000 -0.707122
vn 0.707139 0.000000 -0.707075
vn 0.707139 0.000000 -0.707075
vn 0.707082 0.000000 -0.707132
vn 0.707082 0.000000 -0.707132
vn 0.707089 0.000000 -0.707125
vn 0.707081 0.000000 -0.707133
vn 0.707081 0.000000 -0.707133
vn 0.707089 0.000000 -0.707125
vn 0.707172 0.000000 -0.707041
vn 0.707172 0.000000 -0.707041
vn 0.707048 0.000000 -0.707166
vn 0.707048 0.000000 -0.707166
vn 0.707138 0.000000 -0.707076
vn 0.707138 0.000000 -0.707076
vn 0.707107 0.000000 -0.707107
vn 0.707107 0.000000 -0.707107
vn 0.707072 0.000000 -0.707142
vn 0.707072 0.000000 -0.707142
vn 0.707119 0.000000 -0.707094
vn 0.707119 0.000000 -0.707094
vn 0.707189 0.000000 -0.707024
vn 0.707189 0.000000 -0.707025
vn 0.707032 0.000000 -0.707182
vn 0.707032 0.000000 -0.707182
vn 0.707088 0.000000 -0.707126
vn 0.707107 0.000000 -0.707107
vn 0.707107 0.000000 -0.707107
vn 0.707085 0.000000 -0.707128
vn 0.707088 0.000000 -0.707126
vn 0.707107 0.000000 -0.707107
vn 0.707085 0.000000 -0.707128
vn 0.707107 0.000000 -0.707107
vn 0.707230 0.000000 -0.706983
vn 0.707230 0.000000 -0.706983
vn 0.707028 0.000000 -0.707186
vn 0.707028 0.000000 -0.707186
vn 0.707107 0.000000 -0.707107
vn 0.707107 0.000000 -0.707107
vn 0.707107 0.000000 -0.707107
vn 0.707168 0.000000 -0.707045
vn 0.707107 0.000000 -0.707107
vn 0.707042 0.000000 -0.707172
vn 0.707042 0.000000 -0.707172
vn 0.707169 0.000000 -0.707045
vn 0.707151 0.000000 -0.707062
vn 0.707151 0.000000 -0.707062
vn 0.707081 0.000000 -0.707132
vn 0.707081 0.000000 -0.707132
vn 0.707099 0.000000 -0.707115
vn 0.707098 0.000000 -0.707115
vn 0.707107 0.000000 -0.707107
vn 0.707107 0.000000 -0.707107
vn 0.707122 0.000000 -0.707091
vn 0.707122 0.000000 -0.707091
vn 0.707084 0.000000 -0.707130
vn 0.707084 0.000000 -0.707129
vn 0.707136 0.000000 -0.707077
vn 0.707136 0.000000 -0.707077
vn 0.707085 0.000000 -0.707129
vn 0.707085 0.000000 -0.707129
vn 0.707150 0.000000 -0.707064
vn 0.707150 0.000000 -0.707064
vn 0.707071 0.000000 -0.707142
vn 0.707071 0.000000 -0.707142
vn 0.707093 0.000000 -0.707121
vn 0.707093 0.000000 -0.707121
vn 0.707128 0.000000 -0.707086
vn 0.707114 0.000000 -0.707100
vn 0.707128 0.000000 -0.707086
vn 0.707114 0.000000 -0.707100
vn 0.707107 0.000000 -0.707107
vn 0.707107 0.000000 -0.707107
vn 0.707107 0.000000 -0.707107
vn 0.707107 0.000000 -0.707107
vn 0.707100 0.000000 -0.707114
vn 0.707100 0.000000 -0.707114
vn 0.707100 0.000000 -0.707114
vn 0.707100 0.000000 -0.707114
vn 0.707121 0.000000 -0.707093
vn 0.707100 0.000000 -0.707114
vn 0.707100 0.000000 -0.707114
vn 0.707121 0.000000 -0.707093
vn 0.707100 0.000000 -0.707114
vn 0.707100 0.000000 -0.707114
vn 0.707100 0.000000 -0.707114
vn 0.707100 0.000000 -0.707114
vn 0.707100 0.000000 -0.707114
vn 0.707099 0.000000 -0.707114
vn 0.707159 0.000000 -0.707055
vn 0.707159 0.000000 -0.707055
vn 0.707099 0.000000 -0.707114
vn 0.707099 0.000000 -0.707114
vn 0.707091 0.000000 -0.707122
vn 0.707091 0.000000 -0.707122
vn 0.707139 0.000000 -0.707075
vn 0.707139 0.000000 -0.707075
vn 0.707082 0.000000 -0.707132
vn 0.707082 0.000000 -0.707132
vn 0.707081 0.000000 -0.707133
vn 0.707081 0.000000 -0.707133
vn 0.707089 0.000000 -0.707125
vn 0.707089 0.000000 -0.707125
vn 0.707172 0.000000 -0.707041
vn 0.707172 0.000000 -0.707041
vn 0.707048 0.000000 -0.707166
vn 0.707048 0.000000 -0.707166
vn 0.707138 0.000000 -0.707076
vn 0.707138 0.000000 -0.707076
vn 0.707107 0.000000 -0.707107
vn 0.707107 0.000000 -0.707107
vn 0.707072 0.000000 -0.707142
vn 0.707072 0.000000 -0.707142
vn 0.707119 0.000000 -0.707094
vn 0.707119 0.000000 -0.707094
vn 0.707189 0.000000 -0.707024
vn 0.707189 0.000000 -0.707024
vn 0.707032 0.000000 -0.707182
vn 0.707032 0.000000 -0.707182
vn 0.707088 0.000000 -0.707126
vn 0.707107 0.000000 -0.707107
vn 0.707107 0.000000 -0.707107
vn 0.707085 0.000000 -0.707128
vn 0.707088 0.000000 -0.707126
vn 0.707107 0.000000 -0.707107
vn 0.707085 0.000000 -0.707128
vn 0.707107 0.000000 -0.707107
vn 0.707230 0.000000 -0.706983
vn 0.707230 0.000000 -0.706983
vn 0.707028 0.000000 -0.707186
vn 0.707107 0.000000 -0.707107
vn 0.707028 0.000000 -0.707186
vn 0.707107 0.000000 -0.707107
vn 0.707100 0.000001 -0.707114
vn 0.707100 0.000001 -0.707113
vn 0.707107 0.000000 -0.707107
vn 0.707107 0.000000 -0.707107
vn 0.707114 -0.000001 -0.707100
vn 0.707127 -0.000003 -0.707086
vn 0.707093 0.000002 -0.707121
vn 0.707072 0.000004 -0.707142
vn 0.707149 -0.000004 -0.707065
vn 0.707085 0.000002 -0.707128
vn 0.707136 -0.000002 -0.707078
vn 0.707085 0.000002 -0.707129
vn 0.707122 -0.000001 -0.707091
vn 0.707107 0.000000 -0.707107
vn 0.707099 0.000000 -0.707115
vn 0.707082 0.000001 -0.707132
vn 0.707151 -0.000001 -0.707063
vn 0.707043 0.000001 -0.707171
vn 0.707107 0.000000 -0.707106
vn 0.707168 0.000000 -0.707045
vn 0.707104 0.000000 -0.707110
vn 0.707055 -0.000007 -0.707158
vn 0.707190 0.000012 -0.707023
vn 0.707107 0.000000 -0.707107
vn 0.707090 -0.000002 -0.707124
vn 0.707091 -0.000002 -0.707122
vn 0.707105 0.000000 -0.707108
vn 0.707044 -0.000010 -0.707169
vn 0.707174 0.000012 -0.707040
vn 0.707117 0.000002 -0.707096
vn 0.707076 -0.000005 -0.707137
vn 0.707106 0.000000 -0.707108
vn 0.707133 0.000006 -0.707080
vn 0.707056 -0.000010 -0.707158
vn 0.707164 0.000013 -0.707049
vn 0.707091 -0.000004 -0.707123
vn 0.707084 -0.000005 -0.707130
vn 0.707084 -0.000005 -0.707129
vn 0.707136 0.000008 -0.707078
vn 0.707092 -0.000003 -0.707121
vn 0.707100 -0.000002 -0.707114
vn 0.707155 0.000014 -0.707059
vn 0.707100 -0.000002 -0.707114
vn 0.707101 -0.000002 -0.707113
vn 0.707101 -0.000002 -0.707113
vn 0.707120 0.000005 -0.707094
vn 0.707100 -0.000002 -0.707114
vn 0.707107 0.000000 -0.707107
vn 0.707106 0.000000 -0.707108
vn 0.706937 -0.000023 -0.707276
vn 0.707264 0.000022 -0.706949
vn 0.706833 0.000019 -0.707380
vn 0.707323 -0.000016 -0.706891
vn 0.707097 0.000001 -0.707116
vn 0.707474 0.000000 -0.706739
vn 0.707623 -0.000047 -0.706591
vn 0.706876 0.000021 -0.707337
vn 0.707302 -0.000018 -0.706911
vn 0.707099 0.000001 -0.707114
vn 0.707474 0.000000 -0.706739
vn 0.707418 -0.000040 -0.706795
vn 0.706921 0.000023 -0.707292
vn 0.707275 -0.000021 -0.706939
vn 0.707107 0.000000 -0.707107
vn 0.707052 0.000007 -0.707162
vn 0.000000 0.000000 -1.000000
vn 0.000000 0.000000 -1.000000
vn 0.000000 0.000000 -1.000000
vn 0.000000 0.000000 -1.000000
vn 0.000000 0.000000 -1.000000
vn 0.000000 0.000000 -1.000000
vn 0.000000 0.000000 -1.000000
vn 0.000000 0.000000 -1.000000
vn 0.000000 0.000000 -1.000000
vn 0.000000 0.000000 -1.000000
vn 0.000000 0.000000 -1.000000
vn 0.000000 0.000000 -1.000000
vn 0.000000 0.000000 -1.000000
vn 0.000000 0.000000 -1.000000
vn 0.000000 0.000000 -1.000000
vn 0.000000 0.000000 -1.000000
vn 0.000000 0.000000 -1.000000
vn 0.000000 0.000000 -1.000000
vn 0.000000 0.000000 -1.000000
vn 0.000000 0.000000 -1.000000
vn 0.000000 0.000000 -1.000000
vn 0.000000 0.000000 -1.000000
vn 0.000000 0.000000 -1.000000
vn 0.000000 0.000000 -1.000000
vn 0.000000 0.000000 -1.000000
vn 0.000000 0.000000 -1.000000
vn 0.000000 0.000000 -1.000000
vn 0.000000 0.000000 -1.000000
vn 0.000000 0.000000 -1.000000
vn 0.000000 0.000000 -1.000000
vn 0.000000 0.000000 -1.000000
vn 0.000000 0.000000 -1.000000
vn 0.000000 0.000000 -1.000000
vn 0.000000 0.000000 -1.000000
vn 0.000000 0.000000 -1.000000
vn 0.000000 0.000000 -1.000000
vn 0.000000 0.000000 -1.000000
vn 0.000000 0.000000 -1.000000
vn 0.000000 0.000000 -1.000000
vn 0.000000 0.000000 -1.000000
vn 0.000000 0.000000 -1.000000
vn 0.000000 0.000000 -1.000000
vn 0.000000 -0.000000 -1.000000
vn 0.000000 0.000000 -1.000000
vn 0.000000 -0.000000 -1.000000
vn 0.000000 0.000000 -1.000000
vn 0.000000 -0.000000 -1.000000
vn 0.000000 0.000000 -1.000000
vn 0.000000 -0.000000 -1.000000
vn 0.000000 0.000000 -1.000000
vn 0.000000 -0.000000 -1.000000
vn 0.000000 0.000000 -1.000000
vn 0.000000 -0.000000 -1.000000
vn 0.000000 0.000000 -1.000000
vn 0.000000 -0.000000 -1.000000
vn 0.000000 0.000000 -1.000000
vn 0.000000 0.000000 -1.000000
vn 0.000000 -0.000000 -1.000000
vn 0.000000 0.000000 -1.000000
vn 0.000000 -0.000000 -1.000000
vn 0.000000 0.000000 -1.000000
vn 0.000000 -0.000000 -1.000000
vn 0.000000 0.000000 -1.000000
vn 0.000000 -0.000000 -1.000000
vn 0.000000 0.000000 -1.000000
vn 0.000000 0.000000 -1.000000
vn 0.000000 0.000000 -1.000000
vn 0.000000 0.000000 -1.000000
vn 0.000000 0.000000 -1.000000
vn 0.000000 0.000000 -1.000000
vn 0.000000 0.000000 -1.000000
vn 0.000000 0.000000 -1.000000
vn 0.000000 0.000000 -1.000000
vn 0.000000 0.000000 -1.000000
vn 0.000000 0.000000 -1.000000
vn 0.000000 0.000000 -1.000000
vn 0.000000 0.000000 -1.000000
vn 0.000000 0.000000 -1.000000
vn 0.000000 0.000000 -1.000000
vn 0.000000 0.000000 -1.000000
vn 0.000000 0.000000 -1.000000
vn 0.000000 0.000000 -1.000000
vn 0.000000 0.000000 -1.000000
vn 0.000000 0.000000 -1.000000
vn 0.000000 0.000000 -1.000000
vn 0.706887 0.024912 0.706888
vn 0.706887 0.024897 0.706888
vn 0.705127 0.074805 0.705124
vn 0.705131 0.074698 0.705132
vn 0.701624 0.124277 0.701626
vn 0.696357 0.173705 0.696358
vn 0.701617 0.124383 0.701614
vn 0.696357 0.173704 0.696358
vn 0.689382 0.222495 0.689383
vn 0.680671 0.270875 0.680672
vn 0.689384 0.222482 0.689385
vn 0.680693 0.270775 0.680689
vn 0.670283 0.318505 0.670280
vn 0.658237 0.365310 0.658234
vn 0.670280 0.318518 0.670277
vn 0.658213 0.365391 0.658213
vn 0.644550 0.411230 0.644551
vn 0.629213 0.456269 0.629214
vn 0.644546 0.411241 0.644547
vn 0.629213 0.456269 0.629214
vn 0.612390 0.499956 0.612391
vn 0.612390 0.499957 0.612391
vn 0.593963 0.542600 0.593964
vn 0.594000 0.542524 0.593997
vn 0.574147 0.583707 0.574144
vn 0.574108 0.583779 0.574109
vn 0.552857 0.623456 0.552858
vn 0.552821 0.623522 0.552819
vn 0.530165 0.661704 0.530163
vn 0.530197 0.661651 0.530197
vn 0.506183 0.698253 0.506183
vn 0.506183 0.698253 0.506183
vn 0.480941 0.733070 0.480941
vn 0.480981 0.733020 0.480978
vn 0.454491 0.766079 0.454489
vn 0.454532 0.766029 0.454533
vn 0.426973 0.797112 0.426973
vn 0.426937 0.797152 0.426935
vn 0.398318 0.826249 0.398316
vn 0.398352 0.826215 0.398353
vn 0.368716 0.853286 0.368716
vn 0.368716 0.853286 0.368716
vn 0.338183 0.878216 0.338184
vn 0.338152 0.878241 0.338150
vn 0.306831 0.900949 0.306831
vn 0.306802 0.900970 0.306800
vn 0.274667 0.921475 0.274667
vn 0.274666 0.921475 0.274667
vn 0.241835 0.939698 0.241835
vn 0.241835 0.939698 0.241835
vn 0.208410 0.955578 0.208411
vn 0.174498 0.969072 0.174498
vn 0.208410 0.955578 0.208411
vn 0.174500 0.969071 0.174501
vn 0.140108 0.980173 0.140108
vn 0.140108 0.980173 0.140108
vn 0.105379 0.988833 0.105379
vn 0.105390 0.988831 0.105390
vn 0.070411 0.995030 0.070411
vn 0.070403 0.995031 0.070402
vn 0.035247 0.998757 0.035247
vn 0.035247 0.998757 0.035247
vn 0.000000 1.000000 0.000000
vn -0.000000 1.000000 0.000000
vn -0.035247 0.998757 -0.035247
vn -0.035243 0.998757 -0.035243
vn -0.070411 0.995030 -0.070411
vn -0.070411 0.995030 -0.070411
vn -0.105379 0.988833 -0.105379
vn -0.105379 0.988833 -0.105379
vn -0.140108 0.980173 -0.140107
vn -0.140123 0.980169 -0.140123
vn -0.174480 0.969079 -0.174479
vn -0.174498 0.969072 -0.174498
vn -0.208413 0.955577 -0.208414
vn -0.208411 0.955578 -0.208411
vn -0.241857 0.939686 -0.241857
vn -0.241836 0.939697 -0.241835
vn -0.274640 0.921491 -0.274639
vn -0.274666 0.921475 -0.274667
vn -0.306831 0.900949 -0.306831
vn -0.306835 0.900947 -0.306835
vn -0.338151 0.878241 -0.338151
vn -0.338151 0.878241 -0.338151
vn -0.368715 0.853286 -0.368716
vn -0.368716 0.853286 -0.368716
vn -0.398352 0.826215 -0.398352
vn -0.398352 0.826215 -0.398352
vn -0.426936 0.797152 -0.426937
vn -0.426936 0.797152 -0.426937
vn -0.454533 0.766029 -0.454533
vn -0.454527 0.766035 -0.454528
vn -0.480941 0.733070 -0.480942
vn -0.480941 0.733070 -0.480942
vn -0.506182 0.698253 -0.506183
vn -0.506222 0.698198 -0.506220
vn -0.530165 0.661704 -0.530163
vn -0.530197 0.661651 -0.530197
vn -0.552820 0.623522 -0.552821
vn -0.552815 0.623530 -0.552816
vn -0.574145 0.583708 -0.574146
vn -0.574145 0.583708 -0.574146
vn -0.593963 0.542600 -0.593964
vn -0.594000 0.542524 -0.593997
vn -0.612392 0.499956 -0.612389
vn -0.612357 0.500037 -0.612358
vn -0.629213 0.456269 -0.629214
vn -0.629246 0.456184 -0.629243
vn -0.644552 0.411229 -0.644549
vn -0.644521 0.411319 -0.644522
vn -0.658235 0.365309 -0.658236
vn -0.658235 0.365310 -0.658236
vn -0.670281 0.318505 -0.670282
vn -0.670281 0.318505 -0.670282
vn -0.680670 0.270876 -0.680672
vn -0.680671 0.270875 -0.680672
vn -0.689382 0.222494 -0.689383
vn -0.689382 0.222495 -0.689383
vn -0.696357 0.173703 -0.696358
vn -0.696358 0.173691 -0.696360
vn -0.701625 0.124276 -0.701625
vn -0.701625 0.124277 -0.701625
vn -0.705131 0.074698 -0.705132
vn -0.705128 0.074805 -0.705124
vn -0.706887 0.025020 -0.706883
vn -0.706887 0.024897 -0.706888
vn -0.706885 -0.025020 -0.706886
vn -0.706890 -0.024897 -0.706886
vn -0.705133 -0.074698 -0.705129
vn -0.705125 -0.074805 -0.705126
vn -0.701625 -0.124277 -0.701625
vn -0.701625 -0.124277 -0.701625
vn -0.696359 -0.173691 -0.696359
vn -0.696357 -0.173705 -0.696358
vn -0.689382 -0.222495 -0.689383
vn -0.689382 -0.222495 -0.689383
vn -0.680671 -0.270875 -0.680672
vn -0.680670 -0.270876 -0.680672
vn -0.670281 -0.318505 -0.670282
vn -0.670281 -0.318505 -0.670282
vn -0.658235 -0.365309 -0.658236
vn -0.658235 -0.365310 -0.658236
vn -0.644521 -0.411319 -0.644522
vn -0.644552 -0.411229 -0.644549
vn -0.629246 -0.456184 -0.629243
vn -0.629213 -0.456269 -0.629214
vn -0.612392 -0.499956 -0.612389
vn -0.612357 -0.500037 -0.612358
vn -0.593963 -0.542600 -0.593964
vn -0.594000 -0.542524 -0.593997
vn -0.574145 -0.583708 -0.574146
vn -0.574145 -0.583708 -0.574146
vn -0.552820 -0.623522 -0.552821
vn -0.552815 -0.623530 -0.552816
vn -0.530199 -0.661651 -0.530196
vn -0.506184 -0.698254 -0.506181
vn -0.530164 -0.661704 -0.530164
vn -0.480941 -0.733070 -0.480942
vn -0.506221 -0.698198 -0.506222
vn -0.480941 -0.733070 -0.480942
vn -0.454533 -0.766029 -0.454533
vn -0.454527 -0.766035 -0.454528
vn -0.426936 -0.797152 -0.426937
vn -0.398352 -0.826215 -0.398352
vn -0.426936 -0.797152 -0.426937
vn -0.398352 -0.826215 -0.398352
vn -0.368715 -0.853286 -0.368716
vn -0.338151 -0.878241 -0.338151
vn -0.368716 -0.853286 -0.368716
vn -0.338151 -0.878241 -0.338151
vn -0.306831 -0.900949 -0.306831
vn -0.274666 -0.921475 -0.274667
vn -0.306835 -0.900947 -0.306835
vn -0.274640 -0.921491 -0.274639
vn -0.241857 -0.939687 -0.241856
vn -0.241835 -0.939698 -0.241835
vn -0.208413 -0.955577 -0.208413
vn -0.208410 -0.955578 -0.208411
vn -0.174480 -0.969079 -0.174480
vn -0.174499 -0.969072 -0.174498
vn -0.140123 -0.980169 -0.140122
vn -0.140108 -0.980173 -0.140108
vn -0.105379 -0.988833 -0.105379
vn -0.070411 -0.995030 -0.070411
vn -0.105379 -0.988833 -0.105379
vn -0.070411 -0.995030 -0.070411
vn -0.035247 -0.998757 -0.035247
vn -0.035243 -0.998757 -0.035243
vn 0.000000 -1.000000 0.000000
vn 0.000000 -1.000000 -0.000000
vn 0.035247 -0.998757 0.035247
vn 0.035247 -0.998757 0.035247
vn 0.070411 -0.995030 0.070411
vn 0.070402 -0.995031 0.070402
vn 0.105379 -0.988833 0.105379
vn 0.140108 -0.980173 0.140108
vn 0.105390 -0.988831 0.105390
vn 0.140108 -0.980173 0.140108
vn 0.174498 -0.969072 0.174498
vn 0.174500 -0.969071 0.174501
vn 0.208410 -0.955578 0.208411
vn 0.208410 -0.955578 0.208411
vn 0.241835 -0.939698 0.241835
vn 0.241835 -0.939698 0.241835
vn 0.274667 -0.921475 0.274667
vn 0.306831 -0.900949 0.306831
vn 0.274666 -0.921475 0.274667
vn 0.306802 -0.900970 0.306800
vn 0.338151 -0.878241 0.338152
vn 0.338184 -0.878216 0.338183
vn 0.368716 -0.853286 0.368716
vn 0.368716 -0.853286 0.368716
vn 0.398353 -0.826215 0.398351
vn 0.398316 -0.826249 0.398317
vn 0.426936 -0.797152 0.426937
vn 0.426974 -0.797112 0.426972
vn 0.454534 -0.766029 0.454531
vn 0.480943 -0.733069 0.480940
vn 0.454490 -0.766079 0.454490
vn 0.480979 -0.733020 0.480980
vn 0.506182 -0.698254 0.506183
vn 0.506183 -0.698253 0.506183
vn 0.530164 -0.661704 0.530164
vn 0.530199 -0.661651 0.530196
vn 0.552859 -0.623456 0.552856
vn 0.552820 -0.623522 0.552821
vn 0.574108 -0.583779 0.574109
vn 0.574147 -0.583707 0.574144
vn 0.594000 -0.542524 0.593997
vn 0.593963 -0.542600 0.593964
vn 0.612390 -0.499957 0.612391
vn 0.612390 -0.499956 0.612391
vn 0.629213 -0.456269 0.629214
vn 0.629213 -0.456269 0.629214
vn 0.644550 -0.411230 0.644551
vn 0.644546 -0.411241 0.644547
vn 0.658236 -0.365310 0.658236
vn 0.658215 -0.365391 0.658212
vn 0.670280 -0.318518 0.670277
vn 0.670283 -0.318505 0.670280
vn 0.680693 -0.270775 0.680689
vn 0.680671 -0.270875 0.680672
vn 0.689384 -0.222482 0.689385
vn 0.689382 -0.222495 0.689383
vn 0.696357 -0.173704 0.696358
vn 0.696357 -0.173705 0.696358
vn 0.701627 -0.124276 0.701623
vn 0.701615 -0.124383 0.701616
vn 0.705125 -0.074805 0.705126
vn 0.706887 -0.024897 0.706888
vn 0.705133 -0.074698 0.705130
vn 0.706887 -0.024912 0.706888
vn 0.706887 0.024912 0.706888
vn 0.706887 0.024898 0.706888
vn 0.705127 0.074804 0.705124
vn 0.705131 0.074696 0.705132
vn 0.701624 0.124277 0.701626
vn 0.696356 0.173708 0.696357
vn 0.701617 0.124383 0.701614
vn 0.696356 0.173707 0.696357
vn 0.689383 0.222491 0.689383
vn 0.680670 0.270880 0.680671
vn 0.689384 0.222478 0.689386
vn 0.680692 0.270780 0.680688
vn 0.670285 0.318499 0.670281
vn 0.658236 0.365316 0.658232
vn 0.670282 0.318512 0.670278
vn 0.658211 0.365398 0.658212
vn 0.644552 0.411223 0.644553
vn 0.629213 0.456269 0.629214
vn 0.644549 0.411234 0.644549
vn 0.629213 0.456269 0.629214
vn 0.612390 0.499956 0.612391
vn 0.612390 0.499957 0.612391
vn 0.593963 0.542600 0.593964
vn 0.594000 0.542524 0.593997
vn 0.574152 0.583698 0.574149
vn 0.574113 0.583770 0.574114
vn 0.552852 0.623465 0.552853
vn 0.552816 0.623532 0.552813
vn 0.530171 0.661695 0.530169
vn 0.530203 0.661642 0.530203
vn 0.506183 0.698253 0.506183
vn 0.506183 0.698253 0.506183
vn 0.480941 0.733070 0.480941
vn 0.480981 0.733020 0.480978
vn 0.454483 0.766089 0.454481
vn 0.454524 0.766039 0.454525
vn 0.426981 0.797103 0.426982
vn 0.426946 0.797142 0.426944
vn 0.398299 0.826267 0.398297
vn 0.398334 0.826232 0.398334
vn 0.368716 0.853286 0.368716
vn 0.368716 0.853286 0.368716
vn 0.338194 0.878208 0.338194
vn 0.338162 0.878233 0.338161
vn 0.306820 0.900957 0.306820
vn 0.306791 0.900977 0.306789
vn 0.274678 0.921468 0.274679
vn 0.274678 0.921468 0.274678
vn 0.241835 0.939698 0.241835
vn 0.241835 0.939698 0.241835
vn 0.208423 0.955573 0.208423
vn 0.174485 0.969077 0.174486
vn 0.208423 0.955573 0.208423
vn 0.174488 0.969076 0.174488
vn 0.140108 0.980173 0.140108
vn 0.140108 0.980173 0.140108
vn 0.105379 0.988833 0.105379
vn 0.105390 0.988831 0.105390
vn 0.070411 0.995030 0.070411
vn 0.070403 0.995031 0.070402
vn 0.035247 0.998757 0.035247
vn 0.035247 0.998757 0.035247
vn 0.000000 1.000000 0.000000
vn -0.000000 1.000000 0.000000
vn -0.035247 0.998757 -0.035247
vn -0.035243 0.998757 -0.035243
vn -0.070411 0.995030 -0.070411
vn -0.070411 0.995030 -0.070411
vn -0.105379 0.988833 -0.105379
vn -0.105379 0.988833 -0.105379
vn -0.140108 0.980173 -0.140107
vn -0.140123 0.980169 -0.140123
vn -0.174468 0.969083 -0.174467
vn -0.174485 0.969077 -0.174486
vn -0.208426 0.955572 -0.208426
vn -0.208423 0.955573 -0.208423
vn -0.241857 0.939686 -0.241857
vn -0.241836 0.939697 -0.241835
vn -0.274651 0.921485 -0.274650
vn -0.274678 0.921468 -0.274678
vn -0.306820 0.900957 -0.306820
vn -0.306824 0.900954 -0.306824
vn -0.338161 0.878233 -0.338162
vn -0.338162 0.878233 -0.338162
vn -0.368715 0.853286 -0.368716
vn -0.368716 0.853286 -0.368716
vn -0.398334 0.826233 -0.398334
vn -0.398334 0.826233 -0.398334
vn -0.426945 0.797142 -0.426945
vn -0.426945 0.797142 -0.426945
vn -0.454525 0.766038 -0.454525
vn -0.454519 0.766044 -0.454520
vn -0.480941 0.733070 -0.480942
vn -0.480941 0.733070 -0.480942
vn -0.506182 0.698253 -0.506183
vn -0.506222 0.698198 -0.506220
vn -0.530171 0.661695 -0.530169
vn -0.530203 0.661642 -0.530203
vn -0.552815 0.623531 -0.552815
vn -0.552810 0.623540 -0.552811
vn -0.574149 0.583699 -0.574150
vn -0.574149 0.583699 -0.574150
vn -0.593963 0.542600 -0.593964
vn -0.594000 0.542524 -0.593997
vn -0.612392 0.499956 -0.612389
vn -0.612357 0.500037 -0.612358
vn -0.629213 0.456269 -0.629214
vn -0.629246 0.456184 -0.629243
vn -0.644554 0.411222 -0.644551
vn -0.644523 0.411312 -0.644525
vn -0.658234 0.365316 -0.658235
vn -0.658233 0.365316 -0.658235
vn -0.670282 0.318500 -0.670283
vn -0.670282 0.318500 -0.670283
vn -0.680669 0.270881 -0.680671
vn -0.680670 0.270880 -0.680671
vn -0.689383 0.222490 -0.689384
vn -0.689382 0.222491 -0.689384
vn -0.696357 0.173707 -0.696357
vn -0.696358 0.173694 -0.696359
vn -0.701625 0.124276 -0.701625
vn -0.701625 0.124277 -0.701625
vn -0.705131 0.074696 -0.705132
vn -0.705128 0.074804 -0.705124
vn -0.706887 0.025020 -0.706883
vn -0.706887 0.024898 -0.706888
vn -0.706885 -0.025020 -0.706886
vn -0.706890 -0.024898 -0.706886
vn -0.705133 -0.074696 -0.705129
vn -0.705125 -0.074804 -0.705126
vn -0.701625 -0.124277 -0.701625
vn -0.701625 -0.124277 -0.701625
vn -0.696358 -0.173694 -0.696359
vn -0.696356 -0.173708 -0.696357
vn -0.689382 -0.222491 -0.689384
vn -0.689382 -0.222491 -0.689384
vn -0.680670 -0.270880 -0.680671
vn -0.680669 -0.270881 -0.680671
vn -0.670282 -0.318500 -0.670283
vn -0.670282 -0.318500 -0.670283
vn -0.658234 -0.365313 -0.658236
vn -0.658234 -0.365313 -0.658235
vn -0.644522 -0.411316 -0.644523
vn -0.644553 -0.411225 -0.644550
vn -0.629244 -0.456188 -0.629241
vn -0.629211 -0.456273 -0.629212
vn -0.612395 -0.499947 -0.612392
vn -0.612360 -0.500029 -0.612361
vn -0.593961 -0.542605 -0.593962
vn -0.593998 -0.542528 -0.593995
vn -0.574149 -0.583699 -0.574150
vn -0.574149 -0.583699 -0.574150
vn -0.552812 -0.623536 -0.552813
vn -0.552807 -0.623544 -0.552808
vn -0.530207 -0.661637 -0.530205
vn -0.506184 -0.698254 -0.506181
vn -0.530173 -0.661690 -0.530173
vn -0.480937 -0.733074 -0.480938
vn -0.506221 -0.698198 -0.506222
vn -0.480937 -0.733074 -0.480938
vn -0.454525 -0.766038 -0.454525
vn -0.454519 -0.766044 -0.454520
vn -0.426945 -0.797142 -0.426945
vn -0.398338 -0.826228 -0.398338
vn -0.426945 -0.797142 -0.426945
vn -0.398338 -0.826228 -0.398338
vn -0.368720 -0.853282 -0.368721
vn -0.338156 -0.878237 -0.338156
vn -0.368721 -0.853282 -0.368721
vn -0.338156 -0.878237 -0.338157
vn -0.306820 -0.900957 -0.306820
vn -0.274678 -0.921468 -0.274678
vn -0.306824 -0.900954 -0.306824
vn -0.274651 -0.921485 -0.274650
vn -0.241857 -0.939687 -0.241856
vn -0.241835 -0.939698 -0.241835
vn -0.208419 -0.955575 -0.208420
vn -0.208417 -0.955576 -0.208417
vn -0.174473 -0.969081 -0.174474
vn -0.174492 -0.969074 -0.174491
vn -0.140123 -0.980169 -0.140122
vn -0.140108 -0.980173 -0.140108
vn -0.105379 -0.988833 -0.105379
vn -0.070411 -0.995030 -0.070411
vn -0.105379 -0.988833 -0.105379
vn -0.070411 -0.995030 -0.070411
vn -0.035247 -0.998757 -0.035247
vn -0.035243 -0.998757 -0.035243
vn 0.000000 -1.000000 0.000000
vn 0.000000 -1.000000 -0.000000
vn 0.035247 -0.998757 0.035247
vn 0.035247 -0.998757 0.035247
vn 0.070411 -0.995030 0.070411
vn 0.070402 -0.995031 0.070402
vn 0.105379 -0.988833 0.105379
vn 0.140108 -0.980173 0.140108
vn 0.105390 -0.988831 0.105390
vn 0.140108 -0.980173 0.140108
vn 0.174492 -0.969074 0.174492
vn 0.174494 -0.969074 0.174494
vn 0.208417 -0.955576 0.208417
vn 0.208417 -0.955576 0.208417
vn 0.241835 -0.939698 0.241835
vn 0.241835 -0.939698 0.241835
vn 0.274678 -0.921468 0.274679
vn 0.306820 -0.900957 0.306820
vn 0.274678 -0.921468 0.274678
vn 0.306791 -0.900977 0.306789
vn 0.338156 -0.878237 0.338157
vn 0.338189 -0.878212 0.338188
vn 0.368721 -0.853282 0.368721
vn 0.368721 -0.853282 0.368721
vn 0.398339 -0.826228 0.398337
vn 0.398302 -0.826263 0.398303
vn 0.426945 -0.797142 0.426945
vn 0.426983 -0.797103 0.426981
vn 0.454526 -0.766038 0.454523
vn 0.480939 -0.733074 0.480936
vn 0.454482 -0.766089 0.454482
vn 0.480976 -0.733024 0.480976
vn 0.506182 -0.698254 0.506183
vn 0.506183 -0.698253 0.506183
vn 0.530173 -0.661690 0.530173
vn 0.530207 -0.661637 0.530205
vn 0.552851 -0.623470 0.552848
vn 0.552812 -0.623536 0.552813
vn 0.574113 -0.583770 0.574114
vn 0.574152 -0.583698 0.574149
vn 0.593998 -0.542528 0.593995
vn 0.593961 -0.542605 0.593962
vn 0.612393 -0.499948 0.612394
vn 0.612393 -0.499948 0.612394
vn 0.629211 -0.456273 0.629212
vn 0.629211 -0.456273 0.629212
vn 0.644551 -0.411227 0.644552
vn 0.644548 -0.411237 0.644548
vn 0.658235 -0.365313 0.658235
vn 0.658214 -0.365395 0.658211
vn 0.670282 -0.318512 0.670278
vn 0.670285 -0.318499 0.670281
vn 0.680692 -0.270780 0.680688
vn 0.680670 -0.270880 0.680671
vn 0.689385 -0.222478 0.689385
vn 0.689382 -0.222491 0.689384
vn 0.696356 -0.173707 0.696357
vn 0.696356 -0.173708 0.696357
vn 0.701627 -0.124276 0.701623
vn 0.701615 -0.124383 0.701616
vn 0.705125 -0.074804 0.705126
vn 0.706887 -0.024898 0.706888
vn 0.705133 -0.074696 0.705130
vn 0.706887 -0.024912 0.706888
vn -0.999690 -0.024894 0.000000
vn -0.999690 -0.024894 0.000000
vn -0.997203 -0.074740 0.000000
vn -0.997203 -0.074740 0.000000
vn -0.992238 -0.124352 0.000000
vn -0.992238 -0.124352 0.000000
vn -0.984804 -0.173669 0.000000
vn -0.984804 -0.173669 0.000000
vn -0.974929 -0.222515 0.000000
vn -0.974929 -0.222515 0.000000
vn -0.962626 -0.270832 0.000000
vn -0.947924 -0.318498 0.000000
vn -0.962626 -0.270832 0.000000
vn -0.947924 -0.318498 0.000000
vn -0.930871 -0.365348 0.000000
vn -0.930871 -0.365348 0.000000
vn -0.911521 -0.411254 0.000000
vn -0.911521 -0.411254 0.000000
vn -0.889871 -0.456213 0.000000
vn -0.889871 -0.456213 0.000000
vn -0.866029 -0.499994 0.000000
vn -0.866029 -0.499994 0.000000
vn -0.840025 -0.542548 0.000000
vn -0.840025 -0.542548 0.000000
vn -0.811938 -0.583743 0.000000
vn -0.811938 -0.583743 0.000000
vn -0.781815 -0.623510 0.000000
vn -0.781815 -0.623510 0.000000
vn -0.749797 -0.661667 0.000000
vn -0.749797 -0.661667 0.000000
vn -0.715850 -0.698254 0.000000
vn -0.715850 -0.698254 0.000000
vn -0.680173 -0.733051 0.000000
vn -0.680173 -0.733051 0.000000
vn -0.642786 -0.766046 0.000000
vn -0.642786 -0.766046 0.000000
vn -0.603797 -0.797138 0.000000
vn -0.563335 -0.826229 0.000000
vn -0.603797 -0.797138 0.000000
vn -0.521439 -0.853288 0.000000
vn -0.563335 -0.826229 0.000000
vn -0.521439 -0.853288 0.000000
vn -0.478259 -0.878219 0.000000
vn -0.478259 -0.878219 0.000000
vn -0.433864 -0.900978 0.000000
vn -0.433864 -0.900978 0.000000
vn -0.388448 -0.921470 0.000000
vn -0.388448 -0.921470 0.000000
vn -0.342014 -0.939695 0.000000
vn -0.342014 -0.939695 0.000000
vn -0.294758 -0.955572 0.000000
vn -0.294758 -0.955572 0.000000
vn -0.246757 -0.969077 0.000000
vn -0.246757 -0.969077 0.000000
vn -0.198153 -0.980171 0.000000
vn -0.198153 -0.980171 0.000000
vn -0.149043 -0.988831 0.000000
vn -0.149043 -0.988831 0.000000
vn -0.099559 -0.995032 0.000000
vn -0.099559 -0.995032 0.000000
vn -0.049847 -0.998757 0.000000
vn -0.049847 -0.998757 0.000000
vn 0.000000 -1.000000 0.000000
vn 0.049847 -0.998757 0.000000
vn 0.000000 -1.000000 0.000000
vn 0.049847 -0.998757 0.000000
vn 0.099559 -0.995032 0.000000
vn 0.099559 -0.995032 0.000000
vn 0.149043 -0.988831 0.000000
vn 0.149043 -0.988831 0.000000
vn 0.198153 -0.980171 0.000000
vn 0.198153 -0.980171 0.000000
vn 0.246757 -0.969077 0.000000
vn 0.246757 -0.969077 0.000000
vn 0.294758 -0.955572 0.000000
vn 0.294758 -0.955572 0.000000
vn 0.342014 -0.939695 0.000000
vn 0.342014 -0.939695 0.000000
vn 0.388448 -0.921470 0.000000
vn 0.388448 -0.921470 0.000000
vn 0.433864 -0.900978 0.000000
vn 0.433864 -0.900978 0.000000
vn 0.478259 -0.878219 0.000000
vn 0.478259 -0.878219 0.000000
vn 0.521439 -0.853288 0.000000
vn 0.521439 -0.853288 0.000000
vn 0.563335 -0.826229 0.000000
vn 0.563335 -0.826229 0.000000
vn 0.603797 -0.797138 0.000000
vn 0.603797 -0.797138 0.000000
vn 0.642786 -0.766046 0.000000
vn 0.642786 -0.766046 0.000000
vn 0.680173 -0.733051 0.000000
vn 0.680173 -0.733051 0.000000
vn 0.715850 -0.698254 0.000000
vn 0.715850 -0.698254 0.000000
vn 0.749797 -0.661667 0.000000
vn 0.749797 -0.661667 0.000000
vn 0.781815 -0.623510 0.000000
vn 0.781815 -0.623510 0.000000
vn 0.811938 -0.583743 0.000000
vn 0.811938 -0.583743 0.000000
vn 0.840025 -0.542548 0.000000
vn 0.840025 -0.542548 0.000000
vn 0.866029 -0.499994 0.000000
vn 0.866029 -0.499994 0.000000
vn 0.889871 -0.456213 0.000000
vn 0.889871 -0.456213 0.000000
vn 0.911521 -0.411254 0.000000
vn 0.911521 -0.411254 0.000000
vn 0.930871 -0.365348 0.000000
vn 0.930871 -0.365348 0.000000
vn 0.947924 -0.318498 0.000000
vn 0.947924 -0.318498 0.000000
vn 0.962626 -0.270832 0.000000
vn 0.962626 -0.270832 0.000000
vn 0.974929 -0.222515 0.000000
vn 0.974929 -0.222515 0.000000
vn 0.984804 -0.173669 0.000000
vn 0.984804 -0.173669 0.000000
vn 0.992238 -0.124352 0.000000
vn 0.992238 -0.124352 0.000000
vn 0.997203 -0.074740 0.000000
vn 0.997203 -0.074740 0.000000
vn 0.999690 -0.024894 0.000000
vn 0.999690 -0.024894 0.000000
vn 0.999690 0.024894 0.000000
vn 0.999690 0.024894 -0.000000
vn 0.997203 0.074740 0.000000
vn 0.997203 0.074740 -0.000000
vn 0.992238 0.124352 0.000000
vn 0.992238 0.124352 -0.000000
vn 0.984804 0.173669 0.000000
vn 0.984804 0.173669 -0.000000
vn 0.974929 0.222515 0.000000
vn 0.974929 0.222515 -0.000000
vn 0.962626 0.270832 0.000000
vn 0.962626 0.270832 -0.000000
vn 0.947924 0.318498 0.000000
vn 0.947924 0.318498 -0.000000
vn 0.930872 0.365346 0.000000
vn 0.930872 0.365346 -0.000000
vn 0.911520 0.411257 0.000000
vn 0.911520 0.411257 -0.000000
vn 0.889872 0.456210 0.000000
vn 0.889872 0.456210 -0.000000
vn 0.866027 0.499997 -0.000000
vn 0.866027 0.499997 -0.000000
vn 0.840025 0.542548 0.000000
vn 0.840025 0.542548 -0.000000
vn 0.811941 0.583740 0.000000
vn 0.811941 0.583740 -0.000000
vn 0.781812 0.623514 0.000000
vn 0.781812 0.623514 -0.000000
vn 0.749794 0.661671 0.000000
vn 0.749794 0.661671 -0.000000
vn 0.715854 0.698250 0.000000
vn 0.715854 0.698250 -0.000000
vn 0.680177 0.733048 0.000000
vn 0.680177 0.733048 -0.000000
vn 0.642777 0.766053 0.000000
vn 0.642777 0.766053 -0.000000
vn 0.603807 0.797131 0.000000
vn 0.603807 0.797131 -0.000000
vn 0.563335 0.826229 -0.000000
vn 0.563335 0.826229 0.000000
vn 0.521439 0.853288 -0.000000
vn 0.521439 0.853288 0.000000
vn 0.478248 0.878225 -0.000000
vn 0.478248 0.878225 0.000000
vn 0.433870 0.900975 -0.000000
vn 0.433870 0.900975 0.000000
vn 0.388455 0.921468 -0.000000
vn 0.388455 0.921468 0.000000
vn 0.342007 0.939697 0.000000
vn 0.342007 0.939697 -0.000000
vn 0.294758 0.955572 0.000000
vn 0.294758 0.955572 -0.000000
vn 0.246757 0.969077 0.000000
vn 0.246757 0.969077 -0.000000
vn 0.198146 0.980173 0.000000
vn 0.198146 0.980173 -0.000000
vn 0.149043 0.988831 0.000000
vn 0.149043 0.988831 -0.000000
vn 0.099566 0.995031 0.000000
vn 0.099566 0.995031 -0.000000
vn 0.049847 0.998757 0.000000
vn 0.049847 0.998757 -0.000000
vn 0.000000 1.000000 0.000000
vn 0.000000 1.000000 -0.000000
vn -0.049847 0.998757 0.000000
vn -0.049847 0.998757 0.000000
vn -0.099566 0.995031 0.000000
vn -0.099566 0.995031 0.000000
vn -0.149043 0.988831 0.000000
vn -0.149043 0.988831 0.000000
vn -0.198146 0.980173 0.000000
vn -0.198146 0.980173 0.000000
vn -0.246757 0.969077 0.000000
vn -0.246757 0.969077 0.000000
vn -0.294758 0.955572 0.000000
vn -0.294758 0.955572 0.000000
vn -0.342007 0.939697 0.000000
vn -0.342007 0.939697 0.000000
vn -0.388455 0.921468 0.000000
vn -0.388455 0.921468 0.000000
vn -0.433870 0.900975 0.000000
vn -0.433870 0.900975 0.000000
vn -0.478248 0.878225 0.000000
vn -0.478248 0.878225 0.000000
vn -0.521439 0.853288 0.000000
vn -0.521439 0.853288 0.000000
vn -0.563335 0.826229 0.000000
vn -0.563335 0.826229 0.000000
vn -0.603807 0.797131 0.000000
vn -0.603807 0.797131 0.000000
vn -0.642777 0.766053 0.000000
vn -0.642777 0.766053 0.000000
vn -0.680177 0.733048 0.000000
vn -0.680177 0.733048 0.000000
vn -0.715854 0.698250 0.000000
vn -0.715854 0.698250 0.000000
vn -0.749794 0.661671 0.000000
vn -0.749794 0.661671 0.000000
vn -0.781812 0.623514 0.000000
vn -0.781812 0.623514 0.000000
vn -0.811941 0.583740 0.000000
vn -0.811941 0.583740 0.000000
vn -0.840025 0.542548 0.000000
vn -0.840025 0.542548 0.000000
vn -0.866027 0.499997 0.000000
vn -0.866027 0.499997 0.000000
vn -0.889872 0.456210 0.000000
vn -0.889872 0.456210 0.000000
vn -0.911520 0.411257 0.000000
vn -0.911520 0.411257 0.000000
vn -0.930872 0.365346 0.000000
vn -0.930872 0.365346 0.000000
vn -0.947924 0.318498 0.000000
vn -0.947924 0.318498 0.000000
vn -0.962626 0.270832 0.000000
vn -0.962626 0.270832 0.000000
vn -0.974929 0.222515 0.000000
vn -0.974929 0.222515 0.000000
vn -0.984804 0.173669 0.000000
vn -0.984804 0.173669 0.000000
vn -0.992238 0.124352 0.000000
vn -0.992238 0.124352 0.000000
vn -0.997203 0.074740 0.000000
vn -0.997203 0.074740 0.000000
vn -0.999690 0.024894 0.000000
vn -0.999690 0.024894 0.000000
vn 0.000000 1.000000 0.000000
vn 0.000000 1.000000 0.000000
vn 1.000000 0.000000 0.000000
vn 1.000000 -0.000000 0.000000
vn -1.000000 0.000000 0.000000
vn -1.000000 0.000000 0.000000
vn -1.000000 0.000000 0.000000
vn -1.000000 0.000000 0.000000
vn -1.000000 0.000000 0.000000
vn -1.000000 0.000000 0.000000
vn -1.000000 0.000000 0.000000
vn -1.000000 0.000000 0.000000
vn 0.000000 -1.000000 0.000000
vn 0.000000 -1.000000 0.000000
vn 0.000000 -0.707107 0.707107
vn 0.000000 -0.707107 0.707107
vn 0.000000 1.000000 0.000000
vn 0.000000 1.000000 0.000000
vn 0.000000 1.000000 0.000000
vn 0.000000 1.000000 0.000000
vn -0.000000 -0.707107 -0.707107
vn 0.000000 -0.707107 -0.707107
vn -0.000000 -1.000000 0.000000
vn 0.000000 -1.000000 -0.000000
vn -0.000000 1.000000 0.000000
vn 0.000000 1.000000 0.000000
vn -0.000000 -0.000000 -1.000000
vn 0.000000 0.000000 -1.000000
vn 0.000000 0.000000 1.000000
vn 0.000000 0.000000 1.000000
vn 0.000000 0.000000 1.000000
vn 0.000000 0.000000 1.000000
vn -0.707148 0.000057 0.707066
vn -0.707148 0.000057 0.707066
vn -0.707079 -0.000038 0.707134
vn -0.707086 -0.000028 0.707128
vn -0.707096 -0.000023 0.707118
vn -0.707096 -0.000022 0.707118
vn -0.707122 0.000017 0.707092
vn -0.707115 0.000007 0.707099
vn -0.707084 -0.000043 0.707130
vn -0.707077 -0.000053 0.707137
vn -0.707092 -0.000018 0.707121
vn -0.707092 -0.000018 0.707121
vn -0.707175 0.000130 0.707038
vn -0.707132 0.000058 0.707081
vn -0.707123 0.000014 0.707090
vn -0.707123 0.000013 0.707090
vn -0.707073 -0.000066 0.707141
vn -0.707119 0.000021 0.707094
vn -0.707059 -0.000045 0.707155
vn -0.707121 0.000018 0.707092
vn -0.707139 0.000067 0.707074
vn -0.707091 -0.000034 0.707123
vn -0.707138 0.000032 0.707075
vn -0.707074 -0.000027 0.707140
vn -0.707040 -0.000164 0.707173
vn -0.707120 0.000021 0.707093
vn -0.707074 -0.000027 0.707140
vn -0.707140 0.000027 0.707074
vn -0.707129 0.000045 0.707085
vn -0.707097 -0.000038 0.707117
vn -0.707123 0.000016 0.707091
vn -0.707063 -0.000027 0.707151
vn -0.707118 0.000037 0.707095
vn -0.707123 0.000049 0.707091
vn -0.707161 0.000027 0.707053
vn -0.707152 0.000022 0.707061
vn -0.707102 -0.000026 0.707111
vn -0.707102 -0.000026 0.707112
vn -0.707089 -0.000009 0.707125
vn -0.707097 -0.000004 0.707116
vn -0.707100 -0.000039 0.707114
vn -0.707096 -0.000052 0.707117
vn -0.707144 0.000015 0.707070
vn -0.707062 -0.000024 0.707152
vn -0.707113 0.000039 0.707100
vn -0.707116 0.000052 0.707097
vn -0.707071 -0.000021 0.707143
vn -0.707154 0.000012 0.707060
vn -0.707095 -0.000066 0.707119
vn -0.707112 0.000026 0.707102
vn -0.707088 -0.000005 0.707126
vn -0.707079 -0.000008 0.707135
vn -0.707111 0.000081 0.707103
vn -0.707109 0.000068 0.707105
vn -0.707126 0.000001 0.707088
vn -0.707126 0.000001 0.707088
vn -0.707098 -0.000080 0.707115
vn -0.707111 0.000040 0.707102
vn -0.707069 -0.000005 0.707145
vn -0.707069 -0.000005 0.707145
vn -0.707107 -0.000081 0.707107
vn -0.707107 -0.000081 0.707107
vn -0.707049 -0.000006 0.707164
vn -0.707126 0.000002 0.707088
vn -0.707107 0.000081 0.707107
vn -0.707107 0.000081 0.707107
vn -0.707222 -0.000001 0.706992
vn -0.707145 -0.000004 0.707069
vn -0.707059 0.000005 0.707155
vn -0.707107 0.000081 0.707107
vn -0.707107 -0.000041 0.707107
vn -0.707125 -0.000011 0.707088
vn -0.707110 -0.000081 0.707104
vn -0.707109 -0.000068 0.707104
vn -0.707087 -0.000005 0.707127
vn -0.707154 -0.000012 0.707060
vn -0.707105 -0.000028 0.707109
vn -0.707098 0.000067 0.707115
vn -0.707069 0.000009 0.707144
vn -0.707079 0.000008 0.707135
vn -0.707115 -0.000053 0.707098
vn -0.707114 -0.000039 0.707100
vn -0.707125 -0.000007 0.707088
vn -0.707125 -0.000007 0.707088
vn -0.707097 0.000052 0.707116
vn -0.707099 0.000039 0.707114
vn -0.707107 0.000000 0.707107
vn -0.707107 0.000000 0.707107
vn -0.707102 0.000026 0.707112
vn -0.707102 0.000026 0.707112
vn -0.707069 0.000012 0.707144
vn -0.707143 -0.000017 0.707071
vn -0.707122 -0.000050 0.707092
vn -0.707119 -0.000037 0.707095
vn -0.707134 -0.000013 0.707079
vn -0.706998 0.000052 0.707216
vn -0.707123 -0.000049 0.707091
vn -0.707100 0.000040 0.707114
vn -0.707079 0.000011 0.707135
vn -0.707213 -0.000063 0.707001
vn -0.707113 -0.000026 0.707100
vn -0.707054 0.000174 0.707160
vn -0.707142 -0.000022 0.707072
vn -0.707002 0.000067 0.707212
vn -0.707132 -0.000073 0.707082
vn -0.707119 -0.000021 0.707094
vn -0.707094 0.000037 0.707119
vn -0.707123 -0.000014 0.707090
vn -0.707192 -0.000063 0.707022
vn -0.707073 0.000066 0.707141
vn -0.707057 0.000041 0.707156
vn -0.707123 -0.000014 0.707090
vn -0.707135 -0.000055 0.707079
vn -0.707170 -0.000136 0.707044
vn -0.707152 -0.000050 0.707061
vn -0.707088 0.000009 0.707126
vn -0.707078 0.000054 0.707136
vn -0.707083 0.000042 0.707131
vn -0.707052 0.000055 0.707161
vn -0.707122 -0.000016 0.707091
vn -0.707096 0.000023 0.707118
vn -0.707096 0.000023 0.707118
vn -0.707141 -0.000047 0.707073
vn -0.707074 0.000029 0.707140
vn -0.707148 -0.000057 0.707066
vn -0.707148 -0.000057 0.707066
vn -0.707044 0.000102 0.707170
vn -0.707093 0.000019 0.707120
vn -0.707086 0.000028 0.707127
vn -0.707079 0.000037 0.707135
vn -0.707188 -0.000151 0.707025
vn -0.707096 0.000023 0.707118
vn -0.707115 -0.000008 0.707099
vn -0.707122 -0.000016 0.707091
vn -0.707115 -0.000026 0.707099
vn -0.707071 0.000064 0.707142
vn -0.707092 0.000018 0.707121
vn -0.707124 -0.000013 0.707090
vn -0.707092 0.000018 0.707121
vn -0.707089 0.000032 0.707125
vn -0.707094 0.000020 0.707120
vn -0.707123 -0.000014 0.707090
vn -0.707115 -0.000025 0.707098
vn -0.707078 0.000071 0.707135
vn -0.707123 -0.000014 0.707090
vn -0.707138 -0.000032 0.707075
vn -0.707055 0.000036 0.707159
vn -0.707133 -0.000056 0.707080
vn -0.707129 -0.000044 0.707084
vn -0.707121 -0.000021 0.707093
vn -0.707074 0.000027 0.707140
vn -0.707080 0.000072 0.707133
vn -0.707123 -0.000016 0.707091
vn -0.707070 0.000017 0.707143
vn -0.707142 -0.000022 0.707072
vn -0.707130 -0.000074 0.707084
vn -0.707130 -0.000074 0.707084
vn -0.707063 0.000027 0.707151
vn -0.707108 -0.000028 0.707106
vn -0.707085 0.000075 0.707128
vn -0.707089 0.000009 0.707125
vn -0.707161 -0.000026 0.707052
vn -0.707152 -0.000022 0.707062
vn -0.707101 -0.000003 0.707113
vn -0.707098 0.000010 0.707115
vn -0.707098 0.000004 0.707116
vn -0.707144 -0.000015 0.707070
vn -0.707114 -0.000067 0.707099
vn -0.707097 0.000052 0.707116
vn -0.707112 -0.000026 0.707102
vn -0.707062 0.000024 0.707152
vn -0.707071 0.000021 0.707143
vn -0.707112 -0.000026 0.707102
vn -0.707088 0.000005 0.707126
vn -0.707154 -0.000012 0.707060
vn -0.707100 0.000053 0.707113
vn -0.707093 0.000161 0.707121
vn -0.707079 0.000008 0.707135
vn -0.707110 -0.000081 0.707104
vn -0.707098 0.000081 0.707115
vn -0.707105 0.000041 0.707108
vn -0.707126 -0.000001 0.707088
vn -0.707126 -0.000001 0.707088
vn -0.707111 -0.000040 0.707102
vn -0.707069 0.000005 0.707145
vn -0.707069 0.000005 0.707145
vn -0.707107 0.000135 0.707107
vn -0.707107 -0.000135 0.707107
vn -0.707111 -0.000027 0.707103
vn -0.707049 -0.000005 0.707164
vn -0.707126 0.000003 0.707088
vn -0.707111 0.000027 0.707103
vn -0.707221 0.000012 0.706992
vn -0.707145 -0.000001 0.707068
vn -0.707098 -0.000081 0.707115
vn -0.707111 0.000040 0.707102
vn -0.707087 0.000005 0.707127
vn -0.707125 0.000011 0.707088
vn -0.707059 -0.000005 0.707154
vn -0.707118 0.000080 0.707095
vn -0.707101 -0.000040 0.707112
vn -0.707069 -0.000009 0.707144
vn -0.707154 0.000012 0.707060
vn -0.707085 -0.000160 0.707128
vn -0.707104 -0.000054 0.707110
vn -0.707079 -0.000008 0.707135
vn -0.707111 0.000026 0.707102
vn -0.707112 0.000026 0.707102
vn -0.707125 0.000007 0.707088
vn -0.707107 0.000000 0.707107
vn -0.707125 0.000007 0.707088
vn -0.707119 0.000066 0.707095
vn -0.707089 -0.000049 0.707124
vn -0.707107 0.000000 0.707107
vn -0.707101 0.000003 0.707112
vn -0.707098 -0.000010 0.707116
vn -0.707140 0.000027 0.707073
vn -0.707071 -0.000017 0.707143
vn -0.707082 -0.000073 0.707132
vn -0.707115 0.000025 0.707098
vn -0.707130 0.000074 0.707084
vn -0.707131 0.000022 0.707082
vn -0.707003 -0.000070 0.707210
vn -0.707130 0.000074 0.707084
vn -0.707082 -0.000020 0.707132
vn -0.707002 -0.000067 0.707212
vn -0.707207 0.000081 0.707007
vn -0.707121 0.000021 0.707093
vn -0.707080 -0.000072 0.707133
vn -0.707142 0.000022 0.707072
vn -0.707134 0.000056 0.707080
vn -0.707128 0.000045 0.707085
vn -0.707125 0.000009 0.707088
vn -0.707123 0.000013 0.707090
vn -0.707188 0.000072 0.707026
vn -0.707118 0.000022 0.707095
vn -0.707072 -0.000065 0.707141
vn -0.707057 -0.000041 0.707157
vn -0.707088 -0.000010 0.707126
vn -0.707095 -0.000021 0.707119
vn -0.707088 -0.000031 0.707125
vn -0.707152 0.000050 0.707061
vn -0.707118 0.000022 0.707096
vn -0.707066 -0.000057 0.707148
vn -0.707055 -0.000060 0.707159
vn -0.707117 0.000025 0.707097
vn -0.707200 0.000136 0.707013
vn -0.707090 -0.000015 0.707123
vn -0.707038 -0.000094 0.707175
vn -0.707079 -0.000038 0.707134
vn -0.707096 -0.000023 0.707118
vn -0.707138 0.000052 0.707075
vn -0.707148 0.000057 0.707066
vn -0.707148 0.000057 0.707066
vn -0.707079 -0.000038 0.707134
vn -0.707086 -0.000028 0.707128
vn -0.707096 -0.000023 0.707118
vn -0.707096 -0.000022 0.707118
vn -0.707122 0.000017 0.707092
vn -0.707115 0.000007 0.707099
vn -0.707084 -0.000043 0.707130
vn -0.707077 -0.000053 0.707136
vn -0.707092 -0.000018 0.707121
vn -0.707092 -0.000018 0.707121
vn -0.707175 0.000130 0.707038
vn -0.707132 0.000058 0.707081
vn -0.707123 0.000014 0.707090
vn -0.707123 0.000013 0.707090
vn -0.707073 -0.000066 0.707141
vn -0.707119 0.000021 0.707094
vn -0.707059 -0.000045 0.707155
vn -0.707121 0.000018 0.707092
vn -0.707139 0.000067 0.707074
vn -0.707091 -0.000034 0.707123
vn -0.707138 0.000032 0.707075
vn -0.707074 -0.000027 0.707140
vn -0.707040 -0.000164 0.707173
vn -0.707120 0.000021 0.707093
vn -0.707074 -0.000027 0.707140
vn -0.707140 0.000027 0.707073
vn -0.707129 0.000045 0.707085
vn -0.707097 -0.000038 0.707117
vn -0.707123 0.000016 0.707091
vn -0.707063 -0.000027 0.707151
vn -0.707118 0.000037 0.707095
vn -0.707123 0.000049 0.707091
vn -0.707161 0.000027 0.707053
vn -0.707152 0.000022 0.707061
vn -0.707102 -0.000026 0.707111
vn -0.707102 -0.000026 0.707112
vn -0.707089 -0.000009 0.707125
vn -0.707098 -0.000004 0.707116
vn -0.707100 -0.000039 0.707114
vn -0.707096 -0.000052 0.707117
vn -0.707144 0.000015 0.707070
vn -0.707062 -0.000024 0.707152
vn -0.707113 0.000039 0.707100
vn -0.707116 0.000052 0.707097
vn -0.707071 -0.000021 0.707143
vn -0.707154 0.000012 0.707060
vn -0.707095 -0.000066 0.707119
vn -0.707112 0.000026 0.707102
vn -0.707088 -0.000005 0.707126
vn -0.707079 -0.000008 0.707135
vn -0.707111 0.000081 0.707103
vn -0.707109 0.000068 0.707105
vn -0.707126 0.000001 0.707088
vn -0.707126 0.000001 0.707088
vn -0.707098 -0.000080 0.707115
vn -0.707111 0.000040 0.707103
vn -0.707069 -0.000005 0.707145
vn -0.707069 -0.000005 0.707145
vn -0.707107 -0.000081 0.707107
vn -0.707107 -0.000081 0.707107
vn -0.707049 -0.000006 0.707164
vn -0.707126 0.000002 0.707088
vn -0.707107 0.000081 0.707107
vn -0.707107 0.000081 0.707107
vn -0.707222 -0.000001 0.706992
vn -0.707145 -0.000004 0.707069
vn -0.707059 0.000005 0.707155
vn -0.707107 0.000081 0.707107
vn -0.707107 -0.000041 0.707107
vn -0.707125 -0.000011 0.707088
vn -0.707110 -0.000081 0.707104
vn -0.707109 -0.000068 0.707104
vn -0.707087 -0.000005 0.707127
vn -0.707154 -0.000012 0.707060
vn -0.707105 -0.000028 0.707109
vn -0.707098 0.000067 0.707115
vn -0.707069 0.000009 0.707144
vn -0.707079 0.000008 0.707135
vn -0.707115 -0.000053 0.707098
vn -0.707114 -0.000039 0.707100
vn -0.707125 -0.000007 0.707088
vn -0.707125 -0.000007 0.707088
vn -0.707097 0.000052 0.707116
vn -0.707099 0.000039 0.707114
vn -0.707107 0.000000 0.707107
vn -0.707107 0.000000 0.707107
vn -0.707102 0.000026 0.707112
vn -0.707102 0.000026 0.707112
vn -0.707069 0.000012 0.707144
vn -0.707143 -0.000017 0.707070
vn -0.707122 -0.000050 0.707092
vn -0.707119 -0.000037 0.707095
vn -0.707134 -0.000013 0.707080
vn -0.706998 0.000052 0.707216
vn -0.707123 -0.000049 0.707091
vn -0.707099 0.000040 0.707114
vn -0.707079 0.000011 0.707135
vn -0.707213 -0.000063 0.707001
vn -0.707113 -0.000026 0.707100
vn -0.707054 0.000174 0.707160
vn -0.707142 -0.000022 0.707072
vn -0.707002 0.000067 0.707212
vn -0.707132 -0.000073 0.707082
vn -0.707119 -0.000021 0.707094
vn -0.707094 0.000037 0.707119
vn -0.707123 -0.000014 0.707090
vn -0.707192 -0.000063 0.707022
vn -0.707073 0.000066 0.707141
vn -0.707057 0.000041 0.707157
vn -0.707123 -0.000014 0.707090
vn -0.707135 -0.000055 0.707079
vn -0.707170 -0.000136 0.707044
vn -0.707152 -0.000050 0.707061
vn -0.707088 0.000009 0.707126
vn -0.707078 0.000054 0.707136
vn -0.707083 0.000042 0.707131
vn -0.707052 0.000055 0.707161
vn -0.707122 -0.000016 0.707091
vn -0.707096 0.000023 0.707118
vn -0.707096 0.000023 0.707118
vn -0.707141 -0.000047 0.707073
vn -0.707074 0.000029 0.707140
vn -0.707148 -0.000057 0.707066
vn -0.707148 -0.000057 0.707066
vn -0.707044 0.000102 0.707170
vn -0.707093 0.000019 0.707120
vn -0.707086 0.000028 0.707127
vn -0.707079 0.000037 0.707135
vn -0.707189 -0.000151 0.707025
vn -0.707096 0.000023 0.707118
vn -0.707115 -0.000008 0.707099
vn -0.707123 -0.000016 0.707091
vn -0.707115 -0.000026 0.707099
vn -0.707072 0.000064 0.707142
vn -0.707092 0.000018 0.707121
vn -0.707123 -0.000013 0.707090
vn -0.707092 0.000018 0.707121
vn -0.707089 0.000032 0.707125
vn -0.707094 0.000020 0.707120
vn -0.707123 -0.000014 0.707090
vn -0.707115 -0.000025 0.707098
vn -0.707079 0.000071 0.707135
vn -0.707123 -0.000014 0.707090
vn -0.707138 -0.000032 0.707075
vn -0.707055 0.000036 0.707158
vn -0.707133 -0.000056 0.707080
vn -0.707129 -0.000044 0.707084
vn -0.707120 -0.000021 0.707093
vn -0.707074 0.000027 0.707140
vn -0.707080 0.000072 0.707133
vn -0.707123 -0.000016 0.707091
vn -0.707070 0.000017 0.707143
vn -0.707142 -0.000022 0.707072
vn -0.707130 -0.000074 0.707084
vn -0.707130 -0.000074 0.707084
vn -0.707063 0.000027 0.707151
vn -0.707108 -0.000028 0.707106
vn -0.707085 0.000075 0.707128
vn -0.707089 0.000009 0.707125
vn -0.707161 -0.000026 0.707052
vn -0.707152 -0.000022 0.707062
vn -0.707100 -0.000003 0.707113
vn -0.707098 0.000010 0.707116
vn -0.707098 0.000004 0.707116
vn -0.707144 -0.000015 0.707070
vn -0.707114 -0.000067 0.707099
vn -0.707097 0.000052 0.707116
vn -0.707112 -0.000026 0.707102
vn -0.707062 0.000024 0.707152
vn -0.707071 0.000021 0.707143
vn -0.707112 -0.000026 0.707102
vn -0.707088 0.000005 0.707126
vn -0.707154 -0.000012 0.707060
vn -0.707100 0.000053 0.707113
vn -0.707092 0.000161 0.707121
vn -0.707079 0.000008 0.707135
vn -0.707110 -0.000081 0.707104
vn -0.707098 0.000081 0.707115
vn -0.707105 0.000041 0.707108
vn -0.707126 -0.000001 0.707088
vn -0.707126 -0.000001 0.707088
vn -0.707111 -0.000040 0.707102
vn -0.707069 0.000005 0.707145
vn -0.707069 0.000005 0.707145
vn -0.707107 0.000135 0.707107
vn -0.707107 -0.000135 0.707107
vn -0.707111 -0.000027 0.707103
vn -0.707049 -0.000005 0.707164
vn -0.707126 0.000003 0.707088
vn -0.707111 0.000027 0.707103
vn -0.707221 0.000012 0.706992
vn -0.707145 -0.000001 0.707068
vn -0.707098 -0.000081 0.707115
vn -0.707111 0.000040 0.707102
vn -0.707087 0.000005 0.707127
vn -0.707125 0.000011 0.707088
vn -0.707059 -0.000005 0.707154
vn -0.707118 0.000080 0.707095
vn -0.707101 -0.000040 0.707112
vn -0.707069 -0.000009 0.707144
vn -0.707154 0.000012 0.707060
vn -0.707085 -0.000160 0.707128
vn -0.707104 -0.000054 0.707110
vn -0.707079 -0.000008 0.707135
vn -0.707112 0.000026 0.707102
vn -0.707112 0.000026 0.707102
vn -0.707125 0.000007 0.707088
vn -0.707107 0.000000 0.707107
vn -0.707125 0.000007 0.707088
vn -0.707119 0.000066 0.707095
vn -0.707089 -0.000049 0.707125
vn -0.707107 0.000000 0.707107
vn -0.707101 0.000003 0.707112
vn -0.707098 -0.000010 0.707116
vn -0.707140 0.000027 0.707073
vn -0.707070 -0.000017 0.707143
vn -0.707082 -0.000073 0.707132
vn -0.707115 0.000025 0.707098
vn -0.707130 0.000074 0.707083
vn -0.707131 0.000022 0.707082
vn -0.707003 -0.000070 0.707210
vn -0.707130 0.000074 0.707084
vn -0.707082 -0.000020 0.707132
vn -0.707002 -0.000067 0.707212
vn -0.707207 0.000081 0.707007
vn -0.707120 0.000021 0.707093
vn -0.707080 -0.000072 0.707133
vn -0.707142 0.000022 0.707072
vn -0.707134 0.000056 0.707080
vn -0.707129 0.000045 0.707085
vn -0.707125 0.000009 0.707088
vn -0.707123 0.000013 0.707090
vn -0.707188 0.000072 0.707026
vn -0.707118 0.000022 0.707095
vn -0.707072 -0.000065 0.707141
vn -0.707057 -0.000041 0.707157
vn -0.707088 -0.000010 0.707126
vn -0.707094 -0.000021 0.707119
vn -0.707088 -0.000031 0.707125
vn -0.707152 0.000050 0.707061
vn -0.707118 0.000022 0.707096
vn -0.707066 -0.000057 0.707148
vn -0.707055 -0.000060 0.707159
vn -0.707117 0.000025 0.707097
vn -0.707200 0.000136 0.707013
vn -0.707090 -0.000015 0.707123
vn -0.707038 -0.000094 0.707175
vn -0.707079 -0.000038 0.707134
vn -0.707096 -0.000023 0.707118
vn -0.707138 0.000052 0.707075
vn 0.000000 0.000000 1.000000
vn 0.000000 0.000000 1.000000
vn 0.000000 0.000000 1.000000
vn 0.000000 0.000000 1.000000
vn 0.000000 0.000000 1.000000
vn 0.000000 0.000000 1.000000
vn 0.000000 0.000000 1.000000
vn 0.000000 0.000000 1.000000
vn 0.000000 0.000000 1.000000
vn 0.000000 0.000000 1.000000
vn 0.000000 0.000000 1.000000
vn 0.000000 0.000000 1.000000
vn 0.000000 0.000000 1.000000
vn 0.000000 0.000000 1.000000
vn 0.000000 0.000000 1.000000
vn 0.000000 0.000000 1.000000
vn 0.000000 0.000000 1.000000
vn 0.000000 0.000000 1.000000
vn 0.000000 0.000000 1.000000
vn 0.000000 0.000000 1.000000
vn 0.000000 0.000000 1.000000
vn 0.000000 0.000000 1.000000
vn 0.000000 0.000000 1.000000
vn 0.000000 0.000000 1.000000
vn 0.000000 0.000000 1.000000
vn 0.000000 0.000000 1.000000
vn 0.000000 0.000000 1.000000
vn 0.000000 0.000000 1.000000
vn 0.000000 0.000000 1.000000
vn 0.000000 0.000000 1.000000
vn 0.000000 0.000000 1.000000
vn 0.000000 0.000000 1.000000
vn 0.000000 0.000000 1.000000
vn 0.000000 0.000000 1.000000
vn 0.000000 0.000000 1.000000
vn 0.000000 0.000000 1.000000
vn 0.000000 0.000000 1.000000
vn 0.000000 0.000000 1.000000
vn 0.000000 0.000000 1.000000
vn 0.000000 0.000000 1.000000
vn 0.000000 0.000000 1.000000
vn 0.000000 0.000000 1.000000
vn 0.000000 0.000000 1.000000
vn 0.000000 0.000000 1.000000
vn 0.000000 0.000000 1.000000
vn 0.000000 0.000000 1.000000
vn 0.000000 0.000000 1.000000
vn 0.000000 0.000000 1.000000
vn 0.000000 0.000000 1.000000
vn 0.000000 0.000000 1.000000
vn 0.000000 0.000000 1.000000
vn 0.000000 0.000000 1.000000
vn 0.000000 0.000000 1.000000
vn 0.000000 0.000000 1.000000
vn 0.000000 0.000000 1.000000
vn 0.000000 0.000000 1.000000
vn 0.000000 0.000000 1.000000
vn 0.000000 0.000000 1.000000
vn 0.000000 0.000000 1.000000
vn 0.000000 0.000000 1.000000
vn 0.000000 0.000000 1.000000
vn 0.000000 0.000000 1.000000
vn 0.000000 0.000000 1.000000
vn 0.000000 0.000000 1.000000
vn 0.000000 0.000000 1.000000
vn 0.000000 0.000000 1.000000
vn 0.000000 0.000000 1.000000
vn 0.000000 0.000000 1.000000
vn 0.000000 0.000000 1.000000
vn 0.000000 0.000000 1.000000
vn 0.000000 0.000000 1.000000
vn 0.000000 0.000000 1.000000
vn 0.000000 0.000000 1.000000
vn 0.000000 0.000000 1.000000
vn 0.000000 0.000000 1.000000
vn 0.000000 0.000000 1.000000
vn 0.000000 0.000000 1.000000
vn 0.000000 0.000000 1.000000
vn 0.000000 0.000000 1.000000
vn 0.000000 0.000000 1.000000
vn 0.000000 0.000000 1.000000
vn 0.000000 0.000000 1.000000
vn 0.000000 0.000000 1.000000
vn 0.000000 0.000000 1.000000
vn 0.000000 0.000000 1.000000
vn 0.000000 0.000000 1.000000
vn 0.000000 0.000000 1.000000
vn 0.000000 0.000000 1.000000
vn 0.000000 0.000000 1.000000
vn 0.000000 0.000000 1.000000
vn 0.000000 0.000000 1.000000
vn 0.000000 0.000000 1.000000
vn 0.000000 0.000000 1.000000
vn 0.000000 0.000000 1.000000
vn 0.000000 0.000000 1.000000
vn 0.000000 0.000000 1.000000
vn 0.000000 0.000000 1.000000
vn 0.000000 0.000000 1.000000
vn 0.000000 0.000000 1.000000
vn 0.000000 0.000000 1.000000
vn 0.000000 0.000000 1.000000
vn 0.000000 0.000000 1.000000
vn 0.000000 0.000000 1.000000
vn 0.000000 0.000000 1.000000
vn 0.000000 0.000000 1.000000
vn 0.000000 0.000000 1.000000
vn 0.000000 0.000000 1.000000
vn 0.000000 0.000000 1.000000
vn 0.000000 0.000000 1.000000
vn 0.000000 0.000000 1.000000
vn 0.000000 0.000000 1.000000
vn 0.000000 0.000000 1.000000
vn 0.000000 0.000000 1.000000
vn 0.000000 0.000000 1.000000
vn 0.000000 0.000000 1.000000
vn 0.000000 0.000000 1.000000
vn 0.000000 0.000000 1.000000
vn 0.000000 0.000000 1.000000
vn 0.000000 0.000000 1.000000
vn 0.000000 0.000000 1.000000
vn 0.000000 0.000000 1.000000
vn 0.000000 0.000000 1.000000
vn 0.000000 0.000000 1.000000
vn 0.000000 0.000000 1.000000
vn -0.706889 -0.024804 -0.706890
vn -0.706887 -0.025020 -0.706884
vn -0.705136 -0.074604 -0.705137
vn -0.705128 -0.074792 -0.705125
vn -0.701609 -0.124472 -0.701606
vn -0.701624 -0.124285 -0.701625
vn -0.696369 -0.173606 -0.696370
vn -0.696345 -0.173815 -0.696342
vn -0.689384 -0.222482 -0.689385
vn -0.680666 -0.270898 -0.680667
vn -0.689384 -0.222482 -0.689385
vn -0.680671 -0.270873 -0.680672
vn -0.670286 -0.318482 -0.670287
vn -0.658235 -0.365311 -0.658236
vn -0.670281 -0.318507 -0.670281
vn -0.658235 -0.365311 -0.658236
vn -0.644546 -0.411241 -0.644547
vn -0.644546 -0.411241 -0.644547
vn -0.629238 -0.456199 -0.629239
vn -0.629238 -0.456199 -0.629239
vn -0.612401 -0.499929 -0.612402
vn -0.612328 -0.500112 -0.612325
vn -0.593965 -0.542600 -0.593962
vn -0.594041 -0.542428 -0.594042
vn -0.574113 -0.583770 -0.574114
vn -0.574113 -0.583770 -0.574114
vn -0.552809 -0.623541 -0.552810
vn -0.552809 -0.623541 -0.552810
vn -0.530164 -0.661704 -0.530164
vn -0.530241 -0.661582 -0.530239
vn -0.506146 -0.698309 -0.506143
vn -0.506221 -0.698198 -0.506222
vn -0.480951 -0.733057 -0.480951
vn -0.480960 -0.733044 -0.480961
vn -0.454500 -0.766067 -0.454501
vn -0.454491 -0.766078 -0.454492
vn -0.426970 -0.797115 -0.426971
vn -0.426970 -0.797115 -0.426971
vn -0.398333 -0.826233 -0.398334
vn -0.398333 -0.826233 -0.398334
vn -0.368662 -0.853333 -0.368663
vn -0.368731 -0.853274 -0.368729
vn -0.338162 -0.878234 -0.338160
vn -0.338225 -0.878184 -0.338225
vn -0.306776 -0.900987 -0.306775
vn -0.306842 -0.900941 -0.306843
vn -0.274670 -0.921473 -0.274670
vn -0.274609 -0.921510 -0.274608
vn -0.241836 -0.939697 -0.241836
vn -0.208435 -0.955568 -0.208435
vn -0.241836 -0.939697 -0.241836
vn -0.174526 -0.969062 -0.174526
vn -0.208435 -0.955568 -0.208435
vn -0.174526 -0.969062 -0.174526
vn -0.140054 -0.980189 -0.140054
vn -0.105433 -0.988821 -0.105433
vn -0.140058 -0.980188 -0.140058
vn -0.105430 -0.988822 -0.105430
vn -0.070384 -0.995034 -0.070384
vn -0.070384 -0.995034 -0.070384
vn -0.035269 -0.998755 -0.035269
vn -0.035278 -0.998755 -0.035278
vn -0.000000 -1.000000 0.000000
vn 0.000000 -1.000000 -0.000000
vn 0.035269 -0.998755 0.035269
vn 0.035270 -0.998755 0.035270
vn 0.070384 -0.995034 0.070384
vn 0.070384 -0.995034 0.070384
vn 0.105433 -0.988821 0.105433
vn 0.105430 -0.988822 0.105430
vn 0.140054 -0.980189 0.140054
vn 0.140058 -0.980188 0.140058
vn 0.174521 -0.969064 0.174521
vn 0.174526 -0.969062 0.174526
vn 0.208441 -0.955565 0.208441
vn 0.208435 -0.955568 0.208435
vn 0.241830 -0.939700 0.241830
vn 0.241836 -0.939697 0.241836
vn 0.274670 -0.921473 0.274670
vn 0.274670 -0.921473 0.274670
vn 0.306775 -0.900987 0.306776
vn 0.306783 -0.900982 0.306783
vn 0.338225 -0.878184 0.338225
vn 0.338225 -0.878184 0.338225
vn 0.368662 -0.853333 0.368662
vn 0.368662 -0.853333 0.368662
vn 0.398334 -0.826233 0.398334
vn 0.398334 -0.826233 0.398334
vn 0.426971 -0.797115 0.426971
vn 0.426971 -0.797115 0.426971
vn 0.454491 -0.766078 0.454491
vn 0.454500 -0.766067 0.454501
vn 0.480951 -0.733057 0.480951
vn 0.480960 -0.733044 0.480961
vn 0.506221 -0.698198 0.506221
vn 0.506221 -0.698198 0.506221
vn 0.530164 -0.661704 0.530164
vn 0.530164 -0.661704 0.530164
vn 0.552809 -0.623541 0.552810
vn 0.552800 -0.623557 0.552801
vn 0.574195 -0.583609 0.574196
vn 0.574115 -0.583770 0.574112
vn 0.594044 -0.542428 0.594040
vn 0.593963 -0.542600 0.593964
vn 0.612326 -0.500112 0.612327
vn 0.612395 -0.499950 0.612392
vn 0.629240 -0.456199 0.629237
vn 0.629176 -0.456371 0.629177
vn 0.644546 -0.411241 0.644547
vn 0.644554 -0.411218 0.644554
vn 0.658235 -0.365311 0.658236
vn 0.658229 -0.365334 0.658230
vn 0.670286 -0.318482 0.670287
vn 0.670286 -0.318482 0.670287
vn 0.680666 -0.270898 0.680667
vn 0.680671 -0.270873 0.680672
vn 0.689384 -0.222482 0.689385
vn 0.689380 -0.222508 0.689380
vn 0.696369 -0.173606 0.696370
vn 0.696372 -0.173579 0.696373
vn 0.701609 -0.124472 0.701606
vn 0.701624 -0.124285 0.701625
vn 0.705128 -0.074792 0.705125
vn 0.705136 -0.074604 0.705137
vn 0.706885 -0.025020 0.706886
vn 0.706885 -0.025020 0.706886
vn 0.706885 0.025020 0.706886
vn 0.706885 0.025020 0.706886
vn 0.705126 0.074792 0.705127
vn 0.705138 0.074604 0.705135
vn 0.701626 0.124285 0.701622
vn 0.701607 0.124472 0.701608
vn 0.696373 0.173579 0.696373
vn 0.696369 0.173606 0.696370
vn 0.689380 0.222508 0.689381
vn 0.689384 0.222482 0.689385
vn 0.680671 0.270873 0.680672
vn 0.680666 0.270898 0.680667
vn 0.670286 0.318482 0.670287
vn 0.670286 0.318482 0.670287
vn 0.658229 0.365334 0.658230
vn 0.658235 0.365311 0.658236
vn 0.644554 0.411218 0.644554
vn 0.644546 0.411241 0.644547
vn 0.629176 0.456371 0.629177
vn 0.629240 0.456199 0.629237
vn 0.612326 0.500112 0.612327
vn 0.612395 0.499950 0.612391
vn 0.594044 0.542428 0.594040
vn 0.593963 0.542600 0.593964
vn 0.574113 0.583770 0.574114
vn 0.574197 0.583609 0.574194
vn 0.552809 0.623541 0.552810
vn 0.552800 0.623557 0.552801
vn 0.530164 0.661704 0.530164
vn 0.506221 0.698198 0.506221
vn 0.530164 0.661704 0.530164
vn 0.506221 0.698198 0.506221
vn 0.480951 0.733057 0.480951
vn 0.480960 0.733044 0.480961
vn 0.454500 0.766067 0.454501
vn 0.454491 0.766078 0.454492
vn 0.426971 0.797115 0.426971
vn 0.398334 0.826233 0.398334
vn 0.426971 0.797115 0.426971
vn 0.368662 0.853333 0.368662
vn 0.398334 0.826233 0.398334
vn 0.368662 0.853333 0.368662
vn 0.338225 0.878184 0.338225
vn 0.338225 0.878184 0.338225
vn 0.306775 0.900987 0.306776
vn 0.306783 0.900982 0.306783
vn 0.274670 0.921473 0.274670
vn 0.274670 0.921473 0.274670
vn 0.241829 0.939700 0.241830
vn 0.241836 0.939697 0.241836
vn 0.208441 0.955565 0.208441
vn 0.208435 0.955568 0.208435
vn 0.174521 0.969064 0.174521
vn 0.174526 0.969062 0.174526
vn 0.140058 0.980188 0.140058
vn 0.140054 0.980189 0.140054
vn 0.105433 0.988821 0.105433
vn 0.105430 0.988822 0.105430
vn 0.070384 0.995034 0.070384
vn 0.070384 0.995034 0.070384
vn 0.035269 0.998755 0.035269
vn 0.035270 0.998755 0.035270
vn 0.000000 1.000000 -0.000000
vn -0.000000 1.000000 0.000000
vn -0.035269 0.998755 -0.035269
vn -0.035278 0.998755 -0.035277
vn -0.070384 0.995034 -0.070384
vn -0.070384 0.995034 -0.070384
vn -0.105433 0.988821 -0.105433
vn -0.140054 0.980189 -0.140054
vn -0.105430 0.988822 -0.105430
vn -0.140058 0.980188 -0.140058
vn -0.174526 0.969062 -0.174526
vn -0.174526 0.969062 -0.174526
vn -0.208435 0.955568 -0.208435
vn -0.208435 0.955568 -0.208435
vn -0.241836 0.939697 -0.241836
vn -0.241836 0.939697 -0.241836
vn -0.274671 0.921473 -0.274669
vn -0.306776 0.900987 -0.306775
vn -0.274608 0.921510 -0.274609
vn -0.306842 0.900941 -0.306843
vn -0.338226 0.878184 -0.338224
vn -0.338161 0.878234 -0.338161
vn -0.368662 0.853333 -0.368662
vn -0.368731 0.853274 -0.368729
vn -0.398333 0.826233 -0.398334
vn -0.398333 0.826233 -0.398334
vn -0.426970 0.797115 -0.426971
vn -0.426970 0.797115 -0.426971
vn -0.454500 0.766067 -0.454501
vn -0.480951 0.733057 -0.480951
vn -0.454491 0.766078 -0.454492
vn -0.480960 0.733044 -0.480961
vn -0.506222 0.698198 -0.506220
vn -0.506144 0.698309 -0.506145
vn -0.530241 0.661582 -0.530239
vn -0.530164 0.661704 -0.530164
vn -0.552809 0.623541 -0.552810
vn -0.552809 0.623541 -0.552810
vn -0.574113 0.583770 -0.574114
vn -0.574113 0.583770 -0.574114
vn -0.594041 0.542428 -0.594042
vn -0.593965 0.542600 -0.593962
vn -0.612403 0.499929 -0.612400
vn -0.612326 0.500112 -0.612327
vn -0.629238 0.456199 -0.629239
vn -0.629238 0.456199 -0.629239
vn -0.644546 0.411241 -0.644547
vn -0.644546 0.411241 -0.644547
vn -0.658235 0.365311 -0.658236
vn -0.658235 0.365311 -0.658236
vn -0.670281 0.318507 -0.670282
vn -0.670287 0.318482 -0.670287
vn -0.680671 0.270873 -0.680672
vn -0.680666 0.270898 -0.680667
vn -0.689384 0.222482 -0.689385
vn -0.689384 0.222482 -0.689385
vn -0.696343 0.173815 -0.696344
vn -0.696371 0.173606 -0.696368
vn -0.701607 0.124472 -0.701608
vn -0.701626 0.124285 -0.701622
vn -0.705138 0.074604 -0.705135
vn -0.705126 0.074792 -0.705127
vn -0.706891 0.024804 -0.706887
vn -0.706885 0.025020 -0.706886
vn -0.706889 -0.024804 -0.706890
vn -0.706887 -0.025020 -0.706884
vn -0.705136 -0.074604 -0.705137
vn -0.705128 -0.074792 -0.705125
vn -0.701609 -0.124477 -0.701606
vn -0.701623 -0.124290 -0.701624
vn -0.696370 -0.173599 -0.696371
vn -0.696346 -0.173809 -0.696343
vn -0.689384 -0.222482 -0.689385
vn -0.680668 -0.270888 -0.680669
vn -0.689384 -0.222482 -0.689385
vn -0.680673 -0.270863 -0.680674
vn -0.670281 -0.318505 -0.670282
vn -0.658239 -0.365298 -0.658240
vn -0.670275 -0.318530 -0.670276
vn -0.658239 -0.365298 -0.658240
vn -0.644546 -0.411241 -0.644547
vn -0.644546 -0.411241 -0.644547
vn -0.629244 -0.456184 -0.629245
vn -0.629244 -0.456184 -0.629245
vn -0.612394 -0.499946 -0.612395
vn -0.612322 -0.500129 -0.612318
vn -0.593965 -0.542600 -0.593962
vn -0.594041 -0.542428 -0.594042
vn -0.574104 -0.583788 -0.574105
vn -0.574104 -0.583788 -0.574105
vn -0.552820 -0.623522 -0.552821
vn -0.552820 -0.623522 -0.552821
vn -0.530164 -0.661704 -0.530164
vn -0.530241 -0.661582 -0.530239
vn -0.506146 -0.698309 -0.506143
vn -0.506221 -0.698198 -0.506222
vn -0.480936 -0.733076 -0.480937
vn -0.480946 -0.733063 -0.480946
vn -0.454532 -0.766029 -0.454533
vn -0.454523 -0.766040 -0.454523
vn -0.426936 -0.797152 -0.426937
vn -0.426936 -0.797152 -0.426937
vn -0.398352 -0.826215 -0.398353
vn -0.398352 -0.826215 -0.398353
vn -0.368682 -0.853315 -0.368682
vn -0.368751 -0.853257 -0.368749
vn -0.338120 -0.878266 -0.338118
vn -0.338183 -0.878216 -0.338184
vn -0.306798 -0.900972 -0.306797
vn -0.306864 -0.900926 -0.306865
vn -0.274670 -0.921473 -0.274670
vn -0.274609 -0.921510 -0.274608
vn -0.241860 -0.939685 -0.241860
vn -0.208410 -0.955578 -0.208411
vn -0.241860 -0.939685 -0.241860
vn -0.174500 -0.969071 -0.174501
vn -0.208410 -0.955578 -0.208411
vn -0.174500 -0.969071 -0.174501
vn -0.140106 -0.980174 -0.140106
vn -0.105380 -0.988833 -0.105380
vn -0.140110 -0.980173 -0.140110
vn -0.105377 -0.988833 -0.105378
vn -0.070411 -0.995030 -0.070411
vn -0.070411 -0.995030 -0.070411
vn -0.035242 -0.998757 -0.035242
vn -0.035251 -0.998757 -0.035251
vn -0.000000 -1.000000 0.000000
vn 0.000000 -1.000000 -0.000000
vn 0.035242 -0.998757 0.035242
vn 0.035243 -0.998757 0.035243
vn 0.070411 -0.995030 0.070411
vn 0.070411 -0.995030 0.070411
vn 0.105380 -0.988833 0.105380
vn 0.105377 -0.988833 0.105378
vn 0.140106 -0.980174 0.140106
vn 0.140110 -0.980173 0.140110
vn 0.174496 -0.969073 0.174496
vn 0.174500 -0.969071 0.174501
vn 0.208416 -0.955576 0.208416
vn 0.208411 -0.955578 0.208411
vn 0.241853 -0.939688 0.241854
vn 0.241860 -0.939685 0.241860
vn 0.274670 -0.921473 0.274670
vn 0.274670 -0.921473 0.274670
vn 0.306797 -0.900972 0.306798
vn 0.306805 -0.900967 0.306805
vn 0.338183 -0.878216 0.338184
vn 0.338183 -0.878216 0.338184
vn 0.368682 -0.853316 0.368682
vn 0.368682 -0.853316 0.368682
vn 0.398352 -0.826215 0.398352
vn 0.398352 -0.826215 0.398352
vn 0.426936 -0.797152 0.426937
vn 0.426936 -0.797152 0.426937
vn 0.454523 -0.766040 0.454523
vn 0.454532 -0.766029 0.454533
vn 0.480936 -0.733076 0.480937
vn 0.480946 -0.733063 0.480946
vn 0.506221 -0.698198 0.506221
vn 0.506221 -0.698198 0.506221
vn 0.530164 -0.661704 0.530164
vn 0.530164 -0.661704 0.530164
vn 0.552820 -0.623522 0.552820
vn 0.552810 -0.623538 0.552811
vn 0.574186 -0.583627 0.574187
vn 0.574106 -0.583788 0.574103
vn 0.594044 -0.542428 0.594040
vn 0.593963 -0.542600 0.593964
vn 0.612319 -0.500129 0.612320
vn 0.612388 -0.499966 0.612385
vn 0.629246 -0.456184 0.629243
vn 0.629182 -0.456355 0.629183
vn 0.644546 -0.411241 0.644547
vn 0.644554 -0.411218 0.644554
vn 0.658239 -0.365298 0.658239
vn 0.658232 -0.365321 0.658233
vn 0.670281 -0.318505 0.670282
vn 0.670281 -0.318505 0.670282
vn 0.680668 -0.270888 0.680669
vn 0.680673 -0.270863 0.680674
vn 0.689384 -0.222482 0.689385
vn 0.689380 -0.222508 0.689380
vn 0.696370 -0.173599 0.696371
vn 0.696373 -0.173573 0.696374
vn 0.701609 -0.124477 0.701606
vn 0.701623 -0.124290 0.701624
vn 0.705128 -0.074792 0.705125
vn 0.705136 -0.074604 0.705137
vn 0.706885 -0.025020 0.706886
vn 0.706885 -0.025020 0.706886
vn 0.706885 0.025020 0.706886
vn 0.706885 0.025020 0.706886
vn 0.705126 0.074792 0.705127
vn 0.705138 0.074604 0.705135
vn 0.701626 0.124290 0.701622
vn 0.701607 0.124477 0.701608
vn 0.696373 0.173573 0.696374
vn 0.696370 0.173599 0.696371
vn 0.689380 0.222508 0.689381
vn 0.689384 0.222482 0.689385
vn 0.680673 0.270863 0.680674
vn 0.680668 0.270888 0.680669
vn 0.670281 0.318505 0.670282
vn 0.670281 0.318505 0.670282
vn 0.658232 0.365321 0.658233
vn 0.658239 0.365298 0.658239
vn 0.644554 0.411218 0.644554
vn 0.644546 0.411241 0.644547
vn 0.629182 0.456355 0.629183
vn 0.629246 0.456184 0.629243
vn 0.612319 0.500129 0.612320
vn 0.612388 0.499966 0.612385
vn 0.594044 0.542428 0.594040
vn 0.593963 0.542600 0.593964
vn 0.574109 0.583779 0.574109
vn 0.574192 0.583618 0.574189
vn 0.552815 0.623531 0.552815
vn 0.552805 0.623548 0.552806
vn 0.530170 0.661695 0.530170
vn 0.506221 0.698198 0.506221
vn 0.530170 0.661695 0.530170
vn 0.506221 0.698198 0.506221
vn 0.480936 0.733076 0.480937
vn 0.480946 0.733063 0.480946
vn 0.454524 0.766039 0.454525
vn 0.454515 0.766050 0.454515
vn 0.426945 0.797142 0.426945
vn 0.398334 0.826233 0.398334
vn 0.426945 0.797142 0.426945
vn 0.368682 0.853316 0.368682
vn 0.398334 0.826233 0.398334
vn 0.368682 0.853316 0.368682
vn 0.338194 0.878208 0.338194
vn 0.338194 0.878208 0.338194
vn 0.306786 0.900980 0.306787
vn 0.306794 0.900975 0.306794
vn 0.274681 0.921466 0.274682
vn 0.274681 0.921466 0.274682
vn 0.241853 0.939688 0.241854
vn 0.241860 0.939685 0.241860
vn 0.208428 0.955571 0.208428
vn 0.208423 0.955573 0.208423
vn 0.174483 0.969077 0.174483
vn 0.174488 0.969076 0.174488
vn 0.140110 0.980173 0.140110
vn 0.140106 0.980174 0.140106
vn 0.105380 0.988833 0.105380
vn 0.105377 0.988833 0.105378
vn 0.070411 0.995030 0.070411
vn 0.070411 0.995030 0.070411
vn 0.035242 0.998757 0.035242
vn 0.035243 0.998757 0.035243
vn 0.000000 1.000000 -0.000000
vn -0.000000 1.000000 0.000000
vn -0.035242 0.998757 -0.035242
vn -0.035251 0.998757 -0.035250
vn -0.070411 0.995030 -0.070411
vn -0.070411 0.995030 -0.070411
vn -0.105380 0.988833 -0.105380
vn -0.140106 0.980174 -0.140106
vn -0.105377 0.988833 -0.105378
vn -0.140110 0.980173 -0.140110
vn -0.174488 0.969076 -0.174488
vn -0.174488 0.969076 -0.174488
vn -0.208423 0.955573 -0.208423
vn -0.208423 0.955573 -0.208423
vn -0.241860 0.939685 -0.241860
vn -0.241860 0.939685 -0.241860
vn -0.274682 0.921466 -0.274681
vn -0.306787 0.900980 -0.306786
vn -0.274620 0.921503 -0.274620
vn -0.306853 0.900934 -0.306854
vn -0.338195 0.878208 -0.338193
vn -0.338129 0.878258 -0.338130
vn -0.368682 0.853315 -0.368682
vn -0.368751 0.853257 -0.368749
vn -0.398333 0.826233 -0.398334
vn -0.398333 0.826233 -0.398334
vn -0.426945 0.797142 -0.426945
vn -0.426945 0.797142 -0.426945
vn -0.454524 0.766039 -0.454525
vn -0.480936 0.733076 -0.480937
vn -0.454515 0.766050 -0.454515
vn -0.480946 0.733063 -0.480946
vn -0.506222 0.698198 -0.506220
vn -0.506144 0.698309 -0.506145
vn -0.530247 0.661573 -0.530244
vn -0.530169 0.661695 -0.530170
vn -0.552815 0.623531 -0.552815
vn -0.552815 0.623531 -0.552815
vn -0.574109 0.583779 -0.574109
vn -0.574109 0.583779 -0.574109
vn -0.594041 0.542428 -0.594042
vn -0.593965 0.542600 -0.593962
vn -0.612396 0.499946 -0.612393
vn -0.612319 0.500129 -0.612320
vn -0.629244 0.456184 -0.629245
vn -0.629244 0.456184 -0.629245
vn -0.644546 0.411241 -0.644547
vn -0.644546 0.411241 -0.644547
vn -0.658239 0.365298 -0.658240
vn -0.658239 0.365298 -0.658240
vn -0.670275 0.318530 -0.670276
vn -0.670281 0.318505 -0.670282
vn -0.680673 0.270863 -0.680674
vn -0.680668 0.270888 -0.680669
vn -0.689384 0.222482 -0.689385
vn -0.689384 0.222482 -0.689385
vn -0.696344 0.173809 -0.696345
vn -0.696372 0.173599 -0.696369
vn -0.701607 0.124477 -0.701608
vn -0.701626 0.124290 -0.701622
vn -0.705138 0.074604 -0.705135
vn -0.705126 0.074792 -0.705127
vn -0.706891 0.024804 -0.706887
vn -0.706885 0.025020 -0.706886
vn -0.706048 -0.001571 0.708162
vn -0.707522 0.000564 0.706691
vn -0.707670 0.000740 0.706543
vn -0.707554 0.000881 0.706658
vn -0.707107 0.000000 0.707107
vn -0.705541 -0.001556 0.708667
vn -0.707678 0.000502 0.706535
vn -0.705069 -0.001505 0.709137
vn -0.707109 0.000021 0.707105
vn -0.706591 -0.001452 0.707621
vn -0.707524 0.001122 0.706689
vn -0.707055 -0.000096 0.707159
vn -0.707829 0.000372 0.706384
vn -0.707828 0.000371 0.706385
vn -0.706880 -0.001038 0.707333
vn -0.707471 0.000173 0.706742
vn -0.706936 -0.001055 0.707277
vn -0.707095 -0.000109 0.707119
vn -0.707064 -0.000264 0.707149
vn -0.707859 0.000215 0.706353
vn -0.710139 0.000703 0.704061
vn -0.707239 0.001613 0.706973
vn -0.710563 0.000204 0.703634
vn -0.707181 0.002710 0.707028
vn -0.707145 0.000540 0.707068
vn -0.710563 -0.000204 0.703634
vn -0.707239 -0.001613 0.706973
vn -0.707081 0.000179 0.707132
vn -0.707107 -0.000181 0.707107
vn -0.710139 -0.000703 0.704061
vn -0.707859 -0.000215 0.706353
vn -0.706936 0.001055 0.707277
vn -0.707064 0.000265 0.707150
vn -0.706880 0.001038 0.707332
vn -0.707107 0.000055 0.707107
vn -0.707095 0.000109 0.707119
vn -0.707114 -0.000023 0.707100
vn -0.707828 -0.000371 0.706385
vn -0.707829 -0.000372 0.706384
vn -0.708058 -0.002362 0.706151
vn -0.707034 0.000150 0.707179
vn -0.706996 0.000091 0.707218
vn -0.707259 -0.000089 0.706954
vn -0.706774 0.000271 0.707439
vn -0.710055 -0.002571 0.704142
vn -0.707554 -0.000881 0.706658
vn -0.708245 -0.001458 0.705966
vn -0.706745 0.000512 0.707468
vn -0.707066 0.000069 0.707148
vn -0.707062 0.000079 0.707151
vn -0.707088 0.000037 0.707125
vn -0.707108 0.000019 0.707106
vn -0.707114 -0.000018 0.707100
vn -0.706507 0.000940 0.707705
vn -0.707353 -0.000415 0.706860
vn -0.707139 -0.000066 0.707075
vn -0.707369 -0.000399 0.706845
vn -0.707237 -0.000199 0.706976
vn -0.706899 0.000344 0.707315
vn -0.706472 0.000612 0.707740
vn -0.705862 0.001264 0.708348
vn -0.706258 0.001805 0.707952
vn -0.707887 -0.000794 0.706325
vn -0.707507 -0.000927 0.706706
vn -0.707829 -0.000372 0.706384
vn -0.706887 0.000190 0.707326
vn -0.706829 0.000226 0.707384
vn -0.707273 -0.000489 0.706940
vn -0.707190 -0.000068 0.707023
vn -0.707256 -0.000501 0.706957
vn -0.706993 0.000519 0.707220
vn -0.706364 0.000267 0.707848
vn -0.707107 -0.000003 0.707106
vn -0.707106 0.000007 0.707108
vn -0.707108 -0.000014 0.707106
vn -0.707097 0.000003 0.707116
vn -0.707107 0.000027 0.707107
vn -0.707012 0.000529 0.707202
vn -0.710139 -0.000703 0.704061
vn -0.707189 -0.000897 0.707024
vn -0.707047 0.000444 0.707167
vn -0.707090 0.000099 0.707124
vn -0.705079 0.000377 0.709128
vn -0.707807 -0.000106 0.706406
vn -0.710563 0.000204 0.703634
vn -0.707120 -0.000055 0.707093
vn -0.707110 -0.000633 0.707103
vn -0.707183 0.001444 0.707030
vn -0.707049 -0.001083 0.707164
vn -0.706438 -0.000088 0.707775
vn -0.707059 0.000000 0.707155
vn -0.710139 0.000703 0.704061
vn -0.707110 -0.000040 0.707103
vn -0.707106 0.000000 0.707108
vn -0.707104 0.000041 0.707109
vn -0.707107 -0.000027 0.707107
vn -0.706936 -0.001055 0.707277
vn -0.707107 0.000000 0.707107
vn -0.707012 -0.000527 0.707201
vn -0.707828 0.000371 0.706385
vn -0.707317 0.000660 0.706896
vn -0.707422 0.000989 0.706790
vn -0.706432 -0.000519 0.707781
vn -0.707397 0.000144 0.706816
vn -0.707063 -0.000042 0.707151
vn -0.707107 -0.000019 0.707107
vn -0.707104 0.000010 0.707109
vn -0.707468 0.000186 0.706745
vn -0.708058 0.002363 0.706151
vn -0.707110 0.000023 0.707103
vn -0.707104 0.000012 0.707109
vn -0.707084 -0.000079 0.707129
vn -0.707188 0.000226 0.707026
vn -0.707109 -0.000006 0.707104
vn -0.707110 -0.000026 0.707104
vn -0.707554 0.000880 0.706659
vn -0.706472 -0.000612 0.707740
vn -0.705862 -0.001264 0.708348
vn -0.707887 0.000794 0.706325
vn -0.707107 0.000000 0.707107
vn -0.707192 0.000127 0.707022
vn -0.707124 0.000057 0.707089
vn -0.707014 -0.000173 0.707200
vn -0.706049 -0.001571 0.708162
vn -0.707354 0.000416 0.706860
vn -0.707083 -0.000018 0.707131
vn -0.708061 0.001205 0.706150
vn -0.707669 0.000740 0.706543
vn -0.706952 -0.000198 0.707262
vn -0.705542 -0.001556 0.708667
vn -0.706258 -0.001804 0.707952
vn -0.707091 0.000015 0.707122
vn -0.705071 -0.001504 0.709135
vn -0.706589 -0.001455 0.707622
vn -0.707116 0.000006 0.707098
vn -0.707828 0.000372 0.706384
vn -0.706416 -0.000471 0.707797
vn -0.707274 0.000489 0.706939
vn -0.707203 0.000236 0.707010
vn -0.707062 -0.000208 0.707152
vn -0.706859 -0.000089 0.707355
vn -0.706364 -0.000267 0.707849
vn -0.706674 -0.000163 0.707539
vn -0.707012 -0.000526 0.707202
vn -0.707047 -0.000444 0.707167
vn -0.707189 0.000897 0.707024
vn -0.702536 -0.000645 0.711648
vn -0.707871 -0.000108 0.706342
vn -0.702536 0.000645 0.711648
vn -0.706609 0.000064 0.707604
vn -0.707151 0.000006 0.707063
vn -0.707679 -0.000088 0.706534
vn -0.707012 0.000528 0.707202
vn -0.707157 -0.000447 0.707056
vn -0.706967 0.000882 0.707246
vn -0.707074 0.000222 0.707139
vn -0.706881 0.001036 0.707332
vn -0.707828 -0.000372 0.706384
vn -0.707113 -0.000021 0.707100
vn -0.707422 -0.000989 0.706791
vn -0.707083 0.000132 0.707131
vn -0.707131 0.000007 0.707083
vn -0.707468 -0.000186 0.706746
vn -0.707117 0.000007 0.707097
vn -0.707063 0.000042 0.707151
vn -0.707397 -0.000144 0.706816
vn -0.706432 0.000519 0.707781
vn -0.707139 0.000005 0.707074
vn -0.706258 0.001805 0.707952
vn -0.705541 0.001556 0.708667
vn -0.707415 -0.000688 0.706798
vn -0.707091 -0.000015 0.707122
vn -0.706173 0.000949 0.708039
vn -0.707887 -0.000794 0.706325
vn -0.707354 -0.000416 0.706860
vn -0.707331 -0.000257 0.706883
vn -0.708245 -0.001458 0.705966
vn -0.708245 -0.001458 0.705966
vn -0.706909 0.000296 0.707304
vn -0.707092 0.000000 0.707122
vn -0.707100 -0.000010 0.707113
vn -0.707353 -0.000416 0.706860
vn -0.707459 -0.000501 0.706754
vn -0.707157 -0.000085 0.707056
vn -0.707554 -0.000881 0.706658
vn -0.707085 0.000002 0.707129
vn -0.707101 0.000000 0.707112
vn -0.707051 0.000110 0.707163
vn -0.708056 -0.002360 0.706152
vn -0.706432 0.000519 0.707781
vn -0.705512 0.001144 0.708697
vn -0.707422 -0.000989 0.706791
vn -0.707662 -0.000378 0.706551
vn -0.706876 0.000157 0.707337
vn -0.707317 -0.000660 0.706896
vn -0.707101 -0.000026 0.707112
vn -0.706613 0.000187 0.707600
vn -0.707088 -0.000001 0.707126
vn -0.707113 0.000001 0.707100
vn -0.707123 -0.000001 0.707090
vn -0.707086 0.000117 0.707128
vn -0.707102 0.000000 0.707112
vn -0.707107 0.000000 0.707107
vn -0.706936 0.001058 0.707277
vn -0.706674 0.000163 0.707539
vn -0.707240 -0.001617 0.706972
vn -0.707119 -0.000904 0.707094
vn -0.707181 0.002712 0.707028
vn -0.706724 -0.000068 0.707489
vn -0.708643 0.000000 0.705567
vn -0.706184 0.000000 0.708028
vn -0.710563 0.000204 0.703634
vn -0.707179 -0.000028 0.707034
vn -0.707229 -0.000037 0.706985
vn -0.707107 -0.000109 0.707107
vn -0.707120 0.000253 0.707094
vn -0.707183 -0.000009 0.707030
vn -0.707107 0.000001 0.707107
vn -0.707240 0.001617 0.706972
vn -0.706737 -0.000147 0.707477
vn -0.708995 0.000499 0.705213
vn -0.707102 0.000026 0.707112
vn -0.706880 -0.001037 0.707332
vn -0.707186 0.000047 0.707027
vn -0.707590 0.000239 0.706623
vn -0.707125 -0.000009 0.707089
vn -0.707027 -0.000420 0.707186
vn -0.707125 -0.000008 0.707089
vn -0.706590 -0.001453 0.707622
vn -0.707118 -0.000003 0.707096
vn -0.707107 0.000002 0.707107
vn -0.707121 0.000009 0.707093
vn -0.705071 -0.001504 0.709135
vn -0.706659 -0.000881 0.707554
vn -0.707554 0.000881 0.706658
vn -0.707085 0.000002 0.707129
vn -0.706472 -0.000612 0.707741
vn -0.705862 -0.001264 0.708348
vn -0.706690 -0.000355 0.707524
vn -0.707357 0.000254 0.706857
vn -0.707091 0.000004 0.707123
vn -0.707124 0.000025 0.707090
vn -0.707100 0.000003 0.707114
vn -0.707027 -0.000064 0.707187
vn -0.707122 -0.000003 0.707091
vn -0.707090 0.000004 0.707124
vn -0.707353 0.000416 0.706860
vn -0.706507 -0.000939 0.707706
f 1//1 2//1 3//1
f 4//2 3//2 2//2
f 4//3 1//3 3//3
f 5//4 1//4 4//4
f 6//5 4//5 2//5
f 7//6 4//6 6//6
f 8//7 9//7 10//7
f 10//8 9//8 11//8
f 11//9 12//9 13//9
f 9//10 12//10 11//10
f 13//11 14//11 15//11
f 12//12 14//12 13//12
f 16//13 17//13 14//13
f 15//14 18//14 19//14
f 14//15 18//15 15//15
f 17//16 18//16 14//16
f 19//17 20//17 21//17
f 18//18 20//18 19//18
f 21//19 22//19 23//19
f 20//20 22//20 21//20
f 23//21 24//21 25//21
f 22//22 24//22 23//22
f 25//23 26//23 27//23
f 24//24 26//24 25//24
f 27//25 28//25 29//25
f 26//26 28//26 27//26
f 29//27 30//27 31//27
f 28//28 30//28 29//28
f 31//29 32//29 33//29
f 30//30 32//30 31//30
f 33//31 34//31 35//31
f 32//32 34//32 33//32
f 34//33 36//33 35//33
f 36//34 37//34 35//34
f 35//35 37//35 38//35
f 37//36 39//36 38//36
f 38//37 39//37 40//37
f 39//38 41//38 40//38
f 41//39 42//39 40//39
f 40//40 42//40 43//40
f 42//41 44//41 43//41
f 43//42 44//42 45//42
f 44//43 46//43 45//43
f 46//44 47//44 45//44
f 45//45 47//45 48//45
f 47//46 49//46 48//46
f 48//47 49//47 50//47
f 49//48 51//48 50//48
f 51//49 52//49 50//49
f 50//50 52//50 53//50
f 52//51 54//51 53//51
f 53//52 54//52 55//52
f 54//53 56//53 55//53
f 56//54 57//54 55//54
f 55//55 57//55 58//55
f 57//56 59//56 58//56
f 58//57 59//57 60//57
f 59//58 61//58 60//58
f 61//59 62//59 60//59
f 60//60 62//60 63//60
f 62//61 64//61 63//61
f 63//62 64//62 65//62
f 64//63 66//63 65//63
f 66//64 67//64 65//64
f 65//65 67//65 68//65
f 68//66 69//66 70//66
f 67//67 69//67 68//67
f 69//68 71//68 70//68
f 70//69 72//69 73//69
f 71//70 72//70 70//70
f 73//71 74//71 75//71
f 72//72 74//72 73//72
f 74//73 76//73 75//73
f 75//74 77//74 78//74
f 76//75 77//75 75//75
f 78//76 79//76 80//76
f 77//77 79//77 78//77
f 79//78 81//78 80//78
f 80//79 82//79 83//79
f 81//80 82//80 80//80
f 83//81 84//81 85//81
f 82//82 84//82 83//82
f 84//83 86//83 85//83
f 86//84 87//84 85//84
f 85//85 87//85 88//85
f 87//86 89//86 88//86
f 89//87 90//87 88//87
f 88//88 90//88 91//88
f 90//89 92//89 91//89
f 91//90 92//90 93//90
f 92//91 94//91 93//91
f 93//92 94//92 95//92
f 94//93 96//93 95//93
f 96//94 97//94 95//94
f 95//95 97//95 98//95
f 97//96 99//96 98//96
f 98//97 99//97 100//97
f 99//98 101//98 100//98
f 101//99 102//99 100//99
f 100//100 102//100 103//100
f 102//101 104//101 103//101
f 103//102 104//102 105//102
f 104//103 106//103 105//103
f 106//104 107//104 105//104
f 105//105 107//105 108//105
f 107//106 109//106 108//106
f 108//107 109//107 110//107
f 109//108 111//108 110//108
f 110//109 111//109 112//109
f 111//110 113//110 112//110
f 112//111 113//111 114//111
f 113//112 115//112 114//112
f 114//113 115//113 116//113
f 115//114 117//114 116//114
f 117//115 118//115 116//115
f 116//116 118//116 119//116
f 118//117 120//117 119//117
f 119//118 120//118 121//118
f 120//119 122//119 121//119
f 121//120 122//120 123//120
f 122//121 124//121 123//121
f 123//122 124//122 125//122
f 124//123 126//123 125//123
f 125//124 126//124 127//124
f 126//125 128//125 127//125
f 127//126 128//126 129//126
f 128//127 130//127 129//127
f 129//128 130//128 131//128
f 130//129 132//129 131//129
f 131//130 132//130 133//130
f 133//131 132//131 134//131
f 132//132 135//132 134//132
f 134//133 135//133 136//133
f 136//134 137//134 138//134
f 135//135 137//135 136//135
f 138//136 139//136 140//136
f 137//137 139//137 138//137
f 140//138 141//138 142//138
f 142//139 141//139 143//139
f 139//140 141//140 140//140
f 141//141 144//141 143//141
f 143//142 145//142 146//142
f 146//143 145//143 147//143
f 144//144 145//144 143//144
f 144//145 148//145 145//145
f 147//146 149//146 150//146
f 145//147 149//147 147//147
f 150//148 151//148 7//148
f 149//149 151//149 150//149
f 151//150 4//150 7//150
f 152//151 153//151 154//151
f 152//152 155//152 156//152
f 152//153 156//153 153//153
f 157//154 154//154 153//154
f 157//155 153//155 158//155
f 159//156 155//156 152//156
f 160//157 157//157 158//157
f 160//158 158//158 161//158
f 162//159 163//159 155//159
f 162//160 155//160 159//160
f 164//161 160//161 161//161
f 164//162 161//162 165//162
f 166//163 167//163 163//163
f 166//164 163//164 162//164
f 168//165 165//165 169//165
f 168//166 164//166 165//166
f 170//167 171//167 172//167
f 170//168 172//168 167//168
f 170//169 167//169 166//169
f 173//170 168//170 169//170
f 173//171 169//171 174//171
f 175//172 171//172 170//172
f 176//173 174//173 177//173
f 176//174 177//174 178//174
f 176//175 173//175 174//175
f 179//176 180//176 181//176
f 179//177 181//177 171//177
f 179//178 171//178 175//178
f 182//179 176//179 178//179
f 183//180 180//180 179//180
f 184//181 178//181 185//181
f 184//182 182//182 178//182
f 186//183 187//183 188//183
f 186//184 188//184 180//184
f 186//185 180//185 183//185
f 189//186 184//186 185//186
f 189//187 185//187 190//187
f 191//188 192//188 187//188
f 191//189 187//189 186//189
f 193//190 189//190 190//190
f 193//191 190//191 194//191
f 195//192 192//192 191//192
f 196//193 194//193 197//193
f 196//194 197//194 198//194
f 196//195 193//195 194//195
f 199//196 200//196 201//196
f 199//197 201//197 192//197
f 199//198 192//198 195//198
f 202//199 196//199 198//199
f 203//200 200//200 199//200
f 204//201 202//201 198//201
f 204//202 198//202 205//202
f 204//203 205//203 206//203
f 207//204 200//204 203//204
f 207//205 208//205 209//205
f 207//206 209//206 200//206
f 210//207 204//207 206//207
f 211//208 208//208 207//208
f 212//209 206//209 213//209
f 212//210 213//210 214//210
f 212//211 210//211 206//211
f 215//212 208//212 211//212
f 215//213 216//213 208//213
f 217//214 212//214 214//214
f 218//215 216//215 215//215
f 219//216 217//216 214//216
f 219//217 214//217 220//217
f 219//218 220//218 221//218
f 222//219 216//219 218//219
f 223//220 219//220 221//220
f 224//221 216//221 222//221
f 225//222 223//222 221//222
f 225//223 221//223 226//223
f 227//224 216//224 224//224
f 228//225 226//225 229//225
f 228//226 229//226 230//226
f 228//227 225//227 226//227
f 231//228 216//228 227//228
f 232//229 228//229 230//229
f 233//230 216//230 231//230
f 234//231 232//231 230//231
f 234//232 230//232 235//232
f 236//233 216//233 233//233
f 237//234 235//234 238//234
f 237//235 238//235 239//235
f 237//236 234//236 235//236
f 240//237 216//237 236//237
f 241//238 237//238 239//238
f 242//239 216//239 240//239
f 243//240 241//240 239//240
f 243//241 239//241 244//241
f 245//242 216//242 242//242
f 246//243 243//243 244//243
f 246//244 244//244 247//244
f 246//245 247//245 248//245
f 249//246 216//246 245//246
f 250//247 246//247 248//247
f 251//248 250//248 248//248
f 251//249 248//249 252//249
f 253//250 251//250 252//250
f 253//251 252//251 254//251
f 255//252 254//252 256//252
f 255//253 253//253 254//253
f 257//254 255//254 256//254
f 257//255 256//255 258//255
f 259//256 260//256 261//256
f 259//257 262//257 260//257
f 259//258 263//258 262//258
f 259//259 249//259 263//259
f 259//260 264//260 265//260
f 259//261 216//261 249//261
f 266//262 259//262 261//262
f 267//263 259//263 266//263
f 268//264 269//264 257//264
f 268//265 257//265 258//265
f 270//266 259//266 267//266
f 271//267 259//267 270//267
f 272//268 259//268 271//268
f 273//269 269//269 268//269
f 273//270 274//270 269//270
f 273//271 275//271 274//271
f 276//272 259//272 272//272
f 277//273 259//273 276//273
f 278//274 259//274 277//274
f 279//275 275//275 273//275
f 280//276 259//276 278//276
f 281//277 259//277 280//277
f 282//278 259//278 281//278
f 283//279 275//279 279//279
f 283//280 284//280 275//280
f 285//281 259//281 282//281
f 286//282 259//282 285//282
f 287//283 259//283 286//283
f 288//284 284//284 283//284
f 288//285 289//285 284//285
f 288//286 290//286 289//286
f 291//287 259//287 287//287
f 292//288 259//288 291//288
f 293//289 259//289 292//289
f 294//290 290//290 288//290
f 295//291 290//291 294//291
f 295//292 296//292 290//292
f 297//293 296//293 295//293
f 297//294 298//294 296//294
f 297//295 299//295 298//295
f 300//296 299//296 297//296
f 301//297 302//297 299//297
f 301//298 299//298 300//298
f 303//299 302//299 301//299
f 303//300 304//300 302//300
f 305//301 304//301 303//301
f 305//302 306//302 304//302
f 307//303 306//303 305//303
f 307//304 308//304 306//304
f 307//305 309//305 308//305
f 310//306 309//306 307//306
f 310//307 311//307 309//307
f 312//308 311//308 310//308
f 313//309 311//309 312//309
f 313//310 314//310 315//310
f 313//311 316//311 314//311
f 313//312 317//312 316//312
f 313//313 318//313 317//313
f 313//314 319//314 318//314
f 313//315 320//315 319//315
f 313//316 321//316 320//316
f 313//317 322//317 321//317
f 313//318 323//318 322//318
f 313//319 324//319 323//319
f 313//320 325//320 324//320
f 313//321 315//321 311//321
f 326//322 293//322 327//322
f 326//323 264//323 259//323
f 326//324 259//324 293//324
f 326//325 325//325 313//325
f 326//326 328//326 325//326
f 326//327 329//327 328//327
f 326//328 330//328 329//328
f 326//329 331//329 330//329
f 326//330 332//330 331//330
f 326//331 333//331 332//331
f 326//332 334//332 333//332
f 326//333 335//333 334//333
f 326//334 336//334 335//334
f 326//335 337//335 336//335
f 326//336 338//336 337//336
f 326//337 339//337 338//337
f 326//338 340//338 339//338
f 326//339 341//339 340//339
f 326//340 342//340 341//340
f 326//341 343//341 342//341
f 326//342 344//342 343//342
f 326//343 345//343 344//343
f 326//344 327//344 345//344
f 346//345 347//345 348//345
f 349//346 346//346 350//346
f 351//347 350//347 346//347
f 352//348 346//348 349//348
f 353//349 351//349 346//349
f 354//350 346//350 352//350
f 355//351 353//351 346//351
f 356//352 346//352 354//352
f 357//353 355//353 346//353
f 358//354 359//354 346//354
f 358//355 346//355 356//355
f 360//356 357//356 346//356
f 361//357 359//357 358//357
f 362//358 360//358 346//358
f 363//359 359//359 361//359
f 364//360 362//360 346//360
f 365//361 359//361 363//361
f 366//362 364//362 346//362
f 367//363 359//363 365//363
f 368//364 366//364 346//364
f 369//365 359//365 367//365
f 370//366 368//366 346//366
f 371//367 359//367 369//367
f 372//368 370//368 346//368
f 373//369 359//369 371//369
f 374//370 372//370 346//370
f 375//371 359//371 373//371
f 376//372 374//372 346//372
f 377//373 359//373 375//373
f 378//374 376//374 346//374
f 379//375 359//375 377//375
f 380//376 378//376 346//376
f 381//377 359//377 379//377
f 382//378 383//378 359//378
f 382//379 359//379 381//379
f 384//380 385//380 383//380
f 384//381 383//381 382//381
f 386//382 385//382 384//382
f 386//383 387//383 385//383
f 388//384 389//384 387//384
f 388//385 387//385 386//385
f 390//386 391//386 392//386
f 390//387 392//387 389//387
f 390//388 389//388 388//388
f 393//389 391//389 390//389
f 394//390 391//390 393//390
f 394//391 395//391 391//391
f 396//392 397//392 395//392
f 396//393 395//393 394//393
f 398//394 399//394 397//394
f 398//395 397//395 396//395
f 400//396 401//396 402//396
f 400//397 402//397 399//397
f 400//398 399//398 398//398
f 403//399 404//399 401//399
f 403//400 401//400 400//400
f 405//401 406//401 404//401
f 405//402 404//402 403//402
f 407//403 406//403 405//403
f 408//404 406//404 407//404
f 408//405 409//405 406//405
f 410//406 409//406 408//406
f 410//407 411//407 409//407
f 412//408 380//408 346//408
f 412//409 413//409 380//409
f 412//410 414//410 413//410
f 412//411 415//411 414//411
f 412//412 416//412 415//412
f 412//413 417//413 416//413
f 412//414 418//414 417//414
f 412//415 419//415 418//415
f 412//416 346//416 348//416
f 412//417 420//417 419//417
f 412//418 421//418 420//418
f 412//419 422//419 421//419
f 412//420 423//420 422//420
f 412//421 424//421 423//421
f 412//422 425//422 424//422
f 412//423 426//423 425//423
f 412//424 427//424 426//424
f 412//425 428//425 427//425
f 429//426 411//426 410//426
f 430//427 411//427 429//427
f 431//428 428//428 412//428
f 432//429 430//429 429//429
f 433//430 431//430 412//430
f 434//431 433//431 412//431
f 435//432 430//432 432//432
f 436//433 434//433 412//433
f 437//434 436//434 412//434
f 438//435 432//435 439//435
f 438//436 435//436 432//436
f 440//437 439//437 441//437
f 440//438 438//438 439//438
f 442//439 441//439 443//439
f 442//440 440//440 441//440
f 444//441 445//441 446//441
f 444//442 443//442 445//442
f 444//443 442//443 443//443
f 447//444 444//444 446//444
f 448//445 447//445 446//445
f 448//446 446//446 449//446
f 450//447 449//447 451//447
f 450//448 448//448 449//448
f 452//449 450//449 451//449
f 452//450 453//450 454//450
f 452//451 451//451 453//451
f 455//452 452//452 454//452
f 456//453 454//453 457//453
f 456//454 455//454 454//454
f 458//455 457//455 459//455
f 458//456 456//456 457//456
f 460//457 459//457 461//457
f 460//458 458//458 459//458
f 462//459 463//459 464//459
f 462//460 461//460 463//460
f 462//461 460//461 461//461
f 465//462 462//462 464//462
f 466//463 437//463 412//463
f 466//464 467//464 437//464
f 466//465 468//465 467//465
f 466//466 469//466 468//466
f 466//467 470//467 469//467
f 466//468 471//468 470//468
f 466//469 472//469 471//469
f 466//470 473//470 472//470
f 466//471 474//471 473//471
f 466//472 475//472 474//472
f 466//473 476//473 475//473
f 466//474 477//474 476//474
f 478//475 464//475 479//475
f 478//476 465//476 464//476
f 480//477 477//477 466//477
f 480//478 481//478 477//478
f 480//479 482//479 481//479
f 483//480 484//480 485//480
f 483//481 479//481 484//481
f 483//482 478//482 479//482
f 486//483 482//483 480//483
f 486//484 487//484 482//484
f 488//485 485//485 489//485
f 488//486 483//486 485//486
f 490//487 487//487 486//487
f 490//488 491//488 487//488
f 492//489 488//489 489//489
f 493//490 494//490 491//490
f 493//491 491//491 490//491
f 495//492 489//492 496//492
f 495//493 492//493 489//493
f 497//494 494//494 493//494
f 498//495 499//495 500//495
f 498//496 496//496 499//496
f 498//497 495//497 496//497
f 501//498 502//498 494//498
f 501//499 503//499 502//499
f 501//500 494//500 497//500
f 504//501 498//501 500//501
f 505//502 503//502 501//502
f 506//503 507//503 508//503
f 506//504 500//504 507//504
f 506//505 504//505 500//505
f 509//506 503//506 505//506
f 509//507 510//507 503//507
f 509//508 511//508 510//508
f 512//509 506//509 508//509
f 513//510 511//510 509//510
f 514//511 508//511 515//511
f 514//512 512//512 508//512
f 516//513 511//513 513//513
f 516//514 517//514 511//514
f 518//515 519//515 520//515
f 518//516 515//516 519//516
f 518//517 514//517 515//517
f 521//518 517//518 516//518
f 521//519 522//519 517//519
f 521//520 523//520 522//520
f 524//521 518//521 520//521
f 525//522 523//522 521//522
f 526//523 527//523 528//523
f 526//524 520//524 527//524
f 526//525 524//525 520//525
f 529//526 523//526 525//526
f 529//527 530//527 523//527
f 531//528 526//528 528//528
f 531//529 528//529 532//529
f 533//530 530//530 529//530
f 533//531 534//531 530//531
f 535//532 531//532 532//532
f 536//533 534//533 533//533
f 536//534 537//534 534//534
f 538//535 535//535 532//535
f 538//536 537//536 536//536
f 538//537 539//537 537//537
f 538//538 532//538 539//538
f 540//539 43//539 45//539
f 540//540 45//540 541//540
f 542//541 45//541 48//541
f 542//542 541//542 45//542
f 543//543 38//543 40//543
f 543//544 40//544 43//544
f 543//545 43//545 540//545
f 544//546 48//546 50//546
f 544//547 542//547 48//547
f 545//548 35//548 38//548
f 545//549 38//549 543//549
f 546//550 50//550 53//550
f 546//551 544//551 50//551
f 547//552 35//552 545//552
f 548//553 53//553 55//553
f 548//554 546//554 53//554
f 549//555 33//555 35//555
f 549//556 35//556 547//556
f 550//557 55//557 58//557
f 550//558 548//558 55//558
f 551//559 31//559 33//559
f 551//560 33//560 549//560
f 552//561 58//561 60//561
f 552//562 60//562 63//562
f 552//563 550//563 58//563
f 553//564 29//564 31//564
f 553//565 31//565 551//565
f 554//566 552//566 63//566
f 555//567 27//567 29//567
f 555//568 29//568 553//568
f 556//569 63//569 65//569
f 556//570 554//570 63//570
f 557//571 23//571 25//571
f 557//572 25//572 27//572
f 557//573 27//573 555//573
f 558//574 65//574 68//574
f 558//575 68//575 70//575
f 558//576 556//576 65//576
f 559//577 23//577 557//577
f 560//578 70//578 73//578
f 560//579 558//579 70//579
f 561//580 21//580 23//580
f 561//581 23//581 559//581
f 562//582 560//582 73//582
f 563//583 15//583 19//583
f 563//584 19//584 21//584
f 563//585 21//585 561//585
f 564//586 73//586 75//586
f 564//587 562//587 73//587
f 565//588 13//588 15//588
f 565//589 15//589 563//589
f 566//590 75//590 78//590
f 566//591 78//591 80//591
f 566//592 564//592 75//592
f 567//593 13//593 565//593
f 568//594 566//594 80//594
f 569//595 11//595 13//595
f 569//596 13//596 567//596
f 570//597 80//597 83//597
f 570//598 568//598 80//598
f 571//599 10//599 11//599
f 571//600 11//600 569//600
f 572//601 83//601 85//601
f 572//602 570//602 83//602
f 573//603 10//603 571//603
f 574//604 85//604 88//604
f 574//605 572//605 85//605
f 575//606 10//606 573//606
f 576//607 88//607 91//607
f 576//608 574//608 88//608
f 577//609 10//609 575//609
f 578//610 576//610 91//610
f 578//611 91//611 93//611
f 579//612 10//612 577//612
f 580//613 578//613 93//613
f 580//614 93//614 95//614
f 581//615 10//615 579//615
f 582//616 95//616 98//616
f 582//617 580//617 95//617
f 583//618 10//618 581//618
f 584//619 98//619 100//619
f 584//620 582//620 98//620
f 585//621 10//621 583//621
f 586//622 100//622 103//622
f 586//623 584//623 100//623
f 587//624 10//624 585//624
f 588//625 586//625 103//625
f 588//626 103//626 105//626
f 589//627 10//627 587//627
f 590//628 105//628 108//628
f 590//629 588//629 105//629
f 591//630 10//630 589//630
f 592//631 590//631 108//631
f 592//632 108//632 110//632
f 593//633 10//633 591//633
f 594//634 592//634 110//634
f 594//635 110//635 112//635
f 595//636 594//636 112//636
f 595//637 112//637 114//637
f 596//638 595//638 114//638
f 596//639 114//639 116//639
f 597//640 116//640 119//640
f 597//641 596//641 116//641
f 598//642 597//642 119//642
f 598//643 119//643 121//643
f 599//644 10//644 593//644
f 599//645 600//645 601//645
f 599//646 602//646 600//646
f 599//647 603//647 602//647
f 599//648 593//648 603//648
f 604//649 599//649 601//649
f 605//650 598//650 121//650
f 606//651 599//651 604//651
f 123//652 607//652 605//652
f 123//653 605//653 121//653
f 608//654 599//654 606//654
f 609//655 599//655 608//655
f 610//656 599//656 609//656
f 125//657 607//657 123//657
f 611//658 599//658 610//658
f 612//659 599//659 611//659
f 613//660 599//660 612//660
f 127//661 614//661 607//661
f 127//662 607//662 125//662
f 615//663 599//663 613//663
f 616//664 599//664 615//664
f 617//665 599//665 616//665
f 129//666 618//666 614//666
f 129//667 614//667 127//667
f 619//668 599//668 617//668
f 620//669 599//669 619//669
f 621//670 599//670 620//670
f 131//671 618//671 129//671
f 131//672 622//672 618//672
f 131//673 623//673 622//673
f 624//674 599//674 621//674
f 625//675 599//675 624//675
f 626//676 599//676 625//676
f 133//677 623//677 131//677
f 134//678 627//678 623//678
f 134//679 623//679 133//679
f 136//680 628//680 627//680
f 136//681 629//681 628//681
f 136//682 627//682 134//682
f 138//683 629//683 136//683
f 140//684 629//684 138//684
f 140//685 630//685 629//685
f 142//686 630//686 140//686
f 142//687 631//687 630//687
f 143//688 631//688 142//688
f 143//689 632//689 631//689
f 146//690 632//690 143//690
f 146//691 633//691 632//691
f 147//692 633//692 146//692
f 147//693 634//693 633//693
f 147//694 635//694 634//694
f 150//695 635//695 147//695
f 7//696 636//696 637//696
f 7//697 638//697 636//697
f 7//698 639//698 638//698
f 7//699 640//699 639//699
f 7//700 641//700 640//700
f 7//701 642//701 641//701
f 7//702 635//702 150//702
f 7//703 643//703 635//703
f 7//704 644//704 643//704
f 7//705 645//705 644//705
f 7//706 646//706 645//706
f 7//707 647//707 646//707
f 7//708 637//708 647//708
f 6//709 648//709 642//709
f 6//710 649//710 648//710
f 6//711 650//711 649//711
f 6//712 651//712 650//712
f 6//713 652//713 651//713
f 6//714 653//714 652//714
f 6//715 654//715 653//715
f 6//716 655//716 654//716
f 6//717 656//717 655//717
f 6//718 657//718 656//718
f 6//719 658//719 657//719
f 6//720 659//720 658//720
f 6//721 660//721 659//721
f 6//722 661//722 660//722
f 6//723 662//723 661//723
f 6//724 663//724 662//724
f 6//725 664//725 663//725
f 6//726 665//726 664//726
f 6//727 666//727 665//727
f 6//728 626//728 666//728
f 6//729 599//729 626//729
f 6//730 642//730 7//730
f 667//731 599//731 6//731
f 668//732 667//732 6//732
f 669//733 670//733 671//733
f 672//734 671//734 670//734
f 673//735 670//735 669//735
f 674//736 672//736 670//736
f 675//737 670//737 673//737
f 676//738 674//738 670//738
f 677//739 670//739 675//739
f 678//740 676//740 670//740
f 679//741 670//741 677//741
f 679//742 680//742 670//742
f 681//743 678//743 670//743
f 682//744 680//744 679//744
f 683//745 681//745 670//745
f 684//746 680//746 682//746
f 685//747 683//747 670//747
f 686//748 680//748 684//748
f 687//749 685//749 670//749
f 688//750 680//750 686//750
f 689//751 687//751 670//751
f 690//752 680//752 688//752
f 691//753 689//753 670//753
f 692//754 680//754 690//754
f 693//755 691//755 670//755
f 694//756 680//756 692//756
f 695//757 693//757 670//757
f 696//758 680//758 694//758
f 697//759 695//759 670//759
f 698//760 680//760 696//760
f 699//761 697//761 670//761
f 700//762 680//762 698//762
f 701//763 699//763 670//763
f 702//764 680//764 700//764
f 703//765 680//765 702//765
f 703//766 704//766 680//766
f 705//767 704//767 703//767
f 705//768 706//768 704//768
f 707//769 706//769 705//769
f 707//770 708//770 709//770
f 707//771 709//771 706//771
f 710//772 708//772 707//772
f 711//773 708//773 710//773
f 711//774 712//774 713//774
f 711//775 713//775 708//775
f 714//776 712//776 711//776
f 715//777 712//777 714//777
f 715//778 716//778 717//778
f 715//779 717//779 712//779
f 718//780 716//780 715//780
f 719//781 716//781 718//781
f 719//782 720//782 716//782
f 721//783 722//783 720//783
f 721//784 720//784 719//784
f 723//785 722//785 721//785
f 723//786 724//786 722//786
f 725//787 726//787 727//787
f 725//788 727//788 724//788
f 725//789 724//789 723//789
f 728//790 729//790 726//790
f 728//791 726//791 725//791
f 730//792 729//792 728//792
f 731//793 732//793 729//793
f 731//794 729//794 730//794
f 733//795 670//795 734//795
f 733//796 701//796 670//796
f 733//797 735//797 701//797
f 733//798 736//798 735//798
f 733//799 737//799 736//799
f 733//800 738//800 737//800
f 733//801 739//801 738//801
f 733//802 740//802 739//802
f 733//803 741//803 740//803
f 733//804 742//804 741//804
f 733//805 743//805 742//805
f 733//806 744//806 743//806
f 733//807 745//807 744//807
f 733//808 746//808 745//808
f 733//809 747//809 746//809
f 733//810 748//810 747//810
f 733//811 749//811 748//811
f 733//812 750//812 749//812
f 751//813 731//813 752//813
f 751//814 732//814 731//814
f 753//815 750//815 733//815
f 754//816 751//816 752//816
f 755//817 753//817 733//817
f 756//818 755//818 733//818
f 757//819 751//819 754//819
f 758//820 756//820 733//820
f 759//821 758//821 733//821
f 760//822 757//822 754//822
f 760//823 761//823 762//823
f 760//824 754//824 761//824
f 763//825 760//825 762//825
f 764//826 763//826 762//826
f 764//827 762//827 765//827
f 766//828 765//828 767//828
f 766//829 764//829 765//829
f 768//830 767//830 769//830
f 768//831 766//831 767//831
f 770//832 768//832 769//832
f 770//833 769//833 771//833
f 772//834 770//834 771//834
f 772//835 771//835 773//835
f 774//836 772//836 773//836
f 774//837 775//837 776//837
f 774//838 773//838 775//838
f 777//839 774//839 776//839
f 778//840 667//840 668//840
f 778//841 734//841 667//841
f 778//842 733//842 734//842
f 779//843 776//843 780//843
f 779//844 777//844 776//844
f 781//845 779//845 780//845
f 781//846 780//846 782//846
f 783//847 782//847 784//847
f 783//848 781//848 782//848
f 785//849 784//849 786//849
f 785//850 783//850 784//850
f 787//851 786//851 788//851
f 787//852 785//852 786//852
f 789//853 790//853 791//853
f 789//854 792//854 790//854
f 789//855 793//855 792//855
f 789//856 794//856 793//856
f 789//857 795//857 794//857
f 789//858 796//858 795//858
f 789//859 797//859 796//859
f 789//860 798//860 797//860
f 789//861 759//861 733//861
f 789//862 799//862 759//862
f 789//863 800//863 799//863
f 789//864 801//864 800//864
f 789//865 791//865 801//865
f 802//866 788//866 803//866
f 802//867 787//867 788//867
f 804//868 798//868 789//868
f 805//869 803//869 806//869
f 805//870 802//870 803//870
f 807//871 808//871 798//871
f 807//872 809//872 808//872
f 807//873 798//873 804//873
f 810//874 806//874 811//874
f 810//875 805//875 806//875
f 812//876 809//876 807//876
f 813//877 814//877 815//877
f 813//878 811//878 814//878
f 813//879 810//879 811//879
f 816//880 817//880 809//880
f 816//881 809//881 812//881
f 818//882 813//882 815//882
f 819//883 817//883 816//883
f 819//884 820//884 817//884
f 819//885 821//885 820//885
f 822//886 815//886 823//886
f 822//887 818//887 815//887
f 824//888 821//888 819//888
f 825//889 822//889 823//889
f 825//890 823//890 826//890
f 827//891 828//891 821//891
f 827//892 829//892 828//892
f 827//893 821//893 824//893
f 830//894 826//894 831//894
f 830//895 825//895 826//895
f 832//896 829//896 827//896
f 833//897 830//897 831//897
f 833//898 831//898 834//898
f 835//899 836//899 829//899
f 835//900 829//900 832//900
f 837//901 834//901 838//901
f 837//902 833//902 834//902
f 839//903 840//903 836//903
f 839//904 836//904 835//904
f 841//905 837//905 838//905
f 841//906 842//906 843//906
f 841//907 838//907 842//907
f 844//908 845//908 840//908
f 844//909 840//909 839//909
f 846//910 843//910 847//910
f 846//911 841//911 843//911
f 848//912 849//912 845//912
f 848//913 845//913 844//913
f 850//914 847//914 851//914
f 850//915 846//915 847//915
f 852//916 853//916 849//916
f 852//917 849//917 848//917
f 854//918 850//918 851//918
f 855//919 856//919 853//919
f 855//920 857//920 856//920
f 855//921 853//921 852//921
f 858//922 854//922 851//922
f 858//923 851//923 859//923
f 860//924 861//924 857//924
f 860//925 857//925 855//925
f 862//926 858//926 859//926
f 862//927 861//927 860//927
f 862//928 859//928 861//928
f 348//929 734//929 670//929
f 348//930 670//930 412//930
f 667//931 264//931 326//931
f 667//932 326//932 599//932
f 863//933 259//933 265//933
f 864//934 865//934 863//934
f 864//935 863//935 265//935
f 866//936 326//936 865//936
f 866//937 865//937 864//937
f 867//938 326//938 866//938
f 868//939 326//939 867//939
f 869//940 866//940 870//940
f 869//941 867//941 866//941
f 871//942 868//942 867//942
f 872//943 599//943 868//943
f 873//944 872//944 874//944
f 873//945 599//945 872//945
f 2//946 668//946 6//946
f 875//947 668//947 2//947
f 876//948 2//948 873//948
f 876//949 874//949 871//949
f 876//950 873//950 874//950
f 876//951 875//951 2//951
f 599//952 326//952 868//952
f 867//953 876//953 871//953
f 2//954 1//954 873//954
f 873//955 1//955 877//955
f 16//956 878//956 877//956
f 16//957 14//957 878//957
f 1//958 148//958 877//958
f 877//959 148//959 16//959
f 148//960 5//960 145//960
f 1//961 5//961 148//961
f 149//962 145//962 5//962
f 5//963 4//963 151//963
f 5//964 151//964 149//964
f 82//965 86//965 84//965
f 81//966 87//966 82//966
f 82//967 87//967 86//967
f 79//968 89//968 81//968
f 81//969 89//969 87//969
f 77//970 90//970 79//970
f 79//971 90//971 89//971
f 76//972 92//972 77//972
f 77//973 92//973 90//973
f 74//974 94//974 76//974
f 76//975 94//975 92//975
f 72//976 96//976 74//976
f 74//977 96//977 94//977
f 71//978 97//978 72//978
f 72//979 97//979 96//979
f 69//980 99//980 71//980
f 71//981 99//981 97//981
f 67//982 101//982 69//982
f 69//983 101//983 99//983
f 66//984 102//984 67//984
f 67//985 102//985 101//985
f 64//986 104//986 66//986
f 66//987 104//987 102//987
f 62//988 106//988 64//988
f 64//989 106//989 104//989
f 61//990 107//990 62//990
f 62//991 107//991 106//991
f 59//992 109//992 61//992
f 57//993 109//993 59//993
f 61//994 109//994 107//994
f 56//995 111//995 57//995
f 57//996 111//996 109//996
f 54//997 113//997 56//997
f 56//998 113//998 111//998
f 52//999 115//999 54//999
f 51//1000 115//1000 52//1000
f 54//1001 115//1001 113//1001
f 49//1002 117//1002 51//1002
f 51//1003 117//1003 115//1003
f 47//1004 118//1004 49//1004
f 49//1005 118//1005 117//1005
f 46//1006 120//1006 47//1006
f 44//1007 120//1007 46//1007
f 47//1008 120//1008 118//1008
f 44//1009 122//1009 120//1009
f 42//1010 122//1010 44//1010
f 42//1011 124//1011 122//1011
f 41//1012 124//1012 42//1012
f 39//1013 124//1013 41//1013
f 37//1014 126//1014 39//1014
f 39//1015 126//1015 124//1015
f 36//1016 128//1016 37//1016
f 34//1017 128//1017 36//1017
f 37//1018 128//1018 126//1018
f 32//1019 130//1019 34//1019
f 34//1020 130//1020 128//1020
f 32//1021 132//1021 130//1021
f 30//1022 132//1022 32//1022
f 30//1023 135//1023 132//1023
f 28//1024 135//1024 30//1024
f 26//1025 137//1025 28//1025
f 24//1026 137//1026 26//1026
f 28//1027 137//1027 135//1027
f 22//1028 139//1028 24//1028
f 24//1029 139//1029 137//1029
f 22//1030 141//1030 139//1030
f 20//1031 141//1031 22//1031
f 18//1032 144//1032 20//1032
f 17//1033 144//1033 18//1033
f 20//1034 144//1034 141//1034
f 16//1035 148//1035 17//1035
f 17//1036 148//1036 144//1036
f 12//1037 878//1037 14//1037
f 8//1038 878//1038 9//1038
f 9//1039 878//1039 12//1039
f 8//1040 10//1040 599//1040
f 873//1041 8//1041 599//1041
f 879//1042 8//1042 873//1042
f 877//1043 878//1043 8//1043
f 877//1044 8//1044 879//1044
f 877//1045 879//1045 873//1045
f 778//1046 880//1046 881//1046
f 668//1047 875//1047 882//1047
f 668//1048 882//1048 880//1048
f 668//1049 880//1049 778//1049
f 883//1050 884//1050 885//1050
f 347//1051 885//1051 884//1051
f 346//1052 885//1052 347//1052
f 886//1053 883//1053 412//1053
f 886//1054 884//1054 883//1054
f 887//1055 888//1055 886//1055
f 889//1056 886//1056 412//1056
f 889//1057 887//1057 886//1057
f 890//1058 891//1058 889//1058
f 892//1059 881//1059 891//1059
f 892//1060 891//1060 890//1060
f 670//1061 889//1061 412//1061
f 670//1062 890//1062 889//1062
f 778//1063 892//1063 733//1063
f 778//1064 881//1064 892//1064
f 893//1065 894//1065 895//1065
f 893//1066 896//1066 894//1066
f 893//1067 892//1067 896//1067
f 733//1068 893//1068 789//1068
f 733//1069 892//1069 893//1069
f 892//1070 894//1070 896//1070
f 789//1071 893//1071 897//1071
f 804//1072 897//1072 898//1072
f 804//1073 789//1073 897//1073
f 899//1074 900//1074 901//1074
f 902//1075 899//1075 901//1075
f 807//1076 898//1076 899//1076
f 807//1077 804//1077 898//1077
f 812//1078 807//1078 899//1078
f 812//1079 899//1079 902//1079
f 816//1080 902//1080 903//1080
f 816//1081 812//1081 902//1081
f 819//1082 903//1082 904//1082
f 819//1083 816//1083 903//1083
f 824//1084 904//1084 905//1084
f 824//1085 819//1085 904//1085
f 827//1086 905//1086 906//1086
f 827//1087 824//1087 905//1087
f 832//1088 906//1088 907//1088
f 832//1089 827//1089 906//1089
f 835//1090 907//1090 908//1090
f 835//1091 832//1091 907//1091
f 839//1092 908//1092 909//1092
f 839//1093 835//1093 908//1093
f 844//1094 909//1094 910//1094
f 844//1095 839//1095 909//1095
f 848//1096 911//1096 912//1096
f 848//1097 910//1097 911//1097
f 848//1098 844//1098 910//1098
f 852//1099 848//1099 912//1099
f 852//1100 912//1100 913//1100
f 855//1101 852//1101 913//1101
f 855//1102 914//1102 915//1102
f 855//1103 913//1103 914//1103
f 860//1104 855//1104 915//1104
f 860//1105 915//1105 916//1105
f 862//1106 860//1106 916//1106
f 862//1107 917//1107 918//1107
f 862//1108 916//1108 917//1108
f 858//1109 918//1109 919//1109
f 858//1110 862//1110 918//1110
f 854//1111 858//1111 919//1111
f 854//1112 920//1112 921//1112
f 854//1113 919//1113 920//1113
f 850//1114 921//1114 922//1114
f 850//1115 854//1115 921//1115
f 846//1116 923//1116 924//1116
f 846//1117 922//1117 923//1117
f 846//1118 850//1118 922//1118
f 841//1119 846//1119 924//1119
f 841//1120 924//1120 925//1120
f 837//1121 926//1121 927//1121
f 837//1122 925//1122 926//1122
f 837//1123 841//1123 925//1123
f 833//1124 927//1124 928//1124
f 833//1125 837//1125 927//1125
f 830//1126 929//1126 930//1126
f 830//1127 928//1127 929//1127
f 830//1128 833//1128 928//1128
f 825//1129 930//1129 931//1129
f 825//1130 830//1130 930//1130
f 822//1131 932//1131 933//1131
f 822//1132 931//1132 932//1132
f 822//1133 825//1133 931//1133
f 818//1134 933//1134 934//1134
f 818//1135 822//1135 933//1135
f 813//1136 935//1136 936//1136
f 813//1137 934//1137 935//1137
f 813//1138 818//1138 934//1138
f 810//1139 936//1139 937//1139
f 810//1140 813//1140 936//1140
f 805//1141 938//1141 939//1141
f 805//1142 937//1142 938//1142
f 805//1143 810//1143 937//1143
f 802//1144 939//1144 940//1144
f 802//1145 805//1145 939//1145
f 787//1146 802//1146 940//1146
f 787//1147 941//1147 942//1147
f 787//1148 940//1148 941//1148
f 785//1149 787//1149 942//1149
f 785//1150 943//1150 944//1150
f 785//1151 942//1151 943//1151
f 783//1152 785//1152 944//1152
f 783//1153 944//1153 945//1153
f 781//1154 783//1154 945//1154
f 781//1155 945//1155 946//1155
f 779//1156 781//1156 946//1156
f 779//1157 947//1157 948//1157
f 779//1158 946//1158 947//1158
f 777//1159 779//1159 948//1159
f 777//1160 948//1160 949//1160
f 774//1161 777//1161 949//1161
f 774//1162 950//1162 951//1162
f 774//1163 949//1163 950//1163
f 772//1164 774//1164 951//1164
f 772//1165 951//1165 952//1165
f 770//1166 772//1166 952//1166
f 770//1167 953//1167 954//1167
f 770//1168 952//1168 953//1168
f 768//1169 770//1169 954//1169
f 768//1170 954//1170 955//1170
f 766//1171 768//1171 955//1171
f 766//1172 955//1172 956//1172
f 764//1173 766//1173 956//1173
f 764//1174 956//1174 957//1174
f 763//1175 957//1175 958//1175
f 763//1176 764//1176 957//1176
f 760//1177 959//1177 960//1177
f 760//1178 958//1178 959//1178
f 760//1179 763//1179 958//1179
f 757//1180 960//1180 961//1180
f 757//1181 760//1181 960//1181
f 751//1182 961//1182 962//1182
f 751//1183 757//1183 961//1183
f 732//1184 962//1184 963//1184
f 732//1185 751//1185 962//1185
f 729//1186 963//1186 964//1186
f 729//1187 732//1187 963//1187
f 726//1188 964//1188 965//1188
f 726//1189 729//1189 964//1189
f 727//1190 965//1190 966//1190
f 727//1191 726//1191 965//1191
f 724//1192 966//1192 967//1192
f 724//1193 727//1193 966//1193
f 722//1194 724//1194 967//1194
f 720//1195 967//1195 968//1195
f 720//1196 722//1196 967//1196
f 716//1197 720//1197 968//1197
f 716//1198 968//1198 969//1198
f 717//1199 716//1199 969//1199
f 717//1200 969//1200 970//1200
f 712//1201 717//1201 970//1201
f 712//1202 970//1202 971//1202
f 713//1203 712//1203 971//1203
f 708//1204 713//1204 971//1204
f 708//1205 971//1205 972//1205
f 973//1206 708//1206 972//1206
f 973//1207 972//1207 974//1207
f 709//1208 708//1208 973//1208
f 706//1209 709//1209 973//1209
f 706//1210 973//1210 975//1210
f 704//1211 706//1211 975//1211
f 704//1212 975//1212 976//1212
f 680//1213 704//1213 976//1213
f 680//1214 976//1214 977//1214
f 977//1215 670//1215 680//1215
f 978//1216 977//1216 979//1216
f 980//1217 977//1217 978//1217
f 890//1218 977//1218 980//1218
f 890//1219 670//1219 977//1219
f 978//1220 890//1220 980//1220
f 981//1221 982//1221 983//1221
f 981//1222 984//1222 982//1222
f 981//1223 883//1223 984//1223
f 412//1224 981//1224 466//1224
f 412//1225 883//1225 981//1225
f 883//1226 982//1226 984//1226
f 466//1227 981//1227 985//1227
f 480//1228 985//1228 986//1228
f 480//1229 466//1229 985//1229
f 987//1230 988//1230 989//1230
f 990//1231 987//1231 989//1231
f 486//1232 986//1232 987//1232
f 486//1233 480//1233 986//1233
f 490//1234 486//1234 987//1234
f 490//1235 987//1235 990//1235
f 493//1236 990//1236 991//1236
f 493//1237 490//1237 990//1237
f 497//1238 991//1238 992//1238
f 497//1239 493//1239 991//1239
f 501//1240 992//1240 993//1240
f 501//1241 497//1241 992//1241
f 505//1242 993//1242 994//1242
f 505//1243 501//1243 993//1243
f 509//1244 994//1244 995//1244
f 509//1245 505//1245 994//1245
f 513//1246 995//1246 996//1246
f 513//1247 509//1247 995//1247
f 516//1248 996//1248 997//1248
f 516//1249 513//1249 996//1249
f 521//1250 997//1250 998//1250
f 521//1251 516//1251 997//1251
f 525//1252 999//1252 1000//1252
f 525//1253 998//1253 999//1253
f 525//1254 521//1254 998//1254
f 529//1255 525//1255 1000//1255
f 529//1256 1000//1256 1001//1256
f 533//1257 529//1257 1001//1257
f 533//1258 1002//1258 1003//1258
f 533//1259 1001//1259 1002//1259
f 536//1260 533//1260 1003//1260
f 536//1261 1003//1261 1004//1261
f 538//1262 536//1262 1004//1262
f 538//1263 1005//1263 1006//1263
f 538//1264 1004//1264 1005//1264
f 535//1265 1006//1265 1007//1265
f 535//1266 538//1266 1006//1266
f 531//1267 535//1267 1007//1267
f 531//1268 1008//1268 1009//1268
f 531//1269 1007//1269 1008//1269
f 526//1270 1009//1270 1010//1270
f 526//1271 531//1271 1009//1271
f 524//1272 1011//1272 1012//1272
f 524//1273 1010//1273 1011//1273
f 524//1274 526//1274 1010//1274
f 518//1275 524//1275 1012//1275
f 518//1276 1012//1276 1013//1276
f 514//1277 1014//1277 1015//1277
f 514//1278 1013//1278 1014//1278
f 514//1279 518//1279 1013//1279
f 512//1280 1015//1280 1016//1280
f 512//1281 514//1281 1015//1281
f 506//1282 1017//1282 1018//1282
f 506//1283 1016//1283 1017//1283
f 506//1284 512//1284 1016//1284
f 504//1285 1018//1285 1019//1285
f 504//1286 506//1286 1018//1286
f 498//1287 1020//1287 1021//1287
f 498//1288 1019//1288 1020//1288
f 498//1289 504//1289 1019//1289
f 495//1290 1021//1290 1022//1290
f 495//1291 498//1291 1021//1291
f 492//1292 1023//1292 1024//1292
f 492//1293 1022//1293 1023//1293
f 492//1294 495//1294 1022//1294
f 488//1295 1024//1295 1025//1295
f 488//1296 492//1296 1024//1296
f 483//1297 1026//1297 1027//1297
f 483//1298 1025//1298 1026//1298
f 483//1299 488//1299 1025//1299
f 478//1300 1027//1300 1028//1300
f 478//1301 483//1301 1027//1301
f 465//1302 478//1302 1028//1302
f 465//1303 1029//1303 1030//1303
f 465//1304 1028//1304 1029//1304
f 462//1305 465//1305 1030//1305
f 462//1306 1031//1306 1032//1306
f 462//1307 1030//1307 1031//1307
f 460//1308 462//1308 1032//1308
f 460//1309 1032//1309 1033//1309
f 458//1310 460//1310 1033//1310
f 458//1311 1033//1311 1034//1311
f 456//1312 458//1312 1034//1312
f 456//1313 1035//1313 1036//1313
f 456//1314 1034//1314 1035//1314
f 455//1315 456//1315 1036//1315
f 455//1316 1036//1316 1037//1316
f 452//1317 455//1317 1037//1317
f 452//1318 1038//1318 1039//1318
f 452//1319 1037//1319 1038//1319
f 450//1320 452//1320 1039//1320
f 450//1321 1039//1321 1040//1321
f 448//1322 450//1322 1040//1322
f 448//1323 1041//1323 1042//1323
f 448//1324 1040//1324 1041//1324
f 447//1325 448//1325 1042//1325
f 447//1326 1042//1326 1043//1326
f 444//1327 447//1327 1043//1327
f 444//1328 1043//1328 1044//1328
f 442//1329 444//1329 1044//1329
f 442//1330 1044//1330 1045//1330
f 440//1331 1045//1331 1046//1331
f 440//1332 442//1332 1045//1332
f 438//1333 1047//1333 1048//1333
f 438//1334 1046//1334 1047//1334
f 438//1335 440//1335 1046//1335
f 435//1336 1048//1336 1049//1336
f 435//1337 438//1337 1048//1337
f 430//1338 1049//1338 1050//1338
f 430//1339 435//1339 1049//1339
f 411//1340 1050//1340 1051//1340
f 411//1341 430//1341 1050//1341
f 409//1342 1051//1342 1052//1342
f 409//1343 411//1343 1051//1343
f 406//1344 1052//1344 1053//1344
f 406//1345 409//1345 1052//1345
f 404//1346 1053//1346 1054//1346
f 404//1347 406//1347 1053//1347
f 401//1348 1054//1348 1055//1348
f 401//1349 404//1349 1054//1349
f 402//1350 401//1350 1055//1350
f 399//1351 1055//1351 1056//1351
f 399//1352 402//1352 1055//1352
f 397//1353 399//1353 1056//1353
f 397//1354 1056//1354 1057//1354
f 395//1355 397//1355 1057//1355
f 395//1356 1057//1356 1058//1356
f 391//1357 395//1357 1058//1357
f 391//1358 1058//1358 1059//1358
f 392//1359 391//1359 1059//1359
f 389//1360 392//1360 1059//1360
f 389//1361 1059//1361 1060//1361
f 1061//1362 389//1362 1060//1362
f 1061//1363 1060//1363 1062//1363
f 387//1364 389//1364 1061//1364
f 385//1365 387//1365 1061//1365
f 385//1366 1061//1366 1063//1366
f 383//1367 385//1367 1063//1367
f 383//1368 1063//1368 1064//1368
f 359//1369 383//1369 1064//1369
f 359//1370 1064//1370 1065//1370
f 1065//1371 346//1371 359//1371
f 1066//1372 1065//1372 1067//1372
f 1068//1373 1065//1373 1066//1373
f 885//1374 1065//1374 1068//1374
f 885//1375 346//1375 1065//1375
f 1066//1376 885//1376 1068//1376
f 1069//1377 348//1377 347//1377
f 884//1378 1069//1378 347//1378
f 884//1379 1070//1379 1069//1379
f 1071//1380 1070//1380 884//1380
f 1072//1381 1073//1381 1069//1381
f 1072//1382 1069//1382 1070//1382
f 1074//1383 1071//1383 884//1383
f 1075//1384 1076//1384 1074//1384
f 1075//1385 1074//1385 884//1385
f 1077//1386 348//1386 1069//1386
f 1078//1387 1077//1387 1069//1387
f 1079//1388 348//1388 1077//1388
f 1080//1389 1079//1389 1081//1389
f 1080//1390 348//1390 1079//1390
f 1082//1391 1080//1391 1081//1391
f 1083//1392 1079//1392 1084//1392
f 1083//1393 1081//1393 1079//1393
f 1085//1394 1086//1394 734//1394
f 1085//1395 734//1395 1080//1395
f 734//1396 348//1396 1080//1396
f 1087//1397 667//1397 1086//1397
f 1086//1398 667//1398 734//1398
f 1088//1399 1089//1399 1090//1399
f 1088//1400 1090//1400 264//1400
f 1091//1401 1092//1401 1088//1401
f 1093//1402 1091//1402 1088//1402
f 1094//1403 1095//1403 1092//1403
f 1094//1404 1092//1404 1091//1404
f 1096//1405 1088//1405 264//1405
f 1096//1406 1093//1406 1088//1406
f 1097//1407 1096//1407 264//1407
f 1098//1408 1099//1408 1093//1408
f 1098//1409 1093//1409 1096//1409
f 1100//1410 1095//1410 1094//1410
f 1101//1411 1100//1411 1094//1411
f 1102//1412 1094//1412 1099//1412
f 1102//1413 1098//1413 1103//1413
f 1102//1414 1099//1414 1098//1414
f 1102//1415 1101//1415 1094//1415
f 1104//1416 1102//1416 1103//1416
f 1104//1417 1105//1417 1102//1417
f 1106//1418 1107//1418 1105//1418
f 1087//1419 1106//1419 1108//1419
f 1087//1420 1107//1420 1106//1420
f 667//1421 1108//1421 1104//1421
f 667//1422 1087//1422 1108//1422
f 1107//1423 1102//1423 1105//1423
f 264//1424 667//1424 1103//1424
f 1103//1425 667//1425 1104//1425
f 264//1426 1103//1426 1097//1426
f 1090//1427 265//1427 264//1427
f 1109//1428 1090//1428 1110//1428
f 1109//1429 1110//1429 1111//1429
f 1112//1430 1113//1430 1114//1430
f 864//1431 1115//1431 1112//1431
f 864//1432 1109//1432 1115//1432
f 864//1433 1090//1433 1109//1433
f 864//1434 1112//1434 1114//1434
f 864//1435 265//1435 1090//1435
f 1116//1436 216//1436 259//1436
f 863//1437 1116//1437 259//1437
f 1117//1438 1116//1438 863//1438
f 1118//1439 1119//1439 1116//1439
f 1118//1440 1116//1440 1117//1440
f 1118//1441 1117//1441 863//1441
f 1116//1442 1120//1442 216//1442
f 216//1443 1120//1443 208//1443
f 208//1444 1121//1444 209//1444
f 1120//1445 1121//1445 208//1445
f 209//1446 1122//1446 200//1446
f 1121//1447 1122//1447 209//1447
f 1123//1448 1124//1448 1122//1448
f 200//1449 1125//1449 201//1449
f 1122//1450 1125//1450 200//1450
f 1124//1451 1125//1451 1122//1451
f 201//1452 1126//1452 192//1452
f 1125//1453 1126//1453 201//1453
f 192//1454 1127//1454 187//1454
f 1126//1455 1127//1455 192//1455
f 187//1456 1128//1456 188//1456
f 1127//1457 1128//1457 187//1457
f 188//1458 1129//1458 180//1458
f 1128//1459 1129//1459 188//1459
f 180//1460 1130//1460 181//1460
f 1129//1461 1130//1461 180//1461
f 181//1462 1131//1462 171//1462
f 1130//1463 1131//1463 181//1463
f 171//1464 1132//1464 172//1464
f 1131//1465 1132//1465 171//1465
f 172//1466 1133//1466 167//1466
f 1132//1467 1133//1467 172//1467
f 1133//1468 1134//1468 167//1468
f 1134//1469 1135//1469 167//1469
f 167//1470 1135//1470 163//1470
f 1135//1471 1136//1471 163//1471
f 163//1472 1136//1472 155//1472
f 1136//1473 1137//1473 155//1473
f 1137//1474 1138//1474 155//1474
f 155//1475 1138//1475 156//1475
f 1138//1476 1139//1476 156//1476
f 156//1477 1139//1477 153//1477
f 1139//1478 1140//1478 153//1478
f 1140//1479 1141//1479 153//1479
f 153//1480 1141//1480 158//1480
f 1141//1481 1142//1481 158//1481
f 158//1482 1142//1482 161//1482
f 1142//1483 1143//1483 161//1483
f 1143//1484 1144//1484 161//1484
f 161//1485 1144//1485 165//1485
f 1144//1486 1145//1486 165//1486
f 165//1487 1145//1487 169//1487
f 1145//1488 1146//1488 169//1488
f 1146//1489 1147//1489 169//1489
f 169//1490 1147//1490 174//1490
f 1147//1491 1148//1491 174//1491
f 174//1492 1148//1492 177//1492
f 1148//1493 1149//1493 177//1493
f 1149//1494 1150//1494 177//1494
f 177//1495 1150//1495 178//1495
f 1150//1496 1151//1496 178//1496
f 178//1497 1151//1497 185//1497
f 1151//1498 1152//1498 185//1498
f 1152//1499 1153//1499 185//1499
f 185//1500 1153//1500 190//1500
f 190//1501 1154//1501 194//1501
f 1153//1502 1154//1502 190//1502
f 1154//1503 1155//1503 194//1503
f 194//1504 1156//1504 197//1504
f 1155//1505 1156//1505 194//1505
f 197//1506 1157//1506 198//1506
f 1156//1507 1157//1507 197//1507
f 1157//1508 1158//1508 198//1508
f 198//1509 1159//1509 205//1509
f 1158//1510 1159//1510 198//1510
f 205//1511 1160//1511 206//1511
f 1159//1512 1160//1512 205//1512
f 1160//1513 1161//1513 206//1513
f 206//1514 1162//1514 213//1514
f 1161//1515 1162//1515 206//1515
f 213//1516 1163//1516 214//1516
f 1162//1517 1163//1517 213//1517
f 1163//1518 1164//1518 214//1518
f 1164//1519 1165//1519 214//1519
f 214//1520 1165//1520 220//1520
f 1165//1521 1166//1521 220//1521
f 1166//1522 1167//1522 220//1522
f 220//1523 1167//1523 221//1523
f 1167//1524 1168//1524 221//1524
f 221//1525 1168//1525 226//1525
f 1168//1526 1169//1526 226//1526
f 226//1527 1169//1527 229//1527
f 1169//1528 1170//1528 229//1528
f 1170//1529 1171//1529 229//1529
f 229//1530 1171//1530 230//1530
f 1171//1531 1172//1531 230//1531
f 230//1532 1172//1532 235//1532
f 1172//1533 1173//1533 235//1533
f 1173//1534 1174//1534 235//1534
f 235//1535 1174//1535 238//1535
f 1174//1536 1175//1536 238//1536
f 238//1537 1175//1537 239//1537
f 1175//1538 1176//1538 239//1538
f 1176//1539 1177//1539 239//1539
f 239//1540 1177//1540 244//1540
f 1177//1541 1178//1541 244//1541
f 244//1542 1178//1542 247//1542
f 1178//1543 1179//1543 247//1543
f 247//1544 1179//1544 248//1544
f 1179//1545 1180//1545 248//1545
f 248//1546 1180//1546 252//1546
f 1180//1547 1181//1547 252//1547
f 252//1548 1181//1548 254//1548
f 1181//1549 1182//1549 254//1549
f 1182//1550 1183//1550 254//1550
f 254//1551 1183//1551 256//1551
f 1183//1552 1184//1552 256//1552
f 256//1553 1184//1553 258//1553
f 1184//1554 1185//1554 258//1554
f 258//1555 1185//1555 268//1555
f 1185//1556 1186//1556 268//1556
f 268//1557 1186//1557 273//1557
f 1186//1558 1187//1558 273//1558
f 273//1559 1187//1559 279//1559
f 1187//1560 1188//1560 279//1560
f 279//1561 1188//1561 283//1561
f 1188//1562 1189//1562 283//1562
f 283//1563 1189//1563 288//1563
f 1189//1564 1190//1564 288//1564
f 288//1565 1190//1565 294//1565
f 294//1566 1190//1566 295//1566
f 1190//1567 1191//1567 295//1567
f 295//1568 1191//1568 297//1568
f 297//1569 1192//1569 300//1569
f 1191//1570 1192//1570 297//1570
f 300//1571 1193//1571 301//1571
f 1192//1572 1193//1572 300//1572
f 301//1573 1194//1573 303//1573
f 303//1574 1194//1574 305//1574
f 1193//1575 1194//1575 301//1575
f 1194//1576 1195//1576 305//1576
f 305//1577 1196//1577 307//1577
f 307//1578 1196//1578 310//1578
f 1195//1579 1196//1579 305//1579
f 1195//1580 1197//1580 1196//1580
f 310//1581 1198//1581 312//1581
f 1196//1582 1198//1582 310//1582
f 312//1583 1199//1583 313//1583
f 1198//1584 1199//1584 312//1584
f 1199//1585 1200//1585 313//1585
f 1201//1586 865//1586 1202//1586
f 1200//1587 1202//1587 865//1587
f 1200//1588 1201//1588 1202//1588
f 1203//1589 1201//1589 1200//1589
f 326//1590 1200//1590 865//1590
f 313//1591 1200//1591 326//1591
f 1204//1592 1205//1592 315//1592
f 1204//1593 315//1593 314//1593
f 1206//1594 314//1594 316//1594
f 1206//1595 316//1595 317//1595
f 1206//1596 1204//1596 314//1596
f 1207//1597 1206//1597 317//1597
f 1208//1598 317//1598 318//1598
f 1208//1599 318//1599 319//1599
f 1208//1600 1207//1600 317//1600
f 1209//1601 319//1601 320//1601
f 1209//1602 1208//1602 319//1602
f 1210//1603 1209//1603 320//1603
f 1211//1604 320//1604 321//1604
f 1211//1605 1210//1605 320//1605
f 1212//1606 321//1606 322//1606
f 1212//1607 322//1607 323//1607
f 1212//1608 1211//1608 321//1608
f 1213//1609 1212//1609 323//1609
f 1214//1610 323//1610 324//1610
f 1214//1611 1213//1611 323//1611
f 1215//1612 1214//1612 324//1612
f 1215//1613 324//1613 325//1613
f 1216//1614 1215//1614 325//1614
f 1216//1615 325//1615 328//1615
f 1217//1616 1216//1616 328//1616
f 1217//1617 328//1617 329//1617
f 1218//1618 1217//1618 329//1618
f 1218//1619 329//1619 330//1619
f 1219//1620 1218//1620 330//1620
f 1219//1621 330//1621 331//1621
f 1220//1622 1219//1622 331//1622
f 1220//1623 331//1623 332//1623
f 1221//1624 1220//1624 332//1624
f 1221//1625 332//1625 333//1625
f 1222//1626 1221//1626 333//1626
f 1222//1627 333//1627 334//1627
f 1223//1628 1222//1628 334//1628
f 1223//1629 334//1629 335//1629
f 1224//1630 1223//1630 335//1630
f 1224//1631 335//1631 336//1631
f 1224//1632 336//1632 337//1632
f 1225//1633 1224//1633 337//1633
f 1226//1634 1225//1634 337//1634
f 1226//1635 337//1635 338//1635
f 1226//1636 338//1636 339//1636
f 1227//1637 1226//1637 339//1637
f 1228//1638 339//1638 340//1638
f 1228//1639 340//1639 341//1639
f 1228//1640 1227//1640 339//1640
f 1229//1641 1228//1641 341//1641
f 1230//1642 341//1642 342//1642
f 1230//1643 1229//1643 341//1643
f 1231//1644 342//1644 343//1644
f 1231//1645 343//1645 344//1645
f 1231//1646 1230//1646 342//1646
f 1232//1647 344//1647 345//1647
f 1232//1648 1231//1648 344//1648
f 1233//1649 1232//1649 345//1649
f 1234//1650 345//1650 327//1650
f 1234//1651 327//1651 293//1651
f 1234//1652 1233//1652 345//1652
f 1235//1653 1234//1653 293//1653
f 1236//1654 293//1654 292//1654
f 1236//1655 292//1655 291//1655
f 1236//1656 1235//1656 293//1656
f 1237//1657 1236//1657 291//1657
f 1238//1658 291//1658 287//1658
f 1238//1659 287//1659 286//1659
f 1238//1660 1237//1660 291//1660
f 1239//1661 1238//1661 286//1661
f 1240//1662 1239//1662 286//1662
f 1240//1663 286//1663 285//1663
f 1241//1664 1240//1664 285//1664
f 1241//1665 285//1665 282//1665
f 1242//1666 1241//1666 282//1666
f 1242//1667 282//1667 281//1667
f 1243//1668 1242//1668 281//1668
f 1243//1669 281//1669 280//1669
f 1244//1670 1243//1670 280//1670
f 1244//1671 280//1671 278//1671
f 1244//1672 278//1672 277//1672
f 1245//1673 1244//1673 277//1673
f 1246//1674 1245//1674 277//1674
f 1246//1675 277//1675 276//1675
f 1247//1676 1246//1676 276//1676
f 1247//1677 276//1677 272//1677
f 1248//1678 1247//1678 272//1678
f 1248//1679 272//1679 271//1679
f 1249//1680 1248//1680 271//1680
f 1249//1681 271//1681 270//1681
f 1250//1682 1249//1682 270//1682
f 1250//1683 270//1683 267//1683
f 1251//1684 1250//1684 267//1684
f 1251//1685 267//1685 266//1685
f 1252//1686 1251//1686 266//1686
f 1252//1687 266//1687 261//1687
f 1253//1688 1252//1688 261//1688
f 1253//1689 261//1689 260//1689
f 1254//1690 1253//1690 260//1690
f 1254//1691 260//1691 262//1691
f 1255//1692 1254//1692 262//1692
f 1255//1693 262//1693 263//1693
f 1256//1694 1255//1694 263//1694
f 1256//1695 263//1695 249//1695
f 1257//1696 1256//1696 249//1696
f 1257//1697 249//1697 245//1697
f 1258//1698 1257//1698 245//1698
f 1258//1699 245//1699 242//1699
f 1259//1700 1258//1700 242//1700
f 1259//1701 242//1701 240//1701
f 1260//1702 1259//1702 240//1702
f 1260//1703 240//1703 236//1703
f 1261//1704 1260//1704 236//1704
f 1261//1705 236//1705 233//1705
f 1262//1706 233//1706 231//1706
f 1262//1707 1261//1707 233//1707
f 1263//1708 231//1708 227//1708
f 1263//1709 1262//1709 231//1709
f 1264//1710 227//1710 224//1710
f 1264//1711 1263//1711 227//1711
f 1265//1712 224//1712 222//1712
f 1265//1713 1264//1713 224//1713
f 1266//1714 1265//1714 222//1714
f 1266//1715 222//1715 218//1715
f 1267//1716 1266//1716 218//1716
f 1267//1717 218//1717 215//1717
f 1267//1718 215//1718 211//1718
f 1268//1719 1267//1719 211//1719
f 1269//1720 1268//1720 211//1720
f 1269//1721 211//1721 207//1721
f 1270//1722 1269//1722 207//1722
f 1270//1723 207//1723 203//1723
f 1270//1724 203//1724 199//1724
f 1271//1725 1270//1725 199//1725
f 1272//1726 1271//1726 199//1726
f 1272//1727 199//1727 195//1727
f 1272//1728 195//1728 191//1728
f 1273//1729 1272//1729 191//1729
f 1273//1730 191//1730 186//1730
f 1274//1731 1273//1731 186//1731
f 1274//1732 186//1732 183//1732
f 1275//1733 1274//1733 183//1733
f 1276//1734 1275//1734 183//1734
f 1276//1735 183//1735 179//1735
f 1277//1736 1276//1736 179//1736
f 1277//1737 179//1737 175//1737
f 1278//1738 1277//1738 175//1738
f 1278//1739 175//1739 170//1739
f 1279//1740 170//1740 166//1740
f 1279//1741 166//1741 162//1741
f 1279//1742 1278//1742 170//1742
f 1280//1743 1279//1743 162//1743
f 1281//1744 162//1744 159//1744
f 1281//1745 1280//1745 162//1745
f 1282//1746 159//1746 152//1746
f 1282//1747 1281//1747 159//1747
f 1283//1748 152//1748 154//1748
f 1283//1749 154//1749 157//1749
f 1283//1750 1282//1750 152//1750
f 1284//1751 1283//1751 157//1751
f 1285//1752 157//1752 160//1752
f 1285//1753 1284//1753 157//1753
f 1286//1754 160//1754 164//1754
f 1286//1755 164//1755 168//1755
f 1286//1756 1285//1756 160//1756
f 1287//1757 1286//1757 168//1757
f 1288//1758 168//1758 173//1758
f 1288//1759 1287//1759 168//1759
f 1289//1760 173//1760 176//1760
f 1289//1761 1288//1761 173//1761
f 1290//1762 176//1762 182//1762
f 1290//1763 1289//1763 176//1763
f 1291//1764 182//1764 184//1764
f 1291//1765 1290//1765 182//1765
f 1292//1766 1291//1766 184//1766
f 1292//1767 184//1767 189//1767
f 1293//1768 1292//1768 189//1768
f 1293//1769 189//1769 193//1769
f 1294//1770 1293//1770 193//1770
f 1294//1771 193//1771 196//1771
f 1295//1772 1294//1772 196//1772
f 1295//1773 196//1773 202//1773
f 1295//1774 202//1774 204//1774
f 1296//1775 1295//1775 204//1775
f 1297//1776 204//1776 210//1776
f 1297//1777 1296//1777 204//1777
f 1298//1778 210//1778 212//1778
f 1298//1779 212//1779 217//1779
f 1298//1780 1297//1780 210//1780
f 1299//1781 1298//1781 217//1781
f 1300//1782 217//1782 219//1782
f 1300//1783 1299//1783 217//1783
f 1301//1784 219//1784 223//1784
f 1301//1785 223//1785 225//1785
f 1301//1786 1300//1786 219//1786
f 1302//1787 1301//1787 225//1787
f 1303//1788 225//1788 228//1788
f 1303//1789 228//1789 232//1789
f 1303//1790 1302//1790 225//1790
f 1304//1791 1303//1791 232//1791
f 1305//1792 232//1792 234//1792
f 1305//1793 1304//1793 232//1793
f 1306//1794 234//1794 237//1794
f 1306//1795 1305//1795 234//1795
f 1307//1796 237//1796 241//1796
f 1307//1797 1306//1797 237//1797
f 1308//1798 241//1798 243//1798
f 1308//1799 1307//1799 241//1799
f 1309//1800 243//1800 246//1800
f 1309//1801 1308//1801 243//1801
f 1310//1802 246//1802 250//1802
f 1310//1803 1309//1803 246//1803
f 1311//1804 250//1804 251//1804
f 1311//1805 251//1805 253//1805
f 1311//1806 1310//1806 250//1806
f 1312//1807 1311//1807 253//1807
f 1313//1808 253//1808 255//1808
f 1313//1809 255//1809 257//1809
f 1313//1810 1312//1810 253//1810
f 1314//1811 1313//1811 257//1811
f 1315//1812 257//1812 269//1812
f 1315//1813 1314//1813 257//1813
f 1316//1814 1315//1814 269//1814
f 1316//1815 269//1815 274//1815
f 1316//1816 274//1816 275//1816
f 1317//1817 1316//1817 275//1817
f 1318//1818 275//1818 284//1818
f 1318//1819 1317//1819 275//1819
f 1319//1820 1318//1820 284//1820
f 1319//1821 284//1821 289//1821
f 1320//1822 1319//1822 289//1822
f 1320//1823 289//1823 290//1823
f 1321//1824 1320//1824 290//1824
f 1321//1825 290//1825 296//1825
f 1322//1826 1321//1826 296//1826
f 1322//1827 296//1827 298//1827
f 1323//1828 1322//1828 298//1828
f 1323//1829 298//1829 299//1829
f 1323//1830 299//1830 302//1830
f 1324//1831 1323//1831 302//1831
f 1325//1832 1324//1832 302//1832
f 1325//1833 302//1833 304//1833
f 1326//1834 1325//1834 304//1834
f 1326//1835 304//1835 306//1835
f 1327//1836 1326//1836 306//1836
f 1327//1837 306//1837 308//1837
f 1328//1838 1327//1838 308//1838
f 1328//1839 308//1839 309//1839
f 1329//1840 309//1840 311//1840
f 1329//1841 1328//1841 309//1841
f 1205//1842 311//1842 315//1842
f 1205//1843 1329//1843 311//1843
f 1330//1844 1331//1844 643//1844
f 1330//1845 643//1845 644//1845
f 1332//1846 644//1846 645//1846
f 1332//1847 645//1847 646//1847
f 1332//1848 1330//1848 644//1848
f 1333//1849 1332//1849 646//1849
f 1334//1850 646//1850 647//1850
f 1334//1851 647//1851 637//1851
f 1334//1852 1333//1852 646//1852
f 1335//1853 637//1853 636//1853
f 1335//1854 1334//1854 637//1854
f 1336//1855 1335//1855 636//1855
f 1337//1856 636//1856 638//1856
f 1337//1857 1336//1857 636//1857
f 1338//1858 638//1858 639//1858
f 1338//1859 639//1859 640//1859
f 1338//1860 1337//1860 638//1860
f 1339//1861 1338//1861 640//1861
f 1340//1862 640//1862 641//1862
f 1340//1863 1339//1863 640//1863
f 1341//1864 1340//1864 641//1864
f 1341//1865 641//1865 642//1865
f 1342//1866 1341//1866 642//1866
f 1342//1867 642//1867 648//1867
f 1343//1868 1342//1868 648//1868
f 1343//1869 648//1869 649//1869
f 1344//1870 1343//1870 649//1870
f 1344//1871 649//1871 650//1871
f 1345//1872 1344//1872 650//1872
f 1345//1873 650//1873 651//1873
f 1346//1874 1345//1874 651//1874
f 1346//1875 651//1875 652//1875
f 1347//1876 1346//1876 652//1876
f 1347//1877 652//1877 653//1877
f 1348//1878 1347//1878 653//1878
f 1348//1879 653//1879 654//1879
f 1349//1880 1348//1880 654//1880
f 1349//1881 654//1881 655//1881
f 1350//1882 1349//1882 655//1882
f 1350//1883 655//1883 656//1883
f 1350//1884 656//1884 657//1884
f 1351//1885 1350//1885 657//1885
f 1352//1886 1351//1886 657//1886
f 1352//1887 657//1887 658//1887
f 1352//1888 658//1888 659//1888
f 1353//1889 1352//1889 659//1889
f 1354//1890 659//1890 660//1890
f 1354//1891 660//1891 661//1891
f 1354//1892 1353//1892 659//1892
f 1355//1893 1354//1893 661//1893
f 1356//1894 661//1894 662//1894
f 1356//1895 1355//1895 661//1895
f 1357//1896 662//1896 663//1896
f 1357//1897 663//1897 664//1897
f 1357//1898 1356//1898 662//1898
f 1358//1899 664//1899 665//1899
f 1358//1900 1357//1900 664//1900
f 1359//1901 1358//1901 665//1901
f 1360//1902 665//1902 666//1902
f 1360//1903 666//1903 626//1903
f 1360//1904 1359//1904 665//1904
f 1361//1905 1360//1905 626//1905
f 1362//1906 626//1906 625//1906
f 1362//1907 625//1907 624//1907
f 1362//1908 1361//1908 626//1908
f 1363//1909 1362//1909 624//1909
f 1364//1910 624//1910 621//1910
f 1364//1911 621//1911 620//1911
f 1364//1912 1363//1912 624//1912
f 1365//1913 1364//1913 620//1913
f 1366//1914 1365//1914 620//1914
f 1366//1915 620//1915 619//1915
f 1367//1916 1366//1916 619//1916
f 1367//1917 619//1917 617//1917
f 1368//1918 1367//1918 617//1918
f 1368//1919 617//1919 616//1919
f 1369//1920 1368//1920 616//1920
f 1369//1921 616//1921 615//1921
f 1370//1922 1369//1922 615//1922
f 1370//1923 615//1923 613//1923
f 1370//1924 613//1924 612//1924
f 1371//1925 1370//1925 612//1925
f 1372//1926 1371//1926 612//1926
f 1372//1927 612//1927 611//1927
f 1373//1928 1372//1928 611//1928
f 1373//1929 611//1929 610//1929
f 1374//1930 1373//1930 610//1930
f 1374//1931 610//1931 609//1931
f 1375//1932 1374//1932 609//1932
f 1375//1933 609//1933 608//1933
f 1376//1934 1375//1934 608//1934
f 1376//1935 608//1935 606//1935
f 1377//1936 1376//1936 606//1936
f 1377//1937 606//1937 604//1937
f 1378//1938 1377//1938 604//1938
f 1378//1939 604//1939 601//1939
f 1379//1940 1378//1940 601//1940
f 1379//1941 601//1941 600//1941
f 1380//1942 1379//1942 600//1942
f 1380//1943 600//1943 602//1943
f 1381//1944 1380//1944 602//1944
f 1381//1945 602//1945 603//1945
f 1382//1946 1381//1946 603//1946
f 1382//1947 603//1947 593//1947
f 1383//1948 1382//1948 593//1948
f 1383//1949 593//1949 591//1949
f 1384//1950 1383//1950 591//1950
f 1384//1951 591//1951 589//1951
f 1385//1952 1384//1952 589//1952
f 1385//1953 589//1953 587//1953
f 1386//1954 1385//1954 587//1954
f 1386//1955 587//1955 585//1955
f 1387//1956 1386//1956 585//1956
f 1387//1957 585//1957 583//1957
f 1388//1958 583//1958 581//1958
f 1388//1959 1387//1959 583//1959
f 1389//1960 581//1960 579//1960
f 1389//1961 1388//1961 581//1961
f 1390//1962 579//1962 577//1962
f 1390//1963 1389//1963 579//1963
f 1391//1964 577//1964 575//1964
f 1391//1965 1390//1965 577//1965
f 1392//1966 1391//1966 575//1966
f 1392//1967 575//1967 573//1967
f 1393//1968 1392//1968 573//1968
f 1393//1969 573//1969 571//1969
f 1393//1970 571//1970 569//1970
f 1394//1971 1393//1971 569//1971
f 1395//1972 1394//1972 569//1972
f 1395//1973 569//1973 567//1973
f 1396//1974 1395//1974 567//1974
f 1396//1975 567//1975 565//1975
f 1396//1976 565//1976 563//1976
f 1397//1977 1396//1977 563//1977
f 1398//1978 1397//1978 563//1978
f 1398//1979 563//1979 561//1979
f 1398//1980 561//1980 559//1980
f 1399//1981 1398//1981 559//1981
f 1399//1982 559//1982 557//1982
f 1400//1983 1399//1983 557//1983
f 1400//1984 557//1984 555//1984
f 1401//1985 1400//1985 555//1985
f 1402//1986 1401//1986 555//1986
f 1402//1987 555//1987 553//1987
f 1403//1988 1402//1988 553//1988
f 1403//1989 553//1989 551//1989
f 1404//1990 1403//1990 551//1990
f 1404//1991 551//1991 549//1991
f 1405//1992 549//1992 547//1992
f 1405//1993 547//1993 545//1993
f 1405//1994 1404//1994 549//1994
f 1406//1995 1405//1995 545//1995
f 1407//1996 545//1996 543//1996
f 1407//1997 1406//1997 545//1997
f 1408//1998 543//1998 540//1998
f 1408//1999 1407//1999 543//1999
f 1409//2000 540//2000 541//2000
f 1409//2001 541//2001 542//2001
f 1409//2002 1408//2002 540//2002
f 1410//2003 1409//2003 542//2003
f 1411//2004 542//2004 544//2004
f 1411//2005 1410//2005 542//2005
f 1412//2006 544//2006 546//2006
f 1412//2007 546//2007 548//2007
f 1412//2008 1411//2008 544//2008
f 1413//2009 1412//2009 548//2009
f 1414//2010 548//2010 550//2010
f 1414//2011 1413//2011 548//2011
f 1415//2012 550//2012 552//2012
f 1415//2013 1414//2013 550//2013
f 1416//2014 552//2014 554//2014
f 1416//2015 1415//2015 552//2015
f 1417//2016 554//2016 556//2016
f 1417//2017 1416//2017 554//2017
f 1418//2018 1417//2018 556//2018
f 1418//2019 556//2019 558//2019
f 1419//2020 1418//2020 558//2020
f 1419//2021 558//2021 560//2021
f 1420//2022 1419//2022 560//2022
f 1420//2023 560//2023 562//2023
f 1421//2024 1420//2024 562//2024
f 1421//2025 562//2025 564//2025
f 1421//2026 564//2026 566//2026
f 1422//2027 1421//2027 566//2027
f 1423//2028 566//2028 568//2028
f 1423//2029 1422//2029 566//2029
f 1424//2030 568//2030 570//2030
f 1424//2031 570//2031 572//2031
f 1424//2032 1423//2032 568//2032
f 1425//2033 1424//2033 572//2033
f 1426//2034 572//2034 574//2034
f 1426//2035 1425//2035 572//2035
f 1427//2036 574//2036 576//2036
f 1427//2037 576//2037 578//2037
f 1427//2038 1426//2038 574//2038
f 1428//2039 1427//2039 578//2039
f 1429//2040 578//2040 580//2040
f 1429//2041 580//2041 582//2041
f 1429//2042 1428//2042 578//2042
f 1430//2043 1429//2043 582//2043
f 1431//2044 582//2044 584//2044
f 1431//2045 1430//2045 582//2045
f 1432//2046 584//2046 586//2046
f 1432//2047 1431//2047 584//2047
f 1433//2048 586//2048 588//2048
f 1433//2049 1432//2049 586//2049
f 1434//2050 588//2050 590//2050
f 1434//2051 1433//2051 588//2051
f 1435//2052 590//2052 592//2052
f 1435//2053 1434//2053 590//2053
f 1436//2054 592//2054 594//2054
f 1436//2055 1435//2055 592//2055
f 1437//2056 594//2056 595//2056
f 1437//2057 595//2057 596//2057
f 1437//2058 1436//2058 594//2058
f 1438//2059 1437//2059 596//2059
f 1439//2060 596//2060 597//2060
f 1439//2061 597//2061 598//2061
f 1439//2062 1438//2062 596//2062
f 1440//2063 1439//2063 598//2063
f 1441//2064 598//2064 605//2064
f 1441//2065 1440//2065 598//2065
f 1442//2066 1441//2066 605//2066
f 1442//2067 605//2067 607//2067
f 1442//2068 607//2068 614//2068
f 1443//2069 1442//2069 614//2069
f 1444//2070 614//2070 618//2070
f 1444//2071 1443//2071 614//2071
f 1445//2072 1444//2072 618//2072
f 1445//2073 618//2073 622//2073
f 1446//2074 1445//2074 622//2074
f 1446//2075 622//2075 623//2075
f 1447//2076 1446//2076 623//2076
f 1447//2077 623//2077 627//2077
f 1448//2078 1447//2078 627//2078
f 1448//2079 627//2079 628//2079
f 1449//2080 1448//2080 628//2080
f 1449//2081 628//2081 629//2081
f 1449//2082 629//2082 630//2082
f 1450//2083 1449//2083 630//2083
f 1451//2084 1450//2084 630//2084
f 1451//2085 630//2085 631//2085
f 1452//2086 1451//2086 631//2086
f 1452//2087 631//2087 632//2087
f 1453//2088 1452//2088 632//2088
f 1453//2089 632//2089 633//2089
f 1454//2090 1453//2090 633//2090
f 1454//2091 633//2091 634//2091
f 1455//2092 634//2092 635//2092
f 1455//2093 1454//2093 634//2093
f 1331//2094 635//2094 643//2094
f 1331//2095 1455//2095 635//2095
f 1456//2096 1457//2096 477//2096
f 1456//2097 477//2097 481//2097
f 1458//2098 481//2098 482//2098
f 1458//2099 482//2099 487//2099
f 1458//2100 1456//2100 481//2100
f 1459//2101 1458//2101 487//2101
f 1460//2102 487//2102 491//2102
f 1460//2103 491//2103 494//2103
f 1460//2104 1459//2104 487//2104
f 1461//2105 494//2105 502//2105
f 1461//2106 1460//2106 494//2106
f 1462//2107 1461//2107 502//2107
f 1463//2108 502//2108 503//2108
f 1463//2109 1462//2109 502//2109
f 1464//2110 503//2110 510//2110
f 1464//2111 510//2111 511//2111
f 1464//2112 1463//2112 503//2112
f 1465//2113 1464//2113 511//2113
f 1466//2114 511//2114 517//2114
f 1466//2115 1465//2115 511//2115
f 1467//2116 1466//2116 517//2116
f 1467//2117 517//2117 522//2117
f 1468//2118 1467//2118 522//2118
f 1468//2119 522//2119 523//2119
f 1469//2120 1468//2120 523//2120
f 1469//2121 523//2121 530//2121
f 1470//2122 1469//2122 530//2122
f 1470//2123 530//2123 534//2123
f 1471//2124 1470//2124 534//2124
f 1471//2125 534//2125 537//2125
f 1472//2126 1471//2126 537//2126
f 1472//2127 537//2127 539//2127
f 1473//2128 1472//2128 539//2128
f 1473//2129 539//2129 532//2129
f 1474//2130 1473//2130 532//2130
f 1474//2131 532//2131 528//2131
f 1475//2132 1474//2132 528//2132
f 1475//2133 528//2133 527//2133
f 1476//2134 1475//2134 527//2134
f 1476//2135 527//2135 520//2135
f 1476//2136 520//2136 519//2136
f 1477//2137 1476//2137 519//2137
f 1478//2138 1477//2138 519//2138
f 1478//2139 519//2139 515//2139
f 1478//2140 515//2140 508//2140
f 1479//2141 1478//2141 508//2141
f 1480//2142 508//2142 507//2142
f 1480//2143 507//2143 500//2143
f 1480//2144 1479//2144 508//2144
f 1481//2145 1480//2145 500//2145
f 1482//2146 500//2146 499//2146
f 1482//2147 1481//2147 500//2147
f 1483//2148 499//2148 496//2148
f 1483//2149 496//2149 489//2149
f 1483//2150 1482//2150 499//2150
f 1484//2151 489//2151 485//2151
f 1484//2152 1483//2152 489//2152
f 1485//2153 1484//2153 485//2153
f 1486//2154 485//2154 484//2154
f 1486//2155 484//2155 479//2155
f 1486//2156 1485//2156 485//2156
f 1487//2157 1486//2157 479//2157
f 1488//2158 479//2158 464//2158
f 1488//2159 464//2159 463//2159
f 1488//2160 1487//2160 479//2160
f 1489//2161 1488//2161 463//2161
f 1490//2162 463//2162 461//2162
f 1490//2163 461//2163 459//2163
f 1490//2164 1489//2164 463//2164
f 1491//2165 1490//2165 459//2165
f 1492//2166 1491//2166 459//2166
f 1492//2167 459//2167 457//2167
f 1493//2168 1492//2168 457//2168
f 1493//2169 457//2169 454//2169
f 1494//2170 1493//2170 454//2170
f 1494//2171 454//2171 453//2171
f 1495//2172 1494//2172 453//2172
f 1495//2173 453//2173 451//2173
f 1496//2174 1495//2174 451//2174
f 1496//2175 451//2175 449//2175
f 1496//2176 449//2176 446//2176
f 1497//2177 1496//2177 446//2177
f 1498//2178 1497//2178 446//2178
f 1498//2179 446//2179 445//2179
f 1499//2180 1498//2180 445//2180
f 1499//2181 445//2181 443//2181
f 1500//2182 1499//2182 443//2182
f 1500//2183 443//2183 441//2183
f 1501//2184 1500//2184 441//2184
f 1501//2185 441//2185 439//2185
f 1502//2186 1501//2186 439//2186
f 1502//2187 439//2187 432//2187
f 1503//2188 1502//2188 432//2188
f 1503//2189 432//2189 429//2189
f 1504//2190 1503//2190 429//2190
f 1504//2191 429//2191 410//2191
f 1505//2192 1504//2192 410//2192
f 1505//2193 410//2193 408//2193
f 1506//2194 1505//2194 408//2194
f 1506//2195 408//2195 407//2195
f 1507//2196 1506//2196 407//2196
f 1507//2197 407//2197 405//2197
f 1508//2198 1507//2198 405//2198
f 1508//2199 405//2199 403//2199
f 1509//2200 1508//2200 403//2200
f 1509//2201 403//2201 400//2201
f 1510//2202 1509//2202 400//2202
f 1510//2203 400//2203 398//2203
f 1511//2204 1510//2204 398//2204
f 1511//2205 398//2205 396//2205
f 1512//2206 1511//2206 396//2206
f 1512//2207 396//2207 394//2207
f 1513//2208 1512//2208 394//2208
f 1513//2209 394//2209 393//2209
f 1514//2210 393//2210 390//2210
f 1514//2211 1513//2211 393//2211
f 1515//2212 390//2212 388//2212
f 1515//2213 1514//2213 390//2213
f 1516//2214 388//2214 386//2214
f 1516//2215 1515//2215 388//2215
f 1517//2216 386//2216 384//2216
f 1517//2217 1516//2217 386//2217
f 1518//2218 1517//2218 384//2218
f 1518//2219 384//2219 382//2219
f 1519//2220 1518//2220 382//2220
f 1519//2221 382//2221 381//2221
f 1519//2222 381//2222 379//2222
f 1520//2223 1519//2223 379//2223
f 1521//2224 1520//2224 379//2224
f 1521//2225 379//2225 377//2225
f 1522//2226 1521//2226 377//2226
f 1522//2227 377//2227 375//2227
f 1522//2228 375//2228 373//2228
f 1523//2229 1522//2229 373//2229
f 1524//2230 1523//2230 373//2230
f 1524//2231 373//2231 371//2231
f 1524//2232 371//2232 369//2232
f 1525//2233 1524//2233 369//2233
f 1525//2234 369//2234 367//2234
f 1526//2235 1525//2235 367//2235
f 1526//2236 367//2236 365//2236
f 1527//2237 1526//2237 365//2237
f 1528//2238 1527//2238 365//2238
f 1528//2239 365//2239 363//2239
f 1529//2240 1528//2240 363//2240
f 1529//2241 363//2241 361//2241
f 1530//2242 1529//2242 361//2242
f 1530//2243 361//2243 358//2243
f 1531//2244 358//2244 356//2244
f 1531//2245 356//2245 354//2245
f 1531//2246 1530//2246 358//2246
f 1532//2247 1531//2247 354//2247
f 1533//2248 354//2248 352//2248
f 1533//2249 1532//2249 354//2249
f 1534//2250 352//2250 349//2250
f 1534//2251 1533//2251 352//2251
f 1535//2252 349//2252 350//2252
f 1535//2253 350//2253 351//2253
f 1535//2254 1534//2254 349//2254
f 1536//2255 1535//2255 351//2255
f 1537//2256 351//2256 353//2256
f 1537//2257 1536//2257 351//2257
f 1538//2258 353//2258 355//2258
f 1538//2259 355//2259 357//2259
f 1538//2260 1537//2260 353//2260
f 1539//2261 1538//2261 357//2261
f 1540//2262 357//2262 360//2262
f 1540//2263 1539//2263 357//2263
f 1541//2264 360//2264 362//2264
f 1541//2265 1540//2265 360//2265
f 1542//2266 362//2266 364//2266
f 1542//2267 1541//2267 362//2267
f 1543//2268 364//2268 366//2268
f 1543//2269 1542//2269 364//2269
f 1544//2270 1543//2270 366//2270
f 1544//2271 366//2271 368//2271
f 1545//2272 1544//2272 368//2272
f 1545//2273 368//2273 370//2273
f 1546//2274 1545//2274 370//2274
f 1546//2275 370//2275 372//2275
f 1547//2276 1546//2276 372//2276
f 1547//2277 372//2277 374//2277
f 1547//2278 374//2278 376//2278
f 1548//2279 1547//2279 376//2279
f 1549//2280 376//2280 378//2280
f 1549//2281 1548//2281 376//2281
f 1550//2282 378//2282 380//2282
f 1550//2283 380//2283 413//2283
f 1550//2284 1549//2284 378//2284
f 1551//2285 1550//2285 413//2285
f 1552//2286 413//2286 414//2286
f 1552//2287 1551//2287 413//2287
f 1553//2288 414//2288 415//2288
f 1553//2289 415//2289 416//2289
f 1553//2290 1552//2290 414//2290
f 1554//2291 1553//2291 416//2291
f 1555//2292 416//2292 417//2292
f 1555//2293 417//2293 418//2293
f 1555//2294 1554//2294 416//2294
f 1556//2295 1555//2295 418//2295
f 1557//2296 418//2296 419//2296
f 1557//2297 1556//2297 418//2297
f 1558//2298 419//2298 420//2298
f 1558//2299 1557//2299 419//2299
f 1559//2300 420//2300 421//2300
f 1559//2301 1558//2301 420//2301
f 1560//2302 421//2302 422//2302
f 1560//2303 1559//2303 421//2303
f 1561//2304 422//2304 423//2304
f 1561//2305 1560//2305 422//2305
f 1562//2306 423//2306 424//2306
f 1562//2307 1561//2307 423//2307
f 1563//2308 424//2308 425//2308
f 1563//2309 425//2309 426//2309
f 1563//2310 1562//2310 424//2310
f 1564//2311 1563//2311 426//2311
f 1565//2312 426//2312 427//2312
f 1565//2313 427//2313 428//2313
f 1565//2314 1564//2314 426//2314
f 1566//2315 1565//2315 428//2315
f 1567//2316 428//2316 431//2316
f 1567//2317 1566//2317 428//2317
f 1568//2318 1567//2318 431//2318
f 1568//2319 431//2319 433//2319
f 1568//2320 433//2320 434//2320
f 1569//2321 1568//2321 434//2321
f 1570//2322 434//2322 436//2322
f 1570//2323 1569//2323 434//2323
f 1571//2324 1570//2324 436//2324
f 1571//2325 436//2325 437//2325
f 1572//2326 1571//2326 437//2326
f 1572//2327 437//2327 467//2327
f 1573//2328 1572//2328 467//2328
f 1573//2329 467//2329 468//2329
f 1574//2330 1573//2330 468//2330
f 1574//2331 468//2331 469//2331
f 1575//2332 1574//2332 469//2332
f 1575//2333 469//2333 470//2333
f 1575//2334 470//2334 471//2334
f 1576//2335 1575//2335 471//2335
f 1577//2336 1576//2336 471//2336
f 1577//2337 471//2337 472//2337
f 1578//2338 1577//2338 472//2338
f 1578//2339 472//2339 473//2339
f 1579//2340 1578//2340 473//2340
f 1579//2341 473//2341 474//2341
f 1580//2342 1579//2342 474//2342
f 1580//2343 474//2343 475//2343
f 1581//2344 475//2344 476//2344
f 1581//2345 1580//2345 475//2345
f 1457//2346 476//2346 477//2346
f 1457//2347 1581//2347 476//2347
f 1582//2348 1583//2348 797//2348
f 1582//2349 797//2349 798//2349
f 1584//2350 798//2350 808//2350
f 1584//2351 808//2351 809//2351
f 1584//2352 1582//2352 798//2352
f 1585//2353 1584//2353 809//2353
f 1586//2354 809//2354 817//2354
f 1586//2355 817//2355 820//2355
f 1586//2356 1585//2356 809//2356
f 1587//2357 820//2357 821//2357
f 1587//2358 1586//2358 820//2358
f 1588//2359 1587//2359 821//2359
f 1589//2360 821//2360 828//2360
f 1589//2361 1588//2361 821//2361
f 1590//2362 828//2362 829//2362
f 1590//2363 829//2363 836//2363
f 1590//2364 1589//2364 828//2364
f 1591//2365 1590//2365 836//2365
f 1592//2366 836//2366 840//2366
f 1592//2367 1591//2367 836//2367
f 1593//2368 1592//2368 840//2368
f 1593//2369 840//2369 845//2369
f 1594//2370 1593//2370 845//2370
f 1594//2371 845//2371 849//2371
f 1595//2372 1594//2372 849//2372
f 1595//2373 849//2373 853//2373
f 1596//2374 1595//2374 853//2374
f 1596//2375 853//2375 856//2375
f 1597//2376 1596//2376 856//2376
f 1597//2377 856//2377 857//2377
f 1598//2378 1597//2378 857//2378
f 1598//2379 857//2379 861//2379
f 1599//2380 1598//2380 861//2380
f 1599//2381 861//2381 859//2381
f 1600//2382 1599//2382 859//2382
f 1600//2383 859//2383 851//2383
f 1601//2384 1600//2384 851//2384
f 1601//2385 851//2385 847//2385
f 1602//2386 1601//2386 847//2386
f 1602//2387 847//2387 843//2387
f 1602//2388 843//2388 842//2388
f 1603//2389 1602//2389 842//2389
f 1604//2390 1603//2390 842//2390
f 1604//2391 842//2391 838//2391
f 1604//2392 838//2392 834//2392
f 1605//2393 1604//2393 834//2393
f 1606//2394 834//2394 831//2394
f 1606//2395 831//2395 826//2395
f 1606//2396 1605//2396 834//2396
f 1607//2397 1606//2397 826//2397
f 1608//2398 826//2398 823//2398
f 1608//2399 1607//2399 826//2399
f 1609//2400 823//2400 815//2400
f 1609//2401 815//2401 814//2401
f 1609//2402 1608//2402 823//2402
f 1610//2403 814//2403 811//2403
f 1610//2404 1609//2404 814//2404
f 1611//2405 1610//2405 811//2405
f 1612//2406 811//2406 806//2406
f 1612//2407 806//2407 803//2407
f 1612//2408 1611//2408 811//2408
f 1613//2409 1612//2409 803//2409
f 1614//2410 803//2410 788//2410
f 1614//2411 788//2411 786//2411
f 1614//2412 1613//2412 803//2412
f 1615//2413 1614//2413 786//2413
f 1616//2414 786//2414 784//2414
f 1616//2415 784//2415 782//2415
f 1616//2416 1615//2416 786//2416
f 1617//2417 1616//2417 782//2417
f 1618//2418 1617//2418 782//2418
f 1618//2419 782//2419 780//2419
f 1619//2420 1618//2420 780//2420
f 1619//2421 780//2421 776//2421
f 1620//2422 1619//2422 776//2422
f 1620//2423 776//2423 775//2423
f 1621//2424 1620//2424 775//2424
f 1621//2425 775//2425 773//2425
f 1622//2426 1621//2426 773//2426
f 1622//2427 773//2427 771//2427
f 1622//2428 771//2428 769//2428
f 1623//2429 1622//2429 769//2429
f 1624//2430 1623//2430 769//2430
f 1624//2431 769//2431 767//2431
f 1625//2432 1624//2432 767//2432
f 1625//2433 767//2433 765//2433
f 1626//2434 1625//2434 765//2434
f 1626//2435 765//2435 762//2435
f 1627//2436 1626//2436 762//2436
f 1627//2437 762//2437 761//2437
f 1628//2438 1627//2438 761//2438
f 1628//2439 761//2439 754//2439
f 1629//2440 1628//2440 754//2440
f 1629//2441 754//2441 752//2441
f 1630//2442 1629//2442 752//2442
f 1630//2443 752//2443 731//2443
f 1631//2444 1630//2444 731//2444
f 1631//2445 731//2445 730//2445
f 1632//2446 1631//2446 730//2446
f 1632//2447 730//2447 728//2447
f 1633//2448 1632//2448 728//2448
f 1633//2449 728//2449 725//2449
f 1634//2450 1633//2450 725//2450
f 1634//2451 725//2451 723//2451
f 1635//2452 1634//2452 723//2452
f 1635//2453 723//2453 721//2453
f 1636//2454 1635//2454 721//2454
f 1636//2455 721//2455 719//2455
f 1637//2456 1636//2456 719//2456
f 1637//2457 719//2457 718//2457
f 1638//2458 1637//2458 718//2458
f 1638//2459 718//2459 715//2459
f 1639//2460 1638//2460 715//2460
f 1639//2461 715//2461 714//2461
f 1640//2462 714//2462 711//2462
f 1640//2463 1639//2463 714//2463
f 1641//2464 711//2464 710//2464
f 1641//2465 1640//2465 711//2465
f 1642//2466 710//2466 707//2466
f 1642//2467 1641//2467 710//2467
f 1643//2468 707//2468 705//2468
f 1643//2469 1642//2469 707//2469
f 1644//2470 1643//2470 705//2470
f 1644//2471 705//2471 703//2471
f 1645//2472 1644//2472 703//2472
f 1645//2473 703//2473 702//2473
f 1645//2474 702//2474 700//2474
f 1646//2475 1645//2475 700//2475
f 1647//2476 1646//2476 700//2476
f 1647//2477 700//2477 698//2477
f 1648//2478 1647//2478 698//2478
f 1648//2479 698//2479 696//2479
f 1648//2480 696//2480 694//2480
f 1649//2481 1648//2481 694//2481
f 1650//2482 1649//2482 694//2482
f 1650//2483 694//2483 692//2483
f 1650//2484 692//2484 690//2484
f 1651//2485 1650//2485 690//2485
f 1651//2486 690//2486 688//2486
f 1652//2487 1651//2487 688//2487
f 1652//2488 688//2488 686//2488
f 1653//2489 1652//2489 686//2489
f 1654//2490 1653//2490 686//2490
f 1654//2491 686//2491 684//2491
f 1655//2492 1654//2492 684//2492
f 1655//2493 684//2493 682//2493
f 1656//2494 1655//2494 682//2494
f 1656//2495 682//2495 679//2495
f 1657//2496 679//2496 677//2496
f 1657//2497 677//2497 675//2497
f 1657//2498 1656//2498 679//2498
f 1658//2499 1657//2499 675//2499
f 1659//2500 675//2500 673//2500
f 1659//2501 1658//2501 675//2501
f 1660//2502 673//2502 669//2502
f 1660//2503 1659//2503 673//2503
f 1661//2504 669//2504 671//2504
f 1661//2505 671//2505 672//2505
f 1661//2506 1660//2506 669//2506
f 1662//2507 1661//2507 672//2507
f 1663//2508 672//2508 674//2508
f 1663//2509 1662//2509 672//2509
f 1664//2510 674//2510 676//2510
f 1664//2511 676//2511 678//2511
f 1664//2512 1663//2512 674//2512
f 1665//2513 1664//2513 678//2513
f 1666//2514 678//2514 681//2514
f 1666//2515 1665//2515 678//2515
f 1667//2516 681//2516 683//2516
f 1667//2517 1666//2517 681//2517
f 1668//2518 683//2518 685//2518
f 1668//2519 1667//2519 683//2519
f 1669//2520 685//2520 687//2520
f 1669//2521 1668//2521 685//2521
f 1670//2522 1669//2522 687//2522
f 1670//2523 687//2523 689//2523
f 1671//2524 1670//2524 689//2524
f 1671//2525 689//2525 691//2525
f 1672//2526 1671//2526 691//2526
f 1672//2527 691//2527 693//2527
f 1673//2528 1672//2528 693//2528
f 1673//2529 693//2529 695//2529
f 1673//2530 695//2530 697//2530
f 1674//2531 1673//2531 697//2531
f 1675//2532 697//2532 699//2532
f 1675//2533 1674//2533 697//2533
f 1676//2534 699//2534 701//2534
f 1676//2535 701//2535 735//2535
f 1676//2536 1675//2536 699//2536
f 1677//2537 1676//2537 735//2537
f 1678//2538 735//2538 736//2538
f 1678//2539 1677//2539 735//2539
f 1679//2540 736//2540 737//2540
f 1679//2541 737//2541 738//2541
f 1679//2542 1678//2542 736//2542
f 1680//2543 1679//2543 738//2543
f 1681//2544 738//2544 739//2544
f 1681//2545 739//2545 740//2545
f 1681//2546 1680//2546 738//2546
f 1682//2547 1681//2547 740//2547
f 1683//2548 740//2548 741//2548
f 1683//2549 1682//2549 740//2549
f 1684//2550 741//2550 742//2550
f 1684//2551 1683//2551 741//2551
f 1685//2552 742//2552 743//2552
f 1685//2553 1684//2553 742//2553
f 1686//2554 743//2554 744//2554
f 1686//2555 1685//2555 743//2555
f 1687//2556 744//2556 745//2556
f 1687//2557 1686//2557 744//2557
f 1688//2558 745//2558 746//2558
f 1688//2559 1687//2559 745//2559
f 1689//2560 746//2560 747//2560
f 1689//2561 747//2561 748//2561
f 1689//2562 1688//2562 746//2562
f 1690//2563 1689//2563 748//2563
f 1691//2564 748//2564 749//2564
f 1691//2565 749//2565 750//2565
f 1691//2566 1690//2566 748//2566
f 1692//2567 1691//2567 750//2567
f 1693//2568 750//2568 753//2568
f 1693//2569 1692//2569 750//2569
f 1694//2570 1693//2570 753//2570
f 1694//2571 753//2571 755//2571
f 1694//2572 755//2572 756//2572
f 1695//2573 1694//2573 756//2573
f 1696//2574 756//2574 758//2574
f 1696//2575 1695//2575 756//2575
f 1697//2576 1696//2576 758//2576
f 1697//2577 758//2577 759//2577
f 1698//2578 1697//2578 759//2578
f 1698//2579 759//2579 799//2579
f 1699//2580 1698//2580 799//2580
f 1699//2581 799//2581 800//2581
f 1700//2582 1699//2582 800//2582
f 1700//2583 800//2583 801//2583
f 1701//2584 1700//2584 801//2584
f 1701//2585 801//2585 791//2585
f 1701//2586 791//2586 790//2586
f 1702//2587 1701//2587 790//2587
f 1703//2588 1702//2588 790//2588
f 1703//2589 790//2589 792//2589
f 1704//2590 1703//2590 792//2590
f 1704//2591 792//2591 793//2591
f 1705//2592 1704//2592 793//2592
f 1705//2593 793//2593 794//2593
f 1706//2594 1705//2594 794//2594
f 1706//2595 794//2595 795//2595
f 1707//2596 795//2596 796//2596
f 1707//2597 1706//2597 795//2597
f 1583//2598 796//2598 797//2598
f 1583//2599 1707//2599 796//2599
f 881//2600 1708//2600 891//2600
f 880//2601 1708//2601 881//2601
f 1709//2602 891//2602 1708//2602
f 1710//2603 891//2603 1709//2603
f 1711//2604 891//2604 1710//2604
f 1712//2605 891//2605 1711//2605
f 1713//2606 891//2606 1712//2606
f 1714//2607 891//2607 1713//2607
f 1715//2608 891//2608 1714//2608
f 1716//2609 891//2609 1715//2609
f 1717//2610 891//2610 1716//2610
f 1718//2611 891//2611 1717//2611
f 1719//2612 891//2612 1718//2612
f 1720//2613 1721//2613 1722//2613
f 1723//2614 1724//2614 1721//2614
f 1723//2615 1721//2615 1720//2615
f 1725//2616 1724//2616 1723//2616
f 1726//2617 1727//2617 1724//2617
f 1726//2618 1724//2618 1725//2618
f 1728//2619 1729//2619 1727//2619
f 1728//2620 1727//2620 1726//2620
f 1730//2621 1731//2621 1729//2621
f 1730//2622 1732//2622 1731//2622
f 1730//2623 1729//2623 1728//2623
f 1733//2624 1732//2624 1730//2624
f 1734//2625 1735//2625 1732//2625
f 1734//2626 1732//2626 1733//2626
f 1736//2627 1737//2627 1735//2627
f 1736//2628 1738//2628 1737//2628
f 1736//2629 1735//2629 1734//2629
f 1739//2630 1738//2630 1736//2630
f 1740//2631 1741//2631 1738//2631
f 1740//2632 1738//2632 1739//2632
f 1742//2633 1743//2633 1741//2633
f 1742//2634 1741//2634 1740//2634
f 1744//2635 1745//2635 1743//2635
f 1744//2636 1743//2636 1742//2636
f 1746//2637 1747//2637 1745//2637
f 1746//2638 1745//2638 1744//2638
f 1748//2639 1749//2639 1750//2639
f 1751//2640 1749//2640 1748//2640
f 1752//2641 1749//2641 1751//2641
f 1752//2642 1753//2642 1749//2642
f 1754//2643 1753//2643 1752//2643
f 1754//2644 1755//2644 1753//2644
f 1756//2645 1755//2645 1754//2645
f 1756//2646 1757//2646 1755//2646
f 1756//2647 1758//2647 1757//2647
f 1759//2648 1758//2648 1756//2648
f 1759//2649 1760//2649 1758//2649
f 1761//2650 1760//2650 1759//2650
f 1762//2651 1760//2651 1761//2651
f 1762//2652 1763//2652 1760//2652
f 1762//2653 1764//2653 1763//2653
f 1765//2654 1764//2654 1762//2654
f 1766//2655 1764//2655 1765//2655
f 1766//2656 1767//2656 1764//2656
f 1768//2657 1767//2657 1766//2657
f 1768//2658 1769//2658 1767//2658
f 1770//2659 1769//2659 1768//2659
f 1770//2660 1771//2660 1769//2660
f 1772//2661 1771//2661 1770//2661
f 1772//2662 1773//2662 1771//2662
f 1774//2663 1773//2663 1772//2663
f 1774//2664 1775//2664 1773//2664
f 876//2665 1776//2665 1777//2665
f 876//2666 1778//2666 1776//2666
f 876//2667 1779//2667 1778//2667
f 876//2668 1780//2668 1779//2668
f 876//2669 1781//2669 1780//2669
f 876//2670 1782//2670 1781//2670
f 876//2671 1783//2671 1782//2671
f 876//2672 1784//2672 1783//2672
f 876//2673 1785//2673 1784//2673
f 876//2674 1786//2674 1785//2674
f 876//2675 1787//2675 1786//2675
f 876//2676 1788//2676 1787//2676
f 876//2677 1789//2677 1788//2677
f 1790//2678 876//2678 1777//2678
f 875//2679 876//2679 1790//2679
f 875//2680 1790//2680 882//2680
f 876//2681 891//2681 1791//2681
f 1791//2682 891//2682 1792//2682
f 1792//2683 891//2683 1793//2683
f 1793//2684 891//2684 1794//2684
f 1794//2685 891//2685 1719//2685
f 876//2686 1791//2686 1795//2686
f 876//2687 1795//2687 1747//2687
f 876//2688 1747//2688 1746//2688
f 876//2689 1746//2689 1796//2689
f 876//2690 1796//2690 1797//2690
f 876//2691 1797//2691 1775//2691
f 876//2692 1775//2692 1774//2692
f 876//2693 1774//2693 1798//2693
f 876//2694 1798//2694 1799//2694
f 876//2695 1799//2695 1789//2695
f 1800//2696 876//2696 1801//2696
f 1802//2697 1801//2697 876//2697
f 1803//2698 876//2698 1800//2698
f 1804//2699 1802//2699 876//2699
f 1805//2700 876//2700 1803//2700
f 1806//2701 1804//2701 876//2701
f 1807//2702 876//2702 1805//2702
f 1808//2703 1806//2703 876//2703
f 1809//2704 876//2704 1807//2704
f 1810//2705 1808//2705 876//2705
f 1811//2706 876//2706 1809//2706
f 1812//2707 1810//2707 876//2707
f 1813//2708 876//2708 1811//2708
f 1814//2709 1812//2709 876//2709
f 1815//2710 876//2710 1813//2710
f 1816//2711 1814//2711 876//2711
f 1817//2712 876//2712 1815//2712
f 1818//2713 1816//2713 876//2713
f 1819//2714 876//2714 1817//2714
f 1820//2715 1818//2715 876//2715
f 1821//2716 876//2716 1819//2716
f 1822//2717 1820//2717 876//2717
f 1823//2718 876//2718 1821//2718
f 1824//2719 1822//2719 876//2719
f 1825//2720 876//2720 1823//2720
f 1826//2721 1824//2721 876//2721
f 1827//2722 876//2722 1825//2722
f 1828//2723 1826//2723 876//2723
f 1829//2724 876//2724 1827//2724
f 1830//2725 876//2725 1829//2725
f 891//2726 1830//2726 1831//2726
f 891//2727 1831//2727 1832//2727
f 891//2728 1832//2728 1833//2728
f 891//2729 1833//2729 1834//2729
f 891//2730 1834//2730 1835//2730
f 891//2731 876//2731 1830//2731
f 891//2732 1835//2732 1836//2732
f 1837//2733 891//2733 1836//2733
f 1838//2734 891//2734 1837//2734
f 1839//2735 891//2735 1838//2735
f 1840//2736 891//2736 1839//2736
f 1841//2737 891//2737 1840//2737
f 1842//2738 891//2738 1841//2738
f 1843//2739 891//2739 1842//2739
f 1844//2740 891//2740 1843//2740
f 1845//2741 891//2741 1844//2741
f 1846//2742 891//2742 1845//2742
f 1847//2743 891//2743 1846//2743
f 1848//2744 891//2744 1847//2744
f 1849//2745 891//2745 1848//2745
f 1850//2746 891//2746 1849//2746
f 1851//2747 891//2747 1850//2747
f 1852//2748 891//2748 1851//2748
f 889//2749 891//2749 1853//2749
f 1853//2750 891//2750 1854//2750
f 1854//2751 891//2751 1855//2751
f 1855//2752 891//2752 1856//2752
f 1856//2753 891//2753 1857//2753
f 1857//2754 891//2754 1858//2754
f 1858//2755 891//2755 1859//2755
f 1859//2756 891//2756 1860//2756
f 1860//2757 891//2757 1861//2757
f 1861//2758 891//2758 1852//2758
f 876//2759 867//2759 1862//2759
f 876//2760 1862//2760 1828//2760
f 867//2761 869//2761 1862//2761
f 1862//2762 1863//2762 1828//2762
f 869//2763 1863//2763 1862//2763
f 1828//2764 1864//2764 1826//2764
f 1863//2765 1864//2765 1828//2765
f 1826//2766 1865//2766 1824//2766
f 1864//2767 1865//2767 1826//2767
f 1824//2768 1866//2768 1822//2768
f 1865//2769 1866//2769 1824//2769
f 1822//2770 1867//2770 1820//2770
f 1866//2771 1867//2771 1822//2771
f 1820//2772 1868//2772 1818//2772
f 1867//2773 1868//2773 1820//2773
f 1818//2774 1869//2774 1816//2774
f 1868//2775 1869//2775 1818//2775
f 1816//2776 1870//2776 1814//2776
f 1869//2777 1870//2777 1816//2777
f 1814//2778 1871//2778 1812//2778
f 1870//2779 1871//2779 1814//2779
f 1812//2780 1872//2780 1810//2780
f 1871//2781 1872//2781 1812//2781
f 1810//2782 1873//2782 1808//2782
f 1872//2783 1873//2783 1810//2783
f 1808//2784 1874//2784 1806//2784
f 1873//2785 1874//2785 1808//2785
f 1806//2786 1875//2786 1804//2786
f 1874//2787 1875//2787 1806//2787
f 1804//2788 1876//2788 1802//2788
f 1875//2789 1876//2789 1804//2789
f 1802//2790 1877//2790 1801//2790
f 1876//2791 1877//2791 1802//2791
f 1801//2792 1878//2792 1800//2792
f 1877//2793 1878//2793 1801//2793
f 1878//2794 1879//2794 1800//2794
f 1800//2795 1879//2795 1803//2795
f 1879//2796 1880//2796 1803//2796
f 1803//2797 1880//2797 1805//2797
f 1880//2798 1881//2798 1805//2798
f 1805//2799 1881//2799 1807//2799
f 1881//2800 1882//2800 1807//2800
f 1807//2801 1882//2801 1809//2801
f 1882//2802 1883//2802 1809//2802
f 1809//2803 1883//2803 1811//2803
f 1883//2804 1884//2804 1811//2804
f 1811//2805 1884//2805 1813//2805
f 1813//2806 1885//2806 1815//2806
f 1884//2807 1885//2807 1813//2807
f 1815//2808 1886//2808 1817//2808
f 1885//2809 1886//2809 1815//2809
f 1817//2810 1887//2810 1819//2810
f 1886//2811 1887//2811 1817//2811
f 1819//2812 1888//2812 1821//2812
f 1887//2813 1888//2813 1819//2813
f 1821//2814 1889//2814 1823//2814
f 1888//2815 1889//2815 1821//2815
f 1823//2816 1890//2816 1825//2816
f 1889//2817 1890//2817 1823//2817
f 1825//2818 1891//2818 1827//2818
f 1890//2819 1891//2819 1825//2819
f 1827//2820 1892//2820 1829//2820
f 1891//2821 1892//2821 1827//2821
f 1829//2822 1893//2822 1830//2822
f 1892//2823 1893//2823 1829//2823
f 1830//2824 1894//2824 1831//2824
f 1893//2825 1894//2825 1830//2825
f 1831//2826 1895//2826 1832//2826
f 1894//2827 1895//2827 1831//2827
f 1832//2828 1896//2828 1833//2828
f 1895//2829 1896//2829 1832//2829
f 1833//2830 1897//2830 1834//2830
f 1896//2831 1897//2831 1833//2831
f 1834//2832 1898//2832 1835//2832
f 1897//2833 1898//2833 1834//2833
f 1835//2834 1899//2834 1836//2834
f 1898//2835 1899//2835 1835//2835
f 1836//2836 1900//2836 1837//2836
f 1899//2837 1900//2837 1836//2837
f 1837//2838 1901//2838 1838//2838
f 1900//2839 1901//2839 1837//2839
f 1838//2840 1902//2840 1839//2840
f 1901//2841 1902//2841 1838//2841
f 1839//2842 1903//2842 1840//2842
f 1902//2843 1903//2843 1839//2843
f 1903//2844 1904//2844 1840//2844
f 1840//2845 1904//2845 1841//2845
f 1904//2846 1905//2846 1841//2846
f 1841//2847 1905//2847 1842//2847
f 1905//2848 1906//2848 1842//2848
f 1842//2849 1906//2849 1843//2849
f 1906//2850 1907//2850 1843//2850
f 1843//2851 1907//2851 1844//2851
f 1907//2852 1908//2852 1844//2852
f 1844//2853 1908//2853 1845//2853
f 1908//2854 1909//2854 1845//2854
f 1845//2855 1909//2855 1846//2855
f 1909//2856 1910//2856 1846//2856
f 1846//2857 1910//2857 1847//2857
f 1910//2858 1911//2858 1847//2858
f 1847//2859 1911//2859 1848//2859
f 1911//2860 1912//2860 1848//2860
f 1848//2861 1912//2861 1849//2861
f 1912//2862 1913//2862 1849//2862
f 1849//2863 1913//2863 1850//2863
f 1913//2864 1914//2864 1850//2864
f 1850//2865 1914//2865 1851//2865
f 1914//2866 1915//2866 1851//2866
f 1851//2867 1915//2867 1852//2867
f 1915//2868 1916//2868 1852//2868
f 1852//2869 1916//2869 1861//2869
f 1916//2870 1917//2870 1861//2870
f 1861//2871 1917//2871 1860//2871
f 1860//2872 1918//2872 1859//2872
f 1917//2873 1918//2873 1860//2873
f 1859//2874 1919//2874 1858//2874
f 1918//2875 1919//2875 1859//2875
f 1858//2876 1920//2876 1857//2876
f 1919//2877 1920//2877 1858//2877
f 1857//2878 1921//2878 1856//2878
f 1920//2879 1921//2879 1857//2879
f 1856//2880 1922//2880 1855//2880
f 1921//2881 1922//2881 1856//2881
f 1855//2882 1923//2882 1854//2882
f 1922//2883 1923//2883 1855//2883
f 1854//2884 1924//2884 1853//2884
f 1923//2885 1924//2885 1854//2885
f 1853//2886 887//2886 889//2886
f 1924//2887 887//2887 1853//2887
f 865//2888 1201//2888 863//2888
f 863//2889 1201//2889 1118//2889
f 1925//2890 1878//2890 1877//2890
f 1926//2891 1877//2891 1876//2891
f 1926//2892 1925//2892 1877//2892
f 1927//2893 1879//2893 1878//2893
f 1927//2894 1878//2894 1925//2894
f 1928//2895 1876//2895 1875//2895
f 1928//2896 1926//2896 1876//2896
f 1929//2897 1880//2897 1879//2897
f 1929//2898 1879//2898 1927//2898
f 1930//2899 1875//2899 1874//2899
f 1930//2900 1928//2900 1875//2900
f 1931//2901 1881//2901 1880//2901
f 1931//2902 1880//2902 1929//2902
f 1932//2903 1874//2903 1873//2903
f 1932//2904 1930//2904 1874//2904
f 1933//2905 1882//2905 1881//2905
f 1933//2906 1881//2906 1931//2906
f 1934//2907 1873//2907 1872//2907
f 1934//2908 1932//2908 1873//2908
f 1935//2909 1883//2909 1882//2909
f 1935//2910 1882//2910 1933//2910
f 1936//2911 1872//2911 1871//2911
f 1936//2912 1934//2912 1872//2912
f 1937//2913 1884//2913 1883//2913
f 1937//2914 1883//2914 1935//2914
f 1938//2915 1871//2915 1870//2915
f 1938//2916 1936//2916 1871//2916
f 1939//2917 1884//2917 1937//2917
f 1939//2918 1885//2918 1884//2918
f 1940//2919 1870//2919 1869//2919
f 1940//2920 1938//2920 1870//2920
f 1941//2921 1886//2921 1885//2921
f 1941//2922 1885//2922 1939//2922
f 1942//2923 1869//2923 1868//2923
f 1942//2924 1940//2924 1869//2924
f 1943//2925 1886//2925 1941//2925
f 1943//2926 1887//2926 1886//2926
f 1944//2927 1868//2927 1867//2927
f 1944//2928 1942//2928 1868//2928
f 1945//2929 1887//2929 1943//2929
f 1945//2930 1888//2930 1887//2930
f 1946//2931 1867//2931 1866//2931
f 1946//2932 1944//2932 1867//2932
f 1947//2933 1889//2933 1888//2933
f 1947//2934 1888//2934 1945//2934
f 1948//2935 1949//2935 1950//2935
f 1951//2936 1950//2936 1952//2936
f 1951//2937 1948//2937 1950//2937
f 1953//2938 1954//2938 1949//2938
f 1953//2939 1949//2939 1948//2939
f 1955//2940 1948//2940 1951//2940
f 1955//2941 1956//2941 1948//2941
f 1957//2942 1952//2942 1958//2942
f 1957//2943 1951//2943 1952//2943
f 1959//2944 1951//2944 1960//2944
f 1961//2945 1962//2945 1954//2945
f 1961//2946 1954//2946 1953//2946
f 1963//2947 1866//2947 1865//2947
f 1963//2948 1946//2948 1866//2948
f 1964//2949 1965//2949 1955//2949
f 1964//2950 1966//2950 1965//2950
f 1967//2951 1968//2951 1969//2951
f 1967//2952 1959//2952 1968//2952
f 1967//2953 1951//2953 1959//2953
f 1970//2954 1958//2954 1971//2954
f 1970//2955 1957//2955 1958//2955
f 1972//2956 1955//2956 1951//2956
f 1972//2957 1951//2957 1967//2957
f 1972//2958 1964//2958 1955//2958
f 1972//2959 1973//2959 1964//2959
f 1974//2960 1975//2960 1972//2960
f 1974//2961 1976//2961 1975//2961
f 1977//2962 1974//2962 1972//2962
f 1977//2963 1972//2963 1967//2963
f 1978//2964 1962//2964 1961//2964
f 1978//2965 1979//2965 1962//2965
f 1980//2966 1981//2966 1982//2966
f 1983//2967 1981//2967 1980//2967
f 1983//2968 1984//2968 1981//2968
f 1985//2969 1984//2969 1983//2969
f 1985//2970 1986//2970 1984//2970
f 1985//2971 1987//2971 1986//2971
f 1985//2972 1967//2972 1987//2972
f 1988//2973 1970//2973 1971//2973
f 1989//2974 1990//2974 1977//2974
f 1989//2975 1991//2975 1990//2975
f 1989//2976 1977//2976 1967//2976
f 1992//2977 1985//2977 1993//2977
f 1992//2978 1967//2978 1985//2978
f 1994//2979 1995//2979 1989//2979
f 1994//2980 1996//2980 1995//2980
f 1997//2981 1992//2981 1998//2981
f 1997//2982 1967//2982 1992//2982
f 1999//2983 1994//2983 1989//2983
f 2000//2984 1997//2984 2001//2984
f 2000//2985 1989//2985 1967//2985
f 2000//2986 1999//2986 1989//2986
f 2000//2987 1967//2987 1997//2987
f 2002//2988 2001//2988 2003//2988
f 2004//2989 2005//2989 2000//2989
f 2004//2990 2000//2990 2001//2990
f 2004//2991 2001//2991 2002//2991
f 2006//2992 1890//2992 1889//2992
f 2006//2993 1889//2993 1947//2993
f 2007//2994 2008//2994 1979//2994
f 2007//2995 1979//2995 1978//2995
f 2009//2996 1971//2996 2010//2996
f 2009//2997 1988//2997 1971//2997
f 2011//2998 2008//2998 2007//2998
f 2011//2999 2012//2999 2008//2999
f 2013//3000 2010//3000 2014//3000
f 2013//3001 2009//3001 2010//3001
f 2015//3002 1865//3002 1864//3002
f 2015//3003 1963//3003 1865//3003
f 2016//3004 2017//3004 2012//3004
f 2016//3005 2012//3005 2011//3005
f 2018//3006 2014//3006 2019//3006
f 2018//3007 2013//3007 2014//3007
f 2020//3008 1891//3008 1890//3008
f 2020//3009 1890//3009 2006//3009
f 2021//3010 2017//3010 2016//3010
f 2021//3011 2022//3011 2017//3011
f 2023//3012 2019//3012 2024//3012
f 2023//3013 2018//3013 2019//3013
f 2025//3014 1864//3014 1863//3014
f 2025//3015 2015//3015 1864//3015
f 2026//3016 2027//3016 2022//3016
f 2026//3017 2022//3017 2021//3017
f 2028//3018 2024//3018 2029//3018
f 2028//3019 2023//3019 2024//3019
f 2030//3020 1892//3020 1891//3020
f 2030//3021 1891//3021 2020//3021
f 2031//3022 2032//3022 2027//3022
f 2031//3023 2027//3023 2026//3023
f 2033//3024 2029//3024 2034//3024
f 2033//3025 2028//3025 2029//3025
f 2035//3026 1863//3026 869//3026
f 2035//3027 2025//3027 1863//3027
f 2036//3028 2032//3028 2031//3028
f 2036//3029 2037//3029 2032//3029
f 2038//3030 2034//3030 2039//3030
f 2038//3031 2033//3031 2034//3031
f 2040//3032 1893//3032 1892//3032
f 2040//3033 1892//3033 2030//3033
f 2041//3034 2042//3034 2037//3034
f 2041//3035 2037//3035 2036//3035
f 2043//3036 2039//3036 2044//3036
f 2043//3037 2038//3037 2039//3037
f 2045//3038 2035//3038 869//3038
f 2046//3039 1893//3039 2040//3039
f 2046//3040 1894//3040 1893//3040
f 2047//3041 2042//3041 2041//3041
f 2047//3042 2048//3042 2042//3042
f 2049//3043 2044//3043 2050//3043
f 2049//3044 2043//3044 2044//3044
f 2051//3045 2048//3045 2047//3045
f 2051//3046 2052//3046 2048//3046
f 2053//3047 2050//3047 2054//3047
f 2053//3048 2049//3048 2050//3048
f 2055//3049 1894//3049 2046//3049
f 2055//3050 1895//3050 1894//3050
f 2056//3051 2052//3051 2051//3051
f 2056//3052 2057//3052 2052//3052
f 2058//3053 2054//3053 2059//3053
f 2058//3054 2053//3054 2054//3054
f 2060//3055 2057//3055 2056//3055
f 2060//3056 2061//3056 2057//3056
f 2062//3057 2059//3057 2063//3057
f 2062//3058 2058//3058 2059//3058
f 2064//3059 1896//3059 1895//3059
f 2064//3060 1895//3060 2055//3060
f 2065//3061 2066//3061 2067//3061
f 2068//3062 2069//3062 2062//3062
f 2068//3063 2070//3063 2069//3063
f 2071//3064 2066//3064 2065//3064
f 2071//3065 2060//3065 2066//3065
f 2072//3066 2060//3066 2071//3066
f 2073//3067 2068//3067 2062//3067
f 2073//3068 2074//3068 2068//3068
f 2075//3069 2076//3069 2073//3069
f 2077//3070 2073//3070 2062//3070
f 2077//3071 2075//3071 2073//3071
f 2078//3072 2079//3072 2080//3072
f 2078//3073 2081//3073 2079//3073
f 2078//3074 2082//3074 2081//3074
f 2078//3075 2072//3075 2082//3075
f 2083//3076 2084//3076 2077//3076
f 2083//3077 2085//3077 2084//3077
f 2086//3078 2078//3078 2087//3078
f 2086//3079 2072//3079 2078//3079
f 2088//3080 2083//3080 2077//3080
f 2088//3081 2077//3081 2062//3081
f 2089//3082 2072//3082 2086//3082
f 2090//3083 2088//3083 2062//3083
f 2091//3084 2090//3084 2062//3084
f 2092//3085 2089//3085 2093//3085
f 2092//3086 2060//3086 2072//3086
f 2092//3087 2072//3087 2089//3087
f 2094//3088 2060//3088 2092//3088
f 2095//3089 2060//3089 2094//3089
f 2096//3090 2060//3090 2095//3090
f 2097//3091 2098//3091 2091//3091
f 2097//3092 2099//3092 2098//3092
f 2097//3093 2100//3093 2099//3093
f 2101//3094 2060//3094 2096//3094
f 2102//3095 2091//3095 2062//3095
f 2102//3096 2097//3096 2091//3096
f 2103//3097 2060//3097 2101//3097
f 2104//3098 2102//3098 2062//3098
f 2105//3099 2106//3099 2104//3099
f 2105//3100 2107//3100 2106//3100
f 2108//3101 2104//3101 2062//3101
f 2108//3102 2105//3102 2104//3102
f 2109//3103 2110//3103 2111//3103
f 2109//3104 2112//3104 2110//3104
f 2113//3105 2112//3105 2109//3105
f 2113//3106 2114//3106 2112//3106
f 2115//3107 2108//3107 2062//3107
f 2115//3108 2116//3108 2108//3108
f 2115//3109 2117//3109 2116//3109
f 2118//3110 2103//3110 2114//3110
f 2118//3111 2114//3111 2113//3111
f 2119//3112 2120//3112 2115//3112
f 2121//3113 2122//3113 2123//3113
f 2121//3114 2118//3114 2122//3114
f 2124//3115 2118//3115 2121//3115
f 2125//3116 2063//3116 2126//3116
f 2125//3117 2062//3117 2063//3117
f 2127//3118 2128//3118 2061//3118
f 2127//3119 2061//3119 2060//3119
f 2129//3120 2130//3120 2119//3120
f 2129//3121 2131//3121 2130//3121
f 2129//3122 2119//3122 2115//3122
f 2132//3123 2062//3123 2125//3123
f 2133//3124 2127//3124 2060//3124
f 2134//3125 2129//3125 2115//3125
f 2135//3126 2062//3126 2132//3126
f 2136//3127 2134//3127 2115//3127
f 2137//3128 2138//3128 2139//3128
f 2137//3129 2124//3129 2138//3129
f 2140//3130 2062//3130 2135//3130
f 2141//3131 2115//3131 2062//3131
f 2141//3132 2136//3132 2115//3132
f 2141//3133 2062//3133 2140//3133
f 2142//3134 2133//3134 2060//3134
f 2142//3135 2124//3135 2137//3135
f 2142//3136 2060//3136 2103//3136
f 2142//3137 2143//3137 2133//3137
f 2142//3138 2144//3138 2143//3138
f 2142//3139 2103//3139 2118//3139
f 2142//3140 2118//3140 2124//3140
f 2145//3141 1897//3141 1896//3141
f 2145//3142 1896//3142 2064//3142
f 2146//3143 2125//3143 2126//3143
f 2147//3144 2146//3144 2126//3144
f 2148//3145 2147//3145 2126//3145
f 2149//3146 2148//3146 2126//3146
f 2150//3147 2149//3147 2126//3147
f 2151//3148 2150//3148 2126//3148
f 2152//3149 2153//3149 2128//3149
f 2152//3150 2128//3150 2127//3150
f 2154//3151 1898//3151 1897//3151
f 2154//3152 1897//3152 2145//3152
f 2155//3153 2151//3153 2126//3153
f 2156//3154 2157//3154 2153//3154
f 2156//3155 2153//3155 2152//3155
f 2158//3156 2155//3156 2126//3156
f 2159//3157 1899//3157 1898//3157
f 2159//3158 1898//3158 2154//3158
f 2160//3159 2157//3159 2156//3159
f 2161//3160 2158//3160 2126//3160
f 2162//3161 2157//3161 2160//3161
f 2162//3162 2163//3162 2157//3162
f 2164//3163 1900//3163 1899//3163
f 2164//3164 1899//3164 2159//3164
f 2165//3165 2161//3165 2126//3165
f 2165//3166 2126//3166 2045//3166
f 2166//3167 2167//3167 2163//3167
f 2166//3168 2163//3168 2162//3168
f 2168//3169 1901//3169 1900//3169
f 2168//3170 1900//3170 2164//3170
f 2169//3171 2045//3171 869//3171
f 2169//3172 2165//3172 2045//3172
f 2170//3173 2171//3173 2167//3173
f 2170//3174 2167//3174 2166//3174
f 2172//3175 2169//3175 869//3175
f 2173//3176 1902//3176 1901//3176
f 2173//3177 1901//3177 2168//3177
f 2174//3178 2171//3178 2170//3178
f 2174//3179 2175//3179 2171//3179
f 2176//3180 2172//3180 869//3180
f 2177//3181 2178//3181 2175//3181
f 2177//3182 2175//3182 2174//3182
f 2179//3183 1903//3183 1902//3183
f 2179//3184 1902//3184 2173//3184
f 2180//3185 2176//3185 869//3185
f 2181//3186 2182//3186 2178//3186
f 2181//3187 2178//3187 2177//3187
f 2183//3188 1904//3188 1903//3188
f 2183//3189 1903//3189 2179//3189
f 2184//3190 2180//3190 869//3190
f 2185//3191 2182//3191 2181//3191
f 2185//3192 2186//3192 2182//3192
f 2187//3193 1904//3193 2183//3193
f 2187//3194 1905//3194 1904//3194
f 2188//3195 2186//3195 2185//3195
f 2188//3196 2187//3196 2186//3196
f 1906//3197 1905//3197 2187//3197
f 2189//3198 2187//3198 2188//3198
f 2190//3199 2187//3199 2189//3199
f 1907//3200 1906//3200 2187//3200
f 2191//3201 2187//3201 2190//3201
f 2191//3202 1907//3202 2187//3202
f 1908//3203 1907//3203 2191//3203
f 2192//3204 2193//3204 2194//3204
f 2192//3205 2195//3205 2193//3205
f 2196//3206 2192//3206 2194//3206
f 2197//3207 2198//3207 2196//3207
f 2197//3208 2196//3208 2194//3208
f 2199//3209 2197//3209 2194//3209
f 2200//3210 2199//3210 2194//3210
f 2201//3211 2200//3211 2194//3211
f 2202//3212 1908//3212 2191//3212
f 2203//3213 2204//3213 2205//3213
f 2206//3214 2201//3214 2194//3214
f 2206//3215 2203//3215 2205//3215
f 2206//3216 2205//3216 2201//3216
f 2207//3217 2208//3217 2209//3217
f 2207//3218 2210//3218 2208//3218
f 2207//3219 2202//3219 2210//3219
f 2211//3220 2206//3220 2194//3220
f 2212//3221 2211//3221 2194//3221
f 2213//3222 2207//3222 2214//3222
f 2215//3223 2202//3223 2207//3223
f 2215//3224 2207//3224 2213//3224
f 2216//3225 2212//3225 2194//3225
f 2216//3226 2217//3226 2212//3226
f 2218//3227 2215//3227 2219//3227
f 2220//3228 2216//3228 2194//3228
f 2221//3229 2222//3229 2220//3229
f 2223//3230 2224//3230 2225//3230
f 2223//3231 2218//3231 2224//3231
f 2223//3232 2215//3232 2218//3232
f 2226//3233 2221//3233 2220//3233
f 2226//3234 2220//3234 2194//3234
f 2227//3235 2202//3235 2215//3235
f 2227//3236 2215//3236 2223//3236
f 2228//3237 2226//3237 2194//3237
f 2229//3238 2202//3238 2227//3238
f 2230//3239 2228//3239 2194//3239
f 2231//3240 2230//3240 2194//3240
f 2232//3241 2229//3241 2233//3241
f 2234//3242 2229//3242 2232//3242
f 2234//3243 2202//3243 2229//3243
f 2235//3244 2202//3244 2234//3244
f 2236//3245 2231//3245 2194//3245
f 2236//3246 2237//3246 2231//3246
f 2238//3247 2239//3247 2240//3247
f 2241//3248 2242//3248 2243//3248
f 2241//3249 2235//3249 2242//3249
f 2244//3250 2238//3250 2240//3250
f 2245//3251 2244//3251 2240//3251
f 2245//3252 2240//3252 2236//3252
f 2246//3253 2241//3253 2247//3253
f 2248//3254 2246//3254 2249//3254
f 2248//3255 2241//3255 2246//3255
f 2248//3256 2235//3256 2241//3256
f 2250//3257 2251//3257 2245//3257
f 2250//3258 2252//3258 2251//3258
f 2250//3259 2236//3259 2194//3259
f 2250//3260 2245//3260 2236//3260
f 2253//3261 2250//3261 2194//3261
f 2254//3262 2248//3262 2255//3262
f 2254//3263 2235//3263 2248//3263
f 2256//3264 2257//3264 2253//3264
f 2256//3265 2253//3265 2194//3265
f 2258//3266 2235//3266 2254//3266
f 2258//3267 2202//3267 2235//3267
f 2259//3268 2256//3268 2194//3268
f 2260//3269 2202//3269 2258//3269
f 2261//3270 2262//3270 2259//3270
f 1909//3271 1908//3271 2202//3271
f 2263//3272 2264//3272 2261//3272
f 2263//3273 2261//3273 2259//3273
f 2263//3274 2259//3274 2194//3274
f 2265//3275 2263//3275 2194//3275
f 2266//3276 2267//3276 2268//3276
f 2269//3277 2260//3277 2267//3277
f 2269//3278 2267//3278 2266//3278
f 2270//3279 2260//3279 2269//3279
f 2271//3280 2260//3280 2270//3280
f 2272//3281 2260//3281 2271//3281
f 2273//3282 2260//3282 2272//3282
f 2274//3283 2260//3283 2273//3283
f 2274//3284 2202//3284 2260//3284
f 2275//3285 2276//3285 2277//3285
f 2275//3286 2274//3286 2276//3286
f 2278//3287 2202//3287 2274//3287
f 2278//3288 2274//3288 2275//3288
f 2278//3289 1909//3289 2202//3289
f 1910//3290 1909//3290 2278//3290
f 1910//3291 2278//3291 2279//3291
f 1911//3292 1910//3292 2279//3292
f 1911//3293 2279//3293 2280//3293
f 1912//3294 1911//3294 2280//3294
f 1912//3295 2280//3295 2281//3295
f 1913//3296 2281//3296 2282//3296
f 1913//3297 1912//3297 2281//3297
f 1914//3298 1913//3298 2282//3298
f 1914//3299 2282//3299 2283//3299
f 1915//3300 2283//3300 2284//3300
f 1915//3301 1914//3301 2283//3301
f 1916//3302 2284//3302 2285//3302
f 1916//3303 2285//3303 2286//3303
f 1916//3304 1915//3304 2284//3304
f 870//3305 2194//3305 2287//3305
f 870//3306 2287//3306 2288//3306
f 870//3307 2288//3307 2289//3307
f 870//3308 2289//3308 2290//3308
f 870//3309 2290//3309 2184//3309
f 870//3310 2184//3310 869//3310
f 870//3311 2291//3311 2292//3311
f 870//3312 2292//3312 2293//3312
f 870//3313 2293//3313 2294//3313
f 870//3314 2294//3314 2295//3314
f 870//3315 2295//3315 2296//3315
f 870//3316 2296//3316 2265//3316
f 870//3317 2265//3317 2194//3317
f 1917//3318 1916//3318 2286//3318
f 1917//3319 2286//3319 2297//3319
f 1918//3320 2297//3320 2298//3320
f 1918//3321 1917//3321 2297//3321
f 1919//3322 2298//3322 2299//3322
f 1919//3323 1918//3323 2298//3323
f 2300//3324 2301//3324 2302//3324
f 2303//3325 2301//3325 2300//3325
f 2303//3326 2304//3326 2301//3326
f 2303//3327 2305//3327 2304//3327
f 2303//3328 2306//3328 2305//3328
f 2307//3329 2303//3329 2300//3329
f 2308//3330 2303//3330 2307//3330
f 2309//3331 2308//3331 2307//3331
f 2310//3332 2311//3332 2309//3332
f 2312//3333 2310//3333 2309//3333
f 2313//3334 2312//3334 2309//3334
f 2313//3335 2309//3335 2307//3335
f 2314//3336 2315//3336 2313//3336
f 2314//3337 2316//3337 2315//3337
f 2317//3338 2314//3338 2313//3338
f 2318//3339 2313//3339 2307//3339
f 2318//3340 2317//3340 2313//3340
f 2319//3341 2320//3341 2318//3341
f 2321//3342 2322//3342 2319//3342
f 2323//3343 2324//3343 2325//3343
f 2326//3344 2323//3344 2325//3344
f 2326//3345 2327//3345 2328//3345
f 2326//3346 2325//3346 2327//3346
f 2329//3347 2326//3347 2328//3347
f 2329//3348 2330//3348 2331//3348
f 2329//3349 2332//3349 2330//3349
f 2329//3350 2328//3350 2332//3350
f 2333//3351 2319//3351 2318//3351
f 2333//3352 2321//3352 2319//3352
f 2334//3353 2329//3353 2335//3353
f 2336//3354 2329//3354 2334//3354
f 2336//3355 2326//3355 2329//3355
f 2337//3356 2333//3356 2318//3356
f 2338//3357 2326//3357 2336//3357
f 2338//3358 2336//3358 2339//3358
f 2340//3359 2337//3359 2318//3359
f 2341//3360 2326//3360 2338//3360
f 2342//3361 2318//3361 2307//3361
f 2342//3362 2340//3362 2318//3362
f 2343//3363 2341//3363 2344//3363
f 2345//3364 2346//3364 2342//3364
f 2345//3365 2342//3365 2307//3365
f 2347//3366 2326//3366 2341//3366
f 2347//3367 2341//3367 2343//3367
f 2347//3368 2343//3368 2348//3368
f 2349//3369 2350//3369 2345//3369
f 2351//3370 2349//3370 2345//3370
f 1920//3371 2299//3371 2352//3371
f 1920//3372 1919//3372 2299//3372
f 2353//3373 2354//3373 2355//3373
f 2353//3374 2356//3374 2354//3374
f 2357//3375 2358//3375 2356//3375
f 2357//3376 2347//3376 2358//3376
f 2357//3377 2356//3377 2353//3377
f 2359//3378 2351//3378 2345//3378
f 2359//3379 2360//3379 2351//3379
f 2359//3380 2361//3380 2360//3380
f 2362//3381 2347//3381 2357//3381
f 2362//3382 2357//3382 2363//3382
f 2364//3383 2347//3383 2362//3383
f 2364//3384 2326//3384 2347//3384
f 2365//3385 2366//3385 2359//3385
f 2365//3386 2367//3386 2366//3386
f 2368//3387 2365//3387 2359//3387
f 2368//3388 2359//3388 2345//3388
f 2369//3389 2370//3389 2371//3389
f 2372//3390 2370//3390 2369//3390
f 2372//3391 2364//3391 2370//3391
f 2373//3392 2368//3392 2345//3392
f 2373//3393 2374//3393 2368//3393
f 2373//3394 2345//3394 2307//3394
f 2375//3395 2364//3395 2372//3395
f 2376//3396 2364//3396 2375//3396
f 2376//3397 2377//3397 2378//3397
f 2376//3398 2379//3398 2377//3398
f 2376//3399 2375//3399 2379//3399
f 2380//3400 2326//3400 2364//3400
f 2380//3401 2364//3401 2376//3401
f 2381//3402 2326//3402 2380//3402
f 1921//3403 2352//3403 2382//3403
f 1921//3404 1920//3404 2352//3404
f 2383//3405 2307//3405 2384//3405
f 2383//3406 2384//3406 2385//3406
f 2383//3407 2385//3407 2386//3407
f 2383//3408 2386//3408 2387//3408
f 2383//3409 2387//3409 2388//3409
f 1922//3410 2382//3410 2389//3410
f 1922//3411 1921//3411 2382//3411
f 2390//3412 2391//3412 2392//3412
f 2390//3413 2392//3413 2393//3413
f 2390//3414 2393//3414 2394//3414
f 2390//3415 2394//3415 2373//3415
f 2390//3416 2373//3416 2307//3416
f 2390//3417 2307//3417 2383//3417
f 2395//3418 2391//3418 2390//3418
f 1923//3419 2389//3419 2326//3419
f 1923//3420 1922//3420 2389//3420
f 2396//3421 2291//3421 870//3421
f 2396//3422 2388//3422 2397//3422
f 2396//3423 2397//3423 2398//3423
f 2396//3424 2398//3424 2399//3424
f 2396//3425 2399//3425 2291//3425
f 2396//3426 2383//3426 2388//3426
f 1924//3427 1923//3427 2326//3427
f 1924//3428 2326//3428 2381//3428
f 2400//3429 2401//3429 2402//3429
f 2400//3430 2402//3430 2403//3430
f 2400//3431 2403//3431 2395//3431
f 2400//3432 2395//3432 2390//3432
f 2400//3433 2396//3433 870//3433
f 887//3434 2404//3434 2405//3434
f 887//3435 2405//3435 2406//3435
f 887//3436 2406//3436 2407//3436
f 887//3437 2407//3437 2408//3437
f 887//3438 1924//3438 2381//3438
f 887//3439 2408//3439 2409//3439
f 887//3440 2409//3440 2410//3440
f 887//3441 2410//3441 2411//3441
f 887//3442 2411//3442 2412//3442
f 887//3443 2412//3443 2413//3443
f 887//3444 2413//3444 2414//3444
f 887//3445 2414//3445 2415//3445
f 887//3446 2415//3446 2416//3446
f 887//3447 2416//3447 2417//3447
f 887//3448 2381//3448 2418//3448
f 887//3449 2418//3449 2404//3449
f 2419//3450 2420//3450 2421//3450
f 2422//3451 2423//3451 2424//3451
f 2422//3452 2425//3452 2423//3452
f 2426//3453 2427//3453 2428//3453
f 2426//3454 2429//3454 2427//3454
f 2430//3455 2420//3455 2419//3455
f 2430//3456 2425//3456 2422//3456
f 2430//3457 2431//3457 2432//3457
f 2430//3458 2422//3458 2431//3458
f 2430//3459 2419//3459 2425//3459
f 2430//3460 2433//3460 2420//3460
f 2434//3461 2433//3461 2430//3461
f 2434//3462 2435//3462 2433//3462
f 2434//3463 2436//3463 2435//3463
f 2434//3464 2437//3464 2436//3464
f 2434//3465 2428//3465 2437//3465
f 2438//3466 2439//3466 2440//3466
f 2441//3467 2440//3467 2426//3467
f 2441//3468 2438//3468 2440//3468
f 2441//3469 2426//3469 2428//3469
f 2442//3470 2428//3470 2434//3470
f 2442//3471 2441//3471 2428//3471
f 2442//3472 2434//3472 2443//3472
f 2444//3473 2443//3473 2445//3473
f 2444//3474 2442//3474 2443//3474
f 2446//3475 2447//3475 2448//3475
f 2446//3476 2445//3476 2447//3476
f 2446//3477 2444//3477 2445//3477
f 2449//3478 2450//3478 2451//3478
f 2452//3479 2450//3479 2449//3479
f 2452//3480 2449//3480 2453//3480
f 2452//3481 2448//3481 2450//3481
f 2454//3482 2455//3482 2456//3482
f 2454//3483 2457//3483 2455//3483
f 2458//3484 2448//3484 2452//3484
f 2459//3485 2454//3485 2456//3485
f 2460//3486 2459//3486 2456//3486
f 2460//3487 2461//3487 2446//3487
f 2460//3488 2448//3488 2458//3488
f 2460//3489 2456//3489 2461//3489
f 2460//3490 2446//3490 2448//3490
f 888//3491 2401//3491 2400//3491
f 888//3492 2460//3492 2462//3492
f 888//3493 2462//3493 2463//3493
f 888//3494 2463//3494 2464//3494
f 888//3495 2464//3495 2465//3495
f 888//3496 2465//3496 2466//3496
f 888//3497 2466//3497 2467//3497
f 888//3498 2467//3498 2401//3498
f 888//3499 2400//3499 870//3499
f 888//3500 2417//3500 2468//3500
f 888//3501 2468//3501 2469//3501
f 888//3502 2469//3502 2470//3502
f 888//3503 2470//3503 2471//3503
f 888//3504 2471//3504 2459//3504
f 888//3505 887//3505 2417//3505
f 888//3506 2459//3506 2460//3506
f 2472//3507 1077//3507 1078//3507
f 2473//3508 2474//3508 2475//3508
f 2476//3509 2473//3509 2475//3509
f 2477//3510 2473//3510 2476//3510
f 888//3511 2478//3511 886//3511
f 2479//3512 2472//3512 2473//3512
f 2480//3513 2479//3513 2473//3513
f 2480//3514 2473//3514 2477//3514
f 1089//3515 1088//3515 2479//3515
f 2481//3516 2477//3516 2478//3516
f 2481//3517 2480//3517 2477//3517
f 2482//3518 2480//3518 2481//3518
f 2483//3519 2481//3519 2478//3519
f 2484//3520 2485//3520 2480//3520
f 2484//3521 2480//3521 2482//3521
f 870//3522 866//3522 2483//3522
f 870//3523 2478//3523 888//3523
f 870//3524 2483//3524 2478//3524
f 1088//3525 1077//3525 2472//3525
f 1088//3526 2472//3526 2479//3526
f 1114//3527 2483//3527 864//3527
f 864//3528 2483//3528 866//3528
f 1106//3529 1105//3529 871//3529
f 1106//3530 871//3530 874//3530
f 874//3531 872//3531 1106//3531
f 1106//3532 872//3532 1108//3532
f 1104//3533 1108//3533 868//3533
f 868//3534 1108//3534 872//3534
f 868//3535 871//3535 1105//3535
f 868//3536 1105//3536 1104//3536
f 2486//3537 880//3537 2487//3537
f 2487//3538 880//3538 882//3538
f 884//3539 886//3539 1075//3539
f 1075//3540 886//3540 2478//3540
f 885//3541 1066//3541 883//3541
f 883//3542 1066//3542 982//3542
f 890//3543 978//3543 892//3543
f 892//3544 978//3544 894//3544
f 898//3545 895//3545 899//3545
f 893//3546 895//3546 897//3546
f 897//3547 895//3547 898//3547
f 900//3548 895//3548 894//3548
f 900//3549 899//3549 895//3549
f 894//3550 978//3550 900//3550
f 978//3551 974//3551 900//3551
f 974//3552 979//3552 973//3552
f 978//3553 979//3553 974//3553
f 939//3554 941//3554 940//3554
f 938//3555 942//3555 939//3555
f 939//3556 942//3556 941//3556
f 937//3557 943//3557 938//3557
f 938//3558 943//3558 942//3558
f 936//3559 944//3559 937//3559
f 937//3560 944//3560 943//3560
f 935//3561 945//3561 936//3561
f 936//3562 945//3562 944//3562
f 934//3563 946//3563 935//3563
f 935//3564 946//3564 945//3564
f 933//3565 947//3565 934//3565
f 934//3566 947//3566 946//3566
f 932//3567 948//3567 933//3567
f 933//3568 948//3568 947//3568
f 931//3569 949//3569 932//3569
f 932//3570 949//3570 948//3570
f 930//3571 950//3571 931//3571
f 931//3572 950//3572 949//3572
f 929//3573 951//3573 930//3573
f 930//3574 951//3574 950//3574
f 928//3575 952//3575 929//3575
f 929//3576 952//3576 951//3576
f 927//3577 953//3577 928//3577
f 928//3578 953//3578 952//3578
f 926//3579 954//3579 927//3579
f 927//3580 954//3580 953//3580
f 925//3581 955//3581 926//3581
f 924//3582 955//3582 925//3582
f 926//3583 955//3583 954//3583
f 923//3584 956//3584 924//3584
f 924//3585 956//3585 955//3585
f 922//3586 957//3586 923//3586
f 923//3587 957//3587 956//3587
f 921//3588 958//3588 922//3588
f 920//3589 958//3589 921//3589
f 922//3590 958//3590 957//3590
f 919//3591 959//3591 920//3591
f 920//3592 959//3592 958//3592
f 918//3593 960//3593 919//3593
f 919//3594 960//3594 959//3594
f 917//3595 961//3595 918//3595
f 916//3596 961//3596 917//3596
f 918//3597 961//3597 960//3597
f 916//3598 962//3598 961//3598
f 915//3599 962//3599 916//3599
f 915//3600 963//3600 962//3600
f 914//3601 963//3601 915//3601
f 913//3602 963//3602 914//3602
f 912//3603 964//3603 913//3603
f 913//3604 964//3604 963//3604
f 911//3605 965//3605 912//3605
f 910//3606 965//3606 911//3606
f 912//3607 965//3607 964//3607
f 909//3608 966//3608 910//3608
f 910//3609 966//3609 965//3609
f 909//3610 967//3610 966//3610
f 908//3611 967//3611 909//3611
f 908//3612 968//3612 967//3612
f 907//3613 968//3613 908//3613
f 906//3614 969//3614 907//3614
f 905//3615 969//3615 906//3615
f 907//3616 969//3616 968//3616
f 904//3617 970//3617 905//3617
f 905//3618 970//3618 969//3618
f 904//3619 971//3619 970//3619
f 903//3620 971//3620 904//3620
f 902//3621 972//3621 903//3621
f 901//3622 972//3622 902//3622
f 903//3623 972//3623 971//3623
f 900//3624 974//3624 901//3624
f 901//3625 974//3625 972//3625
f 975//3626 973//3626 979//3626
f 979//3627 977//3627 976//3627
f 979//3628 976//3628 975//3628
f 986//3629 983//3629 987//3629
f 981//3630 983//3630 985//3630
f 985//3631 983//3631 986//3631
f 988//3632 983//3632 982//3632
f 988//3633 987//3633 983//3633
f 1066//3634 1062//3634 982//3634
f 982//3635 1062//3635 988//3635
f 1062//3636 1067//3636 1061//3636
f 1066//3637 1067//3637 1062//3637
f 1027//3638 1029//3638 1028//3638
f 1026//3639 1030//3639 1027//3639
f 1027//3640 1030//3640 1029//3640
f 1025//3641 1031//3641 1026//3641
f 1026//3642 1031//3642 1030//3642
f 1024//3643 1032//3643 1025//3643
f 1025//3644 1032//3644 1031//3644
f 1023//3645 1033//3645 1024//3645
f 1024//3646 1033//3646 1032//3646
f 1022//3647 1034//3647 1023//3647
f 1023//3648 1034//3648 1033//3648
f 1021//3649 1035//3649 1022//3649
f 1022//3650 1035//3650 1034//3650
f 1020//3651 1036//3651 1021//3651
f 1021//3652 1036//3652 1035//3652
f 1019//3653 1037//3653 1020//3653
f 1020//3654 1037//3654 1036//3654
f 1018//3655 1038//3655 1019//3655
f 1019//3656 1038//3656 1037//3656
f 1017//3657 1039//3657 1018//3657
f 1018//3658 1039//3658 1038//3658
f 1016//3659 1040//3659 1017//3659
f 1017//3660 1040//3660 1039//3660
f 1015//3661 1041//3661 1016//3661
f 1016//3662 1041//3662 1040//3662
f 1014//3663 1042//3663 1015//3663
f 1015//3664 1042//3664 1041//3664
f 1013//3665 1043//3665 1014//3665
f 1012//3666 1043//3666 1013//3666
f 1014//3667 1043//3667 1042//3667
f 1011//3668 1044//3668 1012//3668
f 1012//3669 1044//3669 1043//3669
f 1010//3670 1045//3670 1011//3670
f 1011//3671 1045//3671 1044//3671
f 1009//3672 1046//3672 1010//3672
f 1008//3673 1046//3673 1009//3673
f 1010//3674 1046//3674 1045//3674
f 1007//3675 1047//3675 1008//3675
f 1008//3676 1047//3676 1046//3676
f 1006//3677 1048//3677 1007//3677
f 1007//3678 1048//3678 1047//3678
f 1005//3679 1049//3679 1006//3679
f 1004//3680 1049//3680 1005//3680
f 1006//3681 1049//3681 1048//3681
f 1004//3682 1050//3682 1049//3682
f 1003//3683 1050//3683 1004//3683
f 1003//3684 1051//3684 1050//3684
f 1002//3685 1051//3685 1003//3685
f 1001//3686 1051//3686 1002//3686
f 1000//3687 1052//3687 1001//3687
f 1001//3688 1052//3688 1051//3688
f 999//3689 1053//3689 1000//3689
f 998//3690 1053//3690 999//3690
f 1000//3691 1053//3691 1052//3691
f 997//3692 1054//3692 998//3692
f 998//3693 1054//3693 1053//3693
f 997//3694 1055//3694 1054//3694
f 996//3695 1055//3695 997//3695
f 996//3696 1056//3696 1055//3696
f 995//3697 1056//3697 996//3697
f 994//3698 1057//3698 995//3698
f 993//3699 1057//3699 994//3699
f 995//3700 1057//3700 1056//3700
f 992//3701 1058//3701 993//3701
f 993//3702 1058//3702 1057//3702
f 992//3703 1059//3703 1058//3703
f 991//3704 1059//3704 992//3704
f 990//3705 1060//3705 991//3705
f 989//3706 1060//3706 990//3706
f 991//3707 1060//3707 1059//3707
f 988//3708 1062//3708 989//3708
f 989//3709 1062//3709 1060//3709
f 1063//3710 1061//3710 1067//3710
f 1067//3711 1065//3711 1064//3711
f 1067//3712 1064//3712 1063//3712
f 2478//3713 2477//3713 1075//3713
f 1075//3714 2477//3714 1076//3714
f 2476//3715 1074//3715 1076//3715
f 2476//3716 1076//3716 2477//3716
f 1074//3717 2476//3717 1071//3717
f 1071//3718 2476//3718 2475//3718
f 2475//3719 2474//3719 1071//3719
f 1071//3720 2474//3720 1070//3720
f 1070//3721 2474//3721 1072//3721
f 1072//3722 2474//3722 2473//3722
f 2473//3723 2472//3723 1072//3723
f 1072//3724 2472//3724 1073//3724
f 1078//3725 1069//3725 1073//3725
f 1078//3726 1073//3726 2472//3726
f 1082//3727 2488//3727 2489//3727
f 2490//3728 2489//3728 2491//3728
f 2490//3729 1082//3729 2489//3729
f 2492//3730 2491//3730 2493//3730
f 2492//3731 2490//3731 2491//3731
f 2494//3732 2493//3732 2495//3732
f 2494//3733 2492//3733 2493//3733
f 2496//3734 2495//3734 2497//3734
f 2496//3735 2494//3735 2495//3735
f 2498//3736 2497//3736 2499//3736
f 2498//3737 2496//3737 2497//3737
f 2500//3738 2499//3738 2501//3738
f 2500//3739 2498//3739 2499//3739
f 2502//3740 2501//3740 2503//3740
f 2502//3741 2500//3741 2501//3741
f 2504//3742 2503//3742 2505//3742
f 2504//3743 2502//3743 2503//3743
f 2506//3744 2505//3744 2507//3744
f 2506//3745 2504//3745 2505//3745
f 2508//3746 2507//3746 2509//3746
f 2508//3747 2506//3747 2507//3747
f 2510//3748 2511//3748 2512//3748
f 2513//3749 2509//3749 2514//3749
f 2513//3750 2508//3750 2509//3750
f 2515//3751 2511//3751 2510//3751
f 2516//3752 2515//3752 2510//3752
f 2517//3753 2513//3753 2514//3753
f 2517//3754 2514//3754 2518//3754
f 2519//3755 2515//3755 2516//3755
f 2520//3756 2519//3756 2516//3756
f 2521//3757 2518//3757 2522//3757
f 2521//3758 2517//3758 2518//3758
f 2523//3759 2519//3759 2520//3759
f 2524//3760 2525//3760 2523//3760
f 2524//3761 2523//3761 2520//3761
f 2526//3762 2522//3762 2525//3762
f 2526//3763 2521//3763 2522//3763
f 2526//3764 2525//3764 2524//3764
f 1082//3765 1081//3765 2488//3765
f 2527//3766 2528//3766 2529//3766
f 2527//3767 2529//3767 2530//3767
f 2531//3768 2527//3768 2530//3768
f 2531//3769 2530//3769 2532//3769
f 2533//3770 2531//3770 2532//3770
f 2533//3771 2532//3771 2534//3771
f 2535//3772 2533//3772 2534//3772
f 2535//3773 2534//3773 2536//3773
f 2537//3774 2536//3774 2538//3774
f 2537//3775 2535//3775 2536//3775
f 2539//3776 2538//3776 2540//3776
f 2539//3777 2537//3777 2538//3777
f 2541//3778 2540//3778 2542//3778
f 2541//3779 2539//3779 2540//3779
f 2543//3780 2542//3780 2544//3780
f 2543//3781 2541//3781 2542//3781
f 2545//3782 2544//3782 2546//3782
f 2545//3783 2543//3783 2544//3783
f 2547//3784 2546//3784 2548//3784
f 2547//3785 2545//3785 2546//3785
f 2549//3786 2548//3786 2550//3786
f 2549//3787 2547//3787 2548//3787
f 2551//3788 2550//3788 2552//3788
f 2551//3789 2549//3789 2550//3789
f 2553//3790 2552//3790 2554//3790
f 2553//3791 2551//3791 2552//3791
f 2555//3792 2554//3792 2556//3792
f 2555//3793 2553//3793 2554//3793
f 2557//3794 2556//3794 2558//3794
f 2557//3795 2555//3795 2556//3795
f 2559//3796 2558//3796 2560//3796
f 2559//3797 2557//3797 2558//3797
f 2561//3798 2560//3798 2562//3798
f 2561//3799 2559//3799 2560//3799
f 2563//3800 2562//3800 2564//3800
f 2563//3801 2561//3801 2562//3801
f 2565//3802 2563//3802 2564//3802
f 2565//3803 2564//3803 2566//3803
f 2567//3804 2565//3804 2566//3804
f 2567//3805 2566//3805 2568//3805
f 2569//3806 2567//3806 2568//3806
f 2569//3807 2568//3807 2570//3807
f 2571//3808 2569//3808 2570//3808
f 2571//3809 2570//3809 2572//3809
f 2573//3810 2571//3810 2572//3810
f 2573//3811 2572//3811 2574//3811
f 2575//3812 2573//3812 2574//3812
f 2575//3813 2574//3813 2576//3813
f 2577//3814 2575//3814 2576//3814
f 2577//3815 2576//3815 2578//3815
f 2579//3816 2577//3816 2578//3816
f 2579//3817 2578//3817 2580//3817
f 2581//3818 2579//3818 2580//3818
f 2581//3819 2580//3819 2582//3819
f 2583//3820 2581//3820 2582//3820
f 2583//3821 2582//3821 2584//3821
f 2585//3822 2583//3822 2584//3822
f 2585//3823 2584//3823 2586//3823
f 2587//3824 2585//3824 2586//3824
f 2587//3825 2586//3825 2588//3825
f 2589//3826 2587//3826 2588//3826
f 2589//3827 2588//3827 2590//3827
f 2591//3828 2589//3828 2590//3828
f 2591//3829 2590//3829 2592//3829
f 2593//3830 2591//3830 2592//3830
f 2593//3831 2592//3831 2594//3831
f 2595//3832 2593//3832 2594//3832
f 2595//3833 2594//3833 2596//3833
f 2597//3834 2595//3834 2596//3834
f 2597//3835 2596//3835 2598//3835
f 2599//3836 2597//3836 2598//3836
f 2599//3837 2598//3837 2600//3837
f 2601//3838 2599//3838 2600//3838
f 2601//3839 2600//3839 2602//3839
f 2603//3840 2601//3840 2602//3840
f 2603//3841 2602//3841 2604//3841
f 2605//3842 2604//3842 2606//3842
f 2605//3843 2603//3843 2604//3843
f 2607//3844 2606//3844 2608//3844
f 2607//3845 2605//3845 2606//3845
f 2609//3846 2608//3846 2610//3846
f 2609//3847 2607//3847 2608//3847
f 2611//3848 2610//3848 2612//3848
f 2611//3849 2609//3849 2610//3849
f 2512//3850 2612//3850 2613//3850
f 2512//3851 2611//3851 2612//3851
f 2510//3852 2512//3852 2613//3852
f 2510//3853 2613//3853 2614//3853
f 2516//3854 2510//3854 2614//3854
f 2516//3855 2614//3855 2615//3855
f 2520//3856 2516//3856 2615//3856
f 2520//3857 2615//3857 2616//3857
f 2524//3858 2520//3858 2616//3858
f 2524//3859 2616//3859 2617//3859
f 2526//3860 2524//3860 2617//3860
f 2526//3861 2617//3861 2618//3861
f 2521//3862 2526//3862 2618//3862
f 2521//3863 2618//3863 2619//3863
f 2517//3864 2521//3864 2619//3864
f 2517//3865 2619//3865 2620//3865
f 2513//3866 2517//3866 2620//3866
f 2513//3867 2620//3867 2621//3867
f 2508//3868 2513//3868 2621//3868
f 2508//3869 2621//3869 2622//3869
f 2506//3870 2508//3870 2622//3870
f 2506//3871 2622//3871 2623//3871
f 2504//3872 2506//3872 2623//3872
f 2504//3873 2623//3873 2624//3873
f 2502//3874 2504//3874 2624//3874
f 2502//3875 2624//3875 2625//3875
f 2500//3876 2502//3876 2625//3876
f 2500//3877 2625//3877 2626//3877
f 2498//3878 2626//3878 2627//3878
f 2498//3879 2500//3879 2626//3879
f 2496//3880 2627//3880 2628//3880
f 2496//3881 2498//3881 2627//3881
f 2494//3882 2628//3882 2629//3882
f 2494//3883 2496//3883 2628//3883
f 2492//3884 2629//3884 2630//3884
f 2492//3885 2494//3885 2629//3885
f 2490//3886 2630//3886 1080//3886
f 2490//3887 2492//3887 2630//3887
f 1082//3888 2490//3888 1080//3888
f 2530//3889 2529//3889 1102//3889
f 2532//3890 2530//3890 1102//3890
f 1107//3891 2534//3891 2532//3891
f 1107//3892 2536//3892 2534//3892
f 1107//3893 2538//3893 2536//3893
f 1107//3894 2540//3894 2538//3894
f 1107//3895 2542//3895 2540//3895
f 1107//3896 2544//3896 2542//3896
f 1107//3897 2546//3897 2544//3897
f 1107//3898 2548//3898 2546//3898
f 1107//3899 2550//3899 2548//3899
f 1107//3900 2552//3900 2550//3900
f 1107//3901 2554//3901 2552//3901
f 1107//3902 2556//3902 2554//3902
f 1107//3903 2558//3903 2556//3903
f 1107//3904 2560//3904 2558//3904
f 1107//3905 2562//3905 2560//3905
f 1107//3906 2564//3906 2562//3906
f 1107//3907 2566//3907 2564//3907
f 1107//3908 2568//3908 2566//3908
f 1107//3909 2570//3909 2568//3909
f 1107//3910 2572//3910 2570//3910
f 1107//3911 2574//3911 2572//3911
f 1107//3912 2576//3912 2574//3912
f 1107//3913 2578//3913 2576//3913
f 1107//3914 2580//3914 2578//3914
f 2582//3915 2580//3915 1107//3915
f 2584//3916 2582//3916 1107//3916
f 2586//3917 2584//3917 1107//3917
f 2588//3918 2586//3918 1107//3918
f 2590//3919 2588//3919 1107//3919
f 1085//3920 2590//3920 1107//3920
f 1085//3921 2592//3921 2590//3921
f 1085//3922 2594//3922 2592//3922
f 1085//3923 2596//3923 2594//3923
f 1085//3924 2598//3924 2596//3924
f 1085//3925 2600//3925 2598//3925
f 1085//3926 2602//3926 2600//3926
f 1085//3927 2604//3927 2602//3927
f 1085//3928 2606//3928 2604//3928
f 1085//3929 2608//3929 2606//3929
f 1085//3930 2610//3930 2608//3930
f 1085//3931 2612//3931 2610//3931
f 1085//3932 2613//3932 2612//3932
f 1085//3933 2614//3933 2613//3933
f 1085//3934 2615//3934 2614//3934
f 1085//3935 2616//3935 2615//3935
f 1085//3936 2617//3936 2616//3936
f 1085//3937 2618//3937 2617//3937
f 1085//3938 2619//3938 2618//3938
f 1085//3939 2620//3939 2619//3939
f 1085//3940 2621//3940 2620//3940
f 1085//3941 2622//3941 2621//3941
f 1085//3942 2623//3942 2622//3942
f 1102//3943 1107//3943 2532//3943
f 1085//3944 1080//3944 2630//3944
f 1085//3945 2630//3945 2629//3945
f 1085//3946 2629//3946 2628//3946
f 1085//3947 2628//3947 2627//3947
f 1085//3948 2627//3948 2626//3948
f 1085//3949 2626//3949 2625//3949
f 1085//3950 2625//3950 2624//3950
f 1085//3951 2624//3951 2623//3951
f 1085//3952 2631//3952 2632//3952
f 2632//3953 2633//3953 1085//3953
f 1085//3954 2634//3954 2631//3954
f 2633//3955 2635//3955 1085//3955
f 1085//3956 2636//3956 2634//3956
f 2635//3957 2637//3957 1085//3957
f 1085//3958 2638//3958 2636//3958
f 2637//3959 2639//3959 1085//3959
f 1085//3960 2640//3960 2638//3960
f 2639//3961 2641//3961 1085//3961
f 1085//3962 2642//3962 2640//3962
f 2641//3963 2643//3963 1085//3963
f 1085//3964 2644//3964 2642//3964
f 2643//3965 2645//3965 1085//3965
f 1085//3966 2646//3966 2644//3966
f 2645//3967 2647//3967 1085//3967
f 1085//3968 2648//3968 2646//3968
f 2647//3969 2649//3969 1085//3969
f 1085//3970 2650//3970 2648//3970
f 2649//3971 2651//3971 1085//3971
f 1085//3972 2652//3972 2650//3972
f 2651//3973 2653//3973 1085//3973
f 1085//3974 2654//3974 2652//3974
f 2653//3975 2655//3975 1085//3975
f 1085//3976 2656//3976 2654//3976
f 2655//3977 2657//3977 1085//3977
f 1085//3978 2658//3978 2656//3978
f 2657//3979 2659//3979 1085//3979
f 2659//3980 2660//3980 1085//3980
f 1085//3981 2661//3981 1086//3981
f 2660//3982 2661//3982 1085//3982
f 2661//3983 2662//3983 1086//3983
f 2662//3984 2663//3984 1086//3984
f 2663//3985 2664//3985 1086//3985
f 2664//3986 2665//3986 1086//3986
f 2665//3987 2666//3987 1086//3987
f 2666//3988 2667//3988 1086//3988
f 2667//3989 2668//3989 1086//3989
f 2668//3990 2669//3990 1086//3990
f 2669//3991 2670//3991 1086//3991
f 2670//3992 2671//3992 1086//3992
f 2671//3993 2672//3993 1086//3993
f 2672//3994 2673//3994 1086//3994
f 2673//3995 2674//3995 1086//3995
f 2674//3996 2675//3996 1086//3996
f 2675//3997 2676//3997 1086//3997
f 2676//3998 2677//3998 1086//3998
f 2677//3999 2678//3999 1086//3999
f 2678//4000 2679//4000 1086//4000
f 2679//4001 2680//4001 1086//4001
f 2680//4002 2681//4002 1086//4002
f 2681//4003 2682//4003 1086//4003
f 2682//4004 2683//4004 1086//4004
f 2683//4005 2684//4005 1086//4005
f 2684//4006 2685//4006 1086//4006
f 2685//4007 2686//4007 1086//4007
f 2686//4008 2687//4008 1086//4008
f 2687//4009 2688//4009 1086//4009
f 2688//4010 2689//4010 1086//4010
f 2689//4011 2690//4011 1086//4011
f 2691//4012 2692//4012 2693//4012
f 2691//4013 2694//4013 2692//4013
f 2695//4014 2694//4014 2691//4014
f 2693//4015 2696//4015 2697//4015
f 2697//4016 2696//4016 2698//4016
f 2692//4017 2696//4017 2693//4017
f 2699//4018 2700//4018 2695//4018
f 2695//4019 2700//4019 2694//4019
f 2696//4020 2701//4020 2698//4020
f 2698//4021 2701//4021 2702//4021
f 2703//4022 2704//4022 2699//4022
f 2699//4023 2704//4023 2700//4023
f 2701//4024 2705//4024 2702//4024
f 2702//4025 2705//4025 2706//4025
f 2707//4026 2708//4026 2703//4026
f 2703//4027 2708//4027 2704//4027
f 2705//4028 2709//4028 2706//4028
f 2706//4029 2709//4029 2710//4029
f 2707//4030 2711//4030 2708//4030
f 2712//4031 2711//4031 2707//4031
f 2710//4032 2713//4032 2714//4032
f 2709//4033 2713//4033 2710//4033
f 2712//4034 2715//4034 2711//4034
f 2716//4035 2715//4035 2712//4035
f 2713//4036 2717//4036 2714//4036
f 2714//4037 2717//4037 2718//4037
f 2716//4038 2719//4038 2715//4038
f 2720//4039 2719//4039 2721//4039
f 2721//4040 2719//4040 2716//4040
f 2717//4041 2722//4041 2718//4041
f 2718//4042 2722//4042 2723//4042
f 2723//4043 2722//4043 2724//4043
f 2720//4044 2725//4044 2719//4044
f 2726//4045 2725//4045 2720//4045
f 2722//4046 2727//4046 2724//4046
f 2724//4047 2727//4047 2728//4047
f 2726//4048 2729//4048 2725//4048
f 2730//4049 2729//4049 2726//4049
f 2727//4050 2731//4050 2728//4050
f 2728//4051 2731//4051 2732//4051
f 2730//4052 2733//4052 2729//4052
f 2734//4053 2733//4053 2730//4053
f 2731//4054 2735//4054 2732//4054
f 2732//4055 2735//4055 2736//4055
f 2734//4056 2737//4056 2733//4056
f 2738//4057 2737//4057 2734//4057
f 2735//4058 2739//4058 2736//4058
f 2736//4059 2739//4059 2740//4059
f 2740//4060 2739//4060 2741//4060
f 2738//4061 2742//4061 2737//4061
f 2739//4062 2743//4062 2741//4062
f 2741//4063 2743//4063 2744//4063
f 2743//4064 2745//4064 2744//4064
f 2744//4065 2745//4065 2746//4065
f 2745//4066 2747//4066 2746//4066
f 2746//4067 2747//4067 2748//4067
f 2747//4068 2749//4068 2748//4068
f 2748//4069 2749//4069 2750//4069
f 2749//4070 2751//4070 2750//4070
f 2750//4071 2751//4071 2752//4071
f 2752//4072 2751//4072 2753//4072
f 2753//4073 2754//4073 2755//4073
f 2751//4074 2754//4074 2753//4074
f 2755//4075 2756//4075 2757//4075
f 2754//4076 2756//4076 2755//4076
f 2757//4077 2758//4077 2759//4077
f 2756//4078 2758//4078 2757//4078
f 2759//4079 2760//4079 2761//4079
f 2761//4080 2760//4080 2762//4080
f 2758//4081 2760//4081 2759//4081
f 2762//4082 2763//4082 2764//4082
f 2760//4083 2763//4083 2762//4083
f 2764//4084 2765//4084 2766//4084
f 2763//4085 2765//4085 2764//4085
f 2766//4086 2767//4086 2768//4086
f 2765//4087 2767//4087 2766//4087
f 2768//4088 2769//4088 2770//4088
f 2770//4089 2769//4089 2771//4089
f 2767//4090 2769//4090 2768//4090
f 2771//4091 2772//4091 2773//4091
f 2769//4092 2772//4092 2771//4092
f 2773//4093 2774//4093 2775//4093
f 2772//4094 2774//4094 2773//4094
f 2775//4095 2776//4095 2777//4095
f 2774//4096 2776//4096 2775//4096
f 2777//4097 2778//4097 2779//4097
f 2776//4098 2778//4098 2777//4098
f 2779//4099 2780//4099 2781//4099
f 2778//4100 2780//4100 2779//4100
f 2781//4101 2782//4101 2783//4101
f 2783//4102 2782//4102 2784//4102
f 2780//4103 2782//4103 2781//4103
f 2784//4104 2785//4104 2786//4104
f 2782//4105 2785//4105 2784//4105
f 2785//4106 2787//4106 2786//4106
f 2786//4107 2787//4107 2788//4107
f 2787//4108 2789//4108 2788//4108
f 2788//4109 2789//4109 2790//4109
f 2789//4110 2791//4110 2790//4110
f 2790//4111 2791//4111 2792//4111
f 2792//4112 2793//4112 2794//4112
f 2791//4113 2793//4113 2792//4113
f 2793//4114 2795//4114 2794//4114
f 2794//4115 2795//4115 2796//4115
f 2796//4116 2797//4116 2798//4116
f 2795//4117 2797//4117 2796//4117
f 2797//4118 2799//4118 2798//4118
f 2798//4119 2799//4119 2800//4119
f 2800//4120 2799//4120 2801//4120
f 2799//4121 2802//4121 2801//4121
f 2801//4122 2802//4122 2803//4122
f 2803//4123 2804//4123 2805//4123
f 2802//4124 2804//4124 2803//4124
f 2805//4125 2806//4125 2807//4125
f 2804//4126 2806//4126 2805//4126
f 2807//4127 2808//4127 2809//4127
f 2806//4128 2808//4128 2807//4128
f 2808//4129 2810//4129 2809//4129
f 2811//4130 2812//4130 2813//4130
f 2813//4131 2812//4131 2814//4131
f 2815//4132 2816//4132 2817//4132
f 2813//4133 2816//4133 2815//4133
f 2814//4134 2816//4134 2813//4134
f 2811//4135 2818//4135 2812//4135
f 2819//4136 2818//4136 2811//4136
f 2816//4137 2820//4137 2817//4137
f 2819//4138 2821//4138 2818//4138
f 2822//4139 2821//4139 2819//4139
f 2820//4140 2823//4140 2817//4140
f 2824//4141 2823//4141 2825//4141
f 2817//4142 2823//4142 2824//4142
f 2822//4143 2826//4143 2821//4143
f 2827//4144 2826//4144 2822//4144
f 2823//4145 2828//4145 2825//4145
f 2827//4146 2829//4146 2826//4146
f 2830//4147 2829//4147 2827//4147
f 2831//4148 2829//4148 2830//4148
f 2828//4149 2832//4149 2825//4149
f 2833//4150 2832//4150 2834//4150
f 2825//4151 2832//4151 2833//4151
f 2831//4152 2835//4152 2829//4152
f 2832//4153 2836//4153 2834//4153
f 2831//4154 2837//4154 2835//4154
f 2838//4155 2837//4155 2831//4155
f 2839//4156 2837//4156 2838//4156
f 2836//4157 2840//4157 2834//4157
f 2834//4158 2840//4158 2841//4158
f 2839//4159 2842//4159 2837//4159
f 2840//4160 2843//4160 2841//4160
f 2841//4161 2843//4161 2844//4161
f 2839//4162 2845//4162 2842//4162
f 2846//4163 2845//4163 2839//4163
f 2847//4164 2845//4164 2846//4164
f 2848//4165 2849//4165 2850//4165
f 2844//4166 2849//4166 2848//4166
f 2843//4167 2849//4167 2844//4167
f 2847//4168 2851//4168 2845//4168
f 2849//4169 2852//4169 2850//4169
f 2847//4170 2853//4170 2851//4170
f 2854//4171 2853//4171 2847//4171
f 2855//4172 2856//4172 2857//4172
f 2850//4173 2856//4173 2855//4173
f 2852//4174 2856//4174 2850//4174
f 2854//4175 2858//4175 2853//4175
f 2859//4176 2858//4176 2854//4176
f 2860//4177 2858//4177 2859//4177
f 2856//4178 2861//4178 2857//4178
f 2860//4179 2862//4179 2858//4179
f 2861//4180 2863//4180 2857//4180
f 2857//4181 2863//4181 2864//4181
f 2860//4182 2865//4182 2862//4182
f 2866//4183 2865//4183 2860//4183
f 2864//4184 2867//4184 2868//4184
f 2863//4185 2867//4185 2864//4185
f 2869//4186 2870//4186 2871//4186
f 2868//4187 2870//4187 2869//4187
f 2867//4188 2870//4188 2868//4188
f 2870//4189 2872//4189 2871//4189
f 2872//4190 2873//4190 2871//4190
f 2871//4191 2873//4191 2874//4191
f 2873//4192 2875//4192 2874//4192
f 2876//4193 2875//4193 2877//4193
f 2874//4194 2875//4194 2876//4194
f 2875//4195 2878//4195 2877//4195
f 2878//4196 2879//4196 2877//4196
f 2877//4197 2879//4197 2880//4197
f 2879//4198 2881//4198 2880//4198
f 2880//4199 2881//4199 2882//4199
f 2881//4200 2883//4200 2882//4200
f 2882//4201 2883//4201 2884//4201
f 2883//4202 2885//4202 2884//4202
f 2884//4203 2885//4203 2886//4203
f 2885//4204 2887//4204 2886//4204
f 2886//4205 2887//4205 2888//4205
f 2887//4206 2889//4206 2888//4206
f 2890//4207 2889//4207 2891//4207
f 2888//4208 2889//4208 2890//4208
f 2889//4209 2892//4209 2891//4209
f 2891//4210 2892//4210 2893//4210
f 2892//4211 2894//4211 2893//4211
f 2894//4212 2895//4212 2893//4212
f 2893//4213 2895//4213 2896//4213
f 2896//4214 2897//4214 2898//4214
f 2895//4215 2897//4215 2896//4215
f 2898//4216 2899//4216 2900//4216
f 2897//4217 2899//4217 2898//4217
f 2901//4218 2902//4218 2903//4218
f 2900//4219 2902//4219 2901//4219
f 2899//4220 2902//4220 2900//4220
f 2902//4221 2904//4221 2903//4221
f 2903//4222 2904//4222 2905//4222
f 2905//4223 2906//4223 2907//4223
f 2904//4224 2906//4224 2905//4224
f 2906//4225 2908//4225 2907//4225
f 2908//4226 2909//4226 2907//4226
f 2910//4227 2909//4227 2911//4227
f 2907//4228 2909//4228 2910//4228
f 2911//4229 2912//4229 2913//4229
f 2909//4230 2912//4230 2911//4230
f 2913//4231 2914//4231 2915//4231
f 2912//4232 2914//4232 2913//4232
f 2914//4233 2916//4233 2915//4233
f 2917//4234 2918//4234 2919//4234
f 2915//4235 2918//4235 2917//4235
f 2916//4236 2918//4236 2915//4236
f 2918//4237 2920//4237 2919//4237
f 2919//4238 2920//4238 2921//4238
f 2920//4239 2922//4239 2921//4239
f 2921//4240 2923//4240 2924//4240
f 2922//4241 2923//4241 2921//4241
f 2925//4242 2926//4242 2927//4242
f 2924//4243 2926//4243 2925//4243
f 2923//4244 2926//4244 2924//4244
f 2926//4245 2928//4245 2927//4245
f 2927//4246 2928//4246 2929//4246
f 2928//4247 2930//4247 2929//4247
f 2931//4248 2932//4248 2933//4248
f 2934//4249 2932//4249 2931//4249
f 2935//4250 2936//4250 2934//4250
f 2934//4251 2936//4251 2932//4251
f 2932//4252 2937//4252 2933//4252
f 2933//4253 2937//4253 2938//4253
f 2935//4254 2939//4254 2936//4254
f 2937//4255 2940//4255 2938//4255
f 2941//4256 2942//4256 2935//4256
f 2935//4257 2942//4257 2939//4257
f 2940//4258 2943//4258 2938//4258
f 2944//4259 2943//4259 2945//4259
f 2938//4260 2943//4260 2944//4260
f 2946//4261 2947//4261 2941//4261
f 2941//4262 2947//4262 2942//4262
f 2943//4263 2948//4263 2945//4263
f 2949//4264 2950//4264 2946//4264
f 2946//4265 2950//4265 2947//4265
f 2948//4266 2951//4266 2945//4266
f 2952//4267 2951//4267 2953//4267
f 2945//4268 2951//4268 2952//4268
f 2954//4269 2955//4269 2949//4269
f 2949//4270 2955//4270 2950//4270
f 2951//4271 2956//4271 2953//4271
f 2957//4272 2958//4272 2954//4272
f 2959//4273 2958//4273 2957//4273
f 2954//4274 2958//4274 2955//4274
f 2956//4275 2960//4275 2953//4275
f 2953//4276 2960//4276 2961//4276
f 2959//4277 2962//4277 2958//4277
f 2960//4278 2963//4278 2961//4278
f 2961//4279 2963//4279 2964//4279
f 2965//4280 2966//4280 2959//4280
f 2967//4281 2966//4281 2965//4281
f 2959//4282 2966//4282 2962//4282
f 2963//4283 2968//4283 2964//4283
f 2964//4284 2968//4284 2969//4284
f 2967//4285 2970//4285 2966//4285
f 2968//4286 2971//4286 2969//4286
f 2969//4287 2971//4287 2972//4287
f 2973//4288 2974//4288 2967//4288
f 2967//4289 2974//4289 2970//4289
f 2971//4290 2975//4290 2972//4290
f 2972//4291 2975//4291 2976//4291
f 2977//4292 2978//4292 2973//4292
f 2973//4293 2978//4293 2974//4293
f 2975//4294 2979//4294 2976//4294
f 2976//4295 2979//4295 2980//4295
f 2981//4296 2982//4296 2977//4296
f 2977//4297 2982//4297 2978//4297
f 2979//4298 2983//4298 2980//4298
f 2980//4299 2983//4299 2984//4299
f 2985//4300 2986//4300 2981//4300
f 2981//4301 2986//4301 2982//4301
f 2983//4302 2987//4302 2984//4302
f 2988//4303 2987//4303 2989//4303
f 2984//4304 2987//4304 2988//4304
f 2987//4305 2990//4305 2989//4305
f 2989//4306 2990//4306 2991//4306
f 2990//4307 2992//4307 2991//4307
f 2992//4308 2993//4308 2991//4308
f 2991//4309 2993//4309 2994//4309
f 2993//4310 2995//4310 2994//4310
f 2996//4311 2995//4311 2997//4311
f 2994//4312 2995//4312 2996//4312
f 2995//4313 2998//4313 2997//4313
f 2998//4314 2999//4314 2997//4314
f 2997//4315 2999//4315 3000//4315
f 2999//4316 3001//4316 3000//4316
f 3002//4317 3001//4317 3003//4317
f 3000//4318 3001//4318 3002//4318
f 3001//4319 3004//4319 3003//4319
f 3004//4320 3005//4320 3003//4320
f 3003//4321 3005//4321 3006//4321
f 3006//4322 3007//4322 3008//4322
f 3005//4323 3007//4323 3006//4323
f 3009//4324 3010//4324 3011//4324
f 3008//4325 3010//4325 3009//4325
f 3007//4326 3010//4326 3008//4326
f 3010//4327 3012//4327 3011//4327
f 3012//4328 3013//4328 3011//4328
f 3014//4329 3013//4329 3015//4329
f 3011//4330 3013//4330 3014//4330
f 3013//4331 3016//4331 3015//4331
f 3016//4332 3017//4332 3015//4332
f 3015//4333 3017//4333 3018//4333
f 3017//4334 3019//4334 3018//4334
f 3020//4335 3019//4335 3021//4335
f 3018//4336 3019//4336 3020//4336
f 3019//4337 3022//4337 3021//4337
f 3022//4338 3023//4338 3021//4338
f 3024//4339 3023//4339 3025//4339
f 3021//4340 3023//4340 3024//4340
f 3023//4341 3026//4341 3025//4341
f 3026//4342 3027//4342 3025//4342
f 3025//4343 3027//4343 3028//4343
f 3027//4344 3029//4344 3028//4344
f 3030//4345 3029//4345 3031//4345
f 3028//4346 3029//4346 3030//4346
f 3029//4347 3032//4347 3031//4347
f 3031//4348 3032//4348 3033//4348
f 3032//4349 3034//4349 3033//4349
f 3033//4350 3034//4350 3035//4350
f 3034//4351 3036//4351 3035//4351
f 3036//4352 3037//4352 3035//4352
f 3038//4353 3037//4353 3039//4353
f 3035//4354 3037//4354 3038//4354
f 3037//4355 3040//4355 3039//4355
f 3039//4356 3040//4356 3041//4356
f 3040//4357 3042//4357 3041//4357
f 3042//4358 3043//4358 3041//4358
f 3041//4359 3043//4359 3044//4359
f 3043//4360 3045//4360 3044//4360
f 3046//4361 3045//4361 3047//4361
f 3044//4362 3045//4362 3046//4362
f 3047//4363 3048//4363 3049//4363
f 3045//4364 3048//4364 3047//4364
f 3048//4365 3050//4365 3049//4365
f 3051//4366 3052//4366 3053//4366
f 3051//4367 3054//4367 3052//4367
f 3055//4368 3054//4368 3051//4368
f 3052//4369 3056//4369 3053//4369
f 3053//4370 3056//4370 3057//4370
f 3055//4371 3058//4371 3054//4371
f 3057//4372 3059//4372 3060//4372
f 3056//4373 3059//4373 3057//4373
f 3061//4374 3062//4374 3055//4374
f 3055//4375 3062//4375 3058//4375
f 3060//4376 3063//4376 3064//4376
f 3059//4377 3063//4377 3060//4377
f 3065//4378 3066//4378 3061//4378
f 3061//4379 3066//4379 3062//4379
f 3064//4380 3067//4380 3068//4380
f 3063//4381 3067//4381 3064//4381
f 3069//4382 3070//4382 3065//4382
f 3065//4383 3070//4383 3066//4383
f 3067//4384 3071//4384 3068//4384
f 3069//4385 3072//4385 3070//4385
f 3073//4386 3072//4386 3069//4386
f 3071//4387 3074//4387 3068//4387
f 3068//4388 3074//4388 3075//4388
f 3076//4389 3077//4389 3073//4389
f 3073//4390 3077//4390 3072//4390
f 3075//4391 3078//4391 3079//4391
f 3074//4392 3078//4392 3075//4392
f 3076//4393 3080//4393 3077//4393
f 3081//4394 3080//4394 3076//4394
f 3079//4395 3082//4395 3083//4395
f 3078//4396 3082//4396 3079//4396
f 3084//4397 3085//4397 3081//4397
f 3081//4398 3085//4398 3080//4398
f 3083//4399 3086//4399 3087//4399
f 3082//4400 3086//4400 3083//4400
f 3088//4401 3089//4401 3084//4401
f 3084//4402 3089//4402 3085//4402
f 3086//4403 3090//4403 3087//4403
f 3088//4404 3091//4404 3089//4404
f 3087//4405 3092//4405 3093//4405
f 3090//4406 3092//4406 3087//4406
f 3094//4407 3095//4407 3088//4407
f 3088//4408 3095//4408 3091//4408
f 3093//4409 3096//4409 3097//4409
f 3092//4410 3096//4410 3093//4410
f 3094//4411 3098//4411 3095//4411
f 3099//4412 3098//4412 3094//4412
f 3097//4413 3100//4413 3101//4413
f 3096//4414 3100//4414 3097//4414
f 3099//4415 3102//4415 3098//4415
f 3103//4416 3102//4416 3099//4416
f 3101//4417 3104//4417 3105//4417
f 3100//4418 3104//4418 3101//4418
f 3106//4419 3107//4419 3103//4419
f 3103//4420 3107//4420 3102//4420
f 3105//4421 3108//4421 3109//4421
f 3104//4422 3108//4422 3105//4422
f 3106//4423 3110//4423 3107//4423
f 3111//4424 3110//4424 3106//4424
f 3108//4425 3112//4425 3109//4425
f 3111//4426 3113//4426 3110//4426
f 3109//4427 3114//4427 3115//4427
f 3112//4428 3114//4428 3109//4428
f 3115//4429 3116//4429 3117//4429
f 3114//4430 3116//4430 3115//4430
f 3116//4431 3118//4431 3117//4431
f 3117//4432 3118//4432 3119//4432
f 3119//4433 3120//4433 3121//4433
f 3118//4434 3120//4434 3119//4434
f 3120//4435 3122//4435 3121//4435
f 3121//4436 3123//4436 3124//4436
f 3122//4437 3123//4437 3121//4437
f 3124//4438 3125//4438 3126//4438
f 3123//4439 3125//4439 3124//4439
f 3126//4440 3127//4440 3128//4440
f 3125//4441 3127//4441 3126//4441
f 3128//4442 3129//4442 3130//4442
f 3127//4443 3129//4443 3128//4443
f 3129//4444 3131//4444 3130//4444
f 3130//4445 3132//4445 3133//4445
f 3131//4446 3132//4446 3130//4446
f 3133//4447 3134//4447 3135//4447
f 3132//4448 3134//4448 3133//4448
f 3134//4449 3136//4449 3135//4449
f 3135//4450 3136//4450 3137//4450
f 3136//4451 3138//4451 3137//4451
f 3137//4452 3138//4452 3139//4452
f 3138//4453 3140//4453 3139//4453
f 3139//4454 3140//4454 3141//4454
f 3140//4455 3142//4455 3141//4455
f 3141//4456 3142//4456 3143//4456
f 3142//4457 3144//4457 3143//4457
f 3144//4458 3145//4458 3143//4458
f 3143//4459 3145//4459 3146//4459
f 3145//4460 3147//4460 3146//4460
f 3146//4461 3147//4461 3148//4461
f 3147//4462 3149//4462 3148//4462
f 3148//4463 3149//4463 3150//4463
f 3149//4464 3151//4464 3150//4464
f 3150//4465 3151//4465 3152//4465
f 3151//4466 3153//4466 3152//4466
f 3152//4467 3153//4467 3154//4467
f 3153//4468 3155//4468 3154//4468
f 3154//4469 3155//4469 3156//4469
f 3156//4470 3157//4470 3158//4470
f 3155//4471 3157//4471 3156//4471
f 3158//4472 3159//4472 3160//4472
f 3157//4473 3159//4473 3158//4473
f 3159//4474 3161//4474 3160//4474
f 3161//4475 3162//4475 3160//4475
f 3160//4476 3162//4476 3163//4476
f 3162//4477 3164//4477 3163//4477
f 3163//4478 3164//4478 3165//4478
f 3164//4479 3166//4479 3165//4479
f 3165//4480 3166//4480 3167//4480
f 3166//4481 3168//4481 3167//4481
f 3167//4482 3168//4482 3169//4482
f 3168//4483 3170//4483 3169//4483
f 3169//4484 3170//4484 3171//4484
f 3170//4485 3172//4485 3171//4485
f 3173//4486 1107//4486 3111//4486
f 3113//4487 1107//4487 3174//4487
f 3174//4488 1107//4488 3175//4488
f 3175//4489 1107//4489 3176//4489
f 3111//4490 1107//4490 3113//4490
f 3176//4491 1107//4491 3177//4491
f 3177//4492 1107//4492 3178//4492
f 3178//4493 1107//4493 3179//4493
f 3179//4494 1107//4494 3180//4494
f 3180//4495 1107//4495 3181//4495
f 3181//4496 1107//4496 3182//4496
f 3182//4497 1107//4497 3183//4497
f 3183//4498 1107//4498 3184//4498
f 3184//4499 1107//4499 3185//4499
f 3185//4500 1107//4500 3186//4500
f 3186//4501 1107//4501 3187//4501
f 3187//4502 1107//4502 3188//4502
f 3188//4503 1107//4503 3189//4503
f 3189//4504 1107//4504 3190//4504
f 3190//4505 1107//4505 3191//4505
f 3191//4506 1107//4506 3192//4506
f 3192//4507 1107//4507 3193//4507
f 3193//4508 1107//4508 3194//4508
f 3194//4509 1107//4509 3195//4509
f 3195//4510 1107//4510 3196//4510
f 3196//4511 1107//4511 3197//4511
f 3197//4512 1107//4512 3198//4512
f 3198//4513 1107//4513 3199//4513
f 3199//4514 1107//4514 3200//4514
f 3200//4515 1107//4515 3201//4515
f 3201//4516 1107//4516 3202//4516
f 3202//4517 1107//4517 3203//4517
f 3204//4518 1087//4518 3205//4518
f 3205//4519 1087//4519 3206//4519
f 3206//4520 1087//4520 3207//4520
f 3207//4521 1087//4521 3208//4521
f 3208//4522 1087//4522 3209//4522
f 3209//4523 1087//4523 3210//4523
f 3210//4524 1087//4524 3211//4524
f 3211//4525 1087//4525 3212//4525
f 3212//4526 1087//4526 3213//4526
f 3213//4527 1087//4527 3214//4527
f 3214//4528 1087//4528 3215//4528
f 3215//4529 1087//4529 3216//4529
f 3216//4530 1087//4530 3217//4530
f 3217//4531 1087//4531 3218//4531
f 3218//4532 1087//4532 3219//4532
f 3219//4533 1087//4533 3220//4533
f 3220//4534 1087//4534 3221//4534
f 3221//4535 1087//4535 3222//4535
f 3222//4536 1087//4536 3223//4536
f 3223//4537 1087//4537 3224//4537
f 3224//4538 1087//4538 3225//4538
f 3225//4539 1087//4539 3226//4539
f 3172//4540 1087//4540 3171//4540
f 3226//4541 1087//4541 3227//4541
f 3227//4542 1087//4542 3228//4542
f 3228//4543 1087//4543 3229//4543
f 3229//4544 1087//4544 3230//4544
f 3230//4545 1087//4545 3231//4545
f 3231//4546 1087//4546 3172//4546
f 3171//4547 1087//4547 3232//4547
f 1107//4548 1087//4548 3203//4548
f 3203//4549 1087//4549 3233//4549
f 3233//4550 1087//4550 3234//4550
f 3234//4551 1087//4551 3204//4551
f 1087//4552 1086//4552 3235//4552
f 1087//4553 3235//4553 3236//4553
f 1087//4554 3236//4554 3237//4554
f 1087//4555 3237//4555 3232//4555
f 3235//4556 1086//4556 3238//4556
f 3238//4557 1086//4557 3050//4557
f 3050//4558 1086//4558 3239//4558
f 3050//4559 3239//4559 3240//4559
f 3050//4560 3240//4560 3049//4560
f 3239//4561 1086//4561 3241//4561
f 3241//4562 1086//4562 2930//4562
f 2930//4563 1086//4563 3242//4563
f 2930//4564 3242//4564 3243//4564
f 2930//4565 3243//4565 2929//4565
f 3242//4566 1086//4566 3244//4566
f 3244//4567 1086//4567 3245//4567
f 3245//4568 1086//4568 3246//4568
f 3246//4569 1086//4569 2810//4569
f 2810//4570 1086//4570 2809//4570
f 2809//4571 1086//4571 3247//4571
f 3247//4572 1086//4572 2690//4572
f 1085//4573 1107//4573 3248//4573
f 1085//4574 3248//4574 3249//4574
f 1085//4575 3249//4575 2986//4575
f 1085//4576 2986//4576 3250//4576
f 1085//4577 3250//4577 3251//4577
f 1085//4578 3251//4578 2865//4578
f 1085//4579 2865//4579 3252//4579
f 1085//4580 3252//4580 3253//4580
f 1085//4581 3253//4581 3254//4581
f 1085//4582 3254//4582 3255//4582
f 1085//4583 3255//4583 2742//4583
f 1085//4584 2742//4584 2738//4584
f 1085//4585 2738//4585 3256//4585
f 1085//4586 3256//4586 2658//4586
f 3248//4587 1107//4587 3257//4587
f 3257//4588 1107//4588 3258//4588
f 3258//4589 1107//4589 3173//4589
f 3250//4590 2986//4590 3259//4590
f 3259//4591 2986//4591 2985//4591
f 3252//4592 2865//4592 3260//4592
f 3260//4593 2865//4593 2866//4593
f 1077//4594 1088//4594 1092//4594
f 1079//4595 1077//4595 1092//4595
f 1092//4596 1095//4596 1084//4596
f 1092//4597 1084//4597 1079//4597
f 3261//4598 1095//4598 3262//4598
f 3263//4599 3262//4599 1095//4599
f 3264//4600 1095//4600 3261//4600
f 3265//4601 3263//4601 1095//4601
f 3266//4602 1095//4602 3264//4602
f 3267//4603 3265//4603 1095//4603
f 3268//4604 1095//4604 3266//4604
f 3269//4605 3267//4605 1095//4605
f 3270//4606 1095//4606 3268//4606
f 3271//4607 3269//4607 1095//4607
f 3272//4608 1095//4608 3270//4608
f 3273//4609 3271//4609 1095//4609
f 3274//4610 1095//4610 3272//4610
f 3275//4611 3273//4611 1095//4611
f 3276//4612 1095//4612 3274//4612
f 3277//4613 3275//4613 1095//4613
f 3278//4614 1095//4614 3276//4614
f 3279//4615 3277//4615 1095//4615
f 3280//4616 1095//4616 3278//4616
f 3281//4617 3279//4617 1095//4617
f 3282//4618 1095//4618 3280//4618
f 3283//4619 3281//4619 1095//4619
f 3284//4620 1095//4620 3282//4620
f 3285//4621 3283//4621 1095//4621
f 3286//4622 1095//4622 3284//4622
f 3287//4623 3285//4623 1095//4623
f 3288//4624 1095//4624 3286//4624
f 3289//4625 3287//4625 1095//4625
f 3290//4626 1095//4626 3288//4626
f 3291//4627 3289//4627 1095//4627
f 3292//4628 1095//4628 3290//4628
f 3293//4629 3291//4629 1095//4629
f 3294//4630 1095//4630 3292//4630
f 3295//4631 3293//4631 1095//4631
f 3296//4632 1095//4632 3294//4632
f 3297//4633 3295//4633 1095//4633
f 3298//4634 1095//4634 3296//4634
f 3299//4635 3297//4635 1095//4635
f 3300//4636 1095//4636 3298//4636
f 3301//4637 3299//4637 1095//4637
f 3302//4638 1095//4638 3300//4638
f 3303//4639 3304//4639 3305//4639
f 3303//4640 3306//4640 3304//4640
f 3303//4641 3307//4641 3306//4641
f 3303//4642 3308//4642 3307//4642
f 3303//4643 3309//4643 3308//4643
f 3303//4644 3310//4644 3309//4644
f 3303//4645 3311//4645 3310//4645
f 3303//4646 3312//4646 3311//4646
f 3303//4647 3313//4647 3312//4647
f 3303//4648 3314//4648 3313//4648
f 3303//4649 3315//4649 3314//4649
f 3303//4650 3316//4650 3315//4650
f 3303//4651 3317//4651 3316//4651
f 3303//4652 3318//4652 3317//4652
f 3303//4653 3319//4653 3318//4653
f 3303//4654 3320//4654 3319//4654
f 3303//4655 3321//4655 3320//4655
f 3303//4656 3322//4656 3321//4656
f 3303//4657 3323//4657 3322//4657
f 3303//4658 3302//4658 3323//4658
f 3303//4659 1095//4659 3302//4659
f 3324//4660 3325//4660 3326//4660
f 3324//4661 3327//4661 3325//4661
f 3324//4662 3328//4662 3327//4662
f 3324//4663 3329//4663 3328//4663
f 3324//4664 3330//4664 3329//4664
f 3324//4665 3305//4665 3330//4665
f 3324//4666 3331//4666 3332//4666
f 3324//4667 3333//4667 3331//4667
f 3324//4668 3334//4668 3333//4668
f 3324//4669 3303//4669 3305//4669
f 3324//4670 3335//4670 3334//4670
f 3324//4671 3336//4671 3335//4671
f 3324//4672 3326//4672 3336//4672
f 3337//4673 3338//4673 3339//4673
f 3337//4674 3340//4674 3338//4674
f 3337//4675 3341//4675 3340//4675
f 3337//4676 3342//4676 3341//4676
f 3343//4677 3337//4677 3339//4677
f 3343//4678 3344//4678 3345//4678
f 3343//4679 3346//4679 3344//4679
f 3343//4680 3339//4680 3346//4680
f 3347//4681 3342//4681 3337//4681
f 3347//4682 3348//4682 3342//4682
f 3347//4683 3349//4683 3348//4683
f 3347//4684 3350//4684 3349//4684
f 3351//4685 3343//4685 3345//4685
f 3351//4686 3352//4686 3353//4686
f 3351//4687 3354//4687 3352//4687
f 3351//4688 3345//4688 3354//4688
f 3355//4689 3356//4689 3357//4689
f 3358//4690 3359//4690 3360//4690
f 3358//4691 3360//4691 3361//4691
f 3358//4692 3361//4692 3337//4692
f 3362//4693 3356//4693 3355//4693
f 3362//4694 3343//4694 3363//4694
f 3362//4695 3363//4695 3356//4695
f 3364//4696 3350//4696 3347//4696
f 3364//4697 3365//4697 3366//4697
f 3364//4698 3367//4698 3350//4698
f 3364//4699 3368//4699 3367//4699
f 3364//4700 3366//4700 3368//4700
f 3369//4701 3343//4701 3362//4701
f 3369//4702 3337//4702 3343//4702
f 3370//4703 3371//4703 3358//4703
f 3372//4704 3373//4704 3374//4704
f 3372//4705 3353//4705 3373//4705
f 3372//4706 3351//4706 3353//4706
f 3375//4707 3370//4707 3358//4707
f 3376//4708 3365//4708 3364//4708
f 3376//4709 3377//4709 3365//4709
f 3376//4710 3378//4710 3377//4710
f 3376//4711 3379//4711 3378//4711
f 3380//4712 3381//4712 3382//4712
f 3383//4713 3384//4713 3385//4713
f 3383//4714 3385//4714 3386//4714
f 3383//4715 3386//4715 3387//4715
f 3388//4716 3387//4716 3375//4716
f 3388//4717 3383//4717 3387//4717
f 3388//4718 3375//4718 3358//4718
f 3389//4719 3390//4719 3391//4719
f 3389//4720 3391//4720 3392//4720
f 3389//4721 3392//4721 3381//4721
f 3389//4722 3380//4722 3393//4722
f 3389//4723 3381//4723 3380//4723
f 3394//4724 3388//4724 3358//4724
f 3395//4725 3372//4725 3374//4725
f 3395//4726 3396//4726 3397//4726
f 3395//4727 3398//4727 3396//4727
f 3395//4728 3374//4728 3398//4728
f 3399//4729 3389//4729 3400//4729
f 3401//4730 3402//4730 3394//4730
f 3401//4731 3394//4731 3358//4731
f 3403//4732 3401//4732 3358//4732
f 3404//4733 3358//4733 3337//4733
f 3404//4734 3403//4734 3358//4734
f 3405//4735 3406//4735 3407//4735
f 3408//4736 3404//4736 3337//4736
f 3409//4737 3399//4737 3406//4737
f 3409//4738 3389//4738 3399//4738
f 3409//4739 3406//4739 3405//4739
f 3410//4740 3408//4740 3337//4740
f 3410//4741 3369//4741 3390//4741
f 3410//4742 3337//4742 3369//4742
f 3410//4743 3390//4743 3389//4743
f 3411//4744 3389//4744 3409//4744
f 3412//4745 3410//4745 3389//4745
f 3412//4746 3389//4746 3411//4746
f 3413//4747 3379//4747 3376//4747
f 3413//4748 3414//4748 3379//4748
f 3413//4749 3415//4749 3414//4749
f 3413//4750 3416//4750 3415//4750
f 3413//4751 3417//4751 3416//4751
f 3418//4752 3419//4752 3420//4752
f 3418//4753 3397//4753 3419//4753
f 3418//4754 3395//4754 3397//4754
f 3421//4755 3417//4755 3413//4755
f 3421//4756 3422//4756 3417//4756
f 3421//4757 3423//4757 3422//4757
f 3421//4758 3424//4758 3423//4758
f 3421//4759 3425//4759 3424//4759
f 3426//4760 3418//4760 3420//4760
f 3426//4761 3420//4761 3427//4761
f 3428//4762 3425//4762 3421//4762
f 3428//4763 3429//4763 3425//4763
f 3428//4764 3430//4764 3429//4764
f 3428//4765 3431//4765 3430//4765
f 3428//4766 3432//4766 3431//4766
f 3433//4767 3426//4767 3427//4767
f 3433//4768 3427//4768 3434//4768
f 3435//4769 3432//4769 3428//4769
f 3435//4770 3436//4770 3432//4770
f 3435//4771 3437//4771 3436//4771
f 3435//4772 3438//4772 3437//4772
f 3435//4773 3439//4773 3438//4773
f 1100//4774 3301//4774 1095//4774
f 1100//4775 3433//4775 3434//4775
f 1100//4776 3440//4776 3301//4776
f 1100//4777 3434//4777 3440//4777
f 1100//4778 3441//4778 3433//4778
f 3442//4779 3439//4779 3435//4779
f 3442//4780 3443//4780 3439//4780
f 3442//4781 3444//4781 3443//4781
f 3442//4782 3445//4782 3444//4782
f 3446//4783 3441//4783 1100//4783
f 3447//4784 3324//4784 3332//4784
f 3447//4785 3445//4785 3442//4785
f 3447//4786 3448//4786 3445//4786
f 3447//4787 3449//4787 3448//4787
f 3447//4788 3332//4788 3449//4788
f 3450//4789 3446//4789 1100//4789
f 3451//4790 3324//4790 3447//4790
f 3452//4791 1100//4791 3453//4791
f 3452//4792 3450//4792 1100//4792
f 3454//4793 3324//4793 3451//4793
f 3455//4794 3452//4794 3453//4794
f 3456//4795 3324//4795 3454//4795
f 3457//4796 3455//4796 3453//4796
f 3458//4797 3324//4797 3456//4797
f 3459//4798 3457//4798 3453//4798
f 3460//4799 3324//4799 3458//4799
f 3461//4800 3459//4800 3453//4800
f 3462//4801 3461//4801 3453//4801
f 3463//4802 3462//4802 3453//4802
f 3464//4803 3463//4803 3453//4803
f 3465//4804 3464//4804 3453//4804
f 3466//4805 3465//4805 3453//4805
f 3467//4806 3324//4806 3460//4806
f 3467//4807 3468//4807 3324//4807
f 3469//4808 3453//4808 3470//4808
f 3469//4809 3466//4809 3453//4809
f 3471//4810 3472//4810 3469//4810
f 3473//4811 3467//4811 3474//4811
f 3473//4812 3474//4812 3475//4812
f 3476//4813 3471//4813 3469//4813
f 3476//4814 3477//4814 3471//4814
f 3478//4815 3467//4815 3473//4815
f 3478//4816 3473//4816 3479//4816
f 3478//4817 3479//4817 3480//4817
f 3481//4818 3482//4818 3483//4818
f 3481//4819 3483//4819 3476//4819
f 3484//4820 3481//4820 3476//4820
f 3484//4821 3476//4821 3469//4821
f 3485//4822 3478//4822 3486//4822
f 3485//4823 3486//4823 3487//4823
f 3485//4824 3467//4824 3478//4824
f 3488//4825 3484//4825 3469//4825
f 3488//4826 3489//4826 3484//4826
f 3490//4827 3488//4827 3469//4827
f 3491//4828 3467//4828 3485//4828
f 3491//4829 3485//4829 3492//4829
f 3491//4830 3492//4830 3493//4830
f 3494//4831 3490//4831 3469//4831
f 3495//4832 3467//4832 3491//4832
f 3495//4833 3491//4833 3496//4833
f 3497//4834 3498//4834 3494//4834
f 3499//4835 3500//4835 3497//4835
f 3501//4836 3499//4836 3497//4836
f 3502//4837 3467//4837 3495//4837
f 3502//4838 3495//4838 3503//4838
f 3502//4839 3503//4839 3504//4839
f 3502//4840 3504//4840 3505//4840
f 3506//4841 3494//4841 3469//4841
f 3506//4842 3497//4842 3494//4842
f 3506//4843 3501//4843 3497//4843
f 3507//4844 3506//4844 3469//4844
f 3507//4845 3508//4845 3509//4845
f 3507//4846 3509//4846 3506//4846
f 3510//4847 3507//4847 3469//4847
f 3511//4848 3512//4848 3513//4848
f 3514//4849 3515//4849 3516//4849
f 3514//4850 3516//4850 3510//4850
f 3517//4851 3512//4851 3511//4851
f 3517//4852 3511//4852 3518//4852
f 3517//4853 3518//4853 3519//4853
f 3520//4854 3514//4854 3510//4854
f 3521//4855 3512//4855 3517//4855
f 3521//4856 3522//4856 3512//4856
f 3523//4857 3522//4857 3521//4857
f 3523//4858 3524//4858 3522//4858
f 3525//4859 3526//4859 3520//4859
f 3527//4860 3520//4860 3510//4860
f 3527//4861 3525//4861 3520//4861
f 3528//4862 3523//4862 3529//4862
f 3530//4863 3502//4863 3524//4863
f 3530//4864 3524//4864 3523//4864
f 3530//4865 3523//4865 3528//4865
f 3531//4866 3532//4866 3527//4866
f 3531//4867 3527//4867 3510//4867
f 3533//4868 3502//4868 3530//4868
f 3534//4869 3468//4869 3467//4869
f 3535//4870 3470//4870 3536//4870
f 3535//4871 3510//4871 3469//4871
f 3535//4872 3469//4872 3470//4872
f 3537//4873 3534//4873 3467//4873
f 3538//4874 3539//4874 3531//4874
f 3540//4875 3467//4875 3502//4875
f 3540//4876 3502//4876 3533//4876
f 3540//4877 3533//4877 3541//4877
f 3542//4878 3537//4878 3467//4878
f 3543//4879 3538//4879 3531//4879
f 3544//4880 3542//4880 3467//4880
f 3545//4881 3531//4881 3510//4881
f 3545//4882 3543//4882 3531//4882
f 3545//4883 3535//4883 3546//4883
f 3545//4884 3546//4884 3547//4884
f 3545//4885 3510//4885 3535//4885
f 3548//4886 3543//4886 3545//4886
f 3549//4887 3467//4887 3540//4887
f 3549//4888 3544//4888 3467//4888
f 3549//4889 3540//4889 3550//4889
f 3551//4890 3536//4890 3552//4890
f 3551//4891 3535//4891 3536//4891
f 3553//4892 3468//4892 3534//4892
f 3554//4893 3552//4893 3555//4893
f 3554//4894 3551//4894 3552//4894
f 3556//4895 3468//4895 3553//4895
f 3557//4896 3555//4896 3558//4896
f 3557//4897 3554//4897 3555//4897
f 3559//4898 3468//4898 3556//4898
f 3560//4899 3558//4899 3561//4899
f 3560//4900 3557//4900 3558//4900
f 3562//4901 3468//4901 3559//4901
f 3563//4902 3561//4902 3564//4902
f 3563//4903 3560//4903 3561//4903
f 3565//4904 3468//4904 3562//4904
f 1084//4905 1095//4905 3303//4905
f 1084//4906 3303//4906 3566//4906
f 3567//4907 3564//4907 3568//4907
f 3567//4908 3563//4908 3564//4908
f 3569//4909 3468//4909 3565//4909
f 3570//4910 3568//4910 3571//4910
f 3570//4911 3567//4911 3568//4911
f 3572//4912 3468//4912 3569//4912
f 3573//4913 3571//4913 3574//4913
f 3573//4914 3570//4914 3571//4914
f 3575//4915 3468//4915 3572//4915
f 3576//4916 3574//4916 3577//4916
f 3576//4917 3573//4917 3574//4917
f 3578//4918 1084//4918 3566//4918
f 3578//4919 3468//4919 3575//4919
f 3578//4920 3566//4920 3468//4920
f 3579//4921 3576//4921 3577//4921
f 3580//4922 3579//4922 3577//4922
f 3581//4923 1084//4923 3578//4923
f 3582//4924 3579//4924 3580//4924
f 3583//4925 1084//4925 3581//4925
f 3584//4926 3582//4926 3580//4926
f 3585//4927 3582//4927 3584//4927
f 3586//4928 1084//4928 3583//4928
f 3587//4929 3584//4929 3588//4929
f 3587//4930 3585//4930 3584//4930
f 3589//4931 1084//4931 3586//4931
f 3590//4932 3587//4932 3588//4932
f 3590//4933 3588//4933 3591//4933
f 3592//4934 1084//4934 3589//4934
f 3593//4935 3590//4935 3591//4935
f 3594//4936 3595//4936 3593//4936
f 3596//4937 3594//4937 3593//4937
f 3597//4938 3598//4938 3599//4938
f 3597//4939 3599//4939 3596//4939
f 3597//4940 3596//4940 3593//4940
f 3600//4941 3597//4941 3593//4941
f 3601//4942 3600//4942 3593//4942
f 3602//4943 3593//4943 3591//4943
f 3603//4944 3604//4944 3601//4944
f 3603//4945 3601//4945 3593//4945
f 3605//4946 1084//4946 3592//4946
f 3606//4947 3605//4947 3607//4947
f 3608//4948 3606//4948 3609//4948
f 3608//4949 3605//4949 3606//4949
f 3610//4950 3611//4950 3612//4950
f 3610//4951 3612//4951 3603//4951
f 3610//4952 3603//4952 3593//4952
f 3613//4953 3605//4953 3608//4953
f 3614//4954 3610//4954 3593//4954
f 3615//4955 3614//4955 3593//4955
f 3616//4956 3617//4956 3618//4956
f 3619//4957 3620//4957 3615//4957
f 3621//4958 3613//4958 3617//4958
f 3621//4959 3616//4959 3622//4959
f 3621//4960 3617//4960 3616//4960
f 3623//4961 3619//4961 3615//4961
f 3623//4962 3615//4962 3593//4962
f 3624//4963 3613//4963 3621//4963
f 3625//4964 3605//4964 3613//4964
f 3625//4965 3613//4965 3624//4965
f 3626//4966 3627//4966 3623//4966
f 3628//4967 3625//4967 3629//4967
f 3628//4968 3629//4968 3630//4968
f 3628//4969 3605//4969 3625//4969
f 3631//4970 3632//4970 3626//4970
f 3633//4971 3605//4971 3628//4971
f 3634//4972 3626//4972 3623//4972
f 3634//4973 3623//4973 3593//4973
f 3634//4974 3631//4974 3626//4974
f 3635//4975 3634//4975 3593//4975
f 3636//4976 3633//4976 3637//4976
f 3638//4977 3633//4977 3636//4977
f 3639//4978 3633//4978 3638//4978
f 3640//4979 3641//4979 3642//4979
f 3640//4980 3642//4980 3643//4980
f 3640//4981 3643//4981 3635//4981
f 3644//4982 3640//4982 3635//4982
f 3645//4983 3639//4983 3646//4983
f 3647//4984 3644//4984 3635//4984
f 3648//4985 3647//4985 3635//4985
f 3649//4986 3645//4986 3650//4986
f 3651//4987 3648//4987 3635//4987
f 3651//4988 3635//4988 3593//4988
f 3652//4989 3645//4989 3649//4989
f 3653//4990 3633//4990 3639//4990
f 3653//4991 3639//4991 3645//4991
f 3653//4992 3645//4992 3652//4992
f 3654//4993 3651//4993 3593//4993
f 3654//4994 3655//4994 3651//4994
f 3656//4995 3633//4995 3653//4995
f 3657//4996 3654//4996 3593//4996
f 3658//4997 3633//4997 3656//4997
f 3658//4998 3656//4998 3659//4998
f 3660//4999 3657//4999 3593//4999
f 3660//5000 3661//5000 3662//5000
f 3660//5001 3662//5001 3657//5001
f 3663//5002 3633//5002 3658//5002
f 3663//5003 3605//5003 3633//5003
f 3664//5004 3593//5004 3602//5004
f 3664//5005 3660//5005 3593//5005
f 3664//5006 3665//5006 3666//5006
f 3664//5007 3666//5007 3667//5007
f 3664//5008 3667//5008 3660//5008
f 3668//5009 3663//5009 3669//5009
f 3668//5010 3605//5010 3663//5010
f 3670//5011 3668//5011 3671//5011
f 3672//5012 3668//5012 3670//5012
f 3672//5013 3605//5013 3668//5013
f 3673//5014 3664//5014 3602//5014
f 3674//5015 3672//5015 3675//5015
f 3674//5016 3605//5016 3672//5016
f 3676//5017 3605//5017 3674//5017
f 3677//5018 3605//5018 3676//5018
f 3678//5019 1084//5019 3605//5019
f 3678//5020 3677//5020 3679//5020
f 3678//5021 3679//5021 3680//5021
f 3678//5022 3605//5022 3677//5022
f 3681//5023 3664//5023 3673//5023
f 3682//5024 1084//5024 3678//5024
f 3683//5025 3681//5025 3673//5025
f 3684//5026 3681//5026 3683//5026
f 3685//5027 1084//5027 3682//5027
f 3686//5028 3684//5028 3683//5028
f 3687//5029 3684//5029 3686//5029
f 3688//5030 1084//5030 3685//5030
f 3689//5031 3687//5031 3686//5031
f 3690//5032 3687//5032 3689//5032
f 3691//5033 1084//5033 3688//5033
f 3692//5034 3690//5034 3689//5034
f 3692//5035 3693//5035 3690//5035
f 3694//5036 1084//5036 3691//5036
f 3695//5037 3693//5037 3692//5037
f 3695//5038 3696//5038 3693//5038
f 3697//5039 3696//5039 3695//5039
f 3697//5040 3698//5040 3696//5040
f 3699//5041 3698//5041 3697//5041
f 3699//5042 3700//5042 3698//5042
f 3701//5043 3700//5043 3699//5043
f 3701//5044 3702//5044 3700//5044
f 3703//5045 3702//5045 3701//5045
f 3703//5046 3704//5046 3702//5046
f 3705//5047 3704//5047 3703//5047
f 3705//5048 3706//5048 3704//5048
f 3707//5049 3706//5049 3705//5049
f 3707//5050 3708//5050 3706//5050
f 3709//5051 3710//5051 3711//5051
f 3709//5052 3711//5052 3712//5052
f 3709//5053 3712//5053 3713//5053
f 3709//5054 3713//5054 3714//5054
f 3709//5055 3714//5055 3715//5055
f 3716//5056 3709//5056 3715//5056
f 3717//5057 3709//5057 3716//5057
f 3718//5058 3709//5058 3717//5058
f 3719//5059 3718//5059 3720//5059
f 3719//5060 3720//5060 3721//5060
f 3722//5061 3719//5061 3723//5061
f 3722//5062 3723//5062 3724//5062
f 3722//5063 3724//5063 3725//5063
f 3722//5064 3718//5064 3719//5064
f 3722//5065 3709//5065 3718//5065
f 3726//5066 3722//5066 3727//5066
f 3728//5067 3722//5067 3726//5067
f 3729//5068 3722//5068 3728//5068
f 3730//5069 3731//5069 3732//5069
f 3733//5070 3730//5070 3732//5070
f 3733//5071 3734//5071 3730//5071
f 3733//5072 3732//5072 3735//5072
f 3736//5073 3734//5073 3733//5073
f 3736//5074 3737//5074 3734//5074
f 3736//5075 3733//5075 3738//5075
f 3739//5076 3736//5076 3738//5076
f 3740//5077 3722//5077 3729//5077
f 3740//5078 3729//5078 3741//5078
f 3742//5079 3739//5079 3738//5079
f 3743//5080 3744//5080 3742//5080
f 3745//5081 3722//5081 3740//5081
f 3746//5082 3743//5082 3742//5082
f 3747//5083 3746//5083 3742//5083
f 3748//5084 3709//5084 3722//5084
f 3748//5085 3722//5085 3745//5085
f 3749//5086 3747//5086 3742//5086
f 3749//5087 3742//5087 3738//5087
f 3750//5088 3751//5088 3749//5088
f 3752//5089 3749//5089 3738//5089
f 3752//5090 3750//5090 3749//5090
f 3753//5091 3754//5091 3755//5091
f 3756//5092 3757//5092 3752//5092
f 3758//5093 3752//5093 3738//5093
f 3758//5094 3756//5094 3752//5094
f 3759//5095 3748//5095 3754//5095
f 3759//5096 3753//5096 3760//5096
f 3759//5097 3754//5097 3753//5097
f 3761//5098 3748//5098 3759//5098
f 3762//5099 3763//5099 3764//5099
f 3762//5100 3764//5100 3758//5100
f 3765//5101 3761//5101 3766//5101
f 3767//5102 3748//5102 3761//5102
f 3767//5103 3761//5103 3765//5103
f 3768//5104 3769//5104 3762//5104
f 3770//5105 3762//5105 3758//5105
f 3770//5106 3768//5106 3762//5106
f 3771//5107 3770//5107 3758//5107
f 3772//5108 3767//5108 3773//5108
f 3772//5109 3709//5109 3748//5109
f 3772//5110 3748//5110 3767//5110
f 3774//5111 3771//5111 3758//5111
f 3775//5112 3774//5112 3758//5112
f 3776//5113 3708//5113 3707//5113
f 3776//5114 3777//5114 3708//5114
f 3778//5115 3709//5115 3772//5115
f 3778//5116 3772//5116 3779//5116
f 3778//5117 3779//5117 3780//5117
f 3781//5118 3782//5118 3775//5118
f 3783//5119 3709//5119 3778//5119
f 3784//5120 3775//5120 3758//5120
f 3784//5121 3781//5121 3775//5121
f 3785//5122 3784//5122 3758//5122
f 3785//5123 3758//5123 3738//5123
f 3786//5124 3787//5124 3788//5124
f 3786//5125 3788//5125 3785//5125
f 3789//5126 3786//5126 3785//5126
f 3790//5127 3785//5127 3738//5127
f 3790//5128 3789//5128 3785//5128
f 3791//5129 3777//5129 3776//5129
f 3791//5130 3792//5130 3777//5130
f 3793//5131 3792//5131 3791//5131
f 3793//5132 3738//5132 3792//5132
f 1083//5133 3794//5133 3795//5133
f 1083//5134 3796//5134 3794//5134
f 1083//5135 3797//5135 3796//5135
f 1083//5136 3798//5136 3797//5136
f 1083//5137 3799//5137 3798//5137
f 1083//5138 3694//5138 3799//5138
f 1083//5139 3800//5139 3801//5139
f 1083//5140 3802//5140 3800//5140
f 1083//5141 3803//5141 3802//5141
f 1083//5142 3804//5142 3709//5142
f 1083//5143 3805//5143 3804//5143
f 1083//5144 3801//5144 3805//5144
f 1083//5145 1084//5145 3694//5145
f 1083//5146 3806//5146 3803//5146
f 1083//5147 3807//5147 3806//5147
f 1083//5148 3795//5148 3807//5148
f 3808//5149 3738//5149 3793//5149
f 3808//5150 3790//5150 3738//5150
f 3809//5151 3709//5151 3783//5151
f 3809//5152 1083//5152 3709//5152
f 3810//5153 3811//5153 3790//5153
f 3810//5154 3790//5154 3808//5154
f 3812//5155 3809//5155 3783//5155
f 3812//5156 3783//5156 3813//5156
f 3814//5157 3815//5157 3811//5157
f 3814//5158 3811//5158 3810//5158
f 3816//5159 3813//5159 3817//5159
f 3816//5160 3812//5160 3813//5160
f 3818//5161 3819//5161 3815//5161
f 3818//5162 3820//5162 3819//5162
f 3818//5163 3815//5163 3814//5163
f 3821//5164 3822//5164 3823//5164
f 3821//5165 3823//5165 3824//5165
f 3825//5166 3822//5166 3821//5166
f 3825//5167 3826//5167 3822//5167
f 3827//5168 3826//5168 3825//5168
f 3827//5169 3828//5169 3829//5169
f 3827//5170 3829//5170 3826//5170
f 3827//5171 3825//5171 3830//5171
f 3831//5172 3832//5172 3833//5172
f 3834//5173 3828//5173 3827//5173
f 3834//5174 3831//5174 3833//5174
f 3834//5175 3833//5175 3828//5175
f 3834//5176 3827//5176 3835//5176
f 3834//5177 3835//5177 3836//5177
f 3834//5178 3836//5178 3837//5178
f 3838//5179 3839//5179 3840//5179
f 3838//5180 3840//5180 3831//5180
f 3841//5181 3817//5181 3842//5181
f 3841//5182 3816//5182 3817//5182
f 3843//5183 3838//5183 3831//5183
f 3843//5184 3831//5184 3834//5184
f 3843//5185 3844//5185 3845//5185
f 3843//5186 3845//5186 3838//5186
f 3846//5187 3847//5187 3848//5187
f 3849//5188 3834//5188 3850//5188
f 3849//5189 3843//5189 3834//5189
f 3851//5190 3850//5190 3847//5190
f 3851//5191 3846//5191 3852//5191
f 3851//5192 3849//5192 3850//5192
f 3851//5193 3847//5193 3846//5193
f 3853//5194 3851//5194 3852//5194
f 3854//5195 3855//5195 3856//5195
f 3854//5196 3856//5196 3851//5196
f 3857//5197 3854//5197 3851//5197
f 3858//5198 3853//5198 3859//5198
f 3858//5199 3851//5199 3853//5199
f 3858//5200 3857//5200 3851//5200
f 3860//5201 3861//5201 3862//5201
f 3860//5202 3862//5202 3863//5202
f 3864//5203 3859//5203 3861//5203
f 3864//5204 3865//5204 3858//5204
f 3864//5205 3861//5205 3860//5205
f 3864//5206 3858//5206 3859//5206
f 3866//5207 3867//5207 3820//5207
f 3866//5208 3820//5208 3818//5208
f 3868//5209 3841//5209 3842//5209
f 3868//5210 3842//5210 3869//5210
f 3870//5211 3871//5211 3867//5211
f 3870//5212 3867//5212 3866//5212
f 3872//5213 3868//5213 3869//5213
f 3872//5214 3869//5214 3873//5214
f 3874//5215 3875//5215 3871//5215
f 3874//5216 3871//5216 3870//5216
f 3876//5217 3872//5217 3873//5217
f 3876//5218 3873//5218 3877//5218
f 3878//5219 3879//5219 3875//5219
f 3878//5220 3875//5220 3874//5220
f 3880//5221 3876//5221 3877//5221
f 3880//5222 3877//5222 3881//5222
f 3882//5223 3883//5223 3879//5223
f 3882//5224 3879//5224 3878//5224
f 3884//5225 3880//5225 3881//5225
f 3884//5226 3881//5226 3885//5226
f 3886//5227 3887//5227 3883//5227
f 3886//5228 3883//5228 3882//5228
f 3888//5229 3884//5229 3885//5229
f 3888//5230 3885//5230 3889//5230
f 3890//5231 3887//5231 3886//5231
f 3890//5232 3891//5232 3887//5232
f 3892//5233 3888//5233 3889//5233
f 3892//5234 3889//5234 3893//5234
f 3894//5235 3891//5235 3890//5235
f 3894//5236 3895//5236 3891//5236
f 3896//5237 3892//5237 3893//5237
f 3896//5238 3893//5238 3897//5238
f 3898//5239 3899//5239 3895//5239
f 3898//5240 3895//5240 3894//5240
f 3900//5241 3896//5241 3897//5241
f 3900//5242 3897//5242 3901//5242
f 3902//5243 3899//5243 3898//5243
f 3902//5244 3903//5244 3899//5244
f 3904//5245 3900//5245 3901//5245
f 3904//5246 3901//5246 3905//5246
f 3906//5247 3864//5247 3903//5247
f 3906//5248 3903//5248 3902//5248
f 3907//5249 3904//5249 3905//5249
f 3907//5250 3905//5250 3908//5250
f 3909//5251 3864//5251 3906//5251
f 3909//5252 3865//5252 3864//5252
f 3910//5253 3907//5253 3908//5253
f 3910//5254 3865//5254 3909//5254
f 3910//5255 3908//5255 3865//5255
f 1100//5256 1101//5256 3911//5256
f 2035//5257 1100//5257 3911//5257
f 2035//5258 2045//5258 1100//5258
f 2035//5259 3911//5259 3912//5259
f 2025//5260 3912//5260 3913//5260
f 2025//5261 2035//5261 3912//5261
f 2015//5262 3913//5262 3914//5262
f 2015//5263 2025//5263 3913//5263
f 1963//5264 3914//5264 3915//5264
f 1963//5265 2015//5265 3914//5265
f 1946//5266 3915//5266 3916//5266
f 1946//5267 1963//5267 3915//5267
f 1944//5268 3916//5268 3917//5268
f 1944//5269 1946//5269 3916//5269
f 1942//5270 3917//5270 3918//5270
f 1942//5271 1944//5271 3917//5271
f 1940//5272 3918//5272 3919//5272
f 1940//5273 1942//5273 3918//5273
f 1938//5274 3919//5274 3920//5274
f 1938//5275 1940//5275 3919//5275
f 1936//5276 3920//5276 3921//5276
f 1936//5277 1938//5277 3920//5277
f 1934//5278 3921//5278 3922//5278
f 1934//5279 1936//5279 3921//5279
f 1932//5280 3922//5280 3923//5280
f 1932//5281 1934//5281 3922//5281
f 1930//5282 3923//5282 3924//5282
f 1930//5283 1932//5283 3923//5283
f 1928//5284 3924//5284 3925//5284
f 1928//5285 1930//5285 3924//5285
f 1926//5286 3925//5286 3926//5286
f 1926//5287 1928//5287 3925//5287
f 1925//5288 1926//5288 3926//5288
f 1925//5289 3926//5289 3927//5289
f 1927//5290 1925//5290 3927//5290
f 1927//5291 3927//5291 3928//5291
f 1929//5292 1927//5292 3928//5292
f 1929//5293 3928//5293 3929//5293
f 1931//5294 1929//5294 3929//5294
f 1931//5295 3929//5295 3930//5295
f 1933//5296 1931//5296 3930//5296
f 1933//5297 3930//5297 3931//5297
f 1935//5298 1933//5298 3931//5298
f 1935//5299 3931//5299 3932//5299
f 1937//5300 1935//5300 3932//5300
f 1937//5301 3932//5301 3933//5301
f 1939//5302 1937//5302 3933//5302
f 1939//5303 3933//5303 3934//5303
f 1941//5304 1939//5304 3934//5304
f 1941//5305 3934//5305 3935//5305
f 1943//5306 1941//5306 3935//5306
f 1943//5307 3935//5307 3936//5307
f 1945//5308 1943//5308 3936//5308
f 1945//5309 3936//5309 3937//5309
f 1947//5310 1945//5310 3937//5310
f 1947//5311 3937//5311 3938//5311
f 2006//5312 1947//5312 3938//5312
f 2006//5313 3938//5313 3939//5313
f 2020//5314 2006//5314 3939//5314
f 2020//5315 3939//5315 3940//5315
f 2030//5316 2020//5316 3940//5316
f 2030//5317 3940//5317 3941//5317
f 2040//5318 2030//5318 3941//5318
f 2040//5319 3941//5319 3942//5319
f 2046//5320 2040//5320 3942//5320
f 2046//5321 3942//5321 3943//5321
f 2055//5322 2046//5322 3943//5322
f 2055//5323 3943//5323 3944//5323
f 2064//5324 2055//5324 3944//5324
f 2064//5325 3944//5325 3945//5325
f 2145//5326 2064//5326 3945//5326
f 2145//5327 3945//5327 3946//5327
f 2154//5328 3946//5328 3947//5328
f 2154//5329 2145//5329 3946//5329
f 2159//5330 3947//5330 3948//5330
f 2159//5331 2154//5331 3947//5331
f 2164//5332 3948//5332 3949//5332
f 2164//5333 2159//5333 3948//5333
f 2168//5334 3949//5334 3950//5334
f 2168//5335 2164//5335 3949//5335
f 2173//5336 3950//5336 3951//5336
f 2173//5337 2168//5337 3950//5337
f 2179//5338 2173//5338 3951//5338
f 2179//5339 3951//5339 3952//5339
f 2183//5340 2179//5340 3952//5340
f 3894//5341 2183//5341 3952//5341
f 3894//5342 3952//5342 2512//5342
f 3894//5343 2512//5343 2511//5343
f 2187//5344 2183//5344 3894//5344
f 3898//5345 3894//5345 2511//5345
f 3898//5346 2511//5346 2515//5346
f 3902//5347 3898//5347 2515//5347
f 3902//5348 2515//5348 2519//5348
f 3906//5349 3902//5349 2519//5349
f 3906//5350 2519//5350 2523//5350
f 3909//5351 3906//5351 2523//5351
f 3909//5352 2523//5352 2525//5352
f 3910//5353 3909//5353 2525//5353
f 3910//5354 2525//5354 2522//5354
f 3907//5355 3910//5355 2522//5355
f 3907//5356 2522//5356 2518//5356
f 3904//5357 3907//5357 2518//5357
f 3904//5358 2518//5358 2514//5358
f 3900//5359 3904//5359 2514//5359
f 3900//5360 2514//5360 2509//5360
f 3896//5361 3900//5361 2509//5361
f 3892//5362 3896//5362 2509//5362
f 3892//5363 2509//5363 2507//5363
f 3892//5364 2507//5364 2505//5364
f 3888//5365 3892//5365 2505//5365
f 3888//5366 2505//5366 2503//5366
f 3884//5367 2503//5367 2501//5367
f 3884//5368 3888//5368 2503//5368
f 3880//5369 2501//5369 2499//5369
f 3880//5370 3884//5370 2501//5370
f 3876//5371 3880//5371 2499//5371
f 3872//5372 2499//5372 2497//5372
f 3872//5373 2497//5373 2495//5373
f 3872//5374 3876//5374 2499//5374
f 3868//5375 3872//5375 2495//5375
f 3841//5376 2495//5376 2493//5376
f 3841//5377 2493//5377 2491//5377
f 3841//5378 3868//5378 2495//5378
f 3816//5379 3841//5379 2491//5379
f 3812//5380 2491//5380 2489//5380
f 3812//5381 3816//5381 2491//5381
f 3809//5382 2489//5382 2488//5382
f 3809//5383 2488//5383 1081//5383
f 3809//5384 3812//5384 2489//5384
f 1083//5385 3809//5385 1081//5385
f 1101//5386 1102//5386 2528//5386
f 2528//5387 1102//5387 2529//5387
f 2479//5388 1110//5388 1090//5388
f 2479//5389 1090//5389 1089//5389
f 1093//5390 1099//5390 3953//5390
f 3953//5391 1099//5391 3954//5391
f 3954//5392 1094//5392 3955//5392
f 3956//5393 3954//5393 3955//5393
f 1099//5394 1094//5394 3954//5394
f 1091//5395 3953//5395 3957//5395
f 3953//5396 3958//5396 3957//5396
f 1091//5397 1093//5397 3953//5397
f 1094//5398 1091//5398 3957//5398
f 1094//5399 3957//5399 3955//5399
f 3959//5400 3960//5400 1097//5400
f 3959//5401 1097//5401 1103//5401
f 3961//5402 3962//5402 3960//5402
f 1096//5403 1097//5403 3962//5403
f 3962//5404 1097//5404 3960//5404
f 3963//5405 3964//5405 3959//5405
f 1103//5406 1098//5406 3963//5406
f 1103//5407 3963//5407 3959//5407
f 1098//5408 1096//5408 3962//5408
f 1098//5409 3962//5409 3963//5409
f 2484//5410 1112//5410 1115//5410
f 2482//5411 1112//5411 2484//5411
f 2482//5412 1113//5412 1112//5412
f 2481//5413 1113//5413 2482//5413
f 2481//5414 2483//5414 1114//5414
f 2481//5415 1114//5415 1113//5415
f 2479//5416 2480//5416 1111//5416
f 2479//5417 1111//5417 1110//5417
f 1111//5418 2480//5418 1109//5418
f 1109//5419 2480//5419 2485//5419
f 2485//5420 2484//5420 1115//5420
f 2485//5421 1115//5421 1109//5421
f 1121//5422 1119//5422 1122//5422
f 1116//5423 1119//5423 1120//5423
f 1120//5424 1119//5424 1121//5424
f 1123//5425 1119//5425 1118//5425
f 1123//5426 1122//5426 1119//5426
f 1201//5427 1197//5427 1118//5427
f 1118//5428 1197//5428 1123//5428
f 1197//5429 1203//5429 1196//5429
f 1201//5430 1203//5430 1197//5430
f 1162//5431 1164//5431 1163//5431
f 1161//5432 1165//5432 1162//5432
f 1162//5433 1165//5433 1164//5433
f 1160//5434 1166//5434 1161//5434
f 1161//5435 1166//5435 1165//5435
f 1159//5436 1167//5436 1160//5436
f 1160//5437 1167//5437 1166//5437
f 1158//5438 1168//5438 1159//5438
f 1159//5439 1168//5439 1167//5439
f 1157//5440 1169//5440 1158//5440
f 1158//5441 1169//5441 1168//5441
f 1156//5442 1170//5442 1157//5442
f 1157//5443 1170//5443 1169//5443
f 1155//5444 1171//5444 1156//5444
f 1156//5445 1171//5445 1170//5445
f 1154//5446 1172//5446 1155//5446
f 1155//5447 1172//5447 1171//5447
f 1153//5448 1173//5448 1154//5448
f 1154//5449 1173//5449 1172//5449
f 1152//5450 1174//5450 1153//5450
f 1153//5451 1174//5451 1173//5451
f 1151//5452 1175//5452 1152//5452
f 1152//5453 1175//5453 1174//5453
f 1150//5454 1176//5454 1151//5454
f 1151//5455 1176//5455 1175//5455
f 1149//5456 1177//5456 1150//5456
f 1150//5457 1177//5457 1176//5457
f 1148//5458 1178//5458 1149//5458
f 1147//5459 1178//5459 1148//5459
f 1149//5460 1178//5460 1177//5460
f 1146//5461 1179//5461 1147//5461
f 1147//5462 1179//5462 1178//5462
f 1145//5463 1180//5463 1146//5463
f 1146//5464 1180//5464 1179//5464
f 1144//5465 1181//5465 1145//5465
f 1143//5466 1181//5466 1144//5466
f 1145//5467 1181//5467 1180//5467
f 1142//5468 1182//5468 1143//5468
f 1143//5469 1182//5469 1181//5469
f 1141//5470 1183//5470 1142//5470
f 1142//5471 1183//5471 1182//5471
f 1140//5472 1184//5472 1141//5472
f 1139//5473 1184//5473 1140//5473
f 1141//5474 1184//5474 1183//5474
f 1139//5475 1185//5475 1184//5475
f 1138//5476 1185//5476 1139//5476
f 1138//5477 1186//5477 1185//5477
f 1137//5478 1186//5478 1138//5478
f 1136//5479 1186//5479 1137//5479
f 1135//5480 1187//5480 1136//5480
f 1136//5481 1187//5481 1186//5481
f 1134//5482 1188//5482 1135//5482
f 1133//5483 1188//5483 1134//5483
f 1135//5484 1188//5484 1187//5484
f 1132//5485 1189//5485 1133//5485
f 1133//5486 1189//5486 1188//5486
f 1132//5487 1190//5487 1189//5487
f 1131//5488 1190//5488 1132//5488
f 1131//5489 1191//5489 1190//5489
f 1130//5490 1191//5490 1131//5490
f 1129//5491 1192//5491 1130//5491
f 1128//5492 1192//5492 1129//5492
f 1130//5493 1192//5493 1191//5493
f 1127//5494 1193//5494 1128//5494
f 1128//5495 1193//5495 1192//5495
f 1127//5496 1194//5496 1193//5496
f 1126//5497 1194//5497 1127//5497
f 1125//5498 1195//5498 1126//5498
f 1124//5499 1195//5499 1125//5499
f 1126//5500 1195//5500 1194//5500
f 1123//5501 1197//5501 1124//5501
f 1124//5502 1197//5502 1195//5502
f 1198//5503 1196//5503 1203//5503
f 1203//5504 1200//5504 1199//5504
f 1203//5505 1199//5505 1198//5505
f 1275//5506 1276//5506 1277//5506
f 1275//5507 1277//5507 1278//5507
f 1275//5508 1278//5508 1279//5508
f 1292//5509 1290//5509 1291//5509
f 1294//5510 1292//5510 1293//5510
f 1299//5511 1297//5511 1298//5511
f 1265//5512 1266//5512 1267//5512
f 1302//5513 1300//5513 1301//5513
f 1305//5514 1300//5514 1302//5514
f 1305//5515 1299//5515 1300//5515
f 1305//5516 1302//5516 1303//5516
f 1305//5517 1303//5517 1304//5517
f 1307//5518 1305//5518 1306//5518
f 1257//5519 1258//5519 1259//5519
f 1309//5520 1307//5520 1308//5520
f 1309//5521 1305//5521 1307//5521
f 1311//5522 1309//5522 1310//5522
f 1311//5523 1305//5523 1309//5523
f 1254//5524 1255//5524 1256//5524
f 1313//5525 1311//5525 1312//5525
f 1313//5526 1305//5526 1311//5526
f 1252//5527 1254//5527 1256//5527
f 1252//5528 1253//5528 1254//5528
f 1252//5529 1256//5529 1257//5529
f 1252//5530 1259//5530 1260//5530
f 1252//5531 1260//5531 1261//5531
f 1252//5532 1261//5532 1262//5532
f 1252//5533 1262//5533 1263//5533
f 1252//5534 1263//5534 1264//5534
f 1252//5535 1264//5535 1265//5535
f 1252//5536 1257//5536 1259//5536
f 1315//5537 1313//5537 1314//5537
f 1250//5538 1251//5538 1252//5538
f 1316//5539 1313//5539 1315//5539
f 1248//5540 1249//5540 1250//5540
f 1318//5541 1316//5541 1317//5541
f 1246//5542 1247//5542 1248//5542
f 1246//5543 1250//5543 1252//5543
f 1246//5544 1248//5544 1250//5544
f 1320//5545 1318//5545 1319//5545
f 1321//5546 1313//5546 1316//5546
f 1321//5547 1316//5547 1318//5547
f 1321//5548 1318//5548 1320//5548
f 1244//5549 1245//5549 1246//5549
f 1323//5550 1321//5550 1322//5550
f 1242//5551 1243//5551 1244//5551
f 1324//5552 1305//5552 1313//5552
f 1324//5553 1313//5553 1321//5553
f 1324//5554 1299//5554 1305//5554
f 1324//5555 1292//5555 1294//5555
f 1324//5556 1321//5556 1323//5556
f 1324//5557 1290//5557 1292//5557
f 1324//5558 1286//5558 1287//5558
f 1324//5559 1287//5559 1288//5559
f 1324//5560 1288//5560 1289//5560
f 1324//5561 1289//5561 1290//5561
f 1324//5562 1294//5562 1295//5562
f 1324//5563 1295//5563 1296//5563
f 1324//5564 1296//5564 1297//5564
f 1324//5565 1297//5565 1299//5565
f 1241//5566 1252//5566 1265//5566
f 1241//5567 1246//5567 1252//5567
f 1241//5568 1267//5568 1268//5568
f 1241//5569 1268//5569 1269//5569
f 1241//5570 1269//5570 1270//5570
f 1241//5571 1270//5571 1271//5571
f 1241//5572 1271//5572 1272//5572
f 1241//5573 1244//5573 1246//5573
f 1241//5574 1242//5574 1244//5574
f 1241//5575 1265//5575 1267//5575
f 1327//5576 1325//5576 1326//5576
f 1237//5577 1238//5577 1239//5577
f 1237//5578 1239//5578 1240//5578
f 1329//5579 1327//5579 1328//5579
f 1205//5580 1327//5580 1329//5580
f 1204//5581 1327//5581 1205//5581
f 1204//5582 1325//5582 1327//5582
f 1234//5583 1235//5583 1236//5583
f 1207//5584 1204//5584 1206//5584
f 1207//5585 1325//5585 1204//5585
f 1207//5586 1324//5586 1325//5586
f 1231//5587 1234//5587 1236//5587
f 1231//5588 1232//5588 1233//5588
f 1231//5589 1233//5589 1234//5589
f 1209//5590 1207//5590 1208//5590
f 1211//5591 1209//5591 1210//5591
f 1211//5592 1207//5592 1209//5592
f 1227//5593 1228//5593 1229//5593
f 1227//5594 1229//5594 1230//5594
f 1227//5595 1230//5595 1231//5595
f 1213//5596 1211//5596 1212//5596
f 1213//5597 1207//5597 1211//5597
f 1225//5598 1226//5598 1227//5598
f 1225//5599 1227//5599 1231//5599
f 1215//5600 1213//5600 1214//5600
f 1223//5601 1231//5601 1236//5601
f 1223//5602 1224//5602 1225//5602
f 1223//5603 1236//5603 1237//5603
f 1223//5604 1240//5604 1241//5604
f 1223//5605 1225//5605 1231//5605
f 1223//5606 1241//5606 1272//5606
f 1223//5607 1272//5607 1273//5607
f 1223//5608 1273//5608 1274//5608
f 1223//5609 1274//5609 1275//5609
f 1223//5610 1237//5610 1240//5610
f 1221//5611 1222//5611 1223//5611
f 1219//5612 1324//5612 1207//5612
f 1219//5613 1215//5613 1216//5613
f 1219//5614 1216//5614 1217//5614
f 1219//5615 1217//5615 1218//5615
f 1219//5616 1207//5616 1213//5616
f 1219//5617 1213//5617 1215//5617
f 1220//5618 1223//5618 1275//5618
f 1220//5619 1221//5619 1223//5619
f 1220//5620 1324//5620 1219//5620
f 1220//5621 1275//5621 1279//5621
f 1220//5622 1286//5622 1324//5622
f 1220//5623 1279//5623 1280//5623
f 1220//5624 1280//5624 1281//5624
f 1220//5625 1281//5625 1282//5625
f 1220//5626 1282//5626 1283//5626
f 1220//5627 1283//5627 1284//5627
f 1220//5628 1284//5628 1285//5628
f 1220//5629 1285//5629 1286//5629
f 1415//5630 1412//5630 1413//5630
f 1415//5631 1413//5631 1414//5631
f 1401//5632 1402//5632 1403//5632
f 1401//5633 1403//5633 1404//5633
f 1418//5634 1415//5634 1416//5634
f 1418//5635 1416//5635 1417//5635
f 1420//5636 1418//5636 1419//5636
f 1425//5637 1423//5637 1424//5637
f 1427//5638 1425//5638 1426//5638
f 1428//5639 1425//5639 1427//5639
f 1388//5640 1389//5640 1390//5640
f 1431//5641 1425//5641 1428//5641
f 1431//5642 1428//5642 1429//5642
f 1431//5643 1429//5643 1430//5643
f 1433//5644 1431//5644 1432//5644
f 1384//5645 1385//5645 1386//5645
f 1384//5646 1386//5646 1387//5646
f 1384//5647 1387//5647 1388//5647
f 1383//5648 1384//5648 1388//5648
f 1435//5649 1433//5649 1434//5649
f 1381//5650 1382//5650 1383//5650
f 1437//5651 1431//5651 1433//5651
f 1437//5652 1435//5652 1436//5652
f 1437//5653 1433//5653 1435//5653
f 1380//5654 1381//5654 1383//5654
f 1378//5655 1383//5655 1388//5655
f 1378//5656 1380//5656 1383//5656
f 1378//5657 1379//5657 1380//5657
f 1378//5658 1390//5658 1391//5658
f 1378//5659 1388//5659 1390//5659
f 1440//5660 1438//5660 1439//5660
f 1441//5661 1437//5661 1438//5661
f 1441//5662 1431//5662 1437//5662
f 1441//5663 1438//5663 1440//5663
f 1376//5664 1377//5664 1378//5664
f 1376//5665 1391//5665 1392//5665
f 1376//5666 1392//5666 1393//5666
f 1376//5667 1393//5667 1394//5667
f 1376//5668 1394//5668 1395//5668
f 1376//5669 1395//5669 1396//5669
f 1376//5670 1396//5670 1397//5670
f 1376//5671 1397//5671 1398//5671
f 1376//5672 1398//5672 1399//5672
f 1376//5673 1399//5673 1400//5673
f 1376//5674 1400//5674 1401//5674
f 1376//5675 1378//5675 1391//5675
f 1443//5676 1441//5676 1442//5676
f 1374//5677 1375//5677 1376//5677
f 1444//5678 1441//5678 1443//5678
f 1445//5679 1441//5679 1444//5679
f 1446//5680 1441//5680 1445//5680
f 1370//5681 1371//5681 1372//5681
f 1449//5682 1447//5682 1448//5682
f 1368//5683 1369//5683 1370//5683
f 1450//5684 1425//5684 1431//5684
f 1450//5685 1446//5685 1447//5685
f 1450//5686 1431//5686 1441//5686
f 1450//5687 1412//5687 1415//5687
f 1450//5688 1441//5688 1446//5688
f 1450//5689 1415//5689 1418//5689
f 1450//5690 1418//5690 1420//5690
f 1450//5691 1447//5691 1449//5691
f 1450//5692 1409//5692 1410//5692
f 1450//5693 1410//5693 1411//5693
f 1450//5694 1411//5694 1412//5694
f 1450//5695 1420//5695 1421//5695
f 1450//5696 1421//5696 1422//5696
f 1450//5697 1422//5697 1423//5697
f 1450//5698 1423//5698 1425//5698
f 1452//5699 1450//5699 1451//5699
f 1453//5700 1450//5700 1452//5700
f 1363//5701 1364//5701 1365//5701
f 1363//5702 1365//5702 1366//5702
f 1331//5703 1453//5703 1454//5703
f 1331//5704 1454//5704 1455//5704
f 1359//5705 1360//5705 1361//5705
f 1334//5706 1332//5706 1333//5706
f 1357//5707 1358//5707 1359//5707
f 1357//5708 1361//5708 1362//5708
f 1357//5709 1359//5709 1361//5709
f 1355//5710 1356//5710 1357//5710
f 1337//5711 1334//5711 1335//5711
f 1337//5712 1335//5712 1336//5712
f 1337//5713 1332//5713 1334//5713
f 1339//5714 1337//5714 1338//5714
f 1352//5715 1353//5715 1354//5715
f 1340//5716 1337//5716 1339//5716
f 1351//5717 1354//5717 1355//5717
f 1351//5718 1352//5718 1354//5718
f 1349//5719 1357//5719 1362//5719
f 1349//5720 1350//5720 1351//5720
f 1349//5721 1355//5721 1357//5721
f 1349//5722 1351//5722 1355//5722
f 1345//5723 1341//5723 1342//5723
f 1345//5724 1342//5724 1343//5724
f 1345//5725 1343//5725 1344//5725
f 1346//5726 1331//5726 1330//5726
f 1346//5727 1330//5727 1332//5727
f 1346//5728 1450//5728 1453//5728
f 1346//5729 1363//5729 1366//5729
f 1346//5730 1340//5730 1341//5730
f 1346//5731 1453//5731 1331//5731
f 1346//5732 1347//5732 1348//5732
f 1346//5733 1348//5733 1349//5733
f 1346//5734 1332//5734 1337//5734
f 1346//5735 1362//5735 1363//5735
f 1346//5736 1366//5736 1367//5736
f 1346//5737 1367//5737 1368//5737
f 1346//5738 1372//5738 1373//5738
f 1346//5739 1373//5739 1374//5739
f 1346//5740 1401//5740 1404//5740
f 1346//5741 1337//5741 1340//5741
f 1346//5742 1349//5742 1362//5742
f 1346//5743 1370//5743 1372//5743
f 1346//5744 1374//5744 1376//5744
f 1346//5745 1404//5745 1405//5745
f 1346//5746 1405//5746 1406//5746
f 1346//5747 1406//5747 1407//5747
f 1346//5748 1407//5748 1408//5748
f 1346//5749 1408//5749 1409//5749
f 1346//5750 1409//5750 1450//5750
f 1346//5751 1341//5751 1345//5751
f 1346//5752 1376//5752 1401//5752
f 1346//5753 1368//5753 1370//5753
f 1541//5754 1538//5754 1539//5754
f 1541//5755 1539//5755 1540//5755
f 1544//5756 1542//5756 1543//5756
f 1524//5757 1525//5757 1526//5757
f 1524//5758 1526//5758 1527//5758
f 1524//5759 1527//5759 1528//5759
f 1524//5760 1528//5760 1529//5760
f 1524//5761 1529//5761 1530//5761
f 1524//5762 1530//5762 1531//5762
f 1547//5763 1544//5763 1545//5763
f 1547//5764 1545//5764 1546//5764
f 1549//5765 1544//5765 1547//5765
f 1549//5766 1547//5766 1548//5766
f 1551//5767 1549//5767 1550//5767
f 1555//5768 1553//5768 1554//5768
f 1514//5769 1515//5769 1516//5769
f 1513//5770 1516//5770 1517//5770
f 1513//5771 1514//5771 1516//5771
f 1559//5772 1557//5772 1558//5772
f 1510//5773 1511//5773 1512//5773
f 1560//5774 1557//5774 1559//5774
f 1509//5775 1512//5775 1513//5775
f 1509//5776 1510//5776 1512//5776
f 1561//5777 1556//5777 1557//5777
f 1561//5778 1557//5778 1560//5778
f 1508//5779 1509//5779 1513//5779
f 1562//5780 1556//5780 1561//5780
f 1506//5781 1507//5781 1508//5781
f 1505//5782 1506//5782 1508//5782
f 1504//5783 1505//5783 1508//5783
f 1502//5784 1504//5784 1508//5784
f 1502//5785 1503//5785 1504//5785
f 1502//5786 1524//5786 1531//5786
f 1502//5787 1538//5787 1541//5787
f 1502//5788 1517//5788 1518//5788
f 1502//5789 1518//5789 1519//5789
f 1502//5790 1519//5790 1520//5790
f 1502//5791 1520//5791 1521//5791
f 1502//5792 1521//5792 1522//5792
f 1502//5793 1522//5793 1523//5793
f 1502//5794 1523//5794 1524//5794
f 1502//5795 1531//5795 1532//5795
f 1502//5796 1532//5796 1533//5796
f 1502//5797 1533//5797 1534//5797
f 1502//5798 1534//5798 1535//5798
f 1502//5799 1535//5799 1536//5799
f 1502//5800 1536//5800 1537//5800
f 1502//5801 1537//5801 1538//5801
f 1502//5802 1513//5802 1517//5802
f 1502//5803 1541//5803 1542//5803
f 1502//5804 1508//5804 1513//5804
f 1500//5805 1501//5805 1502//5805
f 1570//5806 1568//5806 1569//5806
f 1571//5807 1565//5807 1566//5807
f 1571//5808 1566//5808 1567//5808
f 1571//5809 1567//5809 1568//5809
f 1571//5810 1568//5810 1570//5810
f 1498//5811 1499//5811 1500//5811
f 1498//5812 1500//5812 1502//5812
f 1572//5813 1564//5813 1565//5813
f 1572//5814 1565//5814 1571//5814
f 1496//5815 1497//5815 1498//5815
f 1496//5816 1498//5816 1502//5816
f 1574//5817 1572//5817 1573//5817
f 1575//5818 1572//5818 1574//5818
f 1575//5819 1564//5819 1572//5819
f 1493//5820 1494//5820 1495//5820
f 1493//5821 1495//5821 1496//5821
f 1493//5822 1496//5822 1502//5822
f 1578//5823 1576//5823 1577//5823
f 1579//5824 1563//5824 1564//5824
f 1579//5825 1575//5825 1576//5825
f 1579//5826 1564//5826 1575//5826
f 1579//5827 1576//5827 1578//5827
f 1581//5828 1579//5828 1580//5828
f 1488//5829 1489//5829 1490//5829
f 1488//5830 1490//5830 1491//5830
f 1488//5831 1491//5831 1492//5831
f 1488//5832 1492//5832 1493//5832
f 1457//5833 1579//5833 1581//5833
f 1486//5834 1487//5834 1488//5834
f 1458//5835 1457//5835 1456//5835
f 1460//5836 1458//5836 1459//5836
f 1483//5837 1486//5837 1488//5837
f 1483//5838 1484//5838 1485//5838
f 1483//5839 1485//5839 1486//5839
f 1483//5840 1542//5840 1544//5840
f 1483//5841 1493//5841 1502//5841
f 1483//5842 1488//5842 1493//5842
f 1483//5843 1502//5843 1542//5843
f 1462//5844 1458//5844 1460//5844
f 1462//5845 1460//5845 1461//5845
f 1462//5846 1457//5846 1458//5846
f 1480//5847 1483//5847 1544//5847
f 1480//5848 1481//5848 1482//5848
f 1480//5849 1482//5849 1483//5849
f 1480//5850 1544//5850 1549//5850
f 1466//5851 1462//5851 1463//5851
f 1466//5852 1463//5852 1464//5852
f 1466//5853 1464//5853 1465//5853
f 1477//5854 1553//5854 1555//5854
f 1477//5855 1478//5855 1479//5855
f 1477//5856 1479//5856 1480//5856
f 1477//5857 1480//5857 1549//5857
f 1477//5858 1549//5858 1551//5858
f 1477//5859 1551//5859 1552//5859
f 1477//5860 1552//5860 1553//5860
f 1467//5861 1457//5861 1462//5861
f 1467//5862 1579//5862 1457//5862
f 1467//5863 1462//5863 1466//5863
f 1475//5864 1562//5864 1563//5864
f 1475//5865 1556//5865 1562//5865
f 1475//5866 1476//5866 1477//5866
f 1475//5867 1477//5867 1555//5867
f 1475//5868 1555//5868 1556//5868
f 1471//5869 1563//5869 1579//5869
f 1471//5870 1467//5870 1468//5870
f 1471//5871 1468//5871 1469//5871
f 1471//5872 1469//5872 1470//5872
f 1471//5873 1579//5873 1467//5873
f 1472//5874 1473//5874 1474//5874
f 1472//5875 1474//5875 1475//5875
f 1472//5876 1475//5876 1563//5876
f 1472//5877 1563//5877 1471//5877
f 1668//5878 1662//5878 1663//5878
f 1668//5879 1663//5879 1664//5879
f 1668//5880 1664//5880 1665//5880
f 1668//5881 1665//5881 1666//5881
f 1668//5882 1666//5882 1667//5882
f 1650//5883 1651//5883 1652//5883
f 1650//5884 1652//5884 1653//5884
f 1673//5885 1670//5885 1671//5885
f 1673//5886 1671//5886 1672//5886
f 1648//5887 1649//5887 1650//5887
f 1674//5888 1670//5888 1673//5888
f 1677//5889 1675//5889 1676//5889
f 1680//5890 1670//5890 1674//5890
f 1680//5891 1668//5891 1669//5891
f 1680//5892 1669//5892 1670//5892
f 1680//5893 1674//5893 1675//5893
f 1680//5894 1675//5894 1677//5894
f 1680//5895 1677//5895 1678//5895
f 1680//5896 1678//5896 1679//5896
f 1640//5897 1641//5897 1642//5897
f 1682//5898 1680//5898 1681//5898
f 1639//5899 1640//5899 1642//5899
f 1637//5900 1638//5900 1639//5900
f 1637//5901 1639//5901 1642//5901
f 1685//5902 1683//5902 1684//5902
f 1686//5903 1683//5903 1685//5903
f 1634//5904 1635//5904 1636//5904
f 1634//5905 1636//5905 1637//5905
f 1688//5906 1686//5906 1687//5906
f 1688//5907 1683//5907 1686//5907
f 1632//5908 1633//5908 1634//5908
f 1631//5909 1632//5909 1634//5909
f 1630//5910 1634//5910 1637//5910
f 1630//5911 1631//5911 1634//5911
f 1630//5912 1642//5912 1643//5912
f 1630//5913 1643//5913 1644//5913
f 1630//5914 1644//5914 1645//5914
f 1630//5915 1645//5915 1646//5915
f 1630//5916 1646//5916 1647//5916
f 1630//5917 1647//5917 1648//5917
f 1630//5918 1650//5918 1653//5918
f 1630//5919 1653//5919 1654//5919
f 1630//5920 1654//5920 1655//5920
f 1630//5921 1655//5921 1656//5921
f 1630//5922 1656//5922 1657//5922
f 1630//5923 1648//5923 1650//5923
f 1630//5924 1637//5924 1642//5924
f 1692//5925 1690//5925 1691//5925
f 1695//5926 1693//5926 1694//5926
f 1626//5927 1627//5927 1628//5927
f 1626//5928 1628//5928 1629//5928
f 1626//5929 1629//5929 1630//5929
f 1697//5930 1692//5930 1693//5930
f 1697//5931 1695//5931 1696//5931
f 1697//5932 1693//5932 1695//5932
f 1624//5933 1625//5933 1626//5933
f 1624//5934 1626//5934 1630//5934
f 1624//5935 1657//5935 1658//5935
f 1624//5936 1658//5936 1659//5936
f 1624//5937 1659//5937 1660//5937
f 1624//5938 1630//5938 1657//5938
f 1699//5939 1697//5939 1698//5939
f 1699//5940 1692//5940 1697//5940
f 1622//5941 1623//5941 1624//5941
f 1701//5942 1699//5942 1700//5942
f 1702//5943 1699//5943 1701//5943
f 1702//5944 1692//5944 1699//5944
f 1619//5945 1620//5945 1621//5945
f 1619//5946 1621//5946 1622//5946
f 1619//5947 1662//5947 1668//5947
f 1619//5948 1622//5948 1624//5948
f 1619//5949 1624//5949 1660//5949
f 1619//5950 1660//5950 1661//5950
f 1619//5951 1661//5951 1662//5951
f 1704//5952 1702//5952 1703//5952
f 1705//5953 1688//5953 1689//5953
f 1705//5954 1689//5954 1690//5954
f 1705//5955 1690//5955 1692//5955
f 1705//5956 1702//5956 1704//5956
f 1705//5957 1692//5957 1702//5957
f 1614//5958 1615//5958 1616//5958
f 1614//5959 1616//5959 1617//5959
f 1583//5960 1705//5960 1706//5960
f 1583//5961 1706//5961 1707//5961
f 1611//5962 1612//5962 1613//5962
f 1585//5963 1582//5963 1584//5963
f 1586//5964 1582//5964 1585//5964
f 1587//5965 1583//5965 1582//5965
f 1587//5966 1582//5966 1586//5966
f 1608//5967 1609//5967 1610//5967
f 1607//5968 1611//5968 1613//5968
f 1607//5969 1608//5969 1610//5969
f 1607//5970 1610//5970 1611//5970
f 1606//5971 1614//5971 1617//5971
f 1606//5972 1607//5972 1613//5972
f 1606//5973 1613//5973 1614//5973
f 1606//5974 1617//5974 1618//5974
f 1606//5975 1618//5975 1619//5975
f 1606//5976 1668//5976 1680//5976
f 1606//5977 1619//5977 1668//5977
f 1590//5978 1587//5978 1588//5978
f 1590//5979 1588//5979 1589//5979
f 1591//5980 1587//5980 1590//5980
f 1603//5981 1604//5981 1605//5981
f 1593//5982 1591//5982 1592//5982
f 1602//5983 1603//5983 1605//5983
f 1601//5984 1680//5984 1682//5984
f 1601//5985 1605//5985 1606//5985
f 1601//5986 1606//5986 1680//5986
f 1601//5987 1602//5987 1605//5987
f 1595//5988 1593//5988 1594//5988
f 1595//5989 1587//5989 1591//5989
f 1595//5990 1591//5990 1593//5990
f 1598//5991 1682//5991 1683//5991
f 1598//5992 1705//5992 1583//5992
f 1598//5993 1595//5993 1596//5993
f 1598//5994 1596//5994 1597//5994
f 1598//5995 1599//5995 1600//5995
f 1598//5996 1600//5996 1601//5996
f 1598//5997 1583//5997 1587//5997
f 1598//5998 1587//5998 1595//5998
f 1598//5999 1688//5999 1705//5999
f 1598//6000 1601//6000 1682//6000
f 1598//6001 1683//6001 1688//6001
f 2487//6002 1790//6002 3965//6002
f 882//6003 1790//6003 2487//6003
f 3966//6004 3967//6004 3965//6004
f 3968//6005 3966//6005 3965//6005
f 3969//6006 3968//6006 3965//6006
f 1777//6007 3965//6007 1790//6007
f 1777//6008 3969//6008 3965//6008
f 3970//6009 3971//6009 3235//6009
f 3970//6010 3235//6010 3238//6010
f 3972//6011 3238//6011 3050//6011
f 3972//6012 3970//6012 3238//6012
f 3973//6013 3050//6013 3048//6013
f 3973//6014 3972//6014 3050//6014
f 3974//6015 3048//6015 3045//6015
f 3974//6016 3973//6016 3048//6016
f 3975//6017 3045//6017 3043//6017
f 3975//6018 3974//6018 3045//6018
f 3976//6019 3043//6019 3042//6019
f 3976//6020 3975//6020 3043//6020
f 3977//6021 3042//6021 3040//6021
f 3977//6022 3976//6022 3042//6022
f 3978//6023 3040//6023 3037//6023
f 3978//6024 3977//6024 3040//6024
f 3979//6025 3978//6025 3037//6025
f 3979//6026 3037//6026 3036//6026
f 3980//6027 3979//6027 3036//6027
f 3980//6028 3036//6028 3034//6028
f 3981//6029 3980//6029 3034//6029
f 3981//6030 3034//6030 3032//6030
f 3982//6031 3981//6031 3032//6031
f 3982//6032 3032//6032 3029//6032
f 3983//6033 3982//6033 3029//6033
f 3983//6034 3029//6034 3027//6034
f 3984//6035 3983//6035 3027//6035
f 3984//6036 3027//6036 3026//6036
f 3985//6037 3984//6037 3026//6037
f 3985//6038 3026//6038 3023//6038
f 3986//6039 3985//6039 3023//6039
f 3986//6040 3023//6040 3022//6040
f 3987//6041 3986//6041 3022//6041
f 3987//6042 3022//6042 3019//6042
f 3988//6043 3987//6043 3019//6043
f 3988//6044 3019//6044 3017//6044
f 3989//6045 3988//6045 3017//6045
f 3989//6046 3017//6046 3016//6046
f 3990//6047 3989//6047 3016//6047
f 3990//6048 3016//6048 3013//6048
f 3991//6049 3990//6049 3013//6049
f 3991//6050 3013//6050 3012//6050
f 3992//6051 3012//6051 3010//6051
f 3992//6052 3991//6052 3012//6052
f 3993//6053 3010//6053 3007//6053
f 3993//6054 3992//6054 3010//6054
f 3994//6055 3993//6055 3007//6055
f 3994//6056 3007//6056 3005//6056
f 3995//6057 3005//6057 3004//6057
f 3995//6058 3994//6058 3005//6058
f 3996//6059 3004//6059 3001//6059
f 3996//6060 3995//6060 3004//6060
f 3997//6061 3001//6061 2999//6061
f 3997//6062 3996//6062 3001//6062
f 3998//6063 2999//6063 2998//6063
f 3998//6064 3997//6064 2999//6064
f 3999//6065 2998//6065 2995//6065
f 3999//6066 3998//6066 2998//6066
f 4000//6067 2995//6067 2993//6067
f 4000//6068 3999//6068 2995//6068
f 4001//6069 2993//6069 2992//6069
f 4001//6070 4000//6070 2993//6070
f 4002//6071 2992//6071 2990//6071
f 4002//6072 4001//6072 2992//6072
f 4003//6073 2990//6073 2987//6073
f 4003//6074 4002//6074 2990//6074
f 4004//6075 2987//6075 2983//6075
f 4004//6076 4003//6076 2987//6076
f 4005//6077 2983//6077 2979//6077
f 4005//6078 4004//6078 2983//6078
f 4006//6079 4005//6079 2979//6079
f 4006//6080 2979//6080 2975//6080
f 4007//6081 4006//6081 2975//6081
f 4007//6082 2975//6082 2971//6082
f 4008//6083 4007//6083 2971//6083
f 4008//6084 2971//6084 2968//6084
f 4009//6085 4008//6085 2968//6085
f 4009//6086 2968//6086 2963//6086
f 4010//6087 4009//6087 2963//6087
f 4010//6088 2963//6088 2960//6088
f 4011//6089 4010//6089 2960//6089
f 4011//6090 2960//6090 2956//6090
f 4012//6091 4011//6091 2956//6091
f 4012//6092 2956//6092 2951//6092
f 4013//6093 2951//6093 2948//6093
f 4013//6094 4012//6094 2951//6094
f 4014//6095 4013//6095 2948//6095
f 4014//6096 2948//6096 2943//6096
f 4015//6097 2943//6097 2940//6097
f 4015//6098 4014//6098 2943//6098
f 4016//6099 2940//6099 2937//6099
f 4016//6100 4015//6100 2940//6100
f 4017//6101 2937//6101 2932//6101
f 4017//6102 4016//6102 2937//6102
f 4018//6103 2932//6103 2936//6103
f 4018//6104 4017//6104 2932//6104
f 1751//6105 2939//6105 2942//6105
f 1751//6106 1748//6106 4019//6106
f 1751//6107 4019//6107 4020//6107
f 1751//6108 4020//6108 4021//6108
f 1751//6109 4021//6109 4022//6109
f 1751//6110 4022//6110 2939//6110
f 1752//6111 2942//6111 2947//6111
f 1752//6112 1751//6112 2942//6112
f 1754//6113 2947//6113 2950//6113
f 1754//6114 1752//6114 2947//6114
f 1756//6115 2950//6115 2955//6115
f 1756//6116 1754//6116 2950//6116
f 1759//6117 2955//6117 2958//6117
f 1759//6118 1756//6118 2955//6118
f 1761//6119 2958//6119 2962//6119
f 1761//6120 1759//6120 2958//6120
f 1762//6121 2962//6121 2966//6121
f 1762//6122 1761//6122 2962//6122
f 1765//6123 2966//6123 2970//6123
f 1765//6124 1762//6124 2966//6124
f 1766//6125 2970//6125 2974//6125
f 1766//6126 1765//6126 2970//6126
f 1768//6127 1766//6127 2974//6127
f 1768//6128 2974//6128 2978//6128
f 1770//6129 1768//6129 2978//6129
f 1770//6130 2978//6130 2982//6130
f 1772//6131 2982//6131 2986//6131
f 1772//6132 1770//6132 2982//6132
f 1774//6133 1772//6133 2986//6133
f 1774//6134 2986//6134 3249//6134
f 1798//6135 3249//6135 3248//6135
f 1798//6136 1774//6136 3249//6136
f 1799//6137 3248//6137 3257//6137
f 1799//6138 1798//6138 3248//6138
f 1789//6139 3257//6139 3258//6139
f 1789//6140 1799//6140 3257//6140
f 1788//6141 3258//6141 3173//6141
f 1788//6142 1789//6142 3258//6142
f 1787//6143 3173//6143 3111//6143
f 1787//6144 1788//6144 3173//6144
f 1786//6145 3111//6145 3106//6145
f 1786//6146 1787//6146 3111//6146
f 1785//6147 3106//6147 3103//6147
f 1785//6148 1786//6148 3106//6148
f 1784//6149 3103//6149 3099//6149
f 1784//6150 1785//6150 3103//6150
f 1783//6151 3099//6151 3094//6151
f 1783//6152 1784//6152 3099//6152
f 1782//6153 3094//6153 3088//6153
f 1782//6154 1783//6154 3094//6154
f 1781//6155 3088//6155 3084//6155
f 1781//6156 1782//6156 3088//6156
f 1780//6157 3084//6157 3081//6157
f 1780//6158 1781//6158 3084//6158
f 1779//6159 3081//6159 3076//6159
f 1779//6160 1780//6160 3081//6160
f 1778//6161 3076//6161 3073//6161
f 1778//6162 1779//6162 3076//6162
f 1776//6163 1778//6163 3073//6163
f 1776//6164 3073//6164 3069//6164
f 3967//6165 1776//6165 3069//6165
f 3966//6166 1776//6166 3967//6166
f 3968//6167 1776//6167 3966//6167
f 3969//6168 1776//6168 3968//6168
f 1777//6169 1776//6169 3969//6169
f 4023//6170 3065//6170 3061//6170
f 4024//6171 4023//6171 3061//6171
f 4024//6172 3061//6172 3055//6172
f 4025//6173 4024//6173 3055//6173
f 4025//6174 3055//6174 3051//6174
f 4026//6175 4025//6175 3051//6175
f 4026//6176 3051//6176 3053//6176
f 4027//6177 4026//6177 3053//6177
f 4027//6178 3053//6178 3057//6178
f 4028//6179 4027//6179 3057//6179
f 4028//6180 3057//6180 3060//6180
f 4029//6181 4028//6181 3060//6181
f 4029//6182 3060//6182 3064//6182
f 4030//6183 4029//6183 3064//6183
f 4030//6184 3064//6184 3068//6184
f 4031//6185 4030//6185 3068//6185
f 4031//6186 3068//6186 3075//6186
f 4032//6187 4031//6187 3075//6187
f 4032//6188 3075//6188 3079//6188
f 4033//6189 4032//6189 3079//6189
f 4033//6190 3079//6190 3083//6190
f 4034//6191 4033//6191 3083//6191
f 4034//6192 3083//6192 3087//6192
f 4035//6193 4034//6193 3087//6193
f 4035//6194 3087//6194 3093//6194
f 4036//6195 4035//6195 3093//6195
f 4036//6196 3093//6196 3097//6196
f 4037//6197 4036//6197 3097//6197
f 4037//6198 3097//6198 3101//6198
f 4038//6199 4037//6199 3101//6199
f 4038//6200 3101//6200 3105//6200
f 4039//6201 4038//6201 3105//6201
f 4039//6202 3105//6202 3109//6202
f 4040//6203 4039//6203 3109//6203
f 4040//6204 3109//6204 3115//6204
f 4041//6205 4040//6205 3115//6205
f 4041//6206 3115//6206 3117//6206
f 4042//6207 4041//6207 3117//6207
f 4042//6208 3117//6208 3119//6208
f 4043//6209 4042//6209 3119//6209
f 4043//6210 3119//6210 3121//6210
f 4044//6211 3121//6211 3124//6211
f 4044//6212 4043//6212 3121//6212
f 4045//6213 4044//6213 3124//6213
f 4045//6214 3124//6214 3126//6214
f 4046//6215 3126//6215 3128//6215
f 4046//6216 4045//6216 3126//6216
f 4047//6217 3128//6217 3130//6217
f 4047//6218 4046//6218 3128//6218
f 4048//6219 3130//6219 3133//6219
f 4048//6220 4047//6220 3130//6220
f 4049//6221 3133//6221 3135//6221
f 4049//6222 4048//6222 3133//6222
f 4050//6223 3135//6223 3137//6223
f 4050//6224 4049//6224 3135//6224
f 4051//6225 4050//6225 3137//6225
f 4051//6226 3137//6226 3139//6226
f 4052//6227 4051//6227 3139//6227
f 4052//6228 3139//6228 3141//6228
f 4053//6229 4052//6229 3141//6229
f 4053//6230 3141//6230 3143//6230
f 4054//6231 4053//6231 3143//6231
f 4054//6232 3143//6232 3146//6232
f 4055//6233 4054//6233 3146//6233
f 4055//6234 3146//6234 3148//6234
f 4056//6235 4055//6235 3148//6235
f 4056//6236 3148//6236 3150//6236
f 4057//6237 4056//6237 3150//6237
f 4057//6238 3150//6238 3152//6238
f 4058//6239 4057//6239 3152//6239
f 4058//6240 3152//6240 3154//6240
f 4059//6241 4058//6241 3154//6241
f 4059//6242 3154//6242 3156//6242
f 4060//6243 4059//6243 3156//6243
f 4060//6244 3156//6244 3158//6244
f 4061//6245 4060//6245 3158//6245
f 4061//6246 3158//6246 3160//6246
f 4062//6247 4061//6247 3160//6247
f 4062//6248 3160//6248 3163//6248
f 4063//6249 4062//6249 3163//6249
f 4063//6250 3163//6250 3165//6250
f 4064//6251 4063//6251 3165//6251
f 4064//6252 3165//6252 3167//6252
f 4065//6253 3167//6253 3169//6253
f 4065//6254 4064//6254 3167//6254
f 4066//6255 3169//6255 3171//6255
f 4066//6256 4065//6256 3169//6256
f 4067//6257 3171//6257 3232//6257
f 4067//6258 4066//6258 3171//6258
f 4068//6259 3232//6259 3237//6259
f 4068//6260 4067//6260 3232//6260
f 4069//6261 3237//6261 3236//6261
f 4069//6262 4068//6262 3237//6262
f 4070//6263 3236//6263 3235//6263
f 4070//6264 4069//6264 3236//6264
f 3971//6265 4070//6265 3235//6265
f 4022//6266 4018//6266 2939//6266
f 2939//6267 4018//6267 2936//6267
f 4023//6268 3967//6268 3069//6268
f 4023//6269 3069//6269 3065//6269
f 4071//6270 4022//6270 4021//6270
f 4072//6271 4071//6271 4021//6271
f 4073//6272 4020//6272 4019//6272
f 4073//6273 4021//6273 4020//6273
f 4073//6274 4072//6274 4021//6274
f 4074//6275 4073//6275 4019//6275
f 1750//6276 4019//6276 1748//6276
f 1750//6277 4074//6277 4019//6277
f 4075//6278 4076//6278 3239//6278
f 4075//6279 3239//6279 3241//6279
f 4077//6280 3241//6280 2930//6280
f 4077//6281 4075//6281 3241//6281
f 4078//6282 2930//6282 2928//6282
f 4078//6283 4077//6283 2930//6283
f 4079//6284 2928//6284 2926//6284
f 4079//6285 4078//6285 2928//6285
f 4080//6286 2926//6286 2923//6286
f 4080//6287 4079//6287 2926//6287
f 4081//6288 2923//6288 2922//6288
f 4081//6289 4080//6289 2923//6289
f 4082//6290 2922//6290 2920//6290
f 4082//6291 4081//6291 2922//6291
f 4083//6292 2920//6292 2918//6292
f 4083//6293 4082//6293 2920//6293
f 4084//6294 4083//6294 2918//6294
f 4084//6295 2918//6295 2916//6295
f 4085//6296 4084//6296 2916//6296
f 4085//6297 2916//6297 2914//6297
f 4086//6298 4085//6298 2914//6298
f 4086//6299 2914//6299 2912//6299
f 4087//6300 4086//6300 2912//6300
f 4087//6301 2912//6301 2909//6301
f 4088//6302 4087//6302 2909//6302
f 4088//6303 2909//6303 2908//6303
f 4089//6304 4088//6304 2908//6304
f 4089//6305 2908//6305 2906//6305
f 4090//6306 4089//6306 2906//6306
f 4090//6307 2906//6307 2904//6307
f 4091//6308 4090//6308 2904//6308
f 4091//6309 2904//6309 2902//6309
f 4092//6310 4091//6310 2902//6310
f 4092//6311 2902//6311 2899//6311
f 4093//6312 4092//6312 2899//6312
f 4093//6313 2899//6313 2897//6313
f 4094//6314 4093//6314 2897//6314
f 4094//6315 2897//6315 2895//6315
f 4095//6316 4094//6316 2895//6316
f 4095//6317 2895//6317 2894//6317
f 4096//6318 4095//6318 2894//6318
f 4096//6319 2894//6319 2892//6319
f 4097//6320 2892//6320 2889//6320
f 4097//6321 4096//6321 2892//6321
f 4098//6322 2889//6322 2887//6322
f 4098//6323 4097//6323 2889//6323
f 4099//6324 4098//6324 2887//6324
f 4099//6325 2887//6325 2885//6325
f 4100//6326 2885//6326 2883//6326
f 4100//6327 4099//6327 2885//6327
f 4101//6328 2883//6328 2881//6328
f 4101//6329 4100//6329 2883//6329
f 4102//6330 2881//6330 2879//6330
f 4102//6331 4101//6331 2881//6331
f 4103//6332 2879//6332 2878//6332
f 4103//6333 4102//6333 2879//6333
f 4104//6334 2878//6334 2875//6334
f 4104//6335 4103//6335 2878//6335
f 4105//6336 2875//6336 2873//6336
f 4105//6337 4104//6337 2875//6337
f 4106//6338 2873//6338 2872//6338
f 4106//6339 4105//6339 2873//6339
f 4107//6340 2872//6340 2870//6340
f 4107//6341 4106//6341 2872//6341
f 4108//6342 2870//6342 2867//6342
f 4108//6343 4107//6343 2870//6343
f 4109//6344 2867//6344 2863//6344
f 4109//6345 4108//6345 2867//6345
f 4110//6346 2863//6346 2861//6346
f 4110//6347 4109//6347 2863//6347
f 4111//6348 4110//6348 2861//6348
f 4111//6349 2861//6349 2856//6349
f 4112//6350 4111//6350 2856//6350
f 4112//6351 2856//6351 2852//6351
f 4113//6352 4112//6352 2852//6352
f 4113//6353 2852//6353 2849//6353
f 4114//6354 4113//6354 2849//6354
f 4114//6355 2849//6355 2843//6355
f 4115//6356 4114//6356 2843//6356
f 4115//6357 2843//6357 2840//6357
f 4116//6358 4115//6358 2840//6358
f 4116//6359 2840//6359 2836//6359
f 4117//6360 4116//6360 2836//6360
f 4117//6361 2836//6361 2832//6361
f 4118//6362 2832//6362 2828//6362
f 4118//6363 4117//6363 2832//6363
f 4119//6364 4118//6364 2828//6364
f 4119//6365 2828//6365 2823//6365
f 4120//6366 2823//6366 2820//6366
f 4120//6367 4119//6367 2823//6367
f 4121//6368 2820//6368 2816//6368
f 4121//6369 4120//6369 2820//6369
f 4122//6370 2816//6370 2814//6370
f 4122//6371 4121//6371 2816//6371
f 4123//6372 2814//6372 2812//6372
f 4123//6373 4122//6373 2814//6373
f 1723//6374 2818//6374 2821//6374
f 1723//6375 1720//6375 4124//6375
f 1723//6376 4124//6376 4125//6376
f 1723//6377 4125//6377 4126//6377
f 1723//6378 4126//6378 4127//6378
f 1723//6379 4127//6379 2818//6379
f 1725//6380 2821//6380 2826//6380
f 1725//6381 1723//6381 2821//6381
f 1726//6382 2826//6382 2829//6382
f 1726//6383 1725//6383 2826//6383
f 1728//6384 2829//6384 2835//6384
f 1728//6385 1726//6385 2829//6385
f 1730//6386 2835//6386 2837//6386
f 1730//6387 1728//6387 2835//6387
f 1733//6388 2837//6388 2842//6388
f 1733//6389 1730//6389 2837//6389
f 1734//6390 2842//6390 2845//6390
f 1734//6391 1733//6391 2842//6391
f 1736//6392 2845//6392 2851//6392
f 1736//6393 1734//6393 2845//6393
f 1739//6394 2851//6394 2853//6394
f 1739//6395 1736//6395 2851//6395
f 1740//6396 1739//6396 2853//6396
f 1740//6397 2853//6397 2858//6397
f 1742//6398 1740//6398 2858//6398
f 1742//6399 2858//6399 2862//6399
f 1744//6400 2862//6400 2865//6400
f 1744//6401 1742//6401 2862//6401
f 1746//6402 1744//6402 2865//6402
f 1746//6403 2865//6403 3251//6403
f 1796//6404 3251//6404 3250//6404
f 1796//6405 1746//6405 3251//6405
f 1797//6406 3250//6406 3259//6406
f 1797//6407 1796//6407 3250//6407
f 1775//6408 3259//6408 2985//6408
f 1775//6409 1797//6409 3259//6409
f 1773//6410 2985//6410 2981//6410
f 1773//6411 1775//6411 2985//6411
f 1771//6412 2981//6412 2977//6412
f 1771//6413 1773//6413 2981//6413
f 1769//6414 2977//6414 2973//6414
f 1769//6415 1771//6415 2977//6415
f 1767//6416 2973//6416 2967//6416
f 1767//6417 1769//6417 2973//6417
f 1764//6418 2967//6418 2965//6418
f 1764//6419 1767//6419 2967//6419
f 1763//6420 2965//6420 2959//6420
f 1763//6421 1764//6421 2965//6421
f 1760//6422 2959//6422 2957//6422
f 1760//6423 1763//6423 2959//6423
f 1758//6424 2957//6424 2954//6424
f 1758//6425 1760//6425 2957//6425
f 1757//6426 2954//6426 2949//6426
f 1757//6427 1758//6427 2954//6427
f 1755//6428 2949//6428 2946//6428
f 1755//6429 1757//6429 2949//6429
f 1753//6430 2946//6430 2941//6430
f 1753//6431 1755//6431 2946//6431
f 1749//6432 1753//6432 2941//6432
f 1749//6433 2941//6433 2935//6433
f 4071//6434 1749//6434 2935//6434
f 4072//6435 1749//6435 4071//6435
f 4073//6436 1749//6436 4072//6436
f 4074//6437 1749//6437 4073//6437
f 1750//6438 1749//6438 4074//6438
f 4128//6439 2934//6439 2931//6439
f 4129//6440 4128//6440 2931//6440
f 4129//6441 2931//6441 2933//6441
f 4130//6442 4129//6442 2933//6442
f 4130//6443 2933//6443 2938//6443
f 4131//6444 4130//6444 2938//6444
f 4131//6445 2938//6445 2944//6445
f 4132//6446 4131//6446 2944//6446
f 4132//6447 2944//6447 2945//6447
f 4133//6448 4132//6448 2945//6448
f 4133//6449 2945//6449 2952//6449
f 4134//6450 4133//6450 2952//6450
f 4134//6451 2952//6451 2953//6451
f 4135//6452 4134//6452 2953//6452
f 4135//6453 2953//6453 2961//6453
f 4136//6454 4135//6454 2961//6454
f 4136//6455 2961//6455 2964//6455
f 4137//6456 4136//6456 2964//6456
f 4137//6457 2964//6457 2969//6457
f 4138//6458 4137//6458 2969//6458
f 4138//6459 2969//6459 2972//6459
f 4139//6460 4138//6460 2972//6460
f 4139//6461 2972//6461 2976//6461
f 4140//6462 4139//6462 2976//6462
f 4140//6463 2976//6463 2980//6463
f 4141//6464 4140//6464 2980//6464
f 4141//6465 2980//6465 2984//6465
f 4142//6466 4141//6466 2984//6466
f 4142//6467 2984//6467 2988//6467
f 4143//6468 4142//6468 2988//6468
f 4143//6469 2988//6469 2989//6469
f 4144//6470 4143//6470 2989//6470
f 4144//6471 2989//6471 2991//6471
f 4145//6472 4144//6472 2991//6472
f 4145//6473 2991//6473 2994//6473
f 4146//6474 4145//6474 2994//6474
f 4146//6475 2994//6475 2996//6475
f 4147//6476 4146//6476 2996//6476
f 4147//6477 2996//6477 2997//6477
f 4148//6478 4147//6478 2997//6478
f 4148//6479 2997//6479 3000//6479
f 4149//6480 3000//6480 3002//6480
f 4149//6481 4148//6481 3000//6481
f 4150//6482 4149//6482 3002//6482
f 4150//6483 3002//6483 3003//6483
f 4151//6484 3003//6484 3006//6484
f 4151//6485 4150//6485 3003//6485
f 4152//6486 3006//6486 3008//6486
f 4152//6487 4151//6487 3006//6487
f 4153//6488 3008//6488 3009//6488
f 4153//6489 4152//6489 3008//6489
f 4154//6490 3009//6490 3011//6490
f 4154//6491 4153//6491 3009//6491
f 4155//6492 3011//6492 3014//6492
f 4155//6493 4154//6493 3011//6493
f 4156//6494 4155//6494 3014//6494
f 4156//6495 3014//6495 3015//6495
f 4157//6496 4156//6496 3015//6496
f 4157//6497 3015//6497 3018//6497
f 4158//6498 4157//6498 3018//6498
f 4158//6499 3018//6499 3020//6499
f 4159//6500 4158//6500 3020//6500
f 4159//6501 3020//6501 3021//6501
f 4160//6502 4159//6502 3021//6502
f 4160//6503 3021//6503 3024//6503
f 4161//6504 4160//6504 3024//6504
f 4161//6505 3024//6505 3025//6505
f 4162//6506 4161//6506 3025//6506
f 4162//6507 3025//6507 3028//6507
f 4163//6508 4162//6508 3028//6508
f 4163//6509 3028//6509 3030//6509
f 4164//6510 4163//6510 3030//6510
f 4164//6511 3030//6511 3031//6511
f 4165//6512 4164//6512 3031//6512
f 4165//6513 3031//6513 3033//6513
f 4166//6514 4165//6514 3033//6514
f 4166//6515 3033//6515 3035//6515
f 4167//6516 4166//6516 3035//6516
f 4167//6517 3035//6517 3038//6517
f 4168//6518 4167//6518 3038//6518
f 4168//6519 3038//6519 3039//6519
f 4169//6520 4168//6520 3039//6520
f 4169//6521 3039//6521 3041//6521
f 4170//6522 3041//6522 3044//6522
f 4170//6523 4169//6523 3041//6523
f 4171//6524 3044//6524 3046//6524
f 4171//6525 4170//6525 3044//6525
f 4172//6526 3046//6526 3047//6526
f 4172//6527 4171//6527 3046//6527
f 4173//6528 3047//6528 3049//6528
f 4173//6529 4172//6529 3047//6529
f 4174//6530 3049//6530 3240//6530
f 4174//6531 4173//6531 3049//6531
f 4175//6532 3240//6532 3239//6532
f 4175//6533 4174//6533 3240//6533
f 4076//6534 4175//6534 3239//6534
f 4127//6535 4123//6535 2818//6535
f 2818//6536 4123//6536 2812//6536
f 4128//6537 4071//6537 2935//6537
f 4128//6538 2935//6538 2934//6538
f 4176//6539 4177//6539 4127//6539
f 4176//6540 4127//6540 4126//6540
f 4178//6541 4125//6541 4124//6541
f 4178//6542 4126//6542 4125//6542
f 4178//6543 4176//6543 4126//6543
f 4179//6544 4178//6544 4124//6544
f 1722//6545 4124//6545 1720//6545
f 1722//6546 4179//6546 4124//6546
f 4180//6547 4181//6547 3242//6547
f 4180//6548 3242//6548 3244//6548
f 4182//6549 3244//6549 3245//6549
f 4182//6550 4180//6550 3244//6550
f 4183//6551 3245//6551 3246//6551
f 4183//6552 4182//6552 3245//6552
f 4184//6553 3246//6553 2810//6553
f 4184//6554 4183//6554 3246//6554
f 4185//6555 2810//6555 2808//6555
f 4185//6556 4184//6556 2810//6556
f 4186//6557 2808//6557 2806//6557
f 4186//6558 4185//6558 2808//6558
f 4187//6559 2806//6559 2804//6559
f 4187//6560 4186//6560 2806//6560
f 4188//6561 2804//6561 2802//6561
f 4188//6562 4187//6562 2804//6562
f 4189//6563 4188//6563 2802//6563
f 4189//6564 2802//6564 2799//6564
f 4190//6565 4189//6565 2799//6565
f 4190//6566 2799//6566 2797//6566
f 4191//6567 4190//6567 2797//6567
f 4191//6568 2797//6568 2795//6568
f 4192//6569 4191//6569 2795//6569
f 4192//6570 2795//6570 2793//6570
f 4193//6571 4192//6571 2793//6571
f 4193//6572 2793//6572 2791//6572
f 4194//6573 4193//6573 2791//6573
f 4194//6574 2791//6574 2789//6574
f 4195//6575 4194//6575 2789//6575
f 4195//6576 2789//6576 2787//6576
f 4196//6577 4195//6577 2787//6577
f 4196//6578 2787//6578 2785//6578
f 4197//6579 4196//6579 2785//6579
f 4197//6580 2785//6580 2782//6580
f 4198//6581 4197//6581 2782//6581
f 4198//6582 2782//6582 2780//6582
f 4199//6583 4198//6583 2780//6583
f 4199//6584 2780//6584 2778//6584
f 4200//6585 4199//6585 2778//6585
f 4200//6586 2778//6586 2776//6586
f 4201//6587 4200//6587 2776//6587
f 4201//6588 2776//6588 2774//6588
f 4202//6589 2774//6589 2772//6589
f 4202//6590 4201//6590 2774//6590
f 4203//6591 2772//6591 2769//6591
f 4203//6592 4202//6592 2772//6592
f 4204//6593 4203//6593 2769//6593
f 4204//6594 2769//6594 2767//6594
f 4205//6595 2767//6595 2765//6595
f 4205//6596 4204//6596 2767//6596
f 4206//6597 2765//6597 2763//6597
f 4206//6598 4205//6598 2765//6598
f 4207//6599 2763//6599 2760//6599
f 4207//6600 4206//6600 2763//6600
f 4208//6601 2760//6601 2758//6601
f 4208//6602 4207//6602 2760//6602
f 4209//6603 2758//6603 2756//6603
f 4209//6604 4208//6604 2758//6604
f 4210//6605 2756//6605 2754//6605
f 4210//6606 4209//6606 2756//6606
f 4211//6607 2754//6607 2751//6607
f 4211//6608 4210//6608 2754//6608
f 4212//6609 2751//6609 2749//6609
f 4212//6610 4211//6610 2751//6610
f 4213//6611 2749//6611 2747//6611
f 4213//6612 4212//6612 2749//6612
f 4214//6613 2747//6613 2745//6613
f 4214//6614 4213//6614 2747//6614
f 4215//6615 2745//6615 2743//6615
f 4215//6616 4214//6616 2745//6616
f 4216//6617 4215//6617 2743//6617
f 4216//6618 2743//6618 2739//6618
f 4217//6619 4216//6619 2739//6619
f 4217//6620 2739//6620 2735//6620
f 4218//6621 4217//6621 2735//6621
f 4218//6622 2735//6622 2731//6622
f 4219//6623 4218//6623 2731//6623
f 4219//6624 2731//6624 2727//6624
f 4220//6625 4219//6625 2727//6625
f 4220//6626 2727//6626 2722//6626
f 4221//6627 4220//6627 2722//6627
f 4221//6628 2722//6628 2717//6628
f 4222//6629 4221//6629 2717//6629
f 4222//6630 2717//6630 2713//6630
f 4223//6631 2713//6631 2709//6631
f 4223//6632 4222//6632 2713//6632
f 4224//6633 4223//6633 2709//6633
f 4224//6634 2709//6634 2705//6634
f 4225//6635 2705//6635 2701//6635
f 4225//6636 4224//6636 2705//6636
f 4226//6637 2701//6637 2696//6637
f 4226//6638 4225//6638 2701//6638
f 4227//6639 2696//6639 2692//6639
f 4227//6640 4226//6640 2696//6640
f 4228//6641 2692//6641 2694//6641
f 4228//6642 4227//6642 2692//6642
f 1710//6643 2700//6643 2704//6643
f 1710//6644 1709//6644 4229//6644
f 1710//6645 4229//6645 4230//6645
f 1710//6646 4230//6646 4231//6646
f 1710//6647 4231//6647 4232//6647
f 1710//6648 4232//6648 2700//6648
f 1711//6649 2704//6649 2708//6649
f 1711//6650 1710//6650 2704//6650
f 1712//6651 2708//6651 2711//6651
f 1712//6652 1711//6652 2708//6652
f 1713//6653 2711//6653 2715//6653
f 1713//6654 1712//6654 2711//6654
f 1714//6655 2715//6655 2719//6655
f 1714//6656 1713//6656 2715//6656
f 1715//6657 2719//6657 2725//6657
f 1715//6658 1714//6658 2719//6658
f 1716//6659 2725//6659 2729//6659
f 1716//6660 1715//6660 2725//6660
f 1717//6661 2729//6661 2733//6661
f 1717//6662 1716//6662 2729//6662
f 1718//6663 2733//6663 2737//6663
f 1718//6664 1717//6664 2733//6664
f 1719//6665 1718//6665 2737//6665
f 1719//6666 2737//6666 2742//6666
f 1794//6667 1719//6667 2742//6667
f 1794//6668 2742//6668 3255//6668
f 1793//6669 3255//6669 3254//6669
f 1793//6670 1794//6670 3255//6670
f 1792//6671 1793//6671 3254//6671
f 1792//6672 3254//6672 3253//6672
f 1791//6673 3253//6673 3252//6673
f 1791//6674 1792//6674 3253//6674
f 1795//6675 3252//6675 3260//6675
f 1795//6676 1791//6676 3252//6676
f 1747//6677 3260//6677 2866//6677
f 1747//6678 1795//6678 3260//6678
f 1745//6679 2866//6679 2860//6679
f 1745//6680 1747//6680 2866//6680
f 1743//6681 2860//6681 2859//6681
f 1743//6682 1745//6682 2860//6682
f 1741//6683 2859//6683 2854//6683
f 1741//6684 1743//6684 2859//6684
f 1738//6685 2854//6685 2847//6685
f 1738//6686 1741//6686 2854//6686
f 1737//6687 2847//6687 2846//6687
f 1737//6688 1738//6688 2847//6688
f 1735//6689 2846//6689 2839//6689
f 1735//6690 1737//6690 2846//6690
f 1732//6691 2839//6691 2838//6691
f 1732//6692 1735//6692 2839//6692
f 1731//6693 2838//6693 2831//6693
f 1731//6694 1732//6694 2838//6694
f 1729//6695 2831//6695 2830//6695
f 1729//6696 1731//6696 2831//6696
f 1727//6697 2830//6697 2827//6697
f 1727//6698 1729//6698 2830//6698
f 1724//6699 2827//6699 2822//6699
f 1724//6700 1727//6700 2827//6700
f 1721//6701 1724//6701 2822//6701
f 1721//6702 2822//6702 2819//6702
f 4177//6703 1721//6703 2819//6703
f 4176//6704 1721//6704 4177//6704
f 4178//6705 1721//6705 4176//6705
f 4179//6706 1721//6706 4178//6706
f 1722//6707 1721//6707 4179//6707
f 4233//6708 2811//6708 2813//6708
f 4234//6709 4233//6709 2813//6709
f 4234//6710 2813//6710 2815//6710
f 4235//6711 4234//6711 2815//6711
f 4235//6712 2815//6712 2817//6712
f 4236//6713 4235//6713 2817//6713
f 4236//6714 2817//6714 2824//6714
f 4237//6715 4236//6715 2824//6715
f 4237//6716 2824//6716 2825//6716
f 4238//6717 4237//6717 2825//6717
f 4238//6718 2825//6718 2833//6718
f 4239//6719 4238//6719 2833//6719
f 4239//6720 2833//6720 2834//6720
f 4240//6721 4239//6721 2834//6721
f 4240//6722 2834//6722 2841//6722
f 4241//6723 4240//6723 2841//6723
f 4241//6724 2841//6724 2844//6724
f 4242//6725 4241//6725 2844//6725
f 4242//6726 2844//6726 2848//6726
f 4243//6727 4242//6727 2848//6727
f 4243//6728 2848//6728 2850//6728
f 4244//6729 4243//6729 2850//6729
f 4244//6730 2850//6730 2855//6730
f 4245//6731 4244//6731 2855//6731
f 4245//6732 2855//6732 2857//6732
f 4246//6733 4245//6733 2857//6733
f 4246//6734 2857//6734 2864//6734
f 4247//6735 4246//6735 2864//6735
f 4247//6736 2864//6736 2868//6736
f 4248//6737 4247//6737 2868//6737
f 4248//6738 2868//6738 2869//6738
f 4249//6739 4248//6739 2869//6739
f 4249//6740 2869//6740 2871//6740
f 4250//6741 4249//6741 2871//6741
f 4250//6742 2871//6742 2874//6742
f 4251//6743 4250//6743 2874//6743
f 4251//6744 2874//6744 2876//6744
f 4252//6745 4251//6745 2876//6745
f 4252//6746 2876//6746 2877//6746
f 4253//6747 4252//6747 2877//6747
f 4253//6748 2877//6748 2880//6748
f 4254//6749 2880//6749 2882//6749
f 4254//6750 4253//6750 2880//6750
f 4255//6751 4254//6751 2882//6751
f 4255//6752 2882//6752 2884//6752
f 4256//6753 2884//6753 2886//6753
f 4256//6754 4255//6754 2884//6754
f 4257//6755 2886//6755 2888//6755
f 4257//6756 4256//6756 2886//6756
f 4258//6757 2888//6757 2890//6757
f 4258//6758 4257//6758 2888//6758
f 4259//6759 2890//6759 2891//6759
f 4259//6760 4258//6760 2890//6760
f 4260//6761 2891//6761 2893//6761
f 4260//6762 4259//6762 2891//6762
f 4261//6763 4260//6763 2893//6763
f 4261//6764 2893//6764 2896//6764
f 4262//6765 4261//6765 2896//6765
f 4262//6766 2896//6766 2898//6766
f 4263//6767 4262//6767 2898//6767
f 4263//6768 2898//6768 2900//6768
f 4264//6769 4263//6769 2900//6769
f 4264//6770 2900//6770 2901//6770
f 4265//6771 4264//6771 2901//6771
f 4265//6772 2901//6772 2903//6772
f 4266//6773 4265//6773 2903//6773
f 4266//6774 2903//6774 2905//6774
f 4267//6775 4266//6775 2905//6775
f 4267//6776 2905//6776 2907//6776
f 4268//6777 4267//6777 2907//6777
f 4268//6778 2907//6778 2910//6778
f 4269//6779 4268//6779 2910//6779
f 4269//6780 2910//6780 2911//6780
f 4270//6781 4269//6781 2911//6781
f 4270//6782 2911//6782 2913//6782
f 4271//6783 4270//6783 2913//6783
f 4271//6784 2913//6784 2915//6784
f 4272//6785 4271//6785 2915//6785
f 4272//6786 2915//6786 2917//6786
f 4273//6787 4272//6787 2917//6787
f 4273//6788 2917//6788 2919//6788
f 4274//6789 4273//6789 2919//6789
f 4274//6790 2919//6790 2921//6790
f 4275//6791 2921//6791 2924//6791
f 4275//6792 4274//6792 2921//6792
f 4276//6793 2924//6793 2925//6793
f 4276//6794 4275//6794 2924//6794
f 4277//6795 2925//6795 2927//6795
f 4277//6796 4276//6796 2925//6796
f 4278//6797 2927//6797 2929//6797
f 4278//6798 4277//6798 2927//6798
f 4279//6799 2929//6799 3243//6799
f 4279//6800 4278//6800 2929//6800
f 4280//6801 3243//6801 3242//6801
f 4280//6802 4279//6802 3243//6802
f 4181//6803 4280//6803 3242//6803
f 4232//6804 4228//6804 2700//6804
f 2700//6805 4228//6805 2694//6805
f 4233//6806 4177//6806 2819//6806
f 4233//6807 2819//6807 2811//6807
f 4281//6808 4229//6808 1709//6808
f 4281//6809 4230//6809 4229//6809
f 4281//6810 4231//6810 4230//6810
f 4281//6811 4232//6811 4231//6811
f 1708//6812 4281//6812 1709//6812
f 1708//6813 2486//6813 4281//6813
f 1708//6814 880//6814 2486//6814
f 1100//6815 2045//6815 2126//6815
f 1100//6816 2126//6816 3453//6816
f 3453//6817 2126//6817 3470//6817
f 2126//6818 2063//6818 3470//6818
f 2063//6819 2059//6819 3470//6819
f 3470//6820 2059//6820 3536//6820
f 2059//6821 2054//6821 3536//6821
f 3536//6822 2054//6822 3552//6822
f 2054//6823 2050//6823 3552//6823
f 3552//6824 2050//6824 3555//6824
f 2050//6825 2044//6825 3555//6825
f 3555//6826 2044//6826 3558//6826
f 3558//6827 2044//6827 3561//6827
f 2044//6828 2039//6828 3561//6828
f 3561//6829 2039//6829 3564//6829
f 2039//6830 2034//6830 3564//6830
f 2034//6831 2029//6831 3564//6831
f 3564//6832 2029//6832 3568//6832
f 2029//6833 2024//6833 3568//6833
f 3568//6834 2024//6834 3571//6834
f 2024//6835 2019//6835 3571//6835
f 3571//6836 2019//6836 3574//6836
f 2019//6837 2014//6837 3574//6837
f 3574//6838 2014//6838 3577//6838
f 3577//6839 2014//6839 3580//6839
f 2014//6840 2010//6840 3580//6840
f 2010//6841 1971//6841 3580//6841
f 3580//6842 1971//6842 3584//6842
f 1971//6843 1958//6843 3584//6843
f 3584//6844 1958//6844 3588//6844
f 1958//6845 1952//6845 3588//6845
f 3588//6846 1952//6846 3591//6846
f 1952//6847 1950//6847 3591//6847
f 3591//6848 1950//6848 3602//6848
f 3602//6849 1949//6849 3673//6849
f 1950//6850 1949//6850 3602//6850
f 3673//6851 1954//6851 3683//6851
f 1949//6852 1954//6852 3673//6852
f 3683//6853 1962//6853 3686//6853
f 1954//6854 1962//6854 3683//6854
f 3686//6855 1979//6855 3689//6855
f 1962//6856 1979//6856 3686//6856
f 3689//6857 2008//6857 3692//6857
f 1979//6858 2008//6858 3689//6858
f 3692//6859 2012//6859 3695//6859
f 3695//6860 2012//6860 3697//6860
f 2008//6861 2012//6861 3692//6861
f 2012//6862 2017//6862 3697//6862
f 3697//6863 2022//6863 3699//6863
f 3699//6864 2022//6864 3701//6864
f 2017//6865 2022//6865 3697//6865
f 2022//6866 2027//6866 3701//6866
f 3701//6867 2032//6867 3703//6867
f 3703//6868 2032//6868 3705//6868
f 2027//6869 2032//6869 3701//6869
f 3705//6870 2037//6870 3707//6870
f 2032//6871 2037//6871 3705//6871
f 2037//6872 2042//6872 3707//6872
f 2042//6873 2048//6873 3707//6873
f 3707//6874 2048//6874 3776//6874
f 2048//6875 2052//6875 3776//6875
f 3776//6876 2052//6876 3791//6876
f 2052//6877 2057//6877 3791//6877
f 3791//6878 2057//6878 3793//6878
f 2057//6879 2061//6879 3793//6879
f 3793//6880 2061//6880 3808//6880
f 3808//6881 2061//6881 3810//6881
f 2061//6882 2128//6882 3810//6882
f 2128//6883 2153//6883 3810//6883
f 3810//6884 2153//6884 3814//6884
f 2153//6885 2157//6885 3814//6885
f 3814//6886 2157//6886 3818//6886
f 3818//6887 2157//6887 3866//6887
f 2157//6888 2163//6888 3866//6888
f 3866//6889 2163//6889 3870//6889
f 2163//6890 2167//6890 3870//6890
f 2167//6891 2171//6891 3870//6891
f 3870//6892 2171//6892 3874//6892
f 2171//6893 2175//6893 3874//6893
f 3874//6894 2175//6894 3878//6894
f 2175//6895 2178//6895 3878//6895
f 3878//6896 2178//6896 3882//6896
f 2178//6897 2182//6897 3882//6897
f 3882//6898 2182//6898 3886//6898
f 3886//6899 2182//6899 3890//6899
f 2182//6900 2186//6900 3890//6900
f 2186//6901 2187//6901 3890//6901
f 3890//6902 2187//6902 3894//6902
f 2418//6903 2381//6903 3709//6903
f 2418//6904 3709//6904 3804//6904
f 2404//6905 3804//6905 3805//6905
f 2404//6906 2418//6906 3804//6906
f 2405//6907 3805//6907 3801//6907
f 2405//6908 2404//6908 3805//6908
f 2406//6909 3801//6909 3800//6909
f 2406//6910 2405//6910 3801//6910
f 2407//6911 3800//6911 3802//6911
f 2407//6912 2406//6912 3800//6912
f 2408//6913 3802//6913 3803//6913
f 2408//6914 2407//6914 3802//6914
f 2409//6915 3803//6915 3806//6915
f 2409//6916 2408//6916 3803//6916
f 2410//6917 3806//6917 3807//6917
f 2410//6918 2409//6918 3806//6918
f 2411//6919 3807//6919 3795//6919
f 2411//6920 3795//6920 3794//6920
f 2411//6921 2410//6921 3807//6921
f 2412//6922 2411//6922 3794//6922
f 2413//6923 3794//6923 3796//6923
f 2413//6924 2412//6924 3794//6924
f 2414//6925 3796//6925 3797//6925
f 2414//6926 2413//6926 3796//6926
f 2415//6927 3797//6927 3798//6927
f 2415//6928 2414//6928 3797//6928
f 2416//6929 2415//6929 3798//6929
f 2416//6930 3798//6930 3799//6930
f 2416//6931 3799//6931 3694//6931
f 2417//6932 2416//6932 3694//6932
f 2468//6933 2417//6933 3694//6933
f 2468//6934 3694//6934 3691//6934
f 2469//6935 2468//6935 3691//6935
f 2469//6936 3691//6936 3688//6936
f 2470//6937 2469//6937 3688//6937
f 2470//6938 3688//6938 3685//6938
f 2471//6939 2470//6939 3685//6939
f 2471//6940 3685//6940 3682//6940
f 2471//6941 3682//6941 3678//6941
f 2459//6942 2471//6942 3678//6942
f 2460//6943 2458//6943 3605//6943
f 3605//6944 2458//6944 3607//6944
f 3607//6945 2452//6945 3606//6945
f 2458//6946 2452//6946 3607//6946
f 3606//6947 2453//6947 3609//6947
f 2452//6948 2453//6948 3606//6948
f 3609//6949 2449//6949 3608//6949
f 2453//6950 2449//6950 3609//6950
f 3608//6951 2449//6951 3613//6951
f 2449//6952 2451//6952 3613//6952
f 3613//6953 2450//6953 3617//6953
f 2451//6954 2450//6954 3613//6954
f 3617//6955 2448//6955 3618//6955
f 2450//6956 2448//6956 3617//6956
f 3618//6957 2447//6957 3616//6957
f 2448//6958 2447//6958 3618//6958
f 3616//6959 2445//6959 3622//6959
f 2447//6960 2445//6960 3616//6960
f 3622//6961 2443//6961 3621//6961
f 2445//6962 2443//6962 3622//6962
f 3621//6963 2434//6963 3624//6963
f 2443//6964 2434//6964 3621//6964
f 3624//6965 2430//6965 3625//6965
f 3625//6966 2430//6966 3629//6966
f 2434//6967 2430//6967 3624//6967
f 2430//6968 2432//6968 3629//6968
f 3629//6969 2431//6969 3630//6969
f 2432//6970 2431//6970 3629//6970
f 3630//6971 2422//6971 3628//6971
f 3628//6972 2422//6972 3633//6972
f 2431//6973 2422//6973 3630//6973
f 2422//6974 2424//6974 3633//6974
f 3633//6975 2423//6975 3637//6975
f 3637//6976 2423//6976 3636//6976
f 2424//6977 2423//6977 3633//6977
f 3636//6978 2425//6978 3638//6978
f 2423//6979 2425//6979 3636//6979
f 3638//6980 2419//6980 3639//6980
f 2425//6981 2419//6981 3638//6981
f 2419//6982 2421//6982 3639//6982
f 3639//6983 2420//6983 3646//6983
f 2421//6984 2420//6984 3639//6984
f 3646//6985 2433//6985 3645//6985
f 2420//6986 2433//6986 3646//6986
f 3645//6987 2435//6987 3650//6987
f 2433//6988 2435//6988 3645//6988
f 3650//6989 2436//6989 3649//6989
f 2435//6990 2436//6990 3650//6990
f 3649//6991 2437//6991 3652//6991
f 2436//6992 2437//6992 3649//6992
f 3652//6993 2428//6993 3653//6993
f 2437//6994 2428//6994 3652//6994
f 3653//6995 2427//6995 3656//6995
f 2428//6996 2427//6996 3653//6996
f 3656//6997 2429//6997 3659//6997
f 2427//6998 2429//6998 3656//6998
f 2429//6999 2426//6999 3659//6999
f 3659//7000 2426//7000 3658//7000
f 2426//7001 2440//7001 3658//7001
f 3658//7002 2440//7002 3663//7002
f 3663//7003 2440//7003 3669//7003
f 2440//7004 2439//7004 3669//7004
f 3669//7005 2439//7005 3668//7005
f 2439//7006 2438//7006 3668//7006
f 3668//7007 2438//7007 3671//7007
f 2438//7008 2441//7008 3671//7008
f 2441//7009 2442//7009 3671//7009
f 3671//7010 2442//7010 3670//7010
f 3670//7011 2442//7011 3672//7011
f 2442//7012 2444//7012 3672//7012
f 2444//7013 2446//7013 3672//7013
f 3672//7014 2446//7014 3675//7014
f 2446//7015 2461//7015 3675//7015
f 3675//7016 2461//7016 3674//7016
f 3674//7017 2461//7017 3676//7017
f 2461//7018 2456//7018 3676//7018
f 3676//7019 2455//7019 3677//7019
f 2456//7020 2455//7020 3676//7020
f 3677//7021 2457//7021 3679//7021
f 2455//7022 2457//7022 3677//7022
f 3679//7023 2454//7023 3680//7023
f 2457//7024 2454//7024 3679//7024
f 3680//7025 2459//7025 3678//7025
f 2454//7026 2459//7026 3680//7026
f 3709//7027 2381//7027 3710//7027
f 2381//7028 2380//7028 3710//7028
f 3710//7029 2376//7029 3711//7029
f 2380//7030 2376//7030 3710//7030
f 3711//7031 2378//7031 3712//7031
f 2376//7032 2378//7032 3711//7032
f 2378//7033 2377//7033 3712//7033
f 3712//7034 2377//7034 3713//7034
f 2377//7035 2379//7035 3713//7035
f 3713//7036 2379//7036 3714//7036
f 2379//7037 2375//7037 3714//7037
f 3714//7038 2375//7038 3715//7038
f 2375//7039 2372//7039 3715//7039
f 3715//7040 2372//7040 3716//7040
f 2372//7041 2369//7041 3716//7041
f 3716//7042 2369//7042 3717//7042
f 3717//7043 2369//7043 3718//7043
f 2369//7044 2371//7044 3718//7044
f 2371//7045 2370//7045 3718//7045
f 3718//7046 2370//7046 3720//7046
f 3720//7047 2370//7047 3721//7047
f 2370//7048 2364//7048 3721//7048
f 2364//7049 2362//7049 3721//7049
f 3721//7050 2362//7050 3719//7050
f 2362//7051 2363//7051 3719//7051
f 3719//7052 2363//7052 3723//7052
f 2363//7053 2357//7053 3723//7053
f 3723//7054 2357//7054 3724//7054
f 3724//7055 2357//7055 3725//7055
f 2357//7056 2353//7056 3725//7056
f 2353//7057 2355//7057 3725//7057
f 3725//7058 2355//7058 3722//7058
f 3722//7059 2355//7059 3727//7059
f 2355//7060 2354//7060 3727//7060
f 2354//7061 2356//7061 3727//7061
f 3727//7062 2356//7062 3726//7062
f 3726//7063 2358//7063 3728//7063
f 2356//7064 2358//7064 3726//7064
f 3728//7065 2347//7065 3729//7065
f 2358//7066 2347//7066 3728//7066
f 3729//7067 2348//7067 3741//7067
f 2347//7068 2348//7068 3729//7068
f 3741//7069 2343//7069 3740//7069
f 2348//7070 2343//7070 3741//7070
f 3740//7071 2344//7071 3745//7071
f 3745//7072 2344//7072 3748//7072
f 2343//7073 2344//7073 3740//7073
f 2344//7074 2341//7074 3748//7074
f 3748//7075 2338//7075 3754//7075
f 3754//7076 2338//7076 3755//7076
f 2341//7077 2338//7077 3748//7077
f 2338//7078 2339//7078 3755//7078
f 3755//7079 2336//7079 3753//7079
f 3753//7080 2336//7080 3760//7080
f 2339//7081 2336//7081 3755//7081
f 3760//7082 2334//7082 3759//7082
f 2336//7083 2334//7083 3760//7083
f 2334//7084 2335//7084 3759//7084
f 2335//7085 2329//7085 3759//7085
f 3759//7086 2329//7086 3761//7086
f 2329//7087 2331//7087 3761//7087
f 3761//7088 2331//7088 3766//7088
f 2331//7089 2330//7089 3766//7089
f 3766//7090 2330//7090 3765//7090
f 2330//7091 2332//7091 3765//7091
f 3765//7092 2332//7092 3767//7092
f 2332//7093 2328//7093 3767//7093
f 3767//7094 2328//7094 3773//7094
f 2328//7095 2327//7095 3773//7095
f 3773//7096 2327//7096 3772//7096
f 2327//7097 2325//7097 3772//7097
f 3772//7098 2325//7098 3779//7098
f 2325//7099 2324//7099 3779//7099
f 3779//7100 2324//7100 3780//7100
f 2324//7101 2323//7101 3780//7101
f 3780//7102 2323//7102 3778//7102
f 2323//7103 2326//7103 3778//7103
f 3778//7104 2326//7104 3783//7104
f 2462//7105 2460//7105 3605//7105
f 2462//7106 3605//7106 3592//7106
f 2463//7107 3592//7107 3589//7107
f 2463//7108 2462//7108 3592//7108
f 2464//7109 3589//7109 3586//7109
f 2464//7110 3586//7110 3583//7110
f 2464//7111 2463//7111 3589//7111
f 2465//7112 2464//7112 3583//7112
f 2466//7113 3583//7113 3581//7113
f 2466//7114 3581//7114 3578//7114
f 2466//7115 2465//7115 3583//7115
f 2467//7116 2466//7116 3578//7116
f 2401//7117 3578//7117 3575//7117
f 2401//7118 2467//7118 3578//7118
f 2402//7119 3575//7119 3572//7119
f 2402//7120 2401//7120 3575//7120
f 2403//7121 3572//7121 3569//7121
f 2403//7122 3569//7122 3565//7122
f 2403//7123 2402//7123 3572//7123
f 2395//7124 2403//7124 3565//7124
f 2391//7125 3565//7125 3562//7125
f 2391//7126 2395//7126 3565//7126
f 2392//7127 3562//7127 3559//7127
f 2392//7128 2391//7128 3562//7128
f 2393//7129 3559//7129 3556//7129
f 2393//7130 2392//7130 3559//7130
f 2394//7131 3556//7131 3553//7131
f 2394//7132 3553//7132 3534//7132
f 2394//7133 2393//7133 3556//7133
f 2373//7134 2394//7134 3534//7134
f 2279//7135 2278//7135 3865//7135
f 2279//7136 3865//7136 3908//7136
f 2280//7137 3908//7137 3905//7137
f 2280//7138 2279//7138 3908//7138
f 2281//7139 3905//7139 3901//7139
f 2281//7140 2280//7140 3905//7140
f 2282//7141 3901//7141 3897//7141
f 2282//7142 2281//7142 3901//7142
f 2283//7143 3897//7143 3893//7143
f 2283//7144 2282//7144 3897//7144
f 2284//7145 3893//7145 3889//7145
f 2284//7146 2283//7146 3893//7146
f 2285//7147 3889//7147 3885//7147
f 2285//7148 2284//7148 3889//7148
f 2286//7149 3885//7149 3881//7149
f 2286//7150 2285//7150 3885//7150
f 2297//7151 3881//7151 3877//7151
f 2297//7152 2286//7152 3881//7152
f 2298//7153 3877//7153 3873//7153
f 2298//7154 2297//7154 3877//7154
f 2299//7155 3873//7155 3869//7155
f 2299//7156 3869//7156 3842//7156
f 2299//7157 2298//7157 3873//7157
f 2352//7158 2299//7158 3842//7158
f 2382//7159 3842//7159 3817//7159
f 2382//7160 2352//7160 3842//7160
f 2389//7161 3817//7161 3813//7161
f 2389//7162 2382//7162 3817//7162
f 2326//7163 3813//7163 3783//7163
f 2326//7164 2389//7164 3813//7164
f 2307//7165 2300//7165 3467//7165
f 3467//7166 2300//7166 3474//7166
f 3474//7167 2302//7167 3475//7167
f 2300//7168 2302//7168 3474//7168
f 3475//7169 2301//7169 3473//7169
f 2302//7170 2301//7170 3475//7170
f 3473//7171 2304//7171 3479//7171
f 3479//7172 2304//7172 3480//7172
f 2301//7173 2304//7173 3473//7173
f 2304//7174 2305//7174 3480//7174
f 3480//7175 2306//7175 3478//7175
f 2305//7176 2306//7176 3480//7176
f 3478//7177 2306//7177 3486//7177
f 2306//7178 2303//7178 3486//7178
f 3486//7179 2308//7179 3487//7179
f 3487//7180 2308//7180 3485//7180
f 2303//7181 2308//7181 3486//7181
f 2308//7182 2309//7182 3485//7182
f 3485//7183 2311//7183 3492//7183
f 2309//7184 2311//7184 3485//7184
f 3492//7185 2310//7185 3493//7185
f 3493//7186 2310//7186 3491//7186
f 2311//7187 2310//7187 3492//7187
f 3491//7188 2312//7188 3496//7188
f 2310//7189 2312//7189 3491//7189
f 2312//7190 2313//7190 3496//7190
f 3496//7191 2315//7191 3495//7191
f 2313//7192 2315//7192 3496//7192
f 3495//7193 2316//7193 3503//7193
f 2315//7194 2316//7194 3495//7194
f 3503//7195 2314//7195 3504//7195
f 3504//7196 2314//7196 3505//7196
f 2316//7197 2314//7197 3503//7197
f 3505//7198 2317//7198 3502//7198
f 2314//7199 2317//7199 3505//7199
f 2317//7200 2318//7200 3502//7200
f 3502//7201 2320//7201 3524//7201
f 2318//7202 2320//7202 3502//7202
f 3524//7203 2319//7203 3522//7203
f 2320//7204 2319//7204 3524//7204
f 3522//7205 2322//7205 3512//7205
f 2319//7206 2322//7206 3522//7206
f 3512//7207 2321//7207 3513//7207
f 2322//7208 2321//7208 3512//7208
f 3513//7209 2333//7209 3511//7209
f 2321//7210 2333//7210 3513//7210
f 3511//7211 2337//7211 3518//7211
f 3518//7212 2337//7212 3519//7212
f 2333//7213 2337//7213 3511//7213
f 2337//7214 2340//7214 3519//7214
f 3519//7215 2342//7215 3517//7215
f 3517//7216 2342//7216 3521//7216
f 2340//7217 2342//7217 3519//7217
f 2342//7218 2346//7218 3521//7218
f 3521//7219 2345//7219 3523//7219
f 2346//7220 2345//7220 3521//7220
f 2345//7221 2350//7221 3523//7221
f 3523//7222 2350//7222 3529//7222
f 2350//7223 2349//7223 3529//7223
f 3529//7224 2349//7224 3528//7224
f 2349//7225 2351//7225 3528//7225
f 3528//7226 2351//7226 3530//7226
f 2351//7227 2360//7227 3530//7227
f 3530//7228 2360//7228 3533//7228
f 2360//7229 2361//7229 3533//7229
f 3533//7230 2361//7230 3541//7230
f 2361//7231 2359//7231 3541//7231
f 3541//7232 2359//7232 3540//7232
f 2359//7233 2366//7233 3540//7233
f 3540//7234 2366//7234 3550//7234
f 3550//7235 2366//7235 3549//7235
f 2366//7236 2367//7236 3549//7236
f 2367//7237 2365//7237 3549//7237
f 3549//7238 2365//7238 3544//7238
f 3544//7239 2368//7239 3542//7239
f 2365//7240 2368//7240 3544//7240
f 2368//7241 2374//7241 3542//7241
f 3542//7242 2374//7242 3537//7242
f 3537//7243 2374//7243 3534//7243
f 2374//7244 2373//7244 3534//7244
f 3865//7245 2278//7245 3858//7245
f 2278//7246 2275//7246 3858//7246
f 3858//7247 2277//7247 3857//7247
f 2275//7248 2277//7248 3858//7248
f 3857//7249 2276//7249 3854//7249
f 2277//7250 2276//7250 3857//7250
f 2276//7251 2274//7251 3854//7251
f 3854//7252 2274//7252 3855//7252
f 2274//7253 2273//7253 3855//7253
f 3855//7254 2273//7254 3856//7254
f 3856//7255 2273//7255 3851//7255
f 2273//7256 2272//7256 3851//7256
f 3851//7257 2272//7257 3849//7257
f 2272//7258 2271//7258 3849//7258
f 2271//7259 2270//7259 3849//7259
f 3849//7260 2270//7260 3843//7260
f 2270//7261 2269//7261 3843//7261
f 3843//7262 2269//7262 3844//7262
f 2269//7263 2266//7263 3844//7263
f 3844//7264 2266//7264 3845//7264
f 3845//7265 2266//7265 3838//7265
f 2266//7266 2268//7266 3838//7266
f 3838//7267 2268//7267 3839//7267
f 2268//7268 2267//7268 3839//7268
f 2267//7269 2260//7269 3839//7269
f 3839//7270 2260//7270 3840//7270
f 2260//7271 2258//7271 3840//7271
f 3840//7272 2258//7272 3831//7272
f 2258//7273 2254//7273 3831//7273
f 3831//7274 2254//7274 3832//7274
f 3832//7275 2254//7275 3833//7275
f 2254//7276 2255//7276 3833//7276
f 3833//7277 2248//7277 3828//7277
f 2255//7278 2248//7278 3833//7278
f 3828//7279 2248//7279 3829//7279
f 2248//7280 2249//7280 3829//7280
f 2249//7281 2246//7281 3829//7281
f 3829//7282 2246//7282 3826//7282
f 3826//7283 2247//7283 3822//7283
f 3822//7284 2247//7284 3823//7284
f 2246//7285 2247//7285 3826//7285
f 3823//7286 2241//7286 3824//7286
f 2247//7287 2241//7287 3823//7287
f 3824//7288 2243//7288 3821//7288
f 2241//7289 2243//7289 3824//7289
f 2243//7290 2242//7290 3821//7290
f 3821//7291 2235//7291 3825//7291
f 2242//7292 2235//7292 3821//7292
f 3825//7293 2234//7293 3830//7293
f 2235//7294 2234//7294 3825//7294
f 3830//7295 2232//7295 3827//7295
f 2234//7296 2232//7296 3830//7296
f 3827//7297 2233//7297 3835//7297
f 2232//7298 2233//7298 3827//7298
f 3835//7299 2229//7299 3836//7299
f 2233//7300 2229//7300 3835//7300
f 2229//7301 2227//7301 3836//7301
f 3836//7302 2227//7302 3837//7302
f 2227//7303 2223//7303 3837//7303
f 3837//7304 2223//7304 3834//7304
f 2223//7305 2225//7305 3834//7305
f 3834//7306 2225//7306 3850//7306
f 2225//7307 2224//7307 3850//7307
f 3850//7308 2224//7308 3847//7308
f 2224//7309 2218//7309 3847//7309
f 3847//7310 2218//7310 3848//7310
f 2218//7311 2219//7311 3848//7311
f 3848//7312 2219//7312 3846//7312
f 3846//7313 2219//7313 3852//7313
f 2219//7314 2215//7314 3852//7314
f 2215//7315 2213//7315 3852//7315
f 3852//7316 2213//7316 3853//7316
f 3853//7317 2213//7317 3859//7317
f 2213//7318 2214//7318 3859//7318
f 2214//7319 2207//7319 3859//7319
f 3859//7320 2207//7320 3861//7320
f 2207//7321 2209//7321 3861//7321
f 3861//7322 2209//7322 3862//7322
f 2209//7323 2208//7323 3862//7323
f 3862//7324 2208//7324 3863//7324
f 3863//7325 2208//7325 3860//7325
f 2208//7326 2210//7326 3860//7326
f 2210//7327 2202//7327 3860//7327
f 3860//7328 2202//7328 3864//7328
f 2152//7329 2127//7329 3790//7329
f 2152//7330 3790//7330 3811//7330
f 2156//7331 3811//7331 3815//7331
f 2156//7332 3815//7332 3819//7332
f 2156//7333 2152//7333 3811//7333
f 2160//7334 2156//7334 3819//7334
f 2162//7335 3819//7335 3820//7335
f 2162//7336 2160//7336 3819//7336
f 2166//7337 3820//7337 3867//7337
f 2166//7338 2162//7338 3820//7338
f 2170//7339 3867//7339 3871//7339
f 2170//7340 2166//7340 3867//7340
f 2174//7341 3871//7341 3875//7341
f 2174//7342 2170//7342 3871//7342
f 2177//7343 3875//7343 3879//7343
f 2177//7344 2174//7344 3875//7344
f 2181//7345 3879//7345 3883//7345
f 2181//7346 2177//7346 3879//7346
f 2185//7347 3883//7347 3887//7347
f 2185//7348 3887//7348 3891//7348
f 2185//7349 2181//7349 3883//7349
f 2188//7350 2185//7350 3891//7350
f 2189//7351 3891//7351 3895//7351
f 2189//7352 2188//7352 3891//7352
f 2190//7353 3895//7353 3899//7353
f 2190//7354 3899//7354 3903//7354
f 2190//7355 2189//7355 3895//7355
f 2191//7356 2190//7356 3903//7356
f 2202//7357 3903//7357 3864//7357
f 2202//7358 2191//7358 3903//7358
f 2307//7359 3467//7359 3460//7359
f 2384//7360 2307//7360 3460//7360
f 2385//7361 3460//7361 3458//7361
f 2385//7362 3458//7362 3456//7362
f 2385//7363 2384//7363 3460//7363
f 2386//7364 2385//7364 3456//7364
f 2387//7365 3456//7365 3454//7365
f 2387//7366 2386//7366 3456//7366
f 2388//7367 3454//7367 3451//7367
f 2388//7368 3451//7368 3447//7368
f 2388//7369 2387//7369 3454//7369
f 2397//7370 2388//7370 3447//7370
f 2398//7371 3447//7371 3442//7371
f 2398//7372 2397//7372 3447//7372
f 2399//7373 3442//7373 3435//7373
f 2399//7374 2398//7374 3442//7374
f 2291//7375 3435//7375 3428//7375
f 2291//7376 2399//7376 3435//7376
f 2292//7377 3428//7377 3421//7377
f 2292//7378 3421//7378 3413//7378
f 2292//7379 2291//7379 3428//7379
f 2293//7380 2292//7380 3413//7380
f 2294//7381 3413//7381 3376//7381
f 2294//7382 2293//7382 3413//7382
f 2295//7383 3376//7383 3364//7383
f 2295//7384 2294//7384 3376//7384
f 2296//7385 3364//7385 3347//7385
f 2296//7386 2295//7386 3364//7386
f 2265//7387 3347//7387 3337//7387
f 2265//7388 2296//7388 3347//7388
f 3790//7389 2127//7389 3789//7389
f 2127//7390 2133//7390 3789//7390
f 3789//7391 2143//7391 3786//7391
f 2133//7392 2143//7392 3789//7392
f 3786//7393 2144//7393 3787//7393
f 3787//7394 2144//7394 3788//7394
f 2143//7395 2144//7395 3786//7395
f 2144//7396 2142//7396 3788//7396
f 3788//7397 2142//7397 3785//7397
f 2142//7398 2137//7398 3785//7398
f 2137//7399 2139//7399 3785//7399
f 3785//7400 2139//7400 3784//7400
f 2139//7401 2138//7401 3784//7401
f 3784//7402 2138//7402 3781//7402
f 2138//7403 2124//7403 3781//7403
f 3781//7404 2124//7404 3782//7404
f 2124//7405 2121//7405 3782//7405
f 3782//7406 2121//7406 3775//7406
f 3775//7407 2121//7407 3774//7407
f 2121//7408 2123//7408 3774//7408
f 2123//7409 2122//7409 3774//7409
f 3774//7410 2122//7410 3771//7410
f 2122//7411 2118//7411 3771//7411
f 3771//7412 2118//7412 3770//7412
f 3770//7413 2118//7413 3768//7413
f 2118//7414 2113//7414 3768//7414
f 2113//7415 2109//7415 3768//7415
f 3768//7416 2109//7416 3769//7416
f 2109//7417 2111//7417 3769//7417
f 3769//7418 2111//7418 3762//7418
f 2111//7419 2110//7419 3762//7419
f 3762//7420 2110//7420 3763//7420
f 2110//7421 2112//7421 3763//7421
f 3763//7422 2112//7422 3764//7422
f 3764//7423 2114//7423 3758//7423
f 2112//7424 2114//7424 3764//7424
f 3758//7425 2103//7425 3756//7425
f 3756//7426 2103//7426 3757//7426
f 2114//7427 2103//7427 3758//7427
f 2103//7428 2101//7428 3757//7428
f 3757//7429 2096//7429 3752//7429
f 2101//7430 2096//7430 3757//7430
f 3752//7431 2095//7431 3750//7431
f 2096//7432 2095//7432 3752//7432
f 3750//7433 2094//7433 3751//7433
f 2095//7434 2094//7434 3750//7434
f 3751//7435 2092//7435 3749//7435
f 3749//7436 2092//7436 3747//7436
f 2094//7437 2092//7437 3751//7437
f 2092//7438 2093//7438 3747//7438
f 3747//7439 2089//7439 3746//7439
f 2093//7440 2089//7440 3747//7440
f 3746//7441 2086//7441 3743//7441
f 2089//7442 2086//7442 3746//7442
f 3743//7443 2087//7443 3744//7443
f 2086//7444 2087//7444 3743//7444
f 3744//7445 2078//7445 3742//7445
f 2087//7446 2078//7446 3744//7446
f 2078//7447 2080//7447 3742//7447
f 3742//7448 2080//7448 3739//7448
f 2080//7449 2079//7449 3739//7449
f 3739//7450 2079//7450 3736//7450
f 2079//7451 2081//7451 3736//7451
f 3736//7452 2081//7452 3737//7452
f 2081//7453 2082//7453 3737//7453
f 3737//7454 2082//7454 3734//7454
f 2082//7455 2072//7455 3734//7455
f 3734//7456 2072//7456 3730//7456
f 2072//7457 2071//7457 3730//7457
f 3730//7458 2071//7458 3731//7458
f 2071//7459 2065//7459 3731//7459
f 3731//7460 2065//7460 3732//7460
f 2065//7461 2067//7461 3732//7461
f 3732//7462 2067//7462 3735//7462
f 2067//7463 2066//7463 3735//7463
f 3735//7464 2066//7464 3733//7464
f 2066//7465 2060//7465 3733//7465
f 3733//7466 2060//7466 3738//7466
f 2194//7467 2193//7467 3343//7467
f 3343//7468 2193//7468 3363//7468
f 2193//7469 2195//7469 3363//7469
f 3363//7470 2195//7470 3356//7470
f 2195//7471 2192//7471 3356//7471
f 3356//7472 2192//7472 3357//7472
f 3357//7473 2196//7473 3355//7473
f 2192//7474 2196//7474 3357//7474
f 2196//7475 2198//7475 3355//7475
f 3355//7476 2198//7476 3362//7476
f 3362//7477 2198//7477 3369//7477
f 3369//7478 2197//7478 3390//7478
f 2198//7479 2197//7479 3369//7479
f 3390//7480 2199//7480 3391//7480
f 2197//7481 2199//7481 3390//7481
f 2199//7482 2200//7482 3391//7482
f 3391//7483 2201//7483 3392//7483
f 2200//7484 2201//7484 3391//7484
f 3392//7485 2205//7485 3381//7485
f 2201//7486 2205//7486 3392//7486
f 3381//7487 2204//7487 3382//7487
f 2205//7488 2204//7488 3381//7488
f 3382//7489 2203//7489 3380//7489
f 2204//7490 2203//7490 3382//7490
f 3380//7491 2206//7491 3393//7491
f 2203//7492 2206//7492 3380//7492
f 3393//7493 2211//7493 3389//7493
f 2206//7494 2211//7494 3393//7494
f 3389//7495 2212//7495 3400//7495
f 3400//7496 2212//7496 3399//7496
f 2211//7497 2212//7497 3389//7497
f 2212//7498 2217//7498 3399//7498
f 3399//7499 2216//7499 3406//7499
f 2217//7500 2216//7500 3399//7500
f 3406//7501 2220//7501 3407//7501
f 2216//7502 2220//7502 3406//7502
f 3407//7503 2222//7503 3405//7503
f 2220//7504 2222//7504 3407//7504
f 3405//7505 2221//7505 3409//7505
f 2222//7506 2221//7506 3405//7506
f 3409//7507 2226//7507 3411//7507
f 3411//7508 2226//7508 3412//7508
f 2221//7509 2226//7509 3409//7509
f 2226//7510 2228//7510 3412//7510
f 3412//7511 2230//7511 3410//7511
f 3410//7512 2230//7512 3408//7512
f 2228//7513 2230//7513 3412//7513
f 2230//7514 2231//7514 3408//7514
f 3408//7515 2237//7515 3404//7515
f 3404//7516 2237//7516 3403//7516
f 2231//7517 2237//7517 3408//7517
f 2237//7518 2236//7518 3403//7518
f 2236//7519 2240//7519 3403//7519
f 3403//7520 2240//7520 3401//7520
f 2240//7521 2239//7521 3401//7521
f 3401//7522 2239//7522 3402//7522
f 3402//7523 2239//7523 3394//7523
f 2239//7524 2238//7524 3394//7524
f 2238//7525 2244//7525 3394//7525
f 3394//7526 2244//7526 3388//7526
f 3388//7527 2244//7527 3383//7527
f 2244//7528 2245//7528 3383//7528
f 2245//7529 2251//7529 3383//7529
f 3383//7530 2251//7530 3384//7530
f 3384//7531 2251//7531 3385//7531
f 2251//7532 2252//7532 3385//7532
f 2252//7533 2250//7533 3385//7533
f 3385//7534 2250//7534 3386//7534
f 3386//7535 2250//7535 3387//7535
f 2250//7536 2253//7536 3387//7536
f 3387//7537 2253//7537 3375//7537
f 2253//7538 2257//7538 3375//7538
f 2257//7539 2256//7539 3375//7539
f 3375//7540 2256//7540 3370//7540
f 3370//7541 2259//7541 3371//7541
f 3371//7542 2259//7542 3358//7542
f 2256//7543 2259//7543 3370//7543
f 2259//7544 2262//7544 3358//7544
f 3358//7545 2261//7545 3359//7545
f 2262//7546 2261//7546 3358//7546
f 3359//7547 2264//7547 3360//7547
f 2261//7548 2264//7548 3359//7548
f 3360//7549 2263//7549 3361//7549
f 3361//7550 2263//7550 3337//7550
f 2264//7551 2263//7551 3360//7551
f 2263//7552 2265//7552 3337//7552
f 1953//7553 1948//7553 3664//7553
f 1953//7554 3664//7554 3681//7554
f 1961//7555 3681//7555 3684//7555
f 1961//7556 1953//7556 3681//7556
f 1978//7557 3684//7557 3687//7557
f 1978//7558 1961//7558 3684//7558
f 2007//7559 3687//7559 3690//7559
f 2007//7560 1978//7560 3687//7560
f 2011//7561 3690//7561 3693//7561
f 2011//7562 2007//7562 3690//7562
f 2016//7563 3693//7563 3696//7563
f 2016//7564 3696//7564 3698//7564
f 2016//7565 2011//7565 3693//7565
f 2021//7566 2016//7566 3698//7566
f 2026//7567 3698//7567 3700//7567
f 2026//7568 3700//7568 3702//7568
f 2026//7569 2021//7569 3698//7569
f 2031//7570 2026//7570 3702//7570
f 2036//7571 3702//7571 3704//7571
f 2036//7572 2031//7572 3702//7572
f 2041//7573 3704//7573 3706//7573
f 2041//7574 2036//7574 3704//7574
f 2047//7575 3706//7575 3708//7575
f 2047//7576 3708//7576 3777//7576
f 2047//7577 2041//7577 3706//7577
f 2051//7578 3777//7578 3792//7578
f 2051//7579 2047//7579 3777//7579
f 2056//7580 2051//7580 3792//7580
f 2060//7581 3792//7581 3738//7581
f 2060//7582 2056//7582 3792//7582
f 3664//7583 1948//7583 3665//7583
f 1948//7584 1956//7584 3665//7584
f 3665//7585 1955//7585 3666//7585
f 1956//7586 1955//7586 3665//7586
f 3666//7587 1965//7587 3667//7587
f 1955//7588 1965//7588 3666//7588
f 1965//7589 1966//7589 3667//7589
f 3667//7590 1966//7590 3660//7590
f 1966//7591 1964//7591 3660//7591
f 3660//7592 1964//7592 3661//7592
f 1964//7593 1973//7593 3661//7593
f 3661//7594 1973//7594 3662//7594
f 3662//7595 1973//7595 3657//7595
f 1973//7596 1972//7596 3657//7596
f 1972//7597 1975//7597 3657//7597
f 3657//7598 1975//7598 3654//7598
f 1975//7599 1976//7599 3654//7599
f 3654//7600 1976//7600 3655//7600
f 3655//7601 1976//7601 3651//7601
f 1976//7602 1974//7602 3651//7602
f 1974//7603 1977//7603 3651//7603
f 3651//7604 1977//7604 3648//7604
f 1977//7605 1990//7605 3648//7605
f 3648//7606 1990//7606 3647//7606
f 3647//7607 1990//7607 3644//7607
f 1990//7608 1991//7608 3644//7608
f 1991//7609 1989//7609 3644//7609
f 3644//7610 1989//7610 3640//7610
f 1989//7611 1995//7611 3640//7611
f 3640//7612 1995//7612 3641//7612
f 3641//7613 1995//7613 3642//7613
f 1995//7614 1996//7614 3642//7614
f 3642//7615 1994//7615 3643//7615
f 1996//7616 1994//7616 3642//7616
f 3643//7617 1999//7617 3635//7617
f 1994//7618 1999//7618 3643//7618
f 3635//7619 2000//7619 3634//7619
f 1999//7620 2000//7620 3635//7620
f 3634//7621 2005//7621 3631//7621
f 2000//7622 2005//7622 3634//7622
f 3631//7623 2004//7623 3632//7623
f 2005//7624 2004//7624 3631//7624
f 3632//7625 2002//7625 3626//7625
f 3626//7626 2002//7626 3627//7626
f 2004//7627 2002//7627 3632//7627
f 2002//7628 2003//7628 3627//7628
f 3627//7629 2001//7629 3623//7629
f 2003//7630 2001//7630 3627//7630
f 3623//7631 1997//7631 3619//7631
f 2001//7632 1997//7632 3623//7632
f 3619//7633 1998//7633 3620//7633
f 1997//7634 1998//7634 3619//7634
f 3620//7635 1992//7635 3615//7635
f 1998//7636 1992//7636 3620//7636
f 3615//7637 1993//7637 3614//7637
f 3614//7638 1993//7638 3610//7638
f 1992//7639 1993//7639 3615//7639
f 1993//7640 1985//7640 3610//7640
f 1985//7641 1983//7641 3610//7641
f 3610//7642 1983//7642 3611//7642
f 1983//7643 1980//7643 3611//7643
f 3611//7644 1980//7644 3612//7644
f 3612//7645 1980//7645 3603//7645
f 1980//7646 1982//7646 3603//7646
f 1982//7647 1981//7647 3603//7647
f 3603//7648 1981//7648 3604//7648
f 1981//7649 1984//7649 3604//7649
f 3604//7650 1984//7650 3601//7650
f 1984//7651 1986//7651 3601//7651
f 3601//7652 1986//7652 3600//7652
f 1986//7653 1987//7653 3600//7653
f 3600//7654 1987//7654 3597//7654
f 1987//7655 1967//7655 3597//7655
f 3597//7656 1967//7656 3598//7656
f 3598//7657 1967//7657 3599//7657
f 1967//7658 1969//7658 3599//7658
f 1969//7659 1968//7659 3599//7659
f 3599//7660 1968//7660 3596//7660
f 1968//7661 1959//7661 3596//7661
f 3596//7662 1959//7662 3594//7662
f 1959//7663 1960//7663 3594//7663
f 3594//7664 1960//7664 3595//7664
f 3595//7665 1960//7665 3593//7665
f 1960//7666 1951//7666 3593//7666
f 2287//7667 2194//7667 3343//7667
f 2287//7668 3343//7668 3351//7668
f 2288//7669 3351//7669 3372//7669
f 2288//7670 2287//7670 3351//7670
f 2289//7671 3372//7671 3395//7671
f 2289//7672 2288//7672 3372//7672
f 2290//7673 3395//7673 3418//7673
f 2290//7674 2289//7674 3395//7674
f 2184//7675 3418//7675 3426//7675
f 2184//7676 2290//7676 3418//7676
f 2180//7677 3426//7677 3433//7677
f 2180//7678 2184//7678 3426//7678
f 2176//7679 3433//7679 3441//7679
f 2176//7680 2180//7680 3433//7680
f 2172//7681 3441//7681 3446//7681
f 2172//7682 2176//7682 3441//7682
f 2169//7683 3446//7683 3450//7683
f 2169//7684 2172//7684 3446//7684
f 2165//7685 3450//7685 3452//7685
f 2165//7686 2169//7686 3450//7686
f 2161//7687 3452//7687 3455//7687
f 2161//7688 2165//7688 3452//7688
f 2158//7689 3455//7689 3457//7689
f 2158//7690 2161//7690 3455//7690
f 2155//7691 2158//7691 3457//7691
f 2155//7692 3457//7692 3459//7692
f 2151//7693 2155//7693 3459//7693
f 2151//7694 3459//7694 3461//7694
f 2151//7695 3461//7695 3462//7695
f 2150//7696 2151//7696 3462//7696
f 2149//7697 2150//7697 3462//7697
f 2149//7698 3462//7698 3463//7698
f 2148//7699 3463//7699 3464//7699
f 2148//7700 3464//7700 3465//7700
f 2148//7701 2149//7701 3463//7701
f 2147//7702 2148//7702 3465//7702
f 2146//7703 2147//7703 3465//7703
f 2146//7704 3465//7704 3466//7704
f 2125//7705 2146//7705 3466//7705
f 2125//7706 3466//7706 3469//7706
f 2062//7707 3535//7707 3551//7707
f 2058//7708 2062//7708 3551//7708
f 2053//7709 3551//7709 3554//7709
f 2053//7710 2058//7710 3551//7710
f 2049//7711 3554//7711 3557//7711
f 2049//7712 3557//7712 3560//7712
f 2049//7713 2053//7713 3554//7713
f 2043//7714 2049//7714 3560//7714
f 2038//7715 3560//7715 3563//7715
f 2038//7716 3563//7716 3567//7716
f 2038//7717 2043//7717 3560//7717
f 2033//7718 2038//7718 3567//7718
f 2028//7719 3567//7719 3570//7719
f 2028//7720 2033//7720 3567//7720
f 2023//7721 3570//7721 3573//7721
f 2023//7722 2028//7722 3570//7722
f 2018//7723 3573//7723 3576//7723
f 2018//7724 3576//7724 3579//7724
f 2018//7725 2023//7725 3573//7725
f 2013//7726 3579//7726 3582//7726
f 2013//7727 2018//7727 3579//7727
f 2009//7728 2013//7728 3582//7728
f 1988//7729 3582//7729 3585//7729
f 1988//7730 2009//7730 3582//7730
f 1970//7731 3585//7731 3587//7731
f 1970//7732 3587//7732 3590//7732
f 1970//7733 1988//7733 3585//7733
f 1957//7734 1970//7734 3590//7734
f 1951//7735 3590//7735 3593//7735
f 1951//7736 1957//7736 3590//7736
f 2062//7737 2069//7737 3535//7737
f 3535//7738 2069//7738 3546//7738
f 3546//7739 2070//7739 3547//7739
f 2069//7740 2070//7740 3546//7740
f 3547//7741 2068//7741 3545//7741
f 2070//7742 2068//7742 3547//7742
f 2068//7743 2074//7743 3545//7743
f 3545//7744 2074//7744 3548//7744
f 2074//7745 2073//7745 3548//7745
f 3548//7746 2073//7746 3543//7746
f 3543//7747 2073//7747 3538//7747
f 2073//7748 2076//7748 3538//7748
f 2076//7749 2075//7749 3538//7749
f 3538//7750 2075//7750 3539//7750
f 2075//7751 2077//7751 3539//7751
f 3539//7752 2077//7752 3531//7752
f 3531//7753 2077//7753 3532//7753
f 2077//7754 2084//7754 3532//7754
f 2084//7755 2085//7755 3532//7755
f 3532//7756 2085//7756 3527//7756
f 2085//7757 2083//7757 3527//7757
f 3527//7758 2083//7758 3525//7758
f 2083//7759 2088//7759 3525//7759
f 3525//7760 2088//7760 3526//7760
f 3526//7761 2088//7761 3520//7761
f 2088//7762 2090//7762 3520//7762
f 3520//7763 2090//7763 3514//7763
f 2090//7764 2091//7764 3514//7764
f 2091//7765 2098//7765 3514//7765
f 3514//7766 2098//7766 3515//7766
f 2098//7767 2099//7767 3515//7767
f 3515//7768 2099//7768 3516//7768
f 2099//7769 2100//7769 3516//7769
f 3516//7770 2100//7770 3510//7770
f 3510//7771 2100//7771 3507//7771
f 2100//7772 2097//7772 3507//7772
f 3507//7773 2102//7773 3508//7773
f 2097//7774 2102//7774 3507//7774
f 3508//7775 2104//7775 3509//7775
f 2102//7776 2104//7776 3508//7776
f 3509//7777 2106//7777 3506//7777
f 3506//7778 2106//7778 3501//7778
f 2104//7779 2106//7779 3509//7779
f 2106//7780 2107//7780 3501//7780
f 3501//7781 2105//7781 3499//7781
f 2107//7782 2105//7782 3501//7782
f 3499//7783 2108//7783 3500//7783
f 2105//7784 2108//7784 3499//7784
f 3500//7785 2116//7785 3497//7785
f 2108//7786 2116//7786 3500//7786
f 3497//7787 2117//7787 3498//7787
f 2116//7788 2117//7788 3497//7788
f 3498//7789 2115//7789 3494//7789
f 3494//7790 2115//7790 3490//7790
f 2117//7791 2115//7791 3498//7791
f 2115//7792 2120//7792 3490//7792
f 2120//7793 2119//7793 3490//7793
f 3490//7794 2119//7794 3488//7794
f 2119//7795 2130//7795 3488//7795
f 3488//7796 2130//7796 3489//7796
f 2130//7797 2131//7797 3489//7797
f 3489//7798 2131//7798 3484//7798
f 3484//7799 2131//7799 3481//7799
f 2131//7800 2129//7800 3481//7800
f 2129//7801 2134//7801 3481//7801
f 3481//7802 2134//7802 3482//7802
f 2134//7803 2136//7803 3482//7803
f 3482//7804 2136//7804 3483//7804
f 2136//7805 2141//7805 3483//7805
f 3483//7806 2141//7806 3476//7806
f 3476//7807 2141//7807 3477//7807
f 2141//7808 2140//7808 3477//7808
f 2140//7809 2135//7809 3477//7809
f 3477//7810 2135//7810 3471//7810
f 2135//7811 2132//7811 3471//7811
f 3471//7812 2132//7812 3472//7812
f 2132//7813 2125//7813 3472//7813
f 3472//7814 2125//7814 3469//7814
f 2390//7815 4282//7815 2400//7815
f 4283//7816 4284//7816 4282//7816
f 4283//7817 4282//7817 2390//7817
f 4283//7818 2390//7818 4285//7818
f 4285//7819 2383//7819 4286//7819
f 2390//7820 2383//7820 4285//7820
f 2383//7821 4287//7821 4286//7821
f 4288//7822 2383//7822 2396//7822
f 4289//7823 4287//7823 4288//7823
f 4288//7824 4287//7824 2383//7824
f 4288//7825 2396//7825 2400//7825
f 4288//7826 2400//7826 4282//7826
f 4228//7827 4281//7827 4227//7827
f 4226//7828 4227//7828 4281//7828
f 4232//7829 4281//7829 4228//7829
f 4225//7830 4226//7830 4281//7830
f 4224//7831 4225//7831 4281//7831
f 4223//7832 4224//7832 4281//7832
f 4222//7833 4223//7833 4281//7833
f 4221//7834 4222//7834 4281//7834
f 4220//7835 4221//7835 4281//7835
f 4219//7836 4220//7836 4281//7836
f 4218//7837 4219//7837 4281//7837
f 4217//7838 4218//7838 4281//7838
f 4216//7839 4217//7839 4281//7839
f 4215//7840 4216//7840 4281//7840
f 4214//7841 4215//7841 4281//7841
f 4213//7842 4214//7842 4281//7842
f 4212//7843 4213//7843 4281//7843
f 4211//7844 4212//7844 4281//7844
f 4210//7845 4211//7845 4281//7845
f 4210//7846 4281//7846 2486//7846
f 4209//7847 4210//7847 2486//7847
f 4208//7848 4209//7848 2486//7848
f 4207//7849 4208//7849 2486//7849
f 4206//7850 4207//7850 2486//7850
f 4205//7851 4206//7851 2486//7851
f 4204//7852 4205//7852 2486//7852
f 4203//7853 4204//7853 2486//7853
f 4202//7854 4203//7854 2486//7854
f 4201//7855 4202//7855 2486//7855
f 4200//7856 4201//7856 2486//7856
f 4199//7857 4200//7857 2486//7857
f 4198//7858 4199//7858 2486//7858
f 4197//7859 4198//7859 2486//7859
f 4196//7860 4197//7860 2486//7860
f 4195//7861 4196//7861 2486//7861
f 4194//7862 4195//7862 2486//7862
f 4193//7863 4194//7863 2486//7863
f 4192//7864 4193//7864 2486//7864
f 4191//7865 4192//7865 2486//7865
f 4190//7866 4191//7866 2486//7866
f 4189//7867 4190//7867 2486//7867
f 4188//7868 4189//7868 2486//7868
f 4187//7869 4188//7869 2486//7869
f 4186//7870 4187//7870 2486//7870
f 4185//7871 4186//7871 2486//7871
f 4184//7872 4185//7872 2486//7872
f 4122//7873 4233//7873 4234//7873
f 4123//7874 4233//7874 4122//7874
f 4123//7875 4177//7875 4233//7875
f 4121//7876 4122//7876 4234//7876
f 4121//7877 4234//7877 4235//7877
f 4127//7878 4177//7878 4123//7878
f 4120//7879 4121//7879 4235//7879
f 4120//7880 4235//7880 4236//7880
f 4119//7881 4120//7881 4236//7881
f 4119//7882 4236//7882 4237//7882
f 4118//7883 4119//7883 4237//7883
f 4118//7884 4238//7884 4239//7884
f 4118//7885 4237//7885 4238//7885
f 4117//7886 4118//7886 4239//7886
f 4116//7887 4239//7887 4240//7887
f 4116//7888 4117//7888 4239//7888
f 4115//7889 4116//7889 4240//7889
f 4115//7890 4241//7890 4242//7890
f 4115//7891 4240//7891 4241//7891
f 4114//7892 4115//7892 4242//7892
f 4113//7893 4114//7893 4242//7893
f 4113//7894 4242//7894 4243//7894
f 4112//7895 4113//7895 4243//7895
f 4112//7896 4243//7896 4244//7896
f 4111//7897 4112//7897 4244//7897
f 4111//7898 4244//7898 4245//7898
f 4110//7899 4111//7899 4245//7899
f 4110//7900 4245//7900 4246//7900
f 4109//7901 4110//7901 4246//7901
f 4109//7902 4247//7902 4248//7902
f 4109//7903 4246//7903 4247//7903
f 4108//7904 4109//7904 4248//7904
f 4107//7905 4248//7905 4249//7905
f 4107//7906 4108//7906 4248//7906
f 4106//7907 4249//7907 4250//7907
f 4106//7908 4107//7908 4249//7908
f 4105//7909 4251//7909 4252//7909
f 4105//7910 4250//7910 4251//7910
f 4105//7911 4106//7911 4250//7911
f 4104//7912 4105//7912 4252//7912
f 4103//7913 4252//7913 4253//7913
f 4103//7914 4104//7914 4252//7914
f 4102//7915 4254//7915 4255//7915
f 4102//7916 4253//7916 4254//7916
f 4102//7917 4103//7917 4253//7917
f 4101//7918 4255//7918 4256//7918
f 4101//7919 4102//7919 4255//7919
f 4100//7920 4101//7920 4256//7920
f 4099//7921 4256//7921 4257//7921
f 4099//7922 4100//7922 4256//7922
f 4098//7923 4257//7923 4258//7923
f 4098//7924 4099//7924 4257//7924
f 4097//7925 4259//7925 4260//7925
f 4097//7926 4258//7926 4259//7926
f 4097//7927 4098//7927 4258//7927
f 4096//7928 4097//7928 4260//7928
f 4095//7929 4260//7929 4261//7929
f 4095//7930 4096//7930 4260//7930
f 4094//7931 4261//7931 4262//7931
f 4094//7932 4095//7932 4261//7932
f 4093//7933 4263//7933 4264//7933
f 4093//7934 4262//7934 4263//7934
f 4093//7935 4094//7935 4262//7935
f 4092//7936 4093//7936 4264//7936
f 4091//7937 4264//7937 4265//7937
f 4091//7938 4092//7938 4264//7938
f 4090//7939 4091//7939 4265//7939
f 4090//7940 4265//7940 4266//7940
f 4089//7941 4266//7941 4267//7941
f 4089//7942 4090//7942 4266//7942
f 4088//7943 4089//7943 4267//7943
f 4088//7944 4267//7944 4268//7944
f 4087//7945 4268//7945 4269//7945
f 4087//7946 4088//7946 4268//7946
f 4086//7947 4269//7947 4270//7947
f 4086//7948 4087//7948 4269//7948
f 4085//7949 4270//7949 4271//7949
f 4085//7950 4086//7950 4270//7950
f 4084//7951 4271//7951 4272//7951
f 4084//7952 4085//7952 4271//7952
f 4083//7953 4273//7953 4274//7953
f 4083//7954 4272//7954 4273//7954
f 4083//7955 4084//7955 4272//7955
f 4082//7956 4274//7956 4275//7956
f 4082//7957 4083//7957 4274//7957
f 4081//7958 4275//7958 4276//7958
f 4081//7959 4082//7959 4275//7959
f 4080//7960 4081//7960 4276//7960
f 4079//7961 4276//7961 4277//7961
f 4079//7962 4080//7962 4276//7962
f 4078//7963 4277//7963 4278//7963
f 4078//7964 4079//7964 4277//7964
f 4077//7965 4278//7965 4279//7965
f 4077//7966 4078//7966 4278//7966
f 4018//7967 4128//7967 4129//7967
f 4018//7968 4071//7968 4128//7968
f 4018//7969 4129//7969 4017//7969
f 4016//7970 4129//7970 4130//7970
f 4016//7971 4017//7971 4129//7971
f 4022//7972 4071//7972 4018//7972
f 4015//7973 4016//7973 4130//7973
f 4015//7974 4130//7974 4131//7974
f 4014//7975 4131//7975 4132//7975
f 4014//7976 4015//7976 4131//7976
f 4013//7977 4132//7977 4133//7977
f 4013//7978 4014//7978 4132//7978
f 4012//7979 4133//7979 4134//7979
f 4012//7980 4013//7980 4133//7980
f 4011//7981 4134//7981 4135//7981
f 4011//7982 4012//7982 4134//7982
f 4010//7983 4135//7983 4136//7983
f 4010//7984 4011//7984 4135//7984
f 4009//7985 4010//7985 4136//7985
f 4009//7986 4136//7986 4137//7986
f 4008//7987 4009//7987 4137//7987
f 4008//7988 4137//7988 4138//7988
f 4007//7989 4008//7989 4138//7989
f 4007//7990 4138//7990 4139//7990
f 4006//7991 4007//7991 4139//7991
f 4006//7992 4139//7992 4140//7992
f 4005//7993 4006//7993 4140//7993
f 4005//7994 4140//7994 4141//7994
f 4004//7995 4005//7995 4141//7995
f 4004//7996 4142//7996 4143//7996
f 4004//7997 4141//7997 4142//7997
f 4003//7998 4004//7998 4143//7998
f 4002//7999 4003//7999 4143//7999
f 4002//8000 4144//8000 4145//8000
f 4002//8001 4143//8001 4144//8001
f 4001//8002 4002//8002 4145//8002
f 4000//8003 4146//8003 4147//8003
f 4000//8004 4145//8004 4146//8004
f 4000//8005 4001//8005 4145//8005
f 3999//8006 4000//8006 4147//8006
f 3998//8007 4148//8007 4149//8007
f 3998//8008 4147//8008 4148//8008
f 3998//8009 3999//8009 4147//8009
f 3997//8010 3998//8010 4149//8010
f 3996//8011 4150//8011 4151//8011
f 3996//8012 4149//8012 4150//8012
f 3996//8013 3997//8013 4149//8013
f 3995//8014 3996//8014 4151//8014
f 3994//8015 3995//8015 4151//8015
f 3994//8016 4151//8016 4152//8016
f 3993//8017 4152//8017 4153//8017
f 3993//8018 3994//8018 4152//8018
f 3992//8019 4153//8019 4154//8019
f 3992//8020 3993//8020 4153//8020
f 3991//8021 4154//8021 4155//8021
f 3991//8022 3992//8022 4154//8022
f 3990//8023 4155//8023 4156//8023
f 3990//8024 3991//8024 4155//8024
f 3989//8025 4156//8025 4157//8025
f 3989//8026 3990//8026 4156//8026
f 3988//8027 4157//8027 4158//8027
f 3988//8028 3989//8028 4157//8028
f 3987//8029 4158//8029 4159//8029
f 3987//8030 3988//8030 4158//8030
f 3986//8031 4159//8031 4160//8031
f 3986//8032 3987//8032 4159//8032
f 3985//8033 4160//8033 4161//8033
f 3985//8034 3986//8034 4160//8034
f 3984//8035 4161//8035 4162//8035
f 3984//8036 3985//8036 4161//8036
f 3983//8037 4162//8037 4163//8037
f 3983//8038 3984//8038 4162//8038
f 3982//8039 4163//8039 4164//8039
f 3982//8040 3983//8040 4163//8040
f 3981//8041 4164//8041 4165//8041
f 3981//8042 3982//8042 4164//8042
f 3980//8043 4165//8043 4166//8043
f 3980//8044 3981//8044 4165//8044
f 3979//8045 4166//8045 4167//8045
f 3979//8046 3980//8046 4166//8046
f 3978//8047 4168//8047 4169//8047
f 3978//8048 4167//8048 4168//8048
f 3978//8049 3979//8049 4167//8049
f 3977//8050 4169//8050 4170//8050
f 3977//8051 3978//8051 4169//8051
f 3976//8052 4170//8052 4171//8052
f 3976//8053 3977//8053 4170//8053
f 3975//8054 3976//8054 4171//8054
f 3974//8055 4171//8055 4172//8055
f 3974//8056 3975//8056 4171//8056
f 3973//8057 3974//8057 4172//8057
f 3973//8058 4173//8058 4174//8058
f 3973//8059 4172//8059 4173//8059
f 3972//8060 3973//8060 4174//8060
f 3965//8061 4041//8061 4042//8061
f 3965//8062 4040//8062 4041//8062
f 3965//8063 4039//8063 4040//8063
f 3965//8064 4038//8064 4039//8064
f 3965//8065 4037//8065 4038//8065
f 3965//8066 4036//8066 4037//8066
f 3965//8067 4035//8067 4036//8067
f 3965//8068 4034//8068 4035//8068
f 3965//8069 4033//8069 4034//8069
f 3965//8070 4032//8070 4033//8070
f 3965//8071 4031//8071 4032//8071
f 3965//8072 4030//8072 4031//8072
f 3965//8073 4029//8073 4030//8073
f 3965//8074 4028//8074 4029//8074
f 3965//8075 4027//8075 4028//8075
f 3965//8076 4026//8076 4027//8076
f 3965//8077 4025//8077 4026//8077
f 3965//8078 4024//8078 4025//8078
f 3965//8079 4023//8079 4024//8079
f 3965//8080 3967//8080 4023//8080
f 2487//8081 4068//8081 4069//8081
f 2487//8082 4067//8082 4068//8082
f 2487//8083 4066//8083 4067//8083
f 2487//8084 4065//8084 4066//8084
f 2487//8085 4064//8085 4065//8085
f 2487//8086 4063//8086 4064//8086
f 2487//8087 4062//8087 4063//8087
f 2487//8088 4061//8088 4062//8088
f 2487//8089 4060//8089 4061//8089
f 2487//8090 4059//8090 4060//8090
f 2487//8091 4058//8091 4059//8091
f 2487//8092 4057//8092 4058//8092
f 2487//8093 4056//8093 4057//8093
f 2487//8094 4055//8094 4056//8094
f 2487//8095 4054//8095 4055//8095
f 2487//8096 4053//8096 4054//8096
f 2487//8097 4052//8097 4053//8097
f 2487//8098 4051//8098 4052//8098
f 2487//8099 4050//8099 4051//8099
f 2487//8100 4049//8100 4050//8100
f 2487//8101 4048//8101 4049//8101
f 2487//8102 4047//8102 4048//8102
f 2487//8103 4046//8103 4047//8103
f 2487//8104 4045//8104 4046//8104
f 2487//8105 4044//8105 4045//8105
f 2487//8106 4043//8106 4044//8106
f 2487//8107 4042//8107 4043//8107
f 2487//8108 3965//8108 4042//8108
f 2486//8109 2487//8109 3971//8109
f 3971//8110 2487//8110 4070//8110
f 4070//8111 2487//8111 4069//8111
f 2486//8112 3971//8112 3970//8112
f 2486//8113 3970//8113 3972//8113
f 2486//8114 3972//8114 4175//8114
f 4175//8115 3972//8115 4174//8115
f 2486//8116 4175//8116 4076//8116
f 2486//8117 4076//8117 4075//8117
f 2486//8118 4075//8118 4077//8118
f 2486//8119 4077//8119 4280//8119
f 4280//8120 4077//8120 4279//8120
f 2486//8121 4280//8121 4181//8121
f 2486//8122 4181//8122 4180//8122
f 2486//8123 4180//8123 4182//8123
f 2486//8124 4182//8124 4183//8124
f 2486//8125 4183//8125 4184//8125
f 2528//8126 3911//8126 1101//8126
f 2528//8127 2527//8127 3911//8127
f 2527//8128 3912//8128 3911//8128
f 2527//8129 2531//8129 3912//8129
f 2531//8130 3913//8130 3912//8130
f 2531//8131 2533//8131 3913//8131
f 2533//8132 3914//8132 3913//8132
f 2533//8133 2535//8133 3914//8133
f 2535//8134 3915//8134 3914//8134
f 2535//8135 2537//8135 3915//8135
f 2537//8136 3916//8136 3915//8136
f 2537//8137 2539//8137 3916//8137
f 2539//8138 3917//8138 3916//8138
f 2539//8139 2541//8139 3917//8139
f 2541//8140 3918//8140 3917//8140
f 2541//8141 2543//8141 3918//8141
f 2543//8142 3919//8142 3918//8142
f 2543//8143 2545//8143 3919//8143
f 2545//8144 3920//8144 3919//8144
f 2545//8145 2547//8145 3920//8145
f 2547//8146 3921//8146 3920//8146
f 2547//8147 2549//8147 3921//8147
f 2549//8148 3922//8148 3921//8148
f 2549//8149 2551//8149 3922//8149
f 2551//8150 3923//8150 3922//8150
f 2551//8151 2553//8151 3923//8151
f 2553//8152 3924//8152 3923//8152
f 2553//8153 2555//8153 3924//8153
f 2555//8154 3925//8154 3924//8154
f 2555//8155 2557//8155 3925//8155
f 2557//8156 3926//8156 3925//8156
f 2557//8157 2559//8157 3926//8157
f 2559//8158 3927//8158 3926//8158
f 2559//8159 2561//8159 3927//8159
f 2561//8160 3928//8160 3927//8160
f 2561//8161 2563//8161 3928//8161
f 2563//8162 3929//8162 3928//8162
f 2563//8163 2565//8163 3929//8163
f 2565//8164 3930//8164 3929//8164
f 2565//8165 2567//8165 3930//8165
f 2567//8166 3931//8166 3930//8166
f 2567//8167 2569//8167 3931//8167
f 2571//8168 3932//8168 2569//8168
f 2569//8169 3932//8169 3931//8169
f 2573//8170 3933//8170 2571//8170
f 2571//8171 3933//8171 3932//8171
f 2575//8172 3934//8172 2573//8172
f 2573//8173 3934//8173 3933//8173
f 2577//8174 3935//8174 2575//8174
f 2575//8175 3935//8175 3934//8175
f 2579//8176 3936//8176 2577//8176
f 2577//8177 3936//8177 3935//8177
f 2581//8178 3937//8178 2579//8178
f 2579//8179 3937//8179 3936//8179
f 2583//8180 3938//8180 2581//8180
f 2581//8181 3938//8181 3937//8181
f 2583//8182 3939//8182 3938//8182
f 2585//8183 3939//8183 2583//8183
f 2585//8184 3940//8184 3939//8184
f 2587//8185 3940//8185 2585//8185
f 2587//8186 3941//8186 3940//8186
f 2589//8187 3941//8187 2587//8187
f 2589//8188 3942//8188 3941//8188
f 2591//8189 3942//8189 2589//8189
f 2591//8190 3943//8190 3942//8190
f 2593//8191 3943//8191 2591//8191
f 2593//8192 3944//8192 3943//8192
f 2595//8193 3944//8193 2593//8193
f 2595//8194 3945//8194 3944//8194
f 2597//8195 3945//8195 2595//8195
f 2597//8196 3946//8196 3945//8196
f 2599//8197 3946//8197 2597//8197
f 2599//8198 3947//8198 3946//8198
f 2601//8199 3947//8199 2599//8199
f 2601//8200 3948//8200 3947//8200
f 2603//8201 3948//8201 2601//8201
f 2603//8202 3949//8202 3948//8202
f 2605//8203 3949//8203 2603//8203
f 2605//8204 3950//8204 3949//8204
f 2607//8205 3950//8205 2605//8205
f 2607//8206 3951//8206 3950//8206
f 2609//8207 3951//8207 2607//8207
f 2609//8208 3952//8208 3951//8208
f 2611//8209 3952//8209 2609//8209
f 2611//8210 2512//8210 3952//8210
f 4290//8211 4291//8211 2809//8211
f 4290//8212 2809//8212 3247//8212
f 4292//8213 3247//8213 2690//8213
f 4292//8214 4290//8214 3247//8214
f 4671//8215 2690//8215 2689//8215
f 4671//8216 2689//8216 2688//8216
f 4671//8217 4292//8217 2690//8217
f 4293//8218 4671//8218 2688//8218
f 4674//8219 2688//8219 2687//8219
f 4674//8220 2687//8220 2686//8220
f 4674//8221 4293//8221 2688//8221
f 4294//8222 4674//8222 2686//8222
f 4678//8223 2686//8223 2685//8223
f 4678//8224 2685//8224 2684//8224
f 4678//8225 4294//8225 2686//8225
f 4681//8226 4678//8226 2684//8226
f 4295//8227 2684//8227 2683//8227
f 4295//8228 2683//8228 2682//8228
f 4295//8229 4681//8229 2684//8229
f 4686//8230 4295//8230 2682//8230
f 4689//8231 4686//8231 2682//8231
f 4689//8232 2682//8232 2681//8232
f 4689//8233 2681//8233 2680//8233
f 4691//8234 4689//8234 2680//8234
f 4691//8235 2680//8235 2679//8235
f 4694//8236 4691//8236 2679//8236
f 4696//8237 4694//8237 2679//8237
f 4696//8238 2679//8238 2678//8238
f 4698//8239 4696//8239 2678//8239
f 4698//8240 2678//8240 2677//8240
f 4698//8241 2677//8241 2676//8241
f 4700//8242 4698//8242 2676//8242
f 4700//8243 2676//8243 2675//8243
f 4296//8244 4700//8244 2675//8244
f 4297//8245 4296//8245 2675//8245
f 4297//8246 2675//8246 2674//8246
f 4298//8247 4297//8247 2674//8247
f 4298//8248 2674//8248 2673//8248
f 4299//8249 4298//8249 2673//8249
f 4299//8250 2673//8250 2672//8250
f 4299//8251 2672//8251 2671//8251
f 4688//8252 4299//8252 2671//8252
f 4684//8253 4688//8253 2671//8253
f 4684//8254 2671//8254 2670//8254
f 4300//8255 2670//8255 2669//8255
f 4300//8256 4684//8256 2670//8256
f 4300//8257 2669//8257 2668//8257
f 4301//8258 4300//8258 2668//8258
f 4302//8259 4301//8259 2668//8259
f 4302//8260 2668//8260 2667//8260
f 4302//8261 2667//8261 2666//8261
f 4676//8262 2666//8262 2665//8262
f 4676//8263 4302//8263 2666//8263
f 4673//8264 4676//8264 2665//8264
f 4303//8265 2665//8265 2664//8265
f 4303//8266 4673//8266 2665//8266
f 4304//8267 2664//8267 2663//8267
f 4304//8268 4303//8268 2664//8268
f 4305//8269 2663//8269 2662//8269
f 4305//8270 4304//8270 2663//8270
f 4306//8271 2662//8271 2661//8271
f 4306//8272 4305//8272 2662//8272
f 4307//8273 2661//8273 2660//8273
f 4307//8274 4306//8274 2661//8274
f 4664//8275 2660//8275 2659//8275
f 4664//8276 4307//8276 2660//8276
f 4661//8277 2659//8277 2657//8277
f 4661//8278 4664//8278 2659//8278
f 4308//8279 2657//8279 2655//8279
f 4308//8280 4661//8280 2657//8280
f 4309//8281 2655//8281 2653//8281
f 4309//8282 4308//8282 2655//8282
f 4654//8283 4309//8283 2653//8283
f 4654//8284 2653//8284 2651//8284
f 4310//8285 4654//8285 2651//8285
f 4310//8286 2651//8286 2649//8286
f 4311//8287 4310//8287 2649//8287
f 4311//8288 2649//8288 2647//8288
f 4312//8289 4311//8289 2647//8289
f 4312//8290 2647//8290 2645//8290
f 4312//8291 2645//8291 2643//8291
f 4646//8292 4312//8292 2643//8292
f 4646//8293 2643//8293 2641//8293
f 4313//8294 4646//8294 2641//8294
f 4313//8295 2641//8295 2639//8295
f 4314//8296 4313//8296 2639//8296
f 4315//8297 4314//8297 2639//8297
f 4315//8298 2639//8298 2637//8298
f 4315//8299 2637//8299 2635//8299
f 4636//8300 4315//8300 2635//8300
f 4636//8301 2635//8301 2633//8301
f 4634//8302 4636//8302 2633//8302
f 4316//8303 4634//8303 2633//8303
f 4316//8304 2633//8304 2632//8304
f 4316//8305 2632//8305 2631//8305
f 4630//8306 4316//8306 2631//8306
f 4628//8307 4630//8307 2631//8307
f 4628//8308 2631//8308 2634//8308
f 4628//8309 2634//8309 2636//8309
f 4626//8310 4628//8310 2636//8310
f 4626//8311 2636//8311 2638//8311
f 4317//8312 4626//8312 2638//8312
f 4317//8313 2638//8313 2640//8313
f 4622//8314 4317//8314 2640//8314
f 4622//8315 2640//8315 2642//8315
f 4318//8316 4622//8316 2642//8316
f 4318//8317 2642//8317 2644//8317
f 4319//8318 4318//8318 2644//8318
f 4319//8319 2644//8319 2646//8319
f 4619//8320 4319//8320 2646//8320
f 4616//8321 4619//8321 2646//8321
f 4616//8322 2646//8322 2648//8322
f 4614//8323 4616//8323 2648//8323
f 4614//8324 2648//8324 2650//8324
f 4611//8325 2650//8325 2652//8325
f 4611//8326 4614//8326 2650//8326
f 4320//8327 2652//8327 2654//8327
f 4320//8328 4611//8328 2652//8328
f 4606//8329 2654//8329 2656//8329
f 4606//8330 4320//8330 2654//8330
f 4604//8331 2656//8331 2658//8331
f 4604//8332 4606//8332 2656//8332
f 4321//8333 4604//8333 2658//8333
f 4321//8334 2658//8334 3256//8334
f 4322//8335 4321//8335 3256//8335
f 4322//8336 3256//8336 2738//8336
f 4323//8337 4322//8337 2738//8337
f 4323//8338 2738//8338 2734//8338
f 4595//8339 4323//8339 2734//8339
f 4595//8340 2734//8340 2730//8340
f 4324//8341 4595//8341 2730//8341
f 4324//8342 2730//8342 2726//8342
f 4588//8343 4324//8343 2726//8343
f 4588//8344 2726//8344 2720//8344
f 4325//8345 4588//8345 2720//8345
f 4325//8346 2720//8346 2721//8346
f 4326//8347 4325//8347 2721//8347
f 4326//8348 2721//8348 2716//8348
f 4583//8349 4326//8349 2716//8349
f 4583//8350 2716//8350 2712//8350
f 4327//8351 4583//8351 2712//8351
f 4327//8352 2712//8352 2707//8352
f 4328//8353 4327//8353 2707//8353
f 4328//8354 2707//8354 2703//8354
f 4329//8355 4328//8355 2703//8355
f 4329//8356 2703//8356 2699//8356
f 4578//8357 2699//8357 2695//8357
f 4578//8358 4329//8358 2699//8358
f 4330//8359 2695//8359 2691//8359
f 4330//8360 4578//8360 2695//8360
f 4331//8361 2691//8361 2693//8361
f 4331//8362 4330//8362 2691//8362
f 4573//8363 2693//8363 2697//8363
f 4573//8364 4331//8364 2693//8364
f 4332//8365 2697//8365 2698//8365
f 4332//8366 2698//8366 2702//8366
f 4332//8367 4573//8367 2697//8367
f 4569//8368 2702//8368 2706//8368
f 4569//8369 4332//8369 2702//8369
f 4333//8370 4569//8370 2706//8370
f 4575//8371 2706//8371 2710//8371
f 4575//8372 4333//8372 2706//8372
f 4576//8373 2710//8373 2714//8373
f 4576//8374 2714//8374 2718//8374
f 4576//8375 4575//8375 2710//8375
f 4334//8376 4576//8376 2718//8376
f 4579//8377 2718//8377 2723//8377
f 4579//8378 2723//8378 2724//8378
f 4579//8379 4334//8379 2718//8379
f 4335//8380 4579//8380 2724//8380
f 4336//8381 2724//8381 2728//8381
f 4336//8382 2728//8382 2732//8382
f 4336//8383 4335//8383 2724//8383
f 4337//8384 4336//8384 2732//8384
f 4338//8385 4337//8385 2732//8385
f 4338//8386 2732//8386 2736//8386
f 4339//8387 4338//8387 2736//8387
f 4339//8388 2736//8388 2740//8388
f 4340//8389 4339//8389 2740//8389
f 4340//8390 2740//8390 2741//8390
f 4590//8391 4340//8391 2741//8391
f 4590//8392 2741//8392 2744//8392
f 4593//8393 2744//8393 2746//8393
f 4593//8394 2746//8394 2748//8394
f 4593//8395 4590//8395 2744//8395
f 4597//8396 4593//8396 2748//8396
f 4341//8397 2748//8397 2750//8397
f 4341//8398 4597//8398 2748//8398
f 4601//8399 2750//8399 2752//8399
f 4601//8400 4341//8400 2750//8400
f 4342//8401 2752//8401 2753//8401
f 4342//8402 4601//8402 2752//8402
f 4603//8403 2753//8403 2755//8403
f 4603//8404 4342//8404 2753//8404
f 4607//8405 2755//8405 2757//8405
f 4607//8406 2757//8406 2759//8406
f 4607//8407 4603//8407 2755//8407
f 4343//8408 4607//8408 2759//8408
f 4612//8409 2759//8409 2761//8409
f 4612//8410 4343//8410 2759//8410
f 4344//8411 2761//8411 2762//8411
f 4344//8412 4612//8412 2761//8412
f 4345//8413 2762//8413 2764//8413
f 4345//8414 4344//8414 2762//8414
f 4346//8415 2764//8415 2766//8415
f 4346//8416 2766//8416 2768//8416
f 4346//8417 4345//8417 2764//8417
f 4347//8418 4346//8418 2768//8418
f 4348//8419 2768//8419 2770//8419
f 4348//8420 4347//8420 2768//8420
f 4623//8421 2770//8421 2771//8421
f 4623//8422 4348//8422 2770//8422
f 4625//8423 2771//8423 2773//8423
f 4625//8424 4623//8424 2771//8424
f 4627//8425 2773//8425 2775//8425
f 4627//8426 4625//8426 2773//8426
f 4629//8427 2775//8427 2777//8427
f 4629//8428 2777//8428 2779//8428
f 4629//8429 4627//8429 2775//8429
f 4632//8430 4629//8430 2779//8430
f 4632//8431 2779//8431 2781//8431
f 4633//8432 4632//8432 2781//8432
f 4349//8433 4633//8433 2781//8433
f 4349//8434 2781//8434 2783//8434
f 4350//8435 4349//8435 2783//8435
f 4350//8436 2783//8436 2784//8436
f 4351//8437 4350//8437 2784//8437
f 4351//8438 2784//8438 2786//8438
f 4640//8439 4351//8439 2786//8439
f 4640//8440 2786//8440 2788//8440
f 4640//8441 2788//8441 2790//8441
f 4352//8442 4640//8442 2790//8442
f 4353//8443 4352//8443 2790//8443
f 4353//8444 2790//8444 2792//8444
f 4353//8445 2792//8445 2794//8445
f 4649//8446 4353//8446 2794//8446
f 4649//8447 2794//8447 2796//8447
f 4354//8448 4649//8448 2796//8448
f 4355//8449 4354//8449 2796//8449
f 4355//8450 2796//8450 2798//8450
f 4356//8451 4355//8451 2798//8451
f 4356//8452 2798//8452 2800//8452
f 4658//8453 4356//8453 2800//8453
f 4658//8454 2800//8454 2801//8454
f 4357//8455 4658//8455 2801//8455
f 4357//8456 2801//8456 2803//8456
f 4358//8457 2803//8457 2805//8457
f 4358//8458 4357//8458 2803//8458
f 4666//8459 2805//8459 2807//8459
f 4666//8460 2807//8460 2809//8460
f 4666//8461 4358//8461 2805//8461
f 4291//8462 4666//8462 2809//8462
f 4359//8463 4360//8463 3170//8463
f 4359//8464 3170//8464 3168//8464
f 4361//8465 3168//8465 3166//8465
f 4361//8466 4359//8466 3168//8466
f 4362//8467 3166//8467 3164//8467
f 4362//8468 3164//8468 3162//8468
f 4362//8469 4361//8469 3166//8469
f 4798//8470 4362//8470 3162//8470
f 4363//8471 3162//8471 3161//8471
f 4363//8472 3161//8472 3159//8472
f 4363//8473 4798//8473 3162//8473
f 4364//8474 4363//8474 3159//8474
f 4803//8475 3159//8475 3157//8475
f 4803//8476 3157//8476 3155//8476
f 4803//8477 4364//8477 3159//8477
f 4365//8478 4803//8478 3155//8478
f 4805//8479 3155//8479 3153//8479
f 4805//8480 3153//8480 3151//8480
f 4805//8481 4365//8481 3155//8481
f 4809//8482 4805//8482 3151//8482
f 4366//8483 4809//8483 3151//8483
f 4366//8484 3151//8484 3149//8484
f 4366//8485 3149//8485 3147//8485
f 4367//8486 4366//8486 3147//8486
f 4367//8487 3147//8487 3145//8487
f 4815//8488 4367//8488 3145//8488
f 4368//8489 4815//8489 3145//8489
f 4368//8490 3145//8490 3144//8490
f 4818//8491 4368//8491 3144//8491
f 4818//8492 3144//8492 3142//8492
f 4818//8493 3142//8493 3140//8493
f 4369//8494 4818//8494 3140//8494
f 4369//8495 3140//8495 3138//8495
f 4817//8496 4369//8496 3138//8496
f 4370//8497 4817//8497 3138//8497
f 4370//8498 3138//8498 3136//8498
f 4813//8499 4370//8499 3136//8499
f 4813//8500 3136//8500 3134//8500
f 4371//8501 4813//8501 3134//8501
f 4371//8502 3134//8502 3132//8502
f 4371//8503 3132//8503 3131//8503
f 4810//8504 4371//8504 3131//8504
f 4806//8505 4810//8505 3131//8505
f 4806//8506 3131//8506 3129//8506
f 4372//8507 3129//8507 3127//8507
f 4372//8508 4806//8508 3129//8508
f 4372//8509 3127//8509 3125//8509
f 4373//8510 4372//8510 3125//8510
f 4374//8511 4373//8511 3125//8511
f 4374//8512 3125//8512 3123//8512
f 4374//8513 3123//8513 3122//8513
f 4375//8514 3122//8514 3120//8514
f 4375//8515 4374//8515 3122//8515
f 4376//8516 4375//8516 3120//8516
f 4377//8517 3120//8517 3118//8517
f 4377//8518 4376//8518 3120//8518
f 4793//8519 3118//8519 3116//8519
f 4793//8520 4377//8520 3118//8520
f 4378//8521 3116//8521 3114//8521
f 4378//8522 4793//8522 3116//8522
f 4379//8523 3114//8523 3112//8523
f 4379//8524 4378//8524 3114//8524
f 4789//8525 3112//8525 3108//8525
f 4789//8526 4379//8526 3112//8526
f 4380//8527 3108//8527 3104//8527
f 4380//8528 4789//8528 3108//8528
f 4381//8529 3104//8529 3100//8529
f 4381//8530 4380//8530 3104//8530
f 4785//8531 3100//8531 3096//8531
f 4785//8532 4381//8532 3100//8532
f 4382//8533 3096//8533 3092//8533
f 4382//8534 4785//8534 3096//8534
f 4383//8535 4382//8535 3092//8535
f 4383//8536 3092//8536 3090//8536
f 4384//8537 4383//8537 3090//8537
f 4384//8538 3090//8538 3086//8538
f 4385//8539 4384//8539 3086//8539
f 4385//8540 3086//8540 3082//8540
f 4386//8541 4385//8541 3082//8541
f 4386//8542 3082//8542 3078//8542
f 4386//8543 3078//8543 3074//8543
f 4387//8544 4386//8544 3074//8544
f 4387//8545 3074//8545 3071//8545
f 4388//8546 4387//8546 3071//8546
f 4388//8547 3071//8547 3067//8547
f 4770//8548 4388//8548 3067//8548
f 4389//8549 4770//8549 3067//8549
f 4389//8550 3067//8550 3063//8550
f 4389//8551 3063//8551 3059//8551
f 4766//8552 4389//8552 3059//8552
f 4766//8553 3059//8553 3056//8553
f 4763//8554 4766//8554 3056//8554
f 4390//8555 4763//8555 3056//8555
f 4390//8556 3056//8556 3052//8556
f 4390//8557 3052//8557 3054//8557
f 4758//8558 4390//8558 3054//8558
f 4391//8559 4758//8559 3054//8559
f 4391//8560 3054//8560 3058//8560
f 4391//8561 3058//8561 3062//8561
f 4754//8562 4391//8562 3062//8562
f 4754//8563 3062//8563 3066//8563
f 4392//8564 4754//8564 3066//8564
f 4392//8565 3066//8565 3070//8565
f 4393//8566 4392//8566 3070//8566
f 4393//8567 3070//8567 3072//8567
f 4394//8568 4393//8568 3072//8568
f 4394//8569 3072//8569 3077//8569
f 4395//8570 4394//8570 3077//8570
f 4395//8571 3077//8571 3080//8571
f 4745//8572 4395//8572 3080//8572
f 4396//8573 4745//8573 3080//8573
f 4396//8574 3080//8574 3085//8574
f 4397//8575 4396//8575 3085//8575
f 4397//8576 3085//8576 3089//8576
f 4740//8577 3089//8577 3091//8577
f 4740//8578 4397//8578 3089//8578
f 4398//8579 3091//8579 3095//8579
f 4398//8580 4740//8580 3091//8580
f 4737//8581 3095//8581 3098//8581
f 4737//8582 4398//8582 3095//8582
f 4399//8583 3098//8583 3102//8583
f 4399//8584 4737//8584 3098//8584
f 4735//8585 4399//8585 3102//8585
f 4735//8586 3102//8586 3107//8586
f 4400//8587 4735//8587 3107//8587
f 4400//8588 3107//8588 3110//8588
f 4401//8589 4400//8589 3110//8589
f 4401//8590 3110//8590 3113//8590
f 4402//8591 4401//8591 3113//8591
f 4402//8592 3113//8592 3174//8592
f 4728//8593 4402//8593 3174//8593
f 4728//8594 3174//8594 3175//8594
f 4725//8595 4728//8595 3175//8595
f 4725//8596 3175//8596 3176//8596
f 4723//8597 4725//8597 3176//8597
f 4723//8598 3176//8598 3177//8598
f 4719//8599 4723//8599 3177//8599
f 4719//8600 3177//8600 3178//8600
f 4403//8601 4719//8601 3178//8601
f 4403//8602 3178//8602 3179//8602
f 4404//8603 4403//8603 3179//8603
f 4404//8604 3179//8604 3180//8604
f 4715//8605 4404//8605 3180//8605
f 4715//8606 3180//8606 3181//8606
f 4713//8607 4715//8607 3181//8607
f 4713//8608 3181//8608 3182//8608
f 4712//8609 3182//8609 3183//8609
f 4712//8610 4713//8610 3182//8610
f 4709//8611 3183//8611 3184//8611
f 4709//8612 4712//8612 3183//8612
f 4405//8613 3184//8613 3185//8613
f 4405//8614 4709//8614 3184//8614
f 4704//8615 3185//8615 3186//8615
f 4704//8616 4405//8616 3185//8616
f 4406//8617 3186//8617 3187//8617
f 4406//8618 3187//8618 3188//8618
f 4406//8619 4704//8619 3186//8619
f 4407//8620 3188//8620 3189//8620
f 4407//8621 4406//8621 3188//8621
f 4408//8622 4407//8622 3189//8622
f 4705//8623 3189//8623 3190//8623
f 4705//8624 4408//8624 3189//8624
f 4707//8625 3190//8625 3191//8625
f 4707//8626 3191//8626 3192//8626
f 4707//8627 4705//8627 3190//8627
f 4409//8628 4707//8628 3192//8628
f 4410//8629 3192//8629 3193//8629
f 4410//8630 3193//8630 3194//8630
f 4410//8631 4409//8631 3192//8631
f 4411//8632 4410//8632 3194//8632
f 4412//8633 3194//8633 3195//8633
f 4412//8634 3195//8634 3196//8634
f 4412//8635 4411//8635 3194//8635
f 4413//8636 4412//8636 3196//8636
f 4414//8637 4413//8637 3196//8637
f 4414//8638 3196//8638 3197//8638
f 4721//8639 4414//8639 3197//8639
f 4721//8640 3197//8640 3198//8640
f 4415//8641 4721//8641 3198//8641
f 4415//8642 3198//8642 3199//8642
f 4727//8643 4415//8643 3199//8643
f 4727//8644 3199//8644 3200//8644
f 4416//8645 3200//8645 3201//8645
f 4416//8646 3201//8646 3202//8646
f 4416//8647 4727//8647 3200//8647
f 4417//8648 4416//8648 3202//8648
f 4418//8649 3202//8649 3203//8649
f 4418//8650 4417//8650 3202//8650
f 4733//8651 3203//8651 3233//8651
f 4733//8652 4418//8652 3203//8652
f 4736//8653 3233//8653 3234//8653
f 4736//8654 4733//8654 3233//8654
f 4419//8655 3234//8655 3204//8655
f 4419//8656 4736//8656 3234//8656
f 4420//8657 3204//8657 3205//8657
f 4420//8658 3205//8658 3206//8658
f 4420//8659 4419//8659 3204//8659
f 4739//8660 4420//8660 3206//8660
f 4742//8661 3206//8661 3207//8661
f 4742//8662 4739//8662 3206//8662
f 4421//8663 3207//8663 3208//8663
f 4421//8664 4742//8664 3207//8664
f 4744//8665 3208//8665 3209//8665
f 4744//8666 4421//8666 3208//8666
f 4746//8667 3209//8667 3210//8667
f 4746//8668 3210//8668 3211//8668
f 4746//8669 4744//8669 3209//8669
f 4747//8670 4746//8670 3211//8670
f 4422//8671 3211//8671 3212//8671
f 4422//8672 4747//8672 3211//8672
f 4423//8673 3212//8673 3213//8673
f 4423//8674 4422//8674 3212//8674
f 4753//8675 3213//8675 3214//8675
f 4753//8676 4423//8676 3213//8676
f 4755//8677 3214//8677 3215//8677
f 4755//8678 4753//8678 3214//8678
f 4424//8679 3215//8679 3216//8679
f 4424//8680 3216//8680 3217//8680
f 4424//8681 4755//8681 3215//8681
f 4425//8682 4424//8682 3217//8682
f 4425//8683 3217//8683 3218//8683
f 4761//8684 4425//8684 3218//8684
f 4426//8685 4761//8685 3218//8685
f 4426//8686 3218//8686 3219//8686
f 4427//8687 4426//8687 3219//8687
f 4427//8688 3219//8688 3220//8688
f 4769//8689 4427//8689 3220//8689
f 4769//8690 3220//8690 3221//8690
f 4428//8691 4769//8691 3221//8691
f 4428//8692 3221//8692 3222//8692
f 4428//8693 3222//8693 3223//8693
f 4429//8694 4428//8694 3223//8694
f 4774//8695 4429//8695 3223//8695
f 4774//8696 3223//8696 3224//8696
f 4774//8697 3224//8697 3225//8697
f 4430//8698 4774//8698 3225//8698
f 4430//8699 3225//8699 3226//8699
f 4431//8700 4430//8700 3226//8700
f 4432//8701 4431//8701 3226//8701
f 4432//8702 3226//8702 3227//8702
f 4781//8703 4432//8703 3227//8703
f 4781//8704 3227//8704 3228//8704
f 4433//8705 4781//8705 3228//8705
f 4433//8706 3228//8706 3229//8706
f 4434//8707 4433//8707 3229//8707
f 4434//8708 3229//8708 3230//8708
f 4435//8709 3230//8709 3231//8709
f 4435//8710 4434//8710 3230//8710
f 4436//8711 3231//8711 3172//8711
f 4436//8712 3172//8712 3170//8712
f 4436//8713 4435//8713 3231//8713
f 4360//8714 4436//8714 3170//8714
f 4437//8715 4438//8715 3366//8715
f 4437//8716 3366//8716 3365//8716
f 4439//8717 3365//8717 3377//8717
f 4439//8718 4437//8718 3365//8718
f 4440//8719 3377//8719 3378//8719
f 4440//8720 4439//8720 3377//8720
f 4441//8721 3378//8721 3379//8721
f 4441//8722 4440//8722 3378//8722
f 4442//8723 3379//8723 3414//8723
f 4442//8724 4441//8724 3379//8724
f 4443//8725 3414//8725 3415//8725
f 4443//8726 3415//8726 3416//8726
f 4443//8727 4442//8727 3414//8727
f 4444//8728 4443//8728 3416//8728
f 4445//8729 3416//8729 3417//8729
f 4445//8730 4444//8730 3416//8730
f 4446//8731 3417//8731 3422//8731
f 4446//8732 4445//8732 3417//8732
f 4447//8733 3422//8733 3423//8733
f 4447//8734 4446//8734 3422//8734
f 4448//8735 4447//8735 3423//8735
f 4448//8736 3423//8736 3424//8736
f 4449//8737 4448//8737 3424//8737
f 4449//8738 3424//8738 3425//8738
f 4450//8739 4449//8739 3425//8739
f 4450//8740 3425//8740 3429//8740
f 4451//8741 4450//8741 3429//8741
f 4451//8742 3429//8742 3430//8742
f 4452//8743 3430//8743 3431//8743
f 4452//8744 4451//8744 3430//8744
f 4453//8745 3431//8745 3432//8745
f 4453//8746 4452//8746 3431//8746
f 4454//8747 3432//8747 3436//8747
f 4454//8748 4453//8748 3432//8748
f 4455//8749 3436//8749 3437//8749
f 4455//8750 4454//8750 3436//8750
f 4456//8751 3437//8751 3438//8751
f 4456//8752 3438//8752 3439//8752
f 4456//8753 4455//8753 3437//8753
f 4457//8754 3439//8754 3443//8754
f 4457//8755 4456//8755 3439//8755
f 4458//8756 4457//8756 3443//8756
f 4459//8757 3443//8757 3444//8757
f 4459//8758 4458//8758 3443//8758
f 4460//8759 3444//8759 3445//8759
f 4460//8760 4459//8760 3444//8760
f 4461//8761 3445//8761 3448//8761
f 4461//8762 4460//8762 3445//8762
f 4462//8763 3448//8763 3449//8763
f 4462//8764 4461//8764 3448//8764
f 4463//8765 3449//8765 3332//8765
f 4463//8766 4462//8766 3449//8766
f 4464//8767 3332//8767 3331//8767
f 4464//8768 4463//8768 3332//8768
f 4465//8769 3331//8769 3333//8769
f 4465//8770 4464//8770 3331//8770
f 4466//8771 3333//8771 3334//8771
f 4466//8772 4465//8772 3333//8772
f 4467//8773 3334//8773 3335//8773
f 4467//8774 4466//8774 3334//8774
f 4468//8775 3335//8775 3336//8775
f 4468//8776 4467//8776 3335//8776
f 4469//8777 3336//8777 3326//8777
f 4469//8778 3326//8778 3325//8778
f 4469//8779 4468//8779 3336//8779
f 4470//8780 4469//8780 3325//8780
f 4471//8781 3325//8781 3327//8781
f 4471//8782 4470//8782 3325//8782
f 4472//8783 3327//8783 3328//8783
f 4472//8784 4471//8784 3327//8784
f 4473//8785 3328//8785 3329//8785
f 4473//8786 4472//8786 3328//8786
f 4474//8787 3329//8787 3330//8787
f 4474//8788 4473//8788 3329//8788
f 4475//8789 4474//8789 3330//8789
f 4475//8790 3330//8790 3305//8790
f 4476//8791 4475//8791 3305//8791
f 4476//8792 3305//8792 3304//8792
f 4477//8793 4476//8793 3304//8793
f 4477//8794 3304//8794 3306//8794
f 4478//8795 4477//8795 3306//8795
f 4478//8796 3306//8796 3307//8796
f 4478//8797 3307//8797 3308//8797
f 4479//8798 4478//8798 3308//8798
f 4480//8799 4479//8799 3308//8799
f 4480//8800 3308//8800 3309//8800
f 4481//8801 4480//8801 3309//8801
f 4481//8802 3309//8802 3310//8802
f 4482//8803 4481//8803 3310//8803
f 4482//8804 3310//8804 3311//8804
f 4483//8805 4482//8805 3311//8805
f 4483//8806 3311//8806 3312//8806
f 4484//8807 4483//8807 3312//8807
f 4484//8808 3312//8808 3313//8808
f 4485//8809 3313//8809 3314//8809
f 4485//8810 4484//8810 3313//8810
f 4486//8811 3314//8811 3315//8811
f 4486//8812 4485//8812 3314//8812
f 4487//8813 3315//8813 3316//8813
f 4487//8814 4486//8814 3315//8814
f 4488//8815 3316//8815 3317//8815
f 4488//8816 4487//8816 3316//8816
f 4489//8817 3317//8817 3318//8817
f 4489//8818 4488//8818 3317//8818
f 4490//8819 3318//8819 3319//8819
f 4490//8820 4489//8820 3318//8820
f 4491//8821 3319//8821 3320//8821
f 4491//8822 4490//8822 3319//8822
f 4492//8823 3320//8823 3321//8823
f 4492//8824 4491//8824 3320//8824
f 4493//8825 3321//8825 3322//8825
f 4493//8826 4492//8826 3321//8826
f 4494//8827 3322//8827 3323//8827
f 4494//8828 4493//8828 3322//8828
f 4495//8829 3323//8829 3302//8829
f 4495//8830 4494//8830 3323//8830
f 4496//8831 3302//8831 3300//8831
f 4496//8832 4495//8832 3302//8832
f 4497//8833 3300//8833 3298//8833
f 4497//8834 4496//8834 3300//8834
f 4498//8835 3298//8835 3296//8835
f 4498//8836 4497//8836 3298//8836
f 4499//8837 4498//8837 3296//8837
f 4499//8838 3296//8838 3294//8838
f 4500//8839 4499//8839 3294//8839
f 4500//8840 3294//8840 3292//8840
f 4501//8841 4500//8841 3292//8841
f 4501//8842 3292//8842 3290//8842
f 4502//8843 4501//8843 3290//8843
f 4502//8844 3290//8844 3288//8844
f 4503//8845 4502//8845 3288//8845
f 4503//8846 3288//8846 3286//8846
f 4504//8847 4503//8847 3286//8847
f 4504//8848 3286//8848 3284//8848
f 4505//8849 4504//8849 3284//8849
f 4505//8850 3284//8850 3282//8850
f 4506//8851 4505//8851 3282//8851
f 4506//8852 3282//8852 3280//8852
f 4507//8853 4506//8853 3280//8853
f 4507//8854 3280//8854 3278//8854
f 4508//8855 4507//8855 3278//8855
f 4508//8856 3278//8856 3276//8856
f 4509//8857 4508//8857 3276//8857
f 4509//8858 3276//8858 3274//8858
f 4510//8859 4509//8859 3274//8859
f 4510//8860 3274//8860 3272//8860
f 4510//8861 3272//8861 3270//8861
f 4511//8862 4510//8862 3270//8862
f 4512//8863 4511//8863 3270//8863
f 4512//8864 3270//8864 3268//8864
f 4513//8865 4512//8865 3268//8865
f 4513//8866 3268//8866 3266//8866
f 4514//8867 4513//8867 3266//8867
f 4514//8868 3266//8868 3264//8868
f 4515//8869 4514//8869 3264//8869
f 4515//8870 3264//8870 3261//8870
f 4516//8871 4515//8871 3261//8871
f 4516//8872 3261//8872 3262//8872
f 4517//8873 4516//8873 3262//8873
f 4517//8874 3262//8874 3263//8874
f 4518//8875 4517//8875 3263//8875
f 4518//8876 3263//8876 3265//8876
f 4519//8877 4518//8877 3265//8877
f 4519//8878 3265//8878 3267//8878
f 4520//8879 3267//8879 3269//8879
f 4520//8880 4519//8880 3267//8880
f 4521//8881 3269//8881 3271//8881
f 4521//8882 4520//8882 3269//8882
f 4522//8883 3271//8883 3273//8883
f 4522//8884 4521//8884 3271//8884
f 4523//8885 3273//8885 3275//8885
f 4523//8886 4522//8886 3273//8886
f 4524//8887 3275//8887 3277//8887
f 4524//8888 4523//8888 3275//8888
f 4525//8889 4524//8889 3277//8889
f 4525//8890 3277//8890 3279//8890
f 4526//8891 4525//8891 3279//8891
f 4526//8892 3279//8892 3281//8892
f 4527//8893 4526//8893 3281//8893
f 4527//8894 3281//8894 3283//8894
f 4528//8895 4527//8895 3283//8895
f 4528//8896 3283//8896 3285//8896
f 4529//8897 4528//8897 3285//8897
f 4529//8898 3285//8898 3287//8898
f 4530//8899 4529//8899 3287//8899
f 4530//8900 3287//8900 3289//8900
f 4531//8901 4530//8901 3289//8901
f 4531//8902 3289//8902 3291//8902
f 4532//8903 4531//8903 3291//8903
f 4532//8904 3291//8904 3293//8904
f 4533//8905 4532//8905 3293//8905
f 4533//8906 3293//8906 3295//8906
f 4534//8907 4533//8907 3295//8907
f 4534//8908 3295//8908 3297//8908
f 4535//8909 4534//8909 3297//8909
f 4535//8910 3297//8910 3299//8910
f 4536//8911 4535//8911 3299//8911
f 4536//8912 3299//8912 3301//8912
f 4537//8913 3301//8913 3440//8913
f 4537//8914 4536//8914 3301//8914
f 4538//8915 3440//8915 3434//8915
f 4538//8916 4537//8916 3440//8916
f 4539//8917 3434//8917 3427//8917
f 4539//8918 4538//8918 3434//8918
f 4540//8919 3427//8919 3420//8919
f 4540//8920 4539//8920 3427//8920
f 4541//8921 3420//8921 3419//8921
f 4541//8922 4540//8922 3420//8922
f 4542//8923 3419//8923 3397//8923
f 4542//8924 4541//8924 3419//8924
f 4543//8925 3397//8925 3396//8925
f 4543//8926 4542//8926 3397//8926
f 4544//8927 3396//8927 3398//8927
f 4544//8928 4543//8928 3396//8928
f 4545//8929 3398//8929 3374//8929
f 4545//8930 4544//8930 3398//8930
f 4546//8931 3374//8931 3373//8931
f 4546//8932 4545//8932 3374//8932
f 4547//8933 3373//8933 3353//8933
f 4547//8934 4546//8934 3373//8934
f 4548//8935 3353//8935 3352//8935
f 4548//8936 4547//8936 3353//8936
f 4549//8937 3352//8937 3354//8937
f 4549//8938 4548//8938 3352//8938
f 4550//8939 4549//8939 3354//8939
f 4550//8940 3354//8940 3345//8940
f 4551//8941 4550//8941 3345//8941
f 4551//8942 3345//8942 3344//8942
f 4552//8943 4551//8943 3344//8943
f 4552//8944 3344//8944 3346//8944
f 4553//8945 4552//8945 3346//8945
f 4553//8946 3346//8946 3339//8946
f 4554//8947 3339//8947 3338//8947
f 4554//8948 4553//8948 3339//8948
f 4555//8949 3338//8949 3340//8949
f 4555//8950 4554//8950 3338//8950
f 4556//8951 3340//8951 3341//8951
f 4556//8952 4555//8952 3340//8952
f 4557//8953 3341//8953 3342//8953
f 4557//8954 4556//8954 3341//8954
f 4558//8955 3342//8955 3348//8955
f 4558//8956 4557//8956 3342//8956
f 4559//8957 3348//8957 3349//8957
f 4559//8958 4558//8958 3348//8958
f 4560//8959 3349//8959 3350//8959
f 4560//8960 4559//8960 3349//8960
f 4561//8961 3350//8961 3367//8961
f 4561//8962 4560//8962 3350//8962
f 4562//8963 3367//8963 3368//8963
f 4562//8964 4561//8964 3367//8964
f 4438//8965 3368//8965 3366//8965
f 4438//8966 4562//8966 3368//8966
f 3324//8967 4563//8967 4564//8967
f 3324//8968 4564//8968 3303//8968
f 3303//8969 4564//8969 4565//8969
f 3303//8970 4565//8970 3566//8970
f 4282//8971 4284//8971 4566//8971
f 4284//8972 3468//8972 4566//8972
f 4284//8973 4567//8973 3468//8973
f 4563//8974 4289//8974 4288//8974
f 4289//8975 3324//8975 4568//8975
f 4568//8976 3324//8976 4567//8976
f 4567//8977 3324//8977 3468//8977
f 4563//8978 3324//8978 4289//8978
f 4566//8979 3468//8979 4565//8979
f 4565//8980 3468//8980 3566//8980
f 3953//8981 3954//8981 3958//8981
f 3958//8982 3954//8982 3956//8982
f 3956//8983 3955//8983 3957//8983
f 3956//8984 3957//8984 3958//8984
f 3959//8985 3964//8985 3961//8985
f 3959//8986 3961//8986 3960//8986
f 3963//8987 3962//8987 3961//8987
f 3963//8988 3961//8988 3964//8988
f 4285//8989 4567//8989 4284//8989
f 4285//8990 4284//8990 4283//8990
f 4568//8991 4286//8991 4289//8991
f 4289//8992 4286//8992 4287//8992
f 4285//8993 4286//8993 4567//8993
f 4567//8994 4286//8994 4568//8994
f 4288//8995 4564//8995 4563//8995
f 4282//8996 4565//8996 4564//8996
f 4282//8997 4564//8997 4288//8997
f 4566//8998 4565//8998 4282//8998
f 4927//8999 4569//8999 4570//8999
f 4927//9000 4332//9000 4569//9000
f 4571//9001 4570//9001 4569//9001
f 4571//9002 4569//9002 4333//9002
f 4572//9003 4332//9003 4927//9003
f 4572//9004 4573//9004 4332//9004
f 4574//9005 4571//9005 4333//9005
f 4574//9006 4333//9006 4575//9006
f 4924//9007 4573//9007 4572//9007
f 4924//9008 4331//9008 4573//9008
f 4932//9009 4574//9009 4575//9009
f 4932//9010 4575//9010 4576//9010
f 4577//9011 4331//9011 4924//9011
f 4577//9012 4330//9012 4331//9012
f 4935//9013 4932//9013 4576//9013
f 4935//9014 4576//9014 4334//9014
f 4921//9015 4330//9015 4577//9015
f 4921//9016 4578//9016 4330//9016
f 4937//9017 4935//9017 4334//9017
f 4937//9018 4334//9018 4579//9018
f 4919//9019 4578//9019 4921//9019
f 4919//9020 4329//9020 4578//9020
f 4580//9021 4937//9021 4579//9021
f 4580//9022 4579//9022 4335//9022
f 4581//9023 4329//9023 4919//9023
f 4581//9024 4328//9024 4329//9024
f 4939//9025 4580//9025 4335//9025
f 4939//9026 4335//9026 4336//9026
f 4916//9027 4328//9027 4581//9027
f 4916//9028 4327//9028 4328//9028
f 4941//9029 4939//9029 4336//9029
f 4941//9030 4336//9030 4337//9030
f 4582//9031 4583//9031 4327//9031
f 4582//9032 4327//9032 4916//9032
f 4584//9033 4941//9033 4337//9033
f 4584//9034 4337//9034 4338//9034
f 4585//9035 4326//9035 4583//9035
f 4585//9036 4583//9036 4582//9036
f 4586//9037 4584//9037 4338//9037
f 4586//9038 4338//9038 4339//9038
f 4587//9039 4325//9039 4326//9039
f 4587//9040 4326//9040 4585//9040
f 4945//9041 4586//9041 4339//9041
f 4945//9042 4339//9042 4340//9042
f 4911//9043 4588//9043 4325//9043
f 4911//9044 4325//9044 4587//9044
f 4589//9045 4945//9045 4340//9045
f 4589//9046 4340//9046 4590//9046
f 4591//9047 4324//9047 4588//9047
f 4591//9048 4588//9048 4911//9048
f 4592//9049 4589//9049 4590//9049
f 4592//9050 4590//9050 4593//9050
f 4594//9051 4324//9051 4591//9051
f 4594//9052 4595//9052 4324//9052
f 4596//9053 4592//9053 4593//9053
f 4596//9054 4593//9054 4597//9054
f 4907//9055 4595//9055 4594//9055
f 4907//9056 4323//9056 4595//9056
f 4598//9057 4596//9057 4597//9057
f 4598//9058 4597//9058 4341//9058
f 4599//9059 4323//9059 4907//9059
f 4599//9060 4322//9060 4323//9060
f 4600//9061 4598//9061 4341//9061
f 4600//9062 4341//9062 4601//9062
f 4602//9063 4322//9063 4599//9063
f 4602//9064 4321//9064 4322//9064
f 4952//9065 4600//9065 4601//9065
f 4952//9066 4601//9066 4342//9066
f 4952//9067 4342//9067 4603//9067
f 4903//9068 4321//9068 4602//9068
f 4903//9069 4604//9069 4321//9069
f 4605//9070 4952//9070 4603//9070
f 4901//9071 4604//9071 4903//9071
f 4901//9072 4606//9072 4604//9072
f 4955//9073 4605//9073 4603//9073
f 4955//9074 4603//9074 4607//9074
f 4608//9075 4606//9075 4901//9075
f 4608//9076 4320//9076 4606//9076
f 4609//9077 4955//9077 4607//9077
f 4609//9078 4607//9078 4343//9078
f 4610//9079 4320//9079 4608//9079
f 4610//9080 4611//9080 4320//9080
f 4958//9081 4609//9081 4343//9081
f 4958//9082 4343//9082 4612//9082
f 4613//9083 4611//9083 4610//9083
f 4613//9084 4614//9084 4611//9084
f 4960//9085 4612//9085 4344//9085
f 4960//9086 4958//9086 4612//9086
f 4615//9087 4614//9087 4613//9087
f 4615//9088 4616//9088 4614//9088
f 4617//9089 4344//9089 4345//9089
f 4617//9090 4960//9090 4344//9090
f 4618//9091 4616//9091 4615//9091
f 4618//9092 4619//9092 4616//9092
f 4963//9093 4345//9093 4346//9093
f 4963//9094 4617//9094 4345//9094
f 4620//9095 4619//9095 4618//9095
f 4620//9096 4319//9096 4619//9096
f 4966//9097 4346//9097 4347//9097
f 4966//9098 4963//9098 4346//9098
f 4894//9099 4318//9099 4319//9099
f 4894//9100 4319//9100 4620//9100
f 4621//9101 4347//9101 4348//9101
f 4621//9102 4966//9102 4347//9102
f 4892//9103 4318//9103 4894//9103
f 4892//9104 4317//9104 4622//9104
f 4892//9105 4622//9105 4318//9105
f 4968//9106 4348//9106 4623//9106
f 4968//9107 4621//9107 4348//9107
f 4624//9108 4317//9108 4892//9108
f 4970//9109 4623//9109 4625//9109
f 4970//9110 4968//9110 4623//9110
f 4889//9111 4626//9111 4317//9111
f 4889//9112 4317//9112 4624//9112
f 4972//9113 4625//9113 4627//9113
f 4972//9114 4970//9114 4625//9114
f 4887//9115 4628//9115 4626//9115
f 4887//9116 4626//9116 4889//9116
f 4974//9117 4627//9117 4629//9117
f 4974//9118 4972//9118 4627//9118
f 4885//9119 4628//9119 4887//9119
f 4885//9120 4630//9120 4628//9120
f 4631//9121 4629//9121 4632//9121
f 4631//9122 4974//9122 4629//9122
f 4316//9123 4885//9123 4883//9123
f 4316//9124 4630//9124 4885//9124
f 4633//9125 4977//9125 4631//9125
f 4633//9126 4631//9126 4632//9126
f 4634//9127 4316//9127 4883//9127
f 4634//9128 4883//9128 4880//9128
f 4349//9129 4635//9129 4977//9129
f 4349//9130 4977//9130 4633//9130
f 4636//9131 4634//9131 4880//9131
f 4636//9132 4880//9132 4637//9132
f 4350//9133 4635//9133 4349//9133
f 4350//9134 4980//9134 4635//9134
f 4315//9135 4636//9135 4637//9135
f 4315//9136 4877//9136 4638//9136
f 4315//9137 4637//9137 4877//9137
f 4351//9138 4980//9138 4350//9138
f 4351//9139 4639//9139 4980//9139
f 4314//9140 4315//9140 4638//9140
f 4640//9141 4639//9141 4351//9141
f 4640//9142 4641//9142 4639//9142
f 4313//9143 4314//9143 4638//9143
f 4313//9144 4642//9144 4643//9144
f 4313//9145 4638//9145 4642//9145
f 4352//9146 4641//9146 4640//9146
f 4352//9147 4644//9147 4641//9147
f 4352//9148 4645//9148 4644//9148
f 4646//9149 4313//9149 4643//9149
f 4353//9150 4645//9150 4352//9150
f 4312//9151 4647//9151 4648//9151
f 4312//9152 4643//9152 4647//9152
f 4312//9153 4646//9153 4643//9153
f 4649//9154 4650//9154 4645//9154
f 4649//9155 4645//9155 4353//9155
f 4311//9156 4312//9156 4648//9156
f 4354//9157 4651//9157 4650//9157
f 4354//9158 4650//9158 4649//9158
f 4310//9159 4652//9159 4653//9159
f 4310//9160 4648//9160 4652//9160
f 4310//9161 4311//9161 4648//9161
f 4355//9162 4988//9162 4651//9162
f 4355//9163 4651//9163 4354//9163
f 4654//9164 4310//9164 4653//9164
f 4654//9165 4653//9165 4655//9165
f 4356//9166 4988//9166 4355//9166
f 4356//9167 4990//9167 4988//9167
f 4356//9168 4656//9168 4990//9168
f 4309//9169 4654//9169 4655//9169
f 4309//9170 4655//9170 4657//9170
f 4658//9171 4656//9171 4356//9171
f 4308//9172 4657//9172 4659//9172
f 4308//9173 4309//9173 4657//9173
f 4357//9174 4656//9174 4658//9174
f 4357//9175 4660//9175 4656//9175
f 4661//9176 4308//9176 4659//9176
f 4358//9177 4662//9177 4660//9177
f 4358//9178 4663//9178 4662//9178
f 4358//9179 4660//9179 4357//9179
f 4664//9180 4659//9180 4665//9180
f 4664//9181 4661//9181 4659//9181
f 4666//9182 4663//9182 4358//9182
f 4307//9183 4665//9183 4864//9183
f 4307//9184 4664//9184 4665//9184
f 4291//9185 4667//9185 4820//9185
f 4291//9186 4820//9186 4663//9186
f 4291//9187 4663//9187 4666//9187
f 4306//9188 4864//9188 4668//9188
f 4306//9189 4307//9189 4864//9189
f 4290//9190 4667//9190 4291//9190
f 4305//9191 4668//9191 4861//9191
f 4305//9192 4306//9192 4668//9192
f 4292//9193 4823//9193 4667//9193
f 4292//9194 4667//9194 4290//9194
f 4304//9195 4669//9195 4670//9195
f 4304//9196 4861//9196 4669//9196
f 4304//9197 4305//9197 4861//9197
f 4671//9198 4825//9198 4823//9198
f 4671//9199 4823//9199 4292//9199
f 4303//9200 4670//9200 4858//9200
f 4303//9201 4304//9201 4670//9201
f 4293//9202 4672//9202 4825//9202
f 4293//9203 4825//9203 4671//9203
f 4673//9204 4303//9204 4858//9204
f 4674//9205 4672//9205 4293//9205
f 4674//9206 4675//9206 4672//9206
f 4676//9207 4673//9207 4858//9207
f 4676//9208 4856//9208 4677//9208
f 4676//9209 4858//9209 4856//9209
f 4294//9210 4675//9210 4674//9210
f 4294//9211 4830//9211 4675//9211
f 4302//9212 4676//9212 4677//9212
f 4678//9213 4679//9213 4830//9213
f 4678//9214 4830//9214 4294//9214
f 4301//9215 4677//9215 4680//9215
f 4301//9216 4302//9216 4677//9216
f 4681//9217 4679//9217 4678//9217
f 4681//9218 4682//9218 4679//9218
f 4681//9219 4833//9219 4682//9219
f 4300//9220 4301//9220 4680//9220
f 4300//9221 4680//9221 4683//9221
f 4295//9222 4833//9222 4681//9222
f 4684//9223 4300//9223 4683//9223
f 4684//9224 4850//9224 4685//9224
f 4684//9225 4683//9225 4850//9225
f 4686//9226 4687//9226 4833//9226
f 4686//9227 4833//9227 4295//9227
f 4688//9228 4684//9228 4685//9228
f 4689//9229 4687//9229 4686//9229
f 4689//9230 4836//9230 4687//9230
f 4299//9231 4688//9231 4685//9231
f 4299//9232 4848//9232 4690//9232
f 4299//9233 4685//9233 4848//9233
f 4691//9234 4836//9234 4689//9234
f 4691//9235 4692//9235 4836//9235
f 4298//9236 4299//9236 4690//9236
f 4298//9237 4690//9237 4693//9237
f 4694//9238 4695//9238 4692//9238
f 4694//9239 4692//9239 4691//9239
f 4297//9240 4298//9240 4693//9240
f 4696//9241 4695//9241 4694//9241
f 4696//9242 4697//9242 4695//9242
f 4296//9243 4297//9243 4693//9243
f 4296//9244 4693//9244 4844//9244
f 4698//9245 4699//9245 4697//9245
f 4698//9246 4697//9246 4696//9246
f 4700//9247 4701//9247 4699//9247
f 4700//9248 4844//9248 4701//9248
f 4700//9249 4699//9249 4698//9249
f 4700//9250 4296//9250 4844//9250
f 5107//9251 4407//9251 4702//9251
f 5107//9252 4406//9252 4407//9252
f 5110//9253 4702//9253 4407//9253
f 5110//9254 4407//9254 4408//9254
f 4703//9255 4406//9255 5107//9255
f 4703//9256 4704//9256 4406//9256
f 5112//9257 5110//9257 4408//9257
f 5112//9258 4408//9258 4705//9258
f 5104//9259 4704//9259 4703//9259
f 5104//9260 4405//9260 4704//9260
f 4706//9261 5112//9261 4705//9261
f 4706//9262 4705//9262 4707//9262
f 4708//9263 4405//9263 5104//9263
f 4708//9264 4709//9264 4405//9264
f 4710//9265 4706//9265 4707//9265
f 4710//9266 4707//9266 4409//9266
f 4711//9267 4709//9267 4708//9267
f 4711//9268 4712//9268 4709//9268
f 5117//9269 4710//9269 4409//9269
f 5117//9270 4409//9270 4410//9270
f 5100//9271 4712//9271 4711//9271
f 5100//9272 4713//9272 4712//9272
f 4714//9273 5117//9273 4410//9273
f 4714//9274 4410//9274 4411//9274
f 5098//9275 4713//9275 5100//9275
f 5098//9276 4715//9276 4713//9276
f 5119//9277 4714//9277 4411//9277
f 5119//9278 4411//9278 4412//9278
f 4716//9279 4715//9279 5098//9279
f 4716//9280 4404//9280 4715//9280
f 5121//9281 5119//9281 4412//9281
f 5121//9282 4412//9282 4413//9282
f 4717//9283 4403//9283 4404//9283
f 4717//9284 4404//9284 4716//9284
f 5123//9285 5121//9285 4413//9285
f 5123//9286 4413//9286 4414//9286
f 4718//9287 4719//9287 4403//9287
f 4718//9288 4403//9288 4717//9288
f 4720//9289 5123//9289 4414//9289
f 4720//9290 4414//9290 4721//9290
f 4722//9291 4723//9291 4719//9291
f 4722//9292 4719//9292 4718//9292
f 5126//9293 4720//9293 4721//9293
f 5126//9294 4721//9294 4415//9294
f 4724//9295 4725//9295 4723//9295
f 4724//9296 4723//9296 4722//9296
f 4726//9297 5126//9297 4415//9297
f 4726//9298 4415//9298 4727//9298
f 5091//9299 4728//9299 4725//9299
f 5091//9300 4725//9300 4724//9300
f 5129//9301 4726//9301 4727//9301
f 5129//9302 4727//9302 4416//9302
f 4729//9303 4728//9303 5091//9303
f 4729//9304 4402//9304 4728//9304
f 4730//9305 5129//9305 4416//9305
f 4730//9306 4416//9306 4417//9306
f 5088//9307 4402//9307 4729//9307
f 5088//9308 4401//9308 4402//9308
f 5132//9309 4730//9309 4417//9309
f 5132//9310 4417//9310 4418//9310
f 4731//9311 4401//9311 5088//9311
f 4731//9312 4400//9312 4401//9312
f 4732//9313 5132//9313 4418//9313
f 4732//9314 4418//9314 4733//9314
f 4734//9315 4400//9315 4731//9315
f 4734//9316 4735//9316 4400//9316
f 5135//9317 4732//9317 4733//9317
f 5135//9318 4733//9318 4736//9318
f 5135//9319 4736//9319 4419//9319
f 5084//9320 4735//9320 4734//9320
f 5084//9321 4399//9321 4735//9321
f 5137//9322 5135//9322 4419//9322
f 5082//9323 4399//9323 5084//9323
f 5082//9324 4737//9324 4399//9324
f 5139//9325 5137//9325 4419//9325
f 5139//9326 4419//9326 4420//9326
f 4738//9327 4737//9327 5082//9327
f 4738//9328 4398//9328 4737//9328
f 5142//9329 5139//9329 4420//9329
f 5142//9330 4420//9330 4739//9330
f 5079//9331 4398//9331 4738//9331
f 5079//9332 4740//9332 4398//9332
f 4741//9333 5142//9333 4739//9333
f 4741//9334 4739//9334 4742//9334
f 5077//9335 4740//9335 5079//9335
f 5077//9336 4397//9336 4740//9336
f 5144//9337 4742//9337 4421//9337
f 5144//9338 4741//9338 4742//9338
f 5076//9339 4397//9339 5077//9339
f 5076//9340 4396//9340 4397//9340
f 4743//9341 4421//9341 4744//9341
f 4743//9342 5144//9342 4421//9342
f 5074//9343 4396//9343 5076//9343
f 5074//9344 4745//9344 4396//9344
f 5147//9345 4744//9345 4746//9345
f 5147//9346 4743//9346 4744//9346
f 5072//9347 4745//9347 5074//9347
f 5072//9348 4395//9348 4745//9348
f 5150//9349 4746//9349 4747//9349
f 5150//9350 5147//9350 4746//9350
f 5070//9351 4394//9351 4395//9351
f 5070//9352 4395//9352 5072//9352
f 4748//9353 4747//9353 4422//9353
f 4748//9354 5150//9354 4747//9354
f 4749//9355 4394//9355 5070//9355
f 4749//9356 4392//9356 4393//9356
f 4749//9357 4393//9357 4394//9357
f 4750//9358 4422//9358 4423//9358
f 4750//9359 4748//9359 4422//9359
f 4751//9360 4392//9360 4749//9360
f 4752//9361 4423//9361 4753//9361
f 4752//9362 4750//9362 4423//9362
f 5066//9363 4754//9363 4392//9363
f 5066//9364 4392//9364 4751//9364
f 5154//9365 4753//9365 4755//9365
f 5154//9366 4752//9366 4753//9366
f 4756//9367 4391//9367 4754//9367
f 4756//9368 4754//9368 5066//9368
f 4757//9369 4755//9369 4424//9369
f 4757//9370 5154//9370 4755//9370
f 5063//9371 4391//9371 4756//9371
f 5063//9372 4758//9372 4391//9372
f 4759//9373 4424//9373 4425//9373
f 4759//9374 4757//9374 4424//9374
f 4390//9375 5063//9375 4760//9375
f 4390//9376 4758//9376 5063//9376
f 4761//9377 4762//9377 4759//9377
f 4761//9378 4759//9378 4425//9378
f 4763//9379 4390//9379 4760//9379
f 4763//9380 4760//9380 4764//9380
f 4426//9381 4765//9381 4762//9381
f 4426//9382 4762//9382 4761//9382
f 4766//9383 4763//9383 4764//9383
f 4766//9384 4764//9384 4767//9384
f 4427//9385 4765//9385 4426//9385
f 4427//9386 5160//9386 4765//9386
f 4389//9387 4766//9387 4767//9387
f 4389//9388 4768//9388 5056//9388
f 4389//9389 4767//9389 4768//9389
f 4769//9390 5160//9390 4427//9390
f 4769//9391 5162//9391 5160//9391
f 4770//9392 4389//9392 5056//9392
f 4428//9393 5162//9393 4769//9393
f 4428//9394 4771//9394 5162//9394
f 4388//9395 4770//9395 5056//9395
f 4388//9396 4772//9396 5054//9396
f 4388//9397 5056//9397 4772//9397
f 4429//9398 4771//9398 4428//9398
f 4429//9399 5165//9399 4771//9399
f 4429//9400 4773//9400 5165//9400
f 4387//9401 4388//9401 5054//9401
f 4774//9402 4773//9402 4429//9402
f 4386//9403 4775//9403 5050//9403
f 4386//9404 5054//9404 4775//9404
f 4386//9405 4387//9405 5054//9405
f 4430//9406 4776//9406 4773//9406
f 4430//9407 4773//9407 4774//9407
f 4385//9408 4386//9408 5050//9408
f 4431//9409 5169//9409 4776//9409
f 4431//9410 4776//9410 4430//9410
f 4384//9411 4777//9411 4778//9411
f 4384//9412 5050//9412 4777//9412
f 4384//9413 4385//9413 5050//9413
f 4432//9414 4779//9414 5169//9414
f 4432//9415 5169//9415 4431//9415
f 4383//9416 4384//9416 4778//9416
f 4383//9417 4778//9417 4780//9417
f 4781//9418 4779//9418 4432//9418
f 4781//9419 4782//9419 4779//9419
f 4781//9420 4783//9420 4782//9420
f 4382//9421 4383//9421 4780//9421
f 4382//9422 4780//9422 4784//9422
f 4433//9423 4783//9423 4781//9423
f 4785//9424 4784//9424 4786//9424
f 4785//9425 4382//9425 4784//9425
f 4434//9426 4783//9426 4433//9426
f 4434//9427 4787//9427 4783//9427
f 4381//9428 4785//9428 4786//9428
f 4435//9429 5175//9429 4787//9429
f 4435//9430 4788//9430 5175//9430
f 4435//9431 4787//9431 4434//9431
f 4380//9432 4786//9432 5043//9432
f 4380//9433 4381//9433 4786//9433
f 4436//9434 4788//9434 4435//9434
f 4789//9435 5043//9435 4790//9435
f 4789//9436 4380//9436 5043//9436
f 4360//9437 4791//9437 4792//9437
f 4360//9438 4792//9438 4788//9438
f 4360//9439 4788//9439 4436//9439
f 4379//9440 4790//9440 5040//9440
f 4379//9441 4789//9441 4790//9441
f 4359//9442 4791//9442 4360//9442
f 4378//9443 5040//9443 5038//9443
f 4378//9444 4379//9444 5040//9444
f 4361//9445 4998//9445 4791//9445
f 4361//9446 4791//9446 4359//9446
f 4793//9447 4794//9447 4795//9447
f 4793//9448 5038//9448 4794//9448
f 4793//9449 4378//9449 5038//9449
f 4362//9450 4796//9450 4998//9450
f 4362//9451 4998//9451 4361//9451
f 4377//9452 4795//9452 4797//9452
f 4377//9453 4793//9453 4795//9453
f 4798//9454 5001//9454 4796//9454
f 4798//9455 4796//9455 4362//9455
f 4376//9456 4377//9456 4797//9456
f 4363//9457 5001//9457 4798//9457
f 4363//9458 4799//9458 5001//9458
f 4375//9459 4376//9459 4797//9459
f 4375//9460 4800//9460 4801//9460
f 4375//9461 4797//9461 4800//9461
f 4364//9462 4799//9462 4363//9462
f 4364//9463 4802//9463 4799//9463
f 4374//9464 4375//9464 4801//9464
f 4803//9465 5005//9465 4802//9465
f 4803//9466 4802//9466 4364//9466
f 4373//9467 4801//9467 4804//9467
f 4373//9468 4374//9468 4801//9468
f 4365//9469 5005//9469 4803//9469
f 4365//9470 5008//9470 5005//9470
f 4365//9471 5009//9471 5008//9471
f 4372//9472 4373//9472 4804//9472
f 4372//9473 4804//9473 5030//9473
f 4805//9474 5009//9474 4365//9474
f 4806//9475 4372//9475 5030//9475
f 4806//9476 4807//9476 4808//9476
f 4806//9477 5030//9477 4807//9477
f 4809//9478 5011//9478 5009//9478
f 4809//9479 5009//9479 4805//9479
f 4810//9480 4806//9480 4808//9480
f 4366//9481 5011//9481 4809//9481
f 4366//9482 4811//9482 5011//9482
f 4371//9483 4810//9483 4808//9483
f 4371//9484 5027//9484 5024//9484
f 4371//9485 4808//9485 5027//9485
f 4367//9486 4811//9486 4366//9486
f 4367//9487 4812//9487 4811//9487
f 4813//9488 4371//9488 5024//9488
f 4813//9489 5024//9489 4814//9489
f 4815//9490 4816//9490 4812//9490
f 4815//9491 4812//9491 4367//9491
f 4370//9492 4813//9492 4814//9492
f 4368//9493 4816//9493 4815//9493
f 4368//9494 5016//9494 4816//9494
f 4817//9495 4370//9495 4814//9495
f 4817//9496 4814//9496 5022//9496
f 4818//9497 4819//9497 5016//9497
f 4818//9498 5016//9498 4368//9498
f 4369//9499 5019//9499 4819//9499
f 4369//9500 5022//9500 5019//9500
f 4369//9501 4819//9501 4818//9501
f 4369//9502 4817//9502 5022//9502
f 4518//9503 4515//9503 4516//9503
f 4518//9504 4516//9504 4517//9504
f 4522//9505 4520//9505 4521//9505
f 4523//9506 4520//9506 4522//9506
f 4523//9507 4518//9507 4519//9507
f 4523//9508 4519//9508 4520//9508
f 4508//9509 4509//9509 4510//9509
f 4508//9510 4510//9510 4511//9510
f 4508//9511 4511//9511 4512//9511
f 4508//9512 4512//9512 4513//9512
f 4508//9513 4513//9513 4514//9513
f 4526//9514 4524//9514 4525//9514
f 4528//9515 4526//9515 4527//9515
f 4503//9516 4504//9516 4505//9516
f 4500//9517 4501//9517 4502//9517
f 4500//9518 4502//9518 4503//9518
f 4497//9519 4498//9519 4499//9519
f 4497//9520 4499//9520 4500//9520
f 4535//9521 4528//9521 4529//9521
f 4535//9522 4529//9522 4530//9522
f 4535//9523 4530//9523 4531//9523
f 4535//9524 4531//9524 4532//9524
f 4535//9525 4532//9525 4533//9525
f 4535//9526 4533//9526 4534//9526
f 4495//9527 4496//9527 4497//9527
f 4495//9528 4497//9528 4500//9528
f 4494//9529 4495//9529 4500//9529
f 4538//9530 4535//9530 4536//9530
f 4538//9531 4536//9531 4537//9531
f 4539//9532 4535//9532 4538//9532
f 4539//9533 4515//9533 4518//9533
f 4539//9534 4518//9534 4523//9534
f 4539//9535 4524//9535 4526//9535
f 4539//9536 4514//9536 4515//9536
f 4539//9537 4526//9537 4528//9537
f 4539//9538 4523//9538 4524//9538
f 4539//9539 4528//9539 4535//9539
f 4492//9540 4493//9540 4494//9540
f 4541//9541 4539//9541 4540//9541
f 4542//9542 4539//9542 4541//9542
f 4488//9543 4489//9543 4490//9543
f 4544//9544 4542//9544 4543//9544
f 4545//9545 4542//9545 4544//9545
f 4486//9546 4487//9546 4488//9546
f 4546//9547 4542//9547 4545//9547
f 4485//9548 4492//9548 4494//9548
f 4485//9549 4488//9549 4490//9549
f 4485//9550 4486//9550 4488//9550
f 4485//9551 4490//9551 4491//9551
f 4485//9552 4491//9552 4492//9552
f 4547//9553 4542//9553 4546//9553
f 4547//9554 4539//9554 4542//9554
f 4482//9555 4483//9555 4484//9555
f 4482//9556 4484//9556 4485//9556
f 4550//9557 4548//9557 4549//9557
f 4552//9558 4550//9558 4551//9558
f 4479//9559 4480//9559 4481//9559
f 4477//9560 4478//9560 4479//9560
f 4477//9561 4479//9561 4481//9561
f 4555//9562 4552//9562 4553//9562
f 4555//9563 4553//9563 4554//9563
f 4476//9564 4481//9564 4482//9564
f 4476//9565 4477//9565 4481//9565
f 4476//9566 4482//9566 4485//9566
f 4556//9567 4514//9567 4539//9567
f 4556//9568 4547//9568 4548//9568
f 4556//9569 4539//9569 4547//9569
f 4556//9570 4548//9570 4550//9570
f 4556//9571 4550//9571 4552//9571
f 4556//9572 4552//9572 4555//9572
f 4472//9573 4473//9573 4474//9573
f 4472//9574 4474//9574 4475//9574
f 4472//9575 4475//9575 4476//9575
f 4560//9576 4556//9576 4557//9576
f 4560//9577 4557//9577 4558//9577
f 4560//9578 4558//9578 4559//9578
f 4470//9579 4471//9579 4472//9579
f 4562//9580 4560//9580 4561//9580
f 4562//9581 4508//9581 4514//9581
f 4562//9582 4505//9582 4506//9582
f 4562//9583 4506//9583 4507//9583
f 4562//9584 4507//9584 4508//9584
f 4562//9585 4514//9585 4556//9585
f 4562//9586 4503//9586 4505//9586
f 4562//9587 4556//9587 4560//9587
f 4437//9588 4562//9588 4438//9588
f 4467//9589 4468//9589 4469//9589
f 4466//9590 4467//9590 4469//9590
f 4440//9591 4562//9591 4437//9591
f 4440//9592 4437//9592 4439//9592
f 4441//9593 4503//9593 4562//9593
f 4441//9594 4562//9594 4440//9594
f 4441//9595 4500//9595 4503//9595
f 4463//9596 4466//9596 4469//9596
f 4463//9597 4464//9597 4465//9597
f 4463//9598 4465//9598 4466//9598
f 4443//9599 4441//9599 4442//9599
f 4462//9600 4463//9600 4469//9600
f 4462//9601 4469//9601 4470//9601
f 4444//9602 4494//9602 4500//9602
f 4444//9603 4500//9603 4441//9603
f 4444//9604 4441//9604 4443//9604
f 4446//9605 4444//9605 4445//9605
f 4459//9606 4470//9606 4472//9606
f 4459//9607 4460//9607 4461//9607
f 4459//9608 4461//9608 4462//9608
f 4459//9609 4462//9609 4470//9609
f 4457//9610 4458//9610 4459//9610
f 4457//9611 4459//9611 4472//9611
f 4450//9612 4446//9612 4447//9612
f 4450//9613 4447//9613 4448//9613
f 4450//9614 4448//9614 4449//9614
f 4451//9615 4444//9615 4446//9615
f 4451//9616 4446//9616 4450//9616
f 4454//9617 4455//9617 4456//9617
f 4452//9618 4444//9618 4451//9618
f 4453//9619 4456//9619 4457//9619
f 4453//9620 4485//9620 4494//9620
f 4453//9621 4494//9621 4444//9621
f 4453//9622 4457//9622 4472//9622
f 4453//9623 4454//9623 4456//9623
f 4453//9624 4444//9624 4452//9624
f 4453//9625 4476//9625 4485//9625
f 4453//9626 4472//9626 4476//9626
f 4820//9627 4667//9627 4821//9627
f 4821//9628 4667//9628 4822//9628
f 4822//9629 4823//9629 4824//9629
f 4667//9630 4823//9630 4822//9630
f 4824//9631 4825//9631 4826//9631
f 4823//9632 4825//9632 4824//9632
f 4826//9633 4672//9633 4827//9633
f 4825//9634 4672//9634 4826//9634
f 4827//9635 4675//9635 4828//9635
f 4828//9636 4675//9636 4829//9636
f 4672//9637 4675//9637 4827//9637
f 4675//9638 4830//9638 4829//9638
f 4829//9639 4679//9639 4831//9639
f 4831//9640 4679//9640 4832//9640
f 4830//9641 4679//9641 4829//9641
f 4679//9642 4682//9642 4832//9642
f 4832//9643 4833//9643 4834//9643
f 4682//9644 4833//9644 4832//9644
f 4834//9645 4687//9645 4835//9645
f 4833//9646 4687//9646 4834//9646
f 4687//9647 4836//9647 4835//9647
f 4835//9648 4836//9648 4837//9648
f 4836//9649 4692//9649 4837//9649
f 4837//9650 4692//9650 4838//9650
f 4838//9651 4692//9651 4839//9651
f 4692//9652 4695//9652 4839//9652
f 4695//9653 4697//9653 4839//9653
f 4839//9654 4697//9654 4840//9654
f 4840//9655 4697//9655 4841//9655
f 4697//9656 4699//9656 4841//9656
f 4699//9657 4701//9657 4841//9657
f 4841//9658 4701//9658 4842//9658
f 4842//9659 4701//9659 4843//9659
f 4701//9660 4844//9660 4843//9660
f 4843//9661 4844//9661 4845//9661
f 4844//9662 4693//9662 4845//9662
f 4693//9663 4690//9663 4845//9663
f 4845//9664 4690//9664 4846//9664
f 4846//9665 4690//9665 4847//9665
f 4690//9666 4848//9666 4847//9666
f 4847//9667 4848//9667 4849//9667
f 4848//9668 4685//9668 4849//9668
f 4685//9669 4850//9669 4849//9669
f 4849//9670 4850//9670 4851//9670
f 4851//9671 4683//9671 4852//9671
f 4850//9672 4683//9672 4851//9672
f 4852//9673 4680//9673 4853//9673
f 4683//9674 4680//9674 4852//9674
f 4853//9675 4677//9675 4854//9675
f 4854//9676 4677//9676 4855//9676
f 4680//9677 4677//9677 4853//9677
f 4855//9678 4856//9678 4857//9678
f 4677//9679 4856//9679 4855//9679
f 4856//9680 4858//9680 4857//9680
f 4857//9681 4670//9681 4859//9681
f 4859//9682 4670//9682 4860//9682
f 4858//9683 4670//9683 4857//9683
f 4670//9684 4669//9684 4860//9684
f 4860//9685 4861//9685 4862//9685
f 4669//9686 4861//9686 4860//9686
f 4862//9687 4668//9687 4863//9687
f 4861//9688 4668//9688 4862//9688
f 4863//9689 4864//9689 4865//9689
f 4668//9690 4864//9690 4863//9690
f 4865//9691 4665//9691 4866//9691
f 4864//9692 4665//9692 4865//9692
f 4866//9693 4659//9693 4867//9693
f 4665//9694 4659//9694 4866//9694
f 4867//9695 4657//9695 4868//9695
f 4659//9696 4657//9696 4867//9696
f 4868//9697 4655//9697 4869//9697
f 4657//9698 4655//9698 4868//9698
f 4655//9699 4653//9699 4869//9699
f 4869//9700 4653//9700 4870//9700
f 4653//9701 4652//9701 4870//9701
f 4870//9702 4652//9702 4871//9702
f 4652//9703 4648//9703 4871//9703
f 4871//9704 4648//9704 4872//9704
f 4648//9705 4647//9705 4872//9705
f 4872//9706 4647//9706 4873//9706
f 4873//9707 4647//9707 4874//9707
f 4647//9708 4643//9708 4874//9708
f 4874//9709 4643//9709 4875//9709
f 4643//9710 4642//9710 4875//9710
f 4642//9711 4638//9711 4875//9711
f 4875//9712 4638//9712 4876//9712
f 4638//9713 4877//9713 4876//9713
f 4876//9714 4877//9714 4878//9714
f 4878//9715 4877//9715 4879//9715
f 4877//9716 4637//9716 4879//9716
f 4637//9717 4880//9717 4879//9717
f 4879//9718 4880//9718 4881//9718
f 4881//9719 4880//9719 4882//9719
f 4880//9720 4883//9720 4882//9720
f 4882//9721 4883//9721 4884//9721
f 4883//9722 4885//9722 4884//9722
f 4884//9723 4885//9723 4886//9723
f 4885//9724 4887//9724 4886//9724
f 4886//9725 4887//9725 4888//9725
f 4887//9726 4889//9726 4888//9726
f 4889//9727 4624//9727 4888//9727
f 4888//9728 4624//9728 4890//9728
f 4890//9729 4624//9729 4891//9729
f 4624//9730 4892//9730 4891//9730
f 4891//9731 4892//9731 4893//9731
f 4892//9732 4894//9732 4893//9732
f 4893//9733 4894//9733 4895//9733
f 4894//9734 4620//9734 4895//9734
f 4895//9735 4620//9735 4896//9735
f 4620//9736 4618//9736 4896//9736
f 4896//9737 4618//9737 4897//9737
f 4618//9738 4615//9738 4897//9738
f 4615//9739 4613//9739 4897//9739
f 4897//9740 4613//9740 4898//9740
f 4898//9741 4610//9741 4899//9741
f 4613//9742 4610//9742 4898//9742
f 4899//9743 4608//9743 4900//9743
f 4610//9744 4608//9744 4899//9744
f 4900//9745 4901//9745 4902//9745
f 4608//9746 4901//9746 4900//9746
f 4902//9747 4903//9747 4904//9747
f 4901//9748 4903//9748 4902//9748
f 4903//9749 4602//9749 4904//9749
f 4904//9750 4602//9750 4905//9750
f 4602//9751 4599//9751 4905//9751
f 4905//9752 4599//9752 4906//9752
f 4599//9753 4907//9753 4906//9753
f 4906//9754 4907//9754 4908//9754
f 4907//9755 4594//9755 4908//9755
f 4908//9756 4594//9756 4909//9756
f 4594//9757 4591//9757 4909//9757
f 4909//9758 4591//9758 4910//9758
f 4591//9759 4911//9759 4910//9759
f 4910//9760 4911//9760 4912//9760
f 4911//9761 4587//9761 4912//9761
f 4912//9762 4587//9762 4913//9762
f 4587//9763 4585//9763 4913//9763
f 4913//9764 4585//9764 4914//9764
f 4914//9765 4585//9765 4915//9765
f 4585//9766 4582//9766 4915//9766
f 4582//9767 4916//9767 4915//9767
f 4915//9768 4916//9768 4917//9768
f 4916//9769 4581//9769 4917//9769
f 4917//9770 4581//9770 4918//9770
f 4581//9771 4919//9771 4918//9771
f 4918//9772 4919//9772 4920//9772
f 4920//9773 4921//9773 4922//9773
f 4919//9774 4921//9774 4920//9774
f 4922//9775 4577//9775 4923//9775
f 4921//9776 4577//9776 4922//9776
f 4923//9777 4924//9777 4925//9777
f 4577//9778 4924//9778 4923//9778
f 4925//9779 4572//9779 4926//9779
f 4924//9780 4572//9780 4925//9780
f 4926//9781 4927//9781 4928//9781
f 4928//9782 4927//9782 4929//9782
f 4572//9783 4927//9783 4926//9783
f 4927//9784 4570//9784 4929//9784
f 4929//9785 4571//9785 4930//9785
f 4570//9786 4571//9786 4929//9786
f 4930//9787 4574//9787 4931//9787
f 4571//9788 4574//9788 4930//9788
f 4931//9789 4932//9789 4933//9789
f 4933//9790 4932//9790 4934//9790
f 4574//9791 4932//9791 4931//9791
f 4934//9792 4935//9792 4936//9792
f 4932//9793 4935//9793 4934//9793
f 4935//9794 4937//9794 4936//9794
f 4936//9795 4580//9795 4938//9795
f 4937//9796 4580//9796 4936//9796
f 4938//9797 4939//9797 4940//9797
f 4580//9798 4939//9798 4938//9798
f 4940//9799 4941//9799 4942//9799
f 4939//9800 4941//9800 4940//9800
f 4941//9801 4584//9801 4942//9801
f 4942//9802 4584//9802 4943//9802
f 4584//9803 4586//9803 4943//9803
f 4943//9804 4586//9804 4944//9804
f 4586//9805 4945//9805 4944//9805
f 4944//9806 4945//9806 4946//9806
f 4945//9807 4589//9807 4946//9807
f 4946//9808 4589//9808 4947//9808
f 4947//9809 4592//9809 4948//9809
f 4589//9810 4592//9810 4947//9810
f 4948//9811 4596//9811 4949//9811
f 4592//9812 4596//9812 4948//9812
f 4949//9813 4598//9813 4950//9813
f 4596//9814 4598//9814 4949//9814
f 4950//9815 4600//9815 4951//9815
f 4598//9816 4600//9816 4950//9816
f 4951//9817 4952//9817 4953//9817
f 4600//9818 4952//9818 4951//9818
f 4953//9819 4605//9819 4954//9819
f 4952//9820 4605//9820 4953//9820
f 4954//9821 4955//9821 4956//9821
f 4956//9822 4955//9822 4957//9822
f 4605//9823 4955//9823 4954//9823
f 4955//9824 4609//9824 4957//9824
f 4957//9825 4958//9825 4959//9825
f 4609//9826 4958//9826 4957//9826
f 4959//9827 4960//9827 4961//9827
f 4958//9828 4960//9828 4959//9828
f 4961//9829 4617//9829 4962//9829
f 4960//9830 4617//9830 4961//9830
f 4962//9831 4963//9831 4964//9831
f 4964//9832 4963//9832 4965//9832
f 4617//9833 4963//9833 4962//9833
f 4963//9834 4966//9834 4965//9834
f 4965//9835 4621//9835 4967//9835
f 4966//9836 4621//9836 4965//9836
f 4967//9837 4968//9837 4969//9837
f 4621//9838 4968//9838 4967//9838
f 4969//9839 4970//9839 4971//9839
f 4968//9840 4970//9840 4969//9840
f 4971//9841 4972//9841 4973//9841
f 4970//9842 4972//9842 4971//9842
f 4973//9843 4974//9843 4975//9843
f 4975//9844 4974//9844 4976//9844
f 4972//9845 4974//9845 4973//9845
f 4974//9846 4631//9846 4976//9846
f 4976//9847 4977//9847 4978//9847
f 4631//9848 4977//9848 4976//9848
f 4977//9849 4635//9849 4978//9849
f 4978//9850 4635//9850 4979//9850
f 4635//9851 4980//9851 4979//9851
f 4979//9852 4980//9852 4981//9852
f 4980//9853 4639//9853 4981//9853
f 4981//9854 4639//9854 4982//9854
f 4982//9855 4639//9855 4983//9855
f 4639//9856 4641//9856 4983//9856
f 4641//9857 4644//9857 4983//9857
f 4983//9858 4644//9858 4984//9858
f 4644//9859 4645//9859 4984//9859
f 4984//9860 4645//9860 4985//9860
f 4985//9861 4645//9861 4986//9861
f 4645//9862 4650//9862 4986//9862
f 4650//9863 4651//9863 4986//9863
f 4986//9864 4651//9864 4987//9864
f 4651//9865 4988//9865 4987//9865
f 4987//9866 4988//9866 4989//9866
f 4988//9867 4990//9867 4989//9867
f 4989//9868 4990//9868 4991//9868
f 4990//9869 4656//9869 4991//9869
f 4991//9870 4656//9870 4992//9870
f 4656//9871 4660//9871 4992//9871
f 4992//9872 4660//9872 4993//9872
f 4993//9873 4662//9873 4994//9873
f 4660//9874 4662//9874 4993//9874
f 4994//9875 4663//9875 4995//9875
f 4662//9876 4663//9876 4994//9876
f 4663//9877 4820//9877 4995//9877
f 4995//9878 4820//9878 4821//9878
f 4792//9879 4791//9879 4996//9879
f 4996//9880 4791//9880 4997//9880
f 4997//9881 4998//9881 4999//9881
f 4791//9882 4998//9882 4997//9882
f 4999//9883 4796//9883 5000//9883
f 4998//9884 4796//9884 4999//9884
f 5000//9885 5001//9885 5002//9885
f 4796//9886 5001//9886 5000//9886
f 5002//9887 4799//9887 5003//9887
f 5003//9888 4799//9888 5004//9888
f 5001//9889 4799//9889 5002//9889
f 4799//9890 4802//9890 5004//9890
f 5004//9891 5005//9891 5006//9891
f 5006//9892 5005//9892 5007//9892
f 4802//9893 5005//9893 5004//9893
f 5005//9894 5008//9894 5007//9894
f 5007//9895 5009//9895 5010//9895
f 5008//9896 5009//9896 5007//9896
f 5010//9897 5011//9897 5012//9897
f 5009//9898 5011//9898 5010//9898
f 5011//9899 4811//9899 5012//9899
f 5012//9900 4811//9900 5013//9900
f 4811//9901 4812//9901 5013//9901
f 5013//9902 4812//9902 5014//9902
f 5014//9903 4812//9903 5015//9903
f 4812//9904 4816//9904 5015//9904
f 4816//9905 5016//9905 5015//9905
f 5015//9906 5016//9906 5017//9906
f 5017//9907 5016//9907 5018//9907
f 5016//9908 4819//9908 5018//9908
f 4819//9909 5019//9909 5018//9909
f 5018//9910 5019//9910 5020//9910
f 5020//9911 5019//9911 5021//9911
f 5019//9912 5022//9912 5021//9912
f 5021//9913 5022//9913 5023//9913
f 5022//9914 4814//9914 5023//9914
f 4814//9915 5024//9915 5023//9915
f 5023//9916 5024//9916 5025//9916
f 5025//9917 5024//9917 5026//9917
f 5024//9918 5027//9918 5026//9918
f 5026//9919 5027//9919 5028//9919
f 5027//9920 4808//9920 5028//9920
f 4808//9921 4807//9921 5028//9921
f 5028//9922 4807//9922 5029//9922
f 5029//9923 5030//9923 5031//9923
f 4807//9924 5030//9924 5029//9924
f 5031//9925 4804//9925 5032//9925
f 5030//9926 4804//9926 5031//9926
f 5032//9927 4801//9927 5033//9927
f 5033//9928 4801//9928 5034//9928
f 4804//9929 4801//9929 5032//9929
f 5034//9930 4800//9930 5035//9930
f 4801//9931 4800//9931 5034//9931
f 4800//9932 4797//9932 5035//9932
f 5035//9933 4795//9933 5036//9933
f 5036//9934 4795//9934 5037//9934
f 4797//9935 4795//9935 5035//9935
f 4795//9936 4794//9936 5037//9936
f 5037//9937 5038//9937 5039//9937
f 4794//9938 5038//9938 5037//9938
f 5039//9939 5040//9939 5041//9939
f 5038//9940 5040//9940 5039//9940
f 5041//9941 4790//9941 5042//9941
f 5040//9942 4790//9942 5041//9942
f 5042//9943 5043//9943 5044//9943
f 4790//9944 5043//9944 5042//9944
f 5044//9945 4786//9945 5045//9945
f 5043//9946 4786//9946 5044//9946
f 5045//9947 4784//9947 5046//9947
f 4786//9948 4784//9948 5045//9948
f 5046//9949 4780//9949 5047//9949
f 4784//9950 4780//9950 5046//9950
f 4780//9951 4778//9951 5047//9951
f 5047//9952 4778//9952 5048//9952
f 4778//9953 4777//9953 5048//9953
f 5048//9954 4777//9954 5049//9954
f 4777//9955 5050//9955 5049//9955
f 5049//9956 5050//9956 5051//9956
f 5050//9957 4775//9957 5051//9957
f 5051//9958 4775//9958 5052//9958
f 5052//9959 4775//9959 5053//9959
f 4775//9960 5054//9960 5053//9960
f 5053//9961 5054//9961 5055//9961
f 5054//9962 4772//9962 5055//9962
f 4772//9963 5056//9963 5055//9963
f 5055//9964 5056//9964 5057//9964
f 5056//9965 4768//9965 5057//9965
f 5057//9966 4768//9966 5058//9966
f 5058//9967 4768//9967 5059//9967
f 4768//9968 4767//9968 5059//9968
f 4767//9969 4764//9969 5059//9969
f 5059//9970 4764//9970 5060//9970
f 5060//9971 4764//9971 5061//9971
f 4764//9972 4760//9972 5061//9972
f 5061//9973 4760//9973 5062//9973
f 4760//9974 5063//9974 5062//9974
f 5062//9975 5063//9975 5064//9975
f 5063//9976 4756//9976 5064//9976
f 5064//9977 4756//9977 5065//9977
f 4756//9978 5066//9978 5065//9978
f 5066//9979 4751//9979 5065//9979
f 5065//9980 4751//9980 5067//9980
f 5067//9981 4751//9981 5068//9981
f 4751//9982 4749//9982 5068//9982
f 5068//9983 4749//9983 5069//9983
f 4749//9984 5070//9984 5069//9984
f 5069//9985 5070//9985 5071//9985
f 5070//9986 5072//9986 5071//9986
f 5071//9987 5072//9987 5073//9987
f 5072//9988 5074//9988 5073//9988
f 5073//9989 5074//9989 5075//9989
f 5074//9990 5076//9990 5075//9990
f 5076//9991 5077//9991 5075//9991
f 5075//9992 5077//9992 5078//9992
f 5078//9993 5079//9993 5080//9993
f 5077//9994 5079//9994 5078//9994
f 5080//9995 4738//9995 5081//9995
f 5079//9996 4738//9996 5080//9996
f 5081//9997 5082//9997 5083//9997
f 4738//9998 5082//9998 5081//9998
f 5083//9999 5084//9999 5085//9999
f 5082//10000 5084//10000 5083//10000
f 5084//10001 4734//10001 5085//10001
f 5085//10002 4734//10002 5086//10002
f 4734//10003 4731//10003 5086//10003
f 5086//10004 4731//10004 5087//10004
f 4731//10005 5088//10005 5087//10005
f 5087//10006 5088//10006 5089//10006
f 5088//10007 4729//10007 5089//10007
f 5089//10008 4729//10008 5090//10008
f 4729//10009 5091//10009 5090//10009
f 5090//10010 5091//10010 5092//10010
f 5091//10011 4724//10011 5092//10011
f 5092//10012 4724//10012 5093//10012
f 4724//10013 4722//10013 5093//10013
f 5093//10014 4722//10014 5094//10014
f 4722//10015 4718//10015 5094//10015
f 5094//10016 4718//10016 5095//10016
f 5095//10017 4718//10017 5096//10017
f 4718//10018 4717//10018 5096//10018
f 4717//10019 4716//10019 5096//10019
f 5096//10020 4716//10020 5097//10020
f 4716//10021 5098//10021 5097//10021
f 5097//10022 5098//10022 5099//10022
f 5098//10023 5100//10023 5099//10023
f 5099//10024 5100//10024 5101//10024
f 5101//10025 4711//10025 5102//10025
f 5100//10026 4711//10026 5101//10026
f 5102//10027 4708//10027 5103//10027
f 4711//10028 4708//10028 5102//10028
f 5103//10029 5104//10029 5105//10029
f 4708//10030 5104//10030 5103//10030
f 5105//10031 4703//10031 5106//10031
f 5104//10032 4703//10032 5105//10032
f 5106//10033 5107//10033 5108//10033
f 5108//10034 5107//10034 5109//10034
f 4703//10035 5107//10035 5106//10035
f 5107//10036 4702//10036 5109//10036
f 5109//10037 5110//10037 5111//10037
f 4702//10038 5110//10038 5109//10038
f 5111//10039 5112//10039 5113//10039
f 5110//10040 5112//10040 5111//10040
f 5113//10041 4706//10041 5114//10041
f 5114//10042 4706//10042 5115//10042
f 5112//10043 4706//10043 5113//10043
f 5115//10044 4710//10044 5116//10044
f 4706//10045 4710//10045 5115//10045
f 4710//10046 5117//10046 5116//10046
f 5116//10047 4714//10047 5118//10047
f 5117//10048 4714//10048 5116//10048
f 5118//10049 5119//10049 5120//10049
f 4714//10050 5119//10050 5118//10050
f 5120//10051 5121//10051 5122//10051
f 5119//10052 5121//10052 5120//10052
f 5121//10053 5123//10053 5122//10053
f 5122//10054 5123//10054 5124//10054
f 5123//10055 4720//10055 5124//10055
f 5124//10056 4720//10056 5125//10056
f 4720//10057 5126//10057 5125//10057
f 5125//10058 5126//10058 5127//10058
f 5126//10059 4726//10059 5127//10059
f 5127//10060 4726//10060 5128//10060
f 5128//10061 5129//10061 5130//10061
f 4726//10062 5129//10062 5128//10062
f 5130//10063 4730//10063 5131//10063
f 5129//10064 4730//10064 5130//10064
f 5131//10065 5132//10065 5133//10065
f 4730//10066 5132//10066 5131//10066
f 5133//10067 4732//10067 5134//10067
f 5132//10068 4732//10068 5133//10068
f 5134//10069 5135//10069 5136//10069
f 4732//10070 5135//10070 5134//10070
f 5136//10071 5137//10071 5138//10071
f 5135//10072 5137//10072 5136//10072
f 5138//10073 5139//10073 5140//10073
f 5140//10074 5139//10074 5141//10074
f 5137//10075 5139//10075 5138//10075
f 5139//10076 5142//10076 5141//10076
f 5141//10077 4741//10077 5143//10077
f 5142//10078 4741//10078 5141//10078
f 5143//10079 5144//10079 5145//10079
f 4741//10080 5144//10080 5143//10080
f 5145//10081 4743//10081 5146//10081
f 5144//10082 4743//10082 5145//10082
f 5146//10083 5147//10083 5148//10083
f 5148//10084 5147//10084 5149//10084
f 4743//10085 5147//10085 5146//10085
f 5147//10086 5150//10086 5149//10086
f 5149//10087 4748//10087 5151//10087
f 5150//10088 4748//10088 5149//10088
f 5151//10089 4750//10089 5152//10089
f 4748//10090 4750//10090 5151//10090
f 5152//10091 4752//10091 5153//10091
f 4750//10092 4752//10092 5152//10092
f 5153//10093 5154//10093 5155//10093
f 4752//10094 5154//10094 5153//10094
f 5155//10095 4757//10095 5156//10095
f 5156//10096 4757//10096 5157//10096
f 5154//10097 4757//10097 5155//10097
f 4757//10098 4759//10098 5157//10098
f 5157//10099 4762//10099 5158//10099
f 4759//10100 4762//10100 5157//10100
f 4762//10101 4765//10101 5158//10101
f 5158//10102 4765//10102 5159//10102
f 4765//10103 5160//10103 5159//10103
f 5159//10104 5160//10104 5161//10104
f 5160//10105 5162//10105 5161//10105
f 5161//10106 5162//10106 5163//10106
f 5163//10107 5162//10107 5164//10107
f 5162//10108 4771//10108 5164//10108
f 4771//10109 5165//10109 5164//10109
f 5164//10110 5165//10110 5166//10110
f 5165//10111 4773//10111 5166//10111
f 5166//10112 4773//10112 5167//10112
f 5167//10113 4773//10113 5168//10113
f 4773//10114 4776//10114 5168//10114
f 4776//10115 5169//10115 5168//10115
f 5168//10116 5169//10116 5170//10116
f 5169//10117 4779//10117 5170//10117
f 5170//10118 4779//10118 5171//10118
f 4779//10119 4782//10119 5171//10119
f 5171//10120 4782//10120 5172//10120
f 4782//10121 4783//10121 5172//10121
f 5172//10122 4783//10122 5173//10122
f 4783//10123 4787//10123 5173//10123
f 5173//10124 4787//10124 5174//10124
f 5174//10125 5175//10125 5176//10125
f 4787//10126 5175//10126 5174//10126
f 5176//10127 4788//10127 5177//10127
f 5175//10128 4788//10128 5176//10128
f 4788//10129 4792//10129 5177//10129
f 5177//10130 4792//10130 4996//10130
f 4884//10131 4881//10131 4882//10131
f 4884//10132 4888//10132 4881//10132
f 4886//10133 4888//10133 4884//10133
f 4879//10134 4876//10134 4878//10134
f 4881//10135 4876//10135 4879//10135
f 4890//10136 4891//10136 4888//10136
f 4891//10137 4895//10137 4888//10137
f 4893//10138 4895//10138 4891//10138
f 4888//10139 4873//10139 4881//10139
f 4875//10140 4873//10140 4874//10140
f 4876//10141 4873//10141 4875//10141
f 4881//10142 4873//10142 4876//10142
f 4896//10143 4897//10143 4895//10143
f 4897//10144 4898//10144 4895//10144
f 4872//10145 4870//10145 4871//10145
f 4898//10146 4899//10146 4895//10146
f 4870//10147 4868//10147 4869//10147
f 4873//10148 4868//10148 4872//10148
f 4872//10149 4868//10149 4870//10149
f 4900//10150 4904//10150 4899//10150
f 4902//10151 4904//10151 4900//10151
f 4868//10152 4866//10152 4867//10152
f 4905//10153 4906//10153 4904//10153
f 4866//10154 4863//10154 4865//10154
f 4868//10155 4863//10155 4866//10155
f 4908//10156 4909//10156 4906//10156
f 4862//10157 4859//10157 4860//10157
f 4863//10158 4859//10158 4862//10158
f 4868//10159 4859//10159 4863//10159
f 4910//10160 4912//10160 4909//10160
f 4912//10161 4913//10161 4909//10161
f 4859//10162 4855//10162 4857//10162
f 4859//10163 4853//10163 4855//10163
f 4855//10164 4853//10164 4854//10164
f 4868//10165 4852//10165 4859//10165
f 4859//10166 4852//10166 4853//10166
f 4873//10167 4852//10167 4868//10167
f 4915//10168 4918//10168 4914//10168
f 4917//10169 4918//10169 4915//10169
f 4851//10170 4847//10170 4849//10170
f 4852//10171 4847//10171 4851//10171
f 4918//10172 4923//10172 4914//10172
f 4914//10173 4923//10173 4913//10173
f 4920//10174 4923//10174 4918//10174
f 4922//10175 4923//10175 4920//10175
f 4847//10176 4845//10176 4846//10176
f 4842//10177 4840//10177 4841//10177
f 4843//10178 4840//10178 4842//10178
f 4845//10179 4840//10179 4843//10179
f 4852//10180 4840//10180 4847//10180
f 4847//10181 4840//10181 4845//10181
f 4888//10182 4840//10182 4873//10182
f 4873//10183 4840//10183 4852//10183
f 4929//10184 4931//10184 4928//10184
f 4930//10185 4931//10185 4929//10185
f 4925//10186 4933//10186 4923//10186
f 4926//10187 4933//10187 4925//10187
f 4928//10188 4933//10188 4926//10188
f 4931//10189 4933//10189 4928//10189
f 4840//10190 4838//10190 4839//10190
f 4840//10191 4837//10191 4838//10191
f 4934//10192 4936//10192 4933//10192
f 4840//10193 4835//10193 4837//10193
f 4936//10194 4938//10194 4933//10194
f 4834//10195 4831//10195 4832//10195
f 4835//10196 4831//10196 4834//10196
f 4840//10197 4831//10197 4835//10197
f 4942//10198 4943//10198 4940//10198
f 4840//10199 4829//10199 4831//10199
f 4940//10200 4944//10200 4938//10200
f 4943//10201 4944//10201 4940//10201
f 4829//10202 4827//10202 4828//10202
f 4888//10203 4827//10203 4840//10203
f 4895//10204 4827//10204 4888//10204
f 4899//10205 4827//10205 4895//10205
f 4840//10206 4827//10206 4829//10206
f 4904//10207 4827//10207 4899//10207
f 4947//10208 4948//10208 4946//10208
f 4827//10209 4824//10209 4826//10209
f 4948//10210 4949//10210 4946//10210
f 4946//10211 4949//10211 4944//10211
f 4944//10212 4949//10212 4938//10212
f 4827//10213 4822//10213 4824//10213
f 4827//10214 4821//10214 4822//10214
f 4821//10215 4994//10215 4995//10215
f 4949//10216 4954//10216 4938//10216
f 4950//10217 4954//10217 4949//10217
f 4951//10218 4954//10218 4950//10218
f 4953//10219 4954//10219 4951//10219
f 4821//10220 4992//10220 4994//10220
f 4827//10221 4992//10221 4821//10221
f 4994//10222 4992//10222 4993//10222
f 4906//10223 4992//10223 4904//10223
f 4904//10224 4992//10224 4827//10224
f 4909//10225 4992//10225 4906//10225
f 4913//10226 4992//10226 4909//10226
f 4957//10227 4959//10227 4956//10227
f 4959//10228 4961//10228 4956//10228
f 4956//10229 4961//10229 4954//10229
f 4989//10230 4986//10230 4987//10230
f 4962//10231 4965//10231 4961//10231
f 4964//10232 4965//10232 4962//10232
f 4986//10233 4984//10233 4985//10233
f 4991//10234 4984//10234 4989//10234
f 4992//10235 4984//10235 4991//10235
f 4913//10236 4984//10236 4992//10236
f 4923//10237 4984//10237 4913//10237
f 4989//10238 4984//10238 4986//10238
f 4967//10239 4969//10239 4965//10239
f 4954//10240 4969//10240 4938//10240
f 4923//10241 4969//10241 4984//10241
f 4961//10242 4969//10242 4954//10242
f 4965//10243 4969//10243 4961//10243
f 4938//10244 4969//10244 4933//10244
f 4933//10245 4969//10245 4923//10245
f 4971//10246 4973//10246 4969//10246
f 4982//10247 4979//10247 4981//10247
f 4983//10248 4979//10248 4982//10248
f 4984//10249 4979//10249 4983//10249
f 4973//10250 4975//10250 4969//10250
f 4969//10251 4978//10251 4984//10251
f 4984//10252 4978//10252 4979//10252
f 4975//10253 4978//10253 4969//10253
f 4975//10254 4976//10254 4978//10254
f 5061//10255 5059//10255 5060//10255
f 5061//10256 5065//10256 5059//10256
f 5062//10257 5065//10257 5061//10257
f 5064//10258 5065//10258 5062//10258
f 5065//10259 5068//10259 5059//10259
f 5067//10260 5068//10260 5065//10260
f 5058//10261 5055//10261 5057//10261
f 5059//10262 5055//10262 5058//10262
f 5069//10263 5071//10263 5068//10263
f 5055//10264 5052//10264 5053//10264
f 5068//10265 5075//10265 5059//10265
f 5073//10266 5075//10266 5071//10266
f 5071//10267 5075//10267 5068//10267
f 5052//10268 5049//10268 5051//10268
f 5055//10269 5049//10269 5052//10269
f 5055//10270 5048//10270 5049//10270
f 5078//10271 5081//10271 5075//10271
f 5080//10272 5081//10272 5078//10272
f 5081//10273 5083//10273 5075//10273
f 5047//10274 5045//10274 5046//10274
f 5048//10275 5044//10275 5047//10275
f 5047//10276 5044//10276 5045//10276
f 5085//10277 5086//10277 5083//10277
f 5089//10278 5092//10278 5087//10278
f 5090//10279 5092//10279 5089//10279
f 5087//10280 5093//10280 5086//10280
f 5086//10281 5093//10281 5083//10281
f 5092//10282 5093//10282 5087//10282
f 5037//10283 5035//10283 5036//10283
f 5039//10284 5034//10284 5037//10284
f 5037//10285 5034//10285 5035//10285
f 5039//10286 5032//10286 5034//10286
f 5034//10287 5032//10287 5033//10287
f 5096//10288 5097//10288 5095//10288
f 5039//10289 5029//10289 5032//10289
f 5032//10290 5029//10290 5031//10290
f 5041//10291 5029//10291 5039//10291
f 5093//10292 5101//10292 5083//10292
f 5097//10293 5101//10293 5095//10293
f 5075//10294 5101//10294 5059//10294
f 5094//10295 5101//10295 5093//10295
f 5095//10296 5101//10296 5094//10296
f 5099//10297 5101//10297 5097//10297
f 5083//10298 5101//10298 5075//10298
f 5028//10299 5025//10299 5026//10299
f 5103//10300 5105//10300 5102//10300
f 5029//10301 5023//10301 5028//10301
f 5028//10302 5023//10302 5025//10302
f 5105//10303 5106//10303 5102//10303
f 5102//10304 5106//10304 5101//10304
f 5023//10305 5020//10305 5021//10305
f 5106//10306 5109//10306 5101//10306
f 5108//10307 5109//10307 5106//10307
f 5020//10308 5017//10308 5018//10308
f 5023//10309 5017//10309 5020//10309
f 5101//10310 5113//10310 5059//10310
f 5109//10311 5113//10311 5101//10311
f 5111//10312 5113//10312 5109//10312
f 5023//10313 5015//10313 5017//10313
f 5023//10314 5014//10314 5015//10314
f 5114//10315 5115//10315 5113//10315
f 5059//10316 5118//10316 5055//10316
f 5113//10317 5118//10317 5059//10317
f 5115//10318 5118//10318 5113//10318
f 5116//10319 5118//10319 5115//10319
f 5012//10320 5007//10320 5010//10320
f 5013//10321 5007//10321 5012//10321
f 5120//10322 5122//10322 5118//10322
f 5014//10323 5006//10323 5013//10323
f 5013//10324 5006//10324 5007//10324
f 5122//10325 5124//10325 5118//10325
f 5006//10326 5003//10326 5004//10326
f 5006//10327 5002//10327 5003//10327
f 5044//10328 5128//10328 5042//10328
f 5118//10329 5128//10329 5055//10329
f 5055//10330 5128//10330 5048//10330
f 5124//10331 5128//10331 5118//10331
f 5048//10332 5128//10332 5044//10332
f 5125//10333 5128//10333 5124//10333
f 5127//10334 5128//10334 5125//10334
f 5006//10335 5000//10335 5002//10335
f 5130//10336 5131//10336 5128//10336
f 5133//10337 5136//10337 5131//10337
f 5134//10338 5136//10338 5133//10338
f 4997//10339 5176//10339 4996//10339
f 4999//10340 5176//10340 4997//10340
f 5000//10341 5176//10341 4999//10341
f 4996//10342 5176//10342 5177//10342
f 5014//10343 5176//10343 5006//10343
f 5006//10344 5176//10344 5000//10344
f 5131//10345 5140//10345 5128//10345
f 5136//10346 5140//10346 5131//10346
f 5042//10347 5140//10347 5041//10347
f 5128//10348 5140//10348 5042//10348
f 5138//10349 5140//10349 5136//10349
f 5174//10350 5172//10350 5173//10350
f 5176//10351 5172//10351 5174//10351
f 5172//10352 5170//10352 5171//10352
f 5145//10353 5146//10353 5143//10353
f 5176//10354 5168//10354 5172//10354
f 5172//10355 5168//10355 5170//10355
f 5146//10356 5148//10356 5143//10356
f 5141//10357 5148//10357 5140//10357
f 5143//10358 5148//10358 5141//10358
f 5149//10359 5151//10359 5148//10359
f 5140//10360 5151//10360 5041//10360
f 5041//10361 5151//10361 5029//10361
f 5148//10362 5151//10362 5140//10362
f 5167//10363 5164//10363 5166//10363
f 5152//10364 5155//10364 5151//10364
f 5153//10365 5155//10365 5152//10365
f 5151//10366 5155//10366 5029//10366
f 5163//10367 5159//10367 5161//10367
f 5164//10368 5159//10368 5163//10368
f 5168//10369 5159//10369 5167//10369
f 5167//10370 5159//10370 5164//10370
f 5014//10371 5158//10371 5176//10371
f 5176//10372 5158//10372 5168//10372
f 5029//10373 5158//10373 5023//10373
f 5168//10374 5158//10374 5159//10374
f 5155//10375 5158//10375 5029//10375
f 5023//10376 5158//10376 5014//10376
f 5156//10377 5157//10377 5155//10377
f 5155//10378 5157//10378 5158//10378
