# FreeCAD v1.1 build0 Arch module
# https://www.freecad.org
mtllib hull.mtl
o Cut025191
usemtl color_adb5bd
v 73.0 31.5 -37.0
v 73.0 31.5 -39.5
v 67.0 31.5 -39.5
v 67.0 31.5 -37.0
v 67.0 37.5 -39.5
v 67.0 37.5 -37.0
v 73.0 37.5 -39.5
v 73.0 37.5 -37.0
v 73.0 36.25 -39.5
v 73.0 36.75 -39.0
v 73.0 36.75 -37.5
v 73.0 31.75 -39.0
v 73.0 32.25 -39.5
v 73.0 31.75 -37.5
v 77.0 35.75 -40.0
v 73.0 35.75 -40.0
v 77.0 36.75 -39.0
v 107.0 0.0 -40.0
v 45.0 0.0 -37.0
v 45.0 0.0 -40.0
v 107.0 0.0 -37.0
v 45.0 69.0 -37.0
v 45.0 69.0 -40.0
v 106.0 69.0 -37.0
v 106.0 69.0 -40.0
v 107.0 0.014496 -37.0
v 108.701889 0.105963 -40.0
v 108.701889 0.105963 -37.0
v 107.0 0.014496 -40.0
v 110.397186 0.281369 -40.0
v 110.397186 0.281369 -37.0
v 112.081757 0.540285 -40.0
v 112.081757 0.540285 -37.0
v 113.75148 0.882079 -40.0
v 113.75148 0.882079 -37.0
v 115.402283 1.305918 -40.0
v 115.402283 1.305918 -37.0
v 117.030144 1.810767 -40.0
v 117.030144 1.810767 -37.0
v 118.631088 2.395394 -40.0
v 118.631088 2.395394 -37.0
v 120.201202 3.058372 -40.0
v 120.201202 3.058372 -37.0
v 121.736656 3.798084 -40.0
v 121.736656 3.798084 -37.0
v 123.233704 4.612723 -40.0
v 123.233704 4.612723 -37.0
v 124.688698 5.500302 -40.0
v 124.688698 5.500302 -37.0
v 126.098083 6.458654 -40.0
v 126.098083 6.458654 -37.0
v 127.45842 7.485442 -40.0
v 127.45842 7.485442 -37.0
v 128.766388 8.578158 -40.0
v 128.766388 8.578158 -37.0
v 130.018784 9.734137 -40.0
v 130.018784 9.734137 -37.0
v 131.21257 10.950556 -40.0
v 131.21257 10.950556 -37.0
v 132.344818 12.224447 -40.0
v 132.344818 12.224447 -37.0
v 133.412781 13.552703 -40.0
v 133.412781 13.552703 -37.0
v 134.413849 14.932079 -40.0
v 134.413849 14.932079 -37.0
v 135.345566 16.359211 -40.0
v 135.345566 16.359211 -37.0
v 136.205658 17.830616 -40.0
v 136.205658 17.830616 -37.0
v 136.992035 19.342703 -40.0
v 136.992035 19.342703 -37.0
v 137.702789 20.891781 -40.0
v 137.702789 20.891781 -37.0
v 138.336151 22.47407 -40.0
v 138.336151 22.47407 -37.0
v 138.89061 24.085707 -40.0
v 138.89061 24.085707 -37.0
v 139.364807 25.722761 -40.0
v 139.364807 25.722761 -37.0
v 139.757568 27.381235 -40.0
v 139.757568 27.381235 -37.0
v 140.067947 29.057083 -40.0
v 140.067947 29.057083 -37.0
v 140.295181 30.746214 -40.0
v 140.295181 30.746214 -37.0
v 140.438705 32.444508 -40.0
v 140.438705 32.444508 -37.0
v 140.498199 34.147816 -40.0
v 140.498199 34.147816 -37.0
v 140.473495 35.851986 -40.0
v 140.473495 35.851986 -37.0
v 140.36467 37.552853 -40.0
v 140.36467 37.552853 -37.0
v 140.171967 39.246273 -40.0
v 140.171967 39.246273 -37.0
v 139.895859 40.928108 -40.0
v 139.895859 40.928108 -37.0
v 139.537033 42.594254 -40.0
v 139.537033 42.594254 -37.0
v 139.096375 44.240646 -40.0
v 139.096375 44.240646 -37.0
v 138.574936 45.86327 -40.0
v 138.574936 45.86327 -37.0
v 137.973999 47.458157 -40.0
v 137.973999 47.458157 -37.0
v 137.295013 49.021423 -40.0
v 137.295013 49.021423 -37.0
v 136.539673 50.549248 -40.0
v 136.539673 50.549248 -37.0
v 135.709793 52.037907 -40.0
v 135.709793 52.037907 -37.0
v 134.807404 53.483761 -40.0
v 134.807404 53.483761 -37.0
v 133.834717 54.883289 -40.0
v 133.834717 54.883289 -37.0
v 132.794098 56.23307 -40.0
v 132.794098 56.23307 -37.0
v 131.68808 57.529812 -40.0
v 131.68808 57.529812 -37.0
v 130.519379 58.770348 -37.0
v 130.519379 58.770348 -40.0
v 129.290848 59.951656 -40.0
v 129.290848 59.951656 -37.0
v 128.005463 61.070847 -40.0
v 128.005463 61.070847 -37.0
v 126.666367 62.125191 -40.0
v 126.666367 62.125191 -37.0
v 125.276848 63.112118 -40.0
v 125.276848 63.112118 -37.0
v 123.840279 64.029213 -40.0
v 123.840279 64.029213 -37.0
v 122.360168 64.874245 -40.0
v 122.360168 64.874245 -37.0
v 120.840134 65.645149 -40.0
v 120.840134 65.645149 -37.0
v 119.283882 66.340042 -40.0
v 119.283882 66.340042 -37.0
v 117.695206 66.957237 -40.0
v 117.695206 66.957237 -37.0
v 116.077995 67.495209 -40.0
v 116.077995 67.495209 -37.0
v 114.436188 67.952667 -40.0
v 114.436188 67.952667 -37.0
v 112.773788 68.328476 -37.0
v 112.773788 68.328476 -40.0
v 111.094856 68.621727 -37.0
v 111.094856 68.621727 -40.0
v 109.403496 68.831711 -40.0
v 109.403496 68.831711 -37.0
v 107.703827 68.957901 -40.0
v 107.703827 68.957901 -37.0
v 129.176285 11.716018 -40.0
v 128.017654 10.594506 -40.0
v 130.277847 12.893617 -40.0
v 126.804832 9.531844 -40.0
v 131.319656 14.124404 -40.0
v 125.540794 8.530646 -40.0
v 132.299133 15.405352 -40.0
v 124.228653 7.593378 -40.0
v 133.213867 16.733303 -40.0
v 122.871628 6.722346 -40.0
v 134.0616 18.104994 -40.0
v 121.473076 5.919695 -40.0
v 134.840271 19.517042 -40.0
v 120.036438 5.187401 -40.0
v 135.547928 20.965977 -40.0
v 118.565239 4.527267 -40.0
v 136.182861 22.448227 -40.0
v 117.06311 3.940917 -40.0
v 136.743484 23.960146 -40.0
v 115.533752 3.429796 -40.0
v 137.228424 25.498011 -40.0
v 113.980919 2.99516 -40.0
v 137.63649 27.058035 -40.0
v 112.40844 2.638081 -40.0
v 137.966675 28.636379 -40.0
v 110.820183 2.359437 -40.0
v 125.490891 17.141201 -40.0
v 130.173447 13.036012 -40.0
v 129.075882 11.863429 -40.0
v 124.611664 16.273891 -40.0
v 127.921738 10.746503 -40.0
v 126.32621 18.050871 -40.0
v 131.211746 14.261385 -40.0
v 123.690674 15.451063 -40.0
v 126.713814 9.68796 -40.0
v 127.115585 19.000685 -40.0
v 132.188232 15.536558 -40.0
v 122.730179 14.674722 -40.0
v 138.218155 30.22916 -40.0
v 127.857094 19.988323 -40.0
v 133.100525 16.858416 -40.0
v 121.732513 13.946762 -40.0
v 125.45507 8.690385 -40.0
v 128.54892 21.011377 -40.0
v 133.946396 18.22373 -40.0
v 120.700111 13.268962 -40.0
v 124.148582 7.756215 -40.0
v 122.797539 6.887731 -40.0
v 120.613007 13.432117 -40.0
v 120.652672 13.369483 -40.0
v 120.670135 13.336772 -40.0
v 120.633614 13.401291 -40.0
v 120.590897 13.461888 -40.0
v 129.189377 22.067347 -40.0
v 134.723785 19.629166 -40.0
v 120.567345 13.49053 -40.0
v 120.685966 13.303237 -40.0
v 109.220062 2.159914 -40.0
v 120.542404 13.517972 -40.0
v 129.123398 22.10141 -40.0
v 129.15596 22.083561 -40.0
v 129.061096 22.14183 -40.0
v 129.091751 22.12085 -40.0
v 119.419884 12.524642 -40.0
v 121.405235 6.087054 -40.0
v 120.516144 13.544148 -40.0
v 129.03154 22.164305 -40.0
v 119.397095 12.553896 -40.0
v 120.488617 13.568995 -40.0
v 119.375786 12.584241 -40.0
v 120.459892 13.592449 -40.0
v 120.430054 13.614456 -40.0
v 120.399155 13.634961 -40.0
v 128.975906 22.213501 -40.0
v 129.003113 22.188213 -40.0
v 128.949997 22.240103 -40.0
v 128.92543 22.267956 -40.0
v 120.266602 13.701016 -40.0
v 120.367279 13.653914 -40.0
v 120.334511 13.671268 -40.0
v 120.300926 13.686982 -40.0
v 138.390335 31.832453 -40.0
v 128.880569 22.327137 -40.0
v 128.902267 22.296991 -40.0
v 119.293022 12.749642 -40.0
v 119.32119 12.681064 -40.0
v 119.306259 12.715005 -40.0
v 119.337784 12.647902 -40.0
v 119.355995 12.615602 -40.0
v 129.894623 23.387793 -40.0
v 135.430801 21.071293 -40.0
v 128.860397 22.35832 -40.0
v 120.196083 13.723913 -40.0
v 120.231628 13.713337 -40.0
v 119.263779 12.856882 -40.0
v 119.281509 12.784892 -40.0
v 119.271759 12.820668 -40.0
v 128.824799 22.423489 -40.0
v 128.841797 22.390463 -40.0
v 118.381004 11.99214 -40.0
v 120.123657 13.739737 -40.0
v 120.160065 13.73272 -40.0
v 129.761383 23.45298 -40.0
v 129.862564 23.406546 -40.0
v 129.829605 23.423689 -40.0
v 129.795853 23.43918 -40.0
v 128.795822 22.491858 -40.0
v 128.809464 22.457314 -40.0
v 119.250717 12.967264 -40.0
v 119.257607 12.893446 -40.0
v 119.25325 12.93027 -40.0
v 119.250015 13.004339 -40.0
v 119.975883 13.749612 -40.0
v 120.086937 13.744944 -40.0
v 120.050011 13.74833 -40.0
v 120.012962 13.749887 -40.0
v 129.690582 23.475382 -40.0
v 129.726257 23.465059 -40.0
v 128.773743 22.562757 -40.0
v 128.783905 22.527033 -40.0
v 119.251144 13.041403 -40.0
v 119.938866 13.747504 -40.0
v 129.654434 23.483927 -40.0
v 119.258888 13.115137 -40.0
v 119.254105 13.078366 -40.0
v 119.865356 13.737816 -40.0
v 119.901993 13.743568 -40.0
v 119.265488 13.151628 -40.0
v 119.829056 13.730259 -40.0
v 128.754028 22.672325 -40.0
v 128.765366 22.59894 -40.0
v 128.758789 22.635492 -40.0
v 119.75779 13.709813 -40.0
v 119.793167 13.720918 -40.0
v 129.544098 23.498703 -40.0
v 129.61792 23.490673 -40.0
v 129.5811 23.495602 -40.0
v 128.751099 22.709351 -40.0
v 119.309601 13.293003 -40.0
v 119.28405 13.223407 -40.0
v 119.295967 13.258521 -40.0
v 119.27388 13.187746 -40.0
v 119.688896 13.682431 -40.0
v 119.723 13.696974 -40.0
v 119.341904 13.359736 -40.0
v 119.324928 13.326769 -40.0
v 119.623032 13.64838 -40.0
v 119.65554 13.66622 -40.0
v 129.469833 23.499393 -40.0
v 129.506973 23.499968 -40.0
v 119.360489 13.391824 -40.0
v 119.591446 13.628956 -40.0
v 119.402298 13.45305 -40.0
v 119.380638 13.422954 -40.0
v 119.531349 13.585546 -40.0
v 119.56086 13.607994 -40.0
v 119.502975 13.561666 -40.0
v 119.475822 13.536413 -40.0
v 119.425423 13.482038 -40.0
v 119.449951 13.509849 -40.0
v 128.753342 22.820656 -40.0
v 128.750015 22.746473 -40.0
v 128.750748 22.783606 -40.0
v 130.402191 24.475565 -40.0
v 136.065704 22.546587 -40.0
v 129.395874 23.492737 -40.0
v 129.43277 23.496981 -40.0
v 128.757751 22.857533 -40.0
v 129.287079 23.469143 -40.0
v 129.359238 23.486673 -40.0
v 129.322937 23.478802 -40.0
v 117.318398 11.508717 -40.0
v 119.975075 5.35614 -40.0
v 129.25174 23.45772 -40.0
v 128.793427 23.001509 -40.0
v 128.772018 22.930405 -40.0
v 128.781845 22.966223 -40.0
v 128.763977 22.894146 -40.0
v 128.806747 23.036179 -40.0
v 129.149719 23.413174 -40.0
v 129.21701 23.444563 -40.0
v 129.182968 23.429701 -40.0
v 128.83844 23.103331 -40.0
v 128.821762 23.070148 -40.0
v 129.085846 23.375284 -40.0
v 129.11731 23.39502 -40.0
v 128.876633 23.167019 -40.0
v 128.85675 23.135649 -40.0
v 129.055405 23.354015 -40.0
v 128.898041 23.197369 -40.0
v 129.026047 23.331264 -40.0
v 128.920914 23.22662 -40.0
v 128.945221 23.254702 -40.0
v 128.970886 23.281548 -40.0
v 128.997849 23.307089 -40.0
v 107.612015 2.040003 -40.0
v 130.856979 25.586449 -40.0
v 136.626938 24.051445 -40.0
v 116.234375 11.075426 -40.0
v 118.510551 4.696774 -40.0
v 138.482788 33.442314 -40.0
v 131.257919 26.717884 -40.0
v 137.113144 25.582193 -40.0
v 115.131317 10.693214 -40.0
v 117.015244 4.110565 -40.0
v 106.0 2.0 -40.0
v 131.60408 27.867258 -40.0
v 137.523132 27.135094 -40.0
v 114.011612 10.362914 -40.0
v 115.492798 3.598946 -40.0
v 138.49527 35.054779 -40.0
v 131.894669 29.031925 -40.0
v 137.855911 28.706352 -40.0
v 112.877708 10.085245 -40.0
v 113.946938 3.163166 -40.0
v 132.129028 30.209196 -40.0
v 138.110641 30.292133 -40.0
v 111.732079 9.860814 -40.0
v 112.381439 2.80429 -40.0
v 138.42775 36.665874 -40.0
v 132.306595 31.396362 -40.0
v 138.286728 31.888561 -40.0
v 110.577225 9.690109 -40.0
v 110.800117 2.523193 -40.0
v 138.280411 38.271641 -40.0
v 109.415657 9.573503 -40.0
v 109.206841 2.320563 -40.0
v 132.426987 32.590683 -40.0
v 138.383728 33.491741 -40.0
v 108.249916 9.51125 -40.0
v 107.605499 2.196893 -40.0
v 132.489899 33.789402 -40.0
v 138.401413 35.097752 -40.0
v 108.240036 9.621837 -40.0
v 108.248444 9.54826 -40.0
v 108.245148 9.585152 -40.0
v 132.344223 33.755943 -40.0
v 132.417892 33.769035 -40.0
v 132.381226 33.76157 -40.0
v 108.233124 9.658224 -40.0
v 132.306992 33.752167 -40.0
v 132.454147 33.77832 -40.0
v 108.224411 9.694225 -40.0
v 108.213943 9.729753 -40.0
v 132.194809 33.752033 -40.0
v 132.269623 33.750256 -40.0
v 132.232193 33.75021 -40.0
v 108.172203 9.832634 -40.0
v 108.201729 9.76472 -40.0
v 108.187805 9.799042 -40.0
v 132.083862 33.768631 -40.0
v 132.157562 33.755718 -40.0
v 132.12056 33.761253 -40.0
v 108.136124 9.897305 -40.0
v 108.154961 9.865416 -40.0
v 132.01181 33.788826 -40.0
v 132.047592 33.777828 -40.0
v 138.053604 39.868122 -40.0
v 131.976639 33.801594 -40.0
v 108.093834 9.958102 -40.0
v 108.11573 9.928226 -40.0
v 108.070496 9.986862 -40.0
v 131.908401 33.83231 -40.0
v 131.942139 33.816101 -40.0
v 131.875519 33.850182 -40.0
v 108.019699 10.040751 -40.0
v 108.045761 10.014434 -40.0
v 107.992371 10.065749 -40.0
v 131.812637 33.890728 -40.0
v 131.843567 33.869671 -40.0
v 131.782791 33.913303 -40.0
v 107.90345 10.132238 -40.0
v 107.963837 10.089368 -40.0
v 107.934174 10.111548 -40.0
v 131.726654 33.96278 -40.0
v 131.754105 33.93734 -40.0
v 107.87175 10.151386 -40.0
v 131.7005 33.989555 -40.0
v 107.839134 10.168945 -40.0
v 107.805695 10.184873 -40.0
v 131.652374 34.046848 -40.0
v 131.67572 34.017601 -40.0
v 107.736664 10.211681 -40.0
v 107.771507 10.199129 -40.0
v 131.610199 34.108654 -40.0
v 131.630508 34.077225 -40.0
v 131.591476 34.141056 -40.0
v 107.665321 10.231552 -40.0
v 107.701241 10.222498 -40.0
v 107.629005 10.238822 -40.0
v 131.558975 34.208462 -40.0
v 131.574387 34.174355 -40.0
v 107.592369 10.24429 -40.0
v 107.555511 10.247943 -40.0
v 131.545303 34.243298 -40.0
v 132.489899 35.210598 -40.0
v 138.339722 36.702679 -40.0
v 107.518517 10.249771 -40.0
v 106.750084 9.51125 -40.0
v 106.0 2.152488 -40.0
v 131.523224 34.314793 -40.0
v 131.533371 34.27877 -40.0
v 132.454147 35.22168 -40.0
v 107.444489 10.247943 -40.0
v 107.481483 10.249771 -40.0
v 106.759964 9.621837 -40.0
v 106.751556 9.54826 -40.0
v 106.754852 9.585152 -40.0
v 107.370995 10.238822 -40.0
v 107.407631 10.24429 -40.0
v 131.508392 34.388134 -40.0
v 131.514893 34.351276 -40.0
v 106.766876 9.658224 -40.0
v 132.344223 35.244057 -40.0
v 132.417892 35.230965 -40.0
v 132.381226 35.23843 -40.0
v 106.775589 9.694225 -40.0
v 107.298759 10.222498 -40.0
v 107.334679 10.231552 -40.0
v 106.786057 9.729753 -40.0
v 107.263336 10.211681 -40.0
v 107.228493 10.199129 -40.0
v 106.812195 9.799042 -40.0
v 106.798271 9.76472 -40.0
v 131.5 34.5 -40.0
v 131.503738 34.425266 -40.0
v 131.500931 34.462585 -40.0
v 106.827797 9.832634 -40.0
v 107.12825 10.151386 -40.0
v 107.194305 10.184873 -40.0
v 107.160866 10.168945 -40.0
v 106.863876 9.897305 -40.0
v 106.845039 9.865416 -40.0
v 107.09655 10.132238 -40.0
v 131.500931 34.537415 -40.0
v 106.88427 9.928226 -40.0
v 107.065826 10.111548 -40.0
v 132.194809 35.247967 -40.0
v 132.269623 35.249744 -40.0
v 132.306992 35.247833 -40.0
v 132.232193 35.24979 -40.0
v 107.007629 10.065749 -40.0
v 107.036163 10.089368 -40.0
v 106.954239 10.014434 -40.0
v 106.906166 9.958102 -40.0
v 106.929504 9.986862 -40.0
v 106.980301 10.040751 -40.0
v 131.514893 34.648724 -40.0
v 131.503738 34.574734 -40.0
v 131.508392 34.611866 -40.0
v 132.083862 35.231369 -40.0
v 132.157562 35.244282 -40.0
v 132.12056 35.238747 -40.0
v 132.047592 35.222172 -40.0
v 131.533371 34.72123 -40.0
v 131.523224 34.685207 -40.0
v 132.01181 35.211174 -40.0
v 131.558975 34.791538 -40.0
v 131.545303 34.756702 -40.0
v 131.942139 35.183899 -40.0
v 131.976639 35.198406 -40.0
v 131.574387 34.825645 -40.0
v 131.908401 35.16769 -40.0
v 131.875519 35.149818 -40.0
v 131.630508 34.922775 -40.0
v 131.591476 34.858944 -40.0
v 131.610199 34.891346 -40.0
v 131.812637 35.109272 -40.0
v 131.843567 35.130329 -40.0
v 131.652374 34.953152 -40.0
v 131.67572 34.982399 -40.0
v 131.754105 35.06266 -40.0
v 131.782791 35.086697 -40.0
v 131.7005 35.010445 -40.0
v 131.726654 35.03722 -40.0
v 137.747879 41.451389 -40.0
v 132.430283 36.365753 -40.0
v 105.597153 9.572522 -40.0
v 132.317291 37.516918 -40.0
v 138.198822 38.302597 -40.0
v 104.448273 9.686959 -40.0
v 137.364014 43.017544 -40.0
v 132.151184 38.661621 -40.0
v 137.97905 39.8936 -40.0
v 103.305908 9.85432 -40.0
v 136.902939 44.562733 -40.0
v 131.932297 39.797417 -40.0
v 137.680939 41.471802 -40.0
v 102.172485 10.074244 -40.0
v 131.661118 40.921875 -40.0
v 137.305237 43.033352 -40.0
v 101.050423 10.346264 -40.0
v 136.365784 46.083145 -40.0
v 131.338211 42.032581 -40.0
v 136.852844 44.574429 -40.0
v 99.942123 10.669799 -40.0
v 135.753876 47.575047 -40.0
v 130.964264 43.127167 -40.0
v 136.32486 46.091278 -40.0
v 98.849937 11.04416 -40.0
v 130.5401 44.203281 -40.0
v 135.72258 47.580189 -40.0
v 97.776199 11.468548 -40.0
v 135.068726 49.03476 -40.0
v 130.06662 45.258625 -40.0
v 130.041611 45.231201 -40.0
v 130.015289 45.205048 -40.0
v 135.047501 49.037529 -40.0
v 129.958923 45.156803 -40.0
v 129.987701 45.180229 -40.0
v 129.929031 45.13483 -40.0
v 96.723206 11.942059 -40.0
v 129.86615 45.095451 -40.0
v 129.898071 45.114361 -40.0
v 129.799683 45.062477 -40.0
v 129.833328 45.078144 -40.0
v 129.76532 45.048496 -40.0
v 129.730301 45.036232 -40.0
v 129.622192 45.010021 -40.0
v 129.694717 45.025715 -40.0
v 129.658646 45.016972 -40.0
v 129.585449 45.004883 -40.0
v 129.511414 45.000088 -40.0
v 129.548492 45.001568 -40.0
v 129.437271 45.002628 -40.0
v 129.474304 45.000439 -40.0
v 129.363739 45.012482 -40.0
v 129.400375 45.006645 -40.0
v 129.327423 45.020126 -40.0
v 129.187271 45.06831 -40.0
v 129.256149 45.040749 -40.0
v 129.221375 45.053677 -40.0
v 129.291534 45.029556 -40.0
v 129.153946 45.08461 -40.0
v 129.08989 45.122059 -40.0
v 129.121445 45.102543 -40.0
v 129.059341 45.143112 -40.0
v 129.029861 45.165649 -40.0
v 134.312012 50.458694 -40.0
v 128.974426 45.214958 -40.0
v 129.001526 45.189617 -40.0
v 128.948608 45.241608 -40.0
v 128.924133 45.269505 -40.0
v 128.859406 45.359959 -40.0
v 128.901077 45.298573 -40.0
v 128.879471 45.328751 -40.0
v 128.824005 45.425156 -40.0
v 128.840897 45.39212 -40.0
v 128.795212 45.493534 -40.0
v 128.808762 45.458988 -40.0
v 128.783386 45.528709 -40.0
v 95.693199 12.46368 -40.0
v 95.727638 12.568219 -40.0
v 95.706375 12.497951 -40.0
v 95.717865 12.532825 -40.0
v 95.735664 12.60405 -40.0
v 128.758545 45.637127 -40.0
v 128.773315 45.564423 -40.0
v 128.76503 45.600594 -40.0
v 95.74192 12.64023 -40.0
v 128.75 45.748028 -40.0
v 128.75386 45.673939 -40.0
v 128.751022 45.710934 -40.0
v 128.750824 45.785126 -40.0
v 95.749069 12.787335 -40.0
v 95.746407 12.676674 -40.0
v 95.7491 12.713293 -40.0
v 95.75 12.75 -40.0
v 129.433334 46.497032 -40.0
v 134.301224 50.459736 -40.0
v 95.741646 12.861636 -40.0
v 95.746284 12.824578 -40.0
v 129.323578 46.478958 -40.0
v 129.359848 46.48679 -40.0
v 129.396469 46.492821 -40.0
v 128.772354 45.931751 -40.0
v 128.757965 45.858971 -40.0
v 128.764252 45.895542 -40.0
v 128.753479 45.822136 -40.0
v 95.735168 12.898417 -40.0
v 128.782242 45.967522 -40.0
v 95.726868 12.934831 -40.0
v 128.793869 46.002754 -40.0
v 129.217712 46.444847 -40.0
v 129.28775 46.469337 -40.0
v 129.252426 46.457962 -40.0
v 129.150452 46.413559 -40.0
v 129.183685 46.430035 -40.0
v 128.83902 46.104408 -40.0
v 128.807236 46.037373 -40.0
v 128.822296 46.071285 -40.0
v 128.857361 46.136669 -40.0
v 129.086594 46.375778 -40.0
v 129.118057 46.395458 -40.0
v 128.898712 46.198269 -40.0
v 128.877274 46.16798 -40.0
v 128.998596 46.307755 -40.0
v 129.056152 46.354565 -40.0
v 129.026794 46.331871 -40.0
v 128.945938 46.255486 -40.0
v 128.921616 46.227463 -40.0
v 128.971619 46.282269 -40.0
v 95.691261 13.040964 -40.0
v 95.704887 13.006192 -40.0
v 95.716766 12.970785 -40.0
v 95.675919 13.075015 -40.0
v 95.658897 13.108259 -40.0
v 95.598236 13.202345 -40.0
v 95.62001 13.172004 -40.0
v 95.640251 13.140615 -40.0
v 95.574974 13.231565 -40.0
v 95.496887 13.311784 -40.0
v 95.524239 13.286351 -40.0
v 95.550293 13.259589 -40.0
v 95.468307 13.335822 -40.0
v 95.438568 13.358409 -40.0
v 95.375893 13.399003 -40.0
v 95.407738 13.379486 -40.0
v 95.343117 13.41691 -40.0
v 95.309494 13.433165 -40.0
v 95.275101 13.447724 -40.0
v 95.204361 13.471622 -40.0
v 95.240028 13.460554 -40.0
v 95.168182 13.4809 -40.0
v 95.131592 13.488366 -40.0
v 133.485611 51.843338 -40.0
v 95.020218 13.499727 -40.0
v 95.094673 13.494001 -40.0
v 95.057518 13.497791 -40.0
v 94.945564 13.498022 -40.0
v 94.982872 13.499804 -40.0
v 94.834831 13.481587 -40.0
v 94.908401 13.494385 -40.0
v 94.871452 13.488902 -40.0
v 128.848984 47.508503 -40.0
v 94.798622 13.472458 -40.0
v 94.727776 13.448853 -40.0
v 94.762901 13.461537 -40.0
v 94.659637 13.41832 -40.0
v 94.693329 13.434435 -40.0
v 94.626785 13.400547 -40.0
v 94.56395 13.360211 -40.0
v 94.594864 13.381162 -40.0
v 94.403633 13.204807 -40.0
v 94.534111 13.337749 -40.0
v 94.505432 13.313828 -40.0
v 94.451813 13.261854 -40.0
v 94.427017 13.233931 -40.0
v 94.477974 13.288508 -40.0
v 128.218002 48.491573 -40.0
v 127.541809 49.444096 -40.0
v 126.821846 50.363991 -40.0
v 126.059708 51.249249 -40.0
v 125.257042 52.097942 -40.0
v 124.415604 52.908211 -40.0
v 123.537239 53.678291 -40.0
v 122.623863 54.406502 -40.0
v 120.567345 55.509472 -40.0
v 120.542404 55.482029 -40.0
v 120.516144 55.455853 -40.0
v 120.459892 55.407551 -40.0
v 120.488617 55.431007 -40.0
v 120.399155 55.36504 -40.0
v 120.430054 55.385544 -40.0
v 120.590897 55.538113 -40.0
v 120.670135 55.663227 -40.0
v 120.613007 55.567883 -40.0
v 120.633614 55.598709 -40.0
v 120.652672 55.630516 -40.0
v 120.334511 55.328732 -40.0
v 120.367279 55.346085 -40.0
v 120.685966 55.696762 -40.0
v 120.700111 55.731037 -40.0
v 120.266602 55.298985 -40.0
v 120.300926 55.313019 -40.0
v 120.160065 55.267281 -40.0
v 120.231628 55.286663 -40.0
v 120.196083 55.276089 -40.0
v 120.123657 55.260265 -40.0
v 120.050011 55.251671 -40.0
v 120.086937 55.255054 -40.0
v 120.012962 55.250111 -40.0
v 119.901993 55.256432 -40.0
v 119.975883 55.250389 -40.0
v 119.938866 55.252495 -40.0
v 119.865356 55.262184 -40.0
v 121.677467 55.091248 -40.0
v 119.793167 55.279083 -40.0
v 119.829056 55.269741 -40.0
v 119.723 55.303024 -40.0
v 119.75779 55.290188 -40.0
v 119.65554 55.333778 -40.0
v 119.688896 55.31757 -40.0
v 119.623032 55.35162 -40.0
v 119.591446 55.371044 -40.0
v 119.531349 55.414455 -40.0
v 119.56086 55.392006 -40.0
v 119.502975 55.438335 -40.0
v 119.475822 55.463589 -40.0
v 119.449951 55.49015 -40.0
v 119.402298 55.546951 -40.0
v 119.425423 55.51796 -40.0
v 85.969063 22.164783 -40.0
v 86.024857 22.214251 -40.0
v 85.997574 22.188824 -40.0
v 86.050835 22.241003 -40.0
v 119.380638 55.577045 -40.0
v 85.876869 22.101564 -40.0
v 85.939392 22.142189 -40.0
v 85.908638 22.121099 -40.0
v 86.075455 22.269014 -40.0
v 86.098656 22.298214 -40.0
v 86.120377 22.328531 -40.0
v 86.140556 22.35989 -40.0
v 86.159157 22.392214 -40.0
v 85.84417 22.083632 -40.0
v 119.360489 55.608177 -40.0
v 86.205017 22.494162 -40.0
v 86.176125 22.425423 -40.0
v 86.191429 22.459433 -40.0
v 119.341904 55.640263 -40.0
v 86.216858 22.529524 -40.0
v 85.810623 22.067347 -40.0
v 119.324928 55.673229 -40.0
v 86.235214 22.601793 -40.0
v 86.226936 22.56543 -40.0
v 86.241669 22.638523 -40.0
v 86.246292 22.675529 -40.0
v 86.25 22.75 -40.0
v 86.249069 22.712719 -40.0
v 86.249084 22.787046 -40.0
v 119.27388 55.812252 -40.0
v 119.295967 55.741478 -40.0
v 119.28405 55.776592 -40.0
v 119.309601 55.706997 -40.0
v 86.246338 22.824003 -40.0
v 119.265488 55.848373 -40.0
v 86.241776 22.860779 -40.0
v 119.251144 55.958595 -40.0
v 119.258888 55.884861 -40.0
v 119.254105 55.921635 -40.0
v 119.250015 55.995663 -40.0
v 86.217278 22.969126 -40.0
v 86.227226 22.933428 -40.0
v 86.235397 22.897284 -40.0
v 119.250717 56.032734 -40.0
v 86.205574 23.00429 -40.0
v 119.25325 56.069729 -40.0
v 119.257607 56.106556 -40.0
v 119.263779 56.14312 -40.0
v 119.281509 56.215107 -40.0
v 119.271759 56.179333 -40.0
v 86.160278 23.105717 -40.0
v 86.192154 23.03883 -40.0
v 86.17704 23.072668 -40.0
v 119.32119 56.318935 -40.0
v 119.293022 56.250359 -40.0
v 119.306259 56.284996 -40.0
v 86.121956 23.16913 -40.0
v 86.141899 23.137897 -40.0
v 119.419884 56.475357 -40.0
v 119.375786 56.41576 -40.0
v 119.397095 56.446102 -40.0
v 119.355995 56.384399 -40.0
v 119.337784 56.352097 -40.0
v 86.077568 23.228453 -40.0
v 86.100494 23.199341 -40.0
v 86.05323 23.256399 -40.0
v 86.027534 23.283108 -40.0
v 85.972359 23.332558 -40.0
v 86.000565 23.308514 -40.0
v 85.912575 23.376324 -40.0
v 85.943008 23.355179 -40.0
v 85.815536 23.430393 -40.0
v 85.848763 23.413977 -40.0
v 85.881134 23.395939 -40.0
v 85.781548 23.445148 -40.0
v 85.711578 23.469536 -40.0
v 85.746864 23.458208 -40.0
v 85.566162 23.497076 -40.0
v 85.675781 23.479109 -40.0
v 85.639549 23.486902 -40.0
v 85.602982 23.492895 -40.0
v 85.529175 23.499432 -40.0
v 85.455086 23.498653 -40.0
v 85.492126 23.499958 -40.0
v 85.381439 23.49057 -40.0
v 85.418167 23.495522 -40.0
v 85.308945 23.475258 -40.0
v 85.345001 23.483809 -40.0
v 85.203918 23.439083 -40.0
v 85.273354 23.464935 -40.0
v 85.238319 23.452866 -40.0
v 85.137367 23.406506 -40.0
v 85.170242 23.423616 -40.0
v 85.105385 23.387793 -40.0
v 118.381004 57.007862 -40.0
v 117.318398 57.491283 -40.0
v 116.234375 57.924572 -40.0
v 115.131317 58.306786 -40.0
v 114.011612 58.637085 -40.0
v 107.992371 58.93425 -40.0
v 108.045761 58.985565 -40.0
v 108.019699 58.959248 -40.0
v 83.08287 34.028019 -40.0
v 83.034294 33.973663 -40.0
v 83.00808 33.948318 -40.0
v 83.059242 34.000252 -40.0
v 83.105118 34.056904 -40.0
v 107.934174 58.888451 -40.0
v 107.963837 58.910633 -40.0
v 108.11573 59.071774 -40.0
v 108.070496 59.013138 -40.0
v 108.093834 59.041897 -40.0
v 83.125938 34.086838 -40.0
v 108.136124 59.102695 -40.0
v 82.860352 33.842239 -40.0
v 82.952126 33.901596 -40.0
v 82.922508 33.880333 -40.0
v 82.891891 33.860531 -40.0
v 83.163094 34.149555 -40.0
v 83.145279 34.117744 -40.0
v 82.827957 33.825504 -40.0
v 82.980667 33.924278 -40.0
v 83.179337 34.182198 -40.0
v 108.187805 59.200958 -40.0
v 108.154961 59.134586 -40.0
v 108.172203 59.167366 -40.0
v 82.794792 33.810364 -40.0
v 108.201729 59.235279 -40.0
v 82.760925 33.796852 -40.0
v 107.736664 58.788319 -40.0
v 107.805695 58.815128 -40.0
v 107.771507 58.800869 -40.0
v 107.839134 58.831055 -40.0
v 107.87175 58.848614 -40.0
v 107.90345 58.867764 -40.0
v 83.218315 34.284306 -40.0
v 83.193977 34.215588 -40.0
v 83.206985 34.249653 -40.0
v 107.701241 58.777504 -40.0
v 82.691429 33.774841 -40.0
v 82.726448 33.785 -40.0
v 83.227951 34.319469 -40.0
v 107.629005 58.761177 -40.0
v 107.665321 58.768448 -40.0
v 108.213943 59.270248 -40.0
v 107.592369 58.755711 -40.0
v 108.224411 59.305775 -40.0
v 82.584 33.754719 -40.0
v 82.65596 33.766396 -40.0
v 82.620125 33.759682 -40.0
v 83.24646 34.427185 -40.0
v 83.242035 34.390995 -40.0
v 83.235863 34.355061 -40.0
v 83.249115 34.463551 -40.0
v 82.511253 33.750084 -40.0
v 82.547684 33.751518 -40.0
v 83.25 34.5 -40.0
v 107.481483 58.750229 -40.0
v 107.555511 58.752056 -40.0
v 107.518517 58.750229 -40.0
v 108.233124 59.341778 -40.0
v 108.240036 59.378162 -40.0
v 108.245148 59.414848 -40.0
v 108.248444 59.45174 -40.0
v 108.249916 59.48875 -40.0
v 83.249115 34.536449 -40.0
v 107.444489 58.752056 -40.0
v 83.242035 34.609005 -40.0
v 83.24646 34.572815 -40.0
v 112.877708 58.914753 -40.0
v 107.298759 58.777504 -40.0
v 107.370995 58.761177 -40.0
v 107.334679 58.768448 -40.0
v 107.407631 58.755711 -40.0
v 83.218315 34.715694 -40.0
v 83.235863 34.644939 -40.0
v 83.227951 34.680531 -40.0
v 107.263336 58.788319 -40.0
v 83.206985 34.750347 -40.0
v 83.193977 34.784412 -40.0
v 83.179337 34.817802 -40.0
v 83.163094 34.850445 -40.0
v 107.12825 58.848614 -40.0
v 107.194305 58.815128 -40.0
v 107.160866 58.831055 -40.0
v 107.228493 58.800869 -40.0
v 83.145279 34.882256 -40.0
v 107.09655 58.867764 -40.0
v 83.105118 34.943096 -40.0
v 83.125938 34.913162 -40.0
v 83.08287 34.971981 -40.0
v 106.980301 58.959248 -40.0
v 107.036163 58.910633 -40.0
v 107.007629 58.93425 -40.0
v 107.065826 58.888451 -40.0
v 83.00808 35.051682 -40.0
v 83.059242 34.999748 -40.0
v 83.034294 35.026337 -40.0
v 106.929504 59.013138 -40.0
v 106.954239 58.985565 -40.0
v 82.980667 35.075722 -40.0
v 106.906166 59.041897 -40.0
v 82.952126 35.098404 -40.0
v 106.88427 59.071774 -40.0
v 82.891891 35.139469 -40.0
v 82.922508 35.119667 -40.0
v 82.860352 35.157761 -40.0
v 82.827957 35.174496 -40.0
v 106.812195 59.200958 -40.0
v 106.845039 59.134586 -40.0
v 106.827797 59.167366 -40.0
v 106.863876 59.102695 -40.0
v 82.794792 35.189636 -40.0
v 82.760925 35.203148 -40.0
v 82.726448 35.215 -40.0
v 82.691429 35.225159 -40.0
v 106.766876 59.341778 -40.0
v 106.786057 59.270248 -40.0
v 106.775589 59.305775 -40.0
v 106.798271 59.235279 -40.0
v 106.759964 59.378162 -40.0
v 82.584 35.245281 -40.0
v 82.65596 35.233604 -40.0
v 82.620125 35.240318 -40.0
v 106.751556 59.45174 -40.0
v 106.754852 59.414848 -40.0
v 82.547684 35.248482 -40.0
v 106.750084 59.48875 -40.0
v 82.511253 35.249916 -40.0
v 111.732079 59.139187 -40.0
v 90.441772 16.223875 -40.0
v 91.374481 15.395875 -40.0
v 92.347321 14.615423 -40.0
v 93.35788 13.88446 -40.0
v 86.457664 21.001108 -40.0
v 87.157082 19.968464 -40.0
v 87.90712 18.971989 -40.0
v 88.705933 18.014158 -40.0
v 89.551514 17.097361 -40.0
v 110.577225 59.309891 -40.0
v 77.0 32.75 -40.0
v 82.575714 32.55582 -40.0
v 82.69722 31.366007 -40.0
v 82.875488 30.183365 -40.0
v 83.110115 29.010603 -40.0
v 83.400566 27.850405 -40.0
v 83.74617 26.705423 -40.0
v 109.415657 59.426498 -40.0
v 83.632469 41.939144 -40.0
v 83.31971 40.849312 -40.0
v 83.056694 39.746418 -40.0
v 82.843956 38.632732 -40.0
v 82.681931 37.510544 -40.0
v 82.570953 36.382164 -40.0
v 85.695854 45.146915 -40.0
v 85.752914 45.1936 -40.0
v 85.72496 45.169556 -40.0
v 85.779648 45.21899 -40.0
v 85.66568 45.125732 -40.0
v 85.805107 45.245663 -40.0
v 85.911156 45.395924 -40.0
v 85.851936 45.302597 -40.0
v 85.829224 45.273556 -40.0
v 85.873199 45.332722 -40.0
v 85.89296 45.363857 -40.0
v 85.602379 45.087936 -40.0
v 85.634491 45.106056 -40.0
v 85.927757 45.428844 -40.0
v 85.535683 45.056541 -40.0
v 85.56942 45.071419 -40.0
v 85.394669 45.014084 -40.0
v 85.466217 45.031841 -40.0
v 85.430664 45.022083 -40.0
v 85.991859 45.639774 -40.0
v 85.977448 45.567474 -40.0
v 85.967598 45.53194 -40.0
v 85.985542 45.603447 -40.0
v 85.284943 45.000813 -40.0
v 85.358322 45.007862 -40.0
v 85.321716 45.003437 -40.0
v 85.501251 45.043339 -40.0
v 73.0 32.75 -40.0
v 84.146133 25.578283 -40.0
v 84.599556 24.471561 -40.0
v 86.0 45.75 -40.0
v 85.999092 45.713139 -40.0
v 85.996376 45.676369 -40.0
v 85.996391 45.823502 -40.0
v 85.9991 45.786797 -40.0
v 85.174454 45.003815 -40.0
v 85.248077 45.000004 -40.0
v 85.21122 45.001003 -40.0
v 85.991882 45.860035 -40.0
v 85.137871 45.00843 -40.0
v 85.977531 45.932213 -40.0
v 85.942726 45.462543 -40.0
v 85.956017 45.496937 -40.0
v 85.985596 45.896297 -40.0
v 85.065613 45.023022 -40.0
v 85.101562 45.014835 -40.0
v 95.346794 55.334995 -40.0
v 95.410889 55.372566 -40.0
v 95.379311 55.352985 -40.0
v 95.44146 55.393688 -40.0
v 95.470947 55.416298 -40.0
v 95.499283 55.440342 -40.0
v 95.52639 55.465759 -40.0
v 95.5522 55.492485 -40.0
v 95.691841 55.710423 -40.0
v 95.659798 55.643394 -40.0
v 95.641327 55.611153 -40.0
v 95.676651 55.676514 -40.0
v 95.279297 55.303944 -40.0
v 95.313431 55.318634 -40.0
v 95.705338 55.745045 -40.0
v 95.621277 55.579865 -40.0
v 84.995125 45.044636 -40.0
v 85.030106 45.032959 -40.0
v 85.942924 46.036976 -40.0
v 85.967712 45.967686 -40.0
v 85.956169 46.002636 -40.0
v 95.173134 55.270256 -40.0
v 95.244484 55.290966 -40.0
v 95.209061 55.279728 -40.0
v 84.927109 45.073067 -40.0
v 84.96077 45.058014 -40.0
v 95.100082 55.256706 -40.0
v 95.136772 55.262577 -40.0
v 95.746323 55.925797 -40.0
v 95.727097 55.816082 -40.0
v 95.717094 55.780296 -40.0
v 95.735313 55.852322 -40.0
v 95.74173 55.888924 -40.0
v 95.026054 55.250454 -40.0
v 95.063141 55.252663 -40.0
v 95.57666 55.520458 -40.0
v 95.599709 55.54961 -40.0
v 84.862206 45.108036 -40.0
v 84.894226 45.089752 -40.0
v 94.988892 55.250084 -40.0
v 95.7491 56.036762 -40.0
v 95.749077 55.962852 -40.0
v 95.75 56.0 -40.0
v 85.873634 46.16663 -40.0
v 85.911461 46.103504 -40.0
v 85.928009 46.070625 -40.0
v 85.893326 46.135529 -40.0
v 94.914757 55.25486 -40.0
v 95.746399 56.073433 -40.0
v 94.951767 55.251553 -40.0
v 85.829803 46.225742 -40.0
v 85.852448 46.196724 -40.0
v 95.735619 56.14616 -40.0
v 95.741898 56.109928 -40.0
v 85.805763 46.253613 -40.0
v 95.717773 56.217484 -40.0
v 95.72757 56.182041 -40.0
v 85.780388 46.280273 -40.0
v 94.769699 55.286236 -40.0
v 94.841446 55.266949 -40.0
v 94.805336 55.275703 -40.0
v 94.877953 55.259998 -40.0
v 85.753731 46.305656 -40.0
v 85.725861 46.3297 -40.0
v 94.700211 55.312523 -40.0
v 94.734627 55.298515 -40.0
v 95.678146 56.320339 -40.0
v 95.706253 56.252403 -40.0
v 95.693031 56.286713 -40.0
v 95.661629 56.353191 -40.0
v 85.635666 46.393242 -40.0
v 85.666763 46.373547 -40.0
v 85.696854 46.352348 -40.0
v 95.623871 56.416275 -40.0
v 95.643524 56.385197 -40.0
v 85.603645 46.411388 -40.0
v 94.570709 55.38501 -40.0
v 94.633667 55.345554 -40.0
v 94.6017 55.364502 -40.0
v 85.57077 46.427944 -40.0
v 94.540779 55.407028 -40.0
v 94.666527 55.328213 -40.0
v 95.580116 56.475357 -40.0
v 95.602715 56.446354 -40.0
v 85.537125 46.442863 -40.0
v 94.511971 55.4305 -40.0
v 94.484367 55.455372 -40.0
v 94.433006 55.50906 -40.0
v 94.458023 55.481579 -40.0
v 94.387222 55.567566 -40.0
v 94.409386 55.537746 -40.0
v 94.329933 55.66309 -40.0
v 94.366554 55.598446 -40.0
v 94.347443 55.630314 -40.0
v 94.314064 55.696693 -40.0
v 94.299889 55.731037 -40.0
v 84.40451 44.070702 -40.0
v 83.994316 43.01368 -40.0
v 96.618996 57.007862 -40.0
v 105.584343 59.426498 -40.0
v 104.422775 59.309891 -40.0
v 103.267921 59.139187 -40.0
v 102.122292 58.914753 -40.0
v 100.988388 58.637085 -40.0
v 99.868683 58.306786 -40.0
v 98.765625 57.924572 -40.0
v 97.681602 57.491283 -40.0
v 93.317917 55.088066 -40.0
v 92.367203 54.399712 -40.0
v 91.449852 53.667492 -40.0
v 90.567879 52.893024 -40.0
v 89.723228 52.078011 -40.0
v 88.917763 51.224251 -40.0
v 88.153259 50.333626 -40.0
v 87.431404 49.408096 -40.0
v 86.753784 48.449711 -40.0
v 86.121887 47.460571 -40.0
v 132.489899 35.210598 -37.0
v 132.430283 36.365753 -37.0
v 132.317291 37.516918 -37.0
v 132.151184 38.661621 -37.0
v 131.932297 39.797417 -37.0
v 131.661118 40.921875 -37.0
v 131.338211 42.032581 -37.0
v 130.964264 43.127167 -37.0
v 130.5401 44.203281 -37.0
v 130.06662 45.258625 -37.0
v 132.454147 35.22168 -37.0
v 132.417892 35.230965 -37.0
v 132.381226 35.23843 -37.0
v 132.344223 35.244057 -37.0
v 132.306992 35.247833 -37.0
v 132.269623 35.249744 -37.0
v 132.232193 35.24979 -37.0
v 132.194809 35.247967 -37.0
v 132.157562 35.244282 -37.0
v 132.12056 35.238747 -37.0
v 132.083862 35.231369 -37.0
v 132.047592 35.222172 -37.0
v 132.01181 35.211174 -37.0
v 131.976639 35.198406 -37.0
v 131.942139 35.183899 -37.0
v 131.908401 35.16769 -37.0
v 131.875519 35.149818 -37.0
v 131.843567 35.130329 -37.0
v 131.812637 35.109272 -37.0
v 131.782791 35.086697 -37.0
v 131.754105 35.06266 -37.0
v 131.726654 35.03722 -37.0
v 131.7005 35.010445 -37.0
v 131.67572 34.982399 -37.0
v 131.652374 34.953152 -37.0
v 131.630508 34.922775 -37.0
v 131.610199 34.891346 -37.0
v 131.591476 34.858944 -37.0
v 131.574387 34.825645 -37.0
v 131.558975 34.791538 -37.0
v 131.545303 34.756702 -37.0
v 131.533371 34.72123 -37.0
v 131.523224 34.685207 -37.0
v 131.514893 34.648724 -37.0
v 131.508392 34.611866 -37.0
v 131.503738 34.574734 -37.0
v 131.500931 34.537415 -37.0
v 131.5 34.5 -37.0
v 131.500931 34.462585 -37.0
v 131.503738 34.425266 -37.0
v 131.508392 34.388134 -37.0
v 131.514893 34.351276 -37.0
v 131.523224 34.314793 -37.0
v 131.533371 34.27877 -37.0
v 131.545303 34.243298 -37.0
v 131.558975 34.208462 -37.0
v 131.574387 34.174355 -37.0
v 131.591476 34.141056 -37.0
v 131.610199 34.108654 -37.0
v 131.630508 34.077225 -37.0
v 131.652374 34.046848 -37.0
v 131.67572 34.017601 -37.0
v 131.7005 33.989555 -37.0
v 131.726654 33.96278 -37.0
v 131.754105 33.93734 -37.0
v 131.782791 33.913303 -37.0
v 131.812637 33.890728 -37.0
v 131.843567 33.869671 -37.0
v 131.875519 33.850182 -37.0
v 131.908401 33.83231 -37.0
v 131.942139 33.816101 -37.0
v 131.976639 33.801594 -37.0
v 132.01181 33.788826 -37.0
v 132.047592 33.777828 -37.0
v 132.083862 33.768631 -37.0
v 132.12056 33.761253 -37.0
v 132.157562 33.755718 -37.0
v 132.194809 33.752033 -37.0
v 132.232193 33.75021 -37.0
v 132.269623 33.750256 -37.0
v 132.306992 33.752167 -37.0
v 132.344223 33.755943 -37.0
v 132.381226 33.76157 -37.0
v 132.417892 33.769035 -37.0
v 132.454147 33.77832 -37.0
v 132.489899 33.789402 -37.0
v 129.894623 23.387793 -37.0
v 130.402191 24.475565 -37.0
v 130.856979 25.586449 -37.0
v 131.257919 26.717884 -37.0
v 131.60408 27.867258 -37.0
v 131.894669 29.031925 -37.0
v 132.129028 30.209196 -37.0
v 132.306595 31.396362 -37.0
v 132.426987 32.590683 -37.0
v 129.862564 23.406546 -37.0
v 129.829605 23.423689 -37.0
v 129.795853 23.43918 -37.0
v 129.761383 23.45298 -37.0
v 129.726257 23.465059 -37.0
v 129.690582 23.475382 -37.0
v 129.654434 23.483927 -37.0
v 129.61792 23.490673 -37.0
v 129.5811 23.495602 -37.0
v 129.544098 23.498703 -37.0
v 129.506973 23.499968 -37.0
v 129.469833 23.499393 -37.0
v 129.43277 23.496981 -37.0
v 129.395874 23.492737 -37.0
v 129.359238 23.486673 -37.0
v 129.322937 23.478802 -37.0
v 129.287079 23.469143 -37.0
v 129.25174 23.45772 -37.0
v 129.21701 23.444563 -37.0
v 129.182968 23.429701 -37.0
v 129.149719 23.413174 -37.0
v 129.11731 23.39502 -37.0
v 129.085846 23.375284 -37.0
v 129.055405 23.354015 -37.0
v 129.026047 23.331264 -37.0
v 128.997849 23.307089 -37.0
v 128.970886 23.281548 -37.0
v 128.945221 23.254702 -37.0
v 128.920914 23.22662 -37.0
v 128.898041 23.197369 -37.0
v 128.876633 23.167019 -37.0
v 128.85675 23.135649 -37.0
v 128.83844 23.103331 -37.0
v 128.821762 23.070148 -37.0
v 128.806747 23.036179 -37.0
v 128.793427 23.001509 -37.0
v 128.781845 22.966223 -37.0
v 128.772018 22.930405 -37.0
v 128.763977 22.894146 -37.0
v 128.757751 22.857533 -37.0
v 128.753342 22.820656 -37.0
v 128.750748 22.783606 -37.0
v 128.750015 22.746473 -37.0
v 128.751099 22.709351 -37.0
v 128.754028 22.672325 -37.0
v 128.758789 22.635492 -37.0
v 128.765366 22.59894 -37.0
v 128.773743 22.562757 -37.0
v 128.783905 22.527033 -37.0
v 128.795822 22.491858 -37.0
v 128.809464 22.457314 -37.0
v 128.824799 22.423489 -37.0
v 128.841797 22.390463 -37.0
v 128.860397 22.35832 -37.0
v 128.880569 22.327137 -37.0
v 128.902267 22.296991 -37.0
v 128.92543 22.267956 -37.0
v 128.949997 22.240103 -37.0
v 128.975906 22.213501 -37.0
v 129.003113 22.188213 -37.0
v 129.03154 22.164305 -37.0
v 129.061096 22.14183 -37.0
v 129.091751 22.12085 -37.0
v 129.123398 22.10141 -37.0
v 129.15596 22.083561 -37.0
v 129.189377 22.067347 -37.0
v 120.700111 13.268962 -37.0
v 121.732513 13.946762 -37.0
v 122.730179 14.674722 -37.0
v 123.690674 15.451063 -37.0
v 124.611664 16.273891 -37.0
v 125.490891 17.141201 -37.0
v 126.32621 18.050871 -37.0
v 127.115585 19.000685 -37.0
v 127.857094 19.988323 -37.0
v 128.54892 21.011377 -37.0
v 120.685966 13.303237 -37.0
v 120.670135 13.336772 -37.0
v 120.652672 13.369483 -37.0
v 120.633614 13.401291 -37.0
v 120.613007 13.432117 -37.0
v 120.590897 13.461888 -37.0
v 120.567345 13.49053 -37.0
v 120.542404 13.517972 -37.0
v 120.516144 13.544148 -37.0
v 120.488617 13.568995 -37.0
v 120.459892 13.592449 -37.0
v 120.430054 13.614456 -37.0
v 120.399155 13.634961 -37.0
v 120.367279 13.653914 -37.0
v 120.334511 13.671268 -37.0
v 120.300926 13.686982 -37.0
v 120.266602 13.701016 -37.0
v 120.231628 13.713337 -37.0
v 120.196083 13.723913 -37.0
v 120.160065 13.73272 -37.0
v 120.123657 13.739737 -37.0
v 120.086937 13.744944 -37.0
v 120.050011 13.74833 -37.0
v 120.012962 13.749887 -37.0
v 119.975883 13.749612 -37.0
v 119.938866 13.747504 -37.0
v 119.901993 13.743568 -37.0
v 119.865356 13.737816 -37.0
v 119.829056 13.730259 -37.0
v 119.793167 13.720918 -37.0
v 119.75779 13.709813 -37.0
v 119.723 13.696974 -37.0
v 119.688896 13.682431 -37.0
v 119.65554 13.66622 -37.0
v 119.623032 13.64838 -37.0
v 119.591446 13.628956 -37.0
v 119.56086 13.607994 -37.0
v 119.531349 13.585546 -37.0
v 119.502975 13.561666 -37.0
v 119.475822 13.536413 -37.0
v 119.449951 13.509849 -37.0
v 119.425423 13.482038 -37.0
v 119.402298 13.45305 -37.0
v 119.380638 13.422954 -37.0
v 119.360489 13.391824 -37.0
v 119.341904 13.359736 -37.0
v 119.324928 13.326769 -37.0
v 119.309601 13.293003 -37.0
v 119.295967 13.258521 -37.0
v 119.28405 13.223407 -37.0
v 119.27388 13.187746 -37.0
v 119.265488 13.151628 -37.0
v 119.258888 13.115137 -37.0
v 119.254105 13.078366 -37.0
v 119.251144 13.041403 -37.0
v 119.250015 13.004339 -37.0
v 119.250717 12.967264 -37.0
v 119.25325 12.93027 -37.0
v 119.257607 12.893446 -37.0
v 119.263779 12.856882 -37.0
v 119.271759 12.820668 -37.0
v 119.281509 12.784892 -37.0
v 119.293022 12.749642 -37.0
v 119.306259 12.715005 -37.0
v 119.32119 12.681064 -37.0
v 119.337784 12.647902 -37.0
v 119.355995 12.615602 -37.0
v 119.375786 12.584241 -37.0
v 119.397095 12.553896 -37.0
v 119.419884 12.524642 -37.0
v 108.249916 9.51125 -37.0
v 109.415657 9.573503 -37.0
v 110.577225 9.690109 -37.0
v 111.732079 9.860814 -37.0
v 112.877708 10.085245 -37.0
v 114.011612 10.362914 -37.0
v 115.131317 10.693214 -37.0
v 116.234375 11.075426 -37.0
v 117.318398 11.508717 -37.0
v 118.381004 11.99214 -37.0
v 108.248444 9.54826 -37.0
v 108.245148 9.585152 -37.0
v 108.240036 9.621837 -37.0
v 108.233124 9.658224 -37.0
v 108.224411 9.694225 -37.0
v 108.213943 9.729753 -37.0
v 108.201729 9.76472 -37.0
v 108.187805 9.799042 -37.0
v 108.172203 9.832634 -37.0
v 108.154961 9.865416 -37.0
v 108.136124 9.897305 -37.0
v 108.11573 9.928226 -37.0
v 108.093834 9.958102 -37.0
v 108.070496 9.986862 -37.0
v 108.045761 10.014434 -37.0
v 108.019699 10.040751 -37.0
v 107.992371 10.065749 -37.0
v 107.963837 10.089368 -37.0
v 107.934174 10.111548 -37.0
v 107.90345 10.132238 -37.0
v 107.87175 10.151386 -37.0
v 107.839134 10.168945 -37.0
v 107.805695 10.184873 -37.0
v 107.771507 10.199129 -37.0
v 107.736664 10.211681 -37.0
v 107.701241 10.222498 -37.0
v 107.665321 10.231552 -37.0
v 107.629005 10.238822 -37.0
v 107.592369 10.24429 -37.0
v 107.555511 10.247943 -37.0
v 107.518517 10.249771 -37.0
v 107.481483 10.249771 -37.0
v 107.444489 10.247943 -37.0
v 107.407631 10.24429 -37.0
v 107.370995 10.238822 -37.0
v 107.334679 10.231552 -37.0
v 107.298759 10.222498 -37.0
v 107.263336 10.211681 -37.0
v 107.228493 10.199129 -37.0
v 107.194305 10.184873 -37.0
v 107.160866 10.168945 -37.0
v 107.12825 10.151386 -37.0
v 107.09655 10.132238 -37.0
v 107.065826 10.111548 -37.0
v 107.036163 10.089368 -37.0
v 107.007629 10.065749 -37.0
v 106.980301 10.040751 -37.0
v 106.954239 10.014434 -37.0
v 106.929504 9.986862 -37.0
v 106.906166 9.958102 -37.0
v 106.88427 9.928226 -37.0
v 106.863876 9.897305 -37.0
v 106.845039 9.865416 -37.0
v 106.827797 9.832634 -37.0
v 106.812195 9.799042 -37.0
v 106.798271 9.76472 -37.0
v 106.786057 9.729753 -37.0
v 106.775589 9.694225 -37.0
v 106.766876 9.658224 -37.0
v 106.759964 9.621837 -37.0
v 106.754852 9.585152 -37.0
v 106.751556 9.54826 -37.0
v 106.750084 9.51125 -37.0
v 95.693199 12.46368 -37.0
v 96.723206 11.942059 -37.0
v 97.776199 11.468548 -37.0
v 98.849937 11.04416 -37.0
v 99.942123 10.669799 -37.0
v 101.050423 10.346264 -37.0
v 102.172485 10.074244 -37.0
v 103.305908 9.85432 -37.0
v 104.448273 9.686959 -37.0
v 105.597153 9.572522 -37.0
v 95.706375 12.497951 -37.0
v 95.717865 12.532825 -37.0
v 95.727638 12.568219 -37.0
v 95.735664 12.60405 -37.0
v 95.74192 12.64023 -37.0
v 95.746407 12.676674 -37.0
v 95.7491 12.713293 -37.0
v 95.75 12.75 -37.0
v 95.749069 12.787335 -37.0
v 95.746284 12.824578 -37.0
v 95.741646 12.861636 -37.0
v 95.735168 12.898417 -37.0
v 95.726868 12.934831 -37.0
v 95.716766 12.970785 -37.0
v 95.704887 13.006192 -37.0
v 95.691261 13.040964 -37.0
v 95.675919 13.075015 -37.0
v 95.658897 13.108259 -37.0
v 95.640251 13.140615 -37.0
v 95.62001 13.172004 -37.0
v 95.598236 13.202345 -37.0
v 95.574974 13.231565 -37.0
v 95.550293 13.259589 -37.0
v 95.524239 13.286351 -37.0
v 95.496887 13.311784 -37.0
v 95.468307 13.335822 -37.0
v 95.438568 13.358409 -37.0
v 95.407738 13.379486 -37.0
v 95.375893 13.399003 -37.0
v 95.343117 13.41691 -37.0
v 95.309494 13.433165 -37.0
v 95.275101 13.447724 -37.0
v 95.240028 13.460554 -37.0
v 95.204361 13.471622 -37.0
v 95.168182 13.4809 -37.0
v 95.131592 13.488366 -37.0
v 95.094673 13.494001 -37.0
v 95.057518 13.497791 -37.0
v 95.020218 13.499727 -37.0
v 94.982872 13.499804 -37.0
v 94.945564 13.498022 -37.0
v 94.908401 13.494385 -37.0
v 94.871452 13.488902 -37.0
v 94.834831 13.481587 -37.0
v 94.798622 13.472458 -37.0
v 94.762901 13.461537 -37.0
v 94.727776 13.448853 -37.0
v 94.693329 13.434435 -37.0
v 94.659637 13.41832 -37.0
v 94.626785 13.400547 -37.0
v 94.594864 13.381162 -37.0
v 94.56395 13.360211 -37.0
v 94.534111 13.337749 -37.0
v 94.505432 13.313828 -37.0
v 94.477974 13.288508 -37.0
v 94.451813 13.261854 -37.0
v 94.427017 13.233931 -37.0
v 94.403633 13.204807 -37.0
v 85.810623 22.067347 -37.0
v 86.457664 21.001108 -37.0
v 87.157082 19.968464 -37.0
v 87.90712 18.971989 -37.0
v 88.705933 18.014158 -37.0
v 89.551514 17.097361 -37.0
v 90.441772 16.223875 -37.0
v 91.374481 15.395875 -37.0
v 92.347321 14.615423 -37.0
v 93.35788 13.88446 -37.0
v 85.84417 22.083632 -37.0
v 85.876869 22.101564 -37.0
v 85.908638 22.121099 -37.0
v 85.939392 22.142189 -37.0
v 85.969063 22.164783 -37.0
v 85.997574 22.188824 -37.0
v 86.024857 22.214251 -37.0
v 86.050835 22.241003 -37.0
v 86.075455 22.269014 -37.0
v 86.098656 22.298214 -37.0
v 86.120377 22.328531 -37.0
v 86.140556 22.35989 -37.0
v 86.159157 22.392214 -37.0
v 86.176125 22.425423 -37.0
v 86.191429 22.459433 -37.0
v 86.205017 22.494162 -37.0
v 86.216858 22.529524 -37.0
v 86.226936 22.56543 -37.0
v 86.235214 22.601793 -37.0
v 86.241669 22.638523 -37.0
v 86.246292 22.675529 -37.0
v 86.249069 22.712719 -37.0
v 86.25 22.75 -37.0
v 86.249084 22.787046 -37.0
v 86.246338 22.824003 -37.0
v 86.241776 22.860779 -37.0
v 86.235397 22.897284 -37.0
v 86.227226 22.933428 -37.0
v 86.217278 22.969126 -37.0
v 86.205574 23.00429 -37.0
v 86.192154 23.03883 -37.0
v 86.17704 23.072668 -37.0
v 86.160278 23.105717 -37.0
v 86.141899 23.137897 -37.0
v 86.121956 23.16913 -37.0
v 86.100494 23.199341 -37.0
v 86.077568 23.228453 -37.0
v 86.05323 23.256399 -37.0
v 86.027534 23.283108 -37.0
v 86.000565 23.308514 -37.0
v 85.972359 23.332558 -37.0
v 85.943008 23.355179 -37.0
v 85.912575 23.376324 -37.0
v 85.881134 23.395939 -37.0
v 85.848763 23.413977 -37.0
v 85.815536 23.430393 -37.0
v 85.781548 23.445148 -37.0
v 85.746864 23.458208 -37.0
v 85.711578 23.469536 -37.0
v 85.675781 23.479109 -37.0
v 85.639549 23.486902 -37.0
v 85.602982 23.492895 -37.0
v 85.566162 23.497076 -37.0
v 85.529175 23.499432 -37.0
v 85.492126 23.499958 -37.0
v 85.455086 23.498653 -37.0
v 85.418167 23.495522 -37.0
v 85.381439 23.49057 -37.0
v 85.345001 23.483809 -37.0
v 85.308945 23.475258 -37.0
v 85.273354 23.464935 -37.0
v 85.238319 23.452866 -37.0
v 85.203918 23.439083 -37.0
v 85.170242 23.423616 -37.0
v 85.137367 23.406506 -37.0
v 85.105385 23.387793 -37.0
v 82.511253 33.750084 -37.0
v 82.575714 32.55582 -37.0
v 82.69722 31.366007 -37.0
v 82.875488 30.183365 -37.0
v 83.110115 29.010603 -37.0
v 83.400566 27.850405 -37.0
v 83.74617 26.705423 -37.0
v 84.146133 25.578283 -37.0
v 84.599556 24.471561 -37.0
v 82.547684 33.751518 -37.0
v 82.584 33.754719 -37.0
v 82.620125 33.759682 -37.0
v 82.65596 33.766396 -37.0
v 82.691429 33.774841 -37.0
v 82.726448 33.785 -37.0
v 82.760925 33.796852 -37.0
v 82.794792 33.810364 -37.0
v 82.827957 33.825504 -37.0
v 82.860352 33.842239 -37.0
v 82.891891 33.860531 -37.0
v 82.922508 33.880333 -37.0
v 82.952126 33.901596 -37.0
v 82.980667 33.924278 -37.0
v 83.00808 33.948318 -37.0
v 83.034294 33.973663 -37.0
v 83.059242 34.000252 -37.0
v 83.08287 34.028019 -37.0
v 83.105118 34.056904 -37.0
v 83.125938 34.086838 -37.0
v 83.145279 34.117744 -37.0
v 83.163094 34.149555 -37.0
v 83.179337 34.182198 -37.0
v 83.193977 34.215588 -37.0
v 83.206985 34.249653 -37.0
v 83.218315 34.284306 -37.0
v 83.227951 34.319469 -37.0
v 83.235863 34.355061 -37.0
v 83.242035 34.390995 -37.0
v 83.24646 34.427185 -37.0
v 83.249115 34.463551 -37.0
v 83.25 34.5 -37.0
v 83.249115 34.536449 -37.0
v 83.24646 34.572815 -37.0
v 83.242035 34.609005 -37.0
v 83.235863 34.644939 -37.0
v 83.227951 34.680531 -37.0
v 83.218315 34.715694 -37.0
v 83.206985 34.750347 -37.0
v 83.193977 34.784412 -37.0
v 83.179337 34.817802 -37.0
v 83.163094 34.850445 -37.0
v 83.145279 34.882256 -37.0
v 83.125938 34.913162 -37.0
v 83.105118 34.943096 -37.0
v 83.08287 34.971981 -37.0
v 83.059242 34.999748 -37.0
v 83.034294 35.026337 -37.0
v 83.00808 35.051682 -37.0
v 82.980667 35.075722 -37.0
v 82.952126 35.098404 -37.0
v 82.922508 35.119667 -37.0
v 82.891891 35.139469 -37.0
v 82.860352 35.157761 -37.0
v 82.827957 35.174496 -37.0
v 82.794792 35.189636 -37.0
v 82.760925 35.203148 -37.0
v 82.726448 35.215 -37.0
v 82.691429 35.225159 -37.0
v 82.65596 35.233604 -37.0
v 82.620125 35.240318 -37.0
v 82.584 35.245281 -37.0
v 82.547684 35.248482 -37.0
v 82.511253 35.249916 -37.0
v 84.862206 45.108036 -37.0
v 84.40451 44.070702 -37.0
v 83.994316 43.01368 -37.0
v 83.632469 41.939144 -37.0
v 83.31971 40.849312 -37.0
v 83.056694 39.746418 -37.0
v 82.843956 38.632732 -37.0
v 82.681931 37.510544 -37.0
v 82.570953 36.382164 -37.0
v 84.894226 45.089752 -37.0
v 84.927109 45.073067 -37.0
v 84.96077 45.058014 -37.0
v 84.995125 45.044636 -37.0
v 85.030106 45.032959 -37.0
v 85.065613 45.023022 -37.0
v 85.101562 45.014835 -37.0
v 85.137871 45.00843 -37.0
v 85.174454 45.003815 -37.0
v 85.21122 45.001003 -37.0
v 85.248077 45.000004 -37.0
v 85.284943 45.000813 -37.0
v 85.321716 45.003437 -37.0
v 85.358322 45.007862 -37.0
v 85.394669 45.014084 -37.0
v 85.430664 45.022083 -37.0
v 85.466217 45.031841 -37.0
v 85.501251 45.043339 -37.0
v 85.535683 45.056541 -37.0
v 85.56942 45.071419 -37.0
v 85.602379 45.087936 -37.0
v 85.634491 45.106056 -37.0
v 85.66568 45.125732 -37.0
v 85.695854 45.146915 -37.0
v 85.72496 45.169556 -37.0
v 85.752914 45.1936 -37.0
v 85.779648 45.21899 -37.0
v 85.805107 45.245663 -37.0
v 85.829224 45.273556 -37.0
v 85.851936 45.302597 -37.0
v 85.873199 45.332722 -37.0
v 85.89296 45.363857 -37.0
v 85.911156 45.395924 -37.0
v 85.927757 45.428844 -37.0
v 85.942726 45.462543 -37.0
v 85.956017 45.496937 -37.0
v 85.967598 45.53194 -37.0
v 85.977448 45.567474 -37.0
v 85.985542 45.603447 -37.0
v 85.991859 45.639774 -37.0
v 85.996376 45.676369 -37.0
v 85.999092 45.713139 -37.0
v 86.0 45.75 -37.0
v 85.9991 45.786797 -37.0
v 85.996391 45.823502 -37.0
v 85.991882 45.860035 -37.0
v 85.985596 45.896297 -37.0
v 85.977531 45.932213 -37.0
v 85.967712 45.967686 -37.0
v 85.956169 46.002636 -37.0
v 85.942924 46.036976 -37.0
v 85.928009 46.070625 -37.0
v 85.911461 46.103504 -37.0
v 85.893326 46.135529 -37.0
v 85.873634 46.16663 -37.0
v 85.852448 46.196724 -37.0
v 85.829803 46.225742 -37.0
v 85.805763 46.253613 -37.0
v 85.780388 46.280273 -37.0
v 85.753731 46.305656 -37.0
v 85.725861 46.3297 -37.0
v 85.696854 46.352348 -37.0
v 85.666763 46.373547 -37.0
v 85.635666 46.393242 -37.0
v 85.603645 46.411388 -37.0
v 85.57077 46.427944 -37.0
v 85.537125 46.442863 -37.0
v 94.299889 55.731037 -37.0
v 93.317917 55.088066 -37.0
v 92.367203 54.399712 -37.0
v 91.449852 53.667492 -37.0
v 90.567879 52.893024 -37.0
v 89.723228 52.078011 -37.0
v 88.917763 51.224251 -37.0
v 88.153259 50.333626 -37.0
v 87.431404 49.408096 -37.0
v 86.753784 48.449711 -37.0
v 86.121887 47.460571 -37.0
v 94.314064 55.696693 -37.0
v 94.329933 55.66309 -37.0
v 94.347443 55.630314 -37.0
v 94.366554 55.598446 -37.0
v 94.387222 55.567566 -37.0
v 94.409386 55.537746 -37.0
v 94.433006 55.50906 -37.0
v 94.458023 55.481579 -37.0
v 94.484367 55.455372 -37.0
v 94.511971 55.4305 -37.0
v 94.540779 55.407028 -37.0
v 94.570709 55.38501 -37.0
v 94.6017 55.364502 -37.0
v 94.633667 55.345554 -37.0
v 94.666527 55.328213 -37.0
v 94.700211 55.312523 -37.0
v 94.734627 55.298515 -37.0
v 94.769699 55.286236 -37.0
v 94.805336 55.275703 -37.0
v 94.841446 55.266949 -37.0
v 94.877953 55.259998 -37.0
v 94.914757 55.25486 -37.0
v 94.951767 55.251553 -37.0
v 94.988892 55.250084 -37.0
v 95.026054 55.250454 -37.0
v 95.063141 55.252663 -37.0
v 95.100082 55.256706 -37.0
v 95.136772 55.262577 -37.0
v 95.173134 55.270256 -37.0
v 95.209061 55.279728 -37.0
v 95.244484 55.290966 -37.0
v 95.279297 55.303944 -37.0
v 95.313431 55.318634 -37.0
v 95.346794 55.334995 -37.0
v 95.379311 55.352985 -37.0
v 95.410889 55.372566 -37.0
v 95.44146 55.393688 -37.0
v 95.470947 55.416298 -37.0
v 95.499283 55.440342 -37.0
v 95.52639 55.465759 -37.0
v 95.5522 55.492485 -37.0
v 95.57666 55.520458 -37.0
v 95.599709 55.54961 -37.0
v 95.621277 55.579865 -37.0
v 95.641327 55.611153 -37.0
v 95.659798 55.643394 -37.0
v 95.676651 55.676514 -37.0
v 95.691841 55.710423 -37.0
v 95.705338 55.745045 -37.0
v 95.717094 55.780296 -37.0
v 95.727097 55.816082 -37.0
v 95.735313 55.852322 -37.0
v 95.74173 55.888924 -37.0
v 95.746323 55.925797 -37.0
v 95.749077 55.962852 -37.0
v 95.75 56.0 -37.0
v 95.7491 56.036762 -37.0
v 95.746399 56.073433 -37.0
v 95.741898 56.109928 -37.0
v 95.735619 56.14616 -37.0
v 95.72757 56.182041 -37.0
v 95.717773 56.217484 -37.0
v 95.706253 56.252403 -37.0
v 95.693031 56.286713 -37.0
v 95.678146 56.320339 -37.0
v 95.661629 56.353191 -37.0
v 95.643524 56.385197 -37.0
v 95.623871 56.416275 -37.0
v 95.602715 56.446354 -37.0
v 95.580116 56.475357 -37.0
v 106.750084 59.48875 -37.0
v 105.584343 59.426498 -37.0
v 104.422775 59.309891 -37.0
v 103.267921 59.139187 -37.0
v 102.122292 58.914753 -37.0
v 100.988388 58.637085 -37.0
v 99.868683 58.306786 -37.0
v 98.765625 57.924572 -37.0
v 97.681602 57.491283 -37.0
v 96.618996 57.007862 -37.0
v 106.751556 59.45174 -37.0
v 106.754852 59.414848 -37.0
v 106.759964 59.378162 -37.0
v 106.766876 59.341778 -37.0
v 106.775589 59.305775 -37.0
v 106.786057 59.270248 -37.0
v 106.798271 59.235279 -37.0
v 106.812195 59.200958 -37.0
v 106.827797 59.167366 -37.0
v 106.845039 59.134586 -37.0
v 106.863876 59.102695 -37.0
v 106.88427 59.071774 -37.0
v 106.906166 59.041897 -37.0
v 106.929504 59.013138 -37.0
v 106.954239 58.985565 -37.0
v 106.980301 58.959248 -37.0
v 107.007629 58.93425 -37.0
v 107.036163 58.910633 -37.0
v 107.065826 58.888451 -37.0
v 107.09655 58.867764 -37.0
v 107.12825 58.848614 -37.0
v 107.160866 58.831055 -37.0
v 107.194305 58.815128 -37.0
v 107.228493 58.800869 -37.0
v 107.263336 58.788319 -37.0
v 107.298759 58.777504 -37.0
v 107.334679 58.768448 -37.0
v 107.370995 58.761177 -37.0
v 107.407631 58.755711 -37.0
v 107.444489 58.752056 -37.0
v 107.481483 58.750229 -37.0
v 107.518517 58.750229 -37.0
v 107.555511 58.752056 -37.0
v 107.592369 58.755711 -37.0
v 107.629005 58.761177 -37.0
v 107.665321 58.768448 -37.0
v 107.701241 58.777504 -37.0
v 107.736664 58.788319 -37.0
v 107.771507 58.800869 -37.0
v 107.805695 58.815128 -37.0
v 107.839134 58.831055 -37.0
v 107.87175 58.848614 -37.0
v 107.90345 58.867764 -37.0
v 107.934174 58.888451 -37.0
v 107.963837 58.910633 -37.0
v 107.992371 58.93425 -37.0
v 108.019699 58.959248 -37.0
v 108.045761 58.985565 -37.0
v 108.070496 59.013138 -37.0
v 108.093834 59.041897 -37.0
v 108.11573 59.071774 -37.0
v 108.136124 59.102695 -37.0
v 108.154961 59.134586 -37.0
v 108.172203 59.167366 -37.0
v 108.187805 59.200958 -37.0
v 108.201729 59.235279 -37.0
v 108.213943 59.270248 -37.0
v 108.224411 59.305775 -37.0
v 108.233124 59.341778 -37.0
v 108.240036 59.378162 -37.0
v 108.245148 59.414848 -37.0
v 108.248444 59.45174 -37.0
v 108.249916 59.48875 -37.0
v 119.419884 56.475357 -37.0
v 118.381004 57.007862 -37.0
v 117.318398 57.491283 -37.0
v 116.234375 57.924572 -37.0
v 115.131317 58.306786 -37.0
v 114.011612 58.637085 -37.0
v 112.877708 58.914753 -37.0
v 111.732079 59.139187 -37.0
v 110.577225 59.309891 -37.0
v 109.415657 59.426498 -37.0
v 119.397095 56.446102 -37.0
v 119.375786 56.41576 -37.0
v 119.355995 56.384399 -37.0
v 119.337784 56.352097 -37.0
v 119.32119 56.318935 -37.0
v 119.306259 56.284996 -37.0
v 119.293022 56.250359 -37.0
v 119.281509 56.215107 -37.0
v 119.271759 56.179333 -37.0
v 119.263779 56.14312 -37.0
v 119.257607 56.106556 -37.0
v 119.25325 56.069729 -37.0
v 119.250717 56.032734 -37.0
v 119.250015 55.995663 -37.0
v 119.251144 55.958595 -37.0
v 119.254105 55.921635 -37.0
v 119.258888 55.884861 -37.0
v 119.265488 55.848373 -37.0
v 119.27388 55.812252 -37.0
v 119.28405 55.776592 -37.0
v 119.295967 55.741478 -37.0
v 119.309601 55.706997 -37.0
v 119.324928 55.673229 -37.0
v 119.341904 55.640263 -37.0
v 119.360489 55.608177 -37.0
v 119.380638 55.577045 -37.0
v 119.402298 55.546951 -37.0
v 119.425423 55.51796 -37.0
v 119.449951 55.49015 -37.0
v 119.475822 55.463589 -37.0
v 119.502975 55.438335 -37.0
v 119.531349 55.414455 -37.0
v 119.56086 55.392006 -37.0
v 119.591446 55.371044 -37.0
v 119.623032 55.35162 -37.0
v 119.65554 55.333778 -37.0
v 119.688896 55.31757 -37.0
v 119.723 55.303024 -37.0
v 119.75779 55.290188 -37.0
v 119.793167 55.279083 -37.0
v 119.829056 55.269741 -37.0
v 119.865356 55.262184 -37.0
v 119.901993 55.256432 -37.0
v 119.938866 55.252495 -37.0
v 119.975883 55.250389 -37.0
v 120.012962 55.250111 -37.0
v 120.050011 55.251671 -37.0
v 120.086937 55.255054 -37.0
v 120.123657 55.260265 -37.0
v 120.160065 55.267281 -37.0
v 120.196083 55.276089 -37.0
v 120.231628 55.286663 -37.0
v 120.266602 55.298985 -37.0
v 120.300926 55.313019 -37.0
v 120.334511 55.328732 -37.0
v 120.367279 55.346085 -37.0
v 120.399155 55.36504 -37.0
v 120.430054 55.385544 -37.0
v 120.459892 55.407551 -37.0
v 120.488617 55.431007 -37.0
v 120.516144 55.455853 -37.0
v 120.542404 55.482029 -37.0
v 120.567345 55.509472 -37.0
v 120.590897 55.538113 -37.0
v 120.613007 55.567883 -37.0
v 120.633614 55.598709 -37.0
v 120.652672 55.630516 -37.0
v 120.670135 55.663227 -37.0
v 120.685966 55.696762 -37.0
v 120.700111 55.731037 -37.0
v 129.433334 46.497032 -37.0
v 128.848984 47.508503 -37.0
v 128.218002 48.491573 -37.0
v 127.541809 49.444096 -37.0
v 126.821846 50.363991 -37.0
v 126.059708 51.249249 -37.0
v 125.257042 52.097942 -37.0
v 124.415604 52.908211 -37.0
v 123.537239 53.678291 -37.0
v 122.623863 54.406502 -37.0
v 121.677467 55.091248 -37.0
v 129.396469 46.492821 -37.0
v 129.359848 46.48679 -37.0
v 129.323578 46.478958 -37.0
v 129.28775 46.469337 -37.0
v 129.252426 46.457962 -37.0
v 129.217712 46.444847 -37.0
v 129.183685 46.430035 -37.0
v 129.150452 46.413559 -37.0
v 129.118057 46.395458 -37.0
v 129.086594 46.375778 -37.0
v 129.056152 46.354565 -37.0
v 129.026794 46.331871 -37.0
v 128.998596 46.307755 -37.0
v 128.971619 46.282269 -37.0
v 128.945938 46.255486 -37.0
v 128.921616 46.227463 -37.0
v 128.898712 46.198269 -37.0
v 128.877274 46.16798 -37.0
v 128.857361 46.136669 -37.0
v 128.83902 46.104408 -37.0
v 128.822296 46.071285 -37.0
v 128.807236 46.037373 -37.0
v 128.793869 46.002754 -37.0
v 128.782242 45.967522 -37.0
v 128.772354 45.931751 -37.0
v 128.764252 45.895542 -37.0
v 128.757965 45.858971 -37.0
v 128.753479 45.822136 -37.0
v 128.750824 45.785126 -37.0
v 128.75 45.748028 -37.0
v 128.751022 45.710934 -37.0
v 128.75386 45.673939 -37.0
v 128.758545 45.637127 -37.0
v 128.76503 45.600594 -37.0
v 128.773315 45.564423 -37.0
v 128.783386 45.528709 -37.0
v 128.795212 45.493534 -37.0
v 128.808762 45.458988 -37.0
v 128.824005 45.425156 -37.0
v 128.840897 45.39212 -37.0
v 128.859406 45.359959 -37.0
v 128.879471 45.328751 -37.0
v 128.901077 45.298573 -37.0
v 128.924133 45.269505 -37.0
v 128.948608 45.241608 -37.0
v 128.974426 45.214958 -37.0
v 129.001526 45.189617 -37.0
v 129.029861 45.165649 -37.0
v 129.059341 45.143112 -37.0
v 129.08989 45.122059 -37.0
v 129.121445 45.102543 -37.0
v 129.153946 45.08461 -37.0
v 129.187271 45.06831 -37.0
v 129.221375 45.053677 -37.0
v 129.256149 45.040749 -37.0
v 129.291534 45.029556 -37.0
v 129.327423 45.020126 -37.0
v 129.363739 45.012482 -37.0
v 129.400375 45.006645 -37.0
v 129.437271 45.002628 -37.0
v 129.474304 45.000439 -37.0
v 129.511414 45.000088 -37.0
v 129.548492 45.001568 -37.0
v 129.585449 45.004883 -37.0
v 129.622192 45.010021 -37.0
v 129.658646 45.016972 -37.0
v 129.694717 45.025715 -37.0
v 129.730301 45.036232 -37.0
v 129.76532 45.048496 -37.0
v 129.799683 45.062477 -37.0
v 129.833328 45.078144 -37.0
v 129.86615 45.095451 -37.0
v 129.898071 45.114361 -37.0
v 129.929031 45.13483 -37.0
v 129.958923 45.156803 -37.0
v 129.987701 45.180229 -37.0
v 130.015289 45.205048 -37.0
v 130.041611 45.231201 -37.0
v 106.0 2.0 -37.0
v 106.0 2.152488 -37.0
v 107.605499 2.196893 -37.0
v 109.206841 2.320563 -37.0
v 110.800117 2.523193 -37.0
v 112.381439 2.80429 -37.0
v 113.946938 3.163166 -37.0
v 115.492798 3.598946 -37.0
v 117.015244 4.110565 -37.0
v 118.510551 4.696774 -37.0
v 119.975075 5.35614 -37.0
v 121.405235 6.087054 -37.0
v 122.797539 6.887731 -37.0
v 124.148582 7.756215 -37.0
v 125.45507 8.690385 -37.0
v 126.713814 9.68796 -37.0
v 127.921738 10.746503 -37.0
v 129.075882 11.863429 -37.0
v 130.173447 13.036012 -37.0
v 131.211746 14.261385 -37.0
v 132.188232 15.536558 -37.0
v 133.100525 16.858416 -37.0
v 133.946396 18.22373 -37.0
v 134.723785 19.629166 -37.0
v 135.430801 21.071293 -37.0
v 136.065704 22.546587 -37.0
v 136.626938 24.051445 -37.0
v 137.113144 25.582193 -37.0
v 137.523132 27.135094 -37.0
v 137.855911 28.706352 -37.0
v 138.110641 30.292133 -37.0
v 138.286728 31.888561 -37.0
v 138.383728 33.491741 -37.0
v 138.401413 35.097752 -37.0
v 138.339722 36.702679 -37.0
v 138.198822 38.302597 -37.0
v 137.97905 39.8936 -37.0
v 137.680939 41.471802 -37.0
v 137.305237 43.033352 -37.0
v 136.852844 44.574429 -37.0
v 136.32486 46.091278 -37.0
v 135.72258 47.580189 -37.0
v 135.047501 49.037529 -37.0
v 134.301224 50.459736 -37.0
v 133.485611 51.843338 -37.0
v 107.612015 2.040003 -37.0
v 109.220062 2.159914 -37.0
v 110.820183 2.359437 -37.0
v 112.40844 2.638081 -37.0
v 113.980919 2.99516 -37.0
v 115.533752 3.429796 -37.0
v 117.06311 3.940917 -37.0
v 118.565239 4.527267 -37.0
v 120.036438 5.187401 -37.0
v 121.473076 5.919695 -37.0
v 122.871628 6.722346 -37.0
v 124.228653 7.593378 -37.0
v 125.540794 8.530646 -37.0
v 126.804832 9.531844 -37.0
v 128.017654 10.594506 -37.0
v 129.176285 11.716018 -37.0
v 130.277847 12.893617 -37.0
v 131.319656 14.124404 -37.0
v 132.299133 15.405352 -37.0
v 133.213867 16.733303 -37.0
v 134.0616 18.104994 -37.0
v 134.840271 19.517042 -37.0
v 135.547928 20.965977 -37.0
v 136.182861 22.448227 -37.0
v 136.743484 23.960146 -37.0
v 137.228424 25.498011 -37.0
v 137.63649 27.058035 -37.0
v 137.966675 28.636379 -37.0
v 138.218155 30.22916 -37.0
v 138.390335 31.832453 -37.0
v 138.482788 33.442314 -37.0
v 138.49527 35.054779 -37.0
v 138.42775 36.665874 -37.0
v 138.280411 38.271641 -37.0
v 138.053604 39.868122 -37.0
v 137.747879 41.451389 -37.0
v 137.364014 43.017544 -37.0
v 136.902939 44.562733 -37.0
v 136.365784 46.083145 -37.0
v 135.753876 47.575047 -37.0
v 135.068726 49.03476 -37.0
v 134.312012 50.458694 -37.0
v 77.0 36.75 -37.5
v 77.0 31.75 -37.5
v 77.0 31.75 -39.0
v 71.094063 13.231551 -37.0
v 71.184586 13.138746 -37.0
v 71.279617 13.050569 -37.0
v 71.008286 13.328753 -37.0
v 71.378929 12.967238 -37.0
v 70.927452 13.430108 -37.0
v 71.482269 12.888961 -37.0
v 70.851776 13.535368 -37.0
v 71.589378 12.815932 -37.0
v 70.781441 13.644268 -37.0
v 71.699997 12.748334 -37.0
v 70.716621 13.756539 -37.0
v 71.81385 12.686334 -37.0
v 70.657478 13.871902 -37.0
v 71.930656 12.630085 -37.0
v 70.604164 13.990069 -37.0
v 72.05011 12.579728 -37.0
v 70.556801 14.110747 -37.0
v 72.171936 12.535389 -37.0
v 70.515511 14.233637 -37.0
v 72.295815 12.497177 -37.0
v 70.4804 14.358431 -37.0
v 72.421448 12.465187 -37.0
v 70.451553 14.48482 -37.0
v 72.548515 12.4395 -37.0
v 70.429039 14.61249 -37.0
v 72.676704 12.420178 -37.0
v 70.412918 14.741123 -37.0
v 72.805702 12.40727 -37.0
v 70.403229 14.8704 -37.0
v 72.935181 12.400808 -37.0
v 70.400002 15.0 -37.0
v 73.064819 12.400808 -37.0
v 70.403229 15.1296 -37.0
v 73.194298 12.40727 -37.0
v 70.412918 15.258877 -37.0
v 70.429039 15.38751 -37.0
v 70.451553 15.51518 -37.0
v 72.05011 17.420271 -37.0
v 72.171936 17.464611 -37.0
v 71.930656 17.369915 -37.0
v 71.81385 17.313667 -37.0
v 71.699997 17.251665 -37.0
v 71.589378 17.184067 -37.0
v 71.482269 17.111038 -37.0
v 71.378929 17.032763 -37.0
v 71.279617 16.94943 -37.0
v 71.184586 16.861254 -37.0
v 71.094063 16.76845 -37.0
v 71.008286 16.671247 -37.0
v 70.927452 16.569891 -37.0
v 70.851776 16.464632 -37.0
v 70.781441 16.355732 -37.0
v 70.716621 16.24346 -37.0
v 70.657478 16.128098 -37.0
v 70.604164 16.00993 -37.0
v 70.556801 15.889253 -37.0
v 70.515511 15.766363 -37.0
v 70.4804 15.641569 -37.0
v 73.704185 17.502823 -37.0
v 73.828064 17.464611 -37.0
v 73.578552 17.534813 -37.0
v 73.451485 17.560501 -37.0
v 73.323296 17.579823 -37.0
v 73.194298 17.59273 -37.0
v 73.064819 17.599192 -37.0
v 72.935181 17.599192 -37.0
v 72.805702 17.59273 -37.0
v 72.676704 17.579823 -37.0
v 72.548515 17.560501 -37.0
v 72.421448 17.534813 -37.0
v 72.295815 17.502823 -37.0
v 75.395836 13.990069 -37.0
v 75.342522 13.871902 -37.0
v 75.443199 14.110747 -37.0
v 75.484489 14.233637 -37.0
v 75.5196 14.358431 -37.0
v 75.283379 13.756539 -37.0
v 75.218559 13.644268 -37.0
v 75.587082 14.741123 -37.0
v 75.570961 14.61249 -37.0
v 75.548447 14.48482 -37.0
v 75.072548 13.430108 -37.0
v 74.991714 13.328753 -37.0
v 75.148224 13.535368 -37.0
v 75.596771 14.8704 -37.0
v 75.599998 15.0 -37.0
v 75.596771 15.1296 -37.0
v 74.905937 13.231551 -37.0
v 74.815414 13.138746 -37.0
v 73.323296 12.420178 -37.0
v 73.451485 12.4395 -37.0
v 73.578552 12.465187 -37.0
v 73.704185 12.497177 -37.0
v 73.828064 12.535389 -37.0
v 73.94989 12.579728 -37.0
v 74.069344 12.630085 -37.0
v 75.587082 15.258877 -37.0
v 75.570961 15.38751 -37.0
v 75.548447 15.51518 -37.0
v 75.5196 15.641569 -37.0
v 74.621071 12.967238 -37.0
v 74.517731 12.888961 -37.0
v 74.720383 13.050569 -37.0
v 75.484489 15.766363 -37.0
v 75.443199 15.889253 -37.0
v 75.395836 16.00993 -37.0
v 74.410622 12.815932 -37.0
v 74.300003 12.748334 -37.0
v 75.342522 16.128098 -37.0
v 75.283379 16.24346 -37.0
v 75.218559 16.355732 -37.0
v 75.148224 16.464632 -37.0
v 74.18615 12.686334 -37.0
v 75.072548 16.569891 -37.0
v 74.991714 16.671247 -37.0
v 74.905937 16.76845 -37.0
v 74.815414 16.861254 -37.0
v 74.720383 16.94943 -37.0
v 74.621071 17.032763 -37.0
v 74.517731 17.111038 -37.0
v 74.410622 17.184067 -37.0
v 74.300003 17.251665 -37.0
v 74.18615 17.313667 -37.0
v 74.069344 17.369915 -37.0
v 73.94989 17.420271 -37.0
v 75.596771 15.1296 -39.0
v 75.599998 15.0 -39.0
v 75.587082 15.258877 -39.0
v 75.570961 15.38751 -39.0
v 75.548447 15.51518 -39.0
v 75.5196 15.641569 -39.0
v 75.484489 15.766363 -39.0
v 75.443199 15.889253 -39.0
v 75.395836 16.00993 -39.0
v 75.342522 16.128098 -39.0
v 75.283379 16.24346 -39.0
v 75.218559 16.355732 -39.0
v 75.148224 16.464632 -39.0
v 75.072548 16.569891 -39.0
v 74.991714 16.671247 -39.0
v 74.905937 16.76845 -39.0
v 74.815414 16.861254 -39.0
v 74.720383 16.94943 -39.0
v 74.621071 17.032763 -39.0
v 74.517731 17.111038 -39.0
v 74.410622 17.184067 -39.0
v 74.300003 17.251665 -39.0
v 74.18615 17.313667 -39.0
v 74.069344 17.369915 -39.0
v 73.94989 17.420271 -39.0
v 73.828064 17.464611 -39.0
v 73.704185 17.502823 -39.0
v 73.578552 17.534813 -39.0
v 73.451485 17.560501 -39.0
v 73.323296 17.579823 -39.0
v 73.194298 17.59273 -39.0
v 73.064819 17.599192 -39.0
v 72.935181 17.599192 -39.0
v 72.805702 17.59273 -39.0
v 72.676704 17.579823 -39.0
v 72.548515 17.560501 -39.0
v 72.421448 17.534813 -39.0
v 72.295815 17.502823 -39.0
v 72.171936 17.464611 -39.0
v 72.05011 17.420271 -39.0
v 71.930656 17.369915 -39.0
v 71.81385 17.313667 -39.0
v 71.699997 17.251665 -39.0
v 71.589378 17.184067 -39.0
v 71.482269 17.111038 -39.0
v 71.378929 17.032763 -39.0
v 71.279617 16.94943 -39.0
v 71.184586 16.861254 -39.0
v 71.094063 16.76845 -39.0
v 71.008286 16.671247 -39.0
v 70.927452 16.569891 -39.0
v 70.851776 16.464632 -39.0
v 70.781441 16.355732 -39.0
v 70.716621 16.24346 -39.0
v 70.657478 16.128098 -39.0
v 70.604164 16.00993 -39.0
v 70.556801 15.889253 -39.0
v 70.515511 15.766363 -39.0
v 70.4804 15.641569 -39.0
v 70.451553 15.51518 -39.0
v 70.429039 15.38751 -39.0
v 70.412918 15.258877 -39.0
v 70.403229 15.1296 -39.0
v 70.400002 15.0 -39.0
v 70.403229 14.8704 -39.0
v 70.412918 14.741123 -39.0
v 70.429039 14.61249 -39.0
v 70.451553 14.48482 -39.0
v 70.4804 14.358431 -39.0
v 70.515511 14.233637 -39.0
v 70.556801 14.110747 -39.0
v 70.604164 13.990069 -39.0
v 70.657478 13.871902 -39.0
v 70.716621 13.756539 -39.0
v 70.781441 13.644268 -39.0
v 70.851776 13.535368 -39.0
v 70.927452 13.430108 -39.0
v 71.008286 13.328753 -39.0
v 71.094063 13.231551 -39.0
v 71.184586 13.138746 -39.0
v 71.279617 13.050569 -39.0
v 71.378929 12.967238 -39.0
v 71.482269 12.888961 -39.0
v 71.589378 12.815932 -39.0
v 71.699997 12.748334 -39.0
v 71.81385 12.686334 -39.0
v 71.930656 12.630085 -39.0
v 72.05011 12.579728 -39.0
v 72.171936 12.535389 -39.0
v 72.295815 12.497177 -39.0
v 72.421448 12.465187 -39.0
v 72.548515 12.4395 -39.0
v 72.676704 12.420178 -39.0
v 72.805702 12.40727 -39.0
v 72.935181 12.400808 -39.0
v 73.064819 12.400808 -39.0
v 73.194298 12.40727 -39.0
v 73.323296 12.420178 -39.0
v 73.451485 12.4395 -39.0
v 73.578552 12.465187 -39.0
v 73.704185 12.497177 -39.0
v 73.828064 12.535389 -39.0
v 73.94989 12.579728 -39.0
v 74.069344 12.630085 -39.0
v 74.18615 12.686334 -39.0
v 74.300003 12.748334 -39.0
v 74.410622 12.815932 -39.0
v 74.517731 12.888961 -39.0
v 74.621071 12.967238 -39.0
v 74.720383 13.050569 -39.0
v 74.815414 13.138746 -39.0
v 74.905937 13.231551 -39.0
v 74.991714 13.328753 -39.0
v 75.072548 13.430108 -39.0
v 75.148224 13.535368 -39.0
v 75.218559 13.644268 -39.0
v 75.283379 13.756539 -39.0
v 75.342522 13.871902 -39.0
v 75.395836 13.990069 -39.0
v 75.443199 14.110747 -39.0
v 75.484489 14.233637 -39.0
v 75.5196 14.358431 -39.0
v 75.548447 14.48482 -39.0
v 75.570961 14.61249 -39.0
v 75.587082 14.741123 -39.0
v 75.596771 14.8704 -39.0
vn 0.0 1.0 0.0
vn 0.0 1.0 0.0
vn 1.0 0.0 0.0
vn 1.0 -0.0 0.0
vn 0.0 -1.0 0.0
vn 0.0 -1.0 0.0
vn -1.0 0.0 0.0
vn -1.0 0.0 0.0
vn -1.0 0.0 0.0
vn -1.0 0.0 0.0
vn -1.0 0.0 0.0
vn -1.0 0.0 0.0
vn -1.0 0.0 0.0
vn -1.0 0.0 0.0
vn 0.0 0.0 1.0
vn 0.0 0.0 1.0
vn 0.0 0.0 1.0
vn 0.0 0.0 1.0
vn 0.0 -0.707107 0.707107
vn 0.0 -0.707107 0.707107
vn 0.0 -0.707107 0.707107
vn 0.0 -1.0 0.0
vn 0.0 -1.0 0.0
vn -1.0 0.0 0.0
vn -1.0 0.0 0.0
vn 0.0 1.0 0.0
vn 0.0 1.0 0.0
vn 0.053667 -0.998559 0.0
vn 0.053667 -0.998559 0.0
vn 0.102917 -0.99469 0.0
vn 0.102917 -0.99469 0.0
vn 0.151915 -0.988394 0.0
vn 0.151915 -0.988394 0.0
vn 0.200543 -0.979685 0.0
vn 0.200543 -0.979685 0.0
vn 0.248682 -0.968585 0.0
vn 0.248682 -0.968585 0.0
vn 0.296212 -0.955122 0.0
vn 0.296212 -0.955122 0.0
vn 0.34302 -0.939328 0.0
vn 0.34302 -0.939328 0.0
vn 0.388992 -0.921241 0.0
vn 0.388992 -0.921241 0.0
vn 0.434015 -0.900906 0.0
vn 0.434015 -0.900906 0.0
vn 0.477978 -0.878372 0.0
vn 0.477978 -0.878372 0.0
vn 0.520773 -0.853695 0.0
vn 0.520773 -0.853695 0.0
vn 0.562298 -0.826935 0.0
vn 0.562298 -0.826935 0.0
vn 0.602451 -0.798156 0.0
vn 0.602451 -0.798156 0.0
vn 0.641134 -0.767429 0.0
vn 0.641134 -0.767429 0.0
vn 0.678255 -0.734827 0.0
vn 0.678255 -0.734827 0.0
vn 0.713715 -0.700436 0.0
vn 0.713715 -0.700436 0.0
vn 0.747438 -0.664331 0.0
vn 0.747438 -0.664331 0.0
vn 0.779333 -0.62661 0.0
vn 0.779333 -0.62661 0.0
vn 0.809326 -0.58736 0.0
vn 0.809326 -0.58736 0.0
vn 0.837348 -0.546671 0.0
vn 0.837348 -0.546671 0.0
vn 0.863326 -0.504647 0.0
vn 0.863326 -0.504647 0.0
vn 0.887195 -0.461395 0.0
vn 0.887195 -0.461395 0.0
vn 0.908896 -0.417023 0.0
vn 0.908896 -0.417023 0.0
vn 0.928386 -0.371616 0.0
vn 0.928386 -0.371616 0.0
vn 0.945604 -0.32532 0.0
vn 0.945604 -0.32532 0.0
vn 0.960515 -0.278228 0.0
vn 0.960515 -0.278228 0.0
vn 0.973085 -0.230447 0.0
vn 0.973085 -0.230447 0.0
vn 0.983278 -0.18211 0.0
vn 0.983278 -0.18211 0.0
vn 0.991072 -0.133326 0.0
vn 0.991072 -0.133326 0.0
vn 0.996448 -0.084211 0.0
vn 0.996448 -0.084211 0.0
vn 0.999391 -0.034907 0.0
vn 0.999391 -0.034907 0.0
vn 0.999895 0.014495 -0.0
vn 0.999895 0.014495 0.0
vn 0.997959 0.063852 -0.0
vn 0.997959 0.063852 0.0
vn 0.993587 0.113066 -0.0
vn 0.993587 0.113066 0.0
vn 0.98679 0.162002 -0.0
vn 0.98679 0.162002 0.0
vn 0.977586 0.210536 -0.0
vn 0.977586 0.210536 0.0
vn 0.965998 0.25855 -0.0
vn 0.965998 0.25855 0.0
vn 0.952049 0.305946 -0.0
vn 0.952049 0.305946 0.0
vn 0.935777 0.352591 0.0
vn 0.935777 0.352591 -0.0
vn 0.917219 0.398383 0.0
vn 0.917219 0.398383 -0.0
vn 0.89643 0.443186 0.0
vn 0.89643 0.443186 -0.0
vn 0.873447 0.486919 0.0
vn 0.873447 0.486919 -0.0
vn 0.848333 0.529463 -0.0
vn 0.848333 0.529463 0.0
vn 0.821152 0.570709 -0.0
vn 0.821152 0.570709 0.0
vn 0.791964 0.610568 -0.0
vn 0.791964 0.610568 0.0
vn 0.760842 0.648938 -0.0
vn 0.727867 0.685719 0.0
vn 0.760842 0.648938 0.0
vn 0.727867 0.685719 0.0
vn 0.693118 0.720825 -0.0
vn 0.693118 0.720825 0.0
vn 0.656668 0.75418 -0.0
vn 0.656668 0.75418 0.0
vn 0.618618 0.785692 -0.0
vn 0.618618 0.785692 0.0
vn 0.579066 0.815281 -0.0
vn 0.579066 0.815281 0.0
vn 0.538092 0.842886 -0.0
vn 0.538092 0.842886 0.0
vn 0.495809 0.868431 -0.0
vn 0.495809 0.868431 0.0
vn 0.452317 0.891857 -0.0
vn 0.452317 0.891857 0.0
vn 0.407718 0.913108 -0.0
vn 0.407718 0.913108 0.0
vn 0.362128 0.932128 -0.0
vn 0.362128 0.932128 0.0
vn 0.315648 0.948877 -0.0
vn 0.315648 0.948877 0.0
vn 0.268407 0.963306 -0.0
vn 0.268407 0.963306 0.0
vn 0.17206 0.985086 0.0
vn 0.2205 0.975387 0.0
vn 0.2205 0.975387 -0.0
vn 0.17206 0.985086 0.0
vn 0.123205 0.992381 0.0
vn 0.123205 0.992381 -0.0
vn 0.07404 0.997255 0.0
vn 0.07404 0.997255 -0.0
vn 0.024701 0.999695 0.0
vn 0.024701 0.999695 -0.0
vn 1.0 0.0 0.0
vn 1.0 -0.0 0.0
vn 0.0 0.0 -1.0
vn 0.0 0.0 -1.0
vn 0.0 0.0 -1.0
vn 0.0 0.0 -1.0
vn 0.0 -0.0 -1.0
vn 0.0 0.0 -1.0
vn 0.0 0.0 -1.0
vn 0.0 -0.0 -1.0
vn 0.0 0.0 -1.0
vn 0.0 0.0 -1.0
vn 0.0 0.0 -1.0
vn 0.0 -0.0 -1.0
vn 0.0 0.0 -1.0
vn 0.0 0.0 -1.0
vn 0.0 0.0 -1.0
vn 0.0 0.0 -1.0
vn 0.0 -0.0 -1.0
vn 0.0 0.0 -1.0
vn 0.0 0.0 -1.0
vn 0.0 0.0 -1.0
vn 0.0 -0.0 -1.0
vn 0.0 0.0 -1.0
vn 0.0 0.0 -1.0
vn 0.0 0.0 -1.0
vn 0.0 -0.0 -1.0
vn 0.0 0.0 -1.0
vn 0.0 0.0 -1.0
vn 0.0 0.0 -1.0
vn 0.0 -0.0 -1.0
vn 0.0 0.0 -1.0
vn 0.0 0.0 -1.0
vn 0.0 0.0 -1.0
vn 0.0 -0.0 -1.0
vn 0.0 -0.0 -1.0
vn 0.0 0.0 -1.0
vn 0.0 0.0 -1.0
vn 0.0 -0.0 -1.0
vn 0.0 -0.0 -1.0
vn 0.0 0.0 -1.0
vn 0.0 0.0 -1.0
vn 0.0 -0.0 -1.0
vn 0.0 -0.0 -1.0
vn 0.0 0.0 -1.0
vn 0.0 -0.0 -1.0
vn 0.0 0.0 -1.0
vn 0.0 0.0 -1.0
vn 0.0 -0.0 -1.0
vn 0.0 -0.0 -1.0
vn 0.0 0.0 -1.0
vn 0.0 -0.0 -1.0
vn 0.0 0.0 -1.0
vn 0.0 0.0 -1.0
vn 0.0 0.0 -1.0
vn 0.0 0.0 -1.0
vn 0.0 -0.0 -1.0
vn 0.0 0.0 -1.0
vn 0.0 0.0 -1.0
vn 0.0 0.0 -1.0
vn 0.0 -0.0 -1.0
vn 0.0 0.0 -1.0
vn 0.0 0.0 -1.0
vn 0.0 0.0 -1.0
vn 0.0 -0.0 -1.0
vn 0.0 -0.0 -1.0
vn 0.0 0.0 -1.0
vn 0.0 0.0 -1.0
vn 0.0 0.0 -1.0
vn 0.0 0.0 -1.0
vn 0.0 -0.0 -1.0
vn 0.0 0.0 -1.0
vn 0.0 0.0 -1.0
vn 0.0 0.0 -1.0
vn 0.0 0.0 -1.0
vn 0.0 0.0 -1.0
vn 0.0 0.0 -1.0
vn 0.0 -0.0 -1.0
vn 0.0 0.0 -1.0
vn 0.0 0.0 -1.0
vn 0.0 0.0 -1.0
vn 0.0 -0.0 -1.0
vn 0.0 0.0 -1.0
vn 0.0 0.0 -1.0
vn 0.0 0.0 -1.0
vn 0.0 0.0 -1.0
vn 0.0 0.0 -1.0
vn 0.0 0.0 -1.0
vn 0.0 0.0 -1.0
vn 0.0 0.0 -1.0
vn 0.0 0.0 -1.0
vn 0.0 0.0 -1.0
vn 0.0 0.0 -1.0
vn 0.0 0.0 -1.0
vn 0.0 0.0 -1.0
vn 0.0 0.0 -1.0
vn 0.0 0.0 -1.0
vn 0.0 0.0 -1.0
vn 0.0 -0.0 -1.0
vn 0.0 0.0 -1.0
vn 0.0 0.0 -1.0
vn 0.0 0.0 -1.0
vn 0.0 0.0 -1.0
vn 0.0 0.0 -1.0
vn 0.0 0.0 -1.0
vn 0.0 0.0 -1.0
vn 0.0 0.0 -1.0
vn 0.0 -0.0 -1.0
vn 0.0 0.0 -1.0
vn 0.0 0.0 -1.0
vn 0.0 0.0 -1.0
vn 0.0 0.0 -1.0
vn 0.0 0.0 -1.0
vn 0.0 0.0 -1.0
vn 0.0 0.0 -1.0
vn 0.0 -0.0 -1.0
vn 0.0 0.0 -1.0
vn 0.0 0.0 -1.0
vn 0.0 0.0 -1.0
vn 0.0 0.0 -1.0
vn 0.0 0.0 -1.0
vn 0.0 0.0 -1.0
vn 0.0 -0.0 -1.0
vn 0.0 0.0 -1.0
vn 0.0 0.0 -1.0
vn 0.0 0.0 -1.0
vn 0.0 0.0 -1.0
vn 0.0 0.0 -1.0
vn 0.0 0.0 -1.0
vn 0.0 0.0 -1.0
vn 0.0 0.0 -1.0
vn 0.0 0.0 -1.0
vn 0.0 0.0 -1.0
vn 0.0 0.0 -1.0
vn 0.0 0.0 -1.0
vn 0.0 0.0 -1.0
vn 0.0 0.0 -1.0
vn 0.0 0.0 -1.0
vn 0.0 0.0 -1.0
vn 0.0 0.0 -1.0
vn 0.0 0.0 -1.0
vn 0.0 0.0 -1.0
vn 0.0 0.0 -1.0
vn 0.0 0.0 -1.0
vn 0.0 0.0 -1.0
vn 0.0 -0.0 -1.0
vn 0.0 0.0 -1.0
vn 0.0 0.0 -1.0
vn 0.0 0.0 -1.0
vn 0.0 0.0 -1.0
vn 0.0 0.0 -1.0
vn 0.0 0.0 -1.0
vn 0.0 0.0 -1.0
vn 0.0 -0.0 -1.0
vn 0.0 0.0 -1.0
vn 0.0 0.0 -1.0
vn 0.0 0.0 -1.0
vn 0.0 0.0 -1.0
vn 0.0 0.0 -1.0
vn 0.0 0.0 -1.0
vn 0.0 0.0 -1.0
vn 0.0 0.0 -1.0
vn 0.0 0.0 -1.0
vn 0.0 0.0 -1.0
vn 0.0 0.0 -1.0
vn 0.0 0.0 -1.0
vn 0.0 0.0 -1.0
vn 0.0 0.0 -1.0
vn 0.0 0.0 -1.0
vn 0.0 0.0 -1.0
vn 0.0 0.0 -1.0
vn 0.0 -0.0 -1.0
vn 0.0 0.0 -1.0
vn 0.0 0.0 -1.0
vn 0.0 0.0 -1.0
vn 0.0 -0.0 -1.0
vn 0.0 0.0 -1.0
vn 0.0 0.0 -1.0
vn 0.0 0.0 -1.0
vn 0.0 0.0 -1.0
vn 0.0 0.0 -1.0
vn 0.0 0.0 -1.0
vn 0.0 0.0 -1.0
vn 0.0 -0.0 -1.0
vn 0.0 0.0 -1.0
vn 0.0 0.0 -1.0
vn 0.0 0.0 -1.0
vn 0.0 0.0 -1.0
vn 0.0 0.0 -1.0
vn 0.0 0.0 -1.0
vn 0.0 -0.0 -1.0
vn 0.0 0.0 -1.0
vn 0.0 0.0 -1.0
vn 0.0 0.0 -1.0
vn 0.0 0.0 -1.0
vn 0.0 0.0 -1.0
vn 0.0 0.0 -1.0
vn 0.0 0.0 -1.0
vn 0.0 0.0 -1.0
vn 0.0 0.0 -1.0
vn 0.0 0.0 -1.0
vn 0.0 0.0 -1.0
vn 0.0 0.0 -1.0
vn 0.0 0.0 -1.0
vn 0.0 0.0 -1.0
vn 0.0 0.0 -1.0
vn 0.0 0.0 -1.0
vn 0.0 0.0 -1.0
vn 0.0 0.0 -1.0
vn 0.0 0.0 -1.0
vn 0.0 0.0 -1.0
vn 0.0 0.0 -1.0
vn 0.0 0.0 -1.0
vn 0.0 0.0 -1.0
vn 0.0 0.0 -1.0
vn 0.0 0.0 -1.0
vn 0.0 0.0 -1.0
vn 0.0 0.0 -1.0
vn 0.0 -0.0 -1.0
vn 0.0 0.0 -1.0
vn 0.0 0.0 -1.0
vn 0.0 0.0 -1.0
vn 0.0 -0.0 -1.0
vn 0.0 -0.0 -1.0
vn 0.0 0.0 -1.0
vn 0.0 0.0 -1.0
vn 0.0 -0.0 -1.0
vn 0.0 0.0 -1.0
vn 0.0 0.0 -1.0
vn 0.0 0.0 -1.0
vn 0.0 -0.0 -1.0
vn 0.0 -0.0 -1.0
vn 0.0 0.0 -1.0
vn 0.0 0.0 -1.0
vn 0.0 0.0 -1.0
vn 0.0 0.0 -1.0
vn 0.0 0.0 -1.0
vn 0.0 -0.0 -1.0
vn 0.0 0.0 -1.0
vn 0.0 0.0 -1.0
vn 0.0 0.0 -1.0
vn 0.0 0.0 -1.0
vn 0.0 -0.0 -1.0
vn 0.0 -0.0 -1.0
vn 0.0 0.0 -1.0
vn 0.0 0.0 -1.0
vn 0.0 0.0 -1.0
vn 0.0 0.0 -1.0
vn 0.0 -0.0 -1.0
vn 0.0 0.0 -1.0
vn 0.0 0.0 -1.0
vn 0.0 0.0 -1.0
vn 0.0 0.0 -1.0
vn 0.0 0.0 -1.0
vn 0.0 -0.0 -1.0
vn 0.0 0.0 -1.0
vn 0.0 0.0 -1.0
vn 0.0 0.0 -1.0
vn 0.0 0.0 -1.0
vn 0.0 -0.0 -1.0
vn 0.0 0.0 -1.0
vn 0.0 0.0 -1.0
vn 0.0 -0.0 -1.0
vn 0.0 0.0 -1.0
vn 0.0 -0.0 -1.0
vn 0.0 -0.0 -1.0
vn 0.0 0.0 -1.0
vn 0.0 0.0 -1.0
vn 0.0 0.0 -1.0
vn 0.0 0.0 -1.0
vn 0.0 0.0 -1.0
vn 0.0 0.0 -1.0
vn 0.0 0.0 -1.0
vn 0.0 0.0 -1.0
vn 0.0 0.0 -1.0
vn 0.0 0.0 -1.0
vn 0.0 0.0 -1.0
vn 0.0 0.0 -1.0
vn 0.0 0.0 -1.0
vn 0.0 0.0 -1.0
vn 0.0 0.0 -1.0
vn 0.0 0.0 -1.0
vn 0.0 0.0 -1.0
vn 0.0 0.0 -1.0
vn 0.0 0.0 -1.0
vn 0.0 0.0 -1.0
vn 0.0 0.0 -1.0
vn 0.0 0.0 -1.0
vn 0.0 0.0 -1.0
vn 0.0 0.0 -1.0
vn 0.0 0.0 -1.0
vn 0.0 0.0 -1.0
vn 0.0 0.0 -1.0
vn 0.0 0.0 -1.0
vn 0.0 0.0 -1.0
vn 0.0 0.0 -1.0
vn 0.0 0.0 -1.0
vn 0.0 0.0 -1.0
vn 0.0 0.0 -1.0
vn 0.0 0.0 -1.0
vn 0.0 0.0 -1.0
vn 0.0 0.0 -1.0
vn 0.0 0.0 -1.0
vn 0.0 0.0 -1.0
vn 0.0 0.0 -1.0
vn 0.0 0.0 -1.0
vn 0.0 0.0 -1.0
vn 0.0 0.0 -1.0
vn 0.0 0.0 -1.0
vn 0.0 0.0 -1.0
vn 0.0 0.0 -1.0
vn 0.0 0.0 -1.0
vn 0.0 0.0 -1.0
vn 0.0 0.0 -1.0
vn 0.0 0.0 -1.0
vn 0.0 0.0 -1.0
vn 0.0 0.0 -1.0
vn 0.0 0.0 -1.0
vn 0.0 0.0 -1.0
vn 0.0 0.0 -1.0
vn 0.0 0.0 -1.0
vn 0.0 0.0 -1.0
vn 0.0 0.0 -1.0
vn 0.0 0.0 -1.0
vn 0.0 0.0 -1.0
vn 0.0 0.0 -1.0
vn 0.0 0.0 -1.0
vn 0.0 0.0 -1.0
vn 0.0 0.0 -1.0
vn 0.0 -0.0 -1.0
vn 0.0 0.0 -1.0
vn 0.0 0.0 -1.0
vn 0.0 -0.0 -1.0
vn 0.0 0.0 -1.0
vn 0.0 0.0 -1.0
vn 0.0 0.0 -1.0
vn 0.0 0.0 -1.0
vn 0.0 0.0 -1.0
vn 0.0 0.0 -1.0
vn 0.0 0.0 -1.0
vn 0.0 0.0 -1.0
vn 0.0 0.0 -1.0
vn 0.0 0.0 -1.0
vn 0.0 -0.0 -1.0
vn 0.0 0.0 -1.0
vn 0.0 0.0 -1.0
vn 0.0 0.0 -1.0
vn 0.0 -0.0 -1.0
vn 0.0 0.0 -1.0
vn 0.0 0.0 -1.0
vn 0.0 -0.0 -1.0
vn 0.0 0.0 -1.0
vn 0.0 0.0 -1.0
vn 0.0 0.0 -1.0
vn 0.0 0.0 -1.0
vn 0.0 0.0 -1.0
vn 0.0 0.0 -1.0
vn 0.0 0.0 -1.0
vn 0.0 0.0 -1.0
vn 0.0 0.0 -1.0
vn 0.0 0.0 -1.0
vn 0.0 0.0 -1.0
vn 0.0 0.0 -1.0
vn 0.0 -0.0 -1.0
vn 0.0 0.0 -1.0
vn 0.0 -0.0 -1.0
vn 0.0 0.0 -1.0
vn 0.0 0.0 -1.0
vn 0.0 0.0 -1.0
vn 0.0 0.0 -1.0
vn 0.0 0.0 -1.0
vn 0.0 0.0 -1.0
vn 0.0 0.0 -1.0
vn 0.0 -0.0 -1.0
vn 0.0 0.0 -1.0
vn 0.0 -0.0 -1.0
vn 0.0 0.0 -1.0
vn 0.0 0.0 -1.0
vn 0.0 0.0 -1.0
vn 0.0 0.0 -1.0
vn 0.0 -0.0 -1.0
vn 0.0 0.0 -1.0
vn 0.0 0.0 -1.0
vn 0.0 0.0 -1.0
vn 0.0 0.0 -1.0
vn 0.0 0.0 -1.0
vn 0.0 0.0 -1.0
vn 0.0 0.0 -1.0
vn 0.0 0.0 -1.0
vn 0.0 -0.0 -1.0
vn 0.0 0.0 -1.0
vn 0.0 0.0 -1.0
vn 0.0 0.0 -1.0
vn 0.0 0.0 -1.0
vn 0.0 0.0 -1.0
vn 0.0 0.0 -1.0
vn 0.0 0.0 -1.0
vn 0.0 0.0 -1.0
vn 0.0 0.0 -1.0
vn 0.0 0.0 -1.0
vn 0.0 0.0 -1.0
vn 0.0 0.0 -1.0
vn 0.0 0.0 -1.0
vn 0.0 0.0 -1.0
vn 0.0 0.0 -1.0
vn 0.0 0.0 -1.0
vn 0.0 0.0 -1.0
vn 0.0 -0.0 -1.0
vn 0.0 0.0 -1.0
vn 0.0 0.0 -1.0
vn 0.0 0.0 -1.0
vn 0.0 0.0 -1.0
vn 0.0 0.0 -1.0
vn 0.0 0.0 -1.0
vn 0.0 0.0 -1.0
vn 0.0 0.0 -1.0
vn 0.0 0.0 -1.0
vn 0.0 0.0 -1.0
vn 0.0 0.0 -1.0
vn 0.0 0.0 -1.0
vn 0.0 0.0 -1.0
vn 0.0 0.0 -1.0
vn 0.0 0.0 -1.0
vn 0.0 0.0 -1.0
vn 0.0 0.0 -1.0
vn 0.0 0.0 -1.0
vn 0.0 0.0 -1.0
vn 0.0 0.0 -1.0
vn 0.0 0.0 -1.0
vn 0.0 0.0 -1.0
vn 0.0 0.0 -1.0
vn 0.0 0.0 -1.0
vn 0.0 0.0 -1.0
vn 0.0 0.0 -1.0
vn 0.0 0.0 -1.0
vn 0.0 0.0 -1.0
vn 0.0 0.0 -1.0
vn 0.0 0.0 -1.0
vn 0.0 0.0 -1.0
vn 0.0 0.0 -1.0
vn 0.0 0.0 -1.0
vn 0.0 0.0 -1.0
vn 0.0 0.0 -1.0
vn 0.0 0.0 -1.0
vn 0.0 0.0 -1.0
vn 0.0 -0.0 -1.0
vn 0.0 0.0 -1.0
vn 0.0 0.0 -1.0
vn 0.0 0.0 -1.0
vn 0.0 0.0 -1.0
vn 0.0 0.0 -1.0
vn 0.0 0.0 -1.0
vn 0.0 0.0 -1.0
vn 0.0 0.0 -1.0
vn 0.0 0.0 -1.0
vn 0.0 0.0 -1.0
vn 0.0 0.0 -1.0
vn 0.0 0.0 -1.0
vn 0.0 0.0 -1.0
vn 0.0 0.0 -1.0
vn 0.0 0.0 -1.0
vn 0.0 0.0 -1.0
vn 0.0 0.0 -1.0
vn 0.0 0.0 -1.0
vn 0.0 0.0 -1.0
vn 0.0 0.0 -1.0
vn 0.0 0.0 -1.0
vn 0.0 0.0 -1.0
vn 0.0 0.0 -1.0
vn 0.0 0.0 -1.0
vn 0.0 0.0 -1.0
vn 0.0 0.0 -1.0
vn 0.0 0.0 -1.0
vn 0.0 0.0 -1.0
vn 0.0 0.0 -1.0
vn 0.0 0.0 -1.0
vn 0.0 0.0 -1.0
vn 0.0 0.0 -1.0
vn 0.0 0.0 -1.0
vn 0.0 0.0 -1.0
vn 0.0 0.0 -1.0
vn 0.0 0.0 -1.0
vn 0.0 -0.0 -1.0
vn 0.0 0.0 -1.0
vn 0.0 0.0 -1.0
vn 0.0 0.0 -1.0
vn 0.0 0.0 -1.0
vn 0.0 0.0 -1.0
vn 0.0 0.0 -1.0
vn 0.0 0.0 -1.0
vn 0.0 0.0 -1.0
vn 0.0 0.0 -1.0
vn 0.0 0.0 -1.0
vn 0.0 0.0 -1.0
vn 0.0 0.0 -1.0
vn 0.0 0.0 -1.0
vn 0.0 0.0 -1.0
vn 0.0 0.0 -1.0
vn 0.0 0.0 -1.0
vn 0.0 0.0 -1.0
vn 0.0 0.0 -1.0
vn 0.0 0.0 -1.0
vn 0.0 0.0 -1.0
vn 0.0 0.0 -1.0
vn 0.0 0.0 -1.0
vn 0.0 -0.0 -1.0
vn 0.0 0.0 -1.0
vn 0.0 -0.0 -1.0
vn 0.0 0.0 -1.0
vn 0.0 0.0 -1.0
vn 0.0 0.0 -1.0
vn 0.0 0.0 -1.0
vn 0.0 -0.0 -1.0
vn 0.0 0.0 -1.0
vn 0.0 0.0 -1.0
vn 0.0 0.0 -1.0
vn 0.0 0.0 -1.0
vn 0.0 0.0 -1.0
vn 0.0 -0.0 -1.0
vn 0.0 0.0 -1.0
vn 0.0 -0.0 -1.0
vn 0.0 0.0 -1.0
vn 0.0 0.0 -1.0
vn 0.0 0.0 -1.0
vn 0.0 0.0 -1.0
vn 0.0 0.0 -1.0
vn 0.0 0.0 -1.0
vn 0.0 0.0 -1.0
vn 0.0 0.0 -1.0
vn 0.0 0.0 -1.0
vn 0.0 0.0 -1.0
vn 0.0 0.0 -1.0
vn 0.0 0.0 -1.0
vn 0.0 0.0 -1.0
vn 0.0 0.0 -1.0
vn 0.0 0.0 -1.0
vn 0.0 0.0 -1.0
vn 0.0 0.0 -1.0
vn 0.0 0.0 -1.0
vn 0.0 0.0 -1.0
vn 0.0 0.0 -1.0
vn 0.0 0.0 -1.0
vn 0.0 0.0 -1.0
vn 0.0 0.0 -1.0
vn 0.0 -0.0 -1.0
vn 0.0 0.0 -1.0
vn 0.0 0.0 -1.0
vn 0.0 0.0 -1.0
vn 0.0 0.0 -1.0
vn 0.0 0.0 -1.0
vn 0.0 0.0 -1.0
vn 0.0 0.0 -1.0
vn 0.0 0.0 -1.0
vn 0.0 0.0 -1.0
vn 0.0 0.0 -1.0
vn 0.0 0.0 -1.0
vn 0.0 0.0 -1.0
vn 0.0 0.0 -1.0
vn 0.0 0.0 -1.0
vn 0.0 0.0 -1.0
vn 0.0 0.0 -1.0
vn 0.0 0.0 -1.0
vn 0.0 0.0 -1.0
vn 0.0 0.0 -1.0
vn 0.0 0.0 -1.0
vn 0.0 0.0 -1.0
vn 0.0 0.0 -1.0
vn 0.0 0.0 -1.0
vn 0.0 0.0 -1.0
vn 0.0 0.0 -1.0
vn 0.0 0.0 -1.0
vn 0.0 0.0 -1.0
vn 0.0 0.0 -1.0
vn 0.0 0.0 -1.0
vn 0.0 0.0 -1.0
vn 0.0 0.0 -1.0
vn 0.0 0.0 -1.0
vn 0.0 0.0 -1.0
vn 0.0 0.0 -1.0
vn 0.0 0.0 -1.0
vn 0.0 -0.0 -1.0
vn 0.0 0.0 -1.0
vn 0.0 0.0 -1.0
vn 0.0 0.0 -1.0
vn 0.0 0.0 -1.0
vn 0.0 0.0 -1.0
vn 0.0 0.0 -1.0
vn 0.0 0.0 -1.0
vn 0.0 0.0 -1.0
vn 0.0 0.0 -1.0
vn 0.0 0.0 -1.0
vn 0.0 0.0 -1.0
vn 0.0 -0.0 -1.0
vn 0.0 0.0 -1.0
vn 0.0 0.0 -1.0
vn 0.0 0.0 -1.0
vn 0.0 -0.0 -1.0
vn 0.0 0.0 -1.0
vn 0.0 0.0 -1.0
vn 0.0 0.0 -1.0
vn 0.0 0.0 -1.0
vn 0.0 0.0 -1.0
vn 0.0 -0.0 -1.0
vn 0.0 0.0 -1.0
vn 0.0 -0.0 -1.0
vn 0.0 0.0 -1.0
vn 0.0 0.0 -1.0
vn 0.0 -0.0 -1.0
vn 0.0 0.0 -1.0
vn 0.0 -0.0 -1.0
vn 0.0 0.0 -1.0
vn 0.0 0.0 -1.0
vn 0.0 0.0 -1.0
vn 0.0 0.0 -1.0
vn 0.0 0.0 -1.0
vn 0.0 0.0 -1.0
vn 0.0 0.0 -1.0
vn 0.0 0.0 -1.0
vn 0.0 0.0 -1.0
vn 0.0 0.0 -1.0
vn 0.0 0.0 -1.0
vn 0.0 0.0 -1.0
vn 0.0 0.0 -1.0
vn 0.0 0.0 -1.0
vn 0.0 0.0 -1.0
vn 0.0 0.0 -1.0
vn 0.0 0.0 -1.0
vn 0.0 0.0 -1.0
vn 0.0 0.0 -1.0
vn 0.0 0.0 -1.0
vn 0.0 0.0 -1.0
vn 0.0 0.0 -1.0
vn 0.0 0.0 -1.0
vn 0.0 0.0 -1.0
vn 0.0 0.0 -1.0
vn 0.0 0.0 -1.0
vn 0.0 -0.0 -1.0
vn 0.0 0.0 -1.0
vn 0.0 0.0 -1.0
vn 0.0 0.0 -1.0
vn 0.0 0.0 -1.0
vn 0.0 0.0 -1.0
vn 0.0 0.0 -1.0
vn 0.0 0.0 -1.0
vn 0.0 0.0 -1.0
vn 0.0 0.0 -1.0
vn 0.0 0.0 -1.0
vn 0.0 0.0 -1.0
vn 0.0 0.0 -1.0
vn 0.0 0.0 -1.0
vn 0.0 0.0 -1.0
vn 0.0 0.0 -1.0
vn 0.0 0.0 -1.0
vn 0.0 0.0 -1.0
vn 0.0 0.0 -1.0
vn 0.0 0.0 -1.0
vn 0.0 0.0 -1.0
vn 0.0 0.0 -1.0
vn 0.0 0.0 -1.0
vn 0.0 0.0 -1.0
vn 0.0 0.0 -1.0
vn 0.0 0.0 -1.0
vn 0.0 0.0 -1.0
vn 0.0 0.0 -1.0
vn 0.0 0.0 -1.0
vn 0.0 0.0 -1.0
vn 0.0 0.0 -1.0
vn 0.0 0.0 -1.0
vn 0.0 0.0 -1.0
vn 0.0 0.0 -1.0
vn 0.0 0.0 -1.0
vn 0.0 0.0 -1.0
vn 0.0 0.0 -1.0
vn 0.0 0.0 -1.0
vn 0.0 0.0 -1.0
vn 0.0 0.0 -1.0
vn 0.0 0.0 -1.0
vn 0.0 0.0 -1.0
vn 0.0 0.0 -1.0
vn 0.0 -0.0 -1.0
vn 0.0 0.0 -1.0
vn 0.0 0.0 -1.0
vn 0.0 0.0 -1.0
vn 0.0 0.0 -1.0
vn 0.0 -0.0 -1.0
vn 0.0 0.0 -1.0
vn 0.0 0.0 -1.0
vn 0.0 0.0 -1.0
vn 0.0 0.0 -1.0
vn 0.0 0.0 -1.0
vn 0.0 -0.0 -1.0
vn 0.0 0.0 -1.0
vn 0.0 0.0 -1.0
vn 0.0 -0.0 -1.0
vn 0.0 0.0 -1.0
vn 0.0 0.0 -1.0
vn 0.0 -0.0 -1.0
vn 0.0 -0.0 -1.0
vn 0.0 -0.0 -1.0
vn 0.0 0.0 -1.0
vn 0.0 0.0 -1.0
vn 0.0 0.0 -1.0
vn 0.0 0.0 -1.0
vn 0.0 0.0 -1.0
vn 0.0 0.0 -1.0
vn 0.0 0.0 -1.0
vn 0.0 0.0 -1.0
vn 0.0 0.0 -1.0
vn 0.0 0.0 -1.0
vn 0.0 0.0 -1.0
vn 0.0 0.0 -1.0
vn 0.0 0.0 -1.0
vn 0.0 -0.0 -1.0
vn 0.0 0.0 -1.0
vn 0.0 0.0 -1.0
vn 0.0 0.0 -1.0
vn 0.0 0.0 -1.0
vn 0.0 -0.0 -1.0
vn 0.0 0.0 -1.0
vn 0.0 -0.0 -1.0
vn 0.0 -0.0 -1.0
vn 0.0 0.0 -1.0
vn 0.0 -0.0 -1.0
vn 0.0 0.0 -1.0
vn 0.0 0.0 -1.0
vn 0.0 0.0 -1.0
vn 0.0 0.0 -1.0
vn 0.0 0.0 -1.0
vn 0.0 0.0 -1.0
vn 0.0 0.0 -1.0
vn 0.0 -0.0 -1.0
vn 0.0 0.0 -1.0
vn 0.0 0.0 -1.0
vn 0.0 0.0 -1.0
vn 0.0 0.0 -1.0
vn 0.0 0.0 -1.0
vn 0.0 0.0 -1.0
vn 0.0 0.0 -1.0
vn 0.0 0.0 -1.0
vn 0.0 0.0 -1.0
vn 0.0 0.0 -1.0
vn 0.0 0.0 -1.0
vn 0.0 0.0 -1.0
vn 0.0 0.0 -1.0
vn 0.0 0.0 -1.0
vn 0.0 0.0 -1.0
vn 0.0 0.0 -1.0
vn 0.0 0.0 -1.0
vn 0.0 0.0 -1.0
vn 0.0 -0.0 -1.0
vn 0.0 0.0 -1.0
vn 0.0 0.0 -1.0
vn 0.0 -0.0 -1.0
vn 0.0 0.0 -1.0
vn 0.0 -0.0 -1.0
vn 0.0 -0.0 -1.0
vn 0.0 0.0 -1.0
vn 0.0 -0.0 -1.0
vn 0.0 0.0 -1.0
vn 0.0 0.0 -1.0
vn 0.0 0.0 -1.0
vn 0.0 0.0 -1.0
vn 0.0 0.0 -1.0
vn 0.0 0.0 -1.0
vn 0.0 0.0 -1.0
vn 0.0 0.0 -1.0
vn 0.0 0.0 -1.0
vn 0.0 0.0 -1.0
vn 0.0 0.0 -1.0
vn 0.0 0.0 -1.0
vn 0.0 0.0 -1.0
vn 0.0 0.0 -1.0
vn 0.0 0.0 -1.0
vn 0.0 0.0 -1.0
vn 0.0 0.0 -1.0
vn 0.0 0.0 -1.0
vn 0.0 0.0 -1.0
vn 0.0 0.0 -1.0
vn 0.0 0.0 -1.0
vn 0.0 0.0 -1.0
vn 0.0 0.0 -1.0
vn 0.0 0.0 -1.0
vn 0.0 0.0 -1.0
vn 0.0 0.0 -1.0
vn 0.0 0.0 -1.0
vn 0.0 0.0 -1.0
vn 0.0 0.0 -1.0
vn 0.0 0.0 -1.0
vn 0.0 0.0 -1.0
vn 0.0 0.0 -1.0
vn 0.0 0.0 -1.0
vn 0.0 0.0 -1.0
vn 0.0 0.0 -1.0
vn 0.0 0.0 -1.0
vn 0.0 0.0 -1.0
vn 0.0 0.0 -1.0
vn 0.0 0.0 -1.0
vn 0.0 0.0 -1.0
vn 0.0 0.0 -1.0
vn 0.0 0.0 -1.0
vn 0.0 0.0 -1.0
vn 0.0 0.0 -1.0
vn 0.0 0.0 -1.0
vn 0.0 0.0 -1.0
vn 0.0 0.0 -1.0
vn 0.0 0.0 -1.0
vn 0.0 0.0 -1.0
vn 0.0 0.0 -1.0
vn 0.0 0.0 -1.0
vn 0.0 0.0 -1.0
vn 0.0 0.0 -1.0
vn 0.0 0.0 -1.0
vn 0.0 0.0 -1.0
vn 0.0 0.0 -1.0
vn 0.0 0.0 -1.0
vn 0.0 0.0 -1.0
vn 0.0 0.0 -1.0
vn 0.0 0.0 -1.0
vn 0.0 0.0 -1.0
vn 0.0 0.0 -1.0
vn 0.0 -0.0 -1.0
vn 0.0 0.0 -1.0
vn 0.0 -0.0 -1.0
vn 0.0 0.0 -1.0
vn 0.0 -0.0 -1.0
vn 0.0 0.0 -1.0
vn 0.0 0.0 -1.0
vn 0.0 0.0 -1.0
vn 0.0 0.0 -1.0
vn 0.0 0.0 -1.0
vn 0.0 0.0 -1.0
vn 0.0 0.0 -1.0
vn 0.0 0.0 -1.0
vn 0.0 -0.0 -1.0
vn 0.0 0.0 -1.0
vn 0.0 -0.0 -1.0
vn 0.0 -0.0 -1.0
vn 0.0 0.0 -1.0
vn 0.0 0.0 -1.0
vn 0.0 0.0 -1.0
vn 0.0 -0.0 -1.0
vn 0.0 0.0 -1.0
vn 0.0 0.0 -1.0
vn 0.0 0.0 -1.0
vn 0.0 -0.0 -1.0
vn 0.0 0.0 -1.0
vn 0.0 0.0 -1.0
vn 0.0 0.0 -1.0
vn 0.0 0.0 -1.0
vn 0.0 0.0 -1.0
vn 0.0 0.0 -1.0
vn 0.0 0.0 -1.0
vn 0.0 0.0 -1.0
vn 0.0 0.0 -1.0
vn 0.0 -0.0 -1.0
vn 0.0 0.0 -1.0
vn 0.0 0.0 -1.0
vn 0.0 0.0 -1.0
vn 0.0 0.0 -1.0
vn 0.0 -0.0 -1.0
vn 0.0 0.0 -1.0
vn 0.0 0.0 -1.0
vn 0.0 0.0 -1.0
vn 0.0 0.0 -1.0
vn 0.0 0.0 -1.0
vn 0.0 -0.0 -1.0
vn 0.0 -0.0 -1.0
vn 0.0 -0.0 -1.0
vn 0.0 -0.0 -1.0
vn 0.0 0.0 -1.0
vn 0.0 0.0 -1.0
vn 0.0 0.0 -1.0
vn 0.0 0.0 -1.0
vn 0.0 0.0 -1.0
vn 0.0 0.0 -1.0
vn 0.0 0.0 -1.0
vn 0.0 -0.0 -1.0
vn 0.0 0.0 -1.0
vn 0.0 0.0 -1.0
vn 0.0 0.0 -1.0
vn 0.0 0.0 -1.0
vn 0.0 0.0 -1.0
vn 0.0 0.0 -1.0
vn 0.0 0.0 -1.0
vn 0.0 0.0 -1.0
vn 0.0 0.0 -1.0
vn 0.0 -0.0 -1.0
vn 0.0 0.0 -1.0
vn 0.0 0.0 -1.0
vn 0.0 0.0 -1.0
vn 0.0 0.0 -1.0
vn 0.0 0.0 -1.0
vn 0.0 0.0 -1.0
vn 0.0 0.0 -1.0
vn 0.0 0.0 -1.0
vn 0.0 0.0 -1.0
vn 0.0 0.0 -1.0
vn 0.0 0.0 -1.0
vn 0.0 0.0 -1.0
vn 0.0 -0.0 -1.0
vn 0.0 0.0 -1.0
vn 0.0 0.0 -1.0
vn 0.0 0.0 -1.0
vn 0.0 0.0 -1.0
vn 0.0 0.0 -1.0
vn 0.0 0.0 -1.0
vn 0.0 0.0 -1.0
vn 0.0 0.0 -1.0
vn 0.0 -0.0 -1.0
vn 0.0 0.0 -1.0
vn 0.0 0.0 -1.0
vn 0.0 0.0 -1.0
vn 0.0 0.0 -1.0
vn 0.0 0.0 -1.0
vn 0.0 0.0 -1.0
vn 0.0 0.0 -1.0
vn 0.0 0.0 -1.0
vn 0.0 -0.0 -1.0
vn 0.0 0.0 -1.0
vn 0.0 0.0 -1.0
vn 0.0 0.0 -1.0
vn 0.0 0.0 -1.0
vn 0.0 0.0 -1.0
vn 0.0 0.0 -1.0
vn 0.0 0.0 -1.0
vn 0.0 0.0 -1.0
vn 0.0 0.0 -1.0
vn 0.0 0.0 -1.0
vn 0.0 0.0 -1.0
vn 0.0 0.0 -1.0
vn 0.0 0.0 -1.0
vn 0.0 0.0 -1.0
vn 0.0 0.0 -1.0
vn 0.0 0.0 -1.0
vn 0.0 0.0 -1.0
vn 0.0 0.0 -1.0
vn 0.0 0.0 -1.0
vn 0.0 0.0 -1.0
vn 0.0 0.0 -1.0
vn 0.0 0.0 -1.0
vn 0.0 0.0 -1.0
vn 0.0 0.0 -1.0
vn 0.0 0.0 -1.0
vn 0.0 0.0 -1.0
vn 0.0 0.0 -1.0
vn 0.0 0.0 -1.0
vn 0.0 -0.0 -1.0
vn 0.0 0.0 -1.0
vn 0.0 0.0 -1.0
vn 0.0 -0.0 -1.0
vn 0.0 0.0 -1.0
vn 0.0 0.0 -1.0
vn 0.0 -0.0 -1.0
vn 0.0 0.0 -1.0
vn 0.0 0.0 -1.0
vn 0.0 0.0 -1.0
vn 0.0 0.0 -1.0
vn 0.0 -0.0 -1.0
vn 0.0 0.0 -1.0
vn 0.0 0.0 -1.0
vn 0.0 0.0 -1.0
vn 0.0 0.0 -1.0
vn 0.0 0.0 -1.0
vn 0.0 0.0 -1.0
vn 0.0 0.0 -1.0
vn 0.0 0.0 -1.0
vn 0.0 0.0 -1.0
vn 0.0 0.0 -1.0
vn 0.0 0.0 -1.0
vn 0.0 0.0 -1.0
vn 0.0 0.0 -1.0
vn 0.0 0.0 -1.0
vn 0.0 0.0 -1.0
vn 0.0 0.0 -1.0
vn 0.0 0.0 -1.0
vn 0.0 0.0 -1.0
vn 0.0 0.0 -1.0
vn 0.0 0.0 -1.0
vn 0.0 0.0 -1.0
vn 0.0 0.0 -1.0
vn 0.0 0.0 -1.0
vn 0.0 0.0 -1.0
vn 0.0 0.0 -1.0
vn 0.0 0.0 -1.0
vn 0.0 0.0 -1.0
vn 0.0 0.0 -1.0
vn 0.0 0.0 -1.0
vn 0.0 0.0 -1.0
vn 0.0 0.0 -1.0
vn 0.0 0.0 -1.0
vn 0.0 0.0 -1.0
vn 0.0 0.0 -1.0
vn 0.0 0.0 -1.0
vn 0.0 0.0 -1.0
vn 0.0 0.0 -1.0
vn 0.0 0.0 -1.0
vn 0.0 0.0 -1.0
vn 0.0 0.0 -1.0
vn 0.0 0.0 -1.0
vn 0.0 0.0 -1.0
vn 0.0 0.0 -1.0
vn 0.0 0.0 -1.0
vn 0.0 0.0 -1.0
vn 0.0 0.0 -1.0
vn 0.0 0.0 -1.0
vn 0.0 0.0 -1.0
vn 0.0 -0.0 -1.0
vn 0.0 0.0 -1.0
vn 0.0 0.0 -1.0
vn 0.0 0.0 -1.0
vn 0.0 0.0 -1.0
vn 0.0 0.0 -1.0
vn 0.0 0.0 -1.0
vn 0.0 0.0 -1.0
vn 0.0 0.0 -1.0
vn 0.0 0.0 -1.0
vn 0.0 0.0 -1.0
vn 0.0 0.0 -1.0
vn 0.0 0.0 -1.0
vn 0.0 0.0 -1.0
vn 0.0 0.0 -1.0
vn 0.0 0.0 -1.0
vn 0.0 -0.0 -1.0
vn 0.0 0.0 -1.0
vn 0.0 0.0 -1.0
vn 0.0 0.0 -1.0
vn 0.0 0.0 -1.0
vn 0.0 0.0 -1.0
vn 0.0 0.0 -1.0
vn 0.0 0.0 -1.0
vn 0.0 0.0 -1.0
vn 0.0 0.0 -1.0
vn 0.0 0.0 -1.0
vn 0.0 0.0 -1.0
vn 0.0 0.0 -1.0
vn 0.0 0.0 -1.0
vn 0.0 0.0 -1.0
vn 0.0 -0.0 -1.0
vn 0.0 0.0 -1.0
vn 0.0 0.0 -1.0
vn 0.0 -0.0 -1.0
vn 0.0 0.0 -1.0
vn 0.0 0.0 -1.0
vn 0.0 0.0 -1.0
vn 0.0 0.0 -1.0
vn 0.0 -0.0 -1.0
vn 0.0 0.0 -1.0
vn 0.0 0.0 -1.0
vn 0.0 0.0 -1.0
vn 0.0 0.0 -1.0
vn 0.0 0.0 -1.0
vn 0.0 0.0 -1.0
vn 0.0 0.0 -1.0
vn 0.0 0.0 -1.0
vn 0.0 0.0 -1.0
vn 0.0 0.0 -1.0
vn 0.0 -0.0 -1.0
vn 0.0 0.0 -1.0
vn 0.0 0.0 -1.0
vn 0.0 0.0 -1.0
vn 0.0 0.0 -1.0
vn 0.0 0.0 -1.0
vn 0.0 0.0 -1.0
vn 0.0 0.0 -1.0
vn 0.0 0.0 -1.0
vn 0.0 -0.0 -1.0
vn 0.0 0.0 -1.0
vn 0.0 0.0 -1.0
vn 0.0 0.0 -1.0
vn 0.0 0.0 -1.0
vn 0.0 0.0 -1.0
vn 0.0 -0.0 -1.0
vn 0.0 0.0 -1.0
vn 0.0 0.0 -1.0
vn 0.0 0.0 -1.0
vn 0.0 0.0 -1.0
vn 0.0 0.0 -1.0
vn 0.0 0.0 -1.0
vn 0.0 0.0 -1.0
vn 0.0 0.0 -1.0
vn 0.0 0.0 -1.0
vn 0.0 0.0 -1.0
vn 0.0 0.0 -1.0
vn 0.0 0.0 -1.0
vn 0.0 0.0 -1.0
vn 0.0 0.0 -1.0
vn 0.0 0.0 -1.0
vn 0.0 0.0 -1.0
vn 0.0 0.0 -1.0
vn 0.0 0.0 -1.0
vn 0.0 0.0 -1.0
vn 0.0 0.0 -1.0
vn 0.0 0.0 -1.0
vn 0.0 0.0 -1.0
vn -0.998671 -0.05154 0.0
vn -0.998671 -0.05154 0.0
vn -0.995217 -0.097684 0.0
vn -0.995217 -0.097684 0.0
vn -0.989635 -0.143605 0.0
vn -0.989635 -0.143605 0.0
vn -0.981932 -0.189235 0.0
vn -0.981932 -0.189235 0.0
vn -0.97213 -0.234443 0.0
vn -0.97213 -0.234443 0.0
vn -0.960244 -0.279164 0.0
vn -0.960244 -0.279164 0.0
vn -0.946301 -0.323288 0.0
vn -0.946301 -0.323288 0.0
vn -0.930338 -0.366704 0.0
vn -0.930338 -0.366704 0.0
vn -0.912382 -0.40934 0.0
vn -0.912382 -0.40934 0.0
vn 0.296069 0.955167 -0.0
vn 0.296069 0.955167 0.0
vn 0.248096 0.968735 -0.0
vn 0.248096 0.968735 0.0
vn 0.199507 0.979896 -0.0
vn 0.199507 0.979896 0.0
vn 0.150334 0.988635 -0.0
vn 0.150334 0.988635 0.0
vn 0.100917 0.994895 -0.0
vn 0.100917 0.994895 0.0
vn 0.051077 0.998695 -0.0
vn 0.051077 0.998695 0.0
vn 0.001223 0.999999 0.0
vn 0.001223 0.999999 -0.0
vn -0.048718 0.998813 0.0
vn -0.048718 0.998813 0.0
vn -0.098454 0.995142 0.0
vn -0.098454 0.995142 0.0
vn -0.147942 0.988996 0.0
vn -0.147942 0.988996 0.0
vn -0.197096 0.980384 0.0
vn -0.197096 0.980384 0.0
vn -0.245797 0.969321 0.0
vn -0.245797 0.969321 0.0
vn -0.293792 0.955869 0.0
vn -0.293792 0.955869 0.0
vn -0.341227 0.939981 0.0
vn -0.341227 0.939981 0.0
vn -0.387624 0.921818 0.0
vn -0.387624 0.921818 0.0
vn -0.433052 0.901369 0.0
vn -0.433052 0.901369 0.0
vn -0.47753 0.878615 0.0
vn -0.47753 0.878615 0.0
vn -0.520732 0.85372 0.0
vn -0.520732 0.85372 0.0
vn -0.562767 0.826615 0.0
vn -0.562767 0.826615 0.0
vn -0.603257 0.797547 0.0
vn -0.603257 0.797547 0.0
vn -0.642247 0.766497 0.0
vn -0.642247 0.766497 0.0
vn -0.679739 0.733454 0.0
vn -0.679739 0.733454 0.0
vn -0.715364 0.698752 0.0
vn -0.715364 0.698752 0.0
vn -0.749386 0.662134 0.0
vn -0.749386 0.662134 0.0
vn -0.781545 0.623849 0.0
vn -0.781545 0.623849 0.0
vn -0.8116 0.584213 0.0
vn -0.8116 0.584213 0.0
vn -0.839901 0.54274 0.0
vn -0.839901 0.54274 0.0
vn -0.865849 0.500305 0.0
vn -0.865849 0.500305 0.0
vn -0.889669 0.456606 0.0
vn -0.889669 0.456606 0.0
vn -0.911289 0.411767 0.0
vn -0.911289 0.411767 0.0
vn -0.930875 0.365337 0.0
vn -0.930875 0.365337 0.0
vn -0.947813 0.318826 0.0
vn -0.947813 0.318826 0.0
vn -0.96254 0.271138 0.0
vn -0.96254 0.271138 0.0
vn -0.974904 0.222626 0.0
vn -0.974904 0.222626 0.0
vn -0.984802 0.173681 0.0
vn -0.984802 0.173681 0.0
vn -0.992237 0.124361 0.0
vn -0.992237 0.124361 0.0
vn -0.997182 0.075021 0.0
vn -0.997182 0.075021 0.0
vn -0.999691 0.02487 0.0
vn -0.999691 0.02487 0.0
vn -0.999691 -0.02487 0.0
vn -0.999691 -0.02487 0.0
vn -0.997182 -0.075021 0.0
vn -0.997182 -0.075021 0.0
vn -0.992237 -0.124361 0.0
vn -0.992237 -0.124361 0.0
vn -0.984802 -0.173681 -0.0
vn -0.974904 -0.222626 -0.0
vn -0.984802 -0.173681 0.0
vn -0.96254 -0.271138 -0.0
vn -0.974904 -0.222626 0.0
vn -0.947813 -0.318826 -0.0
vn -0.96254 -0.271138 0.0
vn -0.930875 -0.365337 -0.0
vn -0.947813 -0.318826 0.0
vn -0.911289 -0.411767 -0.0
vn -0.930875 -0.365337 0.0
vn -0.889669 -0.456606 -0.0
vn -0.911289 -0.411767 0.0
vn -0.865849 -0.500305 -0.0
vn -0.889669 -0.456606 0.0
vn -0.839901 -0.54274 -0.0
vn -0.865849 -0.500305 0.0
vn -0.8116 -0.584213 -0.0
vn -0.839901 -0.54274 0.0
vn -0.781545 -0.623849 -0.0
vn -0.8116 -0.584213 0.0
vn -0.749386 -0.662134 -0.0
vn -0.781545 -0.623849 0.0
vn -0.715364 -0.698752 -0.0
vn -0.749386 -0.662134 0.0
vn -0.679739 -0.733454 -0.0
vn -0.715364 -0.698752 0.0
vn -0.642247 -0.766497 -0.0
vn -0.679739 -0.733454 0.0
vn -0.603257 -0.797547 -0.0
vn -0.642247 -0.766497 0.0
vn -0.562767 -0.826615 -0.0
vn -0.603257 -0.797547 0.0
vn -0.520732 -0.85372 -0.0
vn -0.562767 -0.826615 0.0
vn -0.47753 -0.878615 -0.0
vn -0.520732 -0.85372 0.0
vn -0.433052 -0.901369 -0.0
vn -0.47753 -0.878615 0.0
vn -0.387624 -0.921818 -0.0
vn -0.433052 -0.901369 0.0
vn -0.387624 -0.921818 0.0
vn -0.341227 -0.939981 -0.0
vn -0.341227 -0.939981 0.0
vn -0.293792 -0.955869 -0.0
vn -0.293792 -0.955869 0.0
vn -0.245797 -0.969321 -0.0
vn -0.245797 -0.969321 0.0
vn -0.197096 -0.980384 -0.0
vn -0.197096 -0.980384 0.0
vn -0.147942 -0.988996 -0.0
vn -0.147942 -0.988996 0.0
vn -0.098454 -0.995142 -0.0
vn -0.098454 -0.995142 0.0
vn -0.048718 -0.998813 -0.0
vn -0.048718 -0.998813 0.0
vn 0.001223 -0.999999 0.0
vn 0.001223 -0.999999 0.0
vn 0.051077 -0.998695 0.0
vn 0.051077 -0.998695 0.0
vn 0.100917 -0.994895 0.0
vn 0.100917 -0.994895 0.0
vn 0.150334 -0.988635 0.0
vn 0.199507 -0.979896 0.0
vn 0.150334 -0.988635 0.0
vn 0.199507 -0.979896 0.0
vn 0.248096 -0.968735 0.0
vn 0.296069 -0.955167 0.0
vn 0.248096 -0.968735 0.0
vn 0.296069 -0.955167 0.0
vn -0.906202 0.422845 0.0
vn -0.925449 0.378872 0.0
vn -0.906202 0.422845 0.0
vn -0.942569 0.334012 0.0
vn -0.925449 0.378872 0.0
vn -0.957516 0.288379 0.0
vn -0.942569 0.334012 0.0
vn -0.970256 0.242082 0.0
vn -0.957516 0.288379 0.0
vn -0.980756 0.195239 0.0
vn -0.970256 0.242082 0.0
vn -0.988998 0.147926 0.0
vn -0.980756 0.195239 0.0
vn -0.994958 0.100295 0.0
vn -0.988998 0.147926 0.0
vn -0.998626 0.052411 0.0
vn -0.994958 0.100295 0.0
vn -0.998626 0.052411 0.0
vn 0.504918 0.863167 0.0
vn 0.504918 0.863167 0.0
vn 0.46145 0.887166 0.0
vn 0.46145 0.887166 0.0
vn 0.417136 0.908844 0.0
vn 0.417136 0.908844 0.0
vn 0.371665 0.928367 0.0
vn 0.371665 0.928367 0.0
vn 0.325195 0.945647 0.0
vn 0.325195 0.945647 0.0
vn 0.277948 0.960596 0.0
vn 0.277948 0.960596 0.0
vn 0.230047 0.97318 0.0
vn 0.230047 0.97318 0.0
vn 0.181683 0.983357 0.0
vn 0.181683 0.983357 0.0
vn 0.132675 0.99116 0.0
vn 0.083522 0.996506 0.0
vn 0.132675 0.99116 0.0
vn 0.034043 0.99942 0.0
vn 0.083522 0.996506 0.0
vn -0.015456 0.999881 0.0
vn 0.034043 0.99942 0.0
vn -0.064961 0.997888 0.0
vn -0.015456 0.999881 0.0
vn -0.114269 0.99345 0.0
vn -0.064961 0.997888 0.0
vn -0.163283 0.986579 0.0
vn -0.114269 0.99345 0.0
vn -0.21192 0.977287 0.0
vn -0.163283 0.986579 0.0
vn -0.21192 0.977287 0.0
vn -0.260091 0.965584 0.0
vn -0.260091 0.965584 0.0
vn -0.307571 0.951525 0.0
vn -0.307571 0.951525 0.0
vn -0.354273 0.935142 0.0
vn -0.354273 0.935142 0.0
vn -0.400108 0.916468 0.0
vn -0.400108 0.916468 0.0
vn -0.445116 0.895473 0.0
vn -0.445116 0.895473 0.0
vn -0.4887 0.872452 0.0
vn -0.4887 0.872452 0.0
vn -0.531365 0.847143 0.0
vn -0.531365 0.847143 0.0
vn -0.572738 0.819738 0.0
vn -0.572738 0.819738 0.0
vn -0.612546 0.790435 0.0
vn -0.612546 0.790435 0.0
vn -0.65088 0.75918 0.0
vn -0.65088 0.75918 0.0
vn -0.687718 0.725978 0.0
vn -0.687718 0.725978 0.0
vn -0.722822 0.691034 0.0
vn -0.722822 0.691034 0.0
vn -0.756094 0.654463 0.0
vn -0.756094 0.654463 0.0
vn -0.787756 0.615987 0.0
vn -0.787756 0.615987 0.0
vn -0.817161 0.576409 0.0
vn -0.817161 0.576409 0.0
vn -0.844643 0.535329 0.0
vn -0.844643 0.535329 0.0
vn -0.870057 0.49295 0.0
vn -0.89349 0.449082 0.0
vn -0.870057 0.49295 0.0
vn -0.91464 0.40427 0.0
vn -0.89349 0.449082 0.0
vn -0.933469 0.358659 0.0
vn -0.91464 0.40427 0.0
vn -0.950132 0.311849 0.0
vn -0.933469 0.358659 0.0
vn -0.964366 0.264573 0.0
vn -0.950132 0.311849 0.0
vn -0.976279 0.216517 0.0
vn -0.964366 0.264573 0.0
vn -0.98585 0.167629 0.0
vn -0.976279 0.216517 0.0
vn -0.992926 0.118736 0.0
vn -0.98585 0.167629 0.0
vn -0.992926 0.118736 0.0
vn -0.997558 0.069842 0.0
vn -0.997558 0.069842 0.0
vn -0.999806 0.019721 0.0
vn -0.999574 -0.029171 -0.0
vn -0.999806 0.019721 0.0
vn -0.996884 -0.07888 -0.0
vn -0.999574 -0.029171 0.0
vn -0.996884 -0.07888 0.0
vn -0.99175 -0.128186 -0.0
vn -0.984197 -0.177077 -0.0
vn -0.99175 -0.128186 0.0
vn -0.97423 -0.225557 -0.0
vn -0.984197 -0.177077 0.0
vn -0.961841 -0.273609 -0.0
vn -0.97423 -0.225557 0.0
vn -0.947121 -0.320877 -0.0
vn -0.961841 -0.273609 0.0
vn -0.930104 -0.367296 -0.0
vn -0.947121 -0.320877 0.0
vn -0.910771 -0.412913 -0.0
vn -0.930104 -0.367296 0.0
vn -0.889139 -0.457638 -0.0
vn -0.910771 -0.412913 0.0
vn -0.865525 -0.500866 -0.0
vn -0.889139 -0.457638 0.0
vn -0.839635 -0.543151 -0.0
vn -0.865525 -0.500866 0.0
vn -0.811622 -0.584183 -0.0
vn -0.839635 -0.543151 0.0
vn -0.78173 -0.623617 -0.0
vn -0.811622 -0.584183 0.0
vn -0.749965 -0.661477 -0.0
vn -0.78173 -0.623617 0.0
vn -0.716368 -0.697723 -0.0
vn -0.749965 -0.661477 0.0
vn -0.680806 -0.732464 -0.0
vn -0.716368 -0.697723 0.0
vn -0.643663 -0.765309 -0.0
vn -0.680806 -0.732464 0.0
vn -0.60528 -0.796013 -0.0
vn -0.643663 -0.765309 0.0
vn -0.564802 -0.825227 -0.0
vn -0.60528 -0.796013 0.0
vn -0.52341 -0.852081 -0.0
vn -0.564802 -0.825227 0.0
vn -0.480672 -0.8769 -0.0
vn -0.52341 -0.852081 0.0
vn -0.436542 -0.899684 -0.0
vn -0.480672 -0.8769 0.0
vn -0.436542 -0.899684 0.0
vn -0.548818 0.835941 0.0
vn -0.548818 0.835941 0.0
vn -0.589434 0.807817 0.0
vn -0.589434 0.807817 0.0
vn -0.62861 0.777721 0.0
vn -0.666248 0.74573 0.0
vn -0.62861 0.777721 0.0
vn -0.702266 0.711915 0.0
vn -0.666248 0.74573 0.0
vn -0.736567 0.676365 0.0
vn -0.702266 0.711915 0.0
vn -0.769071 0.639163 0.0
vn -0.736567 0.676365 0.0
vn -0.799697 0.600404 0.0
vn -0.769071 0.639163 0.0
vn -0.828374 0.560176 0.0
vn -0.799697 0.600404 0.0
vn -0.855027 0.518583 0.0
vn -0.828374 0.560176 0.0
vn -0.855027 0.518583 0.0
vn 0.924377 0.381479 -0.0
vn 0.924377 0.381479 0.0
vn 0.904301 0.426896 -0.0
vn 0.904301 0.426896 0.0
vn 0.882154 0.470962 -0.0
vn 0.882154 0.470962 0.0
vn 0.857808 0.51397 -0.0
vn 0.857808 0.51397 0.0
vn 0.831353 0.555744 -0.0
vn 0.831353 0.555744 0.0
vn 0.802815 0.596228 -0.0
vn 0.802815 0.596228 0.0
vn 0.772398 0.635139 -0.0
vn 0.772398 0.635139 0.0
vn 0.740031 0.672573 -0.0
vn 0.740031 0.672573 0.0
vn 0.705974 0.708238 0.0
vn 0.705974 0.708238 -0.0
vn 0.670035 0.742329 0.0
vn 0.670035 0.742329 -0.0
vn 0.632473 0.774583 0.0
vn 0.632473 0.774583 -0.0
vn 0.59356 0.804789 0.0
vn 0.59356 0.804789 -0.0
vn 0.552936 0.833224 0.0
vn 0.552936 0.833224 -0.0
vn 0.511081 0.859533 -0.0
vn 0.511081 0.859533 0.0
vn 0.468017 0.88372 -0.0
vn 0.468017 0.88372 0.0
vn 0.423791 0.90576 -0.0
vn 0.423791 0.90576 0.0
vn 0.378457 0.925619 -0.0
vn 0.378457 0.925619 0.0
vn 0.33227 0.943184 -0.0
vn 0.33227 0.943184 0.0
vn 0.285186 0.958472 -0.0
vn 0.285186 0.958472 0.0
vn 0.237522 0.971382 -0.0
vn 0.237522 0.971382 0.0
vn 0.189231 0.981933 -0.0
vn 0.189231 0.981933 0.0
vn 0.140399 0.990095 -0.0
vn 0.140399 0.990095 0.0
vn 0.091326 0.995821 -0.0
vn 0.091326 0.995821 0.0
vn 0.041999 0.999118 -0.0
vn 0.041999 0.999118 0.0
vn -0.007433 0.999972 0.0
vn -0.007433 0.999972 0.0
vn -0.056843 0.998383 0.0
vn -0.056843 0.998383 0.0
vn -0.106137 0.994351 0.0
vn -0.106137 0.994351 0.0
vn -0.155117 0.987896 0.0
vn -0.155117 0.987896 0.0
vn -0.203806 0.979011 0.0
vn -0.203806 0.979011 0.0
vn -0.251891 0.967756 0.0
vn -0.251891 0.967756 0.0
vn -0.299481 0.954102 0.0
vn -0.299481 0.954102 0.0
vn -0.346226 0.938151 0.0
vn -0.346226 0.938151 0.0
vn -0.392252 0.919858 0.0
vn -0.392252 0.919858 0.0
vn -0.437126 0.8994 0.0
vn -0.437126 0.8994 0.0
vn -0.481081 0.876676 0.0
vn -0.481081 0.876676 0.0
vn -0.523845 0.851814 0.0
vn -0.523845 0.851814 0.0
vn -0.565314 0.824875 0.0
vn -0.565314 0.824875 0.0
vn -0.605435 0.795895 0.0
vn -0.605435 0.795895 0.0
vn -0.64392 0.765093 0.0
vn -0.64392 0.765093 0.0
vn -0.681013 0.732271 0.0
vn -0.681013 0.732271 0.0
vn -0.716394 0.697696 0.0
vn -0.716394 0.697696 0.0
vn -0.749969 0.661473 0.0
vn -0.749969 0.661473 0.0
vn -0.781741 0.623603 0.0
vn -0.781741 0.623603 0.0
vn -0.811653 0.584139 0.0
vn -0.811653 0.584139 0.0
vn -0.839491 0.543373 0.0
vn -0.839491 0.543373 0.0
vn -0.865329 0.501205 0.0
vn -0.865329 0.501205 0.0
vn -0.889061 0.457788 0.0
vn -0.889061 0.457788 0.0
vn -0.910576 0.413342 0.0
vn -0.910576 0.413342 0.0
vn -0.929949 0.367689 0.0
vn -0.929949 0.367689 0.0
vn -0.946951 0.321377 0.0
vn -0.946951 0.321377 0.0
vn -0.961658 0.274252 0.0
vn -0.961658 0.274252 0.0
vn -0.974052 0.226326 0.0
vn -0.974052 0.226326 0.0
vn -0.984037 0.177967 0.0
vn -0.984037 0.177967 0.0
vn -0.991644 0.129006 0.0
vn -0.991644 0.129006 0.0
vn -0.996809 0.079829 0.0
vn -0.996809 0.079829 0.0
vn -0.999536 0.030451 0.0
vn -0.999536 0.030451 0.0
vn -0.999821 -0.018929 0.0
vn -0.999821 -0.018929 0.0
vn -0.997664 -0.06831 0.0
vn -0.997664 -0.06831 0.0
vn -0.993075 -0.117483 0.0
vn -0.993075 -0.117483 0.0
vn -0.98605 -0.166451 0.0
vn -0.98605 -0.166451 0.0
vn -0.976569 -0.215204 0.0
vn -0.976569 -0.215204 0.0
vn -0.96481 -0.262948 0.0
vn -0.96481 -0.262948 0.0
vn -0.950584 -0.310466 0.0
vn -0.950584 -0.310466 0.0
vn -0.934112 -0.356979 0.0
vn -0.934112 -0.356979 0.0
vn -0.915349 -0.402661 0.0
vn -0.915349 -0.402661 0.0
vn -0.894283 -0.447502 0.0
vn -0.894283 -0.447502 0.0
vn -0.87109 -0.491123 0.0
vn -0.87109 -0.491123 0.0
vn -0.845684 -0.533683 0.0
vn -0.845684 -0.533683 0.0
vn -0.818377 -0.574682 0.0
vn -0.818377 -0.574682 0.0
vn -0.788883 -0.614544 0.0
vn -0.788883 -0.614544 0.0
vn -0.053327 0.998577 0.0
vn -0.053327 0.998577 0.0
vn -0.099885 0.994999 0.0
vn -0.099885 0.994999 0.0
vn -0.146226 0.989251 0.0
vn -0.146226 0.989251 0.0
vn -0.192248 0.981346 0.0
vn -0.192248 0.981346 0.0
vn -0.237851 0.971302 0.0
vn -0.237851 0.971302 0.0
vn -0.282935 0.959139 0.0
vn -0.282935 0.959139 0.0
vn -0.327404 0.944884 0.0
vn -0.327404 0.944884 0.0
vn -0.371155 0.928571 0.0
vn -0.371155 0.928571 0.0
vn -0.414101 0.910231 0.0
vn -0.414101 0.910231 0.0
vn -0.456143 0.889907 0.0
vn -0.456143 0.889907 0.0
vn 0.999209 0.039754 -0.0
vn 0.999209 0.039754 0.0
vn 0.996033 0.088985 -0.0
vn 0.996033 0.088985 0.0
vn 0.990431 0.138007 -0.0
vn 0.990431 0.138007 0.0
vn 0.982431 0.186625 -0.0
vn 0.982431 0.186625 0.0
vn 0.971941 0.235223 -0.0
vn 0.971941 0.235223 0.0
vn 0.959231 0.282622 -0.0
vn 0.959231 0.282622 0.0
vn 0.94406 0.329775 -0.0
vn 0.94406 0.329775 0.0
vn 0.926651 0.375923 -0.0
vn 0.926651 0.375923 0.0
vn 0.90695 0.421238 -0.0
vn 0.90695 0.421238 0.0
vn 0.885041 0.465513 0.0
vn 0.885041 0.465513 -0.0
vn 0.86101 0.508588 0.0
vn 0.86101 0.508588 -0.0
vn 0.834789 0.55057 0.0
vn 0.834789 0.55057 -0.0
vn 0.806566 0.591144 0.0
vn 0.806566 0.591144 -0.0
vn 0.776499 0.630118 0.0
vn 0.776499 0.630118 -0.0
vn 0.744367 0.66777 0.0
vn 0.744367 0.66777 -0.0
vn 0.710536 0.703661 0.0
vn 0.710536 0.703661 -0.0
vn 0.674955 0.737859 0.0
vn 0.674955 0.737859 -0.0
vn 0.637638 0.770336 -0.0
vn 0.637638 0.770336 0.0
vn 0.598846 0.800864 -0.0
vn 0.598846 0.800864 0.0
vn 0.558574 0.829455 -0.0
vn 0.558574 0.829455 0.0
vn 0.517031 0.855967 -0.0
vn 0.517031 0.855967 0.0
vn 0.474032 0.880507 -0.0
vn 0.474032 0.880507 0.0
vn 0.430015 0.902822 -0.0
vn 0.430015 0.902822 0.0
vn 0.384886 0.922964 -0.0
vn 0.384886 0.922964 0.0
vn 0.338926 0.940813 -0.0
vn 0.338926 0.940813 0.0
vn 0.292041 0.956406 -0.0
vn 0.292041 0.956406 0.0
vn 0.244425 0.969668 -0.0
vn 0.244425 0.969668 0.0
vn 0.196289 0.980546 -0.0
vn 0.196289 0.980546 0.0
vn 0.147625 0.989043 -0.0
vn 0.147625 0.989043 0.0
vn 0.098617 0.995125 -0.0
vn 0.098617 0.995125 0.0
vn 0.049357 0.998781 -0.0
vn 0.049357 0.998781 0.0
vn 0.0 1.0 -0.0
vn 0.0 1.0 0.0
vn -0.049357 0.998781 0.0
vn -0.049357 0.998781 0.0
vn -0.098617 0.995125 0.0
vn -0.098617 0.995125 0.0
vn -0.147625 0.989043 0.0
vn -0.147625 0.989043 0.0
vn -0.196289 0.980546 0.0
vn -0.244425 0.969668 0.0
vn -0.196289 0.980546 0.0
vn -0.292041 0.956406 0.0
vn -0.244425 0.969668 0.0
vn -0.338926 0.940813 0.0
vn -0.292041 0.956406 0.0
vn -0.384886 0.922964 0.0
vn -0.338926 0.940813 0.0
vn -0.430015 0.902822 0.0
vn -0.384886 0.922964 0.0
vn -0.474032 0.880507 0.0
vn -0.430015 0.902822 0.0
vn -0.517031 0.855967 0.0
vn -0.474032 0.880507 0.0
vn -0.517031 0.855967 0.0
vn -0.558574 0.829455 0.0
vn -0.558574 0.829455 0.0
vn -0.598846 0.800864 0.0
vn -0.598846 0.800864 0.0
vn -0.637638 0.770336 0.0
vn -0.674955 0.737859 0.0
vn -0.637638 0.770336 0.0
vn -0.710536 0.703661 0.0
vn -0.674955 0.737859 0.0
vn -0.744367 0.66777 0.0
vn -0.710536 0.703661 0.0
vn -0.776499 0.630118 0.0
vn -0.744367 0.66777 0.0
vn -0.806566 0.591144 0.0
vn -0.776499 0.630118 0.0
vn -0.834789 0.55057 0.0
vn -0.806566 0.591144 0.0
vn -0.86101 0.508588 0.0
vn -0.834789 0.55057 0.0
vn -0.885041 0.465513 0.0
vn -0.86101 0.508588 0.0
vn -0.90695 0.421238 0.0
vn -0.885041 0.465513 0.0
vn -0.926651 0.375923 0.0
vn -0.90695 0.421238 0.0
vn -0.94406 0.329775 0.0
vn -0.926651 0.375923 0.0
vn -0.959231 0.282622 0.0
vn -0.94406 0.329775 0.0
vn -0.971941 0.235223 0.0
vn -0.959231 0.282622 0.0
vn -0.982431 0.186625 0.0
vn -0.971941 0.235223 0.0
vn -0.990431 0.138007 0.0
vn -0.982431 0.186625 0.0
vn -0.996033 0.088985 0.0
vn -0.990431 0.138007 0.0
vn -0.999209 0.039754 0.0
vn -0.996033 0.088985 0.0
vn -0.999209 0.039754 0.0
vn 0.451794 0.892122 -0.0
vn 0.410122 0.912031 -0.0
vn 0.451794 0.892122 -0.0
vn 0.367574 0.929994 -0.0
vn 0.410122 0.912031 -0.0
vn 0.324245 0.945973 -0.0
vn 0.367574 0.929994 -0.0
vn 0.280224 0.959935 -0.0
vn 0.324245 0.945973 -0.0
vn 0.235604 0.971849 -0.0
vn 0.280224 0.959935 -0.0
vn 0.190483 0.981691 -0.0
vn 0.235604 0.971849 -0.0
vn 0.144956 0.989438 -0.0
vn 0.190483 0.981691 -0.0
vn 0.099117 0.995076 -0.0
vn 0.144956 0.989438 -0.0
vn 0.05307 0.998591 -0.0
vn 0.099117 0.995076 -0.0
vn 0.05307 0.998591 -0.0
vn 0.93339 -0.358862 0.0
vn 0.93339 -0.358862 0.0
vn 0.949779 -0.312922 0.0
vn 0.949779 -0.312922 0.0
vn 0.963928 -0.266162 0.0
vn 0.963928 -0.266162 0.0
vn 0.975818 -0.218586 0.0
vn 0.975818 -0.218586 0.0
vn 0.985378 -0.170385 0.0
vn 0.985378 -0.170385 0.0
vn 0.992509 -0.122174 0.0
vn 0.992509 -0.122174 0.0
vn 0.997306 -0.073347 0.0
vn 0.997306 -0.073347 0.0
vn 0.999699 -0.024518 0.0
vn 0.999689 0.024923 0.0
vn 0.999699 -0.024518 0.0
vn 0.997216 0.074564 0.0
vn 0.999689 0.024923 0.0
vn 0.992257 0.124204 0.0
vn 0.997216 0.074564 0.0
vn 0.984845 0.173436 0.0
vn 0.992257 0.124204 0.0
vn 0.974988 0.222259 0.0
vn 0.984845 0.173436 0.0
vn 0.962727 0.270476 0.0
vn 0.974988 0.222259 0.0
vn 0.948066 0.318073 0.0
vn 0.962727 0.270476 0.0
vn 0.931064 0.364857 0.0
vn 0.948066 0.318073 0.0
vn 0.911723 0.410805 0.0
vn 0.931064 0.364857 0.0
vn 0.890112 0.455742 0.0
vn 0.911723 0.410805 0.0
vn 0.866427 0.499304 0.0
vn 0.890112 0.455742 0.0
vn 0.840415 0.541943 0.0
vn 0.866427 0.499304 0.0
vn 0.840415 0.541943 0.0
vn 0.812439 0.583046 0.0
vn 0.812439 0.583046 0.0
vn 0.782351 0.622837 0.0
vn 0.782351 0.622837 0.0
vn 0.750456 0.66092 0.0
vn 0.750456 0.66092 0.0
vn 0.716516 0.69757 0.0
vn 0.716516 0.69757 0.0
vn 0.680952 0.732328 0.0
vn 0.680952 0.732328 0.0
vn 0.643684 0.765291 0.0
vn 0.604827 0.796357 0.0
vn 0.643684 0.765291 0.0
vn 0.564368 0.825523 0.0
vn 0.604827 0.796357 0.0
vn 0.522542 0.852613 0.0
vn 0.564368 0.825523 0.0
vn 0.479459 0.877565 0.0
vn 0.522542 0.852613 0.0
vn 0.435243 0.900313 0.0
vn 0.479459 0.877565 0.0
vn 0.389838 0.920883 0.0
vn 0.435243 0.900313 0.0
vn 0.343545 0.939136 0.0
vn 0.389838 0.920883 0.0
vn 0.296355 0.955078 0.0
vn 0.343545 0.939136 0.0
vn 0.248419 0.968653 0.0
vn 0.296355 0.955078 0.0
vn 0.19993 0.97981 0.0
vn 0.248419 0.968653 0.0
vn 0.150892 0.98855 0.0
vn 0.19993 0.97981 0.0
vn 0.101476 0.994838 0.0
vn 0.150892 0.98855 0.0
vn 0.051832 0.998656 0.0
vn 0.101476 0.994838 0.0
vn 0.002068 0.999998 0.0
vn 0.051832 0.998656 0.0
vn -0.047722 0.998861 0.0
vn 0.002068 0.999998 0.0
vn -0.09741 0.995244 0.0
vn -0.047722 0.998861 0.0
vn -0.146777 0.98917 0.0
vn -0.09741 0.995244 0.0
vn -0.195871 0.98063 0.0
vn -0.146777 0.98917 0.0
vn -0.244482 0.969654 0.0
vn -0.195871 0.98063 0.0
vn -0.244482 0.969654 0.0
vn -0.292361 0.956308 0.0
vn -0.292361 0.956308 0.0
vn -0.339657 0.940549 0.0
vn -0.339657 0.940549 0.0
vn -0.386095 0.922459 0.0
vn -0.386095 0.922459 0.0
vn -0.431497 0.902114 0.0
vn -0.431497 0.902114 0.0
vn -0.475822 0.879541 0.0
vn -0.475822 0.879541 0.0
vn -0.519066 0.854734 0.0
vn -0.519066 0.854734 0.0
vn -0.561002 0.827815 0.0
vn -0.561002 0.827815 0.0
vn -0.601437 0.79892 0.0
vn -0.601437 0.79892 0.0
vn -0.640531 0.767932 0.0
vn -0.640531 0.767932 0.0
vn -0.677891 0.735163 0.0
vn -0.677891 0.735163 0.0
vn -0.713677 0.700475 0.0
vn -0.713677 0.700475 0.0
vn -0.747747 0.663983 0.0
vn -0.747747 0.663983 0.0
vn -0.779752 0.626089 0.0
vn -0.779752 0.626089 0.0
vn 0.8549 0.518792 0.0
vn 0.8549 0.518792 -0.0
vn 0.827962 0.560784 -0.0
vn 0.827962 0.560784 0.0
vn 0.798967 0.601375 -0.0
vn 0.798967 0.601375 0.0
vn 0.767976 0.640478 -0.0
vn 0.767976 0.640478 0.0
vn 0.735081 0.67798 -0.0
vn 0.735081 0.67798 0.0
vn 0.700351 0.713799 -0.0
vn 0.700351 0.713799 0.0
vn 0.663882 0.747837 -0.0
vn 0.663882 0.747837 0.0
vn 0.62576 0.780015 -0.0
vn 0.62576 0.780015 0.0
vn 0.586078 0.810255 -0.0
vn 0.586078 0.810255 0.0
vn 0.54494 0.838475 -0.0
vn 0.54494 0.838475 0.0
vn 0.436708 -0.899603 0.0
vn 0.436708 -0.899603 0.0
vn 0.48085 -0.876803 0.0
vn 0.48085 -0.876803 0.0
vn 0.523806 -0.851837 0.0
vn 0.523806 -0.851837 0.0
vn 0.565547 -0.824716 0.0
vn 0.565547 -0.824716 0.0
vn 0.605843 -0.795584 0.0
vn 0.605843 -0.795584 0.0
vn 0.644621 -0.764503 0.0
vn 0.644621 -0.764503 0.0
vn 0.681788 -0.73155 0.0
vn 0.681788 -0.73155 0.0
vn 0.717414 -0.696647 0.0
vn 0.717414 -0.696647 0.0
vn 0.751111 -0.660176 0.0
vn 0.751111 -0.660176 0.0
vn 0.78294 -0.622097 0.0
vn 0.78294 -0.622097 0.0
vn 0.8129 -0.582403 0.0
vn 0.8129 -0.582403 0.0
vn 0.840927 -0.541148 0.0
vn 0.840927 -0.541148 0.0
vn 0.866741 -0.498758 0.0
vn 0.866741 -0.498758 0.0
vn 0.890496 -0.454991 0.0
vn 0.890496 -0.454991 0.0
vn 0.911921 -0.410367 0.0
vn 0.911921 -0.410367 0.0
vn 0.931258 -0.364361 0.0
vn 0.931258 -0.364361 0.0
vn 0.948253 -0.317516 0.0
vn 0.948253 -0.317516 0.0
vn 0.962791 -0.270246 0.0
vn 0.962791 -0.270246 0.0
vn 0.975055 -0.221964 0.0
vn 0.975055 -0.221964 0.0
vn 0.984908 -0.173076 0.0
vn 0.984908 -0.173076 0.0
vn 0.992286 -0.123972 0.0
vn 0.992286 -0.123972 0.0
vn 0.997223 -0.074467 0.0
vn 0.997223 -0.074467 0.0
vn 0.999688 -0.024959 0.0
vn 0.999688 -0.024959 0.0
vn 0.999695 0.024705 0.0
vn 0.999695 0.024705 -0.0
vn 0.99725 0.074114 0.0
vn 0.99725 0.074114 -0.0
vn 0.992392 0.123116 0.0
vn 0.992392 0.123116 -0.0
vn 0.985077 0.172114 0.0
vn 0.985077 0.172114 -0.0
vn 0.975386 0.220504 0.0
vn 0.975386 0.220504 -0.0
vn 0.96329 0.268461 0.0
vn 0.96329 0.268461 -0.0
vn 0.948827 0.315795 0.0
vn 0.948827 0.315795 -0.0
vn 0.932116 0.362161 0.0
vn 0.932116 0.362161 -0.0
vn 0.913063 0.407819 0.0
vn 0.913063 0.407819 -0.0
vn 0.891849 0.452333 0.0
vn 0.891849 0.452333 -0.0
vn 0.868357 0.495939 0.0
vn 0.868357 0.495939 -0.0
vn 0.842832 0.538177 0.0
vn 0.842832 0.538177 -0.0
vn 0.81523 0.579138 0.0
vn 0.81523 0.579138 -0.0
vn 0.785627 0.618701 0.0
vn 0.785627 0.618701 -0.0
vn 0.754118 0.656739 0.0
vn 0.754118 0.656739 -0.0
vn 0.720638 0.693311 0.0
vn 0.720638 0.693311 -0.0
vn 0.685686 0.727898 0.0
vn 0.685686 0.727898 -0.0
vn 0.648729 0.761019 -0.0
vn 0.648729 0.761019 0.0
vn 0.610457 0.79205 -0.0
vn 0.610457 0.79205 0.0
vn 0.570585 0.821239 -0.0
vn 0.570585 0.821239 0.0
vn 0.529314 0.848426 -0.0
vn 0.529314 0.848426 0.0
vn 0.486748 0.873542 -0.0
vn 0.486748 0.873542 0.0
vn 0.442968 0.896538 -0.0
vn 0.442968 0.896538 0.0
vn 0.398214 0.917292 -0.0
vn 0.398214 0.917292 0.0
vn 0.352387 0.935855 -0.0
vn 0.352387 0.935855 0.0
vn 0.305663 0.95214 -0.0
vn 0.305663 0.95214 0.0
vn 0.258345 0.966053 -0.0
vn 0.258345 0.966053 0.0
vn 0.210288 0.977639 -0.0
vn 0.210288 0.977639 0.0
vn 0.161727 0.986835 -0.0
vn 0.161727 0.986835 0.0
vn 0.112827 0.993615 -0.0
vn 0.112827 0.993615 0.0
vn 0.063557 0.997978 -0.0
vn 0.063557 0.997978 0.0
vn 0.014208 0.999899 0.0
vn 0.014208 0.999899 -0.0
vn -0.0352 0.99938 0.0
vn -0.0352 0.99938 0.0
vn -0.084528 0.996421 0.0
vn -0.084528 0.996421 0.0
vn -0.133606 0.991035 0.0
vn -0.133606 0.991035 0.0
vn -0.182449 0.983215 0.0
vn -0.182449 0.983215 0.0
vn -0.230746 0.973014 0.0
vn -0.230746 0.973014 0.0
vn -0.278553 0.960421 0.0
vn -0.278553 0.960421 0.0
vn -0.325724 0.945465 0.0
vn -0.325724 0.945465 0.0
vn -0.371905 0.928271 0.0
vn -0.371905 0.928271 0.0
vn -0.417363 0.90874 0.0
vn -0.417363 0.90874 0.0
vn -0.461688 0.887042 0.0
vn -0.461688 0.887042 0.0
vn -0.50501 0.863114 0.0
vn -0.50501 0.863114 0.0
vn 0.998546 0.053897 0.0
vn 0.998546 0.053897 -0.0
vn 0.994826 0.101593 -0.0
vn 0.994826 0.101593 0.0
vn 0.988829 0.149054 -0.0
vn 0.988829 0.149054 0.0
vn 0.980569 0.196176 -0.0
vn 0.980569 0.196176 0.0
vn 0.970063 0.242852 -0.0
vn 0.970063 0.242852 0.0
vn 0.957339 0.288966 -0.0
vn 0.957339 0.288966 0.0
vn 0.942425 0.334418 -0.0
vn 0.942425 0.334418 0.0
vn 0.92535 0.379115 -0.0
vn 0.92535 0.379115 0.0
vn 0.906161 0.422934 -0.0
vn 0.906161 0.422934 0.0
vn 0.039341 -0.999226 0.0
vn 0.039341 -0.999226 0.0
vn 0.08779 -0.996139 0.0
vn 0.08779 -0.996139 0.0
vn 0.136103 -0.990695 0.0
vn 0.136103 -0.990695 0.0
vn 0.18415 -0.982898 0.0
vn 0.18415 -0.982898 0.0
vn 0.231639 -0.972802 0.0
vn 0.231639 -0.972802 0.0
vn 0.278602 -0.960407 0.0
vn 0.278602 -0.960407 0.0
vn 0.325097 -0.945681 0.0
vn 0.325097 -0.945681 0.0
vn 0.370561 -0.928808 0.0
vn 0.370561 -0.928808 0.0
vn 0.415292 -0.909688 0.0
vn 0.415292 -0.909688 0.0
vn 0.458976 -0.888449 0.0
vn 0.458976 -0.888449 0.0
vn 0.501684 -0.865051 0.0
vn 0.501684 -0.865051 0.0
vn 0.543082 -0.83968 0.0
vn 0.543082 -0.83968 0.0
vn 0.583196 -0.812331 0.0
vn 0.583196 -0.812331 0.0
vn 0.622165 -0.782886 0.0
vn 0.622165 -0.782886 0.0
vn 0.659349 -0.751837 0.0
vn 0.659349 -0.751837 0.0
vn 0.69508 -0.718933 0.0
vn 0.69508 -0.718933 0.0
vn 0.729243 -0.684254 0.0
vn 0.729243 -0.684254 0.0
vn 0.761586 -0.648064 0.0
vn 0.761586 -0.648064 0.0
vn 0.79225 -0.610196 0.0
vn 0.79225 -0.610196 0.0
vn 0.820944 -0.571009 0.0
vn 0.820944 -0.571009 0.0
vn 0.847704 -0.530469 0.0
vn 0.847704 -0.530469 0.0
vn 0.872499 -0.488616 0.0
vn 0.872499 -0.488616 0.0
vn 0.895283 -0.445497 0.0
vn 0.895283 -0.445497 0.0
vn 0.915828 -0.401571 0.0
vn 0.915828 -0.401571 0.0
vn 0.934206 -0.356735 0.0
vn 0.934206 -0.356735 0.0
vn 0.950488 -0.310761 0.0
vn 0.950488 -0.310761 0.0
vn 0.964444 -0.264286 0.0
vn 0.964444 -0.264286 0.0
vn 0.976172 -0.216997 0.0
vn 0.976172 -0.216997 0.0
vn 0.985567 -0.169283 0.0
vn 0.985567 -0.169283 0.0
vn 0.992607 -0.121369 0.0
vn 0.992607 -0.121369 0.0
vn 0.997345 -0.072816 0.0
vn 0.999705 -0.024273 0.0
vn 0.997345 -0.072816 0.0
vn 0.999705 -0.024273 0.0
vn 0.999705 0.024273 0.0
vn 0.997345 0.072816 0.0
vn 0.999705 0.024273 -0.0
vn 0.997345 0.072816 0.0
vn 0.992607 0.121369 0.0
vn 0.985567 0.169283 0.0
vn 0.992607 0.121369 -0.0
vn 0.985567 0.169283 0.0
vn 0.976172 0.216997 0.0
vn 0.964444 0.264286 0.0
vn 0.976172 0.216997 -0.0
vn 0.950488 0.310761 0.0
vn 0.964444 0.264286 0.0
vn 0.934206 0.356735 0.0
vn 0.950488 0.310761 0.0
vn 0.915828 0.401571 0.0
vn 0.934206 0.356735 0.0
vn 0.895283 0.445497 0.0
vn 0.915828 0.401571 0.0
vn 0.895283 0.445497 0.0
vn 0.872499 0.488616 0.0
vn 0.872499 0.488616 0.0
vn 0.847704 0.530469 0.0
vn 0.847704 0.530469 0.0
vn 0.820944 0.571009 -0.0
vn 0.820944 0.571009 0.0
vn 0.79225 0.610196 0.0
vn 0.79225 0.610196 0.0
vn 0.761586 0.648064 0.0
vn 0.761586 0.648064 0.0
vn 0.729243 0.684254 0.0
vn 0.729243 0.684254 0.0
vn 0.69508 0.718933 0.0
vn 0.69508 0.718933 0.0
vn 0.659349 0.751837 0.0
vn 0.659349 0.751837 0.0
vn 0.622165 0.782886 0.0
vn 0.622165 0.782886 0.0
vn 0.583196 0.812331 0.0
vn 0.583196 0.812331 0.0
vn 0.543082 0.83968 0.0
vn 0.543082 0.83968 0.0
vn 0.501684 0.865051 0.0
vn 0.501684 0.865051 0.0
vn 0.458976 0.888449 0.0
vn 0.458976 0.888449 0.0
vn 0.415292 0.909688 0.0
vn 0.370561 0.928808 0.0
vn 0.415292 0.909688 0.0
vn 0.325097 0.945681 0.0
vn 0.370561 0.928808 0.0
vn 0.278602 0.960407 0.0
vn 0.325097 0.945681 0.0
vn 0.231639 0.972802 0.0
vn 0.278602 0.960407 0.0
vn 0.18415 0.982898 0.0
vn 0.231639 0.972802 0.0
vn 0.136103 0.990695 0.0
vn 0.18415 0.982898 0.0
vn 0.08779 0.996139 0.0
vn 0.136103 0.990695 0.0
vn 0.039341 0.999226 0.0
vn 0.08779 0.996139 0.0
vn 0.039341 0.999226 0.0
vn 0.914902 -0.403675 0.0
vn 0.914902 -0.403675 0.0
vn 0.932264 -0.36178 0.0
vn 0.932264 -0.36178 0.0
vn 0.947708 -0.319138 0.0
vn 0.947708 -0.319138 0.0
vn 0.961202 -0.275845 0.0
vn 0.961202 -0.275845 0.0
vn 0.972722 -0.231973 0.0
vn 0.98224 -0.187629 0.0
vn 0.972722 -0.231973 0.0
vn 0.989737 -0.142902 0.0
vn 0.98224 -0.187629 0.0
vn 0.995198 -0.097879 0.0
vn 0.989737 -0.142902 0.0
vn 0.998613 -0.052654 0.0
vn 0.995198 -0.097879 0.0
vn 0.998613 -0.052654 0.0
vn -0.49586 -0.868402 0.0
vn -0.49586 -0.868402 0.0
vn -0.452503 -0.891763 0.0
vn -0.452503 -0.891763 0.0
vn -0.40823 -0.912879 0.0
vn -0.40823 -0.912879 0.0
vn -0.362866 -0.931841 0.0
vn -0.362866 -0.931841 0.0
vn -0.316631 -0.948549 0.0
vn -0.316631 -0.948549 0.0
vn -0.269511 -0.962997 0.0
vn -0.269511 -0.962997 0.0
vn -0.222032 -0.975039 0.0
vn -0.222032 -0.975039 0.0
vn -0.17372 -0.984795 0.0
vn -0.17372 -0.984795 0.0
vn -0.125181 -0.992134 0.0
vn -0.125181 -0.992134 0.0
vn -0.076246 -0.997089 0.0
vn -0.076246 -0.997089 0.0
vn -0.027107 -0.999633 0.0
vn -0.027107 -0.999633 0.0
vn 0.021932 -0.999759 0.0
vn 0.021932 -0.999759 0.0
vn 0.071188 -0.997463 0.0
vn 0.071188 -0.997463 0.0
vn 0.12001 -0.992773 0.0
vn 0.12001 -0.992773 0.0
vn 0.168725 -0.985663 0.0
vn 0.168725 -0.985663 0.0
vn 0.216941 -0.976185 0.0
vn 0.216941 -0.976185 0.0
vn 0.264675 -0.964338 0.0
vn 0.264675 -0.964338 0.0
vn 0.311817 -0.950142 0.0
vn 0.311817 -0.950142 0.0
vn 0.358029 -0.93371 0.0
vn 0.358029 -0.93371 0.0
vn 0.403487 -0.914985 0.0
vn 0.403487 -0.914985 0.0
vn 0.448041 -0.894013 0.0
vn 0.448041 -0.894013 0.0
vn 0.49143 -0.870917 0.0
vn 0.49143 -0.870917 0.0
vn 0.533565 -0.845759 0.0
vn 0.533565 -0.845759 0.0
vn 0.574573 -0.818453 0.0
vn 0.574573 -0.818453 0.0
vn 0.613976 -0.789324 0.0
vn 0.613976 -0.789324 0.0
vn 0.652094 -0.758138 0.0
vn 0.652094 -0.758138 0.0
vn 0.688662 -0.725082 0.0
vn 0.688662 -0.725082 0.0
vn 0.723365 -0.690466 0.0
vn 0.723365 -0.690466 0.0
vn 0.75646 -0.65404 0.0
vn 0.75646 -0.65404 0.0
vn 0.787706 -0.616052 0.0
vn 0.787706 -0.616052 0.0
vn 0.816985 -0.576659 0.0
vn 0.816985 -0.576659 0.0
vn 0.844317 -0.535844 0.0
vn 0.844317 -0.535844 0.0
vn 0.869729 -0.493529 0.0
vn 0.869729 -0.493529 0.0
vn 0.892891 -0.450273 0.0
vn 0.892891 -0.450273 0.0
vn 0.913897 -0.405946 0.0
vn 0.913897 -0.405946 0.0
vn 0.932779 -0.360448 0.0
vn 0.932779 -0.360448 0.0
vn 0.949385 -0.314116 0.0
vn 0.949385 -0.314116 0.0
vn 0.963664 -0.267116 0.0
vn 0.963664 -0.267116 0.0
vn 0.975604 -0.219537 0.0
vn 0.975604 -0.219537 0.0
vn 0.985215 -0.171324 0.0
vn 0.985215 -0.171324 0.0
vn 0.992469 -0.122494 0.0
vn 0.992469 -0.122494 0.0
vn 0.997283 -0.073666 0.0
vn 0.997283 -0.073666 0.0
vn 0.999697 -0.024623 0.0
vn 0.999697 -0.024623 0.0
vn 0.999701 0.024459 -0.0
vn 0.999701 0.024459 0.0
vn 0.997289 0.073589 -0.0
vn 0.997289 0.073589 0.0
vn 0.99247 0.122491 -0.0
vn 0.99247 0.122491 0.0
vn 0.985303 0.170816 -0.0
vn 0.985303 0.170816 0.0
vn 0.975707 0.219081 -0.0
vn 0.975707 0.219081 0.0
vn 0.96376 0.266772 -0.0
vn 0.96376 0.266772 0.0
vn 0.94955 0.313615 -0.0
vn 0.94955 0.313615 0.0
vn 0.933009 0.359854 -0.0
vn 0.933009 0.359854 0.0
vn 0.914213 0.405234 -0.0
vn 0.914213 0.405234 0.0
vn 0.893243 0.449575 -0.0
vn 0.893243 0.449575 0.0
vn 0.870163 0.492764 0.0
vn 0.870163 0.492764 -0.0
vn 0.844892 0.534936 0.0
vn 0.844892 0.534936 -0.0
vn 0.817685 0.575665 0.0
vn 0.817685 0.575665 -0.0
vn 0.788375 0.615195 0.0
vn 0.788375 0.615195 -0.0
vn 0.757219 0.653161 0.0
vn 0.757219 0.653161 -0.0
vn 0.724355 0.689427 0.0
vn 0.724355 0.689427 -0.0
vn 0.689588 0.724202 0.0
vn 0.689588 0.724202 -0.0
vn 0.65322 0.757168 0.0
vn 0.65322 0.757168 -0.0
vn 0.615411 0.788207 0.0
vn 0.615411 0.788207 -0.0
vn 0.575922 0.817505 0.0
vn 0.575922 0.817505 -0.0
vn 0.535057 0.844816 0.0
vn 0.535057 0.844816 -0.0
vn 0.493044 0.870004 0.0
vn 0.493044 0.870004 -0.0
vn 0.449782 0.893138 -0.0
vn 0.449782 0.893138 0.0
vn 0.405359 0.914157 -0.0
vn 0.405359 0.914157 0.0
vn 0.547794 -0.836613 0.0
vn 0.547794 -0.836613 0.0
vn 0.586457 -0.80998 0.0
vn 0.586457 -0.80998 0.0
vn 0.623832 -0.781559 0.0
vn 0.623832 -0.781559 0.0
vn 0.659826 -0.751418 0.0
vn 0.659826 -0.751418 0.0
vn 0.694369 -0.719619 0.0
vn 0.694369 -0.719619 0.0
vn 0.72738 -0.686235 0.0
vn 0.72738 -0.686235 0.0
vn 0.758789 -0.651337 0.0
vn 0.758789 -0.651337 0.0
vn 0.788526 -0.615001 0.0
vn 0.788526 -0.615001 0.0
vn 0.816521 -0.577316 0.0
vn 0.816521 -0.577316 0.0
vn 0.842717 -0.538357 0.0
vn 0.842717 -0.538357 0.0
vn 0.867061 -0.498203 0.0
vn 0.867061 -0.498203 0.0
vn -0.924357 -0.381529 0.0
vn -0.924357 -0.381529 0.0
vn -0.904241 -0.427023 0.0
vn -0.904241 -0.427023 0.0
vn -0.882029 -0.471196 0.0
vn -0.882029 -0.471196 0.0
vn -0.857602 -0.514315 0.0
vn -0.857602 -0.514315 0.0
vn -0.831038 -0.556216 0.0
vn -0.831038 -0.556216 0.0
vn -0.802592 -0.596528 0.0
vn -0.802592 -0.596528 0.0
vn -0.771978 -0.63565 0.0
vn -0.771978 -0.63565 0.0
vn -0.739485 -0.673173 0.0
vn -0.739485 -0.673173 0.0
vn -0.705257 -0.708952 0.0
vn -0.705257 -0.708952 0.0
vn -0.669396 -0.742906 0.0
vn -0.669396 -0.742906 0.0
vn -0.631643 -0.775259 0.0
vn -0.631643 -0.775259 0.0
vn -0.592583 -0.80551 0.0
vn -0.592583 -0.80551 0.0
vn -0.551854 -0.833941 0.0
vn -0.551854 -0.833941 0.0
vn -0.509884 -0.860243 0.0
vn -0.509884 -0.860243 0.0
vn -0.466736 -0.884396 0.0
vn -0.466736 -0.884396 0.0
vn -0.422239 -0.906484 0.0
vn -0.422239 -0.906484 0.0
vn -0.376977 -0.926223 0.0
vn -0.376977 -0.926223 0.0
vn -0.330451 -0.943823 0.0
vn -0.330451 -0.943823 0.0
vn -0.283428 -0.958994 0.0
vn -0.283428 -0.958994 0.0
vn -0.235621 -0.971845 0.0
vn -0.235621 -0.971845 0.0
vn -0.187027 -0.982355 0.0
vn -0.187027 -0.982355 0.0
vn -0.138273 -0.990394 0.0
vn -0.138273 -0.990394 0.0
vn -0.089008 -0.996031 0.0
vn -0.089008 -0.996031 0.0
vn -0.039529 -0.999218 0.0
vn -0.039529 -0.999218 0.0
vn 0.009956 -0.99995 0.0
vn 0.009956 -0.99995 0.0
vn 0.05945 -0.998231 0.0
vn 0.05945 -0.998231 0.0
vn 0.108809 -0.994063 0.0
vn 0.108809 -0.994063 0.0
vn 0.158003 -0.987439 0.0
vn 0.158003 -0.987439 0.0
vn 0.206626 -0.97842 0.0
vn 0.206626 -0.97842 0.0
vn 0.254933 -0.966959 0.0
vn 0.254933 -0.966959 0.0
vn 0.302399 -0.953182 0.0
vn 0.302399 -0.953182 0.0
vn 0.3493 -0.937011 0.0
vn 0.3493 -0.937011 0.0
vn 0.395319 -0.918544 0.0
vn 0.395319 -0.918544 0.0
vn 0.440302 -0.89785 0.0
vn 0.440302 -0.89785 0.0
vn 0.484108 -0.875008 0.0
vn 0.484108 -0.875008 0.0
vn 0.526987 -0.849873 0.0
vn 0.526987 -0.849873 0.0
vn 0.568436 -0.822728 0.0
vn 0.568436 -0.822728 0.0
vn 0.608475 -0.793573 0.0
vn 0.608475 -0.793573 0.0
vn 0.647005 -0.762486 0.0
vn 0.647005 -0.762486 0.0
vn 0.684003 -0.72948 0.0
vn 0.684003 -0.72948 0.0
vn 0.71932 -0.694679 0.0
vn 0.71932 -0.694679 0.0
vn 0.752799 -0.65825 0.0
vn 0.752799 -0.65825 0.0
vn 0.784441 -0.620203 0.0
vn 0.784441 -0.620203 0.0
vn 0.814267 -0.58049 0.0
vn 0.814267 -0.58049 0.0
vn 0.841958 -0.539543 0.0
vn 0.841958 -0.539543 0.0
vn 0.867699 -0.497089 0.0
vn 0.867699 -0.497089 0.0
vn 0.891243 -0.453526 0.0
vn 0.891243 -0.453526 0.0
vn 0.912614 -0.408823 0.0
vn 0.912614 -0.408823 0.0
vn 0.931712 -0.363199 0.0
vn 0.931712 -0.363199 0.0
vn 0.948632 -0.316382 0.0
vn 0.948632 -0.316382 0.0
vn 0.963089 -0.269184 0.0
vn 0.963089 -0.269184 0.0
vn 0.975246 -0.221124 0.0
vn 0.975246 -0.221124 0.0
vn 0.98498 -0.172667 0.0
vn 0.98498 -0.172667 0.0
vn 0.992332 -0.123605 0.0
vn 0.992332 -0.123605 0.0
vn 0.997249 -0.074121 0.0
vn 0.999691 -0.024843 0.0
vn 0.997249 -0.074121 0.0
vn 0.999691 -0.024843 0.0
vn 0.9997 0.024482 0.0
vn 0.9997 0.024482 -0.0
vn 0.997299 0.073451 0.0
vn 0.997299 0.073451 -0.0
vn 0.992479 0.122413 0.0
vn 0.992479 0.122413 -0.0
vn 0.985314 0.170754 0.0
vn 0.985314 0.170754 -0.0
vn 0.975751 0.218885 0.0
vn 0.975751 0.218885 -0.0
vn 0.96386 0.266408 0.0
vn 0.96386 0.266408 -0.0
vn 0.949654 0.313301 0.0
vn 0.949654 0.313301 -0.0
vn 0.93311 0.359591 0.0
vn 0.93311 0.359591 -0.0
vn 0.914418 0.404771 -0.0
vn 0.914418 0.404771 0.0
vn 0.893429 0.449204 -0.0
vn 0.893429 0.449204 0.0
vn 0.870393 0.492358 -0.0
vn 0.870393 0.492358 0.0
vn 0.845183 0.534477 -0.0
vn 0.845183 0.534477 0.0
vn 0.817938 0.575306 -0.0
vn 0.817938 0.575306 0.0
vn 0.788821 0.614623 0.0
vn 0.788821 0.614623 0.0
vn 0.053325 -0.998577 0.0
vn 0.053325 -0.998577 0.0
vn 0.099886 -0.994999 0.0
vn 0.099886 -0.994999 0.0
vn 0.146225 -0.989251 0.0
vn 0.146225 -0.989251 0.0
vn 0.19225 -0.981346 0.0
vn 0.19225 -0.981346 0.0
vn 0.23785 -0.971302 0.0
vn 0.23785 -0.971302 0.0
vn 0.282934 -0.959139 0.0
vn 0.282934 -0.959139 0.0
vn 0.327406 -0.944884 0.0
vn 0.327406 -0.944884 0.0
vn 0.371154 -0.928571 0.0
vn 0.371154 -0.928571 0.0
vn 0.4141 -0.910231 0.0
vn 0.4141 -0.910231 0.0
vn 0.456145 -0.889906 0.0
vn 0.456145 -0.889906 0.0
vn -0.999209 -0.039754 0.0
vn -0.999209 -0.039754 0.0
vn -0.996033 -0.088985 0.0
vn -0.996033 -0.088985 0.0
vn -0.990432 -0.138003 0.0
vn -0.990432 -0.138003 0.0
vn -0.982429 -0.186639 0.0
vn -0.982429 -0.186639 0.0
vn -0.971944 -0.235211 0.0
vn -0.971944 -0.235211 0.0
vn -0.959229 -0.282629 0.0
vn -0.959229 -0.282629 0.0
vn -0.944065 -0.329759 0.0
vn -0.944065 -0.329759 0.0
vn -0.926647 -0.375932 0.0
vn -0.926647 -0.375932 0.0
vn -0.90695 -0.421238 0.0
vn -0.90695 -0.421238 0.0
vn -0.88503 -0.465534 0.0
vn -0.88503 -0.465534 0.0
vn -0.861017 -0.508577 0.0
vn -0.861017 -0.508577 0.0
vn -0.834797 -0.550558 0.0
vn -0.834797 -0.550558 0.0
vn -0.806575 -0.591132 0.0
vn -0.806575 -0.591132 0.0
vn -0.776489 -0.630131 0.0
vn -0.776489 -0.630131 0.0
vn -0.744379 -0.667758 0.0
vn -0.744379 -0.667758 0.0
vn -0.710549 -0.703648 0.0
vn -0.710549 -0.703648 0.0
vn -0.674941 -0.737872 0.0
vn -0.674941 -0.737872 0.0
vn -0.637608 -0.770361 0.0
vn -0.637608 -0.770361 0.0
vn -0.598879 -0.80084 0.0
vn -0.598879 -0.80084 0.0
vn -0.558521 -0.82949 0.0
vn -0.558521 -0.82949 0.0
vn -0.517068 -0.855944 0.0
vn -0.517068 -0.855944 0.0
vn -0.474032 -0.880507 0.0
vn -0.474032 -0.880507 0.0
vn -0.429994 -0.902832 0.0
vn -0.429994 -0.902832 0.0
vn -0.384952 -0.922937 0.0
vn -0.384952 -0.922937 0.0
vn -0.33888 -0.94083 0.0
vn -0.33888 -0.94083 0.0
vn -0.291993 -0.95642 0.0
vn -0.291993 -0.95642 0.0
vn -0.244474 -0.969656 0.0
vn -0.244474 -0.969656 0.0
vn -0.196314 -0.980541 0.0
vn -0.196314 -0.980541 0.0
vn -0.147575 -0.989051 0.0
vn -0.147575 -0.989051 0.0
vn -0.098667 -0.99512 0.0
vn -0.098667 -0.99512 0.0
vn -0.049331 -0.998782 0.0
vn -0.049331 -0.998782 0.0
vn 0.0 -1.0 0.0
vn 0.0 -1.0 0.0
vn 0.049331 -0.998782 0.0
vn 0.049331 -0.998782 0.0
vn 0.098667 -0.99512 0.0
vn 0.098667 -0.99512 0.0
vn 0.147575 -0.989051 0.0
vn 0.147575 -0.989051 0.0
vn 0.196314 -0.980541 0.0
vn 0.196314 -0.980541 0.0
vn 0.244474 -0.969656 0.0
vn 0.244474 -0.969656 0.0
vn 0.291993 -0.95642 0.0
vn 0.291993 -0.95642 0.0
vn 0.33888 -0.94083 0.0
vn 0.384952 -0.922937 0.0
vn 0.33888 -0.94083 0.0
vn 0.429994 -0.902832 0.0
vn 0.384952 -0.922937 0.0
vn 0.474032 -0.880507 0.0
vn 0.429994 -0.902832 0.0
vn 0.517068 -0.855944 0.0
vn 0.474032 -0.880507 0.0
vn 0.517068 -0.855944 0.0
vn 0.558521 -0.82949 0.0
vn 0.558521 -0.82949 0.0
vn 0.598879 -0.80084 0.0
vn 0.598879 -0.80084 0.0
vn 0.637608 -0.770361 0.0
vn 0.674941 -0.737872 0.0
vn 0.637608 -0.770361 0.0
vn 0.710549 -0.703648 0.0
vn 0.674941 -0.737872 0.0
vn 0.744379 -0.667758 0.0
vn 0.710549 -0.703648 0.0
vn 0.776489 -0.630131 0.0
vn 0.744379 -0.667758 0.0
vn 0.806575 -0.591132 0.0
vn 0.776489 -0.630131 0.0
vn 0.834797 -0.550558 0.0
vn 0.806575 -0.591132 0.0
vn 0.861017 -0.508577 0.0
vn 0.834797 -0.550558 0.0
vn 0.88503 -0.465534 0.0
vn 0.861017 -0.508577 0.0
vn 0.90695 -0.421238 0.0
vn 0.88503 -0.465534 0.0
vn 0.926647 -0.375932 0.0
vn 0.90695 -0.421238 0.0
vn 0.944065 -0.329759 0.0
vn 0.926647 -0.375932 0.0
vn 0.959229 -0.282629 0.0
vn 0.944065 -0.329759 0.0
vn 0.971944 -0.235211 0.0
vn 0.959229 -0.282629 0.0
vn 0.982429 -0.186639 0.0
vn 0.971944 -0.235211 0.0
vn 0.990432 -0.138003 0.0
vn 0.982429 -0.186639 0.0
vn 0.996033 -0.088985 0.0
vn 0.990432 -0.138003 0.0
vn 0.999209 -0.039754 0.0
vn 0.996033 -0.088985 0.0
vn 0.999209 -0.039754 0.0
vn -0.456145 -0.889906 0.0
vn -0.4141 -0.910231 0.0
vn -0.456145 -0.889906 0.0
vn -0.371154 -0.928571 0.0
vn -0.4141 -0.910231 0.0
vn -0.327406 -0.944884 0.0
vn -0.371154 -0.928571 0.0
vn -0.282934 -0.959139 0.0
vn -0.327406 -0.944884 0.0
vn -0.23785 -0.971302 0.0
vn -0.282934 -0.959139 0.0
vn -0.19225 -0.981346 0.0
vn -0.23785 -0.971302 0.0
vn -0.146225 -0.989251 0.0
vn -0.19225 -0.981346 0.0
vn -0.099886 -0.994999 0.0
vn -0.146225 -0.989251 0.0
vn -0.053325 -0.998577 0.0
vn -0.099886 -0.994999 0.0
vn -0.053325 -0.998577 0.0
vn -0.788892 0.614532 0.0
vn -0.788892 0.614532 0.0
vn -0.818351 0.574718 0.0
vn -0.818351 0.574718 0.0
vn -0.845684 0.533683 0.0
vn -0.845684 0.533683 0.0
vn -0.871103 0.491101 0.0
vn -0.871103 0.491101 0.0
vn -0.894283 0.447502 0.0
vn -0.894283 0.447502 0.0
vn -0.915341 0.40268 0.0
vn -0.915341 0.40268 0.0
vn -0.934112 0.356979 0.0
vn -0.934112 0.356979 0.0
vn -0.950589 0.310451 0.0
vn -0.964807 0.262961 0.0
vn -0.950589 0.310451 0.0
vn -0.976568 0.215209 0.0
vn -0.964807 0.262961 0.0
vn -0.98605 0.166451 0.0
vn -0.976568 0.215209 0.0
vn -0.993076 0.117474 0.0
vn -0.98605 0.166451 0.0
vn -0.997664 0.068308 0.0
vn -0.993076 0.117474 0.0
vn -0.999821 0.018931 0.0
vn -0.997664 0.068308 0.0
vn -0.999821 0.018931 0.0
vn -0.999536 -0.030448 -0.0
vn -0.999536 -0.030448 0.0
vn -0.996808 -0.079835 -0.0
vn -0.996808 -0.079835 0.0
vn -0.991645 -0.128996 -0.0
vn -0.991645 -0.128996 0.0
vn -0.984034 -0.17798 -0.0
vn -0.984034 -0.17798 0.0
vn -0.974056 -0.226309 -0.0
vn -0.974056 -0.226309 0.0
vn -0.961656 -0.274259 -0.0
vn -0.961656 -0.274259 0.0
vn -0.946951 -0.321377 -0.0
vn -0.946951 -0.321377 0.0
vn -0.929945 -0.367698 -0.0
vn -0.929945 -0.367698 0.0
vn -0.910585 -0.413322 -0.0
vn -0.910585 -0.413322 0.0
vn -0.889056 -0.457799 -0.0
vn -0.889056 -0.457799 0.0
vn -0.865316 -0.501227 -0.0
vn -0.865316 -0.501227 0.0
vn -0.839507 -0.543349 -0.0
vn -0.839507 -0.543349 0.0
vn -0.811636 -0.584164 -0.0
vn -0.811636 -0.584164 0.0
vn -0.781771 -0.623565 -0.0
vn -0.781771 -0.623565 0.0
vn -0.749958 -0.661485 -0.0
vn -0.716356 -0.697735 -0.0
vn -0.749958 -0.661485 0.0
vn -0.681027 -0.732258 -0.0
vn -0.716356 -0.697735 0.0
vn -0.64392 -0.765093 -0.0
vn -0.681027 -0.732258 0.0
vn -0.605451 -0.795883 -0.0
vn -0.64392 -0.765093 0.0
vn -0.565314 -0.824875 -0.0
vn -0.605451 -0.795883 0.0
vn -0.523845 -0.851814 -0.0
vn -0.565314 -0.824875 0.0
vn -0.481121 -0.876654 -0.0
vn -0.523845 -0.851814 0.0
vn -0.437063 -0.899431 -0.0
vn -0.481121 -0.876654 0.0
vn -0.392317 -0.91983 -0.0
vn -0.437063 -0.899431 0.0
vn -0.346158 -0.938176 -0.0
vn -0.392317 -0.91983 0.0
vn -0.346158 -0.938176 0.0
vn -0.299481 -0.954102 -0.0
vn -0.299481 -0.954102 0.0
vn -0.251915 -0.967749 -0.0
vn -0.251915 -0.967749 0.0
vn -0.203806 -0.979011 -0.0
vn -0.155117 -0.987896 -0.0
vn -0.203806 -0.979011 0.0
vn -0.106163 -0.994349 -0.0
vn -0.155117 -0.987896 0.0
vn -0.056792 -0.998386 -0.0
vn -0.106163 -0.994349 0.0
vn -0.00751 -0.999972 -0.0
vn -0.056792 -0.998386 0.0
vn 0.042076 -0.999114 0.0
vn -0.00751 -0.999972 0.0
vn 0.09125 -0.995828 0.0
vn 0.042076 -0.999114 0.0
vn 0.1405 -0.990081 0.0
vn 0.09125 -0.995828 0.0
vn 0.189206 -0.981937 0.0
vn 0.1405 -0.990081 0.0
vn 0.237546 -0.971376 0.0
vn 0.189206 -0.981937 0.0
vn 0.285139 -0.958486 0.0
vn 0.237546 -0.971376 0.0
vn 0.332293 -0.943176 0.0
vn 0.285139 -0.958486 0.0
vn 0.378457 -0.925619 0.0
vn 0.332293 -0.943176 0.0
vn 0.42377 -0.90577 0.0
vn 0.378457 -0.925619 0.0
vn 0.467996 -0.88373 0.0
vn 0.42377 -0.90577 0.0
vn 0.511119 -0.85951 0.0
vn 0.467996 -0.88373 0.0
vn 0.552918 -0.833235 0.0
vn 0.511119 -0.85951 0.0
vn 0.59356 -0.804789 0.0
vn 0.552918 -0.833235 0.0
vn 0.632504 -0.774557 0.0
vn 0.59356 -0.804789 0.0
vn 0.670021 -0.742342 0.0
vn 0.632504 -0.774557 0.0
vn 0.705974 -0.708238 0.0
vn 0.670021 -0.742342 0.0
vn 0.740042 -0.67256 0.0
vn 0.705974 -0.708238 0.0
vn 0.772387 -0.635152 0.0
vn 0.740042 -0.67256 0.0
vn 0.802806 -0.596241 0.0
vn 0.772387 -0.635152 0.0
vn 0.802806 -0.596241 0.0
vn 0.831353 -0.555744 0.0
vn 0.831353 -0.555744 0.0
vn 0.857801 -0.513981 0.0
vn 0.857801 -0.513981 0.0
vn 0.882154 -0.470962 0.0
vn 0.882154 -0.470962 0.0
vn 0.904301 -0.426896 0.0
vn 0.904301 -0.426896 0.0
vn 0.924377 -0.381479 0.0
vn 0.924377 -0.381479 0.0
vn -0.865885 -0.500242 0.0
vn -0.841565 -0.540156 0.0
vn -0.865885 -0.500242 0.0
vn -0.815422 -0.578866 0.0
vn -0.841565 -0.540156 0.0
vn -0.787486 -0.616332 0.0
vn -0.815422 -0.578866 0.0
vn -0.757839 -0.652441 0.0
vn -0.787486 -0.616332 0.0
vn -0.726534 -0.687131 0.0
vn -0.757839 -0.652441 0.0
vn -0.693639 -0.720323 0.0
vn -0.726534 -0.687131 0.0
vn -0.659237 -0.751935 0.0
vn -0.693639 -0.720323 0.0
vn -0.623394 -0.781908 0.0
vn -0.659237 -0.751935 0.0
vn -0.586187 -0.810176 0.0
vn -0.623394 -0.781908 0.0
vn -0.547699 -0.836676 0.0
vn -0.586187 -0.810176 0.0
vn -0.547699 -0.836676 0.0
vn -0.1135 0.993538 0.0
vn -0.1135 0.993538 0.0
vn -0.162499 0.986709 0.0
vn -0.162499 0.986709 0.0
vn -0.211059 0.977473 0.0
vn -0.211059 0.977473 0.0
vn -0.259339 0.965786 0.0
vn -0.259339 0.965786 0.0
vn -0.306528 0.951862 0.0
vn -0.353421 0.935465 0.0
vn -0.306528 0.951862 0.0
vn -0.399136 0.916892 0.0
vn -0.353421 0.935465 0.0
vn -0.444167 0.895944 0.0
vn -0.399136 0.916892 0.0
vn -0.48778 0.872967 0.0
vn -0.444167 0.895944 0.0
vn -0.530295 0.847813 0.0
vn -0.48778 0.872967 0.0
vn -0.530295 0.847813 0.0
vn -0.571736 0.820438 0.0
vn -0.571736 0.820438 0.0
vn -0.611582 0.791181 0.0
vn -0.611582 0.791181 0.0
vn -0.649961 0.759967 0.0
vn -0.649961 0.759967 0.0
vn -0.686726 0.726916 0.0
vn -0.686726 0.726916 0.0
vn -0.721806 0.692095 0.0
vn -0.721806 0.692095 0.0
vn -0.755207 0.655486 0.0
vn -0.755207 0.655486 0.0
vn -0.786771 0.617245 0.0
vn -0.786771 0.617245 0.0
vn -0.816226 0.577732 0.0
vn -0.816226 0.577732 0.0
vn -0.843814 0.536636 0.0
vn -0.843814 0.536636 0.0
vn -0.869329 0.494234 0.0
vn -0.892673 0.450706 0.0
vn -0.869329 0.494234 0.0
vn -0.91393 0.405871 0.0
vn -0.892673 0.450706 0.0
vn -0.932876 0.360198 0.0
vn -0.91393 0.405871 0.0
vn -0.949625 0.313389 0.0
vn -0.932876 0.360198 0.0
vn -0.963854 0.26643 0.0
vn -0.949625 0.313389 0.0
vn -0.975867 0.218367 0.0
vn -0.963854 0.26643 0.0
vn -0.985545 0.169415 0.0
vn -0.975867 0.218367 0.0
vn -0.992665 0.120896 0.0
vn -0.985545 0.169415 0.0
vn -0.997437 0.071554 0.0
vn -0.992665 0.120896 0.0
vn -0.999753 0.022205 0.0
vn -0.997437 0.071554 0.0
vn -0.99962 -0.02755 -0.0
vn -0.999753 0.022205 0.0
vn -0.99707 -0.076492 -0.0
vn -0.99962 -0.02755 0.0
vn -0.992 -0.126236 -0.0
vn -0.99707 -0.076492 0.0
vn -0.984608 -0.174776 -0.0
vn -0.992 -0.126236 0.0
vn -0.974754 -0.223283 -0.0
vn -0.984608 -0.174776 0.0
vn -0.974754 -0.223283 0.0
vn -0.962465 -0.271406 -0.0
vn -0.962465 -0.271406 0.0
vn -0.947868 -0.318663 -0.0
vn -0.947868 -0.318663 0.0
vn -0.930951 -0.365143 -0.0
vn -0.930951 -0.365143 0.0
vn -0.911731 -0.410788 -0.0
vn -0.890361 -0.455256 -0.0
vn -0.911731 -0.410788 0.0
vn -0.866721 -0.498794 -0.0
vn -0.890361 -0.455256 0.0
vn -0.841142 -0.540815 -0.0
vn -0.866721 -0.498794 0.0
vn -0.813087 -0.582142 -0.0
vn -0.841142 -0.540815 0.0
vn -0.78347 -0.62143 -0.0
vn -0.813087 -0.582142 0.0
vn -0.751704 -0.659501 -0.0
vn -0.78347 -0.62143 0.0
vn -0.718224 -0.695812 -0.0
vn -0.751704 -0.659501 0.0
vn -0.68301 -0.730409 -0.0
vn -0.718224 -0.695812 0.0
vn -0.645809 -0.763499 -0.0
vn -0.68301 -0.730409 0.0
vn -0.607343 -0.79444 -0.0
vn -0.645809 -0.763499 0.0
vn -0.567471 -0.823393 -0.0
vn -0.607343 -0.79444 0.0
vn -0.526001 -0.850484 -0.0
vn -0.567471 -0.823393 0.0
vn -0.483102 -0.875564 -0.0
vn -0.526001 -0.850484 0.0
vn -0.439382 -0.8983 -0.0
vn -0.483102 -0.875564 0.0
vn -0.394316 -0.918975 -0.0
vn -0.439382 -0.8983 0.0
vn -0.348463 -0.937323 -0.0
vn -0.394316 -0.918975 0.0
vn -0.301574 -0.953443 -0.0
vn -0.348463 -0.937323 0.0
vn -0.254129 -0.96717 -0.0
vn -0.301574 -0.953443 0.0
vn -0.20599 -0.978554 -0.0
vn -0.254129 -0.96717 0.0
vn -0.157325 -0.987547 -0.0
vn -0.20599 -0.978554 0.0
vn -0.108231 -0.994126 -0.0
vn -0.157325 -0.987547 0.0
vn -0.108231 -0.994126 0.0
vn -0.059023 -0.998257 -0.0
vn -0.059023 -0.998257 0.0
vn -0.009457 -0.999955 -0.0
vn -0.009457 -0.999955 0.0
vn 0.039886 -0.999204 0.0
vn 0.039886 -0.999204 0.0
vn 0.08934 -0.996001 0.0
vn 0.08934 -0.996001 0.0
vn 0.138499 -0.990363 0.0
vn 0.138499 -0.990363 0.0
vn 0.187292 -0.982304 0.0
vn 0.187292 -0.982304 0.0
vn 0.235565 -0.971859 0.0
vn 0.235565 -0.971859 0.0
vn 0.283441 -0.95899 0.0
vn 0.283441 -0.95899 0.0
vn 0.330534 -0.943794 0.0
vn 0.330534 -0.943794 0.0
vn 0.376862 -0.926269 0.0
vn 0.376862 -0.926269 0.0
vn 0.422126 -0.906537 0.0
vn 0.422126 -0.906537 0.0
vn 0.466437 -0.884554 0.0
vn 0.466437 -0.884554 0.0
vn 0.509664 -0.860373 0.0
vn 0.509664 -0.860373 0.0
vn 0.551518 -0.834163 0.0
vn 0.551518 -0.834163 0.0
vn 0.592273 -0.805738 0.0
vn 0.592273 -0.805738 0.0
vn 0.631305 -0.775535 0.0
vn 0.631305 -0.775535 0.0
vn 0.668806 -0.743437 0.0
vn 0.668806 -0.743437 0.0
vn 0.704841 -0.709365 0.0
vn 0.704841 -0.709365 0.0
vn 0.738888 -0.673828 0.0
vn 0.738888 -0.673828 0.0
vn 1.0 0.0 0.0
vn 1.0 -0.0 0.0
vn 0.027648 -0.999618 0.0
vn 0.076999 -0.997031 0.0
vn 0.027648 -0.999618 0.0
vn 0.076999 -0.997031 0.0
vn 0.126162 -0.99201 0.0
vn 0.126162 -0.99201 0.0
vn 0.175017 -0.984565 0.0
vn 0.175017 -0.984565 0.0
vn 0.223445 -0.974717 0.0
vn 0.223445 -0.974717 0.0
vn 0.271326 -0.962487 0.0
vn 0.271326 -0.962487 0.0
vn 0.318545 -0.947908 0.0
vn 0.318545 -0.947908 0.0
vn 0.364987 -0.931013 0.0
vn 0.364987 -0.931013 0.0
vn 0.410536 -0.911844 0.0
vn 0.410536 -0.911844 0.0
vn 0.455083 -0.890449 0.0
vn 0.455083 -0.890449 0.0
vn 0.498519 -0.866879 0.0
vn 0.498519 -0.866879 0.0
vn 0.540738 -0.841191 0.0
vn 0.540738 -0.841191 0.0
vn 0.581636 -0.81345 0.0
vn 0.581636 -0.81345 0.0
vn 0.621112 -0.783722 0.0
vn 0.621112 -0.783722 0.0
vn 0.659072 -0.75208 0.0
vn 0.659072 -0.75208 0.0
vn 0.695425 -0.718598 0.0
vn 0.695425 -0.718598 0.0
vn 0.730075 -0.683367 0.0
vn 0.762942 -0.646466 0.0
vn 0.730075 -0.683367 0.0
vn 0.793951 -0.607982 0.0
vn 0.762942 -0.646466 0.0
vn 0.823019 -0.568014 0.0
vn 0.793951 -0.607982 0.0
vn 0.850077 -0.526659 0.0
vn 0.823019 -0.568014 0.0
vn 0.875057 -0.484021 0.0
vn 0.850077 -0.526659 0.0
vn 0.897898 -0.440203 0.0
vn 0.875057 -0.484021 0.0
vn 0.91855 -0.395304 0.0
vn 0.897898 -0.440203 0.0
vn 0.93696 -0.349437 0.0
vn 0.91855 -0.395304 0.0
vn 0.953079 -0.302723 0.0
vn 0.93696 -0.349437 0.0
vn 0.96687 -0.255268 0.0
vn 0.953079 -0.302723 0.0
vn 0.9783 -0.207195 0.0
vn 0.96687 -0.255268 0.0
vn 0.9783 -0.207195 0.0
vn 0.987343 -0.158601 0.0
vn 0.987343 -0.158601 0.0
vn 0.993972 -0.109635 0.0
vn 0.993972 -0.109635 0.0
vn 0.998175 -0.060394 0.0
vn 0.998175 -0.060394 0.0
vn 0.999939 -0.011011 0.0
vn 0.999939 -0.011011 0.0
vn 0.999262 0.03841 0.0
vn 0.999262 0.03841 0.0
vn 0.996144 0.087727 0.0
vn 0.996144 0.087727 0.0
vn 0.990594 0.136835 0.0
vn 0.990594 0.136835 0.0
vn 0.982623 0.185611 0.0
vn 0.982623 0.185611 0.0
vn 0.972256 0.23392 0.0
vn 0.972256 0.23392 0.0
vn 0.959511 0.28167 0.0
vn 0.959511 0.28167 0.0
vn 0.944422 0.328734 0.0
vn 0.944422 0.328734 0.0
vn 0.927028 0.374992 0.0
vn 0.927028 0.374992 0.0
vn 0.907376 0.420321 0.0
vn 0.907376 0.420321 0.0
vn 0.885496 0.464648 0.0
vn 0.885496 0.464648 0.0
vn 0.861463 0.50782 0.0
vn 0.861463 0.50782 0.0
vn -0.024808 0.999692 0.0
vn -0.074363 0.997231 0.0
vn -0.024808 0.999692 0.0
vn -0.074363 0.997231 0.0
vn -0.123734 0.992315 0.0
vn -0.123734 0.992315 0.0
vn -0.172801 0.984957 0.0
vn -0.172801 0.984957 0.0
vn -0.221443 0.975173 0.0
vn -0.221443 0.975173 0.0
vn -0.269539 0.962989 0.0
vn -0.269539 0.962989 0.0
vn -0.316973 0.948435 0.0
vn -0.316973 0.948435 0.0
vn -0.363625 0.931545 0.0
vn -0.363625 0.931545 0.0
vn -0.409382 0.912363 0.0
vn -0.409382 0.912363 0.0
vn -0.454134 0.890934 0.0
vn -0.454134 0.890934 0.0
vn -0.497764 0.867312 0.0
vn -0.497764 0.867312 0.0
vn -0.540169 0.841557 0.0
vn -0.540169 0.841557 0.0
vn -0.581248 0.813726 0.0
vn -0.581248 0.813726 0.0
vn -0.620894 0.783895 0.0
vn -0.620894 0.783895 0.0
vn -0.659011 0.752133 0.0
vn -0.659011 0.752133 0.0
vn -0.695503 0.718523 0.0
vn -0.695503 0.718523 0.0
vn -0.730291 0.683136 0.0
vn -0.730291 0.683136 0.0
vn -0.763272 0.646077 0.0
vn -0.763272 0.646077 0.0
vn -0.794379 0.607422 0.0
vn -0.82353 0.567273 0.0
vn -0.794379 0.607422 0.0
vn -0.82353 0.567273 0.0
vn -0.850656 0.525723 0.0
vn -0.87568 0.482892 0.0
vn -0.850656 0.525723 0.0
vn -0.898558 0.438854 0.0
vn -0.87568 0.482892 0.0
vn -0.919216 0.393753 0.0
vn -0.898558 0.438854 0.0
vn -0.937617 0.347671 0.0
vn -0.919216 0.393753 0.0
vn -0.953708 0.300736 0.0
vn -0.937617 0.347671 0.0
vn -0.96745 0.253062 0.0
vn -0.953708 0.300736 0.0
vn -0.96745 0.253062 0.0
vn -0.978811 0.204764 0.0
vn -0.978811 0.204764 0.0
vn -0.987764 0.155956 0.0
vn -0.987764 0.155956 0.0
vn -0.994283 0.106778 0.0
vn -0.994283 0.106778 0.0
vn -0.998355 0.057335 0.0
vn -0.998355 0.057335 0.0
vn -0.99997 0.007741 0.0
vn -0.99997 0.007741 0.0
vn -0.999123 -0.041873 0.0
vn -0.999123 -0.041873 0.0
vn -0.995817 -0.091372 0.0
vn -0.995817 -0.091372 0.0
vn -0.990059 -0.140654 0.0
vn -0.990059 -0.140654 0.0
vn -0.981862 -0.189595 0.0
vn -0.981862 -0.189595 0.0
vn -0.971252 -0.238054 0.0
vn -0.971252 -0.238054 0.0
vn -0.958249 -0.285936 0.0
vn -0.958249 -0.285936 0.0
vn -0.942885 -0.333117 0.0
vn -0.942885 -0.333117 0.0
vn -0.925202 -0.379475 0.0
vn -0.905242 -0.424896 0.0
vn -0.925202 -0.379475 0.0
vn -0.883052 -0.469275 0.0
vn -0.905242 -0.424896 0.0
vn -0.85869 -0.512495 0.0
vn -0.883052 -0.469275 0.0
vn -0.85869 -0.512495 0.0
vn -0.0 -1.0 0.0
vn 0.0 -1.0 -0.0
vn -0.0 -0.0 -1.0
vn 0.0 0.0 -1.0
vn -0.0 1.0 0.0
vn 0.0 1.0 0.0
vn 0.0 0.707107 0.707107
vn -0.0 0.707107 0.707107
vn 0.0 0.707107 0.707107
vn 1.0 0.0 0.0
vn 1.0 -0.0 0.0
vn -1.0 -0.0 0.0
vn -1.0 -0.0 0.0
vn -1.0 0.0 0.0
vn -1.0 0.0 0.0
vn 0.0 0.0 1.0
vn 0.0 0.0 1.0
vn 0.0 0.0 1.0
vn 0.0 0.0 1.0
vn 0.0 0.0 1.0
vn 0.0 0.0 1.0
vn 0.0 0.0 1.0
vn 0.0 0.0 1.0
vn 0.0 0.0 1.0
vn 0.0 0.0 1.0
vn 0.0 0.0 1.0
vn 0.0 0.0 1.0
vn 0.0 0.0 1.0
vn 0.0 0.0 1.0
vn 0.0 0.0 1.0
vn 0.0 0.0 1.0
vn 0.0 0.0 1.0
vn 0.0 0.0 1.0
vn 0.0 0.0 1.0
vn 0.0 0.0 1.0
vn 0.0 0.0 1.0
vn 0.0 0.0 1.0
vn 0.0 0.0 1.0
vn 0.0 0.0 1.0
vn 0.0 0.0 1.0
vn 0.0 0.0 1.0
vn 0.0 0.0 1.0
vn 0.0 0.0 1.0
vn 0.0 0.0 1.0
vn 0.0 0.0 1.0
vn 0.0 0.0 1.0
vn 0.0 0.0 1.0
vn 0.0 0.0 1.0
vn 0.0 0.0 1.0
vn 0.0 0.0 1.0
vn 0.0 0.0 1.0
vn 0.0 0.0 1.0
vn 0.0 0.0 1.0
vn 0.0 0.0 1.0
vn 0.0 0.0 1.0
vn 0.0 0.0 1.0
vn 0.0 0.0 1.0
vn 0.0 0.0 1.0
vn 0.0 0.0 1.0
vn 0.0 0.0 1.0
vn 0.0 0.0 1.0
vn 0.0 0.0 1.0
vn 0.0 0.0 1.0
vn 0.0 0.0 1.0
vn 0.0 0.0 1.0
vn 0.0 0.0 1.0
vn 0.0 0.0 1.0
vn 0.0 0.0 1.0
vn 0.0 0.0 1.0
vn 0.0 0.0 1.0
vn 0.0 0.0 1.0
vn 0.0 0.0 1.0
vn 0.0 0.0 1.0
vn 0.0 0.0 1.0
vn 0.0 0.0 1.0
vn 0.0 0.0 1.0
vn 0.0 0.0 1.0
vn 0.0 0.0 1.0
vn 0.0 0.0 1.0
vn 0.0 0.0 1.0
vn 0.0 0.0 1.0
vn 0.0 0.0 1.0
vn 0.0 0.0 1.0
vn 0.0 0.0 1.0
vn 0.0 0.0 1.0
vn 0.0 0.0 1.0
vn 0.0 0.0 1.0
vn 0.0 0.0 1.0
vn 0.0 0.0 1.0
vn 0.0 0.0 1.0
vn 0.0 0.0 1.0
vn 0.0 0.0 1.0
vn 0.0 0.0 1.0
vn 0.0 0.0 1.0
vn 0.0 0.0 1.0
vn 0.0 0.0 1.0
vn 0.0 0.0 1.0
vn 0.0 0.0 1.0
vn 0.0 0.0 1.0
vn 0.0 0.0 1.0
vn 0.0 0.0 1.0
vn 0.0 0.0 1.0
vn 0.0 0.0 1.0
vn 0.0 0.0 1.0
vn 0.0 0.0 1.0
vn 0.0 0.0 1.0
vn 0.0 0.0 1.0
vn 0.0 0.0 1.0
vn 0.0 0.0 1.0
vn 0.0 0.0 1.0
vn 0.0 0.0 1.0
vn 0.0 0.0 1.0
vn 0.0 0.0 1.0
vn 0.0 0.0 1.0
vn 0.0 0.0 1.0
vn 0.0 0.0 1.0
vn 0.0 0.0 1.0
vn 0.0 0.0 1.0
vn 0.0 0.0 1.0
vn 0.0 0.0 1.0
vn 0.0 0.0 1.0
vn 0.0 0.0 1.0
vn 0.0 0.0 1.0
vn 0.0 0.0 1.0
vn 0.0 0.0 1.0
vn 0.0 0.0 1.0
vn 0.0 0.0 1.0
vn 0.0 0.0 1.0
vn 0.0 0.0 1.0
vn 0.0 0.0 1.0
vn 0.0 0.0 1.0
vn 0.0 0.0 1.0
vn 0.0 0.0 1.0
vn 0.0 0.0 1.0
vn 0.0 0.0 1.0
vn 0.0 0.0 1.0
vn 0.0 0.0 1.0
vn 0.0 0.0 1.0
vn 0.0 0.0 1.0
vn 0.0 0.0 1.0
vn 0.0 0.0 1.0
vn 0.0 0.0 1.0
vn 0.0 0.0 1.0
vn 0.0 0.0 1.0
vn 0.0 0.0 1.0
vn 0.0 0.0 1.0
vn 0.0 0.0 1.0
vn 0.0 0.0 1.0
vn 0.0 0.0 1.0
vn 0.0 0.0 1.0
vn 0.0 0.0 1.0
vn 0.0 0.0 1.0
vn 0.0 0.0 1.0
vn 0.0 0.0 1.0
vn 0.0 0.0 1.0
vn 0.0 0.0 1.0
vn 0.0 0.0 1.0
vn 0.0 0.0 1.0
vn 0.0 0.0 1.0
vn 0.0 0.0 1.0
vn 0.0 0.0 1.0
vn 0.0 0.0 1.0
vn 0.0 0.0 1.0
vn 0.0 0.0 1.0
vn 0.0 0.0 1.0
vn 0.0 0.0 1.0
vn 0.0 0.0 1.0
vn 0.0 0.0 1.0
vn 0.0 0.0 1.0
vn 0.0 0.0 1.0
vn 0.0 0.0 1.0
vn 0.0 0.0 1.0
vn 0.0 0.0 1.0
vn 0.0 0.0 1.0
vn 0.0 0.0 1.0
vn 0.0 0.0 1.0
vn 0.0 0.0 1.0
vn 0.0 0.0 1.0
vn 0.0 0.0 1.0
vn 0.0 0.0 1.0
vn 0.0 0.0 1.0
vn 0.0 0.0 1.0
vn 0.0 0.0 1.0
vn 0.0 0.0 1.0
vn 0.0 0.0 1.0
vn 0.0 0.0 1.0
vn 0.0 0.0 1.0
vn 0.0 0.0 1.0
vn 0.0 0.0 1.0
vn 0.0 0.0 1.0
vn 0.0 0.0 1.0
vn 0.0 0.0 1.0
vn 0.0 0.0 1.0
vn 0.0 0.0 1.0
vn 0.0 0.0 1.0
vn 0.0 0.0 1.0
vn 0.0 0.0 1.0
vn 0.0 0.0 1.0
vn 0.0 0.0 1.0
vn 0.0 0.0 1.0
vn 0.0 0.0 1.0
vn 0.0 0.0 1.0
vn 0.0 0.0 1.0
vn 0.0 0.0 1.0
vn 0.0 0.0 1.0
vn 0.0 0.0 1.0
vn 0.0 0.0 1.0
vn 0.0 0.0 1.0
vn 0.0 0.0 1.0
vn 0.0 0.0 1.0
vn 0.0 0.0 1.0
vn 0.0 0.0 1.0
vn 0.0 0.0 1.0
vn 0.0 0.0 1.0
vn 0.0 0.0 1.0
vn 0.0 0.0 1.0
vn 0.0 0.0 1.0
vn 0.0 0.0 1.0
vn 0.0 0.0 1.0
vn 0.0 0.0 1.0
vn 0.0 0.0 1.0
vn 0.0 0.0 1.0
vn 0.0 0.0 1.0
vn 0.0 0.0 1.0
vn 0.0 0.0 1.0
vn 0.0 0.0 1.0
vn 0.0 0.0 1.0
vn 0.0 0.0 1.0
vn 0.0 0.0 1.0
vn 0.0 0.0 1.0
vn 0.0 0.0 1.0
vn 0.0 0.0 1.0
vn 0.0 0.0 1.0
vn 0.0 0.0 1.0
vn 0.0 0.0 1.0
vn 0.0 0.0 1.0
vn 0.0 0.0 1.0
vn 0.0 0.0 1.0
vn 0.0 0.0 1.0
vn 0.0 0.0 1.0
vn 0.0 0.0 1.0
vn 0.0 0.0 1.0
vn 0.0 0.0 1.0
vn 0.0 0.0 1.0
vn 0.0 0.0 1.0
vn 0.0 0.0 1.0
vn 0.0 0.0 1.0
vn 0.0 0.0 1.0
vn 0.0 0.0 1.0
vn 0.0 0.0 1.0
vn 0.0 0.0 1.0
vn 0.0 0.0 1.0
vn 0.0 0.0 1.0
vn 0.0 0.0 1.0
vn 0.0 0.0 1.0
vn 0.0 0.0 1.0
vn 0.0 0.0 1.0
vn 0.0 0.0 1.0
vn 0.0 0.0 1.0
vn 0.0 0.0 1.0
vn 0.0 0.0 1.0
vn 0.0 0.0 1.0
vn 0.0 0.0 1.0
vn 0.0 0.0 1.0
vn 0.0 0.0 1.0
vn 0.0 0.0 1.0
vn 0.0 0.0 1.0
vn 0.0 0.0 1.0
vn 0.0 0.0 1.0
vn 0.0 0.0 1.0
vn 0.0 0.0 1.0
vn 0.0 0.0 1.0
vn 0.0 0.0 1.0
vn 0.0 0.0 1.0
vn 0.0 0.0 1.0
vn 0.0 0.0 1.0
vn 0.0 0.0 1.0
vn 0.0 0.0 1.0
vn 0.0 0.0 1.0
vn 0.0 0.0 1.0
vn 0.0 0.0 1.0
vn 0.0 0.0 1.0
vn 0.0 0.0 1.0
vn 0.0 0.0 1.0
vn 0.0 0.0 1.0
vn 0.0 0.0 1.0
vn 0.0 0.0 1.0
vn 0.0 0.0 1.0
vn 0.0 0.0 1.0
vn 0.0 0.0 1.0
vn 0.0 0.0 1.0
vn 0.0 0.0 1.0
vn 0.0 0.0 1.0
vn 0.0 0.0 1.0
vn 0.0 0.0 1.0
vn 0.0 0.0 1.0
vn 0.0 0.0 1.0
vn 0.0 0.0 1.0
vn 0.0 0.0 1.0
vn 0.0 0.0 1.0
vn 0.0 0.0 1.0
vn 0.0 0.0 1.0
vn 0.0 0.0 1.0
vn 0.0 0.0 1.0
vn 0.0 0.0 1.0
vn 0.0 0.0 1.0
vn 0.0 0.0 1.0
vn 0.0 0.0 1.0
vn 0.0 0.0 1.0
vn 0.0 0.0 1.0
vn 0.0 0.0 1.0
vn 0.0 0.0 1.0
vn 0.0 0.0 1.0
vn 0.0 0.0 1.0
vn 0.0 0.0 1.0
vn 0.0 0.0 1.0
vn 0.0 0.0 1.0
vn 0.0 0.0 1.0
vn 0.0 0.0 1.0
vn 0.0 0.0 1.0
vn 0.0 0.0 1.0
vn 0.0 0.0 1.0
vn 0.0 0.0 1.0
vn 0.0 0.0 1.0
vn 0.0 0.0 1.0
vn 0.0 0.0 1.0
vn 0.0 0.0 1.0
vn 0.0 0.0 1.0
vn 0.0 0.0 1.0
vn 0.0 0.0 1.0
vn 0.0 0.0 1.0
vn 0.0 0.0 1.0
vn 0.0 0.0 1.0
vn 0.0 0.0 1.0
vn 0.0 0.0 1.0
vn 0.0 0.0 1.0
vn 0.0 0.0 1.0
vn 0.0 0.0 1.0
vn 0.0 0.0 1.0
vn 0.0 0.0 1.0
vn 0.0 0.0 1.0
vn 0.0 0.0 1.0
vn 0.0 0.0 1.0
vn 0.0 0.0 1.0
vn 0.0 0.0 1.0
vn 0.0 0.0 1.0
vn 0.0 0.0 1.0
vn 0.0 0.0 1.0
vn 0.0 0.0 1.0
vn 0.0 0.0 1.0
vn 0.0 0.0 1.0
vn 0.0 0.0 1.0
vn 0.0 0.0 1.0
vn 0.0 0.0 1.0
vn 0.0 0.0 1.0
vn 0.0 0.0 1.0
vn 0.0 0.0 1.0
vn 0.0 0.0 1.0
vn 0.0 0.0 1.0
vn 0.0 0.0 1.0
vn 0.0 0.0 1.0
vn 0.0 0.0 1.0
vn 0.0 0.0 1.0
vn 0.0 0.0 1.0
vn 0.0 0.0 1.0
vn 0.0 0.0 1.0
vn 0.0 0.0 1.0
vn 0.0 0.0 1.0
vn 0.0 0.0 1.0
vn 0.0 0.0 1.0
vn 0.0 0.0 1.0
vn 0.0 0.0 1.0
vn 0.0 0.0 1.0
vn 0.0 0.0 1.0
vn 0.0 0.0 1.0
vn 0.0 0.0 1.0
vn 0.0 0.0 1.0
vn 0.0 0.0 1.0
vn 0.0 0.0 1.0
vn 0.0 0.0 1.0
vn 0.0 0.0 1.0
vn 0.0 0.0 1.0
vn 0.0 0.0 1.0
vn 0.0 0.0 1.0
vn 0.0 0.0 1.0
vn 0.0 0.0 1.0
vn 0.0 0.0 1.0
vn 0.0 0.0 1.0
vn 0.0 0.0 1.0
vn 0.0 0.0 1.0
vn 0.0 0.0 1.0
vn 0.0 0.0 1.0
vn 0.0 0.0 1.0
vn 0.0 0.0 1.0
vn 0.0 0.0 1.0
vn 0.0 0.0 1.0
vn 0.0 0.0 1.0
vn 0.0 0.0 1.0
vn 0.0 0.0 1.0
vn 0.0 0.0 1.0
vn 0.0 0.0 1.0
vn 0.0 0.0 1.0
vn 0.0 0.0 1.0
vn 0.0 0.0 1.0
vn 0.0 0.0 1.0
vn 0.0 0.0 1.0
vn 0.0 0.0 1.0
vn 0.0 0.0 1.0
vn 0.0 0.0 1.0
vn 0.0 0.0 1.0
vn 0.0 0.0 1.0
vn 0.0 0.0 1.0
vn 0.0 0.0 1.0
vn 0.0 0.0 1.0
vn 0.0 0.0 1.0
vn 0.0 0.0 1.0
vn 0.0 0.0 1.0
vn 0.0 0.0 1.0
vn 0.0 0.0 1.0
vn 0.0 0.0 1.0
vn 0.0 0.0 1.0
vn 0.0 0.0 1.0
vn 0.0 0.0 1.0
vn 0.0 0.0 1.0
vn 0.0 0.0 1.0
vn 0.0 0.0 1.0
vn 0.0 0.0 1.0
vn 0.0 0.0 1.0
vn 0.0 0.0 1.0
vn 0.0 0.0 1.0
vn 0.0 0.0 1.0
vn 0.0 0.0 1.0
vn 0.0 0.0 1.0
vn 0.0 0.0 1.0
vn 0.0 0.0 1.0
vn 0.0 0.0 1.0
vn 0.0 0.0 1.0
vn 0.0 0.0 1.0
vn 0.0 0.0 1.0
vn 0.0 0.0 1.0
vn 0.0 0.0 1.0
vn 0.0 0.0 1.0
vn 0.0 0.0 1.0
vn 0.0 0.0 1.0
vn 0.0 0.0 1.0
vn 0.0 0.0 1.0
vn 0.0 0.0 1.0
vn 0.0 0.0 1.0
vn 0.0 0.0 1.0
vn 0.0 0.0 1.0
vn 0.0 0.0 1.0
vn 0.0 0.0 1.0
vn 0.0 0.0 1.0
vn 0.0 0.0 1.0
vn 0.0 0.0 1.0
vn 0.0 0.0 1.0
vn 0.0 0.0 1.0
vn 0.0 0.0 1.0
vn 0.0 0.0 1.0
vn 0.0 0.0 1.0
vn 0.0 0.0 1.0
vn 0.0 0.0 1.0
vn 0.0 0.0 1.0
vn 0.0 0.0 1.0
vn 0.0 0.0 1.0
vn 0.0 0.0 1.0
vn 0.0 0.0 1.0
vn 0.0 0.0 1.0
vn 0.0 0.0 1.0
vn 0.0 0.0 1.0
vn 0.0 0.0 1.0
vn 0.0 0.0 1.0
vn 0.0 0.0 1.0
vn 0.0 0.0 1.0
vn 0.0 0.0 1.0
vn 0.0 0.0 1.0
vn 0.0 0.0 1.0
vn 0.0 0.0 1.0
vn 0.0 0.0 1.0
vn 0.0 0.0 1.0
vn 0.0 0.0 1.0
vn 0.0 0.0 1.0
vn 0.0 0.0 1.0
vn 0.0 0.0 1.0
vn 0.0 0.0 1.0
vn 0.0 0.0 1.0
vn 0.0 0.0 1.0
vn 0.0 0.0 1.0
vn 0.0 0.0 1.0
vn 0.0 0.0 1.0
vn 0.0 0.0 1.0
vn 0.0 0.0 1.0
vn 0.0 0.0 1.0
vn 0.0 0.0 1.0
vn 0.0 0.0 1.0
vn 0.0 0.0 1.0
vn 0.0 0.0 1.0
vn 0.0 0.0 1.0
vn 0.0 0.0 1.0
vn 0.0 0.0 1.0
vn 0.0 0.0 1.0
vn 0.0 0.0 1.0
vn 0.0 0.0 1.0
vn 0.0 0.0 1.0
vn 0.0 0.0 1.0
vn 0.0 0.0 1.0
vn 0.0 0.0 1.0
vn 0.0 0.0 1.0
vn 0.0 0.0 1.0
vn 0.0 0.0 1.0
vn 0.0 0.0 1.0
vn 0.0 0.0 1.0
vn 0.0 0.0 1.0
vn 0.0 0.0 1.0
vn 0.0 0.0 1.0
vn 0.0 0.0 1.0
vn 0.0 0.0 1.0
vn 0.0 0.0 1.0
vn 0.0 0.0 1.0
vn 0.0 0.0 1.0
vn 0.0 0.0 1.0
vn 0.0 0.0 1.0
vn 0.0 0.0 1.0
vn 0.0 0.0 1.0
vn 0.0 0.0 1.0
vn 0.0 0.0 1.0
vn 0.0 0.0 1.0
vn 0.0 0.0 1.0
vn 0.0 0.0 1.0
vn 0.0 0.0 1.0
vn 0.0 0.0 1.0
vn 0.0 0.0 1.0
vn 0.0 0.0 1.0
vn 0.0 0.0 1.0
vn 0.0 0.0 1.0
vn 0.0 0.0 1.0
vn 0.0 0.0 1.0
vn 0.0 0.0 1.0
vn 0.0 0.0 1.0
vn 0.0 0.0 1.0
vn 0.0 0.0 1.0
vn 0.0 0.0 1.0
vn 0.0 0.0 1.0
vn 0.0 0.0 1.0
vn 0.0 0.0 1.0
vn 0.0 0.0 1.0
vn 0.0 0.0 1.0
vn 0.0 0.0 1.0
vn 0.0 0.0 1.0
vn 0.0 0.0 1.0
vn 0.0 0.0 1.0
vn 0.0 0.0 1.0
vn 0.0 0.0 1.0
vn 0.0 0.0 1.0
vn 0.0 0.0 1.0
vn 0.0 0.0 1.0
vn 0.0 0.0 1.0
vn 0.0 0.0 1.0
vn 0.0 0.0 1.0
vn 0.0 0.0 1.0
vn 0.0 0.0 1.0
vn 0.0 0.0 1.0
vn 0.0 0.0 1.0
vn 0.0 0.0 1.0
vn 0.0 0.0 1.0
vn 0.0 0.0 1.0
vn 0.0 0.0 1.0
vn 0.0 0.0 1.0
vn 0.0 0.0 1.0
vn 0.0 0.0 1.0
vn 0.0 0.0 1.0
vn 0.0 0.0 1.0
vn 0.0 0.0 1.0
vn 0.0 0.0 1.0
vn 0.0 0.0 1.0
vn 0.0 0.0 1.0
vn 0.0 0.0 1.0
vn 0.0 0.0 1.0
vn 0.0 0.0 1.0
vn 0.0 0.0 1.0
vn 0.0 0.0 1.0
vn 0.0 0.0 1.0
vn 0.0 0.0 1.0
vn 0.0 0.0 1.0
vn 0.0 0.0 1.0
vn 0.0 0.0 1.0
vn 0.0 0.0 1.0
vn 0.0 0.0 1.0
vn 0.0 0.0 1.0
vn 0.0 0.0 1.0
vn 0.0 0.0 1.0
vn 0.0 0.0 1.0
vn 0.0 0.0 1.0
vn 0.0 0.0 1.0
vn 0.0 0.0 1.0
vn 0.0 0.0 1.0
vn 0.0 0.0 1.0
vn 0.0 0.0 1.0
vn 0.0 0.0 1.0
vn 0.0 0.0 1.0
vn 0.0 0.0 1.0
vn 0.0 0.0 1.0
vn 0.0 0.0 1.0
vn 0.0 0.0 1.0
vn 0.0 0.0 1.0
vn 0.0 0.0 1.0
vn 0.0 0.0 1.0
vn 0.0 0.0 1.0
vn 0.0 0.0 1.0
vn 0.0 0.0 1.0
vn 0.0 0.0 1.0
vn 0.0 0.0 1.0
vn 0.0 0.0 1.0
vn 0.0 0.0 1.0
vn 0.0 0.0 1.0
vn 0.0 0.0 1.0
vn 0.0 0.0 1.0
vn 0.0 0.0 1.0
vn 0.0 0.0 1.0
vn 0.0 0.0 1.0
vn 0.0 0.0 1.0
vn 0.0 0.0 1.0
vn 0.0 0.0 1.0
vn 0.0 0.0 1.0
vn 0.0 0.0 1.0
vn 0.0 0.0 1.0
vn 0.0 0.0 1.0
vn 0.0 0.0 1.0
vn 0.0 0.0 1.0
vn 0.0 0.0 1.0
vn 0.0 0.0 1.0
vn 0.0 0.0 1.0
vn 0.0 0.0 1.0
vn 0.0 0.0 1.0
vn 0.0 0.0 1.0
vn 0.0 0.0 1.0
vn 0.0 0.0 1.0
vn 0.0 0.0 1.0
vn 0.0 0.0 1.0
vn 0.0 0.0 1.0
vn 0.0 0.0 1.0
vn 0.0 0.0 1.0
vn 0.0 0.0 1.0
vn 0.0 0.0 1.0
vn 0.0 0.0 1.0
vn 0.0 0.0 1.0
vn 0.0 0.0 1.0
vn 0.0 0.0 1.0
vn 0.0 0.0 1.0
vn 0.0 0.0 1.0
vn 0.0 0.0 1.0
vn 0.0 0.0 1.0
vn 0.0 0.0 1.0
vn 0.0 0.0 1.0
vn 0.0 0.0 1.0
vn 0.0 0.0 1.0
vn 0.0 0.0 1.0
vn 0.0 0.0 1.0
vn 0.0 0.0 1.0
vn 0.0 0.0 1.0
vn 0.0 0.0 1.0
vn 0.0 0.0 1.0
vn 0.0 0.0 1.0
vn 0.0 0.0 1.0
vn 0.0 0.0 1.0
vn 0.0 0.0 1.0
vn 0.0 0.0 1.0
vn 0.0 0.0 1.0
vn 0.0 0.0 1.0
vn 0.0 0.0 1.0
vn 0.0 0.0 1.0
vn 0.0 0.0 1.0
vn 0.0 0.0 1.0
vn 0.0 0.0 1.0
vn 0.0 0.0 1.0
vn 0.0 0.0 1.0
vn 0.0 0.0 1.0
vn 0.0 0.0 1.0
vn 0.0 0.0 1.0
vn 0.0 0.0 1.0
vn 0.0 0.0 1.0
vn 0.0 0.0 1.0
vn 0.0 0.0 1.0
vn 0.0 0.0 1.0
vn 0.0 0.0 1.0
vn 0.0 0.0 1.0
vn 0.0 0.0 1.0
vn 0.0 0.0 1.0
vn 0.0 0.0 1.0
vn 0.0 0.0 1.0
vn 0.0 0.0 1.0
vn 0.0 0.0 1.0
vn 0.0 0.0 1.0
vn 0.0 0.0 1.0
vn 0.0 0.0 1.0
vn 0.0 0.0 1.0
vn 0.0 0.0 1.0
vn 0.0 0.0 1.0
vn 0.0 0.0 1.0
vn 0.0 0.0 1.0
vn 0.0 0.0 1.0
vn 0.0 0.0 1.0
vn 0.0 0.0 1.0
vn 0.0 0.0 1.0
vn 0.0 0.0 1.0
vn 0.0 0.0 1.0
vn 0.0 0.0 1.0
vn 0.0 0.0 1.0
vn 0.0 0.0 1.0
vn 0.0 0.0 1.0
vn 0.0 0.0 1.0
vn 0.0 0.0 1.0
vn 0.0 0.0 1.0
vn 0.0 0.0 1.0
vn 0.0 0.0 1.0
vn 0.0 0.0 1.0
vn 0.0 0.0 1.0
vn 0.0 0.0 1.0
vn 0.0 0.0 1.0
vn 0.0 0.0 1.0
vn 0.0 0.0 1.0
vn 0.0 0.0 1.0
vn 0.0 0.0 1.0
vn 0.0 0.0 1.0
vn 0.0 0.0 1.0
vn 0.0 0.0 1.0
vn 0.0 0.0 1.0
vn 0.0 0.0 1.0
vn 0.0 0.0 1.0
vn 0.0 0.0 1.0
vn 0.0 0.0 1.0
vn 0.0 0.0 1.0
vn 0.0 0.0 1.0
vn 0.0 0.0 1.0
vn 0.0 0.0 1.0
vn 0.0 0.0 1.0
vn 0.0 0.0 1.0
vn 0.0 0.0 1.0
vn 0.0 0.0 1.0
vn 0.0 0.0 1.0
vn 0.0 0.0 1.0
vn 0.0 0.0 1.0
vn 0.0 0.0 1.0
vn 0.0 0.0 1.0
vn 0.0 0.0 1.0
vn 0.0 0.0 1.0
vn 0.0 0.0 1.0
vn 0.0 0.0 1.0
vn 0.0 0.0 1.0
vn 0.0 0.0 1.0
vn 0.0 0.0 1.0
vn 0.0 0.0 1.0
vn 0.0 0.0 1.0
vn 0.0 0.0 1.0
vn 0.0 0.0 1.0
vn 0.0 0.0 1.0
vn 0.0 0.0 1.0
vn 0.0 0.0 1.0
vn 0.0 0.0 1.0
vn 0.0 0.0 1.0
vn 0.0 0.0 1.0
vn 0.0 0.0 1.0
vn 0.0 0.0 1.0
vn 0.0 0.0 1.0
vn 0.0 0.0 1.0
vn 0.0 0.0 1.0
vn 0.0 0.0 1.0
vn 0.0 0.0 1.0
vn 0.0 0.0 1.0
vn 0.0 0.0 1.0
vn 0.0 0.0 1.0
vn 0.0 0.0 1.0
vn 0.0 0.0 1.0
vn 0.0 0.0 1.0
vn 0.0 0.0 1.0
vn 0.0 0.0 1.0
vn 0.0 0.0 1.0
vn 0.0 0.0 1.0
vn 0.0 0.0 1.0
vn 0.0 0.0 1.0
vn 0.0 0.0 1.0
vn 0.0 0.0 1.0
vn 0.0 0.0 1.0
vn 0.0 0.0 1.0
vn 0.0 0.0 1.0
vn 0.0 0.0 1.0
vn 0.0 0.0 1.0
vn 0.0 0.0 1.0
vn 0.0 0.0 1.0
vn 0.0 0.0 1.0
vn 0.0 0.0 1.0
vn 0.0 0.0 1.0
vn 0.0 0.0 1.0
vn 0.0 0.0 1.0
vn 0.0 0.0 1.0
vn 0.0 0.0 1.0
vn 0.0 0.0 1.0
vn 0.0 0.0 1.0
vn 0.0 0.0 1.0
vn 0.0 0.0 1.0
vn 0.0 0.0 1.0
vn 0.0 0.0 1.0
vn 0.0 0.0 1.0
vn 0.0 0.0 1.0
vn 0.0 0.0 1.0
vn 0.0 0.0 1.0
vn 0.0 0.0 1.0
vn 0.0 0.0 1.0
vn 0.0 0.0 1.0
vn 0.0 0.0 1.0
vn 0.0 0.0 1.0
vn 0.0 0.0 1.0
vn 0.0 0.0 1.0
vn 0.0 0.0 1.0
vn 0.0 0.0 1.0
vn 0.0 0.0 1.0
vn 0.0 0.0 1.0
vn 0.0 0.0 1.0
vn 0.0 0.0 1.0
vn 0.0 0.0 1.0
vn 0.0 0.0 1.0
vn 0.0 0.0 1.0
vn 0.0 0.0 1.0
vn 0.0 0.0 1.0
vn 0.0 0.0 1.0
vn 0.0 0.0 1.0
vn 0.0 0.0 1.0
vn 0.0 0.0 1.0
vn 0.0 0.0 1.0
vn 0.0 0.0 1.0
vn 0.0 0.0 1.0
vn 0.0 0.0 1.0
vn 0.0 0.0 1.0
vn 0.0 0.0 1.0
vn 0.0 0.0 1.0
vn 0.0 0.0 1.0
vn 0.0 0.0 1.0
vn 0.0 0.0 1.0
vn 0.0 0.0 1.0
vn 0.0 0.0 1.0
vn 0.0 0.0 1.0
vn 0.0 0.0 1.0
vn 0.0 0.0 1.0
vn 0.0 0.0 1.0
vn 0.0 0.0 1.0
vn 0.0 0.0 1.0
vn 0.0 0.0 1.0
vn 0.0 0.0 1.0
vn 0.0 0.0 1.0
vn 0.0 0.0 1.0
vn 0.0 0.0 1.0
vn 0.0 0.0 1.0
vn 0.0 0.0 1.0
vn 0.0 0.0 1.0
vn 0.0 0.0 1.0
vn 0.0 0.0 1.0
vn 0.0 0.0 1.0
vn 0.0 0.0 1.0
vn 0.0 0.0 1.0
vn 0.0 0.0 1.0
vn 0.0 0.0 1.0
vn 0.0 0.0 1.0
vn 0.0 0.0 1.0
vn 0.0 0.0 1.0
vn 0.0 0.0 1.0
vn 0.0 0.0 1.0
vn 0.0 0.0 1.0
vn 0.0 0.0 1.0
vn 0.0 0.0 1.0
vn 0.0 0.0 1.0
vn 0.0 0.0 1.0
vn 0.0 0.0 1.0
vn 0.0 0.0 1.0
vn 0.0 0.0 1.0
vn 0.0 0.0 1.0
vn 0.0 0.0 1.0
vn 0.0 0.0 1.0
vn 0.0 0.0 1.0
vn 0.0 0.0 1.0
vn 0.0 0.0 1.0
vn 0.0 0.0 1.0
vn 0.0 0.0 1.0
vn 0.0 0.0 1.0
vn 0.0 0.0 1.0
vn 0.0 0.0 1.0
vn 0.0 0.0 1.0
vn 0.0 0.0 1.0
vn 0.0 0.0 1.0
vn 0.0 0.0 1.0
vn 0.0 0.0 1.0
vn 0.0 0.0 1.0
vn 0.0 0.0 1.0
vn 0.0 0.0 1.0
vn 0.0 0.0 1.0
vn 0.0 0.0 1.0
vn 0.0 0.0 1.0
vn 0.0 0.0 1.0
vn 0.0 0.0 1.0
vn 0.0 0.0 1.0
vn 0.0 0.0 1.0
vn 0.0 0.0 1.0
vn 0.0 0.0 1.0
vn 0.0 0.0 1.0
vn 0.0 0.0 1.0
vn 0.0 0.0 1.0
vn 0.0 0.0 1.0
vn 0.0 0.0 1.0
vn 0.0 0.0 1.0
vn 0.0 0.0 1.0
vn 0.0 0.0 1.0
vn 0.0 0.0 1.0
vn 0.0 0.0 1.0
vn 0.0 0.0 1.0
vn 0.0 0.0 1.0
vn 0.0 0.0 1.0
vn 0.0 0.0 1.0
vn 0.0 0.0 1.0
vn 0.0 0.0 1.0
vn 0.0 0.0 1.0
vn 0.0 0.0 1.0
vn 0.0 0.0 1.0
vn 0.0 0.0 1.0
vn 0.0 0.0 1.0
vn 0.0 0.0 1.0
vn 0.0 0.0 1.0
vn 0.0 0.0 1.0
vn 0.0 0.0 1.0
vn 0.0 0.0 1.0
vn 0.0 0.0 1.0
vn 0.0 0.0 1.0
vn 0.0 0.0 1.0
vn 0.0 0.0 1.0
vn 0.0 0.0 1.0
vn 0.0 0.0 1.0
vn 0.0 0.0 1.0
vn 0.0 0.0 1.0
vn 0.0 0.0 1.0
vn 0.0 0.0 1.0
vn 0.0 0.0 1.0
vn 0.0 0.0 1.0
vn 0.0 0.0 1.0
vn 0.0 0.0 1.0
vn 0.0 0.0 1.0
vn 0.0 0.0 1.0
vn 0.0 0.0 1.0
vn 0.0 0.0 1.0
vn 0.0 0.0 1.0
vn 0.0 0.0 1.0
vn 0.0 0.0 1.0
vn 0.0 0.0 1.0
vn 0.0 0.0 1.0
vn 0.0 0.0 1.0
vn 0.0 0.0 1.0
vn 0.0 0.0 1.0
vn 0.0 0.0 1.0
vn 0.0 0.0 1.0
vn 0.0 0.0 1.0
vn 0.0 0.0 1.0
vn 0.0 0.0 1.0
vn 0.0 0.0 1.0
vn 0.0 0.0 1.0
vn 0.0 0.0 1.0
vn 0.0 0.0 1.0
vn 0.0 0.0 1.0
vn 0.0 0.0 1.0
vn 0.0 0.0 1.0
vn 0.0 0.0 1.0
vn 0.0 0.0 1.0
vn 0.0 0.0 1.0
vn 0.0 0.0 1.0
vn 0.0 0.0 1.0
vn 0.0 0.0 1.0
vn 0.0 0.0 1.0
vn 0.0 0.0 1.0
vn 0.0 0.0 1.0
vn 0.0 0.0 1.0
vn 0.0 0.0 1.0
vn 0.0 0.0 1.0
vn 0.0 0.0 1.0
vn 0.0 0.0 1.0
vn 0.0 0.0 1.0
vn 0.0 0.0 1.0
vn 0.0 0.0 1.0
vn 0.0 0.0 1.0
vn 0.0 0.0 1.0
vn 0.0 0.0 1.0
vn 0.0 0.0 1.0
vn 0.0 0.0 1.0
vn 0.0 0.0 1.0
vn 0.0 0.0 1.0
vn 0.0 0.0 1.0
vn 0.0 0.0 1.0
vn 0.0 0.0 1.0
vn 0.0 0.0 1.0
vn 0.0 0.0 1.0
vn 0.0 0.0 1.0
vn 0.0 0.0 1.0
vn 0.0 0.0 1.0
vn 0.0 0.0 1.0
vn 0.0 0.0 1.0
vn 0.0 0.0 1.0
vn 0.0 0.0 1.0
vn 0.0 0.0 1.0
vn 0.0 0.0 1.0
vn 0.0 0.0 1.0
vn 0.0 0.0 1.0
vn 0.0 0.0 1.0
vn 0.0 0.0 1.0
vn 0.0 0.0 1.0
vn 0.0 0.0 1.0
vn 0.0 0.0 1.0
vn 0.0 0.0 1.0
vn 0.0 0.0 1.0
vn 0.0 0.0 1.0
vn 0.0 0.0 1.0
vn 0.0 0.0 1.0
vn 0.0 0.0 1.0
vn 0.0 0.0 1.0
vn 0.0 0.0 1.0
vn 0.0 0.0 1.0
vn 0.0 0.0 1.0
vn 0.0 0.0 1.0
vn 0.0 0.0 1.0
vn 0.0 0.0 1.0
vn 0.0 0.0 1.0
vn 0.0 0.0 1.0
vn 0.0 0.0 1.0
vn 0.0 0.0 1.0
vn 0.0 0.0 1.0
vn 0.0 0.0 1.0
vn 0.0 0.0 1.0
vn 0.0 0.0 1.0
vn 0.0 0.0 1.0
vn 0.0 0.0 1.0
vn 0.0 0.0 1.0
vn 0.0 0.0 1.0
vn 0.0 0.0 1.0
vn 0.0 0.0 1.0
vn 0.0 0.0 1.0
vn 0.0 0.0 1.0
vn 0.0 0.0 1.0
vn 0.0 0.0 1.0
vn 0.0 0.0 1.0
vn 0.0 0.0 1.0
vn 0.0 0.0 1.0
vn 0.0 0.0 1.0
vn 0.0 0.0 1.0
vn 0.0 0.0 1.0
vn 0.0 0.0 1.0
vn 0.0 0.0 1.0
vn 0.0 0.0 1.0
vn 0.0 0.0 1.0
vn 0.0 0.0 1.0
vn 0.0 0.0 1.0
vn 0.0 0.0 1.0
vn 0.0 0.0 1.0
vn 0.0 0.0 1.0
vn 0.0 0.0 1.0
vn 0.0 0.0 1.0
vn 0.0 0.0 1.0
vn 0.0 0.0 1.0
vn 0.0 0.0 1.0
vn 0.0 0.0 1.0
vn 0.0 0.0 1.0
vn 0.0 0.0 1.0
vn 0.0 0.0 1.0
vn 0.0 0.0 1.0
vn 0.0 0.0 1.0
vn 0.0 0.0 1.0
vn 0.0 0.0 1.0
vn 0.0 0.0 1.0
vn 0.0 0.0 1.0
vn 0.0 0.0 1.0
vn 0.0 0.0 1.0
vn 0.0 0.0 1.0
vn 0.0 0.0 1.0
vn 0.0 0.0 1.0
vn 0.0 0.0 1.0
vn 0.0 0.0 1.0
vn 0.0 0.0 1.0
vn 0.0 0.0 1.0
vn 0.0 0.0 1.0
vn 0.0 0.0 1.0
vn 0.0 0.0 1.0
vn 0.0 0.0 1.0
vn 0.0 0.0 1.0
vn 0.0 0.0 1.0
vn 0.0 0.0 1.0
vn 0.0 0.0 1.0
vn 0.0 0.0 1.0
vn 0.0 0.0 1.0
vn 0.0 0.0 1.0
vn 0.0 0.0 1.0
vn 0.0 0.0 1.0
vn 0.0 0.0 1.0
vn 0.0 0.0 1.0
vn 0.0 0.0 1.0
vn 0.0 0.0 1.0
vn 0.0 0.0 1.0
vn 0.0 0.0 1.0
vn 0.0 0.0 1.0
vn 0.0 0.0 1.0
vn 0.0 0.0 1.0
vn 0.0 0.0 1.0
vn 0.0 0.0 1.0
vn 0.0 0.0 1.0
vn 0.0 0.0 1.0
vn 0.0 0.0 1.0
vn 0.0 0.0 1.0
vn 0.0 0.0 1.0
vn 0.0 0.0 1.0
vn 0.0 0.0 1.0
vn 0.0 0.0 1.0
vn 0.0 0.0 1.0
vn 0.0 0.0 1.0
vn 0.0 0.0 1.0
vn 0.0 0.0 1.0
vn 0.0 0.0 1.0
vn 0.0 0.0 1.0
vn 0.0 0.0 1.0
vn 0.0 0.0 1.0
vn 0.0 0.0 1.0
vn 0.0 0.0 1.0
vn 0.0 0.0 1.0
vn 0.0 0.0 1.0
vn 0.0 0.0 1.0
vn 0.0 0.0 1.0
vn 0.0 0.0 1.0
vn 0.0 0.0 1.0
vn 0.0 0.0 1.0
vn 0.0 0.0 1.0
vn 0.0 0.0 1.0
vn 0.0 0.0 1.0
vn 0.0 0.0 1.0
vn 0.0 0.0 1.0
vn 0.0 0.0 1.0
vn 0.0 0.0 1.0
vn 0.0 0.0 1.0
vn 0.0 0.0 1.0
vn 0.0 0.0 1.0
vn 0.0 0.0 1.0
vn 0.0 0.0 1.0
vn 0.0 0.0 1.0
vn 0.0 0.0 1.0
vn 0.0 0.0 1.0
vn 0.0 0.0 1.0
vn 0.0 0.0 1.0
vn 0.0 0.0 1.0
vn 0.0 0.0 1.0
vn 0.0 0.0 1.0
vn 0.0 0.0 1.0
vn 0.0 0.0 1.0
vn 0.0 0.0 1.0
vn 0.0 0.0 1.0
vn 0.0 0.0 1.0
vn 0.0 0.0 1.0
vn 0.0 0.0 1.0
vn 0.0 0.0 1.0
vn 0.0 0.0 1.0
vn 0.0 0.0 1.0
vn 0.0 0.0 1.0
vn 0.0 0.0 1.0
vn 0.0 0.0 1.0
vn 0.0 0.0 1.0
vn 0.0 0.0 1.0
vn 0.0 0.0 1.0
vn 0.0 0.0 1.0
vn 0.0 0.0 1.0
vn 0.0 0.0 1.0
vn 0.0 0.0 1.0
vn 0.0 0.0 1.0
vn 0.0 0.0 1.0
vn 0.0 0.0 1.0
vn 0.0 0.0 1.0
vn 0.0 0.0 1.0
vn 0.0 0.0 1.0
vn 0.0 0.0 1.0
vn 0.0 0.0 1.0
vn 0.0 0.0 1.0
vn 0.0 0.0 1.0
vn 0.0 0.0 1.0
vn 0.0 0.0 1.0
vn 0.0 0.0 1.0
vn 0.0 0.0 1.0
vn 0.0 0.0 1.0
vn 0.0 0.0 1.0
vn 0.0 0.0 1.0
vn 0.0 0.0 1.0
vn 0.0 0.0 1.0
vn 0.0 0.0 1.0
vn 0.0 0.0 1.0
vn 0.0 0.0 1.0
vn 0.0 0.0 1.0
vn 0.0 0.0 1.0
vn 0.0 0.0 1.0
vn 0.0 0.0 1.0
vn 0.0 0.0 1.0
vn 0.0 0.0 1.0
vn 0.0 0.0 1.0
vn 0.0 0.0 1.0
vn 0.0 0.0 1.0
vn 0.0 0.0 1.0
vn 0.0 0.0 1.0
vn 0.0 0.0 1.0
vn 0.0 0.0 1.0
vn 0.0 0.0 1.0
vn 0.0 0.0 1.0
vn 0.0 0.0 1.0
vn 0.0 0.0 1.0
vn 0.0 0.0 1.0
vn 0.0 0.0 1.0
vn 0.0 0.0 1.0
vn 0.0 0.0 1.0
vn 0.0 0.0 1.0
vn 0.0 0.0 1.0
vn 0.0 0.0 1.0
vn 0.0 0.0 1.0
vn 0.0 0.0 1.0
vn 0.0 0.0 1.0
vn 0.0 0.0 1.0
vn 0.0 0.0 1.0
vn 0.0 0.0 1.0
vn 0.0 0.0 1.0
vn 0.0 0.0 1.0
vn 0.0 0.0 1.0
vn 0.0 0.0 1.0
vn 0.0 0.0 1.0
vn 0.0 0.0 1.0
vn 0.0 0.0 1.0
vn 0.0 0.0 1.0
vn 0.0 0.0 1.0
vn 0.0 0.0 1.0
vn 0.0 0.0 1.0
vn 0.0 0.0 1.0
vn 0.0 0.0 1.0
vn -0.99969 -0.024894 0.0
vn -0.99969 -0.024894 0.0
vn -0.997203 -0.07474 0.0
vn -0.997203 -0.07474 0.0
vn -0.992238 -0.124352 0.0
vn -0.992238 -0.124352 0.0
vn -0.984804 -0.173669 0.0
vn -0.984804 -0.173669 0.0
vn -0.974929 -0.222515 0.0
vn -0.974929 -0.222515 0.0
vn -0.962626 -0.270832 0.0
vn -0.947924 -0.318498 0.0
vn -0.962626 -0.270832 0.0
vn -0.947924 -0.318498 0.0
vn -0.930871 -0.365348 0.0
vn -0.930871 -0.365348 0.0
vn -0.911521 -0.411254 0.0
vn -0.911521 -0.411254 0.0
vn -0.889871 -0.456213 0.0
vn -0.889871 -0.456213 0.0
vn -0.866029 -0.499994 0.0
vn -0.866029 -0.499994 0.0
vn -0.840025 -0.542548 0.0
vn -0.840025 -0.542548 0.0
vn -0.811938 -0.583743 0.0
vn -0.811938 -0.583743 0.0
vn -0.781815 -0.62351 0.0
vn -0.781815 -0.62351 0.0
vn -0.749797 -0.661667 0.0
vn -0.749797 -0.661667 0.0
vn -0.71585 -0.698254 0.0
vn -0.71585 -0.698254 0.0
vn -0.680173 -0.733051 0.0
vn -0.680173 -0.733051 0.0
vn -0.642786 -0.766046 0.0
vn -0.642786 -0.766046 0.0
vn -0.603797 -0.797138 0.0
vn -0.563335 -0.826229 0.0
vn -0.603797 -0.797138 0.0
vn -0.521439 -0.853288 0.0
vn -0.563335 -0.826229 0.0
vn -0.521439 -0.853288 0.0
vn -0.478259 -0.878219 0.0
vn -0.478259 -0.878219 0.0
vn -0.433864 -0.900978 0.0
vn -0.433864 -0.900978 0.0
vn -0.388448 -0.92147 0.0
vn -0.388448 -0.92147 0.0
vn -0.342014 -0.939695 0.0
vn -0.342014 -0.939695 0.0
vn -0.294758 -0.955572 0.0
vn -0.294758 -0.955572 0.0
vn -0.246757 -0.969077 0.0
vn -0.246757 -0.969077 0.0
vn -0.198153 -0.980171 0.0
vn -0.198153 -0.980171 0.0
vn -0.149043 -0.988831 0.0
vn -0.149043 -0.988831 0.0
vn -0.099559 -0.995032 0.0
vn -0.099559 -0.995032 0.0
vn -0.049847 -0.998757 0.0
vn -0.049847 -0.998757 0.0
vn 0.0 -1.0 0.0
vn 0.049847 -0.998757 0.0
vn 0.0 -1.0 0.0
vn 0.049847 -0.998757 0.0
vn 0.099559 -0.995032 0.0
vn 0.099559 -0.995032 0.0
vn 0.149043 -0.988831 0.0
vn 0.149043 -0.988831 0.0
vn 0.198153 -0.980171 0.0
vn 0.198153 -0.980171 0.0
vn 0.246757 -0.969077 0.0
vn 0.246757 -0.969077 0.0
vn 0.294758 -0.955572 0.0
vn 0.294758 -0.955572 0.0
vn 0.342014 -0.939695 0.0
vn 0.342014 -0.939695 0.0
vn 0.388448 -0.92147 0.0
vn 0.388448 -0.92147 0.0
vn 0.433864 -0.900978 0.0
vn 0.433864 -0.900978 0.0
vn 0.478259 -0.878219 0.0
vn 0.478259 -0.878219 0.0
vn 0.521439 -0.853288 0.0
vn 0.521439 -0.853288 0.0
vn 0.563335 -0.826229 0.0
vn 0.563335 -0.826229 0.0
vn 0.603797 -0.797138 0.0
vn 0.603797 -0.797138 0.0
vn 0.642786 -0.766046 0.0
vn 0.642786 -0.766046 0.0
vn 0.680173 -0.733051 0.0
vn 0.680173 -0.733051 0.0
vn 0.71585 -0.698254 0.0
vn 0.71585 -0.698254 0.0
vn 0.749797 -0.661667 0.0
vn 0.749797 -0.661667 0.0
vn 0.781815 -0.62351 0.0
vn 0.781815 -0.62351 0.0
vn 0.811938 -0.583743 0.0
vn 0.811938 -0.583743 0.0
vn 0.840025 -0.542548 0.0
vn 0.840025 -0.542548 0.0
vn 0.866029 -0.499994 0.0
vn 0.866029 -0.499994 0.0
vn 0.889871 -0.456213 0.0
vn 0.889871 -0.456213 0.0
vn 0.911521 -0.411254 0.0
vn 0.911521 -0.411254 0.0
vn 0.930871 -0.365348 0.0
vn 0.930871 -0.365348 0.0
vn 0.947924 -0.318498 0.0
vn 0.947924 -0.318498 0.0
vn 0.962626 -0.270832 0.0
vn 0.962626 -0.270832 0.0
vn 0.974929 -0.222515 0.0
vn 0.974929 -0.222515 0.0
vn 0.984804 -0.173669 0.0
vn 0.984804 -0.173669 0.0
vn 0.992238 -0.124352 0.0
vn 0.992238 -0.124352 0.0
vn 0.997203 -0.07474 0.0
vn 0.997203 -0.07474 0.0
vn 0.99969 -0.024894 0.0
vn 0.99969 -0.024894 0.0
vn 0.99969 0.024894 0.0
vn 0.99969 0.024894 -0.0
vn 0.997203 0.07474 0.0
vn 0.997203 0.07474 -0.0
vn 0.992238 0.124352 0.0
vn 0.992238 0.124352 -0.0
vn 0.984804 0.173669 0.0
vn 0.984804 0.173669 -0.0
vn 0.974929 0.222515 0.0
vn 0.974929 0.222515 -0.0
vn 0.962626 0.270832 0.0
vn 0.962626 0.270832 -0.0
vn 0.947924 0.318498 0.0
vn 0.947924 0.318498 -0.0
vn 0.930872 0.365346 0.0
vn 0.930872 0.365346 -0.0
vn 0.91152 0.411257 0.0
vn 0.91152 0.411257 -0.0
vn 0.889872 0.45621 0.0
vn 0.889872 0.45621 -0.0
vn 0.866027 0.499997 -0.0
vn 0.866027 0.499997 -0.0
vn 0.840025 0.542548 0.0
vn 0.840025 0.542548 -0.0
vn 0.811941 0.58374 0.0
vn 0.811941 0.58374 -0.0
vn 0.781812 0.623514 0.0
vn 0.781812 0.623514 -0.0
vn 0.749794 0.661671 0.0
vn 0.749794 0.661671 -0.0
vn 0.715854 0.69825 0.0
vn 0.715854 0.69825 -0.0
vn 0.680177 0.733048 0.0
vn 0.680177 0.733048 -0.0
vn 0.642777 0.766053 0.0
vn 0.642777 0.766053 -0.0
vn 0.603807 0.797131 0.0
vn 0.603807 0.797131 -0.0
vn 0.563335 0.826229 -0.0
vn 0.563335 0.826229 0.0
vn 0.521439 0.853288 -0.0
vn 0.521439 0.853288 0.0
vn 0.478248 0.878225 -0.0
vn 0.478248 0.878225 0.0
vn 0.43387 0.900975 -0.0
vn 0.43387 0.900975 0.0
vn 0.388455 0.921468 -0.0
vn 0.388455 0.921468 0.0
vn 0.342007 0.939697 0.0
vn 0.342007 0.939697 -0.0
vn 0.294758 0.955572 0.0
vn 0.294758 0.955572 -0.0
vn 0.246757 0.969077 0.0
vn 0.246757 0.969077 -0.0
vn 0.198146 0.980173 0.0
vn 0.198146 0.980173 -0.0
vn 0.149043 0.988831 0.0
vn 0.149043 0.988831 -0.0
vn 0.099566 0.995031 0.0
vn 0.099566 0.995031 -0.0
vn 0.049847 0.998757 0.0
vn 0.049847 0.998757 -0.0
vn 0.0 1.0 0.0
vn 0.0 1.0 -0.0
vn -0.049847 0.998757 0.0
vn -0.049847 0.998757 0.0
vn -0.099566 0.995031 0.0
vn -0.099566 0.995031 0.0
vn -0.149043 0.988831 0.0
vn -0.149043 0.988831 0.0
vn -0.198146 0.980173 0.0
vn -0.198146 0.980173 0.0
vn -0.246757 0.969077 0.0
vn -0.246757 0.969077 0.0
vn -0.294758 0.955572 0.0
vn -0.294758 0.955572 0.0
vn -0.342007 0.939697 0.0
vn -0.342007 0.939697 0.0
vn -0.388455 0.921468 0.0
vn -0.388455 0.921468 0.0
vn -0.43387 0.900975 0.0
vn -0.43387 0.900975 0.0
vn -0.478248 0.878225 0.0
vn -0.478248 0.878225 0.0
vn -0.521439 0.853288 0.0
vn -0.521439 0.853288 0.0
vn -0.563335 0.826229 0.0
vn -0.563335 0.826229 0.0
vn -0.603807 0.797131 0.0
vn -0.603807 0.797131 0.0
vn -0.642777 0.766053 0.0
vn -0.642777 0.766053 0.0
vn -0.680177 0.733048 0.0
vn -0.680177 0.733048 0.0
vn -0.715854 0.69825 0.0
vn -0.715854 0.69825 0.0
vn -0.749794 0.661671 0.0
vn -0.749794 0.661671 0.0
vn -0.781812 0.623514 0.0
vn -0.781812 0.623514 0.0
vn -0.811941 0.58374 0.0
vn -0.811941 0.58374 0.0
vn -0.840025 0.542548 0.0
vn -0.840025 0.542548 0.0
vn -0.866027 0.499997 0.0
vn -0.866027 0.499997 0.0
vn -0.889872 0.45621 0.0
vn -0.889872 0.45621 0.0
vn -0.91152 0.411257 0.0
vn -0.91152 0.411257 0.0
vn -0.930872 0.365346 0.0
vn -0.930872 0.365346 0.0
vn -0.947924 0.318498 0.0
vn -0.947924 0.318498 0.0
vn -0.962626 0.270832 0.0
vn -0.962626 0.270832 0.0
vn -0.974929 0.222515 0.0
vn -0.974929 0.222515 0.0
vn -0.984804 0.173669 0.0
vn -0.984804 0.173669 0.0
vn -0.992238 0.124352 0.0
vn -0.992238 0.124352 0.0
vn -0.997203 0.07474 0.0
vn -0.997203 0.07474 0.0
vn -0.99969 0.024894 0.0
vn -0.99969 0.024894 0.0
vn 0.0 0.0 1.0
vn 0.0 0.0 1.0
vn 0.0 0.0 1.0
vn 0.0 0.0 1.0
vn 0.0 0.0 1.0
vn 0.0 0.0 1.0
vn 0.0 0.0 1.0
vn 0.0 0.0 1.0
vn 0.0 0.0 1.0
vn 0.0 0.0 1.0
vn 0.0 0.0 1.0
vn 0.0 0.0 1.0
vn 0.0 0.0 1.0
vn 0.0 0.0 1.0
vn 0.0 0.0 1.0
vn 0.0 0.0 1.0
vn 0.0 0.0 1.0
vn 0.0 0.0 1.0
vn 0.0 0.0 1.0
vn 0.0 0.0 1.0
vn 0.0 0.0 1.0
vn 0.0 0.0 1.0
vn 0.0 0.0 1.0
vn 0.0 0.0 1.0
vn 0.0 0.0 1.0
vn 0.0 0.0 1.0
vn 0.0 0.0 1.0
vn 0.0 0.0 1.0
vn 0.0 0.0 1.0
vn 0.0 0.0 1.0
vn 0.0 0.0 1.0
vn 0.0 0.0 1.0
vn 0.0 0.0 1.0
vn 0.0 0.0 1.0
vn 0.0 0.0 1.0
vn 0.0 0.0 1.0
vn 0.0 0.0 1.0
vn 0.0 0.0 1.0
vn 0.0 0.0 1.0
vn 0.0 0.0 1.0
vn 0.0 0.0 1.0
vn 0.0 0.0 1.0
vn 0.0 0.0 1.0
vn 0.0 0.0 1.0
vn 0.0 0.0 1.0
vn 0.0 0.0 1.0
vn 0.0 0.0 1.0
vn 0.0 0.0 1.0
vn 0.0 0.0 1.0
vn 0.0 0.0 1.0
vn 0.0 0.0 1.0
vn 0.0 0.0 1.0
vn 0.0 0.0 1.0
vn 0.0 0.0 1.0
vn 0.0 0.0 1.0
vn 0.0 0.0 1.0
vn 0.0 0.0 1.0
vn 0.0 0.0 1.0
vn 0.0 0.0 1.0
vn 0.0 0.0 1.0
vn 0.0 0.0 1.0
vn 0.0 0.0 1.0
vn 0.0 0.0 1.0
vn 0.0 0.0 1.0
vn 0.0 0.0 1.0
vn 0.0 0.0 1.0
vn 0.0 0.0 1.0
vn 0.0 0.0 1.0
vn 0.0 0.0 1.0
vn 0.0 0.0 1.0
vn 0.0 0.0 1.0
vn 0.0 0.0 1.0
vn 0.0 0.0 1.0
vn 0.0 0.0 1.0
vn 0.0 0.0 1.0
vn 0.0 0.0 1.0
vn 0.0 0.0 1.0
vn 0.0 0.0 1.0
vn 0.0 0.0 1.0
vn 0.0 0.0 1.0
vn 0.0 0.0 1.0
vn 0.0 0.0 1.0
vn 0.0 0.0 1.0
vn 0.0 0.0 1.0
vn 0.0 0.0 1.0
vn 0.0 0.0 1.0
vn 0.0 0.0 1.0
vn 0.0 0.0 1.0
vn 0.0 0.0 1.0
vn 0.0 0.0 1.0
vn 0.0 0.0 1.0
vn 0.0 0.0 1.0
vn 0.0 0.0 1.0
vn 0.0 0.0 1.0
vn 0.0 0.0 1.0
vn 0.0 0.0 1.0
vn 0.0 0.0 1.0
vn 0.0 0.0 1.0
vn 0.0 0.0 1.0
vn 0.0 0.0 1.0
vn 0.0 0.0 1.0
vn 0.0 0.0 1.0
vn 0.0 0.0 1.0
vn 0.0 0.0 1.0
vn 0.0 0.0 1.0
vn 0.0 0.0 1.0
vn 0.0 0.0 1.0
vn 0.0 0.0 1.0
vn 0.0 0.0 1.0
vn 0.0 0.0 1.0
vn 0.0 0.0 1.0
vn 0.0 0.0 1.0
vn 0.0 0.0 1.0
vn 0.0 0.0 1.0
vn 0.0 0.0 1.0
vn 0.0 0.0 1.0
vn 0.0 0.0 1.0
vn 0.0 0.0 1.0
vn 0.0 0.0 1.0
vn 0.0 0.0 1.0
vn 0.0 0.0 1.0
vn 0.0 0.0 1.0
vn 0.0 0.0 1.0
vn 0.0 0.0 1.0
f 1//1 2//1 3//1 
f 1//2 3//2 4//2 
f 4//3 3//3 5//3 
f 4//4 5//4 6//4 
f 7//5 8//5 5//5 
f 5//6 8//6 6//6 
f 9//7 10//7 7//7 
f 10//8 8//8 7//8 
f 10//9 11//9 8//9 
f 2//10 12//10 13//10 
f 12//11 1//11 14//11 
f 14//12 1//12 11//12 
f 11//13 1//13 8//13 
f 2//14 1//14 12//14 
f 13//15 3//15 2//15 
f 9//16 5//16 3//16 
f 9//17 3//17 13//17 
f 7//18 5//18 9//18 
f 15//19 9//19 16//19 
f 17//20 10//20 9//20 
f 17//21 9//21 15//21 
f 18//22 19//22 20//22 
f 18//23 21//23 19//23 
f 20//24 19//24 22//24 
f 20//25 22//25 23//25 
f 24//26 25//26 23//26 
f 24//27 23//27 22//27 
f 26//28 27//28 28//28 
f 29//29 27//29 26//29 
f 28//30 30//30 31//30 
f 27//31 30//31 28//31 
f 31//32 32//32 33//32 
f 30//33 32//33 31//33 
f 33//34 34//34 35//34 
f 32//35 34//35 33//35 
f 35//36 36//36 37//36 
f 34//37 36//37 35//37 
f 37//38 38//38 39//38 
f 36//39 38//39 37//39 
f 39//40 40//40 41//40 
f 38//41 40//41 39//41 
f 41//42 42//42 43//42 
f 40//43 42//43 41//43 
f 43//44 44//44 45//44 
f 42//45 44//45 43//45 
f 45//46 46//46 47//46 
f 44//47 46//47 45//47 
f 47//48 48//48 49//48 
f 46//49 48//49 47//49 
f 49//50 50//50 51//50 
f 48//51 50//51 49//51 
f 51//52 52//52 53//52 
f 50//53 52//53 51//53 
f 53//54 54//54 55//54 
f 52//55 54//55 53//55 
f 55//56 56//56 57//56 
f 54//57 56//57 55//57 
f 57//58 58//58 59//58 
f 56//59 58//59 57//59 
f 59//60 60//60 61//60 
f 58//61 60//61 59//61 
f 60//62 62//62 61//62 
f 61//63 62//63 63//63 
f 63//64 64//64 65//64 
f 62//65 64//65 63//65 
f 64//66 66//66 65//66 
f 65//67 66//67 67//67 
f 67//68 68//68 69//68 
f 66//69 68//69 67//69 
f 69//70 70//70 71//70 
f 68//71 70//71 69//71 
f 71//72 72//72 73//72 
f 70//73 72//73 71//73 
f 73//74 74//74 75//74 
f 72//75 74//75 73//75 
f 75//76 76//76 77//76 
f 74//77 76//77 75//77 
f 77//78 78//78 79//78 
f 76//79 78//79 77//79 
f 79//80 80//80 81//80 
f 78//81 80//81 79//81 
f 80//82 82//82 81//82 
f 81//83 82//83 83//83 
f 82//84 84//84 83//84 
f 83//85 84//85 85//85 
f 84//86 86//86 85//86 
f 85//87 86//87 87//87 
f 86//88 88//88 87//88 
f 87//89 88//89 89//89 
f 88//90 90//90 89//90 
f 89//91 90//91 91//91 
f 90//92 92//92 91//92 
f 91//93 92//93 93//93 
f 92//94 94//94 93//94 
f 93//95 94//95 95//95 
f 94//96 96//96 95//96 
f 95//97 96//97 97//97 
f 96//98 98//98 97//98 
f 97//99 98//99 99//99 
f 98//100 100//100 99//100 
f 99//101 100//101 101//101 
f 100//102 102//102 101//102 
f 101//103 102//103 103//103 
f 103//104 104//104 105//104 
f 102//105 104//105 103//105 
f 105//106 106//106 107//106 
f 104//107 106//107 105//107 
f 107//108 108//108 109//108 
f 106//109 108//109 107//109 
f 109//110 110//110 111//110 
f 108//111 110//111 109//111 
f 110//112 112//112 111//112 
f 111//113 112//113 113//113 
f 112//114 114//114 113//114 
f 113//115 114//115 115//115 
f 114//116 116//116 115//116 
f 115//117 116//117 117//117 
f 116//118 118//118 117//118 
f 119//119 118//119 120//119 
f 117//120 118//120 119//120 
f 118//121 121//121 120//121 
f 121//122 122//122 120//122 
f 120//123 122//123 123//123 
f 122//124 124//124 123//124 
f 123//125 124//125 125//125 
f 124//126 126//126 125//126 
f 125//127 126//127 127//127 
f 126//128 128//128 127//128 
f 127//129 128//129 129//129 
f 128//130 130//130 129//130 
f 129//131 130//131 131//131 
f 130//132 132//132 131//132 
f 131//133 132//133 133//133 
f 132//134 134//134 133//134 
f 133//135 134//135 135//135 
f 134//136 136//136 135//136 
f 135//137 136//137 137//137 
f 136//138 138//138 137//138 
f 137//139 138//139 139//139 
f 138//140 140//140 139//140 
f 139//141 140//141 141//141 
f 140//142 142//142 141//142 
f 141//143 142//143 143//143 
f 144//144 145//144 146//144 
f 143//145 145//145 144//145 
f 142//146 145//146 143//146 
f 145//147 147//147 146//147 
f 146//148 148//148 149//148 
f 147//149 148//149 146//149 
f 149//150 150//150 151//150 
f 148//151 150//151 149//151 
f 151//152 25//152 24//152 
f 150//153 25//153 151//153 
f 21//154 18//154 29//154 
f 21//155 29//155 26//155 
f 152//156 58//156 56//156 
f 153//157 56//157 54//157 
f 153//158 152//158 56//158 
f 154//159 60//159 58//159 
f 154//160 58//160 152//160 
f 155//161 153//161 54//161 
f 155//162 54//162 52//162 
f 156//163 60//163 154//163 
f 156//164 62//164 60//164 
f 157//165 52//165 50//165 
f 157//166 155//166 52//166 
f 158//167 62//167 156//167 
f 158//168 64//168 62//168 
f 159//169 50//169 48//169 
f 159//170 157//170 50//170 
f 160//171 66//171 64//171 
f 160//172 64//172 158//172 
f 161//173 159//173 48//173 
f 161//174 48//174 46//174 
f 162//175 68//175 66//175 
f 162//176 66//176 160//176 
f 163//177 46//177 44//177 
f 163//178 161//178 46//178 
f 164//179 70//179 68//179 
f 164//180 68//180 162//180 
f 165//181 44//181 42//181 
f 165//182 163//182 44//182 
f 166//183 72//183 70//183 
f 166//184 70//184 164//184 
f 167//185 42//185 40//185 
f 167//186 165//186 42//186 
f 168//187 74//187 72//187 
f 168//188 72//188 166//188 
f 169//189 40//189 38//189 
f 169//190 167//190 40//190 
f 170//191 76//191 74//191 
f 170//192 74//192 168//192 
f 171//193 38//193 36//193 
f 171//194 169//194 38//194 
f 172//195 78//195 76//195 
f 172//196 76//196 170//196 
f 173//197 36//197 34//197 
f 173//198 171//198 36//198 
f 174//199 78//199 172//199 
f 174//200 80//200 78//200 
f 175//201 173//201 34//201 
f 175//202 34//202 32//202 
f 176//203 80//203 174//203 
f 176//204 82//204 80//204 
f 177//205 32//205 30//205 
f 177//206 175//206 32//206 
f 178//207 179//207 180//207 
f 181//208 180//208 182//208 
f 181//209 178//209 180//209 
f 183//210 179//210 178//210 
f 183//211 184//211 179//211 
f 185//212 182//212 186//212 
f 185//213 181//213 182//213 
f 187//214 184//214 183//214 
f 187//215 188//215 184//215 
f 189//216 185//216 186//216 
f 190//217 84//217 82//217 
f 190//218 82//218 176//218 
f 191//219 188//219 187//219 
f 191//220 192//220 188//220 
f 193//221 186//221 194//221 
f 193//222 189//222 186//222 
f 195//223 196//223 192//223 
f 195//224 192//224 191//224 
f 197//225 198//225 199//225 
f 197//226 194//226 198//226 
f 197//227 193//227 194//227 
f 200//228 201//228 202//228 
f 200//229 203//229 201//229 
f 204//230 200//230 202//230 
f 205//231 196//231 195//231 
f 205//232 206//232 196//232 
f 207//233 202//233 208//233 
f 207//234 204//234 202//234 
f 209//235 30//235 27//235 
f 209//236 177//236 30//236 
f 210//237 207//237 208//237 
f 211//238 205//238 212//238 
f 213//239 211//239 214//239 
f 215//240 199//240 216//240 
f 215//241 208//241 197//241 
f 215//242 217//242 210//242 
f 215//243 210//243 208//243 
f 215//244 197//244 199//244 
f 218//245 211//245 213//245 
f 218//246 205//246 211//246 
f 219//247 217//247 215//247 
f 219//248 220//248 217//248 
f 221//249 220//249 219//249 
f 221//250 222//250 220//250 
f 221//251 223//251 222//251 
f 224//252 223//252 221//252 
f 225//253 205//253 218//253 
f 225//254 218//254 226//254 
f 227//255 205//255 225//255 
f 228//256 205//256 227//256 
f 229//257 230//257 224//257 
f 229//258 231//258 230//258 
f 229//259 232//259 231//259 
f 233//260 86//260 84//260 
f 233//261 84//261 190//261 
f 234//262 205//262 228//262 
f 234//263 228//263 235//263 
f 236//264 237//264 238//264 
f 236//265 239//265 237//265 
f 236//266 240//266 239//266 
f 236//267 221//267 240//267 
f 241//268 242//268 206//268 
f 241//269 206//269 205//269 
f 243//270 205//270 234//270 
f 244//271 229//271 224//271 
f 244//272 245//272 229//272 
f 246//273 247//273 248//273 
f 249//274 243//274 250//274 
f 251//275 215//275 216//275 
f 252//276 224//276 221//276 
f 252//277 236//277 247//277 
f 252//278 221//278 236//278 
f 252//279 253//279 244//279 
f 252//280 244//280 224//280 
f 254//281 255//281 241//281 
f 254//282 256//282 255//282 
f 254//283 257//283 256//283 
f 258//284 249//284 259//284 
f 260//285 261//285 262//285 
f 260//286 246//286 261//286 
f 263//287 247//287 246//287 
f 263//288 246//288 260//288 
f 264//289 265//289 252//289 
f 264//290 266//290 265//290 
f 264//291 267//291 266//291 
f 268//292 269//292 254//292 
f 270//293 249//293 258//293 
f 270//294 241//294 205//294 
f 270//295 205//295 243//295 
f 270//296 258//296 271//296 
f 270//297 254//297 241//297 
f 270//298 243//298 249//298 
f 272//299 247//299 263//299 
f 273//300 264//300 252//300 
f 274//301 268//301 254//301 
f 275//302 272//302 276//302 
f 277//303 278//303 273//303 
f 277//304 273//304 252//304 
f 279//305 272//305 275//305 
f 280//306 277//306 252//306 
f 280//307 252//307 247//307 
f 281//308 282//308 283//308 
f 281//309 270//309 282//309 
f 284//310 285//310 280//310 
f 286//311 287//311 274//311 
f 286//312 288//312 287//312 
f 289//313 270//313 281//313 
f 290//314 272//314 279//314 
f 290//315 291//315 292//315 
f 290//316 293//316 291//316 
f 290//317 279//317 293//317 
f 294//318 295//318 284//318 
f 296//319 272//319 290//319 
f 296//320 290//320 297//320 
f 298//321 294//321 284//321 
f 298//322 299//322 294//322 
f 300//323 286//323 274//323 
f 300//324 270//324 289//324 
f 300//325 254//325 270//325 
f 300//326 301//326 286//326 
f 300//327 274//327 254//327 
f 302//328 272//328 296//328 
f 303//329 280//329 247//329 
f 303//330 284//330 280//330 
f 303//331 247//331 272//331 
f 303//332 298//332 284//332 
f 304//333 272//333 302//333 
f 304//334 302//334 305//334 
f 306//335 307//335 303//335 
f 308//336 306//336 303//336 
f 309//337 303//337 272//337 
f 309//338 272//338 304//338 
f 309//339 310//339 311//339 
f 309//340 304//340 310//340 
f 309//341 308//341 303//341 
f 312//342 313//342 314//342 
f 315//343 316//343 242//343 
f 315//344 242//344 241//344 
f 317//345 318//345 300//345 
f 319//346 289//346 313//346 
f 319//347 313//347 312//347 
f 320//348 317//348 300//348 
f 320//349 321//349 317//349 
f 320//350 322//350 321//350 
f 323//351 216//351 324//351 
f 323//352 251//352 216//352 
f 325//353 320//353 300//353 
f 326//354 289//354 319//354 
f 326//355 327//355 328//355 
f 326//356 329//356 327//356 
f 326//357 319//357 329//357 
f 330//358 289//358 326//358 
f 331//359 332//359 325//359 
f 331//360 333//360 332//360 
f 334//361 289//361 330//361 
f 334//362 330//362 335//362 
f 336//363 331//363 325//363 
f 336//364 337//364 331//364 
f 338//365 334//365 339//365 
f 340//366 336//366 325//366 
f 341//367 334//367 338//367 
f 342//368 340//368 325//368 
f 343//369 334//369 341//369 
f 344//370 325//370 300//370 
f 344//371 289//371 334//371 
f 344//372 300//372 289//372 
f 344//373 334//373 343//373 
f 345//374 342//374 325//374 
f 345//375 346//375 342//375 
f 345//376 325//376 344//376 
f 347//377 27//377 29//377 
f 347//378 209//378 27//378 
f 348//379 349//379 316//379 
f 348//380 316//380 315//380 
f 350//381 324//381 351//381 
f 350//382 323//382 324//382 
f 352//383 88//383 86//383 
f 352//384 86//384 233//384 
f 353//385 349//385 348//385 
f 353//386 354//386 349//386 
f 355//387 351//387 356//387 
f 355//388 350//388 351//388 
f 357//389 347//389 29//389 
f 357//390 29//390 18//390 
f 358//391 354//391 353//391 
f 358//392 359//392 354//392 
f 360//393 356//393 361//393 
f 360//394 355//394 356//394 
f 362//395 90//395 88//395 
f 362//396 88//396 352//396 
f 363//397 359//397 358//397 
f 363//398 364//398 359//398 
f 365//399 361//399 366//399 
f 365//400 360//400 361//400 
f 367//401 368//401 364//401 
f 367//402 364//402 363//402 
f 369//403 366//403 370//403 
f 369//404 365//404 366//404 
f 371//405 92//405 90//405 
f 371//406 90//406 362//406 
f 372//407 373//407 368//407 
f 372//408 368//408 367//408 
f 374//409 370//409 375//409 
f 374//410 369//410 370//410 
f 376//411 94//411 92//411 
f 376//412 92//412 371//412 
f 377//413 375//413 378//413 
f 377//414 374//414 375//414 
f 379//415 380//415 373//415 
f 379//416 373//416 372//416 
f 381//417 377//417 378//417 
f 381//418 378//418 382//418 
f 383//419 380//419 379//419 
f 383//420 384//420 380//420 
f 385//421 386//421 381//421 
f 385//422 387//422 386//422 
f 388//423 389//423 390//423 
f 391//424 385//424 381//424 
f 392//425 389//425 388//425 
f 392//426 393//426 389//426 
f 394//427 391//427 381//427 
f 395//428 394//428 381//428 
f 396//429 397//429 398//429 
f 396//430 392//430 397//430 
f 399//431 395//431 381//431 
f 399//432 400//432 395//432 
f 399//433 401//433 400//433 
f 402//434 403//434 404//434 
f 402//435 396//435 403//435 
f 405//436 399//436 381//436 
f 405//437 406//437 399//437 
f 407//438 396//438 402//438 
f 407//439 393//439 392//439 
f 407//440 392//440 396//440 
f 407//441 402//441 408//441 
f 409//442 94//442 376//442 
f 409//443 96//443 94//443 
f 410//444 383//444 393//444 
f 410//445 393//445 407//445 
f 411//446 405//446 381//446 
f 411//447 412//447 405//447 
f 413//448 411//448 381//448 
f 414//449 410//449 415//449 
f 416//450 410//450 414//450 
f 417//451 413//451 381//451 
f 417//452 418//452 413//452 
f 419//453 417//453 381//453 
f 420//454 416//454 421//454 
f 420//455 410//455 416//455 
f 422//456 410//456 420//456 
f 423//457 424//457 419//457 
f 423//458 425//458 424//458 
f 423//459 419//459 381//459 
f 426//460 422//460 427//460 
f 426//461 410//461 422//461 
f 428//462 423//462 381//462 
f 429//463 410//463 426//463 
f 430//464 428//464 381//464 
f 431//465 430//465 381//465 
f 432//466 429//466 433//466 
f 432//467 410//467 429//467 
f 434//468 431//468 381//468 
f 434//469 435//469 431//469 
f 436//470 432//470 437//470 
f 438//471 410//471 432//471 
f 438//472 383//472 410//472 
f 438//473 432//473 436//473 
f 439//474 440//474 434//474 
f 441//475 439//475 434//475 
f 442//476 438//476 443//476 
f 444//477 441//477 434//477 
f 445//478 434//478 381//478 
f 445//479 444//479 434//479 
f 446//480 438//480 442//480 
f 446//481 383//481 438//481 
f 447//482 384//482 383//482 
f 447//483 383//483 446//483 
f 447//484 448//484 384//484 
f 449//485 445//485 381//485 
f 450//486 382//486 451//486 
f 450//487 381//487 382//487 
f 452//488 446//488 453//488 
f 452//489 447//489 446//489 
f 452//490 454//490 447//490 
f 455//491 456//491 449//491 
f 457//492 458//492 459//492 
f 457//493 450//493 458//493 
f 460//494 461//494 455//494 
f 460//495 455//495 449//495 
f 462//496 452//496 463//496 
f 464//497 381//497 450//497 
f 464//498 450//498 457//498 
f 465//499 466//499 454//499 
f 465//500 467//500 466//500 
f 468//501 381//501 464//501 
f 469//502 470//502 460//502 
f 469//503 460//503 449//503 
f 471//504 381//504 468//504 
f 472//505 469//505 449//505 
f 473//506 449//506 381//506 
f 473//507 472//507 449//507 
f 474//508 471//508 475//508 
f 476//509 477//509 478//509 
f 476//510 462//510 477//510 
f 479//511 471//511 474//511 
f 480//512 481//512 473//512 
f 480//513 482//513 481//513 
f 483//514 471//514 479//514 
f 483//515 479//515 484//515 
f 485//516 480//516 473//516 
f 486//517 462//517 476//517 
f 486//518 452//518 462//518 
f 487//519 381//519 471//519 
f 487//520 471//520 483//520 
f 488//521 485//521 473//521 
f 489//522 490//522 491//522 
f 489//523 492//523 490//523 
f 493//524 494//524 488//524 
f 495//525 496//525 497//525 
f 495//526 487//526 496//526 
f 495//527 381//527 487//527 
f 498//528 488//528 473//528 
f 498//529 381//529 495//529 
f 498//530 493//530 488//530 
f 498//531 473//531 381//531 
f 499//532 500//532 501//532 
f 499//533 486//533 500//533 
f 499//534 452//534 486//534 
f 502//535 489//535 491//535 
f 502//536 503//536 489//536 
f 502//537 504//537 503//537 
f 505//538 502//538 491//538 
f 505//539 465//539 454//539 
f 505//540 491//540 465//540 
f 506//541 499//541 507//541 
f 506//542 452//542 499//542 
f 506//543 454//543 452//543 
f 508//544 505//544 454//544 
f 509//545 506//545 510//545 
f 511//546 512//546 508//546 
f 513//547 506//547 509//547 
f 514//548 508//548 454//548 
f 514//549 511//549 508//549 
f 515//550 514//550 454//550 
f 516//551 517//551 518//551 
f 516//552 513//552 517//552 
f 516//553 506//553 513//553 
f 519//554 515//554 454//554 
f 519//555 520//555 515//555 
f 521//556 506//556 516//556 
f 522//557 506//557 521//557 
f 523//558 524//558 519//558 
f 525//559 506//559 522//559 
f 526//560 506//560 525//560 
f 526//561 454//561 506//561 
f 526//562 519//562 454//562 
f 526//563 523//563 519//563 
f 527//564 96//564 409//564 
f 527//565 98//565 96//565 
f 528//566 448//566 447//566 
f 529//567 450//567 451//567 
f 530//568 448//568 528//568 
f 530//569 531//569 448//569 
f 532//570 529//570 451//570 
f 533//571 100//571 98//571 
f 533//572 98//572 527//572 
f 534//573 535//573 531//573 
f 534//574 531//574 530//574 
f 536//575 532//575 451//575 
f 537//576 100//576 533//576 
f 537//577 102//577 100//577 
f 538//578 535//578 534//578 
f 538//579 539//579 535//579 
f 540//580 536//580 451//580 
f 541//581 539//581 538//581 
f 541//582 542//582 539//582 
f 543//583 540//583 451//583 
f 544//584 102//584 537//584 
f 544//585 104//585 102//585 
f 545//586 542//586 541//586 
f 545//587 546//587 542//587 
f 547//588 543//588 451//588 
f 547//589 451//589 357//589 
f 548//590 106//590 104//590 
f 548//591 104//591 544//591 
f 549//592 546//592 545//592 
f 549//593 550//593 546//593 
f 551//594 547//594 357//594 
f 552//595 550//595 549//595 
f 552//596 553//596 550//596 
f 554//597 551//597 357//597 
f 555//598 106//598 548//598 
f 108//599 106//599 555//599 
f 556//600 557//600 558//600 
f 556//601 553//601 552//601 
f 556//602 559//602 553//602 
f 560//603 556//603 558//603 
f 560//604 558//604 561//604 
f 562//605 556//605 560//605 
f 563//606 554//606 357//606 
f 564//607 562//607 565//607 
f 566//608 564//608 567//608 
f 566//609 562//609 564//609 
f 566//610 556//610 562//610 
f 568//611 556//611 566//611 
f 569//612 556//612 568//612 
f 570//613 571//613 572//613 
f 570//614 569//614 571//614 
f 573//615 569//615 570//615 
f 573//616 556//616 569//616 
f 574//617 556//617 573//617 
f 574//618 573//618 575//618 
f 576//619 574//619 577//619 
f 576//620 556//620 574//620 
f 578//621 576//621 579//621 
f 580//622 576//622 578//622 
f 580//623 556//623 576//623 
f 581//624 582//624 583//624 
f 581//625 584//625 582//625 
f 581//626 580//626 584//626 
f 581//627 556//627 580//627 
f 585//628 556//628 581//628 
f 586//629 585//629 587//629 
f 588//630 585//630 586//630 
f 589//631 585//631 588//631 
f 590//632 108//632 555//632 
f 591//633 589//633 592//633 
f 593//634 585//634 589//634 
f 593//635 589//635 591//635 
f 110//636 108//636 590//636 
f 594//637 585//637 593//637 
f 595//638 596//638 597//638 
f 595//639 594//639 596//639 
f 598//640 595//640 599//640 
f 598//641 556//641 585//641 
f 598//642 585//642 594//642 
f 598//643 594//643 595//643 
f 600//644 598//644 601//644 
f 602//645 598//645 600//645 
f 602//646 556//646 598//646 
f 603//647 563//647 357//647 
f 603//648 357//648 18//648 
f 604//649 605//649 603//649 
f 604//650 606//650 605//650 
f 607//651 604//651 603//651 
f 608//652 609//652 610//652 
f 608//653 602//653 609//653 
f 611//654 607//654 603//654 
f 612//655 602//655 608//655 
f 612//656 613//656 614//656 
f 612//657 608//657 613//657 
f 615//658 556//658 602//658 
f 615//659 602//659 612//659 
f 616//660 617//660 611//660 
f 616//661 618//661 617//661 
f 616//662 619//662 618//662 
f 620//663 621//663 559//663 
f 620//664 559//664 556//664 
f 622//665 623//665 616//665 
f 622//666 611//666 603//666 
f 622//667 616//667 611//667 
f 624//668 625//668 626//668 
f 627//669 628//669 629//669 
f 627//670 630//670 628//670 
f 627//671 615//671 630//671 
f 631//672 622//672 603//672 
f 632//673 615//673 627//673 
f 633//674 631//674 603//674 
f 634//675 615//675 632//675 
f 635//676 624//676 626//676 
f 635//677 626//677 620//677 
f 635//678 636//678 624//678 
f 635//679 637//679 636//679 
f 638//680 635//680 620//680 
f 638//681 620//681 556//681 
f 638//682 639//682 635//682 
f 640//683 641//683 642//683 
f 643//684 615//684 634//684 
f 643//685 641//685 640//685 
f 643//686 634//686 641//686 
f 644//687 645//687 638//687 
f 646//688 643//688 647//688 
f 648//689 649//689 644//689 
f 648//690 650//690 649//690 
f 651//691 615//691 643//691 
f 651//692 643//692 646//692 
f 651//693 646//693 652//693 
f 653//694 638//694 556//694 
f 653//695 644//695 638//695 
f 653//696 648//696 644//696 
f 653//697 615//697 651//697 
f 653//698 556//698 615//698 
f 654//699 655//699 656//699 
f 657//700 656//700 633//700 
f 657//701 654//701 656//701 
f 658//702 633//702 603//702 
f 658//703 657//703 633//703 
f 659//704 660//704 661//704 
f 662//705 661//705 658//705 
f 662//706 659//706 661//706 
f 662//707 658//707 603//707 
f 663//708 664//708 665//708 
f 666//709 665//709 662//709 
f 666//710 663//710 665//710 
f 666//711 662//711 603//711 
f 667//712 666//712 603//712 
f 668//713 669//713 667//713 
f 670//714 668//714 667//714 
f 671//715 670//715 667//715 
f 672//716 671//716 667//716 
f 673//717 674//717 672//717 
f 673//718 667//718 603//718 
f 673//719 672//719 667//719 
f 675//720 673//720 603//720 
f 676//721 675//721 603//721 
f 677//722 110//722 590//722 
f 678//723 679//723 676//723 
f 678//724 680//724 679//724 
f 681//725 678//725 676//725 
f 681//726 682//726 678//726 
f 681//727 676//727 603//727 
f 683//728 684//728 681//728 
f 683//729 685//729 684//729 
f 686//730 677//730 621//730 
f 686//731 621//731 620//731 
f 687//732 681//732 603//732 
f 687//733 683//733 681//733 
f 112//734 110//734 677//734 
f 688//735 687//735 603//735 
f 688//736 689//736 687//736 
f 690//737 691//737 688//737 
f 692//738 690//738 688//738 
f 693//739 694//739 692//739 
f 693//740 692//740 688//740 
f 695//741 603//741 18//741 
f 696//742 693//742 688//742 
f 697//743 696//743 688//743 
f 698//744 695//744 699//744 
f 700//745 688//745 603//745 
f 700//746 603//746 695//746 
f 700//747 695//747 698//747 
f 700//748 697//748 688//748 
f 701//749 677//749 686//749 
f 114//750 112//750 677//750 
f 702//751 677//751 701//751 
f 116//752 114//752 677//752 
f 703//753 116//753 677//753 
f 703//754 677//754 702//754 
f 704//755 116//755 703//755 
f 118//756 116//756 704//756 
f 705//757 118//757 704//757 
f 121//758 118//758 705//758 
f 706//759 121//759 705//759 
f 122//760 706//760 707//760 
f 122//761 121//761 706//761 
f 124//762 707//762 708//762 
f 124//763 122//763 707//763 
f 709//764 710//764 711//764 
f 712//765 711//765 713//765 
f 714//766 712//766 715//766 
f 714//767 711//767 712//767 
f 714//768 709//768 711//768 
f 714//769 716//769 709//769 
f 717//770 718//770 716//770 
f 717//771 719//771 718//771 
f 717//772 720//772 719//772 
f 721//773 714//773 722//773 
f 723//774 716//774 714//774 
f 723//775 717//775 716//775 
f 724//776 714//776 721//776 
f 724//777 723//777 714//777 
f 725//778 721//778 726//778 
f 725//779 724//779 721//779 
f 727//780 728//780 729//780 
f 727//781 725//781 728//781 
f 730//782 725//782 727//782 
f 731//783 725//783 730//783 
f 731//784 730//784 732//784 
f 733//785 725//785 731//785 
f 733//786 724//786 725//786 
f 734//787 735//787 736//787 
f 734//788 733//788 735//788 
f 737//789 733//789 734//789 
f 126//790 124//790 708//790 
f 126//791 708//791 738//791 
f 126//792 738//792 724//792 
f 739//793 737//793 740//793 
f 741//794 733//794 737//794 
f 741//795 724//795 733//795 
f 741//796 739//796 742//796 
f 741//797 737//797 739//797 
f 743//798 741//798 744//798 
f 745//799 724//799 741//799 
f 745//800 741//800 743//800 
f 746//801 724//801 745//801 
f 747//802 746//802 748//802 
f 749//803 746//803 747//803 
f 750//804 746//804 749//804 
f 751//805 724//805 746//805 
f 751//806 746//806 750//806 
f 752//807 751//807 753//807 
f 754//808 755//808 756//808 
f 754//809 757//809 755//809 
f 758//810 751//810 752//810 
f 759//811 757//811 754//811 
f 759//812 760//812 761//812 
f 759//813 754//813 760//813 
f 759//814 762//814 757//814 
f 759//815 763//815 762//815 
f 759//816 764//816 763//816 
f 759//817 765//817 764//817 
f 766//818 765//818 759//818 
f 767//819 766//819 759//819 
f 768//820 751//820 758//820 
f 769//821 770//821 766//821 
f 769//822 771//822 770//822 
f 772//823 751//823 768//823 
f 773//824 769//824 766//824 
f 773//825 766//825 767//825 
f 773//826 767//826 774//826 
f 775//827 751//827 772//827 
f 776//828 773//828 774//828 
f 776//829 777//829 773//829 
f 778//830 776//830 774//830 
f 779//831 778//831 774//831 
f 780//832 781//832 779//832 
f 782//833 780//833 779//833 
f 783//834 751//834 775//834 
f 783//835 784//835 785//835 
f 783//836 786//836 784//836 
f 783//837 775//837 786//837 
f 787//838 782//838 779//838 
f 788//839 751//839 783//839 
f 789//840 787//840 779//840 
f 790//841 791//841 792//841 
f 793//842 791//842 790//842 
f 794//843 795//843 796//843 
f 797//844 791//844 793//844 
f 798//845 796//845 789//845 
f 798//846 789//846 779//846 
f 798//847 779//847 774//847 
f 798//848 794//848 796//848 
f 799//849 788//849 791//849 
f 799//850 791//850 797//850 
f 800//851 788//851 799//851 
f 801//852 788//852 800//852 
f 802//853 801//853 803//853 
f 802//854 788//854 801//854 
f 804//855 805//855 798//855 
f 804//856 806//856 805//856 
f 807//857 808//857 809//857 
f 807//858 802//858 808//858 
f 810//859 811//859 804//859 
f 810//860 804//860 798//860 
f 812//861 802//861 807//861 
f 812//862 813//862 814//862 
f 812//863 815//863 813//863 
f 812//864 816//864 815//864 
f 812//865 807//865 816//865 
f 812//866 751//866 788//866 
f 812//867 724//867 751//867 
f 812//868 788//868 802//868 
f 817//869 818//869 810//869 
f 819//870 810//870 798//870 
f 819//871 798//871 774//871 
f 819//872 817//872 810//872 
f 820//873 819//873 774//873 
f 821//874 820//874 774//874 
f 821//875 822//875 820//875 
f 823//876 821//876 774//876 
f 823//877 824//877 821//877 
f 825//878 826//878 827//878 
f 828//879 823//879 774//879 
f 828//880 827//880 823//880 
f 828//881 825//881 827//881 
f 829//882 830//882 828//882 
f 128//883 724//883 812//883 
f 128//884 126//884 724//884 
f 831//885 832//885 829//885 
f 831//886 833//886 832//886 
f 831//887 834//887 833//887 
f 835//888 829//888 828//888 
f 835//889 831//889 829//889 
f 836//890 828//890 774//890 
f 836//891 835//891 828//891 
f 836//892 837//892 835//892 
f 838//893 839//893 836//893 
f 840//894 836//894 774//894 
f 840//895 841//895 838//895 
f 840//896 838//896 836//896 
f 842//897 843//897 840//897 
f 842//898 844//898 843//898 
f 845//899 846//899 842//899 
f 845//900 842//900 840//900 
f 847//901 840//901 774//901 
f 847//902 845//902 840//902 
f 130//903 128//903 812//903 
f 132//904 812//904 848//904 
f 132//905 848//905 849//905 
f 132//906 130//906 812//906 
f 134//907 849//907 850//907 
f 134//908 132//908 849//908 
f 136//909 134//909 850//909 
f 136//910 850//910 851//910 
f 138//911 136//911 851//911 
f 138//912 851//912 852//912 
f 853//913 854//913 855//913 
f 856//914 857//914 858//914 
f 856//915 859//915 857//915 
f 860//916 856//916 858//916 
f 861//917 853//917 862//917 
f 863//918 864//918 854//918 
f 863//919 865//919 864//919 
f 866//920 860//920 858//920 
f 867//921 854//921 853//921 
f 867//922 863//922 854//922 
f 868//923 869//923 870//923 
f 868//924 870//924 871//924 
f 872//925 873//925 866//925 
f 874//926 875//926 869//926 
f 874//927 869//927 868//927 
f 876//928 872//928 866//928 
f 877//929 878//929 867//929 
f 877//930 879//930 878//930 
f 880//931 858//931 875//931 
f 880//932 875//932 874//932 
f 881//933 853//933 861//933 
f 881//934 877//934 867//934 
f 881//935 867//935 853//935 
f 882//936 866//936 858//936 
f 882//937 858//937 880//937 
f 883//938 884//938 885//938 
f 883//939 886//939 884//939 
f 883//940 887//940 886//940 
f 883//941 888//941 887//941 
f 889//942 890//942 876//942 
f 889//943 891//943 890//943 
f 892//944 861//944 888//944 
f 892//945 888//945 883//945 
f 893//946 866//946 882//946 
f 893//947 882//947 894//947 
f 895//948 889//948 876//948 
f 895//949 876//949 866//949 
f 896//950 861//950 892//950 
f 896//951 881//951 861//951 
f 896//952 892//952 897//952 
f 896//953 898//953 881//953 
f 899//954 898//954 896//954 
f 899//955 900//955 898//955 
f 901//956 902//956 903//956 
f 901//957 893//957 902//957 
f 901//958 866//958 893//958 
f 904//959 905//959 906//959 
f 907//960 904//960 906//960 
f 908//961 866//961 901//961 
f 908//962 901//962 909//962 
f 910//963 907//963 906//963 
f 910//964 906//964 895//964 
f 910//965 895//965 866//965 
f 911//966 900//966 899//966 
f 911//967 912//967 913//967 
f 911//968 899//968 912//968 
f 911//969 914//969 900//969 
f 911//970 915//970 914//970 
f 911//971 916//971 915//971 
f 911//972 917//972 916//972 
f 911//973 918//973 917//973 
f 919//974 910//974 866//974 
f 920//975 918//975 911//975 
f 921//976 919//976 866//976 
f 921//977 922//977 919//977 
f 140//978 138//978 852//978 
f 140//979 852//979 923//979 
f 924//980 925//980 926//980 
f 924//981 927//981 925//981 
f 924//982 920//982 927//982 
f 928//983 929//983 921//983 
f 928//984 930//984 929//984 
f 931//985 920//985 924//985 
f 932//986 928//986 921//986 
f 933//987 921//987 866//987 
f 933//988 932//988 921//988 
f 934//989 933//989 866//989 
f 935//990 934//990 866//990 
f 936//991 937//991 938//991 
f 936//992 939//992 937//992 
f 936//993 931//993 939//993 
f 940//994 935//994 866//994 
f 941//995 931//995 936//995 
f 942//996 943//996 940//996 
f 944//997 942//997 940//997 
f 944//998 866//998 908//998 
f 944//999 940//999 866//999 
f 945//1000 946//1000 947//1000 
f 945//1001 948//1001 946//1001 
f 949//1002 950//1002 944//1002 
f 949//1003 951//1003 950//1003 
f 952//1004 945//1004 953//1004 
f 954//1005 949//1005 944//1005 
f 955//1006 948//1006 945//1006 
f 955//1007 945//1007 952//1007 
f 956//1008 944//1008 908//1008 
f 956//1009 954//1009 944//1009 
f 957//1010 948//1010 955//1010 
f 958//1011 959//1011 956//1011 
f 960//1012 958//1012 956//1012 
f 961//1013 956//1013 908//1013 
f 961//1014 960//1014 956//1014 
f 962//1015 948//1015 957//1015 
f 962//1016 963//1016 964//1016 
f 962//1017 965//1017 963//1017 
f 962//1018 957//1018 965//1018 
f 966//1019 961//1019 908//1019 
f 967//1020 966//1020 908//1020 
f 968//1021 967//1021 908//1021 
f 969//1022 968//1022 908//1022 
f 970//1023 971//1023 972//1023 
f 970//1024 973//1024 971//1024 
f 970//1025 962//1025 973//1025 
f 974//1026 962//1026 970//1026 
f 975//1027 976//1027 969//1027 
f 975//1028 977//1028 976//1028 
f 978//1029 974//1029 979//1029 
f 980//1030 969//1030 908//1030 
f 980//1031 975//1031 969//1031 
f 981//1032 931//1032 941//1032 
f 981//1033 948//1033 962//1033 
f 981//1034 941//1034 948//1034 
f 981//1035 918//1035 920//1035 
f 981//1036 962//1036 974//1036 
f 981//1037 974//1037 978//1037 
f 981//1038 920//1038 931//1038 
f 982//1039 980//1039 908//1039 
f 142//1040 140//1040 923//1040 
f 142//1041 923//1041 983//1041 
f 20//1042 984//1042 985//1042 
f 20//1043 985//1043 986//1043 
f 20//1044 986//1044 987//1044 
f 20//1045 987//1045 695//1045 
f 20//1046 695//1046 18//1046 
f 20//1047 774//1047 988//1047 
f 20//1048 988//1048 989//1048 
f 20//1049 989//1049 990//1049 
f 20//1050 990//1050 991//1050 
f 20//1051 991//1051 992//1051 
f 20//1052 992//1052 984//1052 
f 145//1053 142//1053 983//1053 
f 145//1054 983//1054 993//1054 
f 994//1055 908//1055 995//1055 
f 994//1056 995//1056 996//1056 
f 994//1057 996//1057 997//1057 
f 994//1058 997//1058 998//1058 
f 994//1059 998//1059 999//1059 
f 994//1060 999//1060 1000//1060 
f 147//1061 993//1061 1001//1061 
f 147//1062 145//1062 993//1062 
f 15//1063 982//1063 908//1063 
f 15//1064 1002//1064 1003//1064 
f 15//1065 1003//1065 1004//1065 
f 15//1066 1004//1066 1005//1066 
f 15//1067 1005//1067 1006//1067 
f 15//1068 1006//1068 1007//1068 
f 15//1069 1007//1069 982//1069 
f 15//1070 908//1070 994//1070 
f 148//1071 1001//1071 918//1071 
f 148//1072 147//1072 1001//1072 
f 1008//1073 1009//1073 1010//1073 
f 1008//1074 1011//1074 1009//1074 
f 1012//1075 1013//1075 1011//1075 
f 1012//1076 1011//1076 1008//1076 
f 1014//1077 1015//1077 1016//1077 
f 1014//1078 1017//1078 1015//1078 
f 1014//1079 1018//1079 1017//1079 
f 1019//1080 1012//1080 1020//1080 
f 1021//1081 1016//1081 1013//1081 
f 1021//1082 1012//1082 1019//1082 
f 1021//1083 1014//1083 1016//1083 
f 1021//1084 1013//1084 1012//1084 
f 1022//1085 1019//1085 1023//1085 
f 1024//1086 1025//1086 1026//1086 
f 1027//1087 1028//1087 1029//1087 
f 1027//1088 1030//1088 1028//1088 
f 1031//1089 1025//1089 1024//1089 
f 1031//1090 1032//1090 1033//1090 
f 1031//1091 1024//1091 1032//1091 
f 1031//1092 1034//1092 1025//1092 
f 1031//1093 1022//1093 1034//1093 
f 1031//1094 1019//1094 1022//1094 
f 1035//1095 994//1095 1000//1095 
f 1035//1096 1000//1096 1036//1096 
f 1035//1097 1036//1097 1037//1097 
f 1035//1098 1037//1098 847//1098 
f 1035//1099 847//1099 774//1099 
f 1035//1100 774//1100 20//1100 
f 1038//1101 1039//1101 1040//1101 
f 1041//1102 1042//1102 1038//1102 
f 1041//1103 1038//1103 1040//1103 
f 1043//1104 1044//1104 1045//1104 
f 1046//1105 1041//1105 1040//1105 
f 1046//1106 1040//1106 1027//1106 
f 1047//1107 1044//1107 1043//1107 
f 1048//1108 1049//1108 1021//1108 
f 1048//1109 1050//1109 1049//1109 
f 1048//1110 1029//1110 1050//1110 
f 1048//1111 1027//1111 1029//1111 
f 1048//1112 1046//1112 1027//1112 
f 1048//1113 1051//1113 1046//1113 
f 1052//1114 1047//1114 1053//1114 
f 1054//1115 1055//1115 1056//1115 
f 1054//1116 1057//1116 1055//1116 
f 1054//1117 1058//1117 1057//1117 
f 1054//1118 1059//1118 1058//1118 
f 1054//1119 1060//1119 1059//1119 
f 1054//1120 1061//1120 1060//1120 
f 1062//1121 1063//1121 1064//1121 
f 1062//1122 1065//1122 1063//1122 
f 1066//1123 1054//1123 1067//1123 
f 1068//1124 1062//1124 1064//1124 
f 1068//1125 1064//1125 1069//1125 
f 1070//1126 1052//1126 1071//1126 
f 1072//1127 1073//1127 1048//1127 
f 1072//1128 1074//1128 1073//1128 
f 1075//1129 1054//1129 1066//1129 
f 1075//1130 1076//1130 1077//1130 
f 1075//1131 1066//1131 1076//1131 
f 1078//1132 1070//1132 1079//1132 
f 1078//1133 1052//1133 1070//1133 
f 1080//1134 1075//1134 1081//1134 
f 1082//1135 1083//1135 1084//1135 
f 1082//1136 1085//1136 1083//1136 
f 1082//1137 1086//1137 1085//1137 
f 1087//1138 1075//1138 1080//1138 
f 1087//1139 1061//1139 1054//1139 
f 1087//1140 1054//1140 1075//1140 
f 1087//1141 1080//1141 1088//1141 
f 1087//1142 1089//1142 1061//1142 
f 1087//1143 1090//1143 1089//1143 
f 1087//1144 1069//1144 1090//1144 
f 1087//1145 1068//1145 1069//1145 
f 1087//1146 1084//1146 1068//1146 
f 1091//1147 1078//1147 1092//1147 
f 1091//1148 1044//1148 1047//1148 
f 1091//1149 1047//1149 1052//1149 
f 1091//1150 1031//1150 1044//1150 
f 1091//1151 1021//1151 1019//1151 
f 1091//1152 1072//1152 1048//1152 
f 1091//1153 1019//1153 1031//1153 
f 1091//1154 1052//1154 1078//1154 
f 1091//1155 1048//1155 1021//1155 
f 1093//1156 1084//1156 1087//1156 
f 1094//1157 1084//1157 1093//1157 
f 1094//1158 1082//1158 1084//1158 
f 1094//1159 1095//1159 1082//1159 
f 1094//1160 1096//1160 1095//1160 
f 1097//1161 1098//1161 1099//1161 
f 1097//1162 1100//1162 1098//1162 
f 1101//1163 1102//1163 1094//1163 
f 1101//1164 1093//1164 1103//1164 
f 1101//1165 1094//1165 1093//1165 
f 1104//1166 1097//1166 1099//1166 
f 1104//1167 1099//1167 1072//1167 
f 1104//1168 1105//1168 1097//1168 
f 1106//1169 1107//1169 1102//1169 
f 1108//1170 1104//1170 1072//1170 
f 1109//1171 1110//1171 1106//1171 
f 1111//1172 1108//1172 1072//1172 
f 1112//1173 1113//1173 1114//1173 
f 1112//1174 1115//1174 1113//1174 
f 1116//1175 1111//1175 1072//1175 
f 1117//1176 1072//1176 1091//1176 
f 1117//1177 1116//1177 1072//1177 
f 1118//1178 1115//1178 1112//1178 
f 1118//1179 1112//1179 1119//1179 
f 1118//1180 1101//1180 1115//1180 
f 1118//1181 1102//1181 1101//1181 
f 1120//1182 1121//1182 1109//1182 
f 1120//1183 1122//1183 1121//1183 
f 1120//1184 1109//1184 1106//1184 
f 1120//1185 1106//1185 1102//1185 
f 1123//1186 1120//1186 1102//1186 
f 1124//1187 1125//1187 1126//1187 
f 1124//1188 1126//1188 1117//1188 
f 1127//1189 1128//1189 1123//1189 
f 1127//1190 1123//1190 1102//1190 
f 1127//1191 1102//1191 1118//1191 
f 1129//1192 1124//1192 1117//1192 
f 1130//1193 1131//1193 1132//1193 
f 1133//1194 1117//1194 1091//1194 
f 1133//1195 1129//1195 1117//1195 
f 1134//1196 1135//1196 1131//1196 
f 1134//1197 1131//1197 1130//1197 
f 1136//1198 1137//1198 1127//1198 
f 1138//1199 1133//1199 1091//1199 
f 1139//1200 1135//1200 1134//1200 
f 1140//1201 1118//1201 1135//1201 
f 1140//1202 1136//1202 1127//1202 
f 1140//1203 1135//1203 1139//1203 
f 1140//1204 1127//1204 1118//1204 
f 1141//1205 1140//1205 1142//1205 
f 1141//1206 1136//1206 1140//1206 
f 1143//1207 1141//1207 1144//1207 
f 1143//1208 1136//1208 1141//1208 
f 150//1209 148//1209 918//1209 
f 150//1210 918//1210 981//1210 
f 1145//1211 1146//1211 1147//1211 
f 1145//1212 1143//1212 1146//1212 
f 1148//1213 1136//1213 1143//1213 
f 1148//1214 1143//1214 1145//1214 
f 1149//1215 1136//1215 1148//1215 
f 16//1216 1091//1216 1150//1216 
f 16//1217 1150//1217 1151//1217 
f 16//1218 1151//1218 1002//1218 
f 16//1219 1035//1219 20//1219 
f 16//1220 1138//1220 1091//1220 
f 16//1221 1002//1221 15//1221 
f 25//1222 1152//1222 1136//1222 
f 25//1223 1136//1223 1149//1223 
f 25//1224 150//1224 981//1224 
f 25//1225 981//1225 1153//1225 
f 25//1226 1153//1226 1154//1226 
f 25//1227 1154//1227 1155//1227 
f 25//1228 1155//1228 1156//1228 
f 25//1229 1156//1229 1157//1229 
f 25//1230 1157//1230 1158//1230 
f 25//1231 1158//1231 1159//1231 
f 25//1232 1159//1232 1160//1232 
f 25//1233 1160//1233 1152//1233 
f 23//1234 25//1234 1149//1234 
f 23//1235 1138//1235 16//1235 
f 23//1236 1149//1236 1161//1236 
f 23//1237 1161//1237 1162//1237 
f 23//1238 1162//1238 1163//1238 
f 23//1239 1163//1239 1164//1239 
f 23//1240 1164//1240 1165//1240 
f 23//1241 1165//1241 1166//1241 
f 23//1242 1166//1242 1167//1242 
f 23//1243 1167//1243 1168//1243 
f 23//1244 1168//1244 1169//1244 
f 23//1245 1169//1245 1170//1245 
f 23//1246 1170//1246 1138//1246 
f 23//1247 16//1247 20//1247 
f 528//1248 447//1248 1171//1248 
f 528//1249 1171//1249 1172//1249 
f 530//1250 1172//1250 1173//1250 
f 530//1251 528//1251 1172//1251 
f 534//1252 1173//1252 1174//1252 
f 534//1253 530//1253 1173//1253 
f 538//1254 1174//1254 1175//1254 
f 538//1255 534//1255 1174//1255 
f 541//1256 1175//1256 1176//1256 
f 541//1257 538//1257 1175//1257 
f 545//1258 1176//1258 1177//1258 
f 545//1259 541//1259 1176//1259 
f 549//1260 1177//1260 1178//1260 
f 549//1261 545//1261 1177//1261 
f 552//1262 1178//1262 1179//1262 
f 552//1263 549//1263 1178//1263 
f 556//1264 1179//1264 1180//1264 
f 556//1265 552//1265 1179//1265 
f 447//1266 454//1266 1171//1266 
f 1171//1267 454//1267 1181//1267 
f 454//1268 466//1268 1181//1268 
f 1181//1269 466//1269 1182//1269 
f 466//1270 467//1270 1182//1270 
f 1182//1271 467//1271 1183//1271 
f 467//1272 465//1272 1183//1272 
f 1183//1273 465//1273 1184//1273 
f 465//1274 491//1274 1184//1274 
f 1184//1275 491//1275 1185//1275 
f 491//1276 490//1276 1185//1276 
f 1185//1277 490//1277 1186//1277 
f 1186//1278 492//1278 1187//1278 
f 490//1279 492//1279 1186//1279 
f 1187//1280 489//1280 1188//1280 
f 492//1281 489//1281 1187//1281 
f 1188//1282 503//1282 1189//1282 
f 489//1283 503//1283 1188//1283 
f 1189//1284 504//1284 1190//1284 
f 503//1285 504//1285 1189//1285 
f 1190//1286 502//1286 1191//1286 
f 504//1287 502//1287 1190//1287 
f 502//1288 505//1288 1191//1288 
f 1191//1289 505//1289 1192//1289 
f 505//1290 508//1290 1192//1290 
f 1192//1291 508//1291 1193//1291 
f 508//1292 512//1292 1193//1292 
f 1193//1293 512//1293 1194//1293 
f 512//1294 511//1294 1194//1294 
f 1194//1295 511//1295 1195//1295 
f 511//1296 514//1296 1195//1296 
f 1195//1297 514//1297 1196//1297 
f 514//1298 515//1298 1196//1298 
f 1196//1299 515//1299 1197//1299 
f 515//1300 520//1300 1197//1300 
f 1197//1301 520//1301 1198//1301 
f 520//1302 519//1302 1198//1302 
f 1198//1303 519//1303 1199//1303 
f 519//1304 524//1304 1199//1304 
f 1199//1305 524//1305 1200//1305 
f 524//1306 523//1306 1200//1306 
f 1200//1307 523//1307 1201//1307 
f 523//1308 526//1308 1201//1308 
f 1201//1309 526//1309 1202//1309 
f 526//1310 525//1310 1202//1310 
f 1202//1311 525//1311 1203//1311 
f 1203//1312 522//1312 1204//1312 
f 525//1313 522//1313 1203//1313 
f 1204//1314 521//1314 1205//1314 
f 522//1315 521//1315 1204//1315 
f 1205//1316 516//1316 1206//1316 
f 521//1317 516//1317 1205//1317 
f 1206//1318 518//1318 1207//1318 
f 516//1319 518//1319 1206//1319 
f 1207//1320 517//1320 1208//1320 
f 518//1321 517//1321 1207//1321 
f 1208//1322 513//1322 1209//1322 
f 517//1323 513//1323 1208//1323 
f 1209//1324 509//1324 1210//1324 
f 513//1325 509//1325 1209//1325 
f 1210//1326 510//1326 1211//1326 
f 509//1327 510//1327 1210//1327 
f 1211//1328 506//1328 1212//1328 
f 510//1329 506//1329 1211//1329 
f 1212//1330 507//1330 1213//1330 
f 506//1331 507//1331 1212//1331 
f 1213//1332 499//1332 1214//1332 
f 507//1333 499//1333 1213//1333 
f 1214//1334 501//1334 1215//1334 
f 499//1335 501//1335 1214//1335 
f 501//1336 500//1336 1215//1336 
f 1215//1337 500//1337 1216//1337 
f 500//1338 486//1338 1216//1338 
f 1216//1339 486//1339 1217//1339 
f 486//1340 476//1340 1217//1340 
f 1217//1341 476//1341 1218//1341 
f 476//1342 478//1342 1218//1342 
f 1218//1343 478//1343 1219//1343 
f 478//1344 477//1344 1219//1344 
f 1219//1345 477//1345 1220//1345 
f 1220//1346 462//1346 1221//1346 
f 477//1347 462//1347 1220//1347 
f 1221//1348 462//1348 1222//1348 
f 1222//1349 463//1349 1223//1349 
f 462//1350 463//1350 1222//1350 
f 1223//1351 452//1351 1224//1351 
f 463//1352 452//1352 1223//1352 
f 1224//1353 453//1353 1225//1353 
f 452//1354 453//1354 1224//1354 
f 1225//1355 446//1355 1226//1355 
f 453//1356 446//1356 1225//1356 
f 1226//1357 442//1357 1227//1357 
f 446//1358 442//1358 1226//1358 
f 1227//1359 443//1359 1228//1359 
f 442//1360 443//1360 1227//1360 
f 1228//1361 438//1361 1229//1361 
f 443//1362 438//1362 1228//1362 
f 1229//1363 436//1363 1230//1363 
f 438//1364 436//1364 1229//1364 
f 1230//1365 437//1365 1231//1365 
f 436//1366 437//1366 1230//1366 
f 1231//1367 432//1367 1232//1367 
f 437//1368 432//1368 1231//1368 
f 1232//1369 433//1369 1233//1369 
f 432//1370 433//1370 1232//1370 
f 1233//1371 429//1371 1234//1371 
f 433//1372 429//1372 1233//1372 
f 1234//1373 426//1373 1235//1373 
f 429//1374 426//1374 1234//1374 
f 1235//1375 427//1375 1236//1375 
f 426//1376 427//1376 1235//1376 
f 1236//1377 422//1377 1237//1377 
f 427//1378 422//1378 1236//1378 
f 1237//1379 420//1379 1238//1379 
f 422//1380 420//1380 1237//1380 
f 1238//1381 421//1381 1239//1381 
f 420//1382 421//1382 1238//1382 
f 1239//1383 416//1383 1240//1383 
f 421//1384 416//1384 1239//1384 
f 1240//1385 414//1385 1241//1385 
f 416//1386 414//1386 1240//1386 
f 1241//1387 415//1387 1242//1387 
f 414//1388 415//1388 1241//1388 
f 415//1389 410//1389 1242//1389 
f 1242//1390 410//1390 1243//1390 
f 410//1391 407//1391 1243//1391 
f 1243//1392 407//1392 1244//1392 
f 407//1393 408//1393 1244//1393 
f 1244//1394 408//1394 1245//1394 
f 408//1395 402//1395 1245//1395 
f 1245//1396 402//1396 1246//1396 
f 402//1397 404//1397 1246//1397 
f 1246//1398 404//1398 1247//1398 
f 404//1399 403//1399 1247//1399 
f 1247//1400 403//1400 1248//1400 
f 403//1401 396//1401 1248//1401 
f 1248//1402 396//1402 1249//1402 
f 396//1403 398//1403 1249//1403 
f 1249//1404 398//1404 1250//1404 
f 398//1405 397//1405 1250//1405 
f 1250//1406 397//1406 1251//1406 
f 397//1407 392//1407 1251//1407 
f 1251//1408 392//1408 1252//1408 
f 392//1409 388//1409 1252//1409 
f 1252//1410 388//1410 1253//1410 
f 1253//1411 390//1411 1254//1411 
f 388//1412 390//1412 1253//1412 
f 390//1413 389//1413 1254//1413 
f 1254//1414 389//1414 1255//1414 
f 1255//1415 393//1415 1256//1415 
f 389//1416 393//1416 1255//1416 
f 393//1417 383//1417 1256//1417 
f 241//1418 1257//1418 1258//1418 
f 315//1419 1258//1419 1259//1419 
f 315//1420 241//1420 1258//1420 
f 348//1421 1259//1421 1260//1421 
f 348//1422 315//1422 1259//1422 
f 353//1423 1260//1423 1261//1423 
f 353//1424 348//1424 1260//1424 
f 358//1425 1261//1425 1262//1425 
f 358//1426 353//1426 1261//1426 
f 363//1427 1262//1427 1263//1427 
f 363//1428 358//1428 1262//1428 
f 367//1429 1263//1429 1264//1429 
f 367//1430 363//1430 1263//1430 
f 372//1431 1264//1431 1265//1431 
f 372//1432 367//1432 1264//1432 
f 379//1433 1265//1433 1256//1433 
f 379//1434 372//1434 1265//1434 
f 383//1435 379//1435 1256//1435 
f 1257//1436 241//1436 1266//1436 
f 241//1437 255//1437 1266//1437 
f 1266//1438 255//1438 1267//1438 
f 255//1439 256//1439 1267//1439 
f 1267//1440 256//1440 1268//1440 
f 256//1441 257//1441 1268//1441 
f 1268//1442 257//1442 1269//1442 
f 257//1443 254//1443 1269//1443 
f 1269//1444 254//1444 1270//1444 
f 254//1445 269//1445 1270//1445 
f 1270//1446 269//1446 1271//1446 
f 269//1447 268//1447 1271//1447 
f 1271//1448 268//1448 1272//1448 
f 268//1449 274//1449 1272//1449 
f 1272//1450 274//1450 1273//1450 
f 274//1451 287//1451 1273//1451 
f 1273//1452 287//1452 1274//1452 
f 1274//1453 288//1453 1275//1453 
f 287//1454 288//1454 1274//1454 
f 1275//1455 286//1455 1276//1455 
f 288//1456 286//1456 1275//1456 
f 1276//1457 301//1457 1277//1457 
f 286//1458 301//1458 1276//1458 
f 1277//1459 300//1459 1278//1459 
f 301//1460 300//1460 1277//1460 
f 1278//1461 318//1461 1279//1461 
f 300//1462 318//1462 1278//1462 
f 1279//1463 317//1463 1280//1463 
f 318//1464 317//1464 1279//1464 
f 1280//1465 321//1465 1281//1465 
f 317//1466 321//1466 1280//1466 
f 321//1467 322//1467 1281//1467 
f 1281//1468 322//1468 1282//1468 
f 322//1469 320//1469 1282//1469 
f 1282//1470 320//1470 1283//1470 
f 320//1471 325//1471 1283//1471 
f 1283//1472 325//1472 1284//1472 
f 325//1473 332//1473 1284//1473 
f 1284//1474 332//1474 1285//1474 
f 332//1475 333//1475 1285//1475 
f 1285//1476 333//1476 1286//1476 
f 333//1477 331//1477 1286//1477 
f 1286//1478 331//1478 1287//1478 
f 331//1479 337//1479 1287//1479 
f 1287//1480 337//1480 1288//1480 
f 337//1481 336//1481 1288//1481 
f 1288//1482 336//1482 1289//1482 
f 336//1483 340//1483 1289//1483 
f 1289//1484 340//1484 1290//1484 
f 340//1485 342//1485 1290//1485 
f 1290//1486 342//1486 1291//1486 
f 342//1487 346//1487 1291//1487 
f 1291//1488 346//1488 1292//1488 
f 346//1489 345//1489 1292//1489 
f 1292//1490 345//1490 1293//1490 
f 345//1491 344//1491 1293//1491 
f 1293//1492 344//1492 1294//1492 
f 344//1493 343//1493 1294//1493 
f 1294//1494 343//1494 1295//1494 
f 343//1495 341//1495 1295//1495 
f 1295//1496 341//1496 1296//1496 
f 341//1497 338//1497 1296//1497 
f 1296//1498 338//1498 1297//1498 
f 338//1499 339//1499 1297//1499 
f 1297//1500 339//1500 1298//1500 
f 1298//1501 334//1501 1299//1501 
f 339//1502 334//1502 1298//1502 
f 1299//1503 335//1503 1300//1503 
f 334//1504 335//1504 1299//1504 
f 1300//1505 330//1505 1301//1505 
f 335//1506 330//1506 1300//1506 
f 1301//1507 326//1507 1302//1507 
f 330//1508 326//1508 1301//1508 
f 1302//1509 328//1509 1303//1509 
f 326//1510 328//1510 1302//1510 
f 1303//1511 327//1511 1304//1511 
f 328//1512 327//1512 1303//1512 
f 1304//1513 329//1513 1305//1513 
f 327//1514 329//1514 1304//1514 
f 1305//1515 319//1515 1306//1515 
f 329//1516 319//1516 1305//1516 
f 319//1517 312//1517 1306//1517 
f 1306//1518 312//1518 1307//1518 
f 312//1519 314//1519 1307//1519 
f 1307//1520 314//1520 1308//1520 
f 1308//1521 313//1521 1309//1521 
f 314//1522 313//1522 1308//1522 
f 1309//1523 289//1523 1310//1523 
f 313//1524 289//1524 1309//1524 
f 289//1525 281//1525 1310//1525 
f 1310//1526 281//1526 1311//1526 
f 1311//1527 283//1527 1312//1527 
f 281//1528 283//1528 1311//1528 
f 1312//1529 282//1529 1313//1529 
f 283//1530 282//1530 1312//1530 
f 1313//1531 270//1531 1314//1531 
f 282//1532 270//1532 1313//1532 
f 1314//1533 271//1533 1315//1533 
f 270//1534 271//1534 1314//1534 
f 1315//1535 258//1535 1316//1535 
f 271//1536 258//1536 1315//1536 
f 1316//1537 259//1537 1317//1537 
f 258//1538 259//1538 1316//1538 
f 1317//1539 249//1539 1318//1539 
f 259//1540 249//1540 1317//1540 
f 1318//1541 250//1541 1319//1541 
f 249//1542 250//1542 1318//1542 
f 1319//1543 243//1543 1320//1543 
f 250//1544 243//1544 1319//1544 
f 1320//1545 234//1545 1321//1545 
f 243//1546 234//1546 1320//1546 
f 1321//1547 235//1547 1322//1547 
f 234//1548 235//1548 1321//1548 
f 1322//1549 228//1549 1323//1549 
f 235//1550 228//1550 1322//1550 
f 1323//1551 227//1551 1324//1551 
f 228//1552 227//1552 1323//1552 
f 1324//1553 225//1553 1325//1553 
f 227//1554 225//1554 1324//1554 
f 1325//1555 226//1555 1326//1555 
f 225//1556 226//1556 1325//1556 
f 1326//1557 218//1557 1327//1557 
f 226//1558 218//1558 1326//1558 
f 1327//1559 213//1559 1328//1559 
f 218//1560 213//1560 1327//1560 
f 1328//1561 214//1561 1329//1561 
f 213//1562 214//1562 1328//1562 
f 1329//1563 211//1563 1330//1563 
f 214//1564 211//1564 1329//1564 
f 1330//1565 212//1565 1331//1565 
f 211//1566 212//1566 1330//1566 
f 212//1567 205//1567 1331//1567 
f 193//1568 197//1568 1332//1568 
f 193//1569 1332//1569 1333//1569 
f 189//1570 1333//1570 1334//1570 
f 189//1571 193//1571 1333//1571 
f 185//1572 1334//1572 1335//1572 
f 185//1573 1335//1573 1336//1573 
f 185//1574 189//1574 1334//1574 
f 181//1575 1336//1575 1337//1575 
f 181//1576 185//1576 1336//1576 
f 178//1577 1337//1577 1338//1577 
f 178//1578 181//1578 1337//1578 
f 183//1579 1338//1579 1339//1579 
f 183//1580 178//1580 1338//1580 
f 187//1581 1339//1581 1340//1581 
f 187//1582 183//1582 1339//1582 
f 191//1583 1340//1583 1341//1583 
f 191//1584 187//1584 1340//1584 
f 195//1585 1341//1585 1331//1585 
f 195//1586 191//1586 1341//1586 
f 205//1587 195//1587 1331//1587 
f 197//1588 208//1588 1332//1588 
f 1332//1589 208//1589 1342//1589 
f 208//1590 202//1590 1342//1590 
f 1342//1591 202//1591 1343//1591 
f 202//1592 201//1592 1343//1592 
f 1343//1593 201//1593 1344//1593 
f 201//1594 203//1594 1344//1594 
f 1344//1595 203//1595 1345//1595 
f 203//1596 200//1596 1345//1596 
f 1345//1597 200//1597 1346//1597 
f 200//1598 204//1598 1346//1598 
f 1346//1599 204//1599 1347//1599 
f 204//1600 207//1600 1347//1600 
f 1347//1601 207//1601 1348//1601 
f 207//1602 210//1602 1348//1602 
f 1348//1603 210//1603 1349//1603 
f 1349//1604 217//1604 1350//1604 
f 210//1605 217//1605 1349//1605 
f 1350//1606 220//1606 1351//1606 
f 217//1607 220//1607 1350//1607 
f 1351//1608 222//1608 1352//1608 
f 220//1609 222//1609 1351//1609 
f 1352//1610 223//1610 1353//1610 
f 222//1611 223//1611 1352//1611 
f 1353//1612 224//1612 1354//1612 
f 223//1613 224//1613 1353//1613 
f 224//1614 230//1614 1354//1614 
f 1354//1615 230//1615 1355//1615 
f 230//1616 231//1616 1355//1616 
f 1355//1617 231//1617 1356//1617 
f 231//1618 232//1618 1356//1618 
f 1356//1619 232//1619 1357//1619 
f 232//1620 229//1620 1357//1620 
f 1357//1621 229//1621 1358//1621 
f 229//1622 245//1622 1358//1622 
f 1358//1623 245//1623 1359//1623 
f 245//1624 244//1624 1359//1624 
f 1359//1625 244//1625 1360//1625 
f 244//1626 253//1626 1360//1626 
f 1360//1627 253//1627 1361//1627 
f 253//1628 252//1628 1361//1628 
f 1361//1629 252//1629 1362//1629 
f 252//1630 265//1630 1362//1630 
f 1362//1631 265//1631 1363//1631 
f 265//1632 266//1632 1363//1632 
f 1363//1633 266//1633 1364//1633 
f 266//1634 267//1634 1364//1634 
f 1364//1635 267//1635 1365//1635 
f 267//1636 264//1636 1365//1636 
f 1365//1637 264//1637 1366//1637 
f 264//1638 273//1638 1366//1638 
f 1366//1639 273//1639 1367//1639 
f 273//1640 278//1640 1367//1640 
f 1367//1641 278//1641 1368//1641 
f 278//1642 277//1642 1368//1642 
f 1368//1643 277//1643 1369//1643 
f 277//1644 280//1644 1369//1644 
f 1369//1645 280//1645 1370//1645 
f 1370//1646 285//1646 1371//1646 
f 280//1647 285//1647 1370//1647 
f 1371//1648 284//1648 1372//1648 
f 285//1649 284//1649 1371//1649 
f 1372//1650 295//1650 1373//1650 
f 284//1651 295//1651 1372//1651 
f 1373//1652 294//1652 1374//1652 
f 295//1653 294//1653 1373//1653 
f 1374//1654 299//1654 1375//1654 
f 294//1655 299//1655 1374//1655 
f 1375//1656 298//1656 1376//1656 
f 299//1657 298//1657 1375//1657 
f 1376//1658 303//1658 1377//1658 
f 298//1659 303//1659 1376//1659 
f 1377//1660 307//1660 1378//1660 
f 303//1661 307//1661 1377//1661 
f 1378//1662 306//1662 1379//1662 
f 307//1663 306//1663 1378//1663 
f 306//1664 308//1664 1379//1664 
f 1379//1665 308//1665 1380//1665 
f 308//1666 309//1666 1380//1666 
f 1380//1667 309//1667 1381//1667 
f 309//1668 311//1668 1381//1668 
f 1381//1669 311//1669 1382//1669 
f 1382//1670 310//1670 1383//1670 
f 311//1671 310//1671 1382//1671 
f 310//1672 304//1672 1383//1672 
f 1383//1673 304//1673 1384//1673 
f 1384//1674 305//1674 1385//1674 
f 304//1675 305//1675 1384//1675 
f 1385//1676 302//1676 1386//1676 
f 305//1677 302//1677 1385//1677 
f 1386//1678 296//1678 1387//1678 
f 302//1679 296//1679 1386//1679 
f 1387//1680 297//1680 1388//1680 
f 296//1681 297//1681 1387//1681 
f 1388//1682 290//1682 1389//1682 
f 297//1683 290//1683 1388//1683 
f 1389//1684 292//1684 1390//1684 
f 290//1685 292//1685 1389//1685 
f 1390//1686 291//1686 1391//1686 
f 292//1687 291//1687 1390//1687 
f 1391//1688 293//1688 1392//1688 
f 291//1689 293//1689 1391//1689 
f 1392//1690 279//1690 1393//1690 
f 293//1691 279//1691 1392//1691 
f 1393//1692 275//1692 1394//1692 
f 279//1693 275//1693 1393//1693 
f 1394//1694 276//1694 1395//1694 
f 275//1695 276//1695 1394//1695 
f 1395//1696 272//1696 1396//1696 
f 276//1697 272//1697 1395//1697 
f 1396//1698 263//1698 1397//1698 
f 272//1699 263//1699 1396//1699 
f 1397//1700 260//1700 1398//1700 
f 263//1701 260//1701 1397//1701 
f 1398//1702 262//1702 1399//1702 
f 260//1703 262//1703 1398//1703 
f 1399//1704 261//1704 1400//1704 
f 262//1705 261//1705 1399//1705 
f 1400//1706 246//1706 1401//1706 
f 261//1707 246//1707 1400//1707 
f 1401//1708 248//1708 1402//1708 
f 246//1709 248//1709 1401//1709 
f 1402//1710 247//1710 1403//1710 
f 248//1711 247//1711 1402//1711 
f 1403//1712 236//1712 1404//1712 
f 247//1713 236//1713 1403//1713 
f 1404//1714 238//1714 1405//1714 
f 236//1715 238//1715 1404//1715 
f 238//1716 237//1716 1405//1716 
f 1405//1717 237//1717 1406//1717 
f 237//1718 239//1718 1406//1718 
f 1406//1719 239//1719 1407//1719 
f 239//1720 240//1720 1407//1720 
f 1407//1721 240//1721 1408//1721 
f 240//1722 221//1722 1408//1722 
f 1408//1723 221//1723 1409//1723 
f 221//1724 219//1724 1409//1724 
f 1409//1725 219//1725 1410//1725 
f 219//1726 215//1726 1410//1726 
f 1410//1727 215//1727 1411//1727 
f 377//1728 381//1728 1412//1728 
f 377//1729 1412//1729 1413//1729 
f 374//1730 1413//1730 1414//1730 
f 374//1731 377//1731 1413//1731 
f 369//1732 1414//1732 1415//1732 
f 369//1733 374//1733 1414//1733 
f 365//1734 1415//1734 1416//1734 
f 365//1735 369//1735 1415//1735 
f 360//1736 1416//1736 1417//1736 
f 360//1737 365//1737 1416//1737 
f 355//1738 1417//1738 1418//1738 
f 355//1739 360//1739 1417//1739 
f 350//1740 1418//1740 1419//1740 
f 350//1741 355//1741 1418//1741 
f 323//1742 1419//1742 1420//1742 
f 323//1743 350//1743 1419//1743 
f 251//1744 1420//1744 1421//1744 
f 251//1745 323//1745 1420//1745 
f 215//1746 1421//1746 1411//1746 
f 215//1747 251//1747 1421//1747 
f 381//1748 386//1748 1412//1748 
f 1412//1749 386//1749 1422//1749 
f 386//1750 387//1750 1422//1750 
f 1422//1751 387//1751 1423//1751 
f 387//1752 385//1752 1423//1752 
f 1423//1753 385//1753 1424//1753 
f 385//1754 391//1754 1424//1754 
f 1424//1755 391//1755 1425//1755 
f 391//1756 394//1756 1425//1756 
f 1425//1757 394//1757 1426//1757 
f 394//1758 395//1758 1426//1758 
f 1426//1759 395//1759 1427//1759 
f 395//1760 400//1760 1427//1760 
f 1427//1761 400//1761 1428//1761 
f 400//1762 401//1762 1428//1762 
f 1428//1763 401//1763 1429//1763 
f 401//1764 399//1764 1429//1764 
f 1429//1765 399//1765 1430//1765 
f 1430//1766 406//1766 1431//1766 
f 399//1767 406//1767 1430//1767 
f 1431//1768 405//1768 1432//1768 
f 406//1769 405//1769 1431//1769 
f 1432//1770 412//1770 1433//1770 
f 405//1771 412//1771 1432//1771 
f 1433//1772 411//1772 1434//1772 
f 412//1773 411//1773 1433//1773 
f 1434//1774 413//1774 1435//1774 
f 411//1775 413//1775 1434//1775 
f 1435//1776 418//1776 1436//1776 
f 413//1777 418//1777 1435//1777 
f 1436//1778 417//1778 1437//1778 
f 418//1779 417//1779 1436//1779 
f 1437//1780 419//1780 1438//1780 
f 417//1781 419//1781 1437//1781 
f 419//1782 424//1782 1438//1782 
f 1438//1783 424//1783 1439//1783 
f 424//1784 425//1784 1439//1784 
f 1439//1785 425//1785 1440//1785 
f 425//1786 423//1786 1440//1786 
f 1440//1787 423//1787 1441//1787 
f 423//1788 428//1788 1441//1788 
f 1441//1789 428//1789 1442//1789 
f 428//1790 430//1790 1442//1790 
f 1442//1791 430//1791 1443//1791 
f 430//1792 431//1792 1443//1792 
f 1443//1793 431//1793 1444//1793 
f 431//1794 435//1794 1444//1794 
f 1444//1795 435//1795 1445//1795 
f 435//1796 434//1796 1445//1796 
f 1445//1797 434//1797 1446//1797 
f 434//1798 440//1798 1446//1798 
f 1446//1799 440//1799 1447//1799 
f 440//1800 439//1800 1447//1800 
f 1447//1801 439//1801 1448//1801 
f 439//1802 441//1802 1448//1802 
f 1448//1803 441//1803 1449//1803 
f 441//1804 444//1804 1449//1804 
f 1449//1805 444//1805 1450//1805 
f 444//1806 445//1806 1450//1806 
f 1450//1807 445//1807 1451//1807 
f 445//1808 449//1808 1451//1808 
f 1451//1809 449//1809 1452//1809 
f 449//1810 456//1810 1452//1810 
f 1452//1811 456//1811 1453//1811 
f 456//1812 455//1812 1453//1812 
f 1453//1813 455//1813 1454//1813 
f 1454//1814 455//1814 1455//1814 
f 455//1815 461//1815 1455//1815 
f 1455//1816 461//1816 1456//1816 
f 461//1817 460//1817 1456//1817 
f 1456//1818 460//1818 1457//1818 
f 1457//1819 470//1819 1458//1819 
f 460//1820 470//1820 1457//1820 
f 1458//1821 469//1821 1459//1821 
f 470//1822 469//1822 1458//1822 
f 1459//1823 472//1823 1460//1823 
f 469//1824 472//1824 1459//1824 
f 1460//1825 473//1825 1461//1825 
f 472//1826 473//1826 1460//1826 
f 1461//1827 481//1827 1462//1827 
f 473//1828 481//1828 1461//1828 
f 1462//1829 482//1829 1463//1829 
f 481//1830 482//1830 1462//1830 
f 1463//1831 480//1831 1464//1831 
f 482//1832 480//1832 1463//1832 
f 480//1833 485//1833 1464//1833 
f 1464//1834 485//1834 1465//1834 
f 485//1835 488//1835 1465//1835 
f 1465//1836 488//1836 1466//1836 
f 488//1837 494//1837 1466//1837 
f 1466//1838 494//1838 1467//1838 
f 1467//1839 493//1839 1468//1839 
f 494//1840 493//1840 1467//1840 
f 1468//1841 498//1841 1469//1841 
f 493//1842 498//1842 1468//1842 
f 1469//1843 495//1843 1470//1843 
f 498//1844 495//1844 1469//1844 
f 1470//1845 497//1845 1471//1845 
f 495//1846 497//1846 1470//1846 
f 1471//1847 496//1847 1472//1847 
f 497//1848 496//1848 1471//1848 
f 1472//1849 487//1849 1473//1849 
f 496//1850 487//1850 1472//1850 
f 1473//1851 483//1851 1474//1851 
f 487//1852 483//1852 1473//1852 
f 1474//1853 484//1853 1475//1853 
f 483//1854 484//1854 1474//1854 
f 1475//1855 479//1855 1476//1855 
f 484//1856 479//1856 1475//1856 
f 1476//1857 474//1857 1477//1857 
f 479//1858 474//1858 1476//1858 
f 1477//1859 475//1859 1478//1859 
f 474//1860 475//1860 1477//1860 
f 1478//1861 471//1861 1479//1861 
f 475//1862 471//1862 1478//1862 
f 1479//1863 468//1863 1480//1863 
f 471//1864 468//1864 1479//1864 
f 1480//1865 464//1865 1481//1865 
f 468//1866 464//1866 1480//1866 
f 1481//1867 457//1867 1482//1867 
f 464//1868 457//1868 1481//1868 
f 1482//1869 459//1869 1483//1869 
f 457//1870 459//1870 1482//1870 
f 1483//1871 458//1871 1484//1871 
f 459//1872 458//1872 1483//1872 
f 458//1873 450//1873 1484//1873 
f 603//1874 1485//1874 1486//1874 
f 563//1875 1486//1875 1487//1875 
f 563//1876 603//1876 1486//1876 
f 554//1877 1487//1877 1488//1877 
f 554//1878 563//1878 1487//1878 
f 551//1879 1488//1879 1489//1879 
f 551//1880 554//1880 1488//1880 
f 547//1881 1489//1881 1490//1881 
f 547//1882 551//1882 1489//1882 
f 543//1883 1490//1883 1491//1883 
f 543//1884 547//1884 1490//1884 
f 540//1885 1491//1885 1492//1885 
f 540//1886 543//1886 1491//1886 
f 536//1887 1492//1887 1493//1887 
f 536//1888 540//1888 1492//1888 
f 532//1889 1493//1889 1494//1889 
f 532//1890 536//1890 1493//1890 
f 529//1891 1494//1891 1484//1891 
f 529//1892 532//1892 1494//1892 
f 450//1893 529//1893 1484//1893 
f 603//1894 605//1894 1485//1894 
f 1485//1895 605//1895 1495//1895 
f 1495//1896 606//1896 1496//1896 
f 605//1897 606//1897 1495//1897 
f 1496//1898 604//1898 1497//1898 
f 606//1899 604//1899 1496//1899 
f 1497//1900 607//1900 1498//1900 
f 604//1901 607//1901 1497//1901 
f 1498//1902 611//1902 1499//1902 
f 607//1903 611//1903 1498//1903 
f 1499//1904 617//1904 1500//1904 
f 611//1905 617//1905 1499//1905 
f 1500//1906 618//1906 1501//1906 
f 617//1907 618//1907 1500//1907 
f 1501//1908 619//1908 1502//1908 
f 1502//1909 619//1909 1503//1909 
f 618//1910 619//1910 1501//1910 
f 1503//1911 616//1911 1504//1911 
f 619//1912 616//1912 1503//1912 
f 1504//1913 623//1913 1505//1913 
f 616//1914 623//1914 1504//1914 
f 1505//1915 622//1915 1506//1915 
f 623//1916 622//1916 1505//1916 
f 1506//1917 631//1917 1507//1917 
f 622//1918 631//1918 1506//1918 
f 1507//1919 633//1919 1508//1919 
f 631//1920 633//1920 1507//1920 
f 1508//1921 656//1921 1509//1921 
f 633//1922 656//1922 1508//1922 
f 1509//1923 655//1923 1510//1923 
f 656//1924 655//1924 1509//1924 
f 1510//1925 654//1925 1511//1925 
f 655//1926 654//1926 1510//1926 
f 1511//1927 657//1927 1512//1927 
f 654//1928 657//1928 1511//1928 
f 1512//1929 658//1929 1513//1929 
f 657//1930 658//1930 1512//1930 
f 1513//1931 661//1931 1514//1931 
f 658//1932 661//1932 1513//1932 
f 661//1933 660//1933 1514//1933 
f 1514//1934 660//1934 1515//1934 
f 660//1935 659//1935 1515//1935 
f 1515//1936 659//1936 1516//1936 
f 659//1937 662//1937 1516//1937 
f 1516//1938 662//1938 1517//1938 
f 662//1939 665//1939 1517//1939 
f 1517//1940 665//1940 1518//1940 
f 665//1941 664//1941 1518//1941 
f 1518//1942 664//1942 1519//1942 
f 664//1943 663//1943 1519//1943 
f 1519//1944 663//1944 1520//1944 
f 1520//1945 666//1945 1521//1945 
f 663//1946 666//1946 1520//1946 
f 1521//1947 667//1947 1522//1947 
f 666//1948 667//1948 1521//1948 
f 1522//1949 669//1949 1523//1949 
f 667//1950 669//1950 1522//1950 
f 1523//1951 668//1951 1524//1951 
f 669//1952 668//1952 1523//1952 
f 1524//1953 670//1953 1525//1953 
f 668//1954 670//1954 1524//1954 
f 1525//1955 671//1955 1526//1955 
f 670//1956 671//1956 1525//1956 
f 1526//1957 672//1957 1527//1957 
f 671//1958 672//1958 1526//1958 
f 1527//1959 674//1959 1528//1959 
f 672//1960 674//1960 1527//1960 
f 1528//1961 673//1961 1529//1961 
f 674//1962 673//1962 1528//1962 
f 1529//1963 675//1963 1530//1963 
f 673//1964 675//1964 1529//1964 
f 1530//1965 676//1965 1531//1965 
f 675//1966 676//1966 1530//1966 
f 1531//1967 679//1967 1532//1967 
f 676//1968 679//1968 1531//1968 
f 1532//1969 680//1969 1533//1969 
f 679//1970 680//1970 1532//1970 
f 1533//1971 678//1971 1534//1971 
f 680//1972 678//1972 1533//1972 
f 1534//1973 682//1973 1535//1973 
f 678//1974 682//1974 1534//1974 
f 1535//1975 681//1975 1536//1975 
f 682//1976 681//1976 1535//1976 
f 1536//1977 684//1977 1537//1977 
f 681//1978 684//1978 1536//1978 
f 1537//1979 685//1979 1538//1979 
f 684//1980 685//1980 1537//1980 
f 1538//1981 683//1981 1539//1981 
f 685//1982 683//1982 1538//1982 
f 683//1983 687//1983 1539//1983 
f 1539//1984 687//1984 1540//1984 
f 687//1985 689//1985 1540//1985 
f 1540//1986 689//1986 1541//1986 
f 689//1987 688//1987 1541//1987 
f 1541//1988 688//1988 1542//1988 
f 688//1989 691//1989 1542//1989 
f 1542//1990 691//1990 1543//1990 
f 691//1991 690//1991 1543//1991 
f 1543//1992 690//1992 1544//1992 
f 690//1993 692//1993 1544//1993 
f 1544//1994 692//1994 1545//1994 
f 692//1995 694//1995 1545//1995 
f 1545//1996 694//1996 1546//1996 
f 694//1997 693//1997 1546//1997 
f 1546//1998 693//1998 1547//1998 
f 693//1999 696//1999 1547//1999 
f 1547//2000 696//2000 1548//2000 
f 696//2001 697//2001 1548//2001 
f 1548//2002 697//2002 1549//2002 
f 697//2003 700//2003 1549//2003 
f 1549//2004 700//2004 1550//2004 
f 700//2005 698//2005 1550//2005 
f 1550//2006 698//2006 1551//2006 
f 698//2007 699//2007 1551//2007 
f 1551//2008 699//2008 1552//2008 
f 699//2009 695//2009 1552//2009 
f 988//2010 774//2010 1553//2010 
f 988//2011 1553//2011 1554//2011 
f 989//2012 1554//2012 1555//2012 
f 989//2013 988//2013 1554//2013 
f 990//2014 1555//2014 1556//2014 
f 990//2015 989//2015 1555//2015 
f 991//2016 1556//2016 1557//2016 
f 991//2017 990//2017 1556//2017 
f 992//2018 1557//2018 1558//2018 
f 992//2019 991//2019 1557//2019 
f 984//2020 1558//2020 1559//2020 
f 984//2021 992//2021 1558//2021 
f 985//2022 1559//2022 1560//2022 
f 985//2023 984//2023 1559//2023 
f 986//2024 1560//2024 1561//2024 
f 986//2025 985//2025 1560//2025 
f 987//2026 1561//2026 1562//2026 
f 987//2027 986//2027 1561//2027 
f 695//2028 1562//2028 1552//2028 
f 695//2029 987//2029 1562//2029 
f 774//2030 767//2030 1553//2030 
f 1553//2031 767//2031 1563//2031 
f 1563//2032 759//2032 1564//2032 
f 767//2033 759//2033 1563//2033 
f 1564//2034 761//2034 1565//2034 
f 759//2035 761//2035 1564//2035 
f 1565//2036 760//2036 1566//2036 
f 761//2037 760//2037 1565//2037 
f 1566//2038 754//2038 1567//2038 
f 760//2039 754//2039 1566//2039 
f 1567//2040 756//2040 1568//2040 
f 754//2041 756//2041 1567//2041 
f 1568//2042 755//2042 1569//2042 
f 756//2043 755//2043 1568//2043 
f 1569//2044 757//2044 1570//2044 
f 755//2045 757//2045 1569//2045 
f 1570//2046 762//2046 1571//2046 
f 757//2047 762//2047 1570//2047 
f 1571//2048 763//2048 1572//2048 
f 762//2049 763//2049 1571//2049 
f 1572//2050 764//2050 1573//2050 
f 763//2051 764//2051 1572//2051 
f 1573//2052 765//2052 1574//2052 
f 764//2053 765//2053 1573//2053 
f 1574//2054 766//2054 1575//2054 
f 765//2055 766//2055 1574//2055 
f 1575//2056 770//2056 1576//2056 
f 766//2057 770//2057 1575//2057 
f 1576//2058 771//2058 1577//2058 
f 770//2059 771//2059 1576//2059 
f 1577//2060 769//2060 1578//2060 
f 771//2061 769//2061 1577//2061 
f 769//2062 773//2062 1578//2062 
f 1578//2063 773//2063 1579//2063 
f 773//2064 777//2064 1579//2064 
f 1579//2065 777//2065 1580//2065 
f 777//2066 776//2066 1580//2066 
f 1580//2067 776//2067 1581//2067 
f 776//2068 778//2068 1581//2068 
f 1581//2069 778//2069 1582//2069 
f 1582//2070 779//2070 1583//2070 
f 778//2071 779//2071 1582//2071 
f 1583//2072 781//2072 1584//2072 
f 779//2073 781//2073 1583//2073 
f 1584//2074 780//2074 1585//2074 
f 781//2075 780//2075 1584//2075 
f 1585//2076 782//2076 1586//2076 
f 780//2077 782//2077 1585//2077 
f 1586//2078 787//2078 1587//2078 
f 782//2079 787//2079 1586//2079 
f 1587//2080 789//2080 1588//2080 
f 787//2081 789//2081 1587//2081 
f 1588//2082 796//2082 1589//2082 
f 789//2083 796//2083 1588//2083 
f 1589//2084 795//2084 1590//2084 
f 796//2085 795//2085 1589//2085 
f 1590//2086 794//2086 1591//2086 
f 795//2087 794//2087 1590//2087 
f 1591//2088 798//2088 1592//2088 
f 794//2089 798//2089 1591//2089 
f 1592//2090 805//2090 1593//2090 
f 798//2091 805//2091 1592//2091 
f 1593//2092 806//2092 1594//2092 
f 805//2093 806//2093 1593//2093 
f 1594//2094 804//2094 1595//2094 
f 806//2095 804//2095 1594//2095 
f 1595//2096 811//2096 1596//2096 
f 804//2097 811//2097 1595//2097 
f 1596//2098 810//2098 1597//2098 
f 811//2099 810//2099 1596//2099 
f 1597//2100 818//2100 1598//2100 
f 810//2101 818//2101 1597//2101 
f 1598//2102 817//2102 1599//2102 
f 818//2103 817//2103 1598//2103 
f 1599//2104 819//2104 1600//2104 
f 817//2105 819//2105 1599//2105 
f 1600//2106 820//2106 1601//2106 
f 819//2107 820//2107 1600//2107 
f 1601//2108 822//2108 1602//2108 
f 820//2109 822//2109 1601//2109 
f 822//2110 821//2110 1602//2110 
f 1602//2111 821//2111 1603//2111 
f 821//2112 824//2112 1603//2112 
f 1603//2113 824//2113 1604//2113 
f 824//2114 823//2114 1604//2114 
f 1604//2115 823//2115 1605//2115 
f 823//2116 827//2116 1605//2116 
f 1605//2117 827//2117 1606//2117 
f 827//2118 826//2118 1606//2118 
f 1606//2119 826//2119 1607//2119 
f 826//2120 825//2120 1607//2120 
f 1607//2121 825//2121 1608//2121 
f 825//2122 828//2122 1608//2122 
f 1608//2123 828//2123 1609//2123 
f 828//2124 830//2124 1609//2124 
f 1609//2125 830//2125 1610//2125 
f 830//2126 829//2126 1610//2126 
f 1610//2127 829//2127 1611//2127 
f 829//2128 832//2128 1611//2128 
f 1611//2129 832//2129 1612//2129 
f 832//2130 833//2130 1612//2130 
f 1612//2131 833//2131 1613//2131 
f 833//2132 834//2132 1613//2132 
f 1613//2133 834//2133 1614//2133 
f 834//2134 831//2134 1614//2134 
f 1614//2135 831//2135 1615//2135 
f 831//2136 835//2136 1615//2136 
f 1615//2137 835//2137 1616//2137 
f 1616//2138 837//2138 1617//2138 
f 835//2139 837//2139 1616//2139 
f 1617//2140 836//2140 1618//2140 
f 837//2141 836//2141 1617//2141 
f 1618//2142 839//2142 1619//2142 
f 836//2143 839//2143 1618//2143 
f 1619//2144 838//2144 1620//2144 
f 839//2145 838//2145 1619//2145 
f 1620//2146 841//2146 1621//2146 
f 838//2147 841//2147 1620//2147 
f 1621//2148 840//2148 1622//2148 
f 841//2149 840//2149 1621//2149 
f 1622//2150 843//2150 1623//2150 
f 840//2151 843//2151 1622//2151 
f 1623//2152 844//2152 1624//2152 
f 843//2153 844//2153 1623//2153 
f 1624//2154 842//2154 1625//2154 
f 844//2155 842//2155 1624//2155 
f 1625//2156 846//2156 1626//2156 
f 842//2157 846//2157 1625//2157 
f 1626//2158 845//2158 1627//2158 
f 846//2159 845//2159 1626//2159 
f 1627//2160 847//2160 1628//2160 
f 845//2161 847//2161 1627//2161 
f 995//2162 908//2162 1629//2162 
f 995//2163 1629//2163 1630//2163 
f 996//2164 1630//2164 1631//2164 
f 996//2165 995//2165 1630//2165 
f 997//2166 1631//2166 1632//2166 
f 997//2167 996//2167 1631//2167 
f 998//2168 1632//2168 1633//2168 
f 998//2169 997//2169 1632//2169 
f 999//2170 1633//2170 1634//2170 
f 999//2171 998//2171 1633//2171 
f 1000//2172 1634//2172 1635//2172 
f 1000//2173 999//2173 1634//2173 
f 1036//2174 1635//2174 1636//2174 
f 1036//2175 1000//2175 1635//2175 
f 1037//2176 1636//2176 1637//2176 
f 1037//2177 1036//2177 1636//2177 
f 847//2178 1637//2178 1628//2178 
f 847//2179 1037//2179 1637//2179 
f 908//2180 909//2180 1629//2180 
f 1629//2181 909//2181 1638//2181 
f 1638//2182 901//2182 1639//2182 
f 909//2183 901//2183 1638//2183 
f 1639//2184 903//2184 1640//2184 
f 901//2185 903//2185 1639//2185 
f 1640//2186 902//2186 1641//2186 
f 903//2187 902//2187 1640//2187 
f 1641//2188 893//2188 1642//2188 
f 902//2189 893//2189 1641//2189 
f 1642//2190 894//2190 1643//2190 
f 893//2191 894//2191 1642//2191 
f 1643//2192 882//2192 1644//2192 
f 894//2193 882//2193 1643//2193 
f 1644//2194 880//2194 1645//2194 
f 882//2195 880//2195 1644//2195 
f 1645//2196 874//2196 1646//2196 
f 880//2197 874//2197 1645//2197 
f 1646//2198 868//2198 1647//2198 
f 874//2199 868//2199 1646//2199 
f 1647//2200 871//2200 1648//2200 
f 868//2201 871//2201 1647//2201 
f 1648//2202 870//2202 1649//2202 
f 871//2203 870//2203 1648//2203 
f 1649//2204 869//2204 1650//2204 
f 870//2205 869//2205 1649//2205 
f 1650//2206 875//2206 1651//2206 
f 869//2207 875//2207 1650//2207 
f 1651//2208 858//2208 1652//2208 
f 875//2209 858//2209 1651//2209 
f 1652//2210 857//2210 1653//2210 
f 858//2211 857//2211 1652//2211 
f 1653//2212 859//2212 1654//2212 
f 857//2213 859//2213 1653//2213 
f 859//2214 856//2214 1654//2214 
f 1654//2215 856//2215 1655//2215 
f 856//2216 860//2216 1655//2216 
f 1655//2217 860//2217 1656//2217 
f 860//2218 866//2218 1656//2218 
f 1656//2219 866//2219 1657//2219 
f 866//2220 873//2220 1657//2220 
f 1657//2221 873//2221 1658//2221 
f 1658//2222 872//2222 1659//2222 
f 873//2223 872//2223 1658//2223 
f 1659//2224 876//2224 1660//2224 
f 872//2225 876//2225 1659//2225 
f 1660//2226 890//2226 1661//2226 
f 876//2227 890//2227 1660//2227 
f 1661//2228 891//2228 1662//2228 
f 890//2229 891//2229 1661//2229 
f 1662//2230 889//2230 1663//2230 
f 891//2231 889//2231 1662//2231 
f 1663//2232 895//2232 1664//2232 
f 889//2233 895//2233 1663//2233 
f 1664//2234 906//2234 1665//2234 
f 895//2235 906//2235 1664//2235 
f 1665//2236 905//2236 1666//2236 
f 906//2237 905//2237 1665//2237 
f 1666//2238 904//2238 1667//2238 
f 905//2239 904//2239 1666//2239 
f 1667//2240 907//2240 1668//2240 
f 1668//2241 907//2241 1669//2241 
f 904//2242 907//2242 1667//2242 
f 907//2243 910//2243 1669//2243 
f 1669//2244 919//2244 1670//2244 
f 1670//2245 919//2245 1671//2245 
f 910//2246 919//2246 1669//2246 
f 919//2247 922//2247 1671//2247 
f 1671//2248 921//2248 1672//2248 
f 1672//2249 921//2249 1673//2249 
f 922//2250 921//2250 1671//2250 
f 921//2251 929//2251 1673//2251 
f 1673//2252 930//2252 1674//2252 
f 1674//2253 930//2253 1675//2253 
f 929//2254 930//2254 1673//2254 
f 1675//2255 928//2255 1676//2255 
f 930//2256 928//2256 1675//2256 
f 1676//2257 932//2257 1677//2257 
f 928//2258 932//2258 1676//2258 
f 1677//2259 933//2259 1678//2259 
f 932//2260 933//2260 1677//2260 
f 1678//2261 934//2261 1679//2261 
f 933//2262 934//2262 1678//2262 
f 934//2263 935//2263 1679//2263 
f 1679//2264 935//2264 1680//2264 
f 935//2265 940//2265 1680//2265 
f 1680//2266 940//2266 1681//2266 
f 940//2267 943//2267 1681//2267 
f 943//2268 942//2268 1681//2268 
f 1681//2269 942//2269 1682//2269 
f 1682//2270 942//2270 1683//2270 
f 942//2271 944//2271 1683//2271 
f 1683//2272 944//2272 1684//2272 
f 944//2273 950//2273 1684//2273 
f 1684//2274 950//2274 1685//2274 
f 950//2275 951//2275 1685//2275 
f 1685//2276 951//2276 1686//2276 
f 951//2277 949//2277 1686//2277 
f 1686//2278 949//2278 1687//2278 
f 949//2279 954//2279 1687//2279 
f 1687//2280 954//2280 1688//2280 
f 954//2281 956//2281 1688//2281 
f 1688//2282 956//2282 1689//2282 
f 956//2283 959//2283 1689//2283 
f 1689//2284 959//2284 1690//2284 
f 959//2285 958//2285 1690//2285 
f 1690//2286 958//2286 1691//2286 
f 958//2287 960//2287 1691//2287 
f 1691//2288 960//2288 1692//2288 
f 960//2289 961//2289 1692//2289 
f 1692//2290 961//2290 1693//2290 
f 1693//2291 966//2291 1694//2291 
f 961//2292 966//2292 1693//2292 
f 1694//2293 967//2293 1695//2293 
f 966//2294 967//2294 1694//2294 
f 1695//2295 968//2295 1696//2295 
f 967//2296 968//2296 1695//2296 
f 1696//2297 969//2297 1697//2297 
f 968//2298 969//2298 1696//2298 
f 1697//2299 976//2299 1698//2299 
f 969//2300 976//2300 1697//2300 
f 1698//2301 977//2301 1699//2301 
f 976//2302 977//2302 1698//2302 
f 1699//2303 975//2303 1700//2303 
f 977//2304 975//2304 1699//2304 
f 1700//2305 980//2305 1701//2305 
f 975//2306 980//2306 1700//2306 
f 980//2307 982//2307 1701//2307 
f 1150//2308 1091//2308 1702//2308 
f 1150//2309 1702//2309 1703//2309 
f 1151//2310 1703//2310 1704//2310 
f 1151//2311 1150//2311 1703//2311 
f 1002//2312 1704//2312 1705//2312 
f 1002//2313 1151//2313 1704//2313 
f 1003//2314 1705//2314 1706//2314 
f 1003//2315 1002//2315 1705//2315 
f 1004//2316 1706//2316 1707//2316 
f 1004//2317 1707//2317 1708//2317 
f 1004//2318 1003//2318 1706//2318 
f 1005//2319 1708//2319 1709//2319 
f 1005//2320 1004//2320 1708//2320 
f 1006//2321 1709//2321 1710//2321 
f 1006//2322 1005//2322 1709//2322 
f 1007//2323 1710//2323 1701//2323 
f 1007//2324 1006//2324 1710//2324 
f 982//2325 1007//2325 1701//2325 
f 1091//2326 1092//2326 1702//2326 
f 1702//2327 1092//2327 1711//2327 
f 1711//2328 1078//2328 1712//2328 
f 1092//2329 1078//2329 1711//2329 
f 1712//2330 1079//2330 1713//2330 
f 1078//2331 1079//2331 1712//2331 
f 1713//2332 1070//2332 1714//2332 
f 1079//2333 1070//2333 1713//2333 
f 1714//2334 1071//2334 1715//2334 
f 1070//2335 1071//2335 1714//2335 
f 1715//2336 1052//2336 1716//2336 
f 1071//2337 1052//2337 1715//2337 
f 1716//2338 1053//2338 1717//2338 
f 1052//2339 1053//2339 1716//2339 
f 1717//2340 1047//2340 1718//2340 
f 1053//2341 1047//2341 1717//2341 
f 1718//2342 1043//2342 1719//2342 
f 1047//2343 1043//2343 1718//2343 
f 1719//2344 1045//2344 1720//2344 
f 1043//2345 1045//2345 1719//2345 
f 1720//2346 1044//2346 1721//2346 
f 1045//2347 1044//2347 1720//2347 
f 1721//2348 1031//2348 1722//2348 
f 1044//2349 1031//2349 1721//2349 
f 1722//2350 1033//2350 1723//2350 
f 1031//2351 1033//2351 1722//2351 
f 1723//2352 1032//2352 1724//2352 
f 1033//2353 1032//2353 1723//2353 
f 1724//2354 1024//2354 1725//2354 
f 1032//2355 1024//2355 1724//2355 
f 1725//2356 1026//2356 1726//2356 
f 1024//2357 1026//2357 1725//2357 
f 1026//2358 1025//2358 1726//2358 
f 1726//2359 1025//2359 1727//2359 
f 1025//2360 1034//2360 1727//2360 
f 1727//2361 1034//2361 1728//2361 
f 1034//2362 1022//2362 1728//2362 
f 1728//2363 1022//2363 1729//2363 
f 1729//2364 1023//2364 1730//2364 
f 1022//2365 1023//2365 1729//2365 
f 1730//2366 1019//2366 1731//2366 
f 1023//2367 1019//2367 1730//2367 
f 1731//2368 1020//2368 1732//2368 
f 1019//2369 1020//2369 1731//2369 
f 1732//2370 1012//2370 1733//2370 
f 1020//2371 1012//2371 1732//2371 
f 1733//2372 1008//2372 1734//2372 
f 1012//2373 1008//2373 1733//2373 
f 1734//2374 1010//2374 1735//2374 
f 1008//2375 1010//2375 1734//2375 
f 1735//2376 1009//2376 1736//2376 
f 1010//2377 1009//2377 1735//2377 
f 1736//2378 1011//2378 1737//2378 
f 1009//2379 1011//2379 1736//2379 
f 1737//2380 1013//2380 1738//2380 
f 1011//2381 1013//2381 1737//2381 
f 1738//2382 1016//2382 1739//2382 
f 1013//2383 1016//2383 1738//2383 
f 1739//2384 1015//2384 1740//2384 
f 1016//2385 1015//2385 1739//2385 
f 1740//2386 1017//2386 1741//2386 
f 1015//2387 1017//2387 1740//2387 
f 1741//2388 1018//2388 1742//2388 
f 1017//2389 1018//2389 1741//2389 
f 1742//2390 1014//2390 1743//2390 
f 1018//2391 1014//2391 1742//2391 
f 1743//2392 1021//2392 1744//2392 
f 1014//2393 1021//2393 1743//2393 
f 1744//2394 1049//2394 1745//2394 
f 1021//2395 1049//2395 1744//2395 
f 1745//2396 1050//2396 1746//2396 
f 1049//2397 1050//2397 1745//2397 
f 1746//2398 1029//2398 1747//2398 
f 1050//2399 1029//2399 1746//2399 
f 1747//2400 1028//2400 1748//2400 
f 1029//2401 1028//2401 1747//2401 
f 1748//2402 1030//2402 1749//2402 
f 1028//2403 1030//2403 1748//2403 
f 1749//2404 1027//2404 1750//2404 
f 1030//2405 1027//2405 1749//2405 
f 1027//2406 1040//2406 1750//2406 
f 1750//2407 1040//2407 1751//2407 
f 1040//2408 1039//2408 1751//2408 
f 1751//2409 1039//2409 1752//2409 
f 1039//2410 1038//2410 1752//2410 
f 1752//2411 1038//2411 1753//2411 
f 1038//2412 1042//2412 1753//2412 
f 1753//2413 1042//2413 1754//2413 
f 1042//2414 1041//2414 1754//2414 
f 1754//2415 1041//2415 1755//2415 
f 1041//2416 1046//2416 1755//2416 
f 1755//2417 1046//2417 1756//2417 
f 1046//2418 1051//2418 1756//2418 
f 1756//2419 1051//2419 1757//2419 
f 1051//2420 1048//2420 1757//2420 
f 1757//2421 1048//2421 1758//2421 
f 1048//2422 1073//2422 1758//2422 
f 1758//2423 1073//2423 1759//2423 
f 1073//2424 1074//2424 1759//2424 
f 1759//2425 1074//2425 1760//2425 
f 1074//2426 1072//2426 1760//2426 
f 1760//2427 1072//2427 1761//2427 
f 1072//2428 1099//2428 1761//2428 
f 1761//2429 1099//2429 1762//2429 
f 1099//2430 1098//2430 1762//2430 
f 1762//2431 1098//2431 1763//2431 
f 1763//2432 1100//2432 1764//2432 
f 1098//2433 1100//2433 1763//2433 
f 1764//2434 1097//2434 1765//2434 
f 1100//2435 1097//2435 1764//2435 
f 1765//2436 1105//2436 1766//2436 
f 1097//2437 1105//2437 1765//2437 
f 1766//2438 1104//2438 1767//2438 
f 1105//2439 1104//2439 1766//2439 
f 1767//2440 1108//2440 1768//2440 
f 1104//2441 1108//2441 1767//2441 
f 1768//2442 1111//2442 1769//2442 
f 1108//2443 1111//2443 1768//2443 
f 1769//2444 1116//2444 1770//2444 
f 1111//2445 1116//2445 1769//2445 
f 1770//2446 1117//2446 1771//2446 
f 1116//2447 1117//2447 1770//2447 
f 1771//2448 1126//2448 1772//2448 
f 1117//2449 1126//2449 1771//2449 
f 1772//2450 1125//2450 1773//2450 
f 1126//2451 1125//2451 1772//2451 
f 1773//2452 1124//2452 1774//2452 
f 1125//2453 1124//2453 1773//2453 
f 1774//2454 1129//2454 1775//2454 
f 1124//2455 1129//2455 1774//2455 
f 1129//2456 1133//2456 1775//2456 
f 1775//2457 1133//2457 1776//2457 
f 1133//2458 1138//2458 1776//2458 
f 1776//2459 1138//2459 1777//2459 
f 1161//2460 1149//2460 1778//2460 
f 1161//2461 1778//2461 1779//2461 
f 1162//2462 1779//2462 1780//2462 
f 1162//2463 1161//2463 1779//2463 
f 1163//2464 1780//2464 1781//2464 
f 1163//2465 1162//2465 1780//2465 
f 1164//2466 1781//2466 1782//2466 
f 1164//2467 1163//2467 1781//2467 
f 1165//2468 1782//2468 1783//2468 
f 1165//2469 1164//2469 1782//2469 
f 1166//2470 1783//2470 1784//2470 
f 1166//2471 1165//2471 1783//2471 
f 1167//2472 1784//2472 1785//2472 
f 1167//2473 1166//2473 1784//2473 
f 1168//2474 1785//2474 1786//2474 
f 1168//2475 1167//2475 1785//2475 
f 1169//2476 1786//2476 1787//2476 
f 1169//2477 1168//2477 1786//2477 
f 1170//2478 1787//2478 1788//2478 
f 1170//2479 1169//2479 1787//2479 
f 1138//2480 1788//2480 1777//2480 
f 1138//2481 1170//2481 1788//2481 
f 1149//2482 1148//2482 1778//2482 
f 1778//2483 1148//2483 1789//2483 
f 1789//2484 1145//2484 1790//2484 
f 1148//2485 1145//2485 1789//2485 
f 1790//2486 1147//2486 1791//2486 
f 1145//2487 1147//2487 1790//2487 
f 1791//2488 1146//2488 1792//2488 
f 1147//2489 1146//2489 1791//2489 
f 1792//2490 1143//2490 1793//2490 
f 1146//2491 1143//2491 1792//2491 
f 1793//2492 1144//2492 1794//2492 
f 1143//2493 1144//2493 1793//2493 
f 1794//2494 1141//2494 1795//2494 
f 1144//2495 1141//2495 1794//2495 
f 1795//2496 1142//2496 1796//2496 
f 1141//2497 1142//2497 1795//2497 
f 1796//2498 1140//2498 1797//2498 
f 1142//2499 1140//2499 1796//2499 
f 1797//2500 1139//2500 1798//2500 
f 1140//2501 1139//2501 1797//2501 
f 1798//2502 1134//2502 1799//2502 
f 1139//2503 1134//2503 1798//2503 
f 1799//2504 1130//2504 1800//2504 
f 1134//2505 1130//2505 1799//2505 
f 1800//2506 1132//2506 1801//2506 
f 1130//2507 1132//2507 1800//2507 
f 1801//2508 1131//2508 1802//2508 
f 1132//2509 1131//2509 1801//2509 
f 1131//2510 1135//2510 1802//2510 
f 1802//2511 1135//2511 1803//2511 
f 1135//2512 1118//2512 1803//2512 
f 1803//2513 1118//2513 1804//2513 
f 1118//2514 1119//2514 1804//2514 
f 1804//2515 1119//2515 1805//2515 
f 1805//2516 1112//2516 1806//2516 
f 1119//2517 1112//2517 1805//2517 
f 1806//2518 1114//2518 1807//2518 
f 1112//2519 1114//2519 1806//2519 
f 1807//2520 1113//2520 1808//2520 
f 1114//2521 1113//2521 1807//2521 
f 1808//2522 1115//2522 1809//2522 
f 1113//2523 1115//2523 1808//2523 
f 1809//2524 1101//2524 1810//2524 
f 1115//2525 1101//2525 1809//2525 
f 1810//2526 1103//2526 1811//2526 
f 1101//2527 1103//2527 1810//2527 
f 1811//2528 1093//2528 1812//2528 
f 1103//2529 1093//2529 1811//2529 
f 1812//2530 1087//2530 1813//2530 
f 1093//2531 1087//2531 1812//2531 
f 1813//2532 1088//2532 1814//2532 
f 1087//2533 1088//2533 1813//2533 
f 1814//2534 1080//2534 1815//2534 
f 1088//2535 1080//2535 1814//2535 
f 1815//2536 1081//2536 1816//2536 
f 1080//2537 1081//2537 1815//2537 
f 1816//2538 1075//2538 1817//2538 
f 1081//2539 1075//2539 1816//2539 
f 1817//2540 1077//2540 1818//2540 
f 1075//2541 1077//2541 1817//2541 
f 1818//2542 1076//2542 1819//2542 
f 1077//2543 1076//2543 1818//2543 
f 1819//2544 1066//2544 1820//2544 
f 1076//2545 1066//2545 1819//2545 
f 1820//2546 1067//2546 1821//2546 
f 1066//2547 1067//2547 1820//2547 
f 1821//2548 1054//2548 1822//2548 
f 1067//2549 1054//2549 1821//2549 
f 1822//2550 1056//2550 1823//2550 
f 1054//2551 1056//2551 1822//2551 
f 1823//2552 1055//2552 1824//2552 
f 1056//2553 1055//2553 1823//2553 
f 1824//2554 1057//2554 1825//2554 
f 1055//2555 1057//2555 1824//2555 
f 1825//2556 1058//2556 1826//2556 
f 1057//2557 1058//2557 1825//2557 
f 1058//2558 1059//2558 1826//2558 
f 1826//2559 1059//2559 1827//2559 
f 1059//2560 1060//2560 1827//2560 
f 1827//2561 1060//2561 1828//2561 
f 1060//2562 1061//2562 1828//2562 
f 1828//2563 1061//2563 1829//2563 
f 1061//2564 1089//2564 1829//2564 
f 1829//2565 1089//2565 1830//2565 
f 1089//2566 1090//2566 1830//2566 
f 1830//2567 1090//2567 1831//2567 
f 1090//2568 1069//2568 1831//2568 
f 1831//2569 1069//2569 1832//2569 
f 1069//2570 1064//2570 1832//2570 
f 1832//2571 1064//2571 1833//2571 
f 1064//2572 1063//2572 1833//2572 
f 1833//2573 1063//2573 1834//2573 
f 1063//2574 1065//2574 1834//2574 
f 1834//2575 1065//2575 1835//2575 
f 1065//2576 1062//2576 1835//2576 
f 1835//2577 1062//2577 1836//2577 
f 1062//2578 1068//2578 1836//2578 
f 1836//2579 1068//2579 1837//2579 
f 1068//2580 1084//2580 1837//2580 
f 1837//2581 1084//2581 1838//2581 
f 1084//2582 1083//2582 1838//2582 
f 1838//2583 1083//2583 1839//2583 
f 1083//2584 1085//2584 1839//2584 
f 1839//2585 1085//2585 1840//2585 
f 1840//2586 1086//2586 1841//2586 
f 1085//2587 1086//2587 1840//2587 
f 1841//2588 1082//2588 1842//2588 
f 1086//2589 1082//2589 1841//2589 
f 1842//2590 1095//2590 1843//2590 
f 1843//2591 1095//2591 1844//2591 
f 1082//2592 1095//2592 1842//2592 
f 1095//2593 1096//2593 1844//2593 
f 1844//2594 1094//2594 1845//2594 
f 1096//2595 1094//2595 1844//2595 
f 1845//2596 1102//2596 1846//2596 
f 1094//2597 1102//2597 1845//2597 
f 1846//2598 1107//2598 1847//2598 
f 1102//2599 1107//2599 1846//2599 
f 1847//2600 1106//2600 1848//2600 
f 1107//2601 1106//2601 1847//2601 
f 1848//2602 1110//2602 1849//2602 
f 1106//2603 1110//2603 1848//2603 
f 1849//2604 1109//2604 1850//2604 
f 1110//2605 1109//2605 1849//2605 
f 1850//2606 1121//2606 1851//2606 
f 1109//2607 1121//2607 1850//2607 
f 1851//2608 1122//2608 1852//2608 
f 1121//2609 1122//2609 1851//2609 
f 1122//2610 1120//2610 1852//2610 
f 1852//2611 1120//2611 1853//2611 
f 1120//2612 1123//2612 1853//2612 
f 1853//2613 1123//2613 1854//2613 
f 1123//2614 1128//2614 1854//2614 
f 1854//2615 1128//2615 1855//2615 
f 1128//2616 1127//2616 1855//2616 
f 1855//2617 1127//2617 1856//2617 
f 1127//2618 1137//2618 1856//2618 
f 1856//2619 1137//2619 1857//2619 
f 1857//2620 1137//2620 1858//2620 
f 1137//2621 1136//2621 1858//2621 
f 1153//2622 981//2622 1859//2622 
f 1153//2623 1859//2623 1860//2623 
f 1154//2624 1860//2624 1861//2624 
f 1154//2625 1153//2625 1860//2625 
f 1155//2626 1861//2626 1862//2626 
f 1155//2627 1154//2627 1861//2627 
f 1156//2628 1862//2628 1863//2628 
f 1156//2629 1155//2629 1862//2629 
f 1157//2630 1863//2630 1864//2630 
f 1157//2631 1156//2631 1863//2631 
f 1158//2632 1864//2632 1865//2632 
f 1158//2633 1157//2633 1864//2633 
f 1159//2634 1865//2634 1866//2634 
f 1159//2635 1158//2635 1865//2635 
f 1160//2636 1866//2636 1867//2636 
f 1160//2637 1159//2637 1866//2637 
f 1152//2638 1867//2638 1868//2638 
f 1152//2639 1160//2639 1867//2639 
f 1136//2640 1868//2640 1858//2640 
f 1136//2641 1152//2641 1868//2641 
f 981//2642 978//2642 1859//2642 
f 1859//2643 978//2643 1869//2643 
f 978//2644 979//2644 1869//2644 
f 1869//2645 979//2645 1870//2645 
f 979//2646 974//2646 1870//2646 
f 1870//2647 974//2647 1871//2647 
f 974//2648 970//2648 1871//2648 
f 1871//2649 970//2649 1872//2649 
f 970//2650 972//2650 1872//2650 
f 1872//2651 972//2651 1873//2651 
f 972//2652 971//2652 1873//2652 
f 1873//2653 971//2653 1874//2653 
f 971//2654 973//2654 1874//2654 
f 1874//2655 973//2655 1875//2655 
f 973//2656 962//2656 1875//2656 
f 1875//2657 962//2657 1876//2657 
f 962//2658 964//2658 1876//2658 
f 1876//2659 964//2659 1877//2659 
f 1877//2660 963//2660 1878//2660 
f 964//2661 963//2661 1877//2661 
f 1878//2662 965//2662 1879//2662 
f 963//2663 965//2663 1878//2663 
f 1879//2664 957//2664 1880//2664 
f 965//2665 957//2665 1879//2665 
f 1880//2666 955//2666 1881//2666 
f 957//2667 955//2667 1880//2667 
f 1881//2668 952//2668 1882//2668 
f 955//2669 952//2669 1881//2669 
f 1882//2670 953//2670 1883//2670 
f 952//2671 953//2671 1882//2671 
f 1883//2672 945//2672 1884//2672 
f 953//2673 945//2673 1883//2673 
f 1884//2674 947//2674 1885//2674 
f 945//2675 947//2675 1884//2675 
f 947//2676 946//2676 1885//2676 
f 1885//2677 946//2677 1886//2677 
f 946//2678 948//2678 1886//2678 
f 1886//2679 948//2679 1887//2679 
f 948//2680 941//2680 1887//2680 
f 1887//2681 941//2681 1888//2681 
f 941//2682 936//2682 1888//2682 
f 1888//2683 936//2683 1889//2683 
f 936//2684 938//2684 1889//2684 
f 1889//2685 938//2685 1890//2685 
f 938//2686 937//2686 1890//2686 
f 1890//2687 937//2687 1891//2687 
f 937//2688 939//2688 1891//2688 
f 1891//2689 939//2689 1892//2689 
f 939//2690 931//2690 1892//2690 
f 1892//2691 931//2691 1893//2691 
f 931//2692 924//2692 1893//2692 
f 1893//2693 924//2693 1894//2693 
f 924//2694 926//2694 1894//2694 
f 1894//2695 926//2695 1895//2695 
f 926//2696 925//2696 1895//2696 
f 1895//2697 925//2697 1896//2697 
f 925//2698 927//2698 1896//2698 
f 1896//2699 927//2699 1897//2699 
f 927//2700 920//2700 1897//2700 
f 1897//2701 920//2701 1898//2701 
f 920//2702 911//2702 1898//2702 
f 1898//2703 911//2703 1899//2703 
f 911//2704 913//2704 1899//2704 
f 1899//2705 913//2705 1900//2705 
f 913//2706 912//2706 1900//2706 
f 1900//2707 912//2707 1901//2707 
f 912//2708 899//2708 1901//2708 
f 1901//2709 899//2709 1902//2709 
f 899//2710 896//2710 1902//2710 
f 1902//2711 896//2711 1903//2711 
f 1903//2712 896//2712 1904//2712 
f 896//2713 897//2713 1904//2713 
f 1904//2714 892//2714 1905//2714 
f 897//2715 892//2715 1904//2715 
f 1905//2716 883//2716 1906//2716 
f 892//2717 883//2717 1905//2717 
f 1906//2718 885//2718 1907//2718 
f 1907//2719 885//2719 1908//2719 
f 883//2720 885//2720 1906//2720 
f 1908//2721 884//2721 1909//2721 
f 885//2722 884//2722 1908//2722 
f 1909//2723 886//2723 1910//2723 
f 884//2724 886//2724 1909//2724 
f 1910//2725 887//2725 1911//2725 
f 886//2726 887//2726 1910//2726 
f 887//2727 888//2727 1911//2727 
f 1911//2728 888//2728 1912//2728 
f 888//2729 861//2729 1912//2729 
f 1912//2730 861//2730 1913//2730 
f 861//2731 862//2731 1913//2731 
f 1913//2732 862//2732 1914//2732 
f 1914//2733 853//2733 1915//2733 
f 862//2734 853//2734 1914//2734 
f 1915//2735 855//2735 1916//2735 
f 853//2736 855//2736 1915//2736 
f 1916//2737 854//2737 1917//2737 
f 855//2738 854//2738 1916//2738 
f 1917//2739 864//2739 1918//2739 
f 854//2740 864//2740 1917//2740 
f 1918//2741 865//2741 1919//2741 
f 864//2742 865//2742 1918//2742 
f 1919//2743 863//2743 1920//2743 
f 865//2744 863//2744 1919//2744 
f 1920//2745 867//2745 1921//2745 
f 863//2746 867//2746 1920//2746 
f 1921//2747 878//2747 1922//2747 
f 867//2748 878//2748 1921//2748 
f 1922//2749 879//2749 1923//2749 
f 878//2750 879//2750 1922//2750 
f 1923//2751 877//2751 1924//2751 
f 879//2752 877//2752 1923//2752 
f 1924//2753 881//2753 1925//2753 
f 877//2754 881//2754 1924//2754 
f 1925//2755 898//2755 1926//2755 
f 881//2756 898//2756 1925//2756 
f 1926//2757 900//2757 1927//2757 
f 898//2758 900//2758 1926//2758 
f 1927//2759 914//2759 1928//2759 
f 900//2760 914//2760 1927//2760 
f 1928//2761 915//2761 1929//2761 
f 914//2762 915//2762 1928//2762 
f 1929//2763 916//2763 1930//2763 
f 915//2764 916//2764 1929//2764 
f 1930//2765 917//2765 1931//2765 
f 916//2766 917//2766 1930//2766 
f 917//2767 918//2767 1931//2767 
f 812//2768 1932//2768 1933//2768 
f 848//2769 1933//2769 1934//2769 
f 848//2770 812//2770 1933//2770 
f 849//2771 1934//2771 1935//2771 
f 849//2772 848//2772 1934//2772 
f 850//2773 1935//2773 1936//2773 
f 850//2774 849//2774 1935//2774 
f 851//2775 1936//2775 1937//2775 
f 851//2776 850//2776 1936//2776 
f 852//2777 1937//2777 1938//2777 
f 852//2778 851//2778 1937//2778 
f 923//2779 1938//2779 1939//2779 
f 923//2780 852//2780 1938//2780 
f 983//2781 1939//2781 1940//2781 
f 983//2782 923//2782 1939//2782 
f 993//2783 1940//2783 1941//2783 
f 993//2784 983//2784 1940//2784 
f 1001//2785 1941//2785 1931//2785 
f 1001//2786 993//2786 1941//2786 
f 918//2787 1001//2787 1931//2787 
f 1932//2788 812//2788 1942//2788 
f 812//2789 814//2789 1942//2789 
f 1942//2790 814//2790 1943//2790 
f 814//2791 813//2791 1943//2791 
f 1943//2792 813//2792 1944//2792 
f 813//2793 815//2793 1944//2793 
f 1944//2794 815//2794 1945//2794 
f 815//2795 816//2795 1945//2795 
f 1945//2796 816//2796 1946//2796 
f 816//2797 807//2797 1946//2797 
f 1946//2798 807//2798 1947//2798 
f 807//2799 809//2799 1947//2799 
f 1947//2800 809//2800 1948//2800 
f 809//2801 808//2801 1948//2801 
f 1948//2802 808//2802 1949//2802 
f 1949//2803 802//2803 1950//2803 
f 808//2804 802//2804 1949//2804 
f 1950//2805 803//2805 1951//2805 
f 802//2806 803//2806 1950//2806 
f 1951//2807 801//2807 1952//2807 
f 803//2808 801//2808 1951//2808 
f 1952//2809 800//2809 1953//2809 
f 801//2810 800//2810 1952//2810 
f 1953//2811 799//2811 1954//2811 
f 800//2812 799//2812 1953//2812 
f 1954//2813 797//2813 1955//2813 
f 799//2814 797//2814 1954//2814 
f 797//2815 793//2815 1955//2815 
f 1955//2816 793//2816 1956//2816 
f 793//2817 790//2817 1956//2817 
f 1956//2818 790//2818 1957//2818 
f 790//2819 792//2819 1957//2819 
f 1957//2820 792//2820 1958//2820 
f 792//2821 791//2821 1958//2821 
f 1958//2822 791//2822 1959//2822 
f 791//2823 788//2823 1959//2823 
f 1959//2824 788//2824 1960//2824 
f 788//2825 783//2825 1960//2825 
f 1960//2826 783//2826 1961//2826 
f 783//2827 785//2827 1961//2827 
f 1961//2828 785//2828 1962//2828 
f 785//2829 784//2829 1962//2829 
f 1962//2830 784//2830 1963//2830 
f 784//2831 786//2831 1963//2831 
f 1963//2832 786//2832 1964//2832 
f 786//2833 775//2833 1964//2833 
f 1964//2834 775//2834 1965//2834 
f 775//2835 772//2835 1965//2835 
f 1965//2836 772//2836 1966//2836 
f 772//2837 768//2837 1966//2837 
f 1966//2838 768//2838 1967//2838 
f 768//2839 758//2839 1967//2839 
f 1967//2840 758//2840 1968//2840 
f 758//2841 752//2841 1968//2841 
f 1968//2842 752//2842 1969//2842 
f 752//2843 753//2843 1969//2843 
f 1969//2844 753//2844 1970//2844 
f 1970//2845 751//2845 1971//2845 
f 753//2846 751//2846 1970//2846 
f 1971//2847 750//2847 1972//2847 
f 751//2848 750//2848 1971//2848 
f 1972//2849 749//2849 1973//2849 
f 750//2850 749//2850 1972//2850 
f 1973//2851 747//2851 1974//2851 
f 749//2852 747//2852 1973//2852 
f 1974//2853 748//2853 1975//2853 
f 747//2854 748//2854 1974//2854 
f 1975//2855 746//2855 1976//2855 
f 748//2856 746//2856 1975//2856 
f 1976//2857 745//2857 1977//2857 
f 746//2858 745//2858 1976//2858 
f 1977//2859 743//2859 1978//2859 
f 745//2860 743//2860 1977//2860 
f 1978//2861 744//2861 1979//2861 
f 743//2862 744//2862 1978//2862 
f 1979//2863 741//2863 1980//2863 
f 744//2864 741//2864 1979//2864 
f 741//2865 742//2865 1980//2865 
f 1980//2866 742//2866 1981//2866 
f 742//2867 739//2867 1981//2867 
f 1981//2868 739//2868 1982//2868 
f 739//2869 740//2869 1982//2869 
f 1982//2870 740//2870 1983//2870 
f 1983//2871 737//2871 1984//2871 
f 740//2872 737//2872 1983//2872 
f 1984//2873 734//2873 1985//2873 
f 737//2874 734//2874 1984//2874 
f 1985//2875 736//2875 1986//2875 
f 734//2876 736//2876 1985//2876 
f 1986//2877 735//2877 1987//2877 
f 736//2878 735//2878 1986//2878 
f 1987//2879 733//2879 1988//2879 
f 735//2880 733//2880 1987//2880 
f 1988//2881 731//2881 1989//2881 
f 733//2882 731//2882 1988//2882 
f 1989//2883 732//2883 1990//2883 
f 731//2884 732//2884 1989//2884 
f 1990//2885 730//2885 1991//2885 
f 732//2886 730//2886 1990//2886 
f 1991//2887 727//2887 1992//2887 
f 730//2888 727//2888 1991//2888 
f 1992//2889 729//2889 1993//2889 
f 727//2890 729//2890 1992//2890 
f 1993//2891 728//2891 1994//2891 
f 729//2892 728//2892 1993//2892 
f 1994//2893 725//2893 1995//2893 
f 728//2894 725//2894 1994//2894 
f 1995//2895 726//2895 1996//2895 
f 725//2896 726//2896 1995//2896 
f 1996//2897 721//2897 1997//2897 
f 726//2898 721//2898 1996//2898 
f 1997//2899 722//2899 1998//2899 
f 721//2900 722//2900 1997//2900 
f 1998//2901 714//2901 1999//2901 
f 722//2902 714//2902 1998//2902 
f 1999//2903 715//2903 2000//2903 
f 714//2904 715//2904 1999//2904 
f 2000//2905 712//2905 2001//2905 
f 715//2906 712//2906 2000//2906 
f 2001//2907 713//2907 2002//2907 
f 712//2908 713//2908 2001//2908 
f 2002//2909 711//2909 2003//2909 
f 713//2910 711//2910 2002//2910 
f 2003//2911 710//2911 2004//2911 
f 711//2912 710//2912 2003//2912 
f 2004//2913 709//2913 2005//2913 
f 710//2914 709//2914 2004//2914 
f 2005//2915 716//2915 2006//2915 
f 709//2916 716//2916 2005//2916 
f 716//2917 718//2917 2006//2917 
f 2006//2918 718//2918 2007//2918 
f 718//2919 719//2919 2007//2919 
f 2007//2920 719//2920 2008//2920 
f 719//2921 720//2921 2008//2921 
f 2008//2922 720//2922 2009//2922 
f 720//2923 717//2923 2009//2923 
f 2009//2924 717//2924 2010//2924 
f 717//2925 723//2925 2010//2925 
f 723//2926 724//2926 2010//2926 
f 2010//2927 724//2927 2011//2927 
f 620//2928 2012//2928 2013//2928 
f 686//2929 2013//2929 2014//2929 
f 686//2930 620//2930 2013//2930 
f 701//2931 2014//2931 2015//2931 
f 701//2932 686//2932 2014//2932 
f 702//2933 2015//2933 2016//2933 
f 702//2934 701//2934 2015//2934 
f 703//2935 2016//2935 2017//2935 
f 703//2936 702//2936 2016//2936 
f 704//2937 2017//2937 2018//2937 
f 704//2938 703//2938 2017//2938 
f 705//2939 2018//2939 2019//2939 
f 705//2940 704//2940 2018//2940 
f 706//2941 2019//2941 2020//2941 
f 706//2942 705//2942 2019//2942 
f 707//2943 2020//2943 2021//2943 
f 707//2944 706//2944 2020//2944 
f 708//2945 2021//2945 2022//2945 
f 708//2946 707//2946 2021//2946 
f 738//2947 2022//2947 2011//2947 
f 738//2948 708//2948 2022//2948 
f 724//2949 738//2949 2011//2949 
f 2012//2950 620//2950 2023//2950 
f 620//2951 626//2951 2023//2951 
f 2023//2952 626//2952 2024//2952 
f 626//2953 625//2953 2024//2953 
f 2024//2954 625//2954 2025//2954 
f 625//2955 624//2955 2025//2955 
f 2025//2956 624//2956 2026//2956 
f 624//2957 636//2957 2026//2957 
f 2026//2958 636//2958 2027//2958 
f 2027//2959 637//2959 2028//2959 
f 636//2960 637//2960 2027//2960 
f 2028//2961 635//2961 2029//2961 
f 637//2962 635//2962 2028//2962 
f 2029//2963 639//2963 2030//2963 
f 635//2964 639//2964 2029//2964 
f 2030//2965 638//2965 2031//2965 
f 639//2966 638//2966 2030//2966 
f 2031//2967 645//2967 2032//2967 
f 638//2968 645//2968 2031//2968 
f 645//2969 644//2969 2032//2969 
f 2032//2970 644//2970 2033//2970 
f 644//2971 649//2971 2033//2971 
f 2033//2972 649//2972 2034//2972 
f 649//2973 650//2973 2034//2973 
f 2034//2974 650//2974 2035//2974 
f 650//2975 648//2975 2035//2975 
f 2035//2976 648//2976 2036//2976 
f 648//2977 653//2977 2036//2977 
f 2036//2978 653//2978 2037//2978 
f 653//2979 651//2979 2037//2979 
f 2037//2980 651//2980 2038//2980 
f 651//2981 652//2981 2038//2981 
f 2038//2982 652//2982 2039//2982 
f 652//2983 646//2983 2039//2983 
f 2039//2984 646//2984 2040//2984 
f 646//2985 647//2985 2040//2985 
f 2040//2986 647//2986 2041//2986 
f 647//2987 643//2987 2041//2987 
f 2041//2988 643//2988 2042//2988 
f 2042//2989 640//2989 2043//2989 
f 643//2990 640//2990 2042//2990 
f 2043//2991 642//2991 2044//2991 
f 640//2992 642//2992 2043//2992 
f 2044//2993 641//2993 2045//2993 
f 642//2994 641//2994 2044//2994 
f 2045//2995 634//2995 2046//2995 
f 641//2996 634//2996 2045//2996 
f 2046//2997 632//2997 2047//2997 
f 634//2998 632//2998 2046//2998 
f 2047//2999 627//2999 2048//2999 
f 632//3000 627//3000 2047//3000 
f 2048//3001 629//3001 2049//3001 
f 627//3002 629//3002 2048//3002 
f 2049//3003 628//3003 2050//3003 
f 629//3004 628//3004 2049//3004 
f 2050//3005 630//3005 2051//3005 
f 628//3006 630//3006 2050//3006 
f 2051//3007 615//3007 2052//3007 
f 630//3008 615//3008 2051//3008 
f 2052//3009 612//3009 2053//3009 
f 615//3010 612//3010 2052//3010 
f 2053//3011 614//3011 2054//3011 
f 612//3012 614//3012 2053//3012 
f 2054//3013 613//3013 2055//3013 
f 614//3014 613//3014 2054//3014 
f 2055//3015 608//3015 2056//3015 
f 613//3016 608//3016 2055//3016 
f 2056//3017 610//3017 2057//3017 
f 608//3018 610//3018 2056//3018 
f 610//3019 609//3019 2057//3019 
f 2057//3020 609//3020 2058//3020 
f 609//3021 602//3021 2058//3021 
f 2058//3022 602//3022 2059//3022 
f 602//3023 600//3023 2059//3023 
f 2059//3024 600//3024 2060//3024 
f 600//3025 601//3025 2060//3025 
f 2060//3026 601//3026 2061//3026 
f 2061//3027 598//3027 2062//3027 
f 601//3028 598//3028 2061//3028 
f 2062//3029 599//3029 2063//3029 
f 598//3030 599//3030 2062//3030 
f 2063//3031 595//3031 2064//3031 
f 599//3032 595//3032 2063//3032 
f 2064//3033 597//3033 2065//3033 
f 595//3034 597//3034 2064//3034 
f 2065//3035 596//3035 2066//3035 
f 597//3036 596//3036 2065//3036 
f 2066//3037 594//3037 2067//3037 
f 596//3038 594//3038 2066//3038 
f 2067//3039 593//3039 2068//3039 
f 594//3040 593//3040 2067//3040 
f 2068//3041 591//3041 2069//3041 
f 593//3042 591//3042 2068//3042 
f 2069//3043 592//3043 2070//3043 
f 591//3044 592//3044 2069//3044 
f 2070//3045 589//3045 2071//3045 
f 592//3046 589//3046 2070//3046 
f 2071//3047 588//3047 2072//3047 
f 589//3048 588//3048 2071//3048 
f 2072//3049 586//3049 2073//3049 
f 588//3050 586//3050 2072//3050 
f 2073//3051 587//3051 2074//3051 
f 586//3052 587//3052 2073//3052 
f 2074//3053 585//3053 2075//3053 
f 587//3054 585//3054 2074//3054 
f 2075//3055 581//3055 2076//3055 
f 585//3056 581//3056 2075//3056 
f 2076//3057 583//3057 2077//3057 
f 581//3058 583//3058 2076//3058 
f 2077//3059 582//3059 2078//3059 
f 583//3060 582//3060 2077//3060 
f 2078//3061 584//3061 2079//3061 
f 582//3062 584//3062 2078//3062 
f 2079//3063 580//3063 2080//3063 
f 584//3064 580//3064 2079//3064 
f 2080//3065 578//3065 2081//3065 
f 580//3066 578//3066 2080//3066 
f 2081//3067 579//3067 2082//3067 
f 578//3068 579//3068 2081//3068 
f 579//3069 576//3069 2082//3069 
f 2082//3070 576//3070 2083//3070 
f 576//3071 577//3071 2083//3071 
f 2083//3072 577//3072 2084//3072 
f 577//3073 574//3073 2084//3073 
f 2084//3074 574//3074 2085//3074 
f 574//3075 575//3075 2085//3075 
f 2085//3076 575//3076 2086//3076 
f 575//3077 573//3077 2086//3077 
f 2086//3078 573//3078 2087//3078 
f 573//3079 570//3079 2087//3079 
f 2087//3080 570//3080 2088//3080 
f 570//3081 572//3081 2088//3081 
f 572//3082 571//3082 2088//3082 
f 2088//3083 571//3083 2089//3083 
f 571//3084 569//3084 2089//3084 
f 2089//3085 569//3085 2090//3085 
f 569//3086 568//3086 2090//3086 
f 2090//3087 568//3087 2091//3087 
f 568//3088 566//3088 2091//3088 
f 2091//3089 566//3089 2092//3089 
f 566//3090 567//3090 2092//3090 
f 2092//3091 567//3091 2093//3091 
f 2093//3092 564//3092 2094//3092 
f 567//3093 564//3093 2093//3093 
f 564//3094 565//3094 2094//3094 
f 2094//3095 565//3095 2095//3095 
f 2095//3096 562//3096 2096//3096 
f 565//3097 562//3097 2095//3097 
f 2096//3098 560//3098 2097//3098 
f 562//3099 560//3099 2096//3099 
f 2097//3100 561//3100 2098//3100 
f 560//3101 561//3101 2097//3101 
f 2098//3102 558//3102 2099//3102 
f 561//3103 558//3103 2098//3103 
f 2099//3104 557//3104 2100//3104 
f 558//3105 557//3105 2099//3105 
f 557//3106 556//3106 2100//3106 
f 2100//3107 556//3107 1180//3107 
f 2101//3108 357//3108 451//3108 
f 2101//3109 451//3109 2102//3109 
f 2102//3110 451//3110 2103//3110 
f 2103//3111 382//3111 2104//3111 
f 451//3112 382//3112 2103//3112 
f 382//3113 378//3113 2104//3113 
f 2104//3114 378//3114 2105//3114 
f 378//3115 375//3115 2105//3115 
f 2105//3116 375//3116 2106//3116 
f 375//3117 370//3117 2106//3117 
f 2106//3118 370//3118 2107//3118 
f 370//3119 366//3119 2107//3119 
f 2107//3120 366//3120 2108//3120 
f 366//3121 361//3121 2108//3121 
f 2108//3122 361//3122 2109//3122 
f 361//3123 356//3123 2109//3123 
f 2109//3124 356//3124 2110//3124 
f 356//3125 351//3125 2110//3125 
f 2110//3126 351//3126 2111//3126 
f 351//3127 324//3127 2111//3127 
f 2111//3128 324//3128 2112//3128 
f 324//3129 216//3129 2112//3129 
f 2112//3130 216//3130 2113//3130 
f 216//3131 199//3131 2113//3131 
f 2113//3132 199//3132 2114//3132 
f 199//3133 198//3133 2114//3133 
f 2114//3134 198//3134 2115//3134 
f 198//3135 194//3135 2115//3135 
f 2115//3136 194//3136 2116//3136 
f 194//3137 186//3137 2116//3137 
f 2116//3138 186//3138 2117//3138 
f 186//3139 182//3139 2117//3139 
f 2117//3140 182//3140 2118//3140 
f 182//3141 180//3141 2118//3141 
f 2118//3142 180//3142 2119//3142 
f 2119//3143 179//3143 2120//3143 
f 180//3144 179//3144 2119//3144 
f 2120//3145 184//3145 2121//3145 
f 179//3146 184//3146 2120//3146 
f 2121//3147 188//3147 2122//3147 
f 184//3148 188//3148 2121//3148 
f 2122//3149 192//3149 2123//3149 
f 188//3150 192//3150 2122//3150 
f 2123//3151 196//3151 2124//3151 
f 192//3152 196//3152 2123//3152 
f 2124//3153 206//3153 2125//3153 
f 196//3154 206//3154 2124//3154 
f 2125//3155 242//3155 2126//3155 
f 206//3156 242//3156 2125//3156 
f 2126//3157 316//3157 2127//3157 
f 242//3158 316//3158 2126//3158 
f 2127//3159 349//3159 2128//3159 
f 316//3160 349//3160 2127//3160 
f 2128//3161 354//3161 2129//3161 
f 349//3162 354//3162 2128//3162 
f 2129//3163 359//3163 2130//3163 
f 354//3164 359//3164 2129//3164 
f 359//3165 364//3165 2130//3165 
f 2130//3166 364//3166 2131//3166 
f 364//3167 368//3167 2131//3167 
f 2131//3168 368//3168 2132//3168 
f 368//3169 373//3169 2132//3169 
f 2132//3170 373//3170 2133//3170 
f 373//3171 380//3171 2133//3171 
f 2133//3172 380//3172 2134//3172 
f 380//3173 384//3173 2134//3173 
f 2134//3174 384//3174 2135//3174 
f 384//3175 448//3175 2135//3175 
f 2135//3176 448//3176 2136//3176 
f 448//3177 531//3177 2136//3177 
f 2136//3178 531//3178 2137//3178 
f 531//3179 535//3179 2137//3179 
f 2137//3180 535//3180 2138//3180 
f 535//3181 539//3181 2138//3181 
f 2138//3182 539//3182 2139//3182 
f 539//3183 542//3183 2139//3183 
f 2139//3184 542//3184 2140//3184 
f 542//3185 546//3185 2140//3185 
f 2140//3186 546//3186 2141//3186 
f 546//3187 550//3187 2141//3187 
f 2141//3188 550//3188 2142//3188 
f 550//3189 553//3189 2142//3189 
f 2142//3190 553//3190 2143//3190 
f 553//3191 559//3191 2143//3191 
f 2143//3192 559//3192 2144//3192 
f 559//3193 621//3193 2144//3193 
f 2144//3194 621//3194 2145//3194 
f 621//3195 677//3195 2145//3195 
f 357//3196 2101//3196 2146//3196 
f 347//3197 2146//3197 2147//3197 
f 347//3198 357//3198 2146//3198 
f 209//3199 347//3199 2147//3199 
f 209//3200 2147//3200 2148//3200 
f 177//3201 209//3201 2148//3201 
f 177//3202 2148//3202 2149//3202 
f 175//3203 177//3203 2149//3203 
f 175//3204 2149//3204 2150//3204 
f 173//3205 175//3205 2150//3205 
f 173//3206 2150//3206 2151//3206 
f 171//3207 173//3207 2151//3207 
f 171//3208 2151//3208 2152//3208 
f 169//3209 171//3209 2152//3209 
f 169//3210 2152//3210 2153//3210 
f 167//3211 169//3211 2153//3211 
f 167//3212 2153//3212 2154//3212 
f 165//3213 167//3213 2154//3213 
f 165//3214 2154//3214 2155//3214 
f 163//3215 165//3215 2155//3215 
f 163//3216 2155//3216 2156//3216 
f 161//3217 163//3217 2156//3217 
f 161//3218 2156//3218 2157//3218 
f 159//3219 161//3219 2157//3219 
f 159//3220 2157//3220 2158//3220 
f 157//3221 159//3221 2158//3221 
f 157//3222 2158//3222 2159//3222 
f 155//3223 157//3223 2159//3223 
f 155//3224 2159//3224 2160//3224 
f 153//3225 155//3225 2160//3225 
f 153//3226 2160//3226 2161//3226 
f 152//3227 153//3227 2161//3227 
f 152//3228 2161//3228 2162//3228 
f 154//3229 152//3229 2162//3229 
f 154//3230 2162//3230 2163//3230 
f 156//3231 154//3231 2163//3231 
f 156//3232 2163//3232 2164//3232 
f 158//3233 2164//3233 2165//3233 
f 158//3234 156//3234 2164//3234 
f 160//3235 158//3235 2165//3235 
f 160//3236 2165//3236 2166//3236 
f 162//3237 2166//3237 2167//3237 
f 162//3238 160//3238 2166//3238 
f 164//3239 2167//3239 2168//3239 
f 164//3240 162//3240 2167//3240 
f 166//3241 2168//3241 2169//3241 
f 166//3242 164//3242 2168//3242 
f 168//3243 2169//3243 2170//3243 
f 168//3244 166//3244 2169//3244 
f 170//3245 2170//3245 2171//3245 
f 170//3246 168//3246 2170//3246 
f 172//3247 2171//3247 2172//3247 
f 172//3248 170//3248 2171//3248 
f 174//3249 172//3249 2172//3249 
f 174//3250 2172//3250 2173//3250 
f 176//3251 174//3251 2173//3251 
f 176//3252 2173//3252 2174//3252 
f 190//3253 176//3253 2174//3253 
f 190//3254 2174//3254 2175//3254 
f 233//3255 190//3255 2175//3255 
f 233//3256 2175//3256 2176//3256 
f 352//3257 233//3257 2176//3257 
f 352//3258 2176//3258 2177//3258 
f 362//3259 352//3259 2177//3259 
f 362//3260 2177//3260 2178//3260 
f 371//3261 362//3261 2178//3261 
f 371//3262 2178//3262 2179//3262 
f 376//3263 371//3263 2179//3263 
f 376//3264 2179//3264 2180//3264 
f 409//3265 376//3265 2180//3265 
f 409//3266 2180//3266 2181//3266 
f 527//3267 409//3267 2181//3267 
f 527//3268 2181//3268 2182//3268 
f 533//3269 527//3269 2182//3269 
f 533//3270 2182//3270 2183//3270 
f 537//3271 533//3271 2183//3271 
f 537//3272 2183//3272 2184//3272 
f 544//3273 537//3273 2184//3273 
f 544//3274 2184//3274 2185//3274 
f 548//3275 2185//3275 2186//3275 
f 548//3276 544//3276 2185//3276 
f 555//3277 2186//3277 2187//3277 
f 555//3278 548//3278 2186//3278 
f 590//3279 2187//3279 2145//3279 
f 590//3280 555//3280 2187//3280 
f 677//3281 590//3281 2145//3281 
f 2188//3282 11//3282 10//3282 
f 2188//3283 10//3283 17//3283 
f 2188//3284 2189//3284 11//3284 
f 11//3285 2189//3285 14//3285 
f 14//3286 2189//3286 12//3286 
f 12//3287 2189//3287 2190//3287 
f 13//3288 994//3288 1035//3288 
f 12//3289 2190//3289 13//3289 
f 13//3290 2190//3290 994//3290 
f 13//3291 1035//3291 16//3291 
f 13//3292 16//3292 9//3292 
f 17//3293 15//3293 2188//3293 
f 2188//3294 994//3294 2189//3294 
f 15//3295 994//3295 2188//3295 
f 994//3296 2190//3296 2189//3296 
f 2191//3297 19//3297 2192//3297 
f 2193//3298 2192//3298 19//3298 
f 2194//3299 19//3299 2191//3299 
f 2195//3300 2193//3300 19//3300 
f 2196//3301 19//3301 2194//3301 
f 2197//3302 2195//3302 19//3302 
f 2198//3303 19//3303 2196//3303 
f 2199//3304 2197//3304 19//3304 
f 2200//3305 19//3305 2198//3305 
f 2201//3306 2199//3306 19//3306 
f 2202//3307 19//3307 2200//3307 
f 2203//3308 2201//3308 19//3308 
f 2204//3309 19//3309 2202//3309 
f 2205//3310 2203//3310 19//3310 
f 2206//3311 19//3311 2204//3311 
f 2207//3312 2205//3312 19//3312 
f 2208//3313 19//3313 2206//3313 
f 2209//3314 2207//3314 19//3314 
f 2210//3315 19//3315 2208//3315 
f 2211//3316 2209//3316 19//3316 
f 2212//3317 19//3317 2210//3317 
f 2213//3318 2211//3318 19//3318 
f 2214//3319 19//3319 2212//3319 
f 2215//3320 2213//3320 19//3320 
f 2216//3321 19//3321 2214//3321 
f 2217//3322 2215//3322 19//3322 
f 2218//3323 19//3323 2216//3323 
f 2219//3324 2217//3324 19//3324 
f 2220//3325 19//3325 2218//3325 
f 2221//3326 2219//3326 19//3326 
f 2222//3327 19//3327 2220//3327 
f 2223//3328 2221//3328 19//3328 
f 2224//3329 19//3329 2222//3329 
f 2225//3330 2223//3330 19//3330 
f 2226//3331 19//3331 2224//3331 
f 2227//3332 19//3332 2226//3332 
f 2228//3333 19//3333 2227//3333 
f 4//3334 2229//3334 2230//3334 
f 4//3335 2231//3335 2229//3335 
f 4//3336 2232//3336 2231//3336 
f 4//3337 2233//3337 2232//3337 
f 4//3338 2234//3338 2233//3338 
f 4//3339 2235//3339 2234//3339 
f 4//3340 2236//3340 2235//3340 
f 4//3341 2237//3341 2236//3341 
f 4//3342 2238//3342 2237//3342 
f 4//3343 2239//3343 2238//3343 
f 4//3344 2240//3344 2239//3344 
f 4//3345 2241//3345 2240//3345 
f 4//3346 2242//3346 2241//3346 
f 4//3347 2243//3347 2242//3347 
f 4//3348 2244//3348 2243//3348 
f 4//3349 2245//3349 2244//3349 
f 4//3350 2246//3350 2245//3350 
f 4//3351 2247//3351 2246//3351 
f 4//3352 2248//3352 2247//3352 
f 4//3353 2249//3353 2248//3353 
f 4//3354 2228//3354 2249//3354 
f 4//3355 19//3355 2228//3355 
f 1//3356 2250//3356 2251//3356 
f 1//3357 2252//3357 2250//3357 
f 1//3358 2253//3358 2252//3358 
f 1//3359 2254//3359 2253//3359 
f 1//3360 2255//3360 2254//3360 
f 1//3361 2256//3361 2255//3361 
f 1//3362 2257//3362 2256//3362 
f 1//3363 2258//3363 2257//3363 
f 1//3364 2259//3364 2258//3364 
f 1//3365 2260//3365 2259//3365 
f 1//3366 4//3366 2230//3366 
f 1//3367 2261//3367 2260//3367 
f 1//3368 2262//3368 2261//3368 
f 1//3369 2230//3369 2262//3369 
f 1558//3370 2263//3370 2264//3370 
f 1558//3371 2265//3371 2263//3371 
f 1558//3372 2266//3372 2265//3372 
f 1558//3373 2267//3373 2266//3373 
f 1559//3374 1558//3374 2264//3374 
f 1559//3375 2268//3375 2269//3375 
f 1559//3376 2264//3376 2268//3376 
f 1557//3377 2270//3377 2271//3377 
f 1557//3378 2267//3378 1558//3378 
f 1557//3379 2272//3379 2267//3379 
f 1557//3380 2271//3380 2272//3380 
f 1560//3381 1559//3381 2269//3381 
f 1560//3382 2273//3382 2274//3382 
f 1560//3383 2275//3383 2273//3383 
f 1560//3384 2269//3384 2275//3384 
f 1556//3385 2276//3385 2270//3385 
f 1556//3386 2277//3386 2276//3386 
f 1556//3387 2278//3387 2277//3387 
f 1556//3388 2270//3388 1557//3388 
f 1561//3389 1560//3389 2274//3389 
f 1561//3390 2279//3390 2280//3390 
f 1561//3391 2274//3391 2279//3391 
f 21//3392 2281//3392 2225//3392 
f 21//3393 2282//3393 2281//3393 
f 21//3394 2283//3394 2282//3394 
f 21//3395 2284//3395 2283//3395 
f 21//3396 2225//3396 19//3396 
f 21//3397 2285//3397 2284//3397 
f 21//3398 2286//3398 2285//3398 
f 21//3399 2287//3399 2286//3399 
f 1555//3400 2278//3400 1556//3400 
f 1555//3401 2288//3401 2278//3401 
f 1555//3402 2289//3402 2288//3402 
f 1555//3403 2290//3403 2289//3403 
f 1555//3404 2291//3404 2290//3404 
f 1562//3405 1561//3405 2280//3405 
f 1562//3406 2292//3406 2293//3406 
f 1562//3407 2294//3407 2292//3407 
f 1562//3408 2280//3408 2294//3408 
f 1554//3409 2291//3409 1555//3409 
f 1554//3410 2295//3410 2291//3410 
f 1554//3411 2296//3411 2295//3411 
f 1554//3412 2297//3412 2296//3412 
f 1552//3413 2298//3413 2299//3413 
f 1552//3414 2293//3414 2298//3414 
f 1552//3415 1562//3415 2293//3415 
f 1549//3416 1550//3416 1551//3416 
f 1548//3417 1549//3417 1551//3417 
f 1547//3418 1551//3418 1552//3418 
f 1547//3419 1548//3419 1551//3419 
f 1553//3420 2300//3420 2297//3420 
f 1553//3421 2301//3421 2300//3421 
f 1553//3422 2302//3422 2301//3422 
f 1553//3423 2303//3423 2302//3423 
f 1553//3424 2297//3424 1554//3424 
f 1545//3425 1546//3425 1547//3425 
f 1545//3426 1547//3426 1552//3426 
f 2101//3427 21//3427 26//3427 
f 2101//3428 2287//3428 21//3428 
f 2101//3429 2304//3429 2287//3429 
f 1544//3430 1545//3430 1552//3430 
f 1565//3431 1553//3431 1563//3431 
f 1565//3432 1563//3432 1564//3432 
f 1485//3433 2304//3433 2101//3433 
f 1485//3434 1552//3434 2299//3434 
f 1485//3435 2299//3435 2304//3435 
f 1541//3436 1542//3436 1543//3436 
f 1541//3437 1543//3437 1544//3437 
f 1569//3438 1567//3438 1568//3438 
f 1538//3439 1539//3439 1540//3439 
f 1538//3440 1540//3440 1541//3440 
f 1499//3441 1497//3441 1498//3441 
f 1572//3442 1569//3442 1570//3442 
f 1572//3443 1570//3443 1571//3443 
f 1628//3444 2303//3444 1553//3444 
f 1628//3445 2305//3445 2303//3445 
f 1628//3446 2306//3446 2305//3446 
f 1628//3447 2307//3447 2306//3447 
f 1628//3448 2308//3448 2307//3448 
f 1574//3449 1567//3449 1569//3449 
f 1574//3450 1569//3450 1572//3450 
f 1574//3451 1566//3451 1567//3451 
f 1574//3452 1572//3452 1573//3452 
f 1503//3453 1541//3453 1544//3453 
f 1503//3454 1552//3454 1485//3454 
f 1503//3455 1497//3455 1499//3455 
f 1503//3456 1485//3456 1495//3456 
f 1503//3457 1495//3457 1496//3457 
f 1503//3458 1496//3458 1497//3458 
f 1503//3459 1499//3459 1500//3459 
f 1503//3460 1500//3460 1501//3460 
f 1503//3461 1501//3461 1502//3461 
f 1503//3462 1544//3462 1552//3462 
f 1575//3463 1553//3463 1565//3463 
f 1575//3464 1628//3464 1553//3464 
f 1575//3465 1565//3465 1566//3465 
f 1575//3466 1566//3466 1574//3466 
f 1532//3467 1538//3467 1541//3467 
f 1532//3468 1533//3468 1534//3468 
f 1532//3469 1534//3469 1535//3469 
f 1532//3470 1535//3470 1536//3470 
f 1532//3471 1536//3471 1537//3471 
f 1532//3472 1537//3472 1538//3472 
f 1531//3473 1532//3473 1541//3473 
f 1505//3474 1503//3474 1504//3474 
f 1577//3475 1575//3475 1576//3475 
f 1507//3476 1541//3476 1503//3476 
f 1507//3477 1503//3477 1505//3477 
f 1507//3478 1505//3478 1506//3478 
f 1486//3479 1485//3479 2101//3479 
f 1508//3480 1541//3480 1507//3480 
f 1508//3481 1531//3481 1541//3481 
f 1508//3482 1529//3482 1530//3482 
f 1508//3483 1530//3483 1531//3483 
f 1624//3484 1625//3484 1626//3484 
f 1624//3485 1626//3485 1627//3485 
f 1624//3486 1627//3486 1628//3486 
f 1623//3487 1624//3487 1628//3487 
f 1579//3488 1577//3488 1578//3488 
f 1511//3489 1508//3489 1509//3489 
f 1511//3490 1509//3490 1510//3490 
f 1524//3491 1525//3491 1526//3491 
f 1524//3492 1526//3492 1527//3492 
f 1512//3493 1508//3493 1511//3493 
f 1523//3494 1524//3494 1527//3494 
f 1513//3495 1508//3495 1512//3495 
f 1522//3496 1527//3496 1528//3496 
f 1522//3497 1528//3497 1529//3497 
f 1522//3498 1523//3498 1527//3498 
f 1514//3499 1508//3499 1513//3499 
f 1580//3500 1577//3500 1579//3500 
f 1520//3501 1521//3501 1522//3501 
f 1516//3502 1514//3502 1515//3502 
f 1516//3503 1508//3503 1514//3503 
f 1518//3504 1516//3504 1517//3504 
f 1518//3505 1519//3505 1520//3505 
f 1518//3506 1522//3506 1529//3506 
f 1518//3507 1520//3507 1522//3507 
f 1518//3508 1508//3508 1516//3508 
f 1518//3509 1529//3509 1508//3509 
f 1581//3510 1575//3510 1577//3510 
f 1581//3511 1628//3511 1575//3511 
f 1581//3512 1577//3512 1580//3512 
f 1620//3513 1621//3513 1622//3513 
f 1620//3514 1622//3514 1623//3514 
f 1620//3515 1623//3515 1628//3515 
f 1585//3516 1582//3516 1583//3516 
f 1585//3517 1583//3517 1584//3517 
f 1616//3518 1617//3518 1618//3518 
f 1586//3519 1581//3519 1582//3519 
f 1586//3520 1582//3520 1585//3520 
f 1615//3521 1616//3521 1618//3521 
f 1637//3522 2308//3522 1628//3522 
f 1637//3523 2309//3523 2308//3523 
f 1637//3524 2310//3524 2309//3524 
f 1637//3525 2311//3525 2310//3525 
f 1614//3526 1618//3526 1619//3526 
f 1614//3527 1619//3527 1620//3527 
f 1614//3528 1615//3528 1618//3528 
f 1612//3529 1613//3529 1614//3529 
f 1612//3530 1620//3530 1628//3530 
f 1612//3531 1614//3531 1620//3531 
f 1611//3532 1612//3532 1628//3532 
f 1591//3533 1586//3533 1587//3533 
f 1591//3534 1587//3534 1588//3534 
f 1591//3535 1588//3535 1589//3535 
f 1591//3536 1589//3536 1590//3536 
f 1592//3537 1581//3537 1586//3537 
f 1592//3538 1586//3538 1591//3538 
f 1593//3539 1581//3539 1592//3539 
f 1487//3540 1486//3540 2101//3540 
f 1607//3541 1608//3541 1609//3541 
f 1606//3542 1609//3542 1610//3542 
f 1606//3543 1610//3543 1611//3543 
f 1606//3544 1607//3544 1609//3544 
f 1596//3545 1594//3545 1595//3545 
f 1605//3546 1606//3546 1611//3546 
f 1597//3547 1594//3547 1596//3547 
f 1597//3548 1593//3548 1594//3548 
f 1604//3549 1611//3549 1628//3549 
f 1604//3550 1605//3550 1611//3550 
f 1598//3551 1593//3551 1597//3551 
f 1599//3552 1581//3552 1593//3552 
f 1599//3553 1593//3553 1598//3553 
f 1601//3554 1604//3554 1628//3554 
f 1601//3555 1581//3555 1599//3555 
f 1601//3556 1628//3556 1581//3556 
f 1601//3557 1599//3557 1600//3557 
f 1601//3558 1602//3558 1603//3558 
f 1601//3559 1603//3559 1604//3559 
f 2146//3560 26//3560 28//3560 
f 2146//3561 2101//3561 26//3561 
f 1636//3562 2311//3562 1637//3562 
f 1636//3563 2312//3563 2311//3563 
f 1636//3564 2313//3564 2312//3564 
f 1636//3565 2314//3565 2313//3565 
f 1488//3566 1487//3566 2101//3566 
f 1635//3567 2315//3567 2314//3567 
f 1635//3568 2316//3568 2315//3568 
f 1635//3569 2251//3569 2316//3569 
f 1635//3570 2314//3570 1636//3570 
f 1635//3571 1//3571 2251//3571 
f 1489//3572 1488//3572 2101//3572 
f 1489//3573 2101//3573 2102//3573 
f 1634//3574 1//3574 1635//3574 
f 2147//3575 2146//3575 28//3575 
f 2147//3576 28//3576 31//3576 
f 1490//3577 1489//3577 2102//3577 
f 1633//3578 1//3578 1634//3578 
f 1491//3579 1490//3579 2102//3579 
f 1632//3580 1//3580 1633//3580 
f 1492//3581 1491//3581 2102//3581 
f 2148//3582 31//3582 33//3582 
f 2148//3583 2147//3583 31//3583 
f 22//3584 4//3584 6//3584 
f 22//3585 19//3585 4//3585 
f 1631//3586 1//3586 1632//3586 
f 1493//3587 1492//3587 2102//3587 
f 2149//3588 33//3588 35//3588 
f 2149//3589 2148//3589 33//3589 
f 1630//3590 1//3590 1631//3590 
f 1494//3591 1493//3591 2102//3591 
f 1484//3592 2102//3592 2103//3592 
f 1484//3593 1494//3593 2102//3593 
f 1629//3594 8//3594 1//3594 
f 1629//3595 1//3595 1630//3595 
f 1641//3596 1639//3596 1640//3596 
f 1480//3597 1481//3597 1482//3597 
f 1642//3598 1638//3598 1639//3598 
f 1642//3599 1639//3599 1641//3599 
f 1478//3600 1480//3600 1482//3600 
f 1478//3601 1479//3601 1480//3601 
f 1478//3602 1482//3602 1483//3602 
f 1644//3603 1642//3603 1643//3603 
f 1645//3604 1642//3604 1644//3604 
f 1476//3605 1477//3605 1478//3605 
f 1476//3606 1478//3606 1483//3606 
f 1646//3607 1629//3607 1638//3607 
f 1646//3608 1642//3608 1645//3608 
f 1646//3609 1638//3609 1642//3609 
f 1475//3610 1476//3610 1483//3610 
f 1647//3611 1629//3611 1646//3611 
f 1474//3612 1475//3612 1483//3612 
f 1648//3613 1629//3613 1647//3613 
f 1649//3614 1629//3614 1648//3614 
f 1472//3615 1474//3615 1483//3615 
f 1472//3616 1473//3616 1474//3616 
f 1472//3617 1483//3617 1484//3617 
f 1471//3618 1472//3618 1484//3618 
f 1651//3619 1649//3619 1650//3619 
f 1652//3620 1649//3620 1651//3620 
f 1469//3621 1471//3621 1484//3621 
f 1469//3622 1470//3622 1471//3622 
f 2150//3623 35//3623 37//3623 
f 2150//3624 2149//3624 35//3624 
f 1653//3625 1649//3625 1652//3625 
f 1653//3626 1629//3626 1649//3626 
f 1468//3627 1469//3627 1484//3627 
f 1655//3628 1653//3628 1654//3628 
f 1466//3629 1467//3629 1468//3629 
f 1656//3630 1629//3630 1653//3630 
f 1656//3631 1653//3631 1655//3631 
f 1465//3632 1466//3632 1468//3632 
f 1657//3633 1629//3633 1656//3633 
f 1464//3634 1465//3634 1468//3634 
f 1464//3635 1468//3635 1484//3635 
f 1659//3636 1657//3636 1658//3636 
f 1659//3637 1629//3637 1657//3637 
f 1660//3638 1629//3638 1659//3638 
f 1460//3639 1461//3639 1462//3639 
f 1460//3640 1462//3640 1463//3640 
f 1460//3641 1463//3641 1464//3641 
f 1460//3642 1464//3642 1484//3642 
f 1662//3643 1660//3643 1661//3643 
f 1459//3644 1460//3644 1484//3644 
f 1458//3645 1459//3645 1484//3645 
f 1664//3646 1662//3646 1663//3646 
f 1664//3647 1660//3647 1662//3647 
f 1457//3648 1458//3648 1484//3648 
f 1665//3649 1629//3649 1660//3649 
f 1665//3650 1660//3650 1664//3650 
f 1666//3651 1629//3651 1665//3651 
f 1455//3652 1456//3652 1457//3652 
f 1455//3653 1457//3653 1484//3653 
f 1453//3654 1454//3654 1455//3654 
f 1412//3655 1484//3655 2103//3655 
f 1412//3656 2103//3656 2104//3656 
f 1701//3657 8//3657 1629//3657 
f 1452//3658 1453//3658 1455//3658 
f 1670//3659 1666//3659 1667//3659 
f 1670//3660 1667//3660 1668//3660 
f 1670//3661 1668//3661 1669//3661 
f 1451//3662 1455//3662 1484//3662 
f 1451//3663 1484//3663 1412//3663 
f 1451//3664 1452//3664 1455//3664 
f 1699//3665 1700//3665 1701//3665 
f 1698//3666 1699//3666 1701//3666 
f 1697//3667 1666//3667 1670//3667 
f 1697//3668 1629//3668 1666//3668 
f 1697//3669 1701//3669 1629//3669 
f 1697//3670 1698//3670 1701//3670 
f 1425//3671 1422//3671 1423//3671 
f 1425//3672 1423//3672 1424//3672 
f 1426//3673 1422//3673 1425//3673 
f 1447//3674 1448//3674 1449//3674 
f 1447//3675 1449//3675 1450//3675 
f 1695//3676 1697//3676 1670//3676 
f 1695//3677 1696//3677 1697//3677 
f 1446//3678 1447//3678 1450//3678 
f 1676//3679 1670//3679 1671//3679 
f 1676//3680 1671//3680 1672//3680 
f 1676//3681 1672//3681 1673//3681 
f 1676//3682 1673//3682 1674//3682 
f 1676//3683 1674//3683 1675//3683 
f 1693//3684 1694//3684 1695//3684 
f 1444//3685 1445//3685 1446//3685 
f 1444//3686 1450//3686 1451//3686 
f 1444//3687 1446//3687 1450//3687 
f 1430//3688 1412//3688 1422//3688 
f 1430//3689 1426//3689 1427//3689 
f 1430//3690 1427//3690 1428//3690 
f 1430//3691 1428//3691 1429//3691 
f 1430//3692 1422//3692 1426//3692 
f 1679//3693 1677//3693 1678//3693 
f 1442//3694 1444//3694 1451//3694 
f 1442//3695 1443//3695 1444//3695 
f 1680//3696 1677//3696 1679//3696 
f 1680//3697 1676//3697 1677//3697 
f 1680//3698 1670//3698 1676//3698 
f 1690//3699 1691//3699 1692//3699 
f 1690//3700 1692//3700 1693//3700 
f 1432//3701 1430//3701 1431//3701 
f 1432//3702 1451//3702 1412//3702 
f 1432//3703 1412//3703 1430//3703 
f 1441//3704 1442//3704 1451//3704 
f 1689//3705 1693//3705 1695//3705 
f 1689//3706 1690//3706 1693//3706 
f 1434//3707 1451//3707 1432//3707 
f 1434//3708 1432//3708 1433//3708 
f 1434//3709 1441//3709 1451//3709 
f 1687//3710 1688//3710 1689//3710 
f 1684//3711 1670//3711 1680//3711 
f 1684//3712 1689//3712 1695//3712 
f 1684//3713 1687//3713 1689//3713 
f 1684//3714 1680//3714 1681//3714 
f 1684//3715 1681//3715 1682//3715 
f 1684//3716 1682//3716 1683//3716 
f 1684//3717 1695//3717 1670//3717 
f 1437//3718 1434//3718 1435//3718 
f 1437//3719 1435//3719 1436//3719 
f 1437//3720 1438//3720 1439//3720 
f 1437//3721 1439//3721 1440//3721 
f 1437//3722 1440//3722 1441//3722 
f 1437//3723 1441//3723 1434//3723 
f 1685//3724 1687//3724 1684//3724 
f 1685//3725 1686//3725 1687//3725 
f 1710//3726 8//3726 1701//3726 
f 2151//3727 37//3727 39//3727 
f 2151//3728 2150//3728 37//3728 
f 1413//3729 1412//3729 2104//3729 
f 1413//3730 2104//3730 2105//3730 
f 1709//3731 8//3731 1710//3731 
f 1414//3732 1413//3732 2105//3732 
f 1414//3733 2105//3733 2106//3733 
f 2152//3734 2151//3734 39//3734 
f 41//3735 2152//3735 39//3735 
f 1708//3736 8//3736 1709//3736 
f 1415//3737 1414//3737 2106//3737 
f 1415//3738 2106//3738 2107//3738 
f 1707//3739 8//3739 1708//3739 
f 1416//3740 1415//3740 2107//3740 
f 1416//3741 2107//3741 2108//3741 
f 2153//3742 2152//3742 41//3742 
f 43//3743 2153//3743 41//3743 
f 1706//3744 8//3744 1707//3744 
f 1417//3745 1416//3745 2108//3745 
f 1417//3746 2108//3746 2109//3746 
f 2154//3747 2153//3747 43//3747 
f 45//3748 2154//3748 43//3748 
f 1705//3749 8//3749 1706//3749 
f 1418//3750 1417//3750 2109//3750 
f 1418//3751 2109//3751 2110//3751 
f 1704//3752 8//3752 1705//3752 
f 1419//3753 1418//3753 2110//3753 
f 1419//3754 2110//3754 2111//3754 
f 2155//3755 2154//3755 45//3755 
f 47//3756 2155//3756 45//3756 
f 1703//3757 8//3757 1704//3757 
f 1420//3758 1419//3758 2111//3758 
f 1420//3759 2111//3759 2112//3759 
f 2156//3760 2155//3760 47//3760 
f 1702//3761 8//3761 1703//3761 
f 1713//3762 1702//3762 1711//3762 
f 1713//3763 1711//3763 1712//3763 
f 1714//3764 1702//3764 1713//3764 
f 1715//3765 1702//3765 1714//3765 
f 1717//3766 1715//3766 1716//3766 
f 1717//3767 1702//3767 1715//3767 
f 49//3768 2156//3768 47//3768 
f 1721//3769 1717//3769 1718//3769 
f 1721//3770 1718//3770 1719//3770 
f 1721//3771 1719//3771 1720//3771 
f 1721//3772 1702//3772 1717//3772 
f 1421//3773 1420//3773 2112//3773 
f 1725//3774 1721//3774 1722//3774 
f 1725//3775 1722//3775 1723//3775 
f 1725//3776 1723//3776 1724//3776 
f 1727//3777 1725//3777 1726//3777 
f 1727//3778 1721//3778 1725//3778 
f 1730//3779 1727//3779 1728//3779 
f 1730//3780 1728//3780 1729//3780 
f 1730//3781 1721//3781 1727//3781 
f 1730//3782 1702//3782 1721//3782 
f 1733//3783 1730//3783 1731//3783 
f 1733//3784 1731//3784 1732//3784 
f 1733//3785 1702//3785 1730//3785 
f 1734//3786 1702//3786 1733//3786 
f 1736//3787 1734//3787 1735//3787 
f 1736//3788 1702//3788 1734//3788 
f 1738//3789 1736//3789 1737//3789 
f 1738//3790 1702//3790 1736//3790 
f 1739//3791 1702//3791 1738//3791 
f 1741//3792 1739//3792 1740//3792 
f 1742//3793 1739//3793 1741//3793 
f 1742//3794 1702//3794 1739//3794 
f 1743//3795 1702//3795 1742//3795 
f 1746//3796 1743//3796 1744//3796 
f 1746//3797 1744//3797 1745//3797 
f 1747//3798 1743//3798 1746//3798 
f 1748//3799 1743//3799 1747//3799 
f 1748//3800 1702//3800 1743//3800 
f 1749//3801 1702//3801 1748//3801 
f 1750//3802 1702//3802 1749//3802 
f 1751//3803 1702//3803 1750//3803 
f 1753//3804 1751//3804 1752//3804 
f 1754//3805 1751//3805 1753//3805 
f 1755//3806 1751//3806 1754//3806 
f 2157//3807 2156//3807 49//3807 
f 1756//3808 1702//3808 1751//3808 
f 1756//3809 1751//3809 1755//3809 
f 1759//3810 1757//3810 1758//3810 
f 1411//3811 1421//3811 2112//3811 
f 1411//3812 2112//3812 2113//3812 
f 1760//3813 1702//3813 1756//3813 
f 1760//3814 1757//3814 1759//3814 
f 1760//3815 1756//3815 1757//3815 
f 1408//3816 1409//3816 1410//3816 
f 1408//3817 1410//3817 1411//3817 
f 1777//3818 8//3818 1702//3818 
f 1777//3819 6//3819 8//3819 
f 1406//3820 1407//3820 1408//3820 
f 1763//3821 1702//3821 1760//3821 
f 1763//3822 1760//3822 1761//3822 
f 1763//3823 1761//3823 1762//3823 
f 1764//3824 1702//3824 1763//3824 
f 1774//3825 1775//3825 1776//3825 
f 1773//3826 1776//3826 1777//3826 
f 1773//3827 1774//3827 1776//3827 
f 1404//3828 1405//3828 1406//3828 
f 1766//3829 1764//3829 1765//3829 
f 1772//3830 1773//3830 1777//3830 
f 1767//3831 1702//3831 1764//3831 
f 1767//3832 1764//3832 1766//3832 
f 1771//3833 1772//3833 1777//3833 
f 1770//3834 1771//3834 1777//3834 
f 1769//3835 1777//3835 1702//3835 
f 1769//3836 1767//3836 1768//3836 
f 1769//3837 1702//3837 1767//3837 
f 1769//3838 1770//3838 1777//3838 
f 1403//3839 1404//3839 1406//3839 
f 1403//3840 1408//3840 1411//3840 
f 1403//3841 1406//3841 1408//3841 
f 1401//3842 1403//3842 1411//3842 
f 1401//3843 1402//3843 1403//3843 
f 1396//3844 1397//3844 1398//3844 
f 1396//3845 1398//3845 1399//3845 
f 1396//3846 1399//3846 1400//3846 
f 1396//3847 1400//3847 1401//3847 
f 1394//3848 1396//3848 1401//3848 
f 1394//3849 1395//3849 1396//3849 
f 1392//3850 1393//3850 1394//3850 
f 1392//3851 1394//3851 1401//3851 
f 1391//3852 1392//3852 1401//3852 
f 1391//3853 1401//3853 1411//3853 
f 51//3854 2157//3854 49//3854 
f 1389//3855 1390//3855 1391//3855 
f 1388//3856 1391//3856 1411//3856 
f 1388//3857 1389//3857 1391//3857 
f 1385//3858 1388//3858 1411//3858 
f 1385//3859 1386//3859 1387//3859 
f 1385//3860 1387//3860 1388//3860 
f 1383//3861 1384//3861 1385//3861 
f 1382//3862 1383//3862 1385//3862 
f 1382//3863 1385//3863 1411//3863 
f 1381//3864 1382//3864 1411//3864 
f 1380//3865 1381//3865 1411//3865 
f 1376//3866 1377//3866 1378//3866 
f 1376//3867 1378//3867 1379//3867 
f 1376//3868 1379//3868 1380//3868 
f 1375//3869 1376//3869 1380//3869 
f 1373//3870 1374//3870 1375//3870 
f 1373//3871 1380//3871 1411//3871 
f 1373//3872 1375//3872 1380//3872 
f 1372//3873 1373//3873 1411//3873 
f 1371//3874 1372//3874 1411//3874 
f 1370//3875 1371//3875 1411//3875 
f 1788//3876 6//3876 1777//3876 
f 1367//3877 1368//3877 1369//3877 
f 1367//3878 1369//3878 1370//3878 
f 1365//3879 1366//3879 1367//3879 
f 1365//3880 1367//3880 1370//3880 
f 1365//3881 1370//3881 1411//3881 
f 1363//3882 1364//3882 1365//3882 
f 1362//3883 1363//3883 1365//3883 
f 1361//3884 1362//3884 1365//3884 
f 1360//3885 1365//3885 1411//3885 
f 1360//3886 1361//3886 1365//3886 
f 1359//3887 1360//3887 1411//3887 
f 1358//3888 1359//3888 1411//3888 
f 1332//3889 2113//3889 2114//3889 
f 1332//3890 1411//3890 2113//3890 
f 1357//3891 1358//3891 1411//3891 
f 1342//3892 1411//3892 1332//3892 
f 1356//3893 1357//3893 1411//3893 
f 1344//3894 1342//3894 1343//3894 
f 1354//3895 1355//3895 1356//3895 
f 1345//3896 1342//3896 1344//3896 
f 1346//3897 1342//3897 1345//3897 
f 1352//3898 1353//3898 1354//3898 
f 1352//3899 1354//3899 1356//3899 
f 1351//3900 1352//3900 1356//3900 
f 1351//3901 1411//3901 1342//3901 
f 1351//3902 1356//3902 1411//3902 
f 1348//3903 1342//3903 1346//3903 
f 1348//3904 1346//3904 1347//3904 
f 1349//3905 1342//3905 1348//3905 
f 1349//3906 1351//3906 1342//3906 
f 1349//3907 1350//3907 1351//3907 
f 2158//3908 2157//3908 51//3908 
f 2115//3909 1332//3909 2114//3909 
f 53//3910 2158//3910 51//3910 
f 1787//3911 6//3911 1788//3911 
f 1787//3912 22//3912 6//3912 
f 1333//3913 1332//3913 2115//3913 
f 2159//3914 2158//3914 53//3914 
f 2116//3915 1333//3915 2115//3915 
f 1786//3916 22//3916 1787//3916 
f 55//3917 2159//3917 53//3917 
f 1334//3918 1333//3918 2116//3918 
f 1785//3919 22//3919 1786//3919 
f 2160//3920 2159//3920 55//3920 
f 1335//3921 2116//3921 2117//3921 
f 1335//3922 1334//3922 2116//3922 
f 57//3923 2160//3923 55//3923 
f 1784//3924 22//3924 1785//3924 
f 1336//3925 1335//3925 2117//3925 
f 2161//3926 2160//3926 57//3926 
f 2118//3927 1336//3927 2117//3927 
f 1783//3928 22//3928 1784//3928 
f 59//3929 2161//3929 57//3929 
f 1337//3930 1336//3930 2118//3930 
f 2162//3931 2161//3931 59//3931 
f 2119//3932 1337//3932 2118//3932 
f 1782//3933 22//3933 1783//3933 
f 1338//3934 1337//3934 2119//3934 
f 61//3935 2162//3935 59//3935 
f 1781//3936 22//3936 1782//3936 
f 2163//3937 2162//3937 61//3937 
f 2120//3938 1338//3938 2119//3938 
f 1339//3939 1338//3939 2120//3939 
f 1780//3940 22//3940 1781//3940 
f 63//3941 2163//3941 61//3941 
f 2164//3942 2163//3942 63//3942 
f 2121//3943 1339//3943 2120//3943 
f 1340//3944 1339//3944 2121//3944 
f 1779//3945 22//3945 1780//3945 
f 65//3946 2164//3946 63//3946 
f 2165//3947 2164//3947 65//3947 
f 1800//3948 1797//3948 1798//3948 
f 1800//3949 1798//3949 1799//3949 
f 2122//3950 1341//3950 1340//3950 
f 2122//3951 1340//3951 2121//3951 
f 1792//3952 1793//3952 1794//3952 
f 1792//3953 1794//3953 1795//3953 
f 1792//3954 1795//3954 1796//3954 
f 1792//3955 1796//3955 1797//3955 
f 1791//3956 1792//3956 1797//3956 
f 1790//3957 1797//3957 1800//3957 
f 1790//3958 1791//3958 1797//3958 
f 1789//3959 1790//3959 1800//3959 
f 1789//3960 1800//3960 1801//3960 
f 1789//3961 1801//3961 1802//3961 
f 1789//3962 1802//3962 1803//3962 
f 1804//3963 1789//3963 1803//3963 
f 1778//3964 1789//3964 1804//3964 
f 1778//3965 22//3965 1779//3965 
f 1807//3966 1805//3966 1806//3966 
f 1808//3967 1805//3967 1807//3967 
f 1808//3968 1804//3968 1805//3968 
f 1810//3969 1808//3969 1809//3969 
f 1811//3970 1808//3970 1810//3970 
f 1813//3971 1811//3971 1812//3971 
f 1813//3972 1808//3972 1811//3972 
f 1813//3973 1804//3973 1808//3973 
f 1815//3974 1804//3974 1813//3974 
f 1815//3975 1813//3975 1814//3975 
f 1817//3976 1815//3976 1816//3976 
f 1817//3977 1804//3977 1815//3977 
f 1818//3978 1804//3978 1817//3978 
f 1820//3979 1818//3979 1819//3979 
f 1822//3980 1820//3980 1821//3980 
f 1822//3981 1818//3981 1820//3981 
f 1824//3982 1822//3982 1823//3982 
f 1824//3983 1818//3983 1822//3983 
f 1825//3984 1818//3984 1824//3984 
f 1825//3985 1804//3985 1818//3985 
f 1826//3986 1804//3986 1825//3986 
f 1827//3987 1778//3987 1804//3987 
f 1827//3988 1804//3988 1826//3988 
f 1829//3989 1827//3989 1828//3989 
f 1829//3990 1778//3990 1827//3990 
f 1326//3991 1323//3991 1324//3991 
f 1326//3992 1324//3992 1325//3992 
f 1327//3993 1321//3993 1322//3993 
f 1327//3994 1322//3994 1323//3994 
f 1327//3995 1323//3995 1326//3995 
f 1320//3996 1321//3996 1327//3996 
f 1328//3997 1320//3997 1327//3997 
f 1318//3998 1320//3998 1328//3998 
f 1318//3999 1319//3999 1320//3999 
f 1318//4000 1328//4000 1329//4000 
f 1833//4001 1829//4001 1830//4001 
f 1833//4002 1830//4002 1831//4002 
f 1833//4003 1831//4003 1832//4003 
f 1331//4004 1317//4004 1318//4004 
f 1331//4005 1329//4005 1330//4005 
f 1331//4006 1318//4006 1329//4006 
f 1315//4007 1317//4007 1331//4007 
f 1315//4008 1316//4008 1317//4008 
f 1312//4009 1313//4009 1314//4009 
f 1312//4010 1314//4010 1315//4010 
f 1836//4011 1833//4011 1834//4011 
f 1836//4012 1834//4012 1835//4012 
f 1310//4013 1311//4013 1312//4013 
f 1310//4014 1312//4014 1315//4014 
f 1310//4015 1315//4015 1331//4015 
f 1837//4016 1833//4016 1836//4016 
f 1837//4017 1829//4017 1833//4017 
f 1838//4018 1829//4018 1837//4018 
f 1307//4019 1308//4019 1309//4019 
f 1306//4020 1307//4020 1309//4020 
f 1840//4021 1838//4021 1839//4021 
f 1840//4022 1829//4022 1838//4022 
f 1841//4023 1829//4023 1840//4023 
f 1304//4024 1305//4024 1306//4024 
f 1304//4025 1309//4025 1310//4025 
f 1304//4026 1310//4026 1331//4026 
f 1304//4027 1306//4027 1309//4027 
f 1842//4028 1829//4028 1841//4028 
f 67//4029 2165//4029 65//4029 
f 1302//4030 1303//4030 1304//4030 
f 1844//4031 1842//4031 1843//4031 
f 1844//4032 1829//4032 1842//4032 
f 1845//4033 1829//4033 1844//4033 
f 1301//4034 1302//4034 1304//4034 
f 1846//4035 1829//4035 1845//4035 
f 1300//4036 1304//4036 1331//4036 
f 1300//4037 1301//4037 1304//4037 
f 1847//4038 1829//4038 1846//4038 
f 1850//4039 1848//4039 1849//4039 
f 1851//4040 1848//4040 1850//4040 
f 1852//4041 1848//4041 1851//4041 
f 1854//4042 1852//4042 1853//4042 
f 1854//4043 1848//4043 1852//4043 
f 1856//4044 1848//4044 1854//4044 
f 1856//4045 1854//4045 1855//4045 
f 1296//4046 1300//4046 1331//4046 
f 1296//4047 1297//4047 1298//4047 
f 1296//4048 1298//4048 1299//4048 
f 1296//4049 1299//4049 1300//4049 
f 1858//4050 1847//4050 1848//4050 
f 1858//4051 1856//4051 1857//4051 
f 1858//4052 1778//4052 1829//4052 
f 1858//4053 1829//4053 1847//4053 
f 1858//4054 1848//4054 1856//4054 
f 2166//4055 2165//4055 67//4055 
f 2123//4056 1331//4056 1341//4056 
f 2123//4057 1341//4057 2122//4057 
f 1293//4058 1294//4058 1295//4058 
f 1293//4059 1295//4059 1296//4059 
f 1292//4060 1293//4060 1296//4060 
f 1290//4061 1291//4061 1292//4061 
f 1290//4062 1292//4062 1296//4062 
f 1288//4063 1290//4063 1296//4063 
f 1288//4064 1289//4064 1290//4064 
f 1287//4065 1288//4065 1296//4065 
f 1286//4066 1287//4066 1296//4066 
f 1286//4067 1296//4067 1331//4067 
f 1283//4068 1284//4068 1285//4068 
f 1283//4069 1285//4069 1286//4069 
f 1281//4070 1286//4070 1331//4070 
f 1281//4071 1282//4071 1283//4071 
f 1281//4072 1283//4072 1286//4072 
f 1280//4073 1281//4073 1331//4073 
f 1279//4074 1280//4074 1331//4074 
f 1278//4075 1279//4075 1331//4075 
f 1276//4076 1277//4076 1278//4076 
f 1274//4077 1278//4077 1331//4077 
f 1274//4078 1276//4078 1278//4078 
f 1274//4079 1275//4079 1276//4079 
f 1273//4080 1274//4080 1331//4080 
f 1271//4081 1273//4081 1331//4081 
f 1271//4082 1272//4082 1273//4082 
f 1270//4083 1271//4083 1331//4083 
f 1267//4084 1268//4084 1269//4084 
f 1266//4085 1269//4085 1270//4085 
f 1266//4086 1267//4086 1269//4086 
f 1257//4087 1270//4087 1331//4087 
f 1257//4088 1266//4088 1270//4088 
f 69//4089 2166//4089 67//4089 
f 2124//4090 1331//4090 2123//4090 
f 2124//4091 1257//4091 1331//4091 
f 2167//4092 2166//4092 69//4092 
f 71//4093 2167//4093 69//4093 
f 2125//4094 1258//4094 1257//4094 
f 2125//4095 1257//4095 2124//4095 
f 2168//4096 2167//4096 71//4096 
f 73//4097 2168//4097 71//4097 
f 2126//4098 1259//4098 1258//4098 
f 2126//4099 1258//4099 2125//4099 
f 2169//4100 2168//4100 73//4100 
f 2127//4101 1259//4101 2126//4101 
f 2127//4102 1260//4102 1259//4102 
f 75//4103 2170//4103 2169//4103 
f 75//4104 2169//4104 73//4104 
f 2128//4105 1260//4105 2127//4105 
f 2128//4106 1261//4106 1260//4106 
f 77//4107 2170//4107 75//4107 
f 77//4108 2171//4108 2170//4108 
f 2129//4109 1262//4109 1261//4109 
f 2129//4110 1261//4110 2128//4110 
f 79//4111 2171//4111 77//4111 
f 79//4112 2172//4112 2171//4112 
f 1232//4113 1233//4113 1234//4113 
f 1238//4114 1234//4114 1235//4114 
f 1238//4115 1235//4115 1236//4115 
f 1238//4116 1236//4116 1237//4116 
f 1229//4117 1230//4117 1231//4117 
f 1229//4118 1231//4118 1232//4118 
f 1226//4119 1227//4119 1228//4119 
f 1226//4120 1228//4120 1229//4120 
f 1226//4121 1229//4121 1232//4121 
f 1226//4122 1238//4122 1239//4122 
f 1226//4123 1232//4123 1234//4123 
f 1226//4124 1234//4124 1238//4124 
f 1244//4125 1242//4125 1243//4125 
f 1223//4126 1224//4126 1225//4126 
f 1223//4127 1225//4127 1226//4127 
f 1245//4128 1242//4128 1244//4128 
f 1245//4129 1239//4129 1240//4129 
f 1245//4130 1240//4130 1241//4130 
f 1245//4131 1241//4131 1242//4131 
f 1221//4132 1222//4132 1223//4132 
f 1221//4133 1223//4133 1226//4133 
f 1247//4134 1245//4134 1246//4134 
f 1247//4135 1239//4135 1245//4135 
f 1220//4136 1221//4136 1226//4136 
f 1887//4137 1885//4137 1886//4137 
f 1880//4138 1885//4138 1887//4138 
f 1880//4139 1881//4139 1882//4139 
f 1880//4140 1882//4140 1883//4140 
f 1880//4141 1883//4141 1884//4141 
f 1880//4142 1884//4142 1885//4142 
f 1888//4143 1880//4143 1887//4143 
f 1889//4144 1880//4144 1888//4144 
f 1889//4145 1879//4145 1880//4145 
f 1877//4146 1878//4146 1879//4146 
f 1250//4147 1247//4147 1248//4147 
f 1250//4148 1248//4148 1249//4148 
f 1892//4149 1890//4149 1891//4149 
f 1875//4150 1877//4150 1879//4150 
f 1875//4151 1876//4151 1877//4151 
f 1893//4152 1890//4152 1892//4152 
f 1874//4153 1879//4153 1889//4153 
f 1874//4154 1875//4154 1879//4154 
f 1216//4155 1217//4155 1218//4155 
f 1216//4156 1218//4156 1219//4156 
f 1252//4157 1247//4157 1250//4157 
f 1252//4158 1250//4158 1251//4158 
f 1215//4159 1216//4159 1219//4159 
f 1871//4160 1872//4160 1873//4160 
f 1214//4161 1215//4161 1219//4161 
f 1898//4162 1894//4162 1895//4162 
f 1898//4163 1895//4163 1896//4163 
f 1898//4164 1896//4164 1897//4164 
f 1869//4165 1870//4165 1871//4165 
f 1213//4166 1219//4166 1220//4166 
f 1213//4167 1214//4167 1219//4167 
f 1899//4168 1894//4168 1898//4168 
f 1899//4169 1893//4169 1894//4169 
f 1255//4170 1253//4170 1254//4170 
f 1900//4171 1890//4171 1893//4171 
f 1900//4172 1874//4172 1889//4172 
f 1900//4173 1859//4173 1869//4173 
f 1900//4174 1873//4174 1874//4174 
f 1900//4175 1871//4175 1873//4175 
f 1900//4176 1889//4176 1890//4176 
f 1900//4177 1869//4177 1871//4177 
f 1900//4178 1893//4178 1899//4178 
f 1211//4179 1212//4179 1213//4179 
f 1211//4180 1253//4180 1255//4180 
f 1211//4181 1213//4181 1220//4181 
f 1211//4182 1226//4182 1239//4182 
f 1211//4183 1252//4183 1253//4183 
f 1211//4184 1239//4184 1247//4184 
f 1211//4185 1247//4185 1252//4185 
f 1211//4186 1220//4186 1226//4186 
f 1902//4187 1900//4187 1901//4187 
f 1903//4188 1900//4188 1902//4188 
f 1903//4189 1859//4189 1900//4189 
f 1208//4190 1209//4190 1210//4190 
f 1905//4191 1859//4191 1903//4191 
f 1905//4192 1903//4192 1904//4192 
f 1906//4193 1859//4193 1905//4193 
f 1206//4194 1207//4194 1208//4194 
f 2130//4195 1262//4195 2129//4195 
f 2130//4196 1263//4196 1262//4196 
f 1205//4197 1210//4197 1211//4197 
f 1205//4198 1208//4198 1210//4198 
f 1205//4199 1206//4199 1208//4199 
f 1909//4200 1859//4200 1906//4200 
f 1909//4201 1906//4201 1907//4201 
f 1909//4202 1907//4202 1908//4202 
f 1203//4203 1204//4203 1205//4203 
f 1203//4204 1205//4204 1211//4204 
f 1910//4205 1859//4205 1909//4205 
f 1202//4206 1203//4206 1211//4206 
f 1202//4207 1211//4207 1255//4207 
f 1911//4208 1859//4208 1910//4208 
f 1913//4209 1911//4209 1912//4209 
f 1199//4210 1200//4210 1201//4210 
f 1199//4211 1201//4211 1202//4211 
f 1197//4212 1199//4212 1202//4212 
f 1197//4213 1198//4213 1199//4213 
f 1917//4214 1913//4214 1914//4214 
f 1917//4215 1914//4215 1915//4215 
f 1917//4216 1915//4216 1916//4216 
f 1917//4217 1859//4217 1911//4217 
f 1917//4218 1911//4218 1913//4218 
f 81//4219 2172//4219 79//4219 
f 81//4220 2173//4220 2172//4220 
f 1194//4221 1197//4221 1202//4221 
f 1194//4222 1195//4222 1196//4222 
f 1194//4223 1196//4223 1197//4223 
f 1921//4224 1917//4224 1918//4224 
f 1921//4225 1918//4225 1919//4225 
f 1921//4226 1919//4226 1920//4226 
f 1191//4227 1192//4227 1193//4227 
f 1191//4228 1193//4228 1194//4228 
f 1922//4229 1917//4229 1921//4229 
f 1923//4230 1917//4230 1922//4230 
f 1189//4231 1194//4231 1202//4231 
f 1189//4232 1191//4232 1194//4232 
f 1189//4233 1190//4233 1191//4233 
f 1924//4234 1859//4234 1917//4234 
f 1924//4235 1917//4235 1923//4235 
f 1185//4236 1186//4236 1187//4236 
f 1185//4237 1187//4237 1188//4237 
f 1927//4238 1924//4238 1925//4238 
f 1927//4239 1925//4239 1926//4239 
f 1928//4240 1924//4240 1927//4240 
f 1183//4241 1185//4241 1188//4241 
f 1183//4242 1202//4242 1255//4242 
f 1183//4243 1189//4243 1202//4243 
f 1183//4244 1255//4244 1256//4244 
f 1183//4245 1184//4245 1185//4245 
f 1183//4246 1188//4246 1189//4246 
f 1929//4247 1924//4247 1928//4247 
f 1929//4248 1859//4248 1924//4248 
f 1171//4249 1183//4249 1256//4249 
f 1171//4250 1181//4250 1182//4250 
f 1171//4251 1182//4251 1183//4251 
f 1931//4252 1929//4252 1930//4252 
f 1931//4253 1859//4253 1929//4253 
f 2131//4254 1263//4254 2130//4254 
f 2131//4255 1264//4255 1263//4255 
f 83//4256 2174//4256 2173//4256 
f 83//4257 2173//4257 81//4257 
f 2132//4258 1264//4258 2131//4258 
f 2132//4259 1265//4259 1264//4259 
f 85//4260 2174//4260 83//4260 
f 85//4261 2175//4261 2174//4261 
f 2133//4262 1265//4262 2132//4262 
f 2133//4263 1256//4263 1265//4263 
f 87//4264 2176//4264 2175//4264 
f 87//4265 2175//4265 85//4265 
f 2134//4266 1171//4266 1256//4266 
f 2134//4267 1256//4267 2133//4267 
f 2070//4268 2068//4268 2069//4268 
f 2062//4269 2063//4269 2064//4269 
f 2062//4270 2064//4270 2065//4270 
f 2062//4271 2065//4271 2066//4271 
f 2062//4272 2066//4272 2067//4272 
f 2074//4273 2071//4273 2072//4273 
f 2074//4274 2072//4274 2073//4274 
f 2061//4275 2067//4275 2068//4275 
f 2061//4276 2062//4276 2067//4276 
f 2061//4277 2068//4277 2070//4277 
f 2075//4278 2070//4278 2071//4278 
f 2075//4279 2071//4279 2074//4279 
f 2059//4280 2060//4280 2061//4280 
f 2077//4281 2061//4281 2070//4281 
f 2077//4282 2070//4282 2075//4282 
f 2077//4283 2075//4283 2076//4283 
f 2057//4284 2058//4284 2059//4284 
f 2079//4285 2077//4285 2078//4285 
f 2056//4286 2059//4286 2061//4286 
f 2056//4287 2057//4287 2059//4287 
f 2082//4288 2061//4288 2077//4288 
f 2082//4289 2077//4289 2079//4289 
f 2082//4290 2079//4290 2080//4290 
f 2082//4291 2080//4291 2081//4291 
f 2083//4292 2056//4292 2061//4292 
f 2083//4293 2061//4293 2082//4293 
f 2051//4294 2052//4294 2053//4294 
f 2051//4295 2053//4295 2054//4295 
f 2085//4296 2056//4296 2083//4296 
f 2085//4297 2054//4297 2055//4297 
f 2085//4298 2055//4298 2056//4298 
f 2085//4299 2051//4299 2054//4299 
f 2085//4300 2083//4300 2084//4300 
f 89//4301 2177//4301 2176//4301 
f 89//4302 2176//4302 87//4302 
f 2088//4303 2086//4303 2087//4303 
f 2046//4304 2047//4304 2048//4304 
f 2090//4305 2088//4305 2089//4305 
f 2045//4306 2048//4306 2049//4306 
f 2045//4307 2049//4307 2050//4307 
f 2045//4308 2046//4308 2048//4308 
f 2091//4309 2088//4309 2090//4309 
f 2044//4310 2050//4310 2051//4310 
f 2044//4311 2051//4311 2085//4311 
f 2044//4312 2045//4312 2050//4312 
f 1973//4313 1971//4313 1972//4313 
f 1974//4314 1971//4314 1973//4314 
f 1967//4315 1968//4315 1969//4315 
f 1967//4316 1969//4316 1970//4316 
f 2094//4317 2092//4317 2093//4317 
f 2041//4318 2042//4318 2043//4318 
f 2041//4319 2043//4319 2044//4319 
f 2041//4320 2086//4320 2088//4320 
f 2041//4321 2085//4321 2086//4321 
f 2041//4322 2044//4322 2085//4322 
f 1964//4323 1971//4323 1974//4323 
f 1964//4324 1967//4324 1970//4324 
f 1964//4325 1965//4325 1966//4325 
f 1964//4326 1966//4326 1967//4326 
f 1964//4327 1970//4327 1971//4327 
f 1964//4328 1974//4328 1975//4328 
f 1964//4329 1975//4329 1976//4329 
f 24//4330 1778//4330 1858//4330 
f 24//4331 22//4331 1778//4331 
f 24//4332 1860//4332 1859//4332 
f 24//4333 1861//4333 1860//4333 
f 24//4334 1862//4334 1861//4334 
f 24//4335 1863//4335 1862//4335 
f 24//4336 1864//4336 1863//4336 
f 24//4337 1865//4337 1864//4337 
f 24//4338 1866//4338 1865//4338 
f 24//4339 1867//4339 1866//4339 
f 24//4340 1868//4340 1867//4340 
f 24//4341 1858//4341 1868//4341 
f 1978//4342 1964//4342 1976//4342 
f 1978//4343 1976//4343 1977//4343 
f 2095//4344 2092//4344 2094//4344 
f 2095//4345 2091//4345 2092//4345 
f 2095//4346 2088//4346 2091//4346 
f 2135//4347 1172//4347 1171//4347 
f 2135//4348 1173//4348 1172//4348 
f 2135//4349 1171//4349 2134//4349 
f 2040//4350 2041//4350 2088//4350 
f 1980//4351 1978//4351 1979//4351 
f 1961//4352 1964//4352 1978//4352 
f 1961//4353 1962//4353 1963//4353 
f 1961//4354 1963//4354 1964//4354 
f 2096//4355 2088//4355 2095//4355 
f 1960//4356 1978//4356 1980//4356 
f 1960//4357 1961//4357 1978//4357 
f 1960//4358 1980//4358 1981//4358 
f 1959//4359 1960//4359 1981//4359 
f 1985//4360 1983//4360 1984//4360 
f 2037//4361 2038//4361 2039//4361 
f 1955//4362 1956//4362 1957//4362 
f 1955//4363 1957//4363 1958//4363 
f 1955//4364 1958//4364 1959//4364 
f 2100//4365 2039//4365 2040//4365 
f 2100//4366 2088//4366 2096//4366 
f 2100//4367 2040//4367 2088//4367 
f 2100//4368 2096//4368 2097//4368 
f 2100//4369 2097//4369 2098//4369 
f 2100//4370 2098//4370 2099//4370 
f 1954//4371 1959//4371 1981//4371 
f 1954//4372 1955//4372 1959//4372 
f 1988//4373 1985//4373 1986//4373 
f 1988//4374 1986//4374 1987//4374 
f 1953//4375 1954//4375 1981//4375 
f 1180//4376 2037//4376 2039//4376 
f 1180//4377 2039//4377 2100//4377 
f 1952//4378 1981//4378 1982//4378 
f 1952//4379 1982//4379 1983//4379 
f 1952//4380 1953//4380 1981//4380 
f 1990//4381 1988//4381 1989//4381 
f 1951//4382 1952//4382 1983//4382 
f 1951//4383 1983//4383 1985//4383 
f 2033//4384 2034//4384 2035//4384 
f 2033//4385 2035//4385 2036//4385 
f 2033//4386 2036//4386 2037//4386 
f 1950//4387 1951//4387 1985//4387 
f 2032//4388 2033//4388 2037//4388 
f 1948//4389 1985//4389 1988//4389 
f 1948//4390 1949//4390 1950//4390 
f 1948//4391 1950//4391 1985//4391 
f 1948//4392 1990//4392 1991//4392 
f 1948//4393 1988//4393 1990//4393 
f 2030//4394 2031//4394 2032//4394 
f 2030//4395 2032//4395 2037//4395 
f 2029//4396 2030//4396 2037//4396 
f 2028//4397 2029//4397 2037//4397 
f 1997//4398 1991//4398 1992//4398 
f 1997//4399 1992//4399 1993//4399 
f 1997//4400 1993//4400 1994//4400 
f 1997//4401 1994//4401 1995//4401 
f 1997//4402 1995//4402 1996//4402 
f 1944//4403 1945//4403 1946//4403 
f 2026//4404 2027//4404 2028//4404 
f 1998//4405 1991//4405 1997//4405 
f 1998//4406 1948//4406 1991//4406 
f 1943//4407 1944//4407 1946//4407 
f 1942//4408 1943//4408 1946//4408 
f 1942//4409 1946//4409 1947//4409 
f 2024//4410 2025//4410 2026//4410 
f 2024//4411 2028//4411 2037//4411 
f 2024//4412 2026//4412 2028//4412 
f 2023//4413 2024//4413 2037//4413 
f 2023//4414 2037//4414 1180//4414 
f 2001//4415 1947//4415 1948//4415 
f 2001//4416 1948//4416 1998//4416 
f 2001//4417 1998//4417 1999//4417 
f 2001//4418 1999//4418 2000//4418 
f 2012//4419 2023//4419 1180//4419 
f 2002//4420 1942//4420 1947//4420 
f 2002//4421 1947//4421 2001//4421 
f 2003//4422 1932//4422 1942//4422 
f 2003//4423 1942//4423 2002//4423 
f 2006//4424 2003//4424 2004//4424 
f 2006//4425 2004//4425 2005//4425 
f 2008//4426 2003//4426 2006//4426 
f 2008//4427 1932//4427 2003//4427 
f 2008//4428 2006//4428 2007//4428 
f 91//4429 2178//4429 2177//4429 
f 91//4430 2177//4430 89//4430 
f 2009//4431 1932//4431 2008//4431 
f 2011//4432 1932//4432 2009//4432 
f 2011//4433 2009//4433 2010//4433 
f 2136//4434 1173//4434 2135//4434 
f 2136//4435 1174//4435 1173//4435 
f 151//4436 24//4436 1859//4436 
f 151//4437 1859//4437 1931//4437 
f 2137//4438 1174//4438 2136//4438 
f 2137//4439 1175//4439 1174//4439 
f 93//4440 2179//4440 2178//4440 
f 93//4441 2178//4441 91//4441 
f 149//4442 1931//4442 1941//4442 
f 149//4443 151//4443 1931//4443 
f 2138//4444 1175//4444 2137//4444 
f 2138//4445 1176//4445 1175//4445 
f 95//4446 2179//4446 93//4446 
f 95//4447 2180//4447 2179//4447 
f 146//4448 149//4448 1941//4448 
f 146//4449 1941//4449 1940//4449 
f 2139//4450 1176//4450 2138//4450 
f 2139//4451 1177//4451 1176//4451 
f 97//4452 2180//4452 95//4452 
f 97//4453 2181//4453 2180//4453 
f 144//4454 1940//4454 1939//4454 
f 144//4455 146//4455 1940//4455 
f 2140//4456 1177//4456 2139//4456 
f 2140//4457 1178//4457 1177//4457 
f 99//4458 2182//4458 2181//4458 
f 99//4459 2181//4459 97//4459 
f 143//4460 1939//4460 1938//4460 
f 143//4461 144//4461 1939//4461 
f 2141//4462 1178//4462 2140//4462 
f 2141//4463 1179//4463 1178//4463 
f 2142//4464 1179//4464 2141//4464 
f 2142//4465 1180//4465 1179//4465 
f 101//4466 2183//4466 2182//4466 
f 101//4467 2182//4467 99//4467 
f 141//4468 1938//4468 1937//4468 
f 141//4469 143//4469 1938//4469 
f 2143//4470 1180//4470 2142//4470 
f 2143//4471 2012//4471 1180//4471 
f 103//4472 2184//4472 2183//4472 
f 103//4473 2183//4473 101//4473 
f 139//4474 141//4474 1937//4474 
f 139//4475 1937//4475 1936//4475 
f 2144//4476 2012//4476 2143//4476 
f 2144//4477 2013//4477 2012//4477 
f 2145//4478 2014//4478 2013//4478 
f 2145//4479 2015//4479 2014//4479 
f 2145//4480 2016//4480 2015//4480 
f 2145//4481 2013//4481 2144//4481 
f 105//4482 2185//4482 2184//4482 
f 105//4483 2184//4483 103//4483 
f 137//4484 1936//4484 1935//4484 
f 137//4485 139//4485 1936//4485 
f 107//4486 2186//4486 2185//4486 
f 107//4487 2185//4487 105//4487 
f 135//4488 137//4488 1935//4488 
f 135//4489 1935//4489 1934//4489 
f 109//4490 2187//4490 2186//4490 
f 109//4491 2186//4491 107//4491 
f 133//4492 135//4492 1934//4492 
f 133//4493 1933//4493 1932//4493 
f 133//4494 1934//4494 1933//4494 
f 111//4495 2145//4495 2187//4495 
f 111//4496 2187//4496 109//4496 
f 131//4497 133//4497 1932//4497 
f 113//4498 2145//4498 111//4498 
f 129//4499 131//4499 1932//4499 
f 129//4500 1932//4500 2011//4500 
f 115//4501 2145//4501 113//4501 
f 127//4502 2022//4502 2021//4502 
f 127//4503 2011//4503 2022//4503 
f 127//4504 129//4504 2011//4504 
f 117//4505 2017//4505 2016//4505 
f 117//4506 2016//4506 2145//4506 
f 117//4507 2145//4507 115//4507 
f 125//4508 2021//4508 2020//4508 
f 125//4509 127//4509 2021//4509 
f 119//4510 2018//4510 2017//4510 
f 119//4511 2017//4511 117//4511 
f 123//4512 125//4512 2020//4512 
f 123//4513 2020//4513 2019//4513 
f 120//4514 2019//4514 2018//4514 
f 120//4515 123//4515 2019//4515 
f 120//4516 2018//4516 119//4516 
f 2317//4517 2318//4517 2277//4517 
f 2317//4518 2277//4518 2278//4518 
f 2319//4519 2278//4519 2288//4519 
f 2319//4520 2317//4520 2278//4520 
f 2320//4521 2288//4521 2289//4521 
f 2320//4522 2319//4522 2288//4522 
f 2321//4523 2289//4523 2290//4523 
f 2321//4524 2320//4524 2289//4524 
f 2322//4525 2290//4525 2291//4525 
f 2322//4526 2321//4526 2290//4526 
f 2323//4527 2291//4527 2295//4527 
f 2323//4528 2295//4528 2296//4528 
f 2323//4529 2322//4529 2291//4529 
f 2324//4530 2323//4530 2296//4530 
f 2325//4531 2296//4531 2297//4531 
f 2325//4532 2324//4532 2296//4532 
f 2326//4533 2297//4533 2300//4533 
f 2326//4534 2325//4534 2297//4534 
f 2327//4535 2300//4535 2301//4535 
f 2327//4536 2326//4536 2300//4536 
f 2328//4537 2327//4537 2301//4537 
f 2328//4538 2301//4538 2302//4538 
f 2329//4539 2328//4539 2302//4539 
f 2329//4540 2302//4540 2303//4540 
f 2330//4541 2329//4541 2303//4541 
f 2330//4542 2303//4542 2305//4542 
f 2331//4543 2330//4543 2305//4543 
f 2331//4544 2305//4544 2306//4544 
f 2332//4545 2306//4545 2307//4545 
f 2332//4546 2331//4546 2306//4546 
f 2333//4547 2307//4547 2308//4547 
f 2333//4548 2332//4548 2307//4548 
f 2334//4549 2308//4549 2309//4549 
f 2334//4550 2333//4550 2308//4550 
f 2335//4551 2309//4551 2310//4551 
f 2335//4552 2334//4552 2309//4552 
f 2336//4553 2310//4553 2311//4553 
f 2336//4554 2311//4554 2312//4554 
f 2336//4555 2335//4555 2310//4555 
f 2337//4556 2312//4556 2313//4556 
f 2337//4557 2336//4557 2312//4557 
f 2338//4558 2337//4558 2313//4558 
f 2339//4559 2313//4559 2314//4559 
f 2339//4560 2338//4560 2313//4560 
f 2340//4561 2314//4561 2315//4561 
f 2340//4562 2339//4562 2314//4562 
f 2341//4563 2315//4563 2316//4563 
f 2341//4564 2340//4564 2315//4564 
f 2342//4565 2316//4565 2251//4565 
f 2342//4566 2341//4566 2316//4566 
f 2343//4567 2251//4567 2250//4567 
f 2343//4568 2342//4568 2251//4568 
f 2344//4569 2250//4569 2252//4569 
f 2344//4570 2343//4570 2250//4570 
f 2345//4571 2252//4571 2253//4571 
f 2345//4572 2344//4572 2252//4572 
f 2346//4573 2253//4573 2254//4573 
f 2346//4574 2345//4574 2253//4574 
f 2347//4575 2254//4575 2255//4575 
f 2347//4576 2346//4576 2254//4576 
f 2348//4577 2255//4577 2256//4577 
f 2348//4578 2347//4578 2255//4578 
f 2349//4579 2256//4579 2257//4579 
f 2349//4580 2257//4580 2258//4580 
f 2349//4581 2348//4581 2256//4581 
f 2350//4582 2349//4582 2258//4582 
f 2351//4583 2258//4583 2259//4583 
f 2351//4584 2350//4584 2258//4584 
f 2352//4585 2259//4585 2260//4585 
f 2352//4586 2351//4586 2259//4586 
f 2353//4587 2260//4587 2261//4587 
f 2353//4588 2352//4588 2260//4588 
f 2354//4589 2261//4589 2262//4589 
f 2354//4590 2353//4590 2261//4590 
f 2355//4591 2354//4591 2262//4591 
f 2355//4592 2262//4592 2230//4592 
f 2356//4593 2355//4593 2230//4593 
f 2356//4594 2230//4594 2229//4594 
f 2357//4595 2356//4595 2229//4595 
f 2357//4596 2229//4596 2231//4596 
f 2358//4597 2357//4597 2231//4597 
f 2358//4598 2231//4598 2232//4598 
f 2358//4599 2232//4599 2233//4599 
f 2359//4600 2358//4600 2233//4600 
f 2360//4601 2359//4601 2233//4601 
f 2360//4602 2233//4602 2234//4602 
f 2361//4603 2360//4603 2234//4603 
f 2361//4604 2234//4604 2235//4604 
f 2362//4605 2361//4605 2235//4605 
f 2362//4606 2235//4606 2236//4606 
f 2363//4607 2362//4607 2236//4607 
f 2363//4608 2236//4608 2237//4608 
f 2364//4609 2363//4609 2237//4609 
f 2364//4610 2237//4610 2238//4610 
f 2365//4611 2238//4611 2239//4611 
f 2365//4612 2364//4612 2238//4612 
f 2366//4613 2239//4613 2240//4613 
f 2366//4614 2365//4614 2239//4614 
f 2367//4615 2240//4615 2241//4615 
f 2367//4616 2366//4616 2240//4616 
f 2368//4617 2241//4617 2242//4617 
f 2368//4618 2367//4618 2241//4618 
f 2369//4619 2242//4619 2243//4619 
f 2369//4620 2368//4620 2242//4620 
f 2370//4621 2243//4621 2244//4621 
f 2370//4622 2369//4622 2243//4622 
f 2371//4623 2244//4623 2245//4623 
f 2371//4624 2370//4624 2244//4624 
f 2372//4625 2245//4625 2246//4625 
f 2372//4626 2371//4626 2245//4626 
f 2373//4627 2246//4627 2247//4627 
f 2373//4628 2372//4628 2246//4628 
f 2374//4629 2247//4629 2248//4629 
f 2374//4630 2373//4630 2247//4630 
f 2375//4631 2248//4631 2249//4631 
f 2375//4632 2374//4632 2248//4632 
f 2376//4633 2249//4633 2228//4633 
f 2376//4634 2375//4634 2249//4634 
f 2377//4635 2228//4635 2227//4635 
f 2377//4636 2376//4636 2228//4636 
f 2378//4637 2227//4637 2226//4637 
f 2378//4638 2377//4638 2227//4638 
f 2379//4639 2378//4639 2226//4639 
f 2379//4640 2226//4640 2224//4640 
f 2380//4641 2379//4641 2224//4641 
f 2380//4642 2224//4642 2222//4642 
f 2381//4643 2380//4643 2222//4643 
f 2381//4644 2222//4644 2220//4644 
f 2382//4645 2381//4645 2220//4645 
f 2382//4646 2220//4646 2218//4646 
f 2383//4647 2382//4647 2218//4647 
f 2383//4648 2218//4648 2216//4648 
f 2384//4649 2383//4649 2216//4649 
f 2384//4650 2216//4650 2214//4650 
f 2385//4651 2384//4651 2214//4651 
f 2385//4652 2214//4652 2212//4652 
f 2386//4653 2385//4653 2212//4653 
f 2386//4654 2212//4654 2210//4654 
f 2387//4655 2386//4655 2210//4655 
f 2387//4656 2210//4656 2208//4656 
f 2388//4657 2387//4657 2208//4657 
f 2388//4658 2208//4658 2206//4658 
f 2389//4659 2388//4659 2206//4659 
f 2389//4660 2206//4660 2204//4660 
f 2390//4661 2389//4661 2204//4661 
f 2390//4662 2204//4662 2202//4662 
f 2390//4663 2202//4663 2200//4663 
f 2391//4664 2390//4664 2200//4664 
f 2392//4665 2391//4665 2200//4665 
f 2392//4666 2200//4666 2198//4666 
f 2393//4667 2392//4667 2198//4667 
f 2393//4668 2198//4668 2196//4668 
f 2394//4669 2393//4669 2196//4669 
f 2394//4670 2196//4670 2194//4670 
f 2395//4671 2394//4671 2194//4671 
f 2395//4672 2194//4672 2191//4672 
f 2396//4673 2395//4673 2191//4673 
f 2396//4674 2191//4674 2192//4674 
f 2397//4675 2396//4675 2192//4675 
f 2397//4676 2192//4676 2193//4676 
f 2398//4677 2397//4677 2193//4677 
f 2398//4678 2193//4678 2195//4678 
f 2399//4679 2398//4679 2195//4679 
f 2399//4680 2195//4680 2197//4680 
f 2400//4681 2197//4681 2199//4681 
f 2400//4682 2399//4682 2197//4682 
f 2401//4683 2199//4683 2201//4683 
f 2401//4684 2400//4684 2199//4684 
f 2402//4685 2201//4685 2203//4685 
f 2402//4686 2401//4686 2201//4686 
f 2403//4687 2203//4687 2205//4687 
f 2403//4688 2402//4688 2203//4688 
f 2404//4689 2205//4689 2207//4689 
f 2404//4690 2403//4690 2205//4690 
f 2405//4691 2404//4691 2207//4691 
f 2405//4692 2207//4692 2209//4692 
f 2406//4693 2405//4693 2209//4693 
f 2406//4694 2209//4694 2211//4694 
f 2407//4695 2406//4695 2211//4695 
f 2407//4696 2211//4696 2213//4696 
f 2408//4697 2407//4697 2213//4697 
f 2408//4698 2213//4698 2215//4698 
f 2409//4699 2408//4699 2215//4699 
f 2409//4700 2215//4700 2217//4700 
f 2410//4701 2409//4701 2217//4701 
f 2410//4702 2217//4702 2219//4702 
f 2411//4703 2410//4703 2219//4703 
f 2411//4704 2219//4704 2221//4704 
f 2412//4705 2411//4705 2221//4705 
f 2412//4706 2221//4706 2223//4706 
f 2413//4707 2412//4707 2223//4707 
f 2413//4708 2223//4708 2225//4708 
f 2414//4709 2413//4709 2225//4709 
f 2414//4710 2225//4710 2281//4710 
f 2415//4711 2414//4711 2281//4711 
f 2415//4712 2281//4712 2282//4712 
f 2416//4713 2415//4713 2282//4713 
f 2416//4714 2282//4714 2283//4714 
f 2417//4715 2283//4715 2284//4715 
f 2417//4716 2416//4716 2283//4716 
f 2418//4717 2284//4717 2285//4717 
f 2418//4718 2417//4718 2284//4718 
f 2419//4719 2285//4719 2286//4719 
f 2419//4720 2418//4720 2285//4720 
f 2420//4721 2286//4721 2287//4721 
f 2420//4722 2419//4722 2286//4722 
f 2421//4723 2287//4723 2304//4723 
f 2421//4724 2420//4724 2287//4724 
f 2422//4725 2304//4725 2299//4725 
f 2422//4726 2421//4726 2304//4726 
f 2423//4727 2299//4727 2298//4727 
f 2423//4728 2422//4728 2299//4728 
f 2424//4729 2298//4729 2293//4729 
f 2424//4730 2423//4730 2298//4730 
f 2425//4731 2293//4731 2292//4731 
f 2425//4732 2424//4732 2293//4732 
f 2426//4733 2292//4733 2294//4733 
f 2426//4734 2425//4734 2292//4734 
f 2427//4735 2294//4735 2280//4735 
f 2427//4736 2426//4736 2294//4736 
f 2428//4737 2280//4737 2279//4737 
f 2428//4738 2427//4738 2280//4738 
f 2429//4739 2279//4739 2274//4739 
f 2429//4740 2428//4740 2279//4740 
f 2430//4741 2429//4741 2274//4741 
f 2430//4742 2274//4742 2273//4742 
f 2431//4743 2430//4743 2273//4743 
f 2431//4744 2273//4744 2275//4744 
f 2432//4745 2431//4745 2275//4745 
f 2432//4746 2275//4746 2269//4746 
f 2433//4747 2432//4747 2269//4747 
f 2433//4748 2269//4748 2268//4748 
f 2434//4749 2268//4749 2264//4749 
f 2434//4750 2433//4750 2268//4750 
f 2435//4751 2264//4751 2263//4751 
f 2435//4752 2434//4752 2264//4752 
f 2436//4753 2263//4753 2265//4753 
f 2436//4754 2435//4754 2263//4754 
f 2437//4755 2265//4755 2266//4755 
f 2437//4756 2436//4756 2265//4756 
f 2438//4757 2266//4757 2267//4757 
f 2438//4758 2437//4758 2266//4758 
f 2439//4759 2267//4759 2272//4759 
f 2439//4760 2438//4760 2267//4760 
f 2440//4761 2272//4761 2271//4761 
f 2440//4762 2439//4762 2272//4762 
f 2441//4763 2271//4763 2270//4763 
f 2441//4764 2440//4764 2271//4764 
f 2442//4765 2270//4765 2276//4765 
f 2442//4766 2441//4766 2270//4766 
f 2318//4767 2276//4767 2277//4767 
f 2318//4768 2442//4768 2276//4768 
f 2398//4769 2395//4769 2396//4769 
f 2398//4770 2396//4770 2397//4770 
f 2402//4771 2400//4771 2401//4771 
f 2403//4772 2400//4772 2402//4772 
f 2403//4773 2398//4773 2399//4773 
f 2403//4774 2399//4774 2400//4774 
f 2388//4775 2389//4775 2390//4775 
f 2388//4776 2390//4776 2391//4776 
f 2388//4777 2391//4777 2392//4777 
f 2388//4778 2392//4778 2393//4778 
f 2388//4779 2393//4779 2394//4779 
f 2406//4780 2404//4780 2405//4780 
f 2408//4781 2406//4781 2407//4781 
f 2383//4782 2384//4782 2385//4782 
f 2380//4783 2381//4783 2382//4783 
f 2380//4784 2382//4784 2383//4784 
f 2377//4785 2378//4785 2379//4785 
f 2377//4786 2379//4786 2380//4786 
f 2415//4787 2408//4787 2409//4787 
f 2415//4788 2409//4788 2410//4788 
f 2415//4789 2410//4789 2411//4789 
f 2415//4790 2411//4790 2412//4790 
f 2415//4791 2412//4791 2413//4791 
f 2415//4792 2413//4792 2414//4792 
f 2375//4793 2376//4793 2377//4793 
f 2375//4794 2377//4794 2380//4794 
f 2374//4795 2375//4795 2380//4795 
f 2418//4796 2415//4796 2416//4796 
f 2418//4797 2416//4797 2417//4797 
f 2419//4798 2415//4798 2418//4798 
f 2419//4799 2395//4799 2398//4799 
f 2419//4800 2398//4800 2403//4800 
f 2419//4801 2404//4801 2406//4801 
f 2419//4802 2394//4802 2395//4802 
f 2419//4803 2406//4803 2408//4803 
f 2419//4804 2403//4804 2404//4804 
f 2419//4805 2408//4805 2415//4805 
f 2372//4806 2373//4806 2374//4806 
f 2421//4807 2419//4807 2420//4807 
f 2422//4808 2419//4808 2421//4808 
f 2368//4809 2369//4809 2370//4809 
f 2424//4810 2422//4810 2423//4810 
f 2425//4811 2422//4811 2424//4811 
f 2366//4812 2367//4812 2368//4812 
f 2426//4813 2422//4813 2425//4813 
f 2365//4814 2372//4814 2374//4814 
f 2365//4815 2368//4815 2370//4815 
f 2365//4816 2366//4816 2368//4816 
f 2365//4817 2370//4817 2371//4817 
f 2365//4818 2371//4818 2372//4818 
f 2427//4819 2422//4819 2426//4819 
f 2427//4820 2419//4820 2422//4820 
f 2362//4821 2363//4821 2364//4821 
f 2362//4822 2364//4822 2365//4822 
f 2430//4823 2428//4823 2429//4823 
f 2432//4824 2430//4824 2431//4824 
f 2359//4825 2360//4825 2361//4825 
f 2357//4826 2358//4826 2359//4826 
f 2357//4827 2359//4827 2361//4827 
f 2435//4828 2432//4828 2433//4828 
f 2435//4829 2433//4829 2434//4829 
f 2356//4830 2361//4830 2362//4830 
f 2356//4831 2357//4831 2361//4831 
f 2356//4832 2362//4832 2365//4832 
f 2436//4833 2394//4833 2419//4833 
f 2436//4834 2427//4834 2428//4834 
f 2436//4835 2419//4835 2427//4835 
f 2436//4836 2428//4836 2430//4836 
f 2436//4837 2430//4837 2432//4837 
f 2436//4838 2432//4838 2435//4838 
f 2352//4839 2353//4839 2354//4839 
f 2352//4840 2354//4840 2355//4840 
f 2352//4841 2355//4841 2356//4841 
f 2440//4842 2436//4842 2437//4842 
f 2440//4843 2437//4843 2438//4843 
f 2440//4844 2438//4844 2439//4844 
f 2350//4845 2351//4845 2352//4845 
f 2442//4846 2440//4846 2441//4846 
f 2442//4847 2388//4847 2394//4847 
f 2442//4848 2385//4848 2386//4848 
f 2442//4849 2386//4849 2387//4849 
f 2442//4850 2387//4850 2388//4850 
f 2442//4851 2394//4851 2436//4851 
f 2442//4852 2383//4852 2385//4852 
f 2442//4853 2436//4853 2440//4853 
f 2317//4854 2442//4854 2318//4854 
f 2347//4855 2348//4855 2349//4855 
f 2346//4856 2347//4856 2349//4856 
f 2320//4857 2442//4857 2317//4857 
f 2320//4858 2317//4858 2319//4858 
f 2321//4859 2383//4859 2442//4859 
f 2321//4860 2442//4860 2320//4860 
f 2321//4861 2380//4861 2383//4861 
f 2343//4862 2346//4862 2349//4862 
f 2343//4863 2344//4863 2345//4863 
f 2343//4864 2345//4864 2346//4864 
f 2323//4865 2321//4865 2322//4865 
f 2342//4866 2343//4866 2349//4866 
f 2342//4867 2349//4867 2350//4867 
f 2324//4868 2374//4868 2380//4868 
f 2324//4869 2380//4869 2321//4869 
f 2324//4870 2321//4870 2323//4870 
f 2326//4871 2324//4871 2325//4871 
f 2339//4872 2350//4872 2352//4872 
f 2339//4873 2340//4873 2341//4873 
f 2339//4874 2341//4874 2342//4874 
f 2339//4875 2342//4875 2350//4875 
f 2337//4876 2338//4876 2339//4876 
f 2337//4877 2339//4877 2352//4877 
f 2330//4878 2326//4878 2327//4878 
f 2330//4879 2327//4879 2328//4879 
f 2330//4880 2328//4880 2329//4880 
f 2331//4881 2324//4881 2326//4881 
f 2331//4882 2326//4882 2330//4882 
f 2334//4883 2335//4883 2336//4883 
f 2332//4884 2324//4884 2331//4884 
f 2333//4885 2336//4885 2337//4885 
f 2333//4886 2365//4886 2374//4886 
f 2333//4887 2374//4887 2324//4887 
f 2333//4888 2337//4888 2352//4888 
f 2333//4889 2334//4889 2336//4889 
f 2333//4890 2324//4890 2332//4890 
f 2333//4891 2356//4891 2365//4891 
f 2333//4892 2352//4892 2356//4892 
