# Created by FreeCAD <https://www.freecad.org>
v 0.000000 55.663124 10.251490
v 0.000000 55.822983 10.431935
v 0.000000 65.000000 1.000000
v 0.000000 51.663124 6.251489
v 0.000000 51.822983 6.431935
v 0.000000 55.464722 10.114544
v 0.000000 51.464722 6.114544
v 0.000000 55.935017 10.645395
v 0.000000 51.935017 6.645395
v 0.000000 55.239315 10.029058
v 0.000000 51.239315 6.029058
v 0.000000 51.992710 6.879463
v 0.000000 55.000000 10.000000
v 0.000000 51.000000 6.000000
v 0.000000 51.992710 7.120537
v 0.000000 54.760685 10.029058
v 0.000000 51.935017 7.354605
v 0.000000 54.535278 10.114544
v 0.000000 58.663124 14.251490
v 0.000000 58.822983 14.431935
v 0.000000 55.992710 10.879463
v 0.000000 58.464722 14.114544
v 0.000000 58.935017 14.645395
v 0.000000 51.822983 7.568065
v 0.000000 55.992710 11.120537
v 0.000000 58.239315 14.029058
v 0.000000 58.992710 14.879463
v 0.000000 55.935017 11.354605
v 0.000000 58.000000 14.000000
v 0.000000 58.992710 15.120537
v 0.000000 55.822983 11.568065
v 0.000000 57.760685 14.029058
v 0.000000 55.663124 11.748510
v 0.000000 57.535278 14.114544
v 0.000000 57.336876 14.251490
v 0.000000 51.994682 9.877234
v 0.000000 54.336876 10.251490
v 0.000000 51.663124 7.748511
v 0.000000 52.234474 10.147902
v 0.000000 54.177017 10.431935
v 0.000000 51.464722 7.885456
v 0.000000 51.697086 9.671816
v 0.000000 52.402523 10.468093
v 0.000000 54.064983 10.645395
v 0.000000 51.358974 9.543588
v 0.000000 51.239315 7.970942
v 0.000000 54.007290 10.879463
v 0.000000 52.489063 10.819195
v 0.000000 54.007290 11.120537
v 0.000000 51.000000 9.500000
v 0.000000 51.000000 8.000000
v 0.000000 50.760685 7.970942
v 0.000000 55.464722 11.885456
v 0.000000 55.663124 14.251490
v 0.000000 50.535278 6.114544
v 0.000000 47.663124 6.251489
v 0.000000 50.336876 6.251489
v 0.000000 55.822983 14.431935
v 0.000000 57.177017 14.431935
v 0.000000 47.822983 6.431935
v 0.000000 50.177017 6.431935
v 0.000000 55.464722 14.114544
v 0.000000 47.464722 6.114544
v 0.000000 52.489063 11.180805
v 0.000000 54.064983 11.354605
v 0.000000 55.935017 14.645395
v 0.000000 57.064983 14.645395
v 0.000000 47.935017 6.645395
v 0.000000 50.064983 6.645395
v 0.000000 55.239315 11.970942
v 0.000000 55.239315 14.029058
v 0.000000 50.760685 6.029058
v 0.000000 47.239315 6.029058
v 0.000000 55.992710 14.879463
v 0.000000 57.007290 14.879463
v 0.000000 57.007290 15.120537
v 0.000000 47.992710 6.879463
v 0.000000 50.007290 6.879463
v 0.000000 50.641026 9.543588
v 0.000000 50.535278 7.885456
v 0.000000 55.000000 12.000000
v 0.000000 55.000000 14.000000
v 0.000000 47.000000 6.000000
v 0.000000 55.992710 15.120537
v 0.000000 47.992710 7.120537
v 0.000000 50.007290 7.120537
v 0.000000 52.402523 11.531907
v 0.000000 54.177017 11.568065
v 0.000000 54.760685 11.970942
v 0.000000 54.760685 14.029058
v 0.000000 50.302914 9.671816
v 0.000000 50.336876 7.748511
v 0.000000 55.935017 15.354605
v 0.000000 57.064983 15.354605
v 0.000000 47.935017 7.354605
v 0.000000 50.064983 7.354605
v 0.000000 54.535278 11.885456
v 0.000000 54.535278 14.114544
v 0.000000 52.234474 11.852098
v 0.000000 54.336876 11.748510
v 0.000000 55.822983 15.568065
v 0.000000 57.177017 15.568065
v 0.000000 57.336876 15.748510
v 0.000000 47.822983 7.568065
v 0.000000 50.177017 7.568065
v 0.000000 50.005318 9.877234
v 0.000000 54.336876 14.251490
v 0.000000 55.663124 15.748510
v 0.000000 47.994682 9.877234
v 0.000000 47.663124 7.748511
v 0.000000 51.994682 13.877234
v 0.000000 52.234474 14.147902
v 0.000000 51.994682 12.122766
v 0.000000 54.177017 14.431935
v 0.000000 48.234474 10.147902
v 0.000000 49.765526 10.147902
v 0.000000 51.697086 13.671816
v 0.000000 51.697086 12.328184
v 0.000000 47.697086 9.671816
v 0.000000 47.464722 7.885456
v 0.000000 52.402523 14.468093
v 0.000000 54.064983 14.645395
v 0.000000 48.402523 10.468093
v 0.000000 49.597477 10.468093
v 0.000000 47.239315 7.970942
v 0.000000 47.358974 9.543588
v 0.000000 51.358974 13.543588
v 0.000000 51.358974 12.456412
v 0.000000 52.489063 14.819195
v 0.000000 54.007290 14.879463
v 0.000000 49.510937 10.819195
v 0.000000 48.489063 10.819195
v 0.000000 49.510937 11.180805
v 0.000000 47.000000 9.500000
v 0.000000 47.000000 8.000000
v 0.000000 46.760685 7.970942
v 0.000000 51.000000 13.500000
v 0.000000 51.000000 12.500000
v 0.000000 55.663124 18.251490
v 0.000000 57.535278 15.885456
v 0.000000 46.535278 6.114544
v 0.000000 43.663124 6.251489
v 0.000000 46.336876 6.251489
v 0.000000 55.822983 18.431934
v 0.000000 57.760685 15.970942
v 0.000000 43.822983 6.431935
v 0.000000 46.177017 6.431935
v 0.000000 46.064983 6.645395
v 0.000000 55.464722 18.114544
v 0.000000 55.464722 15.885456
v 0.000000 43.464722 6.114544
v 0.000000 52.489063 15.180805
v 0.000000 54.007290 15.120537
v 0.000000 54.064983 15.354605
v 0.000000 48.489063 11.180805
v 0.000000 55.935017 18.645395
v 0.000000 58.000000 16.000000
v 0.000000 43.935017 6.645395
v 0.000000 55.239315 15.970942
v 0.000000 55.239315 18.029058
v 0.000000 43.239315 6.029058
v 0.000000 46.760685 6.029058
v 0.000000 55.992710 18.879463
v 0.000000 58.239315 15.970942
v 0.000000 43.992710 6.879463
v 0.000000 46.007290 6.879463
v 0.000000 50.641026 13.543588
v 0.000000 50.641026 12.456412
v 0.000000 46.641026 9.543588
v 0.000000 46.535278 7.885456
v 0.000000 55.000000 18.000000
v 0.000000 55.000000 16.000000
v 0.000000 43.000000 6.000000
v 0.000000 55.992710 19.120537
v 0.000000 58.464722 15.885456
v 0.000000 43.992710 7.120537
v 0.000000 46.007290 7.120537
v 0.000000 52.402523 15.531907
v 0.000000 54.177017 15.568065
v 0.000000 48.402523 11.531907
v 0.000000 49.597477 11.531907
v 0.000000 54.760685 18.029058
v 0.000000 54.760685 15.970942
v 0.000000 50.302914 13.671816
v 0.000000 50.302914 12.328184
v 0.000000 46.302914 9.671816
v 0.000000 46.336876 7.748511
v 0.000000 55.935017 19.354605
v 0.000000 58.663124 15.748510
v 0.000000 43.935017 7.354605
v 0.000000 46.064983 7.354605
v 0.000000 54.535278 18.114544
v 0.000000 54.535278 15.885456
v 0.000000 54.336876 15.748510
v 0.000000 52.234474 15.852098
v 0.000000 48.234474 11.852098
v 0.000000 49.765526 11.852098
v 0.000000 43.822983 7.568065
v 0.000000 46.177017 7.568065
v 0.000000 50.005318 13.877234
v 0.000000 50.005318 12.122766
v 0.000000 46.005318 9.877234
v 0.000000 54.336876 18.251490
v 0.000000 65.000000 29.000000
v 0.000000 58.935017 15.354605
v 0.000000 58.822983 15.568065
v 0.000000 55.822983 19.568066
v 0.000000 55.663124 19.748510
v 0.000000 47.994682 12.122766
v 0.000000 55.464722 19.885456
v 0.000000 51.994682 16.122766
v 0.000000 51.994682 17.877234
v 0.000000 51.697086 16.328184
v 0.000000 47.697086 12.328184
v 0.000000 47.994682 13.877234
v 0.000000 43.663124 7.748511
v 0.000000 43.994682 9.877234
v 0.000000 49.765526 14.147902
v 0.000000 48.234474 14.147902
v 0.000000 49.597477 14.468093
v 0.000000 52.234474 18.147903
v 0.000000 54.177017 18.431934
v 0.000000 44.234474 10.147902
v 0.000000 45.765526 10.147902
v 0.000000 51.697086 17.671816
v 0.000000 47.697086 13.671816
v 0.000000 43.464722 7.885456
v 0.000000 43.697086 9.671816
v 0.000000 52.402523 18.468092
v 0.000000 54.064983 18.645395
v 0.000000 45.597477 10.468093
v 0.000000 44.402523 10.468093
v 0.000000 45.510937 10.819195
v 0.000000 48.402523 14.468093
v 0.000000 49.510937 14.819195
v 0.000000 51.358974 17.543587
v 0.000000 51.358974 16.456413
v 0.000000 51.000000 16.500000
v 0.000000 43.239315 7.970942
v 0.000000 43.358974 9.543588
v 0.000000 47.358974 13.543588
v 0.000000 47.358974 12.456412
v 0.000000 47.000000 12.500000
v 0.000000 48.489063 14.819195
v 0.000000 52.489063 18.819195
v 0.000000 54.007290 18.879463
v 0.000000 54.007290 19.120537
v 0.000000 44.489063 10.819195
v 0.000000 45.510937 11.180805
v 0.000000 51.000000 17.500000
v 0.000000 43.000000 8.000000
v 0.000000 43.000000 9.500000
v 0.000000 42.760685 7.970942
v 0.000000 47.000000 13.500000
v 0.000000 46.641026 12.456412
v 0.000000 42.336876 6.251489
v 0.000000 39.663124 6.251489
v 0.000000 42.177017 6.431935
v 0.000000 42.535278 6.114544
v 0.000000 39.822983 6.431935
v 0.000000 42.064983 6.645395
v 0.000000 39.464722 6.114544
v 0.000000 52.489063 19.180805
v 0.000000 54.064983 19.354605
v 0.000000 44.489063 11.180805
v 0.000000 48.489063 15.180805
v 0.000000 49.510937 15.180805
v 0.000000 39.935017 6.645395
v 0.000000 39.239315 6.029058
v 0.000000 42.760685 6.029058
v 0.000000 39.992710 6.879463
v 0.000000 42.007290 6.879463
v 0.000000 50.641026 17.543587
v 0.000000 50.641026 16.456413
v 0.000000 46.641026 13.543588
v 0.000000 42.535278 7.885456
v 0.000000 42.641026 9.543588
v 0.000000 39.000000 6.000000
v 0.000000 39.992710 7.120537
v 0.000000 42.007290 7.120537
v 0.000000 48.402523 15.531907
v 0.000000 49.597477 15.531907
v 0.000000 52.402523 19.531908
v 0.000000 54.177017 19.568066
v 0.000000 44.402523 11.531907
v 0.000000 45.597477 11.531907
v 0.000000 50.005318 16.122766
v 0.000000 50.302914 17.671816
v 0.000000 50.302914 16.328184
v 0.000000 42.302914 9.671816
v 0.000000 42.336876 7.748511
v 0.000000 46.302914 12.328184
v 0.000000 46.302914 13.671816
v 0.000000 46.005318 12.122766
v 0.000000 39.935017 7.354605
v 0.000000 42.064983 7.354605
v 0.000000 52.234474 19.852097
v 0.000000 54.336876 19.748510
v 0.000000 48.234474 15.852098
v 0.000000 49.765526 15.852098
v 0.000000 44.234474 11.852098
v 0.000000 45.765526 11.852098
v 0.000000 39.822983 7.568065
v 0.000000 42.177017 7.568065
v 0.000000 50.005318 17.877234
v 0.000000 46.005318 13.877234
v 0.000000 42.005318 9.877234
v 0.000000 51.994682 20.122766
v 0.000000 54.535278 19.885456
v 0.000000 43.994682 12.122766
v 0.000000 47.994682 16.122766
v 0.000000 47.994682 17.877234
v 0.000000 39.994682 9.877234
v 0.000000 41.765526 10.147902
v 0.000000 39.663124 7.748511
v 0.000000 43.994682 13.877234
v 0.000000 45.765526 14.147902
v 0.000000 48.234474 18.147903
v 0.000000 49.765526 18.147903
v 0.000000 44.234474 14.147902
v 0.000000 40.234474 10.147902
v 0.000000 47.697086 17.671816
v 0.000000 47.697086 16.328184
v 0.000000 43.697086 13.671816
v 0.000000 43.697086 12.328184
v 0.000000 39.697086 9.671816
v 0.000000 39.464722 7.885456
v 0.000000 48.402523 18.468092
v 0.000000 49.597477 18.468092
v 0.000000 40.402523 10.468093
v 0.000000 41.597477 10.468093
v 0.000000 45.597477 14.468093
v 0.000000 44.402523 14.468093
v 0.000000 45.510937 14.819195
v 0.000000 47.358974 16.456413
v 0.000000 47.358974 17.543587
v 0.000000 39.358974 9.543588
v 0.000000 39.239315 7.970942
v 0.000000 43.358974 13.543588
v 0.000000 43.358974 12.456412
v 0.000000 49.510937 18.819195
v 0.000000 48.489063 18.819195
v 0.000000 49.510937 19.180805
v 0.000000 40.489063 10.819195
v 0.000000 41.510937 10.819195
v 0.000000 44.489063 14.819195
v 0.000000 45.510937 15.180805
v 0.000000 47.000000 16.500000
v 0.000000 47.000000 17.500000
v 0.000000 39.000000 9.500000
v 0.000000 39.000000 8.000000
v 0.000000 38.760685 7.970942
v 0.000000 43.000000 12.500000
v 0.000000 43.000000 13.500000
v 0.000000 51.697086 20.328184
v 0.000000 51.663124 22.251490
v 0.000000 51.822983 22.431934
v 0.000000 51.358974 20.456413
v 0.000000 51.464722 22.114544
v 0.000000 48.489063 19.180805
v 0.000000 49.597477 19.531908
v 0.000000 40.489063 11.180805
v 0.000000 41.510937 11.180805
v 0.000000 44.489063 15.180805
v 0.000000 51.935017 22.645395
v 0.000000 54.760685 19.970942
v 0.000000 51.000000 20.500000
v 0.000000 51.239315 22.029058
v 0.000000 51.992710 22.879463
v 0.000000 55.000000 20.000000
v 0.000000 38.641026 9.543588
v 0.000000 38.535278 7.885456
v 0.000000 46.641026 16.456413
v 0.000000 46.641026 17.543587
v 0.000000 42.641026 12.456412
v 0.000000 42.641026 13.543588
v 0.000000 51.000000 22.000000
v 0.000000 51.992710 23.120537
v 0.000000 55.239315 19.970942
v 0.000000 48.402523 19.531908
v 0.000000 40.402523 11.531907
v 0.000000 41.597477 11.531907
v 0.000000 44.402523 15.531907
v 0.000000 45.597477 15.531907
v 0.000000 50.641026 20.456413
v 0.000000 50.760685 22.029058
v 0.000000 46.302914 16.328184
v 0.000000 46.302914 17.671816
v 0.000000 38.302914 9.671816
v 0.000000 38.336876 7.748511
v 0.000000 42.302914 12.328184
v 0.000000 42.302914 13.671816
v 0.000000 51.935017 23.354605
v 0.000000 50.302914 20.328184
v 0.000000 50.535278 22.114544
v 0.000000 48.234474 19.852097
v 0.000000 49.765526 19.852097
v 0.000000 44.234474 15.852098
v 0.000000 45.765526 15.852098
v 0.000000 40.234474 11.852098
v 0.000000 41.765526 11.852098
v 0.000000 51.822983 23.568066
v 0.000000 46.005318 16.122766
v 0.000000 46.005318 17.877234
v 0.000000 42.005318 12.122766
v 0.000000 42.005318 13.877234
v 0.000000 38.005318 9.877234
v 0.000000 38.177017 7.568065
v 0.000000 50.005318 20.122766
v 0.000000 50.336876 22.251490
v 0.000000 51.663124 23.748510
v 0.000000 47.994682 20.122766
v 0.000000 43.994682 16.122766
v 0.000000 39.994682 12.122766
v 0.000000 50.177017 22.431934
v 0.000000 51.464722 23.885456
v 0.000000 51.239315 23.970942
v 0.000000 51.000000 24.000000
v 0.000000 43.994682 17.877234
v 0.000000 39.994682 13.877234
v 0.000000 44.234474 18.147903
v 0.000000 45.765526 18.147903
v 0.000000 40.234474 14.147902
v 0.000000 41.765526 14.147902
v 0.000000 43.697086 17.671816
v 0.000000 43.697086 16.328184
v 0.000000 39.697086 12.328184
v 0.000000 39.697086 13.671816
v 0.000000 40.402523 14.468093
v 0.000000 41.597477 14.468093
v 0.000000 41.510937 14.819195
v 0.000000 44.402523 18.468092
v 0.000000 45.597477 18.468092
v 0.000000 43.358974 17.543587
v 0.000000 43.358974 16.456413
v 0.000000 39.358974 12.456412
v 0.000000 39.358974 13.543588
v 0.000000 44.489063 18.819195
v 0.000000 45.510937 18.819195
v 0.000000 45.510937 19.180805
v 0.000000 40.489063 14.819195
v 0.000000 41.510937 15.180805
v 0.000000 43.000000 17.500000
v 0.000000 43.000000 16.500000
v 0.000000 39.000000 13.500000
v 0.000000 39.000000 12.500000
v 0.000000 47.697086 20.328184
v 0.000000 47.663124 22.251490
v 0.000000 35.663124 10.251490
v 0.000000 37.765526 10.147902
v 0.000000 47.822983 22.431934
v 0.000000 50.064983 22.645395
v 0.000000 35.822983 10.431935
v 0.000000 37.597477 10.468093
v 0.000000 47.464722 22.114544
v 0.000000 47.358974 20.456413
v 0.000000 35.464722 10.114544
v 0.000000 38.064983 7.354605
v 0.000000 44.489063 19.180805
v 0.000000 40.489063 15.180805
v 0.000000 47.935017 22.645395
v 0.000000 50.007290 22.879463
v 0.000000 35.935017 10.645395
v 0.000000 37.510937 10.819195
v 0.000000 47.000000 20.500000
v 0.000000 47.239315 22.029058
v 0.000000 35.239315 10.029058
v 0.000000 38.007290 7.120537
v 0.000000 47.992710 22.879463
v 0.000000 35.992710 10.879463
v 0.000000 37.510937 11.180805
v 0.000000 42.641026 17.543587
v 0.000000 42.641026 16.456413
v 0.000000 38.641026 12.456412
v 0.000000 38.641026 13.543588
v 0.000000 47.000000 22.000000
v 0.000000 35.000000 10.000000
v 0.000000 38.007290 6.879463
v 0.000000 35.992710 11.120537
v 0.000000 47.992710 23.120537
v 0.000000 50.007290 23.120537
v 0.000000 50.064983 23.354605
v 0.000000 44.402523 19.531908
v 0.000000 45.597477 19.531908
v 0.000000 40.402523 15.531907
v 0.000000 41.597477 15.531907
v 0.000000 46.641026 20.456413
v 0.000000 46.760685 22.029058
v 0.000000 34.760685 10.029058
v 0.000000 38.064983 6.645395
v 0.000000 38.302914 12.328184
v 0.000000 38.302914 13.671816
v 0.000000 42.302914 17.671816
v 0.000000 42.302914 16.328184
v 0.000000 47.935017 23.354605
v 0.000000 50.177017 23.568066
v 0.000000 35.935017 11.354605
v 0.000000 37.597477 11.531907
v 0.000000 46.302914 20.328184
v 0.000000 46.535278 22.114544
v 0.000000 38.177017 6.431935
v 0.000000 34.535278 10.114544
v 0.000000 44.234474 19.852097
v 0.000000 45.765526 19.852097
v 0.000000 40.234474 15.852098
v 0.000000 41.765526 15.852098
v 0.000000 47.822983 23.568066
v 0.000000 35.822983 11.568065
v 0.000000 37.765526 11.852098
v 0.000000 42.005318 16.122766
v 0.000000 42.005318 17.877234
v 0.000000 38.005318 12.122766
v 0.000000 38.005318 13.877234
v 0.000000 46.005318 20.122766
v 0.000000 46.336876 22.251490
v 0.000000 34.336876 10.251490
v 0.000000 47.663124 23.748510
v 0.000000 50.336876 23.748510
v 0.000000 35.663124 11.748510
v 0.000000 43.994682 20.122766
v 0.000000 39.994682 16.122766
v 0.000000 46.177017 22.431934
v 0.000000 37.765526 14.147902
v 0.000000 47.464722 23.885456
v 0.000000 50.535278 23.885456
v 0.000000 47.239315 23.970942
v 0.000000 50.760685 23.970942
v 0.000000 47.000000 24.000000
v 0.000000 39.994682 17.877234
v 0.000000 40.234474 18.147903
v 0.000000 41.765526 18.147903
v 0.000000 39.697086 16.328184
v 0.000000 39.697086 17.671816
v 0.000000 40.402523 18.468092
v 0.000000 41.597477 18.468092
v 0.000000 39.358974 16.456413
v 0.000000 39.358974 17.543587
v 0.000000 40.489063 18.819195
v 0.000000 41.510937 18.819195
v 0.000000 39.000000 16.500000
v 0.000000 39.000000 17.500000
v 0.000000 35.663124 14.251490
v 0.000000 43.697086 20.328184
v 0.000000 43.663124 22.251490
v 0.000000 43.822983 22.431934
v 0.000000 46.064983 22.645395
v 0.000000 35.822983 14.431935
v 0.000000 37.597477 14.468093
v 0.000000 43.358974 20.456413
v 0.000000 43.464722 22.114544
v 0.000000 35.464722 14.114544
v 0.000000 35.464722 11.885456
v 0.000000 40.489063 19.180805
v 0.000000 41.510937 19.180805
v 0.000000 43.935017 22.645395
v 0.000000 46.007290 22.879463
v 0.000000 35.935017 14.645395
v 0.000000 37.510937 14.819195
v 0.000000 43.000000 20.500000
v 0.000000 43.239315 22.029058
v 0.000000 35.239315 14.029058
v 0.000000 35.239315 11.970942
v 0.000000 43.992710 22.879463
v 0.000000 35.992710 14.879463
v 0.000000 37.510937 15.180805
v 0.000000 38.641026 16.456413
v 0.000000 38.641026 17.543587
v 0.000000 43.000000 22.000000
v 0.000000 35.000000 14.000000
v 0.000000 35.000000 12.000000
v 0.000000 34.760685 11.970942
v 0.000000 43.992710 23.120537
v 0.000000 46.007290 23.120537
v 0.000000 35.992710 15.120537
v 0.000000 41.597477 19.531908
v 0.000000 40.402523 19.531908
v 0.000000 41.765526 19.852097
v 0.000000 42.641026 20.456413
v 0.000000 42.760685 22.029058
v 0.000000 34.760685 14.029058
v 0.000000 38.302914 16.328184
v 0.000000 38.302914 17.671816
v 0.000000 43.935017 23.354605
v 0.000000 46.064983 23.354605
v 0.000000 46.177017 23.568066
v 0.000000 35.935017 15.354605
v 0.000000 37.597477 15.531907
v 0.000000 42.302914 20.328184
v 0.000000 42.535278 22.114544
v 0.000000 34.535278 11.885456
v 0.000000 34.535278 14.114544
v 0.000000 34.336876 11.748510
v 0.000000 40.234474 19.852097
v 0.000000 43.822983 23.568066
v 0.000000 35.822983 15.568065
v 0.000000 37.765526 15.852098
v 0.000000 38.005318 16.122766
v 0.000000 38.005318 17.877234
v 0.000000 42.005318 20.122766
v 0.000000 42.336876 22.251490
v 0.000000 34.336876 14.251490
v 0.000000 43.663124 23.748510
v 0.000000 46.336876 23.748510
v 0.000000 35.663124 15.748510
v 0.000000 39.994682 20.122766
v 0.000000 42.177017 22.431934
v 0.000000 37.765526 18.147903
v 0.000000 43.464722 23.885456
v 0.000000 46.535278 23.885456
v 0.000000 43.239315 23.970942
v 0.000000 46.760685 23.970942
v 0.000000 43.000000 24.000000
v 0.000000 32.663124 14.251490
v 0.000000 32.822983 14.431935
v 0.000000 34.177017 14.431935
v 0.000000 34.177017 11.568065
v 0.000000 32.464722 14.114544
v 0.000000 32.935017 14.645395
v 0.000000 34.064983 14.645395
v 0.000000 34.064983 11.354605
v 0.000000 32.239315 14.029058
v 0.000000 32.992710 14.879463
v 0.000000 34.007290 14.879463
v 0.000000 34.007290 11.120537
v 0.000000 32.000000 14.000000
v 0.000000 32.992710 15.120537
v 0.000000 34.007290 15.120537
v 0.000000 34.007290 10.879463
v 0.000000 31.760685 14.029058
v 0.000000 32.935017 15.354605
v 0.000000 34.064983 15.354605
v 0.000000 31.535276 14.114544
v 0.000000 34.064983 10.645395
v 0.000000 35.663124 18.251490
v 0.000000 35.464722 15.885456
v 0.000000 39.697086 20.328184
v 0.000000 39.663124 22.251490
v 0.000000 39.822983 22.431934
v 0.000000 35.822983 18.431934
v 0.000000 37.597477 18.468092
v 0.000000 35.464722 18.114544
v 0.000000 39.358974 20.456413
v 0.000000 39.464722 22.114544
v 0.000000 35.935017 18.645395
v 0.000000 37.510937 18.819195
v 0.000000 39.935017 22.645395
v 0.000000 42.064983 22.645395
v 0.000000 32.822983 15.568065
v 0.000000 34.177017 15.568065
v 0.000000 35.239315 15.970942
v 0.000000 35.239315 18.029058
v 0.000000 39.000000 20.500000
v 0.000000 39.239315 22.029058
v 0.000000 39.992710 22.879463
v 0.000000 42.007290 22.879463
v 0.000000 35.992710 18.879463
v 0.000000 37.510937 19.180805
v 0.000000 31.336878 14.251490
v 0.000000 35.000000 16.000000
v 0.000000 35.000000 18.000000
v 0.000000 34.760685 15.970942
v 0.000000 39.000000 22.000000
v 0.000000 32.663124 15.748510
v 0.000000 34.336876 15.748510
v 0.000000 35.992710 19.120537
v 0.000000 39.992710 23.120537
v 0.000000 42.007290 23.120537
v 0.000000 42.064983 23.354605
v 0.000000 34.760685 18.029058
v 0.000000 38.760685 22.029058
v 0.000000 38.641026 20.456413
v 0.000000 35.935017 19.354605
v 0.000000 37.597477 19.531908
v 0.000000 39.935017 23.354605
v 0.000000 42.177017 23.568066
v 0.000000 34.535278 15.885456
v 0.000000 34.535278 18.114544
v 0.000000 38.535278 22.114544
v 0.000000 38.302914 20.328184
v 0.000000 35.822983 19.568066
v 0.000000 37.765526 19.852097
v 0.000000 39.822983 23.568066
v 0.000000 34.336876 18.251490
v 0.000000 32.464722 15.885456
v 0.000000 38.005318 20.122766
v 0.000000 38.336876 22.251490
v 0.000000 35.663124 19.748510
v 0.000000 39.663124 23.748510
v 0.000000 42.336876 23.748510
v 0.000000 34.177017 18.431934
v 0.000000 32.239315 15.970942
v 0.000000 38.177017 22.431934
v 0.000000 35.464722 19.885456
v 0.000000 39.464722 23.885456
v 0.000000 42.535278 23.885456
v 0.000000 32.000000 16.000000
v 0.000000 34.064983 18.645395
v 0.000000 38.064983 22.645395
v 0.000000 35.239315 19.970942
v 0.000000 39.239315 23.970942
v 0.000000 42.760685 23.970942
v 0.000000 38.007290 22.879463
v 0.000000 31.760685 15.970942
v 0.000000 34.007290 18.879463
v 0.000000 35.000000 20.000000
v 0.000000 39.000000 24.000000
v 0.000000 31.535276 15.885456
v 0.000000 34.007290 19.120537
v 0.000000 38.007290 23.120537
v 0.000000 34.760685 19.970942
v 0.000000 38.064983 23.354605
v 0.000000 34.064983 19.354605
v 0.000000 31.336878 15.748510
v 0.000000 34.535278 19.885456
v 0.000000 38.177017 23.568066
v 0.000000 34.336876 19.748510
v 0.000000 11.100000 9.000000
v 0.000000 34.177017 10.431935
v 0.000000 31.007292 14.879463
v 0.000000 31.007292 15.120537
v 0.000000 31.064983 14.645395
v 0.000000 31.177015 14.431935
v 0.000000 38.336876 6.251489
v 0.000000 7.663123 6.751489
v 0.000000 7.822984 6.931935
v 0.000000 7.464723 6.614544
v 0.000000 38.535278 6.114544
v 0.000000 7.935016 7.145395
v 0.000000 7.992709 7.379463
v -0.000000 7.992709 7.620537
v -0.000000 7.935016 7.854605
v -0.000000 7.822984 8.068065
v -0.000000 7.663123 8.248510
v -0.000000 7.464723 8.385456
v 0.000000 7.239316 6.529058
v 0.000000 0.000000 1.000000
v 0.000000 7.000000 6.500000
v 0.000000 6.336877 6.751489
v 0.000000 6.177016 6.931935
v 0.000000 6.535277 6.614544
v 0.000000 6.760684 6.529058
v 0.000000 38.760685 6.029058
v -0.000000 7.239316 8.470942
v -0.000000 7.000000 8.500000
v -0.000000 6.760684 8.470942
v 0.000000 2.900000 9.000000
v -0.000000 6.535277 8.385456
v -0.000000 6.336877 8.248510
v -0.000000 6.177016 8.068065
v -0.000000 6.064984 7.854605
v -0.000000 6.007291 7.620537
v 0.000000 6.007291 7.379463
v 0.000000 6.064984 7.145395
v 0.000000 38.336876 23.748510
v 0.000000 11.100000 25.000000
v 0.000000 38.535278 23.885456
v 0.000000 31.177015 15.568065
v 0.000000 31.064983 15.354605
v 0.000000 34.177017 19.568066
v 0.000000 7.663123 25.751490
v 0.000000 7.822984 25.931934
v 0.000000 7.464723 25.614544
v 0.000000 7.935016 26.145395
v 0.000000 7.239316 25.529058
v 0.000000 7.992709 26.379463
v 0.000000 7.000000 25.500000
v -0.000000 7.992709 26.620537
v -0.000000 7.935016 26.854605
v -0.000000 7.822984 27.068066
v -0.000000 7.663123 27.248510
v -0.000000 7.464723 27.385456
v 0.000000 38.760685 23.970942
v -0.000000 7.239316 27.470942
v -0.000000 6.007291 26.620537
v 0.000000 2.900000 25.000000
v -0.000000 6.064984 26.854605
v 0.000000 6.007291 26.379463
v 0.000000 6.064984 26.145395
v 0.000000 6.177016 25.931934
v 0.000000 6.336877 25.751490
v 0.000000 6.535277 25.614544
v 0.000000 6.760684 25.529058
v 0.000000 0.000000 29.000000
v -0.000000 7.000000 27.500000
v -0.000000 6.760684 27.470942
v -0.000000 6.535277 27.385456
v -0.000000 6.336877 27.248510
v -0.000000 6.177016 27.068066
v 2.000000 0.000000 1.000000
v 2.000000 0.000000 6.000000
v 2.000000 0.000000 29.000000
v 2.000000 38.000000 29.000000
v 2.000000 50.385166 29.000000
v 2.000000 53.000000 29.000000
v 2.000000 65.000000 29.000000
v 2.000000 39.614834 29.000000
v 2.000000 42.342464 29.000000
v 2.000000 47.657536 29.000000
v 2.000000 8.000000 1.000000
v 2.000000 50.385166 1.000000
v 2.000000 53.000000 1.000000
v 2.000000 57.000000 1.000000
v 2.000000 65.000000 1.000000
v 2.000000 38.000000 1.000000
v 2.000000 39.614834 1.000000
v 2.000000 42.342464 1.000000
v 2.000000 47.657536 1.000000
v 2.000000 65.000000 6.000000
v 2.000000 55.000000 10.000000
v 2.000000 55.239315 10.029058
v 2.000000 55.464722 10.114544
v 2.000000 55.663124 10.251490
v 2.000000 55.822983 10.431935
v 2.000000 55.935017 10.645395
v 2.000000 55.992710 10.879463
v 2.000000 55.992710 11.120537
v 2.000000 55.935017 11.354605
v 2.000000 55.822983 11.568065
v 2.000000 55.663124 11.748510
v 2.000000 55.464722 11.885456
v 2.000000 55.239315 11.970942
v 2.000000 55.000000 12.000000
v 2.000000 54.760685 11.970942
v 2.000000 54.535278 11.885456
v 2.000000 54.336876 11.748510
v 2.000000 54.177017 11.568065
v 2.000000 54.064983 11.354605
v 2.000000 54.007290 11.120537
v 2.000000 54.007290 10.879463
v 2.000000 54.064983 10.645395
v 2.000000 54.177017 10.431935
v 2.000000 54.336876 10.251490
v 2.000000 54.535278 10.114544
v 2.000000 54.760685 10.029058
v 2.000000 51.000000 6.000000
v 2.000000 51.239315 6.029058
v 2.000000 51.464722 6.114544
v 2.000000 51.663124 6.251489
v 2.000000 51.822983 6.431935
v 2.000000 51.935017 6.645395
v 2.000000 51.992710 6.879463
v 2.000000 51.992710 7.120537
v 2.000000 51.935017 7.354605
v 2.000000 51.822983 7.568065
v 2.000000 51.663124 7.748511
v 2.000000 51.464722 7.885456
v 2.000000 51.239315 7.970942
v 2.000000 51.000000 8.000000
v 2.000000 50.760685 7.970942
v 2.000000 50.535278 7.885456
v 2.000000 50.336876 7.748511
v 2.000000 50.177017 7.568065
v 2.000000 50.064983 7.354605
v 2.000000 50.007290 7.120537
v 2.000000 50.007290 6.879463
v 2.000000 50.064983 6.645395
v 2.000000 50.177017 6.431935
v 2.000000 50.336876 6.251489
v 2.000000 50.535278 6.114544
v 2.000000 50.760685 6.029058
v 2.000000 47.000000 6.000000
v 2.000000 47.239315 6.029058
v 2.000000 47.464722 6.114544
v 2.000000 47.663124 6.251489
v 2.000000 47.822983 6.431935
v 2.000000 47.935017 6.645395
v 2.000000 47.992710 6.879463
v 2.000000 47.992710 7.120537
v 2.000000 47.935017 7.354605
v 2.000000 47.822983 7.568065
v 2.000000 47.663124 7.748511
v 2.000000 47.464722 7.885456
v 2.000000 47.239315 7.970942
v 2.000000 47.000000 8.000000
v 2.000000 46.760685 7.970942
v 2.000000 46.535278 7.885456
v 2.000000 46.336876 7.748511
v 2.000000 46.177017 7.568065
v 2.000000 46.064983 7.354605
v 2.000000 46.007290 7.120537
v 2.000000 46.007290 6.879463
v 2.000000 46.064983 6.645395
v 2.000000 46.177017 6.431935
v 2.000000 46.336876 6.251489
v 2.000000 46.535278 6.114544
v 2.000000 46.760685 6.029058
v 2.000000 51.000000 9.500000
v 2.000000 51.358974 9.543588
v 2.000000 51.697086 9.671816
v 2.000000 51.994682 9.877234
v 2.000000 52.234474 10.147902
v 2.000000 52.402523 10.468093
v 2.000000 52.489063 10.819195
v 2.000000 52.489063 11.180805
v 2.000000 52.402523 11.531907
v 2.000000 52.234474 11.852098
v 2.000000 51.994682 12.122766
v 2.000000 51.697086 12.328184
v 2.000000 51.358974 12.456412
v 2.000000 51.000000 12.500000
v 2.000000 50.641026 12.456412
v 2.000000 50.302914 12.328184
v 2.000000 50.005318 12.122766
v 2.000000 49.765526 11.852098
v 2.000000 49.597477 11.531907
v 2.000000 49.510937 11.180805
v 2.000000 49.510937 10.819195
v 2.000000 49.597477 10.468093
v 2.000000 49.765526 10.147902
v 2.000000 50.005318 9.877234
v 2.000000 50.302914 9.671816
v 2.000000 50.641026 9.543588
v 2.000000 47.000000 9.500000
v 2.000000 47.358974 9.543588
v 2.000000 47.697086 9.671816
v 2.000000 47.994682 9.877234
v 2.000000 48.234474 10.147902
v 2.000000 48.402523 10.468093
v 2.000000 48.489063 10.819195
v 2.000000 48.489063 11.180805
v 2.000000 48.402523 11.531907
v 2.000000 48.234474 11.852098
v 2.000000 47.994682 12.122766
v 2.000000 47.697086 12.328184
v 2.000000 47.358974 12.456412
v 2.000000 47.000000 12.500000
v 2.000000 46.641026 12.456412
v 2.000000 46.302914 12.328184
v 2.000000 46.005318 12.122766
v 2.000000 45.765526 11.852098
v 2.000000 45.597477 11.531907
v 2.000000 45.510937 11.180805
v 2.000000 45.510937 10.819195
v 2.000000 45.597477 10.468093
v 2.000000 45.765526 10.147902
v 2.000000 46.005318 9.877234
v 2.000000 46.302914 9.671816
v 2.000000 46.641026 9.543588
v 2.000000 58.000000 14.000000
v 2.000000 58.239315 14.029058
v 2.000000 58.464722 14.114544
v 2.000000 58.663124 14.251490
v 2.000000 58.822983 14.431935
v 2.000000 58.935017 14.645395
v 2.000000 58.992710 14.879463
v 2.000000 58.992710 15.120537
v 2.000000 58.935017 15.354605
v 2.000000 58.822983 15.568065
v 2.000000 58.663124 15.748510
v 2.000000 58.464722 15.885456
v 2.000000 58.239315 15.970942
v 2.000000 58.000000 16.000000
v 2.000000 57.760685 15.970942
v 2.000000 57.535278 15.885456
v 2.000000 57.336876 15.748510
v 2.000000 57.177017 15.568065
v 2.000000 57.064983 15.354605
v 2.000000 57.007290 15.120537
v 2.000000 57.007290 14.879463
v 2.000000 57.064983 14.645395
v 2.000000 57.177017 14.431935
v 2.000000 57.336876 14.251490
v 2.000000 57.535278 14.114544
v 2.000000 57.760685 14.029058
v 2.000000 55.000000 14.000000
v 2.000000 55.239315 14.029058
v 2.000000 55.464722 14.114544
v 2.000000 55.663124 14.251490
v 2.000000 55.822983 14.431935
v 2.000000 55.935017 14.645395
v 2.000000 55.992710 14.879463
v 2.000000 55.992710 15.120537
v 2.000000 55.935017 15.354605
v 2.000000 55.822983 15.568065
v 2.000000 55.663124 15.748510
v 2.000000 55.464722 15.885456
v 2.000000 55.239315 15.970942
v 2.000000 55.000000 16.000000
v 2.000000 54.760685 15.970942
v 2.000000 54.535278 15.885456
v 2.000000 54.336876 15.748510
v 2.000000 54.177017 15.568065
v 2.000000 54.064983 15.354605
v 2.000000 54.007290 15.120537
v 2.000000 54.007290 14.879463
v 2.000000 54.064983 14.645395
v 2.000000 54.177017 14.431935
v 2.000000 54.336876 14.251490
v 2.000000 54.535278 14.114544
v 2.000000 54.760685 14.029058
v 2.000000 51.000000 13.500000
v 2.000000 51.358974 13.543588
v 2.000000 51.697086 13.671816
v 2.000000 51.994682 13.877234
v 2.000000 52.234474 14.147902
v 2.000000 52.402523 14.468093
v 2.000000 52.489063 14.819195
v 2.000000 52.489063 15.180805
v 2.000000 52.402523 15.531907
v 2.000000 52.234474 15.852098
v 2.000000 51.994682 16.122766
v 2.000000 51.697086 16.328184
v 2.000000 51.358974 16.456413
v 2.000000 51.000000 16.500000
v 2.000000 50.641026 16.456413
v 2.000000 50.302914 16.328184
v 2.000000 50.005318 16.122766
v 2.000000 49.765526 15.852098
v 2.000000 49.597477 15.531907
v 2.000000 49.510937 15.180805
v 2.000000 49.510937 14.819195
v 2.000000 49.597477 14.468093
v 2.000000 49.765526 14.147902
v 2.000000 50.005318 13.877234
v 2.000000 50.302914 13.671816
v 2.000000 50.641026 13.543588
v 2.000000 47.000000 13.500000
v 2.000000 47.358974 13.543588
v 2.000000 47.697086 13.671816
v 2.000000 47.994682 13.877234
v 2.000000 48.234474 14.147902
v 2.000000 48.402523 14.468093
v 2.000000 48.489063 14.819195
v 2.000000 48.489063 15.180805
v 2.000000 48.402523 15.531907
v 2.000000 48.234474 15.852098
v 2.000000 47.994682 16.122766
v 2.000000 47.697086 16.328184
v 2.000000 47.358974 16.456413
v 2.000000 47.000000 16.500000
v 2.000000 46.641026 16.456413
v 2.000000 46.302914 16.328184
v 2.000000 46.005318 16.122766
v 2.000000 45.765526 15.852098
v 2.000000 45.597477 15.531907
v 2.000000 45.510937 15.180805
v 2.000000 45.510937 14.819195
v 2.000000 45.597477 14.468093
v 2.000000 45.765526 14.147902
v 2.000000 46.005318 13.877234
v 2.000000 46.302914 13.671816
v 2.000000 46.641026 13.543588
v 2.000000 43.000000 6.000000
v 2.000000 43.239315 6.029058
v 2.000000 43.464722 6.114544
v 2.000000 43.663124 6.251489
v 2.000000 43.822983 6.431935
v 2.000000 43.935017 6.645395
v 2.000000 43.992710 6.879463
v 2.000000 43.992710 7.120537
v 2.000000 43.935017 7.354605
v 2.000000 43.822983 7.568065
v 2.000000 43.663124 7.748511
v 2.000000 43.464722 7.885456
v 2.000000 43.239315 7.970942
v 2.000000 43.000000 8.000000
v 2.000000 42.760685 7.970942
v 2.000000 42.535278 7.885456
v 2.000000 42.336876 7.748511
v 2.000000 42.177017 7.568065
v 2.000000 42.064983 7.354605
v 2.000000 42.007290 7.120537
v 2.000000 42.007290 6.879463
v 2.000000 42.064983 6.645395
v 2.000000 42.177017 6.431935
v 2.000000 42.336876 6.251489
v 2.000000 42.535278 6.114544
v 2.000000 42.760685 6.029058
v 2.000000 39.000000 6.000000
v 2.000000 39.239315 6.029058
v 2.000000 39.464722 6.114544
v 2.000000 39.663124 6.251489
v 2.000000 39.822983 6.431935
v 2.000000 39.935017 6.645395
v 2.000000 39.992710 6.879463
v 2.000000 39.992710 7.120537
v 2.000000 39.935017 7.354605
v 2.000000 39.822983 7.568065
v 2.000000 39.663124 7.748511
v 2.000000 39.464722 7.885456
v 2.000000 39.239315 7.970942
v 2.000000 39.000000 8.000000
v 2.000000 38.760685 7.970942
v 2.000000 38.535278 7.885456
v 2.000000 38.336876 7.748511
v 2.000000 38.177017 7.568065
v 2.000000 38.064983 7.354605
v 2.000000 38.007290 7.120537
v 2.000000 38.007290 6.879463
v 2.000000 38.064983 6.645395
v 2.000000 38.177017 6.431935
v 2.000000 38.336876 6.251489
v 2.000000 38.535278 6.114544
v 2.000000 38.760685 6.029058
v 2.000000 43.000000 9.500000
v 2.000000 43.358974 9.543588
v 2.000000 43.697086 9.671816
v 2.000000 43.994682 9.877234
v 2.000000 44.234474 10.147902
v 2.000000 44.402523 10.468093
v 2.000000 44.489063 10.819195
v 2.000000 44.489063 11.180805
v 2.000000 44.402523 11.531907
v 2.000000 44.234474 11.852098
v 2.000000 43.994682 12.122766
v 2.000000 43.697086 12.328184
v 2.000000 43.358974 12.456412
v 2.000000 43.000000 12.500000
v 2.000000 42.641026 12.456412
v 2.000000 42.302914 12.328184
v 2.000000 42.005318 12.122766
v 2.000000 41.765526 11.852098
v 2.000000 41.597477 11.531907
v 2.000000 41.510937 11.180805
v 2.000000 41.510937 10.819195
v 2.000000 41.597477 10.468093
v 2.000000 41.765526 10.147902
v 2.000000 42.005318 9.877234
v 2.000000 42.302914 9.671816
v 2.000000 42.641026 9.543588
v 2.000000 39.000000 9.500000
v 2.000000 39.358974 9.543588
v 2.000000 39.697086 9.671816
v 2.000000 39.994682 9.877234
v 2.000000 40.234474 10.147902
v 2.000000 40.402523 10.468093
v 2.000000 40.489063 10.819195
v 2.000000 40.489063 11.180805
v 2.000000 40.402523 11.531907
v 2.000000 40.234474 11.852098
v 2.000000 39.994682 12.122766
v 2.000000 39.697086 12.328184
v 2.000000 39.358974 12.456412
v 2.000000 39.000000 12.500000
v 2.000000 38.641026 12.456412
v 2.000000 38.302914 12.328184
v 2.000000 38.005318 12.122766
v 2.000000 37.765526 11.852098
v 2.000000 37.597477 11.531907
v 2.000000 37.510937 11.180805
v 2.000000 37.510937 10.819195
v 2.000000 37.597477 10.468093
v 2.000000 37.765526 10.147902
v 2.000000 38.005318 9.877234
v 2.000000 38.302914 9.671816
v 2.000000 38.641026 9.543588
v 2.000000 35.000000 10.000000
v 2.000000 35.239315 10.029058
v 2.000000 35.464722 10.114544
v 2.000000 35.663124 10.251490
v 2.000000 35.822983 10.431935
v 2.000000 35.935017 10.645395
v 2.000000 35.992710 10.879463
v 2.000000 35.992710 11.120537
v 2.000000 35.935017 11.354605
v 2.000000 35.822983 11.568065
v 2.000000 35.663124 11.748510
v 2.000000 35.464722 11.885456
v 2.000000 35.239315 11.970942
v 2.000000 35.000000 12.000000
v 2.000000 34.760685 11.970942
v 2.000000 34.535278 11.885456
v 2.000000 34.336876 11.748510
v 2.000000 34.177017 11.568065
v 2.000000 34.064983 11.354605
v 2.000000 34.007290 11.120537
v 2.000000 34.007290 10.879463
v 2.000000 34.064983 10.645395
v 2.000000 34.177017 10.431935
v 2.000000 34.336876 10.251490
v 2.000000 34.535278 10.114544
v 2.000000 34.760685 10.029058
v 2.000000 43.000000 13.500000
v 2.000000 43.358974 13.543588
v 2.000000 43.697086 13.671816
v 2.000000 43.994682 13.877234
v 2.000000 44.234474 14.147902
v 2.000000 44.402523 14.468093
v 2.000000 44.489063 14.819195
v 2.000000 44.489063 15.180805
v 2.000000 44.402523 15.531907
v 2.000000 44.234474 15.852098
v 2.000000 43.994682 16.122766
v 2.000000 43.697086 16.328184
v 2.000000 43.358974 16.456413
v 2.000000 43.000000 16.500000
v 2.000000 42.641026 16.456413
v 2.000000 42.302914 16.328184
v 2.000000 42.005318 16.122766
v 2.000000 41.765526 15.852098
v 2.000000 41.597477 15.531907
v 2.000000 41.510937 15.180805
v 2.000000 41.510937 14.819195
v 2.000000 41.597477 14.468093
v 2.000000 41.765526 14.147902
v 2.000000 42.005318 13.877234
v 2.000000 42.302914 13.671816
v 2.000000 42.641026 13.543588
v 2.000000 39.000000 13.500000
v 2.000000 39.358974 13.543588
v 2.000000 39.697086 13.671816
v 2.000000 39.994682 13.877234
v 2.000000 40.234474 14.147902
v 2.000000 40.402523 14.468093
v 2.000000 40.489063 14.819195
v 2.000000 40.489063 15.180805
v 2.000000 40.402523 15.531907
v 2.000000 40.234474 15.852098
v 2.000000 39.994682 16.122766
v 2.000000 39.697086 16.328184
v 2.000000 39.358974 16.456413
v 2.000000 39.000000 16.500000
v 2.000000 38.641026 16.456413
v 2.000000 38.302914 16.328184
v 2.000000 38.005318 16.122766
v 2.000000 37.765526 15.852098
v 2.000000 37.597477 15.531907
v 2.000000 37.510937 15.180805
v 2.000000 37.510937 14.819195
v 2.000000 37.597477 14.468093
v 2.000000 37.765526 14.147902
v 2.000000 38.005318 13.877234
v 2.000000 38.302914 13.671816
v 2.000000 38.641026 13.543588
v 2.000000 35.000000 14.000000
v 2.000000 35.239315 14.029058
v 2.000000 35.464722 14.114544
v 2.000000 35.663124 14.251490
v 2.000000 35.822983 14.431935
v 2.000000 35.935017 14.645395
v 2.000000 35.992710 14.879463
v 2.000000 35.992710 15.120537
v 2.000000 35.935017 15.354605
v 2.000000 35.822983 15.568065
v 2.000000 35.663124 15.748510
v 2.000000 35.464722 15.885456
v 2.000000 35.239315 15.970942
v 2.000000 35.000000 16.000000
v 2.000000 34.760685 15.970942
v 2.000000 34.535278 15.885456
v 2.000000 34.336876 15.748510
v 2.000000 34.177017 15.568065
v 2.000000 34.064983 15.354605
v 2.000000 34.007290 15.120537
v 2.000000 34.007290 14.879463
v 2.000000 34.064983 14.645395
v 2.000000 34.177017 14.431935
v 2.000000 34.336876 14.251490
v 2.000000 34.535278 14.114544
v 2.000000 34.760685 14.029058
v 2.000000 32.000000 14.000000
v 2.000000 32.239315 14.029058
v 2.000000 32.464722 14.114544
v 2.000000 32.663124 14.251490
v 2.000000 32.822983 14.431935
v 2.000000 32.935017 14.645395
v 2.000000 32.992710 14.879463
v 2.000000 32.992710 15.120537
v 2.000000 32.935017 15.354605
v 2.000000 32.822983 15.568065
v 2.000000 32.663124 15.748510
v 2.000000 32.464722 15.885456
v 2.000000 32.239315 15.970942
v 2.000000 32.000000 16.000000
v 2.000000 31.760685 15.970942
v 2.000000 31.535276 15.885456
v 2.000000 31.336878 15.748510
v 2.000000 31.177015 15.568065
v 2.000000 31.064983 15.354605
v 2.000000 31.007292 15.120537
v 2.000000 31.007292 14.879463
v 2.000000 31.064983 14.645395
v 2.000000 31.177015 14.431935
v 2.000000 31.336878 14.251490
v 2.000000 31.535276 14.114544
v 2.000000 31.760685 14.029058
v 2.000000 55.000000 18.000000
v 2.000000 55.239315 18.029058
v 2.000000 55.464722 18.114544
v 2.000000 55.663124 18.251490
v 2.000000 55.822983 18.431934
v 2.000000 55.935017 18.645395
v 2.000000 55.992710 18.879463
v 2.000000 55.992710 19.120537
v 2.000000 55.935017 19.354605
v 2.000000 55.822983 19.568066
v 2.000000 55.663124 19.748510
v 2.000000 55.464722 19.885456
v 2.000000 55.239315 19.970942
v 2.000000 55.000000 20.000000
v 2.000000 54.760685 19.970942
v 2.000000 54.535278 19.885456
v 2.000000 54.336876 19.748510
v 2.000000 54.177017 19.568066
v 2.000000 54.064983 19.354605
v 2.000000 54.007290 19.120537
v 2.000000 54.007290 18.879463
v 2.000000 54.064983 18.645395
v 2.000000 54.177017 18.431934
v 2.000000 54.336876 18.251490
v 2.000000 54.535278 18.114544
v 2.000000 54.760685 18.029058
v 2.000000 51.000000 17.500000
v 2.000000 51.358974 17.543587
v 2.000000 51.697086 17.671816
v 2.000000 51.994682 17.877234
v 2.000000 52.234474 18.147903
v 2.000000 52.402523 18.468092
v 2.000000 52.489063 18.819195
v 2.000000 52.489063 19.180805
v 2.000000 52.402523 19.531908
v 2.000000 52.234474 19.852097
v 2.000000 51.994682 20.122766
v 2.000000 51.697086 20.328184
v 2.000000 51.358974 20.456413
v 2.000000 51.000000 20.500000
v 2.000000 50.641026 20.456413
v 2.000000 50.302914 20.328184
v 2.000000 50.005318 20.122766
v 2.000000 49.765526 19.852097
v 2.000000 49.597477 19.531908
v 2.000000 49.510937 19.180805
v 2.000000 49.510937 18.819195
v 2.000000 49.597477 18.468092
v 2.000000 49.765526 18.147903
v 2.000000 50.005318 17.877234
v 2.000000 50.302914 17.671816
v 2.000000 50.641026 17.543587
v 2.000000 47.000000 17.500000
v 2.000000 47.358974 17.543587
v 2.000000 47.697086 17.671816
v 2.000000 47.994682 17.877234
v 2.000000 48.234474 18.147903
v 2.000000 48.402523 18.468092
v 2.000000 48.489063 18.819195
v 2.000000 48.489063 19.180805
v 2.000000 48.402523 19.531908
v 2.000000 48.234474 19.852097
v 2.000000 47.994682 20.122766
v 2.000000 47.697086 20.328184
v 2.000000 47.358974 20.456413
v 2.000000 47.000000 20.500000
v 2.000000 46.641026 20.456413
v 2.000000 46.302914 20.328184
v 2.000000 46.005318 20.122766
v 2.000000 45.765526 19.852097
v 2.000000 45.597477 19.531908
v 2.000000 45.510937 19.180805
v 2.000000 45.510937 18.819195
v 2.000000 45.597477 18.468092
v 2.000000 45.765526 18.147903
v 2.000000 46.005318 17.877234
v 2.000000 46.302914 17.671816
v 2.000000 46.641026 17.543587
v 2.000000 51.000000 22.000000
v 2.000000 51.239315 22.029058
v 2.000000 51.464722 22.114544
v 2.000000 51.663124 22.251490
v 2.000000 51.822983 22.431934
v 2.000000 51.935017 22.645395
v 2.000000 51.992710 22.879463
v 2.000000 51.992710 23.120537
v 2.000000 51.935017 23.354605
v 2.000000 51.822983 23.568066
v 2.000000 51.663124 23.748510
v 2.000000 51.464722 23.885456
v 2.000000 51.239315 23.970942
v 2.000000 51.000000 24.000000
v 2.000000 50.760685 23.970942
v 2.000000 50.535278 23.885456
v 2.000000 50.336876 23.748510
v 2.000000 50.177017 23.568066
v 2.000000 50.064983 23.354605
v 2.000000 50.007290 23.120537
v 2.000000 50.007290 22.879463
v 2.000000 50.064983 22.645395
v 2.000000 50.177017 22.431934
v 2.000000 50.336876 22.251490
v 2.000000 50.535278 22.114544
v 2.000000 50.760685 22.029058
v 2.000000 47.000000 22.000000
v 2.000000 47.239315 22.029058
v 2.000000 47.464722 22.114544
v 2.000000 47.663124 22.251490
v 2.000000 47.822983 22.431934
v 2.000000 47.935017 22.645395
v 2.000000 47.992710 22.879463
v 2.000000 47.992710 23.120537
v 2.000000 47.935017 23.354605
v 2.000000 47.822983 23.568066
v 2.000000 47.663124 23.748510
v 2.000000 47.464722 23.885456
v 2.000000 47.239315 23.970942
v 2.000000 47.000000 24.000000
v 2.000000 46.760685 23.970942
v 2.000000 46.535278 23.885456
v 2.000000 46.336876 23.748510
v 2.000000 46.177017 23.568066
v 2.000000 46.064983 23.354605
v 2.000000 46.007290 23.120537
v 2.000000 46.007290 22.879463
v 2.000000 46.064983 22.645395
v 2.000000 46.177017 22.431934
v 2.000000 46.336876 22.251490
v 2.000000 46.535278 22.114544
v 2.000000 46.760685 22.029058
v 2.000000 43.000000 17.500000
v 2.000000 43.358974 17.543587
v 2.000000 43.697086 17.671816
v 2.000000 43.994682 17.877234
v 2.000000 44.234474 18.147903
v 2.000000 44.402523 18.468092
v 2.000000 44.489063 18.819195
v 2.000000 44.489063 19.180805
v 2.000000 44.402523 19.531908
v 2.000000 44.234474 19.852097
v 2.000000 43.994682 20.122766
v 2.000000 43.697086 20.328184
v 2.000000 43.358974 20.456413
v 2.000000 43.000000 20.500000
v 2.000000 42.641026 20.456413
v 2.000000 42.302914 20.328184
v 2.000000 42.005318 20.122766
v 2.000000 41.765526 19.852097
v 2.000000 41.597477 19.531908
v 2.000000 41.510937 19.180805
v 2.000000 41.510937 18.819195
v 2.000000 41.597477 18.468092
v 2.000000 41.765526 18.147903
v 2.000000 42.005318 17.877234
v 2.000000 42.302914 17.671816
v 2.000000 42.641026 17.543587
v 2.000000 39.000000 17.500000
v 2.000000 39.358974 17.543587
v 2.000000 39.697086 17.671816
v 2.000000 39.994682 17.877234
v 2.000000 40.234474 18.147903
v 2.000000 40.402523 18.468092
v 2.000000 40.489063 18.819195
v 2.000000 40.489063 19.180805
v 2.000000 40.402523 19.531908
v 2.000000 40.234474 19.852097
v 2.000000 39.994682 20.122766
v 2.000000 39.697086 20.328184
v 2.000000 39.358974 20.456413
v 2.000000 39.000000 20.500000
v 2.000000 38.641026 20.456413
v 2.000000 38.302914 20.328184
v 2.000000 38.005318 20.122766
v 2.000000 37.765526 19.852097
v 2.000000 37.597477 19.531908
v 2.000000 37.510937 19.180805
v 2.000000 37.510937 18.819195
v 2.000000 37.597477 18.468092
v 2.000000 37.765526 18.147903
v 2.000000 38.005318 17.877234
v 2.000000 38.302914 17.671816
v 2.000000 38.641026 17.543587
v 2.000000 35.000000 18.000000
v 2.000000 35.239315 18.029058
v 2.000000 35.464722 18.114544
v 2.000000 35.663124 18.251490
v 2.000000 35.822983 18.431934
v 2.000000 35.935017 18.645395
v 2.000000 35.992710 18.879463
v 2.000000 35.992710 19.120537
v 2.000000 35.935017 19.354605
v 2.000000 35.822983 19.568066
v 2.000000 35.663124 19.748510
v 2.000000 35.464722 19.885456
v 2.000000 35.239315 19.970942
v 2.000000 35.000000 20.000000
v 2.000000 34.760685 19.970942
v 2.000000 34.535278 19.885456
v 2.000000 34.336876 19.748510
v 2.000000 34.177017 19.568066
v 2.000000 34.064983 19.354605
v 2.000000 34.007290 19.120537
v 2.000000 34.007290 18.879463
v 2.000000 34.064983 18.645395
v 2.000000 34.177017 18.431934
v 2.000000 34.336876 18.251490
v 2.000000 34.535278 18.114544
v 2.000000 34.760685 18.029058
v 2.000000 43.000000 22.000000
v 2.000000 43.239315 22.029058
v 2.000000 43.464722 22.114544
v 2.000000 43.663124 22.251490
v 2.000000 43.822983 22.431934
v 2.000000 43.935017 22.645395
v 2.000000 43.992710 22.879463
v 2.000000 43.992710 23.120537
v 2.000000 43.935017 23.354605
v 2.000000 43.822983 23.568066
v 2.000000 43.663124 23.748510
v 2.000000 43.464722 23.885456
v 2.000000 43.239315 23.970942
v 2.000000 43.000000 24.000000
v 2.000000 42.760685 23.970942
v 2.000000 42.535278 23.885456
v 2.000000 42.336876 23.748510
v 2.000000 42.177017 23.568066
v 2.000000 42.064983 23.354605
v 2.000000 42.007290 23.120537
v 2.000000 42.007290 22.879463
v 2.000000 42.064983 22.645395
v 2.000000 42.177017 22.431934
v 2.000000 42.336876 22.251490
v 2.000000 42.535278 22.114544
v 2.000000 42.760685 22.029058
v 2.000000 39.000000 22.000000
v 2.000000 39.239315 22.029058
v 2.000000 39.464722 22.114544
v 2.000000 39.663124 22.251490
v 2.000000 39.822983 22.431934
v 2.000000 39.935017 22.645395
v 2.000000 39.992710 22.879463
v 2.000000 39.992710 23.120537
v 2.000000 39.935017 23.354605
v 2.000000 39.822983 23.568066
v 2.000000 39.663124 23.748510
v 2.000000 39.464722 23.885456
v 2.000000 39.239315 23.970942
v 2.000000 39.000000 24.000000
v 2.000000 38.760685 23.970942
v 2.000000 38.535278 23.885456
v 2.000000 38.336876 23.748510
v 2.000000 38.177017 23.568066
v 2.000000 38.064983 23.354605
v 2.000000 38.007290 23.120537
v 2.000000 38.007290 22.879463
v 2.000000 38.064983 22.645395
v 2.000000 38.177017 22.431934
v 2.000000 38.336876 22.251490
v 2.000000 38.535278 22.114544
v 2.000000 38.760685 22.029058
v 2.000000 7.000000 6.500000
v 2.000000 7.239316 6.529058
v 2.000000 7.464723 6.614544
v 2.000000 7.663123 6.751489
v 2.000000 7.822984 6.931935
v 2.000000 7.935016 7.145395
v 2.000000 7.992709 7.379463
v 2.000000 7.992709 7.620537
v 2.000000 7.935016 7.854605
v 2.000000 7.822984 8.068065
v 2.000000 7.663123 8.248510
v 2.000000 7.464723 8.385456
v 2.000000 7.239316 8.470942
v 2.000000 7.000000 8.500000
v 2.000000 6.760684 8.470942
v 2.000000 6.535277 8.385456
v 2.000000 6.336877 8.248510
v 2.000000 6.177016 8.068065
v 2.000000 6.064984 7.854605
v 2.000000 6.007291 7.620537
v 2.000000 6.007291 7.379463
v 2.000000 6.064984 7.145395
v 2.000000 6.177016 6.931935
v 2.000000 6.336877 6.751489
v 2.000000 6.535277 6.614544
v 2.000000 6.760684 6.529058
v 2.000000 2.900000 9.000000
v 2.000000 11.100000 9.000000
v 2.000000 2.900000 25.000000
v 2.000000 11.100000 25.000000
v 2.000000 7.000000 25.500000
v 2.000000 7.239316 25.529058
v 2.000000 7.464723 25.614544
v 2.000000 7.663123 25.751490
v 2.000000 7.822984 25.931934
v 2.000000 7.935016 26.145395
v 2.000000 7.992709 26.379463
v 2.000000 7.992709 26.620537
v 2.000000 7.935016 26.854605
v 2.000000 7.822984 27.068066
v 2.000000 7.663123 27.248510
v 2.000000 7.464723 27.385456
v 2.000000 7.239316 27.470942
v 2.000000 7.000000 27.500000
v 2.000000 6.760684 27.470942
v 2.000000 6.535277 27.385456
v 2.000000 6.336877 27.248510
v 2.000000 6.177016 27.068066
v 2.000000 6.064984 26.854605
v 2.000000 6.007291 26.620537
v 2.000000 6.007291 26.379463
v 2.000000 6.064984 26.145395
v 2.000000 6.177016 25.931934
v 2.000000 6.336877 25.751490
v 2.000000 6.535277 25.614544
v 2.000000 6.760684 25.529058
v 6.000000 0.000000 1.000000
v 6.000000 0.000000 6.000000
v 2.000000 37.796246 1.843028
v 2.000000 36.106297 2.921008
v 2.000000 37.796246 28.156973
v 2.000000 36.106297 27.078993
v 2.000000 33.230206 5.700972
v 2.000000 32.095421 7.353312
v 2.000000 34.575169 4.214689
v 2.000000 30.000000 15.000000
v 2.000000 30.133932 17.000006
v 2.000000 30.133932 12.999993
v 2.000000 30.533337 11.035702
v 2.000000 31.191082 9.142203
v 2.000000 8.000000 6.000000
v 2.000000 34.575169 25.785311
v 2.000000 33.230206 24.299028
v 2.000000 32.095421 22.646688
v 2.000000 31.191082 20.857796
v 2.000000 30.533337 18.964298
v 5.000000 42.342464 29.000000
v 5.000000 39.614834 29.000000
v 2.000000 53.076160 3.259551
v 2.000000 54.617794 4.485223
v 2.000000 57.123966 7.511879
v 2.000000 58.040630 9.255049
v 2.000000 51.380253 2.258145
v 2.000000 55.975708 5.911749
v 2.000000 58.708191 11.107958
v 2.000000 49.562469 1.500135
v 2.000000 59.113899 13.035213
v 2.000000 59.250000 15.000000
v 2.000000 59.113899 16.964787
v 2.000000 58.708191 18.892042
v 2.000000 58.040630 20.744951
v 2.000000 40.437531 1.500135
v 2.000000 57.123966 22.488121
v 2.000000 38.619747 2.258145
v 2.000000 36.923840 3.259551
v 2.000000 55.975708 24.088251
v 2.000000 35.382206 4.485223
v 2.000000 54.617794 25.514776
v 2.000000 34.024292 5.911749
v 2.000000 53.076160 26.740450
v 2.000000 32.876034 7.511879
v 2.000000 51.380253 27.741856
v 2.000000 31.959370 9.255049
v 2.000000 49.562469 28.499865
v 2.000000 31.291809 11.107958
v 2.000000 30.886103 13.035213
v 2.000000 30.750000 15.000000
v 2.000000 30.886103 16.964787
v 2.000000 31.291809 18.892042
v 2.000000 40.437531 28.499865
v 2.000000 31.959370 20.744951
v 2.000000 38.619747 27.741856
v 2.000000 32.876034 22.488121
v 2.000000 36.923840 26.740450
v 2.000000 34.024292 24.088251
v 2.000000 35.382206 25.514776
v 5.000000 50.385166 29.000000
v 5.000000 47.657536 29.000000
v 2.000000 58.079681 7.656847
v 2.000000 57.000000 6.000000
v 2.000000 58.932022 9.441331
v 2.000000 59.542198 11.322433
v 2.000000 59.899609 13.267456
v 2.000000 59.998039 15.242595
v 2.000000 59.835781 17.213516
v 2.000000 59.415649 19.145964
v 2.000000 58.744957 21.006348
v 2.000000 57.835350 22.762331
v 2.000000 56.702648 24.383392
v 2.000000 55.366531 25.841356
v 2.000000 53.850231 27.110880
v 2.000000 52.180099 28.169897
v 5.010632 1.754468 1.000000
v 4.531048 2.295806 1.000000
v 5.605831 1.343632 1.000000
v 4.194951 2.936185 1.000000
v 6.282053 1.087175 1.000000
v 4.021873 3.638390 1.000000
v 7.000000 1.000000 1.000000
v 4.021873 4.361610 1.000000
v 4.194951 5.063815 1.000000
v 4.531048 5.704194 1.000000
v 5.010632 6.245532 1.000000
v 6.282053 6.912826 1.000000
v 6.000000 8.000000 1.000000
v 7.000000 7.000000 1.000000
v 5.605831 6.656368 1.000000
v 5.010632 58.754467 1.000000
v 6.000000 57.000000 1.000000
v 4.531048 59.295807 1.000000
v 5.605831 58.343632 1.000000
v 4.194951 59.936184 1.000000
v 6.282053 58.087173 1.000000
v 4.021873 60.638390 1.000000
v 7.000000 58.000000 1.000000
v 4.021873 61.361610 1.000000
v 4.194951 62.063816 1.000000
v 4.531048 62.704193 1.000000
v 5.010632 63.245533 1.000000
v 6.282053 63.912827 1.000000
v 6.000000 65.000000 1.000000
v 7.000000 64.000000 1.000000
v 5.605831 63.656368 1.000000
v 5.000000 42.342464 1.000000
v 5.000000 39.614834 1.000000
v 5.000000 50.385166 1.000000
v 5.000000 47.657536 1.000000
v 2.000000 54.700619 3.558934
v 2.000000 55.918743 4.715007
v 2.000000 53.360901 2.546272
v 2.000000 51.916382 1.689715
v 6.000000 65.000000 6.000000
v 7.000000 1.000000 6.000000
v 5.010632 1.754468 6.000000
v 4.531048 2.295806 6.000000
v 5.605831 1.343632 6.000000
v 4.194951 2.936185 6.000000
v 6.282053 1.087175 6.000000
v 4.021873 3.638390 6.000000
v 4.021873 4.361610 6.000000
v 4.194951 5.063815 6.000000
v 4.531048 5.704194 6.000000
v 5.010632 6.245532 6.000000
v 6.000000 8.000000 6.000000
v 6.282053 6.912826 6.000000
v 7.000000 7.000000 6.000000
v 5.605831 6.656368 6.000000
v 5.000000 37.796246 28.156973
v 5.000000 36.106297 27.078993
v 5.000000 34.575169 25.785311
v 5.000000 33.230206 24.299028
v 5.000000 32.095421 22.646688
v 5.000000 31.191082 20.857796
v 5.000000 30.533337 18.964298
v 5.000000 30.133932 17.000006
v 5.000000 30.000000 15.000000
v 5.000000 30.133932 12.999993
v 5.000000 30.533337 11.035702
v 5.000000 31.191082 9.142203
v 5.000000 32.095421 7.353312
v 5.000000 33.230206 5.700972
v 5.000000 34.575169 4.214689
v 5.000000 36.106297 2.921008
v 5.000000 37.796246 1.843028
v 5.000000 40.437531 28.499865
v 5.000000 38.619747 27.741856
v 5.000000 36.923840 26.740450
v 5.000000 35.382206 25.514776
v 5.000000 34.024292 24.088251
v 5.000000 32.876034 22.488121
v 5.000000 31.959370 20.744951
v 5.000000 31.291809 18.892042
v 5.000000 30.886103 16.964787
v 5.000000 30.750000 15.000000
v 5.000000 30.886103 13.035213
v 5.000000 31.291809 11.107958
v 5.000000 31.959370 9.255049
v 5.000000 32.876034 7.511879
v 5.000000 34.024292 5.911749
v 5.000000 35.382206 4.485223
v 5.000000 36.923840 3.259551
v 5.000000 38.619747 2.258145
v 5.000000 40.437531 1.500135
v 5.000000 49.562469 1.500135
v 5.000000 51.380253 2.258145
v 5.000000 53.076160 3.259551
v 5.000000 54.617794 4.485223
v 5.000000 55.975708 5.911749
v 5.000000 57.123966 7.511879
v 5.000000 58.040630 9.255049
v 5.000000 58.708191 11.107958
v 5.000000 59.113899 13.035213
v 5.000000 59.250000 15.000000
v 5.000000 59.113899 16.964787
v 5.000000 58.708191 18.892042
v 5.000000 58.040630 20.744951
v 5.000000 57.123966 22.488121
v 5.000000 55.975708 24.088251
v 5.000000 54.617794 25.514776
v 5.000000 53.076160 26.740450
v 5.000000 51.380253 27.741856
v 5.000000 49.562469 28.499865
v 5.000000 58.079681 7.656847
v 5.000000 57.000000 6.000000
v 5.000000 58.932022 9.441331
v 5.000000 59.542198 11.322433
v 5.000000 59.899609 13.267456
v 5.000000 59.998039 15.242595
v 5.000000 59.835781 17.213516
v 5.000000 59.415649 19.145964
v 5.000000 58.744957 21.006348
v 5.000000 57.835350 22.762331
v 5.000000 56.702648 24.383392
v 5.000000 55.366531 25.841356
v 5.000000 53.850231 27.110880
v 5.000000 52.180099 28.169897
v 5.000000 51.916382 1.689715
v 5.000000 53.360901 2.546272
v 5.000000 54.700619 3.558934
v 5.000000 55.918743 4.715007
v 5.010632 58.754467 6.000000
v 4.531048 59.295807 6.000000
v 5.605831 58.343632 6.000000
v 6.000000 57.000000 6.000000
v 4.194951 59.936184 6.000000
v 6.282053 58.087173 6.000000
v 4.021873 60.638390 6.000000
v 7.000000 58.000000 6.000000
v 4.021873 61.361610 6.000000
v 4.194951 62.063816 6.000000
v 4.531048 62.704193 6.000000
v 5.010632 63.245533 6.000000
v 6.282053 63.912827 6.000000
v 7.000000 64.000000 6.000000
v 5.605831 63.656368 6.000000
v 5.765524 3.147903 1.000000
v 6.005316 2.877234 1.000000
v 6.302915 2.671816 1.000000
v 5.597476 3.468093 1.000000
v 6.641026 2.543587 1.000000
v 5.510937 3.819195 1.000000
v 7.000000 2.500000 1.000000
v 5.510937 4.180805 1.000000
v 5.597476 4.531908 1.000000
v 5.765524 4.852097 1.000000
v 6.005316 5.122766 1.000000
v 6.302915 5.328184 1.000000
v 6.641026 5.456413 1.000000
v 7.000000 5.500000 1.000000
v 6.005316 59.877235 1.000000
v 5.765524 60.147903 1.000000
v 6.302915 59.671818 1.000000
v 5.597476 60.468094 1.000000
v 6.641026 59.543587 1.000000
v 5.510937 60.819195 1.000000
v 7.000000 59.500000 1.000000
v 5.510937 61.180805 1.000000
v 5.597476 61.531906 1.000000
v 5.765524 61.852097 1.000000
v 6.005316 62.122765 1.000000
v 6.302915 62.328182 1.000000
v 6.641026 62.456413 1.000000
v 7.000000 62.500000 1.000000
v 7.667563 1.075216 1.000000
v 7.667563 1.075216 6.000000
v 8.301651 1.297093 6.000000
v 8.301651 1.297093 1.000000
v 8.870469 1.654506 6.000000
v 8.870469 1.654506 1.000000
v 9.345494 2.129531 1.000000
v 9.345494 2.129531 6.000000
v 9.702907 2.698349 1.000000
v 9.702907 2.698349 6.000000
v 9.924784 3.332437 1.000000
v 9.924784 3.332437 6.000000
v 10.000000 4.000000 1.000000
v 10.000000 4.000000 6.000000
v 5.765524 3.147903 6.000000
v 6.005316 2.877234 6.000000
v 6.302915 2.671816 6.000000
v 5.597476 3.468093 6.000000
v 6.641026 2.543587 6.000000
v 5.510937 3.819195 6.000000
v 7.000000 2.500000 6.000000
v 5.510937 4.180805 6.000000
v 5.597476 4.531908 6.000000
v 5.765524 4.852097 6.000000
v 6.005316 5.122766 6.000000
v 6.302915 5.328184 6.000000
v 6.641026 5.456413 6.000000
v 7.000000 5.500000 6.000000
v 6.005316 59.877235 6.000000
v 5.765524 60.147903 6.000000
v 6.302915 59.671818 6.000000
v 5.597476 60.468094 6.000000
v 6.641026 59.543587 6.000000
v 5.510937 60.819195 6.000000
v 7.000000 59.500000 6.000000
v 5.510937 61.180805 6.000000
v 5.597476 61.531906 6.000000
v 5.765524 61.852097 6.000000
v 6.005316 62.122765 6.000000
v 6.302915 62.328182 6.000000
v 6.641026 62.456413 6.000000
v 7.000000 62.500000 6.000000
v 9.924784 4.667563 1.000000
v 9.924784 4.667563 6.000000
v 9.702907 5.301651 1.000000
v 9.702907 5.301651 6.000000
v 9.345494 5.870470 1.000000
v 9.345494 5.870470 6.000000
v 8.870469 6.345494 6.000000
v 8.870469 6.345494 1.000000
v 8.301651 6.702907 1.000000
v 8.301651 6.702907 6.000000
v 7.667563 6.924784 1.000000
v 7.667563 6.924784 6.000000
v 7.333781 2.537608 1.000000
v 7.650826 2.648547 1.000000
v 7.935235 2.827253 1.000000
v 8.172748 3.064765 1.000000
v 8.351453 3.349174 1.000000
v 8.462392 3.666219 1.000000
v 7.333781 5.462392 1.000000
v 8.500000 4.000000 1.000000
v 8.462392 4.333781 1.000000
v 8.351453 4.650826 1.000000
v 7.650826 5.351453 1.000000
v 7.935235 5.172747 1.000000
v 8.172748 4.935235 1.000000
v 8.500000 4.000000 6.000000
v 8.462392 4.333781 6.000000
v 8.351453 4.650826 6.000000
v 8.172748 4.935235 6.000000
v 7.935235 5.172747 6.000000
v 7.650826 5.351453 6.000000
v 7.333781 5.462392 6.000000
v 7.333781 2.537608 6.000000
v 7.650826 2.648547 6.000000
v 7.935235 2.827253 6.000000
v 8.172748 3.064765 6.000000
v 8.351453 3.349174 6.000000
v 8.462392 3.666219 6.000000
v 10.000000 61.000000 1.000000
v 9.924784 61.667564 1.000000
v 10.000000 61.000000 6.000000
v 9.924784 61.667564 6.000000
v 9.702907 62.301651 1.000000
v 9.702907 62.301651 6.000000
v 9.345494 62.870468 1.000000
v 9.345494 62.870468 6.000000
v 8.870469 63.345493 6.000000
v 8.870469 63.345493 1.000000
v 8.301651 63.702908 1.000000
v 8.301651 63.702908 6.000000
v 7.667563 63.924786 1.000000
v 7.667563 63.924786 6.000000
v 7.333781 59.537609 1.000000
v 7.667563 58.075214 1.000000
v 7.650826 59.648548 1.000000
v 8.301651 58.297092 1.000000
v 7.935235 59.827251 1.000000
v 8.870469 58.654507 1.000000
v 8.172748 60.064766 1.000000
v 9.345494 59.129532 1.000000
v 8.351453 60.349174 1.000000
v 8.462392 60.666218 1.000000
v 9.702907 59.698349 1.000000
v 9.924784 60.332436 1.000000
v 7.333781 62.462391 1.000000
v 8.462392 61.333782 1.000000
v 8.500000 61.000000 1.000000
v 8.351453 61.650826 1.000000
v 7.650826 62.351452 1.000000
v 7.935235 62.172749 1.000000
v 8.172748 61.935234 1.000000
v 8.500000 61.000000 6.000000
v 8.462392 61.333782 6.000000
v 8.351453 61.650826 6.000000
v 8.172748 61.935234 6.000000
v 7.935235 62.172749 6.000000
v 7.650826 62.351452 6.000000
v 7.333781 62.462391 6.000000
v 7.333781 59.537609 6.000000
v 7.650826 59.648548 6.000000
v 7.935235 59.827251 6.000000
v 8.172748 60.064766 6.000000
v 8.351453 60.349174 6.000000
v 8.462392 60.666218 6.000000
v 7.667563 58.075214 6.000000
v 8.301651 58.297092 6.000000
v 8.870469 58.654507 6.000000
v 9.345494 59.129532 6.000000
v 9.702907 59.698349 6.000000
v 9.924784 60.332436 6.000000
vn -1.000000 0.000000 0.000000
vn -1.000000 0.000000 0.000000
vn -1.000000 0.000000 0.000000
vn -1.000000 0.000000 0.000000
vn -1.000000 0.000000 0.000000
vn -1.000000 0.000000 0.000000
vn -1.000000 0.000000 0.000000
vn -1.000000 0.000000 0.000000
vn -1.000000 0.000000 0.000000
vn -1.000000 0.000000 0.000000
vn -1.000000 0.000000 0.000000
vn -1.000000 0.000000 0.000000
vn -1.000000 0.000000 0.000000
vn -1.000000 0.000000 0.000000
vn -1.000000 0.000000 0.000000
vn -1.000000 0.000000 0.000000
vn -1.000000 0.000000 0.000000
vn -1.000000 0.000000 0.000000
vn -1.000000 0.000000 -0.000000
vn -1.000000 0.000000 0.000000
vn -1.000000 0.000000 0.000000
vn -1.000000 0.000000 0.000000
vn -1.000000 0.000000 0.000000
vn -1.000000 0.000000 0.000000
vn -1.000000 0.000000 0.000000
vn -1.000000 0.000000 0.000000
vn -1.000000 0.000000 0.000000
vn -1.000000 0.000000 0.000000
vn -1.000000 0.000000 0.000000
vn -1.000000 0.000000 0.000000
vn -1.000000 0.000000 0.000000
vn -1.000000 0.000000 0.000000
vn -1.000000 0.000000 0.000000
vn -1.000000 -0.000000 0.000000
vn -1.000000 0.000000 0.000000
vn -1.000000 0.000000 0.000000
vn -1.000000 -0.000000 0.000000
vn -1.000000 0.000000 0.000000
vn -1.000000 0.000000 0.000000
vn -1.000000 0.000000 0.000000
vn -1.000000 0.000000 0.000000
vn -1.000000 0.000000 0.000000
vn -1.000000 0.000000 0.000000
vn -1.000000 0.000000 0.000000
vn -1.000000 -0.000000 0.000000
vn -1.000000 0.000000 0.000000
vn -1.000000 0.000000 0.000000
vn -1.000000 0.000000 0.000000
vn -1.000000 0.000000 0.000000
vn -1.000000 0.000000 0.000000
vn -1.000000 0.000000 0.000000
vn -1.000000 0.000000 0.000000
vn -1.000000 0.000000 0.000000
vn -1.000000 0.000000 0.000000
vn -1.000000 0.000000 0.000000
vn -1.000000 0.000000 0.000000
vn -1.000000 0.000000 0.000000
vn -1.000000 0.000000 0.000000
vn -1.000000 0.000000 0.000000
vn -1.000000 0.000000 0.000000
vn -1.000000 0.000000 0.000000
vn -1.000000 0.000000 0.000000
vn -1.000000 0.000000 0.000000
vn -1.000000 0.000000 0.000000
vn -1.000000 0.000000 0.000000
vn -1.000000 0.000000 0.000000
vn -1.000000 0.000000 0.000000
vn -1.000000 0.000000 0.000000
vn -1.000000 0.000000 0.000000
vn -1.000000 -0.000000 0.000000
vn -1.000000 0.000000 0.000000
vn -1.000000 0.000000 0.000000
vn -1.000000 0.000000 0.000000
vn -1.000000 0.000000 0.000000
vn -1.000000 0.000000 0.000000
vn -1.000000 0.000000 0.000000
vn -1.000000 0.000000 0.000000
vn -1.000000 0.000000 0.000000
vn -1.000000 0.000000 0.000000
vn -1.000000 0.000000 0.000000
vn -1.000000 0.000000 0.000000
vn -1.000000 0.000000 0.000000
vn -1.000000 0.000000 0.000000
vn -1.000000 0.000000 0.000000
vn -1.000000 0.000000 0.000000
vn -1.000000 0.000000 0.000000
vn -1.000000 0.000000 0.000000
vn -1.000000 0.000000 0.000000
vn -1.000000 0.000000 0.000000
vn -1.000000 0.000000 0.000000
vn -1.000000 0.000000 0.000000
vn -1.000000 0.000000 0.000000
vn -1.000000 0.000000 0.000000
vn -1.000000 0.000000 0.000000
vn -1.000000 0.000000 0.000000
vn -1.000000 0.000000 0.000000
vn -1.000000 0.000000 0.000000
vn -1.000000 0.000000 0.000000
vn -1.000000 0.000000 0.000000
vn -1.000000 0.000000 0.000000
vn -1.000000 0.000000 0.000000
vn -1.000000 0.000000 0.000000
vn -1.000000 0.000000 0.000000
vn -1.000000 0.000000 0.000000
vn -1.000000 0.000000 0.000000
vn -1.000000 0.000000 0.000000
vn -1.000000 0.000000 0.000000
vn -1.000000 0.000000 0.000000
vn -1.000000 0.000000 0.000000
vn -1.000000 0.000000 0.000000
vn -1.000000 0.000000 0.000000
vn -1.000000 0.000000 0.000000
vn -1.000000 0.000000 0.000000
vn -1.000000 0.000000 0.000000
vn -1.000000 -0.000000 0.000000
vn -1.000000 0.000000 0.000000
vn -1.000000 0.000000 0.000000
vn -1.000000 0.000000 0.000000
vn -1.000000 0.000000 0.000000
vn -1.000000 0.000000 0.000000
vn -1.000000 0.000000 0.000000
vn -1.000000 0.000000 0.000000
vn -1.000000 0.000000 0.000000
vn -1.000000 0.000000 0.000000
vn -1.000000 0.000000 0.000000
vn -1.000000 0.000000 0.000000
vn -1.000000 0.000000 0.000000
vn -1.000000 0.000000 0.000000
vn -1.000000 0.000000 0.000000
vn -1.000000 0.000000 0.000000
vn -1.000000 0.000000 0.000000
vn -1.000000 0.000000 0.000000
vn -1.000000 0.000000 0.000000
vn -1.000000 0.000000 0.000000
vn -1.000000 0.000000 0.000000
vn -1.000000 0.000000 0.000000
vn -1.000000 0.000000 0.000000
vn -1.000000 0.000000 0.000000
vn -1.000000 0.000000 0.000000
vn -1.000000 0.000000 0.000000
vn -1.000000 0.000000 0.000000
vn -1.000000 0.000000 0.000000
vn -1.000000 0.000000 0.000000
vn -1.000000 0.000000 0.000000
vn -1.000000 0.000000 0.000000
vn -1.000000 0.000000 0.000000
vn -1.000000 0.000000 0.000000
vn -1.000000 0.000000 0.000000
vn -1.000000 0.000000 0.000000
vn -1.000000 0.000000 0.000000
vn -1.000000 0.000000 0.000000
vn -1.000000 0.000000 0.000000
vn -1.000000 0.000000 0.000000
vn -1.000000 0.000000 0.000000
vn -1.000000 0.000000 0.000000
vn -1.000000 0.000000 0.000000
vn -1.000000 0.000000 0.000000
vn -1.000000 0.000000 0.000000
vn -1.000000 0.000000 0.000000
vn -1.000000 0.000000 0.000000
vn -1.000000 -0.000000 0.000000
vn -1.000000 0.000000 0.000000
vn -1.000000 0.000000 0.000000
vn -1.000000 0.000000 0.000000
vn -1.000000 0.000000 0.000000
vn -1.000000 0.000000 0.000000
vn -1.000000 0.000000 0.000000
vn -1.000000 0.000000 0.000000
vn -1.000000 0.000000 0.000000
vn -1.000000 0.000000 0.000000
vn -1.000000 0.000000 0.000000
vn -1.000000 0.000000 0.000000
vn -1.000000 0.000000 0.000000
vn -1.000000 0.000000 0.000000
vn -1.000000 0.000000 0.000000
vn -1.000000 0.000000 0.000000
vn -1.000000 0.000000 0.000000
vn -1.000000 0.000000 0.000000
vn -1.000000 0.000000 0.000000
vn -1.000000 0.000000 0.000000
vn -1.000000 0.000000 0.000000
vn -1.000000 0.000000 0.000000
vn -1.000000 0.000000 0.000000
vn -1.000000 0.000000 0.000000
vn -1.000000 0.000000 0.000000
vn -1.000000 0.000000 0.000000
vn -1.000000 0.000000 0.000000
vn -1.000000 0.000000 0.000000
vn -1.000000 0.000000 0.000000
vn -1.000000 0.000000 0.000000
vn -1.000000 0.000000 0.000000
vn -1.000000 0.000000 0.000000
vn -1.000000 0.000000 0.000000
vn -1.000000 0.000000 0.000000
vn -1.000000 0.000000 0.000000
vn -1.000000 0.000000 0.000000
vn -1.000000 0.000000 0.000000
vn -1.000000 0.000000 0.000000
vn -1.000000 0.000000 0.000000
vn -1.000000 0.000000 0.000000
vn -1.000000 0.000000 0.000000
vn -1.000000 0.000000 0.000000
vn -1.000000 0.000000 0.000000
vn -1.000000 0.000000 0.000000
vn -1.000000 0.000000 0.000000
vn -1.000000 0.000000 0.000000
vn -1.000000 0.000000 0.000000
vn -1.000000 0.000000 0.000000
vn -1.000000 0.000000 0.000000
vn -1.000000 0.000000 0.000000
vn -1.000000 0.000000 0.000000
vn -1.000000 0.000000 0.000000
vn -1.000000 0.000000 0.000000
vn -1.000000 0.000000 0.000000
vn -1.000000 0.000000 0.000000
vn -1.000000 0.000000 0.000000
vn -1.000000 0.000000 0.000000
vn -1.000000 0.000000 0.000000
vn -1.000000 0.000000 0.000000
vn -1.000000 0.000000 0.000000
vn -1.000000 0.000000 0.000000
vn -1.000000 0.000000 0.000000
vn -1.000000 0.000000 0.000000
vn -1.000000 0.000000 0.000000
vn -1.000000 0.000000 0.000000
vn -1.000000 0.000000 0.000000
vn -1.000000 0.000000 0.000000
vn -1.000000 0.000000 0.000000
vn -1.000000 0.000000 0.000000
vn -1.000000 0.000000 0.000000
vn -1.000000 0.000000 0.000000
vn -1.000000 -0.000000 0.000000
vn -1.000000 0.000000 0.000000
vn -1.000000 0.000000 0.000000
vn -1.000000 0.000000 0.000000
vn -1.000000 0.000000 0.000000
vn -1.000000 0.000000 0.000000
vn -1.000000 0.000000 0.000000
vn -1.000000 0.000000 0.000000
vn -1.000000 0.000000 0.000000
vn -1.000000 0.000000 0.000000
vn -1.000000 0.000000 0.000000
vn -1.000000 0.000000 0.000000
vn -1.000000 0.000000 0.000000
vn -1.000000 0.000000 0.000000
vn -1.000000 0.000000 0.000000
vn -1.000000 0.000000 0.000000
vn -1.000000 0.000000 0.000000
vn -1.000000 0.000000 0.000000
vn -1.000000 0.000000 0.000000
vn -1.000000 0.000000 0.000000
vn -1.000000 0.000000 0.000000
vn -1.000000 0.000000 0.000000
vn -1.000000 0.000000 0.000000
vn -1.000000 0.000000 0.000000
vn -1.000000 -0.000000 0.000000
vn -1.000000 0.000000 0.000000
vn -1.000000 0.000000 0.000000
vn -1.000000 0.000000 0.000000
vn -1.000000 0.000000 0.000000
vn -1.000000 0.000000 0.000000
vn -1.000000 0.000000 0.000000
vn -1.000000 0.000000 0.000000
vn -1.000000 0.000000 0.000000
vn -1.000000 0.000000 0.000000
vn -1.000000 0.000000 0.000000
vn -1.000000 0.000000 0.000000
vn -1.000000 0.000000 0.000000
vn -1.000000 0.000000 0.000000
vn -1.000000 0.000000 0.000000
vn -1.000000 0.000000 0.000000
vn -1.000000 0.000000 0.000000
vn -1.000000 0.000000 0.000000
vn -1.000000 0.000000 0.000000
vn -1.000000 0.000000 0.000000
vn -1.000000 0.000000 0.000000
vn -1.000000 -0.000000 0.000000
vn -1.000000 0.000000 0.000000
vn -1.000000 0.000000 0.000000
vn -1.000000 0.000000 0.000000
vn -1.000000 0.000000 0.000000
vn -1.000000 0.000000 0.000000
vn -1.000000 0.000000 0.000000
vn -1.000000 0.000000 0.000000
vn -1.000000 0.000000 0.000000
vn -1.000000 0.000000 0.000000
vn -1.000000 0.000000 0.000000
vn -1.000000 0.000000 0.000000
vn -1.000000 0.000000 0.000000
vn -1.000000 0.000000 0.000000
vn -1.000000 0.000000 0.000000
vn -1.000000 0.000000 0.000000
vn -1.000000 0.000000 0.000000
vn -1.000000 0.000000 0.000000
vn -1.000000 0.000000 0.000000
vn -1.000000 0.000000 0.000000
vn -1.000000 0.000000 0.000000
vn -1.000000 0.000000 0.000000
vn -1.000000 0.000000 0.000000
vn -1.000000 0.000000 0.000000
vn -1.000000 0.000000 0.000000
vn -1.000000 0.000000 0.000000
vn -1.000000 0.000000 0.000000
vn -1.000000 0.000000 0.000000
vn -1.000000 0.000000 0.000000
vn -1.000000 0.000000 0.000000
vn -1.000000 0.000000 0.000000
vn -1.000000 0.000000 0.000000
vn -1.000000 0.000000 0.000000
vn -1.000000 0.000000 0.000000
vn -1.000000 0.000000 0.000000
vn -1.000000 0.000000 0.000000
vn -1.000000 0.000000 0.000000
vn -1.000000 0.000000 0.000000
vn -1.000000 0.000000 0.000000
vn -1.000000 0.000000 0.000000
vn -1.000000 0.000000 0.000000
vn -1.000000 0.000000 0.000000
vn -1.000000 0.000000 0.000000
vn -1.000000 0.000000 0.000000
vn -1.000000 0.000000 0.000000
vn -1.000000 0.000000 0.000000
vn -1.000000 0.000000 0.000000
vn -1.000000 0.000000 0.000000
vn -1.000000 0.000000 0.000000
vn -1.000000 0.000000 0.000000
vn -1.000000 0.000000 0.000000
vn -1.000000 0.000000 0.000000
vn -1.000000 0.000000 0.000000
vn -1.000000 0.000000 0.000000
vn -1.000000 0.000000 0.000000
vn -1.000000 0.000000 0.000000
vn -1.000000 0.000000 0.000000
vn -1.000000 0.000000 0.000000
vn -1.000000 0.000000 0.000000
vn -1.000000 0.000000 0.000000
vn -1.000000 0.000000 0.000000
vn -1.000000 0.000000 0.000000
vn -1.000000 0.000000 0.000000
vn -1.000000 0.000000 0.000000
vn -1.000000 0.000000 0.000000
vn -1.000000 0.000000 0.000000
vn -1.000000 0.000000 0.000000
vn -1.000000 0.000000 0.000000
vn -1.000000 0.000000 0.000000
vn -1.000000 0.000000 0.000000
vn -1.000000 0.000000 0.000000
vn -1.000000 0.000000 0.000000
vn -1.000000 0.000000 0.000000
vn -1.000000 0.000000 0.000000
vn -1.000000 0.000000 0.000000
vn -1.000000 0.000000 0.000000
vn -1.000000 0.000000 0.000000
vn -1.000000 0.000000 0.000000
vn -1.000000 0.000000 0.000000
vn -1.000000 0.000000 0.000000
vn -1.000000 0.000000 0.000000
vn -1.000000 0.000000 0.000000
vn -1.000000 0.000000 0.000000
vn -1.000000 0.000000 0.000000
vn -1.000000 0.000000 0.000000
vn -1.000000 0.000000 0.000000
vn -1.000000 0.000000 0.000000
vn -1.000000 0.000000 0.000000
vn -1.000000 0.000000 0.000000
vn -1.000000 0.000000 0.000000
vn -1.000000 0.000000 0.000000
vn -1.000000 0.000000 0.000000
vn -1.000000 0.000000 0.000000
vn -1.000000 0.000000 0.000000
vn -1.000000 0.000000 0.000000
vn -1.000000 0.000000 0.000000
vn -1.000000 0.000000 0.000000
vn -1.000000 0.000000 0.000000
vn -1.000000 0.000000 0.000000
vn -1.000000 0.000000 0.000000
vn -1.000000 0.000000 0.000000
vn -1.000000 0.000000 0.000000
vn -1.000000 0.000000 0.000000
vn -1.000000 0.000000 0.000000
vn -1.000000 0.000000 0.000000
vn -1.000000 0.000000 0.000000
vn -1.000000 0.000000 0.000000
vn -1.000000 0.000000 0.000000
vn -1.000000 0.000000 0.000000
vn -1.000000 0.000000 0.000000
vn -1.000000 0.000000 0.000000
vn -1.000000 0.000000 0.000000
vn -1.000000 0.000000 0.000000
vn -1.000000 0.000000 0.000000
vn -1.000000 0.000000 0.000000
vn -1.000000 0.000000 0.000000
vn -1.000000 0.000000 0.000000
vn -1.000000 0.000000 0.000000
vn -1.000000 0.000000 0.000000
vn -1.000000 0.000000 0.000000
vn -1.000000 0.000000 0.000000
vn -1.000000 0.000000 0.000000
vn -1.000000 0.000000 0.000000
vn -1.000000 0.000000 0.000000
vn -1.000000 0.000000 0.000000
vn -1.000000 0.000000 0.000000
vn -1.000000 0.000000 0.000000
vn -1.000000 0.000000 0.000000
vn -1.000000 0.000000 0.000000
vn -1.000000 0.000000 0.000000
vn -1.000000 0.000000 0.000000
vn -1.000000 0.000000 0.000000
vn -1.000000 0.000000 0.000000
vn -1.000000 0.000000 0.000000
vn -1.000000 0.000000 0.000000
vn -1.000000 0.000000 0.000000
vn -1.000000 0.000000 0.000000
vn -1.000000 0.000000 0.000000
vn -1.000000 0.000000 0.000000
vn -1.000000 0.000000 0.000000
vn -1.000000 0.000000 0.000000
vn -1.000000 0.000000 0.000000
vn -1.000000 0.000000 0.000000
vn -1.000000 0.000000 0.000000
vn -1.000000 0.000000 0.000000
vn -1.000000 0.000000 0.000000
vn -1.000000 0.000000 0.000000
vn -1.000000 0.000000 0.000000
vn -1.000000 0.000000 0.000000
vn -1.000000 0.000000 0.000000
vn -1.000000 0.000000 0.000000
vn -1.000000 0.000000 0.000000
vn -1.000000 0.000000 0.000000
vn -1.000000 0.000000 0.000000
vn -1.000000 0.000000 0.000000
vn -1.000000 0.000000 0.000000
vn -1.000000 0.000000 0.000000
vn -1.000000 0.000000 0.000000
vn -1.000000 0.000000 0.000000
vn -1.000000 0.000000 0.000000
vn -1.000000 0.000000 0.000000
vn -1.000000 0.000000 0.000000
vn -1.000000 0.000000 0.000000
vn -1.000000 0.000000 0.000000
vn -1.000000 0.000000 0.000000
vn -1.000000 0.000000 0.000000
vn -1.000000 0.000000 0.000000
vn -1.000000 0.000000 0.000000
vn -1.000000 0.000000 0.000000
vn -1.000000 0.000000 0.000000
vn -1.000000 0.000000 0.000000
vn -1.000000 0.000000 0.000000
vn -1.000000 0.000000 0.000000
vn -1.000000 0.000000 0.000000
vn -1.000000 0.000000 0.000000
vn -1.000000 0.000000 0.000000
vn -1.000000 0.000000 0.000000
vn -1.000000 0.000000 0.000000
vn -1.000000 0.000000 0.000000
vn -1.000000 0.000000 0.000000
vn -1.000000 0.000000 0.000000
vn -1.000000 0.000000 0.000000
vn -1.000000 0.000000 0.000000
vn -1.000000 0.000000 0.000000
vn -1.000000 0.000000 0.000000
vn -1.000000 0.000000 0.000000
vn -1.000000 0.000000 0.000000
vn -1.000000 0.000000 0.000000
vn -1.000000 0.000000 0.000000
vn -1.000000 0.000000 0.000000
vn -1.000000 0.000000 0.000000
vn -1.000000 0.000000 0.000000
vn -1.000000 0.000000 0.000000
vn -1.000000 0.000000 0.000000
vn -1.000000 0.000000 0.000000
vn -1.000000 0.000000 0.000000
vn -1.000000 0.000000 0.000000
vn -1.000000 0.000000 0.000000
vn -1.000000 0.000000 0.000000
vn -1.000000 0.000000 0.000000
vn -1.000000 0.000000 0.000000
vn -1.000000 0.000000 0.000000
vn -1.000000 0.000000 0.000000
vn -1.000000 0.000000 0.000000
vn -1.000000 0.000000 0.000000
vn -1.000000 0.000000 0.000000
vn -1.000000 0.000000 0.000000
vn -1.000000 0.000000 0.000000
vn -1.000000 0.000000 0.000000
vn -1.000000 0.000000 0.000000
vn -1.000000 0.000000 0.000000
vn -1.000000 0.000000 0.000000
vn -1.000000 0.000000 0.000000
vn -1.000000 0.000000 0.000000
vn -1.000000 0.000000 0.000000
vn -1.000000 0.000000 0.000000
vn -1.000000 0.000000 0.000000
vn -1.000000 0.000000 0.000000
vn -1.000000 0.000000 0.000000
vn -1.000000 0.000000 0.000000
vn -1.000000 0.000000 0.000000
vn -1.000000 0.000000 0.000000
vn -1.000000 0.000000 0.000000
vn -1.000000 0.000000 0.000000
vn -1.000000 0.000000 0.000000
vn -1.000000 0.000000 0.000000
vn -1.000000 0.000000 0.000000
vn -1.000000 0.000000 0.000000
vn -1.000000 0.000000 0.000000
vn -1.000000 0.000000 0.000000
vn -1.000000 0.000000 0.000000
vn -1.000000 0.000000 0.000000
vn -1.000000 0.000000 0.000000
vn -1.000000 0.000000 0.000000
vn -1.000000 0.000000 0.000000
vn -1.000000 0.000000 0.000000
vn -1.000000 0.000000 0.000000
vn -1.000000 0.000000 0.000000
vn -1.000000 0.000000 0.000000
vn -1.000000 0.000000 0.000000
vn -1.000000 0.000000 0.000000
vn -1.000000 0.000000 0.000000
vn -1.000000 0.000000 0.000000
vn -1.000000 0.000000 0.000000
vn -1.000000 0.000000 0.000000
vn -1.000000 0.000000 0.000000
vn -1.000000 0.000000 0.000000
vn -1.000000 0.000000 0.000000
vn -1.000000 0.000000 0.000000
vn -1.000000 0.000000 0.000000
vn -1.000000 0.000000 0.000000
vn -1.000000 0.000000 0.000000
vn -1.000000 0.000000 0.000000
vn -1.000000 0.000000 0.000000
vn -1.000000 0.000000 0.000000
vn -1.000000 0.000000 0.000000
vn -1.000000 0.000000 0.000000
vn -1.000000 0.000000 0.000000
vn -1.000000 0.000000 0.000000
vn -1.000000 0.000000 0.000000
vn -1.000000 0.000000 0.000000
vn -1.000000 0.000000 0.000000
vn -1.000000 0.000000 0.000000
vn -1.000000 0.000000 0.000000
vn -1.000000 0.000000 0.000000
vn -1.000000 0.000000 0.000000
vn -1.000000 0.000000 0.000000
vn -1.000000 0.000000 0.000000
vn -1.000000 0.000000 0.000000
vn -1.000000 0.000000 0.000000
vn -1.000000 0.000000 0.000000
vn -1.000000 0.000000 0.000000
vn -1.000000 0.000000 0.000000
vn -1.000000 0.000000 0.000000
vn -1.000000 0.000000 0.000000
vn -1.000000 0.000000 0.000000
vn -1.000000 0.000000 0.000000
vn -1.000000 0.000000 0.000000
vn -1.000000 0.000000 0.000000
vn -1.000000 0.000000 0.000000
vn -1.000000 0.000000 0.000000
vn -1.000000 0.000000 0.000000
vn -1.000000 0.000000 0.000000
vn -1.000000 0.000000 0.000000
vn -1.000000 0.000000 0.000000
vn -1.000000 0.000000 0.000000
vn -1.000000 0.000000 0.000000
vn -1.000000 0.000000 0.000000
vn -1.000000 0.000000 0.000000
vn -1.000000 0.000000 0.000000
vn -1.000000 0.000000 0.000000
vn -1.000000 0.000000 0.000000
vn -1.000000 0.000000 0.000000
vn -1.000000 0.000000 0.000000
vn -1.000000 0.000000 0.000000
vn -1.000000 0.000000 0.000000
vn -1.000000 0.000000 0.000000
vn -1.000000 0.000000 0.000000
vn -1.000000 0.000000 0.000000
vn -1.000000 0.000000 0.000000
vn -1.000000 0.000000 0.000000
vn -1.000000 0.000000 0.000000
vn -1.000000 0.000000 0.000000
vn -1.000000 0.000000 0.000000
vn -1.000000 0.000000 0.000000
vn -1.000000 0.000000 0.000000
vn -1.000000 0.000000 0.000000
vn -1.000000 0.000000 0.000000
vn -1.000000 0.000000 0.000000
vn -1.000000 0.000000 0.000000
vn -1.000000 0.000000 0.000000
vn -1.000000 0.000000 0.000000
vn -1.000000 0.000000 0.000000
vn -1.000000 0.000000 0.000000
vn -1.000000 0.000000 0.000000
vn -1.000000 0.000000 0.000000
vn -1.000000 0.000000 0.000000
vn -1.000000 0.000000 0.000000
vn -1.000000 0.000000 0.000000
vn -1.000000 0.000000 0.000000
vn -1.000000 0.000000 0.000000
vn -1.000000 0.000000 0.000000
vn -1.000000 0.000000 0.000000
vn -1.000000 0.000000 0.000000
vn -1.000000 0.000000 0.000000
vn -1.000000 0.000000 0.000000
vn -1.000000 0.000000 0.000000
vn -1.000000 0.000000 0.000000
vn -1.000000 0.000000 0.000000
vn -1.000000 0.000000 0.000000
vn -1.000000 0.000000 0.000000
vn -1.000000 0.000000 0.000000
vn -1.000000 0.000000 0.000000
vn -1.000000 0.000000 0.000000
vn -1.000000 0.000000 0.000000
vn -1.000000 0.000000 0.000000
vn -1.000000 0.000000 0.000000
vn -1.000000 0.000000 0.000000
vn -1.000000 0.000000 0.000000
vn -1.000000 0.000000 0.000000
vn -1.000000 0.000000 0.000000
vn -1.000000 0.000000 0.000000
vn -1.000000 0.000000 0.000000
vn -1.000000 0.000000 0.000000
vn -1.000000 0.000000 0.000000
vn -1.000000 0.000000 0.000000
vn -1.000000 0.000000 0.000000
vn -1.000000 0.000000 0.000000
vn -1.000000 0.000000 0.000000
vn -1.000000 0.000000 0.000000
vn -1.000000 0.000000 0.000000
vn -1.000000 0.000000 0.000000
vn -1.000000 0.000000 0.000000
vn -1.000000 0.000000 0.000000
vn -1.000000 0.000000 0.000000
vn -1.000000 0.000000 0.000000
vn -1.000000 0.000000 0.000000
vn -1.000000 0.000000 0.000000
vn -1.000000 0.000000 0.000000
vn -1.000000 0.000000 0.000000
vn -1.000000 0.000000 0.000000
vn -1.000000 0.000000 0.000000
vn -1.000000 0.000000 0.000000
vn -1.000000 0.000000 0.000000
vn -1.000000 0.000000 0.000000
vn -1.000000 0.000000 0.000000
vn -1.000000 0.000000 0.000000
vn -1.000000 0.000000 0.000000
vn -1.000000 0.000000 0.000000
vn -1.000000 0.000000 0.000000
vn -1.000000 0.000000 0.000000
vn -1.000000 0.000000 0.000000
vn -1.000000 0.000000 0.000000
vn -1.000000 0.000000 0.000000
vn -1.000000 0.000000 0.000000
vn -1.000000 0.000000 0.000000
vn -1.000000 0.000000 0.000000
vn -1.000000 0.000000 0.000000
vn -1.000000 0.000000 0.000000
vn -1.000000 0.000000 0.000000
vn -1.000000 0.000000 0.000000
vn -1.000000 0.000000 0.000000
vn -1.000000 0.000000 0.000000
vn -1.000000 0.000000 0.000000
vn -1.000000 0.000000 0.000000
vn -1.000000 0.000000 0.000000
vn -1.000000 0.000000 0.000000
vn -1.000000 0.000000 0.000000
vn -1.000000 0.000000 0.000000
vn -1.000000 0.000000 0.000000
vn -1.000000 0.000000 0.000000
vn -1.000000 0.000000 0.000000
vn -1.000000 0.000000 0.000000
vn -1.000000 0.000000 0.000000
vn -1.000000 0.000000 0.000000
vn -1.000000 0.000000 0.000000
vn -1.000000 0.000000 0.000000
vn -1.000000 0.000000 0.000000
vn -1.000000 0.000000 0.000000
vn -1.000000 0.000000 0.000000
vn -1.000000 0.000000 0.000000
vn -1.000000 0.000000 0.000000
vn -1.000000 0.000000 0.000000
vn -1.000000 0.000000 0.000000
vn -1.000000 0.000000 0.000000
vn -1.000000 0.000000 0.000000
vn -1.000000 0.000000 0.000000
vn -1.000000 0.000000 0.000000
vn -1.000000 0.000000 0.000000
vn -1.000000 0.000000 0.000000
vn -1.000000 0.000000 0.000000
vn -1.000000 0.000000 0.000000
vn -1.000000 0.000000 0.000000
vn -1.000000 0.000000 0.000000
vn -1.000000 0.000000 0.000000
vn -1.000000 0.000000 0.000000
vn -1.000000 0.000000 0.000000
vn -1.000000 0.000000 0.000000
vn -1.000000 0.000000 0.000000
vn -1.000000 0.000000 0.000000
vn -1.000000 0.000000 0.000000
vn -1.000000 0.000000 0.000000
vn -1.000000 0.000000 0.000000
vn -1.000000 0.000000 0.000000
vn -1.000000 0.000000 0.000000
vn -1.000000 0.000000 0.000000
vn -1.000000 0.000000 0.000000
vn -1.000000 0.000000 0.000000
vn -1.000000 0.000000 0.000000
vn -1.000000 0.000000 0.000000
vn -1.000000 0.000000 0.000000
vn -1.000000 0.000000 0.000000
vn -1.000000 0.000000 0.000000
vn -1.000000 0.000000 0.000000
vn -1.000000 0.000000 0.000000
vn -1.000000 0.000000 0.000000
vn -1.000000 0.000000 0.000000
vn -1.000000 0.000000 0.000000
vn -1.000000 0.000000 0.000000
vn -1.000000 0.000000 0.000000
vn -1.000000 0.000000 0.000000
vn -1.000000 0.000000 0.000000
vn -1.000000 0.000000 0.000000
vn -1.000000 0.000000 0.000000
vn -1.000000 0.000000 0.000000
vn -1.000000 0.000000 0.000000
vn -1.000000 0.000000 0.000000
vn -1.000000 0.000000 0.000000
vn -1.000000 0.000000 0.000000
vn -1.000000 0.000000 0.000000
vn -1.000000 0.000000 0.000000
vn -1.000000 -0.000000 0.000000
vn -1.000000 0.000000 0.000000
vn -1.000000 0.000000 0.000000
vn -1.000000 0.000000 0.000000
vn -1.000000 0.000000 0.000000
vn -1.000000 0.000000 0.000000
vn -1.000000 -0.000000 0.000000
vn -1.000000 0.000000 0.000000
vn -1.000000 0.000000 0.000000
vn -1.000000 0.000000 0.000000
vn -1.000000 0.000000 0.000000
vn -1.000000 0.000000 0.000000
vn -1.000000 0.000000 0.000000
vn -1.000000 0.000000 0.000000
vn -1.000000 0.000000 0.000000
vn -1.000000 0.000000 0.000000
vn -1.000000 0.000000 0.000000
vn -1.000000 0.000000 0.000000
vn -1.000000 0.000000 0.000000
vn -1.000000 0.000000 0.000000
vn -1.000000 0.000000 0.000000
vn -1.000000 0.000000 0.000000
vn -1.000000 0.000000 0.000000
vn -1.000000 0.000000 0.000000
vn -1.000000 0.000000 0.000000
vn -1.000000 0.000000 0.000000
vn -1.000000 -0.000000 0.000000
vn -1.000000 0.000000 0.000000
vn -1.000000 0.000000 0.000000
vn -1.000000 0.000000 0.000000
vn -1.000000 -0.000000 0.000000
vn -1.000000 0.000000 0.000000
vn -1.000000 -0.000000 0.000000
vn -1.000000 -0.000000 0.000000
vn -1.000000 -0.000000 0.000000
vn -1.000000 -0.000000 0.000000
vn -1.000000 -0.000000 0.000000
vn -1.000000 -0.000000 0.000000
vn -1.000000 -0.000000 0.000000
vn -1.000000 -0.000000 0.000000
vn -1.000000 0.000000 0.000000
vn -1.000000 0.000000 0.000000
vn -1.000000 -0.000000 -0.000000
vn -1.000000 0.000000 -0.000000
vn -1.000000 -0.000000 -0.000000
vn -1.000000 -0.000000 -0.000000
vn -1.000000 0.000000 -0.000000
vn -1.000000 0.000000 -0.000000
vn -1.000000 0.000000 -0.000000
vn -1.000000 0.000000 -0.000000
vn -1.000000 0.000000 -0.000000
vn -1.000000 0.000000 -0.000000
vn -1.000000 0.000000 -0.000000
vn -1.000000 -0.000000 0.000000
vn -1.000000 -0.000000 0.000000
vn -1.000000 -0.000000 0.000000
vn -1.000000 0.000000 -0.000000
vn -1.000000 0.000000 -0.000000
vn -1.000000 0.000000 -0.000000
vn -1.000000 0.000000 0.000000
vn -1.000000 -0.000000 0.000000
vn -1.000000 0.000000 -0.000000
vn -1.000000 0.000000 0.000000
vn -1.000000 -0.000000 0.000000
vn -1.000000 -0.000000 -0.000000
vn -1.000000 -0.000000 -0.000000
vn -1.000000 -0.000000 -0.000000
vn -1.000000 0.000000 -0.000000
vn -1.000000 -0.000000 -0.000000
vn -1.000000 -0.000000 -0.000000
vn -1.000000 -0.000000 -0.000000
vn -1.000000 -0.000000 -0.000000
vn -1.000000 -0.000000 -0.000000
vn -1.000000 0.000000 0.000000
vn -1.000000 0.000000 0.000000
vn -1.000000 0.000000 0.000000
vn -1.000000 0.000000 0.000000
vn -1.000000 0.000000 0.000000
vn -1.000000 0.000000 0.000000
vn -1.000000 0.000000 0.000000
vn -1.000000 0.000000 0.000000
vn -1.000000 0.000000 0.000000
vn -1.000000 0.000000 0.000000
vn -1.000000 -0.000000 -0.000000
vn -1.000000 -0.000000 -0.000000
vn -1.000000 -0.000000 -0.000000
vn -1.000000 -0.000000 -0.000000
vn -1.000000 -0.000000 -0.000000
vn -1.000000 -0.000000 0.000000
vn -1.000000 -0.000000 -0.000000
vn -1.000000 -0.000000 -0.000000
vn -1.000000 -0.000000 -0.000000
vn -1.000000 -0.000000 -0.000000
vn -1.000000 -0.000000 -0.000000
vn -1.000000 -0.000000 -0.000000
vn -1.000000 0.000000 -0.000000
vn -1.000000 -0.000000 -0.000000
vn -1.000000 0.000000 -0.000000
vn -1.000000 0.000000 -0.000000
vn -1.000000 0.000000 -0.000000
vn -1.000000 0.000000 -0.000000
vn -1.000000 0.000000 -0.000000
vn -1.000000 0.000000 -0.000000
vn -1.000000 0.000000 -0.000000
vn -1.000000 0.000000 0.000000
vn -1.000000 -0.000000 -0.000000
vn -1.000000 0.000000 0.000000
vn -1.000000 0.000000 0.000000
vn -1.000000 0.000000 0.000000
vn -1.000000 -0.000000 0.000000
vn -1.000000 -0.000000 -0.000000
vn -1.000000 -0.000000 -0.000000
vn -1.000000 -0.000000 -0.000000
vn -1.000000 -0.000000 -0.000000
vn -1.000000 0.000000 0.000000
vn -1.000000 -0.000000 0.000000
vn -1.000000 0.000000 0.000000
vn -1.000000 0.000000 -0.000000
vn -1.000000 0.000000 -0.000000
vn -1.000000 0.000000 0.000000
vn -1.000000 0.000000 0.000000
vn 0.000000 -1.000000 0.000000
vn -0.000000 -1.000000 0.000000
vn 0.000000 -1.000000 0.000000
vn 0.000000 0.000000 1.000000
vn 0.000000 0.000000 1.000000
vn 0.000000 0.000000 1.000000
vn 0.000000 0.000000 1.000000
vn 0.000000 0.000000 1.000000
vn 0.000000 0.000000 1.000000
vn 0.000000 0.000000 1.000000
vn 0.000000 0.000000 1.000000
vn 0.000000 0.000000 -1.000000
vn 0.000000 0.000000 -1.000000
vn 0.000000 0.000000 -1.000000
vn 0.000000 0.000000 -1.000000
vn 0.000000 0.000000 -1.000000
vn 0.000000 0.000000 -1.000000
vn 0.000000 0.000000 -1.000000
vn 0.000000 0.000000 -1.000000
vn 0.000000 0.000000 -1.000000
vn 0.000000 0.000000 -1.000000
vn 0.000000 1.000000 0.000000
vn 0.000000 1.000000 0.000000
vn 0.000000 1.000000 0.000000
vn 0.000000 -0.120538 0.992709
vn 0.000000 -0.120538 0.992709
vn 0.000000 -0.354605 0.935016
vn 0.000000 -0.354605 0.935016
vn 0.000000 -0.568060 0.822987
vn 0.000000 -0.568060 0.822987
vn 0.000000 -0.748515 0.663118
vn 0.000000 -0.748515 0.663118
vn 0.000000 -0.885454 0.464728
vn 0.000000 -0.885454 0.464728
vn 0.000000 -0.970941 0.239319
vn 0.000000 -0.970941 0.239319
vn 0.000000 -1.000000 0.000000
vn 0.000000 -1.000000 0.000000
vn 0.000000 -0.970941 -0.239319
vn 0.000000 -0.970941 -0.239319
vn 0.000000 -0.885454 -0.464728
vn 0.000000 -0.885454 -0.464728
vn 0.000000 -0.748515 -0.663118
vn 0.000000 -0.748515 -0.663118
vn 0.000000 -0.568060 -0.822987
vn 0.000000 -0.568060 -0.822987
vn 0.000000 -0.354605 -0.935016
vn 0.000000 -0.120538 -0.992709
vn 0.000000 -0.354605 -0.935016
vn 0.000000 -0.120538 -0.992709
vn 0.000000 0.120538 -0.992709
vn 0.000000 0.120538 -0.992709
vn 0.000000 0.354605 -0.935016
vn 0.000000 0.354605 -0.935016
vn 0.000000 0.568060 -0.822987
vn 0.000000 0.568060 -0.822987
vn 0.000000 0.748515 -0.663118
vn 0.000000 0.748515 -0.663118
vn 0.000000 0.885454 -0.464728
vn 0.000000 0.885454 -0.464728
vn 0.000000 0.970941 -0.239319
vn 0.000000 0.970941 -0.239319
vn 0.000000 1.000000 0.000000
vn -0.000000 0.970941 0.239319
vn 0.000000 1.000000 0.000000
vn -0.000000 0.970941 0.239319
vn -0.000000 0.885454 0.464728
vn 0.000000 0.885454 0.464728
vn -0.000000 0.748515 0.663118
vn 0.000000 0.748515 0.663118
vn -0.000000 0.568060 0.822987
vn 0.000000 0.568060 0.822987
vn -0.000000 0.354605 0.935016
vn 0.000000 0.354605 0.935016
vn -0.000000 0.120538 0.992709
vn 0.000000 0.120538 0.992709
vn 0.000000 -0.120536 0.992709
vn 0.000000 -0.120536 0.992709
vn 0.000000 -0.354607 0.935016
vn 0.000000 -0.354607 0.935016
vn 0.000000 -0.568059 0.822988
vn 0.000000 -0.568059 0.822988
vn 0.000000 -0.748516 0.663117
vn 0.000000 -0.748516 0.663117
vn 0.000000 -0.885454 0.464728
vn 0.000000 -0.885454 0.464728
vn 0.000000 -0.970941 0.239319
vn 0.000000 -0.970941 0.239319
vn 0.000000 -1.000000 0.000000
vn 0.000000 -1.000000 0.000000
vn 0.000000 -0.970941 -0.239319
vn 0.000000 -0.970941 -0.239319
vn 0.000000 -0.885454 -0.464728
vn 0.000000 -0.885454 -0.464728
vn 0.000000 -0.748516 -0.663117
vn 0.000000 -0.748516 -0.663117
vn 0.000000 -0.568059 -0.822988
vn 0.000000 -0.568059 -0.822988
vn 0.000000 -0.354607 -0.935016
vn 0.000000 -0.120536 -0.992709
vn 0.000000 -0.354607 -0.935016
vn 0.000000 -0.120536 -0.992709
vn 0.000000 0.120536 -0.992709
vn 0.000000 0.120536 -0.992709
vn 0.000000 0.354607 -0.935016
vn 0.000000 0.354607 -0.935016
vn 0.000000 0.568059 -0.822988
vn 0.000000 0.568059 -0.822988
vn 0.000000 0.748516 -0.663117
vn 0.000000 0.748516 -0.663117
vn 0.000000 0.885454 -0.464728
vn 0.000000 0.885454 -0.464728
vn 0.000000 0.970941 -0.239319
vn 0.000000 0.970941 -0.239319
vn 0.000000 1.000000 0.000000
vn -0.000000 0.970941 0.239319
vn 0.000000 1.000000 0.000000
vn -0.000000 0.970941 0.239319
vn -0.000000 0.885454 0.464728
vn 0.000000 0.885454 0.464728
vn -0.000000 0.748516 0.663117
vn 0.000000 0.748516 0.663117
vn -0.000000 0.568059 0.822988
vn 0.000000 0.568059 0.822988
vn -0.000000 0.354607 0.935016
vn 0.000000 0.354607 0.935016
vn -0.000000 0.120536 0.992709
vn 0.000000 0.120536 0.992709
vn 0.000000 -0.120536 0.992709
vn 0.000000 -0.120536 0.992709
vn 0.000000 -0.354607 0.935016
vn 0.000000 -0.354607 0.935016
vn 0.000000 -0.568059 0.822988
vn 0.000000 -0.568059 0.822988
vn 0.000000 -0.748516 0.663117
vn 0.000000 -0.748516 0.663117
vn 0.000000 -0.885454 0.464728
vn 0.000000 -0.885454 0.464728
vn 0.000000 -0.970941 0.239319
vn 0.000000 -0.970941 0.239319
vn 0.000000 -1.000000 0.000000
vn 0.000000 -1.000000 0.000000
vn 0.000000 -0.970941 -0.239319
vn 0.000000 -0.970941 -0.239319
vn 0.000000 -0.885454 -0.464728
vn 0.000000 -0.885454 -0.464728
vn 0.000000 -0.748516 -0.663117
vn 0.000000 -0.748516 -0.663117
vn 0.000000 -0.568059 -0.822988
vn 0.000000 -0.568059 -0.822988
vn 0.000000 -0.354607 -0.935016
vn 0.000000 -0.120536 -0.992709
vn 0.000000 -0.354607 -0.935016
vn 0.000000 -0.120536 -0.992709
vn 0.000000 0.120536 -0.992709
vn 0.000000 0.120536 -0.992709
vn 0.000000 0.354607 -0.935016
vn 0.000000 0.354607 -0.935016
vn 0.000000 0.568059 -0.822988
vn 0.000000 0.568059 -0.822988
vn 0.000000 0.748516 -0.663117
vn 0.000000 0.748516 -0.663117
vn 0.000000 0.885454 -0.464728
vn 0.000000 0.885454 -0.464728
vn 0.000000 0.970941 -0.239319
vn 0.000000 0.970941 -0.239319
vn 0.000000 1.000000 0.000000
vn -0.000000 0.970941 0.239319
vn 0.000000 1.000000 0.000000
vn -0.000000 0.970941 0.239319
vn -0.000000 0.885454 0.464728
vn 0.000000 0.885454 0.464728
vn -0.000000 0.748516 0.663117
vn 0.000000 0.748516 0.663117
vn -0.000000 0.568059 0.822988
vn 0.000000 0.568059 0.822988
vn -0.000000 0.354607 0.935016
vn 0.000000 0.354607 0.935016
vn -0.000000 0.120536 0.992709
vn 0.000000 0.120536 0.992709
vn 0.000000 -0.120537 0.992709
vn 0.000000 -0.120537 0.992709
vn 0.000000 -0.354603 0.935017
vn 0.000000 -0.354603 0.935017
vn 0.000000 -0.568068 0.822981
vn 0.000000 -0.568068 0.822981
vn 0.000000 -0.748511 0.663123
vn 0.000000 -0.748511 0.663123
vn 0.000000 -0.885456 0.464723
vn 0.000000 -0.885456 0.464723
vn 0.000000 -0.970941 0.239319
vn 0.000000 -0.970941 0.239319
vn 0.000000 -1.000000 0.000000
vn 0.000000 -1.000000 0.000000
vn 0.000000 -0.970941 -0.239319
vn 0.000000 -0.970941 -0.239319
vn 0.000000 -0.885456 -0.464723
vn 0.000000 -0.885456 -0.464723
vn 0.000000 -0.748511 -0.663123
vn 0.000000 -0.748511 -0.663123
vn 0.000000 -0.568068 -0.822981
vn 0.000000 -0.568068 -0.822981
vn 0.000000 -0.354603 -0.935017
vn 0.000000 -0.120537 -0.992709
vn 0.000000 -0.354603 -0.935017
vn 0.000000 -0.120537 -0.992709
vn 0.000000 0.120537 -0.992709
vn 0.000000 0.120537 -0.992709
vn 0.000000 0.354603 -0.935017
vn 0.000000 0.354603 -0.935017
vn 0.000000 0.568068 -0.822981
vn 0.000000 0.568068 -0.822981
vn 0.000000 0.748511 -0.663123
vn 0.000000 0.748511 -0.663123
vn 0.000000 0.885456 -0.464723
vn 0.000000 0.885456 -0.464723
vn 0.000000 0.970941 -0.239319
vn 0.000000 0.970941 -0.239319
vn 0.000000 1.000000 0.000000
vn -0.000000 0.970941 0.239319
vn 0.000000 1.000000 0.000000
vn -0.000000 0.970941 0.239319
vn -0.000000 0.885456 0.464723
vn 0.000000 0.885456 0.464723
vn -0.000000 0.748511 0.663123
vn 0.000000 0.748511 0.663123
vn -0.000000 0.568068 0.822981
vn 0.000000 0.568068 0.822981
vn -0.000000 0.354603 0.935017
vn 0.000000 0.354603 0.935017
vn -0.000000 0.120537 0.992709
vn 0.000000 0.120537 0.992709
vn 0.000000 -0.120537 0.992709
vn 0.000000 -0.120537 0.992709
vn 0.000000 -0.354603 0.935017
vn 0.000000 -0.354603 0.935017
vn 0.000000 -0.568068 0.822981
vn 0.000000 -0.568068 0.822981
vn 0.000000 -0.748511 0.663123
vn 0.000000 -0.748511 0.663123
vn 0.000000 -0.885456 0.464723
vn 0.000000 -0.885456 0.464723
vn 0.000000 -0.970941 0.239319
vn 0.000000 -0.970941 0.239319
vn 0.000000 -1.000000 0.000000
vn 0.000000 -1.000000 0.000000
vn 0.000000 -0.970941 -0.239319
vn 0.000000 -0.970941 -0.239319
vn 0.000000 -0.885456 -0.464723
vn 0.000000 -0.885456 -0.464723
vn 0.000000 -0.748511 -0.663123
vn 0.000000 -0.748511 -0.663123
vn 0.000000 -0.568068 -0.822981
vn 0.000000 -0.568068 -0.822981
vn 0.000000 -0.354603 -0.935017
vn 0.000000 -0.120537 -0.992709
vn 0.000000 -0.354603 -0.935017
vn 0.000000 -0.120537 -0.992709
vn 0.000000 0.120537 -0.992709
vn 0.000000 0.120537 -0.992709
vn 0.000000 0.354603 -0.935017
vn 0.000000 0.354603 -0.935017
vn 0.000000 0.568068 -0.822981
vn 0.000000 0.568068 -0.822981
vn 0.000000 0.748511 -0.663123
vn 0.000000 0.748511 -0.663123
vn 0.000000 0.885456 -0.464723
vn 0.000000 0.885456 -0.464723
vn 0.000000 0.970941 -0.239319
vn 0.000000 0.970941 -0.239319
vn 0.000000 1.000000 0.000000
vn -0.000000 0.970941 0.239319
vn 0.000000 1.000000 0.000000
vn -0.000000 0.970941 0.239319
vn -0.000000 0.885456 0.464723
vn 0.000000 0.885456 0.464723
vn -0.000000 0.748511 0.663123
vn 0.000000 0.748511 0.663123
vn -0.000000 0.568068 0.822981
vn 0.000000 0.568068 0.822981
vn -0.000000 0.354603 0.935017
vn 0.000000 0.354603 0.935017
vn -0.000000 0.120537 0.992709
vn 0.000000 0.120537 0.992709
vn 0.000000 -0.120538 0.992709
vn 0.000000 -0.120538 0.992709
vn 0.000000 -0.354605 0.935016
vn 0.000000 -0.354605 0.935016
vn 0.000000 -0.568060 0.822987
vn 0.000000 -0.568060 0.822987
vn 0.000000 -0.748515 0.663118
vn 0.000000 -0.748515 0.663118
vn 0.000000 -0.885454 0.464728
vn 0.000000 -0.885454 0.464728
vn 0.000000 -0.970941 0.239319
vn 0.000000 -0.970941 0.239319
vn 0.000000 -1.000000 0.000000
vn 0.000000 -1.000000 0.000000
vn 0.000000 -0.970941 -0.239319
vn 0.000000 -0.970941 -0.239319
vn 0.000000 -0.885454 -0.464728
vn 0.000000 -0.885454 -0.464728
vn 0.000000 -0.748515 -0.663118
vn 0.000000 -0.748515 -0.663118
vn 0.000000 -0.568060 -0.822987
vn 0.000000 -0.568060 -0.822987
vn 0.000000 -0.354605 -0.935016
vn 0.000000 -0.120538 -0.992709
vn 0.000000 -0.354605 -0.935016
vn 0.000000 -0.120538 -0.992709
vn 0.000000 0.120538 -0.992709
vn 0.000000 0.120538 -0.992709
vn 0.000000 0.354605 -0.935016
vn 0.000000 0.354605 -0.935016
vn 0.000000 0.568060 -0.822987
vn 0.000000 0.568060 -0.822987
vn 0.000000 0.748515 -0.663118
vn 0.000000 0.748515 -0.663118
vn 0.000000 0.885454 -0.464728
vn 0.000000 0.885454 -0.464728
vn 0.000000 0.970941 -0.239319
vn 0.000000 0.970941 -0.239319
vn 0.000000 1.000000 0.000000
vn -0.000000 0.970941 0.239319
vn 0.000000 1.000000 0.000000
vn -0.000000 0.970941 0.239319
vn -0.000000 0.885454 0.464728
vn 0.000000 0.885454 0.464728
vn -0.000000 0.748515 0.663118
vn 0.000000 0.748515 0.663118
vn -0.000000 0.568060 0.822987
vn 0.000000 0.568060 0.822987
vn -0.000000 0.354605 0.935016
vn 0.000000 0.354605 0.935016
vn -0.000000 0.120538 0.992709
vn 0.000000 0.120538 0.992709
vn 0.000000 -0.120538 0.992709
vn 0.000000 -0.120538 0.992709
vn 0.000000 -0.354605 0.935016
vn 0.000000 -0.354605 0.935016
vn 0.000000 -0.568060 0.822987
vn 0.000000 -0.568060 0.822987
vn 0.000000 -0.748515 0.663118
vn 0.000000 -0.748515 0.663118
vn 0.000000 -0.885454 0.464728
vn 0.000000 -0.885454 0.464728
vn 0.000000 -0.970941 0.239319
vn 0.000000 -0.970941 0.239319
vn 0.000000 -1.000000 0.000000
vn 0.000000 -1.000000 0.000000
vn 0.000000 -0.970941 -0.239319
vn 0.000000 -0.970941 -0.239319
vn 0.000000 -0.885454 -0.464728
vn 0.000000 -0.885454 -0.464728
vn 0.000000 -0.748515 -0.663118
vn 0.000000 -0.748515 -0.663118
vn 0.000000 -0.568060 -0.822987
vn 0.000000 -0.568060 -0.822987
vn 0.000000 -0.354605 -0.935016
vn 0.000000 -0.120538 -0.992709
vn 0.000000 -0.354605 -0.935016
vn 0.000000 -0.120538 -0.992709
vn 0.000000 0.120538 -0.992709
vn 0.000000 0.120538 -0.992709
vn 0.000000 0.354605 -0.935016
vn 0.000000 0.354605 -0.935016
vn 0.000000 0.568060 -0.822987
vn 0.000000 0.568060 -0.822987
vn 0.000000 0.748515 -0.663118
vn 0.000000 0.748515 -0.663118
vn 0.000000 0.885454 -0.464728
vn 0.000000 0.885454 -0.464728
vn 0.000000 0.970941 -0.239319
vn 0.000000 0.970941 -0.239319
vn 0.000000 1.000000 0.000000
vn -0.000000 0.970941 0.239319
vn 0.000000 1.000000 0.000000
vn -0.000000 0.970941 0.239319
vn -0.000000 0.885454 0.464728
vn 0.000000 0.885454 0.464728
vn -0.000000 0.748515 0.663118
vn 0.000000 0.748515 0.663118
vn -0.000000 0.568060 0.822987
vn 0.000000 0.568060 0.822987
vn -0.000000 0.354605 0.935016
vn 0.000000 0.354605 0.935016
vn -0.000000 0.120538 0.992709
vn 0.000000 0.120538 0.992709
vn 0.000000 -0.120537 0.992709
vn 0.000000 -0.120537 0.992709
vn 0.000000 -0.354603 0.935017
vn 0.000000 -0.354603 0.935017
vn 0.000000 -0.568068 0.822981
vn 0.000000 -0.568068 0.822981
vn 0.000000 -0.748511 0.663123
vn 0.000000 -0.748511 0.663123
vn 0.000000 -0.885456 0.464723
vn 0.000000 -0.885456 0.464723
vn 0.000000 -0.970941 0.239319
vn 0.000000 -0.970941 0.239319
vn 0.000000 -1.000000 0.000000
vn 0.000000 -1.000000 0.000000
vn 0.000000 -0.970941 -0.239319
vn 0.000000 -0.970941 -0.239319
vn 0.000000 -0.885456 -0.464723
vn 0.000000 -0.885456 -0.464723
vn 0.000000 -0.748511 -0.663123
vn 0.000000 -0.748511 -0.663123
vn 0.000000 -0.568068 -0.822981
vn 0.000000 -0.568068 -0.822981
vn 0.000000 -0.354605 -0.935016
vn 0.000000 -0.120535 -0.992709
vn 0.000000 -0.354605 -0.935016
vn 0.000000 -0.120535 -0.992709
vn 0.000000 0.120535 -0.992709
vn 0.000000 0.120535 -0.992709
vn 0.000000 0.354605 -0.935016
vn 0.000000 0.354605 -0.935016
vn 0.000000 0.568068 -0.822981
vn 0.000000 0.568068 -0.822981
vn 0.000000 0.748511 -0.663123
vn 0.000000 0.748511 -0.663123
vn 0.000000 0.885456 -0.464723
vn 0.000000 0.885456 -0.464723
vn 0.000000 0.970941 -0.239319
vn 0.000000 0.970941 -0.239319
vn 0.000000 1.000000 0.000000
vn -0.000000 0.970941 0.239319
vn 0.000000 1.000000 0.000000
vn -0.000000 0.970941 0.239319
vn -0.000000 0.885456 0.464723
vn 0.000000 0.885456 0.464723
vn -0.000000 0.748511 0.663123
vn 0.000000 0.748511 0.663123
vn -0.000000 0.568068 0.822981
vn 0.000000 0.568068 0.822981
vn -0.000000 0.354603 0.935017
vn 0.000000 0.354603 0.935017
vn -0.000000 0.120537 0.992709
vn 0.000000 0.120537 0.992709
vn 0.000000 -0.120537 0.992709
vn 0.000000 -0.120537 0.992709
vn 0.000000 -0.354603 0.935017
vn 0.000000 -0.354603 0.935017
vn 0.000000 -0.568068 0.822981
vn 0.000000 -0.568068 0.822981
vn 0.000000 -0.748511 0.663123
vn 0.000000 -0.748511 0.663123
vn 0.000000 -0.885456 0.464723
vn 0.000000 -0.885456 0.464723
vn 0.000000 -0.970941 0.239319
vn 0.000000 -0.970941 0.239319
vn 0.000000 -1.000000 0.000000
vn 0.000000 -1.000000 0.000000
vn 0.000000 -0.970941 -0.239319
vn 0.000000 -0.970941 -0.239319
vn 0.000000 -0.885456 -0.464723
vn 0.000000 -0.885456 -0.464723
vn 0.000000 -0.748511 -0.663123
vn 0.000000 -0.748511 -0.663123
vn 0.000000 -0.568068 -0.822981
vn 0.000000 -0.568068 -0.822981
vn 0.000000 -0.354605 -0.935016
vn 0.000000 -0.120535 -0.992709
vn 0.000000 -0.354605 -0.935016
vn 0.000000 -0.120535 -0.992709
vn 0.000000 0.120535 -0.992709
vn 0.000000 0.120535 -0.992709
vn 0.000000 0.354605 -0.935016
vn 0.000000 0.354605 -0.935016
vn 0.000000 0.568068 -0.822981
vn 0.000000 0.568068 -0.822981
vn 0.000000 0.748511 -0.663123
vn 0.000000 0.748511 -0.663123
vn 0.000000 0.885456 -0.464723
vn 0.000000 0.885456 -0.464723
vn 0.000000 0.970941 -0.239319
vn 0.000000 0.970941 -0.239319
vn 0.000000 1.000000 0.000000
vn -0.000000 0.970941 0.239319
vn 0.000000 1.000000 0.000000
vn -0.000000 0.970941 0.239319
vn -0.000000 0.885456 0.464723
vn 0.000000 0.885456 0.464723
vn -0.000000 0.748511 0.663123
vn 0.000000 0.748511 0.663123
vn -0.000000 0.568068 0.822981
vn 0.000000 0.568068 0.822981
vn -0.000000 0.354603 0.935017
vn 0.000000 0.354603 0.935017
vn -0.000000 0.120537 0.992709
vn 0.000000 0.120537 0.992709
vn 0.000000 -0.120536 0.992709
vn 0.000000 -0.120536 0.992709
vn 0.000000 -0.354607 0.935016
vn 0.000000 -0.354607 0.935016
vn 0.000000 -0.568059 0.822988
vn 0.000000 -0.568059 0.822988
vn 0.000000 -0.748516 0.663117
vn 0.000000 -0.748516 0.663117
vn 0.000000 -0.885454 0.464728
vn 0.000000 -0.885454 0.464728
vn 0.000000 -0.970941 0.239319
vn 0.000000 -0.970941 0.239319
vn 0.000000 -1.000000 0.000000
vn 0.000000 -1.000000 0.000000
vn 0.000000 -0.970941 -0.239319
vn 0.000000 -0.970941 -0.239319
vn 0.000000 -0.885454 -0.464728
vn 0.000000 -0.885454 -0.464728
vn 0.000000 -0.748516 -0.663117
vn 0.000000 -0.748516 -0.663117
vn 0.000000 -0.568059 -0.822988
vn 0.000000 -0.568059 -0.822988
vn 0.000000 -0.354607 -0.935016
vn 0.000000 -0.120536 -0.992709
vn 0.000000 -0.354607 -0.935016
vn 0.000000 -0.120536 -0.992709
vn 0.000000 0.120536 -0.992709
vn 0.000000 0.120536 -0.992709
vn 0.000000 0.354607 -0.935016
vn 0.000000 0.354607 -0.935016
vn 0.000000 0.568059 -0.822988
vn 0.000000 0.568059 -0.822988
vn 0.000000 0.748516 -0.663117
vn 0.000000 0.748516 -0.663117
vn 0.000000 0.885454 -0.464728
vn 0.000000 0.885454 -0.464728
vn 0.000000 0.970941 -0.239319
vn 0.000000 0.970941 -0.239319
vn 0.000000 1.000000 0.000000
vn -0.000000 0.970941 0.239319
vn 0.000000 1.000000 0.000000
vn -0.000000 0.970941 0.239319
vn -0.000000 0.885454 0.464728
vn 0.000000 0.885454 0.464728
vn -0.000000 0.748516 0.663117
vn 0.000000 0.748516 0.663117
vn -0.000000 0.568059 0.822988
vn 0.000000 0.568059 0.822988
vn -0.000000 0.354607 0.935016
vn 0.000000 0.354607 0.935016
vn -0.000000 0.120536 0.992709
vn 0.000000 0.120536 0.992709
vn 0.000000 -0.120536 0.992709
vn 0.000000 -0.120536 0.992709
vn 0.000000 -0.354607 0.935016
vn 0.000000 -0.354607 0.935016
vn 0.000000 -0.568059 0.822988
vn 0.000000 -0.568059 0.822988
vn 0.000000 -0.748516 0.663117
vn 0.000000 -0.748516 0.663117
vn 0.000000 -0.885454 0.464728
vn 0.000000 -0.885454 0.464728
vn 0.000000 -0.970941 0.239319
vn 0.000000 -0.970941 0.239319
vn 0.000000 -1.000000 0.000000
vn 0.000000 -1.000000 0.000000
vn 0.000000 -0.970941 -0.239319
vn 0.000000 -0.970941 -0.239319
vn 0.000000 -0.885454 -0.464728
vn 0.000000 -0.885454 -0.464728
vn 0.000000 -0.748516 -0.663117
vn 0.000000 -0.748516 -0.663117
vn 0.000000 -0.568059 -0.822988
vn 0.000000 -0.568059 -0.822988
vn 0.000000 -0.354607 -0.935016
vn 0.000000 -0.120536 -0.992709
vn 0.000000 -0.354607 -0.935016
vn 0.000000 -0.120536 -0.992709
vn 0.000000 0.120536 -0.992709
vn 0.000000 0.120536 -0.992709
vn 0.000000 0.354607 -0.935016
vn 0.000000 0.354607 -0.935016
vn 0.000000 0.568059 -0.822988
vn 0.000000 0.568059 -0.822988
vn 0.000000 0.748516 -0.663117
vn 0.000000 0.748516 -0.663117
vn 0.000000 0.885454 -0.464728
vn 0.000000 0.885454 -0.464728
vn 0.000000 0.970941 -0.239319
vn 0.000000 0.970941 -0.239319
vn 0.000000 1.000000 0.000000
vn -0.000000 0.970941 0.239319
vn 0.000000 1.000000 0.000000
vn -0.000000 0.970941 0.239319
vn -0.000000 0.885454 0.464728
vn 0.000000 0.885454 0.464728
vn -0.000000 0.748516 0.663117
vn 0.000000 0.748516 0.663117
vn -0.000000 0.568059 0.822988
vn 0.000000 0.568059 0.822988
vn -0.000000 0.354607 0.935016
vn 0.000000 0.354607 0.935016
vn -0.000000 0.120536 0.992709
vn 0.000000 0.120536 0.992709
vn 0.000000 -0.120537 0.992709
vn 0.000000 -0.120537 0.992709
vn 0.000000 -0.354603 0.935017
vn 0.000000 -0.354603 0.935017
vn 0.000000 -0.568068 0.822981
vn 0.000000 -0.568068 0.822981
vn 0.000000 -0.748511 0.663123
vn 0.000000 -0.748511 0.663123
vn 0.000000 -0.885456 0.464723
vn 0.000000 -0.885456 0.464723
vn 0.000000 -0.970941 0.239319
vn 0.000000 -0.970941 0.239319
vn 0.000000 -1.000000 0.000000
vn 0.000000 -1.000000 0.000000
vn 0.000000 -0.970941 -0.239319
vn 0.000000 -0.970941 -0.239319
vn 0.000000 -0.885456 -0.464723
vn 0.000000 -0.885456 -0.464723
vn 0.000000 -0.748511 -0.663123
vn 0.000000 -0.748511 -0.663123
vn 0.000000 -0.568068 -0.822981
vn 0.000000 -0.568068 -0.822981
vn 0.000000 -0.354603 -0.935017
vn 0.000000 -0.120537 -0.992709
vn 0.000000 -0.354603 -0.935017
vn 0.000000 -0.120537 -0.992709
vn 0.000000 0.120537 -0.992709
vn 0.000000 0.120537 -0.992709
vn 0.000000 0.354603 -0.935017
vn 0.000000 0.354603 -0.935017
vn 0.000000 0.568068 -0.822981
vn 0.000000 0.568068 -0.822981
vn 0.000000 0.748511 -0.663123
vn 0.000000 0.748511 -0.663123
vn 0.000000 0.885456 -0.464723
vn 0.000000 0.885456 -0.464723
vn 0.000000 0.970941 -0.239319
vn 0.000000 0.970941 -0.239319
vn 0.000000 1.000000 0.000000
vn -0.000000 0.970941 0.239319
vn 0.000000 1.000000 0.000000
vn -0.000000 0.970941 0.239319
vn -0.000000 0.885456 0.464723
vn 0.000000 0.885456 0.464723
vn -0.000000 0.748511 0.663123
vn 0.000000 0.748511 0.663123
vn -0.000000 0.568068 0.822981
vn 0.000000 0.568068 0.822981
vn -0.000000 0.354603 0.935017
vn 0.000000 0.354603 0.935017
vn -0.000000 0.120537 0.992709
vn 0.000000 0.120537 0.992709
vn 0.000000 -0.120537 0.992709
vn 0.000000 -0.120537 0.992709
vn 0.000000 -0.354603 0.935017
vn 0.000000 -0.354603 0.935017
vn 0.000000 -0.568068 0.822981
vn 0.000000 -0.568068 0.822981
vn 0.000000 -0.748511 0.663123
vn 0.000000 -0.748511 0.663123
vn 0.000000 -0.885456 0.464723
vn 0.000000 -0.885456 0.464723
vn 0.000000 -0.970941 0.239319
vn 0.000000 -0.970941 0.239319
vn 0.000000 -1.000000 0.000000
vn 0.000000 -1.000000 0.000000
vn 0.000000 -0.970941 -0.239319
vn 0.000000 -0.970941 -0.239319
vn 0.000000 -0.885456 -0.464723
vn 0.000000 -0.885456 -0.464723
vn 0.000000 -0.748511 -0.663123
vn 0.000000 -0.748511 -0.663123
vn 0.000000 -0.568068 -0.822981
vn 0.000000 -0.568068 -0.822981
vn 0.000000 -0.354603 -0.935017
vn 0.000000 -0.120537 -0.992709
vn 0.000000 -0.354603 -0.935017
vn 0.000000 -0.120537 -0.992709
vn 0.000000 0.120537 -0.992709
vn 0.000000 0.120537 -0.992709
vn 0.000000 0.354603 -0.935017
vn 0.000000 0.354603 -0.935017
vn 0.000000 0.568068 -0.822981
vn 0.000000 0.568068 -0.822981
vn 0.000000 0.748511 -0.663123
vn 0.000000 0.748511 -0.663123
vn 0.000000 0.885456 -0.464723
vn 0.000000 0.885456 -0.464723
vn 0.000000 0.970941 -0.239319
vn 0.000000 0.970941 -0.239319
vn 0.000000 1.000000 0.000000
vn -0.000000 0.970941 0.239319
vn 0.000000 1.000000 0.000000
vn -0.000000 0.970941 0.239319
vn -0.000000 0.885456 0.464723
vn 0.000000 0.885456 0.464723
vn -0.000000 0.748511 0.663123
vn 0.000000 0.748511 0.663123
vn -0.000000 0.568068 0.822981
vn 0.000000 0.568068 0.822981
vn -0.000000 0.354603 0.935017
vn 0.000000 0.354603 0.935017
vn -0.000000 0.120537 0.992709
vn 0.000000 0.120537 0.992709
vn 0.000000 -0.120538 0.992709
vn 0.000000 -0.120538 0.992709
vn 0.000000 -0.354605 0.935016
vn 0.000000 -0.354605 0.935016
vn 0.000000 -0.568060 0.822987
vn 0.000000 -0.568060 0.822987
vn 0.000000 -0.748515 0.663118
vn 0.000000 -0.748515 0.663118
vn 0.000000 -0.885454 0.464728
vn 0.000000 -0.885454 0.464728
vn 0.000000 -0.970941 0.239319
vn 0.000000 -0.970941 0.239319
vn 0.000000 -1.000000 0.000000
vn 0.000000 -1.000000 0.000000
vn 0.000000 -0.970941 -0.239319
vn 0.000000 -0.970941 -0.239319
vn 0.000000 -0.885454 -0.464728
vn 0.000000 -0.885454 -0.464728
vn 0.000000 -0.748515 -0.663118
vn 0.000000 -0.748515 -0.663118
vn 0.000000 -0.568060 -0.822987
vn 0.000000 -0.568060 -0.822987
vn 0.000000 -0.354605 -0.935016
vn 0.000000 -0.120538 -0.992709
vn 0.000000 -0.354605 -0.935016
vn 0.000000 -0.120538 -0.992709
vn 0.000000 0.120538 -0.992709
vn 0.000000 0.120538 -0.992709
vn 0.000000 0.354605 -0.935016
vn 0.000000 0.354605 -0.935016
vn 0.000000 0.568060 -0.822987
vn 0.000000 0.568060 -0.822987
vn 0.000000 0.748515 -0.663118
vn 0.000000 0.748515 -0.663118
vn 0.000000 0.885454 -0.464728
vn 0.000000 0.885454 -0.464728
vn 0.000000 0.970941 -0.239319
vn 0.000000 0.970941 -0.239319
vn 0.000000 1.000000 0.000000
vn -0.000000 0.970941 0.239319
vn 0.000000 1.000000 0.000000
vn -0.000000 0.970941 0.239319
vn -0.000000 0.885454 0.464728
vn 0.000000 0.885454 0.464728
vn -0.000000 0.748515 0.663118
vn 0.000000 0.748515 0.663118
vn -0.000000 0.568060 0.822987
vn 0.000000 0.568060 0.822987
vn -0.000000 0.354605 0.935016
vn 0.000000 0.354605 0.935016
vn -0.000000 0.120538 0.992709
vn 0.000000 0.120538 0.992709
vn 0.000000 -0.120537 0.992709
vn 0.000000 -0.120537 0.992709
vn 0.000000 -0.354603 0.935017
vn 0.000000 -0.354603 0.935017
vn 0.000000 -0.568068 0.822981
vn 0.000000 -0.568068 0.822981
vn 0.000000 -0.748511 0.663123
vn 0.000000 -0.748511 0.663123
vn 0.000000 -0.885456 0.464723
vn 0.000000 -0.885456 0.464723
vn 0.000000 -0.970941 0.239319
vn 0.000000 -0.970941 0.239319
vn 0.000000 -1.000000 0.000000
vn 0.000000 -1.000000 0.000000
vn 0.000000 -0.970941 -0.239319
vn 0.000000 -0.970941 -0.239319
vn 0.000000 -0.885456 -0.464723
vn 0.000000 -0.885456 -0.464723
vn 0.000000 -0.748511 -0.663123
vn 0.000000 -0.748511 -0.663123
vn 0.000000 -0.568068 -0.822981
vn 0.000000 -0.568068 -0.822981
vn 0.000000 -0.354605 -0.935016
vn 0.000000 -0.120535 -0.992709
vn 0.000000 -0.354605 -0.935016
vn 0.000000 -0.120535 -0.992709
vn 0.000000 0.120535 -0.992709
vn 0.000000 0.120535 -0.992709
vn 0.000000 0.354605 -0.935016
vn 0.000000 0.354605 -0.935016
vn 0.000000 0.568068 -0.822981
vn 0.000000 0.568068 -0.822981
vn 0.000000 0.748511 -0.663123
vn 0.000000 0.748511 -0.663123
vn 0.000000 0.885456 -0.464723
vn 0.000000 0.885456 -0.464723
vn 0.000000 0.970941 -0.239319
vn 0.000000 0.970941 -0.239319
vn 0.000000 1.000000 0.000000
vn -0.000000 0.970941 0.239319
vn 0.000000 1.000000 0.000000
vn -0.000000 0.970941 0.239319
vn -0.000000 0.885456 0.464723
vn 0.000000 0.885456 0.464723
vn -0.000000 0.748511 0.663123
vn 0.000000 0.748511 0.663123
vn -0.000000 0.568068 0.822981
vn 0.000000 0.568068 0.822981
vn -0.000000 0.354603 0.935017
vn 0.000000 0.354603 0.935017
vn -0.000000 0.120537 0.992709
vn 0.000000 0.120537 0.992709
vn 0.000000 -0.120537 0.992709
vn 0.000000 -0.120537 0.992709
vn 0.000000 -0.354603 0.935017
vn 0.000000 -0.354603 0.935017
vn 0.000000 -0.568068 0.822981
vn 0.000000 -0.568068 0.822981
vn 0.000000 -0.748511 0.663123
vn 0.000000 -0.748511 0.663123
vn 0.000000 -0.885456 0.464723
vn 0.000000 -0.885456 0.464723
vn 0.000000 -0.970941 0.239319
vn 0.000000 -0.970941 0.239319
vn 0.000000 -1.000000 0.000000
vn 0.000000 -1.000000 0.000000
vn 0.000000 -0.970941 -0.239319
vn 0.000000 -0.970941 -0.239319
vn 0.000000 -0.885456 -0.464723
vn 0.000000 -0.885456 -0.464723
vn 0.000000 -0.748511 -0.663123
vn 0.000000 -0.748511 -0.663123
vn 0.000000 -0.568068 -0.822981
vn 0.000000 -0.568068 -0.822981
vn 0.000000 -0.354605 -0.935016
vn 0.000000 -0.120535 -0.992709
vn 0.000000 -0.354605 -0.935016
vn 0.000000 -0.120535 -0.992709
vn 0.000000 0.120535 -0.992709
vn 0.000000 0.120535 -0.992709
vn 0.000000 0.354605 -0.935016
vn 0.000000 0.354605 -0.935016
vn 0.000000 0.568068 -0.822981
vn 0.000000 0.568068 -0.822981
vn 0.000000 0.748511 -0.663123
vn 0.000000 0.748511 -0.663123
vn 0.000000 0.885456 -0.464723
vn 0.000000 0.885456 -0.464723
vn 0.000000 0.970941 -0.239319
vn 0.000000 0.970941 -0.239319
vn 0.000000 1.000000 0.000000
vn -0.000000 0.970941 0.239319
vn 0.000000 1.000000 0.000000
vn -0.000000 0.970941 0.239319
vn -0.000000 0.885456 0.464723
vn 0.000000 0.885456 0.464723
vn -0.000000 0.748511 0.663123
vn 0.000000 0.748511 0.663123
vn -0.000000 0.568068 0.822981
vn 0.000000 0.568068 0.822981
vn -0.000000 0.354603 0.935017
vn 0.000000 0.354603 0.935017
vn -0.000000 0.120537 0.992709
vn 0.000000 0.120537 0.992709
vn 0.000000 -0.120538 0.992709
vn 0.000000 -0.120538 0.992709
vn 0.000000 -0.354605 0.935016
vn 0.000000 -0.354605 0.935016
vn 0.000000 -0.568060 0.822987
vn 0.000000 -0.568060 0.822987
vn 0.000000 -0.748515 0.663118
vn 0.000000 -0.748515 0.663118
vn 0.000000 -0.885454 0.464728
vn 0.000000 -0.885454 0.464728
vn 0.000000 -0.970941 0.239319
vn 0.000000 -0.970941 0.239319
vn 0.000000 -1.000000 0.000000
vn 0.000000 -1.000000 0.000000
vn 0.000000 -0.970941 -0.239319
vn 0.000000 -0.970941 -0.239319
vn 0.000000 -0.885454 -0.464728
vn 0.000000 -0.885454 -0.464728
vn 0.000000 -0.748515 -0.663118
vn 0.000000 -0.748515 -0.663118
vn 0.000000 -0.568060 -0.822987
vn 0.000000 -0.568060 -0.822987
vn 0.000000 -0.354605 -0.935016
vn 0.000000 -0.120538 -0.992709
vn 0.000000 -0.354605 -0.935016
vn 0.000000 -0.120538 -0.992709
vn 0.000000 0.120538 -0.992709
vn 0.000000 0.120538 -0.992709
vn 0.000000 0.354605 -0.935016
vn 0.000000 0.354605 -0.935016
vn 0.000000 0.568060 -0.822987
vn 0.000000 0.568060 -0.822987
vn 0.000000 0.748515 -0.663118
vn 0.000000 0.748515 -0.663118
vn 0.000000 0.885454 -0.464728
vn 0.000000 0.885454 -0.464728
vn 0.000000 0.970941 -0.239319
vn 0.000000 0.970941 -0.239319
vn 0.000000 1.000000 0.000000
vn -0.000000 0.970941 0.239319
vn 0.000000 1.000000 0.000000
vn -0.000000 0.970941 0.239319
vn -0.000000 0.885454 0.464728
vn 0.000000 0.885454 0.464728
vn -0.000000 0.748515 0.663118
vn 0.000000 0.748515 0.663118
vn -0.000000 0.568060 0.822987
vn 0.000000 0.568060 0.822987
vn -0.000000 0.354605 0.935016
vn 0.000000 0.354605 0.935016
vn -0.000000 0.120538 0.992709
vn 0.000000 0.120538 0.992709
vn 0.000000 -0.120538 0.992709
vn 0.000000 -0.120538 0.992709
vn 0.000000 -0.354605 0.935016
vn 0.000000 -0.354605 0.935016
vn 0.000000 -0.568060 0.822987
vn 0.000000 -0.568060 0.822987
vn 0.000000 -0.748515 0.663118
vn 0.000000 -0.748515 0.663118
vn 0.000000 -0.885454 0.464728
vn 0.000000 -0.885454 0.464728
vn 0.000000 -0.970941 0.239319
vn 0.000000 -0.970941 0.239319
vn 0.000000 -1.000000 0.000000
vn 0.000000 -1.000000 0.000000
vn 0.000000 -0.970941 -0.239319
vn 0.000000 -0.970941 -0.239319
vn 0.000000 -0.885454 -0.464728
vn 0.000000 -0.885454 -0.464728
vn 0.000000 -0.748515 -0.663118
vn 0.000000 -0.748515 -0.663118
vn 0.000000 -0.568060 -0.822987
vn 0.000000 -0.568060 -0.822987
vn 0.000000 -0.354605 -0.935016
vn 0.000000 -0.120538 -0.992709
vn 0.000000 -0.354605 -0.935016
vn 0.000000 -0.120538 -0.992709
vn 0.000000 0.120538 -0.992709
vn 0.000000 0.120538 -0.992709
vn 0.000000 0.354602 -0.935017
vn 0.000000 0.354602 -0.935017
vn 0.000000 0.568068 -0.822982
vn 0.000000 0.568068 -0.822982
vn 0.000000 0.748507 -0.663126
vn 0.000000 0.748507 -0.663126
vn 0.000000 0.885457 -0.464722
vn 0.000000 0.885457 -0.464722
vn 0.000000 0.970943 -0.239312
vn 0.000000 0.970943 -0.239312
vn 0.000000 1.000000 0.000000
vn -0.000000 0.970943 0.239312
vn 0.000000 1.000000 0.000000
vn -0.000000 0.970943 0.239312
vn -0.000000 0.885457 0.464722
vn 0.000000 0.885457 0.464722
vn -0.000000 0.748507 0.663126
vn 0.000000 0.748507 0.663126
vn -0.000000 0.568068 0.822982
vn 0.000000 0.568068 0.822982
vn -0.000000 0.354602 0.935017
vn 0.000000 0.354602 0.935017
vn -0.000000 0.120538 0.992709
vn 0.000000 0.120538 0.992709
vn 0.000000 -0.120538 0.992709
vn 0.000000 -0.120538 0.992709
vn 0.000000 -0.354605 0.935016
vn 0.000000 -0.354605 0.935016
vn 0.000000 -0.568060 0.822987
vn 0.000000 -0.568060 0.822987
vn 0.000000 -0.748514 0.663119
vn 0.000000 -0.748514 0.663119
vn 0.000000 -0.885454 0.464726
vn 0.000000 -0.885454 0.464726
vn 0.000000 -0.970941 0.239319
vn 0.000000 -0.970941 0.239319
vn 0.000000 -1.000000 0.000000
vn 0.000000 -1.000000 0.000000
vn 0.000000 -0.970941 -0.239319
vn 0.000000 -0.970941 -0.239319
vn 0.000000 -0.885454 -0.464726
vn 0.000000 -0.885454 -0.464726
vn 0.000000 -0.748514 -0.663119
vn 0.000000 -0.748514 -0.663119
vn 0.000000 -0.568060 -0.822987
vn 0.000000 -0.568060 -0.822987
vn 0.000000 -0.354605 -0.935016
vn 0.000000 -0.120538 -0.992709
vn 0.000000 -0.354605 -0.935016
vn 0.000000 -0.120538 -0.992709
vn 0.000000 0.120538 -0.992709
vn 0.000000 0.120538 -0.992709
vn 0.000000 0.354605 -0.935016
vn 0.000000 0.354605 -0.935016
vn 0.000000 0.568060 -0.822987
vn 0.000000 0.568060 -0.822987
vn 0.000000 0.748514 -0.663119
vn 0.000000 0.748514 -0.663119
vn 0.000000 0.885454 -0.464726
vn 0.000000 0.885454 -0.464726
vn 0.000000 0.970941 -0.239319
vn 0.000000 0.970941 -0.239319
vn 0.000000 1.000000 0.000000
vn -0.000000 0.970941 0.239319
vn 0.000000 1.000000 0.000000
vn -0.000000 0.970941 0.239319
vn -0.000000 0.885454 0.464726
vn 0.000000 0.885454 0.464726
vn -0.000000 0.748514 0.663119
vn 0.000000 0.748514 0.663119
vn -0.000000 0.568060 0.822987
vn 0.000000 0.568060 0.822987
vn -0.000000 0.354605 0.935016
vn 0.000000 0.354605 0.935016
vn -0.000000 0.120538 0.992709
vn 0.000000 0.120538 0.992709
vn 0.000000 -0.120535 0.992709
vn 0.000000 -0.120535 0.992709
vn 0.000000 -0.354605 0.935016
vn 0.000000 -0.354605 0.935016
vn 0.000000 -0.568068 0.822981
vn 0.000000 -0.568068 0.822981
vn 0.000000 -0.748512 0.663121
vn 0.000000 -0.748512 0.663121
vn 0.000000 -0.885455 0.464725
vn 0.000000 -0.885455 0.464725
vn 0.000000 -0.970941 0.239319
vn 0.000000 -0.970941 0.239319
vn 0.000000 -1.000000 0.000000
vn 0.000000 -1.000000 0.000000
vn 0.000000 -0.970941 -0.239319
vn 0.000000 -0.970941 -0.239319
vn 0.000000 -0.885455 -0.464725
vn 0.000000 -0.885455 -0.464725
vn 0.000000 -0.748512 -0.663121
vn 0.000000 -0.748512 -0.663121
vn 0.000000 -0.568068 -0.822981
vn 0.000000 -0.568068 -0.822981
vn 0.000000 -0.354605 -0.935016
vn 0.000000 -0.120535 -0.992709
vn 0.000000 -0.354605 -0.935016
vn 0.000000 -0.120535 -0.992709
vn 0.000000 0.120535 -0.992709
vn 0.000000 0.120535 -0.992709
vn 0.000000 0.354605 -0.935016
vn 0.000000 0.354605 -0.935016
vn 0.000000 0.568068 -0.822981
vn 0.000000 0.568068 -0.822981
vn 0.000000 0.748512 -0.663121
vn 0.000000 0.748512 -0.663121
vn 0.000000 0.885455 -0.464725
vn 0.000000 0.885455 -0.464725
vn 0.000000 0.970941 -0.239319
vn 0.000000 0.970941 -0.239319
vn 0.000000 1.000000 0.000000
vn -0.000000 0.970941 0.239319
vn 0.000000 1.000000 0.000000
vn -0.000000 0.970941 0.239319
vn -0.000000 0.885455 0.464725
vn 0.000000 0.885455 0.464725
vn -0.000000 0.748512 0.663121
vn 0.000000 0.748512 0.663121
vn -0.000000 0.568068 0.822981
vn 0.000000 0.568068 0.822981
vn -0.000000 0.354605 0.935016
vn 0.000000 0.354605 0.935016
vn -0.000000 0.120535 0.992709
vn 0.000000 0.120535 0.992709
vn 0.000000 -0.120535 0.992709
vn 0.000000 -0.120535 0.992709
vn 0.000000 -0.354605 0.935016
vn 0.000000 -0.354605 0.935016
vn 0.000000 -0.568068 0.822981
vn 0.000000 -0.568068 0.822981
vn 0.000000 -0.748512 0.663121
vn 0.000000 -0.748512 0.663121
vn 0.000000 -0.885455 0.464725
vn 0.000000 -0.885455 0.464725
vn 0.000000 -0.970941 0.239319
vn 0.000000 -0.970941 0.239319
vn 0.000000 -1.000000 0.000000
vn 0.000000 -1.000000 0.000000
vn 0.000000 -0.970941 -0.239319
vn 0.000000 -0.970941 -0.239319
vn 0.000000 -0.885455 -0.464725
vn 0.000000 -0.885455 -0.464725
vn 0.000000 -0.748512 -0.663121
vn 0.000000 -0.748512 -0.663121
vn 0.000000 -0.568068 -0.822981
vn 0.000000 -0.568068 -0.822981
vn 0.000000 -0.354605 -0.935016
vn 0.000000 -0.120535 -0.992709
vn 0.000000 -0.354605 -0.935016
vn 0.000000 -0.120535 -0.992709
vn 0.000000 0.120535 -0.992709
vn 0.000000 0.120535 -0.992709
vn 0.000000 0.354605 -0.935016
vn 0.000000 0.354605 -0.935016
vn 0.000000 0.568068 -0.822981
vn 0.000000 0.568068 -0.822981
vn 0.000000 0.748512 -0.663121
vn 0.000000 0.748512 -0.663121
vn 0.000000 0.885455 -0.464725
vn 0.000000 0.885455 -0.464725
vn 0.000000 0.970941 -0.239319
vn 0.000000 0.970941 -0.239319
vn 0.000000 1.000000 0.000000
vn -0.000000 0.970941 0.239319
vn 0.000000 1.000000 0.000000
vn -0.000000 0.970941 0.239319
vn -0.000000 0.885455 0.464725
vn 0.000000 0.885455 0.464725
vn -0.000000 0.748512 0.663121
vn 0.000000 0.748512 0.663121
vn -0.000000 0.568068 0.822981
vn 0.000000 0.568068 0.822981
vn -0.000000 0.354605 0.935016
vn 0.000000 0.354605 0.935016
vn -0.000000 0.120535 0.992709
vn 0.000000 0.120535 0.992709
vn 0.000000 -0.120538 0.992709
vn 0.000000 -0.120538 0.992709
vn 0.000000 -0.354605 0.935016
vn 0.000000 -0.354605 0.935016
vn 0.000000 -0.568060 0.822987
vn 0.000000 -0.568060 0.822987
vn 0.000000 -0.748514 0.663119
vn 0.000000 -0.748514 0.663119
vn 0.000000 -0.885454 0.464726
vn 0.000000 -0.885454 0.464726
vn 0.000000 -0.970941 0.239319
vn 0.000000 -0.970941 0.239319
vn 0.000000 -1.000000 0.000000
vn 0.000000 -1.000000 0.000000
vn 0.000000 -0.970941 -0.239319
vn 0.000000 -0.970941 -0.239319
vn 0.000000 -0.885454 -0.464726
vn 0.000000 -0.885454 -0.464726
vn 0.000000 -0.748514 -0.663119
vn 0.000000 -0.748514 -0.663119
vn 0.000000 -0.568060 -0.822987
vn 0.000000 -0.568060 -0.822987
vn 0.000000 -0.354605 -0.935016
vn 0.000000 -0.120538 -0.992709
vn 0.000000 -0.354605 -0.935016
vn 0.000000 -0.120538 -0.992709
vn 0.000000 0.120538 -0.992709
vn 0.000000 0.120538 -0.992709
vn 0.000000 0.354605 -0.935016
vn 0.000000 0.354605 -0.935016
vn 0.000000 0.568060 -0.822987
vn 0.000000 0.568060 -0.822987
vn 0.000000 0.748514 -0.663119
vn 0.000000 0.748514 -0.663119
vn 0.000000 0.885454 -0.464726
vn 0.000000 0.885454 -0.464726
vn 0.000000 0.970941 -0.239319
vn 0.000000 0.970941 -0.239319
vn 0.000000 1.000000 0.000000
vn -0.000000 0.970941 0.239319
vn 0.000000 1.000000 0.000000
vn -0.000000 0.970941 0.239319
vn -0.000000 0.885454 0.464726
vn 0.000000 0.885454 0.464726
vn -0.000000 0.748514 0.663119
vn 0.000000 0.748514 0.663119
vn -0.000000 0.568060 0.822987
vn 0.000000 0.568060 0.822987
vn -0.000000 0.354605 0.935016
vn 0.000000 0.354605 0.935016
vn -0.000000 0.120538 0.992709
vn 0.000000 0.120538 0.992709
vn 0.000000 -0.120538 0.992709
vn 0.000000 -0.120538 0.992709
vn 0.000000 -0.354605 0.935016
vn 0.000000 -0.354605 0.935016
vn 0.000000 -0.568060 0.822987
vn 0.000000 -0.568060 0.822987
vn 0.000000 -0.748514 0.663119
vn 0.000000 -0.748514 0.663119
vn 0.000000 -0.885454 0.464726
vn 0.000000 -0.885454 0.464726
vn 0.000000 -0.970941 0.239319
vn 0.000000 -0.970941 0.239319
vn 0.000000 -1.000000 0.000000
vn 0.000000 -1.000000 0.000000
vn 0.000000 -0.970941 -0.239319
vn 0.000000 -0.970941 -0.239319
vn 0.000000 -0.885454 -0.464726
vn 0.000000 -0.885454 -0.464726
vn 0.000000 -0.748514 -0.663119
vn 0.000000 -0.748514 -0.663119
vn 0.000000 -0.568060 -0.822987
vn 0.000000 -0.568060 -0.822987
vn 0.000000 -0.354605 -0.935016
vn 0.000000 -0.120538 -0.992709
vn 0.000000 -0.354605 -0.935016
vn 0.000000 -0.120538 -0.992709
vn 0.000000 0.120538 -0.992709
vn 0.000000 0.120538 -0.992709
vn 0.000000 0.354605 -0.935016
vn 0.000000 0.354605 -0.935016
vn 0.000000 0.568060 -0.822987
vn 0.000000 0.568060 -0.822987
vn 0.000000 0.748514 -0.663119
vn 0.000000 0.748514 -0.663119
vn 0.000000 0.885454 -0.464726
vn 0.000000 0.885454 -0.464726
vn 0.000000 0.970941 -0.239319
vn 0.000000 0.970941 -0.239319
vn 0.000000 1.000000 0.000000
vn -0.000000 0.970941 0.239319
vn 0.000000 1.000000 0.000000
vn -0.000000 0.970941 0.239319
vn -0.000000 0.885454 0.464726
vn 0.000000 0.885454 0.464726
vn -0.000000 0.748514 0.663119
vn 0.000000 0.748514 0.663119
vn -0.000000 0.568060 0.822987
vn 0.000000 0.568060 0.822987
vn -0.000000 0.354605 0.935016
vn 0.000000 0.354605 0.935016
vn -0.000000 0.120538 0.992709
vn 0.000000 0.120538 0.992709
vn 0.000000 -0.120535 0.992709
vn 0.000000 -0.120535 0.992709
vn 0.000000 -0.354605 0.935016
vn 0.000000 -0.354605 0.935016
vn 0.000000 -0.568068 0.822981
vn 0.000000 -0.568068 0.822981
vn 0.000000 -0.748512 0.663121
vn 0.000000 -0.748512 0.663121
vn 0.000000 -0.885455 0.464725
vn 0.000000 -0.885455 0.464725
vn 0.000000 -0.970941 0.239319
vn 0.000000 -0.970941 0.239319
vn 0.000000 -1.000000 0.000000
vn 0.000000 -1.000000 0.000000
vn 0.000000 -0.970941 -0.239319
vn 0.000000 -0.970941 -0.239319
vn 0.000000 -0.885455 -0.464725
vn 0.000000 -0.885455 -0.464725
vn 0.000000 -0.748512 -0.663121
vn 0.000000 -0.748512 -0.663121
vn 0.000000 -0.568068 -0.822981
vn 0.000000 -0.568068 -0.822981
vn 0.000000 -0.354605 -0.935016
vn 0.000000 -0.120535 -0.992709
vn 0.000000 -0.354605 -0.935016
vn 0.000000 -0.120535 -0.992709
vn 0.000000 0.120535 -0.992709
vn 0.000000 0.120535 -0.992709
vn 0.000000 0.354605 -0.935016
vn 0.000000 0.354605 -0.935016
vn 0.000000 0.568068 -0.822981
vn 0.000000 0.568068 -0.822981
vn 0.000000 0.748512 -0.663121
vn 0.000000 0.748512 -0.663121
vn 0.000000 0.885455 -0.464725
vn 0.000000 0.885455 -0.464725
vn 0.000000 0.970941 -0.239319
vn 0.000000 0.970941 -0.239319
vn 0.000000 1.000000 0.000000
vn -0.000000 0.970941 0.239319
vn 0.000000 1.000000 0.000000
vn -0.000000 0.970941 0.239319
vn -0.000000 0.885455 0.464725
vn 0.000000 0.885455 0.464725
vn -0.000000 0.748512 0.663121
vn 0.000000 0.748512 0.663121
vn -0.000000 0.568068 0.822981
vn 0.000000 0.568068 0.822981
vn -0.000000 0.354605 0.935016
vn 0.000000 0.354605 0.935016
vn -0.000000 0.120535 0.992709
vn 0.000000 0.120535 0.992709
vn 0.000000 -0.120535 0.992709
vn 0.000000 -0.120535 0.992709
vn 0.000000 -0.354605 0.935016
vn 0.000000 -0.354605 0.935016
vn 0.000000 -0.568068 0.822981
vn 0.000000 -0.568068 0.822981
vn 0.000000 -0.748512 0.663121
vn 0.000000 -0.748512 0.663121
vn 0.000000 -0.885455 0.464725
vn 0.000000 -0.885455 0.464725
vn 0.000000 -0.970941 0.239319
vn 0.000000 -0.970941 0.239319
vn 0.000000 -1.000000 0.000000
vn 0.000000 -1.000000 0.000000
vn 0.000000 -0.970941 -0.239319
vn 0.000000 -0.970941 -0.239319
vn 0.000000 -0.885455 -0.464725
vn 0.000000 -0.885455 -0.464725
vn 0.000000 -0.748512 -0.663121
vn 0.000000 -0.748512 -0.663121
vn 0.000000 -0.568068 -0.822981
vn 0.000000 -0.568068 -0.822981
vn 0.000000 -0.354605 -0.935016
vn 0.000000 -0.120535 -0.992709
vn 0.000000 -0.354605 -0.935016
vn 0.000000 -0.120535 -0.992709
vn 0.000000 0.120535 -0.992709
vn 0.000000 0.120535 -0.992709
vn 0.000000 0.354605 -0.935016
vn 0.000000 0.354605 -0.935016
vn 0.000000 0.568068 -0.822981
vn 0.000000 0.568068 -0.822981
vn 0.000000 0.748512 -0.663121
vn 0.000000 0.748512 -0.663121
vn 0.000000 0.885455 -0.464725
vn 0.000000 0.885455 -0.464725
vn 0.000000 0.970941 -0.239319
vn 0.000000 0.970941 -0.239319
vn 0.000000 1.000000 0.000000
vn -0.000000 0.970941 0.239319
vn 0.000000 1.000000 0.000000
vn -0.000000 0.970941 0.239319
vn -0.000000 0.885455 0.464725
vn 0.000000 0.885455 0.464725
vn -0.000000 0.748512 0.663121
vn 0.000000 0.748512 0.663121
vn -0.000000 0.568068 0.822981
vn 0.000000 0.568068 0.822981
vn -0.000000 0.354605 0.935016
vn 0.000000 0.354605 0.935016
vn -0.000000 0.120535 0.992709
vn 0.000000 0.120535 0.992709
vn 0.000000 -0.120538 0.992709
vn 0.000000 -0.120538 0.992709
vn 0.000000 -0.354605 0.935016
vn 0.000000 -0.354605 0.935016
vn 0.000000 -0.568060 0.822987
vn 0.000000 -0.568060 0.822987
vn 0.000000 -0.748514 0.663119
vn 0.000000 -0.748514 0.663119
vn 0.000000 -0.885454 0.464726
vn 0.000000 -0.885454 0.464726
vn 0.000000 -0.970941 0.239319
vn 0.000000 -0.970941 0.239319
vn 0.000000 -1.000000 0.000000
vn 0.000000 -1.000000 0.000000
vn 0.000000 -0.970941 -0.239319
vn 0.000000 -0.970941 -0.239319
vn 0.000000 -0.885454 -0.464726
vn 0.000000 -0.885454 -0.464726
vn 0.000000 -0.748514 -0.663119
vn 0.000000 -0.748514 -0.663119
vn 0.000000 -0.568060 -0.822987
vn 0.000000 -0.568060 -0.822987
vn 0.000000 -0.354605 -0.935016
vn 0.000000 -0.120538 -0.992709
vn 0.000000 -0.354605 -0.935016
vn 0.000000 -0.120538 -0.992709
vn 0.000000 0.120538 -0.992709
vn 0.000000 0.120538 -0.992709
vn 0.000000 0.354605 -0.935016
vn 0.000000 0.354605 -0.935016
vn 0.000000 0.568060 -0.822987
vn 0.000000 0.568060 -0.822987
vn 0.000000 0.748514 -0.663119
vn 0.000000 0.748514 -0.663119
vn 0.000000 0.885454 -0.464726
vn 0.000000 0.885454 -0.464726
vn 0.000000 0.970941 -0.239319
vn 0.000000 0.970941 -0.239319
vn 0.000000 1.000000 0.000000
vn -0.000000 0.970941 0.239319
vn 0.000000 1.000000 0.000000
vn -0.000000 0.970941 0.239319
vn -0.000000 0.885454 0.464726
vn 0.000000 0.885454 0.464726
vn -0.000000 0.748514 0.663119
vn 0.000000 0.748514 0.663119
vn -0.000000 0.568060 0.822987
vn 0.000000 0.568060 0.822987
vn -0.000000 0.354605 0.935016
vn 0.000000 0.354605 0.935016
vn -0.000000 0.120538 0.992709
vn 0.000000 0.120538 0.992709
vn 0.000000 -0.120538 0.992709
vn 0.000000 -0.120538 0.992709
vn 0.000000 -0.354605 0.935016
vn 0.000000 -0.354605 0.935016
vn 0.000000 -0.568060 0.822987
vn 0.000000 -0.568060 0.822987
vn 0.000000 -0.748514 0.663119
vn 0.000000 -0.748514 0.663119
vn 0.000000 -0.885454 0.464726
vn 0.000000 -0.885454 0.464726
vn 0.000000 -0.970941 0.239319
vn 0.000000 -0.970941 0.239319
vn 0.000000 -1.000000 0.000000
vn 0.000000 -1.000000 0.000000
vn 0.000000 -0.970941 -0.239319
vn 0.000000 -0.970941 -0.239319
vn 0.000000 -0.885454 -0.464726
vn 0.000000 -0.885454 -0.464726
vn 0.000000 -0.748514 -0.663119
vn 0.000000 -0.748514 -0.663119
vn 0.000000 -0.568060 -0.822987
vn 0.000000 -0.568060 -0.822987
vn 0.000000 -0.354605 -0.935016
vn 0.000000 -0.120538 -0.992709
vn 0.000000 -0.354605 -0.935016
vn 0.000000 -0.120538 -0.992709
vn 0.000000 0.120538 -0.992709
vn 0.000000 0.120538 -0.992709
vn 0.000000 0.354605 -0.935016
vn 0.000000 0.354605 -0.935016
vn 0.000000 0.568060 -0.822987
vn 0.000000 0.568060 -0.822987
vn 0.000000 0.748514 -0.663119
vn 0.000000 0.748514 -0.663119
vn 0.000000 0.885454 -0.464726
vn 0.000000 0.885454 -0.464726
vn 0.000000 0.970941 -0.239319
vn 0.000000 0.970941 -0.239319
vn 0.000000 1.000000 0.000000
vn -0.000000 0.970941 0.239319
vn 0.000000 1.000000 0.000000
vn -0.000000 0.970941 0.239319
vn -0.000000 0.885454 0.464726
vn 0.000000 0.885454 0.464726
vn -0.000000 0.748514 0.663119
vn 0.000000 0.748514 0.663119
vn -0.000000 0.568060 0.822987
vn 0.000000 0.568060 0.822987
vn -0.000000 0.354605 0.935016
vn 0.000000 0.354605 0.935016
vn -0.000000 0.120538 0.992709
vn 0.000000 0.120538 0.992709
vn 0.000000 -0.120538 0.992709
vn 0.000000 -0.120538 0.992709
vn 0.000000 -0.354605 0.935016
vn 0.000000 -0.354605 0.935016
vn 0.000000 -0.568060 0.822987
vn 0.000000 -0.568060 0.822987
vn 0.000000 -0.748514 0.663119
vn 0.000000 -0.748514 0.663119
vn 0.000000 -0.885454 0.464726
vn 0.000000 -0.885454 0.464726
vn 0.000000 -0.970941 0.239319
vn 0.000000 -0.970941 0.239319
vn 0.000000 -1.000000 0.000000
vn 0.000000 -1.000000 0.000000
vn 0.000000 -0.970941 -0.239319
vn 0.000000 -0.970941 -0.239319
vn 0.000000 -0.885454 -0.464726
vn 0.000000 -0.885454 -0.464726
vn 0.000000 -0.748514 -0.663119
vn 0.000000 -0.748514 -0.663119
vn 0.000000 -0.568060 -0.822987
vn 0.000000 -0.568060 -0.822987
vn 0.000000 -0.354605 -0.935016
vn 0.000000 -0.120538 -0.992709
vn 0.000000 -0.354605 -0.935016
vn 0.000000 -0.120538 -0.992709
vn 0.000000 0.120538 -0.992709
vn 0.000000 0.120538 -0.992709
vn 0.000000 0.354605 -0.935016
vn 0.000000 0.354605 -0.935016
vn 0.000000 0.568060 -0.822987
vn 0.000000 0.568060 -0.822987
vn 0.000000 0.748514 -0.663119
vn 0.000000 0.748514 -0.663119
vn 0.000000 0.885454 -0.464726
vn 0.000000 0.885454 -0.464726
vn 0.000000 0.970941 -0.239319
vn 0.000000 0.970941 -0.239319
vn 0.000000 1.000000 0.000000
vn -0.000000 0.970941 0.239319
vn 0.000000 1.000000 0.000000
vn -0.000000 0.970941 0.239319
vn -0.000000 0.885454 0.464726
vn 0.000000 0.885454 0.464726
vn -0.000000 0.748514 0.663119
vn 0.000000 0.748514 0.663119
vn -0.000000 0.568060 0.822987
vn 0.000000 0.568060 0.822987
vn -0.000000 0.354605 0.935016
vn 0.000000 0.354605 0.935016
vn -0.000000 0.120538 0.992709
vn 0.000000 0.120538 0.992709
vn 0.000000 -0.120536 0.992709
vn 0.000000 -0.120536 0.992709
vn 0.000000 -0.354605 0.935016
vn 0.000000 -0.354605 0.935016
vn 0.000000 -0.568065 0.822984
vn 0.000000 -0.568065 0.822984
vn 0.000000 -0.748511 0.663122
vn 0.000000 -0.748511 0.663122
vn 0.000000 -0.885456 0.464723
vn 0.000000 -0.885456 0.464723
vn 0.000000 -0.970942 0.239316
vn 0.000000 -0.970942 0.239316
vn 0.000000 -1.000000 0.000000
vn 0.000000 -1.000000 0.000000
vn 0.000000 -0.970942 -0.239316
vn 0.000000 -0.970942 -0.239316
vn 0.000000 -0.885456 -0.464723
vn 0.000000 -0.885456 -0.464723
vn 0.000000 -0.748510 -0.663123
vn 0.000000 -0.748510 -0.663123
vn 0.000000 -0.568066 -0.822983
vn 0.000000 -0.568066 -0.822983
vn 0.000000 -0.354604 -0.935017
vn 0.000000 -0.354604 -0.935017
vn 0.000000 -0.120538 -0.992709
vn 0.000000 -0.120538 -0.992709
vn 0.000000 0.120538 -0.992709
vn 0.000000 0.120538 -0.992709
vn 0.000000 0.354604 -0.935017
vn 0.000000 0.354604 -0.935017
vn 0.000000 0.568066 -0.822983
vn 0.000000 0.568066 -0.822983
vn 0.000000 0.748510 -0.663123
vn 0.000000 0.748510 -0.663123
vn 0.000000 0.885456 -0.464723
vn 0.000000 0.970942 -0.239316
vn 0.000000 0.885456 -0.464723
vn 0.000000 0.970942 -0.239316
vn 0.000000 1.000000 0.000000
vn 0.000000 1.000000 -0.000000
vn -0.000000 0.970942 0.239316
vn 0.000000 0.970942 0.239316
vn -0.000000 0.885456 0.464723
vn 0.000000 0.885456 0.464723
vn -0.000000 0.748511 0.663122
vn 0.000000 0.748511 0.663122
vn -0.000000 0.354605 0.935016
vn -0.000000 0.568065 0.822984
vn 0.000000 0.568065 0.822984
vn -0.000000 0.354605 0.935016
vn -0.000000 0.120536 0.992709
vn 0.000000 0.120536 0.992709
vn 0.000000 0.000000 1.000000
vn 0.000000 0.000000 1.000000
vn 0.000000 1.000000 0.000000
vn 0.000000 1.000000 0.000000
vn 0.000000 -1.000000 0.000000
vn 0.000000 -1.000000 0.000000
vn 0.000000 0.000000 -1.000000
vn 0.000000 0.000000 -1.000000
vn 0.000000 -0.120538 0.992709
vn 0.000000 -0.120538 0.992709
vn 0.000000 -0.354604 0.935017
vn 0.000000 -0.354604 0.935017
vn 0.000000 -0.568066 0.822983
vn 0.000000 -0.568066 0.822983
vn 0.000000 -0.748509 0.663125
vn 0.000000 -0.748509 0.663125
vn 0.000000 -0.885457 0.464721
vn 0.000000 -0.885457 0.464721
vn 0.000000 -0.970942 0.239316
vn 0.000000 -0.970942 0.239316
vn 0.000000 -1.000000 0.000000
vn 0.000000 -1.000000 0.000000
vn 0.000000 -0.970942 -0.239316
vn 0.000000 -0.970942 -0.239316
vn 0.000000 -0.885457 -0.464721
vn 0.000000 -0.885457 -0.464721
vn 0.000000 -0.748509 -0.663125
vn 0.000000 -0.748509 -0.663125
vn 0.000000 -0.568066 -0.822983
vn 0.000000 -0.568066 -0.822983
vn 0.000000 -0.354604 -0.935017
vn 0.000000 -0.354604 -0.935017
vn 0.000000 -0.120538 -0.992709
vn 0.000000 -0.120538 -0.992709
vn 0.000000 0.120538 -0.992709
vn 0.000000 0.120538 -0.992709
vn 0.000000 0.354604 -0.935017
vn 0.000000 0.354604 -0.935017
vn 0.000000 0.568066 -0.822983
vn 0.000000 0.568066 -0.822983
vn 0.000000 0.748509 -0.663125
vn 0.000000 0.748509 -0.663125
vn 0.000000 0.885457 -0.464721
vn 0.000000 0.970942 -0.239316
vn 0.000000 0.885457 -0.464721
vn 0.000000 0.970942 -0.239316
vn 0.000000 1.000000 0.000000
vn 0.000000 1.000000 -0.000000
vn -0.000000 0.970942 0.239316
vn 0.000000 0.970942 0.239316
vn -0.000000 0.885457 0.464721
vn 0.000000 0.885457 0.464721
vn -0.000000 0.748509 0.663125
vn 0.000000 0.748509 0.663125
vn -0.000000 0.354604 0.935017
vn -0.000000 0.568066 0.822983
vn 0.000000 0.568066 0.822983
vn -0.000000 0.354604 0.935017
vn -0.000000 0.120538 0.992709
vn 0.000000 0.120538 0.992709
vn 0.000000 -1.000000 0.000000
vn 0.000000 -1.000000 0.000000
vn 1.000000 0.000000 0.000000
vn 1.000000 0.000000 0.000000
vn 1.000000 -0.000000 0.000000
vn 1.000000 0.000000 0.000000
vn 1.000000 0.000000 0.000000
vn 1.000000 0.000000 0.000000
vn 1.000000 0.000000 0.000000
vn 1.000000 0.000000 0.000000
vn 1.000000 0.000000 0.000000
vn 1.000000 0.000000 0.000000
vn 1.000000 0.000000 0.000000
vn 1.000000 0.000000 0.000000
vn 1.000000 0.000000 0.000000
vn 1.000000 -0.000000 0.000000
vn 1.000000 -0.000000 0.000000
vn 1.000000 0.000000 0.000000
vn 1.000000 -0.000000 0.000000
vn 1.000000 0.000000 0.000000
vn 1.000000 -0.000000 0.000000
vn 1.000000 -0.000000 0.000000
vn 1.000000 0.000000 0.000000
vn 1.000000 -0.000000 0.000000
vn 1.000000 -0.000000 0.000000
vn 1.000000 0.000000 0.000000
vn 1.000000 -0.000000 0.000000
vn 1.000000 -0.000000 0.000000
vn 1.000000 -0.000000 0.000000
vn 1.000000 -0.000000 0.000000
vn 1.000000 -0.000000 0.000000
vn 1.000000 -0.000000 0.000000
vn 1.000000 0.000000 0.000000
vn 1.000000 0.000000 0.000000
vn 1.000000 0.000000 0.000000
vn 1.000000 0.000000 0.000000
vn 1.000000 0.000000 0.000000
vn 1.000000 0.000000 0.000000
vn 1.000000 0.000000 0.000000
vn 1.000000 0.000000 0.000000
vn 1.000000 0.000000 0.000000
vn 1.000000 0.000000 0.000000
vn 1.000000 0.000000 0.000000
vn 1.000000 0.000000 0.000000
vn 1.000000 0.000000 0.000000
vn 1.000000 -0.000000 0.000000
vn 1.000000 0.000000 0.000000
vn 1.000000 0.000000 0.000000
vn 1.000000 0.000000 0.000000
vn 1.000000 0.000000 0.000000
vn 1.000000 0.000000 0.000000
vn 1.000000 0.000000 0.000000
vn 1.000000 -0.000000 0.000000
vn 1.000000 0.000000 0.000000
vn 1.000000 -0.000000 0.000000
vn 1.000000 0.000000 0.000000
vn 1.000000 -0.000000 0.000000
vn 1.000000 0.000000 0.000000
vn 1.000000 0.000000 0.000000
vn 1.000000 0.000000 0.000000
vn 1.000000 -0.000000 0.000000
vn 1.000000 0.000000 0.000000
vn 1.000000 -0.000000 0.000000
vn 1.000000 -0.000000 0.000000
vn 1.000000 0.000000 0.000000
vn 1.000000 0.000000 0.000000
vn 1.000000 0.000000 0.000000
vn 1.000000 0.000000 0.000000
vn 1.000000 0.000000 0.000000
vn 1.000000 0.000000 0.000000
vn 1.000000 0.000000 0.000000
vn 1.000000 0.000000 0.000000
vn 1.000000 0.000000 0.000000
vn 1.000000 0.000000 0.000000
vn 1.000000 0.000000 0.000000
vn 1.000000 0.000000 0.000000
vn 1.000000 0.000000 0.000000
vn 1.000000 0.000000 0.000000
vn 1.000000 0.000000 0.000000
vn 1.000000 0.000000 0.000000
vn 1.000000 0.000000 0.000000
vn 1.000000 0.000000 0.000000
vn 1.000000 0.000000 0.000000
vn 1.000000 0.000000 0.000000
vn 1.000000 0.000000 0.000000
vn 1.000000 0.000000 0.000000
vn 1.000000 0.000000 0.000000
vn 0.000000 0.000000 1.000000
vn 0.000000 0.000000 1.000000
vn 1.000000 0.000000 0.000000
vn 1.000000 0.000000 0.000000
vn 1.000000 0.000000 0.000000
vn 1.000000 0.000000 0.000000
vn 1.000000 -0.000000 0.000000
vn 1.000000 -0.000000 0.000000
vn 1.000000 0.000000 0.000000
vn 1.000000 0.000000 0.000000
vn 1.000000 0.000000 0.000000
vn 1.000000 -0.000000 0.000000
vn 1.000000 -0.000000 0.000000
vn 1.000000 0.000000 0.000000
vn 1.000000 0.000000 0.000000
vn 1.000000 -0.000000 0.000000
vn 1.000000 0.000000 0.000000
vn 1.000000 -0.000000 0.000000
vn 1.000000 0.000000 0.000000
vn 1.000000 -0.000000 0.000000
vn 1.000000 0.000000 0.000000
vn 1.000000 0.000000 0.000000
vn 1.000000 0.000000 0.000000
vn 1.000000 0.000000 0.000000
vn 1.000000 0.000000 0.000000
vn 1.000000 -0.000000 0.000000
vn 1.000000 0.000000 0.000000
vn 1.000000 0.000000 0.000000
vn 1.000000 0.000000 0.000000
vn 1.000000 0.000000 0.000000
vn 1.000000 0.000000 0.000000
vn 1.000000 -0.000000 0.000000
vn 1.000000 0.000000 0.000000
vn 1.000000 -0.000000 0.000000
vn 1.000000 0.000000 0.000000
vn 1.000000 0.000000 0.000000
vn 1.000000 -0.000000 0.000000
vn 1.000000 -0.000000 0.000000
vn 1.000000 -0.000000 0.000000
vn 1.000000 0.000000 0.000000
vn 1.000000 0.000000 0.000000
vn 1.000000 0.000000 0.000000
vn 1.000000 0.000000 0.000000
vn 1.000000 0.000000 0.000000
vn 1.000000 0.000000 0.000000
vn 1.000000 0.000000 0.000000
vn 1.000000 0.000000 0.000000
vn 1.000000 0.000000 0.000000
vn 1.000000 0.000000 0.000000
vn 1.000000 0.000000 0.000000
vn 1.000000 0.000000 0.000000
vn 1.000000 0.000000 0.000000
vn 1.000000 -0.000000 0.000000
vn 1.000000 0.000000 0.000000
vn 1.000000 0.000000 0.000000
vn 1.000000 -0.000000 0.000000
vn 1.000000 0.000000 0.000000
vn 1.000000 -0.000000 0.000000
vn 1.000000 0.000000 0.000000
vn 1.000000 -0.000000 0.000000
vn 1.000000 -0.000000 0.000000
vn 1.000000 0.000000 0.000000
vn 1.000000 -0.000000 0.000000
vn 1.000000 0.000000 0.000000
vn 1.000000 0.000000 0.000000
vn 1.000000 0.000000 0.000000
vn 1.000000 -0.000000 0.000000
vn 1.000000 -0.000000 0.000000
vn 1.000000 0.000000 0.000000
vn 1.000000 0.000000 0.000000
vn 1.000000 0.000000 0.000000
vn 1.000000 -0.000000 0.000000
vn 1.000000 0.000000 0.000000
vn 1.000000 -0.000000 0.000000
vn 1.000000 -0.000000 0.000000
vn 1.000000 -0.000000 0.000000
vn 1.000000 0.000000 0.000000
vn 1.000000 0.000000 0.000000
vn 1.000000 0.000000 0.000000
vn 1.000000 -0.000000 0.000000
vn 1.000000 0.000000 0.000000
vn 1.000000 0.000000 0.000000
vn 1.000000 -0.000000 0.000000
vn 1.000000 0.000000 0.000000
vn 1.000000 -0.000000 0.000000
vn 1.000000 0.000000 0.000000
vn 1.000000 0.000000 0.000000
vn 1.000000 -0.000000 0.000000
vn 1.000000 0.000000 0.000000
vn 1.000000 -0.000000 0.000000
vn 1.000000 -0.000000 0.000000
vn 1.000000 0.000000 0.000000
vn 1.000000 0.000000 0.000000
vn 1.000000 -0.000000 0.000000
vn 1.000000 0.000000 0.000000
vn 1.000000 -0.000000 0.000000
vn 1.000000 0.000000 0.000000
vn 1.000000 0.000000 0.000000
vn 1.000000 -0.000000 0.000000
vn 1.000000 -0.000000 0.000000
vn 1.000000 0.000000 0.000000
vn 1.000000 -0.000000 0.000000
vn 1.000000 0.000000 0.000000
vn 1.000000 -0.000000 0.000000
vn 1.000000 -0.000000 0.000000
vn 1.000000 0.000000 0.000000
vn 1.000000 0.000000 0.000000
vn 1.000000 0.000000 0.000000
vn 1.000000 0.000000 0.000000
vn 1.000000 0.000000 0.000000
vn 1.000000 0.000000 0.000000
vn 1.000000 -0.000000 0.000000
vn 1.000000 0.000000 0.000000
vn 1.000000 0.000000 0.000000
vn 1.000000 -0.000000 0.000000
vn 1.000000 0.000000 0.000000
vn 1.000000 0.000000 0.000000
vn 1.000000 0.000000 0.000000
vn 1.000000 0.000000 0.000000
vn 1.000000 0.000000 0.000000
vn 1.000000 0.000000 0.000000
vn 1.000000 0.000000 0.000000
vn 1.000000 -0.000000 0.000000
vn 1.000000 -0.000000 0.000000
vn 1.000000 0.000000 0.000000
vn 1.000000 0.000000 0.000000
vn 1.000000 0.000000 0.000000
vn 1.000000 0.000000 0.000000
vn 1.000000 0.000000 0.000000
vn 1.000000 -0.000000 0.000000
vn 1.000000 0.000000 0.000000
vn 1.000000 0.000000 0.000000
vn 1.000000 0.000000 0.000000
vn 1.000000 -0.000000 0.000000
vn 1.000000 0.000000 0.000000
vn 1.000000 -0.000000 0.000000
vn 1.000000 0.000000 0.000000
vn 1.000000 0.000000 0.000000
vn 1.000000 -0.000000 0.000000
vn 1.000000 0.000000 0.000000
vn 1.000000 0.000000 0.000000
vn 1.000000 0.000000 0.000000
vn 1.000000 -0.000000 0.000000
vn 1.000000 -0.000000 0.000000
vn 1.000000 0.000000 0.000000
vn 1.000000 -0.000000 0.000000
vn 1.000000 0.000000 0.000000
vn 1.000000 -0.000000 0.000000
vn 1.000000 0.000000 0.000000
vn 1.000000 0.000000 0.000000
vn 1.000000 -0.000000 0.000000
vn 1.000000 -0.000000 0.000000
vn 1.000000 0.000000 0.000000
vn 1.000000 0.000000 0.000000
vn 1.000000 0.000000 0.000000
vn 1.000000 -0.000000 0.000000
vn 1.000000 0.000000 0.000000
vn 1.000000 -0.000000 0.000000
vn 1.000000 0.000000 0.000000
vn 1.000000 0.000000 0.000000
vn 1.000000 0.000000 0.000000
vn 1.000000 0.000000 0.000000
vn 1.000000 -0.000000 0.000000
vn 1.000000 -0.000000 0.000000
vn 1.000000 -0.000000 0.000000
vn 1.000000 0.000000 0.000000
vn 1.000000 0.000000 0.000000
vn 1.000000 0.000000 0.000000
vn 1.000000 -0.000000 0.000000
vn 1.000000 0.000000 0.000000
vn 1.000000 -0.000000 0.000000
vn 1.000000 0.000000 0.000000
vn 1.000000 0.000000 0.000000
vn 1.000000 -0.000000 0.000000
vn 1.000000 0.000000 0.000000
vn 1.000000 0.000000 0.000000
vn 1.000000 0.000000 0.000000
vn 1.000000 -0.000000 0.000000
vn 1.000000 -0.000000 0.000000
vn 1.000000 0.000000 0.000000
vn 1.000000 -0.000000 0.000000
vn 1.000000 0.000000 0.000000
vn 1.000000 -0.000000 0.000000
vn 1.000000 0.000000 0.000000
vn 1.000000 -0.000000 0.000000
vn 1.000000 -0.000000 0.000000
vn 1.000000 0.000000 0.000000
vn 1.000000 -0.000000 0.000000
vn 1.000000 -0.000000 0.000000
vn 1.000000 -0.000000 0.000000
vn 1.000000 0.000000 0.000000
vn 1.000000 0.000000 0.000000
vn 1.000000 0.000000 0.000000
vn 1.000000 0.000000 0.000000
vn 1.000000 -0.000000 0.000000
vn 1.000000 -0.000000 0.000000
vn 1.000000 0.000000 0.000000
vn 1.000000 -0.000000 0.000000
vn 1.000000 0.000000 0.000000
vn 1.000000 -0.000000 0.000000
vn 1.000000 0.000000 0.000000
vn 1.000000 -0.000000 0.000000
vn 1.000000 0.000000 0.000000
vn 1.000000 -0.000000 0.000000
vn 1.000000 0.000000 0.000000
vn 1.000000 0.000000 0.000000
vn 1.000000 0.000000 0.000000
vn 1.000000 0.000000 0.000000
vn 1.000000 0.000000 0.000000
vn 1.000000 0.000000 0.000000
vn 1.000000 0.000000 0.000000
vn 1.000000 0.000000 0.000000
vn 1.000000 0.000000 0.000000
vn 1.000000 0.000000 0.000000
vn 1.000000 -0.000000 0.000000
vn 1.000000 0.000000 0.000000
vn 1.000000 -0.000000 0.000000
vn 1.000000 0.000000 0.000000
vn 1.000000 0.000000 0.000000
vn 1.000000 -0.000000 0.000000
vn 1.000000 0.000000 0.000000
vn 1.000000 0.000000 0.000000
vn 1.000000 -0.000000 0.000000
vn 1.000000 0.000000 0.000000
vn 1.000000 -0.000000 0.000000
vn 1.000000 0.000000 0.000000
vn 1.000000 0.000000 0.000000
vn 1.000000 0.000000 0.000000
vn 1.000000 0.000000 0.000000
vn 1.000000 0.000000 0.000000
vn 1.000000 0.000000 0.000000
vn 1.000000 0.000000 0.000000
vn 1.000000 0.000000 0.000000
vn 1.000000 -0.000000 0.000000
vn 1.000000 -0.000000 0.000000
vn 1.000000 0.000000 0.000000
vn 1.000000 0.000000 0.000000
vn 1.000000 0.000000 0.000000
vn 1.000000 0.000000 0.000000
vn 1.000000 0.000000 0.000000
vn 1.000000 0.000000 0.000000
vn 1.000000 -0.000000 0.000000
vn 1.000000 0.000000 0.000000
vn 1.000000 -0.000000 0.000000
vn 1.000000 0.000000 0.000000
vn 1.000000 0.000000 0.000000
vn 1.000000 0.000000 0.000000
vn 1.000000 -0.000000 0.000000
vn 1.000000 0.000000 0.000000
vn 1.000000 0.000000 0.000000
vn 1.000000 -0.000000 0.000000
vn 1.000000 -0.000000 0.000000
vn 1.000000 0.000000 0.000000
vn 1.000000 0.000000 0.000000
vn 1.000000 0.000000 0.000000
vn 1.000000 -0.000000 0.000000
vn 1.000000 0.000000 0.000000
vn 1.000000 -0.000000 0.000000
vn 1.000000 -0.000000 0.000000
vn 1.000000 -0.000000 0.000000
vn 1.000000 0.000000 0.000000
vn 1.000000 -0.000000 0.000000
vn 1.000000 -0.000000 0.000000
vn 1.000000 0.000000 0.000000
vn 1.000000 -0.000000 0.000000
vn 1.000000 0.000000 0.000000
vn 1.000000 -0.000000 0.000000
vn 1.000000 0.000000 0.000000
vn 1.000000 0.000000 0.000000
vn 1.000000 -0.000000 0.000000
vn 1.000000 0.000000 0.000000
vn 1.000000 0.000000 0.000000
vn 1.000000 -0.000000 0.000000
vn 1.000000 0.000000 0.000000
vn 1.000000 -0.000000 0.000000
vn 1.000000 0.000000 0.000000
vn 1.000000 -0.000000 0.000000
vn 1.000000 0.000000 0.000000
vn 1.000000 0.000000 0.000000
vn 1.000000 0.000000 0.000000
vn 1.000000 -0.000000 0.000000
vn 1.000000 -0.000000 0.000000
vn 1.000000 -0.000000 0.000000
vn 1.000000 0.000000 0.000000
vn 1.000000 -0.000000 0.000000
vn 1.000000 0.000000 0.000000
vn 1.000000 0.000000 0.000000
vn 1.000000 0.000000 0.000000
vn 1.000000 0.000000 0.000000
vn 1.000000 -0.000000 0.000000
vn 1.000000 0.000000 0.000000
vn 1.000000 -0.000000 0.000000
vn 1.000000 0.000000 0.000000
vn 1.000000 -0.000000 0.000000
vn 1.000000 0.000000 0.000000
vn 1.000000 -0.000000 0.000000
vn 1.000000 0.000000 0.000000
vn 1.000000 -0.000000 0.000000
vn 1.000000 0.000000 0.000000
vn 1.000000 0.000000 0.000000
vn 1.000000 -0.000000 0.000000
vn 1.000000 -0.000000 0.000000
vn 1.000000 0.000000 0.000000
vn 1.000000 0.000000 0.000000
vn 1.000000 0.000000 0.000000
vn 1.000000 0.000000 0.000000
vn 1.000000 0.000000 0.000000
vn 1.000000 0.000000 0.000000
vn 1.000000 -0.000000 0.000000
vn 1.000000 -0.000000 0.000000
vn 1.000000 0.000000 0.000000
vn 1.000000 -0.000000 0.000000
vn 1.000000 0.000000 0.000000
vn 1.000000 0.000000 0.000000
vn 1.000000 -0.000000 0.000000
vn 1.000000 0.000000 0.000000
vn 1.000000 -0.000000 0.000000
vn 1.000000 0.000000 0.000000
vn 1.000000 0.000000 0.000000
vn 1.000000 0.000000 0.000000
vn 1.000000 0.000000 0.000000
vn 1.000000 0.000000 0.000000
vn 1.000000 0.000000 0.000000
vn 1.000000 0.000000 0.000000
vn 1.000000 0.000000 0.000000
vn 1.000000 0.000000 0.000000
vn 1.000000 -0.000000 0.000000
vn 1.000000 0.000000 0.000000
vn 1.000000 0.000000 0.000000
vn 1.000000 -0.000000 0.000000
vn 1.000000 0.000000 0.000000
vn 1.000000 0.000000 0.000000
vn 1.000000 -0.000000 0.000000
vn 1.000000 0.000000 0.000000
vn 1.000000 -0.000000 0.000000
vn 1.000000 0.000000 0.000000
vn 1.000000 0.000000 0.000000
vn 1.000000 0.000000 0.000000
vn 1.000000 0.000000 0.000000
vn 1.000000 0.000000 0.000000
vn 1.000000 0.000000 0.000000
vn 1.000000 0.000000 0.000000
vn 1.000000 0.000000 0.000000
vn 1.000000 0.000000 0.000000
vn 1.000000 -0.000000 0.000000
vn 1.000000 0.000000 0.000000
vn 1.000000 0.000000 0.000000
vn 1.000000 -0.000000 0.000000
vn 1.000000 0.000000 0.000000
vn 1.000000 0.000000 0.000000
vn 1.000000 -0.000000 0.000000
vn 1.000000 0.000000 0.000000
vn 1.000000 0.000000 0.000000
vn 1.000000 0.000000 0.000000
vn 1.000000 0.000000 0.000000
vn 1.000000 0.000000 0.000000
vn 1.000000 -0.000000 0.000000
vn 1.000000 -0.000000 0.000000
vn 1.000000 0.000000 0.000000
vn 1.000000 0.000000 0.000000
vn 1.000000 0.000000 0.000000
vn 1.000000 0.000000 0.000000
vn 1.000000 -0.000000 0.000000
vn 1.000000 0.000000 0.000000
vn 1.000000 0.000000 0.000000
vn 1.000000 -0.000000 0.000000
vn 1.000000 0.000000 0.000000
vn 1.000000 -0.000000 0.000000
vn 1.000000 -0.000000 0.000000
vn 1.000000 -0.000000 0.000000
vn 1.000000 0.000000 0.000000
vn 1.000000 -0.000000 0.000000
vn 1.000000 0.000000 0.000000
vn 1.000000 -0.000000 0.000000
vn 1.000000 -0.000000 0.000000
vn 1.000000 -0.000000 0.000000
vn 1.000000 0.000000 0.000000
vn 1.000000 0.000000 0.000000
vn 1.000000 -0.000000 0.000000
vn 1.000000 0.000000 0.000000
vn 1.000000 -0.000000 0.000000
vn 1.000000 -0.000000 0.000000
vn 1.000000 0.000000 0.000000
vn 1.000000 0.000000 0.000000
vn 1.000000 -0.000000 0.000000
vn 1.000000 0.000000 0.000000
vn 1.000000 -0.000000 0.000000
vn 1.000000 -0.000000 0.000000
vn 1.000000 0.000000 0.000000
vn 1.000000 0.000000 0.000000
vn 1.000000 0.000000 0.000000
vn 1.000000 -0.000000 0.000000
vn 1.000000 0.000000 0.000000
vn 1.000000 -0.000000 0.000000
vn 1.000000 0.000000 0.000000
vn 1.000000 0.000000 0.000000
vn 1.000000 -0.000000 0.000000
vn 1.000000 0.000000 0.000000
vn 1.000000 0.000000 0.000000
vn 1.000000 0.000000 0.000000
vn 1.000000 -0.000000 0.000000
vn 1.000000 0.000000 0.000000
vn 1.000000 0.000000 0.000000
vn 1.000000 0.000000 0.000000
vn 1.000000 -0.000000 0.000000
vn 1.000000 0.000000 0.000000
vn 1.000000 0.000000 0.000000
vn 1.000000 -0.000000 0.000000
vn 1.000000 0.000000 0.000000
vn 1.000000 -0.000000 0.000000
vn 1.000000 -0.000000 0.000000
vn 1.000000 0.000000 0.000000
vn 1.000000 0.000000 0.000000
vn 1.000000 0.000000 0.000000
vn 1.000000 -0.000000 0.000000
vn 1.000000 0.000000 0.000000
vn 1.000000 -0.000000 0.000000
vn 1.000000 0.000000 0.000000
vn 1.000000 0.000000 0.000000
vn 1.000000 0.000000 0.000000
vn 1.000000 0.000000 0.000000
vn 1.000000 0.000000 0.000000
vn 1.000000 0.000000 0.000000
vn 1.000000 -0.000000 0.000000
vn 1.000000 0.000000 0.000000
vn 1.000000 -0.000000 0.000000
vn 1.000000 -0.000000 0.000000
vn 1.000000 0.000000 0.000000
vn 1.000000 0.000000 0.000000
vn 1.000000 -0.000000 0.000000
vn 1.000000 -0.000000 0.000000
vn 1.000000 0.000000 0.000000
vn 1.000000 0.000000 0.000000
vn 1.000000 0.000000 0.000000
vn 1.000000 0.000000 0.000000
vn 1.000000 0.000000 0.000000
vn 1.000000 0.000000 0.000000
vn 1.000000 0.000000 0.000000
vn 1.000000 0.000000 0.000000
vn 1.000000 -0.000000 0.000000
vn 1.000000 0.000000 0.000000
vn 1.000000 0.000000 0.000000
vn 1.000000 -0.000000 0.000000
vn 1.000000 -0.000000 0.000000
vn 1.000000 0.000000 0.000000
vn 1.000000 -0.000000 0.000000
vn 1.000000 0.000000 0.000000
vn 1.000000 -0.000000 0.000000
vn 1.000000 0.000000 0.000000
vn 1.000000 0.000000 0.000000
vn 1.000000 0.000000 0.000000
vn 1.000000 0.000000 0.000000
vn 1.000000 0.000000 0.000000
vn 1.000000 0.000000 0.000000
vn 1.000000 0.000000 0.000000
vn 1.000000 -0.000000 0.000000
vn 1.000000 0.000000 0.000000
vn 1.000000 0.000000 0.000000
vn 1.000000 -0.000000 0.000000
vn 1.000000 0.000000 0.000000
vn 1.000000 -0.000000 0.000000
vn 1.000000 -0.000000 0.000000
vn 1.000000 0.000000 0.000000
vn 1.000000 0.000000 0.000000
vn 1.000000 -0.000000 0.000000
vn 1.000000 0.000000 0.000000
vn 1.000000 0.000000 0.000000
vn 1.000000 0.000000 0.000000
vn 1.000000 0.000000 0.000000
vn 1.000000 0.000000 0.000000
vn 1.000000 -0.000000 0.000000
vn 1.000000 0.000000 0.000000
vn 1.000000 0.000000 0.000000
vn 1.000000 -0.000000 0.000000
vn 1.000000 0.000000 0.000000
vn 1.000000 0.000000 0.000000
vn 1.000000 -0.000000 0.000000
vn 1.000000 0.000000 0.000000
vn 1.000000 0.000000 0.000000
vn 1.000000 -0.000000 0.000000
vn 1.000000 -0.000000 0.000000
vn 1.000000 0.000000 0.000000
vn 1.000000 -0.000000 0.000000
vn 1.000000 -0.000000 0.000000
vn 1.000000 -0.000000 0.000000
vn 1.000000 0.000000 0.000000
vn 1.000000 -0.000000 0.000000
vn 1.000000 0.000000 0.000000
vn 1.000000 -0.000000 0.000000
vn 1.000000 0.000000 0.000000
vn 1.000000 -0.000000 0.000000
vn 1.000000 0.000000 0.000000
vn 1.000000 0.000000 0.000000
vn 1.000000 -0.000000 0.000000
vn 1.000000 0.000000 0.000000
vn 1.000000 -0.000000 0.000000
vn 1.000000 0.000000 0.000000
vn 1.000000 -0.000000 0.000000
vn 1.000000 0.000000 0.000000
vn 1.000000 0.000000 0.000000
vn 1.000000 0.000000 0.000000
vn 1.000000 0.000000 0.000000
vn 1.000000 -0.000000 0.000000
vn 1.000000 -0.000000 0.000000
vn 1.000000 0.000000 0.000000
vn 1.000000 0.000000 0.000000
vn 1.000000 0.000000 0.000000
vn 1.000000 0.000000 0.000000
vn 1.000000 -0.000000 0.000000
vn 1.000000 -0.000000 0.000000
vn 1.000000 0.000000 0.000000
vn 1.000000 -0.000000 0.000000
vn 1.000000 0.000000 0.000000
vn 1.000000 0.000000 0.000000
vn 1.000000 -0.000000 0.000000
vn 1.000000 0.000000 0.000000
vn 1.000000 -0.000000 0.000000
vn 1.000000 -0.000000 0.000000
vn 1.000000 0.000000 0.000000
vn 1.000000 0.000000 0.000000
vn 1.000000 0.000000 0.000000
vn 1.000000 -0.000000 0.000000
vn 1.000000 -0.000000 0.000000
vn 1.000000 0.000000 0.000000
vn 1.000000 0.000000 0.000000
vn 1.000000 -0.000000 0.000000
vn 1.000000 0.000000 0.000000
vn 1.000000 0.000000 0.000000
vn 1.000000 0.000000 0.000000
vn 1.000000 0.000000 0.000000
vn 1.000000 0.000000 0.000000
vn 1.000000 -0.000000 0.000000
vn 1.000000 -0.000000 0.000000
vn 1.000000 0.000000 0.000000
vn 1.000000 -0.000000 0.000000
vn 1.000000 -0.000000 0.000000
vn 1.000000 0.000000 0.000000
vn 1.000000 -0.000000 0.000000
vn 1.000000 -0.000000 0.000000
vn 1.000000 0.000000 0.000000
vn 1.000000 0.000000 0.000000
vn 1.000000 0.000000 0.000000
vn 1.000000 0.000000 0.000000
vn 1.000000 0.000000 0.000000
vn 1.000000 0.000000 0.000000
vn 1.000000 0.000000 0.000000
vn 1.000000 0.000000 0.000000
vn 1.000000 -0.000000 0.000000
vn 1.000000 0.000000 0.000000
vn 1.000000 0.000000 0.000000
vn 1.000000 -0.000000 0.000000
vn 1.000000 0.000000 0.000000
vn 1.000000 0.000000 0.000000
vn 1.000000 0.000000 0.000000
vn 1.000000 -0.000000 0.000000
vn 1.000000 0.000000 0.000000
vn 1.000000 -0.000000 0.000000
vn 1.000000 0.000000 0.000000
vn 1.000000 0.000000 0.000000
vn 1.000000 -0.000000 0.000000
vn 1.000000 -0.000000 0.000000
vn 1.000000 0.000000 0.000000
vn 1.000000 0.000000 0.000000
vn 1.000000 0.000000 0.000000
vn 1.000000 0.000000 0.000000
vn 1.000000 0.000000 0.000000
vn 1.000000 0.000000 0.000000
vn 1.000000 0.000000 0.000000
vn 1.000000 0.000000 0.000000
vn 1.000000 0.000000 0.000000
vn 1.000000 -0.000000 0.000000
vn 1.000000 0.000000 0.000000
vn 1.000000 -0.000000 0.000000
vn 1.000000 0.000000 0.000000
vn 1.000000 0.000000 0.000000
vn 1.000000 -0.000000 0.000000
vn 1.000000 -0.000000 0.000000
vn 1.000000 0.000000 0.000000
vn 1.000000 0.000000 0.000000
vn 1.000000 0.000000 0.000000
vn 1.000000 0.000000 0.000000
vn 1.000000 0.000000 0.000000
vn 1.000000 0.000000 0.000000
vn 1.000000 0.000000 0.000000
vn 1.000000 0.000000 0.000000
vn 1.000000 -0.000000 0.000000
vn 1.000000 0.000000 0.000000
vn 1.000000 0.000000 0.000000
vn 1.000000 0.000000 0.000000
vn 1.000000 -0.000000 0.000000
vn 1.000000 0.000000 0.000000
vn 1.000000 -0.000000 0.000000
vn 1.000000 -0.000000 0.000000
vn 1.000000 0.000000 0.000000
vn 1.000000 0.000000 0.000000
vn 1.000000 -0.000000 0.000000
vn 1.000000 0.000000 0.000000
vn 1.000000 0.000000 0.000000
vn 1.000000 -0.000000 0.000000
vn 1.000000 -0.000000 0.000000
vn 1.000000 -0.000000 0.000000
vn 1.000000 0.000000 0.000000
vn 1.000000 -0.000000 0.000000
vn 1.000000 0.000000 0.000000
vn 1.000000 0.000000 0.000000
vn 1.000000 0.000000 0.000000
vn 1.000000 0.000000 0.000000
vn 1.000000 0.000000 0.000000
vn 1.000000 -0.000000 0.000000
vn 1.000000 0.000000 0.000000
vn 1.000000 -0.000000 0.000000
vn 1.000000 0.000000 0.000000
vn 1.000000 0.000000 0.000000
vn 1.000000 -0.000000 0.000000
vn 1.000000 0.000000 0.000000
vn 1.000000 -0.000000 0.000000
vn 1.000000 0.000000 0.000000
vn 1.000000 -0.000000 0.000000
vn 1.000000 0.000000 0.000000
vn 1.000000 -0.000000 0.000000
vn 1.000000 -0.000000 0.000000
vn 1.000000 -0.000000 0.000000
vn 1.000000 0.000000 0.000000
vn 1.000000 0.000000 0.000000
vn 1.000000 -0.000000 0.000000
vn 1.000000 0.000000 0.000000
vn 1.000000 -0.000000 0.000000
vn 1.000000 0.000000 0.000000
vn 1.000000 -0.000000 0.000000
vn 1.000000 0.000000 0.000000
vn 1.000000 0.000000 0.000000
vn 1.000000 0.000000 0.000000
vn 1.000000 0.000000 0.000000
vn 1.000000 0.000000 0.000000
vn 1.000000 -0.000000 0.000000
vn 1.000000 0.000000 0.000000
vn 1.000000 0.000000 0.000000
vn 1.000000 -0.000000 0.000000
vn 1.000000 -0.000000 0.000000
vn 1.000000 0.000000 0.000000
vn 1.000000 -0.000000 0.000000
vn 1.000000 0.000000 0.000000
vn 1.000000 -0.000000 0.000000
vn 1.000000 0.000000 0.000000
vn 1.000000 0.000000 0.000000
vn 1.000000 0.000000 0.000000
vn 1.000000 0.000000 0.000000
vn 1.000000 0.000000 0.000000
vn 1.000000 0.000000 0.000000
vn 1.000000 -0.000000 0.000000
vn 1.000000 0.000000 0.000000
vn 1.000000 0.000000 0.000000
vn 1.000000 -0.000000 0.000000
vn 1.000000 0.000000 0.000000
vn 1.000000 0.000000 0.000000
vn 1.000000 0.000000 0.000000
vn 1.000000 0.000000 0.000000
vn 1.000000 0.000000 0.000000
vn 1.000000 -0.000000 0.000000
vn 1.000000 0.000000 0.000000
vn 1.000000 -0.000000 0.000000
vn 1.000000 -0.000000 0.000000
vn 1.000000 0.000000 0.000000
vn 1.000000 -0.000000 0.000000
vn 1.000000 0.000000 0.000000
vn 1.000000 0.000000 0.000000
vn 1.000000 0.000000 0.000000
vn 1.000000 0.000000 0.000000
vn 1.000000 0.000000 0.000000
vn 1.000000 0.000000 0.000000
vn 1.000000 0.000000 0.000000
vn 1.000000 0.000000 0.000000
vn 1.000000 -0.000000 0.000000
vn 1.000000 0.000000 0.000000
vn 1.000000 -0.000000 0.000000
vn 1.000000 0.000000 0.000000
vn 1.000000 0.000000 0.000000
vn 1.000000 -0.000000 0.000000
vn 1.000000 0.000000 0.000000
vn 1.000000 0.000000 0.000000
vn 1.000000 0.000000 0.000000
vn 1.000000 0.000000 0.000000
vn 1.000000 -0.000000 0.000000
vn 1.000000 0.000000 0.000000
vn 1.000000 0.000000 0.000000
vn 1.000000 0.000000 0.000000
vn 1.000000 0.000000 0.000000
vn 1.000000 -0.000000 0.000000
vn 1.000000 0.000000 0.000000
vn 1.000000 -0.000000 0.000000
vn 1.000000 0.000000 0.000000
vn 1.000000 -0.000000 0.000000
vn 1.000000 0.000000 0.000000
vn 1.000000 -0.000000 0.000000
vn 1.000000 0.000000 0.000000
vn 1.000000 -0.000000 0.000000
vn 1.000000 0.000000 0.000000
vn 1.000000 -0.000000 0.000000
vn 1.000000 0.000000 0.000000
vn 1.000000 -0.000000 0.000000
vn 1.000000 -0.000000 0.000000
vn 1.000000 0.000000 0.000000
vn 1.000000 0.000000 0.000000
vn 1.000000 0.000000 0.000000
vn 1.000000 -0.000000 0.000000
vn 1.000000 0.000000 0.000000
vn 1.000000 0.000000 0.000000
vn 1.000000 0.000000 0.000000
vn 1.000000 0.000000 0.000000
vn 1.000000 0.000000 0.000000
vn 1.000000 -0.000000 0.000000
vn 1.000000 0.000000 0.000000
vn 1.000000 -0.000000 0.000000
vn 1.000000 0.000000 0.000000
vn 1.000000 0.000000 0.000000
vn 1.000000 -0.000000 0.000000
vn 1.000000 0.000000 0.000000
vn 1.000000 -0.000000 0.000000
vn 1.000000 -0.000000 0.000000
vn 1.000000 0.000000 0.000000
vn 1.000000 -0.000000 0.000000
vn 1.000000 0.000000 0.000000
vn 1.000000 -0.000000 0.000000
vn 1.000000 0.000000 0.000000
vn 1.000000 -0.000000 0.000000
vn 1.000000 0.000000 0.000000
vn 1.000000 -0.000000 0.000000
vn 1.000000 -0.000000 0.000000
vn 1.000000 0.000000 0.000000
vn 1.000000 0.000000 0.000000
vn 1.000000 -0.000000 0.000000
vn 1.000000 0.000000 0.000000
vn 1.000000 0.000000 0.000000
vn 1.000000 -0.000000 0.000000
vn 1.000000 0.000000 0.000000
vn 1.000000 -0.000000 0.000000
vn 1.000000 0.000000 0.000000
vn 1.000000 -0.000000 0.000000
vn 1.000000 -0.000000 0.000000
vn 1.000000 -0.000000 0.000000
vn 1.000000 0.000000 0.000000
vn 1.000000 0.000000 0.000000
vn 1.000000 0.000000 0.000000
vn 1.000000 0.000000 0.000000
vn 1.000000 0.000000 0.000000
vn 1.000000 0.000000 0.000000
vn 1.000000 0.000000 0.000000
vn 1.000000 -0.000000 0.000000
vn 1.000000 -0.000000 0.000000
vn 1.000000 0.000000 0.000000
vn 1.000000 0.000000 0.000000
vn 1.000000 0.000000 0.000000
vn 1.000000 0.000000 0.000000
vn 1.000000 0.000000 0.000000
vn 1.000000 -0.000000 0.000000
vn 1.000000 0.000000 0.000000
vn 1.000000 -0.000000 0.000000
vn 1.000000 0.000000 0.000000
vn 1.000000 0.000000 0.000000
vn 1.000000 0.000000 0.000000
vn 1.000000 0.000000 0.000000
vn 1.000000 0.000000 0.000000
vn 1.000000 0.000000 0.000000
vn 1.000000 0.000000 0.000000
vn 1.000000 0.000000 0.000000
vn 1.000000 -0.000000 0.000000
vn 1.000000 -0.000000 0.000000
vn 1.000000 0.000000 0.000000
vn 1.000000 0.000000 0.000000
vn 1.000000 -0.000000 0.000000
vn 1.000000 0.000000 0.000000
vn 1.000000 0.000000 0.000000
vn 1.000000 0.000000 0.000000
vn 1.000000 0.000000 0.000000
vn 1.000000 0.000000 0.000000
vn 1.000000 -0.000000 0.000000
vn 1.000000 0.000000 0.000000
vn 1.000000 -0.000000 0.000000
vn 1.000000 0.000000 0.000000
vn 1.000000 0.000000 0.000000
vn 1.000000 -0.000000 0.000000
vn 1.000000 0.000000 0.000000
vn 1.000000 0.000000 0.000000
vn 1.000000 0.000000 0.000000
vn 1.000000 0.000000 0.000000
vn 1.000000 0.000000 0.000000
vn 1.000000 0.000000 0.000000
vn 1.000000 0.000000 0.000000
vn 1.000000 0.000000 0.000000
vn 1.000000 0.000000 0.000000
vn 1.000000 0.000000 0.000000
vn 1.000000 0.000000 0.000000
vn 1.000000 0.000000 0.000000
vn 1.000000 -0.000000 0.000000
vn 1.000000 0.000000 0.000000
vn 1.000000 0.000000 0.000000
vn 1.000000 -0.000000 0.000000
vn 1.000000 0.000000 0.000000
vn 1.000000 0.000000 0.000000
vn 1.000000 0.000000 0.000000
vn 1.000000 -0.000000 0.000000
vn 1.000000 0.000000 0.000000
vn 1.000000 0.000000 0.000000
vn 1.000000 0.000000 0.000000
vn 1.000000 0.000000 0.000000
vn 1.000000 0.000000 0.000000
vn 1.000000 -0.000000 0.000000
vn 1.000000 0.000000 0.000000
vn 1.000000 0.000000 0.000000
vn 1.000000 0.000000 0.000000
vn 1.000000 0.000000 0.000000
vn 1.000000 0.000000 0.000000
vn 1.000000 0.000000 0.000000
vn 1.000000 0.000000 0.000000
vn 1.000000 -0.000000 0.000000
vn 1.000000 0.000000 0.000000
vn 1.000000 0.000000 0.000000
vn 1.000000 0.000000 0.000000
vn 1.000000 0.000000 0.000000
vn 1.000000 0.000000 0.000000
vn 1.000000 0.000000 0.000000
vn 1.000000 0.000000 0.000000
vn 1.000000 0.000000 0.000000
vn 1.000000 0.000000 0.000000
vn 1.000000 0.000000 0.000000
vn 1.000000 -0.000000 0.000000
vn 0.000000 0.000000 1.000000
vn 0.000000 0.000000 1.000000
vn 1.000000 0.000000 0.000000
vn 1.000000 0.000000 0.000000
vn 1.000000 0.000000 0.000000
vn 1.000000 0.000000 0.000000
vn 1.000000 0.000000 0.000000
vn 1.000000 0.000000 0.000000
vn 1.000000 0.000000 0.000000
vn 1.000000 0.000000 0.000000
vn 1.000000 0.000000 0.000000
vn 1.000000 -0.000000 0.000000
vn 1.000000 -0.000000 0.000000
vn 1.000000 -0.000000 0.000000
vn 1.000000 0.000000 0.000000
vn 1.000000 0.000000 0.000000
vn 1.000000 -0.000000 0.000000
vn 1.000000 -0.000000 0.000000
vn 0.000000 0.000000 -1.000000
vn 0.000000 0.000000 -1.000000
vn 0.000000 0.000000 -1.000000
vn 0.000000 0.000000 -1.000000
vn 0.000000 0.000000 -1.000000
vn 0.000000 0.000000 -1.000000
vn 0.000000 -0.000000 -1.000000
vn 0.000000 0.000000 -1.000000
vn 0.000000 0.000000 -1.000000
vn 0.000000 0.000000 -1.000000
vn 0.000000 0.000000 -1.000000
vn 0.000000 0.000000 -1.000000
vn 0.000000 0.000000 -1.000000
vn 0.000000 0.000000 -1.000000
vn 0.000000 0.000000 -1.000000
vn 0.000000 0.000000 -1.000000
vn 0.000000 0.000000 -1.000000
vn 0.000000 0.000000 -1.000000
vn 0.000000 0.000000 -1.000000
vn 0.000000 0.000000 -1.000000
vn 0.000000 0.000000 -1.000000
vn 0.000000 0.000000 -1.000000
vn 0.000000 -0.000000 -1.000000
vn 0.000000 0.000000 -1.000000
vn 0.000000 0.000000 -1.000000
vn 0.000000 0.000000 -1.000000
vn 0.000000 0.000000 -1.000000
vn 0.000000 0.000000 -1.000000
vn 0.000000 0.000000 -1.000000
vn 0.000000 0.000000 -1.000000
vn 0.000000 0.000000 -1.000000
vn 0.000000 0.000000 -1.000000
vn 0.000000 0.000000 -1.000000
vn 0.000000 0.000000 -1.000000
vn 0.000000 0.000000 -1.000000
vn 0.000000 0.000000 -1.000000
vn 1.000000 -0.000000 0.000000
vn 1.000000 0.000000 0.000000
vn 1.000000 0.000000 0.000000
vn 1.000000 -0.000000 0.000000
vn 1.000000 -0.000000 0.000000
vn 1.000000 0.000000 0.000000
vn 0.000000 1.000000 0.000000
vn 0.000000 1.000000 0.000000
vn 0.707107 -0.707107 0.000000
vn 0.707107 -0.707107 0.000000
vn 0.000000 0.000000 1.000000
vn 0.000000 0.000000 1.000000
vn 0.000000 0.000000 1.000000
vn 0.000000 0.000000 1.000000
vn 0.000000 0.000000 1.000000
vn 0.000000 0.000000 1.000000
vn 0.000000 0.000000 1.000000
vn 0.000000 0.000000 1.000000
vn 0.000000 0.000000 1.000000
vn 0.000000 0.000000 1.000000
vn 0.000000 0.000000 1.000000
vn 0.000000 0.000000 1.000000
vn 0.000000 0.000000 1.000000
vn 0.000000 0.000000 1.000000
vn 0.000000 0.000000 1.000000
vn 0.000000 0.000000 1.000000
vn 0.000000 1.000000 0.000000
vn 0.000000 1.000000 0.000000
vn 0.000000 -0.420571 0.907260
vn 0.000000 -0.420571 0.907260
vn 0.000000 -0.537783 0.843083
vn 0.000000 -0.537783 0.843083
vn 0.000000 -0.645393 0.763851
vn 0.000000 -0.645393 0.763851
vn 0.000000 -0.741478 0.670977
vn 0.000000 -0.741478 0.670977
vn 0.000000 -0.824321 0.566123
vn 0.000000 -0.824321 0.566123
vn 0.000000 -0.892444 0.451157
vn 0.000000 -0.892444 0.451157
vn 0.000000 -0.944630 0.328137
vn 0.000000 -0.944630 0.328137
vn 0.000000 -0.979948 0.199255
vn 0.000000 -0.997765 0.066816
vn 0.000000 -0.979948 0.199255
vn -0.000000 -0.997765 -0.066816
vn 0.000000 -0.997765 0.066816
vn -0.000000 -0.979948 -0.199255
vn -0.000000 -0.997765 -0.066816
vn -0.000000 -0.944630 -0.328137
vn -0.000000 -0.979948 -0.199255
vn -0.000000 -0.892444 -0.451158
vn -0.000000 -0.944630 -0.328137
vn -0.000000 -0.824321 -0.566123
vn -0.000000 -0.892444 -0.451158
vn -0.000000 -0.741478 -0.670977
vn -0.000000 -0.824321 -0.566123
vn -0.000000 -0.741478 -0.670977
vn -0.000000 -0.645393 -0.763851
vn -0.000000 -0.645393 -0.763851
vn -0.000000 -0.537783 -0.843083
vn -0.000000 -0.537783 -0.843083
vn -0.000000 -0.420571 -0.907260
vn -0.000000 -0.420571 -0.907260
vn 0.000000 0.253941 -0.967220
vn 0.000000 0.253941 -0.967220
vn 0.000000 0.384875 -0.922969
vn 0.000000 0.384875 -0.922969
vn 0.000000 0.508458 -0.861087
vn 0.000000 0.508458 -0.861087
vn 0.000000 0.622329 -0.782756
vn 0.000000 0.622329 -0.782756
vn 0.000000 0.724311 -0.689474
vn 0.000000 0.724311 -0.689474
vn 0.000000 0.812457 -0.583021
vn 0.000000 0.812457 -0.583021
vn 0.000000 0.885084 -0.465431
vn 0.000000 0.885084 -0.465431
vn 0.000000 0.940804 -0.338950
vn 0.000000 0.940804 -0.338950
vn 0.000000 0.978553 -0.205995
vn 0.000000 0.978553 -0.205995
vn 0.000000 0.997609 -0.069105
vn 0.000000 0.997609 -0.069105
vn 0.000000 0.997609 0.069105
vn 0.000000 0.997609 0.069105
vn 0.000000 0.978553 0.205995
vn 0.000000 0.978553 0.205995
vn 0.000000 0.940804 0.338950
vn 0.000000 0.940804 0.338950
vn 0.000000 0.885084 0.465431
vn 0.000000 0.885084 0.465431
vn 0.000000 0.812457 0.583021
vn 0.000000 0.812457 0.583021
vn 0.000000 0.724311 0.689473
vn 0.000000 0.724311 0.689473
vn 0.000000 0.622329 0.782756
vn 0.000000 0.622329 0.782756
vn 0.000000 0.508458 0.861087
vn 0.000000 0.508458 0.861087
vn -0.000000 0.384875 0.922969
vn 0.000000 0.384875 0.922969
vn 0.000000 0.253941 0.967220
vn 0.000000 0.253941 0.967220
vn 1.000000 0.000000 -0.000000
vn 1.000000 0.000000 -0.000000
vn 1.000000 0.000000 0.000000
vn 1.000000 0.000000 -0.000000
vn 1.000000 0.000000 0.000000
vn 1.000000 0.000000 -0.000000
vn 1.000000 0.000000 0.000000
vn 1.000000 0.000000 -0.000000
vn 1.000000 0.000000 0.000000
vn 1.000000 0.000000 -0.000000
vn 1.000000 0.000000 0.000000
vn 1.000000 0.000000 0.000000
vn 1.000000 0.000000 0.000000
vn 1.000000 0.000000 -0.000000
vn 1.000000 0.000000 0.000000
vn 1.000000 0.000000 0.000000
vn 1.000000 0.000000 -0.000000
vn 1.000000 0.000000 0.000000
vn 1.000000 0.000000 -0.000000
vn 1.000000 0.000000 -0.000000
vn 1.000000 0.000000 0.000000
vn 1.000000 0.000000 -0.000000
vn 1.000000 0.000000 0.000000
vn 1.000000 0.000000 -0.000000
vn 1.000000 0.000000 0.000000
vn 1.000000 0.000000 0.000000
vn 1.000000 0.000000 0.000000
vn 1.000000 0.000000 0.000000
vn 1.000000 0.000000 0.000000
vn 1.000000 0.000000 0.000000
vn 1.000000 0.000000 0.000000
vn 1.000000 0.000000 0.000000
vn 1.000000 0.000000 0.000000
vn 1.000000 0.000000 0.000000
vn 1.000000 0.000000 0.000000
vn 1.000000 0.000000 0.000000
vn 1.000000 0.000000 0.000000
vn 1.000000 0.000000 0.000000
vn 0.000000 -0.253941 0.967220
vn 0.000000 -0.253941 0.967220
vn 0.000000 -0.384875 0.922969
vn 0.000000 -0.384875 0.922969
vn 0.000000 -0.508458 0.861087
vn 0.000000 -0.508458 0.861087
vn 0.000000 -0.622329 0.782756
vn 0.000000 -0.622329 0.782756
vn 0.000000 -0.724311 0.689473
vn 0.000000 -0.724311 0.689473
vn 0.000000 -0.812457 0.583021
vn 0.000000 -0.812457 0.583021
vn 0.000000 -0.885084 0.465431
vn 0.000000 -0.940804 0.338950
vn 0.000000 -0.885084 0.465431
vn 0.000000 -0.978553 0.205996
vn 0.000000 -0.940804 0.338950
vn 0.000000 -0.997609 0.069104
vn 0.000000 -0.978553 0.205996
vn 0.000000 -0.997609 -0.069104
vn 0.000000 -0.997609 0.069104
vn 0.000000 -0.978553 -0.205996
vn 0.000000 -0.997609 -0.069104
vn 0.000000 -0.940804 -0.338950
vn 0.000000 -0.978553 -0.205996
vn 0.000000 -0.885084 -0.465431
vn 0.000000 -0.940804 -0.338950
vn 0.000000 -0.885084 -0.465431
vn 0.000000 -0.812457 -0.583021
vn 0.000000 -0.812457 -0.583021
vn 0.000000 -0.724311 -0.689474
vn 0.000000 -0.724311 -0.689474
vn 0.000000 -0.622329 -0.782756
vn 0.000000 -0.622329 -0.782756
vn 0.000000 -0.508458 -0.861087
vn 0.000000 -0.508458 -0.861087
vn 0.000000 -0.384875 -0.922969
vn 0.000000 -0.253941 -0.967220
vn 0.000000 -0.384875 -0.922969
vn 0.000000 -0.253941 -0.967220
vn 0.000000 0.837812 -0.545959
vn 0.000000 0.837812 -0.545959
vn 0.000000 0.902352 -0.431000
vn 0.000000 0.902352 -0.431000
vn 0.000000 0.951210 -0.308545
vn 0.000000 0.951210 -0.308545
vn 0.000000 0.983533 -0.180730
vn 0.000000 0.983533 -0.180730
vn 0.000000 0.998761 -0.049773
vn 0.000000 0.998761 -0.049773
vn 0.000000 0.996628 0.082048
vn 0.000000 0.996628 0.082048
vn 0.000000 0.977173 0.212446
vn 0.000000 0.977173 0.212446
vn 0.000000 0.940734 0.339147
vn 0.000000 0.940734 0.339147
vn 0.000000 0.887941 0.459957
vn 0.000000 0.887941 0.459957
vn 0.000000 0.819716 0.572769
vn 0.000000 0.819716 0.572769
vn 0.000000 0.737242 0.675628
vn 0.000000 0.641955 0.766742
vn 0.000000 0.737242 0.675628
vn 0.000000 0.641955 0.766742
vn 0.000000 0.535509 0.844529
vn 0.000000 0.419755 0.907637
vn 0.000000 0.535509 0.844529
vn 0.000000 0.419755 0.907637
vn 1.000000 0.000000 0.000000
vn 1.000000 0.000000 0.000000
vn 1.000000 0.000000 0.000000
vn 1.000000 0.000000 0.000000
vn 1.000000 0.000000 0.000000
vn 1.000000 0.000000 0.000000
vn 1.000000 0.000000 0.000000
vn 1.000000 0.000000 0.000000
vn 1.000000 0.000000 0.000000
vn 1.000000 0.000000 0.000000
vn 1.000000 0.000000 0.000000
vn 1.000000 0.000000 0.000000
vn 1.000000 0.000000 0.000000
vn 1.000000 0.000000 0.000000
vn 1.000000 0.000000 0.000000
vn 1.000000 0.000000 0.000000
vn 1.000000 0.000000 0.000000
vn 1.000000 0.000000 0.000000
vn 1.000000 0.000000 0.000000
vn 1.000000 0.000000 0.000000
vn 1.000000 0.000000 -0.000000
vn 1.000000 0.000000 0.000000
vn 1.000000 0.000000 -0.000000
vn 1.000000 0.000000 0.000000
vn 1.000000 0.000000 -0.000000
vn 1.000000 0.000000 0.000000
vn 1.000000 0.000000 -0.000000
vn 1.000000 0.000000 -0.000000
vn 1.000000 0.000000 0.000000
vn 1.000000 0.000000 -0.000000
vn 1.000000 0.000000 0.000000
vn 1.000000 0.000000 0.000000
vn 1.000000 0.000000 0.000000
vn 1.000000 0.000000 -0.000000
vn 1.000000 0.000000 0.000000
vn 1.000000 0.000000 0.000000
vn 1.000000 0.000000 0.000000
vn 1.000000 0.000000 0.000000
vn 1.000000 0.000000 -0.000000
vn 0.000000 0.000000 1.000000
vn 0.000000 0.000000 1.000000
vn 0.000000 0.000000 1.000000
vn 0.000000 0.000000 1.000000
vn 0.000000 0.000000 1.000000
vn 0.000000 0.000000 1.000000
vn 0.000000 0.000000 1.000000
vn 0.000000 0.000000 1.000000
vn 0.000000 0.000000 1.000000
vn 0.000000 0.000000 1.000000
vn 0.000000 0.000000 1.000000
vn 0.000000 0.000000 1.000000
vn 0.000000 0.000000 1.000000
vn 0.000000 0.000000 1.000000
vn 0.000000 0.000000 1.000000
vn 0.000000 0.000000 1.000000
vn 0.000000 0.000000 1.000000
vn 0.707107 0.707107 -0.000000
vn 0.707107 0.707107 -0.000000
vn 0.000000 0.000000 -1.000000
vn 0.000000 0.000000 -1.000000
vn 0.000000 0.000000 -1.000000
vn 0.000000 0.000000 -1.000000
vn 0.000000 -0.000000 -1.000000
vn 0.000000 0.000000 -1.000000
vn 0.000000 0.000000 -1.000000
vn 0.000000 -0.000000 -1.000000
vn 0.000000 0.000000 -1.000000
vn 0.000000 0.000000 -1.000000
vn 0.000000 0.000000 -1.000000
vn 0.000000 -0.000000 -1.000000
vn 0.000000 0.000000 -1.000000
vn 0.000000 0.000000 -1.000000
vn 0.000000 -0.000000 -1.000000
vn 0.000000 0.000000 -1.000000
vn 0.000000 -0.000000 -1.000000
vn 0.000000 0.000000 -1.000000
vn 0.000000 0.000000 -1.000000
vn 0.000000 0.000000 -1.000000
vn 0.000000 0.000000 -1.000000
vn 0.000000 0.000000 -1.000000
vn 0.000000 0.000000 -1.000000
vn 0.000000 0.000000 -1.000000
vn 0.000000 0.000000 -1.000000
vn 0.000000 0.000000 -1.000000
vn 0.707107 0.707107 -0.000000
vn 0.707107 0.707107 -0.000000
vn 0.000000 0.000000 -1.000000
vn 0.000000 0.000000 -1.000000
vn 0.000000 0.000000 -1.000000
vn 0.000000 0.000000 -1.000000
vn 0.000000 -0.000000 -1.000000
vn 0.000000 0.000000 -1.000000
vn 0.000000 0.000000 -1.000000
vn 0.000000 -0.000000 -1.000000
vn 0.000000 0.000000 -1.000000
vn 0.000000 0.000000 -1.000000
vn 0.000000 0.000000 -1.000000
vn 0.000000 -0.000000 -1.000000
vn 0.000000 0.000000 -1.000000
vn 0.000000 0.000000 -1.000000
vn 0.000000 -0.000000 -1.000000
vn 0.000000 0.000000 -1.000000
vn 0.000000 -0.000000 -1.000000
vn 0.000000 0.000000 -1.000000
vn 0.000000 0.000000 -1.000000
vn 0.000000 0.000000 -1.000000
vn 0.000000 0.000000 -1.000000
vn 0.000000 0.000000 -1.000000
vn 0.000000 0.000000 -1.000000
vn 0.000000 0.000000 -1.000000
vn 0.000000 0.000000 -1.000000
vn 0.000000 0.000000 -1.000000
vn 0.707107 -0.707107 0.000000
vn 0.707107 -0.707107 0.000000
vn 0.000000 -1.000000 0.000000
vn 0.000000 -1.000000 0.000000
vn 0.000000 -1.000000 0.000000
vn 0.000000 0.410695 -0.911773
vn 0.000000 0.410695 -0.911773
vn 0.000000 0.510043 -0.860149
vn 0.000000 0.510043 -0.860149
vn 0.000000 0.602996 -0.797744
vn 0.000000 0.602996 -0.797744
vn 0.000000 0.688391 -0.725340
vn 0.000000 0.688391 -0.725340
vn 0.000000 0.765158 -0.643842
vn 0.000000 0.765158 -0.643842
vn 0.111964 -0.993712 0.000000
vn 0.111964 -0.993712 0.000000
vn 0.330279 -0.943883 0.000000
vn 0.532032 -0.846724 0.000000
vn 0.330279 -0.943883 0.000000
vn 0.532032 -0.846724 0.000000
vn 0.707107 -0.707107 0.000000
vn 0.707107 -0.707107 0.000000
vn 0.846724 -0.532032 0.000000
vn 0.846724 -0.532032 0.000000
vn 0.943883 -0.330279 0.000000
vn 0.943883 -0.330279 0.000000
vn 0.993712 -0.111965 0.000000
vn 0.993712 -0.111965 0.000000
vn 0.000000 0.000000 1.000000
vn 0.000000 0.000000 1.000000
vn 0.000000 0.000000 1.000000
vn 0.000000 0.000000 1.000000
vn 0.000000 0.000000 1.000000
vn 0.000000 0.000000 1.000000
vn 0.000000 0.000000 1.000000
vn 0.000000 0.000000 1.000000
vn 0.000000 0.000000 1.000000
vn 0.000000 0.000000 1.000000
vn 0.000000 0.000000 1.000000
vn 0.000000 0.000000 1.000000
vn 0.000000 0.000000 1.000000
vn 0.000000 0.000000 1.000000
vn 0.000000 0.000000 1.000000
vn 0.000000 0.000000 1.000000
vn 0.000000 0.000000 1.000000
vn 0.000000 0.000000 1.000000
vn 0.000000 0.000000 1.000000
vn 0.000000 0.000000 1.000000
vn 0.000000 0.000000 1.000000
vn 0.000000 0.000000 1.000000
vn 0.000000 0.000000 1.000000
vn 0.000000 0.000000 1.000000
vn 0.000000 0.000000 1.000000
vn 0.000000 0.000000 1.000000
vn 0.000000 0.000000 1.000000
vn 0.000000 0.000000 1.000000
vn 0.000000 0.000000 1.000000
vn 0.000000 0.000000 1.000000
vn 0.000000 0.000000 1.000000
vn 0.000000 0.000000 1.000000
vn 0.000000 0.000000 1.000000
vn 0.000000 0.000000 1.000000
vn 0.000000 0.000000 1.000000
vn 0.000000 0.000000 1.000000
vn 0.000000 0.000000 1.000000
vn 0.000000 0.000000 1.000000
vn 0.000000 0.000000 1.000000
vn 0.000000 0.000000 1.000000
vn 0.000000 0.000000 1.000000
vn 0.000000 0.000000 1.000000
vn 0.000000 0.000000 1.000000
vn 0.000000 0.000000 1.000000
vn 0.000000 0.000000 1.000000
vn 0.000000 0.000000 1.000000
vn 0.000000 0.000000 1.000000
vn 0.000000 0.000000 1.000000
vn 0.000000 0.000000 1.000000
vn 0.000000 0.000000 1.000000
vn 0.000000 0.000000 1.000000
vn 0.000000 0.000000 1.000000
vn 0.993712 0.111964 -0.000000
vn 0.993712 0.111964 0.000000
vn 0.943883 0.330279 0.000000
vn 0.943883 0.330279 -0.000000
vn 0.846724 0.532032 0.000000
vn 0.707106 0.707107 0.000000
vn 0.846724 0.532032 -0.000000
vn 0.707106 0.707107 0.000000
vn 0.532032 0.846724 0.000000
vn 0.532032 0.846724 -0.000000
vn 0.330279 0.943883 0.000000
vn 0.330279 0.943883 -0.000000
vn 0.111964 0.993712 0.000000
vn 0.111964 0.993712 -0.000000
vn 0.000000 0.000000 -1.000000
vn 0.000000 0.000000 -1.000000
vn 0.000000 0.000000 -1.000000
vn 0.000000 0.000000 -1.000000
vn 0.000000 0.000000 -1.000000
vn 0.000000 0.000000 -1.000000
vn 0.000000 0.000000 -1.000000
vn 0.000000 0.000000 -1.000000
vn 0.000000 0.000000 -1.000000
vn 0.000000 -0.000000 -1.000000
vn 0.000000 0.000000 -1.000000
vn 0.000000 0.000000 -1.000000
vn 0.000000 0.000000 -1.000000
vn 0.000000 -0.000000 -1.000000
vn 0.000000 0.000000 -1.000000
vn 0.000000 0.000000 -1.000000
vn 0.000000 0.000000 -1.000000
vn 0.000000 0.000000 -1.000000
vn 0.000000 0.000000 -1.000000
vn 0.000000 0.000000 -1.000000
vn 0.000000 0.000000 -1.000000
vn 0.000000 0.000000 -1.000000
vn 0.000000 -0.000000 -1.000000
vn 0.000000 0.000000 -1.000000
vn 0.000000 -0.000000 -1.000000
vn 0.000000 0.000000 -1.000000
vn 0.000000 -0.000000 -1.000000
vn 0.000000 0.000000 -1.000000
vn -0.993712 -0.111965 0.000000
vn -0.993712 -0.111965 0.000000
vn -0.943883 -0.330280 0.000000
vn -0.943883 -0.330280 0.000000
vn -0.846725 -0.532030 0.000000
vn -0.707106 -0.707107 0.000000
vn -0.846725 -0.532030 0.000000
vn -0.707106 -0.707107 0.000000
vn -0.532032 -0.846724 0.000000
vn -0.532032 -0.846724 0.000000
vn -0.330279 -0.943883 0.000000
vn -0.330279 -0.943883 0.000000
vn -0.111965 -0.993712 0.000000
vn 0.120536 -0.992709 0.000000
vn -0.111965 -0.993712 0.000000
vn 0.120536 -0.992709 0.000000
vn 0.354605 -0.935016 0.000000
vn 0.354605 -0.935016 0.000000
vn 0.568065 -0.822984 0.000000
vn 0.568065 -0.822984 0.000000
vn 0.748511 -0.663122 0.000000
vn 0.748511 -0.663122 0.000000
vn 0.885456 -0.464724 0.000000
vn 0.885456 -0.464724 0.000000
vn 0.970942 -0.239315 0.000000
vn 0.970942 -0.239315 0.000000
vn 1.000000 0.000000 0.000000
vn 1.000000 0.000000 0.000000
vn 0.970942 0.239315 0.000000
vn 0.970942 0.239315 -0.000000
vn 0.885456 0.464724 0.000000
vn 0.885456 0.464724 -0.000000
vn 0.748511 0.663122 -0.000000
vn 0.748511 0.663122 -0.000000
vn 0.568065 0.822984 0.000000
vn 0.568065 0.822984 -0.000000
vn 0.354605 0.935016 -0.000000
vn 0.354605 0.935016 -0.000000
vn 0.120536 0.992709 0.000000
vn 0.120536 0.992709 -0.000000
vn -0.111965 0.993712 0.000000
vn -0.111965 0.993712 0.000000
vn -0.330279 0.943883 0.000000
vn -0.330279 0.943883 0.000000
vn -0.532032 0.846724 0.000000
vn -0.532032 0.846724 0.000000
vn -0.707106 0.707108 0.000000
vn -0.846726 0.532030 0.000000
vn -0.707106 0.707108 0.000000
vn -0.846726 0.532030 0.000000
vn -0.943883 0.330280 0.000000
vn -0.943883 0.330280 0.000000
vn -0.993712 0.111964 0.000000
vn -0.993712 0.111964 0.000000
vn 0.993712 0.111964 -0.000000
vn 0.993712 0.111964 0.000000
vn 0.943883 0.330280 0.000000
vn 0.943883 0.330280 -0.000000
vn 0.846724 0.532033 0.000000
vn 0.707107 0.707107 0.000000
vn 0.846724 0.532033 -0.000000
vn 0.707107 0.707107 0.000000
vn 0.532034 0.846723 0.000000
vn 0.532034 0.846723 -0.000000
vn 0.330280 0.943883 0.000000
vn 0.330280 0.943883 -0.000000
vn 0.111962 0.993713 0.000000
vn 0.111962 0.993713 -0.000000
vn 0.000000 0.000000 -1.000000
vn 0.000000 0.000000 -1.000000
vn 0.000000 0.000000 -1.000000
vn 0.000000 0.000000 -1.000000
vn 0.000000 0.000000 -1.000000
vn 0.000000 0.000000 -1.000000
vn 0.000000 0.000000 -1.000000
vn 0.000000 0.000000 -1.000000
vn 0.000000 0.000000 -1.000000
vn 0.000000 -0.000000 -1.000000
vn 0.000000 0.000000 -1.000000
vn 0.000000 0.000000 -1.000000
vn 0.000000 0.000000 -1.000000
vn 0.000000 0.000000 -1.000000
vn 0.000000 -0.000000 -1.000000
vn 0.000000 0.000000 -1.000000
vn 0.000000 0.000000 -1.000000
vn 0.000000 0.000000 -1.000000
vn 0.000000 0.000000 -1.000000
vn 0.000000 0.000000 -1.000000
vn 0.000000 0.000000 -1.000000
vn 0.000000 0.000000 -1.000000
vn 0.000000 -0.000000 -1.000000
vn 0.000000 0.000000 -1.000000
vn 0.000000 -0.000000 -1.000000
vn 0.000000 0.000000 -1.000000
vn 0.000000 -0.000000 -1.000000
vn 0.000000 0.000000 -1.000000
vn -0.993712 -0.111964 0.000000
vn -0.993712 -0.111964 0.000000
vn -0.943883 -0.330281 0.000000
vn -0.943883 -0.330281 0.000000
vn -0.846725 -0.532031 0.000000
vn -0.707109 -0.707105 0.000000
vn -0.846725 -0.532031 0.000000
vn -0.707109 -0.707105 0.000000
vn -0.532026 -0.846728 0.000000
vn -0.532026 -0.846728 0.000000
vn -0.330280 -0.943883 0.000000
vn -0.330280 -0.943883 0.000000
vn -0.111967 -0.993712 0.000000
vn 0.120535 -0.992709 0.000000
vn -0.111967 -0.993712 0.000000
vn 0.120535 -0.992709 0.000000
vn 0.354610 -0.935014 0.000000
vn 0.354610 -0.935014 0.000000
vn 0.568064 -0.822984 0.000000
vn 0.568064 -0.822984 0.000000
vn 0.748510 -0.663123 0.000000
vn 0.748510 -0.663123 0.000000
vn 0.885456 -0.464723 0.000000
vn 0.885456 -0.464723 0.000000
vn 0.970942 -0.239316 0.000000
vn 0.970942 -0.239316 0.000000
vn 1.000000 0.000000 0.000000
vn 1.000000 0.000000 0.000000
vn 0.970942 0.239316 0.000000
vn 0.970942 0.239316 -0.000000
vn 0.885456 0.464723 0.000000
vn 0.885456 0.464723 -0.000000
vn 0.748510 0.663123 -0.000000
vn 0.748510 0.663123 -0.000000
vn 0.568064 0.822984 0.000000
vn 0.568064 0.822984 -0.000000
vn 0.354610 0.935014 -0.000000
vn 0.354610 0.935014 -0.000000
vn 0.120535 0.992709 0.000000
vn 0.120535 0.992709 -0.000000
vn -0.111967 0.993712 0.000000
vn -0.111967 0.993712 0.000000
vn -0.330280 0.943883 0.000000
vn -0.330280 0.943883 0.000000
vn -0.532026 0.846728 0.000000
vn -0.532026 0.846728 0.000000
vn -0.707109 0.707105 0.000000
vn -0.846725 0.532031 0.000000
vn -0.707109 0.707105 0.000000
vn -0.846725 0.532031 0.000000
vn -0.943883 0.330281 0.000000
vn -0.943883 0.330281 0.000000
vn -0.993712 0.111964 0.000000
vn -0.993712 0.111964 0.000000
vn 0.111962 -0.993713 0.000000
vn 0.111962 -0.993713 0.000000
vn 0.330280 -0.943883 0.000000
vn 0.532034 -0.846723 0.000000
vn 0.330280 -0.943883 0.000000
vn 0.532034 -0.846723 0.000000
vn 0.707107 -0.707107 0.000000
vn 0.707107 -0.707107 0.000000
vn 0.846724 -0.532033 0.000000
vn 0.846724 -0.532033 0.000000
vn 0.943883 -0.330280 0.000000
vn 0.943883 -0.330280 0.000000
vn 0.993712 -0.111964 0.000000
vn 0.993712 -0.111964 0.000000
vn 0.000000 0.000000 1.000000
vn 0.000000 0.000000 1.000000
vn 0.000000 0.000000 1.000000
vn 0.000000 0.000000 1.000000
vn 0.000000 0.000000 1.000000
vn 0.000000 0.000000 1.000000
vn 0.000000 0.000000 1.000000
vn 0.000000 0.000000 1.000000
vn 0.000000 0.000000 1.000000
vn 0.000000 0.000000 1.000000
vn 0.000000 0.000000 1.000000
vn 0.000000 0.000000 1.000000
vn 0.000000 0.000000 1.000000
vn 0.000000 0.000000 1.000000
vn 0.000000 0.000000 1.000000
vn 0.000000 0.000000 1.000000
vn 0.000000 0.000000 1.000000
vn 0.000000 0.000000 1.000000
vn 0.000000 0.000000 1.000000
vn 0.000000 0.000000 1.000000
vn 0.000000 0.000000 1.000000
vn 0.000000 0.000000 1.000000
vn 0.000000 0.000000 1.000000
vn 0.000000 0.000000 1.000000
vn 0.000000 0.000000 1.000000
vn 0.000000 0.000000 1.000000
vn 0.000000 0.000000 1.000000
vn 0.000000 0.000000 1.000000
vn 0.000000 0.000000 1.000000
vn 0.000000 0.000000 1.000000
vn 0.000000 0.000000 1.000000
vn 0.000000 0.000000 1.000000
vn 0.000000 0.000000 1.000000
vn 0.000000 0.000000 1.000000
vn 0.000000 0.000000 1.000000
vn 0.000000 0.000000 1.000000
vn 0.000000 0.000000 1.000000
vn 0.000000 0.000000 1.000000
vn 0.000000 0.000000 1.000000
vn 0.000000 0.000000 1.000000
vn 0.000000 0.000000 1.000000
vn 0.000000 0.000000 1.000000
vn 0.000000 0.000000 1.000000
vn 0.000000 0.000000 1.000000
vn 0.000000 0.000000 1.000000
vn 0.000000 0.000000 1.000000
vn 0.000000 0.000000 1.000000
vn 0.000000 0.000000 1.000000
vn 0.000000 0.000000 1.000000
vn 0.000000 0.000000 1.000000
vn 0.000000 0.000000 1.000000
vn 0.000000 0.000000 1.000000
vn 0.000000 0.000000 1.000000
vn 0.000000 0.000000 1.000000
vn 0.000000 0.000000 1.000000
vn 0.000000 0.000000 1.000000
f 1//1 2//1 3//1
f 4//2 5//2 3//2
f 3//3 6//3 1//3
f 3//4 7//4 4//4
f 2//5 8//5 3//5
f 5//6 9//6 3//6
f 3//7 9//7 6//7
f 9//8 10//8 6//8
f 3//9 11//9 7//9
f 9//10 12//10 10//10
f 12//11 13//11 10//11
f 3//12 14//12 11//12
f 12//13 15//13 13//13
f 15//14 16//14 13//14
f 15//15 17//15 16//15
f 17//16 18//16 16//16
f 8//17 19//17 3//17
f 19//18 20//18 3//18
f 21//19 22//19 8//19
f 8//20 22//20 19//20
f 20//21 23//21 3//21
f 17//22 24//22 18//22
f 25//23 26//23 21//23
f 21//24 26//24 22//24
f 23//25 27//25 3//25
f 28//26 29//26 25//26
f 25//27 29//27 26//27
f 27//28 30//28 3//28
f 31//29 32//29 28//29
f 28//30 32//30 29//30
f 33//31 34//31 31//31
f 31//32 34//32 32//32
f 33//33 35//33 34//33
f 18//34 36//34 37//34
f 24//35 36//35 18//35
f 38//36 36//36 24//36
f 37//37 39//37 40//37
f 36//38 39//38 37//38
f 41//39 42//39 38//39
f 38//40 42//40 36//40
f 39//41 43//41 40//41
f 40//42 43//42 44//42
f 41//43 45//43 42//43
f 46//44 45//44 41//44
f 47//45 48//45 49//45
f 44//46 48//46 47//46
f 43//47 48//47 44//47
f 46//48 50//48 45//48
f 51//49 50//49 46//49
f 52//50 50//50 51//50
f 53//51 54//51 33//51
f 33//52 54//52 35//52
f 55//53 56//53 57//53
f 35//54 58//54 59//54
f 54//55 58//55 35//55
f 56//56 60//56 57//56
f 57//57 60//57 61//57
f 53//58 62//58 54//58
f 55//59 63//59 56//59
f 49//60 64//60 65//60
f 48//61 64//61 49//61
f 59//62 66//62 67//62
f 58//63 66//63 59//63
f 61//64 68//64 69//64
f 60//65 68//65 61//65
f 70//66 71//66 53//66
f 53//67 71//67 62//67
f 72//68 73//68 55//68
f 14//69 73//69 72//69
f 55//70 73//70 63//70
f 66//71 74//71 67//71
f 75//72 74//72 76//72
f 67//73 74//73 75//73
f 68//74 77//74 69//74
f 69//75 77//75 78//75
f 52//76 79//76 50//76
f 80//77 79//77 52//77
f 81//78 82//78 70//78
f 70//79 82//79 71//79
f 14//80 83//80 73//80
f 3//81 83//81 14//81
f 74//82 84//82 76//82
f 78//83 85//83 86//83
f 77//84 85//84 78//84
f 65//85 87//85 88//85
f 64//86 87//86 65//86
f 89//87 90//87 81//87
f 81//88 90//88 82//88
f 80//89 91//89 79//89
f 92//90 91//90 80//90
f 84//91 93//91 76//91
f 76//92 93//92 94//92
f 86//93 95//93 96//93
f 85//94 95//94 86//94
f 97//95 98//95 89//95
f 89//96 98//96 90//96
f 88//97 99//97 100//97
f 87//98 99//98 88//98
f 93//99 101//99 94//99
f 102//100 101//100 103//100
f 94//101 101//101 102//101
f 96//102 104//102 105//102
f 95//103 104//103 96//103
f 105//104 106//104 92//104
f 92//105 106//105 91//105
f 100//106 107//106 97//106
f 97//107 107//107 98//107
f 101//108 108//108 103//108
f 104//109 109//109 105//109
f 110//110 109//110 104//110
f 105//111 109//111 106//111
f 111//112 112//112 113//112
f 100//113 112//113 107//113
f 99//114 112//114 100//114
f 107//115 112//115 114//115
f 113//116 112//116 99//116
f 106//117 115//117 116//117
f 109//118 115//118 106//118
f 113//119 117//119 111//119
f 118//120 117//120 113//120
f 110//121 119//121 109//121
f 120//122 119//122 110//122
f 114//123 121//123 122//123
f 112//124 121//124 114//124
f 116//125 123//125 124//125
f 115//126 123//126 116//126
f 125//127 126//127 120//127
f 120//128 126//128 119//128
f 118//129 127//129 117//129
f 128//130 127//130 118//130
f 122//131 129//131 130//131
f 121//132 129//132 122//132
f 131//133 132//133 133//133
f 124//134 132//134 131//134
f 123//135 132//135 124//135
f 125//136 134//136 126//136
f 135//137 134//137 125//137
f 136//138 134//138 135//138
f 128//139 137//139 127//139
f 138//140 137//140 128//140
f 103//141 139//141 140//141
f 108//142 139//142 103//142
f 141//143 142//143 143//143
f 140//144 144//144 145//144
f 139//145 144//145 140//145
f 142//146 146//146 143//146
f 147//147 146//147 148//147
f 143//148 146//148 147//148
f 108//149 149//149 139//149
f 150//150 149//150 108//150
f 141//151 151//151 142//151
f 129//152 152//152 130//152
f 153//153 152//153 154//153
f 130//154 152//154 153//154
f 132//155 155//155 133//155
f 144//156 156//156 145//156
f 145//157 156//157 157//157
f 146//158 158//158 148//158
f 159//159 160//159 150//159
f 150//160 160//160 149//160
f 141//161 161//161 151//161
f 162//162 161//162 141//162
f 83//163 161//163 162//163
f 156//164 163//164 157//164
f 157//165 163//165 164//165
f 158//166 165//166 148//166
f 148//167 165//167 166//167
f 138//168 167//168 137//168
f 168//169 167//169 138//169
f 136//170 169//170 134//170
f 170//171 169//171 136//171
f 159//172 171//172 160//172
f 172//173 171//173 159//173
f 3//174 173//174 83//174
f 83//175 173//175 161//175
f 164//176 174//176 175//176
f 163//177 174//177 164//177
f 165//178 176//178 166//178
f 166//179 176//179 177//179
f 152//180 178//180 154//180
f 154//181 178//181 179//181
f 133//182 180//182 181//182
f 155//183 180//183 133//183
f 172//184 182//184 171//184
f 183//185 182//185 172//185
f 168//186 184//186 167//186
f 185//187 184//187 168//187
f 170//188 186//188 169//188
f 187//189 186//189 170//189
f 175//190 188//190 189//190
f 174//191 188//191 175//191
f 176//192 190//192 177//192
f 177//193 190//193 191//193
f 183//194 192//194 182//194
f 193//195 192//195 183//195
f 194//196 192//196 193//196
f 178//197 195//197 179//197
f 179//198 195//198 194//198
f 180//199 196//199 181//199
f 181//200 196//200 197//200
f 191//201 198//201 199//201
f 190//202 198//202 191//202
f 185//203 200//203 184//203
f 201//204 200//204 185//204
f 199//205 202//205 187//205
f 187//206 202//206 186//206
f 194//207 203//207 192//207
f 188//208 204//208 189//208
f 30//209 204//209 3//209
f 205//210 204//210 30//210
f 206//211 204//211 205//211
f 189//212 204//212 206//212
f 207//213 204//213 188//213
f 207//214 208//214 204//214
f 196//215 209//215 197//215
f 197//216 209//216 201//216
f 208//217 210//217 204//217
f 211//218 212//218 195//218
f 213//219 212//219 211//219
f 214//220 215//220 209//220
f 201//221 215//221 200//221
f 209//222 215//222 201//222
f 216//223 217//223 198//223
f 199//224 217//224 202//224
f 198//225 217//225 199//225
f 218//226 219//226 220//226
f 200//227 219//227 218//227
f 215//228 219//228 200//228
f 194//229 221//229 203//229
f 212//230 221//230 195//230
f 195//231 221//231 194//231
f 203//232 221//232 222//232
f 202//233 223//233 224//233
f 217//234 223//234 202//234
f 213//235 225//235 212//235
f 214//236 226//236 215//236
f 227//237 228//237 216//237
f 216//238 228//238 217//238
f 221//239 229//239 222//239
f 222//240 229//240 230//240
f 231//241 232//241 233//241
f 224//242 232//242 231//242
f 223//243 232//243 224//243
f 220//244 234//244 235//244
f 219//245 234//245 220//245
f 213//246 236//246 225//246
f 237//247 236//247 213//247
f 238//248 236//248 237//248
f 239//249 240//249 227//249
f 227//250 240//250 228//250
f 214//251 241//251 226//251
f 242//252 241//252 214//252
f 243//253 241//253 242//253
f 234//254 244//254 235//254
f 229//255 245//255 230//255
f 246//256 245//256 247//256
f 230//257 245//257 246//257
f 233//258 248//258 249//258
f 232//259 248//259 233//259
f 238//260 250//260 236//260
f 251//261 252//261 239//261
f 253//262 252//262 251//262
f 239//263 252//263 240//263
f 243//264 254//264 241//264
f 255//265 254//265 243//265
f 256//266 257//266 258//266
f 259//267 257//267 256//267
f 258//268 260//268 261//268
f 257//269 260//269 258//269
f 259//270 262//270 257//270
f 245//271 263//271 247//271
f 247//272 263//272 264//272
f 248//273 265//273 249//273
f 235//274 266//274 267//274
f 244//275 266//275 235//275
f 260//276 268//276 261//276
f 259//277 269//277 262//277
f 270//278 269//278 259//278
f 173//279 269//279 270//279
f 261//280 271//280 272//280
f 268//281 271//281 261//281
f 238//282 273//282 250//282
f 274//283 273//283 238//283
f 255//284 275//284 254//284
f 276//285 277//285 253//285
f 253//286 277//286 252//286
f 173//287 278//287 269//287
f 3//288 278//288 173//288
f 272//289 279//289 280//289
f 271//290 279//290 272//290
f 267//291 281//291 282//291
f 266//292 281//292 267//292
f 263//293 283//293 264//293
f 264//294 283//294 284//294
f 249//295 285//295 286//295
f 265//296 285//296 249//296
f 287//297 288//297 289//297
f 274//298 288//298 273//298
f 289//299 288//299 274//299
f 276//300 290//300 277//300
f 291//301 290//301 276//301
f 292//302 293//302 255//302
f 294//303 293//303 292//303
f 255//304 293//304 275//304
f 279//305 295//305 280//305
f 280//306 295//306 296//306
f 283//307 297//307 284//307
f 284//308 297//308 298//308
f 282//309 299//309 300//309
f 281//310 299//310 282//310
f 286//311 301//311 302//311
f 285//312 301//312 286//312
f 295//313 303//313 296//313
f 296//314 303//314 304//314
f 287//315 305//315 288//315
f 294//316 306//316 293//316
f 304//317 307//317 291//317
f 291//318 307//318 290//318
f 298//319 308//319 309//319
f 297//320 308//320 298//320
f 301//321 310//321 302//321
f 302//322 310//322 294//322
f 294//323 310//323 306//323
f 300//324 311//324 287//324
f 287//325 311//325 305//325
f 299//326 311//326 300//326
f 311//327 312//327 305//327
f 307//328 313//328 314//328
f 303//329 313//329 304//329
f 304//330 313//330 307//330
f 315//331 313//331 303//331
f 310//332 316//332 306//332
f 306//333 316//333 317//333
f 305//334 318//334 319//334
f 312//335 318//335 305//335
f 316//336 320//336 317//336
f 313//337 321//337 314//337
f 311//338 322//338 312//338
f 323//339 322//339 311//339
f 310//340 324//340 316//340
f 325//341 324//341 310//341
f 315//342 326//342 313//342
f 327//343 326//343 315//343
f 319//344 328//344 329//344
f 318//345 328//345 319//345
f 321//346 330//346 314//346
f 314//347 330//347 331//347
f 332//348 333//348 334//348
f 317//349 333//349 332//349
f 320//350 333//350 317//350
f 335//351 336//351 323//351
f 323//352 336//352 322//352
f 327//353 337//353 326//353
f 338//354 337//354 327//354
f 325//355 339//355 324//355
f 340//356 339//356 325//356
f 341//357 342//357 343//357
f 329//358 342//358 341//358
f 328//359 342//359 329//359
f 331//360 344//360 345//360
f 330//361 344//361 331//361
f 334//362 346//362 347//362
f 333//363 346//363 334//363
f 348//364 349//364 335//364
f 335//365 349//365 336//365
f 338//366 350//366 337//366
f 351//367 350//367 338//367
f 352//368 350//368 351//368
f 353//369 354//369 340//369
f 340//370 354//370 339//370
f 355//371 356//371 308//371
f 308//372 357//372 309//372
f 356//373 357//373 308//373
f 358//374 359//374 355//374
f 355//375 359//375 356//375
f 343//376 360//376 361//376
f 342//377 360//377 343//377
f 345//378 362//378 363//378
f 344//379 362//379 345//379
f 346//380 364//380 347//380
f 357//381 365//381 309//381
f 309//382 365//382 366//382
f 367//383 368//383 358//383
f 358//384 368//384 359//384
f 365//385 369//385 366//385
f 366//386 369//386 370//386
f 352//387 371//387 350//387
f 372//388 371//388 352//388
f 373//389 374//389 348//389
f 348//390 374//390 349//390
f 375//391 376//391 353//391
f 353//392 376//392 354//392
f 367//393 377//393 368//393
f 369//394 378//394 370//394
f 370//395 378//395 379//395
f 360//396 380//396 361//396
f 363//397 381//397 382//397
f 362//398 381//398 363//398
f 347//399 383//399 384//399
f 364//400 383//400 347//400
f 385//401 386//401 367//401
f 367//402 386//402 377//402
f 387//403 388//403 373//403
f 373//404 388//404 374//404
f 372//405 389//405 371//405
f 390//406 389//406 372//406
f 391//407 392//407 375//407
f 375//408 392//408 376//408
f 210//409 393//409 204//409
f 379//410 393//410 210//410
f 378//411 393//411 379//411
f 394//412 395//412 385//412
f 385//413 395//413 386//413
f 361//414 396//414 397//414
f 380//415 396//415 361//415
f 384//416 398//416 399//416
f 383//417 398//417 384//417
f 382//418 400//418 401//418
f 381//419 400//419 382//419
f 393//420 402//420 204//420
f 403//421 404//421 387//421
f 387//422 404//422 388//422
f 405//423 406//423 391//423
f 391//424 406//424 392//424
f 390//425 407//425 389//425
f 408//426 407//426 390//426
f 409//427 410//427 394//427
f 394//428 410//428 395//428
f 402//429 411//429 204//429
f 397//430 412//430 409//430
f 396//431 412//431 397//431
f 399//432 413//432 403//432
f 398//433 413//433 399//433
f 401//434 414//434 405//434
f 400//435 414//435 401//435
f 409//436 415//436 410//436
f 411//437 416//437 204//437
f 416//438 417//438 204//438
f 417//439 418//439 204//439
f 403//440 419//440 404//440
f 413//441 419//441 403//441
f 405//442 420//442 406//442
f 414//443 420//443 405//443
f 419//444 421//444 404//444
f 404//445 421//445 422//445
f 420//446 423//446 406//446
f 406//447 423//447 424//447
f 413//448 425//448 419//448
f 426//449 425//449 413//449
f 427//450 428//450 414//450
f 414//451 428//451 420//451
f 423//452 429//452 424//452
f 430//453 429//453 431//453
f 424//454 429//454 430//454
f 421//455 432//455 422//455
f 422//456 432//456 433//456
f 426//457 434//457 425//457
f 435//458 434//458 426//458
f 436//459 437//459 427//459
f 427//460 437//460 428//460
f 432//461 438//461 433//461
f 439//462 438//462 440//462
f 433//463 438//463 439//463
f 431//464 441//464 442//464
f 429//465 441//465 431//465
f 435//466 443//466 434//466
f 444//467 443//467 435//467
f 436//468 445//468 437//468
f 446//469 445//469 436//469
f 447//470 448//470 412//470
f 407//471 449//471 450//471
f 412//472 451//472 409//472
f 448//473 451//473 412//473
f 415//474 451//474 452//474
f 409//475 451//475 415//475
f 450//476 453//476 454//476
f 449//477 453//477 450//477
f 447//478 455//478 448//478
f 456//479 455//479 447//479
f 407//480 457//480 449//480
f 408//481 457//481 407//481
f 458//482 457//482 408//482
f 438//483 459//483 440//483
f 441//484 460//484 442//484
f 451//485 461//485 452//485
f 452//486 461//486 462//486
f 454//487 463//487 464//487
f 453//488 463//488 454//488
f 465//489 466//489 456//489
f 456//490 466//490 455//490
f 458//491 467//491 457//491
f 468//492 467//492 458//492
f 461//493 469//493 462//493
f 463//494 470//494 464//494
f 464//495 470//495 471//495
f 444//496 472//496 443//496
f 473//497 472//497 444//497
f 474//498 475//498 446//498
f 446//499 475//499 445//499
f 465//500 476//500 466//500
f 468//501 477//501 467//501
f 478//502 477//502 468//502
f 470//503 479//503 471//503
f 469//504 480//504 462//504
f 481//505 480//505 482//505
f 462//506 480//506 481//506
f 440//507 483//507 484//507
f 459//508 483//508 440//508
f 460//509 485//509 442//509
f 442//510 485//510 486//510
f 487//511 488//511 465//511
f 465//512 488//512 476//512
f 478//513 489//513 477//513
f 490//514 489//514 478//514
f 491//515 492//515 474//515
f 474//516 492//516 475//516
f 473//517 493//517 472//517
f 494//518 493//518 473//518
f 480//519 495//519 482//519
f 482//520 495//520 496//520
f 471//521 497//521 498//521
f 479//522 497//522 471//522
f 499//523 500//523 487//523
f 487//524 500//524 488//524
f 501//525 502//525 490//525
f 490//526 502//526 489//526
f 484//527 503//527 504//527
f 483//528 503//528 484//528
f 486//529 505//529 506//529
f 485//530 505//530 486//530
f 495//531 507//531 496//531
f 498//532 508//532 509//532
f 497//533 508//533 498//533
f 510//534 511//534 494//534
f 494//535 511//535 493//535
f 512//536 513//536 491//536
f 491//537 513//537 492//537
f 514//538 515//538 499//538
f 499//539 515//539 500//539
f 501//540 516//540 502//540
f 507//541 517//541 496//541
f 496//542 517//542 518//542
f 508//543 519//543 509//543
f 503//544 520//544 504//544
f 504//545 520//545 514//545
f 505//546 521//546 506//546
f 510//547 521//547 511//547
f 506//548 521//548 510//548
f 514//549 522//549 515//549
f 512//550 523//550 513//550
f 509//551 523//551 512//551
f 517//552 524//552 518//552
f 518//553 524//553 525//553
f 524//554 526//554 525//554
f 525//555 526//555 527//555
f 418//556 528//556 204//556
f 526//557 528//557 527//557
f 527//558 528//558 418//558
f 521//559 529//559 511//559
f 529//560 530//560 511//560
f 511//561 530//561 531//561
f 532//562 533//562 521//562
f 521//563 533//563 529//563
f 530//564 534//564 531//564
f 531//565 534//565 535//565
f 536//566 537//566 532//566
f 532//567 537//567 533//567
f 534//568 538//568 535//568
f 535//569 538//569 539//569
f 540//570 541//570 536//570
f 536//571 541//571 537//571
f 519//572 542//572 509//572
f 509//573 542//573 523//573
f 543//574 544//574 520//574
f 514//575 545//575 522//575
f 544//576 545//576 520//576
f 520//577 545//577 514//577
f 522//578 545//578 546//578
f 523//579 547//579 548//579
f 542//580 547//580 523//580
f 549//581 550//581 543//581
f 543//582 550//582 544//582
f 519//583 551//583 542//583
f 552//584 551//584 519//584
f 538//585 553//585 539//585
f 539//586 553//586 554//586
f 545//587 555//587 546//587
f 546//588 555//588 556//588
f 548//589 557//589 558//589
f 547//590 557//590 548//590
f 559//591 560//591 549//591
f 549//592 560//592 550//592
f 552//593 561//593 551//593
f 562//594 561//594 552//594
f 555//595 563//595 556//595
f 558//596 564//596 565//596
f 557//597 564//597 558//597
f 566//598 567//598 540//598
f 540//599 567//599 541//599
f 559//600 568//600 560//600
f 562//601 569//601 561//601
f 570//602 569//602 562//602
f 571//603 569//603 570//603
f 563//604 572//604 556//604
f 556//605 572//605 573//605
f 564//606 574//606 565//606
f 575//607 576//607 577//607
f 554//608 576//608 575//608
f 553//609 576//609 554//609
f 578//610 579//610 559//610
f 559//611 579//611 568//611
f 571//612 580//612 569//612
f 581//613 582//613 566//613
f 566//614 582//614 567//614
f 572//615 583//615 573//615
f 584//616 583//616 585//616
f 573//617 583//617 584//617
f 565//618 586//618 587//618
f 574//619 586//619 565//619
f 588//620 589//620 578//620
f 578//621 589//621 579//621
f 590//622 591//622 571//622
f 592//623 591//623 590//623
f 571//624 591//624 580//624
f 576//625 593//625 577//625
f 583//626 594//626 585//626
f 587//627 595//627 596//627
f 586//628 595//628 587//628
f 597//629 598//629 581//629
f 581//630 598//630 582//630
f 599//631 600//631 588//631
f 588//632 600//632 589//632
f 592//633 601//633 591//633
f 594//634 602//634 585//634
f 585//635 602//635 603//635
f 595//636 604//636 596//636
f 577//637 605//637 599//637
f 593//638 605//638 577//638
f 605//639 606//639 599//639
f 599//640 606//640 600//640
f 596//641 607//641 597//641
f 597//642 607//642 598//642
f 602//643 608//643 603//643
f 603//644 608//644 609//644
f 608//645 610//645 609//645
f 609//646 610//646 611//646
f 611//647 612//647 528//647
f 528//648 612//648 204//648
f 610//649 612//649 611//649
f 592//650 613//650 601//650
f 601//651 614//651 615//651
f 613//652 614//652 601//652
f 616//653 617//653 592//653
f 592//654 617//654 613//654
f 615//655 618//655 619//655
f 614//656 618//656 615//656
f 620//657 621//657 616//657
f 616//658 621//658 617//658
f 619//659 622//659 623//659
f 618//660 622//660 619//660
f 624//661 625//661 620//661
f 620//662 625//662 621//662
f 622//663 626//663 623//663
f 623//664 626//664 627//664
f 628//665 629//665 624//665
f 624//666 629//666 625//666
f 626//667 630//667 627//667
f 627//668 630//668 631//668
f 628//669 632//669 629//669
f 633//670 632//670 628//670
f 604//671 634//671 596//671
f 635//672 634//672 604//672
f 596//673 634//673 607//673
f 636//674 637//674 605//674
f 637//675 638//675 605//675
f 605//676 638//676 606//676
f 634//677 639//677 607//677
f 607//678 639//678 640//678
f 635//679 641//679 634//679
f 642//680 643//680 636//680
f 636//681 643//681 637//681
f 639//682 644//682 640//682
f 640//683 644//683 645//683
f 638//684 646//684 606//684
f 606//685 646//685 647//685
f 630//686 648//686 631//686
f 631//687 648//687 649//687
f 650//688 651//688 635//688
f 635//689 651//689 641//689
f 652//690 653//690 642//690
f 642//691 653//691 643//691
f 646//692 654//692 647//692
f 647//693 654//693 655//693
f 644//694 656//694 645//694
f 645//695 656//695 657//695
f 633//696 658//696 632//696
f 659//697 660//697 650//697
f 661//698 660//698 659//698
f 650//699 660//699 651//699
f 652//700 662//700 653//700
f 649//701 663//701 664//701
f 648//702 663//702 649//702
f 656//703 665//703 657//703
f 654//704 666//704 655//704
f 667//705 666//705 668//705
f 655//706 666//706 667//706
f 661//707 669//707 660//707
f 652//708 670//708 662//708
f 671//709 670//709 652//709
f 665//710 672//710 657//710
f 657//711 672//711 673//711
f 666//712 674//712 668//712
f 668//713 674//713 675//713
f 676//714 677//714 661//714
f 661//715 677//715 669//715
f 671//716 678//716 670//716
f 679//717 678//717 671//717
f 672//718 680//718 673//718
f 673//719 680//719 681//719
f 674//720 682//720 675//720
f 664//721 683//721 676//721
f 663//722 683//722 664//722
f 676//723 683//723 677//723
f 684//724 683//724 663//724
f 685//725 686//725 679//725
f 679//726 686//726 678//726
f 680//727 687//727 681//727
f 681//728 687//728 685//728
f 682//729 688//729 675//729
f 675//730 688//730 689//730
f 684//731 690//731 683//731
f 691//732 690//732 684//732
f 685//733 692//733 686//733
f 685//734 693//734 692//734
f 687//735 693//735 685//735
f 688//736 694//736 689//736
f 689//737 694//737 695//737
f 696//738 697//738 691//738
f 691//739 697//739 690//739
f 693//740 698//740 692//740
f 693//741 699//741 698//741
f 695//742 700//742 701//742
f 694//743 700//743 695//743
f 699//744 702//744 698//744
f 703//745 704//745 696//745
f 696//746 704//746 697//746
f 699//747 705//747 702//747
f 700//748 706//748 701//748
f 612//749 706//749 204//749
f 701//750 706//750 612//750
f 707//751 708//751 703//751
f 703//752 708//752 704//752
f 705//753 709//753 702//753
f 705//754 710//754 709//754
f 710//755 711//755 709//755
f 707//756 712//756 708//756
f 713//757 712//757 707//757
f 710//758 714//758 711//758
f 714//759 715//759 711//759
f 714//760 716//760 715//760
f 633//761 717//761 658//761
f 718//762 717//762 633//762
f 719//763 717//763 720//763
f 516//764 717//764 718//764
f 721//765 717//765 719//765
f 722//766 717//766 721//766
f 658//767 717//767 722//767
f 501//768 717//768 516//768
f 723//769 717//769 501//769
f 723//770 724//770 717//770
f 724//771 725//771 717//771
f 723//772 726//772 724//772
f 727//773 726//773 723//773
f 725//774 728//774 717//774
f 728//775 729//775 717//775
f 729//776 730//776 717//776
f 730//777 731//777 717//777
f 731//778 732//778 717//778
f 732//779 733//779 717//779
f 733//780 734//780 717//780
f 735//781 736//781 737//781
f 726//782 736//782 735//782
f 727//783 736//783 726//783
f 738//784 736//784 739//784
f 740//785 736//785 738//785
f 741//786 736//786 740//786
f 737//787 736//787 741//787
f 742//788 736//788 727//788
f 734//789 743//789 717//789
f 743//790 744//790 717//790
f 745//791 746//791 744//791
f 747//792 746//792 745//792
f 748//793 746//793 747//793
f 749//794 746//794 748//794
f 736//795 746//795 739//795
f 750//796 746//796 749//796
f 751//797 746//797 750//797
f 752//798 746//798 751//798
f 753//799 746//799 752//799
f 739//800 746//800 753//800
f 754//801 755//801 756//801
f 715//802 755//802 754//802
f 713//803 755//803 712//803
f 717//804 755//804 720//804
f 716//805 755//805 715//805
f 757//806 755//806 713//806
f 758//807 755//807 757//807
f 720//808 755//808 758//808
f 759//809 755//809 716//809
f 712//810 755//810 759//810
f 760//811 761//811 755//811
f 755//812 762//812 760//812
f 761//813 763//813 755//813
f 755//814 764//814 762//814
f 763//815 765//815 755//815
f 755//816 766//816 764//816
f 765//817 767//817 755//817
f 767//818 768//818 755//818
f 768//819 769//819 755//819
f 755//820 770//820 756//820
f 769//821 770//821 755//821
f 770//822 771//822 756//822
f 756//823 771//823 772//823
f 771//824 773//824 772//824
f 774//825 775//825 776//825
f 777//826 775//826 774//826
f 778//827 775//827 777//827
f 779//828 775//828 778//828
f 780//829 775//829 779//829
f 781//830 775//830 780//830
f 782//831 775//831 781//831
f 766//832 775//832 782//832
f 775//833 783//833 776//833
f 746//834 783//834 775//834
f 736//835 783//835 746//835
f 784//836 783//836 773//836
f 785//837 783//837 784//837
f 786//838 783//838 785//838
f 787//839 783//839 786//839
f 788//840 783//840 787//840
f 776//841 783//841 788//841
f 3//842 736//842 278//842
f 278//843 736//843 742//843
f 783//844 204//844 773//844
f 773//845 204//845 706//845
f 773//846 706//846 772//846
f 746//847 717//847 744//847
f 755//848 775//848 766//848
f 789//849 790//849 736//849
f 790//850 783//850 736//850
f 790//851 791//851 783//851
f 792//852 783//852 791//852
f 204//853 793//853 794//853
f 795//854 204//854 794//854
f 204//855 783//855 792//855
f 204//856 792//856 796//856
f 204//857 796//857 797//857
f 204//858 797//858 798//858
f 204//859 798//859 793//859
f 736//860 799//860 789//860
f 800//861 3//861 801//861
f 801//862 3//862 802//862
f 3//863 803//863 802//863
f 736//864 3//864 799//864
f 799//865 3//865 804//865
f 804//866 3//866 805//866
f 805//867 3//867 806//867
f 806//868 3//868 807//868
f 807//869 3//869 800//869
f 808//870 803//870 3//870
f 204//871 808//871 3//871
f 795//872 808//872 204//872
f 10//873 13//873 809//873
f 10//874 809//874 810//874
f 6//875 810//875 811//875
f 6//876 10//876 810//876
f 1//877 811//877 812//877
f 1//878 6//878 811//878
f 2//879 812//879 813//879
f 2//880 1//880 812//880
f 8//881 813//881 814//881
f 8//882 2//882 813//882
f 21//883 814//883 815//883
f 21//884 8//884 814//884
f 25//885 815//885 816//885
f 25//886 21//886 815//886
f 28//887 816//887 817//887
f 28//888 25//888 816//888
f 31//889 817//889 818//889
f 31//890 28//890 817//890
f 33//891 818//891 819//891
f 33//892 31//892 818//892
f 53//893 33//893 819//893
f 53//894 819//894 820//894
f 70//895 53//895 820//895
f 70//896 821//896 822//896
f 70//897 820//897 821//897
f 81//898 70//898 822//898
f 89//899 822//899 823//899
f 89//900 81//900 822//900
f 97//901 89//901 823//901
f 97//902 823//902 824//902
f 100//903 97//903 824//903
f 100//904 824//904 825//904
f 88//905 100//905 825//905
f 88//906 825//906 826//906
f 65//907 88//907 826//907
f 65//908 826//908 827//908
f 49//909 827//909 828//909
f 49//910 65//910 827//910
f 47//911 49//911 828//911
f 47//912 829//912 830//912
f 47//913 828//913 829//913
f 44//914 47//914 830//914
f 40//915 830//915 831//915
f 40//916 44//916 830//916
f 37//917 831//917 832//917
f 37//918 40//918 831//918
f 18//919 832//919 833//919
f 18//920 37//920 832//920
f 16//921 833//921 834//921
f 16//922 18//922 833//922
f 13//923 834//923 809//923
f 13//924 16//924 834//924
f 11//925 14//925 835//925
f 11//926 835//926 836//926
f 7//927 836//927 837//927
f 7//928 11//928 836//928
f 4//929 837//929 838//929
f 4//930 7//930 837//930
f 5//931 838//931 839//931
f 5//932 4//932 838//932
f 9//933 839//933 840//933
f 9//934 5//934 839//934
f 12//935 840//935 841//935
f 12//936 9//936 840//936
f 15//937 841//937 842//937
f 15//938 12//938 841//938
f 17//939 842//939 843//939
f 17//940 15//940 842//940
f 24//941 843//941 844//941
f 24//942 17//942 843//942
f 38//943 844//943 845//943
f 38//944 24//944 844//944
f 41//945 38//945 845//945
f 41//946 845//946 846//946
f 46//947 41//947 846//947
f 46//948 847//948 848//948
f 46//949 846//949 847//949
f 51//950 46//950 848//950
f 52//951 848//951 849//951
f 52//952 51//952 848//952
f 80//953 52//953 849//953
f 80//954 849//954 850//954
f 92//955 80//955 850//955
f 92//956 850//956 851//956
f 105//957 92//957 851//957
f 105//958 851//958 852//958
f 96//959 105//959 852//959
f 96//960 852//960 853//960
f 86//961 853//961 854//961
f 86//962 96//962 853//962
f 78//963 86//963 854//963
f 78//964 855//964 856//964
f 78//965 854//965 855//965
f 69//966 78//966 856//966
f 61//967 856//967 857//967
f 61//968 69//968 856//968
f 57//969 857//969 858//969
f 57//970 61//970 857//970
f 55//971 858//971 859//971
f 55//972 57//972 858//972
f 72//973 859//973 860//973
f 72//974 55//974 859//974
f 14//975 860//975 835//975
f 14//976 72//976 860//976
f 73//977 83//977 861//977
f 73//978 861//978 862//978
f 63//979 862//979 863//979
f 63//980 73//980 862//980
f 56//981 863//981 864//981
f 56//982 63//982 863//982
f 60//983 864//983 865//983
f 60//984 56//984 864//984
f 68//985 865//985 866//985
f 68//986 60//986 865//986
f 77//987 866//987 867//987
f 77//988 68//988 866//988
f 85//989 867//989 868//989
f 85//990 77//990 867//990
f 95//991 868//991 869//991
f 95//992 85//992 868//992
f 104//993 869//993 870//993
f 104//994 95//994 869//994
f 110//995 870//995 871//995
f 110//996 104//996 870//996
f 120//997 110//997 871//997
f 120//998 871//998 872//998
f 125//999 120//999 872//999
f 125//1000 873//1000 874//1000
f 125//1001 872//1001 873//1001
f 135//1002 125//1002 874//1002
f 136//1003 874//1003 875//1003
f 136//1004 135//1004 874//1004
f 170//1005 136//1005 875//1005
f 170//1006 875//1006 876//1006
f 187//1007 170//1007 876//1007
f 187//1008 876//1008 877//1008
f 199//1009 187//1009 877//1009
f 199//1010 877//1010 878//1010
f 191//1011 199//1011 878//1011
f 191//1012 878//1012 879//1012
f 177//1013 879//1013 880//1013
f 177//1014 191//1014 879//1014
f 166//1015 177//1015 880//1015
f 166//1016 881//1016 882//1016
f 166//1017 880//1017 881//1017
f 148//1018 166//1018 882//1018
f 147//1019 882//1019 883//1019
f 147//1020 148//1020 882//1020
f 143//1021 883//1021 884//1021
f 143//1022 147//1022 883//1022
f 141//1023 884//1023 885//1023
f 141//1024 143//1024 884//1024
f 162//1025 885//1025 886//1025
f 162//1026 141//1026 885//1026
f 83//1027 886//1027 861//1027
f 83//1028 162//1028 886//1028
f 45//1029 50//1029 887//1029
f 45//1030 887//1030 888//1030
f 42//1031 888//1031 889//1031
f 42//1032 45//1032 888//1032
f 36//1033 889//1033 890//1033
f 36//1034 42//1034 889//1034
f 39//1035 890//1035 891//1035
f 39//1036 36//1036 890//1036
f 43//1037 891//1037 892//1037
f 43//1038 39//1038 891//1038
f 48//1039 892//1039 893//1039
f 48//1040 43//1040 892//1040
f 64//1041 893//1041 894//1041
f 64//1042 48//1042 893//1042
f 87//1043 894//1043 895//1043
f 87//1044 64//1044 894//1044
f 99//1045 895//1045 896//1045
f 99//1046 87//1046 895//1046
f 113//1047 896//1047 897//1047
f 113//1048 99//1048 896//1048
f 118//1049 113//1049 897//1049
f 118//1050 897//1050 898//1050
f 128//1051 118//1051 898//1051
f 128//1052 899//1052 900//1052
f 128//1053 898//1053 899//1053
f 138//1054 128//1054 900//1054
f 168//1055 900//1055 901//1055
f 168//1056 138//1056 900//1056
f 185//1057 168//1057 901//1057
f 185//1058 901//1058 902//1058
f 201//1059 185//1059 902//1059
f 201//1060 902//1060 903//1060
f 197//1061 201//1061 903//1061
f 197//1062 903//1062 904//1062
f 181//1063 197//1063 904//1063
f 181//1064 904//1064 905//1064
f 133//1065 905//1065 906//1065
f 133//1066 181//1066 905//1066
f 131//1067 133//1067 906//1067
f 131//1068 907//1068 908//1068
f 131//1069 906//1069 907//1069
f 124//1070 131//1070 908//1070
f 116//1071 908//1071 909//1071
f 116//1072 124//1072 908//1072
f 106//1073 909//1073 910//1073
f 106//1074 116//1074 909//1074
f 91//1075 910//1075 911//1075
f 91//1076 106//1076 910//1076
f 79//1077 911//1077 912//1077
f 79//1078 91//1078 911//1078
f 50//1079 912//1079 887//1079
f 50//1080 79//1080 912//1080
f 126//1081 134//1081 913//1081
f 126//1082 913//1082 914//1082
f 119//1083 914//1083 915//1083
f 119//1084 126//1084 914//1084
f 109//1085 915//1085 916//1085
f 109//1086 119//1086 915//1086
f 115//1087 916//1087 917//1087
f 115//1088 109//1088 916//1088
f 123//1089 917//1089 918//1089
f 123//1090 115//1090 917//1090
f 132//1091 918//1091 919//1091
f 132//1092 123//1092 918//1092
f 155//1093 919//1093 920//1093
f 155//1094 132//1094 919//1094
f 180//1095 920//1095 921//1095
f 180//1096 155//1096 920//1096
f 196//1097 921//1097 922//1097
f 196//1098 180//1098 921//1098
f 209//1099 922//1099 923//1099
f 209//1100 196//1100 922//1100
f 214//1101 209//1101 923//1101
f 214//1102 923//1102 924//1102
f 242//1103 214//1103 924//1103
f 242//1104 925//1104 926//1104
f 242//1105 924//1105 925//1105
f 243//1106 242//1106 926//1106
f 255//1107 926//1107 927//1107
f 255//1108 243//1108 926//1108
f 292//1109 255//1109 927//1109
f 292//1110 927//1110 928//1110
f 294//1111 292//1111 928//1111
f 294//1112 928//1112 929//1112
f 302//1113 294//1113 929//1113
f 302//1114 929//1114 930//1114
f 286//1115 302//1115 930//1115
f 286//1116 930//1116 931//1116
f 249//1117 931//1117 932//1117
f 249//1118 286//1118 931//1118
f 233//1119 249//1119 932//1119
f 233//1120 933//1120 934//1120
f 233//1121 932//1121 933//1121
f 231//1122 233//1122 934//1122
f 224//1123 934//1123 935//1123
f 224//1124 231//1124 934//1124
f 202//1125 935//1125 936//1125
f 202//1126 224//1126 935//1126
f 186//1127 936//1127 937//1127
f 186//1128 202//1128 936//1128
f 169//1129 937//1129 938//1129
f 169//1130 186//1130 937//1130
f 134//1131 938//1131 913//1131
f 134//1132 169//1132 938//1132
f 26//1133 29//1133 939//1133
f 26//1134 939//1134 940//1134
f 22//1135 940//1135 941//1135
f 22//1136 26//1136 940//1136
f 19//1137 941//1137 942//1137
f 19//1138 22//1138 941//1138
f 20//1139 942//1139 943//1139
f 20//1140 19//1140 942//1140
f 23//1141 943//1141 944//1141
f 23//1142 20//1142 943//1142
f 27//1143 944//1143 945//1143
f 27//1144 23//1144 944//1144
f 30//1145 945//1145 946//1145
f 30//1146 27//1146 945//1146
f 205//1147 946//1147 947//1147
f 205//1148 30//1148 946//1148
f 206//1149 947//1149 948//1149
f 206//1150 205//1150 947//1150
f 189//1151 948//1151 949//1151
f 189//1152 206//1152 948//1152
f 175//1153 189//1153 949//1153
f 175//1154 949//1154 950//1154
f 164//1155 175//1155 950//1155
f 164//1156 951//1156 952//1156
f 164//1157 950//1157 951//1157
f 157//1158 164//1158 952//1158
f 145//1159 952//1159 953//1159
f 145//1160 157//1160 952//1160
f 140//1161 145//1161 953//1161
f 140//1162 953//1162 954//1162
f 103//1163 140//1163 954//1163
f 103//1164 954//1164 955//1164
f 102//1165 103//1165 955//1165
f 102//1166 955//1166 956//1166
f 94//1167 102//1167 956//1167
f 94//1168 956//1168 957//1168
f 76//1169 957//1169 958//1169
f 76//1170 94//1170 957//1170
f 75//1171 76//1171 958//1171
f 75//1172 959//1172 960//1172
f 75//1173 958//1173 959//1173
f 67//1174 75//1174 960//1174
f 59//1175 960//1175 961//1175
f 59//1176 67//1176 960//1176
f 35//1177 961//1177 962//1177
f 35//1178 59//1178 961//1178
f 34//1179 962//1179 963//1179
f 34//1180 35//1180 962//1180
f 32//1181 963//1181 964//1181
f 32//1182 34//1182 963//1182
f 29//1183 964//1183 939//1183
f 29//1184 32//1184 964//1184
f 71//1185 82//1185 965//1185
f 71//1186 965//1186 966//1186
f 62//1187 966//1187 967//1187
f 62//1188 71//1188 966//1188
f 54//1189 967//1189 968//1189
f 54//1190 62//1190 967//1190
f 58//1191 968//1191 969//1191
f 58//1192 54//1192 968//1192
f 66//1193 969//1193 970//1193
f 66//1194 58//1194 969//1194
f 74//1195 970//1195 971//1195
f 74//1196 66//1196 970//1196
f 84//1197 971//1197 972//1197
f 84//1198 74//1198 971//1198
f 93//1199 972//1199 973//1199
f 93//1200 84//1200 972//1200
f 101//1201 973//1201 974//1201
f 101//1202 93//1202 973//1202
f 108//1203 974//1203 975//1203
f 108//1204 101//1204 974//1204
f 150//1205 108//1205 975//1205
f 150//1206 975//1206 976//1206
f 159//1207 150//1207 976//1207
f 159//1208 977//1208 978//1208
f 159//1209 976//1209 977//1209
f 172//1210 159//1210 978//1210
f 183//1211 978//1211 979//1211
f 183//1212 172//1212 978//1212
f 193//1213 183//1213 979//1213
f 193//1214 979//1214 980//1214
f 194//1215 193//1215 980//1215
f 194//1216 980//1216 981//1216
f 179//1217 194//1217 981//1217
f 179//1218 981//1218 982//1218
f 154//1219 179//1219 982//1219
f 154//1220 982//1220 983//1220
f 153//1221 983//1221 984//1221
f 153//1222 154//1222 983//1222
f 130//1223 153//1223 984//1223
f 130//1224 985//1224 986//1224
f 130//1225 984//1225 985//1225
f 122//1226 130//1226 986//1226
f 114//1227 986//1227 987//1227
f 114//1228 122//1228 986//1228
f 107//1229 987//1229 988//1229
f 107//1230 114//1230 987//1230
f 98//1231 988//1231 989//1231
f 98//1232 107//1232 988//1232
f 90//1233 989//1233 990//1233
f 90//1234 98//1234 989//1234
f 82//1235 990//1235 965//1235
f 82//1236 90//1236 990//1236
f 127//1237 137//1237 991//1237
f 127//1238 991//1238 992//1238
f 117//1239 992//1239 993//1239
f 117//1240 127//1240 992//1240
f 111//1241 993//1241 994//1241
f 111//1242 117//1242 993//1242
f 112//1243 994//1243 995//1243
f 112//1244 111//1244 994//1244
f 121//1245 995//1245 996//1245
f 121//1246 112//1246 995//1246
f 129//1247 996//1247 997//1247
f 129//1248 121//1248 996//1248
f 152//1249 997//1249 998//1249
f 152//1250 129//1250 997//1250
f 178//1251 998//1251 999//1251
f 178//1252 152//1252 998//1252
f 195//1253 999//1253 1000//1253
f 195//1254 178//1254 999//1254
f 211//1255 1000//1255 1001//1255
f 211//1256 195//1256 1000//1256
f 213//1257 211//1257 1001//1257
f 213//1258 1001//1258 1002//1258
f 237//1259 213//1259 1002//1259
f 237//1260 1003//1260 1004//1260
f 237//1261 1002//1261 1003//1261
f 238//1262 237//1262 1004//1262
f 274//1263 1004//1263 1005//1263
f 274//1264 238//1264 1004//1264
f 289//1265 274//1265 1005//1265
f 289//1266 1005//1266 1006//1266
f 287//1267 289//1267 1006//1267
f 287//1268 1006//1268 1007//1268
f 300//1269 287//1269 1007//1269
f 300//1270 1007//1270 1008//1270
f 282//1271 300//1271 1008//1271
f 282//1272 1008//1272 1009//1272
f 267//1273 1009//1273 1010//1273
f 267//1274 282//1274 1009//1274
f 235//1275 267//1275 1010//1275
f 235//1276 1011//1276 1012//1276
f 235//1277 1010//1277 1011//1277
f 220//1278 235//1278 1012//1278
f 218//1279 1012//1279 1013//1279
f 218//1280 220//1280 1012//1280
f 200//1281 1013//1281 1014//1281
f 200//1282 218//1282 1013//1282
f 184//1283 1014//1283 1015//1283
f 184//1284 200//1284 1014//1284
f 167//1285 1015//1285 1016//1285
f 167//1286 184//1286 1015//1286
f 137//1287 1016//1287 991//1287
f 137//1288 167//1288 1016//1288
f 241//1289 254//1289 1017//1289
f 241//1290 1017//1290 1018//1290
f 226//1291 1018//1291 1019//1291
f 226//1292 241//1292 1018//1292
f 215//1293 1019//1293 1020//1293
f 215//1294 226//1294 1019//1294
f 219//1295 1020//1295 1021//1295
f 219//1296 215//1296 1020//1296
f 234//1297 1021//1297 1022//1297
f 234//1298 219//1298 1021//1298
f 244//1299 1022//1299 1023//1299
f 244//1300 234//1300 1022//1300
f 266//1301 1023//1301 1024//1301
f 266//1302 244//1302 1023//1302
f 281//1303 1024//1303 1025//1303
f 281//1304 266//1304 1024//1304
f 299//1305 1025//1305 1026//1305
f 299//1306 281//1306 1025//1306
f 311//1307 1026//1307 1027//1307
f 311//1308 299//1308 1026//1308
f 323//1309 311//1309 1027//1309
f 323//1310 1027//1310 1028//1310
f 335//1311 323//1311 1028//1311
f 335//1312 1029//1312 1030//1312
f 335//1313 1028//1313 1029//1313
f 348//1314 335//1314 1030//1314
f 373//1315 1030//1315 1031//1315
f 373//1316 348//1316 1030//1316
f 387//1317 373//1317 1031//1317
f 387//1318 1031//1318 1032//1318
f 403//1319 387//1319 1032//1319
f 403//1320 1032//1320 1033//1320
f 399//1321 403//1321 1033//1321
f 399//1322 1033//1322 1034//1322
f 384//1323 399//1323 1034//1323
f 384//1324 1034//1324 1035//1324
f 347//1325 1035//1325 1036//1325
f 347//1326 384//1326 1035//1326
f 334//1327 347//1327 1036//1327
f 334//1328 1037//1328 1038//1328
f 334//1329 1036//1329 1037//1329
f 332//1330 334//1330 1038//1330
f 317//1331 1038//1331 1039//1331
f 317//1332 332//1332 1038//1332
f 306//1333 1039//1333 1040//1333
f 306//1334 317//1334 1039//1334
f 293//1335 1040//1335 1041//1335
f 293//1336 306//1336 1040//1336
f 275//1337 1041//1337 1042//1337
f 275//1338 293//1338 1041//1338
f 254//1339 1042//1339 1017//1339
f 254//1340 275//1340 1042//1340
f 161//1341 173//1341 1043//1341
f 161//1342 1043//1342 1044//1342
f 151//1343 1044//1343 1045//1343
f 151//1344 161//1344 1044//1344
f 142//1345 1045//1345 1046//1345
f 142//1346 151//1346 1045//1346
f 146//1347 1046//1347 1047//1347
f 146//1348 142//1348 1046//1348
f 158//1349 1047//1349 1048//1349
f 158//1350 146//1350 1047//1350
f 165//1351 1048//1351 1049//1351
f 165//1352 158//1352 1048//1352
f 176//1353 1049//1353 1050//1353
f 176//1354 165//1354 1049//1354
f 190//1355 1050//1355 1051//1355
f 190//1356 176//1356 1050//1356
f 198//1357 1051//1357 1052//1357
f 198//1358 190//1358 1051//1358
f 216//1359 1052//1359 1053//1359
f 216//1360 198//1360 1052//1360
f 227//1361 216//1361 1053//1361
f 227//1362 1053//1362 1054//1362
f 239//1363 227//1363 1054//1363
f 239//1364 1055//1364 1056//1364
f 239//1365 1054//1365 1055//1365
f 251//1366 239//1366 1056//1366
f 253//1367 1056//1367 1057//1367
f 253//1368 251//1368 1056//1368
f 276//1369 253//1369 1057//1369
f 276//1370 1057//1370 1058//1370
f 291//1371 276//1371 1058//1371
f 291//1372 1058//1372 1059//1372
f 304//1373 291//1373 1059//1373
f 304//1374 1059//1374 1060//1374
f 296//1375 304//1375 1060//1375
f 296//1376 1060//1376 1061//1376
f 280//1377 1061//1377 1062//1377
f 280//1378 296//1378 1061//1378
f 272//1379 280//1379 1062//1379
f 272//1380 1063//1380 1064//1380
f 272//1381 1062//1381 1063//1381
f 261//1382 272//1382 1064//1382
f 258//1383 1064//1383 1065//1383
f 258//1384 261//1384 1064//1384
f 256//1385 1065//1385 1066//1385
f 256//1386 258//1386 1065//1386
f 259//1387 1066//1387 1067//1387
f 259//1388 256//1388 1066//1388
f 270//1389 1067//1389 1068//1389
f 270//1390 259//1390 1067//1390
f 173//1391 1068//1391 1043//1391
f 173//1392 270//1392 1068//1392
f 269//1393 278//1393 1069//1393
f 269//1394 1069//1394 1070//1394
f 262//1395 1070//1395 1071//1395
f 262//1396 269//1396 1070//1396
f 257//1397 1071//1397 1072//1397
f 257//1398 262//1398 1071//1398
f 260//1399 1072//1399 1073//1399
f 260//1400 257//1400 1072//1400
f 268//1401 1073//1401 1074//1401
f 268//1402 260//1402 1073//1402
f 271//1403 1074//1403 1075//1403
f 271//1404 268//1404 1074//1404
f 279//1405 1075//1405 1076//1405
f 279//1406 271//1406 1075//1406
f 295//1407 1076//1407 1077//1407
f 295//1408 279//1408 1076//1408
f 303//1409 1077//1409 1078//1409
f 303//1410 295//1410 1077//1410
f 315//1411 1078//1411 1079//1411
f 315//1412 303//1412 1078//1412
f 327//1413 315//1413 1079//1413
f 327//1414 1079//1414 1080//1414
f 338//1415 327//1415 1080//1415
f 338//1416 1081//1416 1082//1416
f 338//1417 1080//1417 1081//1417
f 351//1418 338//1418 1082//1418
f 352//1419 1082//1419 1083//1419
f 352//1420 351//1420 1082//1420
f 372//1421 352//1421 1083//1421
f 372//1422 1083//1422 1084//1422
f 390//1423 372//1423 1084//1423
f 390//1424 1084//1424 1085//1424
f 408//1425 390//1425 1085//1425
f 408//1426 1085//1426 1086//1426
f 458//1427 408//1427 1086//1427
f 458//1428 1086//1428 1087//1428
f 468//1429 1087//1429 1088//1429
f 468//1430 458//1430 1087//1430
f 478//1431 468//1431 1088//1431
f 478//1432 1089//1432 1090//1432
f 478//1433 1088//1433 1089//1433
f 490//1434 478//1434 1090//1434
f 501//1435 1090//1435 1091//1435
f 501//1436 490//1436 1090//1436
f 723//1437 1091//1437 1092//1437
f 723//1438 501//1438 1091//1438
f 727//1439 1092//1439 1093//1439
f 727//1440 723//1440 1092//1440
f 742//1441 1093//1441 1094//1441
f 742//1442 727//1442 1093//1442
f 278//1443 1094//1443 1069//1443
f 278//1444 742//1444 1094//1444
f 240//1445 252//1445 1095//1445
f 240//1446 1095//1446 1096//1446
f 228//1447 1096//1447 1097//1447
f 228//1448 240//1448 1096//1448
f 217//1449 1097//1449 1098//1449
f 217//1450 228//1450 1097//1450
f 223//1451 1098//1451 1099//1451
f 223//1452 217//1452 1098//1452
f 232//1453 1099//1453 1100//1453
f 232//1454 223//1454 1099//1454
f 248//1455 1100//1455 1101//1455
f 248//1456 232//1456 1100//1456
f 265//1457 1101//1457 1102//1457
f 265//1458 248//1458 1101//1458
f 285//1459 1102//1459 1103//1459
f 285//1460 265//1460 1102//1460
f 301//1461 1103//1461 1104//1461
f 301//1462 285//1462 1103//1462
f 310//1463 1104//1463 1105//1463
f 310//1464 301//1464 1104//1464
f 325//1465 310//1465 1105//1465
f 325//1466 1105//1466 1106//1466
f 340//1467 325//1467 1106//1467
f 340//1468 1107//1468 1108//1468
f 340//1469 1106//1469 1107//1469
f 353//1470 340//1470 1108//1470
f 375//1471 1108//1471 1109//1471
f 375//1472 353//1472 1108//1472
f 391//1473 375//1473 1109//1473
f 391//1474 1109//1474 1110//1474
f 405//1475 391//1475 1110//1475
f 405//1476 1110//1476 1111//1476
f 401//1477 405//1477 1111//1477
f 401//1478 1111//1478 1112//1478
f 382//1479 401//1479 1112//1479
f 382//1480 1112//1480 1113//1480
f 363//1481 1113//1481 1114//1481
f 363//1482 382//1482 1113//1482
f 345//1483 363//1483 1114//1483
f 345//1484 1115//1484 1116//1484
f 345//1485 1114//1485 1115//1485
f 331//1486 345//1486 1116//1486
f 314//1487 1116//1487 1117//1487
f 314//1488 331//1488 1116//1488
f 307//1489 1117//1489 1118//1489
f 307//1490 314//1490 1117//1490
f 290//1491 1118//1491 1119//1491
f 290//1492 307//1492 1118//1492
f 277//1493 1119//1493 1120//1493
f 277//1494 290//1494 1119//1494
f 252//1495 1120//1495 1095//1495
f 252//1496 277//1496 1120//1496
f 337//1497 350//1497 1121//1497
f 337//1498 1121//1498 1122//1498
f 326//1499 1122//1499 1123//1499
f 326//1500 337//1500 1122//1500
f 313//1501 1123//1501 1124//1501
f 313//1502 326//1502 1123//1502
f 321//1503 1124//1503 1125//1503
f 321//1504 313//1504 1124//1504
f 330//1505 1125//1505 1126//1505
f 330//1506 321//1506 1125//1506
f 344//1507 1126//1507 1127//1507
f 344//1508 330//1508 1126//1508
f 362//1509 1127//1509 1128//1509
f 362//1510 344//1510 1127//1510
f 381//1511 1128//1511 1129//1511
f 381//1512 362//1512 1128//1512
f 400//1513 1129//1513 1130//1513
f 400//1514 381//1514 1129//1514
f 414//1515 1130//1515 1131//1515
f 414//1516 400//1516 1130//1516
f 427//1517 414//1517 1131//1517
f 427//1518 1131//1518 1132//1518
f 436//1519 427//1519 1132//1519
f 436//1520 1133//1520 1134//1520
f 436//1521 1132//1521 1133//1521
f 446//1522 436//1522 1134//1522
f 474//1523 1134//1523 1135//1523
f 474//1524 446//1524 1134//1524
f 491//1525 474//1525 1135//1525
f 491//1526 1135//1526 1136//1526
f 512//1527 491//1527 1136//1527
f 512//1528 1136//1528 1137//1528
f 509//1529 512//1529 1137//1529
f 509//1530 1137//1530 1138//1530
f 498//1531 509//1531 1138//1531
f 498//1532 1138//1532 1139//1532
f 471//1533 1139//1533 1140//1533
f 471//1534 498//1534 1139//1534
f 464//1535 471//1535 1140//1535
f 464//1536 1141//1536 1142//1536
f 464//1537 1140//1537 1141//1537
f 454//1538 464//1538 1142//1538
f 450//1539 1142//1539 1143//1539
f 450//1540 454//1540 1142//1540
f 407//1541 1143//1541 1144//1541
f 407//1542 450//1542 1143//1542
f 389//1543 1144//1543 1145//1543
f 389//1544 407//1544 1144//1544
f 371//1545 1145//1545 1146//1545
f 371//1546 389//1546 1145//1546
f 350//1547 1146//1547 1121//1547
f 350//1548 371//1548 1146//1548
f 467//1549 477//1549 1147//1549
f 467//1550 1147//1550 1148//1550
f 457//1551 1148//1551 1149//1551
f 457//1552 467//1552 1148//1552
f 449//1553 1149//1553 1150//1553
f 449//1554 457//1554 1149//1554
f 453//1555 1150//1555 1151//1555
f 453//1556 449//1556 1150//1556
f 463//1557 1151//1557 1152//1557
f 463//1558 453//1558 1151//1558
f 470//1559 1152//1559 1153//1559
f 470//1560 463//1560 1152//1560
f 479//1561 1153//1561 1154//1561
f 479//1562 470//1562 1153//1562
f 497//1563 1154//1563 1155//1563
f 497//1564 479//1564 1154//1564
f 508//1565 1155//1565 1156//1565
f 508//1566 497//1566 1155//1566
f 519//1567 1156//1567 1157//1567
f 519//1568 508//1568 1156//1568
f 552//1569 519//1569 1157//1569
f 552//1570 1157//1570 1158//1570
f 562//1571 552//1571 1158//1571
f 562//1572 1159//1572 1160//1572
f 562//1573 1158//1573 1159//1573
f 570//1574 562//1574 1160//1574
f 571//1575 1160//1575 1161//1575
f 571//1576 570//1576 1160//1576
f 590//1577 571//1577 1161//1577
f 590//1578 1161//1578 1162//1578
f 592//1579 590//1579 1162//1579
f 592//1580 1162//1580 1163//1580
f 616//1581 592//1581 1163//1581
f 616//1582 1163//1582 1164//1582
f 620//1583 616//1583 1164//1583
f 620//1584 1164//1584 1165//1584
f 624//1585 1165//1585 1166//1585
f 624//1586 620//1586 1165//1586
f 628//1587 624//1587 1166//1587
f 628//1588 1167//1588 1168//1588
f 628//1589 1166//1589 1167//1589
f 633//1590 628//1590 1168//1590
f 718//1591 1168//1591 1169//1591
f 718//1592 633//1592 1168//1592
f 516//1593 1169//1593 1170//1593
f 516//1594 718//1594 1169//1594
f 502//1595 1170//1595 1171//1595
f 502//1596 516//1596 1170//1596
f 489//1597 1171//1597 1172//1597
f 489//1598 502//1598 1171//1598
f 477//1599 1172//1599 1147//1599
f 477//1600 489//1600 1172//1600
f 339//1601 354//1601 1173//1601
f 339//1602 1173//1602 1174//1602
f 324//1603 1174//1603 1175//1603
f 324//1604 339//1604 1174//1604
f 316//1605 1175//1605 1176//1605
f 316//1606 324//1606 1175//1606
f 320//1607 1176//1607 1177//1607
f 320//1608 316//1608 1176//1608
f 333//1609 1177//1609 1178//1609
f 333//1610 320//1610 1177//1610
f 346//1611 1178//1611 1179//1611
f 346//1612 333//1612 1178//1612
f 364//1613 1179//1613 1180//1613
f 364//1614 346//1614 1179//1614
f 383//1615 1180//1615 1181//1615
f 383//1616 364//1616 1180//1616
f 398//1617 1181//1617 1182//1617
f 398//1618 383//1618 1181//1618
f 413//1619 1182//1619 1183//1619
f 413//1620 398//1620 1182//1620
f 426//1621 413//1621 1183//1621
f 426//1622 1183//1622 1184//1622
f 435//1623 426//1623 1184//1623
f 435//1624 1185//1624 1186//1624
f 435//1625 1184//1625 1185//1625
f 444//1626 435//1626 1186//1626
f 473//1627 1186//1627 1187//1627
f 473//1628 444//1628 1186//1628
f 494//1629 473//1629 1187//1629
f 494//1630 1187//1630 1188//1630
f 510//1631 494//1631 1188//1631
f 510//1632 1188//1632 1189//1632
f 506//1633 510//1633 1189//1633
f 506//1634 1189//1634 1190//1634
f 486//1635 506//1635 1190//1635
f 486//1636 1190//1636 1191//1636
f 442//1637 1191//1637 1192//1637
f 442//1638 486//1638 1191//1638
f 431//1639 442//1639 1192//1639
f 431//1640 1193//1640 1194//1640
f 431//1641 1192//1641 1193//1641
f 430//1642 431//1642 1194//1642
f 424//1643 1194//1643 1195//1643
f 424//1644 430//1644 1194//1644
f 406//1645 1195//1645 1196//1645
f 406//1646 424//1646 1195//1646
f 392//1647 1196//1647 1197//1647
f 392//1648 406//1648 1196//1648
f 376//1649 1197//1649 1198//1649
f 376//1650 392//1650 1197//1650
f 354//1651 1198//1651 1173//1651
f 354//1652 376//1652 1198//1652
f 437//1653 445//1653 1199//1653
f 437//1654 1199//1654 1200//1654
f 428//1655 1200//1655 1201//1655
f 428//1656 437//1656 1200//1656
f 420//1657 1201//1657 1202//1657
f 420//1658 428//1658 1201//1658
f 423//1659 1202//1659 1203//1659
f 423//1660 420//1660 1202//1660
f 429//1661 1203//1661 1204//1661
f 429//1662 423//1662 1203//1662
f 441//1663 1204//1663 1205//1663
f 441//1664 429//1664 1204//1664
f 460//1665 1205//1665 1206//1665
f 460//1666 441//1666 1205//1666
f 485//1667 1206//1667 1207//1667
f 485//1668 460//1668 1206//1668
f 505//1669 1207//1669 1208//1669
f 505//1670 485//1670 1207//1670
f 521//1671 1208//1671 1209//1671
f 521//1672 505//1672 1208//1672
f 532//1673 521//1673 1209//1673
f 532//1674 1209//1674 1210//1674
f 536//1675 532//1675 1210//1675
f 536//1676 1211//1676 1212//1676
f 536//1677 1210//1677 1211//1677
f 540//1678 536//1678 1212//1678
f 566//1679 1212//1679 1213//1679
f 566//1680 540//1680 1212//1680
f 581//1681 566//1681 1213//1681
f 581//1682 1213//1682 1214//1682
f 597//1683 581//1683 1214//1683
f 597//1684 1214//1684 1215//1684
f 596//1685 597//1685 1215//1685
f 596//1686 1215//1686 1216//1686
f 587//1687 596//1687 1216//1687
f 587//1688 1216//1688 1217//1688
f 565//1689 1217//1689 1218//1689
f 565//1690 587//1690 1217//1690
f 558//1691 565//1691 1218//1691
f 558//1692 1219//1692 1220//1692
f 558//1693 1218//1693 1219//1693
f 548//1694 558//1694 1220//1694
f 523//1695 1220//1695 1221//1695
f 523//1696 548//1696 1220//1696
f 513//1697 1221//1697 1222//1697
f 513//1698 523//1698 1221//1698
f 492//1699 1222//1699 1223//1699
f 492//1700 513//1700 1222//1700
f 475//1701 1223//1701 1224//1701
f 475//1702 492//1702 1223//1702
f 445//1703 1224//1703 1199//1703
f 445//1704 475//1704 1224//1704
f 561//1705 569//1705 1225//1705
f 561//1706 1225//1706 1226//1706
f 551//1707 1226//1707 1227//1707
f 551//1708 561//1708 1226//1708
f 542//1709 1227//1709 1228//1709
f 542//1710 551//1710 1227//1710
f 547//1711 1228//1711 1229//1711
f 547//1712 542//1712 1228//1712
f 557//1713 1229//1713 1230//1713
f 557//1714 547//1714 1229//1714
f 564//1715 1230//1715 1231//1715
f 564//1716 557//1716 1230//1716
f 574//1717 1231//1717 1232//1717
f 574//1718 564//1718 1231//1718
f 586//1719 1232//1719 1233//1719
f 586//1720 574//1720 1232//1720
f 595//1721 1233//1721 1234//1721
f 595//1722 586//1722 1233//1722
f 604//1723 1234//1723 1235//1723
f 604//1724 595//1724 1234//1724
f 635//1725 604//1725 1235//1725
f 635//1726 1235//1726 1236//1726
f 650//1727 635//1727 1236//1727
f 650//1728 1237//1728 1238//1728
f 650//1729 1236//1729 1237//1729
f 659//1730 650//1730 1238//1730
f 661//1731 1238//1731 1239//1731
f 661//1732 659//1732 1238//1732
f 676//1733 661//1733 1239//1733
f 676//1734 1239//1734 1240//1734
f 664//1735 676//1735 1240//1735
f 664//1736 1240//1736 1241//1736
f 649//1737 664//1737 1241//1737
f 649//1738 1241//1738 1242//1738
f 631//1739 649//1739 1242//1739
f 631//1740 1242//1740 1243//1740
f 627//1741 1243//1741 1244//1741
f 627//1742 631//1742 1243//1742
f 623//1743 627//1743 1244//1743
f 623//1744 1245//1744 1246//1744
f 623//1745 1244//1745 1245//1745
f 619//1746 623//1746 1246//1746
f 615//1747 1246//1747 1247//1747
f 615//1748 619//1748 1246//1748
f 601//1749 1247//1749 1248//1749
f 601//1750 615//1750 1247//1750
f 591//1751 1248//1751 1249//1751
f 591//1752 601//1752 1248//1752
f 580//1753 1249//1753 1250//1753
f 580//1754 591//1754 1249//1754
f 569//1755 1250//1755 1225//1755
f 569//1756 580//1756 1250//1756
f 621//1757 625//1757 1251//1757
f 621//1758 1251//1758 1252//1758
f 617//1759 1252//1759 1253//1759
f 617//1760 621//1760 1252//1760
f 613//1761 1253//1761 1254//1761
f 613//1762 617//1762 1253//1762
f 614//1763 1254//1763 1255//1763
f 614//1764 613//1764 1254//1764
f 618//1765 1255//1765 1256//1765
f 618//1766 614//1766 1255//1766
f 622//1767 1256//1767 1257//1767
f 622//1768 618//1768 1256//1768
f 626//1769 1257//1769 1258//1769
f 626//1770 622//1770 1257//1770
f 630//1771 1258//1771 1259//1771
f 630//1772 626//1772 1258//1772
f 648//1773 1259//1773 1260//1773
f 648//1774 630//1774 1259//1774
f 663//1775 1260//1775 1261//1775
f 663//1776 648//1776 1260//1776
f 684//1777 663//1777 1261//1777
f 684//1778 1261//1778 1262//1778
f 691//1779 684//1779 1262//1779
f 691//1780 1263//1780 1264//1780
f 691//1781 1262//1781 1263//1781
f 696//1782 691//1782 1264//1782
f 703//1783 1264//1783 1265//1783
f 703//1784 696//1784 1264//1784
f 707//1785 703//1785 1265//1785
f 707//1786 1265//1786 1266//1786
f 713//1787 707//1787 1266//1787
f 713//1788 1266//1788 1267//1788
f 757//1789 713//1789 1267//1789
f 757//1790 1267//1790 1268//1790
f 758//1791 757//1791 1268//1791
f 758//1792 1268//1792 1269//1792
f 720//1793 1269//1793 1270//1793
f 720//1794 758//1794 1269//1794
f 719//1795 720//1795 1270//1795
f 719//1796 1271//1796 1272//1796
f 719//1797 1270//1797 1271//1797
f 721//1798 719//1798 1272//1798
f 722//1799 1272//1799 1273//1799
f 722//1800 721//1800 1272//1800
f 658//1801 1273//1801 1274//1801
f 658//1802 722//1802 1273//1802
f 632//1803 1274//1803 1275//1803
f 632//1804 658//1804 1274//1804
f 629//1805 1275//1805 1276//1805
f 629//1806 632//1806 1275//1806
f 625//1807 1276//1807 1251//1807
f 625//1808 629//1808 1276//1808
f 160//1809 171//1809 1277//1809
f 160//1810 1277//1810 1278//1810
f 149//1811 1278//1811 1279//1811
f 149//1812 160//1812 1278//1812
f 139//1813 1279//1813 1280//1813
f 139//1814 149//1814 1279//1814
f 144//1815 1280//1815 1281//1815
f 144//1816 139//1816 1280//1816
f 156//1817 1281//1817 1282//1817
f 156//1818 144//1818 1281//1818
f 163//1819 1282//1819 1283//1819
f 163//1820 156//1820 1282//1820
f 174//1821 1283//1821 1284//1821
f 174//1822 163//1822 1283//1822
f 188//1823 1284//1823 1285//1823
f 188//1824 174//1824 1284//1824
f 207//1825 1285//1825 1286//1825
f 207//1826 188//1826 1285//1826
f 208//1827 1286//1827 1287//1827
f 208//1828 207//1828 1286//1828
f 210//1829 208//1829 1287//1829
f 210//1830 1287//1830 1288//1830
f 379//1831 210//1831 1288//1831
f 379//1832 1289//1832 1290//1832
f 379//1833 1288//1833 1289//1833
f 370//1834 379//1834 1290//1834
f 366//1835 1290//1835 1291//1835
f 366//1836 370//1836 1290//1836
f 309//1837 366//1837 1291//1837
f 309//1838 1291//1838 1292//1838
f 298//1839 309//1839 1292//1839
f 298//1840 1292//1840 1293//1840
f 284//1841 298//1841 1293//1841
f 284//1842 1293//1842 1294//1842
f 264//1843 284//1843 1294//1843
f 264//1844 1294//1844 1295//1844
f 247//1845 1295//1845 1296//1845
f 247//1846 264//1846 1295//1846
f 246//1847 247//1847 1296//1847
f 246//1848 1297//1848 1298//1848
f 246//1849 1296//1849 1297//1849
f 230//1850 246//1850 1298//1850
f 222//1851 1298//1851 1299//1851
f 222//1852 230//1852 1298//1852
f 203//1853 1299//1853 1300//1853
f 203//1854 222//1854 1299//1854
f 192//1855 1300//1855 1301//1855
f 192//1856 203//1856 1300//1856
f 182//1857 1301//1857 1302//1857
f 182//1858 192//1858 1301//1858
f 171//1859 1302//1859 1277//1859
f 171//1860 182//1860 1302//1860
f 236//1861 250//1861 1303//1861
f 236//1862 1303//1862 1304//1862
f 225//1863 1304//1863 1305//1863
f 225//1864 236//1864 1304//1864
f 212//1865 1305//1865 1306//1865
f 212//1866 225//1866 1305//1866
f 221//1867 1306//1867 1307//1867
f 221//1868 212//1868 1306//1868
f 229//1869 1307//1869 1308//1869
f 229//1870 221//1870 1307//1870
f 245//1871 1308//1871 1309//1871
f 245//1872 229//1872 1308//1872
f 263//1873 1309//1873 1310//1873
f 263//1874 245//1874 1309//1874
f 283//1875 1310//1875 1311//1875
f 283//1876 263//1876 1310//1876
f 297//1877 1311//1877 1312//1877
f 297//1878 283//1878 1311//1878
f 308//1879 1312//1879 1313//1879
f 308//1880 297//1880 1312//1880
f 355//1881 308//1881 1313//1881
f 355//1882 1313//1882 1314//1882
f 358//1883 355//1883 1314//1883
f 358//1884 1315//1884 1316//1884
f 358//1885 1314//1885 1315//1885
f 367//1886 358//1886 1316//1886
f 385//1887 1316//1887 1317//1887
f 385//1888 367//1888 1316//1888
f 394//1889 385//1889 1317//1889
f 394//1890 1317//1890 1318//1890
f 409//1891 394//1891 1318//1891
f 409//1892 1318//1892 1319//1892
f 397//1893 409//1893 1319//1893
f 397//1894 1319//1894 1320//1894
f 361//1895 397//1895 1320//1895
f 361//1896 1320//1896 1321//1896
f 343//1897 1321//1897 1322//1897
f 343//1898 361//1898 1321//1898
f 341//1899 343//1899 1322//1899
f 341//1900 1323//1900 1324//1900
f 341//1901 1322//1901 1323//1901
f 329//1902 341//1902 1324//1902
f 319//1903 1324//1903 1325//1903
f 319//1904 329//1904 1324//1904
f 305//1905 1325//1905 1326//1905
f 305//1906 319//1906 1325//1906
f 288//1907 1326//1907 1327//1907
f 288//1908 305//1908 1326//1908
f 273//1909 1327//1909 1328//1909
f 273//1910 288//1910 1327//1910
f 250//1911 1328//1911 1303//1911
f 250//1912 273//1912 1328//1912
f 336//1913 349//1913 1329//1913
f 336//1914 1329//1914 1330//1914
f 322//1915 1330//1915 1331//1915
f 322//1916 336//1916 1330//1916
f 312//1917 1331//1917 1332//1917
f 312//1918 322//1918 1331//1918
f 318//1919 1332//1919 1333//1919
f 318//1920 312//1920 1332//1920
f 328//1921 1333//1921 1334//1921
f 328//1922 318//1922 1333//1922
f 342//1923 1334//1923 1335//1923
f 342//1924 328//1924 1334//1924
f 360//1925 1335//1925 1336//1925
f 360//1926 342//1926 1335//1926
f 380//1927 1336//1927 1337//1927
f 380//1928 360//1928 1336//1928
f 396//1929 1337//1929 1338//1929
f 396//1930 380//1930 1337//1930
f 412//1931 1338//1931 1339//1931
f 412//1932 396//1932 1338//1932
f 447//1933 412//1933 1339//1933
f 447//1934 1339//1934 1340//1934
f 456//1935 447//1935 1340//1935
f 456//1936 1341//1936 1342//1936
f 456//1937 1340//1937 1341//1937
f 465//1938 456//1938 1342//1938
f 487//1939 1342//1939 1343//1939
f 487//1940 465//1940 1342//1940
f 499//1941 487//1941 1343//1941
f 499//1942 1343//1942 1344//1942
f 514//1943 499//1943 1344//1943
f 514//1944 1344//1944 1345//1944
f 504//1945 514//1945 1345//1945
f 504//1946 1345//1946 1346//1946
f 484//1947 504//1947 1346//1947
f 484//1948 1346//1948 1347//1948
f 440//1949 1347//1949 1348//1949
f 440//1950 484//1950 1347//1950
f 439//1951 440//1951 1348//1951
f 439//1952 1349//1952 1350//1952
f 439//1953 1348//1953 1349//1953
f 433//1954 439//1954 1350//1954
f 422//1955 1350//1955 1351//1955
f 422//1956 433//1956 1350//1956
f 404//1957 1351//1957 1352//1957
f 404//1958 422//1958 1351//1958
f 388//1959 1352//1959 1353//1959
f 388//1960 404//1960 1352//1960
f 374//1961 1353//1961 1354//1961
f 374//1962 388//1962 1353//1962
f 349//1963 1354//1963 1329//1963
f 349//1964 374//1964 1354//1964
f 368//1965 377//1965 1355//1965
f 368//1966 1355//1966 1356//1966
f 359//1967 1356//1967 1357//1967
f 359//1968 368//1968 1356//1968
f 356//1969 1357//1969 1358//1969
f 356//1970 359//1970 1357//1970
f 357//1971 1358//1971 1359//1971
f 357//1972 356//1972 1358//1972
f 365//1973 1359//1973 1360//1973
f 365//1974 357//1974 1359//1974
f 369//1975 1360//1975 1361//1975
f 369//1976 365//1976 1360//1976
f 378//1977 1361//1977 1362//1977
f 378//1978 369//1978 1361//1978
f 393//1979 1362//1979 1363//1979
f 393//1980 378//1980 1362//1980
f 402//1981 1363//1981 1364//1981
f 402//1982 393//1982 1363//1982
f 411//1983 1364//1983 1365//1983
f 411//1984 402//1984 1364//1984
f 416//1985 411//1985 1365//1985
f 416//1986 1365//1986 1366//1986
f 417//1987 416//1987 1366//1987
f 417//1988 1367//1988 1368//1988
f 417//1989 1366//1989 1367//1989
f 418//1990 417//1990 1368//1990
f 527//1991 1368//1991 1369//1991
f 527//1992 418//1992 1368//1992
f 525//1993 527//1993 1369//1993
f 525//1994 1369//1994 1370//1994
f 518//1995 525//1995 1370//1995
f 518//1996 1370//1996 1371//1996
f 496//1997 518//1997 1371//1997
f 496//1998 1371//1998 1372//1998
f 482//1999 496//1999 1372//1999
f 482//2000 1372//2000 1373//2000
f 481//2001 1373//2001 1374//2001
f 481//2002 482//2002 1373//2002
f 462//2003 481//2003 1374//2003
f 462//2004 1375//2004 1376//2004
f 462//2005 1374//2005 1375//2005
f 452//2006 462//2006 1376//2006
f 415//2007 1376//2007 1377//2007
f 415//2008 452//2008 1376//2008
f 410//2009 1377//2009 1378//2009
f 410//2010 415//2010 1377//2010
f 395//2011 1378//2011 1379//2011
f 395//2012 410//2012 1378//2012
f 386//2013 1379//2013 1380//2013
f 386//2014 395//2014 1379//2014
f 377//2015 1380//2015 1355//2015
f 377//2016 386//2016 1380//2016
f 466//2017 476//2017 1381//2017
f 466//2018 1381//2018 1382//2018
f 455//2019 1382//2019 1383//2019
f 455//2020 466//2020 1382//2020
f 448//2021 1383//2021 1384//2021
f 448//2022 455//2022 1383//2022
f 451//2023 1384//2023 1385//2023
f 451//2024 448//2024 1384//2024
f 461//2025 1385//2025 1386//2025
f 461//2026 451//2026 1385//2026
f 469//2027 1386//2027 1387//2027
f 469//2028 461//2028 1386//2028
f 480//2029 1387//2029 1388//2029
f 480//2030 469//2030 1387//2030
f 495//2031 1388//2031 1389//2031
f 495//2032 480//2032 1388//2032
f 507//2033 1389//2033 1390//2033
f 507//2034 495//2034 1389//2034
f 517//2035 1390//2035 1391//2035
f 517//2036 507//2036 1390//2036
f 524//2037 517//2037 1391//2037
f 524//2038 1391//2038 1392//2038
f 526//2039 524//2039 1392//2039
f 526//2040 1393//2040 1394//2040
f 526//2041 1392//2041 1393//2041
f 528//2042 526//2042 1394//2042
f 611//2043 1394//2043 1395//2043
f 611//2044 528//2044 1394//2044
f 609//2045 611//2045 1395//2045
f 609//2046 1395//2046 1396//2046
f 603//2047 609//2047 1396//2047
f 603//2048 1396//2048 1397//2048
f 585//2049 603//2049 1397//2049
f 585//2050 1397//2050 1398//2050
f 584//2051 585//2051 1398//2051
f 584//2052 1398//2052 1399//2052
f 573//2053 1399//2053 1400//2053
f 573//2054 584//2054 1399//2054
f 556//2055 573//2055 1400//2055
f 556//2056 1401//2056 1402//2056
f 556//2057 1400//2057 1401//2057
f 546//2058 556//2058 1402//2058
f 522//2059 1402//2059 1403//2059
f 522//2060 546//2060 1402//2060
f 515//2061 1403//2061 1404//2061
f 515//2062 522//2062 1403//2062
f 500//2063 1404//2063 1405//2063
f 500//2064 515//2064 1404//2064
f 488//2065 1405//2065 1406//2065
f 488//2066 500//2066 1405//2066
f 476//2067 1406//2067 1381//2067
f 476//2068 488//2068 1406//2068
f 434//2069 443//2069 1407//2069
f 434//2070 1407//2070 1408//2070
f 425//2071 1408//2071 1409//2071
f 425//2072 434//2072 1408//2072
f 419//2073 1409//2073 1410//2073
f 419//2074 425//2074 1409//2074
f 421//2075 1410//2075 1411//2075
f 421//2076 419//2076 1410//2076
f 432//2077 1411//2077 1412//2077
f 432//2078 421//2078 1411//2078
f 438//2079 1412//2079 1413//2079
f 438//2080 432//2080 1412//2080
f 459//2081 1413//2081 1414//2081
f 459//2082 438//2082 1413//2082
f 483//2083 1414//2083 1415//2083
f 483//2084 459//2084 1414//2084
f 503//2085 1415//2085 1416//2085
f 503//2086 483//2086 1415//2086
f 520//2087 1416//2087 1417//2087
f 520//2088 503//2088 1416//2088
f 543//2089 520//2089 1417//2089
f 543//2090 1417//2090 1418//2090
f 549//2091 543//2091 1418//2091
f 549//2092 1419//2092 1420//2092
f 549//2093 1418//2093 1419//2093
f 559//2094 549//2094 1420//2094
f 578//2095 1420//2095 1421//2095
f 578//2096 559//2096 1420//2096
f 588//2097 578//2097 1421//2097
f 588//2098 1421//2098 1422//2098
f 599//2099 588//2099 1422//2099
f 599//2100 1422//2100 1423//2100
f 577//2101 599//2101 1423//2101
f 577//2102 1423//2102 1424//2102
f 575//2103 577//2103 1424//2103
f 575//2104 1424//2104 1425//2104
f 554//2105 1425//2105 1426//2105
f 554//2106 575//2106 1425//2106
f 539//2107 554//2107 1426//2107
f 539//2108 1427//2108 1428//2108
f 539//2109 1426//2109 1427//2109
f 535//2110 539//2110 1428//2110
f 531//2111 1428//2111 1429//2111
f 531//2112 535//2112 1428//2112
f 511//2113 1429//2113 1430//2113
f 511//2114 531//2114 1429//2114
f 493//2115 1430//2115 1431//2115
f 493//2116 511//2116 1430//2116
f 472//2117 1431//2117 1432//2117
f 472//2118 493//2118 1431//2118
f 443//2119 1432//2119 1407//2119
f 443//2120 472//2120 1432//2120
f 537//2121 541//2121 1433//2121
f 537//2122 1433//2122 1434//2122
f 533//2123 1434//2123 1435//2123
f 533//2124 537//2124 1434//2124
f 529//2125 1435//2125 1436//2125
f 529//2126 533//2126 1435//2126
f 530//2127 1436//2127 1437//2127
f 530//2128 529//2128 1436//2128
f 534//2129 1437//2129 1438//2129
f 534//2130 530//2130 1437//2130
f 538//2131 1438//2131 1439//2131
f 538//2132 534//2132 1438//2132
f 553//2133 1439//2133 1440//2133
f 553//2134 538//2134 1439//2134
f 576//2135 1440//2135 1441//2135
f 576//2136 553//2136 1440//2136
f 593//2137 1441//2137 1442//2137
f 593//2138 576//2138 1441//2138
f 605//2139 1442//2139 1443//2139
f 605//2140 593//2140 1442//2140
f 636//2141 605//2141 1443//2141
f 636//2142 1443//2142 1444//2142
f 642//2143 636//2143 1444//2143
f 642//2144 1445//2144 1446//2144
f 642//2145 1444//2145 1445//2145
f 652//2146 642//2146 1446//2146
f 671//2147 1446//2147 1447//2147
f 671//2148 652//2148 1446//2148
f 679//2149 671//2149 1447//2149
f 679//2150 1447//2150 1448//2150
f 685//2151 679//2151 1448//2151
f 685//2152 1448//2152 1449//2152
f 681//2153 685//2153 1449//2153
f 681//2154 1449//2154 1450//2154
f 673//2155 681//2155 1450//2155
f 673//2156 1450//2156 1451//2156
f 657//2157 1451//2157 1452//2157
f 657//2158 673//2158 1451//2158
f 645//2159 657//2159 1452//2159
f 645//2160 1453//2160 1454//2160
f 645//2161 1452//2161 1453//2161
f 640//2162 645//2162 1454//2162
f 607//2163 1454//2163 1455//2163
f 607//2164 640//2164 1454//2164
f 598//2165 1455//2165 1456//2165
f 598//2166 607//2166 1455//2166
f 582//2167 1456//2167 1457//2167
f 582//2168 598//2168 1456//2168
f 567//2169 1457//2169 1458//2169
f 567//2170 582//2170 1457//2170
f 541//2171 1458//2171 1433//2171
f 541//2172 567//2172 1458//2172
f 651//2173 660//2173 1459//2173
f 651//2174 1459//2174 1460//2174
f 641//2175 1460//2175 1461//2175
f 641//2176 651//2176 1460//2176
f 634//2177 1461//2177 1462//2177
f 634//2178 641//2178 1461//2178
f 639//2179 1462//2179 1463//2179
f 639//2180 634//2180 1462//2180
f 644//2181 1463//2181 1464//2181
f 644//2182 639//2182 1463//2182
f 656//2183 1464//2183 1465//2183
f 656//2184 644//2184 1464//2184
f 665//2185 1465//2185 1466//2185
f 665//2186 656//2186 1465//2186
f 672//2187 1466//2187 1467//2187
f 672//2188 665//2188 1466//2188
f 680//2189 1467//2189 1468//2189
f 680//2190 672//2190 1467//2190
f 687//2191 1468//2191 1469//2191
f 687//2192 680//2192 1468//2192
f 693//2193 687//2193 1469//2193
f 693//2194 1469//2194 1470//2194
f 699//2195 693//2195 1470//2195
f 699//2196 1471//2196 1472//2196
f 699//2197 1470//2197 1471//2197
f 705//2198 699//2198 1472//2198
f 710//2199 1472//2199 1473//2199
f 710//2200 705//2200 1472//2200
f 714//2201 710//2201 1473//2201
f 714//2202 1473//2202 1474//2202
f 716//2203 714//2203 1474//2203
f 716//2204 1474//2204 1475//2204
f 759//2205 716//2205 1475//2205
f 759//2206 1475//2206 1476//2206
f 712//2207 759//2207 1476//2207
f 712//2208 1476//2208 1477//2208
f 708//2209 1477//2209 1478//2209
f 708//2210 712//2210 1477//2210
f 704//2211 708//2211 1478//2211
f 704//2212 1479//2212 1480//2212
f 704//2213 1478//2213 1479//2213
f 697//2214 704//2214 1480//2214
f 690//2215 1480//2215 1481//2215
f 690//2216 697//2216 1480//2216
f 683//2217 1481//2217 1482//2217
f 683//2218 690//2218 1481//2218
f 677//2219 1482//2219 1483//2219
f 677//2220 683//2220 1482//2220
f 669//2221 1483//2221 1484//2221
f 669//2222 677//2222 1483//2222
f 660//2223 1484//2223 1459//2223
f 660//2224 669//2224 1484//2224
f 560//2225 568//2225 1485//2225
f 560//2226 1485//2226 1486//2226
f 550//2227 1486//2227 1487//2227
f 550//2228 560//2228 1486//2228
f 544//2229 1487//2229 1488//2229
f 544//2230 550//2230 1487//2230
f 545//2231 1488//2231 1489//2231
f 545//2232 544//2232 1488//2232
f 555//2233 1489//2233 1490//2233
f 555//2234 545//2234 1489//2234
f 563//2235 1490//2235 1491//2235
f 563//2236 555//2236 1490//2236
f 572//2237 1491//2237 1492//2237
f 572//2238 563//2238 1491//2238
f 583//2239 1492//2239 1493//2239
f 583//2240 572//2240 1492//2240
f 594//2241 1493//2241 1494//2241
f 594//2242 583//2242 1493//2242
f 602//2243 1494//2243 1495//2243
f 602//2244 594//2244 1494//2244
f 608//2245 602//2245 1495//2245
f 608//2246 1495//2246 1496//2246
f 610//2247 608//2247 1496//2247
f 610//2248 1497//2248 1498//2248
f 610//2249 1496//2249 1497//2249
f 612//2250 610//2250 1498//2250
f 701//2251 1498//2251 1499//2251
f 701//2252 612//2252 1498//2252
f 695//2253 701//2253 1499//2253
f 695//2254 1499//2254 1500//2254
f 689//2255 695//2255 1500//2255
f 689//2256 1500//2256 1501//2256
f 675//2257 689//2257 1501//2257
f 675//2258 1501//2258 1502//2258
f 668//2259 675//2259 1502//2259
f 668//2260 1502//2260 1503//2260
f 667//2261 1503//2261 1504//2261
f 667//2262 668//2262 1503//2262
f 655//2263 667//2263 1504//2263
f 655//2264 1505//2264 1506//2264
f 655//2265 1504//2265 1505//2265
f 647//2266 655//2266 1506//2266
f 606//2267 1506//2267 1507//2267
f 606//2268 647//2268 1506//2268
f 600//2269 1507//2269 1508//2269
f 600//2270 606//2270 1507//2270
f 589//2271 1508//2271 1509//2271
f 589//2272 600//2272 1508//2272
f 579//2273 1509//2273 1510//2273
f 579//2274 589//2274 1509//2274
f 568//2275 1510//2275 1485//2275
f 568//2276 579//2276 1510//2276
f 653//2277 662//2277 1511//2277
f 653//2278 1511//2278 1512//2278
f 643//2279 1512//2279 1513//2279
f 643//2280 653//2280 1512//2280
f 637//2281 1513//2281 1514//2281
f 637//2282 643//2282 1513//2282
f 638//2283 1514//2283 1515//2283
f 638//2284 637//2284 1514//2284
f 646//2285 1515//2285 1516//2285
f 646//2286 638//2286 1515//2286
f 654//2287 1516//2287 1517//2287
f 654//2288 646//2288 1516//2288
f 666//2289 1517//2289 1518//2289
f 666//2290 654//2290 1517//2290
f 674//2291 1518//2291 1519//2291
f 674//2292 666//2292 1518//2292
f 682//2293 1519//2293 1520//2293
f 682//2294 674//2294 1519//2294
f 688//2295 1520//2295 1521//2295
f 688//2296 682//2296 1520//2296
f 694//2297 688//2297 1521//2297
f 694//2298 1521//2298 1522//2298
f 700//2299 694//2299 1522//2299
f 700//2300 1523//2300 1524//2300
f 700//2301 1522//2301 1523//2301
f 706//2302 700//2302 1524//2302
f 772//2303 1524//2303 1525//2303
f 772//2304 706//2304 1524//2304
f 756//2305 772//2305 1525//2305
f 756//2306 1525//2306 1526//2306
f 754//2307 756//2307 1526//2307
f 754//2308 1526//2308 1527//2308
f 715//2309 754//2309 1527//2309
f 715//2310 1527//2310 1528//2310
f 711//2311 715//2311 1528//2311
f 711//2312 1528//2312 1529//2312
f 709//2313 1529//2313 1530//2313
f 709//2314 711//2314 1529//2314
f 702//2315 709//2315 1530//2315
f 702//2316 1531//2316 1532//2316
f 702//2317 1530//2317 1531//2317
f 698//2318 702//2318 1532//2318
f 692//2319 1532//2319 1533//2319
f 692//2320 698//2320 1532//2320
f 686//2321 1533//2321 1534//2321
f 686//2322 692//2322 1533//2322
f 678//2323 1534//2323 1535//2323
f 678//2324 686//2324 1534//2324
f 670//2325 1535//2325 1536//2325
f 670//2326 678//2326 1535//2326
f 662//2327 1536//2327 1511//2327
f 662//2328 670//2328 1536//2328
f 735//2329 737//2329 1537//2329
f 735//2330 1537//2330 1538//2330
f 726//2331 1538//2331 1539//2331
f 726//2332 735//2332 1538//2332
f 724//2333 1539//2333 1540//2333
f 724//2334 726//2334 1539//2334
f 725//2335 1540//2335 1541//2335
f 725//2336 724//2336 1540//2336
f 728//2337 1541//2337 1542//2337
f 728//2338 725//2338 1541//2338
f 729//2339 1542//2339 1543//2339
f 729//2340 728//2340 1542//2340
f 730//2341 1543//2341 1544//2341
f 730//2342 729//2342 1543//2342
f 731//2343 1544//2343 1545//2343
f 731//2344 730//2344 1544//2344
f 732//2345 1545//2345 1546//2345
f 732//2346 731//2346 1545//2346
f 733//2347 1546//2347 1547//2347
f 733//2348 732//2348 1546//2348
f 734//2349 733//2349 1547//2349
f 734//2350 1547//2350 1548//2350
f 743//2351 734//2351 1548//2351
f 743//2352 1548//2352 1549//2352
f 744//2353 743//2353 1549//2353
f 744//2354 1549//2354 1550//2354
f 745//2355 744//2355 1550//2355
f 745//2356 1550//2356 1551//2356
f 747//2357 745//2357 1551//2357
f 747//2358 1551//2358 1552//2358
f 748//2359 747//2359 1552//2359
f 748//2360 1552//2360 1553//2360
f 749//2361 748//2361 1553//2361
f 749//2362 1553//2362 1554//2362
f 750//2363 749//2363 1554//2363
f 750//2364 1555//2364 1556//2364
f 750//2365 1554//2365 1555//2365
f 751//2366 750//2366 1556//2366
f 752//2367 1556//2367 1557//2367
f 752//2368 751//2368 1556//2368
f 753//2369 1557//2369 1558//2369
f 753//2370 752//2370 1557//2370
f 739//2371 1558//2371 1559//2371
f 739//2372 753//2372 1558//2372
f 738//2373 1559//2373 1560//2373
f 738//2374 739//2374 1559//2374
f 740//2375 1561//2375 1562//2375
f 740//2376 1560//2376 1561//2376
f 740//2377 738//2377 1560//2377
f 741//2378 740//2378 1562//2378
f 737//2379 1562//2379 1537//2379
f 737//2380 741//2380 1562//2380
f 717//2381 746//2381 1563//2381
f 1564//2382 717//2382 1563//2382
f 775//2383 1563//2383 746//2383
f 1565//2384 1563//2384 775//2384
f 1564//2385 755//2385 717//2385
f 1564//2386 1566//2386 755//2386
f 775//2387 755//2387 1565//2387
f 755//2388 1566//2388 1565//2388
f 764//2389 766//2389 1567//2389
f 764//2390 1567//2390 1568//2390
f 762//2391 1568//2391 1569//2391
f 762//2392 764//2392 1568//2392
f 760//2393 1569//2393 1570//2393
f 760//2394 762//2394 1569//2394
f 761//2395 1570//2395 1571//2395
f 761//2396 760//2396 1570//2396
f 763//2397 1571//2397 1572//2397
f 763//2398 761//2398 1571//2398
f 765//2399 1572//2399 1573//2399
f 765//2400 763//2400 1572//2400
f 767//2401 1573//2401 1574//2401
f 767//2402 765//2402 1573//2402
f 768//2403 1574//2403 1575//2403
f 768//2404 767//2404 1574//2404
f 769//2405 1575//2405 1576//2405
f 769//2406 768//2406 1575//2406
f 770//2407 1576//2407 1577//2407
f 770//2408 769//2408 1576//2408
f 771//2409 770//2409 1577//2409
f 771//2410 1577//2410 1578//2410
f 773//2411 771//2411 1578//2411
f 773//2412 1578//2412 1579//2412
f 784//2413 773//2413 1579//2413
f 784//2414 1579//2414 1580//2414
f 785//2415 784//2415 1580//2415
f 785//2416 1580//2416 1581//2416
f 786//2417 785//2417 1581//2417
f 786//2418 1581//2418 1582//2418
f 787//2419 786//2419 1582//2419
f 787//2420 1582//2420 1583//2420
f 788//2421 787//2421 1583//2421
f 788//2422 1583//2422 1584//2422
f 776//2423 788//2423 1584//2423
f 776//2424 1585//2424 1586//2424
f 776//2425 1584//2425 1585//2425
f 774//2426 776//2426 1586//2426
f 777//2427 1586//2427 1587//2427
f 777//2428 774//2428 1586//2428
f 778//2429 1587//2429 1588//2429
f 778//2430 777//2430 1587//2430
f 779//2431 1588//2431 1589//2431
f 779//2432 778//2432 1588//2432
f 780//2433 1589//2433 1590//2433
f 780//2434 779//2434 1589//2434
f 781//2435 1591//2435 1592//2435
f 781//2436 1590//2436 1591//2436
f 781//2437 780//2437 1590//2437
f 782//2438 781//2438 1592//2438
f 766//2439 1592//2439 1567//2439
f 766//2440 782//2440 1592//2440
f 1593//2441 1594//2441 789//2441
f 789//2442 1594//2442 790//2442
f 1595//2443 804//2443 805//2443
f 1596//2444 804//2444 1595//2444
f 792//2445 1597//2445 796//2445
f 792//2446 1598//2446 1597//2446
f 799//2447 1599//2447 1600//2447
f 799//2448 1601//2448 1599//2448
f 799//2449 1596//2449 1601//2449
f 799//2450 804//2450 1596//2450
f 1564//2451 799//2451 1600//2451
f 1564//2452 1602//2452 1603//2452
f 1564//2453 1604//2453 1602//2453
f 1564//2454 1605//2454 1604//2454
f 1564//2455 1606//2455 1605//2455
f 1564//2456 1600//2456 1606//2456
f 1607//2457 799//2457 1564//2457
f 1541//2458 1540//2458 1607//2458
f 1539//2459 1607//2459 1540//2459
f 1542//2460 1541//2460 1607//2460
f 1538//2461 1607//2461 1539//2461
f 1543//2462 1607//2462 1564//2462
f 1543//2463 1542//2463 1607//2463
f 1537//2464 1607//2464 1538//2464
f 1544//2465 1543//2465 1564//2465
f 1562//2466 1607//2466 1537//2466
f 1545//2467 1544//2467 1564//2467
f 1546//2468 1545//2468 1564//2468
f 1547//2469 1546//2469 1564//2469
f 1548//2470 1547//2470 1564//2470
f 1549//2471 1548//2471 1564//2471
f 1550//2472 1549//2472 1564//2472
f 790//2473 1560//2473 1559//2473
f 790//2474 1559//2474 1558//2474
f 1563//2475 1558//2475 1557//2475
f 1563//2476 1557//2476 1556//2476
f 1563//2477 1556//2477 1555//2477
f 1563//2478 1555//2478 1554//2478
f 1563//2479 1554//2479 1553//2479
f 1563//2480 1553//2480 1552//2480
f 1563//2481 1552//2481 1551//2481
f 1563//2482 1551//2482 1550//2482
f 1563//2483 790//2483 1558//2483
f 1566//2484 1564//2484 1603//2484
f 1566//2485 1608//2485 1598//2485
f 1566//2486 1609//2486 1608//2486
f 1566//2487 1610//2487 1609//2487
f 1566//2488 1611//2488 1610//2488
f 1566//2489 1612//2489 1611//2489
f 1566//2490 1603//2490 1612//2490
f 1566//2491 1598//2491 792//2491
f 1571//2492 1570//2492 1566//2492
f 1569//2493 1566//2493 1570//2493
f 1572//2494 1571//2494 1566//2494
f 1568//2495 1566//2495 1569//2495
f 1573//2496 1572//2496 1566//2496
f 1567//2497 1566//2497 1568//2497
f 1574//2498 1573//2498 1566//2498
f 1575//2499 1574//2499 1566//2499
f 1576//2500 1575//2500 1566//2500
f 1577//2501 1566//2501 792//2501
f 1577//2502 1576//2502 1566//2502
f 1578//2503 1577//2503 792//2503
f 1579//2504 1578//2504 792//2504
f 1565//2505 1567//2505 1592//2505
f 1565//2506 1592//2506 1591//2506
f 1565//2507 1591//2507 1590//2507
f 1565//2508 1590//2508 1589//2508
f 1565//2509 1589//2509 1588//2509
f 1565//2510 1588//2510 1587//2510
f 1565//2511 1587//2511 1586//2511
f 1565//2512 1586//2512 1585//2512
f 1565//2513 790//2513 1563//2513
f 791//2514 790//2514 1565//2514
f 791//2515 1565//2515 1585//2515
f 791//2516 1585//2516 1584//2516
f 791//2517 1584//2517 1583//2517
f 791//2518 1583//2518 1582//2518
f 791//2519 1582//2519 1581//2519
f 791//2520 1581//2520 1580//2520
f 791//2521 1580//2521 1579//2521
f 790//2522 1607//2522 1562//2522
f 790//2523 1562//2523 1561//2523
f 790//2524 1561//2524 1560//2524
f 792//2525 791//2525 1579//2525
f 1564//2526 1563//2526 1550//2526
f 1565//2527 1566//2527 1567//2527
f 1613//2528 797//2528 796//2528
f 1613//2529 796//2529 1614//2529
f 838//2530 1615//2530 1616//2530
f 812//2531 1617//2531 1618//2531
f 839//2532 838//2532 1616//2532
f 813//2533 812//2533 1618//2533
f 837//2534 1615//2534 838//2534
f 811//2535 1617//2535 812//2535
f 840//2536 839//2536 1616//2536
f 814//2537 813//2537 1618//2537
f 836//2538 1619//2538 1615//2538
f 836//2539 1615//2539 837//2539
f 810//2540 1617//2540 811//2540
f 841//2541 1616//2541 1620//2541
f 841//2542 840//2542 1616//2542
f 815//2543 1618//2543 1621//2543
f 815//2544 814//2544 1618//2544
f 835//2545 1619//2545 836//2545
f 809//2546 1620//2546 1617//2546
f 809//2547 1617//2547 810//2547
f 842//2548 841//2548 1620//2548
f 816//2549 815//2549 1621//2549
f 860//2550 1619//2550 835//2550
f 834//2551 1620//2551 809//2551
f 834//2552 842//2552 1620//2552
f 843//2553 842//2553 834//2553
f 817//2554 816//2554 1621//2554
f 859//2555 1619//2555 860//2555
f 859//2556 1622//2556 1619//2556
f 833//2557 843//2557 834//2557
f 943//2558 942//2558 1623//2558
f 941//2559 1623//2559 942//2559
f 944//2560 943//2560 1623//2560
f 844//2561 843//2561 833//2561
f 818//2562 817//2562 1621//2562
f 1624//2563 944//2563 1623//2563
f 940//2564 1623//2564 941//2564
f 945//2565 944//2565 1624//2565
f 939//2566 1623//2566 940//2566
f 946//2567 945//2567 1624//2567
f 964//2568 1623//2568 939//2568
f 964//2569 1621//2569 1623//2569
f 964//2570 818//2570 1621//2570
f 947//2571 946//2571 1624//2571
f 963//2572 819//2572 818//2572
f 963//2573 818//2573 964//2573
f 962//2574 819//2574 963//2574
f 1625//2575 947//2575 1624//2575
f 1625//2576 951//2576 950//2576
f 1625//2577 950//2577 949//2577
f 1625//2578 949//2578 948//2578
f 1625//2579 948//2579 947//2579
f 890//2580 844//2580 833//2580
f 890//2581 833//2581 832//2581
f 890//2582 845//2582 844//2582
f 891//2583 890//2583 832//2583
f 891//2584 832//2584 831//2584
f 889//2585 845//2585 890//2585
f 889//2586 846//2586 845//2586
f 952//2587 951//2587 1625//2587
f 892//2588 831//2588 830//2588
f 892//2589 891//2589 831//2589
f 888//2590 846//2590 889//2590
f 888//2591 847//2591 846//2591
f 953//2592 952//2592 1625//2592
f 893//2593 892//2593 830//2593
f 893//2594 830//2594 829//2594
f 887//2595 847//2595 888//2595
f 887//2596 849//2596 848//2596
f 887//2597 848//2597 847//2597
f 968//2598 962//2598 961//2598
f 968//2599 819//2599 962//2599
f 865//2600 864//2600 858//2600
f 865//2601 858//2601 857//2601
f 969//2602 968//2602 961//2602
f 863//2603 1622//2603 859//2603
f 863//2604 858//2604 864//2604
f 863//2605 859//2605 858//2605
f 967//2606 820//2606 819//2606
f 967//2607 819//2607 968//2607
f 894//2608 893//2608 829//2608
f 894//2609 829//2609 828//2609
f 894//2610 828//2610 827//2610
f 866//2611 865//2611 857//2611
f 866//2612 857//2612 856//2612
f 866//2613 856//2613 855//2613
f 970//2614 969//2614 961//2614
f 970//2615 961//2615 960//2615
f 862//2616 807//2616 1622//2616
f 862//2617 1622//2617 863//2617
f 966//2618 820//2618 967//2618
f 966//2619 822//2619 821//2619
f 966//2620 821//2620 820//2620
f 867//2621 866//2621 855//2621
f 971//2622 970//2622 960//2622
f 971//2623 960//2623 959//2623
f 912//2624 849//2624 887//2624
f 912//2625 850//2625 849//2625
f 861//2626 807//2626 862//2626
f 965//2627 822//2627 966//2627
f 868//2628 867//2628 855//2628
f 868//2629 855//2629 854//2629
f 972//2630 971//2630 959//2630
f 972//2631 959//2631 958//2631
f 895//2632 827//2632 826//2632
f 895//2633 894//2633 827//2633
f 886//2634 807//2634 861//2634
f 990//2635 822//2635 965//2635
f 990//2636 823//2636 822//2636
f 911//2637 851//2637 850//2637
f 911//2638 850//2638 912//2638
f 869//2639 854//2639 853//2639
f 869//2640 868//2640 854//2640
f 973//2641 972//2641 958//2641
f 973//2642 958//2642 957//2642
f 973//2643 957//2643 956//2643
f 885//2644 807//2644 886//2644
f 989//2645 823//2645 990//2645
f 989//2646 824//2646 823//2646
f 896//2647 895//2647 826//2647
f 896//2648 826//2648 825//2648
f 870//2649 869//2649 853//2649
f 870//2650 853//2650 852//2650
f 974//2651 973//2651 956//2651
f 974//2652 956//2652 955//2652
f 910//2653 851//2653 911//2653
f 910//2654 852//2654 851//2654
f 988//2655 824//2655 989//2655
f 988//2656 825//2656 824//2656
f 975//2657 974//2657 955//2657
f 1626//2658 953//2658 1625//2658
f 916//2659 871//2659 870//2659
f 916//2660 870//2660 852//2660
f 916//2661 852//2661 910//2661
f 994//2662 897//2662 896//2662
f 917//2663 910//2663 909//2663
f 917//2664 916//2664 910//2664
f 995//2665 988//2665 987//2665
f 995//2666 825//2666 988//2666
f 995//2667 896//2667 825//2667
f 995//2668 994//2668 896//2668
f 915//2669 872//2669 871//2669
f 915//2670 871//2670 916//2670
f 993//2671 897//2671 994//2671
f 993//2672 898//2672 897//2672
f 918//2673 909//2673 908//2673
f 918//2674 917//2674 909//2674
f 996//2675 987//2675 986//2675
f 996//2676 995//2676 987//2676
f 914//2677 873//2677 872//2677
f 914//2678 872//2678 915//2678
f 992//2679 898//2679 993//2679
f 992//2680 900//2680 899//2680
f 992//2681 899//2681 898//2681
f 919//2682 918//2682 908//2682
f 919//2683 908//2683 907//2683
f 919//2684 907//2684 906//2684
f 997//2685 986//2685 985//2685
f 997//2686 985//2686 984//2686
f 997//2687 996//2687 986//2687
f 913//2688 875//2688 874//2688
f 913//2689 874//2689 873//2689
f 913//2690 873//2690 914//2690
f 991//2691 900//2691 992//2691
f 1046//2692 885//2692 884//2692
f 1046//2693 884//2693 883//2693
f 1280//2694 975//2694 955//2694
f 1280//2695 955//2695 954//2695
f 1047//2696 1046//2696 883//2696
f 1047//2697 883//2697 882//2697
f 1281//2698 953//2698 1626//2698
f 1281//2699 1280//2699 954//2699
f 1281//2700 954//2700 953//2700
f 1045//2701 807//2701 885//2701
f 1045//2702 806//2702 807//2702
f 1045//2703 885//2703 1046//2703
f 1279//2704 976//2704 975//2704
f 1279//2705 975//2705 1280//2705
f 920//2706 919//2706 906//2706
f 920//2707 906//2707 905//2707
f 998//2708 984//2708 983//2708
f 998//2709 997//2709 984//2709
f 1048//2710 1047//2710 882//2710
f 1048//2711 882//2711 881//2711
f 1282//2712 1281//2712 1626//2712
f 1044//2713 806//2713 1045//2713
f 1278//2714 977//2714 976//2714
f 1278//2715 976//2715 1279//2715
f 1049//2716 1048//2716 881//2716
f 1283//2717 1282//2717 1626//2717
f 938//2718 875//2718 913//2718
f 938//2719 876//2719 875//2719
f 1016//2720 901//2720 900//2720
f 1016//2721 900//2721 991//2721
f 1043//2722 806//2722 1044//2722
f 1277//2723 977//2723 1278//2723
f 1277//2724 978//2724 977//2724
f 1050//2725 881//2725 880//2725
f 1050//2726 1049//2726 881//2726
f 1284//2727 1626//2727 1627//2727
f 1284//2728 1283//2728 1626//2728
f 921//2729 920//2729 905//2729
f 921//2730 905//2730 904//2730
f 999//2731 983//2731 982//2731
f 999//2732 998//2732 983//2732
f 1068//2733 1628//2733 806//2733
f 1068//2734 806//2734 1043//2734
f 1302//2735 980//2735 979//2735
f 1302//2736 979//2736 978//2736
f 1302//2737 978//2737 1277//2737
f 937//2738 877//2738 876//2738
f 937//2739 876//2739 938//2739
f 1015//2740 902//2740 901//2740
f 1015//2741 901//2741 1016//2741
f 1051//2742 880//2742 879//2742
f 1051//2743 1050//2743 880//2743
f 1285//2744 1284//2744 1627//2744
f 1067//2745 1628//2745 1068//2745
f 1301//2746 980//2746 1302//2746
f 922//2747 921//2747 904//2747
f 1000//2748 982//2748 981//2748
f 1000//2749 999//2749 982//2749
f 1052//2750 879//2750 878//2750
f 1052//2751 1051//2751 879//2751
f 1286//2752 1285//2752 1627//2752
f 1014//2753 903//2753 902//2753
f 1014//2754 902//2754 1015//2754
f 936//2755 878//2755 877//2755
f 936//2756 877//2756 937//2756
f 936//2757 1052//2757 878//2757
f 1300//2758 981//2758 980//2758
f 1300//2759 1000//2759 981//2759
f 1300//2760 980//2760 1301//2760
f 1287//2761 1286//2761 1627//2761
f 923//2762 904//2762 903//2762
f 923//2763 922//2763 904//2763
f 1629//2764 1287//2764 1627//2764
f 1629//2765 1290//2765 1289//2765
f 1629//2766 1289//2766 1288//2766
f 1629//2767 1288//2767 1287//2767
f 1020//2768 923//2768 903//2768
f 1020//2769 903//2769 1014//2769
f 1098//2770 1053//2770 1052//2770
f 1098//2771 1052//2771 936//2771
f 1306//2772 1002//2772 1001//2772
f 1306//2773 1001//2773 1000//2773
f 1099//2774 1098//2774 936//2774
f 1099//2775 936//2775 935//2775
f 1099//2776 935//2776 934//2776
f 1021//2777 1020//2777 1014//2777
f 1021//2778 1014//2778 1013//2778
f 1307//2779 1000//2779 1300//2779
f 1307//2780 1300//2780 1299//2780
f 1307//2781 1306//2781 1000//2781
f 1097//2782 1054//2782 1053//2782
f 1097//2783 1053//2783 1098//2783
f 1019//2784 924//2784 923//2784
f 1019//2785 923//2785 1020//2785
f 1305//2786 1002//2786 1306//2786
f 1100//2787 1099//2787 934//2787
f 1308//2788 1307//2788 1299//2788
f 1308//2789 1299//2789 1298//2789
f 1022//2790 1013//2790 1012//2790
f 1022//2791 1021//2791 1013//2791
f 1096//2792 1054//2792 1097//2792
f 1096//2793 1055//2793 1054//2793
f 1018//2794 924//2794 1019//2794
f 1018//2795 926//2795 925//2795
f 1018//2796 925//2796 924//2796
f 1304//2797 1002//2797 1305//2797
f 1304//2798 1003//2798 1002//2798
f 1101//2799 1100//2799 934//2799
f 1101//2800 934//2800 933//2800
f 1023//2801 1022//2801 1012//2801
f 1023//2802 1012//2802 1011//2802
f 1023//2803 1011//2803 1010//2803
f 1309//2804 1298//2804 1297//2804
f 1309//2805 1308//2805 1298//2805
f 1095//2806 1057//2806 1056//2806
f 1095//2807 1056//2807 1055//2807
f 1095//2808 1055//2808 1096//2808
f 1017//2809 926//2809 1018//2809
f 1303//2810 1003//2810 1304//2810
f 1303//2811 1004//2811 1003//2811
f 1073//2812 1066//2812 1065//2812
f 1073//2813 1072//2813 1066//2813
f 1071//2814 1067//2814 1066//2814
f 1071//2815 1630//2815 1628//2815
f 1071//2816 1066//2816 1072//2816
f 1071//2817 1628//2817 1067//2817
f 1102//2818 1101//2818 933//2818
f 1102//2819 933//2819 932//2819
f 1102//2820 932//2820 931//2820
f 1024//2821 1023//2821 1010//2821
f 1310//2822 1297//2822 1296//2822
f 1310//2823 1296//2823 1295//2823
f 1310//2824 1309//2824 1297//2824
f 1074//2825 1065//2825 1064//2825
f 1074//2826 1064//2826 1063//2826
f 1074//2827 1073//2827 1065//2827
f 1070//2828 1630//2828 1071//2828
f 1075//2829 1074//2829 1063//2829
f 1120//2830 1058//2830 1057//2830
f 1120//2831 1057//2831 1095//2831
f 1042//2832 926//2832 1017//2832
f 1042//2833 927//2833 926//2833
f 1328//2834 1004//2834 1303//2834
f 1328//2835 1005//2835 1004//2835
f 1069//2836 1630//2836 1070//2836
f 1076//2837 1063//2837 1062//2837
f 1076//2838 1075//2838 1063//2838
f 1103//2839 1102//2839 931//2839
f 1103//2840 931//2840 930//2840
f 1025//2841 1024//2841 1010//2841
f 1025//2842 1010//2842 1009//2842
f 1311//2843 1310//2843 1295//2843
f 1311//2844 1295//2844 1294//2844
f 1094//2845 1631//2845 1630//2845
f 1094//2846 1630//2846 1069//2846
f 1041//2847 929//2847 928//2847
f 1041//2848 928//2848 927//2848
f 1041//2849 927//2849 1042//2849
f 1119//2850 1059//2850 1058//2850
f 1119//2851 1058//2851 1120//2851
f 1327//2852 1006//2852 1005//2852
f 1327//2853 1005//2853 1328//2853
f 1077//2854 1062//2854 1061//2854
f 1077//2855 1076//2855 1062//2855
f 1093//2856 1631//2856 1094//2856
f 1104//2857 1103//2857 930//2857
f 1312//2858 1294//2858 1293//2858
f 1312//2859 1311//2859 1294//2859
f 1026//2860 1009//2860 1008//2860
f 1026//2861 1025//2861 1009//2861
f 1078//2862 1061//2862 1060//2862
f 1078//2863 1077//2863 1061//2863
f 1118//2864 1060//2864 1059//2864
f 1118//2865 1059//2865 1119//2865
f 1040//2866 929//2866 1041//2866
f 1326//2867 1006//2867 1327//2867
f 1326//2868 1007//2868 1006//2868
f 1092//2869 1631//2869 1093//2869
f 1632//2870 1291//2870 1290//2870
f 1632//2871 1290//2871 1629//2871
f 1027//2872 1008//2872 1007//2872
f 1027//2873 1026//2873 1008//2873
f 1105//2874 1104//2874 930//2874
f 1105//2875 930//2875 929//2875
f 1313//2876 1312//2876 1293//2876
f 1313//2877 1293//2877 1292//2877
f 1633//2878 1631//2878 1092//2878
f 1633//2879 1092//2879 1091//2879
f 1633//2880 1091//2880 1090//2880
f 1633//2881 1090//2881 1089//2881
f 1124//2882 1078//2882 1060//2882
f 1124//2883 1079//2883 1078//2883
f 1124//2884 1060//2884 1118//2884
f 1176//2885 929//2885 1040//2885
f 1176//2886 1040//2886 1039//2886
f 1176//2887 1106//2887 1105//2887
f 1176//2888 1105//2888 929//2888
f 1332//2889 1027//2889 1007//2889
f 1332//2890 1007//2890 1326//2890
f 1332//2891 1326//2891 1325//2891
f 1125//2892 1124//2892 1118//2892
f 1125//2893 1118//2893 1117//2893
f 1125//2894 1117//2894 1116//2894
f 1177//2895 1176//2895 1039//2895
f 1333//2896 1332//2896 1325//2896
f 1123//2897 1079//2897 1124//2897
f 1123//2898 1080//2898 1079//2898
f 1175//2899 1106//2899 1176//2899
f 1331//2900 1028//2900 1027//2900
f 1331//2901 1027//2901 1332//2901
f 1126//2902 1125//2902 1116//2902
f 1178//2903 1039//2903 1038//2903
f 1178//2904 1177//2904 1039//2904
f 1334//2905 1333//2905 1325//2905
f 1334//2906 1325//2906 1324//2906
f 1122//2907 1081//2907 1080//2907
f 1122//2908 1080//2908 1123//2908
f 1174//2909 1106//2909 1175//2909
f 1174//2910 1107//2910 1106//2910
f 1330//2911 1029//2911 1028//2911
f 1330//2912 1028//2912 1331//2912
f 1127//2913 1126//2913 1116//2913
f 1127//2914 1116//2914 1115//2914
f 1179//2915 1038//2915 1037//2915
f 1179//2916 1037//2916 1036//2916
f 1179//2917 1178//2917 1038//2917
f 1335//2918 1334//2918 1324//2918
f 1335//2919 1324//2919 1323//2919
f 1335//2920 1323//2920 1322//2920
f 1121//2921 1081//2921 1122//2921
f 1121//2922 1083//2922 1082//2922
f 1121//2923 1082//2923 1081//2923
f 1173//2924 1107//2924 1174//2924
f 1173//2925 1109//2925 1108//2925
f 1173//2926 1108//2926 1107//2926
f 1329//2927 1030//2927 1029//2927
f 1329//2928 1029//2928 1330//2928
f 1358//2929 1314//2929 1313//2929
f 1359//2930 1358//2930 1313//2930
f 1359//2931 1313//2931 1292//2931
f 1357//2932 1314//2932 1358//2932
f 1357//2933 1315//2933 1314//2933
f 1128//2934 1127//2934 1115//2934
f 1128//2935 1115//2935 1114//2935
f 1128//2936 1114//2936 1113//2936
f 1180//2937 1179//2937 1036//2937
f 1336//2938 1335//2938 1322//2938
f 1336//2939 1322//2939 1321//2939
f 1360//2940 1292//2940 1291//2940
f 1360//2941 1359//2941 1292//2941
f 1356//2942 1315//2942 1357//2942
f 1356//2943 1316//2943 1315//2943
f 1361//2944 1291//2944 1632//2944
f 1361//2945 1360//2945 1291//2945
f 1146//2946 1084//2946 1083//2946
f 1146//2947 1083//2947 1121//2947
f 1198//2948 1109//2948 1173//2948
f 1354//2949 1031//2949 1030//2949
f 1354//2950 1030//2950 1329//2950
f 1355//2951 1316//2951 1356//2951
f 1362//2952 1632//2952 1634//2952
f 1362//2953 1361//2953 1632//2953
f 1181//2954 1036//2954 1035//2954
f 1181//2955 1180//2955 1036//2955
f 1129//2956 1113//2956 1112//2956
f 1129//2957 1128//2957 1113//2957
f 1337//2958 1336//2958 1321//2958
f 1380//2959 1316//2959 1355//2959
f 1380//2960 1317//2960 1316//2960
f 1197//2961 1110//2961 1109//2961
f 1197//2962 1109//2962 1198//2962
f 1145//2963 1085//2963 1084//2963
f 1145//2964 1084//2964 1146//2964
f 1353//2965 1032//2965 1031//2965
f 1353//2966 1031//2966 1354//2966
f 1363//2967 1362//2967 1634//2967
f 1379//2968 1317//2968 1380//2968
f 1379//2969 1318//2969 1317//2969
f 1130//2970 1129//2970 1112//2970
f 1182//2971 1035//2971 1034//2971
f 1182//2972 1181//2972 1035//2972
f 1338//2973 1321//2973 1320//2973
f 1338//2974 1337//2974 1321//2974
f 1364//2975 1363//2975 1634//2975
f 1144//2976 1085//2976 1145//2976
f 1144//2977 1086//2977 1085//2977
f 1196//2978 1110//2978 1197//2978
f 1196//2979 1111//2979 1110//2979
f 1352//2980 1033//2980 1032//2980
f 1352//2981 1032//2981 1353//2981
f 1635//2982 1089//2982 1088//2982
f 1635//2983 1633//2983 1089//2983
f 1378//2984 1318//2984 1379//2984
f 1378//2985 1319//2985 1318//2985
f 1365//2986 1364//2986 1634//2986
f 1131//2987 1130//2987 1112//2987
f 1131//2988 1112//2988 1111//2988
f 1183//2989 1034//2989 1033//2989
f 1183//2990 1182//2990 1034//2990
f 1339//2991 1338//2991 1320//2991
f 1339//2992 1320//2992 1319//2992
f 1377//2993 1339//2993 1319//2993
f 1377//2994 1319//2994 1378//2994
f 1636//2995 1365//2995 1634//2995
f 1636//2996 1367//2996 1366//2996
f 1636//2997 1366//2997 1365//2997
f 1202//2998 1111//2998 1196//2998
f 1202//2999 1131//2999 1111//2999
f 1410//3000 1183//3000 1033//3000
f 1410//3001 1033//3001 1352//3001
f 1410//3002 1352//3002 1351//3002
f 1410//3003 1184//3003 1183//3003
f 1203//3004 1196//3004 1195//3004
f 1203//3005 1202//3005 1196//3005
f 1411//3006 1351//3006 1350//3006
f 1411//3007 1410//3007 1351//3007
f 1201//3008 1131//3008 1202//3008
f 1201//3009 1132//3009 1131//3009
f 1409//3010 1184//3010 1410//3010
f 1412//3011 1411//3011 1350//3011
f 1204//3012 1195//3012 1194//3012
f 1204//3013 1203//3013 1195//3013
f 1200//3014 1132//3014 1201//3014
f 1200//3015 1133//3015 1132//3015
f 1408//3016 1184//3016 1409//3016
f 1408//3017 1185//3017 1184//3017
f 1413//3018 1350//3018 1349//3018
f 1413//3019 1412//3019 1350//3019
f 1205//3020 1204//3020 1194//3020
f 1205//3021 1194//3021 1193//3021
f 1205//3022 1193//3022 1192//3022
f 1407//3023 1185//3023 1408//3023
f 1407//3024 1186//3024 1185//3024
f 1199//3025 1133//3025 1200//3025
f 1199//3026 1134//3026 1133//3026
f 1150//3027 1144//3027 1143//3027
f 1384//3028 1340//3028 1339//3028
f 1151//3029 1150//3029 1143//3029
f 1151//3030 1143//3030 1142//3030
f 1385//3031 1339//3031 1377//3031
f 1385//3032 1384//3032 1339//3032
f 1385//3033 1377//3033 1376//3033
f 1149//3034 1086//3034 1144//3034
f 1149//3035 1087//3035 1086//3035
f 1149//3036 1144//3036 1150//3036
f 1383//3037 1340//3037 1384//3037
f 1383//3038 1341//3038 1340//3038
f 1414//3039 1349//3039 1348//3039
f 1414//3040 1348//3040 1347//3040
f 1414//3041 1413//3041 1349//3041
f 1206//3042 1205//3042 1192//3042
f 1152//3043 1151//3043 1142//3043
f 1152//3044 1142//3044 1141//3044
f 1386//3045 1385//3045 1376//3045
f 1386//3046 1376//3046 1375//3046
f 1148//3047 1088//3047 1087//3047
f 1148//3048 1635//3048 1088//3048
f 1148//3049 1087//3049 1149//3049
f 1382//3050 1341//3050 1383//3050
f 1382//3051 1342//3051 1341//3051
f 1153//3052 1152//3052 1141//3052
f 1387//3053 1386//3053 1375//3053
f 1224//3054 1134//3054 1199//3054
f 1224//3055 1135//3055 1134//3055
f 1432//3056 1186//3056 1407//3056
f 1432//3057 1187//3057 1186//3057
f 1147//3058 1637//3058 1635//3058
f 1147//3059 1635//3059 1148//3059
f 1381//3060 1342//3060 1382//3060
f 1154//3061 1153//3061 1141//3061
f 1154//3062 1141//3062 1140//3062
f 1388//3063 1375//3063 1374//3063
f 1388//3064 1387//3064 1375//3064
f 1415//3065 1414//3065 1347//3065
f 1207//3066 1192//3066 1191//3066
f 1207//3067 1206//3067 1192//3067
f 1172//3068 1637//3068 1147//3068
f 1406//3069 1343//3069 1342//3069
f 1406//3070 1342//3070 1381//3070
f 1223//3071 1135//3071 1224//3071
f 1223//3072 1136//3072 1135//3072
f 1431//3073 1187//3073 1432//3073
f 1431//3074 1188//3074 1187//3074
f 1155//3075 1140//3075 1139//3075
f 1155//3076 1154//3076 1140//3076
f 1389//3077 1388//3077 1374//3077
f 1389//3078 1374//3078 1373//3078
f 1171//3079 1637//3079 1172//3079
f 1405//3080 1343//3080 1406//3080
f 1405//3081 1344//3081 1343//3081
f 1416//3082 1347//3082 1346//3082
f 1416//3083 1415//3083 1347//3083
f 1208//3084 1191//3084 1190//3084
f 1208//3085 1207//3085 1191//3085
f 1156//3086 1155//3086 1139//3086
f 1156//3087 1139//3087 1138//3087
f 1390//3088 1373//3088 1372//3088
f 1390//3089 1389//3089 1373//3089
f 1430//3090 1188//3090 1431//3090
f 1430//3091 1189//3091 1188//3091
f 1222//3092 1136//3092 1223//3092
f 1222//3093 1138//3093 1137//3093
f 1222//3094 1137//3094 1136//3094
f 1170//3095 1637//3095 1171//3095
f 1404//3096 1345//3096 1344//3096
f 1404//3097 1344//3097 1405//3097
f 1157//3098 1156//3098 1138//3098
f 1391//3099 1390//3099 1372//3099
f 1391//3100 1372//3100 1371//3100
f 1391//3101 1371//3101 1370//3101
f 1209//3102 1208//3102 1190//3102
f 1209//3103 1190//3103 1189//3103
f 1417//3104 1346//3104 1345//3104
f 1417//3105 1416//3105 1346//3105
f 1403//3106 1345//3106 1404//3106
f 1403//3107 1417//3107 1345//3107
f 1638//3108 1367//3108 1636//3108
f 1638//3109 1370//3109 1369//3109
f 1638//3110 1369//3110 1368//3110
f 1638//3111 1368//3111 1367//3111
f 1221//3112 1138//3112 1222//3112
f 1392//3113 1391//3113 1370//3113
f 1639//3114 1170//3114 1169//3114
f 1639//3115 1169//3115 1168//3115
f 1639//3116 1168//3116 1167//3116
f 1639//3117 1637//3117 1170//3117
f 1436//3118 1209//3118 1189//3118
f 1436//3119 1189//3119 1430//3119
f 1437//3120 1430//3120 1429//3120
f 1437//3121 1429//3121 1428//3121
f 1437//3122 1436//3122 1430//3122
f 1435//3123 1209//3123 1436//3123
f 1435//3124 1211//3124 1210//3124
f 1435//3125 1210//3125 1209//3125
f 1438//3126 1437//3126 1428//3126
f 1434//3127 1211//3127 1435//3127
f 1439//3128 1428//3128 1427//3128
f 1439//3129 1438//3129 1428//3129
f 1433//3130 1211//3130 1434//3130
f 1433//3131 1212//3131 1211//3131
f 1228//3132 1138//3132 1221//3132
f 1228//3133 1157//3133 1138//3133
f 1488//3134 1418//3134 1417//3134
f 1229//3135 1228//3135 1221//3135
f 1229//3136 1221//3136 1220//3136
f 1489//3137 1488//3137 1417//3137
f 1489//3138 1417//3138 1403//3138
f 1489//3139 1403//3139 1402//3139
f 1227//3140 1158//3140 1157//3140
f 1227//3141 1157//3141 1228//3141
f 1487//3142 1419//3142 1418//3142
f 1487//3143 1418//3143 1488//3143
f 1440//3144 1439//3144 1427//3144
f 1440//3145 1427//3145 1426//3145
f 1230//3146 1229//3146 1220//3146
f 1230//3147 1220//3147 1219//3147
f 1490//3148 1489//3148 1402//3148
f 1226//3149 1158//3149 1227//3149
f 1226//3150 1159//3150 1158//3150
f 1486//3151 1420//3151 1419//3151
f 1486//3152 1419//3152 1487//3152
f 1231//3153 1230//3153 1219//3153
f 1231//3154 1219//3154 1218//3154
f 1491//3155 1490//3155 1402//3155
f 1491//3156 1402//3156 1401//3156
f 1458//3157 1212//3157 1433//3157
f 1458//3158 1213//3158 1212//3158
f 1640//3159 1392//3159 1370//3159
f 1640//3160 1370//3160 1638//3160
f 1640//3161 1393//3161 1392//3161
f 1225//3162 1159//3162 1226//3162
f 1225//3163 1161//3163 1160//3163
f 1225//3164 1160//3164 1159//3164
f 1485//3165 1420//3165 1486//3165
f 1232//3166 1231//3166 1218//3166
f 1492//3167 1491//3167 1401//3167
f 1492//3168 1401//3168 1400//3168
f 1441//3169 1440//3169 1426//3169
f 1441//3170 1426//3170 1425//3170
f 1441//3171 1425//3171 1424//3171
f 1250//3172 1161//3172 1225//3172
f 1510//3173 1420//3173 1485//3173
f 1510//3174 1421//3174 1420//3174
f 1457//3175 1214//3175 1213//3175
f 1457//3176 1213//3176 1458//3176
f 1233//3177 1218//3177 1217//3177
f 1233//3178 1232//3178 1218//3178
f 1493//3179 1492//3179 1400//3179
f 1493//3180 1400//3180 1399//3180
f 1249//3181 1161//3181 1250//3181
f 1249//3182 1163//3182 1162//3182
f 1249//3183 1162//3183 1161//3183
f 1509//3184 1421//3184 1510//3184
f 1509//3185 1422//3185 1421//3185
f 1442//3186 1441//3186 1424//3186
f 1234//3187 1233//3187 1217//3187
f 1234//3188 1217//3188 1216//3188
f 1494//3189 1399//3189 1398//3189
f 1494//3190 1493//3190 1399//3190
f 1641//3191 1167//3191 1166//3191
f 1641//3192 1639//3192 1167//3192
f 1641//3193 1166//3193 1165//3193
f 1641//3194 1165//3194 1164//3194
f 1456//3195 1214//3195 1457//3195
f 1456//3196 1215//3196 1214//3196
f 1248//3197 1163//3197 1249//3197
f 1508//3198 1422//3198 1509//3198
f 1508//3199 1423//3199 1422//3199
f 1235//3200 1234//3200 1216//3200
f 1495//3201 1494//3201 1398//3201
f 1495//3202 1398//3202 1397//3202
f 1495//3203 1397//3203 1396//3203
f 1443//3204 1442//3204 1424//3204
f 1443//3205 1424//3205 1423//3205
f 1507//3206 1423//3206 1508//3206
f 1507//3207 1443//3207 1423//3207
f 1455//3208 1215//3208 1456//3208
f 1455//3209 1216//3209 1215//3209
f 1496//3210 1495//3210 1396//3210
f 798//3211 1396//3211 1395//3211
f 798//3212 1395//3212 1394//3212
f 798//3213 1394//3213 1393//3213
f 798//3214 1393//3214 1640//3214
f 1254//3215 1163//3215 1248//3215
f 1255//3216 1254//3216 1248//3216
f 1255//3217 1248//3217 1247//3217
f 1253//3218 1164//3218 1163//3218
f 1253//3219 1163//3219 1254//3219
f 1256//3220 1255//3220 1247//3220
f 1256//3221 1247//3221 1246//3221
f 1252//3222 1641//3222 1164//3222
f 1252//3223 1164//3223 1253//3223
f 1257//3224 1256//3224 1246//3224
f 1257//3225 1246//3225 1245//3225
f 1258//3226 1257//3226 1245//3226
f 1258//3227 1245//3227 1244//3227
f 1642//3228 1641//3228 1252//3228
f 1642//3229 1252//3229 1251//3229
f 1276//3230 1642//3230 1251//3230
f 1259//3231 1258//3231 1244//3231
f 1259//3232 1244//3232 1243//3232
f 1275//3233 1642//3233 1276//3233
f 1462//3234 1235//3234 1216//3234
f 1462//3235 1216//3235 1455//3235
f 1514//3236 1444//3236 1443//3236
f 1463//3237 1462//3237 1455//3237
f 1463//3238 1455//3238 1454//3238
f 1515//3239 1507//3239 1506//3239
f 1515//3240 1443//3240 1507//3240
f 1515//3241 1514//3241 1443//3241
f 1513//3242 1445//3242 1444//3242
f 1513//3243 1444//3243 1514//3243
f 1461//3244 1236//3244 1235//3244
f 1461//3245 1235//3245 1462//3245
f 1464//3246 1454//3246 1453//3246
f 1464//3247 1463//3247 1454//3247
f 1516//3248 1515//3248 1506//3248
f 1260//3249 1259//3249 1243//3249
f 1260//3250 1243//3250 1242//3250
f 1460//3251 1237//3251 1236//3251
f 1460//3252 1236//3252 1461//3252
f 1512//3253 1446//3253 1445//3253
f 1512//3254 1445//3254 1513//3254
f 1517//3255 1506//3255 1505//3255
f 1517//3256 1505//3256 1504//3256
f 1517//3257 1516//3257 1506//3257
f 1465//3258 1453//3258 1452//3258
f 1465//3259 1464//3259 1453//3259
f 1274//3260 1642//3260 1275//3260
f 1459//3261 1237//3261 1460//3261
f 1459//3262 1238//3262 1237//3262
f 1511//3263 1446//3263 1512//3263
f 1261//3264 1260//3264 1242//3264
f 1261//3265 1242//3265 1241//3265
f 1518//3266 1517//3266 1504//3266
f 1466//3267 1465//3267 1452//3267
f 1273//3268 1642//3268 1274//3268
f 1484//3269 1238//3269 1459//3269
f 1484//3270 1240//3270 1239//3270
f 1484//3271 1239//3271 1238//3271
f 1536//3272 1447//3272 1446//3272
f 1536//3273 1446//3273 1511//3273
f 1467//3274 1466//3274 1452//3274
f 1467//3275 1452//3275 1451//3275
f 1519//3276 1504//3276 1503//3276
f 1519//3277 1518//3277 1504//3277
f 1535//3278 1448//3278 1447//3278
f 1535//3279 1447//3279 1536//3279
f 1483//3280 1240//3280 1484//3280
f 1272//3281 1642//3281 1273//3281
f 1520//3282 1503//3282 1502//3282
f 1520//3283 1519//3283 1503//3283
f 1468//3284 1451//3284 1450//3284
f 1468//3285 1467//3285 1451//3285
f 1482//3286 1262//3286 1261//3286
f 1482//3287 1261//3287 1241//3287
f 1482//3288 1240//3288 1483//3288
f 1482//3289 1241//3289 1240//3289
f 1534//3290 1449//3290 1448//3290
f 1534//3291 1448//3291 1535//3291
f 1469//3292 1450//3292 1449//3292
f 1469//3293 1468//3293 1450//3293
f 1521//3294 1502//3294 1501//3294
f 1521//3295 1520//3295 1502//3295
f 1643//3296 1272//3296 1271//3296
f 1643//3297 1271//3297 1270//3297
f 1643//3298 1642//3298 1272//3298
f 1481//3299 1263//3299 1262//3299
f 1481//3300 1262//3300 1482//3300
f 1533//3301 1449//3301 1534//3301
f 1269//3302 1643//3302 1270//3302
f 1470//3303 1469//3303 1449//3303
f 1470//3304 1449//3304 1533//3304
f 1522//3305 1501//3305 1500//3305
f 1522//3306 1521//3306 1501//3306
f 1532//3307 1470//3307 1533//3307
f 1471//3308 1470//3308 1532//3308
f 1531//3309 1471//3309 1532//3309
f 1644//3310 1643//3310 1269//3310
f 1644//3311 1269//3311 1268//3311
f 1644//3312 1268//3312 1267//3312
f 1644//3313 1267//3313 1266//3313
f 1644//3314 1266//3314 1265//3314
f 1644//3315 1265//3315 1264//3315
f 1644//3316 1264//3316 1263//3316
f 797//3317 1499//3317 1498//3317
f 797//3318 1498//3318 1497//3318
f 797//3319 1497//3319 1496//3319
f 797//3320 1496//3320 1396//3320
f 797//3321 1396//3321 798//3321
f 1645//3322 1481//3322 1480//3322
f 1645//3323 1480//3323 1479//3323
f 1645//3324 1479//3324 1478//3324
f 1645//3325 1263//3325 1481//3325
f 1645//3326 1644//3326 1263//3326
f 1646//3327 1522//3327 1500//3327
f 1646//3328 1499//3328 797//3328
f 1646//3329 1500//3329 1499//3329
f 1647//3330 1478//3330 1477//3330
f 1647//3331 1477//3331 1476//3331
f 1647//3332 1476//3332 1475//3332
f 1647//3333 1645//3333 1478//3333
f 1648//3334 1522//3334 1646//3334
f 1648//3335 1525//3335 1524//3335
f 1648//3336 1524//3336 1523//3336
f 1648//3337 1523//3337 1522//3337
f 1649//3338 1475//3338 1474//3338
f 1649//3339 1474//3339 1473//3339
f 1649//3340 1473//3340 1472//3340
f 1649//3341 1647//3341 1475//3341
f 1650//3342 1525//3342 1648//3342
f 1650//3343 1527//3343 1526//3343
f 1650//3344 1526//3344 1525//3344
f 1651//3345 1472//3345 1471//3345
f 1651//3346 1649//3346 1472//3346
f 1651//3347 1471//3347 1531//3347
f 1651//3348 1531//3348 1530//3348
f 1652//3349 1530//3349 1529//3349
f 1652//3350 1529//3350 1528//3350
f 1652//3351 1528//3351 1527//3351
f 1652//3352 1651//3352 1530//3352
f 1652//3353 1527//3353 1650//3353
f 1653//3354 793//3354 798//3354
f 1653//3355 798//3355 1654//3355
f 1655//3356 1656//3356 808//3356
f 1657//3357 1655//3357 808//3357
f 1658//3358 1657//3358 808//3358
f 1659//3359 1658//3359 808//3359
f 1660//3360 1659//3360 808//3360
f 1661//3361 1660//3361 808//3361
f 795//3362 1662//3362 1661//3362
f 795//3363 1663//3363 1662//3363
f 795//3364 1661//3364 808//3364
f 1664//3365 1663//3365 795//3365
f 1665//3366 1664//3366 795//3366
f 1666//3367 1665//3367 795//3367
f 794//3368 1667//3368 1666//3368
f 794//3369 1668//3369 1667//3369
f 794//3370 1666//3370 795//3370
f 793//3371 1668//3371 794//3371
f 789//3372 1669//3372 1593//3372
f 789//3373 1670//3373 1669//3373
f 1669//3374 1671//3374 1593//3374
f 789//3375 1672//3375 1670//3375
f 1671//3376 1673//3376 1593//3376
f 789//3377 1674//3377 1672//3377
f 1673//3378 1675//3378 1593//3378
f 1676//3379 799//3379 1677//3379
f 1674//3380 799//3380 1676//3380
f 789//3381 799//3381 1674//3381
f 799//3382 1678//3382 1677//3382
f 799//3383 1679//3383 1678//3383
f 1680//3384 1681//3384 1682//3384
f 1683//3385 1681//3385 1680//3385
f 1679//3386 1681//3386 1683//3386
f 799//3387 1681//3387 1679//3387
f 802//3388 1684//3388 1685//3388
f 802//3389 1686//3389 1684//3389
f 1684//3390 1687//3390 1685//3390
f 802//3391 1688//3391 1686//3391
f 1687//3392 1689//3392 1685//3392
f 802//3393 1690//3393 1688//3393
f 1689//3394 1691//3394 1685//3394
f 1692//3395 803//3395 1693//3395
f 1690//3396 803//3396 1692//3396
f 802//3397 803//3397 1690//3397
f 803//3398 1694//3398 1693//3398
f 803//3399 1695//3399 1694//3399
f 1696//3400 1697//3400 1698//3400
f 1699//3401 1697//3401 1696//3401
f 1695//3402 1697//3402 1699//3402
f 803//3403 1697//3403 1695//3403
f 806//3404 1700//3404 805//3404
f 805//3405 1700//3405 1701//3405
f 800//3406 1702//3406 807//3406
f 807//3407 1702//3407 1703//3407
f 1704//3408 802//3408 1705//3408
f 1656//3409 1705//3409 802//3409
f 1706//3410 801//3410 802//3410
f 1706//3411 802//3411 1704//3411
f 1707//3412 801//3412 1706//3412
f 800//3413 801//3413 1707//3413
f 1708//3414 1697//3414 803//3414
f 1708//3415 803//3415 808//3415
f 1594//3416 1593//3416 1675//3416
f 1594//3417 1675//3417 1709//3417
f 1710//3418 790//3418 1594//3418
f 1711//3419 790//3419 1710//3419
f 1712//3420 1710//3420 1594//3420
f 1713//3421 790//3421 1711//3421
f 1714//3422 1712//3422 1594//3422
f 1715//3423 790//3423 1713//3423
f 1709//3424 1714//3424 1594//3424
f 1607//3425 1716//3425 1717//3425
f 1607//3426 1715//3426 1716//3426
f 1607//3427 790//3427 1715//3427
f 1718//3428 1607//3428 1717//3428
f 1719//3429 1607//3429 1718//3429
f 1720//3430 1721//3430 1722//3430
f 1720//3431 1723//3431 1721//3431
f 1720//3432 1719//3432 1723//3432
f 1720//3433 1607//3433 1719//3433
f 1720//3434 1681//3434 799//3434
f 1720//3435 799//3435 1607//3435
f 1724//3436 1614//3436 796//3436
f 1724//3437 796//3437 1597//3437
f 1725//3438 1597//3438 1598//3438
f 1725//3439 1724//3439 1597//3439
f 1726//3440 1598//3440 1608//3440
f 1726//3441 1725//3441 1598//3441
f 1727//3442 1608//3442 1609//3442
f 1727//3443 1726//3443 1608//3443
f 1728//3444 1609//3444 1610//3444
f 1728//3445 1727//3445 1609//3445
f 1729//3446 1610//3446 1611//3446
f 1729//3447 1728//3447 1610//3447
f 1730//3448 1611//3448 1612//3448
f 1730//3449 1729//3449 1611//3449
f 1731//3450 1612//3450 1603//3450
f 1731//3451 1603//3451 1602//3451
f 1731//3452 1730//3452 1612//3452
f 1732//3453 1602//3453 1604//3453
f 1732//3454 1731//3454 1602//3454
f 1733//3455 1604//3455 1605//3455
f 1733//3456 1732//3456 1604//3456
f 1734//3457 1605//3457 1606//3457
f 1734//3458 1733//3458 1605//3458
f 1735//3459 1606//3459 1600//3459
f 1735//3460 1734//3460 1606//3460
f 1736//3461 1600//3461 1599//3461
f 1736//3462 1735//3462 1600//3462
f 1737//3463 1599//3463 1601//3463
f 1737//3464 1736//3464 1599//3464
f 1738//3465 1737//3465 1601//3465
f 1738//3466 1601//3466 1596//3466
f 1739//3467 1738//3467 1596//3467
f 1739//3468 1596//3468 1595//3468
f 1740//3469 1739//3469 1595//3469
f 1740//3470 1595//3470 805//3470
f 1701//3471 1740//3471 805//3471
f 1613//3472 1741//3472 797//3472
f 797//3473 1741//3473 1646//3473
f 1646//3474 1742//3474 1648//3474
f 1741//3475 1742//3475 1646//3475
f 1648//3476 1743//3476 1650//3476
f 1742//3477 1743//3477 1648//3477
f 1650//3478 1744//3478 1652//3478
f 1743//3479 1744//3479 1650//3479
f 1652//3480 1745//3480 1651//3480
f 1744//3481 1745//3481 1652//3481
f 1651//3482 1746//3482 1649//3482
f 1745//3483 1746//3483 1651//3483
f 1649//3484 1747//3484 1647//3484
f 1746//3485 1747//3485 1649//3485
f 1647//3486 1748//3486 1645//3486
f 1747//3487 1748//3487 1647//3487
f 1645//3488 1749//3488 1644//3488
f 1748//3489 1749//3489 1645//3489
f 1644//3490 1750//3490 1643//3490
f 1749//3491 1750//3491 1644//3491
f 1643//3492 1751//3492 1642//3492
f 1750//3493 1751//3493 1643//3493
f 1642//3494 1752//3494 1641//3494
f 1751//3495 1752//3495 1642//3495
f 1641//3496 1753//3496 1639//3496
f 1752//3497 1753//3497 1641//3497
f 1753//3498 1754//3498 1639//3498
f 1639//3499 1754//3499 1637//3499
f 1754//3500 1755//3500 1637//3500
f 1637//3501 1755//3501 1635//3501
f 1755//3502 1756//3502 1635//3502
f 1635//3503 1756//3503 1633//3503
f 1756//3504 1757//3504 1633//3504
f 1633//3505 1757//3505 1631//3505
f 1631//3506 1758//3506 1630//3506
f 1757//3507 1758//3507 1631//3507
f 1630//3508 1758//3508 1628//3508
f 1758//3509 1759//3509 1628//3509
f 1628//3510 1700//3510 806//3510
f 1759//3511 1700//3511 1628//3511
f 1744//3512 1725//3512 1726//3512
f 1745//3513 1726//3513 1727//3513
f 1745//3514 1744//3514 1726//3514
f 1743//3515 1724//3515 1725//3515
f 1743//3516 1725//3516 1744//3516
f 1746//3517 1727//3517 1728//3517
f 1746//3518 1745//3518 1727//3518
f 1742//3519 1614//3519 1724//3519
f 1742//3520 1724//3520 1743//3520
f 1747//3521 1728//3521 1729//3521
f 1747//3522 1746//3522 1728//3522
f 1741//3523 1614//3523 1742//3523
f 1748//3524 1729//3524 1730//3524
f 1748//3525 1747//3525 1729//3525
f 1613//3526 1614//3526 1741//3526
f 1749//3527 1730//3527 1731//3527
f 1749//3528 1748//3528 1730//3528
f 1750//3529 1731//3529 1732//3529
f 1750//3530 1749//3530 1731//3530
f 1733//3531 1750//3531 1732//3531
f 1751//3532 1750//3532 1733//3532
f 1734//3533 1751//3533 1733//3533
f 1752//3534 1751//3534 1734//3534
f 1735//3535 1752//3535 1734//3535
f 1753//3536 1752//3536 1735//3536
f 1736//3537 1753//3537 1735//3537
f 1754//3538 1753//3538 1736//3538
f 1737//3539 1754//3539 1736//3539
f 1755//3540 1754//3540 1737//3540
f 1738//3541 1755//3541 1737//3541
f 1756//3542 1755//3542 1738//3542
f 1739//3543 1756//3543 1738//3543
f 1757//3544 1756//3544 1739//3544
f 1740//3545 1757//3545 1739//3545
f 1758//3546 1757//3546 1740//3546
f 1701//3547 1758//3547 1740//3547
f 1759//3548 1758//3548 1701//3548
f 1700//3549 1759//3549 1701//3549
f 807//3550 1760//3550 1622//3550
f 1703//3551 1760//3551 807//3551
f 1622//3552 1761//3552 1619//3552
f 1760//3553 1761//3553 1622//3553
f 1619//3554 1762//3554 1615//3554
f 1761//3555 1762//3555 1619//3555
f 1615//3556 1763//3556 1616//3556
f 1762//3557 1763//3557 1615//3557
f 1616//3558 1764//3558 1620//3558
f 1763//3559 1764//3559 1616//3559
f 1620//3560 1765//3560 1617//3560
f 1764//3561 1765//3561 1620//3561
f 1617//3562 1766//3562 1618//3562
f 1618//3563 1766//3563 1621//3563
f 1765//3564 1766//3564 1617//3564
f 1621//3565 1767//3565 1623//3565
f 1766//3566 1767//3566 1621//3566
f 1623//3567 1768//3567 1624//3567
f 1767//3568 1768//3568 1623//3568
f 1624//3569 1769//3569 1625//3569
f 1768//3570 1769//3570 1624//3570
f 1625//3571 1770//3571 1626//3571
f 1769//3572 1770//3572 1625//3572
f 1626//3573 1771//3573 1627//3573
f 1770//3574 1771//3574 1626//3574
f 1627//3575 1772//3575 1629//3575
f 1771//3576 1772//3576 1627//3576
f 1772//3577 1773//3577 1629//3577
f 1629//3578 1773//3578 1632//3578
f 1773//3579 1774//3579 1632//3579
f 1632//3580 1774//3580 1634//3580
f 1774//3581 1775//3581 1634//3581
f 1634//3582 1775//3582 1636//3582
f 1775//3583 1776//3583 1636//3583
f 1636//3584 1776//3584 1638//3584
f 1776//3585 1777//3585 1638//3585
f 1638//3586 1777//3586 1640//3586
f 1640//3587 1778//3587 798//3587
f 1777//3588 1778//3588 1640//3588
f 1778//3589 1654//3589 798//3589
f 1779//3590 1656//3590 1655//3590
f 1779//3591 1780//3591 1656//3591
f 1781//3592 1655//3592 1657//3592
f 1781//3593 1779//3593 1655//3593
f 1782//3594 1657//3594 1658//3594
f 1782//3595 1781//3595 1657//3595
f 1783//3596 1658//3596 1659//3596
f 1783//3597 1782//3597 1658//3597
f 1784//3598 1659//3598 1660//3598
f 1784//3599 1783//3599 1659//3599
f 1785//3600 1660//3600 1661//3600
f 1785//3601 1784//3601 1660//3601
f 1786//3602 1661//3602 1662//3602
f 1786//3603 1785//3603 1661//3603
f 1787//3604 1662//3604 1663//3604
f 1787//3605 1786//3605 1662//3605
f 1788//3606 1663//3606 1664//3606
f 1788//3607 1787//3607 1663//3607
f 1789//3608 1664//3608 1665//3608
f 1789//3609 1788//3609 1664//3609
f 1790//3610 1665//3610 1666//3610
f 1790//3611 1666//3611 1667//3611
f 1790//3612 1789//3612 1665//3612
f 1791//3613 1790//3613 1667//3613
f 1792//3614 1667//3614 1668//3614
f 1792//3615 1668//3615 793//3615
f 1792//3616 1791//3616 1667//3616
f 1653//3617 1792//3617 793//3617
f 1653//3618 1654//3618 1778//3618
f 1777//3619 1653//3619 1778//3619
f 1792//3620 1653//3620 1777//3620
f 1776//3621 1792//3621 1777//3621
f 1791//3622 1792//3622 1776//3622
f 1775//3623 1791//3623 1776//3623
f 1790//3624 1791//3624 1775//3624
f 1774//3625 1790//3625 1775//3625
f 1789//3626 1790//3626 1774//3626
f 1773//3627 1789//3627 1774//3627
f 1788//3628 1789//3628 1773//3628
f 1772//3629 1788//3629 1773//3629
f 1787//3630 1788//3630 1772//3630
f 1786//3631 1772//3631 1771//3631
f 1786//3632 1787//3632 1772//3632
f 1785//3633 1771//3633 1770//3633
f 1785//3634 1786//3634 1771//3634
f 1784//3635 1770//3635 1769//3635
f 1784//3636 1785//3636 1770//3636
f 1783//3637 1769//3637 1768//3637
f 1783//3638 1784//3638 1769//3638
f 1782//3639 1768//3639 1767//3639
f 1782//3640 1783//3640 1768//3640
f 1702//3641 1760//3641 1703//3641
f 1702//3642 1761//3642 1760//3642
f 1781//3643 1767//3643 1766//3643
f 1781//3644 1782//3644 1767//3644
f 1793//3645 1762//3645 1761//3645
f 1793//3646 1761//3646 1702//3646
f 1779//3647 1781//3647 1766//3647
f 1779//3648 1766//3648 1765//3648
f 1794//3649 1762//3649 1793//3649
f 1780//3650 1779//3650 1765//3650
f 1780//3651 1765//3651 1764//3651
f 1795//3652 1762//3652 1794//3652
f 1795//3653 1763//3653 1762//3653
f 1796//3654 1780//3654 1764//3654
f 1796//3655 1763//3655 1795//3655
f 1796//3656 1764//3656 1763//3656
f 1797//3657 1656//3657 1780//3657
f 1798//3658 1656//3658 1797//3658
f 1799//3659 1780//3659 1800//3659
f 1799//3660 1797//3660 1780//3660
f 1801//3661 1656//3661 1798//3661
f 1802//3662 1799//3662 1800//3662
f 1803//3663 1656//3663 1801//3663
f 1804//3664 1802//3664 1800//3664
f 808//3665 1805//3665 1806//3665
f 808//3666 1803//3666 1805//3666
f 808//3667 1656//3667 1803//3667
f 1807//3668 808//3668 1806//3668
f 1808//3669 808//3669 1807//3669
f 1708//3670 1809//3670 1810//3670
f 1708//3671 1811//3671 1809//3671
f 1708//3672 1808//3672 1811//3672
f 1708//3673 808//3673 1808//3673
f 1681//3674 1720//3674 1682//3674
f 1682//3675 1720//3675 1722//3675
f 1670//3676 1812//3676 1669//3676
f 1669//3677 1812//3677 1813//3677
f 1669//3678 1814//3678 1671//3678
f 1671//3679 1814//3679 1673//3679
f 1813//3680 1814//3680 1669//3680
f 1672//3681 1815//3681 1670//3681
f 1670//3682 1815//3682 1812//3682
f 1814//3683 1816//3683 1673//3683
f 1674//3684 1817//3684 1672//3684
f 1672//3685 1817//3685 1815//3685
f 1673//3686 1818//3686 1675//3686
f 1816//3687 1818//3687 1673//3687
f 1676//3688 1819//3688 1674//3688
f 1674//3689 1819//3689 1817//3689
f 1677//3690 1820//3690 1676//3690
f 1676//3691 1820//3691 1819//3691
f 1678//3692 1821//3692 1677//3692
f 1677//3693 1821//3693 1820//3693
f 1821//3694 1679//3694 1822//3694
f 1678//3695 1679//3695 1821//3695
f 1679//3696 1823//3696 1822//3696
f 1679//3697 1683//3697 1823//3697
f 1823//3698 1680//3698 1824//3698
f 1683//3699 1680//3699 1823//3699
f 1824//3700 1682//3700 1825//3700
f 1680//3701 1682//3701 1824//3701
f 1697//3702 1708//3702 1698//3702
f 1698//3703 1708//3703 1810//3703
f 1684//3704 1826//3704 1687//3704
f 1686//3705 1827//3705 1684//3705
f 1684//3706 1827//3706 1826//3706
f 1687//3707 1828//3707 1689//3707
f 1826//3708 1828//3708 1687//3708
f 1688//3709 1829//3709 1686//3709
f 1686//3710 1829//3710 1827//3710
f 1828//3711 1830//3711 1689//3711
f 1690//3712 1831//3712 1688//3712
f 1688//3713 1831//3713 1829//3713
f 1689//3714 1832//3714 1691//3714
f 1830//3715 1832//3715 1689//3715
f 1692//3716 1833//3716 1690//3716
f 1690//3717 1833//3717 1831//3717
f 1693//3718 1834//3718 1692//3718
f 1692//3719 1834//3719 1833//3719
f 1694//3720 1835//3720 1693//3720
f 1693//3721 1835//3721 1834//3721
f 1835//3722 1695//3722 1836//3722
f 1694//3723 1695//3723 1835//3723
f 1837//3724 1699//3724 1838//3724
f 1836//3725 1699//3725 1837//3725
f 1695//3726 1699//3726 1836//3726
f 1699//3727 1696//3727 1838//3727
f 1838//3728 1698//3728 1839//3728
f 1696//3729 1698//3729 1838//3729
f 1800//3730 1685//3730 1691//3730
f 1800//3731 1691//3731 1804//3731
f 1685//3732 1780//3732 802//3732
f 802//3733 1780//3733 1656//3733
f 1685//3734 1800//3734 1780//3734
f 1702//3735 800//3735 1707//3735
f 1793//3736 1702//3736 1707//3736
f 1794//3737 1707//3737 1706//3737
f 1794//3738 1793//3738 1707//3738
f 1795//3739 1706//3739 1704//3739
f 1795//3740 1794//3740 1706//3740
f 1796//3741 1704//3741 1705//3741
f 1796//3742 1795//3742 1704//3742
f 1780//3743 1705//3743 1656//3743
f 1780//3744 1796//3744 1705//3744
f 1675//3745 1840//3745 1709//3745
f 1709//3746 1840//3746 1841//3746
f 1841//3747 1840//3747 1842//3747
f 1842//3748 1843//3748 1844//3748
f 1840//3749 1843//3749 1842//3749
f 1843//3750 1845//3750 1844//3750
f 1844//3751 1846//3751 1847//3751
f 1845//3752 1846//3752 1844//3752
f 1847//3753 1848//3753 1849//3753
f 1846//3754 1848//3754 1847//3754
f 1849//3755 1850//3755 1851//3755
f 1848//3756 1850//3756 1849//3756
f 1851//3757 1852//3757 1853//3757
f 1850//3758 1852//3758 1851//3758
f 1854//3759 1711//3759 1710//3759
f 1854//3760 1710//3760 1855//3760
f 1856//3761 1710//3761 1712//3761
f 1856//3762 1712//3762 1714//3762
f 1856//3763 1855//3763 1710//3763
f 1857//3764 1713//3764 1711//3764
f 1857//3765 1711//3765 1854//3765
f 1858//3766 1856//3766 1714//3766
f 1859//3767 1715//3767 1713//3767
f 1859//3768 1713//3768 1857//3768
f 1860//3769 1714//3769 1709//3769
f 1860//3770 1858//3770 1714//3770
f 1861//3771 1716//3771 1715//3771
f 1861//3772 1715//3772 1859//3772
f 1862//3773 1717//3773 1716//3773
f 1862//3774 1716//3774 1861//3774
f 1863//3775 1718//3775 1717//3775
f 1863//3776 1717//3776 1862//3776
f 1719//3777 1863//3777 1864//3777
f 1719//3778 1718//3778 1863//3778
f 1865//3779 1719//3779 1864//3779
f 1723//3780 1719//3780 1865//3780
f 1721//3781 1865//3781 1866//3781
f 1721//3782 1723//3782 1865//3782
f 1722//3783 1866//3783 1867//3783
f 1722//3784 1721//3784 1866//3784
f 1868//3785 1797//3785 1799//3785
f 1869//3786 1798//3786 1797//3786
f 1869//3787 1797//3787 1868//3787
f 1870//3788 1799//3788 1802//3788
f 1870//3789 1868//3789 1799//3789
f 1871//3790 1801//3790 1798//3790
f 1871//3791 1798//3791 1869//3791
f 1872//3792 1870//3792 1802//3792
f 1873//3793 1803//3793 1801//3793
f 1873//3794 1801//3794 1871//3794
f 1874//3795 1802//3795 1804//3795
f 1874//3796 1872//3796 1802//3796
f 1875//3797 1805//3797 1803//3797
f 1875//3798 1803//3798 1873//3798
f 1876//3799 1806//3799 1805//3799
f 1876//3800 1805//3800 1875//3800
f 1877//3801 1807//3801 1806//3801
f 1877//3802 1806//3802 1876//3802
f 1808//3803 1877//3803 1878//3803
f 1808//3804 1807//3804 1877//3804
f 1811//3805 1879//3805 1880//3805
f 1811//3806 1878//3806 1879//3806
f 1811//3807 1808//3807 1878//3807
f 1809//3808 1811//3808 1880//3808
f 1810//3809 1880//3809 1881//3809
f 1810//3810 1809//3810 1880//3810
f 1852//3811 1882//3811 1853//3811
f 1853//3812 1882//3812 1883//3812
f 1883//3813 1884//3813 1885//3813
f 1882//3814 1884//3814 1883//3814
f 1885//3815 1886//3815 1887//3815
f 1887//3816 1886//3816 1888//3816
f 1884//3817 1886//3817 1885//3817
f 1886//3818 1889//3818 1888//3818
f 1888//3819 1890//3819 1891//3819
f 1889//3820 1890//3820 1888//3820
f 1891//3821 1892//3821 1893//3821
f 1890//3822 1892//3822 1891//3822
f 1893//3823 1682//3823 1722//3823
f 1892//3824 1682//3824 1893//3824
f 1818//3825 1894//3825 1675//3825
f 1675//3826 1894//3826 1840//3826
f 1840//3827 1895//3827 1843//3827
f 1894//3828 1895//3828 1840//3828
f 1843//3829 1896//3829 1845//3829
f 1895//3830 1896//3830 1843//3830
f 1896//3831 1897//3831 1845//3831
f 1897//3832 1846//3832 1845//3832
f 1897//3833 1898//3833 1846//3833
f 1899//3834 1848//3834 1898//3834
f 1898//3835 1848//3835 1846//3835
f 1899//3836 1850//3836 1848//3836
f 1825//3837 1682//3837 1900//3837
f 1901//3838 1852//3838 1899//3838
f 1899//3839 1852//3839 1850//3839
f 1682//3840 1892//3840 1900//3840
f 1902//3841 1882//3841 1901//3841
f 1901//3842 1882//3842 1852//3842
f 1903//3843 1884//3843 1902//3843
f 1902//3844 1884//3844 1882//3844
f 1904//3845 1890//3845 1905//3845
f 1900//3846 1890//3846 1904//3846
f 1892//3847 1890//3847 1900//3847
f 1905//3848 1889//3848 1906//3848
f 1890//3849 1889//3849 1905//3849
f 1906//3850 1886//3850 1903//3850
f 1889//3851 1886//3851 1906//3851
f 1903//3852 1886//3852 1884//3852
f 1902//3853 1901//3853 1907//3853
f 1902//3854 1907//3854 1908//3854
f 1903//3855 1908//3855 1909//3855
f 1903//3856 1902//3856 1908//3856
f 1906//3857 1909//3857 1910//3857
f 1906//3858 1910//3858 1911//3858
f 1906//3859 1903//3859 1909//3859
f 1905//3860 1906//3860 1911//3860
f 1904//3861 1911//3861 1912//3861
f 1904//3862 1905//3862 1911//3862
f 1900//3863 1912//3863 1913//3863
f 1900//3864 1904//3864 1912//3864
f 1825//3865 1913//3865 1867//3865
f 1825//3866 1867//3866 1866//3866
f 1825//3867 1900//3867 1913//3867
f 1824//3868 1825//3868 1866//3868
f 1823//3869 1866//3869 1865//3869
f 1823//3870 1824//3870 1866//3870
f 1822//3871 1823//3871 1865//3871
f 1822//3872 1865//3872 1864//3872
f 1821//3873 1822//3873 1864//3873
f 1821//3874 1864//3874 1863//3874
f 1820//3875 1821//3875 1863//3875
f 1820//3876 1863//3876 1862//3876
f 1819//3877 1820//3877 1862//3877
f 1819//3878 1862//3878 1861//3878
f 1817//3879 1819//3879 1861//3879
f 1817//3880 1861//3880 1859//3880
f 1815//3881 1817//3881 1859//3881
f 1815//3882 1859//3882 1857//3882
f 1812//3883 1815//3883 1857//3883
f 1812//3884 1857//3884 1854//3884
f 1812//3885 1854//3885 1855//3885
f 1813//3886 1812//3886 1855//3886
f 1814//3887 1813//3887 1855//3887
f 1814//3888 1855//3888 1856//3888
f 1814//3889 1856//3889 1858//3889
f 1816//3890 1814//3890 1858//3890
f 1818//3891 1816//3891 1858//3891
f 1818//3892 1858//3892 1860//3892
f 1894//3893 1818//3893 1860//3893
f 1894//3894 1860//3894 1914//3894
f 1895//3895 1894//3895 1914//3895
f 1895//3896 1914//3896 1915//3896
f 1895//3897 1915//3897 1916//3897
f 1896//3898 1895//3898 1916//3898
f 1897//3899 1916//3899 1917//3899
f 1897//3900 1917//3900 1918//3900
f 1897//3901 1896//3901 1916//3901
f 1898//3902 1897//3902 1918//3902
f 1899//3903 1918//3903 1919//3903
f 1899//3904 1898//3904 1918//3904
f 1901//3905 1899//3905 1919//3905
f 1901//3906 1919//3906 1907//3906
f 1920//3907 1921//3907 1922//3907
f 1922//3908 1921//3908 1923//3908
f 1923//3909 1924//3909 1925//3909
f 1921//3910 1924//3910 1923//3910
f 1925//3911 1926//3911 1927//3911
f 1927//3912 1926//3912 1928//3912
f 1924//3913 1926//3913 1925//3913
f 1926//3914 1929//3914 1928//3914
f 1928//3915 1930//3915 1931//3915
f 1929//3916 1930//3916 1928//3916
f 1931//3917 1932//3917 1933//3917
f 1930//3918 1932//3918 1931//3918
f 1933//3919 1698//3919 1810//3919
f 1932//3920 1698//3920 1933//3920
f 1832//3921 1934//3921 1691//3921
f 1691//3922 1934//3922 1935//3922
f 1935//3923 1936//3923 1937//3923
f 1934//3924 1936//3924 1935//3924
f 1937//3925 1938//3925 1939//3925
f 1936//3926 1938//3926 1937//3926
f 1938//3927 1940//3927 1939//3927
f 1940//3928 1941//3928 1939//3928
f 1940//3929 1942//3929 1941//3929
f 1943//3930 1944//3930 1942//3930
f 1942//3931 1944//3931 1941//3931
f 1943//3932 1945//3932 1944//3932
f 1839//3933 1698//3933 1946//3933
f 1947//3934 1920//3934 1948//3934
f 1948//3935 1920//3935 1943//3935
f 1943//3936 1920//3936 1945//3936
f 1947//3937 1921//3937 1920//3937
f 1698//3938 1932//3938 1946//3938
f 1949//3939 1924//3939 1947//3939
f 1947//3940 1924//3940 1921//3940
f 1950//3941 1930//3941 1951//3941
f 1946//3942 1930//3942 1950//3942
f 1932//3943 1930//3943 1946//3943
f 1951//3944 1929//3944 1952//3944
f 1930//3945 1929//3945 1951//3945
f 1952//3946 1926//3946 1949//3946
f 1929//3947 1926//3947 1952//3947
f 1949//3948 1926//3948 1924//3948
f 1947//3949 1948//3949 1953//3949
f 1947//3950 1953//3950 1954//3950
f 1949//3951 1954//3951 1955//3951
f 1949//3952 1947//3952 1954//3952
f 1952//3953 1955//3953 1956//3953
f 1952//3954 1956//3954 1957//3954
f 1952//3955 1949//3955 1955//3955
f 1951//3956 1952//3956 1957//3956
f 1950//3957 1957//3957 1958//3957
f 1950//3958 1951//3958 1957//3958
f 1946//3959 1958//3959 1959//3959
f 1946//3960 1950//3960 1958//3960
f 1839//3961 1959//3961 1881//3961
f 1839//3962 1881//3962 1880//3962
f 1839//3963 1946//3963 1959//3963
f 1838//3964 1839//3964 1880//3964
f 1837//3965 1880//3965 1879//3965
f 1837//3966 1838//3966 1880//3966
f 1836//3967 1837//3967 1879//3967
f 1836//3968 1879//3968 1878//3968
f 1835//3969 1836//3969 1878//3969
f 1835//3970 1878//3970 1877//3970
f 1834//3971 1835//3971 1877//3971
f 1834//3972 1877//3972 1876//3972
f 1833//3973 1834//3973 1876//3973
f 1833//3974 1876//3974 1875//3974
f 1831//3975 1833//3975 1875//3975
f 1831//3976 1875//3976 1873//3976
f 1829//3977 1831//3977 1873//3977
f 1829//3978 1873//3978 1871//3978
f 1827//3979 1829//3979 1871//3979
f 1827//3980 1871//3980 1869//3980
f 1827//3981 1869//3981 1868//3981
f 1826//3982 1827//3982 1868//3982
f 1828//3983 1826//3983 1868//3983
f 1828//3984 1868//3984 1870//3984
f 1828//3985 1870//3985 1872//3985
f 1830//3986 1828//3986 1872//3986
f 1832//3987 1830//3987 1872//3987
f 1832//3988 1872//3988 1874//3988
f 1934//3989 1832//3989 1874//3989
f 1934//3990 1874//3990 1960//3990
f 1936//3991 1934//3991 1960//3991
f 1936//3992 1960//3992 1961//3992
f 1936//3993 1961//3993 1962//3993
f 1938//3994 1936//3994 1962//3994
f 1940//3995 1962//3995 1963//3995
f 1940//3996 1963//3996 1964//3996
f 1940//3997 1938//3997 1962//3997
f 1942//3998 1940//3998 1964//3998
f 1943//3999 1964//3999 1965//3999
f 1943//4000 1942//4000 1964//4000
f 1948//4001 1943//4001 1965//4001
f 1948//4002 1965//4002 1953//4002
f 1691//4003 1935//4003 1804//4003
f 1804//4004 1935//4004 1966//4004
f 1966//4005 1935//4005 1967//4005
f 1967//4006 1937//4006 1968//4006
f 1935//4007 1937//4007 1967//4007
f 1937//4008 1939//4008 1968//4008
f 1968//4009 1941//4009 1969//4009
f 1939//4010 1941//4010 1968//4010
f 1969//4011 1944//4011 1970//4011
f 1941//4012 1944//4012 1969//4012
f 1970//4013 1945//4013 1971//4013
f 1944//4014 1945//4014 1970//4014
f 1971//4015 1920//4015 1922//4015
f 1945//4016 1920//4016 1971//4016
f 1914//4017 1860//4017 1709//4017
f 1914//4018 1709//4018 1841//4018
f 1915//4019 1841//4019 1842//4019
f 1915//4020 1914//4020 1841//4020
f 1916//4021 1842//4021 1844//4021
f 1916//4022 1915//4022 1842//4022
f 1917//4023 1916//4023 1844//4023
f 1847//4024 1917//4024 1844//4024
f 1918//4025 1917//4025 1847//4025
f 1849//4026 1919//4026 1918//4026
f 1849//4027 1918//4027 1847//4027
f 1851//4028 1919//4028 1849//4028
f 1722//4029 1867//4029 1913//4029
f 1853//4030 1907//4030 1919//4030
f 1853//4031 1919//4031 1851//4031
f 1893//4032 1722//4032 1913//4032
f 1883//4033 1908//4033 1907//4033
f 1883//4034 1907//4034 1853//4034
f 1885//4035 1909//4035 1908//4035
f 1885//4036 1908//4036 1883//4036
f 1891//4037 1912//4037 1911//4037
f 1891//4038 1913//4038 1912//4038
f 1891//4039 1893//4039 1913//4039
f 1888//4040 1911//4040 1910//4040
f 1888//4041 1891//4041 1911//4041
f 1887//4042 1910//4042 1909//4042
f 1887//4043 1888//4043 1910//4043
f 1887//4044 1909//4044 1885//4044
f 1960//4045 1874//4045 1804//4045
f 1960//4046 1804//4046 1966//4046
f 1961//4047 1966//4047 1967//4047
f 1961//4048 1960//4048 1966//4048
f 1962//4049 1967//4049 1968//4049
f 1962//4050 1961//4050 1967//4050
f 1963//4051 1962//4051 1968//4051
f 1969//4052 1963//4052 1968//4052
f 1964//4053 1963//4053 1969//4053
f 1970//4054 1965//4054 1964//4054
f 1970//4055 1964//4055 1969//4055
f 1971//4056 1965//4056 1970//4056
f 1810//4057 1881//4057 1959//4057
f 1922//4058 1954//4058 1953//4058
f 1922//4059 1953//4059 1965//4059
f 1922//4060 1965//4060 1971//4060
f 1923//4061 1954//4061 1922//4061
f 1933//4062 1810//4062 1959//4062
f 1925//4063 1955//4063 1954//4063
f 1925//4064 1954//4064 1923//4064
f 1931//4065 1958//4065 1957//4065
f 1931//4066 1959//4066 1958//4066
f 1931//4067 1933//4067 1959//4067
f 1928//4068 1957//4068 1956//4068
f 1928//4069 1931//4069 1957//4069
f 1927//4070 1956//4070 1955//4070
f 1927//4071 1928//4071 1956//4071
f 1927//4072 1955//4072 1925//4072
