# Created by FreeCAD <https://www.freecad.org>
v 15.375000 12.000000 -4.000000
v 14.500000 12.000000 -4.500000
v 14.427355 12.598289 -4.500000
v 16.126503 13.017092 -3.500000
v 16.250000 12.000000 -3.500000
v 14.427355 11.401711 -4.500000
v 16.126503 10.982908 -3.500000
v 15.083216 13.372736 -4.000000
v 15.763188 13.975074 -3.500000
v 15.181170 14.818272 -3.500000
v 14.213640 13.161808 -4.500000
v 13.871277 13.657806 -4.500000
v 14.258316 14.508114 -4.000000
v 14.414275 15.497682 -3.500000
v 13.420162 14.057460 -4.500000
v 13.042933 15.209816 -4.000000
v 13.507071 15.973819 -3.500000
v 12.512280 16.219013 -3.500000
v 12.886512 14.337541 -4.500000
v 12.301342 14.481772 -4.500000
v 11.647217 15.356511 -4.000000
v 11.487720 16.219013 -3.500000
v 10.492929 15.973819 -3.500000
v 11.698658 14.481772 -4.500000
v 11.113488 14.337541 -4.500000
v 10.312500 14.922835 -4.000000
v 9.585725 15.497682 -3.500000
v 8.818830 14.818272 -3.500000
v 10.579838 14.057460 -4.500000
v 10.128723 13.657806 -4.500000
v 9.269567 13.983775 -4.000000
v 8.236812 13.975074 -3.500000
v 9.786360 13.161808 -4.500000
v 8.698751 12.701702 -4.000000
v 7.873497 13.017092 -3.500000
v 7.750000 12.000000 -3.500000
v 9.572645 12.598289 -4.500000
v 9.500000 12.000000 -4.500000
v 8.698751 11.298298 -4.000000
v 7.873497 10.982908 -3.500000
v 8.236812 10.024926 -3.500000
v 9.572645 11.401711 -4.500000
v 9.786360 10.838192 -4.500000
v 9.269567 10.016225 -4.000000
v 8.818830 9.181728 -3.500000
v 10.128723 10.342194 -4.500000
v 10.312500 9.077165 -4.000000
v 9.585725 8.502318 -3.500000
v 10.492929 8.026181 -3.500000
v 10.579838 9.942540 -4.500000
v 11.113488 9.662459 -4.500000
v 11.647217 8.643489 -4.000000
v 11.487720 7.780987 -3.500000
v 12.512280 7.780987 -3.500000
v 11.698658 9.518228 -4.500000
v 12.301342 9.518228 -4.500000
v 13.042933 8.790184 -4.000000
v 13.507071 8.026181 -3.500000
v 14.414275 8.502318 -3.500000
v 12.886512 9.662459 -4.500000
v 13.420162 9.942540 -4.500000
v 14.258316 9.491886 -4.000000
v 15.181170 9.181728 -3.500000
v 13.871277 10.342194 -4.500000
v 15.083216 10.627264 -4.000000
v 15.763188 10.024926 -3.500000
v 14.213640 10.838192 -4.500000
v 16.126503 13.017092 -1.500000
v 16.250000 12.000000 -1.500000
v 15.763188 13.975074 -1.500000
v 15.181170 14.818272 -1.500000
v 14.414275 15.497682 -1.500000
v 13.507071 15.973819 -1.500000
v 12.512280 16.219013 -1.500000
v 11.487720 16.219013 -1.500000
v 10.492929 15.973819 -1.500000
v 9.585725 15.497682 -1.500000
v 8.818830 14.818272 -1.500000
v 8.236812 13.975074 -1.500000
v 7.873497 13.017092 -1.500000
v 7.750000 12.000000 -1.500000
v 7.873497 10.982908 -1.500000
v 8.236812 10.024926 -1.500000
v 8.818830 9.181728 -1.500000
v 9.585725 8.502318 -1.500000
v 10.492929 8.026181 -1.500000
v 11.487720 7.780987 -1.500000
v 12.512280 7.780987 -1.500000
v 13.507071 8.026181 -1.500000
v 14.414275 8.502318 -1.500000
v 15.181170 9.181728 -1.500000
v 15.763188 10.024926 -1.500000
v 16.126503 10.982908 -1.500000
v 14.500000 12.000000 -11.000000
v 14.427355 12.598289 -11.000000
v 14.213640 13.161808 -11.000000
v 13.871277 13.657806 -11.000000
v 13.420162 14.057460 -11.000000
v 12.886512 14.337541 -11.000000
v 12.301342 14.481772 -11.000000
v 11.698658 14.481772 -11.000000
v 11.113488 14.337541 -11.000000
v 10.579838 14.057460 -11.000000
v 10.128723 13.657806 -11.000000
v 9.786360 13.161808 -11.000000
v 9.572645 12.598289 -11.000000
v 9.500000 12.000000 -11.000000
v 9.572645 11.401711 -11.000000
v 9.786360 10.838192 -11.000000
v 10.128723 10.342194 -11.000000
v 10.579838 9.942540 -11.000000
v 11.113488 9.662459 -11.000000
v 11.698658 9.518228 -11.000000
v 12.301342 9.518228 -11.000000
v 12.886512 9.662459 -11.000000
v 13.420162 9.942540 -11.000000
v 13.871277 10.342194 -11.000000
v 14.213640 10.838192 -11.000000
v 14.427355 11.401711 -11.000000
v 16.519098 12.452204 -1.000000
v 16.541666 12.000000 -1.000000
v 16.451616 12.899914 -1.000000
v 16.809315 12.481245 -0.500000
v 16.976076 13.226493 0.000000
v 17.125000 12.000000 0.000000
v 16.833334 12.000000 -0.500000
v 16.339893 13.338679 -1.000000
v 16.737501 12.957706 -0.500000
v 16.185038 13.764141 -1.000000
v 16.618603 13.424650 -0.500000
v 15.988589 14.172071 -1.000000
v 16.453802 13.877435 -0.500000
v 16.537962 14.381706 0.000000
v 15.752501 14.558412 -1.000000
v 16.244738 14.311561 -0.500000
v 15.479118 14.919327 -1.000000
v 15.993487 14.722713 -0.500000
v 15.836118 15.398503 0.000000
v 15.171159 15.251228 -1.000000
v 15.702548 15.106807 -0.500000
v 14.831683 15.550818 -1.000000
v 15.374811 15.460023 -0.500000
v 14.911332 16.217793 0.000000
v 14.464065 15.815118 -1.000000
v 15.013534 15.778852 -0.500000
v 14.071957 16.041502 -1.000000
v 14.622307 16.060125 -0.500000
v 13.659257 16.227718 -1.000000
v 14.205018 16.301046 -0.500000
v 13.817350 16.791958 0.000000
v 13.230067 16.371918 -1.000000
v 13.765815 16.499224 -0.500000
v 12.788652 16.472668 -1.000000
v 13.309062 16.652683 -0.500000
v 12.617750 17.087633 0.000000
v 12.339399 16.528967 -1.000000
v 12.839299 16.759905 -0.500000
v 11.886773 16.540255 -1.000000
v 12.361196 16.819818 -0.500000
v 11.435272 16.506420 -1.000000
v 11.879501 16.831831 -0.500000
v 11.382250 17.087633 0.000000
v 10.989384 16.427797 -1.000000
v 11.399006 16.795822 -0.500000
v 10.553540 16.305170 -1.000000
v 10.924482 16.712152 -0.500000
v 10.182650 16.791958 0.000000
v 10.132071 16.139755 -1.000000
v 10.460648 16.581650 -0.500000
v 9.729167 15.933199 -1.000000
v 10.012113 16.405611 -0.500000
v 9.348831 15.687551 -1.000000
v 9.583333 16.185789 -0.500000
v 9.088668 16.217793 0.000000
v 8.994843 15.405256 -1.000000
v 9.178573 15.924367 -0.500000
v 8.670723 15.089118 -1.000000
v 8.801852 15.623942 -0.500000
v 8.163882 15.398503 0.000000
v 8.379690 14.742278 -1.000000
v 8.456916 15.287501 -0.500000
v 8.124638 14.368185 -1.000000
v 8.147193 14.918388 -0.500000
v 7.462038 14.381706 0.000000
v 7.908100 13.970555 -1.000000
v 7.875761 14.520270 -0.500000
v 7.732229 13.553342 -1.000000
v 7.645317 14.097105 -0.500000
v 7.598774 13.120689 -1.000000
v 7.458152 13.653097 -0.500000
v 7.023923 13.226493 0.000000
v 7.509060 12.676900 -1.000000
v 7.316126 13.192660 -0.500000
v 7.463979 12.226383 -1.000000
v 7.220651 12.720371 -0.500000
v 6.875000 12.000000 0.000000
v 7.463979 11.773617 -1.000000
v 7.172675 12.240922 -0.500000
v 7.509060 11.323100 -1.000000
v 7.172675 11.759078 -0.500000
v 7.598774 10.879311 -1.000000
v 7.220651 11.279629 -0.500000
v 7.023923 10.773507 0.000000
v 7.732229 10.446658 -1.000000
v 7.316126 10.807340 -0.500000
v 7.908100 10.029445 -1.000000
v 7.458152 10.346903 -0.500000
v 7.462038 9.618294 0.000000
v 8.124638 9.631815 -1.000000
v 7.645317 9.902895 -0.500000
v 8.379690 9.257722 -1.000000
v 7.875761 9.479730 -0.500000
v 8.670723 8.910882 -1.000000
v 8.147193 9.081612 -0.500000
v 8.163882 8.601497 0.000000
v 8.994843 8.594744 -1.000000
v 8.456916 8.712499 -0.500000
v 9.348831 8.312449 -1.000000
v 8.801852 8.376058 -0.500000
v 9.088668 7.782207 0.000000
v 9.729167 8.066801 -1.000000
v 9.178573 8.075633 -0.500000
v 10.132071 7.860244 -1.000000
v 9.583333 7.814210 -0.500000
v 10.182650 7.208042 0.000000
v 10.553540 7.694830 -1.000000
v 10.012113 7.594388 -0.500000
v 10.989384 7.572202 -1.000000
v 10.460648 7.418351 -0.500000
v 11.435272 7.493580 -1.000000
v 10.924482 7.287848 -0.500000
v 11.382250 6.912367 0.000000
v 11.886773 7.459745 -1.000000
v 11.399006 7.204177 -0.500000
v 12.339399 7.471033 -1.000000
v 11.879501 7.168169 -0.500000
v 12.617750 6.912367 0.000000
v 12.788652 7.527331 -1.000000
v 12.361196 7.180182 -0.500000
v 13.230067 7.628081 -1.000000
v 12.839299 7.240096 -0.500000
v 13.659257 7.772282 -1.000000
v 13.309062 7.347316 -0.500000
v 13.817350 7.208042 0.000000
v 14.071957 7.958499 -1.000000
v 13.765815 7.500777 -0.500000
v 14.464065 8.184882 -1.000000
v 14.205018 7.698953 -0.500000
v 14.911332 7.782207 0.000000
v 14.831683 8.449182 -1.000000
v 14.622307 7.939875 -0.500000
v 15.171159 8.748772 -1.000000
v 15.013534 8.221148 -0.500000
v 15.479118 9.080673 -1.000000
v 15.374811 8.539977 -0.500000
v 15.836118 8.601497 0.000000
v 15.752501 9.441588 -1.000000
v 15.702548 8.893193 -0.500000
v 15.988589 9.827929 -1.000000
v 15.993487 9.277287 -0.500000
v 16.537962 9.618294 0.000000
v 16.185038 10.235859 -1.000000
v 16.244738 9.688439 -0.500000
v 16.339893 10.661321 -1.000000
v 16.453802 10.122565 -0.500000
v 16.976076 10.773507 0.000000
v 16.451616 11.100086 -1.000000
v 16.618603 10.575350 -0.500000
v 16.519098 11.547796 -1.000000
v 16.737501 11.042294 -0.500000
v 16.809315 11.518755 -0.500000
v 14.985092 11.701297 -11.333333
v 15.000000 12.000000 -11.333333
v 14.940517 11.405561 -11.333333
v 15.482608 11.651512 -11.666667
v 15.883767 11.042737 -12.000000
v 16.000000 12.000000 -12.000000
v 15.500000 12.000000 -11.666667
v 14.866718 11.115734 -11.333333
v 15.430604 11.306488 -11.666667
v 14.764429 10.834696 -11.333333
v 15.344504 10.968357 -11.666667
v 14.634665 10.565238 -11.333333
v 15.225166 10.640478 -11.666667
v 15.541824 10.141108 -12.000000
v 14.478716 10.310040 -11.333333
v 15.073775 10.326111 -11.666667
v 14.298133 10.071637 -11.333333
v 14.891836 10.028379 -11.666667
v 14.994043 9.347509 -12.000000
v 14.094710 9.852400 -11.333333
v 14.681155 9.750243 -11.666667
v 13.870469 9.654506 -11.333333
v 14.443829 9.494466 -11.666667
v 14.272259 8.708064 -12.000000
v 13.627639 9.479922 -11.333333
v 14.182215 9.263590 -11.666667
v 13.368632 9.330384 -11.333333
v 13.898911 9.059909 -11.666667
v 13.096023 9.207378 -11.333333
v 13.596737 8.885448 -11.666667
v 13.418420 8.259935 -12.000000
v 12.812521 9.112127 -11.333333
v 13.278693 8.741941 -11.666667
v 12.520945 9.045577 -11.333333
v 12.947942 8.630816 -11.666667
v 12.482146 8.029164 -12.000000
v 12.224191 9.008389 -11.333333
v 12.607769 8.553173 -11.666667
v 11.925208 9.000933 -11.333333
v 12.261556 8.509787 -11.666667
v 11.626969 9.023282 -11.333333
v 11.912743 8.501088 -11.666667
v 11.517854 8.029164 -12.000000
v 11.332438 9.075216 -11.333333
v 11.564797 8.527163 -11.666667
v 11.044540 9.156218 -11.333333
v 11.221177 8.587752 -11.666667
v 10.581580 8.259935 -12.000000
v 10.766139 9.265483 -11.333333
v 10.885297 8.682254 -11.666667
v 10.500000 9.401924 -11.333333
v 10.560495 8.809730 -11.666667
v 10.248769 9.564186 -11.333333
v 10.250000 8.968911 -11.666667
v 9.727741 8.708064 -12.000000
v 10.014942 9.750656 -11.333333
v 9.956897 9.158217 -11.666667
v 9.800844 9.959482 -11.333333
v 9.684099 9.375766 -11.666667
v 9.005957 9.347509 -12.000000
v 9.608603 10.188587 -11.333333
v 9.434319 9.619395 -11.666667
v 9.440127 10.435695 -11.333333
v 9.210036 9.886684 -11.666667
v 8.458176 10.141108 -12.000000
v 9.297093 10.698349 -11.333333
v 9.013482 10.174976 -11.666667
v 9.180923 10.973940 -11.333333
v 8.846609 10.481407 -11.666667
v 9.092768 11.259727 -11.333333
v 8.711076 10.802930 -11.666667
v 8.116233 11.042737 -12.000000
v 9.033507 11.552874 -11.333333
v 8.608230 11.136349 -11.666667
v 9.003729 11.850462 -11.333333
v 8.539092 11.478352 -11.666667
v 8.000000 12.000000 -12.000000
v 9.003729 12.149538 -11.333333
v 8.504351 11.825540 -11.666667
v 9.033507 12.447126 -11.333333
v 8.504351 12.174460 -11.666667
v 9.092768 12.740273 -11.333333
v 8.539092 12.521648 -11.666667
v 8.116233 12.957263 -12.000000
v 9.180923 13.026060 -11.333333
v 8.608230 12.863651 -11.666667
v 9.297093 13.301651 -11.333333
v 8.711076 13.197070 -11.666667
v 8.458176 13.858892 -12.000000
v 9.440127 13.564305 -11.333333
v 8.846609 13.518593 -11.666667
v 9.608603 13.811413 -11.333333
v 9.013482 13.825024 -11.666667
v 9.800844 14.040518 -11.333333
v 9.210036 14.113316 -11.666667
v 9.005957 14.652491 -12.000000
v 10.014942 14.249344 -11.333333
v 9.434319 14.380605 -11.666667
v 10.248769 14.435814 -11.333333
v 9.684099 14.624234 -11.666667
v 9.727741 15.291936 -12.000000
v 10.500000 14.598076 -11.333333
v 9.956897 14.841783 -11.666667
v 10.766139 14.734517 -11.333333
v 10.250000 15.031089 -11.666667
v 10.581580 15.740065 -12.000000
v 11.044540 14.843782 -11.333333
v 10.560495 15.190270 -11.666667
v 11.332438 14.924784 -11.333333
v 10.885297 15.317746 -11.666667
v 11.626969 14.976718 -11.333333
v 11.221177 15.412248 -11.666667
v 11.517854 15.970836 -12.000000
v 11.925208 14.999067 -11.333333
v 11.564797 15.472837 -11.666667
v 12.224191 14.991611 -11.333333
v 11.912743 15.498912 -11.666667
v 12.482146 15.970836 -12.000000
v 12.520945 14.954423 -11.333333
v 12.261556 15.490213 -11.666667
v 12.812521 14.887873 -11.333333
v 12.607769 15.446827 -11.666667
v 13.096023 14.792622 -11.333333
v 12.947942 15.369184 -11.666667
v 13.418420 15.740065 -12.000000
v 13.368632 14.669616 -11.333333
v 13.278693 15.258059 -11.666667
v 13.627639 14.520078 -11.333333
v 13.596737 15.114552 -11.666667
v 14.272259 15.291936 -12.000000
v 13.870469 14.345494 -11.333333
v 13.898911 14.940091 -11.666667
v 14.094710 14.147600 -11.333333
v 14.182215 14.736410 -11.666667
v 14.298133 13.928363 -11.333333
v 14.443829 14.505534 -11.666667
v 14.994043 14.652491 -12.000000
v 14.478716 13.689960 -11.333333
v 14.681155 14.249757 -11.666667
v 14.634665 13.434762 -11.333333
v 14.891836 13.971621 -11.666667
v 15.541824 13.858892 -12.000000
v 14.764429 13.165304 -11.333333
v 15.073775 13.673889 -11.666667
v 14.866718 12.884266 -11.333333
v 15.225166 13.359522 -11.666667
v 15.883767 12.957263 -12.000000
v 14.940517 12.594439 -11.333333
v 15.344504 13.031643 -11.666667
v 14.985092 12.298703 -11.333333
v 15.430604 12.693512 -11.666667
v 15.482608 12.348488 -11.666667
v 0.500000 0.500000 0.000000
v 23.000000 0.500000 0.000000
v 0.500000 23.000000 0.000000
v 23.000000 23.000000 0.000000
v 16.000000 12.000000 -13.000000
v 15.883767 12.957263 -13.000000
v 15.541824 13.858892 -13.000000
v 14.994043 14.652491 -13.000000
v 14.272259 15.291936 -13.000000
v 13.418420 15.740065 -13.000000
v 12.482146 15.970836 -13.000000
v 11.517854 15.970836 -13.000000
v 10.581580 15.740065 -13.000000
v 9.727741 15.291936 -13.000000
v 9.005957 14.652491 -13.000000
v 8.458176 13.858892 -13.000000
v 8.116233 12.957263 -13.000000
v 8.000000 12.000000 -13.000000
v 8.116233 11.042737 -13.000000
v 8.458176 10.141108 -13.000000
v 9.005957 9.347509 -13.000000
v 9.727741 8.708064 -13.000000
v 10.581580 8.259935 -13.000000
v 11.517854 8.029164 -13.000000
v 12.482146 8.029164 -13.000000
v 13.418420 8.259935 -13.000000
v 14.272259 8.708064 -13.000000
v 14.994043 9.347509 -13.000000
v 15.541824 10.141108 -13.000000
v 15.883767 11.042737 -13.000000
v 0.500000 0.500000 2.000000
v 0.500000 23.000000 2.000000
v 23.000000 23.000000 2.000000
v 23.000000 0.500000 2.000000
v 10.579838 9.942540 -13.000000
v 10.128723 10.342194 -13.000000
v 9.786360 10.838192 -13.000000
v 11.113488 9.662459 -13.000000
v 9.572645 11.401711 -13.000000
v 11.698658 9.518228 -13.000000
v 9.500000 12.000000 -13.000000
v 12.301342 9.518228 -13.000000
v 9.572645 12.598289 -13.000000
v 12.886512 9.662459 -13.000000
v 9.786360 13.161808 -13.000000
v 13.420162 9.942540 -13.000000
v 10.128723 13.657806 -13.000000
v 13.871277 10.342194 -13.000000
v 10.579838 14.057460 -13.000000
v 14.213640 10.838192 -13.000000
v 11.113488 14.337541 -13.000000
v 11.698658 14.481772 -13.000000
v 14.427355 11.401711 -13.000000
v 14.500000 12.000000 -13.000000
v 12.301342 14.481772 -13.000000
v 14.427355 12.598289 -13.000000
v 12.886512 14.337541 -13.000000
v 14.213640 13.161808 -13.000000
v 13.420162 14.057460 -13.000000
v 13.871277 13.657806 -13.000000
v 3.411516 3.080121 2.000000
v 3.176936 3.287941 2.000000
v 2.998907 3.545860 2.000000
v 3.689014 2.934479 2.000000
v 2.887776 3.838890 2.000000
v 3.993302 2.859478 2.000000
v 2.850000 4.150000 2.000000
v 4.306698 2.859478 2.000000
v 2.887776 4.461111 2.000000
v 4.610986 2.934479 2.000000
v 2.998907 4.754140 2.000000
v 9.567340 9.844851 2.000000
v 4.888484 5.219879 2.000000
v 5.123064 5.012060 2.000000
v 10.153790 9.325302 2.000000
v 5.301093 4.754140 2.000000
v 5.412224 4.461111 2.000000
v 9.122268 10.489650 2.000000
v 4.610986 5.365521 2.000000
v 4.306698 5.440522 2.000000
v 10.847534 8.961197 2.000000
v 5.450000 4.150000 2.000000
v 8.844440 11.222224 2.000000
v 3.993302 5.440522 2.000000
v 11.608255 8.773696 2.000000
v 5.412224 3.838890 2.000000
v 8.750000 12.000000 2.000000
v 3.689014 5.365521 2.000000
v 12.391745 8.773696 2.000000
v 5.301093 3.545860 2.000000
v 8.844440 12.777776 2.000000
v 3.411516 5.219879 2.000000
v 3.176936 5.012060 2.000000
v 9.122268 13.510350 2.000000
v 4.888484 3.080121 2.000000
v 5.123064 3.287941 2.000000
v 13.846210 9.325302 2.000000
v 13.152466 8.961197 2.000000
v 9.567340 14.155149 2.000000
v 14.432660 9.844851 2.000000
v 10.153790 14.674698 2.000000
v 14.877732 10.489650 2.000000
v 10.847534 15.038803 2.000000
v 15.155560 11.222224 2.000000
v 11.608255 15.226304 2.000000
v 18.396936 18.507940 2.000000
v 13.846210 14.674698 2.000000
v 14.432660 14.155149 2.000000
v 18.631516 18.300121 2.000000
v 14.877732 13.510350 2.000000
v 18.218906 18.765860 2.000000
v 18.909014 18.154478 2.000000
v 18.107775 19.058889 2.000000
v 13.152466 15.038803 2.000000
v 19.213303 18.079479 2.000000
v 15.155560 12.777776 2.000000
v 18.070000 19.370001 2.000000
v 12.391745 15.226304 2.000000
v 19.526697 18.079479 2.000000
v 15.250000 12.000000 2.000000
v 18.107775 19.681110 2.000000
v 19.830986 18.154478 2.000000
v 18.218906 19.974140 2.000000
v 20.108484 18.300121 2.000000
v 18.396936 20.232059 2.000000
v 20.343063 18.507940 2.000000
v 18.631516 20.439878 2.000000
v 20.521093 18.765860 2.000000
v 20.632225 19.681110 2.000000
v 20.670000 19.370001 2.000000
v 20.521093 19.974140 2.000000
v 20.343063 20.232059 2.000000
v 20.108484 20.439878 2.000000
v 19.830986 20.585522 2.000000
v 19.526697 20.660522 2.000000
v 19.213303 20.660522 2.000000
v 18.909014 20.585522 2.000000
v 20.632225 19.058889 2.000000
v 14.500000 12.000000 -15.000000
v 14.427355 12.598289 -15.000000
v 14.213640 13.161808 -15.000000
v 13.871277 13.657806 -15.000000
v 13.420162 14.057460 -15.000000
v 12.886512 14.337541 -15.000000
v 12.301342 14.481772 -15.000000
v 11.698658 14.481772 -15.000000
v 11.113488 14.337541 -15.000000
v 10.579838 14.057460 -15.000000
v 10.128723 13.657806 -15.000000
v 9.786360 13.161808 -15.000000
v 9.572645 12.598289 -15.000000
v 9.500000 12.000000 -15.000000
v 9.572645 11.401711 -15.000000
v 9.786360 10.838192 -15.000000
v 10.128723 10.342194 -15.000000
v 10.579838 9.942540 -15.000000
v 11.113488 9.662459 -15.000000
v 11.698658 9.518228 -15.000000
v 12.301342 9.518228 -15.000000
v 12.886512 9.662459 -15.000000
v 13.420162 9.942540 -15.000000
v 13.871277 10.342194 -15.000000
v 14.213640 10.838192 -15.000000
v 14.427355 11.401711 -15.000000
v 5.412224 4.461111 0.750000
v 5.450000 4.150000 0.750000
v 5.301093 4.754140 0.750000
v 5.123064 5.012060 0.750000
v 4.888484 5.219879 0.750000
v 4.610986 5.365521 0.750000
v 4.306698 5.440522 0.750000
v 3.993302 5.440522 0.750000
v 3.689014 5.365521 0.750000
v 3.411516 5.219879 0.750000
v 3.176936 5.012060 0.750000
v 2.998907 4.754140 0.750000
v 2.887776 4.461111 0.750000
v 2.850000 4.150000 0.750000
v 2.887776 3.838890 0.750000
v 2.998907 3.545860 0.750000
v 3.176936 3.287941 0.750000
v 3.411516 3.080121 0.750000
v 3.689014 2.934479 0.750000
v 3.993302 2.859478 0.750000
v 4.306698 2.859478 0.750000
v 4.610986 2.934479 0.750000
v 4.888484 3.080121 0.750000
v 5.123064 3.287941 0.750000
v 5.301093 3.545860 0.750000
v 5.412224 3.838890 0.750000
v 15.155560 12.777776 -1.500000
v 15.250000 12.000000 -1.500000
v 14.877732 13.510350 -1.500000
v 14.432660 14.155149 -1.500000
v 13.846210 14.674698 -1.500000
v 13.152466 15.038803 -1.500000
v 12.391745 15.226304 -1.500000
v 11.608255 15.226304 -1.500000
v 10.847534 15.038803 -1.500000
v 10.153790 14.674698 -1.500000
v 9.567340 14.155149 -1.500000
v 9.122268 13.510350 -1.500000
v 8.844440 12.777776 -1.500000
v 8.750000 12.000000 -1.500000
v 8.844440 11.222224 -1.500000
v 9.122268 10.489650 -1.500000
v 9.567340 9.844851 -1.500000
v 10.153790 9.325302 -1.500000
v 10.847534 8.961197 -1.500000
v 11.608255 8.773696 -1.500000
v 12.391745 8.773696 -1.500000
v 13.152466 8.961197 -1.500000
v 13.846210 9.325302 -1.500000
v 14.432660 9.844851 -1.500000
v 14.877732 10.489650 -1.500000
v 15.155560 11.222224 -1.500000
v 20.632225 19.681110 0.750000
v 20.670000 19.370001 0.750000
v 20.521093 19.974140 0.750000
v 20.343063 20.232059 0.750000
v 20.108484 20.439878 0.750000
v 19.830986 20.585522 0.750000
v 19.526697 20.660522 0.750000
v 19.213303 20.660522 0.750000
v 18.909014 20.585522 0.750000
v 18.631516 20.439878 0.750000
v 18.396936 20.232059 0.750000
v 18.218906 19.974140 0.750000
v 18.107775 19.681110 0.750000
v 18.070000 19.370001 0.750000
v 18.107775 19.058889 0.750000
v 18.218906 18.765860 0.750000
v 18.396936 18.507940 0.750000
v 18.631516 18.300121 0.750000
v 18.909014 18.154478 0.750000
v 19.213303 18.079479 0.750000
v 19.526697 18.079479 0.750000
v 19.830986 18.154478 0.750000
v 20.108484 18.300121 0.750000
v 20.343063 18.507940 0.750000
v 20.521093 18.765860 0.750000
v 20.632225 19.058889 0.750000
v 10.863871 10.354033 -15.000000
v 10.502978 10.673755 -15.000000
v 10.229088 11.070554 -15.000000
v 11.290791 10.129968 -15.000000
v 10.058116 11.521369 -15.000000
v 11.758926 10.014583 -15.000000
v 10.000000 12.000000 -15.000000
v 12.241074 10.014583 -15.000000
v 10.058116 12.478631 -15.000000
v 12.709209 10.129968 -15.000000
v 10.229088 12.929446 -15.000000
v 13.136129 10.354033 -15.000000
v 10.502978 13.326245 -15.000000
v 13.497022 10.673755 -15.000000
v 10.863871 13.645967 -15.000000
v 13.770912 11.070554 -15.000000
v 11.290791 13.870032 -15.000000
v 13.941884 11.521369 -15.000000
v 11.758926 13.985417 -15.000000
v 14.000000 12.000000 -15.000000
v 12.241074 13.985417 -15.000000
v 13.941884 12.478631 -15.000000
v 12.709209 13.870032 -15.000000
v 13.770912 12.929446 -15.000000
v 13.497022 13.326245 -15.000000
v 13.136129 13.645967 -15.000000
v 9.380213 9.679070 -1.500000
v 10.011773 9.119556 -1.500000
v 8.900904 10.373469 -1.500000
v 10.758883 8.727443 -1.500000
v 8.601704 11.162395 -1.500000
v 11.578121 8.525519 -1.500000
v 8.500000 12.000000 -1.500000
v 12.421879 8.525519 -1.500000
v 8.601704 12.837605 -1.500000
v 13.241117 8.727443 -1.500000
v 8.900904 13.626531 -1.500000
v 13.988227 9.119556 -1.500000
v 9.380213 14.320930 -1.500000
v 14.619787 9.679070 -1.500000
v 10.011773 14.880444 -1.500000
v 15.099096 10.373469 -1.500000
v 10.758883 15.272557 -1.500000
v 15.398296 11.162395 -1.500000
v 11.578121 15.474481 -1.500000
v 15.500000 12.000000 -1.500000
v 12.421879 15.474481 -1.500000
v 15.398296 12.837605 -1.500000
v 13.241117 15.272557 -1.500000
v 15.099096 13.626531 -1.500000
v 13.988227 14.880444 -1.500000
v 14.619787 14.320930 -1.500000
v 14.833333 12.000000 -2.166667
v 14.819254 12.282109 -2.166667
v 14.500000 12.000000 -2.500000
v 14.427355 12.598289 -2.500000
v 14.777155 12.561414 -2.166667
v 15.150930 12.315298 -1.833333
v 15.166667 12.000000 -1.833333
v 14.707457 12.835139 -2.166667
v 15.103880 12.627462 -1.833333
v 14.610849 13.100565 -2.166667
v 14.213640 13.161808 -2.500000
v 15.025981 12.933392 -1.833333
v 14.488295 13.355053 -2.166667
v 14.918008 13.230043 -1.833333
v 14.341010 13.596073 -2.166667
v 13.871277 13.657806 -2.500000
v 14.781035 13.514471 -1.833333
v 14.170459 13.821232 -2.166667
v 14.616423 13.783847 -1.833333
v 13.978337 14.028290 -2.166667
v 13.420162 14.057460 -2.500000
v 14.425807 14.035494 -1.833333
v 13.766555 14.215189 -2.166667
v 14.211083 14.266912 -1.833333
v 13.537214 14.380074 -2.166667
v 13.974384 14.475800 -1.833333
v 13.292597 14.521303 -2.166667
v 12.886512 14.337541 -2.500000
v 13.718063 14.660082 -1.833333
v 13.035133 14.637476 -2.166667
v 13.444667 14.817927 -1.833333
v 12.767382 14.727435 -2.166667
v 12.301342 14.481772 -2.500000
v 13.156913 14.947767 -1.833333
v 12.492003 14.790289 -2.166667
v 12.857661 15.048310 -1.833333
v 12.211736 14.825411 -2.166667
v 12.549886 15.118558 -1.833333
v 11.929363 14.832453 -2.166667
v 11.698658 14.481772 -2.500000
v 12.236646 15.157812 -1.833333
v 11.647693 14.811344 -2.166667
v 11.921053 15.165683 -1.833333
v 11.369524 14.762296 -2.166667
v 11.113488 14.337541 -2.500000
v 11.606245 15.142091 -1.833333
v 11.097621 14.685794 -2.166667
v 11.295350 15.087272 -1.833333
v 10.834686 14.582600 -2.166667
v 10.991459 15.001770 -1.833333
v 10.583333 14.453738 -2.166667
v 10.579838 14.057460 -2.500000
v 10.697591 14.886436 -1.833333
v 10.346060 14.300491 -2.166667
v 10.416667 14.742414 -1.833333
v 10.125223 14.124380 -2.166667
v 10.128723 13.657806 -2.500000
v 10.151479 14.571137 -1.833333
v 9.923019 13.927156 -2.166667
v 9.904661 14.374307 -1.833333
v 9.741458 13.710779 -2.166667
v 9.786360 13.161808 -2.500000
v 9.678669 14.153880 -1.833333
v 9.582342 13.477400 -2.166667
v 9.475747 13.912047 -1.833333
v 9.447255 13.229338 -2.166667
v 9.297913 13.651212 -1.833333
v 9.337538 12.969057 -2.166667
v 9.572645 12.598289 -2.500000
v 9.146932 13.373965 -1.833333
v 9.254281 12.699146 -2.166667
v 9.024306 13.083064 -1.833333
v 9.198313 12.422286 -2.166667
v 9.500000 12.000000 -2.500000
v 8.931255 12.781399 -1.833333
v 9.170189 12.141230 -2.166667
v 8.868702 12.471967 -1.833333
v 9.170189 11.858770 -2.166667
v 8.837270 12.157845 -1.833333
v 9.198313 11.577714 -2.166667
v 9.572645 11.401711 -2.500000
v 8.837270 11.842155 -1.833333
v 9.254281 11.300854 -2.166667
v 8.868702 11.528033 -1.833333
v 9.337538 11.030943 -2.166667
v 9.786360 10.838192 -2.500000
v 8.931255 11.218601 -1.833333
v 9.447255 10.770662 -2.166667
v 9.024306 10.916936 -1.833333
v 9.582342 10.522600 -2.166667
v 9.146932 10.626035 -1.833333
v 9.741458 10.289221 -2.166667
v 10.128723 10.342194 -2.500000
v 9.297913 10.348788 -1.833333
v 9.923019 10.072844 -2.166667
v 9.475747 10.087953 -1.833333
v 10.125223 9.875620 -2.166667
v 10.579838 9.942540 -2.500000
v 9.678669 9.846120 -1.833333
v 10.346060 9.699509 -2.166667
v 9.904661 9.625693 -1.833333
v 10.583333 9.546262 -2.166667
v 11.113488 9.662459 -2.500000
v 10.151479 9.428863 -1.833333
v 10.834686 9.417400 -2.166667
v 10.416667 9.257586 -1.833333
v 11.097621 9.314206 -2.166667
v 10.697591 9.113564 -1.833333
v 11.369524 9.237704 -2.166667
v 11.698658 9.518228 -2.500000
v 10.991459 8.998230 -1.833333
v 11.647693 9.188656 -2.166667
v 11.295350 8.912728 -1.833333
v 11.929363 9.167547 -2.166667
v 12.301342 9.518228 -2.500000
v 11.606245 8.857909 -1.833333
v 12.211736 9.174589 -2.166667
v 11.921053 8.834317 -1.833333
v 12.492003 9.209711 -2.166667
v 12.236646 8.842188 -1.833333
v 12.767382 9.272565 -2.166667
v 12.886512 9.662459 -2.500000
v 12.549886 8.881442 -1.833333
v 13.035133 9.362524 -2.166667
v 12.857661 8.951690 -1.833333
v 13.292597 9.478697 -2.166667
v 13.420162 9.942540 -2.500000
v 13.156913 9.052233 -1.833333
v 13.537214 9.619926 -2.166667
v 13.444667 9.182073 -1.833333
v 13.766555 9.784811 -2.166667
v 13.718063 9.339918 -1.833333
v 13.978337 9.971710 -2.166667
v 13.871277 10.342194 -2.500000
v 13.974384 9.524200 -1.833333
v 14.170459 10.178768 -2.166667
v 14.211083 9.733088 -1.833333
v 14.341010 10.403927 -2.166667
v 14.213640 10.838192 -2.500000
v 14.425807 9.964506 -1.833333
v 14.488295 10.644947 -2.166667
v 14.616423 10.216153 -1.833333
v 14.610849 10.899435 -2.166667
v 14.427355 11.401711 -2.500000
v 14.781035 10.485529 -1.833333
v 14.707457 11.164861 -2.166667
v 14.918008 10.769957 -1.833333
v 14.777155 11.438586 -2.166667
v 15.025981 11.066608 -1.833333
v 14.819254 11.717891 -2.166667
v 15.103880 11.372538 -1.833333
v 15.150930 11.684702 -1.833333
v 14.500000 12.000000 -3.500000
v 14.427355 12.598289 -3.500000
v 14.213640 13.161808 -3.500000
v 13.871277 13.657806 -3.500000
v 13.420162 14.057460 -3.500000
v 12.886512 14.337541 -3.500000
v 12.301342 14.481772 -3.500000
v 11.698658 14.481772 -3.500000
v 11.113488 14.337541 -3.500000
v 10.579838 14.057460 -3.500000
v 10.128723 13.657806 -3.500000
v 9.786360 13.161808 -3.500000
v 9.572645 12.598289 -3.500000
v 9.500000 12.000000 -3.500000
v 9.572645 11.401711 -3.500000
v 9.786360 10.838192 -3.500000
v 10.128723 10.342194 -3.500000
v 10.579838 9.942540 -3.500000
v 11.113488 9.662459 -3.500000
v 11.698658 9.518228 -3.500000
v 12.301342 9.518228 -3.500000
v 12.886512 9.662459 -3.500000
v 13.420162 9.942540 -3.500000
v 13.871277 10.342194 -3.500000
v 14.213640 10.838192 -3.500000
v 14.427355 11.401711 -3.500000
v 10.502978 10.673755 -3.500000
v 10.863871 10.354033 -3.500000
v 10.229088 11.070554 -3.500000
v 11.290791 10.129968 -3.500000
v 10.058116 11.521369 -3.500000
v 11.758926 10.014583 -3.500000
v 10.000000 12.000000 -3.500000
v 12.241074 10.014583 -3.500000
v 10.058116 12.478631 -3.500000
v 12.709209 10.129968 -3.500000
v 10.229088 12.929446 -3.500000
v 13.136129 10.354033 -3.500000
v 10.502978 13.326245 -3.500000
v 13.497022 10.673755 -3.500000
v 10.863871 13.645967 -3.500000
v 13.770912 11.070554 -3.500000
v 11.290791 13.870032 -3.500000
v 11.758926 13.985417 -3.500000
v 13.941884 11.521369 -3.500000
v 14.000000 12.000000 -3.500000
v 12.241074 13.985417 -3.500000
v 12.709209 13.870032 -3.500000
v 13.941884 12.478631 -3.500000
v 13.136129 13.645967 -3.500000
v 13.770912 12.929446 -3.500000
v 13.497022 13.326245 -3.500000
vn 0.495241 0.060133 -0.866672
vn 0.495241 0.060133 -0.866672
vn 0.495241 -0.060133 -0.866672
vn 0.495241 -0.060133 -0.866672
vn 0.474330 0.179890 -0.861772
vn 0.399075 0.275462 -0.874563
vn 0.458804 0.174002 -0.871334
vn 0.422626 0.291718 -0.858073
vn 0.517233 0.109941 -0.848754
vn 0.456869 0.097111 -0.884217
vn 0.337951 0.381468 -0.860390
vn 0.323932 0.365643 -0.872567
vn 0.383446 0.278590 -0.880543
vn 0.423845 0.307941 -0.851779
vn 0.235789 0.408399 -0.881824
vn 0.227195 0.432884 -0.872349
vn 0.262786 0.455159 -0.850749
vn 0.121034 0.491051 -0.862682
vn 0.236646 0.450892 -0.860637
vn 0.117783 0.477862 -0.870502
vn 0.000000 0.501530 -0.865140
vn -0.118672 0.481469 -0.868392
vn 0.000000 0.496251 -0.868179
vn -0.120115 0.487324 -0.864920
vn 0.048756 0.463883 -0.884554
vn 0.055322 0.526352 -0.848466
vn -0.236295 0.450222 -0.861083
vn -0.318729 0.359770 -0.876914
vn -0.227524 0.433512 -0.871952
vn -0.343692 0.387947 -0.855204
vn -0.163167 0.502176 -0.849232
vn -0.144664 0.445229 -0.883654
vn -0.419100 0.289284 -0.860622
vn -0.402323 0.277704 -0.872362
vn -0.349245 0.387876 -0.852983
vn -0.319049 0.354340 -0.879006
vn -0.429038 0.191020 -0.882858
vn -0.460536 0.174658 -0.870288
vn -0.500149 0.060729 -0.863807
vn -0.481389 0.214328 -0.849899
vn -0.472512 0.179200 -0.862914
vn -0.490413 0.059547 -0.869453
vn -0.500149 -0.060729 -0.863807
vn -0.460536 -0.174658 -0.870288
vn -0.490413 -0.059547 -0.869453
vn -0.472512 -0.179200 -0.862914
vn -0.466226 0.000000 -0.884665
vn -0.529405 0.000000 -0.848369
vn -0.429038 -0.191020 -0.882858
vn -0.481389 -0.214328 -0.849899
vn -0.419100 -0.289284 -0.860622
vn -0.402323 -0.277704 -0.872362
vn -0.318729 -0.359770 -0.876914
vn -0.236295 -0.450222 -0.861083
vn -0.343692 -0.387947 -0.855204
vn -0.227524 -0.433512 -0.871952
vn -0.319049 -0.354340 -0.879006
vn -0.349245 -0.387876 -0.852983
vn -0.163167 -0.502177 -0.849232
vn -0.118672 -0.481469 -0.868392
vn 0.000000 -0.501530 -0.865140
vn -0.120115 -0.487324 -0.864920
vn 0.000000 -0.496251 -0.868179
vn -0.144664 -0.445229 -0.883654
vn 0.121033 -0.491051 -0.862682
vn 0.227195 -0.432884 -0.872349
vn 0.117783 -0.477862 -0.870502
vn 0.236646 -0.450892 -0.860637
vn 0.048756 -0.463883 -0.884554
vn 0.055322 -0.526352 -0.848466
vn 0.262786 -0.455159 -0.850749
vn 0.337951 -0.381468 -0.860390
vn 0.323932 -0.365643 -0.872567
vn 0.235789 -0.408399 -0.881824
vn 0.383446 -0.278590 -0.880544
vn 0.399075 -0.275462 -0.874563
vn 0.423845 -0.307941 -0.851779
vn 0.474330 -0.179890 -0.861772
vn 0.422626 -0.291718 -0.858073
vn 0.458804 -0.174002 -0.871334
vn 0.517233 -0.109941 -0.848754
vn 0.456869 -0.097111 -0.884217
vn 0.992709 0.120536 0.000000
vn 0.992709 0.120536 0.000000
vn 0.935016 0.354605 0.000000
vn 0.935016 0.354605 0.000000
vn 0.822984 0.568065 0.000000
vn 0.822984 0.568065 0.000000
vn 0.663123 0.748511 0.000000
vn 0.663123 0.748511 0.000000
vn 0.464723 0.885456 0.000000
vn 0.239316 0.970942 0.000000
vn 0.464723 0.885456 0.000000
vn 0.239316 0.970942 0.000000
vn 0.000000 1.000000 0.000000
vn -0.000000 1.000000 0.000000
vn -0.239316 0.970942 0.000000
vn -0.464723 0.885456 0.000000
vn -0.239316 0.970942 0.000000
vn -0.464723 0.885456 0.000000
vn -0.663123 0.748511 0.000000
vn -0.663123 0.748511 0.000000
vn -0.822984 0.568065 0.000000
vn -0.822984 0.568065 0.000000
vn -0.935016 0.354604 0.000000
vn -0.935016 0.354604 0.000000
vn -0.992709 0.120537 0.000000
vn -0.992709 0.120537 0.000000
vn -0.992709 -0.120537 -0.000000
vn -0.992709 -0.120537 -0.000000
vn -0.935016 -0.354604 0.000000
vn -0.935016 -0.354604 -0.000000
vn -0.822984 -0.568065 0.000000
vn -0.822984 -0.568065 -0.000000
vn -0.663123 -0.748511 -0.000000
vn -0.663123 -0.748511 -0.000000
vn -0.464723 -0.885456 0.000000
vn -0.464723 -0.885456 -0.000000
vn -0.239316 -0.970942 0.000000
vn -0.239316 -0.970942 -0.000000
vn -0.000000 -1.000000 0.000000
vn 0.000000 -1.000000 -0.000000
vn 0.239316 -0.970942 0.000000
vn 0.239316 -0.970942 0.000000
vn 0.464723 -0.885456 0.000000
vn 0.464723 -0.885456 0.000000
vn 0.663123 -0.748511 0.000000
vn 0.663123 -0.748511 0.000000
vn 0.822984 -0.568065 0.000000
vn 0.822984 -0.568065 0.000000
vn 0.935016 -0.354605 0.000000
vn 0.992709 -0.120536 0.000000
vn 0.935016 -0.354605 0.000000
vn 0.992709 -0.120536 0.000000
vn 0.992709 0.120536 0.000000
vn 0.992709 0.120536 0.000000
vn 0.935016 0.354605 0.000000
vn 0.935016 0.354605 0.000000
vn 0.822984 0.568065 0.000000
vn 0.822984 0.568065 0.000000
vn 0.663123 0.748510 0.000000
vn 0.464722 0.885456 0.000000
vn 0.663123 0.748510 0.000000
vn 0.464722 0.885456 0.000000
vn 0.239316 0.970942 0.000000
vn 0.000000 1.000000 0.000000
vn 0.239316 0.970942 0.000000
vn -0.000000 1.000000 0.000000
vn -0.239316 0.970942 0.000000
vn -0.239316 0.970942 0.000000
vn -0.464722 0.885456 0.000000
vn -0.663123 0.748510 0.000000
vn -0.464722 0.885456 0.000000
vn -0.663123 0.748510 0.000000
vn -0.822984 0.568065 0.000000
vn -0.822984 0.568065 0.000000
vn -0.935016 0.354605 0.000000
vn -0.935016 0.354605 0.000000
vn -0.992709 0.120536 0.000000
vn -0.992709 0.120536 0.000000
vn -0.992709 -0.120536 0.000000
vn -0.992709 -0.120536 -0.000000
vn -0.935016 -0.354605 0.000000
vn -0.935016 -0.354605 -0.000000
vn -0.822984 -0.568065 -0.000000
vn -0.822984 -0.568065 -0.000000
vn -0.663123 -0.748510 0.000000
vn -0.663123 -0.748510 -0.000000
vn -0.464722 -0.885456 0.000000
vn -0.464722 -0.885456 -0.000000
vn -0.239316 -0.970942 0.000000
vn -0.239316 -0.970942 -0.000000
vn -0.000000 -1.000000 0.000000
vn 0.000000 -1.000000 -0.000000
vn 0.239316 -0.970942 0.000000
vn 0.239316 -0.970942 0.000000
vn 0.464722 -0.885456 0.000000
vn 0.464722 -0.885456 0.000000
vn 0.663123 -0.748510 0.000000
vn 0.663123 -0.748510 0.000000
vn 0.822984 -0.568065 0.000000
vn 0.935016 -0.354605 0.000000
vn 0.822984 -0.568065 0.000000
vn 0.935016 -0.354605 0.000000
vn 0.992709 -0.120536 0.000000
vn 0.992709 -0.120536 0.000000
vn 0.862978 0.043068 -0.503403
vn 0.834882 0.101373 -0.541013
vn 0.844906 0.127350 -0.519535
vn 0.884071 0.107346 -0.454857
vn 0.862976 0.043072 -0.503405
vn 0.862978 0.043072 -0.503403
vn 0.862978 0.043068 -0.503402
vn 0.841082 0.214165 -0.496703
vn 0.865719 0.130484 -0.483222
vn 0.854400 0.128781 -0.503405
vn 0.854402 0.128778 -0.503403
vn 0.787796 0.298772 -0.538621
vn 0.798281 0.290551 -0.527567
vn 0.837332 0.213210 -0.503404
vn 0.832792 0.212055 -0.511361
vn 0.837332 0.213211 -0.503405
vn 0.780345 0.375794 -0.499841
vn 0.831252 0.315252 -0.457861
vn 0.811942 0.295524 -0.503405
vn 0.811942 0.295523 -0.503404
vn 0.828124 0.301414 -0.472610
vn 0.734879 0.449075 -0.508217
vn 0.691552 0.477344 -0.542125
vn 0.778484 0.374898 -0.503404
vn 0.776234 0.373815 -0.507664
vn 0.778483 0.374898 -0.503404
vn 0.684426 0.518434 -0.512628
vn 0.733511 0.506306 -0.453448
vn 0.740182 0.452316 -0.497535
vn 0.737287 0.450547 -0.503403
vn 0.737288 0.450546 -0.503403
vn 0.559830 0.631918 -0.535976
vn 0.635682 0.589826 -0.498010
vn 0.688764 0.521718 -0.503403
vn 0.688763 0.521719 -0.503404
vn 0.693959 0.525653 -0.492046
vn 0.559325 0.633790 -0.534289
vn 0.588404 0.664170 -0.461150
vn 0.571732 0.647848 -0.503404
vn 0.633395 0.587704 -0.503404
vn 0.633394 0.587704 -0.503404
vn 0.630626 0.585136 -0.509829
vn 0.506355 0.704298 -0.497562
vn 0.586345 0.664410 -0.463421
vn 0.571731 0.647850 -0.503403
vn 0.428822 0.742740 -0.514247
vn 0.390553 0.744137 -0.541967
vn 0.504385 0.701557 -0.503403
vn 0.504384 0.701557 -0.503403
vn 0.432027 0.748290 -0.503403
vn 0.501997 0.698236 -0.510358
vn 0.354530 0.785724 -0.506899
vn 0.414151 0.789101 -0.453651
vn 0.435859 0.754932 -0.490004
vn 0.432025 0.748292 -0.503402
vn 0.201525 0.817619 -0.539340
vn 0.275703 0.820594 -0.500613
vn 0.355372 0.787588 -0.503404
vn 0.355376 0.787588 -0.503402
vn 0.356388 0.789831 -0.499154
vn 0.189325 0.829489 -0.525456
vn 0.212868 0.863639 -0.456963
vn 0.275188 0.819058 -0.503404
vn 0.275187 0.819058 -0.503404
vn 0.274564 0.817204 -0.506747
vn 0.107930 0.861255 -0.496580
vn 0.195765 0.857692 -0.475437
vn 0.192269 0.842387 -0.503405
vn 0.192272 0.842387 -0.503404
vn 0.107440 0.857344 -0.503405
vn 0.000000 0.841322 -0.540535
vn 0.021273 0.853023 -0.521440
vn 0.106845 0.852611 -0.511506
vn 0.107438 0.857345 -0.503404
vn -0.064613 0.862221 -0.502394
vn 0.021541 0.863783 -0.503404
vn 0.021860 0.876589 -0.480743
vn 0.000000 0.890257 -0.455459
vn 0.021541 0.863783 -0.503404
vn -0.149932 0.850299 -0.504491
vn -0.201207 0.816328 -0.541410
vn -0.064572 0.861635 -0.503404
vn -0.064519 0.860928 -0.504619
vn -0.064569 0.861636 -0.503402
vn -0.231720 0.823584 -0.517702
vn -0.150042 0.850924 -0.503405
vn -0.213188 0.864936 -0.454353
vn -0.150038 0.850926 -0.503402
vn -0.150171 0.851677 -0.502090
vn -0.317045 0.807815 -0.496908
vn -0.236764 0.841512 -0.485593
vn -0.234020 0.831756 -0.503405
vn -0.234020 0.831756 -0.503405
vn -0.386938 0.754753 -0.529742
vn -0.391788 0.746491 -0.537822
vn -0.314016 0.800092 -0.511123
vn -0.315674 0.804322 -0.503403
vn -0.315676 0.804321 -0.503405
vn -0.470125 0.727895 -0.499150
vn -0.402761 0.785617 -0.469670
vn -0.412910 0.786735 -0.458861
vn -0.394188 0.768896 -0.503403
vn -0.394189 0.768895 -0.503403
vn -0.536453 0.672692 -0.509612
vn -0.557187 0.628934 -0.542204
vn -0.467171 0.723322 -0.508484
vn -0.468789 0.725825 -0.503404
vn -0.468788 0.725826 -0.503403
vn -0.600156 0.615310 -0.511083
vn -0.591064 0.667172 -0.453348
vn -0.541458 0.678966 -0.495811
vn -0.538727 0.675543 -0.503403
vn -0.538727 0.675542 -0.503404
vn -0.694286 0.479231 -0.536940
vn -0.664059 0.557211 -0.498540
vn -0.603313 0.618546 -0.503403
vn -0.603312 0.618546 -0.503403
vn -0.607097 0.622427 -0.493981
vn -0.699622 0.476995 -0.531983
vn -0.730762 0.504408 -0.459956
vn -0.661902 0.555401 -0.503404
vn -0.661902 0.555402 -0.503403
vn -0.659292 0.553213 -0.509205
vn -0.761980 0.414953 -0.497194
vn -0.730780 0.498238 -0.466605
vn -0.713912 0.486738 -0.503404
vn -0.713912 0.486737 -0.503404
vn -0.785932 0.298064 -0.541728
vn -0.789361 0.332744 -0.515938
vn -0.755013 0.411158 -0.510788
vn -0.758828 0.413237 -0.503404
vn -0.758828 0.413236 -0.503404
vn -0.796203 0.335628 -0.503404
vn -0.824406 0.254295 -0.505656
vn -0.833124 0.315962 -0.453951
vn -0.804380 0.339074 -0.487854
vn -0.796203 0.335627 -0.503403
vn -0.835542 0.101453 -0.539979
vn -0.848024 0.171432 -0.501464
vn -0.827179 0.255151 -0.500673
vn -0.825664 0.254683 -0.503404
vn -0.825664 0.254684 -0.503403
vn -0.847844 0.084840 -0.523415
vn -0.883409 0.107265 -0.456161
vn -0.845586 0.170939 -0.505732
vn -0.846920 0.171209 -0.503403
vn -0.846919 0.171208 -0.503404
vn -0.859758 0.086032 -0.503403
vn -0.868013 0.000000 -0.496541
vn -0.873915 0.087449 -0.478148
vn -0.859758 0.086032 -0.503404
vn -0.864051 0.000000 -0.503403
vn -0.835542 -0.101453 -0.539979
vn -0.847844 -0.084840 -0.523415
vn -0.864051 0.000000 -0.503403
vn -0.859251 0.000000 -0.511554
vn -0.848024 -0.171432 -0.501464
vn -0.859758 -0.086032 -0.503404
vn -0.883409 -0.107265 -0.456161
vn -0.859758 -0.086032 -0.503403
vn -0.873915 -0.087449 -0.478148
vn -0.824406 -0.254295 -0.505656
vn -0.785932 -0.298064 -0.541728
vn -0.846919 -0.171209 -0.503404
vn -0.825664 -0.254683 -0.503404
vn -0.845586 -0.170939 -0.505732
vn -0.846920 -0.171208 -0.503403
vn -0.789361 -0.332744 -0.515938
vn -0.825664 -0.254684 -0.503403
vn -0.827179 -0.255151 -0.500673
vn -0.833124 -0.315962 -0.453951
vn -0.796203 -0.335628 -0.503403
vn -0.761980 -0.414953 -0.497194
vn -0.804380 -0.339074 -0.487854
vn -0.796203 -0.335627 -0.503404
vn -0.758828 -0.413237 -0.503404
vn -0.699622 -0.476995 -0.531983
vn -0.694286 -0.479231 -0.536940
vn -0.755013 -0.411158 -0.510788
vn -0.758828 -0.413236 -0.503404
vn -0.664059 -0.557211 -0.498540
vn -0.730762 -0.504408 -0.459956
vn -0.730780 -0.498238 -0.466605
vn -0.713912 -0.486738 -0.503404
vn -0.713912 -0.486737 -0.503404
vn -0.600156 -0.615310 -0.511083
vn -0.557187 -0.628934 -0.542204
vn -0.659292 -0.553213 -0.509205
vn -0.661902 -0.555401 -0.503403
vn -0.661901 -0.555402 -0.503404
vn -0.603313 -0.618546 -0.503403
vn -0.536453 -0.672692 -0.509612
vn -0.591064 -0.667172 -0.453348
vn -0.607097 -0.622427 -0.493981
vn -0.603312 -0.618546 -0.503403
vn -0.391788 -0.746491 -0.537822
vn -0.470125 -0.727895 -0.499150
vn -0.541458 -0.678966 -0.495811
vn -0.538727 -0.675543 -0.503404
vn -0.538728 -0.675543 -0.503403
vn -0.468789 -0.725825 -0.503404
vn -0.386939 -0.754753 -0.529742
vn -0.412910 -0.786735 -0.458860
vn -0.467172 -0.723322 -0.508484
vn -0.468789 -0.725825 -0.503404
vn -0.317044 -0.807815 -0.496908
vn -0.402761 -0.785617 -0.469670
vn -0.394189 -0.768895 -0.503404
vn -0.394189 -0.768895 -0.503404
vn -0.315674 -0.804323 -0.503403
vn -0.201207 -0.816327 -0.541411
vn -0.231721 -0.823584 -0.517702
vn -0.314014 -0.800092 -0.511124
vn -0.315674 -0.804322 -0.503404
vn -0.149930 -0.850300 -0.504491
vn -0.213187 -0.864935 -0.454354
vn -0.236764 -0.841511 -0.485595
vn -0.234021 -0.831757 -0.503403
vn -0.234020 -0.831757 -0.503404
vn 0.000000 -0.841321 -0.540536
vn -0.064615 -0.862221 -0.502394
vn -0.150173 -0.851677 -0.502089
vn -0.150040 -0.850925 -0.503403
vn -0.150041 -0.850925 -0.503403
vn 0.021273 -0.853022 -0.521441
vn 0.000000 -0.890257 -0.455459
vn -0.064518 -0.860929 -0.504618
vn -0.064571 -0.861635 -0.503403
vn -0.064571 -0.861636 -0.503403
vn 0.107929 -0.861254 -0.496581
vn 0.021860 -0.876589 -0.480743
vn 0.021541 -0.863783 -0.503403
vn 0.021541 -0.863783 -0.503403
vn 0.107439 -0.857346 -0.503403
vn 0.201525 -0.817618 -0.539341
vn 0.189325 -0.829488 -0.525457
vn 0.107440 -0.857346 -0.503403
vn 0.106847 -0.852610 -0.511507
vn 0.275705 -0.820593 -0.500614
vn 0.192269 -0.842388 -0.503403
vn 0.212868 -0.863639 -0.456962
vn 0.195762 -0.857691 -0.475439
vn 0.192269 -0.842388 -0.503403
vn 0.354532 -0.785723 -0.506899
vn 0.390553 -0.744138 -0.541966
vn 0.275189 -0.819058 -0.503404
vn 0.274565 -0.817203 -0.506748
vn 0.275189 -0.819058 -0.503403
vn 0.428821 -0.742740 -0.514247
vn 0.355373 -0.787588 -0.503403
vn 0.355374 -0.787588 -0.503404
vn 0.356386 -0.789831 -0.499156
vn 0.414152 -0.789101 -0.453650
vn 0.506355 -0.704298 -0.497562
vn 0.432025 -0.748291 -0.503403
vn 0.435859 -0.754932 -0.490005
vn 0.432025 -0.748291 -0.503403
vn 0.559325 -0.633790 -0.534289
vn 0.559830 -0.631918 -0.535976
vn 0.504384 -0.701557 -0.503403
vn 0.504385 -0.701556 -0.503403
vn 0.501997 -0.698236 -0.510358
vn 0.635682 -0.589826 -0.498010
vn 0.588404 -0.664170 -0.461150
vn 0.571732 -0.647848 -0.503404
vn 0.571731 -0.647850 -0.503403
vn 0.586345 -0.664410 -0.463421
vn 0.684426 -0.518434 -0.512628
vn 0.691552 -0.477344 -0.542125
vn 0.633395 -0.587704 -0.503404
vn 0.633394 -0.587704 -0.503404
vn 0.630626 -0.585136 -0.509829
vn 0.734879 -0.449075 -0.508217
vn 0.733511 -0.506306 -0.453448
vn 0.688763 -0.521719 -0.503403
vn 0.688763 -0.521718 -0.503404
vn 0.693959 -0.525653 -0.492046
vn 0.780345 -0.375794 -0.499841
vn 0.787796 -0.298772 -0.538621
vn 0.740182 -0.452316 -0.497535
vn 0.737287 -0.450546 -0.503403
vn 0.737287 -0.450547 -0.503403
vn 0.798281 -0.290551 -0.527567
vn 0.831252 -0.315252 -0.457861
vn 0.778483 -0.374898 -0.503404
vn 0.778483 -0.374898 -0.503404
vn 0.776234 -0.373815 -0.507664
vn 0.841082 -0.214165 -0.496703
vn 0.828124 -0.301414 -0.472610
vn 0.811942 -0.295524 -0.503404
vn 0.811942 -0.295523 -0.503405
vn 0.844906 -0.127350 -0.519535
vn 0.834882 -0.101373 -0.541013
vn 0.862978 -0.043068 -0.503403
vn 0.832792 -0.212055 -0.511361
vn 0.837332 -0.213210 -0.503405
vn 0.837332 -0.213211 -0.503404
vn 0.884071 -0.107346 -0.454857
vn 0.862976 -0.043072 -0.503405
vn 0.862978 -0.043072 -0.503403
vn 0.854401 -0.128781 -0.503402
vn 0.865719 -0.130484 -0.483222
vn 0.862978 -0.043068 -0.503402
vn 0.854400 -0.128778 -0.503405
vn 0.554487 -0.027674 0.831732
vn 0.537517 -0.065266 0.840723
vn 0.543335 -0.081894 0.835512
vn 0.572970 -0.069571 0.816618
vn 0.554488 -0.027673 0.831731
vn 0.554487 -0.027673 0.831732
vn 0.554488 -0.027674 0.831731
vn 0.540279 -0.137572 0.830164
vn 0.548977 -0.082745 0.831731
vn 0.558195 -0.084134 0.825433
vn 0.548977 -0.082745 0.831731
vn 0.507195 -0.192354 0.840091
vn 0.513630 -0.186945 0.837398
vn 0.538010 -0.136996 0.831731
vn 0.538011 -0.136995 0.831731
vn 0.534410 -0.136079 0.834199
vn 0.501321 -0.241424 0.830898
vn 0.538494 -0.204224 0.817506
vn 0.535017 -0.194730 0.822093
vn 0.521698 -0.189882 0.831731
vn 0.500199 -0.240884 0.831731
vn 0.521698 -0.189882 0.831731
vn 0.445241 -0.307328 0.841017
vn 0.472284 -0.288607 0.832859
vn 0.500199 -0.240883 0.831731
vn 0.498409 -0.240021 0.833054
vn 0.439959 -0.333256 0.833892
vn 0.473729 -0.289489 0.831731
vn 0.475494 -0.328209 0.816201
vn 0.473728 -0.289490 0.831732
vn 0.476053 -0.290909 0.829907
vn 0.360426 -0.406836 0.839391
vn 0.408356 -0.378899 0.830470
vn 0.406975 -0.377617 0.831731
vn 0.446744 -0.338397 0.828195
vn 0.442550 -0.335220 0.831731
vn 0.442551 -0.335219 0.831731
vn 0.360066 -0.408004 0.838979
vn 0.380991 -0.430050 0.818476
vn 0.404777 -0.375578 0.833725
vn 0.367354 -0.416262 0.831731
vn 0.406975 -0.377617 0.831731
vn 0.325274 -0.452428 0.830365
vn 0.367354 -0.416262 0.831731
vn 0.379499 -0.430023 0.819183
vn 0.251449 -0.479097 0.840975
vn 0.275678 -0.477486 0.834272
vn 0.324082 -0.450770 0.831731
vn 0.322188 -0.448136 0.833888
vn 0.324082 -0.450770 0.831731
vn 0.227832 -0.504928 0.832550
vn 0.268463 -0.511513 0.816261
vn 0.277590 -0.480799 0.831731
vn 0.280691 -0.486171 0.827557
vn 0.277589 -0.480799 0.831731
vn 0.129746 -0.526397 0.840281
vn 0.177127 -0.527194 0.831079
vn 0.228337 -0.506049 0.831731
vn 0.229149 -0.507847 0.830411
vn 0.228338 -0.506049 0.831731
vn 0.121797 -0.533629 0.836902
vn 0.137917 -0.559551 0.817240
vn 0.176816 -0.526269 0.831731
vn 0.176320 -0.524792 0.832769
vn 0.176816 -0.526269 0.831731
vn 0.069330 -0.553234 0.830136
vn 0.126407 -0.553822 0.822984
vn 0.123539 -0.541259 0.831731
vn 0.123539 -0.541259 0.831731
vn 0.000000 -0.541661 0.840597
vn 0.013681 -0.548621 0.835959
vn 0.068563 -0.547117 0.834244
vn 0.069034 -0.550870 0.831731
vn 0.069033 -0.550870 0.831731
vn -0.041514 -0.553978 0.831496
vn 0.013840 -0.555006 0.831731
vn 0.014101 -0.565462 0.824654
vn 0.000000 -0.576926 0.816796
vn 0.013840 -0.555006 0.831731
vn -0.096340 -0.546367 0.831986
vn -0.129542 -0.525573 0.840828
vn -0.041445 -0.553062 0.832109
vn -0.041488 -0.553626 0.831731
vn -0.041488 -0.553626 0.831731
vn -0.148996 -0.529564 0.835082
vn -0.096406 -0.546744 0.831731
vn -0.096406 -0.546744 0.831731
vn -0.138178 -0.560611 0.816469
vn -0.096512 -0.547345 0.831323
vn -0.203660 -0.518913 0.830212
vn -0.150364 -0.534429 0.831731
vn -0.150364 -0.534429 0.831731
vn -0.202831 -0.516801 0.831731
vn -0.152594 -0.542355 0.826176
vn -0.249004 -0.485701 0.837909
vn -0.252239 -0.480602 0.839879
vn -0.201514 -0.513447 0.834125
vn -0.202830 -0.516801 0.831731
vn -0.253278 -0.494038 0.831731
vn -0.302016 -0.467614 0.830737
vn -0.260357 -0.507845 0.821163
vn -0.267448 -0.509581 0.817801
vn -0.253278 -0.494038 0.831731
vn -0.344785 -0.432348 0.833186
vn -0.358734 -0.404926 0.841038
vn -0.346148 -0.434057 0.831731
vn -0.299925 -0.464374 0.833308
vn -0.301210 -0.466365 0.831731
vn -0.301210 -0.466364 0.831731
vn -0.385758 -0.395497 0.833530
vn -0.383159 -0.432497 0.816172
vn -0.346148 -0.434057 0.831731
vn -0.348344 -0.436810 0.829370
vn -0.446990 -0.308535 0.839646
vn -0.426594 -0.357954 0.830594
vn -0.390696 -0.400561 0.828799
vn -0.387647 -0.397433 0.831731
vn -0.387646 -0.397434 0.831731
vn -0.425292 -0.356862 0.831731
vn -0.450299 -0.307009 0.838437
vn -0.473250 -0.326661 0.818124
vn -0.423218 -0.355122 0.833531
vn -0.425291 -0.356862 0.831731
vn -0.458710 -0.312743 0.831731
vn -0.489475 -0.266554 0.830279
vn -0.472681 -0.322268 0.820193
vn -0.458710 -0.312743 0.831731
vn -0.506005 -0.191902 0.840912
vn -0.507506 -0.213931 0.834668
vn -0.484543 -0.263868 0.834021
vn -0.487570 -0.265517 0.831731
vn -0.487570 -0.265516 0.831731
vn -0.529756 -0.163410 0.832259
vn -0.530513 -0.163643 0.831731
vn -0.540025 -0.204804 0.816350
vn -0.511584 -0.215650 0.831731
vn -0.518212 -0.218445 0.826884
vn -0.511584 -0.215651 0.831731
vn -0.537939 -0.065317 0.840450
vn -0.544836 -0.110140 0.831278
vn -0.530514 -0.163642 0.831731
vn -0.531725 -0.164016 0.830883
vn -0.545361 -0.054572 0.836423
vn -0.543107 -0.109792 0.832455
vn -0.572428 -0.069505 0.817003
vn -0.552420 -0.055278 0.831731
vn -0.544171 -0.110006 0.831731
vn -0.544171 -0.110007 0.831731
vn -0.557575 0.000000 0.830126
vn -0.564009 -0.056438 0.823838
vn -0.552420 -0.055278 0.831731
vn -0.555179 0.000000 0.831731
vn -0.537939 0.065317 0.840450
vn -0.545361 0.054572 0.836423
vn -0.552420 0.055278 0.831731
vn -0.551374 0.000000 0.834258
vn -0.555179 0.000000 0.831731
vn -0.544836 0.110140 0.831278
vn -0.564009 0.056438 0.823838
vn -0.544171 0.110006 0.831731
vn -0.572428 0.069505 0.817003
vn -0.552420 0.055278 0.831731
vn -0.529756 0.163410 0.832259
vn -0.506005 0.191902 0.840912
vn -0.544171 0.110007 0.831731
vn -0.543107 0.109792 0.832455
vn -0.507506 0.213931 0.834668
vn -0.530514 0.163642 0.831731
vn -0.530513 0.163643 0.831731
vn -0.531725 0.164016 0.830883
vn -0.540025 0.204804 0.816350
vn -0.489475 0.266554 0.830279
vn -0.511584 0.215650 0.831731
vn -0.511584 0.215651 0.831731
vn -0.487570 0.265517 0.831731
vn -0.518212 0.218445 0.826884
vn -0.450299 0.307009 0.838437
vn -0.446990 0.308535 0.839646
vn -0.484543 0.263868 0.834021
vn -0.487570 0.265516 0.831731
vn -0.426594 0.357954 0.830594
vn -0.473250 0.326661 0.818124
vn -0.472680 0.322268 0.820193
vn -0.458710 0.312743 0.831731
vn -0.425292 0.356862 0.831731
vn -0.458710 0.312743 0.831731
vn -0.385758 0.395497 0.833530
vn -0.358734 0.404926 0.841038
vn -0.423218 0.355122 0.833531
vn -0.425291 0.356862 0.831731
vn -0.344785 0.432348 0.833186
vn -0.383159 0.432497 0.816172
vn -0.390696 0.400561 0.828799
vn -0.387647 0.397433 0.831731
vn -0.387646 0.397434 0.831731
vn -0.252239 0.480602 0.839879
vn -0.302016 0.467614 0.830737
vn -0.348344 0.436810 0.829370
vn -0.346148 0.434057 0.831731
vn -0.346148 0.434057 0.831731
vn -0.249004 0.485701 0.837909
vn -0.267448 0.509581 0.817801
vn -0.299925 0.464374 0.833308
vn -0.301210 0.466365 0.831731
vn -0.301210 0.466364 0.831731
vn -0.203660 0.518913 0.830212
vn -0.253278 0.494038 0.831731
vn -0.260357 0.507845 0.821163
vn -0.253278 0.494038 0.831731
vn -0.148996 0.529564 0.835082
vn -0.129542 0.525573 0.840828
vn -0.201514 0.513447 0.834125
vn -0.150364 0.534429 0.831731
vn -0.202831 0.516801 0.831731
vn -0.202830 0.516801 0.831731
vn -0.096340 0.546367 0.831986
vn -0.138178 0.560611 0.816469
vn -0.152594 0.542355 0.826176
vn -0.150364 0.534429 0.831731
vn -0.096406 0.546744 0.831731
vn 0.000000 0.541661 0.840597
vn -0.041514 0.553978 0.831496
vn -0.096512 0.547345 0.831323
vn -0.096406 0.546744 0.831731
vn 0.013681 0.548621 0.835959
vn 0.000000 0.576926 0.816796
vn -0.041445 0.553062 0.832109
vn -0.041487 0.553626 0.831731
vn -0.041488 0.553626 0.831731
vn 0.069330 0.553234 0.830136
vn 0.013840 0.555006 0.831731
vn 0.014101 0.565462 0.824654
vn 0.013840 0.555006 0.831731
vn 0.129746 0.526397 0.840281
vn 0.121797 0.533629 0.836902
vn 0.123539 0.541259 0.831731
vn 0.068563 0.547117 0.834244
vn 0.069034 0.550870 0.831731
vn 0.069033 0.550870 0.831731
vn 0.177127 0.527194 0.831079
vn 0.126407 0.553822 0.822984
vn 0.137917 0.559551 0.817240
vn 0.123539 0.541259 0.831731
vn 0.251449 0.479097 0.840975
vn 0.227832 0.504928 0.832550
vn 0.176816 0.526269 0.831731
vn 0.176320 0.524792 0.832769
vn 0.176816 0.526269 0.831731
vn 0.275678 0.477486 0.834271
vn 0.229149 0.507847 0.830411
vn 0.228337 0.506049 0.831731
vn 0.268463 0.511513 0.816261
vn 0.228338 0.506048 0.831731
vn 0.325274 0.452428 0.830365
vn 0.277590 0.480798 0.831731
vn 0.277589 0.480799 0.831731
vn 0.280691 0.486171 0.827557
vn 0.360066 0.408004 0.838979
vn 0.360426 0.406836 0.839391
vn 0.324082 0.450770 0.831731
vn 0.324082 0.450771 0.831731
vn 0.322188 0.448136 0.833888
vn 0.408356 0.378899 0.830470
vn 0.380991 0.430050 0.818476
vn 0.367354 0.416262 0.831731
vn 0.367354 0.416262 0.831731
vn 0.379499 0.430023 0.819183
vn 0.445241 0.307328 0.841017
vn 0.439959 0.333256 0.833892
vn 0.406975 0.377617 0.831731
vn 0.404777 0.375578 0.833725
vn 0.406975 0.377617 0.831731
vn 0.472284 0.288607 0.832859
vn 0.475494 0.328209 0.816201
vn 0.446744 0.338397 0.828195
vn 0.442550 0.335219 0.831731
vn 0.442550 0.335220 0.831731
vn 0.507195 0.192354 0.840091
vn 0.501321 0.241424 0.830898
vn 0.473729 0.289490 0.831731
vn 0.473729 0.289488 0.831731
vn 0.476053 0.290909 0.829907
vn 0.513630 0.186945 0.837398
vn 0.538494 0.204224 0.817506
vn 0.500199 0.240884 0.831731
vn 0.500199 0.240883 0.831731
vn 0.498409 0.240021 0.833054
vn 0.540279 0.137572 0.830164
vn 0.521698 0.189882 0.831731
vn 0.535017 0.194730 0.822093
vn 0.521698 0.189882 0.831731
vn 0.537517 0.065266 0.840723
vn 0.543335 0.081894 0.835512
vn 0.554487 0.027674 0.831732
vn 0.534410 0.136079 0.834199
vn 0.538011 0.136994 0.831731
vn 0.538011 0.136996 0.831731
vn 0.572970 0.069571 0.816618
vn 0.554488 0.027673 0.831731
vn 0.554487 0.027673 0.831732
vn 0.558195 0.084134 0.825433
vn 0.548977 0.082745 0.831731
vn 0.554488 0.027674 0.831731
vn 0.548977 0.082745 0.831731
vn 0.000000 -0.000000 -1.000000
vn 0.000000 0.000000 -1.000000
vn 0.000000 -0.000000 -1.000000
vn 0.000000 0.000000 -1.000000
vn 0.000000 -0.000000 -1.000000
vn 0.000000 0.000000 -1.000000
vn -0.000000 -0.000000 -1.000000
vn 0.000000 -0.000000 -1.000000
vn 0.000000 -0.000000 -1.000000
vn 0.000000 -0.000000 -1.000000
vn 0.000000 0.000000 -1.000000
vn 0.000000 0.000000 -1.000000
vn 0.000000 0.000000 -1.000000
vn 0.000000 0.000000 -1.000000
vn 0.000000 0.000000 -1.000000
vn 0.000000 0.000000 -1.000000
vn 0.000000 0.000000 -1.000000
vn 0.000000 0.000000 -1.000000
vn 0.000000 0.000000 -1.000000
vn 0.000000 0.000000 -1.000000
vn 0.000000 0.000000 -1.000000
vn 0.000000 0.000000 -1.000000
vn 0.000000 0.000000 -1.000000
vn 0.000000 0.000000 -1.000000
vn 0.000000 0.000000 -1.000000
vn 0.000000 0.000000 -1.000000
vn 0.000000 0.000000 -1.000000
vn 0.000000 0.000000 -1.000000
vn 0.000000 0.000000 -1.000000
vn 0.000000 0.000000 -1.000000
vn 0.992709 0.120537 -0.000000
vn 0.992709 0.120537 0.000000
vn 0.935016 0.354605 0.000000
vn 0.935016 0.354605 -0.000000
vn 0.822984 0.568065 0.000000
vn 0.822984 0.568065 -0.000000
vn 0.663123 0.748511 0.000000
vn 0.663123 0.748511 -0.000000
vn 0.464723 0.885456 0.000000
vn 0.464723 0.885456 -0.000000
vn 0.239316 0.970942 0.000000
vn 0.239316 0.970942 -0.000000
vn 0.000000 1.000000 0.000000
vn 0.000000 1.000000 -0.000000
vn -0.239316 0.970942 0.000000
vn -0.239316 0.970942 0.000000
vn -0.464723 0.885456 0.000000
vn -0.464723 0.885456 0.000000
vn -0.663123 0.748511 0.000000
vn -0.663123 0.748511 0.000000
vn -0.822984 0.568065 0.000000
vn -0.822984 0.568065 0.000000
vn -0.935016 0.354605 0.000000
vn -0.935016 0.354605 0.000000
vn -0.992709 0.120537 0.000000
vn -0.992709 0.120537 0.000000
vn -0.935016 -0.354605 -0.000000
vn -0.992709 -0.120537 0.000000
vn -0.992709 -0.120537 0.000000
vn -0.935016 -0.354605 0.000000
vn -0.663123 -0.748511 -0.000000
vn -0.822984 -0.568065 0.000000
vn -0.822984 -0.568065 0.000000
vn -0.663123 -0.748511 0.000000
vn -0.464723 -0.885456 0.000000
vn -0.464723 -0.885456 0.000000
vn -0.239316 -0.970942 0.000000
vn -0.239316 -0.970942 0.000000
vn 0.000000 -1.000000 0.000000
vn 0.000000 -1.000000 0.000000
vn 0.239316 -0.970942 0.000000
vn 0.239316 -0.970942 0.000000
vn 0.464723 -0.885456 0.000000
vn 0.464723 -0.885456 0.000000
vn 0.663123 -0.748511 0.000000
vn 0.663123 -0.748511 0.000000
vn 0.822984 -0.568065 0.000000
vn 0.822984 -0.568065 0.000000
vn 0.992709 -0.120537 0.000000
vn 0.935016 -0.354605 0.000000
vn 0.935016 -0.354605 0.000000
vn 0.992709 -0.120537 0.000000
vn -1.000000 0.000000 0.000000
vn -1.000000 0.000000 0.000000
vn 0.000000 1.000000 0.000000
vn 0.000000 1.000000 0.000000
vn 0.000000 -1.000000 0.000000
vn 0.000000 -1.000000 0.000000
vn 1.000000 0.000000 0.000000
vn 1.000000 -0.000000 0.000000
vn 0.000000 0.000000 -1.000000
vn 0.000000 0.000000 -1.000000
vn 0.000000 -0.000000 -1.000000
vn 0.000000 0.000000 -1.000000
vn 0.000000 0.000000 -1.000000
vn 0.000000 0.000000 -1.000000
vn 0.000000 0.000000 -1.000000
vn 0.000000 0.000000 -1.000000
vn 0.000000 0.000000 -1.000000
vn 0.000000 -0.000000 -1.000000
vn 0.000000 0.000000 -1.000000
vn 0.000000 0.000000 -1.000000
vn 0.000000 0.000000 -1.000000
vn 0.000000 -0.000000 -1.000000
vn 0.000000 -0.000000 -1.000000
vn 0.000000 0.000000 -1.000000
vn 0.000000 0.000000 -1.000000
vn 0.000000 0.000000 -1.000000
vn 0.000000 -0.000000 -1.000000
vn 0.000000 0.000000 -1.000000
vn 0.000000 0.000000 -1.000000
vn 0.000000 0.000000 -1.000000
vn 0.000000 -0.000000 -1.000000
vn 0.000000 0.000000 -1.000000
vn 0.000000 -0.000000 -1.000000
vn 0.000000 0.000000 -1.000000
vn 0.000000 0.000000 -1.000000
vn 0.000000 0.000000 -1.000000
vn 0.000000 0.000000 -1.000000
vn 0.000000 0.000000 -1.000000
vn 0.000000 0.000000 -1.000000
vn 0.000000 0.000000 -1.000000
vn 0.000000 0.000000 -1.000000
vn 0.000000 0.000000 -1.000000
vn 0.000000 -0.000000 -1.000000
vn 0.000000 0.000000 -1.000000
vn 0.000000 0.000000 -1.000000
vn 0.000000 -0.000000 -1.000000
vn 0.000000 0.000000 -1.000000
vn 0.000000 0.000000 -1.000000
vn 0.000000 0.000000 -1.000000
vn 0.000000 0.000000 -1.000000
vn 0.000000 -0.000000 -1.000000
vn 0.000000 0.000000 -1.000000
vn 0.000000 0.000000 -1.000000
vn 0.000000 0.000000 -1.000000
vn 0.000000 0.000000 -1.000000
vn 0.000000 -0.000000 -1.000000
vn 0.000000 0.000000 -1.000000
vn 0.000000 0.000000 -1.000000
vn 0.000000 0.000000 -1.000000
vn 0.000000 -0.000000 -1.000000
vn 0.000000 0.000000 1.000000
vn 0.000000 0.000000 1.000000
vn 0.000000 0.000000 1.000000
vn 0.000000 0.000000 1.000000
vn 0.000000 0.000000 1.000000
vn 0.000000 0.000000 1.000000
vn 0.000000 0.000000 1.000000
vn 0.000000 0.000000 1.000000
vn 0.000000 0.000000 1.000000
vn 0.000000 0.000000 1.000000
vn 0.000000 0.000000 1.000000
vn 0.000000 0.000000 1.000000
vn 0.000000 0.000000 1.000000
vn 0.000000 0.000000 1.000000
vn 0.000000 0.000000 1.000000
vn 0.000000 0.000000 1.000000
vn 0.000000 0.000000 1.000000
vn 0.000000 0.000000 1.000000
vn 0.000000 0.000000 1.000000
vn 0.000000 0.000000 1.000000
vn 0.000000 0.000000 1.000000
vn 0.000000 0.000000 1.000000
vn 0.000000 0.000000 1.000000
vn 0.000000 0.000000 1.000000
vn 0.000000 0.000000 1.000000
vn 0.000000 0.000000 1.000000
vn 0.000000 0.000000 1.000000
vn 0.000000 0.000000 1.000000
vn 0.000000 0.000000 1.000000
vn 0.000000 0.000000 1.000000
vn 0.000000 0.000000 1.000000
vn 0.000000 0.000000 1.000000
vn 0.000000 0.000000 1.000000
vn 0.000000 0.000000 1.000000
vn 0.000000 0.000000 1.000000
vn 0.000000 0.000000 1.000000
vn 0.000000 0.000000 1.000000
vn 0.000000 0.000000 1.000000
vn 0.000000 0.000000 1.000000
vn 0.000000 0.000000 1.000000
vn 0.000000 0.000000 1.000000
vn 0.000000 0.000000 1.000000
vn 0.000000 0.000000 1.000000
vn 0.000000 0.000000 1.000000
vn 0.000000 0.000000 1.000000
vn 0.000000 0.000000 1.000000
vn 0.000000 0.000000 1.000000
vn 0.000000 0.000000 1.000000
vn 0.000000 0.000000 1.000000
vn 0.000000 0.000000 1.000000
vn 0.000000 0.000000 1.000000
vn 0.000000 0.000000 1.000000
vn 0.000000 0.000000 1.000000
vn 0.000000 0.000000 1.000000
vn 0.000000 0.000000 1.000000
vn 0.000000 0.000000 1.000000
vn 0.000000 0.000000 1.000000
vn 0.000000 0.000000 1.000000
vn 0.000000 0.000000 1.000000
vn 0.000000 0.000000 1.000000
vn 0.000000 0.000000 1.000000
vn 0.000000 0.000000 1.000000
vn 0.000000 0.000000 1.000000
vn 0.000000 0.000000 1.000000
vn 0.000000 0.000000 1.000000
vn 0.000000 0.000000 1.000000
vn 0.000000 0.000000 1.000000
vn 0.000000 0.000000 1.000000
vn 0.000000 0.000000 1.000000
vn 0.000000 0.000000 1.000000
vn 0.000000 0.000000 1.000000
vn 0.000000 0.000000 1.000000
vn 0.000000 0.000000 1.000000
vn 0.000000 0.000000 1.000000
vn 0.000000 0.000000 1.000000
vn 0.000000 0.000000 1.000000
vn 0.000000 0.000000 1.000000
vn 0.000000 0.000000 1.000000
vn 0.000000 0.000000 1.000000
vn 0.000000 0.000000 1.000000
vn 0.000000 0.000000 1.000000
vn 0.000000 0.000000 1.000000
vn 0.000000 0.000000 1.000000
vn 0.000000 0.000000 1.000000
vn 0.000000 0.000000 1.000000
vn 0.000000 0.000000 1.000000
vn 0.992709 0.120536 -0.000000
vn 0.992709 0.120536 0.000000
vn 0.935016 0.354605 0.000000
vn 0.935016 0.354605 -0.000000
vn 0.822984 0.568065 0.000000
vn 0.822984 0.568065 -0.000000
vn 0.663123 0.748510 0.000000
vn 0.663123 0.748510 -0.000000
vn 0.464722 0.885456 0.000000
vn 0.464722 0.885456 -0.000000
vn 0.239316 0.970942 0.000000
vn 0.239316 0.970942 -0.000000
vn 0.000000 1.000000 0.000000
vn 0.000000 1.000000 -0.000000
vn -0.239316 0.970942 0.000000
vn -0.239316 0.970942 0.000000
vn -0.464722 0.885456 0.000000
vn -0.464722 0.885456 0.000000
vn -0.663123 0.748510 0.000000
vn -0.663123 0.748510 0.000000
vn -0.822984 0.568065 0.000000
vn -0.822984 0.568065 0.000000
vn -0.935016 0.354605 0.000000
vn -0.935016 0.354605 0.000000
vn -0.992709 0.120536 0.000000
vn -0.992709 0.120536 0.000000
vn -0.992709 -0.120536 0.000000
vn -0.992709 -0.120536 0.000000
vn -0.935016 -0.354605 0.000000
vn -0.935016 -0.354605 0.000000
vn -0.822984 -0.568065 -0.000000
vn -0.822984 -0.568065 0.000000
vn -0.663123 -0.748510 0.000000
vn -0.663123 -0.748510 0.000000
vn -0.464722 -0.885456 0.000000
vn -0.464722 -0.885456 0.000000
vn -0.239316 -0.970942 0.000000
vn -0.239316 -0.970942 0.000000
vn 0.000000 -1.000000 0.000000
vn 0.000000 -1.000000 0.000000
vn 0.239316 -0.970942 0.000000
vn 0.239316 -0.970942 0.000000
vn 0.464722 -0.885456 0.000000
vn 0.464722 -0.885456 0.000000
vn 0.663123 -0.748510 0.000000
vn 0.663123 -0.748510 0.000000
vn 0.822984 -0.568065 0.000000
vn 0.822984 -0.568065 0.000000
vn 0.935016 -0.354605 0.000000
vn 0.935016 -0.354605 0.000000
vn 0.992709 -0.120536 0.000000
vn 0.992709 -0.120536 0.000000
vn -0.992709 -0.120536 0.000000
vn -0.992709 -0.120536 0.000000
vn -0.935016 -0.354606 0.000000
vn -0.935016 -0.354606 0.000000
vn -0.822985 -0.568063 0.000000
vn -0.822985 -0.568063 0.000000
vn -0.663122 -0.748511 0.000000
vn -0.663122 -0.748511 0.000000
vn -0.464723 -0.885456 0.000000
vn -0.464723 -0.885456 0.000000
vn -0.239317 -0.970942 0.000000
vn -0.239317 -0.970942 0.000000
vn 0.000000 -1.000000 0.000000
vn 0.000000 -1.000000 0.000000
vn 0.239317 -0.970942 0.000000
vn 0.239317 -0.970942 0.000000
vn 0.464722 -0.885457 0.000000
vn 0.464722 -0.885457 0.000000
vn 0.663122 -0.748511 0.000000
vn 0.822984 -0.568064 0.000000
vn 0.663122 -0.748511 0.000000
vn 0.822984 -0.568064 0.000000
vn 0.935016 -0.354605 0.000000
vn 0.935016 -0.354605 0.000000
vn 0.992709 -0.120537 0.000000
vn 0.992709 -0.120537 0.000000
vn 0.992709 0.120537 -0.000000
vn 0.992709 0.120537 0.000000
vn 0.935016 0.354605 -0.000000
vn 0.935016 0.354605 0.000000
vn 0.822984 0.568065 -0.000000
vn 0.822984 0.568065 0.000000
vn 0.663122 0.748511 -0.000000
vn 0.663122 0.748511 0.000000
vn 0.464723 0.885456 -0.000000
vn 0.464723 0.885456 0.000000
vn 0.239316 0.970942 -0.000000
vn 0.239316 0.970942 0.000000
vn 0.000000 1.000000 -0.000000
vn 0.000000 1.000000 0.000000
vn -0.239316 0.970942 0.000000
vn -0.239316 0.970942 0.000000
vn -0.464723 0.885456 0.000000
vn -0.663122 0.748511 0.000000
vn -0.464723 0.885456 0.000000
vn -0.663122 0.748511 0.000000
vn -0.822984 0.568064 0.000000
vn -0.822984 0.568064 0.000000
vn -0.935016 0.354605 0.000000
vn -0.935016 0.354605 0.000000
vn -0.992709 0.120536 0.000000
vn -0.992709 0.120536 0.000000
vn -0.992709 -0.120537 0.000000
vn -0.992709 -0.120537 0.000000
vn -0.935017 -0.354604 0.000000
vn -0.935017 -0.354604 0.000000
vn -0.822984 -0.568065 0.000000
vn -0.822984 -0.568065 0.000000
vn -0.663123 -0.748511 0.000000
vn -0.663123 -0.748511 0.000000
vn -0.464723 -0.885456 0.000000
vn -0.464723 -0.885456 0.000000
vn -0.239316 -0.970942 0.000000
vn -0.239316 -0.970942 0.000000
vn 0.000000 -1.000000 0.000000
vn 0.000000 -1.000000 0.000000
vn 0.239316 -0.970942 0.000000
vn 0.239316 -0.970942 0.000000
vn 0.464723 -0.885456 0.000000
vn 0.464723 -0.885456 0.000000
vn 0.663123 -0.748511 0.000000
vn 0.663123 -0.748511 0.000000
vn 0.822984 -0.568065 0.000000
vn 0.822984 -0.568065 0.000000
vn 0.935017 -0.354604 0.000000
vn 0.935017 -0.354604 0.000000
vn 0.992709 -0.120537 0.000000
vn 0.992709 -0.120537 0.000000
vn 0.992709 0.120537 0.000000
vn 0.992709 0.120537 -0.000000
vn 0.935017 0.354604 0.000000
vn 0.935017 0.354604 -0.000000
vn 0.822984 0.568065 0.000000
vn 0.822984 0.568065 -0.000000
vn 0.663123 0.748511 0.000000
vn 0.663123 0.748511 -0.000000
vn 0.464723 0.885456 0.000000
vn 0.464723 0.885456 -0.000000
vn 0.239316 0.970942 -0.000000
vn 0.239316 0.970942 0.000000
vn -0.239316 0.970942 0.000000
vn 0.000000 1.000000 -0.000000
vn 0.000000 1.000000 0.000000
vn -0.239316 0.970942 0.000000
vn -0.464723 0.885456 0.000000
vn -0.464723 0.885456 0.000000
vn -0.663123 0.748511 0.000000
vn -0.663123 0.748511 0.000000
vn -0.822984 0.568065 0.000000
vn -0.822984 0.568065 0.000000
vn -0.935017 0.354604 0.000000
vn -0.935017 0.354604 0.000000
vn -0.992709 0.120537 0.000000
vn -0.992709 0.120537 0.000000
vn -0.992709 -0.120535 0.000000
vn -0.992709 -0.120535 0.000000
vn -0.935016 -0.354605 0.000000
vn -0.935016 -0.354605 0.000000
vn -0.822982 -0.568067 0.000000
vn -0.822982 -0.568067 0.000000
vn -0.663123 -0.748511 0.000000
vn -0.663123 -0.748511 0.000000
vn -0.464725 -0.885455 0.000000
vn -0.464725 -0.885455 0.000000
vn -0.239317 -0.970942 0.000000
vn -0.239317 -0.970942 0.000000
vn 0.000000 -1.000000 0.000000
vn 0.000000 -1.000000 0.000000
vn 0.239317 -0.970942 0.000000
vn 0.239317 -0.970942 0.000000
vn 0.464725 -0.885455 0.000000
vn 0.464725 -0.885455 0.000000
vn 0.663123 -0.748511 0.000000
vn 0.822982 -0.568067 0.000000
vn 0.663123 -0.748511 0.000000
vn 0.822982 -0.568067 0.000000
vn 0.935016 -0.354605 0.000000
vn 0.935016 -0.354605 0.000000
vn 0.992709 -0.120535 0.000000
vn 0.992709 -0.120535 0.000000
vn 0.992709 0.120534 -0.000000
vn 0.992709 0.120534 0.000000
vn 0.935016 0.354605 -0.000000
vn 0.935016 0.354605 0.000000
vn 0.822982 0.568067 -0.000000
vn 0.822982 0.568067 0.000000
vn 0.663123 0.748511 -0.000000
vn 0.663123 0.748511 0.000000
vn 0.464725 0.885455 -0.000000
vn 0.464725 0.885455 0.000000
vn 0.239311 0.970943 -0.000000
vn 0.239311 0.970943 0.000000
vn 0.000000 1.000000 -0.000000
vn 0.000000 1.000000 0.000000
vn -0.239311 0.970943 0.000000
vn -0.239311 0.970943 0.000000
vn -0.464725 0.885455 0.000000
vn -0.663123 0.748511 0.000000
vn -0.464725 0.885455 0.000000
vn -0.663123 0.748511 0.000000
vn -0.822982 0.568067 0.000000
vn -0.822982 0.568067 0.000000
vn -0.935016 0.354605 0.000000
vn -0.935016 0.354605 0.000000
vn -0.992709 0.120534 0.000000
vn -0.992709 0.120534 0.000000
vn 0.000000 0.000000 -1.000000
vn 0.000000 -0.000000 -1.000000
vn 0.000000 0.000000 -1.000000
vn 0.000000 0.000000 -1.000000
vn 0.000000 0.000000 -1.000000
vn 0.000000 -0.000000 -1.000000
vn 0.000000 0.000000 -1.000000
vn 0.000000 0.000000 -1.000000
vn 0.000000 0.000000 -1.000000
vn 0.000000 -0.000000 -1.000000
vn 0.000000 -0.000000 -1.000000
vn 0.000000 0.000000 -1.000000
vn 0.000000 0.000000 -1.000000
vn 0.000000 0.000000 -1.000000
vn 0.000000 -0.000000 -1.000000
vn 0.000000 0.000000 -1.000000
vn 0.000000 0.000000 -1.000000
vn 0.000000 0.000000 -1.000000
vn 0.000000 0.000000 -1.000000
vn 0.000000 0.000000 -1.000000
vn 0.000000 0.000000 -1.000000
vn 0.000000 0.000000 -1.000000
vn 0.000000 0.000000 -1.000000
vn 0.000000 -0.000000 -1.000000
vn 0.000000 0.000000 -1.000000
vn 0.000000 -0.000000 -1.000000
vn 0.000000 0.000000 -1.000000
vn 0.000000 0.000000 -1.000000
vn 0.000000 0.000000 -1.000000
vn 0.000000 0.000000 -1.000000
vn 0.000000 0.000000 -1.000000
vn 0.000000 0.000000 -1.000000
vn 0.000000 0.000000 -1.000000
vn 0.000000 0.000000 -1.000000
vn 0.000000 0.000000 -1.000000
vn 0.000000 0.000000 -1.000000
vn 0.000000 0.000000 -1.000000
vn 0.000000 -0.000000 -1.000000
vn 0.000000 0.000000 -1.000000
vn 0.000000 0.000000 -1.000000
vn 0.000000 0.000000 -1.000000
vn 0.000000 0.000000 -1.000000
vn 0.000000 0.000000 -1.000000
vn 0.000000 -0.000000 -1.000000
vn 0.000000 0.000000 -1.000000
vn 0.000000 0.000000 -1.000000
vn 0.000000 0.000000 -1.000000
vn 0.000000 0.000000 -1.000000
vn 0.000000 -0.000000 -1.000000
vn 0.000000 -0.000000 -1.000000
vn 0.000000 0.000000 -1.000000
vn 0.000000 0.000000 -1.000000
vn 0.000000 0.000000 1.000000
vn 0.000000 0.000000 1.000000
vn 0.000000 0.000000 1.000000
vn 0.000000 0.000000 1.000000
vn 0.000000 0.000000 1.000000
vn 0.000000 0.000000 1.000000
vn 0.000000 0.000000 1.000000
vn 0.000000 0.000000 1.000000
vn 0.000000 0.000000 1.000000
vn 0.000000 0.000000 1.000000
vn 0.000000 0.000000 1.000000
vn 0.000000 0.000000 1.000000
vn 0.000000 0.000000 1.000000
vn 0.000000 0.000000 1.000000
vn 0.000000 0.000000 1.000000
vn 0.000000 0.000000 1.000000
vn 0.000000 0.000000 1.000000
vn 0.000000 0.000000 1.000000
vn 0.000000 0.000000 1.000000
vn 0.000000 0.000000 1.000000
vn 0.000000 0.000000 1.000000
vn 0.000000 0.000000 1.000000
vn 0.000000 0.000000 1.000000
vn 0.000000 0.000000 1.000000
vn 0.000000 0.000000 -1.000000
vn 0.000000 -0.000000 -1.000000
vn 0.000000 0.000000 -1.000000
vn 0.000000 0.000000 -1.000000
vn 0.000000 0.000000 -1.000000
vn 0.000000 -0.000000 -1.000000
vn 0.000000 0.000000 -1.000000
vn 0.000000 0.000000 -1.000000
vn 0.000000 0.000000 -1.000000
vn 0.000000 -0.000000 -1.000000
vn 0.000000 0.000000 -1.000000
vn 0.000000 0.000000 -1.000000
vn 0.000000 0.000000 -1.000000
vn 0.000000 -0.000000 -1.000000
vn 0.000000 -0.000000 -1.000000
vn 0.000000 0.000000 -1.000000
vn 0.000000 0.000000 -1.000000
vn 0.000000 0.000000 -1.000000
vn 0.000000 -0.000000 -1.000000
vn 0.000000 0.000000 -1.000000
vn 0.000000 0.000000 -1.000000
vn 0.000000 0.000000 -1.000000
vn 0.000000 -0.000000 -1.000000
vn 0.000000 0.000000 -1.000000
vn 0.000000 0.000000 -1.000000
vn 0.000000 -0.000000 -1.000000
vn 0.000000 0.000000 -1.000000
vn 0.000000 0.000000 -1.000000
vn 0.000000 0.000000 -1.000000
vn 0.000000 -0.000000 -1.000000
vn 0.000000 0.000000 -1.000000
vn 0.000000 0.000000 -1.000000
vn 0.000000 -0.000000 -1.000000
vn 0.000000 0.000000 -1.000000
vn 0.000000 0.000000 -1.000000
vn 0.000000 0.000000 -1.000000
vn 0.000000 0.000000 -1.000000
vn 0.000000 -0.000000 -1.000000
vn 0.000000 0.000000 -1.000000
vn 0.000000 0.000000 -1.000000
vn 0.000000 0.000000 -1.000000
vn 0.000000 0.000000 -1.000000
vn 0.000000 0.000000 -1.000000
vn 0.000000 0.000000 -1.000000
vn 0.000000 -0.000000 -1.000000
vn 0.000000 0.000000 -1.000000
vn 0.000000 0.000000 -1.000000
vn 0.000000 0.000000 -1.000000
vn 0.000000 -0.000000 -1.000000
vn 0.000000 0.000000 -1.000000
vn 0.000000 0.000000 -1.000000
vn 0.000000 -0.000000 -1.000000
vn 0.000000 0.000000 1.000000
vn 0.000000 0.000000 1.000000
vn 0.000000 0.000000 1.000000
vn 0.000000 0.000000 1.000000
vn 0.000000 0.000000 1.000000
vn 0.000000 0.000000 1.000000
vn 0.000000 0.000000 1.000000
vn 0.000000 0.000000 1.000000
vn 0.000000 0.000000 1.000000
vn 0.000000 0.000000 1.000000
vn 0.000000 0.000000 1.000000
vn 0.000000 0.000000 1.000000
vn 0.000000 0.000000 1.000000
vn 0.000000 0.000000 1.000000
vn 0.000000 0.000000 1.000000
vn 0.000000 0.000000 1.000000
vn 0.000000 0.000000 1.000000
vn 0.000000 0.000000 1.000000
vn 0.000000 0.000000 1.000000
vn 0.000000 0.000000 1.000000
vn 0.000000 0.000000 1.000000
vn 0.000000 0.000000 1.000000
vn 0.000000 0.000000 1.000000
vn 0.000000 0.000000 1.000000
vn -0.706667 -0.035267 0.706667
vn -0.683673 -0.083013 0.725052
vn -0.691840 -0.104280 0.714481
vn -0.728544 -0.088461 0.679263
vn -0.706666 -0.035270 0.706667
vn -0.706667 -0.035270 0.706666
vn -0.706668 -0.035267 0.706666
vn -0.688796 -0.175387 0.703420
vn -0.710718 -0.107122 0.695273
vn -0.699645 -0.105453 0.706666
vn -0.699643 -0.105456 0.706668
vn -0.645148 -0.244673 0.723823
vn -0.653705 -0.237930 0.718373
vn -0.685667 -0.174591 0.706667
vn -0.685666 -0.174592 0.706668
vn -0.681313 -0.173483 0.711137
vn -0.639027 -0.307739 0.704941
vn -0.684771 -0.259699 0.680915
vn -0.680833 -0.247805 0.689245
vn -0.664875 -0.241996 0.706667
vn -0.664876 -0.241996 0.706667
vn -0.566289 -0.390881 0.725623
vn -0.601748 -0.367721 0.708999
vn -0.637477 -0.306992 0.706667
vn -0.635316 -0.305950 0.709061
vn -0.637478 -0.306992 0.706667
vn -0.560428 -0.424508 0.711136
vn -0.604574 -0.417307 0.678488
vn -0.603743 -0.368940 0.706667
vn -0.603742 -0.368941 0.706667
vn -0.606546 -0.370654 0.703362
vn -0.458489 -0.517527 0.722463
vn -0.520575 -0.483022 0.704054
vn -0.564008 -0.427220 0.706667
vn -0.569058 -0.431046 0.700266
vn -0.564008 -0.427220 0.706667
vn -0.458072 -0.519058 0.721630
vn -0.484531 -0.546922 0.682720
vn -0.516012 -0.478788 0.710277
vn -0.518669 -0.481253 0.706667
vn -0.518669 -0.481254 0.706667
vn -0.414670 -0.576770 0.703836
vn -0.468174 -0.530505 0.706667
vn -0.468173 -0.530505 0.706667
vn -0.482685 -0.546949 0.684004
vn -0.319812 -0.609352 0.725541
vn -0.351130 -0.608176 0.711920
vn -0.410735 -0.571298 0.710574
vn -0.413026 -0.574484 0.706667
vn -0.413026 -0.574484 0.706667
vn -0.290309 -0.643386 0.708361
vn -0.357506 -0.619219 0.699112
vn -0.341344 -0.650375 0.678599
vn -0.353773 -0.612753 0.706667
vn -0.291006 -0.644932 0.706667
vn -0.353773 -0.612753 0.706667
vn -0.225772 -0.671980 0.705315
vn -0.165032 -0.669560 0.724192
vn -0.291984 -0.647102 0.704276
vn -0.225343 -0.670703 0.706667
vn -0.291005 -0.644933 0.706667
vn -0.155034 -0.679244 0.717351
vn -0.175375 -0.711528 0.680420
vn -0.224744 -0.668918 0.708547
vn -0.225344 -0.670703 0.706667
vn -0.157445 -0.689806 0.706667
vn -0.088387 -0.705316 0.703361
vn -0.160881 -0.704868 0.690854
vn -0.157444 -0.689807 0.706667
vn -0.087979 -0.702056 0.706667
vn 0.000000 -0.688953 0.724806
vn -0.017419 -0.698493 0.715405
vn -0.087410 -0.697516 0.711218
vn -0.087979 -0.702055 0.706667
vn 0.052912 -0.706055 0.706177
vn -0.017640 -0.707326 0.706667
vn -0.017640 -0.707327 0.706667
vn -0.017953 -0.719880 0.693866
vn 0.000000 -0.733590 0.679593
vn 0.122772 -0.696279 0.707193
vn 0.164764 -0.668473 0.725256
vn 0.052876 -0.705568 0.706667
vn 0.052876 -0.705568 0.706667
vn 0.052825 -0.704888 0.707349
vn 0.189741 -0.674376 0.713593
vn 0.175693 -0.712818 0.678986
vn 0.122864 -0.696797 0.706667
vn 0.122992 -0.697524 0.705927
vn 0.191633 -0.681101 0.706667
vn 0.122864 -0.696797 0.706667
vn 0.259639 -0.661549 0.703520
vn 0.194312 -0.690628 0.696617
vn 0.191632 -0.681101 0.706667
vn 0.316870 -0.618076 0.719427
vn 0.320852 -0.611334 0.723412
vn 0.258496 -0.658636 0.706667
vn 0.256903 -0.654579 0.711004
vn 0.258495 -0.658636 0.706667
vn 0.384989 -0.596082 0.704606
vn 0.331265 -0.646152 0.687569
vn 0.340109 -0.648023 0.681464
vn 0.322791 -0.629626 0.706667
vn 0.322791 -0.629625 0.706667
vn 0.439267 -0.550823 0.709675
vn 0.456262 -0.515012 0.725664
vn 0.383876 -0.594358 0.706667
vn 0.383876 -0.594358 0.706667
vn 0.382322 -0.591953 0.709522
vn 0.491426 -0.503835 0.710388
vn 0.487172 -0.549903 0.678432
vn 0.441148 -0.553182 0.706667
vn 0.441148 -0.553183 0.706666
vn 0.443796 -0.556501 0.702390
vn 0.568592 -0.392471 0.722959
vn 0.543809 -0.456309 0.704311
vn 0.497710 -0.510277 0.701358
vn 0.494035 -0.506510 0.706666
vn 0.494035 -0.506509 0.706666
vn 0.572948 -0.390630 0.720513
vn 0.601841 -0.415421 0.682065
vn 0.539506 -0.452700 0.709927
vn 0.542013 -0.454801 0.706667
vn 0.542012 -0.454803 0.706666
vn 0.624011 -0.339817 0.703658
vn 0.601311 -0.409967 0.685822
vn 0.584602 -0.398576 0.706666
vn 0.584603 -0.398575 0.706667
vn 0.643579 -0.244078 0.725419
vn 0.646351 -0.272459 0.712739
vn 0.617722 -0.336395 0.710815
vn 0.621383 -0.338386 0.706667
vn 0.621383 -0.338388 0.706666
vn 0.651987 -0.274835 0.706667
vn 0.675069 -0.208232 0.707758
vn 0.686635 -0.260406 0.678764
vn 0.651986 -0.274836 0.706668
vn 0.659961 -0.278197 0.697895
vn 0.684229 -0.083080 0.724520
vn 0.694436 -0.140383 0.705727
vn 0.677576 -0.209003 0.705130
vn 0.676112 -0.208554 0.706667
vn 0.676112 -0.208552 0.706667
vn 0.693518 -0.140197 0.706667
vn 0.694263 -0.069471 0.716361
vn 0.727885 -0.088381 0.679979
vn 0.692233 -0.139939 0.707976
vn 0.693517 -0.140198 0.706667
vn 0.710852 0.000000 0.703341
vn 0.704030 -0.070449 0.706667
vn 0.717934 -0.071839 0.692394
vn 0.704030 -0.070448 0.706667
vn 0.707546 0.000000 0.706667
vn 0.684229 0.083080 0.724520
vn 0.694263 0.069471 0.716361
vn 0.704030 0.070449 0.706667
vn 0.702944 0.000000 0.711245
vn 0.707546 0.000000 0.706667
vn 0.694437 0.140383 0.705727
vn 0.717934 0.071839 0.692394
vn 0.727885 0.088381 0.679979
vn 0.693517 0.140197 0.706667
vn 0.704030 0.070448 0.706667
vn 0.643579 0.244078 0.725419
vn 0.675069 0.208232 0.707758
vn 0.692233 0.139939 0.707976
vn 0.693517 0.140198 0.706667
vn 0.646351 0.272459 0.712739
vn 0.677576 0.209003 0.705130
vn 0.686635 0.260406 0.678764
vn 0.676112 0.208552 0.706667
vn 0.676111 0.208553 0.706668
vn 0.624011 0.339817 0.703658
vn 0.651987 0.274835 0.706667
vn 0.651986 0.274836 0.706668
vn 0.659961 0.278197 0.697895
vn 0.621383 0.338386 0.706667
vn 0.572948 0.390630 0.720513
vn 0.568592 0.392471 0.722959
vn 0.617722 0.336395 0.710815
vn 0.621383 0.338388 0.706666
vn 0.584602 0.398576 0.706666
vn 0.543809 0.456309 0.704311
vn 0.601841 0.415421 0.682065
vn 0.601311 0.409967 0.685822
vn 0.584603 0.398575 0.706667
vn 0.491426 0.503835 0.710388
vn 0.456262 0.515012 0.725664
vn 0.542013 0.454802 0.706666
vn 0.539506 0.452700 0.709927
vn 0.542012 0.454802 0.706667
vn 0.439267 0.550823 0.709675
vn 0.487172 0.549903 0.678433
vn 0.497710 0.510277 0.701358
vn 0.494035 0.506510 0.706666
vn 0.494035 0.506509 0.706666
vn 0.320852 0.611334 0.723412
vn 0.384989 0.596082 0.704606
vn 0.443796 0.556501 0.702390
vn 0.441148 0.553182 0.706667
vn 0.441149 0.553182 0.706666
vn 0.316870 0.618076 0.719427
vn 0.340109 0.648023 0.681464
vn 0.382322 0.591953 0.709522
vn 0.383876 0.594358 0.706667
vn 0.383876 0.594358 0.706667
vn 0.322791 0.629626 0.706667
vn 0.259639 0.661549 0.703520
vn 0.331265 0.646152 0.687569
vn 0.322791 0.629625 0.706667
vn 0.164764 0.668473 0.725256
vn 0.189741 0.674376 0.713593
vn 0.256903 0.654579 0.711004
vn 0.258496 0.658636 0.706667
vn 0.258495 0.658636 0.706667
vn 0.191633 0.681101 0.706667
vn 0.122772 0.696279 0.707193
vn 0.175693 0.712818 0.678986
vn 0.194312 0.690628 0.696617
vn 0.191632 0.681101 0.706667
vn 0.122864 0.696797 0.706667
vn -0.000000 0.688953 0.724806
vn 0.052912 0.706055 0.706177
vn 0.122992 0.697524 0.705927
vn 0.122864 0.696797 0.706667
vn -0.017419 0.698493 0.715405
vn 0.000000 0.733590 0.679593
vn 0.052825 0.704888 0.707349
vn 0.052876 0.705568 0.706667
vn 0.052876 0.705568 0.706667
vn -0.088387 0.705316 0.703361
vn -0.017953 0.719880 0.693866
vn -0.017640 0.707327 0.706667
vn -0.017640 0.707326 0.706667
vn -0.087978 0.702055 0.706667
vn -0.155034 0.679244 0.717351
vn -0.165032 0.669560 0.724192
vn -0.087410 0.697516 0.711218
vn -0.087979 0.702056 0.706667
vn -0.225772 0.671980 0.705315
vn -0.225343 0.670703 0.706667
vn -0.157444 0.689807 0.706667
vn -0.175375 0.711528 0.680420
vn -0.157445 0.689806 0.706667
vn -0.160881 0.704868 0.690854
vn -0.319812 0.609352 0.725541
vn -0.290309 0.643386 0.708361
vn -0.225344 0.670703 0.706667
vn -0.224744 0.668918 0.708547
vn -0.351130 0.608176 0.711920
vn -0.291006 0.644932 0.706667
vn -0.291005 0.644933 0.706667
vn -0.353773 0.612753 0.706667
vn -0.291984 0.647102 0.704276
vn -0.341344 0.650375 0.678599
vn -0.414670 0.576770 0.703836
vn -0.353773 0.612753 0.706667
vn -0.357506 0.619219 0.699112
vn -0.458072 0.519058 0.721630
vn -0.458489 0.517527 0.722463
vn -0.413026 0.574484 0.706667
vn -0.413026 0.574484 0.706667
vn -0.410735 0.571298 0.710574
vn -0.468174 0.530505 0.706667
vn -0.520575 0.483022 0.704054
vn -0.484531 0.546922 0.682720
vn -0.468173 0.530505 0.706667
vn -0.482685 0.546949 0.684004
vn -0.560428 0.424508 0.711136
vn -0.566289 0.390881 0.725623
vn -0.518669 0.481254 0.706667
vn -0.518669 0.481253 0.706667
vn -0.516012 0.478788 0.710277
vn -0.601748 0.367721 0.708999
vn -0.569058 0.431046 0.700266
vn -0.604574 0.417307 0.678488
vn -0.564008 0.427220 0.706667
vn -0.564008 0.427220 0.706667
vn -0.639027 0.307739 0.704941
vn -0.645148 0.244673 0.723823
vn -0.606546 0.370654 0.703362
vn -0.603743 0.368940 0.706667
vn -0.603742 0.368941 0.706667
vn -0.653705 0.237930 0.718373
vn -0.684771 0.259699 0.680915
vn -0.635316 0.305950 0.709061
vn -0.637478 0.306991 0.706667
vn -0.637478 0.306993 0.706667
vn -0.688796 0.175387 0.703420
vn -0.664876 0.241995 0.706667
vn -0.680833 0.247805 0.689245
vn -0.664876 0.241996 0.706667
vn -0.683673 0.083013 0.725052
vn -0.706667 0.035267 0.706667
vn -0.691840 0.104280 0.714481
vn -0.681313 0.173483 0.711137
vn -0.685667 0.174592 0.706667
vn -0.685667 0.174590 0.706668
vn -0.728544 0.088461 0.679263
vn -0.706666 0.035270 0.706667
vn -0.706667 0.035270 0.706666
vn -0.710718 0.107122 0.695273
vn -0.706667 0.035267 0.706666
vn -0.699644 0.105456 0.706666
vn -0.699643 0.105453 0.706668
vn -0.992709 -0.120536 -0.000000
vn -0.992709 -0.120536 0.000000
vn -0.935016 -0.354605 0.000000
vn -0.935016 -0.354605 -0.000000
vn -0.822984 -0.568065 0.000000
vn -0.822984 -0.568065 -0.000000
vn -0.663123 -0.748510 0.000000
vn -0.663123 -0.748510 -0.000000
vn -0.464722 -0.885456 0.000000
vn -0.464722 -0.885456 -0.000000
vn -0.239316 -0.970942 0.000000
vn -0.239316 -0.970942 -0.000000
vn 0.000000 -1.000000 0.000000
vn -0.000000 -1.000000 -0.000000
vn 0.239316 -0.970942 0.000000
vn 0.239316 -0.970942 0.000000
vn 0.464722 -0.885456 0.000000
vn 0.464722 -0.885456 0.000000
vn 0.663123 -0.748510 0.000000
vn 0.663123 -0.748510 0.000000
vn 0.822984 -0.568065 0.000000
vn 0.822984 -0.568065 0.000000
vn 0.935016 -0.354605 0.000000
vn 0.935016 -0.354605 0.000000
vn 0.992709 -0.120536 0.000000
vn 0.992709 -0.120536 0.000000
vn 0.992709 0.120536 0.000000
vn 0.992709 0.120536 0.000000
vn 0.935016 0.354605 0.000000
vn 0.935016 0.354605 0.000000
vn 0.822984 0.568065 0.000000
vn 0.822984 0.568065 0.000000
vn 0.663123 0.748510 0.000000
vn 0.663123 0.748510 0.000000
vn 0.464722 0.885456 0.000000
vn 0.464722 0.885456 0.000000
vn 0.239316 0.970942 0.000000
vn 0.239316 0.970942 0.000000
vn -0.000000 1.000000 0.000000
vn 0.000000 1.000000 0.000000
vn -0.239316 0.970942 0.000000
vn -0.239316 0.970942 0.000000
vn -0.464722 0.885456 0.000000
vn -0.464722 0.885456 0.000000
vn -0.663123 0.748510 0.000000
vn -0.663123 0.748510 0.000000
vn -0.822984 0.568065 0.000000
vn -0.822984 0.568065 0.000000
vn -0.935016 0.354605 0.000000
vn -0.935016 0.354605 0.000000
vn -0.992709 0.120536 0.000000
vn -0.992709 0.120536 0.000000
vn 0.000000 0.000000 1.000000
vn 0.000000 0.000000 1.000000
vn 0.000000 0.000000 1.000000
vn 0.000000 0.000000 1.000000
vn 0.000000 0.000000 1.000000
vn 0.000000 0.000000 1.000000
vn 0.000000 0.000000 1.000000
vn 0.000000 0.000000 1.000000
vn 0.000000 0.000000 1.000000
vn 0.000000 0.000000 1.000000
vn 0.000000 0.000000 1.000000
vn 0.000000 0.000000 1.000000
vn 0.000000 0.000000 1.000000
vn 0.000000 0.000000 1.000000
vn 0.000000 0.000000 1.000000
vn 0.000000 0.000000 1.000000
vn 0.000000 0.000000 1.000000
vn 0.000000 0.000000 1.000000
vn 0.000000 0.000000 1.000000
vn 0.000000 0.000000 1.000000
vn 0.000000 0.000000 1.000000
vn 0.000000 0.000000 1.000000
vn 0.000000 0.000000 1.000000
vn 0.000000 0.000000 1.000000
vn 0.000000 0.000000 1.000000
vn 0.000000 0.000000 1.000000
vn 0.000000 0.000000 1.000000
vn 0.000000 0.000000 1.000000
vn 0.000000 0.000000 1.000000
vn 0.000000 0.000000 1.000000
vn 0.000000 0.000000 1.000000
vn 0.000000 0.000000 1.000000
vn 0.000000 0.000000 1.000000
vn 0.000000 0.000000 1.000000
vn 0.000000 0.000000 1.000000
vn 0.000000 0.000000 1.000000
vn 0.000000 0.000000 1.000000
vn 0.000000 0.000000 1.000000
vn 0.000000 0.000000 1.000000
vn 0.000000 0.000000 1.000000
vn 0.000000 0.000000 1.000000
vn 0.000000 0.000000 1.000000
vn 0.000000 0.000000 1.000000
vn 0.000000 0.000000 1.000000
vn 0.000000 0.000000 1.000000
vn 0.000000 0.000000 1.000000
vn 0.000000 0.000000 1.000000
vn 0.000000 0.000000 1.000000
vn 0.000000 0.000000 1.000000
vn 0.000000 0.000000 1.000000
vn 0.000000 0.000000 1.000000
vn 0.000000 0.000000 1.000000
vn -0.992709 -0.120536 0.000000
vn -0.992709 -0.120536 0.000000
vn -0.935016 -0.354605 0.000000
vn -0.935016 -0.354605 0.000000
vn -0.822984 -0.568065 0.000000
vn -0.822984 -0.568065 0.000000
vn -0.663122 -0.748511 0.000000
vn -0.663122 -0.748511 0.000000
vn -0.464723 -0.885456 0.000000
vn -0.464723 -0.885456 0.000000
vn -0.239316 -0.970942 0.000000
vn -0.239316 -0.970942 0.000000
vn 0.000000 -1.000000 0.000000
vn 0.000000 -1.000000 0.000000
vn 0.239316 -0.970942 0.000000
vn 0.239316 -0.970942 0.000000
vn 0.464723 -0.885456 0.000000
vn 0.464723 -0.885456 0.000000
vn 0.663122 -0.748511 0.000000
vn 0.663122 -0.748511 0.000000
vn 0.822984 -0.568065 0.000000
vn 0.822984 -0.568065 0.000000
vn 0.935016 -0.354605 0.000000
vn 0.935016 -0.354605 0.000000
vn 0.992709 -0.120536 0.000000
vn 0.992709 -0.120536 0.000000
vn 0.935016 0.354605 -0.000000
vn 0.992709 0.120536 -0.000000
vn 0.992709 0.120536 0.000000
vn 0.822984 0.568065 -0.000000
vn 0.935016 0.354605 -0.000000
vn 0.822984 0.568065 -0.000000
vn 0.663122 0.748511 -0.000000
vn 0.663122 0.748511 0.000000
vn 0.464723 0.885456 -0.000000
vn 0.464723 0.885456 0.000000
vn 0.239316 0.970942 -0.000000
vn 0.239316 0.970942 0.000000
vn 0.000000 1.000000 -0.000000
vn 0.000000 1.000000 0.000000
vn -0.239316 0.970942 0.000000
vn -0.239316 0.970942 0.000000
vn -0.464723 0.885456 0.000000
vn -0.464723 0.885456 0.000000
vn -0.663122 0.748511 0.000000
vn -0.663122 0.748511 0.000000
vn -0.822984 0.568065 0.000000
vn -0.822984 0.568065 0.000000
vn -0.935016 0.354605 0.000000
vn -0.935016 0.354605 0.000000
vn -0.992709 0.120536 0.000000
vn -0.992709 0.120536 0.000000
f 1//1 2//1 3//1
f 4//2 5//2 1//2
f 1//3 6//3 2//3
f 5//4 7//4 1//4
f 8//5 9//5 4//5
f 8//6 10//6 9//6
f 8//7 3//7 11//7
f 8//8 11//8 12//8
f 8//9 1//9 3//9
f 8//10 4//10 1//10
f 13//11 14//11 10//11
f 13//12 12//12 15//12
f 13//13 10//13 8//13
f 13//14 8//14 12//14
f 16//15 14//15 13//15
f 16//16 17//16 14//16
f 16//17 13//17 15//17
f 16//18 18//18 17//18
f 16//19 15//19 19//19
f 16//20 19//20 20//20
f 21//21 22//21 18//21
f 21//22 23//22 22//22
f 21//23 20//23 24//23
f 21//24 24//24 25//24
f 21//25 18//25 16//25
f 21//26 16//26 20//26
f 26//27 27//27 23//27
f 26//28 28//28 27//28
f 26//29 25//29 29//29
f 26//30 29//30 30//30
f 26//31 21//31 25//31
f 26//32 23//32 21//32
f 31//33 32//33 28//33
f 31//34 30//34 33//34
f 31//35 26//35 30//35
f 31//36 28//36 26//36
f 34//37 32//37 31//37
f 34//38 35//38 32//38
f 34//39 36//39 35//39
f 34//40 31//40 33//40
f 34//41 33//41 37//41
f 34//42 37//42 38//42
f 39//43 40//43 36//43
f 39//44 41//44 40//44
f 39//45 38//45 42//45
f 39//46 42//46 43//46
f 39//47 36//47 34//47
f 39//48 34//48 38//48
f 44//49 41//49 39//49
f 44//50 39//50 43//50
f 44//51 45//51 41//51
f 44//52 43//52 46//52
f 47//53 48//53 45//53
f 47//54 49//54 48//54
f 47//55 46//55 50//55
f 47//56 50//56 51//56
f 47//57 45//57 44//57
f 47//58 44//58 46//58
f 52//59 47//59 51//59
f 52//60 53//60 49//60
f 52//61 54//61 53//61
f 52//62 51//62 55//62
f 52//63 55//63 56//63
f 52//64 49//64 47//64
f 57//65 58//65 54//65
f 57//66 59//66 58//66
f 57//67 56//67 60//67
f 57//68 60//68 61//68
f 57//69 54//69 52//69
f 57//70 52//70 56//70
f 62//71 57//71 61//71
f 62//72 63//72 59//72
f 62//73 61//73 64//73
f 62//74 59//74 57//74
f 65//75 63//75 62//75
f 65//76 66//76 63//76
f 65//77 62//77 64//77
f 65//78 7//78 66//78
f 65//79 64//79 67//79
f 65//80 67//80 6//80
f 65//81 6//81 1//81
f 65//82 1//82 7//82
f 68//83 69//83 5//83
f 68//84 5//84 4//84
f 70//85 4//85 9//85
f 70//86 68//86 4//86
f 71//87 9//87 10//87
f 71//88 70//88 9//88
f 72//89 10//89 14//89
f 72//90 71//90 10//90
f 73//91 14//91 17//91
f 73//92 17//92 18//92
f 73//93 72//93 14//93
f 74//94 73//94 18//94
f 75//95 18//95 22//95
f 75//96 74//96 18//96
f 76//97 22//97 23//97
f 76//98 23//98 27//98
f 76//99 75//99 22//99
f 77//100 76//100 27//100
f 78//101 27//101 28//101
f 78//102 77//102 27//102
f 79//103 78//103 28//103
f 79//104 28//104 32//104
f 79//105 32//105 35//105
f 80//106 79//106 35//106
f 81//107 80//107 35//107
f 81//108 35//108 36//108
f 81//109 36//109 40//109
f 82//110 81//110 40//110
f 83//111 82//111 40//111
f 83//112 40//112 41//112
f 84//113 83//113 41//113
f 84//114 41//114 45//114
f 84//115 45//115 48//115
f 85//116 84//116 48//116
f 86//117 85//117 48//117
f 86//118 48//118 49//118
f 87//119 86//119 49//119
f 87//120 49//120 53//120
f 88//121 87//121 53//121
f 88//122 53//122 54//122
f 88//123 54//123 58//123
f 89//124 88//124 58//124
f 90//125 89//125 58//125
f 90//126 58//126 59//126
f 90//127 59//127 63//127
f 91//128 90//128 63//128
f 92//129 91//129 63//129
f 92//130 63//130 66//130
f 93//131 66//131 7//131
f 93//132 7//132 5//132
f 93//133 92//133 66//133
f 69//134 93//134 5//134
f 3//135 2//135 94//135
f 3//136 94//136 95//136
f 11//137 95//137 96//137
f 11//138 3//138 95//138
f 12//139 96//139 97//139
f 12//140 11//140 96//140
f 15//141 97//141 98//141
f 15//142 98//142 99//142
f 15//143 12//143 97//143
f 19//144 15//144 99//144
f 20//145 99//145 100//145
f 20//146 100//146 101//146
f 20//147 19//147 99//147
f 24//148 20//148 101//148
f 25//149 101//149 102//149
f 25//150 24//150 101//150
f 29//151 102//151 103//151
f 29//152 103//152 104//152
f 29//153 25//153 102//153
f 30//154 29//154 104//154
f 33//155 30//155 104//155
f 33//156 104//156 105//156
f 37//157 33//157 105//157
f 37//158 105//158 106//158
f 37//159 106//159 107//159
f 38//160 37//160 107//160
f 42//161 38//161 107//161
f 42//162 107//162 108//162
f 43//163 42//163 108//163
f 43//164 108//164 109//164
f 43//165 109//165 110//165
f 46//166 43//166 110//166
f 50//167 46//167 110//167
f 50//168 110//168 111//168
f 51//169 50//169 111//169
f 51//170 111//170 112//170
f 55//171 51//171 112//171
f 55//172 112//172 113//172
f 56//173 55//173 113//173
f 56//174 113//174 114//174
f 56//175 114//175 115//175
f 60//176 56//176 115//176
f 61//177 60//177 115//177
f 61//178 115//178 116//178
f 61//179 116//179 117//179
f 64//180 61//180 117//180
f 67//181 117//181 118//181
f 67//182 118//182 119//182
f 67//183 64//183 117//183
f 6//184 67//184 119//184
f 2//185 119//185 94//185
f 2//186 6//186 119//186
f 120//187 121//187 69//187
f 120//188 69//188 68//188
f 122//189 120//189 68//189
f 123//190 124//190 125//190
f 123//191 126//191 121//191
f 123//192 125//192 126//192
f 123//193 121//193 120//193
f 127//194 122//194 68//194
f 128//195 124//195 123//195
f 128//196 120//196 122//196
f 128//197 123//197 120//197
f 129//198 68//198 70//198
f 129//199 127//199 68//199
f 130//200 122//200 127//200
f 130//201 124//201 128//201
f 130//202 128//202 122//202
f 131//203 129//203 70//203
f 132//204 133//204 124//204
f 132//205 130//205 127//205
f 132//206 127//206 129//206
f 132//207 124//207 130//207
f 134//208 131//208 70//208
f 134//209 70//209 71//209
f 135//210 129//210 131//210
f 135//211 133//211 132//211
f 135//212 132//212 129//212
f 136//213 134//213 71//213
f 137//214 138//214 133//214
f 137//215 133//215 135//215
f 137//216 135//216 131//216
f 137//217 131//217 134//217
f 139//218 71//218 72//218
f 139//219 136//219 71//219
f 140//220 137//220 134//220
f 140//221 134//221 136//221
f 140//222 138//222 137//222
f 141//223 139//223 72//223
f 142//224 143//224 138//224
f 142//225 139//225 141//225
f 142//226 136//226 139//226
f 142//227 140//227 136//227
f 142//228 138//228 140//228
f 144//229 141//229 72//229
f 145//230 143//230 142//230
f 145//231 142//231 141//231
f 146//232 144//232 72//232
f 146//233 72//233 73//233
f 147//234 145//234 141//234
f 147//235 141//235 144//235
f 147//236 144//236 146//236
f 147//237 143//237 145//237
f 148//238 146//238 73//238
f 149//239 150//239 143//239
f 149//240 143//240 147//240
f 149//241 147//241 146//241
f 151//242 73//242 74//242
f 151//243 148//243 73//243
f 152//244 146//244 148//244
f 152//245 149//245 146//245
f 152//246 150//246 149//246
f 153//247 151//247 74//247
f 154//248 155//248 150//248
f 154//249 148//249 151//249
f 154//250 152//250 148//250
f 154//251 150//251 152//251
f 156//252 153//252 74//252
f 157//253 155//253 154//253
f 157//254 151//254 153//254
f 157//255 154//255 151//255
f 157//256 153//256 156//256
f 158//257 74//257 75//257
f 158//258 156//258 74//258
f 159//259 155//259 157//259
f 159//260 157//260 156//260
f 160//261 158//261 75//261
f 161//262 156//262 158//262
f 161//263 155//263 159//263
f 161//264 162//264 155//264
f 161//265 159//265 156//265
f 163//266 160//266 75//266
f 163//267 75//267 76//267
f 164//268 161//268 158//268
f 164//269 162//269 161//269
f 164//270 158//270 160//270
f 165//271 163//271 76//271
f 166//272 160//272 163//272
f 166//273 167//273 162//273
f 166//274 164//274 160//274
f 166//275 162//275 164//275
f 168//276 165//276 76//276
f 169//277 167//277 166//277
f 169//278 166//278 163//278
f 169//279 163//279 165//279
f 170//280 168//280 76//280
f 170//281 76//281 77//281
f 171//282 167//282 169//282
f 171//283 165//283 168//283
f 171//284 169//284 165//284
f 172//285 170//285 77//285
f 173//286 167//286 171//286
f 173//287 174//287 167//287
f 173//288 168//288 170//288
f 173//289 171//289 168//289
f 175//290 172//290 77//290
f 175//291 77//291 78//291
f 176//292 174//292 173//292
f 176//293 170//293 172//293
f 176//294 173//294 170//294
f 177//295 175//295 78//295
f 178//296 179//296 174//296
f 178//297 174//297 176//297
f 178//298 172//298 175//298
f 178//299 176//299 172//299
f 180//300 78//300 79//300
f 180//301 177//301 78//301
f 181//302 175//302 177//302
f 181//303 178//303 175//303
f 181//304 179//304 178//304
f 182//305 180//305 79//305
f 183//306 184//306 179//306
f 183//307 177//307 180//307
f 183//308 181//308 177//308
f 183//309 179//309 181//309
f 185//310 182//310 79//310
f 186//311 184//311 183//311
f 186//312 180//312 182//312
f 186//313 183//313 180//313
f 187//314 79//314 80//314
f 187//315 185//315 79//315
f 188//316 184//316 186//316
f 188//317 182//317 185//317
f 188//318 186//318 182//318
f 188//319 185//319 187//319
f 189//320 187//320 80//320
f 190//321 191//321 184//321
f 190//322 184//322 188//322
f 190//323 188//323 187//323
f 192//324 80//324 81//324
f 192//325 189//325 80//325
f 193//326 191//326 190//326
f 193//327 187//327 189//327
f 193//328 190//328 187//328
f 194//329 192//329 81//329
f 195//330 196//330 191//330
f 195//331 191//331 193//331
f 195//332 189//332 192//332
f 195//333 193//333 189//333
f 195//334 192//334 194//334
f 197//335 194//335 81//335
f 198//336 196//336 195//336
f 198//337 195//337 194//337
f 198//338 194//338 197//338
f 199//339 81//339 82//339
f 199//340 197//340 81//340
f 200//341 198//341 197//341
f 200//342 196//342 198//342
f 201//343 199//343 82//343
f 202//344 200//344 197//344
f 202//345 203//345 196//345
f 202//346 197//346 199//346
f 202//347 196//347 200//347
f 204//348 201//348 82//348
f 204//349 82//349 83//349
f 205//350 199//350 201//350
f 205//351 201//351 204//351
f 205//352 203//352 202//352
f 205//353 202//353 199//353
f 206//354 204//354 83//354
f 207//355 205//355 204//355
f 207//356 203//356 205//356
f 207//357 208//357 203//357
f 207//358 204//358 206//358
f 209//359 206//359 83//359
f 210//360 208//360 207//360
f 210//361 207//361 206//361
f 210//362 206//362 209//362
f 211//363 209//363 83//363
f 211//364 83//364 84//364
f 212//365 208//365 210//365
f 212//366 210//366 209//366
f 213//367 211//367 84//367
f 214//368 215//368 208//368
f 214//369 208//369 212//369
f 214//370 209//370 211//370
f 214//371 212//371 209//371
f 216//372 213//372 84//372
f 216//373 84//373 85//373
f 217//374 215//374 214//374
f 217//375 211//375 213//375
f 217//376 214//376 211//376
f 217//377 213//377 216//377
f 218//378 216//378 85//378
f 219//379 220//379 215//379
f 219//380 215//380 217//380
f 219//381 217//381 216//381
f 221//382 85//382 86//382
f 221//383 218//383 85//383
f 222//384 220//384 219//384
f 222//385 216//385 218//385
f 222//386 219//386 216//386
f 222//387 218//387 221//387
f 223//388 221//388 86//388
f 224//389 225//389 220//389
f 224//390 220//390 222//390
f 224//391 222//391 221//391
f 226//392 223//392 86//392
f 227//393 225//393 224//393
f 227//394 221//394 223//394
f 227//395 224//395 221//395
f 227//396 223//396 226//396
f 228//397 86//397 87//397
f 228//398 226//398 86//398
f 229//399 225//399 227//399
f 229//400 227//400 226//400
f 230//401 228//401 87//401
f 231//402 232//402 225//402
f 231//403 225//403 229//403
f 231//404 226//404 228//404
f 231//405 229//405 226//405
f 233//406 87//406 88//406
f 233//407 230//407 87//407
f 234//408 232//408 231//408
f 234//409 228//409 230//409
f 234//410 231//410 228//410
f 235//411 233//411 88//411
f 236//412 237//412 232//412
f 236//413 232//413 234//413
f 236//414 230//414 233//414
f 236//415 234//415 230//415
f 238//416 235//416 88//416
f 239//417 237//417 236//417
f 239//418 233//418 235//418
f 239//419 236//419 233//419
f 239//420 235//420 238//420
f 240//421 88//421 89//421
f 240//422 238//422 88//422
f 241//423 239//423 238//423
f 241//424 237//424 239//424
f 242//425 240//425 89//425
f 243//426 241//426 238//426
f 243//427 244//427 237//427
f 243//428 237//428 241//428
f 243//429 238//429 240//429
f 245//430 242//430 89//430
f 245//431 89//431 90//431
f 246//432 240//432 242//432
f 246//433 244//433 243//433
f 246//434 243//434 240//434
f 247//435 245//435 90//435
f 248//436 242//436 245//436
f 248//437 246//437 242//437
f 248//438 244//438 246//438
f 248//439 249//439 244//439
f 250//440 247//440 90//440
f 251//441 248//441 245//441
f 251//442 249//442 248//442
f 251//443 245//443 247//443
f 252//444 250//444 90//444
f 252//445 90//445 91//445
f 253//446 247//446 250//446
f 253//447 251//447 247//447
f 253//448 249//448 251//448
f 254//449 252//449 91//449
f 255//450 256//450 249//450
f 255//451 250//451 252//451
f 255//452 253//452 250//452
f 255//453 249//453 253//453
f 257//454 254//454 91//454
f 257//455 91//455 92//455
f 258//456 252//456 254//456
f 258//457 255//457 252//457
f 258//458 256//458 255//458
f 259//459 257//459 92//459
f 260//460 261//460 256//460
f 260//461 254//461 257//461
f 260//462 258//462 254//462
f 260//463 256//463 258//463
f 262//464 259//464 92//464
f 262//465 92//465 93//465
f 263//466 261//466 260//466
f 263//467 257//467 259//467
f 263//468 260//468 257//468
f 264//469 262//469 93//469
f 265//470 266//470 261//470
f 265//471 259//471 262//471
f 265//472 263//472 259//472
f 265//473 261//473 263//473
f 267//474 264//474 93//474
f 268//475 266//475 265//475
f 268//476 265//476 262//476
f 268//477 262//477 264//477
f 269//478 267//478 93//478
f 269//479 93//479 69//479
f 269//480 69//480 121//480
f 270//481 266//481 268//481
f 270//482 264//482 267//482
f 270//483 268//483 264//483
f 271//484 125//484 266//484
f 271//485 121//485 126//485
f 271//486 126//486 125//486
f 271//487 267//487 269//487
f 271//488 266//488 270//488
f 271//489 269//489 121//489
f 271//490 270//490 267//490
f 272//491 273//491 94//491
f 272//492 94//492 119//492
f 274//493 272//493 119//493
f 275//494 276//494 277//494
f 275//495 278//495 273//495
f 275//496 277//496 278//496
f 275//497 273//497 272//497
f 279//498 274//498 119//498
f 280//499 272//499 274//499
f 280//500 276//500 275//500
f 280//501 275//501 272//501
f 281//502 119//502 118//502
f 281//503 279//503 119//503
f 282//504 280//504 274//504
f 282//505 274//505 279//505
f 282//506 276//506 280//506
f 283//507 281//507 118//507
f 284//508 285//508 276//508
f 284//509 276//509 282//509
f 284//510 279//510 281//510
f 284//511 281//511 283//511
f 284//512 282//512 279//512
f 286//513 118//513 117//513
f 286//514 283//514 118//514
f 287//515 284//515 283//515
f 287//516 285//516 284//516
f 288//517 286//517 117//517
f 289//518 287//518 283//518
f 289//519 290//519 285//519
f 289//520 283//520 286//520
f 289//521 285//521 287//521
f 291//522 117//522 116//522
f 291//523 288//523 117//523
f 292//524 288//524 291//524
f 292//525 290//525 289//525
f 292//526 289//526 286//526
f 292//527 286//527 288//527
f 293//528 291//528 116//528
f 294//529 295//529 290//529
f 294//530 290//530 292//530
f 294//531 291//531 293//531
f 294//532 292//532 291//532
f 296//533 293//533 116//533
f 297//534 294//534 293//534
f 297//535 295//535 294//535
f 298//536 116//536 115//536
f 298//537 296//537 116//537
f 299//538 293//538 296//538
f 299//539 295//539 297//539
f 299//540 297//540 293//540
f 300//541 298//541 115//541
f 301//542 302//542 295//542
f 301//543 296//543 298//543
f 301//544 295//544 299//544
f 301//545 299//545 296//545
f 303//546 115//546 114//546
f 303//547 300//547 115//547
f 304//548 298//548 300//548
f 304//549 302//549 301//549
f 304//550 301//550 298//550
f 305//551 303//551 114//551
f 306//552 307//552 302//552
f 306//553 300//553 303//553
f 306//554 302//554 304//554
f 306//555 304//555 300//555
f 308//556 305//556 114//556
f 309//557 307//557 306//557
f 309//558 303//558 305//558
f 309//559 306//559 303//559
f 310//560 114//560 113//560
f 310//561 308//561 114//561
f 311//562 307//562 309//562
f 311//563 305//563 308//563
f 311//564 309//564 305//564
f 312//565 310//565 113//565
f 313//566 308//566 310//566
f 313//567 307//567 311//567
f 313//568 314//568 307//568
f 313//569 311//569 308//569
f 315//570 312//570 113//570
f 315//571 113//571 112//571
f 316//572 314//572 313//572
f 316//573 313//573 310//573
f 316//574 310//574 312//574
f 317//575 315//575 112//575
f 318//576 312//576 315//576
f 318//577 316//577 312//577
f 318//578 319//578 314//578
f 318//579 314//579 316//579
f 320//580 317//580 112//580
f 321//581 315//581 317//581
f 321//582 318//582 315//582
f 321//583 317//583 320//583
f 321//584 319//584 318//584
f 322//585 320//585 112//585
f 322//586 112//586 111//586
f 323//587 319//587 321//587
f 323//588 321//588 320//588
f 323//589 320//589 322//589
f 324//590 322//590 111//590
f 325//591 319//591 323//591
f 325//592 326//592 319//592
f 325//593 323//593 322//593
f 327//594 324//594 111//594
f 327//595 111//595 110//595
f 328//596 324//596 327//596
f 328//597 326//597 325//597
f 328//598 322//598 324//598
f 328//599 325//599 322//599
f 329//600 327//600 110//600
f 330//601 331//601 326//601
f 330//602 328//602 327//602
f 330//603 326//603 328//603
f 332//604 110//604 109//604
f 332//605 329//605 110//605
f 333//606 331//606 330//606
f 333//607 327//607 329//607
f 333//608 330//608 327//608
f 333//609 329//609 332//609
f 334//610 332//610 109//610
f 335//611 336//611 331//611
f 335//612 331//612 333//612
f 335//613 333//613 332//613
f 335//614 332//614 334//614
f 337//615 334//615 109//615
f 338//616 336//616 335//616
f 338//617 335//617 334//617
f 339//618 109//618 108//618
f 339//619 337//619 109//619
f 340//620 336//620 338//620
f 340//621 334//621 337//621
f 340//622 338//622 334//622
f 341//623 339//623 108//623
f 342//624 339//624 341//624
f 342//625 343//625 336//625
f 342//626 337//626 339//626
f 342//627 336//627 340//627
f 342//628 340//628 337//628
f 344//629 108//629 107//629
f 344//630 341//630 108//630
f 345//631 342//631 341//631
f 345//632 343//632 342//632
f 346//633 344//633 107//633
f 347//634 343//634 345//634
f 347//635 348//635 343//635
f 347//636 344//636 346//636
f 347//637 341//637 344//637
f 347//638 345//638 341//638
f 349//639 346//639 107//639
f 350//640 348//640 347//640
f 350//641 347//641 346//641
f 350//642 346//642 349//642
f 351//643 107//643 106//643
f 351//644 349//644 107//644
f 352//645 349//645 351//645
f 352//646 348//646 350//646
f 352//647 350//647 349//647
f 353//648 351//648 106//648
f 354//649 348//649 352//649
f 354//650 351//650 353//650
f 354//651 355//651 348//651
f 354//652 352//652 351//652
f 356//653 353//653 106//653
f 356//654 106//654 105//654
f 357//655 354//655 353//655
f 357//656 355//656 354//656
f 358//657 356//657 105//657
f 359//658 357//658 353//658
f 359//659 353//659 356//659
f 359//660 355//660 357//660
f 359//661 360//661 355//661
f 361//662 358//662 105//662
f 362//663 356//663 358//663
f 362//664 359//664 356//664
f 362//665 358//665 361//665
f 362//666 360//666 359//666
f 363//667 361//667 105//667
f 363//668 105//668 104//668
f 364//669 360//669 362//669
f 364//670 362//670 361//670
f 365//671 363//671 104//671
f 366//672 367//672 360//672
f 366//673 360//673 364//673
f 366//674 364//674 361//674
f 366//675 363//675 365//675
f 366//676 361//676 363//676
f 368//677 365//677 104//677
f 368//678 104//678 103//678
f 369//679 367//679 366//679
f 369//680 366//680 365//680
f 370//681 368//681 103//681
f 371//682 372//682 367//682
f 371//683 367//683 369//683
f 371//684 365//684 368//684
f 371//685 369//685 365//685
f 373//686 103//686 102//686
f 373//687 370//687 103//687
f 374//688 372//688 371//688
f 374//689 368//689 370//689
f 374//690 371//690 368//690
f 375//691 373//691 102//691
f 376//692 377//692 372//692
f 376//693 372//693 374//693
f 376//694 370//694 373//694
f 376//695 374//695 370//695
f 378//696 375//696 102//696
f 379//697 373//697 375//697
f 379//698 377//698 376//698
f 379//699 376//699 373//699
f 380//700 378//700 102//700
f 380//701 102//701 101//701
f 381//702 377//702 379//702
f 381//703 378//703 380//703
f 381//704 375//704 378//704
f 381//705 379//705 375//705
f 382//706 380//706 101//706
f 383//707 384//707 377//707
f 383//708 377//708 381//708
f 383//709 381//709 380//709
f 383//710 380//710 382//710
f 385//711 101//711 100//711
f 385//712 382//712 101//712
f 386//713 384//713 383//713
f 386//714 383//714 382//714
f 387//715 385//715 100//715
f 388//716 389//716 384//716
f 388//717 384//717 386//717
f 388//718 382//718 385//718
f 388//719 386//719 382//719
f 390//720 387//720 100//720
f 391//721 385//721 387//721
f 391//722 389//722 388//722
f 391//723 388//723 385//723
f 392//724 100//724 99//724
f 392//725 390//725 100//725
f 393//726 390//726 392//726
f 393//727 389//727 391//727
f 393//728 387//728 390//728
f 393//729 391//729 387//729
f 394//730 392//730 99//730
f 395//731 389//731 393//731
f 395//732 396//732 389//732
f 395//733 393//733 392//733
f 397//734 99//734 98//734
f 397//735 394//735 99//735
f 398//736 392//736 394//736
f 398//737 396//737 395//737
f 398//738 395//738 392//738
f 399//739 397//739 98//739
f 400//740 396//740 398//740
f 400//741 394//741 397//741
f 400//742 401//742 396//742
f 400//743 398//743 394//743
f 402//744 399//744 98//744
f 403//745 397//745 399//745
f 403//746 400//746 397//746
f 403//747 401//747 400//747
f 404//748 402//748 98//748
f 404//749 98//749 97//749
f 405//750 399//750 402//750
f 405//751 403//751 399//751
f 405//752 401//752 403//752
f 406//753 404//753 97//753
f 407//754 408//754 401//754
f 407//755 402//755 404//755
f 407//756 405//756 402//756
f 407//757 401//757 405//757
f 409//758 97//758 96//758
f 409//759 406//759 97//759
f 410//760 404//760 406//760
f 410//761 408//761 407//761
f 410//762 407//762 404//762
f 411//763 409//763 96//763
f 412//764 413//764 408//764
f 412//765 408//765 410//765
f 412//766 406//766 409//766
f 412//767 410//767 406//767
f 414//768 96//768 95//768
f 414//769 411//769 96//769
f 415//770 409//770 411//770
f 415//771 412//771 409//771
f 415//772 413//772 412//772
f 416//773 414//773 95//773
f 417//774 418//774 413//774
f 417//775 411//775 414//775
f 417//776 415//776 411//776
f 417//777 413//777 415//777
f 419//778 416//778 95//778
f 420//779 417//779 414//779
f 420//780 418//780 417//780
f 420//781 414//781 416//781
f 421//782 95//782 94//782
f 421//783 419//783 95//783
f 421//784 94//784 273//784
f 422//785 418//785 420//785
f 422//786 416//786 419//786
f 422//787 420//787 416//787
f 423//788 277//788 418//788
f 423//789 273//789 278//789
f 423//790 278//790 277//790
f 423//791 418//791 422//791
f 423//792 419//792 421//792
f 423//793 421//793 273//793
f 423//794 422//794 419//794
f 215//795 220//795 424//795
f 424//796 208//796 215//796
f 220//797 225//797 424//797
f 424//798 203//798 208//798
f 225//799 232//799 424//799
f 424//800 196//800 203//800
f 237//801 425//801 232//801
f 244//802 425//802 237//802
f 249//803 425//803 244//803
f 232//804 425//804 424//804
f 191//805 426//805 184//805
f 196//806 426//806 191//806
f 424//807 426//807 196//807
f 426//808 179//808 184//808
f 249//809 256//809 425//809
f 426//810 174//810 179//810
f 256//811 261//811 425//811
f 426//812 167//812 174//812
f 261//813 266//813 425//813
f 426//814 162//814 167//814
f 266//815 125//815 425//815
f 124//816 427//816 125//816
f 133//817 427//817 124//817
f 138//818 427//818 133//818
f 143//819 427//819 138//819
f 150//820 427//820 143//820
f 155//821 427//821 150//821
f 162//822 427//822 155//822
f 426//823 427//823 162//823
f 125//824 427//824 425//824
f 428//825 429//825 277//825
f 277//826 429//826 418//826
f 418//827 430//827 413//827
f 429//828 430//828 418//828
f 413//829 431//829 408//829
f 430//830 431//830 413//830
f 408//831 432//831 401//831
f 431//832 432//832 408//832
f 401//833 433//833 396//833
f 432//834 433//834 401//834
f 396//835 434//835 389//835
f 433//836 434//836 396//836
f 389//837 435//837 384//837
f 434//838 435//838 389//838
f 384//839 436//839 377//839
f 435//840 436//840 384//840
f 377//841 437//841 372//841
f 436//842 437//842 377//842
f 372//843 438//843 367//843
f 437//844 438//844 372//844
f 438//845 439//845 367//845
f 367//846 439//846 360//846
f 439//847 440//847 360//847
f 360//848 440//848 355//848
f 440//849 441//849 355//849
f 355//850 441//850 348//850
f 343//851 442//851 336//851
f 348//852 442//852 343//852
f 441//853 442//853 348//853
f 442//854 443//854 336//854
f 331//855 444//855 326//855
f 336//856 444//856 331//856
f 443//857 444//857 336//857
f 444//858 445//858 326//858
f 326//859 446//859 319//859
f 445//860 446//860 326//860
f 319//861 447//861 314//861
f 446//862 447//862 319//862
f 314//863 448//863 307//863
f 447//864 448//864 314//864
f 307//865 449//865 302//865
f 448//866 449//866 307//866
f 302//867 450//867 295//867
f 449//868 450//868 302//868
f 295//869 451//869 290//869
f 450//870 451//870 295//870
f 290//871 452//871 285//871
f 451//872 452//872 290//872
f 276//873 453//873 277//873
f 285//874 453//874 276//874
f 452//875 453//875 285//875
f 453//876 428//876 277//876
f 424//877 454//877 426//877
f 426//878 454//878 455//878
f 456//879 427//879 426//879
f 456//880 426//880 455//880
f 425//881 457//881 424//881
f 424//882 457//882 454//882
f 457//883 425//883 427//883
f 457//884 427//884 456//884
f 444//885 458//885 445//885
f 445//886 458//886 446//886
f 459//887 458//887 444//887
f 443//888 460//888 444//888
f 444//889 460//889 459//889
f 458//890 461//890 446//890
f 442//891 462//891 443//891
f 443//892 462//892 460//892
f 446//893 463//893 447//893
f 461//894 463//894 446//894
f 441//895 464//895 442//895
f 442//896 464//896 462//896
f 447//897 465//897 448//897
f 463//898 465//898 447//898
f 440//899 466//899 441//899
f 441//900 466//900 464//900
f 448//901 467//901 449//901
f 465//902 467//902 448//902
f 439//903 468//903 440//903
f 440//904 468//904 466//904
f 449//905 469//905 450//905
f 467//906 469//906 449//906
f 438//907 470//907 439//907
f 439//908 470//908 468//908
f 471//909 451//909 469//909
f 469//910 451//910 450//910
f 438//911 472//911 470//911
f 438//912 437//912 472//912
f 471//913 473//913 451//913
f 473//914 452//914 451//914
f 437//915 436//915 472//915
f 474//916 436//916 475//916
f 472//917 436//917 474//917
f 473//918 453//918 452//918
f 476//919 453//919 473//919
f 436//920 435//920 475//920
f 476//921 428//921 453//921
f 477//922 428//922 476//922
f 475//923 434//923 478//923
f 435//924 434//924 475//924
f 479//925 429//925 477//925
f 477//926 429//926 428//926
f 434//927 433//927 478//927
f 478//928 433//928 480//928
f 481//929 430//929 479//929
f 479//930 430//930 429//930
f 480//931 432//931 482//931
f 433//932 432//932 480//932
f 481//933 431//933 430//933
f 483//934 431//934 481//934
f 482//935 431//935 483//935
f 432//936 431//936 482//936
f 484//937 485//937 454//937
f 486//938 454//938 485//938
f 487//939 484//939 454//939
f 488//940 454//940 486//940
f 489//941 487//941 454//941
f 490//942 454//942 488//942
f 491//943 489//943 454//943
f 492//944 454//944 490//944
f 493//945 491//945 454//945
f 494//946 454//946 492//946
f 495//947 496//947 497//947
f 498//948 499//948 500//948
f 498//949 497//949 499//949
f 498//950 495//950 497//950
f 501//951 502//951 496//951
f 501//952 503//952 502//952
f 501//953 496//953 495//953
f 504//954 500//954 505//954
f 504//955 498//955 500//955
f 506//956 507//956 503//956
f 506//957 503//957 501//957
f 508//958 505//958 509//958
f 508//959 504//959 505//959
f 510//960 511//960 507//960
f 510//961 507//961 506//961
f 512//962 509//962 513//962
f 512//963 508//963 509//963
f 514//964 511//964 510//964
f 455//965 454//965 494//965
f 455//966 515//966 511//966
f 455//967 516//967 515//967
f 455//968 494//968 516//968
f 455//969 514//969 517//969
f 455//970 511//970 514//970
f 457//971 493//971 454//971
f 457//972 512//972 513//972
f 457//973 518//973 493//973
f 457//974 519//974 518//974
f 457//975 513//975 519//975
f 457//976 520//976 521//976
f 457//977 521//977 512//977
f 522//978 455//978 517//978
f 523//979 520//979 457//979
f 524//980 455//980 522//980
f 525//981 523//981 457//981
f 526//982 455//982 524//982
f 527//983 525//983 457//983
f 528//984 455//984 526//984
f 529//985 530//985 531//985
f 532//986 531//986 533//986
f 532//987 529//987 531//987
f 534//988 530//988 529//988
f 535//989 532//989 533//989
f 536//990 530//990 534//990
f 536//991 537//991 530//991
f 538//992 533//992 539//992
f 538//993 535//993 533//993
f 540//994 537//994 536//994
f 540//995 541//995 537//995
f 542//996 538//996 539//996
f 542//997 539//997 543//997
f 544//998 541//998 540//998
f 544//999 528//999 541//999
f 545//1000 543//1000 527//1000
f 545//1001 542//1001 543//1001
f 546//1002 528//1002 544//1002
f 546//1003 455//1003 528//1003
f 547//1004 527//1004 457//1004
f 547//1005 545//1005 527//1005
f 548//1006 455//1006 546//1006
f 549//1007 547//1007 457//1007
f 550//1008 455//1008 548//1008
f 551//1009 549//1009 457//1009
f 456//1010 551//1010 457//1010
f 456//1011 552//1011 553//1011
f 456//1012 554//1012 552//1012
f 456//1013 555//1013 554//1013
f 456//1014 556//1014 555//1014
f 456//1015 557//1015 556//1015
f 456//1016 558//1016 557//1016
f 456//1017 559//1017 558//1017
f 456//1018 560//1018 559//1018
f 456//1019 561//1019 551//1019
f 456//1020 553//1020 561//1020
f 456//1021 455//1021 560//1021
f 560//1022 455//1022 550//1022
f 562//1023 563//1023 477//1023
f 477//1024 563//1024 479//1024
f 479//1025 564//1025 481//1025
f 563//1026 564//1026 479//1026
f 481//1027 565//1027 483//1027
f 564//1028 565//1028 481//1028
f 483//1029 566//1029 482//1029
f 565//1030 566//1030 483//1030
f 482//1031 567//1031 480//1031
f 566//1032 567//1032 482//1032
f 480//1033 568//1033 478//1033
f 567//1034 568//1034 480//1034
f 478//1035 569//1035 475//1035
f 568//1036 569//1036 478//1036
f 475//1037 570//1037 474//1037
f 569//1038 570//1038 475//1038
f 474//1039 571//1039 472//1039
f 570//1040 571//1040 474//1040
f 472//1041 572//1041 470//1041
f 571//1042 572//1042 472//1042
f 470//1043 573//1043 468//1043
f 572//1044 573//1044 470//1044
f 573//1045 574//1045 468//1045
f 468//1046 574//1046 466//1046
f 574//1047 575//1047 466//1047
f 466//1048 575//1048 464//1048
f 464//1049 576//1049 462//1049
f 575//1050 576//1050 464//1050
f 462//1051 577//1051 460//1051
f 576//1052 577//1052 462//1052
f 460//1053 577//1053 459//1053
f 577//1054 578//1054 459//1054
f 459//1055 579//1055 458//1055
f 578//1056 579//1056 459//1056
f 458//1057 580//1057 461//1057
f 579//1058 580//1058 458//1058
f 461//1059 581//1059 463//1059
f 580//1060 581//1060 461//1060
f 463//1061 582//1061 465//1061
f 581//1062 582//1062 463//1062
f 465//1063 583//1063 467//1063
f 582//1064 583//1064 465//1064
f 467//1065 584//1065 469//1065
f 583//1066 584//1066 467//1066
f 469//1067 585//1067 471//1067
f 584//1068 585//1068 469//1068
f 471//1069 586//1069 473//1069
f 585//1070 586//1070 471//1070
f 473//1071 587//1071 476//1071
f 586//1072 587//1072 473//1072
f 476//1073 562//1073 477//1073
f 587//1074 562//1074 476//1074
f 588//1075 589//1075 505//1075
f 588//1076 505//1076 500//1076
f 590//1077 500//1077 499//1077
f 590//1078 588//1078 500//1078
f 591//1079 499//1079 497//1079
f 591//1080 590//1080 499//1080
f 592//1081 497//1081 496//1081
f 592//1082 591//1082 497//1082
f 593//1083 496//1083 502//1083
f 593//1084 592//1084 496//1084
f 594//1085 502//1085 503//1085
f 594//1086 593//1086 502//1086
f 595//1087 503//1087 507//1087
f 595//1088 594//1088 503//1088
f 596//1089 507//1089 511//1089
f 596//1090 595//1090 507//1090
f 597//1091 511//1091 515//1091
f 597//1092 596//1092 511//1092
f 598//1093 515//1093 516//1093
f 598//1094 516//1094 494//1094
f 598//1095 597//1095 515//1095
f 599//1096 598//1096 494//1096
f 600//1097 599//1097 494//1097
f 600//1098 494//1098 492//1098
f 600//1099 492//1099 490//1099
f 601//1100 600//1100 490//1100
f 602//1101 490//1101 488//1101
f 602//1102 601//1102 490//1102
f 603//1103 488//1103 486//1103
f 603//1104 602//1104 488//1104
f 604//1105 486//1105 485//1105
f 604//1106 603//1106 486//1106
f 605//1107 485//1107 484//1107
f 605//1108 604//1108 485//1108
f 606//1109 484//1109 487//1109
f 606//1110 605//1110 484//1110
f 607//1111 487//1111 489//1111
f 607//1112 606//1112 487//1112
f 608//1113 489//1113 491//1113
f 608//1114 607//1114 489//1114
f 609//1115 491//1115 493//1115
f 609//1116 608//1116 491//1116
f 610//1117 493//1117 518//1117
f 610//1118 518//1118 519//1118
f 610//1119 609//1119 493//1119
f 611//1120 610//1120 519//1120
f 612//1121 519//1121 513//1121
f 612//1122 611//1122 519//1122
f 613//1123 513//1123 509//1123
f 613//1124 612//1124 513//1124
f 589//1125 509//1125 505//1125
f 589//1126 613//1126 509//1126
f 614//1127 615//1127 543//1127
f 614//1128 543//1128 539//1128
f 616//1129 539//1129 533//1129
f 616//1130 614//1130 539//1130
f 617//1131 533//1131 531//1131
f 617//1132 616//1132 533//1132
f 618//1133 531//1133 530//1133
f 618//1134 617//1134 531//1134
f 619//1135 530//1135 537//1135
f 619//1136 618//1136 530//1136
f 620//1137 537//1137 541//1137
f 620//1138 619//1138 537//1138
f 621//1139 541//1139 528//1139
f 621//1140 620//1140 541//1140
f 622//1141 528//1141 526//1141
f 622//1142 621//1142 528//1142
f 623//1143 526//1143 524//1143
f 623//1144 622//1144 526//1144
f 624//1145 524//1145 522//1145
f 624//1146 623//1146 524//1146
f 625//1147 624//1147 522//1147
f 625//1148 522//1148 517//1148
f 626//1149 625//1149 517//1149
f 626//1150 517//1150 514//1150
f 627//1151 626//1151 514//1151
f 627//1152 514//1152 510//1152
f 628//1153 627//1153 510//1153
f 628//1154 510//1154 506//1154
f 629//1155 628//1155 506//1155
f 629//1156 506//1156 501//1156
f 630//1157 629//1157 501//1157
f 630//1158 501//1158 495//1158
f 631//1159 630//1159 495//1159
f 631//1160 495//1160 498//1160
f 632//1161 631//1161 498//1161
f 632//1162 498//1162 504//1162
f 633//1163 504//1163 508//1163
f 633//1164 632//1164 504//1164
f 634//1165 512//1165 521//1165
f 634//1166 508//1166 512//1166
f 634//1167 633//1167 508//1167
f 635//1168 634//1168 521//1168
f 636//1169 521//1169 520//1169
f 636//1170 635//1170 521//1170
f 637//1171 520//1171 523//1171
f 637//1172 636//1172 520//1172
f 638//1173 523//1173 525//1173
f 638//1174 637//1174 523//1174
f 639//1175 525//1175 527//1175
f 639//1176 638//1176 525//1176
f 615//1177 527//1177 543//1177
f 615//1178 639//1178 527//1178
f 640//1179 641//1179 553//1179
f 640//1180 553//1180 552//1180
f 642//1181 552//1181 554//1181
f 642//1182 640//1182 552//1182
f 643//1183 554//1183 555//1183
f 643//1184 642//1184 554//1184
f 644//1185 555//1185 556//1185
f 644//1186 643//1186 555//1186
f 645//1187 556//1187 557//1187
f 645//1188 644//1188 556//1188
f 646//1189 557//1189 558//1189
f 646//1190 645//1190 557//1190
f 647//1191 558//1191 559//1191
f 647//1192 646//1192 558//1192
f 648//1193 559//1193 560//1193
f 648//1194 647//1194 559//1194
f 649//1195 560//1195 550//1195
f 649//1196 648//1196 560//1196
f 650//1197 550//1197 548//1197
f 650//1198 548//1198 546//1198
f 650//1199 649//1199 550//1199
f 651//1200 650//1200 546//1200
f 652//1201 651//1201 546//1201
f 652//1202 546//1202 544//1202
f 652//1203 544//1203 540//1203
f 653//1204 652//1204 540//1204
f 654//1205 540//1205 536//1205
f 654//1206 653//1206 540//1206
f 655//1207 536//1207 534//1207
f 655//1208 654//1208 536//1208
f 656//1209 534//1209 529//1209
f 656//1210 655//1210 534//1210
f 657//1211 529//1211 532//1211
f 657//1212 656//1212 529//1212
f 658//1213 532//1213 535//1213
f 658//1214 657//1214 532//1214
f 659//1215 535//1215 538//1215
f 659//1216 658//1216 535//1216
f 660//1217 538//1217 542//1217
f 660//1218 659//1218 538//1218
f 661//1219 542//1219 545//1219
f 661//1220 660//1220 542//1220
f 662//1221 545//1221 547//1221
f 662//1222 547//1222 549//1222
f 662//1223 661//1223 545//1223
f 663//1224 662//1224 549//1224
f 664//1225 549//1225 551//1225
f 664//1226 663//1226 549//1226
f 665//1227 551//1227 561//1227
f 665//1228 664//1228 551//1228
f 641//1229 561//1229 553//1229
f 641//1230 665//1230 561//1230
f 578//1231 666//1231 579//1231
f 667//1232 666//1232 578//1232
f 577//1233 668//1233 578//1233
f 578//1234 668//1234 667//1234
f 579//1235 669//1235 580//1235
f 666//1236 669//1236 579//1236
f 576//1237 670//1237 577//1237
f 577//1238 670//1238 668//1238
f 580//1239 671//1239 581//1239
f 669//1240 671//1240 580//1240
f 671//1241 582//1241 581//1241
f 575//1242 672//1242 576//1242
f 576//1243 672//1243 670//1243
f 671//1244 673//1244 582//1244
f 574//1245 674//1245 575//1245
f 575//1246 674//1246 672//1246
f 582//1247 675//1247 583//1247
f 673//1248 675//1248 582//1248
f 574//1249 573//1249 674//1249
f 573//1250 676//1250 674//1250
f 675//1251 584//1251 583//1251
f 675//1252 677//1252 584//1252
f 573//1253 678//1253 676//1253
f 572//1254 678//1254 573//1254
f 677//1255 585//1255 584//1255
f 679//1256 585//1256 677//1256
f 678//1257 571//1257 680//1257
f 572//1258 571//1258 678//1258
f 679//1259 681//1259 585//1259
f 681//1260 586//1260 585//1260
f 571//1261 682//1261 680//1261
f 571//1262 570//1262 682//1262
f 681//1263 683//1263 586//1263
f 683//1264 587//1264 586//1264
f 570//1265 569//1265 682//1265
f 682//1266 569//1266 684//1266
f 683//1267 562//1267 587//1267
f 685//1268 562//1268 683//1268
f 684//1269 568//1269 686//1269
f 569//1270 568//1270 684//1270
f 687//1271 563//1271 685//1271
f 685//1272 563//1272 562//1272
f 686//1273 567//1273 688//1273
f 568//1274 567//1274 686//1274
f 687//1275 564//1275 563//1275
f 689//1276 564//1276 687//1276
f 690//1277 564//1277 689//1277
f 688//1278 566//1278 691//1278
f 567//1279 566//1279 688//1279
f 566//1280 565//1280 691//1280
f 691//1281 565//1281 690//1281
f 690//1282 565//1282 564//1282
f 606//1283 604//1283 605//1283
f 610//1284 606//1284 607//1284
f 610//1285 607//1285 608//1285
f 610//1286 608//1286 609//1286
f 598//1287 599//1287 600//1287
f 612//1288 610//1288 611//1288
f 596//1289 597//1289 598//1289
f 594//1290 595//1290 596//1290
f 588//1291 602//1291 603//1291
f 588//1292 603//1292 604//1292
f 588//1293 612//1293 613//1293
f 588//1294 613//1294 589//1294
f 588//1295 604//1295 606//1295
f 588//1296 606//1296 610//1296
f 588//1297 610//1297 612//1297
f 591//1298 588//1298 590//1298
f 591//1299 592//1299 593//1299
f 591//1300 593//1300 594//1300
f 591//1301 600//1301 601//1301
f 591//1302 601//1302 602//1302
f 591//1303 598//1303 600//1303
f 591//1304 596//1304 598//1304
f 591//1305 602//1305 588//1305
f 591//1306 594//1306 596//1306
f 692//1307 631//1307 693//1307
f 630//1308 631//1308 692//1308
f 694//1309 629//1309 692//1309
f 692//1310 629//1310 630//1310
f 693//1311 632//1311 695//1311
f 631//1312 632//1312 693//1312
f 696//1313 628//1313 694//1313
f 694//1314 628//1314 629//1314
f 695//1315 633//1315 697//1315
f 632//1316 633//1316 695//1316
f 698//1317 627//1317 696//1317
f 696//1318 627//1318 628//1318
f 697//1319 634//1319 699//1319
f 633//1320 634//1320 697//1320
f 700//1321 626//1321 698//1321
f 698//1322 626//1322 627//1322
f 699//1323 635//1323 701//1323
f 634//1324 635//1324 699//1324
f 702//1325 625//1325 700//1325
f 700//1326 625//1326 626//1326
f 701//1327 636//1327 703//1327
f 635//1328 636//1328 701//1328
f 704//1329 624//1329 702//1329
f 702//1330 624//1330 625//1330
f 636//1331 637//1331 703//1331
f 637//1332 705//1332 703//1332
f 704//1333 706//1333 624//1333
f 624//1334 706//1334 623//1334
f 637//1335 707//1335 705//1335
f 638//1336 707//1336 637//1336
f 706//1337 708//1337 623//1337
f 623//1338 708//1338 622//1338
f 639//1339 709//1339 638//1339
f 638//1340 709//1340 707//1340
f 708//1341 710//1341 622//1341
f 622//1342 710//1342 621//1342
f 639//1343 711//1343 709//1343
f 615//1344 711//1344 639//1344
f 710//1345 620//1345 621//1345
f 710//1346 712//1346 620//1346
f 615//1347 713//1347 711//1347
f 614//1348 713//1348 615//1348
f 614//1349 616//1349 713//1349
f 620//1350 714//1350 619//1350
f 712//1351 714//1351 620//1351
f 617//1352 715//1352 616//1352
f 616//1353 715//1353 713//1353
f 619//1354 716//1354 618//1354
f 714//1355 716//1355 619//1355
f 618//1356 717//1356 617//1356
f 617//1357 717//1357 715//1357
f 716//1358 717//1358 618//1358
f 654//1359 655//1359 656//1359
f 661//1360 659//1360 660//1360
f 662//1361 656//1361 657//1361
f 662//1362 657//1362 658//1362
f 662//1363 658//1363 659//1363
f 662//1364 659//1364 661//1364
f 650//1365 651//1365 652//1365
f 647//1366 648//1366 649//1366
f 640//1367 664//1367 665//1367
f 640//1368 665//1368 641//1368
f 645//1369 646//1369 647//1369
f 643//1370 640//1370 642//1370
f 643//1371 644//1371 645//1371
f 643//1372 649//1372 650//1372
f 643//1373 652//1373 653//1373
f 643//1374 653//1374 654//1374
f 643//1375 662//1375 663//1375
f 643//1376 663//1376 664//1376
f 643//1377 654//1377 656//1377
f 643//1378 656//1378 662//1378
f 643//1379 650//1379 652//1379
f 643//1380 647//1380 649//1380
f 643//1381 664//1381 640//1381
f 643//1382 645//1382 647//1382
f 718//1383 719//1383 720//1383
f 720//1384 719//1384 721//1384
f 719//1385 722//1385 721//1385
f 713//1386 723//1386 711//1386
f 724//1387 723//1387 718//1387
f 711//1388 723//1388 724//1388
f 718//1389 723//1389 719//1389
f 722//1390 725//1390 721//1390
f 713//1391 726//1391 723//1391
f 723//1392 726//1392 719//1392
f 719//1393 726//1393 722//1393
f 721//1394 727//1394 728//1394
f 725//1395 727//1395 721//1395
f 722//1396 729//1396 725//1396
f 726//1397 729//1397 722//1397
f 713//1398 729//1398 726//1398
f 727//1399 730//1399 728//1399
f 715//1400 731//1400 713//1400
f 713//1401 731//1401 729//1401
f 729//1402 731//1402 725//1402
f 725//1403 731//1403 727//1403
f 728//1404 732//1404 733//1404
f 730//1405 732//1405 728//1405
f 727//1406 734//1406 730//1406
f 715//1407 734//1407 731//1407
f 731//1408 734//1408 727//1408
f 732//1409 735//1409 733//1409
f 717//1410 736//1410 715//1410
f 730//1411 736//1411 732//1411
f 734//1412 736//1412 730//1412
f 715//1413 736//1413 734//1413
f 733//1414 737//1414 738//1414
f 735//1415 737//1415 733//1415
f 732//1416 739//1416 735//1416
f 717//1417 739//1417 736//1417
f 736//1418 739//1418 732//1418
f 737//1419 740//1419 738//1419
f 716//1420 741//1420 717//1420
f 717//1421 741//1421 739//1421
f 739//1422 741//1422 735//1422
f 735//1423 741//1423 737//1423
f 740//1424 742//1424 738//1424
f 737//1425 743//1425 740//1425
f 741//1426 743//1426 737//1426
f 716//1427 743//1427 741//1427
f 738//1428 744//1428 745//1428
f 742//1429 744//1429 738//1429
f 716//1430 746//1430 743//1430
f 740//1431 746//1431 742//1431
f 743//1432 746//1432 740//1432
f 744//1433 747//1433 745//1433
f 716//1434 748//1434 746//1434
f 714//1435 748//1435 716//1435
f 742//1436 748//1436 744//1436
f 744//1437 748//1437 747//1437
f 746//1438 748//1438 742//1438
f 747//1439 749//1439 745//1439
f 745//1440 749//1440 750//1440
f 714//1441 751//1441 748//1441
f 747//1442 751//1442 749//1442
f 748//1443 751//1443 747//1443
f 749//1444 752//1444 750//1444
f 712//1445 753//1445 714//1445
f 714//1446 753//1446 751//1446
f 751//1447 753//1447 749//1447
f 749//1448 753//1448 752//1448
f 752//1449 754//1449 750//1449
f 712//1450 755//1450 753//1450
f 753//1451 755//1451 752//1451
f 752//1452 755//1452 754//1452
f 750//1453 756//1453 757//1453
f 754//1454 756//1454 750//1454
f 712//1455 758//1455 755//1455
f 755//1456 758//1456 754//1456
f 756//1457 759//1457 757//1457
f 754//1458 760//1458 756//1458
f 758//1459 760//1459 754//1459
f 712//1460 760//1460 758//1460
f 710//1461 760//1461 712//1461
f 759//1462 761//1462 757//1462
f 757//1463 761//1463 762//1463
f 760//1464 763//1464 756//1464
f 756//1465 763//1465 759//1465
f 710//1466 763//1466 760//1466
f 761//1467 764//1467 762//1467
f 708//1468 765//1468 710//1468
f 763//1469 765//1469 759//1469
f 710//1470 765//1470 763//1470
f 761//1471 765//1471 764//1471
f 759//1472 765//1472 761//1472
f 764//1473 766//1473 762//1473
f 708//1474 767//1474 765//1474
f 765//1475 767//1475 764//1475
f 766//1476 768//1476 762//1476
f 762//1477 768//1477 769//1477
f 764//1478 770//1478 766//1478
f 708//1479 770//1479 767//1479
f 767//1480 770//1480 764//1480
f 768//1481 771//1481 769//1481
f 708//1482 772//1482 770//1482
f 706//1483 772//1483 708//1483
f 766//1484 772//1484 768//1484
f 770//1485 772//1485 766//1485
f 771//1486 773//1486 769//1486
f 769//1487 773//1487 774//1487
f 768//1488 775//1488 771//1488
f 772//1489 775//1489 768//1489
f 706//1490 775//1490 772//1490
f 773//1491 776//1491 774//1491
f 704//1492 777//1492 706//1492
f 775//1493 777//1493 771//1493
f 771//1494 777//1494 773//1494
f 706//1495 777//1495 775//1495
f 774//1496 778//1496 779//1496
f 776//1497 778//1497 774//1497
f 704//1498 780//1498 777//1498
f 773//1499 780//1499 776//1499
f 777//1500 780//1500 773//1500
f 778//1501 781//1501 779//1501
f 702//1502 782//1502 704//1502
f 704//1503 782//1503 780//1503
f 776//1504 782//1504 778//1504
f 780//1505 782//1505 776//1505
f 781//1506 783//1506 779//1506
f 702//1507 784//1507 782//1507
f 778//1508 784//1508 781//1508
f 782//1509 784//1509 778//1509
f 779//1510 785//1510 786//1510
f 783//1511 785//1511 779//1511
f 702//1512 787//1512 784//1512
f 781//1513 787//1513 783//1513
f 784//1514 787//1514 781//1514
f 783//1515 787//1515 785//1515
f 785//1516 788//1516 786//1516
f 700//1517 789//1517 702//1517
f 787//1518 789//1518 785//1518
f 702//1519 789//1519 787//1519
f 786//1520 790//1520 791//1520
f 788//1521 790//1521 786//1521
f 700//1522 792//1522 789//1522
f 785//1523 792//1523 788//1523
f 789//1524 792//1524 785//1524
f 788//1525 792//1525 790//1525
f 790//1526 793//1526 791//1526
f 698//1527 794//1527 700//1527
f 700//1528 794//1528 792//1528
f 792//1529 794//1529 790//1529
f 793//1530 795//1530 791//1530
f 790//1531 796//1531 793//1531
f 698//1532 796//1532 794//1532
f 794//1533 796//1533 790//1533
f 793//1534 796//1534 795//1534
f 791//1535 797//1535 798//1535
f 795//1536 797//1536 791//1536
f 795//1537 799//1537 797//1537
f 698//1538 799//1538 796//1538
f 796//1539 799//1539 795//1539
f 797//1540 800//1540 798//1540
f 698//1541 801//1541 799//1541
f 696//1542 801//1542 698//1542
f 797//1543 801//1543 800//1543
f 799//1544 801//1544 797//1544
f 798//1545 802//1545 803//1545
f 800//1546 802//1546 798//1546
f 696//1547 804//1547 801//1547
f 801//1548 804//1548 800//1548
f 802//1549 805//1549 803//1549
f 696//1550 806//1550 804//1550
f 694//1551 806//1551 696//1551
f 804//1552 806//1552 800//1552
f 800//1553 806//1553 802//1553
f 805//1554 807//1554 803//1554
f 802//1555 808//1555 805//1555
f 806//1556 808//1556 802//1556
f 694//1557 808//1557 806//1557
f 805//1558 808//1558 807//1558
f 807//1559 809//1559 803//1559
f 803//1560 809//1560 810//1560
f 694//1561 811//1561 808//1561
f 808//1562 811//1562 807//1562
f 807//1563 811//1563 809//1563
f 809//1564 812//1564 810//1564
f 692//1565 813//1565 694//1565
f 694//1566 813//1566 811//1566
f 811//1567 813//1567 809//1567
f 812//1568 814//1568 810//1568
f 810//1569 814//1569 815//1569
f 809//1570 816//1570 812//1570
f 692//1571 816//1571 813//1571
f 813//1572 816//1572 809//1572
f 814//1573 817//1573 815//1573
f 693//1574 818//1574 692//1574
f 692//1575 818//1575 816//1575
f 812//1576 818//1576 814//1576
f 816//1577 818//1577 812//1577
f 815//1578 819//1578 820//1578
f 817//1579 819//1579 815//1579
f 693//1580 821//1580 818//1580
f 814//1581 821//1581 817//1581
f 818//1582 821//1582 814//1582
f 819//1583 822//1583 820//1583
f 695//1584 823//1584 693//1584
f 693//1585 823//1585 821//1585
f 817//1586 823//1586 819//1586
f 821//1587 823//1587 817//1587
f 819//1588 823//1588 822//1588
f 822//1589 824//1589 820//1589
f 695//1590 825//1590 823//1590
f 823//1591 825//1591 822//1591
f 820//1592 826//1592 827//1592
f 824//1593 826//1593 820//1593
f 695//1594 828//1594 825//1594
f 822//1595 828//1595 824//1595
f 825//1596 828//1596 822//1596
f 824//1597 828//1597 826//1597
f 826//1598 829//1598 827//1598
f 697//1599 830//1599 695//1599
f 695//1600 830//1600 828//1600
f 828//1601 830//1601 826//1601
f 826//1602 830//1602 829//1602
f 827//1603 831//1603 832//1603
f 829//1604 831//1604 827//1604
f 697//1605 833//1605 830//1605
f 830//1606 833//1606 829//1606
f 831//1607 834//1607 832//1607
f 699//1608 835//1608 697//1608
f 697//1609 835//1609 833//1609
f 829//1610 835//1610 831//1610
f 833//1611 835//1611 829//1611
f 834//1612 836//1612 832//1612
f 699//1613 837//1613 835//1613
f 831//1614 837//1614 834//1614
f 835//1615 837//1615 831//1615
f 834//1616 837//1616 836//1616
f 836//1617 838//1617 832//1617
f 832//1618 838//1618 839//1618
f 699//1619 840//1619 837//1619
f 837//1620 840//1620 836//1620
f 838//1621 841//1621 839//1621
f 838//1622 842//1622 841//1622
f 840//1623 842//1623 836//1623
f 701//1624 842//1624 699//1624
f 836//1625 842//1625 838//1625
f 699//1626 842//1626 840//1626
f 839//1627 843//1627 844//1627
f 841//1628 843//1628 839//1628
f 842//1629 845//1629 841//1629
f 701//1630 845//1630 842//1630
f 843//1631 846//1631 844//1631
f 841//1632 847//1632 843//1632
f 845//1633 847//1633 841//1633
f 843//1634 847//1634 846//1634
f 701//1635 847//1635 845//1635
f 703//1636 847//1636 701//1636
f 846//1637 848//1637 844//1637
f 847//1638 849//1638 846//1638
f 703//1639 849//1639 847//1639
f 848//1640 850//1640 844//1640
f 844//1641 850//1641 851//1641
f 846//1642 852//1642 848//1642
f 849//1643 852//1643 846//1643
f 703//1644 852//1644 849//1644
f 848//1645 852//1645 850//1645
f 850//1646 853//1646 851//1646
f 705//1647 854//1647 703//1647
f 852//1648 854//1648 850//1648
f 703//1649 854//1649 852//1649
f 853//1650 855//1650 851//1650
f 851//1651 855//1651 856//1651
f 850//1652 857//1652 853//1652
f 854//1653 857//1653 850//1653
f 705//1654 857//1654 854//1654
f 855//1655 858//1655 856//1655
f 705//1656 859//1656 857//1656
f 707//1657 859//1657 705//1657
f 857//1658 859//1658 853//1658
f 853//1659 859//1659 855//1659
f 858//1660 860//1660 856//1660
f 856//1661 860//1661 861//1661
f 707//1662 862//1662 859//1662
f 855//1663 862//1663 858//1663
f 859//1664 862//1664 855//1664
f 860//1665 863//1665 861//1665
f 709//1666 864//1666 707//1666
f 707//1667 864//1667 862//1667
f 862//1668 864//1668 858//1668
f 858//1669 864//1669 860//1669
f 863//1670 865//1670 861//1670
f 860//1671 866//1671 863//1671
f 709//1672 866//1672 864//1672
f 864//1673 866//1673 860//1673
f 861//1674 867//1674 720//1674
f 720//1675 867//1675 718//1675
f 865//1676 867//1676 861//1676
f 709//1677 868//1677 866//1677
f 866//1678 868//1678 863//1678
f 863//1679 868//1679 865//1679
f 711//1680 869//1680 709//1680
f 718//1681 869//1681 724//1681
f 724//1682 869//1682 711//1682
f 709//1683 869//1683 868//1683
f 867//1684 869//1684 718//1684
f 865//1685 869//1685 867//1685
f 868//1686 869//1686 865//1686
f 720//1687 721//1687 870//1687
f 870//1688 721//1688 871//1688
f 871//1689 728//1689 872//1689
f 721//1690 728//1690 871//1690
f 872//1691 733//1691 873//1691
f 728//1692 733//1692 872//1692
f 873//1693 738//1693 874//1693
f 733//1694 738//1694 873//1694
f 874//1695 745//1695 875//1695
f 738//1696 745//1696 874//1696
f 875//1697 750//1697 876//1697
f 745//1698 750//1698 875//1698
f 876//1699 757//1699 877//1699
f 750//1700 757//1700 876//1700
f 877//1701 762//1701 878//1701
f 757//1702 762//1702 877//1702
f 878//1703 769//1703 879//1703
f 762//1704 769//1704 878//1704
f 879//1705 774//1705 880//1705
f 769//1706 774//1706 879//1706
f 880//1707 779//1707 881//1707
f 774//1708 779//1708 880//1708
f 779//1709 786//1709 881//1709
f 881//1710 786//1710 882//1710
f 786//1711 791//1711 882//1711
f 882//1712 791//1712 883//1712
f 791//1713 798//1713 883//1713
f 883//1714 798//1714 884//1714
f 798//1715 803//1715 884//1715
f 884//1716 803//1716 885//1716
f 803//1717 810//1717 885//1717
f 885//1718 810//1718 886//1718
f 810//1719 815//1719 886//1719
f 886//1720 815//1720 887//1720
f 815//1721 820//1721 887//1721
f 887//1722 820//1722 888//1722
f 820//1723 827//1723 888//1723
f 888//1724 827//1724 889//1724
f 827//1725 832//1725 889//1725
f 889//1726 832//1726 890//1726
f 832//1727 839//1727 890//1727
f 890//1728 839//1728 891//1728
f 839//1729 844//1729 891//1729
f 891//1730 844//1730 892//1730
f 844//1731 851//1731 892//1731
f 892//1732 851//1732 893//1732
f 893//1733 856//1733 894//1733
f 851//1734 856//1734 893//1734
f 894//1735 861//1735 895//1735
f 856//1736 861//1736 894//1736
f 895//1737 720//1737 870//1737
f 861//1738 720//1738 895//1738
f 896//1739 886//1739 887//1739
f 897//1740 887//1740 888//1740
f 897//1741 896//1741 887//1741
f 898//1742 885//1742 886//1742
f 898//1743 886//1743 896//1743
f 899//1744 888//1744 889//1744
f 899//1745 897//1745 888//1745
f 900//1746 884//1746 885//1746
f 900//1747 885//1747 898//1747
f 901//1748 899//1748 889//1748
f 890//1749 901//1749 889//1749
f 902//1750 883//1750 884//1750
f 902//1751 884//1751 900//1751
f 903//1752 901//1752 890//1752
f 904//1753 882//1753 883//1753
f 904//1754 883//1754 902//1754
f 891//1755 903//1755 890//1755
f 905//1756 903//1756 891//1756
f 906//1757 881//1757 882//1757
f 906//1758 882//1758 904//1758
f 892//1759 905//1759 891//1759
f 907//1760 905//1760 892//1760
f 908//1761 880//1761 881//1761
f 908//1762 881//1762 906//1762
f 893//1763 909//1763 907//1763
f 893//1764 907//1764 892//1764
f 910//1765 880//1765 908//1765
f 879//1766 880//1766 910//1766
f 894//1767 909//1767 893//1767
f 894//1768 911//1768 909//1768
f 878//1769 879//1769 910//1769
f 878//1770 910//1770 912//1770
f 913//1771 878//1771 912//1771
f 895//1772 911//1772 894//1772
f 895//1773 914//1773 911//1773
f 877//1774 878//1774 913//1774
f 870//1775 915//1775 914//1775
f 870//1776 914//1776 895//1776
f 876//1777 877//1777 913//1777
f 876//1778 913//1778 916//1778
f 876//1779 916//1779 917//1779
f 871//1780 915//1780 870//1780
f 871//1781 918//1781 915//1781
f 875//1782 917//1782 919//1782
f 875//1783 876//1783 917//1783
f 872//1784 918//1784 871//1784
f 872//1785 920//1785 918//1785
f 874//1786 919//1786 921//1786
f 874//1787 875//1787 919//1787
f 873//1788 874//1788 921//1788
f 873//1789 921//1789 920//1789
f 873//1790 920//1790 872//1790
f 687//1791 915//1791 918//1791
f 687//1792 685//1792 915//1792
f 689//1793 918//1793 920//1793
f 689//1794 687//1794 918//1794
f 690//1795 920//1795 921//1795
f 690//1796 689//1796 920//1796
f 691//1797 921//1797 919//1797
f 691//1798 690//1798 921//1798
f 688//1799 919//1799 917//1799
f 688//1800 691//1800 919//1800
f 686//1801 917//1801 916//1801
f 686//1802 688//1802 917//1802
f 684//1803 916//1803 913//1803
f 684//1804 686//1804 916//1804
f 682//1805 913//1805 912//1805
f 682//1806 684//1806 913//1806
f 680//1807 912//1807 910//1807
f 680//1808 682//1808 912//1808
f 678//1809 910//1809 908//1809
f 678//1810 680//1810 910//1810
f 676//1811 678//1811 908//1811
f 676//1812 908//1812 906//1812
f 674//1813 676//1813 906//1813
f 674//1814 906//1814 904//1814
f 672//1815 674//1815 904//1815
f 672//1816 904//1816 902//1816
f 670//1817 900//1817 898//1817
f 670//1818 902//1818 900//1818
f 670//1819 672//1819 902//1819
f 668//1820 898//1820 896//1820
f 668//1821 670//1821 898//1821
f 667//1822 668//1822 896//1822
f 666//1823 896//1823 897//1823
f 666//1824 667//1824 896//1824
f 669//1825 897//1825 899//1825
f 669//1826 666//1826 897//1826
f 671//1827 899//1827 901//1827
f 671//1828 669//1828 899//1828
f 673//1829 901//1829 903//1829
f 673//1830 671//1830 901//1830
f 675//1831 903//1831 905//1831
f 675//1832 673//1832 903//1832
f 677//1833 905//1833 907//1833
f 677//1834 675//1834 905//1834
f 679//1835 907//1835 909//1835
f 679//1836 677//1836 907//1836
f 681//1837 909//1837 911//1837
f 681//1838 679//1838 909//1838
f 683//1839 911//1839 914//1839
f 683//1840 681//1840 911//1840
f 685//1841 914//1841 915//1841
f 685//1842 683//1842 914//1842
